<?xml version="1.0" ?>
<!--MOLLI PACKAGE EXPERIMENTAL XML FORMAT-->
<molecule name="nuc382">
	<atoms>
		<a id="1" s="C" t="C.3" l="C"/>
		<a id="2" s="C" t="C.ar" l="C"/>
		<a id="3" s="C" t="C.ar" l="C"/>
		<a id="4" s="C" t="C.ar" l="C"/>
		<a id="5" s="N" t="N.pl3" l="N"/>
		<a id="6" s="C" t="C.ar" l="C"/>
		<a id="7" s="C" t="C.3" l="C"/>
		<a id="8" s="C" t="C.3" l="C"/>
		<a id="9" s="C" t="C.3" l="C"/>
		<a id="10" s="C" t="C.ar" l="C"/>
		<a id="11" s="C" t="C.ar" l="C"/>
		<a id="12" s="C" t="C.3" l="C"/>
		<a id="13" s="C" t="C.3" l="C"/>
		<a id="14" s="C" t="C.3" l="C"/>
		<a id="15" s="N" t="N.am" l="N"/>
		<a id="16" s="C" t="C.2" l="C"/>
		<a id="17" s="O" t="O.2" l="O"/>
		<a id="18" s="O" t="O.3" l="O"/>
		<a id="19" s="C" t="C.3" l="C"/>
		<a id="20" s="C" t="C.3" l="C"/>
		<a id="21" s="C" t="C.3" l="C"/>
		<a id="22" s="C" t="C.3" l="C"/>
		<a id="23" s="C" t="C.3" l="C"/>
		<a id="24" s="C" t="C.3" l="C"/>
		<a id="25" s="H" t="H" l="H"/>
		<a id="26" s="H" t="H" l="H"/>
		<a id="27" s="H" t="H" l="H"/>
		<a id="28" s="H" t="H" l="H"/>
		<a id="29" s="H" t="H" l="H"/>
		<a id="30" s="H" t="H" l="H"/>
		<a id="31" s="H" t="H" l="H"/>
		<a id="32" s="H" t="H" l="H"/>
		<a id="33" s="H" t="H" l="H"/>
		<a id="34" s="H" t="H" l="H"/>
		<a id="35" s="H" t="H" l="H"/>
		<a id="36" s="H" t="H" l="H"/>
		<a id="37" s="H" t="H" l="H"/>
		<a id="38" s="H" t="H" l="H"/>
		<a id="39" s="H" t="H" l="H"/>
		<a id="40" s="H" t="H" l="H"/>
		<a id="41" s="H" t="H" l="H"/>
		<a id="42" s="H" t="H" l="H"/>
		<a id="43" s="H" t="H" l="H"/>
		<a id="44" s="H" t="H" l="H"/>
		<a id="45" s="H" t="H" l="H"/>
		<a id="46" s="H" t="H" l="H"/>
		<a id="47" s="H" t="H" l="H"/>
		<a id="48" s="H" t="H" l="H"/>
		<a id="49" s="H" t="H" l="H"/>
		<a id="50" s="H" t="H" l="H"/>
		<a id="51" s="H" t="H" l="H"/>
		<a id="52" s="H" t="H" l="H"/>
		<a id="53" s="H" t="H" l="H"/>
		<a id="54" s="H" t="H" l="H"/>
		<a id="55" s="H" t="H" l="H"/>
		<a id="56" s="H" t="H" l="H"/>
	</atoms>
	<bonds>
		<b id="1" c="1 2" t="1"/>
		<b id="2" c="2 3" t="ar"/>
		<b id="3" c="3 4" t="ar"/>
		<b id="4" c="4 5" t="1"/>
		<b id="5" c="4 6" t="ar"/>
		<b id="6" c="6 7" t="1"/>
		<b id="7" c="7 8" t="1"/>
		<b id="8" c="7 9" t="1"/>
		<b id="9" c="6 10" t="ar"/>
		<b id="10" c="10 11" t="ar"/>
		<b id="11" c="2 11" t="ar"/>
		<b id="12" c="11 12" t="1"/>
		<b id="13" c="12 13" t="1"/>
		<b id="14" c="13 14" t="1"/>
		<b id="15" c="14 15" t="1"/>
		<b id="16" c="15 16" t="am"/>
		<b id="17" c="16 17" t="2"/>
		<b id="18" c="16 18" t="1"/>
		<b id="19" c="18 19" t="1"/>
		<b id="20" c="19 20" t="1"/>
		<b id="21" c="19 21" t="1"/>
		<b id="22" c="19 22" t="1"/>
		<b id="23" c="15 23" t="1"/>
		<b id="24" c="23 24" t="1"/>
		<b id="25" c="12 24" t="1"/>
		<b id="26" c="1 25" t="1"/>
		<b id="27" c="1 26" t="1"/>
		<b id="28" c="1 27" t="1"/>
		<b id="29" c="3 28" t="1"/>
		<b id="30" c="5 29" t="1"/>
		<b id="31" c="5 30" t="1"/>
		<b id="32" c="7 31" t="1"/>
		<b id="33" c="8 32" t="1"/>
		<b id="34" c="8 33" t="1"/>
		<b id="35" c="8 34" t="1"/>
		<b id="36" c="9 35" t="1"/>
		<b id="37" c="9 36" t="1"/>
		<b id="38" c="9 37" t="1"/>
		<b id="39" c="10 38" t="1"/>
		<b id="40" c="12 39" t="1"/>
		<b id="41" c="13 40" t="1"/>
		<b id="42" c="13 41" t="1"/>
		<b id="43" c="14 42" t="1"/>
		<b id="44" c="14 43" t="1"/>
		<b id="45" c="20 44" t="1"/>
		<b id="46" c="20 45" t="1"/>
		<b id="47" c="20 46" t="1"/>
		<b id="48" c="21 47" t="1"/>
		<b id="49" c="21 48" t="1"/>
		<b id="50" c="21 49" t="1"/>
		<b id="51" c="22 50" t="1"/>
		<b id="52" c="22 51" t="1"/>
		<b id="53" c="22 52" t="1"/>
		<b id="54" c="23 53" t="1"/>
		<b id="55" c="23 54" t="1"/>
		<b id="56" c="24 55" t="1"/>
		<b id="57" c="24 56" t="1"/>
	</bonds>
	<geometry>
		<g u="A" t="cart/3d">#56,3:0.1429,2.6911,0.5055;0.3244,1.2540,0.1082;-0.7850,0.4285,0.0872;-0.7244,-0.9140,-0.2828;-1.8803,-1.6795,-0.2085;0.5153,-1.4467,-0.6517;0.6909,-2.8949,-1.0559;0.9925,-3.0021,-2.5535;1.7870,-3.5769,-0.2330;1.6155,-0.6022,-0.6518;1.5666,0.7298,-0.2726;2.7992,1.6066,-0.2231;3.9006,1.3010,-1.2564;4.8928,0.1952,-0.8762;5.3167,0.3060,0.4991;6.6109,0.5698,0.7910;7.4835,0.6160,-0.0493;6.7906,0.7372,2.1172;8.1173,0.9385,2.6524;8.7224,2.2327,2.1083;7.8918,1.0480,4.1620;9.0105,-0.2605,2.3331;4.2281,0.3576,1.4463;3.3986,1.6133,1.1960;-0.8875,2.8725,0.8016;0.3758,3.3534,-0.3287;0.7897,2.9604,1.3381;-1.7479,0.8346,0.3692;-2.7311,-1.1409,-0.1573;-1.9446,-2.4571,-0.8451;-0.2368,-3.4380,-0.8533;1.9245,-2.4963,-2.7938;0.1977,-2.5424,-3.1380;1.0815,-4.0456,-2.8495;2.7666,-3.1617,-0.4546;1.8146,-4.6413,-0.4579;1.5916,-3.4523,0.8297;2.5541,-1.0170,-0.9733;2.4639,2.6263,-0.4398;4.4773,2.2191,-1.3934;3.4420,1.0513,-2.2146;5.7841,0.2706,-1.5027;4.4620,-0.8008,-1.0207;8.0650,3.0725,2.3245;8.8548,2.1562,1.0327;9.6879,2.4104,2.5735;7.2217,1.8758,4.3796;8.8380,1.2142,4.6682;7.4429,0.1326,4.5389;9.1606,-0.3374,1.2599;8.5456,-1.1774,2.6901;9.9745,-0.1397,2.8193;4.6338,0.3566,2.4568;3.6039,-0.5323,1.3095;4.0464,2.4853,1.3119;2.6023,1.6731,1.9385;</g>
	</geometry>
	<conformers/>
	<properties/>
</molecule>
