<?xml version="1.0" ?>
<!--MOLLI PACKAGE EXPERIMENTAL XML FORMAT-->
<molecule name="nuc483">
	<atoms>
		<a id="1" s="C" t="C.3" l="C"/>
		<a id="2" s="C" t="C.3" l="C"/>
		<a id="3" s="C" t="C.3" l="C"/>
		<a id="4" s="C" t="C.3" l="C"/>
		<a id="5" s="O" t="O.3" l="O"/>
		<a id="6" s="C" t="C.2" l="C"/>
		<a id="7" s="O" t="O.2" l="O"/>
		<a id="8" s="N" t="N.am" l="N"/>
		<a id="9" s="C" t="C.ar" l="C"/>
		<a id="10" s="C" t="C.ar" l="C"/>
		<a id="11" s="C" t="C.ar" l="C"/>
		<a id="12" s="C" t="C.ar" l="C"/>
		<a id="13" s="N" t="N.pl3" l="N"/>
		<a id="14" s="C" t="C.ar" l="C"/>
		<a id="15" s="C" t="C.ar" l="C"/>
		<a id="16" s="H" t="H" l="H"/>
		<a id="17" s="H" t="H" l="H"/>
		<a id="18" s="H" t="H" l="H"/>
		<a id="19" s="H" t="H" l="H"/>
		<a id="20" s="H" t="H" l="H"/>
		<a id="21" s="H" t="H" l="H"/>
		<a id="22" s="H" t="H" l="H"/>
		<a id="23" s="H" t="H" l="H"/>
		<a id="24" s="H" t="H" l="H"/>
		<a id="25" s="H" t="H" l="H"/>
		<a id="26" s="H" t="H" l="H"/>
		<a id="27" s="H" t="H" l="H"/>
		<a id="28" s="H" t="H" l="H"/>
		<a id="29" s="H" t="H" l="H"/>
		<a id="30" s="H" t="H" l="H"/>
		<a id="31" s="H" t="H" l="H"/>
	</atoms>
	<bonds>
		<b id="1" c="1 2" t="1"/>
		<b id="2" c="2 3" t="1"/>
		<b id="3" c="2 4" t="1"/>
		<b id="4" c="2 5" t="1"/>
		<b id="5" c="5 6" t="1"/>
		<b id="6" c="6 7" t="2"/>
		<b id="7" c="6 8" t="am"/>
		<b id="8" c="8 9" t="1"/>
		<b id="9" c="9 10" t="ar"/>
		<b id="10" c="10 11" t="ar"/>
		<b id="11" c="11 12" t="ar"/>
		<b id="12" c="12 13" t="1"/>
		<b id="13" c="12 14" t="ar"/>
		<b id="14" c="14 15" t="ar"/>
		<b id="15" c="9 15" t="ar"/>
		<b id="16" c="1 16" t="1"/>
		<b id="17" c="1 17" t="1"/>
		<b id="18" c="1 18" t="1"/>
		<b id="19" c="3 19" t="1"/>
		<b id="20" c="3 20" t="1"/>
		<b id="21" c="3 21" t="1"/>
		<b id="22" c="4 22" t="1"/>
		<b id="23" c="4 23" t="1"/>
		<b id="24" c="4 24" t="1"/>
		<b id="25" c="8 25" t="1"/>
		<b id="26" c="10 26" t="1"/>
		<b id="27" c="11 27" t="1"/>
		<b id="28" c="13 28" t="1"/>
		<b id="29" c="13 29" t="1"/>
		<b id="30" c="14 30" t="1"/>
		<b id="31" c="15 31" t="1"/>
	</bonds>
	<geometry>
		<g u="A" t="cart/3d">#31,3:3.3611,-0.7023,1.2259;2.7467,-0.1646,-0.0662;2.9393,-1.1521,-1.2172;1.2609,0.1402,0.1328;3.3236,1.1187,-0.4029;4.6436,1.2311,-0.6679;5.4511,0.3367,-0.6376;4.8911,2.5343,-0.9706;6.0943,3.1420,-1.3526;7.2933,2.4446,-1.4576;8.4444,3.1006,-1.8435;8.4348,4.4643,-2.1351;9.5746,5.0987,-2.5968;7.2301,5.1577,-2.0225;6.0776,4.5046,-1.6381;2.8624,-1.6239,1.5121;3.2461,0.0257,2.0263;4.4192,-0.9019,1.0820;2.4175,-2.0784,-0.9957;3.9953,-1.3647,-1.3556;2.5413,-0.7337,-2.1393;0.7246,-0.7699,0.3831;0.8430,0.5604,-0.7781;1.1325,0.8609,0.9362;4.0829,3.1403,-0.9407;7.3159,1.3916,-1.2349;9.3703,2.5498,-1.9241;10.4478,4.6464,-2.3787;9.5922,6.1011,-2.4983;7.2026,6.2154,-2.2423;5.1520,5.0575,-1.5564;</g>
	</geometry>
	<conformers/>
	<properties/>
</molecule>
