<?xml version="1.0" ?>
<!--MOLLI PACKAGE EXPERIMENTAL XML FORMAT-->
<molecule name="nuc485">
	<atoms>
		<a id="1" s="C" t="C.3" l="C"/>
		<a id="2" s="C" t="C.ar" l="C"/>
		<a id="3" s="N" t="N.ar" l="N"/>
		<a id="4" s="C" t="C.ar" l="C"/>
		<a id="5" s="C" t="C.ar" l="C"/>
		<a id="6" s="N" t="N.am" l="N"/>
		<a id="7" s="C" t="C.2" l="C"/>
		<a id="8" s="O" t="O.2" l="O"/>
		<a id="9" s="C" t="C.ar" l="C"/>
		<a id="10" s="C" t="C.ar" l="C"/>
		<a id="11" s="C" t="C.ar" l="C"/>
		<a id="12" s="C" t="C.ar" l="C"/>
		<a id="13" s="C" t="C.3" l="C"/>
		<a id="14" s="N" t="N.3" l="N"/>
		<a id="15" s="C" t="C.3" l="C"/>
		<a id="16" s="C" t="C.3" l="C"/>
		<a id="17" s="N" t="N.3" l="N"/>
		<a id="18" s="C" t="C.3" l="C"/>
		<a id="19" s="C" t="C.3" l="C"/>
		<a id="20" s="C" t="C.3" l="C"/>
		<a id="21" s="C" t="C.ar" l="C"/>
		<a id="22" s="C" t="C.ar" l="C"/>
		<a id="23" s="C" t="C.ar" l="C"/>
		<a id="24" s="C" t="C.ar" l="C"/>
		<a id="25" s="N" t="N.pl3" l="N"/>
		<a id="26" s="H" t="H" l="H"/>
		<a id="27" s="H" t="H" l="H"/>
		<a id="28" s="H" t="H" l="H"/>
		<a id="29" s="H" t="H" l="H"/>
		<a id="30" s="H" t="H" l="H"/>
		<a id="31" s="H" t="H" l="H"/>
		<a id="32" s="H" t="H" l="H"/>
		<a id="33" s="H" t="H" l="H"/>
		<a id="34" s="H" t="H" l="H"/>
		<a id="35" s="H" t="H" l="H"/>
		<a id="36" s="H" t="H" l="H"/>
		<a id="37" s="H" t="H" l="H"/>
		<a id="38" s="H" t="H" l="H"/>
		<a id="39" s="H" t="H" l="H"/>
		<a id="40" s="H" t="H" l="H"/>
		<a id="41" s="H" t="H" l="H"/>
		<a id="42" s="H" t="H" l="H"/>
		<a id="43" s="H" t="H" l="H"/>
		<a id="44" s="H" t="H" l="H"/>
		<a id="45" s="H" t="H" l="H"/>
		<a id="46" s="H" t="H" l="H"/>
		<a id="47" s="H" t="H" l="H"/>
		<a id="48" s="H" t="H" l="H"/>
		<a id="49" s="H" t="H" l="H"/>
		<a id="50" s="H" t="H" l="H"/>
	</atoms>
	<bonds>
		<b id="1" c="1 2" t="1"/>
		<b id="2" c="2 3" t="ar"/>
		<b id="3" c="3 4" t="ar"/>
		<b id="4" c="4 5" t="ar"/>
		<b id="5" c="5 6" t="1"/>
		<b id="6" c="6 7" t="am"/>
		<b id="7" c="7 8" t="2"/>
		<b id="8" c="7 9" t="1"/>
		<b id="9" c="9 10" t="ar"/>
		<b id="10" c="10 11" t="ar"/>
		<b id="11" c="11 12" t="ar"/>
		<b id="12" c="12 13" t="1"/>
		<b id="13" c="13 14" t="1"/>
		<b id="14" c="14 15" t="1"/>
		<b id="15" c="15 16" t="1"/>
		<b id="16" c="16 17" t="1"/>
		<b id="17" c="17 18" t="1"/>
		<b id="18" c="17 19" t="1"/>
		<b id="19" c="19 20" t="1"/>
		<b id="20" c="14 20" t="1"/>
		<b id="21" c="12 21" t="ar"/>
		<b id="22" c="21 22" t="ar"/>
		<b id="23" c="9 22" t="ar"/>
		<b id="24" c="5 23" t="ar"/>
		<b id="25" c="23 24" t="ar"/>
		<b id="26" c="2 24" t="ar"/>
		<b id="27" c="24 25" t="1"/>
		<b id="28" c="1 26" t="1"/>
		<b id="29" c="1 27" t="1"/>
		<b id="30" c="1 28" t="1"/>
		<b id="31" c="4 29" t="1"/>
		<b id="32" c="6 30" t="1"/>
		<b id="33" c="10 31" t="1"/>
		<b id="34" c="11 32" t="1"/>
		<b id="35" c="13 33" t="1"/>
		<b id="36" c="13 34" t="1"/>
		<b id="37" c="15 35" t="1"/>
		<b id="38" c="15 36" t="1"/>
		<b id="39" c="16 37" t="1"/>
		<b id="40" c="16 38" t="1"/>
		<b id="41" c="18 39" t="1"/>
		<b id="42" c="18 40" t="1"/>
		<b id="43" c="18 41" t="1"/>
		<b id="44" c="19 42" t="1"/>
		<b id="45" c="19 43" t="1"/>
		<b id="46" c="20 44" t="1"/>
		<b id="47" c="20 45" t="1"/>
		<b id="48" c="21 46" t="1"/>
		<b id="49" c="22 47" t="1"/>
		<b id="50" c="23 48" t="1"/>
		<b id="51" c="25 49" t="1"/>
		<b id="52" c="25 50" t="1"/>
	</bonds>
	<geometry>
		<g u="A" t="cart/3d">#50,3:1.1482,0.2923,0.9499;2.6341,0.1393,0.8213;3.0713,-0.9283,0.1830;4.3644,-1.1350,0.0174;5.3246,-0.2486,0.5030;6.7005,-0.4289,0.3569;7.3680,-1.4202,-0.3063;6.8328,-2.3209,-0.9166;8.8531,-1.2822,-0.2315;9.5150,-0.7972,0.8943;10.8933,-0.7142,0.9079;11.6403,-1.1116,-0.1960;13.1389,-0.9991,-0.1555;13.6621,-1.4746,1.1126;13.4679,-2.9057,1.2740;13.9187,-3.3242,2.6775;15.2977,-2.9812,2.9673;16.2695,-3.8538,2.3435;15.5057,-1.5719,2.6999;15.0621,-1.1400,1.2963;10.9803,-1.6118,-1.3103;9.6016,-1.7025,-1.3262;4.8799,0.8792,1.1888;3.5178,1.0958,1.3606;3.0527,2.2423,1.9713;0.6674,-0.5362,0.4391;0.8185,1.2293,0.5021;0.8437,0.2824,1.9976;4.6434,-2.0284,-0.5171;7.2658,0.3032,0.7654;8.9610,-0.5151,1.7794;11.4132,-0.3548,1.7826;13.4147,0.0577,-0.2506;13.5797,-1.5388,-1.0144;14.0287,-3.4751,0.5093;12.4064,-3.1304,1.1495;13.7840,-4.3996,2.8075;13.2950,-2.8027,3.4097;16.0743,-4.8757,2.6669;17.2630,-3.5678,2.6880;16.2665,-3.8337,1.2449;16.5611,-1.3335,2.8465;14.9158,-1.0143,3.4336;15.7002,-1.6223,0.5324;15.1797,-0.0576,1.1984;11.5492,-1.9375,-2.1695;9.0819,-2.1016,-2.1840;5.5914,1.5928,1.5872;3.7180,2.7412,2.5404;2.1250,2.1960,2.3585;</g>
	</geometry>
	<conformers/>
	<properties/>
</molecule>
