<?xml version="1.0" ?>
<!--MOLLI PACKAGE EXPERIMENTAL XML FORMAT-->
<molecule name="nuc392">
	<atoms>
		<a id="1" s="N" t="N.1" l="N"/>
		<a id="2" s="C" t="C.1" l="C"/>
		<a id="3" s="C" t="C.ar" l="C"/>
		<a id="4" s="C" t="C.ar" l="C"/>
		<a id="5" s="C" t="C.ar" l="C"/>
		<a id="6" s="C" t="C.ar" l="C"/>
		<a id="7" s="C" t="C.ar" l="C"/>
		<a id="8" s="N" t="N.pl3" l="N"/>
		<a id="9" s="C" t="C.ar" l="C"/>
		<a id="10" s="F" t="F" l="F"/>
		<a id="11" s="C" t="C.ar" l="C"/>
		<a id="12" s="N" t="N.ar" l="N"/>
		<a id="13" s="C" t="C.ar" l="C"/>
		<a id="14" s="H" t="H" l="H"/>
		<a id="15" s="H" t="H" l="H"/>
		<a id="16" s="H" t="H" l="H"/>
		<a id="17" s="H" t="H" l="H"/>
		<a id="18" s="H" t="H" l="H"/>
		<a id="19" s="H" t="H" l="H"/>
	</atoms>
	<bonds>
		<b id="1" c="1 2" t="3"/>
		<b id="2" c="2 3" t="1"/>
		<b id="3" c="3 4" t="ar"/>
		<b id="4" c="4 5" t="ar"/>
		<b id="5" c="5 6" t="ar"/>
		<b id="6" c="6 7" t="ar"/>
		<b id="7" c="7 8" t="1"/>
		<b id="8" c="7 9" t="ar"/>
		<b id="9" c="9 10" t="1"/>
		<b id="10" c="9 11" t="ar"/>
		<b id="11" c="11 12" t="ar"/>
		<b id="12" c="5 12" t="ar"/>
		<b id="13" c="12 13" t="ar"/>
		<b id="14" c="3 13" t="ar"/>
		<b id="15" c="4 14" t="1"/>
		<b id="16" c="6 15" t="1"/>
		<b id="17" c="8 16" t="1"/>
		<b id="18" c="8 17" t="1"/>
		<b id="19" c="11 18" t="1"/>
		<b id="20" c="13 19" t="1"/>
	</bonds>
	<geometry>
		<g u="A" t="cart/3d">#19,3:1.6430,0.0072,0.7630;2.7392,-0.0191,0.4255;4.0771,-0.0631,0.0075;4.8321,-1.2293,-0.2359;6.0913,-0.8171,-0.6325;7.2568,-1.5106,-1.0079;8.3952,-0.8294,-1.3639;9.5848,-1.4413,-1.6653;8.3273,0.5975,-1.3417;9.4294,1.2916,-1.7088;7.2098,1.2756,-0.9855;6.0992,0.5795,-0.6296;4.8859,1.0359,-0.2437;4.4917,-2.2390,-0.1312;7.2394,-2.5882,-1.0052;9.5522,-2.4154,-1.9114;10.2766,-0.8866,-2.1415;7.1667,2.3531,-0.9752;4.6623,2.0811,-0.1693;</g>
	</geometry>
	<conformers/>
	<properties/>
</molecule>
