<?xml version="1.0" ?>
<!--MOLLI PACKAGE EXPERIMENTAL XML FORMAT-->
<molecule name="nuc491">
	<atoms>
		<a id="1" s="N" t="N.am" l="N"/>
		<a id="2" s="C" t="C.2" l="C"/>
		<a id="3" s="O" t="O.2" l="O"/>
		<a id="4" s="C" t="C.ar" l="C"/>
		<a id="5" s="C" t="C.ar" l="C"/>
		<a id="6" s="C" t="C.ar" l="C"/>
		<a id="7" s="C" t="C.ar" l="C"/>
		<a id="8" s="C" t="C.ar" l="C"/>
		<a id="9" s="C" t="C.ar" l="C"/>
		<a id="10" s="C" t="C.ar" l="C"/>
		<a id="11" s="C" t="C.ar" l="C"/>
		<a id="12" s="C" t="C.3" l="C"/>
		<a id="13" s="F" t="F" l="F"/>
		<a id="14" s="F" t="F" l="F"/>
		<a id="15" s="F" t="F" l="F"/>
		<a id="16" s="C" t="C.ar" l="C"/>
		<a id="17" s="C" t="C.ar" l="C"/>
		<a id="18" s="C" t="C.ar" l="C"/>
		<a id="19" s="C" t="C.ar" l="C"/>
		<a id="20" s="H" t="H" l="H"/>
		<a id="21" s="H" t="H" l="H"/>
		<a id="22" s="H" t="H" l="H"/>
		<a id="23" s="H" t="H" l="H"/>
		<a id="24" s="H" t="H" l="H"/>
		<a id="25" s="H" t="H" l="H"/>
		<a id="26" s="H" t="H" l="H"/>
		<a id="27" s="H" t="H" l="H"/>
		<a id="28" s="H" t="H" l="H"/>
		<a id="29" s="H" t="H" l="H"/>
	</atoms>
	<bonds>
		<b id="1" c="1 2" t="am"/>
		<b id="2" c="2 3" t="2"/>
		<b id="3" c="2 4" t="1"/>
		<b id="4" c="4 5" t="ar"/>
		<b id="5" c="5 6" t="ar"/>
		<b id="6" c="6 7" t="ar"/>
		<b id="7" c="7 8" t="1"/>
		<b id="8" c="8 9" t="ar"/>
		<b id="9" c="9 10" t="ar"/>
		<b id="10" c="10 11" t="ar"/>
		<b id="11" c="11 12" t="1"/>
		<b id="12" c="12 13" t="1"/>
		<b id="13" c="12 14" t="1"/>
		<b id="14" c="12 15" t="1"/>
		<b id="15" c="11 16" t="ar"/>
		<b id="16" c="16 17" t="ar"/>
		<b id="17" c="8 17" t="ar"/>
		<b id="18" c="7 18" t="ar"/>
		<b id="19" c="18 19" t="ar"/>
		<b id="20" c="4 19" t="ar"/>
		<b id="21" c="1 20" t="1"/>
		<b id="22" c="1 21" t="1"/>
		<b id="23" c="5 22" t="1"/>
		<b id="24" c="6 23" t="1"/>
		<b id="25" c="9 24" t="1"/>
		<b id="26" c="10 25" t="1"/>
		<b id="27" c="16 26" t="1"/>
		<b id="28" c="17 27" t="1"/>
		<b id="29" c="18 28" t="1"/>
		<b id="30" c="19 29" t="1"/>
	</bonds>
	<geometry>
		<g u="A" t="cart/3d">#29,3:1.1117,0.2267,0.0325;2.4605,0.1599,-0.1060;2.9904,-0.6229,-0.8654;3.2409,1.1061,0.7449;2.7906,1.5673,1.9782;3.5754,2.4189,2.7314;4.8197,2.8404,2.2666;5.6489,3.7513,3.0688;5.7698,3.5725,4.4455;6.5527,4.4214,5.2039;7.2205,5.4694,4.5863;8.0863,6.4083,5.3741;8.0063,6.2248,6.6988;9.3900,6.2853,5.0537;7.7743,7.6987,5.1500;7.1112,5.6627,3.2140;6.3314,4.8060,2.4637;5.2691,2.3724,1.0329;4.4939,1.5071,0.2889;0.5476,-0.3625,-0.5574;0.6612,0.9628,0.5444;1.8389,1.2412,2.3726;3.2129,2.7788,3.6831;5.2629,2.7482,4.9233;6.6457,4.2741,6.2687;7.6333,6.4837,2.7456;6.2344,4.9651,1.4007;6.2438,2.6669,0.6733;4.8432,1.1225,-0.6573;</g>
	</geometry>
	<conformers/>
	<properties/>
</molecule>
