<?xml version="1.0" ?>
<!--MOLLI PACKAGE EXPERIMENTAL XML FORMAT-->
<molecule name="nuc492">
	<atoms>
		<a id="1" s="N" t="N.1" l="N"/>
		<a id="2" s="C" t="C.1" l="C"/>
		<a id="3" s="C" t="C.ar" l="C"/>
		<a id="4" s="C" t="C.ar" l="C"/>
		<a id="5" s="C" t="C.ar" l="C"/>
		<a id="6" s="C" t="C.ar" l="C"/>
		<a id="7" s="C" t="C.ar" l="C"/>
		<a id="8" s="C" t="C.ar" l="C"/>
		<a id="9" s="C" t="C.ar" l="C"/>
		<a id="10" s="C" t="C.ar" l="C"/>
		<a id="11" s="C" t="C.2" l="C"/>
		<a id="12" s="N" t="N.am" l="N"/>
		<a id="13" s="O" t="O.2" l="O"/>
		<a id="14" s="C" t="C.ar" l="C"/>
		<a id="15" s="C" t="C.ar" l="C"/>
		<a id="16" s="C" t="C.ar" l="C"/>
		<a id="17" s="C" t="C.ar" l="C"/>
		<a id="18" s="H" t="H" l="H"/>
		<a id="19" s="H" t="H" l="H"/>
		<a id="20" s="H" t="H" l="H"/>
		<a id="21" s="H" t="H" l="H"/>
		<a id="22" s="H" t="H" l="H"/>
		<a id="23" s="H" t="H" l="H"/>
		<a id="24" s="H" t="H" l="H"/>
		<a id="25" s="H" t="H" l="H"/>
		<a id="26" s="H" t="H" l="H"/>
		<a id="27" s="H" t="H" l="H"/>
	</atoms>
	<bonds>
		<b id="1" c="1 2" t="3"/>
		<b id="2" c="2 3" t="1"/>
		<b id="3" c="3 4" t="ar"/>
		<b id="4" c="4 5" t="ar"/>
		<b id="5" c="5 6" t="ar"/>
		<b id="6" c="6 7" t="1"/>
		<b id="7" c="7 8" t="ar"/>
		<b id="8" c="8 9" t="ar"/>
		<b id="9" c="9 10" t="ar"/>
		<b id="10" c="10 11" t="1"/>
		<b id="11" c="11 12" t="am"/>
		<b id="12" c="11 13" t="2"/>
		<b id="13" c="10 14" t="ar"/>
		<b id="14" c="14 15" t="ar"/>
		<b id="15" c="7 15" t="ar"/>
		<b id="16" c="6 16" t="ar"/>
		<b id="17" c="16 17" t="ar"/>
		<b id="18" c="3 17" t="ar"/>
		<b id="19" c="4 18" t="1"/>
		<b id="20" c="5 19" t="1"/>
		<b id="21" c="8 20" t="1"/>
		<b id="22" c="9 21" t="1"/>
		<b id="23" c="12 22" t="1"/>
		<b id="24" c="12 23" t="1"/>
		<b id="25" c="14 24" t="1"/>
		<b id="26" c="15 25" t="1"/>
		<b id="27" c="16 26" t="1"/>
		<b id="28" c="17 27" t="1"/>
	</bonds>
	<geometry>
		<g u="A" t="cart/3d">#27,3:-2.9875,-0.0809,-0.1211;-1.8419,-0.0624,-0.0768;-0.4301,-0.0367,-0.0205;0.3078,-1.1467,-0.4342;1.6853,-1.1135,-0.3782;2.3546,0.0166,0.0927;3.8220,0.0454,0.1532;4.5887,-0.4992,-0.8763;5.9665,-0.4694,-0.8141;6.6151,0.1136,0.2711;8.1073,0.1008,0.2826;8.6922,1.1225,0.9580;8.7582,-0.7614,-0.2683;5.8544,0.6456,1.3080;4.4750,0.6108,1.2474;1.6063,1.1197,0.5055;0.2286,1.1003,0.4497;-0.2070,-2.0259,-0.7933;2.2531,-1.9805,-0.6818;4.0992,-0.9318,-1.7362;6.5668,-0.8956,-1.6036;8.1703,1.9078,1.3016;9.6973,1.1764,0.9551;6.3337,1.0601,2.1834;3.8945,1.0031,2.0697;2.1135,2.0073,0.8536;-0.3471,1.9584,0.7646;</g>
	</geometry>
	<conformers/>
	<properties/>
</molecule>
