<?xml version="1.0" ?>
<!--MOLLI PACKAGE EXPERIMENTAL XML FORMAT-->
<molecule name="nuc494">
	<atoms>
		<a id="1" s="C" t="C.3" l="C"/>
		<a id="2" s="C" t="C.3" l="C"/>
		<a id="3" s="C" t="C.3" l="C"/>
		<a id="4" s="C" t="C.3" l="C"/>
		<a id="5" s="C" t="C.ar" l="C"/>
		<a id="6" s="C" t="C.ar" l="C"/>
		<a id="7" s="C" t="C.ar" l="C"/>
		<a id="8" s="C" t="C.ar" l="C"/>
		<a id="9" s="C" t="C.ar" l="C"/>
		<a id="10" s="C" t="C.ar" l="C"/>
		<a id="11" s="C" t="C.ar" l="C"/>
		<a id="12" s="C" t="C.ar" l="C"/>
		<a id="13" s="C" t="C.2" l="C"/>
		<a id="14" s="N" t="N.am" l="N"/>
		<a id="15" s="O" t="O.2" l="O"/>
		<a id="16" s="C" t="C.ar" l="C"/>
		<a id="17" s="C" t="C.ar" l="C"/>
		<a id="18" s="C" t="C.ar" l="C"/>
		<a id="19" s="C" t="C.ar" l="C"/>
		<a id="20" s="H" t="H" l="H"/>
		<a id="21" s="H" t="H" l="H"/>
		<a id="22" s="H" t="H" l="H"/>
		<a id="23" s="H" t="H" l="H"/>
		<a id="24" s="H" t="H" l="H"/>
		<a id="25" s="H" t="H" l="H"/>
		<a id="26" s="H" t="H" l="H"/>
		<a id="27" s="H" t="H" l="H"/>
		<a id="28" s="H" t="H" l="H"/>
		<a id="29" s="H" t="H" l="H"/>
		<a id="30" s="H" t="H" l="H"/>
		<a id="31" s="H" t="H" l="H"/>
		<a id="32" s="H" t="H" l="H"/>
		<a id="33" s="H" t="H" l="H"/>
		<a id="34" s="H" t="H" l="H"/>
		<a id="35" s="H" t="H" l="H"/>
		<a id="36" s="H" t="H" l="H"/>
		<a id="37" s="H" t="H" l="H"/>
		<a id="38" s="H" t="H" l="H"/>
	</atoms>
	<bonds>
		<b id="1" c="1 2" t="1"/>
		<b id="2" c="2 3" t="1"/>
		<b id="3" c="2 4" t="1"/>
		<b id="4" c="2 5" t="1"/>
		<b id="5" c="5 6" t="ar"/>
		<b id="6" c="6 7" t="ar"/>
		<b id="7" c="7 8" t="ar"/>
		<b id="8" c="8 9" t="1"/>
		<b id="9" c="9 10" t="ar"/>
		<b id="10" c="10 11" t="ar"/>
		<b id="11" c="11 12" t="ar"/>
		<b id="12" c="12 13" t="1"/>
		<b id="13" c="13 14" t="am"/>
		<b id="14" c="13 15" t="2"/>
		<b id="15" c="12 16" t="ar"/>
		<b id="16" c="16 17" t="ar"/>
		<b id="17" c="9 17" t="ar"/>
		<b id="18" c="8 18" t="ar"/>
		<b id="19" c="18 19" t="ar"/>
		<b id="20" c="5 19" t="ar"/>
		<b id="21" c="1 20" t="1"/>
		<b id="22" c="1 21" t="1"/>
		<b id="23" c="1 22" t="1"/>
		<b id="24" c="3 23" t="1"/>
		<b id="25" c="3 24" t="1"/>
		<b id="26" c="3 25" t="1"/>
		<b id="27" c="4 26" t="1"/>
		<b id="28" c="4 27" t="1"/>
		<b id="29" c="4 28" t="1"/>
		<b id="30" c="6 29" t="1"/>
		<b id="31" c="7 30" t="1"/>
		<b id="32" c="10 31" t="1"/>
		<b id="33" c="11 32" t="1"/>
		<b id="34" c="14 33" t="1"/>
		<b id="35" c="14 34" t="1"/>
		<b id="36" c="16 35" t="1"/>
		<b id="37" c="17 36" t="1"/>
		<b id="38" c="18 37" t="1"/>
		<b id="39" c="19 38" t="1"/>
	</bonds>
	<geometry>
		<g u="A" t="cart/3d">#38,3:3.2402,1.3602,-0.3217;2.6142,-0.0089,-0.0434;3.0990,-0.4843,1.3338;1.0878,0.1554,-0.0286;2.9892,-1.0480,-1.0875;3.7916,-0.7644,-2.1864;4.1145,-1.7394,-3.1123;3.6392,-3.0397,-2.9802;3.9803,-4.0754,-3.9638;5.2666,-4.1599,-4.4956;5.5821,-5.1350,-5.4186;4.6261,-6.0603,-5.8300;5.0334,-7.0832,-6.8341;4.3248,-8.2423,-6.8067;5.9321,-6.9028,-7.6299;3.3361,-5.9714,-5.3134;3.0207,-4.9913,-4.3931;2.8294,-3.3283,-1.8846;2.5172,-2.3528,-0.9603;2.9424,2.0597,0.4571;2.9038,1.7590,-1.2760;4.3262,1.3005,-0.3220;2.8688,0.2635,2.0900;4.1756,-0.6415,1.3200;2.6224,-1.4166,1.6233;0.7988,0.9008,0.7093;0.5913,-0.7789,0.2188;0.7349,0.4808,-1.0050;4.1803,0.2292,-2.3401;4.7269,-1.4796,-3.9637;6.0250,-3.4638,-4.1690;6.5749,-5.2021,-5.8377;3.6847,-8.4587,-6.0643;4.6012,-8.9805,-7.4326;2.5613,-6.6451,-5.6511;2.0108,-4.9178,-4.0163;2.4602,-4.3341,-1.7434;1.8920,-2.6221,-0.1220;</g>
	</geometry>
	<conformers/>
	<properties/>
</molecule>
