<?xml version="1.0" ?>
<!--MOLLI PACKAGE EXPERIMENTAL XML FORMAT-->
<molecule name="nuc495">
	<atoms>
		<a id="1" s="C" t="C.3" l="C"/>
		<a id="2" s="C" t="C.ar" l="C"/>
		<a id="3" s="C" t="C.ar" l="C"/>
		<a id="4" s="C" t="C.ar" l="C"/>
		<a id="5" s="C" t="C.ar" l="C"/>
		<a id="6" s="C" t="C.ar" l="C"/>
		<a id="7" s="C" t="C.ar" l="C"/>
		<a id="8" s="C" t="C.ar" l="C"/>
		<a id="9" s="C" t="C.ar" l="C"/>
		<a id="10" s="C" t="C.2" l="C"/>
		<a id="11" s="N" t="N.am" l="N"/>
		<a id="12" s="O" t="O.2" l="O"/>
		<a id="13" s="C" t="C.ar" l="C"/>
		<a id="14" s="C" t="C.ar" l="C"/>
		<a id="15" s="C" t="C.ar" l="C"/>
		<a id="16" s="C" t="C.ar" l="C"/>
		<a id="17" s="H" t="H" l="H"/>
		<a id="18" s="H" t="H" l="H"/>
		<a id="19" s="H" t="H" l="H"/>
		<a id="20" s="H" t="H" l="H"/>
		<a id="21" s="H" t="H" l="H"/>
		<a id="22" s="H" t="H" l="H"/>
		<a id="23" s="H" t="H" l="H"/>
		<a id="24" s="H" t="H" l="H"/>
		<a id="25" s="H" t="H" l="H"/>
		<a id="26" s="H" t="H" l="H"/>
		<a id="27" s="H" t="H" l="H"/>
		<a id="28" s="H" t="H" l="H"/>
		<a id="29" s="H" t="H" l="H"/>
	</atoms>
	<bonds>
		<b id="1" c="1 2" t="1"/>
		<b id="2" c="2 3" t="ar"/>
		<b id="3" c="3 4" t="ar"/>
		<b id="4" c="4 5" t="ar"/>
		<b id="5" c="5 6" t="1"/>
		<b id="6" c="6 7" t="ar"/>
		<b id="7" c="7 8" t="ar"/>
		<b id="8" c="8 9" t="ar"/>
		<b id="9" c="9 10" t="1"/>
		<b id="10" c="10 11" t="am"/>
		<b id="11" c="10 12" t="2"/>
		<b id="12" c="9 13" t="ar"/>
		<b id="13" c="13 14" t="ar"/>
		<b id="14" c="6 14" t="ar"/>
		<b id="15" c="5 15" t="ar"/>
		<b id="16" c="15 16" t="ar"/>
		<b id="17" c="2 16" t="ar"/>
		<b id="18" c="1 17" t="1"/>
		<b id="19" c="1 18" t="1"/>
		<b id="20" c="1 19" t="1"/>
		<b id="21" c="3 20" t="1"/>
		<b id="22" c="4 21" t="1"/>
		<b id="23" c="7 22" t="1"/>
		<b id="24" c="8 23" t="1"/>
		<b id="25" c="11 24" t="1"/>
		<b id="26" c="11 25" t="1"/>
		<b id="27" c="13 26" t="1"/>
		<b id="28" c="14 27" t="1"/>
		<b id="29" c="15 28" t="1"/>
		<b id="30" c="16 29" t="1"/>
	</bonds>
	<geometry>
		<g u="A" t="cart/3d">#29,3:2.4602,-0.0487,0.0118;0.9627,-0.0225,-0.0132;0.2664,1.0720,-0.5079;-1.1155,1.0878,-0.5236;-1.8451,0.0068,-0.0361;-3.3139,0.0232,-0.0452;-4.0171,0.5535,-1.1261;-5.3964,0.5695,-1.1278;-6.1136,0.0435,-0.0567;-7.6016,0.0951,-0.1154;-8.2430,-0.8992,0.5513;-8.2088,0.9583,-0.7139;-5.4173,-0.4755,1.0311;-4.0364,-0.4826,1.0347;-1.1461,-1.0912,0.4622;0.2339,-1.1046,0.4690;2.8741,0.8430,-0.4518;2.8345,-0.9238,-0.5177;2.8198,-0.1041,1.0391;0.8123,1.9254,-0.8848;-1.6357,1.9578,-0.8969;-3.4751,0.9411,-1.9759;-5.9451,0.9856,-1.9594;-7.7554,-1.6801,0.9500;-9.2480,-0.9272,0.5086;-5.9495,-0.8455,1.8962;-3.5070,-0.8635,1.8960;-1.6911,-1.9505,0.8259;0.7590,-1.9676,0.8536;</g>
	</geometry>
	<conformers/>
	<properties/>
</molecule>
