<?xml version="1.0" ?>
<!--MOLLI PACKAGE EXPERIMENTAL XML FORMAT-->
<molecule name="nuc498">
	<atoms>
		<a id="1" s="N" t="N.am" l="N"/>
		<a id="2" s="C" t="C.2" l="C"/>
		<a id="3" s="O" t="O.2" l="O"/>
		<a id="4" s="C" t="C.ar" l="C"/>
		<a id="5" s="C" t="C.ar" l="C"/>
		<a id="6" s="C" t="C.ar" l="C"/>
		<a id="7" s="C" t="C.ar" l="C"/>
		<a id="8" s="C" t="C.ar" l="C"/>
		<a id="9" s="C" t="C.ar" l="C"/>
		<a id="10" s="C" t="C.ar" l="C"/>
		<a id="11" s="C" t="C.ar" l="C"/>
		<a id="12" s="F" t="F" l="F"/>
		<a id="13" s="C" t="C.ar" l="C"/>
		<a id="14" s="C" t="C.ar" l="C"/>
		<a id="15" s="F" t="F" l="F"/>
		<a id="16" s="C" t="C.ar" l="C"/>
		<a id="17" s="C" t="C.ar" l="C"/>
		<a id="18" s="H" t="H" l="H"/>
		<a id="19" s="H" t="H" l="H"/>
		<a id="20" s="H" t="H" l="H"/>
		<a id="21" s="H" t="H" l="H"/>
		<a id="22" s="H" t="H" l="H"/>
		<a id="23" s="H" t="H" l="H"/>
		<a id="24" s="H" t="H" l="H"/>
		<a id="25" s="H" t="H" l="H"/>
		<a id="26" s="H" t="H" l="H"/>
	</atoms>
	<bonds>
		<b id="1" c="1 2" t="am"/>
		<b id="2" c="2 3" t="2"/>
		<b id="3" c="2 4" t="1"/>
		<b id="4" c="4 5" t="ar"/>
		<b id="5" c="5 6" t="ar"/>
		<b id="6" c="6 7" t="ar"/>
		<b id="7" c="7 8" t="1"/>
		<b id="8" c="8 9" t="ar"/>
		<b id="9" c="9 10" t="ar"/>
		<b id="10" c="10 11" t="ar"/>
		<b id="11" c="11 12" t="1"/>
		<b id="12" c="11 13" t="ar"/>
		<b id="13" c="13 14" t="ar"/>
		<b id="14" c="8 14" t="ar"/>
		<b id="15" c="14 15" t="1"/>
		<b id="16" c="7 16" t="ar"/>
		<b id="17" c="16 17" t="ar"/>
		<b id="18" c="4 17" t="ar"/>
		<b id="19" c="1 18" t="1"/>
		<b id="20" c="1 19" t="1"/>
		<b id="21" c="5 20" t="1"/>
		<b id="22" c="6 21" t="1"/>
		<b id="23" c="9 22" t="1"/>
		<b id="24" c="10 23" t="1"/>
		<b id="25" c="13 24" t="1"/>
		<b id="26" c="16 25" t="1"/>
		<b id="27" c="17 26" t="1"/>
	</bonds>
	<geometry>
		<g u="A" t="cart/3d">#26,3:1.1871,0.0158,0.1465;2.5038,0.0428,-0.1811;3.0389,-0.8685,-0.7760;3.2401,1.2674,0.2500;2.9064,1.9833,1.3952;3.6327,3.1023,1.7542;4.7041,3.5325,0.9749;5.4811,4.7243,1.3503;6.8741,4.7177,1.2887;7.6216,5.8248,1.6414;6.9642,6.9682,2.0595;7.6805,8.0525,2.4061;5.5848,7.0293,2.1302;4.8678,5.9024,1.7756;3.5231,5.9784,1.8263;5.0461,2.8039,-0.1633;4.3259,1.6816,-0.5165;0.6376,-0.7676,-0.1663;0.7106,0.8219,0.5083;2.0976,1.6539,2.0314;3.3746,3.6380,2.6550;7.3757,3.8155,0.9746;8.6986,5.8115,1.5980;5.0797,7.9264,2.4489;5.8694,3.1326,-0.7802;4.5876,1.1074,-1.3923;</g>
	</geometry>
	<conformers/>
	<properties/>
</molecule>
