<?xml version="1.0" ?>
<!--MOLLI PACKAGE EXPERIMENTAL XML FORMAT-->
<molecule name="nuc393">
	<atoms>
		<a id="1" s="N" t="N.1" l="N"/>
		<a id="2" s="C" t="C.1" l="C"/>
		<a id="3" s="C" t="C.ar" l="C"/>
		<a id="4" s="C" t="C.ar" l="C"/>
		<a id="5" s="C" t="C.ar" l="C"/>
		<a id="6" s="C" t="C.ar" l="C"/>
		<a id="7" s="F" t="F" l="F"/>
		<a id="8" s="C" t="C.ar" l="C"/>
		<a id="9" s="N" t="N.pl3" l="N"/>
		<a id="10" s="C" t="C.ar" l="C"/>
		<a id="11" s="F" t="F" l="F"/>
		<a id="12" s="C" t="C.ar" l="C"/>
		<a id="13" s="N" t="N.ar" l="N"/>
		<a id="14" s="C" t="C.ar" l="C"/>
		<a id="15" s="H" t="H" l="H"/>
		<a id="16" s="H" t="H" l="H"/>
		<a id="17" s="H" t="H" l="H"/>
		<a id="18" s="H" t="H" l="H"/>
		<a id="19" s="H" t="H" l="H"/>
	</atoms>
	<bonds>
		<b id="1" c="1 2" t="3"/>
		<b id="2" c="2 3" t="1"/>
		<b id="3" c="3 4" t="ar"/>
		<b id="4" c="4 5" t="ar"/>
		<b id="5" c="5 6" t="ar"/>
		<b id="6" c="6 7" t="1"/>
		<b id="7" c="6 8" t="ar"/>
		<b id="8" c="8 9" t="1"/>
		<b id="9" c="8 10" t="ar"/>
		<b id="10" c="10 11" t="1"/>
		<b id="11" c="10 12" t="ar"/>
		<b id="12" c="12 13" t="ar"/>
		<b id="13" c="5 13" t="ar"/>
		<b id="14" c="13 14" t="ar"/>
		<b id="15" c="3 14" t="ar"/>
		<b id="16" c="4 15" t="1"/>
		<b id="17" c="9 16" t="1"/>
		<b id="18" c="9 17" t="1"/>
		<b id="19" c="12 18" t="1"/>
		<b id="20" c="14 19" t="1"/>
	</bonds>
	<geometry>
		<g u="A" t="cart/3d">#19,3:1.5059,0.1110,0.7608;2.5977,0.0759,0.4117;3.9325,0.0263,-0.0195;4.6797,-1.1435,-0.2672;5.9349,-0.7293,-0.6733;7.1091,-1.4053,-1.0601;7.0961,-2.7589,-1.0738;8.2577,-0.7426,-1.4299;9.4337,-1.3738,-1.7343;8.1780,0.6838,-1.4059;9.2754,1.3735,-1.7833;7.0622,1.3612,-1.0413;5.9527,0.6662,-0.6741;4.7422,1.1229,-0.2785;4.3432,-2.1541,-0.1607;9.3814,-2.3562,-1.9448;10.1257,-0.8408,-2.2329;7.0191,2.4381,-1.0320;4.5205,2.1682,-0.2024;</g>
	</geometry>
	<conformers/>
	<properties/>
</molecule>
