<?xml version="1.0" ?>
<!--MOLLI PACKAGE EXPERIMENTAL XML FORMAT-->
<molecule name="nuc502">
	<atoms>
		<a id="1" s="C" t="C.3" l="C"/>
		<a id="2" s="C" t="C.3" l="C"/>
		<a id="3" s="O" t="O.3" l="O"/>
		<a id="4" s="C" t="C.ar" l="C"/>
		<a id="5" s="C" t="C.ar" l="C"/>
		<a id="6" s="C" t="C.ar" l="C"/>
		<a id="7" s="C" t="C.ar" l="C"/>
		<a id="8" s="C" t="C.ar" l="C"/>
		<a id="9" s="C" t="C.ar" l="C"/>
		<a id="10" s="C" t="C.ar" l="C"/>
		<a id="11" s="C" t="C.ar" l="C"/>
		<a id="12" s="C" t="C.ar" l="C"/>
		<a id="13" s="C" t="C.2" l="C"/>
		<a id="14" s="N" t="N.am" l="N"/>
		<a id="15" s="O" t="O.2" l="O"/>
		<a id="16" s="C" t="C.ar" l="C"/>
		<a id="17" s="C" t="C.ar" l="C"/>
		<a id="18" s="C" t="C.ar" l="C"/>
		<a id="19" s="H" t="H" l="H"/>
		<a id="20" s="H" t="H" l="H"/>
		<a id="21" s="H" t="H" l="H"/>
		<a id="22" s="H" t="H" l="H"/>
		<a id="23" s="H" t="H" l="H"/>
		<a id="24" s="H" t="H" l="H"/>
		<a id="25" s="H" t="H" l="H"/>
		<a id="26" s="H" t="H" l="H"/>
		<a id="27" s="H" t="H" l="H"/>
		<a id="28" s="H" t="H" l="H"/>
		<a id="29" s="H" t="H" l="H"/>
		<a id="30" s="H" t="H" l="H"/>
		<a id="31" s="H" t="H" l="H"/>
		<a id="32" s="H" t="H" l="H"/>
		<a id="33" s="H" t="H" l="H"/>
	</atoms>
	<bonds>
		<b id="1" c="1 2" t="1"/>
		<b id="2" c="2 3" t="1"/>
		<b id="3" c="3 4" t="1"/>
		<b id="4" c="4 5" t="ar"/>
		<b id="5" c="5 6" t="ar"/>
		<b id="6" c="6 7" t="ar"/>
		<b id="7" c="7 8" t="ar"/>
		<b id="8" c="8 9" t="1"/>
		<b id="9" c="9 10" t="ar"/>
		<b id="10" c="10 11" t="ar"/>
		<b id="11" c="11 12" t="ar"/>
		<b id="12" c="12 13" t="1"/>
		<b id="13" c="13 14" t="am"/>
		<b id="14" c="13 15" t="2"/>
		<b id="15" c="12 16" t="ar"/>
		<b id="16" c="16 17" t="ar"/>
		<b id="17" c="9 17" t="ar"/>
		<b id="18" c="8 18" t="ar"/>
		<b id="19" c="4 18" t="ar"/>
		<b id="20" c="1 19" t="1"/>
		<b id="21" c="1 20" t="1"/>
		<b id="22" c="1 21" t="1"/>
		<b id="23" c="2 22" t="1"/>
		<b id="24" c="2 23" t="1"/>
		<b id="25" c="5 24" t="1"/>
		<b id="26" c="6 25" t="1"/>
		<b id="27" c="7 26" t="1"/>
		<b id="28" c="10 27" t="1"/>
		<b id="29" c="11 28" t="1"/>
		<b id="30" c="14 29" t="1"/>
		<b id="31" c="14 30" t="1"/>
		<b id="32" c="16 31" t="1"/>
		<b id="33" c="17 32" t="1"/>
		<b id="34" c="18 33" t="1"/>
	</bonds>
	<geometry>
		<g u="A" t="cart/3d">#33,3:0.8568,0.3053,-0.3036;2.3673,0.3470,-0.4743;2.8918,1.1702,0.5481;4.2322,1.3950,0.5927;5.1644,0.8594,-0.2896;6.5060,1.1723,-0.1378;6.9328,2.0114,0.8708;6.0081,2.5511,1.7650;6.4462,3.4419,2.8498;7.4110,4.4218,2.6232;7.8181,5.2553,3.6445;7.2667,5.1394,4.9175;7.7526,6.0673,5.9777;6.8598,6.3397,6.9646;8.8661,6.5490,5.9720;6.3145,4.1516,5.1531;5.9113,3.3157,4.1306;4.6661,2.2343,1.6180;0.4148,-0.3261,-1.0689;0.4473,1.3080,-0.3866;0.6057,-0.0911,0.6759;2.6256,0.7581,-1.4600;2.7864,-0.6660,-0.3954;4.8627,0.2034,-1.0905;7.2244,0.7495,-0.8243;7.9829,2.2323,0.9852;7.8300,4.5379,1.6348;8.5682,6.0136,3.4763;5.8979,6.0601,6.9071;7.1265,7.0016,7.6750;5.9072,4.0078,6.1439;5.1876,2.5385,4.3276;3.9232,2.6504,2.2805;</g>
	</geometry>
	<conformers/>
	<properties/>
</molecule>
