<?xml version="1.0" ?>
<!--MOLLI PACKAGE EXPERIMENTAL XML FORMAT-->
<molecule name="nuc505">
	<atoms>
		<a id="1" s="C" t="C.3" l="C"/>
		<a id="2" s="C" t="C.ar" l="C"/>
		<a id="3" s="C" t="C.ar" l="C"/>
		<a id="4" s="C" t="C.ar" l="C"/>
		<a id="5" s="C" t="C.ar" l="C"/>
		<a id="6" s="C" t="C.ar" l="C"/>
		<a id="7" s="C" t="C.ar" l="C"/>
		<a id="8" s="C" t="C.ar" l="C"/>
		<a id="9" s="C" t="C.ar" l="C"/>
		<a id="10" s="C" t="C.ar" l="C"/>
		<a id="11" s="C" t="C.ar" l="C"/>
		<a id="12" s="C" t="C.2" l="C"/>
		<a id="13" s="N" t="N.am" l="N"/>
		<a id="14" s="O" t="O.2" l="O"/>
		<a id="15" s="C" t="C.ar" l="C"/>
		<a id="16" s="C" t="C.ar" l="C"/>
		<a id="17" s="H" t="H" l="H"/>
		<a id="18" s="H" t="H" l="H"/>
		<a id="19" s="H" t="H" l="H"/>
		<a id="20" s="H" t="H" l="H"/>
		<a id="21" s="H" t="H" l="H"/>
		<a id="22" s="H" t="H" l="H"/>
		<a id="23" s="H" t="H" l="H"/>
		<a id="24" s="H" t="H" l="H"/>
		<a id="25" s="H" t="H" l="H"/>
		<a id="26" s="H" t="H" l="H"/>
		<a id="27" s="H" t="H" l="H"/>
		<a id="28" s="H" t="H" l="H"/>
		<a id="29" s="H" t="H" l="H"/>
	</atoms>
	<bonds>
		<b id="1" c="1 2" t="1"/>
		<b id="2" c="2 3" t="ar"/>
		<b id="3" c="3 4" t="ar"/>
		<b id="4" c="4 5" t="ar"/>
		<b id="5" c="5 6" t="ar"/>
		<b id="6" c="6 7" t="ar"/>
		<b id="7" c="2 7" t="ar"/>
		<b id="8" c="7 8" t="1"/>
		<b id="9" c="8 9" t="ar"/>
		<b id="10" c="9 10" t="ar"/>
		<b id="11" c="10 11" t="ar"/>
		<b id="12" c="11 12" t="1"/>
		<b id="13" c="12 13" t="am"/>
		<b id="14" c="12 14" t="2"/>
		<b id="15" c="11 15" t="ar"/>
		<b id="16" c="15 16" t="ar"/>
		<b id="17" c="8 16" t="ar"/>
		<b id="18" c="1 17" t="1"/>
		<b id="19" c="1 18" t="1"/>
		<b id="20" c="1 19" t="1"/>
		<b id="21" c="3 20" t="1"/>
		<b id="22" c="4 21" t="1"/>
		<b id="23" c="5 22" t="1"/>
		<b id="24" c="6 23" t="1"/>
		<b id="25" c="9 24" t="1"/>
		<b id="26" c="10 25" t="1"/>
		<b id="27" c="13 26" t="1"/>
		<b id="28" c="13 27" t="1"/>
		<b id="29" c="15 28" t="1"/>
		<b id="30" c="16 29" t="1"/>
	</bonds>
	<geometry>
		<g u="A" t="cart/3d">#29,3:-1.8237,-2.2534,-0.9672;-1.0104,-1.0875,-0.4871;-1.5823,0.1788,-0.4754;-0.8839,1.2818,-0.0209;0.4091,1.1289,0.4497;0.9904,-0.1240,0.4509;0.3006,-1.2363,-0.0254;0.9890,-2.5406,-0.0183;1.5459,-3.0303,1.1608;2.2138,-4.2378,1.1722;2.3364,-4.9902,0.0074;3.0753,-6.2824,0.0816;2.6782,-7.2273,-0.8097;3.9699,-6.4859,0.8751;1.8020,-4.4931,-1.1777;1.1379,-3.2817,-1.1877;-2.8684,-2.1196,-0.6936;-1.4651,-3.1875,-0.5427;-1.7742,-2.3301,-2.0537;-2.5975,0.2965,-0.8279;-1.3497,2.2559,-0.0272;0.9615,1.9820,0.8147;2.0024,-0.2508,0.8084;1.4436,-2.4592,2.0721;2.6528,-4.6207,2.0810;1.8577,-7.1167,-1.3759;3.1171,-8.1320,-0.7702;1.9306,-5.0328,-2.1057;0.7474,-2.8919,-2.1161;</g>
	</geometry>
	<conformers/>
	<properties/>
</molecule>
