<?xml version="1.0" ?>
<!--MOLLI PACKAGE EXPERIMENTAL XML FORMAT-->
<molecule name="nuc508">
	<atoms>
		<a id="1" s="C" t="C.3" l="C"/>
		<a id="2" s="C" t="C.ar" l="C"/>
		<a id="3" s="C" t="C.ar" l="C"/>
		<a id="4" s="C" t="C.ar" l="C"/>
		<a id="5" s="C" t="C.ar" l="C"/>
		<a id="6" s="C" t="C.ar" l="C"/>
		<a id="7" s="C" t="C.ar" l="C"/>
		<a id="8" s="C" t="C.ar" l="C"/>
		<a id="9" s="C" t="C.ar" l="C"/>
		<a id="10" s="C" t="C.ar" l="C"/>
		<a id="11" s="C" t="C.2" l="C"/>
		<a id="12" s="N" t="N.am" l="N"/>
		<a id="13" s="O" t="O.2" l="O"/>
		<a id="14" s="C" t="C.ar" l="C"/>
		<a id="15" s="C" t="C.ar" l="C"/>
		<a id="16" s="C" t="C.ar" l="C"/>
		<a id="17" s="C" t="C.3" l="C"/>
		<a id="18" s="H" t="H" l="H"/>
		<a id="19" s="H" t="H" l="H"/>
		<a id="20" s="H" t="H" l="H"/>
		<a id="21" s="H" t="H" l="H"/>
		<a id="22" s="H" t="H" l="H"/>
		<a id="23" s="H" t="H" l="H"/>
		<a id="24" s="H" t="H" l="H"/>
		<a id="25" s="H" t="H" l="H"/>
		<a id="26" s="H" t="H" l="H"/>
		<a id="27" s="H" t="H" l="H"/>
		<a id="28" s="H" t="H" l="H"/>
		<a id="29" s="H" t="H" l="H"/>
		<a id="30" s="H" t="H" l="H"/>
		<a id="31" s="H" t="H" l="H"/>
		<a id="32" s="H" t="H" l="H"/>
	</atoms>
	<bonds>
		<b id="1" c="1 2" t="1"/>
		<b id="2" c="2 3" t="ar"/>
		<b id="3" c="3 4" t="ar"/>
		<b id="4" c="4 5" t="ar"/>
		<b id="5" c="5 6" t="ar"/>
		<b id="6" c="6 7" t="1"/>
		<b id="7" c="7 8" t="ar"/>
		<b id="8" c="8 9" t="ar"/>
		<b id="9" c="9 10" t="ar"/>
		<b id="10" c="10 11" t="1"/>
		<b id="11" c="11 12" t="am"/>
		<b id="12" c="11 13" t="2"/>
		<b id="13" c="10 14" t="ar"/>
		<b id="14" c="14 15" t="ar"/>
		<b id="15" c="7 15" t="ar"/>
		<b id="16" c="6 16" t="ar"/>
		<b id="17" c="2 16" t="ar"/>
		<b id="18" c="16 17" t="1"/>
		<b id="19" c="1 18" t="1"/>
		<b id="20" c="1 19" t="1"/>
		<b id="21" c="1 20" t="1"/>
		<b id="22" c="3 21" t="1"/>
		<b id="23" c="4 22" t="1"/>
		<b id="24" c="5 23" t="1"/>
		<b id="25" c="8 24" t="1"/>
		<b id="26" c="9 25" t="1"/>
		<b id="27" c="12 26" t="1"/>
		<b id="28" c="12 27" t="1"/>
		<b id="29" c="14 28" t="1"/>
		<b id="30" c="15 29" t="1"/>
		<b id="31" c="17 30" t="1"/>
		<b id="32" c="17 31" t="1"/>
		<b id="33" c="17 32" t="1"/>
	</bonds>
	<geometry>
		<g u="A" t="cart/3d">#32,3:1.8363,1.5110,-0.0562;0.5794,0.7010,0.0499;-0.6301,1.3348,0.2954;-1.8056,0.6115,0.3840;-1.7731,-0.7611,0.2439;-0.5680,-1.4202,0.0162;-0.5998,-2.8928,-0.0793;-1.4177,-3.5176,-1.0170;-1.4788,-4.8946,-1.0868;-0.7197,-5.6819,-0.2252;-0.8336,-7.1626,-0.3477;0.2642,-7.8638,0.0388;-1.8329,-7.7153,-0.7577;0.0801,-5.0612,0.7302;0.1359,-3.6827,0.8012;0.6165,-0.6888,-0.1012;1.9191,-1.3601,-0.4236;1.6412,2.5532,0.1829;2.2414,1.4616,-1.0671;2.5985,1.1351,0.6248;-0.6512,2.4089,0.4133;-2.7423,1.1170,0.5663;-2.6808,-1.3406,0.3284;-2.0000,-2.9131,-1.6972;-2.1137,-5.3867,-1.8081;1.1390,-7.4174,0.2439;0.2497,-8.8642,-0.0713;0.6375,-5.6496,1.4452;0.7421,-3.2067,1.5583;1.7717,-2.4053,-0.6799;2.6019,-1.3031,0.4246;2.3991,-0.8632,-1.2657;</g>
	</geometry>
	<conformers/>
	<properties/>
</molecule>
