<?xml version="1.0" ?>
<!--MOLLI PACKAGE EXPERIMENTAL XML FORMAT-->
<molecule name="nuc509">
	<atoms>
		<a id="1" s="C" t="C.3" l="C"/>
		<a id="2" s="O" t="O.3" l="O"/>
		<a id="3" s="C" t="C.ar" l="C"/>
		<a id="4" s="N" t="N.ar" l="N"/>
		<a id="5" s="C" t="C.ar" l="C"/>
		<a id="6" s="N" t="N.pl3" l="N"/>
		<a id="7" s="C" t="C.3" l="C"/>
		<a id="8" s="C" t="C.3" l="C"/>
		<a id="9" s="N" t="N.3" l="N"/>
		<a id="10" s="C" t="C.3" l="C"/>
		<a id="11" s="C" t="C.3" l="C"/>
		<a id="12" s="C" t="C.3" l="C"/>
		<a id="13" s="C" t="C.ar" l="C"/>
		<a id="14" s="C" t="C.ar" l="C"/>
		<a id="15" s="C" t="C.ar" l="C"/>
		<a id="16" s="N" t="N.pl3" l="N"/>
		<a id="17" s="H" t="H" l="H"/>
		<a id="18" s="H" t="H" l="H"/>
		<a id="19" s="H" t="H" l="H"/>
		<a id="20" s="H" t="H" l="H"/>
		<a id="21" s="H" t="H" l="H"/>
		<a id="22" s="H" t="H" l="H"/>
		<a id="23" s="H" t="H" l="H"/>
		<a id="24" s="H" t="H" l="H"/>
		<a id="25" s="H" t="H" l="H"/>
		<a id="26" s="H" t="H" l="H"/>
		<a id="27" s="H" t="H" l="H"/>
		<a id="28" s="H" t="H" l="H"/>
		<a id="29" s="H" t="H" l="H"/>
		<a id="30" s="H" t="H" l="H"/>
		<a id="31" s="H" t="H" l="H"/>
		<a id="32" s="H" t="H" l="H"/>
		<a id="33" s="H" t="H" l="H"/>
		<a id="34" s="H" t="H" l="H"/>
	</atoms>
	<bonds>
		<b id="1" c="1 2" t="1"/>
		<b id="2" c="2 3" t="1"/>
		<b id="3" c="3 4" t="ar"/>
		<b id="4" c="4 5" t="ar"/>
		<b id="5" c="5 6" t="1"/>
		<b id="6" c="6 7" t="1"/>
		<b id="7" c="7 8" t="1"/>
		<b id="8" c="8 9" t="1"/>
		<b id="9" c="9 10" t="1"/>
		<b id="10" c="9 11" t="1"/>
		<b id="11" c="11 12" t="1"/>
		<b id="12" c="6 12" t="1"/>
		<b id="13" c="5 13" t="ar"/>
		<b id="14" c="13 14" t="ar"/>
		<b id="15" c="14 15" t="ar"/>
		<b id="16" c="3 15" t="ar"/>
		<b id="17" c="15 16" t="1"/>
		<b id="18" c="1 17" t="1"/>
		<b id="19" c="1 18" t="1"/>
		<b id="20" c="1 19" t="1"/>
		<b id="21" c="7 20" t="1"/>
		<b id="22" c="7 21" t="1"/>
		<b id="23" c="8 22" t="1"/>
		<b id="24" c="8 23" t="1"/>
		<b id="25" c="10 24" t="1"/>
		<b id="26" c="10 25" t="1"/>
		<b id="27" c="10 26" t="1"/>
		<b id="28" c="11 27" t="1"/>
		<b id="29" c="11 28" t="1"/>
		<b id="30" c="12 29" t="1"/>
		<b id="31" c="12 30" t="1"/>
		<b id="32" c="13 31" t="1"/>
		<b id="33" c="14 32" t="1"/>
		<b id="34" c="16 33" t="1"/>
		<b id="35" c="16 34" t="1"/>
	</bonds>
	<geometry>
		<g u="A" t="cart/3d">#34,3:5.6873,0.5175,2.7045;4.3025,0.7366,2.5608;3.9345,1.5269,1.5149;4.8705,2.0169,0.7337;4.5396,2.8136,-0.2939;5.5916,3.3140,-1.0174;6.9305,2.8242,-0.7845;7.9242,3.9747,-0.9178;7.8190,4.5604,-2.2424;8.8158,5.5839,-2.4623;6.4737,5.0629,-2.4448;5.4669,3.9184,-2.3197;3.2026,3.1395,-0.5332;2.2243,2.6148,0.2942;2.5617,1.7775,1.3482;1.6172,1.1499,2.1551;5.8001,-0.1422,3.5631;6.2131,1.4599,2.8793;6.0999,0.0480,1.8085;7.1834,2.0497,-1.5232;6.9680,2.3938,0.2148;8.9401,3.5955,-0.7847;7.7234,4.7235,-0.1295;9.8060,5.1465,-2.3409;8.7190,6.4324,-1.7652;8.7229,5.9591,-3.4809;6.4093,5.4950,-3.4467;6.2204,5.8480,-1.7077;5.6811,3.1753,-3.1034;4.4630,4.3086,-2.4729;2.9109,3.7929,-1.3382;1.1851,2.8572,0.1218;0.7533,1.6597,2.2668;2.0015,0.8116,3.0245;</g>
	</geometry>
	<conformers/>
	<properties/>
</molecule>
