<?xml version="1.0" ?>
<!--MOLLI PACKAGE EXPERIMENTAL XML FORMAT-->
<molecule name="nuc510">
	<atoms>
		<a id="1" s="C" t="C.3" l="C"/>
		<a id="2" s="O" t="O.3" l="O"/>
		<a id="3" s="C" t="C.ar" l="C"/>
		<a id="4" s="C" t="C.ar" l="C"/>
		<a id="5" s="C" t="C.ar" l="C"/>
		<a id="6" s="N" t="N.pl3" l="N"/>
		<a id="7" s="C" t="C.3" l="C"/>
		<a id="8" s="C" t="C.3" l="C"/>
		<a id="9" s="N" t="N.am" l="N"/>
		<a id="10" s="C" t="C.2" l="C"/>
		<a id="11" s="C" t="C.3" l="C"/>
		<a id="12" s="O" t="O.2" l="O"/>
		<a id="13" s="C" t="C.3" l="C"/>
		<a id="14" s="C" t="C.3" l="C"/>
		<a id="15" s="C" t="C.ar" l="C"/>
		<a id="16" s="C" t="C.ar" l="C"/>
		<a id="17" s="C" t="C.ar" l="C"/>
		<a id="18" s="N" t="N.pl3" l="N"/>
		<a id="19" s="H" t="H" l="H"/>
		<a id="20" s="H" t="H" l="H"/>
		<a id="21" s="H" t="H" l="H"/>
		<a id="22" s="H" t="H" l="H"/>
		<a id="23" s="H" t="H" l="H"/>
		<a id="24" s="H" t="H" l="H"/>
		<a id="25" s="H" t="H" l="H"/>
		<a id="26" s="H" t="H" l="H"/>
		<a id="27" s="H" t="H" l="H"/>
		<a id="28" s="H" t="H" l="H"/>
		<a id="29" s="H" t="H" l="H"/>
		<a id="30" s="H" t="H" l="H"/>
		<a id="31" s="H" t="H" l="H"/>
		<a id="32" s="H" t="H" l="H"/>
		<a id="33" s="H" t="H" l="H"/>
		<a id="34" s="H" t="H" l="H"/>
		<a id="35" s="H" t="H" l="H"/>
		<a id="36" s="H" t="H" l="H"/>
		<a id="37" s="H" t="H" l="H"/>
	</atoms>
	<bonds>
		<b id="1" c="1 2" t="1"/>
		<b id="2" c="2 3" t="1"/>
		<b id="3" c="3 4" t="ar"/>
		<b id="4" c="4 5" t="ar"/>
		<b id="5" c="5 6" t="1"/>
		<b id="6" c="6 7" t="1"/>
		<b id="7" c="7 8" t="1"/>
		<b id="8" c="8 9" t="1"/>
		<b id="9" c="9 10" t="am"/>
		<b id="10" c="10 11" t="1"/>
		<b id="11" c="10 12" t="2"/>
		<b id="12" c="9 13" t="1"/>
		<b id="13" c="13 14" t="1"/>
		<b id="14" c="6 14" t="1"/>
		<b id="15" c="5 15" t="ar"/>
		<b id="16" c="15 16" t="ar"/>
		<b id="17" c="16 17" t="ar"/>
		<b id="18" c="3 17" t="ar"/>
		<b id="19" c="17 18" t="1"/>
		<b id="20" c="1 19" t="1"/>
		<b id="21" c="1 20" t="1"/>
		<b id="22" c="1 21" t="1"/>
		<b id="23" c="4 22" t="1"/>
		<b id="24" c="7 23" t="1"/>
		<b id="25" c="7 24" t="1"/>
		<b id="26" c="8 25" t="1"/>
		<b id="27" c="8 26" t="1"/>
		<b id="28" c="11 27" t="1"/>
		<b id="29" c="11 28" t="1"/>
		<b id="30" c="11 29" t="1"/>
		<b id="31" c="13 30" t="1"/>
		<b id="32" c="13 31" t="1"/>
		<b id="33" c="14 32" t="1"/>
		<b id="34" c="14 33" t="1"/>
		<b id="35" c="15 34" t="1"/>
		<b id="36" c="16 35" t="1"/>
		<b id="37" c="18 36" t="1"/>
		<b id="38" c="18 37" t="1"/>
	</bonds>
	<geometry>
		<g u="A" t="cart/3d">#37,3:1.6733,-1.1061,-0.6506;2.6425,-0.1022,-0.5011;2.8730,0.3985,0.7604;2.2517,-0.0467,1.9080;2.5510,0.5097,3.1573;1.9047,-0.0220,4.2867;0.4545,0.0320,4.3120;-0.0712,-1.0181,5.2893;0.4891,-0.7796,6.6032;-0.3248,-0.4449,7.6328;0.3418,-0.1412,8.9594;-1.5341,-0.4112,7.5023;1.9304,-0.7816,6.5866;2.4495,0.2677,5.5929;3.5119,1.5084,3.2244;4.1509,1.9443,2.0746;3.8430,1.4186,0.8306;4.4078,1.9119,-0.3359;1.6385,-1.3272,-1.7167;0.6863,-0.7649,-0.3212;1.9447,-2.0149,-0.1025;1.5331,-0.8488,1.8622;0.0596,-0.1573,3.3151;0.1056,1.0270,4.6380;0.2255,-2.0173,4.9518;-1.1574,-0.9639,5.3728;0.9877,0.7303,8.8782;0.9246,-0.9923,9.3039;-0.4406,0.0677,9.6841;2.2711,-1.7708,6.2567;2.3350,-0.5836,7.5766;2.1623,1.2721,5.9505;3.5376,0.2032,5.5475;3.7716,1.9659,4.1657;4.8974,2.7224,2.1413;5.3190,2.3300,-0.2317;4.3247,1.2886,-1.1238;</g>
	</geometry>
	<conformers/>
	<properties/>
</molecule>
