<?xml version="1.0" ?>
<!--MOLLI PACKAGE EXPERIMENTAL XML FORMAT-->
<molecule name="nuc511">
	<atoms>
		<a id="1" s="C" t="C.3" l="C"/>
		<a id="2" s="O" t="O.3" l="O"/>
		<a id="3" s="C" t="C.ar" l="C"/>
		<a id="4" s="C" t="C.ar" l="C"/>
		<a id="5" s="C" t="C.ar" l="C"/>
		<a id="6" s="N" t="N.pl3" l="N"/>
		<a id="7" s="C" t="C.3" l="C"/>
		<a id="8" s="C" t="C.3" l="C"/>
		<a id="9" s="C" t="C.3" l="C"/>
		<a id="10" s="N" t="N.3" l="N"/>
		<a id="11" s="C" t="C.3" l="C"/>
		<a id="12" s="C" t="C.3" l="C"/>
		<a id="13" s="C" t="C.3" l="C"/>
		<a id="14" s="C" t="C.3" l="C"/>
		<a id="15" s="C" t="C.ar" l="C"/>
		<a id="16" s="C" t="C.ar" l="C"/>
		<a id="17" s="C" t="C.ar" l="C"/>
		<a id="18" s="N" t="N.pl3" l="N"/>
		<a id="19" s="H" t="H" l="H"/>
		<a id="20" s="H" t="H" l="H"/>
		<a id="21" s="H" t="H" l="H"/>
		<a id="22" s="H" t="H" l="H"/>
		<a id="23" s="H" t="H" l="H"/>
		<a id="24" s="H" t="H" l="H"/>
		<a id="25" s="H" t="H" l="H"/>
		<a id="26" s="H" t="H" l="H"/>
		<a id="27" s="H" t="H" l="H"/>
		<a id="28" s="H" t="H" l="H"/>
		<a id="29" s="H" t="H" l="H"/>
		<a id="30" s="H" t="H" l="H"/>
		<a id="31" s="H" t="H" l="H"/>
		<a id="32" s="H" t="H" l="H"/>
		<a id="33" s="H" t="H" l="H"/>
		<a id="34" s="H" t="H" l="H"/>
		<a id="35" s="H" t="H" l="H"/>
		<a id="36" s="H" t="H" l="H"/>
		<a id="37" s="H" t="H" l="H"/>
		<a id="38" s="H" t="H" l="H"/>
		<a id="39" s="H" t="H" l="H"/>
		<a id="40" s="H" t="H" l="H"/>
		<a id="41" s="H" t="H" l="H"/>
	</atoms>
	<bonds>
		<b id="1" c="1 2" t="1"/>
		<b id="2" c="2 3" t="1"/>
		<b id="3" c="3 4" t="ar"/>
		<b id="4" c="4 5" t="ar"/>
		<b id="5" c="5 6" t="1"/>
		<b id="6" c="6 7" t="1"/>
		<b id="7" c="7 8" t="1"/>
		<b id="8" c="8 9" t="1"/>
		<b id="9" c="9 10" t="1"/>
		<b id="10" c="10 11" t="1"/>
		<b id="11" c="10 12" t="1"/>
		<b id="12" c="9 13" t="1"/>
		<b id="13" c="13 14" t="1"/>
		<b id="14" c="6 14" t="1"/>
		<b id="15" c="5 15" t="ar"/>
		<b id="16" c="15 16" t="ar"/>
		<b id="17" c="16 17" t="ar"/>
		<b id="18" c="3 17" t="ar"/>
		<b id="19" c="17 18" t="1"/>
		<b id="20" c="1 19" t="1"/>
		<b id="21" c="1 20" t="1"/>
		<b id="22" c="1 21" t="1"/>
		<b id="23" c="4 22" t="1"/>
		<b id="24" c="7 23" t="1"/>
		<b id="25" c="7 24" t="1"/>
		<b id="26" c="8 25" t="1"/>
		<b id="27" c="8 26" t="1"/>
		<b id="28" c="9 27" t="1"/>
		<b id="29" c="11 28" t="1"/>
		<b id="30" c="11 29" t="1"/>
		<b id="31" c="11 30" t="1"/>
		<b id="32" c="12 31" t="1"/>
		<b id="33" c="12 32" t="1"/>
		<b id="34" c="12 33" t="1"/>
		<b id="35" c="13 34" t="1"/>
		<b id="36" c="13 35" t="1"/>
		<b id="37" c="14 36" t="1"/>
		<b id="38" c="14 37" t="1"/>
		<b id="39" c="15 38" t="1"/>
		<b id="40" c="16 39" t="1"/>
		<b id="41" c="18 40" t="1"/>
		<b id="42" c="18 41" t="1"/>
	</bonds>
	<geometry>
		<g u="A" t="cart/3d">#41,3:1.6873,-1.2226,0.7932;2.7863,-0.6540,0.1337;3.0912,0.6673,0.3878;2.3960,1.4763,1.2677;2.7842,2.8007,1.4895;2.1367,3.6322,2.4126;1.2390,3.0509,3.3791;1.0812,3.9908,4.5751;0.5520,5.3662,4.1558;0.5140,6.2828,5.2978;0.0740,7.6134,4.9216;-0.3057,5.7802,6.3846;1.4791,5.8971,3.0573;1.6131,4.8877,1.9211;3.8921,3.2869,0.8009;4.5769,2.4853,-0.0912;4.1963,1.1702,-0.3199;4.8312,0.3783,-1.2693;1.6351,-2.2540,0.4459;0.7535,-0.7102,0.5379;1.8188,-1.2153,1.8811;1.5358,1.0835,1.7836;1.6624,2.1086,3.7330;0.2416,2.8497,2.9457;2.0503,4.1298,5.0552;0.4043,3.5124,5.2823;-0.4665,5.2409,3.7302;0.8201,8.0897,4.2907;-0.0304,8.2163,5.8220;-0.8926,7.6095,4.3926;0.1620,4.9076,6.8335;-1.3256,5.5146,6.0626;-0.3781,6.5476,7.1533;2.4587,6.0889,3.4957;1.0936,6.8244,2.6348;2.2784,5.2827,1.1535;0.6194,4.7348,1.4596;4.2315,4.2959,0.9756;5.4334,2.8781,-0.6198;5.7989,0.6078,-1.4360;4.6592,-0.6082,-1.1487;</g>
	</geometry>
	<conformers/>
	<properties/>
</molecule>
