<?xml version="1.0" ?>
<!--MOLLI PACKAGE EXPERIMENTAL XML FORMAT-->
<molecule name="nuc514">
	<atoms>
		<a id="1" s="C" t="C.3" l="C"/>
		<a id="2" s="C" t="C.3" l="C"/>
		<a id="3" s="C" t="C.3" l="C"/>
		<a id="4" s="C" t="C.3" l="C"/>
		<a id="5" s="O" t="O.3" l="O"/>
		<a id="6" s="C" t="C.2" l="C"/>
		<a id="7" s="O" t="O.2" l="O"/>
		<a id="8" s="N" t="N.am" l="N"/>
		<a id="9" s="C" t="C.3" l="C"/>
		<a id="10" s="C" t="C.3" l="C"/>
		<a id="11" s="C" t="C.ar" l="C"/>
		<a id="12" s="C" t="C.ar" l="C"/>
		<a id="13" s="C" t="C.ar" l="C"/>
		<a id="14" s="C" t="C.ar" l="C"/>
		<a id="15" s="N" t="N.pl3" l="N"/>
		<a id="16" s="C" t="C.ar" l="C"/>
		<a id="17" s="C" t="C.ar" l="C"/>
		<a id="18" s="H" t="H" l="H"/>
		<a id="19" s="H" t="H" l="H"/>
		<a id="20" s="H" t="H" l="H"/>
		<a id="21" s="H" t="H" l="H"/>
		<a id="22" s="H" t="H" l="H"/>
		<a id="23" s="H" t="H" l="H"/>
		<a id="24" s="H" t="H" l="H"/>
		<a id="25" s="H" t="H" l="H"/>
		<a id="26" s="H" t="H" l="H"/>
		<a id="27" s="H" t="H" l="H"/>
		<a id="28" s="H" t="H" l="H"/>
		<a id="29" s="H" t="H" l="H"/>
		<a id="30" s="H" t="H" l="H"/>
		<a id="31" s="H" t="H" l="H"/>
		<a id="32" s="H" t="H" l="H"/>
		<a id="33" s="H" t="H" l="H"/>
		<a id="34" s="H" t="H" l="H"/>
		<a id="35" s="H" t="H" l="H"/>
		<a id="36" s="H" t="H" l="H"/>
		<a id="37" s="H" t="H" l="H"/>
	</atoms>
	<bonds>
		<b id="1" c="1 2" t="1"/>
		<b id="2" c="2 3" t="1"/>
		<b id="3" c="2 4" t="1"/>
		<b id="4" c="2 5" t="1"/>
		<b id="5" c="5 6" t="1"/>
		<b id="6" c="6 7" t="2"/>
		<b id="7" c="6 8" t="am"/>
		<b id="8" c="8 9" t="1"/>
		<b id="9" c="9 10" t="1"/>
		<b id="10" c="10 11" t="1"/>
		<b id="11" c="11 12" t="ar"/>
		<b id="12" c="12 13" t="ar"/>
		<b id="13" c="13 14" t="ar"/>
		<b id="14" c="14 15" t="1"/>
		<b id="15" c="14 16" t="ar"/>
		<b id="16" c="16 17" t="ar"/>
		<b id="17" c="11 17" t="ar"/>
		<b id="18" c="1 18" t="1"/>
		<b id="19" c="1 19" t="1"/>
		<b id="20" c="1 20" t="1"/>
		<b id="21" c="3 21" t="1"/>
		<b id="22" c="3 22" t="1"/>
		<b id="23" c="3 23" t="1"/>
		<b id="24" c="4 24" t="1"/>
		<b id="25" c="4 25" t="1"/>
		<b id="26" c="4 26" t="1"/>
		<b id="27" c="8 27" t="1"/>
		<b id="28" c="9 28" t="1"/>
		<b id="29" c="9 29" t="1"/>
		<b id="30" c="10 30" t="1"/>
		<b id="31" c="10 31" t="1"/>
		<b id="32" c="12 32" t="1"/>
		<b id="33" c="13 33" t="1"/>
		<b id="34" c="15 34" t="1"/>
		<b id="35" c="15 35" t="1"/>
		<b id="36" c="16 36" t="1"/>
		<b id="37" c="17 37" t="1"/>
	</bonds>
	<geometry>
		<g u="A" t="cart/3d">#37,3:2.5057,1.6154,2.7286;2.1043,0.2310,3.2372;2.0922,0.1921,4.7655;0.7358,-0.1660,2.6810;3.0018,-0.7780,2.7176;4.3201,-0.7256,2.9962;4.8770,0.0934,3.6862;4.9505,-1.7363,2.3499;6.3445,-2.0359,2.5663;6.5519,-3.1848,3.5660;8.0176,-3.4047,3.8084;8.7273,-2.5425,4.6363;10.0805,-2.7081,4.8440;10.7710,-3.7487,4.2216;12.1390,-3.8737,4.3681;10.0606,-4.6156,3.3925;8.7062,-4.4387,3.1892;1.7740,2.3505,3.0518;2.5510,1.6149,1.6415;3.4811,1.8892,3.1206;1.3638,0.9032,5.1449;3.0741,0.4503,5.1520;1.8273,-0.8048,5.1121;-0.0224,0.5278,3.0313;0.4777,-1.1699,3.0080;0.7567,-0.1516,1.5945;4.3728,-2.4148,1.8804;6.8033,-1.1250,2.9563;6.8100,-2.2871,1.6087;6.0930,-4.0950,3.1727;6.0521,-2.9211,4.5007;8.2077,-1.7332,5.1285;10.6181,-2.0302,5.4918;12.5423,-3.4248,5.1745;12.5296,-4.7772,4.1549;10.5812,-5.4290,2.9067;8.1751,-5.1237,2.5430;</g>
	</geometry>
	<conformers/>
	<properties/>
</molecule>
