<?xml version="1.0" ?>
<!--MOLLI PACKAGE EXPERIMENTAL XML FORMAT-->
<molecule name="nuc517">
	<atoms>
		<a id="1" s="C" t="C.3" l="C"/>
		<a id="2" s="C" t="C.2" l="C"/>
		<a id="3" s="O" t="O.2" l="O"/>
		<a id="4" s="N" t="N.am" l="N"/>
		<a id="5" s="C" t="C.ar" l="C"/>
		<a id="6" s="C" t="C.ar" l="C"/>
		<a id="7" s="C" t="C.ar" l="C"/>
		<a id="8" s="C" t="C.ar" l="C"/>
		<a id="9" s="N" t="N.pl3" l="N"/>
		<a id="10" s="C" t="C.ar" l="C"/>
		<a id="11" s="C" t="C.ar" l="C"/>
		<a id="12" s="H" t="H" l="H"/>
		<a id="13" s="H" t="H" l="H"/>
		<a id="14" s="H" t="H" l="H"/>
		<a id="15" s="H" t="H" l="H"/>
		<a id="16" s="H" t="H" l="H"/>
		<a id="17" s="H" t="H" l="H"/>
		<a id="18" s="H" t="H" l="H"/>
		<a id="19" s="H" t="H" l="H"/>
		<a id="20" s="H" t="H" l="H"/>
		<a id="21" s="H" t="H" l="H"/>
	</atoms>
	<bonds>
		<b id="1" c="1 2" t="1"/>
		<b id="2" c="2 3" t="2"/>
		<b id="3" c="2 4" t="am"/>
		<b id="4" c="4 5" t="1"/>
		<b id="5" c="5 6" t="ar"/>
		<b id="6" c="6 7" t="ar"/>
		<b id="7" c="7 8" t="ar"/>
		<b id="8" c="8 9" t="1"/>
		<b id="9" c="8 10" t="ar"/>
		<b id="10" c="10 11" t="ar"/>
		<b id="11" c="5 11" t="ar"/>
		<b id="12" c="1 12" t="1"/>
		<b id="13" c="1 13" t="1"/>
		<b id="14" c="1 14" t="1"/>
		<b id="15" c="4 15" t="1"/>
		<b id="16" c="6 16" t="1"/>
		<b id="17" c="7 17" t="1"/>
		<b id="18" c="9 18" t="1"/>
		<b id="19" c="9 19" t="1"/>
		<b id="20" c="10 20" t="1"/>
		<b id="21" c="11 21" t="1"/>
	</bonds>
	<geometry>
		<g u="A" t="cart/3d">#21,3:3.3412,-0.4870,1.1990;2.6008,0.2896,0.1243;1.6575,1.0091,0.3646;3.1247,0.0778,-1.1143;2.7294,0.6135,-2.3497;1.6805,1.5178,-2.4838;1.3429,2.0065,-3.7288;2.0371,1.6127,-4.8727;1.7425,2.1650,-6.1053;3.0855,0.7036,-4.7312;3.4256,0.2138,-3.4877;2.8644,-0.3069,2.1579;4.3781,-0.1600,1.2498;3.3178,-1.5531,0.9816;3.9124,-0.5530,-1.1723;1.1339,1.8301,-1.6105;0.5274,2.7088,-3.8221;0.8247,2.5695,-6.1991;2.0503,1.6438,-6.9105;3.6347,0.3845,-5.6054;4.2415,-0.4909,-3.3977;</g>
	</geometry>
	<conformers/>
	<properties/>
</molecule>
