<?xml version="1.0" ?>
<!--MOLLI PACKAGE EXPERIMENTAL XML FORMAT-->
<molecule name="nuc518">
	<atoms>
		<a id="1" s="C" t="C.3" l="C"/>
		<a id="2" s="N" t="N.am" l="N"/>
		<a id="3" s="C" t="C.2" l="C"/>
		<a id="4" s="O" t="O.2" l="O"/>
		<a id="5" s="C" t="C.ar" l="C"/>
		<a id="6" s="C" t="C.ar" l="C"/>
		<a id="7" s="C" t="C.ar" l="C"/>
		<a id="8" s="C" t="C.ar" l="C"/>
		<a id="9" s="N" t="N.pl3" l="N"/>
		<a id="10" s="C" t="C.ar" l="C"/>
		<a id="11" s="O" t="O.3" l="O"/>
		<a id="12" s="C" t="C.3" l="C"/>
		<a id="13" s="C" t="C.ar" l="C"/>
		<a id="14" s="H" t="H" l="H"/>
		<a id="15" s="H" t="H" l="H"/>
		<a id="16" s="H" t="H" l="H"/>
		<a id="17" s="H" t="H" l="H"/>
		<a id="18" s="H" t="H" l="H"/>
		<a id="19" s="H" t="H" l="H"/>
		<a id="20" s="H" t="H" l="H"/>
		<a id="21" s="H" t="H" l="H"/>
		<a id="22" s="H" t="H" l="H"/>
		<a id="23" s="H" t="H" l="H"/>
		<a id="24" s="H" t="H" l="H"/>
		<a id="25" s="H" t="H" l="H"/>
	</atoms>
	<bonds>
		<b id="1" c="1 2" t="1"/>
		<b id="2" c="2 3" t="am"/>
		<b id="3" c="3 4" t="2"/>
		<b id="4" c="3 5" t="1"/>
		<b id="5" c="5 6" t="ar"/>
		<b id="6" c="6 7" t="ar"/>
		<b id="7" c="7 8" t="ar"/>
		<b id="8" c="8 9" t="1"/>
		<b id="9" c="8 10" t="ar"/>
		<b id="10" c="10 11" t="1"/>
		<b id="11" c="11 12" t="1"/>
		<b id="12" c="10 13" t="ar"/>
		<b id="13" c="5 13" t="ar"/>
		<b id="14" c="1 14" t="1"/>
		<b id="15" c="1 15" t="1"/>
		<b id="16" c="1 16" t="1"/>
		<b id="17" c="2 17" t="1"/>
		<b id="18" c="6 18" t="1"/>
		<b id="19" c="7 19" t="1"/>
		<b id="20" c="9 20" t="1"/>
		<b id="21" c="9 21" t="1"/>
		<b id="22" c="12 22" t="1"/>
		<b id="23" c="12 23" t="1"/>
		<b id="24" c="12 24" t="1"/>
		<b id="25" c="13 25" t="1"/>
	</bonds>
	<geometry>
		<g u="A" t="cart/3d">#25,3:1.4752,2.9288,-0.6385;2.8844,2.6275,-0.6715;3.3737,1.4276,-0.2602;2.6587,0.5562,0.1988;4.8417,1.2577,-0.4272;5.3254,-0.0206,-0.6834;6.6731,-0.2373,-0.8731;7.5841,0.8128,-0.7833;8.9368,0.6078,-0.8984;7.0987,2.1028,-0.4892;8.0407,3.1195,-0.4563;8.0031,4.0020,0.6384;5.7438,2.3156,-0.3247;1.2895,3.8450,-0.0739;0.9803,2.0923,-0.1461;1.0719,3.0423,-1.6478;3.4889,3.2700,-1.1564;4.6208,-0.8353,-0.7404;7.0421,-1.2300,-1.0836;9.2365,-0.2124,-1.3968;9.4865,1.4395,-1.0391;7.0264,4.4749,0.7701;8.7467,4.7696,0.4285;8.2699,3.4814,1.5645;5.3901,3.3092,-0.0912;</g>
	</geometry>
	<conformers/>
	<properties/>
</molecule>
