<?xml version="1.0" ?>
<!--MOLLI PACKAGE EXPERIMENTAL XML FORMAT-->
<molecule name="nuc520">
	<atoms>
		<a id="1" s="C" t="C.3" l="C"/>
		<a id="2" s="C" t="C.3" l="C"/>
		<a id="3" s="C" t="C.3" l="C"/>
		<a id="4" s="C" t="C.2" l="C"/>
		<a id="5" s="O" t="O.2" l="O"/>
		<a id="6" s="N" t="N.am" l="N"/>
		<a id="7" s="C" t="C.ar" l="C"/>
		<a id="8" s="C" t="C.ar" l="C"/>
		<a id="9" s="C" t="C.ar" l="C"/>
		<a id="10" s="N" t="N.ar" l="N"/>
		<a id="11" s="C" t="C.ar" l="C"/>
		<a id="12" s="C" t="C.1" l="C"/>
		<a id="13" s="C" t="C.1" l="C"/>
		<a id="14" s="C" t="C.ar" l="C"/>
		<a id="15" s="C" t="C.ar" l="C"/>
		<a id="16" s="C" t="C.ar" l="C"/>
		<a id="17" s="C" t="C.ar" l="C"/>
		<a id="18" s="N" t="N.pl3" l="N"/>
		<a id="19" s="C" t="C.ar" l="C"/>
		<a id="20" s="C" t="C.ar" l="C"/>
		<a id="21" s="C" t="C.ar" l="C"/>
		<a id="22" s="H" t="H" l="H"/>
		<a id="23" s="H" t="H" l="H"/>
		<a id="24" s="H" t="H" l="H"/>
		<a id="25" s="H" t="H" l="H"/>
		<a id="26" s="H" t="H" l="H"/>
		<a id="27" s="H" t="H" l="H"/>
		<a id="28" s="H" t="H" l="H"/>
		<a id="29" s="H" t="H" l="H"/>
		<a id="30" s="H" t="H" l="H"/>
		<a id="31" s="H" t="H" l="H"/>
		<a id="32" s="H" t="H" l="H"/>
		<a id="33" s="H" t="H" l="H"/>
		<a id="34" s="H" t="H" l="H"/>
		<a id="35" s="H" t="H" l="H"/>
		<a id="36" s="H" t="H" l="H"/>
		<a id="37" s="H" t="H" l="H"/>
		<a id="38" s="H" t="H" l="H"/>
	</atoms>
	<bonds>
		<b id="1" c="1 2" t="1"/>
		<b id="2" c="2 3" t="1"/>
		<b id="3" c="2 4" t="1"/>
		<b id="4" c="4 5" t="2"/>
		<b id="5" c="4 6" t="am"/>
		<b id="6" c="6 7" t="1"/>
		<b id="7" c="7 8" t="ar"/>
		<b id="8" c="8 9" t="ar"/>
		<b id="9" c="9 10" t="ar"/>
		<b id="10" c="10 11" t="ar"/>
		<b id="11" c="11 12" t="1"/>
		<b id="12" c="12 13" t="3"/>
		<b id="13" c="13 14" t="1"/>
		<b id="14" c="14 15" t="ar"/>
		<b id="15" c="15 16" t="ar"/>
		<b id="16" c="16 17" t="ar"/>
		<b id="17" c="17 18" t="1"/>
		<b id="18" c="17 19" t="ar"/>
		<b id="19" c="19 20" t="ar"/>
		<b id="20" c="14 20" t="ar"/>
		<b id="21" c="11 21" t="ar"/>
		<b id="22" c="7 21" t="ar"/>
		<b id="23" c="1 22" t="1"/>
		<b id="24" c="1 23" t="1"/>
		<b id="25" c="1 24" t="1"/>
		<b id="26" c="2 25" t="1"/>
		<b id="27" c="3 26" t="1"/>
		<b id="28" c="3 27" t="1"/>
		<b id="29" c="3 28" t="1"/>
		<b id="30" c="6 29" t="1"/>
		<b id="31" c="8 30" t="1"/>
		<b id="32" c="9 31" t="1"/>
		<b id="33" c="15 32" t="1"/>
		<b id="34" c="16 33" t="1"/>
		<b id="35" c="18 34" t="1"/>
		<b id="36" c="18 35" t="1"/>
		<b id="37" c="19 36" t="1"/>
		<b id="38" c="20 37" t="1"/>
		<b id="39" c="21 38" t="1"/>
	</bonds>
	<geometry>
		<g u="A" t="cart/3d">#38,3:4.0743,1.2712,-0.1772;2.8746,0.3390,-0.3768;1.6218,1.1335,-0.7315;3.2161,-0.6310,-1.5067;2.8692,-0.4655,-2.6512;3.9857,-1.6789,-1.0771;4.5304,-2.7268,-1.8181;4.3498,-2.8745,-3.1928;4.9394,-3.9665,-3.8103;5.6579,-4.8792,-3.1891;5.8354,-4.7416,-1.8734;6.5982,-5.7317,-1.2139;7.2364,-6.5867,-0.6463;7.9674,-7.5991,0.0042;8.5053,-7.3917,1.2793;9.2126,-8.3910,1.9090;9.3991,-9.6318,1.2895;10.0410,-10.6543,1.9493;8.8612,-9.8362,0.0134;8.1583,-8.8371,-0.6198;5.2928,-3.6788,-1.1483;3.8709,1.9764,0.6256;4.2617,1.8320,-1.0903;4.9743,0.7122,0.0739;2.6987,-0.2273,0.5454;1.7636,1.6368,-1.6849;1.4130,1.8756,0.0354;0.7641,0.4706,-0.8228;4.2065,-1.7096,-0.0905;3.7690,-2.1627,-3.7522;4.8241,-4.1169,-4.8760;8.3687,-6.4355,1.7663;9.6304,-8.2230,2.8929;10.6194,-10.3992,2.7337;10.3889,-11.4148,1.3872;9.0025,-10.7929,-0.4734;7.7459,-9.0011,-1.6056;5.4630,-3.6099,-0.0829;</g>
	</geometry>
	<conformers/>
	<properties/>
</molecule>
