<?xml version="1.0" ?>
<!--MOLLI PACKAGE EXPERIMENTAL XML FORMAT-->
<molecule name="nuc521">
	<atoms>
		<a id="1" s="N" t="N.pl3" l="N"/>
		<a id="2" s="C" t="C.ar" l="C"/>
		<a id="3" s="C" t="C.ar" l="C"/>
		<a id="4" s="C" t="C.ar" l="C"/>
		<a id="5" s="C" t="C.ar" l="C"/>
		<a id="6" s="C" t="C.1" l="C"/>
		<a id="7" s="C" t="C.1" l="C"/>
		<a id="8" s="C" t="C.ar" l="C"/>
		<a id="9" s="C" t="C.ar" l="C"/>
		<a id="10" s="C" t="C.ar" l="C"/>
		<a id="11" s="F" t="F" l="F"/>
		<a id="12" s="C" t="C.ar" l="C"/>
		<a id="13" s="C" t="C.ar" l="C"/>
		<a id="14" s="N" t="N.ar" l="N"/>
		<a id="15" s="C" t="C.ar" l="C"/>
		<a id="16" s="C" t="C.ar" l="C"/>
		<a id="17" s="H" t="H" l="H"/>
		<a id="18" s="H" t="H" l="H"/>
		<a id="19" s="H" t="H" l="H"/>
		<a id="20" s="H" t="H" l="H"/>
		<a id="21" s="H" t="H" l="H"/>
		<a id="22" s="H" t="H" l="H"/>
		<a id="23" s="H" t="H" l="H"/>
		<a id="24" s="H" t="H" l="H"/>
		<a id="25" s="H" t="H" l="H"/>
	</atoms>
	<bonds>
		<b id="1" c="1 2" t="1"/>
		<b id="2" c="2 3" t="ar"/>
		<b id="3" c="3 4" t="ar"/>
		<b id="4" c="4 5" t="ar"/>
		<b id="5" c="5 6" t="1"/>
		<b id="6" c="6 7" t="3"/>
		<b id="7" c="7 8" t="1"/>
		<b id="8" c="8 9" t="ar"/>
		<b id="9" c="9 10" t="ar"/>
		<b id="10" c="10 11" t="1"/>
		<b id="11" c="10 12" t="ar"/>
		<b id="12" c="12 13" t="ar"/>
		<b id="13" c="13 14" t="ar"/>
		<b id="14" c="8 14" t="ar"/>
		<b id="15" c="5 15" t="ar"/>
		<b id="16" c="15 16" t="ar"/>
		<b id="17" c="2 16" t="ar"/>
		<b id="18" c="1 17" t="1"/>
		<b id="19" c="1 18" t="1"/>
		<b id="20" c="3 19" t="1"/>
		<b id="21" c="4 20" t="1"/>
		<b id="22" c="9 21" t="1"/>
		<b id="23" c="12 22" t="1"/>
		<b id="24" c="13 23" t="1"/>
		<b id="25" c="15 24" t="1"/>
		<b id="26" c="16 25" t="1"/>
	</bonds>
	<geometry>
		<g u="A" t="cart/3d">#25,3:1.2148,0.0483,0.2956;2.5511,0.0660,-0.0202;3.2283,1.2792,-0.1789;4.5798,1.2997,-0.4352;5.2993,0.1055,-0.5432;6.6775,0.1255,-0.8215;7.8608,0.1473,-1.0698;9.2383,0.1968,-1.3667;9.8698,1.4399,-1.5190;11.2157,1.4285,-1.8143;11.8705,2.5960,-1.9720;11.9070,0.2348,-1.9524;11.1752,-0.9315,-1.7777;9.8901,-0.9597,-1.4957;4.6255,-1.1089,-0.3803;3.2741,-1.1269,-0.1237;0.6865,0.8859,0.1179;0.7185,-0.8158,0.1569;2.6766,2.2052,-0.0984;5.0943,2.2412,-0.5595;9.3250,2.3635,-1.4102;12.9589,0.2258,-2.1838;11.6513,-1.8988,-1.8710;5.1776,-2.0332,-0.4623;2.7572,-2.0680,0.0001;</g>
	</geometry>
	<conformers/>
	<properties/>
</molecule>
