<?xml version="1.0" ?>
<!--MOLLI PACKAGE EXPERIMENTAL XML FORMAT-->
<molecule name="nuc522">
	<atoms>
		<a id="1" s="C" t="C.3" l="C"/>
		<a id="2" s="N" t="N.3" l="N"/>
		<a id="3" s="C" t="C.3" l="C"/>
		<a id="4" s="C" t="C.3" l="C"/>
		<a id="5" s="N" t="N.3" l="N"/>
		<a id="6" s="C" t="C.3" l="C"/>
		<a id="7" s="C" t="C.3" l="C"/>
		<a id="8" s="C" t="C.3" l="C"/>
		<a id="9" s="N" t="N.3" l="N"/>
		<a id="10" s="C" t="C.3" l="C"/>
		<a id="11" s="C" t="C.3" l="C"/>
		<a id="12" s="H" t="H" l="H"/>
		<a id="13" s="H" t="H" l="H"/>
		<a id="14" s="H" t="H" l="H"/>
		<a id="15" s="H" t="H" l="H"/>
		<a id="16" s="H" t="H" l="H"/>
		<a id="17" s="H" t="H" l="H"/>
		<a id="18" s="H" t="H" l="H"/>
		<a id="19" s="H" t="H" l="H"/>
		<a id="20" s="H" t="H" l="H"/>
		<a id="21" s="H" t="H" l="H"/>
		<a id="22" s="H" t="H" l="H"/>
		<a id="23" s="H" t="H" l="H"/>
		<a id="24" s="H" t="H" l="H"/>
		<a id="25" s="H" t="H" l="H"/>
		<a id="26" s="H" t="H" l="H"/>
		<a id="27" s="H" t="H" l="H"/>
		<a id="28" s="H" t="H" l="H"/>
		<a id="29" s="H" t="H" l="H"/>
		<a id="30" s="H" t="H" l="H"/>
	</atoms>
	<bonds>
		<b id="1" c="1 2" t="1"/>
		<b id="2" c="2 3" t="1"/>
		<b id="3" c="3 4" t="1"/>
		<b id="4" c="4 5" t="1"/>
		<b id="5" c="5 6" t="1"/>
		<b id="6" c="6 7" t="1"/>
		<b id="7" c="7 8" t="1"/>
		<b id="8" c="8 9" t="1"/>
		<b id="9" c="5 10" t="1"/>
		<b id="10" c="10 11" t="1"/>
		<b id="11" c="2 11" t="1"/>
		<b id="12" c="1 12" t="1"/>
		<b id="13" c="1 13" t="1"/>
		<b id="14" c="1 14" t="1"/>
		<b id="15" c="3 15" t="1"/>
		<b id="16" c="3 16" t="1"/>
		<b id="17" c="4 17" t="1"/>
		<b id="18" c="4 18" t="1"/>
		<b id="19" c="6 19" t="1"/>
		<b id="20" c="6 20" t="1"/>
		<b id="21" c="7 21" t="1"/>
		<b id="22" c="7 22" t="1"/>
		<b id="23" c="8 23" t="1"/>
		<b id="24" c="8 24" t="1"/>
		<b id="25" c="9 25" t="1"/>
		<b id="26" c="9 26" t="1"/>
		<b id="27" c="10 27" t="1"/>
		<b id="28" c="10 28" t="1"/>
		<b id="29" c="11 29" t="1"/>
		<b id="30" c="11 30" t="1"/>
	</bonds>
	<geometry>
		<g u="A" t="cart/3d">#30,3:2.5011,-0.1032,-0.1634;1.0744,0.0040,-0.3672;0.3681,-1.1644,0.1266;-1.1257,-1.0312,-0.1915;-1.7282,0.1627,0.3672;-1.9759,0.0947,1.7973;-3.0030,1.1317,2.2546;-4.3086,1.0309,1.4712;-5.1923,2.1252,1.8467;-0.9649,1.3156,-0.0726;0.5330,1.2091,0.2357;2.8686,-0.9914,-0.6758;2.7766,-0.1740,0.9022;2.9881,0.7732,-0.5892;0.5099,-1.2950,1.2164;0.7699,-2.0486,-0.3745;-1.6639,-1.9102,0.1697;-1.2418,-0.9733,-1.2779;-1.0629,0.2179,2.4028;-2.3763,-0.9023,2.0038;-2.6118,2.1424,2.1389;-3.1994,0.9760,3.3184;-4.7535,0.0345,1.6355;-4.0870,1.1268,0.4063;-5.4431,2.0504,2.8278;-6.0496,2.0878,1.3064;-1.3748,2.2176,0.3810;-1.0890,1.3861,-1.1572;0.6961,1.2213,1.3300;1.0518,2.0714,-0.1902;</g>
	</geometry>
	<conformers/>
	<properties/>
</molecule>
