<?xml version="1.0" ?>
<!--MOLLI PACKAGE EXPERIMENTAL XML FORMAT-->
<molecule name="nuc524">
	<atoms>
		<a id="1" s="C" t="C.3" l="C"/>
		<a id="2" s="N" t="N.3" l="N"/>
		<a id="3" s="C" t="C.3" l="C"/>
		<a id="4" s="C" t="C.3" l="C"/>
		<a id="5" s="C" t="C.3" l="C"/>
		<a id="6" s="C" t="C.3" l="C"/>
		<a id="7" s="N" t="N.3" l="N"/>
		<a id="8" s="H" t="H" l="H"/>
		<a id="9" s="H" t="H" l="H"/>
		<a id="10" s="H" t="H" l="H"/>
		<a id="11" s="H" t="H" l="H"/>
		<a id="12" s="H" t="H" l="H"/>
		<a id="13" s="H" t="H" l="H"/>
		<a id="14" s="H" t="H" l="H"/>
		<a id="15" s="H" t="H" l="H"/>
		<a id="16" s="H" t="H" l="H"/>
		<a id="17" s="H" t="H" l="H"/>
		<a id="18" s="H" t="H" l="H"/>
		<a id="19" s="H" t="H" l="H"/>
		<a id="20" s="H" t="H" l="H"/>
		<a id="21" s="H" t="H" l="H"/>
	</atoms>
	<bonds>
		<b id="1" c="1 2" t="1"/>
		<b id="2" c="2 3" t="1"/>
		<b id="3" c="2 4" t="1"/>
		<b id="4" c="4 5" t="1"/>
		<b id="5" c="5 6" t="1"/>
		<b id="6" c="6 7" t="1"/>
		<b id="7" c="1 8" t="1"/>
		<b id="8" c="1 9" t="1"/>
		<b id="9" c="1 10" t="1"/>
		<b id="10" c="3 11" t="1"/>
		<b id="11" c="3 12" t="1"/>
		<b id="12" c="3 13" t="1"/>
		<b id="13" c="4 14" t="1"/>
		<b id="14" c="4 15" t="1"/>
		<b id="15" c="5 16" t="1"/>
		<b id="16" c="5 17" t="1"/>
		<b id="17" c="6 18" t="1"/>
		<b id="18" c="6 19" t="1"/>
		<b id="19" c="7 20" t="1"/>
		<b id="20" c="7 21" t="1"/>
	</bonds>
	<geometry>
		<g u="A" t="cart/3d">#21,3:2.8260,-1.0789,-1.0244;2.5025,-0.1237,0.0145;1.0819,0.1517,0.0368;2.9783,-0.5438,1.3221;4.5009,-0.5051,1.4424;5.0612,0.8718,1.0956;6.5154,0.8195,1.0598;2.4416,-0.7112,-1.9748;2.3926,-2.0747,-0.8330;3.9055,-1.1770,-1.1083;0.7774,0.5238,-0.9404;0.8748,0.9217,0.7787;0.4761,-0.7375,0.2764;2.6205,-1.5600,1.5744;2.5578,0.1488,2.0569;4.9631,-1.2413,0.7857;4.7722,-0.7653,2.4686;4.6686,1.6125,1.8134;4.7102,1.1536,0.1008;6.8791,0.5858,1.9785;6.8944,1.7234,0.7995;</g>
	</geometry>
	<conformers/>
	<properties/>
</molecule>
