<?xml version="1.0" ?>
<!--MOLLI PACKAGE EXPERIMENTAL XML FORMAT-->
<molecule name="nuc525">
	<atoms>
		<a id="1" s="C" t="C.3" l="C"/>
		<a id="2" s="O" t="O.3" l="O"/>
		<a id="3" s="C" t="C.2" l="C"/>
		<a id="4" s="O" t="O.2" l="O"/>
		<a id="5" s="C" t="C.ar" l="C"/>
		<a id="6" s="C" t="C.ar" l="C"/>
		<a id="7" s="C" t="C.ar" l="C"/>
		<a id="8" s="C" t="C.ar" l="C"/>
		<a id="9" s="C" t="C.ar" l="C"/>
		<a id="10" s="C" t="C.ar" l="C"/>
		<a id="11" s="N" t="N.pl3" l="N"/>
		<a id="12" s="H" t="H" l="H"/>
		<a id="13" s="H" t="H" l="H"/>
		<a id="14" s="H" t="H" l="H"/>
		<a id="15" s="H" t="H" l="H"/>
		<a id="16" s="H" t="H" l="H"/>
		<a id="17" s="H" t="H" l="H"/>
		<a id="18" s="H" t="H" l="H"/>
		<a id="19" s="H" t="H" l="H"/>
		<a id="20" s="H" t="H" l="H"/>
	</atoms>
	<bonds>
		<b id="1" c="1 2" t="1"/>
		<b id="2" c="2 3" t="1"/>
		<b id="3" c="3 4" t="2"/>
		<b id="4" c="3 5" t="1"/>
		<b id="5" c="5 6" t="ar"/>
		<b id="6" c="6 7" t="ar"/>
		<b id="7" c="7 8" t="ar"/>
		<b id="8" c="8 9" t="ar"/>
		<b id="9" c="9 10" t="ar"/>
		<b id="10" c="5 10" t="ar"/>
		<b id="11" c="10 11" t="1"/>
		<b id="12" c="1 12" t="1"/>
		<b id="13" c="1 13" t="1"/>
		<b id="14" c="1 14" t="1"/>
		<b id="15" c="6 15" t="1"/>
		<b id="16" c="7 16" t="1"/>
		<b id="17" c="8 17" t="1"/>
		<b id="18" c="9 18" t="1"/>
		<b id="19" c="11 19" t="1"/>
		<b id="20" c="11 20" t="1"/>
	</bonds>
	<geometry>
		<g u="A" t="cart/3d">#20,3:1.3266,-0.7051,2.5436;2.7346,-0.7441,2.3899;3.2431,0.0724,1.4485;2.5221,0.7907,0.7780;4.6998,-0.0178,1.3351;5.4137,-0.9150,2.1364;6.7799,-1.0347,2.0332;7.4684,-0.2501,1.1113;6.7929,0.6401,0.3127;5.3988,0.7857,0.4024;4.7601,1.6951,-0.3652;1.0910,-1.3892,3.3548;0.8329,-1.0201,1.6215;0.9971,0.3074,2.7873;4.8655,-1.5191,2.8418;7.3154,-1.7319,2.6586;8.5412,-0.3421,1.0219;7.3285,1.2488,-0.4022;5.2572,2.1681,-1.0975;3.7509,1.7140,-0.3323;</g>
	</geometry>
	<conformers/>
	<properties/>
</molecule>
