<?xml version="1.0" ?>
<!--MOLLI PACKAGE EXPERIMENTAL XML FORMAT-->
<molecule name="nuc528">
	<atoms>
		<a id="1" s="C" t="C.3" l="C"/>
		<a id="2" s="C" t="C.3" l="C"/>
		<a id="3" s="C" t="C.3" l="C"/>
		<a id="4" s="C" t="C.3" l="C"/>
		<a id="5" s="O" t="O.3" l="O"/>
		<a id="6" s="C" t="C.2" l="C"/>
		<a id="7" s="O" t="O.2" l="O"/>
		<a id="8" s="N" t="N.am" l="N"/>
		<a id="9" s="C" t="C.3" l="C"/>
		<a id="10" s="C" t="C.3" l="C"/>
		<a id="11" s="N" t="N.pl3" l="N"/>
		<a id="12" s="C" t="C.ar" l="C"/>
		<a id="13" s="C" t="C.ar" l="C"/>
		<a id="14" s="C" t="C.ar" l="C"/>
		<a id="15" s="C" t="C.ar" l="C"/>
		<a id="16" s="N" t="N.pl3" l="N"/>
		<a id="17" s="C" t="C.ar" l="C"/>
		<a id="18" s="F" t="F" l="F"/>
		<a id="19" s="C" t="C.ar" l="C"/>
		<a id="20" s="C" t="C.3" l="C"/>
		<a id="21" s="C" t="C.3" l="C"/>
		<a id="22" s="H" t="H" l="H"/>
		<a id="23" s="H" t="H" l="H"/>
		<a id="24" s="H" t="H" l="H"/>
		<a id="25" s="H" t="H" l="H"/>
		<a id="26" s="H" t="H" l="H"/>
		<a id="27" s="H" t="H" l="H"/>
		<a id="28" s="H" t="H" l="H"/>
		<a id="29" s="H" t="H" l="H"/>
		<a id="30" s="H" t="H" l="H"/>
		<a id="31" s="H" t="H" l="H"/>
		<a id="32" s="H" t="H" l="H"/>
		<a id="33" s="H" t="H" l="H"/>
		<a id="34" s="H" t="H" l="H"/>
		<a id="35" s="H" t="H" l="H"/>
		<a id="36" s="H" t="H" l="H"/>
		<a id="37" s="H" t="H" l="H"/>
		<a id="38" s="H" t="H" l="H"/>
		<a id="39" s="H" t="H" l="H"/>
		<a id="40" s="H" t="H" l="H"/>
		<a id="41" s="H" t="H" l="H"/>
		<a id="42" s="H" t="H" l="H"/>
		<a id="43" s="H" t="H" l="H"/>
	</atoms>
	<bonds>
		<b id="1" c="1 2" t="1"/>
		<b id="2" c="2 3" t="1"/>
		<b id="3" c="2 4" t="1"/>
		<b id="4" c="2 5" t="1"/>
		<b id="5" c="5 6" t="1"/>
		<b id="6" c="6 7" t="2"/>
		<b id="7" c="6 8" t="am"/>
		<b id="8" c="8 9" t="1"/>
		<b id="9" c="9 10" t="1"/>
		<b id="10" c="10 11" t="1"/>
		<b id="11" c="11 12" t="1"/>
		<b id="12" c="12 13" t="ar"/>
		<b id="13" c="13 14" t="ar"/>
		<b id="14" c="14 15" t="ar"/>
		<b id="15" c="15 16" t="1"/>
		<b id="16" c="15 17" t="ar"/>
		<b id="17" c="17 18" t="1"/>
		<b id="18" c="17 19" t="ar"/>
		<b id="19" c="12 19" t="ar"/>
		<b id="20" c="11 20" t="1"/>
		<b id="21" c="20 21" t="1"/>
		<b id="22" c="8 21" t="1"/>
		<b id="23" c="1 22" t="1"/>
		<b id="24" c="1 23" t="1"/>
		<b id="25" c="1 24" t="1"/>
		<b id="26" c="3 25" t="1"/>
		<b id="27" c="3 26" t="1"/>
		<b id="28" c="3 27" t="1"/>
		<b id="29" c="4 28" t="1"/>
		<b id="30" c="4 29" t="1"/>
		<b id="31" c="4 30" t="1"/>
		<b id="32" c="9 31" t="1"/>
		<b id="33" c="9 32" t="1"/>
		<b id="34" c="10 33" t="1"/>
		<b id="35" c="10 34" t="1"/>
		<b id="36" c="13 35" t="1"/>
		<b id="37" c="14 36" t="1"/>
		<b id="38" c="16 37" t="1"/>
		<b id="39" c="16 38" t="1"/>
		<b id="40" c="19 39" t="1"/>
		<b id="41" c="20 40" t="1"/>
		<b id="42" c="20 41" t="1"/>
		<b id="43" c="21 42" t="1"/>
		<b id="44" c="21 43" t="1"/>
	</bonds>
	<geometry>
		<g u="A" t="cart/3d">#43,3:4.0821,0.8765,1.2650;3.0957,0.9829,0.1030;2.4418,-0.3680,-0.1881;2.0299,2.0390,0.4022;3.7548,1.4819,-1.0846;4.7728,0.7949,-1.6343;5.2352,-0.2424,-1.2148;5.2706,1.4376,-2.7247;4.5929,2.5258,-3.3929;3.8479,1.9917,-4.6296;4.7576,1.2990,-5.5173;5.3858,1.9995,-6.5435;4.6347,2.8303,-7.3820;5.2034,3.4853,-8.4532;6.5539,3.3369,-8.7671;7.1210,3.9082,-9.8908;7.2868,2.5038,-7.9250;8.6173,2.3427,-8.1724;6.7431,1.8535,-6.8390;5.4466,0.2318,-4.8255;6.2010,0.7361,-3.5857;3.5519,0.5878,2.1682;4.5688,1.8353,1.4309;4.8406,0.1310,1.0446;1.8819,-0.6999,0.6815;3.2028,-1.1073,-0.4221;1.7619,-0.2801,-1.0334;1.4576,1.7501,1.2785;1.3558,2.1400,-0.4446;2.5000,3.0015,0.5865;5.3478,3.2539,-3.7113;3.9013,3.0018,-2.7003;3.3667,2.8188,-5.1475;3.0782,1.2832,-4.3028;3.5771,2.9523,-7.2080;4.5914,4.1168,-9.0801;6.6589,4.7267,-10.2511;8.1275,3.9616,-9.8870;7.4019,1.2445,-6.2425;6.1158,-0.2840,-5.5126;4.6854,-0.4834,-4.4914;6.9962,1.4312,-3.8716;6.6238,-0.0966,-3.0231;</g>
	</geometry>
	<conformers/>
	<properties/>
</molecule>
