<?xml version="1.0" ?>
<!--MOLLI PACKAGE EXPERIMENTAL XML FORMAT-->
<molecule name="nuc530">
	<atoms>
		<a id="1" s="C" t="C.3" l="C"/>
		<a id="2" s="N" t="N.am" l="N"/>
		<a id="3" s="C" t="C.2" l="C"/>
		<a id="4" s="O" t="O.2" l="O"/>
		<a id="5" s="O" t="O.3" l="O"/>
		<a id="6" s="C" t="C.3" l="C"/>
		<a id="7" s="C" t="C.3" l="C"/>
		<a id="8" s="C" t="C.3" l="C"/>
		<a id="9" s="C" t="C.3" l="C"/>
		<a id="10" s="C" t="C.3" l="C"/>
		<a id="11" s="C" t="C.3" l="C"/>
		<a id="12" s="C" t="C.3" l="C"/>
		<a id="13" s="N" t="N.pl3" l="N"/>
		<a id="14" s="C" t="C.ar" l="C"/>
		<a id="15" s="C" t="C.ar" l="C"/>
		<a id="16" s="C" t="C.ar" l="C"/>
		<a id="17" s="C" t="C.ar" l="C"/>
		<a id="18" s="N" t="N.pl3" l="N"/>
		<a id="19" s="C" t="C.ar" l="C"/>
		<a id="20" s="C" t="C.ar" l="C"/>
		<a id="21" s="F" t="F" l="F"/>
		<a id="22" s="C" t="C.3" l="C"/>
		<a id="23" s="C" t="C.3" l="C"/>
		<a id="24" s="H" t="H" l="H"/>
		<a id="25" s="H" t="H" l="H"/>
		<a id="26" s="H" t="H" l="H"/>
		<a id="27" s="H" t="H" l="H"/>
		<a id="28" s="H" t="H" l="H"/>
		<a id="29" s="H" t="H" l="H"/>
		<a id="30" s="H" t="H" l="H"/>
		<a id="31" s="H" t="H" l="H"/>
		<a id="32" s="H" t="H" l="H"/>
		<a id="33" s="H" t="H" l="H"/>
		<a id="34" s="H" t="H" l="H"/>
		<a id="35" s="H" t="H" l="H"/>
		<a id="36" s="H" t="H" l="H"/>
		<a id="37" s="H" t="H" l="H"/>
		<a id="38" s="H" t="H" l="H"/>
		<a id="39" s="H" t="H" l="H"/>
		<a id="40" s="H" t="H" l="H"/>
		<a id="41" s="H" t="H" l="H"/>
		<a id="42" s="H" t="H" l="H"/>
		<a id="43" s="H" t="H" l="H"/>
		<a id="44" s="H" t="H" l="H"/>
		<a id="45" s="H" t="H" l="H"/>
		<a id="46" s="H" t="H" l="H"/>
		<a id="47" s="H" t="H" l="H"/>
		<a id="48" s="H" t="H" l="H"/>
		<a id="49" s="H" t="H" l="H"/>
	</atoms>
	<bonds>
		<b id="1" c="1 2" t="1"/>
		<b id="2" c="2 3" t="am"/>
		<b id="3" c="3 4" t="2"/>
		<b id="4" c="3 5" t="1"/>
		<b id="5" c="5 6" t="1"/>
		<b id="6" c="6 7" t="1"/>
		<b id="7" c="6 8" t="1"/>
		<b id="8" c="6 9" t="1"/>
		<b id="9" c="2 10" t="1"/>
		<b id="10" c="10 11" t="1"/>
		<b id="11" c="11 12" t="1"/>
		<b id="12" c="12 13" t="1"/>
		<b id="13" c="13 14" t="1"/>
		<b id="14" c="14 15" t="ar"/>
		<b id="15" c="15 16" t="ar"/>
		<b id="16" c="16 17" t="ar"/>
		<b id="17" c="17 18" t="1"/>
		<b id="18" c="17 19" t="ar"/>
		<b id="19" c="19 20" t="ar"/>
		<b id="20" c="14 20" t="ar"/>
		<b id="21" c="20 21" t="1"/>
		<b id="22" c="13 22" t="1"/>
		<b id="23" c="22 23" t="1"/>
		<b id="24" c="10 23" t="1"/>
		<b id="25" c="1 24" t="1"/>
		<b id="26" c="1 25" t="1"/>
		<b id="27" c="1 26" t="1"/>
		<b id="28" c="7 27" t="1"/>
		<b id="29" c="7 28" t="1"/>
		<b id="30" c="7 29" t="1"/>
		<b id="31" c="8 30" t="1"/>
		<b id="32" c="8 31" t="1"/>
		<b id="33" c="8 32" t="1"/>
		<b id="34" c="9 33" t="1"/>
		<b id="35" c="9 34" t="1"/>
		<b id="36" c="9 35" t="1"/>
		<b id="37" c="10 36" t="1"/>
		<b id="38" c="11 37" t="1"/>
		<b id="39" c="11 38" t="1"/>
		<b id="40" c="12 39" t="1"/>
		<b id="41" c="12 40" t="1"/>
		<b id="42" c="15 41" t="1"/>
		<b id="43" c="16 42" t="1"/>
		<b id="44" c="18 43" t="1"/>
		<b id="45" c="18 44" t="1"/>
		<b id="46" c="19 45" t="1"/>
		<b id="47" c="22 46" t="1"/>
		<b id="48" c="22 47" t="1"/>
		<b id="49" c="23 48" t="1"/>
		<b id="50" c="23 49" t="1"/>
	</bonds>
	<geometry>
		<g u="A" t="cart/3d">#49,3:1.0830,-0.0318,0.2354;2.4995,0.0095,-0.0384;3.3230,-1.0220,0.2848;4.5137,-1.0127,0.0589;2.6573,-2.0383,0.8683;3.3688,-3.2240,1.2918;4.4250,-2.8692,2.3385;2.2807,-4.1028,1.9126;4.0003,-3.9264,0.0901;3.1549,1.1965,-0.5862;3.6698,2.1413,0.5122;2.6030,3.1203,1.0070;1.9847,3.8629,-0.0670;2.4215,5.1186,-0.4644;1.5670,5.9381,-1.2169;1.9074,7.2129,-1.6098;3.1340,7.7703,-1.2522;3.5145,9.0235,-1.7021;3.9929,6.9921,-0.4853;3.6421,5.7085,-0.1188;4.5717,5.0368,0.6158;1.3388,2.9810,-1.0117;2.3260,1.9692,-1.6157;0.8165,-1.0400,0.5392;0.5157,0.2202,-0.6612;0.8122,0.6549,1.0409;3.9648,-2.3337,3.1666;5.1924,-2.2406,1.8960;4.8845,-3.7779,2.7169;1.8120,-3.5839,2.7449;2.7146,-5.0307,2.2724;1.5172,-4.3313,1.1733;4.7650,-3.2936,-0.3512;3.2411,-4.1379,-0.6601;4.4527,-4.8614,0.4087;4.0362,0.7910,-1.0991;4.5063,2.7093,0.1055;4.0473,1.5489,1.3456;3.0346,3.8103,1.7309;1.8020,2.5711,1.5166;0.5913,5.5635,-1.4841;1.2094,7.7957,-2.1925;2.7595,9.6409,-1.9551;4.2480,9.4705,-1.1753;4.9556,7.3696,-0.1759;0.9065,3.5606,-1.8269;0.5237,2.4697,-0.4909;3.0320,2.5302,-2.2326;1.7948,1.2766,-2.2700;</g>
	</geometry>
	<conformers/>
	<properties/>
</molecule>
