<?xml version="1.0" ?>
<!--MOLLI PACKAGE EXPERIMENTAL XML FORMAT-->
<molecule name="nuc531">
	<atoms>
		<a id="1" s="C" t="C.3" l="C"/>
		<a id="2" s="C" t="C.3" l="C"/>
		<a id="3" s="N" t="N.am" l="N"/>
		<a id="4" s="C" t="C.2" l="C"/>
		<a id="5" s="O" t="O.2" l="O"/>
		<a id="6" s="O" t="O.3" l="O"/>
		<a id="7" s="C" t="C.3" l="C"/>
		<a id="8" s="C" t="C.3" l="C"/>
		<a id="9" s="C" t="C.3" l="C"/>
		<a id="10" s="C" t="C.3" l="C"/>
		<a id="11" s="C" t="C.3" l="C"/>
		<a id="12" s="C" t="C.3" l="C"/>
		<a id="13" s="C" t="C.3" l="C"/>
		<a id="14" s="N" t="N.pl3" l="N"/>
		<a id="15" s="C" t="C.ar" l="C"/>
		<a id="16" s="C" t="C.ar" l="C"/>
		<a id="17" s="C" t="C.ar" l="C"/>
		<a id="18" s="C" t="C.ar" l="C"/>
		<a id="19" s="N" t="N.pl3" l="N"/>
		<a id="20" s="C" t="C.ar" l="C"/>
		<a id="21" s="C" t="C.ar" l="C"/>
		<a id="22" s="F" t="F" l="F"/>
		<a id="23" s="C" t="C.3" l="C"/>
		<a id="24" s="C" t="C.3" l="C"/>
		<a id="25" s="H" t="H" l="H"/>
		<a id="26" s="H" t="H" l="H"/>
		<a id="27" s="H" t="H" l="H"/>
		<a id="28" s="H" t="H" l="H"/>
		<a id="29" s="H" t="H" l="H"/>
		<a id="30" s="H" t="H" l="H"/>
		<a id="31" s="H" t="H" l="H"/>
		<a id="32" s="H" t="H" l="H"/>
		<a id="33" s="H" t="H" l="H"/>
		<a id="34" s="H" t="H" l="H"/>
		<a id="35" s="H" t="H" l="H"/>
		<a id="36" s="H" t="H" l="H"/>
		<a id="37" s="H" t="H" l="H"/>
		<a id="38" s="H" t="H" l="H"/>
		<a id="39" s="H" t="H" l="H"/>
		<a id="40" s="H" t="H" l="H"/>
		<a id="41" s="H" t="H" l="H"/>
		<a id="42" s="H" t="H" l="H"/>
		<a id="43" s="H" t="H" l="H"/>
		<a id="44" s="H" t="H" l="H"/>
		<a id="45" s="H" t="H" l="H"/>
		<a id="46" s="H" t="H" l="H"/>
		<a id="47" s="H" t="H" l="H"/>
		<a id="48" s="H" t="H" l="H"/>
		<a id="49" s="H" t="H" l="H"/>
		<a id="50" s="H" t="H" l="H"/>
		<a id="51" s="H" t="H" l="H"/>
		<a id="52" s="H" t="H" l="H"/>
	</atoms>
	<bonds>
		<b id="1" c="1 2" t="1"/>
		<b id="2" c="2 3" t="1"/>
		<b id="3" c="3 4" t="am"/>
		<b id="4" c="4 5" t="2"/>
		<b id="5" c="4 6" t="1"/>
		<b id="6" c="6 7" t="1"/>
		<b id="7" c="7 8" t="1"/>
		<b id="8" c="7 9" t="1"/>
		<b id="9" c="7 10" t="1"/>
		<b id="10" c="3 11" t="1"/>
		<b id="11" c="11 12" t="1"/>
		<b id="12" c="12 13" t="1"/>
		<b id="13" c="13 14" t="1"/>
		<b id="14" c="14 15" t="1"/>
		<b id="15" c="15 16" t="ar"/>
		<b id="16" c="16 17" t="ar"/>
		<b id="17" c="17 18" t="ar"/>
		<b id="18" c="18 19" t="1"/>
		<b id="19" c="18 20" t="ar"/>
		<b id="20" c="20 21" t="ar"/>
		<b id="21" c="15 21" t="ar"/>
		<b id="22" c="21 22" t="1"/>
		<b id="23" c="14 23" t="1"/>
		<b id="24" c="23 24" t="1"/>
		<b id="25" c="11 24" t="1"/>
		<b id="26" c="1 25" t="1"/>
		<b id="27" c="1 26" t="1"/>
		<b id="28" c="1 27" t="1"/>
		<b id="29" c="2 28" t="1"/>
		<b id="30" c="2 29" t="1"/>
		<b id="31" c="8 30" t="1"/>
		<b id="32" c="8 31" t="1"/>
		<b id="33" c="8 32" t="1"/>
		<b id="34" c="9 33" t="1"/>
		<b id="35" c="9 34" t="1"/>
		<b id="36" c="9 35" t="1"/>
		<b id="37" c="10 36" t="1"/>
		<b id="38" c="10 37" t="1"/>
		<b id="39" c="10 38" t="1"/>
		<b id="40" c="11 39" t="1"/>
		<b id="41" c="12 40" t="1"/>
		<b id="42" c="12 41" t="1"/>
		<b id="43" c="13 42" t="1"/>
		<b id="44" c="13 43" t="1"/>
		<b id="45" c="16 44" t="1"/>
		<b id="46" c="17 45" t="1"/>
		<b id="47" c="19 46" t="1"/>
		<b id="48" c="19 47" t="1"/>
		<b id="49" c="20 48" t="1"/>
		<b id="50" c="23 49" t="1"/>
		<b id="51" c="23 50" t="1"/>
		<b id="52" c="24 51" t="1"/>
		<b id="53" c="24 52" t="1"/>
	</bonds>
	<geometry>
		<g u="A" t="cart/3d">#52,3:0.9805,0.3770,-0.9940;1.8897,0.2301,0.2243;2.7112,1.4068,0.4574;2.0472,2.4969,0.9243;0.8680,2.4827,1.2009;2.8560,3.5706,1.0367;2.3474,4.8167,1.5639;1.8437,4.6282,2.9947;3.5643,5.7444,1.5439;1.2431,5.3677,0.6619;4.1516,1.4687,0.2381;4.5220,2.0067,-1.1555;4.6004,0.9072,-2.2084;5.5532,-0.0956,-1.7854;6.3497,-0.7191,-2.7407;7.1394,0.0691,-3.5872;7.9896,-0.4750,-4.5233;8.1181,-1.8580,-4.6557;8.9228,-2.4118,-5.6348;7.3505,-2.6645,-3.8217;6.4839,-2.0992,-2.9083;5.7427,-2.9679,-2.1659;5.0764,-0.8091,-0.6263;4.9137,0.1705,0.5432;0.4062,-0.5355,-1.1335;1.5566,0.5694,-1.8957;0.2925,1.2025,-0.8372;2.5377,-0.6346,0.1134;1.2594,0.0846,1.1081;2.6272,4.1930,3.6119;0.9821,3.9667,3.0023;1.5578,5.5895,3.4124;4.3533,5.3386,2.1718;3.2885,6.7280,1.9116;3.9443,5.8366,0.5298;0.3888,4.6968,0.6680;1.6083,5.4650,-0.3584;0.9304,6.3446,1.0201;4.4984,2.2110,0.9661;5.5009,2.4837,-1.0853;3.7942,2.7625,-1.4513;4.9087,1.3287,-3.1659;3.6096,0.4466,-2.3471;7.0857,1.1422,-3.4876;8.5753,0.1744,-5.1574;9.6595,-1.8195,-5.9829;9.1986,-3.3693,-5.4875;7.4026,-3.7403,-3.8900;5.8157,-1.5549,-0.3308;4.1344,-1.3364,-0.8435;5.9187,0.4688,0.8488;4.4502,-0.3413,1.3877;</g>
	</geometry>
	<conformers/>
	<properties/>
</molecule>
