<?xml version="1.0" ?>
<!--MOLLI PACKAGE EXPERIMENTAL XML FORMAT-->
<molecule name="nuc533">
	<atoms>
		<a id="1" s="C" t="C.3" l="C"/>
		<a id="2" s="C" t="C.3" l="C"/>
		<a id="3" s="C" t="C.3" l="C"/>
		<a id="4" s="C" t="C.3" l="C"/>
		<a id="5" s="O" t="O.3" l="O"/>
		<a id="6" s="C" t="C.2" l="C"/>
		<a id="7" s="O" t="O.2" l="O"/>
		<a id="8" s="N" t="N.am" l="N"/>
		<a id="9" s="C" t="C.3" l="C"/>
		<a id="10" s="C" t="C.3" l="C"/>
		<a id="11" s="N" t="N.pl3" l="N"/>
		<a id="12" s="C" t="C.ar" l="C"/>
		<a id="13" s="C" t="C.ar" l="C"/>
		<a id="14" s="C" t="C.ar" l="C"/>
		<a id="15" s="C" t="C.ar" l="C"/>
		<a id="16" s="N" t="N.pl3" l="N"/>
		<a id="17" s="C" t="C.ar" l="C"/>
		<a id="18" s="C" t="C.ar" l="C"/>
		<a id="19" s="F" t="F" l="F"/>
		<a id="20" s="C" t="C.3" l="C"/>
		<a id="21" s="C" t="C.3" l="C"/>
		<a id="22" s="H" t="H" l="H"/>
		<a id="23" s="H" t="H" l="H"/>
		<a id="24" s="H" t="H" l="H"/>
		<a id="25" s="H" t="H" l="H"/>
		<a id="26" s="H" t="H" l="H"/>
		<a id="27" s="H" t="H" l="H"/>
		<a id="28" s="H" t="H" l="H"/>
		<a id="29" s="H" t="H" l="H"/>
		<a id="30" s="H" t="H" l="H"/>
		<a id="31" s="H" t="H" l="H"/>
		<a id="32" s="H" t="H" l="H"/>
		<a id="33" s="H" t="H" l="H"/>
		<a id="34" s="H" t="H" l="H"/>
		<a id="35" s="H" t="H" l="H"/>
		<a id="36" s="H" t="H" l="H"/>
		<a id="37" s="H" t="H" l="H"/>
		<a id="38" s="H" t="H" l="H"/>
		<a id="39" s="H" t="H" l="H"/>
		<a id="40" s="H" t="H" l="H"/>
		<a id="41" s="H" t="H" l="H"/>
		<a id="42" s="H" t="H" l="H"/>
		<a id="43" s="H" t="H" l="H"/>
	</atoms>
	<bonds>
		<b id="1" c="1 2" t="1"/>
		<b id="2" c="2 3" t="1"/>
		<b id="3" c="2 4" t="1"/>
		<b id="4" c="2 5" t="1"/>
		<b id="5" c="5 6" t="1"/>
		<b id="6" c="6 7" t="2"/>
		<b id="7" c="6 8" t="am"/>
		<b id="8" c="8 9" t="1"/>
		<b id="9" c="9 10" t="1"/>
		<b id="10" c="10 11" t="1"/>
		<b id="11" c="11 12" t="1"/>
		<b id="12" c="12 13" t="ar"/>
		<b id="13" c="13 14" t="ar"/>
		<b id="14" c="14 15" t="ar"/>
		<b id="15" c="15 16" t="1"/>
		<b id="16" c="15 17" t="ar"/>
		<b id="17" c="17 18" t="ar"/>
		<b id="18" c="12 18" t="ar"/>
		<b id="19" c="18 19" t="1"/>
		<b id="20" c="11 20" t="1"/>
		<b id="21" c="20 21" t="1"/>
		<b id="22" c="8 21" t="1"/>
		<b id="23" c="1 22" t="1"/>
		<b id="24" c="1 23" t="1"/>
		<b id="25" c="1 24" t="1"/>
		<b id="26" c="3 25" t="1"/>
		<b id="27" c="3 26" t="1"/>
		<b id="28" c="3 27" t="1"/>
		<b id="29" c="4 28" t="1"/>
		<b id="30" c="4 29" t="1"/>
		<b id="31" c="4 30" t="1"/>
		<b id="32" c="9 31" t="1"/>
		<b id="33" c="9 32" t="1"/>
		<b id="34" c="10 33" t="1"/>
		<b id="35" c="10 34" t="1"/>
		<b id="36" c="13 35" t="1"/>
		<b id="37" c="14 36" t="1"/>
		<b id="38" c="16 37" t="1"/>
		<b id="39" c="16 38" t="1"/>
		<b id="40" c="17 39" t="1"/>
		<b id="41" c="20 40" t="1"/>
		<b id="42" c="20 41" t="1"/>
		<b id="43" c="21 42" t="1"/>
		<b id="44" c="21 43" t="1"/>
	</bonds>
	<geometry>
		<g u="A" t="cart/3d">#43,3:4.0881,-1.3505,0.5957;3.0471,-0.2386,0.7252;2.3662,0.0342,-0.6155;2.0077,-0.6011,1.7878;3.6637,0.9645,1.2399;4.6542,1.5662,0.5548;5.0735,1.2271,-0.5301;5.1521,2.6251,1.2367;4.7043,3.0739,2.5336;4.3217,4.5582,2.4789;5.4558,5.3015,1.9819;5.6997,6.6121,2.3827;6.9976,7.1277,2.2877;7.3200,8.3961,2.7156;6.3562,9.2242,3.2923;6.6925,10.4602,3.8113;5.0575,8.7358,3.3973;4.7497,7.4710,2.9397;3.4462,7.0914,3.0409;5.8200,4.8825,0.6453;6.2297,3.4101,0.6796;3.6020,-2.2765,0.3019;4.5923,-1.5017,1.5481;4.8269,-1.0837,-0.1548;1.8400,-0.8571,-0.9459;3.1075,0.3062,-1.3614;1.6526,0.8492,-0.5136;1.4786,-1.5035,1.4970;1.2923,0.2094,1.9009;2.4951,-0.7675,2.7450;5.5232,2.9458,3.2531;3.8517,2.4746,2.8469;4.0759,4.8899,3.4871;3.4359,4.6840,1.8368;7.7721,6.5010,1.8732;8.3355,8.7513,2.6212;7.5363,10.8747,3.4499;5.9321,11.1090,3.9353;4.2712,9.3401,3.8232;6.6419,5.4922,0.2723;4.9629,4.9973,-0.0394;7.1217,3.2941,1.3074;6.4377,3.0344,-0.3230;</g>
	</geometry>
	<conformers/>
	<properties/>
</molecule>
