<?xml version="1.0" ?>
<!--MOLLI PACKAGE EXPERIMENTAL XML FORMAT-->
<molecule name="nuc542">
	<atoms>
		<a id="1" s="N" t="N.pl3" l="N"/>
		<a id="2" s="C" t="C.ar" l="C"/>
		<a id="3" s="C" t="C.ar" l="C"/>
		<a id="4" s="C" t="C.ar" l="C"/>
		<a id="5" s="C" t="C.3" l="C"/>
		<a id="6" s="F" t="F" l="F"/>
		<a id="7" s="F" t="F" l="F"/>
		<a id="8" s="F" t="F" l="F"/>
		<a id="9" s="C" t="C.ar" l="C"/>
		<a id="10" s="C" t="C.ar" l="C"/>
		<a id="11" s="C" t="C.3" l="C"/>
		<a id="12" s="F" t="F" l="F"/>
		<a id="13" s="F" t="F" l="F"/>
		<a id="14" s="F" t="F" l="F"/>
		<a id="15" s="C" t="C.ar" l="C"/>
		<a id="16" s="H" t="H" l="H"/>
		<a id="17" s="H" t="H" l="H"/>
		<a id="18" s="H" t="H" l="H"/>
		<a id="19" s="H" t="H" l="H"/>
		<a id="20" s="H" t="H" l="H"/>
	</atoms>
	<bonds>
		<b id="1" c="1 2" t="1"/>
		<b id="2" c="2 3" t="ar"/>
		<b id="3" c="3 4" t="ar"/>
		<b id="4" c="4 5" t="1"/>
		<b id="5" c="5 6" t="1"/>
		<b id="6" c="5 7" t="1"/>
		<b id="7" c="5 8" t="1"/>
		<b id="8" c="4 9" t="ar"/>
		<b id="9" c="9 10" t="ar"/>
		<b id="10" c="10 11" t="1"/>
		<b id="11" c="11 12" t="1"/>
		<b id="12" c="11 13" t="1"/>
		<b id="13" c="11 14" t="1"/>
		<b id="14" c="10 15" t="ar"/>
		<b id="15" c="2 15" t="ar"/>
		<b id="16" c="1 16" t="1"/>
		<b id="17" c="1 17" t="1"/>
		<b id="18" c="3 18" t="1"/>
		<b id="19" c="9 19" t="1"/>
		<b id="20" c="15 20" t="1"/>
	</bonds>
	<geometry>
		<g u="A" t="cart/3d">#20,3:2.3147,-0.0302,-0.0918;0.9578,-0.0125,-0.0295;0.2589,1.2014,-0.0124;-1.1222,1.2073,0.0015;-1.8794,2.5064,0.0249;-1.0827,3.5840,0.0357;-2.6860,2.6413,-1.0414;-2.6701,2.6092,1.1073;-1.8568,0.0269,0.0006;-1.1593,-1.1712,-0.0152;-1.8885,-2.4859,-0.0087;-3.2184,-2.3608,0.0020;-1.5815,-3.2374,-1.0822;-1.5645,-3.2319,1.0649;0.2246,-1.2035,-0.0292;2.8233,0.8201,0.0724;2.7994,-0.8968,0.0585;0.8055,2.1320,-0.0114;-2.9342,0.0467,0.0134;0.7394,-2.1523,-0.0413;</g>
	</geometry>
	<conformers/>
	<properties/>
</molecule>
