<?xml version="1.0" ?>
<!--MOLLI PACKAGE EXPERIMENTAL XML FORMAT-->
<molecule name="nuc543">
	<atoms>
		<a id="1" s="C" t="C.3" l="C"/>
		<a id="2" s="C" t="C.3" l="C"/>
		<a id="3" s="C" t="C.3" l="C"/>
		<a id="4" s="C" t="C.3" l="C"/>
		<a id="5" s="C" t="C.3" l="C"/>
		<a id="6" s="C" t="C.3" l="C"/>
		<a id="7" s="C" t="C.3" l="C"/>
		<a id="8" s="C" t="C.3" l="C"/>
		<a id="9" s="C" t="C.3" l="C"/>
		<a id="10" s="C" t="C.3" l="C"/>
		<a id="11" s="C" t="C.ar" l="C"/>
		<a id="12" s="C" t="C.ar" l="C"/>
		<a id="13" s="C" t="C.ar" l="C"/>
		<a id="14" s="C" t="C.ar" l="C"/>
		<a id="15" s="N" t="N.pl3" l="N"/>
		<a id="16" s="C" t="C.ar" l="C"/>
		<a id="17" s="C" t="C.ar" l="C"/>
		<a id="18" s="H" t="H" l="H"/>
		<a id="19" s="H" t="H" l="H"/>
		<a id="20" s="H" t="H" l="H"/>
		<a id="21" s="H" t="H" l="H"/>
		<a id="22" s="H" t="H" l="H"/>
		<a id="23" s="H" t="H" l="H"/>
		<a id="24" s="H" t="H" l="H"/>
		<a id="25" s="H" t="H" l="H"/>
		<a id="26" s="H" t="H" l="H"/>
		<a id="27" s="H" t="H" l="H"/>
		<a id="28" s="H" t="H" l="H"/>
		<a id="29" s="H" t="H" l="H"/>
		<a id="30" s="H" t="H" l="H"/>
		<a id="31" s="H" t="H" l="H"/>
		<a id="32" s="H" t="H" l="H"/>
		<a id="33" s="H" t="H" l="H"/>
		<a id="34" s="H" t="H" l="H"/>
		<a id="35" s="H" t="H" l="H"/>
		<a id="36" s="H" t="H" l="H"/>
		<a id="37" s="H" t="H" l="H"/>
		<a id="38" s="H" t="H" l="H"/>
		<a id="39" s="H" t="H" l="H"/>
		<a id="40" s="H" t="H" l="H"/>
		<a id="41" s="H" t="H" l="H"/>
		<a id="42" s="H" t="H" l="H"/>
		<a id="43" s="H" t="H" l="H"/>
		<a id="44" s="H" t="H" l="H"/>
	</atoms>
	<bonds>
		<b id="1" c="1 2" t="1"/>
		<b id="2" c="2 3" t="1"/>
		<b id="3" c="3 4" t="1"/>
		<b id="4" c="4 5" t="1"/>
		<b id="5" c="5 6" t="1"/>
		<b id="6" c="6 7" t="1"/>
		<b id="7" c="7 8" t="1"/>
		<b id="8" c="8 9" t="1"/>
		<b id="9" c="9 10" t="1"/>
		<b id="10" c="10 11" t="1"/>
		<b id="11" c="11 12" t="ar"/>
		<b id="12" c="12 13" t="ar"/>
		<b id="13" c="13 14" t="ar"/>
		<b id="14" c="14 15" t="1"/>
		<b id="15" c="14 16" t="ar"/>
		<b id="16" c="16 17" t="ar"/>
		<b id="17" c="11 17" t="ar"/>
		<b id="18" c="1 18" t="1"/>
		<b id="19" c="1 19" t="1"/>
		<b id="20" c="1 20" t="1"/>
		<b id="21" c="2 21" t="1"/>
		<b id="22" c="2 22" t="1"/>
		<b id="23" c="3 23" t="1"/>
		<b id="24" c="3 24" t="1"/>
		<b id="25" c="4 25" t="1"/>
		<b id="26" c="4 26" t="1"/>
		<b id="27" c="5 27" t="1"/>
		<b id="28" c="5 28" t="1"/>
		<b id="29" c="6 29" t="1"/>
		<b id="30" c="6 30" t="1"/>
		<b id="31" c="7 31" t="1"/>
		<b id="32" c="7 32" t="1"/>
		<b id="33" c="8 33" t="1"/>
		<b id="34" c="8 34" t="1"/>
		<b id="35" c="9 35" t="1"/>
		<b id="36" c="9 36" t="1"/>
		<b id="37" c="10 37" t="1"/>
		<b id="38" c="10 38" t="1"/>
		<b id="39" c="12 39" t="1"/>
		<b id="40" c="13 40" t="1"/>
		<b id="41" c="15 41" t="1"/>
		<b id="42" c="15 42" t="1"/>
		<b id="43" c="16 43" t="1"/>
		<b id="44" c="17 44" t="1"/>
	</bonds>
	<geometry>
		<g u="A" t="cart/3d">#44,3:0.8272,0.0100,-0.0035;2.3508,0.0194,0.0139;2.9032,1.2325,0.7584;4.4297,1.2517,0.7805;4.9762,2.4665,1.5266;6.5026,2.4917,1.5503;7.0436,3.7085,2.2977;8.5698,3.7374,2.3236;9.1075,4.9527,3.0745;10.6400,4.9793,3.1006;11.1429,6.1755,3.8568;11.3422,6.1181,5.2304;11.7758,7.2219,5.9367;12.0199,8.4291,5.2834;12.3860,9.5573,5.9962;11.8177,8.4914,3.9054;11.3837,7.3808,3.2098;0.4544,-0.8610,-0.5377;0.4459,0.9028,-0.4945;0.4343,-0.0153,1.0108;2.7253,0.0251,-1.0124;2.7138,-0.8932,0.4925;2.5279,1.2262,1.7846;2.5383,2.1447,0.2801;4.8056,1.2586,-0.2455;4.7954,0.3396,1.2585;4.6002,2.4584,2.5525;4.6085,3.3779,1.0490;6.8795,2.5006,0.5247;6.8712,1.5809,2.0283;6.6659,3.6990,3.3229;6.6739,4.6189,1.8199;8.9479,3.7491,1.2983;8.9395,2.8258,2.7999;8.7334,4.9433,4.1009;8.7426,5.8669,2.6005;11.0138,5.0043,2.0744;11.0038,4.0631,3.5716;11.1623,5.1905,5.7557;11.9303,7.1575,7.0049;12.8015,9.3925,6.8990;12.8312,10.2886,5.4653;12.0049,9.4202,3.3846;11.2364,7.4497,2.1411;</g>
	</geometry>
	<conformers/>
	<properties/>
</molecule>
