<?xml version="1.0" ?>
<!--MOLLI PACKAGE EXPERIMENTAL XML FORMAT-->
<molecule name="nuc545">
	<atoms>
		<a id="1" s="N" t="N.pl3" l="N"/>
		<a id="2" s="C" t="C.ar" l="C"/>
		<a id="3" s="C" t="C.ar" l="C"/>
		<a id="4" s="C" t="C.ar" l="C"/>
		<a id="5" s="C" t="C.ar" l="C"/>
		<a id="6" s="C" t="C.ar" l="C"/>
		<a id="7" s="C" t="C.ar" l="C"/>
		<a id="8" s="C" t="C.ar" l="C"/>
		<a id="9" s="C" t="C.ar" l="C"/>
		<a id="10" s="F" t="F" l="F"/>
		<a id="11" s="C" t="C.ar" l="C"/>
		<a id="12" s="C" t="C.ar" l="C"/>
		<a id="13" s="C" t="C.ar" l="C"/>
		<a id="14" s="C" t="C.ar" l="C"/>
		<a id="15" s="H" t="H" l="H"/>
		<a id="16" s="H" t="H" l="H"/>
		<a id="17" s="H" t="H" l="H"/>
		<a id="18" s="H" t="H" l="H"/>
		<a id="19" s="H" t="H" l="H"/>
		<a id="20" s="H" t="H" l="H"/>
		<a id="21" s="H" t="H" l="H"/>
		<a id="22" s="H" t="H" l="H"/>
		<a id="23" s="H" t="H" l="H"/>
		<a id="24" s="H" t="H" l="H"/>
	</atoms>
	<bonds>
		<b id="1" c="1 2" t="1"/>
		<b id="2" c="2 3" t="ar"/>
		<b id="3" c="3 4" t="ar"/>
		<b id="4" c="4 5" t="ar"/>
		<b id="5" c="5 6" t="1"/>
		<b id="6" c="6 7" t="ar"/>
		<b id="7" c="7 8" t="ar"/>
		<b id="8" c="8 9" t="ar"/>
		<b id="9" c="9 10" t="1"/>
		<b id="10" c="9 11" t="ar"/>
		<b id="11" c="11 12" t="ar"/>
		<b id="12" c="6 12" t="ar"/>
		<b id="13" c="5 13" t="ar"/>
		<b id="14" c="13 14" t="ar"/>
		<b id="15" c="2 14" t="ar"/>
		<b id="16" c="1 15" t="1"/>
		<b id="17" c="1 16" t="1"/>
		<b id="18" c="3 17" t="1"/>
		<b id="19" c="4 18" t="1"/>
		<b id="20" c="7 19" t="1"/>
		<b id="21" c="8 20" t="1"/>
		<b id="22" c="11 21" t="1"/>
		<b id="23" c="12 22" t="1"/>
		<b id="24" c="13 23" t="1"/>
		<b id="25" c="14 24" t="1"/>
	</bonds>
	<geometry>
		<g u="A" t="cart/3d">#24,3:2.3236,0.0077,-0.1278;0.9485,0.0024,-0.0431;0.2337,1.1985,0.0390;-1.1443,1.1942,0.0470;-1.8621,0.0005,-0.0165;-3.3302,0.0005,-0.0002;-4.0496,0.9840,-0.6789;-5.4312,0.9924,-0.6685;-6.0975,0.0031,0.0306;-7.4500,0.0048,0.0466;-5.4175,-0.9877,0.7144;-4.0360,-0.9819,0.6939;-1.1442,-1.1923,-0.0935;0.2338,-1.1949,-0.1096;2.7925,0.8387,0.1938;2.7933,-0.8552,0.0924;0.7735,2.1331,0.0977;-1.6747,2.1312,0.1321;-3.5202,1.7404,-1.2384;-5.9928,1.7484,-1.1946;-5.9687,-1.7425,1.2531;-3.4961,-1.7403,1.2405;-1.6749,-2.1304,-0.1636;0.7737,-2.1288,-0.1778;</g>
	</geometry>
	<conformers/>
	<properties/>
</molecule>
