<?xml version="1.0" ?>
<!--MOLLI PACKAGE EXPERIMENTAL XML FORMAT-->
<molecule name="nuc549">
	<atoms>
		<a id="1" s="C" t="C.3" l="C"/>
		<a id="2" s="C" t="C.3" l="C"/>
		<a id="3" s="C" t="C.3" l="C"/>
		<a id="4" s="C" t="C.3" l="C"/>
		<a id="5" s="O" t="O.3" l="O"/>
		<a id="6" s="C" t="C.2" l="C"/>
		<a id="7" s="O" t="O.2" l="O"/>
		<a id="8" s="N" t="N.am" l="N"/>
		<a id="9" s="C" t="C.3" l="C"/>
		<a id="10" s="C" t="C.3" l="C"/>
		<a id="11" s="C" t="C.3" l="C"/>
		<a id="12" s="N" t="N.3" l="N"/>
		<a id="13" s="C" t="C.3" l="C"/>
		<a id="14" s="C" t="C.2" l="C"/>
		<a id="15" s="O" t="O.2" l="O"/>
		<a id="16" s="N" t="N.am" l="N"/>
		<a id="17" s="C" t="C.3" l="C"/>
		<a id="18" s="C" t="C.3" l="C"/>
		<a id="19" s="C" t="C.3" l="C"/>
		<a id="20" s="C" t="C.3" l="C"/>
		<a id="21" s="C" t="C.3" l="C"/>
		<a id="22" s="C" t="C.3" l="C"/>
		<a id="23" s="H" t="H" l="H"/>
		<a id="24" s="H" t="H" l="H"/>
		<a id="25" s="H" t="H" l="H"/>
		<a id="26" s="H" t="H" l="H"/>
		<a id="27" s="H" t="H" l="H"/>
		<a id="28" s="H" t="H" l="H"/>
		<a id="29" s="H" t="H" l="H"/>
		<a id="30" s="H" t="H" l="H"/>
		<a id="31" s="H" t="H" l="H"/>
		<a id="32" s="H" t="H" l="H"/>
		<a id="33" s="H" t="H" l="H"/>
		<a id="34" s="H" t="H" l="H"/>
		<a id="35" s="H" t="H" l="H"/>
		<a id="36" s="H" t="H" l="H"/>
		<a id="37" s="H" t="H" l="H"/>
		<a id="38" s="H" t="H" l="H"/>
		<a id="39" s="H" t="H" l="H"/>
		<a id="40" s="H" t="H" l="H"/>
		<a id="41" s="H" t="H" l="H"/>
		<a id="42" s="H" t="H" l="H"/>
		<a id="43" s="H" t="H" l="H"/>
		<a id="44" s="H" t="H" l="H"/>
		<a id="45" s="H" t="H" l="H"/>
		<a id="46" s="H" t="H" l="H"/>
		<a id="47" s="H" t="H" l="H"/>
		<a id="48" s="H" t="H" l="H"/>
		<a id="49" s="H" t="H" l="H"/>
		<a id="50" s="H" t="H" l="H"/>
		<a id="51" s="H" t="H" l="H"/>
	</atoms>
	<bonds>
		<b id="1" c="1 2" t="1"/>
		<b id="2" c="2 3" t="1"/>
		<b id="3" c="2 4" t="1"/>
		<b id="4" c="2 5" t="1"/>
		<b id="5" c="5 6" t="1"/>
		<b id="6" c="6 7" t="2"/>
		<b id="7" c="6 8" t="am"/>
		<b id="8" c="8 9" t="1"/>
		<b id="9" c="9 10" t="1"/>
		<b id="10" c="10 11" t="1"/>
		<b id="11" c="11 12" t="1"/>
		<b id="12" c="11 13" t="1"/>
		<b id="13" c="14 15" t="2"/>
		<b id="14" c="14 16" t="am"/>
		<b id="15" c="16 17" t="1"/>
		<b id="16" c="17 18" t="1"/>
		<b id="17" c="18 19" t="1"/>
		<b id="18" c="19 20" t="1"/>
		<b id="19" c="20 21" t="1"/>
		<b id="20" c="17 21" t="1"/>
		<b id="21" c="13 22" t="1"/>
		<b id="22" c="8 22" t="1"/>
		<b id="23" c="13 14" t="1"/>
		<b id="24" c="1 23" t="1"/>
		<b id="25" c="1 24" t="1"/>
		<b id="26" c="1 25" t="1"/>
		<b id="27" c="3 26" t="1"/>
		<b id="28" c="3 27" t="1"/>
		<b id="29" c="3 28" t="1"/>
		<b id="30" c="4 29" t="1"/>
		<b id="31" c="4 30" t="1"/>
		<b id="32" c="4 31" t="1"/>
		<b id="33" c="9 32" t="1"/>
		<b id="34" c="9 33" t="1"/>
		<b id="35" c="10 34" t="1"/>
		<b id="36" c="10 35" t="1"/>
		<b id="37" c="11 36" t="1"/>
		<b id="38" c="12 37" t="1"/>
		<b id="39" c="12 38" t="1"/>
		<b id="40" c="13 39" t="1"/>
		<b id="41" c="16 40" t="1"/>
		<b id="42" c="17 41" t="1"/>
		<b id="43" c="18 42" t="1"/>
		<b id="44" c="18 43" t="1"/>
		<b id="45" c="19 44" t="1"/>
		<b id="46" c="19 45" t="1"/>
		<b id="47" c="20 46" t="1"/>
		<b id="48" c="20 47" t="1"/>
		<b id="49" c="21 48" t="1"/>
		<b id="50" c="21 49" t="1"/>
		<b id="51" c="22 50" t="1"/>
		<b id="52" c="22 51" t="1"/>
	</bonds>
	<geometry>
		<g u="A" t="cart/3d">#51,3:4.1594,0.1947,1.1364;3.1692,0.5579,0.0293;2.1929,-0.5869,-0.2366;2.4102,1.8363,0.3879;3.8777,0.9090,-1.1820;4.6616,0.0173,-1.8003;4.8601,-1.1255,-1.4428;5.2901,0.5662,-2.8728;4.9356,1.8452,-3.4486;4.0523,1.6482,-4.6807;4.6970,0.6962,-5.7063;5.8207,1.2577,-6.4416;5.1423,-0.6097,-5.0228;3.9237,-1.4645,-4.6516;2.7786,-1.0665,-4.7362;4.2397,-2.7184,-4.2778;3.2577,-3.6787,-3.8224;3.3829,-3.9589,-2.3100;4.0226,-5.3412,-2.2128;3.4164,-6.0811,-3.4019;3.4598,-5.0400,-4.5210;5.9958,-0.3066,-3.7812;3.6244,0.0278,2.0669;4.8732,1.0036,1.2786;4.7011,-0.7087,0.8716;1.5790,-0.7568,0.6438;2.7368,-1.4971,-0.4704;1.5496,-0.3403,-1.0785;1.8371,1.6865,1.2981;1.7331,2.1040,-0.4191;3.1096,2.6547,0.5390;5.8681,2.3603,-3.7158;4.4162,2.4401,-2.6981;3.8576,2.6153,-5.1496;3.1017,1.2141,-4.3724;3.9356,0.4361,-6.4510;6.5310,1.6039,-5.8056;5.5102,2.0399,-7.0062;5.7513,-1.1722,-5.7383;5.2052,-2.9625,-4.1208;2.2878,-3.2372,-4.0637;2.3902,-3.9747,-1.8588;3.9702,-3.1839,-1.8214;3.8174,-5.8311,-1.2633;5.1034,-5.2663,-2.3347;2.3814,-6.3457,-3.1796;3.9586,-6.9897,-3.6595;2.7088,-5.2217,-5.2898;4.4420,-5.0522,-5.0017;6.9269,0.1837,-4.0837;6.2433,-1.2177,-3.2336;</g>
	</geometry>
	<conformers/>
	<properties/>
</molecule>
