<?xml version="1.0" ?>
<!--MOLLI PACKAGE EXPERIMENTAL XML FORMAT-->
<molecule name="nuc550">
	<atoms>
		<a id="1" s="C" t="C.3" l="C"/>
		<a id="2" s="C" t="C.3" l="C"/>
		<a id="3" s="C" t="C.3" l="C"/>
		<a id="4" s="C" t="C.3" l="C"/>
		<a id="5" s="O" t="O.3" l="O"/>
		<a id="6" s="C" t="C.2" l="C"/>
		<a id="7" s="O" t="O.2" l="O"/>
		<a id="8" s="N" t="N.am" l="N"/>
		<a id="9" s="C" t="C.3" l="C"/>
		<a id="10" s="C" t="C.3" l="C"/>
		<a id="11" s="C" t="C.3" l="C"/>
		<a id="12" s="N" t="N.3" l="N"/>
		<a id="13" s="C" t="C.3" l="C"/>
		<a id="14" s="C" t="C.2" l="C"/>
		<a id="15" s="O" t="O.2" l="O"/>
		<a id="16" s="N" t="N.am" l="N"/>
		<a id="17" s="C" t="C.3" l="C"/>
		<a id="18" s="C" t="C.3" l="C"/>
		<a id="19" s="C" t="C.3" l="C"/>
		<a id="20" s="C" t="C.3" l="C"/>
		<a id="21" s="C" t="C.3" l="C"/>
		<a id="22" s="H" t="H" l="H"/>
		<a id="23" s="H" t="H" l="H"/>
		<a id="24" s="H" t="H" l="H"/>
		<a id="25" s="H" t="H" l="H"/>
		<a id="26" s="H" t="H" l="H"/>
		<a id="27" s="H" t="H" l="H"/>
		<a id="28" s="H" t="H" l="H"/>
		<a id="29" s="H" t="H" l="H"/>
		<a id="30" s="H" t="H" l="H"/>
		<a id="31" s="H" t="H" l="H"/>
		<a id="32" s="H" t="H" l="H"/>
		<a id="33" s="H" t="H" l="H"/>
		<a id="34" s="H" t="H" l="H"/>
		<a id="35" s="H" t="H" l="H"/>
		<a id="36" s="H" t="H" l="H"/>
		<a id="37" s="H" t="H" l="H"/>
		<a id="38" s="H" t="H" l="H"/>
		<a id="39" s="H" t="H" l="H"/>
		<a id="40" s="H" t="H" l="H"/>
		<a id="41" s="H" t="H" l="H"/>
		<a id="42" s="H" t="H" l="H"/>
		<a id="43" s="H" t="H" l="H"/>
		<a id="44" s="H" t="H" l="H"/>
		<a id="45" s="H" t="H" l="H"/>
		<a id="46" s="H" t="H" l="H"/>
		<a id="47" s="H" t="H" l="H"/>
		<a id="48" s="H" t="H" l="H"/>
	</atoms>
	<bonds>
		<b id="1" c="1 2" t="1"/>
		<b id="2" c="2 3" t="1"/>
		<b id="3" c="2 4" t="1"/>
		<b id="4" c="2 5" t="1"/>
		<b id="5" c="5 6" t="1"/>
		<b id="6" c="6 7" t="2"/>
		<b id="7" c="6 8" t="am"/>
		<b id="8" c="8 9" t="1"/>
		<b id="9" c="9 10" t="1"/>
		<b id="10" c="10 11" t="1"/>
		<b id="11" c="11 12" t="1"/>
		<b id="12" c="11 13" t="1"/>
		<b id="13" c="14 15" t="2"/>
		<b id="14" c="14 16" t="am"/>
		<b id="15" c="16 17" t="1"/>
		<b id="16" c="17 18" t="1"/>
		<b id="17" c="18 19" t="1"/>
		<b id="18" c="19 20" t="1"/>
		<b id="19" c="18 20" t="1"/>
		<b id="20" c="13 21" t="1"/>
		<b id="21" c="8 21" t="1"/>
		<b id="22" c="13 14" t="1"/>
		<b id="23" c="1 22" t="1"/>
		<b id="24" c="1 23" t="1"/>
		<b id="25" c="1 24" t="1"/>
		<b id="26" c="3 25" t="1"/>
		<b id="27" c="3 26" t="1"/>
		<b id="28" c="3 27" t="1"/>
		<b id="29" c="4 28" t="1"/>
		<b id="30" c="4 29" t="1"/>
		<b id="31" c="4 30" t="1"/>
		<b id="32" c="9 31" t="1"/>
		<b id="33" c="9 32" t="1"/>
		<b id="34" c="10 33" t="1"/>
		<b id="35" c="10 34" t="1"/>
		<b id="36" c="11 35" t="1"/>
		<b id="37" c="12 36" t="1"/>
		<b id="38" c="12 37" t="1"/>
		<b id="39" c="13 38" t="1"/>
		<b id="40" c="16 39" t="1"/>
		<b id="41" c="17 40" t="1"/>
		<b id="42" c="17 41" t="1"/>
		<b id="43" c="18 42" t="1"/>
		<b id="44" c="19 43" t="1"/>
		<b id="45" c="19 44" t="1"/>
		<b id="46" c="20 45" t="1"/>
		<b id="47" c="20 46" t="1"/>
		<b id="48" c="21 47" t="1"/>
		<b id="49" c="21 48" t="1"/>
	</bonds>
	<geometry>
		<g u="A" t="cart/3d">#48,3:4.0972,1.0149,0.5966;3.1859,0.5879,-0.5537;2.2400,-0.5343,-0.1266;2.3901,1.7825,-1.0824;3.9793,0.1722,-1.6898;4.7276,-0.9334,-1.6200;4.9014,-1.6153,-0.6328;5.3630,-1.1857,-2.8023;4.9950,-0.5314,-4.0404;3.8944,-1.3162,-4.7538;4.2747,-2.7970,-4.9480;5.2641,-3.0421,-5.9879;4.7778,-3.4103,-3.6280;3.6325,-3.5738,-2.6238;2.5467,-3.0420,-2.7461;3.9381,-4.3841,-1.5944;3.0705,-4.5665,-0.4503;2.9440,-6.0302,-0.1055;2.6695,-6.4399,1.3090;4.0198,-6.6862,0.7096;5.8686,-2.5250,-2.9997;3.4955,1.3631,1.4315;4.7565,1.8183,0.2744;4.7022,0.1732,0.9221;1.4882,-0.1427,0.5531;2.7939,-1.3251,0.3703;1.7489,-0.9579,-1.0003;1.7843,2.2071,-0.2874;1.7411,1.4652,-1.8942;3.0680,2.5450,-1.4578;5.8990,-0.4732,-4.6586;4.6609,0.4817,-3.8206;3.6843,-0.8608,-5.7246;2.9885,-1.2791,-4.1494;3.3705,-3.3425,-5.2435;6.0964,-2.4849,-5.8280;4.8907,-2.7782,-6.8926;5.1998,-4.3946,-3.8519;4.8740,-4.7461,-1.5061;2.1017,-4.1410,-0.7239;3.4732,-4.0082,0.4027;2.4902,-6.6217,-0.8910;2.0201,-7.2838,1.4832;2.5779,-5.6617,2.0511;4.3023,-7.7012,0.4749;4.8413,-6.0744,1.0510;6.7430,-2.4771,-3.6547;6.1774,-2.9106,-2.0265;</g>
	</geometry>
	<conformers/>
	<properties/>
</molecule>
