<?xml version="1.0" ?>
<!--MOLLI PACKAGE EXPERIMENTAL XML FORMAT-->
<molecule name="nuc552">
	<atoms>
		<a id="1" s="C" t="C.3" l="C"/>
		<a id="2" s="C" t="C.3" l="C"/>
		<a id="3" s="C" t="C.3" l="C"/>
		<a id="4" s="C" t="C.3" l="C"/>
		<a id="5" s="O" t="O.3" l="O"/>
		<a id="6" s="C" t="C.2" l="C"/>
		<a id="7" s="O" t="O.2" l="O"/>
		<a id="8" s="N" t="N.am" l="N"/>
		<a id="9" s="C" t="C.3" l="C"/>
		<a id="10" s="C" t="C.3" l="C"/>
		<a id="11" s="C" t="C.3" l="C"/>
		<a id="12" s="N" t="N.3" l="N"/>
		<a id="13" s="C" t="C.3" l="C"/>
		<a id="14" s="C" t="C.2" l="C"/>
		<a id="15" s="O" t="O.2" l="O"/>
		<a id="16" s="N" t="N.am" l="N"/>
		<a id="17" s="C" t="C.3" l="C"/>
		<a id="18" s="C" t="C.3" l="C"/>
		<a id="19" s="C" t="C.3" l="C"/>
		<a id="20" s="C" t="C.3" l="C"/>
		<a id="21" s="O" t="O.3" l="O"/>
		<a id="22" s="C" t="C.3" l="C"/>
		<a id="23" s="C" t="C.3" l="C"/>
		<a id="24" s="H" t="H" l="H"/>
		<a id="25" s="H" t="H" l="H"/>
		<a id="26" s="H" t="H" l="H"/>
		<a id="27" s="H" t="H" l="H"/>
		<a id="28" s="H" t="H" l="H"/>
		<a id="29" s="H" t="H" l="H"/>
		<a id="30" s="H" t="H" l="H"/>
		<a id="31" s="H" t="H" l="H"/>
		<a id="32" s="H" t="H" l="H"/>
		<a id="33" s="H" t="H" l="H"/>
		<a id="34" s="H" t="H" l="H"/>
		<a id="35" s="H" t="H" l="H"/>
		<a id="36" s="H" t="H" l="H"/>
		<a id="37" s="H" t="H" l="H"/>
		<a id="38" s="H" t="H" l="H"/>
		<a id="39" s="H" t="H" l="H"/>
		<a id="40" s="H" t="H" l="H"/>
		<a id="41" s="H" t="H" l="H"/>
		<a id="42" s="H" t="H" l="H"/>
		<a id="43" s="H" t="H" l="H"/>
		<a id="44" s="H" t="H" l="H"/>
		<a id="45" s="H" t="H" l="H"/>
		<a id="46" s="H" t="H" l="H"/>
		<a id="47" s="H" t="H" l="H"/>
		<a id="48" s="H" t="H" l="H"/>
		<a id="49" s="H" t="H" l="H"/>
		<a id="50" s="H" t="H" l="H"/>
		<a id="51" s="H" t="H" l="H"/>
		<a id="52" s="H" t="H" l="H"/>
	</atoms>
	<bonds>
		<b id="1" c="1 2" t="1"/>
		<b id="2" c="2 3" t="1"/>
		<b id="3" c="2 4" t="1"/>
		<b id="4" c="2 5" t="1"/>
		<b id="5" c="5 6" t="1"/>
		<b id="6" c="6 7" t="2"/>
		<b id="7" c="6 8" t="am"/>
		<b id="8" c="8 9" t="1"/>
		<b id="9" c="9 10" t="1"/>
		<b id="10" c="10 11" t="1"/>
		<b id="11" c="11 12" t="1"/>
		<b id="12" c="11 13" t="1"/>
		<b id="13" c="13 14" t="1"/>
		<b id="14" c="14 15" t="2"/>
		<b id="15" c="14 16" t="am"/>
		<b id="16" c="16 17" t="1"/>
		<b id="17" c="17 18" t="1"/>
		<b id="18" c="18 19" t="1"/>
		<b id="19" c="19 20" t="1"/>
		<b id="20" c="20 21" t="1"/>
		<b id="21" c="21 22" t="1"/>
		<b id="22" c="17 22" t="1"/>
		<b id="23" c="13 23" t="1"/>
		<b id="24" c="8 23" t="1"/>
		<b id="25" c="1 24" t="1"/>
		<b id="26" c="1 25" t="1"/>
		<b id="27" c="1 26" t="1"/>
		<b id="28" c="3 27" t="1"/>
		<b id="29" c="3 28" t="1"/>
		<b id="30" c="3 29" t="1"/>
		<b id="31" c="4 30" t="1"/>
		<b id="32" c="4 31" t="1"/>
		<b id="33" c="4 32" t="1"/>
		<b id="34" c="9 33" t="1"/>
		<b id="35" c="9 34" t="1"/>
		<b id="36" c="10 35" t="1"/>
		<b id="37" c="10 36" t="1"/>
		<b id="38" c="11 37" t="1"/>
		<b id="39" c="12 38" t="1"/>
		<b id="40" c="12 39" t="1"/>
		<b id="41" c="13 40" t="1"/>
		<b id="42" c="16 41" t="1"/>
		<b id="43" c="17 42" t="1"/>
		<b id="44" c="18 43" t="1"/>
		<b id="45" c="18 44" t="1"/>
		<b id="46" c="19 45" t="1"/>
		<b id="47" c="19 46" t="1"/>
		<b id="48" c="20 47" t="1"/>
		<b id="49" c="20 48" t="1"/>
		<b id="50" c="22 49" t="1"/>
		<b id="51" c="22 50" t="1"/>
		<b id="52" c="23 51" t="1"/>
		<b id="53" c="23 52" t="1"/>
	</bonds>
	<geometry>
		<g u="A" t="cart/3d">#52,3:3.0523,-1.0531,1.1746;2.4034,0.1108,0.4260;2.1090,-0.2657,-1.0254;1.1222,0.5543,1.1348;3.2534,1.2813,0.4852;4.4878,1.2503,-0.0507;4.9859,0.3086,-0.6227;5.1398,2.4261,0.1415;4.5873,3.5586,0.8469;4.6585,4.8274,-0.0068;6.0967,5.0817,-0.4950;7.0204,5.4051,0.5871;6.5449,3.8345,-1.2804;7.9289,3.9417,-1.9272;8.1230,3.6080,-3.0789;8.8896,4.3779,-1.0976;10.2519,4.6010,-1.5243;11.1824,3.5266,-0.9451;11.2465,3.6697,0.5739;11.6144,5.1079,0.9378;10.7170,6.0404,0.3780;10.7090,5.9783,-1.0295;6.4786,2.5944,-0.3811;2.3737,-1.9011,1.1921;3.2789,-0.7599,2.1979;3.9737,-1.3467,0.6796;1.4159,-1.1019,-1.0523;3.0278,-0.5500,-1.5302;1.6655,0.5787,-1.5490;0.4078,-0.2630,1.1551;0.6802,1.3993,0.6129;1.3454,0.8563,2.1551;5.1446,3.7014,1.7845;3.5523,3.3392,1.1044;4.3048,5.6763,0.5833;4.0032,4.7175,-0.8712;6.1003,5.9391,-1.1783;6.9119,4.7551,1.3570;6.8498,6.3388,0.9389;5.8388,3.6872,-2.1034;8.5921,4.8182,-0.2272;10.2692,4.5609,-2.6185;12.1791,3.6517,-1.3734;10.8112,2.5400,-1.2219;11.9872,2.9882,0.9919;10.2735,3.4286,1.0039;12.6375,5.3260,0.5922;11.5660,5.2637,2.0176;11.7119,6.1975,-1.4266;10.0161,6.7545,-1.3589;7.1936,2.6863,0.4453;6.7210,1.6977,-0.9538;</g>
	</geometry>
	<conformers/>
	<properties/>
</molecule>
