<?xml version="1.0" ?>
<!--MOLLI PACKAGE EXPERIMENTAL XML FORMAT-->
<molecule name="nuc553">
	<atoms>
		<a id="1" s="C" t="C.3" l="C"/>
		<a id="2" s="O" t="O.3" l="O"/>
		<a id="3" s="C" t="C.3" l="C"/>
		<a id="4" s="C" t="C.3" l="C"/>
		<a id="5" s="C" t="C.3" l="C"/>
		<a id="6" s="N" t="N.am" l="N"/>
		<a id="7" s="C" t="C.2" l="C"/>
		<a id="8" s="O" t="O.2" l="O"/>
		<a id="9" s="C" t="C.3" l="C"/>
		<a id="10" s="C" t="C.3" l="C"/>
		<a id="11" s="N" t="N.am" l="N"/>
		<a id="12" s="C" t="C.2" l="C"/>
		<a id="13" s="O" t="O.2" l="O"/>
		<a id="14" s="O" t="O.3" l="O"/>
		<a id="15" s="C" t="C.3" l="C"/>
		<a id="16" s="C" t="C.3" l="C"/>
		<a id="17" s="C" t="C.3" l="C"/>
		<a id="18" s="C" t="C.3" l="C"/>
		<a id="19" s="C" t="C.3" l="C"/>
		<a id="20" s="C" t="C.3" l="C"/>
		<a id="21" s="C" t="C.3" l="C"/>
		<a id="22" s="N" t="N.3" l="N"/>
		<a id="23" s="H" t="H" l="H"/>
		<a id="24" s="H" t="H" l="H"/>
		<a id="25" s="H" t="H" l="H"/>
		<a id="26" s="H" t="H" l="H"/>
		<a id="27" s="H" t="H" l="H"/>
		<a id="28" s="H" t="H" l="H"/>
		<a id="29" s="H" t="H" l="H"/>
		<a id="30" s="H" t="H" l="H"/>
		<a id="31" s="H" t="H" l="H"/>
		<a id="32" s="H" t="H" l="H"/>
		<a id="33" s="H" t="H" l="H"/>
		<a id="34" s="H" t="H" l="H"/>
		<a id="35" s="H" t="H" l="H"/>
		<a id="36" s="H" t="H" l="H"/>
		<a id="37" s="H" t="H" l="H"/>
		<a id="38" s="H" t="H" l="H"/>
		<a id="39" s="H" t="H" l="H"/>
		<a id="40" s="H" t="H" l="H"/>
		<a id="41" s="H" t="H" l="H"/>
		<a id="42" s="H" t="H" l="H"/>
		<a id="43" s="H" t="H" l="H"/>
		<a id="44" s="H" t="H" l="H"/>
		<a id="45" s="H" t="H" l="H"/>
		<a id="46" s="H" t="H" l="H"/>
		<a id="47" s="H" t="H" l="H"/>
		<a id="48" s="H" t="H" l="H"/>
		<a id="49" s="H" t="H" l="H"/>
		<a id="50" s="H" t="H" l="H"/>
		<a id="51" s="H" t="H" l="H"/>
	</atoms>
	<bonds>
		<b id="1" c="1 2" t="1"/>
		<b id="2" c="2 3" t="1"/>
		<b id="3" c="3 4" t="1"/>
		<b id="4" c="3 5" t="1"/>
		<b id="5" c="5 6" t="1"/>
		<b id="6" c="6 7" t="am"/>
		<b id="7" c="7 8" t="2"/>
		<b id="8" c="7 9" t="1"/>
		<b id="9" c="9 10" t="1"/>
		<b id="10" c="10 11" t="1"/>
		<b id="11" c="11 12" t="am"/>
		<b id="12" c="12 13" t="2"/>
		<b id="13" c="12 14" t="1"/>
		<b id="14" c="14 15" t="1"/>
		<b id="15" c="15 16" t="1"/>
		<b id="16" c="15 17" t="1"/>
		<b id="17" c="15 18" t="1"/>
		<b id="18" c="11 19" t="1"/>
		<b id="19" c="19 20" t="1"/>
		<b id="20" c="20 21" t="1"/>
		<b id="21" c="9 21" t="1"/>
		<b id="22" c="21 22" t="1"/>
		<b id="23" c="1 23" t="1"/>
		<b id="24" c="1 24" t="1"/>
		<b id="25" c="1 25" t="1"/>
		<b id="26" c="3 26" t="1"/>
		<b id="27" c="4 27" t="1"/>
		<b id="28" c="4 28" t="1"/>
		<b id="29" c="4 29" t="1"/>
		<b id="30" c="5 30" t="1"/>
		<b id="31" c="5 31" t="1"/>
		<b id="32" c="6 32" t="1"/>
		<b id="33" c="9 33" t="1"/>
		<b id="34" c="10 34" t="1"/>
		<b id="35" c="10 35" t="1"/>
		<b id="36" c="16 36" t="1"/>
		<b id="37" c="16 37" t="1"/>
		<b id="38" c="16 38" t="1"/>
		<b id="39" c="17 39" t="1"/>
		<b id="40" c="17 40" t="1"/>
		<b id="41" c="17 41" t="1"/>
		<b id="42" c="18 42" t="1"/>
		<b id="43" c="18 43" t="1"/>
		<b id="44" c="18 44" t="1"/>
		<b id="45" c="19 45" t="1"/>
		<b id="46" c="19 46" t="1"/>
		<b id="47" c="20 47" t="1"/>
		<b id="48" c="20 48" t="1"/>
		<b id="49" c="21 49" t="1"/>
		<b id="50" c="22 50" t="1"/>
		<b id="51" c="22 51" t="1"/>
	</bonds>
	<geometry>
		<g u="A" t="cart/3d">#51,3:2.2199,-0.8923,2.8437;2.7729,0.2391,2.2228;3.6588,-0.0405,1.1488;2.9356,-0.5141,-0.1115;4.4157,1.2684,0.8781;5.1214,1.7117,2.0540;6.4551,1.5423,2.2006;7.1666,1.1535,1.2979;6.9609,1.9106,3.5945;6.9457,3.4396,3.7765;7.9657,4.0726,2.9792;7.7267,4.6499,1.7706;8.6095,5.0349,1.0396;6.4065,4.7921,1.5514;5.9390,5.3891,0.3199;6.3942,4.5499,-0.8733;4.4149,5.3559,0.4508;6.4271,6.8329,0.1996;9.3084,3.6294,3.2881;9.4293,2.1246,3.0559;8.3685,1.3370,3.8453;8.5972,1.2740,5.2825;1.6813,-0.5282,3.7172;3.0032,-1.5910,3.1639;1.5198,-1.4213,2.1887;4.3821,-0.8089,1.4697;2.1763,0.2111,-0.3945;2.4577,-1.4764,0.0526;3.6488,-0.6186,-0.9238;3.6961,2.0332,0.5743;5.1556,1.1143,0.0911;4.5435,1.9083,2.8559;6.2877,1.4690,4.3364;7.1412,3.6783,4.8286;5.9750,3.8500,3.5004;6.1219,3.5081,-0.7185;7.4731,4.6127,-0.9826;5.9220,4.9126,-1.7823;4.0745,4.3303,0.5623;3.9570,5.7901,-0.4331;4.1036,5.9212,1.3256;7.5108,6.8560,0.1311;6.1171,7.4065,1.0709;6.0048,7.2876,-0.6923;9.5238,3.8899,4.3314;9.9967,4.1728,2.6398;10.4274,1.7843,3.3408;9.2823,1.9205,1.9954;8.3750,0.3014,3.4839;8.6933,2.2077,5.6675;9.4601,0.7776,5.4745;</g>
	</geometry>
	<conformers/>
	<properties/>
</molecule>
