<?xml version="1.0" ?>
<!--MOLLI PACKAGE EXPERIMENTAL XML FORMAT-->
<molecule name="nuc554">
	<atoms>
		<a id="1" s="C" t="C.3" l="C"/>
		<a id="2" s="C" t="C.3" l="C"/>
		<a id="3" s="C" t="C.3" l="C"/>
		<a id="4" s="C" t="C.3" l="C"/>
		<a id="5" s="O" t="O.3" l="O"/>
		<a id="6" s="C" t="C.2" l="C"/>
		<a id="7" s="O" t="O.2" l="O"/>
		<a id="8" s="N" t="N.am" l="N"/>
		<a id="9" s="C" t="C.3" l="C"/>
		<a id="10" s="C" t="C.3" l="C"/>
		<a id="11" s="C" t="C.3" l="C"/>
		<a id="12" s="N" t="N.3" l="N"/>
		<a id="13" s="C" t="C.3" l="C"/>
		<a id="14" s="C" t="C.2" l="C"/>
		<a id="15" s="O" t="O.2" l="O"/>
		<a id="16" s="N" t="N.am" l="N"/>
		<a id="17" s="C" t="C.3" l="C"/>
		<a id="18" s="C" t="C.3" l="C"/>
		<a id="19" s="C" t="C.3" l="C"/>
		<a id="20" s="O" t="O.3" l="O"/>
		<a id="21" s="C" t="C.3" l="C"/>
		<a id="22" s="C" t="C.3" l="C"/>
		<a id="23" s="C" t="C.3" l="C"/>
		<a id="24" s="H" t="H" l="H"/>
		<a id="25" s="H" t="H" l="H"/>
		<a id="26" s="H" t="H" l="H"/>
		<a id="27" s="H" t="H" l="H"/>
		<a id="28" s="H" t="H" l="H"/>
		<a id="29" s="H" t="H" l="H"/>
		<a id="30" s="H" t="H" l="H"/>
		<a id="31" s="H" t="H" l="H"/>
		<a id="32" s="H" t="H" l="H"/>
		<a id="33" s="H" t="H" l="H"/>
		<a id="34" s="H" t="H" l="H"/>
		<a id="35" s="H" t="H" l="H"/>
		<a id="36" s="H" t="H" l="H"/>
		<a id="37" s="H" t="H" l="H"/>
		<a id="38" s="H" t="H" l="H"/>
		<a id="39" s="H" t="H" l="H"/>
		<a id="40" s="H" t="H" l="H"/>
		<a id="41" s="H" t="H" l="H"/>
		<a id="42" s="H" t="H" l="H"/>
		<a id="43" s="H" t="H" l="H"/>
		<a id="44" s="H" t="H" l="H"/>
		<a id="45" s="H" t="H" l="H"/>
		<a id="46" s="H" t="H" l="H"/>
		<a id="47" s="H" t="H" l="H"/>
		<a id="48" s="H" t="H" l="H"/>
		<a id="49" s="H" t="H" l="H"/>
		<a id="50" s="H" t="H" l="H"/>
		<a id="51" s="H" t="H" l="H"/>
		<a id="52" s="H" t="H" l="H"/>
	</atoms>
	<bonds>
		<b id="1" c="1 2" t="1"/>
		<b id="2" c="2 3" t="1"/>
		<b id="3" c="2 4" t="1"/>
		<b id="4" c="2 5" t="1"/>
		<b id="5" c="5 6" t="1"/>
		<b id="6" c="6 7" t="2"/>
		<b id="7" c="6 8" t="am"/>
		<b id="8" c="8 9" t="1"/>
		<b id="9" c="9 10" t="1"/>
		<b id="10" c="10 11" t="1"/>
		<b id="11" c="11 13" t="1"/>
		<b id="12" c="13 14" t="1"/>
		<b id="13" c="14 15" t="2"/>
		<b id="14" c="14 16" t="am"/>
		<b id="15" c="16 17" t="1"/>
		<b id="16" c="17 18" t="1"/>
		<b id="17" c="18 19" t="1"/>
		<b id="18" c="19 20" t="1"/>
		<b id="19" c="20 21" t="1"/>
		<b id="20" c="21 22" t="1"/>
		<b id="21" c="17 22" t="1"/>
		<b id="22" c="13 23" t="1"/>
		<b id="23" c="8 23" t="1"/>
		<b id="24" c="11 12" t="1"/>
		<b id="25" c="1 24" t="1"/>
		<b id="26" c="1 25" t="1"/>
		<b id="27" c="1 26" t="1"/>
		<b id="28" c="3 27" t="1"/>
		<b id="29" c="3 28" t="1"/>
		<b id="30" c="3 29" t="1"/>
		<b id="31" c="4 30" t="1"/>
		<b id="32" c="4 31" t="1"/>
		<b id="33" c="4 32" t="1"/>
		<b id="34" c="9 33" t="1"/>
		<b id="35" c="9 34" t="1"/>
		<b id="36" c="10 35" t="1"/>
		<b id="37" c="10 36" t="1"/>
		<b id="38" c="11 37" t="1"/>
		<b id="39" c="12 38" t="1"/>
		<b id="40" c="12 39" t="1"/>
		<b id="41" c="13 40" t="1"/>
		<b id="42" c="16 41" t="1"/>
		<b id="43" c="17 42" t="1"/>
		<b id="44" c="18 43" t="1"/>
		<b id="45" c="18 44" t="1"/>
		<b id="46" c="19 45" t="1"/>
		<b id="47" c="19 46" t="1"/>
		<b id="48" c="21 47" t="1"/>
		<b id="49" c="21 48" t="1"/>
		<b id="50" c="22 49" t="1"/>
		<b id="51" c="22 50" t="1"/>
		<b id="52" c="23 51" t="1"/>
		<b id="53" c="23 52" t="1"/>
	</bonds>
	<geometry>
		<g u="A" t="cart/3d">#52,3:4.2983,1.1518,0.2592;3.1989,0.2636,-0.3222;2.8124,-0.8444,0.6575;1.9733,1.1021,-0.6900;3.6243,-0.3018,-1.5843;4.7154,-1.0857,-1.6452;5.3795,-1.4468,-0.6984;5.0220,-1.4089,-2.9289;4.1373,-1.1951,-4.0517;3.4654,-2.5120,-4.4410;4.5183,-3.5739,-4.7623;3.8573,-4.8028,-5.1573;5.4762,-3.7367,-3.5547;6.6076,-4.6727,-3.9494;7.3874,-4.4062,-4.8406;6.6537,-5.8327,-3.2571;7.6684,-6.8407,-3.4917;7.0765,-8.0862,-4.1671;6.2181,-8.8788,-3.1801;6.9404,-9.2398,-2.0259;7.4174,-8.1134,-1.3284;8.3524,-7.2551,-2.1846;6.0679,-2.3701,-3.1794;3.9329,1.6499,1.1528;4.5940,1.9036,-0.4697;5.1667,0.5521,0.5170;2.4224,-0.4049,1.5712;3.6823,-1.4488,0.8981;2.0479,-1.4821,0.2182;1.5674,1.5754,0.1989;1.2092,0.4710,-1.1366;2.2489,1.8706,-1.4074;4.7362,-0.8241,-4.8902;3.3958,-0.4448,-3.7830;2.8262,-2.3695,-5.3115;2.8424,-2.8594,-3.6134;5.1170,-3.2436,-5.6188;3.3384,-5.1992,-4.3805;4.5342,-5.4875,-5.4733;4.9161,-4.1337,-2.7005;6.0044,-5.9930,-2.5042;8.3912,-6.3679,-4.1660;7.8968,-8.7185,-4.5086;6.4787,-7.7966,-5.0318;5.8858,-9.8180,-3.6268;5.3278,-8.2930,-2.8971;7.9483,-8.5066,-0.4591;6.5669,-7.5100,-0.9689;9.2395,-7.8403,-2.4297;8.6613,-6.3729,-1.6232;6.6936,-2.0184,-4.0053;6.6745,-2.4501,-2.2754;</g>
	</geometry>
	<conformers/>
	<properties/>
</molecule>
