<?xml version="1.0" ?>
<!--MOLLI PACKAGE EXPERIMENTAL XML FORMAT-->
<molecule name="nuc556">
	<atoms>
		<a id="1" s="C" t="C.3" l="C"/>
		<a id="2" s="C" t="C.ar" l="C"/>
		<a id="3" s="N" t="N.ar" l="N"/>
		<a id="4" s="N" t="N.ar" l="N"/>
		<a id="5" s="C" t="C.ar" l="C"/>
		<a id="6" s="N" t="N.pl3" l="N"/>
		<a id="7" s="S" t="S.2" l="S"/>
		<a id="8" s="H" t="H" l="H"/>
		<a id="9" s="H" t="H" l="H"/>
		<a id="10" s="H" t="H" l="H"/>
		<a id="11" s="H" t="H" l="H"/>
		<a id="12" s="H" t="H" l="H"/>
	</atoms>
	<bonds>
		<b id="1" c="1 2" t="1"/>
		<b id="2" c="2 3" t="ar"/>
		<b id="3" c="3 4" t="ar"/>
		<b id="4" c="4 5" t="ar"/>
		<b id="5" c="5 6" t="1"/>
		<b id="6" c="5 7" t="ar"/>
		<b id="7" c="2 7" t="ar"/>
		<b id="8" c="1 8" t="1"/>
		<b id="9" c="1 9" t="1"/>
		<b id="10" c="1 10" t="1"/>
		<b id="11" c="6 11" t="1"/>
		<b id="12" c="6 12" t="1"/>
	</bonds>
	<geometry>
		<g u="A" t="cart/3d">#12,3:1.2825,0.0664,-0.0264;2.7598,0.0720,-0.0446;3.5050,-0.9622,-0.0255;4.8131,-0.7219,-0.0452;5.1061,0.5321,-0.0872;6.3585,1.0281,-0.1857;3.6864,1.5872,-0.0971;0.9339,-0.9623,-0.0042;0.8912,0.5642,-0.9127;0.9117,0.5948,0.8513;7.1026,0.3787,0.0065;6.5115,1.9870,0.0745;</g>
	</geometry>
	<conformers/>
	<properties/>
</molecule>
