<?xml version="1.0" ?>
<!--MOLLI PACKAGE EXPERIMENTAL XML FORMAT-->
<molecule name="nuc558">
	<atoms>
		<a id="1" s="N" t="N.3" l="N"/>
		<a id="2" s="C" t="C.3" l="C"/>
		<a id="3" s="C" t="C.3" l="C"/>
		<a id="4" s="N" t="N.3" l="N"/>
		<a id="5" s="C" t="C.3" l="C"/>
		<a id="6" s="C" t="C.3" l="C"/>
		<a id="7" s="C" t="C.3" l="C"/>
		<a id="8" s="C" t="C.3" l="C"/>
		<a id="9" s="C" t="C.3" l="C"/>
		<a id="10" s="C" t="C.3" l="C"/>
		<a id="11" s="C" t="C.3" l="C"/>
		<a id="12" s="C" t="C.3" l="C"/>
		<a id="13" s="C" t="C.3" l="C"/>
		<a id="14" s="C" t="C.3" l="C"/>
		<a id="15" s="H" t="H" l="H"/>
		<a id="16" s="H" t="H" l="H"/>
		<a id="17" s="H" t="H" l="H"/>
		<a id="18" s="H" t="H" l="H"/>
		<a id="19" s="H" t="H" l="H"/>
		<a id="20" s="H" t="H" l="H"/>
		<a id="21" s="H" t="H" l="H"/>
		<a id="22" s="H" t="H" l="H"/>
		<a id="23" s="H" t="H" l="H"/>
		<a id="24" s="H" t="H" l="H"/>
		<a id="25" s="H" t="H" l="H"/>
		<a id="26" s="H" t="H" l="H"/>
		<a id="27" s="H" t="H" l="H"/>
		<a id="28" s="H" t="H" l="H"/>
		<a id="29" s="H" t="H" l="H"/>
		<a id="30" s="H" t="H" l="H"/>
		<a id="31" s="H" t="H" l="H"/>
		<a id="32" s="H" t="H" l="H"/>
		<a id="33" s="H" t="H" l="H"/>
		<a id="34" s="H" t="H" l="H"/>
		<a id="35" s="H" t="H" l="H"/>
		<a id="36" s="H" t="H" l="H"/>
	</atoms>
	<bonds>
		<b id="1" c="1 2" t="1"/>
		<b id="2" c="2 3" t="1"/>
		<b id="3" c="3 4" t="1"/>
		<b id="4" c="4 5" t="1"/>
		<b id="5" c="5 6" t="1"/>
		<b id="6" c="6 7" t="1"/>
		<b id="7" c="7 8" t="1"/>
		<b id="8" c="8 9" t="1"/>
		<b id="9" c="9 10" t="1"/>
		<b id="10" c="10 11" t="1"/>
		<b id="11" c="11 12" t="1"/>
		<b id="12" c="7 12" t="1"/>
		<b id="13" c="11 13" t="1"/>
		<b id="14" c="5 13" t="1"/>
		<b id="15" c="9 14" t="1"/>
		<b id="16" c="5 14" t="1"/>
		<b id="17" c="1 15" t="1"/>
		<b id="18" c="1 16" t="1"/>
		<b id="19" c="2 17" t="1"/>
		<b id="20" c="2 18" t="1"/>
		<b id="21" c="3 19" t="1"/>
		<b id="22" c="3 20" t="1"/>
		<b id="23" c="4 21" t="1"/>
		<b id="24" c="6 22" t="1"/>
		<b id="25" c="6 23" t="1"/>
		<b id="26" c="7 24" t="1"/>
		<b id="27" c="8 25" t="1"/>
		<b id="28" c="8 26" t="1"/>
		<b id="29" c="9 27" t="1"/>
		<b id="30" c="10 28" t="1"/>
		<b id="31" c="10 29" t="1"/>
		<b id="32" c="11 30" t="1"/>
		<b id="33" c="12 31" t="1"/>
		<b id="34" c="12 32" t="1"/>
		<b id="35" c="13 33" t="1"/>
		<b id="36" c="13 34" t="1"/>
		<b id="37" c="14 35" t="1"/>
		<b id="38" c="14 36" t="1"/>
	</bonds>
	<geometry>
		<g u="A" t="cart/3d">#36,3:4.6903,-0.3698,-1.7042;3.6296,0.5625,-1.3476;4.1911,1.7430,-0.5523;4.4915,1.3282,0.8065;4.9069,2.3461,1.7690;3.7556,3.3203,2.0415;4.1509,4.3052,3.1413;4.4709,3.5486,4.4283;5.6288,2.5880,4.1685;6.8606,3.3751,3.7249;6.5372,4.1346,2.4396;5.3794,5.0979,2.6965;6.1459,3.1501,1.3382;5.2352,1.6028,3.0712;4.3233,-1.1049,-2.2992;5.0581,-0.8132,-0.8689;2.8222,0.0997,-0.7586;3.2028,0.9400,-2.2804;3.4285,2.5227,-0.5133;5.0663,2.1322,-1.0955;5.2127,0.6137,0.7717;2.8712,2.7521,2.3348;3.5141,3.8781,1.1354;3.3178,4.9946,3.3210;3.5925,2.9909,4.7605;4.7402,4.2537,5.2183;5.8590,2.0342,5.0861;7.6969,2.6929,3.5545;7.1564,4.0778,4.5074;7.4196,4.7015,2.1195;5.1519,5.6571,1.7858;5.6589,5.8172,3.4698;6.9746,2.4657,1.1346;5.9296,3.6992,0.4192;4.3620,1.0228,3.3754;6.0560,0.9026,2.8934;</g>
	</geometry>
	<conformers/>
	<properties/>
</molecule>
