<?xml version="1.0" ?>
<!--MOLLI PACKAGE EXPERIMENTAL XML FORMAT-->
<molecule name="nuc399">
	<atoms>
		<a id="1" s="C" t="C.3" l="C"/>
		<a id="2" s="O" t="O.3" l="O"/>
		<a id="3" s="C" t="C.3" l="C"/>
		<a id="4" s="C" t="C.3" l="C"/>
		<a id="5" s="C" t="C.3" l="C"/>
		<a id="6" s="N" t="N.pl3" l="N"/>
		<a id="7" s="C" t="C.ar" l="C"/>
		<a id="8" s="N" t="N.ar" l="N"/>
		<a id="9" s="C" t="C.ar" l="C"/>
		<a id="10" s="C" t="C.ar" l="C"/>
		<a id="11" s="C" t="C.ar" l="C"/>
		<a id="12" s="N" t="N.pl3" l="N"/>
		<a id="13" s="N" t="N.ar" l="N"/>
		<a id="14" s="C" t="C.3" l="C"/>
		<a id="15" s="C" t="C.3" l="C"/>
		<a id="16" s="H" t="H" l="H"/>
		<a id="17" s="H" t="H" l="H"/>
		<a id="18" s="H" t="H" l="H"/>
		<a id="19" s="H" t="H" l="H"/>
		<a id="20" s="H" t="H" l="H"/>
		<a id="21" s="H" t="H" l="H"/>
		<a id="22" s="H" t="H" l="H"/>
		<a id="23" s="H" t="H" l="H"/>
		<a id="24" s="H" t="H" l="H"/>
		<a id="25" s="H" t="H" l="H"/>
		<a id="26" s="H" t="H" l="H"/>
		<a id="27" s="H" t="H" l="H"/>
		<a id="28" s="H" t="H" l="H"/>
		<a id="29" s="H" t="H" l="H"/>
		<a id="30" s="H" t="H" l="H"/>
		<a id="31" s="H" t="H" l="H"/>
	</atoms>
	<bonds>
		<b id="1" c="1 2" t="1"/>
		<b id="2" c="2 3" t="1"/>
		<b id="3" c="3 4" t="1"/>
		<b id="4" c="4 5" t="1"/>
		<b id="5" c="5 6" t="1"/>
		<b id="6" c="6 7" t="1"/>
		<b id="7" c="7 8" t="ar"/>
		<b id="8" c="8 9" t="ar"/>
		<b id="9" c="9 10" t="ar"/>
		<b id="10" c="10 11" t="ar"/>
		<b id="11" c="11 12" t="1"/>
		<b id="12" c="11 13" t="ar"/>
		<b id="13" c="7 13" t="ar"/>
		<b id="14" c="6 14" t="1"/>
		<b id="15" c="14 15" t="1"/>
		<b id="16" c="3 15" t="1"/>
		<b id="17" c="1 16" t="1"/>
		<b id="18" c="1 17" t="1"/>
		<b id="19" c="1 18" t="1"/>
		<b id="20" c="3 19" t="1"/>
		<b id="21" c="4 20" t="1"/>
		<b id="22" c="4 21" t="1"/>
		<b id="23" c="5 22" t="1"/>
		<b id="24" c="5 23" t="1"/>
		<b id="25" c="9 24" t="1"/>
		<b id="26" c="10 25" t="1"/>
		<b id="27" c="12 26" t="1"/>
		<b id="28" c="12 27" t="1"/>
		<b id="29" c="14 28" t="1"/>
		<b id="30" c="14 29" t="1"/>
		<b id="31" c="15 30" t="1"/>
		<b id="32" c="15 31" t="1"/>
	</bonds>
	<geometry>
		<g u="A" t="cart/3d">#31,3:1.8616,-1.1952,-0.3999;2.3341,0.1103,-0.2051;2.8029,0.7610,-1.3735;3.6040,1.9856,-0.9197;2.6762,3.0082,-0.2595;1.5986,3.3625,-1.1492;1.5405,4.5642,-1.7561;2.4369,5.4879,-1.3856;2.3280,6.6773,-1.9546;1.3600,6.9883,-2.8843;0.4709,5.9522,-3.2110;-0.4934,6.1105,-4.1615;0.5602,4.7535,-2.6501;0.7936,2.2488,-1.5809;1.6653,1.2170,-2.3002;1.6740,-1.6027,0.5922;2.6079,-1.8163,-0.9119;0.9297,-1.2198,-0.9765;3.4649,0.0694,-1.9251;4.0902,2.4341,-1.7868;4.3670,1.6739,-0.2067;3.2190,3.9183,-0.0070;2.2491,2.5629,0.6446;3.0618,7.4091,-1.6384;1.2836,7.9614,-3.3396;-0.7721,7.0443,-4.4072;-1.1947,5.3909,-4.2085;0.0129,2.6279,-2.2394;0.3428,1.7839,-0.6970;2.1036,1.6659,-3.1925;1.0565,0.3667,-2.6100;</g>
	</geometry>
	<conformers/>
	<properties/>
</molecule>
