<?xml version="1.0" ?>
<!--MOLLI PACKAGE EXPERIMENTAL XML FORMAT-->
<molecule name="nuc561">
	<atoms>
		<a id="1" s="N" t="N.3" l="N"/>
		<a id="2" s="C" t="C.3" l="C"/>
		<a id="3" s="C" t="C.3" l="C"/>
		<a id="4" s="C" t="C.3" l="C"/>
		<a id="5" s="O" t="O.3" l="O"/>
		<a id="6" s="C" t="C.3" l="C"/>
		<a id="7" s="C" t="C.3" l="C"/>
		<a id="8" s="C" t="C.3" l="C"/>
		<a id="9" s="C" t="C.3" l="C"/>
		<a id="10" s="C" t="C.3" l="C"/>
		<a id="11" s="H" t="H" l="H"/>
		<a id="12" s="H" t="H" l="H"/>
		<a id="13" s="H" t="H" l="H"/>
		<a id="14" s="H" t="H" l="H"/>
		<a id="15" s="H" t="H" l="H"/>
		<a id="16" s="H" t="H" l="H"/>
		<a id="17" s="H" t="H" l="H"/>
		<a id="18" s="H" t="H" l="H"/>
		<a id="19" s="H" t="H" l="H"/>
		<a id="20" s="H" t="H" l="H"/>
		<a id="21" s="H" t="H" l="H"/>
		<a id="22" s="H" t="H" l="H"/>
		<a id="23" s="H" t="H" l="H"/>
		<a id="24" s="H" t="H" l="H"/>
		<a id="25" s="H" t="H" l="H"/>
	</atoms>
	<bonds>
		<b id="1" c="1 2" t="1"/>
		<b id="2" c="2 3" t="1"/>
		<b id="3" c="3 4" t="1"/>
		<b id="4" c="4 5" t="1"/>
		<b id="5" c="5 6" t="1"/>
		<b id="6" c="6 7" t="1"/>
		<b id="7" c="7 8" t="1"/>
		<b id="8" c="8 9" t="1"/>
		<b id="9" c="6 9" t="1"/>
		<b id="10" c="6 10" t="1"/>
		<b id="11" c="2 10" t="1"/>
		<b id="12" c="1 11" t="1"/>
		<b id="13" c="1 12" t="1"/>
		<b id="14" c="2 13" t="1"/>
		<b id="15" c="3 14" t="1"/>
		<b id="16" c="3 15" t="1"/>
		<b id="17" c="4 16" t="1"/>
		<b id="18" c="4 17" t="1"/>
		<b id="19" c="7 18" t="1"/>
		<b id="20" c="7 19" t="1"/>
		<b id="21" c="8 20" t="1"/>
		<b id="22" c="8 21" t="1"/>
		<b id="23" c="9 22" t="1"/>
		<b id="24" c="9 23" t="1"/>
		<b id="25" c="10 24" t="1"/>
		<b id="26" c="10 25" t="1"/>
	</bonds>
	<geometry>
		<g u="A" t="cart/3d">#25,3:1.0151,0.0693,-0.2239;2.4647,0.0388,-0.0801;2.9538,-1.4120,-0.0828;2.4727,-2.1102,1.1870;2.9617,-1.4688,2.3427;2.4889,-0.1442,2.4628;1.0116,-0.0019,2.9053;1.4648,0.8883,4.0713;2.9222,0.4916,3.7976;2.8779,0.6953,1.2433;0.7365,-0.4172,-1.0693;0.6913,1.0279,-0.2963;2.9695,0.5814,-0.9052;4.0447,-1.4203,-0.1080;2.5787,-1.9405,-0.9607;2.8483,-3.1348,1.2362;1.3747,-2.1224,1.1955;0.6095,-0.9550,3.2415;0.3379,0.4392,2.1773;1.0775,0.6190,5.0511;1.2760,1.9457,3.8963;3.2978,-0.2658,4.4806;3.6437,1.3026,3.7231;3.9645,0.8112,1.2441;2.4253,1.6841,1.3289;</g>
	</geometry>
	<conformers/>
	<properties/>
</molecule>
