<?xml version="1.0" ?>
<!--MOLLI PACKAGE EXPERIMENTAL XML FORMAT-->
<molecule name="nuc564">
	<atoms>
		<a id="1" s="N" t="N.3" l="N"/>
		<a id="2" s="C" t="C.3" l="C"/>
		<a id="3" s="C" t="C.3" l="C"/>
		<a id="4" s="C" t="C.3" l="C"/>
		<a id="5" s="C" t="C.3" l="C"/>
		<a id="6" s="C" t="C.3" l="C"/>
		<a id="7" s="C" t="C.3" l="C"/>
		<a id="8" s="O" t="O.3" l="O"/>
		<a id="9" s="H" t="H" l="H"/>
		<a id="10" s="H" t="H" l="H"/>
		<a id="11" s="H" t="H" l="H"/>
		<a id="12" s="H" t="H" l="H"/>
		<a id="13" s="H" t="H" l="H"/>
		<a id="14" s="H" t="H" l="H"/>
		<a id="15" s="H" t="H" l="H"/>
		<a id="16" s="H" t="H" l="H"/>
		<a id="17" s="H" t="H" l="H"/>
		<a id="18" s="H" t="H" l="H"/>
		<a id="19" s="H" t="H" l="H"/>
	</atoms>
	<bonds>
		<b id="1" c="1 2" t="1"/>
		<b id="2" c="2 3" t="1"/>
		<b id="3" c="3 4" t="1"/>
		<b id="4" c="4 5" t="1"/>
		<b id="5" c="5 6" t="1"/>
		<b id="6" c="6 7" t="1"/>
		<b id="7" c="2 7" t="1"/>
		<b id="8" c="7 8" t="1"/>
		<b id="9" c="4 8" t="1"/>
		<b id="10" c="1 9" t="1"/>
		<b id="11" c="1 10" t="1"/>
		<b id="12" c="2 11" t="1"/>
		<b id="13" c="3 12" t="1"/>
		<b id="14" c="3 13" t="1"/>
		<b id="15" c="4 14" t="1"/>
		<b id="16" c="5 15" t="1"/>
		<b id="17" c="5 16" t="1"/>
		<b id="18" c="6 17" t="1"/>
		<b id="19" c="6 18" t="1"/>
		<b id="20" c="7 19" t="1"/>
	</bonds>
	<geometry>
		<g u="A" t="cart/3d">#19,3:1.0644,-0.1389,-0.0485;2.5144,-0.0911,-0.0250;3.0596,0.4335,1.3206;3.8901,1.6436,0.8539;2.9265,2.7961,0.5205;2.3159,2.2865,-0.7967;3.0954,0.9734,-0.9899;4.3607,1.2415,-0.4207;0.7319,-0.8208,0.6251;0.7409,-0.4290,-0.9658;2.9781,-1.0634,-0.2652;3.6888,-0.3058,1.8138;2.2509,0.7235,1.9871;4.7259,1.9071,1.4989;3.4815,3.7213,0.3716;2.1856,2.9486,1.3010;2.5062,2.9699,-1.6221;1.2500,2.0940,-0.7173;3.2039,0.6430,-2.0211;</g>
	</geometry>
	<conformers/>
	<properties/>
</molecule>
