<?xml version="1.0" ?>
<!--MOLLI PACKAGE EXPERIMENTAL XML FORMAT-->
<molecule name="nuc566">
	<atoms>
		<a id="1" s="N" t="N.3" l="N"/>
		<a id="2" s="C" t="C.3" l="C"/>
		<a id="3" s="C" t="C.3" l="C"/>
		<a id="4" s="C" t="C.3" l="C"/>
		<a id="5" s="S" t="S.O2" l="S"/>
		<a id="6" s="O" t="O.2" l="O"/>
		<a id="7" s="O" t="O.2" l="O"/>
		<a id="8" s="C" t="C.3" l="C"/>
		<a id="9" s="H" t="H" l="H"/>
		<a id="10" s="H" t="H" l="H"/>
		<a id="11" s="H" t="H" l="H"/>
		<a id="12" s="H" t="H" l="H"/>
		<a id="13" s="H" t="H" l="H"/>
		<a id="14" s="H" t="H" l="H"/>
		<a id="15" s="H" t="H" l="H"/>
		<a id="16" s="H" t="H" l="H"/>
		<a id="17" s="H" t="H" l="H"/>
	</atoms>
	<bonds>
		<b id="1" c="1 2" t="1"/>
		<b id="2" c="2 3" t="1"/>
		<b id="3" c="3 4" t="1"/>
		<b id="4" c="4 5" t="1"/>
		<b id="5" c="5 6" t="2"/>
		<b id="6" c="5 7" t="2"/>
		<b id="7" c="5 8" t="1"/>
		<b id="8" c="2 8" t="1"/>
		<b id="9" c="1 9" t="1"/>
		<b id="10" c="1 10" t="1"/>
		<b id="11" c="2 11" t="1"/>
		<b id="12" c="3 12" t="1"/>
		<b id="13" c="3 13" t="1"/>
		<b id="14" c="4 14" t="1"/>
		<b id="15" c="4 15" t="1"/>
		<b id="16" c="8 16" t="1"/>
		<b id="17" c="8 17" t="1"/>
	</bonds>
	<geometry>
		<g u="A" t="cart/3d">#17,3:1.0564,-0.1053,-0.1745;2.5021,-0.0846,-0.0262;2.9467,-1.2756,0.8389;4.4194,-1.1092,1.1387;4.6084,0.7049,1.3126;4.7716,1.0715,2.6914;5.6001,1.1749,0.3839;2.9448,1.1627,0.7165;0.7583,-0.9446,-0.6585;0.7390,0.6954,-0.7084;3.0439,-0.1284,-0.9897;2.7417,-2.2166,0.3254;2.3633,-1.2559,1.7608;5.0579,-1.4114,0.3145;4.7349,-1.5814,2.0618;3.0304,2.0444,0.0912;2.3125,1.3535,1.5781;</g>
	</geometry>
	<conformers/>
	<properties/>
</molecule>
