<?xml version="1.0" ?>
<!--MOLLI PACKAGE EXPERIMENTAL XML FORMAT-->
<molecule name="nuc567">
	<atoms>
		<a id="1" s="C" t="C.3" l="C"/>
		<a id="2" s="O" t="O.3" l="O"/>
		<a id="3" s="C" t="C.3" l="C"/>
		<a id="4" s="N" t="N.ar" l="N"/>
		<a id="5" s="C" t="C.ar" l="C"/>
		<a id="6" s="C" t="C.ar" l="C"/>
		<a id="7" s="N" t="N.pl3" l="N"/>
		<a id="8" s="C" t="C.ar" l="C"/>
		<a id="9" s="N" t="N.ar" l="N"/>
		<a id="10" s="H" t="H" l="H"/>
		<a id="11" s="H" t="H" l="H"/>
		<a id="12" s="H" t="H" l="H"/>
		<a id="13" s="H" t="H" l="H"/>
		<a id="14" s="H" t="H" l="H"/>
		<a id="15" s="H" t="H" l="H"/>
		<a id="16" s="H" t="H" l="H"/>
		<a id="17" s="H" t="H" l="H"/>
		<a id="18" s="H" t="H" l="H"/>
	</atoms>
	<bonds>
		<b id="1" c="1 2" t="1"/>
		<b id="2" c="2 3" t="1"/>
		<b id="3" c="3 4" t="1"/>
		<b id="4" c="4 5" t="ar"/>
		<b id="5" c="5 6" t="ar"/>
		<b id="6" c="6 7" t="1"/>
		<b id="7" c="6 8" t="ar"/>
		<b id="8" c="8 9" t="ar"/>
		<b id="9" c="4 9" t="ar"/>
		<b id="10" c="1 10" t="1"/>
		<b id="11" c="1 11" t="1"/>
		<b id="12" c="1 12" t="1"/>
		<b id="13" c="3 13" t="1"/>
		<b id="14" c="3 14" t="1"/>
		<b id="15" c="5 15" t="1"/>
		<b id="16" c="7 16" t="1"/>
		<b id="17" c="7 17" t="1"/>
		<b id="18" c="8 18" t="1"/>
	</bonds>
	<geometry>
		<g u="A" t="cart/3d">#18,3:1.0409,-0.2533,-0.2041;2.4385,-0.2085,-0.0748;2.9046,-0.8763,1.0738;4.3284,-0.8603,1.0759;5.1364,0.2309,1.1399;6.4330,-0.2306,1.0563;7.6161,0.4923,1.1651;6.2957,-1.6290,0.9423;5.0258,-1.9828,0.9485;0.7988,0.2977,-1.1099;0.5474,0.2175,0.6554;0.6834,-1.2857,-0.2950;2.5895,-1.9311,1.0746;2.5120,-0.3785,1.9807;4.7371,1.2196,1.2294;7.5253,1.4604,0.8928;8.3998,0.0442,0.7124;7.0672,-2.3683,0.8603;</g>
	</geometry>
	<conformers/>
	<properties/>
</molecule>
