<?xml version="1.0" ?>
<!--MOLLI PACKAGE EXPERIMENTAL XML FORMAT-->
<molecule name="nuc569">
	<atoms>
		<a id="1" s="C" t="C.3" l="C"/>
		<a id="2" s="C" t="C.ar" l="C"/>
		<a id="3" s="N" t="N.ar" l="N"/>
		<a id="4" s="N" t="N.ar" l="N"/>
		<a id="5" s="C" t="C.ar" l="C"/>
		<a id="6" s="N" t="N.pl3" l="N"/>
		<a id="7" s="C" t="C.3" l="C"/>
		<a id="8" s="C" t="C.3" l="C"/>
		<a id="9" s="C" t="C.3" l="C"/>
		<a id="10" s="C" t="C.3" l="C"/>
		<a id="11" s="C" t="C.3" l="C"/>
		<a id="12" s="C" t="C.3" l="C"/>
		<a id="13" s="C" t="C.3" l="C"/>
		<a id="14" s="N" t="N.3" l="N"/>
		<a id="15" s="O" t="O.2" l="O"/>
		<a id="16" s="H" t="H" l="H"/>
		<a id="17" s="H" t="H" l="H"/>
		<a id="18" s="H" t="H" l="H"/>
		<a id="19" s="H" t="H" l="H"/>
		<a id="20" s="H" t="H" l="H"/>
		<a id="21" s="H" t="H" l="H"/>
		<a id="22" s="H" t="H" l="H"/>
		<a id="23" s="H" t="H" l="H"/>
		<a id="24" s="H" t="H" l="H"/>
		<a id="25" s="H" t="H" l="H"/>
		<a id="26" s="H" t="H" l="H"/>
		<a id="27" s="H" t="H" l="H"/>
		<a id="28" s="H" t="H" l="H"/>
		<a id="29" s="H" t="H" l="H"/>
		<a id="30" s="H" t="H" l="H"/>
		<a id="31" s="H" t="H" l="H"/>
	</atoms>
	<bonds>
		<b id="1" c="1 2" t="1"/>
		<b id="2" c="2 3" t="ar"/>
		<b id="3" c="3 4" t="ar"/>
		<b id="4" c="4 5" t="ar"/>
		<b id="5" c="5 6" t="1"/>
		<b id="6" c="6 7" t="1"/>
		<b id="7" c="7 8" t="1"/>
		<b id="8" c="8 9" t="1"/>
		<b id="9" c="9 10" t="1"/>
		<b id="10" c="10 11" t="1"/>
		<b id="11" c="11 12" t="1"/>
		<b id="12" c="6 12" t="1"/>
		<b id="13" c="11 13" t="1"/>
		<b id="14" c="8 13" t="1"/>
		<b id="15" c="5 15" t="ar"/>
		<b id="16" c="2 15" t="ar"/>
		<b id="17" c="13 14" t="1"/>
		<b id="18" c="1 16" t="1"/>
		<b id="19" c="1 17" t="1"/>
		<b id="20" c="1 18" t="1"/>
		<b id="21" c="7 19" t="1"/>
		<b id="22" c="7 20" t="1"/>
		<b id="23" c="8 21" t="1"/>
		<b id="24" c="9 22" t="1"/>
		<b id="25" c="9 23" t="1"/>
		<b id="26" c="10 24" t="1"/>
		<b id="27" c="10 25" t="1"/>
		<b id="28" c="11 26" t="1"/>
		<b id="29" c="12 27" t="1"/>
		<b id="30" c="12 28" t="1"/>
		<b id="31" c="13 29" t="1"/>
		<b id="32" c="14 30" t="1"/>
		<b id="33" c="14 31" t="1"/>
	</bonds>
	<geometry>
		<g u="A" t="cart/3d">#31,3:-0.9038,-0.7796,1.6789;0.1028,-0.2792,0.7206;0.7458,-0.9373,-0.1718;1.5637,-0.0724,-0.8236;1.3693,1.0955,-0.2796;1.9097,2.2644,-0.6599;1.8736,3.4143,0.2159;3.2680,3.6917,0.7966;3.8542,2.4153,1.4174;4.5390,1.6754,0.2496;4.3206,2.5735,-0.9771;2.9784,2.2380,-1.6381;4.2194,3.9830,-0.3818;5.5229,4.5134,-0.0430;0.4506,1.0514,0.7193;-1.0349,-1.8446,1.5176;-1.8520,-0.2650,1.5288;-0.5744,-0.5997,2.7016;1.1519,3.2255,1.0121;1.5351,4.2840,-0.3605;3.2063,4.5176,1.5101;3.0743,1.8108,1.8805;4.5736,2.6675,2.1980;4.1066,0.6896,0.0836;5.6036,1.5427,0.4409;5.1259,2.4940,-1.7065;2.9936,1.2401,-2.0761;2.7526,2.9726,-2.4190;3.7695,4.6875,-1.0899;5.9997,3.9046,0.6116;5.4356,5.4283,0.3852;</g>
	</geometry>
	<conformers/>
	<properties/>
</molecule>
