<?xml version="1.0" ?>
<!--MOLLI PACKAGE EXPERIMENTAL XML FORMAT-->
<molecule name="nuc571">
	<atoms>
		<a id="1" s="C" t="C.3" l="C"/>
		<a id="2" s="C" t="C.3" l="C"/>
		<a id="3" s="O" t="O.3" l="O"/>
		<a id="4" s="C" t="C.ar" l="C"/>
		<a id="5" s="C" t="C.ar" l="C"/>
		<a id="6" s="C" t="C.ar" l="C"/>
		<a id="7" s="N" t="N.am" l="N"/>
		<a id="8" s="C" t="C.3" l="C"/>
		<a id="9" s="C" t="C.3" l="C"/>
		<a id="10" s="C" t="C.3" l="C"/>
		<a id="11" s="C" t="C.2" l="C"/>
		<a id="12" s="O" t="O.2" l="O"/>
		<a id="13" s="C" t="C.ar" l="C"/>
		<a id="14" s="C" t="C.ar" l="C"/>
		<a id="15" s="C" t="C.ar" l="C"/>
		<a id="16" s="N" t="N.pl3" l="N"/>
		<a id="17" s="H" t="H" l="H"/>
		<a id="18" s="H" t="H" l="H"/>
		<a id="19" s="H" t="H" l="H"/>
		<a id="20" s="H" t="H" l="H"/>
		<a id="21" s="H" t="H" l="H"/>
		<a id="22" s="H" t="H" l="H"/>
		<a id="23" s="H" t="H" l="H"/>
		<a id="24" s="H" t="H" l="H"/>
		<a id="25" s="H" t="H" l="H"/>
		<a id="26" s="H" t="H" l="H"/>
		<a id="27" s="H" t="H" l="H"/>
		<a id="28" s="H" t="H" l="H"/>
		<a id="29" s="H" t="H" l="H"/>
		<a id="30" s="H" t="H" l="H"/>
		<a id="31" s="H" t="H" l="H"/>
		<a id="32" s="H" t="H" l="H"/>
	</atoms>
	<bonds>
		<b id="1" c="1 2" t="1"/>
		<b id="2" c="2 3" t="1"/>
		<b id="3" c="3 4" t="1"/>
		<b id="4" c="4 5" t="ar"/>
		<b id="5" c="5 6" t="ar"/>
		<b id="6" c="6 7" t="1"/>
		<b id="7" c="7 8" t="1"/>
		<b id="8" c="8 9" t="1"/>
		<b id="9" c="9 10" t="1"/>
		<b id="10" c="10 11" t="1"/>
		<b id="11" c="7 11" t="am"/>
		<b id="12" c="11 12" t="2"/>
		<b id="13" c="6 13" t="ar"/>
		<b id="14" c="13 14" t="ar"/>
		<b id="15" c="14 15" t="ar"/>
		<b id="16" c="4 15" t="ar"/>
		<b id="17" c="15 16" t="1"/>
		<b id="18" c="1 17" t="1"/>
		<b id="19" c="1 18" t="1"/>
		<b id="20" c="1 19" t="1"/>
		<b id="21" c="2 20" t="1"/>
		<b id="22" c="2 21" t="1"/>
		<b id="23" c="5 22" t="1"/>
		<b id="24" c="8 23" t="1"/>
		<b id="25" c="8 24" t="1"/>
		<b id="26" c="9 25" t="1"/>
		<b id="27" c="9 26" t="1"/>
		<b id="28" c="10 27" t="1"/>
		<b id="29" c="10 28" t="1"/>
		<b id="30" c="13 29" t="1"/>
		<b id="31" c="14 30" t="1"/>
		<b id="32" c="16 31" t="1"/>
		<b id="33" c="16 32" t="1"/>
	</bonds>
	<geometry>
		<g u="A" t="cart/3d">#32,3:0.6205,-1.1931,1.7834;1.7466,-0.4507,1.0805;2.5895,0.0920,2.0774;3.7463,0.7128,1.6883;4.1094,0.9494,0.3778;5.3121,1.5909,0.0751;5.6670,1.7935,-1.2747;6.3534,2.9936,-1.7177;6.8388,2.6475,-3.1270;5.8337,1.6011,-3.5917;5.3365,0.9646,-2.2999;4.7479,-0.0905,-2.2181;6.1319,2.0177,1.1086;5.7574,1.8026,2.4241;4.5776,1.1470,2.7422;4.2344,0.8486,4.0476;-0.0470,-1.6319,1.0475;0.0566,-0.5093,2.4129;1.0306,-1.9818,2.4082;1.3372,0.3551,0.4546;2.3149,-1.1372,0.4400;3.4812,0.6256,-0.4329;5.6479,3.8354,-1.7306;7.1783,3.2505,-1.0530;6.8756,3.5228,-3.7728;7.8371,2.2103,-3.0787;6.2529,0.8478,-4.2555;4.9755,2.0558,-4.0920;7.0701,2.5106,0.9098;6.4004,2.1384,3.2245;4.6294,1.4451,4.7564;3.2627,0.6160,4.1771;</g>
	</geometry>
	<conformers/>
	<properties/>
</molecule>
