<?xml version="1.0" ?>
<!--MOLLI PACKAGE EXPERIMENTAL XML FORMAT-->
<molecule name="nuc573">
	<atoms>
		<a id="1" s="N" t="N.pl3" l="N"/>
		<a id="2" s="C" t="C.ar" l="C"/>
		<a id="3" s="C" t="C.ar" l="C"/>
		<a id="4" s="C" t="C.ar" l="C"/>
		<a id="5" s="C" t="C.ar" l="C"/>
		<a id="6" s="N" t="N.am" l="N"/>
		<a id="7" s="C" t="C.3" l="C"/>
		<a id="8" s="C" t="C.3" l="C"/>
		<a id="9" s="C" t="C.3" l="C"/>
		<a id="10" s="C" t="C.2" l="C"/>
		<a id="11" s="O" t="O.2" l="O"/>
		<a id="12" s="C" t="C.ar" l="C"/>
		<a id="13" s="N" t="N.ar" l="N"/>
		<a id="14" s="H" t="H" l="H"/>
		<a id="15" s="H" t="H" l="H"/>
		<a id="16" s="H" t="H" l="H"/>
		<a id="17" s="H" t="H" l="H"/>
		<a id="18" s="H" t="H" l="H"/>
		<a id="19" s="H" t="H" l="H"/>
		<a id="20" s="H" t="H" l="H"/>
		<a id="21" s="H" t="H" l="H"/>
		<a id="22" s="H" t="H" l="H"/>
		<a id="23" s="H" t="H" l="H"/>
		<a id="24" s="H" t="H" l="H"/>
	</atoms>
	<bonds>
		<b id="1" c="1 2" t="1"/>
		<b id="2" c="2 3" t="ar"/>
		<b id="3" c="3 4" t="ar"/>
		<b id="4" c="4 5" t="ar"/>
		<b id="5" c="5 6" t="1"/>
		<b id="6" c="6 7" t="1"/>
		<b id="7" c="7 8" t="1"/>
		<b id="8" c="8 9" t="1"/>
		<b id="9" c="9 10" t="1"/>
		<b id="10" c="6 10" t="am"/>
		<b id="11" c="10 11" t="2"/>
		<b id="12" c="5 12" t="ar"/>
		<b id="13" c="12 13" t="ar"/>
		<b id="14" c="2 13" t="ar"/>
		<b id="15" c="1 14" t="1"/>
		<b id="16" c="1 15" t="1"/>
		<b id="17" c="3 16" t="1"/>
		<b id="18" c="4 17" t="1"/>
		<b id="19" c="7 18" t="1"/>
		<b id="20" c="7 19" t="1"/>
		<b id="21" c="8 20" t="1"/>
		<b id="22" c="8 21" t="1"/>
		<b id="23" c="9 22" t="1"/>
		<b id="24" c="9 23" t="1"/>
		<b id="25" c="12 24" t="1"/>
	</bonds>
	<geometry>
		<g u="A" t="cart/3d">#24,3:2.2210,-0.0339,-0.1308;0.8533,-0.0711,-0.0996;0.1549,-0.5294,1.0264;-1.2187,-0.4712,1.0279;-1.8846,0.0380,-0.0938;-3.2819,0.1368,-0.1408;-3.9404,0.9827,-1.1202;-5.3626,1.1293,-0.5770;-5.5682,-0.1727,0.1864;-4.1644,-0.5708,0.6197;-3.8963,-1.3849,1.4729;-1.0977,0.4574,-1.1623;0.2225,0.4049,-1.1692;2.7233,-0.6479,0.4861;2.6272,0.1307,-1.0368;0.6935,-0.9169,1.8774;-1.7828,-0.8222,1.8755;-3.9439,0.4948,-2.1033;-3.4222,1.9403,-1.2048;-6.0905,1.2803,-1.3712;-5.4145,1.9768,0.1073;-5.9576,-0.9639,-0.4580;-6.2258,-0.0839,1.0486;-1.5321,0.8483,-2.0721;</g>
	</geometry>
	<conformers/>
	<properties/>
</molecule>
