<?xml version="1.0" ?>
<!--MOLLI PACKAGE EXPERIMENTAL XML FORMAT-->
<molecule name="nuc574">
	<atoms>
		<a id="1" s="C" t="C.3" l="C"/>
		<a id="2" s="O" t="O.3" l="O"/>
		<a id="3" s="C" t="C.ar" l="C"/>
		<a id="4" s="C" t="C.ar" l="C"/>
		<a id="5" s="C" t="C.ar" l="C"/>
		<a id="6" s="N" t="N.am" l="N"/>
		<a id="7" s="C" t="C.3" l="C"/>
		<a id="8" s="C" t="C.3" l="C"/>
		<a id="9" s="O" t="O.3" l="O"/>
		<a id="10" s="C" t="C.3" l="C"/>
		<a id="11" s="C" t="C.2" l="C"/>
		<a id="12" s="O" t="O.2" l="O"/>
		<a id="13" s="C" t="C.ar" l="C"/>
		<a id="14" s="C" t="C.ar" l="C"/>
		<a id="15" s="C" t="C.ar" l="C"/>
		<a id="16" s="N" t="N.pl3" l="N"/>
		<a id="17" s="H" t="H" l="H"/>
		<a id="18" s="H" t="H" l="H"/>
		<a id="19" s="H" t="H" l="H"/>
		<a id="20" s="H" t="H" l="H"/>
		<a id="21" s="H" t="H" l="H"/>
		<a id="22" s="H" t="H" l="H"/>
		<a id="23" s="H" t="H" l="H"/>
		<a id="24" s="H" t="H" l="H"/>
		<a id="25" s="H" t="H" l="H"/>
		<a id="26" s="H" t="H" l="H"/>
		<a id="27" s="H" t="H" l="H"/>
		<a id="28" s="H" t="H" l="H"/>
		<a id="29" s="H" t="H" l="H"/>
		<a id="30" s="H" t="H" l="H"/>
	</atoms>
	<bonds>
		<b id="1" c="1 2" t="1"/>
		<b id="2" c="2 3" t="1"/>
		<b id="3" c="3 4" t="ar"/>
		<b id="4" c="4 5" t="ar"/>
		<b id="5" c="5 6" t="1"/>
		<b id="6" c="6 7" t="1"/>
		<b id="7" c="7 8" t="1"/>
		<b id="8" c="8 9" t="1"/>
		<b id="9" c="9 10" t="1"/>
		<b id="10" c="10 11" t="1"/>
		<b id="11" c="6 11" t="am"/>
		<b id="12" c="11 12" t="2"/>
		<b id="13" c="5 13" t="ar"/>
		<b id="14" c="13 14" t="ar"/>
		<b id="15" c="14 15" t="ar"/>
		<b id="16" c="3 15" t="ar"/>
		<b id="17" c="15 16" t="1"/>
		<b id="18" c="1 17" t="1"/>
		<b id="19" c="1 18" t="1"/>
		<b id="20" c="1 19" t="1"/>
		<b id="21" c="4 20" t="1"/>
		<b id="22" c="7 21" t="1"/>
		<b id="23" c="7 22" t="1"/>
		<b id="24" c="8 23" t="1"/>
		<b id="25" c="8 24" t="1"/>
		<b id="26" c="10 25" t="1"/>
		<b id="27" c="10 26" t="1"/>
		<b id="28" c="13 27" t="1"/>
		<b id="29" c="14 28" t="1"/>
		<b id="30" c="16 29" t="1"/>
		<b id="31" c="16 30" t="1"/>
	</bonds>
	<geometry>
		<g u="A" t="cart/3d">#30,3:1.1141,-2.2518,0.9253;2.4360,-2.5531,0.5490;3.0537,-1.7220,-0.3505;2.5132,-0.5447,-0.8278;3.2173,0.2323,-1.7458;2.6540,1.4329,-2.2448;3.5041,2.5935,-2.4151;2.7317,3.8082,-1.9064;1.6058,4.0576,-2.7084;0.9626,2.8905,-3.1916;1.3399,1.5555,-2.5583;0.5124,0.6761,-2.4279;4.4778,-0.1657,-2.1617;5.0315,-1.3322,-1.6626;4.3391,-2.1319,-0.7639;4.8416,-3.3396,-0.3263;0.7915,-3.0793,1.5558;0.4575,-2.1781,0.0540;1.0627,-1.3199,1.4982;1.5368,-0.2189,-0.5163;3.7642,2.7440,-3.4705;4.4175,2.4530,-1.8359;3.3410,4.7141,-1.9452;2.4278,3.6240,-0.8634;1.1756,2.7908,-4.2681;-0.1163,3.0289,-3.0745;5.0305,0.4186,-2.8807;6.0143,-1.6408,-1.9867;5.8420,-3.4465,-0.3553;4.3885,-3.7137,0.4915;</g>
	</geometry>
	<conformers/>
	<properties/>
</molecule>
