<?xml version="1.0" ?>
<!--MOLLI PACKAGE EXPERIMENTAL XML FORMAT-->
<molecule name="nuc576">
	<atoms>
		<a id="1" s="N" t="N.3" l="N"/>
		<a id="2" s="C" t="C.3" l="C"/>
		<a id="3" s="C" t="C.3" l="C"/>
		<a id="4" s="N" t="N.3" l="N"/>
		<a id="5" s="C" t="C.3" l="C"/>
		<a id="6" s="C" t="C.3" l="C"/>
		<a id="7" s="N" t="N.3" l="N"/>
		<a id="8" s="C" t="C.3" l="C"/>
		<a id="9" s="C" t="C.ar" l="C"/>
		<a id="10" s="C" t="C.ar" l="C"/>
		<a id="11" s="C" t="C.ar" l="C"/>
		<a id="12" s="C" t="C.ar" l="C"/>
		<a id="13" s="C" t="C.ar" l="C"/>
		<a id="14" s="C" t="C.ar" l="C"/>
		<a id="15" s="C" t="C.3" l="C"/>
		<a id="16" s="C" t="C.3" l="C"/>
		<a id="17" s="C" t="C.3" l="C"/>
		<a id="18" s="C" t="C.3" l="C"/>
		<a id="19" s="C" t="C.3" l="C"/>
		<a id="20" s="C" t="C.3" l="C"/>
		<a id="21" s="C" t="C.3" l="C"/>
		<a id="22" s="H" t="H" l="H"/>
		<a id="23" s="H" t="H" l="H"/>
		<a id="24" s="H" t="H" l="H"/>
		<a id="25" s="H" t="H" l="H"/>
		<a id="26" s="H" t="H" l="H"/>
		<a id="27" s="H" t="H" l="H"/>
		<a id="28" s="H" t="H" l="H"/>
		<a id="29" s="H" t="H" l="H"/>
		<a id="30" s="H" t="H" l="H"/>
		<a id="31" s="H" t="H" l="H"/>
		<a id="32" s="H" t="H" l="H"/>
		<a id="33" s="H" t="H" l="H"/>
		<a id="34" s="H" t="H" l="H"/>
		<a id="35" s="H" t="H" l="H"/>
		<a id="36" s="H" t="H" l="H"/>
		<a id="37" s="H" t="H" l="H"/>
		<a id="38" s="H" t="H" l="H"/>
		<a id="39" s="H" t="H" l="H"/>
		<a id="40" s="H" t="H" l="H"/>
		<a id="41" s="H" t="H" l="H"/>
		<a id="42" s="H" t="H" l="H"/>
		<a id="43" s="H" t="H" l="H"/>
		<a id="44" s="H" t="H" l="H"/>
		<a id="45" s="H" t="H" l="H"/>
		<a id="46" s="H" t="H" l="H"/>
		<a id="47" s="H" t="H" l="H"/>
		<a id="48" s="H" t="H" l="H"/>
		<a id="49" s="H" t="H" l="H"/>
		<a id="50" s="H" t="H" l="H"/>
	</atoms>
	<bonds>
		<b id="1" c="1 2" t="1"/>
		<b id="2" c="2 3" t="1"/>
		<b id="3" c="3 4" t="1"/>
		<b id="4" c="4 5" t="1"/>
		<b id="5" c="5 6" t="1"/>
		<b id="6" c="6 7" t="1"/>
		<b id="7" c="7 8" t="1"/>
		<b id="8" c="8 9" t="1"/>
		<b id="9" c="9 10" t="ar"/>
		<b id="10" c="10 11" t="ar"/>
		<b id="11" c="11 12" t="ar"/>
		<b id="12" c="12 13" t="ar"/>
		<b id="13" c="13 14" t="ar"/>
		<b id="14" c="9 14" t="ar"/>
		<b id="15" c="7 15" t="1"/>
		<b id="16" c="15 16" t="1"/>
		<b id="17" c="4 16" t="1"/>
		<b id="18" c="3 17" t="1"/>
		<b id="19" c="17 18" t="1"/>
		<b id="20" c="18 19" t="1"/>
		<b id="21" c="19 20" t="1"/>
		<b id="22" c="20 21" t="1"/>
		<b id="23" c="3 21" t="1"/>
		<b id="24" c="1 22" t="1"/>
		<b id="25" c="1 23" t="1"/>
		<b id="26" c="2 24" t="1"/>
		<b id="27" c="2 25" t="1"/>
		<b id="28" c="5 26" t="1"/>
		<b id="29" c="5 27" t="1"/>
		<b id="30" c="6 28" t="1"/>
		<b id="31" c="6 29" t="1"/>
		<b id="32" c="8 30" t="1"/>
		<b id="33" c="8 31" t="1"/>
		<b id="34" c="10 32" t="1"/>
		<b id="35" c="11 33" t="1"/>
		<b id="36" c="12 34" t="1"/>
		<b id="37" c="13 35" t="1"/>
		<b id="38" c="14 36" t="1"/>
		<b id="39" c="15 37" t="1"/>
		<b id="40" c="15 38" t="1"/>
		<b id="41" c="16 39" t="1"/>
		<b id="42" c="16 40" t="1"/>
		<b id="43" c="17 41" t="1"/>
		<b id="44" c="17 42" t="1"/>
		<b id="45" c="18 43" t="1"/>
		<b id="46" c="18 44" t="1"/>
		<b id="47" c="19 45" t="1"/>
		<b id="48" c="19 46" t="1"/>
		<b id="49" c="20 47" t="1"/>
		<b id="50" c="20 48" t="1"/>
		<b id="51" c="21 49" t="1"/>
		<b id="52" c="21 50" t="1"/>
	</bonds>
	<geometry>
		<g u="A" t="cart/3d">#50,3:1.7770,1.6716,0.5502;2.9068,0.8157,0.8780;2.5148,-0.3222,1.8550;3.6385,-1.2321,2.1102;4.1194,-2.0243,0.9921;4.9662,-3.1866,1.5316;6.0984,-2.7590,2.3310;7.2250,-2.2824,1.5468;7.8505,-3.4148,0.7758;8.2344,-3.2566,-0.5483;8.8255,-4.3009,-1.2392;9.0321,-5.5175,-0.6133;8.6455,-5.6851,0.7066;8.0616,-4.6398,1.3973;5.6358,-1.8388,3.3485;4.7952,-0.6800,2.7926;1.3214,-1.0982,1.2704;0.8862,-2.2246,2.2020;0.4756,-1.6690,3.5612;1.6149,-0.8473,4.1538;2.0117,0.2643,3.1877;2.0260,2.2973,-0.2082;1.5288,2.2481,1.3471;3.7528,1.3765,1.3115;3.2468,0.3615,-0.0571;4.7298,-1.4245,0.2925;3.2860,-2.4452,0.4350;5.3297,-3.7993,0.7040;4.3336,-3.8067,2.1744;7.9669,-1.8893,2.2518;6.9662,-1.4673,0.8511;8.0716,-2.3093,-1.0452;9.1209,-4.1643,-2.2702;9.4906,-6.3332,-1.1531;8.8033,-6.6341,1.1983;7.7499,-4.7606,2.4231;6.4956,-1.4469,3.8968;5.0131,-2.4136,4.0414;5.4235,-0.0683,2.1190;4.4862,-0.0549,3.6276;1.5562,-1.4891,0.2805;0.5069,-0.3855,1.1390;1.7158,-2.9195,2.3366;0.0519,-2.7689,1.7540;0.2126,-2.4863,4.2363;-0.4065,-1.0345,3.4431;2.4739,-1.4951,4.3290;1.3081,-0.4141,5.1088;2.7569,0.9204,3.6410;1.1307,0.8722,2.9762;</g>
	</geometry>
	<conformers/>
	<properties/>
</molecule>
