<?xml version="1.0" ?>
<!--MOLLI PACKAGE EXPERIMENTAL XML FORMAT-->
<molecule name="nuc583">
	<atoms>
		<a id="1" s="N" t="N.3" l="N"/>
		<a id="2" s="C" t="C.3" l="C"/>
		<a id="3" s="C" t="C.3" l="C"/>
		<a id="4" s="N" t="N.3" l="N"/>
		<a id="5" s="C" t="C.3" l="C"/>
		<a id="6" s="C" t="C.3" l="C"/>
		<a id="7" s="N" t="N.3" l="N"/>
		<a id="8" s="C" t="C.3" l="C"/>
		<a id="9" s="C" t="C.ar" l="C"/>
		<a id="10" s="C" t="C.ar" l="C"/>
		<a id="11" s="C" t="C.ar" l="C"/>
		<a id="12" s="C" t="C.ar" l="C"/>
		<a id="13" s="C" t="C.ar" l="C"/>
		<a id="14" s="C" t="C.ar" l="C"/>
		<a id="15" s="C" t="C.3" l="C"/>
		<a id="16" s="C" t="C.3" l="C"/>
		<a id="17" s="C" t="C.3" l="C"/>
		<a id="18" s="C" t="C.3" l="C"/>
		<a id="19" s="S" t="S.3" l="S"/>
		<a id="20" s="C" t="C.3" l="C"/>
		<a id="21" s="C" t="C.3" l="C"/>
		<a id="22" s="H" t="H" l="H"/>
		<a id="23" s="H" t="H" l="H"/>
		<a id="24" s="H" t="H" l="H"/>
		<a id="25" s="H" t="H" l="H"/>
		<a id="26" s="H" t="H" l="H"/>
		<a id="27" s="H" t="H" l="H"/>
		<a id="28" s="H" t="H" l="H"/>
		<a id="29" s="H" t="H" l="H"/>
		<a id="30" s="H" t="H" l="H"/>
		<a id="31" s="H" t="H" l="H"/>
		<a id="32" s="H" t="H" l="H"/>
		<a id="33" s="H" t="H" l="H"/>
		<a id="34" s="H" t="H" l="H"/>
		<a id="35" s="H" t="H" l="H"/>
		<a id="36" s="H" t="H" l="H"/>
		<a id="37" s="H" t="H" l="H"/>
		<a id="38" s="H" t="H" l="H"/>
		<a id="39" s="H" t="H" l="H"/>
		<a id="40" s="H" t="H" l="H"/>
		<a id="41" s="H" t="H" l="H"/>
		<a id="42" s="H" t="H" l="H"/>
		<a id="43" s="H" t="H" l="H"/>
		<a id="44" s="H" t="H" l="H"/>
		<a id="45" s="H" t="H" l="H"/>
		<a id="46" s="H" t="H" l="H"/>
		<a id="47" s="H" t="H" l="H"/>
		<a id="48" s="H" t="H" l="H"/>
	</atoms>
	<bonds>
		<b id="1" c="1 2" t="1"/>
		<b id="2" c="2 3" t="1"/>
		<b id="3" c="3 4" t="1"/>
		<b id="4" c="4 5" t="1"/>
		<b id="5" c="5 6" t="1"/>
		<b id="6" c="6 7" t="1"/>
		<b id="7" c="7 8" t="1"/>
		<b id="8" c="8 9" t="1"/>
		<b id="9" c="9 10" t="ar"/>
		<b id="10" c="10 11" t="ar"/>
		<b id="11" c="11 12" t="ar"/>
		<b id="12" c="12 13" t="ar"/>
		<b id="13" c="13 14" t="ar"/>
		<b id="14" c="9 14" t="ar"/>
		<b id="15" c="7 15" t="1"/>
		<b id="16" c="15 16" t="1"/>
		<b id="17" c="4 16" t="1"/>
		<b id="18" c="3 17" t="1"/>
		<b id="19" c="17 18" t="1"/>
		<b id="20" c="18 19" t="1"/>
		<b id="21" c="19 20" t="1"/>
		<b id="22" c="20 21" t="1"/>
		<b id="23" c="3 21" t="1"/>
		<b id="24" c="1 22" t="1"/>
		<b id="25" c="1 23" t="1"/>
		<b id="26" c="2 24" t="1"/>
		<b id="27" c="2 25" t="1"/>
		<b id="28" c="5 26" t="1"/>
		<b id="29" c="5 27" t="1"/>
		<b id="30" c="6 28" t="1"/>
		<b id="31" c="6 29" t="1"/>
		<b id="32" c="8 30" t="1"/>
		<b id="33" c="8 31" t="1"/>
		<b id="34" c="10 32" t="1"/>
		<b id="35" c="11 33" t="1"/>
		<b id="36" c="12 34" t="1"/>
		<b id="37" c="13 35" t="1"/>
		<b id="38" c="14 36" t="1"/>
		<b id="39" c="15 37" t="1"/>
		<b id="40" c="15 38" t="1"/>
		<b id="41" c="16 39" t="1"/>
		<b id="42" c="16 40" t="1"/>
		<b id="43" c="17 41" t="1"/>
		<b id="44" c="17 42" t="1"/>
		<b id="45" c="18 43" t="1"/>
		<b id="46" c="18 44" t="1"/>
		<b id="47" c="20 45" t="1"/>
		<b id="48" c="20 46" t="1"/>
		<b id="49" c="21 47" t="1"/>
		<b id="50" c="21 48" t="1"/>
	</bonds>
	<geometry>
		<g u="A" t="cart/3d">#48,3:3.9884,0.4928,-0.9966;2.8724,0.1740,-0.1206;2.6656,1.2349,0.9949;3.6361,1.1661,2.0907;3.7088,-0.0774,2.8376;4.3604,0.1993,4.2015;5.6848,0.7816,4.1039;6.7304,-0.1790,3.7949;6.9178,-1.1452,4.9348;7.0638,-2.5059,4.7060;7.2523,-3.3808,5.7627;7.2895,-2.9026,7.0604;7.1384,-1.5455,7.2973;6.9565,-0.6725,6.2412;5.6364,1.9290,3.2214;4.9943,1.6220,1.8593;1.2476,1.0251,1.5744;0.9456,1.9867,2.7106;0.8162,3.6878,2.0848;2.4757,3.7553,1.3439;2.6769,2.6305,0.3431;3.9658,-0.1016,-1.8175;4.8738,0.3341,-0.5295;2.9570,-0.8188,0.3520;1.9728,0.1621,-0.7417;4.2997,-0.8444,2.3036;2.7146,-0.4834,3.0125;4.4218,-0.7247,4.7796;3.7336,0.9109,4.7479;7.6592,0.3872,3.6598;6.5506,-0.7452,2.8658;7.0336,-2.8866,3.6944;7.3680,-4.4377,5.5710;7.4344,-3.5849,7.8850;7.1650,-1.1684,8.3092;6.8318,0.3857,6.4136;6.6475,2.3166,3.0792;5.0374,2.6956,3.7236;5.6084,0.8582,1.3475;5.0062,2.5238,1.2530;1.1189,-0.0022,1.9211;0.5212,1.1854,0.7752;1.7328,1.9649,3.4632;-0.0146,1.7628,3.1729;3.1961,3.7041,2.1589;2.5429,4.7270,0.8564;3.6060,2.7752,-0.2081;1.8701,2.6601,-0.3917;</g>
	</geometry>
	<conformers/>
	<properties/>
</molecule>
