<?xml version="1.0" ?>
<!--MOLLI PACKAGE EXPERIMENTAL XML FORMAT-->
<molecule name="nuc584">
	<atoms>
		<a id="1" s="C" t="C.3" l="C"/>
		<a id="2" s="C" t="C.3" l="C"/>
		<a id="3" s="C" t="C.3" l="C"/>
		<a id="4" s="C" t="C.3" l="C"/>
		<a id="5" s="C" t="C.3" l="C"/>
		<a id="6" s="C" t="C.3" l="C"/>
		<a id="7" s="N" t="N.3" l="N"/>
		<a id="8" s="N" t="N.3" l="N"/>
		<a id="9" s="C" t="C.3" l="C"/>
		<a id="10" s="C" t="C.3" l="C"/>
		<a id="11" s="N" t="N.3" l="N"/>
		<a id="12" s="C" t="C.3" l="C"/>
		<a id="13" s="C" t="C.ar" l="C"/>
		<a id="14" s="C" t="C.ar" l="C"/>
		<a id="15" s="C" t="C.ar" l="C"/>
		<a id="16" s="C" t="C.ar" l="C"/>
		<a id="17" s="C" t="C.ar" l="C"/>
		<a id="18" s="C" t="C.ar" l="C"/>
		<a id="19" s="C" t="C.3" l="C"/>
		<a id="20" s="C" t="C.3" l="C"/>
		<a id="21" s="C" t="C.3" l="C"/>
		<a id="22" s="C" t="C.3" l="C"/>
		<a id="23" s="O" t="O.3" l="O"/>
		<a id="24" s="H" t="H" l="H"/>
		<a id="25" s="H" t="H" l="H"/>
		<a id="26" s="H" t="H" l="H"/>
		<a id="27" s="H" t="H" l="H"/>
		<a id="28" s="H" t="H" l="H"/>
		<a id="29" s="H" t="H" l="H"/>
		<a id="30" s="H" t="H" l="H"/>
		<a id="31" s="H" t="H" l="H"/>
		<a id="32" s="H" t="H" l="H"/>
		<a id="33" s="H" t="H" l="H"/>
		<a id="34" s="H" t="H" l="H"/>
		<a id="35" s="H" t="H" l="H"/>
		<a id="36" s="H" t="H" l="H"/>
		<a id="37" s="H" t="H" l="H"/>
		<a id="38" s="H" t="H" l="H"/>
		<a id="39" s="H" t="H" l="H"/>
		<a id="40" s="H" t="H" l="H"/>
		<a id="41" s="H" t="H" l="H"/>
		<a id="42" s="H" t="H" l="H"/>
		<a id="43" s="H" t="H" l="H"/>
		<a id="44" s="H" t="H" l="H"/>
		<a id="45" s="H" t="H" l="H"/>
		<a id="46" s="H" t="H" l="H"/>
		<a id="47" s="H" t="H" l="H"/>
		<a id="48" s="H" t="H" l="H"/>
		<a id="49" s="H" t="H" l="H"/>
		<a id="50" s="H" t="H" l="H"/>
		<a id="51" s="H" t="H" l="H"/>
		<a id="52" s="H" t="H" l="H"/>
		<a id="53" s="H" t="H" l="H"/>
		<a id="54" s="H" t="H" l="H"/>
	</atoms>
	<bonds>
		<b id="1" c="1 2" t="1"/>
		<b id="2" c="2 3" t="1"/>
		<b id="3" c="2 4" t="1"/>
		<b id="4" c="4 5" t="1"/>
		<b id="5" c="5 6" t="1"/>
		<b id="6" c="6 7" t="1"/>
		<b id="7" c="5 8" t="1"/>
		<b id="8" c="8 9" t="1"/>
		<b id="9" c="9 10" t="1"/>
		<b id="10" c="10 11" t="1"/>
		<b id="11" c="11 12" t="1"/>
		<b id="12" c="12 13" t="1"/>
		<b id="13" c="13 14" t="ar"/>
		<b id="14" c="14 15" t="ar"/>
		<b id="15" c="15 16" t="ar"/>
		<b id="16" c="16 17" t="ar"/>
		<b id="17" c="17 18" t="ar"/>
		<b id="18" c="13 18" t="ar"/>
		<b id="19" c="11 19" t="1"/>
		<b id="20" c="19 20" t="1"/>
		<b id="21" c="8 20" t="1"/>
		<b id="22" c="5 21" t="1"/>
		<b id="23" c="21 22" t="1"/>
		<b id="24" c="22 23" t="1"/>
		<b id="25" c="2 23" t="1"/>
		<b id="26" c="1 24" t="1"/>
		<b id="27" c="1 25" t="1"/>
		<b id="28" c="1 26" t="1"/>
		<b id="29" c="3 27" t="1"/>
		<b id="30" c="3 28" t="1"/>
		<b id="31" c="3 29" t="1"/>
		<b id="32" c="4 30" t="1"/>
		<b id="33" c="4 31" t="1"/>
		<b id="34" c="6 32" t="1"/>
		<b id="35" c="6 33" t="1"/>
		<b id="36" c="7 34" t="1"/>
		<b id="37" c="7 35" t="1"/>
		<b id="38" c="9 36" t="1"/>
		<b id="39" c="9 37" t="1"/>
		<b id="40" c="10 38" t="1"/>
		<b id="41" c="10 39" t="1"/>
		<b id="42" c="12 40" t="1"/>
		<b id="43" c="12 41" t="1"/>
		<b id="44" c="14 42" t="1"/>
		<b id="45" c="15 43" t="1"/>
		<b id="46" c="16 44" t="1"/>
		<b id="47" c="17 45" t="1"/>
		<b id="48" c="18 46" t="1"/>
		<b id="49" c="19 47" t="1"/>
		<b id="50" c="19 48" t="1"/>
		<b id="51" c="20 49" t="1"/>
		<b id="52" c="20 50" t="1"/>
		<b id="53" c="21 51" t="1"/>
		<b id="54" c="21 52" t="1"/>
		<b id="55" c="22 53" t="1"/>
		<b id="56" c="22 54" t="1"/>
	</bonds>
	<geometry>
		<g u="A" t="cart/3d">#54,3:0.4977,-0.5608,0.4089;2.0160,-0.3722,0.2763;2.5723,-0.0247,1.6641;2.3915,0.7687,-0.6955;2.4234,0.4389,-2.2076;0.9925,0.3323,-2.8245;0.9546,0.3423,-4.2726;3.0835,1.4867,-2.9990;4.4840,1.4496,-3.3699;5.4001,2.1747,-2.3709;5.0158,3.5624,-2.1641;5.4331,4.4495,-3.2379;6.9352,4.5512,-3.2722;7.6477,4.3468,-4.4449;9.0288,4.4487,-4.4554;9.7111,4.7508,-3.2902;9.0069,4.9517,-2.1137;7.6282,4.8539,-2.1057;3.6070,3.6431,-1.8206;2.6852,2.8671,-2.7813;3.1497,-0.9073,-2.3457;2.5473,-1.9651,-1.4197;2.6590,-1.5949,-0.0702;0.0498,0.3404,0.8186;0.3024,-1.3886,1.0871;0.0212,-0.7768,-0.5405;2.1841,0.9326,2.0008;3.6576,0.0199,1.6288;2.2886,-0.7958,2.3746;3.4033,1.0812,-0.4293;1.7158,1.6041,-0.5078;0.3842,1.1719,-2.4783;0.5028,-0.5853,-2.5025;1.4506,1.1612,-4.6101;1.4411,-0.4700,-4.6385;4.5603,1.9580,-4.3414;4.8249,0.4289,-3.5215;6.4332,2.1492,-2.7237;5.3595,1.6742,-1.3977;5.0187,5.4394,-3.0168;5.0620,4.1479,-4.2312;7.1206,4.1075,-5.3587;9.5722,4.2886,-5.3755;10.7885,4.8281,-3.2976;9.5360,5.1866,-1.2014;7.0707,5.0008,-1.1932;3.3075,4.6938,-1.8054;3.5049,3.2508,-0.8049;2.7083,3.3685,-3.7596;1.6608,2.9100,-2.4149;4.1904,-0.7917,-2.0397;3.1206,-1.2623,-3.3772;3.1176,-2.8943,-1.5051;1.5047,-2.1842,-1.6859;</g>
	</geometry>
	<conformers/>
	<properties/>
</molecule>
