<?xml version="1.0" ?>
<!--MOLLI PACKAGE EXPERIMENTAL XML FORMAT-->
<molecule name="nuc586">
	<atoms>
		<a id="1" s="C" t="C.3" l="C"/>
		<a id="2" s="C" t="C.3" l="C"/>
		<a id="3" s="C" t="C.3" l="C"/>
		<a id="4" s="C" t="C.3" l="C"/>
		<a id="5" s="O" t="O.3" l="O"/>
		<a id="6" s="C" t="C.2" l="C"/>
		<a id="7" s="O" t="O.2" l="O"/>
		<a id="8" s="N" t="N.am" l="N"/>
		<a id="9" s="C" t="C.3" l="C"/>
		<a id="10" s="C" t="C.3" l="C"/>
		<a id="11" s="C" t="C.3" l="C"/>
		<a id="12" s="N" t="N.3" l="N"/>
		<a id="13" s="C" t="C.3" l="C"/>
		<a id="14" s="C" t="C.3" l="C"/>
		<a id="15" s="H" t="H" l="H"/>
		<a id="16" s="H" t="H" l="H"/>
		<a id="17" s="H" t="H" l="H"/>
		<a id="18" s="H" t="H" l="H"/>
		<a id="19" s="H" t="H" l="H"/>
		<a id="20" s="H" t="H" l="H"/>
		<a id="21" s="H" t="H" l="H"/>
		<a id="22" s="H" t="H" l="H"/>
		<a id="23" s="H" t="H" l="H"/>
		<a id="24" s="H" t="H" l="H"/>
		<a id="25" s="H" t="H" l="H"/>
		<a id="26" s="H" t="H" l="H"/>
		<a id="27" s="H" t="H" l="H"/>
		<a id="28" s="H" t="H" l="H"/>
		<a id="29" s="H" t="H" l="H"/>
		<a id="30" s="H" t="H" l="H"/>
		<a id="31" s="H" t="H" l="H"/>
		<a id="32" s="H" t="H" l="H"/>
		<a id="33" s="H" t="H" l="H"/>
		<a id="34" s="H" t="H" l="H"/>
	</atoms>
	<bonds>
		<b id="1" c="1 2" t="1"/>
		<b id="2" c="2 3" t="1"/>
		<b id="3" c="2 4" t="1"/>
		<b id="4" c="2 5" t="1"/>
		<b id="5" c="5 6" t="1"/>
		<b id="6" c="6 7" t="2"/>
		<b id="7" c="6 8" t="am"/>
		<b id="8" c="8 9" t="1"/>
		<b id="9" c="9 10" t="1"/>
		<b id="10" c="10 11" t="1"/>
		<b id="11" c="11 12" t="1"/>
		<b id="12" c="11 13" t="1"/>
		<b id="13" c="13 14" t="1"/>
		<b id="14" c="8 14" t="1"/>
		<b id="15" c="1 15" t="1"/>
		<b id="16" c="1 16" t="1"/>
		<b id="17" c="1 17" t="1"/>
		<b id="18" c="3 18" t="1"/>
		<b id="19" c="3 19" t="1"/>
		<b id="20" c="3 20" t="1"/>
		<b id="21" c="4 21" t="1"/>
		<b id="22" c="4 22" t="1"/>
		<b id="23" c="4 23" t="1"/>
		<b id="24" c="9 24" t="1"/>
		<b id="25" c="9 25" t="1"/>
		<b id="26" c="10 26" t="1"/>
		<b id="27" c="10 27" t="1"/>
		<b id="28" c="11 28" t="1"/>
		<b id="29" c="12 29" t="1"/>
		<b id="30" c="12 30" t="1"/>
		<b id="31" c="13 31" t="1"/>
		<b id="32" c="13 32" t="1"/>
		<b id="33" c="14 33" t="1"/>
		<b id="34" c="14 34" t="1"/>
	</bonds>
	<geometry>
		<g u="A" t="cart/3d">#34,3:4.1598,-0.1027,-1.5845;3.1099,-0.6111,-0.5969;2.5017,0.5432,0.1994;2.0150,-1.3857,-1.3334;3.6894,-1.5917,0.2947;4.7147,-1.2528,1.1005;5.2054,-0.1493,1.1905;5.1720,-2.3225,1.7970;4.5525,-3.6267,1.8042;3.8981,-3.8948,3.1610;4.9151,-3.7460,4.3114;5.9159,-4.7968,4.3778;5.6020,-2.3786,4.2072;6.1843,-2.1380,2.8139;3.6926,0.5606,-2.3071;4.6116,-0.9400,-2.1127;4.9378,0.4402,-1.0553;2.0029,1.2315,-0.4772;3.2809,1.0759,0.7371;1.7758,0.1624,0.9151;1.5074,-0.7324,-2.0366;1.2900,-1.7740,-0.6225;2.4495,-2.2218,-1.8754;5.3287,-4.3773,1.6038;3.8131,-3.6749,1.0061;3.4705,-4.9003,3.1685;3.0878,-3.1793,3.3110;4.3688,-3.7895,5.2626;6.4719,-4.8196,3.5308;5.4738,-5.7028,4.4844;6.3991,-2.3235,4.9481;4.8700,-1.5988,4.4228;7.0101,-2.8316,2.6194;6.5576,-1.1168,2.7274;</g>
	</geometry>
	<conformers/>
	<properties/>
</molecule>
