<?xml version="1.0" ?>
<!--MOLLI PACKAGE EXPERIMENTAL XML FORMAT-->
<molecule name="nuc590">
	<atoms>
		<a id="1" s="C" t="C.3" l="C"/>
		<a id="2" s="C" t="C.3" l="C"/>
		<a id="3" s="C" t="C.3" l="C"/>
		<a id="4" s="C" t="C.3" l="C"/>
		<a id="5" s="O" t="O.3" l="O"/>
		<a id="6" s="C" t="C.2" l="C"/>
		<a id="7" s="O" t="O.2" l="O"/>
		<a id="8" s="C" t="C.ar" l="C"/>
		<a id="9" s="C" t="C.ar" l="C"/>
		<a id="10" s="C" t="C.ar" l="C"/>
		<a id="11" s="C" t="C.ar" l="C"/>
		<a id="12" s="C" t="C.ar" l="C"/>
		<a id="13" s="C" t="C.ar" l="C"/>
		<a id="14" s="C" t="C.3" l="C"/>
		<a id="15" s="N" t="N.3" l="N"/>
		<a id="16" s="C" t="C.3" l="C"/>
		<a id="17" s="C" t="C.3" l="C"/>
		<a id="18" s="C" t="C.3" l="C"/>
		<a id="19" s="N" t="N.am" l="N"/>
		<a id="20" s="C" t="C.2" l="C"/>
		<a id="21" s="C" t="C.3" l="C"/>
		<a id="22" s="O" t="O.2" l="O"/>
		<a id="23" s="H" t="H" l="H"/>
		<a id="24" s="H" t="H" l="H"/>
		<a id="25" s="H" t="H" l="H"/>
		<a id="26" s="H" t="H" l="H"/>
		<a id="27" s="H" t="H" l="H"/>
		<a id="28" s="H" t="H" l="H"/>
		<a id="29" s="H" t="H" l="H"/>
		<a id="30" s="H" t="H" l="H"/>
		<a id="31" s="H" t="H" l="H"/>
		<a id="32" s="H" t="H" l="H"/>
		<a id="33" s="H" t="H" l="H"/>
		<a id="34" s="H" t="H" l="H"/>
		<a id="35" s="H" t="H" l="H"/>
		<a id="36" s="H" t="H" l="H"/>
		<a id="37" s="H" t="H" l="H"/>
		<a id="38" s="H" t="H" l="H"/>
		<a id="39" s="H" t="H" l="H"/>
		<a id="40" s="H" t="H" l="H"/>
		<a id="41" s="H" t="H" l="H"/>
		<a id="42" s="H" t="H" l="H"/>
		<a id="43" s="H" t="H" l="H"/>
		<a id="44" s="H" t="H" l="H"/>
		<a id="45" s="H" t="H" l="H"/>
		<a id="46" s="H" t="H" l="H"/>
	</atoms>
	<bonds>
		<b id="1" c="1 2" t="1"/>
		<b id="2" c="2 3" t="1"/>
		<b id="3" c="3 4" t="1"/>
		<b id="4" c="4 5" t="1"/>
		<b id="5" c="5 6" t="1"/>
		<b id="6" c="6 7" t="2"/>
		<b id="7" c="6 8" t="1"/>
		<b id="8" c="8 9" t="ar"/>
		<b id="9" c="9 10" t="ar"/>
		<b id="10" c="10 11" t="ar"/>
		<b id="11" c="11 12" t="ar"/>
		<b id="12" c="12 13" t="ar"/>
		<b id="13" c="8 13" t="ar"/>
		<b id="14" c="12 14" t="1"/>
		<b id="15" c="14 15" t="1"/>
		<b id="16" c="14 16" t="1"/>
		<b id="17" c="16 17" t="1"/>
		<b id="18" c="17 19" t="1"/>
		<b id="19" c="11 19" t="1"/>
		<b id="20" c="19 20" t="am"/>
		<b id="21" c="20 21" t="1"/>
		<b id="22" c="20 22" t="2"/>
		<b id="23" c="17 18" t="1"/>
		<b id="24" c="1 23" t="1"/>
		<b id="25" c="1 24" t="1"/>
		<b id="26" c="1 25" t="1"/>
		<b id="27" c="2 26" t="1"/>
		<b id="28" c="2 27" t="1"/>
		<b id="29" c="3 28" t="1"/>
		<b id="30" c="3 29" t="1"/>
		<b id="31" c="4 30" t="1"/>
		<b id="32" c="4 31" t="1"/>
		<b id="33" c="9 32" t="1"/>
		<b id="34" c="10 33" t="1"/>
		<b id="35" c="13 34" t="1"/>
		<b id="36" c="14 35" t="1"/>
		<b id="37" c="15 36" t="1"/>
		<b id="38" c="15 37" t="1"/>
		<b id="39" c="16 38" t="1"/>
		<b id="40" c="16 39" t="1"/>
		<b id="41" c="17 40" t="1"/>
		<b id="42" c="18 41" t="1"/>
		<b id="43" c="18 42" t="1"/>
		<b id="44" c="18 43" t="1"/>
		<b id="45" c="21 44" t="1"/>
		<b id="46" c="21 45" t="1"/>
		<b id="47" c="21 46" t="1"/>
	</bonds>
	<geometry>
		<g u="A" t="cart/3d">#46,3:3.3866,-0.5583,-1.3225;3.0321,-0.1878,0.1123;4.0039,-0.8109,1.1104;3.6477,-0.4251,2.5436;4.4947,-1.0645,3.4944;5.6763,-0.4777,3.7438;6.0427,0.5396,3.2068;6.4532,-1.2032,4.7745;6.0425,-2.4342,5.2823;6.7842,-3.0526,6.2644;7.9332,-2.4513,6.7845;8.3746,-1.2361,6.2457;7.6278,-0.6304,5.2493;9.6429,-0.5533,6.7072;10.4170,-0.1837,5.5308;10.4106,-1.3903,7.7547;10.1373,-2.8902,7.6332;10.6494,-3.5158,6.3389;8.6968,-3.0873,7.7673;8.2307,-3.7090,8.8955;6.7575,-3.5893,9.2076;8.9903,-4.2919,9.6424;2.6850,-0.1041,-2.0180;3.3546,-1.6372,-1.4577;4.3876,-0.2119,-1.5685;2.0173,-0.5257,0.3361;3.0525,0.8983,0.2227;5.0192,-0.4699,0.8986;3.9842,-1.8995,1.0200;2.6361,-0.7526,2.7955;3.7282,0.6603,2.6686;5.1531,-2.9037,4.8937;6.4905,-4.0257,6.6235;7.9640,0.3060,4.8321;9.3534,0.3973,7.1765;10.7324,-1.0041,5.0270;11.2304,0.3599,5.7942;10.1085,-1.0781,8.7571;11.4821,-1.2015,7.6591;10.5958,-3.4084,8.4820;10.1371,-3.1054,5.4711;10.4781,-4.5897,6.3584;11.7180,-3.3405,6.2407;6.3102,-2.7060,8.7622;6.6583,-3.5512,10.2905;6.2298,-4.4767,8.8645;</g>
	</geometry>
	<conformers/>
	<properties/>
</molecule>
