<?xml version="1.0" ?>
<!--MOLLI PACKAGE EXPERIMENTAL XML FORMAT-->
<molecule name="nuc593">
	<atoms>
		<a id="1" s="N" t="N.pl3" l="N"/>
		<a id="2" s="C" t="C.ar" l="C"/>
		<a id="3" s="C" t="C.ar" l="C"/>
		<a id="4" s="C" t="C.ar" l="C"/>
		<a id="5" s="C" t="C.ar" l="C"/>
		<a id="6" s="N" t="N.ar" l="N"/>
		<a id="7" s="C" t="C.ar" l="C"/>
		<a id="8" s="C" t="C.ar" l="C"/>
		<a id="9" s="C" t="C.ar" l="C"/>
		<a id="10" s="C" t="C.3" l="C"/>
		<a id="11" s="O" t="O.3" l="O"/>
		<a id="12" s="N" t="N.ar" l="N"/>
		<a id="13" s="C" t="C.ar" l="C"/>
		<a id="14" s="C" t="C.ar" l="C"/>
		<a id="15" s="F" t="F" l="F"/>
		<a id="16" s="H" t="H" l="H"/>
		<a id="17" s="H" t="H" l="H"/>
		<a id="18" s="H" t="H" l="H"/>
		<a id="19" s="H" t="H" l="H"/>
		<a id="20" s="H" t="H" l="H"/>
		<a id="21" s="H" t="H" l="H"/>
		<a id="22" s="H" t="H" l="H"/>
		<a id="23" s="H" t="H" l="H"/>
		<a id="24" s="H" t="H" l="H"/>
		<a id="25" s="H" t="H" l="H"/>
	</atoms>
	<bonds>
		<b id="1" c="1 2" t="1"/>
		<b id="2" c="2 3" t="ar"/>
		<b id="3" c="3 4" t="ar"/>
		<b id="4" c="4 5" t="ar"/>
		<b id="5" c="5 6" t="1"/>
		<b id="6" c="6 7" t="ar"/>
		<b id="7" c="7 8" t="ar"/>
		<b id="8" c="8 9" t="ar"/>
		<b id="9" c="9 10" t="1"/>
		<b id="10" c="10 11" t="1"/>
		<b id="11" c="9 12" t="ar"/>
		<b id="12" c="6 12" t="ar"/>
		<b id="13" c="5 13" t="ar"/>
		<b id="14" c="13 14" t="ar"/>
		<b id="15" c="2 14" t="ar"/>
		<b id="16" c="14 15" t="1"/>
		<b id="17" c="1 16" t="1"/>
		<b id="18" c="1 17" t="1"/>
		<b id="19" c="3 18" t="1"/>
		<b id="20" c="4 19" t="1"/>
		<b id="21" c="7 20" t="1"/>
		<b id="22" c="8 21" t="1"/>
		<b id="23" c="10 22" t="1"/>
		<b id="24" c="10 23" t="1"/>
		<b id="25" c="11 24" t="1"/>
		<b id="26" c="13 25" t="1"/>
	</bonds>
	<geometry>
		<g u="A" t="cart/3d">#25,3:-1.3999,1.6476,0.0178;-0.3231,0.7992,-0.0040;0.9882,1.2504,0.1645;2.0483,0.3713,0.2047;1.8422,-1.0006,0.0777;2.9401,-1.8625,0.1171;2.9907,-3.1861,-0.1696;4.2892,-3.5916,0.0068;4.9746,-2.4298,0.4111;6.4231,-2.2592,0.7265;6.6791,-1.1098,1.4930;4.1461,-1.4026,0.4653;0.5454,-1.4802,-0.0865;-0.4968,-0.5830,-0.1255;-1.7586,-1.0576,-0.3013;-1.2254,2.6219,-0.1578;-2.2718,1.2849,-0.3312;1.1635,2.3107,0.2640;3.0559,0.7303,0.3348;2.1321,-3.7425,-0.4827;4.6950,-4.5723,-0.1299;6.9882,-2.2115,-0.2223;6.7915,-3.1235,1.2900;5.9724,-0.4805,1.2991;0.3253,-2.5307,-0.1786;</g>
	</geometry>
	<conformers/>
	<properties/>
</molecule>
