<?xml version="1.0" ?>
<!--MOLLI PACKAGE EXPERIMENTAL XML FORMAT-->
<molecule name="nuc595">
	<atoms>
		<a id="1" s="C" t="C.3" l="C"/>
		<a id="2" s="C" t="C.ar" l="C"/>
		<a id="3" s="C" t="C.ar" l="C"/>
		<a id="4" s="C" t="C.ar" l="C"/>
		<a id="5" s="C" t="C.ar" l="C"/>
		<a id="6" s="C" t="C.ar" l="C"/>
		<a id="7" s="N" t="N.pl3" l="N"/>
		<a id="8" s="O" t="O.2" l="O"/>
		<a id="9" s="O" t="O.co2" l="O"/>
		<a id="10" s="C" t="C.ar" l="C"/>
		<a id="11" s="N" t="N.pl3" l="N"/>
		<a id="12" s="H" t="H" l="H"/>
		<a id="13" s="H" t="H" l="H"/>
		<a id="14" s="H" t="H" l="H"/>
		<a id="15" s="H" t="H" l="H"/>
		<a id="16" s="H" t="H" l="H"/>
		<a id="17" s="H" t="H" l="H"/>
		<a id="18" s="H" t="H" l="H"/>
		<a id="19" s="H" t="H" l="H"/>
	</atoms>
	<bonds>
		<b id="1" c="1 2" t="1"/>
		<b id="2" c="2 3" t="ar"/>
		<b id="3" c="3 4" t="ar"/>
		<b id="4" c="4 5" t="ar"/>
		<b id="5" c="5 6" t="ar"/>
		<b id="6" c="6 7" t="1"/>
		<b id="7" c="7 8" t="2"/>
		<b id="8" c="7 9" t="1"/>
		<b id="9" c="6 10" t="ar"/>
		<b id="10" c="2 10" t="ar"/>
		<b id="11" c="10 11" t="1"/>
		<b id="12" c="1 12" t="1"/>
		<b id="13" c="1 13" t="1"/>
		<b id="14" c="1 14" t="1"/>
		<b id="15" c="3 15" t="1"/>
		<b id="16" c="4 16" t="1"/>
		<b id="17" c="5 17" t="1"/>
		<b id="18" c="11 18" t="1"/>
		<b id="19" c="11 19" t="1"/>
	</bonds>
	<geometry>
		<g u="A" t="cart/3d">#19,3:1.8370,1.4964,0.0108;0.5560,0.7135,0.0108;-0.6592,1.3560,0.0169;-1.8641,0.6512,0.0147;-1.8393,-0.7173,0.0051;-0.6204,-1.4094,-0.0020;-0.6870,-2.8237,-0.0094;-1.7837,-3.3506,0.0122;0.3543,-3.4769,-0.0368;0.6080,-0.7050,0.0017;1.7949,-1.3376,-0.0048;1.6245,2.5616,0.0038;2.4352,1.2642,-0.8708;2.4292,1.2752,0.8995;-0.6813,2.4360,0.0226;-2.8016,1.1828,0.0197;-2.7490,-1.2971,0.0026;1.7981,-2.3495,-0.0117;2.6496,-0.8146,0.0241;</g>
	</geometry>
	<conformers/>
	<properties/>
</molecule>
