<?xml version="1.0" ?>
<!--MOLLI PACKAGE EXPERIMENTAL XML FORMAT-->
<molecule name="nuc598">
	<atoms>
		<a id="1" s="N" t="N.pl3" l="N"/>
		<a id="2" s="C" t="C.ar" l="C"/>
		<a id="3" s="C" t="C.ar" l="C"/>
		<a id="4" s="C" t="C.ar" l="C"/>
		<a id="5" s="C" t="C.ar" l="C"/>
		<a id="6" s="C" t="C.2" l="C"/>
		<a id="7" s="O" t="O.2" l="O"/>
		<a id="8" s="N" t="N.am" l="N"/>
		<a id="9" s="C" t="C.3" l="C"/>
		<a id="10" s="C" t="C.3" l="C"/>
		<a id="11" s="C" t="C.3" l="C"/>
		<a id="12" s="N" t="N.3" l="N"/>
		<a id="13" s="C" t="C.3" l="C"/>
		<a id="14" s="C" t="C.3" l="C"/>
		<a id="15" s="C" t="C.3" l="C"/>
		<a id="16" s="C" t="C.3" l="C"/>
		<a id="17" s="C" t="C.3" l="C"/>
		<a id="18" s="C" t="C.3" l="C"/>
		<a id="19" s="C" t="C.ar" l="C"/>
		<a id="20" s="C" t="C.ar" l="C"/>
		<a id="21" s="H" t="H" l="H"/>
		<a id="22" s="H" t="H" l="H"/>
		<a id="23" s="H" t="H" l="H"/>
		<a id="24" s="H" t="H" l="H"/>
		<a id="25" s="H" t="H" l="H"/>
		<a id="26" s="H" t="H" l="H"/>
		<a id="27" s="H" t="H" l="H"/>
		<a id="28" s="H" t="H" l="H"/>
		<a id="29" s="H" t="H" l="H"/>
		<a id="30" s="H" t="H" l="H"/>
		<a id="31" s="H" t="H" l="H"/>
		<a id="32" s="H" t="H" l="H"/>
		<a id="33" s="H" t="H" l="H"/>
		<a id="34" s="H" t="H" l="H"/>
		<a id="35" s="H" t="H" l="H"/>
		<a id="36" s="H" t="H" l="H"/>
		<a id="37" s="H" t="H" l="H"/>
		<a id="38" s="H" t="H" l="H"/>
		<a id="39" s="H" t="H" l="H"/>
		<a id="40" s="H" t="H" l="H"/>
		<a id="41" s="H" t="H" l="H"/>
		<a id="42" s="H" t="H" l="H"/>
		<a id="43" s="H" t="H" l="H"/>
	</atoms>
	<bonds>
		<b id="1" c="1 2" t="1"/>
		<b id="2" c="2 3" t="ar"/>
		<b id="3" c="3 4" t="ar"/>
		<b id="4" c="4 5" t="ar"/>
		<b id="5" c="5 6" t="1"/>
		<b id="6" c="6 7" t="2"/>
		<b id="7" c="6 8" t="am"/>
		<b id="8" c="8 9" t="1"/>
		<b id="9" c="9 10" t="1"/>
		<b id="10" c="10 11" t="1"/>
		<b id="11" c="11 12" t="1"/>
		<b id="12" c="12 13" t="1"/>
		<b id="13" c="13 14" t="1"/>
		<b id="14" c="14 15" t="1"/>
		<b id="15" c="15 16" t="1"/>
		<b id="16" c="12 16" t="1"/>
		<b id="17" c="11 17" t="1"/>
		<b id="18" c="17 18" t="1"/>
		<b id="19" c="8 18" t="1"/>
		<b id="20" c="5 19" t="ar"/>
		<b id="21" c="19 20" t="ar"/>
		<b id="22" c="2 20" t="ar"/>
		<b id="23" c="1 21" t="1"/>
		<b id="24" c="1 22" t="1"/>
		<b id="25" c="3 23" t="1"/>
		<b id="26" c="4 24" t="1"/>
		<b id="27" c="9 25" t="1"/>
		<b id="28" c="9 26" t="1"/>
		<b id="29" c="10 27" t="1"/>
		<b id="30" c="10 28" t="1"/>
		<b id="31" c="11 29" t="1"/>
		<b id="32" c="13 30" t="1"/>
		<b id="33" c="13 31" t="1"/>
		<b id="34" c="14 32" t="1"/>
		<b id="35" c="14 33" t="1"/>
		<b id="36" c="15 34" t="1"/>
		<b id="37" c="15 35" t="1"/>
		<b id="38" c="16 36" t="1"/>
		<b id="39" c="16 37" t="1"/>
		<b id="40" c="17 38" t="1"/>
		<b id="41" c="17 39" t="1"/>
		<b id="42" c="18 40" t="1"/>
		<b id="43" c="18 41" t="1"/>
		<b id="44" c="19 42" t="1"/>
		<b id="45" c="20 43" t="1"/>
	</bonds>
	<geometry>
		<g u="A" t="cart/3d">#43,3:-4.0566,-3.1767,4.9885;-3.9777,-2.3649,3.8794;-3.0355,-1.3360,3.8174;-2.9136,-0.5636,2.6813;-3.7272,-0.7954,1.5757;-3.5520,-0.0300,0.3064;-3.2712,-0.5925,-0.7384;-3.6708,1.3196,0.3871;-4.2716,2.0472,1.4753;-5.6373,2.6186,1.0716;-5.6799,3.3525,-0.2933;-5.4001,4.7709,-0.2945;-4.1266,5.2905,0.1821;-4.4055,6.7358,0.6280;-5.8190,7.0127,0.1176;-6.4569,5.6326,0.1927;-4.8331,2.6044,-1.3368;-3.4869,2.1247,-0.8015;-4.6492,-1.8352,1.6267;-4.7851,-2.6013,2.7651;-3.6595,-2.8240,5.8432;-4.8952,-3.7220,5.0969;-2.3946,-1.1543,4.6687;-2.1696,0.2195,2.6437;-3.5853,2.8480,1.7748;-4.4086,1.3823,2.3301;-5.9848,3.2925,1.8570;-6.3400,1.7840,1.0162;-6.7220,3.2995,-0.6370;-3.4038,5.2623,-0.6410;-3.7145,4.7174,1.0208;-3.6739,7.4378,0.2305;-4.3844,6.8035,1.7176;-5.7872,7.3424,-0.9201;-6.3455,7.7565,0.7118;-7.3374,5.5358,-0.4469;-6.7584,5.4086,1.2320;-4.6801,3.2556,-2.1972;-5.3907,1.7254,-1.6663;-2.8387,2.9690,-0.5512;-2.9917,1.4995,-1.5470;-5.2647,-2.0342,0.7622;-5.5115,-3.4008,2.7990;</g>
	</geometry>
	<conformers/>
	<properties/>
</molecule>
