<?xml version="1.0" ?>
<!--MOLLI PACKAGE EXPERIMENTAL XML FORMAT-->
<molecule name="nuc606">
	<atoms>
		<a id="1" s="C" t="C.3" l="C"/>
		<a id="2" s="C" t="C.3" l="C"/>
		<a id="3" s="C" t="C.3" l="C"/>
		<a id="4" s="C" t="C.3" l="C"/>
		<a id="5" s="O" t="O.3" l="O"/>
		<a id="6" s="C" t="C.2" l="C"/>
		<a id="7" s="O" t="O.2" l="O"/>
		<a id="8" s="N" t="N.am" l="N"/>
		<a id="9" s="C" t="C.3" l="C"/>
		<a id="10" s="C" t="C.3" l="C"/>
		<a id="11" s="C" t="C.3" l="C"/>
		<a id="12" s="N" t="N.ar" l="N"/>
		<a id="13" s="C" t="C.ar" l="C"/>
		<a id="14" s="C" t="C.ar" l="C"/>
		<a id="15" s="N" t="N.pl3" l="N"/>
		<a id="16" s="C" t="C.ar" l="C"/>
		<a id="17" s="N" t="N.ar" l="N"/>
		<a id="18" s="C" t="C.3" l="C"/>
		<a id="19" s="C" t="C.3" l="C"/>
		<a id="20" s="H" t="H" l="H"/>
		<a id="21" s="H" t="H" l="H"/>
		<a id="22" s="H" t="H" l="H"/>
		<a id="23" s="H" t="H" l="H"/>
		<a id="24" s="H" t="H" l="H"/>
		<a id="25" s="H" t="H" l="H"/>
		<a id="26" s="H" t="H" l="H"/>
		<a id="27" s="H" t="H" l="H"/>
		<a id="28" s="H" t="H" l="H"/>
		<a id="29" s="H" t="H" l="H"/>
		<a id="30" s="H" t="H" l="H"/>
		<a id="31" s="H" t="H" l="H"/>
		<a id="32" s="H" t="H" l="H"/>
		<a id="33" s="H" t="H" l="H"/>
		<a id="34" s="H" t="H" l="H"/>
		<a id="35" s="H" t="H" l="H"/>
		<a id="36" s="H" t="H" l="H"/>
		<a id="37" s="H" t="H" l="H"/>
		<a id="38" s="H" t="H" l="H"/>
		<a id="39" s="H" t="H" l="H"/>
		<a id="40" s="H" t="H" l="H"/>
		<a id="41" s="H" t="H" l="H"/>
	</atoms>
	<bonds>
		<b id="1" c="1 2" t="1"/>
		<b id="2" c="2 3" t="1"/>
		<b id="3" c="2 4" t="1"/>
		<b id="4" c="2 5" t="1"/>
		<b id="5" c="5 6" t="1"/>
		<b id="6" c="6 7" t="2"/>
		<b id="7" c="6 8" t="am"/>
		<b id="8" c="8 9" t="1"/>
		<b id="9" c="9 10" t="1"/>
		<b id="10" c="10 11" t="1"/>
		<b id="11" c="11 12" t="1"/>
		<b id="12" c="12 13" t="ar"/>
		<b id="13" c="13 14" t="ar"/>
		<b id="14" c="14 15" t="1"/>
		<b id="15" c="14 16" t="ar"/>
		<b id="16" c="16 17" t="ar"/>
		<b id="17" c="12 17" t="ar"/>
		<b id="18" c="11 18" t="1"/>
		<b id="19" c="18 19" t="1"/>
		<b id="20" c="8 19" t="1"/>
		<b id="21" c="1 20" t="1"/>
		<b id="22" c="1 21" t="1"/>
		<b id="23" c="1 22" t="1"/>
		<b id="24" c="3 23" t="1"/>
		<b id="25" c="3 24" t="1"/>
		<b id="26" c="3 25" t="1"/>
		<b id="27" c="4 26" t="1"/>
		<b id="28" c="4 27" t="1"/>
		<b id="29" c="4 28" t="1"/>
		<b id="30" c="9 29" t="1"/>
		<b id="31" c="9 30" t="1"/>
		<b id="32" c="10 31" t="1"/>
		<b id="33" c="10 32" t="1"/>
		<b id="34" c="11 33" t="1"/>
		<b id="35" c="13 34" t="1"/>
		<b id="36" c="15 35" t="1"/>
		<b id="37" c="15 36" t="1"/>
		<b id="38" c="16 37" t="1"/>
		<b id="39" c="18 38" t="1"/>
		<b id="40" c="18 39" t="1"/>
		<b id="41" c="19 40" t="1"/>
		<b id="42" c="19 41" t="1"/>
	</bonds>
	<geometry>
		<g u="A" t="cart/3d">#41,3:4.4861,-0.6194,1.7037;3.2028,0.0705,1.2400;2.4539,-0.7917,0.2241;2.3028,0.3849,2.4372;3.5032,1.3683,0.6809;4.2592,1.4706,-0.4320;4.7820,0.5456,-1.0153;4.3425,2.7537,-0.8538;5.2164,3.0974,-1.9522;6.4711,3.7913,-1.4226;6.1058,5.0217,-0.5764;5.6447,6.1089,-1.4066;6.3336,7.2468,-1.6738;5.5650,7.9910,-2.5472;5.8853,9.1918,-3.1711;4.4175,7.2037,-2.7478;4.4897,6.0798,-2.0573;5.0744,4.6441,0.4968;3.8809,3.9012,-0.1088;4.2422,-1.5571,2.1953;5.0209,0.0187,2.4046;5.1275,-0.8217,0.8506;2.1506,-1.7258,0.6888;3.0952,-1.0088,-0.6254;1.5685,-0.2670,-0.1291;2.0260,-0.5340,2.9452;1.4014,0.8917,2.1023;2.8247,1.0341,3.1358;4.6761,3.7724,-2.6220;5.4787,2.1787,-2.4781;7.1054,4.0946,-2.2568;7.0307,3.0930,-0.7978;7.0123,5.3913,-0.0810;7.2925,7.4458,-1.2397;6.5433,9.7574,-2.6544;5.0755,9.7208,-3.4609;3.5610,7.4143,-3.3570;4.7252,5.5449,1.0039;5.5651,4.0016,1.2306;3.3602,4.5682,-0.8023;3.1996,3.5726,0.6742;</g>
	</geometry>
	<conformers/>
	<properties/>
</molecule>
