<?xml version="1.0" ?>
<!--MOLLI PACKAGE EXPERIMENTAL XML FORMAT-->
<molecule name="nuc607">
	<atoms>
		<a id="1" s="C" t="C.3" l="C"/>
		<a id="2" s="C" t="C.ar" l="C"/>
		<a id="3" s="C" t="C.ar" l="C"/>
		<a id="4" s="C" t="C.ar" l="C"/>
		<a id="5" s="C" t="C.ar" l="C"/>
		<a id="6" s="N" t="N.pl3" l="N"/>
		<a id="7" s="C" t="C.ar" l="C"/>
		<a id="8" s="C" t="C.ar" l="C"/>
		<a id="9" s="N" t="N.pl3" l="N"/>
		<a id="10" s="C" t="C.ar" l="C"/>
		<a id="11" s="N" t="N.ar" l="N"/>
		<a id="12" s="C" t="C.ar" l="C"/>
		<a id="13" s="C" t="C.ar" l="C"/>
		<a id="14" s="C" t="C.ar" l="C"/>
		<a id="15" s="C" t="C.ar" l="C"/>
		<a id="16" s="C" t="C.ar" l="C"/>
		<a id="17" s="C" t="C.ar" l="C"/>
		<a id="18" s="C" t="C.ar" l="C"/>
		<a id="19" s="N" t="N.ar" l="N"/>
		<a id="20" s="C" t="C.ar" l="C"/>
		<a id="21" s="N" t="N.ar" l="N"/>
		<a id="22" s="H" t="H" l="H"/>
		<a id="23" s="H" t="H" l="H"/>
		<a id="24" s="H" t="H" l="H"/>
		<a id="25" s="H" t="H" l="H"/>
		<a id="26" s="H" t="H" l="H"/>
		<a id="27" s="H" t="H" l="H"/>
		<a id="28" s="H" t="H" l="H"/>
		<a id="29" s="H" t="H" l="H"/>
		<a id="30" s="H" t="H" l="H"/>
		<a id="31" s="H" t="H" l="H"/>
		<a id="32" s="H" t="H" l="H"/>
		<a id="33" s="H" t="H" l="H"/>
		<a id="34" s="H" t="H" l="H"/>
		<a id="35" s="H" t="H" l="H"/>
		<a id="36" s="H" t="H" l="H"/>
	</atoms>
	<bonds>
		<b id="1" c="1 2" t="1"/>
		<b id="2" c="2 3" t="ar"/>
		<b id="3" c="3 4" t="ar"/>
		<b id="4" c="4 5" t="ar"/>
		<b id="5" c="5 6" t="1"/>
		<b id="6" c="5 7" t="ar"/>
		<b id="7" c="7 8" t="ar"/>
		<b id="8" c="2 8" t="ar"/>
		<b id="9" c="8 9" t="1"/>
		<b id="10" c="9 10" t="1"/>
		<b id="11" c="10 11" t="ar"/>
		<b id="12" c="11 12" t="ar"/>
		<b id="13" c="12 13" t="ar"/>
		<b id="14" c="13 14" t="ar"/>
		<b id="15" c="14 15" t="1"/>
		<b id="16" c="15 16" t="ar"/>
		<b id="17" c="16 17" t="ar"/>
		<b id="18" c="17 18" t="ar"/>
		<b id="19" c="18 19" t="ar"/>
		<b id="20" c="19 20" t="ar"/>
		<b id="21" c="15 20" t="ar"/>
		<b id="22" c="14 21" t="ar"/>
		<b id="23" c="10 21" t="ar"/>
		<b id="24" c="1 22" t="1"/>
		<b id="25" c="1 23" t="1"/>
		<b id="26" c="1 24" t="1"/>
		<b id="27" c="3 25" t="1"/>
		<b id="28" c="4 26" t="1"/>
		<b id="29" c="6 27" t="1"/>
		<b id="30" c="6 28" t="1"/>
		<b id="31" c="7 29" t="1"/>
		<b id="32" c="9 30" t="1"/>
		<b id="33" c="12 31" t="1"/>
		<b id="34" c="13 32" t="1"/>
		<b id="35" c="16 33" t="1"/>
		<b id="36" c="17 34" t="1"/>
		<b id="37" c="18 35" t="1"/>
		<b id="38" c="20 36" t="1"/>
	</bonds>
	<geometry>
		<g u="A" t="cart/3d">#36,3:1.0137,-2.3786,-0.4855;0.3313,-1.0634,-0.2334;1.0732,0.1034,-0.1410;0.4834,1.3301,0.0931;-0.8992,1.4176,0.2386;-1.5199,2.6416,0.3981;-1.6613,0.2552,0.1512;-1.0622,-0.9737,-0.0811;-1.8055,-2.1492,-0.1623;-3.1260,-2.3922,-0.0163;-4.0000,-1.4101,0.2209;-5.2647,-1.7645,0.3519;-5.7007,-3.0736,0.2513;-4.7160,-4.0350,-0.0017;-5.0200,-5.4668,-0.1049;-6.2626,-5.9488,-0.5096;-6.4667,-7.3168,-0.5599;-5.4184,-8.1555,-0.2108;-4.2313,-7.7115,0.1689;-4.0407,-6.4091,0.2195;-3.4434,-3.6901,-0.1304;2.0867,-2.2281,-0.5725;0.6636,-2.8349,-1.4126;0.8393,-3.0790,0.3328;2.1470,0.0507,-0.2515;1.0886,2.2221,0.1614;-0.9479,3.3856,0.7634;-2.4562,2.6129,0.7682;-2.7310,0.3022,0.2634;-1.2788,-2.9931,-0.3410;-5.9542,-0.9521,0.5481;-6.7365,-3.3339,0.3854;-7.0505,-5.2684,-0.8007;-7.4167,-7.7240,-0.8704;-5.5283,-9.2317,-0.2375;-3.0626,-6.0763,0.5376;</g>
	</geometry>
	<conformers/>
	<properties/>
</molecule>
