<?xml version="1.0" ?>
<!--MOLLI PACKAGE EXPERIMENTAL XML FORMAT-->
<molecule name="nuc608">
	<atoms>
		<a id="1" s="C" t="C.3" l="C"/>
		<a id="2" s="C" t="C.3" l="C"/>
		<a id="3" s="N" t="N.3" l="N"/>
		<a id="4" s="C" t="C.3" l="C"/>
		<a id="5" s="C" t="C.3" l="C"/>
		<a id="6" s="N" t="N.3" l="N"/>
		<a id="7" s="C" t="C.3" l="C"/>
		<a id="8" s="C" t="C.ar" l="C"/>
		<a id="9" s="C" t="C.ar" l="C"/>
		<a id="10" s="C" t="C.ar" l="C"/>
		<a id="11" s="C" t="C.ar" l="C"/>
		<a id="12" s="N" t="N.pl3" l="N"/>
		<a id="13" s="N" t="N.ar" l="N"/>
		<a id="14" s="C" t="C.ar" l="C"/>
		<a id="15" s="C" t="C.3" l="C"/>
		<a id="16" s="C" t="C.3" l="C"/>
		<a id="17" s="H" t="H" l="H"/>
		<a id="18" s="H" t="H" l="H"/>
		<a id="19" s="H" t="H" l="H"/>
		<a id="20" s="H" t="H" l="H"/>
		<a id="21" s="H" t="H" l="H"/>
		<a id="22" s="H" t="H" l="H"/>
		<a id="23" s="H" t="H" l="H"/>
		<a id="24" s="H" t="H" l="H"/>
		<a id="25" s="H" t="H" l="H"/>
		<a id="26" s="H" t="H" l="H"/>
		<a id="27" s="H" t="H" l="H"/>
		<a id="28" s="H" t="H" l="H"/>
		<a id="29" s="H" t="H" l="H"/>
		<a id="30" s="H" t="H" l="H"/>
		<a id="31" s="H" t="H" l="H"/>
		<a id="32" s="H" t="H" l="H"/>
		<a id="33" s="H" t="H" l="H"/>
		<a id="34" s="H" t="H" l="H"/>
		<a id="35" s="H" t="H" l="H"/>
		<a id="36" s="H" t="H" l="H"/>
	</atoms>
	<bonds>
		<b id="1" c="1 2" t="1"/>
		<b id="2" c="2 3" t="1"/>
		<b id="3" c="3 4" t="1"/>
		<b id="4" c="4 5" t="1"/>
		<b id="5" c="5 6" t="1"/>
		<b id="6" c="6 7" t="1"/>
		<b id="7" c="7 8" t="1"/>
		<b id="8" c="8 9" t="ar"/>
		<b id="9" c="9 10" t="ar"/>
		<b id="10" c="10 11" t="ar"/>
		<b id="11" c="11 12" t="1"/>
		<b id="12" c="11 13" t="ar"/>
		<b id="13" c="13 14" t="ar"/>
		<b id="14" c="8 14" t="ar"/>
		<b id="15" c="6 15" t="1"/>
		<b id="16" c="15 16" t="1"/>
		<b id="17" c="3 16" t="1"/>
		<b id="18" c="1 17" t="1"/>
		<b id="19" c="1 18" t="1"/>
		<b id="20" c="1 19" t="1"/>
		<b id="21" c="2 20" t="1"/>
		<b id="22" c="2 21" t="1"/>
		<b id="23" c="4 22" t="1"/>
		<b id="24" c="4 23" t="1"/>
		<b id="25" c="5 24" t="1"/>
		<b id="26" c="5 25" t="1"/>
		<b id="27" c="7 26" t="1"/>
		<b id="28" c="7 27" t="1"/>
		<b id="29" c="9 28" t="1"/>
		<b id="30" c="10 29" t="1"/>
		<b id="31" c="12 30" t="1"/>
		<b id="32" c="12 31" t="1"/>
		<b id="33" c="14 32" t="1"/>
		<b id="34" c="15 33" t="1"/>
		<b id="35" c="15 34" t="1"/>
		<b id="36" c="16 35" t="1"/>
		<b id="37" c="16 36" t="1"/>
	</bonds>
	<geometry>
		<g u="A" t="cart/3d">#36,3:1.2884,0.9894,1.0772;1.9314,0.1421,-0.0180;2.7298,-0.9255,0.5606;3.8469,-1.3678,-0.2576;3.4196,-2.2703,-1.4264;2.6482,-3.4275,-0.9966;3.4580,-4.4899,-0.4173;4.3622,-5.0740,-1.4652;3.8314,-5.6226,-2.6343;4.6759,-6.1395,-3.5887;6.0585,-6.0962,-3.3518;6.9494,-6.6534,-4.2270;6.5713,-5.5627,-2.2466;5.7412,-5.0728,-1.3402;1.5377,-2.9973,-0.1634;1.9619,-2.0815,0.9980;0.7919,1.8500,0.6360;2.0515,1.3358,1.7681;0.5519,0.4187,1.6362;2.6022,0.7792,-0.5999;1.1482,-0.2255,-0.6997;4.5293,-1.9186,0.3982;4.3809,-0.4938,-0.6357;4.2976,-2.6193,-1.9740;2.7896,-1.6984,-2.1164;2.7664,-5.2649,-0.0689;4.0622,-4.1651,0.4450;2.7614,-5.6250,-2.7794;4.2977,-6.5715,-4.5030;6.6601,-6.7878,-5.1803;7.9153,-6.4179,-4.0722;6.2208,-4.6515,-0.4643;1.0230,-3.8786,0.2257;0.8399,-2.4606,-0.8158;2.5903,-2.6444,1.6960;1.0798,-1.7405,1.5408;</g>
	</geometry>
	<conformers/>
	<properties/>
</molecule>
