<?xml version="1.0" ?>
<!--MOLLI PACKAGE EXPERIMENTAL XML FORMAT-->
<molecule name="nuc609">
	<atoms>
		<a id="1" s="C" t="C.3" l="C"/>
		<a id="2" s="C" t="C.3" l="C"/>
		<a id="3" s="C" t="C.3" l="C"/>
		<a id="4" s="N" t="N.3" l="N"/>
		<a id="5" s="C" t="C.3" l="C"/>
		<a id="6" s="C" t="C.3" l="C"/>
		<a id="7" s="N" t="N.3" l="N"/>
		<a id="8" s="C" t="C.3" l="C"/>
		<a id="9" s="C" t="C.ar" l="C"/>
		<a id="10" s="C" t="C.ar" l="C"/>
		<a id="11" s="C" t="C.ar" l="C"/>
		<a id="12" s="C" t="C.ar" l="C"/>
		<a id="13" s="N" t="N.pl3" l="N"/>
		<a id="14" s="N" t="N.ar" l="N"/>
		<a id="15" s="C" t="C.ar" l="C"/>
		<a id="16" s="C" t="C.3" l="C"/>
		<a id="17" s="C" t="C.3" l="C"/>
		<a id="18" s="H" t="H" l="H"/>
		<a id="19" s="H" t="H" l="H"/>
		<a id="20" s="H" t="H" l="H"/>
		<a id="21" s="H" t="H" l="H"/>
		<a id="22" s="H" t="H" l="H"/>
		<a id="23" s="H" t="H" l="H"/>
		<a id="24" s="H" t="H" l="H"/>
		<a id="25" s="H" t="H" l="H"/>
		<a id="26" s="H" t="H" l="H"/>
		<a id="27" s="H" t="H" l="H"/>
		<a id="28" s="H" t="H" l="H"/>
		<a id="29" s="H" t="H" l="H"/>
		<a id="30" s="H" t="H" l="H"/>
		<a id="31" s="H" t="H" l="H"/>
		<a id="32" s="H" t="H" l="H"/>
		<a id="33" s="H" t="H" l="H"/>
		<a id="34" s="H" t="H" l="H"/>
		<a id="35" s="H" t="H" l="H"/>
		<a id="36" s="H" t="H" l="H"/>
		<a id="37" s="H" t="H" l="H"/>
		<a id="38" s="H" t="H" l="H"/>
		<a id="39" s="H" t="H" l="H"/>
	</atoms>
	<bonds>
		<b id="1" c="1 2" t="1"/>
		<b id="2" c="2 3" t="1"/>
		<b id="3" c="2 4" t="1"/>
		<b id="4" c="4 5" t="1"/>
		<b id="5" c="5 6" t="1"/>
		<b id="6" c="6 7" t="1"/>
		<b id="7" c="7 8" t="1"/>
		<b id="8" c="8 9" t="1"/>
		<b id="9" c="9 10" t="ar"/>
		<b id="10" c="10 11" t="ar"/>
		<b id="11" c="11 12" t="ar"/>
		<b id="12" c="12 13" t="1"/>
		<b id="13" c="12 14" t="ar"/>
		<b id="14" c="14 15" t="ar"/>
		<b id="15" c="9 15" t="ar"/>
		<b id="16" c="7 16" t="1"/>
		<b id="17" c="16 17" t="1"/>
		<b id="18" c="4 17" t="1"/>
		<b id="19" c="1 18" t="1"/>
		<b id="20" c="1 19" t="1"/>
		<b id="21" c="1 20" t="1"/>
		<b id="22" c="2 21" t="1"/>
		<b id="23" c="3 22" t="1"/>
		<b id="24" c="3 23" t="1"/>
		<b id="25" c="3 24" t="1"/>
		<b id="26" c="5 25" t="1"/>
		<b id="27" c="5 26" t="1"/>
		<b id="28" c="6 27" t="1"/>
		<b id="29" c="6 28" t="1"/>
		<b id="30" c="8 29" t="1"/>
		<b id="31" c="8 30" t="1"/>
		<b id="32" c="10 31" t="1"/>
		<b id="33" c="11 32" t="1"/>
		<b id="34" c="13 33" t="1"/>
		<b id="35" c="13 34" t="1"/>
		<b id="36" c="15 35" t="1"/>
		<b id="37" c="16 36" t="1"/>
		<b id="38" c="16 37" t="1"/>
		<b id="39" c="17 38" t="1"/>
		<b id="40" c="17 39" t="1"/>
	</bonds>
	<geometry>
		<g u="A" t="cart/3d">#39,3:2.5986,1.6852,-0.5468;2.2580,0.3775,0.1778;0.8220,-0.0077,-0.1807;3.2124,-0.6539,-0.2359;2.8588,-2.0360,0.0582;3.0035,-2.3922,1.5465;4.3426,-2.1415,2.0612;5.3074,-3.1697,1.7008;4.9502,-4.4636,2.3756;4.8119,-4.5238,3.7637;4.4701,-5.7133,4.3633;4.2691,-6.8385,3.5491;3.9936,-8.0665,4.0854;4.3871,-6.7851,2.2255;4.7188,-5.6315,1.6686;4.7537,-0.7873,1.7291;4.5727,-0.4381,0.2415;1.8006,2.4087,-0.3996;2.7079,1.4917,-1.6106;3.5186,2.1291,-0.1769;2.2967,0.5637,1.2666;0.7652,-0.3041,-1.2252;0.1716,0.8508,-0.0289;0.4499,-0.8165,0.4431;3.5388,-2.6623,-0.5297;1.8486,-2.2492,-0.2850;2.7593,-3.4443,1.7082;2.3096,-1.7849,2.1378;6.2851,-2.8346,2.0647;5.3925,-3.3370,0.6146;4.9649,-3.6296,4.3494;4.3562,-5.7938,5.4340;3.5991,-8.1036,5.0096;3.6854,-8.7658,3.4307;4.7973,-5.6533,0.5879;5.7984,-0.6521,2.0183;4.1462,-0.1096,2.3389;5.2271,-1.0760,-0.3625;4.8692,0.5953,0.0679;</g>
	</geometry>
	<conformers/>
	<properties/>
</molecule>
