<?xml version="1.0" ?>
<!--MOLLI PACKAGE EXPERIMENTAL XML FORMAT-->
<molecule name="nuc610">
	<atoms>
		<a id="1" s="C" t="C.3" l="C"/>
		<a id="2" s="C" t="C.3" l="C"/>
		<a id="3" s="C" t="C.3" l="C"/>
		<a id="4" s="C" t="C.3" l="C"/>
		<a id="5" s="O" t="O.3" l="O"/>
		<a id="6" s="C" t="C.2" l="C"/>
		<a id="7" s="O" t="O.2" l="O"/>
		<a id="8" s="N" t="N.am" l="N"/>
		<a id="9" s="C" t="C.3" l="C"/>
		<a id="10" s="C" t="C.3" l="C"/>
		<a id="11" s="N" t="N.3" l="N"/>
		<a id="12" s="C" t="C.3" l="C"/>
		<a id="13" s="C" t="C.ar" l="C"/>
		<a id="14" s="C" t="C.ar" l="C"/>
		<a id="15" s="C" t="C.ar" l="C"/>
		<a id="16" s="C" t="C.ar" l="C"/>
		<a id="17" s="N" t="N.pl3" l="N"/>
		<a id="18" s="N" t="N.ar" l="N"/>
		<a id="19" s="C" t="C.ar" l="C"/>
		<a id="20" s="C" t="C.3" l="C"/>
		<a id="21" s="C" t="C.3" l="C"/>
		<a id="22" s="H" t="H" l="H"/>
		<a id="23" s="H" t="H" l="H"/>
		<a id="24" s="H" t="H" l="H"/>
		<a id="25" s="H" t="H" l="H"/>
		<a id="26" s="H" t="H" l="H"/>
		<a id="27" s="H" t="H" l="H"/>
		<a id="28" s="H" t="H" l="H"/>
		<a id="29" s="H" t="H" l="H"/>
		<a id="30" s="H" t="H" l="H"/>
		<a id="31" s="H" t="H" l="H"/>
		<a id="32" s="H" t="H" l="H"/>
		<a id="33" s="H" t="H" l="H"/>
		<a id="34" s="H" t="H" l="H"/>
		<a id="35" s="H" t="H" l="H"/>
		<a id="36" s="H" t="H" l="H"/>
		<a id="37" s="H" t="H" l="H"/>
		<a id="38" s="H" t="H" l="H"/>
		<a id="39" s="H" t="H" l="H"/>
		<a id="40" s="H" t="H" l="H"/>
		<a id="41" s="H" t="H" l="H"/>
		<a id="42" s="H" t="H" l="H"/>
		<a id="43" s="H" t="H" l="H"/>
		<a id="44" s="H" t="H" l="H"/>
		<a id="45" s="H" t="H" l="H"/>
	</atoms>
	<bonds>
		<b id="1" c="1 2" t="1"/>
		<b id="2" c="2 3" t="1"/>
		<b id="3" c="2 4" t="1"/>
		<b id="4" c="2 5" t="1"/>
		<b id="5" c="5 6" t="1"/>
		<b id="6" c="6 7" t="2"/>
		<b id="7" c="6 8" t="am"/>
		<b id="8" c="8 9" t="1"/>
		<b id="9" c="9 10" t="1"/>
		<b id="10" c="10 11" t="1"/>
		<b id="11" c="11 12" t="1"/>
		<b id="12" c="12 13" t="1"/>
		<b id="13" c="13 14" t="ar"/>
		<b id="14" c="14 15" t="ar"/>
		<b id="15" c="15 16" t="ar"/>
		<b id="16" c="16 17" t="1"/>
		<b id="17" c="16 18" t="ar"/>
		<b id="18" c="18 19" t="ar"/>
		<b id="19" c="13 19" t="ar"/>
		<b id="20" c="11 20" t="1"/>
		<b id="21" c="20 21" t="1"/>
		<b id="22" c="8 21" t="1"/>
		<b id="23" c="1 22" t="1"/>
		<b id="24" c="1 23" t="1"/>
		<b id="25" c="1 24" t="1"/>
		<b id="26" c="3 25" t="1"/>
		<b id="27" c="3 26" t="1"/>
		<b id="28" c="3 27" t="1"/>
		<b id="29" c="4 28" t="1"/>
		<b id="30" c="4 29" t="1"/>
		<b id="31" c="4 30" t="1"/>
		<b id="32" c="9 31" t="1"/>
		<b id="33" c="9 32" t="1"/>
		<b id="34" c="10 33" t="1"/>
		<b id="35" c="10 34" t="1"/>
		<b id="36" c="12 35" t="1"/>
		<b id="37" c="12 36" t="1"/>
		<b id="38" c="14 37" t="1"/>
		<b id="39" c="15 38" t="1"/>
		<b id="40" c="17 39" t="1"/>
		<b id="41" c="17 40" t="1"/>
		<b id="42" c="19 41" t="1"/>
		<b id="43" c="20 42" t="1"/>
		<b id="44" c="20 43" t="1"/>
		<b id="45" c="21 44" t="1"/>
		<b id="46" c="21 45" t="1"/>
	</bonds>
	<geometry>
		<g u="A" t="cart/3d">#45,3:4.0150,-1.1197,-0.9146;2.9729,-0.5838,0.0671;2.2098,0.5967,-0.5334;2.0026,-1.6944,0.4749;3.6035,-0.2002,1.3108;4.5434,0.7654,1.3233;4.9114,1.4057,0.3626;5.0683,0.9285,2.5608;4.5966,0.2698,3.7589;4.0207,1.3132,4.7322;4.9363,2.4011,5.0184;5.9994,2.0508,5.9495;5.4251,1.7630,7.3078;4.6394,2.7138,7.9629;4.1242,2.4315,9.2060;4.4103,1.1828,9.7808;3.9919,0.8671,11.0421;5.1437,0.2666,9.1544;5.6307,0.5587,7.9596;5.3931,3.0087,3.7836;6.0121,1.9982,2.8073;3.5211,-1.4854,-1.8105;4.5718,-1.9357,-0.4584;4.7091,-0.3303,-1.1889;1.6719,0.2718,-1.4197;2.9027,1.3871,-0.8079;1.4969,0.9878,0.1898;1.4782,-2.0684,-0.3994;1.2767,-1.3126,1.1886;2.5468,-2.5125,0.9401;5.4402,-0.2536,4.2253;3.8349,-0.4604,3.4931;3.7440,0.8305,5.6714;3.1221,1.7519,4.2870;6.6625,2.9196,6.0197;6.6056,1.1908,5.6232;4.4382,3.6582,7.4792;3.5150,3.1451,9.7400;3.2195,1.3777,11.4330;4.0872,-0.0986,11.3070;6.2202,-0.2284,7.5039;6.1142,3.7943,4.0167;4.5220,3.4684,3.3057;6.9302,1.5732,3.2294;6.2423,2.4707,1.8520;</g>
	</geometry>
	<conformers/>
	<properties/>
</molecule>
