<?xml version="1.0" ?>
<!--MOLLI PACKAGE EXPERIMENTAL XML FORMAT-->
<molecule name="nuc611">
	<atoms>
		<a id="1" s="C" t="C.3" l="C"/>
		<a id="2" s="C" t="C.3" l="C"/>
		<a id="3" s="C" t="C.3" l="C"/>
		<a id="4" s="C" t="C.3" l="C"/>
		<a id="5" s="O" t="O.3" l="O"/>
		<a id="6" s="C" t="C.2" l="C"/>
		<a id="7" s="O" t="O.2" l="O"/>
		<a id="8" s="N" t="N.am" l="N"/>
		<a id="9" s="C" t="C.3" l="C"/>
		<a id="10" s="C" t="C.3" l="C"/>
		<a id="11" s="N" t="N.pl3" l="N"/>
		<a id="12" s="C" t="C.ar" l="C"/>
		<a id="13" s="C" t="C.ar" l="C"/>
		<a id="14" s="C" t="C.ar" l="C"/>
		<a id="15" s="C" t="C.ar" l="C"/>
		<a id="16" s="N" t="N.pl3" l="N"/>
		<a id="17" s="N" t="N.ar" l="N"/>
		<a id="18" s="C" t="C.ar" l="C"/>
		<a id="19" s="C" t="C.3" l="C"/>
		<a id="20" s="C" t="C.3" l="C"/>
		<a id="21" s="H" t="H" l="H"/>
		<a id="22" s="H" t="H" l="H"/>
		<a id="23" s="H" t="H" l="H"/>
		<a id="24" s="H" t="H" l="H"/>
		<a id="25" s="H" t="H" l="H"/>
		<a id="26" s="H" t="H" l="H"/>
		<a id="27" s="H" t="H" l="H"/>
		<a id="28" s="H" t="H" l="H"/>
		<a id="29" s="H" t="H" l="H"/>
		<a id="30" s="H" t="H" l="H"/>
		<a id="31" s="H" t="H" l="H"/>
		<a id="32" s="H" t="H" l="H"/>
		<a id="33" s="H" t="H" l="H"/>
		<a id="34" s="H" t="H" l="H"/>
		<a id="35" s="H" t="H" l="H"/>
		<a id="36" s="H" t="H" l="H"/>
		<a id="37" s="H" t="H" l="H"/>
		<a id="38" s="H" t="H" l="H"/>
		<a id="39" s="H" t="H" l="H"/>
		<a id="40" s="H" t="H" l="H"/>
		<a id="41" s="H" t="H" l="H"/>
		<a id="42" s="H" t="H" l="H"/>
	</atoms>
	<bonds>
		<b id="1" c="1 2" t="1"/>
		<b id="2" c="2 3" t="1"/>
		<b id="3" c="2 4" t="1"/>
		<b id="4" c="2 5" t="1"/>
		<b id="5" c="5 6" t="1"/>
		<b id="6" c="6 7" t="2"/>
		<b id="7" c="6 8" t="am"/>
		<b id="8" c="8 9" t="1"/>
		<b id="9" c="9 10" t="1"/>
		<b id="10" c="10 11" t="1"/>
		<b id="11" c="11 12" t="1"/>
		<b id="12" c="12 13" t="ar"/>
		<b id="13" c="13 14" t="ar"/>
		<b id="14" c="14 15" t="ar"/>
		<b id="15" c="15 16" t="1"/>
		<b id="16" c="15 17" t="ar"/>
		<b id="17" c="17 18" t="ar"/>
		<b id="18" c="12 18" t="ar"/>
		<b id="19" c="11 19" t="1"/>
		<b id="20" c="19 20" t="1"/>
		<b id="21" c="8 20" t="1"/>
		<b id="22" c="1 21" t="1"/>
		<b id="23" c="1 22" t="1"/>
		<b id="24" c="1 23" t="1"/>
		<b id="25" c="3 24" t="1"/>
		<b id="26" c="3 25" t="1"/>
		<b id="27" c="3 26" t="1"/>
		<b id="28" c="4 27" t="1"/>
		<b id="29" c="4 28" t="1"/>
		<b id="30" c="4 29" t="1"/>
		<b id="31" c="9 30" t="1"/>
		<b id="32" c="9 31" t="1"/>
		<b id="33" c="10 32" t="1"/>
		<b id="34" c="10 33" t="1"/>
		<b id="35" c="13 34" t="1"/>
		<b id="36" c="14 35" t="1"/>
		<b id="37" c="16 36" t="1"/>
		<b id="38" c="16 37" t="1"/>
		<b id="39" c="18 38" t="1"/>
		<b id="40" c="19 39" t="1"/>
		<b id="41" c="19 40" t="1"/>
		<b id="42" c="20 41" t="1"/>
		<b id="43" c="20 42" t="1"/>
	</bonds>
	<geometry>
		<g u="A" t="cart/3d">#42,3:4.0518,-0.7396,1.0167;2.9662,0.1978,0.4883;2.2678,-0.4036,-0.7308;1.9486,0.5096,1.5874;3.5355,1.4887,0.1664;4.5017,1.5903,-0.7654;4.9249,0.6854,-1.4502;4.9725,2.8578,-0.8505;4.5076,3.9804,-0.0727;4.0551,5.1173,-0.9982;5.1500,5.4576,-1.8767;5.2489,6.7468,-2.3991;6.4542,7.1817,-2.9701;6.5767,8.4755,-3.4180;5.4831,9.3415,-3.2843;5.5674,10.6673,-3.6366;4.3360,8.9392,-2.7505;4.2266,7.6915,-2.3264;5.5311,4.3280,-2.7000;6.0106,3.1904,-1.7987;3.6034,-1.6737,1.3430;4.5642,-0.2793,1.8592;4.7771,-0.9482,0.2353;1.7786,-1.3322,-0.4500;2.9932,-0.6066,-1.5133;1.5203,0.2885,-1.1131;1.4617,-0.4049,1.9122;1.1959,1.1995,1.2145;2.4468,0.9683,2.4376;5.3342,4.3433,0.5512;3.6864,3.6607,0.5661;3.7988,5.9825,-0.3861;3.1624,4.7961,-1.5603;7.2938,6.5063,-3.0456;7.4986,8.8280,-3.8558;6.2418,10.9153,-4.3409;4.6816,11.1434,-3.6893;3.2563,7.4466,-1.9164;6.3245,4.6151,-3.3883;4.6696,3.9749,-3.2921;6.9062,3.5106,-1.2528;6.2367,2.2958,-2.3800;</g>
	</geometry>
	<conformers/>
	<properties/>
</molecule>
