<?xml version="1.0" ?>
<!--MOLLI PACKAGE EXPERIMENTAL XML FORMAT-->
<molecule name="nuc613">
	<atoms>
		<a id="1" s="C" t="C.3" l="C"/>
		<a id="2" s="C" t="C.3" l="C"/>
		<a id="3" s="C" t="C.3" l="C"/>
		<a id="4" s="C" t="C.3" l="C"/>
		<a id="5" s="O" t="O.3" l="O"/>
		<a id="6" s="C" t="C.2" l="C"/>
		<a id="7" s="O" t="O.2" l="O"/>
		<a id="8" s="N" t="N.am" l="N"/>
		<a id="9" s="C" t="C.3" l="C"/>
		<a id="10" s="C" t="C.3" l="C"/>
		<a id="11" s="N" t="N.am" l="N"/>
		<a id="12" s="C" t="C.2" l="C"/>
		<a id="13" s="O" t="O.2" l="O"/>
		<a id="14" s="C" t="C.ar" l="C"/>
		<a id="15" s="C" t="C.ar" l="C"/>
		<a id="16" s="C" t="C.ar" l="C"/>
		<a id="17" s="C" t="C.ar" l="C"/>
		<a id="18" s="N" t="N.pl3" l="N"/>
		<a id="19" s="N" t="N.ar" l="N"/>
		<a id="20" s="C" t="C.ar" l="C"/>
		<a id="21" s="C" t="C.3" l="C"/>
		<a id="22" s="C" t="C.3" l="C"/>
		<a id="23" s="H" t="H" l="H"/>
		<a id="24" s="H" t="H" l="H"/>
		<a id="25" s="H" t="H" l="H"/>
		<a id="26" s="H" t="H" l="H"/>
		<a id="27" s="H" t="H" l="H"/>
		<a id="28" s="H" t="H" l="H"/>
		<a id="29" s="H" t="H" l="H"/>
		<a id="30" s="H" t="H" l="H"/>
		<a id="31" s="H" t="H" l="H"/>
		<a id="32" s="H" t="H" l="H"/>
		<a id="33" s="H" t="H" l="H"/>
		<a id="34" s="H" t="H" l="H"/>
		<a id="35" s="H" t="H" l="H"/>
		<a id="36" s="H" t="H" l="H"/>
		<a id="37" s="H" t="H" l="H"/>
		<a id="38" s="H" t="H" l="H"/>
		<a id="39" s="H" t="H" l="H"/>
		<a id="40" s="H" t="H" l="H"/>
		<a id="41" s="H" t="H" l="H"/>
		<a id="42" s="H" t="H" l="H"/>
		<a id="43" s="H" t="H" l="H"/>
		<a id="44" s="H" t="H" l="H"/>
	</atoms>
	<bonds>
		<b id="1" c="1 2" t="1"/>
		<b id="2" c="2 3" t="1"/>
		<b id="3" c="2 4" t="1"/>
		<b id="4" c="2 5" t="1"/>
		<b id="5" c="5 6" t="1"/>
		<b id="6" c="6 7" t="2"/>
		<b id="7" c="6 8" t="am"/>
		<b id="8" c="8 9" t="1"/>
		<b id="9" c="9 10" t="1"/>
		<b id="10" c="10 11" t="1"/>
		<b id="11" c="11 12" t="am"/>
		<b id="12" c="12 13" t="2"/>
		<b id="13" c="12 14" t="1"/>
		<b id="14" c="14 15" t="ar"/>
		<b id="15" c="15 16" t="ar"/>
		<b id="16" c="16 17" t="ar"/>
		<b id="17" c="17 18" t="1"/>
		<b id="18" c="17 19" t="ar"/>
		<b id="19" c="19 20" t="ar"/>
		<b id="20" c="14 20" t="ar"/>
		<b id="21" c="11 21" t="1"/>
		<b id="22" c="21 22" t="1"/>
		<b id="23" c="8 22" t="1"/>
		<b id="24" c="1 23" t="1"/>
		<b id="25" c="1 24" t="1"/>
		<b id="26" c="1 25" t="1"/>
		<b id="27" c="3 26" t="1"/>
		<b id="28" c="3 27" t="1"/>
		<b id="29" c="3 28" t="1"/>
		<b id="30" c="4 29" t="1"/>
		<b id="31" c="4 30" t="1"/>
		<b id="32" c="4 31" t="1"/>
		<b id="33" c="9 32" t="1"/>
		<b id="34" c="9 33" t="1"/>
		<b id="35" c="10 34" t="1"/>
		<b id="36" c="10 35" t="1"/>
		<b id="37" c="15 36" t="1"/>
		<b id="38" c="16 37" t="1"/>
		<b id="39" c="18 38" t="1"/>
		<b id="40" c="18 39" t="1"/>
		<b id="41" c="20 40" t="1"/>
		<b id="42" c="21 41" t="1"/>
		<b id="43" c="21 42" t="1"/>
		<b id="44" c="22 43" t="1"/>
		<b id="45" c="22 44" t="1"/>
	</bonds>
	<geometry>
		<g u="A" t="cart/3d">#44,3:4.2190,1.5031,-0.1848;3.1485,0.5110,-0.6370;2.5906,-0.2741,0.5498;2.0227,1.2378,-1.3750;3.6856,-0.3941,-1.6315;4.7252,-1.1924,-1.3313;5.2742,-1.2697,-0.2562;5.1276,-1.9051,-2.4172;4.4041,-1.9761,-3.6637;3.7242,-3.3490,-3.7995;4.7080,-4.3949,-3.6511;5.1636,-5.2039,-4.6444;6.1782,-5.8679,-4.5214;4.3335,-5.2903,-5.8768;4.9386,-5.1777,-7.1321;4.1812,-5.3431,-8.2671;2.8168,-5.6433,-8.1233;1.9927,-5.7507,-9.2028;2.2459,-5.7936,-6.9282;2.9841,-5.6236,-5.8480;5.4451,-4.3188,-2.4050;6.1166,-2.9505,-2.2642;3.7782,2.2366,0.4844;4.6393,2.0175,-1.0465;5.0165,0.9814,0.3365;2.1178,0.4086,1.2501;3.3924,-0.8029,1.0573;1.8518,-0.9960,0.2073;1.5389,1.9456,-0.7089;1.2850,0.5221,-1.7287;2.4233,1.7734,-2.2318;5.1178,-1.8449,-4.4857;3.6625,-1.1802,-3.6994;3.2372,-3.4220,-4.7714;2.9697,-3.4556,-3.0109;5.9952,-4.9624,-7.1936;4.6146,-5.2545,-9.2515;2.3977,-5.9229,-10.1063;1.0801,-6.1345,-9.0234;2.4693,-5.7859,-4.9091;6.1919,-5.1139,-2.4110;4.7477,-4.4722,-1.5743;6.8794,-2.8309,-3.0405;6.5749,-2.8444,-1.2807;</g>
	</geometry>
	<conformers/>
	<properties/>
</molecule>
