<?xml version="1.0" ?>
<!--MOLLI PACKAGE EXPERIMENTAL XML FORMAT-->
<molecule name="nuc405">
	<atoms>
		<a id="1" s="C" t="C.3" l="C"/>
		<a id="2" s="C" t="C.3" l="C"/>
		<a id="3" s="C" t="C.3" l="C"/>
		<a id="4" s="C" t="C.3" l="C"/>
		<a id="5" s="O" t="O.3" l="O"/>
		<a id="6" s="C" t="C.2" l="C"/>
		<a id="7" s="O" t="O.2" l="O"/>
		<a id="8" s="N" t="N.am" l="N"/>
		<a id="9" s="C" t="C.3" l="C"/>
		<a id="10" s="C" t="C.3" l="C"/>
		<a id="11" s="C" t="C.3" l="C"/>
		<a id="12" s="C" t="C.3" l="C"/>
		<a id="13" s="N" t="N.3" l="N"/>
		<a id="14" s="H" t="H" l="H"/>
		<a id="15" s="H" t="H" l="H"/>
		<a id="16" s="H" t="H" l="H"/>
		<a id="17" s="H" t="H" l="H"/>
		<a id="18" s="H" t="H" l="H"/>
		<a id="19" s="H" t="H" l="H"/>
		<a id="20" s="H" t="H" l="H"/>
		<a id="21" s="H" t="H" l="H"/>
		<a id="22" s="H" t="H" l="H"/>
		<a id="23" s="H" t="H" l="H"/>
		<a id="24" s="H" t="H" l="H"/>
		<a id="25" s="H" t="H" l="H"/>
		<a id="26" s="H" t="H" l="H"/>
		<a id="27" s="H" t="H" l="H"/>
		<a id="28" s="H" t="H" l="H"/>
		<a id="29" s="H" t="H" l="H"/>
		<a id="30" s="H" t="H" l="H"/>
		<a id="31" s="H" t="H" l="H"/>
		<a id="32" s="H" t="H" l="H"/>
		<a id="33" s="H" t="H" l="H"/>
	</atoms>
	<bonds>
		<b id="1" c="1 2" t="1"/>
		<b id="2" c="2 3" t="1"/>
		<b id="3" c="2 4" t="1"/>
		<b id="4" c="2 5" t="1"/>
		<b id="5" c="5 6" t="1"/>
		<b id="6" c="6 7" t="2"/>
		<b id="7" c="6 8" t="am"/>
		<b id="8" c="8 9" t="1"/>
		<b id="9" c="9 10" t="1"/>
		<b id="10" c="10 11" t="1"/>
		<b id="11" c="11 12" t="1"/>
		<b id="12" c="12 13" t="1"/>
		<b id="13" c="1 14" t="1"/>
		<b id="14" c="1 15" t="1"/>
		<b id="15" c="1 16" t="1"/>
		<b id="16" c="3 17" t="1"/>
		<b id="17" c="3 18" t="1"/>
		<b id="18" c="3 19" t="1"/>
		<b id="19" c="4 20" t="1"/>
		<b id="20" c="4 21" t="1"/>
		<b id="21" c="4 22" t="1"/>
		<b id="22" c="8 23" t="1"/>
		<b id="23" c="9 24" t="1"/>
		<b id="24" c="9 25" t="1"/>
		<b id="25" c="10 26" t="1"/>
		<b id="26" c="10 27" t="1"/>
		<b id="27" c="11 28" t="1"/>
		<b id="28" c="11 29" t="1"/>
		<b id="29" c="12 30" t="1"/>
		<b id="30" c="12 31" t="1"/>
		<b id="31" c="13 32" t="1"/>
		<b id="32" c="13 33" t="1"/>
	</bonds>
	<geometry>
		<g u="A" t="cart/3d">#33,3:3.0583,-1.5656,-0.6056;2.7445,-0.2378,0.0838;3.3513,0.9350,-0.6865;1.2329,-0.0543,0.2305;3.2313,-0.2497,1.4461;4.5524,-0.3608,1.6978;5.4283,-0.5171,0.8815;4.7592,-0.2454,3.0298;6.0538,-0.4310,3.6409;6.1366,-1.7187,4.4595;5.9369,-2.9639,3.5995;6.2389,-4.2374,4.3872;7.6243,-4.2317,4.8323;2.6250,-1.5726,-1.6019;2.6421,-2.3920,-0.0330;4.1336,-1.6983,-0.6850;2.9074,0.9929,-1.6764;4.4247,0.8011,-0.7861;3.1607,1.8667,-0.1579;0.7657,-0.0253,-0.7492;1.0202,0.8742,0.7538;0.8107,-0.8768,0.8018;3.9474,-0.1860,3.6232;6.2712,0.4311,4.2807;6.7759,-0.4556,2.8220;5.3845,-1.6976,5.2517;7.1181,-1.7774,4.9298;6.6006,-2.9110,2.7339;4.9113,-3.0064,3.2285;5.9889,-5.1128,3.7628;5.6092,-4.2740,5.2814;8.2451,-4.2130,4.0293;7.8302,-5.0703,5.3637;</g>
	</geometry>
	<conformers/>
	<properties/>
</molecule>
