<?xml version="1.0" ?>
<!--MOLLI PACKAGE EXPERIMENTAL XML FORMAT-->
<molecule name="nuc407">
	<atoms>
		<a id="1" s="C" t="C.3" l="C"/>
		<a id="2" s="C" t="C.3" l="C"/>
		<a id="3" s="C" t="C.3" l="C"/>
		<a id="4" s="C" t="C.3" l="C"/>
		<a id="5" s="C" t="C.3" l="C"/>
		<a id="6" s="O" t="O.2" l="O"/>
		<a id="7" s="C" t="C.2" l="C"/>
		<a id="8" s="C" t="C.ar" l="C"/>
		<a id="9" s="C" t="C.ar" l="C"/>
		<a id="10" s="C" t="C.ar" l="C"/>
		<a id="11" s="C" t="C.ar" l="C"/>
		<a id="12" s="N" t="N.ar" l="N"/>
		<a id="13" s="C" t="C.ar" l="C"/>
		<a id="14" s="N" t="N.pl3" l="N"/>
		<a id="15" s="N" t="N.2" l="N"/>
		<a id="16" s="H" t="H" l="H"/>
		<a id="17" s="H" t="H" l="H"/>
		<a id="18" s="H" t="H" l="H"/>
		<a id="19" s="H" t="H" l="H"/>
		<a id="20" s="H" t="H" l="H"/>
		<a id="21" s="H" t="H" l="H"/>
		<a id="22" s="H" t="H" l="H"/>
		<a id="23" s="H" t="H" l="H"/>
		<a id="24" s="H" t="H" l="H"/>
		<a id="25" s="H" t="H" l="H"/>
		<a id="26" s="H" t="H" l="H"/>
		<a id="27" s="H" t="H" l="H"/>
		<a id="28" s="H" t="H" l="H"/>
		<a id="29" s="H" t="H" l="H"/>
		<a id="30" s="H" t="H" l="H"/>
	</atoms>
	<bonds>
		<b id="1" c="1 2" t="1"/>
		<b id="2" c="2 3" t="1"/>
		<b id="3" c="4 5" t="1"/>
		<b id="4" c="5 6" t="1"/>
		<b id="5" c="6 7" t="1"/>
		<b id="6" c="7 8" t="1"/>
		<b id="7" c="8 9" t="ar"/>
		<b id="8" c="9 10" t="ar"/>
		<b id="9" c="10 11" t="ar"/>
		<b id="10" c="11 12" t="ar"/>
		<b id="11" c="12 13" t="ar"/>
		<b id="12" c="8 13" t="ar"/>
		<b id="13" c="13 14" t="1"/>
		<b id="14" c="7 15" t="2"/>
		<b id="15" c="4 15" t="1"/>
		<b id="16" c="4 2" t="1"/>
		<b id="17" c="1 16" t="1"/>
		<b id="18" c="1 17" t="1"/>
		<b id="19" c="1 18" t="1"/>
		<b id="20" c="2 19" t="1"/>
		<b id="21" c="3 20" t="1"/>
		<b id="22" c="3 21" t="1"/>
		<b id="23" c="3 22" t="1"/>
		<b id="24" c="4 23" t="1"/>
		<b id="25" c="5 24" t="1"/>
		<b id="26" c="5 25" t="1"/>
		<b id="27" c="9 26" t="1"/>
		<b id="28" c="10 27" t="1"/>
		<b id="29" c="11 28" t="1"/>
		<b id="30" c="14 29" t="1"/>
		<b id="31" c="14 30" t="1"/>
	</bonds>
	<geometry>
		<g u="A" t="cart/3d">#30,3:1.3890,0.8989,-2.7580;2.8084,0.6376,-2.2609;3.2126,-0.8059,-2.5477;2.9022,0.9341,-0.7563;4.3520,0.9191,-0.2021;4.5356,2.2109,0.3597;3.3859,2.8997,0.1440;3.3168,4.2653,0.6151;4.3880,4.8427,1.2869;4.2900,6.1477,1.7387;3.1071,6.8308,1.4980;2.0730,6.3132,0.8640;2.1513,5.0567,0.4189;1.0887,4.5695,-0.2397;2.4480,2.2731,-0.4516;1.3228,0.7041,-3.8258;1.1092,1.9316,-2.5709;0.6841,0.2508,-2.2423;3.4928,1.3164,-2.7828;2.5347,-1.4928,-2.0457;4.2239,-1.0126,-2.2061;3.1668,-0.9998,-3.6166;2.2595,0.2231,-0.2217;5.0976,0.7781,-0.9905;4.5047,0.1713,0.5796;5.2829,4.2605,1.4493;5.1047,6.6194,2.2643;2.9744,7.8522,1.8320;0.2606,5.1334,-0.3005;1.1205,3.5946,-0.5129;</g>
	</geometry>
	<conformers/>
	<properties/>
</molecule>
