<?xml version="1.0" ?>
<!--MOLLI PACKAGE EXPERIMENTAL XML FORMAT-->
<molecule name="nuc641">
	<atoms>
		<a id="1" s="N" t="N.pl3" l="N"/>
		<a id="2" s="C" t="C.ar" l="C"/>
		<a id="3" s="C" t="C.ar" l="C"/>
		<a id="4" s="C" t="C.ar" l="C"/>
		<a id="5" s="C" t="C.ar" l="C"/>
		<a id="6" s="C" t="C.ar" l="C"/>
		<a id="7" s="C" t="C.ar" l="C"/>
		<a id="8" s="C" t="C.ar" l="C"/>
		<a id="9" s="C" t="C.ar" l="C"/>
		<a id="10" s="C" t="C.ar" l="C"/>
		<a id="11" s="N" t="N.ar" l="N"/>
		<a id="12" s="H" t="H" l="H"/>
		<a id="13" s="H" t="H" l="H"/>
		<a id="14" s="H" t="H" l="H"/>
		<a id="15" s="H" t="H" l="H"/>
		<a id="16" s="H" t="H" l="H"/>
		<a id="17" s="H" t="H" l="H"/>
		<a id="18" s="H" t="H" l="H"/>
		<a id="19" s="H" t="H" l="H"/>
	</atoms>
	<bonds>
		<b id="1" c="1 2" t="1"/>
		<b id="2" c="2 3" t="ar"/>
		<b id="3" c="3 4" t="ar"/>
		<b id="4" c="4 5" t="ar"/>
		<b id="5" c="5 6" t="ar"/>
		<b id="6" c="6 7" t="ar"/>
		<b id="7" c="7 8" t="ar"/>
		<b id="8" c="8 9" t="ar"/>
		<b id="9" c="9 10" t="ar"/>
		<b id="10" c="5 10" t="ar"/>
		<b id="11" c="10 11" t="ar"/>
		<b id="12" c="2 11" t="ar"/>
		<b id="13" c="1 12" t="1"/>
		<b id="14" c="1 13" t="1"/>
		<b id="15" c="3 14" t="1"/>
		<b id="16" c="4 15" t="1"/>
		<b id="17" c="6 16" t="1"/>
		<b id="18" c="7 17" t="1"/>
		<b id="19" c="8 18" t="1"/>
		<b id="20" c="9 19" t="1"/>
	</bonds>
	<geometry>
		<g u="A" t="cart/3d">#19,3:-3.2921,-0.6969,0.0994;-2.0293,-0.1843,0.0237;-1.8377,1.2260,0.0227;-0.5674,1.7123,0.0103;0.5262,0.8143,0.0009;1.8681,1.2320,-0.0116;2.8813,0.3116,-0.0221;2.5885,-1.0598,-0.0213;1.2927,-1.4985,-0.0100;0.2282,-0.5751,0.0019;-1.0362,-1.0419,0.0071;-4.0662,-0.1173,-0.1746;-3.3760,-1.6856,-0.0654;-2.6982,1.8785,0.0326;-0.3770,2.7773,0.0066;2.0833,2.2920,-0.0121;3.9118,0.6355,-0.0310;3.4011,-1.7722,-0.0293;1.0516,-2.5501,-0.0088;</g>
	</geometry>
	<conformers/>
	<properties/>
</molecule>
