<?xml version="1.0" ?>
<!--MOLLI PACKAGE EXPERIMENTAL XML FORMAT-->
<molecule name="nuc643">
	<atoms>
		<a id="1" s="C" t="C.3" l="C"/>
		<a id="2" s="O" t="O.3" l="O"/>
		<a id="3" s="C" t="C.ar" l="C"/>
		<a id="4" s="C" t="C.ar" l="C"/>
		<a id="5" s="C" t="C.ar" l="C"/>
		<a id="6" s="C" t="C.ar" l="C"/>
		<a id="7" s="N" t="N.pl3" l="N"/>
		<a id="8" s="C" t="C.ar" l="C"/>
		<a id="9" s="C" t="C.1" l="C"/>
		<a id="10" s="N" t="N.1" l="N"/>
		<a id="11" s="N" t="N.ar" l="N"/>
		<a id="12" s="C" t="C.ar" l="C"/>
		<a id="13" s="C" t="C.ar" l="C"/>
		<a id="14" s="C" t="C.ar" l="C"/>
		<a id="15" s="C" t="C.ar" l="C"/>
		<a id="16" s="C" t="C.ar" l="C"/>
		<a id="17" s="C" t="C.ar" l="C"/>
		<a id="18" s="O" t="O.3" l="O"/>
		<a id="19" s="C" t="C.3" l="C"/>
		<a id="20" s="O" t="O.3" l="O"/>
		<a id="21" s="C" t="C.ar" l="C"/>
		<a id="22" s="C" t="C.ar" l="C"/>
		<a id="23" s="C" t="C.ar" l="C"/>
		<a id="24" s="O" t="O.3" l="O"/>
		<a id="25" s="C" t="C.3" l="C"/>
		<a id="26" s="H" t="H" l="H"/>
		<a id="27" s="H" t="H" l="H"/>
		<a id="28" s="H" t="H" l="H"/>
		<a id="29" s="H" t="H" l="H"/>
		<a id="30" s="H" t="H" l="H"/>
		<a id="31" s="H" t="H" l="H"/>
		<a id="32" s="H" t="H" l="H"/>
		<a id="33" s="H" t="H" l="H"/>
		<a id="34" s="H" t="H" l="H"/>
		<a id="35" s="H" t="H" l="H"/>
		<a id="36" s="H" t="H" l="H"/>
		<a id="37" s="H" t="H" l="H"/>
		<a id="38" s="H" t="H" l="H"/>
		<a id="39" s="H" t="H" l="H"/>
		<a id="40" s="H" t="H" l="H"/>
	</atoms>
	<bonds>
		<b id="1" c="1 2" t="1"/>
		<b id="2" c="2 3" t="1"/>
		<b id="3" c="3 4" t="ar"/>
		<b id="4" c="4 5" t="ar"/>
		<b id="5" c="5 6" t="ar"/>
		<b id="6" c="6 7" t="1"/>
		<b id="7" c="6 8" t="ar"/>
		<b id="8" c="8 9" t="1"/>
		<b id="9" c="9 10" t="3"/>
		<b id="10" c="8 11" t="ar"/>
		<b id="11" c="11 12" t="1"/>
		<b id="12" c="12 13" t="ar"/>
		<b id="13" c="13 14" t="ar"/>
		<b id="14" c="14 15" t="ar"/>
		<b id="15" c="15 16" t="ar"/>
		<b id="16" c="16 17" t="ar"/>
		<b id="17" c="12 17" t="ar"/>
		<b id="18" c="16 18" t="1"/>
		<b id="19" c="18 19" t="1"/>
		<b id="20" c="19 20" t="1"/>
		<b id="21" c="15 20" t="1"/>
		<b id="22" c="11 21" t="ar"/>
		<b id="23" c="5 21" t="ar"/>
		<b id="24" c="21 22" t="ar"/>
		<b id="25" c="22 23" t="ar"/>
		<b id="26" c="3 23" t="ar"/>
		<b id="27" c="23 24" t="1"/>
		<b id="28" c="24 25" t="1"/>
		<b id="29" c="1 26" t="1"/>
		<b id="30" c="1 27" t="1"/>
		<b id="31" c="1 28" t="1"/>
		<b id="32" c="4 29" t="1"/>
		<b id="33" c="7 30" t="1"/>
		<b id="34" c="7 31" t="1"/>
		<b id="35" c="13 32" t="1"/>
		<b id="36" c="14 33" t="1"/>
		<b id="37" c="17 34" t="1"/>
		<b id="38" c="19 35" t="1"/>
		<b id="39" c="19 36" t="1"/>
		<b id="40" c="22 37" t="1"/>
		<b id="41" c="25 38" t="1"/>
		<b id="42" c="25 39" t="1"/>
		<b id="43" c="25 40" t="1"/>
	</bonds>
	<geometry>
		<g u="A" t="cart/3d">#40,3:3.2997,1.3541,0.6013;2.7659,0.5226,-0.3957;3.3375,-0.7129,-0.5989;4.4064,-1.1724,0.1407;4.9623,-2.4232,-0.1372;6.0277,-3.1625,0.4507;6.8739,-2.7363,1.4465;6.1046,-4.3610,-0.2455;7.0241,-5.3770,-0.0106;7.8078,-6.1761,0.2615;5.1373,-4.3835,-1.2551;4.9651,-5.4185,-2.1804;5.0140,-6.7427,-1.7605;4.8544,-7.7951,-2.6567;4.6299,-7.4733,-3.9725;4.5824,-6.1436,-4.3976;4.7559,-5.0971,-3.5298;4.3599,-6.1050,-5.7468;4.2639,-7.4512,-6.1618;4.4325,-8.2999,-5.0472;4.4377,-3.2112,-1.1851;3.3334,-2.7710,-1.9016;2.7791,-1.5322,-1.6217;1.7153,-1.2286,-2.4163;0.8863,-0.1150,-2.1731;2.7103,2.2691,0.5615;4.3507,1.5936,0.4093;3.2024,0.9072,1.5966;4.8303,-0.5740,0.9304;6.4895,-2.0630,2.0894;7.4316,-3.4570,1.8784;5.1790,-6.9640,-0.7182;4.8985,-8.8200,-2.3310;4.7527,-4.0765,-3.8711;5.0455,-7.6626,-6.9091;3.2741,-7.6274,-6.6133;2.8719,-3.3667,-2.6712;0.0762,-0.2064,-2.8969;1.4122,0.8279,-2.3335;0.4731,-0.1310,-1.1624;</g>
	</geometry>
	<conformers/>
	<properties/>
</molecule>
