<?xml version="1.0" ?>
<!--MOLLI PACKAGE EXPERIMENTAL XML FORMAT-->
<molecule name="nuc647">
	<atoms>
		<a id="1" s="N" t="N.pl3" l="N"/>
		<a id="2" s="C" t="C.ar" l="C"/>
		<a id="3" s="N" t="N.ar" l="N"/>
		<a id="4" s="C" t="C.ar" l="C"/>
		<a id="5" s="C" t="C.ar" l="C"/>
		<a id="6" s="C" t="C.ar" l="C"/>
		<a id="7" s="C" t="C.ar" l="C"/>
		<a id="8" s="C" t="C.ar" l="C"/>
		<a id="9" s="N" t="N.ar" l="N"/>
		<a id="10" s="C" t="C.ar" l="C"/>
		<a id="11" s="C" t="C.ar" l="C"/>
		<a id="12" s="S" t="S.2" l="S"/>
		<a id="13" s="H" t="H" l="H"/>
		<a id="14" s="H" t="H" l="H"/>
		<a id="15" s="H" t="H" l="H"/>
		<a id="16" s="H" t="H" l="H"/>
		<a id="17" s="H" t="H" l="H"/>
		<a id="18" s="H" t="H" l="H"/>
		<a id="19" s="H" t="H" l="H"/>
	</atoms>
	<bonds>
		<b id="1" c="1 2" t="1"/>
		<b id="2" c="2 3" t="ar"/>
		<b id="3" c="3 4" t="ar"/>
		<b id="4" c="4 5" t="ar"/>
		<b id="5" c="5 6" t="1"/>
		<b id="6" c="6 7" t="ar"/>
		<b id="7" c="7 8" t="ar"/>
		<b id="8" c="8 9" t="ar"/>
		<b id="9" c="9 10" t="ar"/>
		<b id="10" c="10 11" t="ar"/>
		<b id="11" c="6 11" t="ar"/>
		<b id="12" c="5 12" t="ar"/>
		<b id="13" c="2 12" t="ar"/>
		<b id="14" c="1 13" t="1"/>
		<b id="15" c="1 14" t="1"/>
		<b id="16" c="4 15" t="1"/>
		<b id="17" c="7 16" t="1"/>
		<b id="18" c="8 17" t="1"/>
		<b id="19" c="10 18" t="1"/>
		<b id="20" c="11 19" t="1"/>
	</bonds>
	<geometry>
		<g u="A" t="cart/3d">#19,3:2.0150,-0.1877,-0.7843;0.7500,-0.2519,-0.3160;0.3509,-1.0630,0.6054;-0.9779,-0.9585,0.8200;-1.6578,-0.0468,0.0617;-3.0612,0.2837,0.0576;-3.9586,-0.3073,0.9537;-5.2923,0.0512,0.8935;-5.7834,0.9286,0.0333;-4.9386,1.4913,-0.8150;-3.5855,1.2113,-0.8472;-0.5188,0.7472,-1.0154;2.7201,-0.6499,-0.2348;2.2916,0.6190,-1.3157;-1.4155,-1.5949,1.5664;-3.6214,-1.0280,1.6808;-6.0122,-0.3870,1.5726;-5.3738,2.2032,-1.5041;-2.9386,1.6986,-1.5615;</g>
	</geometry>
	<conformers/>
	<properties/>
</molecule>
