<?xml version="1.0" ?>
<!--MOLLI PACKAGE EXPERIMENTAL XML FORMAT-->
<molecule name="nuc408">
	<atoms>
		<a id="1" s="N" t="N.pl3" l="N"/>
		<a id="2" s="C" t="C.ar" l="C"/>
		<a id="3" s="N" t="N.ar" l="N"/>
		<a id="4" s="C" t="C.ar" l="C"/>
		<a id="5" s="C" t="C.ar" l="C"/>
		<a id="6" s="C" t="C.ar" l="C"/>
		<a id="7" s="C" t="C.ar" l="C"/>
		<a id="8" s="C" t="C.2" l="C"/>
		<a id="9" s="N" t="N.2" l="N"/>
		<a id="10" s="C" t="C.3" l="C"/>
		<a id="11" s="C" t="C.3" l="C"/>
		<a id="12" s="C" t="C.ar" l="C"/>
		<a id="13" s="C" t="C.ar" l="C"/>
		<a id="14" s="C" t="C.ar" l="C"/>
		<a id="15" s="C" t="C.ar" l="C"/>
		<a id="16" s="C" t="C.ar" l="C"/>
		<a id="17" s="C" t="C.ar" l="C"/>
		<a id="18" s="C" t="C.3" l="C"/>
		<a id="19" s="O" t="O.2" l="O"/>
		<a id="20" s="H" t="H" l="H"/>
		<a id="21" s="H" t="H" l="H"/>
		<a id="22" s="H" t="H" l="H"/>
		<a id="23" s="H" t="H" l="H"/>
		<a id="24" s="H" t="H" l="H"/>
		<a id="25" s="H" t="H" l="H"/>
		<a id="26" s="H" t="H" l="H"/>
		<a id="27" s="H" t="H" l="H"/>
		<a id="28" s="H" t="H" l="H"/>
		<a id="29" s="H" t="H" l="H"/>
		<a id="30" s="H" t="H" l="H"/>
		<a id="31" s="H" t="H" l="H"/>
		<a id="32" s="H" t="H" l="H"/>
		<a id="33" s="H" t="H" l="H"/>
		<a id="34" s="H" t="H" l="H"/>
	</atoms>
	<bonds>
		<b id="1" c="1 2" t="1"/>
		<b id="2" c="2 3" t="ar"/>
		<b id="3" c="3 4" t="ar"/>
		<b id="4" c="4 5" t="ar"/>
		<b id="5" c="5 6" t="ar"/>
		<b id="6" c="6 7" t="ar"/>
		<b id="7" c="2 7" t="ar"/>
		<b id="8" c="7 8" t="1"/>
		<b id="9" c="8 9" t="2"/>
		<b id="10" c="9 10" t="1"/>
		<b id="11" c="10 11" t="1"/>
		<b id="12" c="11 12" t="1"/>
		<b id="13" c="12 13" t="ar"/>
		<b id="14" c="13 14" t="ar"/>
		<b id="15" c="14 15" t="ar"/>
		<b id="16" c="15 16" t="ar"/>
		<b id="17" c="16 17" t="ar"/>
		<b id="18" c="12 17" t="ar"/>
		<b id="19" c="10 18" t="1"/>
		<b id="20" c="18 19" t="1"/>
		<b id="21" c="8 19" t="1"/>
		<b id="22" c="1 20" t="1"/>
		<b id="23" c="1 21" t="1"/>
		<b id="24" c="4 22" t="1"/>
		<b id="25" c="5 23" t="1"/>
		<b id="26" c="6 24" t="1"/>
		<b id="27" c="10 25" t="1"/>
		<b id="28" c="11 26" t="1"/>
		<b id="29" c="11 27" t="1"/>
		<b id="30" c="13 28" t="1"/>
		<b id="31" c="14 29" t="1"/>
		<b id="32" c="15 30" t="1"/>
		<b id="33" c="16 31" t="1"/>
		<b id="34" c="17 32" t="1"/>
		<b id="35" c="18 33" t="1"/>
		<b id="36" c="18 34" t="1"/>
	</bonds>
	<geometry>
		<g u="A" t="cart/3d">#34,3:-1.6900,-1.9767,-1.3985;-1.0082,-0.9901,-0.7997;-1.4941,0.2485,-0.9195;-0.8483,1.2450,-0.3467;0.3215,1.0933,0.3837;0.8388,-0.1832,0.5204;0.1826,-1.2580,-0.0693;0.6953,-2.6030,0.0641;0.1702,-3.6507,-0.4431;0.9623,-4.7955,-0.0567;0.1121,-5.7883,0.7530;0.9184,-6.9914,1.1442;1.3597,-7.1650,2.4494;2.1332,-8.2598,2.7947;2.4776,-9.1964,1.8363;2.0377,-9.0364,0.5328;1.2643,-7.9425,0.1908;2.1229,-4.1711,0.7598;1.8309,-2.7811,0.7863;-2.5297,-1.7478,-1.8987;-1.3298,-2.9187,-1.3098;-1.2978,2.2205,-0.4839;0.8092,1.9445,0.8301;1.7453,-0.3627,1.0789;1.3287,-5.2963,-0.9599;-0.7355,-6.0825,0.1308;-0.2744,-5.2790,1.6382;1.0870,-6.4434,3.2072;2.4665,-8.3816,3.8149;3.0816,-10.0505,2.1040;2.2971,-9.7680,-0.2186;0.9182,-7.8253,-0.8262;3.0984,-4.3181,0.2887;2.1611,-4.5449,1.7862;</g>
	</geometry>
	<conformers/>
	<properties/>
</molecule>
