<?xml version="1.0" ?>
<!--MOLLI PACKAGE EXPERIMENTAL XML FORMAT-->
<molecule name="nuc652">
	<atoms>
		<a id="1" s="N" t="N.pl3" l="N"/>
		<a id="2" s="C" t="C.ar" l="C"/>
		<a id="3" s="N" t="N.ar" l="N"/>
		<a id="4" s="C" t="C.ar" l="C"/>
		<a id="5" s="C" t="C.ar" l="C"/>
		<a id="6" s="C" t="C.ar" l="C"/>
		<a id="7" s="C" t="C.ar" l="C"/>
		<a id="8" s="C" t="C.ar" l="C"/>
		<a id="9" s="C" t="C.ar" l="C"/>
		<a id="10" s="F" t="F" l="F"/>
		<a id="11" s="C" t="C.ar" l="C"/>
		<a id="12" s="C" t="C.ar" l="C"/>
		<a id="13" s="S" t="S.2" l="S"/>
		<a id="14" s="H" t="H" l="H"/>
		<a id="15" s="H" t="H" l="H"/>
		<a id="16" s="H" t="H" l="H"/>
		<a id="17" s="H" t="H" l="H"/>
		<a id="18" s="H" t="H" l="H"/>
		<a id="19" s="H" t="H" l="H"/>
		<a id="20" s="H" t="H" l="H"/>
	</atoms>
	<bonds>
		<b id="1" c="1 2" t="1"/>
		<b id="2" c="2 3" t="ar"/>
		<b id="3" c="3 4" t="ar"/>
		<b id="4" c="4 5" t="ar"/>
		<b id="5" c="5 6" t="1"/>
		<b id="6" c="6 7" t="ar"/>
		<b id="7" c="7 8" t="ar"/>
		<b id="8" c="8 9" t="ar"/>
		<b id="9" c="9 10" t="1"/>
		<b id="10" c="9 11" t="ar"/>
		<b id="11" c="11 12" t="ar"/>
		<b id="12" c="6 12" t="ar"/>
		<b id="13" c="5 13" t="ar"/>
		<b id="14" c="2 13" t="ar"/>
		<b id="15" c="1 14" t="1"/>
		<b id="16" c="1 15" t="1"/>
		<b id="17" c="4 16" t="1"/>
		<b id="18" c="7 17" t="1"/>
		<b id="19" c="8 18" t="1"/>
		<b id="20" c="11 19" t="1"/>
		<b id="21" c="12 20" t="1"/>
	</bonds>
	<geometry>
		<g u="A" t="cart/3d">#20,3:2.0175,-0.1825,-0.7876;0.7515,-0.2531,-0.3174;0.3507,-1.0781,0.5883;-0.9798,-0.9758,0.8052;-1.6595,-0.0517,0.0628;-3.0653,0.2821,0.0642;-3.9428,-0.3070,0.9804;-5.2858,0.0091,0.9773;-5.7593,0.9229,0.0521;-7.0736,1.2329,0.0472;-4.9196,1.5270,-0.8657;-3.5782,1.2027,-0.8533;-0.5183,0.7586,-0.9985;2.7210,-0.6459,-0.2365;2.2950,0.6445,-1.2876;-1.4159,-1.6268,1.5402;-3.5698,-1.0146,1.7030;-5.9671,-0.4416,1.6816;-5.3180,2.2359,-1.5741;-2.9121,1.6661,-1.5664;</g>
	</geometry>
	<conformers/>
	<properties/>
</molecule>
