<?xml version="1.0" ?>
<!--MOLLI PACKAGE EXPERIMENTAL XML FORMAT-->
<molecule name="nuc410">
	<atoms>
		<a id="1" s="C" t="C.3" l="C"/>
		<a id="2" s="C" t="C.3" l="C"/>
		<a id="3" s="C" t="C.3" l="C"/>
		<a id="4" s="N" t="N.3" l="N"/>
		<a id="5" s="C" t="C.2" l="C"/>
		<a id="6" s="O" t="O.2" l="O"/>
		<a id="7" s="N" t="N.am" l="N"/>
		<a id="8" s="C" t="C.3" l="C"/>
		<a id="9" s="C" t="C.3" l="C"/>
		<a id="10" s="H" t="H" l="H"/>
		<a id="11" s="H" t="H" l="H"/>
		<a id="12" s="H" t="H" l="H"/>
		<a id="13" s="H" t="H" l="H"/>
		<a id="14" s="H" t="H" l="H"/>
		<a id="15" s="H" t="H" l="H"/>
		<a id="16" s="H" t="H" l="H"/>
		<a id="17" s="H" t="H" l="H"/>
		<a id="18" s="H" t="H" l="H"/>
		<a id="19" s="H" t="H" l="H"/>
		<a id="20" s="H" t="H" l="H"/>
		<a id="21" s="H" t="H" l="H"/>
		<a id="22" s="H" t="H" l="H"/>
		<a id="23" s="H" t="H" l="H"/>
	</atoms>
	<bonds>
		<b id="1" c="1 2" t="1"/>
		<b id="2" c="3 5" t="1"/>
		<b id="3" c="5 6" t="2"/>
		<b id="4" c="5 7" t="am"/>
		<b id="5" c="7 8" t="1"/>
		<b id="6" c="7 9" t="1"/>
		<b id="7" c="3 4" t="1"/>
		<b id="8" c="3 2" t="1"/>
		<b id="9" c="1 10" t="1"/>
		<b id="10" c="1 11" t="1"/>
		<b id="11" c="1 12" t="1"/>
		<b id="12" c="2 13" t="1"/>
		<b id="13" c="2 14" t="1"/>
		<b id="14" c="3 15" t="1"/>
		<b id="15" c="4 16" t="1"/>
		<b id="16" c="4 17" t="1"/>
		<b id="17" c="8 18" t="1"/>
		<b id="18" c="8 19" t="1"/>
		<b id="19" c="8 20" t="1"/>
		<b id="20" c="9 21" t="1"/>
		<b id="21" c="9 22" t="1"/>
		<b id="22" c="9 23" t="1"/>
	</bonds>
	<geometry>
		<g u="A" t="cart/3d">#23,3:2.7566,-0.8884,-3.7056;2.4892,-0.2161,-2.3664;3.0087,-1.0111,-1.1582;2.5089,-0.3680,0.0488;4.5442,-0.9889,-1.1733;5.1168,-0.0074,-0.7261;5.2393,-2.0402,-1.6682;4.7223,-3.2710,-2.2092;6.6855,-1.9684,-1.6820;2.3466,-0.2834,-4.5110;2.2894,-1.8704,-3.7487;3.8245,-1.0007,-3.8766;1.4165,-0.0742,-2.2262;2.9627,0.7677,-2.3488;2.6002,-2.0241,-1.1715;2.9387,0.5513,0.1208;2.8017,-0.8907,0.8693;3.6415,-3.3178,-2.1515;5.1408,-4.1174,-1.6564;5.0174,-3.3708,-3.2581;6.9831,-1.0035,-1.2780;7.0581,-2.0675,-2.7038;7.1109,-2.7667,-1.0699;</g>
	</geometry>
	<conformers/>
	<properties/>
</molecule>
