<?xml version="1.0" ?>
<!--MOLLI PACKAGE EXPERIMENTAL XML FORMAT-->
<molecule name="nuc673">
	<atoms>
		<a id="1" s="N" t="N.pl3" l="N"/>
		<a id="2" s="C" t="C.ar" l="C"/>
		<a id="3" s="C" t="C.ar" l="C"/>
		<a id="4" s="C" t="C.ar" l="C"/>
		<a id="5" s="C" t="C.ar" l="C"/>
		<a id="6" s="S" t="S.O2" l="S"/>
		<a id="7" s="O" t="O.2" l="O"/>
		<a id="8" s="O" t="O.2" l="O"/>
		<a id="9" s="C" t="C.3" l="C"/>
		<a id="10" s="F" t="F" l="F"/>
		<a id="11" s="F" t="F" l="F"/>
		<a id="12" s="F" t="F" l="F"/>
		<a id="13" s="C" t="C.ar" l="C"/>
		<a id="14" s="C" t="C.ar" l="C"/>
		<a id="15" s="H" t="H" l="H"/>
		<a id="16" s="H" t="H" l="H"/>
		<a id="17" s="H" t="H" l="H"/>
		<a id="18" s="H" t="H" l="H"/>
		<a id="19" s="H" t="H" l="H"/>
		<a id="20" s="H" t="H" l="H"/>
	</atoms>
	<bonds>
		<b id="1" c="1 2" t="1"/>
		<b id="2" c="2 3" t="ar"/>
		<b id="3" c="3 4" t="ar"/>
		<b id="4" c="4 5" t="ar"/>
		<b id="5" c="5 6" t="1"/>
		<b id="6" c="6 7" t="2"/>
		<b id="7" c="6 8" t="2"/>
		<b id="8" c="6 9" t="1"/>
		<b id="9" c="9 10" t="1"/>
		<b id="10" c="9 11" t="1"/>
		<b id="11" c="9 12" t="1"/>
		<b id="12" c="5 13" t="ar"/>
		<b id="13" c="13 14" t="ar"/>
		<b id="14" c="2 14" t="ar"/>
		<b id="15" c="1 15" t="1"/>
		<b id="16" c="1 16" t="1"/>
		<b id="17" c="3 17" t="1"/>
		<b id="18" c="4 18" t="1"/>
		<b id="19" c="13 19" t="1"/>
		<b id="20" c="14 20" t="1"/>
	</bonds>
	<geometry>
		<g u="A" t="cart/3d">#20,3:2.2370,-0.1045,-0.2015;0.8838,-0.0670,-0.0712;0.2029,1.1601,-0.0715;-1.1709,1.1951,0.0091;-1.8748,0.0058,0.0983;-3.6404,0.0492,0.1355;-4.1868,-1.1437,0.7015;-4.1277,1.3224,0.5637;-4.0312,-0.0479,-1.7259;-3.4571,0.9782,-2.3609;-3.5160,-1.1714,-2.2343;-5.3316,-0.0271,-1.9781;-1.2291,-1.2195,0.0990;0.1446,-1.2566,0.0176;2.7616,0.7458,-0.0967;2.7201,-0.9691,-0.0344;0.7677,2.0774,-0.1382;-1.7147,2.1257,0.0169;-1.8165,-2.1200,0.1747;0.6643,-2.2025,0.0186;</g>
	</geometry>
	<conformers/>
	<properties/>
</molecule>
