<?xml version="1.0" ?>
<!--MOLLI PACKAGE EXPERIMENTAL XML FORMAT-->
<molecule name="nuc674">
	<atoms>
		<a id="1" s="N" t="N.pl3" l="N"/>
		<a id="2" s="C" t="C.ar" l="C"/>
		<a id="3" s="C" t="C.ar" l="C"/>
		<a id="4" s="C" t="C.ar" l="C"/>
		<a id="5" s="C" t="C.ar" l="C"/>
		<a id="6" s="C" t="C.ar" l="C"/>
		<a id="7" s="S" t="S.3" l="S"/>
		<a id="8" s="F" t="F" l="F"/>
		<a id="9" s="F" t="F" l="F"/>
		<a id="10" s="F" t="F" l="F"/>
		<a id="11" s="F" t="F" l="F"/>
		<a id="12" s="F" t="F" l="F"/>
		<a id="13" s="C" t="C.ar" l="C"/>
		<a id="14" s="H" t="H" l="H"/>
		<a id="15" s="H" t="H" l="H"/>
		<a id="16" s="H" t="H" l="H"/>
		<a id="17" s="H" t="H" l="H"/>
		<a id="18" s="H" t="H" l="H"/>
		<a id="19" s="H" t="H" l="H"/>
	</atoms>
	<bonds>
		<b id="1" c="1 2" t="1"/>
		<b id="2" c="2 3" t="ar"/>
		<b id="3" c="3 4" t="ar"/>
		<b id="4" c="4 5" t="ar"/>
		<b id="5" c="5 6" t="ar"/>
		<b id="6" c="6 7" t="1"/>
		<b id="7" c="7 8" t="1"/>
		<b id="8" c="7 9" t="1"/>
		<b id="9" c="7 10" t="1"/>
		<b id="10" c="7 11" t="1"/>
		<b id="11" c="7 12" t="1"/>
		<b id="12" c="6 13" t="ar"/>
		<b id="13" c="2 13" t="ar"/>
		<b id="14" c="1 14" t="1"/>
		<b id="15" c="1 15" t="1"/>
		<b id="16" c="3 16" t="1"/>
		<b id="17" c="4 17" t="1"/>
		<b id="18" c="5 18" t="1"/>
		<b id="19" c="13 19" t="1"/>
	</bonds>
	<geometry>
		<g u="A" t="cart/3d">#19,3:2.3767,-0.0416,-0.3912;1.0274,0.0158,-0.2129;0.3285,1.2252,-0.3257;-1.0437,1.2695,-0.1973;-1.7751,0.1117,0.0498;-1.0676,-1.0602,0.1553;-1.9952,-2.6185,0.4886;-2.8042,-3.9868,0.7837;-3.1808,-2.2519,-0.6201;-2.9070,-1.9151,1.6905;-0.8888,-3.1286,1.6292;-1.1595,-3.4635,-0.6812;0.2933,-1.1537,0.0352;2.9034,0.8137,-0.3595;2.8568,-0.8831,-0.1242;0.8814,2.1324,-0.5181;-1.5609,2.2117,-0.2869;-2.8445,0.1214,0.1564;0.7842,-2.1071,0.1286;</g>
	</geometry>
	<conformers/>
	<properties/>
</molecule>
