<?xml version="1.0" ?>
<!--MOLLI PACKAGE EXPERIMENTAL XML FORMAT-->
<molecule name="nuc675">
	<atoms>
		<a id="1" s="N" t="N.pl3" l="N"/>
		<a id="2" s="C" t="C.ar" l="C"/>
		<a id="3" s="C" t="C.ar" l="C"/>
		<a id="4" s="C" t="C.ar" l="C"/>
		<a id="5" s="C" t="C.ar" l="C"/>
		<a id="6" s="S" t="S.3" l="S"/>
		<a id="7" s="F" t="F" l="F"/>
		<a id="8" s="F" t="F" l="F"/>
		<a id="9" s="F" t="F" l="F"/>
		<a id="10" s="F" t="F" l="F"/>
		<a id="11" s="F" t="F" l="F"/>
		<a id="12" s="C" t="C.ar" l="C"/>
		<a id="13" s="C" t="C.ar" l="C"/>
		<a id="14" s="H" t="H" l="H"/>
		<a id="15" s="H" t="H" l="H"/>
		<a id="16" s="H" t="H" l="H"/>
		<a id="17" s="H" t="H" l="H"/>
		<a id="18" s="H" t="H" l="H"/>
		<a id="19" s="H" t="H" l="H"/>
	</atoms>
	<bonds>
		<b id="1" c="1 2" t="1"/>
		<b id="2" c="2 3" t="ar"/>
		<b id="3" c="3 4" t="ar"/>
		<b id="4" c="4 5" t="ar"/>
		<b id="5" c="5 6" t="1"/>
		<b id="6" c="6 7" t="1"/>
		<b id="7" c="6 8" t="1"/>
		<b id="8" c="6 9" t="1"/>
		<b id="9" c="6 10" t="1"/>
		<b id="10" c="6 11" t="1"/>
		<b id="11" c="5 12" t="ar"/>
		<b id="12" c="12 13" t="ar"/>
		<b id="13" c="2 13" t="ar"/>
		<b id="14" c="1 14" t="1"/>
		<b id="15" c="1 15" t="1"/>
		<b id="16" c="3 16" t="1"/>
		<b id="17" c="4 17" t="1"/>
		<b id="18" c="12 18" t="1"/>
		<b id="19" c="13 19" t="1"/>
	</bonds>
	<geometry>
		<g u="A" t="cart/3d">#19,3:2.3886,-0.0248,-0.5097;1.0549,-0.0091,-0.2466;0.3559,1.2051,-0.1771;-1.0065,1.2205,0.0404;-1.6646,0.0193,0.1888;-3.4712,0.0387,0.4882;-5.0652,0.0561,0.7544;-3.3567,1.2606,1.6152;-3.3671,-1.0939,1.7055;-3.7540,-1.1822,-0.6094;-3.7434,1.1737,-0.7005;-1.0178,-1.1956,0.1270;0.3446,-1.2085,-0.0906;2.9079,0.8333,-0.4541;2.9001,-0.8812,-0.3919;0.8920,2.1338,-0.2971;-1.5545,2.1450,0.0972;-1.5744,-2.1086,0.2498;0.8719,-2.1484,-0.1437;</g>
	</geometry>
	<conformers/>
	<properties/>
</molecule>
