<?xml version="1.0" ?>
<!--MOLLI PACKAGE EXPERIMENTAL XML FORMAT-->
<molecule name="nuc677">
	<atoms>
		<a id="1" s="N" t="N.pl3" l="N"/>
		<a id="2" s="C" t="C.ar" l="C"/>
		<a id="3" s="C" t="C.ar" l="C"/>
		<a id="4" s="C" t="C.ar" l="C"/>
		<a id="5" s="C" t="C.ar" l="C"/>
		<a id="6" s="C" t="C.ar" l="C"/>
		<a id="7" s="F" t="F" l="F"/>
		<a id="8" s="C" t="C.ar" l="C"/>
		<a id="9" s="F" t="F" l="F"/>
		<a id="10" s="H" t="H" l="H"/>
		<a id="11" s="H" t="H" l="H"/>
		<a id="12" s="H" t="H" l="H"/>
		<a id="13" s="H" t="H" l="H"/>
		<a id="14" s="H" t="H" l="H"/>
	</atoms>
	<bonds>
		<b id="1" c="1 2" t="1"/>
		<b id="2" c="2 3" t="ar"/>
		<b id="3" c="3 4" t="ar"/>
		<b id="4" c="4 5" t="ar"/>
		<b id="5" c="5 6" t="ar"/>
		<b id="6" c="6 7" t="1"/>
		<b id="7" c="6 8" t="ar"/>
		<b id="8" c="2 8" t="ar"/>
		<b id="9" c="8 9" t="1"/>
		<b id="10" c="1 10" t="1"/>
		<b id="11" c="1 11" t="1"/>
		<b id="12" c="3 12" t="1"/>
		<b id="13" c="4 13" t="1"/>
		<b id="14" c="5 14" t="1"/>
	</bonds>
	<geometry>
		<g u="A" t="cart/3d">#14,3:1.1455,0.0186,-0.2730;2.4994,0.0354,-0.0710;3.2258,1.2261,0.0025;4.5996,1.2140,0.1376;5.2983,0.0209,0.2066;4.5913,-1.1672,0.1389;5.2512,-2.3378,0.2115;3.2153,-1.1650,0.0029;2.5263,-2.3320,-0.0498;0.6313,0.8566,-0.0658;0.6679,-0.8521,-0.1099;2.6919,2.1626,-0.0507;5.1370,2.1477,0.1927;6.3696,-0.0068,0.3133;</g>
	</geometry>
	<conformers/>
	<properties/>
</molecule>
