<?xml version="1.0" ?>
<!--MOLLI PACKAGE EXPERIMENTAL XML FORMAT-->
<molecule name="nuc680">
	<atoms>
		<a id="1" s="N" t="N.pl3" l="N"/>
		<a id="2" s="C" t="C.ar" l="C"/>
		<a id="3" s="C" t="C.ar" l="C"/>
		<a id="4" s="C" t="C.ar" l="C"/>
		<a id="5" s="F" t="F" l="F"/>
		<a id="6" s="C" t="C.ar" l="C"/>
		<a id="7" s="C" t="C.ar" l="C"/>
		<a id="8" s="F" t="F" l="F"/>
		<a id="9" s="C" t="C.ar" l="C"/>
		<a id="10" s="H" t="H" l="H"/>
		<a id="11" s="H" t="H" l="H"/>
		<a id="12" s="H" t="H" l="H"/>
		<a id="13" s="H" t="H" l="H"/>
		<a id="14" s="H" t="H" l="H"/>
	</atoms>
	<bonds>
		<b id="1" c="1 2" t="1"/>
		<b id="2" c="2 3" t="ar"/>
		<b id="3" c="3 4" t="ar"/>
		<b id="4" c="4 5" t="1"/>
		<b id="5" c="4 6" t="ar"/>
		<b id="6" c="6 7" t="ar"/>
		<b id="7" c="7 8" t="1"/>
		<b id="8" c="7 9" t="ar"/>
		<b id="9" c="2 9" t="ar"/>
		<b id="10" c="1 10" t="1"/>
		<b id="11" c="1 11" t="1"/>
		<b id="12" c="3 12" t="1"/>
		<b id="13" c="6 13" t="1"/>
		<b id="14" c="9 14" t="1"/>
	</bonds>
	<geometry>
		<g u="A" t="cart/3d">#14,3:1.0769,0.0745,-0.0966;2.4423,0.0973,-0.0060;3.1722,-1.0942,0.0089;4.5498,-1.0443,0.0335;5.2351,-2.2048,0.0502;5.2577,0.1443,0.0479;4.5105,1.3087,0.0335;5.1567,2.4914,0.0501;3.1320,1.3126,0.0088;0.6075,-0.7865,0.1247;0.5790,0.9194,0.1247;2.6708,-2.0488,-0.0023;6.3334,0.1623,0.0698;2.5990,2.2499,-0.0024;</g>
	</geometry>
	<conformers/>
	<properties/>
</molecule>
