<?xml version="1.0" ?>
<!--MOLLI PACKAGE EXPERIMENTAL XML FORMAT-->
<molecule name="nuc682">
	<atoms>
		<a id="1" s="N" t="N.pl3" l="N"/>
		<a id="2" s="C" t="C.ar" l="C"/>
		<a id="3" s="C" t="C.ar" l="C"/>
		<a id="4" s="C" t="C.ar" l="C"/>
		<a id="5" s="C" t="C.ar" l="C"/>
		<a id="6" s="C" t="C.3" l="C"/>
		<a id="7" s="F" t="F" l="F"/>
		<a id="8" s="F" t="F" l="F"/>
		<a id="9" s="F" t="F" l="F"/>
		<a id="10" s="C" t="C.ar" l="C"/>
		<a id="11" s="C" t="C.ar" l="C"/>
		<a id="12" s="F" t="F" l="F"/>
		<a id="13" s="H" t="H" l="H"/>
		<a id="14" s="H" t="H" l="H"/>
		<a id="15" s="H" t="H" l="H"/>
		<a id="16" s="H" t="H" l="H"/>
		<a id="17" s="H" t="H" l="H"/>
	</atoms>
	<bonds>
		<b id="1" c="1 2" t="1"/>
		<b id="2" c="2 3" t="ar"/>
		<b id="3" c="3 4" t="ar"/>
		<b id="4" c="4 5" t="ar"/>
		<b id="5" c="5 6" t="1"/>
		<b id="6" c="6 7" t="1"/>
		<b id="7" c="6 8" t="1"/>
		<b id="8" c="6 9" t="1"/>
		<b id="9" c="5 10" t="ar"/>
		<b id="10" c="10 11" t="ar"/>
		<b id="11" c="2 11" t="ar"/>
		<b id="12" c="11 12" t="1"/>
		<b id="13" c="1 13" t="1"/>
		<b id="14" c="1 14" t="1"/>
		<b id="15" c="3 15" t="1"/>
		<b id="16" c="4 16" t="1"/>
		<b id="17" c="10 17" t="1"/>
	</bonds>
	<geometry>
		<g u="A" t="cart/3d">#17,3:-1.5015,1.6134,0.0731;-0.3908,0.8304,0.0118;0.9016,1.3635,0.0147;2.0125,0.5460,0.0047;1.8630,-0.8342,-0.0111;3.0472,-1.7500,-0.0295;4.2206,-1.1033,-0.0228;3.0688,-2.5837,1.0292;3.0616,-2.5462,-1.1178;0.5907,-1.4007,-0.0157;-0.5012,-0.5688,-0.0035;-1.7457,-1.1050,-0.0175;-1.4144,2.5969,-0.1082;-2.3958,1.1852,-0.0938;1.0221,2.4357,0.0265;3.0001,0.9794,0.0067;0.4550,-2.4703,-0.0306;</g>
	</geometry>
	<conformers/>
	<properties/>
</molecule>
