<?xml version="1.0" ?>
<!--MOLLI PACKAGE EXPERIMENTAL XML FORMAT-->
<molecule name="nuc412">
	<atoms>
		<a id="1" s="C" t="C.3" l="C"/>
		<a id="2" s="C" t="C.3" l="C"/>
		<a id="3" s="C" t="C.3" l="C"/>
		<a id="4" s="C" t="C.3" l="C"/>
		<a id="5" s="N" t="N.3" l="N"/>
		<a id="6" s="C" t="C.2" l="C"/>
		<a id="7" s="O" t="O.2" l="O"/>
		<a id="8" s="N" t="N.am" l="N"/>
		<a id="9" s="C" t="C.3" l="C"/>
		<a id="10" s="C" t="C.3" l="C"/>
		<a id="11" s="H" t="H" l="H"/>
		<a id="12" s="H" t="H" l="H"/>
		<a id="13" s="H" t="H" l="H"/>
		<a id="14" s="H" t="H" l="H"/>
		<a id="15" s="H" t="H" l="H"/>
		<a id="16" s="H" t="H" l="H"/>
		<a id="17" s="H" t="H" l="H"/>
		<a id="18" s="H" t="H" l="H"/>
		<a id="19" s="H" t="H" l="H"/>
		<a id="20" s="H" t="H" l="H"/>
		<a id="21" s="H" t="H" l="H"/>
		<a id="22" s="H" t="H" l="H"/>
		<a id="23" s="H" t="H" l="H"/>
		<a id="24" s="H" t="H" l="H"/>
		<a id="25" s="H" t="H" l="H"/>
		<a id="26" s="H" t="H" l="H"/>
	</atoms>
	<bonds>
		<b id="1" c="1 2" t="1"/>
		<b id="2" c="2 3" t="1"/>
		<b id="3" c="4 6" t="1"/>
		<b id="4" c="6 7" t="2"/>
		<b id="5" c="6 8" t="am"/>
		<b id="6" c="8 9" t="1"/>
		<b id="7" c="8 10" t="1"/>
		<b id="8" c="4 5" t="1"/>
		<b id="9" c="4 2" t="1"/>
		<b id="10" c="1 11" t="1"/>
		<b id="11" c="1 12" t="1"/>
		<b id="12" c="1 13" t="1"/>
		<b id="13" c="2 14" t="1"/>
		<b id="14" c="3 15" t="1"/>
		<b id="15" c="3 16" t="1"/>
		<b id="16" c="3 17" t="1"/>
		<b id="17" c="4 18" t="1"/>
		<b id="18" c="5 19" t="1"/>
		<b id="19" c="5 20" t="1"/>
		<b id="20" c="9 21" t="1"/>
		<b id="21" c="9 22" t="1"/>
		<b id="22" c="9 23" t="1"/>
		<b id="23" c="10 24" t="1"/>
		<b id="24" c="10 25" t="1"/>
		<b id="25" c="10 26" t="1"/>
	</bonds>
	<geometry>
		<g u="A" t="cart/3d">#26,3:2.1861,-4.3346,1.4551;2.7051,-2.9375,1.7702;2.5162,-1.9933,0.5867;3.0267,-0.5837,0.8875;2.5540,0.3302,-0.1516;4.5599,-0.5797,0.9123;5.1994,-1.2562,0.1247;5.1719,0.2754,1.7701;4.5010,1.1128,2.7380;6.6180,0.2885,1.8277;2.7139,-4.7496,0.5999;1.1240,-4.3027,1.2207;2.3317,-4.9988,2.3039;2.1769,-2.5415,2.6418;3.7677,-2.9917,2.0176;3.0626,-2.3807,-0.2754;1.4590,-1.9230,0.3259;2.6079,-0.2514,1.8410;2.8605,-0.0141,-1.0565;2.9574,1.2539,-0.0275;3.6247,1.5973,2.3096;5.1933,1.8913,3.0562;4.1954,0.5428,3.6212;6.9888,-0.4261,1.0956;6.9623,0.0012,2.8236;7.0008,1.2831,1.5881;</g>
	</geometry>
	<conformers/>
	<properties/>
</molecule>
