<?xml version="1.0" ?>
<!--MOLLI PACKAGE EXPERIMENTAL XML FORMAT-->
<molecule name="nuc700">
	<atoms>
		<a id="1" s="N" t="N.pl3" l="N"/>
		<a id="2" s="C" t="C.ar" l="C"/>
		<a id="3" s="C" t="C.ar" l="C"/>
		<a id="4" s="C" t="C.ar" l="C"/>
		<a id="5" s="C" t="C.ar" l="C"/>
		<a id="6" s="O" t="O.3" l="O"/>
		<a id="7" s="C" t="C.3" l="C"/>
		<a id="8" s="F" t="F" l="F"/>
		<a id="9" s="F" t="F" l="F"/>
		<a id="10" s="F" t="F" l="F"/>
		<a id="11" s="C" t="C.ar" l="C"/>
		<a id="12" s="C" t="C.ar" l="C"/>
		<a id="13" s="C" t="C.3" l="C"/>
		<a id="14" s="F" t="F" l="F"/>
		<a id="15" s="F" t="F" l="F"/>
		<a id="16" s="F" t="F" l="F"/>
		<a id="17" s="H" t="H" l="H"/>
		<a id="18" s="H" t="H" l="H"/>
		<a id="19" s="H" t="H" l="H"/>
		<a id="20" s="H" t="H" l="H"/>
		<a id="21" s="H" t="H" l="H"/>
	</atoms>
	<bonds>
		<b id="1" c="1 2" t="1"/>
		<b id="2" c="2 3" t="ar"/>
		<b id="3" c="3 4" t="ar"/>
		<b id="4" c="4 5" t="ar"/>
		<b id="5" c="5 6" t="1"/>
		<b id="6" c="6 7" t="1"/>
		<b id="7" c="7 8" t="1"/>
		<b id="8" c="7 9" t="1"/>
		<b id="9" c="7 10" t="1"/>
		<b id="10" c="5 11" t="ar"/>
		<b id="11" c="11 12" t="ar"/>
		<b id="12" c="2 12" t="ar"/>
		<b id="13" c="12 13" t="1"/>
		<b id="14" c="13 14" t="1"/>
		<b id="15" c="13 15" t="1"/>
		<b id="16" c="13 16" t="1"/>
		<b id="17" c="1 17" t="1"/>
		<b id="18" c="1 18" t="1"/>
		<b id="19" c="3 19" t="1"/>
		<b id="20" c="4 20" t="1"/>
		<b id="21" c="11 21" t="1"/>
	</bonds>
	<geometry>
		<g u="A" t="cart/3d">#21,3:2.2899,-0.0047,-0.4202;0.9626,-0.0193,-0.1369;0.2393,1.1794,-0.0860;-1.1173,1.2047,0.1538;-1.7959,0.0110,0.3538;-3.1760,-0.0920,0.6120;-3.9242,0.9881,0.6707;-3.5675,1.8589,1.6338;-3.9493,1.7082,-0.4669;-5.1772,0.6318,0.9247;-1.1191,-1.1943,0.3101;0.2454,-1.2134,0.0679;0.9670,-2.5272,0.0232;1.9707,-2.5931,0.9286;0.1810,-3.5772,0.2634;1.5556,-2.7570,-1.1691;2.7668,0.8787,-0.4282;2.8529,-0.8287,-0.3147;0.7657,2.1081,-0.2414;-1.6235,2.1560,0.1820;-1.6647,-2.1099,0.4673;</g>
	</geometry>
	<conformers/>
	<properties/>
</molecule>
