<?xml version="1.0" ?>
<!--MOLLI PACKAGE EXPERIMENTAL XML FORMAT-->
<molecule name="nuc710">
	<atoms>
		<a id="1" s="C" t="C.3" l="C"/>
		<a id="2" s="C" t="C.3" l="C"/>
		<a id="3" s="N" t="N.3" l="N"/>
		<a id="4" s="C" t="C.3" l="C"/>
		<a id="5" s="C" t="C.3" l="C"/>
		<a id="6" s="C" t="C.3" l="C"/>
		<a id="7" s="C" t="C.3" l="C"/>
		<a id="8" s="C" t="C.3" l="C"/>
		<a id="9" s="C" t="C.3" l="C"/>
		<a id="10" s="C" t="C.3" l="C"/>
		<a id="11" s="N" t="N.3" l="N"/>
		<a id="12" s="H" t="H" l="H"/>
		<a id="13" s="H" t="H" l="H"/>
		<a id="14" s="H" t="H" l="H"/>
		<a id="15" s="H" t="H" l="H"/>
		<a id="16" s="H" t="H" l="H"/>
		<a id="17" s="H" t="H" l="H"/>
		<a id="18" s="H" t="H" l="H"/>
		<a id="19" s="H" t="H" l="H"/>
		<a id="20" s="H" t="H" l="H"/>
		<a id="21" s="H" t="H" l="H"/>
		<a id="22" s="H" t="H" l="H"/>
		<a id="23" s="H" t="H" l="H"/>
		<a id="24" s="H" t="H" l="H"/>
		<a id="25" s="H" t="H" l="H"/>
		<a id="26" s="H" t="H" l="H"/>
		<a id="27" s="H" t="H" l="H"/>
		<a id="28" s="H" t="H" l="H"/>
		<a id="29" s="H" t="H" l="H"/>
		<a id="30" s="H" t="H" l="H"/>
		<a id="31" s="H" t="H" l="H"/>
		<a id="32" s="H" t="H" l="H"/>
		<a id="33" s="H" t="H" l="H"/>
	</atoms>
	<bonds>
		<b id="1" c="1 2" t="1"/>
		<b id="2" c="2 3" t="1"/>
		<b id="3" c="3 4" t="1"/>
		<b id="4" c="4 5" t="1"/>
		<b id="5" c="3 6" t="1"/>
		<b id="6" c="6 7" t="1"/>
		<b id="7" c="7 8" t="1"/>
		<b id="8" c="8 9" t="1"/>
		<b id="9" c="9 10" t="1"/>
		<b id="10" c="9 11" t="1"/>
		<b id="11" c="1 12" t="1"/>
		<b id="12" c="1 13" t="1"/>
		<b id="13" c="1 14" t="1"/>
		<b id="14" c="2 15" t="1"/>
		<b id="15" c="2 16" t="1"/>
		<b id="16" c="4 17" t="1"/>
		<b id="17" c="4 18" t="1"/>
		<b id="18" c="5 19" t="1"/>
		<b id="19" c="5 20" t="1"/>
		<b id="20" c="5 21" t="1"/>
		<b id="21" c="6 22" t="1"/>
		<b id="22" c="6 23" t="1"/>
		<b id="23" c="7 24" t="1"/>
		<b id="24" c="7 25" t="1"/>
		<b id="25" c="8 26" t="1"/>
		<b id="26" c="8 27" t="1"/>
		<b id="27" c="9 28" t="1"/>
		<b id="28" c="10 29" t="1"/>
		<b id="29" c="10 30" t="1"/>
		<b id="30" c="10 31" t="1"/>
		<b id="31" c="11 32" t="1"/>
		<b id="32" c="11 33" t="1"/>
	</bonds>
	<geometry>
		<g u="A" t="cart/3d">#33,3:1.1844,0.1923,0.1662;2.6487,-0.0268,-0.1995;3.0551,-1.4195,-0.0943;2.3353,-2.3227,-0.9749;2.5756,-2.1567,-2.4814;4.5027,-1.5495,-0.1458;4.9899,-2.9493,0.2268;6.4941,-2.9537,0.4851;7.0317,-4.3071,0.9624;6.9619,-5.3758,-0.1356;8.3840,-4.0964,1.4642;1.0036,1.2546,0.3121;0.9541,-0.3323,1.0896;0.5155,-0.1583,-0.6153;3.2640,0.5318,0.5122;2.8466,0.3947,-1.2009;1.2709,-2.1976,-0.7692;2.5979,-3.3414,-0.6822;2.2923,-1.1610,-2.8142;1.9753,-2.8821,-3.0248;3.6208,-2.3226,-2.7307;4.9068,-0.8444,0.5873;4.9152,-1.2649,-1.1303;4.7605,-3.6485,-0.5772;4.4615,-3.2720,1.1253;6.7330,-2.2195,1.2565;7.0225,-2.6606,-0.4262;6.4323,-4.6406,1.8185;7.4979,-5.0421,-1.0232;5.9323,-5.5868,-0.4093;7.4157,-6.3027,0.2131;8.9860,-3.7804,0.7100;8.7688,-4.9658,1.8181;</g>
	</geometry>
	<conformers/>
	<properties/>
</molecule>
