<?xml version="1.0" ?>
<!--MOLLI PACKAGE EXPERIMENTAL XML FORMAT-->
<molecule name="nuc414">
	<atoms>
		<a id="1" s="C" t="C.3" l="C"/>
		<a id="2" s="O" t="O.3" l="O"/>
		<a id="3" s="C" t="C.3" l="C"/>
		<a id="4" s="C" t="C.3" l="C"/>
		<a id="5" s="N" t="N.3" l="N"/>
		<a id="6" s="C" t="C.2" l="C"/>
		<a id="7" s="O" t="O.2" l="O"/>
		<a id="8" s="N" t="N.am" l="N"/>
		<a id="9" s="C" t="C.3" l="C"/>
		<a id="10" s="C" t="C.3" l="C"/>
		<a id="11" s="H" t="H" l="H"/>
		<a id="12" s="H" t="H" l="H"/>
		<a id="13" s="H" t="H" l="H"/>
		<a id="14" s="H" t="H" l="H"/>
		<a id="15" s="H" t="H" l="H"/>
		<a id="16" s="H" t="H" l="H"/>
		<a id="17" s="H" t="H" l="H"/>
		<a id="18" s="H" t="H" l="H"/>
		<a id="19" s="H" t="H" l="H"/>
		<a id="20" s="H" t="H" l="H"/>
		<a id="21" s="H" t="H" l="H"/>
		<a id="22" s="H" t="H" l="H"/>
		<a id="23" s="H" t="H" l="H"/>
		<a id="24" s="H" t="H" l="H"/>
	</atoms>
	<bonds>
		<b id="1" c="1 2" t="1"/>
		<b id="2" c="2 3" t="1"/>
		<b id="3" c="4 6" t="1"/>
		<b id="4" c="6 7" t="2"/>
		<b id="5" c="6 8" t="am"/>
		<b id="6" c="8 9" t="1"/>
		<b id="7" c="8 10" t="1"/>
		<b id="8" c="4 5" t="1"/>
		<b id="9" c="4 3" t="1"/>
		<b id="10" c="1 11" t="1"/>
		<b id="11" c="1 12" t="1"/>
		<b id="12" c="1 13" t="1"/>
		<b id="13" c="3 14" t="1"/>
		<b id="14" c="3 15" t="1"/>
		<b id="15" c="4 16" t="1"/>
		<b id="16" c="5 17" t="1"/>
		<b id="17" c="5 18" t="1"/>
		<b id="18" c="9 19" t="1"/>
		<b id="19" c="9 20" t="1"/>
		<b id="20" c="9 21" t="1"/>
		<b id="21" c="10 22" t="1"/>
		<b id="22" c="10 23" t="1"/>
		<b id="23" c="10 24" t="1"/>
	</bonds>
	<geometry>
		<g u="A" t="cart/3d">#24,3:6.9141,-1.4542,-0.9286;6.0742,-0.3280,-0.9540;4.7494,-0.6451,-1.3170;3.9072,0.6340,-1.4229;2.5110,0.2342,-1.5032;4.3235,1.4010,-2.6910;3.7848,1.1214,-3.7516;5.2541,2.3679,-2.5871;5.9246,2.7433,-1.3628;5.5984,3.1381,-3.7619;7.8993,-1.1022,-0.6288;6.9771,-1.9227,-1.9182;6.5556,-2.1993,-0.2082;4.2906,-1.3028,-0.5641;4.7322,-1.1668,-2.2858;4.0431,1.2320,-0.5199;2.3591,-0.1984,-2.4122;1.9174,1.0574,-1.4756;5.3067,3.4202,-0.7639;6.8473,3.2602,-1.6210;6.1763,1.8616,-0.7792;4.9815,2.7896,-4.5878;6.6517,2.9994,-4.0147;5.4079,4.1993,-3.5870;</g>
	</geometry>
	<conformers/>
	<properties/>
</molecule>
