<?xml version="1.0" ?>
<!--MOLLI PACKAGE EXPERIMENTAL XML FORMAT-->
<molecule name="nuc711">
	<atoms>
		<a id="1" s="C" t="C.1" l="C"/>
		<a id="2" s="C" t="C.1" l="C"/>
		<a id="3" s="C" t="C.3" l="C"/>
		<a id="4" s="N" t="N.3" l="N"/>
		<a id="5" s="H" t="H" l="H"/>
		<a id="6" s="H" t="H" l="H"/>
		<a id="7" s="H" t="H" l="H"/>
		<a id="8" s="H" t="H" l="H"/>
		<a id="9" s="H" t="H" l="H"/>
	</atoms>
	<bonds>
		<b id="1" c="1 2" t="3"/>
		<b id="2" c="2 3" t="1"/>
		<b id="3" c="3 4" t="1"/>
		<b id="4" c="1 5" t="1"/>
		<b id="5" c="3 6" t="1"/>
		<b id="6" c="3 7" t="1"/>
		<b id="7" c="4 8" t="1"/>
		<b id="8" c="4 9" t="1"/>
	</bonds>
	<geometry>
		<g u="A" t="cart/3d">#9,3:1.1186,0.0708,-0.0525;2.3147,0.0897,-0.0495;3.7670,0.0732,-0.0391;4.2761,-0.8797,-1.0192;0.0697,0.0853,-0.0569;4.1009,-0.1333,0.9958;4.1322,1.0678,-0.3208;3.9375,-1.8141,-0.8158;5.2894,-0.8953,-1.0005;</g>
	</geometry>
	<conformers/>
	<properties/>
</molecule>
