<?xml version="1.0" ?>
<!--MOLLI PACKAGE EXPERIMENTAL XML FORMAT-->
<molecule name="nuc712">
	<atoms>
		<a id="1" s="C" t="C.3" l="CB"/>
		<a id="2" s="C" t="C.3" l="CA"/>
		<a id="3" s="N" t="N.3" l="N"/>
		<a id="4" s="C" t="C.3" l="C"/>
		<a id="5" s="O" t="O.3" l="O"/>
		<a id="6" s="H" t="H" l="HB1"/>
		<a id="7" s="H" t="H" l="HB2"/>
		<a id="8" s="H" t="H" l="HB3"/>
		<a id="9" s="H" t="H" l="HA"/>
		<a id="10" s="H" t="H" l="H1"/>
		<a id="11" s="H" t="H" l="H2"/>
		<a id="12" s="H" t="H" l="H1"/>
		<a id="13" s="H" t="H" l="H2"/>
		<a id="14" s="H" t="H" l="H"/>
	</atoms>
	<bonds>
		<b id="1" c="1 2" t="1"/>
		<b id="2" c="2 3" t="1"/>
		<b id="3" c="2 4" t="1"/>
		<b id="4" c="4 5" t="1"/>
		<b id="5" c="1 6" t="1"/>
		<b id="6" c="1 7" t="1"/>
		<b id="7" c="1 8" t="1"/>
		<b id="8" c="2 9" t="1"/>
		<b id="9" c="3 10" t="1"/>
		<b id="10" c="3 11" t="1"/>
		<b id="11" c="4 12" t="1"/>
		<b id="12" c="4 13" t="1"/>
		<b id="13" c="5 14" t="1"/>
	</bonds>
	<geometry>
		<g u="A" t="cart/3d">#14,3:0.9505,-0.0606,0.1249;2.4772,-0.0392,0.0234;3.1524,0.2630,1.2815;3.0210,-1.3908,-0.4582;4.4182,-1.3645,-0.5745;0.5795,0.9022,0.4724;0.6296,-0.8300,0.8258;0.5079,-0.2714,-0.8448;2.7872,0.7300,-0.6934;2.8426,-0.3826,2.0026;2.9272,1.2012,1.5924;2.6228,-1.6376,-1.4446;2.7113,-2.1760,0.2509;4.7448,-0.8799,0.1961;</g>
	</geometry>
	<conformers/>
	<properties/>
</molecule>
