<?xml version="1.0" ?>
<!--MOLLI PACKAGE EXPERIMENTAL XML FORMAT-->
<molecule name="nuc713">
	<atoms>
		<a id="1" s="C" t="C.3" l="C"/>
		<a id="2" s="S" t="S.O2" l="S"/>
		<a id="3" s="O" t="O.2" l="O"/>
		<a id="4" s="O" t="O.2" l="O"/>
		<a id="5" s="C" t="C.3" l="C"/>
		<a id="6" s="C" t="C.3" l="C"/>
		<a id="7" s="N" t="N.3" l="N"/>
		<a id="8" s="H" t="H" l="H"/>
		<a id="9" s="H" t="H" l="H"/>
		<a id="10" s="H" t="H" l="H"/>
		<a id="11" s="H" t="H" l="H"/>
		<a id="12" s="H" t="H" l="H"/>
		<a id="13" s="H" t="H" l="H"/>
		<a id="14" s="H" t="H" l="H"/>
		<a id="15" s="H" t="H" l="H"/>
		<a id="16" s="H" t="H" l="H"/>
	</atoms>
	<bonds>
		<b id="1" c="1 2" t="1"/>
		<b id="2" c="2 3" t="2"/>
		<b id="3" c="2 4" t="2"/>
		<b id="4" c="2 5" t="1"/>
		<b id="5" c="5 6" t="1"/>
		<b id="6" c="6 7" t="1"/>
		<b id="7" c="1 8" t="1"/>
		<b id="8" c="1 9" t="1"/>
		<b id="9" c="1 10" t="1"/>
		<b id="10" c="5 11" t="1"/>
		<b id="11" c="5 12" t="1"/>
		<b id="12" c="6 13" t="1"/>
		<b id="13" c="6 14" t="1"/>
		<b id="14" c="7 15" t="1"/>
		<b id="15" c="7 16" t="1"/>
	</bonds>
	<geometry>
		<g u="A" t="cart/3d">#16,3:0.9999,-0.0466,0.0355;2.8151,-0.0380,0.1171;3.2735,1.3132,-0.0460;3.2198,-0.7383,1.3054;3.3287,-1.0131,-1.3272;4.8482,-1.0224,-1.3371;5.3419,-1.7778,-2.4791;0.6292,0.5256,0.8768;0.6629,-1.0725,0.0998;0.7019,0.4159,-0.8958;2.9326,-0.5386,-2.2190;2.9198,-2.0121,-1.2041;5.1910,-1.4056,-0.3626;5.1958,0.0092,-1.4333;5.1240,-2.7632,-2.3699;6.3495,-1.6909,-2.5457;</g>
	</geometry>
	<conformers/>
	<properties/>
</molecule>
