<?xml version="1.0" ?>
<!--MOLLI PACKAGE EXPERIMENTAL XML FORMAT-->
<molecule name="nuc714">
	<atoms>
		<a id="1" s="C" t="C.3" l="C"/>
		<a id="2" s="C" t="C.3" l="C"/>
		<a id="3" s="C" t="C.3" l="C"/>
		<a id="4" s="C" t="C.3" l="C"/>
		<a id="5" s="O" t="O.3" l="O"/>
		<a id="6" s="C" t="C.2" l="C"/>
		<a id="7" s="O" t="O.2" l="O"/>
		<a id="8" s="N" t="N.am" l="N"/>
		<a id="9" s="N" t="N.3" l="N"/>
		<a id="10" s="C" t="C.ar" l="C"/>
		<a id="11" s="C" t="C.ar" l="C"/>
		<a id="12" s="C" t="C.ar" l="C"/>
		<a id="13" s="C" t="C.ar" l="C"/>
		<a id="14" s="C" t="C.ar" l="C"/>
		<a id="15" s="C" t="C.ar" l="C"/>
		<a id="16" s="H" t="H" l="H"/>
		<a id="17" s="H" t="H" l="H"/>
		<a id="18" s="H" t="H" l="H"/>
		<a id="19" s="H" t="H" l="H"/>
		<a id="20" s="H" t="H" l="H"/>
		<a id="21" s="H" t="H" l="H"/>
		<a id="22" s="H" t="H" l="H"/>
		<a id="23" s="H" t="H" l="H"/>
		<a id="24" s="H" t="H" l="H"/>
		<a id="25" s="H" t="H" l="H"/>
		<a id="26" s="H" t="H" l="H"/>
		<a id="27" s="H" t="H" l="H"/>
		<a id="28" s="H" t="H" l="H"/>
		<a id="29" s="H" t="H" l="H"/>
		<a id="30" s="H" t="H" l="H"/>
		<a id="31" s="H" t="H" l="H"/>
	</atoms>
	<bonds>
		<b id="1" c="1 2" t="1"/>
		<b id="2" c="2 3" t="1"/>
		<b id="3" c="2 4" t="1"/>
		<b id="4" c="2 5" t="1"/>
		<b id="5" c="5 6" t="1"/>
		<b id="6" c="6 7" t="2"/>
		<b id="7" c="6 8" t="am"/>
		<b id="8" c="8 9" t="1"/>
		<b id="9" c="8 10" t="1"/>
		<b id="10" c="10 11" t="ar"/>
		<b id="11" c="11 12" t="ar"/>
		<b id="12" c="12 13" t="ar"/>
		<b id="13" c="13 14" t="ar"/>
		<b id="14" c="14 15" t="ar"/>
		<b id="15" c="10 15" t="ar"/>
		<b id="16" c="1 16" t="1"/>
		<b id="17" c="1 17" t="1"/>
		<b id="18" c="1 18" t="1"/>
		<b id="19" c="3 19" t="1"/>
		<b id="20" c="3 20" t="1"/>
		<b id="21" c="3 21" t="1"/>
		<b id="22" c="4 22" t="1"/>
		<b id="23" c="4 23" t="1"/>
		<b id="24" c="4 24" t="1"/>
		<b id="25" c="9 25" t="1"/>
		<b id="26" c="9 26" t="1"/>
		<b id="27" c="11 27" t="1"/>
		<b id="28" c="12 28" t="1"/>
		<b id="29" c="13 29" t="1"/>
		<b id="30" c="14 30" t="1"/>
		<b id="31" c="15 31" t="1"/>
	</bonds>
	<geometry>
		<g u="A" t="cart/3d">#31,3:3.2699,-0.8604,-1.1953;2.7180,0.0218,-0.0766;2.9140,1.5033,-0.3954;1.2378,-0.2815,0.1640;3.3503,-0.3101,1.1824;4.6822,-0.1565,1.3391;5.4488,0.2464,0.5004;5.0276,-0.5467,2.6066;4.0453,-1.0852,3.4633;6.3442,-0.5431,3.1151;7.3200,0.3157,2.6205;8.5950,0.2871,3.1567;8.9101,-0.5794,4.1889;7.9336,-1.4238,4.6894;6.6580,-1.4091,4.1592;2.7289,-0.6622,-2.1162;3.1537,-1.9113,-0.9373;4.3245,-0.6517,-1.3526;2.3572,1.7595,-1.2922;3.9665,1.7161,-0.5598;2.5549,2.1153,0.4298;0.6654,-0.0570,-0.7307;0.8604,0.3214,0.9862;1.1049,-1.3309,0.4146;3.5497,-1.8385,2.9901;3.3615,-0.3655,3.6902;7.0892,0.9925,1.8161;9.3468,0.9559,2.7644;9.9076,-0.5949,4.6019;8.1657,-2.1028,5.4968;5.8925,-2.0594,4.5501;</g>
	</geometry>
	<conformers/>
	<properties/>
</molecule>
