<?xml version="1.0" ?>
<!--MOLLI PACKAGE EXPERIMENTAL XML FORMAT-->
<molecule name="nuc716">
	<atoms>
		<a id="1" s="N" t="N.pl3" l="N"/>
		<a id="2" s="C" t="C.ar" l="C"/>
		<a id="3" s="C" t="C.ar" l="C"/>
		<a id="4" s="N" t="N.ar" l="N"/>
		<a id="5" s="C" t="C.ar" l="C"/>
		<a id="6" s="C" t="C.ar" l="C"/>
		<a id="7" s="C" t="C.ar" l="C"/>
		<a id="8" s="N" t="N.am" l="N"/>
		<a id="9" s="C" t="C.2" l="C"/>
		<a id="10" s="O" t="O.2" l="O"/>
		<a id="11" s="C" t="C.3" l="C"/>
		<a id="12" s="C" t="C.3" l="C"/>
		<a id="13" s="C" t="C.3" l="C"/>
		<a id="14" s="C" t="C.3" l="C"/>
		<a id="15" s="O" t="O.3" l="O"/>
		<a id="16" s="H" t="H" l="H"/>
		<a id="17" s="H" t="H" l="H"/>
		<a id="18" s="H" t="H" l="H"/>
		<a id="19" s="H" t="H" l="H"/>
		<a id="20" s="H" t="H" l="H"/>
		<a id="21" s="H" t="H" l="H"/>
		<a id="22" s="H" t="H" l="H"/>
		<a id="23" s="H" t="H" l="H"/>
		<a id="24" s="H" t="H" l="H"/>
		<a id="25" s="H" t="H" l="H"/>
		<a id="26" s="H" t="H" l="H"/>
	</atoms>
	<bonds>
		<b id="1" c="1 2" t="1"/>
		<b id="2" c="2 3" t="ar"/>
		<b id="3" c="3 4" t="ar"/>
		<b id="4" c="4 5" t="ar"/>
		<b id="5" c="5 6" t="ar"/>
		<b id="6" c="6 7" t="ar"/>
		<b id="7" c="2 7" t="ar"/>
		<b id="8" c="6 8" t="1"/>
		<b id="9" c="8 9" t="am"/>
		<b id="10" c="9 10" t="2"/>
		<b id="11" c="9 11" t="1"/>
		<b id="12" c="11 12" t="1"/>
		<b id="13" c="12 13" t="1"/>
		<b id="14" c="8 13" t="1"/>
		<b id="15" c="13 14" t="1"/>
		<b id="16" c="14 15" t="1"/>
		<b id="17" c="5 15" t="1"/>
		<b id="18" c="1 16" t="1"/>
		<b id="19" c="1 17" t="1"/>
		<b id="20" c="3 18" t="1"/>
		<b id="21" c="7 19" t="1"/>
		<b id="22" c="11 20" t="1"/>
		<b id="23" c="11 21" t="1"/>
		<b id="24" c="12 22" t="1"/>
		<b id="25" c="12 23" t="1"/>
		<b id="26" c="13 24" t="1"/>
		<b id="27" c="14 25" t="1"/>
		<b id="28" c="14 26" t="1"/>
	</bonds>
	<geometry>
		<g u="A" t="cart/3d">#26,3:1.1932,0.1726,0.1056;2.5673,0.0910,0.0558;3.3738,1.2288,0.1229;4.6928,1.1854,0.1315;5.3025,0.0197,0.0928;4.5949,-1.1987,0.0539;3.2107,-1.1475,0.0226;5.3119,-2.3973,0.0758;4.8672,-3.6601,-0.1700;3.7390,-3.9859,-0.4540;6.0599,-4.5926,-0.0056;7.2783,-3.6748,-0.0671;6.7269,-2.3224,0.3910;7.3054,-1.1033,-0.3276;6.6679,0.0761,0.0996;0.7882,1.0563,-0.1564;0.6887,-0.6381,-0.2150;2.9404,2.2187,0.1635;2.6421,-2.0619,-0.0230;6.0507,-5.3633,-0.7737;5.9700,-5.0822,0.9664;7.6405,-3.5954,-1.0936;8.0982,-4.0140,0.5622;6.8499,-2.1813,1.4748;7.1794,-1.2305,-1.4131;8.3653,-0.9744,-0.1004;</g>
	</geometry>
	<conformers/>
	<properties/>
</molecule>
