<?xml version="1.0" ?>
<!--MOLLI PACKAGE EXPERIMENTAL XML FORMAT-->
<molecule name="nuc719">
	<atoms>
		<a id="1" s="C" t="C.3" l="C"/>
		<a id="2" s="N" t="N.3" l="N"/>
		<a id="3" s="C" t="C.3" l="C"/>
		<a id="4" s="C" t="C.3" l="C"/>
		<a id="5" s="C" t="C.3" l="C"/>
		<a id="6" s="N" t="N.ar" l="N"/>
		<a id="7" s="N" t="N.ar" l="N"/>
		<a id="8" s="C" t="C.ar" l="C"/>
		<a id="9" s="C" t="C.ar" l="C"/>
		<a id="10" s="C" t="C.ar" l="C"/>
		<a id="11" s="C" t="C.ar" l="C"/>
		<a id="12" s="N" t="N.pl3" l="N"/>
		<a id="13" s="O" t="O.2" l="O"/>
		<a id="14" s="O" t="O.co2" l="O"/>
		<a id="15" s="C" t="C.ar" l="C"/>
		<a id="16" s="C" t="C.ar" l="C"/>
		<a id="17" s="N" t="N.pl3" l="N"/>
		<a id="18" s="C" t="C.ar" l="C"/>
		<a id="19" s="H" t="H" l="H"/>
		<a id="20" s="H" t="H" l="H"/>
		<a id="21" s="H" t="H" l="H"/>
		<a id="22" s="H" t="H" l="H"/>
		<a id="23" s="H" t="H" l="H"/>
		<a id="24" s="H" t="H" l="H"/>
		<a id="25" s="H" t="H" l="H"/>
		<a id="26" s="H" t="H" l="H"/>
		<a id="27" s="H" t="H" l="H"/>
		<a id="28" s="H" t="H" l="H"/>
		<a id="29" s="H" t="H" l="H"/>
		<a id="30" s="H" t="H" l="H"/>
		<a id="31" s="H" t="H" l="H"/>
		<a id="32" s="H" t="H" l="H"/>
		<a id="33" s="H" t="H" l="H"/>
	</atoms>
	<bonds>
		<b id="1" c="1 2" t="1"/>
		<b id="2" c="2 3" t="1"/>
		<b id="3" c="2 4" t="1"/>
		<b id="4" c="4 5" t="1"/>
		<b id="5" c="5 6" t="1"/>
		<b id="6" c="6 7" t="ar"/>
		<b id="7" c="7 8" t="ar"/>
		<b id="8" c="8 9" t="ar"/>
		<b id="9" c="9 10" t="ar"/>
		<b id="10" c="10 11" t="ar"/>
		<b id="11" c="11 12" t="1"/>
		<b id="12" c="12 13" t="2"/>
		<b id="13" c="12 14" t="1"/>
		<b id="14" c="11 15" t="ar"/>
		<b id="15" c="15 16" t="ar"/>
		<b id="16" c="16 17" t="1"/>
		<b id="17" c="16 18" t="ar"/>
		<b id="18" c="9 18" t="ar"/>
		<b id="19" c="6 18" t="ar"/>
		<b id="20" c="1 19" t="1"/>
		<b id="21" c="1 20" t="1"/>
		<b id="22" c="1 21" t="1"/>
		<b id="23" c="3 22" t="1"/>
		<b id="24" c="3 23" t="1"/>
		<b id="25" c="3 24" t="1"/>
		<b id="26" c="4 25" t="1"/>
		<b id="27" c="4 26" t="1"/>
		<b id="28" c="5 27" t="1"/>
		<b id="29" c="5 28" t="1"/>
		<b id="30" c="8 29" t="1"/>
		<b id="31" c="10 30" t="1"/>
		<b id="32" c="15 31" t="1"/>
		<b id="33" c="17 32" t="1"/>
		<b id="34" c="17 33" t="1"/>
	</bonds>
	<geometry>
		<g u="A" t="cart/3d">#33,3:1.3092,-0.3250,1.0874;2.7172,-0.2628,0.7390;2.9379,0.6118,-0.3995;3.5592,0.1056,1.8706;4.9403,-0.5739,1.7938;4.9854,-1.8080,2.5299;5.5064,-1.7765,3.7635;5.4628,-2.9861,4.2548;4.8891,-3.8821,3.3176;4.6384,-5.2530,3.3068;4.0807,-5.7671,2.1541;3.8028,-7.1697,2.0784;4.0778,-7.8580,3.0424;3.3035,-7.6012,1.0562;3.7534,-4.9644,1.0497;3.9787,-3.5992,1.0371;3.6994,-2.8270,-0.0635;4.5793,-3.0635,2.1995;0.7398,-0.6214,0.2070;0.9196,0.6378,1.4451;1.1623,-1.0758,1.8634;2.3972,0.2220,-1.2605;3.9993,0.6387,-0.6400;2.5974,1.6385,-0.2064;3.0759,-0.2162,2.7958;3.6892,1.1960,1.9258;5.6884,0.0713,2.2592;5.2187,-0.7605,0.7549;5.8368,-3.1954,5.2363;4.8695,-5.8874,4.1458;3.3092,-5.4437,0.1907;3.1645,-3.3061,-0.7724;3.3712,-1.8793,0.1319;</g>
	</geometry>
	<conformers/>
	<properties/>
</molecule>
