<?xml version="1.0" ?>
<!--MOLLI PACKAGE EXPERIMENTAL XML FORMAT-->
<molecule name="nuc723">
	<atoms>
		<a id="1" s="C" t="C.3" l="C"/>
		<a id="2" s="C" t="C.ar" l="C"/>
		<a id="3" s="C" t="C.ar" l="C"/>
		<a id="4" s="C" t="C.ar" l="C"/>
		<a id="5" s="C" t="C.3" l="C"/>
		<a id="6" s="C" t="C.ar" l="C"/>
		<a id="7" s="N" t="N.pl3" l="N"/>
		<a id="8" s="C" t="C.3" l="C"/>
		<a id="9" s="C" t="C.3" l="C"/>
		<a id="10" s="N" t="N.3" l="N"/>
		<a id="11" s="C" t="C.ar" l="C"/>
		<a id="12" s="C" t="C.ar" l="C"/>
		<a id="13" s="C" t="C.ar" l="C"/>
		<a id="14" s="C" t="C.ar" l="C"/>
		<a id="15" s="C" t="C.ar" l="C"/>
		<a id="16" s="C" t="C.ar" l="C"/>
		<a id="17" s="C" t="C.ar" l="C"/>
		<a id="18" s="C" t="C.3" l="C"/>
		<a id="19" s="C" t="C.ar" l="C"/>
		<a id="20" s="H" t="H" l="H"/>
		<a id="21" s="H" t="H" l="H"/>
		<a id="22" s="H" t="H" l="H"/>
		<a id="23" s="H" t="H" l="H"/>
		<a id="24" s="H" t="H" l="H"/>
		<a id="25" s="H" t="H" l="H"/>
		<a id="26" s="H" t="H" l="H"/>
		<a id="27" s="H" t="H" l="H"/>
		<a id="28" s="H" t="H" l="H"/>
		<a id="29" s="H" t="H" l="H"/>
		<a id="30" s="H" t="H" l="H"/>
		<a id="31" s="H" t="H" l="H"/>
		<a id="32" s="H" t="H" l="H"/>
		<a id="33" s="H" t="H" l="H"/>
		<a id="34" s="H" t="H" l="H"/>
		<a id="35" s="H" t="H" l="H"/>
		<a id="36" s="H" t="H" l="H"/>
		<a id="37" s="H" t="H" l="H"/>
		<a id="38" s="H" t="H" l="H"/>
		<a id="39" s="H" t="H" l="H"/>
		<a id="40" s="H" t="H" l="H"/>
		<a id="41" s="H" t="H" l="H"/>
	</atoms>
	<bonds>
		<b id="1" c="1 2" t="1"/>
		<b id="2" c="2 3" t="ar"/>
		<b id="3" c="3 4" t="ar"/>
		<b id="4" c="4 5" t="1"/>
		<b id="5" c="4 6" t="ar"/>
		<b id="6" c="6 7" t="1"/>
		<b id="7" c="7 8" t="1"/>
		<b id="8" c="8 9" t="1"/>
		<b id="9" c="9 10" t="1"/>
		<b id="10" c="9 11" t="1"/>
		<b id="11" c="11 12" t="ar"/>
		<b id="12" c="12 13" t="ar"/>
		<b id="13" c="13 14" t="ar"/>
		<b id="14" c="14 15" t="ar"/>
		<b id="15" c="15 16" t="ar"/>
		<b id="16" c="11 16" t="ar"/>
		<b id="17" c="6 17" t="ar"/>
		<b id="18" c="17 18" t="1"/>
		<b id="19" c="17 19" t="ar"/>
		<b id="20" c="2 19" t="ar"/>
		<b id="21" c="1 20" t="1"/>
		<b id="22" c="1 21" t="1"/>
		<b id="23" c="1 22" t="1"/>
		<b id="24" c="3 23" t="1"/>
		<b id="25" c="5 24" t="1"/>
		<b id="26" c="5 25" t="1"/>
		<b id="27" c="5 26" t="1"/>
		<b id="28" c="7 27" t="1"/>
		<b id="29" c="8 28" t="1"/>
		<b id="30" c="8 29" t="1"/>
		<b id="31" c="9 30" t="1"/>
		<b id="32" c="10 31" t="1"/>
		<b id="33" c="10 32" t="1"/>
		<b id="34" c="12 33" t="1"/>
		<b id="35" c="13 34" t="1"/>
		<b id="36" c="14 35" t="1"/>
		<b id="37" c="15 36" t="1"/>
		<b id="38" c="16 37" t="1"/>
		<b id="39" c="18 38" t="1"/>
		<b id="40" c="18 39" t="1"/>
		<b id="41" c="18 40" t="1"/>
		<b id="42" c="19 41" t="1"/>
	</bonds>
	<geometry>
		<g u="A" t="cart/3d">#41,3:2.0660,1.8831,0.6757;1.0098,0.8730,0.3407;1.2941,-0.2396,-0.4330;0.3199,-1.1710,-0.7614;0.6774,-2.3226,-1.6549;-0.9816,-0.9989,-0.2801;-1.9839,-1.9298,-0.6322;-1.9484,-3.2283,0.0209;-2.9769,-4.1638,-0.6553;-2.7608,-4.3070,-2.0858;-2.9704,-5.5059,0.0334;-4.0615,-5.9124,0.7899;-4.0557,-7.1317,1.4440;-2.9555,-7.9655,1.3481;-1.8623,-7.5704,0.5967;-1.8688,-6.3488,-0.0519;-1.2901,0.1323,0.4887;-2.6875,0.3627,0.9946;-0.2946,1.0484,0.7815;3.0559,1.5067,0.4300;2.0379,2.1310,1.7355;1.8995,2.8027,0.1140;2.2987,-0.3847,-0.8061;1.4546,-2.0241,-2.3555;-0.1952,-2.6499,-2.2143;1.0601,-3.1643,-1.0755;-2.9049,-1.5210,-0.5151;-2.1739,-3.1665,1.0993;-0.9461,-3.6460,-0.0806;-3.9710,-3.7109,-0.5397;-1.8909,-4.7982,-2.2635;-2.6809,-3.3814,-2.4960;-4.9260,-5.2683,0.8656;-4.9134,-7.4321,2.0283;-2.9497,-8.9188,1.8556;-0.9993,-8.2156,0.5172;-1.0043,-6.0555,-0.6304;-3.3698,0.5791,0.1704;-2.7051,1.2116,1.6737;-3.0623,-0.5092,1.5317;-0.5372,1.9183,1.3765;</g>
	</geometry>
	<conformers/>
	<properties/>
</molecule>
