<?xml version="1.0" ?>
<!--MOLLI PACKAGE EXPERIMENTAL XML FORMAT-->
<molecule name="nuc724">
	<atoms>
		<a id="1" s="C" t="C.3" l="C"/>
		<a id="2" s="C" t="C.ar" l="C"/>
		<a id="3" s="C" t="C.ar" l="C"/>
		<a id="4" s="C" t="C.ar" l="C"/>
		<a id="5" s="C" t="C.3" l="C"/>
		<a id="6" s="C" t="C.ar" l="C"/>
		<a id="7" s="N" t="N.pl3" l="N"/>
		<a id="8" s="C" t="C.3" l="C"/>
		<a id="9" s="C" t="C.3" l="C"/>
		<a id="10" s="N" t="N.3" l="N"/>
		<a id="11" s="C" t="C.3" l="C"/>
		<a id="12" s="C" t="C.3" l="C"/>
		<a id="13" s="C" t="C.3" l="C"/>
		<a id="14" s="C" t="C.ar" l="C"/>
		<a id="15" s="C" t="C.3" l="C"/>
		<a id="16" s="C" t="C.ar" l="C"/>
		<a id="17" s="H" t="H" l="H"/>
		<a id="18" s="H" t="H" l="H"/>
		<a id="19" s="H" t="H" l="H"/>
		<a id="20" s="H" t="H" l="H"/>
		<a id="21" s="H" t="H" l="H"/>
		<a id="22" s="H" t="H" l="H"/>
		<a id="23" s="H" t="H" l="H"/>
		<a id="24" s="H" t="H" l="H"/>
		<a id="25" s="H" t="H" l="H"/>
		<a id="26" s="H" t="H" l="H"/>
		<a id="27" s="H" t="H" l="H"/>
		<a id="28" s="H" t="H" l="H"/>
		<a id="29" s="H" t="H" l="H"/>
		<a id="30" s="H" t="H" l="H"/>
		<a id="31" s="H" t="H" l="H"/>
		<a id="32" s="H" t="H" l="H"/>
		<a id="33" s="H" t="H" l="H"/>
		<a id="34" s="H" t="H" l="H"/>
		<a id="35" s="H" t="H" l="H"/>
		<a id="36" s="H" t="H" l="H"/>
		<a id="37" s="H" t="H" l="H"/>
		<a id="38" s="H" t="H" l="H"/>
		<a id="39" s="H" t="H" l="H"/>
		<a id="40" s="H" t="H" l="H"/>
	</atoms>
	<bonds>
		<b id="1" c="1 2" t="1"/>
		<b id="2" c="2 3" t="ar"/>
		<b id="3" c="3 4" t="ar"/>
		<b id="4" c="4 5" t="1"/>
		<b id="5" c="4 6" t="ar"/>
		<b id="6" c="6 7" t="1"/>
		<b id="7" c="7 8" t="1"/>
		<b id="8" c="8 9" t="1"/>
		<b id="9" c="9 10" t="1"/>
		<b id="10" c="9 11" t="1"/>
		<b id="11" c="11 12" t="1"/>
		<b id="12" c="11 13" t="1"/>
		<b id="13" c="6 14" t="ar"/>
		<b id="14" c="14 15" t="1"/>
		<b id="15" c="14 16" t="ar"/>
		<b id="16" c="2 16" t="ar"/>
		<b id="17" c="1 17" t="1"/>
		<b id="18" c="1 18" t="1"/>
		<b id="19" c="1 19" t="1"/>
		<b id="20" c="3 20" t="1"/>
		<b id="21" c="5 21" t="1"/>
		<b id="22" c="5 22" t="1"/>
		<b id="23" c="5 23" t="1"/>
		<b id="24" c="7 24" t="1"/>
		<b id="25" c="8 25" t="1"/>
		<b id="26" c="8 26" t="1"/>
		<b id="27" c="9 27" t="1"/>
		<b id="28" c="10 28" t="1"/>
		<b id="29" c="10 29" t="1"/>
		<b id="30" c="11 30" t="1"/>
		<b id="31" c="12 31" t="1"/>
		<b id="32" c="12 32" t="1"/>
		<b id="33" c="12 33" t="1"/>
		<b id="34" c="13 34" t="1"/>
		<b id="35" c="13 35" t="1"/>
		<b id="36" c="13 36" t="1"/>
		<b id="37" c="15 37" t="1"/>
		<b id="38" c="15 38" t="1"/>
		<b id="39" c="15 39" t="1"/>
		<b id="40" c="16 40" t="1"/>
	</bonds>
	<geometry>
		<g u="A" t="cart/3d">#40,3:2.0834,1.9157,0.4444;1.0289,0.8778,0.2006;1.3601,-0.4197,-0.1517;0.3905,-1.3839,-0.3856;0.8089,-2.7565,-0.8247;-0.9588,-1.0479,-0.2387;-1.9480,-2.0257,-0.4864;-2.1308,-3.0462,0.5380;-3.0926,-4.1274,0.0071;-2.6824,-4.6169,-1.3013;-3.2232,-5.3211,0.9680;-3.6488,-4.9027,2.3736;-4.2274,-6.3229,0.3999;-1.3113,0.2679,0.0924;-2.7549,0.6707,0.2188;-0.3158,1.2066,0.3020;3.0717,1.4643,0.4818;1.8997,2.4346,1.3840;2.0744,2.6586,-0.3534;2.4009,-0.6918,-0.2616;1.7194,-2.6978,-1.4175;0.0253,-3.2135,-1.4235;1.0135,-3.3983,0.0336;-2.8420,-1.5851,-0.6775;-2.5228,-2.6144,1.4710;-1.1611,-3.4963,0.7588;-4.0842,-3.6739,-0.1270;-1.7879,-5.0916,-1.2175;-2.5444,-3.8234,-1.9196;-2.2427,-5.8085,1.0297;-4.5578,-4.3058,2.3337;-2.8745,-4.3268,2.8736;-3.8491,-5.7872,2.9743;-5.2291,-5.8998,0.4197;-4.2266,-7.2380,0.9874;-3.9744,-6.5589,-0.6291;-3.2540,0.6394,-0.7515;-2.8290,1.6863,0.5995;-3.2915,0.0122,0.9025;-0.5922,2.2195,0.5613;</g>
	</geometry>
	<conformers/>
	<properties/>
</molecule>
