<?xml version="1.0" ?>
<!--MOLLI PACKAGE EXPERIMENTAL XML FORMAT-->
<molecule name="nuc725">
	<atoms>
		<a id="1" s="C" t="C.3" l="C"/>
		<a id="2" s="C" t="C.ar" l="C"/>
		<a id="3" s="C" t="C.ar" l="C"/>
		<a id="4" s="C" t="C.ar" l="C"/>
		<a id="5" s="C" t="C.3" l="C"/>
		<a id="6" s="C" t="C.ar" l="C"/>
		<a id="7" s="N" t="N.pl3" l="N"/>
		<a id="8" s="C" t="C.3" l="C"/>
		<a id="9" s="C" t="C.3" l="C"/>
		<a id="10" s="N" t="N.3" l="N"/>
		<a id="11" s="C" t="C.3" l="C"/>
		<a id="12" s="C" t="C.3" l="C"/>
		<a id="13" s="C" t="C.3" l="C"/>
		<a id="14" s="C" t="C.3" l="C"/>
		<a id="15" s="C" t="C.3" l="C"/>
		<a id="16" s="C" t="C.3" l="C"/>
		<a id="17" s="C" t="C.ar" l="C"/>
		<a id="18" s="C" t="C.3" l="C"/>
		<a id="19" s="C" t="C.ar" l="C"/>
		<a id="20" s="H" t="H" l="H"/>
		<a id="21" s="H" t="H" l="H"/>
		<a id="22" s="H" t="H" l="H"/>
		<a id="23" s="H" t="H" l="H"/>
		<a id="24" s="H" t="H" l="H"/>
		<a id="25" s="H" t="H" l="H"/>
		<a id="26" s="H" t="H" l="H"/>
		<a id="27" s="H" t="H" l="H"/>
		<a id="28" s="H" t="H" l="H"/>
		<a id="29" s="H" t="H" l="H"/>
		<a id="30" s="H" t="H" l="H"/>
		<a id="31" s="H" t="H" l="H"/>
		<a id="32" s="H" t="H" l="H"/>
		<a id="33" s="H" t="H" l="H"/>
		<a id="34" s="H" t="H" l="H"/>
		<a id="35" s="H" t="H" l="H"/>
		<a id="36" s="H" t="H" l="H"/>
		<a id="37" s="H" t="H" l="H"/>
		<a id="38" s="H" t="H" l="H"/>
		<a id="39" s="H" t="H" l="H"/>
		<a id="40" s="H" t="H" l="H"/>
		<a id="41" s="H" t="H" l="H"/>
		<a id="42" s="H" t="H" l="H"/>
		<a id="43" s="H" t="H" l="H"/>
		<a id="44" s="H" t="H" l="H"/>
		<a id="45" s="H" t="H" l="H"/>
		<a id="46" s="H" t="H" l="H"/>
		<a id="47" s="H" t="H" l="H"/>
	</atoms>
	<bonds>
		<b id="1" c="1 2" t="1"/>
		<b id="2" c="2 3" t="ar"/>
		<b id="3" c="3 4" t="ar"/>
		<b id="4" c="4 5" t="1"/>
		<b id="5" c="4 6" t="ar"/>
		<b id="6" c="6 7" t="1"/>
		<b id="7" c="7 8" t="1"/>
		<b id="8" c="8 9" t="1"/>
		<b id="9" c="9 10" t="1"/>
		<b id="10" c="9 11" t="1"/>
		<b id="11" c="11 12" t="1"/>
		<b id="12" c="12 13" t="1"/>
		<b id="13" c="13 14" t="1"/>
		<b id="14" c="14 15" t="1"/>
		<b id="15" c="15 16" t="1"/>
		<b id="16" c="11 16" t="1"/>
		<b id="17" c="6 17" t="ar"/>
		<b id="18" c="17 18" t="1"/>
		<b id="19" c="17 19" t="ar"/>
		<b id="20" c="2 19" t="ar"/>
		<b id="21" c="1 20" t="1"/>
		<b id="22" c="1 21" t="1"/>
		<b id="23" c="1 22" t="1"/>
		<b id="24" c="3 23" t="1"/>
		<b id="25" c="5 24" t="1"/>
		<b id="26" c="5 25" t="1"/>
		<b id="27" c="5 26" t="1"/>
		<b id="28" c="7 27" t="1"/>
		<b id="29" c="8 28" t="1"/>
		<b id="30" c="8 29" t="1"/>
		<b id="31" c="9 30" t="1"/>
		<b id="32" c="10 31" t="1"/>
		<b id="33" c="10 32" t="1"/>
		<b id="34" c="11 33" t="1"/>
		<b id="35" c="12 34" t="1"/>
		<b id="36" c="12 35" t="1"/>
		<b id="37" c="13 36" t="1"/>
		<b id="38" c="13 37" t="1"/>
		<b id="39" c="14 38" t="1"/>
		<b id="40" c="14 39" t="1"/>
		<b id="41" c="15 40" t="1"/>
		<b id="42" c="15 41" t="1"/>
		<b id="43" c="16 42" t="1"/>
		<b id="44" c="16 43" t="1"/>
		<b id="45" c="18 44" t="1"/>
		<b id="46" c="18 45" t="1"/>
		<b id="47" c="18 46" t="1"/>
		<b id="48" c="19 47" t="1"/>
	</bonds>
	<geometry>
		<g u="A" t="cart/3d">#47,3:1.4251,1.3666,-2.0615;0.6498,0.4580,-1.1537;1.2832,-0.5270,-0.4138;0.5883,-1.3545,0.4543;1.3636,-2.3191,1.3059;-0.8034,-1.2262,0.5604;-1.5149,-2.0502,1.4452;-1.5799,-3.4799,1.2122;-2.6410,-3.8992,0.1652;-2.3288,-3.4711,-1.1873;-2.8796,-5.4208,0.2163;-1.7358,-6.2350,-0.3913;-1.9952,-7.7281,-0.2088;-3.3113,-8.1266,-0.8730;-4.4626,-7.2933,-0.3199;-4.1841,-5.8015,-0.4875;-1.4524,-0.2008,-0.1483;-2.9312,0.0343,0.0047;-0.7181,0.6187,-0.9880;2.3615,0.9053,-2.3657;1.6579,2.2995,-1.5454;0.8477,1.6112,-2.9510;2.3555,-0.6428,-0.4933;2.3132,-1.8700,1.5902;1.5862,-3.2414,0.7671;0.8091,-2.5627,2.2088;-2.4412,-1.6854,1.6297;-1.8147,-3.9575,2.1685;-0.6041,-3.8291,0.8809;-3.5883,-3.4107,0.4375;-1.4241,-3.8340,-1.4668;-2.2680,-2.4603,-1.2368;-2.9726,-5.6968,1.2742;-0.7843,-5.9690,0.0771;-1.6687,-6.0176,-1.4596;-2.0393,-7.9612,0.8592;-1.1721,-8.3016,-0.6413;-3.5054,-9.1890,-0.7051;-3.2355,-7.9649,-1.9517;-4.5900,-7.5169,0.7432;-5.3925,-7.5588,-0.8294;-5.0123,-5.2256,-0.0691;-4.1023,-5.5482,-1.5460;-3.5105,-0.8675,-0.1964;-3.2598,0.8039,-0.6889;-3.1656,0.3724,1.0150;-1.2266,1.4017,-1.5345;</g>
	</geometry>
	<conformers/>
	<properties/>
</molecule>
