<?xml version="1.0" ?>
<!--MOLLI PACKAGE EXPERIMENTAL XML FORMAT-->
<molecule name="nuc726">
	<atoms>
		<a id="1" s="N" t="N.pl3" l="N"/>
		<a id="2" s="C" t="C.ar" l="C"/>
		<a id="3" s="C" t="C.ar" l="C"/>
		<a id="4" s="C" t="C.ar" l="C"/>
		<a id="5" s="C" t="C.ar" l="C"/>
		<a id="6" s="C" t="C.ar" l="C"/>
		<a id="7" s="C" t="C.ar" l="C"/>
		<a id="8" s="O" t="O.3" l="O"/>
		<a id="9" s="C" t="C.3" l="C"/>
		<a id="10" s="C" t="C.3" l="C"/>
		<a id="11" s="O" t="O.3" l="O"/>
		<a id="12" s="H" t="H" l="H"/>
		<a id="13" s="H" t="H" l="H"/>
		<a id="14" s="H" t="H" l="H"/>
		<a id="15" s="H" t="H" l="H"/>
		<a id="16" s="H" t="H" l="H"/>
		<a id="17" s="H" t="H" l="H"/>
		<a id="18" s="H" t="H" l="H"/>
		<a id="19" s="H" t="H" l="H"/>
		<a id="20" s="H" t="H" l="H"/>
	</atoms>
	<bonds>
		<b id="1" c="1 2" t="1"/>
		<b id="2" c="2 3" t="ar"/>
		<b id="3" c="3 4" t="ar"/>
		<b id="4" c="4 5" t="ar"/>
		<b id="5" c="5 6" t="ar"/>
		<b id="6" c="6 7" t="ar"/>
		<b id="7" c="2 7" t="ar"/>
		<b id="8" c="6 8" t="1"/>
		<b id="9" c="8 9" t="1"/>
		<b id="10" c="9 10" t="1"/>
		<b id="11" c="10 11" t="1"/>
		<b id="12" c="5 11" t="1"/>
		<b id="13" c="1 12" t="1"/>
		<b id="14" c="1 13" t="1"/>
		<b id="15" c="3 14" t="1"/>
		<b id="16" c="4 15" t="1"/>
		<b id="17" c="7 16" t="1"/>
		<b id="18" c="9 17" t="1"/>
		<b id="19" c="9 18" t="1"/>
		<b id="20" c="10 19" t="1"/>
		<b id="21" c="10 20" t="1"/>
	</bonds>
	<geometry>
		<g u="A" t="cart/3d">#20,3:1.0473,-0.0537,0.2350;2.4268,-0.0563,0.1212;3.1382,1.1428,0.0512;4.5169,1.1383,0.0352;5.2224,-0.0564,0.0717;4.5194,-1.2621,0.1049;3.1331,-1.2544,0.1382;5.1559,-2.4801,0.0983;6.5174,-2.3950,-0.2552;7.1830,-1.2294,0.4765;6.6024,-0.0117,0.0768;0.5831,0.7761,-0.0979;0.5865,-0.9128,-0.0191;2.6021,2.0793,0.0221;5.0753,2.0597,-0.0060;2.6166,-2.2007,0.1769;6.6149,-2.2405,-1.3391;6.9706,-3.3485,0.0212;8.2447,-1.1643,0.2328;7.0605,-1.3698,1.5602;</g>
	</geometry>
	<conformers/>
	<properties/>
</molecule>
