<?xml version="1.0" ?>
<!--MOLLI PACKAGE EXPERIMENTAL XML FORMAT-->
<molecule name="nuc738">
	<atoms>
		<a id="1" s="C" t="C.3" l="C"/>
		<a id="2" s="C" t="C.3" l="C"/>
		<a id="3" s="C" t="C.3" l="C"/>
		<a id="4" s="N" t="N.3" l="N"/>
		<a id="5" s="C" t="C.ar" l="C"/>
		<a id="6" s="C" t="C.ar" l="C"/>
		<a id="7" s="C" t="C.ar" l="C"/>
		<a id="8" s="C" t="C.ar" l="C"/>
		<a id="9" s="F" t="F" l="F"/>
		<a id="10" s="C" t="C.ar" l="C"/>
		<a id="11" s="C" t="C.ar" l="C"/>
		<a id="12" s="H" t="H" l="H"/>
		<a id="13" s="H" t="H" l="H"/>
		<a id="14" s="H" t="H" l="H"/>
		<a id="15" s="H" t="H" l="H"/>
		<a id="16" s="H" t="H" l="H"/>
		<a id="17" s="H" t="H" l="H"/>
		<a id="18" s="H" t="H" l="H"/>
		<a id="19" s="H" t="H" l="H"/>
		<a id="20" s="H" t="H" l="H"/>
		<a id="21" s="H" t="H" l="H"/>
		<a id="22" s="H" t="H" l="H"/>
		<a id="23" s="H" t="H" l="H"/>
	</atoms>
	<bonds>
		<b id="1" c="1 2" t="1"/>
		<b id="2" c="2 3" t="1"/>
		<b id="3" c="2 4" t="1"/>
		<b id="4" c="2 5" t="1"/>
		<b id="5" c="5 6" t="ar"/>
		<b id="6" c="6 7" t="ar"/>
		<b id="7" c="7 8" t="ar"/>
		<b id="8" c="8 9" t="1"/>
		<b id="9" c="8 10" t="ar"/>
		<b id="10" c="10 11" t="ar"/>
		<b id="11" c="5 11" t="ar"/>
		<b id="12" c="1 12" t="1"/>
		<b id="13" c="1 13" t="1"/>
		<b id="14" c="1 14" t="1"/>
		<b id="15" c="3 15" t="1"/>
		<b id="16" c="3 16" t="1"/>
		<b id="17" c="3 17" t="1"/>
		<b id="18" c="4 18" t="1"/>
		<b id="19" c="4 19" t="1"/>
		<b id="20" c="6 20" t="1"/>
		<b id="21" c="7 21" t="1"/>
		<b id="22" c="10 22" t="1"/>
		<b id="23" c="11 23" t="1"/>
	</bonds>
	<geometry>
		<g u="A" t="cart/3d">#23,3:1.0207,0.0471,-0.1791;2.5447,-0.0695,-0.0320;3.2081,1.2157,-0.5548;2.8364,-0.2866,1.3843;2.9968,-1.3093,-0.7872;3.5309,-1.2616,-2.0682;3.8989,-2.4217,-2.7286;3.7230,-3.6360,-2.0953;4.0809,-4.7714,-2.7367;3.1901,-3.7181,-0.8224;2.8299,-2.5500,-0.1788;0.6623,0.9497,0.3114;0.5428,-0.8130,0.2807;0.7443,0.0843,-1.2295;2.9608,2.0444,0.1079;2.8529,1.4690,-1.5498;4.2911,1.1069,-0.5806;2.4926,0.4930,1.9344;3.8379,-0.3559,1.5296;3.6699,-0.3192,-2.5728;4.3175,-2.3898,-3.7223;3.0624,-4.6812,-0.3539;2.4198,-2.5850,0.8178;</g>
	</geometry>
	<conformers/>
	<properties/>
</molecule>
