<?xml version="1.0" ?>
<!--MOLLI PACKAGE EXPERIMENTAL XML FORMAT-->
<molecule name="nuc744">
	<atoms>
		<a id="1" s="C" t="C.3" l="C"/>
		<a id="2" s="C" t="C.3" l="C"/>
		<a id="3" s="C" t="C.3" l="C"/>
		<a id="4" s="C" t="C.3" l="C"/>
		<a id="5" s="O" t="O.3" l="O"/>
		<a id="6" s="C" t="C.2" l="C"/>
		<a id="7" s="O" t="O.2" l="O"/>
		<a id="8" s="N" t="N.am" l="N"/>
		<a id="9" s="C" t="C.3" l="C"/>
		<a id="10" s="C" t="C.3" l="C"/>
		<a id="11" s="C" t="C.3" l="C"/>
		<a id="12" s="N" t="N.pl3" l="N"/>
		<a id="13" s="C" t="C.ar" l="C"/>
		<a id="14" s="C" t="C.ar" l="C"/>
		<a id="15" s="C" t="C.ar" l="C"/>
		<a id="16" s="C" t="C.ar" l="C"/>
		<a id="17" s="N" t="N.pl3" l="N"/>
		<a id="18" s="C" t="C.ar" l="C"/>
		<a id="19" s="C" t="C.ar" l="C"/>
		<a id="20" s="C" t="C.3" l="C"/>
		<a id="21" s="C" t="C.3" l="C"/>
		<a id="22" s="H" t="H" l="H"/>
		<a id="23" s="H" t="H" l="H"/>
		<a id="24" s="H" t="H" l="H"/>
		<a id="25" s="H" t="H" l="H"/>
		<a id="26" s="H" t="H" l="H"/>
		<a id="27" s="H" t="H" l="H"/>
		<a id="28" s="H" t="H" l="H"/>
		<a id="29" s="H" t="H" l="H"/>
		<a id="30" s="H" t="H" l="H"/>
		<a id="31" s="H" t="H" l="H"/>
		<a id="32" s="H" t="H" l="H"/>
		<a id="33" s="H" t="H" l="H"/>
		<a id="34" s="H" t="H" l="H"/>
		<a id="35" s="H" t="H" l="H"/>
		<a id="36" s="H" t="H" l="H"/>
		<a id="37" s="H" t="H" l="H"/>
		<a id="38" s="H" t="H" l="H"/>
		<a id="39" s="H" t="H" l="H"/>
		<a id="40" s="H" t="H" l="H"/>
		<a id="41" s="H" t="H" l="H"/>
		<a id="42" s="H" t="H" l="H"/>
		<a id="43" s="H" t="H" l="H"/>
		<a id="44" s="H" t="H" l="H"/>
		<a id="45" s="H" t="H" l="H"/>
		<a id="46" s="H" t="H" l="H"/>
	</atoms>
	<bonds>
		<b id="1" c="1 2" t="1"/>
		<b id="2" c="2 3" t="1"/>
		<b id="3" c="2 4" t="1"/>
		<b id="4" c="2 5" t="1"/>
		<b id="5" c="5 6" t="1"/>
		<b id="6" c="6 7" t="2"/>
		<b id="7" c="6 8" t="am"/>
		<b id="8" c="8 9" t="1"/>
		<b id="9" c="9 10" t="1"/>
		<b id="10" c="10 11" t="1"/>
		<b id="11" c="11 12" t="1"/>
		<b id="12" c="12 13" t="1"/>
		<b id="13" c="13 14" t="ar"/>
		<b id="14" c="14 15" t="ar"/>
		<b id="15" c="15 16" t="ar"/>
		<b id="16" c="16 17" t="1"/>
		<b id="17" c="16 18" t="ar"/>
		<b id="18" c="18 19" t="ar"/>
		<b id="19" c="13 19" t="ar"/>
		<b id="20" c="11 20" t="1"/>
		<b id="21" c="20 21" t="1"/>
		<b id="22" c="8 21" t="1"/>
		<b id="23" c="1 22" t="1"/>
		<b id="24" c="1 23" t="1"/>
		<b id="25" c="1 24" t="1"/>
		<b id="26" c="3 25" t="1"/>
		<b id="27" c="3 26" t="1"/>
		<b id="28" c="3 27" t="1"/>
		<b id="29" c="4 28" t="1"/>
		<b id="30" c="4 29" t="1"/>
		<b id="31" c="4 30" t="1"/>
		<b id="32" c="9 31" t="1"/>
		<b id="33" c="9 32" t="1"/>
		<b id="34" c="10 33" t="1"/>
		<b id="35" c="10 34" t="1"/>
		<b id="36" c="11 35" t="1"/>
		<b id="37" c="12 36" t="1"/>
		<b id="38" c="14 37" t="1"/>
		<b id="39" c="15 38" t="1"/>
		<b id="40" c="17 39" t="1"/>
		<b id="41" c="17 40" t="1"/>
		<b id="42" c="18 41" t="1"/>
		<b id="43" c="19 42" t="1"/>
		<b id="44" c="20 43" t="1"/>
		<b id="45" c="20 44" t="1"/>
		<b id="46" c="21 45" t="1"/>
		<b id="47" c="21 46" t="1"/>
	</bonds>
	<geometry>
		<g u="A" t="cart/3d">#46,3:3.9926,-1.5259,-0.0326;2.9961,-0.3925,0.2109;2.6919,0.3584,-1.0851;1.7067,-0.9399,0.8264;3.5005,0.5182,1.2144;4.6426,1.1985,1.0008;5.3498,1.1025,0.0213;4.9092,2.0496,2.0206;6.1585,2.7738,2.0439;7.0463,2.2678,3.1830;6.3170,2.3250,4.5301;6.0893,3.6964,4.9266;6.0650,4.1201,6.2427;5.8664,3.2553,7.3180;5.7948,3.7399,8.6101;5.9086,5.1005,8.8774;5.7451,5.5922,10.1690;6.1130,5.9663,7.8047;6.1919,5.4841,6.5161;4.9805,1.5690,4.4110;4.1583,2.1305,3.2520;3.5638,-2.2494,-0.7204;4.2268,-2.0252,0.9055;4.9095,-1.1299,-0.4597;2.2330,-0.3171,-1.8015;3.6096,0.7559,-1.5093;2.0095,1.1825,-0.8873;1.2410,-1.6463,0.1460;1.0133,-0.1266,1.0240;1.9258,-1.4421,1.7651;5.9386,3.8401,2.1701;6.6486,2.6252,1.0803;7.9624,2.8602,3.2269;7.3227,1.2322,2.9785;6.9414,1.8236,5.2865;6.4235,4.3927,4.2794;5.7689,2.1933,7.1565;5.6414,3.0507,9.4288;5.9349,4.9289,10.9045;6.1563,6.4980,10.3343;6.2116,7.0268,7.9891;6.3549,6.1730,5.6983;4.4128,1.6753,5.3348;5.1800,0.5097,4.2405;3.9337,3.1844,3.4514;3.2256,1.5814,3.1370;</g>
	</geometry>
	<conformers/>
	<properties/>
</molecule>
