<?xml version="1.0" ?>
<!--MOLLI PACKAGE EXPERIMENTAL XML FORMAT-->
<molecule name="nuc746">
	<atoms>
		<a id="1" s="C" t="C.2" l="C"/>
		<a id="2" s="C" t="C.2" l="C"/>
		<a id="3" s="C" t="C.3" l="C"/>
		<a id="4" s="O" t="O.3" l="O"/>
		<a id="5" s="C" t="C.3" l="C"/>
		<a id="6" s="C" t="C.ar" l="C"/>
		<a id="7" s="C" t="C.ar" l="C"/>
		<a id="8" s="C" t="C.ar" l="C"/>
		<a id="9" s="N" t="N.pl3" l="N"/>
		<a id="10" s="C" t="C.ar" l="C"/>
		<a id="11" s="C" t="C.ar" l="C"/>
		<a id="12" s="C" t="C.ar" l="C"/>
		<a id="13" s="C" t="C.2" l="C"/>
		<a id="14" s="O" t="O.2" l="O"/>
		<a id="15" s="N" t="N.am" l="N"/>
		<a id="16" s="C" t="C.3" l="C"/>
		<a id="17" s="C" t="C.3" l="C"/>
		<a id="18" s="N" t="N.3" l="N"/>
		<a id="19" s="C" t="C.3" l="C"/>
		<a id="20" s="C" t="C.3" l="C"/>
		<a id="21" s="O" t="O.3" l="O"/>
		<a id="22" s="C" t="C.3" l="C"/>
		<a id="23" s="C" t="C.3" l="C"/>
		<a id="24" s="H" t="H" l="H"/>
		<a id="25" s="H" t="H" l="H"/>
		<a id="26" s="H" t="H" l="H"/>
		<a id="27" s="H" t="H" l="H"/>
		<a id="28" s="H" t="H" l="H"/>
		<a id="29" s="H" t="H" l="H"/>
		<a id="30" s="H" t="H" l="H"/>
		<a id="31" s="H" t="H" l="H"/>
		<a id="32" s="H" t="H" l="H"/>
		<a id="33" s="H" t="H" l="H"/>
		<a id="34" s="H" t="H" l="H"/>
		<a id="35" s="H" t="H" l="H"/>
		<a id="36" s="H" t="H" l="H"/>
		<a id="37" s="H" t="H" l="H"/>
		<a id="38" s="H" t="H" l="H"/>
		<a id="39" s="H" t="H" l="H"/>
		<a id="40" s="H" t="H" l="H"/>
		<a id="41" s="H" t="H" l="H"/>
		<a id="42" s="H" t="H" l="H"/>
		<a id="43" s="H" t="H" l="H"/>
		<a id="44" s="H" t="H" l="H"/>
		<a id="45" s="H" t="H" l="H"/>
		<a id="46" s="H" t="H" l="H"/>
		<a id="47" s="H" t="H" l="H"/>
		<a id="48" s="H" t="H" l="H"/>
	</atoms>
	<bonds>
		<b id="1" c="1 2" t="2"/>
		<b id="2" c="2 3" t="1"/>
		<b id="3" c="3 4" t="1"/>
		<b id="4" c="4 5" t="1"/>
		<b id="5" c="5 6" t="1"/>
		<b id="6" c="6 7" t="ar"/>
		<b id="7" c="7 8" t="ar"/>
		<b id="8" c="8 9" t="1"/>
		<b id="9" c="8 10" t="ar"/>
		<b id="10" c="10 11" t="ar"/>
		<b id="11" c="11 12" t="ar"/>
		<b id="12" c="6 12" t="ar"/>
		<b id="13" c="12 13" t="1"/>
		<b id="14" c="13 14" t="2"/>
		<b id="15" c="13 15" t="am"/>
		<b id="16" c="15 16" t="1"/>
		<b id="17" c="16 17" t="1"/>
		<b id="18" c="17 18" t="1"/>
		<b id="19" c="18 19" t="1"/>
		<b id="20" c="19 20" t="1"/>
		<b id="21" c="20 21" t="1"/>
		<b id="22" c="21 22" t="1"/>
		<b id="23" c="22 23" t="1"/>
		<b id="24" c="18 23" t="1"/>
		<b id="25" c="1 24" t="1"/>
		<b id="26" c="1 25" t="1"/>
		<b id="27" c="2 26" t="1"/>
		<b id="28" c="3 27" t="1"/>
		<b id="29" c="3 28" t="1"/>
		<b id="30" c="5 29" t="1"/>
		<b id="31" c="5 30" t="1"/>
		<b id="32" c="7 31" t="1"/>
		<b id="33" c="9 32" t="1"/>
		<b id="34" c="9 33" t="1"/>
		<b id="35" c="10 34" t="1"/>
		<b id="36" c="11 35" t="1"/>
		<b id="37" c="15 36" t="1"/>
		<b id="38" c="16 37" t="1"/>
		<b id="39" c="16 38" t="1"/>
		<b id="40" c="17 39" t="1"/>
		<b id="41" c="17 40" t="1"/>
		<b id="42" c="19 41" t="1"/>
		<b id="43" c="19 42" t="1"/>
		<b id="44" c="20 43" t="1"/>
		<b id="45" c="20 44" t="1"/>
		<b id="46" c="22 45" t="1"/>
		<b id="47" c="22 46" t="1"/>
		<b id="48" c="23 47" t="1"/>
		<b id="49" c="23 48" t="1"/>
	</bonds>
	<geometry>
		<g u="A" t="cart/3d">#48,3:3.1963,-0.3761,1.6188;3.9964,-0.8025,0.6609;4.7416,0.0859,-0.2842;4.7426,-0.5133,-1.5607;5.4840,0.2050,-2.5240;6.9571,0.2417,-2.2013;7.6293,1.4388,-2.0379;8.9818,1.4670,-1.6912;9.6607,2.6604,-1.6197;9.6422,0.2568,-1.4728;8.9693,-0.9391,-1.6174;7.6307,-0.9633,-1.9895;6.9382,-2.2694,-2.2122;6.4918,-2.6171,-3.2860;6.8869,-3.0470,-1.1027;6.3471,-4.3837,-1.1240;7.4813,-5.4285,-1.0098;7.1518,-6.8195,-1.1646;6.8094,-7.2981,-2.4904;5.2993,-7.3241,-2.7671;4.6069,-8.0311,-1.7586;4.8313,-7.4485,-0.4940;6.3280,-7.4441,-0.1492;2.6938,-1.0562,2.2846;3.0153,0.6738,1.7824;4.1637,-1.8566,0.4927;5.7799,0.2107,0.0750;4.2822,1.0865,-0.3285;5.0912,1.2286,-2.6229;5.3235,-0.3373,-3.4593;7.1055,2.3727,-2.1894;9.1113,3.4987,-1.5341;10.5363,2.6634,-1.1244;10.6862,0.2642,-1.1947;9.4951,-1.8701,-1.4577;7.2993,-2.7112,-0.2472;5.8333,-4.4827,-2.0822;5.6292,-4.5023,-0.3063;7.9565,-5.3178,-0.0276;8.2297,-5.1883,-1.7718;7.1853,-8.3263,-2.5660;7.3120,-6.6843,-3.2378;5.0946,-7.8530,-3.6997;4.8999,-6.3020,-2.8420;4.2770,-8.0581,0.2226;4.4270,-6.4247,-0.4830;6.6558,-8.4878,-0.0648;6.4925,-6.9484,0.8086;</g>
	</geometry>
	<conformers/>
	<properties/>
</molecule>
