<?xml version="1.0" ?>
<!--MOLLI PACKAGE EXPERIMENTAL XML FORMAT-->
<molecule name="nuc747">
	<atoms>
		<a id="1" s="C" t="C.3" l="C"/>
		<a id="2" s="O" t="O.3" l="O"/>
		<a id="3" s="C" t="C.2" l="C"/>
		<a id="4" s="O" t="O.2" l="O"/>
		<a id="5" s="C" t="C.ar" l="C"/>
		<a id="6" s="C" t="C.ar" l="C"/>
		<a id="7" s="C" t="C.ar" l="C"/>
		<a id="8" s="C" t="C.ar" l="C"/>
		<a id="9" s="N" t="N.pl3" l="N"/>
		<a id="10" s="C" t="C.ar" l="C"/>
		<a id="11" s="C" t="C.ar" l="C"/>
		<a id="12" s="O" t="O.3" l="O"/>
		<a id="13" s="C" t="C.3" l="C"/>
		<a id="14" s="H" t="H" l="H"/>
		<a id="15" s="H" t="H" l="H"/>
		<a id="16" s="H" t="H" l="H"/>
		<a id="17" s="H" t="H" l="H"/>
		<a id="18" s="H" t="H" l="H"/>
		<a id="19" s="H" t="H" l="H"/>
		<a id="20" s="H" t="H" l="H"/>
		<a id="21" s="H" t="H" l="H"/>
		<a id="22" s="H" t="H" l="H"/>
		<a id="23" s="H" t="H" l="H"/>
		<a id="24" s="H" t="H" l="H"/>
	</atoms>
	<bonds>
		<b id="1" c="1 2" t="1"/>
		<b id="2" c="2 3" t="1"/>
		<b id="3" c="3 4" t="2"/>
		<b id="4" c="3 5" t="1"/>
		<b id="5" c="5 6" t="ar"/>
		<b id="6" c="6 7" t="ar"/>
		<b id="7" c="7 8" t="ar"/>
		<b id="8" c="8 9" t="1"/>
		<b id="9" c="8 10" t="ar"/>
		<b id="10" c="10 11" t="ar"/>
		<b id="11" c="5 11" t="ar"/>
		<b id="12" c="11 12" t="1"/>
		<b id="13" c="12 13" t="1"/>
		<b id="14" c="1 14" t="1"/>
		<b id="15" c="1 15" t="1"/>
		<b id="16" c="1 16" t="1"/>
		<b id="17" c="6 17" t="1"/>
		<b id="18" c="7 18" t="1"/>
		<b id="19" c="9 19" t="1"/>
		<b id="20" c="9 20" t="1"/>
		<b id="21" c="10 21" t="1"/>
		<b id="22" c="13 22" t="1"/>
		<b id="23" c="13 23" t="1"/>
		<b id="24" c="13 24" t="1"/>
	</bonds>
	<geometry>
		<g u="A" t="cart/3d">#24,3:1.2047,-0.6950,-0.5720;2.5715,-0.4035,-0.3348;3.0509,0.7149,-0.9177;2.3561,1.4377,-1.5946;4.5014,0.8601,-0.6930;5.2642,-0.3110,-0.8078;6.6347,-0.3006,-0.7975;7.3193,0.9141,-0.6599;8.6899,0.9437,-0.6005;6.5771,2.0748,-0.4968;5.1824,2.0745,-0.4974;4.6519,3.2941,-0.2477;3.3037,3.4538,0.1270;1.0594,-1.7367,-0.2970;0.9588,-0.5333,-1.6234;0.5689,-0.0512,0.0402;4.7398,-1.2447,-0.9391;7.1907,-1.2196,-0.9049;9.1830,0.1463,-0.9651;9.1357,1.8341,-0.7439;7.0730,3.0219,-0.3491;3.2435,4.4453,0.5761;3.0044,2.7004,0.8625;2.6333,3.3968,-0.7339;</g>
	</geometry>
	<conformers/>
	<properties/>
</molecule>
