<?xml version="1.0" ?>
<!--MOLLI PACKAGE EXPERIMENTAL XML FORMAT-->
<molecule name="nuc751">
	<atoms>
		<a id="1" s="N" t="N.3" l="N"/>
		<a id="2" s="C" t="C.3" l="C"/>
		<a id="3" s="C" t="C.3" l="C"/>
		<a id="4" s="C" t="C.3" l="C"/>
		<a id="5" s="C" t="C.3" l="C"/>
		<a id="6" s="C" t="C.3" l="C"/>
		<a id="7" s="N" t="N.3" l="N"/>
		<a id="8" s="H" t="H" l="H"/>
		<a id="9" s="H" t="H" l="H"/>
		<a id="10" s="H" t="H" l="H"/>
		<a id="11" s="H" t="H" l="H"/>
		<a id="12" s="H" t="H" l="H"/>
		<a id="13" s="H" t="H" l="H"/>
		<a id="14" s="H" t="H" l="H"/>
		<a id="15" s="H" t="H" l="H"/>
		<a id="16" s="H" t="H" l="H"/>
		<a id="17" s="H" t="H" l="H"/>
		<a id="18" s="H" t="H" l="H"/>
		<a id="19" s="H" t="H" l="H"/>
	</atoms>
	<bonds>
		<b id="1" c="1 2" t="1"/>
		<b id="2" c="3 4" t="1"/>
		<b id="3" c="4 5" t="1"/>
		<b id="4" c="5 6" t="1"/>
		<b id="5" c="6 7" t="1"/>
		<b id="6" c="3 7" t="1"/>
		<b id="7" c="3 2" t="1"/>
		<b id="8" c="1 8" t="1"/>
		<b id="9" c="1 9" t="1"/>
		<b id="10" c="2 10" t="1"/>
		<b id="11" c="2 11" t="1"/>
		<b id="12" c="3 12" t="1"/>
		<b id="13" c="4 13" t="1"/>
		<b id="14" c="4 14" t="1"/>
		<b id="15" c="5 15" t="1"/>
		<b id="16" c="5 16" t="1"/>
		<b id="17" c="6 17" t="1"/>
		<b id="18" c="6 18" t="1"/>
		<b id="19" c="7 19" t="1"/>
	</bonds>
	<geometry>
		<g u="A" t="cart/3d">#19,3:4.2549,-0.8575,1.5153;4.2921,0.5564,1.1820;2.8666,1.0776,0.9214;1.9833,0.9454,2.1607;2.3024,2.2131,2.9543;2.6767,3.2443,1.8785;2.8035,2.4977,0.6281;5.1933,-1.2125,1.6633;3.8413,-1.3831,0.7516;4.9123,0.7796,0.2938;4.7265,1.0862,2.0344;2.4514,0.5243,0.0691;2.2083,0.0340,2.7086;0.9361,0.9415,1.8609;3.1449,2.0370,3.6233;1.4576,2.5419,3.5560;3.5952,3.7800,2.1482;1.8837,3.9890,1.7482;3.5873,2.8105,0.0676;</g>
	</geometry>
	<conformers/>
	<properties/>
</molecule>
