<?xml version="1.0" ?>
<!--MOLLI PACKAGE EXPERIMENTAL XML FORMAT-->
<molecule name="nuc756">
	<atoms>
		<a id="1" s="C" t="C.3" l="C"/>
		<a id="2" s="O" t="O.3" l="O"/>
		<a id="3" s="C" t="C.ar" l="C"/>
		<a id="4" s="C" t="C.ar" l="C"/>
		<a id="5" s="C" t="C.ar" l="C"/>
		<a id="6" s="C" t="C.ar" l="C"/>
		<a id="7" s="C" t="C.ar" l="C"/>
		<a id="8" s="C" t="C.ar" l="C"/>
		<a id="9" s="N" t="N.ar" l="N"/>
		<a id="10" s="C" t="C.ar" l="C"/>
		<a id="11" s="N" t="N.ar" l="N"/>
		<a id="12" s="C" t="C.ar" l="C"/>
		<a id="13" s="N" t="N.pl3" l="N"/>
		<a id="14" s="N" t="N.ar" l="N"/>
		<a id="15" s="N" t="N.ar" l="N"/>
		<a id="16" s="C" t="C.ar" l="C"/>
		<a id="17" s="C" t="C.ar" l="C"/>
		<a id="18" s="O" t="O.3" l="O"/>
		<a id="19" s="C" t="C.3" l="C"/>
		<a id="20" s="C" t="C.ar" l="C"/>
		<a id="21" s="O" t="O.3" l="O"/>
		<a id="22" s="C" t="C.3" l="C"/>
		<a id="23" s="H" t="H" l="H"/>
		<a id="24" s="H" t="H" l="H"/>
		<a id="25" s="H" t="H" l="H"/>
		<a id="26" s="H" t="H" l="H"/>
		<a id="27" s="H" t="H" l="H"/>
		<a id="28" s="H" t="H" l="H"/>
		<a id="29" s="H" t="H" l="H"/>
		<a id="30" s="H" t="H" l="H"/>
		<a id="31" s="H" t="H" l="H"/>
		<a id="32" s="H" t="H" l="H"/>
		<a id="33" s="H" t="H" l="H"/>
		<a id="34" s="H" t="H" l="H"/>
		<a id="35" s="H" t="H" l="H"/>
		<a id="36" s="H" t="H" l="H"/>
		<a id="37" s="H" t="H" l="H"/>
	</atoms>
	<bonds>
		<b id="1" c="1 2" t="1"/>
		<b id="2" c="2 3" t="1"/>
		<b id="3" c="3 4" t="ar"/>
		<b id="4" c="4 5" t="ar"/>
		<b id="5" c="5 6" t="1"/>
		<b id="6" c="6 7" t="ar"/>
		<b id="7" c="7 8" t="ar"/>
		<b id="8" c="8 9" t="ar"/>
		<b id="9" c="9 10" t="ar"/>
		<b id="10" c="10 11" t="ar"/>
		<b id="11" c="11 12" t="ar"/>
		<b id="12" c="12 13" t="1"/>
		<b id="13" c="12 14" t="ar"/>
		<b id="14" c="14 15" t="ar"/>
		<b id="15" c="6 15" t="ar"/>
		<b id="16" c="10 15" t="ar"/>
		<b id="17" c="5 16" t="ar"/>
		<b id="18" c="16 17" t="ar"/>
		<b id="19" c="17 18" t="1"/>
		<b id="20" c="18 19" t="1"/>
		<b id="21" c="17 20" t="ar"/>
		<b id="22" c="3 20" t="ar"/>
		<b id="23" c="20 21" t="1"/>
		<b id="24" c="21 22" t="1"/>
		<b id="25" c="1 23" t="1"/>
		<b id="26" c="1 24" t="1"/>
		<b id="27" c="1 25" t="1"/>
		<b id="28" c="4 26" t="1"/>
		<b id="29" c="7 27" t="1"/>
		<b id="30" c="8 28" t="1"/>
		<b id="31" c="13 29" t="1"/>
		<b id="32" c="13 30" t="1"/>
		<b id="33" c="16 31" t="1"/>
		<b id="34" c="19 32" t="1"/>
		<b id="35" c="19 33" t="1"/>
		<b id="36" c="19 34" t="1"/>
		<b id="37" c="22 35" t="1"/>
		<b id="38" c="22 36" t="1"/>
		<b id="39" c="22 37" t="1"/>
	</bonds>
	<geometry>
		<g u="A" t="cart/3d">#37,3:0.7406,-0.6634,0.0968;2.0515,-0.5535,0.5943;2.9635,-1.5219,0.2609;2.6421,-2.6112,-0.5397;3.6103,-3.5304,-0.9166;3.2650,-4.6578,-1.7811;4.0504,-5.0867,-2.8396;3.6373,-6.1779,-3.6048;2.5413,-6.8650,-3.3740;1.7972,-6.4752,-2.3580;0.6809,-6.9942,-1.8887;0.3688,-6.2080,-0.8426;-0.6851,-6.4676,-0.0410;1.2104,-5.1948,-0.6220;2.1347,-5.3534,-1.5703;4.9224,-3.3786,-0.4754;5.2463,-2.3348,0.3721;6.4796,-2.1272,0.9078;7.4867,-3.0737,0.6505;4.2718,-1.3850,0.7503;4.7485,-0.4028,1.5602;3.8738,0.3915,2.3292;0.2116,0.2057,0.4858;0.2484,-1.5752,0.4484;0.7223,-0.6363,-0.9975;1.6363,-2.7494,-0.8955;4.9589,-4.5589,-3.0747;4.2263,-6.5148,-4.4466;-1.3692,-7.1091,-0.4007;-0.9865,-5.7377,0.5791;5.6611,-4.1076,-0.7641;8.3541,-2.7380,1.2163;7.7442,-3.1135,-0.4132;7.1976,-4.0734,0.9918;4.5184,0.9266,3.0266;3.1613,-0.2190,2.8885;3.3274,1.1090,1.7137;</g>
	</geometry>
	<conformers/>
	<properties/>
</molecule>
