<?xml version="1.0" ?>
<!--MOLLI PACKAGE EXPERIMENTAL XML FORMAT-->
<molecule name="nuc758">
	<atoms>
		<a id="1" s="C" t="C.3" l="C"/>
		<a id="2" s="C" t="C.2" l="C"/>
		<a id="3" s="O" t="O.2" l="O"/>
		<a id="4" s="N" t="N.am" l="N"/>
		<a id="5" s="C" t="C.3" l="C"/>
		<a id="6" s="C" t="C.3" l="C"/>
		<a id="7" s="N" t="N.am" l="N"/>
		<a id="8" s="C" t="C.2" l="C"/>
		<a id="9" s="O" t="O.2" l="O"/>
		<a id="10" s="C" t="C.ar" l="C"/>
		<a id="11" s="C" t="C.ar" l="C"/>
		<a id="12" s="C" t="C.ar" l="C"/>
		<a id="13" s="C" t="C.ar" l="C"/>
		<a id="14" s="N" t="N.pl3" l="N"/>
		<a id="15" s="N" t="N.ar" l="N"/>
		<a id="16" s="C" t="C.ar" l="C"/>
		<a id="17" s="C" t="C.3" l="C"/>
		<a id="18" s="C" t="C.3" l="C"/>
		<a id="19" s="H" t="H" l="H"/>
		<a id="20" s="H" t="H" l="H"/>
		<a id="21" s="H" t="H" l="H"/>
		<a id="22" s="H" t="H" l="H"/>
		<a id="23" s="H" t="H" l="H"/>
		<a id="24" s="H" t="H" l="H"/>
		<a id="25" s="H" t="H" l="H"/>
		<a id="26" s="H" t="H" l="H"/>
		<a id="27" s="H" t="H" l="H"/>
		<a id="28" s="H" t="H" l="H"/>
		<a id="29" s="H" t="H" l="H"/>
		<a id="30" s="H" t="H" l="H"/>
		<a id="31" s="H" t="H" l="H"/>
		<a id="32" s="H" t="H" l="H"/>
		<a id="33" s="H" t="H" l="H"/>
		<a id="34" s="H" t="H" l="H"/>
	</atoms>
	<bonds>
		<b id="1" c="1 2" t="1"/>
		<b id="2" c="2 3" t="2"/>
		<b id="3" c="2 4" t="am"/>
		<b id="4" c="4 5" t="1"/>
		<b id="5" c="5 6" t="1"/>
		<b id="6" c="6 7" t="1"/>
		<b id="7" c="7 8" t="am"/>
		<b id="8" c="8 9" t="2"/>
		<b id="9" c="8 10" t="1"/>
		<b id="10" c="10 11" t="ar"/>
		<b id="11" c="11 12" t="ar"/>
		<b id="12" c="12 13" t="ar"/>
		<b id="13" c="13 14" t="1"/>
		<b id="14" c="13 15" t="ar"/>
		<b id="15" c="15 16" t="ar"/>
		<b id="16" c="10 16" t="ar"/>
		<b id="17" c="7 17" t="1"/>
		<b id="18" c="17 18" t="1"/>
		<b id="19" c="4 18" t="1"/>
		<b id="20" c="1 19" t="1"/>
		<b id="21" c="1 20" t="1"/>
		<b id="22" c="1 21" t="1"/>
		<b id="23" c="5 22" t="1"/>
		<b id="24" c="5 23" t="1"/>
		<b id="25" c="6 24" t="1"/>
		<b id="26" c="6 25" t="1"/>
		<b id="27" c="11 26" t="1"/>
		<b id="28" c="12 27" t="1"/>
		<b id="29" c="14 28" t="1"/>
		<b id="30" c="14 29" t="1"/>
		<b id="31" c="16 30" t="1"/>
		<b id="32" c="17 31" t="1"/>
		<b id="33" c="17 32" t="1"/>
		<b id="34" c="18 33" t="1"/>
		<b id="35" c="18 34" t="1"/>
	</bonds>
	<geometry>
		<g u="A" t="cart/3d">#34,3:1.4442,0.7374,0.3439;2.6617,0.0919,-0.2850;3.0433,-1.0137,0.0437;3.3264,0.8210,-1.2183;2.9203,2.0793,-1.7916;2.5635,1.8865,-3.2777;3.6807,1.2973,-3.9731;4.4759,1.9281,-4.8792;5.5532,1.4723,-5.2192;3.9444,3.1817,-5.4805;4.7520,4.3212,-5.5417;4.2831,5.4514,-6.1680;3.0041,5.4141,-6.7469;2.4465,6.5183,-7.3176;2.2495,4.3155,-6.7284;2.7102,3.2407,-6.1180;4.1227,0.0467,-3.3875;4.4619,0.2409,-1.9088;1.0629,0.0574,1.1008;0.6669,0.9073,-0.3979;1.7058,1.6811,0.8168;3.7597,2.7831,-1.7202;2.0688,2.4987,-1.2608;2.3064,2.8489,-3.7196;1.7007,1.2137,-3.3567;5.7356,4.2984,-5.0960;4.8773,6.3503,-6.2266;3.0485,7.2689,-7.6084;1.6123,6.3598,-7.8572;2.0620,2.3745,-6.1597;5.0008,-0.2884,-3.9409;3.3196,-0.6917,-3.4870;5.3215,0.9128,-1.8116;4.6896,-0.7154,-1.4370;</g>
	</geometry>
	<conformers/>
	<properties/>
</molecule>
