<?xml version="1.0" ?>
<!--MOLLI PACKAGE EXPERIMENTAL XML FORMAT-->
<molecule name="nuc762">
	<atoms>
		<a id="1" s="C" t="C.3" l="C"/>
		<a id="2" s="C" t="C.3" l="C"/>
		<a id="3" s="C" t="C.3" l="C"/>
		<a id="4" s="C" t="C.3" l="C"/>
		<a id="5" s="O" t="O.3" l="O"/>
		<a id="6" s="C" t="C.2" l="C"/>
		<a id="7" s="O" t="O.2" l="O"/>
		<a id="8" s="N" t="N.am" l="N"/>
		<a id="9" s="C" t="C.3" l="C"/>
		<a id="10" s="C" t="C.3" l="C"/>
		<a id="11" s="C" t="C.3" l="C"/>
		<a id="12" s="N" t="N.3" l="N"/>
		<a id="13" s="C" t="C.3" l="C"/>
		<a id="14" s="H" t="H" l="H"/>
		<a id="15" s="H" t="H" l="H"/>
		<a id="16" s="H" t="H" l="H"/>
		<a id="17" s="H" t="H" l="H"/>
		<a id="18" s="H" t="H" l="H"/>
		<a id="19" s="H" t="H" l="H"/>
		<a id="20" s="H" t="H" l="H"/>
		<a id="21" s="H" t="H" l="H"/>
		<a id="22" s="H" t="H" l="H"/>
		<a id="23" s="H" t="H" l="H"/>
		<a id="24" s="H" t="H" l="H"/>
		<a id="25" s="H" t="H" l="H"/>
		<a id="26" s="H" t="H" l="H"/>
		<a id="27" s="H" t="H" l="H"/>
		<a id="28" s="H" t="H" l="H"/>
		<a id="29" s="H" t="H" l="H"/>
		<a id="30" s="H" t="H" l="H"/>
		<a id="31" s="H" t="H" l="H"/>
	</atoms>
	<bonds>
		<b id="1" c="1 2" t="1"/>
		<b id="2" c="2 3" t="1"/>
		<b id="3" c="2 4" t="1"/>
		<b id="4" c="2 5" t="1"/>
		<b id="5" c="5 6" t="1"/>
		<b id="6" c="6 7" t="2"/>
		<b id="7" c="6 8" t="am"/>
		<b id="8" c="8 9" t="1"/>
		<b id="9" c="9 10" t="1"/>
		<b id="10" c="10 11" t="1"/>
		<b id="11" c="11 12" t="1"/>
		<b id="12" c="11 13" t="1"/>
		<b id="13" c="8 13" t="1"/>
		<b id="14" c="1 14" t="1"/>
		<b id="15" c="1 15" t="1"/>
		<b id="16" c="1 16" t="1"/>
		<b id="17" c="3 17" t="1"/>
		<b id="18" c="3 18" t="1"/>
		<b id="19" c="3 19" t="1"/>
		<b id="20" c="4 20" t="1"/>
		<b id="21" c="4 21" t="1"/>
		<b id="22" c="4 22" t="1"/>
		<b id="23" c="9 23" t="1"/>
		<b id="24" c="9 24" t="1"/>
		<b id="25" c="10 25" t="1"/>
		<b id="26" c="10 26" t="1"/>
		<b id="27" c="11 27" t="1"/>
		<b id="28" c="12 28" t="1"/>
		<b id="29" c="12 29" t="1"/>
		<b id="30" c="13 30" t="1"/>
		<b id="31" c="13 31" t="1"/>
	</bonds>
	<geometry>
		<g u="A" t="cart/3d">#31,3:3.5507,-1.4048,0.4965;2.7895,-0.1006,0.2576;2.8041,0.2790,-1.2228;1.3507,-0.2222,0.7636;3.3542,0.9631,1.0579;4.6357,1.3431,0.8700;5.4144,0.8775,0.0690;4.9494,2.3499,1.7118;4.0738,2.8538,2.7522;4.9462,3.8379,3.5337;6.3889,3.3553,3.2651;6.8416,2.2684,4.1082;6.2953,2.8770,1.8150;3.0660,-2.2164,-0.0387;3.5641,-1.6405,1.5589;4.5739,-1.3081,0.1444;2.3002,-0.4889,-1.8033;3.8282,0.3746,-1.5725;2.2917,1.2277,-1.3698;0.8318,-1.0063,0.2204;0.8247,0.7180,0.6203;1.3464,-0.4616,1.8238;3.7231,2.0267,3.3804;3.1934,3.3323,2.3142;4.7067,3.8442,4.5965;4.8224,4.8480,3.1446;7.1080,4.1717,3.3750;6.2452,1.4571,3.9892;6.8275,2.5354,5.0857;7.0216,2.0966,1.5857;6.4340,3.7079,1.1148;</g>
	</geometry>
	<conformers/>
	<properties/>
</molecule>
