<?xml version="1.0" ?>
<!--MOLLI PACKAGE EXPERIMENTAL XML FORMAT-->
<molecule name="nuc763">
	<atoms>
		<a id="1" s="N" t="N.pl3" l="N"/>
		<a id="2" s="C" t="C.ar" l="C"/>
		<a id="3" s="C" t="C.ar" l="C"/>
		<a id="4" s="C" t="C.ar" l="C"/>
		<a id="5" s="C" t="C.ar" l="C"/>
		<a id="6" s="O" t="O.3" l="O"/>
		<a id="7" s="S" t="S.O2" l="S"/>
		<a id="8" s="O" t="O.2" l="O"/>
		<a id="9" s="O" t="O.2" l="O"/>
		<a id="10" s="C" t="C.3" l="C"/>
		<a id="11" s="F" t="F" l="F"/>
		<a id="12" s="F" t="F" l="F"/>
		<a id="13" s="F" t="F" l="F"/>
		<a id="14" s="C" t="C.ar" l="C"/>
		<a id="15" s="C" t="C.ar" l="C"/>
		<a id="16" s="H" t="H" l="H"/>
		<a id="17" s="H" t="H" l="H"/>
		<a id="18" s="H" t="H" l="H"/>
		<a id="19" s="H" t="H" l="H"/>
		<a id="20" s="H" t="H" l="H"/>
		<a id="21" s="H" t="H" l="H"/>
	</atoms>
	<bonds>
		<b id="1" c="1 2" t="1"/>
		<b id="2" c="2 3" t="ar"/>
		<b id="3" c="3 4" t="ar"/>
		<b id="4" c="4 5" t="ar"/>
		<b id="5" c="5 6" t="1"/>
		<b id="6" c="6 7" t="1"/>
		<b id="7" c="7 8" t="2"/>
		<b id="8" c="7 9" t="2"/>
		<b id="9" c="7 10" t="1"/>
		<b id="10" c="10 11" t="1"/>
		<b id="11" c="10 12" t="1"/>
		<b id="12" c="10 13" t="1"/>
		<b id="13" c="5 14" t="ar"/>
		<b id="14" c="14 15" t="ar"/>
		<b id="15" c="2 15" t="ar"/>
		<b id="16" c="1 16" t="1"/>
		<b id="17" c="1 17" t="1"/>
		<b id="18" c="3 18" t="1"/>
		<b id="19" c="4 19" t="1"/>
		<b id="20" c="14 20" t="1"/>
		<b id="21" c="15 21" t="1"/>
	</bonds>
	<geometry>
		<g u="A" t="cart/3d">#21,3:2.2646,-0.0900,-0.1378;0.8966,-0.0161,-0.0708;0.2544,1.2184,0.0635;-1.1239,1.3018,0.0692;-1.8778,0.1482,-0.0627;-3.2809,0.1952,-0.0387;-4.0174,1.4762,-0.5896;-4.2603,2.4366,0.4265;-3.4888,1.8955,-1.8379;-5.6295,0.5716,-0.9032;-6.0800,0.0293,0.2203;-6.5509,1.4052,-1.3718;-5.4398,-0.3944,-1.7939;-1.2652,-1.0871,-0.2054;0.1126,-1.1665,-0.2008;2.7886,0.7026,0.1916;2.6896,-0.9892,0.0118;0.8457,2.1160,0.1623;-1.6249,2.2511,0.1774;-1.8717,-1.9722,-0.3074;0.5939,-2.1271,-0.3065;</g>
	</geometry>
	<conformers/>
	<properties/>
</molecule>
