<?xml version="1.0" ?>
<!--MOLLI PACKAGE EXPERIMENTAL XML FORMAT-->
<molecule name="nuc764">
	<atoms>
		<a id="1" s="C" t="C.3" l="C"/>
		<a id="2" s="O" t="O.3" l="O"/>
		<a id="3" s="C" t="C.2" l="C"/>
		<a id="4" s="O" t="O.2" l="O"/>
		<a id="5" s="C" t="C.ar" l="C"/>
		<a id="6" s="C" t="C.ar" l="C"/>
		<a id="7" s="N" t="N.ar" l="N"/>
		<a id="8" s="C" t="C.ar" l="C"/>
		<a id="9" s="N" t="N.ar" l="N"/>
		<a id="10" s="C" t="C.ar" l="C"/>
		<a id="11" s="C" t="C.ar" l="C"/>
		<a id="12" s="C" t="C.ar" l="C"/>
		<a id="13" s="C" t="C.2" l="C"/>
		<a id="14" s="N" t="N.am" l="N"/>
		<a id="15" s="O" t="O.2" l="O"/>
		<a id="16" s="C" t="C.ar" l="C"/>
		<a id="17" s="F" t="F" l="F"/>
		<a id="18" s="C" t="C.ar" l="C"/>
		<a id="19" s="C" t="C.ar" l="C"/>
		<a id="20" s="F" t="F" l="F"/>
		<a id="21" s="H" t="H" l="H"/>
		<a id="22" s="H" t="H" l="H"/>
		<a id="23" s="H" t="H" l="H"/>
		<a id="24" s="H" t="H" l="H"/>
		<a id="25" s="H" t="H" l="H"/>
		<a id="26" s="H" t="H" l="H"/>
		<a id="27" s="H" t="H" l="H"/>
		<a id="28" s="H" t="H" l="H"/>
		<a id="29" s="H" t="H" l="H"/>
	</atoms>
	<bonds>
		<b id="1" c="1 2" t="1"/>
		<b id="2" c="2 3" t="1"/>
		<b id="3" c="3 4" t="2"/>
		<b id="4" c="3 5" t="1"/>
		<b id="5" c="5 6" t="ar"/>
		<b id="6" c="6 7" t="ar"/>
		<b id="7" c="7 8" t="ar"/>
		<b id="8" c="8 9" t="ar"/>
		<b id="9" c="5 9" t="ar"/>
		<b id="10" c="9 10" t="1"/>
		<b id="11" c="10 11" t="ar"/>
		<b id="12" c="11 12" t="ar"/>
		<b id="13" c="12 13" t="1"/>
		<b id="14" c="13 14" t="am"/>
		<b id="15" c="13 15" t="2"/>
		<b id="16" c="12 16" t="ar"/>
		<b id="17" c="16 17" t="1"/>
		<b id="18" c="16 18" t="ar"/>
		<b id="19" c="18 19" t="ar"/>
		<b id="20" c="10 19" t="ar"/>
		<b id="21" c="19 20" t="1"/>
		<b id="22" c="1 21" t="1"/>
		<b id="23" c="1 22" t="1"/>
		<b id="24" c="1 23" t="1"/>
		<b id="25" c="6 24" t="1"/>
		<b id="26" c="8 25" t="1"/>
		<b id="27" c="11 26" t="1"/>
		<b id="28" c="14 27" t="1"/>
		<b id="29" c="14 28" t="1"/>
		<b id="30" c="18 29" t="1"/>
	</bonds>
	<geometry>
		<g u="A" t="cart/3d">#29,3:1.5180,-0.0278,-1.2941;2.8758,-0.0241,-0.8779;3.2247,-0.9838,-0.0100;2.4607,-1.8233,0.4092;4.6270,-0.8533,0.3722;5.5043,0.2001,0.2175;6.6648,-0.0613,0.8522;6.5198,-1.2370,1.3995;5.3022,-1.7758,1.1471;4.8481,-3.0464,1.5285;4.3432,-3.9340,0.5900;3.8660,-5.1895,0.9476;3.3668,-6.0579,-0.1754;2.4778,-7.0154,0.1543;3.7396,-5.8751,-1.3135;3.9369,-5.5497,2.2901;3.5087,-6.7589,2.7051;4.4638,-4.7040,3.2492;4.9094,-3.4560,2.8599;5.4108,-2.6276,3.7892;1.4463,0.7011,-2.0970;0.8667,0.2534,-0.4635;1.2308,-1.0207,-1.6462;5.3445,1.1196,-0.3075;7.2713,-1.7410,1.9738;4.3105,-3.6633,-0.4542;2.1702,-7.1912,1.0932;2.1385,-7.6109,-0.5829;4.5175,-5.0087,4.2818;</g>
	</geometry>
	<conformers/>
	<properties/>
</molecule>
