<?xml version="1.0" ?>
<!--MOLLI PACKAGE EXPERIMENTAL XML FORMAT-->
<molecule name="nuc766">
	<atoms>
		<a id="1" s="N" t="N.am" l="N"/>
		<a id="2" s="C" t="C.2" l="C"/>
		<a id="3" s="O" t="O.2" l="O"/>
		<a id="4" s="C" t="C.ar" l="C"/>
		<a id="5" s="C" t="C.ar" l="C"/>
		<a id="6" s="C" t="C.ar" l="C"/>
		<a id="7" s="C" t="C.ar" l="C"/>
		<a id="8" s="C" t="C.ar" l="C"/>
		<a id="9" s="C" t="C.ar" l="C"/>
		<a id="10" s="F" t="F" l="F"/>
		<a id="11" s="C" t="C.3" l="C"/>
		<a id="12" s="C" t="C.3" l="C"/>
		<a id="13" s="C" t="C.3" l="C"/>
		<a id="14" s="C" t="C.2" l="C"/>
		<a id="15" s="O" t="O.2" l="O"/>
		<a id="16" s="N" t="N.am" l="N"/>
		<a id="17" s="H" t="H" l="H"/>
		<a id="18" s="H" t="H" l="H"/>
		<a id="19" s="H" t="H" l="H"/>
		<a id="20" s="H" t="H" l="H"/>
		<a id="21" s="H" t="H" l="H"/>
		<a id="22" s="H" t="H" l="H"/>
		<a id="23" s="H" t="H" l="H"/>
		<a id="24" s="H" t="H" l="H"/>
		<a id="25" s="H" t="H" l="H"/>
		<a id="26" s="H" t="H" l="H"/>
		<a id="27" s="H" t="H" l="H"/>
	</atoms>
	<bonds>
		<b id="1" c="1 2" t="am"/>
		<b id="2" c="2 3" t="2"/>
		<b id="3" c="2 4" t="1"/>
		<b id="4" c="4 5" t="ar"/>
		<b id="5" c="5 6" t="ar"/>
		<b id="6" c="6 7" t="ar"/>
		<b id="7" c="7 8" t="ar"/>
		<b id="8" c="8 9" t="ar"/>
		<b id="9" c="4 9" t="ar"/>
		<b id="10" c="9 10" t="1"/>
		<b id="11" c="7 11" t="1"/>
		<b id="12" c="11 12" t="1"/>
		<b id="13" c="12 13" t="1"/>
		<b id="14" c="13 14" t="1"/>
		<b id="15" c="14 15" t="2"/>
		<b id="16" c="14 16" t="am"/>
		<b id="17" c="6 16" t="1"/>
		<b id="18" c="1 17" t="1"/>
		<b id="19" c="1 18" t="1"/>
		<b id="20" c="5 19" t="1"/>
		<b id="21" c="8 20" t="1"/>
		<b id="22" c="11 21" t="1"/>
		<b id="23" c="11 22" t="1"/>
		<b id="24" c="12 23" t="1"/>
		<b id="25" c="12 24" t="1"/>
		<b id="26" c="13 25" t="1"/>
		<b id="27" c="13 26" t="1"/>
		<b id="28" c="16 27" t="1"/>
	</bonds>
	<geometry>
		<g u="A" t="cart/3d">#27,3:1.5784,0.2091,0.7076;2.3856,-0.0998,-0.3296;2.4374,-1.2149,-0.8013;3.2522,1.0072,-0.8535;4.4423,0.6392,-1.4792;5.2804,1.5909,-2.0195;4.9667,2.9555,-1.9636;3.7790,3.3267,-1.3558;2.9500,2.3628,-0.8093;1.8045,2.7958,-0.2287;5.8848,3.9825,-2.5807;7.2847,4.0877,-1.9463;8.2525,2.9388,-2.2974;7.5780,1.6943,-1.7687;7.7865,1.2208,-0.6852;6.5372,1.2367,-2.5960;0.9716,-0.5138,1.0577;1.4826,1.1358,1.0799;4.7009,-0.4063,-1.5308;3.4856,4.3635,-1.2907;5.4057,4.9597,-2.4962;5.9941,3.7674,-3.6500;7.1789,4.1343,-0.8604;7.7368,5.0247,-2.2786;9.2059,3.1025,-1.7960;8.4126,2.8871,-3.3753;6.6132,1.5960,-3.5434;</g>
	</geometry>
	<conformers/>
	<properties/>
</molecule>
