<?xml version="1.0" ?>
<!--MOLLI PACKAGE EXPERIMENTAL XML FORMAT-->
<molecule name="nuc770">
	<atoms>
		<a id="1" s="C" t="C.3" l="C"/>
		<a id="2" s="N" t="N.am" l="N"/>
		<a id="3" s="C" t="C.2" l="C"/>
		<a id="4" s="O" t="O.2" l="O"/>
		<a id="5" s="C" t="C.3" l="C"/>
		<a id="6" s="C" t="C.3" l="C"/>
		<a id="7" s="C" t="C.ar" l="C"/>
		<a id="8" s="C" t="C.ar" l="C"/>
		<a id="9" s="C" t="C.ar" l="C"/>
		<a id="10" s="F" t="F" l="F"/>
		<a id="11" s="C" t="C.ar" l="C"/>
		<a id="12" s="C" t="C.2" l="C"/>
		<a id="13" s="N" t="N.am" l="N"/>
		<a id="14" s="O" t="O.2" l="O"/>
		<a id="15" s="C" t="C.ar" l="C"/>
		<a id="16" s="C" t="C.ar" l="C"/>
		<a id="17" s="H" t="H" l="H"/>
		<a id="18" s="H" t="H" l="H"/>
		<a id="19" s="H" t="H" l="H"/>
		<a id="20" s="H" t="H" l="H"/>
		<a id="21" s="H" t="H" l="H"/>
		<a id="22" s="H" t="H" l="H"/>
		<a id="23" s="H" t="H" l="H"/>
		<a id="24" s="H" t="H" l="H"/>
		<a id="25" s="H" t="H" l="H"/>
		<a id="26" s="H" t="H" l="H"/>
		<a id="27" s="H" t="H" l="H"/>
	</atoms>
	<bonds>
		<b id="1" c="1 2" t="1"/>
		<b id="2" c="2 3" t="am"/>
		<b id="3" c="3 4" t="2"/>
		<b id="4" c="3 5" t="1"/>
		<b id="5" c="5 6" t="1"/>
		<b id="6" c="6 7" t="1"/>
		<b id="7" c="7 8" t="ar"/>
		<b id="8" c="8 9" t="ar"/>
		<b id="9" c="9 10" t="1"/>
		<b id="10" c="9 11" t="ar"/>
		<b id="11" c="11 12" t="1"/>
		<b id="12" c="12 13" t="am"/>
		<b id="13" c="12 14" t="2"/>
		<b id="14" c="11 15" t="ar"/>
		<b id="15" c="15 16" t="ar"/>
		<b id="16" c="7 16" t="ar"/>
		<b id="17" c="2 16" t="1"/>
		<b id="18" c="1 17" t="1"/>
		<b id="19" c="1 18" t="1"/>
		<b id="20" c="1 19" t="1"/>
		<b id="21" c="5 20" t="1"/>
		<b id="22" c="5 21" t="1"/>
		<b id="23" c="6 22" t="1"/>
		<b id="24" c="6 23" t="1"/>
		<b id="25" c="8 24" t="1"/>
		<b id="26" c="13 25" t="1"/>
		<b id="27" c="13 26" t="1"/>
		<b id="28" c="15 27" t="1"/>
	</bonds>
	<geometry>
		<g u="A" t="cart/3d">#27,3:1.1998,0.0662,-0.4963;2.5285,-0.0363,0.0726;2.9721,-1.2785,0.4450;2.3114,-2.2773,0.2605;4.3216,-1.3037,1.1320;5.2886,-0.3300,0.4731;4.6639,1.0300,0.4707;5.4011,2.1841,0.6507;4.7856,3.4230,0.6223;5.5810,4.5065,0.8094;3.4175,3.5509,0.4167;2.6221,4.8222,0.3659;3.3073,5.9834,0.3994;1.4106,4.7964,0.2819;2.6849,2.3770,0.2463;3.2780,1.1219,0.2712;0.8778,-0.9428,-0.7493;1.2221,0.6822,-1.3944;0.4958,0.4902,0.2217;4.6967,-2.3267,1.1058;4.1668,-1.0245,2.1787;5.4769,-0.6426,-0.5592;6.2441,-0.3177,0.9981;6.4672,2.1348,0.8102;4.3049,6.0422,0.4866;2.7754,6.8373,0.3716;1.6234,2.5004,0.1035;</g>
	</geometry>
	<conformers/>
	<properties/>
</molecule>
