<?xml version="1.0" ?>
<!--MOLLI PACKAGE EXPERIMENTAL XML FORMAT-->
<molecule name="nuc772">
	<atoms>
		<a id="1" s="C" t="C.3" l="C"/>
		<a id="2" s="N" t="N.am" l="N"/>
		<a id="3" s="C" t="C.2" l="C"/>
		<a id="4" s="O" t="O.2" l="O"/>
		<a id="5" s="C" t="C.3" l="C"/>
		<a id="6" s="C" t="C.3" l="C"/>
		<a id="7" s="C" t="C.3" l="C"/>
		<a id="8" s="C" t="C.3" l="C"/>
		<a id="9" s="C" t="C.ar" l="C"/>
		<a id="10" s="C" t="C.ar" l="C"/>
		<a id="11" s="C" t="C.ar" l="C"/>
		<a id="12" s="F" t="F" l="F"/>
		<a id="13" s="C" t="C.ar" l="C"/>
		<a id="14" s="C" t="C.2" l="C"/>
		<a id="15" s="N" t="N.am" l="N"/>
		<a id="16" s="O" t="O.2" l="O"/>
		<a id="17" s="C" t="C.ar" l="C"/>
		<a id="18" s="C" t="C.ar" l="C"/>
		<a id="19" s="H" t="H" l="H"/>
		<a id="20" s="H" t="H" l="H"/>
		<a id="21" s="H" t="H" l="H"/>
		<a id="22" s="H" t="H" l="H"/>
		<a id="23" s="H" t="H" l="H"/>
		<a id="24" s="H" t="H" l="H"/>
		<a id="25" s="H" t="H" l="H"/>
		<a id="26" s="H" t="H" l="H"/>
		<a id="27" s="H" t="H" l="H"/>
		<a id="28" s="H" t="H" l="H"/>
		<a id="29" s="H" t="H" l="H"/>
		<a id="30" s="H" t="H" l="H"/>
		<a id="31" s="H" t="H" l="H"/>
		<a id="32" s="H" t="H" l="H"/>
		<a id="33" s="H" t="H" l="H"/>
	</atoms>
	<bonds>
		<b id="1" c="1 2" t="1"/>
		<b id="2" c="2 3" t="am"/>
		<b id="3" c="3 4" t="2"/>
		<b id="4" c="3 5" t="1"/>
		<b id="5" c="5 6" t="1"/>
		<b id="6" c="6 7" t="1"/>
		<b id="7" c="6 8" t="1"/>
		<b id="8" c="6 9" t="1"/>
		<b id="9" c="9 10" t="ar"/>
		<b id="10" c="10 11" t="ar"/>
		<b id="11" c="11 12" t="1"/>
		<b id="12" c="11 13" t="ar"/>
		<b id="13" c="13 14" t="1"/>
		<b id="14" c="14 15" t="am"/>
		<b id="15" c="14 16" t="2"/>
		<b id="16" c="13 17" t="ar"/>
		<b id="17" c="17 18" t="ar"/>
		<b id="18" c="9 18" t="ar"/>
		<b id="19" c="2 18" t="1"/>
		<b id="20" c="1 19" t="1"/>
		<b id="21" c="1 20" t="1"/>
		<b id="22" c="1 21" t="1"/>
		<b id="23" c="5 22" t="1"/>
		<b id="24" c="5 23" t="1"/>
		<b id="25" c="7 24" t="1"/>
		<b id="26" c="7 25" t="1"/>
		<b id="27" c="7 26" t="1"/>
		<b id="28" c="8 27" t="1"/>
		<b id="29" c="8 28" t="1"/>
		<b id="30" c="8 29" t="1"/>
		<b id="31" c="10 30" t="1"/>
		<b id="32" c="15 31" t="1"/>
		<b id="33" c="15 32" t="1"/>
		<b id="34" c="17 33" t="1"/>
	</bonds>
	<geometry>
		<g u="A" t="cart/3d">#33,3:1.4935,0.1233,-0.6349;2.7349,0.0429,0.1077;3.1548,-1.1927,0.5231;2.5516,-2.2052,0.2406;4.3946,-1.1866,1.3850;5.4581,-0.2124,0.8716;6.6484,-0.2220,1.8328;5.9272,-0.6363,-0.5275;4.7971,1.1427,0.7694;5.4794,2.3236,0.9972;4.8483,3.5472,0.8664;5.5994,4.6513,1.1138;3.5111,3.6433,0.5068;2.7004,4.8949,0.3520;3.3636,6.0692,0.3882;1.4981,4.8442,0.1839;2.8325,2.4489,0.2762;3.4446,1.2076,0.3925;1.2267,-0.8921,-0.9248;1.6248,0.7382,-1.5246;0.6921,0.5350,-0.0198;4.7803,-2.2057,1.4242;4.0928,-0.8991,2.3970;6.9722,-1.2464,2.0011;6.3752,0.2134,2.7913;7.4902,0.3288,1.4221;6.3968,-1.6160,-0.4818;6.6489,0.0784,-0.9163;5.0895,-0.6902,-1.2187;6.5190,2.3191,1.2796;4.3493,6.1501,0.5558;2.8186,6.9108,0.2998;1.7917,2.5422,0.0118;</g>
	</geometry>
	<conformers/>
	<properties/>
</molecule>
