<?xml version="1.0" ?>
<!--MOLLI PACKAGE EXPERIMENTAL XML FORMAT-->
<molecule name="nuc773">
	<atoms>
		<a id="1" s="C" t="C.3" l="C"/>
		<a id="2" s="C" t="C.3" l="C"/>
		<a id="3" s="C" t="C.3" l="C"/>
		<a id="4" s="C" t="C.3" l="C"/>
		<a id="5" s="N" t="N.3" l="N"/>
		<a id="6" s="C" t="C.3" l="C"/>
		<a id="7" s="O" t="O.3" l="O"/>
		<a id="8" s="C" t="C.3" l="C"/>
		<a id="9" s="C" t="C.3" l="C"/>
		<a id="10" s="C" t="C.3" l="C"/>
		<a id="11" s="C" t="C.3" l="C"/>
		<a id="12" s="H" t="H" l="H"/>
		<a id="13" s="H" t="H" l="H"/>
		<a id="14" s="H" t="H" l="H"/>
		<a id="15" s="H" t="H" l="H"/>
		<a id="16" s="H" t="H" l="H"/>
		<a id="17" s="H" t="H" l="H"/>
		<a id="18" s="H" t="H" l="H"/>
		<a id="19" s="H" t="H" l="H"/>
		<a id="20" s="H" t="H" l="H"/>
		<a id="21" s="H" t="H" l="H"/>
		<a id="22" s="H" t="H" l="H"/>
		<a id="23" s="H" t="H" l="H"/>
		<a id="24" s="H" t="H" l="H"/>
		<a id="25" s="H" t="H" l="H"/>
		<a id="26" s="H" t="H" l="H"/>
		<a id="27" s="H" t="H" l="H"/>
		<a id="28" s="H" t="H" l="H"/>
		<a id="29" s="H" t="H" l="H"/>
		<a id="30" s="H" t="H" l="H"/>
		<a id="31" s="H" t="H" l="H"/>
		<a id="32" s="H" t="H" l="H"/>
	</atoms>
	<bonds>
		<b id="1" c="1 2" t="1"/>
		<b id="2" c="2 3" t="1"/>
		<b id="3" c="3 4" t="1"/>
		<b id="4" c="4 5" t="1"/>
		<b id="5" c="4 6" t="1"/>
		<b id="6" c="6 7" t="1"/>
		<b id="7" c="7 8" t="1"/>
		<b id="8" c="8 9" t="1"/>
		<b id="9" c="8 10" t="1"/>
		<b id="10" c="8 11" t="1"/>
		<b id="11" c="1 12" t="1"/>
		<b id="12" c="1 13" t="1"/>
		<b id="13" c="1 14" t="1"/>
		<b id="14" c="2 15" t="1"/>
		<b id="15" c="2 16" t="1"/>
		<b id="16" c="3 17" t="1"/>
		<b id="17" c="3 18" t="1"/>
		<b id="18" c="4 19" t="1"/>
		<b id="19" c="5 20" t="1"/>
		<b id="20" c="5 21" t="1"/>
		<b id="21" c="6 22" t="1"/>
		<b id="22" c="6 23" t="1"/>
		<b id="23" c="9 24" t="1"/>
		<b id="24" c="9 25" t="1"/>
		<b id="25" c="9 26" t="1"/>
		<b id="26" c="10 27" t="1"/>
		<b id="27" c="10 28" t="1"/>
		<b id="28" c="10 29" t="1"/>
		<b id="29" c="11 30" t="1"/>
		<b id="30" c="11 31" t="1"/>
		<b id="31" c="11 32" t="1"/>
	</bonds>
	<geometry>
		<g u="A" t="cart/3d">#32,3:5.5507,2.1550,1.9375;4.9579,1.0291,1.0990;5.0666,1.3233,-0.3950;4.5689,0.1676,-1.2777;3.1440,-0.1084,-1.1798;4.8944,0.4523,-2.7494;6.2947,0.4850,-2.8879;6.8351,0.7410,-4.1840;6.4423,2.1320,-4.7004;8.3503,0.6841,-3.9637;6.4213,-0.3326,-5.1987;5.4616,1.9314,2.9981;5.0343,3.0921,1.7401;6.6037,2.2893,1.7018;3.9091,0.8941,1.3774;5.4831,0.0969,1.3198;6.1098,1.5071,-0.6538;4.4947,2.2256,-0.6329;5.0986,-0.7479,-0.9928;2.6141,0.7319,-1.3905;2.9080,-0.3911,-0.2355;4.4423,1.4115,-3.0400;4.4458,-0.3424,-3.3586;6.6329,2.8788,-3.9331;5.3904,2.1689,-4.9736;7.0314,2.3751,-5.5802;8.6433,1.4382,-3.2386;8.8799,0.8589,-4.8955;8.6249,-0.2913,-3.5725;5.3664,-0.2521,-5.4495;6.6095,-1.3214,-4.7875;6.9996,-0.2151,-6.1110;</g>
	</geometry>
	<conformers/>
	<properties/>
</molecule>
