<?xml version="1.0" ?>
<!--MOLLI PACKAGE EXPERIMENTAL XML FORMAT-->
<molecule name="nuc385">
	<atoms>
		<a id="1" s="C" t="C.3" l="C"/>
		<a id="2" s="C" t="C.3" l="C"/>
		<a id="3" s="C" t="C.3" l="C"/>
		<a id="4" s="C" t="C.3" l="C"/>
		<a id="5" s="O" t="O.3" l="O"/>
		<a id="6" s="C" t="C.2" l="C"/>
		<a id="7" s="O" t="O.2" l="O"/>
		<a id="8" s="N" t="N.am" l="N"/>
		<a id="9" s="C" t="C.3" l="C"/>
		<a id="10" s="C" t="C.3" l="C"/>
		<a id="11" s="C" t="C.3" l="C"/>
		<a id="12" s="C" t="C.ar" l="C"/>
		<a id="13" s="C" t="C.ar" l="C"/>
		<a id="14" s="C" t="C.ar" l="C"/>
		<a id="15" s="N" t="N.pl3" l="N"/>
		<a id="16" s="N" t="N.ar" l="N"/>
		<a id="17" s="N" t="N.ar" l="N"/>
		<a id="18" s="C" t="C.3" l="C"/>
		<a id="19" s="C" t="C.3" l="C"/>
		<a id="20" s="C" t="C.3" l="C"/>
		<a id="21" s="C" t="C.3" l="C"/>
		<a id="22" s="C" t="C.3" l="C"/>
		<a id="23" s="C" t="C.3" l="C"/>
		<a id="24" s="C" t="C.3" l="C"/>
		<a id="25" s="H" t="H" l="H"/>
		<a id="26" s="H" t="H" l="H"/>
		<a id="27" s="H" t="H" l="H"/>
		<a id="28" s="H" t="H" l="H"/>
		<a id="29" s="H" t="H" l="H"/>
		<a id="30" s="H" t="H" l="H"/>
		<a id="31" s="H" t="H" l="H"/>
		<a id="32" s="H" t="H" l="H"/>
		<a id="33" s="H" t="H" l="H"/>
		<a id="34" s="H" t="H" l="H"/>
		<a id="35" s="H" t="H" l="H"/>
		<a id="36" s="H" t="H" l="H"/>
		<a id="37" s="H" t="H" l="H"/>
		<a id="38" s="H" t="H" l="H"/>
		<a id="39" s="H" t="H" l="H"/>
		<a id="40" s="H" t="H" l="H"/>
		<a id="41" s="H" t="H" l="H"/>
		<a id="42" s="H" t="H" l="H"/>
		<a id="43" s="H" t="H" l="H"/>
		<a id="44" s="H" t="H" l="H"/>
		<a id="45" s="H" t="H" l="H"/>
		<a id="46" s="H" t="H" l="H"/>
		<a id="47" s="H" t="H" l="H"/>
		<a id="48" s="H" t="H" l="H"/>
		<a id="49" s="H" t="H" l="H"/>
		<a id="50" s="H" t="H" l="H"/>
		<a id="51" s="H" t="H" l="H"/>
		<a id="52" s="H" t="H" l="H"/>
		<a id="53" s="H" t="H" l="H"/>
		<a id="54" s="H" t="H" l="H"/>
	</atoms>
	<bonds>
		<b id="1" c="1 2" t="1"/>
		<b id="2" c="2 3" t="1"/>
		<b id="3" c="2 4" t="1"/>
		<b id="4" c="2 5" t="1"/>
		<b id="5" c="5 6" t="1"/>
		<b id="6" c="6 7" t="2"/>
		<b id="7" c="6 8" t="am"/>
		<b id="8" c="8 9" t="1"/>
		<b id="9" c="9 10" t="1"/>
		<b id="10" c="10 11" t="1"/>
		<b id="11" c="11 12" t="1"/>
		<b id="12" c="12 13" t="ar"/>
		<b id="13" c="13 14" t="ar"/>
		<b id="14" c="14 15" t="1"/>
		<b id="15" c="14 16" t="ar"/>
		<b id="16" c="16 17" t="ar"/>
		<b id="17" c="12 17" t="ar"/>
		<b id="18" c="17 18" t="1"/>
		<b id="19" c="18 19" t="1"/>
		<b id="20" c="19 20" t="1"/>
		<b id="21" c="20 21" t="1"/>
		<b id="22" c="21 22" t="1"/>
		<b id="23" c="19 22" t="1"/>
		<b id="24" c="11 23" t="1"/>
		<b id="25" c="23 24" t="1"/>
		<b id="26" c="8 24" t="1"/>
		<b id="27" c="1 25" t="1"/>
		<b id="28" c="1 26" t="1"/>
		<b id="29" c="1 27" t="1"/>
		<b id="30" c="3 28" t="1"/>
		<b id="31" c="3 29" t="1"/>
		<b id="32" c="3 30" t="1"/>
		<b id="33" c="4 31" t="1"/>
		<b id="34" c="4 32" t="1"/>
		<b id="35" c="4 33" t="1"/>
		<b id="36" c="9 34" t="1"/>
		<b id="37" c="9 35" t="1"/>
		<b id="38" c="10 36" t="1"/>
		<b id="39" c="10 37" t="1"/>
		<b id="40" c="11 38" t="1"/>
		<b id="41" c="13 39" t="1"/>
		<b id="42" c="15 40" t="1"/>
		<b id="43" c="15 41" t="1"/>
		<b id="44" c="18 42" t="1"/>
		<b id="45" c="18 43" t="1"/>
		<b id="46" c="19 44" t="1"/>
		<b id="47" c="20 45" t="1"/>
		<b id="48" c="20 46" t="1"/>
		<b id="49" c="21 47" t="1"/>
		<b id="50" c="21 48" t="1"/>
		<b id="51" c="22 49" t="1"/>
		<b id="52" c="22 50" t="1"/>
		<b id="53" c="23 51" t="1"/>
		<b id="54" c="23 52" t="1"/>
		<b id="55" c="24 53" t="1"/>
		<b id="56" c="24 54" t="1"/>
	</bonds>
	<geometry>
		<g u="A" t="cart/3d">#54,3:3.8562,0.4655,1.7532;2.7572,0.6240,0.7023;2.1793,-0.7339,0.3044;1.6483,1.5420,1.2209;3.2703,1.3202,-0.4559;4.2461,0.7675,-1.2032;4.7919,-0.2907,-0.9784;4.5296,1.5308,-2.2862;5.6292,1.1664,-3.1497;6.7977,2.1411,-2.9971;6.3880,3.6210,-3.0787;6.1393,4.1173,-4.4703;5.4996,3.5486,-5.5541;5.5273,4.5327,-6.5612;4.9361,4.4687,-7.8068;6.1393,5.6217,-6.1277;6.4992,5.3674,-4.8579;7.2371,6.3746,-4.1494;8.7408,6.3364,-4.4463;9.1512,6.5481,-5.9134;10.1142,5.3571,-5.8009;9.4536,4.9720,-4.4691;5.1611,3.8746,-2.1824;4.0455,2.8769,-2.4881;3.4447,0.0101,2.6495;4.2713,1.4383,2.0092;4.6506,-0.1667,1.3664;1.7076,-1.1972,1.1665;2.9692,-1.3839,-0.0609;1.4367,-0.6076,-0.4808;1.1956,1.1124,2.1094;0.8839,1.6690,0.4586;2.0565,2.5190,1.4665;5.2681,1.1511,-4.1807;5.9463,0.1588,-2.8752;7.5488,1.9204,-3.7573;7.2504,1.9740,-2.0169;7.2247,4.1989,-2.6711;5.0693,2.5739,-5.6469;4.9288,3.5489,-8.2205;5.2621,5.1879,-8.4347;7.0570,6.2725,-3.0768;6.8485,7.3426,-4.4790;9.2357,7.0422,-3.7762;9.5978,7.5105,-6.1527;8.3190,6.3594,-6.5882;11.1521,5.6622,-5.6842;10.0515,4.6150,-6.5937;10.1230,4.7654,-3.6361;8.7621,4.1404,-4.5832;4.7943,4.8920,-2.3296;5.4554,3.7611,-1.1366;3.7336,2.9806,-3.5325;3.1867,3.0485,-1.8414;</g>
	</geometry>
	<conformers/>
	<properties/>
</molecule>
