<?xml version="1.0" ?>
<!--MOLLI PACKAGE EXPERIMENTAL XML FORMAT-->
<molecule name="nuc784">
	<atoms>
		<a id="1" s="N" t="N.pl3" l="N"/>
		<a id="2" s="C" t="C.ar" l="C"/>
		<a id="3" s="C" t="C.ar" l="C"/>
		<a id="4" s="C" t="C.ar" l="C"/>
		<a id="5" s="C" t="C.ar" l="C"/>
		<a id="6" s="C" t="C.ar" l="C"/>
		<a id="7" s="C" t="C.ar" l="C"/>
		<a id="8" s="N" t="N.am" l="N"/>
		<a id="9" s="C" t="C.2" l="C"/>
		<a id="10" s="O" t="O.2" l="O"/>
		<a id="11" s="C" t="C.ar" l="C"/>
		<a id="12" s="C" t="C.ar" l="C"/>
		<a id="13" s="C" t="C.ar" l="C"/>
		<a id="14" s="C" t="C.ar" l="C"/>
		<a id="15" s="C" t="C.ar" l="C"/>
		<a id="16" s="C" t="C.3" l="C"/>
		<a id="17" s="F" t="F" l="F"/>
		<a id="18" s="F" t="F" l="F"/>
		<a id="19" s="F" t="F" l="F"/>
		<a id="20" s="C" t="C.ar" l="C"/>
		<a id="21" s="N" t="N.ar" l="N"/>
		<a id="22" s="C" t="C.ar" l="C"/>
		<a id="23" s="C" t="C.ar" l="C"/>
		<a id="24" s="C" t="C.ar" l="C"/>
		<a id="25" s="H" t="H" l="H"/>
		<a id="26" s="H" t="H" l="H"/>
		<a id="27" s="H" t="H" l="H"/>
		<a id="28" s="H" t="H" l="H"/>
		<a id="29" s="H" t="H" l="H"/>
		<a id="30" s="H" t="H" l="H"/>
		<a id="31" s="H" t="H" l="H"/>
		<a id="32" s="H" t="H" l="H"/>
		<a id="33" s="H" t="H" l="H"/>
		<a id="34" s="H" t="H" l="H"/>
		<a id="35" s="H" t="H" l="H"/>
		<a id="36" s="H" t="H" l="H"/>
	</atoms>
	<bonds>
		<b id="1" c="1 2" t="1"/>
		<b id="2" c="2 3" t="ar"/>
		<b id="3" c="3 4" t="ar"/>
		<b id="4" c="4 5" t="ar"/>
		<b id="5" c="5 6" t="ar"/>
		<b id="6" c="6 7" t="ar"/>
		<b id="7" c="7 8" t="1"/>
		<b id="8" c="8 9" t="am"/>
		<b id="9" c="9 10" t="2"/>
		<b id="10" c="9 11" t="1"/>
		<b id="11" c="11 12" t="ar"/>
		<b id="12" c="12 13" t="ar"/>
		<b id="13" c="13 14" t="ar"/>
		<b id="14" c="14 15" t="ar"/>
		<b id="15" c="15 16" t="1"/>
		<b id="16" c="16 17" t="1"/>
		<b id="17" c="16 18" t="1"/>
		<b id="18" c="16 19" t="1"/>
		<b id="19" c="15 20" t="ar"/>
		<b id="20" c="11 20" t="ar"/>
		<b id="21" c="7 21" t="ar"/>
		<b id="22" c="21 22" t="ar"/>
		<b id="23" c="22 23" t="ar"/>
		<b id="24" c="23 24" t="ar"/>
		<b id="25" c="2 24" t="ar"/>
		<b id="26" c="6 24" t="ar"/>
		<b id="27" c="1 25" t="1"/>
		<b id="28" c="1 26" t="1"/>
		<b id="29" c="3 27" t="1"/>
		<b id="30" c="4 28" t="1"/>
		<b id="31" c="5 29" t="1"/>
		<b id="32" c="8 30" t="1"/>
		<b id="33" c="12 31" t="1"/>
		<b id="34" c="13 32" t="1"/>
		<b id="35" c="14 33" t="1"/>
		<b id="36" c="20 34" t="1"/>
		<b id="37" c="22 35" t="1"/>
		<b id="38" c="23 36" t="1"/>
	</bonds>
	<geometry>
		<g u="A" t="cart/3d">#36,3:1.0765,0.1684,-0.0904;2.4396,0.0841,0.0473;3.2008,1.2361,0.0950;4.5895,1.1770,0.1762;5.2414,-0.0272,0.2265;4.5112,-1.2307,0.1828;5.1013,-2.5371,0.2409;6.4793,-2.6425,0.3837;7.2272,-3.7914,0.4650;6.8024,-4.9146,0.3853;8.6923,-3.5111,0.6573;9.1736,-2.4455,1.4128;10.5359,-2.2621,1.5758;11.4363,-3.1335,0.9876;10.9566,-4.2070,0.2496;11.9020,-5.1869,-0.3889;13.1927,-4.8656,-0.2156;11.7531,-6.4299,0.0990;11.7117,-5.2801,-1.7173;9.5933,-4.4051,0.0906;4.4164,-3.6446,0.1812;3.0895,-3.5837,0.0537;2.3928,-2.4085,0.0030;3.0942,-1.1844,0.0764;0.6649,1.0686,0.0913;0.5206,-0.6201,0.1913;2.7071,2.1969,0.0679;5.1533,2.0976,0.2084;6.3197,-0.0275,0.2929;6.9834,-1.7688,0.3932;8.4900,-1.7706,1.9082;10.9013,-1.4366,2.1670;12.4987,-2.9887,1.1071;9.2158,-5.2480,-0.4687;2.5957,-4.5434,-0.0039;1.3202,-2.4293,-0.1074;</g>
	</geometry>
	<conformers/>
	<properties/>
</molecule>
