<?xml version="1.0" ?>
<!--MOLLI PACKAGE EXPERIMENTAL XML FORMAT-->
<molecule name="nuc785">
	<atoms>
		<a id="1" s="N" t="N.pl3" l="N"/>
		<a id="2" s="C" t="C.ar" l="C"/>
		<a id="3" s="C" t="C.ar" l="C"/>
		<a id="4" s="C" t="C.ar" l="C"/>
		<a id="5" s="C" t="C.ar" l="C"/>
		<a id="6" s="C" t="C.ar" l="C"/>
		<a id="7" s="C" t="C.ar" l="C"/>
		<a id="8" s="N" t="N.am" l="N"/>
		<a id="9" s="C" t="C.2" l="C"/>
		<a id="10" s="O" t="O.2" l="O"/>
		<a id="11" s="C" t="C.ar" l="C"/>
		<a id="12" s="C" t="C.ar" l="C"/>
		<a id="13" s="C" t="C.ar" l="C"/>
		<a id="14" s="C" t="C.ar" l="C"/>
		<a id="15" s="C" t="C.3" l="C"/>
		<a id="16" s="F" t="F" l="F"/>
		<a id="17" s="F" t="F" l="F"/>
		<a id="18" s="F" t="F" l="F"/>
		<a id="19" s="C" t="C.ar" l="C"/>
		<a id="20" s="C" t="C.ar" l="C"/>
		<a id="21" s="C" t="C.3" l="C"/>
		<a id="22" s="F" t="F" l="F"/>
		<a id="23" s="F" t="F" l="F"/>
		<a id="24" s="F" t="F" l="F"/>
		<a id="25" s="N" t="N.ar" l="N"/>
		<a id="26" s="C" t="C.ar" l="C"/>
		<a id="27" s="C" t="C.ar" l="C"/>
		<a id="28" s="C" t="C.ar" l="C"/>
		<a id="29" s="H" t="H" l="H"/>
		<a id="30" s="H" t="H" l="H"/>
		<a id="31" s="H" t="H" l="H"/>
		<a id="32" s="H" t="H" l="H"/>
		<a id="33" s="H" t="H" l="H"/>
		<a id="34" s="H" t="H" l="H"/>
		<a id="35" s="H" t="H" l="H"/>
		<a id="36" s="H" t="H" l="H"/>
		<a id="37" s="H" t="H" l="H"/>
		<a id="38" s="H" t="H" l="H"/>
		<a id="39" s="H" t="H" l="H"/>
	</atoms>
	<bonds>
		<b id="1" c="1 2" t="1"/>
		<b id="2" c="2 3" t="ar"/>
		<b id="3" c="3 4" t="ar"/>
		<b id="4" c="4 5" t="ar"/>
		<b id="5" c="5 6" t="ar"/>
		<b id="6" c="6 7" t="ar"/>
		<b id="7" c="7 8" t="1"/>
		<b id="8" c="8 9" t="am"/>
		<b id="9" c="9 10" t="2"/>
		<b id="10" c="9 11" t="1"/>
		<b id="11" c="11 12" t="ar"/>
		<b id="12" c="12 13" t="ar"/>
		<b id="13" c="13 14" t="ar"/>
		<b id="14" c="14 15" t="1"/>
		<b id="15" c="15 16" t="1"/>
		<b id="16" c="15 17" t="1"/>
		<b id="17" c="15 18" t="1"/>
		<b id="18" c="14 19" t="ar"/>
		<b id="19" c="19 20" t="ar"/>
		<b id="20" c="11 20" t="ar"/>
		<b id="21" c="20 21" t="1"/>
		<b id="22" c="21 22" t="1"/>
		<b id="23" c="21 23" t="1"/>
		<b id="24" c="21 24" t="1"/>
		<b id="25" c="7 25" t="ar"/>
		<b id="26" c="25 26" t="ar"/>
		<b id="27" c="26 27" t="ar"/>
		<b id="28" c="27 28" t="ar"/>
		<b id="29" c="2 28" t="ar"/>
		<b id="30" c="6 28" t="ar"/>
		<b id="31" c="1 29" t="1"/>
		<b id="32" c="1 30" t="1"/>
		<b id="33" c="3 31" t="1"/>
		<b id="34" c="4 32" t="1"/>
		<b id="35" c="5 33" t="1"/>
		<b id="36" c="8 34" t="1"/>
		<b id="37" c="12 35" t="1"/>
		<b id="38" c="13 36" t="1"/>
		<b id="39" c="19 37" t="1"/>
		<b id="40" c="26 38" t="1"/>
		<b id="41" c="27 39" t="1"/>
	</bonds>
	<geometry>
		<g u="A" t="cart/3d">#39,3:1.2714,-0.0867,-1.0516;2.6137,-0.1354,-0.7767;3.4152,0.9541,-1.0610;4.7896,0.9127,-0.8436;5.3901,-0.2115,-0.3402;4.6188,-1.3509,-0.0403;5.1526,-2.5722,0.4841;6.5279,-2.6686,0.6952;7.2143,-3.7533,1.1641;6.7585,-4.7930,1.5517;8.7062,-3.4801,1.1980;9.2145,-2.5542,2.1020;10.5778,-2.3482,2.2104;11.4450,-3.0704,1.4013;12.9325,-2.8703,1.5266;13.2486,-1.6473,1.9759;13.4844,-3.7439,2.3864;13.5725,-3.0291,0.3608;10.9594,-3.9993,0.4923;9.5904,-4.1991,0.3945;9.0536,-5.1891,-0.6109;7.9843,-4.7052,-1.2648;9.9625,-5.4810,-1.5568;8.6964,-6.3508,-0.0628;4.4302,-3.6131,0.7847;3.1127,-3.5717,0.5761;2.4694,-2.4807,0.0608;3.2131,-1.3227,-0.2568;0.8796,0.8237,-1.2250;0.6619,-0.7367,-0.5868;2.9635,1.8522,-1.4570;5.3836,1.7852,-1.0719;6.4580,-0.1991,-0.1772;7.0740,-1.8793,0.3815;8.5346,-2.0027,2.7333;10.9689,-1.6285,2.9130;11.6387,-4.5522,-0.1389;2.5834,-4.4757,0.8416;1.4043,-2.5210,-0.1040;</g>
	</geometry>
	<conformers/>
	<properties/>
</molecule>
