<?xml version="1.0" ?>
<!--MOLLI PACKAGE EXPERIMENTAL XML FORMAT-->
<molecule name="nuc790">
	<atoms>
		<a id="1" s="N" t="N.pl3" l="N"/>
		<a id="2" s="C" t="C.ar" l="C"/>
		<a id="3" s="C" t="C.ar" l="C"/>
		<a id="4" s="C" t="C.ar" l="C"/>
		<a id="5" s="C" t="C.ar" l="C"/>
		<a id="6" s="C" t="C.ar" l="C"/>
		<a id="7" s="C" t="C.ar" l="C"/>
		<a id="8" s="N" t="N.pl3" l="N"/>
		<a id="9" s="C" t="C.ar" l="C"/>
		<a id="10" s="N" t="N.ar" l="N"/>
		<a id="11" s="C" t="C.ar" l="C"/>
		<a id="12" s="C" t="C.ar" l="C"/>
		<a id="13" s="C" t="C.ar" l="C"/>
		<a id="14" s="C" t="C.3" l="C"/>
		<a id="15" s="F" t="F" l="F"/>
		<a id="16" s="F" t="F" l="F"/>
		<a id="17" s="F" t="F" l="F"/>
		<a id="18" s="N" t="N.ar" l="N"/>
		<a id="19" s="N" t="N.ar" l="N"/>
		<a id="20" s="C" t="C.ar" l="C"/>
		<a id="21" s="C" t="C.ar" l="C"/>
		<a id="22" s="C" t="C.ar" l="C"/>
		<a id="23" s="H" t="H" l="H"/>
		<a id="24" s="H" t="H" l="H"/>
		<a id="25" s="H" t="H" l="H"/>
		<a id="26" s="H" t="H" l="H"/>
		<a id="27" s="H" t="H" l="H"/>
		<a id="28" s="H" t="H" l="H"/>
		<a id="29" s="H" t="H" l="H"/>
		<a id="30" s="H" t="H" l="H"/>
		<a id="31" s="H" t="H" l="H"/>
		<a id="32" s="H" t="H" l="H"/>
	</atoms>
	<bonds>
		<b id="1" c="1 2" t="1"/>
		<b id="2" c="2 3" t="ar"/>
		<b id="3" c="3 4" t="ar"/>
		<b id="4" c="4 5" t="ar"/>
		<b id="5" c="5 6" t="ar"/>
		<b id="6" c="6 7" t="ar"/>
		<b id="7" c="7 8" t="1"/>
		<b id="8" c="8 9" t="1"/>
		<b id="9" c="9 10" t="ar"/>
		<b id="10" c="10 11" t="ar"/>
		<b id="11" c="11 12" t="ar"/>
		<b id="12" c="12 13" t="ar"/>
		<b id="13" c="13 14" t="1"/>
		<b id="14" c="14 15" t="1"/>
		<b id="15" c="14 16" t="1"/>
		<b id="16" c="14 17" t="1"/>
		<b id="17" c="13 18" t="ar"/>
		<b id="18" c="9 18" t="ar"/>
		<b id="19" c="7 19" t="ar"/>
		<b id="20" c="19 20" t="ar"/>
		<b id="21" c="20 21" t="ar"/>
		<b id="22" c="21 22" t="ar"/>
		<b id="23" c="2 22" t="ar"/>
		<b id="24" c="6 22" t="ar"/>
		<b id="25" c="1 23" t="1"/>
		<b id="26" c="1 24" t="1"/>
		<b id="27" c="3 25" t="1"/>
		<b id="28" c="4 26" t="1"/>
		<b id="29" c="5 27" t="1"/>
		<b id="30" c="8 28" t="1"/>
		<b id="31" c="11 29" t="1"/>
		<b id="32" c="12 30" t="1"/>
		<b id="33" c="20 31" t="1"/>
		<b id="34" c="21 32" t="1"/>
	</bonds>
	<geometry>
		<g u="A" t="cart/3d">#32,3:1.0973,0.1369,-0.1359;2.4618,0.0556,0.0020;3.1934,1.1857,0.3120;4.5828,1.1424,0.3984;5.2651,-0.0294,0.1996;4.5643,-1.2094,-0.1143;5.1888,-2.4821,-0.3318;6.5582,-2.5879,-0.1550;7.3604,-3.6555,-0.3649;6.8977,-4.7703,-0.9247;7.7452,-5.7585,-1.0926;9.0845,-5.6819,-0.7140;9.4636,-4.4703,-0.1550;10.8806,-4.2470,0.3230;11.7745,-4.9120,-0.4281;11.2443,-2.9637,0.3123;11.0494,-4.6895,1.5823;8.6322,-3.4640,0.0252;4.5379,-3.5612,-0.6715;3.2127,-3.4982,-0.8221;2.4829,-2.3619,-0.6098;3.1484,-1.1719,-0.2397;0.6630,0.9650,0.2367;0.5605,-0.7065,-0.0316;2.6755,2.1179,0.4866;5.1223,2.0475,0.6341;6.3418,-0.0244,0.2733;7.0432,-1.7942,0.2412;7.3398,-6.6506,-1.5502;9.7788,-6.4921,-0.8502;2.7464,-4.4274,-1.1181;1.4132,-2.3817,-0.7458;</g>
	</geometry>
	<conformers/>
	<properties/>
</molecule>
