<?xml version="1.0" ?>
<!--MOLLI PACKAGE EXPERIMENTAL XML FORMAT-->
<molecule name="nuc792">
	<atoms>
		<a id="1" s="C" t="C.3" l="C"/>
		<a id="2" s="C" t="C.ar" l="C"/>
		<a id="3" s="C" t="C.ar" l="C"/>
		<a id="4" s="C" t="C.ar" l="C"/>
		<a id="5" s="C" t="C.ar" l="C"/>
		<a id="6" s="N" t="N.pl3" l="N"/>
		<a id="7" s="O" t="O.2" l="O"/>
		<a id="8" s="O" t="O.co2" l="O"/>
		<a id="9" s="C" t="C.ar" l="C"/>
		<a id="10" s="C" t="C.ar" l="C"/>
		<a id="11" s="N" t="N.pl3" l="N"/>
		<a id="12" s="H" t="H" l="H"/>
		<a id="13" s="H" t="H" l="H"/>
		<a id="14" s="H" t="H" l="H"/>
		<a id="15" s="H" t="H" l="H"/>
		<a id="16" s="H" t="H" l="H"/>
		<a id="17" s="H" t="H" l="H"/>
		<a id="18" s="H" t="H" l="H"/>
		<a id="19" s="H" t="H" l="H"/>
	</atoms>
	<bonds>
		<b id="1" c="1 2" t="1"/>
		<b id="2" c="2 3" t="ar"/>
		<b id="3" c="3 4" t="ar"/>
		<b id="4" c="4 5" t="ar"/>
		<b id="5" c="5 6" t="1"/>
		<b id="6" c="6 7" t="2"/>
		<b id="7" c="6 8" t="1"/>
		<b id="8" c="5 9" t="ar"/>
		<b id="9" c="9 10" t="ar"/>
		<b id="10" c="2 10" t="ar"/>
		<b id="11" c="10 11" t="1"/>
		<b id="12" c="1 12" t="1"/>
		<b id="13" c="1 13" t="1"/>
		<b id="14" c="1 14" t="1"/>
		<b id="15" c="3 15" t="1"/>
		<b id="16" c="4 16" t="1"/>
		<b id="17" c="9 17" t="1"/>
		<b id="18" c="11 18" t="1"/>
		<b id="19" c="11 19" t="1"/>
	</bonds>
	<geometry>
		<g u="A" t="cart/3d">#19,3:1.8259,1.4982,0.0340;0.5402,0.7299,0.0234;-0.6783,1.3902,-0.0081;-1.8784,0.7040,-0.0064;-1.8464,-0.6839,0.0281;-3.0760,-1.4236,0.0289;-4.1161,-0.7968,0.0288;-3.0095,-2.6370,0.0278;-0.6439,-1.3748,0.0545;0.5620,-0.6799,0.0517;1.7475,-1.3656,0.1476;1.6318,2.5670,0.0391;2.4251,1.2656,-0.8477;2.4111,1.2473,0.9184;-0.6876,2.4696,-0.0331;-2.8260,1.2169,-0.0308;-0.6565,-2.4539,0.0814;1.7090,-2.3551,-0.0310;2.5823,-0.9040,-0.1696;</g>
	</geometry>
	<conformers/>
	<properties/>
</molecule>
