<?xml version="1.0" ?>
<!--MOLLI PACKAGE EXPERIMENTAL XML FORMAT-->
<molecule name="nuc795">
	<atoms>
		<a id="1" s="C" t="C.3" l="C"/>
		<a id="2" s="C" t="C.3" l="C"/>
		<a id="3" s="C" t="C.3" l="C"/>
		<a id="4" s="C" t="C.3" l="C"/>
		<a id="5" s="O" t="O.3" l="O"/>
		<a id="6" s="C" t="C.ar" l="C"/>
		<a id="7" s="C" t="C.ar" l="C"/>
		<a id="8" s="C" t="C.ar" l="C"/>
		<a id="9" s="C" t="C.ar" l="C"/>
		<a id="10" s="C" t="C.ar" l="C"/>
		<a id="11" s="C" t="C.3" l="C"/>
		<a id="12" s="C" t="C.2" l="C"/>
		<a id="13" s="N" t="N.am" l="N"/>
		<a id="14" s="O" t="O.2" l="O"/>
		<a id="15" s="C" t="C.ar" l="C"/>
		<a id="16" s="H" t="H" l="H"/>
		<a id="17" s="H" t="H" l="H"/>
		<a id="18" s="H" t="H" l="H"/>
		<a id="19" s="H" t="H" l="H"/>
		<a id="20" s="H" t="H" l="H"/>
		<a id="21" s="H" t="H" l="H"/>
		<a id="22" s="H" t="H" l="H"/>
		<a id="23" s="H" t="H" l="H"/>
		<a id="24" s="H" t="H" l="H"/>
		<a id="25" s="H" t="H" l="H"/>
		<a id="26" s="H" t="H" l="H"/>
		<a id="27" s="H" t="H" l="H"/>
		<a id="28" s="H" t="H" l="H"/>
		<a id="29" s="H" t="H" l="H"/>
		<a id="30" s="H" t="H" l="H"/>
		<a id="31" s="H" t="H" l="H"/>
		<a id="32" s="H" t="H" l="H"/>
	</atoms>
	<bonds>
		<b id="1" c="1 2" t="1"/>
		<b id="2" c="2 3" t="1"/>
		<b id="3" c="3 4" t="1"/>
		<b id="4" c="4 5" t="1"/>
		<b id="5" c="5 6" t="1"/>
		<b id="6" c="6 7" t="ar"/>
		<b id="7" c="7 8" t="ar"/>
		<b id="8" c="8 9" t="ar"/>
		<b id="9" c="9 10" t="ar"/>
		<b id="10" c="10 11" t="1"/>
		<b id="11" c="11 12" t="1"/>
		<b id="12" c="12 13" t="am"/>
		<b id="13" c="12 14" t="2"/>
		<b id="14" c="10 15" t="ar"/>
		<b id="15" c="6 15" t="ar"/>
		<b id="16" c="1 16" t="1"/>
		<b id="17" c="1 17" t="1"/>
		<b id="18" c="1 18" t="1"/>
		<b id="19" c="2 19" t="1"/>
		<b id="20" c="2 20" t="1"/>
		<b id="21" c="3 21" t="1"/>
		<b id="22" c="3 22" t="1"/>
		<b id="23" c="4 23" t="1"/>
		<b id="24" c="4 24" t="1"/>
		<b id="25" c="7 25" t="1"/>
		<b id="26" c="8 26" t="1"/>
		<b id="27" c="9 27" t="1"/>
		<b id="28" c="11 28" t="1"/>
		<b id="29" c="11 29" t="1"/>
		<b id="30" c="13 30" t="1"/>
		<b id="31" c="13 31" t="1"/>
		<b id="32" c="15 32" t="1"/>
	</bonds>
	<geometry>
		<g u="A" t="cart/3d">#32,3:0.8068,1.2853,0.1353;2.3137,1.4156,-0.0487;3.0423,1.4071,1.2918;4.5521,1.5327,1.1203;5.1331,1.5150,2.4084;6.4874,1.5594,2.5225;7.3800,1.6731,1.4629;8.7417,1.7092,1.7192;9.2265,1.6356,3.0095;8.3429,1.5199,4.0791;8.8621,1.4797,5.4853;9.2040,2.8763,6.0075;8.2608,3.8058,5.7387;10.2077,3.1211,6.6347;6.9819,1.4873,3.8261;0.3018,1.2949,-0.8274;0.4234,2.1091,0.7329;0.5642,0.3539,0.6415;2.5370,2.3455,-0.5767;2.6777,0.5897,-0.6641;2.8298,0.4791,1.8252;2.6920,2.2342,1.9116;4.7977,2.4726,0.6053;4.9345,0.6954,0.5197;7.0314,1.7312,0.4441;9.4294,1.7962,0.8909;10.2890,1.6665,3.1961;9.7689,0.8779,5.5507;8.1140,1.0552,6.1581;7.4741,3.5957,5.1492;8.4195,4.7570,6.0243;6.2677,1.3865,4.6305;</g>
	</geometry>
	<conformers/>
	<properties/>
</molecule>
