<?xml version="1.0" ?>
<!--MOLLI PACKAGE EXPERIMENTAL XML FORMAT-->
<molecule name="nuc798">
	<atoms>
		<a id="1" s="N" t="N.pl3" l="N"/>
		<a id="2" s="C" t="C.ar" l="C"/>
		<a id="3" s="C" t="C.ar" l="C"/>
		<a id="4" s="C" t="C.ar" l="C"/>
		<a id="5" s="C" t="C.ar" l="C"/>
		<a id="6" s="C" t="C.ar" l="C"/>
		<a id="7" s="N" t="N.ar" l="N"/>
		<a id="8" s="C" t="C.ar" l="C"/>
		<a id="9" s="C" t="C.ar" l="C"/>
		<a id="10" s="C" t="C.ar" l="C"/>
		<a id="11" s="N" t="N.pl3" l="N"/>
		<a id="12" s="C" t="C.3" l="C"/>
		<a id="13" s="C" t="C.3" l="C"/>
		<a id="14" s="O" t="O.3" l="O"/>
		<a id="15" s="C" t="C.3" l="C"/>
		<a id="16" s="C" t="C.3" l="C"/>
		<a id="17" s="N" t="N.ar" l="N"/>
		<a id="18" s="C" t="C.3" l="C"/>
		<a id="19" s="C" t="C.3" l="C"/>
		<a id="20" s="N" t="N.pl3" l="N"/>
		<a id="21" s="C" t="C.ar" l="C"/>
		<a id="22" s="N" t="N.ar" l="N"/>
		<a id="23" s="C" t="C.ar" l="C"/>
		<a id="24" s="C" t="C.ar" l="C"/>
		<a id="25" s="C" t="C.ar" l="C"/>
		<a id="26" s="N" t="N.ar" l="N"/>
		<a id="27" s="C" t="C.3" l="C"/>
		<a id="28" s="C" t="C.ar" l="C"/>
		<a id="29" s="C" t="C.ar" l="C"/>
		<a id="30" s="H" t="H" l="H"/>
		<a id="31" s="H" t="H" l="H"/>
		<a id="32" s="H" t="H" l="H"/>
		<a id="33" s="H" t="H" l="H"/>
		<a id="34" s="H" t="H" l="H"/>
		<a id="35" s="H" t="H" l="H"/>
		<a id="36" s="H" t="H" l="H"/>
		<a id="37" s="H" t="H" l="H"/>
		<a id="38" s="H" t="H" l="H"/>
		<a id="39" s="H" t="H" l="H"/>
		<a id="40" s="H" t="H" l="H"/>
		<a id="41" s="H" t="H" l="H"/>
		<a id="42" s="H" t="H" l="H"/>
		<a id="43" s="H" t="H" l="H"/>
		<a id="44" s="H" t="H" l="H"/>
		<a id="45" s="H" t="H" l="H"/>
		<a id="46" s="H" t="H" l="H"/>
		<a id="47" s="H" t="H" l="H"/>
		<a id="48" s="H" t="H" l="H"/>
		<a id="49" s="H" t="H" l="H"/>
		<a id="50" s="H" t="H" l="H"/>
		<a id="51" s="H" t="H" l="H"/>
		<a id="52" s="H" t="H" l="H"/>
	</atoms>
	<bonds>
		<b id="1" c="1 2" t="1"/>
		<b id="2" c="2 3" t="ar"/>
		<b id="3" c="3 4" t="ar"/>
		<b id="4" c="4 5" t="ar"/>
		<b id="5" c="5 6" t="1"/>
		<b id="6" c="6 7" t="ar"/>
		<b id="7" c="7 8" t="ar"/>
		<b id="8" c="8 9" t="ar"/>
		<b id="9" c="9 10" t="ar"/>
		<b id="10" c="10 11" t="1"/>
		<b id="11" c="11 12" t="1"/>
		<b id="12" c="12 13" t="1"/>
		<b id="13" c="13 14" t="1"/>
		<b id="14" c="14 15" t="1"/>
		<b id="15" c="15 16" t="1"/>
		<b id="16" c="11 16" t="1"/>
		<b id="17" c="10 17" t="ar"/>
		<b id="18" c="6 17" t="ar"/>
		<b id="19" c="9 18" t="1"/>
		<b id="20" c="18 19" t="1"/>
		<b id="21" c="19 20" t="1"/>
		<b id="22" c="20 21" t="1"/>
		<b id="23" c="21 22" t="ar"/>
		<b id="24" c="22 23" t="ar"/>
		<b id="25" c="23 24" t="ar"/>
		<b id="26" c="24 25" t="ar"/>
		<b id="27" c="25 26" t="ar"/>
		<b id="28" c="21 26" t="ar"/>
		<b id="29" c="20 27" t="1"/>
		<b id="30" c="8 27" t="1"/>
		<b id="31" c="5 28" t="ar"/>
		<b id="32" c="28 29" t="ar"/>
		<b id="33" c="2 29" t="ar"/>
		<b id="34" c="1 30" t="1"/>
		<b id="35" c="1 31" t="1"/>
		<b id="36" c="3 32" t="1"/>
		<b id="37" c="4 33" t="1"/>
		<b id="38" c="12 34" t="1"/>
		<b id="39" c="12 35" t="1"/>
		<b id="40" c="13 36" t="1"/>
		<b id="41" c="13 37" t="1"/>
		<b id="42" c="15 38" t="1"/>
		<b id="43" c="15 39" t="1"/>
		<b id="44" c="16 40" t="1"/>
		<b id="45" c="16 41" t="1"/>
		<b id="46" c="18 42" t="1"/>
		<b id="47" c="18 43" t="1"/>
		<b id="48" c="19 44" t="1"/>
		<b id="49" c="19 45" t="1"/>
		<b id="50" c="23 46" t="1"/>
		<b id="51" c="24 47" t="1"/>
		<b id="52" c="25 48" t="1"/>
		<b id="53" c="27 49" t="1"/>
		<b id="54" c="27 50" t="1"/>
		<b id="55" c="28 51" t="1"/>
		<b id="56" c="29 52" t="1"/>
	</bonds>
	<geometry>
		<g u="A" t="cart/3d">#52,3:1.9753,-0.3320,0.4802;0.6061,-0.2353,0.4041;-0.0139,0.1818,-0.7776;-1.3858,0.2123,-0.8756;-2.1850,-0.1692,0.2028;-3.6385,-0.1371,0.0920;-4.1703,0.2489,-1.0621;-5.4955,0.3077,-1.1359;-6.3311,-0.0438,-0.0821;-5.6734,-0.5061,1.0800;-6.3510,-0.8624,2.2276;-5.5543,-1.0273,3.4337;-4.9890,-2.4466,3.5311;-6.0260,-3.4058,3.4823;-6.7785,-3.2700,2.3013;-7.3967,-1.8683,2.1847;-4.3459,-0.5143,1.1525;-7.8116,0.1856,-0.1881;-8.0812,1.2774,-1.2267;-7.4661,0.8959,-2.4720;-8.1791,0.3719,-3.4840;-9.5168,0.3625,-3.3633;-10.2023,-0.1161,-4.3811;-9.6007,-0.6027,-5.5332;-8.2134,-0.5575,-5.5508;-7.5015,-0.0793,-4.5517;-6.0286,0.8263,-2.4447;-1.5674,-0.5836,1.3833;-0.1954,-0.6162,1.4842;2.5101,0.1798,-0.2012;2.3820,-0.3839,1.3992;0.5996,0.4789,-1.6166;-1.8680,0.5327,-1.7855;-6.2143,-0.8370,4.2860;-4.7442,-0.3002,3.4199;-4.4783,-2.6004,4.4827;-4.2852,-2.6085,2.7024;-7.5579,-4.0328,2.3444;-6.1374,-3.4519,1.4234;-8.0657,-1.6955,3.0340;-7.9640,-1.8045,1.2607;-8.2128,0.4787,0.7842;-8.3259,-0.7221,-0.5211;-7.6439,2.2259,-0.8975;-9.1507,1.4009,-1.3940;-11.2791,-0.1095,-4.2597;-10.1725,-0.9927,-6.3576;-7.6420,-0.9180,-6.3978;-5.5965,1.8218,-2.6151;-5.6935,0.1807,-3.2596;-2.1846,-0.8772,2.2180;0.2764,-0.9395,2.4016;</g>
	</geometry>
	<conformers/>
	<properties/>
</molecule>
