<?xml version="1.0" ?>
<!--MOLLI PACKAGE EXPERIMENTAL XML FORMAT-->
<molecule name="nuc800">
	<atoms>
		<a id="1" s="N" t="N.pl3" l="N"/>
		<a id="2" s="C" t="C.ar" l="C"/>
		<a id="3" s="C" t="C.ar" l="C"/>
		<a id="4" s="C" t="C.ar" l="C"/>
		<a id="5" s="C" t="C.ar" l="C"/>
		<a id="6" s="C" t="C.ar" l="C"/>
		<a id="7" s="C" t="C.ar" l="C"/>
		<a id="8" s="N" t="N.am" l="N"/>
		<a id="9" s="C" t="C.2" l="C"/>
		<a id="10" s="O" t="O.2" l="O"/>
		<a id="11" s="C" t="C.ar" l="C"/>
		<a id="12" s="C" t="C.ar" l="C"/>
		<a id="13" s="C" t="C.ar" l="C"/>
		<a id="14" s="C" t="C.3" l="C"/>
		<a id="15" s="F" t="F" l="F"/>
		<a id="16" s="F" t="F" l="F"/>
		<a id="17" s="F" t="F" l="F"/>
		<a id="18" s="C" t="C.ar" l="C"/>
		<a id="19" s="C" t="C.ar" l="C"/>
		<a id="20" s="C" t="C.3" l="C"/>
		<a id="21" s="F" t="F" l="F"/>
		<a id="22" s="F" t="F" l="F"/>
		<a id="23" s="F" t="F" l="F"/>
		<a id="24" s="C" t="C.ar" l="C"/>
		<a id="25" s="N" t="N.ar" l="N"/>
		<a id="26" s="C" t="C.ar" l="C"/>
		<a id="27" s="C" t="C.ar" l="C"/>
		<a id="28" s="C" t="C.ar" l="C"/>
		<a id="29" s="H" t="H" l="H"/>
		<a id="30" s="H" t="H" l="H"/>
		<a id="31" s="H" t="H" l="H"/>
		<a id="32" s="H" t="H" l="H"/>
		<a id="33" s="H" t="H" l="H"/>
		<a id="34" s="H" t="H" l="H"/>
		<a id="35" s="H" t="H" l="H"/>
		<a id="36" s="H" t="H" l="H"/>
		<a id="37" s="H" t="H" l="H"/>
		<a id="38" s="H" t="H" l="H"/>
		<a id="39" s="H" t="H" l="H"/>
	</atoms>
	<bonds>
		<b id="1" c="1 2" t="1"/>
		<b id="2" c="2 3" t="ar"/>
		<b id="3" c="3 4" t="ar"/>
		<b id="4" c="4 5" t="ar"/>
		<b id="5" c="5 6" t="ar"/>
		<b id="6" c="6 7" t="ar"/>
		<b id="7" c="7 8" t="1"/>
		<b id="8" c="8 9" t="am"/>
		<b id="9" c="9 10" t="2"/>
		<b id="10" c="9 11" t="1"/>
		<b id="11" c="11 12" t="ar"/>
		<b id="12" c="12 13" t="ar"/>
		<b id="13" c="13 14" t="1"/>
		<b id="14" c="14 15" t="1"/>
		<b id="15" c="14 16" t="1"/>
		<b id="16" c="14 17" t="1"/>
		<b id="17" c="13 18" t="ar"/>
		<b id="18" c="18 19" t="ar"/>
		<b id="19" c="19 20" t="1"/>
		<b id="20" c="20 21" t="1"/>
		<b id="21" c="20 22" t="1"/>
		<b id="22" c="20 23" t="1"/>
		<b id="23" c="19 24" t="ar"/>
		<b id="24" c="11 24" t="ar"/>
		<b id="25" c="7 25" t="ar"/>
		<b id="26" c="25 26" t="ar"/>
		<b id="27" c="26 27" t="ar"/>
		<b id="28" c="27 28" t="ar"/>
		<b id="29" c="2 28" t="ar"/>
		<b id="30" c="6 28" t="ar"/>
		<b id="31" c="1 29" t="1"/>
		<b id="32" c="1 30" t="1"/>
		<b id="33" c="3 31" t="1"/>
		<b id="34" c="4 32" t="1"/>
		<b id="35" c="5 33" t="1"/>
		<b id="36" c="8 34" t="1"/>
		<b id="37" c="12 35" t="1"/>
		<b id="38" c="18 36" t="1"/>
		<b id="39" c="24 37" t="1"/>
		<b id="40" c="26 38" t="1"/>
		<b id="41" c="27 39" t="1"/>
	</bonds>
	<geometry>
		<g u="A" t="cart/3d">#39,3:1.1895,0.1796,-0.3368;2.5488,0.0693,-0.1900;3.3424,1.1997,-0.2412;4.7287,1.1102,-0.1534;5.3485,-0.1028,-0.0008;4.5852,-1.2845,0.0576;5.1378,-2.5966,0.2217;6.5160,-2.7266,0.3741;7.2347,-3.8874,0.4544;6.7978,-5.0037,0.3515;8.7088,-3.6443,0.6713;9.2057,-2.5731,1.4059;10.5752,-2.4315,1.5769;11.1229,-1.2797,2.3791;10.2286,-0.2936,2.5412;11.5014,-1.6576,3.6111;12.2007,-0.7287,1.8027;11.4662,-3.3481,1.0351;10.9597,-4.4262,0.3248;11.8847,-5.4531,-0.2763;13.1753,-5.2090,-0.0220;11.6283,-6.6880,0.1788;11.7609,-5.5085,-1.6132;9.5927,-4.5813,0.1473;4.4263,-3.6877,0.2556;3.1006,-3.6024,0.1268;2.4359,-2.4163,-0.0197;3.1687,-1.2094,-0.0513;0.8016,1.1025,-0.2315;0.6108,-0.5686,0.0035;2.8754,2.1677,-0.3521;5.3178,2.0139,-0.1987;6.4266,-0.1251,0.0644;7.0316,-1.8594,0.3776;8.5427,-1.8593,1.8728;12.5299,-3.2231,1.1698;9.1941,-5.4279,-0.3924;2.5814,-4.5499,0.1534;1.3624,-2.4182,-0.1229;</g>
	</geometry>
	<conformers/>
	<properties/>
</molecule>
