<?xml version="1.0" ?>
<!--MOLLI PACKAGE EXPERIMENTAL XML FORMAT-->
<molecule name="nuc801">
	<atoms>
		<a id="1" s="N" t="N.pl3" l="N"/>
		<a id="2" s="C" t="C.ar" l="C"/>
		<a id="3" s="C" t="C.ar" l="C"/>
		<a id="4" s="C" t="C.ar" l="C"/>
		<a id="5" s="C" t="C.ar" l="C"/>
		<a id="6" s="C" t="C.ar" l="C"/>
		<a id="7" s="C" t="C.ar" l="C"/>
		<a id="8" s="N" t="N.am" l="N"/>
		<a id="9" s="C" t="C.2" l="C"/>
		<a id="10" s="O" t="O.2" l="O"/>
		<a id="11" s="C" t="C.ar" l="C"/>
		<a id="12" s="C" t="C.ar" l="C"/>
		<a id="13" s="C" t="C.ar" l="C"/>
		<a id="14" s="N" t="N.pl3" l="N"/>
		<a id="15" s="C" t="C.3" l="C"/>
		<a id="16" s="C" t="C.3" l="C"/>
		<a id="17" s="O" t="O.3" l="O"/>
		<a id="18" s="C" t="C.3" l="C"/>
		<a id="19" s="C" t="C.3" l="C"/>
		<a id="20" s="C" t="C.ar" l="C"/>
		<a id="21" s="C" t="C.ar" l="C"/>
		<a id="22" s="C" t="C.3" l="C"/>
		<a id="23" s="F" t="F" l="F"/>
		<a id="24" s="F" t="F" l="F"/>
		<a id="25" s="F" t="F" l="F"/>
		<a id="26" s="C" t="C.ar" l="C"/>
		<a id="27" s="N" t="N.ar" l="N"/>
		<a id="28" s="C" t="C.ar" l="C"/>
		<a id="29" s="C" t="C.ar" l="C"/>
		<a id="30" s="C" t="C.ar" l="C"/>
		<a id="31" s="H" t="H" l="H"/>
		<a id="32" s="H" t="H" l="H"/>
		<a id="33" s="H" t="H" l="H"/>
		<a id="34" s="H" t="H" l="H"/>
		<a id="35" s="H" t="H" l="H"/>
		<a id="36" s="H" t="H" l="H"/>
		<a id="37" s="H" t="H" l="H"/>
		<a id="38" s="H" t="H" l="H"/>
		<a id="39" s="H" t="H" l="H"/>
		<a id="40" s="H" t="H" l="H"/>
		<a id="41" s="H" t="H" l="H"/>
		<a id="42" s="H" t="H" l="H"/>
		<a id="43" s="H" t="H" l="H"/>
		<a id="44" s="H" t="H" l="H"/>
		<a id="45" s="H" t="H" l="H"/>
		<a id="46" s="H" t="H" l="H"/>
		<a id="47" s="H" t="H" l="H"/>
		<a id="48" s="H" t="H" l="H"/>
		<a id="49" s="H" t="H" l="H"/>
	</atoms>
	<bonds>
		<b id="1" c="1 2" t="1"/>
		<b id="2" c="2 3" t="ar"/>
		<b id="3" c="3 4" t="ar"/>
		<b id="4" c="4 5" t="ar"/>
		<b id="5" c="5 6" t="ar"/>
		<b id="6" c="6 7" t="ar"/>
		<b id="7" c="7 8" t="1"/>
		<b id="8" c="8 9" t="am"/>
		<b id="9" c="9 10" t="2"/>
		<b id="10" c="9 11" t="1"/>
		<b id="11" c="11 12" t="ar"/>
		<b id="12" c="12 13" t="ar"/>
		<b id="13" c="13 14" t="1"/>
		<b id="14" c="14 15" t="1"/>
		<b id="15" c="15 16" t="1"/>
		<b id="16" c="16 17" t="1"/>
		<b id="17" c="17 18" t="1"/>
		<b id="18" c="18 19" t="1"/>
		<b id="19" c="14 19" t="1"/>
		<b id="20" c="13 20" t="ar"/>
		<b id="21" c="20 21" t="ar"/>
		<b id="22" c="21 22" t="1"/>
		<b id="23" c="22 23" t="1"/>
		<b id="24" c="22 24" t="1"/>
		<b id="25" c="22 25" t="1"/>
		<b id="26" c="21 26" t="ar"/>
		<b id="27" c="11 26" t="ar"/>
		<b id="28" c="7 27" t="ar"/>
		<b id="29" c="27 28" t="ar"/>
		<b id="30" c="28 29" t="ar"/>
		<b id="31" c="29 30" t="ar"/>
		<b id="32" c="2 30" t="ar"/>
		<b id="33" c="6 30" t="ar"/>
		<b id="34" c="1 31" t="1"/>
		<b id="35" c="1 32" t="1"/>
		<b id="36" c="3 33" t="1"/>
		<b id="37" c="4 34" t="1"/>
		<b id="38" c="5 35" t="1"/>
		<b id="39" c="8 36" t="1"/>
		<b id="40" c="12 37" t="1"/>
		<b id="41" c="15 38" t="1"/>
		<b id="42" c="15 39" t="1"/>
		<b id="43" c="16 40" t="1"/>
		<b id="44" c="16 41" t="1"/>
		<b id="45" c="18 42" t="1"/>
		<b id="46" c="18 43" t="1"/>
		<b id="47" c="19 44" t="1"/>
		<b id="48" c="19 45" t="1"/>
		<b id="49" c="20 46" t="1"/>
		<b id="50" c="26 47" t="1"/>
		<b id="51" c="28 48" t="1"/>
		<b id="52" c="29 49" t="1"/>
	</bonds>
	<geometry>
		<g u="A" t="cart/3d">#49,3:0.9064,-3.3392,3.5647;2.2770,-3.3651,3.6361;2.9049,-3.2822,4.8639;4.2935,-3.2460,4.9602;5.0788,-3.3053,3.8388;4.4871,-3.3908,2.5638;5.2251,-3.4514,1.3347;6.6128,-3.4612,1.3880;7.4935,-3.3941,0.3340;7.1925,-3.3288,-0.8289;8.9250,-3.4142,0.7906;9.3516,-2.6935,1.8936;10.6964,-2.6867,2.2957;11.0744,-2.0021,3.4299;10.5554,-0.6749,3.7074;11.5179,0.3825,3.1437;12.8140,0.2383,3.6756;13.3369,-1.0448,3.4072;12.4111,-2.1248,3.9800;11.5946,-3.4638,1.5517;11.1584,-4.1770,0.4481;12.1319,-4.9998,-0.3475;13.4009,-4.8867,0.0790;11.8397,-6.3137,-0.2984;12.1428,-4.6683,-1.6484;9.8341,-4.1530,0.0413;4.6672,-3.4965,0.1573;3.3357,-3.4904,0.0670;2.5084,-3.4552,1.1546;3.0703,-3.4065,2.4500;0.4114,-3.5099,4.4241;0.4662,-3.7042,2.7382;2.3052,-3.2434,5.7620;4.7506,-3.1771,5.9363;6.1522,-3.2778,3.9569;7.0158,-3.5611,2.3076;8.6324,-2.1108,2.4496;10.4815,-0.5564,4.7934;9.5718,-0.5324,3.2669;11.1891,1.3873,3.4129;11.5475,0.2903,2.0461;14.3192,-1.0784,3.8803;13.4494,-1.1837,2.3211;12.3266,-1.9697,5.0615;12.8084,-3.1232,3.8091;12.6406,-3.5008,1.8063;9.5026,-4.6916,-0.8314;2.9508,-3.5209,-0.9426;1.4396,-3.4482,1.0107;</g>
	</geometry>
	<conformers/>
	<properties/>
</molecule>
