<?xml version="1.0" ?>
<!--MOLLI PACKAGE EXPERIMENTAL XML FORMAT-->
<molecule name="nuc803">
	<atoms>
		<a id="1" s="C" t="C.3" l="C"/>
		<a id="2" s="O" t="O.3" l="O"/>
		<a id="3" s="C" t="C.ar" l="C"/>
		<a id="4" s="C" t="C.ar" l="C"/>
		<a id="5" s="C" t="C.ar" l="C"/>
		<a id="6" s="C" t="C.ar" l="C"/>
		<a id="7" s="N" t="N.ar" l="N"/>
		<a id="8" s="N" t="N.ar" l="N"/>
		<a id="9" s="C" t="C.ar" l="C"/>
		<a id="10" s="C" t="C.ar" l="C"/>
		<a id="11" s="C" t="C.2" l="C"/>
		<a id="12" s="O" t="O.2" l="O"/>
		<a id="13" s="N" t="N.am" l="N"/>
		<a id="14" s="C" t="C.ar" l="C"/>
		<a id="15" s="N" t="N.ar" l="N"/>
		<a id="16" s="C" t="C.ar" l="C"/>
		<a id="17" s="C" t="C.ar" l="C"/>
		<a id="18" s="C" t="C.ar" l="C"/>
		<a id="19" s="C" t="C.ar" l="C"/>
		<a id="20" s="N" t="N.pl3" l="N"/>
		<a id="21" s="C" t="C.ar" l="C"/>
		<a id="22" s="C" t="C.ar" l="C"/>
		<a id="23" s="C" t="C.ar" l="C"/>
		<a id="24" s="C" t="C.ar" l="C"/>
		<a id="25" s="C" t="C.ar" l="C"/>
		<a id="26" s="C" t="C.3" l="C"/>
		<a id="27" s="F" t="F" l="F"/>
		<a id="28" s="F" t="F" l="F"/>
		<a id="29" s="F" t="F" l="F"/>
		<a id="30" s="C" t="C.ar" l="C"/>
		<a id="31" s="C" t="C.ar" l="C"/>
		<a id="32" s="H" t="H" l="H"/>
		<a id="33" s="H" t="H" l="H"/>
		<a id="34" s="H" t="H" l="H"/>
		<a id="35" s="H" t="H" l="H"/>
		<a id="36" s="H" t="H" l="H"/>
		<a id="37" s="H" t="H" l="H"/>
		<a id="38" s="H" t="H" l="H"/>
		<a id="39" s="H" t="H" l="H"/>
		<a id="40" s="H" t="H" l="H"/>
		<a id="41" s="H" t="H" l="H"/>
		<a id="42" s="H" t="H" l="H"/>
		<a id="43" s="H" t="H" l="H"/>
		<a id="44" s="H" t="H" l="H"/>
		<a id="45" s="H" t="H" l="H"/>
		<a id="46" s="H" t="H" l="H"/>
		<a id="47" s="H" t="H" l="H"/>
	</atoms>
	<bonds>
		<b id="1" c="1 2" t="1"/>
		<b id="2" c="2 3" t="1"/>
		<b id="3" c="3 4" t="ar"/>
		<b id="4" c="4 5" t="ar"/>
		<b id="5" c="5 6" t="ar"/>
		<b id="6" c="6 7" t="1"/>
		<b id="7" c="7 8" t="ar"/>
		<b id="8" c="8 9" t="ar"/>
		<b id="9" c="9 10" t="ar"/>
		<b id="10" c="10 11" t="1"/>
		<b id="11" c="11 12" t="2"/>
		<b id="12" c="11 13" t="am"/>
		<b id="13" c="13 14" t="1"/>
		<b id="14" c="14 15" t="ar"/>
		<b id="15" c="15 16" t="ar"/>
		<b id="16" c="16 17" t="ar"/>
		<b id="17" c="17 18" t="ar"/>
		<b id="18" c="18 19" t="ar"/>
		<b id="19" c="19 20" t="1"/>
		<b id="20" c="19 21" t="ar"/>
		<b id="21" c="21 22" t="ar"/>
		<b id="22" c="22 23" t="ar"/>
		<b id="23" c="23 24" t="ar"/>
		<b id="24" c="14 24" t="ar"/>
		<b id="25" c="18 24" t="ar"/>
		<b id="26" c="10 25" t="ar"/>
		<b id="27" c="7 25" t="ar"/>
		<b id="28" c="25 26" t="1"/>
		<b id="29" c="26 27" t="1"/>
		<b id="30" c="26 28" t="1"/>
		<b id="31" c="26 29" t="1"/>
		<b id="32" c="6 30" t="ar"/>
		<b id="33" c="30 31" t="ar"/>
		<b id="34" c="3 31" t="ar"/>
		<b id="35" c="1 32" t="1"/>
		<b id="36" c="1 33" t="1"/>
		<b id="37" c="1 34" t="1"/>
		<b id="38" c="4 35" t="1"/>
		<b id="39" c="5 36" t="1"/>
		<b id="40" c="9 37" t="1"/>
		<b id="41" c="13 38" t="1"/>
		<b id="42" c="16 39" t="1"/>
		<b id="43" c="17 40" t="1"/>
		<b id="44" c="20 41" t="1"/>
		<b id="45" c="20 42" t="1"/>
		<b id="46" c="21 43" t="1"/>
		<b id="47" c="22 44" t="1"/>
		<b id="48" c="23 45" t="1"/>
		<b id="49" c="30 46" t="1"/>
		<b id="50" c="31 47" t="1"/>
	</bonds>
	<geometry>
		<g u="A" t="cart/3d">#47,3:2.0639,1.0938,1.2396;2.5588,0.4645,0.0803;3.0960,1.2283,-0.8998;3.2188,2.6153,-0.8557;3.7806,3.2933,-1.9208;4.2197,2.6008,-3.0390;4.8092,3.3239,-4.0955;5.6858,4.2796,-3.8242;6.1095,4.7527,-4.9756;5.4894,4.0926,-6.0537;5.7611,4.2242,-7.5098;5.7451,3.2809,-8.2559;6.0725,5.5201,-7.8464;6.4317,5.9999,-9.0992;6.3194,5.1831,-10.1089;6.6516,5.6070,-11.3296;7.1162,6.8666,-11.5874;7.2626,7.7819,-10.5212;7.7584,9.1081,-10.7030;8.0706,9.5765,-11.9561;7.8621,9.9447,-9.6088;7.4973,9.5125,-8.3362;7.0306,8.2406,-8.1319;6.9031,7.3500,-9.2153;4.6512,3.1698,-5.4354;3.6305,2.2846,-6.0655;2.5402,2.1352,-5.2800;3.1778,2.7852,-7.2152;4.0755,1.0435,-6.3157;4.1247,1.2129,-3.0821;3.5623,0.5381,-2.0230;1.6788,0.2917,1.8667;1.2527,1.7890,1.0030;2.8558,1.6245,1.7772;2.8792,3.1776,-0.0010;3.8845,4.3664,-1.8922;6.8565,5.5213,-4.9951;6.0499,6.2009,-7.1023;6.5236,4.8738,-12.1134;7.3535,7.1493,-12.6009;8.2993,8.9046,-12.6681;8.6014,10.4309,-11.9917;8.2350,10.9497,-9.7459;7.5950,10.1923,-7.5027;6.7683,7.9408,-7.1279;4.4988,0.6622,-3.9306;3.4757,-0.5361,-2.0359;</g>
	</geometry>
	<conformers/>
	<properties/>
</molecule>
