<?xml version="1.0" ?>
<!--MOLLI PACKAGE EXPERIMENTAL XML FORMAT-->
<molecule name="nuc804">
	<atoms>
		<a id="1" s="N" t="N.pl3" l="N"/>
		<a id="2" s="C" t="C.ar" l="C"/>
		<a id="3" s="C" t="C.ar" l="C"/>
		<a id="4" s="C" t="C.ar" l="C"/>
		<a id="5" s="C" t="C.ar" l="C"/>
		<a id="6" s="C" t="C.ar" l="C"/>
		<a id="7" s="C" t="C.ar" l="C"/>
		<a id="8" s="N" t="N.pl3" l="N"/>
		<a id="9" s="C" t="C.ar" l="C"/>
		<a id="10" s="C" t="C.ar" l="C"/>
		<a id="11" s="C" t="C.ar" l="C"/>
		<a id="12" s="C" t="C.ar" l="C"/>
		<a id="13" s="C" t="C.ar" l="C"/>
		<a id="14" s="C" t="C.ar" l="C"/>
		<a id="15" s="O" t="O.3" l="O"/>
		<a id="16" s="C" t="C.3" l="C"/>
		<a id="17" s="O" t="O.3" l="O"/>
		<a id="18" s="N" t="N.ar" l="N"/>
		<a id="19" s="C" t="C.ar" l="C"/>
		<a id="20" s="C" t="C.ar" l="C"/>
		<a id="21" s="C" t="C.ar" l="C"/>
		<a id="22" s="H" t="H" l="H"/>
		<a id="23" s="H" t="H" l="H"/>
		<a id="24" s="H" t="H" l="H"/>
		<a id="25" s="H" t="H" l="H"/>
		<a id="26" s="H" t="H" l="H"/>
		<a id="27" s="H" t="H" l="H"/>
		<a id="28" s="H" t="H" l="H"/>
		<a id="29" s="H" t="H" l="H"/>
		<a id="30" s="H" t="H" l="H"/>
		<a id="31" s="H" t="H" l="H"/>
		<a id="32" s="H" t="H" l="H"/>
		<a id="33" s="H" t="H" l="H"/>
		<a id="34" s="H" t="H" l="H"/>
	</atoms>
	<bonds>
		<b id="1" c="1 2" t="1"/>
		<b id="2" c="2 3" t="ar"/>
		<b id="3" c="3 4" t="ar"/>
		<b id="4" c="4 5" t="ar"/>
		<b id="5" c="5 6" t="ar"/>
		<b id="6" c="6 7" t="ar"/>
		<b id="7" c="7 8" t="1"/>
		<b id="8" c="8 9" t="1"/>
		<b id="9" c="9 10" t="ar"/>
		<b id="10" c="10 11" t="ar"/>
		<b id="11" c="11 12" t="ar"/>
		<b id="12" c="12 13" t="ar"/>
		<b id="13" c="13 14" t="ar"/>
		<b id="14" c="9 14" t="ar"/>
		<b id="15" c="13 15" t="1"/>
		<b id="16" c="15 16" t="1"/>
		<b id="17" c="16 17" t="1"/>
		<b id="18" c="12 17" t="1"/>
		<b id="19" c="7 18" t="ar"/>
		<b id="20" c="18 19" t="ar"/>
		<b id="21" c="19 20" t="ar"/>
		<b id="22" c="20 21" t="ar"/>
		<b id="23" c="2 21" t="ar"/>
		<b id="24" c="6 21" t="ar"/>
		<b id="25" c="1 22" t="1"/>
		<b id="26" c="1 23" t="1"/>
		<b id="27" c="3 24" t="1"/>
		<b id="28" c="4 25" t="1"/>
		<b id="29" c="5 26" t="1"/>
		<b id="30" c="8 27" t="1"/>
		<b id="31" c="10 28" t="1"/>
		<b id="32" c="11 29" t="1"/>
		<b id="33" c="14 30" t="1"/>
		<b id="34" c="16 31" t="1"/>
		<b id="35" c="16 32" t="1"/>
		<b id="36" c="19 33" t="1"/>
		<b id="37" c="20 34" t="1"/>
	</bonds>
	<geometry>
		<g u="A" t="cart/3d">#34,3:0.9970,0.4115,0.5980;2.3650,0.2833,0.5006;3.1815,1.3435,0.8411;4.5631,1.2581,0.6941;5.1495,0.1135,0.2202;4.3606,-0.9942,-0.1424;4.8968,-2.2327,-0.6520;6.2531,-2.3618,-0.7608;7.0338,-3.4059,-1.2333;8.4182,-3.2258,-1.2027;9.3000,-4.2007,-1.6545;8.7531,-5.3632,-2.1393;7.3709,-5.5494,-2.1726;6.4876,-4.5982,-1.7297;7.0941,-6.7849,-2.6980;8.3427,-7.3674,-2.9995;9.3786,-6.4788,-2.6444;4.1355,-3.2406,-1.0128;2.8083,-3.1302,-0.9046;2.1747,-2.0230,-0.4208;2.9492,-0.9097,-0.0172;0.6704,1.1827,1.1572;0.4580,-0.4317,0.6953;2.7380,2.2509,1.2260;5.1750,2.1053,0.9666;6.2254,0.0909,0.1273;6.7883,-1.5670,-0.4459;8.8234,-2.3013,-0.8168;10.3662,-4.0516,-1.6260;5.4231,-4.7414,-1.7538;8.3972,-7.5846,-4.0790;8.4557,-8.3090,-2.4374;2.2568,-4.0016,-1.2325;1.0978,-2.0023,-0.3708;</g>
	</geometry>
	<conformers/>
	<properties/>
</molecule>
