<?xml version="1.0" ?>
<!--MOLLI PACKAGE EXPERIMENTAL XML FORMAT-->
<molecule name="nuc806">
	<atoms>
		<a id="1" s="C" t="C.3" l="C"/>
		<a id="2" s="C" t="C.3" l="C"/>
		<a id="3" s="C" t="C.3" l="C"/>
		<a id="4" s="C" t="C.3" l="C"/>
		<a id="5" s="O" t="O.3" l="O"/>
		<a id="6" s="C" t="C.2" l="C"/>
		<a id="7" s="O" t="O.2" l="O"/>
		<a id="8" s="C" t="C.ar" l="C"/>
		<a id="9" s="C" t="C.ar" l="C"/>
		<a id="10" s="C" t="C.ar" l="C"/>
		<a id="11" s="C" t="C.ar" l="C"/>
		<a id="12" s="C" t="C.ar" l="C"/>
		<a id="13" s="N" t="N.pl3" l="N"/>
		<a id="14" s="C" t="C.ar" l="C"/>
		<a id="15" s="H" t="H" l="H"/>
		<a id="16" s="H" t="H" l="H"/>
		<a id="17" s="H" t="H" l="H"/>
		<a id="18" s="H" t="H" l="H"/>
		<a id="19" s="H" t="H" l="H"/>
		<a id="20" s="H" t="H" l="H"/>
		<a id="21" s="H" t="H" l="H"/>
		<a id="22" s="H" t="H" l="H"/>
		<a id="23" s="H" t="H" l="H"/>
		<a id="24" s="H" t="H" l="H"/>
		<a id="25" s="H" t="H" l="H"/>
		<a id="26" s="H" t="H" l="H"/>
		<a id="27" s="H" t="H" l="H"/>
		<a id="28" s="H" t="H" l="H"/>
		<a id="29" s="H" t="H" l="H"/>
	</atoms>
	<bonds>
		<b id="1" c="1 2" t="1"/>
		<b id="2" c="2 3" t="1"/>
		<b id="3" c="2 4" t="1"/>
		<b id="4" c="2 5" t="1"/>
		<b id="5" c="5 6" t="1"/>
		<b id="6" c="6 7" t="2"/>
		<b id="7" c="6 8" t="1"/>
		<b id="8" c="8 9" t="ar"/>
		<b id="9" c="9 10" t="ar"/>
		<b id="10" c="10 11" t="ar"/>
		<b id="11" c="11 12" t="ar"/>
		<b id="12" c="12 13" t="1"/>
		<b id="13" c="12 14" t="ar"/>
		<b id="14" c="8 14" t="ar"/>
		<b id="15" c="1 15" t="1"/>
		<b id="16" c="1 16" t="1"/>
		<b id="17" c="1 17" t="1"/>
		<b id="18" c="3 18" t="1"/>
		<b id="19" c="3 19" t="1"/>
		<b id="20" c="3 20" t="1"/>
		<b id="21" c="4 21" t="1"/>
		<b id="22" c="4 22" t="1"/>
		<b id="23" c="4 23" t="1"/>
		<b id="24" c="9 24" t="1"/>
		<b id="25" c="10 25" t="1"/>
		<b id="26" c="11 26" t="1"/>
		<b id="27" c="13 27" t="1"/>
		<b id="28" c="13 28" t="1"/>
		<b id="29" c="14 29" t="1"/>
	</bonds>
	<geometry>
		<g u="A" t="cart/3d">#29,3:3.2679,0.9636,-1.1045;2.7727,0.0489,0.0157;3.1416,0.6108,1.3886;1.2605,-0.1559,-0.0901;3.3191,-1.2814,-0.1450;4.6331,-1.5017,-0.1141;5.4795,-0.6521,0.0459;4.9519,-2.9410,-0.3063;3.9594,-3.9002,-0.4926;4.3244,-5.2219,-0.6737;5.6551,-5.5948,-0.6727;6.6598,-4.6422,-0.4846;7.9820,-5.0189,-0.4123;6.2899,-3.3116,-0.3027;2.7738,1.9286,-1.0339;3.0442,0.5215,-2.0733;4.3415,1.1094,-1.0251;2.6471,1.5667,1.5370;4.2162,0.7535,1.4611;2.8252,-0.0768,2.1703;0.7471,0.7950,0.0173;0.9211,-0.8331,0.6895;1.0100,-0.5878,-1.0557;2.9227,-3.6064,-0.4962;3.5630,-5.9738,-0.8215;5.9301,-6.6302,-0.8165;8.2257,-5.9068,-0.8186;8.6655,-4.2902,-0.5341;7.0402,-2.5488,-0.1559;</g>
	</geometry>
	<conformers/>
	<properties/>
</molecule>
