<?xml version="1.0" ?>
<!--MOLLI PACKAGE EXPERIMENTAL XML FORMAT-->
<molecule name="nuc810">
	<atoms>
		<a id="1" s="C" t="C.3" l="C"/>
		<a id="2" s="O" t="O.3" l="O"/>
		<a id="3" s="C" t="C.ar" l="C"/>
		<a id="4" s="C" t="C.ar" l="C"/>
		<a id="5" s="C" t="C.ar" l="C"/>
		<a id="6" s="N" t="N.pl3" l="N"/>
		<a id="7" s="C" t="C.3" l="C"/>
		<a id="8" s="C" t="C.3" l="C"/>
		<a id="9" s="C" t="C.3" l="C"/>
		<a id="10" s="N" t="N.3" l="N"/>
		<a id="11" s="C" t="C.3" l="C"/>
		<a id="12" s="C" t="C.3" l="C"/>
		<a id="13" s="C" t="C.ar" l="C"/>
		<a id="14" s="N" t="N.pl3" l="N"/>
		<a id="15" s="O" t="O.2" l="O"/>
		<a id="16" s="O" t="O.co2" l="O"/>
		<a id="17" s="C" t="C.ar" l="C"/>
		<a id="18" s="C" t="C.ar" l="C"/>
		<a id="19" s="N" t="N.pl3" l="N"/>
		<a id="20" s="H" t="H" l="H"/>
		<a id="21" s="H" t="H" l="H"/>
		<a id="22" s="H" t="H" l="H"/>
		<a id="23" s="H" t="H" l="H"/>
		<a id="24" s="H" t="H" l="H"/>
		<a id="25" s="H" t="H" l="H"/>
		<a id="26" s="H" t="H" l="H"/>
		<a id="27" s="H" t="H" l="H"/>
		<a id="28" s="H" t="H" l="H"/>
		<a id="29" s="H" t="H" l="H"/>
		<a id="30" s="H" t="H" l="H"/>
		<a id="31" s="H" t="H" l="H"/>
		<a id="32" s="H" t="H" l="H"/>
		<a id="33" s="H" t="H" l="H"/>
		<a id="34" s="H" t="H" l="H"/>
		<a id="35" s="H" t="H" l="H"/>
		<a id="36" s="H" t="H" l="H"/>
		<a id="37" s="H" t="H" l="H"/>
		<a id="38" s="H" t="H" l="H"/>
		<a id="39" s="H" t="H" l="H"/>
	</atoms>
	<bonds>
		<b id="1" c="1 2" t="1"/>
		<b id="2" c="2 3" t="1"/>
		<b id="3" c="3 4" t="ar"/>
		<b id="4" c="4 5" t="ar"/>
		<b id="5" c="5 6" t="1"/>
		<b id="6" c="6 7" t="1"/>
		<b id="7" c="6 8" t="1"/>
		<b id="8" c="8 9" t="1"/>
		<b id="9" c="9 10" t="1"/>
		<b id="10" c="10 11" t="1"/>
		<b id="11" c="10 12" t="1"/>
		<b id="12" c="5 13" t="ar"/>
		<b id="13" c="13 14" t="1"/>
		<b id="14" c="14 15" t="2"/>
		<b id="15" c="14 16" t="1"/>
		<b id="16" c="13 17" t="ar"/>
		<b id="17" c="17 18" t="ar"/>
		<b id="18" c="3 18" t="ar"/>
		<b id="19" c="18 19" t="1"/>
		<b id="20" c="1 20" t="1"/>
		<b id="21" c="1 21" t="1"/>
		<b id="22" c="1 22" t="1"/>
		<b id="23" c="4 23" t="1"/>
		<b id="24" c="7 24" t="1"/>
		<b id="25" c="7 25" t="1"/>
		<b id="26" c="7 26" t="1"/>
		<b id="27" c="8 27" t="1"/>
		<b id="28" c="8 28" t="1"/>
		<b id="29" c="9 29" t="1"/>
		<b id="30" c="9 30" t="1"/>
		<b id="31" c="11 31" t="1"/>
		<b id="32" c="11 32" t="1"/>
		<b id="33" c="11 33" t="1"/>
		<b id="34" c="12 34" t="1"/>
		<b id="35" c="12 35" t="1"/>
		<b id="36" c="12 36" t="1"/>
		<b id="37" c="17 37" t="1"/>
		<b id="38" c="19 38" t="1"/>
		<b id="39" c="19 39" t="1"/>
	</bonds>
	<geometry>
		<g u="A" t="cart/3d">#39,3:0.6113,-0.9929,0.3279;1.8959,-1.3862,0.7428;2.7707,-1.8645,-0.1900;2.4722,-2.0508,-1.5193;3.4226,-2.5261,-2.4474;3.0198,-2.9274,-3.6921;3.7643,-3.8897,-4.4592;1.9771,-2.2138,-4.3947;2.4152,-0.7755,-4.7135;1.5448,-0.1611,-5.6987;0.2666,0.2222,-5.1371;2.1830,0.9657,-6.3489;4.7406,-2.6736,-1.9660;5.8671,-2.7651,-2.8161;5.7889,-2.2695,-3.9351;6.8942,-3.2590,-2.3737;5.0208,-2.5622,-0.5955;4.0614,-2.1812,0.3117;4.2980,-2.1281,1.6701;0.1201,-0.6042,1.2187;0.0370,-1.8405,-0.0586;0.6583,-0.2062,-0.4320;1.4696,-1.8649,-1.8605;4.2931,-4.5648,-3.7854;4.4995,-3.4256,-5.1276;3.0627,-4.4765,-5.0537;1.0495,-2.2223,-3.8165;1.7824,-2.7244,-5.3379;3.4241,-0.8264,-5.1291;2.4684,-0.1880,-3.7793;-0.2464,-0.6577,-4.7546;-0.3489,0.6592,-5.9216;0.3655,0.9571,-4.3210;3.1071,0.6329,-6.8178;2.4169,1.7850,-5.6515;1.5196,1.3485,-7.1233;6.0359,-2.7389,-0.2745;5.2632,-2.0412,1.9443;3.6516,-1.5558,2.1888;</g>
	</geometry>
	<conformers/>
	<properties/>
</molecule>
