<?xml version="1.0" ?>
<!--MOLLI PACKAGE EXPERIMENTAL XML FORMAT-->
<molecule name="nuc811">
	<atoms>
		<a id="1" s="C" t="C.3" l="C"/>
		<a id="2" s="C" t="C.ar" l="C"/>
		<a id="3" s="N" t="N.ar" l="N"/>
		<a id="4" s="N" t="N.ar" l="N"/>
		<a id="5" s="C" t="C.ar" l="C"/>
		<a id="6" s="C" t="C.ar" l="C"/>
		<a id="7" s="C" t="C.ar" l="C"/>
		<a id="8" s="C" t="C.ar" l="C"/>
		<a id="9" s="C" t="C.ar" l="C"/>
		<a id="10" s="C" t="C.ar" l="C"/>
		<a id="11" s="C" t="C.ar" l="C"/>
		<a id="12" s="N" t="N.pl3" l="N"/>
		<a id="13" s="O" t="O.2" l="O"/>
		<a id="14" s="H" t="H" l="H"/>
		<a id="15" s="H" t="H" l="H"/>
		<a id="16" s="H" t="H" l="H"/>
		<a id="17" s="H" t="H" l="H"/>
		<a id="18" s="H" t="H" l="H"/>
		<a id="19" s="H" t="H" l="H"/>
		<a id="20" s="H" t="H" l="H"/>
		<a id="21" s="H" t="H" l="H"/>
		<a id="22" s="H" t="H" l="H"/>
	</atoms>
	<bonds>
		<b id="1" c="1 2" t="1"/>
		<b id="2" c="2 3" t="ar"/>
		<b id="3" c="3 4" t="ar"/>
		<b id="4" c="4 5" t="ar"/>
		<b id="5" c="5 6" t="1"/>
		<b id="6" c="6 7" t="ar"/>
		<b id="7" c="7 8" t="ar"/>
		<b id="8" c="8 9" t="ar"/>
		<b id="9" c="9 10" t="ar"/>
		<b id="10" c="10 11" t="ar"/>
		<b id="11" c="6 11" t="ar"/>
		<b id="12" c="11 12" t="1"/>
		<b id="13" c="5 13" t="ar"/>
		<b id="14" c="2 13" t="ar"/>
		<b id="15" c="1 14" t="1"/>
		<b id="16" c="1 15" t="1"/>
		<b id="17" c="1 16" t="1"/>
		<b id="18" c="7 17" t="1"/>
		<b id="19" c="8 18" t="1"/>
		<b id="20" c="9 19" t="1"/>
		<b id="21" c="10 20" t="1"/>
		<b id="22" c="12 21" t="1"/>
		<b id="23" c="12 22" t="1"/>
	</bonds>
	<geometry>
		<g u="A" t="cart/3d">#22,3:-2.0002,-0.1952,0.9118;-0.7057,0.0020,0.2291;-0.2378,-0.6556,-0.7768;0.9727,-0.1336,-1.0658;1.1958,0.8311,-0.2155;2.3504,1.6831,-0.1332;2.4105,2.6719,0.8516;3.4984,3.5097,0.9479;4.5504,3.3692,0.0480;4.5119,2.4017,-0.9292;3.4191,1.5308,-1.0470;3.3972,0.5656,-1.9906;0.1527,0.9666,0.6424;-2.5116,-1.0374,0.4573;-2.6121,0.7008,0.8176;-1.8378,-0.3882,1.9709;1.5833,2.7681,1.5389;3.5348,4.2692,1.7131;5.4058,4.0252,0.1162;5.3322,2.2966,-1.6248;4.1278,0.5215,-2.6769;2.5698,-0.0107,-2.0704;</g>
	</geometry>
	<conformers/>
	<properties/>
</molecule>
