<?xml version="1.0" ?>
<!--MOLLI PACKAGE EXPERIMENTAL XML FORMAT-->
<molecule name="nuc817">
	<atoms>
		<a id="1" s="C" t="C.3" l="C"/>
		<a id="2" s="C" t="C.3" l="C"/>
		<a id="3" s="N" t="N.3" l="N"/>
		<a id="4" s="C" t="C.3" l="C"/>
		<a id="5" s="C" t="C.3" l="C"/>
		<a id="6" s="C" t="C.3" l="C"/>
		<a id="7" s="C" t="C.3" l="C"/>
		<a id="8" s="C" t="C.3" l="C"/>
		<a id="9" s="N" t="N.3" l="N"/>
		<a id="10" s="H" t="H" l="H"/>
		<a id="11" s="H" t="H" l="H"/>
		<a id="12" s="H" t="H" l="H"/>
		<a id="13" s="H" t="H" l="H"/>
		<a id="14" s="H" t="H" l="H"/>
		<a id="15" s="H" t="H" l="H"/>
		<a id="16" s="H" t="H" l="H"/>
		<a id="17" s="H" t="H" l="H"/>
		<a id="18" s="H" t="H" l="H"/>
		<a id="19" s="H" t="H" l="H"/>
		<a id="20" s="H" t="H" l="H"/>
		<a id="21" s="H" t="H" l="H"/>
		<a id="22" s="H" t="H" l="H"/>
		<a id="23" s="H" t="H" l="H"/>
		<a id="24" s="H" t="H" l="H"/>
		<a id="25" s="H" t="H" l="H"/>
		<a id="26" s="H" t="H" l="H"/>
		<a id="27" s="H" t="H" l="H"/>
	</atoms>
	<bonds>
		<b id="1" c="1 2" t="1"/>
		<b id="2" c="2 3" t="1"/>
		<b id="3" c="3 4" t="1"/>
		<b id="4" c="4 5" t="1"/>
		<b id="5" c="3 6" t="1"/>
		<b id="6" c="6 7" t="1"/>
		<b id="7" c="7 8" t="1"/>
		<b id="8" c="8 9" t="1"/>
		<b id="9" c="1 10" t="1"/>
		<b id="10" c="1 11" t="1"/>
		<b id="11" c="1 12" t="1"/>
		<b id="12" c="2 13" t="1"/>
		<b id="13" c="2 14" t="1"/>
		<b id="14" c="4 15" t="1"/>
		<b id="15" c="4 16" t="1"/>
		<b id="16" c="5 17" t="1"/>
		<b id="17" c="5 18" t="1"/>
		<b id="18" c="5 19" t="1"/>
		<b id="19" c="6 20" t="1"/>
		<b id="20" c="6 21" t="1"/>
		<b id="21" c="7 22" t="1"/>
		<b id="22" c="7 23" t="1"/>
		<b id="23" c="8 24" t="1"/>
		<b id="24" c="8 25" t="1"/>
		<b id="25" c="9 26" t="1"/>
		<b id="26" c="9 27" t="1"/>
	</bonds>
	<geometry>
		<g u="A" t="cart/3d">#27,3:0.9943,0.3621,0.1566;2.4835,0.3925,-0.1690;3.0195,-0.9254,-0.4630;2.4446,-1.5778,-1.6231;2.6987,-0.9058,-2.9790;4.4720,-0.9482,-0.4393;5.0199,-1.0395,0.9877;4.4752,-2.2618,1.7212;4.8777,-2.2216,3.1192;0.6962,1.3164,0.5841;0.7920,-0.4233,0.8798;0.3914,0.1870,-0.7306;3.0158,0.7591,0.7108;2.6698,1.1097,-0.9883;1.3682,-1.6599,-1.4599;2.8470,-2.5953,-1.6491;2.2466,0.0823,-3.0138;2.2628,-1.5082,-3.7721;3.7655,-0.8071,-3.1665;4.9072,-0.0626,-0.9332;4.8049,-1.8330,-0.9881;4.7548,-0.1527,1.5627;6.1105,-1.0901,0.9404;4.8064,-3.1763,1.1985;3.3842,-2.2306,1.6840;5.8893,-2.2682,3.1928;4.4955,-3.0165,3.6197;</g>
	</geometry>
	<conformers/>
	<properties/>
</molecule>
