<?xml version="1.0" ?>
<!--MOLLI PACKAGE EXPERIMENTAL XML FORMAT-->
<molecule name="nuc820">
	<atoms>
		<a id="1" s="C" t="C.3" l="C"/>
		<a id="2" s="C" t="C.ar" l="C"/>
		<a id="3" s="C" t="C.ar" l="C"/>
		<a id="4" s="C" t="C.ar" l="C"/>
		<a id="5" s="C" t="C.ar" l="C"/>
		<a id="6" s="C" t="C.ar" l="C"/>
		<a id="7" s="C" t="C.3" l="C"/>
		<a id="8" s="C" t="C.ar" l="C"/>
		<a id="9" s="C" t="C.ar" l="C"/>
		<a id="10" s="C" t="C.ar" l="C"/>
		<a id="11" s="C" t="C.ar" l="C"/>
		<a id="12" s="C" t="C.3" l="C"/>
		<a id="13" s="C" t="C.ar" l="C"/>
		<a id="14" s="N" t="N.ar" l="N"/>
		<a id="15" s="C" t="C.ar" l="C"/>
		<a id="16" s="N" t="N.pl3" l="N"/>
		<a id="17" s="N" t="N.ar" l="N"/>
		<a id="18" s="N" t="N.ar" l="N"/>
		<a id="19" s="C" t="C.ar" l="C"/>
		<a id="20" s="C" t="C.ar" l="C"/>
		<a id="21" s="H" t="H" l="H"/>
		<a id="22" s="H" t="H" l="H"/>
		<a id="23" s="H" t="H" l="H"/>
		<a id="24" s="H" t="H" l="H"/>
		<a id="25" s="H" t="H" l="H"/>
		<a id="26" s="H" t="H" l="H"/>
		<a id="27" s="H" t="H" l="H"/>
		<a id="28" s="H" t="H" l="H"/>
		<a id="29" s="H" t="H" l="H"/>
		<a id="30" s="H" t="H" l="H"/>
		<a id="31" s="H" t="H" l="H"/>
		<a id="32" s="H" t="H" l="H"/>
		<a id="33" s="H" t="H" l="H"/>
		<a id="34" s="H" t="H" l="H"/>
		<a id="35" s="H" t="H" l="H"/>
		<a id="36" s="H" t="H" l="H"/>
	</atoms>
	<bonds>
		<b id="1" c="1 2" t="1"/>
		<b id="2" c="2 3" t="ar"/>
		<b id="3" c="3 4" t="ar"/>
		<b id="4" c="4 5" t="ar"/>
		<b id="5" c="5 6" t="ar"/>
		<b id="6" c="6 7" t="1"/>
		<b id="7" c="6 8" t="ar"/>
		<b id="8" c="2 8" t="ar"/>
		<b id="9" c="8 9" t="1"/>
		<b id="10" c="9 10" t="ar"/>
		<b id="11" c="10 11" t="ar"/>
		<b id="12" c="11 12" t="1"/>
		<b id="13" c="11 13" t="ar"/>
		<b id="14" c="13 14" t="ar"/>
		<b id="15" c="14 15" t="ar"/>
		<b id="16" c="15 16" t="1"/>
		<b id="17" c="15 17" t="ar"/>
		<b id="18" c="17 18" t="ar"/>
		<b id="19" c="18 19" t="ar"/>
		<b id="20" c="13 19" t="ar"/>
		<b id="21" c="19 20" t="ar"/>
		<b id="22" c="9 20" t="ar"/>
		<b id="23" c="1 21" t="1"/>
		<b id="24" c="1 22" t="1"/>
		<b id="25" c="1 23" t="1"/>
		<b id="26" c="3 24" t="1"/>
		<b id="27" c="4 25" t="1"/>
		<b id="28" c="5 26" t="1"/>
		<b id="29" c="7 27" t="1"/>
		<b id="30" c="7 28" t="1"/>
		<b id="31" c="7 29" t="1"/>
		<b id="32" c="10 30" t="1"/>
		<b id="33" c="12 31" t="1"/>
		<b id="34" c="12 32" t="1"/>
		<b id="35" c="12 33" t="1"/>
		<b id="36" c="16 34" t="1"/>
		<b id="37" c="16 35" t="1"/>
		<b id="38" c="20 36" t="1"/>
	</bonds>
	<geometry>
		<g u="A" t="cart/3d">#36,3:-2.4093,1.1092,0.5302;-1.1329,0.3651,0.2743;-1.1068,-1.0222,0.2698;0.0729,-1.7043,0.0342;1.2422,-1.0036,-0.1978;1.2456,0.3839,-0.2012;2.5111,1.1491,-0.4499;0.0504,1.0645,0.0344;0.0411,2.5465,0.0189;-0.0281,3.2150,-1.2265;-0.0273,4.5785,-1.3341;-0.0931,5.2903,-2.6457;0.0465,5.3417,-0.1391;0.0576,6.6834,-0.1791;0.1303,7.2918,0.9941;0.1926,8.6367,1.0222;0.1655,6.6729,2.2033;0.1537,5.3989,2.2556;0.1066,4.6762,1.1190;0.1054,3.2683,1.1792;-3.2467,0.4207,0.6114;-2.6107,1.8148,-0.2751;-2.3377,1.6798,1.4555;-2.0194,-1.5713,0.4523;0.0813,-2.7844,0.0331;2.1642,-1.5377,-0.3780;3.3666,0.4790,-0.4796;2.6705,1.8897,0.3326;2.4557,1.6816,-1.3993;-0.0857,2.6100,-2.1217;-0.1457,4.5848,-3.4708;0.7846,5.9231,-2.7663;-0.9652,5.9413,-2.6703;0.0682,9.1492,0.1685;0.1437,9.0986,1.9113;0.1626,2.7917,2.1456;</g>
	</geometry>
	<conformers/>
	<properties/>
</molecule>
