<?xml version="1.0" ?>
<!--MOLLI PACKAGE EXPERIMENTAL XML FORMAT-->
<molecule name="nuc821">
	<atoms>
		<a id="1" s="N" t="N.3" l="N"/>
		<a id="2" s="C" t="C.3" l="C"/>
		<a id="3" s="C" t="C.ar" l="C"/>
		<a id="4" s="C" t="C.ar" l="C"/>
		<a id="5" s="C" t="C.ar" l="C"/>
		<a id="6" s="C" t="C.ar" l="C"/>
		<a id="7" s="C" t="C.ar" l="C"/>
		<a id="8" s="C" t="C.ar" l="C"/>
		<a id="9" s="C" t="C.3" l="C"/>
		<a id="10" s="C" t="C.3" l="C"/>
		<a id="11" s="O" t="O.3" l="O"/>
		<a id="12" s="H" t="H" l="H"/>
		<a id="13" s="H" t="H" l="H"/>
		<a id="14" s="H" t="H" l="H"/>
		<a id="15" s="H" t="H" l="H"/>
		<a id="16" s="H" t="H" l="H"/>
		<a id="17" s="H" t="H" l="H"/>
		<a id="18" s="H" t="H" l="H"/>
		<a id="19" s="H" t="H" l="H"/>
		<a id="20" s="H" t="H" l="H"/>
		<a id="21" s="H" t="H" l="H"/>
		<a id="22" s="H" t="H" l="H"/>
	</atoms>
	<bonds>
		<b id="1" c="1 2" t="1"/>
		<b id="2" c="2 3" t="1"/>
		<b id="3" c="3 4" t="ar"/>
		<b id="4" c="4 5" t="ar"/>
		<b id="5" c="5 6" t="ar"/>
		<b id="6" c="6 7" t="ar"/>
		<b id="7" c="7 8" t="ar"/>
		<b id="8" c="3 8" t="ar"/>
		<b id="9" c="8 9" t="1"/>
		<b id="10" c="9 10" t="1"/>
		<b id="11" c="2 10" t="1"/>
		<b id="12" c="10 11" t="1"/>
		<b id="13" c="1 12" t="1"/>
		<b id="14" c="1 13" t="1"/>
		<b id="15" c="2 14" t="1"/>
		<b id="16" c="4 15" t="1"/>
		<b id="17" c="5 16" t="1"/>
		<b id="18" c="6 17" t="1"/>
		<b id="19" c="7 18" t="1"/>
		<b id="20" c="9 19" t="1"/>
		<b id="21" c="9 20" t="1"/>
		<b id="22" c="10 21" t="1"/>
		<b id="23" c="11 22" t="1"/>
	</bonds>
	<geometry>
		<g u="A" t="cart/3d">#22,3:1.1557,-0.0345,0.2182;2.6145,-0.0379,0.2489;3.2313,1.1126,1.0042;3.0401,2.4637,0.7842;3.6682,3.3732,1.6217;4.4719,2.9316,2.6601;4.6603,1.5753,2.8811;4.0325,0.6678,2.0489;4.0845,-0.8264,2.1052;3.1312,-1.3127,0.9942;2.0859,-2.0515,1.5726;0.8193,0.6813,-0.4154;0.8006,0.1824,1.1459;2.9603,-0.0498,-0.7911;2.4147,2.8094,-0.0275;3.5297,4.4324,1.4623;4.9560,3.6511,3.3041;5.2857,1.2338,3.6928;3.7309,-1.2046,3.0659;5.1004,-1.1923,1.9507;3.6687,-1.9560,0.2799;1.3194,-1.9643,0.9891;</g>
	</geometry>
	<conformers/>
	<properties/>
</molecule>
