<?xml version="1.0" ?>
<!--MOLLI PACKAGE EXPERIMENTAL XML FORMAT-->
<molecule name="nuc823">
	<atoms>
		<a id="1" s="C" t="C.3" l="C"/>
		<a id="2" s="C" t="C.ar" l="C"/>
		<a id="3" s="C" t="C.ar" l="C"/>
		<a id="4" s="C" t="C.ar" l="C"/>
		<a id="5" s="C" t="C.ar" l="C"/>
		<a id="6" s="C" t="C.ar" l="C"/>
		<a id="7" s="C" t="C.ar" l="C"/>
		<a id="8" s="C" t="C.ar" l="C"/>
		<a id="9" s="C" t="C.ar" l="C"/>
		<a id="10" s="N" t="N.pl3" l="N"/>
		<a id="11" s="C" t="C.ar" l="C"/>
		<a id="12" s="C" t="C.ar" l="C"/>
		<a id="13" s="C" t="C.ar" l="C"/>
		<a id="14" s="C" t="C.ar" l="C"/>
		<a id="15" s="C" t="C.ar" l="C"/>
		<a id="16" s="C" t="C.ar" l="C"/>
		<a id="17" s="N" t="N.ar" l="N"/>
		<a id="18" s="N" t="N.ar" l="N"/>
		<a id="19" s="H" t="H" l="H"/>
		<a id="20" s="H" t="H" l="H"/>
		<a id="21" s="H" t="H" l="H"/>
		<a id="22" s="H" t="H" l="H"/>
		<a id="23" s="H" t="H" l="H"/>
		<a id="24" s="H" t="H" l="H"/>
		<a id="25" s="H" t="H" l="H"/>
		<a id="26" s="H" t="H" l="H"/>
		<a id="27" s="H" t="H" l="H"/>
		<a id="28" s="H" t="H" l="H"/>
		<a id="29" s="H" t="H" l="H"/>
		<a id="30" s="H" t="H" l="H"/>
		<a id="31" s="H" t="H" l="H"/>
	</atoms>
	<bonds>
		<b id="1" c="1 2" t="1"/>
		<b id="2" c="2 3" t="ar"/>
		<b id="3" c="3 4" t="ar"/>
		<b id="4" c="4 5" t="ar"/>
		<b id="5" c="5 6" t="ar"/>
		<b id="6" c="6 7" t="1"/>
		<b id="7" c="7 8" t="ar"/>
		<b id="8" c="8 9" t="ar"/>
		<b id="9" c="9 10" t="1"/>
		<b id="10" c="9 11" t="ar"/>
		<b id="11" c="11 12" t="ar"/>
		<b id="12" c="12 13" t="ar"/>
		<b id="13" c="13 14" t="ar"/>
		<b id="14" c="14 15" t="ar"/>
		<b id="15" c="15 16" t="ar"/>
		<b id="16" c="11 16" t="ar"/>
		<b id="17" c="16 17" t="ar"/>
		<b id="18" c="7 17" t="ar"/>
		<b id="19" c="6 18" t="ar"/>
		<b id="20" c="2 18" t="ar"/>
		<b id="21" c="1 19" t="1"/>
		<b id="22" c="1 20" t="1"/>
		<b id="23" c="1 21" t="1"/>
		<b id="24" c="3 22" t="1"/>
		<b id="25" c="4 23" t="1"/>
		<b id="26" c="5 24" t="1"/>
		<b id="27" c="8 25" t="1"/>
		<b id="28" c="10 26" t="1"/>
		<b id="29" c="10 27" t="1"/>
		<b id="30" c="12 28" t="1"/>
		<b id="31" c="13 29" t="1"/>
		<b id="32" c="14 30" t="1"/>
		<b id="33" c="15 31" t="1"/>
	</bonds>
	<geometry>
		<g u="A" t="cart/3d">#31,3:-1.3627,-1.9416,1.7292;-0.9326,-0.9699,0.6726;-0.0481,-1.3338,-0.3389;0.3072,-0.3872,-1.2870;-0.2281,0.8835,-1.1980;-1.1064,1.1618,-0.1501;-1.7042,2.4987,-0.0131;-2.5472,2.7756,1.0727;-3.1094,4.0292,1.2100;-3.9673,4.2958,2.2417;-2.8146,5.0074,0.2121;-3.3340,6.3151,0.2066;-3.0003,7.2008,-0.7824;-2.1299,6.8193,-1.8124;-1.6112,5.5560,-1.8419;-1.9382,4.6167,-0.8399;-1.4012,3.3891,-0.9350;-1.4417,0.2498,0.7575;-0.9118,-2.9173,1.5706;-2.4464,-2.0403,1.7186;-1.0761,-1.5694,2.7109;0.3510,-2.3363,-0.3805;0.9926,-0.6419,-2.0833;0.0067,1.6623,-1.9041;-2.7388,1.9943,1.7907;-3.9880,3.6309,2.9963;-4.1383,5.2534,2.4932;-4.0163,6.6289,0.9845;-3.4099,8.2005,-0.7738;-1.8763,7.5321,-2.5836;-0.9438,5.2363,-2.6269;</g>
	</geometry>
	<conformers/>
	<properties/>
</molecule>
