<?xml version="1.0" ?>
<!--MOLLI PACKAGE EXPERIMENTAL XML FORMAT-->
<molecule name="nuc824">
	<atoms>
		<a id="1" s="N" t="N.pl3" l="N"/>
		<a id="2" s="C" t="C.ar" l="C"/>
		<a id="3" s="C" t="C.ar" l="C"/>
		<a id="4" s="C" t="C.ar" l="C"/>
		<a id="5" s="C" t="C.ar" l="C"/>
		<a id="6" s="C" t="C.ar" l="C"/>
		<a id="7" s="C" t="C.ar" l="C"/>
		<a id="8" s="N" t="N.ar" l="N"/>
		<a id="9" s="C" t="C.ar" l="C"/>
		<a id="10" s="C" t="C.ar" l="C"/>
		<a id="11" s="H" t="H" l="H"/>
		<a id="12" s="H" t="H" l="H"/>
		<a id="13" s="H" t="H" l="H"/>
		<a id="14" s="H" t="H" l="H"/>
		<a id="15" s="H" t="H" l="H"/>
		<a id="16" s="H" t="H" l="H"/>
		<a id="17" s="H" t="H" l="H"/>
		<a id="18" s="H" t="H" l="H"/>
	</atoms>
	<bonds>
		<b id="1" c="1 2" t="1"/>
		<b id="2" c="2 3" t="ar"/>
		<b id="3" c="3 4" t="ar"/>
		<b id="4" c="4 5" t="ar"/>
		<b id="5" c="5 6" t="ar"/>
		<b id="6" c="6 7" t="ar"/>
		<b id="7" c="7 8" t="ar"/>
		<b id="8" c="8 9" t="ar"/>
		<b id="9" c="5 9" t="ar"/>
		<b id="10" c="9 10" t="ar"/>
		<b id="11" c="2 10" t="ar"/>
		<b id="12" c="1 11" t="1"/>
		<b id="13" c="1 12" t="1"/>
		<b id="14" c="3 13" t="1"/>
		<b id="15" c="4 14" t="1"/>
		<b id="16" c="6 15" t="1"/>
		<b id="17" c="7 16" t="1"/>
		<b id="18" c="8 17" t="1"/>
		<b id="19" c="10 18" t="1"/>
	</bonds>
	<geometry>
		<g u="A" t="cart/3d">#18,3:1.1447,0.0050,0.2711;2.5255,0.0202,0.1293;3.2273,-1.1994,0.0824;4.5983,-1.2444,0.0171;5.3126,-0.0468,-0.0031;6.6952,0.2890,-0.0672;6.7765,1.6455,-0.0564;5.5173,2.1857,0.0097;4.6015,1.1754,0.0448;3.2159,1.2227,0.1065;0.6869,-0.8365,-0.0421;0.6703,0.8503,-0.0049;2.6564,-2.1172,0.1009;5.1162,-2.1913,-0.0203;7.5146,-0.4006,-0.1144;7.6408,2.2812,-0.0916;5.3057,3.1681,0.0365;2.6856,2.1641,0.1408;</g>
	</geometry>
	<conformers/>
	<properties/>
</molecule>
