<?xml version="1.0" ?>
<!--MOLLI PACKAGE EXPERIMENTAL XML FORMAT-->
<molecule name="nuc426">
	<atoms>
		<a id="1" s="C" t="C.3" l="C"/>
		<a id="2" s="O" t="O.3" l="O"/>
		<a id="3" s="C" t="C.ar" l="C"/>
		<a id="4" s="C" t="C.ar" l="C"/>
		<a id="5" s="C" t="C.ar" l="C"/>
		<a id="6" s="C" t="C.ar" l="C"/>
		<a id="7" s="C" t="C.ar" l="C"/>
		<a id="8" s="C" t="C.ar" l="C"/>
		<a id="9" s="C" t="C.ar" l="C"/>
		<a id="10" s="C" t="C.ar" l="C"/>
		<a id="11" s="N" t="N.pl3" l="N"/>
		<a id="12" s="C" t="C.ar" l="C"/>
		<a id="13" s="C" t="C.ar" l="C"/>
		<a id="14" s="N" t="N.ar" l="N"/>
		<a id="15" s="N" t="N.ar" l="N"/>
		<a id="16" s="H" t="H" l="H"/>
		<a id="17" s="H" t="H" l="H"/>
		<a id="18" s="H" t="H" l="H"/>
		<a id="19" s="H" t="H" l="H"/>
		<a id="20" s="H" t="H" l="H"/>
		<a id="21" s="H" t="H" l="H"/>
		<a id="22" s="H" t="H" l="H"/>
		<a id="23" s="H" t="H" l="H"/>
		<a id="24" s="H" t="H" l="H"/>
		<a id="25" s="H" t="H" l="H"/>
		<a id="26" s="H" t="H" l="H"/>
	</atoms>
	<bonds>
		<b id="1" c="1 2" t="1"/>
		<b id="2" c="2 3" t="1"/>
		<b id="3" c="3 4" t="ar"/>
		<b id="4" c="4 5" t="ar"/>
		<b id="5" c="5 6" t="ar"/>
		<b id="6" c="6 7" t="1"/>
		<b id="7" c="7 8" t="ar"/>
		<b id="8" c="8 9" t="ar"/>
		<b id="9" c="9 10" t="ar"/>
		<b id="10" c="10 11" t="1"/>
		<b id="11" c="10 12" t="ar"/>
		<b id="12" c="12 13" t="ar"/>
		<b id="13" c="7 13" t="ar"/>
		<b id="14" c="6 14" t="ar"/>
		<b id="15" c="14 15" t="ar"/>
		<b id="16" c="3 15" t="ar"/>
		<b id="17" c="1 16" t="1"/>
		<b id="18" c="1 17" t="1"/>
		<b id="19" c="1 18" t="1"/>
		<b id="20" c="4 19" t="1"/>
		<b id="21" c="5 20" t="1"/>
		<b id="22" c="8 21" t="1"/>
		<b id="23" c="9 22" t="1"/>
		<b id="24" c="11 23" t="1"/>
		<b id="25" c="11 24" t="1"/>
		<b id="26" c="12 25" t="1"/>
		<b id="27" c="13 26" t="1"/>
	</bonds>
	<geometry>
		<g u="A" t="cart/3d">#26,3:3.0960,-1.3794,-0.3014;2.6371,-0.0528,-0.1159;3.3134,0.8993,-0.7762;2.8982,2.2382,-0.6328;3.6159,3.1835,-1.3135;4.7099,2.7512,-2.0960;5.5524,3.6733,-2.8560;5.6784,5.0190,-2.5127;6.4947,5.8598,-3.2377;7.2098,5.3849,-4.3387;7.9689,6.2392,-5.1053;7.0867,4.0357,-4.6826;6.2777,3.1979,-3.9510;5.0120,1.4640,-2.1848;4.3329,0.5586,-1.5438;2.4252,-2.0103,0.2770;4.1227,-1.4838,0.0550;3.0654,-1.6529,-1.3575;2.0443,2.4717,-0.0168;3.3400,4.2260,-1.2741;5.1585,5.4131,-1.6520;6.5909,6.8986,-2.9542;8.2446,7.1088,-4.6794;8.6628,5.8179,-5.7006;7.6378,3.6564,-5.5315;6.1887,2.1548,-4.2093;</g>
	</geometry>
	<conformers/>
	<properties/>
</molecule>
