<?xml version="1.0" ?>
<!--MOLLI PACKAGE EXPERIMENTAL XML FORMAT-->
<molecule name="nuc833">
	<atoms>
		<a id="1" s="C" t="C.3" l="C"/>
		<a id="2" s="N" t="N.3" l="N"/>
		<a id="3" s="C" t="C.3" l="C"/>
		<a id="4" s="C" t="C.3" l="C"/>
		<a id="5" s="C" t="C.3" l="C"/>
		<a id="6" s="O" t="O.3" l="O"/>
		<a id="7" s="C" t="C.ar" l="C"/>
		<a id="8" s="N" t="N.ar" l="N"/>
		<a id="9" s="C" t="C.ar" l="C"/>
		<a id="10" s="N" t="N.pl3" l="N"/>
		<a id="11" s="C" t="C.ar" l="C"/>
		<a id="12" s="N" t="N.ar" l="N"/>
		<a id="13" s="C" t="C.ar" l="C"/>
		<a id="14" s="C" t="C.1" l="C"/>
		<a id="15" s="N" t="N.1" l="N"/>
		<a id="16" s="C" t="C.3" l="C"/>
		<a id="17" s="H" t="H" l="H"/>
		<a id="18" s="H" t="H" l="H"/>
		<a id="19" s="H" t="H" l="H"/>
		<a id="20" s="H" t="H" l="H"/>
		<a id="21" s="H" t="H" l="H"/>
		<a id="22" s="H" t="H" l="H"/>
		<a id="23" s="H" t="H" l="H"/>
		<a id="24" s="H" t="H" l="H"/>
		<a id="25" s="H" t="H" l="H"/>
		<a id="26" s="H" t="H" l="H"/>
		<a id="27" s="H" t="H" l="H"/>
		<a id="28" s="H" t="H" l="H"/>
		<a id="29" s="H" t="H" l="H"/>
	</atoms>
	<bonds>
		<b id="1" c="1 2" t="1"/>
		<b id="2" c="2 3" t="1"/>
		<b id="3" c="3 4" t="1"/>
		<b id="4" c="4 5" t="1"/>
		<b id="5" c="5 6" t="1"/>
		<b id="6" c="6 7" t="1"/>
		<b id="7" c="7 8" t="ar"/>
		<b id="8" c="8 9" t="ar"/>
		<b id="9" c="9 10" t="1"/>
		<b id="10" c="9 11" t="ar"/>
		<b id="11" c="11 12" t="ar"/>
		<b id="12" c="12 13" t="ar"/>
		<b id="13" c="7 13" t="ar"/>
		<b id="14" c="13 14" t="1"/>
		<b id="15" c="14 15" t="3"/>
		<b id="16" c="5 16" t="1"/>
		<b id="17" c="2 16" t="1"/>
		<b id="18" c="1 17" t="1"/>
		<b id="19" c="1 18" t="1"/>
		<b id="20" c="1 19" t="1"/>
		<b id="21" c="3 20" t="1"/>
		<b id="22" c="3 21" t="1"/>
		<b id="23" c="4 22" t="1"/>
		<b id="24" c="4 23" t="1"/>
		<b id="25" c="5 24" t="1"/>
		<b id="26" c="10 25" t="1"/>
		<b id="27" c="10 26" t="1"/>
		<b id="28" c="11 27" t="1"/>
		<b id="29" c="16 28" t="1"/>
		<b id="30" c="16 29" t="1"/>
	</bonds>
	<geometry>
		<g u="A" t="cart/3d">#29,3:-2.0821,0.0149,0.2420;-0.7402,0.0159,-0.2812;0.0351,-1.1653,0.0421;1.4425,-0.7758,-0.3950;1.5197,0.7224,-0.0525;2.0690,1.5003,-1.1100;3.3708,1.3837,-1.3436;4.1109,0.5644,-0.6129;5.4174,0.4834,-0.8855;6.1572,-0.3254,-0.0959;5.9774,1.2403,-1.9317;5.2476,2.0550,-2.6540;3.9472,2.1554,-2.3841;3.1471,3.0360,-3.1429;2.4741,3.7491,-3.7376;0.0599,1.1468,0.1553;-2.6156,-0.8473,-0.1548;-2.5899,0.9209,-0.0843;-2.1102,-0.0285,1.3439;-0.3523,-2.0280,-0.5017;0.0152,-1.3921,1.1242;1.5384,-0.8890,-1.4746;2.2214,-1.3544,0.0953;2.1273,0.8929,0.8434;5.6789,-0.9088,0.5676;7.1066,-0.5374,-0.3413;7.0272,1.1793,-2.1785;-0.1717,2.0253,-0.4495;-0.1149,1.3877,1.2176;</g>
	</geometry>
	<conformers/>
	<properties/>
</molecule>
