<?xml version="1.0" ?>
<!--MOLLI PACKAGE EXPERIMENTAL XML FORMAT-->
<molecule name="nuc836">
	<atoms>
		<a id="1" s="N" t="N.pl3" l="N"/>
		<a id="2" s="C" t="C.ar" l="C"/>
		<a id="3" s="C" t="C.ar" l="C"/>
		<a id="4" s="C" t="C.ar" l="C"/>
		<a id="5" s="C" t="C.ar" l="C"/>
		<a id="6" s="O" t="O.3" l="O"/>
		<a id="7" s="C" t="C.ar" l="C"/>
		<a id="8" s="N" t="N.ar" l="N"/>
		<a id="9" s="C" t="C.ar" l="C"/>
		<a id="10" s="C" t="C.ar" l="C"/>
		<a id="11" s="N" t="N.ar" l="N"/>
		<a id="12" s="C" t="C.ar" l="C"/>
		<a id="13" s="N" t="N.pl3" l="N"/>
		<a id="14" s="C" t="C.3" l="C"/>
		<a id="15" s="C" t="C.3" l="C"/>
		<a id="16" s="O" t="O.3" l="O"/>
		<a id="17" s="C" t="C.3" l="C"/>
		<a id="18" s="C" t="C.3" l="C"/>
		<a id="19" s="C" t="C.ar" l="C"/>
		<a id="20" s="C" t="C.ar" l="C"/>
		<a id="21" s="H" t="H" l="H"/>
		<a id="22" s="H" t="H" l="H"/>
		<a id="23" s="H" t="H" l="H"/>
		<a id="24" s="H" t="H" l="H"/>
		<a id="25" s="H" t="H" l="H"/>
		<a id="26" s="H" t="H" l="H"/>
		<a id="27" s="H" t="H" l="H"/>
		<a id="28" s="H" t="H" l="H"/>
		<a id="29" s="H" t="H" l="H"/>
		<a id="30" s="H" t="H" l="H"/>
		<a id="31" s="H" t="H" l="H"/>
		<a id="32" s="H" t="H" l="H"/>
		<a id="33" s="H" t="H" l="H"/>
		<a id="34" s="H" t="H" l="H"/>
		<a id="35" s="H" t="H" l="H"/>
		<a id="36" s="H" t="H" l="H"/>
	</atoms>
	<bonds>
		<b id="1" c="1 2" t="1"/>
		<b id="2" c="2 3" t="ar"/>
		<b id="3" c="3 4" t="ar"/>
		<b id="4" c="4 5" t="ar"/>
		<b id="5" c="5 6" t="1"/>
		<b id="6" c="6 7" t="1"/>
		<b id="7" c="7 8" t="ar"/>
		<b id="8" c="8 9" t="ar"/>
		<b id="9" c="9 10" t="ar"/>
		<b id="10" c="10 11" t="ar"/>
		<b id="11" c="11 12" t="ar"/>
		<b id="12" c="7 12" t="ar"/>
		<b id="13" c="12 13" t="1"/>
		<b id="14" c="13 14" t="1"/>
		<b id="15" c="14 15" t="1"/>
		<b id="16" c="15 16" t="1"/>
		<b id="17" c="16 17" t="1"/>
		<b id="18" c="17 18" t="1"/>
		<b id="19" c="13 18" t="1"/>
		<b id="20" c="5 19" t="ar"/>
		<b id="21" c="19 20" t="ar"/>
		<b id="22" c="2 20" t="ar"/>
		<b id="23" c="1 21" t="1"/>
		<b id="24" c="1 22" t="1"/>
		<b id="25" c="3 23" t="1"/>
		<b id="26" c="4 24" t="1"/>
		<b id="27" c="9 25" t="1"/>
		<b id="28" c="10 26" t="1"/>
		<b id="29" c="14 27" t="1"/>
		<b id="30" c="14 28" t="1"/>
		<b id="31" c="15 29" t="1"/>
		<b id="32" c="15 30" t="1"/>
		<b id="33" c="17 31" t="1"/>
		<b id="34" c="17 32" t="1"/>
		<b id="35" c="18 33" t="1"/>
		<b id="36" c="18 34" t="1"/>
		<b id="37" c="19 35" t="1"/>
		<b id="38" c="20 36" t="1"/>
	</bonds>
	<geometry>
		<g u="A" t="cart/3d">#36,3:-2.0399,-2.1783,-5.0027;-2.4642,-1.6313,-3.8087;-1.7052,-1.7794,-2.6476;-2.1638,-1.2927,-1.4404;-3.3918,-0.6507,-1.3712;-3.8454,-0.2529,-0.1175;-4.3416,0.9975,0.0310;-4.1365,1.8742,-0.9195;-4.6444,3.1029,-0.7851;-5.3908,3.4296,0.3201;-5.5917,2.5581,1.3065;-5.0698,1.3387,1.2160;-5.3624,0.4599,2.2207;-6.1562,0.9421,3.3370;-5.2383,1.4444,4.4556;-4.3389,0.4358,4.8670;-3.5625,-0.0271,3.7861;-4.4481,-0.5749,2.6577;-4.1618,-0.5027,-2.5159;-3.6984,-0.9852,-3.7216;-1.0539,-2.3663,-5.0826;-2.4644,-1.8087,-5.8377;-0.7488,-2.2791,-2.6984;-1.5742,-1.4067,-0.5436;-4.4420,3.7878,-1.5944;-5.8491,4.3991,0.4533;-6.7557,0.1031,3.7032;-6.8024,1.7454,2.9881;-5.8136,1.7170,5.3414;-4.6824,2.3227,4.0952;-2.9172,-0.8100,4.1879;-2.9400,0.7924,3.3919;-5.0461,-1.4078,3.0422;-3.8359,-0.9238,1.8311;-5.1185,-0.0076,-2.4602;-4.2986,-0.8684,-4.6122;</g>
	</geometry>
	<conformers/>
	<properties/>
</molecule>
