<?xml version="1.0" ?>
<!--MOLLI PACKAGE EXPERIMENTAL XML FORMAT-->
<molecule name="nuc838">
	<atoms>
		<a id="1" s="C" t="C.3" l="C"/>
		<a id="2" s="O" t="O.3" l="O"/>
		<a id="3" s="C" t="C.2" l="C"/>
		<a id="4" s="O" t="O.2" l="O"/>
		<a id="5" s="C" t="C.ar" l="C"/>
		<a id="6" s="C" t="C.ar" l="C"/>
		<a id="7" s="C" t="C.ar" l="C"/>
		<a id="8" s="C" t="C.ar" l="C"/>
		<a id="9" s="C" t="C.ar" l="C"/>
		<a id="10" s="N" t="N.pl3" l="N"/>
		<a id="11" s="C" t="C.ar" l="C"/>
		<a id="12" s="H" t="H" l="H"/>
		<a id="13" s="H" t="H" l="H"/>
		<a id="14" s="H" t="H" l="H"/>
		<a id="15" s="H" t="H" l="H"/>
		<a id="16" s="H" t="H" l="H"/>
		<a id="17" s="H" t="H" l="H"/>
		<a id="18" s="H" t="H" l="H"/>
		<a id="19" s="H" t="H" l="H"/>
		<a id="20" s="H" t="H" l="H"/>
	</atoms>
	<bonds>
		<b id="1" c="1 2" t="1"/>
		<b id="2" c="2 3" t="1"/>
		<b id="3" c="3 4" t="2"/>
		<b id="4" c="3 5" t="1"/>
		<b id="5" c="5 6" t="ar"/>
		<b id="6" c="6 7" t="ar"/>
		<b id="7" c="7 8" t="ar"/>
		<b id="8" c="8 9" t="ar"/>
		<b id="9" c="9 10" t="1"/>
		<b id="10" c="9 11" t="ar"/>
		<b id="11" c="5 11" t="ar"/>
		<b id="12" c="1 12" t="1"/>
		<b id="13" c="1 13" t="1"/>
		<b id="14" c="1 14" t="1"/>
		<b id="15" c="6 15" t="1"/>
		<b id="16" c="7 16" t="1"/>
		<b id="17" c="8 17" t="1"/>
		<b id="18" c="10 18" t="1"/>
		<b id="19" c="10 19" t="1"/>
		<b id="20" c="11 20" t="1"/>
	</bonds>
	<geometry>
		<g u="A" t="cart/3d">#20,3:1.1234,-0.6129,-0.7439;2.5411,-0.5926,-0.7296;3.1131,0.5629,-1.1098;2.4714,1.5301,-1.4445;4.5917,0.5099,-1.0679;5.2797,-0.6563,-0.7402;6.6627,-0.6404,-0.7259;7.3602,0.5128,-1.0310;6.6816,1.6897,-1.3587;7.3699,2.8577,-1.5929;5.2886,1.6714,-1.3755;0.8262,-1.5600,-0.3001;0.7530,-0.5386,-1.7689;0.7256,0.2248,-0.1671;4.7332,-1.5548,-0.5061;7.2074,-1.5392,-0.4766;8.4410,0.5138,-1.0169;8.3412,2.7754,-1.8421;6.8668,3.5931,-2.0603;4.7308,2.5615,-1.6260;</g>
	</geometry>
	<conformers/>
	<properties/>
</molecule>
