<?xml version="1.0" ?>
<!--MOLLI PACKAGE EXPERIMENTAL XML FORMAT-->
<molecule name="nuc839">
	<atoms>
		<a id="1" s="C" t="C.3" l="C"/>
		<a id="2" s="O" t="O.3" l="O"/>
		<a id="3" s="C" t="C.2" l="C"/>
		<a id="4" s="O" t="O.2" l="O"/>
		<a id="5" s="C" t="C.ar" l="C"/>
		<a id="6" s="C" t="C.ar" l="C"/>
		<a id="7" s="C" t="C.ar" l="C"/>
		<a id="8" s="C" t="C.ar" l="C"/>
		<a id="9" s="C" t="C.ar" l="C"/>
		<a id="10" s="C" t="C.ar" l="C"/>
		<a id="11" s="N" t="N.pl3" l="N"/>
		<a id="12" s="O" t="O.3" l="O"/>
		<a id="13" s="C" t="C.3" l="C"/>
		<a id="14" s="C" t="C.3" l="C"/>
		<a id="15" s="O" t="O.3" l="O"/>
		<a id="16" s="H" t="H" l="H"/>
		<a id="17" s="H" t="H" l="H"/>
		<a id="18" s="H" t="H" l="H"/>
		<a id="19" s="H" t="H" l="H"/>
		<a id="20" s="H" t="H" l="H"/>
		<a id="21" s="H" t="H" l="H"/>
		<a id="22" s="H" t="H" l="H"/>
		<a id="23" s="H" t="H" l="H"/>
		<a id="24" s="H" t="H" l="H"/>
		<a id="25" s="H" t="H" l="H"/>
		<a id="26" s="H" t="H" l="H"/>
	</atoms>
	<bonds>
		<b id="1" c="1 2" t="1"/>
		<b id="2" c="2 3" t="1"/>
		<b id="3" c="3 4" t="2"/>
		<b id="4" c="3 5" t="1"/>
		<b id="5" c="5 6" t="ar"/>
		<b id="6" c="6 7" t="ar"/>
		<b id="7" c="7 8" t="ar"/>
		<b id="8" c="8 9" t="ar"/>
		<b id="9" c="9 10" t="ar"/>
		<b id="10" c="5 10" t="ar"/>
		<b id="11" c="10 11" t="1"/>
		<b id="12" c="8 12" t="1"/>
		<b id="13" c="12 13" t="1"/>
		<b id="14" c="13 14" t="1"/>
		<b id="15" c="14 15" t="1"/>
		<b id="16" c="7 15" t="1"/>
		<b id="17" c="1 16" t="1"/>
		<b id="18" c="1 17" t="1"/>
		<b id="19" c="1 18" t="1"/>
		<b id="20" c="6 19" t="1"/>
		<b id="21" c="9 20" t="1"/>
		<b id="22" c="11 21" t="1"/>
		<b id="23" c="11 22" t="1"/>
		<b id="24" c="13 23" t="1"/>
		<b id="25" c="13 24" t="1"/>
		<b id="26" c="14 25" t="1"/>
		<b id="27" c="14 26" t="1"/>
	</bonds>
	<geometry>
		<g u="A" t="cart/3d">#26,3:1.1744,-0.4045,-0.4041;2.5897,-0.3734,-0.4653;3.1309,0.7737,-0.9151;2.4329,1.7179,-1.2416;4.5913,0.7351,-0.9727;5.2718,-0.4418,-0.6492;6.6444,-0.5251,-0.7229;7.3819,0.6037,-1.1185;6.7215,1.7674,-1.4624;5.3282,1.8670,-1.4000;4.7168,3.0396,-1.6909;8.7465,0.5953,-1.1812;9.3400,-0.5207,-0.5519;8.5770,-1.7958,-0.9060;7.2589,-1.7222,-0.4169;0.9113,-1.3544,0.0555;0.7481,-0.3342,-1.4080;0.7989,0.4295,0.1938;4.7176,-1.3116,-0.3396;7.3099,2.6161,-1.7741;5.2390,3.7657,-2.1457;3.7078,3.0328,-1.7389;9.3276,-0.3834,0.5378;10.3715,-0.5616,-0.9049;9.0331,-2.6710,-0.4411;8.5694,-1.9197,-1.9985;</g>
	</geometry>
	<conformers/>
	<properties/>
</molecule>
