<?xml version="1.0" ?>
<!--MOLLI PACKAGE EXPERIMENTAL XML FORMAT-->
<molecule name="nuc841">
	<atoms>
		<a id="1" s="N" t="N.pl3" l="N"/>
		<a id="2" s="C" t="C.ar" l="C"/>
		<a id="3" s="C" t="C.ar" l="C"/>
		<a id="4" s="C" t="C.ar" l="C"/>
		<a id="5" s="C" t="C.ar" l="C"/>
		<a id="6" s="C" t="C.ar" l="C"/>
		<a id="7" s="C" t="C.ar" l="C"/>
		<a id="8" s="C" t="C.3" l="C"/>
		<a id="9" s="N" t="N.am" l="N"/>
		<a id="10" s="C" t="C.3" l="C"/>
		<a id="11" s="C" t="C.3" l="C"/>
		<a id="12" s="C" t="C.3" l="C"/>
		<a id="13" s="C" t="C.2" l="C"/>
		<a id="14" s="O" t="O.2" l="O"/>
		<a id="15" s="H" t="H" l="H"/>
		<a id="16" s="H" t="H" l="H"/>
		<a id="17" s="H" t="H" l="H"/>
		<a id="18" s="H" t="H" l="H"/>
		<a id="19" s="H" t="H" l="H"/>
		<a id="20" s="H" t="H" l="H"/>
		<a id="21" s="H" t="H" l="H"/>
		<a id="22" s="H" t="H" l="H"/>
		<a id="23" s="H" t="H" l="H"/>
		<a id="24" s="H" t="H" l="H"/>
		<a id="25" s="H" t="H" l="H"/>
		<a id="26" s="H" t="H" l="H"/>
	</atoms>
	<bonds>
		<b id="1" c="1 2" t="1"/>
		<b id="2" c="2 3" t="ar"/>
		<b id="3" c="3 4" t="ar"/>
		<b id="4" c="4 5" t="ar"/>
		<b id="5" c="5 6" t="ar"/>
		<b id="6" c="6 7" t="ar"/>
		<b id="7" c="2 7" t="ar"/>
		<b id="8" c="6 8" t="1"/>
		<b id="9" c="8 9" t="1"/>
		<b id="10" c="9 10" t="1"/>
		<b id="11" c="10 11" t="1"/>
		<b id="12" c="11 12" t="1"/>
		<b id="13" c="10 12" t="1"/>
		<b id="14" c="9 13" t="am"/>
		<b id="15" c="5 13" t="1"/>
		<b id="16" c="13 14" t="2"/>
		<b id="17" c="1 15" t="1"/>
		<b id="18" c="1 16" t="1"/>
		<b id="19" c="3 17" t="1"/>
		<b id="20" c="4 18" t="1"/>
		<b id="21" c="7 19" t="1"/>
		<b id="22" c="8 20" t="1"/>
		<b id="23" c="8 21" t="1"/>
		<b id="24" c="10 22" t="1"/>
		<b id="25" c="11 23" t="1"/>
		<b id="26" c="11 24" t="1"/>
		<b id="27" c="12 25" t="1"/>
		<b id="28" c="12 26" t="1"/>
	</bonds>
	<geometry>
		<g u="A" t="cart/3d">#26,3:1.2311,-0.3292,-0.2002;2.5816,-0.1059,-0.0813;3.4528,-1.1780,0.1530;4.8183,-0.9915,0.2100;5.3200,0.2879,0.0310;4.4604,1.3603,-0.2037;3.0979,1.1835,-0.2600;5.2795,2.6027,-0.3584;6.6335,2.1214,-0.1811;7.7245,3.0259,-0.2865;8.9363,2.8425,0.5714;7.9976,3.9740,0.8523;6.7134,0.7717,0.0390;7.7336,0.1367,0.2063;0.8733,-1.1940,0.1688;0.6208,0.4657,-0.1124;3.0341,-2.1650,0.2879;5.4895,-1.8161,0.3917;2.4289,2.0126,-0.4407;5.0324,3.3610,0.3950;5.1536,3.0589,-1.3489;7.8698,3.4067,-1.2961;9.8972,3.0602,0.1317;8.9436,2.0007,1.2437;8.3062,4.9813,0.6174;7.3691,3.8993,1.7268;</g>
	</geometry>
	<conformers/>
	<properties/>
</molecule>
