<?xml version="1.0" ?>
<!--MOLLI PACKAGE EXPERIMENTAL XML FORMAT-->
<molecule name="nuc845">
	<atoms>
		<a id="1" s="C" t="C.3" l="C"/>
		<a id="2" s="C" t="C.3" l="C"/>
		<a id="3" s="C" t="C.3" l="C"/>
		<a id="4" s="O" t="O.3" l="O"/>
		<a id="5" s="C" t="C.3" l="C"/>
		<a id="6" s="N" t="N.3" l="N"/>
		<a id="7" s="C" t="C.ar" l="C"/>
		<a id="8" s="C" t="C.ar" l="C"/>
		<a id="9" s="C" t="C.ar" l="C"/>
		<a id="10" s="C" t="C.ar" l="C"/>
		<a id="11" s="F" t="F" l="F"/>
		<a id="12" s="C" t="C.ar" l="C"/>
		<a id="13" s="C" t="C.ar" l="C"/>
		<a id="14" s="H" t="H" l="H"/>
		<a id="15" s="H" t="H" l="H"/>
		<a id="16" s="H" t="H" l="H"/>
		<a id="17" s="H" t="H" l="H"/>
		<a id="18" s="H" t="H" l="H"/>
		<a id="19" s="H" t="H" l="H"/>
		<a id="20" s="H" t="H" l="H"/>
		<a id="21" s="H" t="H" l="H"/>
		<a id="22" s="H" t="H" l="H"/>
		<a id="23" s="H" t="H" l="H"/>
		<a id="24" s="H" t="H" l="H"/>
		<a id="25" s="H" t="H" l="H"/>
		<a id="26" s="H" t="H" l="H"/>
		<a id="27" s="H" t="H" l="H"/>
	</atoms>
	<bonds>
		<b id="1" c="1 2" t="1"/>
		<b id="2" c="2 3" t="1"/>
		<b id="3" c="2 4" t="1"/>
		<b id="4" c="5 7" t="1"/>
		<b id="5" c="7 8" t="ar"/>
		<b id="6" c="8 9" t="ar"/>
		<b id="7" c="9 10" t="ar"/>
		<b id="8" c="10 11" t="1"/>
		<b id="9" c="10 12" t="ar"/>
		<b id="10" c="12 13" t="ar"/>
		<b id="11" c="7 13" t="ar"/>
		<b id="12" c="5 6" t="1"/>
		<b id="13" c="5 2" t="1"/>
		<b id="14" c="1 14" t="1"/>
		<b id="15" c="1 15" t="1"/>
		<b id="16" c="1 16" t="1"/>
		<b id="17" c="3 17" t="1"/>
		<b id="18" c="3 18" t="1"/>
		<b id="19" c="3 19" t="1"/>
		<b id="20" c="4 20" t="1"/>
		<b id="21" c="5 21" t="1"/>
		<b id="22" c="6 22" t="1"/>
		<b id="23" c="6 23" t="1"/>
		<b id="24" c="8 24" t="1"/>
		<b id="25" c="9 25" t="1"/>
		<b id="26" c="12 26" t="1"/>
		<b id="27" c="13 27" t="1"/>
	</bonds>
	<geometry>
		<g u="A" t="cart/3d">#27,3:0.9753,2.1162,-0.7654;2.4926,2.2479,-0.6030;3.0319,3.3325,-1.5416;2.8133,2.5652,0.7436;3.1555,0.8807,-0.9128;2.6457,-0.1047,0.0303;4.6679,0.9797,-0.9283;5.3661,0.8289,-2.1208;6.7475,0.8908,-2.1511;7.4263,1.1050,-0.9663;8.7767,1.1683,-0.9850;6.7619,1.2570,0.2362;5.3809,1.1890,0.2471;0.4821,3.0403,-0.4677;0.6162,1.3010,-0.1441;0.7242,1.9052,-1.8005;2.5046,4.2698,-1.3710;2.8932,3.0405,-2.5787;4.0923,3.4916,-1.3605;2.3723,3.3909,0.9694;2.8199,0.5737,-1.9114;2.7705,0.2469,0.9739;3.1676,-0.9700,-0.0567;4.8231,0.6615,-3.0397;7.2962,0.7755,-3.0724;7.3230,1.4257,1.1419;4.8482,1.3217,1.1756;</g>
	</geometry>
	<conformers/>
	<properties/>
</molecule>
