<?xml version="1.0" ?>
<!--MOLLI PACKAGE EXPERIMENTAL XML FORMAT-->
<molecule name="nuc847">
	<atoms>
		<a id="1" s="C" t="C.3" l="C"/>
		<a id="2" s="C" t="C.3" l="C"/>
		<a id="3" s="N" t="N.3" l="N"/>
		<a id="4" s="C" t="C.ar" l="C"/>
		<a id="5" s="C" t="C.ar" l="C"/>
		<a id="6" s="C" t="C.ar" l="C"/>
		<a id="7" s="C" t="C.ar" l="C"/>
		<a id="8" s="C" t="C.ar" l="C"/>
		<a id="9" s="C" t="C.ar" l="C"/>
		<a id="10" s="F" t="F" l="F"/>
		<a id="11" s="H" t="H" l="H"/>
		<a id="12" s="H" t="H" l="H"/>
		<a id="13" s="H" t="H" l="H"/>
		<a id="14" s="H" t="H" l="H"/>
		<a id="15" s="H" t="H" l="H"/>
		<a id="16" s="H" t="H" l="H"/>
		<a id="17" s="H" t="H" l="H"/>
		<a id="18" s="H" t="H" l="H"/>
		<a id="19" s="H" t="H" l="H"/>
		<a id="20" s="H" t="H" l="H"/>
	</atoms>
	<bonds>
		<b id="1" c="2 4" t="1"/>
		<b id="2" c="4 5" t="ar"/>
		<b id="3" c="5 6" t="ar"/>
		<b id="4" c="6 7" t="ar"/>
		<b id="5" c="7 8" t="ar"/>
		<b id="6" c="8 9" t="ar"/>
		<b id="7" c="4 9" t="ar"/>
		<b id="8" c="9 10" t="1"/>
		<b id="9" c="2 3" t="1"/>
		<b id="10" c="2 1" t="1"/>
		<b id="11" c="1 11" t="1"/>
		<b id="12" c="1 12" t="1"/>
		<b id="13" c="1 13" t="1"/>
		<b id="14" c="2 14" t="1"/>
		<b id="15" c="3 15" t="1"/>
		<b id="16" c="3 16" t="1"/>
		<b id="17" c="5 17" t="1"/>
		<b id="18" c="6 18" t="1"/>
		<b id="19" c="7 19" t="1"/>
		<b id="20" c="8 20" t="1"/>
	</bonds>
	<geometry>
		<g u="A" t="cart/3d">#20,3:3.2710,1.2164,-0.3396;2.4295,-0.0180,-0.0269;1.0316,0.3834,0.0974;2.9065,-0.7647,1.2071;3.4198,-0.1262,2.3301;3.7790,-0.8383,3.4613;3.6271,-2.2135,3.5012;3.1097,-2.8776,2.4034;2.7584,-2.1459,1.2854;2.2462,-2.8149,0.2241;4.3267,0.9605,-0.3703;3.1126,1.9921,0.4049;2.9714,1.6136,-1.3047;2.4817,-0.7013,-0.8825;0.9048,0.9660,0.9189;0.4345,-0.4305,0.1930;3.5462,0.9452,2.3194;4.1801,-0.3150,4.3163;3.9076,-2.7690,4.3827;2.9743,-3.9477,2.4000;</g>
	</geometry>
	<conformers/>
	<properties/>
</molecule>
