<?xml version="1.0" ?>
<!--MOLLI PACKAGE EXPERIMENTAL XML FORMAT-->
<molecule name="nuc849">
	<atoms>
		<a id="1" s="C" t="C.3" l="C"/>
		<a id="2" s="C" t="C.3" l="C"/>
		<a id="3" s="N" t="N.3" l="N"/>
		<a id="4" s="C" t="C.ar" l="C"/>
		<a id="5" s="C" t="C.ar" l="C"/>
		<a id="6" s="C" t="C.ar" l="C"/>
		<a id="7" s="C" t="C.ar" l="C"/>
		<a id="8" s="C" t="C.3" l="C"/>
		<a id="9" s="F" t="F" l="F"/>
		<a id="10" s="F" t="F" l="F"/>
		<a id="11" s="F" t="F" l="F"/>
		<a id="12" s="C" t="C.ar" l="C"/>
		<a id="13" s="C" t="C.ar" l="C"/>
		<a id="14" s="H" t="H" l="H"/>
		<a id="15" s="H" t="H" l="H"/>
		<a id="16" s="H" t="H" l="H"/>
		<a id="17" s="H" t="H" l="H"/>
		<a id="18" s="H" t="H" l="H"/>
		<a id="19" s="H" t="H" l="H"/>
		<a id="20" s="H" t="H" l="H"/>
		<a id="21" s="H" t="H" l="H"/>
		<a id="22" s="H" t="H" l="H"/>
		<a id="23" s="H" t="H" l="H"/>
	</atoms>
	<bonds>
		<b id="1" c="2 4" t="1"/>
		<b id="2" c="4 5" t="ar"/>
		<b id="3" c="5 6" t="ar"/>
		<b id="4" c="6 7" t="ar"/>
		<b id="5" c="7 8" t="1"/>
		<b id="6" c="8 9" t="1"/>
		<b id="7" c="8 10" t="1"/>
		<b id="8" c="8 11" t="1"/>
		<b id="9" c="7 12" t="ar"/>
		<b id="10" c="12 13" t="ar"/>
		<b id="11" c="4 13" t="ar"/>
		<b id="12" c="2 3" t="1"/>
		<b id="13" c="2 1" t="1"/>
		<b id="14" c="1 14" t="1"/>
		<b id="15" c="1 15" t="1"/>
		<b id="16" c="1 16" t="1"/>
		<b id="17" c="2 17" t="1"/>
		<b id="18" c="3 18" t="1"/>
		<b id="19" c="3 19" t="1"/>
		<b id="20" c="5 20" t="1"/>
		<b id="21" c="6 21" t="1"/>
		<b id="22" c="12 22" t="1"/>
		<b id="23" c="13 23" t="1"/>
	</bonds>
	<geometry>
		<g u="A" t="cart/3d">#23,3:2.9812,-0.3472,1.3360;2.5111,-0.0420,-0.0867;1.0671,0.1418,-0.0841;2.9785,-1.1204,-1.0469;3.8688,-0.8217,-2.0708;4.2769,-1.7927,-2.9674;3.7872,-3.0839,-2.8421;4.1963,-4.1681,-3.7941;5.0422,-3.7545,-4.7470;4.8045,-5.1945,-3.1672;3.1389,-4.7063,-4.4345;2.8964,-3.4017,-1.8237;2.4979,-2.4220,-0.9370;4.0661,-0.3981,1.3712;2.5768,-1.2961,1.6796;2.6370,0.4375,2.0035;2.9446,0.9154,-0.3999;0.5981,-0.7003,0.2314;0.7322,0.3560,-1.0168;4.2497,0.1840,-2.1697;4.9679,-1.5500,-3.7599;2.5229,-4.4105,-1.7335;1.8045,-2.6780,-0.1492;</g>
	</geometry>
	<conformers/>
	<properties/>
</molecule>
