<?xml version="1.0" ?>
<!--MOLLI PACKAGE EXPERIMENTAL XML FORMAT-->
<molecule name="nuc850">
	<atoms>
		<a id="1" s="C" t="C.3" l="C"/>
		<a id="2" s="C" t="C.3" l="C"/>
		<a id="3" s="N" t="N.3" l="N"/>
		<a id="4" s="C" t="C.ar" l="C"/>
		<a id="5" s="C" t="C.ar" l="C"/>
		<a id="6" s="C" t="C.ar" l="C"/>
		<a id="7" s="C" t="C.ar" l="C"/>
		<a id="8" s="C" t="C.ar" l="C"/>
		<a id="9" s="F" t="F" l="F"/>
		<a id="10" s="C" t="C.ar" l="C"/>
		<a id="11" s="H" t="H" l="H"/>
		<a id="12" s="H" t="H" l="H"/>
		<a id="13" s="H" t="H" l="H"/>
		<a id="14" s="H" t="H" l="H"/>
		<a id="15" s="H" t="H" l="H"/>
		<a id="16" s="H" t="H" l="H"/>
		<a id="17" s="H" t="H" l="H"/>
		<a id="18" s="H" t="H" l="H"/>
		<a id="19" s="H" t="H" l="H"/>
		<a id="20" s="H" t="H" l="H"/>
	</atoms>
	<bonds>
		<b id="1" c="2 4" t="1"/>
		<b id="2" c="4 5" t="ar"/>
		<b id="3" c="5 6" t="ar"/>
		<b id="4" c="6 7" t="ar"/>
		<b id="5" c="7 8" t="ar"/>
		<b id="6" c="8 9" t="1"/>
		<b id="7" c="8 10" t="ar"/>
		<b id="8" c="4 10" t="ar"/>
		<b id="9" c="2 3" t="1"/>
		<b id="10" c="2 1" t="1"/>
		<b id="11" c="1 11" t="1"/>
		<b id="12" c="1 12" t="1"/>
		<b id="13" c="1 13" t="1"/>
		<b id="14" c="2 14" t="1"/>
		<b id="15" c="3 15" t="1"/>
		<b id="16" c="3 16" t="1"/>
		<b id="17" c="5 17" t="1"/>
		<b id="18" c="6 18" t="1"/>
		<b id="19" c="7 19" t="1"/>
		<b id="20" c="10 20" t="1"/>
	</bonds>
	<geometry>
		<g u="A" t="cart/3d">#20,3:3.3716,-0.5599,1.0077;2.4819,0.0384,-0.0824;1.0949,-0.3165,0.1867;2.9592,-0.3884,-1.4583;3.4263,0.5474,-2.3730;3.8410,0.1642,-3.6369;3.7956,-1.1655,-4.0160;3.3265,-2.0888,-3.1002;3.2733,-3.3928,-3.4508;2.9084,-1.7251,-1.8356;4.3997,-0.2328,0.8756;3.3450,-1.6462,0.9722;3.0144,-0.2369,1.9813;2.5393,1.1319,-0.0189;0.9781,-1.3241,0.1796;0.4850,0.0725,-0.5242;3.4660,1.5895,-2.0909;4.2020,0.9059,-4.3332;4.1135,-1.4896,-4.9940;2.5513,-2.4891,-1.1611;</g>
	</geometry>
	<conformers/>
	<properties/>
</molecule>
