<?xml version="1.0" ?>
<!--MOLLI PACKAGE EXPERIMENTAL XML FORMAT-->
<molecule name="nuc858">
	<atoms>
		<a id="1" s="N" t="N.pl3" l="N"/>
		<a id="2" s="C" t="C.ar" l="C"/>
		<a id="3" s="C" t="C.ar" l="C"/>
		<a id="4" s="C" t="C.ar" l="C"/>
		<a id="5" s="C" t="C.ar" l="C"/>
		<a id="6" s="C" t="C.ar" l="C"/>
		<a id="7" s="N" t="N.am" l="N"/>
		<a id="8" s="C" t="C.2" l="C"/>
		<a id="9" s="O" t="O.2" l="O"/>
		<a id="10" s="N" t="N.am" l="N"/>
		<a id="11" s="C" t="C.3" l="C"/>
		<a id="12" s="C" t="C.3" l="C"/>
		<a id="13" s="C" t="C.3" l="C"/>
		<a id="14" s="C" t="C.3" l="C"/>
		<a id="15" s="C" t="C.3" l="C"/>
		<a id="16" s="C" t="C.ar" l="C"/>
		<a id="17" s="H" t="H" l="H"/>
		<a id="18" s="H" t="H" l="H"/>
		<a id="19" s="H" t="H" l="H"/>
		<a id="20" s="H" t="H" l="H"/>
		<a id="21" s="H" t="H" l="H"/>
		<a id="22" s="H" t="H" l="H"/>
		<a id="23" s="H" t="H" l="H"/>
		<a id="24" s="H" t="H" l="H"/>
		<a id="25" s="H" t="H" l="H"/>
		<a id="26" s="H" t="H" l="H"/>
		<a id="27" s="H" t="H" l="H"/>
		<a id="28" s="H" t="H" l="H"/>
		<a id="29" s="H" t="H" l="H"/>
		<a id="30" s="H" t="H" l="H"/>
		<a id="31" s="H" t="H" l="H"/>
		<a id="32" s="H" t="H" l="H"/>
		<a id="33" s="H" t="H" l="H"/>
	</atoms>
	<bonds>
		<b id="1" c="1 2" t="1"/>
		<b id="2" c="2 3" t="ar"/>
		<b id="3" c="3 4" t="ar"/>
		<b id="4" c="4 5" t="ar"/>
		<b id="5" c="5 6" t="ar"/>
		<b id="6" c="6 7" t="1"/>
		<b id="7" c="7 8" t="am"/>
		<b id="8" c="8 9" t="2"/>
		<b id="9" c="8 10" t="am"/>
		<b id="10" c="10 11" t="1"/>
		<b id="11" c="11 12" t="1"/>
		<b id="12" c="12 13" t="1"/>
		<b id="13" c="13 14" t="1"/>
		<b id="14" c="14 15" t="1"/>
		<b id="15" c="10 15" t="1"/>
		<b id="16" c="6 16" t="ar"/>
		<b id="17" c="2 16" t="ar"/>
		<b id="18" c="1 17" t="1"/>
		<b id="19" c="1 18" t="1"/>
		<b id="20" c="3 19" t="1"/>
		<b id="21" c="4 20" t="1"/>
		<b id="22" c="5 21" t="1"/>
		<b id="23" c="7 22" t="1"/>
		<b id="24" c="11 23" t="1"/>
		<b id="25" c="11 24" t="1"/>
		<b id="26" c="12 25" t="1"/>
		<b id="27" c="12 26" t="1"/>
		<b id="28" c="13 27" t="1"/>
		<b id="29" c="13 28" t="1"/>
		<b id="30" c="14 29" t="1"/>
		<b id="31" c="14 30" t="1"/>
		<b id="32" c="15 31" t="1"/>
		<b id="33" c="15 32" t="1"/>
		<b id="34" c="16 33" t="1"/>
	</bonds>
	<geometry>
		<g u="A" t="cart/3d">#33,3:2.1253,-0.2985,0.5046;0.7445,-0.1961,0.4881;0.1229,1.0466,0.6083;-1.2514,1.1391,0.5146;-2.0367,0.0198,0.3040;-1.4267,-1.2238,0.1775;-2.1355,-2.4124,-0.0202;-3.4692,-2.5682,-0.3155;-4.2471,-1.6414,-0.4266;-3.8693,-3.8660,-0.5418;-5.2850,-4.0799,-0.7860;-5.9989,-4.5255,0.4904;-5.3391,-5.7849,1.0473;-3.8441,-5.5437,1.2424;-3.2223,-5.0733,-0.0768;-0.0420,-1.3237,0.2770;2.6129,0.4665,0.9433;2.4986,-1.2062,0.7322;0.7247,1.9289,0.7716;-1.7260,2.1044,0.6109;-3.1062,0.1010,0.2271;-1.5422,-3.2235,-0.0978;-5.3839,-4.8464,-1.5623;-5.7035,-3.1415,-1.1504;-7.0520,-4.7103,0.2747;-5.9362,-3.7200,1.2245;-5.4826,-6.6113,0.3459;-5.8010,-6.0656,1.9957;-3.3490,-6.4573,1.5765;-3.6924,-4.7725,2.0012;-3.3730,-5.8432,-0.8439;-2.1469,-4.9398,0.0462;0.4383,-2.2900,0.1831;</g>
	</geometry>
	<conformers/>
	<properties/>
</molecule>
