<?xml version="1.0" ?>
<!--MOLLI PACKAGE EXPERIMENTAL XML FORMAT-->
<molecule name="nuc860">
	<atoms>
		<a id="1" s="N" t="N.pl3" l="N"/>
		<a id="2" s="C" t="C.ar" l="C"/>
		<a id="3" s="C" t="C.ar" l="C"/>
		<a id="4" s="C" t="C.ar" l="C"/>
		<a id="5" s="C" t="C.ar" l="C"/>
		<a id="6" s="C" t="C.ar" l="C"/>
		<a id="7" s="N" t="N.am" l="N"/>
		<a id="8" s="C" t="C.2" l="C"/>
		<a id="9" s="O" t="O.2" l="O"/>
		<a id="10" s="C" t="C.3" l="C"/>
		<a id="11" s="C" t="C.3" l="C"/>
		<a id="12" s="C" t="C.3" l="C"/>
		<a id="13" s="N" t="N.3" l="N"/>
		<a id="14" s="C" t="C.3" l="C"/>
		<a id="15" s="C" t="C.3" l="C"/>
		<a id="16" s="C" t="C.ar" l="C"/>
		<a id="17" s="H" t="H" l="H"/>
		<a id="18" s="H" t="H" l="H"/>
		<a id="19" s="H" t="H" l="H"/>
		<a id="20" s="H" t="H" l="H"/>
		<a id="21" s="H" t="H" l="H"/>
		<a id="22" s="H" t="H" l="H"/>
		<a id="23" s="H" t="H" l="H"/>
		<a id="24" s="H" t="H" l="H"/>
		<a id="25" s="H" t="H" l="H"/>
		<a id="26" s="H" t="H" l="H"/>
		<a id="27" s="H" t="H" l="H"/>
		<a id="28" s="H" t="H" l="H"/>
		<a id="29" s="H" t="H" l="H"/>
		<a id="30" s="H" t="H" l="H"/>
		<a id="31" s="H" t="H" l="H"/>
		<a id="32" s="H" t="H" l="H"/>
		<a id="33" s="H" t="H" l="H"/>
	</atoms>
	<bonds>
		<b id="1" c="1 2" t="1"/>
		<b id="2" c="2 3" t="ar"/>
		<b id="3" c="3 4" t="ar"/>
		<b id="4" c="4 5" t="ar"/>
		<b id="5" c="5 6" t="ar"/>
		<b id="6" c="6 7" t="1"/>
		<b id="7" c="7 8" t="am"/>
		<b id="8" c="8 9" t="2"/>
		<b id="9" c="8 10" t="1"/>
		<b id="10" c="10 11" t="1"/>
		<b id="11" c="11 12" t="1"/>
		<b id="12" c="12 13" t="1"/>
		<b id="13" c="13 14" t="1"/>
		<b id="14" c="14 15" t="1"/>
		<b id="15" c="10 15" t="1"/>
		<b id="16" c="6 16" t="ar"/>
		<b id="17" c="2 16" t="ar"/>
		<b id="18" c="1 17" t="1"/>
		<b id="19" c="1 18" t="1"/>
		<b id="20" c="3 19" t="1"/>
		<b id="21" c="4 20" t="1"/>
		<b id="22" c="5 21" t="1"/>
		<b id="23" c="7 22" t="1"/>
		<b id="24" c="10 23" t="1"/>
		<b id="25" c="11 24" t="1"/>
		<b id="26" c="11 25" t="1"/>
		<b id="27" c="12 26" t="1"/>
		<b id="28" c="12 27" t="1"/>
		<b id="29" c="13 28" t="1"/>
		<b id="30" c="14 29" t="1"/>
		<b id="31" c="14 30" t="1"/>
		<b id="32" c="15 31" t="1"/>
		<b id="33" c="15 32" t="1"/>
		<b id="34" c="16 33" t="1"/>
	</bonds>
	<geometry>
		<g u="A" t="cart/3d">#33,3:2.0424,-0.3769,0.0682;0.6672,-0.2482,0.0514;0.0719,1.0132,0.0038;-1.3003,1.1258,-0.0887;-2.1126,0.0062,-0.1369;-1.5289,-1.2549,-0.0931;-2.2730,-2.4412,-0.1407;-3.6150,-2.6141,-0.3093;-4.4082,-1.7118,-0.4500;-3.9996,-4.0968,-0.3184;-5.4392,-4.2975,-0.8073;-6.4584,-3.8347,0.2422;-6.2592,-4.4461,1.5428;-4.9192,-4.1928,2.0289;-3.8327,-4.7155,1.0791;-0.1468,-1.3758,0.0072;2.5585,0.4302,0.3782;2.4074,-1.2561,0.3965;0.6949,1.8951,0.0374;-1.7519,2.1060,-0.1221;-3.1810,0.1025,-0.2115;-1.7114,-3.2793,-0.0768;-3.3174,-4.6022,-1.0157;-5.5927,-5.3597,-1.0203;-5.5912,-3.7357,-1.7294;-7.4706,-4.0679,-0.0965;-6.3758,-2.7537,0.3695;-6.4092,-5.4503,1.4737;-4.8120,-4.6590,3.0121;-4.8123,-3.1104,2.1460;-3.9255,-5.8028,0.9954;-2.8457,-4.4938,1.4911;0.3081,-2.3576,0.0444;</g>
	</geometry>
	<conformers/>
	<properties/>
</molecule>
