<?xml version="1.0" ?>
<!--MOLLI PACKAGE EXPERIMENTAL XML FORMAT-->
<molecule name="nuc429">
	<atoms>
		<a id="1" s="C" t="C.3" l="C"/>
		<a id="2" s="C" t="C.2" l="C"/>
		<a id="3" s="C" t="C.3" l="C"/>
		<a id="4" s="C" t="C.2" l="C"/>
		<a id="5" s="C" t="C.3" l="C"/>
		<a id="6" s="N" t="N.3" l="N"/>
		<a id="7" s="H" t="H" l="H"/>
		<a id="8" s="H" t="H" l="H"/>
		<a id="9" s="H" t="H" l="H"/>
		<a id="10" s="H" t="H" l="H"/>
		<a id="11" s="H" t="H" l="H"/>
		<a id="12" s="H" t="H" l="H"/>
		<a id="13" s="H" t="H" l="H"/>
		<a id="14" s="H" t="H" l="H"/>
		<a id="15" s="H" t="H" l="H"/>
		<a id="16" s="H" t="H" l="H"/>
		<a id="17" s="H" t="H" l="H"/>
	</atoms>
	<bonds>
		<b id="1" c="1 2" t="1"/>
		<b id="2" c="2 3" t="1"/>
		<b id="3" c="2 4" t="2"/>
		<b id="4" c="4 5" t="1"/>
		<b id="5" c="5 6" t="1"/>
		<b id="6" c="1 7" t="1"/>
		<b id="7" c="1 8" t="1"/>
		<b id="8" c="1 9" t="1"/>
		<b id="9" c="3 10" t="1"/>
		<b id="10" c="3 11" t="1"/>
		<b id="11" c="3 12" t="1"/>
		<b id="12" c="4 13" t="1"/>
		<b id="13" c="5 14" t="1"/>
		<b id="14" c="5 15" t="1"/>
		<b id="15" c="6 16" t="1"/>
		<b id="16" c="6 17" t="1"/>
	</bonds>
	<geometry>
		<g u="A" t="cart/3d">#17,3:0.9977,0.0663,0.0112;2.4954,0.0197,0.0760;3.0604,-0.4191,1.3961;3.2494,0.3751,-0.9565;4.7489,0.3885,-0.9947;5.2059,0.5665,-2.3648;0.5800,-0.9267,0.1761;0.6559,0.4321,-0.9529;0.6108,0.7214,0.7911;2.3501,-1.0497,1.9262;3.2727,0.4497,2.0198;3.9901,-0.9690,1.2683;2.7860,0.7085,-1.8742;5.1466,-0.5288,-0.5217;5.1238,1.2391,-0.4118;4.8813,-0.2027,-2.9412;6.2188,0.5782,-2.4044;</g>
	</geometry>
	<conformers/>
	<properties/>
</molecule>
