<?xml version="1.0" ?>
<!--MOLLI PACKAGE EXPERIMENTAL XML FORMAT-->
<molecule name="nuc862">
	<atoms>
		<a id="1" s="C" t="C.3" l="C"/>
		<a id="2" s="C" t="C.3" l="C"/>
		<a id="3" s="C" t="C.3" l="C"/>
		<a id="4" s="C" t="C.3" l="C"/>
		<a id="5" s="O" t="O.3" l="O"/>
		<a id="6" s="C" t="C.2" l="C"/>
		<a id="7" s="O" t="O.2" l="O"/>
		<a id="8" s="N" t="N.am" l="N"/>
		<a id="9" s="C" t="C.3" l="C"/>
		<a id="10" s="C" t="C.3" l="C"/>
		<a id="11" s="C" t="C.3" l="C"/>
		<a id="12" s="O" t="O.3" l="O"/>
		<a id="13" s="C" t="C.ar" l="C"/>
		<a id="14" s="N" t="N.ar" l="N"/>
		<a id="15" s="C" t="C.ar" l="C"/>
		<a id="16" s="N" t="N.pl3" l="N"/>
		<a id="17" s="C" t="C.ar" l="C"/>
		<a id="18" s="N" t="N.ar" l="N"/>
		<a id="19" s="C" t="C.ar" l="C"/>
		<a id="20" s="C" t="C.1" l="C"/>
		<a id="21" s="N" t="N.1" l="N"/>
		<a id="22" s="C" t="C.3" l="C"/>
		<a id="23" s="H" t="H" l="H"/>
		<a id="24" s="H" t="H" l="H"/>
		<a id="25" s="H" t="H" l="H"/>
		<a id="26" s="H" t="H" l="H"/>
		<a id="27" s="H" t="H" l="H"/>
		<a id="28" s="H" t="H" l="H"/>
		<a id="29" s="H" t="H" l="H"/>
		<a id="30" s="H" t="H" l="H"/>
		<a id="31" s="H" t="H" l="H"/>
		<a id="32" s="H" t="H" l="H"/>
		<a id="33" s="H" t="H" l="H"/>
		<a id="34" s="H" t="H" l="H"/>
		<a id="35" s="H" t="H" l="H"/>
		<a id="36" s="H" t="H" l="H"/>
		<a id="37" s="H" t="H" l="H"/>
		<a id="38" s="H" t="H" l="H"/>
		<a id="39" s="H" t="H" l="H"/>
		<a id="40" s="H" t="H" l="H"/>
		<a id="41" s="H" t="H" l="H"/>
	</atoms>
	<bonds>
		<b id="1" c="1 2" t="1"/>
		<b id="2" c="2 3" t="1"/>
		<b id="3" c="2 4" t="1"/>
		<b id="4" c="2 5" t="1"/>
		<b id="5" c="5 6" t="1"/>
		<b id="6" c="6 7" t="2"/>
		<b id="7" c="6 8" t="am"/>
		<b id="8" c="8 9" t="1"/>
		<b id="9" c="9 10" t="1"/>
		<b id="10" c="10 11" t="1"/>
		<b id="11" c="11 12" t="1"/>
		<b id="12" c="12 13" t="1"/>
		<b id="13" c="13 14" t="ar"/>
		<b id="14" c="14 15" t="ar"/>
		<b id="15" c="15 16" t="1"/>
		<b id="16" c="15 17" t="ar"/>
		<b id="17" c="17 18" t="ar"/>
		<b id="18" c="18 19" t="ar"/>
		<b id="19" c="13 19" t="ar"/>
		<b id="20" c="19 20" t="1"/>
		<b id="21" c="20 21" t="3"/>
		<b id="22" c="11 22" t="1"/>
		<b id="23" c="8 22" t="1"/>
		<b id="24" c="1 23" t="1"/>
		<b id="25" c="1 24" t="1"/>
		<b id="26" c="1 25" t="1"/>
		<b id="27" c="3 26" t="1"/>
		<b id="28" c="3 27" t="1"/>
		<b id="29" c="3 28" t="1"/>
		<b id="30" c="4 29" t="1"/>
		<b id="31" c="4 30" t="1"/>
		<b id="32" c="4 31" t="1"/>
		<b id="33" c="9 32" t="1"/>
		<b id="34" c="9 33" t="1"/>
		<b id="35" c="10 34" t="1"/>
		<b id="36" c="10 35" t="1"/>
		<b id="37" c="11 36" t="1"/>
		<b id="38" c="16 37" t="1"/>
		<b id="39" c="16 38" t="1"/>
		<b id="40" c="17 39" t="1"/>
		<b id="41" c="22 40" t="1"/>
		<b id="42" c="22 41" t="1"/>
	</bonds>
	<geometry>
		<g u="A" t="cart/3d">#41,3:4.1371,0.9750,-1.1160;3.0758,-0.0158,-0.6395;2.4167,0.4656,0.6530;2.0229,-0.2352,-1.7273;3.6602,-1.3264,-0.4490;4.6480,-1.5003,0.4480;5.1244,-0.6533,1.1693;5.0740,-2.7835,0.4509;4.4730,-3.8989,-0.2442;4.5913,-5.0347,0.7703;5.9370,-4.7514,1.4505;7.0219,-5.3155,0.7174;7.2490,-6.6187,0.8557;6.4818,-7.3494,1.6491;6.7574,-8.6528,1.7672;5.9318,-9.3818,2.5481;7.8384,-9.2196,1.0653;8.5969,-8.4980,0.2773;8.3305,-7.1992,0.1481;9.1325,-6.4048,-0.6993;9.7602,-5.7324,-1.3841;6.0878,-3.2277,1.3864;3.6716,1.9303,-1.3416;4.6237,0.5972,-2.0126;4.8870,1.1187,-0.3434;1.9124,1.4113,0.4765;3.1684,0.6031,1.4250;1.6873,-0.2653,0.9963;1.5242,0.7021,-1.9545;1.2836,-0.9584,-1.3928;2.4944,-0.6154,-2.6295;5.0445,-4.1292,-1.1512;3.4450,-3.6660,-0.5182;4.5734,-6.0204,0.3116;3.7942,-4.9708,1.5105;5.9711,-5.1429,2.4717;5.2449,-8.8931,3.0953;6.1712,-10.3255,2.7918;8.0815,-10.2687,1.1473;7.0896,-2.9725,1.0263;5.9315,-2.7446,2.3538;</g>
	</geometry>
	<conformers/>
	<properties/>
</molecule>
