<?xml version="1.0" ?>
<!--MOLLI PACKAGE EXPERIMENTAL XML FORMAT-->
<molecule name="nuc866">
	<atoms>
		<a id="1" s="C" t="C.3" l="C"/>
		<a id="2" s="C" t="C.3" l="C"/>
		<a id="3" s="C" t="C.3" l="C"/>
		<a id="4" s="C" t="C.3" l="C"/>
		<a id="5" s="O" t="O.3" l="O"/>
		<a id="6" s="C" t="C.2" l="C"/>
		<a id="7" s="O" t="O.2" l="O"/>
		<a id="8" s="N" t="N.am" l="N"/>
		<a id="9" s="C" t="C.3" l="C"/>
		<a id="10" s="C" t="C.3" l="C"/>
		<a id="11" s="C" t="C.3" l="C"/>
		<a id="12" s="N" t="N.pl3" l="N"/>
		<a id="13" s="C" t="C.ar" l="C"/>
		<a id="14" s="C" t="C.ar" l="C"/>
		<a id="15" s="C" t="C.ar" l="C"/>
		<a id="16" s="C" t="C.ar" l="C"/>
		<a id="17" s="N" t="N.ar" l="N"/>
		<a id="18" s="C" t="C.ar" l="C"/>
		<a id="19" s="C" t="C.ar" l="C"/>
		<a id="20" s="C" t="C.ar" l="C"/>
		<a id="21" s="C" t="C.ar" l="C"/>
		<a id="22" s="N" t="N.ar" l="N"/>
		<a id="23" s="C" t="C.ar" l="C"/>
		<a id="24" s="N" t="N.pl3" l="N"/>
		<a id="25" s="N" t="N.ar" l="N"/>
		<a id="26" s="C" t="C.ar" l="C"/>
		<a id="27" s="N" t="N.ar" l="N"/>
		<a id="28" s="N" t="N.ar" l="N"/>
		<a id="29" s="C" t="C.3" l="C"/>
		<a id="30" s="C" t="C.3" l="C"/>
		<a id="31" s="H" t="H" l="H"/>
		<a id="32" s="H" t="H" l="H"/>
		<a id="33" s="H" t="H" l="H"/>
		<a id="34" s="H" t="H" l="H"/>
		<a id="35" s="H" t="H" l="H"/>
		<a id="36" s="H" t="H" l="H"/>
		<a id="37" s="H" t="H" l="H"/>
		<a id="38" s="H" t="H" l="H"/>
		<a id="39" s="H" t="H" l="H"/>
		<a id="40" s="H" t="H" l="H"/>
		<a id="41" s="H" t="H" l="H"/>
		<a id="42" s="H" t="H" l="H"/>
		<a id="43" s="H" t="H" l="H"/>
		<a id="44" s="H" t="H" l="H"/>
		<a id="45" s="H" t="H" l="H"/>
		<a id="46" s="H" t="H" l="H"/>
		<a id="47" s="H" t="H" l="H"/>
		<a id="48" s="H" t="H" l="H"/>
		<a id="49" s="H" t="H" l="H"/>
		<a id="50" s="H" t="H" l="H"/>
		<a id="51" s="H" t="H" l="H"/>
		<a id="52" s="H" t="H" l="H"/>
		<a id="53" s="H" t="H" l="H"/>
		<a id="54" s="H" t="H" l="H"/>
		<a id="55" s="H" t="H" l="H"/>
		<a id="56" s="H" t="H" l="H"/>
	</atoms>
	<bonds>
		<b id="1" c="1 2" t="1"/>
		<b id="2" c="2 3" t="1"/>
		<b id="3" c="2 4" t="1"/>
		<b id="4" c="2 5" t="1"/>
		<b id="5" c="5 6" t="1"/>
		<b id="6" c="6 7" t="2"/>
		<b id="7" c="6 8" t="am"/>
		<b id="8" c="8 9" t="1"/>
		<b id="9" c="9 10" t="1"/>
		<b id="10" c="10 11" t="1"/>
		<b id="11" c="11 12" t="1"/>
		<b id="12" c="12 13" t="1"/>
		<b id="13" c="13 14" t="ar"/>
		<b id="14" c="14 15" t="ar"/>
		<b id="15" c="15 16" t="ar"/>
		<b id="16" c="16 17" t="ar"/>
		<b id="17" c="17 18" t="ar"/>
		<b id="18" c="18 19" t="ar"/>
		<b id="19" c="19 20" t="1"/>
		<b id="20" c="20 21" t="ar"/>
		<b id="21" c="21 22" t="ar"/>
		<b id="22" c="22 23" t="ar"/>
		<b id="23" c="23 24" t="1"/>
		<b id="24" c="23 25" t="ar"/>
		<b id="25" c="25 26" t="ar"/>
		<b id="26" c="20 26" t="ar"/>
		<b id="27" c="19 27" t="ar"/>
		<b id="28" c="16 27" t="ar"/>
		<b id="29" c="27 28" t="ar"/>
		<b id="30" c="13 28" t="ar"/>
		<b id="31" c="11 29" t="1"/>
		<b id="32" c="29 30" t="1"/>
		<b id="33" c="8 30" t="1"/>
		<b id="34" c="1 31" t="1"/>
		<b id="35" c="1 32" t="1"/>
		<b id="36" c="1 33" t="1"/>
		<b id="37" c="3 34" t="1"/>
		<b id="38" c="3 35" t="1"/>
		<b id="39" c="3 36" t="1"/>
		<b id="40" c="4 37" t="1"/>
		<b id="41" c="4 38" t="1"/>
		<b id="42" c="4 39" t="1"/>
		<b id="43" c="9 40" t="1"/>
		<b id="44" c="9 41" t="1"/>
		<b id="45" c="10 42" t="1"/>
		<b id="46" c="10 43" t="1"/>
		<b id="47" c="11 44" t="1"/>
		<b id="48" c="12 45" t="1"/>
		<b id="49" c="14 46" t="1"/>
		<b id="50" c="15 47" t="1"/>
		<b id="51" c="18 48" t="1"/>
		<b id="52" c="21 49" t="1"/>
		<b id="53" c="24 50" t="1"/>
		<b id="54" c="24 51" t="1"/>
		<b id="55" c="26 52" t="1"/>
		<b id="56" c="29 53" t="1"/>
		<b id="57" c="29 54" t="1"/>
		<b id="58" c="30 55" t="1"/>
		<b id="59" c="30 56" t="1"/>
	</bonds>
	<geometry>
		<g u="A" t="cart/3d">#56,3:4.0603,1.6527,-0.8498;3.0435,0.5155,-0.7551;2.6841,0.2202,0.7006;1.7858,0.8535,-1.5580;3.5564,-0.6740,-1.4013;4.6710,-1.2703,-0.9400;5.3391,-0.8945,-0.0037;4.9584,-2.3932,-1.6466;6.1585,-3.1434,-1.3491;7.1310,-3.0901,-2.5260;6.4561,-3.5707,-3.8203;6.1845,-4.9914,-3.8042;7.1588,-5.9168,-3.9949;6.8514,-7.3034,-3.8354;7.8156,-8.2312,-4.0892;9.0784,-7.7779,-4.4970;10.1856,-8.4383,-4.8083;11.0851,-7.5036,-5.1250;10.5595,-6.2159,-5.0165;11.1870,-4.9405,-5.2619;10.6099,-3.7111,-4.9233;11.1972,-2.5548,-5.1563;12.3991,-2.5920,-5.7369;13.0274,-1.4158,-5.9460;13.0467,-3.7030,-6.1069;12.4457,-4.8484,-5.8704;9.2731,-6.4085,-4.6109;8.3452,-5.4859,-4.3627;5.1595,-2.7910,-4.0517;4.2462,-2.8313,-2.8227;3.6289,2.5636,-0.4449;4.3353,1.8229,-1.8886;4.9540,1.4018,-0.2854;2.2099,1.0912,1.1439;3.5802,-0.0220,1.2650;1.9967,-0.6218,0.7527;1.3214,1.7505,-1.1602;1.0758,0.0322,-1.5029;2.0425,1.0194,-2.6010;5.8827,-4.1824,-1.1300;6.6080,-2.7047,-0.4571;7.9993,-3.7148,-2.3160;7.4727,-2.0644,-2.6664;7.1419,-3.4059,-4.6586;5.3582,-5.2988,-3.3183;5.8600,-7.5896,-3.5211;7.6473,-9.2907,-3.9899;12.0799,-7.7846,-5.4098;9.6394,-3.6616,-4.4514;12.5163,-0.5637,-5.7990;13.8686,-1.4176,-6.4944;12.9844,-5.7317,-6.1871;4.6300,-3.1979,-4.9141;5.4166,-1.7528,-4.2647;3.8807,-3.8523,-2.6502;3.3839,-2.1838,-2.9745;</g>
	</geometry>
	<conformers/>
	<properties/>
</molecule>
