<?xml version="1.0" ?>
<!--MOLLI PACKAGE EXPERIMENTAL XML FORMAT-->
<molecule name="nuc867">
	<atoms>
		<a id="1" s="C" t="C.3" l="C"/>
		<a id="2" s="C" t="C.3" l="C"/>
		<a id="3" s="C" t="C.3" l="C"/>
		<a id="4" s="N" t="N.3" l="N"/>
		<a id="5" s="C" t="C.3" l="C"/>
		<a id="6" s="O" t="O.3" l="O"/>
		<a id="7" s="C" t="C.3" l="C"/>
		<a id="8" s="H" t="H" l="H"/>
		<a id="9" s="H" t="H" l="H"/>
		<a id="10" s="H" t="H" l="H"/>
		<a id="11" s="H" t="H" l="H"/>
		<a id="12" s="H" t="H" l="H"/>
		<a id="13" s="H" t="H" l="H"/>
		<a id="14" s="H" t="H" l="H"/>
		<a id="15" s="H" t="H" l="H"/>
		<a id="16" s="H" t="H" l="H"/>
		<a id="17" s="H" t="H" l="H"/>
		<a id="18" s="H" t="H" l="H"/>
		<a id="19" s="H" t="H" l="H"/>
		<a id="20" s="H" t="H" l="H"/>
	</atoms>
	<bonds>
		<b id="1" c="1 2" t="1"/>
		<b id="2" c="3 5" t="1"/>
		<b id="3" c="5 6" t="1"/>
		<b id="4" c="6 7" t="1"/>
		<b id="5" c="3 4" t="1"/>
		<b id="6" c="3 2" t="1"/>
		<b id="7" c="1 8" t="1"/>
		<b id="8" c="1 9" t="1"/>
		<b id="9" c="1 10" t="1"/>
		<b id="10" c="2 11" t="1"/>
		<b id="11" c="2 12" t="1"/>
		<b id="12" c="3 13" t="1"/>
		<b id="13" c="4 14" t="1"/>
		<b id="14" c="4 15" t="1"/>
		<b id="15" c="5 16" t="1"/>
		<b id="16" c="5 17" t="1"/>
		<b id="17" c="7 18" t="1"/>
		<b id="18" c="7 19" t="1"/>
		<b id="19" c="7 20" t="1"/>
	</bonds>
	<geometry>
		<g u="A" t="cart/3d">#20,3:3.0725,2.7032,2.5685;2.7255,1.3523,1.9563;3.1770,1.2002,0.5007;2.4899,0.0625,-0.0876;4.7072,1.0806,0.3875;5.0370,0.9085,-0.9738;6.4176,0.8344,-1.2017;2.6379,2.7850,3.5621;2.6792,3.5106,1.9551;4.1484,2.8318,2.6591;1.6432,1.2158,1.9682;3.1684,0.5522,2.5547;2.8667,2.0817,-0.0717;2.7611,-0.7895,0.3953;2.7810,-0.0331,-1.0549;5.0619,0.2140,0.9718;5.1975,1.9824,0.7817;6.5511,0.6917,-2.2720;6.8671,-0.0092,-0.6619;6.9228,1.7571,-0.8897;</g>
	</geometry>
	<conformers/>
	<properties/>
</molecule>
