<?xml version="1.0" ?>
<!--MOLLI PACKAGE EXPERIMENTAL XML FORMAT-->
<molecule name="nuc430">
	<atoms>
		<a id="1" s="N" t="N.3" l="N"/>
		<a id="2" s="C" t="C.3" l="C"/>
		<a id="3" s="C" t="C.ar" l="C"/>
		<a id="4" s="C" t="C.ar" l="C"/>
		<a id="5" s="C" t="C.ar" l="C"/>
		<a id="6" s="C" t="C.ar" l="C"/>
		<a id="7" s="O" t="O.2" l="O"/>
		<a id="8" s="H" t="H" l="H"/>
		<a id="9" s="H" t="H" l="H"/>
		<a id="10" s="H" t="H" l="H"/>
		<a id="11" s="H" t="H" l="H"/>
		<a id="12" s="H" t="H" l="H"/>
		<a id="13" s="H" t="H" l="H"/>
		<a id="14" s="H" t="H" l="H"/>
	</atoms>
	<bonds>
		<b id="1" c="1 2" t="1"/>
		<b id="2" c="2 3" t="1"/>
		<b id="3" c="3 4" t="ar"/>
		<b id="4" c="4 5" t="ar"/>
		<b id="5" c="5 6" t="ar"/>
		<b id="6" c="6 7" t="ar"/>
		<b id="7" c="3 7" t="ar"/>
		<b id="8" c="1 8" t="1"/>
		<b id="9" c="1 9" t="1"/>
		<b id="10" c="2 10" t="1"/>
		<b id="11" c="2 11" t="1"/>
		<b id="12" c="4 12" t="1"/>
		<b id="13" c="5 13" t="1"/>
		<b id="14" c="6 14" t="1"/>
	</bonds>
	<geometry>
		<g u="A" t="cart/3d">#14,3:3.3786,0.5483,-0.9878;2.4615,-0.1243,-0.0746;2.9597,-0.0027,1.3279;3.2514,1.0884,2.0915;3.7148,0.5902,3.3334;3.6693,-0.7643,3.2323;3.2171,-1.1335,2.0208;3.0524,0.4569,-1.9437;4.3010,0.1291,-0.9300;2.3221,-1.1967,-0.2913;1.4901,0.3736,-0.1665;3.1509,2.1122,1.7978;4.0339,1.1630,4.1799;3.9190,-1.5466,3.9211;</g>
	</geometry>
	<conformers/>
	<properties/>
</molecule>
