<?xml version="1.0" ?>
<!--MOLLI PACKAGE EXPERIMENTAL XML FORMAT-->
<molecule name="nuc872">
	<atoms>
		<a id="1" s="N" t="N.3" l="N"/>
		<a id="2" s="C" t="C.3" l="CA"/>
		<a id="3" s="C" t="C.3" l="C"/>
		<a id="4" s="O" t="O.3" l="O"/>
		<a id="5" s="H" t="H" l="H1"/>
		<a id="6" s="H" t="H" l="H2"/>
		<a id="7" s="H" t="H" l="HA1"/>
		<a id="8" s="H" t="H" l="HA2"/>
		<a id="9" s="H" t="H" l="H1"/>
		<a id="10" s="H" t="H" l="H2"/>
		<a id="11" s="H" t="H" l="H"/>
	</atoms>
	<bonds>
		<b id="1" c="1 2" t="1"/>
		<b id="2" c="2 3" t="1"/>
		<b id="3" c="3 4" t="1"/>
		<b id="4" c="1 5" t="1"/>
		<b id="5" c="1 6" t="1"/>
		<b id="6" c="2 7" t="1"/>
		<b id="7" c="2 8" t="1"/>
		<b id="8" c="3 9" t="1"/>
		<b id="9" c="3 10" t="1"/>
		<b id="10" c="4 11" t="1"/>
	</bonds>
	<geometry>
		<g u="A" t="cart/3d">#11,3:0.9829,0.1305,0.0225;2.4389,0.0703,0.0400;2.9712,1.2207,-0.8170;2.5058,2.4576,-0.3480;0.5864,-0.5423,0.6682;0.6345,-0.0873,-0.9064;2.8530,-0.8818,-0.3283;2.7646,0.2144,1.0733;2.6576,1.0678,-1.8627;4.0624,1.2531,-0.7830;1.5795,2.3233,-0.1034;</g>
	</geometry>
	<conformers/>
	<properties/>
</molecule>
