<?xml version="1.0" ?>
<!--MOLLI PACKAGE EXPERIMENTAL XML FORMAT-->
<molecule name="nuc879">
	<atoms>
		<a id="1" s="N" t="N.pl3" l="N"/>
		<a id="2" s="C" t="C.ar" l="C"/>
		<a id="3" s="C" t="C.ar" l="C"/>
		<a id="4" s="C" t="C.ar" l="C"/>
		<a id="5" s="C" t="C.ar" l="C"/>
		<a id="6" s="C" t="C.3" l="C"/>
		<a id="7" s="F" t="F" l="F"/>
		<a id="8" s="F" t="F" l="F"/>
		<a id="9" s="F" t="F" l="F"/>
		<a id="10" s="C" t="C.ar" l="C"/>
		<a id="11" s="N" t="N.pl3" l="N"/>
		<a id="12" s="O" t="O.2" l="O"/>
		<a id="13" s="O" t="O.co2" l="O"/>
		<a id="14" s="C" t="C.ar" l="C"/>
		<a id="15" s="H" t="H" l="H"/>
		<a id="16" s="H" t="H" l="H"/>
		<a id="17" s="H" t="H" l="H"/>
		<a id="18" s="H" t="H" l="H"/>
		<a id="19" s="H" t="H" l="H"/>
	</atoms>
	<bonds>
		<b id="1" c="1 2" t="1"/>
		<b id="2" c="2 3" t="ar"/>
		<b id="3" c="3 4" t="ar"/>
		<b id="4" c="4 5" t="ar"/>
		<b id="5" c="5 6" t="1"/>
		<b id="6" c="6 7" t="1"/>
		<b id="7" c="6 8" t="1"/>
		<b id="8" c="6 9" t="1"/>
		<b id="9" c="5 10" t="ar"/>
		<b id="10" c="10 11" t="1"/>
		<b id="11" c="11 12" t="2"/>
		<b id="12" c="11 13" t="1"/>
		<b id="13" c="10 14" t="ar"/>
		<b id="14" c="2 14" t="ar"/>
		<b id="15" c="1 15" t="1"/>
		<b id="16" c="1 16" t="1"/>
		<b id="17" c="3 17" t="1"/>
		<b id="18" c="4 18" t="1"/>
		<b id="19" c="14 19" t="1"/>
	</bonds>
	<geometry>
		<g u="A" t="cart/3d">#19,3:2.2835,-0.0344,-0.0710;0.9322,-0.0275,-0.0243;0.2119,1.1704,0.0837;-1.1643,1.1688,0.1110;-1.8875,-0.0205,0.0547;-3.3924,0.0416,0.0280;-3.8196,1.2732,-0.3132;-3.9315,-0.7886,-0.8761;-3.9591,-0.2202,1.2123;-1.1724,-1.2182,-0.0295;-1.8230,-2.5159,-0.0278;-2.8297,-2.6365,0.6263;-1.2779,-3.3971,-0.6525;0.2081,-1.2238,-0.0803;2.7995,0.8241,-0.0211;2.7851,-0.8995,-0.1491;0.7468,2.1060,0.1362;-1.6965,2.1050,0.1708;0.7198,-2.1714,-0.1567;</g>
	</geometry>
	<conformers/>
	<properties/>
</molecule>
