<?xml version="1.0" ?>
<!--MOLLI PACKAGE EXPERIMENTAL XML FORMAT-->
<molecule name="nuc881">
	<atoms>
		<a id="1" s="C" t="C.3" l="C"/>
		<a id="2" s="O" t="O.3" l="O"/>
		<a id="3" s="C" t="C.3" l="C"/>
		<a id="4" s="C" t="C.3" l="C"/>
		<a id="5" s="O" t="O.3" l="O"/>
		<a id="6" s="C" t="C.ar" l="C"/>
		<a id="7" s="C" t="C.ar" l="C"/>
		<a id="8" s="C" t="C.ar" l="C"/>
		<a id="9" s="C" t="C.ar" l="C"/>
		<a id="10" s="N" t="N.pl3" l="N"/>
		<a id="11" s="C" t="C.ar" l="C"/>
		<a id="12" s="N" t="N.pl3" l="N"/>
		<a id="13" s="O" t="O.2" l="O"/>
		<a id="14" s="O" t="O.co2" l="O"/>
		<a id="15" s="C" t="C.ar" l="C"/>
		<a id="16" s="H" t="H" l="H"/>
		<a id="17" s="H" t="H" l="H"/>
		<a id="18" s="H" t="H" l="H"/>
		<a id="19" s="H" t="H" l="H"/>
		<a id="20" s="H" t="H" l="H"/>
		<a id="21" s="H" t="H" l="H"/>
		<a id="22" s="H" t="H" l="H"/>
		<a id="23" s="H" t="H" l="H"/>
		<a id="24" s="H" t="H" l="H"/>
		<a id="25" s="H" t="H" l="H"/>
		<a id="26" s="H" t="H" l="H"/>
		<a id="27" s="H" t="H" l="H"/>
	</atoms>
	<bonds>
		<b id="1" c="1 2" t="1"/>
		<b id="2" c="2 3" t="1"/>
		<b id="3" c="3 4" t="1"/>
		<b id="4" c="4 5" t="1"/>
		<b id="5" c="5 6" t="1"/>
		<b id="6" c="6 7" t="ar"/>
		<b id="7" c="7 8" t="ar"/>
		<b id="8" c="8 9" t="ar"/>
		<b id="9" c="9 10" t="1"/>
		<b id="10" c="9 11" t="ar"/>
		<b id="11" c="11 12" t="1"/>
		<b id="12" c="12 13" t="2"/>
		<b id="13" c="12 14" t="1"/>
		<b id="14" c="11 15" t="ar"/>
		<b id="15" c="6 15" t="ar"/>
		<b id="16" c="1 16" t="1"/>
		<b id="17" c="1 17" t="1"/>
		<b id="18" c="1 18" t="1"/>
		<b id="19" c="3 19" t="1"/>
		<b id="20" c="3 20" t="1"/>
		<b id="21" c="4 21" t="1"/>
		<b id="22" c="4 22" t="1"/>
		<b id="23" c="7 23" t="1"/>
		<b id="24" c="8 24" t="1"/>
		<b id="25" c="10 25" t="1"/>
		<b id="26" c="10 26" t="1"/>
		<b id="27" c="15 27" t="1"/>
	</bonds>
	<geometry>
		<g u="A" t="cart/3d">#27,3:0.8156,1.0088,-1.2142;2.2135,1.1064,-1.3266;2.7999,1.8033,-0.2549;4.3073,1.8482,-0.4864;4.8772,2.5587,0.5895;6.2242,2.7611,0.6002;7.1164,2.2971,-0.3757;8.4604,2.5589,-0.2700;9.0059,3.2906,0.7995;10.3326,3.5174,0.8581;8.0960,3.7530,1.7795;8.5117,4.5049,2.9068;9.7049,4.7637,3.0422;7.6683,4.8701,3.7027;6.7300,3.4821,1.6645;0.4729,0.4584,-2.0876;0.3478,2.0006,-1.1986;0.5266,0.4696,-0.3039;2.5895,1.3009,0.7011;2.4081,2.8296,-0.1940;4.5080,2.3480,-1.4428;4.6948,0.8222,-0.5344;6.7610,1.7295,-1.2206;9.1343,2.1944,-1.0311;10.9302,3.1803,0.1255;10.6984,4.0576,1.6296;6.0616,3.8480,2.4272;</g>
	</geometry>
	<conformers/>
	<properties/>
</molecule>
