<?xml version="1.0" ?>
<!--MOLLI PACKAGE EXPERIMENTAL XML FORMAT-->
<molecule name="nuc436">
	<atoms>
		<a id="1" s="C" t="C.3" l="C"/>
		<a id="2" s="C" t="C.3" l="C"/>
		<a id="3" s="C" t="C.3" l="C"/>
		<a id="4" s="C" t="C.3" l="C"/>
		<a id="5" s="N" t="N.3" l="N"/>
		<a id="6" s="N" t="N.3" l="N"/>
		<a id="7" s="C" t="C.3" l="C"/>
		<a id="8" s="C" t="C.3" l="C"/>
		<a id="9" s="C" t="C.3" l="C"/>
		<a id="10" s="C" t="C.3" l="C"/>
		<a id="11" s="C" t="C.3" l="C"/>
		<a id="12" s="C" t="C.3" l="C"/>
		<a id="13" s="C" t="C.3" l="C"/>
		<a id="14" s="C" t="C.3" l="C"/>
		<a id="15" s="C" t="C.3" l="C"/>
		<a id="16" s="C" t="C.3" l="C"/>
		<a id="17" s="C" t="C.3" l="C"/>
		<a id="18" s="C" t="C.3" l="C"/>
		<a id="19" s="H" t="H" l="H"/>
		<a id="20" s="H" t="H" l="H"/>
		<a id="21" s="H" t="H" l="H"/>
		<a id="22" s="H" t="H" l="H"/>
		<a id="23" s="H" t="H" l="H"/>
		<a id="24" s="H" t="H" l="H"/>
		<a id="25" s="H" t="H" l="H"/>
		<a id="26" s="H" t="H" l="H"/>
		<a id="27" s="H" t="H" l="H"/>
		<a id="28" s="H" t="H" l="H"/>
		<a id="29" s="H" t="H" l="H"/>
		<a id="30" s="H" t="H" l="H"/>
		<a id="31" s="H" t="H" l="H"/>
		<a id="32" s="H" t="H" l="H"/>
		<a id="33" s="H" t="H" l="H"/>
		<a id="34" s="H" t="H" l="H"/>
		<a id="35" s="H" t="H" l="H"/>
		<a id="36" s="H" t="H" l="H"/>
		<a id="37" s="H" t="H" l="H"/>
		<a id="38" s="H" t="H" l="H"/>
		<a id="39" s="H" t="H" l="H"/>
		<a id="40" s="H" t="H" l="H"/>
		<a id="41" s="H" t="H" l="H"/>
		<a id="42" s="H" t="H" l="H"/>
		<a id="43" s="H" t="H" l="H"/>
		<a id="44" s="H" t="H" l="H"/>
		<a id="45" s="H" t="H" l="H"/>
		<a id="46" s="H" t="H" l="H"/>
		<a id="47" s="H" t="H" l="H"/>
		<a id="48" s="H" t="H" l="H"/>
	</atoms>
	<bonds>
		<b id="1" c="1 2" t="1"/>
		<b id="2" c="2 3" t="1"/>
		<b id="3" c="3 4" t="1"/>
		<b id="4" c="4 5" t="1"/>
		<b id="5" c="2 6" t="1"/>
		<b id="6" c="6 7" t="1"/>
		<b id="7" c="7 8" t="1"/>
		<b id="8" c="8 9" t="1"/>
		<b id="9" c="9 10" t="1"/>
		<b id="10" c="10 11" t="1"/>
		<b id="11" c="11 12" t="1"/>
		<b id="12" c="12 13" t="1"/>
		<b id="13" c="13 14" t="1"/>
		<b id="14" c="14 15" t="1"/>
		<b id="15" c="15 16" t="1"/>
		<b id="16" c="11 16" t="1"/>
		<b id="17" c="15 17" t="1"/>
		<b id="18" c="9 17" t="1"/>
		<b id="19" c="13 18" t="1"/>
		<b id="20" c="9 18" t="1"/>
		<b id="21" c="1 19" t="1"/>
		<b id="22" c="1 20" t="1"/>
		<b id="23" c="1 21" t="1"/>
		<b id="24" c="2 22" t="1"/>
		<b id="25" c="3 23" t="1"/>
		<b id="26" c="3 24" t="1"/>
		<b id="27" c="4 25" t="1"/>
		<b id="28" c="4 26" t="1"/>
		<b id="29" c="5 27" t="1"/>
		<b id="30" c="5 28" t="1"/>
		<b id="31" c="6 29" t="1"/>
		<b id="32" c="7 30" t="1"/>
		<b id="33" c="7 31" t="1"/>
		<b id="34" c="8 32" t="1"/>
		<b id="35" c="8 33" t="1"/>
		<b id="36" c="10 34" t="1"/>
		<b id="37" c="10 35" t="1"/>
		<b id="38" c="11 36" t="1"/>
		<b id="39" c="12 37" t="1"/>
		<b id="40" c="12 38" t="1"/>
		<b id="41" c="13 39" t="1"/>
		<b id="42" c="14 40" t="1"/>
		<b id="43" c="14 41" t="1"/>
		<b id="44" c="15 42" t="1"/>
		<b id="45" c="16 43" t="1"/>
		<b id="46" c="16 44" t="1"/>
		<b id="47" c="17 45" t="1"/>
		<b id="48" c="17 46" t="1"/>
		<b id="49" c="18 47" t="1"/>
		<b id="50" c="18 48" t="1"/>
	</bonds>
	<geometry>
		<g u="A" t="cart/3d">#48,3:2.3487,2.3495,-0.9267;2.3464,1.0861,-1.7996;0.9094,0.7219,-2.1883;0.8375,-0.6025,-2.9434;-0.5103,-0.8085,-3.4526;3.1307,1.2140,-3.0167;4.5759,1.2620,-2.8730;5.1246,-0.1179,-2.4978;6.6309,-0.3236,-2.7352;7.4612,0.7699,-2.0553;8.9529,0.5061,-2.2602;9.3284,-0.8449,-1.6553;8.5191,-1.9436,-2.3413;8.8344,-1.9552,-3.8353;8.4578,-0.6026,-4.4360;9.2662,0.5006,-3.7553;6.9653,-0.3441,-4.2304;7.0289,-1.6798,-2.1357;1.7610,2.1900,-0.0265;1.9203,3.1860,-1.4766;3.3612,2.6125,-0.6285;2.7715,0.2567,-1.2248;0.4947,1.5021,-2.8285;0.2950,0.6633,-1.2871;1.1815,-1.4155,-2.2803;1.5167,-0.5549,-3.7972;-1.1687,-0.8717,-2.6821;-0.5622,-1.6770,-3.9737;2.8059,2.0273,-3.5298;4.9088,2.0082,-2.1337;4.9719,1.5574,-3.8468;4.5705,-0.8589,-3.0780;4.9193,-0.3049,-1.4414;7.2320,0.7947,-0.9870;7.2099,1.7449,-2.4764;9.5300,1.2987,-1.7693;9.1207,-0.8435,-0.5826;10.3970,-1.0289,-1.7893;8.7785,-2.9153,-1.9049;8.2720,-2.7515,-4.3284;9.8981,-2.1498,-3.9911;8.6783,-0.6066,-5.5099;9.0142,1.4701,-4.1918;10.3340,0.3306,-3.9116;6.3828,-1.1250,-4.7246;6.7007,0.6098,-4.6900;6.8007,-1.6898,-1.0669;6.4444,-2.4730,-2.6077;</g>
	</geometry>
	<conformers/>
	<properties/>
</molecule>
