<?xml version="1.0" ?>
<!--MOLLI PACKAGE EXPERIMENTAL XML FORMAT-->
<molecule name="nuc437">
	<atoms>
		<a id="1" s="C" t="C.3" l="C"/>
		<a id="2" s="C" t="C.3" l="C"/>
		<a id="3" s="C" t="C.3" l="C"/>
		<a id="4" s="C" t="C.3" l="C"/>
		<a id="5" s="Si" t="Si" l="SI"/>
		<a id="6" s="C" t="C.3" l="C"/>
		<a id="7" s="C" t="C.3" l="C"/>
		<a id="8" s="O" t="O.3" l="O"/>
		<a id="9" s="C" t="C.3" l="C"/>
		<a id="10" s="C" t="C.3" l="C"/>
		<a id="11" s="N" t="N.3" l="N"/>
		<a id="12" s="H" t="H" l="H"/>
		<a id="13" s="H" t="H" l="H"/>
		<a id="14" s="H" t="H" l="H"/>
		<a id="15" s="H" t="H" l="H"/>
		<a id="16" s="H" t="H" l="H"/>
		<a id="17" s="H" t="H" l="H"/>
		<a id="18" s="H" t="H" l="H"/>
		<a id="19" s="H" t="H" l="H"/>
		<a id="20" s="H" t="H" l="H"/>
		<a id="21" s="H" t="H" l="H"/>
		<a id="22" s="H" t="H" l="H"/>
		<a id="23" s="H" t="H" l="H"/>
		<a id="24" s="H" t="H" l="H"/>
		<a id="25" s="H" t="H" l="H"/>
		<a id="26" s="H" t="H" l="H"/>
		<a id="27" s="H" t="H" l="H"/>
		<a id="28" s="H" t="H" l="H"/>
		<a id="29" s="H" t="H" l="H"/>
		<a id="30" s="H" t="H" l="H"/>
		<a id="31" s="H" t="H" l="H"/>
		<a id="32" s="H" t="H" l="H"/>
	</atoms>
	<bonds>
		<b id="1" c="1 2" t="1"/>
		<b id="2" c="2 3" t="1"/>
		<b id="3" c="2 4" t="1"/>
		<b id="4" c="2 5" t="1"/>
		<b id="5" c="5 6" t="1"/>
		<b id="6" c="5 7" t="1"/>
		<b id="7" c="5 8" t="1"/>
		<b id="8" c="8 9" t="1"/>
		<b id="9" c="9 10" t="1"/>
		<b id="10" c="10 11" t="1"/>
		<b id="11" c="1 12" t="1"/>
		<b id="12" c="1 13" t="1"/>
		<b id="13" c="1 14" t="1"/>
		<b id="14" c="3 15" t="1"/>
		<b id="15" c="3 16" t="1"/>
		<b id="16" c="3 17" t="1"/>
		<b id="17" c="4 18" t="1"/>
		<b id="18" c="4 19" t="1"/>
		<b id="19" c="4 20" t="1"/>
		<b id="20" c="6 21" t="1"/>
		<b id="21" c="6 22" t="1"/>
		<b id="22" c="6 23" t="1"/>
		<b id="23" c="7 24" t="1"/>
		<b id="24" c="7 25" t="1"/>
		<b id="25" c="7 26" t="1"/>
		<b id="26" c="9 27" t="1"/>
		<b id="27" c="9 28" t="1"/>
		<b id="28" c="10 29" t="1"/>
		<b id="29" c="10 30" t="1"/>
		<b id="30" c="11 31" t="1"/>
		<b id="31" c="11 32" t="1"/>
	</bonds>
	<geometry>
		<g u="A" t="cart/3d">#32,3:3.2165,-0.0104,1.3910;2.6193,-0.1695,-0.0083;1.1144,0.0823,0.0727;3.2430,0.8835,-0.9261;2.9489,-1.9349,-0.6853;2.2231,-3.2925,0.4443;2.2403,-2.1844,-2.4416;4.5835,-1.9893,-0.7083;5.4015,-3.0510,-1.1216;6.8616,-2.6185,-1.0233;7.2267,-2.4840,0.3770;3.0463,0.9990,1.7660;4.2879,-0.1913,1.3693;2.7633,-0.7120,2.0872;0.9156,1.0839,0.4531;0.6378,-0.6333,0.7379;0.6540,-0.0050,-0.9083;3.0841,1.8840,-0.5229;2.7987,0.8427,-1.9177;4.3128,0.7169,-1.0214;1.1519,-3.1837,0.5769;2.6813,-3.2736,1.4290;2.3978,-4.2793,0.0242;1.1665,-2.0356,-2.4755;2.4372,-3.1924,-2.7968;2.6914,-1.4963,-3.1509;5.1587,-3.3267,-2.1534;5.2357,-3.9181,-0.4752;6.9800,-1.6862,-1.6004;7.4981,-3.3869,-1.4721;6.5578,-1.8691,0.8304;8.1466,-2.0660,0.4666;</g>
	</geometry>
	<conformers/>
	<properties/>
</molecule>
