<?xml version="1.0" ?>
<!--MOLLI PACKAGE EXPERIMENTAL XML FORMAT-->
<molecule name="nuc387">
	<atoms>
		<a id="1" s="C" t="C.3" l="C"/>
		<a id="2" s="C" t="C.3" l="C"/>
		<a id="3" s="C" t="C.3" l="C"/>
		<a id="4" s="C" t="C.3" l="C"/>
		<a id="5" s="O" t="O.3" l="O"/>
		<a id="6" s="C" t="C.2" l="C"/>
		<a id="7" s="O" t="O.2" l="O"/>
		<a id="8" s="N" t="N.am" l="N"/>
		<a id="9" s="C" t="C.3" l="C"/>
		<a id="10" s="C" t="C.3" l="C"/>
		<a id="11" s="C" t="C.3" l="C"/>
		<a id="12" s="C" t="C.ar" l="C"/>
		<a id="13" s="C" t="C.ar" l="C"/>
		<a id="14" s="C" t="C.ar" l="C"/>
		<a id="15" s="N" t="N.pl3" l="N"/>
		<a id="16" s="N" t="N.ar" l="N"/>
		<a id="17" s="N" t="N.ar" l="N"/>
		<a id="18" s="C" t="C.3" l="C"/>
		<a id="19" s="C" t="C.3" l="C"/>
		<a id="20" s="C" t="C.3" l="C"/>
		<a id="21" s="C" t="C.3" l="C"/>
		<a id="22" s="C" t="C.3" l="C"/>
		<a id="23" s="C" t="C.3" l="C"/>
		<a id="24" s="C" t="C.3" l="C"/>
		<a id="25" s="H" t="H" l="H"/>
		<a id="26" s="H" t="H" l="H"/>
		<a id="27" s="H" t="H" l="H"/>
		<a id="28" s="H" t="H" l="H"/>
		<a id="29" s="H" t="H" l="H"/>
		<a id="30" s="H" t="H" l="H"/>
		<a id="31" s="H" t="H" l="H"/>
		<a id="32" s="H" t="H" l="H"/>
		<a id="33" s="H" t="H" l="H"/>
		<a id="34" s="H" t="H" l="H"/>
		<a id="35" s="H" t="H" l="H"/>
		<a id="36" s="H" t="H" l="H"/>
		<a id="37" s="H" t="H" l="H"/>
		<a id="38" s="H" t="H" l="H"/>
		<a id="39" s="H" t="H" l="H"/>
		<a id="40" s="H" t="H" l="H"/>
		<a id="41" s="H" t="H" l="H"/>
		<a id="42" s="H" t="H" l="H"/>
		<a id="43" s="H" t="H" l="H"/>
		<a id="44" s="H" t="H" l="H"/>
		<a id="45" s="H" t="H" l="H"/>
		<a id="46" s="H" t="H" l="H"/>
		<a id="47" s="H" t="H" l="H"/>
		<a id="48" s="H" t="H" l="H"/>
		<a id="49" s="H" t="H" l="H"/>
		<a id="50" s="H" t="H" l="H"/>
		<a id="51" s="H" t="H" l="H"/>
		<a id="52" s="H" t="H" l="H"/>
		<a id="53" s="H" t="H" l="H"/>
		<a id="54" s="H" t="H" l="H"/>
	</atoms>
	<bonds>
		<b id="1" c="1 2" t="1"/>
		<b id="2" c="2 3" t="1"/>
		<b id="3" c="2 4" t="1"/>
		<b id="4" c="2 5" t="1"/>
		<b id="5" c="5 6" t="1"/>
		<b id="6" c="6 7" t="2"/>
		<b id="7" c="6 8" t="am"/>
		<b id="8" c="8 9" t="1"/>
		<b id="9" c="9 10" t="1"/>
		<b id="10" c="10 11" t="1"/>
		<b id="11" c="11 12" t="1"/>
		<b id="12" c="12 13" t="ar"/>
		<b id="13" c="13 14" t="ar"/>
		<b id="14" c="14 15" t="1"/>
		<b id="15" c="14 16" t="ar"/>
		<b id="16" c="16 17" t="ar"/>
		<b id="17" c="12 17" t="ar"/>
		<b id="18" c="17 18" t="1"/>
		<b id="19" c="18 19" t="1"/>
		<b id="20" c="19 20" t="1"/>
		<b id="21" c="20 21" t="1"/>
		<b id="22" c="21 22" t="1"/>
		<b id="23" c="18 22" t="1"/>
		<b id="24" c="11 23" t="1"/>
		<b id="25" c="23 24" t="1"/>
		<b id="26" c="8 24" t="1"/>
		<b id="27" c="1 25" t="1"/>
		<b id="28" c="1 26" t="1"/>
		<b id="29" c="1 27" t="1"/>
		<b id="30" c="3 28" t="1"/>
		<b id="31" c="3 29" t="1"/>
		<b id="32" c="3 30" t="1"/>
		<b id="33" c="4 31" t="1"/>
		<b id="34" c="4 32" t="1"/>
		<b id="35" c="4 33" t="1"/>
		<b id="36" c="9 34" t="1"/>
		<b id="37" c="9 35" t="1"/>
		<b id="38" c="10 36" t="1"/>
		<b id="39" c="10 37" t="1"/>
		<b id="40" c="11 38" t="1"/>
		<b id="41" c="13 39" t="1"/>
		<b id="42" c="15 40" t="1"/>
		<b id="43" c="15 41" t="1"/>
		<b id="44" c="18 42" t="1"/>
		<b id="45" c="19 43" t="1"/>
		<b id="46" c="19 44" t="1"/>
		<b id="47" c="20 45" t="1"/>
		<b id="48" c="20 46" t="1"/>
		<b id="49" c="21 47" t="1"/>
		<b id="50" c="21 48" t="1"/>
		<b id="51" c="22 49" t="1"/>
		<b id="52" c="22 50" t="1"/>
		<b id="53" c="23 51" t="1"/>
		<b id="54" c="23 52" t="1"/>
		<b id="55" c="24 53" t="1"/>
		<b id="56" c="24 54" t="1"/>
	</bonds>
	<geometry>
		<g u="A" t="cart/3d">#54,3:4.0680,-1.7246,-0.2143;3.0658,-0.6431,0.1929;2.9347,0.4189,-0.8992;1.7030,-1.2692,0.4963;3.4541,-0.0326,1.4436;4.6214,0.6366,1.5395;5.4513,0.7316,0.6618;4.7519,1.2370,2.7464;6.0186,1.8304,3.1143;6.7607,0.9038,4.0734;5.9239,0.6216,5.3361;5.9481,1.7895,6.2741;5.0902,2.8568,6.4487;5.6599,3.6200,7.4860;5.2235,4.8389,7.9672;6.7750,3.0572,7.9182;6.9552,1.9572,7.1684;8.0593,1.0625,7.4328;7.6351,-0.1276,8.3296;8.3070,0.1210,9.6793;9.6163,0.8018,9.2938;9.1856,1.7768,8.2004;4.5082,0.1697,4.9398;3.8586,1.0446,3.8637;3.7229,-2.2197,-1.1173;4.1663,-2.4629,0.5793;5.0401,-1.2777,-0.4035;2.5771,-0.0415,-1.8159;3.9000,0.8799,-1.0865;2.2302,1.1884,-0.5902;1.3165,-1.7644,-0.3891;1.0002,-0.5013,0.8101;1.7983,-1.9980,1.2980;5.8293,2.7962,3.5918;6.5950,1.9816,2.2009;7.7155,1.3563,4.3461;6.9607,-0.0397,3.5598;6.3887,-0.2200,5.8640;4.1784,3.0817,5.9362;4.2221,4.9607,7.9564;5.6458,5.0864,8.8500;8.4245,0.6952,6.4689;7.9978,-1.0612,7.8995;6.5525,-0.1881,8.4173;8.4554,-0.8015,10.2441;7.7008,0.8059,10.2761;10.3161,0.0649,8.8957;10.0879,1.3100,10.1321;10.0050,2.0655,7.5445;8.7623,2.6762,8.6471;3.8671,0.1530,5.8223;4.5766,-0.8487,4.5513;3.6152,2.0319,4.2673;2.9399,0.5775,3.5099;</g>
	</geometry>
	<conformers/>
	<properties/>
</molecule>
