<?xml version="1.0" ?>
<!--MOLLI PACKAGE EXPERIMENTAL XML FORMAT-->
<molecule name="nuc441">
	<atoms>
		<a id="1" s="C" t="C.3" l="C"/>
		<a id="2" s="O" t="O.3" l="O"/>
		<a id="3" s="C" t="C.2" l="C"/>
		<a id="4" s="O" t="O.2" l="O"/>
		<a id="5" s="N" t="N.am" l="N"/>
		<a id="6" s="C" t="C.3" l="C"/>
		<a id="7" s="C" t="C.3" l="C"/>
		<a id="8" s="C" t="C.3" l="C"/>
		<a id="9" s="C" t="C.3" l="C"/>
		<a id="10" s="C" t="C.ar" l="C"/>
		<a id="11" s="C" t="C.ar" l="C"/>
		<a id="12" s="C" t="C.ar" l="C"/>
		<a id="13" s="C" t="C.ar" l="C"/>
		<a id="14" s="C" t="C.ar" l="C"/>
		<a id="15" s="C" t="C.3" l="C"/>
		<a id="16" s="N" t="N.3" l="N"/>
		<a id="17" s="C" t="C.3" l="C"/>
		<a id="18" s="C" t="C.1" l="C"/>
		<a id="19" s="N" t="N.1" l="N"/>
		<a id="20" s="C" t="C.ar" l="C"/>
		<a id="21" s="C" t="C.3" l="C"/>
		<a id="22" s="C" t="C.3" l="C"/>
		<a id="23" s="H" t="H" l="H"/>
		<a id="24" s="H" t="H" l="H"/>
		<a id="25" s="H" t="H" l="H"/>
		<a id="26" s="H" t="H" l="H"/>
		<a id="27" s="H" t="H" l="H"/>
		<a id="28" s="H" t="H" l="H"/>
		<a id="29" s="H" t="H" l="H"/>
		<a id="30" s="H" t="H" l="H"/>
		<a id="31" s="H" t="H" l="H"/>
		<a id="32" s="H" t="H" l="H"/>
		<a id="33" s="H" t="H" l="H"/>
		<a id="34" s="H" t="H" l="H"/>
		<a id="35" s="H" t="H" l="H"/>
		<a id="36" s="H" t="H" l="H"/>
		<a id="37" s="H" t="H" l="H"/>
		<a id="38" s="H" t="H" l="H"/>
		<a id="39" s="H" t="H" l="H"/>
		<a id="40" s="H" t="H" l="H"/>
		<a id="41" s="H" t="H" l="H"/>
		<a id="42" s="H" t="H" l="H"/>
		<a id="43" s="H" t="H" l="H"/>
		<a id="44" s="H" t="H" l="H"/>
		<a id="45" s="H" t="H" l="H"/>
	</atoms>
	<bonds>
		<b id="1" c="1 2" t="1"/>
		<b id="2" c="2 3" t="1"/>
		<b id="3" c="3 4" t="2"/>
		<b id="4" c="3 5" t="am"/>
		<b id="5" c="5 6" t="1"/>
		<b id="6" c="6 7" t="1"/>
		<b id="7" c="7 8" t="1"/>
		<b id="8" c="8 9" t="1"/>
		<b id="9" c="9 10" t="1"/>
		<b id="10" c="10 11" t="ar"/>
		<b id="11" c="11 12" t="ar"/>
		<b id="12" c="12 13" t="ar"/>
		<b id="13" c="13 14" t="ar"/>
		<b id="14" c="15 17" t="1"/>
		<b id="15" c="17 18" t="1"/>
		<b id="16" c="18 19" t="3"/>
		<b id="17" c="14 20" t="ar"/>
		<b id="18" c="10 20" t="ar"/>
		<b id="19" c="8 21" t="1"/>
		<b id="20" c="21 22" t="1"/>
		<b id="21" c="5 22" t="1"/>
		<b id="22" c="15 16" t="1"/>
		<b id="23" c="15 14" t="1"/>
		<b id="24" c="1 23" t="1"/>
		<b id="25" c="1 24" t="1"/>
		<b id="26" c="1 25" t="1"/>
		<b id="27" c="6 26" t="1"/>
		<b id="28" c="6 27" t="1"/>
		<b id="29" c="7 28" t="1"/>
		<b id="30" c="7 29" t="1"/>
		<b id="31" c="8 30" t="1"/>
		<b id="32" c="9 31" t="1"/>
		<b id="33" c="9 32" t="1"/>
		<b id="34" c="11 33" t="1"/>
		<b id="35" c="12 34" t="1"/>
		<b id="36" c="13 35" t="1"/>
		<b id="37" c="15 36" t="1"/>
		<b id="38" c="16 37" t="1"/>
		<b id="39" c="16 38" t="1"/>
		<b id="40" c="17 39" t="1"/>
		<b id="41" c="17 40" t="1"/>
		<b id="42" c="20 41" t="1"/>
		<b id="43" c="21 42" t="1"/>
		<b id="44" c="21 43" t="1"/>
		<b id="45" c="22 44" t="1"/>
		<b id="46" c="22 45" t="1"/>
	</bonds>
	<geometry>
		<g u="A" t="cart/3d">#45,3:11.2141,-11.0326,4.9043;11.0311,-9.9415,4.0179;12.1150,-9.6439,3.2526;13.1550,-10.2577,3.3124;11.8819,-8.6174,2.4089;12.9556,-8.1075,1.5838;13.3067,-6.6755,1.9850;12.0787,-5.7588,1.9581;11.5946,-5.4506,0.5284;12.6387,-4.6931,-0.2393;12.7913,-3.3246,-0.0570;13.7877,-2.6366,-0.7232;14.6527,-3.3084,-1.5686;14.5191,-4.6751,-1.7625;15.4919,-5.4206,-2.6472;14.8068,-5.9915,-3.7854;16.2585,-6.4767,-1.7910;16.7817,-5.8675,-0.5989;17.1777,-5.3571,0.3445;13.5040,-5.3520,-1.1002;10.9703,-6.3871,2.8110;10.6731,-7.8264,2.3862;10.2408,-11.2229,5.3508;11.9452,-10.7801,5.6759;11.5673,-11.9119,4.3614;12.6379,-8.1507,0.5360;13.8159,-8.7652,1.7185;14.0844,-6.2858,1.3269;13.7089,-6.6925,2.9996;12.3627,-4.8026,2.4123;10.6857,-4.8484,0.5976;11.3483,-6.3734,0.0038;12.1241,-2.7982,0.6102;13.8974,-1.5721,-0.5788;15.4378,-2.7692,-2.0772;16.2274,-4.7085,-3.0403;14.0673,-6.6207,-3.4956;15.4462,-6.4955,-4.3887;17.0829,-6.9040,-2.3693;15.5809,-7.2843,-1.4979;13.3788,-6.4168,-1.2473;10.0559,-5.7955,2.7425;11.2917,-6.3940,3.8545;10.2655,-7.8435,1.3687;9.9438,-8.2773,3.0574;</g>
	</geometry>
	<conformers/>
	<properties/>
</molecule>
