<?xml version="1.0" ?>
<!--MOLLI PACKAGE EXPERIMENTAL XML FORMAT-->
<molecule name="nuc443">
	<atoms>
		<a id="1" s="C" t="C.3" l="C"/>
		<a id="2" s="O" t="O.3" l="O"/>
		<a id="3" s="C" t="C.2" l="C"/>
		<a id="4" s="O" t="O.2" l="O"/>
		<a id="5" s="N" t="N.am" l="N"/>
		<a id="6" s="C" t="C.3" l="C"/>
		<a id="7" s="C" t="C.3" l="C"/>
		<a id="8" s="C" t="C.3" l="C"/>
		<a id="9" s="S" t="S.O2" l="S"/>
		<a id="10" s="O" t="O.2" l="O"/>
		<a id="11" s="O" t="O.2" l="O"/>
		<a id="12" s="C" t="C.ar" l="C"/>
		<a id="13" s="C" t="C.ar" l="C"/>
		<a id="14" s="C" t="C.ar" l="C"/>
		<a id="15" s="C" t="C.ar" l="C"/>
		<a id="16" s="C" t="C.ar" l="C"/>
		<a id="17" s="C" t="C.3" l="C"/>
		<a id="18" s="N" t="N.3" l="N"/>
		<a id="19" s="C" t="C.3" l="C"/>
		<a id="20" s="C" t="C.1" l="C"/>
		<a id="21" s="N" t="N.1" l="N"/>
		<a id="22" s="C" t="C.ar" l="C"/>
		<a id="23" s="C" t="C.3" l="C"/>
		<a id="24" s="C" t="C.3" l="C"/>
		<a id="25" s="H" t="H" l="H"/>
		<a id="26" s="H" t="H" l="H"/>
		<a id="27" s="H" t="H" l="H"/>
		<a id="28" s="H" t="H" l="H"/>
		<a id="29" s="H" t="H" l="H"/>
		<a id="30" s="H" t="H" l="H"/>
		<a id="31" s="H" t="H" l="H"/>
		<a id="32" s="H" t="H" l="H"/>
		<a id="33" s="H" t="H" l="H"/>
		<a id="34" s="H" t="H" l="H"/>
		<a id="35" s="H" t="H" l="H"/>
		<a id="36" s="H" t="H" l="H"/>
		<a id="37" s="H" t="H" l="H"/>
		<a id="38" s="H" t="H" l="H"/>
		<a id="39" s="H" t="H" l="H"/>
		<a id="40" s="H" t="H" l="H"/>
		<a id="41" s="H" t="H" l="H"/>
		<a id="42" s="H" t="H" l="H"/>
		<a id="43" s="H" t="H" l="H"/>
		<a id="44" s="H" t="H" l="H"/>
		<a id="45" s="H" t="H" l="H"/>
	</atoms>
	<bonds>
		<b id="1" c="1 2" t="1"/>
		<b id="2" c="2 3" t="1"/>
		<b id="3" c="3 4" t="2"/>
		<b id="4" c="3 5" t="am"/>
		<b id="5" c="5 6" t="1"/>
		<b id="6" c="6 7" t="1"/>
		<b id="7" c="7 8" t="1"/>
		<b id="8" c="8 9" t="1"/>
		<b id="9" c="9 10" t="2"/>
		<b id="10" c="9 11" t="2"/>
		<b id="11" c="9 12" t="1"/>
		<b id="12" c="12 13" t="ar"/>
		<b id="13" c="13 14" t="ar"/>
		<b id="14" c="14 15" t="ar"/>
		<b id="15" c="15 16" t="ar"/>
		<b id="16" c="17 19" t="1"/>
		<b id="17" c="19 20" t="1"/>
		<b id="18" c="20 21" t="3"/>
		<b id="19" c="16 22" t="ar"/>
		<b id="20" c="12 22" t="ar"/>
		<b id="21" c="8 23" t="1"/>
		<b id="22" c="23 24" t="1"/>
		<b id="23" c="5 24" t="1"/>
		<b id="24" c="17 18" t="1"/>
		<b id="25" c="17 16" t="1"/>
		<b id="26" c="1 25" t="1"/>
		<b id="27" c="1 26" t="1"/>
		<b id="28" c="1 27" t="1"/>
		<b id="29" c="6 28" t="1"/>
		<b id="30" c="6 29" t="1"/>
		<b id="31" c="7 30" t="1"/>
		<b id="32" c="7 31" t="1"/>
		<b id="33" c="8 32" t="1"/>
		<b id="34" c="13 33" t="1"/>
		<b id="35" c="14 34" t="1"/>
		<b id="36" c="15 35" t="1"/>
		<b id="37" c="17 36" t="1"/>
		<b id="38" c="18 37" t="1"/>
		<b id="39" c="18 38" t="1"/>
		<b id="40" c="19 39" t="1"/>
		<b id="41" c="19 40" t="1"/>
		<b id="42" c="22 41" t="1"/>
		<b id="43" c="23 42" t="1"/>
		<b id="44" c="23 43" t="1"/>
		<b id="45" c="24 44" t="1"/>
		<b id="46" c="24 45" t="1"/>
	</bonds>
	<geometry>
		<g u="A" t="cart/3d">#45,3:6.3407,-4.8733,6.1085;7.4720,-5.0090,5.2642;8.2474,-6.0959,5.5219;8.0304,-6.8632,6.4296;9.2531,-6.2295,4.6285;10.2956,-7.2043,4.8684;11.5294,-6.5137,5.4542;11.9652,-5.3464,4.5800;12.8074,-6.0168,3.0834;13.8975,-6.8318,3.5462;11.8668,-6.6179,2.1732;13.4762,-4.5357,2.3025;12.8284,-3.9857,1.2142;13.3210,-2.8135,0.6660;14.4420,-2.2116,1.2119;15.1029,-2.7757,2.2984;16.3234,-2.1179,2.9026;15.9225,-0.8929,3.5642;17.4250,-1.9070,1.8239;17.7256,-3.1418,1.1489;17.9515,-4.1268,0.6157;14.6036,-3.9512,2.8430;10.8238,-4.4205,4.1939;9.6247,-5.2175,3.6679;5.9113,-3.9003,5.8819;6.6377,-4.9287,7.1577;5.6166,-5.6654,5.9074;10.5499,-7.6787,3.9178;9.9081,-7.9505,5.5634;12.3532,-7.2254,5.5241;11.2938,-6.1498,6.4580;12.7716,-4.7902,5.0620;11.9643,-4.4880,0.8094;12.8321,-2.3672,-0.1864;14.8029,-1.2926,0.7728;16.7299,-2.7816,3.6746;15.5117,-0.2364,2.9103;16.7076,-0.4464,4.0232;18.3375,-1.5323,2.2978;17.0941,-1.1754,1.0811;15.0928,-4.4332,3.6752;11.1614,-3.7113,3.4352;10.5129,-3.8536,5.0762;9.9016,-5.7231,2.7392;8.7749,-4.5600,3.4899;</g>
	</geometry>
	<conformers/>
	<properties/>
</molecule>
