<?xml version="1.0" ?>
<!--MOLLI PACKAGE EXPERIMENTAL XML FORMAT-->
<molecule name="nuc444">
	<atoms>
		<a id="1" s="C" t="C.3" l="C"/>
		<a id="2" s="O" t="O.3" l="O"/>
		<a id="3" s="C" t="C.2" l="C"/>
		<a id="4" s="O" t="O.2" l="O"/>
		<a id="5" s="N" t="N.am" l="N"/>
		<a id="6" s="C" t="C.3" l="C"/>
		<a id="7" s="C" t="C.3" l="C"/>
		<a id="8" s="C" t="C.3" l="C"/>
		<a id="9" s="O" t="O.3" l="O"/>
		<a id="10" s="C" t="C.ar" l="C"/>
		<a id="11" s="C" t="C.ar" l="C"/>
		<a id="12" s="C" t="C.ar" l="C"/>
		<a id="13" s="C" t="C.ar" l="C"/>
		<a id="14" s="C" t="C.ar" l="C"/>
		<a id="15" s="C" t="C.3" l="C"/>
		<a id="16" s="N" t="N.3" l="N"/>
		<a id="17" s="C" t="C.3" l="C"/>
		<a id="18" s="C" t="C.1" l="C"/>
		<a id="19" s="N" t="N.1" l="N"/>
		<a id="20" s="C" t="C.ar" l="C"/>
		<a id="21" s="C" t="C.3" l="C"/>
		<a id="22" s="H" t="H" l="H"/>
		<a id="23" s="H" t="H" l="H"/>
		<a id="24" s="H" t="H" l="H"/>
		<a id="25" s="H" t="H" l="H"/>
		<a id="26" s="H" t="H" l="H"/>
		<a id="27" s="H" t="H" l="H"/>
		<a id="28" s="H" t="H" l="H"/>
		<a id="29" s="H" t="H" l="H"/>
		<a id="30" s="H" t="H" l="H"/>
		<a id="31" s="H" t="H" l="H"/>
		<a id="32" s="H" t="H" l="H"/>
		<a id="33" s="H" t="H" l="H"/>
		<a id="34" s="H" t="H" l="H"/>
		<a id="35" s="H" t="H" l="H"/>
		<a id="36" s="H" t="H" l="H"/>
		<a id="37" s="H" t="H" l="H"/>
		<a id="38" s="H" t="H" l="H"/>
		<a id="39" s="H" t="H" l="H"/>
		<a id="40" s="H" t="H" l="H"/>
	</atoms>
	<bonds>
		<b id="1" c="1 2" t="1"/>
		<b id="2" c="2 3" t="1"/>
		<b id="3" c="3 4" t="2"/>
		<b id="4" c="3 5" t="am"/>
		<b id="5" c="5 6" t="1"/>
		<b id="6" c="6 7" t="1"/>
		<b id="7" c="7 8" t="1"/>
		<b id="8" c="8 9" t="1"/>
		<b id="9" c="9 10" t="1"/>
		<b id="10" c="10 11" t="ar"/>
		<b id="11" c="11 12" t="ar"/>
		<b id="12" c="12 13" t="ar"/>
		<b id="13" c="13 14" t="ar"/>
		<b id="14" c="15 17" t="1"/>
		<b id="15" c="17 18" t="1"/>
		<b id="16" c="18 19" t="3"/>
		<b id="17" c="14 20" t="ar"/>
		<b id="18" c="10 20" t="ar"/>
		<b id="19" c="8 21" t="1"/>
		<b id="20" c="5 21" t="1"/>
		<b id="21" c="15 16" t="1"/>
		<b id="22" c="15 14" t="1"/>
		<b id="23" c="1 22" t="1"/>
		<b id="24" c="1 23" t="1"/>
		<b id="25" c="1 24" t="1"/>
		<b id="26" c="6 25" t="1"/>
		<b id="27" c="6 26" t="1"/>
		<b id="28" c="7 27" t="1"/>
		<b id="29" c="7 28" t="1"/>
		<b id="30" c="8 29" t="1"/>
		<b id="31" c="11 30" t="1"/>
		<b id="32" c="12 31" t="1"/>
		<b id="33" c="13 32" t="1"/>
		<b id="34" c="15 33" t="1"/>
		<b id="35" c="16 34" t="1"/>
		<b id="36" c="16 35" t="1"/>
		<b id="37" c="17 36" t="1"/>
		<b id="38" c="17 37" t="1"/>
		<b id="39" c="20 38" t="1"/>
		<b id="40" c="21 39" t="1"/>
		<b id="41" c="21 40" t="1"/>
	</bonds>
	<geometry>
		<g u="A" t="cart/3d">#40,3:10.4632,1.7594,-9.5915;10.8955,1.1111,-8.4061;10.0695,0.1270,-7.9640;9.0362,-0.1852,-8.5057;10.5516,-0.4445,-6.8454;9.8477,-1.4944,-6.1392;10.2960,-1.2997,-4.6947;11.7581,-0.8494,-4.8521;12.6353,-1.9383,-5.0510;12.9353,-2.7723,-4.0140;13.7223,-3.8757,-4.3426;14.0842,-4.7803,-3.3674;13.6665,-4.6061,-2.0586;12.8904,-3.5086,-1.7183;12.4861,-3.3077,-0.2736;11.1595,-2.7435,-0.1542;13.5755,-2.4408,0.4322;14.8352,-3.1301,0.4908;15.8267,-3.6968,0.5473;12.5331,-2.5889,-2.6967;11.7541,-0.0341,-6.1539;11.1864,2.5483,-9.7830;9.4639,2.1783,-9.4564;10.4370,1.0544,-10.4251;10.1625,-2.4760,-6.5120;8.7736,-1.3858,-6.2908;10.2107,-2.2133,-4.1105;9.7190,-0.5081,-4.2163;12.1047,-0.2391,-4.0079;14.0325,-3.9983,-5.3679;14.6927,-5.6328,-3.6273;13.9497,-5.3216,-1.3019;12.4618,-4.2884,0.2153;11.1380,-1.7739,-0.4481;10.8291,-2.7899,0.8022;13.2592,-2.2120,1.4557;13.7095,-1.5032,-0.1162;11.9267,-1.7393,-2.4271;12.6470,-0.2664,-6.7416;11.7317,1.0420,-5.9602;</g>
	</geometry>
	<conformers/>
	<properties/>
</molecule>
