<?xml version="1.0" ?>
<!--MOLLI PACKAGE EXPERIMENTAL XML FORMAT-->
<molecule name="nuc445">
	<atoms>
		<a id="1" s="C" t="C.3" l="C"/>
		<a id="2" s="O" t="O.3" l="O"/>
		<a id="3" s="C" t="C.2" l="C"/>
		<a id="4" s="O" t="O.2" l="O"/>
		<a id="5" s="N" t="N.am" l="N"/>
		<a id="6" s="C" t="C.3" l="C"/>
		<a id="7" s="C" t="C.3" l="C"/>
		<a id="8" s="C" t="C.3" l="C"/>
		<a id="9" s="O" t="O.3" l="O"/>
		<a id="10" s="C" t="C.ar" l="C"/>
		<a id="11" s="C" t="C.ar" l="C"/>
		<a id="12" s="C" t="C.ar" l="C"/>
		<a id="13" s="C" t="C.ar" l="C"/>
		<a id="14" s="C" t="C.ar" l="C"/>
		<a id="15" s="C" t="C.3" l="C"/>
		<a id="16" s="N" t="N.3" l="N"/>
		<a id="17" s="C" t="C.3" l="C"/>
		<a id="18" s="C" t="C.1" l="C"/>
		<a id="19" s="N" t="N.1" l="N"/>
		<a id="20" s="C" t="C.ar" l="C"/>
		<a id="21" s="C" t="C.3" l="C"/>
		<a id="22" s="H" t="H" l="H"/>
		<a id="23" s="H" t="H" l="H"/>
		<a id="24" s="H" t="H" l="H"/>
		<a id="25" s="H" t="H" l="H"/>
		<a id="26" s="H" t="H" l="H"/>
		<a id="27" s="H" t="H" l="H"/>
		<a id="28" s="H" t="H" l="H"/>
		<a id="29" s="H" t="H" l="H"/>
		<a id="30" s="H" t="H" l="H"/>
		<a id="31" s="H" t="H" l="H"/>
		<a id="32" s="H" t="H" l="H"/>
		<a id="33" s="H" t="H" l="H"/>
		<a id="34" s="H" t="H" l="H"/>
		<a id="35" s="H" t="H" l="H"/>
		<a id="36" s="H" t="H" l="H"/>
		<a id="37" s="H" t="H" l="H"/>
		<a id="38" s="H" t="H" l="H"/>
		<a id="39" s="H" t="H" l="H"/>
		<a id="40" s="H" t="H" l="H"/>
	</atoms>
	<bonds>
		<b id="1" c="1 2" t="1"/>
		<b id="2" c="2 3" t="1"/>
		<b id="3" c="3 4" t="2"/>
		<b id="4" c="3 5" t="am"/>
		<b id="5" c="5 6" t="1"/>
		<b id="6" c="6 7" t="1"/>
		<b id="7" c="7 8" t="1"/>
		<b id="8" c="9 10" t="1"/>
		<b id="9" c="10 11" t="ar"/>
		<b id="10" c="11 12" t="ar"/>
		<b id="11" c="12 13" t="ar"/>
		<b id="12" c="13 14" t="ar"/>
		<b id="13" c="15 17" t="1"/>
		<b id="14" c="17 18" t="1"/>
		<b id="15" c="18 19" t="3"/>
		<b id="16" c="14 20" t="ar"/>
		<b id="17" c="10 20" t="ar"/>
		<b id="18" c="8 21" t="1"/>
		<b id="19" c="5 21" t="1"/>
		<b id="20" c="8 9" t="1"/>
		<b id="21" c="15 16" t="1"/>
		<b id="22" c="15 14" t="1"/>
		<b id="23" c="1 22" t="1"/>
		<b id="24" c="1 23" t="1"/>
		<b id="25" c="1 24" t="1"/>
		<b id="26" c="6 25" t="1"/>
		<b id="27" c="6 26" t="1"/>
		<b id="28" c="7 27" t="1"/>
		<b id="29" c="7 28" t="1"/>
		<b id="30" c="8 29" t="1"/>
		<b id="31" c="11 30" t="1"/>
		<b id="32" c="12 31" t="1"/>
		<b id="33" c="13 32" t="1"/>
		<b id="34" c="15 33" t="1"/>
		<b id="35" c="16 34" t="1"/>
		<b id="36" c="16 35" t="1"/>
		<b id="37" c="17 36" t="1"/>
		<b id="38" c="17 37" t="1"/>
		<b id="39" c="20 38" t="1"/>
		<b id="40" c="21 39" t="1"/>
		<b id="41" c="21 40" t="1"/>
	</bonds>
	<geometry>
		<g u="A" t="cart/3d">#40,3:13.6724,-5.0966,-14.0156;12.8641,-4.4959,-13.0145;12.4269,-3.2370,-13.2686;12.6761,-2.6090,-14.2701;11.6595,-2.7845,-12.2585;11.1590,-1.4248,-12.2230;11.1433,-1.0920,-10.7370;10.7892,-2.4398,-10.0830;11.3217,-2.6039,-8.7894;10.7201,-2.0032,-7.7213;9.5972,-1.1879,-7.7741;9.0892,-0.6519,-6.6026;9.6841,-0.9115,-5.3840;10.8072,-1.7267,-5.3196;11.4386,-2.0511,-3.9852;12.8350,-1.6785,-3.9757;11.1964,-3.5588,-3.6653;9.7898,-3.8523,-3.6615;8.6658,-4.0613,-3.6574;11.3131,-2.2682,-6.4881;11.4570,-3.4752,-11.0043;13.1941,-6.0233,-14.3341;14.6527,-5.3125,-13.5886;13.7752,-4.4156,-14.8627;10.1472,-1.3877,-12.6452;11.8071,-0.7782,-12.8155;10.4397,-0.2992,-10.4948;12.1371,-0.7967,-10.3977;9.7019,-2.5914,-10.0682;9.1089,-0.9649,-8.7089;8.2147,-0.0207,-6.6491;9.2747,-0.4866,-4.4807;10.9441,-1.4581,-3.2064;13.3516,-2.1530,-4.7064;13.2670,-1.8857,-3.0830;11.6120,-3.8038,-2.6829;11.6828,-4.1812,-4.4217;12.1794,-2.9128,-6.4876;10.8389,-4.3660,-11.1427;12.4132,-3.7851,-10.5713;</g>
	</geometry>
	<conformers/>
	<properties/>
</molecule>
