<?xml version="1.0" ?>
<!--MOLLI PACKAGE EXPERIMENTAL XML FORMAT-->
<molecule name="nuc446">
	<atoms>
		<a id="1" s="C" t="C.3" l="C"/>
		<a id="2" s="O" t="O.3" l="O"/>
		<a id="3" s="C" t="C.2" l="C"/>
		<a id="4" s="O" t="O.2" l="O"/>
		<a id="5" s="N" t="N.am" l="N"/>
		<a id="6" s="C" t="C.3" l="C"/>
		<a id="7" s="C" t="C.3" l="C"/>
		<a id="8" s="N" t="N.am" l="N"/>
		<a id="9" s="C" t="C.3" l="C"/>
		<a id="10" s="C" t="C.ar" l="C"/>
		<a id="11" s="C" t="C.ar" l="C"/>
		<a id="12" s="C" t="C.ar" l="C"/>
		<a id="13" s="C" t="C.ar" l="C"/>
		<a id="14" s="C" t="C.ar" l="C"/>
		<a id="15" s="C" t="C.3" l="C"/>
		<a id="16" s="N" t="N.3" l="N"/>
		<a id="17" s="C" t="C.3" l="C"/>
		<a id="18" s="C" t="C.1" l="C"/>
		<a id="19" s="N" t="N.1" l="N"/>
		<a id="20" s="C" t="C.ar" l="C"/>
		<a id="21" s="C" t="C.2" l="C"/>
		<a id="22" s="O" t="O.2" l="O"/>
		<a id="23" s="C" t="C.3" l="C"/>
		<a id="24" s="H" t="H" l="H"/>
		<a id="25" s="H" t="H" l="H"/>
		<a id="26" s="H" t="H" l="H"/>
		<a id="27" s="H" t="H" l="H"/>
		<a id="28" s="H" t="H" l="H"/>
		<a id="29" s="H" t="H" l="H"/>
		<a id="30" s="H" t="H" l="H"/>
		<a id="31" s="H" t="H" l="H"/>
		<a id="32" s="H" t="H" l="H"/>
		<a id="33" s="H" t="H" l="H"/>
		<a id="34" s="H" t="H" l="H"/>
		<a id="35" s="H" t="H" l="H"/>
		<a id="36" s="H" t="H" l="H"/>
		<a id="37" s="H" t="H" l="H"/>
		<a id="38" s="H" t="H" l="H"/>
		<a id="39" s="H" t="H" l="H"/>
		<a id="40" s="H" t="H" l="H"/>
		<a id="41" s="H" t="H" l="H"/>
		<a id="42" s="H" t="H" l="H"/>
		<a id="43" s="H" t="H" l="H"/>
	</atoms>
	<bonds>
		<b id="1" c="1 2" t="1"/>
		<b id="2" c="2 3" t="1"/>
		<b id="3" c="3 4" t="2"/>
		<b id="4" c="3 5" t="am"/>
		<b id="5" c="5 6" t="1"/>
		<b id="6" c="6 7" t="1"/>
		<b id="7" c="7 8" t="1"/>
		<b id="8" c="8 9" t="1"/>
		<b id="9" c="9 10" t="1"/>
		<b id="10" c="10 11" t="ar"/>
		<b id="11" c="11 12" t="ar"/>
		<b id="12" c="12 13" t="ar"/>
		<b id="13" c="13 14" t="ar"/>
		<b id="14" c="15 17" t="1"/>
		<b id="15" c="17 18" t="1"/>
		<b id="16" c="18 19" t="3"/>
		<b id="17" c="14 20" t="ar"/>
		<b id="18" c="10 20" t="ar"/>
		<b id="19" c="8 21" t="am"/>
		<b id="20" c="21 22" t="2"/>
		<b id="21" c="21 23" t="1"/>
		<b id="22" c="5 23" t="1"/>
		<b id="23" c="15 16" t="1"/>
		<b id="24" c="15 14" t="1"/>
		<b id="25" c="1 24" t="1"/>
		<b id="26" c="1 25" t="1"/>
		<b id="27" c="1 26" t="1"/>
		<b id="28" c="6 27" t="1"/>
		<b id="29" c="6 28" t="1"/>
		<b id="30" c="7 29" t="1"/>
		<b id="31" c="7 30" t="1"/>
		<b id="32" c="9 31" t="1"/>
		<b id="33" c="9 32" t="1"/>
		<b id="34" c="11 33" t="1"/>
		<b id="35" c="12 34" t="1"/>
		<b id="36" c="13 35" t="1"/>
		<b id="37" c="15 36" t="1"/>
		<b id="38" c="16 37" t="1"/>
		<b id="39" c="16 38" t="1"/>
		<b id="40" c="17 39" t="1"/>
		<b id="41" c="17 40" t="1"/>
		<b id="42" c="20 41" t="1"/>
		<b id="43" c="23 42" t="1"/>
		<b id="44" c="23 43" t="1"/>
	</bonds>
	<geometry>
		<g u="A" t="cart/3d">#43,3:7.8050,-14.9399,2.0308;8.3955,-13.7186,1.6133;7.5360,-12.8292,1.0655;6.3506,-13.0260,0.9391;8.1630,-11.6995,0.6615;7.4068,-10.6121,0.0930;7.4704,-9.4323,1.0546;8.8483,-9.1018,1.3488;9.1105,-7.7261,1.7434;8.9623,-6.7928,0.5716;9.8382,-6.9003,-0.5017;9.7014,-6.0634,-1.5926;8.6951,-5.1135,-1.6205;7.8058,-4.9994,-0.5605;6.7232,-3.9444,-0.5588;5.9124,-4.0342,-1.7522;7.3866,-2.5462,-0.3598;8.0917,-2.5059,0.8921;8.6320,-2.5040,1.8997;7.9484,-5.8480,0.5289;9.8702,-9.9777,1.2821;11.0220,-9.6613,1.5143;9.5574,-11.4175,0.8795;8.6030,-15.5132,2.4961;7.3967,-15.4787,1.1731;6.9992,-14.7526,2.7434;6.3787,-10.9473,-0.0484;7.8426,-10.3335,-0.8729;6.9395,-9.6859,1.9820;6.9942,-8.5553,0.6069;10.1378,-7.6987,2.1165;8.4237,-7.4492,2.5487;10.6291,-7.6343,-0.4678;10.3869,-6.1424,-2.4232;8.6131,-4.4607,-2.4780;6.0556,-4.1226,0.2932;6.4642,-3.8959,-2.5906;5.1642,-3.3510,-1.7417;6.6195,-1.7652,-0.3589;8.0928,-2.3494,-1.1715;7.2672,-5.7582,1.3636;9.9483,-12.0707,1.6622;10.1385,-11.6183,-0.0323;</g>
	</geometry>
	<conformers/>
	<properties/>
</molecule>
