<?xml version="1.0" ?>
<!--MOLLI PACKAGE EXPERIMENTAL XML FORMAT-->
<molecule name="nuc447">
	<atoms>
		<a id="1" s="N" t="N.1" l="N"/>
		<a id="2" s="C" t="C.1" l="C"/>
		<a id="3" s="C" t="C.3" l="C"/>
		<a id="4" s="C" t="C.3" l="C"/>
		<a id="5" s="N" t="N.3" l="N"/>
		<a id="6" s="C" t="C.ar" l="C"/>
		<a id="7" s="C" t="C.ar" l="C"/>
		<a id="8" s="C" t="C.ar" l="C"/>
		<a id="9" s="C" t="C.ar" l="C"/>
		<a id="10" s="C" t="C.ar" l="C"/>
		<a id="11" s="C" t="C.3" l="C"/>
		<a id="12" s="C" t="C.2" l="C"/>
		<a id="13" s="C" t="C.2" l="C"/>
		<a id="14" s="C" t="C.3" l="C"/>
		<a id="15" s="N" t="N.am" l="N"/>
		<a id="16" s="C" t="C.2" l="C"/>
		<a id="17" s="O" t="O.2" l="O"/>
		<a id="18" s="O" t="O.3" l="O"/>
		<a id="19" s="C" t="C.3" l="C"/>
		<a id="20" s="C" t="C.ar" l="C"/>
		<a id="21" s="C" t="C.ar" l="C"/>
		<a id="22" s="C" t="C.ar" l="C"/>
		<a id="23" s="C" t="C.ar" l="C"/>
		<a id="24" s="C" t="C.ar" l="C"/>
		<a id="25" s="C" t="C.ar" l="C"/>
		<a id="26" s="C" t="C.3" l="C"/>
		<a id="27" s="C" t="C.ar" l="C"/>
		<a id="28" s="H" t="H" l="H"/>
		<a id="29" s="H" t="H" l="H"/>
		<a id="30" s="H" t="H" l="H"/>
		<a id="31" s="H" t="H" l="H"/>
		<a id="32" s="H" t="H" l="H"/>
		<a id="33" s="H" t="H" l="H"/>
		<a id="34" s="H" t="H" l="H"/>
		<a id="35" s="H" t="H" l="H"/>
		<a id="36" s="H" t="H" l="H"/>
		<a id="37" s="H" t="H" l="H"/>
		<a id="38" s="H" t="H" l="H"/>
		<a id="39" s="H" t="H" l="H"/>
		<a id="40" s="H" t="H" l="H"/>
		<a id="41" s="H" t="H" l="H"/>
		<a id="42" s="H" t="H" l="H"/>
		<a id="43" s="H" t="H" l="H"/>
		<a id="44" s="H" t="H" l="H"/>
		<a id="45" s="H" t="H" l="H"/>
		<a id="46" s="H" t="H" l="H"/>
		<a id="47" s="H" t="H" l="H"/>
		<a id="48" s="H" t="H" l="H"/>
		<a id="49" s="H" t="H" l="H"/>
		<a id="50" s="H" t="H" l="H"/>
	</atoms>
	<bonds>
		<b id="1" c="1 2" t="3"/>
		<b id="2" c="2 3" t="1"/>
		<b id="3" c="3 4" t="1"/>
		<b id="4" c="4 5" t="1"/>
		<b id="5" c="4 6" t="1"/>
		<b id="6" c="6 7" t="ar"/>
		<b id="7" c="7 8" t="ar"/>
		<b id="8" c="8 9" t="ar"/>
		<b id="9" c="9 10" t="ar"/>
		<b id="10" c="10 11" t="1"/>
		<b id="11" c="11 12" t="1"/>
		<b id="12" c="12 13" t="2"/>
		<b id="13" c="13 14" t="1"/>
		<b id="14" c="14 15" t="1"/>
		<b id="15" c="15 16" t="am"/>
		<b id="16" c="16 17" t="2"/>
		<b id="17" c="16 18" t="1"/>
		<b id="18" c="18 19" t="1"/>
		<b id="19" c="19 20" t="1"/>
		<b id="20" c="20 21" t="ar"/>
		<b id="21" c="21 22" t="ar"/>
		<b id="22" c="22 23" t="ar"/>
		<b id="23" c="23 24" t="ar"/>
		<b id="24" c="24 25" t="ar"/>
		<b id="25" c="20 25" t="ar"/>
		<b id="26" c="15 26" t="1"/>
		<b id="27" c="12 26" t="1"/>
		<b id="28" c="10 27" t="ar"/>
		<b id="29" c="6 27" t="ar"/>
		<b id="30" c="3 28" t="1"/>
		<b id="31" c="3 29" t="1"/>
		<b id="32" c="4 30" t="1"/>
		<b id="33" c="5 31" t="1"/>
		<b id="34" c="5 32" t="1"/>
		<b id="35" c="7 33" t="1"/>
		<b id="36" c="8 34" t="1"/>
		<b id="37" c="9 35" t="1"/>
		<b id="38" c="11 36" t="1"/>
		<b id="39" c="11 37" t="1"/>
		<b id="40" c="13 38" t="1"/>
		<b id="41" c="14 39" t="1"/>
		<b id="42" c="14 40" t="1"/>
		<b id="43" c="19 41" t="1"/>
		<b id="44" c="19 42" t="1"/>
		<b id="45" c="21 43" t="1"/>
		<b id="46" c="22 44" t="1"/>
		<b id="47" c="23 45" t="1"/>
		<b id="48" c="24 46" t="1"/>
		<b id="49" c="25 47" t="1"/>
		<b id="50" c="26 48" t="1"/>
		<b id="51" c="26 49" t="1"/>
		<b id="52" c="27 50" t="1"/>
	</bonds>
	<geometry>
		<g u="A" t="cart/3d">#50,3:11.2490,2.4492,7.3997;10.3863,2.4287,8.1501;9.2746,2.3770,9.0589;8.1392,1.4801,8.4656;6.9317,1.4802,9.2560;7.8895,1.9413,7.0476;7.2114,3.1217,6.7761;7.0796,3.5644,5.4722;7.6407,2.8473,4.4320;8.3229,1.6655,4.6854;8.9875,0.9098,3.5634;10.3936,1.4010,3.4073;10.8552,2.2822,2.5307;12.3181,2.5347,2.7180;12.6634,1.5916,3.7631;13.9113,1.2385,4.1059;14.1883,0.3683,4.8990;14.8250,1.9970,3.4428;16.1980,1.7005,3.7006;16.7568,0.7842,2.6438;17.5469,1.2796,1.6157;18.0306,0.4320,0.6342;17.7211,-0.9167,0.6681;16.9273,-1.4159,1.6873;16.4479,-0.5707,2.6718;11.4910,0.9463,4.3251;8.4333,1.2206,5.9939;8.8984,3.3947,9.2027;9.6094,1.9813,10.0222;8.5051,0.4468,8.4406;6.5232,2.4051,9.3185;7.1047,1.1388,10.1940;6.7823,3.7070,7.5768;6.5467,4.4816,5.2691;7.5516,3.2069,3.4175;8.4416,1.0724,2.6330;8.9969,-0.1579,3.7898;10.2953,2.7799,1.7598;12.5183,3.5673,3.0346;12.9046,2.3435,1.8118;16.2731,1.2338,4.6894;16.7148,2.6635,3.6984;17.7871,2.3330,1.5864;18.6496,0.8253,-0.1593;18.0978,-1.5778,-0.0988;16.6832,-2.4678,1.7160;15.8288,-0.9531,3.4699;11.3245,1.2814,5.3580;11.6218,-0.1413,4.3357;8.9633,0.3010,6.1979;</g>
	</geometry>
	<conformers/>
	<properties/>
</molecule>
