<?xml version="1.0" ?>
<!--MOLLI PACKAGE EXPERIMENTAL XML FORMAT-->
<molecule name="nuc448">
	<atoms>
		<a id="1" s="C" t="C.3" l="C"/>
		<a id="2" s="O" t="O.3" l="O"/>
		<a id="3" s="C" t="C.2" l="C"/>
		<a id="4" s="O" t="O.2" l="O"/>
		<a id="5" s="N" t="N.am" l="N"/>
		<a id="6" s="C" t="C.3" l="C"/>
		<a id="7" s="C" t="C.3" l="C"/>
		<a id="8" s="C" t="C.3" l="C"/>
		<a id="9" s="C" t="C.3" l="C"/>
		<a id="10" s="C" t="C.ar" l="C"/>
		<a id="11" s="C" t="C.ar" l="C"/>
		<a id="12" s="C" t="C.ar" l="C"/>
		<a id="13" s="C" t="C.ar" l="C"/>
		<a id="14" s="C" t="C.ar" l="C"/>
		<a id="15" s="C" t="C.3" l="C"/>
		<a id="16" s="N" t="N.3" l="N"/>
		<a id="17" s="C" t="C.3" l="C"/>
		<a id="18" s="C" t="C.1" l="C"/>
		<a id="19" s="N" t="N.1" l="N"/>
		<a id="20" s="C" t="C.ar" l="C"/>
		<a id="21" s="C" t="C.2" l="C"/>
		<a id="22" s="O" t="O.2" l="O"/>
		<a id="23" s="O" t="O.3" l="O"/>
		<a id="24" s="C" t="C.3" l="C"/>
		<a id="25" s="C" t="C.3" l="C"/>
		<a id="26" s="C" t="C.3" l="C"/>
		<a id="27" s="H" t="H" l="H"/>
		<a id="28" s="H" t="H" l="H"/>
		<a id="29" s="H" t="H" l="H"/>
		<a id="30" s="H" t="H" l="H"/>
		<a id="31" s="H" t="H" l="H"/>
		<a id="32" s="H" t="H" l="H"/>
		<a id="33" s="H" t="H" l="H"/>
		<a id="34" s="H" t="H" l="H"/>
		<a id="35" s="H" t="H" l="H"/>
		<a id="36" s="H" t="H" l="H"/>
		<a id="37" s="H" t="H" l="H"/>
		<a id="38" s="H" t="H" l="H"/>
		<a id="39" s="H" t="H" l="H"/>
		<a id="40" s="H" t="H" l="H"/>
		<a id="41" s="H" t="H" l="H"/>
		<a id="42" s="H" t="H" l="H"/>
		<a id="43" s="H" t="H" l="H"/>
		<a id="44" s="H" t="H" l="H"/>
		<a id="45" s="H" t="H" l="H"/>
		<a id="46" s="H" t="H" l="H"/>
		<a id="47" s="H" t="H" l="H"/>
		<a id="48" s="H" t="H" l="H"/>
		<a id="49" s="H" t="H" l="H"/>
		<a id="50" s="H" t="H" l="H"/>
		<a id="51" s="H" t="H" l="H"/>
	</atoms>
	<bonds>
		<b id="1" c="1 2" t="1"/>
		<b id="2" c="2 3" t="1"/>
		<b id="3" c="3 4" t="2"/>
		<b id="4" c="3 5" t="am"/>
		<b id="5" c="5 6" t="1"/>
		<b id="6" c="6 7" t="1"/>
		<b id="7" c="7 8" t="1"/>
		<b id="8" c="8 9" t="1"/>
		<b id="9" c="9 10" t="1"/>
		<b id="10" c="10 11" t="ar"/>
		<b id="11" c="11 12" t="ar"/>
		<b id="12" c="12 13" t="ar"/>
		<b id="13" c="13 14" t="ar"/>
		<b id="14" c="15 17" t="1"/>
		<b id="15" c="17 18" t="1"/>
		<b id="16" c="18 19" t="3"/>
		<b id="17" c="14 20" t="ar"/>
		<b id="18" c="10 20" t="ar"/>
		<b id="19" c="8 21" t="1"/>
		<b id="20" c="21 22" t="2"/>
		<b id="21" c="21 23" t="1"/>
		<b id="22" c="23 24" t="1"/>
		<b id="23" c="8 25" t="1"/>
		<b id="24" c="25 26" t="1"/>
		<b id="25" c="5 26" t="1"/>
		<b id="26" c="15 16" t="1"/>
		<b id="27" c="15 14" t="1"/>
		<b id="28" c="1 27" t="1"/>
		<b id="29" c="1 28" t="1"/>
		<b id="30" c="1 29" t="1"/>
		<b id="31" c="6 30" t="1"/>
		<b id="32" c="6 31" t="1"/>
		<b id="33" c="7 32" t="1"/>
		<b id="34" c="7 33" t="1"/>
		<b id="35" c="9 34" t="1"/>
		<b id="36" c="9 35" t="1"/>
		<b id="37" c="11 36" t="1"/>
		<b id="38" c="12 37" t="1"/>
		<b id="39" c="13 38" t="1"/>
		<b id="40" c="15 39" t="1"/>
		<b id="41" c="16 40" t="1"/>
		<b id="42" c="16 41" t="1"/>
		<b id="43" c="17 42" t="1"/>
		<b id="44" c="17 43" t="1"/>
		<b id="45" c="20 44" t="1"/>
		<b id="46" c="24 45" t="1"/>
		<b id="47" c="24 46" t="1"/>
		<b id="48" c="24 47" t="1"/>
		<b id="49" c="25 48" t="1"/>
		<b id="50" c="25 49" t="1"/>
		<b id="51" c="26 50" t="1"/>
		<b id="52" c="26 51" t="1"/>
	</bonds>
	<geometry>
		<g u="A" t="cart/3d">#51,3:10.3593,-3.7541,8.3516;9.1658,-3.1710,7.8558;8.0335,-3.5590,8.5007;8.0281,-4.3702,9.3967;6.9377,-2.9137,8.0457;5.6271,-3.2990,8.5220;4.8500,-4.0349,7.4297;4.7870,-3.2163,6.1339;4.1442,-4.0373,4.9865;2.6954,-4.3351,5.2522;1.7028,-3.4758,4.8001;0.3752,-3.7237,5.0955;0.0232,-4.8294,5.8478;0.9980,-5.7101,6.2933;0.6105,-6.9418,7.0793;1.3411,-7.0065,8.3241;0.8068,-8.2014,6.1784;-0.0109,-8.1103,5.0004;-0.6757,-8.0154,4.0747;2.3261,-5.4577,5.9793;3.9094,-1.9872,6.3479;3.2095,-1.7891,7.3047;3.9865,-1.1413,5.3126;3.1700,0.0186,5.3956;6.2060,-2.7938,5.7242;6.9123,-2.0716,6.8741;11.1506,-3.4384,7.6757;10.2765,-4.8428,8.3659;10.5624,-3.4053,9.3665;5.0808,-2.4005,8.8219;5.7636,-3.9427,9.3918;3.8394,-4.2274,7.7902;5.3452,-4.9859,7.2230;4.7063,-4.9668,4.8737;4.2378,-3.4636,4.0625;1.9710,-2.6147,4.2054;-0.3910,-3.0516,4.7390;-1.0145,-5.0152,6.0806;-0.4535,-6.8756,7.3368;2.3416,-7.0526,8.1729;1.0587,-7.8045,8.8802;0.5273,-9.1028,6.7332;1.8549,-8.2822,5.8756;3.0981,-6.1435,6.3003;3.2194,0.4986,4.4215;3.5453,0.6907,6.1699;2.1432,-0.2597,5.6412;6.1646,-2.1414,4.8519;6.7779,-3.6868,5.4626;6.3692,-1.1530,7.1250;7.9332,-1.8140,6.5957;</g>
	</geometry>
	<conformers/>
	<properties/>
</molecule>
