<?xml version="1.0" ?>
<!--MOLLI PACKAGE EXPERIMENTAL XML FORMAT-->
<molecule name="nuc451">
	<atoms>
		<a id="1" s="C" t="C.3" l="C"/>
		<a id="2" s="O" t="O.3" l="O"/>
		<a id="3" s="C" t="C.ar" l="C"/>
		<a id="4" s="C" t="C.ar" l="C"/>
		<a id="5" s="C" t="C.ar" l="C"/>
		<a id="6" s="C" t="C.ar" l="C"/>
		<a id="7" s="C" t="C.ar" l="C"/>
		<a id="8" s="C" t="C.ar" l="C"/>
		<a id="9" s="C" t="C.ar" l="C"/>
		<a id="10" s="C" t="C.ar" l="C"/>
		<a id="11" s="C" t="C.ar" l="C"/>
		<a id="12" s="C" t="C.ar" l="C"/>
		<a id="13" s="C" t="C.ar" l="C"/>
		<a id="14" s="C" t="C.ar" l="C"/>
		<a id="15" s="N" t="N.pl3" l="N"/>
		<a id="16" s="H" t="H" l="H"/>
		<a id="17" s="H" t="H" l="H"/>
		<a id="18" s="H" t="H" l="H"/>
		<a id="19" s="H" t="H" l="H"/>
		<a id="20" s="H" t="H" l="H"/>
		<a id="21" s="H" t="H" l="H"/>
		<a id="22" s="H" t="H" l="H"/>
		<a id="23" s="H" t="H" l="H"/>
		<a id="24" s="H" t="H" l="H"/>
		<a id="25" s="H" t="H" l="H"/>
		<a id="26" s="H" t="H" l="H"/>
		<a id="27" s="H" t="H" l="H"/>
		<a id="28" s="H" t="H" l="H"/>
	</atoms>
	<bonds>
		<b id="1" c="1 2" t="1"/>
		<b id="2" c="2 3" t="1"/>
		<b id="3" c="3 4" t="ar"/>
		<b id="4" c="4 5" t="ar"/>
		<b id="5" c="5 6" t="ar"/>
		<b id="6" c="6 7" t="1"/>
		<b id="7" c="7 8" t="ar"/>
		<b id="8" c="8 9" t="ar"/>
		<b id="9" c="9 10" t="ar"/>
		<b id="10" c="10 11" t="ar"/>
		<b id="11" c="11 12" t="ar"/>
		<b id="12" c="7 12" t="ar"/>
		<b id="13" c="6 13" t="ar"/>
		<b id="14" c="13 14" t="ar"/>
		<b id="15" c="3 14" t="ar"/>
		<b id="16" c="14 15" t="1"/>
		<b id="17" c="1 16" t="1"/>
		<b id="18" c="1 17" t="1"/>
		<b id="19" c="1 18" t="1"/>
		<b id="20" c="4 19" t="1"/>
		<b id="21" c="5 20" t="1"/>
		<b id="22" c="8 21" t="1"/>
		<b id="23" c="9 22" t="1"/>
		<b id="24" c="10 23" t="1"/>
		<b id="25" c="11 24" t="1"/>
		<b id="26" c="12 25" t="1"/>
		<b id="27" c="13 26" t="1"/>
		<b id="28" c="15 27" t="1"/>
		<b id="29" c="15 28" t="1"/>
	</bonds>
	<geometry>
		<g u="A" t="cart/3d">#28,3:2.8677,-1.0866,0.4687;2.5434,0.2789,0.4853;3.3339,1.1414,-0.2409;4.4616,0.7801,-0.9541;5.2041,1.7361,-1.6310;4.8278,3.0722,-1.6101;5.6124,4.0901,-2.3237;4.9801,5.1067,-3.0364;5.7189,6.0633,-3.7071;7.1028,6.0247,-3.6748;7.7426,5.0193,-2.9694;7.0050,4.0595,-2.3018;3.6882,3.4324,-0.8952;2.9333,2.4926,-0.2105;1.7651,2.8411,0.4412;2.1133,-1.5770,1.0831;3.8587,-1.2728,0.8972;2.8289,-1.4962,-0.5455;4.7802,-0.2499,-0.9928;6.0706,1.4276,-2.1955;3.9009,5.1322,-3.0792;5.2132,6.8420,-4.2602;7.6796,6.7739,-4.1971;8.8223,4.9851,-2.9373;7.5102,3.2874,-1.7391;3.3877,4.4693,-0.8489;1.6972,3.8004,0.7411;1.4428,2.1623,1.1119;</g>
	</geometry>
	<conformers/>
	<properties/>
</molecule>
