<?xml version="1.0" ?>
<!--MOLLI PACKAGE EXPERIMENTAL XML FORMAT-->
<molecule name="nuc453">
	<atoms>
		<a id="1" s="N" t="N.pl3" l="N"/>
		<a id="2" s="C" t="C.ar" l="C"/>
		<a id="3" s="C" t="C.ar" l="C"/>
		<a id="4" s="C" t="C.ar" l="C"/>
		<a id="5" s="F" t="F" l="F"/>
		<a id="6" s="C" t="C.ar" l="C"/>
		<a id="7" s="C" t="C.ar" l="C"/>
		<a id="8" s="N" t="N.ar" l="N"/>
		<a id="9" s="H" t="H" l="H"/>
		<a id="10" s="H" t="H" l="H"/>
		<a id="11" s="H" t="H" l="H"/>
		<a id="12" s="H" t="H" l="H"/>
		<a id="13" s="H" t="H" l="H"/>
	</atoms>
	<bonds>
		<b id="1" c="1 2" t="1"/>
		<b id="2" c="2 3" t="ar"/>
		<b id="3" c="3 4" t="ar"/>
		<b id="4" c="4 5" t="1"/>
		<b id="5" c="4 6" t="ar"/>
		<b id="6" c="6 7" t="ar"/>
		<b id="7" c="7 8" t="ar"/>
		<b id="8" c="2 8" t="ar"/>
		<b id="9" c="1 9" t="1"/>
		<b id="10" c="1 10" t="1"/>
		<b id="11" c="3 11" t="1"/>
		<b id="12" c="6 12" t="1"/>
		<b id="13" c="7 13" t="1"/>
	</bonds>
	<geometry>
		<g u="A" t="cart/3d">#13,3:1.1685,-0.1160,0.2524;2.5142,-0.0391,0.0671;3.1690,1.2012,0.0066;4.5385,1.1805,-0.1192;5.2109,2.3465,-0.1847;5.2387,-0.0167,-0.1841;4.4848,-1.1746,-0.1190;3.1699,-1.1964,-0.0019;0.6020,0.6920,0.0664;0.7520,-1.0219,0.1243;2.6264,2.1309,0.0582;6.3104,-0.0294,-0.2826;4.9572,-2.1463,-0.1672;</g>
	</geometry>
	<conformers/>
	<properties/>
</molecule>
