<?xml version="1.0" ?>
<!--MOLLI PACKAGE EXPERIMENTAL XML FORMAT-->
<molecule name="nuc455">
	<atoms>
		<a id="1" s="C" t="C.3" l="C"/>
		<a id="2" s="N" t="N.ar" l="N"/>
		<a id="3" s="N" t="N.ar" l="N"/>
		<a id="4" s="N" t="N.ar" l="N"/>
		<a id="5" s="N" t="N.ar" l="N"/>
		<a id="6" s="C" t="C.ar" l="C"/>
		<a id="7" s="N" t="N.pl3" l="N"/>
		<a id="8" s="H" t="H" l="H"/>
		<a id="9" s="H" t="H" l="H"/>
		<a id="10" s="H" t="H" l="H"/>
		<a id="11" s="H" t="H" l="H"/>
		<a id="12" s="H" t="H" l="H"/>
	</atoms>
	<bonds>
		<b id="1" c="1 2" t="1"/>
		<b id="2" c="2 3" t="ar"/>
		<b id="3" c="3 4" t="ar"/>
		<b id="4" c="4 5" t="ar"/>
		<b id="5" c="5 6" t="ar"/>
		<b id="6" c="2 6" t="ar"/>
		<b id="7" c="6 7" t="1"/>
		<b id="8" c="1 8" t="1"/>
		<b id="9" c="1 9" t="1"/>
		<b id="10" c="1 10" t="1"/>
		<b id="11" c="7 11" t="1"/>
		<b id="12" c="7 12" t="1"/>
	</bonds>
	<geometry>
		<g u="A" t="cart/3d">#12,3:1.2587,0.2593,-0.0139;2.6887,0.2307,0.0052;3.4141,-0.9057,0.0556;4.6319,-0.5832,0.0406;4.7991,0.7341,-0.0151;3.5883,1.2531,-0.0381;3.2540,2.5627,-0.1713;0.9118,-0.7717,-0.0073;0.9012,0.7608,-0.9153;0.8716,0.7760,0.8679;4.0242,3.1942,-0.0230;2.3790,2.8534,0.2348;</g>
	</geometry>
	<conformers/>
	<properties/>
</molecule>
