<?xml version="1.0" ?>
<!--MOLLI PACKAGE EXPERIMENTAL XML FORMAT-->
<molecule name="nuc389">
	<atoms>
		<a id="1" s="C" t="C.3" l="C"/>
		<a id="2" s="C" t="C.ar" l="C"/>
		<a id="3" s="C" t="C.ar" l="C"/>
		<a id="4" s="N" t="N.ar" l="N"/>
		<a id="5" s="C" t="C.ar" l="C"/>
		<a id="6" s="C" t="C.ar" l="C"/>
		<a id="7" s="C" t="C.1" l="C"/>
		<a id="8" s="N" t="N.1" l="N"/>
		<a id="9" s="C" t="C.ar" l="C"/>
		<a id="10" s="C" t="C.ar" l="C"/>
		<a id="11" s="C" t="C.ar" l="C"/>
		<a id="12" s="C" t="C.ar" l="C"/>
		<a id="13" s="N" t="N.pl3" l="N"/>
		<a id="14" s="H" t="H" l="H"/>
		<a id="15" s="H" t="H" l="H"/>
		<a id="16" s="H" t="H" l="H"/>
		<a id="17" s="H" t="H" l="H"/>
		<a id="18" s="H" t="H" l="H"/>
		<a id="19" s="H" t="H" l="H"/>
		<a id="20" s="H" t="H" l="H"/>
		<a id="21" s="H" t="H" l="H"/>
		<a id="22" s="H" t="H" l="H"/>
	</atoms>
	<bonds>
		<b id="1" c="1 2" t="1"/>
		<b id="2" c="2 3" t="ar"/>
		<b id="3" c="3 4" t="ar"/>
		<b id="4" c="4 5" t="ar"/>
		<b id="5" c="5 6" t="ar"/>
		<b id="6" c="6 7" t="1"/>
		<b id="7" c="7 8" t="3"/>
		<b id="8" c="6 9" t="ar"/>
		<b id="9" c="9 10" t="ar"/>
		<b id="10" c="4 10" t="ar"/>
		<b id="11" c="10 11" t="ar"/>
		<b id="12" c="11 12" t="ar"/>
		<b id="13" c="2 12" t="ar"/>
		<b id="14" c="12 13" t="1"/>
		<b id="15" c="1 14" t="1"/>
		<b id="16" c="1 15" t="1"/>
		<b id="17" c="1 16" t="1"/>
		<b id="18" c="3 17" t="1"/>
		<b id="19" c="5 18" t="1"/>
		<b id="20" c="9 19" t="1"/>
		<b id="21" c="11 20" t="1"/>
		<b id="22" c="13 21" t="1"/>
		<b id="23" c="13 22" t="1"/>
	</bonds>
	<geometry>
		<g u="A" t="cart/3d">#22,3:1.0067,0.0810,0.1605;2.5023,0.0583,0.0734;3.2109,1.2148,0.0125;4.5682,1.2122,-0.0605;5.4275,2.2544,-0.1317;6.7159,1.7420,-0.1915;7.8944,2.4947,-0.2805;8.8642,3.1040,-0.3589;6.6299,0.3343,-0.1533;5.2856,0.0193,-0.0715;4.5738,-1.1924,-0.0138;3.2041,-1.1943,0.0577;2.4945,-2.3713,0.1950;0.6468,1.1033,0.2370;0.6690,-0.4738,1.0347;0.5597,-0.3708,-0.7262;2.7336,2.1837,0.0208;5.0959,3.2736,-0.1369;7.4503,-0.3534,-0.1826;5.1292,-2.1172,-0.0228;3.0090,-3.2103,-0.0204;1.5470,-2.3702,-0.1438;</g>
	</geometry>
	<conformers/>
	<properties/>
</molecule>
