<?xml version="1.0" ?>
<!--MOLLI PACKAGE EXPERIMENTAL XML FORMAT-->
<molecule name="nuc466">
	<atoms>
		<a id="1" s="N" t="N.pl3" l="N"/>
		<a id="2" s="C" t="C.ar" l="C"/>
		<a id="3" s="C" t="C.ar" l="C"/>
		<a id="4" s="C" t="C.ar" l="C"/>
		<a id="5" s="C" t="C.ar" l="C"/>
		<a id="6" s="O" t="O.3" l="O"/>
		<a id="7" s="C" t="C.ar" l="C"/>
		<a id="8" s="N" t="N.ar" l="N"/>
		<a id="9" s="H" t="H" l="H"/>
		<a id="10" s="H" t="H" l="H"/>
		<a id="11" s="H" t="H" l="H"/>
		<a id="12" s="H" t="H" l="H"/>
		<a id="13" s="H" t="H" l="H"/>
		<a id="14" s="H" t="H" l="H"/>
	</atoms>
	<bonds>
		<b id="1" c="1 2" t="1"/>
		<b id="2" c="2 3" t="ar"/>
		<b id="3" c="3 4" t="ar"/>
		<b id="4" c="4 5" t="ar"/>
		<b id="5" c="5 6" t="1"/>
		<b id="6" c="5 7" t="ar"/>
		<b id="7" c="7 8" t="ar"/>
		<b id="8" c="2 8" t="ar"/>
		<b id="9" c="1 9" t="1"/>
		<b id="10" c="1 10" t="1"/>
		<b id="11" c="3 11" t="1"/>
		<b id="12" c="4 12" t="1"/>
		<b id="13" c="6 13" t="1"/>
		<b id="14" c="7 14" t="1"/>
	</bonds>
	<geometry>
		<g u="A" t="cart/3d">#14,3:1.1570,-0.0577,0.3618;2.5057,0.0211,0.1194;3.1635,1.2546,0.0388;4.5320,1.2631,-0.1284;5.2142,0.0511,-0.2120;6.5663,-0.0275,-0.3781;4.4686,-1.1195,-0.1275;3.1588,-1.1349,0.0283;0.5901,0.7276,0.0899;0.7548,-0.9675,0.2066;2.6060,2.1761,0.1086;5.0725,2.1992,-0.1954;6.9402,0.8613,-0.4066;4.9561,-2.0813,-0.1949;</g>
	</geometry>
	<conformers/>
	<properties/>
</molecule>
