<?xml version="1.0" ?>
<!--MOLLI PACKAGE EXPERIMENTAL XML FORMAT-->
<molecule name="nuc469">
	<atoms>
		<a id="1" s="N" t="N.pl3" l="N"/>
		<a id="2" s="C" t="C.ar" l="C"/>
		<a id="3" s="C" t="C.ar" l="C"/>
		<a id="4" s="C" t="C.ar" l="C"/>
		<a id="5" s="C" t="C.ar" l="C"/>
		<a id="6" s="C" t="C.ar" l="C"/>
		<a id="7" s="N" t="N.am" l="N"/>
		<a id="8" s="C" t="C.2" l="C"/>
		<a id="9" s="O" t="O.2" l="O"/>
		<a id="10" s="C" t="C.ar" l="C"/>
		<a id="11" s="C" t="C.ar" l="C"/>
		<a id="12" s="C" t="C.ar" l="C"/>
		<a id="13" s="C" t="C.ar" l="C"/>
		<a id="14" s="C" t="C.ar" l="C"/>
		<a id="15" s="C" t="C.3" l="C"/>
		<a id="16" s="F" t="F" l="F"/>
		<a id="17" s="F" t="F" l="F"/>
		<a id="18" s="F" t="F" l="F"/>
		<a id="19" s="C" t="C.ar" l="C"/>
		<a id="20" s="C" t="C.ar" l="C"/>
		<a id="21" s="H" t="H" l="H"/>
		<a id="22" s="H" t="H" l="H"/>
		<a id="23" s="H" t="H" l="H"/>
		<a id="24" s="H" t="H" l="H"/>
		<a id="25" s="H" t="H" l="H"/>
		<a id="26" s="H" t="H" l="H"/>
		<a id="27" s="H" t="H" l="H"/>
		<a id="28" s="H" t="H" l="H"/>
		<a id="29" s="H" t="H" l="H"/>
		<a id="30" s="H" t="H" l="H"/>
		<a id="31" s="H" t="H" l="H"/>
	</atoms>
	<bonds>
		<b id="1" c="1 2" t="1"/>
		<b id="2" c="2 3" t="ar"/>
		<b id="3" c="3 4" t="ar"/>
		<b id="4" c="4 5" t="ar"/>
		<b id="5" c="5 6" t="ar"/>
		<b id="6" c="6 7" t="1"/>
		<b id="7" c="7 8" t="am"/>
		<b id="8" c="8 9" t="2"/>
		<b id="9" c="8 10" t="1"/>
		<b id="10" c="10 11" t="ar"/>
		<b id="11" c="11 12" t="ar"/>
		<b id="12" c="12 13" t="ar"/>
		<b id="13" c="13 14" t="ar"/>
		<b id="14" c="14 15" t="1"/>
		<b id="15" c="15 16" t="1"/>
		<b id="16" c="15 17" t="1"/>
		<b id="17" c="15 18" t="1"/>
		<b id="18" c="14 19" t="ar"/>
		<b id="19" c="10 19" t="ar"/>
		<b id="20" c="6 20" t="ar"/>
		<b id="21" c="2 20" t="ar"/>
		<b id="22" c="1 21" t="1"/>
		<b id="23" c="1 22" t="1"/>
		<b id="24" c="3 23" t="1"/>
		<b id="25" c="4 24" t="1"/>
		<b id="26" c="5 25" t="1"/>
		<b id="27" c="7 26" t="1"/>
		<b id="28" c="11 27" t="1"/>
		<b id="29" c="12 28" t="1"/>
		<b id="30" c="13 29" t="1"/>
		<b id="31" c="19 30" t="1"/>
		<b id="32" c="20 31" t="1"/>
	</bonds>
	<geometry>
		<g u="A" t="cart/3d">#31,3:2.2477,-0.4819,-0.0995;0.8910,-0.2338,-0.0709;0.4062,1.0742,-0.1313;-0.9532,1.3066,-0.1728;-1.8625,0.2630,-0.1523;-1.3891,-1.0426,-0.0917;-2.2370,-2.1592,-0.0572;-3.5949,-2.1997,-0.0015;-4.3280,-1.2344,-0.0201;-4.1547,-3.5917,0.0772;-3.5189,-4.6386,0.7382;-4.1138,-5.8865,0.8071;-5.3467,-6.1099,0.2190;-5.9902,-5.0612,-0.4239;-7.3326,-5.2627,-1.0706;-7.8613,-6.4707,-0.8258;-8.2391,-4.3613,-0.6617;-7.2667,-5.1462,-2.4111;-5.4053,-3.8061,-0.4912;-0.0203,-1.2857,-0.0514;2.8454,0.2848,0.1620;2.5511,-1.3825,0.2327;1.1050,1.8976,-0.1468;-1.3179,2.3216,-0.2192;-2.9206,0.4526,-0.1803;-1.7526,-3.0455,-0.0870;-2.5707,-4.4819,1.2328;-3.6167,-6.6918,1.3257;-5.8106,-7.0827,0.2683;-5.9099,-2.9829,-0.9744;0.3478,-2.3027,-0.0060;</g>
	</geometry>
	<conformers/>
	<properties/>
</molecule>
