<?xml version="1.0" ?>
<!--MOLLI PACKAGE EXPERIMENTAL XML FORMAT-->
<molecule name="nuc470">
	<atoms>
		<a id="1" s="N" t="N.pl3" l="N"/>
		<a id="2" s="C" t="C.ar" l="C"/>
		<a id="3" s="C" t="C.ar" l="C"/>
		<a id="4" s="C" t="C.ar" l="C"/>
		<a id="5" s="C" t="C.ar" l="C"/>
		<a id="6" s="C" t="C.ar" l="C"/>
		<a id="7" s="C" t="C.2" l="C"/>
		<a id="8" s="O" t="O.2" l="O"/>
		<a id="9" s="N" t="N.am" l="N"/>
		<a id="10" s="C" t="C.ar" l="C"/>
		<a id="11" s="C" t="C.ar" l="C"/>
		<a id="12" s="C" t="C.ar" l="C"/>
		<a id="13" s="C" t="C.ar" l="C"/>
		<a id="14" s="C" t="C.ar" l="C"/>
		<a id="15" s="C" t="C.3" l="C"/>
		<a id="16" s="F" t="F" l="F"/>
		<a id="17" s="F" t="F" l="F"/>
		<a id="18" s="F" t="F" l="F"/>
		<a id="19" s="C" t="C.ar" l="C"/>
		<a id="20" s="C" t="C.ar" l="C"/>
		<a id="21" s="H" t="H" l="H"/>
		<a id="22" s="H" t="H" l="H"/>
		<a id="23" s="H" t="H" l="H"/>
		<a id="24" s="H" t="H" l="H"/>
		<a id="25" s="H" t="H" l="H"/>
		<a id="26" s="H" t="H" l="H"/>
		<a id="27" s="H" t="H" l="H"/>
		<a id="28" s="H" t="H" l="H"/>
		<a id="29" s="H" t="H" l="H"/>
		<a id="30" s="H" t="H" l="H"/>
		<a id="31" s="H" t="H" l="H"/>
	</atoms>
	<bonds>
		<b id="1" c="1 2" t="1"/>
		<b id="2" c="2 3" t="ar"/>
		<b id="3" c="3 4" t="ar"/>
		<b id="4" c="4 5" t="ar"/>
		<b id="5" c="5 6" t="ar"/>
		<b id="6" c="6 7" t="1"/>
		<b id="7" c="7 8" t="2"/>
		<b id="8" c="7 9" t="am"/>
		<b id="9" c="9 10" t="1"/>
		<b id="10" c="10 11" t="ar"/>
		<b id="11" c="11 12" t="ar"/>
		<b id="12" c="12 13" t="ar"/>
		<b id="13" c="13 14" t="ar"/>
		<b id="14" c="14 15" t="1"/>
		<b id="15" c="15 16" t="1"/>
		<b id="16" c="15 17" t="1"/>
		<b id="17" c="15 18" t="1"/>
		<b id="18" c="14 19" t="ar"/>
		<b id="19" c="10 19" t="ar"/>
		<b id="20" c="6 20" t="ar"/>
		<b id="21" c="2 20" t="ar"/>
		<b id="22" c="1 21" t="1"/>
		<b id="23" c="1 22" t="1"/>
		<b id="24" c="3 23" t="1"/>
		<b id="25" c="4 24" t="1"/>
		<b id="26" c="5 25" t="1"/>
		<b id="27" c="9 26" t="1"/>
		<b id="28" c="11 27" t="1"/>
		<b id="29" c="12 28" t="1"/>
		<b id="30" c="13 29" t="1"/>
		<b id="31" c="19 30" t="1"/>
		<b id="32" c="20 31" t="1"/>
	</bonds>
	<geometry>
		<g u="A" t="cart/3d">#31,3:-2.4639,-5.5717,3.8022;-1.6461,-5.0186,2.8423;-0.3459,-5.4948,2.6551;0.4543,-4.9737,1.6582;-0.0220,-3.9778,0.8246;-1.3241,-3.5110,0.9805;-1.7882,-2.4363,0.0599;-1.0446,-1.5890,-0.3840;-3.1257,-2.5220,-0.2451;-3.8934,-1.6881,-1.0476;-3.3844,-0.5467,-1.6686;-4.2072,0.2436,-2.4478;-5.5437,-0.0733,-2.6278;-6.0475,-1.2074,-2.0087;-7.4864,-1.6059,-2.1613;-8.2032,-0.7605,-2.9109;-7.6203,-2.8224,-2.7268;-8.1183,-1.6882,-0.9724;-5.2369,-2.0139,-1.2251;-2.1277,-4.0238,1.9916;-2.0092,-6.0809,4.5422;-3.2583,-5.0259,4.0937;0.0295,-6.2696,3.3078;1.4611,-5.3432,1.5344;0.5946,-3.5533,0.0486;-3.6188,-3.3193,0.1333;-2.3459,-0.2940,-1.5344;-3.8008,1.1225,-2.9233;-6.1847,0.5452,-3.2353;-5.6540,-2.8932,-0.7547;-3.1223,-3.6346,2.1654;</g>
	</geometry>
	<conformers/>
	<properties/>
</molecule>
