<?xml version="1.0" ?>
<!--MOLLI PACKAGE EXPERIMENTAL XML FORMAT-->
<molecule name="nuc390">
	<atoms>
		<a id="1" s="C" t="C.3" l="C"/>
		<a id="2" s="C" t="C.ar" l="C"/>
		<a id="3" s="C" t="C.ar" l="C"/>
		<a id="4" s="N" t="N.pl3" l="N"/>
		<a id="5" s="C" t="C.ar" l="C"/>
		<a id="6" s="C" t="C.ar" l="C"/>
		<a id="7" s="N" t="N.ar" l="N"/>
		<a id="8" s="C" t="C.ar" l="C"/>
		<a id="9" s="C" t="C.ar" l="C"/>
		<a id="10" s="C" t="C.1" l="C"/>
		<a id="11" s="N" t="N.1" l="N"/>
		<a id="12" s="C" t="C.ar" l="C"/>
		<a id="13" s="C" t="C.ar" l="C"/>
		<a id="14" s="H" t="H" l="H"/>
		<a id="15" s="H" t="H" l="H"/>
		<a id="16" s="H" t="H" l="H"/>
		<a id="17" s="H" t="H" l="H"/>
		<a id="18" s="H" t="H" l="H"/>
		<a id="19" s="H" t="H" l="H"/>
		<a id="20" s="H" t="H" l="H"/>
		<a id="21" s="H" t="H" l="H"/>
		<a id="22" s="H" t="H" l="H"/>
	</atoms>
	<bonds>
		<b id="1" c="1 2" t="1"/>
		<b id="2" c="2 3" t="ar"/>
		<b id="3" c="3 4" t="1"/>
		<b id="4" c="3 5" t="ar"/>
		<b id="5" c="5 6" t="ar"/>
		<b id="6" c="6 7" t="ar"/>
		<b id="7" c="7 8" t="ar"/>
		<b id="8" c="8 9" t="ar"/>
		<b id="9" c="9 10" t="1"/>
		<b id="10" c="10 11" t="3"/>
		<b id="11" c="9 12" t="ar"/>
		<b id="12" c="12 13" t="ar"/>
		<b id="13" c="2 13" t="ar"/>
		<b id="14" c="7 13" t="ar"/>
		<b id="15" c="1 14" t="1"/>
		<b id="16" c="1 15" t="1"/>
		<b id="17" c="1 16" t="1"/>
		<b id="18" c="4 17" t="1"/>
		<b id="19" c="4 18" t="1"/>
		<b id="20" c="5 19" t="1"/>
		<b id="21" c="6 20" t="1"/>
		<b id="22" c="8 21" t="1"/>
		<b id="23" c="12 22" t="1"/>
	</bonds>
	<geometry>
		<g u="A" t="cart/3d">#22,3:0.9576,0.0867,0.0931;2.4549,-0.0030,0.0707;3.1693,-1.1823,0.0723;2.5793,-2.4324,0.1514;4.5947,-1.1280,0.0703;5.2588,0.0508,0.0614;4.5627,1.2164,0.0491;5.0188,2.4900,0.0297;3.9201,3.3361,0.0220;3.9585,4.7366,-0.0028;3.9784,5.8840,-0.0262;2.7554,2.5400,0.0390;3.1703,1.2193,0.0551;0.4833,-0.8893,0.0581;0.6060,0.6770,-0.7525;0.6321,0.5864,1.0049;1.6290,-2.5026,-0.1734;3.1621,-3.2006,-0.1403;5.1484,-2.0536,0.0805;6.3354,0.1234,0.0600;6.0646,2.7244,0.0226;1.7482,2.9029,0.0397;</g>
	</geometry>
	<conformers/>
	<properties/>
</molecule>
