<?xml version="1.0" ?>
<!--MOLLI PACKAGE EXPERIMENTAL XML FORMAT-->
<molecule name="nuc473">
	<atoms>
		<a id="1" s="C" t="C.3" l="C"/>
		<a id="2" s="O" t="O.3" l="O"/>
		<a id="3" s="C" t="C.ar" l="C"/>
		<a id="4" s="C" t="C.ar" l="C"/>
		<a id="5" s="C" t="C.ar" l="C"/>
		<a id="6" s="C" t="C.ar" l="C"/>
		<a id="7" s="C" t="C.3" l="C"/>
		<a id="8" s="N" t="N.ar" l="N"/>
		<a id="9" s="N" t="N.ar" l="N"/>
		<a id="10" s="C" t="C.ar" l="C"/>
		<a id="11" s="N" t="N.pl3" l="N"/>
		<a id="12" s="C" t="C.ar" l="C"/>
		<a id="13" s="N" t="N.ar" l="N"/>
		<a id="14" s="C" t="C.ar" l="C"/>
		<a id="15" s="C" t="C.ar" l="C"/>
		<a id="16" s="N" t="N.ar" l="N"/>
		<a id="17" s="C" t="C.ar" l="C"/>
		<a id="18" s="C" t="C.ar" l="C"/>
		<a id="19" s="C" t="C.ar" l="C"/>
		<a id="20" s="H" t="H" l="H"/>
		<a id="21" s="H" t="H" l="H"/>
		<a id="22" s="H" t="H" l="H"/>
		<a id="23" s="H" t="H" l="H"/>
		<a id="24" s="H" t="H" l="H"/>
		<a id="25" s="H" t="H" l="H"/>
		<a id="26" s="H" t="H" l="H"/>
		<a id="27" s="H" t="H" l="H"/>
		<a id="28" s="H" t="H" l="H"/>
		<a id="29" s="H" t="H" l="H"/>
		<a id="30" s="H" t="H" l="H"/>
		<a id="31" s="H" t="H" l="H"/>
		<a id="32" s="H" t="H" l="H"/>
	</atoms>
	<bonds>
		<b id="1" c="1 2" t="1"/>
		<b id="2" c="2 3" t="1"/>
		<b id="3" c="3 4" t="ar"/>
		<b id="4" c="4 5" t="ar"/>
		<b id="5" c="5 6" t="ar"/>
		<b id="6" c="6 7" t="1"/>
		<b id="7" c="7 8" t="1"/>
		<b id="8" c="8 9" t="ar"/>
		<b id="9" c="9 10" t="ar"/>
		<b id="10" c="10 11" t="1"/>
		<b id="11" c="10 12" t="ar"/>
		<b id="12" c="12 13" t="ar"/>
		<b id="13" c="13 14" t="ar"/>
		<b id="14" c="14 15" t="ar"/>
		<b id="15" c="15 16" t="ar"/>
		<b id="16" c="16 17" t="ar"/>
		<b id="17" c="12 17" t="ar"/>
		<b id="18" c="8 17" t="ar"/>
		<b id="19" c="6 18" t="ar"/>
		<b id="20" c="18 19" t="ar"/>
		<b id="21" c="3 19" t="ar"/>
		<b id="22" c="1 20" t="1"/>
		<b id="23" c="1 21" t="1"/>
		<b id="24" c="1 22" t="1"/>
		<b id="25" c="4 23" t="1"/>
		<b id="26" c="5 24" t="1"/>
		<b id="27" c="7 25" t="1"/>
		<b id="28" c="7 26" t="1"/>
		<b id="29" c="11 27" t="1"/>
		<b id="30" c="11 28" t="1"/>
		<b id="31" c="14 29" t="1"/>
		<b id="32" c="15 30" t="1"/>
		<b id="33" c="18 31" t="1"/>
		<b id="34" c="19 32" t="1"/>
	</bonds>
	<geometry>
		<g u="A" t="cart/3d">#32,3:1.3074,0.8655,0.0439;2.2999,-0.1210,0.1851;3.0021,-0.1769,1.3509;2.8195,0.6749,2.4343;3.5994,0.5242,3.5688;4.5700,-0.4610,3.6441;5.3771,-0.6551,4.9024;4.7320,-1.6148,5.7650;3.8545,-1.2118,6.7235;3.3212,-2.2838,7.2710;2.3476,-2.2373,8.2252;3.8575,-3.4596,6.6582;3.6890,-4.7626,6.8502;4.4075,-5.5294,6.0494;5.2869,-5.0220,5.0808;5.4863,-3.7331,4.8752;4.7596,-2.9512,5.6744;4.7408,-1.3199,2.5631;3.9705,-1.1798,1.4296;0.8898,0.7232,-0.9517;1.7283,1.8737,0.1179;0.5133,0.7473,0.7884;2.0752,1.4551,2.4104;3.4440,1.1842,4.4095;5.4561,0.2775,5.4642;6.3718,-1.0405,4.6646;2.2592,-1.3614,8.7134;2.2511,-3.0715,8.7803;4.2888,-6.5951,6.1818;5.8569,-5.6909,4.4509;5.4786,-2.1061,2.6209;4.0956,-1.8371,0.5837;</g>
	</geometry>
	<conformers/>
	<properties/>
</molecule>
