<?xml version="1.0" ?>
<!--MOLLI PACKAGE EXPERIMENTAL XML FORMAT-->
<molecule name="nuc476">
	<atoms>
		<a id="1" s="N" t="N.pl3" l="N"/>
		<a id="2" s="C" t="C.ar" l="C"/>
		<a id="3" s="C" t="C.ar" l="C"/>
		<a id="4" s="C" t="C.ar" l="C"/>
		<a id="5" s="C" t="C.ar" l="C"/>
		<a id="6" s="N" t="N.pl3" l="N"/>
		<a id="7" s="C" t="C.3" l="C"/>
		<a id="8" s="C" t="C.3" l="C"/>
		<a id="9" s="N" t="N.3" l="N"/>
		<a id="10" s="C" t="C.3" l="C"/>
		<a id="11" s="C" t="C.3" l="C"/>
		<a id="12" s="C" t="C.3" l="C"/>
		<a id="13" s="C" t="C.3" l="C"/>
		<a id="14" s="C" t="C.3" l="C"/>
		<a id="15" s="C" t="C.ar" l="C"/>
		<a id="16" s="N" t="N.ar" l="N"/>
		<a id="17" s="H" t="H" l="H"/>
		<a id="18" s="H" t="H" l="H"/>
		<a id="19" s="H" t="H" l="H"/>
		<a id="20" s="H" t="H" l="H"/>
		<a id="21" s="H" t="H" l="H"/>
		<a id="22" s="H" t="H" l="H"/>
		<a id="23" s="H" t="H" l="H"/>
		<a id="24" s="H" t="H" l="H"/>
		<a id="25" s="H" t="H" l="H"/>
		<a id="26" s="H" t="H" l="H"/>
		<a id="27" s="H" t="H" l="H"/>
		<a id="28" s="H" t="H" l="H"/>
		<a id="29" s="H" t="H" l="H"/>
		<a id="30" s="H" t="H" l="H"/>
		<a id="31" s="H" t="H" l="H"/>
		<a id="32" s="H" t="H" l="H"/>
		<a id="33" s="H" t="H" l="H"/>
		<a id="34" s="H" t="H" l="H"/>
	</atoms>
	<bonds>
		<b id="1" c="1 2" t="1"/>
		<b id="2" c="2 3" t="ar"/>
		<b id="3" c="3 4" t="ar"/>
		<b id="4" c="4 5" t="ar"/>
		<b id="5" c="5 6" t="1"/>
		<b id="6" c="6 7" t="1"/>
		<b id="7" c="7 8" t="1"/>
		<b id="8" c="8 9" t="1"/>
		<b id="9" c="9 10" t="1"/>
		<b id="10" c="10 11" t="1"/>
		<b id="11" c="11 12" t="1"/>
		<b id="12" c="10 12" t="1"/>
		<b id="13" c="9 13" t="1"/>
		<b id="14" c="13 14" t="1"/>
		<b id="15" c="6 14" t="1"/>
		<b id="16" c="5 15" t="ar"/>
		<b id="17" c="15 16" t="ar"/>
		<b id="18" c="2 16" t="ar"/>
		<b id="19" c="1 17" t="1"/>
		<b id="20" c="1 18" t="1"/>
		<b id="21" c="3 19" t="1"/>
		<b id="22" c="4 20" t="1"/>
		<b id="23" c="7 21" t="1"/>
		<b id="24" c="7 22" t="1"/>
		<b id="25" c="8 23" t="1"/>
		<b id="26" c="8 24" t="1"/>
		<b id="27" c="10 25" t="1"/>
		<b id="28" c="11 26" t="1"/>
		<b id="29" c="11 27" t="1"/>
		<b id="30" c="12 28" t="1"/>
		<b id="31" c="12 29" t="1"/>
		<b id="32" c="13 30" t="1"/>
		<b id="33" c="13 31" t="1"/>
		<b id="34" c="14 32" t="1"/>
		<b id="35" c="14 33" t="1"/>
		<b id="36" c="15 34" t="1"/>
	</bonds>
	<geometry>
		<g u="A" t="cart/3d">#34,3:2.3152,-0.1814,0.3594;0.9499,-0.1019,0.2077;0.3452,0.9585,-0.4729;-1.0201,0.9390,-0.6611;-1.7775,-0.1373,-0.1810;-3.1472,-0.2718,-0.3988;-4.0015,-0.6033,0.7257;-5.2865,-1.2635,0.2118;-6.0001,-0.4409,-0.7469;-6.7546,0.6289,-0.1683;-8.1004,0.2856,0.3955;-8.0005,1.0484,-0.8893;-5.1057,-0.0366,-1.8135;-3.8102,0.6267,-1.3190;-1.0650,-1.1362,0.4881;0.2383,-1.1189,0.6864;2.8288,0.6835,0.3508;2.6204,-0.8656,1.0324;0.9425,1.7802,-0.8398;-1.4915,1.7653,-1.1717;-4.2591,0.3076,1.2947;-3.4828,-1.2832,1.3993;-5.9517,-1.4867,1.0479;-5.0241,-2.1986,-0.2925;-6.1991,1.4177,0.3437;-8.4347,0.8008,1.2829;-8.4107,-0.7453,0.3368;-8.2661,2.0945,-0.8969;-8.2445,0.5213,-1.7974;-5.6388,0.6450,-2.4792;-4.8390,-0.9393,-2.3720;-4.0434,1.5978,-0.8484;-3.1625,0.8016,-2.1793;-1.5674,-2.0080,0.8860;</g>
	</geometry>
	<conformers/>
	<properties/>
</molecule>
