<?xml version="1.0" ?>
<!--MOLLI PACKAGE EXPERIMENTAL XML FORMAT-->
<molecule name="el10">
	<atoms>
		<a id="1" s="C" t="C.3" l="C"/>
		<a id="2" s="O" t="O.3" l="O"/>
		<a id="3" s="C" t="C.ar" l="C"/>
		<a id="4" s="C" t="C.ar" l="C"/>
		<a id="5" s="C" t="C.ar" l="C"/>
		<a id="6" s="C" t="C.ar" l="C"/>
		<a id="7" s="S" t="S.O2" l="S"/>
		<a id="8" s="O" t="O.2" l="O"/>
		<a id="9" s="O" t="O.2" l="O"/>
		<a id="10" s="N" t="N.3" l="N"/>
		<a id="11" s="C" t="C.3" l="C"/>
		<a id="12" s="C" t="C.ar" l="C"/>
		<a id="13" s="C" t="C.ar" l="C"/>
		<a id="14" s="S" t="S.2" l="S"/>
		<a id="15" s="C" t="C.ar" l="C"/>
		<a id="16" s="Br" t="Br" l="BR"/>
		<a id="17" s="N" t="N.ar" l="N"/>
		<a id="18" s="C" t="C.3" l="C"/>
		<a id="19" s="C" t="C.3" l="C"/>
		<a id="20" s="C" t="C.3" l="C"/>
		<a id="21" s="C" t="C.3" l="C"/>
		<a id="22" s="C" t="C.3" l="C"/>
		<a id="23" s="C" t="C.ar" l="C"/>
		<a id="24" s="C" t="C.ar" l="C"/>
		<a id="25" s="H" t="H" l="H"/>
		<a id="26" s="H" t="H" l="H"/>
		<a id="27" s="H" t="H" l="H"/>
		<a id="28" s="H" t="H" l="H"/>
		<a id="29" s="H" t="H" l="H"/>
		<a id="30" s="H" t="H" l="H"/>
		<a id="31" s="H" t="H" l="H"/>
		<a id="32" s="H" t="H" l="H"/>
		<a id="33" s="H" t="H" l="H"/>
		<a id="34" s="H" t="H" l="H"/>
		<a id="35" s="H" t="H" l="H"/>
		<a id="36" s="H" t="H" l="H"/>
		<a id="37" s="H" t="H" l="H"/>
		<a id="38" s="H" t="H" l="H"/>
		<a id="39" s="H" t="H" l="H"/>
		<a id="40" s="H" t="H" l="H"/>
		<a id="41" s="H" t="H" l="H"/>
		<a id="42" s="H" t="H" l="H"/>
		<a id="43" s="H" t="H" l="H"/>
	</atoms>
	<bonds>
		<b id="1" c="1 2" t="1"/>
		<b id="2" c="2 3" t="1"/>
		<b id="3" c="3 4" t="ar"/>
		<b id="4" c="4 5" t="ar"/>
		<b id="5" c="5 6" t="ar"/>
		<b id="6" c="6 7" t="1"/>
		<b id="7" c="7 8" t="2"/>
		<b id="8" c="7 9" t="2"/>
		<b id="9" c="7 10" t="1"/>
		<b id="10" c="10 11" t="1"/>
		<b id="11" c="11 12" t="1"/>
		<b id="12" c="12 13" t="ar"/>
		<b id="13" c="13 14" t="ar"/>
		<b id="14" c="14 15" t="ar"/>
		<b id="15" c="15 16" t="1"/>
		<b id="16" c="15 17" t="ar"/>
		<b id="17" c="12 17" t="ar"/>
		<b id="18" c="10 18" t="1"/>
		<b id="19" c="18 19" t="1"/>
		<b id="20" c="19 20" t="1"/>
		<b id="21" c="20 21" t="1"/>
		<b id="22" c="21 22" t="1"/>
		<b id="23" c="18 22" t="1"/>
		<b id="24" c="6 23" t="ar"/>
		<b id="25" c="23 24" t="ar"/>
		<b id="26" c="3 24" t="ar"/>
		<b id="27" c="1 25" t="1"/>
		<b id="28" c="1 26" t="1"/>
		<b id="29" c="1 27" t="1"/>
		<b id="30" c="4 28" t="1"/>
		<b id="31" c="5 29" t="1"/>
		<b id="32" c="11 30" t="1"/>
		<b id="33" c="11 31" t="1"/>
		<b id="34" c="13 32" t="1"/>
		<b id="35" c="18 33" t="1"/>
		<b id="36" c="19 34" t="1"/>
		<b id="37" c="19 35" t="1"/>
		<b id="38" c="20 36" t="1"/>
		<b id="39" c="20 37" t="1"/>
		<b id="40" c="21 38" t="1"/>
		<b id="41" c="21 39" t="1"/>
		<b id="42" c="22 40" t="1"/>
		<b id="43" c="22 41" t="1"/>
		<b id="44" c="23 42" t="1"/>
		<b id="45" c="24 43" t="1"/>
	</bonds>
	<geometry>
		<g u="A" t="cart/3d">#43,3:-0.0593,1.9276,-1.7944;1.1403,1.5621,-1.1511;2.2003,2.4009,-1.2102;2.1917,3.6558,-1.8202;3.3401,4.4288,-1.8149;4.4890,3.9621,-1.2103;5.9413,5.0062,-1.1945;6.9948,4.3038,-0.5120;6.1892,5.4802,-2.5206;5.3445,6.2590,-0.2499;5.1838,5.8620,1.1357;3.7839,6.1649,1.5748;2.7068,5.3382,1.4489;1.2662,6.1117,1.9815;2.2473,7.5166,2.3437;1.5025,9.0600,3.0602;3.4958,7.3913,2.0844;5.7678,7.6344,-0.4728;5.2831,8.1881,-1.8270;6.5486,8.5318,-2.6159;7.5722,8.8650,-1.5349;7.2996,7.8088,-0.4694;4.5110,2.7180,-0.6025;3.3730,1.9401,-0.5990;-0.7340,1.0848,-1.6543;0.0946,2.0939,-2.8646;-0.5009,2.8222,-1.3441;1.3016,4.0344,-2.2967;3.3555,5.3993,-2.2840;5.8909,6.3898,1.7839;5.3761,4.7907,1.2027;2.6803,4.3350,1.0750;5.3130,8.2106,0.3397;4.6797,9.0819,-1.6629;4.6774,7.4519,-2.3489;6.3886,9.3532,-3.3137;6.8732,7.6512,-3.1691;7.3848,9.8627,-1.1325;8.5966,8.8260,-1.9012;7.6826,8.0908,0.5114;7.7528,6.8602,-0.7598;5.4279,2.3773,-0.1479;3.3586,0.9666,-0.1357;</g>
	</geometry>
	<conformers/>
	<properties/>
</molecule>
