<?xml version="1.0" ?>
<!--MOLLI PACKAGE EXPERIMENTAL XML FORMAT-->
<molecule name="el102">
	<atoms>
		<a id="1" s="Br" t="Br" l="BR"/>
		<a id="2" s="C" t="C.ar" l="C"/>
		<a id="3" s="C" t="C.ar" l="C"/>
		<a id="4" s="C" t="C.ar" l="C"/>
		<a id="5" s="C" t="C.ar" l="C"/>
		<a id="6" s="C" t="C.ar" l="C"/>
		<a id="7" s="C" t="C.ar" l="C"/>
		<a id="8" s="C" t="C.ar" l="C"/>
		<a id="9" s="C" t="C.ar" l="C"/>
		<a id="10" s="C" t="C.ar" l="C"/>
		<a id="11" s="C" t="C.ar" l="C"/>
		<a id="12" s="C" t="C.ar" l="C"/>
		<a id="13" s="C" t="C.ar" l="C"/>
		<a id="14" s="C" t="C.ar" l="C"/>
		<a id="15" s="C" t="C.ar" l="C"/>
		<a id="16" s="C" t="C.ar" l="C"/>
		<a id="17" s="C" t="C.ar" l="C"/>
		<a id="18" s="H" t="H" l="H"/>
		<a id="19" s="H" t="H" l="H"/>
		<a id="20" s="H" t="H" l="H"/>
		<a id="21" s="H" t="H" l="H"/>
		<a id="22" s="H" t="H" l="H"/>
		<a id="23" s="H" t="H" l="H"/>
		<a id="24" s="H" t="H" l="H"/>
		<a id="25" s="H" t="H" l="H"/>
		<a id="26" s="H" t="H" l="H"/>
	</atoms>
	<bonds>
		<b id="1" c="1 2" t="1"/>
		<b id="2" c="2 3" t="ar"/>
		<b id="3" c="3 4" t="ar"/>
		<b id="4" c="4 5" t="ar"/>
		<b id="5" c="5 6" t="ar"/>
		<b id="6" c="6 7" t="ar"/>
		<b id="7" c="7 8" t="ar"/>
		<b id="8" c="8 9" t="ar"/>
		<b id="9" c="9 10" t="ar"/>
		<b id="10" c="10 11" t="ar"/>
		<b id="11" c="11 12" t="ar"/>
		<b id="12" c="12 13" t="ar"/>
		<b id="13" c="13 14" t="ar"/>
		<b id="14" c="14 15" t="ar"/>
		<b id="15" c="2 15" t="ar"/>
		<b id="16" c="15 16" t="ar"/>
		<b id="17" c="5 16" t="ar"/>
		<b id="18" c="16 17" t="ar"/>
		<b id="19" c="8 17" t="ar"/>
		<b id="20" c="12 17" t="ar"/>
		<b id="21" c="3 18" t="1"/>
		<b id="22" c="4 19" t="1"/>
		<b id="23" c="6 20" t="1"/>
		<b id="24" c="7 21" t="1"/>
		<b id="25" c="9 22" t="1"/>
		<b id="26" c="10 23" t="1"/>
		<b id="27" c="11 24" t="1"/>
		<b id="28" c="13 25" t="1"/>
		<b id="29" c="14 26" t="1"/>
	</bonds>
	<geometry>
		<g u="A" t="cart/3d">#26,3:1.1178,0.1243,-0.0423;3.0272,0.1128,-0.0440;3.6567,-1.1199,-0.0444;5.0349,-1.1916,-0.0456;5.8094,-0.0306,-0.0464;7.2342,-0.0749,-0.0476;7.9714,1.0593,-0.0482;7.3511,2.3430,-0.0476;8.0934,3.5249,-0.0481;7.4634,4.7560,-0.0476;6.0833,4.8393,-0.0467;5.3004,3.6836,-0.0461;3.8767,3.7310,-0.0451;3.1339,2.6001,-0.0444;3.7444,1.3130,-0.0448;5.1626,1.2305,-0.0459;5.9355,2.4174,-0.0466;3.0642,-2.0223,-0.0438;5.5212,-2.1559,-0.0460;7.7106,-1.0448,-0.0480;9.0513,1.0161,-0.0491;9.1724,3.4678,-0.0489;8.0547,5.6601,-0.0480;5.5970,5.8041,-0.0463;3.3979,4.6995,-0.0448;2.0556,2.6589,-0.0436;</g>
	</geometry>
	<conformers/>
	<properties/>
</molecule>
