<?xml version="1.0" ?>
<!--MOLLI PACKAGE EXPERIMENTAL XML FORMAT-->
<molecule name="el104">
	<atoms>
		<a id="1" s="C" t="C.3" l="C"/>
		<a id="2" s="C" t="C.ar" l="C"/>
		<a id="3" s="C" t="C.ar" l="C"/>
		<a id="4" s="Br" t="Br" l="BR"/>
		<a id="5" s="C" t="C.ar" l="C"/>
		<a id="6" s="C" t="C.ar" l="C"/>
		<a id="7" s="O" t="O.3" l="O"/>
		<a id="8" s="C" t="C.3" l="C"/>
		<a id="9" s="C" t="C.3" l="C"/>
		<a id="10" s="C" t="C.3" l="C"/>
		<a id="11" s="C" t="C.3" l="C"/>
		<a id="12" s="C" t="C.ar" l="C"/>
		<a id="13" s="C" t="C.ar" l="C"/>
		<a id="14" s="N" t="N.pl3" l="N"/>
		<a id="15" s="C" t="C.3" l="C"/>
		<a id="16" s="C" t="C.3" l="C"/>
		<a id="17" s="N" t="N.am" l="N"/>
		<a id="18" s="C" t="C.2" l="C"/>
		<a id="19" s="O" t="O.2" l="O"/>
		<a id="20" s="O" t="O.3" l="O"/>
		<a id="21" s="C" t="C.3" l="C"/>
		<a id="22" s="C" t="C.3" l="C"/>
		<a id="23" s="C" t="C.3" l="C"/>
		<a id="24" s="C" t="C.3" l="C"/>
		<a id="25" s="C" t="C.3" l="C"/>
		<a id="26" s="C" t="C.3" l="C"/>
		<a id="27" s="H" t="H" l="H"/>
		<a id="28" s="H" t="H" l="H"/>
		<a id="29" s="H" t="H" l="H"/>
		<a id="30" s="H" t="H" l="H"/>
		<a id="31" s="H" t="H" l="H"/>
		<a id="32" s="H" t="H" l="H"/>
		<a id="33" s="H" t="H" l="H"/>
		<a id="34" s="H" t="H" l="H"/>
		<a id="35" s="H" t="H" l="H"/>
		<a id="36" s="H" t="H" l="H"/>
		<a id="37" s="H" t="H" l="H"/>
		<a id="38" s="H" t="H" l="H"/>
		<a id="39" s="H" t="H" l="H"/>
		<a id="40" s="H" t="H" l="H"/>
		<a id="41" s="H" t="H" l="H"/>
		<a id="42" s="H" t="H" l="H"/>
		<a id="43" s="H" t="H" l="H"/>
		<a id="44" s="H" t="H" l="H"/>
		<a id="45" s="H" t="H" l="H"/>
		<a id="46" s="H" t="H" l="H"/>
		<a id="47" s="H" t="H" l="H"/>
		<a id="48" s="H" t="H" l="H"/>
		<a id="49" s="H" t="H" l="H"/>
		<a id="50" s="H" t="H" l="H"/>
		<a id="51" s="H" t="H" l="H"/>
		<a id="52" s="H" t="H" l="H"/>
		<a id="53" s="H" t="H" l="H"/>
		<a id="54" s="H" t="H" l="H"/>
		<a id="55" s="H" t="H" l="H"/>
		<a id="56" s="H" t="H" l="H"/>
		<a id="57" s="H" t="H" l="H"/>
	</atoms>
	<bonds>
		<b id="1" c="1 2" t="1"/>
		<b id="2" c="2 3" t="ar"/>
		<b id="3" c="3 4" t="1"/>
		<b id="4" c="3 5" t="ar"/>
		<b id="5" c="5 6" t="ar"/>
		<b id="6" c="6 7" t="1"/>
		<b id="7" c="7 8" t="1"/>
		<b id="8" c="8 9" t="1"/>
		<b id="9" c="9 10" t="1"/>
		<b id="10" c="9 11" t="1"/>
		<b id="11" c="6 12" t="ar"/>
		<b id="12" c="12 13" t="ar"/>
		<b id="13" c="2 13" t="ar"/>
		<b id="14" c="13 14" t="1"/>
		<b id="15" c="14 15" t="1"/>
		<b id="16" c="15 16" t="1"/>
		<b id="17" c="16 17" t="1"/>
		<b id="18" c="17 18" t="am"/>
		<b id="19" c="18 19" t="2"/>
		<b id="20" c="18 20" t="1"/>
		<b id="21" c="20 21" t="1"/>
		<b id="22" c="21 22" t="1"/>
		<b id="23" c="21 23" t="1"/>
		<b id="24" c="21 24" t="1"/>
		<b id="25" c="17 25" t="1"/>
		<b id="26" c="25 26" t="1"/>
		<b id="27" c="14 26" t="1"/>
		<b id="28" c="1 27" t="1"/>
		<b id="29" c="1 28" t="1"/>
		<b id="30" c="1 29" t="1"/>
		<b id="31" c="5 30" t="1"/>
		<b id="32" c="8 31" t="1"/>
		<b id="33" c="8 32" t="1"/>
		<b id="34" c="9 33" t="1"/>
		<b id="35" c="10 34" t="1"/>
		<b id="36" c="10 35" t="1"/>
		<b id="37" c="10 36" t="1"/>
		<b id="38" c="11 37" t="1"/>
		<b id="39" c="11 38" t="1"/>
		<b id="40" c="11 39" t="1"/>
		<b id="41" c="12 40" t="1"/>
		<b id="42" c="15 41" t="1"/>
		<b id="43" c="15 42" t="1"/>
		<b id="44" c="16 43" t="1"/>
		<b id="45" c="16 44" t="1"/>
		<b id="46" c="22 45" t="1"/>
		<b id="47" c="22 46" t="1"/>
		<b id="48" c="22 47" t="1"/>
		<b id="49" c="23 48" t="1"/>
		<b id="50" c="23 49" t="1"/>
		<b id="51" c="23 50" t="1"/>
		<b id="52" c="24 51" t="1"/>
		<b id="53" c="24 52" t="1"/>
		<b id="54" c="24 53" t="1"/>
		<b id="55" c="25 54" t="1"/>
		<b id="56" c="25 55" t="1"/>
		<b id="57" c="26 56" t="1"/>
		<b id="58" c="26 57" t="1"/>
	</bonds>
	<geometry>
		<g u="A" t="cart/3d">#57,3:0.3781,-2.3630,-1.0209;1.1358,-1.1194,-0.6709;0.6482,0.1377,-1.0035;-0.9433,0.2863,-2.0477;1.2487,1.3131,-0.6067;2.4047,1.2556,0.1695;2.9185,2.4520,0.5464;4.0426,2.4830,1.4020;4.3113,3.9432,1.7746;3.1587,4.4950,2.6088;5.6346,4.0593,2.5248;2.9492,0.0162,0.4779;2.3369,-1.1639,0.0550;2.8672,-2.4188,0.3889;3.3969,-3.2278,-0.6940;3.3804,-4.7004,-0.2765;4.1281,-4.8577,0.9480;5.2203,-5.6458,1.1061;5.8558,-5.6870,2.1359;5.4712,-6.3599,-0.0058;6.5484,-7.3271,-0.0252;6.3158,-8.4035,1.0344;6.4708,-7.9336,-1.4275;7.8933,-6.6321,0.1839;3.6901,-3.9939,2.0194;3.7072,-2.5325,1.5627;-0.6882,-2.2036,-0.8677;0.7012,-3.1859,-0.3903;0.5185,-2.6372,-2.0673;0.8389,2.2737,-0.8717;4.9179,2.0583,0.8901;3.8464,1.8959,2.3100;4.3731,4.5119,0.8415;3.0909,3.9677,3.5585;2.2203,4.3723,2.0750;3.3088,5.5524,2.8110;5.6019,3.4792,3.4448;5.8286,5.0974,2.7813;6.4600,3.6958,1.9170;3.8681,-0.0446,1.0365;4.4364,-2.9341,-0.9199;2.7996,-3.0848,-1.5925;3.8214,-5.3239,-1.0519;2.3450,-5.0180,-0.1018;5.3364,-8.8572,0.8969;6.3649,-7.9672,2.0280;7.0773,-9.1733,0.9470;5.5009,-8.4004,-1.5786;7.2477,-8.6819,-1.5512;6.6020,-7.1585,-2.1781;7.9329,-6.1878,1.1744;8.0302,-5.8501,-0.5603;8.6978,-7.3557,0.0873;4.3591,-4.1441,2.8676;2.6682,-4.2697,2.3043;4.7498,-2.2360,1.3599;3.3021,-1.9036,2.3568;</g>
	</geometry>
	<conformers/>
	<properties/>
</molecule>
