<?xml version="1.0" ?>
<!--MOLLI PACKAGE EXPERIMENTAL XML FORMAT-->
<molecule name="el105">
	<atoms>
		<a id="1" s="C" t="C.3" l="C"/>
		<a id="2" s="O" t="O.3" l="O"/>
		<a id="3" s="C" t="C.2" l="C"/>
		<a id="4" s="O" t="O.2" l="O"/>
		<a id="5" s="C" t="C.ar" l="C"/>
		<a id="6" s="C" t="C.ar" l="C"/>
		<a id="7" s="C" t="C.ar" l="C"/>
		<a id="8" s="Br" t="Br" l="BR"/>
		<a id="9" s="C" t="C.ar" l="C"/>
		<a id="10" s="C" t="C.3" l="C"/>
		<a id="11" s="C" t="C.ar" l="C"/>
		<a id="12" s="N" t="N.pl3" l="N"/>
		<a id="13" s="C" t="C.3" l="C"/>
		<a id="14" s="C" t="C.3" l="C"/>
		<a id="15" s="N" t="N.am" l="N"/>
		<a id="16" s="C" t="C.2" l="C"/>
		<a id="17" s="O" t="O.2" l="O"/>
		<a id="18" s="O" t="O.3" l="O"/>
		<a id="19" s="C" t="C.3" l="C"/>
		<a id="20" s="C" t="C.3" l="C"/>
		<a id="21" s="C" t="C.3" l="C"/>
		<a id="22" s="C" t="C.3" l="C"/>
		<a id="23" s="C" t="C.3" l="C"/>
		<a id="24" s="C" t="C.3" l="C"/>
		<a id="25" s="C" t="C.ar" l="C"/>
		<a id="26" s="H" t="H" l="H"/>
		<a id="27" s="H" t="H" l="H"/>
		<a id="28" s="H" t="H" l="H"/>
		<a id="29" s="H" t="H" l="H"/>
		<a id="30" s="H" t="H" l="H"/>
		<a id="31" s="H" t="H" l="H"/>
		<a id="32" s="H" t="H" l="H"/>
		<a id="33" s="H" t="H" l="H"/>
		<a id="34" s="H" t="H" l="H"/>
		<a id="35" s="H" t="H" l="H"/>
		<a id="36" s="H" t="H" l="H"/>
		<a id="37" s="H" t="H" l="H"/>
		<a id="38" s="H" t="H" l="H"/>
		<a id="39" s="H" t="H" l="H"/>
		<a id="40" s="H" t="H" l="H"/>
		<a id="41" s="H" t="H" l="H"/>
		<a id="42" s="H" t="H" l="H"/>
		<a id="43" s="H" t="H" l="H"/>
		<a id="44" s="H" t="H" l="H"/>
		<a id="45" s="H" t="H" l="H"/>
		<a id="46" s="H" t="H" l="H"/>
		<a id="47" s="H" t="H" l="H"/>
		<a id="48" s="H" t="H" l="H"/>
		<a id="49" s="H" t="H" l="H"/>
		<a id="50" s="H" t="H" l="H"/>
	</atoms>
	<bonds>
		<b id="1" c="1 2" t="1"/>
		<b id="2" c="2 3" t="1"/>
		<b id="3" c="3 4" t="2"/>
		<b id="4" c="3 5" t="1"/>
		<b id="5" c="5 6" t="ar"/>
		<b id="6" c="6 7" t="ar"/>
		<b id="7" c="7 8" t="1"/>
		<b id="8" c="7 9" t="ar"/>
		<b id="9" c="9 10" t="1"/>
		<b id="10" c="9 11" t="ar"/>
		<b id="11" c="11 12" t="1"/>
		<b id="12" c="12 13" t="1"/>
		<b id="13" c="13 14" t="1"/>
		<b id="14" c="14 15" t="1"/>
		<b id="15" c="15 16" t="am"/>
		<b id="16" c="16 17" t="2"/>
		<b id="17" c="16 18" t="1"/>
		<b id="18" c="18 19" t="1"/>
		<b id="19" c="19 20" t="1"/>
		<b id="20" c="19 21" t="1"/>
		<b id="21" c="19 22" t="1"/>
		<b id="22" c="15 23" t="1"/>
		<b id="23" c="23 24" t="1"/>
		<b id="24" c="12 24" t="1"/>
		<b id="25" c="11 25" t="ar"/>
		<b id="26" c="5 25" t="ar"/>
		<b id="27" c="1 26" t="1"/>
		<b id="28" c="1 27" t="1"/>
		<b id="29" c="1 28" t="1"/>
		<b id="30" c="6 29" t="1"/>
		<b id="31" c="10 30" t="1"/>
		<b id="32" c="10 31" t="1"/>
		<b id="33" c="10 32" t="1"/>
		<b id="34" c="13 33" t="1"/>
		<b id="35" c="13 34" t="1"/>
		<b id="36" c="14 35" t="1"/>
		<b id="37" c="14 36" t="1"/>
		<b id="38" c="20 37" t="1"/>
		<b id="39" c="20 38" t="1"/>
		<b id="40" c="20 39" t="1"/>
		<b id="41" c="21 40" t="1"/>
		<b id="42" c="21 41" t="1"/>
		<b id="43" c="21 42" t="1"/>
		<b id="44" c="22 43" t="1"/>
		<b id="45" c="22 44" t="1"/>
		<b id="46" c="22 45" t="1"/>
		<b id="47" c="23 46" t="1"/>
		<b id="48" c="23 47" t="1"/>
		<b id="49" c="24 48" t="1"/>
		<b id="50" c="24 49" t="1"/>
		<b id="51" c="25 50" t="1"/>
	</bonds>
	<geometry>
		<g u="A" t="cart/3d">#50,3:5.4101,2.3189,3.5934;5.7899,1.5408,2.4683;5.1842,1.8586,1.3128;4.3683,2.7416,1.2185;5.6320,1.0106,0.1825;5.0735,1.2433,-1.0688;5.4984,0.4808,-2.1382;4.7255,0.8488,-3.8437;6.4591,-0.5170,-2.0194;6.9729,-1.2379,-3.2239;6.9697,-0.7854,-0.7336;7.9231,-1.8021,-0.5955;8.8703,-1.7144,0.4970;10.0872,-2.5761,0.1383;9.6715,-3.9371,-0.1006;9.9816,-4.9998,0.6863;9.5149,-6.1024,0.5094;10.8723,-4.6618,1.6347;11.4067,-5.6715,2.5254;12.1429,-6.7477,1.7285;12.3865,-4.8985,3.4101;10.2893,-6.2815,3.3709;8.6500,-4.0638,-1.1145;7.4600,-3.1706,-0.7625;6.5659,-0.0048,0.3463;5.9754,1.9310,4.4369;4.3371,2.2267,3.7737;5.6465,3.3714,3.4233;4.3324,2.0184,-1.1845;7.1072,-0.5373,-4.0468;6.2689,-1.9997,-3.5602;7.9264,-1.7072,-3.0005;8.4455,-2.0782,1.4468;9.1832,-0.6762,0.6178;10.8199,-2.5580,0.9426;10.5429,-2.1853,-0.7789;12.9047,-6.2912,1.0998;11.4444,-7.2896,1.0972;12.6193,-7.4460,2.4105;13.1613,-4.4426,2.7991;12.8492,-5.5714,4.1255;11.8638,-4.1125,3.9492;9.5890,-6.8154,2.7347;9.7551,-5.4989,3.9061;10.7131,-6.9751,4.0915;8.3485,-5.1108,-1.1615;9.0708,-3.7601,-2.0795;7.0045,-3.5370,0.1723;6.7086,-3.2173,-1.5485;6.9632,-0.1882,1.3307;</g>
	</geometry>
	<conformers/>
	<properties/>
</molecule>
