<?xml version="1.0" ?>
<!--MOLLI PACKAGE EXPERIMENTAL XML FORMAT-->
<molecule name="el108">
	<atoms>
		<a id="1" s="C" t="C.3" l="C"/>
		<a id="2" s="C" t="C.ar" l="C"/>
		<a id="3" s="N" t="N.ar" l="N"/>
		<a id="4" s="O" t="O.2" l="O"/>
		<a id="5" s="C" t="C.ar" l="C"/>
		<a id="6" s="C" t="C.ar" l="C"/>
		<a id="7" s="C" t="C.ar" l="C"/>
		<a id="8" s="C" t="C.ar" l="C"/>
		<a id="9" s="Br" t="Br" l="BR"/>
		<a id="10" s="C" t="C.ar" l="C"/>
		<a id="11" s="C" t="C.3" l="C"/>
		<a id="12" s="C" t="C.ar" l="C"/>
		<a id="13" s="N" t="N.pl3" l="N"/>
		<a id="14" s="C" t="C.3" l="C"/>
		<a id="15" s="C" t="C.3" l="C"/>
		<a id="16" s="N" t="N.am" l="N"/>
		<a id="17" s="C" t="C.2" l="C"/>
		<a id="18" s="O" t="O.2" l="O"/>
		<a id="19" s="O" t="O.3" l="O"/>
		<a id="20" s="C" t="C.3" l="C"/>
		<a id="21" s="C" t="C.3" l="C"/>
		<a id="22" s="C" t="C.3" l="C"/>
		<a id="23" s="C" t="C.3" l="C"/>
		<a id="24" s="C" t="C.3" l="C"/>
		<a id="25" s="C" t="C.3" l="C"/>
		<a id="26" s="C" t="C.ar" l="C"/>
		<a id="27" s="N" t="N.ar" l="N"/>
		<a id="28" s="H" t="H" l="H"/>
		<a id="29" s="H" t="H" l="H"/>
		<a id="30" s="H" t="H" l="H"/>
		<a id="31" s="H" t="H" l="H"/>
		<a id="32" s="H" t="H" l="H"/>
		<a id="33" s="H" t="H" l="H"/>
		<a id="34" s="H" t="H" l="H"/>
		<a id="35" s="H" t="H" l="H"/>
		<a id="36" s="H" t="H" l="H"/>
		<a id="37" s="H" t="H" l="H"/>
		<a id="38" s="H" t="H" l="H"/>
		<a id="39" s="H" t="H" l="H"/>
		<a id="40" s="H" t="H" l="H"/>
		<a id="41" s="H" t="H" l="H"/>
		<a id="42" s="H" t="H" l="H"/>
		<a id="43" s="H" t="H" l="H"/>
		<a id="44" s="H" t="H" l="H"/>
		<a id="45" s="H" t="H" l="H"/>
		<a id="46" s="H" t="H" l="H"/>
		<a id="47" s="H" t="H" l="H"/>
		<a id="48" s="H" t="H" l="H"/>
		<a id="49" s="H" t="H" l="H"/>
		<a id="50" s="H" t="H" l="H"/>
		<a id="51" s="H" t="H" l="H"/>
		<a id="52" s="H" t="H" l="H"/>
	</atoms>
	<bonds>
		<b id="1" c="1 2" t="1"/>
		<b id="2" c="2 3" t="ar"/>
		<b id="3" c="3 4" t="ar"/>
		<b id="4" c="4 5" t="ar"/>
		<b id="5" c="5 6" t="1"/>
		<b id="6" c="6 7" t="ar"/>
		<b id="7" c="7 8" t="ar"/>
		<b id="8" c="8 9" t="1"/>
		<b id="9" c="8 10" t="ar"/>
		<b id="10" c="10 11" t="1"/>
		<b id="11" c="10 12" t="ar"/>
		<b id="12" c="12 13" t="1"/>
		<b id="13" c="13 14" t="1"/>
		<b id="14" c="14 15" t="1"/>
		<b id="15" c="15 16" t="1"/>
		<b id="16" c="16 17" t="am"/>
		<b id="17" c="17 18" t="2"/>
		<b id="18" c="17 19" t="1"/>
		<b id="19" c="19 20" t="1"/>
		<b id="20" c="20 21" t="1"/>
		<b id="21" c="20 22" t="1"/>
		<b id="22" c="20 23" t="1"/>
		<b id="23" c="16 24" t="1"/>
		<b id="24" c="24 25" t="1"/>
		<b id="25" c="13 25" t="1"/>
		<b id="26" c="12 26" t="ar"/>
		<b id="27" c="6 26" t="ar"/>
		<b id="28" c="5 27" t="ar"/>
		<b id="29" c="2 27" t="ar"/>
		<b id="30" c="1 28" t="1"/>
		<b id="31" c="1 29" t="1"/>
		<b id="32" c="1 30" t="1"/>
		<b id="33" c="7 31" t="1"/>
		<b id="34" c="11 32" t="1"/>
		<b id="35" c="11 33" t="1"/>
		<b id="36" c="11 34" t="1"/>
		<b id="37" c="14 35" t="1"/>
		<b id="38" c="14 36" t="1"/>
		<b id="39" c="15 37" t="1"/>
		<b id="40" c="15 38" t="1"/>
		<b id="41" c="21 39" t="1"/>
		<b id="42" c="21 40" t="1"/>
		<b id="43" c="21 41" t="1"/>
		<b id="44" c="22 42" t="1"/>
		<b id="45" c="22 43" t="1"/>
		<b id="46" c="22 44" t="1"/>
		<b id="47" c="23 45" t="1"/>
		<b id="48" c="23 46" t="1"/>
		<b id="49" c="23 47" t="1"/>
		<b id="50" c="24 48" t="1"/>
		<b id="51" c="24 49" t="1"/>
		<b id="52" c="25 50" t="1"/>
		<b id="53" c="25 51" t="1"/>
		<b id="54" c="26 52" t="1"/>
	</bonds>
	<geometry>
		<g u="A" t="cart/3d">#52,3:-2.4297,1.4070,-0.5385;-1.0551,1.6574,-1.0162;-0.7278,1.7657,-2.2745;0.6133,1.9974,-2.2818;1.0060,2.0119,-0.9979;2.3855,2.2513,-0.6428;2.7510,2.2362,0.6992;4.0641,2.5118,1.0231;4.5251,2.5054,2.8747;5.0366,2.8035,0.0730;6.4064,3.2355,0.4892;4.6670,2.7416,-1.2874;5.6299,3.0164,-2.2592;6.7386,2.0916,-2.4137;7.9342,2.8329,-3.0175;7.5374,3.4391,-4.2651;8.1465,3.2453,-5.4625;7.7426,3.7421,-6.4893;9.2291,2.4587,-5.3362;10.0665,2.1808,-6.4853;10.6378,3.4795,-7.0533;11.1880,1.3082,-5.9189;9.2767,1.4170,-7.5470;6.3707,4.2850,-4.1698;5.2020,3.5139,-3.5516;3.3406,2.4846,-1.6263;0.0109,1.8055,-0.1814;-3.0962,1.2986,-1.3882;-2.7544,2.2378,0.0851;-2.4463,0.5043,0.0686;2.0105,2.0287,1.4537;6.3392,3.8986,1.3505;6.8952,3.7653,-0.3227;7.0214,2.3849,0.7851;6.4533,1.2692,-3.0905;7.0083,1.6615,-1.4512;8.7586,2.1454,-3.1972;8.2649,3.6191,-2.3267;11.1581,4.0314,-6.2732;9.8380,4.0992,-7.4488;11.3378,3.2521,-7.8520;11.7247,1.8481,-5.1430;11.8826,1.0393,-6.7087;10.7744,0.4009,-5.4862;8.4711,2.0370,-7.9302;8.8527,0.5112,-7.1187;9.9351,1.1447,-8.3670;6.1218,4.6279,-5.1747;6.6053,5.1491,-3.5363;4.9080,2.6985,-4.2309;4.3585,4.1921,-3.4177;3.0355,2.4531,-2.6596;</g>
	</geometry>
	<conformers/>
	<properties/>
</molecule>
