<?xml version="1.0" ?>
<!--MOLLI PACKAGE EXPERIMENTAL XML FORMAT-->
<molecule name="el109">
	<atoms>
		<a id="1" s="C" t="C.3" l="C"/>
		<a id="2" s="C" t="C.ar" l="C"/>
		<a id="3" s="C" t="C.ar" l="C"/>
		<a id="4" s="Br" t="Br" l="BR"/>
		<a id="5" s="C" t="C.ar" l="C"/>
		<a id="6" s="C" t="C.ar" l="C"/>
		<a id="7" s="O" t="O.3" l="O"/>
		<a id="8" s="C" t="C.ar" l="C"/>
		<a id="9" s="C" t="C.ar" l="C"/>
		<a id="10" s="N" t="N.pl3" l="N"/>
		<a id="11" s="C" t="C.3" l="C"/>
		<a id="12" s="C" t="C.3" l="C"/>
		<a id="13" s="N" t="N.am" l="N"/>
		<a id="14" s="C" t="C.2" l="C"/>
		<a id="15" s="O" t="O.2" l="O"/>
		<a id="16" s="O" t="O.3" l="O"/>
		<a id="17" s="C" t="C.3" l="C"/>
		<a id="18" s="C" t="C.3" l="C"/>
		<a id="19" s="C" t="C.3" l="C"/>
		<a id="20" s="C" t="C.3" l="C"/>
		<a id="21" s="C" t="C.3" l="C"/>
		<a id="22" s="C" t="C.3" l="C"/>
		<a id="23" s="H" t="H" l="H"/>
		<a id="24" s="H" t="H" l="H"/>
		<a id="25" s="H" t="H" l="H"/>
		<a id="26" s="H" t="H" l="H"/>
		<a id="27" s="H" t="H" l="H"/>
		<a id="28" s="H" t="H" l="H"/>
		<a id="29" s="H" t="H" l="H"/>
		<a id="30" s="H" t="H" l="H"/>
		<a id="31" s="H" t="H" l="H"/>
		<a id="32" s="H" t="H" l="H"/>
		<a id="33" s="H" t="H" l="H"/>
		<a id="34" s="H" t="H" l="H"/>
		<a id="35" s="H" t="H" l="H"/>
		<a id="36" s="H" t="H" l="H"/>
		<a id="37" s="H" t="H" l="H"/>
		<a id="38" s="H" t="H" l="H"/>
		<a id="39" s="H" t="H" l="H"/>
		<a id="40" s="H" t="H" l="H"/>
		<a id="41" s="H" t="H" l="H"/>
		<a id="42" s="H" t="H" l="H"/>
		<a id="43" s="H" t="H" l="H"/>
		<a id="44" s="H" t="H" l="H"/>
		<a id="45" s="H" t="H" l="H"/>
	</atoms>
	<bonds>
		<b id="1" c="1 2" t="1"/>
		<b id="2" c="2 3" t="ar"/>
		<b id="3" c="3 4" t="1"/>
		<b id="4" c="3 5" t="ar"/>
		<b id="5" c="5 6" t="ar"/>
		<b id="6" c="6 7" t="1"/>
		<b id="7" c="6 8" t="ar"/>
		<b id="8" c="8 9" t="ar"/>
		<b id="9" c="2 9" t="ar"/>
		<b id="10" c="9 10" t="1"/>
		<b id="11" c="10 11" t="1"/>
		<b id="12" c="11 12" t="1"/>
		<b id="13" c="12 13" t="1"/>
		<b id="14" c="13 14" t="am"/>
		<b id="15" c="14 15" t="2"/>
		<b id="16" c="14 16" t="1"/>
		<b id="17" c="16 17" t="1"/>
		<b id="18" c="17 18" t="1"/>
		<b id="19" c="17 19" t="1"/>
		<b id="20" c="17 20" t="1"/>
		<b id="21" c="13 21" t="1"/>
		<b id="22" c="21 22" t="1"/>
		<b id="23" c="10 22" t="1"/>
		<b id="24" c="1 23" t="1"/>
		<b id="25" c="1 24" t="1"/>
		<b id="26" c="1 25" t="1"/>
		<b id="27" c="5 26" t="1"/>
		<b id="28" c="7 27" t="1"/>
		<b id="29" c="8 28" t="1"/>
		<b id="30" c="11 29" t="1"/>
		<b id="31" c="11 30" t="1"/>
		<b id="32" c="12 31" t="1"/>
		<b id="33" c="12 32" t="1"/>
		<b id="34" c="18 33" t="1"/>
		<b id="35" c="18 34" t="1"/>
		<b id="36" c="18 35" t="1"/>
		<b id="37" c="19 36" t="1"/>
		<b id="38" c="19 37" t="1"/>
		<b id="39" c="19 38" t="1"/>
		<b id="40" c="20 39" t="1"/>
		<b id="41" c="20 40" t="1"/>
		<b id="42" c="20 41" t="1"/>
		<b id="43" c="21 42" t="1"/>
		<b id="44" c="21 43" t="1"/>
		<b id="45" c="22 44" t="1"/>
		<b id="46" c="22 45" t="1"/>
	</bonds>
	<geometry>
		<g u="A" t="cart/3d">#45,3:3.0736,0.6650,-2.3908;3.5651,0.5899,-0.9783;4.3838,-0.4452,-0.5567;5.0061,-1.7378,-1.8195;4.7816,-0.6132,0.7586;4.3374,0.2936,1.7089;4.6692,0.1866,3.0216;3.5444,1.3648,1.3181;3.1693,1.5330,-0.0101;2.3508,2.5964,-0.4137;1.4691,3.1969,0.5654;0.3402,3.9101,-0.1879;0.8956,4.8943,-1.0854;0.6719,6.2306,-1.0229;1.2199,7.0216,-1.7576;-0.2311,6.5309,-0.0723;-0.6857,7.8953,0.0963;-1.3474,8.3965,-1.1869;-1.7137,7.8017,1.2254;0.4765,8.7998,0.5043;1.8687,4.3623,-2.0113;2.9627,3.6217,-1.2428;2.8026,-0.3286,-2.7450;3.8421,1.0518,-3.0611;2.1986,1.3055,-2.4462;5.4167,-1.4421,1.0358;5.2297,-0.5869,3.1583;3.2433,2.0686,2.0758;1.9910,3.9303,1.2017;1.0462,2.4125,1.1948;-0.3359,4.3998,0.5102;-0.2167,3.1713,-0.7769;-2.1429,7.7173,-1.4865;-0.6150,8.4549,-1.9871;-1.7695,9.3834,-1.0198;-2.5216,7.1330,0.9395;-2.1244,8.7847,1.4351;-1.2455,7.4131,2.1260;1.2114,8.8452,-0.2945;0.9540,8.4137,1.4025;0.1071,9.8018,0.7038;2.2860,5.1955,-2.5780;1.3657,3.6702,-2.6968;3.5114,4.3444,-0.6162;3.6678,3.1678,-1.9366;</g>
	</geometry>
	<conformers/>
	<properties/>
</molecule>
