<?xml version="1.0" ?>
<!--MOLLI PACKAGE EXPERIMENTAL XML FORMAT-->
<molecule name="el11">
	<atoms>
		<a id="1" s="Br" t="Br" l="BR"/>
		<a id="2" s="C" t="C.ar" l="C"/>
		<a id="3" s="C" t="C.ar" l="C"/>
		<a id="4" s="C" t="C.ar" l="C"/>
		<a id="5" s="S" t="S.2" l="S"/>
		<a id="6" s="C" t="C.ar" l="C"/>
		<a id="7" s="H" t="H" l="H"/>
		<a id="8" s="H" t="H" l="H"/>
		<a id="9" s="H" t="H" l="H"/>
	</atoms>
	<bonds>
		<b id="1" c="1 2" t="1"/>
		<b id="2" c="2 3" t="ar"/>
		<b id="3" c="3 4" t="ar"/>
		<b id="4" c="4 5" t="ar"/>
		<b id="5" c="5 6" t="ar"/>
		<b id="6" c="2 6" t="ar"/>
		<b id="7" c="3 7" t="1"/>
		<b id="8" c="4 8" t="1"/>
		<b id="9" c="6 9" t="1"/>
	</bonds>
	<geometry>
		<g u="A" t="cart/3d">#9,3:-1.7218,0.0675,-0.0280;0.1638,-0.0880,-0.0176;0.8332,-1.3357,-0.0049;2.1789,-1.1759,0.0014;2.6431,0.4810,-0.0119;1.0011,0.9815,-0.0236;0.3234,-2.2815,0.0011;2.9360,-1.9341,0.0125;0.7474,2.0222,-0.0343;</g>
	</geometry>
	<conformers/>
	<properties/>
</molecule>
