<?xml version="1.0" ?>
<!--MOLLI PACKAGE EXPERIMENTAL XML FORMAT-->
<molecule name="el111">
	<atoms>
		<a id="1" s="C" t="C.3" l="C"/>
		<a id="2" s="C" t="C.3" l="C"/>
		<a id="3" s="O" t="O.3" l="O"/>
		<a id="4" s="C" t="C.2" l="C"/>
		<a id="5" s="O" t="O.2" l="O"/>
		<a id="6" s="C" t="C.ar" l="C"/>
		<a id="7" s="C" t="C.ar" l="C"/>
		<a id="8" s="C" t="C.ar" l="C"/>
		<a id="9" s="C" t="C.ar" l="C"/>
		<a id="10" s="C" t="C.1" l="C"/>
		<a id="11" s="N" t="N.1" l="N"/>
		<a id="12" s="C" t="C.ar" l="C"/>
		<a id="13" s="Br" t="Br" l="BR"/>
		<a id="14" s="C" t="C.ar" l="C"/>
		<a id="15" s="H" t="H" l="H"/>
		<a id="16" s="H" t="H" l="H"/>
		<a id="17" s="H" t="H" l="H"/>
		<a id="18" s="H" t="H" l="H"/>
		<a id="19" s="H" t="H" l="H"/>
		<a id="20" s="H" t="H" l="H"/>
		<a id="21" s="H" t="H" l="H"/>
		<a id="22" s="H" t="H" l="H"/>
	</atoms>
	<bonds>
		<b id="1" c="1 2" t="1"/>
		<b id="2" c="2 3" t="1"/>
		<b id="3" c="3 4" t="1"/>
		<b id="4" c="4 5" t="2"/>
		<b id="5" c="4 6" t="1"/>
		<b id="6" c="6 7" t="ar"/>
		<b id="7" c="7 8" t="ar"/>
		<b id="8" c="8 9" t="ar"/>
		<b id="9" c="9 10" t="1"/>
		<b id="10" c="10 11" t="3"/>
		<b id="11" c="9 12" t="ar"/>
		<b id="12" c="12 13" t="1"/>
		<b id="13" c="12 14" t="ar"/>
		<b id="14" c="6 14" t="ar"/>
		<b id="15" c="1 15" t="1"/>
		<b id="16" c="1 16" t="1"/>
		<b id="17" c="1 17" t="1"/>
		<b id="18" c="2 18" t="1"/>
		<b id="19" c="2 19" t="1"/>
		<b id="20" c="7 20" t="1"/>
		<b id="21" c="8 21" t="1"/>
		<b id="22" c="14 22" t="1"/>
	</bonds>
	<geometry>
		<g u="A" t="cart/3d">#22,3:1.4701,0.8553,0.5490;2.2565,-0.4345,0.3662;2.9621,-0.7874,1.5591;4.1328,-0.1840,1.7676;4.6388,0.6046,1.0097;4.7582,-0.6034,3.0555;4.1561,-1.5305,3.9038;4.7710,-1.8758,5.0895;5.9935,-1.3007,5.4453;6.5999,-1.6645,6.6711;7.0730,-1.9691,7.6686;6.5923,-0.3741,4.5855;8.2547,0.4207,5.0477;5.9779,-0.0276,3.3976;0.8939,1.0590,-0.3487;2.1508,1.6846,0.7251;0.7920,0.7672,1.3947;2.9761,-0.3275,-0.4520;1.5925,-1.2793,0.1726;3.2123,-1.9717,3.6273;4.3179,-2.5922,5.7585;6.4279,0.6875,2.7254;</g>
	</geometry>
	<conformers/>
	<properties/>
</molecule>
