<?xml version="1.0" ?>
<!--MOLLI PACKAGE EXPERIMENTAL XML FORMAT-->
<molecule name="el113">
	<atoms>
		<a id="1" s="C" t="C.3" l="C"/>
		<a id="2" s="C" t="C.3" l="C"/>
		<a id="3" s="C" t="C.3" l="C"/>
		<a id="4" s="C" t="C.3" l="C"/>
		<a id="5" s="C" t="C.ar" l="C"/>
		<a id="6" s="C" t="C.ar" l="C"/>
		<a id="7" s="C" t="C.ar" l="C"/>
		<a id="8" s="C" t="C.ar" l="C"/>
		<a id="9" s="C" t="C.ar" l="C"/>
		<a id="10" s="C" t="C.ar" l="C"/>
		<a id="11" s="C" t="C.ar" l="C"/>
		<a id="12" s="C" t="C.ar" l="C"/>
		<a id="13" s="C" t="C.ar" l="C"/>
		<a id="14" s="C" t="C.ar" l="C"/>
		<a id="15" s="C" t="C.ar" l="C"/>
		<a id="16" s="Br" t="Br" l="BR"/>
		<a id="17" s="C" t="C.ar" l="C"/>
		<a id="18" s="H" t="H" l="H"/>
		<a id="19" s="H" t="H" l="H"/>
		<a id="20" s="H" t="H" l="H"/>
		<a id="21" s="H" t="H" l="H"/>
		<a id="22" s="H" t="H" l="H"/>
		<a id="23" s="H" t="H" l="H"/>
		<a id="24" s="H" t="H" l="H"/>
		<a id="25" s="H" t="H" l="H"/>
		<a id="26" s="H" t="H" l="H"/>
		<a id="27" s="H" t="H" l="H"/>
		<a id="28" s="H" t="H" l="H"/>
		<a id="29" s="H" t="H" l="H"/>
		<a id="30" s="H" t="H" l="H"/>
		<a id="31" s="H" t="H" l="H"/>
		<a id="32" s="H" t="H" l="H"/>
		<a id="33" s="H" t="H" l="H"/>
		<a id="34" s="H" t="H" l="H"/>
	</atoms>
	<bonds>
		<b id="1" c="1 2" t="1"/>
		<b id="2" c="2 3" t="1"/>
		<b id="3" c="2 4" t="1"/>
		<b id="4" c="2 5" t="1"/>
		<b id="5" c="5 6" t="ar"/>
		<b id="6" c="6 7" t="ar"/>
		<b id="7" c="7 8" t="ar"/>
		<b id="8" c="8 9" t="1"/>
		<b id="9" c="9 10" t="ar"/>
		<b id="10" c="10 11" t="ar"/>
		<b id="11" c="11 12" t="ar"/>
		<b id="12" c="12 13" t="ar"/>
		<b id="13" c="13 14" t="ar"/>
		<b id="14" c="9 14" t="ar"/>
		<b id="15" c="8 15" t="ar"/>
		<b id="16" c="15 16" t="1"/>
		<b id="17" c="15 17" t="ar"/>
		<b id="18" c="5 17" t="ar"/>
		<b id="19" c="1 18" t="1"/>
		<b id="20" c="1 19" t="1"/>
		<b id="21" c="1 20" t="1"/>
		<b id="22" c="3 21" t="1"/>
		<b id="23" c="3 22" t="1"/>
		<b id="24" c="3 23" t="1"/>
		<b id="25" c="4 24" t="1"/>
		<b id="26" c="4 25" t="1"/>
		<b id="27" c="4 26" t="1"/>
		<b id="28" c="6 27" t="1"/>
		<b id="29" c="7 28" t="1"/>
		<b id="30" c="10 29" t="1"/>
		<b id="31" c="11 30" t="1"/>
		<b id="32" c="12 31" t="1"/>
		<b id="33" c="13 32" t="1"/>
		<b id="34" c="14 33" t="1"/>
		<b id="35" c="17 34" t="1"/>
	</bonds>
	<geometry>
		<g u="A" t="cart/3d">#34,3:0.9242,0.0577,0.2480;2.4471,0.0396,0.0554;3.1329,0.6928,1.2637;2.9013,-1.4200,-0.0252;2.7998,0.8322,-1.1923;2.4309,2.1723,-1.2931;2.7428,2.9215,-2.4084;3.4349,2.3733,-3.4860;3.7474,3.2077,-4.6588;4.4393,4.4030,-4.4888;4.7385,5.1981,-5.5794;4.3421,4.8136,-6.8493;3.6416,3.6323,-7.0240;3.3441,2.8325,-5.9362;3.8078,1.0401,-3.3724;4.8345,0.1952,-4.7510;3.5011,0.2813,-2.2557;0.6539,-0.5203,1.1290;0.4297,-0.3801,-0.6165;0.5506,1.0694,0.3788;2.9008,0.1377,2.1698;2.8040,1.7195,1.3993;4.2124,0.6956,1.1279;2.6084,-1.9401,0.8844;3.9826,-1.4909,-0.1164;2.4366,-1.9291,-0.8664;1.8911,2.6481,-0.4889;2.4384,3.9566,-2.4653;4.7562,4.6960,-3.4978;5.2844,6.1196,-5.4379;4.5790,5.4335,-7.7013;3.3247,3.3313,-8.0115;2.7840,1.9195,-6.0766;3.8273,-0.7449,-2.2348;</g>
	</geometry>
	<conformers/>
	<properties/>
</molecule>
