<?xml version="1.0" ?>
<!--MOLLI PACKAGE EXPERIMENTAL XML FORMAT-->
<molecule name="el114">
	<atoms>
		<a id="1" s="C" t="C.3" l="C"/>
		<a id="2" s="C" t="C.ar" l="C"/>
		<a id="3" s="C" t="C.ar" l="C"/>
		<a id="4" s="C" t="C.ar" l="C"/>
		<a id="5" s="C" t="C.3" l="C"/>
		<a id="6" s="C" t="C.ar" l="C"/>
		<a id="7" s="C" t="C.ar" l="C"/>
		<a id="8" s="C" t="C.ar" l="C"/>
		<a id="9" s="C" t="C.ar" l="C"/>
		<a id="10" s="C" t="C.ar" l="C"/>
		<a id="11" s="C" t="C.ar" l="C"/>
		<a id="12" s="C" t="C.3" l="C"/>
		<a id="13" s="C" t="C.3" l="C"/>
		<a id="14" s="C" t="C.3" l="C"/>
		<a id="15" s="C" t="C.3" l="C"/>
		<a id="16" s="C" t="C.ar" l="C"/>
		<a id="17" s="C" t="C.ar" l="C"/>
		<a id="18" s="Br" t="Br" l="BR"/>
		<a id="19" s="C" t="C.ar" l="C"/>
		<a id="20" s="H" t="H" l="H"/>
		<a id="21" s="H" t="H" l="H"/>
		<a id="22" s="H" t="H" l="H"/>
		<a id="23" s="H" t="H" l="H"/>
		<a id="24" s="H" t="H" l="H"/>
		<a id="25" s="H" t="H" l="H"/>
		<a id="26" s="H" t="H" l="H"/>
		<a id="27" s="H" t="H" l="H"/>
		<a id="28" s="H" t="H" l="H"/>
		<a id="29" s="H" t="H" l="H"/>
		<a id="30" s="H" t="H" l="H"/>
		<a id="31" s="H" t="H" l="H"/>
		<a id="32" s="H" t="H" l="H"/>
		<a id="33" s="H" t="H" l="H"/>
		<a id="34" s="H" t="H" l="H"/>
		<a id="35" s="H" t="H" l="H"/>
		<a id="36" s="H" t="H" l="H"/>
		<a id="37" s="H" t="H" l="H"/>
		<a id="38" s="H" t="H" l="H"/>
		<a id="39" s="H" t="H" l="H"/>
		<a id="40" s="H" t="H" l="H"/>
	</atoms>
	<bonds>
		<b id="1" c="1 2" t="1"/>
		<b id="2" c="2 3" t="ar"/>
		<b id="3" c="3 4" t="ar"/>
		<b id="4" c="4 5" t="1"/>
		<b id="5" c="4 6" t="ar"/>
		<b id="6" c="6 7" t="ar"/>
		<b id="7" c="7 8" t="1"/>
		<b id="8" c="8 9" t="ar"/>
		<b id="9" c="9 10" t="ar"/>
		<b id="10" c="10 11" t="ar"/>
		<b id="11" c="11 12" t="1"/>
		<b id="12" c="12 13" t="1"/>
		<b id="13" c="12 14" t="1"/>
		<b id="14" c="12 15" t="1"/>
		<b id="15" c="11 16" t="ar"/>
		<b id="16" c="16 17" t="ar"/>
		<b id="17" c="8 17" t="ar"/>
		<b id="18" c="17 18" t="1"/>
		<b id="19" c="7 19" t="ar"/>
		<b id="20" c="2 19" t="ar"/>
		<b id="21" c="1 20" t="1"/>
		<b id="22" c="1 21" t="1"/>
		<b id="23" c="1 22" t="1"/>
		<b id="24" c="3 23" t="1"/>
		<b id="25" c="5 24" t="1"/>
		<b id="26" c="5 25" t="1"/>
		<b id="27" c="5 26" t="1"/>
		<b id="28" c="6 27" t="1"/>
		<b id="29" c="9 28" t="1"/>
		<b id="30" c="10 29" t="1"/>
		<b id="31" c="13 30" t="1"/>
		<b id="32" c="13 31" t="1"/>
		<b id="33" c="13 32" t="1"/>
		<b id="34" c="14 33" t="1"/>
		<b id="35" c="14 34" t="1"/>
		<b id="36" c="14 35" t="1"/>
		<b id="37" c="15 36" t="1"/>
		<b id="38" c="15 37" t="1"/>
		<b id="39" c="15 38" t="1"/>
		<b id="40" c="16 39" t="1"/>
		<b id="41" c="19 40" t="1"/>
	</bonds>
	<geometry>
		<g u="A" t="cart/3d">#40,3:2.1926,1.1708,0.9823;1.0266,0.3934,0.4523;-0.0856,1.0331,-0.0761;-1.1678,0.3151,-0.5661;-2.3641,1.0112,-1.1423;-1.1278,-1.0709,-0.5211;-0.0308,-1.7308,0.0185;-0.0151,-3.2035,0.0656;-0.1374,-3.9430,-1.1079;-0.1214,-5.3223,-1.0961;0.0032,-6.0375,0.0934;0.0223,-7.5571,0.0663;1.2630,-8.0152,-0.7130;0.0770,-8.1717,1.4674;-1.2478,-8.0675,-0.6284;0.1140,-5.3082,1.2691;0.1074,-3.9240,1.2464;0.2216,-3.0141,2.9264;1.0444,-0.9934,0.4968;2.0761,2.2337,0.7870;3.1191,0.8291,0.5232;2.2807,1.0232,2.0584;-0.1102,2.1137,-0.1064;-2.2927,2.0873,-1.0065;-3.2766,0.6581,-0.6642;-2.4452,0.8018,-2.2090;-1.9654,-1.6462,-0.8904;-0.2337,-3.4110,-2.0430;-0.2074,-5.8451,-2.0364;2.1671,-7.6520,-0.2287;1.2492,-7.6407,-1.7330;1.3030,-9.1017,-0.7475;0.9869,-7.8846,1.9889;0.0677,-9.2566,1.3861;-0.7849,-7.8723,2.0595;-1.3017,-7.7326,-1.6603;-2.1327,-7.7101,-0.1059;-1.2616,-9.1553,-0.6252;0.2036,-5.8003,2.2231;1.9093,-1.5025,0.8976;</g>
	</geometry>
	<conformers/>
	<properties/>
</molecule>
