<?xml version="1.0" ?>
<!--MOLLI PACKAGE EXPERIMENTAL XML FORMAT-->
<molecule name="el118">
	<atoms>
		<a id="1" s="C" t="C.3" l="C"/>
		<a id="2" s="N" t="N.ar" l="N"/>
		<a id="3" s="C" t="C.ar" l="C"/>
		<a id="4" s="C" t="C.ar" l="C"/>
		<a id="5" s="C" t="C.ar" l="C"/>
		<a id="6" s="C" t="C.ar" l="C"/>
		<a id="7" s="C" t="C.ar" l="C"/>
		<a id="8" s="C" t="C.ar" l="C"/>
		<a id="9" s="N" t="N.ar" l="N"/>
		<a id="10" s="C" t="C.ar" l="C"/>
		<a id="11" s="Br" t="Br" l="BR"/>
		<a id="12" s="C" t="C.ar" l="C"/>
		<a id="13" s="C" t="C.ar" l="C"/>
		<a id="14" s="N" t="N.ar" l="N"/>
		<a id="15" s="C" t="C.2" l="C"/>
		<a id="16" s="O" t="O.2" l="O"/>
		<a id="17" s="O" t="O.3" l="O"/>
		<a id="18" s="C" t="C.3" l="C"/>
		<a id="19" s="C" t="C.3" l="C"/>
		<a id="20" s="C" t="C.3" l="C"/>
		<a id="21" s="C" t="C.3" l="C"/>
		<a id="22" s="C" t="C.ar" l="C"/>
		<a id="23" s="N" t="N.ar" l="N"/>
		<a id="24" s="H" t="H" l="H"/>
		<a id="25" s="H" t="H" l="H"/>
		<a id="26" s="H" t="H" l="H"/>
		<a id="27" s="H" t="H" l="H"/>
		<a id="28" s="H" t="H" l="H"/>
		<a id="29" s="H" t="H" l="H"/>
		<a id="30" s="H" t="H" l="H"/>
		<a id="31" s="H" t="H" l="H"/>
		<a id="32" s="H" t="H" l="H"/>
		<a id="33" s="H" t="H" l="H"/>
		<a id="34" s="H" t="H" l="H"/>
		<a id="35" s="H" t="H" l="H"/>
		<a id="36" s="H" t="H" l="H"/>
		<a id="37" s="H" t="H" l="H"/>
		<a id="38" s="H" t="H" l="H"/>
		<a id="39" s="H" t="H" l="H"/>
		<a id="40" s="H" t="H" l="H"/>
	</atoms>
	<bonds>
		<b id="1" c="1 2" t="1"/>
		<b id="2" c="2 3" t="ar"/>
		<b id="3" c="3 4" t="ar"/>
		<b id="4" c="4 5" t="1"/>
		<b id="5" c="5 6" t="ar"/>
		<b id="6" c="6 7" t="ar"/>
		<b id="7" c="7 8" t="ar"/>
		<b id="8" c="8 9" t="ar"/>
		<b id="9" c="9 10" t="ar"/>
		<b id="10" c="10 11" t="1"/>
		<b id="11" c="10 12" t="ar"/>
		<b id="12" c="12 13" t="ar"/>
		<b id="13" c="7 13" t="ar"/>
		<b id="14" c="13 14" t="ar"/>
		<b id="15" c="5 14" t="ar"/>
		<b id="16" c="14 15" t="am"/>
		<b id="17" c="15 16" t="2"/>
		<b id="18" c="15 17" t="1"/>
		<b id="19" c="17 18" t="1"/>
		<b id="20" c="18 19" t="1"/>
		<b id="21" c="18 20" t="1"/>
		<b id="22" c="18 21" t="1"/>
		<b id="23" c="4 22" t="ar"/>
		<b id="24" c="22 23" t="ar"/>
		<b id="25" c="2 23" t="ar"/>
		<b id="26" c="1 24" t="1"/>
		<b id="27" c="1 25" t="1"/>
		<b id="28" c="1 26" t="1"/>
		<b id="29" c="3 27" t="1"/>
		<b id="30" c="6 28" t="1"/>
		<b id="31" c="8 29" t="1"/>
		<b id="32" c="12 30" t="1"/>
		<b id="33" c="19 31" t="1"/>
		<b id="34" c="19 32" t="1"/>
		<b id="35" c="19 33" t="1"/>
		<b id="36" c="20 34" t="1"/>
		<b id="37" c="20 35" t="1"/>
		<b id="38" c="20 36" t="1"/>
		<b id="39" c="21 37" t="1"/>
		<b id="40" c="21 38" t="1"/>
		<b id="41" c="21 39" t="1"/>
		<b id="42" c="22 40" t="1"/>
	</bonds>
	<geometry>
		<g u="A" t="cart/3d">#40,3:-0.6081,2.1128,1.0816;0.0176,0.8902,0.6694;1.3313,0.6202,0.5983;1.4549,-0.6824,0.1398;2.6756,-1.4307,-0.0276;3.7798,-1.4006,0.7727;4.6870,-2.3859,0.2942;5.9530,-2.8227,0.6739;6.5731,-3.7829,0.0205;5.9776,-4.3369,-1.0164;6.9718,-5.7081,-1.8813;4.7243,-4.0149,-1.5100;4.0673,-3.0092,-0.8206;2.8395,-2.4077,-1.0160;2.0229,-2.5309,-2.1507;1.3303,-1.6351,-2.5463;2.1624,-3.7357,-2.6780;1.4530,-4.1059,-3.8954;1.8855,-3.2000,-5.0458;1.8879,-5.5492,-4.1480;-0.0544,-4.0296,-3.6627;0.1190,-1.1096,-0.0191;-0.7209,-0.1539,0.3084;0.1497,2.8809,1.2194;-1.1488,1.9623,2.0181;-1.3210,2.4326,0.3210;2.0806,1.3454,0.8428;3.9231,-0.7695,1.6264;6.4838,-2.3967,1.5134;4.3056,-4.5252,-2.3593;2.9684,-3.2183,-5.1525;1.5662,-2.1768,-4.8662;1.4370,-3.5509,-5.9708;2.9572,-5.5982,-4.3375;1.3624,-5.9468,-5.0107;1.6611,-6.1644,-3.2811;-0.3584,-3.0054,-3.4639;-0.3348,-4.6529,-2.8160;-0.5759,-4.3842,-4.5470;-0.2435,-2.0658,-0.3373;</g>
	</geometry>
	<conformers/>
	<properties/>
</molecule>
