<?xml version="1.0" ?>
<!--MOLLI PACKAGE EXPERIMENTAL XML FORMAT-->
<molecule name="el119">
	<atoms>
		<a id="1" s="O" t="O.2" l="O"/>
		<a id="2" s="S" t="S.O2" l="S"/>
		<a id="3" s="O" t="O.2" l="O"/>
		<a id="4" s="N" t="N.pl3" l="N"/>
		<a id="5" s="C" t="C.ar" l="C"/>
		<a id="6" s="N" t="N.ar" l="N"/>
		<a id="7" s="C" t="C.ar" l="C"/>
		<a id="8" s="C" t="C.ar" l="C"/>
		<a id="9" s="S" t="S.2" l="S"/>
		<a id="10" s="C" t="C.ar" l="C"/>
		<a id="11" s="C" t="C.ar" l="C"/>
		<a id="12" s="C" t="C.ar" l="C"/>
		<a id="13" s="C" t="C.ar" l="C"/>
		<a id="14" s="Br" t="Br" l="BR"/>
		<a id="15" s="C" t="C.ar" l="C"/>
		<a id="16" s="C" t="C.ar" l="C"/>
		<a id="17" s="H" t="H" l="H"/>
		<a id="18" s="H" t="H" l="H"/>
		<a id="19" s="H" t="H" l="H"/>
		<a id="20" s="H" t="H" l="H"/>
		<a id="21" s="H" t="H" l="H"/>
		<a id="22" s="H" t="H" l="H"/>
		<a id="23" s="H" t="H" l="H"/>
	</atoms>
	<bonds>
		<b id="1" c="1 2" t="2"/>
		<b id="2" c="2 3" t="2"/>
		<b id="3" c="2 4" t="1"/>
		<b id="4" c="4 5" t="1"/>
		<b id="5" c="5 6" t="ar"/>
		<b id="6" c="6 7" t="ar"/>
		<b id="7" c="7 8" t="ar"/>
		<b id="8" c="8 9" t="ar"/>
		<b id="9" c="5 9" t="ar"/>
		<b id="10" c="2 10" t="1"/>
		<b id="11" c="10 11" t="ar"/>
		<b id="12" c="11 12" t="ar"/>
		<b id="13" c="12 13" t="ar"/>
		<b id="14" c="13 14" t="1"/>
		<b id="15" c="13 15" t="ar"/>
		<b id="16" c="15 16" t="ar"/>
		<b id="17" c="10 16" t="ar"/>
		<b id="18" c="4 17" t="1"/>
		<b id="19" c="7 18" t="1"/>
		<b id="20" c="8 19" t="1"/>
		<b id="21" c="11 20" t="1"/>
		<b id="22" c="12 21" t="1"/>
		<b id="23" c="15 22" t="1"/>
		<b id="24" c="16 23" t="1"/>
	</bonds>
	<geometry>
		<g u="A" t="cart/3d">#23,3:0.6686,0.2812,-0.4738;2.0924,0.3397,-0.3912;2.7730,1.4774,-0.9241;2.5721,0.3068,1.2518;2.0381,-0.6552,2.0506;1.7045,-1.8213,1.6252;1.2193,-2.5972,2.6293;1.1856,-2.0239,3.8537;1.7805,-0.4029,3.7719;2.8211,-1.1682,-0.9904;2.0086,-2.2448,-1.2851;2.5847,-3.4234,-1.7242;3.9650,-3.4875,-1.8540;4.7605,-5.1005,-2.4484;4.7791,-2.4024,-1.5647;4.1936,-1.2267,-1.1267;2.7470,1.2100,1.6636;0.9064,-3.5980,2.3956;0.8606,-2.4358,4.7863;0.9437,-2.1441,-1.1578;1.9762,-4.2830,-1.9594;5.8494,-2.4791,-1.6798;4.7852,-0.3550,-0.8979;</g>
	</geometry>
	<conformers/>
	<properties/>
</molecule>
