<?xml version="1.0" ?>
<!--MOLLI PACKAGE EXPERIMENTAL XML FORMAT-->
<molecule name="el120">
	<atoms>
		<a id="1" s="C" t="C.3" l="C"/>
		<a id="2" s="N" t="N.3" l="N"/>
		<a id="3" s="C" t="C.3" l="C"/>
		<a id="4" s="C" t="C.3" l="C"/>
		<a id="5" s="C" t="C.ar" l="C"/>
		<a id="6" s="C" t="C.ar" l="C"/>
		<a id="7" s="C" t="C.ar" l="C"/>
		<a id="8" s="N" t="N.ar" l="N"/>
		<a id="9" s="C" t="C.ar" l="C"/>
		<a id="10" s="C" t="C.ar" l="C"/>
		<a id="11" s="C" t="C.ar" l="C"/>
		<a id="12" s="C" t="C.ar" l="C"/>
		<a id="13" s="C" t="C.1" l="C"/>
		<a id="14" s="N" t="N.1" l="N"/>
		<a id="15" s="C" t="C.ar" l="C"/>
		<a id="16" s="Br" t="Br" l="BR"/>
		<a id="17" s="C" t="C.ar" l="C"/>
		<a id="18" s="C" t="C.ar" l="C"/>
		<a id="19" s="C" t="C.3" l="C"/>
		<a id="20" s="C" t="C.3" l="C"/>
		<a id="21" s="C" t="C.3" l="C"/>
		<a id="22" s="C" t="C.3" l="C"/>
		<a id="23" s="C" t="C.3" l="C"/>
		<a id="24" s="C" t="C.3" l="C"/>
		<a id="25" s="C" t="C.2" l="C"/>
		<a id="26" s="O" t="O.2" l="O"/>
		<a id="27" s="H" t="H" l="H"/>
		<a id="28" s="H" t="H" l="H"/>
		<a id="29" s="H" t="H" l="H"/>
		<a id="30" s="H" t="H" l="H"/>
		<a id="31" s="H" t="H" l="H"/>
		<a id="32" s="H" t="H" l="H"/>
		<a id="33" s="H" t="H" l="H"/>
		<a id="34" s="H" t="H" l="H"/>
		<a id="35" s="H" t="H" l="H"/>
		<a id="36" s="H" t="H" l="H"/>
		<a id="37" s="H" t="H" l="H"/>
		<a id="38" s="H" t="H" l="H"/>
		<a id="39" s="H" t="H" l="H"/>
		<a id="40" s="H" t="H" l="H"/>
		<a id="41" s="H" t="H" l="H"/>
		<a id="42" s="H" t="H" l="H"/>
		<a id="43" s="H" t="H" l="H"/>
		<a id="44" s="H" t="H" l="H"/>
		<a id="45" s="H" t="H" l="H"/>
		<a id="46" s="H" t="H" l="H"/>
		<a id="47" s="H" t="H" l="H"/>
		<a id="48" s="H" t="H" l="H"/>
	</atoms>
	<bonds>
		<b id="1" c="1 2" t="1"/>
		<b id="2" c="2 3" t="1"/>
		<b id="3" c="3 4" t="1"/>
		<b id="4" c="4 5" t="1"/>
		<b id="5" c="5 6" t="ar"/>
		<b id="6" c="6 7" t="ar"/>
		<b id="7" c="7 8" t="ar"/>
		<b id="8" c="8 9" t="1"/>
		<b id="9" c="9 10" t="ar"/>
		<b id="10" c="10 11" t="ar"/>
		<b id="11" c="11 12" t="ar"/>
		<b id="12" c="12 13" t="1"/>
		<b id="13" c="13 14" t="3"/>
		<b id="14" c="12 15" t="ar"/>
		<b id="15" c="15 16" t="1"/>
		<b id="16" c="15 17" t="ar"/>
		<b id="17" c="9 17" t="ar"/>
		<b id="18" c="8 18" t="ar"/>
		<b id="19" c="5 18" t="ar"/>
		<b id="20" c="18 19" t="1"/>
		<b id="21" c="2 19" t="1"/>
		<b id="22" c="7 20" t="1"/>
		<b id="23" c="20 21" t="1"/>
		<b id="24" c="21 22" t="1"/>
		<b id="25" c="21 23" t="1"/>
		<b id="26" c="21 24" t="1"/>
		<b id="27" c="24 25" t="1"/>
		<b id="28" c="6 25" t="1"/>
		<b id="29" c="25 26" t="2"/>
		<b id="30" c="1 27" t="1"/>
		<b id="31" c="1 28" t="1"/>
		<b id="32" c="1 29" t="1"/>
		<b id="33" c="3 30" t="1"/>
		<b id="34" c="3 31" t="1"/>
		<b id="35" c="4 32" t="1"/>
		<b id="36" c="4 33" t="1"/>
		<b id="37" c="10 34" t="1"/>
		<b id="38" c="11 35" t="1"/>
		<b id="39" c="17 36" t="1"/>
		<b id="40" c="19 37" t="1"/>
		<b id="41" c="19 38" t="1"/>
		<b id="42" c="20 39" t="1"/>
		<b id="43" c="20 40" t="1"/>
		<b id="44" c="22 41" t="1"/>
		<b id="45" c="22 42" t="1"/>
		<b id="46" c="22 43" t="1"/>
		<b id="47" c="23 44" t="1"/>
		<b id="48" c="23 45" t="1"/>
		<b id="49" c="23 46" t="1"/>
		<b id="50" c="24 47" t="1"/>
		<b id="51" c="24 48" t="1"/>
	</bonds>
	<geometry>
		<g u="A" t="cart/3d">#48,3:1.3503,-0.4006,0.5503;2.7357,-0.2113,0.1835;2.9406,1.0013,-0.5974;4.4261,1.3663,-0.6384;5.2017,0.1485,-0.9873;6.5589,-0.0144,-1.3949;6.7826,-1.3714,-1.5335;5.6227,-2.0340,-1.2472;5.4415,-3.4198,-1.2182;6.2715,-4.2246,-0.4355;6.0878,-5.5902,-0.4108;5.0645,-6.1829,-1.1545;4.8944,-7.5857,-1.1143;4.7679,-8.7234,-1.0683;4.2272,-5.3688,-1.9225;2.8151,-6.1367,-2.9403;4.4153,-4.0003,-1.9585;4.6530,-1.0965,-0.9280;3.2545,-1.3805,-0.5062;8.0517,-1.9638,-2.0273;9.2172,-1.0146,-1.6893;9.4497,-0.9922,-0.1769;10.4863,-1.5075,-2.3875;8.8799,0.3974,-2.1881;7.5849,0.9809,-1.6407;7.4389,2.1730,-1.4701;1.0126,0.4582,1.1275;1.2654,-1.2909,1.1728;0.6887,-0.5207,-0.3231;2.3787,1.8080,-0.1238;2.5607,0.8792,-1.6277;4.7480,1.7271,0.3415;4.6124,2.1634,-1.3592;7.0402,-3.7690,0.1689;6.7249,-6.2188,0.1930;3.7747,-3.3842,-2.5692;3.2187,-2.2346,0.1805;2.6261,-1.6340,-1.3873;7.9912,-2.0825,-3.1163;8.2370,-2.9533,-1.6062;9.7181,-1.9839,0.1829;8.5574,-0.6601,0.3482;10.2609,-0.3114,0.0684;10.7383,-2.5131,-2.0571;11.3238,-0.8535,-2.1580;10.3532,-1.5254,-3.4671;8.7685,0.3775,-3.2772;9.6925,1.0882,-1.9563;</g>
	</geometry>
	<conformers/>
	<properties/>
</molecule>
