<?xml version="1.0" ?>
<!--MOLLI PACKAGE EXPERIMENTAL XML FORMAT-->
<molecule name="el12">
	<atoms>
		<a id="1" s="N" t="N.pl3" l="N"/>
		<a id="2" s="C" t="C.ar" l="C"/>
		<a id="3" s="C" t="C.ar" l="C"/>
		<a id="4" s="C" t="C.ar" l="C"/>
		<a id="5" s="C" t="C.ar" l="C"/>
		<a id="6" s="Br" t="Br" l="BR"/>
		<a id="7" s="C" t="C.ar" l="C"/>
		<a id="8" s="N" t="N.ar" l="N"/>
		<a id="9" s="H" t="H" l="H"/>
		<a id="10" s="H" t="H" l="H"/>
		<a id="11" s="H" t="H" l="H"/>
		<a id="12" s="H" t="H" l="H"/>
		<a id="13" s="H" t="H" l="H"/>
	</atoms>
	<bonds>
		<b id="1" c="1 2" t="1"/>
		<b id="2" c="2 3" t="ar"/>
		<b id="3" c="3 4" t="ar"/>
		<b id="4" c="4 5" t="ar"/>
		<b id="5" c="5 6" t="1"/>
		<b id="6" c="5 7" t="ar"/>
		<b id="7" c="7 8" t="ar"/>
		<b id="8" c="2 8" t="ar"/>
		<b id="9" c="1 9" t="1"/>
		<b id="10" c="1 10" t="1"/>
		<b id="11" c="3 11" t="1"/>
		<b id="12" c="4 12" t="1"/>
		<b id="13" c="7 13" t="1"/>
	</bonds>
	<geometry>
		<g u="A" t="cart/3d">#13,3:1.1590,-0.1529,0.2063;2.5010,-0.0700,0.0089;3.1591,1.1699,-0.0621;4.5277,1.1821,-0.2022;5.1965,-0.0362,-0.2676;7.0901,-0.0826,-0.4634;4.4712,-1.2117,-0.1947;3.1596,-1.2267,-0.0637;0.5846,0.6534,0.0389;0.7426,-1.0613,0.0972;2.5970,2.0892,-0.0059;5.0733,2.1117,-0.2620;4.9546,-2.1776,-0.2471;</g>
	</geometry>
	<conformers/>
	<properties/>
</molecule>
