<?xml version="1.0" ?>
<!--MOLLI PACKAGE EXPERIMENTAL XML FORMAT-->
<molecule name="el127">
	<atoms>
		<a id="1" s="Br" t="Br" l="BR"/>
		<a id="2" s="C" t="C.ar" l="C"/>
		<a id="3" s="C" t="C.ar" l="C"/>
		<a id="4" s="N" t="N.ar" l="N"/>
		<a id="5" s="C" t="C.ar" l="C"/>
		<a id="6" s="C" t="C.ar" l="C"/>
		<a id="7" s="O" t="O.3" l="O"/>
		<a id="8" s="C" t="C.ar" l="C"/>
		<a id="9" s="C" t="C.ar" l="C"/>
		<a id="10" s="C" t="C.ar" l="C"/>
		<a id="11" s="C" t="C.ar" l="C"/>
		<a id="12" s="N" t="N.ar" l="N"/>
		<a id="13" s="C" t="C.ar" l="C"/>
		<a id="14" s="C" t="C.ar" l="C"/>
		<a id="15" s="H" t="H" l="H"/>
		<a id="16" s="H" t="H" l="H"/>
		<a id="17" s="H" t="H" l="H"/>
		<a id="18" s="H" t="H" l="H"/>
		<a id="19" s="H" t="H" l="H"/>
		<a id="20" s="H" t="H" l="H"/>
		<a id="21" s="H" t="H" l="H"/>
	</atoms>
	<bonds>
		<b id="1" c="1 2" t="1"/>
		<b id="2" c="2 3" t="ar"/>
		<b id="3" c="3 4" t="ar"/>
		<b id="4" c="4 5" t="ar"/>
		<b id="5" c="5 6" t="ar"/>
		<b id="6" c="6 7" t="1"/>
		<b id="7" c="7 8" t="1"/>
		<b id="8" c="8 9" t="ar"/>
		<b id="9" c="9 10" t="ar"/>
		<b id="10" c="10 11" t="ar"/>
		<b id="11" c="11 12" t="ar"/>
		<b id="12" c="12 13" t="ar"/>
		<b id="13" c="8 13" t="ar"/>
		<b id="14" c="6 14" t="ar"/>
		<b id="15" c="2 14" t="ar"/>
		<b id="16" c="3 15" t="1"/>
		<b id="17" c="5 16" t="1"/>
		<b id="18" c="9 17" t="1"/>
		<b id="19" c="10 18" t="1"/>
		<b id="20" c="11 19" t="1"/>
		<b id="21" c="13 20" t="1"/>
		<b id="22" c="14 21" t="1"/>
	</bonds>
	<geometry>
		<g u="A" t="cart/3d">#21,3:-1.2556,-0.4178,-1.3899;0.4301,-0.1334,-0.5575;1.0849,-1.1802,0.0760;2.2644,-1.0149,0.6420;2.8315,0.1722,0.6290;2.2374,1.2935,0.0394;2.9351,2.4584,0.0473;2.2874,3.6673,-0.0146;1.0776,3.9284,0.6212;0.5564,5.2085,0.5411;1.2635,6.1720,-0.1625;2.4240,5.9303,-0.7482;2.9269,4.7156,-0.6777;1.0039,1.1263,-0.5863;0.6567,-2.1708,0.1238;3.7994,0.2559,1.1011;0.5666,3.1533,1.1752;-0.3788,5.4484,1.0220;0.8924,7.1828,-0.2587;3.8803,4.5519,-1.1602;0.5153,1.9478,-1.0900;</g>
	</geometry>
	<conformers/>
	<properties/>
</molecule>
