<?xml version="1.0" ?>
<!--MOLLI PACKAGE EXPERIMENTAL XML FORMAT-->
<molecule name="el130">
	<atoms>
		<a id="1" s="C" t="C.3" l="C"/>
		<a id="2" s="C" t="C.3" l="C"/>
		<a id="3" s="C" t="C.3" l="C"/>
		<a id="4" s="C" t="C.3" l="C"/>
		<a id="5" s="C" t="C.ar" l="C"/>
		<a id="6" s="C" t="C.ar" l="C"/>
		<a id="7" s="C" t="C.ar" l="C"/>
		<a id="8" s="C" t="C.ar" l="C"/>
		<a id="9" s="C" t="C.ar" l="C"/>
		<a id="10" s="C" t="C.ar" l="C"/>
		<a id="11" s="C" t="C.ar" l="C"/>
		<a id="12" s="C" t="C.ar" l="C"/>
		<a id="13" s="C" t="C.ar" l="C"/>
		<a id="14" s="Br" t="Br" l="BR"/>
		<a id="15" s="C" t="C.ar" l="C"/>
		<a id="16" s="C" t="C.ar" l="C"/>
		<a id="17" s="C" t="C.3" l="C"/>
		<a id="18" s="C" t="C.3" l="C"/>
		<a id="19" s="C" t="C.3" l="C"/>
		<a id="20" s="C" t="C.3" l="C"/>
		<a id="21" s="C" t="C.ar" l="C"/>
		<a id="22" s="H" t="H" l="H"/>
		<a id="23" s="H" t="H" l="H"/>
		<a id="24" s="H" t="H" l="H"/>
		<a id="25" s="H" t="H" l="H"/>
		<a id="26" s="H" t="H" l="H"/>
		<a id="27" s="H" t="H" l="H"/>
		<a id="28" s="H" t="H" l="H"/>
		<a id="29" s="H" t="H" l="H"/>
		<a id="30" s="H" t="H" l="H"/>
		<a id="31" s="H" t="H" l="H"/>
		<a id="32" s="H" t="H" l="H"/>
		<a id="33" s="H" t="H" l="H"/>
		<a id="34" s="H" t="H" l="H"/>
		<a id="35" s="H" t="H" l="H"/>
		<a id="36" s="H" t="H" l="H"/>
		<a id="37" s="H" t="H" l="H"/>
		<a id="38" s="H" t="H" l="H"/>
		<a id="39" s="H" t="H" l="H"/>
		<a id="40" s="H" t="H" l="H"/>
		<a id="41" s="H" t="H" l="H"/>
		<a id="42" s="H" t="H" l="H"/>
		<a id="43" s="H" t="H" l="H"/>
		<a id="44" s="H" t="H" l="H"/>
		<a id="45" s="H" t="H" l="H"/>
		<a id="46" s="H" t="H" l="H"/>
	</atoms>
	<bonds>
		<b id="1" c="1 2" t="1"/>
		<b id="2" c="2 3" t="1"/>
		<b id="3" c="2 4" t="1"/>
		<b id="4" c="2 5" t="1"/>
		<b id="5" c="5 6" t="ar"/>
		<b id="6" c="6 7" t="ar"/>
		<b id="7" c="7 8" t="1"/>
		<b id="8" c="8 9" t="ar"/>
		<b id="9" c="9 10" t="ar"/>
		<b id="10" c="10 11" t="ar"/>
		<b id="11" c="11 12" t="ar"/>
		<b id="12" c="12 13" t="ar"/>
		<b id="13" c="8 13" t="ar"/>
		<b id="14" c="13 14" t="1"/>
		<b id="15" c="7 15" t="ar"/>
		<b id="16" c="15 16" t="ar"/>
		<b id="17" c="16 17" t="1"/>
		<b id="18" c="17 18" t="1"/>
		<b id="19" c="17 19" t="1"/>
		<b id="20" c="17 20" t="1"/>
		<b id="21" c="16 21" t="ar"/>
		<b id="22" c="5 21" t="ar"/>
		<b id="23" c="1 22" t="1"/>
		<b id="24" c="1 23" t="1"/>
		<b id="25" c="1 24" t="1"/>
		<b id="26" c="3 25" t="1"/>
		<b id="27" c="3 26" t="1"/>
		<b id="28" c="3 27" t="1"/>
		<b id="29" c="4 28" t="1"/>
		<b id="30" c="4 29" t="1"/>
		<b id="31" c="4 30" t="1"/>
		<b id="32" c="6 31" t="1"/>
		<b id="33" c="9 32" t="1"/>
		<b id="34" c="10 33" t="1"/>
		<b id="35" c="11 34" t="1"/>
		<b id="36" c="12 35" t="1"/>
		<b id="37" c="15 36" t="1"/>
		<b id="38" c="18 37" t="1"/>
		<b id="39" c="18 38" t="1"/>
		<b id="40" c="18 39" t="1"/>
		<b id="41" c="19 40" t="1"/>
		<b id="42" c="19 41" t="1"/>
		<b id="43" c="19 42" t="1"/>
		<b id="44" c="20 43" t="1"/>
		<b id="45" c="20 44" t="1"/>
		<b id="46" c="20 45" t="1"/>
		<b id="47" c="21 46" t="1"/>
	</bonds>
	<geometry>
		<g u="A" t="cart/3d">#46,3:3.1045,-0.2375,-1.4639;2.6557,-0.0498,-0.0078;1.1407,-0.2728,0.1030;3.3575,-1.1098,0.8453;2.9790,1.3714,0.4296;2.4180,2.4364,-0.2638;2.6927,3.7451,0.1027;2.0830,4.8524,-0.6544;0.6987,4.9080,-0.8012;0.0896,5.9288,-1.5067;0.8589,6.9222,-2.0894;2.2363,6.8849,-1.9685;2.8332,5.8577,-1.2584;4.7428,5.8268,-1.1808;3.5282,4.0019,1.1826;4.1153,2.9612,1.8857;5.0170,3.2307,3.0816;4.1456,3.1885,4.3452;6.1246,2.1748,3.1935;5.6907,4.6047,2.9790;3.8190,1.6578,1.4970;2.9012,-1.2552,-1.7909;4.1729,-0.0523,-1.5542;2.5842,0.4435,-2.1317;0.8886,-1.2896,-0.1911;0.5915,0.4116,-0.5378;0.8118,-0.1184,1.1288;3.0927,-2.1004,0.4806;3.0491,-1.0436,1.8864;4.4386,-1.0084,0.7842;1.7708,2.2653,-1.1113;0.1023,4.1355,-0.3380;-0.9857,5.9502,-1.6015;0.3925,7.7239,-2.6413;2.8489,7.6456,-2.4281;3.6985,5.0264,1.4699;3.6724,2.2146,4.4518;3.3634,3.9431,4.2931;4.7522,3.3783,5.2282;5.7294,1.2017,3.4723;6.8370,2.4688,3.9613;6.6566,2.0811,2.2495;4.9755,5.4127,3.1082;6.1805,4.7203,2.0148;6.4410,4.7061,3.7602;4.2578,0.8451,2.0470;</g>
	</geometry>
	<conformers/>
	<properties/>
</molecule>
