<?xml version="1.0" ?>
<!--MOLLI PACKAGE EXPERIMENTAL XML FORMAT-->
<molecule name="el133">
	<atoms>
		<a id="1" s="C" t="C.3" l="C"/>
		<a id="2" s="C" t="C.3" l="C"/>
		<a id="3" s="C" t="C.3" l="C"/>
		<a id="4" s="C" t="C.3" l="C"/>
		<a id="5" s="O" t="O.3" l="O"/>
		<a id="6" s="C" t="C.2" l="C"/>
		<a id="7" s="O" t="O.2" l="O"/>
		<a id="8" s="N" t="N.am" l="N"/>
		<a id="9" s="C" t="C.3" l="C"/>
		<a id="10" s="C" t="C.3" l="C"/>
		<a id="11" s="N" t="N.pl3" l="N"/>
		<a id="12" s="C" t="C.ar" l="C"/>
		<a id="13" s="C" t="C.ar" l="C"/>
		<a id="14" s="N" t="N.ar" l="N"/>
		<a id="15" s="C" t="C.ar" l="C"/>
		<a id="16" s="C" t="C.1" l="C"/>
		<a id="17" s="N" t="N.1" l="N"/>
		<a id="18" s="C" t="C.ar" l="C"/>
		<a id="19" s="Br" t="Br" l="BR"/>
		<a id="20" s="C" t="C.ar" l="C"/>
		<a id="21" s="C" t="C.3" l="C"/>
		<a id="22" s="S" t="S.O2" l="S"/>
		<a id="23" s="C" t="C.3" l="C"/>
		<a id="24" s="O" t="O.2" l="O"/>
		<a id="25" s="O" t="O.2" l="O"/>
		<a id="26" s="H" t="H" l="H"/>
		<a id="27" s="H" t="H" l="H"/>
		<a id="28" s="H" t="H" l="H"/>
		<a id="29" s="H" t="H" l="H"/>
		<a id="30" s="H" t="H" l="H"/>
		<a id="31" s="H" t="H" l="H"/>
		<a id="32" s="H" t="H" l="H"/>
		<a id="33" s="H" t="H" l="H"/>
		<a id="34" s="H" t="H" l="H"/>
		<a id="35" s="H" t="H" l="H"/>
		<a id="36" s="H" t="H" l="H"/>
		<a id="37" s="H" t="H" l="H"/>
		<a id="38" s="H" t="H" l="H"/>
		<a id="39" s="H" t="H" l="H"/>
		<a id="40" s="H" t="H" l="H"/>
		<a id="41" s="H" t="H" l="H"/>
		<a id="42" s="H" t="H" l="H"/>
		<a id="43" s="H" t="H" l="H"/>
		<a id="44" s="H" t="H" l="H"/>
		<a id="45" s="H" t="H" l="H"/>
		<a id="46" s="H" t="H" l="H"/>
	</atoms>
	<bonds>
		<b id="1" c="1 2" t="1"/>
		<b id="2" c="2 3" t="1"/>
		<b id="3" c="2 4" t="1"/>
		<b id="4" c="2 5" t="1"/>
		<b id="5" c="5 6" t="1"/>
		<b id="6" c="6 7" t="2"/>
		<b id="7" c="6 8" t="am"/>
		<b id="8" c="10 11" t="1"/>
		<b id="9" c="11 12" t="1"/>
		<b id="10" c="12 13" t="ar"/>
		<b id="11" c="13 14" t="ar"/>
		<b id="12" c="14 15" t="ar"/>
		<b id="13" c="15 16" t="1"/>
		<b id="14" c="16 17" t="3"/>
		<b id="15" c="15 18" t="ar"/>
		<b id="16" c="18 19" t="1"/>
		<b id="17" c="18 20" t="ar"/>
		<b id="18" c="12 20" t="ar"/>
		<b id="19" c="9 21" t="1"/>
		<b id="20" c="21 22" t="1"/>
		<b id="21" c="22 23" t="1"/>
		<b id="22" c="22 24" t="2"/>
		<b id="23" c="22 25" t="2"/>
		<b id="24" c="9 10" t="1"/>
		<b id="25" c="9 8" t="1"/>
		<b id="26" c="1 26" t="1"/>
		<b id="27" c="1 27" t="1"/>
		<b id="28" c="1 28" t="1"/>
		<b id="29" c="3 29" t="1"/>
		<b id="30" c="3 30" t="1"/>
		<b id="31" c="3 31" t="1"/>
		<b id="32" c="4 32" t="1"/>
		<b id="33" c="4 33" t="1"/>
		<b id="34" c="4 34" t="1"/>
		<b id="35" c="8 35" t="1"/>
		<b id="36" c="9 36" t="1"/>
		<b id="37" c="10 37" t="1"/>
		<b id="38" c="10 38" t="1"/>
		<b id="39" c="11 39" t="1"/>
		<b id="40" c="13 40" t="1"/>
		<b id="41" c="20 41" t="1"/>
		<b id="42" c="21 42" t="1"/>
		<b id="43" c="21 43" t="1"/>
		<b id="44" c="23 44" t="1"/>
		<b id="45" c="23 45" t="1"/>
		<b id="46" c="23 46" t="1"/>
	</bonds>
	<geometry>
		<g u="A" t="cart/3d">#46,3:9.6689,-1.4997,0.5223;9.6625,-2.4305,-0.6888;10.8452,-2.1411,-1.6118;9.6708,-3.8925,-0.2433;8.4152,-2.2958,-1.4228;8.0597,-1.1193,-1.9486;8.6714,-0.0811,-1.9067;6.8450,-1.2483,-2.5551;6.2312,-0.1693,-3.2923;4.7298,-0.1253,-3.0124;4.5011,0.0340,-1.5963;3.2704,0.1505,-1.0431;2.0788,-0.0713,-1.7652;0.8889,-0.0139,-1.2264;0.7494,0.2684,0.0664;-0.5635,0.3133,0.5937;-1.6158,0.3547,1.0456;1.8703,0.5133,0.8735;1.6717,0.9228,2.7202;3.1305,0.4562,0.3192;6.5000,-0.2836,-4.7913;5.7541,1.1599,-5.6341;6.7688,1.3816,-7.1190;4.4221,0.7974,-6.0335;5.9045,2.3102,-4.7902;10.5606,-1.6808,1.1153;8.7924,-1.6831,1.1400;9.6642,-0.4619,0.2010;11.7751,-2.3252,-1.0819;10.8237,-1.1043,-1.9359;10.8044,-2.7869,-2.4866;10.5796,-4.1051,0.3110;9.6218,-4.5477,-1.1090;8.8126,-4.0944,0.3918;6.4381,-2.1686,-2.6033;6.7008,0.7582,-2.9413;4.2888,0.6990,-3.5851;4.2688,-1.0621,-3.3494;5.2858,0.3595,-1.0526;2.0955,-0.2951,-2.8211;4.0037,0.6455,0.9261;6.0432,-1.1692,-5.2248;7.5689,-0.2648,-4.9836;6.7874,0.4448,-7.6600;7.7579,1.6885,-6.8066;6.3052,2.1542,-7.7202;</g>
	</geometry>
	<conformers/>
	<properties/>
</molecule>
