<?xml version="1.0" ?>
<!--MOLLI PACKAGE EXPERIMENTAL XML FORMAT-->
<molecule name="el134">
	<atoms>
		<a id="1" s="C" t="C.3" l="C"/>
		<a id="2" s="C" t="C.3" l="C"/>
		<a id="3" s="C" t="C.3" l="C"/>
		<a id="4" s="C" t="C.3" l="C"/>
		<a id="5" s="O" t="O.3" l="O"/>
		<a id="6" s="C" t="C.2" l="C"/>
		<a id="7" s="O" t="O.2" l="O"/>
		<a id="8" s="N" t="N.am" l="N"/>
		<a id="9" s="C" t="C.3" l="C"/>
		<a id="10" s="C" t="C.3" l="C"/>
		<a id="11" s="C" t="C.3" l="C"/>
		<a id="12" s="S" t="S.O2" l="S"/>
		<a id="13" s="C" t="C.3" l="C"/>
		<a id="14" s="O" t="O.2" l="O"/>
		<a id="15" s="O" t="O.2" l="O"/>
		<a id="16" s="C" t="C.3" l="C"/>
		<a id="17" s="N" t="N.pl3" l="N"/>
		<a id="18" s="C" t="C.ar" l="C"/>
		<a id="19" s="C" t="C.ar" l="C"/>
		<a id="20" s="N" t="N.ar" l="N"/>
		<a id="21" s="C" t="C.ar" l="C"/>
		<a id="22" s="C" t="C.1" l="C"/>
		<a id="23" s="N" t="N.1" l="N"/>
		<a id="24" s="C" t="C.ar" l="C"/>
		<a id="25" s="Br" t="Br" l="BR"/>
		<a id="26" s="C" t="C.ar" l="C"/>
		<a id="27" s="H" t="H" l="H"/>
		<a id="28" s="H" t="H" l="H"/>
		<a id="29" s="H" t="H" l="H"/>
		<a id="30" s="H" t="H" l="H"/>
		<a id="31" s="H" t="H" l="H"/>
		<a id="32" s="H" t="H" l="H"/>
		<a id="33" s="H" t="H" l="H"/>
		<a id="34" s="H" t="H" l="H"/>
		<a id="35" s="H" t="H" l="H"/>
		<a id="36" s="H" t="H" l="H"/>
		<a id="37" s="H" t="H" l="H"/>
		<a id="38" s="H" t="H" l="H"/>
		<a id="39" s="H" t="H" l="H"/>
		<a id="40" s="H" t="H" l="H"/>
		<a id="41" s="H" t="H" l="H"/>
		<a id="42" s="H" t="H" l="H"/>
		<a id="43" s="H" t="H" l="H"/>
		<a id="44" s="H" t="H" l="H"/>
		<a id="45" s="H" t="H" l="H"/>
		<a id="46" s="H" t="H" l="H"/>
		<a id="47" s="H" t="H" l="H"/>
		<a id="48" s="H" t="H" l="H"/>
		<a id="49" s="H" t="H" l="H"/>
	</atoms>
	<bonds>
		<b id="1" c="1 2" t="1"/>
		<b id="2" c="2 3" t="1"/>
		<b id="3" c="2 4" t="1"/>
		<b id="4" c="2 5" t="1"/>
		<b id="5" c="5 6" t="1"/>
		<b id="6" c="6 7" t="2"/>
		<b id="7" c="6 8" t="am"/>
		<b id="8" c="8 9" t="1"/>
		<b id="9" c="9 10" t="1"/>
		<b id="10" c="10 11" t="1"/>
		<b id="11" c="11 12" t="1"/>
		<b id="12" c="12 13" t="1"/>
		<b id="13" c="12 14" t="2"/>
		<b id="14" c="12 15" t="2"/>
		<b id="15" c="9 16" t="1"/>
		<b id="16" c="16 17" t="1"/>
		<b id="17" c="17 18" t="1"/>
		<b id="18" c="18 19" t="ar"/>
		<b id="19" c="19 20" t="ar"/>
		<b id="20" c="20 21" t="ar"/>
		<b id="21" c="21 22" t="1"/>
		<b id="22" c="22 23" t="3"/>
		<b id="23" c="21 24" t="ar"/>
		<b id="24" c="24 25" t="1"/>
		<b id="25" c="24 26" t="ar"/>
		<b id="26" c="18 26" t="ar"/>
		<b id="27" c="1 27" t="1"/>
		<b id="28" c="1 28" t="1"/>
		<b id="29" c="1 29" t="1"/>
		<b id="30" c="3 30" t="1"/>
		<b id="31" c="3 31" t="1"/>
		<b id="32" c="3 32" t="1"/>
		<b id="33" c="4 33" t="1"/>
		<b id="34" c="4 34" t="1"/>
		<b id="35" c="4 35" t="1"/>
		<b id="36" c="8 36" t="1"/>
		<b id="37" c="9 37" t="1"/>
		<b id="38" c="10 38" t="1"/>
		<b id="39" c="10 39" t="1"/>
		<b id="40" c="11 40" t="1"/>
		<b id="41" c="11 41" t="1"/>
		<b id="42" c="13 42" t="1"/>
		<b id="43" c="13 43" t="1"/>
		<b id="44" c="13 44" t="1"/>
		<b id="45" c="16 45" t="1"/>
		<b id="46" c="16 46" t="1"/>
		<b id="47" c="17 47" t="1"/>
		<b id="48" c="19 48" t="1"/>
		<b id="49" c="26 49" t="1"/>
	</bonds>
	<geometry>
		<g u="A" t="cart/3d">#49,3:2.6923,0.4026,-2.6457;2.5491,-0.0470,-1.1931;3.1286,0.9927,-0.2349;1.0849,-0.3306,-0.8587;3.2073,-1.3268,-0.9938;4.5178,-1.4600,-1.2120;5.2940,-0.6060,-1.5654;4.8826,-2.7593,-0.9997;6.2789,-3.1302,-0.9472;6.8353,-2.8977,0.4695;8.3248,-3.1212,0.5982;8.7784,-3.0723,2.3672;8.7206,-1.3160,2.8178;7.7623,-3.7707,3.1058;10.1346,-3.5254,2.4929;6.4310,-4.5786,-1.4250;7.7699,-4.8283,-1.9029;8.2586,-6.0618,-2.2016;7.6007,-7.2645,-1.8763;8.0967,-8.4486,-2.1268;9.2808,-8.5703,-2.7183;9.7623,-9.8782,-2.9704;10.1706,-10.9257,-3.1902;10.0204,-7.4360,-3.0863;11.7079,-7.6052,-3.9443;9.5074,-6.1830,-2.8292;2.1238,1.3147,-2.8023;2.3151,-0.3678,-3.3148;3.7360,0.5926,-2.8803;2.5711,1.9206,-0.3224;4.1711,1.1841,-0.4740;3.0595,0.6358,0.7907;0.4965,0.5741,-0.9762;0.9965,-0.6812,0.1660;0.6931,-1.0976,-1.5212;4.2104,-3.3533,-0.5401;6.7867,-2.4515,-1.6440;6.3318,-3.5618,1.1759;6.5947,-1.8682,0.7431;8.9197,-2.3653,0.0947;8.6246,-4.1102,0.2624;7.7186,-0.9451,2.6517;9.4497,-0.7893,2.2171;8.9772,-1.2466,3.8675;5.6904,-4.7623,-2.2177;6.2213,-5.2563,-0.5929;8.2186,-4.0507,-2.3646;6.6314,-7.2690,-1.4011;10.0625,-5.2997,-3.1092;</g>
	</geometry>
	<conformers/>
	<properties/>
</molecule>
