<?xml version="1.0" ?>
<!--MOLLI PACKAGE EXPERIMENTAL XML FORMAT-->
<molecule name="el138">
	<atoms>
		<a id="1" s="C" t="C.3" l="C"/>
		<a id="2" s="C" t="C.ar" l="C"/>
		<a id="3" s="C" t="C.ar" l="C"/>
		<a id="4" s="C" t="C.ar" l="C"/>
		<a id="5" s="C" t="C.3" l="C"/>
		<a id="6" s="N" t="N.ar" l="N"/>
		<a id="7" s="C" t="C.ar" l="C"/>
		<a id="8" s="N" t="N.pl3" l="N"/>
		<a id="9" s="C" t="C.ar" l="C"/>
		<a id="10" s="C" t="C.ar" l="C"/>
		<a id="11" s="C" t="C.ar" l="C"/>
		<a id="12" s="Br" t="Br" l="BR"/>
		<a id="13" s="C" t="C.ar" l="C"/>
		<a id="14" s="N" t="N.ar" l="N"/>
		<a id="15" s="C" t="C.ar" l="C"/>
		<a id="16" s="C" t="C.1" l="C"/>
		<a id="17" s="N" t="N.1" l="N"/>
		<a id="18" s="C" t="C.ar" l="C"/>
		<a id="19" s="H" t="H" l="H"/>
		<a id="20" s="H" t="H" l="H"/>
		<a id="21" s="H" t="H" l="H"/>
		<a id="22" s="H" t="H" l="H"/>
		<a id="23" s="H" t="H" l="H"/>
		<a id="24" s="H" t="H" l="H"/>
		<a id="25" s="H" t="H" l="H"/>
		<a id="26" s="H" t="H" l="H"/>
		<a id="27" s="H" t="H" l="H"/>
		<a id="28" s="H" t="H" l="H"/>
		<a id="29" s="H" t="H" l="H"/>
	</atoms>
	<bonds>
		<b id="1" c="1 2" t="1"/>
		<b id="2" c="2 3" t="ar"/>
		<b id="3" c="3 4" t="ar"/>
		<b id="4" c="4 5" t="1"/>
		<b id="5" c="4 6" t="ar"/>
		<b id="6" c="6 7" t="ar"/>
		<b id="7" c="7 8" t="1"/>
		<b id="8" c="8 9" t="1"/>
		<b id="9" c="9 10" t="ar"/>
		<b id="10" c="10 11" t="ar"/>
		<b id="11" c="11 12" t="1"/>
		<b id="12" c="11 13" t="ar"/>
		<b id="13" c="13 14" t="ar"/>
		<b id="14" c="14 15" t="ar"/>
		<b id="15" c="9 15" t="ar"/>
		<b id="16" c="15 16" t="1"/>
		<b id="17" c="16 17" t="3"/>
		<b id="18" c="7 18" t="ar"/>
		<b id="19" c="2 18" t="ar"/>
		<b id="20" c="1 19" t="1"/>
		<b id="21" c="1 20" t="1"/>
		<b id="22" c="1 21" t="1"/>
		<b id="23" c="3 22" t="1"/>
		<b id="24" c="5 23" t="1"/>
		<b id="25" c="5 24" t="1"/>
		<b id="26" c="5 25" t="1"/>
		<b id="27" c="8 26" t="1"/>
		<b id="28" c="10 27" t="1"/>
		<b id="29" c="13 28" t="1"/>
		<b id="30" c="18 29" t="1"/>
	</bonds>
	<geometry>
		<g u="A" t="cart/3d">#29,3:2.4017,0.9462,1.1055;1.1867,0.3231,0.4964;0.2773,1.0843,-0.2351;-0.8270,0.4694,-0.8037;-1.8468,1.2312,-1.5890;-1.0507,-0.8352,-0.6779;-0.1941,-1.5717,0.0123;-0.4214,-2.9308,0.1422;-1.4397,-3.6989,-0.3452;-2.5125,-3.1980,-1.0911;-3.4802,-4.0795,-1.5270;-4.9488,-3.4333,-2.5407;-3.3882,-5.4384,-1.2292;-2.3884,-5.9167,-0.5299;-1.4398,-5.0956,-0.0944;-0.3793,-5.6570,0.6571;0.5126,-6.0348,1.2731;0.9430,-1.0341,0.6215;2.2263,1.9943,1.3352;3.2331,0.8886,0.4022;2.6925,0.4235,2.0135;0.4307,2.1454,-0.3565;-1.5222,2.2528,-1.7628;-2.7910,1.2466,-1.0465;-2.0243,0.7396,-2.5429;0.2812,-3.4309,0.6736;-2.5535,-2.1423,-1.3052;-4.1322,-6.1478,-1.5600;1.6154,-1.6695,1.1781;</g>
	</geometry>
	<conformers/>
	<properties/>
</molecule>
