<?xml version="1.0" ?>
<!--MOLLI PACKAGE EXPERIMENTAL XML FORMAT-->
<molecule name="el139">
	<atoms>
		<a id="1" s="C" t="C.3" l="C"/>
		<a id="2" s="O" t="O.3" l="O"/>
		<a id="3" s="C" t="C.3" l="C"/>
		<a id="4" s="C" t="C.3" l="C"/>
		<a id="5" s="C" t="C.3" l="C"/>
		<a id="6" s="N" t="N.pl3" l="N"/>
		<a id="7" s="C" t="C.ar" l="C"/>
		<a id="8" s="C" t="C.ar" l="C"/>
		<a id="9" s="N" t="N.ar" l="N"/>
		<a id="10" s="C" t="C.ar" l="C"/>
		<a id="11" s="C" t="C.1" l="C"/>
		<a id="12" s="N" t="N.1" l="N"/>
		<a id="13" s="C" t="C.ar" l="C"/>
		<a id="14" s="Br" t="Br" l="BR"/>
		<a id="15" s="C" t="C.ar" l="C"/>
		<a id="16" s="N" t="N.am" l="N"/>
		<a id="17" s="C" t="C.2" l="C"/>
		<a id="18" s="O" t="O.2" l="O"/>
		<a id="19" s="O" t="O.3" l="O"/>
		<a id="20" s="C" t="C.3" l="C"/>
		<a id="21" s="C" t="C.3" l="C"/>
		<a id="22" s="C" t="C.3" l="C"/>
		<a id="23" s="C" t="C.3" l="C"/>
		<a id="24" s="H" t="H" l="H"/>
		<a id="25" s="H" t="H" l="H"/>
		<a id="26" s="H" t="H" l="H"/>
		<a id="27" s="H" t="H" l="H"/>
		<a id="28" s="H" t="H" l="H"/>
		<a id="29" s="H" t="H" l="H"/>
		<a id="30" s="H" t="H" l="H"/>
		<a id="31" s="H" t="H" l="H"/>
		<a id="32" s="H" t="H" l="H"/>
		<a id="33" s="H" t="H" l="H"/>
		<a id="34" s="H" t="H" l="H"/>
		<a id="35" s="H" t="H" l="H"/>
		<a id="36" s="H" t="H" l="H"/>
		<a id="37" s="H" t="H" l="H"/>
		<a id="38" s="H" t="H" l="H"/>
		<a id="39" s="H" t="H" l="H"/>
		<a id="40" s="H" t="H" l="H"/>
		<a id="41" s="H" t="H" l="H"/>
		<a id="42" s="H" t="H" l="H"/>
		<a id="43" s="H" t="H" l="H"/>
		<a id="44" s="H" t="H" l="H"/>
	</atoms>
	<bonds>
		<b id="1" c="1 2" t="1"/>
		<b id="2" c="2 3" t="1"/>
		<b id="3" c="3 4" t="1"/>
		<b id="4" c="4 5" t="1"/>
		<b id="5" c="5 6" t="1"/>
		<b id="6" c="6 7" t="1"/>
		<b id="7" c="7 8" t="ar"/>
		<b id="8" c="8 9" t="ar"/>
		<b id="9" c="9 10" t="ar"/>
		<b id="10" c="10 11" t="1"/>
		<b id="11" c="11 12" t="3"/>
		<b id="12" c="10 13" t="ar"/>
		<b id="13" c="13 14" t="1"/>
		<b id="14" c="13 15" t="ar"/>
		<b id="15" c="7 15" t="ar"/>
		<b id="16" c="4 16" t="1"/>
		<b id="17" c="16 17" t="am"/>
		<b id="18" c="17 18" t="2"/>
		<b id="19" c="17 19" t="1"/>
		<b id="20" c="19 20" t="1"/>
		<b id="21" c="20 21" t="1"/>
		<b id="22" c="20 22" t="1"/>
		<b id="23" c="20 23" t="1"/>
		<b id="24" c="1 24" t="1"/>
		<b id="25" c="1 25" t="1"/>
		<b id="26" c="1 26" t="1"/>
		<b id="27" c="3 27" t="1"/>
		<b id="28" c="3 28" t="1"/>
		<b id="29" c="4 29" t="1"/>
		<b id="30" c="5 30" t="1"/>
		<b id="31" c="5 31" t="1"/>
		<b id="32" c="6 32" t="1"/>
		<b id="33" c="8 33" t="1"/>
		<b id="34" c="15 34" t="1"/>
		<b id="35" c="16 35" t="1"/>
		<b id="36" c="21 36" t="1"/>
		<b id="37" c="21 37" t="1"/>
		<b id="38" c="21 38" t="1"/>
		<b id="39" c="22 39" t="1"/>
		<b id="40" c="22 40" t="1"/>
		<b id="41" c="22 41" t="1"/>
		<b id="42" c="23 42" t="1"/>
		<b id="43" c="23 43" t="1"/>
		<b id="44" c="23 44" t="1"/>
	</bonds>
	<geometry>
		<g u="A" t="cart/3d">#44,3:0.4789,0.1525,0.0527;1.8746,-0.0153,0.1107;2.2663,-1.2719,0.5997;3.7925,-1.3552,0.5216;4.4427,-0.3024,1.4229;5.8566,-0.2363,1.1511;6.7082,0.5985,1.7776;6.3224,1.4282,2.8540;7.1406,2.2328,3.4792;8.4175,2.3082,3.1117;9.2506,3.2058,3.8223;9.9387,3.9307,4.3835;8.9059,1.5277,2.0528;10.7320,1.6399,1.5260;8.0558,0.6722,1.3876;4.2455,-2.6891,0.8428;5.3227,-3.2432,0.2271;5.9767,-2.6528,-0.6025;5.5207,-4.4806,0.6800;6.5232,-5.3405,0.0695;7.9167,-4.7263,0.1890;6.4356,-6.6348,0.8759;6.1546,-5.5893,-1.3923;0.3057,1.1358,-0.3758;0.0304,0.1036,1.0510;0.0136,-0.6093,-0.5823;1.8245,-2.0771,-0.0085;1.9285,-1.4031,1.6415;4.0947,-1.1576,-0.5137;4.2762,-0.5691,2.4746;3.9592,0.6617,1.2239;6.1911,-0.7756,0.3637;5.3053,1.4358,3.2170;8.4129,0.0651,0.5696;3.8090,-3.1967,1.5949;8.1210,-4.4514,1.2222;7.9963,-3.8396,-0.4344;8.6587,-5.4505,-0.1344;6.7273,-6.4550,1.9071;7.0938,-7.3849,0.4464;5.4159,-7.0114,0.8658;6.1709,-4.6555,-1.9485;5.1578,-6.0200,-1.4587;6.8673,-6.2764,-1.8373;</g>
	</geometry>
	<conformers/>
	<properties/>
</molecule>
