<?xml version="1.0" ?>
<!--MOLLI PACKAGE EXPERIMENTAL XML FORMAT-->
<molecule name="el140">
	<atoms>
		<a id="1" s="Br" t="Br" l="BR"/>
		<a id="2" s="C" t="C.ar" l="C"/>
		<a id="3" s="C" t="C.ar" l="C"/>
		<a id="4" s="C" t="C.ar" l="C"/>
		<a id="5" s="C" t="C.ar" l="C"/>
		<a id="6" s="C" t="C.ar" l="C"/>
		<a id="7" s="C" t="C.ar" l="C"/>
		<a id="8" s="C" t="C.ar" l="C"/>
		<a id="9" s="C" t="C.ar" l="C"/>
		<a id="10" s="C" t="C.ar" l="C"/>
		<a id="11" s="C" t="C.ar" l="C"/>
		<a id="12" s="C" t="C.ar" l="C"/>
		<a id="13" s="C" t="C.ar" l="C"/>
		<a id="14" s="C" t="C.ar" l="C"/>
		<a id="15" s="C" t="C.ar" l="C"/>
		<a id="16" s="C" t="C.ar" l="C"/>
		<a id="17" s="C" t="C.ar" l="C"/>
		<a id="18" s="C" t="C.ar" l="C"/>
		<a id="19" s="C" t="C.ar" l="C"/>
		<a id="20" s="C" t="C.ar" l="C"/>
		<a id="21" s="C" t="C.ar" l="C"/>
		<a id="22" s="H" t="H" l="H"/>
		<a id="23" s="H" t="H" l="H"/>
		<a id="24" s="H" t="H" l="H"/>
		<a id="25" s="H" t="H" l="H"/>
		<a id="26" s="H" t="H" l="H"/>
		<a id="27" s="H" t="H" l="H"/>
		<a id="28" s="H" t="H" l="H"/>
		<a id="29" s="H" t="H" l="H"/>
		<a id="30" s="H" t="H" l="H"/>
		<a id="31" s="H" t="H" l="H"/>
		<a id="32" s="H" t="H" l="H"/>
		<a id="33" s="H" t="H" l="H"/>
		<a id="34" s="H" t="H" l="H"/>
	</atoms>
	<bonds>
		<b id="1" c="1 2" t="1"/>
		<b id="2" c="2 3" t="ar"/>
		<b id="3" c="3 4" t="ar"/>
		<b id="4" c="4 5" t="ar"/>
		<b id="5" c="5 6" t="ar"/>
		<b id="6" c="6 7" t="ar"/>
		<b id="7" c="2 7" t="ar"/>
		<b id="8" c="7 8" t="1"/>
		<b id="9" c="8 9" t="ar"/>
		<b id="10" c="9 10" t="ar"/>
		<b id="11" c="10 11" t="ar"/>
		<b id="12" c="11 12" t="ar"/>
		<b id="13" c="12 13" t="ar"/>
		<b id="14" c="13 14" t="ar"/>
		<b id="15" c="14 15" t="ar"/>
		<b id="16" c="10 15" t="ar"/>
		<b id="17" c="15 16" t="ar"/>
		<b id="18" c="16 17" t="ar"/>
		<b id="19" c="17 18" t="ar"/>
		<b id="20" c="18 19" t="ar"/>
		<b id="21" c="19 20" t="ar"/>
		<b id="22" c="20 21" t="ar"/>
		<b id="23" c="8 21" t="ar"/>
		<b id="24" c="16 21" t="ar"/>
		<b id="25" c="3 22" t="1"/>
		<b id="26" c="4 23" t="1"/>
		<b id="27" c="5 24" t="1"/>
		<b id="28" c="6 25" t="1"/>
		<b id="29" c="9 26" t="1"/>
		<b id="30" c="11 27" t="1"/>
		<b id="31" c="12 28" t="1"/>
		<b id="32" c="13 29" t="1"/>
		<b id="33" c="14 30" t="1"/>
		<b id="34" c="17 31" t="1"/>
		<b id="35" c="18 32" t="1"/>
		<b id="36" c="19 33" t="1"/>
		<b id="37" c="20 34" t="1"/>
	</bonds>
	<geometry>
		<g u="A" t="cart/3d">#34,3:3.2413,2.6895,-0.0874;2.2080,1.0820,-0.1418;2.8773,-0.1285,-0.1982;2.1527,-1.3063,-0.2212;0.7684,-1.2669,-0.1881;0.1120,-0.0514,-0.1305;0.8192,1.1479,-0.1053;0.0975,2.4361,-0.0661;0.1296,3.2564,-1.1476;-0.5727,4.4908,-1.1701;-0.5229,5.3128,-2.3076;-1.2029,6.5021,-2.3450;-1.9556,6.8998,-1.2394;-2.0166,6.1114,-0.1167;-1.3298,4.8889,-0.0441;-1.3571,4.0330,1.1176;-2.0662,4.3650,2.2834;-2.0660,3.5448,3.3840;-1.3445,2.3521,3.3706;-0.6426,1.9959,2.2481;-0.6409,2.8116,1.1043;3.9560,-0.1448,-0.2198;2.6717,-2.2515,-0.2642;0.1995,-2.1842,-0.2074;-0.9674,-0.0140,-0.1066;0.6890,2.9726,-2.0288;0.0653,4.9898,-3.1547;-1.1601,7.1308,-3.2220;-2.4933,7.8363,-1.2680;-2.6076,6.4512,0.7189;-2.6242,5.2865,2.3285;-2.6204,3.8267,4.2671;-1.3370,1.7148,4.2424;-0.0744,1.0770,2.2388;</g>
	</geometry>
	<conformers/>
	<properties/>
</molecule>
