<?xml version="1.0" ?>
<!--MOLLI PACKAGE EXPERIMENTAL XML FORMAT-->
<molecule name="el15">
	<atoms>
		<a id="1" s="Br" t="Br" l="BR"/>
		<a id="2" s="C" t="C.ar" l="C"/>
		<a id="3" s="C" t="C.ar" l="C"/>
		<a id="4" s="C" t="C.ar" l="C"/>
		<a id="5" s="C" t="C.ar" l="C"/>
		<a id="6" s="C" t="C.ar" l="C"/>
		<a id="7" s="C" t="C.ar" l="C"/>
		<a id="8" s="C" t="C.ar" l="C"/>
		<a id="9" s="C" t="C.ar" l="C"/>
		<a id="10" s="N" t="N.ar" l="N"/>
		<a id="11" s="C" t="C.ar" l="C"/>
		<a id="12" s="H" t="H" l="H"/>
		<a id="13" s="H" t="H" l="H"/>
		<a id="14" s="H" t="H" l="H"/>
		<a id="15" s="H" t="H" l="H"/>
		<a id="16" s="H" t="H" l="H"/>
		<a id="17" s="H" t="H" l="H"/>
	</atoms>
	<bonds>
		<b id="1" c="1 2" t="1"/>
		<b id="2" c="2 3" t="ar"/>
		<b id="3" c="3 4" t="ar"/>
		<b id="4" c="4 5" t="ar"/>
		<b id="5" c="5 6" t="ar"/>
		<b id="6" c="6 7" t="ar"/>
		<b id="7" c="7 8" t="ar"/>
		<b id="8" c="8 9" t="ar"/>
		<b id="9" c="9 10" t="ar"/>
		<b id="10" c="10 11" t="ar"/>
		<b id="11" c="2 11" t="ar"/>
		<b id="12" c="6 11" t="ar"/>
		<b id="13" c="3 12" t="1"/>
		<b id="14" c="4 13" t="1"/>
		<b id="15" c="5 14" t="1"/>
		<b id="16" c="7 15" t="1"/>
		<b id="17" c="8 16" t="1"/>
		<b id="18" c="9 17" t="1"/>
	</bonds>
	<geometry>
		<g u="A" t="cart/3d">#17,3:1.0499,0.1521,0.0876;2.9396,0.0512,0.0864;3.5740,-1.1607,0.1059;4.9759,-1.2138,0.1047;5.7197,-0.0662,0.0843;5.0867,1.1924,0.0639;5.7842,2.4187,0.0418;5.0820,3.5928,0.0224;3.6761,3.5388,0.0252;2.9986,2.4271,0.0455;3.6659,1.2624,0.0647;2.9990,-2.0738,0.1222;5.4597,-2.1786,0.1203;6.7993,-0.1055,0.0835;6.8655,2.4089,0.0406;5.5839,4.5477,0.0052;3.0897,4.4480,0.0103;</g>
	</geometry>
	<conformers/>
	<properties/>
</molecule>
