<?xml version="1.0" ?>
<!--MOLLI PACKAGE EXPERIMENTAL XML FORMAT-->
<molecule name="el142">
	<atoms>
		<a id="1" s="Br" t="Br" l="BR"/>
		<a id="2" s="C" t="C.ar" l="C"/>
		<a id="3" s="C" t="C.ar" l="C"/>
		<a id="4" s="C" t="C.ar" l="C"/>
		<a id="5" s="C" t="C.ar" l="C"/>
		<a id="6" s="C" t="C.3" l="C"/>
		<a id="7" s="N" t="N.3" l="N"/>
		<a id="8" s="C" t="C.3" l="C"/>
		<a id="9" s="C" t="C.3" l="C"/>
		<a id="10" s="C" t="C.3" l="C"/>
		<a id="11" s="C" t="C.3" l="C"/>
		<a id="12" s="C" t="C.3" l="C"/>
		<a id="13" s="C" t="C.ar" l="C"/>
		<a id="14" s="C" t="C.ar" l="C"/>
		<a id="15" s="H" t="H" l="H"/>
		<a id="16" s="H" t="H" l="H"/>
		<a id="17" s="H" t="H" l="H"/>
		<a id="18" s="H" t="H" l="H"/>
		<a id="19" s="H" t="H" l="H"/>
		<a id="20" s="H" t="H" l="H"/>
		<a id="21" s="H" t="H" l="H"/>
		<a id="22" s="H" t="H" l="H"/>
		<a id="23" s="H" t="H" l="H"/>
		<a id="24" s="H" t="H" l="H"/>
		<a id="25" s="H" t="H" l="H"/>
		<a id="26" s="H" t="H" l="H"/>
		<a id="27" s="H" t="H" l="H"/>
		<a id="28" s="H" t="H" l="H"/>
		<a id="29" s="H" t="H" l="H"/>
		<a id="30" s="H" t="H" l="H"/>
	</atoms>
	<bonds>
		<b id="1" c="1 2" t="1"/>
		<b id="2" c="2 3" t="ar"/>
		<b id="3" c="3 4" t="ar"/>
		<b id="4" c="4 5" t="ar"/>
		<b id="5" c="5 6" t="1"/>
		<b id="6" c="6 7" t="1"/>
		<b id="7" c="7 8" t="1"/>
		<b id="8" c="8 9" t="1"/>
		<b id="9" c="9 10" t="1"/>
		<b id="10" c="10 11" t="1"/>
		<b id="11" c="11 12" t="1"/>
		<b id="12" c="7 12" t="1"/>
		<b id="13" c="5 13" t="ar"/>
		<b id="14" c="13 14" t="ar"/>
		<b id="15" c="2 14" t="ar"/>
		<b id="16" c="3 15" t="1"/>
		<b id="17" c="4 16" t="1"/>
		<b id="18" c="6 17" t="1"/>
		<b id="19" c="6 18" t="1"/>
		<b id="20" c="8 19" t="1"/>
		<b id="21" c="8 20" t="1"/>
		<b id="22" c="9 21" t="1"/>
		<b id="23" c="9 22" t="1"/>
		<b id="24" c="10 23" t="1"/>
		<b id="25" c="10 24" t="1"/>
		<b id="26" c="11 25" t="1"/>
		<b id="27" c="11 26" t="1"/>
		<b id="28" c="12 27" t="1"/>
		<b id="29" c="12 28" t="1"/>
		<b id="30" c="13 29" t="1"/>
		<b id="31" c="14 30" t="1"/>
	</bonds>
	<geometry>
		<g u="A" t="cart/3d">#30,3:6.3816,3.4788,4.6081;5.7043,2.3799,3.2031;6.5903,1.7557,2.3409;6.0915,0.9600,1.3278;4.7212,0.7798,1.1717;4.2126,-0.0970,0.0608;4.9326,-1.3573,0.0274;4.6397,-2.1687,1.1959;5.5484,-3.3922,1.2280;5.3490,-4.2204,-0.0361;5.5856,-3.3299,-1.2505;4.6765,-2.1063,-1.1886;3.8539,1.4151,2.0495;4.3377,2.2192,3.0671;7.6540,1.8926,2.4625;6.7637,0.4566,0.6508;4.3869,0.4116,-0.8940;3.1219,-0.2448,0.1680;3.5817,-2.4943,1.1981;4.8066,-1.5581,2.0870;5.3290,-3.9856,2.1171;6.5854,-3.0577,1.2838;4.3280,-4.6097,-0.0609;6.0342,-5.0697,-0.0478;5.3939,-3.8787,-2.1742;6.6240,-2.9954,-1.2567;3.6197,-2.4294,-1.2482;4.8784,-1.4543,-2.0431;2.7869,1.2828,1.9429;3.6603,2.7105,3.7487;</g>
	</geometry>
	<conformers/>
	<properties/>
</molecule>
