<?xml version="1.0" ?>
<!--MOLLI PACKAGE EXPERIMENTAL XML FORMAT-->
<molecule name="el143">
	<atoms>
		<a id="1" s="C" t="C.3" l="C"/>
		<a id="2" s="N" t="N.3" l="N"/>
		<a id="3" s="C" t="C.3" l="C"/>
		<a id="4" s="C" t="C.3" l="C"/>
		<a id="5" s="C" t="C.ar" l="C"/>
		<a id="6" s="C" t="C.ar" l="C"/>
		<a id="7" s="C" t="C.ar" l="C"/>
		<a id="8" s="C" t="C.ar" l="C"/>
		<a id="9" s="Br" t="Br" l="BR"/>
		<a id="10" s="C" t="C.ar" l="C"/>
		<a id="11" s="C" t="C.ar" l="C"/>
		<a id="12" s="H" t="H" l="H"/>
		<a id="13" s="H" t="H" l="H"/>
		<a id="14" s="H" t="H" l="H"/>
		<a id="15" s="H" t="H" l="H"/>
		<a id="16" s="H" t="H" l="H"/>
		<a id="17" s="H" t="H" l="H"/>
		<a id="18" s="H" t="H" l="H"/>
		<a id="19" s="H" t="H" l="H"/>
		<a id="20" s="H" t="H" l="H"/>
		<a id="21" s="H" t="H" l="H"/>
		<a id="22" s="H" t="H" l="H"/>
		<a id="23" s="H" t="H" l="H"/>
	</atoms>
	<bonds>
		<b id="1" c="1 2" t="1"/>
		<b id="2" c="2 3" t="1"/>
		<b id="3" c="2 4" t="1"/>
		<b id="4" c="4 5" t="1"/>
		<b id="5" c="5 6" t="ar"/>
		<b id="6" c="6 7" t="ar"/>
		<b id="7" c="7 8" t="ar"/>
		<b id="8" c="8 9" t="1"/>
		<b id="9" c="8 10" t="ar"/>
		<b id="10" c="10 11" t="ar"/>
		<b id="11" c="5 11" t="ar"/>
		<b id="12" c="1 12" t="1"/>
		<b id="13" c="1 13" t="1"/>
		<b id="14" c="1 14" t="1"/>
		<b id="15" c="3 15" t="1"/>
		<b id="16" c="3 16" t="1"/>
		<b id="17" c="3 17" t="1"/>
		<b id="18" c="4 18" t="1"/>
		<b id="19" c="4 19" t="1"/>
		<b id="20" c="6 20" t="1"/>
		<b id="21" c="7 21" t="1"/>
		<b id="22" c="10 22" t="1"/>
		<b id="23" c="11 23" t="1"/>
	</bonds>
	<geometry>
		<g u="A" t="cart/3d">#23,3:2.8454,0.3655,1.2641;2.5465,0.0019,-0.1053;1.1398,-0.2892,-0.2774;3.0034,1.0253,-1.0322;4.5058,1.0763,-1.0762;5.2244,-0.1058,-1.2201;6.6048,-0.0943,-1.2689;7.2702,1.1167,-1.1764;9.1767,1.1452,-1.2445;6.5787,2.3056,-1.0331;5.1957,2.2768,-0.9812;2.5675,-0.4576,1.9202;2.3068,1.2708,1.5878;3.9151,0.5438,1.3624;0.8559,-1.0796,0.4159;0.9671,-0.6415,-1.2935;0.4951,0.5849,-0.0931;2.5991,2.0223,-0.7788;2.6353,0.7593,-2.0289;4.6862,-1.0387,-1.2810;7.1607,-1.0128,-1.3791;7.1122,3.2408,-0.9587;4.6526,3.2035,-0.8650;</g>
	</geometry>
	<conformers/>
	<properties/>
</molecule>
