<?xml version="1.0" ?>
<!--MOLLI PACKAGE EXPERIMENTAL XML FORMAT-->
<molecule name="el146">
	<atoms>
		<a id="1" s="O" t="O.3" l="O"/>
		<a id="2" s="C" t="C.3" l="C"/>
		<a id="3" s="C" t="C.3" l="C"/>
		<a id="4" s="C" t="C.3" l="C"/>
		<a id="5" s="N" t="N.3" l="N"/>
		<a id="6" s="C" t="C.3" l="C"/>
		<a id="7" s="C" t="C.ar" l="C"/>
		<a id="8" s="C" t="C.ar" l="C"/>
		<a id="9" s="C" t="C.ar" l="C"/>
		<a id="10" s="C" t="C.ar" l="C"/>
		<a id="11" s="Br" t="Br" l="BR"/>
		<a id="12" s="C" t="C.ar" l="C"/>
		<a id="13" s="C" t="C.ar" l="C"/>
		<a id="14" s="C" t="C.3" l="C"/>
		<a id="15" s="C" t="C.3" l="C"/>
		<a id="16" s="H" t="H" l="H"/>
		<a id="17" s="H" t="H" l="H"/>
		<a id="18" s="H" t="H" l="H"/>
		<a id="19" s="H" t="H" l="H"/>
		<a id="20" s="H" t="H" l="H"/>
		<a id="21" s="H" t="H" l="H"/>
		<a id="22" s="H" t="H" l="H"/>
		<a id="23" s="H" t="H" l="H"/>
		<a id="24" s="H" t="H" l="H"/>
		<a id="25" s="H" t="H" l="H"/>
		<a id="26" s="H" t="H" l="H"/>
		<a id="27" s="H" t="H" l="H"/>
		<a id="28" s="H" t="H" l="H"/>
		<a id="29" s="H" t="H" l="H"/>
		<a id="30" s="H" t="H" l="H"/>
		<a id="31" s="H" t="H" l="H"/>
	</atoms>
	<bonds>
		<b id="1" c="1 2" t="1"/>
		<b id="2" c="2 3" t="1"/>
		<b id="3" c="3 4" t="1"/>
		<b id="4" c="4 5" t="1"/>
		<b id="5" c="5 6" t="1"/>
		<b id="6" c="6 7" t="1"/>
		<b id="7" c="7 8" t="ar"/>
		<b id="8" c="8 9" t="ar"/>
		<b id="9" c="9 10" t="ar"/>
		<b id="10" c="10 11" t="1"/>
		<b id="11" c="10 12" t="ar"/>
		<b id="12" c="12 13" t="ar"/>
		<b id="13" c="7 13" t="ar"/>
		<b id="14" c="5 14" t="1"/>
		<b id="15" c="14 15" t="1"/>
		<b id="16" c="2 15" t="1"/>
		<b id="17" c="1 16" t="1"/>
		<b id="18" c="2 17" t="1"/>
		<b id="19" c="3 18" t="1"/>
		<b id="20" c="3 19" t="1"/>
		<b id="21" c="4 20" t="1"/>
		<b id="22" c="4 21" t="1"/>
		<b id="23" c="6 22" t="1"/>
		<b id="24" c="6 23" t="1"/>
		<b id="25" c="8 24" t="1"/>
		<b id="26" c="9 25" t="1"/>
		<b id="27" c="12 26" t="1"/>
		<b id="28" c="13 27" t="1"/>
		<b id="29" c="14 28" t="1"/>
		<b id="30" c="14 29" t="1"/>
		<b id="31" c="15 30" t="1"/>
		<b id="32" c="15 31" t="1"/>
	</bonds>
	<geometry>
		<g u="A" t="cart/3d">#31,3:-1.8559,-0.3303,0.4043;-1.0483,-0.1186,-0.7358;-0.3014,1.2174,-0.6766;0.6969,1.2122,0.4759;1.6525,0.1330,0.3010;2.7233,0.2126,1.2788;3.5982,1.4089,1.0240;4.0022,2.2436,2.0569;4.8177,3.3344,1.8098;5.2242,3.5884,0.5126;6.3452,5.0918,0.1610;4.8317,2.7728,-0.5355;4.0216,1.6853,-0.2717;0.9691,-1.1480,0.3427;-0.0260,-1.2518,-0.8083;-2.4493,0.4211,0.5075;-1.6824,-0.1415,-1.6393;-1.0068,2.0424,-0.5480;0.2323,1.3626,-1.6160;0.1510,1.1069,1.4316;1.2426,2.1591,0.4954;3.3335,-0.6918,1.1774;2.3380,0.2421,2.3145;3.6786,2.0443,3.0683;5.1300,3.9809,2.6155;5.1583,2.9868,-1.5417;3.6973,1.0408,-1.0736;0.4287,-1.2868,1.2944;1.7150,-1.9417,0.2492;-0.5448,-2.2087,-0.7535;0.5040,-1.1858,-1.7584;</g>
	</geometry>
	<conformers/>
	<properties/>
</molecule>
