<?xml version="1.0" ?>
<!--MOLLI PACKAGE EXPERIMENTAL XML FORMAT-->
<molecule name="el149">
	<atoms>
		<a id="1" s="N" t="N.1" l="N"/>
		<a id="2" s="C" t="C.1" l="C"/>
		<a id="3" s="C" t="C.ar" l="C"/>
		<a id="4" s="C" t="C.ar" l="C"/>
		<a id="5" s="C" t="C.ar" l="C"/>
		<a id="6" s="N" t="N.ar" l="N"/>
		<a id="7" s="C" t="C.ar" l="C"/>
		<a id="8" s="Br" t="Br" l="BR"/>
		<a id="9" s="C" t="C.ar" l="C"/>
		<a id="10" s="H" t="H" l="H"/>
		<a id="11" s="H" t="H" l="H"/>
		<a id="12" s="H" t="H" l="H"/>
	</atoms>
	<bonds>
		<b id="1" c="1 2" t="3"/>
		<b id="2" c="2 3" t="1"/>
		<b id="3" c="3 4" t="ar"/>
		<b id="4" c="4 5" t="ar"/>
		<b id="5" c="5 6" t="ar"/>
		<b id="6" c="6 7" t="ar"/>
		<b id="7" c="7 8" t="1"/>
		<b id="8" c="7 9" t="ar"/>
		<b id="9" c="3 9" t="ar"/>
		<b id="10" c="4 10" t="1"/>
		<b id="11" c="5 11" t="1"/>
		<b id="12" c="9 12" t="1"/>
	</bonds>
	<geometry>
		<g u="A" t="cart/3d">#12,3:1.1263,-0.0847,0.1439;2.2677,-0.1074,0.0609;3.6820,-0.1265,-0.0442;4.4050,1.0692,-0.0825;5.7835,0.9885,-0.1865;6.4343,-0.1598,-0.2499;5.7433,-1.2762,-0.2127;6.7545,-2.8788,-0.3095;4.3617,-1.3414,-0.1105;3.8996,2.0203,-0.0324;6.4016,1.8746,-0.2209;3.8399,-2.2850,-0.0837;</g>
	</geometry>
	<conformers/>
	<properties/>
</molecule>
