<?xml version="1.0" ?>
<!--MOLLI PACKAGE EXPERIMENTAL XML FORMAT-->
<molecule name="el16">
	<atoms>
		<a id="1" s="F" t="F" l="F"/>
		<a id="2" s="C" t="C.ar" l="C"/>
		<a id="3" s="C" t="C.ar" l="C"/>
		<a id="4" s="C" t="C.ar" l="C"/>
		<a id="5" s="C" t="C.ar" l="C"/>
		<a id="6" s="C" t="C.ar" l="C"/>
		<a id="7" s="C" t="C.ar" l="C"/>
		<a id="8" s="C" t="C.ar" l="C"/>
		<a id="9" s="C" t="C.ar" l="C"/>
		<a id="10" s="C" t="C.ar" l="C"/>
		<a id="11" s="C" t="C.ar" l="C"/>
		<a id="12" s="C" t="C.ar" l="C"/>
		<a id="13" s="C" t="C.ar" l="C"/>
		<a id="14" s="Br" t="Br" l="BR"/>
		<a id="15" s="C" t="C.ar" l="C"/>
		<a id="16" s="N" t="N.ar" l="N"/>
		<a id="17" s="C" t="C.ar" l="C"/>
		<a id="18" s="C" t="C.ar" l="C"/>
		<a id="19" s="H" t="H" l="H"/>
		<a id="20" s="H" t="H" l="H"/>
		<a id="21" s="H" t="H" l="H"/>
		<a id="22" s="H" t="H" l="H"/>
		<a id="23" s="H" t="H" l="H"/>
		<a id="24" s="H" t="H" l="H"/>
		<a id="25" s="H" t="H" l="H"/>
		<a id="26" s="H" t="H" l="H"/>
		<a id="27" s="H" t="H" l="H"/>
	</atoms>
	<bonds>
		<b id="1" c="1 2" t="1"/>
		<b id="2" c="2 3" t="ar"/>
		<b id="3" c="3 4" t="ar"/>
		<b id="4" c="4 5" t="ar"/>
		<b id="5" c="5 6" t="1"/>
		<b id="6" c="6 7" t="ar"/>
		<b id="7" c="7 8" t="ar"/>
		<b id="8" c="8 9" t="ar"/>
		<b id="9" c="9 10" t="ar"/>
		<b id="10" c="10 11" t="ar"/>
		<b id="11" c="11 12" t="ar"/>
		<b id="12" c="12 13" t="ar"/>
		<b id="13" c="13 14" t="1"/>
		<b id="14" c="13 15" t="ar"/>
		<b id="15" c="9 15" t="ar"/>
		<b id="16" c="15 16" t="ar"/>
		<b id="17" c="6 16" t="ar"/>
		<b id="18" c="5 17" t="ar"/>
		<b id="19" c="17 18" t="ar"/>
		<b id="20" c="2 18" t="ar"/>
		<b id="21" c="3 19" t="1"/>
		<b id="22" c="4 20" t="1"/>
		<b id="23" c="7 21" t="1"/>
		<b id="24" c="8 22" t="1"/>
		<b id="25" c="10 23" t="1"/>
		<b id="26" c="11 24" t="1"/>
		<b id="27" c="12 25" t="1"/>
		<b id="28" c="17 26" t="1"/>
		<b id="29" c="18 27" t="1"/>
	</bonds>
	<geometry>
		<g u="A" t="cart/3d">#27,3:2.1277,-0.1257,0.2643;0.7831,-0.0715,0.1801;0.1968,0.9876,-0.4899;-1.1807,1.0356,-0.5864;-1.9672,0.0362,-0.0156;-3.4323,0.0554,-0.1017;-4.1147,0.7135,-1.1554;-5.4800,0.6980,-1.1829;-6.1957,0.0311,-0.1653;-7.6001,-0.0317,-0.1005;-8.2151,-0.7096,0.9170;-7.4613,-1.3566,1.9076;-6.0954,-1.3087,1.8604;-5.0450,-2.1762,3.1737;-5.4170,-0.6150,0.8336;-4.0804,-0.5899,0.8401;-1.3464,-1.0076,0.6728;0.0286,-1.0709,0.7699;0.8168,1.7573,-0.9220;-1.6401,1.8735,-1.0883;-3.5559,1.1988,-1.9396;-6.0278,1.1854,-1.9776;-8.1800,0.4638,-0.8654;-9.2921,-0.7567,0.9692;-7.9595,-1.8906,2.7023;-1.9635,-1.7656,1.1283;0.5197,-1.8763,1.2927;</g>
	</geometry>
	<conformers/>
	<properties/>
</molecule>
