<?xml version="1.0" ?>
<!--MOLLI PACKAGE EXPERIMENTAL XML FORMAT-->
<molecule name="el155">
	<atoms>
		<a id="1" s="N" t="N.1" l="N"/>
		<a id="2" s="C" t="C.1" l="C"/>
		<a id="3" s="C" t="C.ar" l="C"/>
		<a id="4" s="C" t="C.ar" l="C"/>
		<a id="5" s="C" t="C.ar" l="C"/>
		<a id="6" s="C" t="C.ar" l="C"/>
		<a id="7" s="C" t="C.ar" l="C"/>
		<a id="8" s="C" t="C.ar" l="C"/>
		<a id="9" s="Br" t="Br" l="BR"/>
		<a id="10" s="C" t="C.ar" l="C"/>
		<a id="11" s="C" t="C.ar" l="C"/>
		<a id="12" s="C" t="C.ar" l="C"/>
		<a id="13" s="C" t="C.ar" l="C"/>
		<a id="14" s="H" t="H" l="H"/>
		<a id="15" s="H" t="H" l="H"/>
		<a id="16" s="H" t="H" l="H"/>
		<a id="17" s="H" t="H" l="H"/>
		<a id="18" s="H" t="H" l="H"/>
		<a id="19" s="H" t="H" l="H"/>
	</atoms>
	<bonds>
		<b id="1" c="1 2" t="3"/>
		<b id="2" c="2 3" t="1"/>
		<b id="3" c="3 4" t="ar"/>
		<b id="4" c="4 5" t="ar"/>
		<b id="5" c="5 6" t="ar"/>
		<b id="6" c="6 7" t="ar"/>
		<b id="7" c="7 8" t="ar"/>
		<b id="8" c="8 9" t="1"/>
		<b id="9" c="8 10" t="ar"/>
		<b id="10" c="10 11" t="ar"/>
		<b id="11" c="11 12" t="ar"/>
		<b id="12" c="6 12" t="ar"/>
		<b id="13" c="12 13" t="ar"/>
		<b id="14" c="3 13" t="ar"/>
		<b id="15" c="4 14" t="1"/>
		<b id="16" c="5 15" t="1"/>
		<b id="17" c="7 16" t="1"/>
		<b id="18" c="10 17" t="1"/>
		<b id="19" c="11 18" t="1"/>
		<b id="20" c="13 19" t="1"/>
	</bonds>
	<geometry>
		<g u="A" t="cart/3d">#19,3:1.1195,-0.0652,0.0797;2.2653,-0.0685,0.0468;3.6791,-0.0665,-0.0012;4.3697,1.1674,-0.0128;5.7323,1.1838,-0.0637;6.4703,-0.0199,-0.1072;7.8780,-0.0223,-0.1665;8.5534,-1.2102,-0.2112;10.4573,-1.2120,-0.2964;7.8813,-2.4429,-0.1968;6.5176,-2.4617,-0.1381;5.7763,-1.2603,-0.0935;4.3711,-1.2571,-0.0389;3.8016,2.0850,0.0187;6.2678,2.1215,-0.0730;8.4096,0.9173,-0.1776;8.4504,-3.3589,-0.2327;5.9870,-3.4021,-0.1262;3.8374,-2.1967,-0.0285;</g>
	</geometry>
	<conformers/>
	<properties/>
</molecule>
