<?xml version="1.0" ?>
<!--MOLLI PACKAGE EXPERIMENTAL XML FORMAT-->
<molecule name="el159">
	<atoms>
		<a id="1" s="C" t="C.3" l="C"/>
		<a id="2" s="O" t="O.3" l="O"/>
		<a id="3" s="C" t="C.2" l="C"/>
		<a id="4" s="O" t="O.2" l="O"/>
		<a id="5" s="C" t="C.ar" l="C"/>
		<a id="6" s="S" t="S.2" l="S"/>
		<a id="7" s="C" t="C.ar" l="C"/>
		<a id="8" s="C" t="C.1" l="C"/>
		<a id="9" s="C" t="C.1" l="C"/>
		<a id="10" s="C" t="C.3" l="C"/>
		<a id="11" s="C" t="C.3" l="C"/>
		<a id="12" s="C" t="C.3" l="C"/>
		<a id="13" s="C" t="C.3" l="C"/>
		<a id="14" s="C" t="C.ar" l="C"/>
		<a id="15" s="C" t="C.ar" l="C"/>
		<a id="16" s="Br" t="Br" l="BR"/>
		<a id="17" s="H" t="H" l="H"/>
		<a id="18" s="H" t="H" l="H"/>
		<a id="19" s="H" t="H" l="H"/>
		<a id="20" s="H" t="H" l="H"/>
		<a id="21" s="H" t="H" l="H"/>
		<a id="22" s="H" t="H" l="H"/>
		<a id="23" s="H" t="H" l="H"/>
		<a id="24" s="H" t="H" l="H"/>
		<a id="25" s="H" t="H" l="H"/>
		<a id="26" s="H" t="H" l="H"/>
		<a id="27" s="H" t="H" l="H"/>
		<a id="28" s="H" t="H" l="H"/>
		<a id="29" s="H" t="H" l="H"/>
	</atoms>
	<bonds>
		<b id="1" c="1 2" t="1"/>
		<b id="2" c="2 3" t="1"/>
		<b id="3" c="3 4" t="2"/>
		<b id="4" c="3 5" t="1"/>
		<b id="5" c="5 6" t="ar"/>
		<b id="6" c="6 7" t="ar"/>
		<b id="7" c="7 8" t="1"/>
		<b id="8" c="8 9" t="3"/>
		<b id="9" c="9 10" t="1"/>
		<b id="10" c="10 11" t="1"/>
		<b id="11" c="10 12" t="1"/>
		<b id="12" c="10 13" t="1"/>
		<b id="13" c="7 14" t="ar"/>
		<b id="14" c="14 15" t="ar"/>
		<b id="15" c="5 15" t="ar"/>
		<b id="16" c="15 16" t="1"/>
		<b id="17" c="1 17" t="1"/>
		<b id="18" c="1 18" t="1"/>
		<b id="19" c="1 19" t="1"/>
		<b id="20" c="11 20" t="1"/>
		<b id="21" c="11 21" t="1"/>
		<b id="22" c="11 22" t="1"/>
		<b id="23" c="12 23" t="1"/>
		<b id="24" c="12 24" t="1"/>
		<b id="25" c="12 25" t="1"/>
		<b id="26" c="13 26" t="1"/>
		<b id="27" c="13 27" t="1"/>
		<b id="28" c="13 28" t="1"/>
		<b id="29" c="14 29" t="1"/>
	</bonds>
	<geometry>
		<g u="A" t="cart/3d">#29,3:1.0706,0.0504,-0.7844;2.4884,0.0505,-0.8000;3.0800,1.2160,-0.4775;2.4795,2.2198,-0.1854;4.5291,1.0866,-0.5288;5.2588,-0.4212,-0.9629;6.8494,0.2612,-0.7851;7.9860,-0.5156,-1.0169;8.9415,-1.2202,-1.2269;10.1004,-2.0579,-1.4827;10.4577,-1.9552,-2.9713;11.2723,-1.5705,-0.6228;9.7438,-3.5058,-1.1239;6.8004,1.5811,-0.4109;5.4832,2.0438,-0.2668;5.0826,3.8083,0.2361;0.7665,-0.9744,-0.9807;0.6830,0.7198,-1.5554;0.7018,0.3833,0.1881;10.6992,-0.9281,-3.2355;9.6224,-2.2815,-3.5870;11.3184,-2.5834,-3.1896;11.5194,-0.5390,-0.8636;12.1478,-2.1899,-0.8043;11.0193,-1.6259,0.4336;8.8975,-3.8476,-1.7157;9.4805,-3.5836,-0.0713;10.5926,-4.1569,-1.3200;7.6697,2.1911,-0.2464;</g>
	</geometry>
	<conformers/>
	<properties/>
</molecule>
