<?xml version="1.0" ?>
<!--MOLLI PACKAGE EXPERIMENTAL XML FORMAT-->
<molecule name="el160">
	<atoms>
		<a id="1" s="N" t="N.am" l="N"/>
		<a id="2" s="C" t="C.2" l="C"/>
		<a id="3" s="O" t="O.2" l="O"/>
		<a id="4" s="C" t="C.ar" l="C"/>
		<a id="5" s="C" t="C.ar" l="C"/>
		<a id="6" s="N" t="N.ar" l="N"/>
		<a id="7" s="C" t="C.ar" l="C"/>
		<a id="8" s="C" t="C.ar" l="C"/>
		<a id="9" s="Br" t="Br" l="BR"/>
		<a id="10" s="C" t="C.ar" l="C"/>
		<a id="11" s="H" t="H" l="H"/>
		<a id="12" s="H" t="H" l="H"/>
		<a id="13" s="H" t="H" l="H"/>
		<a id="14" s="H" t="H" l="H"/>
		<a id="15" s="H" t="H" l="H"/>
	</atoms>
	<bonds>
		<b id="1" c="1 2" t="am"/>
		<b id="2" c="2 3" t="2"/>
		<b id="3" c="2 4" t="1"/>
		<b id="4" c="4 5" t="ar"/>
		<b id="5" c="5 6" t="ar"/>
		<b id="6" c="6 7" t="ar"/>
		<b id="7" c="7 8" t="ar"/>
		<b id="8" c="8 9" t="1"/>
		<b id="9" c="8 10" t="ar"/>
		<b id="10" c="4 10" t="ar"/>
		<b id="11" c="1 11" t="1"/>
		<b id="12" c="1 12" t="1"/>
		<b id="13" c="5 13" t="1"/>
		<b id="14" c="7 14" t="1"/>
		<b id="15" c="10 15" t="1"/>
	</bonds>
	<geometry>
		<g u="A" t="cart/3d">#15,3:1.2283,-0.1479,0.1228;2.5469,0.1030,-0.0562;3.1169,-0.1004,-1.1041;3.2590,0.6479,1.1424;4.3621,1.4804,0.9485;5.0654,1.9965,1.9370;4.7267,1.7120,3.1787;3.6541,0.8821,3.4774;3.2193,0.4911,5.2874;2.9030,0.3346,2.4497;0.6974,-0.4774,-0.6665;0.7308,0.1380,0.9463;4.6785,1.7322,-0.0539;5.3333,2.1506,3.9590;2.0862,-0.3369,2.6720;</g>
	</geometry>
	<conformers/>
	<properties/>
</molecule>
