<?xml version="1.0" ?>
<!--MOLLI PACKAGE EXPERIMENTAL XML FORMAT-->
<molecule name="el162">
	<atoms>
		<a id="1" s="F" t="F" l="F"/>
		<a id="2" s="C" t="C.3" l="C"/>
		<a id="3" s="F" t="F" l="F"/>
		<a id="4" s="F" t="F" l="F"/>
		<a id="5" s="C" t="C.ar" l="C"/>
		<a id="6" s="C" t="C.ar" l="C"/>
		<a id="7" s="C" t="C.ar" l="C"/>
		<a id="8" s="C" t="C.ar" l="C"/>
		<a id="9" s="Br" t="Br" l="BR"/>
		<a id="10" s="C" t="C.ar" l="C"/>
		<a id="11" s="C" t="C.ar" l="C"/>
		<a id="12" s="H" t="H" l="H"/>
		<a id="13" s="H" t="H" l="H"/>
		<a id="14" s="H" t="H" l="H"/>
		<a id="15" s="H" t="H" l="H"/>
	</atoms>
	<bonds>
		<b id="1" c="1 2" t="1"/>
		<b id="2" c="2 3" t="1"/>
		<b id="3" c="2 4" t="1"/>
		<b id="4" c="2 5" t="1"/>
		<b id="5" c="5 6" t="ar"/>
		<b id="6" c="6 7" t="ar"/>
		<b id="7" c="7 8" t="ar"/>
		<b id="8" c="8 9" t="1"/>
		<b id="9" c="8 10" t="ar"/>
		<b id="10" c="10 11" t="ar"/>
		<b id="11" c="5 11" t="ar"/>
		<b id="12" c="6 12" t="1"/>
		<b id="13" c="7 13" t="1"/>
		<b id="14" c="10 14" t="1"/>
		<b id="15" c="11 15" t="1"/>
	</bonds>
	<geometry>
		<g u="A" t="cart/3d">#15,3:2.2362,1.3494,0.4302;2.3231,0.0905,-0.0140;3.1091,-0.5694,0.8557;1.0966,-0.4467,0.1136;2.8371,-0.0111,-1.4236;3.1855,1.1245,-2.1420;3.6562,0.9960,-3.4365;3.7720,-0.2674,-3.9939;4.4184,-0.4432,-5.7699;3.4261,-1.4064,-3.2826;2.9561,-1.2756,-1.9897;3.0896,2.1013,-1.6941;3.9308,1.8694,-4.0070;3.5236,-2.3810,-3.7346;2.6812,-2.1492,-1.4187;</g>
	</geometry>
	<conformers/>
	<properties/>
</molecule>
