<?xml version="1.0" ?>
<!--MOLLI PACKAGE EXPERIMENTAL XML FORMAT-->
<molecule name="el163">
	<atoms>
		<a id="1" s="C" t="C.3" l="C"/>
		<a id="2" s="O" t="O.3" l="O"/>
		<a id="3" s="C" t="C.2" l="C"/>
		<a id="4" s="O" t="O.2" l="O"/>
		<a id="5" s="C" t="C.ar" l="C"/>
		<a id="6" s="C" t="C.ar" l="C"/>
		<a id="7" s="C" t="C.ar" l="C"/>
		<a id="8" s="C" t="C.ar" l="C"/>
		<a id="9" s="Br" t="Br" l="BR"/>
		<a id="10" s="C" t="C.ar" l="C"/>
		<a id="11" s="C" t="C.ar" l="C"/>
		<a id="12" s="H" t="H" l="H"/>
		<a id="13" s="H" t="H" l="H"/>
		<a id="14" s="H" t="H" l="H"/>
		<a id="15" s="H" t="H" l="H"/>
		<a id="16" s="H" t="H" l="H"/>
		<a id="17" s="H" t="H" l="H"/>
		<a id="18" s="H" t="H" l="H"/>
	</atoms>
	<bonds>
		<b id="1" c="1 2" t="1"/>
		<b id="2" c="2 3" t="1"/>
		<b id="3" c="3 4" t="2"/>
		<b id="4" c="3 5" t="1"/>
		<b id="5" c="5 6" t="ar"/>
		<b id="6" c="6 7" t="ar"/>
		<b id="7" c="7 8" t="ar"/>
		<b id="8" c="8 9" t="1"/>
		<b id="9" c="8 10" t="ar"/>
		<b id="10" c="10 11" t="ar"/>
		<b id="11" c="5 11" t="ar"/>
		<b id="12" c="1 12" t="1"/>
		<b id="13" c="1 13" t="1"/>
		<b id="14" c="1 14" t="1"/>
		<b id="15" c="6 15" t="1"/>
		<b id="16" c="7 16" t="1"/>
		<b id="17" c="10 17" t="1"/>
		<b id="18" c="11 18" t="1"/>
	</bonds>
	<geometry>
		<g u="A" t="cart/3d">#18,3:1.2111,-0.6890,-1.1972;2.6289,-0.6574,-1.1264;3.2012,0.5323,-1.3586;2.5756,1.5293,-1.6216;4.6815,0.4799,-1.2572;5.3561,-0.6869,-0.9065;6.7347,-0.6891,-0.8165;7.4324,0.4797,-1.0798;9.3294,0.4757,-0.9545;6.7782,1.6500,-1.4322;5.4002,1.6446,-1.5186;0.9267,-1.7371,-1.1491;0.8673,-0.2368,-2.1297;0.7791,-0.1371,-0.3594;4.7980,-1.5869,-0.7039;7.2667,-1.5876,-0.5438;7.3410,2.5482,-1.6340;4.8595,2.5388,-1.7887;</g>
	</geometry>
	<conformers/>
	<properties/>
</molecule>
