<?xml version="1.0" ?>
<!--MOLLI PACKAGE EXPERIMENTAL XML FORMAT-->
<molecule name="el165">
	<atoms>
		<a id="1" s="Br" t="Br" l="BR"/>
		<a id="2" s="C" t="C.ar" l="C"/>
		<a id="3" s="N" t="N.ar" l="N"/>
		<a id="4" s="C" t="C.ar" l="C"/>
		<a id="5" s="C" t="C.ar" l="C"/>
		<a id="6" s="C" t="C.ar" l="C"/>
		<a id="7" s="C" t="C.ar" l="C"/>
		<a id="8" s="C" t="C.ar" l="C"/>
		<a id="9" s="C" t="C.ar" l="C"/>
		<a id="10" s="C" t="C.ar" l="C"/>
		<a id="11" s="C" t="C.ar" l="C"/>
		<a id="12" s="C" t="C.ar" l="C"/>
		<a id="13" s="C" t="C.ar" l="C"/>
		<a id="14" s="C" t="C.ar" l="C"/>
		<a id="15" s="C" t="C.ar" l="C"/>
		<a id="16" s="S" t="S.2" l="S"/>
		<a id="17" s="H" t="H" l="H"/>
		<a id="18" s="H" t="H" l="H"/>
		<a id="19" s="H" t="H" l="H"/>
		<a id="20" s="H" t="H" l="H"/>
		<a id="21" s="H" t="H" l="H"/>
		<a id="22" s="H" t="H" l="H"/>
		<a id="23" s="H" t="H" l="H"/>
		<a id="24" s="H" t="H" l="H"/>
	</atoms>
	<bonds>
		<b id="1" c="1 2" t="1"/>
		<b id="2" c="2 3" t="ar"/>
		<b id="3" c="3 4" t="ar"/>
		<b id="4" c="4 5" t="1"/>
		<b id="5" c="5 6" t="ar"/>
		<b id="6" c="6 7" t="ar"/>
		<b id="7" c="7 8" t="ar"/>
		<b id="8" c="8 9" t="ar"/>
		<b id="9" c="9 10" t="ar"/>
		<b id="10" c="10 11" t="ar"/>
		<b id="11" c="11 12" t="ar"/>
		<b id="12" c="12 13" t="ar"/>
		<b id="13" c="8 13" t="ar"/>
		<b id="14" c="13 14" t="ar"/>
		<b id="15" c="5 14" t="ar"/>
		<b id="16" c="4 15" t="ar"/>
		<b id="17" c="15 16" t="ar"/>
		<b id="18" c="2 16" t="ar"/>
		<b id="19" c="6 17" t="1"/>
		<b id="20" c="7 18" t="1"/>
		<b id="21" c="9 19" t="1"/>
		<b id="22" c="10 20" t="1"/>
		<b id="23" c="11 21" t="1"/>
		<b id="24" c="12 22" t="1"/>
		<b id="25" c="14 23" t="1"/>
		<b id="26" c="15 24" t="1"/>
	</bonds>
	<geometry>
		<g u="A" t="cart/3d">#24,3:1.6014,0.0230,1.7047;3.1248,0.0606,0.6364;4.0533,0.9256,0.7654;5.0592,0.7399,-0.1389;6.1990,1.6461,-0.1210;7.2406,1.5353,-1.0701;8.3021,2.3907,-1.0362;8.3921,3.4048,-0.0583;9.4787,4.3001,0.0012;9.5310,5.2694,0.9643;8.4997,5.3876,1.9098;7.4321,4.5353,1.8779;7.3485,3.5235,0.8972;6.2641,2.6303,0.8403;4.8529,-0.3245,-0.9766;3.3680,-1.1184,-0.6364;7.1918,0.7690,-1.8282;9.0956,2.3026,-1.7647;10.2704,4.2059,-0.7285;10.3670,5.9522,1.0053;8.5592,6.1595,2.6629;6.6350,4.6210,2.6022;5.4677,2.7156,1.5637;5.4763,-0.6921,-1.7649;</g>
	</geometry>
	<conformers/>
	<properties/>
</molecule>
