<?xml version="1.0" ?>
<!--MOLLI PACKAGE EXPERIMENTAL XML FORMAT-->
<molecule name="el170">
	<atoms>
		<a id="1" s="C" t="C.3" l="C"/>
		<a id="2" s="C" t="C.3" l="C"/>
		<a id="3" s="O" t="O.3" l="O"/>
		<a id="4" s="C" t="C.2" l="C"/>
		<a id="5" s="O" t="O.2" l="O"/>
		<a id="6" s="C" t="C.3" l="C"/>
		<a id="7" s="C" t="C.3" l="C"/>
		<a id="8" s="C" t="C.3" l="C"/>
		<a id="9" s="C" t="C.3" l="C"/>
		<a id="10" s="C" t="C.1" l="C"/>
		<a id="11" s="C" t="C.1" l="C"/>
		<a id="12" s="C" t="C.ar" l="C"/>
		<a id="13" s="C" t="C.ar" l="C"/>
		<a id="14" s="C" t="C.ar" l="C"/>
		<a id="15" s="C" t="C.ar" l="C"/>
		<a id="16" s="Br" t="Br" l="BR"/>
		<a id="17" s="C" t="C.ar" l="C"/>
		<a id="18" s="C" t="C.3" l="C"/>
		<a id="19" s="C" t="C.ar" l="C"/>
		<a id="20" s="H" t="H" l="H"/>
		<a id="21" s="H" t="H" l="H"/>
		<a id="22" s="H" t="H" l="H"/>
		<a id="23" s="H" t="H" l="H"/>
		<a id="24" s="H" t="H" l="H"/>
		<a id="25" s="H" t="H" l="H"/>
		<a id="26" s="H" t="H" l="H"/>
		<a id="27" s="H" t="H" l="H"/>
		<a id="28" s="H" t="H" l="H"/>
		<a id="29" s="H" t="H" l="H"/>
		<a id="30" s="H" t="H" l="H"/>
		<a id="31" s="H" t="H" l="H"/>
		<a id="32" s="H" t="H" l="H"/>
		<a id="33" s="H" t="H" l="H"/>
		<a id="34" s="H" t="H" l="H"/>
		<a id="35" s="H" t="H" l="H"/>
		<a id="36" s="H" t="H" l="H"/>
		<a id="37" s="H" t="H" l="H"/>
		<a id="38" s="H" t="H" l="H"/>
	</atoms>
	<bonds>
		<b id="1" c="1 2" t="1"/>
		<b id="2" c="2 3" t="1"/>
		<b id="3" c="3 4" t="1"/>
		<b id="4" c="4 5" t="2"/>
		<b id="5" c="4 6" t="1"/>
		<b id="6" c="6 7" t="1"/>
		<b id="7" c="7 8" t="1"/>
		<b id="8" c="7 9" t="1"/>
		<b id="9" c="7 10" t="1"/>
		<b id="10" c="10 11" t="3"/>
		<b id="11" c="11 12" t="1"/>
		<b id="12" c="12 13" t="ar"/>
		<b id="13" c="13 14" t="ar"/>
		<b id="14" c="14 15" t="ar"/>
		<b id="15" c="15 16" t="1"/>
		<b id="16" c="15 17" t="ar"/>
		<b id="17" c="17 18" t="1"/>
		<b id="18" c="17 19" t="ar"/>
		<b id="19" c="12 19" t="ar"/>
		<b id="20" c="1 20" t="1"/>
		<b id="21" c="1 21" t="1"/>
		<b id="22" c="1 22" t="1"/>
		<b id="23" c="2 23" t="1"/>
		<b id="24" c="2 24" t="1"/>
		<b id="25" c="6 25" t="1"/>
		<b id="26" c="6 26" t="1"/>
		<b id="27" c="8 27" t="1"/>
		<b id="28" c="8 28" t="1"/>
		<b id="29" c="8 29" t="1"/>
		<b id="30" c="9 30" t="1"/>
		<b id="31" c="9 31" t="1"/>
		<b id="32" c="9 32" t="1"/>
		<b id="33" c="13 33" t="1"/>
		<b id="34" c="14 34" t="1"/>
		<b id="35" c="18 35" t="1"/>
		<b id="36" c="18 36" t="1"/>
		<b id="37" c="18 37" t="1"/>
		<b id="38" c="19 38" t="1"/>
	</bonds>
	<geometry>
		<g u="A" t="cart/3d">#38,3:4.7209,-1.6036,-0.7118;3.5900,-0.5945,-0.8531;4.0608,0.6632,-1.3398;4.6212,1.4915,-0.4524;4.7334,1.2420,0.7198;5.0788,2.7651,-1.1236;6.6220,2.8169,-1.2586;7.2758,2.9641,0.1195;7.1350,1.5574,-1.9662;6.9541,3.9845,-2.0618;7.2433,4.9560,-2.7103;7.5824,6.1050,-3.4629;7.5470,7.3659,-2.8678;7.8809,8.4824,-3.6070;8.2484,8.3398,-4.9342;8.7023,9.9136,-5.9192;8.2952,7.0960,-5.5598;8.6952,6.9618,-6.9936;7.9562,5.9865,-4.8010;4.3142,-2.5643,-0.4099;5.4252,-1.2691,0.0462;5.2436,-1.7206,-1.6584;3.1020,-0.4382,0.1148;2.8567,-0.9258,-1.5910;4.7496,3.6126,-0.5203;4.6227,2.8214,-2.1126;6.9474,2.1632,0.7765;7.0009,3.9150,0.5707;8.3591,2.9269,0.0274;6.9827,0.6848,-1.3353;8.1986,1.6516,-2.1753;6.6092,1.4058,-2.9066;7.2592,7.4635,-1.8323;7.8571,9.4634,-3.1573;8.0176,7.5295,-7.6313;8.6796,5.9207,-7.3041;9.6986,7.3595,-7.1469;7.9820,5.0061,-5.2542;</g>
	</geometry>
	<conformers/>
	<properties/>
</molecule>
