<?xml version="1.0" ?>
<!--MOLLI PACKAGE EXPERIMENTAL XML FORMAT-->
<molecule name="el175">
	<atoms>
		<a id="1" s="C" t="C.3" l="C"/>
		<a id="2" s="C" t="C.3" l="C"/>
		<a id="3" s="O" t="O.3" l="O"/>
		<a id="4" s="C" t="C.2" l="C"/>
		<a id="5" s="O" t="O.2" l="O"/>
		<a id="6" s="C" t="C.3" l="C"/>
		<a id="7" s="C" t="C.3" l="C"/>
		<a id="8" s="C" t="C.3" l="C"/>
		<a id="9" s="C" t="C.3" l="C"/>
		<a id="10" s="C" t="C.1" l="C"/>
		<a id="11" s="C" t="C.1" l="C"/>
		<a id="12" s="C" t="C.ar" l="C"/>
		<a id="13" s="C" t="C.ar" l="C"/>
		<a id="14" s="C" t="C.ar" l="C"/>
		<a id="15" s="C" t="C.ar" l="C"/>
		<a id="16" s="Br" t="Br" l="BR"/>
		<a id="17" s="C" t="C.ar" l="C"/>
		<a id="18" s="C" t="C.ar" l="C"/>
		<a id="19" s="O" t="O.3" l="O"/>
		<a id="20" s="C" t="C.3" l="C"/>
		<a id="21" s="H" t="H" l="H"/>
		<a id="22" s="H" t="H" l="H"/>
		<a id="23" s="H" t="H" l="H"/>
		<a id="24" s="H" t="H" l="H"/>
		<a id="25" s="H" t="H" l="H"/>
		<a id="26" s="H" t="H" l="H"/>
		<a id="27" s="H" t="H" l="H"/>
		<a id="28" s="H" t="H" l="H"/>
		<a id="29" s="H" t="H" l="H"/>
		<a id="30" s="H" t="H" l="H"/>
		<a id="31" s="H" t="H" l="H"/>
		<a id="32" s="H" t="H" l="H"/>
		<a id="33" s="H" t="H" l="H"/>
		<a id="34" s="H" t="H" l="H"/>
		<a id="35" s="H" t="H" l="H"/>
		<a id="36" s="H" t="H" l="H"/>
		<a id="37" s="H" t="H" l="H"/>
		<a id="38" s="H" t="H" l="H"/>
		<a id="39" s="H" t="H" l="H"/>
	</atoms>
	<bonds>
		<b id="1" c="1 2" t="1"/>
		<b id="2" c="2 3" t="1"/>
		<b id="3" c="3 4" t="1"/>
		<b id="4" c="4 5" t="2"/>
		<b id="5" c="4 6" t="1"/>
		<b id="6" c="6 7" t="1"/>
		<b id="7" c="7 8" t="1"/>
		<b id="8" c="7 9" t="1"/>
		<b id="9" c="7 10" t="1"/>
		<b id="10" c="10 11" t="3"/>
		<b id="11" c="11 12" t="1"/>
		<b id="12" c="12 13" t="ar"/>
		<b id="13" c="13 14" t="ar"/>
		<b id="14" c="14 15" t="ar"/>
		<b id="15" c="15 16" t="1"/>
		<b id="16" c="15 17" t="ar"/>
		<b id="17" c="17 18" t="ar"/>
		<b id="18" c="12 18" t="ar"/>
		<b id="19" c="18 19" t="1"/>
		<b id="20" c="19 20" t="1"/>
		<b id="21" c="1 21" t="1"/>
		<b id="22" c="1 22" t="1"/>
		<b id="23" c="1 23" t="1"/>
		<b id="24" c="2 24" t="1"/>
		<b id="25" c="2 25" t="1"/>
		<b id="26" c="6 26" t="1"/>
		<b id="27" c="6 27" t="1"/>
		<b id="28" c="8 28" t="1"/>
		<b id="29" c="8 29" t="1"/>
		<b id="30" c="8 30" t="1"/>
		<b id="31" c="9 31" t="1"/>
		<b id="32" c="9 32" t="1"/>
		<b id="33" c="9 33" t="1"/>
		<b id="34" c="13 34" t="1"/>
		<b id="35" c="14 35" t="1"/>
		<b id="36" c="17 36" t="1"/>
		<b id="37" c="20 37" t="1"/>
		<b id="38" c="20 38" t="1"/>
		<b id="39" c="20 39" t="1"/>
	</bonds>
	<geometry>
		<g u="A" t="cart/3d">#39,3:4.7452,1.1155,1.4786;3.6078,0.1628,1.1407;4.0824,-1.1658,0.9147;4.5886,-1.4386,-0.2917;4.6489,-0.6415,-1.1913;5.0578,-2.8736,-0.3594;6.6042,-2.9683,-0.4022;7.1353,-2.4574,-1.7457;7.2154,-2.1674,0.7540;6.9701,-4.3696,-0.2567;7.2166,-5.5420,-0.1369;7.6588,-6.8859,-0.0535;9.0000,-7.1155,-0.3845;9.5571,-8.3743,-0.3618;8.7502,-9.4414,0.0019;9.4794,-11.1992,0.0417;7.4276,-9.2550,0.3371;6.8582,-7.9791,0.3180;5.5496,-7.9687,0.6735;4.8290,-6.7632,0.7625;4.3396,2.0929,1.7233;5.4109,1.2177,0.6253;5.3105,0.7420,2.3294;3.0810,0.5069,0.2446;2.9078,0.0742,1.9736;4.6509,-3.3278,-1.2644;4.6797,-3.4024,0.5165;6.7715,-1.4504,-1.9312;6.8005,-3.1013,-2.5562;8.2229,-2.4471,-1.7410;7.0474,-1.1039,0.6004;8.2877,-2.3434,0.8087;6.7681,-2.4594,1.7018;9.6042,-6.2666,-0.6674;10.5921,-8.5285,-0.6216;6.7983,-10.0832,0.6215;3.8353,-7.0498,1.1056;4.7512,-6.2680,-0.2085;5.2812,-6.0784,1.4842;</g>
	</geometry>
	<conformers/>
	<properties/>
</molecule>
