<?xml version="1.0" ?>
<!--MOLLI PACKAGE EXPERIMENTAL XML FORMAT-->
<molecule name="el179">
	<atoms>
		<a id="1" s="C" t="C.3" l="C"/>
		<a id="2" s="C" t="C.3" l="C"/>
		<a id="3" s="O" t="O.3" l="O"/>
		<a id="4" s="C" t="C.2" l="C"/>
		<a id="5" s="O" t="O.2" l="O"/>
		<a id="6" s="C" t="C.3" l="C"/>
		<a id="7" s="C" t="C.3" l="C"/>
		<a id="8" s="C" t="C.3" l="C"/>
		<a id="9" s="C" t="C.3" l="C"/>
		<a id="10" s="C" t="C.1" l="C"/>
		<a id="11" s="C" t="C.1" l="C"/>
		<a id="12" s="C" t="C.ar" l="C"/>
		<a id="13" s="C" t="C.ar" l="C"/>
		<a id="14" s="C" t="C.ar" l="C"/>
		<a id="15" s="C" t="C.ar" l="C"/>
		<a id="16" s="Br" t="Br" l="BR"/>
		<a id="17" s="C" t="C.ar" l="C"/>
		<a id="18" s="C" t="C.ar" l="C"/>
		<a id="19" s="C" t="C.3" l="C"/>
		<a id="20" s="C" t="C.3" l="C"/>
		<a id="21" s="H" t="H" l="H"/>
		<a id="22" s="H" t="H" l="H"/>
		<a id="23" s="H" t="H" l="H"/>
		<a id="24" s="H" t="H" l="H"/>
		<a id="25" s="H" t="H" l="H"/>
		<a id="26" s="H" t="H" l="H"/>
		<a id="27" s="H" t="H" l="H"/>
		<a id="28" s="H" t="H" l="H"/>
		<a id="29" s="H" t="H" l="H"/>
		<a id="30" s="H" t="H" l="H"/>
		<a id="31" s="H" t="H" l="H"/>
		<a id="32" s="H" t="H" l="H"/>
		<a id="33" s="H" t="H" l="H"/>
		<a id="34" s="H" t="H" l="H"/>
		<a id="35" s="H" t="H" l="H"/>
		<a id="36" s="H" t="H" l="H"/>
		<a id="37" s="H" t="H" l="H"/>
		<a id="38" s="H" t="H" l="H"/>
		<a id="39" s="H" t="H" l="H"/>
		<a id="40" s="H" t="H" l="H"/>
		<a id="41" s="H" t="H" l="H"/>
	</atoms>
	<bonds>
		<b id="1" c="1 2" t="1"/>
		<b id="2" c="2 3" t="1"/>
		<b id="3" c="3 4" t="1"/>
		<b id="4" c="4 5" t="2"/>
		<b id="5" c="4 6" t="1"/>
		<b id="6" c="6 7" t="1"/>
		<b id="7" c="7 8" t="1"/>
		<b id="8" c="7 9" t="1"/>
		<b id="9" c="7 10" t="1"/>
		<b id="10" c="10 11" t="3"/>
		<b id="11" c="11 12" t="1"/>
		<b id="12" c="12 13" t="ar"/>
		<b id="13" c="13 14" t="ar"/>
		<b id="14" c="14 15" t="ar"/>
		<b id="15" c="15 16" t="1"/>
		<b id="16" c="15 17" t="ar"/>
		<b id="17" c="17 18" t="ar"/>
		<b id="18" c="12 18" t="ar"/>
		<b id="19" c="18 19" t="1"/>
		<b id="20" c="19 20" t="1"/>
		<b id="21" c="1 21" t="1"/>
		<b id="22" c="1 22" t="1"/>
		<b id="23" c="1 23" t="1"/>
		<b id="24" c="2 24" t="1"/>
		<b id="25" c="2 25" t="1"/>
		<b id="26" c="6 26" t="1"/>
		<b id="27" c="6 27" t="1"/>
		<b id="28" c="8 28" t="1"/>
		<b id="29" c="8 29" t="1"/>
		<b id="30" c="8 30" t="1"/>
		<b id="31" c="9 31" t="1"/>
		<b id="32" c="9 32" t="1"/>
		<b id="33" c="9 33" t="1"/>
		<b id="34" c="13 34" t="1"/>
		<b id="35" c="14 35" t="1"/>
		<b id="36" c="17 36" t="1"/>
		<b id="37" c="19 37" t="1"/>
		<b id="38" c="19 38" t="1"/>
		<b id="39" c="20 39" t="1"/>
		<b id="40" c="20 40" t="1"/>
		<b id="41" c="20 41" t="1"/>
	</bonds>
	<geometry>
		<g u="A" t="cart/3d">#41,3:1.8662,0.2107,-5.7995;3.3192,-0.1826,-6.0194;3.8844,-0.7881,-4.8552;4.3151,0.0300,-3.8900;4.2253,1.2289,-3.9346;4.9656,-0.7555,-2.7750;6.5069,-0.6159,-2.8807;6.9449,0.7754,-2.4138;7.1813,-1.7018,-2.0347;6.8720,-0.7959,-4.2778;7.1211,-0.9420,-5.4457;7.3916,-1.1155,-6.8229;7.6745,-0.0018,-7.6130;7.9252,-0.1429,-8.9634;7.8900,-1.4109,-9.5180;8.2354,-1.6266,-11.3841;7.6101,-2.5279,-8.7500;7.3595,-2.3962,-7.3938;7.0209,-3.5957,-6.5584;5.5076,-3.7071,-6.3584;1.4533,0.6089,-6.7217;1.8023,0.9725,-5.0270;1.2836,-0.6544,-5.4933;3.9156,0.6978,-6.2802;3.4112,-0.9374,-6.8030;4.6788,-1.8023,-2.8736;4.6346,-0.3642,-1.8130;6.7599,0.8867,-1.3473;6.3892,1.5434,-2.9460;8.0070,0.9195,-2.6009;6.8734,-1.6123,-0.9954;8.2628,-1.5978,-2.0882;6.9128,-2.6927,-2.3954;7.6950,0.9770,-7.1574;8.1455,0.7168,-9.5768;7.5894,-3.5054,-9.2090;7.5033,-3.5059,-5.5826;7.3904,-4.4997,-7.0467;5.1287,-2.8280,-5.8425;5.2713,-4.5873,-5.7652;5.0041,-3.7934,-7.3192;</g>
	</geometry>
	<conformers/>
	<properties/>
</molecule>
