<?xml version="1.0" ?>
<!--MOLLI PACKAGE EXPERIMENTAL XML FORMAT-->
<molecule name="el180">
	<atoms>
		<a id="1" s="C" t="C.3" l="C"/>
		<a id="2" s="C" t="C.3" l="C"/>
		<a id="3" s="O" t="O.3" l="O"/>
		<a id="4" s="C" t="C.2" l="C"/>
		<a id="5" s="O" t="O.2" l="O"/>
		<a id="6" s="C" t="C.3" l="C"/>
		<a id="7" s="C" t="C.3" l="C"/>
		<a id="8" s="C" t="C.3" l="C"/>
		<a id="9" s="C" t="C.3" l="C"/>
		<a id="10" s="C" t="C.1" l="C"/>
		<a id="11" s="C" t="C.1" l="C"/>
		<a id="12" s="C" t="C.ar" l="C"/>
		<a id="13" s="C" t="C.ar" l="C"/>
		<a id="14" s="C" t="C.3" l="C"/>
		<a id="15" s="C" t="C.ar" l="C"/>
		<a id="16" s="C" t="C.ar" l="C"/>
		<a id="17" s="Br" t="Br" l="BR"/>
		<a id="18" s="C" t="C.ar" l="C"/>
		<a id="19" s="C" t="C.ar" l="C"/>
		<a id="20" s="F" t="F" l="F"/>
		<a id="21" s="H" t="H" l="H"/>
		<a id="22" s="H" t="H" l="H"/>
		<a id="23" s="H" t="H" l="H"/>
		<a id="24" s="H" t="H" l="H"/>
		<a id="25" s="H" t="H" l="H"/>
		<a id="26" s="H" t="H" l="H"/>
		<a id="27" s="H" t="H" l="H"/>
		<a id="28" s="H" t="H" l="H"/>
		<a id="29" s="H" t="H" l="H"/>
		<a id="30" s="H" t="H" l="H"/>
		<a id="31" s="H" t="H" l="H"/>
		<a id="32" s="H" t="H" l="H"/>
		<a id="33" s="H" t="H" l="H"/>
		<a id="34" s="H" t="H" l="H"/>
		<a id="35" s="H" t="H" l="H"/>
		<a id="36" s="H" t="H" l="H"/>
		<a id="37" s="H" t="H" l="H"/>
		<a id="38" s="H" t="H" l="H"/>
	</atoms>
	<bonds>
		<b id="1" c="1 2" t="1"/>
		<b id="2" c="2 3" t="1"/>
		<b id="3" c="3 4" t="1"/>
		<b id="4" c="4 5" t="2"/>
		<b id="5" c="4 6" t="1"/>
		<b id="6" c="6 7" t="1"/>
		<b id="7" c="7 8" t="1"/>
		<b id="8" c="7 9" t="1"/>
		<b id="9" c="7 10" t="1"/>
		<b id="10" c="10 11" t="3"/>
		<b id="11" c="11 12" t="1"/>
		<b id="12" c="12 13" t="ar"/>
		<b id="13" c="13 14" t="1"/>
		<b id="14" c="13 15" t="ar"/>
		<b id="15" c="15 16" t="ar"/>
		<b id="16" c="16 17" t="1"/>
		<b id="17" c="16 18" t="ar"/>
		<b id="18" c="18 19" t="ar"/>
		<b id="19" c="12 19" t="ar"/>
		<b id="20" c="19 20" t="1"/>
		<b id="21" c="1 21" t="1"/>
		<b id="22" c="1 22" t="1"/>
		<b id="23" c="1 23" t="1"/>
		<b id="24" c="2 24" t="1"/>
		<b id="25" c="2 25" t="1"/>
		<b id="26" c="6 26" t="1"/>
		<b id="27" c="6 27" t="1"/>
		<b id="28" c="8 28" t="1"/>
		<b id="29" c="8 29" t="1"/>
		<b id="30" c="8 30" t="1"/>
		<b id="31" c="9 31" t="1"/>
		<b id="32" c="9 32" t="1"/>
		<b id="33" c="9 33" t="1"/>
		<b id="34" c="14 34" t="1"/>
		<b id="35" c="14 35" t="1"/>
		<b id="36" c="14 36" t="1"/>
		<b id="37" c="15 37" t="1"/>
		<b id="38" c="18 38" t="1"/>
	</bonds>
	<geometry>
		<g u="A" t="cart/3d">#38,3:4.8065,-1.1546,1.5622;3.6869,-1.0445,0.5372;4.1485,-1.3511,-0.7796;4.7735,-0.3789,-1.4522;4.9464,0.7312,-1.0212;5.2158,-0.8733,-2.8099;6.7577,-1.0058,-2.8919;7.4153,0.3775,-2.9134;7.2807,-1.8352,-1.7123;7.0735,-1.6973,-4.1315;7.3440,-2.2747,-5.1518;7.6743,-2.9240,-6.3624;7.6269,-4.3224,-6.4718;7.2034,-5.1418,-5.2950;7.9618,-4.9206,-7.6755;8.3406,-4.1470,-8.7602;8.7967,-4.9984,-10.4001;8.3966,-2.7666,-8.6791;8.0609,-2.1777,-7.4764;8.1107,-0.8357,-7.3833;4.4029,-1.0039,2.5591;5.5610,-0.3950,1.3724;5.2691,-2.1375,1.5109;3.2711,-0.0317,0.5395;2.8976,-1.7720,0.7363;4.8827,-0.1612,-3.5666;4.7513,-1.8430,-2.9927;7.0822,0.9602,-2.0589;7.1486,0.9097,-3.8237;8.4979,0.2798,-2.8779;7.1541,-1.2833,-0.7840;8.3393,-2.0501,-1.8438;6.7417,-2.7776,-1.6364;7.7046,-4.7964,-4.3931;7.4273,-6.1932,-5.4519;6.1306,-5.0349,-5.1352;7.9285,-5.9953,-7.7701;8.6914,-2.1572,-9.5180;</g>
	</geometry>
	<conformers/>
	<properties/>
</molecule>
