<?xml version="1.0" ?>
<!--MOLLI PACKAGE EXPERIMENTAL XML FORMAT-->
<molecule name="el19">
	<atoms>
		<a id="1" s="C" t="C.3" l="C"/>
		<a id="2" s="N" t="N.ar" l="N"/>
		<a id="3" s="C" t="C.ar" l="C"/>
		<a id="4" s="N" t="N.ar" l="N"/>
		<a id="5" s="C" t="C.ar" l="C"/>
		<a id="6" s="C" t="C.ar" l="C"/>
		<a id="7" s="C" t="C.ar" l="C"/>
		<a id="8" s="C" t="C.ar" l="C"/>
		<a id="9" s="C" t="C.ar" l="C"/>
		<a id="10" s="C" t="C.ar" l="C"/>
		<a id="11" s="N" t="N.ar" l="N"/>
		<a id="12" s="C" t="C.ar" l="C"/>
		<a id="13" s="Br" t="Br" l="BR"/>
		<a id="14" s="C" t="C.ar" l="C"/>
		<a id="15" s="C" t="C.ar" l="C"/>
		<a id="16" s="N" t="N.ar" l="N"/>
		<a id="17" s="C" t="C.2" l="C"/>
		<a id="18" s="O" t="O.2" l="O"/>
		<a id="19" s="O" t="O.3" l="O"/>
		<a id="20" s="C" t="C.3" l="C"/>
		<a id="21" s="C" t="C.3" l="C"/>
		<a id="22" s="C" t="C.3" l="C"/>
		<a id="23" s="C" t="C.3" l="C"/>
		<a id="24" s="H" t="H" l="H"/>
		<a id="25" s="H" t="H" l="H"/>
		<a id="26" s="H" t="H" l="H"/>
		<a id="27" s="H" t="H" l="H"/>
		<a id="28" s="H" t="H" l="H"/>
		<a id="29" s="H" t="H" l="H"/>
		<a id="30" s="H" t="H" l="H"/>
		<a id="31" s="H" t="H" l="H"/>
		<a id="32" s="H" t="H" l="H"/>
		<a id="33" s="H" t="H" l="H"/>
		<a id="34" s="H" t="H" l="H"/>
		<a id="35" s="H" t="H" l="H"/>
		<a id="36" s="H" t="H" l="H"/>
		<a id="37" s="H" t="H" l="H"/>
		<a id="38" s="H" t="H" l="H"/>
		<a id="39" s="H" t="H" l="H"/>
		<a id="40" s="H" t="H" l="H"/>
	</atoms>
	<bonds>
		<b id="1" c="1 2" t="1"/>
		<b id="2" c="2 3" t="ar"/>
		<b id="3" c="3 4" t="ar"/>
		<b id="4" c="4 5" t="ar"/>
		<b id="5" c="5 6" t="ar"/>
		<b id="6" c="2 6" t="ar"/>
		<b id="7" c="6 7" t="1"/>
		<b id="8" c="7 8" t="ar"/>
		<b id="9" c="8 9" t="ar"/>
		<b id="10" c="9 10" t="ar"/>
		<b id="11" c="10 11" t="ar"/>
		<b id="12" c="11 12" t="ar"/>
		<b id="13" c="12 13" t="1"/>
		<b id="14" c="12 14" t="ar"/>
		<b id="15" c="14 15" t="ar"/>
		<b id="16" c="9 15" t="ar"/>
		<b id="17" c="15 16" t="ar"/>
		<b id="18" c="7 16" t="ar"/>
		<b id="19" c="16 17" t="am"/>
		<b id="20" c="17 18" t="2"/>
		<b id="21" c="17 19" t="1"/>
		<b id="22" c="19 20" t="1"/>
		<b id="23" c="20 21" t="1"/>
		<b id="24" c="20 22" t="1"/>
		<b id="25" c="20 23" t="1"/>
		<b id="26" c="1 24" t="1"/>
		<b id="27" c="1 25" t="1"/>
		<b id="28" c="1 26" t="1"/>
		<b id="29" c="3 27" t="1"/>
		<b id="30" c="5 28" t="1"/>
		<b id="31" c="8 29" t="1"/>
		<b id="32" c="10 30" t="1"/>
		<b id="33" c="14 31" t="1"/>
		<b id="34" c="21 32" t="1"/>
		<b id="35" c="21 33" t="1"/>
		<b id="36" c="21 34" t="1"/>
		<b id="37" c="22 35" t="1"/>
		<b id="38" c="22 36" t="1"/>
		<b id="39" c="22 37" t="1"/>
		<b id="40" c="23 38" t="1"/>
		<b id="41" c="23 39" t="1"/>
		<b id="42" c="23 40" t="1"/>
	</bonds>
	<geometry>
		<g u="A" t="cart/3d">#40,3:0.2573,-0.5800,-2.3747;-0.3056,-0.3939,-1.0683;-0.9866,0.6895,-0.6346;-1.3593,0.5789,0.6124;-0.8946,-0.6159,1.0287;-0.2268,-1.2527,0.0024;0.3521,-2.5696,-0.0528;0.2371,-3.5211,-1.0269;0.8531,-4.7082,-0.5429;1.0607,-5.9865,-1.0546;1.6843,-6.9114,-0.3564;2.1226,-6.6165,0.8516;3.0101,-8.0334,1.7559;1.9903,-5.3968,1.4940;1.3278,-4.4239,0.7639;1.0271,-3.1085,1.0475;1.5405,-2.3434,2.1121;1.8082,-1.1815,1.9893;1.6798,-3.1015,3.1826;2.2029,-2.5476,4.4270;1.2842,-1.4328,4.9213;2.1826,-3.7330,5.3908;3.6278,-2.0432,4.2147;0.5043,0.3913,-2.8018;-0.4517,-1.0831,-3.0374;1.1629,-1.1822,-2.3046;-1.1880,1.5373,-1.2586;-1.0734,-0.9648,2.0257;-0.2664,-3.4172,-1.9664;0.7254,-6.2773,-2.0399;2.3687,-5.2367,2.4883;0.2686,-1.8064,5.0344;1.2786,-0.6021,4.2206;1.6348,-1.0746,5.8849;1.1770,-4.1389,5.4619;2.5046,-3.4119,6.3764;2.8493,-4.5185,5.0439;3.6354,-1.1970,3.5330;4.2507,-2.8347,3.8028;4.0457,-1.7301,5.1669;</g>
	</geometry>
	<conformers/>
	<properties/>
</molecule>
