<?xml version="1.0" ?>
<!--MOLLI PACKAGE EXPERIMENTAL XML FORMAT-->
<molecule name="el181">
	<atoms>
		<a id="1" s="C" t="C.3" l="C"/>
		<a id="2" s="C" t="C.3" l="C"/>
		<a id="3" s="O" t="O.3" l="O"/>
		<a id="4" s="C" t="C.2" l="C"/>
		<a id="5" s="O" t="O.2" l="O"/>
		<a id="6" s="C" t="C.3" l="C"/>
		<a id="7" s="C" t="C.3" l="C"/>
		<a id="8" s="C" t="C.3" l="C"/>
		<a id="9" s="C" t="C.3" l="C"/>
		<a id="10" s="C" t="C.1" l="C"/>
		<a id="11" s="C" t="C.1" l="C"/>
		<a id="12" s="C" t="C.ar" l="C"/>
		<a id="13" s="C" t="C.ar" l="C"/>
		<a id="14" s="C" t="C.3" l="C"/>
		<a id="15" s="C" t="C.ar" l="C"/>
		<a id="16" s="C" t="C.ar" l="C"/>
		<a id="17" s="Br" t="Br" l="BR"/>
		<a id="18" s="C" t="C.ar" l="C"/>
		<a id="19" s="C" t="C.ar" l="C"/>
		<a id="20" s="O" t="O.3" l="O"/>
		<a id="21" s="C" t="C.3" l="C"/>
		<a id="22" s="H" t="H" l="H"/>
		<a id="23" s="H" t="H" l="H"/>
		<a id="24" s="H" t="H" l="H"/>
		<a id="25" s="H" t="H" l="H"/>
		<a id="26" s="H" t="H" l="H"/>
		<a id="27" s="H" t="H" l="H"/>
		<a id="28" s="H" t="H" l="H"/>
		<a id="29" s="H" t="H" l="H"/>
		<a id="30" s="H" t="H" l="H"/>
		<a id="31" s="H" t="H" l="H"/>
		<a id="32" s="H" t="H" l="H"/>
		<a id="33" s="H" t="H" l="H"/>
		<a id="34" s="H" t="H" l="H"/>
		<a id="35" s="H" t="H" l="H"/>
		<a id="36" s="H" t="H" l="H"/>
		<a id="37" s="H" t="H" l="H"/>
		<a id="38" s="H" t="H" l="H"/>
		<a id="39" s="H" t="H" l="H"/>
		<a id="40" s="H" t="H" l="H"/>
		<a id="41" s="H" t="H" l="H"/>
		<a id="42" s="H" t="H" l="H"/>
	</atoms>
	<bonds>
		<b id="1" c="1 2" t="1"/>
		<b id="2" c="2 3" t="1"/>
		<b id="3" c="3 4" t="1"/>
		<b id="4" c="4 5" t="2"/>
		<b id="5" c="4 6" t="1"/>
		<b id="6" c="6 7" t="1"/>
		<b id="7" c="7 8" t="1"/>
		<b id="8" c="7 9" t="1"/>
		<b id="9" c="7 10" t="1"/>
		<b id="10" c="10 11" t="3"/>
		<b id="11" c="11 12" t="1"/>
		<b id="12" c="12 13" t="ar"/>
		<b id="13" c="13 14" t="1"/>
		<b id="14" c="13 15" t="ar"/>
		<b id="15" c="15 16" t="ar"/>
		<b id="16" c="16 17" t="1"/>
		<b id="17" c="16 18" t="ar"/>
		<b id="18" c="18 19" t="ar"/>
		<b id="19" c="12 19" t="ar"/>
		<b id="20" c="19 20" t="1"/>
		<b id="21" c="20 21" t="1"/>
		<b id="22" c="1 22" t="1"/>
		<b id="23" c="1 23" t="1"/>
		<b id="24" c="1 24" t="1"/>
		<b id="25" c="2 25" t="1"/>
		<b id="26" c="2 26" t="1"/>
		<b id="27" c="6 27" t="1"/>
		<b id="28" c="6 28" t="1"/>
		<b id="29" c="8 29" t="1"/>
		<b id="30" c="8 30" t="1"/>
		<b id="31" c="8 31" t="1"/>
		<b id="32" c="9 32" t="1"/>
		<b id="33" c="9 33" t="1"/>
		<b id="34" c="9 34" t="1"/>
		<b id="35" c="14 35" t="1"/>
		<b id="36" c="14 36" t="1"/>
		<b id="37" c="14 37" t="1"/>
		<b id="38" c="15 38" t="1"/>
		<b id="39" c="18 39" t="1"/>
		<b id="40" c="21 40" t="1"/>
		<b id="41" c="21 41" t="1"/>
		<b id="42" c="21 42" t="1"/>
	</bonds>
	<geometry>
		<g u="A" t="cart/3d">#42,3:4.9479,-1.7755,-0.7674;3.7848,-0.8397,-1.0640;4.2315,0.4019,-1.6119;4.6889,1.3195,-0.7545;4.7296,1.1626,0.4382;5.1335,2.5632,-1.4882;6.6770,2.7053,-1.4944;7.1920,3.0034,-0.0820;7.3239,1.4287,-2.0438;7.0158,3.8211,-2.3657;7.2714,4.7953,-3.0257;7.6516,5.8436,-3.9000;8.3972,5.4752,-5.0375;8.7350,4.0338,-5.2603;8.8149,6.4333,-5.9409;8.4936,7.7620,-5.7178;9.0714,9.0840,-6.9610;7.7666,8.1477,-4.6157;7.3338,7.1950,-3.6896;6.6291,7.7353,-2.6634;6.1153,6.9413,-1.6217;4.5653,-2.7319,-0.4231;5.5777,-1.3513,0.0108;5.5440,-1.9329,-1.6634;3.2203,-0.6382,-0.1476;3.1240,-1.2613,-1.8238;4.7016,3.4313,-0.9870;4.7657,2.5119,-2.5135;6.8646,2.2286,0.6059;6.8083,3.9592,0.2695;8.2791,3.0447,-0.0788;7.1520,0.5980,-1.3633;8.3975,1.5683,-2.1531;6.9070,1.1759,-3.0165;9.3079,3.6451,-4.4195;9.3151,3.9102,-6.1704;7.8255,3.4392,-5.3363;9.3861,6.1508,-6.8113;7.5143,9.1804,-4.4371;5.6152,7.6407,-0.9519;6.9107,6.4233,-1.0805;5.3917,6.2106,-1.9921;</g>
	</geometry>
	<conformers/>
	<properties/>
</molecule>
