<?xml version="1.0" ?>
<!--MOLLI PACKAGE EXPERIMENTAL XML FORMAT-->
<molecule name="el188">
	<atoms>
		<a id="1" s="F" t="F" l="F"/>
		<a id="2" s="C" t="C.3" l="C"/>
		<a id="3" s="F" t="F" l="F"/>
		<a id="4" s="F" t="F" l="F"/>
		<a id="5" s="C" t="C.ar" l="C"/>
		<a id="6" s="N" t="N.ar" l="N"/>
		<a id="7" s="C" t="C.ar" l="C"/>
		<a id="8" s="C" t="C.ar" l="C"/>
		<a id="9" s="C" t="C.ar" l="C"/>
		<a id="10" s="C" t="C.ar" l="C"/>
		<a id="11" s="C" t="C.ar" l="C"/>
		<a id="12" s="Br" t="Br" l="BR"/>
		<a id="13" s="C" t="C.ar" l="C"/>
		<a id="14" s="C" t="C.ar" l="C"/>
		<a id="15" s="C" t="C.ar" l="C"/>
		<a id="16" s="H" t="H" l="H"/>
		<a id="17" s="H" t="H" l="H"/>
		<a id="18" s="H" t="H" l="H"/>
		<a id="19" s="H" t="H" l="H"/>
		<a id="20" s="H" t="H" l="H"/>
	</atoms>
	<bonds>
		<b id="1" c="1 2" t="1"/>
		<b id="2" c="2 3" t="1"/>
		<b id="3" c="2 4" t="1"/>
		<b id="4" c="2 5" t="1"/>
		<b id="5" c="5 6" t="ar"/>
		<b id="6" c="6 7" t="ar"/>
		<b id="7" c="7 8" t="ar"/>
		<b id="8" c="8 9" t="ar"/>
		<b id="9" c="9 10" t="ar"/>
		<b id="10" c="10 11" t="ar"/>
		<b id="11" c="11 12" t="1"/>
		<b id="12" c="11 13" t="ar"/>
		<b id="13" c="13 14" t="ar"/>
		<b id="14" c="14 15" t="ar"/>
		<b id="15" c="5 15" t="ar"/>
		<b id="16" c="9 15" t="ar"/>
		<b id="17" c="7 16" t="1"/>
		<b id="18" c="8 17" t="1"/>
		<b id="19" c="10 18" t="1"/>
		<b id="20" c="13 19" t="1"/>
		<b id="21" c="14 20" t="1"/>
	</bonds>
	<geometry>
		<g u="A" t="cart/3d">#20,3:2.5211,1.3527,-0.1143;2.4354,0.0386,0.0617;1.1618,-0.3087,-0.2107;3.1863,-0.5329,-0.9007;2.8569,-0.4004,1.4470;3.2354,0.5613,2.2428;3.6189,0.2598,3.4882;3.6294,-1.0196,3.9758;3.2259,-2.0787,3.1364;3.2118,-3.4204,3.5686;2.8132,-4.4016,2.7045;2.7904,-6.2134,3.2794;2.4153,-4.1094,1.3887;2.4184,-2.8170,0.9472;2.8209,-1.7711,1.8067;3.9201,1.1069,4.0869;3.9405,-1.2286,4.9876;3.5165,-3.6550,4.5771;2.1094,-4.9132,0.7371;2.1117,-2.6004,-0.0632;</g>
	</geometry>
	<conformers/>
	<properties/>
</molecule>
