<?xml version="1.0" ?>
<!--MOLLI PACKAGE EXPERIMENTAL XML FORMAT-->
<molecule name="el189">
	<atoms>
		<a id="1" s="Br" t="Br" l="BR"/>
		<a id="2" s="C" t="C.ar" l="C"/>
		<a id="3" s="C" t="C.ar" l="C"/>
		<a id="4" s="C" t="C.ar" l="C"/>
		<a id="5" s="C" t="C.ar" l="C"/>
		<a id="6" s="C" t="C.ar" l="C"/>
		<a id="7" s="N" t="N.ar" l="N"/>
		<a id="8" s="C" t="C.ar" l="C"/>
		<a id="9" s="C" t="C.ar" l="C"/>
		<a id="10" s="C" t="C.ar" l="C"/>
		<a id="11" s="C" t="C.ar" l="C"/>
		<a id="12" s="H" t="H" l="H"/>
		<a id="13" s="H" t="H" l="H"/>
		<a id="14" s="H" t="H" l="H"/>
		<a id="15" s="H" t="H" l="H"/>
		<a id="16" s="H" t="H" l="H"/>
		<a id="17" s="H" t="H" l="H"/>
	</atoms>
	<bonds>
		<b id="1" c="1 2" t="1"/>
		<b id="2" c="2 3" t="ar"/>
		<b id="3" c="3 4" t="ar"/>
		<b id="4" c="4 5" t="ar"/>
		<b id="5" c="5 6" t="ar"/>
		<b id="6" c="6 7" t="ar"/>
		<b id="7" c="7 8" t="ar"/>
		<b id="8" c="8 9" t="ar"/>
		<b id="9" c="9 10" t="ar"/>
		<b id="10" c="5 10" t="ar"/>
		<b id="11" c="10 11" t="ar"/>
		<b id="12" c="2 11" t="ar"/>
		<b id="13" c="3 12" t="1"/>
		<b id="14" c="4 13" t="1"/>
		<b id="15" c="6 14" t="1"/>
		<b id="16" c="8 15" t="1"/>
		<b id="17" c="9 16" t="1"/>
		<b id="18" c="11 17" t="1"/>
	</bonds>
	<geometry>
		<g u="A" t="cart/3d">#17,3:0.9954,0.1116,0.1228;2.9000,0.0854,0.0270;3.5830,1.3135,0.0019;4.9469,1.3220,-0.0654;5.6688,0.1115,-0.1104;7.0793,0.0523,-0.1821;7.7595,-1.0575,-0.2279;7.0905,-2.2203,-0.2053;5.7262,-2.3098,-0.1345;4.9667,-1.1220,-0.0849;3.5582,-1.1111,-0.0140;3.0198,2.2334,0.0367;5.4887,2.2559,-0.0856;7.6550,0.9696,-0.2026;7.7132,-3.1039,-0.2454;5.2279,-3.2671,-0.1166;3.0191,-2.0462,0.0061;</g>
	</geometry>
	<conformers/>
	<properties/>
</molecule>
