<?xml version="1.0" ?>
<!--MOLLI PACKAGE EXPERIMENTAL XML FORMAT-->
<molecule name="el20">
	<atoms>
		<a id="1" s="C" t="C.3" l="C"/>
		<a id="2" s="C" t="C.3" l="C"/>
		<a id="3" s="C" t="C.3" l="C"/>
		<a id="4" s="C" t="C.3" l="C"/>
		<a id="5" s="O" t="O.3" l="O"/>
		<a id="6" s="C" t="C.2" l="C"/>
		<a id="7" s="O" t="O.2" l="O"/>
		<a id="8" s="N" t="N.ar" l="N"/>
		<a id="9" s="C" t="C.ar" l="C"/>
		<a id="10" s="C" t="C.ar" l="C"/>
		<a id="11" s="C" t="C.ar" l="C"/>
		<a id="12" s="C" t="C.ar" l="C"/>
		<a id="13" s="C" t="C.ar" l="C"/>
		<a id="14" s="C" t="C.ar" l="C"/>
		<a id="15" s="N" t="N.ar" l="N"/>
		<a id="16" s="C" t="C.ar" l="C"/>
		<a id="17" s="Br" t="Br" l="BR"/>
		<a id="18" s="C" t="C.ar" l="C"/>
		<a id="19" s="C" t="C.ar" l="C"/>
		<a id="20" s="N" t="N.ar" l="N"/>
		<a id="21" s="C" t="C.2" l="C"/>
		<a id="22" s="O" t="O.2" l="O"/>
		<a id="23" s="O" t="O.3" l="O"/>
		<a id="24" s="C" t="C.3" l="C"/>
		<a id="25" s="C" t="C.3" l="C"/>
		<a id="26" s="C" t="C.3" l="C"/>
		<a id="27" s="C" t="C.3" l="C"/>
		<a id="28" s="C" t="C.ar" l="C"/>
		<a id="29" s="N" t="N.ar" l="N"/>
		<a id="30" s="H" t="H" l="H"/>
		<a id="31" s="H" t="H" l="H"/>
		<a id="32" s="H" t="H" l="H"/>
		<a id="33" s="H" t="H" l="H"/>
		<a id="34" s="H" t="H" l="H"/>
		<a id="35" s="H" t="H" l="H"/>
		<a id="36" s="H" t="H" l="H"/>
		<a id="37" s="H" t="H" l="H"/>
		<a id="38" s="H" t="H" l="H"/>
		<a id="39" s="H" t="H" l="H"/>
		<a id="40" s="H" t="H" l="H"/>
		<a id="41" s="H" t="H" l="H"/>
		<a id="42" s="H" t="H" l="H"/>
		<a id="43" s="H" t="H" l="H"/>
		<a id="44" s="H" t="H" l="H"/>
		<a id="45" s="H" t="H" l="H"/>
		<a id="46" s="H" t="H" l="H"/>
		<a id="47" s="H" t="H" l="H"/>
		<a id="48" s="H" t="H" l="H"/>
		<a id="49" s="H" t="H" l="H"/>
		<a id="50" s="H" t="H" l="H"/>
		<a id="51" s="H" t="H" l="H"/>
		<a id="52" s="H" t="H" l="H"/>
	</atoms>
	<bonds>
		<b id="1" c="1 2" t="1"/>
		<b id="2" c="2 3" t="1"/>
		<b id="3" c="2 4" t="1"/>
		<b id="4" c="2 5" t="1"/>
		<b id="5" c="5 6" t="1"/>
		<b id="6" c="6 7" t="2"/>
		<b id="7" c="6 8" t="am"/>
		<b id="8" c="8 9" t="ar"/>
		<b id="9" c="9 10" t="ar"/>
		<b id="10" c="10 11" t="1"/>
		<b id="11" c="11 12" t="ar"/>
		<b id="12" c="12 13" t="ar"/>
		<b id="13" c="13 14" t="ar"/>
		<b id="14" c="14 15" t="ar"/>
		<b id="15" c="15 16" t="ar"/>
		<b id="16" c="16 17" t="1"/>
		<b id="17" c="16 18" t="ar"/>
		<b id="18" c="18 19" t="ar"/>
		<b id="19" c="13 19" t="ar"/>
		<b id="20" c="19 20" t="ar"/>
		<b id="21" c="11 20" t="ar"/>
		<b id="22" c="20 21" t="am"/>
		<b id="23" c="21 22" t="2"/>
		<b id="24" c="21 23" t="1"/>
		<b id="25" c="23 24" t="1"/>
		<b id="26" c="24 25" t="1"/>
		<b id="27" c="24 26" t="1"/>
		<b id="28" c="24 27" t="1"/>
		<b id="29" c="10 28" t="ar"/>
		<b id="30" c="28 29" t="ar"/>
		<b id="31" c="8 29" t="ar"/>
		<b id="32" c="1 30" t="1"/>
		<b id="33" c="1 31" t="1"/>
		<b id="34" c="1 32" t="1"/>
		<b id="35" c="3 33" t="1"/>
		<b id="36" c="3 34" t="1"/>
		<b id="37" c="3 35" t="1"/>
		<b id="38" c="4 36" t="1"/>
		<b id="39" c="4 37" t="1"/>
		<b id="40" c="4 38" t="1"/>
		<b id="41" c="9 39" t="1"/>
		<b id="42" c="12 40" t="1"/>
		<b id="43" c="14 41" t="1"/>
		<b id="44" c="18 42" t="1"/>
		<b id="45" c="25 43" t="1"/>
		<b id="46" c="25 44" t="1"/>
		<b id="47" c="25 45" t="1"/>
		<b id="48" c="26 46" t="1"/>
		<b id="49" c="26 47" t="1"/>
		<b id="50" c="26 48" t="1"/>
		<b id="51" c="27 49" t="1"/>
		<b id="52" c="27 50" t="1"/>
		<b id="53" c="27 51" t="1"/>
		<b id="54" c="28 52" t="1"/>
	</bonds>
	<geometry>
		<g u="A" t="cart/3d">#52,3:3.7300,1.6823,0.6420;5.1439,1.1602,0.3954;5.3446,0.7732,-1.0685;6.1873,2.1850,0.8352;5.4052,0.0135,1.2516;4.6855,-1.0772,1.1563;3.7691,-1.3197,0.4178;5.1322,-2.0343,2.0865;4.5940,-3.2746,2.2515;5.3078,-3.8901,3.2511;5.1520,-5.2476,3.7177;4.9101,-6.3498,2.9533;4.9428,-7.4841,3.8114;4.7710,-8.8541,3.6320;4.8605,-9.6943,4.6408;5.1153,-9.2220,5.8449;5.2199,-10.5301,7.2193;5.3094,-7.8919,6.1789;5.2220,-7.0049,5.1180;5.3388,-5.6294,5.0511;5.3750,-4.7309,6.1284;5.0014,-3.5951,6.0280;5.8559,-5.3286,7.2041;5.9689,-4.6129,8.4695;4.5889,-4.1585,8.9380;6.5514,-5.6532,9.4258;6.9216,-3.4301,8.3116;6.2840,-2.9219,3.6236;6.1647,-1.8325,2.9189;3.5789,2.6009,0.0825;3.5874,1.8872,1.7007;2.9921,0.9513,0.3223;5.2449,1.6554,-1.6943;4.6028,0.0405,-1.3745;6.3371,0.3512,-1.2108;6.0859,3.0940,0.2502;7.1859,1.7803,0.6972;6.0555,2.4202,1.8875;3.7545,-3.5941,1.6698;4.7535,-6.3593,1.8937;4.5569,-9.2875,2.6656;5.5202,-7.5915,7.1898;3.9083,-5.0064,8.9822;4.1808,-3.4140,8.2597;4.6696,-3.7230,9.9297;5.8612,-6.4835,9.5519;6.7332,-5.2010,10.3958;7.4896,-6.0376,9.0340;6.5094,-2.6973,7.6229;7.8831,-3.7712,7.9331;7.0736,-2.9560,9.2768;7.0561,-3.0094,4.3612;</g>
	</geometry>
	<conformers/>
	<properties/>
</molecule>
