<?xml version="1.0" ?>
<!--MOLLI PACKAGE EXPERIMENTAL XML FORMAT-->
<molecule name="el196">
	<atoms>
		<a id="1" s="C" t="C.3" l="C"/>
		<a id="2" s="C" t="C.2" l="C"/>
		<a id="3" s="O" t="O.2" l="O"/>
		<a id="4" s="O" t="O.3" l="O"/>
		<a id="5" s="C" t="C.3" l="C"/>
		<a id="6" s="C" t="C.3" l="C"/>
		<a id="7" s="O" t="O.3" l="O"/>
		<a id="8" s="C" t="C.3" l="C"/>
		<a id="9" s="N" t="N.ar" l="N"/>
		<a id="10" s="C" t="C.ar" l="C"/>
		<a id="11" s="N" t="N.ar" l="N"/>
		<a id="12" s="C" t="C.ar" l="C"/>
		<a id="13" s="C" t="C.ar" l="C"/>
		<a id="14" s="O" t="O.3" l="O"/>
		<a id="15" s="C" t="C.3" l="C"/>
		<a id="16" s="C" t="C.3" l="C"/>
		<a id="17" s="C" t="C.ar" l="C"/>
		<a id="18" s="C" t="C.ar" l="C"/>
		<a id="19" s="C" t="C.ar" l="C"/>
		<a id="20" s="C" t="C.ar" l="C"/>
		<a id="21" s="N" t="N.pl3" l="N"/>
		<a id="22" s="O" t="O.2" l="O"/>
		<a id="23" s="O" t="O.co2" l="O"/>
		<a id="24" s="C" t="C.ar" l="C"/>
		<a id="25" s="C" t="C.ar" l="C"/>
		<a id="26" s="N" t="N.ar" l="N"/>
		<a id="27" s="C" t="C.ar" l="C"/>
		<a id="28" s="Br" t="Br" l="BR"/>
		<a id="29" s="N" t="N.ar" l="N"/>
		<a id="30" s="C" t="C.ar" l="C"/>
		<a id="31" s="C" t="C.3" l="C"/>
		<a id="32" s="C" t="C.3" l="C"/>
		<a id="33" s="O" t="O.3" l="O"/>
		<a id="34" s="C" t="C.2" l="C"/>
		<a id="35" s="C" t="C.3" l="C"/>
		<a id="36" s="O" t="O.2" l="O"/>
		<a id="37" s="H" t="H" l="H"/>
		<a id="38" s="H" t="H" l="H"/>
		<a id="39" s="H" t="H" l="H"/>
		<a id="40" s="H" t="H" l="H"/>
		<a id="41" s="H" t="H" l="H"/>
		<a id="42" s="H" t="H" l="H"/>
		<a id="43" s="H" t="H" l="H"/>
		<a id="44" s="H" t="H" l="H"/>
		<a id="45" s="H" t="H" l="H"/>
		<a id="46" s="H" t="H" l="H"/>
		<a id="47" s="H" t="H" l="H"/>
		<a id="48" s="H" t="H" l="H"/>
		<a id="49" s="H" t="H" l="H"/>
		<a id="50" s="H" t="H" l="H"/>
		<a id="51" s="H" t="H" l="H"/>
		<a id="52" s="H" t="H" l="H"/>
		<a id="53" s="H" t="H" l="H"/>
		<a id="54" s="H" t="H" l="H"/>
		<a id="55" s="H" t="H" l="H"/>
		<a id="56" s="H" t="H" l="H"/>
		<a id="57" s="H" t="H" l="H"/>
		<a id="58" s="H" t="H" l="H"/>
	</atoms>
	<bonds>
		<b id="1" c="1 2" t="1"/>
		<b id="2" c="2 3" t="2"/>
		<b id="3" c="2 4" t="1"/>
		<b id="4" c="4 5" t="1"/>
		<b id="5" c="5 6" t="1"/>
		<b id="6" c="6 7" t="1"/>
		<b id="7" c="7 8" t="1"/>
		<b id="8" c="9 10" t="ar"/>
		<b id="9" c="10 11" t="ar"/>
		<b id="10" c="11 12" t="ar"/>
		<b id="11" c="12 13" t="ar"/>
		<b id="12" c="13 14" t="1"/>
		<b id="13" c="14 15" t="1"/>
		<b id="14" c="15 16" t="1"/>
		<b id="15" c="16 17" t="1"/>
		<b id="16" c="17 18" t="ar"/>
		<b id="17" c="18 19" t="ar"/>
		<b id="18" c="19 20" t="ar"/>
		<b id="19" c="20 21" t="1"/>
		<b id="20" c="21 22" t="2"/>
		<b id="21" c="21 23" t="1"/>
		<b id="22" c="20 24" t="ar"/>
		<b id="23" c="24 25" t="ar"/>
		<b id="24" c="17 25" t="ar"/>
		<b id="25" c="13 26" t="ar"/>
		<b id="26" c="26 27" t="ar"/>
		<b id="27" c="27 28" t="1"/>
		<b id="28" c="27 29" t="ar"/>
		<b id="29" c="29 30" t="ar"/>
		<b id="30" c="12 30" t="ar"/>
		<b id="31" c="9 30" t="ar"/>
		<b id="32" c="8 31" t="1"/>
		<b id="33" c="31 32" t="1"/>
		<b id="34" c="6 32" t="1"/>
		<b id="35" c="32 33" t="1"/>
		<b id="36" c="33 34" t="1"/>
		<b id="37" c="34 35" t="1"/>
		<b id="38" c="34 36" t="2"/>
		<b id="39" c="8 9" t="1"/>
		<b id="40" c="1 37" t="1"/>
		<b id="41" c="1 38" t="1"/>
		<b id="42" c="1 39" t="1"/>
		<b id="43" c="5 40" t="1"/>
		<b id="44" c="5 41" t="1"/>
		<b id="45" c="6 42" t="1"/>
		<b id="46" c="8 43" t="1"/>
		<b id="47" c="10 44" t="1"/>
		<b id="48" c="15 45" t="1"/>
		<b id="49" c="15 46" t="1"/>
		<b id="50" c="16 47" t="1"/>
		<b id="51" c="16 48" t="1"/>
		<b id="52" c="18 49" t="1"/>
		<b id="53" c="19 50" t="1"/>
		<b id="54" c="24 51" t="1"/>
		<b id="55" c="25 52" t="1"/>
		<b id="56" c="31 53" t="1"/>
		<b id="57" c="31 54" t="1"/>
		<b id="58" c="32 55" t="1"/>
		<b id="59" c="35 56" t="1"/>
		<b id="60" c="35 57" t="1"/>
		<b id="61" c="35 58" t="1"/>
	</bonds>
	<geometry>
		<g u="A" t="cart/3d">#58,3:6.7126,-8.4254,-6.6602;5.8157,-7.2358,-6.4618;5.7204,-6.2957,-7.2031;5.1159,-7.3617,-5.3238;4.2392,-6.3051,-4.9719;5.0163,-5.0564,-4.5344;4.1433,-4.1261,-3.9060;4.5835,-3.7920,-2.6199;3.7254,-4.3736,-1.5994;2.8929,-3.6712,-0.7635;2.2183,-4.4030,0.0612;2.5903,-5.6893,-0.2203;2.2486,-6.9506,0.2987;1.3833,-7.0878,1.2830;1.1480,-8.4127,1.7518;0.0113,-8.3482,2.7717;-0.2265,-9.6995,3.3781;0.3418,-10.0317,4.6041;0.1361,-11.2769,5.1634;-0.6433,-12.2039,4.4835;-0.8692,-13.5026,5.0666;-0.3841,-13.7211,6.1560;-1.5321,-14.2964,4.4342;-1.2113,-11.8957,3.2536;-0.9995,-10.6452,2.7094;2.8200,-8.0275,-0.2318;3.6779,-7.8780,-1.2213;4.3945,-9.4681,-1.9164;4.0919,-6.7746,-1.7913;3.5362,-5.6821,-1.2697;6.0358,-4.2576,-2.4999;6.1284,-5.3889,-3.5289;7.3748,-5.4248,-4.2092;8.4060,-5.9705,-3.5416;9.6429,-5.9962,-4.3951;8.3255,-6.3669,-2.4115;7.1336,-8.4064,-7.6602;6.1495,-9.3399,-6.4978;7.5127,-8.3881,-5.9243;3.6494,-6.6807,-4.1348;3.5886,-6.0523,-5.8150;5.4590,-4.5757,-5.4163;4.4761,-2.7061,-2.4969;2.8294,-2.6014,-0.8034;2.0650,-8.8010,2.2103;0.8917,-9.0627,0.9082;-0.8885,-7.9929,2.2677;0.2812,-7.6254,3.5418;0.9442,-9.3046,5.1269;0.5648,-11.5453,6.1166;-1.8110,-12.6373,2.7491;-1.4434,-10.3947,1.7580;6.2881,-4.5886,-1.4958;6.7085,-3.4515,-2.7943;5.9546,-6.3602,-3.0536;9.3924,-5.7790,-5.4292;10.1204,-6.9687,-4.3077;10.3396,-5.2467,-4.0242;</g>
	</geometry>
	<conformers/>
	<properties/>
</molecule>
