<?xml version="1.0" ?>
<!--MOLLI PACKAGE EXPERIMENTAL XML FORMAT-->
<molecule name="el200">
	<atoms>
		<a id="1" s="C" t="C.3" l="C"/>
		<a id="2" s="O" t="O.3" l="O"/>
		<a id="3" s="C" t="C.2" l="C"/>
		<a id="4" s="O" t="O.2" l="O"/>
		<a id="5" s="C" t="C.ar" l="C"/>
		<a id="6" s="C" t="C.ar" l="C"/>
		<a id="7" s="C" t="C.ar" l="C"/>
		<a id="8" s="Br" t="Br" l="BR"/>
		<a id="9" s="C" t="C.ar" l="C"/>
		<a id="10" s="N" t="N.ar" l="N"/>
		<a id="11" s="C" t="C.ar" l="C"/>
		<a id="12" s="N" t="N.pl3" l="N"/>
		<a id="13" s="C" t="C.ar" l="C"/>
		<a id="14" s="C" t="C.ar" l="C"/>
		<a id="15" s="C" t="C.ar" l="C"/>
		<a id="16" s="C" t="C.ar" l="C"/>
		<a id="17" s="C" t="C.ar" l="C"/>
		<a id="18" s="C" t="C.ar" l="C"/>
		<a id="19" s="F" t="F" l="F"/>
		<a id="20" s="H" t="H" l="H"/>
		<a id="21" s="H" t="H" l="H"/>
		<a id="22" s="H" t="H" l="H"/>
		<a id="23" s="H" t="H" l="H"/>
		<a id="24" s="H" t="H" l="H"/>
		<a id="25" s="H" t="H" l="H"/>
		<a id="26" s="H" t="H" l="H"/>
		<a id="27" s="H" t="H" l="H"/>
		<a id="28" s="H" t="H" l="H"/>
		<a id="29" s="H" t="H" l="H"/>
	</atoms>
	<bonds>
		<b id="1" c="1 2" t="1"/>
		<b id="2" c="2 3" t="1"/>
		<b id="3" c="3 4" t="2"/>
		<b id="4" c="3 5" t="1"/>
		<b id="5" c="5 6" t="ar"/>
		<b id="6" c="6 7" t="ar"/>
		<b id="7" c="7 8" t="1"/>
		<b id="8" c="7 9" t="ar"/>
		<b id="9" c="9 10" t="ar"/>
		<b id="10" c="10 11" t="ar"/>
		<b id="11" c="5 11" t="ar"/>
		<b id="12" c="11 12" t="1"/>
		<b id="13" c="12 13" t="1"/>
		<b id="14" c="13 14" t="ar"/>
		<b id="15" c="14 15" t="ar"/>
		<b id="16" c="15 16" t="ar"/>
		<b id="17" c="16 17" t="ar"/>
		<b id="18" c="17 18" t="ar"/>
		<b id="19" c="13 18" t="ar"/>
		<b id="20" c="18 19" t="1"/>
		<b id="21" c="1 20" t="1"/>
		<b id="22" c="1 21" t="1"/>
		<b id="23" c="1 22" t="1"/>
		<b id="24" c="6 23" t="1"/>
		<b id="25" c="9 24" t="1"/>
		<b id="26" c="12 25" t="1"/>
		<b id="27" c="14 26" t="1"/>
		<b id="28" c="15 27" t="1"/>
		<b id="29" c="16 28" t="1"/>
		<b id="30" c="17 29" t="1"/>
	</bonds>
	<geometry>
		<g u="A" t="cart/3d">#29,3:1.2338,1.1132,2.3170;2.5851,0.6863,2.1920;3.2789,1.2008,1.1572;2.7895,1.9826,0.3810;4.6775,0.7221,1.0562;5.3873,1.2037,-0.0400;6.6992,0.8148,-0.2367;7.6933,1.4531,-1.7222;7.2757,-0.0573,0.6758;6.6239,-0.5160,1.7177;5.3558,-0.1609,1.9448;4.7387,-0.6589,3.0408;5.2031,-1.5143,4.0290;6.4842,-2.0560,4.1028;6.8289,-2.8964,5.1469;5.9178,-3.2190,6.1375;4.6369,-2.6939,6.0857;4.3029,-1.8589,5.0436;3.0463,-1.3410,4.9889;0.8478,0.6205,3.2052;0.6636,0.8210,1.4337;1.1893,2.1979,2.4235;4.8881,1.8779,-0.7206;8.2962,-0.3981,0.5653;3.7749,-0.3649,3.1608;7.1960,-1.8073,3.3349;7.8282,-3.3027,5.1842;6.1967,-3.8737,6.9478;3.8989,-2.9228,6.8381;</g>
	</geometry>
	<conformers/>
	<properties/>
</molecule>
