<?xml version="1.0" ?>
<!--MOLLI PACKAGE EXPERIMENTAL XML FORMAT-->
<molecule name="el2">
	<atoms>
		<a id="1" s="C" t="C.3" l="C"/>
		<a id="2" s="C" t="C.3" l="C"/>
		<a id="3" s="O" t="O.3" l="O"/>
		<a id="4" s="C" t="C.2" l="C"/>
		<a id="5" s="O" t="O.2" l="O"/>
		<a id="6" s="C" t="C.ar" l="C"/>
		<a id="7" s="C" t="C.ar" l="C"/>
		<a id="8" s="N" t="N.ar" l="N"/>
		<a id="9" s="C" t="C.ar" l="C"/>
		<a id="10" s="C" t="C.ar" l="C"/>
		<a id="11" s="C" t="C.ar" l="C"/>
		<a id="12" s="O" t="O.3" l="O"/>
		<a id="13" s="C" t="C.3" l="C"/>
		<a id="14" s="C" t="C.ar" l="C"/>
		<a id="15" s="Br" t="Br" l="BR"/>
		<a id="16" s="C" t="C.ar" l="C"/>
		<a id="17" s="C" t="C.ar" l="C"/>
		<a id="18" s="C" t="C.ar" l="C"/>
		<a id="19" s="N" t="N.pl3" l="N"/>
		<a id="20" s="C" t="C.ar" l="C"/>
		<a id="21" s="C" t="C.ar" l="C"/>
		<a id="22" s="C" t="C.ar" l="C"/>
		<a id="23" s="C" t="C.ar" l="C"/>
		<a id="24" s="F" t="F" l="F"/>
		<a id="25" s="C" t="C.ar" l="C"/>
		<a id="26" s="C" t="C.ar" l="C"/>
		<a id="27" s="F" t="F" l="F"/>
		<a id="28" s="H" t="H" l="H"/>
		<a id="29" s="H" t="H" l="H"/>
		<a id="30" s="H" t="H" l="H"/>
		<a id="31" s="H" t="H" l="H"/>
		<a id="32" s="H" t="H" l="H"/>
		<a id="33" s="H" t="H" l="H"/>
		<a id="34" s="H" t="H" l="H"/>
		<a id="35" s="H" t="H" l="H"/>
		<a id="36" s="H" t="H" l="H"/>
		<a id="37" s="H" t="H" l="H"/>
		<a id="38" s="H" t="H" l="H"/>
		<a id="39" s="H" t="H" l="H"/>
		<a id="40" s="H" t="H" l="H"/>
		<a id="41" s="H" t="H" l="H"/>
		<a id="42" s="H" t="H" l="H"/>
	</atoms>
	<bonds>
		<b id="1" c="1 2" t="1"/>
		<b id="2" c="2 3" t="1"/>
		<b id="3" c="3 4" t="1"/>
		<b id="4" c="4 5" t="2"/>
		<b id="5" c="4 6" t="1"/>
		<b id="6" c="6 7" t="ar"/>
		<b id="7" c="7 8" t="ar"/>
		<b id="8" c="8 9" t="ar"/>
		<b id="9" c="9 10" t="ar"/>
		<b id="10" c="10 11" t="ar"/>
		<b id="11" c="11 12" t="1"/>
		<b id="12" c="12 13" t="1"/>
		<b id="13" c="11 14" t="ar"/>
		<b id="14" c="14 15" t="1"/>
		<b id="15" c="14 16" t="ar"/>
		<b id="16" c="16 17" t="ar"/>
		<b id="17" c="9 17" t="ar"/>
		<b id="18" c="17 18" t="ar"/>
		<b id="19" c="6 18" t="ar"/>
		<b id="20" c="18 19" t="1"/>
		<b id="21" c="19 20" t="1"/>
		<b id="22" c="20 21" t="ar"/>
		<b id="23" c="21 22" t="ar"/>
		<b id="24" c="22 23" t="ar"/>
		<b id="25" c="23 24" t="1"/>
		<b id="26" c="23 25" t="ar"/>
		<b id="27" c="25 26" t="ar"/>
		<b id="28" c="20 26" t="ar"/>
		<b id="29" c="26 27" t="1"/>
		<b id="30" c="1 28" t="1"/>
		<b id="31" c="1 29" t="1"/>
		<b id="32" c="1 30" t="1"/>
		<b id="33" c="2 31" t="1"/>
		<b id="34" c="2 32" t="1"/>
		<b id="35" c="7 33" t="1"/>
		<b id="36" c="10 34" t="1"/>
		<b id="37" c="13 35" t="1"/>
		<b id="38" c="13 36" t="1"/>
		<b id="39" c="13 37" t="1"/>
		<b id="40" c="16 38" t="1"/>
		<b id="41" c="19 39" t="1"/>
		<b id="42" c="21 40" t="1"/>
		<b id="43" c="22 41" t="1"/>
		<b id="44" c="25 42" t="1"/>
	</bonds>
	<geometry>
		<g u="A" t="cart/3d">#42,3:1.6035,0.0907,0.5300;3.0327,0.0541,1.0499;3.5536,1.3758,1.2144;4.1281,1.9533,0.1360;4.2526,1.3863,-0.9209;4.6215,3.3203,0.3943;5.5788,3.8087,-0.5284;6.1162,4.9872,-0.4988;5.7962,5.8004,0.5332;6.4325,7.0399,0.6275;6.2357,7.9206,1.6816;6.9428,9.0616,1.5574;6.8542,10.1547,2.4461;5.3678,7.4922,2.7129;5.0243,8.4576,4.3381;4.7052,6.2915,2.6282;4.8542,5.4309,1.5322;4.1813,4.1762,1.4079;3.1798,3.8100,2.2674;2.1381,4.5776,2.7584;1.7694,5.8260,2.2527;0.7033,6.5233,2.7871;-0.0218,5.9677,3.8261;-1.0599,6.6463,4.3463;0.2828,4.7170,4.3358;1.3548,4.0460,3.7898;1.6626,2.8126,4.2523;1.2188,-0.9220,0.4554;1.5782,0.5496,-0.4557;0.9682,0.6613,1.2042;3.6780,-0.4939,0.3571;3.0817,-0.3949,2.0440;5.8741,3.1579,-1.3408;7.1256,7.3234,-0.1475;7.4653,10.9310,1.9862;7.2645,9.9187,3.4304;5.8305,10.5216,2.5468;4.0782,5.9952,3.4546;3.0487,2.8070,2.3535;2.3223,6.2467,1.4283;0.4253,7.4892,2.3982;-0.2950,4.2792,5.1328;</g>
	</geometry>
	<conformers/>
	<properties/>
</molecule>
