<?xml version="1.0" ?>
<!--MOLLI PACKAGE EXPERIMENTAL XML FORMAT-->
<molecule name="el201">
	<atoms>
		<a id="1" s="C" t="C.3" l="C"/>
		<a id="2" s="O" t="O.3" l="O"/>
		<a id="3" s="C" t="C.2" l="C"/>
		<a id="4" s="O" t="O.2" l="O"/>
		<a id="5" s="C" t="C.ar" l="C"/>
		<a id="6" s="C" t="C.ar" l="C"/>
		<a id="7" s="C" t="C.ar" l="C"/>
		<a id="8" s="Br" t="Br" l="BR"/>
		<a id="9" s="C" t="C.ar" l="C"/>
		<a id="10" s="N" t="N.ar" l="N"/>
		<a id="11" s="C" t="C.ar" l="C"/>
		<a id="12" s="N" t="N.pl3" l="N"/>
		<a id="13" s="C" t="C.3" l="C"/>
		<a id="14" s="C" t="C.3" l="C"/>
		<a id="15" s="C" t="C.ar" l="C"/>
		<a id="16" s="C" t="C.ar" l="C"/>
		<a id="17" s="C" t="C.ar" l="C"/>
		<a id="18" s="C" t="C.ar" l="C"/>
		<a id="19" s="C" t="C.ar" l="C"/>
		<a id="20" s="C" t="C.ar" l="C"/>
		<a id="21" s="H" t="H" l="H"/>
		<a id="22" s="H" t="H" l="H"/>
		<a id="23" s="H" t="H" l="H"/>
		<a id="24" s="H" t="H" l="H"/>
		<a id="25" s="H" t="H" l="H"/>
		<a id="26" s="H" t="H" l="H"/>
		<a id="27" s="H" t="H" l="H"/>
		<a id="28" s="H" t="H" l="H"/>
		<a id="29" s="H" t="H" l="H"/>
		<a id="30" s="H" t="H" l="H"/>
		<a id="31" s="H" t="H" l="H"/>
		<a id="32" s="H" t="H" l="H"/>
		<a id="33" s="H" t="H" l="H"/>
		<a id="34" s="H" t="H" l="H"/>
		<a id="35" s="H" t="H" l="H"/>
	</atoms>
	<bonds>
		<b id="1" c="1 2" t="1"/>
		<b id="2" c="2 3" t="1"/>
		<b id="3" c="3 4" t="2"/>
		<b id="4" c="3 5" t="1"/>
		<b id="5" c="5 6" t="ar"/>
		<b id="6" c="6 7" t="ar"/>
		<b id="7" c="7 8" t="1"/>
		<b id="8" c="7 9" t="ar"/>
		<b id="9" c="9 10" t="ar"/>
		<b id="10" c="10 11" t="ar"/>
		<b id="11" c="5 11" t="ar"/>
		<b id="12" c="11 12" t="1"/>
		<b id="13" c="12 13" t="1"/>
		<b id="14" c="13 14" t="1"/>
		<b id="15" c="13 15" t="1"/>
		<b id="16" c="15 16" t="ar"/>
		<b id="17" c="16 17" t="ar"/>
		<b id="18" c="17 18" t="ar"/>
		<b id="19" c="18 19" t="ar"/>
		<b id="20" c="19 20" t="ar"/>
		<b id="21" c="15 20" t="ar"/>
		<b id="22" c="1 21" t="1"/>
		<b id="23" c="1 22" t="1"/>
		<b id="24" c="1 23" t="1"/>
		<b id="25" c="6 24" t="1"/>
		<b id="26" c="9 25" t="1"/>
		<b id="27" c="12 26" t="1"/>
		<b id="28" c="13 27" t="1"/>
		<b id="29" c="14 28" t="1"/>
		<b id="30" c="14 29" t="1"/>
		<b id="31" c="14 30" t="1"/>
		<b id="32" c="16 31" t="1"/>
		<b id="33" c="17 32" t="1"/>
		<b id="34" c="18 33" t="1"/>
		<b id="35" c="19 34" t="1"/>
		<b id="36" c="20 35" t="1"/>
	</bonds>
	<geometry>
		<g u="A" t="cart/3d">#35,3:7.2963,-4.1107,-4.0046;6.4865,-3.2361,-3.2300;6.9520,-2.9576,-1.9886;7.9919,-3.4172,-1.5839;6.0939,-2.0573,-1.1986;6.5610,-1.7423,0.0747;5.8226,-0.9053,0.8882;6.4326,-0.4530,2.6308;4.6235,-0.3941,0.4089;4.1659,-0.6749,-0.7866;4.8523,-1.4883,-1.6050;4.3012,-1.7304,-2.7996;3.0409,-1.1641,-3.2368;3.2672,0.1847,-3.9303;2.3458,-2.1389,-4.1558;1.0535,-2.5655,-3.8833;0.4106,-3.4522,-4.7299;1.0558,-3.9264,-5.8586;2.3450,-3.5065,-6.1388;2.9845,-2.6172,-5.2942;6.8236,-4.1764,-4.9813;7.3448,-5.0950,-3.5356;8.3088,-3.7123,-4.0905;7.5004,-2.1652,0.3994;4.0133,0.2675,1.0093;4.8095,-2.3138,-3.4453;2.4382,-0.9961,-2.3390;3.9106,0.0679,-4.7989;3.7344,0.8762,-3.2344;2.3159,0.5978,-4.2544;0.5474,-2.1998,-3.0017;-0.5951,-3.7756,-4.5057;0.5569,-4.6207,-6.5181;2.8529,-3.8716,-7.0195;3.9873,-2.2897,-5.5306;</g>
	</geometry>
	<conformers/>
	<properties/>
</molecule>
