<?xml version="1.0" ?>
<!--MOLLI PACKAGE EXPERIMENTAL XML FORMAT-->
<molecule name="el207">
	<atoms>
		<a id="1" s="C" t="C.3" l="C"/>
		<a id="2" s="O" t="O.3" l="O"/>
		<a id="3" s="C" t="C.2" l="C"/>
		<a id="4" s="O" t="O.2" l="O"/>
		<a id="5" s="C" t="C.ar" l="C"/>
		<a id="6" s="C" t="C.ar" l="C"/>
		<a id="7" s="C" t="C.ar" l="C"/>
		<a id="8" s="Br" t="Br" l="BR"/>
		<a id="9" s="C" t="C.ar" l="C"/>
		<a id="10" s="N" t="N.ar" l="N"/>
		<a id="11" s="C" t="C.ar" l="C"/>
		<a id="12" s="N" t="N.pl3" l="N"/>
		<a id="13" s="C" t="C.3" l="C"/>
		<a id="14" s="C" t="C.3" l="C"/>
		<a id="15" s="C" t="C.3" l="C"/>
		<a id="16" s="H" t="H" l="H"/>
		<a id="17" s="H" t="H" l="H"/>
		<a id="18" s="H" t="H" l="H"/>
		<a id="19" s="H" t="H" l="H"/>
		<a id="20" s="H" t="H" l="H"/>
		<a id="21" s="H" t="H" l="H"/>
		<a id="22" s="H" t="H" l="H"/>
		<a id="23" s="H" t="H" l="H"/>
		<a id="24" s="H" t="H" l="H"/>
		<a id="25" s="H" t="H" l="H"/>
		<a id="26" s="H" t="H" l="H"/>
		<a id="27" s="H" t="H" l="H"/>
		<a id="28" s="H" t="H" l="H"/>
	</atoms>
	<bonds>
		<b id="1" c="1 2" t="1"/>
		<b id="2" c="2 3" t="1"/>
		<b id="3" c="3 4" t="2"/>
		<b id="4" c="3 5" t="1"/>
		<b id="5" c="5 6" t="ar"/>
		<b id="6" c="6 7" t="ar"/>
		<b id="7" c="7 8" t="1"/>
		<b id="8" c="7 9" t="ar"/>
		<b id="9" c="9 10" t="ar"/>
		<b id="10" c="10 11" t="ar"/>
		<b id="11" c="5 11" t="ar"/>
		<b id="12" c="11 12" t="1"/>
		<b id="13" c="12 13" t="1"/>
		<b id="14" c="13 14" t="1"/>
		<b id="15" c="13 15" t="1"/>
		<b id="16" c="1 16" t="1"/>
		<b id="17" c="1 17" t="1"/>
		<b id="18" c="1 18" t="1"/>
		<b id="19" c="6 19" t="1"/>
		<b id="20" c="9 20" t="1"/>
		<b id="21" c="12 21" t="1"/>
		<b id="22" c="13 22" t="1"/>
		<b id="23" c="14 23" t="1"/>
		<b id="24" c="14 24" t="1"/>
		<b id="25" c="14 25" t="1"/>
		<b id="26" c="15 26" t="1"/>
		<b id="27" c="15 27" t="1"/>
		<b id="28" c="15 28" t="1"/>
	</bonds>
	<geometry>
		<g u="A" t="cart/3d">#28,3:1.0426,-0.5487,-2.4202;2.3790,-0.0925,-2.2570;3.1606,-0.8582,-1.4587;2.7423,-1.8635,-0.9385;4.5377,-0.3623,-1.2873;5.3524,-1.1289,-0.4575;6.6582,-0.7412,-0.2295;7.7972,-1.7659,0.8957;7.1273,0.4146,-0.8402;6.3802,1.1475,-1.6285;5.1057,0.8052,-1.8748;4.4158,1.6244,-2.6777;4.9749,2.7909,-3.3291;5.4214,2.4413,-4.7493;3.9295,3.9011,-3.3319;0.5807,0.1164,-3.1466;0.5105,-0.5055,-1.4674;1.0356,-1.5797,-2.7800;4.9372,-2.0181,-0.0062;8.1418,0.7596,-0.6887;3.4766,1.3561,-2.9275;5.8467,3.0909,-2.7411;4.5739,2.1046,-5.3430;6.1653,1.6496,-4.7198;5.8591,3.3116,-5.2298;3.0617,3.6035,-3.9179;4.3447,4.8053,-3.7674;3.6063,4.1216,-2.3176;</g>
	</geometry>
	<conformers/>
	<properties/>
</molecule>
