<?xml version="1.0" ?>
<!--MOLLI PACKAGE EXPERIMENTAL XML FORMAT-->
<molecule name="el208">
	<atoms>
		<a id="1" s="C" t="C.3" l="C"/>
		<a id="2" s="O" t="O.3" l="O"/>
		<a id="3" s="C" t="C.2" l="C"/>
		<a id="4" s="O" t="O.2" l="O"/>
		<a id="5" s="C" t="C.ar" l="C"/>
		<a id="6" s="C" t="C.ar" l="C"/>
		<a id="7" s="C" t="C.ar" l="C"/>
		<a id="8" s="Br" t="Br" l="BR"/>
		<a id="9" s="C" t="C.ar" l="C"/>
		<a id="10" s="N" t="N.ar" l="N"/>
		<a id="11" s="C" t="C.ar" l="C"/>
		<a id="12" s="N" t="N.pl3" l="N"/>
		<a id="13" s="C" t="C.3" l="C"/>
		<a id="14" s="C" t="C.3" l="C"/>
		<a id="15" s="C" t="C.3" l="C"/>
		<a id="16" s="C" t="C.3" l="C"/>
		<a id="17" s="H" t="H" l="H"/>
		<a id="18" s="H" t="H" l="H"/>
		<a id="19" s="H" t="H" l="H"/>
		<a id="20" s="H" t="H" l="H"/>
		<a id="21" s="H" t="H" l="H"/>
		<a id="22" s="H" t="H" l="H"/>
		<a id="23" s="H" t="H" l="H"/>
		<a id="24" s="H" t="H" l="H"/>
		<a id="25" s="H" t="H" l="H"/>
		<a id="26" s="H" t="H" l="H"/>
		<a id="27" s="H" t="H" l="H"/>
		<a id="28" s="H" t="H" l="H"/>
		<a id="29" s="H" t="H" l="H"/>
		<a id="30" s="H" t="H" l="H"/>
		<a id="31" s="H" t="H" l="H"/>
	</atoms>
	<bonds>
		<b id="1" c="1 2" t="1"/>
		<b id="2" c="2 3" t="1"/>
		<b id="3" c="3 4" t="2"/>
		<b id="4" c="3 5" t="1"/>
		<b id="5" c="5 6" t="ar"/>
		<b id="6" c="6 7" t="ar"/>
		<b id="7" c="7 8" t="1"/>
		<b id="8" c="7 9" t="ar"/>
		<b id="9" c="9 10" t="ar"/>
		<b id="10" c="10 11" t="ar"/>
		<b id="11" c="5 11" t="ar"/>
		<b id="12" c="11 12" t="1"/>
		<b id="13" c="12 13" t="1"/>
		<b id="14" c="13 14" t="1"/>
		<b id="15" c="14 15" t="1"/>
		<b id="16" c="14 16" t="1"/>
		<b id="17" c="1 17" t="1"/>
		<b id="18" c="1 18" t="1"/>
		<b id="19" c="1 19" t="1"/>
		<b id="20" c="6 20" t="1"/>
		<b id="21" c="9 21" t="1"/>
		<b id="22" c="12 22" t="1"/>
		<b id="23" c="13 23" t="1"/>
		<b id="24" c="13 24" t="1"/>
		<b id="25" c="14 25" t="1"/>
		<b id="26" c="15 26" t="1"/>
		<b id="27" c="15 27" t="1"/>
		<b id="28" c="15 28" t="1"/>
		<b id="29" c="16 29" t="1"/>
		<b id="30" c="16 30" t="1"/>
		<b id="31" c="16 31" t="1"/>
	</bonds>
	<geometry>
		<g u="A" t="cart/3d">#31,3:0.8336,-0.8115,-0.7943;2.1964,-1.1758,-0.9751;3.0197,-0.8903,0.0603;2.6150,-0.3557,1.0629;4.4245,-1.2873,-0.1426;5.3080,-0.8988,0.8616;6.6403,-1.2525,0.7758;7.8748,-0.7383,2.1264;7.0644,-1.9974,-0.3168;6.2502,-2.3758,-1.2703;4.9490,-2.0456,-1.2287;4.1964,-2.4543,-2.2595;4.6541,-3.3575,-3.2851;4.0518,-4.7622,-3.1302;4.5015,-5.6422,-4.2925;4.4630,-5.3781,-1.7969;0.3413,-0.9988,-1.7441;0.7560,0.2411,-0.5205;0.3845,-1.4140,-0.0034;4.9249,-0.3275,1.6947;8.0975,-2.3009,-0.4244;3.2098,-2.2487,-2.2242;5.7403,-3.4077,-3.2139;4.3746,-2.9469,-4.2598;2.9594,-4.6746,-3.1558;5.5837,-5.7452,-4.2900;4.1987,-5.2115,-5.2438;4.0628,-6.6330,-4.2098;5.5457,-5.4526,-1.7355;4.0398,-6.3738,-1.6918;4.1155,-4.7702,-0.9646;</g>
	</geometry>
	<conformers/>
	<properties/>
</molecule>
