<?xml version="1.0" ?>
<!--MOLLI PACKAGE EXPERIMENTAL XML FORMAT-->
<molecule name="el212">
	<atoms>
		<a id="1" s="C" t="C.3" l="C"/>
		<a id="2" s="O" t="O.3" l="O"/>
		<a id="3" s="C" t="C.2" l="C"/>
		<a id="4" s="O" t="O.2" l="O"/>
		<a id="5" s="C" t="C.ar" l="C"/>
		<a id="6" s="C" t="C.ar" l="C"/>
		<a id="7" s="Br" t="Br" l="BR"/>
		<a id="8" s="C" t="C.ar" l="C"/>
		<a id="9" s="C" t="C.ar" l="C"/>
		<a id="10" s="O" t="O.3" l="O"/>
		<a id="11" s="C" t="C.3" l="C"/>
		<a id="12" s="C" t="C.ar" l="C"/>
		<a id="13" s="C" t="C.3" l="C"/>
		<a id="14" s="C" t="C.2" l="C"/>
		<a id="15" s="C" t="C.2" l="C"/>
		<a id="16" s="C" t="C.3" l="C"/>
		<a id="17" s="C" t="C.3" l="C"/>
		<a id="18" s="C" t="C.ar" l="C"/>
		<a id="19" s="O" t="O.3" l="O"/>
		<a id="20" s="C" t="C.2" l="C"/>
		<a id="21" s="C" t="C.3" l="C"/>
		<a id="22" s="O" t="O.2" l="O"/>
		<a id="23" s="H" t="H" l="H"/>
		<a id="24" s="H" t="H" l="H"/>
		<a id="25" s="H" t="H" l="H"/>
		<a id="26" s="H" t="H" l="H"/>
		<a id="27" s="H" t="H" l="H"/>
		<a id="28" s="H" t="H" l="H"/>
		<a id="29" s="H" t="H" l="H"/>
		<a id="30" s="H" t="H" l="H"/>
		<a id="31" s="H" t="H" l="H"/>
		<a id="32" s="H" t="H" l="H"/>
		<a id="33" s="H" t="H" l="H"/>
		<a id="34" s="H" t="H" l="H"/>
		<a id="35" s="H" t="H" l="H"/>
		<a id="36" s="H" t="H" l="H"/>
		<a id="37" s="H" t="H" l="H"/>
		<a id="38" s="H" t="H" l="H"/>
		<a id="39" s="H" t="H" l="H"/>
		<a id="40" s="H" t="H" l="H"/>
		<a id="41" s="H" t="H" l="H"/>
	</atoms>
	<bonds>
		<b id="1" c="1 2" t="1"/>
		<b id="2" c="2 3" t="1"/>
		<b id="3" c="3 4" t="2"/>
		<b id="4" c="3 5" t="1"/>
		<b id="5" c="5 6" t="ar"/>
		<b id="6" c="6 7" t="1"/>
		<b id="7" c="6 8" t="ar"/>
		<b id="8" c="8 9" t="ar"/>
		<b id="9" c="9 10" t="1"/>
		<b id="10" c="10 11" t="1"/>
		<b id="11" c="9 12" t="ar"/>
		<b id="12" c="12 13" t="1"/>
		<b id="13" c="13 14" t="1"/>
		<b id="14" c="14 15" t="2"/>
		<b id="15" c="15 16" t="1"/>
		<b id="16" c="15 17" t="1"/>
		<b id="17" c="12 18" t="ar"/>
		<b id="18" c="5 18" t="ar"/>
		<b id="19" c="18 19" t="1"/>
		<b id="20" c="19 20" t="1"/>
		<b id="21" c="20 21" t="1"/>
		<b id="22" c="20 22" t="2"/>
		<b id="23" c="1 23" t="1"/>
		<b id="24" c="1 24" t="1"/>
		<b id="25" c="1 25" t="1"/>
		<b id="26" c="8 26" t="1"/>
		<b id="27" c="11 27" t="1"/>
		<b id="28" c="11 28" t="1"/>
		<b id="29" c="11 29" t="1"/>
		<b id="30" c="13 30" t="1"/>
		<b id="31" c="13 31" t="1"/>
		<b id="32" c="14 32" t="1"/>
		<b id="33" c="16 33" t="1"/>
		<b id="34" c="16 34" t="1"/>
		<b id="35" c="16 35" t="1"/>
		<b id="36" c="17 36" t="1"/>
		<b id="37" c="17 37" t="1"/>
		<b id="38" c="17 38" t="1"/>
		<b id="39" c="21 39" t="1"/>
		<b id="40" c="21 40" t="1"/>
		<b id="41" c="21 41" t="1"/>
	</bonds>
	<geometry>
		<g u="A" t="cart/3d">#41,3:1.1665,-0.8702,-1.5265;2.5733,-0.6774,-1.5192;3.2379,-1.3487,-0.5653;2.6965,-2.0283,0.2635;4.7085,-1.1303,-0.6381;5.4745,-1.0704,0.5260;4.6685,-1.1341,2.2307;6.8437,-0.9371,0.4694;7.5122,-0.8647,-0.7546;8.8578,-0.7352,-0.6452;9.7321,-1.4041,-1.5388;6.7722,-0.8736,-1.9443;7.3684,-0.7173,-3.3201;7.5930,-2.0596,-3.9685;8.4980,-2.3599,-4.8918;9.4883,-1.3912,-5.4655;8.6054,-3.7497,-5.4469;5.3867,-1.0229,-1.8539;4.6899,-1.0332,-3.0515;3.9313,-2.1033,-3.3637;3.2523,-1.8840,-4.6860;3.8567,-3.0912,-2.6888;0.7738,-0.2096,-2.2953;0.7461,-0.6201,-0.5504;0.9331,-1.9124,-1.7542;7.4300,-0.8960,1.3735;10.5230,-1.8381,-0.9237;10.1840,-0.6979,-2.2396;9.2280,-2.1976,-2.0904;8.2874,-0.1381,-3.2639;6.6568,-0.1490,-3.9279;6.9137,-2.8344,-3.6342;9.3048,-0.3714,-5.1437;9.4413,-1.4197,-6.5531;10.4997,-1.6760,-5.1742;7.9020,-4.4239,-4.9658;9.6144,-4.1348,-5.3028;8.4053,-3.7449,-6.5181;2.8723,-0.8686,-4.7416;2.4499,-2.6044,-4.8082;3.9832,-2.0241,-5.4799;</g>
	</geometry>
	<conformers/>
	<properties/>
</molecule>
