<?xml version="1.0" ?>
<!--MOLLI PACKAGE EXPERIMENTAL XML FORMAT-->
<molecule name="el213">
	<atoms>
		<a id="1" s="C" t="C.3" l="C"/>
		<a id="2" s="O" t="O.3" l="O"/>
		<a id="3" s="C" t="C.ar" l="C"/>
		<a id="4" s="C" t="C.ar" l="C"/>
		<a id="5" s="C" t="C.ar" l="C"/>
		<a id="6" s="C" t="C.ar" l="C"/>
		<a id="7" s="N" t="N.pl3" l="N"/>
		<a id="8" s="C" t="C.3" l="C"/>
		<a id="9" s="C" t="C.3" l="C"/>
		<a id="10" s="C" t="C.3" l="C"/>
		<a id="11" s="N" t="N.3" l="N"/>
		<a id="12" s="C" t="C.3" l="C"/>
		<a id="13" s="C" t="C.3" l="C"/>
		<a id="14" s="C" t="C.3" l="C"/>
		<a id="15" s="C" t="C.3" l="C"/>
		<a id="16" s="C" t="C.3" l="C"/>
		<a id="17" s="N" t="N.ar" l="N"/>
		<a id="18" s="C" t="C.ar" l="C"/>
		<a id="19" s="C" t="C.3" l="C"/>
		<a id="20" s="C" t="C.3" l="C"/>
		<a id="21" s="C" t="C.3" l="C"/>
		<a id="22" s="C" t="C.3" l="C"/>
		<a id="23" s="C" t="C.3" l="C"/>
		<a id="24" s="C" t="C.3" l="C"/>
		<a id="25" s="N" t="N.ar" l="N"/>
		<a id="26" s="C" t="C.ar" l="C"/>
		<a id="27" s="C" t="C.ar" l="C"/>
		<a id="28" s="C" t="C.ar" l="C"/>
		<a id="29" s="Br" t="Br" l="BR"/>
		<a id="30" s="H" t="H" l="H"/>
		<a id="31" s="H" t="H" l="H"/>
		<a id="32" s="H" t="H" l="H"/>
		<a id="33" s="H" t="H" l="H"/>
		<a id="34" s="H" t="H" l="H"/>
		<a id="35" s="H" t="H" l="H"/>
		<a id="36" s="H" t="H" l="H"/>
		<a id="37" s="H" t="H" l="H"/>
		<a id="38" s="H" t="H" l="H"/>
		<a id="39" s="H" t="H" l="H"/>
		<a id="40" s="H" t="H" l="H"/>
		<a id="41" s="H" t="H" l="H"/>
		<a id="42" s="H" t="H" l="H"/>
		<a id="43" s="H" t="H" l="H"/>
		<a id="44" s="H" t="H" l="H"/>
		<a id="45" s="H" t="H" l="H"/>
		<a id="46" s="H" t="H" l="H"/>
		<a id="47" s="H" t="H" l="H"/>
		<a id="48" s="H" t="H" l="H"/>
		<a id="49" s="H" t="H" l="H"/>
		<a id="50" s="H" t="H" l="H"/>
		<a id="51" s="H" t="H" l="H"/>
		<a id="52" s="H" t="H" l="H"/>
		<a id="53" s="H" t="H" l="H"/>
		<a id="54" s="H" t="H" l="H"/>
		<a id="55" s="H" t="H" l="H"/>
		<a id="56" s="H" t="H" l="H"/>
		<a id="57" s="H" t="H" l="H"/>
		<a id="58" s="H" t="H" l="H"/>
		<a id="59" s="H" t="H" l="H"/>
		<a id="60" s="H" t="H" l="H"/>
		<a id="61" s="H" t="H" l="H"/>
		<a id="62" s="H" t="H" l="H"/>
	</atoms>
	<bonds>
		<b id="1" c="1 2" t="1"/>
		<b id="2" c="2 3" t="1"/>
		<b id="3" c="3 4" t="ar"/>
		<b id="4" c="4 5" t="ar"/>
		<b id="5" c="5 6" t="ar"/>
		<b id="6" c="6 7" t="1"/>
		<b id="7" c="7 8" t="1"/>
		<b id="8" c="8 9" t="1"/>
		<b id="9" c="9 10" t="1"/>
		<b id="10" c="10 11" t="1"/>
		<b id="11" c="11 12" t="1"/>
		<b id="12" c="12 13" t="1"/>
		<b id="13" c="12 14" t="1"/>
		<b id="14" c="11 15" t="1"/>
		<b id="15" c="15 16" t="1"/>
		<b id="16" c="8 16" t="1"/>
		<b id="17" c="6 17" t="ar"/>
		<b id="18" c="17 18" t="ar"/>
		<b id="19" c="18 19" t="1"/>
		<b id="20" c="19 20" t="1"/>
		<b id="21" c="20 21" t="1"/>
		<b id="22" c="21 22" t="1"/>
		<b id="23" c="22 23" t="1"/>
		<b id="24" c="23 24" t="1"/>
		<b id="25" c="19 24" t="1"/>
		<b id="26" c="18 25" t="ar"/>
		<b id="27" c="25 26" t="ar"/>
		<b id="28" c="5 26" t="ar"/>
		<b id="29" c="26 27" t="ar"/>
		<b id="30" c="27 28" t="ar"/>
		<b id="31" c="3 28" t="ar"/>
		<b id="32" c="28 29" t="1"/>
		<b id="33" c="1 30" t="1"/>
		<b id="34" c="1 31" t="1"/>
		<b id="35" c="1 32" t="1"/>
		<b id="36" c="4 33" t="1"/>
		<b id="37" c="7 34" t="1"/>
		<b id="38" c="8 35" t="1"/>
		<b id="39" c="9 36" t="1"/>
		<b id="40" c="9 37" t="1"/>
		<b id="41" c="10 38" t="1"/>
		<b id="42" c="10 39" t="1"/>
		<b id="43" c="12 40" t="1"/>
		<b id="44" c="13 41" t="1"/>
		<b id="45" c="13 42" t="1"/>
		<b id="46" c="13 43" t="1"/>
		<b id="47" c="14 44" t="1"/>
		<b id="48" c="14 45" t="1"/>
		<b id="49" c="14 46" t="1"/>
		<b id="50" c="15 47" t="1"/>
		<b id="51" c="15 48" t="1"/>
		<b id="52" c="16 49" t="1"/>
		<b id="53" c="16 50" t="1"/>
		<b id="54" c="19 51" t="1"/>
		<b id="55" c="20 52" t="1"/>
		<b id="56" c="20 53" t="1"/>
		<b id="57" c="21 54" t="1"/>
		<b id="58" c="21 55" t="1"/>
		<b id="59" c="22 56" t="1"/>
		<b id="60" c="22 57" t="1"/>
		<b id="61" c="23 58" t="1"/>
		<b id="62" c="23 59" t="1"/>
		<b id="63" c="24 60" t="1"/>
		<b id="64" c="24 61" t="1"/>
		<b id="65" c="27 62" t="1"/>
	</bonds>
	<geometry>
		<g u="A" t="cart/3d">#62,3:3.0115,1.1179,-0.3064;2.7830,-0.2432,-0.5622;3.2467,-1.1645,0.3199;3.9549,-0.8995,1.4691;4.3804,-1.9465,2.3039;5.1359,-1.7871,3.5159;5.4986,-0.5720,3.9685;6.3444,-0.4058,5.1305;6.1822,0.9972,5.7071;6.8331,2.0652,4.8251;8.2378,1.7680,4.6276;9.0400,2.8153,3.9874;8.6271,4.2308,4.3890;10.5067,2.6202,4.3850;8.3633,0.4980,3.9333;7.8215,-0.6350,4.7970;5.4777,-2.8324,4.2457;5.1110,-4.0533,3.8369;5.5338,-5.1957,4.7124;4.9886,-5.0057,6.1308;5.4492,-6.1375,7.0426;6.9723,-6.2148,7.0743;7.5202,-6.4086,5.6640;7.0639,-5.2745,4.7533;4.4444,-4.3277,2.7462;4.0728,-3.2877,1.9701;3.3503,-3.5475,0.7875;2.9581,-2.5095,-0.0037;1.9864,-2.8212,-1.6009;2.5493,1.6533,-1.1336;4.0822,1.3478,-0.2810;2.5464,1.4331,0.6340;4.1765,0.1230,1.7342;5.3930,0.2241,3.3628;6.0167,-1.1618,5.8512;6.6638,1.0222,6.6843;5.1237,1.2298,5.8381;6.7330,3.0201,5.3389;6.2926,2.1438,3.8590;8.9529,2.7376,2.8855;8.6330,4.3345,5.4711;7.6446,4.4949,4.0060;9.3433,4.9363,3.9744;10.5941,2.6655,5.4672;11.1185,3.4047,3.9472;10.8972,1.6641,4.0498;9.4146,0.3057,3.7209;7.8293,0.5190,2.9621;8.3895,-0.6712,5.7263;7.9332,-1.5886,4.2801;5.1302,-6.1149,4.2788;3.8972,-4.9692,6.1003;5.3489,-4.0490,6.5138;5.0461,-7.0847,6.6766;5.0628,-5.9771,8.0517;7.2912,-7.0394,7.7158;7.3729,-5.2887,7.4933;7.1630,-7.3605,5.2640;8.6118,-6.4443,5.6889;7.4480,-5.4270,3.7420;7.4491,-4.3222,5.1240;3.1213,-4.5702,0.5364;</g>
	</geometry>
	<conformers/>
	<properties/>
</molecule>
