<?xml version="1.0" ?>
<!--MOLLI PACKAGE EXPERIMENTAL XML FORMAT-->
<molecule name="el214">
	<atoms>
		<a id="1" s="C" t="C.3" l="C"/>
		<a id="2" s="C" t="C.3" l="C"/>
		<a id="3" s="C" t="C.3" l="C"/>
		<a id="4" s="N" t="N.3" l="N"/>
		<a id="5" s="C" t="C.3" l="C"/>
		<a id="6" s="C" t="C.3" l="C"/>
		<a id="7" s="C" t="C.3" l="C"/>
		<a id="8" s="N" t="N.pl3" l="N"/>
		<a id="9" s="C" t="C.ar" l="C"/>
		<a id="10" s="N" t="N.ar" l="N"/>
		<a id="11" s="C" t="C.ar" l="C"/>
		<a id="12" s="C" t="C.3" l="C"/>
		<a id="13" s="C" t="C.3" l="C"/>
		<a id="14" s="C" t="C.3" l="C"/>
		<a id="15" s="C" t="C.3" l="C"/>
		<a id="16" s="C" t="C.3" l="C"/>
		<a id="17" s="C" t="C.3" l="C"/>
		<a id="18" s="N" t="N.ar" l="N"/>
		<a id="19" s="C" t="C.ar" l="C"/>
		<a id="20" s="C" t="C.ar" l="C"/>
		<a id="21" s="C" t="C.ar" l="C"/>
		<a id="22" s="Br" t="Br" l="BR"/>
		<a id="23" s="C" t="C.ar" l="C"/>
		<a id="24" s="F" t="F" l="F"/>
		<a id="25" s="C" t="C.ar" l="C"/>
		<a id="26" s="C" t="C.ar" l="C"/>
		<a id="27" s="C" t="C.3" l="C"/>
		<a id="28" s="C" t="C.3" l="C"/>
		<a id="29" s="H" t="H" l="H"/>
		<a id="30" s="H" t="H" l="H"/>
		<a id="31" s="H" t="H" l="H"/>
		<a id="32" s="H" t="H" l="H"/>
		<a id="33" s="H" t="H" l="H"/>
		<a id="34" s="H" t="H" l="H"/>
		<a id="35" s="H" t="H" l="H"/>
		<a id="36" s="H" t="H" l="H"/>
		<a id="37" s="H" t="H" l="H"/>
		<a id="38" s="H" t="H" l="H"/>
		<a id="39" s="H" t="H" l="H"/>
		<a id="40" s="H" t="H" l="H"/>
		<a id="41" s="H" t="H" l="H"/>
		<a id="42" s="H" t="H" l="H"/>
		<a id="43" s="H" t="H" l="H"/>
		<a id="44" s="H" t="H" l="H"/>
		<a id="45" s="H" t="H" l="H"/>
		<a id="46" s="H" t="H" l="H"/>
		<a id="47" s="H" t="H" l="H"/>
		<a id="48" s="H" t="H" l="H"/>
		<a id="49" s="H" t="H" l="H"/>
		<a id="50" s="H" t="H" l="H"/>
		<a id="51" s="H" t="H" l="H"/>
		<a id="52" s="H" t="H" l="H"/>
		<a id="53" s="H" t="H" l="H"/>
		<a id="54" s="H" t="H" l="H"/>
		<a id="55" s="H" t="H" l="H"/>
		<a id="56" s="H" t="H" l="H"/>
		<a id="57" s="H" t="H" l="H"/>
		<a id="58" s="H" t="H" l="H"/>
	</atoms>
	<bonds>
		<b id="1" c="1 2" t="1"/>
		<b id="2" c="2 3" t="1"/>
		<b id="3" c="2 4" t="1"/>
		<b id="4" c="4 5" t="1"/>
		<b id="5" c="5 6" t="1"/>
		<b id="6" c="6 7" t="1"/>
		<b id="7" c="7 8" t="1"/>
		<b id="8" c="8 9" t="1"/>
		<b id="9" c="9 10" t="ar"/>
		<b id="10" c="10 11" t="ar"/>
		<b id="11" c="11 12" t="1"/>
		<b id="12" c="12 13" t="1"/>
		<b id="13" c="13 14" t="1"/>
		<b id="14" c="14 15" t="1"/>
		<b id="15" c="15 16" t="1"/>
		<b id="16" c="16 17" t="1"/>
		<b id="17" c="12 17" t="1"/>
		<b id="18" c="11 18" t="ar"/>
		<b id="19" c="18 19" t="ar"/>
		<b id="20" c="19 20" t="ar"/>
		<b id="21" c="20 21" t="ar"/>
		<b id="22" c="21 22" t="1"/>
		<b id="23" c="21 23" t="ar"/>
		<b id="24" c="23 24" t="1"/>
		<b id="25" c="23 25" t="ar"/>
		<b id="26" c="25 26" t="ar"/>
		<b id="27" c="9 26" t="ar"/>
		<b id="28" c="19 26" t="ar"/>
		<b id="29" c="7 27" t="1"/>
		<b id="30" c="27 28" t="1"/>
		<b id="31" c="4 28" t="1"/>
		<b id="32" c="1 29" t="1"/>
		<b id="33" c="1 30" t="1"/>
		<b id="34" c="1 31" t="1"/>
		<b id="35" c="2 32" t="1"/>
		<b id="36" c="3 33" t="1"/>
		<b id="37" c="3 34" t="1"/>
		<b id="38" c="3 35" t="1"/>
		<b id="39" c="5 36" t="1"/>
		<b id="40" c="5 37" t="1"/>
		<b id="41" c="6 38" t="1"/>
		<b id="42" c="6 39" t="1"/>
		<b id="43" c="7 40" t="1"/>
		<b id="44" c="8 41" t="1"/>
		<b id="45" c="12 42" t="1"/>
		<b id="46" c="13 43" t="1"/>
		<b id="47" c="13 44" t="1"/>
		<b id="48" c="14 45" t="1"/>
		<b id="49" c="14 46" t="1"/>
		<b id="50" c="15 47" t="1"/>
		<b id="51" c="15 48" t="1"/>
		<b id="52" c="16 49" t="1"/>
		<b id="53" c="16 50" t="1"/>
		<b id="54" c="17 51" t="1"/>
		<b id="55" c="17 52" t="1"/>
		<b id="56" c="20 53" t="1"/>
		<b id="57" c="25 54" t="1"/>
		<b id="58" c="27 55" t="1"/>
		<b id="59" c="27 56" t="1"/>
		<b id="60" c="28 57" t="1"/>
		<b id="61" c="28 58" t="1"/>
	</bonds>
	<geometry>
		<g u="A" t="cart/3d">#58,3:7.3704,0.0018,-3.0571;7.4912,-0.1856,-1.5423;7.6630,1.1968,-0.9044;6.3038,-0.8522,-0.9990;6.0054,-2.1216,-1.6438;4.6492,-2.6496,-1.1871;4.6168,-2.8587,0.3285;5.4716,-3.9533,0.7368;5.1419,-5.2385,0.5441;3.9528,-5.4967,0.0301;3.6038,-6.7704,-0.1823;2.2358,-7.0003,-0.7508;1.9811,-6.0891,-1.9534;0.5733,-6.2999,-2.4993;-0.4662,-6.0349,-1.4151;-0.2186,-6.9401,-0.2128;1.1879,-6.7278,0.3357;4.3430,-7.8217,0.0686;5.5580,-7.6108,0.6140;6.3667,-8.7264,0.9101;7.6019,-8.5483,1.4708;8.7083,-10.0361,1.8792;8.0659,-7.2551,1.7534;9.2809,-7.0948,2.3093;7.3067,-6.1495,1.4752;6.0400,-6.3063,0.8973;5.0623,-1.5658,1.0014;6.3895,-1.0602,0.4357;8.1369,0.6919,-3.3996;6.3958,0.4172,-3.2990;7.5074,-0.9298,-3.5988;8.3997,-0.7872,-1.3349;6.7121,1.7226,-0.9151;8.3871,1.7746,-1.4724;8.0259,1.1385,0.1179;6.7905,-2.8742,-1.4352;5.9594,-1.9748,-2.7208;4.4296,-3.5923,-1.6885;3.8809,-1.9240,-1.4535;3.5992,-3.1288,0.6317;6.4063,-3.7259,1.0310;2.1743,-8.0491,-1.0539;2.7194,-6.2964,-2.7313;2.1062,-5.0528,-1.6353;0.4718,-7.3279,-2.8547;0.4045,-5.6341,-3.3485;-1.4698,-6.2061,-1.8104;-0.4027,-4.9906,-1.1007;-0.3358,-7.9834,-0.5142;-0.9529,-6.7328,0.5687;1.3645,-7.3911,1.1851;1.3015,-5.6973,0.6787;5.9846,-9.7090,0.6869;7.7109,-5.1794,1.7217;5.1571,-1.7097,2.0795;4.3014,-0.8065,0.8220;7.2083,-1.7664,0.6850;6.6166,-0.1135,0.9231;</g>
	</geometry>
	<conformers/>
	<properties/>
</molecule>
