<?xml version="1.0" ?>
<!--MOLLI PACKAGE EXPERIMENTAL XML FORMAT-->
<molecule name="el215">
	<atoms>
		<a id="1" s="Br" t="Br" l="BR"/>
		<a id="2" s="C" t="C.ar" l="C"/>
		<a id="3" s="C" t="C.ar" l="C"/>
		<a id="4" s="N" t="N.ar" l="N"/>
		<a id="5" s="C" t="C.ar" l="C"/>
		<a id="6" s="N" t="N.ar" l="N"/>
		<a id="7" s="C" t="C.ar" l="C"/>
		<a id="8" s="H" t="H" l="H"/>
		<a id="9" s="H" t="H" l="H"/>
		<a id="10" s="H" t="H" l="H"/>
	</atoms>
	<bonds>
		<b id="1" c="1 2" t="1"/>
		<b id="2" c="2 3" t="ar"/>
		<b id="3" c="3 4" t="ar"/>
		<b id="4" c="4 5" t="ar"/>
		<b id="5" c="5 6" t="ar"/>
		<b id="6" c="6 7" t="ar"/>
		<b id="7" c="2 7" t="ar"/>
		<b id="8" c="3 8" t="1"/>
		<b id="9" c="5 9" t="1"/>
		<b id="10" c="7 10" t="1"/>
	</bonds>
	<geometry>
		<g u="A" t="cart/3d">#10,3:1.6215,-0.0317,-0.1483;-0.2706,-0.0131,-0.0646;-0.9819,1.1812,-0.0269;-2.3004,1.1846,0.0310;-2.9103,0.0128,0.0512;-2.3240,-1.1707,0.0196;-1.0057,-1.1932,-0.0384;-0.4876,2.1434,-0.0438;-3.9904,0.0235,0.1003;-0.5309,-2.1649,-0.0646;</g>
	</geometry>
	<conformers/>
	<properties/>
</molecule>
