<?xml version="1.0" ?>
<!--MOLLI PACKAGE EXPERIMENTAL XML FORMAT-->
<molecule name="el216">
	<atoms>
		<a id="1" s="Br" t="Br" l="BR"/>
		<a id="2" s="C" t="C.ar" l="C"/>
		<a id="3" s="C" t="C.ar" l="C"/>
		<a id="4" s="C" t="C.ar" l="C"/>
		<a id="5" s="C" t="C.ar" l="C"/>
		<a id="6" s="C" t="C.ar" l="C"/>
		<a id="7" s="C" t="C.ar" l="C"/>
		<a id="8" s="C" t="C.ar" l="C"/>
		<a id="9" s="C" t="C.ar" l="C"/>
		<a id="10" s="C" t="C.ar" l="C"/>
		<a id="11" s="C" t="C.ar" l="C"/>
		<a id="12" s="C" t="C.ar" l="C"/>
		<a id="13" s="C" t="C.ar" l="C"/>
		<a id="14" s="N" t="N.ar" l="N"/>
		<a id="15" s="C" t="C.ar" l="C"/>
		<a id="16" s="C" t="C.ar" l="C"/>
		<a id="17" s="C" t="C.ar" l="C"/>
		<a id="18" s="C" t="C.ar" l="C"/>
		<a id="19" s="C" t="C.ar" l="C"/>
		<a id="20" s="C" t="C.ar" l="C"/>
		<a id="21" s="H" t="H" l="H"/>
		<a id="22" s="H" t="H" l="H"/>
		<a id="23" s="H" t="H" l="H"/>
		<a id="24" s="H" t="H" l="H"/>
		<a id="25" s="H" t="H" l="H"/>
		<a id="26" s="H" t="H" l="H"/>
		<a id="27" s="H" t="H" l="H"/>
		<a id="28" s="H" t="H" l="H"/>
		<a id="29" s="H" t="H" l="H"/>
		<a id="30" s="H" t="H" l="H"/>
		<a id="31" s="H" t="H" l="H"/>
		<a id="32" s="H" t="H" l="H"/>
	</atoms>
	<bonds>
		<b id="1" c="1 2" t="1"/>
		<b id="2" c="2 3" t="ar"/>
		<b id="3" c="3 4" t="ar"/>
		<b id="4" c="4 5" t="ar"/>
		<b id="5" c="5 6" t="ar"/>
		<b id="6" c="6 7" t="ar"/>
		<b id="7" c="2 7" t="ar"/>
		<b id="8" c="7 8" t="ar"/>
		<b id="9" c="8 9" t="ar"/>
		<b id="10" c="9 10" t="ar"/>
		<b id="11" c="10 11" t="ar"/>
		<b id="12" c="11 12" t="ar"/>
		<b id="13" c="12 13" t="ar"/>
		<b id="14" c="8 13" t="ar"/>
		<b id="15" c="13 14" t="ar"/>
		<b id="16" c="6 14" t="ar"/>
		<b id="17" c="14 15" t="1"/>
		<b id="18" c="15 16" t="ar"/>
		<b id="19" c="16 17" t="ar"/>
		<b id="20" c="17 18" t="ar"/>
		<b id="21" c="18 19" t="ar"/>
		<b id="22" c="19 20" t="ar"/>
		<b id="23" c="15 20" t="ar"/>
		<b id="24" c="3 21" t="1"/>
		<b id="25" c="4 22" t="1"/>
		<b id="26" c="5 23" t="1"/>
		<b id="27" c="9 24" t="1"/>
		<b id="28" c="10 25" t="1"/>
		<b id="29" c="11 26" t="1"/>
		<b id="30" c="12 27" t="1"/>
		<b id="31" c="16 28" t="1"/>
		<b id="32" c="17 29" t="1"/>
		<b id="33" c="18 30" t="1"/>
		<b id="34" c="19 31" t="1"/>
		<b id="35" c="20 32" t="1"/>
	</bonds>
	<geometry>
		<g u="A" t="cart/3d">#32,3:1.1255,0.0825,-0.1730;3.0298,0.0222,-0.1319;3.7230,1.2159,-0.1650;5.1145,1.2198,-0.1539;5.8353,0.0444,-0.0937;5.1311,-1.1508,-0.0370;3.7132,-1.1868,-0.0730;3.3382,-2.5740,-0.0484;2.1221,-3.2492,-0.0516;2.1310,-4.6283,-0.0022;3.3260,-5.3406,0.0645;4.5466,-4.6947,0.0684;4.5461,-3.3094,-0.0043;5.6154,-2.4372,0.0046;6.9732,-2.7959,0.0345;7.4771,-3.7005,-0.8945;8.8164,-4.0434,-0.8651;9.6607,-3.4841,0.0799;9.1593,-2.5841,1.0054;7.8197,-2.2419,0.9898;3.1822,2.1483,-0.2088;5.6341,2.1646,-0.1970;6.9140,0.0535,-0.1023;1.1878,-2.7134,-0.0886;1.1949,-5.1659,-0.0069;3.2978,-6.4189,0.1175;5.4705,-5.2491,0.1361;6.8197,-4.1195,-1.6416;9.2033,-4.7448,-1.5881;10.7068,-3.7494,0.0955;9.8128,-2.1498,1.7471;7.4209,-1.5551,1.7213;</g>
	</geometry>
	<conformers/>
	<properties/>
</molecule>
