<?xml version="1.0" ?>
<!--MOLLI PACKAGE EXPERIMENTAL XML FORMAT-->
<molecule name="el218">
	<atoms>
		<a id="1" s="C" t="C.3" l="C"/>
		<a id="2" s="O" t="O.3" l="O"/>
		<a id="3" s="C" t="C.ar" l="C"/>
		<a id="4" s="C" t="C.ar" l="C"/>
		<a id="5" s="C" t="C.ar" l="C"/>
		<a id="6" s="O" t="O.3" l="O"/>
		<a id="7" s="C" t="C.3" l="C"/>
		<a id="8" s="C" t="C.ar" l="C"/>
		<a id="9" s="C" t="C.ar" l="C"/>
		<a id="10" s="C" t="C.2" l="C"/>
		<a id="11" s="O" t="O.2" l="O"/>
		<a id="12" s="C" t="C.ar" l="C"/>
		<a id="13" s="C" t="C.ar" l="C"/>
		<a id="14" s="N" t="N.ar" l="N"/>
		<a id="15" s="C" t="C.3" l="C"/>
		<a id="16" s="O" t="O.3" l="O"/>
		<a id="17" s="C" t="C.3" l="C"/>
		<a id="18" s="C" t="C.3" l="C"/>
		<a id="19" s="Si" t="Si" l="SI"/>
		<a id="20" s="C" t="C.3" l="C"/>
		<a id="21" s="C" t="C.3" l="C"/>
		<a id="22" s="C" t="C.3" l="C"/>
		<a id="23" s="C" t="C.ar" l="C"/>
		<a id="24" s="N" t="N.ar" l="N"/>
		<a id="25" s="C" t="C.ar" l="C"/>
		<a id="26" s="Br" t="Br" l="BR"/>
		<a id="27" s="C" t="C.ar" l="C"/>
		<a id="28" s="C" t="C.ar" l="C"/>
		<a id="29" s="C" t="C.ar" l="C"/>
		<a id="30" s="C" t="C.ar" l="C"/>
		<a id="31" s="H" t="H" l="H"/>
		<a id="32" s="H" t="H" l="H"/>
		<a id="33" s="H" t="H" l="H"/>
		<a id="34" s="H" t="H" l="H"/>
		<a id="35" s="H" t="H" l="H"/>
		<a id="36" s="H" t="H" l="H"/>
		<a id="37" s="H" t="H" l="H"/>
		<a id="38" s="H" t="H" l="H"/>
		<a id="39" s="H" t="H" l="H"/>
		<a id="40" s="H" t="H" l="H"/>
		<a id="41" s="H" t="H" l="H"/>
		<a id="42" s="H" t="H" l="H"/>
		<a id="43" s="H" t="H" l="H"/>
		<a id="44" s="H" t="H" l="H"/>
		<a id="45" s="H" t="H" l="H"/>
		<a id="46" s="H" t="H" l="H"/>
		<a id="47" s="H" t="H" l="H"/>
		<a id="48" s="H" t="H" l="H"/>
		<a id="49" s="H" t="H" l="H"/>
		<a id="50" s="H" t="H" l="H"/>
		<a id="51" s="H" t="H" l="H"/>
		<a id="52" s="H" t="H" l="H"/>
		<a id="53" s="H" t="H" l="H"/>
		<a id="54" s="H" t="H" l="H"/>
		<a id="55" s="H" t="H" l="H"/>
		<a id="56" s="H" t="H" l="H"/>
		<a id="57" s="H" t="H" l="H"/>
	</atoms>
	<bonds>
		<b id="1" c="1 2" t="1"/>
		<b id="2" c="2 3" t="1"/>
		<b id="3" c="3 4" t="ar"/>
		<b id="4" c="4 5" t="ar"/>
		<b id="5" c="5 6" t="1"/>
		<b id="6" c="6 7" t="1"/>
		<b id="7" c="5 8" t="ar"/>
		<b id="8" c="8 9" t="ar"/>
		<b id="9" c="9 10" t="1"/>
		<b id="10" c="10 11" t="2"/>
		<b id="11" c="10 12" t="1"/>
		<b id="12" c="12 13" t="ar"/>
		<b id="13" c="13 14" t="ar"/>
		<b id="14" c="14 15" t="1"/>
		<b id="15" c="15 16" t="1"/>
		<b id="16" c="16 17" t="1"/>
		<b id="17" c="17 18" t="1"/>
		<b id="18" c="18 19" t="1"/>
		<b id="19" c="19 20" t="1"/>
		<b id="20" c="19 21" t="1"/>
		<b id="21" c="19 22" t="1"/>
		<b id="22" c="14 23" t="ar"/>
		<b id="23" c="23 24" t="ar"/>
		<b id="24" c="24 25" t="ar"/>
		<b id="25" c="25 26" t="1"/>
		<b id="26" c="25 27" t="ar"/>
		<b id="27" c="27 28" t="ar"/>
		<b id="28" c="28 29" t="ar"/>
		<b id="29" c="12 29" t="ar"/>
		<b id="30" c="23 29" t="ar"/>
		<b id="31" c="9 30" t="ar"/>
		<b id="32" c="3 30" t="ar"/>
		<b id="33" c="1 31" t="1"/>
		<b id="34" c="1 32" t="1"/>
		<b id="35" c="1 33" t="1"/>
		<b id="36" c="4 34" t="1"/>
		<b id="37" c="7 35" t="1"/>
		<b id="38" c="7 36" t="1"/>
		<b id="39" c="7 37" t="1"/>
		<b id="40" c="8 38" t="1"/>
		<b id="41" c="13 39" t="1"/>
		<b id="42" c="15 40" t="1"/>
		<b id="43" c="15 41" t="1"/>
		<b id="44" c="17 42" t="1"/>
		<b id="45" c="17 43" t="1"/>
		<b id="46" c="18 44" t="1"/>
		<b id="47" c="18 45" t="1"/>
		<b id="48" c="20 46" t="1"/>
		<b id="49" c="20 47" t="1"/>
		<b id="50" c="20 48" t="1"/>
		<b id="51" c="21 49" t="1"/>
		<b id="52" c="21 50" t="1"/>
		<b id="53" c="21 51" t="1"/>
		<b id="54" c="22 52" t="1"/>
		<b id="55" c="22 53" t="1"/>
		<b id="56" c="22 54" t="1"/>
		<b id="57" c="27 55" t="1"/>
		<b id="58" c="28 56" t="1"/>
		<b id="59" c="30 57" t="1"/>
	</bonds>
	<geometry>
		<g u="A" t="cart/3d">#57,3:9.7854,5.7350,-1.5960;9.5923,4.7063,-0.6558;8.3353,4.2213,-0.4574;7.2006,4.6927,-1.1112;5.9602,4.1198,-0.8436;4.7958,4.5056,-1.4279;4.8177,5.5425,-2.3781;5.8600,3.0813,0.0780;6.9885,2.6346,0.7490;6.8321,1.5260,1.7323;6.1211,0.5653,1.5092;7.5501,1.6811,2.9966;8.1564,2.8049,3.5113;8.6705,2.5573,4.7470;9.2494,3.5320,5.6465;8.2959,4.3642,6.2125;7.4184,3.7082,7.1242;6.5242,4.7401,7.7780;5.2401,3.9473,8.9605;4.1970,5.3549,9.7134;4.1175,2.7639,7.9692;6.1421,2.9821,10.3365;8.3757,1.2654,5.0794;8.6857,0.6660,6.2180;8.2852,-0.5809,6.3151;8.7042,-1.4258,7.9622;7.5932,-1.2925,5.3353;7.2799,-0.6593,4.1468;7.6739,0.6679,4.0046;8.2288,3.1962,0.4785;10.8536,5.9458,-1.5847;9.2374,6.6421,-1.3201;9.4912,5.4217,-2.6028;7.2836,5.4916,-1.8286;3.7845,5.6698,-2.6968;5.4321,5.2817,-3.2461;5.1778,6.4810,-1.9434;4.8982,2.6356,0.2710;8.2392,3.7854,3.0836;9.9308,4.1798,5.0856;9.7978,2.9622,6.4127;8.0151,3.1736,7.8748;6.8112,2.9705,6.5835;6.0208,5.2984,6.9891;7.1532,5.4533,8.3095;3.6800,5.9227,8.9460;4.8125,6.0498,10.2759;3.4458,4.9620,10.3908;3.6704,3.2611,7.1133;3.3082,2.3809,8.5832;4.6739,1.9084,7.5972;6.8702,3.6045,10.8487;6.6697,2.1208,9.9373;5.4441,2.6163,11.0834;7.3117,-2.3171,5.5181;6.7415,-1.1627,3.3595;9.1269,2.8335,0.9510;</g>
	</geometry>
	<conformers/>
	<properties/>
</molecule>
