<?xml version="1.0" ?>
<!--MOLLI PACKAGE EXPERIMENTAL XML FORMAT-->
<molecule name="el228">
	<atoms>
		<a id="1" s="F" t="F" l="F"/>
		<a id="2" s="C" t="C.3" l="C"/>
		<a id="3" s="F" t="F" l="F"/>
		<a id="4" s="F" t="F" l="F"/>
		<a id="5" s="C" t="C.ar" l="C"/>
		<a id="6" s="C" t="C.ar" l="C"/>
		<a id="7" s="C" t="C.ar" l="C"/>
		<a id="8" s="C" t="C.ar" l="C"/>
		<a id="9" s="C" t="C.ar" l="C"/>
		<a id="10" s="Br" t="Br" l="BR"/>
		<a id="11" s="C" t="C.ar" l="C"/>
		<a id="12" s="C" t="C.ar" l="C"/>
		<a id="13" s="C" t="C.3" l="C"/>
		<a id="14" s="F" t="F" l="F"/>
		<a id="15" s="F" t="F" l="F"/>
		<a id="16" s="F" t="F" l="F"/>
		<a id="17" s="N" t="N.ar" l="N"/>
		<a id="18" s="C" t="C.ar" l="C"/>
		<a id="19" s="C" t="C.ar" l="C"/>
		<a id="20" s="H" t="H" l="H"/>
		<a id="21" s="H" t="H" l="H"/>
		<a id="22" s="H" t="H" l="H"/>
		<a id="23" s="H" t="H" l="H"/>
	</atoms>
	<bonds>
		<b id="1" c="1 2" t="1"/>
		<b id="2" c="2 3" t="1"/>
		<b id="3" c="2 4" t="1"/>
		<b id="4" c="2 5" t="1"/>
		<b id="5" c="5 6" t="ar"/>
		<b id="6" c="6 7" t="ar"/>
		<b id="7" c="7 8" t="ar"/>
		<b id="8" c="8 9" t="ar"/>
		<b id="9" c="9 10" t="1"/>
		<b id="10" c="9 11" t="ar"/>
		<b id="11" c="11 12" t="ar"/>
		<b id="12" c="12 13" t="1"/>
		<b id="13" c="13 14" t="1"/>
		<b id="14" c="13 15" t="1"/>
		<b id="15" c="13 16" t="1"/>
		<b id="16" c="12 17" t="ar"/>
		<b id="17" c="17 18" t="ar"/>
		<b id="18" c="8 18" t="ar"/>
		<b id="19" c="18 19" t="ar"/>
		<b id="20" c="5 19" t="ar"/>
		<b id="21" c="6 20" t="1"/>
		<b id="22" c="7 21" t="1"/>
		<b id="23" c="11 22" t="1"/>
		<b id="24" c="19 23" t="1"/>
	</bonds>
	<geometry>
		<g u="A" t="cart/3d">#23,3:1.8496,0.9120,0.6055;2.3090,-0.1698,-0.0337;3.2588,-0.7051,0.7514;1.3009,-1.0558,-0.0648;2.8324,0.1339,-1.4146;2.8869,1.4602,-1.8783;3.3703,1.7278,-3.1295;3.8157,0.6863,-3.9645;4.3303,0.8658,-5.2700;4.4688,2.5999,-6.0196;4.7345,-0.2143,-6.0126;4.6172,-1.4868,-5.4262;5.0404,-2.7249,-6.1900;5.4795,-2.4353,-7.4237;6.0328,-3.3758,-5.5732;4.0307,-3.5892,-6.3354;4.1552,-1.7050,-4.2275;3.7553,-0.6583,-3.4886;3.2564,-0.9101,-2.1955;2.5448,2.2611,-1.2417;3.4128,2.7457,-3.4867;5.1287,-0.1022,-7.0100;3.2197,-1.9322,-1.8535;</g>
	</geometry>
	<conformers/>
	<properties/>
</molecule>
