<?xml version="1.0" ?>
<!--MOLLI PACKAGE EXPERIMENTAL XML FORMAT-->
<molecule name="el24">
	<atoms>
		<a id="1" s="Br" t="Br" l="BR"/>
		<a id="2" s="C" t="C.ar" l="C"/>
		<a id="3" s="C" t="C.ar" l="C"/>
		<a id="4" s="C" t="C.ar" l="C"/>
		<a id="5" s="C" t="C.ar" l="C"/>
		<a id="6" s="C" t="C.ar" l="C"/>
		<a id="7" s="C" t="C.3" l="C"/>
		<a id="8" s="N" t="N.3" l="N"/>
		<a id="9" s="C" t="C.3" l="C"/>
		<a id="10" s="C" t="C.3" l="C"/>
		<a id="11" s="O" t="O.3" l="O"/>
		<a id="12" s="C" t="C.3" l="C"/>
		<a id="13" s="C" t="C.3" l="C"/>
		<a id="14" s="O" t="O.3" l="O"/>
		<a id="15" s="C" t="C.3" l="C"/>
		<a id="16" s="C" t="C.3" l="C"/>
		<a id="17" s="O" t="O.3" l="O"/>
		<a id="18" s="C" t="C.3" l="C"/>
		<a id="19" s="C" t="C.3" l="C"/>
		<a id="20" s="O" t="O.3" l="O"/>
		<a id="21" s="C" t="C.3" l="C"/>
		<a id="22" s="C" t="C.3" l="C"/>
		<a id="23" s="C" t="C.ar" l="C"/>
		<a id="24" s="H" t="H" l="H"/>
		<a id="25" s="H" t="H" l="H"/>
		<a id="26" s="H" t="H" l="H"/>
		<a id="27" s="H" t="H" l="H"/>
		<a id="28" s="H" t="H" l="H"/>
		<a id="29" s="H" t="H" l="H"/>
		<a id="30" s="H" t="H" l="H"/>
		<a id="31" s="H" t="H" l="H"/>
		<a id="32" s="H" t="H" l="H"/>
		<a id="33" s="H" t="H" l="H"/>
		<a id="34" s="H" t="H" l="H"/>
		<a id="35" s="H" t="H" l="H"/>
		<a id="36" s="H" t="H" l="H"/>
		<a id="37" s="H" t="H" l="H"/>
		<a id="38" s="H" t="H" l="H"/>
		<a id="39" s="H" t="H" l="H"/>
		<a id="40" s="H" t="H" l="H"/>
		<a id="41" s="H" t="H" l="H"/>
		<a id="42" s="H" t="H" l="H"/>
		<a id="43" s="H" t="H" l="H"/>
		<a id="44" s="H" t="H" l="H"/>
		<a id="45" s="H" t="H" l="H"/>
		<a id="46" s="H" t="H" l="H"/>
		<a id="47" s="H" t="H" l="H"/>
		<a id="48" s="H" t="H" l="H"/>
		<a id="49" s="H" t="H" l="H"/>
	</atoms>
	<bonds>
		<b id="1" c="1 2" t="1"/>
		<b id="2" c="2 3" t="ar"/>
		<b id="3" c="3 4" t="ar"/>
		<b id="4" c="4 5" t="ar"/>
		<b id="5" c="5 6" t="ar"/>
		<b id="6" c="6 7" t="1"/>
		<b id="7" c="7 8" t="1"/>
		<b id="8" c="8 9" t="1"/>
		<b id="9" c="9 10" t="1"/>
		<b id="10" c="10 11" t="1"/>
		<b id="11" c="11 12" t="1"/>
		<b id="12" c="12 13" t="1"/>
		<b id="13" c="13 14" t="1"/>
		<b id="14" c="14 15" t="1"/>
		<b id="15" c="15 16" t="1"/>
		<b id="16" c="16 17" t="1"/>
		<b id="17" c="17 18" t="1"/>
		<b id="18" c="18 19" t="1"/>
		<b id="19" c="19 20" t="1"/>
		<b id="20" c="20 21" t="1"/>
		<b id="21" c="21 22" t="1"/>
		<b id="22" c="8 22" t="1"/>
		<b id="23" c="6 23" t="ar"/>
		<b id="24" c="2 23" t="ar"/>
		<b id="25" c="3 24" t="1"/>
		<b id="26" c="4 25" t="1"/>
		<b id="27" c="5 26" t="1"/>
		<b id="28" c="7 27" t="1"/>
		<b id="29" c="7 28" t="1"/>
		<b id="30" c="9 29" t="1"/>
		<b id="31" c="9 30" t="1"/>
		<b id="32" c="10 31" t="1"/>
		<b id="33" c="10 32" t="1"/>
		<b id="34" c="12 33" t="1"/>
		<b id="35" c="12 34" t="1"/>
		<b id="36" c="13 35" t="1"/>
		<b id="37" c="13 36" t="1"/>
		<b id="38" c="15 37" t="1"/>
		<b id="39" c="15 38" t="1"/>
		<b id="40" c="16 39" t="1"/>
		<b id="41" c="16 40" t="1"/>
		<b id="42" c="18 41" t="1"/>
		<b id="43" c="18 42" t="1"/>
		<b id="44" c="19 43" t="1"/>
		<b id="45" c="19 44" t="1"/>
		<b id="46" c="21 45" t="1"/>
		<b id="47" c="21 46" t="1"/>
		<b id="48" c="22 47" t="1"/>
		<b id="49" c="22 48" t="1"/>
		<b id="50" c="23 49" t="1"/>
	</bonds>
	<geometry>
		<g u="A" t="cart/3d">#49,3:0.7714,-1.3992,-2.9412;1.2396,-0.6709,-1.2393;0.8701,-1.3448,-0.0892;1.2064,-0.7937,1.1346;1.9068,0.3985,1.1994;2.2888,1.0656,0.0404;3.1184,2.3276,0.1023;4.5504,2.1121,-0.0416;4.9532,1.6495,-1.3524;6.4216,1.9597,-1.6490;7.2430,1.0001,-1.0283;8.6149,1.1723,-1.2829;9.3880,0.2163,-0.3798;9.6805,0.8603,0.8387;10.0202,-0.0421,1.8711;10.4730,0.7195,3.1232;9.4133,1.2304,3.8874;8.8407,2.4228,3.3805;7.3698,2.5026,3.8053;6.4900,1.7345,3.0257;6.2363,2.2633,1.7403;5.1669,1.3974,1.0661;1.9378,0.5209,-1.1895;0.3247,-2.2737,-0.1500;0.9152,-1.2993,2.0429;2.1461,0.8206,2.1643;2.9611,2.8253,1.0622;2.8070,3.0130,-0.6917;4.3518,2.1805,-2.0938;4.8066,0.5652,-1.4863;6.6655,2.9694,-1.2877;6.5834,1.9324,-2.7389;8.9272,2.2037,-1.0648;8.8325,0.9589,-2.3413;10.3229,-0.1031,-0.8651;8.7603,-0.6675,-0.2052;10.8405,-0.6959,1.5362;9.1514,-0.6655,2.1257;11.1670,1.5179,2.8271;10.9926,0.0185,3.7819;8.9200,2.4464,2.2911;9.3832,3.2884,3.7928;7.0555,3.5586,3.7976;7.2837,2.1058,4.8194;7.1453,2.2719,1.1310;5.8635,3.2969,1.8277;4.4267,1.1486,1.8286;5.6237,0.4646,0.7261;2.1974,1.0289,-2.1058;</g>
	</geometry>
	<conformers/>
	<properties/>
</molecule>
