<?xml version="1.0" ?>
<!--MOLLI PACKAGE EXPERIMENTAL XML FORMAT-->
<molecule name="el231">
	<atoms>
		<a id="1" s="C" t="C.3" l="C"/>
		<a id="2" s="C" t="C.3" l="C"/>
		<a id="3" s="C" t="C.3" l="C"/>
		<a id="4" s="C" t="C.3" l="C"/>
		<a id="5" s="C" t="C.ar" l="C"/>
		<a id="6" s="C" t="C.ar" l="C"/>
		<a id="7" s="C" t="C.ar" l="C"/>
		<a id="8" s="Br" t="Br" l="BR"/>
		<a id="9" s="C" t="C.ar" l="C"/>
		<a id="10" s="C" t="C.ar" l="C"/>
		<a id="11" s="C" t="C.3" l="C"/>
		<a id="12" s="C" t="C.3" l="C"/>
		<a id="13" s="C" t="C.3" l="C"/>
		<a id="14" s="C" t="C.3" l="C"/>
		<a id="15" s="C" t="C.ar" l="C"/>
		<a id="16" s="H" t="H" l="H"/>
		<a id="17" s="H" t="H" l="H"/>
		<a id="18" s="H" t="H" l="H"/>
		<a id="19" s="H" t="H" l="H"/>
		<a id="20" s="H" t="H" l="H"/>
		<a id="21" s="H" t="H" l="H"/>
		<a id="22" s="H" t="H" l="H"/>
		<a id="23" s="H" t="H" l="H"/>
		<a id="24" s="H" t="H" l="H"/>
		<a id="25" s="H" t="H" l="H"/>
		<a id="26" s="H" t="H" l="H"/>
		<a id="27" s="H" t="H" l="H"/>
		<a id="28" s="H" t="H" l="H"/>
		<a id="29" s="H" t="H" l="H"/>
		<a id="30" s="H" t="H" l="H"/>
		<a id="31" s="H" t="H" l="H"/>
		<a id="32" s="H" t="H" l="H"/>
		<a id="33" s="H" t="H" l="H"/>
		<a id="34" s="H" t="H" l="H"/>
		<a id="35" s="H" t="H" l="H"/>
		<a id="36" s="H" t="H" l="H"/>
	</atoms>
	<bonds>
		<b id="1" c="1 2" t="1"/>
		<b id="2" c="2 3" t="1"/>
		<b id="3" c="2 4" t="1"/>
		<b id="4" c="2 5" t="1"/>
		<b id="5" c="5 6" t="ar"/>
		<b id="6" c="6 7" t="ar"/>
		<b id="7" c="7 8" t="1"/>
		<b id="8" c="7 9" t="ar"/>
		<b id="9" c="9 10" t="ar"/>
		<b id="10" c="10 11" t="1"/>
		<b id="11" c="11 12" t="1"/>
		<b id="12" c="11 13" t="1"/>
		<b id="13" c="11 14" t="1"/>
		<b id="14" c="10 15" t="ar"/>
		<b id="15" c="5 15" t="ar"/>
		<b id="16" c="1 16" t="1"/>
		<b id="17" c="1 17" t="1"/>
		<b id="18" c="1 18" t="1"/>
		<b id="19" c="3 19" t="1"/>
		<b id="20" c="3 20" t="1"/>
		<b id="21" c="3 21" t="1"/>
		<b id="22" c="4 22" t="1"/>
		<b id="23" c="4 23" t="1"/>
		<b id="24" c="4 24" t="1"/>
		<b id="25" c="6 25" t="1"/>
		<b id="26" c="9 26" t="1"/>
		<b id="27" c="12 27" t="1"/>
		<b id="28" c="12 28" t="1"/>
		<b id="29" c="12 29" t="1"/>
		<b id="30" c="13 30" t="1"/>
		<b id="31" c="13 31" t="1"/>
		<b id="32" c="13 32" t="1"/>
		<b id="33" c="14 33" t="1"/>
		<b id="34" c="14 34" t="1"/>
		<b id="35" c="14 35" t="1"/>
		<b id="36" c="15 36" t="1"/>
	</bonds>
	<geometry>
		<g u="A" t="cart/3d">#36,3:0.9071,-0.0678,-0.3786;2.3896,0.0418,-0.0130;2.6035,-0.6567,1.3372;3.2046,-0.6672,-1.1038;2.8598,1.4840,0.0973;2.0085,2.5620,-0.0986;2.5093,3.8440,0.0253;1.3223,5.3244,-0.2344;3.8308,4.0980,0.3281;4.7037,3.0317,0.5163;6.1573,3.2736,0.8956;6.2304,3.3359,2.4281;7.0659,2.1453,0.3910;6.6774,4.5922,0.3097;4.1918,1.7454,0.4071;0.6294,-1.1173,-0.4510;0.7049,0.3986,-1.3399;0.2799,0.3918,0.3817;2.2498,-1.6841,1.2859;2.0513,-0.1404,2.1197;3.6537,-0.6730,1.6153;2.8616,-1.6932,-1.2182;4.2633,-0.6889,-0.8607;3.0838,-0.1551,-2.0561;0.9682,2.4277,-0.3411;4.1620,5.1191,0.4144;5.8853,2.4012,2.8650;5.6043,4.1404,2.8076;7.2545,3.5124,2.7493;6.8889,1.2157,0.9251;8.1077,2.4161,0.5474;6.9118,1.9761,-0.6724;6.2119,5.4534,0.7806;6.4934,4.6342,-0.7615;7.7494,4.6706,0.4762;4.8506,0.9095,0.5686;</g>
	</geometry>
	<conformers/>
	<properties/>
</molecule>
