<?xml version="1.0" ?>
<!--MOLLI PACKAGE EXPERIMENTAL XML FORMAT-->
<molecule name="el232">
	<atoms>
		<a id="1" s="C" t="C.3" l="C"/>
		<a id="2" s="C" t="C.3" l="C"/>
		<a id="3" s="N" t="N.ar" l="N"/>
		<a id="4" s="C" t="C.ar" l="C"/>
		<a id="5" s="C" t="C.ar" l="C"/>
		<a id="6" s="N" t="N.pl3" l="N"/>
		<a id="7" s="C" t="C.ar" l="C"/>
		<a id="8" s="N" t="N.ar" l="N"/>
		<a id="9" s="C" t="C.ar" l="C"/>
		<a id="10" s="C" t="C.ar" l="C"/>
		<a id="11" s="C" t="C.ar" l="C"/>
		<a id="12" s="C" t="C.ar" l="C"/>
		<a id="13" s="C" t="C.ar" l="C"/>
		<a id="14" s="C" t="C.ar" l="C"/>
		<a id="15" s="Br" t="Br" l="BR"/>
		<a id="16" s="C" t="C.ar" l="C"/>
		<a id="17" s="N" t="N.ar" l="N"/>
		<a id="18" s="C" t="C.ar" l="C"/>
		<a id="19" s="N" t="N.ar" l="N"/>
		<a id="20" s="H" t="H" l="H"/>
		<a id="21" s="H" t="H" l="H"/>
		<a id="22" s="H" t="H" l="H"/>
		<a id="23" s="H" t="H" l="H"/>
		<a id="24" s="H" t="H" l="H"/>
		<a id="25" s="H" t="H" l="H"/>
		<a id="26" s="H" t="H" l="H"/>
		<a id="27" s="H" t="H" l="H"/>
		<a id="28" s="H" t="H" l="H"/>
		<a id="29" s="H" t="H" l="H"/>
		<a id="30" s="H" t="H" l="H"/>
		<a id="31" s="H" t="H" l="H"/>
	</atoms>
	<bonds>
		<b id="1" c="1 2" t="1"/>
		<b id="2" c="2 3" t="1"/>
		<b id="3" c="3 4" t="ar"/>
		<b id="4" c="4 5" t="ar"/>
		<b id="5" c="5 6" t="1"/>
		<b id="6" c="6 7" t="1"/>
		<b id="7" c="7 8" t="ar"/>
		<b id="8" c="8 9" t="ar"/>
		<b id="9" c="9 10" t="ar"/>
		<b id="10" c="10 11" t="ar"/>
		<b id="11" c="11 12" t="ar"/>
		<b id="12" c="12 13" t="ar"/>
		<b id="13" c="13 14" t="ar"/>
		<b id="14" c="14 15" t="1"/>
		<b id="15" c="14 16" t="ar"/>
		<b id="16" c="10 16" t="ar"/>
		<b id="17" c="16 17" t="ar"/>
		<b id="18" c="7 17" t="ar"/>
		<b id="19" c="5 18" t="ar"/>
		<b id="20" c="18 19" t="ar"/>
		<b id="21" c="3 19" t="ar"/>
		<b id="22" c="1 20" t="1"/>
		<b id="23" c="1 21" t="1"/>
		<b id="24" c="1 22" t="1"/>
		<b id="25" c="2 23" t="1"/>
		<b id="26" c="2 24" t="1"/>
		<b id="27" c="4 25" t="1"/>
		<b id="28" c="6 26" t="1"/>
		<b id="29" c="9 27" t="1"/>
		<b id="30" c="11 28" t="1"/>
		<b id="31" c="12 29" t="1"/>
		<b id="32" c="13 30" t="1"/>
		<b id="33" c="18 31" t="1"/>
	</bonds>
	<geometry>
		<g u="A" t="cart/3d">#31,3:3.9468,-2.6292,-0.0194;3.0097,-2.5566,1.1844;3.1997,-1.3372,1.9214;4.1976,-1.0476,2.7833;4.0058,0.2630,3.1850;4.8100,0.9539,4.0782;4.7339,2.2486,4.4398;3.7499,3.0190,3.9148;3.7127,4.2658,4.2769;4.6373,4.8416,5.1786;4.6366,6.1850,5.5895;5.5858,6.6304,6.4696;6.5634,5.7555,6.9699;6.5778,4.4450,6.5806;7.8860,3.2451,7.2394;5.6210,3.9401,5.6727;5.6547,2.6594,5.2970;2.8518,0.6773,2.4933;2.3923,-0.3024,1.7398;3.7710,-3.5471,-0.5730;4.9855,-2.6087,0.3025;3.7707,-1.7827,-0.6780;3.1820,-3.4067,1.8511;1.9701,-2.5647,0.8513;4.9457,-1.7643,3.0553;5.5753,0.4450,4.4989;2.9200,4.8671,3.8465;3.8803,6.8503,5.1993;5.5959,7.6606,6.7910;7.3057,6.1205,7.6637;2.3653,1.6282,2.5280;</g>
	</geometry>
	<conformers/>
	<properties/>
</molecule>
