<?xml version="1.0" ?>
<!--MOLLI PACKAGE EXPERIMENTAL XML FORMAT-->
<molecule name="el235">
	<atoms>
		<a id="1" s="C" t="C.3" l="C"/>
		<a id="2" s="C" t="C.3" l="C"/>
		<a id="3" s="C" t="C.ar" l="C"/>
		<a id="4" s="C" t="C.ar" l="C"/>
		<a id="5" s="C" t="C.ar" l="C"/>
		<a id="6" s="C" t="C.ar" l="C"/>
		<a id="7" s="Br" t="Br" l="BR"/>
		<a id="8" s="C" t="C.ar" l="C"/>
		<a id="9" s="C" t="C.ar" l="C"/>
		<a id="10" s="C" t="C.ar" l="C"/>
		<a id="11" s="C" t="C.ar" l="C"/>
		<a id="12" s="C" t="C.ar" l="C"/>
		<a id="13" s="C" t="C.ar" l="C"/>
		<a id="14" s="C" t="C.2" l="C"/>
		<a id="15" s="O" t="O.2" l="O"/>
		<a id="16" s="C" t="C.ar" l="C"/>
		<a id="17" s="C" t="C.ar" l="C"/>
		<a id="18" s="H" t="H" l="H"/>
		<a id="19" s="H" t="H" l="H"/>
		<a id="20" s="H" t="H" l="H"/>
		<a id="21" s="H" t="H" l="H"/>
		<a id="22" s="H" t="H" l="H"/>
		<a id="23" s="H" t="H" l="H"/>
		<a id="24" s="H" t="H" l="H"/>
		<a id="25" s="H" t="H" l="H"/>
		<a id="26" s="H" t="H" l="H"/>
		<a id="27" s="H" t="H" l="H"/>
		<a id="28" s="H" t="H" l="H"/>
		<a id="29" s="H" t="H" l="H"/>
		<a id="30" s="H" t="H" l="H"/>
	</atoms>
	<bonds>
		<b id="1" c="1 2" t="1"/>
		<b id="2" c="2 3" t="1"/>
		<b id="3" c="3 4" t="ar"/>
		<b id="4" c="4 5" t="ar"/>
		<b id="5" c="5 6" t="ar"/>
		<b id="6" c="6 7" t="1"/>
		<b id="7" c="6 8" t="ar"/>
		<b id="8" c="8 9" t="ar"/>
		<b id="9" c="3 9" t="ar"/>
		<b id="10" c="2 10" t="1"/>
		<b id="11" c="10 11" t="ar"/>
		<b id="12" c="11 12" t="ar"/>
		<b id="13" c="12 13" t="ar"/>
		<b id="14" c="13 14" t="1"/>
		<b id="15" c="14 15" t="2"/>
		<b id="16" c="13 16" t="ar"/>
		<b id="17" c="16 17" t="ar"/>
		<b id="18" c="10 17" t="ar"/>
		<b id="19" c="1 18" t="1"/>
		<b id="20" c="1 19" t="1"/>
		<b id="21" c="1 20" t="1"/>
		<b id="22" c="2 21" t="1"/>
		<b id="23" c="4 22" t="1"/>
		<b id="24" c="5 23" t="1"/>
		<b id="25" c="8 24" t="1"/>
		<b id="26" c="9 25" t="1"/>
		<b id="27" c="11 26" t="1"/>
		<b id="28" c="12 27" t="1"/>
		<b id="29" c="14 28" t="1"/>
		<b id="30" c="16 29" t="1"/>
		<b id="31" c="17 30" t="1"/>
	</bonds>
	<geometry>
		<g u="A" t="cart/3d">#30,3:0.8811,-0.1729,0.0688;2.4045,-0.1063,-0.0628;2.9356,-0.5330,-1.4123;2.1458,-0.6263,-2.5503;2.6933,-0.9952,-3.7674;4.0458,-1.2698,-3.8470;4.8050,-1.7803,-5.5207;4.8571,-1.1807,-2.7286;4.2953,-0.8122,-1.5220;2.8771,1.3000,0.2298;3.5096,1.6029,1.4307;3.9193,2.8918,1.7028;3.7036,3.9097,0.7734;4.1386,5.2781,1.0690;4.6905,5.6324,2.0797;3.0723,3.6069,-0.4329;2.6661,2.3159,-0.6986;0.5205,-1.1662,-0.1882;0.3980,0.5603,-0.5718;0.5972,0.0430,1.0965;2.8370,-0.7767,0.6889;1.0888,-0.4175,-2.5044;2.0715,-1.0676,-4.6465;5.9117,-1.3973,-2.8014;4.9250,-0.7387,-0.6471;3.6797,0.8208,2.1570;4.4112,3.1377,2.6321;3.9126,6.0015,0.2590;2.9041,4.3897,-1.1588;2.1854,2.0861,-1.6384;</g>
	</geometry>
	<conformers/>
	<properties/>
</molecule>
