<?xml version="1.0" ?>
<!--MOLLI PACKAGE EXPERIMENTAL XML FORMAT-->
<molecule name="el236">
	<atoms>
		<a id="1" s="F" t="F" l="F"/>
		<a id="2" s="C" t="C.ar" l="C"/>
		<a id="3" s="C" t="C.ar" l="C"/>
		<a id="4" s="C" t="C.ar" l="C"/>
		<a id="5" s="F" t="F" l="F"/>
		<a id="6" s="C" t="C.ar" l="C"/>
		<a id="7" s="N" t="N.2" l="N"/>
		<a id="8" s="N" t="N.2" l="N"/>
		<a id="9" s="C" t="C.ar" l="C"/>
		<a id="10" s="C" t="C.ar" l="C"/>
		<a id="11" s="F" t="F" l="F"/>
		<a id="12" s="C" t="C.ar" l="C"/>
		<a id="13" s="C" t="C.ar" l="C"/>
		<a id="14" s="Br" t="Br" l="BR"/>
		<a id="15" s="C" t="C.ar" l="C"/>
		<a id="16" s="C" t="C.ar" l="C"/>
		<a id="17" s="F" t="F" l="F"/>
		<a id="18" s="C" t="C.ar" l="C"/>
		<a id="19" s="F" t="F" l="F"/>
		<a id="20" s="C" t="C.ar" l="C"/>
		<a id="21" s="H" t="H" l="H"/>
		<a id="22" s="H" t="H" l="H"/>
		<a id="23" s="H" t="H" l="H"/>
		<a id="24" s="H" t="H" l="H"/>
	</atoms>
	<bonds>
		<b id="1" c="1 2" t="1"/>
		<b id="2" c="2 3" t="ar"/>
		<b id="3" c="3 4" t="ar"/>
		<b id="4" c="4 5" t="1"/>
		<b id="5" c="4 6" t="ar"/>
		<b id="6" c="6 7" t="1"/>
		<b id="7" c="7 8" t="2"/>
		<b id="8" c="8 9" t="1"/>
		<b id="9" c="9 10" t="ar"/>
		<b id="10" c="10 11" t="1"/>
		<b id="11" c="10 12" t="ar"/>
		<b id="12" c="12 13" t="ar"/>
		<b id="13" c="13 14" t="1"/>
		<b id="14" c="13 15" t="ar"/>
		<b id="15" c="15 16" t="ar"/>
		<b id="16" c="9 16" t="ar"/>
		<b id="17" c="16 17" t="1"/>
		<b id="18" c="6 18" t="ar"/>
		<b id="19" c="18 19" t="1"/>
		<b id="20" c="18 20" t="ar"/>
		<b id="21" c="2 20" t="ar"/>
		<b id="22" c="3 21" t="1"/>
		<b id="23" c="12 22" t="1"/>
		<b id="24" c="15 23" t="1"/>
		<b id="25" c="20 24" t="1"/>
	</bonds>
	<geometry>
		<g u="A" t="cart/3d">#24,3:2.0164,1.6043,0.3051;0.9632,0.8013,0.1185;-0.2028,1.0500,0.8239;-1.2884,0.2287,0.6017;-2.4106,0.4456,1.2954;-1.2370,-0.8702,-0.2807;-2.2205,-1.8081,-0.4069;-3.4242,-1.4663,-0.3284;-4.4049,-2.3992,-0.1896;-4.3072,-3.5388,0.6359;-3.1377,-3.8039,1.2301;-5.3871,-4.3522,0.9059;-6.6056,-4.0646,0.3090;-8.0872,-5.1899,0.6365;-6.7585,-2.9638,-0.5242;-5.6742,-2.1442,-0.7434;-5.8156,-1.0878,-1.5498;-0.0132,-1.0823,-0.9430;0.0771,-2.1006,-1.8015;1.0757,-0.2557,-0.7724;-0.2689,1.8714,1.5186;-5.2664,-5.2025,1.5582;-7.7048,-2.7372,-0.9887;1.9920,-0.4342,-1.3106;</g>
	</geometry>
	<conformers/>
	<properties/>
</molecule>
