<?xml version="1.0" ?>
<!--MOLLI PACKAGE EXPERIMENTAL XML FORMAT-->
<molecule name="el237">
	<atoms>
		<a id="1" s="O" t="O.2" l="O"/>
		<a id="2" s="S" t="S.O2" l="S"/>
		<a id="3" s="O" t="O.2" l="O"/>
		<a id="4" s="O" t="O.3" l="O"/>
		<a id="5" s="C" t="C.ar" l="C"/>
		<a id="6" s="C" t="C.ar" l="C"/>
		<a id="7" s="C" t="C.ar" l="C"/>
		<a id="8" s="F" t="F" l="F"/>
		<a id="9" s="C" t="C.ar" l="C"/>
		<a id="10" s="N" t="N.2" l="N"/>
		<a id="11" s="N" t="N.2" l="N"/>
		<a id="12" s="C" t="C.ar" l="C"/>
		<a id="13" s="C" t="C.ar" l="C"/>
		<a id="14" s="F" t="F" l="F"/>
		<a id="15" s="C" t="C.ar" l="C"/>
		<a id="16" s="C" t="C.ar" l="C"/>
		<a id="17" s="Br" t="Br" l="BR"/>
		<a id="18" s="C" t="C.ar" l="C"/>
		<a id="19" s="C" t="C.ar" l="C"/>
		<a id="20" s="F" t="F" l="F"/>
		<a id="21" s="C" t="C.ar" l="C"/>
		<a id="22" s="F" t="F" l="F"/>
		<a id="23" s="C" t="C.ar" l="C"/>
		<a id="24" s="H" t="H" l="H"/>
		<a id="25" s="H" t="H" l="H"/>
		<a id="26" s="H" t="H" l="H"/>
		<a id="27" s="H" t="H" l="H"/>
		<a id="28" s="H" t="H" l="H"/>
	</atoms>
	<bonds>
		<b id="1" c="1 2" t="2"/>
		<b id="2" c="2 3" t="2"/>
		<b id="3" c="2 4" t="1"/>
		<b id="4" c="2 5" t="1"/>
		<b id="5" c="5 6" t="ar"/>
		<b id="6" c="6 7" t="ar"/>
		<b id="7" c="7 8" t="1"/>
		<b id="8" c="7 9" t="ar"/>
		<b id="9" c="9 10" t="1"/>
		<b id="10" c="10 11" t="2"/>
		<b id="11" c="11 12" t="1"/>
		<b id="12" c="12 13" t="ar"/>
		<b id="13" c="13 14" t="1"/>
		<b id="14" c="13 15" t="ar"/>
		<b id="15" c="15 16" t="ar"/>
		<b id="16" c="16 17" t="1"/>
		<b id="17" c="16 18" t="ar"/>
		<b id="18" c="18 19" t="ar"/>
		<b id="19" c="12 19" t="ar"/>
		<b id="20" c="19 20" t="1"/>
		<b id="21" c="9 21" t="ar"/>
		<b id="22" c="21 22" t="1"/>
		<b id="23" c="21 23" t="ar"/>
		<b id="24" c="5 23" t="ar"/>
		<b id="25" c="4 24" t="1"/>
		<b id="26" c="6 25" t="1"/>
		<b id="27" c="15 26" t="1"/>
		<b id="28" c="18 27" t="1"/>
		<b id="29" c="23 28" t="1"/>
	</bonds>
	<geometry>
		<g u="A" t="cart/3d">#28,3:1.7833,1.4325,0.2814;2.3413,0.1252,0.2953;1.5550,-0.9938,-0.1200;3.6761,0.1210,-0.6122;3.0748,-0.1912,1.8849;3.1628,-1.4919,2.3372;3.7919,-1.7281,3.5424;3.8703,-2.9792,4.0141;4.3091,-0.6801,4.3357;4.7320,-0.8607,5.6132;5.4798,-1.8071,5.9395;5.6377,-2.1430,7.2501;4.6024,-2.1109,8.2086;3.4181,-1.6015,7.8570;4.7479,-2.6444,9.4713;5.9717,-3.1932,9.8277;6.1999,-3.8966,11.5638;7.0318,-3.2375,8.9306;6.8471,-2.7358,7.6615;7.8635,-2.7723,6.7976;4.1630,0.6275,3.8272;4.6619,1.6398,4.5430;3.5711,0.8769,2.6080;3.6349,-0.5868,-1.2580;2.7499,-2.2992,1.7547;3.9212,-2.6151,10.1634;7.9831,-3.6641,9.2060;3.4723,1.8786,2.2241;</g>
	</geometry>
	<conformers/>
	<properties/>
</molecule>
