<?xml version="1.0" ?>
<!--MOLLI PACKAGE EXPERIMENTAL XML FORMAT-->
<molecule name="el246">
	<atoms>
		<a id="1" s="Br" t="Br" l="BR"/>
		<a id="2" s="C" t="C.ar" l="C"/>
		<a id="3" s="C" t="C.ar" l="C"/>
		<a id="4" s="C" t="C.ar" l="C"/>
		<a id="5" s="C" t="C.ar" l="C"/>
		<a id="6" s="N" t="N.ar" l="N"/>
		<a id="7" s="S" t="S.2" l="S"/>
		<a id="8" s="N" t="N.ar" l="N"/>
		<a id="9" s="C" t="C.ar" l="C"/>
		<a id="10" s="C" t="C.ar" l="C"/>
		<a id="11" s="H" t="H" l="H"/>
		<a id="12" s="H" t="H" l="H"/>
		<a id="13" s="H" t="H" l="H"/>
	</atoms>
	<bonds>
		<b id="1" c="1 2" t="1"/>
		<b id="2" c="2 3" t="ar"/>
		<b id="3" c="3 4" t="ar"/>
		<b id="4" c="4 5" t="ar"/>
		<b id="5" c="5 6" t="ar"/>
		<b id="6" c="6 7" t="ar"/>
		<b id="7" c="7 8" t="ar"/>
		<b id="8" c="8 9" t="ar"/>
		<b id="9" c="5 9" t="ar"/>
		<b id="10" c="9 10" t="ar"/>
		<b id="11" c="2 10" t="ar"/>
		<b id="12" c="3 11" t="1"/>
		<b id="13" c="4 12" t="1"/>
		<b id="14" c="10 13" t="1"/>
	</bonds>
	<geometry>
		<g u="A" t="cart/3d">#13,3:0.9799,0.0705,0.0422;2.8824,0.0494,0.0511;3.5514,1.2919,0.0531;4.9156,1.3537,0.0597;5.6357,0.1468,0.0646;6.9595,-0.0166,0.0713;7.2829,-1.5881,0.0745;5.7796,-2.1501,0.0680;4.9389,-1.1137,0.0626;3.5359,-1.1518,0.0557;2.9630,2.1967,0.0492;5.4429,2.2935,0.0613;3.0161,-2.0957,0.0543;</g>
	</geometry>
	<conformers/>
	<properties/>
</molecule>
