<?xml version="1.0" ?>
<!--MOLLI PACKAGE EXPERIMENTAL XML FORMAT-->
<molecule name="el247">
	<atoms>
		<a id="1" s="C" t="C.3" l="C"/>
		<a id="2" s="C" t="C.3" l="C"/>
		<a id="3" s="C" t="C.3" l="C"/>
		<a id="4" s="C" t="C.3" l="C"/>
		<a id="5" s="O" t="O.3" l="O"/>
		<a id="6" s="C" t="C.2" l="C"/>
		<a id="7" s="O" t="O.2" l="O"/>
		<a id="8" s="N" t="N.am" l="N"/>
		<a id="9" s="C" t="C.3" l="C"/>
		<a id="10" s="C" t="C.3" l="C"/>
		<a id="11" s="C" t="C.3" l="C"/>
		<a id="12" s="N" t="N.pl3" l="N"/>
		<a id="13" s="C" t="C.ar" l="C"/>
		<a id="14" s="C" t="C.ar" l="C"/>
		<a id="15" s="C" t="C.ar" l="C"/>
		<a id="16" s="Br" t="Br" l="BR"/>
		<a id="17" s="C" t="C.ar" l="C"/>
		<a id="18" s="N" t="N.ar" l="N"/>
		<a id="19" s="C" t="C.ar" l="C"/>
		<a id="20" s="C" t="C.1" l="C"/>
		<a id="21" s="N" t="N.1" l="N"/>
		<a id="22" s="C" t="C.3" l="C"/>
		<a id="23" s="H" t="H" l="H"/>
		<a id="24" s="H" t="H" l="H"/>
		<a id="25" s="H" t="H" l="H"/>
		<a id="26" s="H" t="H" l="H"/>
		<a id="27" s="H" t="H" l="H"/>
		<a id="28" s="H" t="H" l="H"/>
		<a id="29" s="H" t="H" l="H"/>
		<a id="30" s="H" t="H" l="H"/>
		<a id="31" s="H" t="H" l="H"/>
		<a id="32" s="H" t="H" l="H"/>
		<a id="33" s="H" t="H" l="H"/>
		<a id="34" s="H" t="H" l="H"/>
		<a id="35" s="H" t="H" l="H"/>
		<a id="36" s="H" t="H" l="H"/>
		<a id="37" s="H" t="H" l="H"/>
		<a id="38" s="H" t="H" l="H"/>
		<a id="39" s="H" t="H" l="H"/>
		<a id="40" s="H" t="H" l="H"/>
		<a id="41" s="H" t="H" l="H"/>
	</atoms>
	<bonds>
		<b id="1" c="1 2" t="1"/>
		<b id="2" c="2 3" t="1"/>
		<b id="3" c="2 4" t="1"/>
		<b id="4" c="2 5" t="1"/>
		<b id="5" c="5 6" t="1"/>
		<b id="6" c="6 7" t="2"/>
		<b id="7" c="6 8" t="am"/>
		<b id="8" c="8 9" t="1"/>
		<b id="9" c="9 10" t="1"/>
		<b id="10" c="10 11" t="1"/>
		<b id="11" c="11 12" t="1"/>
		<b id="12" c="12 13" t="1"/>
		<b id="13" c="13 14" t="ar"/>
		<b id="14" c="14 15" t="ar"/>
		<b id="15" c="15 16" t="1"/>
		<b id="16" c="15 17" t="ar"/>
		<b id="17" c="17 18" t="ar"/>
		<b id="18" c="18 19" t="ar"/>
		<b id="19" c="13 19" t="ar"/>
		<b id="20" c="19 20" t="1"/>
		<b id="21" c="20 21" t="3"/>
		<b id="22" c="11 22" t="1"/>
		<b id="23" c="8 22" t="1"/>
		<b id="24" c="1 23" t="1"/>
		<b id="25" c="1 24" t="1"/>
		<b id="26" c="1 25" t="1"/>
		<b id="27" c="3 26" t="1"/>
		<b id="28" c="3 27" t="1"/>
		<b id="29" c="3 28" t="1"/>
		<b id="30" c="4 29" t="1"/>
		<b id="31" c="4 30" t="1"/>
		<b id="32" c="4 31" t="1"/>
		<b id="33" c="9 32" t="1"/>
		<b id="34" c="9 33" t="1"/>
		<b id="35" c="10 34" t="1"/>
		<b id="36" c="10 35" t="1"/>
		<b id="37" c="11 36" t="1"/>
		<b id="38" c="12 37" t="1"/>
		<b id="39" c="14 38" t="1"/>
		<b id="40" c="17 39" t="1"/>
		<b id="41" c="22 40" t="1"/>
		<b id="42" c="22 41" t="1"/>
	</bonds>
	<geometry>
		<g u="A" t="cart/3d">#41,3:4.2617,1.4872,-0.0793;3.1484,0.5407,-0.5248;2.5088,-0.1582,0.6747;2.0920,1.2974,-1.3314;3.6628,-0.4408,-1.4591;4.6250,-1.2949,-1.0789;5.1643,-1.3491,0.0021;4.9631,-2.1240,-2.0989;4.2213,-2.2983,-3.3300;4.2939,-3.8039,-3.5763;5.6926,-4.1710,-3.0459;6.7201,-3.9402,-4.0347;6.9910,-4.7520,-5.0828;6.4373,-6.0311,-5.2408;6.8263,-6.7982,-6.3202;6.0876,-8.5342,-6.5525;7.7458,-6.3047,-7.2440;8.2578,-5.1044,-7.1177;7.9083,-4.3434,-6.0901;8.4700,-3.0469,-6.0088;8.8727,-1.9793,-5.8881;5.8838,-3.2210,-1.8598;3.8465,2.2670,0.5528;4.7311,1.9468,-0.9464;5.0155,0.9410,0.4808;2.0446,0.5793,1.3230;3.2638,-0.6995,1.2382;1.7483,-0.8602,0.3380;1.6436,2.0732,-0.7185;1.3143,0.6148,-1.6642;2.5482,1.7539,-2.2057;4.7026,-1.7417,-4.1439;3.2032,-1.9280,-3.2140;4.1724,-4.0627,-4.6265;3.5323,-4.3202,-2.9923;5.7513,-5.2138,-2.7241;7.0856,-3.0001,-4.0893;5.7170,-6.4156,-4.5370;8.0643,-6.8837,-8.0975;6.9132,-2.8551,-1.7956;5.6432,-3.7003,-0.9058;</g>
	</geometry>
	<conformers/>
	<properties/>
</molecule>
