<?xml version="1.0" ?>
<!--MOLLI PACKAGE EXPERIMENTAL XML FORMAT-->
<molecule name="el249">
	<atoms>
		<a id="1" s="C" t="C.3" l="C"/>
		<a id="2" s="C" t="C.3" l="C"/>
		<a id="3" s="C" t="C.3" l="C"/>
		<a id="4" s="C" t="C.3" l="C"/>
		<a id="5" s="O" t="O.3" l="O"/>
		<a id="6" s="C" t="C.2" l="C"/>
		<a id="7" s="O" t="O.2" l="O"/>
		<a id="8" s="N" t="N.am" l="N"/>
		<a id="9" s="C" t="C.3" l="C"/>
		<a id="10" s="C" t="C.3" l="C"/>
		<a id="11" s="C" t="C.3" l="C"/>
		<a id="12" s="C" t="C.3" l="C"/>
		<a id="13" s="O" t="O.3" l="O"/>
		<a id="14" s="C" t="C.ar" l="C"/>
		<a id="15" s="C" t="C.ar" l="C"/>
		<a id="16" s="C" t="C.ar" l="C"/>
		<a id="17" s="Br" t="Br" l="BR"/>
		<a id="18" s="C" t="C.ar" l="C"/>
		<a id="19" s="N" t="N.ar" l="N"/>
		<a id="20" s="C" t="C.ar" l="C"/>
		<a id="21" s="C" t="C.1" l="C"/>
		<a id="22" s="N" t="N.1" l="N"/>
		<a id="23" s="C" t="C.3" l="C"/>
		<a id="24" s="C" t="C.3" l="C"/>
		<a id="25" s="H" t="H" l="H"/>
		<a id="26" s="H" t="H" l="H"/>
		<a id="27" s="H" t="H" l="H"/>
		<a id="28" s="H" t="H" l="H"/>
		<a id="29" s="H" t="H" l="H"/>
		<a id="30" s="H" t="H" l="H"/>
		<a id="31" s="H" t="H" l="H"/>
		<a id="32" s="H" t="H" l="H"/>
		<a id="33" s="H" t="H" l="H"/>
		<a id="34" s="H" t="H" l="H"/>
		<a id="35" s="H" t="H" l="H"/>
		<a id="36" s="H" t="H" l="H"/>
		<a id="37" s="H" t="H" l="H"/>
		<a id="38" s="H" t="H" l="H"/>
		<a id="39" s="H" t="H" l="H"/>
		<a id="40" s="H" t="H" l="H"/>
		<a id="41" s="H" t="H" l="H"/>
		<a id="42" s="H" t="H" l="H"/>
		<a id="43" s="H" t="H" l="H"/>
		<a id="44" s="H" t="H" l="H"/>
		<a id="45" s="H" t="H" l="H"/>
		<a id="46" s="H" t="H" l="H"/>
	</atoms>
	<bonds>
		<b id="1" c="1 2" t="1"/>
		<b id="2" c="2 3" t="1"/>
		<b id="3" c="2 4" t="1"/>
		<b id="4" c="2 5" t="1"/>
		<b id="5" c="5 6" t="1"/>
		<b id="6" c="6 7" t="2"/>
		<b id="7" c="6 8" t="am"/>
		<b id="8" c="9 10" t="1"/>
		<b id="9" c="10 11" t="1"/>
		<b id="10" c="11 12" t="1"/>
		<b id="11" c="12 13" t="1"/>
		<b id="12" c="13 14" t="1"/>
		<b id="13" c="14 15" t="ar"/>
		<b id="14" c="15 16" t="ar"/>
		<b id="15" c="16 17" t="1"/>
		<b id="16" c="16 18" t="ar"/>
		<b id="17" c="18 19" t="ar"/>
		<b id="18" c="19 20" t="ar"/>
		<b id="19" c="14 20" t="ar"/>
		<b id="20" c="20 21" t="1"/>
		<b id="21" c="21 22" t="3"/>
		<b id="22" c="12 23" t="1"/>
		<b id="23" c="23 24" t="1"/>
		<b id="24" c="9 24" t="1"/>
		<b id="25" c="9 8" t="1"/>
		<b id="26" c="1 25" t="1"/>
		<b id="27" c="1 26" t="1"/>
		<b id="28" c="1 27" t="1"/>
		<b id="29" c="3 28" t="1"/>
		<b id="30" c="3 29" t="1"/>
		<b id="31" c="3 30" t="1"/>
		<b id="32" c="4 31" t="1"/>
		<b id="33" c="4 32" t="1"/>
		<b id="34" c="4 33" t="1"/>
		<b id="35" c="8 34" t="1"/>
		<b id="36" c="9 35" t="1"/>
		<b id="37" c="10 36" t="1"/>
		<b id="38" c="10 37" t="1"/>
		<b id="39" c="11 38" t="1"/>
		<b id="40" c="11 39" t="1"/>
		<b id="41" c="12 40" t="1"/>
		<b id="42" c="15 41" t="1"/>
		<b id="43" c="18 42" t="1"/>
		<b id="44" c="23 43" t="1"/>
		<b id="45" c="23 44" t="1"/>
		<b id="46" c="24 45" t="1"/>
		<b id="47" c="24 46" t="1"/>
	</bonds>
	<geometry>
		<g u="A" t="cart/3d">#46,3:6.6472,1.4694,-1.6538;7.0114,-0.0039,-1.8356;5.8594,-0.7780,-2.4748;8.2827,-0.1427,-2.6741;7.3676,-0.5919,-0.5602;6.4721,-0.6468,0.4406;5.3343,-0.2454,0.4188;7.0419,-1.2585,1.5100;6.3834,-1.3286,2.7936;6.5858,-2.7013,3.4401;8.0245,-2.9092,3.9085;8.4527,-1.7896,4.8592;9.8327,-1.9201,5.2004;10.2397,-2.7832,6.1357;9.4300,-3.5881,6.9370;10.0336,-4.4039,7.8803;8.9567,-5.5070,8.9889;11.4173,-4.4203,8.0120;12.1853,-3.6714,7.2546;11.6395,-2.8772,6.3466;12.5078,-2.0909,5.5454;13.1900,-1.4579,4.8780;8.3025,-0.4304,4.1803;6.8585,-0.2158,3.7382;6.4625,1.9230,-2.6234;7.4628,1.9989,-1.1657;5.7525,1.5609,-1.0442;5.6600,-0.3829,-3.4669;4.9628,-0.6829,-1.8687;6.1178,-1.8314,-2.5592;8.1244,0.2814,-3.6610;8.5494,-1.1912,-2.7763;9.1060,0.3774,-2.1917;8.0237,-1.4710,1.4462;5.3202,-1.1780,2.5760;6.3201,-3.4810,2.7255;5.9114,-2.7831,4.2946;8.7080,-2.9142,3.0572;8.1135,-3.8796,4.4026;7.8373,-1.8044,5.7693;8.3556,-3.5870,6.8413;11.9145,-5.0484,8.7360;8.9793,-0.3907,3.3260;8.6056,0.3538,4.8755;6.7662,0.7451,3.2313;6.2063,-0.1983,4.6134;</g>
	</geometry>
	<conformers/>
	<properties/>
</molecule>
