<?xml version="1.0" ?>
<!--MOLLI PACKAGE EXPERIMENTAL XML FORMAT-->
<molecule name="el26">
	<atoms>
		<a id="1" s="C" t="C.3" l="C"/>
		<a id="2" s="N" t="N.3" l="N"/>
		<a id="3" s="C" t="C.3" l="C"/>
		<a id="4" s="C" t="C.3" l="C"/>
		<a id="5" s="C" t="C.3" l="C"/>
		<a id="6" s="C" t="C.3" l="C"/>
		<a id="7" s="C" t="C.3" l="C"/>
		<a id="8" s="O" t="O.3" l="O"/>
		<a id="9" s="C" t="C.ar" l="C"/>
		<a id="10" s="C" t="C.ar" l="C"/>
		<a id="11" s="C" t="C.ar" l="C"/>
		<a id="12" s="C" t="C.ar" l="C"/>
		<a id="13" s="Br" t="Br" l="BR"/>
		<a id="14" s="N" t="N.ar" l="N"/>
		<a id="15" s="C" t="C.ar" l="C"/>
		<a id="16" s="H" t="H" l="H"/>
		<a id="17" s="H" t="H" l="H"/>
		<a id="18" s="H" t="H" l="H"/>
		<a id="19" s="H" t="H" l="H"/>
		<a id="20" s="H" t="H" l="H"/>
		<a id="21" s="H" t="H" l="H"/>
		<a id="22" s="H" t="H" l="H"/>
		<a id="23" s="H" t="H" l="H"/>
		<a id="24" s="H" t="H" l="H"/>
		<a id="25" s="H" t="H" l="H"/>
		<a id="26" s="H" t="H" l="H"/>
		<a id="27" s="H" t="H" l="H"/>
		<a id="28" s="H" t="H" l="H"/>
		<a id="29" s="H" t="H" l="H"/>
		<a id="30" s="H" t="H" l="H"/>
	</atoms>
	<bonds>
		<b id="1" c="1 2" t="1"/>
		<b id="2" c="2 3" t="1"/>
		<b id="3" c="3 4" t="1"/>
		<b id="4" c="4 5" t="1"/>
		<b id="5" c="5 6" t="1"/>
		<b id="6" c="2 6" t="1"/>
		<b id="7" c="7 8" t="1"/>
		<b id="8" c="8 9" t="1"/>
		<b id="9" c="9 10" t="ar"/>
		<b id="10" c="10 11" t="ar"/>
		<b id="11" c="11 12" t="ar"/>
		<b id="12" c="12 13" t="1"/>
		<b id="13" c="12 14" t="ar"/>
		<b id="14" c="14 15" t="ar"/>
		<b id="15" c="9 15" t="ar"/>
		<b id="16" c="6 7" t="1"/>
		<b id="17" c="1 16" t="1"/>
		<b id="18" c="1 17" t="1"/>
		<b id="19" c="1 18" t="1"/>
		<b id="20" c="3 19" t="1"/>
		<b id="21" c="3 20" t="1"/>
		<b id="22" c="4 21" t="1"/>
		<b id="23" c="4 22" t="1"/>
		<b id="24" c="5 23" t="1"/>
		<b id="25" c="5 24" t="1"/>
		<b id="26" c="6 25" t="1"/>
		<b id="27" c="7 26" t="1"/>
		<b id="28" c="7 27" t="1"/>
		<b id="29" c="10 28" t="1"/>
		<b id="30" c="11 29" t="1"/>
		<b id="31" c="15 30" t="1"/>
	</bonds>
	<geometry>
		<g u="A" t="cart/3d">#30,3:-2.0788,-0.2366,0.5881;-0.8648,0.0638,-0.1281;0.0838,-1.0376,-0.1741;1.4037,-0.3585,-0.5118;1.3318,0.9028,0.3457;-0.1617,1.2611,0.3276;-0.4675,2.3997,-0.6540;0.0982,3.5909,-0.1396;-0.0941,4.7435,-0.8120;-0.7993,4.8834,-2.0087;-0.9181,6.1406,-2.5778;-0.3222,7.2030,-1.9217;-0.4475,8.9563,-2.6391;0.3512,7.0903,-0.7975;0.4668,5.9010,-0.2524;-2.5602,-1.0934,0.1179;-2.7549,0.6152,0.5284;-1.9022,-0.4740,1.6499;-0.2335,-1.7621,-0.9269;0.1579,-1.5537,0.7980;1.4258,-0.0999,-1.5697;2.2666,-0.9790,-0.2811;1.9459,1.7167,-0.0325;1.6484,0.6796,1.3645;-0.4976,1.5832,1.3234;-0.0417,2.1603,-1.6358;-1.5547,2.5040,-0.7572;-1.2514,4.0347,-2.4973;-1.4566,6.2886,-3.5004;1.0252,5.8425,0.6704;</g>
	</geometry>
	<conformers/>
	<properties/>
</molecule>
