<?xml version="1.0" ?>
<!--MOLLI PACKAGE EXPERIMENTAL XML FORMAT-->
<molecule name="el252">
	<atoms>
		<a id="1" s="C" t="C.3" l="C"/>
		<a id="2" s="C" t="C.3" l="C"/>
		<a id="3" s="C" t="C.3" l="C"/>
		<a id="4" s="C" t="C.3" l="C"/>
		<a id="5" s="O" t="O.3" l="O"/>
		<a id="6" s="C" t="C.2" l="C"/>
		<a id="7" s="O" t="O.2" l="O"/>
		<a id="8" s="N" t="N.am" l="N"/>
		<a id="9" s="C" t="C.3" l="C"/>
		<a id="10" s="C" t="C.3" l="C"/>
		<a id="11" s="C" t="C.3" l="C"/>
		<a id="12" s="C" t="C.3" l="C"/>
		<a id="13" s="N" t="N.pl3" l="N"/>
		<a id="14" s="C" t="C.ar" l="C"/>
		<a id="15" s="C" t="C.ar" l="C"/>
		<a id="16" s="C" t="C.ar" l="C"/>
		<a id="17" s="Br" t="Br" l="BR"/>
		<a id="18" s="C" t="C.ar" l="C"/>
		<a id="19" s="N" t="N.ar" l="N"/>
		<a id="20" s="C" t="C.ar" l="C"/>
		<a id="21" s="C" t="C.1" l="C"/>
		<a id="22" s="N" t="N.1" l="N"/>
		<a id="23" s="C" t="C.3" l="C"/>
		<a id="24" s="H" t="H" l="H"/>
		<a id="25" s="H" t="H" l="H"/>
		<a id="26" s="H" t="H" l="H"/>
		<a id="27" s="H" t="H" l="H"/>
		<a id="28" s="H" t="H" l="H"/>
		<a id="29" s="H" t="H" l="H"/>
		<a id="30" s="H" t="H" l="H"/>
		<a id="31" s="H" t="H" l="H"/>
		<a id="32" s="H" t="H" l="H"/>
		<a id="33" s="H" t="H" l="H"/>
		<a id="34" s="H" t="H" l="H"/>
		<a id="35" s="H" t="H" l="H"/>
		<a id="36" s="H" t="H" l="H"/>
		<a id="37" s="H" t="H" l="H"/>
		<a id="38" s="H" t="H" l="H"/>
		<a id="39" s="H" t="H" l="H"/>
		<a id="40" s="H" t="H" l="H"/>
		<a id="41" s="H" t="H" l="H"/>
		<a id="42" s="H" t="H" l="H"/>
		<a id="43" s="H" t="H" l="H"/>
		<a id="44" s="H" t="H" l="H"/>
	</atoms>
	<bonds>
		<b id="1" c="1 2" t="1"/>
		<b id="2" c="2 3" t="1"/>
		<b id="3" c="2 4" t="1"/>
		<b id="4" c="2 5" t="1"/>
		<b id="5" c="5 6" t="1"/>
		<b id="6" c="6 7" t="2"/>
		<b id="7" c="6 8" t="am"/>
		<b id="8" c="8 9" t="1"/>
		<b id="9" c="9 10" t="1"/>
		<b id="10" c="10 11" t="1"/>
		<b id="11" c="11 12" t="1"/>
		<b id="12" c="12 13" t="1"/>
		<b id="13" c="13 14" t="1"/>
		<b id="14" c="14 15" t="ar"/>
		<b id="15" c="15 16" t="ar"/>
		<b id="16" c="16 17" t="1"/>
		<b id="17" c="16 18" t="ar"/>
		<b id="18" c="18 19" t="ar"/>
		<b id="19" c="19 20" t="ar"/>
		<b id="20" c="14 20" t="ar"/>
		<b id="21" c="20 21" t="1"/>
		<b id="22" c="21 22" t="3"/>
		<b id="23" c="13 23" t="1"/>
		<b id="24" c="9 23" t="1"/>
		<b id="25" c="1 24" t="1"/>
		<b id="26" c="1 25" t="1"/>
		<b id="27" c="1 26" t="1"/>
		<b id="28" c="3 27" t="1"/>
		<b id="29" c="3 28" t="1"/>
		<b id="30" c="3 29" t="1"/>
		<b id="31" c="4 30" t="1"/>
		<b id="32" c="4 31" t="1"/>
		<b id="33" c="4 32" t="1"/>
		<b id="34" c="8 33" t="1"/>
		<b id="35" c="9 34" t="1"/>
		<b id="36" c="10 35" t="1"/>
		<b id="37" c="10 36" t="1"/>
		<b id="38" c="11 37" t="1"/>
		<b id="39" c="11 38" t="1"/>
		<b id="40" c="12 39" t="1"/>
		<b id="41" c="12 40" t="1"/>
		<b id="42" c="15 41" t="1"/>
		<b id="43" c="18 42" t="1"/>
		<b id="44" c="23 43" t="1"/>
		<b id="45" c="23 44" t="1"/>
	</bonds>
	<geometry>
		<g u="A" t="cart/3d">#44,3:3.1838,-2.3289,2.3851;2.9645,-1.0831,1.5278;3.5251,-1.2757,0.1198;1.4812,-0.7212,1.4644;3.5803,0.0670,2.1674;4.9027,0.1009,2.3747;5.7177,-0.7304,2.0571;5.2256,1.2599,3.0121;6.5924,1.6266,3.2914;6.7495,2.1703,4.7143;6.1575,3.5732,4.8378;6.7453,4.5080,3.7742;6.4971,3.9679,2.4528;5.4561,4.3824,1.6790;4.7296,3.4960,0.8606;3.6634,3.9579,0.1213;2.6490,2.7358,-0.9195;3.3148,5.3060,0.1582;4.0133,6.1554,0.8682;5.0474,5.7443,1.5951;5.7575,6.8081,2.2054;6.3319,7.7076,2.6278;7.1188,2.6725,2.2874;2.6535,-3.1713,1.9500;2.8111,-2.1597,3.3936;4.2428,-2.5671,2.4362;2.9970,-2.0876,-0.3715;4.5830,-1.5186,0.1636;3.3905,-0.3677,-0.4641;0.9204,-1.5421,1.0280;1.3400,0.1670,0.8538;1.1010,-0.5225,2.4631;4.4786,1.8936,3.2436;7.1719,0.7050,3.1670;7.8133,2.2058,4.9553;6.2661,1.4921,5.4190;6.3686,3.9797,5.8274;5.0718,3.5370,4.7196;7.8275,4.5986,3.9139;6.3061,5.4983,3.8719;4.9740,2.4470,0.8278;2.4778,5.7016,-0.3970;8.1914,2.8059,2.4679;6.9965,2.3177,1.2646;</g>
	</geometry>
	<conformers/>
	<properties/>
</molecule>
