<?xml version="1.0" ?>
<!--MOLLI PACKAGE EXPERIMENTAL XML FORMAT-->
<molecule name="el255">
	<atoms>
		<a id="1" s="C" t="C.3" l="C"/>
		<a id="2" s="C" t="C.3" l="C"/>
		<a id="3" s="C" t="C.3" l="C"/>
		<a id="4" s="C" t="C.3" l="C"/>
		<a id="5" s="O" t="O.3" l="O"/>
		<a id="6" s="C" t="C.2" l="C"/>
		<a id="7" s="O" t="O.2" l="O"/>
		<a id="8" s="N" t="N.am" l="N"/>
		<a id="9" s="C" t="C.3" l="C"/>
		<a id="10" s="C" t="C.3" l="C"/>
		<a id="11" s="C" t="C.3" l="C"/>
		<a id="12" s="C" t="C.3" l="C"/>
		<a id="13" s="N" t="N.pl3" l="N"/>
		<a id="14" s="C" t="C.ar" l="C"/>
		<a id="15" s="C" t="C.ar" l="C"/>
		<a id="16" s="C" t="C.ar" l="C"/>
		<a id="17" s="Br" t="Br" l="BR"/>
		<a id="18" s="C" t="C.ar" l="C"/>
		<a id="19" s="N" t="N.ar" l="N"/>
		<a id="20" s="C" t="C.ar" l="C"/>
		<a id="21" s="C" t="C.1" l="C"/>
		<a id="22" s="N" t="N.1" l="N"/>
		<a id="23" s="C" t="C.3" l="C"/>
		<a id="24" s="C" t="C.3" l="C"/>
		<a id="25" s="H" t="H" l="H"/>
		<a id="26" s="H" t="H" l="H"/>
		<a id="27" s="H" t="H" l="H"/>
		<a id="28" s="H" t="H" l="H"/>
		<a id="29" s="H" t="H" l="H"/>
		<a id="30" s="H" t="H" l="H"/>
		<a id="31" s="H" t="H" l="H"/>
		<a id="32" s="H" t="H" l="H"/>
		<a id="33" s="H" t="H" l="H"/>
		<a id="34" s="H" t="H" l="H"/>
		<a id="35" s="H" t="H" l="H"/>
		<a id="36" s="H" t="H" l="H"/>
		<a id="37" s="H" t="H" l="H"/>
		<a id="38" s="H" t="H" l="H"/>
		<a id="39" s="H" t="H" l="H"/>
		<a id="40" s="H" t="H" l="H"/>
		<a id="41" s="H" t="H" l="H"/>
		<a id="42" s="H" t="H" l="H"/>
		<a id="43" s="H" t="H" l="H"/>
		<a id="44" s="H" t="H" l="H"/>
		<a id="45" s="H" t="H" l="H"/>
		<a id="46" s="H" t="H" l="H"/>
		<a id="47" s="H" t="H" l="H"/>
	</atoms>
	<bonds>
		<b id="1" c="1 2" t="1"/>
		<b id="2" c="2 3" t="1"/>
		<b id="3" c="2 4" t="1"/>
		<b id="4" c="2 5" t="1"/>
		<b id="5" c="5 6" t="1"/>
		<b id="6" c="6 7" t="2"/>
		<b id="7" c="6 8" t="am"/>
		<b id="8" c="9 10" t="1"/>
		<b id="9" c="10 11" t="1"/>
		<b id="10" c="11 12" t="1"/>
		<b id="11" c="12 13" t="1"/>
		<b id="12" c="13 14" t="1"/>
		<b id="13" c="14 15" t="ar"/>
		<b id="14" c="15 16" t="ar"/>
		<b id="15" c="16 17" t="1"/>
		<b id="16" c="16 18" t="ar"/>
		<b id="17" c="18 19" t="ar"/>
		<b id="18" c="19 20" t="ar"/>
		<b id="19" c="14 20" t="ar"/>
		<b id="20" c="20 21" t="1"/>
		<b id="21" c="21 22" t="3"/>
		<b id="22" c="12 23" t="1"/>
		<b id="23" c="23 24" t="1"/>
		<b id="24" c="9 24" t="1"/>
		<b id="25" c="9 8" t="1"/>
		<b id="26" c="1 25" t="1"/>
		<b id="27" c="1 26" t="1"/>
		<b id="28" c="1 27" t="1"/>
		<b id="29" c="3 28" t="1"/>
		<b id="30" c="3 29" t="1"/>
		<b id="31" c="3 30" t="1"/>
		<b id="32" c="4 31" t="1"/>
		<b id="33" c="4 32" t="1"/>
		<b id="34" c="4 33" t="1"/>
		<b id="35" c="8 34" t="1"/>
		<b id="36" c="9 35" t="1"/>
		<b id="37" c="10 36" t="1"/>
		<b id="38" c="10 37" t="1"/>
		<b id="39" c="11 38" t="1"/>
		<b id="40" c="11 39" t="1"/>
		<b id="41" c="12 40" t="1"/>
		<b id="42" c="13 41" t="1"/>
		<b id="43" c="15 42" t="1"/>
		<b id="44" c="18 43" t="1"/>
		<b id="45" c="23 44" t="1"/>
		<b id="46" c="23 45" t="1"/>
		<b id="47" c="24 46" t="1"/>
		<b id="48" c="24 47" t="1"/>
	</bonds>
	<geometry>
		<g u="A" t="cart/3d">#47,3:7.8370,0.2236,-5.4497;7.1321,-1.0738,-5.8461;5.6605,-0.8206,-6.1719;7.8397,-1.7265,-7.0345;7.2548,-2.0513,-4.7838;6.7456,-1.7976,-3.5637;6.1208,-0.8202,-3.2285;7.0553,-2.8207,-2.7321;6.5805,-2.8770,-1.3630;6.8228,-4.2674,-0.7791;8.3119,-4.5541,-0.5933;8.9692,-3.4737,0.2761;10.3871,-3.7128,0.4331;10.9707,-4.5596,1.3070;10.2718,-5.2659,2.2982;10.9781,-6.0712,3.1673;10.0492,-7.0359,4.5182;12.3627,-6.1891,3.0582;13.0276,-5.5454,2.1295;12.3800,-4.7604,1.2800;13.1383,-4.0954,0.2878;13.6853,-3.5309,-0.5486;8.7607,-2.1015,-0.3614;7.2719,-1.8081,-0.5069;7.8194,0.9198,-6.2833;8.8719,0.0200,-5.1815;7.3349,0.6775,-4.5997;5.5854,-0.1472,-7.0210;5.1602,-0.3719,-5.3183;5.1651,-1.7574,-6.4185;7.8111,-1.0625,-7.8930;7.3501,-2.6620,-7.2923;8.8760,-1.9369,-6.7827;7.5272,-3.6166,-3.1279;5.5036,-2.6609,-1.3729;6.3786,-5.0243,-1.4283;6.3215,-4.3241,0.1887;8.8195,-4.5771,-1.5601;8.4422,-5.5347,-0.1305;8.5060,-3.4731,1.2692;10.9835,-3.3292,-0.2862;9.2001,-5.1866,2.3852;12.9373,-6.8132,3.7263;9.2309,-2.0847,-1.3471;9.2340,-1.3345,0.2539;7.1232,-0.8381,-0.9796;6.7985,-1.7846,0.4759;</g>
	</geometry>
	<conformers/>
	<properties/>
</molecule>
