<?xml version="1.0" ?>
<!--MOLLI PACKAGE EXPERIMENTAL XML FORMAT-->
<molecule name="el257">
	<atoms>
		<a id="1" s="C" t="C.3" l="C"/>
		<a id="2" s="C" t="C.3" l="C"/>
		<a id="3" s="C" t="C.3" l="C"/>
		<a id="4" s="C" t="C.3" l="C"/>
		<a id="5" s="O" t="O.3" l="O"/>
		<a id="6" s="C" t="C.2" l="C"/>
		<a id="7" s="O" t="O.2" l="O"/>
		<a id="8" s="N" t="N.am" l="N"/>
		<a id="9" s="C" t="C.3" l="C"/>
		<a id="10" s="C" t="C.3" l="C"/>
		<a id="11" s="C" t="C.3" l="C"/>
		<a id="12" s="C" t="C.3" l="C"/>
		<a id="13" s="C" t="C.3" l="C"/>
		<a id="14" s="N" t="N.pl3" l="N"/>
		<a id="15" s="C" t="C.ar" l="C"/>
		<a id="16" s="C" t="C.ar" l="C"/>
		<a id="17" s="C" t="C.ar" l="C"/>
		<a id="18" s="Br" t="Br" l="BR"/>
		<a id="19" s="C" t="C.ar" l="C"/>
		<a id="20" s="N" t="N.ar" l="N"/>
		<a id="21" s="C" t="C.ar" l="C"/>
		<a id="22" s="C" t="C.1" l="C"/>
		<a id="23" s="N" t="N.1" l="N"/>
		<a id="24" s="C" t="C.3" l="C"/>
		<a id="25" s="H" t="H" l="H"/>
		<a id="26" s="H" t="H" l="H"/>
		<a id="27" s="H" t="H" l="H"/>
		<a id="28" s="H" t="H" l="H"/>
		<a id="29" s="H" t="H" l="H"/>
		<a id="30" s="H" t="H" l="H"/>
		<a id="31" s="H" t="H" l="H"/>
		<a id="32" s="H" t="H" l="H"/>
		<a id="33" s="H" t="H" l="H"/>
		<a id="34" s="H" t="H" l="H"/>
		<a id="35" s="H" t="H" l="H"/>
		<a id="36" s="H" t="H" l="H"/>
		<a id="37" s="H" t="H" l="H"/>
		<a id="38" s="H" t="H" l="H"/>
		<a id="39" s="H" t="H" l="H"/>
		<a id="40" s="H" t="H" l="H"/>
		<a id="41" s="H" t="H" l="H"/>
		<a id="42" s="H" t="H" l="H"/>
		<a id="43" s="H" t="H" l="H"/>
		<a id="44" s="H" t="H" l="H"/>
		<a id="45" s="H" t="H" l="H"/>
		<a id="46" s="H" t="H" l="H"/>
		<a id="47" s="H" t="H" l="H"/>
	</atoms>
	<bonds>
		<b id="1" c="1 2" t="1"/>
		<b id="2" c="2 3" t="1"/>
		<b id="3" c="2 4" t="1"/>
		<b id="4" c="2 5" t="1"/>
		<b id="5" c="5 6" t="1"/>
		<b id="6" c="6 7" t="2"/>
		<b id="7" c="6 8" t="am"/>
		<b id="8" c="8 9" t="1"/>
		<b id="9" c="9 10" t="1"/>
		<b id="10" c="10 11" t="1"/>
		<b id="11" c="11 12" t="1"/>
		<b id="12" c="12 13" t="1"/>
		<b id="13" c="13 14" t="1"/>
		<b id="14" c="14 15" t="1"/>
		<b id="15" c="15 16" t="ar"/>
		<b id="16" c="16 17" t="ar"/>
		<b id="17" c="17 18" t="1"/>
		<b id="18" c="17 19" t="ar"/>
		<b id="19" c="19 20" t="ar"/>
		<b id="20" c="20 21" t="ar"/>
		<b id="21" c="15 21" t="ar"/>
		<b id="22" c="21 22" t="1"/>
		<b id="23" c="22 23" t="3"/>
		<b id="24" c="12 24" t="1"/>
		<b id="25" c="8 24" t="1"/>
		<b id="26" c="1 25" t="1"/>
		<b id="27" c="1 26" t="1"/>
		<b id="28" c="1 27" t="1"/>
		<b id="29" c="3 28" t="1"/>
		<b id="30" c="3 29" t="1"/>
		<b id="31" c="3 30" t="1"/>
		<b id="32" c="4 31" t="1"/>
		<b id="33" c="4 32" t="1"/>
		<b id="34" c="4 33" t="1"/>
		<b id="35" c="9 34" t="1"/>
		<b id="36" c="9 35" t="1"/>
		<b id="37" c="10 36" t="1"/>
		<b id="38" c="10 37" t="1"/>
		<b id="39" c="11 38" t="1"/>
		<b id="40" c="11 39" t="1"/>
		<b id="41" c="12 40" t="1"/>
		<b id="42" c="13 41" t="1"/>
		<b id="43" c="13 42" t="1"/>
		<b id="44" c="14 43" t="1"/>
		<b id="45" c="16 44" t="1"/>
		<b id="46" c="19 45" t="1"/>
		<b id="47" c="24 46" t="1"/>
		<b id="48" c="24 47" t="1"/>
	</bonds>
	<geometry>
		<g u="A" t="cart/3d">#47,3:4.2028,0.9524,1.2017;3.0838,0.7819,0.1750;2.5839,-0.6615,0.1389;1.9290,1.7380,0.4793;3.5406,1.1922,-1.1378;4.5471,0.5321,-1.7380;5.1701,-0.3905,-1.2648;4.7745,1.0070,-2.9918;5.9242,0.5351,-3.7329;6.9937,1.6250,-3.8031;6.4000,2.9062,-4.3852;5.1902,3.3467,-3.5561;4.5514,4.6183,-4.1105;5.4603,5.7322,-3.9828;5.2586,6.9642,-4.4919;4.1358,7.3032,-5.2614;4.0294,8.5886,-5.7506;2.5158,9.0743,-6.7928;5.0185,9.5334,-5.4814;6.0711,9.2303,-4.7611;6.2063,8.0041,-4.2764;7.3553,7.7158,-3.5041;8.2564,7.4011,-2.8678;4.1684,2.2000,-3.5282;3.8276,0.7190,2.1938;4.5653,1.9784,1.1938;5.0276,0.2848,0.9689;2.1492,-0.9217,1.1000;3.4070,-1.3381,-0.0729;1.8268,-0.7752,-0.6346;1.5096,1.5113,1.4547;1.1509,1.6364,-0.2730;2.2822,2.7661,0.4765;5.5985,0.2617,-4.7426;6.3034,-0.3524,-3.2251;7.8259,1.2811,-4.4176;7.3706,1.8190,-2.7971;6.0800,2.7235,-5.4144;7.1584,3.6911,-4.4056;5.5125,3.5356,-2.5257;3.6172,4.8261,-3.5693;4.3069,4.4711,-5.1690;6.2517,5.6131,-3.3644;3.3658,6.5762,-5.4640;4.9561,10.5457,-5.8509;3.8316,1.9868,-4.5500;3.3045,2.4631,-2.9193;</g>
	</geometry>
	<conformers/>
	<properties/>
</molecule>
