<?xml version="1.0" ?>
<!--MOLLI PACKAGE EXPERIMENTAL XML FORMAT-->
<molecule name="el260">
	<atoms>
		<a id="1" s="C" t="C.3" l="C"/>
		<a id="2" s="C" t="C.3" l="C"/>
		<a id="3" s="C" t="C.3" l="C"/>
		<a id="4" s="C" t="C.3" l="C"/>
		<a id="5" s="O" t="O.3" l="O"/>
		<a id="6" s="C" t="C.2" l="C"/>
		<a id="7" s="O" t="O.2" l="O"/>
		<a id="8" s="N" t="N.am" l="N"/>
		<a id="9" s="C" t="C.3" l="C"/>
		<a id="10" s="C" t="C.3" l="C"/>
		<a id="11" s="C" t="C.3" l="C"/>
		<a id="12" s="C" t="C.3" l="C"/>
		<a id="13" s="N" t="N.pl3" l="N"/>
		<a id="14" s="C" t="C.ar" l="C"/>
		<a id="15" s="C" t="C.ar" l="C"/>
		<a id="16" s="C" t="C.ar" l="C"/>
		<a id="17" s="Br" t="Br" l="BR"/>
		<a id="18" s="C" t="C.ar" l="C"/>
		<a id="19" s="N" t="N.ar" l="N"/>
		<a id="20" s="C" t="C.ar" l="C"/>
		<a id="21" s="C" t="C.1" l="C"/>
		<a id="22" s="N" t="N.1" l="N"/>
		<a id="23" s="C" t="C.3" l="C"/>
		<a id="24" s="H" t="H" l="H"/>
		<a id="25" s="H" t="H" l="H"/>
		<a id="26" s="H" t="H" l="H"/>
		<a id="27" s="H" t="H" l="H"/>
		<a id="28" s="H" t="H" l="H"/>
		<a id="29" s="H" t="H" l="H"/>
		<a id="30" s="H" t="H" l="H"/>
		<a id="31" s="H" t="H" l="H"/>
		<a id="32" s="H" t="H" l="H"/>
		<a id="33" s="H" t="H" l="H"/>
		<a id="34" s="H" t="H" l="H"/>
		<a id="35" s="H" t="H" l="H"/>
		<a id="36" s="H" t="H" l="H"/>
		<a id="37" s="H" t="H" l="H"/>
		<a id="38" s="H" t="H" l="H"/>
		<a id="39" s="H" t="H" l="H"/>
		<a id="40" s="H" t="H" l="H"/>
		<a id="41" s="H" t="H" l="H"/>
		<a id="42" s="H" t="H" l="H"/>
		<a id="43" s="H" t="H" l="H"/>
		<a id="44" s="H" t="H" l="H"/>
	</atoms>
	<bonds>
		<b id="1" c="1 2" t="1"/>
		<b id="2" c="2 3" t="1"/>
		<b id="3" c="2 4" t="1"/>
		<b id="4" c="2 5" t="1"/>
		<b id="5" c="5 6" t="1"/>
		<b id="6" c="6 7" t="2"/>
		<b id="7" c="6 8" t="am"/>
		<b id="8" c="8 9" t="1"/>
		<b id="9" c="9 10" t="1"/>
		<b id="10" c="10 11" t="1"/>
		<b id="11" c="11 12" t="1"/>
		<b id="12" c="13 14" t="1"/>
		<b id="13" c="14 15" t="ar"/>
		<b id="14" c="15 16" t="ar"/>
		<b id="15" c="16 17" t="1"/>
		<b id="16" c="16 18" t="ar"/>
		<b id="17" c="18 19" t="ar"/>
		<b id="18" c="19 20" t="ar"/>
		<b id="19" c="14 20" t="ar"/>
		<b id="20" c="20 21" t="1"/>
		<b id="21" c="21 22" t="3"/>
		<b id="22" c="12 23" t="1"/>
		<b id="23" c="8 23" t="1"/>
		<b id="24" c="12 13" t="1"/>
		<b id="25" c="1 24" t="1"/>
		<b id="26" c="1 25" t="1"/>
		<b id="27" c="1 26" t="1"/>
		<b id="28" c="3 27" t="1"/>
		<b id="29" c="3 28" t="1"/>
		<b id="30" c="3 29" t="1"/>
		<b id="31" c="4 30" t="1"/>
		<b id="32" c="4 31" t="1"/>
		<b id="33" c="4 32" t="1"/>
		<b id="34" c="9 33" t="1"/>
		<b id="35" c="9 34" t="1"/>
		<b id="36" c="10 35" t="1"/>
		<b id="37" c="10 36" t="1"/>
		<b id="38" c="11 37" t="1"/>
		<b id="39" c="11 38" t="1"/>
		<b id="40" c="12 39" t="1"/>
		<b id="41" c="13 40" t="1"/>
		<b id="42" c="15 41" t="1"/>
		<b id="43" c="18 42" t="1"/>
		<b id="44" c="23 43" t="1"/>
		<b id="45" c="23 44" t="1"/>
	</bonds>
	<geometry>
		<g u="A" t="cart/3d">#44,3:4.3140,-1.8837,0.1056;3.2026,-1.0243,0.7017;2.4309,-0.2851,-0.3904;2.2627,-1.8836,1.5474;3.7384,-0.0640,1.6540;4.6086,0.8770,1.2524;5.1360,0.9491,0.1682;4.8398,1.7878,2.2402;5.9525,2.7034,2.1214;7.0352,2.3168,3.1281;6.4564,2.3055,4.5414;5.2252,1.3856,4.6294;5.5698,-0.0077,4.4605;6.0490,-0.8210,5.4231;6.3792,-0.3800,6.7153;6.8746,-1.2886,7.6268;7.3254,-0.7078,9.3809;7.0489,-2.6254,7.2715;6.7367,-3.0532,6.0728;6.2527,-2.2064,5.1734;5.9109,-2.7423,3.9109;5.6019,-3.1511,2.8842;4.2168,1.7749,3.5388;3.8752,-2.6357,-0.5438;4.8673,-2.3835,0.8969;4.9966,-1.2701,-0.4752;1.9566,-1.0042,-1.0518;3.1085,0.3341,-0.9722;1.6638,0.3486,0.0510;1.7719,-2.6200,0.9191;1.5067,-1.2617,2.0211;2.8282,-2.4004,2.3187;5.5980,3.7215,2.3172;6.3245,2.6436,1.0982;7.8625,3.0243,3.0708;7.4173,1.3253,2.8780;6.1498,3.3159,4.8199;7.2182,1.9759,5.2495;4.7443,1.5135,5.6084;5.3632,-0.4172,3.5605;6.2502,0.6520,6.9990;7.4405,-3.3550,7.9640;3.8397,2.7824,3.7526;3.3790,1.0778,3.5294;</g>
	</geometry>
	<conformers/>
	<properties/>
</molecule>
