<?xml version="1.0" ?>
<!--MOLLI PACKAGE EXPERIMENTAL XML FORMAT-->
<molecule name="el27">
	<atoms>
		<a id="1" s="Br" t="Br" l="BR"/>
		<a id="2" s="C" t="C.ar" l="C"/>
		<a id="3" s="C" t="C.ar" l="C"/>
		<a id="4" s="C" t="C.ar" l="C"/>
		<a id="5" s="C" t="C.ar" l="C"/>
		<a id="6" s="C" t="C.ar" l="C"/>
		<a id="7" s="C" t="C.ar" l="C"/>
		<a id="8" s="N" t="N.ar" l="N"/>
		<a id="9" s="N" t="N.ar" l="N"/>
		<a id="10" s="C" t="C.ar" l="C"/>
		<a id="11" s="C" t="C.ar" l="C"/>
		<a id="12" s="C" t="C.ar" l="C"/>
		<a id="13" s="C" t="C.ar" l="C"/>
		<a id="14" s="C" t="C.ar" l="C"/>
		<a id="15" s="C" t="C.ar" l="C"/>
		<a id="16" s="C" t="C.ar" l="C"/>
		<a id="17" s="C" t="C.ar" l="C"/>
		<a id="18" s="C" t="C.ar" l="C"/>
		<a id="19" s="C" t="C.ar" l="C"/>
		<a id="20" s="C" t="C.ar" l="C"/>
		<a id="21" s="C" t="C.ar" l="C"/>
		<a id="22" s="C" t="C.ar" l="C"/>
		<a id="23" s="C" t="C.ar" l="C"/>
		<a id="24" s="N" t="N.ar" l="N"/>
		<a id="25" s="N" t="N.ar" l="N"/>
		<a id="26" s="H" t="H" l="H"/>
		<a id="27" s="H" t="H" l="H"/>
		<a id="28" s="H" t="H" l="H"/>
		<a id="29" s="H" t="H" l="H"/>
		<a id="30" s="H" t="H" l="H"/>
		<a id="31" s="H" t="H" l="H"/>
		<a id="32" s="H" t="H" l="H"/>
		<a id="33" s="H" t="H" l="H"/>
		<a id="34" s="H" t="H" l="H"/>
		<a id="35" s="H" t="H" l="H"/>
		<a id="36" s="H" t="H" l="H"/>
		<a id="37" s="H" t="H" l="H"/>
		<a id="38" s="H" t="H" l="H"/>
	</atoms>
	<bonds>
		<b id="1" c="1 2" t="1"/>
		<b id="2" c="2 3" t="ar"/>
		<b id="3" c="3 4" t="ar"/>
		<b id="4" c="4 5" t="ar"/>
		<b id="5" c="5 6" t="ar"/>
		<b id="6" c="6 7" t="1"/>
		<b id="7" c="7 8" t="ar"/>
		<b id="8" c="8 9" t="ar"/>
		<b id="9" c="9 10" t="ar"/>
		<b id="10" c="10 11" t="1"/>
		<b id="11" c="11 12" t="ar"/>
		<b id="12" c="12 13" t="ar"/>
		<b id="13" c="13 14" t="ar"/>
		<b id="14" c="14 15" t="ar"/>
		<b id="15" c="15 16" t="ar"/>
		<b id="16" c="11 16" t="ar"/>
		<b id="17" c="10 17" t="ar"/>
		<b id="18" c="17 18" t="1"/>
		<b id="19" c="18 19" t="ar"/>
		<b id="20" c="19 20" t="ar"/>
		<b id="21" c="20 21" t="ar"/>
		<b id="22" c="21 22" t="ar"/>
		<b id="23" c="22 23" t="ar"/>
		<b id="24" c="18 23" t="ar"/>
		<b id="25" c="17 24" t="ar"/>
		<b id="26" c="7 24" t="ar"/>
		<b id="27" c="6 25" t="ar"/>
		<b id="28" c="2 25" t="ar"/>
		<b id="29" c="3 26" t="1"/>
		<b id="30" c="4 27" t="1"/>
		<b id="31" c="5 28" t="1"/>
		<b id="32" c="12 29" t="1"/>
		<b id="33" c="13 30" t="1"/>
		<b id="34" c="14 31" t="1"/>
		<b id="35" c="15 32" t="1"/>
		<b id="36" c="16 33" t="1"/>
		<b id="37" c="19 34" t="1"/>
		<b id="38" c="20 35" t="1"/>
		<b id="39" c="21 36" t="1"/>
		<b id="40" c="22 37" t="1"/>
		<b id="41" c="23 38" t="1"/>
	</bonds>
	<geometry>
		<g u="A" t="cart/3d">#38,3:0.5542,0.1565,2.2909;-0.7703,0.0101,0.9376;-0.9130,1.0300,0.0060;-1.8916,0.8599,-0.9605;-2.6636,-0.2894,-0.9507;-2.4263,-1.2445,0.0395;-3.2200,-2.4687,0.0987;-3.2920,-3.1646,1.2405;-3.6969,-4.3779,1.1449;-4.2126,-4.8939,0.0439;-4.3945,-6.3357,-0.0313;-4.5784,-7.0722,1.1392;-4.7538,-8.4407,1.0766;-4.7359,-9.0907,-0.1474;-4.5311,-8.3670,-1.3116;-4.3616,-6.9972,-1.2593;-4.5795,-3.9584,-0.9732;-5.6337,-4.1640,-1.9579;-6.7324,-4.9778,-1.6819;-7.7157,-5.1561,-2.6352;-7.6150,-4.5334,-3.8697;-6.5313,-3.7149,-4.1452;-5.5480,-3.5241,-3.1944;-3.9385,-2.8049,-0.9629;-1.4855,-1.0832,0.9644;-0.2861,1.9063,0.0415;-2.0476,1.6199,-1.7119;-3.4395,-0.4615,-1.6784;-4.5884,-6.5518,2.0843;-4.9040,-9.0044,1.9854;-4.8756,-10.1604,-0.1945;-4.5022,-8.8733,-2.2652;-4.1880,-6.4381,-2.1674;-6.8214,-5.4522,-0.7157;-8.5664,-5.7832,-2.4143;-8.3831,-4.6825,-4.6138;-6.4541,-3.2241,-5.1041;-4.6963,-2.8924,-3.3956;</g>
	</geometry>
	<conformers/>
	<properties/>
</molecule>
