<?xml version="1.0" ?>
<!--MOLLI PACKAGE EXPERIMENTAL XML FORMAT-->
<molecule name="el261">
	<atoms>
		<a id="1" s="C" t="C.3" l="C"/>
		<a id="2" s="C" t="C.3" l="C"/>
		<a id="3" s="C" t="C.3" l="C"/>
		<a id="4" s="C" t="C.3" l="C"/>
		<a id="5" s="O" t="O.3" l="O"/>
		<a id="6" s="C" t="C.2" l="C"/>
		<a id="7" s="O" t="O.2" l="O"/>
		<a id="8" s="N" t="N.am" l="N"/>
		<a id="9" s="C" t="C.3" l="C"/>
		<a id="10" s="C" t="C.3" l="C"/>
		<a id="11" s="C" t="C.3" l="C"/>
		<a id="12" s="N" t="N.pl3" l="N"/>
		<a id="13" s="C" t="C.ar" l="C"/>
		<a id="14" s="C" t="C.ar" l="C"/>
		<a id="15" s="C" t="C.ar" l="C"/>
		<a id="16" s="Br" t="Br" l="BR"/>
		<a id="17" s="C" t="C.ar" l="C"/>
		<a id="18" s="N" t="N.ar" l="N"/>
		<a id="19" s="C" t="C.ar" l="C"/>
		<a id="20" s="C" t="C.1" l="C"/>
		<a id="21" s="N" t="N.1" l="N"/>
		<a id="22" s="C" t="C.3" l="C"/>
		<a id="23" s="H" t="H" l="H"/>
		<a id="24" s="H" t="H" l="H"/>
		<a id="25" s="H" t="H" l="H"/>
		<a id="26" s="H" t="H" l="H"/>
		<a id="27" s="H" t="H" l="H"/>
		<a id="28" s="H" t="H" l="H"/>
		<a id="29" s="H" t="H" l="H"/>
		<a id="30" s="H" t="H" l="H"/>
		<a id="31" s="H" t="H" l="H"/>
		<a id="32" s="H" t="H" l="H"/>
		<a id="33" s="H" t="H" l="H"/>
		<a id="34" s="H" t="H" l="H"/>
		<a id="35" s="H" t="H" l="H"/>
		<a id="36" s="H" t="H" l="H"/>
		<a id="37" s="H" t="H" l="H"/>
		<a id="38" s="H" t="H" l="H"/>
		<a id="39" s="H" t="H" l="H"/>
		<a id="40" s="H" t="H" l="H"/>
		<a id="41" s="H" t="H" l="H"/>
	</atoms>
	<bonds>
		<b id="1" c="1 2" t="1"/>
		<b id="2" c="2 3" t="1"/>
		<b id="3" c="2 4" t="1"/>
		<b id="4" c="2 5" t="1"/>
		<b id="5" c="5 6" t="1"/>
		<b id="6" c="6 7" t="2"/>
		<b id="7" c="6 8" t="am"/>
		<b id="8" c="8 9" t="1"/>
		<b id="9" c="9 10" t="1"/>
		<b id="10" c="10 11" t="1"/>
		<b id="11" c="12 13" t="1"/>
		<b id="12" c="13 14" t="ar"/>
		<b id="13" c="14 15" t="ar"/>
		<b id="14" c="15 16" t="1"/>
		<b id="15" c="15 17" t="ar"/>
		<b id="16" c="17 18" t="ar"/>
		<b id="17" c="18 19" t="ar"/>
		<b id="18" c="13 19" t="ar"/>
		<b id="19" c="19 20" t="1"/>
		<b id="20" c="20 21" t="3"/>
		<b id="21" c="11 22" t="1"/>
		<b id="22" c="8 22" t="1"/>
		<b id="23" c="11 12" t="1"/>
		<b id="24" c="1 23" t="1"/>
		<b id="25" c="1 24" t="1"/>
		<b id="26" c="1 25" t="1"/>
		<b id="27" c="3 26" t="1"/>
		<b id="28" c="3 27" t="1"/>
		<b id="29" c="3 28" t="1"/>
		<b id="30" c="4 29" t="1"/>
		<b id="31" c="4 30" t="1"/>
		<b id="32" c="4 31" t="1"/>
		<b id="33" c="9 32" t="1"/>
		<b id="34" c="9 33" t="1"/>
		<b id="35" c="10 34" t="1"/>
		<b id="36" c="10 35" t="1"/>
		<b id="37" c="11 36" t="1"/>
		<b id="38" c="12 37" t="1"/>
		<b id="39" c="14 38" t="1"/>
		<b id="40" c="17 39" t="1"/>
		<b id="41" c="22 40" t="1"/>
		<b id="42" c="22 41" t="1"/>
	</bonds>
	<geometry>
		<g u="A" t="cart/3d">#41,3:4.4801,1.6815,0.2803;3.2992,0.8041,-0.1331;2.9801,-0.2297,0.9463;2.0705,1.6646,-0.4315;3.5776,0.1442,-1.3929;4.6036,-0.7177,-1.4894;5.3956,-1.0093,-0.6233;4.6524,-1.2522,-2.7324;3.7588,-0.9281,-3.8263;4.0814,-1.9847,-4.8791;5.5671,-2.2749,-4.6436;5.9531,-3.5491,-5.1867;7.2286,-3.9863,-5.3293;8.3552,-3.1699,-5.1612;9.6071,-3.7058,-5.3877;11.1482,-2.6163,-5.1740;9.7466,-5.0404,-5.7658;8.7016,-5.8176,-5.9153;7.4850,-5.3315,-5.7115;6.3872,-6.2102,-5.8736;5.4492,-6.8628,-5.9788;5.6915,-2.1835,-3.1106;4.2293,2.2304,1.1835;4.7147,2.3908,-0.5108;5.3540,1.0652,0.4718;2.6855,0.2756,1.8616;3.8541,-0.8433,1.1463;2.1651,-0.8726,0.6196;1.7763,2.2112,0.4593;1.2434,1.0365,-0.7521;2.2947,2.3723,-1.2253;3.9659,0.0831,-4.1977;2.7199,-0.9617,-3.4931;3.8770,-1.6426,-5.8910;3.5030,-2.8908,-4.6910;6.1696,-1.4924,-5.1160;5.2386,-4.2639,-5.1986;8.2547,-2.1409,-4.8563;10.7141,-5.4845,-5.9443;6.6650,-1.8250,-2.7679;5.5144,-3.1657,-2.6531;</g>
	</geometry>
	<conformers/>
	<properties/>
</molecule>
