<?xml version="1.0" ?>
<!--MOLLI PACKAGE EXPERIMENTAL XML FORMAT-->
<molecule name="el262">
	<atoms>
		<a id="1" s="C" t="C.3" l="C"/>
		<a id="2" s="C" t="C.3" l="C"/>
		<a id="3" s="C" t="C.3" l="C"/>
		<a id="4" s="C" t="C.3" l="C"/>
		<a id="5" s="O" t="O.3" l="O"/>
		<a id="6" s="C" t="C.2" l="C"/>
		<a id="7" s="O" t="O.2" l="O"/>
		<a id="8" s="N" t="N.am" l="N"/>
		<a id="9" s="C" t="C.3" l="C"/>
		<a id="10" s="C" t="C.3" l="C"/>
		<a id="11" s="N" t="N.pl3" l="N"/>
		<a id="12" s="C" t="C.ar" l="C"/>
		<a id="13" s="C" t="C.ar" l="C"/>
		<a id="14" s="C" t="C.ar" l="C"/>
		<a id="15" s="Br" t="Br" l="BR"/>
		<a id="16" s="C" t="C.ar" l="C"/>
		<a id="17" s="N" t="N.ar" l="N"/>
		<a id="18" s="C" t="C.ar" l="C"/>
		<a id="19" s="C" t="C.1" l="C"/>
		<a id="20" s="N" t="N.1" l="N"/>
		<a id="21" s="H" t="H" l="H"/>
		<a id="22" s="H" t="H" l="H"/>
		<a id="23" s="H" t="H" l="H"/>
		<a id="24" s="H" t="H" l="H"/>
		<a id="25" s="H" t="H" l="H"/>
		<a id="26" s="H" t="H" l="H"/>
		<a id="27" s="H" t="H" l="H"/>
		<a id="28" s="H" t="H" l="H"/>
		<a id="29" s="H" t="H" l="H"/>
		<a id="30" s="H" t="H" l="H"/>
		<a id="31" s="H" t="H" l="H"/>
		<a id="32" s="H" t="H" l="H"/>
		<a id="33" s="H" t="H" l="H"/>
		<a id="34" s="H" t="H" l="H"/>
		<a id="35" s="H" t="H" l="H"/>
		<a id="36" s="H" t="H" l="H"/>
		<a id="37" s="H" t="H" l="H"/>
	</atoms>
	<bonds>
		<b id="1" c="1 2" t="1"/>
		<b id="2" c="2 3" t="1"/>
		<b id="3" c="2 4" t="1"/>
		<b id="4" c="2 5" t="1"/>
		<b id="5" c="5 6" t="1"/>
		<b id="6" c="6 7" t="2"/>
		<b id="7" c="6 8" t="am"/>
		<b id="8" c="8 9" t="1"/>
		<b id="9" c="9 10" t="1"/>
		<b id="10" c="10 11" t="1"/>
		<b id="11" c="11 12" t="1"/>
		<b id="12" c="12 13" t="ar"/>
		<b id="13" c="13 14" t="ar"/>
		<b id="14" c="14 15" t="1"/>
		<b id="15" c="14 16" t="ar"/>
		<b id="16" c="16 17" t="ar"/>
		<b id="17" c="17 18" t="ar"/>
		<b id="18" c="12 18" t="ar"/>
		<b id="19" c="18 19" t="1"/>
		<b id="20" c="19 20" t="3"/>
		<b id="21" c="1 21" t="1"/>
		<b id="22" c="1 22" t="1"/>
		<b id="23" c="1 23" t="1"/>
		<b id="24" c="3 24" t="1"/>
		<b id="25" c="3 25" t="1"/>
		<b id="26" c="3 26" t="1"/>
		<b id="27" c="4 27" t="1"/>
		<b id="28" c="4 28" t="1"/>
		<b id="29" c="4 29" t="1"/>
		<b id="30" c="8 30" t="1"/>
		<b id="31" c="9 31" t="1"/>
		<b id="32" c="9 32" t="1"/>
		<b id="33" c="10 33" t="1"/>
		<b id="34" c="10 34" t="1"/>
		<b id="35" c="11 35" t="1"/>
		<b id="36" c="13 36" t="1"/>
		<b id="37" c="16 37" t="1"/>
	</bonds>
	<geometry>
		<g u="A" t="cart/3d">#37,3:2.1113,3.1817,-3.4054;2.1436,2.3258,-2.1399;2.6512,3.1308,-0.9451;0.7602,1.7440,-1.8480;2.9770,1.1558,-2.3498;4.2827,1.2891,-2.6155;4.9037,2.3153,-2.7389;4.8486,0.0524,-2.7148;6.2140,-0.1058,-3.1419;6.3544,-0.0078,-4.6671;7.7224,-0.2509,-5.0517;8.2453,-0.0101,-6.2723;7.5040,0.5317,-7.3330;8.1355,0.7550,-8.5393;7.1548,1.4869,-9.9930;9.4838,0.4395,-8.7016;10.1841,-0.0795,-7.7222;9.6097,-0.3043,-6.5487;10.3980,-0.8789,-5.5241;10.9724,-1.3497,-4.6490;1.4179,4.0067,-3.2708;1.7867,2.5836,-4.2545;3.0998,3.5823,-3.6125;1.9699,3.9523,-0.7431;3.6381,3.5337,-1.1549;2.7101,2.4957,-0.0637;0.0486,2.5466,-1.6803;0.8001,1.1137,-0.9637;0.4240,1.1409,-2.6873;4.2290,-0.7410,-2.7306;6.5826,-1.0719,-2.7887;6.7964,0.6965,-2.6805;6.0522,0.9990,-4.9741;5.6838,-0.7359,-5.1470;8.3294,-0.6728,-4.3653;6.4598,0.7700,-7.2111;9.9998,0.6044,-9.6353;</g>
	</geometry>
	<conformers/>
	<properties/>
</molecule>
