<?xml version="1.0" ?>
<!--MOLLI PACKAGE EXPERIMENTAL XML FORMAT-->
<molecule name="el264">
	<atoms>
		<a id="1" s="C" t="C.3" l="C"/>
		<a id="2" s="C" t="C.3" l="C"/>
		<a id="3" s="C" t="C.3" l="C"/>
		<a id="4" s="C" t="C.3" l="C"/>
		<a id="5" s="O" t="O.3" l="O"/>
		<a id="6" s="C" t="C.2" l="C"/>
		<a id="7" s="O" t="O.2" l="O"/>
		<a id="8" s="N" t="N.am" l="N"/>
		<a id="9" s="C" t="C.3" l="C"/>
		<a id="10" s="C" t="C.3" l="C"/>
		<a id="11" s="C" t="C.3" l="C"/>
		<a id="12" s="C" t="C.3" l="C"/>
		<a id="13" s="N" t="N.pl3" l="N"/>
		<a id="14" s="C" t="C.ar" l="C"/>
		<a id="15" s="C" t="C.ar" l="C"/>
		<a id="16" s="C" t="C.ar" l="C"/>
		<a id="17" s="Br" t="Br" l="BR"/>
		<a id="18" s="C" t="C.ar" l="C"/>
		<a id="19" s="N" t="N.ar" l="N"/>
		<a id="20" s="C" t="C.ar" l="C"/>
		<a id="21" s="C" t="C.1" l="C"/>
		<a id="22" s="N" t="N.1" l="N"/>
		<a id="23" s="H" t="H" l="H"/>
		<a id="24" s="H" t="H" l="H"/>
		<a id="25" s="H" t="H" l="H"/>
		<a id="26" s="H" t="H" l="H"/>
		<a id="27" s="H" t="H" l="H"/>
		<a id="28" s="H" t="H" l="H"/>
		<a id="29" s="H" t="H" l="H"/>
		<a id="30" s="H" t="H" l="H"/>
		<a id="31" s="H" t="H" l="H"/>
		<a id="32" s="H" t="H" l="H"/>
		<a id="33" s="H" t="H" l="H"/>
		<a id="34" s="H" t="H" l="H"/>
		<a id="35" s="H" t="H" l="H"/>
		<a id="36" s="H" t="H" l="H"/>
		<a id="37" s="H" t="H" l="H"/>
		<a id="38" s="H" t="H" l="H"/>
		<a id="39" s="H" t="H" l="H"/>
		<a id="40" s="H" t="H" l="H"/>
		<a id="41" s="H" t="H" l="H"/>
		<a id="42" s="H" t="H" l="H"/>
		<a id="43" s="H" t="H" l="H"/>
	</atoms>
	<bonds>
		<b id="1" c="1 2" t="1"/>
		<b id="2" c="2 3" t="1"/>
		<b id="3" c="2 4" t="1"/>
		<b id="4" c="2 5" t="1"/>
		<b id="5" c="5 6" t="1"/>
		<b id="6" c="6 7" t="2"/>
		<b id="7" c="6 8" t="am"/>
		<b id="8" c="8 9" t="1"/>
		<b id="9" c="9 10" t="1"/>
		<b id="10" c="10 11" t="1"/>
		<b id="11" c="11 12" t="1"/>
		<b id="12" c="12 13" t="1"/>
		<b id="13" c="13 14" t="1"/>
		<b id="14" c="14 15" t="ar"/>
		<b id="15" c="15 16" t="ar"/>
		<b id="16" c="16 17" t="1"/>
		<b id="17" c="16 18" t="ar"/>
		<b id="18" c="18 19" t="ar"/>
		<b id="19" c="19 20" t="ar"/>
		<b id="20" c="14 20" t="ar"/>
		<b id="21" c="20 21" t="1"/>
		<b id="22" c="21 22" t="3"/>
		<b id="23" c="1 23" t="1"/>
		<b id="24" c="1 24" t="1"/>
		<b id="25" c="1 25" t="1"/>
		<b id="26" c="3 26" t="1"/>
		<b id="27" c="3 27" t="1"/>
		<b id="28" c="3 28" t="1"/>
		<b id="29" c="4 29" t="1"/>
		<b id="30" c="4 30" t="1"/>
		<b id="31" c="4 31" t="1"/>
		<b id="32" c="8 32" t="1"/>
		<b id="33" c="9 33" t="1"/>
		<b id="34" c="9 34" t="1"/>
		<b id="35" c="10 35" t="1"/>
		<b id="36" c="10 36" t="1"/>
		<b id="37" c="11 37" t="1"/>
		<b id="38" c="11 38" t="1"/>
		<b id="39" c="12 39" t="1"/>
		<b id="40" c="12 40" t="1"/>
		<b id="41" c="13 41" t="1"/>
		<b id="42" c="15 42" t="1"/>
		<b id="43" c="18 43" t="1"/>
	</bonds>
	<geometry>
		<g u="A" t="cart/3d">#43,3:2.3956,-1.7956,2.4075;2.1174,-2.9968,1.5047;2.3916,-4.3091,2.2386;0.6777,-2.9603,0.9910;2.9216,-2.9161,0.3011;4.2617,-2.9014,0.3770;4.9342,-2.9996,1.3751;4.7811,-2.7278,-0.8671;6.1984,-2.8447,-1.1026;6.6036,-4.2613,-1.5281;8.1194,-4.4594,-1.5280;8.6784,-4.6076,-0.1162;10.1152,-4.7512,-0.1679;10.9261,-4.8257,0.9065;10.4572,-4.7470,2.2278;11.3689,-4.8219,3.2601;10.7668,-4.7200,5.0596;12.7295,-4.9761,2.9946;13.1796,-5.0550,1.7657;12.3313,-4.9852,0.7487;12.8572,-5.0761,-0.5610;13.2068,-5.1446,-1.6523;1.7226,-1.8150,3.2598;2.2417,-0.8702,1.8562;3.4210,-1.8252,2.7656;1.7293,-4.3933,3.0954;3.4213,-4.3362,2.5839;2.2189,-5.1533,1.5743;-0.0147,-3.0204,1.8251;0.4994,-3.7966,0.3202;0.4993,-2.0369,0.4465;4.1454,-2.7770,-1.6465;6.6783,-2.5832,-0.1577;6.4941,-2.1200,-1.8659;6.2131,-4.4573,-2.5287;6.1446,-4.9759,-0.8421;8.5974,-3.6096,-2.0204;8.3634,-5.3599,-2.0963;8.2288,-5.4866,0.3649;8.4232,-3.7276,0.4841;10.5418,-4.8545,-1.0762;9.4054,-4.6303,2.4334;13.4611,-5.0382,3.7860;</g>
	</geometry>
	<conformers/>
	<properties/>
</molecule>
