<?xml version="1.0" ?>
<!--MOLLI PACKAGE EXPERIMENTAL XML FORMAT-->
<molecule name="el272">
	<atoms>
		<a id="1" s="C" t="C.3" l="C"/>
		<a id="2" s="C" t="C.3" l="C"/>
		<a id="3" s="N" t="N.am" l="N"/>
		<a id="4" s="C" t="C.2" l="C"/>
		<a id="5" s="O" t="O.2" l="O"/>
		<a id="6" s="C" t="C.ar" l="C"/>
		<a id="7" s="C" t="C.ar" l="C"/>
		<a id="8" s="C" t="C.ar" l="C"/>
		<a id="9" s="C" t="C.ar" l="C"/>
		<a id="10" s="C" t="C.ar" l="C"/>
		<a id="11" s="C" t="C.ar" l="C"/>
		<a id="12" s="C" t="C.ar" l="C"/>
		<a id="13" s="C" t="C.ar" l="C"/>
		<a id="14" s="C" t="C.ar" l="C"/>
		<a id="15" s="C" t="C.3" l="C"/>
		<a id="16" s="F" t="F" l="F"/>
		<a id="17" s="F" t="F" l="F"/>
		<a id="18" s="F" t="F" l="F"/>
		<a id="19" s="C" t="C.ar" l="C"/>
		<a id="20" s="C" t="C.ar" l="C"/>
		<a id="21" s="C" t="C.ar" l="C"/>
		<a id="22" s="C" t="C.ar" l="C"/>
		<a id="23" s="C" t="C.ar" l="C"/>
		<a id="24" s="C" t="C.ar" l="C"/>
		<a id="25" s="C" t="C.ar" l="C"/>
		<a id="26" s="C" t="C.ar" l="C"/>
		<a id="27" s="C" t="C.ar" l="C"/>
		<a id="28" s="C" t="C.ar" l="C"/>
		<a id="29" s="C" t="C.ar" l="C"/>
		<a id="30" s="C" t="C.ar" l="C"/>
		<a id="31" s="Br" t="Br" l="BR"/>
		<a id="32" s="N" t="N.ar" l="N"/>
		<a id="33" s="H" t="H" l="H"/>
		<a id="34" s="H" t="H" l="H"/>
		<a id="35" s="H" t="H" l="H"/>
		<a id="36" s="H" t="H" l="H"/>
		<a id="37" s="H" t="H" l="H"/>
		<a id="38" s="H" t="H" l="H"/>
		<a id="39" s="H" t="H" l="H"/>
		<a id="40" s="H" t="H" l="H"/>
		<a id="41" s="H" t="H" l="H"/>
		<a id="42" s="H" t="H" l="H"/>
		<a id="43" s="H" t="H" l="H"/>
		<a id="44" s="H" t="H" l="H"/>
		<a id="45" s="H" t="H" l="H"/>
		<a id="46" s="H" t="H" l="H"/>
		<a id="47" s="H" t="H" l="H"/>
		<a id="48" s="H" t="H" l="H"/>
		<a id="49" s="H" t="H" l="H"/>
		<a id="50" s="H" t="H" l="H"/>
	</atoms>
	<bonds>
		<b id="1" c="3 4" t="am"/>
		<b id="2" c="4 5" t="2"/>
		<b id="3" c="4 6" t="1"/>
		<b id="4" c="6 7" t="ar"/>
		<b id="5" c="7 8" t="ar"/>
		<b id="6" c="8 9" t="ar"/>
		<b id="7" c="9 10" t="ar"/>
		<b id="8" c="10 11" t="1"/>
		<b id="9" c="11 12" t="ar"/>
		<b id="10" c="12 13" t="ar"/>
		<b id="11" c="13 14" t="ar"/>
		<b id="12" c="14 15" t="1"/>
		<b id="13" c="15 16" t="1"/>
		<b id="14" c="15 17" t="1"/>
		<b id="15" c="15 18" t="1"/>
		<b id="16" c="14 19" t="ar"/>
		<b id="17" c="19 20" t="ar"/>
		<b id="18" c="11 20" t="ar"/>
		<b id="19" c="10 21" t="ar"/>
		<b id="20" c="21 22" t="ar"/>
		<b id="21" c="22 23" t="ar"/>
		<b id="22" c="23 24" t="ar"/>
		<b id="23" c="9 24" t="ar"/>
		<b id="24" c="24 25" t="ar"/>
		<b id="25" c="6 25" t="ar"/>
		<b id="26" c="2 26" t="1"/>
		<b id="27" c="26 27" t="ar"/>
		<b id="28" c="27 28" t="ar"/>
		<b id="29" c="28 29" t="ar"/>
		<b id="30" c="29 30" t="ar"/>
		<b id="31" c="30 31" t="1"/>
		<b id="32" c="30 32" t="ar"/>
		<b id="33" c="26 32" t="ar"/>
		<b id="34" c="2 3" t="1"/>
		<b id="35" c="2 1" t="1"/>
		<b id="36" c="1 33" t="1"/>
		<b id="37" c="1 34" t="1"/>
		<b id="38" c="1 35" t="1"/>
		<b id="39" c="2 36" t="1"/>
		<b id="40" c="3 37" t="1"/>
		<b id="41" c="7 38" t="1"/>
		<b id="42" c="8 39" t="1"/>
		<b id="43" c="12 40" t="1"/>
		<b id="44" c="13 41" t="1"/>
		<b id="45" c="19 42" t="1"/>
		<b id="46" c="20 43" t="1"/>
		<b id="47" c="21 44" t="1"/>
		<b id="48" c="22 45" t="1"/>
		<b id="49" c="23 46" t="1"/>
		<b id="50" c="25 47" t="1"/>
		<b id="51" c="27 48" t="1"/>
		<b id="52" c="28 49" t="1"/>
		<b id="53" c="29 50" t="1"/>
	</bonds>
	<geometry>
		<g u="A" t="cart/3d">#50,3:2.9228,3.0647,0.0015;2.4390,1.6723,-0.3772;0.9883,1.6464,-0.4396;0.3284,0.7998,-1.2644;0.9049,0.1026,-2.0790;-1.1579,0.8213,-1.1408;-1.8176,1.0577,0.0824;-3.1822,1.0519,0.1472;-3.9697,0.8221,-1.0021;-5.3902,0.8139,-0.9743;-6.1387,1.1695,0.2439;-5.9250,2.3897,0.8829;-6.6562,2.7361,2.0022;-7.6103,1.8562,2.4975;-8.4291,2.2444,3.6935;-7.7636,3.0389,4.5468;-9.5418,2.9242,3.3442;-8.8498,1.1878,4.4059;-7.8421,0.6409,1.8666;-7.1085,0.3047,0.7455;-6.0907,0.4836,-2.1114;-5.4323,0.1927,-3.3127;-4.0680,0.2298,-3.3751;-3.3080,0.5344,-2.2266;-1.9010,0.5441,-2.2617;2.8808,0.6270,0.6243;3.3086,-0.6343,0.2253;3.6365,-1.5652,1.1993;3.5301,-1.2185,2.5366;3.0829,0.0634,2.8123;2.8862,0.6346,4.6188;2.7651,0.9538,1.9054;4.0084,3.0986,-0.0229;2.5928,3.3086,1.0081;2.5313,3.7997,-0.6969;2.7950,1.3852,-1.3724;0.4955,2.1529,0.2781;-1.2465,1.2051,0.9881;-3.6729,1.2054,1.0968;-5.1941,3.0776,0.4854;-6.4894,3.6819,2.4947;-8.5880,-0.0345,2.2566;-7.2780,-0.6429,0.2573;-7.1707,0.4762,-2.0839;-6.0154,-0.0507,-4.1881;-3.5491,0.0199,-4.2986;-1.3887,0.3235,-3.1867;3.3658,-0.8774,-0.8233;3.9704,-2.5540,0.9227;3.7748,-1.9055,3.3301;</g>
	</geometry>
	<conformers/>
	<properties/>
</molecule>
