<?xml version="1.0" ?>
<!--MOLLI PACKAGE EXPERIMENTAL XML FORMAT-->
<molecule name="el274">
	<atoms>
		<a id="1" s="Br" t="Br" l="BR"/>
		<a id="2" s="C" t="C.ar" l="C"/>
		<a id="3" s="C" t="C.ar" l="C"/>
		<a id="4" s="C" t="C.ar" l="C"/>
		<a id="5" s="C" t="C.ar" l="C"/>
		<a id="6" s="S" t="S.2" l="S"/>
		<a id="7" s="C" t="C.ar" l="C"/>
		<a id="8" s="N" t="N.ar" l="N"/>
		<a id="9" s="C" t="C.ar" l="C"/>
		<a id="10" s="C" t="C.ar" l="C"/>
		<a id="11" s="H" t="H" l="H"/>
		<a id="12" s="H" t="H" l="H"/>
		<a id="13" s="H" t="H" l="H"/>
		<a id="14" s="H" t="H" l="H"/>
	</atoms>
	<bonds>
		<b id="1" c="1 2" t="1"/>
		<b id="2" c="2 3" t="ar"/>
		<b id="3" c="3 4" t="ar"/>
		<b id="4" c="4 5" t="ar"/>
		<b id="5" c="5 6" t="ar"/>
		<b id="6" c="6 7" t="ar"/>
		<b id="7" c="7 8" t="ar"/>
		<b id="8" c="8 9" t="ar"/>
		<b id="9" c="5 9" t="ar"/>
		<b id="10" c="9 10" t="ar"/>
		<b id="11" c="2 10" t="ar"/>
		<b id="12" c="3 11" t="1"/>
		<b id="13" c="4 12" t="1"/>
		<b id="14" c="7 13" t="1"/>
		<b id="15" c="10 14" t="1"/>
	</bonds>
	<geometry>
		<g u="A" t="cart/3d">#14,3:1.0185,-0.0402,0.0505;2.9201,0.0549,0.0579;3.5230,1.3126,0.0588;4.8981,1.4215,0.0642;5.6519,0.2585,0.0685;7.3779,0.0659,0.0755;7.1190,-1.6656,0.0766;5.9101,-2.0635,0.0722;5.0363,-1.0163,0.0675;3.6479,-1.1150,0.0621;2.9075,2.1984,0.0553;5.3749,2.3887,0.0649;7.9623,-2.3282,0.0806;3.1770,-2.0844,0.0614;</g>
	</geometry>
	<conformers/>
	<properties/>
</molecule>
