<?xml version="1.0" ?>
<!--MOLLI PACKAGE EXPERIMENTAL XML FORMAT-->
<molecule name="el280">
	<atoms>
		<a id="1" s="Br" t="Br" l="BR"/>
		<a id="2" s="C" t="C.ar" l="C"/>
		<a id="3" s="C" t="C.ar" l="C"/>
		<a id="4" s="C" t="C.ar" l="C"/>
		<a id="5" s="C" t="C.ar" l="C"/>
		<a id="6" s="C" t="C.ar" l="C"/>
		<a id="7" s="N" t="N.ar" l="N"/>
		<a id="8" s="C" t="C.ar" l="C"/>
		<a id="9" s="C" t="C.ar" l="C"/>
		<a id="10" s="C" t="C.ar" l="C"/>
		<a id="11" s="H" t="H" l="H"/>
		<a id="12" s="H" t="H" l="H"/>
		<a id="13" s="H" t="H" l="H"/>
		<a id="14" s="H" t="H" l="H"/>
		<a id="15" s="H" t="H" l="H"/>
		<a id="16" s="H" t="H" l="H"/>
	</atoms>
	<bonds>
		<b id="1" c="1 2" t="1"/>
		<b id="2" c="2 3" t="ar"/>
		<b id="3" c="3 4" t="ar"/>
		<b id="4" c="4 5" t="ar"/>
		<b id="5" c="5 6" t="ar"/>
		<b id="6" c="6 7" t="ar"/>
		<b id="7" c="7 8" t="ar"/>
		<b id="8" c="8 9" t="ar"/>
		<b id="9" c="9 10" t="ar"/>
		<b id="10" c="2 10" t="ar"/>
		<b id="11" c="6 10" t="ar"/>
		<b id="12" c="3 11" t="1"/>
		<b id="13" c="4 12" t="1"/>
		<b id="14" c="5 13" t="1"/>
		<b id="15" c="7 14" t="1"/>
		<b id="16" c="8 15" t="1"/>
		<b id="17" c="9 16" t="1"/>
	</bonds>
	<geometry>
		<g u="A" t="cart/3d">#16,3:2.0070,-0.2170,-0.0589;0.2417,0.5015,-0.0253;0.0488,1.8634,-0.0156;-1.2447,2.3921,0.0086;-2.3569,1.5785,0.0233;-2.1535,0.2035,0.0137;-3.0415,-0.8306,0.0239;-2.3546,-2.0129,0.0072;-1.0153,-1.7729,-0.0142;-0.8523,-0.3619,-0.0107;0.8978,2.5293,-0.0268;-1.3638,3.4646,0.0156;-3.3537,1.9928,0.0416;-4.0427,-0.7370,0.0413;-2.8773,-2.9501,0.0120;-0.2283,-2.4999,-0.0303;</g>
	</geometry>
	<conformers/>
	<properties/>
</molecule>
