<?xml version="1.0" ?>
<!--MOLLI PACKAGE EXPERIMENTAL XML FORMAT-->
<molecule name="el29">
	<atoms>
		<a id="1" s="O" t="O.2" l="O"/>
		<a id="2" s="N" t="N.pl3" l="N"/>
		<a id="3" s="O" t="O.co2" l="O"/>
		<a id="4" s="C" t="C.ar" l="C"/>
		<a id="5" s="C" t="C.ar" l="C"/>
		<a id="6" s="C" t="C.ar" l="C"/>
		<a id="7" s="C" t="C.ar" l="C"/>
		<a id="8" s="Br" t="Br" l="BR"/>
		<a id="9" s="C" t="C.ar" l="C"/>
		<a id="10" s="N" t="N.ar" l="N"/>
		<a id="11" s="Se" t="Se" l="SE"/>
		<a id="12" s="N" t="N.ar" l="N"/>
		<a id="13" s="C" t="C.ar" l="C"/>
		<a id="14" s="H" t="H" l="H"/>
		<a id="15" s="H" t="H" l="H"/>
	</atoms>
	<bonds>
		<b id="1" c="1 2" t="2"/>
		<b id="2" c="2 3" t="1"/>
		<b id="3" c="2 4" t="1"/>
		<b id="4" c="4 5" t="ar"/>
		<b id="5" c="5 6" t="ar"/>
		<b id="6" c="6 7" t="ar"/>
		<b id="7" c="7 8" t="1"/>
		<b id="8" c="7 9" t="ar"/>
		<b id="9" c="9 10" t="ar"/>
		<b id="10" c="10 11" t="ar"/>
		<b id="11" c="11 12" t="ar"/>
		<b id="12" c="12 13" t="ar"/>
		<b id="13" c="4 13" t="ar"/>
		<b id="14" c="9 13" t="ar"/>
		<b id="15" c="5 14" t="1"/>
		<b id="16" c="6 15" t="1"/>
	</bonds>
	<geometry>
		<g u="A" t="cart/3d">#15,3:1.2035,-0.6772,0.0503;2.1749,0.0516,0.0343;2.5695,0.6570,-0.9323;2.8995,0.1902,1.2747;2.4720,-0.5036,2.3838;3.1315,-0.4130,3.6152;4.2411,0.3831,3.7549;5.1379,0.5135,5.4062;4.7204,1.1160,2.6494;5.7742,1.9189,2.6471;5.9754,2.5998,1.0574;4.5881,1.7596,0.4218;4.0395,1.0236,1.3735;1.5999,-1.1336,2.2873;2.7630,-0.9740,4.4594;</g>
	</geometry>
	<conformers/>
	<properties/>
</molecule>
