<?xml version="1.0" ?>
<!--MOLLI PACKAGE EXPERIMENTAL XML FORMAT-->
<molecule name="el283">
	<atoms>
		<a id="1" s="Br" t="Br" l="BR"/>
		<a id="2" s="C" t="C.ar" l="C"/>
		<a id="3" s="C" t="C.ar" l="C"/>
		<a id="4" s="C" t="C.ar" l="C"/>
		<a id="5" s="C" t="C.ar" l="C"/>
		<a id="6" s="C" t="C.ar" l="C"/>
		<a id="7" s="C" t="C.ar" l="C"/>
		<a id="8" s="C" t="C.ar" l="C"/>
		<a id="9" s="N" t="N.ar" l="N"/>
		<a id="10" s="C" t="C.ar" l="C"/>
		<a id="11" s="H" t="H" l="H"/>
		<a id="12" s="H" t="H" l="H"/>
		<a id="13" s="H" t="H" l="H"/>
		<a id="14" s="H" t="H" l="H"/>
		<a id="15" s="H" t="H" l="H"/>
		<a id="16" s="H" t="H" l="H"/>
	</atoms>
	<bonds>
		<b id="1" c="1 2" t="1"/>
		<b id="2" c="2 3" t="ar"/>
		<b id="3" c="3 4" t="ar"/>
		<b id="4" c="4 5" t="ar"/>
		<b id="5" c="5 6" t="ar"/>
		<b id="6" c="6 7" t="ar"/>
		<b id="7" c="7 8" t="ar"/>
		<b id="8" c="8 9" t="ar"/>
		<b id="9" c="9 10" t="ar"/>
		<b id="10" c="2 10" t="ar"/>
		<b id="11" c="6 10" t="ar"/>
		<b id="12" c="3 11" t="1"/>
		<b id="13" c="4 12" t="1"/>
		<b id="14" c="5 13" t="1"/>
		<b id="15" c="7 14" t="1"/>
		<b id="16" c="8 15" t="1"/>
		<b id="17" c="9 16" t="1"/>
	</bonds>
	<geometry>
		<g u="A" t="cart/3d">#16,3:0.9800,-0.0099,-0.0331;2.8931,-0.0691,-0.0206;3.5692,-1.2671,-0.0494;4.9673,-1.2831,-0.0393;5.7036,-0.1209,-0.0007;5.0305,1.1012,0.0289;5.4385,2.4636,0.0704;4.3075,3.2210,0.0837;3.2053,2.4142,0.0522;3.6120,1.1174,0.0186;3.0203,-2.1954,-0.0800;5.4683,-2.2389,-0.0629;6.7824,-0.1480,0.0062;6.4484,2.8206,0.0879;4.2016,4.2883,0.1131;2.2455,2.7184,0.0543;</g>
	</geometry>
	<conformers/>
	<properties/>
</molecule>
