<?xml version="1.0" ?>
<!--MOLLI PACKAGE EXPERIMENTAL XML FORMAT-->
<molecule name="el284">
	<atoms>
		<a id="1" s="Br" t="Br" l="BR"/>
		<a id="2" s="C" t="C.ar" l="C"/>
		<a id="3" s="C" t="C.ar" l="C"/>
		<a id="4" s="C" t="C.ar" l="C"/>
		<a id="5" s="C" t="C.ar" l="C"/>
		<a id="6" s="C" t="C.ar" l="C"/>
		<a id="7" s="C" t="C.ar" l="C"/>
		<a id="8" s="N" t="N.ar" l="N"/>
		<a id="9" s="C" t="C.ar" l="C"/>
		<a id="10" s="C" t="C.ar" l="C"/>
		<a id="11" s="C" t="C.ar" l="C"/>
		<a id="12" s="C" t="C.ar" l="C"/>
		<a id="13" s="C" t="C.ar" l="C"/>
		<a id="14" s="C" t="C.ar" l="C"/>
		<a id="15" s="H" t="H" l="H"/>
		<a id="16" s="H" t="H" l="H"/>
		<a id="17" s="H" t="H" l="H"/>
		<a id="18" s="H" t="H" l="H"/>
		<a id="19" s="H" t="H" l="H"/>
		<a id="20" s="H" t="H" l="H"/>
		<a id="21" s="H" t="H" l="H"/>
		<a id="22" s="H" t="H" l="H"/>
	</atoms>
	<bonds>
		<b id="1" c="1 2" t="1"/>
		<b id="2" c="2 3" t="ar"/>
		<b id="3" c="3 4" t="ar"/>
		<b id="4" c="4 5" t="ar"/>
		<b id="5" c="5 6" t="ar"/>
		<b id="6" c="6 7" t="ar"/>
		<b id="7" c="2 7" t="ar"/>
		<b id="8" c="6 8" t="ar"/>
		<b id="9" c="8 9" t="ar"/>
		<b id="10" c="9 10" t="ar"/>
		<b id="11" c="10 11" t="ar"/>
		<b id="12" c="11 12" t="ar"/>
		<b id="13" c="12 13" t="ar"/>
		<b id="14" c="13 14" t="ar"/>
		<b id="15" c="9 14" t="ar"/>
		<b id="16" c="5 14" t="ar"/>
		<b id="17" c="3 15" t="1"/>
		<b id="18" c="4 16" t="1"/>
		<b id="19" c="7 17" t="1"/>
		<b id="20" c="8 18" t="1"/>
		<b id="21" c="10 19" t="1"/>
		<b id="22" c="11 20" t="1"/>
		<b id="23" c="12 21" t="1"/>
		<b id="24" c="13 22" t="1"/>
	</bonds>
	<geometry>
		<g u="A" t="cart/3d">#22,3:1.0379,0.0772,0.0127;2.9466,0.0934,0.0132;3.6235,-1.1233,0.0142;5.0043,-1.1451,0.0147;5.6968,0.0585,0.0142;4.9819,1.2825,0.0133;3.5956,1.3131,0.0127;5.8727,2.3205,0.0131;7.1516,1.8186,0.0140;8.3643,2.4900,0.0144;9.5186,1.7301,0.0154;9.4710,0.3372,0.0161;8.2658,-0.3364,0.0157;7.0909,0.4053,0.0147;3.0598,-2.0430,0.0146;5.5341,-2.0851,0.0154;3.0462,2.2418,0.0120;5.6306,3.2963,0.0125;8.4036,3.5692,0.0138;10.4784,2.2248,0.0157;10.3961,-0.2195,0.0169;8.2323,-1.4153,0.0162;</g>
	</geometry>
	<conformers/>
	<properties/>
</molecule>
