<?xml version="1.0" ?>
<!--MOLLI PACKAGE EXPERIMENTAL XML FORMAT-->
<molecule name="el285">
	<atoms>
		<a id="1" s="Br" t="Br" l="BR"/>
		<a id="2" s="C" t="C.ar" l="C"/>
		<a id="3" s="C" t="C.ar" l="C"/>
		<a id="4" s="C" t="C.ar" l="C"/>
		<a id="5" s="C" t="C.ar" l="C"/>
		<a id="6" s="C" t="C.ar" l="C"/>
		<a id="7" s="N" t="N.ar" l="N"/>
		<a id="8" s="C" t="C.ar" l="C"/>
		<a id="9" s="C" t="C.ar" l="C"/>
		<a id="10" s="C" t="C.ar" l="C"/>
		<a id="11" s="C" t="C.ar" l="C"/>
		<a id="12" s="C" t="C.ar" l="C"/>
		<a id="13" s="C" t="C.ar" l="C"/>
		<a id="14" s="C" t="C.ar" l="C"/>
		<a id="15" s="H" t="H" l="H"/>
		<a id="16" s="H" t="H" l="H"/>
		<a id="17" s="H" t="H" l="H"/>
		<a id="18" s="H" t="H" l="H"/>
		<a id="19" s="H" t="H" l="H"/>
		<a id="20" s="H" t="H" l="H"/>
		<a id="21" s="H" t="H" l="H"/>
		<a id="22" s="H" t="H" l="H"/>
	</atoms>
	<bonds>
		<b id="1" c="1 2" t="1"/>
		<b id="2" c="2 3" t="ar"/>
		<b id="3" c="3 4" t="ar"/>
		<b id="4" c="4 5" t="ar"/>
		<b id="5" c="5 6" t="ar"/>
		<b id="6" c="6 7" t="ar"/>
		<b id="7" c="7 8" t="ar"/>
		<b id="8" c="8 9" t="ar"/>
		<b id="9" c="9 10" t="ar"/>
		<b id="10" c="10 11" t="ar"/>
		<b id="11" c="11 12" t="ar"/>
		<b id="12" c="12 13" t="ar"/>
		<b id="13" c="8 13" t="ar"/>
		<b id="14" c="13 14" t="ar"/>
		<b id="15" c="2 14" t="ar"/>
		<b id="16" c="6 14" t="ar"/>
		<b id="17" c="3 15" t="1"/>
		<b id="18" c="4 16" t="1"/>
		<b id="19" c="5 17" t="1"/>
		<b id="20" c="7 18" t="1"/>
		<b id="21" c="9 19" t="1"/>
		<b id="22" c="10 20" t="1"/>
		<b id="23" c="11 21" t="1"/>
		<b id="24" c="12 22" t="1"/>
	</bonds>
	<geometry>
		<g u="A" t="cart/3d">#22,3:1.1023,0.0690,0.0704;3.0071,0.0180,0.0709;3.6957,1.2156,0.0711;5.0873,1.2281,0.0715;5.8141,0.0542,0.0719;5.1144,-1.1435,0.0718;5.5959,-2.4235,0.0721;4.5456,-3.3067,0.0717;4.5668,-4.6925,0.0717;3.3537,-5.3533,0.0712;2.1505,-4.6513,0.0707;2.1226,-3.2709,0.0708;3.3305,-2.5807,0.0712;3.6954,-1.1894,0.0713;3.1501,2.1464,0.0708;5.6001,2.1776,0.0716;6.8935,0.0640,0.0723;6.5688,-2.6764,0.0724;5.5018,-5.2332,0.0721;3.3369,-6.4329,0.0713;1.2213,-5.2009,0.0703;1.1809,-2.7467,0.0703;</g>
	</geometry>
	<conformers/>
	<properties/>
</molecule>
