<?xml version="1.0" ?>
<!--MOLLI PACKAGE EXPERIMENTAL XML FORMAT-->
<molecule name="el30">
	<atoms>
		<a id="1" s="Br" t="Br" l="BR"/>
		<a id="2" s="C" t="C.ar" l="C"/>
		<a id="3" s="N" t="N.ar" l="N"/>
		<a id="4" s="N" t="N.ar" l="N"/>
		<a id="5" s="C" t="C.ar" l="C"/>
		<a id="6" s="C" t="C.ar" l="C"/>
		<a id="7" s="C" t="C.ar" l="C"/>
		<a id="8" s="C" t="C.ar" l="C"/>
		<a id="9" s="C" t="C.ar" l="C"/>
		<a id="10" s="C" t="C.ar" l="C"/>
		<a id="11" s="C" t="C.ar" l="C"/>
		<a id="12" s="C" t="C.ar" l="C"/>
		<a id="13" s="C" t="C.ar" l="C"/>
		<a id="14" s="C" t="C.ar" l="C"/>
		<a id="15" s="N" t="N.ar" l="N"/>
		<a id="16" s="C" t="C.ar" l="C"/>
		<a id="17" s="C" t="C.ar" l="C"/>
		<a id="18" s="O" t="O.2" l="O"/>
		<a id="19" s="H" t="H" l="H"/>
		<a id="20" s="H" t="H" l="H"/>
		<a id="21" s="H" t="H" l="H"/>
		<a id="22" s="H" t="H" l="H"/>
		<a id="23" s="H" t="H" l="H"/>
		<a id="24" s="H" t="H" l="H"/>
		<a id="25" s="H" t="H" l="H"/>
		<a id="26" s="H" t="H" l="H"/>
	</atoms>
	<bonds>
		<b id="1" c="1 2" t="1"/>
		<b id="2" c="2 3" t="ar"/>
		<b id="3" c="3 4" t="ar"/>
		<b id="4" c="4 5" t="ar"/>
		<b id="5" c="5 6" t="1"/>
		<b id="6" c="6 7" t="ar"/>
		<b id="7" c="7 8" t="ar"/>
		<b id="8" c="8 9" t="ar"/>
		<b id="9" c="9 10" t="ar"/>
		<b id="10" c="10 11" t="1"/>
		<b id="11" c="11 12" t="ar"/>
		<b id="12" c="12 13" t="ar"/>
		<b id="13" c="13 14" t="ar"/>
		<b id="14" c="14 15" t="ar"/>
		<b id="15" c="15 16" t="ar"/>
		<b id="16" c="11 16" t="ar"/>
		<b id="17" c="10 17" t="ar"/>
		<b id="18" c="6 17" t="ar"/>
		<b id="19" c="5 18" t="ar"/>
		<b id="20" c="2 18" t="ar"/>
		<b id="21" c="7 19" t="1"/>
		<b id="22" c="8 20" t="1"/>
		<b id="23" c="9 21" t="1"/>
		<b id="24" c="12 22" t="1"/>
		<b id="25" c="13 23" t="1"/>
		<b id="26" c="14 24" t="1"/>
		<b id="27" c="16 25" t="1"/>
		<b id="28" c="17 26" t="1"/>
	</bonds>
	<geometry>
		<g u="A" t="cart/3d">#26,3:1.9979,0.1391,1.7161;3.5471,0.0145,0.7287;3.8034,-0.7942,-0.2425;5.0511,-0.5129,-0.6447;5.5012,0.4527,0.1019;6.8029,1.0715,0.0334;7.7203,0.6206,-0.9162;8.9685,1.2082,-0.9812;9.3074,2.2335,-0.1142;8.3986,2.6905,0.8401;8.7616,3.7744,1.7616;8.3921,3.7465,3.1054;8.7668,4.7906,3.9322;9.5055,5.8308,3.3876;9.8551,5.8759,2.1135;9.4927,4.8821,1.3274;7.1411,2.1012,0.9068;4.5701,0.8412,1.0139;7.4335,-0.1794,-1.5789;9.6865,0.8640,-1.7097;10.2920,2.6742,-0.1611;7.8385,2.9058,3.4993;8.4988,4.7932,4.9773;9.8338,6.6651,3.9928;9.7836,4.9795,0.2892;6.4150,2.4522,1.6250;</g>
	</geometry>
	<conformers/>
	<properties/>
</molecule>
