<?xml version="1.0" ?>
<!--MOLLI PACKAGE EXPERIMENTAL XML FORMAT-->
<molecule name="el298">
	<atoms>
		<a id="1" s="Br" t="Br" l="BR"/>
		<a id="2" s="C" t="C.ar" l="C"/>
		<a id="3" s="C" t="C.ar" l="C"/>
		<a id="4" s="C" t="C.ar" l="C"/>
		<a id="5" s="C" t="C.ar" l="C"/>
		<a id="6" s="C" t="C.ar" l="C"/>
		<a id="7" s="C" t="C.ar" l="C"/>
		<a id="8" s="N" t="N.ar" l="N"/>
		<a id="9" s="N" t="N.ar" l="N"/>
		<a id="10" s="C" t="C.ar" l="C"/>
		<a id="11" s="C" t="C.ar" l="C"/>
		<a id="12" s="C" t="C.ar" l="C"/>
		<a id="13" s="C" t="C.ar" l="C"/>
		<a id="14" s="C" t="C.ar" l="C"/>
		<a id="15" s="C" t="C.ar" l="C"/>
		<a id="16" s="H" t="H" l="H"/>
		<a id="17" s="H" t="H" l="H"/>
		<a id="18" s="H" t="H" l="H"/>
		<a id="19" s="H" t="H" l="H"/>
		<a id="20" s="H" t="H" l="H"/>
		<a id="21" s="H" t="H" l="H"/>
		<a id="22" s="H" t="H" l="H"/>
	</atoms>
	<bonds>
		<b id="1" c="1 2" t="1"/>
		<b id="2" c="2 3" t="ar"/>
		<b id="3" c="3 4" t="ar"/>
		<b id="4" c="4 5" t="ar"/>
		<b id="5" c="5 6" t="ar"/>
		<b id="6" c="6 7" t="ar"/>
		<b id="7" c="2 7" t="ar"/>
		<b id="8" c="7 8" t="ar"/>
		<b id="9" c="8 9" t="ar"/>
		<b id="10" c="9 10" t="ar"/>
		<b id="11" c="10 11" t="ar"/>
		<b id="12" c="11 12" t="ar"/>
		<b id="13" c="12 13" t="ar"/>
		<b id="14" c="13 14" t="ar"/>
		<b id="15" c="14 15" t="ar"/>
		<b id="16" c="10 15" t="ar"/>
		<b id="17" c="6 15" t="ar"/>
		<b id="18" c="3 16" t="1"/>
		<b id="19" c="4 17" t="1"/>
		<b id="20" c="5 18" t="1"/>
		<b id="21" c="11 19" t="1"/>
		<b id="22" c="12 20" t="1"/>
		<b id="23" c="13 21" t="1"/>
		<b id="24" c="14 22" t="1"/>
	</bonds>
	<geometry>
		<g u="A" t="cart/3d">#22,3:1.1290,-0.3008,0.0567;3.0135,-0.1453,0.0590;3.6134,1.0883,0.0598;5.0084,1.1734,0.0615;5.7894,0.0441,0.0624;5.1971,-1.2275,0.0617;3.7823,-1.3250,0.0599;3.1254,-2.5147,0.0589;3.7439,-3.6080,0.0596;5.1053,-3.6491,0.0616;5.7141,-4.9168,0.0625;7.0797,-5.0176,0.0645;7.8709,-3.8624,0.0657;7.2988,-2.6150,0.0648;5.9029,-2.4758,0.0627;3.0128,1.9845,0.0591;5.4710,2.1488,0.0621;6.8638,0.1362,0.0638;5.0738,-5.7844,0.0615;7.5554,-5.9867,0.0652;8.9467,-3.9579,0.0673;7.9265,-1.7373,0.0657;</g>
	</geometry>
	<conformers/>
	<properties/>
</molecule>
