<?xml version="1.0" ?>
<!--MOLLI PACKAGE EXPERIMENTAL XML FORMAT-->
<molecule name="el299">
	<atoms>
		<a id="1" s="C" t="C.3" l="C"/>
		<a id="2" s="O" t="O.3" l="O"/>
		<a id="3" s="C" t="C.ar" l="C"/>
		<a id="4" s="C" t="C.ar" l="C"/>
		<a id="5" s="C" t="C.ar" l="C"/>
		<a id="6" s="C" t="C.ar" l="C"/>
		<a id="7" s="Br" t="Br" l="BR"/>
		<a id="8" s="C" t="C.ar" l="C"/>
		<a id="9" s="C" t="C.ar" l="C"/>
		<a id="10" s="H" t="H" l="H"/>
		<a id="11" s="H" t="H" l="H"/>
		<a id="12" s="H" t="H" l="H"/>
		<a id="13" s="H" t="H" l="H"/>
		<a id="14" s="H" t="H" l="H"/>
		<a id="15" s="H" t="H" l="H"/>
		<a id="16" s="H" t="H" l="H"/>
	</atoms>
	<bonds>
		<b id="1" c="1 2" t="1"/>
		<b id="2" c="2 3" t="1"/>
		<b id="3" c="3 4" t="ar"/>
		<b id="4" c="4 5" t="ar"/>
		<b id="5" c="5 6" t="ar"/>
		<b id="6" c="6 7" t="1"/>
		<b id="7" c="6 8" t="ar"/>
		<b id="8" c="8 9" t="ar"/>
		<b id="9" c="3 9" t="ar"/>
		<b id="10" c="1 10" t="1"/>
		<b id="11" c="1 11" t="1"/>
		<b id="12" c="1 12" t="1"/>
		<b id="13" c="4 13" t="1"/>
		<b id="14" c="5 14" t="1"/>
		<b id="15" c="8 15" t="1"/>
		<b id="16" c="9 16" t="1"/>
	</bonds>
	<geometry>
		<g u="A" t="cart/3d">#16,3:1.3444,-0.1624,-0.8156;2.4858,0.0780,-0.0266;3.1707,-0.9830,0.4709;2.8299,-2.3179,0.2739;3.6062,-3.3218,0.8279;4.7196,-2.9942,1.5768;5.7863,-4.3814,2.3316;5.0727,-1.6700,1.7859;4.2995,-0.6722,1.2345;0.9745,0.8203,-1.1034;0.5690,-0.6891,-0.2506;1.5923,-0.7330,-1.7162;1.9646,-2.5939,-0.3071;3.3399,-4.3561,0.6730;5.9441,-1.4250,2.3731;4.5505,0.3660,1.3804;</g>
	</geometry>
	<conformers/>
	<properties/>
</molecule>
