<?xml version="1.0" ?>
<!--MOLLI PACKAGE EXPERIMENTAL XML FORMAT-->
<molecule name="el3">
	<atoms>
		<a id="1" s="C" t="C.3" l="C"/>
		<a id="2" s="C" t="C.3" l="C"/>
		<a id="3" s="O" t="O.3" l="O"/>
		<a id="4" s="C" t="C.2" l="C"/>
		<a id="5" s="O" t="O.2" l="O"/>
		<a id="6" s="C" t="C.ar" l="C"/>
		<a id="7" s="C" t="C.ar" l="C"/>
		<a id="8" s="N" t="N.ar" l="N"/>
		<a id="9" s="C" t="C.ar" l="C"/>
		<a id="10" s="C" t="C.ar" l="C"/>
		<a id="11" s="C" t="C.ar" l="C"/>
		<a id="12" s="Br" t="Br" l="BR"/>
		<a id="13" s="C" t="C.ar" l="C"/>
		<a id="14" s="O" t="O.3" l="O"/>
		<a id="15" s="C" t="C.3" l="C"/>
		<a id="16" s="C" t="C.ar" l="C"/>
		<a id="17" s="C" t="C.ar" l="C"/>
		<a id="18" s="C" t="C.ar" l="C"/>
		<a id="19" s="N" t="N.pl3" l="N"/>
		<a id="20" s="C" t="C.ar" l="C"/>
		<a id="21" s="C" t="C.ar" l="C"/>
		<a id="22" s="C" t="C.ar" l="C"/>
		<a id="23" s="C" t="C.ar" l="C"/>
		<a id="24" s="F" t="F" l="F"/>
		<a id="25" s="C" t="C.ar" l="C"/>
		<a id="26" s="C" t="C.ar" l="C"/>
		<a id="27" s="F" t="F" l="F"/>
		<a id="28" s="H" t="H" l="H"/>
		<a id="29" s="H" t="H" l="H"/>
		<a id="30" s="H" t="H" l="H"/>
		<a id="31" s="H" t="H" l="H"/>
		<a id="32" s="H" t="H" l="H"/>
		<a id="33" s="H" t="H" l="H"/>
		<a id="34" s="H" t="H" l="H"/>
		<a id="35" s="H" t="H" l="H"/>
		<a id="36" s="H" t="H" l="H"/>
		<a id="37" s="H" t="H" l="H"/>
		<a id="38" s="H" t="H" l="H"/>
		<a id="39" s="H" t="H" l="H"/>
		<a id="40" s="H" t="H" l="H"/>
		<a id="41" s="H" t="H" l="H"/>
		<a id="42" s="H" t="H" l="H"/>
	</atoms>
	<bonds>
		<b id="1" c="1 2" t="1"/>
		<b id="2" c="2 3" t="1"/>
		<b id="3" c="3 4" t="1"/>
		<b id="4" c="4 5" t="2"/>
		<b id="5" c="4 6" t="1"/>
		<b id="6" c="6 7" t="ar"/>
		<b id="7" c="7 8" t="ar"/>
		<b id="8" c="8 9" t="ar"/>
		<b id="9" c="9 10" t="ar"/>
		<b id="10" c="10 11" t="ar"/>
		<b id="11" c="11 12" t="1"/>
		<b id="12" c="11 13" t="ar"/>
		<b id="13" c="13 14" t="1"/>
		<b id="14" c="14 15" t="1"/>
		<b id="15" c="13 16" t="ar"/>
		<b id="16" c="16 17" t="ar"/>
		<b id="17" c="9 17" t="ar"/>
		<b id="18" c="17 18" t="ar"/>
		<b id="19" c="6 18" t="ar"/>
		<b id="20" c="18 19" t="1"/>
		<b id="21" c="19 20" t="1"/>
		<b id="22" c="20 21" t="ar"/>
		<b id="23" c="21 22" t="ar"/>
		<b id="24" c="22 23" t="ar"/>
		<b id="25" c="23 24" t="1"/>
		<b id="26" c="23 25" t="ar"/>
		<b id="27" c="25 26" t="ar"/>
		<b id="28" c="20 26" t="ar"/>
		<b id="29" c="26 27" t="1"/>
		<b id="30" c="1 28" t="1"/>
		<b id="31" c="1 29" t="1"/>
		<b id="32" c="1 30" t="1"/>
		<b id="33" c="2 31" t="1"/>
		<b id="34" c="2 32" t="1"/>
		<b id="35" c="7 33" t="1"/>
		<b id="36" c="10 34" t="1"/>
		<b id="37" c="15 35" t="1"/>
		<b id="38" c="15 36" t="1"/>
		<b id="39" c="15 37" t="1"/>
		<b id="40" c="16 38" t="1"/>
		<b id="41" c="19 39" t="1"/>
		<b id="42" c="21 40" t="1"/>
		<b id="43" c="22 41" t="1"/>
		<b id="44" c="25 42" t="1"/>
	</bonds>
	<geometry>
		<g u="A" t="cart/3d">#42,3:4.0775,-1.2164,-1.1209;4.9616,-0.7117,0.0095;5.4045,0.6260,-0.2372;4.5870,1.6281,0.1515;3.5366,1.4360,0.7110;5.1278,2.9738,-0.1323;4.5576,4.0273,0.6231;4.8734,5.2793,0.5117;5.8714,5.6016,-0.3385;6.2758,6.9432,-0.4103;7.3343,7.3357,-1.1892;7.6612,9.2201,-1.2440;8.0876,6.3839,-1.9138;9.1814,6.5752,-2.6891;10.0831,7.6466,-2.4868;7.6552,5.0678,-1.8811;6.5382,4.6462,-1.1505;6.0835,3.2886,-1.1011;6.5994,2.3298,-1.9325;6.8776,2.4210,-3.2848;6.4431,3.4580,-4.1126;6.7449,3.4654,-5.4607;7.4729,2.4207,-6.0015;7.7678,2.4280,-7.3142;7.8951,1.3531,-5.2276;7.5864,1.3737,-3.8852;7.9672,0.3337,-3.1080;3.8019,-2.2494,-0.9304;4.6055,-1.1606,-2.0706;3.1722,-0.6167,-1.1816;5.8772,-1.3010,0.0905;4.4166,-0.7310,0.9580;3.7820,3.7797,1.3352;5.7244,7.6631,0.1737;11.0238,7.3086,-2.9223;10.2364,7.8583,-1.4269;9.7607,8.5532,-3.0036;8.2493,4.3599,-2.4361;6.5294,1.3830,-1.5735;5.8582,4.2602,-3.6932;6.4121,4.2699,-6.0957;8.4465,0.5325,-5.6555;</g>
	</geometry>
	<conformers/>
	<properties/>
</molecule>
