<?xml version="1.0" ?>
<!--MOLLI PACKAGE EXPERIMENTAL XML FORMAT-->
<molecule name="el304">
	<atoms>
		<a id="1" s="C" t="C.3" l="C"/>
		<a id="2" s="C" t="C.3" l="C"/>
		<a id="3" s="O" t="O.3" l="O"/>
		<a id="4" s="C" t="C.2" l="C"/>
		<a id="5" s="O" t="O.2" l="O"/>
		<a id="6" s="C" t="C.ar" l="C"/>
		<a id="7" s="C" t="C.ar" l="C"/>
		<a id="8" s="Br" t="Br" l="BR"/>
		<a id="9" s="N" t="N.ar" l="N"/>
		<a id="10" s="N" t="N.ar" l="N"/>
		<a id="11" s="C" t="C.ar" l="C"/>
		<a id="12" s="C" t="C.ar" l="C"/>
		<a id="13" s="C" t="C.1" l="C"/>
		<a id="14" s="C" t="C.1" l="C"/>
		<a id="15" s="C" t="C.ar" l="C"/>
		<a id="16" s="C" t="C.ar" l="C"/>
		<a id="17" s="C" t="C.ar" l="C"/>
		<a id="18" s="C" t="C.ar" l="C"/>
		<a id="19" s="C" t="C.3" l="C"/>
		<a id="20" s="C" t="C.ar" l="C"/>
		<a id="21" s="C" t="C.ar" l="C"/>
		<a id="22" s="C" t="C.ar" l="C"/>
		<a id="23" s="N" t="N.ar" l="N"/>
		<a id="24" s="C" t="C.ar" l="C"/>
		<a id="25" s="H" t="H" l="H"/>
		<a id="26" s="H" t="H" l="H"/>
		<a id="27" s="H" t="H" l="H"/>
		<a id="28" s="H" t="H" l="H"/>
		<a id="29" s="H" t="H" l="H"/>
		<a id="30" s="H" t="H" l="H"/>
		<a id="31" s="H" t="H" l="H"/>
		<a id="32" s="H" t="H" l="H"/>
		<a id="33" s="H" t="H" l="H"/>
		<a id="34" s="H" t="H" l="H"/>
		<a id="35" s="H" t="H" l="H"/>
		<a id="36" s="H" t="H" l="H"/>
		<a id="37" s="H" t="H" l="H"/>
		<a id="38" s="H" t="H" l="H"/>
	</atoms>
	<bonds>
		<b id="1" c="1 2" t="1"/>
		<b id="2" c="2 3" t="1"/>
		<b id="3" c="3 4" t="1"/>
		<b id="4" c="4 5" t="2"/>
		<b id="5" c="4 6" t="1"/>
		<b id="6" c="6 7" t="ar"/>
		<b id="7" c="7 8" t="1"/>
		<b id="8" c="7 9" t="ar"/>
		<b id="9" c="9 10" t="ar"/>
		<b id="10" c="10 11" t="ar"/>
		<b id="11" c="11 12" t="ar"/>
		<b id="12" c="12 13" t="1"/>
		<b id="13" c="13 14" t="3"/>
		<b id="14" c="14 15" t="1"/>
		<b id="15" c="15 16" t="ar"/>
		<b id="16" c="16 17" t="ar"/>
		<b id="17" c="17 18" t="ar"/>
		<b id="18" c="18 19" t="1"/>
		<b id="19" c="18 20" t="ar"/>
		<b id="20" c="20 21" t="ar"/>
		<b id="21" c="15 21" t="ar"/>
		<b id="22" c="12 22" t="ar"/>
		<b id="23" c="22 23" t="ar"/>
		<b id="24" c="23 24" t="ar"/>
		<b id="25" c="6 24" t="ar"/>
		<b id="26" c="10 24" t="ar"/>
		<b id="27" c="1 25" t="1"/>
		<b id="28" c="1 26" t="1"/>
		<b id="29" c="1 27" t="1"/>
		<b id="30" c="2 28" t="1"/>
		<b id="31" c="2 29" t="1"/>
		<b id="32" c="11 30" t="1"/>
		<b id="33" c="16 31" t="1"/>
		<b id="34" c="17 32" t="1"/>
		<b id="35" c="19 33" t="1"/>
		<b id="36" c="19 34" t="1"/>
		<b id="37" c="19 35" t="1"/>
		<b id="38" c="20 36" t="1"/>
		<b id="39" c="21 37" t="1"/>
		<b id="40" c="22 38" t="1"/>
	</bonds>
	<geometry>
		<g u="A" t="cart/3d">#38,3:1.3857,-0.6668,-0.7116;2.2625,0.5511,-0.4546;2.9866,0.9282,-1.6237;4.1154,0.2588,-1.8724;4.5674,-0.6125,-1.1698;4.7498,0.7205,-3.1079;5.9388,0.2256,-3.6729;7.0193,-1.1264,-3.0096;6.2646,0.8361,-4.8047;5.3132,1.7343,-5.0091;5.2292,2.5854,-6.0435;4.1587,3.4539,-6.0831;3.9915,4.3720,-7.1351;3.8209,5.1658,-8.0302;3.6383,6.0777,-9.0883;4.3068,5.8877,-10.3000;4.1206,6.7770,-11.3377;3.2746,7.8734,-11.1992;3.0971,8.8462,-12.3224;2.6148,8.0582,-9.9878;2.7872,7.1751,-8.9419;3.2161,3.3854,-5.0176;3.3112,2.5509,-4.0246;4.3451,1.7207,-4.0016;0.7960,-0.8852,0.1742;2.0068,-1.5292,-0.9419;0.7173,-0.4775,-1.5483;2.9721,0.3412,0.3532;1.6589,1.4261,-0.2050;6.0080,2.5435,-6.7893;4.9639,5.0380,-10.4164;4.6383,6.6203,-12.2735;3.2299,8.3574,-13.2848;3.8396,9.6415,-12.2441;2.1111,9.3038,-12.2893;1.9556,8.9060,-9.8663;2.2695,7.3259,-8.0058;2.3629,4.0489,-5.0090;</g>
	</geometry>
	<conformers/>
	<properties/>
</molecule>
