<?xml version="1.0" ?>
<!--MOLLI PACKAGE EXPERIMENTAL XML FORMAT-->
<molecule name="el305">
	<atoms>
		<a id="1" s="C" t="C.3" l="C"/>
		<a id="2" s="O" t="O.3" l="O"/>
		<a id="3" s="C" t="C.2" l="C"/>
		<a id="4" s="O" t="O.2" l="O"/>
		<a id="5" s="C" t="C.3" l="C"/>
		<a id="6" s="C" t="C.3" l="C"/>
		<a id="7" s="C" t="C.3" l="C"/>
		<a id="8" s="C" t="C.2" l="C"/>
		<a id="9" s="O" t="O.2" l="O"/>
		<a id="10" s="C" t="C.ar" l="C"/>
		<a id="11" s="C" t="C.ar" l="C"/>
		<a id="12" s="C" t="C.ar" l="C"/>
		<a id="13" s="C" t="C.ar" l="C"/>
		<a id="14" s="Br" t="Br" l="BR"/>
		<a id="15" s="C" t="C.ar" l="C"/>
		<a id="16" s="C" t="C.ar" l="C"/>
		<a id="17" s="H" t="H" l="H"/>
		<a id="18" s="H" t="H" l="H"/>
		<a id="19" s="H" t="H" l="H"/>
		<a id="20" s="H" t="H" l="H"/>
		<a id="21" s="H" t="H" l="H"/>
		<a id="22" s="H" t="H" l="H"/>
		<a id="23" s="H" t="H" l="H"/>
		<a id="24" s="H" t="H" l="H"/>
		<a id="25" s="H" t="H" l="H"/>
		<a id="26" s="H" t="H" l="H"/>
		<a id="27" s="H" t="H" l="H"/>
		<a id="28" s="H" t="H" l="H"/>
		<a id="29" s="H" t="H" l="H"/>
	</atoms>
	<bonds>
		<b id="1" c="1 2" t="1"/>
		<b id="2" c="2 3" t="1"/>
		<b id="3" c="3 4" t="2"/>
		<b id="4" c="3 5" t="1"/>
		<b id="5" c="5 6" t="1"/>
		<b id="6" c="5 7" t="1"/>
		<b id="7" c="5 8" t="1"/>
		<b id="8" c="8 9" t="2"/>
		<b id="9" c="8 10" t="1"/>
		<b id="10" c="10 11" t="ar"/>
		<b id="11" c="11 12" t="ar"/>
		<b id="12" c="12 13" t="ar"/>
		<b id="13" c="13 14" t="1"/>
		<b id="14" c="13 15" t="ar"/>
		<b id="15" c="15 16" t="ar"/>
		<b id="16" c="10 16" t="ar"/>
		<b id="17" c="1 17" t="1"/>
		<b id="18" c="1 18" t="1"/>
		<b id="19" c="1 19" t="1"/>
		<b id="20" c="6 20" t="1"/>
		<b id="21" c="6 21" t="1"/>
		<b id="22" c="6 22" t="1"/>
		<b id="23" c="7 23" t="1"/>
		<b id="24" c="7 24" t="1"/>
		<b id="25" c="7 25" t="1"/>
		<b id="26" c="11 26" t="1"/>
		<b id="27" c="12 27" t="1"/>
		<b id="28" c="15 28" t="1"/>
		<b id="29" c="16 29" t="1"/>
	</bonds>
	<geometry>
		<g u="A" t="cart/3d">#29,3:1.1499,-1.1925,2.0735;2.5617,-1.1779,1.9124;3.0130,-1.0360,0.6600;2.2971,-0.9028,-0.2967;4.5333,-1.0024,0.6353;5.0648,-1.1954,-0.7910;4.9466,0.3831,1.1564;5.1520,-2.0769,1.5352;6.1910,-1.8750,2.1175;4.4420,-3.3758,1.6690;3.5136,-3.8667,0.7518;2.8862,-5.0784,0.9717;3.1821,-5.8034,2.1154;2.2984,-7.4585,2.4237;4.1097,-5.3426,3.0358;4.7376,-4.1364,2.8021;0.9656,-1.1820,3.1444;0.7306,-2.0947,1.6232;0.7038,-0.3187,1.5952;4.5317,-0.5293,-1.4651;4.9278,-2.2163,-1.1376;6.1257,-0.9623,-0.8194;4.6017,1.1573,0.4755;6.0297,0.4290,1.2350;4.5220,0.5577,2.1423;3.2748,-3.3222,-0.1476;2.1696,-5.4585,0.2597;4.3346,-5.9204,3.9190;5.4662,-3.7553,3.5016;</g>
	</geometry>
	<conformers/>
	<properties/>
</molecule>
