<?xml version="1.0" ?>
<!--MOLLI PACKAGE EXPERIMENTAL XML FORMAT-->
<molecule name="el307">
	<atoms>
		<a id="1" s="C" t="C.3" l="C"/>
		<a id="2" s="O" t="O.3" l="O"/>
		<a id="3" s="C" t="C.2" l="C"/>
		<a id="4" s="O" t="O.2" l="O"/>
		<a id="5" s="C" t="C.3" l="C"/>
		<a id="6" s="C" t="C.3" l="C"/>
		<a id="7" s="C" t="C.3" l="C"/>
		<a id="8" s="C" t="C.2" l="C"/>
		<a id="9" s="O" t="O.2" l="O"/>
		<a id="10" s="C" t="C.ar" l="C"/>
		<a id="11" s="C" t="C.ar" l="C"/>
		<a id="12" s="C" t="C.ar" l="C"/>
		<a id="13" s="C" t="C.ar" l="C"/>
		<a id="14" s="Br" t="Br" l="BR"/>
		<a id="15" s="C" t="C.ar" l="C"/>
		<a id="16" s="C" t="C.ar" l="C"/>
		<a id="17" s="C" t="C.3" l="C"/>
		<a id="18" s="H" t="H" l="H"/>
		<a id="19" s="H" t="H" l="H"/>
		<a id="20" s="H" t="H" l="H"/>
		<a id="21" s="H" t="H" l="H"/>
		<a id="22" s="H" t="H" l="H"/>
		<a id="23" s="H" t="H" l="H"/>
		<a id="24" s="H" t="H" l="H"/>
		<a id="25" s="H" t="H" l="H"/>
		<a id="26" s="H" t="H" l="H"/>
		<a id="27" s="H" t="H" l="H"/>
		<a id="28" s="H" t="H" l="H"/>
		<a id="29" s="H" t="H" l="H"/>
		<a id="30" s="H" t="H" l="H"/>
		<a id="31" s="H" t="H" l="H"/>
		<a id="32" s="H" t="H" l="H"/>
	</atoms>
	<bonds>
		<b id="1" c="1 2" t="1"/>
		<b id="2" c="2 3" t="1"/>
		<b id="3" c="3 4" t="2"/>
		<b id="4" c="3 5" t="1"/>
		<b id="5" c="5 6" t="1"/>
		<b id="6" c="5 7" t="1"/>
		<b id="7" c="5 8" t="1"/>
		<b id="8" c="8 9" t="2"/>
		<b id="9" c="8 10" t="1"/>
		<b id="10" c="10 11" t="ar"/>
		<b id="11" c="11 12" t="ar"/>
		<b id="12" c="12 13" t="ar"/>
		<b id="13" c="13 14" t="1"/>
		<b id="14" c="13 15" t="ar"/>
		<b id="15" c="15 16" t="ar"/>
		<b id="16" c="10 16" t="ar"/>
		<b id="17" c="16 17" t="1"/>
		<b id="18" c="1 18" t="1"/>
		<b id="19" c="1 19" t="1"/>
		<b id="20" c="1 20" t="1"/>
		<b id="21" c="6 21" t="1"/>
		<b id="22" c="6 22" t="1"/>
		<b id="23" c="6 23" t="1"/>
		<b id="24" c="7 24" t="1"/>
		<b id="25" c="7 25" t="1"/>
		<b id="26" c="7 26" t="1"/>
		<b id="27" c="11 27" t="1"/>
		<b id="28" c="12 28" t="1"/>
		<b id="29" c="15 29" t="1"/>
		<b id="30" c="17 30" t="1"/>
		<b id="31" c="17 31" t="1"/>
		<b id="32" c="17 32" t="1"/>
	</bonds>
	<geometry>
		<g u="A" t="cart/3d">#32,3:1.7002,3.1676,-0.7030;2.9894,2.5847,-0.8299;3.3679,1.7696,0.1647;2.6631,1.4905,1.0969;4.7845,1.2607,-0.0517;5.1806,0.2885,1.0649;4.8787,0.5609,-1.4146;5.7884,2.4288,-0.0538;6.9272,2.2672,-0.4078;5.2500,3.7400,0.4034;4.7009,3.8564,1.6761;4.1735,5.0577,2.1127;4.1884,6.1406,1.2521;3.4342,7.7963,1.8170;4.7345,6.0443,-0.0155;5.2824,4.8473,-0.4534;5.8540,4.7369,-1.8308;1.5141,3.7017,-1.6309;1.6836,3.8565,0.1442;0.9471,2.3941,-0.5437;4.5401,-0.5893,1.0323;5.0683,0.7494,2.0426;6.2155,-0.0161,0.9328;4.2737,-0.3426,-1.4153;5.9153,0.2950,-1.6078;4.5301,1.2191,-2.2066;4.6930,3.0085,2.3425;3.7516,5.1457,3.1013;4.7345,6.9054,-0.6666;5.8367,5.6994,-2.3349;5.2774,4.0225,-2.4176;6.8797,4.3773,-1.7862;</g>
	</geometry>
	<conformers/>
	<properties/>
</molecule>
