<?xml version="1.0" ?>
<!--MOLLI PACKAGE EXPERIMENTAL XML FORMAT-->
<molecule name="el309">
	<atoms>
		<a id="1" s="Br" t="Br" l="BR"/>
		<a id="2" s="C" t="C.ar" l="C"/>
		<a id="3" s="N" t="N.ar" l="N"/>
		<a id="4" s="C" t="C.ar" l="C"/>
		<a id="5" s="C" t="C.ar" l="C"/>
		<a id="6" s="C" t="C.ar" l="C"/>
		<a id="7" s="N" t="N.ar" l="N"/>
		<a id="8" s="H" t="H" l="H"/>
		<a id="9" s="H" t="H" l="H"/>
		<a id="10" s="H" t="H" l="H"/>
	</atoms>
	<bonds>
		<b id="1" c="1 2" t="1"/>
		<b id="2" c="2 3" t="ar"/>
		<b id="3" c="3 4" t="ar"/>
		<b id="4" c="4 5" t="ar"/>
		<b id="5" c="5 6" t="ar"/>
		<b id="6" c="6 7" t="ar"/>
		<b id="7" c="2 7" t="ar"/>
		<b id="8" c="4 8" t="1"/>
		<b id="9" c="5 9" t="1"/>
		<b id="10" c="6 10" t="1"/>
	</bonds>
	<geometry>
		<g u="A" t="cart/3d">#10,3:1.0839,0.0318,-0.2945;2.9484,0.0026,-0.0507;3.5528,1.1708,-0.0361;4.8636,1.1507,0.1400;5.5640,-0.0379,0.3010;4.8101,-1.2040,0.2670;3.4993,-1.1835,0.0909;5.3493,2.1173,0.1489;6.6310,-0.0544,0.4437;5.2516,-2.1850,0.3810;</g>
	</geometry>
	<conformers/>
	<properties/>
</molecule>
