<?xml version="1.0" ?>
<!--MOLLI PACKAGE EXPERIMENTAL XML FORMAT-->
<molecule name="el311">
	<atoms>
		<a id="1" s="C" t="C.3" l="C"/>
		<a id="2" s="O" t="O.3" l="O"/>
		<a id="3" s="C" t="C.ar" l="C"/>
		<a id="4" s="C" t="C.ar" l="C"/>
		<a id="5" s="C" t="C.ar" l="C"/>
		<a id="6" s="C" t="C.ar" l="C"/>
		<a id="7" s="C" t="C.ar" l="C"/>
		<a id="8" s="C" t="C.ar" l="C"/>
		<a id="9" s="C" t="C.ar" l="C"/>
		<a id="10" s="Br" t="Br" l="BR"/>
		<a id="11" s="N" t="N.ar" l="N"/>
		<a id="12" s="N" t="N.ar" l="N"/>
		<a id="13" s="C" t="C.2" l="C"/>
		<a id="14" s="O" t="O.2" l="O"/>
		<a id="15" s="O" t="O.3" l="O"/>
		<a id="16" s="C" t="C.3" l="C"/>
		<a id="17" s="C" t="C.3" l="C"/>
		<a id="18" s="C" t="C.3" l="C"/>
		<a id="19" s="C" t="C.3" l="C"/>
		<a id="20" s="H" t="H" l="H"/>
		<a id="21" s="H" t="H" l="H"/>
		<a id="22" s="H" t="H" l="H"/>
		<a id="23" s="H" t="H" l="H"/>
		<a id="24" s="H" t="H" l="H"/>
		<a id="25" s="H" t="H" l="H"/>
		<a id="26" s="H" t="H" l="H"/>
		<a id="27" s="H" t="H" l="H"/>
		<a id="28" s="H" t="H" l="H"/>
		<a id="29" s="H" t="H" l="H"/>
		<a id="30" s="H" t="H" l="H"/>
		<a id="31" s="H" t="H" l="H"/>
		<a id="32" s="H" t="H" l="H"/>
		<a id="33" s="H" t="H" l="H"/>
		<a id="34" s="H" t="H" l="H"/>
	</atoms>
	<bonds>
		<b id="1" c="1 2" t="1"/>
		<b id="2" c="2 3" t="1"/>
		<b id="3" c="3 4" t="ar"/>
		<b id="4" c="4 5" t="ar"/>
		<b id="5" c="5 6" t="ar"/>
		<b id="6" c="6 7" t="ar"/>
		<b id="7" c="7 8" t="ar"/>
		<b id="8" c="3 8" t="ar"/>
		<b id="9" c="7 9" t="ar"/>
		<b id="10" c="9 10" t="1"/>
		<b id="11" c="9 11" t="ar"/>
		<b id="12" c="11 12" t="ar"/>
		<b id="13" c="6 12" t="ar"/>
		<b id="14" c="12 13" t="am"/>
		<b id="15" c="13 14" t="2"/>
		<b id="16" c="13 15" t="1"/>
		<b id="17" c="15 16" t="1"/>
		<b id="18" c="16 17" t="1"/>
		<b id="19" c="16 18" t="1"/>
		<b id="20" c="16 19" t="1"/>
		<b id="21" c="1 20" t="1"/>
		<b id="22" c="1 21" t="1"/>
		<b id="23" c="1 22" t="1"/>
		<b id="24" c="4 23" t="1"/>
		<b id="25" c="5 24" t="1"/>
		<b id="26" c="8 25" t="1"/>
		<b id="27" c="17 26" t="1"/>
		<b id="28" c="17 27" t="1"/>
		<b id="29" c="17 28" t="1"/>
		<b id="30" c="18 29" t="1"/>
		<b id="31" c="18 30" t="1"/>
		<b id="32" c="18 31" t="1"/>
		<b id="33" c="19 32" t="1"/>
		<b id="34" c="19 33" t="1"/>
		<b id="35" c="19 34" t="1"/>
	</bonds>
	<geometry>
		<g u="A" t="cart/3d">#34,3:1.1773,0.1459,0.6152;2.3018,-0.0615,-0.2059;2.8543,0.9966,-0.8548;2.3825,2.3172,-0.7518;2.9739,3.3625,-1.4312;4.0645,3.0688,-2.2338;4.5469,1.7471,-2.3442;3.9494,0.7016,-1.6572;5.6455,1.8724,-3.2488;6.7542,0.5007,-3.8429;5.8160,3.0993,-3.6461;4.8689,3.8521,-3.0436;4.7555,5.2275,-3.2636;3.9347,5.8872,-2.6813;5.6415,5.6136,-4.1540;5.7273,7.0041,-4.5683;6.1040,7.8795,-3.3747;6.8400,7.0018,-5.6147;4.4033,7.4499,-5.1861;0.9211,-0.8358,1.0102;0.3287,0.5376,0.0454;1.4033,0.8208,1.4469;1.5321,2.5342,-0.1258;2.6052,4.3706,-1.3452;4.3095,-0.3111,-1.7354;7.0257,7.5189,-2.9232;5.3152,7.8631,-2.6273;6.2518,8.9032,-3.7064;7.7629,6.6354,-5.1743;6.9983,8.0076,-5.9918;6.5718,6.3487,-6.4404;3.6152,7.4540,-4.4380;4.1211,6.7753,-5.9916;4.5101,8.4529,-5.5892;</g>
	</geometry>
	<conformers/>
	<properties/>
</molecule>
