<?xml version="1.0" ?>
<!--MOLLI PACKAGE EXPERIMENTAL XML FORMAT-->
<molecule name="el313">
	<atoms>
		<a id="1" s="Br" t="Br" l="BR"/>
		<a id="2" s="C" t="C.ar" l="C"/>
		<a id="3" s="C" t="C.ar" l="C"/>
		<a id="4" s="C" t="C.ar" l="C"/>
		<a id="5" s="N" t="N.ar" l="N"/>
		<a id="6" s="C" t="C.ar" l="C"/>
		<a id="7" s="O" t="O.3" l="O"/>
		<a id="8" s="C" t="C.3" l="C"/>
		<a id="9" s="C" t="C.3" l="C"/>
		<a id="10" s="N" t="N.3" l="N"/>
		<a id="11" s="C" t="C.3" l="C"/>
		<a id="12" s="C" t="C.3" l="C"/>
		<a id="13" s="C" t="C.3" l="C"/>
		<a id="14" s="C" t="C.3" l="C"/>
		<a id="15" s="C" t="C.ar" l="C"/>
		<a id="16" s="H" t="H" l="H"/>
		<a id="17" s="H" t="H" l="H"/>
		<a id="18" s="H" t="H" l="H"/>
		<a id="19" s="H" t="H" l="H"/>
		<a id="20" s="H" t="H" l="H"/>
		<a id="21" s="H" t="H" l="H"/>
		<a id="22" s="H" t="H" l="H"/>
		<a id="23" s="H" t="H" l="H"/>
		<a id="24" s="H" t="H" l="H"/>
		<a id="25" s="H" t="H" l="H"/>
		<a id="26" s="H" t="H" l="H"/>
		<a id="27" s="H" t="H" l="H"/>
		<a id="28" s="H" t="H" l="H"/>
		<a id="29" s="H" t="H" l="H"/>
		<a id="30" s="H" t="H" l="H"/>
	</atoms>
	<bonds>
		<b id="1" c="1 2" t="1"/>
		<b id="2" c="2 3" t="ar"/>
		<b id="3" c="3 4" t="ar"/>
		<b id="4" c="4 5" t="ar"/>
		<b id="5" c="5 6" t="ar"/>
		<b id="6" c="6 7" t="1"/>
		<b id="7" c="7 8" t="1"/>
		<b id="8" c="8 9" t="1"/>
		<b id="9" c="9 10" t="1"/>
		<b id="10" c="10 11" t="1"/>
		<b id="11" c="11 12" t="1"/>
		<b id="12" c="12 13" t="1"/>
		<b id="13" c="13 14" t="1"/>
		<b id="14" c="10 14" t="1"/>
		<b id="15" c="6 15" t="ar"/>
		<b id="16" c="2 15" t="ar"/>
		<b id="17" c="3 16" t="1"/>
		<b id="18" c="4 17" t="1"/>
		<b id="19" c="8 18" t="1"/>
		<b id="20" c="8 19" t="1"/>
		<b id="21" c="9 20" t="1"/>
		<b id="22" c="9 21" t="1"/>
		<b id="23" c="11 22" t="1"/>
		<b id="24" c="11 23" t="1"/>
		<b id="25" c="12 24" t="1"/>
		<b id="26" c="12 25" t="1"/>
		<b id="27" c="13 26" t="1"/>
		<b id="28" c="13 27" t="1"/>
		<b id="29" c="14 28" t="1"/>
		<b id="30" c="14 29" t="1"/>
		<b id="31" c="15 30" t="1"/>
	</bonds>
	<geometry>
		<g u="A" t="cart/3d">#30,3:-1.6330,-0.0217,-0.1745;0.2703,-0.0305,-0.2109;0.9617,1.1594,-0.4137;2.3405,1.0871,-0.4305;3.0246,-0.0349,-0.2664;2.3533,-1.1596,-0.0745;3.0160,-2.3047,0.0982;4.4364,-2.2319,0.0550;4.9818,-3.6240,0.3710;6.4083,-3.6755,0.1055;6.9308,-5.0256,-0.0333;7.2097,-5.5417,1.3925;7.4578,-4.2581,2.1994;7.2198,-3.1208,1.1796;0.9499,-1.2130,-0.0379;0.4437,2.0937,-0.5510;2.9414,1.9729,-0.5823;4.7810,-1.4822,0.7741;4.7638,-1.9192,-0.9421;4.4799,-4.3307,-0.2936;4.7194,-3.8875,1.4068;7.8684,-4.9536,-0.5920;6.2436,-5.6596,-0.5913;8.0639,-6.2152,1.4112;6.3435,-6.0820,1.7743;8.4680,-4.2151,2.6013;6.7616,-4.1786,3.0339;8.1708,-2.8075,0.7408;6.7430,-2.2490,1.6225;0.4537,-2.1555,0.1210;</g>
	</geometry>
	<conformers/>
	<properties/>
</molecule>
