<?xml version="1.0" ?>
<!--MOLLI PACKAGE EXPERIMENTAL XML FORMAT-->
<molecule name="el317">
	<atoms>
		<a id="1" s="O" t="O.2" l="O"/>
		<a id="2" s="C" t="C.ar" l="C"/>
		<a id="3" s="N" t="N.ar" l="N"/>
		<a id="4" s="C" t="C.3" l="C"/>
		<a id="5" s="C" t="C.3" l="C"/>
		<a id="6" s="C" t="C.3" l="C"/>
		<a id="7" s="O" t="O.3" l="O"/>
		<a id="8" s="C" t="C.3" l="C"/>
		<a id="9" s="N" t="N.ar" l="N"/>
		<a id="10" s="C" t="C.ar" l="C"/>
		<a id="11" s="C" t="C.ar" l="C"/>
		<a id="12" s="C" t="C.ar" l="C"/>
		<a id="13" s="C" t="C.ar" l="C"/>
		<a id="14" s="N" t="N.ar" l="N"/>
		<a id="15" s="C" t="C.ar" l="C"/>
		<a id="16" s="Br" t="Br" l="BR"/>
		<a id="17" s="C" t="C.ar" l="C"/>
		<a id="18" s="N" t="N.ar" l="N"/>
		<a id="19" s="C" t="C.ar" l="C"/>
		<a id="20" s="C" t="C.ar" l="C"/>
		<a id="21" s="C" t="C.ar" l="C"/>
		<a id="22" s="C" t="C.ar" l="C"/>
		<a id="23" s="C" t="C.ar" l="C"/>
		<a id="24" s="C" t="C.ar" l="C"/>
		<a id="25" s="C" t="C.ar" l="C"/>
		<a id="26" s="C" t="C.ar" l="C"/>
		<a id="27" s="C" t="C.ar" l="C"/>
		<a id="28" s="C" t="C.ar" l="C"/>
		<a id="29" s="H" t="H" l="H"/>
		<a id="30" s="H" t="H" l="H"/>
		<a id="31" s="H" t="H" l="H"/>
		<a id="32" s="H" t="H" l="H"/>
		<a id="33" s="H" t="H" l="H"/>
		<a id="34" s="H" t="H" l="H"/>
		<a id="35" s="H" t="H" l="H"/>
		<a id="36" s="H" t="H" l="H"/>
		<a id="37" s="H" t="H" l="H"/>
		<a id="38" s="H" t="H" l="H"/>
		<a id="39" s="H" t="H" l="H"/>
		<a id="40" s="H" t="H" l="H"/>
		<a id="41" s="H" t="H" l="H"/>
		<a id="42" s="H" t="H" l="H"/>
		<a id="43" s="H" t="H" l="H"/>
		<a id="44" s="H" t="H" l="H"/>
		<a id="45" s="H" t="H" l="H"/>
	</atoms>
	<bonds>
		<b id="1" c="1 2" t="2"/>
		<b id="2" c="2 3" t="ar"/>
		<b id="3" c="3 4" t="1"/>
		<b id="4" c="4 5" t="1"/>
		<b id="5" c="5 6" t="1"/>
		<b id="6" c="6 7" t="1"/>
		<b id="7" c="7 8" t="1"/>
		<b id="8" c="4 8" t="1"/>
		<b id="9" c="3 9" t="ar"/>
		<b id="10" c="9 10" t="ar"/>
		<b id="11" c="10 11" t="1"/>
		<b id="12" c="11 12" t="ar"/>
		<b id="13" c="12 13" t="ar"/>
		<b id="14" c="13 14" t="ar"/>
		<b id="15" c="14 15" t="ar"/>
		<b id="16" c="15 16" t="1"/>
		<b id="17" c="15 17" t="ar"/>
		<b id="18" c="11 17" t="ar"/>
		<b id="19" c="10 18" t="ar"/>
		<b id="20" c="2 18" t="ar"/>
		<b id="21" c="18 19" t="1"/>
		<b id="22" c="19 20" t="ar"/>
		<b id="23" c="20 21" t="ar"/>
		<b id="24" c="21 22" t="ar"/>
		<b id="25" c="22 23" t="ar"/>
		<b id="26" c="23 24" t="ar"/>
		<b id="27" c="24 25" t="ar"/>
		<b id="28" c="25 26" t="ar"/>
		<b id="29" c="26 27" t="ar"/>
		<b id="30" c="22 27" t="ar"/>
		<b id="31" c="27 28" t="ar"/>
		<b id="32" c="19 28" t="ar"/>
		<b id="33" c="4 29" t="1"/>
		<b id="34" c="5 30" t="1"/>
		<b id="35" c="5 31" t="1"/>
		<b id="36" c="6 32" t="1"/>
		<b id="37" c="6 33" t="1"/>
		<b id="38" c="8 34" t="1"/>
		<b id="39" c="8 35" t="1"/>
		<b id="40" c="12 36" t="1"/>
		<b id="41" c="13 37" t="1"/>
		<b id="42" c="17 38" t="1"/>
		<b id="43" c="20 39" t="1"/>
		<b id="44" c="21 40" t="1"/>
		<b id="45" c="23 41" t="1"/>
		<b id="46" c="24 42" t="1"/>
		<b id="47" c="25 43" t="1"/>
		<b id="48" c="26 44" t="1"/>
		<b id="49" c="28 45" t="1"/>
	</bonds>
	<geometry>
		<g u="A" t="cart/3d">#45,3:1.3160,0.4294,-0.0313;2.5036,0.2319,0.0606;3.1627,-0.9598,0.2469;2.5875,-2.2757,0.3347;1.4548,-2.3724,1.3745;0.2147,-2.6223,0.5054;0.6955,-3.3323,-0.6174;1.8904,-2.6994,-0.9865;4.4973,-0.7876,0.3043;4.7149,0.4858,0.1678;6.0479,1.0565,0.1096;7.1057,0.4024,0.7493;8.3687,0.9595,0.6767;8.6235,2.0896,0.0369;7.6277,2.6854,-0.5753;8.0556,4.2987,-1.4789;6.3210,2.2275,-0.5959;3.5312,1.1734,0.0173;3.3164,2.5680,-0.0056;3.9553,3.3763,0.9574;3.7667,4.7271,0.9403;2.9258,5.3311,-0.0191;2.7227,6.7253,-0.0642;1.8943,7.2785,-1.0004;1.2295,6.4638,-1.9303;1.4054,5.1085,-1.9131;2.2570,4.5077,-0.9630;2.4733,3.1153,-0.9358;3.4217,-2.9375,0.5753;1.3601,-1.4581,1.9554;1.6324,-3.2100,2.0479;-0.2156,-1.6624,0.1911;-0.5461,-3.2344,0.9873;1.6811,-1.7991,-1.5828;2.4791,-3.3994,-1.5792;6.9205,-0.5143,1.2832;9.2218,0.4972,1.1532;5.5618,2.7603,-1.1447;4.5878,2.9123,1.7006;4.2575,5.3530,1.6709;3.2358,7.3477,0.6544;1.7450,8.3476,-1.0311;0.5775,6.9188,-2.6611;0.8963,4.4762,-2.6255;1.9680,2.4835,-1.6499;</g>
	</geometry>
	<conformers/>
	<properties/>
</molecule>
