<?xml version="1.0" ?>
<!--MOLLI PACKAGE EXPERIMENTAL XML FORMAT-->
<molecule name="el318">
	<atoms>
		<a id="1" s="O" t="O.2" l="O"/>
		<a id="2" s="C" t="C.ar" l="C"/>
		<a id="3" s="N" t="N.ar" l="N"/>
		<a id="4" s="C" t="C.ar" l="C"/>
		<a id="5" s="C" t="C.ar" l="C"/>
		<a id="6" s="C" t="C.ar" l="C"/>
		<a id="7" s="C" t="C.ar" l="C"/>
		<a id="8" s="C" t="C.ar" l="C"/>
		<a id="9" s="N" t="N.ar" l="N"/>
		<a id="10" s="N" t="N.ar" l="N"/>
		<a id="11" s="C" t="C.ar" l="C"/>
		<a id="12" s="C" t="C.ar" l="C"/>
		<a id="13" s="C" t="C.ar" l="C"/>
		<a id="14" s="C" t="C.ar" l="C"/>
		<a id="15" s="N" t="N.ar" l="N"/>
		<a id="16" s="C" t="C.ar" l="C"/>
		<a id="17" s="Br" t="Br" l="BR"/>
		<a id="18" s="C" t="C.ar" l="C"/>
		<a id="19" s="N" t="N.ar" l="N"/>
		<a id="20" s="C" t="C.ar" l="C"/>
		<a id="21" s="C" t="C.ar" l="C"/>
		<a id="22" s="C" t="C.ar" l="C"/>
		<a id="23" s="C" t="C.ar" l="C"/>
		<a id="24" s="C" t="C.ar" l="C"/>
		<a id="25" s="C" t="C.ar" l="C"/>
		<a id="26" s="C" t="C.ar" l="C"/>
		<a id="27" s="C" t="C.ar" l="C"/>
		<a id="28" s="C" t="C.ar" l="C"/>
		<a id="29" s="C" t="C.ar" l="C"/>
		<a id="30" s="H" t="H" l="H"/>
		<a id="31" s="H" t="H" l="H"/>
		<a id="32" s="H" t="H" l="H"/>
		<a id="33" s="H" t="H" l="H"/>
		<a id="34" s="H" t="H" l="H"/>
		<a id="35" s="H" t="H" l="H"/>
		<a id="36" s="H" t="H" l="H"/>
		<a id="37" s="H" t="H" l="H"/>
		<a id="38" s="H" t="H" l="H"/>
		<a id="39" s="H" t="H" l="H"/>
		<a id="40" s="H" t="H" l="H"/>
		<a id="41" s="H" t="H" l="H"/>
		<a id="42" s="H" t="H" l="H"/>
		<a id="43" s="H" t="H" l="H"/>
	</atoms>
	<bonds>
		<b id="1" c="1 2" t="2"/>
		<b id="2" c="2 3" t="ar"/>
		<b id="3" c="3 4" t="1"/>
		<b id="4" c="4 5" t="ar"/>
		<b id="5" c="5 6" t="ar"/>
		<b id="6" c="6 7" t="ar"/>
		<b id="7" c="7 8" t="ar"/>
		<b id="8" c="8 9" t="ar"/>
		<b id="9" c="4 9" t="ar"/>
		<b id="10" c="3 10" t="ar"/>
		<b id="11" c="10 11" t="ar"/>
		<b id="12" c="11 12" t="1"/>
		<b id="13" c="12 13" t="ar"/>
		<b id="14" c="13 14" t="ar"/>
		<b id="15" c="14 15" t="ar"/>
		<b id="16" c="15 16" t="ar"/>
		<b id="17" c="16 17" t="1"/>
		<b id="18" c="16 18" t="ar"/>
		<b id="19" c="12 18" t="ar"/>
		<b id="20" c="11 19" t="ar"/>
		<b id="21" c="2 19" t="ar"/>
		<b id="22" c="19 20" t="1"/>
		<b id="23" c="20 21" t="ar"/>
		<b id="24" c="21 22" t="ar"/>
		<b id="25" c="22 23" t="ar"/>
		<b id="26" c="23 24" t="ar"/>
		<b id="27" c="24 25" t="ar"/>
		<b id="28" c="25 26" t="ar"/>
		<b id="29" c="26 27" t="ar"/>
		<b id="30" c="27 28" t="ar"/>
		<b id="31" c="23 28" t="ar"/>
		<b id="32" c="28 29" t="ar"/>
		<b id="33" c="20 29" t="ar"/>
		<b id="34" c="5 30" t="1"/>
		<b id="35" c="6 31" t="1"/>
		<b id="36" c="7 32" t="1"/>
		<b id="37" c="8 33" t="1"/>
		<b id="38" c="13 34" t="1"/>
		<b id="39" c="14 35" t="1"/>
		<b id="40" c="18 36" t="1"/>
		<b id="41" c="21 37" t="1"/>
		<b id="42" c="22 38" t="1"/>
		<b id="43" c="24 39" t="1"/>
		<b id="44" c="25 40" t="1"/>
		<b id="45" c="26 41" t="1"/>
		<b id="46" c="27 42" t="1"/>
		<b id="47" c="29 43" t="1"/>
	</bonds>
	<geometry>
		<g u="A" t="cart/3d">#43,3:1.3374,0.3386,0.4990;2.5129,0.1971,0.3146;3.2574,-0.9693,0.1750;2.8049,-2.2850,0.2466;3.7231,-3.3326,0.1504;3.2310,-4.6209,0.2267;1.8660,-4.8162,0.3935;1.0509,-3.6986,0.4776;1.5057,-2.4619,0.4056;4.5681,-0.6988,-0.0238;4.6889,0.5924,-0.0183;5.9778,1.2527,-0.1397;6.9959,0.6415,-0.8777;8.2189,1.2798,-0.9719;8.4681,2.4478,-0.4025;7.5112,3.0045,0.3020;7.9321,4.6753,1.0984;6.2489,2.4660,0.4902;3.4760,1.2059,0.1829;3.1627,2.5804,0.1209;2.3045,3.1215,1.0963;1.9934,4.4503,1.0594;2.5277,5.2973,0.0660;2.2377,6.6765,0.0204;2.7737,7.4701,-0.9547;3.6225,6.9218,-1.9293;3.9209,5.5885,-1.9156;3.3847,4.7432,-0.9217;3.6751,3.3661,-0.8806;4.7715,-3.1200,0.0243;3.9030,-5.4638,0.1583;1.4491,-5.8084,0.4571;-0.0190,-3.7860,0.6079;6.8134,-0.3049,-1.3584;9.0405,0.8533,-1.5301;5.5215,2.9720,1.1039;1.8966,2.4719,1.8537;1.3336,4.8725,1.8027;1.5844,7.0931,0.7730;2.5489,8.5259,-0.9830;4.0393,7.5648,-2.6904;4.5745,5.1623,-2.6633;4.3113,2.9394,-1.6435;</g>
	</geometry>
	<conformers/>
	<properties/>
</molecule>
