<?xml version="1.0" ?>
<!--MOLLI PACKAGE EXPERIMENTAL XML FORMAT-->
<molecule name="el320">
	<atoms>
		<a id="1" s="O" t="O.2" l="O"/>
		<a id="2" s="C" t="C.ar" l="C"/>
		<a id="3" s="N" t="N.ar" l="N"/>
		<a id="4" s="C" t="C.3" l="C"/>
		<a id="5" s="C" t="C.3" l="C"/>
		<a id="6" s="C" t="C.3" l="C"/>
		<a id="7" s="C" t="C.3" l="C"/>
		<a id="8" s="O" t="O.3" l="O"/>
		<a id="9" s="C" t="C.3" l="C"/>
		<a id="10" s="C" t="C.3" l="C"/>
		<a id="11" s="N" t="N.ar" l="N"/>
		<a id="12" s="C" t="C.ar" l="C"/>
		<a id="13" s="C" t="C.ar" l="C"/>
		<a id="14" s="C" t="C.ar" l="C"/>
		<a id="15" s="C" t="C.ar" l="C"/>
		<a id="16" s="N" t="N.ar" l="N"/>
		<a id="17" s="C" t="C.ar" l="C"/>
		<a id="18" s="Br" t="Br" l="BR"/>
		<a id="19" s="C" t="C.ar" l="C"/>
		<a id="20" s="N" t="N.ar" l="N"/>
		<a id="21" s="C" t="C.ar" l="C"/>
		<a id="22" s="C" t="C.ar" l="C"/>
		<a id="23" s="C" t="C.ar" l="C"/>
		<a id="24" s="C" t="C.ar" l="C"/>
		<a id="25" s="C" t="C.ar" l="C"/>
		<a id="26" s="C" t="C.ar" l="C"/>
		<a id="27" s="C" t="C.ar" l="C"/>
		<a id="28" s="C" t="C.ar" l="C"/>
		<a id="29" s="C" t="C.ar" l="C"/>
		<a id="30" s="C" t="C.ar" l="C"/>
		<a id="31" s="H" t="H" l="H"/>
		<a id="32" s="H" t="H" l="H"/>
		<a id="33" s="H" t="H" l="H"/>
		<a id="34" s="H" t="H" l="H"/>
		<a id="35" s="H" t="H" l="H"/>
		<a id="36" s="H" t="H" l="H"/>
		<a id="37" s="H" t="H" l="H"/>
		<a id="38" s="H" t="H" l="H"/>
		<a id="39" s="H" t="H" l="H"/>
		<a id="40" s="H" t="H" l="H"/>
		<a id="41" s="H" t="H" l="H"/>
		<a id="42" s="H" t="H" l="H"/>
		<a id="43" s="H" t="H" l="H"/>
		<a id="44" s="H" t="H" l="H"/>
		<a id="45" s="H" t="H" l="H"/>
		<a id="46" s="H" t="H" l="H"/>
		<a id="47" s="H" t="H" l="H"/>
		<a id="48" s="H" t="H" l="H"/>
		<a id="49" s="H" t="H" l="H"/>
		<a id="50" s="H" t="H" l="H"/>
		<a id="51" s="H" t="H" l="H"/>
	</atoms>
	<bonds>
		<b id="1" c="1 2" t="2"/>
		<b id="2" c="2 3" t="ar"/>
		<b id="3" c="3 4" t="1"/>
		<b id="4" c="4 5" t="1"/>
		<b id="5" c="5 6" t="1"/>
		<b id="6" c="6 7" t="1"/>
		<b id="7" c="7 8" t="1"/>
		<b id="8" c="8 9" t="1"/>
		<b id="9" c="9 10" t="1"/>
		<b id="10" c="5 10" t="1"/>
		<b id="11" c="3 11" t="ar"/>
		<b id="12" c="11 12" t="ar"/>
		<b id="13" c="12 13" t="1"/>
		<b id="14" c="13 14" t="ar"/>
		<b id="15" c="14 15" t="ar"/>
		<b id="16" c="15 16" t="ar"/>
		<b id="17" c="16 17" t="ar"/>
		<b id="18" c="17 18" t="1"/>
		<b id="19" c="17 19" t="ar"/>
		<b id="20" c="13 19" t="ar"/>
		<b id="21" c="12 20" t="ar"/>
		<b id="22" c="2 20" t="ar"/>
		<b id="23" c="20 21" t="1"/>
		<b id="24" c="21 22" t="ar"/>
		<b id="25" c="22 23" t="ar"/>
		<b id="26" c="23 24" t="ar"/>
		<b id="27" c="24 25" t="ar"/>
		<b id="28" c="25 26" t="ar"/>
		<b id="29" c="26 27" t="ar"/>
		<b id="30" c="27 28" t="ar"/>
		<b id="31" c="28 29" t="ar"/>
		<b id="32" c="24 29" t="ar"/>
		<b id="33" c="29 30" t="ar"/>
		<b id="34" c="21 30" t="ar"/>
		<b id="35" c="4 31" t="1"/>
		<b id="36" c="4 32" t="1"/>
		<b id="37" c="5 33" t="1"/>
		<b id="38" c="6 34" t="1"/>
		<b id="39" c="6 35" t="1"/>
		<b id="40" c="7 36" t="1"/>
		<b id="41" c="7 37" t="1"/>
		<b id="42" c="9 38" t="1"/>
		<b id="43" c="9 39" t="1"/>
		<b id="44" c="10 40" t="1"/>
		<b id="45" c="10 41" t="1"/>
		<b id="46" c="14 42" t="1"/>
		<b id="47" c="15 43" t="1"/>
		<b id="48" c="19 44" t="1"/>
		<b id="49" c="22 45" t="1"/>
		<b id="50" c="23 46" t="1"/>
		<b id="51" c="25 47" t="1"/>
		<b id="52" c="26 48" t="1"/>
		<b id="53" c="27 49" t="1"/>
		<b id="54" c="28 50" t="1"/>
		<b id="55" c="30 51" t="1"/>
	</bonds>
	<geometry>
		<g u="A" t="cart/3d">#51,3:1.2411,0.5140,0.1893;2.4326,0.3545,0.0793;3.1120,-0.8287,-0.0671;2.5151,-2.1340,-0.0456;2.6371,-2.8267,1.3203;2.0407,-1.9776,2.4447;2.2111,-2.7098,3.7764;3.5654,-2.9834,4.0495;4.1442,-3.8000,3.0588;4.0897,-3.1529,1.6729;4.4379,-0.6335,-0.1753;4.6320,0.6495,-0.1102;5.9602,1.2343,-0.1168;6.2721,2.4215,0.5517;7.5771,2.8792,0.5039;8.5445,2.2474,-0.1381;8.2452,1.1221,-0.7460;9.6831,0.2606,-1.6355;6.9839,0.5551,-0.7782;3.4383,1.3214,0.0482;3.1847,2.7064,-0.0167;2.2817,3.2702,0.9046;2.0051,4.6058,0.8490;2.6148,5.4368,-0.1144;2.3513,6.8202,-0.1872;2.9531,7.5962,-1.1380;3.8458,7.0255,-2.0595;4.1237,5.6883,-2.0157;3.5191,4.8607,-1.0460;3.7801,3.4788,-0.9819;2.9991,-2.7423,-0.8139;1.4604,-1.9886,-0.2941;2.0725,-3.7643,1.2512;0.9855,-1.7747,2.2599;2.5685,-1.0239,2.5057;1.6357,-3.6496,3.7569;1.8574,-2.0965,4.6075;3.6255,-4.7724,3.0295;5.1775,-3.9604,3.3727;4.5209,-3.8327,0.9370;4.6815,-2.2364,1.6797;5.5238,2.9665,1.1035;7.8714,3.7929,1.0010;6.7863,-0.3732,-1.2880;1.8108,2.6309,1.6341;1.3111,5.0452,1.5503;1.6620,7.2541,0.5228;2.7455,8.6547,-1.1891;4.3111,7.6538,-2.8047;4.8100,5.2441,-2.7224;4.4541,3.0356,-1.7017;</g>
	</geometry>
	<conformers/>
	<properties/>
</molecule>
