<?xml version="1.0" ?>
<!--MOLLI PACKAGE EXPERIMENTAL XML FORMAT-->
<molecule name="el33">
	<atoms>
		<a id="1" s="C" t="C.3" l="C"/>
		<a id="2" s="C" t="C.3" l="C"/>
		<a id="3" s="N" t="N.3" l="N"/>
		<a id="4" s="C" t="C.3" l="C"/>
		<a id="5" s="C" t="C.3" l="C"/>
		<a id="6" s="C" t="C.3" l="C"/>
		<a id="7" s="C" t="C.ar" l="C"/>
		<a id="8" s="C" t="C.ar" l="C"/>
		<a id="9" s="C" t="C.ar" l="C"/>
		<a id="10" s="C" t="C.ar" l="C"/>
		<a id="11" s="C" t="C.ar" l="C"/>
		<a id="12" s="Br" t="Br" l="BR"/>
		<a id="13" s="N" t="N.ar" l="N"/>
		<a id="14" s="H" t="H" l="H"/>
		<a id="15" s="H" t="H" l="H"/>
		<a id="16" s="H" t="H" l="H"/>
		<a id="17" s="H" t="H" l="H"/>
		<a id="18" s="H" t="H" l="H"/>
		<a id="19" s="H" t="H" l="H"/>
		<a id="20" s="H" t="H" l="H"/>
		<a id="21" s="H" t="H" l="H"/>
		<a id="22" s="H" t="H" l="H"/>
		<a id="23" s="H" t="H" l="H"/>
		<a id="24" s="H" t="H" l="H"/>
		<a id="25" s="H" t="H" l="H"/>
		<a id="26" s="H" t="H" l="H"/>
		<a id="27" s="H" t="H" l="H"/>
		<a id="28" s="H" t="H" l="H"/>
	</atoms>
	<bonds>
		<b id="1" c="1 2" t="1"/>
		<b id="2" c="2 3" t="1"/>
		<b id="3" c="3 4" t="1"/>
		<b id="4" c="4 5" t="1"/>
		<b id="5" c="3 6" t="1"/>
		<b id="6" c="6 7" t="1"/>
		<b id="7" c="7 8" t="ar"/>
		<b id="8" c="8 9" t="ar"/>
		<b id="9" c="9 10" t="ar"/>
		<b id="10" c="10 11" t="ar"/>
		<b id="11" c="11 12" t="1"/>
		<b id="12" c="11 13" t="ar"/>
		<b id="13" c="7 13" t="ar"/>
		<b id="14" c="1 14" t="1"/>
		<b id="15" c="1 15" t="1"/>
		<b id="16" c="1 16" t="1"/>
		<b id="17" c="2 17" t="1"/>
		<b id="18" c="2 18" t="1"/>
		<b id="19" c="4 19" t="1"/>
		<b id="20" c="4 20" t="1"/>
		<b id="21" c="5 21" t="1"/>
		<b id="22" c="5 22" t="1"/>
		<b id="23" c="5 23" t="1"/>
		<b id="24" c="6 24" t="1"/>
		<b id="25" c="6 25" t="1"/>
		<b id="26" c="8 26" t="1"/>
		<b id="27" c="9 27" t="1"/>
		<b id="28" c="10 28" t="1"/>
	</bonds>
	<geometry>
		<g u="A" t="cart/3d">#28,3:1.1960,0.3214,0.1420;2.6430,-0.0208,-0.1918;3.1386,-1.1559,0.5726;2.4765,-2.4202,0.3077;2.6573,-3.0059,-1.0971;4.5862,-1.2364,0.5121;5.2133,-0.1534,1.3449;4.6674,0.2300,2.5675;5.2930,1.2279,3.2946;6.4457,1.8151,2.7935;6.8963,1.3497,1.5703;8.4682,2.0950,0.7964;6.3132,0.4102,0.8650;0.9449,1.2899,-0.2837;1.0653,0.3686,1.2202;0.5064,-0.4145,-0.2631;3.2723,0.8328,0.0771;2.7484,-0.1743,-1.2788;1.4121,-2.2813,0.5062;2.8548,-3.1366,1.0440;2.2421,-2.3431,-1.8522;2.1405,-3.9602,-1.1604;3.7096,-3.1694,-1.3169;4.9904,-1.1621,-0.5099;4.8961,-2.2011,0.9272;3.7669,-0.2495,2.9142;4.8931,1.5506,4.2448;6.9696,2.5961,3.3204;</g>
	</geometry>
	<conformers/>
	<properties/>
</molecule>
