<?xml version="1.0" ?>
<!--MOLLI PACKAGE EXPERIMENTAL XML FORMAT-->
<molecule name="el321">
	<atoms>
		<a id="1" s="O" t="O.2" l="O"/>
		<a id="2" s="C" t="C.ar" l="C"/>
		<a id="3" s="N" t="N.ar" l="N"/>
		<a id="4" s="C" t="C.3" l="C"/>
		<a id="5" s="C" t="C.3" l="C"/>
		<a id="6" s="C" t="C.3" l="C"/>
		<a id="7" s="O" t="O.3" l="O"/>
		<a id="8" s="C" t="C.3" l="C"/>
		<a id="9" s="C" t="C.3" l="C"/>
		<a id="10" s="N" t="N.ar" l="N"/>
		<a id="11" s="C" t="C.ar" l="C"/>
		<a id="12" s="C" t="C.ar" l="C"/>
		<a id="13" s="C" t="C.ar" l="C"/>
		<a id="14" s="C" t="C.ar" l="C"/>
		<a id="15" s="N" t="N.ar" l="N"/>
		<a id="16" s="C" t="C.ar" l="C"/>
		<a id="17" s="Br" t="Br" l="BR"/>
		<a id="18" s="C" t="C.ar" l="C"/>
		<a id="19" s="N" t="N.ar" l="N"/>
		<a id="20" s="C" t="C.ar" l="C"/>
		<a id="21" s="C" t="C.ar" l="C"/>
		<a id="22" s="C" t="C.ar" l="C"/>
		<a id="23" s="C" t="C.ar" l="C"/>
		<a id="24" s="C" t="C.ar" l="C"/>
		<a id="25" s="C" t="C.ar" l="C"/>
		<a id="26" s="C" t="C.ar" l="C"/>
		<a id="27" s="C" t="C.ar" l="C"/>
		<a id="28" s="C" t="C.ar" l="C"/>
		<a id="29" s="C" t="C.ar" l="C"/>
		<a id="30" s="H" t="H" l="H"/>
		<a id="31" s="H" t="H" l="H"/>
		<a id="32" s="H" t="H" l="H"/>
		<a id="33" s="H" t="H" l="H"/>
		<a id="34" s="H" t="H" l="H"/>
		<a id="35" s="H" t="H" l="H"/>
		<a id="36" s="H" t="H" l="H"/>
		<a id="37" s="H" t="H" l="H"/>
		<a id="38" s="H" t="H" l="H"/>
		<a id="39" s="H" t="H" l="H"/>
		<a id="40" s="H" t="H" l="H"/>
		<a id="41" s="H" t="H" l="H"/>
		<a id="42" s="H" t="H" l="H"/>
		<a id="43" s="H" t="H" l="H"/>
		<a id="44" s="H" t="H" l="H"/>
		<a id="45" s="H" t="H" l="H"/>
		<a id="46" s="H" t="H" l="H"/>
		<a id="47" s="H" t="H" l="H"/>
		<a id="48" s="H" t="H" l="H"/>
	</atoms>
	<bonds>
		<b id="1" c="1 2" t="2"/>
		<b id="2" c="2 3" t="ar"/>
		<b id="3" c="3 4" t="1"/>
		<b id="4" c="4 5" t="1"/>
		<b id="5" c="5 6" t="1"/>
		<b id="6" c="6 7" t="1"/>
		<b id="7" c="7 8" t="1"/>
		<b id="8" c="8 9" t="1"/>
		<b id="9" c="4 9" t="1"/>
		<b id="10" c="3 10" t="ar"/>
		<b id="11" c="10 11" t="ar"/>
		<b id="12" c="11 12" t="1"/>
		<b id="13" c="12 13" t="ar"/>
		<b id="14" c="13 14" t="ar"/>
		<b id="15" c="14 15" t="ar"/>
		<b id="16" c="15 16" t="ar"/>
		<b id="17" c="16 17" t="1"/>
		<b id="18" c="16 18" t="ar"/>
		<b id="19" c="12 18" t="ar"/>
		<b id="20" c="11 19" t="ar"/>
		<b id="21" c="2 19" t="ar"/>
		<b id="22" c="19 20" t="1"/>
		<b id="23" c="20 21" t="ar"/>
		<b id="24" c="21 22" t="ar"/>
		<b id="25" c="22 23" t="ar"/>
		<b id="26" c="23 24" t="ar"/>
		<b id="27" c="24 25" t="ar"/>
		<b id="28" c="25 26" t="ar"/>
		<b id="29" c="26 27" t="ar"/>
		<b id="30" c="27 28" t="ar"/>
		<b id="31" c="23 28" t="ar"/>
		<b id="32" c="28 29" t="ar"/>
		<b id="33" c="20 29" t="ar"/>
		<b id="34" c="4 30" t="1"/>
		<b id="35" c="5 31" t="1"/>
		<b id="36" c="5 32" t="1"/>
		<b id="37" c="6 33" t="1"/>
		<b id="38" c="6 34" t="1"/>
		<b id="39" c="8 35" t="1"/>
		<b id="40" c="8 36" t="1"/>
		<b id="41" c="9 37" t="1"/>
		<b id="42" c="9 38" t="1"/>
		<b id="43" c="13 39" t="1"/>
		<b id="44" c="14 40" t="1"/>
		<b id="45" c="18 41" t="1"/>
		<b id="46" c="21 42" t="1"/>
		<b id="47" c="22 43" t="1"/>
		<b id="48" c="24 44" t="1"/>
		<b id="49" c="25 45" t="1"/>
		<b id="50" c="26 46" t="1"/>
		<b id="51" c="27 47" t="1"/>
		<b id="52" c="29 48" t="1"/>
	</bonds>
	<geometry>
		<g u="A" t="cart/3d">#48,3:1.4889,0.4560,-0.5995;2.6553,0.2860,-0.3379;3.2920,-0.8984,-0.0717;2.6707,-2.1994,-0.0637;2.8157,-2.8633,1.3073;2.2079,-4.2664,1.2494;2.8067,-5.0578,0.2521;2.6513,-4.4962,-1.0283;3.2915,-3.1099,-1.1255;4.6019,-0.7190,0.1758;4.8247,0.5574,0.0817;6.1541,1.1273,0.2013;6.5424,2.2878,-0.4747;7.8409,2.7381,-0.3154;8.7346,2.1223,0.4391;8.3656,1.0216,1.0540;9.7016,0.1820,2.1077;7.1008,0.4653,0.9832;3.6678,1.2396,-0.2296;3.4312,2.6289,-0.2454;3.9697,3.4332,0.7805;3.7323,4.7764,0.7841;2.9383,5.3773,-0.2163;2.6765,6.7624,-0.2340;1.8931,7.3113,-1.2109;1.3344,6.5005,-2.2116;1.5693,5.1541,-2.2222;2.3756,4.5579,-1.2303;2.6424,3.1744,-1.2238;1.6131,-2.0155,-0.2896;2.3133,-2.2731,2.0745;3.8771,-2.9341,1.5505;1.1242,-4.1880,1.0663;2.3713,-4.7970,2.1892;1.5807,-4.4227,-1.2786;3.1300,-5.1922,-1.7196;3.1354,-2.6980,-2.1232;4.3635,-3.1868,-0.9366;5.8570,2.8171,-1.1164;8.1914,3.6320,-0.8122;6.8454,-0.4421,1.5047;4.5606,2.9727,1.5587;4.1430,5.3975,1.5666;3.1057,7.3812,0.5407;1.6962,8.3730,-1.2188;0.7159,6.9513,-2.9736;1.1398,4.5246,-2.9876;2.2107,2.5456,-1.9867;</g>
	</geometry>
	<conformers/>
	<properties/>
</molecule>
