<?xml version="1.0" ?>
<!--MOLLI PACKAGE EXPERIMENTAL XML FORMAT-->
<molecule name="el322">
	<atoms>
		<a id="1" s="O" t="O.2" l="O"/>
		<a id="2" s="C" t="C.ar" l="C"/>
		<a id="3" s="N" t="N.ar" l="N"/>
		<a id="4" s="C" t="C.3" l="C"/>
		<a id="5" s="C" t="C.ar" l="C"/>
		<a id="6" s="C" t="C.ar" l="C"/>
		<a id="7" s="C" t="C.ar" l="C"/>
		<a id="8" s="N" t="N.ar" l="N"/>
		<a id="9" s="C" t="C.ar" l="C"/>
		<a id="10" s="C" t="C.ar" l="C"/>
		<a id="11" s="N" t="N.ar" l="N"/>
		<a id="12" s="C" t="C.ar" l="C"/>
		<a id="13" s="C" t="C.ar" l="C"/>
		<a id="14" s="C" t="C.ar" l="C"/>
		<a id="15" s="C" t="C.ar" l="C"/>
		<a id="16" s="N" t="N.ar" l="N"/>
		<a id="17" s="C" t="C.ar" l="C"/>
		<a id="18" s="Br" t="Br" l="BR"/>
		<a id="19" s="C" t="C.ar" l="C"/>
		<a id="20" s="N" t="N.ar" l="N"/>
		<a id="21" s="C" t="C.ar" l="C"/>
		<a id="22" s="C" t="C.ar" l="C"/>
		<a id="23" s="C" t="C.ar" l="C"/>
		<a id="24" s="C" t="C.ar" l="C"/>
		<a id="25" s="C" t="C.ar" l="C"/>
		<a id="26" s="C" t="C.ar" l="C"/>
		<a id="27" s="C" t="C.ar" l="C"/>
		<a id="28" s="C" t="C.ar" l="C"/>
		<a id="29" s="C" t="C.ar" l="C"/>
		<a id="30" s="C" t="C.ar" l="C"/>
		<a id="31" s="H" t="H" l="H"/>
		<a id="32" s="H" t="H" l="H"/>
		<a id="33" s="H" t="H" l="H"/>
		<a id="34" s="H" t="H" l="H"/>
		<a id="35" s="H" t="H" l="H"/>
		<a id="36" s="H" t="H" l="H"/>
		<a id="37" s="H" t="H" l="H"/>
		<a id="38" s="H" t="H" l="H"/>
		<a id="39" s="H" t="H" l="H"/>
		<a id="40" s="H" t="H" l="H"/>
		<a id="41" s="H" t="H" l="H"/>
		<a id="42" s="H" t="H" l="H"/>
		<a id="43" s="H" t="H" l="H"/>
		<a id="44" s="H" t="H" l="H"/>
		<a id="45" s="H" t="H" l="H"/>
		<a id="46" s="H" t="H" l="H"/>
	</atoms>
	<bonds>
		<b id="1" c="1 2" t="2"/>
		<b id="2" c="2 3" t="ar"/>
		<b id="3" c="3 4" t="1"/>
		<b id="4" c="4 5" t="1"/>
		<b id="5" c="5 6" t="ar"/>
		<b id="6" c="6 7" t="ar"/>
		<b id="7" c="7 8" t="ar"/>
		<b id="8" c="8 9" t="ar"/>
		<b id="9" c="9 10" t="ar"/>
		<b id="10" c="5 10" t="ar"/>
		<b id="11" c="3 11" t="ar"/>
		<b id="12" c="11 12" t="ar"/>
		<b id="13" c="12 13" t="1"/>
		<b id="14" c="13 14" t="ar"/>
		<b id="15" c="14 15" t="ar"/>
		<b id="16" c="15 16" t="ar"/>
		<b id="17" c="16 17" t="ar"/>
		<b id="18" c="17 18" t="1"/>
		<b id="19" c="17 19" t="ar"/>
		<b id="20" c="13 19" t="ar"/>
		<b id="21" c="12 20" t="ar"/>
		<b id="22" c="2 20" t="ar"/>
		<b id="23" c="20 21" t="1"/>
		<b id="24" c="21 22" t="ar"/>
		<b id="25" c="22 23" t="ar"/>
		<b id="26" c="23 24" t="ar"/>
		<b id="27" c="24 25" t="ar"/>
		<b id="28" c="25 26" t="ar"/>
		<b id="29" c="26 27" t="ar"/>
		<b id="30" c="27 28" t="ar"/>
		<b id="31" c="28 29" t="ar"/>
		<b id="32" c="24 29" t="ar"/>
		<b id="33" c="29 30" t="ar"/>
		<b id="34" c="21 30" t="ar"/>
		<b id="35" c="4 31" t="1"/>
		<b id="36" c="4 32" t="1"/>
		<b id="37" c="6 33" t="1"/>
		<b id="38" c="7 34" t="1"/>
		<b id="39" c="9 35" t="1"/>
		<b id="40" c="10 36" t="1"/>
		<b id="41" c="14 37" t="1"/>
		<b id="42" c="15 38" t="1"/>
		<b id="43" c="19 39" t="1"/>
		<b id="44" c="22 40" t="1"/>
		<b id="45" c="23 41" t="1"/>
		<b id="46" c="25 42" t="1"/>
		<b id="47" c="26 43" t="1"/>
		<b id="48" c="27 44" t="1"/>
		<b id="49" c="28 45" t="1"/>
		<b id="50" c="30 46" t="1"/>
	</bonds>
	<geometry>
		<g u="A" t="cart/3d">#46,3:1.2567,0.2561,0.2977;2.4492,0.1491,0.1434;3.1658,-1.0009,-0.0746;2.6316,-2.3393,-0.0466;2.6907,-2.8877,1.3574;1.7358,-2.5150,2.2964;1.8578,-3.0013,3.5888;2.8369,-3.8003,3.9767;3.7457,-4.1488,3.0838;3.7239,-3.7208,1.7646;4.4836,-0.7582,-0.1959;4.6313,0.5276,-0.0863;5.9312,1.1736,-0.1018;6.9762,0.6031,-0.8345;8.2089,1.2294,-0.8258;8.4442,2.3491,-0.1618;7.4613,2.8665,0.5373;7.8631,4.4682,1.4731;6.1859,2.3346,0.6264;3.4186,1.1501,0.1187;3.1308,2.5312,0.1139;2.2447,3.0439,1.0795;1.9565,4.3785,1.0895;2.5392,5.2579,0.1528;2.2709,6.6423,0.1541;2.8490,7.4657,-0.7709;3.7212,6.9442,-1.7398;4.0022,5.6075,-1.7690;3.4221,4.7318,-0.8273;3.6923,3.3504,-0.8331;3.2238,-2.9501,-0.7309;1.5952,-2.2752,-0.3893;0.9256,-1.8572,2.0216;1.1379,-2.7399,4.3530;4.5306,-4.8001,3.4450;4.4931,-4.0254,1.0717;6.8064,-0.3040,-1.3895;9.0511,0.8331,-1.3757;5.4361,2.8042,1.2420;1.7992,2.3685,1.7921;1.2773,4.7802,1.8266;1.5990,7.0389,0.9015;2.6392,8.5249,-0.7642;4.1690,7.6101,-2.4621;4.6741,5.2008,-2.5113;4.3508,2.9453,-1.5890;</g>
	</geometry>
	<conformers/>
	<properties/>
</molecule>
