<?xml version="1.0" ?>
<!--MOLLI PACKAGE EXPERIMENTAL XML FORMAT-->
<molecule name="el329">
	<atoms>
		<a id="1" s="C" t="C.3" l="C"/>
		<a id="2" s="O" t="O.3" l="O"/>
		<a id="3" s="C" t="C.ar" l="C"/>
		<a id="4" s="C" t="C.ar" l="C"/>
		<a id="5" s="C" t="C.ar" l="C"/>
		<a id="6" s="N" t="N.pl3" l="N"/>
		<a id="7" s="C" t="C.3" l="C"/>
		<a id="8" s="C" t="C.3" l="C"/>
		<a id="9" s="O" t="O.3" l="O"/>
		<a id="10" s="C" t="C.3" l="C"/>
		<a id="11" s="C" t="C.3" l="C"/>
		<a id="12" s="C" t="C.ar" l="C"/>
		<a id="13" s="C" t="C.ar" l="C"/>
		<a id="14" s="C" t="C.ar" l="C"/>
		<a id="15" s="N" t="N.pl3" l="N"/>
		<a id="16" s="C" t="C.ar" l="C"/>
		<a id="17" s="N" t="N.ar" l="N"/>
		<a id="18" s="C" t="C.ar" l="C"/>
		<a id="19" s="C" t="C.ar" l="C"/>
		<a id="20" s="C" t="C.ar" l="C"/>
		<a id="21" s="C" t="C.ar" l="C"/>
		<a id="22" s="C" t="C.ar" l="C"/>
		<a id="23" s="Br" t="Br" l="BR"/>
		<a id="24" s="C" t="C.ar" l="C"/>
		<a id="25" s="C" t="C.ar" l="C"/>
		<a id="26" s="N" t="N.ar" l="N"/>
		<a id="27" s="H" t="H" l="H"/>
		<a id="28" s="H" t="H" l="H"/>
		<a id="29" s="H" t="H" l="H"/>
		<a id="30" s="H" t="H" l="H"/>
		<a id="31" s="H" t="H" l="H"/>
		<a id="32" s="H" t="H" l="H"/>
		<a id="33" s="H" t="H" l="H"/>
		<a id="34" s="H" t="H" l="H"/>
		<a id="35" s="H" t="H" l="H"/>
		<a id="36" s="H" t="H" l="H"/>
		<a id="37" s="H" t="H" l="H"/>
		<a id="38" s="H" t="H" l="H"/>
		<a id="39" s="H" t="H" l="H"/>
		<a id="40" s="H" t="H" l="H"/>
		<a id="41" s="H" t="H" l="H"/>
		<a id="42" s="H" t="H" l="H"/>
		<a id="43" s="H" t="H" l="H"/>
		<a id="44" s="H" t="H" l="H"/>
		<a id="45" s="H" t="H" l="H"/>
	</atoms>
	<bonds>
		<b id="1" c="1 2" t="1"/>
		<b id="2" c="2 3" t="1"/>
		<b id="3" c="3 4" t="ar"/>
		<b id="4" c="4 5" t="ar"/>
		<b id="5" c="5 6" t="1"/>
		<b id="6" c="6 7" t="1"/>
		<b id="7" c="7 8" t="1"/>
		<b id="8" c="8 9" t="1"/>
		<b id="9" c="9 10" t="1"/>
		<b id="10" c="10 11" t="1"/>
		<b id="11" c="6 11" t="1"/>
		<b id="12" c="5 12" t="ar"/>
		<b id="13" c="12 13" t="ar"/>
		<b id="14" c="13 14" t="ar"/>
		<b id="15" c="3 14" t="ar"/>
		<b id="16" c="14 15" t="1"/>
		<b id="17" c="15 16" t="1"/>
		<b id="18" c="16 17" t="ar"/>
		<b id="19" c="17 18" t="ar"/>
		<b id="20" c="18 19" t="ar"/>
		<b id="21" c="19 20" t="ar"/>
		<b id="22" c="20 21" t="ar"/>
		<b id="23" c="21 22" t="ar"/>
		<b id="24" c="22 23" t="1"/>
		<b id="25" c="22 24" t="ar"/>
		<b id="26" c="24 25" t="ar"/>
		<b id="27" c="19 25" t="ar"/>
		<b id="28" c="25 26" t="ar"/>
		<b id="29" c="16 26" t="ar"/>
		<b id="30" c="1 27" t="1"/>
		<b id="31" c="1 28" t="1"/>
		<b id="32" c="1 29" t="1"/>
		<b id="33" c="4 30" t="1"/>
		<b id="34" c="7 31" t="1"/>
		<b id="35" c="7 32" t="1"/>
		<b id="36" c="8 33" t="1"/>
		<b id="37" c="8 34" t="1"/>
		<b id="38" c="10 35" t="1"/>
		<b id="39" c="10 36" t="1"/>
		<b id="40" c="11 37" t="1"/>
		<b id="41" c="11 38" t="1"/>
		<b id="42" c="12 39" t="1"/>
		<b id="43" c="13 40" t="1"/>
		<b id="44" c="15 41" t="1"/>
		<b id="45" c="18 42" t="1"/>
		<b id="46" c="20 43" t="1"/>
		<b id="47" c="21 44" t="1"/>
		<b id="48" c="24 45" t="1"/>
	</bonds>
	<geometry>
		<g u="A" t="cart/3d">#45,3:1.3022,0.4786,-0.7989;1.9975,-0.4505,-0.0069;2.7000,-1.4566,-0.6248;2.7273,-1.6596,-1.9920;3.4647,-2.7081,-2.5579;3.5523,-2.9004,-3.9321;2.9034,-1.9928,-4.8565;1.4506,-2.4157,-5.1131;1.4027,-3.7329,-5.6176;2.0286,-4.6390,-4.7359;3.4898,-4.2479,-4.4694;4.1897,-3.5287,-1.6904;4.1526,-3.3423,-0.3239;3.4042,-2.3181,0.2374;3.2987,-2.0688,1.6022;3.7351,-2.7608,2.6710;4.4798,-3.8809,2.4868;4.8691,-4.5218,3.5480;4.5528,-4.1077,4.8604;4.9436,-4.7789,6.0307;4.5791,-4.2944,7.2565;3.8131,-3.1187,7.3293;3.3230,-2.4778,9.0563;3.4120,-2.4299,6.2210;3.7758,-2.9167,4.9455;3.3813,-2.2612,3.8482;0.8579,1.1850,-0.0990;0.5065,0.0006,-1.3795;1.9755,1.0157,-1.4747;2.1567,-1.0006,-2.6235;3.4517,-2.0518,-5.8035;2.9628,-0.9679,-4.4944;0.9824,-1.7838,-5.8698;0.8721,-2.3567,-4.1779;1.9672,-5.6175,-5.2148;1.4851,-4.6670,-3.7775;4.0467,-4.2641,-5.4121;3.9353,-4.9634,-3.7830;4.8113,-4.3174,-2.0818;4.7101,-3.9920,0.3282;2.7403,-1.2568,1.8353;5.4624,-5.4137,3.3788;5.5321,-5.6813,5.9486;4.8683,-4.7987,8.1653;2.8237,-1.5289,6.2840;</g>
	</geometry>
	<conformers/>
	<properties/>
</molecule>
