<?xml version="1.0" ?>
<!--MOLLI PACKAGE EXPERIMENTAL XML FORMAT-->
<molecule name="el330">
	<atoms>
		<a id="1" s="F" t="F" l="F"/>
		<a id="2" s="C" t="C.3" l="C"/>
		<a id="3" s="F" t="F" l="F"/>
		<a id="4" s="F" t="F" l="F"/>
		<a id="5" s="O" t="O.3" l="O"/>
		<a id="6" s="C" t="C.ar" l="C"/>
		<a id="7" s="C" t="C.ar" l="C"/>
		<a id="8" s="C" t="C.ar" l="C"/>
		<a id="9" s="C" t="C.ar" l="C"/>
		<a id="10" s="Br" t="Br" l="BR"/>
		<a id="11" s="C" t="C.ar" l="C"/>
		<a id="12" s="C" t="C.ar" l="C"/>
		<a id="13" s="H" t="H" l="H"/>
		<a id="14" s="H" t="H" l="H"/>
		<a id="15" s="H" t="H" l="H"/>
		<a id="16" s="H" t="H" l="H"/>
	</atoms>
	<bonds>
		<b id="1" c="1 2" t="1"/>
		<b id="2" c="2 3" t="1"/>
		<b id="3" c="2 4" t="1"/>
		<b id="4" c="2 5" t="1"/>
		<b id="5" c="5 6" t="1"/>
		<b id="6" c="6 7" t="ar"/>
		<b id="7" c="7 8" t="ar"/>
		<b id="8" c="8 9" t="ar"/>
		<b id="9" c="9 10" t="1"/>
		<b id="10" c="9 11" t="ar"/>
		<b id="11" c="11 12" t="ar"/>
		<b id="12" c="6 12" t="ar"/>
		<b id="13" c="7 13" t="1"/>
		<b id="14" c="8 14" t="1"/>
		<b id="15" c="11 15" t="1"/>
		<b id="16" c="12 16" t="1"/>
	</bonds>
	<geometry>
		<g u="A" t="cart/3d">#16,3:3.0331,-0.9914,0.5584;2.4481,-0.1536,-0.3148;2.4024,-0.8246,-1.4802;1.1932,0.0057,0.0849;3.0219,1.0306,-0.3956;4.3665,1.1506,-0.7758;5.1775,0.0842,-1.1254;6.4939,0.3274,-1.4850;6.9772,1.6231,-1.4910;8.7812,1.9457,-1.9848;6.1645,2.6916,-1.1425;4.8537,2.4519,-0.7836;4.8177,-0.9320,-1.1272;7.1353,-0.4954,-1.7588;6.5531,3.6978,-1.1517;4.1943,3.2577,-0.5069;</g>
	</geometry>
	<conformers/>
	<properties/>
</molecule>
