<?xml version="1.0" ?>
<!--MOLLI PACKAGE EXPERIMENTAL XML FORMAT-->
<molecule name="el332">
	<atoms>
		<a id="1" s="C" t="C.3" l="C"/>
		<a id="2" s="O" t="O.3" l="O"/>
		<a id="3" s="C" t="C.ar" l="C"/>
		<a id="4" s="C" t="C.ar" l="C"/>
		<a id="5" s="C" t="C.ar" l="C"/>
		<a id="6" s="C" t="C.ar" l="C"/>
		<a id="7" s="C" t="C.ar" l="C"/>
		<a id="8" s="C" t="C.ar" l="C"/>
		<a id="9" s="C" t="C.3" l="C"/>
		<a id="10" s="C" t="C.3" l="C"/>
		<a id="11" s="C" t="C.3" l="C"/>
		<a id="12" s="N" t="N.pl3" l="N"/>
		<a id="13" s="C" t="C.ar" l="C"/>
		<a id="14" s="N" t="N.ar" l="N"/>
		<a id="15" s="C" t="C.ar" l="C"/>
		<a id="16" s="C" t="C.3" l="C"/>
		<a id="17" s="C" t="C.3" l="C"/>
		<a id="18" s="C" t="C.3" l="C"/>
		<a id="19" s="N" t="N.ar" l="N"/>
		<a id="20" s="C" t="C.ar" l="C"/>
		<a id="21" s="C" t="C.ar" l="C"/>
		<a id="22" s="C" t="C.ar" l="C"/>
		<a id="23" s="C" t="C.ar" l="C"/>
		<a id="24" s="Br" t="Br" l="BR"/>
		<a id="25" s="C" t="C.ar" l="C"/>
		<a id="26" s="F" t="F" l="F"/>
		<a id="27" s="C" t="C.ar" l="C"/>
		<a id="28" s="C" t="C.3" l="C"/>
		<a id="29" s="C" t="C.3" l="C"/>
		<a id="30" s="H" t="H" l="H"/>
		<a id="31" s="H" t="H" l="H"/>
		<a id="32" s="H" t="H" l="H"/>
		<a id="33" s="H" t="H" l="H"/>
		<a id="34" s="H" t="H" l="H"/>
		<a id="35" s="H" t="H" l="H"/>
		<a id="36" s="H" t="H" l="H"/>
		<a id="37" s="H" t="H" l="H"/>
		<a id="38" s="H" t="H" l="H"/>
		<a id="39" s="H" t="H" l="H"/>
		<a id="40" s="H" t="H" l="H"/>
		<a id="41" s="H" t="H" l="H"/>
		<a id="42" s="H" t="H" l="H"/>
		<a id="43" s="H" t="H" l="H"/>
		<a id="44" s="H" t="H" l="H"/>
		<a id="45" s="H" t="H" l="H"/>
		<a id="46" s="H" t="H" l="H"/>
		<a id="47" s="H" t="H" l="H"/>
		<a id="48" s="H" t="H" l="H"/>
		<a id="49" s="H" t="H" l="H"/>
		<a id="50" s="H" t="H" l="H"/>
		<a id="51" s="H" t="H" l="H"/>
		<a id="52" s="H" t="H" l="H"/>
	</atoms>
	<bonds>
		<b id="1" c="1 2" t="1"/>
		<b id="2" c="2 3" t="1"/>
		<b id="3" c="3 4" t="ar"/>
		<b id="4" c="4 5" t="ar"/>
		<b id="5" c="5 6" t="ar"/>
		<b id="6" c="6 7" t="ar"/>
		<b id="7" c="7 8" t="ar"/>
		<b id="8" c="3 8" t="ar"/>
		<b id="9" c="8 9" t="1"/>
		<b id="10" c="9 10" t="1"/>
		<b id="11" c="10 11" t="1"/>
		<b id="12" c="11 12" t="1"/>
		<b id="13" c="12 13" t="1"/>
		<b id="14" c="13 14" t="ar"/>
		<b id="15" c="14 15" t="ar"/>
		<b id="16" c="15 16" t="1"/>
		<b id="17" c="16 17" t="1"/>
		<b id="18" c="17 18" t="1"/>
		<b id="19" c="16 18" t="1"/>
		<b id="20" c="15 19" t="ar"/>
		<b id="21" c="19 20" t="ar"/>
		<b id="22" c="20 21" t="ar"/>
		<b id="23" c="21 22" t="ar"/>
		<b id="24" c="22 23" t="ar"/>
		<b id="25" c="23 24" t="1"/>
		<b id="26" c="23 25" t="ar"/>
		<b id="27" c="25 26" t="1"/>
		<b id="28" c="25 27" t="ar"/>
		<b id="29" c="13 27" t="ar"/>
		<b id="30" c="20 27" t="ar"/>
		<b id="31" c="12 28" t="1"/>
		<b id="32" c="28 29" t="1"/>
		<b id="33" c="9 29" t="1"/>
		<b id="34" c="1 30" t="1"/>
		<b id="35" c="1 31" t="1"/>
		<b id="36" c="1 32" t="1"/>
		<b id="37" c="4 33" t="1"/>
		<b id="38" c="5 34" t="1"/>
		<b id="39" c="6 35" t="1"/>
		<b id="40" c="7 36" t="1"/>
		<b id="41" c="9 37" t="1"/>
		<b id="42" c="10 38" t="1"/>
		<b id="43" c="10 39" t="1"/>
		<b id="44" c="11 40" t="1"/>
		<b id="45" c="11 41" t="1"/>
		<b id="46" c="16 42" t="1"/>
		<b id="47" c="17 43" t="1"/>
		<b id="48" c="17 44" t="1"/>
		<b id="49" c="18 45" t="1"/>
		<b id="50" c="18 46" t="1"/>
		<b id="51" c="21 47" t="1"/>
		<b id="52" c="22 48" t="1"/>
		<b id="53" c="28 49" t="1"/>
		<b id="54" c="28 50" t="1"/>
		<b id="55" c="29 51" t="1"/>
		<b id="56" c="29 52" t="1"/>
	</bonds>
	<geometry>
		<g u="A" t="cart/3d">#52,3:0.1865,2.4614,0.3035;1.4591,2.2432,-0.2514;2.5092,1.9279,0.5661;2.3496,1.7919,1.9439;3.4222,1.5172,2.7696;4.6853,1.3951,2.2254;4.8429,1.5214,0.8589;3.7792,1.7547,-0.0089;4.1511,1.8541,-1.4817;3.0622,2.2154,-2.4992;2.1070,1.0656,-2.8215;2.8549,-0.1033,-3.2318;2.3853,-0.8774,-4.2242;1.1603,-0.6165,-4.6629;0.5429,-1.4975,-5.4496;-0.8085,-1.1289,-5.8917;-1.8501,-2.2115,-6.0269;-1.2803,-1.5863,-7.2492;1.0197,-2.6751,-5.7932;2.3190,-2.9002,-5.5434;2.9131,-4.0706,-6.0578;4.2632,-4.2641,-5.9750;5.0730,-3.2715,-5.4149;6.9659,-3.4734,-5.4267;4.5119,-2.1375,-4.8722;5.3356,-1.1581,-4.4449;3.1238,-1.9592,-4.8322;3.7795,-0.5261,-2.2061;4.8243,0.5584,-1.9716;-0.4551,2.7133,-0.5403;0.1908,3.2944,1.0137;-0.2046,1.5644,0.7949;1.3734,1.9074,2.3867;3.2660,1.4161,3.8329;5.5411,1.2088,2.8556;5.8388,1.4482,0.4468;4.9055,2.6511,-1.5312;3.5685,2.5021,-3.4246;2.4822,3.0683,-2.1538;1.4414,1.3469,-3.6372;1.4980,0.8219,-1.9470;-1.1204,-0.1557,-5.5386;-2.8619,-1.9722,-5.7374;-1.5339,-3.2134,-5.7844;-1.8896,-0.9052,-7.8236;-0.5831,-2.1688,-7.8306;2.2738,-4.7834,-6.5522;4.7247,-5.1533,-6.3754;4.2448,-1.4755,-2.4641;3.2116,-0.6765,-1.2755;5.3431,0.7589,-2.9094;5.5556,0.1936,-1.2524;</g>
	</geometry>
	<conformers/>
	<properties/>
</molecule>
