<?xml version="1.0" ?>
<!--MOLLI PACKAGE EXPERIMENTAL XML FORMAT-->
<molecule name="el336">
	<atoms>
		<a id="1" s="Br" t="Br" l="BR"/>
		<a id="2" s="C" t="C.ar" l="C"/>
		<a id="3" s="C" t="C.ar" l="C"/>
		<a id="4" s="C" t="C.ar" l="C"/>
		<a id="5" s="C" t="C.ar" l="C"/>
		<a id="6" s="S" t="S.2" l="S"/>
		<a id="7" s="C" t="C.ar" l="C"/>
		<a id="8" s="C" t="C.ar" l="C"/>
		<a id="9" s="C" t="C.ar" l="C"/>
		<a id="10" s="C" t="C.ar" l="C"/>
		<a id="11" s="C" t="C.ar" l="C"/>
		<a id="12" s="C" t="C.ar" l="C"/>
		<a id="13" s="C" t="C.ar" l="C"/>
		<a id="14" s="C" t="C.ar" l="C"/>
		<a id="15" s="H" t="H" l="H"/>
		<a id="16" s="H" t="H" l="H"/>
		<a id="17" s="H" t="H" l="H"/>
		<a id="18" s="H" t="H" l="H"/>
		<a id="19" s="H" t="H" l="H"/>
		<a id="20" s="H" t="H" l="H"/>
		<a id="21" s="H" t="H" l="H"/>
	</atoms>
	<bonds>
		<b id="1" c="1 2" t="1"/>
		<b id="2" c="2 3" t="ar"/>
		<b id="3" c="3 4" t="ar"/>
		<b id="4" c="4 5" t="ar"/>
		<b id="5" c="5 6" t="ar"/>
		<b id="6" c="6 7" t="ar"/>
		<b id="7" c="7 8" t="ar"/>
		<b id="8" c="8 9" t="ar"/>
		<b id="9" c="9 10" t="ar"/>
		<b id="10" c="10 11" t="ar"/>
		<b id="11" c="11 12" t="ar"/>
		<b id="12" c="7 12" t="ar"/>
		<b id="13" c="12 13" t="ar"/>
		<b id="14" c="5 13" t="ar"/>
		<b id="15" c="13 14" t="ar"/>
		<b id="16" c="2 14" t="ar"/>
		<b id="17" c="3 15" t="1"/>
		<b id="18" c="4 16" t="1"/>
		<b id="19" c="8 17" t="1"/>
		<b id="20" c="9 18" t="1"/>
		<b id="21" c="10 19" t="1"/>
		<b id="22" c="11 20" t="1"/>
		<b id="23" c="14 21" t="1"/>
	</bonds>
	<geometry>
		<g u="A" t="cart/3d">#21,3:1.0661,-0.3379,-0.0747;2.9650,-0.1570,-0.0777;3.5162,1.1209,-0.0785;4.8880,1.2734,-0.0807;5.6865,0.1400,-0.0821;7.4328,0.1189,-0.0850;7.4364,-1.6321,-0.0853;8.5621,-2.4395,-0.0875;8.3877,-3.8098,-0.0875;7.1115,-4.3655,-0.0854;5.9912,-3.5607,-0.0832;6.1412,-2.1764,-0.0832;5.1297,-1.1521,-0.0813;3.7457,-1.2941,-0.0790;2.8705,1.9849,-0.0774;5.3328,2.2559,-0.0813;9.5475,-2.0004,-0.0891;9.2520,-4.4565,-0.0892;6.9994,-5.4392,-0.0854;5.0030,-3.9945,-0.0815;3.2944,-2.2738,-0.0784;</g>
	</geometry>
	<conformers/>
	<properties/>
</molecule>
