<?xml version="1.0" ?>
<!--MOLLI PACKAGE EXPERIMENTAL XML FORMAT-->
<molecule name="el337">
	<atoms>
		<a id="1" s="C" t="C.3" l="C"/>
		<a id="2" s="C" t="C.3" l="C"/>
		<a id="3" s="C" t="C.3" l="C"/>
		<a id="4" s="C" t="C.3" l="C"/>
		<a id="5" s="O" t="O.3" l="O"/>
		<a id="6" s="C" t="C.2" l="C"/>
		<a id="7" s="O" t="O.2" l="O"/>
		<a id="8" s="N" t="N.am" l="N"/>
		<a id="9" s="C" t="C.2" l="C"/>
		<a id="10" s="O" t="O.2" l="O"/>
		<a id="11" s="O" t="O.3" l="O"/>
		<a id="12" s="C" t="C.3" l="C"/>
		<a id="13" s="C" t="C.3" l="C"/>
		<a id="14" s="C" t="C.3" l="C"/>
		<a id="15" s="C" t="C.3" l="C"/>
		<a id="16" s="C" t="C.ar" l="C"/>
		<a id="17" s="C" t="C.ar" l="C"/>
		<a id="18" s="C" t="C.ar" l="C"/>
		<a id="19" s="C" t="C.ar" l="C"/>
		<a id="20" s="Br" t="Br" l="BR"/>
		<a id="21" s="C" t="C.ar" l="C"/>
		<a id="22" s="C" t="C.ar" l="C"/>
		<a id="23" s="O" t="O.3" l="O"/>
		<a id="24" s="C" t="C.3" l="C"/>
		<a id="25" s="F" t="F" l="F"/>
		<a id="26" s="F" t="F" l="F"/>
		<a id="27" s="F" t="F" l="F"/>
		<a id="28" s="H" t="H" l="H"/>
		<a id="29" s="H" t="H" l="H"/>
		<a id="30" s="H" t="H" l="H"/>
		<a id="31" s="H" t="H" l="H"/>
		<a id="32" s="H" t="H" l="H"/>
		<a id="33" s="H" t="H" l="H"/>
		<a id="34" s="H" t="H" l="H"/>
		<a id="35" s="H" t="H" l="H"/>
		<a id="36" s="H" t="H" l="H"/>
		<a id="37" s="H" t="H" l="H"/>
		<a id="38" s="H" t="H" l="H"/>
		<a id="39" s="H" t="H" l="H"/>
		<a id="40" s="H" t="H" l="H"/>
		<a id="41" s="H" t="H" l="H"/>
		<a id="42" s="H" t="H" l="H"/>
		<a id="43" s="H" t="H" l="H"/>
		<a id="44" s="H" t="H" l="H"/>
		<a id="45" s="H" t="H" l="H"/>
		<a id="46" s="H" t="H" l="H"/>
		<a id="47" s="H" t="H" l="H"/>
		<a id="48" s="H" t="H" l="H"/>
	</atoms>
	<bonds>
		<b id="1" c="1 2" t="1"/>
		<b id="2" c="2 3" t="1"/>
		<b id="3" c="2 4" t="1"/>
		<b id="4" c="2 5" t="1"/>
		<b id="5" c="5 6" t="1"/>
		<b id="6" c="6 7" t="2"/>
		<b id="7" c="6 8" t="am"/>
		<b id="8" c="8 9" t="am"/>
		<b id="9" c="9 10" t="2"/>
		<b id="10" c="9 11" t="1"/>
		<b id="11" c="11 12" t="1"/>
		<b id="12" c="12 13" t="1"/>
		<b id="13" c="12 14" t="1"/>
		<b id="14" c="12 15" t="1"/>
		<b id="15" c="8 16" t="1"/>
		<b id="16" c="16 17" t="ar"/>
		<b id="17" c="17 18" t="ar"/>
		<b id="18" c="18 19" t="ar"/>
		<b id="19" c="19 20" t="1"/>
		<b id="20" c="19 21" t="ar"/>
		<b id="21" c="21 22" t="ar"/>
		<b id="22" c="16 22" t="ar"/>
		<b id="23" c="22 23" t="1"/>
		<b id="24" c="23 24" t="1"/>
		<b id="25" c="24 25" t="1"/>
		<b id="26" c="24 26" t="1"/>
		<b id="27" c="24 27" t="1"/>
		<b id="28" c="1 28" t="1"/>
		<b id="29" c="1 29" t="1"/>
		<b id="30" c="1 30" t="1"/>
		<b id="31" c="3 31" t="1"/>
		<b id="32" c="3 32" t="1"/>
		<b id="33" c="3 33" t="1"/>
		<b id="34" c="4 34" t="1"/>
		<b id="35" c="4 35" t="1"/>
		<b id="36" c="4 36" t="1"/>
		<b id="37" c="13 37" t="1"/>
		<b id="38" c="13 38" t="1"/>
		<b id="39" c="13 39" t="1"/>
		<b id="40" c="14 40" t="1"/>
		<b id="41" c="14 41" t="1"/>
		<b id="42" c="14 42" t="1"/>
		<b id="43" c="15 43" t="1"/>
		<b id="44" c="15 44" t="1"/>
		<b id="45" c="15 45" t="1"/>
		<b id="46" c="17 46" t="1"/>
		<b id="47" c="18 47" t="1"/>
		<b id="48" c="21 48" t="1"/>
	</bonds>
	<geometry>
		<g u="A" t="cart/3d">#48,3:2.7144,-0.5529,-1.3277;2.5178,0.0787,0.0484;3.1358,1.4738,0.1157;1.0340,0.1249,0.4092;3.0978,-0.7735,1.0773;4.3715,-1.0967,1.0244;5.2024,-0.6872,0.2582;4.7187,-1.9981,2.0414;3.8594,-2.6594,2.9521;4.2829,-3.0243,4.0148;2.6500,-2.8058,2.4679;1.6167,-3.4638,3.2581;1.3900,-2.7060,4.5639;0.3765,-3.3896,2.3697;2.0113,-4.9163,3.5164;6.0823,-2.3674,2.1313;7.0936,-1.4270,2.2767;8.4155,-1.8242,2.3428;8.7271,-3.1720,2.2745;10.5321,-3.7211,2.3782;7.7402,-4.1330,2.1274;6.4244,-3.7181,2.0500;5.4042,-4.6846,1.9154;5.0766,-5.0118,0.6810;4.6174,-3.9910,-0.0627;6.0903,-5.5371,-0.0277;4.1102,-5.9232,0.7114;2.1548,0.0099,-2.0694;2.3580,-1.5806,-1.3187;3.7652,-0.5522,-1.6026;2.6427,2.1242,-0.6011;4.1951,1.4295,-0.1214;3.0129,1.8914,1.1128;0.5048,0.7751,-0.2809;0.9073,0.5023,1.4204;0.6101,-0.8736,0.3530;1.1997,-1.6550,4.3567;2.2608,-2.7859,5.2085;0.5304,-3.1242,5.0801;0.0912,-2.3529,2.2146;-0.4472,-3.9185,2.8396;0.5849,-3.8433,1.4045;2.9184,-4.9632,4.1127;2.1839,-5.4334,2.5751;1.2120,-5.4200,4.0526;6.8375,-0.3817,2.3279;9.2003,-1.0922,2.4533;7.9820,-5.1827,2.0651;</g>
	</geometry>
	<conformers/>
	<properties/>
</molecule>
