<?xml version="1.0" ?>
<!--MOLLI PACKAGE EXPERIMENTAL XML FORMAT-->
<molecule name="el340">
	<atoms>
		<a id="1" s="C" t="C.3" l="C"/>
		<a id="2" s="C" t="C.3" l="C"/>
		<a id="3" s="C" t="C.3" l="C"/>
		<a id="4" s="C" t="C.3" l="C"/>
		<a id="5" s="O" t="O.3" l="O"/>
		<a id="6" s="C" t="C.2" l="C"/>
		<a id="7" s="O" t="O.2" l="O"/>
		<a id="8" s="N" t="N.am" l="N"/>
		<a id="9" s="C" t="C.3" l="C"/>
		<a id="10" s="C" t="C.3" l="C"/>
		<a id="11" s="C" t="C.3" l="C"/>
		<a id="12" s="C" t="C.3" l="C"/>
		<a id="13" s="C" t="C.3" l="C"/>
		<a id="14" s="C" t="C.3" l="C"/>
		<a id="15" s="N" t="N.pl3" l="N"/>
		<a id="16" s="C" t="C.ar" l="C"/>
		<a id="17" s="C" t="C.ar" l="C"/>
		<a id="18" s="C" t="C.ar" l="C"/>
		<a id="19" s="Br" t="Br" l="BR"/>
		<a id="20" s="C" t="C.ar" l="C"/>
		<a id="21" s="N" t="N.ar" l="N"/>
		<a id="22" s="C" t="C.ar" l="C"/>
		<a id="23" s="C" t="C.1" l="C"/>
		<a id="24" s="N" t="N.1" l="N"/>
		<a id="25" s="H" t="H" l="H"/>
		<a id="26" s="H" t="H" l="H"/>
		<a id="27" s="H" t="H" l="H"/>
		<a id="28" s="H" t="H" l="H"/>
		<a id="29" s="H" t="H" l="H"/>
		<a id="30" s="H" t="H" l="H"/>
		<a id="31" s="H" t="H" l="H"/>
		<a id="32" s="H" t="H" l="H"/>
		<a id="33" s="H" t="H" l="H"/>
		<a id="34" s="H" t="H" l="H"/>
		<a id="35" s="H" t="H" l="H"/>
		<a id="36" s="H" t="H" l="H"/>
		<a id="37" s="H" t="H" l="H"/>
		<a id="38" s="H" t="H" l="H"/>
		<a id="39" s="H" t="H" l="H"/>
		<a id="40" s="H" t="H" l="H"/>
		<a id="41" s="H" t="H" l="H"/>
		<a id="42" s="H" t="H" l="H"/>
		<a id="43" s="H" t="H" l="H"/>
		<a id="44" s="H" t="H" l="H"/>
		<a id="45" s="H" t="H" l="H"/>
		<a id="46" s="H" t="H" l="H"/>
		<a id="47" s="H" t="H" l="H"/>
	</atoms>
	<bonds>
		<b id="1" c="1 2" t="1"/>
		<b id="2" c="2 3" t="1"/>
		<b id="3" c="2 4" t="1"/>
		<b id="4" c="2 5" t="1"/>
		<b id="5" c="5 6" t="1"/>
		<b id="6" c="6 7" t="2"/>
		<b id="7" c="6 8" t="am"/>
		<b id="8" c="8 9" t="1"/>
		<b id="9" c="9 10" t="1"/>
		<b id="10" c="10 11" t="1"/>
		<b id="11" c="11 12" t="1"/>
		<b id="12" c="12 13" t="1"/>
		<b id="13" c="8 13" t="1"/>
		<b id="14" c="13 14" t="1"/>
		<b id="15" c="14 15" t="1"/>
		<b id="16" c="15 16" t="1"/>
		<b id="17" c="16 17" t="ar"/>
		<b id="18" c="17 18" t="ar"/>
		<b id="19" c="18 19" t="1"/>
		<b id="20" c="18 20" t="ar"/>
		<b id="21" c="20 21" t="ar"/>
		<b id="22" c="21 22" t="ar"/>
		<b id="23" c="16 22" t="ar"/>
		<b id="24" c="22 23" t="1"/>
		<b id="25" c="23 24" t="3"/>
		<b id="26" c="1 25" t="1"/>
		<b id="27" c="1 26" t="1"/>
		<b id="28" c="1 27" t="1"/>
		<b id="29" c="3 28" t="1"/>
		<b id="30" c="3 29" t="1"/>
		<b id="31" c="3 30" t="1"/>
		<b id="32" c="4 31" t="1"/>
		<b id="33" c="4 32" t="1"/>
		<b id="34" c="4 33" t="1"/>
		<b id="35" c="9 34" t="1"/>
		<b id="36" c="9 35" t="1"/>
		<b id="37" c="10 36" t="1"/>
		<b id="38" c="10 37" t="1"/>
		<b id="39" c="11 38" t="1"/>
		<b id="40" c="11 39" t="1"/>
		<b id="41" c="12 40" t="1"/>
		<b id="42" c="12 41" t="1"/>
		<b id="43" c="13 42" t="1"/>
		<b id="44" c="14 43" t="1"/>
		<b id="45" c="14 44" t="1"/>
		<b id="46" c="15 45" t="1"/>
		<b id="47" c="17 46" t="1"/>
		<b id="48" c="20 47" t="1"/>
	</bonds>
	<geometry>
		<g u="A" t="cart/3d">#47,3:3.4535,1.4778,0.3329;2.6553,0.6539,-0.6758;2.1235,-0.6298,-0.0396;1.5057,1.4811,-1.2540;3.4711,0.3402,-1.8330;4.6007,-0.3758,-1.6943;5.0204,-0.8410,-0.6604;5.2463,-0.5187,-2.8851;6.3895,-1.4087,-2.9507;7.5171,-0.7785,-3.7581;7.0056,-0.4228,-5.1495;5.8267,0.5370,-5.0220;4.7073,-0.0189,-4.1319;3.8742,-1.1061,-4.8342;3.1103,-0.5230,-5.9094;2.3046,-1.2121,-6.7448;2.1862,-2.6100,-6.7193;1.3557,-3.2235,-7.6347;1.1707,-5.1156,-7.6168;0.6475,-2.4659,-8.5667;0.7467,-1.1587,-8.5985;1.5353,-0.5371,-7.7333;1.6148,0.8738,-7.7990;1.7328,2.0154,-7.7845;2.8053,1.7817,1.1497;3.8584,2.3667,-0.1466;4.2739,0.8882,0.7323;1.4504,-0.3814,0.7759;2.9464,-1.2233,0.3486;1.5808,-1.2176,-0.7775;0.8211,1.7675,-0.4617;0.9639,0.9020,-1.9975;1.8920,2.3790,-1.7296;6.0937,-2.3619,-3.4077;6.6995,-1.6022,-1.9226;8.3509,-1.4781,-3.8199;7.8633,0.1248,-3.2537;6.7028,-1.3315,-5.6736;7.7955,0.0487,-5.7358;5.4171,0.7682,-6.0067;6.1830,1.4688,-4.5790;4.0257,0.8002,-3.8785;3.2097,-1.5665,-4.0895;4.5305,-1.8831,-5.2392;3.0291,0.4829,-5.9228;2.7273,-3.1964,-5.9942;-0.0088,-2.9224,-9.2920;</g>
	</geometry>
	<conformers/>
	<properties/>
</molecule>
