<?xml version="1.0" ?>
<!--MOLLI PACKAGE EXPERIMENTAL XML FORMAT-->
<molecule name="el35">
	<atoms>
		<a id="1" s="N" t="N.3" l="N"/>
		<a id="2" s="C" t="C.3" l="CA"/>
		<a id="3" s="C" t="C.3" l="C"/>
		<a id="4" s="C" t="C.ar" l="C"/>
		<a id="5" s="C" t="C.ar" l="C"/>
		<a id="6" s="N" t="N.ar" l="N"/>
		<a id="7" s="C" t="C.ar" l="C"/>
		<a id="8" s="C" t="C.ar" l="C"/>
		<a id="9" s="C" t="C.ar" l="C"/>
		<a id="10" s="C" t="C.ar" l="C"/>
		<a id="11" s="Br" t="Br" l="BR"/>
		<a id="12" s="C" t="C.ar" l="C"/>
		<a id="13" s="C" t="C.ar" l="C"/>
		<a id="14" s="C" t="C.2" l="C"/>
		<a id="15" s="O" t="O.2" l="O"/>
		<a id="16" s="O" t="O.3" l="OXT"/>
		<a id="17" s="H" t="H" l="H1"/>
		<a id="18" s="H" t="H" l="H2"/>
		<a id="19" s="H" t="H" l="HA"/>
		<a id="20" s="H" t="H" l="H"/>
		<a id="21" s="H" t="H" l="H"/>
		<a id="22" s="H" t="H" l="H"/>
		<a id="23" s="H" t="H" l="H"/>
		<a id="24" s="H" t="H" l="H"/>
		<a id="25" s="H" t="H" l="H"/>
		<a id="26" s="H" t="H" l="H"/>
		<a id="27" s="H" t="H" l="HXT"/>
	</atoms>
	<bonds>
		<b id="1" c="1 2" t="1"/>
		<b id="2" c="2 3" t="1"/>
		<b id="3" c="3 4" t="1"/>
		<b id="4" c="4 5" t="ar"/>
		<b id="5" c="5 6" t="ar"/>
		<b id="6" c="6 7" t="ar"/>
		<b id="7" c="7 8" t="ar"/>
		<b id="8" c="8 9" t="ar"/>
		<b id="9" c="9 10" t="ar"/>
		<b id="10" c="10 11" t="1"/>
		<b id="11" c="10 12" t="ar"/>
		<b id="12" c="12 13" t="ar"/>
		<b id="13" c="4 13" t="ar"/>
		<b id="14" c="7 13" t="ar"/>
		<b id="15" c="2 14" t="1"/>
		<b id="16" c="14 15" t="2"/>
		<b id="17" c="14 16" t="1"/>
		<b id="18" c="1 17" t="1"/>
		<b id="19" c="1 18" t="1"/>
		<b id="20" c="2 19" t="1"/>
		<b id="21" c="3 20" t="1"/>
		<b id="22" c="3 21" t="1"/>
		<b id="23" c="5 22" t="1"/>
		<b id="24" c="6 23" t="1"/>
		<b id="25" c="8 24" t="1"/>
		<b id="26" c="9 25" t="1"/>
		<b id="27" c="12 26" t="1"/>
		<b id="28" c="16 27" t="1"/>
	</bonds>
	<geometry>
		<g u="A" t="cart/3d">#27,3:0.7823,-0.2265,-0.1442;1.7883,-1.2619,-0.3503;2.9521,-1.2680,0.6626;2.4423,-1.4204,2.0578;2.1811,-2.5943,2.7058;1.6695,-2.3445,3.9476;1.5850,-0.9980,4.1345;1.1313,-0.2590,5.2201;1.1615,1.1148,5.1246;1.6430,1.7288,3.9659;1.6621,3.6407,3.8931;2.0984,1.0198,2.8787;2.0670,-0.3736,2.9545;1.0704,-2.6264,-0.3310;1.6438,-3.6726,-0.2168;-0.2451,-2.5254,-0.4705;1.0908,0.6687,-0.5027;0.6034,-0.1134,0.8506;2.1962,-1.1484,-1.3622;3.5218,-0.3414,0.5677;3.5996,-2.1092,0.4152;2.3235,-3.5956,2.3498;1.4003,-3.0459,4.6163;0.7660,-0.7432,6.1127;0.8171,1.7261,5.9438;2.4728,1.5294,2.0039;-0.4600,-1.5651,-0.5242;</g>
	</geometry>
	<conformers/>
	<properties/>
</molecule>
