<?xml version="1.0" ?>
<!--MOLLI PACKAGE EXPERIMENTAL XML FORMAT-->
<molecule name="el345">
	<atoms>
		<a id="1" s="C" t="C.3" l="C"/>
		<a id="2" s="C" t="C.3" l="C"/>
		<a id="3" s="C" t="C.3" l="C"/>
		<a id="4" s="C" t="C.3" l="C"/>
		<a id="5" s="O" t="O.3" l="O"/>
		<a id="6" s="C" t="C.2" l="C"/>
		<a id="7" s="O" t="O.2" l="O"/>
		<a id="8" s="N" t="N.am" l="N"/>
		<a id="9" s="C" t="C.3" l="C"/>
		<a id="10" s="C" t="C.3" l="C"/>
		<a id="11" s="C" t="C.3" l="C"/>
		<a id="12" s="C" t="C.3" l="C"/>
		<a id="13" s="O" t="O.3" l="O"/>
		<a id="14" s="C" t="C.ar" l="C"/>
		<a id="15" s="C" t="C.ar" l="C"/>
		<a id="16" s="C" t="C.ar" l="C"/>
		<a id="17" s="Br" t="Br" l="BR"/>
		<a id="18" s="C" t="C.ar" l="C"/>
		<a id="19" s="N" t="N.ar" l="N"/>
		<a id="20" s="C" t="C.ar" l="C"/>
		<a id="21" s="C" t="C.1" l="C"/>
		<a id="22" s="N" t="N.1" l="N"/>
		<a id="23" s="C" t="C.3" l="C"/>
		<a id="24" s="H" t="H" l="H"/>
		<a id="25" s="H" t="H" l="H"/>
		<a id="26" s="H" t="H" l="H"/>
		<a id="27" s="H" t="H" l="H"/>
		<a id="28" s="H" t="H" l="H"/>
		<a id="29" s="H" t="H" l="H"/>
		<a id="30" s="H" t="H" l="H"/>
		<a id="31" s="H" t="H" l="H"/>
		<a id="32" s="H" t="H" l="H"/>
		<a id="33" s="H" t="H" l="H"/>
		<a id="34" s="H" t="H" l="H"/>
		<a id="35" s="H" t="H" l="H"/>
		<a id="36" s="H" t="H" l="H"/>
		<a id="37" s="H" t="H" l="H"/>
		<a id="38" s="H" t="H" l="H"/>
		<a id="39" s="H" t="H" l="H"/>
		<a id="40" s="H" t="H" l="H"/>
		<a id="41" s="H" t="H" l="H"/>
		<a id="42" s="H" t="H" l="H"/>
		<a id="43" s="H" t="H" l="H"/>
	</atoms>
	<bonds>
		<b id="1" c="1 2" t="1"/>
		<b id="2" c="2 3" t="1"/>
		<b id="3" c="2 4" t="1"/>
		<b id="4" c="2 5" t="1"/>
		<b id="5" c="5 6" t="1"/>
		<b id="6" c="6 7" t="2"/>
		<b id="7" c="6 8" t="am"/>
		<b id="8" c="8 9" t="1"/>
		<b id="9" c="9 10" t="1"/>
		<b id="10" c="10 11" t="1"/>
		<b id="11" c="11 12" t="1"/>
		<b id="12" c="13 14" t="1"/>
		<b id="13" c="14 15" t="ar"/>
		<b id="14" c="15 16" t="ar"/>
		<b id="15" c="16 17" t="1"/>
		<b id="16" c="16 18" t="ar"/>
		<b id="17" c="18 19" t="ar"/>
		<b id="18" c="19 20" t="ar"/>
		<b id="19" c="14 20" t="ar"/>
		<b id="20" c="20 21" t="1"/>
		<b id="21" c="21 22" t="3"/>
		<b id="22" c="12 23" t="1"/>
		<b id="23" c="8 23" t="1"/>
		<b id="24" c="12 13" t="1"/>
		<b id="25" c="1 24" t="1"/>
		<b id="26" c="1 25" t="1"/>
		<b id="27" c="1 26" t="1"/>
		<b id="28" c="3 27" t="1"/>
		<b id="29" c="3 28" t="1"/>
		<b id="30" c="3 29" t="1"/>
		<b id="31" c="4 30" t="1"/>
		<b id="32" c="4 31" t="1"/>
		<b id="33" c="4 32" t="1"/>
		<b id="34" c="9 33" t="1"/>
		<b id="35" c="9 34" t="1"/>
		<b id="36" c="10 35" t="1"/>
		<b id="37" c="10 36" t="1"/>
		<b id="38" c="11 37" t="1"/>
		<b id="39" c="11 38" t="1"/>
		<b id="40" c="12 39" t="1"/>
		<b id="41" c="15 40" t="1"/>
		<b id="42" c="18 41" t="1"/>
		<b id="43" c="23 42" t="1"/>
		<b id="44" c="23 43" t="1"/>
	</bonds>
	<geometry>
		<g u="A" t="cart/3d">#43,3:4.4671,-0.3269,1.8040;3.3291,0.5501,1.2886;2.4269,-0.2245,0.3278;2.5199,1.1109,2.4586;3.8424,1.7359,0.6281;4.6503,1.6231,-0.4318;5.0459,0.5935,-0.9262;4.9567,2.8448,-0.9591;5.9477,2.9363,-2.0071;7.2060,3.6129,-1.4688;6.8565,4.9981,-0.9296;5.7689,4.8928,0.1469;6.2341,4.1955,1.2980;7.0015,4.8082,2.2036;7.4472,6.1299,2.1583;8.2395,6.5996,3.1930;8.8606,8.3932,3.1548;8.5804,5.7643,4.2508;8.1547,4.5239,4.3050;7.3925,4.0452,3.3333;6.9430,2.7057,3.4586;6.5673,1.6294,3.5662;4.5619,4.1022,-0.3856;4.0557,-1.1430,2.3913;5.1365,0.2584,2.4297;5.0322,-0.7385,0.9730;1.9840,-1.0712,0.8443;3.0087,-0.5897,-0.5141;1.6318,0.4184,-0.0449;2.0570,0.2995,3.0116;1.7440,1.7791,2.0929;3.1748,1.6657,3.1255;5.5325,3.5162,-2.8398;6.1619,1.9220,-2.3452;7.9532,3.6970,-2.2580;7.6183,3.0009,-0.6645;6.4761,5.6274,-1.7369;7.7500,5.4735,-0.5201;5.4192,5.8929,0.4414;7.1891,6.7885,1.3439;9.2019,6.1012,5.0670;4.0711,4.7102,-1.1562;3.8624,3.9133,0.4277;</g>
	</geometry>
	<conformers/>
	<properties/>
</molecule>
