<?xml version="1.0" ?>
<!--MOLLI PACKAGE EXPERIMENTAL XML FORMAT-->
<molecule name="el346">
	<atoms>
		<a id="1" s="C" t="C.3" l="C"/>
		<a id="2" s="C" t="C.3" l="C"/>
		<a id="3" s="C" t="C.3" l="C"/>
		<a id="4" s="C" t="C.3" l="C"/>
		<a id="5" s="O" t="O.3" l="O"/>
		<a id="6" s="C" t="C.2" l="C"/>
		<a id="7" s="O" t="O.2" l="O"/>
		<a id="8" s="N" t="N.am" l="N"/>
		<a id="9" s="C" t="C.3" l="C"/>
		<a id="10" s="C" t="C.3" l="C"/>
		<a id="11" s="C" t="C.3" l="C"/>
		<a id="12" s="O" t="O.3" l="O"/>
		<a id="13" s="C" t="C.ar" l="C"/>
		<a id="14" s="C" t="C.ar" l="C"/>
		<a id="15" s="C" t="C.ar" l="C"/>
		<a id="16" s="Br" t="Br" l="BR"/>
		<a id="17" s="C" t="C.ar" l="C"/>
		<a id="18" s="N" t="N.ar" l="N"/>
		<a id="19" s="C" t="C.ar" l="C"/>
		<a id="20" s="C" t="C.1" l="C"/>
		<a id="21" s="N" t="N.1" l="N"/>
		<a id="22" s="C" t="C.3" l="C"/>
		<a id="23" s="H" t="H" l="H"/>
		<a id="24" s="H" t="H" l="H"/>
		<a id="25" s="H" t="H" l="H"/>
		<a id="26" s="H" t="H" l="H"/>
		<a id="27" s="H" t="H" l="H"/>
		<a id="28" s="H" t="H" l="H"/>
		<a id="29" s="H" t="H" l="H"/>
		<a id="30" s="H" t="H" l="H"/>
		<a id="31" s="H" t="H" l="H"/>
		<a id="32" s="H" t="H" l="H"/>
		<a id="33" s="H" t="H" l="H"/>
		<a id="34" s="H" t="H" l="H"/>
		<a id="35" s="H" t="H" l="H"/>
		<a id="36" s="H" t="H" l="H"/>
		<a id="37" s="H" t="H" l="H"/>
		<a id="38" s="H" t="H" l="H"/>
		<a id="39" s="H" t="H" l="H"/>
		<a id="40" s="H" t="H" l="H"/>
	</atoms>
	<bonds>
		<b id="1" c="1 2" t="1"/>
		<b id="2" c="2 3" t="1"/>
		<b id="3" c="2 4" t="1"/>
		<b id="4" c="2 5" t="1"/>
		<b id="5" c="5 6" t="1"/>
		<b id="6" c="6 7" t="2"/>
		<b id="7" c="6 8" t="am"/>
		<b id="8" c="8 9" t="1"/>
		<b id="9" c="9 10" t="1"/>
		<b id="10" c="10 11" t="1"/>
		<b id="11" c="12 13" t="1"/>
		<b id="12" c="13 14" t="ar"/>
		<b id="13" c="14 15" t="ar"/>
		<b id="14" c="15 16" t="1"/>
		<b id="15" c="15 17" t="ar"/>
		<b id="16" c="17 18" t="ar"/>
		<b id="17" c="18 19" t="ar"/>
		<b id="18" c="13 19" t="ar"/>
		<b id="19" c="19 20" t="1"/>
		<b id="20" c="20 21" t="3"/>
		<b id="21" c="11 22" t="1"/>
		<b id="22" c="8 22" t="1"/>
		<b id="23" c="11 12" t="1"/>
		<b id="24" c="1 23" t="1"/>
		<b id="25" c="1 24" t="1"/>
		<b id="26" c="1 25" t="1"/>
		<b id="27" c="3 26" t="1"/>
		<b id="28" c="3 27" t="1"/>
		<b id="29" c="3 28" t="1"/>
		<b id="30" c="4 29" t="1"/>
		<b id="31" c="4 30" t="1"/>
		<b id="32" c="4 31" t="1"/>
		<b id="33" c="9 32" t="1"/>
		<b id="34" c="9 33" t="1"/>
		<b id="35" c="10 34" t="1"/>
		<b id="36" c="10 35" t="1"/>
		<b id="37" c="11 36" t="1"/>
		<b id="38" c="14 37" t="1"/>
		<b id="39" c="17 38" t="1"/>
		<b id="40" c="22 39" t="1"/>
		<b id="41" c="22 40" t="1"/>
	</bonds>
	<geometry>
		<g u="A" t="cart/3d">#40,3:3.9364,-0.8218,1.6737;5.2570,-0.5088,0.9716;5.3406,0.9693,0.5932;6.4411,-0.9057,1.8542;5.4083,-1.3383,-0.2073;4.5274,-1.2496,-1.2153;3.5586,-0.5295,-1.2786;4.8797,-2.0958,-2.2146;4.0521,-2.2876,-3.3876;4.3443,-3.7250,-3.8013;5.8204,-3.8994,-3.4099;6.1690,-5.2322,-3.0803;6.3924,-6.1411,-4.0400;6.3039,-5.9315,-5.4145;6.5822,-6.9906,-6.2647;6.4682,-6.7382,-8.1417;6.9368,-8.2304,-5.7455;7.0181,-8.4331,-4.4506;6.7608,-7.4414,-3.6120;6.8617,-7.7054,-2.2207;6.9374,-7.8965,-1.0943;5.9593,-3.0532,-2.1362;3.8700,-0.2545,2.5977;3.8788,-1.8831,1.9060;3.1002,-0.5547,1.0336;5.3170,1.5790,1.4919;4.5019,1.2410,-0.0416;6.2667,1.1660,0.0570;6.4189,-0.3399,2.7806;7.3757,-0.7050,1.3373;6.3955,-1.9668,2.0842;4.3462,-1.5830,-4.1759;3.0062,-2.1061,-3.1364;4.1505,-3.8987,-4.8577;3.7477,-4.4226,-3.2116;6.4851,-3.5204,-4.1966;6.0261,-4.9737,-5.8247;7.1573,-9.0737,-6.3828;6.9277,-2.5507,-2.0727;5.8516,-3.6998,-1.2584;</g>
	</geometry>
	<conformers/>
	<properties/>
</molecule>
