<?xml version="1.0" ?>
<!--MOLLI PACKAGE EXPERIMENTAL XML FORMAT-->
<molecule name="el347">
	<atoms>
		<a id="1" s="C" t="C.3" l="C"/>
		<a id="2" s="C" t="C.3" l="C"/>
		<a id="3" s="C" t="C.3" l="C"/>
		<a id="4" s="C" t="C.3" l="C"/>
		<a id="5" s="O" t="O.3" l="O"/>
		<a id="6" s="C" t="C.2" l="C"/>
		<a id="7" s="O" t="O.2" l="O"/>
		<a id="8" s="N" t="N.am" l="N"/>
		<a id="9" s="C" t="C.3" l="C"/>
		<a id="10" s="C" t="C.3" l="C"/>
		<a id="11" s="C" t="C.3" l="C"/>
		<a id="12" s="O" t="O.3" l="O"/>
		<a id="13" s="C" t="C.ar" l="C"/>
		<a id="14" s="C" t="C.ar" l="C"/>
		<a id="15" s="C" t="C.ar" l="C"/>
		<a id="16" s="Br" t="Br" l="BR"/>
		<a id="17" s="C" t="C.ar" l="C"/>
		<a id="18" s="N" t="N.ar" l="N"/>
		<a id="19" s="C" t="C.ar" l="C"/>
		<a id="20" s="C" t="C.1" l="C"/>
		<a id="21" s="N" t="N.1" l="N"/>
		<a id="22" s="C" t="C.3" l="C"/>
		<a id="23" s="C" t="C.3" l="C"/>
		<a id="24" s="H" t="H" l="H"/>
		<a id="25" s="H" t="H" l="H"/>
		<a id="26" s="H" t="H" l="H"/>
		<a id="27" s="H" t="H" l="H"/>
		<a id="28" s="H" t="H" l="H"/>
		<a id="29" s="H" t="H" l="H"/>
		<a id="30" s="H" t="H" l="H"/>
		<a id="31" s="H" t="H" l="H"/>
		<a id="32" s="H" t="H" l="H"/>
		<a id="33" s="H" t="H" l="H"/>
		<a id="34" s="H" t="H" l="H"/>
		<a id="35" s="H" t="H" l="H"/>
		<a id="36" s="H" t="H" l="H"/>
		<a id="37" s="H" t="H" l="H"/>
		<a id="38" s="H" t="H" l="H"/>
		<a id="39" s="H" t="H" l="H"/>
		<a id="40" s="H" t="H" l="H"/>
		<a id="41" s="H" t="H" l="H"/>
		<a id="42" s="H" t="H" l="H"/>
		<a id="43" s="H" t="H" l="H"/>
	</atoms>
	<bonds>
		<b id="1" c="1 2" t="1"/>
		<b id="2" c="2 3" t="1"/>
		<b id="3" c="2 4" t="1"/>
		<b id="4" c="2 5" t="1"/>
		<b id="5" c="5 6" t="1"/>
		<b id="6" c="6 7" t="2"/>
		<b id="7" c="6 8" t="am"/>
		<b id="8" c="8 9" t="1"/>
		<b id="9" c="9 10" t="1"/>
		<b id="10" c="10 11" t="1"/>
		<b id="11" c="11 12" t="1"/>
		<b id="12" c="12 13" t="1"/>
		<b id="13" c="13 14" t="ar"/>
		<b id="14" c="14 15" t="ar"/>
		<b id="15" c="15 16" t="1"/>
		<b id="16" c="15 17" t="ar"/>
		<b id="17" c="17 18" t="ar"/>
		<b id="18" c="18 19" t="ar"/>
		<b id="19" c="13 19" t="ar"/>
		<b id="20" c="19 20" t="1"/>
		<b id="21" c="20 21" t="3"/>
		<b id="22" c="11 22" t="1"/>
		<b id="23" c="22 23" t="1"/>
		<b id="24" c="8 23" t="1"/>
		<b id="25" c="1 24" t="1"/>
		<b id="26" c="1 25" t="1"/>
		<b id="27" c="1 26" t="1"/>
		<b id="28" c="3 27" t="1"/>
		<b id="29" c="3 28" t="1"/>
		<b id="30" c="3 29" t="1"/>
		<b id="31" c="4 30" t="1"/>
		<b id="32" c="4 31" t="1"/>
		<b id="33" c="4 32" t="1"/>
		<b id="34" c="9 33" t="1"/>
		<b id="35" c="9 34" t="1"/>
		<b id="36" c="10 35" t="1"/>
		<b id="37" c="10 36" t="1"/>
		<b id="38" c="11 37" t="1"/>
		<b id="39" c="14 38" t="1"/>
		<b id="40" c="17 39" t="1"/>
		<b id="41" c="22 40" t="1"/>
		<b id="42" c="22 41" t="1"/>
		<b id="43" c="23 42" t="1"/>
		<b id="44" c="23 43" t="1"/>
	</bonds>
	<geometry>
		<g u="A" t="cart/3d">#43,3:3.9969,-0.0572,1.6039;2.9584,0.5456,0.6582;2.3560,-0.5249,-0.2504;1.8586,1.2535,1.4515;3.5520,1.6042,-0.1318;4.5508,1.3324,-0.9881;5.0734,0.2528,-1.1507;4.9052,2.4353,-1.6996;6.0585,2.3816,-2.5655;7.2321,3.1344,-1.9338;6.8200,4.5743,-1.6039;6.5052,5.3015,-2.7903;7.4655,5.7739,-3.5900;8.8413,5.7127,-3.3711;9.6853,6.2846,-4.3099;11.5632,6.2225,-4.0403;9.1627,6.8968,-5.4436;7.8683,6.9542,-5.6565;7.0350,6.4206,-4.7769;5.6425,6.4954,-5.0398;4.5125,6.5300,-5.2228;5.5505,4.5843,-0.7476;4.4418,3.7745,-1.4254;3.5221,-0.7908,2.2491;4.4384,0.7225,2.2214;4.7830,-0.5435,1.0332;1.8330,-1.2629,0.3512;3.1397,-1.0201,-0.8165;1.6525,-0.0715,-0.9455;1.3402,0.5400,2.0845;1.1441,1.7096,0.7715;2.2891,2.0332,2.0744;5.7952,2.8393,-3.5252;6.3160,1.3331,-2.7208;8.0801,3.1239,-2.6205;7.5297,2.6372,-1.0096;7.6257,5.0900,-1.0616;9.2564,5.2386,-2.4956;9.7977,7.3460,-6.1925;5.2178,5.6129,-0.6073;5.7833,4.1518,0.2262;4.1754,4.2514,-2.3742;3.5614,3.7258,-0.7874;</g>
	</geometry>
	<conformers/>
	<properties/>
</molecule>
