<?xml version="1.0" ?>
<!--MOLLI PACKAGE EXPERIMENTAL XML FORMAT-->
<molecule name="el350">
	<atoms>
		<a id="1" s="C" t="C.3" l="C"/>
		<a id="2" s="O" t="O.3" l="O"/>
		<a id="3" s="C" t="C.ar" l="C"/>
		<a id="4" s="C" t="C.ar" l="C"/>
		<a id="5" s="C" t="C.ar" l="C"/>
		<a id="6" s="O" t="O.3" l="O"/>
		<a id="7" s="C" t="C.3" l="C"/>
		<a id="8" s="C" t="C.ar" l="C"/>
		<a id="9" s="F" t="F" l="F"/>
		<a id="10" s="C" t="C.ar" l="C"/>
		<a id="11" s="C" t="C.3" l="C"/>
		<a id="12" s="O" t="O.3" l="O"/>
		<a id="13" s="C" t="C.ar" l="C"/>
		<a id="14" s="C" t="C.ar" l="C"/>
		<a id="15" s="C" t="C.3" l="C"/>
		<a id="16" s="N" t="N.ar" l="N"/>
		<a id="17" s="C" t="C.ar" l="C"/>
		<a id="18" s="Br" t="Br" l="BR"/>
		<a id="19" s="C" t="C.ar" l="C"/>
		<a id="20" s="C" t="C.3" l="C"/>
		<a id="21" s="C" t="C.ar" l="C"/>
		<a id="22" s="C" t="C.3" l="C"/>
		<a id="23" s="C" t="C.ar" l="C"/>
		<a id="24" s="F" t="F" l="F"/>
		<a id="25" s="H" t="H" l="H"/>
		<a id="26" s="H" t="H" l="H"/>
		<a id="27" s="H" t="H" l="H"/>
		<a id="28" s="H" t="H" l="H"/>
		<a id="29" s="H" t="H" l="H"/>
		<a id="30" s="H" t="H" l="H"/>
		<a id="31" s="H" t="H" l="H"/>
		<a id="32" s="H" t="H" l="H"/>
		<a id="33" s="H" t="H" l="H"/>
		<a id="34" s="H" t="H" l="H"/>
		<a id="35" s="H" t="H" l="H"/>
		<a id="36" s="H" t="H" l="H"/>
		<a id="37" s="H" t="H" l="H"/>
		<a id="38" s="H" t="H" l="H"/>
		<a id="39" s="H" t="H" l="H"/>
		<a id="40" s="H" t="H" l="H"/>
		<a id="41" s="H" t="H" l="H"/>
		<a id="42" s="H" t="H" l="H"/>
	</atoms>
	<bonds>
		<b id="1" c="1 2" t="1"/>
		<b id="2" c="2 3" t="1"/>
		<b id="3" c="3 4" t="ar"/>
		<b id="4" c="4 5" t="ar"/>
		<b id="5" c="5 6" t="1"/>
		<b id="6" c="6 7" t="1"/>
		<b id="7" c="5 8" t="ar"/>
		<b id="8" c="8 9" t="1"/>
		<b id="9" c="8 10" t="ar"/>
		<b id="10" c="10 11" t="1"/>
		<b id="11" c="11 12" t="1"/>
		<b id="12" c="12 13" t="1"/>
		<b id="13" c="13 14" t="ar"/>
		<b id="14" c="14 15" t="1"/>
		<b id="15" c="14 16" t="ar"/>
		<b id="16" c="16 17" t="ar"/>
		<b id="17" c="17 18" t="1"/>
		<b id="18" c="17 19" t="ar"/>
		<b id="19" c="19 20" t="1"/>
		<b id="20" c="19 21" t="ar"/>
		<b id="21" c="13 21" t="ar"/>
		<b id="22" c="21 22" t="1"/>
		<b id="23" c="10 23" t="ar"/>
		<b id="24" c="3 23" t="ar"/>
		<b id="25" c="23 24" t="1"/>
		<b id="26" c="1 25" t="1"/>
		<b id="27" c="1 26" t="1"/>
		<b id="28" c="1 27" t="1"/>
		<b id="29" c="4 28" t="1"/>
		<b id="30" c="7 29" t="1"/>
		<b id="31" c="7 30" t="1"/>
		<b id="32" c="7 31" t="1"/>
		<b id="33" c="11 32" t="1"/>
		<b id="34" c="11 33" t="1"/>
		<b id="35" c="15 34" t="1"/>
		<b id="36" c="15 35" t="1"/>
		<b id="37" c="15 36" t="1"/>
		<b id="38" c="20 37" t="1"/>
		<b id="39" c="20 38" t="1"/>
		<b id="40" c="20 39" t="1"/>
		<b id="41" c="22 40" t="1"/>
		<b id="42" c="22 41" t="1"/>
		<b id="43" c="22 42" t="1"/>
	</bonds>
	<geometry>
		<g u="A" t="cart/3d">#42,3:3.3115,1.2684,3.8995;4.4248,1.2307,3.0361;4.3364,1.8523,1.8407;3.2292,2.5381,1.3704;3.2086,3.1522,0.1125;2.0426,3.7740,-0.1826;1.8393,4.3581,-1.4544;4.3533,3.0618,-0.6738;4.4121,3.6348,-1.9069;5.4864,2.3717,-0.2418;6.7362,2.3126,-1.0854;7.5740,3.4107,-0.7345;8.0014,4.2094,-1.7706;8.8927,3.7296,-2.7369;9.4460,2.3408,-2.7117;9.3125,4.5211,-3.7108;8.9007,5.7631,-3.7679;9.6194,6.7251,-5.2530;8.0452,6.3682,-2.8554;7.6200,7.7982,-2.9377;7.5870,5.5452,-1.8190;6.6689,6.0851,-0.7700;5.4642,1.7850,1.0091;6.5470,1.1106,1.4415;3.6138,0.7141,4.7863;2.4394,0.7854,3.4475;3.0580,2.2951,4.1793;2.3293,2.6260,1.9553;0.8155,4.7294,-1.4358;1.9438,3.6243,-2.2559;2.5224,5.1924,-1.6317;6.4735,2.3517,-2.1473;7.2685,1.3779,-0.8754;8.7685,1.6446,-3.2067;9.5940,2.0143,-1.6849;10.3930,2.3280,-3.2448;8.0323,8.2838,-3.8186;7.9553,8.3415,-2.0543;6.5324,7.8649,-2.9801;5.7215,6.3933,-1.2175;7.1143,6.9575,-0.2910;6.4853,5.3268,-0.0147;</g>
	</geometry>
	<conformers/>
	<properties/>
</molecule>
