<?xml version="1.0" ?>
<!--MOLLI PACKAGE EXPERIMENTAL XML FORMAT-->
<molecule name="el36">
	<atoms>
		<a id="1" s="C" t="C.3" l="C"/>
		<a id="2" s="C" t="C.3" l="C"/>
		<a id="3" s="N" t="N.ar" l="N"/>
		<a id="4" s="C" t="C.ar" l="C"/>
		<a id="5" s="O" t="O.2" l="O"/>
		<a id="6" s="C" t="C.ar" l="C"/>
		<a id="7" s="C" t="C.2" l="C"/>
		<a id="8" s="S" t="S.3" l="S"/>
		<a id="9" s="C" t="C.ar" l="C"/>
		<a id="10" s="C" t="C.ar" l="C"/>
		<a id="11" s="C" t="C.ar" l="C"/>
		<a id="12" s="C" t="C.ar" l="C"/>
		<a id="13" s="C" t="C.ar" l="C"/>
		<a id="14" s="C" t="C.ar" l="C"/>
		<a id="15" s="N" t="N.pl3" l="N"/>
		<a id="16" s="C" t="C.3" l="C"/>
		<a id="17" s="S" t="S.2" l="S"/>
		<a id="18" s="C" t="C.ar" l="C"/>
		<a id="19" s="C" t="C.2" l="C"/>
		<a id="20" s="C" t="C.ar" l="C"/>
		<a id="21" s="C" t="C.ar" l="C"/>
		<a id="22" s="C" t="C.ar" l="C"/>
		<a id="23" s="N" t="N.ar" l="N"/>
		<a id="24" s="C" t="C.ar" l="C"/>
		<a id="25" s="C" t="C.ar" l="C"/>
		<a id="26" s="Br" t="Br" l="BR"/>
		<a id="27" s="H" t="H" l="H"/>
		<a id="28" s="H" t="H" l="H"/>
		<a id="29" s="H" t="H" l="H"/>
		<a id="30" s="H" t="H" l="H"/>
		<a id="31" s="H" t="H" l="H"/>
		<a id="32" s="H" t="H" l="H"/>
		<a id="33" s="H" t="H" l="H"/>
		<a id="34" s="H" t="H" l="H"/>
		<a id="35" s="H" t="H" l="H"/>
		<a id="36" s="H" t="H" l="H"/>
		<a id="37" s="H" t="H" l="H"/>
		<a id="38" s="H" t="H" l="H"/>
		<a id="39" s="H" t="H" l="H"/>
		<a id="40" s="H" t="H" l="H"/>
		<a id="41" s="H" t="H" l="H"/>
		<a id="42" s="H" t="H" l="H"/>
	</atoms>
	<bonds>
		<b id="1" c="1 2" t="1"/>
		<b id="2" c="2 3" t="1"/>
		<b id="3" c="3 4" t="ar"/>
		<b id="4" c="4 5" t="2"/>
		<b id="5" c="4 6" t="ar"/>
		<b id="6" c="6 7" t="2"/>
		<b id="7" c="7 8" t="1"/>
		<b id="8" c="8 9" t="1"/>
		<b id="9" c="9 10" t="ar"/>
		<b id="10" c="10 11" t="ar"/>
		<b id="11" c="11 12" t="ar"/>
		<b id="12" c="12 13" t="ar"/>
		<b id="13" c="13 14" t="ar"/>
		<b id="14" c="9 14" t="ar"/>
		<b id="15" c="14 15" t="1"/>
		<b id="16" c="7 15" t="1"/>
		<b id="17" c="15 16" t="1"/>
		<b id="18" c="6 17" t="ar"/>
		<b id="19" c="17 18" t="ar"/>
		<b id="20" c="3 18" t="ar"/>
		<b id="21" c="18 19" t="2"/>
		<b id="22" c="19 20" t="1"/>
		<b id="23" c="20 21" t="ar"/>
		<b id="24" c="21 22" t="ar"/>
		<b id="25" c="22 23" t="ar"/>
		<b id="26" c="23 24" t="ar"/>
		<b id="27" c="24 25" t="ar"/>
		<b id="28" c="20 25" t="ar"/>
		<b id="29" c="25 26" t="1"/>
		<b id="30" c="1 27" t="1"/>
		<b id="31" c="1 28" t="1"/>
		<b id="32" c="1 29" t="1"/>
		<b id="33" c="2 30" t="1"/>
		<b id="34" c="2 31" t="1"/>
		<b id="35" c="10 32" t="1"/>
		<b id="36" c="11 33" t="1"/>
		<b id="37" c="12 34" t="1"/>
		<b id="38" c="13 35" t="1"/>
		<b id="39" c="16 36" t="1"/>
		<b id="40" c="16 37" t="1"/>
		<b id="41" c="16 38" t="1"/>
		<b id="42" c="19 39" t="1"/>
		<b id="43" c="21 40" t="1"/>
		<b id="44" c="22 41" t="1"/>
		<b id="45" c="24 42" t="1"/>
	</bonds>
	<geometry>
		<g u="A" t="cart/3d">#42,3:3.8600,0.1190,-0.2409;2.6121,-0.2156,0.5690;2.9341,-0.9582,1.7676;2.7420,-2.3183,1.8038;2.2202,-2.9671,0.9020;3.2198,-2.8913,3.0258;3.1129,-4.2425,3.1977;2.3484,-5.1789,1.9338;2.5780,-6.6303,2.9004;2.1946,-7.9181,2.5759;2.4570,-8.9360,3.4758;3.0938,-8.6617,4.6784;3.4813,-7.3754,5.0082;3.2222,-6.3467,4.1103;3.5192,-5.0057,4.2464;4.2268,-4.4333,5.3635;3.8692,-1.6419,4.0763;3.5405,-0.4024,2.8689;3.7600,0.9129,3.0712;4.4101,1.4760,4.2400;3.7929,2.5155,4.9477;4.3990,3.0355,6.0732;5.5651,2.6089,6.5360;6.1886,1.6637,5.8620;5.6653,1.0836,4.7176;6.7592,-0.1466,3.7611;3.5810,0.6739,-1.1322;4.3626,-0.7965,-0.5430;4.5543,0.7179,0.3438;1.9523,-0.8660,-0.0119;2.0662,0.6919,0.8430;1.7001,-8.1115,1.6377;2.1637,-9.9473,3.2421;3.2914,-9.4636,5.3732;3.9713,-7.1904,5.9511;4.5272,-5.2233,6.0447;3.5917,-3.7254,5.8998;5.1200,-3.9100,5.0183;3.3515,1.6277,2.3721;2.8352,2.8860,4.6142;3.9337,3.8280,6.6434;7.1554,1.3610,6.2416;</g>
	</geometry>
	<conformers/>
	<properties/>
</molecule>
