<?xml version="1.0" ?>
<!--MOLLI PACKAGE EXPERIMENTAL XML FORMAT-->
<molecule name="el351">
	<atoms>
		<a id="1" s="C" t="C.3" l="C"/>
		<a id="2" s="O" t="O.3" l="O"/>
		<a id="3" s="C" t="C.ar" l="C"/>
		<a id="4" s="C" t="C.ar" l="C"/>
		<a id="5" s="C" t="C.ar" l="C"/>
		<a id="6" s="O" t="O.3" l="O"/>
		<a id="7" s="C" t="C.3" l="C"/>
		<a id="8" s="C" t="C.ar" l="C"/>
		<a id="9" s="F" t="F" l="F"/>
		<a id="10" s="C" t="C.ar" l="C"/>
		<a id="11" s="C" t="C.3" l="C"/>
		<a id="12" s="O" t="O.3" l="O"/>
		<a id="13" s="C" t="C.ar" l="C"/>
		<a id="14" s="C" t="C.ar" l="C"/>
		<a id="15" s="C" t="C.3" l="C"/>
		<a id="16" s="N" t="N.ar" l="N"/>
		<a id="17" s="C" t="C.ar" l="C"/>
		<a id="18" s="Br" t="Br" l="BR"/>
		<a id="19" s="N" t="N.ar" l="N"/>
		<a id="20" s="C" t="C.ar" l="C"/>
		<a id="21" s="C" t="C.3" l="C"/>
		<a id="22" s="C" t="C.ar" l="C"/>
		<a id="23" s="F" t="F" l="F"/>
		<a id="24" s="H" t="H" l="H"/>
		<a id="25" s="H" t="H" l="H"/>
		<a id="26" s="H" t="H" l="H"/>
		<a id="27" s="H" t="H" l="H"/>
		<a id="28" s="H" t="H" l="H"/>
		<a id="29" s="H" t="H" l="H"/>
		<a id="30" s="H" t="H" l="H"/>
		<a id="31" s="H" t="H" l="H"/>
		<a id="32" s="H" t="H" l="H"/>
		<a id="33" s="H" t="H" l="H"/>
		<a id="34" s="H" t="H" l="H"/>
		<a id="35" s="H" t="H" l="H"/>
		<a id="36" s="H" t="H" l="H"/>
		<a id="37" s="H" t="H" l="H"/>
		<a id="38" s="H" t="H" l="H"/>
	</atoms>
	<bonds>
		<b id="1" c="1 2" t="1"/>
		<b id="2" c="2 3" t="1"/>
		<b id="3" c="3 4" t="ar"/>
		<b id="4" c="4 5" t="ar"/>
		<b id="5" c="5 6" t="1"/>
		<b id="6" c="6 7" t="1"/>
		<b id="7" c="5 8" t="ar"/>
		<b id="8" c="8 9" t="1"/>
		<b id="9" c="8 10" t="ar"/>
		<b id="10" c="10 11" t="1"/>
		<b id="11" c="11 12" t="1"/>
		<b id="12" c="12 13" t="1"/>
		<b id="13" c="13 14" t="ar"/>
		<b id="14" c="14 15" t="1"/>
		<b id="15" c="14 16" t="ar"/>
		<b id="16" c="16 17" t="ar"/>
		<b id="17" c="17 18" t="1"/>
		<b id="18" c="17 19" t="ar"/>
		<b id="19" c="19 20" t="ar"/>
		<b id="20" c="13 20" t="ar"/>
		<b id="21" c="20 21" t="1"/>
		<b id="22" c="10 22" t="ar"/>
		<b id="23" c="3 22" t="ar"/>
		<b id="24" c="22 23" t="1"/>
		<b id="25" c="1 24" t="1"/>
		<b id="26" c="1 25" t="1"/>
		<b id="27" c="1 26" t="1"/>
		<b id="28" c="4 27" t="1"/>
		<b id="29" c="7 28" t="1"/>
		<b id="30" c="7 29" t="1"/>
		<b id="31" c="7 30" t="1"/>
		<b id="32" c="11 31" t="1"/>
		<b id="33" c="11 32" t="1"/>
		<b id="34" c="15 33" t="1"/>
		<b id="35" c="15 34" t="1"/>
		<b id="36" c="15 35" t="1"/>
		<b id="37" c="21 36" t="1"/>
		<b id="38" c="21 37" t="1"/>
		<b id="39" c="21 38" t="1"/>
	</bonds>
	<geometry>
		<g u="A" t="cart/3d">#38,3:1.0464,0.2207,0.2744;2.1414,0.6479,-0.5028;2.9864,1.5605,0.0208;2.8592,2.1547,1.2649;3.7789,3.0942,1.7449;3.4998,3.5691,2.9794;4.3684,4.4938,3.6048;4.8517,3.4297,0.9243;5.7852,4.3388,1.3077;5.0132,2.8578,-0.3363;6.2153,3.1928,-1.1750;7.2759,2.3525,-0.7280;8.4783,2.5318,-1.3681;9.5410,3.1218,-0.6663;9.3958,3.5651,0.7476;10.7233,3.2810,-1.2488;10.8377,2.8493,-2.4826;12.5152,3.1082,-3.2973;9.9302,2.2477,-3.2100;8.7273,2.0731,-2.6672;7.7149,1.3561,-3.4935;4.0863,1.9294,-0.7667;4.2357,1.3653,-1.9821;0.5305,-0.5204,-0.3333;0.3658,1.0482,0.4951;1.3773,-0.2410,1.2091;2.0406,1.9146,1.9217;3.9294,4.6785,4.5838;4.4250,5.4335,3.0505;5.3728,4.0828,3.7299;6.4931,4.2467,-1.0386;5.9946,3.0184,-2.2332;9.2859,2.6901,1.3874;8.5017,4.1732,0.8682;10.2771,4.1240,1.0481;8.2224,0.6361,-4.1300;7.1940,2.0606,-4.1423;6.9876,0.8528,-2.8613;</g>
	</geometry>
	<conformers/>
	<properties/>
</molecule>
