<?xml version="1.0" ?>
<!--MOLLI PACKAGE EXPERIMENTAL XML FORMAT-->
<molecule name="el352">
	<atoms>
		<a id="1" s="C" t="C.3" l="C"/>
		<a id="2" s="C" t="C.3" l="C"/>
		<a id="3" s="C" t="C.ar" l="C"/>
		<a id="4" s="C" t="C.ar" l="C"/>
		<a id="5" s="C" t="C.ar" l="C"/>
		<a id="6" s="C" t="C.ar" l="C"/>
		<a id="7" s="C" t="C.ar" l="C"/>
		<a id="8" s="Br" t="Br" l="BR"/>
		<a id="9" s="C" t="C.ar" l="C"/>
		<a id="10" s="C" t="C.ar" l="C"/>
		<a id="11" s="C" t="C.ar" l="C"/>
		<a id="12" s="C" t="C.ar" l="C"/>
		<a id="13" s="C" t="C.ar" l="C"/>
		<a id="14" s="C" t="C.ar" l="C"/>
		<a id="15" s="F" t="F" l="F"/>
		<a id="16" s="C" t="C.ar" l="C"/>
		<a id="17" s="C" t="C.3" l="C"/>
		<a id="18" s="O" t="O.3" l="O"/>
		<a id="19" s="C" t="C.3" l="C"/>
		<a id="20" s="O" t="O.3" l="O"/>
		<a id="21" s="C" t="C.3" l="C"/>
		<a id="22" s="H" t="H" l="H"/>
		<a id="23" s="H" t="H" l="H"/>
		<a id="24" s="H" t="H" l="H"/>
		<a id="25" s="H" t="H" l="H"/>
		<a id="26" s="H" t="H" l="H"/>
		<a id="27" s="H" t="H" l="H"/>
		<a id="28" s="H" t="H" l="H"/>
		<a id="29" s="H" t="H" l="H"/>
		<a id="30" s="H" t="H" l="H"/>
		<a id="31" s="H" t="H" l="H"/>
		<a id="32" s="H" t="H" l="H"/>
		<a id="33" s="H" t="H" l="H"/>
		<a id="34" s="H" t="H" l="H"/>
		<a id="35" s="H" t="H" l="H"/>
		<a id="36" s="H" t="H" l="H"/>
		<a id="37" s="H" t="H" l="H"/>
		<a id="38" s="H" t="H" l="H"/>
		<a id="39" s="H" t="H" l="H"/>
	</atoms>
	<bonds>
		<b id="1" c="1 2" t="1"/>
		<b id="2" c="2 3" t="1"/>
		<b id="3" c="3 4" t="ar"/>
		<b id="4" c="4 5" t="ar"/>
		<b id="5" c="5 6" t="ar"/>
		<b id="6" c="6 7" t="ar"/>
		<b id="7" c="7 8" t="1"/>
		<b id="8" c="7 9" t="ar"/>
		<b id="9" c="3 9" t="ar"/>
		<b id="10" c="9 10" t="1"/>
		<b id="11" c="10 11" t="ar"/>
		<b id="12" c="11 12" t="ar"/>
		<b id="13" c="12 13" t="ar"/>
		<b id="14" c="13 14" t="ar"/>
		<b id="15" c="14 15" t="1"/>
		<b id="16" c="14 16" t="ar"/>
		<b id="17" c="10 16" t="ar"/>
		<b id="18" c="16 17" t="1"/>
		<b id="19" c="17 18" t="1"/>
		<b id="20" c="18 19" t="1"/>
		<b id="21" c="17 20" t="1"/>
		<b id="22" c="20 21" t="1"/>
		<b id="23" c="1 22" t="1"/>
		<b id="24" c="1 23" t="1"/>
		<b id="25" c="1 24" t="1"/>
		<b id="26" c="2 25" t="1"/>
		<b id="27" c="2 26" t="1"/>
		<b id="28" c="4 27" t="1"/>
		<b id="29" c="5 28" t="1"/>
		<b id="30" c="6 29" t="1"/>
		<b id="31" c="11 30" t="1"/>
		<b id="32" c="12 31" t="1"/>
		<b id="33" c="13 32" t="1"/>
		<b id="34" c="17 33" t="1"/>
		<b id="35" c="19 34" t="1"/>
		<b id="36" c="19 35" t="1"/>
		<b id="37" c="19 36" t="1"/>
		<b id="38" c="21 37" t="1"/>
		<b id="39" c="21 38" t="1"/>
		<b id="40" c="21 39" t="1"/>
	</bonds>
	<geometry>
		<g u="A" t="cart/3d">#39,3:1.1518,-4.0783,-3.7589;1.2039,-3.5566,-2.3288;2.1929,-2.4508,-2.0798;2.8688,-1.7964,-3.1004;3.7568,-0.7688,-2.8298;3.9878,-0.3689,-1.5276;3.3171,-1.0202,-0.5078;3.6271,-0.4649,1.2956;2.4224,-2.0527,-0.7573;1.7700,-2.7432,0.3818;2.4484,-3.7954,0.9863;1.9103,-4.4457,2.0809;0.6849,-4.0483,2.5802;0.0126,-3.0015,1.9727;-1.1822,-2.6611,2.4859;0.5308,-2.3271,0.8727;-0.2062,-1.1878,0.1951;-1.0746,-1.6376,-0.8248;-2.1444,-2.4577,-0.3888;-0.8548,-0.4249,1.1616;-1.3204,0.8186,0.6892;0.4496,-4.9068,-3.8165;2.1277,-4.4368,-4.0796;0.8145,-3.3056,-4.4452;1.4337,-4.3848,-1.6518;0.2162,-3.1784,-2.0499;2.7059,-2.0867,-4.1252;4.2726,-0.2745,-3.6389;4.6745,0.4313,-1.3005;3.4103,-4.0922,0.5945;2.4471,-5.2569,2.5479;0.2384,-4.5302,3.4354;0.5188,-0.5667,-0.3622;-2.8356,-2.5155,-1.2274;-2.6456,-2.0211,0.4774;-1.7933,-3.4638,-0.1338;-1.8367,1.2844,1.5252;-2.0091,0.6924,-0.1516;-0.4813,1.4488,0.3712;</g>
	</geometry>
	<conformers/>
	<properties/>
</molecule>
