<?xml version="1.0" ?>
<!--MOLLI PACKAGE EXPERIMENTAL XML FORMAT-->
<molecule name="el356">
	<atoms>
		<a id="1" s="C" t="C.3" l="C"/>
		<a id="2" s="C" t="C.3" l="C"/>
		<a id="3" s="O" t="O.3" l="O"/>
		<a id="4" s="C" t="C.2" l="C"/>
		<a id="5" s="O" t="O.2" l="O"/>
		<a id="6" s="C" t="C.ar" l="C"/>
		<a id="7" s="C" t="C.ar" l="C"/>
		<a id="8" s="S" t="S.2" l="S"/>
		<a id="9" s="C" t="C.ar" l="C"/>
		<a id="10" s="Br" t="Br" l="BR"/>
		<a id="11" s="N" t="N.ar" l="N"/>
		<a id="12" s="H" t="H" l="H"/>
		<a id="13" s="H" t="H" l="H"/>
		<a id="14" s="H" t="H" l="H"/>
		<a id="15" s="H" t="H" l="H"/>
		<a id="16" s="H" t="H" l="H"/>
		<a id="17" s="H" t="H" l="H"/>
	</atoms>
	<bonds>
		<b id="1" c="1 2" t="1"/>
		<b id="2" c="2 3" t="1"/>
		<b id="3" c="3 4" t="1"/>
		<b id="4" c="4 5" t="2"/>
		<b id="5" c="4 6" t="1"/>
		<b id="6" c="6 7" t="ar"/>
		<b id="7" c="7 8" t="ar"/>
		<b id="8" c="8 9" t="ar"/>
		<b id="9" c="9 10" t="1"/>
		<b id="10" c="9 11" t="ar"/>
		<b id="11" c="6 11" t="ar"/>
		<b id="12" c="1 12" t="1"/>
		<b id="13" c="1 13" t="1"/>
		<b id="14" c="1 14" t="1"/>
		<b id="15" c="2 15" t="1"/>
		<b id="16" c="2 16" t="1"/>
		<b id="17" c="7 17" t="1"/>
	</bonds>
	<geometry>
		<g u="A" t="cart/3d">#17,3:2.1308,1.5126,1.3680;2.4257,0.2177,0.6254;3.0695,-0.7318,1.4776;4.3861,-0.6425,1.5932;5.0883,0.1521,1.0168;4.9264,-1.6644,2.5211;6.2657,-1.8595,2.7305;6.5321,-3.1130,3.8610;4.7827,-3.2802,3.9730;4.0103,-4.5383,5.0963;4.1119,-2.4811,3.2370;1.5869,2.1899,0.7160;3.0604,1.9875,1.6721;1.5309,1.3096,2.2517;3.0694,0.4132,-0.2386;1.5041,-0.2714,0.3043;7.0751,-1.3293,2.2713;</g>
	</geometry>
	<conformers/>
	<properties/>
</molecule>
