<?xml version="1.0" ?>
<!--MOLLI PACKAGE EXPERIMENTAL XML FORMAT-->
<molecule name="el359">
	<atoms>
		<a id="1" s="C" t="C.3" l="C"/>
		<a id="2" s="O" t="O.3" l="O"/>
		<a id="3" s="C" t="C.2" l="C"/>
		<a id="4" s="O" t="O.2" l="O"/>
		<a id="5" s="C" t="C.3" l="C"/>
		<a id="6" s="C" t="C.3" l="C"/>
		<a id="7" s="C" t="C.3" l="C"/>
		<a id="8" s="C" t="C.3" l="C"/>
		<a id="9" s="C" t="C.3" l="C"/>
		<a id="10" s="C" t="C.ar" l="C"/>
		<a id="11" s="C" t="C.ar" l="C"/>
		<a id="12" s="C" t="C.ar" l="C"/>
		<a id="13" s="C" t="C.ar" l="C"/>
		<a id="14" s="C" t="C.ar" l="C"/>
		<a id="15" s="C" t="C.ar" l="C"/>
		<a id="16" s="C" t="C.ar" l="C"/>
		<a id="17" s="C" t="C.ar" l="C"/>
		<a id="18" s="Br" t="Br" l="BR"/>
		<a id="19" s="C" t="C.ar" l="C"/>
		<a id="20" s="N" t="N.ar" l="N"/>
		<a id="21" s="C" t="C.ar" l="C"/>
		<a id="22" s="C" t="C.ar" l="C"/>
		<a id="23" s="C" t="C.3" l="C"/>
		<a id="24" s="C" t="C.3" l="C"/>
		<a id="25" s="H" t="H" l="H"/>
		<a id="26" s="H" t="H" l="H"/>
		<a id="27" s="H" t="H" l="H"/>
		<a id="28" s="H" t="H" l="H"/>
		<a id="29" s="H" t="H" l="H"/>
		<a id="30" s="H" t="H" l="H"/>
		<a id="31" s="H" t="H" l="H"/>
		<a id="32" s="H" t="H" l="H"/>
		<a id="33" s="H" t="H" l="H"/>
		<a id="34" s="H" t="H" l="H"/>
		<a id="35" s="H" t="H" l="H"/>
		<a id="36" s="H" t="H" l="H"/>
		<a id="37" s="H" t="H" l="H"/>
		<a id="38" s="H" t="H" l="H"/>
		<a id="39" s="H" t="H" l="H"/>
		<a id="40" s="H" t="H" l="H"/>
		<a id="41" s="H" t="H" l="H"/>
		<a id="42" s="H" t="H" l="H"/>
		<a id="43" s="H" t="H" l="H"/>
		<a id="44" s="H" t="H" l="H"/>
		<a id="45" s="H" t="H" l="H"/>
		<a id="46" s="H" t="H" l="H"/>
	</atoms>
	<bonds>
		<b id="1" c="1 2" t="1"/>
		<b id="2" c="2 3" t="1"/>
		<b id="3" c="3 4" t="2"/>
		<b id="4" c="3 5" t="1"/>
		<b id="5" c="6 7" t="1"/>
		<b id="6" c="7 8" t="1"/>
		<b id="7" c="8 9" t="1"/>
		<b id="8" c="10 11" t="ar"/>
		<b id="9" c="11 12" t="ar"/>
		<b id="10" c="12 13" t="ar"/>
		<b id="11" c="13 14" t="1"/>
		<b id="12" c="14 15" t="ar"/>
		<b id="13" c="15 16" t="ar"/>
		<b id="14" c="16 17" t="ar"/>
		<b id="15" c="17 18" t="1"/>
		<b id="16" c="17 19" t="ar"/>
		<b id="17" c="19 20" t="ar"/>
		<b id="18" c="14 20" t="ar"/>
		<b id="19" c="13 21" t="ar"/>
		<b id="20" c="21 22" t="ar"/>
		<b id="21" c="10 22" t="ar"/>
		<b id="22" c="9 23" t="1"/>
		<b id="23" c="23 24" t="1"/>
		<b id="24" c="6 24" t="1"/>
		<b id="25" c="9 10" t="1"/>
		<b id="26" c="6 5" t="1"/>
		<b id="27" c="1 25" t="1"/>
		<b id="28" c="1 26" t="1"/>
		<b id="29" c="1 27" t="1"/>
		<b id="30" c="5 28" t="1"/>
		<b id="31" c="5 29" t="1"/>
		<b id="32" c="6 30" t="1"/>
		<b id="33" c="7 31" t="1"/>
		<b id="34" c="7 32" t="1"/>
		<b id="35" c="8 33" t="1"/>
		<b id="36" c="8 34" t="1"/>
		<b id="37" c="9 35" t="1"/>
		<b id="38" c="11 36" t="1"/>
		<b id="39" c="12 37" t="1"/>
		<b id="40" c="15 38" t="1"/>
		<b id="41" c="16 39" t="1"/>
		<b id="42" c="19 40" t="1"/>
		<b id="43" c="21 41" t="1"/>
		<b id="44" c="22 42" t="1"/>
		<b id="45" c="23 43" t="1"/>
		<b id="46" c="23 44" t="1"/>
		<b id="47" c="24 45" t="1"/>
		<b id="48" c="24 46" t="1"/>
	</bonds>
	<geometry>
		<g u="A" t="cart/3d">#46,3:1.3095,-0.0292,-2.0971;2.6921,-0.2748,-2.3087;2.9943,-1.3051,-3.1106;2.1640,-1.9901,-3.6477;4.4878,-1.4805,-3.2323;5.0917,-1.9636,-1.9015;4.5154,-3.3132,-1.4611;5.0166,-4.4642,-2.3275;6.5477,-4.5570,-2.2790;7.0866,-4.9271,-0.9103;6.3959,-5.8122,-0.0850;6.8942,-6.2039,1.1416;8.1211,-5.7271,1.5964;8.6950,-6.1277,2.8835;8.3469,-7.3220,3.5236;8.9379,-7.6385,4.7315;9.8617,-6.7505,5.2620;10.7138,-7.1199,6.9225;10.1637,-5.5920,4.5597;9.5975,-5.2993,3.4118;8.8189,-4.8411,0.7782;8.3147,-4.4581,-0.4480;7.0911,-3.2310,-2.8258;6.6190,-2.0527,-1.9776;1.2502,0.8213,-1.4231;0.8317,-0.9052,-1.6529;0.8149,0.1962,-3.0443;4.9277,-0.5156,-3.4891;4.6784,-2.1886,-4.0363;4.8292,-1.2142,-1.1462;3.4249,-3.2788,-1.4988;4.8098,-3.4957,-0.4247;4.7083,-4.3063,-3.3620;4.5517,-5.3953,-2.0052;6.8622,-5.3611,-2.9599;5.4461,-6.2179,-0.3962;6.3063,-6.8721,1.7535;7.6418,-8.0046,3.0767;8.6938,-8.5544,5.2490;10.8852,-4.8789,4.9361;9.7707,-4.4651,1.1192;8.9058,-3.7858,-1.0487;6.7354,-3.1122,-3.8508;8.1803,-3.2421,-2.8739;7.0221,-1.1224,-2.3839;7.0056,-2.1688,-0.9631;</g>
	</geometry>
	<conformers/>
	<properties/>
</molecule>
