<?xml version="1.0" ?>
<!--MOLLI PACKAGE EXPERIMENTAL XML FORMAT-->
<molecule name="el37">
	<atoms>
		<a id="1" s="C" t="C.3" l="C"/>
		<a id="2" s="C" t="C.3" l="C"/>
		<a id="3" s="N" t="N.ar" l="N"/>
		<a id="4" s="C" t="C.ar" l="C"/>
		<a id="5" s="O" t="O.2" l="O"/>
		<a id="6" s="C" t="C.ar" l="C"/>
		<a id="7" s="C" t="C.2" l="C"/>
		<a id="8" s="S" t="S.3" l="S"/>
		<a id="9" s="C" t="C.ar" l="C"/>
		<a id="10" s="C" t="C.ar" l="C"/>
		<a id="11" s="C" t="C.ar" l="C"/>
		<a id="12" s="C" t="C.ar" l="C"/>
		<a id="13" s="C" t="C.3" l="C"/>
		<a id="14" s="C" t="C.ar" l="C"/>
		<a id="15" s="C" t="C.ar" l="C"/>
		<a id="16" s="N" t="N.pl3" l="N"/>
		<a id="17" s="C" t="C.3" l="C"/>
		<a id="18" s="S" t="S.2" l="S"/>
		<a id="19" s="C" t="C.ar" l="C"/>
		<a id="20" s="C" t="C.2" l="C"/>
		<a id="21" s="C" t="C.ar" l="C"/>
		<a id="22" s="C" t="C.ar" l="C"/>
		<a id="23" s="C" t="C.ar" l="C"/>
		<a id="24" s="N" t="N.ar" l="N"/>
		<a id="25" s="C" t="C.ar" l="C"/>
		<a id="26" s="C" t="C.ar" l="C"/>
		<a id="27" s="Br" t="Br" l="BR"/>
		<a id="28" s="H" t="H" l="H"/>
		<a id="29" s="H" t="H" l="H"/>
		<a id="30" s="H" t="H" l="H"/>
		<a id="31" s="H" t="H" l="H"/>
		<a id="32" s="H" t="H" l="H"/>
		<a id="33" s="H" t="H" l="H"/>
		<a id="34" s="H" t="H" l="H"/>
		<a id="35" s="H" t="H" l="H"/>
		<a id="36" s="H" t="H" l="H"/>
		<a id="37" s="H" t="H" l="H"/>
		<a id="38" s="H" t="H" l="H"/>
		<a id="39" s="H" t="H" l="H"/>
		<a id="40" s="H" t="H" l="H"/>
		<a id="41" s="H" t="H" l="H"/>
		<a id="42" s="H" t="H" l="H"/>
		<a id="43" s="H" t="H" l="H"/>
		<a id="44" s="H" t="H" l="H"/>
		<a id="45" s="H" t="H" l="H"/>
	</atoms>
	<bonds>
		<b id="1" c="1 2" t="1"/>
		<b id="2" c="2 3" t="1"/>
		<b id="3" c="3 4" t="ar"/>
		<b id="4" c="4 5" t="2"/>
		<b id="5" c="4 6" t="ar"/>
		<b id="6" c="6 7" t="2"/>
		<b id="7" c="7 8" t="1"/>
		<b id="8" c="8 9" t="1"/>
		<b id="9" c="9 10" t="ar"/>
		<b id="10" c="10 11" t="ar"/>
		<b id="11" c="11 12" t="ar"/>
		<b id="12" c="12 13" t="1"/>
		<b id="13" c="12 14" t="ar"/>
		<b id="14" c="14 15" t="ar"/>
		<b id="15" c="9 15" t="ar"/>
		<b id="16" c="15 16" t="1"/>
		<b id="17" c="7 16" t="1"/>
		<b id="18" c="16 17" t="1"/>
		<b id="19" c="6 18" t="ar"/>
		<b id="20" c="18 19" t="ar"/>
		<b id="21" c="3 19" t="ar"/>
		<b id="22" c="19 20" t="2"/>
		<b id="23" c="20 21" t="1"/>
		<b id="24" c="21 22" t="ar"/>
		<b id="25" c="22 23" t="ar"/>
		<b id="26" c="23 24" t="ar"/>
		<b id="27" c="24 25" t="ar"/>
		<b id="28" c="25 26" t="ar"/>
		<b id="29" c="21 26" t="ar"/>
		<b id="30" c="26 27" t="1"/>
		<b id="31" c="1 28" t="1"/>
		<b id="32" c="1 29" t="1"/>
		<b id="33" c="1 30" t="1"/>
		<b id="34" c="2 31" t="1"/>
		<b id="35" c="2 32" t="1"/>
		<b id="36" c="10 33" t="1"/>
		<b id="37" c="11 34" t="1"/>
		<b id="38" c="13 35" t="1"/>
		<b id="39" c="13 36" t="1"/>
		<b id="40" c="13 37" t="1"/>
		<b id="41" c="14 38" t="1"/>
		<b id="42" c="17 39" t="1"/>
		<b id="43" c="17 40" t="1"/>
		<b id="44" c="17 41" t="1"/>
		<b id="45" c="20 42" t="1"/>
		<b id="46" c="22 43" t="1"/>
		<b id="47" c="23 44" t="1"/>
		<b id="48" c="25 45" t="1"/>
	</bonds>
	<geometry>
		<g u="A" t="cart/3d">#45,3:1.2958,0.4569,-0.5324;2.6885,-0.1633,-0.5022;3.1614,-0.4854,-1.8303;3.1161,-1.7848,-2.2779;2.7757,-2.7411,-1.5883;3.5209,-1.8898,-3.6467;3.5146,-3.1219,-4.2384;3.0616,-4.5034,-3.2673;3.3478,-5.5454,-4.6554;3.2150,-6.9189,-4.7187;3.4995,-7.5622,-5.9100;3.9164,-6.8502,-7.0312;4.2314,-7.5532,-8.3169;4.0463,-5.4689,-6.9614;3.7575,-4.8115,-5.7742;3.8257,-3.4564,-5.5181;4.1478,-2.4559,-6.5037;3.9651,-0.3113,-4.2778;3.5644,0.4573,-2.7454;3.7458,1.7713,-2.4982;4.1643,2.7547,-3.4786;5.2376,3.6089,-3.1917;5.6540,4.5298,-4.1307;5.0826,4.6693,-5.3185;4.0414,3.9106,-5.5949;3.5434,2.9627,-4.7151;1.9304,2.0693,-5.1885;0.9749,0.6877,0.4795;0.5883,-0.2418,-0.9722;1.2901,1.3713,-1.1209;2.6636,-1.1128,0.0396;3.4056,0.5049,-0.0163;2.8963,-7.4702,-3.8490;3.3996,-8.6351,-5.9702;4.0828,-8.6249,-8.2205;5.2656,-7.3706,-8.6061;3.5922,-7.1846,-9.1181;4.3773,-4.9297,-7.8358;4.1937,-2.9185,-7.4849;5.1105,-1.9894,-6.2836;3.3790,-1.6823,-6.5198;3.6709,2.1282,-1.4815;5.7420,3.5220,-2.2411;6.4885,5.1895,-3.9354;3.5708,4.0720,-6.5555;</g>
	</geometry>
	<conformers/>
	<properties/>
</molecule>
