<?xml version="1.0" ?>
<!--MOLLI PACKAGE EXPERIMENTAL XML FORMAT-->
<molecule name="el365">
	<atoms>
		<a id="1" s="O" t="O.co2" l="O"/>
		<a id="2" s="C" t="C.ar" l="C"/>
		<a id="3" s="C" t="C.ar" l="C"/>
		<a id="4" s="C" t="C.ar" l="C"/>
		<a id="5" s="C" t="C.ar" l="C"/>
		<a id="6" s="Br" t="Br" l="BR"/>
		<a id="7" s="C" t="C.ar" l="C"/>
		<a id="8" s="C" t="C.ar" l="C"/>
		<a id="9" s="C" t="C.ar" l="C"/>
		<a id="10" s="C" t="C.ar" l="C"/>
		<a id="11" s="C" t="C.ar" l="C"/>
		<a id="12" s="C" t="C.ar" l="C"/>
		<a id="13" s="N" t="N.ar" l="N"/>
		<a id="14" s="N" t="N.ar" l="N"/>
		<a id="15" s="N" t="N.ar" l="N"/>
		<a id="16" s="C" t="C.ar" l="C"/>
		<a id="17" s="C" t="C.ar" l="C"/>
		<a id="18" s="C" t="C.ar" l="C"/>
		<a id="19" s="C" t="C.ar" l="C"/>
		<a id="20" s="C" t="C.3" l="C"/>
		<a id="21" s="F" t="F" l="F"/>
		<a id="22" s="F" t="F" l="F"/>
		<a id="23" s="F" t="F" l="F"/>
		<a id="24" s="C" t="C.ar" l="C"/>
		<a id="25" s="C" t="C.ar" l="C"/>
		<a id="26" s="H" t="H" l="H"/>
		<a id="27" s="H" t="H" l="H"/>
		<a id="28" s="H" t="H" l="H"/>
		<a id="29" s="H" t="H" l="H"/>
		<a id="30" s="H" t="H" l="H"/>
		<a id="31" s="H" t="H" l="H"/>
		<a id="32" s="H" t="H" l="H"/>
		<a id="33" s="H" t="H" l="H"/>
		<a id="34" s="H" t="H" l="H"/>
	</atoms>
	<bonds>
		<b id="1" c="1 2" t="1"/>
		<b id="2" c="2 3" t="ar"/>
		<b id="3" c="3 4" t="ar"/>
		<b id="4" c="4 5" t="ar"/>
		<b id="5" c="5 6" t="1"/>
		<b id="6" c="5 7" t="ar"/>
		<b id="7" c="7 8" t="ar"/>
		<b id="8" c="8 9" t="ar"/>
		<b id="9" c="9 10" t="ar"/>
		<b id="10" c="10 11" t="ar"/>
		<b id="11" c="11 12" t="ar"/>
		<b id="12" c="7 12" t="ar"/>
		<b id="13" c="12 13" t="ar"/>
		<b id="14" c="3 13" t="ar"/>
		<b id="15" c="13 14" t="ar"/>
		<b id="16" c="14 15" t="ar"/>
		<b id="17" c="2 15" t="ar"/>
		<b id="18" c="15 16" t="1"/>
		<b id="19" c="16 17" t="ar"/>
		<b id="20" c="17 18" t="ar"/>
		<b id="21" c="18 19" t="ar"/>
		<b id="22" c="19 20" t="1"/>
		<b id="23" c="20 21" t="1"/>
		<b id="24" c="20 22" t="1"/>
		<b id="25" c="20 23" t="1"/>
		<b id="26" c="19 24" t="ar"/>
		<b id="27" c="24 25" t="ar"/>
		<b id="28" c="16 25" t="ar"/>
		<b id="29" c="4 26" t="1"/>
		<b id="30" c="8 27" t="1"/>
		<b id="31" c="9 28" t="1"/>
		<b id="32" c="10 29" t="1"/>
		<b id="33" c="11 30" t="1"/>
		<b id="34" c="17 31" t="1"/>
		<b id="35" c="18 32" t="1"/>
		<b id="36" c="24 33" t="1"/>
		<b id="37" c="25 34" t="1"/>
	</bonds>
	<geometry>
		<g u="A" t="cart/3d">#34,3:1.0741,-0.3081,-0.4379;2.2635,-0.0951,-0.3177;2.9986,1.1352,-0.1649;2.6056,2.4744,-0.1095;3.5641,3.4339,0.0381;3.0361,5.2570,0.1123;4.9494,3.0885,0.1356;5.9821,4.0264,0.2858;7.2938,3.6263,0.3718;7.6316,2.2744,0.3123;6.6462,1.3262,0.1658;5.3127,1.7237,0.0774;4.3130,0.7853,-0.0725;4.5099,-0.4977,-0.1442;3.2925,-1.0535,-0.2937;3.1843,-2.4384,-0.4136;4.3411,-3.2144,-0.3293;4.2618,-4.5848,-0.4560;3.0267,-5.1883,-0.6633;2.9482,-6.6764,-0.8420;3.9030,-7.3342,-0.1648;1.7754,-7.1912,-0.4446;3.0954,-7.0377,-2.1340;1.8737,-4.4185,-0.7467;1.9469,-3.0454,-0.6198;1.5560,2.7070,-0.1866;5.7330,5.0752,0.3329;8.0702,4.3667,0.4864;8.6649,1.9732,0.3806;6.8705,0.2730,0.1153;5.2890,-2.7291,-0.1669;5.1531,-5.1894,-0.3906;0.9187,-4.8940,-0.9072;1.0559,-2.4429,-0.6807;</g>
	</geometry>
	<conformers/>
	<properties/>
</molecule>
