<?xml version="1.0" ?>
<!--MOLLI PACKAGE EXPERIMENTAL XML FORMAT-->
<molecule name="el366">
	<atoms>
		<a id="1" s="C" t="C.3" l="C"/>
		<a id="2" s="C" t="C.3" l="C"/>
		<a id="3" s="C" t="C.3" l="C"/>
		<a id="4" s="C" t="C.3" l="C"/>
		<a id="5" s="O" t="O.3" l="O"/>
		<a id="6" s="C" t="C.2" l="C"/>
		<a id="7" s="O" t="O.2" l="O"/>
		<a id="8" s="N" t="N.am" l="N"/>
		<a id="9" s="S" t="S.3" l="S"/>
		<a id="10" s="C" t="C.3" l="C"/>
		<a id="11" s="O" t="O.2" l="O"/>
		<a id="12" s="C" t="C.ar" l="C"/>
		<a id="13" s="C" t="C.ar" l="C"/>
		<a id="14" s="C" t="C.ar" l="C"/>
		<a id="15" s="C" t="C.ar" l="C"/>
		<a id="16" s="Br" t="Br" l="BR"/>
		<a id="17" s="C" t="C.ar" l="C"/>
		<a id="18" s="C" t="C.ar" l="C"/>
		<a id="19" s="H" t="H" l="H"/>
		<a id="20" s="H" t="H" l="H"/>
		<a id="21" s="H" t="H" l="H"/>
		<a id="22" s="H" t="H" l="H"/>
		<a id="23" s="H" t="H" l="H"/>
		<a id="24" s="H" t="H" l="H"/>
		<a id="25" s="H" t="H" l="H"/>
		<a id="26" s="H" t="H" l="H"/>
		<a id="27" s="H" t="H" l="H"/>
		<a id="28" s="H" t="H" l="H"/>
		<a id="29" s="H" t="H" l="H"/>
		<a id="30" s="H" t="H" l="H"/>
		<a id="31" s="H" t="H" l="H"/>
		<a id="32" s="H" t="H" l="H"/>
		<a id="33" s="H" t="H" l="H"/>
		<a id="34" s="H" t="H" l="H"/>
	</atoms>
	<bonds>
		<b id="1" c="1 2" t="1"/>
		<b id="2" c="2 3" t="1"/>
		<b id="3" c="2 4" t="1"/>
		<b id="4" c="2 5" t="1"/>
		<b id="5" c="5 6" t="1"/>
		<b id="6" c="6 7" t="2"/>
		<b id="7" c="6 8" t="1"/>
		<b id="8" c="8 9" t="2"/>
		<b id="9" c="9 10" t="1"/>
		<b id="10" c="9 11" t="2"/>
		<b id="11" c="9 12" t="1"/>
		<b id="12" c="12 13" t="ar"/>
		<b id="13" c="13 14" t="ar"/>
		<b id="14" c="14 15" t="ar"/>
		<b id="15" c="15 16" t="1"/>
		<b id="16" c="15 17" t="ar"/>
		<b id="17" c="17 18" t="ar"/>
		<b id="18" c="12 18" t="ar"/>
		<b id="19" c="1 19" t="1"/>
		<b id="20" c="1 20" t="1"/>
		<b id="21" c="1 21" t="1"/>
		<b id="22" c="3 22" t="1"/>
		<b id="23" c="3 23" t="1"/>
		<b id="24" c="3 24" t="1"/>
		<b id="25" c="4 25" t="1"/>
		<b id="26" c="4 26" t="1"/>
		<b id="27" c="4 27" t="1"/>
		<b id="28" c="10 28" t="1"/>
		<b id="29" c="10 29" t="1"/>
		<b id="30" c="10 30" t="1"/>
		<b id="31" c="13 31" t="1"/>
		<b id="32" c="14 32" t="1"/>
		<b id="33" c="17 33" t="1"/>
		<b id="34" c="18 34" t="1"/>
	</bonds>
	<geometry>
		<g u="A" t="cart/3d">#34,3:2.7302,-0.4902,-1.0318;2.8151,0.3293,0.2565;3.5296,1.6589,0.0142;1.4172,0.5716,0.8279;3.4896,-0.4246,1.2921;4.7596,-0.7943,1.1395;5.4468,-0.5981,0.1567;5.1706,-1.4765,2.2387;6.6627,-1.8678,2.4197;7.3947,-2.7064,0.9781;7.5842,-0.8692,2.8874;6.5687,-3.1687,3.6497;5.4330,-3.9544,3.7323;5.3753,-4.9728,4.6670;6.4635,-5.1830,5.5016;6.3934,-6.5840,6.7781;7.6000,-4.3913,5.4292;7.6480,-3.3752,4.4913;2.1474,0.0507,-1.7724;2.2515,-1.4471,-0.8342;3.7265,-0.6689,-1.4260;2.9688,2.2523,-0.7029;4.5281,1.4814,-0.3752;3.6110,2.2120,0.9473;0.8213,1.1452,0.1238;1.4903,1.1189,1.7636;0.9251,-0.3773,1.0228;7.3339,-2.0139,0.1460;6.8150,-3.5985,0.7787;8.4230,-2.9380,1.2230;4.6021,-3.7395,3.0802;4.4982,-5.5955,4.7517;8.4294,-4.5668,6.0970;8.5050,-2.7246,4.4136;</g>
	</geometry>
	<conformers/>
	<properties/>
</molecule>
