<?xml version="1.0" ?>
<!--MOLLI PACKAGE EXPERIMENTAL XML FORMAT-->
<molecule name="el367">
	<atoms>
		<a id="1" s="C" t="C.3" l="C"/>
		<a id="2" s="C" t="C.3" l="C"/>
		<a id="3" s="C" t="C.3" l="C"/>
		<a id="4" s="C" t="C.3" l="C"/>
		<a id="5" s="O" t="O.3" l="O"/>
		<a id="6" s="C" t="C.2" l="C"/>
		<a id="7" s="O" t="O.2" l="O"/>
		<a id="8" s="N" t="N.am" l="N"/>
		<a id="9" s="C" t="C.3" l="C"/>
		<a id="10" s="C" t="C.3" l="C"/>
		<a id="11" s="C" t="C.ar" l="C"/>
		<a id="12" s="C" t="C.ar" l="C"/>
		<a id="13" s="C" t="C.ar" l="C"/>
		<a id="14" s="C" t="C.ar" l="C"/>
		<a id="15" s="C" t="C.ar" l="C"/>
		<a id="16" s="C" t="C.ar" l="C"/>
		<a id="17" s="C" t="C.2" l="C"/>
		<a id="18" s="O" t="O.2" l="O"/>
		<a id="19" s="N" t="N.am" l="N"/>
		<a id="20" s="S" t="S.3" l="S"/>
		<a id="21" s="C" t="C.3" l="C"/>
		<a id="22" s="O" t="O.2" l="O"/>
		<a id="23" s="C" t="C.ar" l="C"/>
		<a id="24" s="C" t="C.ar" l="C"/>
		<a id="25" s="C" t="C.ar" l="C"/>
		<a id="26" s="C" t="C.ar" l="C"/>
		<a id="27" s="Br" t="Br" l="BR"/>
		<a id="28" s="C" t="C.ar" l="C"/>
		<a id="29" s="C" t="C.ar" l="C"/>
		<a id="30" s="H" t="H" l="H"/>
		<a id="31" s="H" t="H" l="H"/>
		<a id="32" s="H" t="H" l="H"/>
		<a id="33" s="H" t="H" l="H"/>
		<a id="34" s="H" t="H" l="H"/>
		<a id="35" s="H" t="H" l="H"/>
		<a id="36" s="H" t="H" l="H"/>
		<a id="37" s="H" t="H" l="H"/>
		<a id="38" s="H" t="H" l="H"/>
		<a id="39" s="H" t="H" l="H"/>
		<a id="40" s="H" t="H" l="H"/>
		<a id="41" s="H" t="H" l="H"/>
		<a id="42" s="H" t="H" l="H"/>
		<a id="43" s="H" t="H" l="H"/>
		<a id="44" s="H" t="H" l="H"/>
		<a id="45" s="H" t="H" l="H"/>
		<a id="46" s="H" t="H" l="H"/>
		<a id="47" s="H" t="H" l="H"/>
		<a id="48" s="H" t="H" l="H"/>
		<a id="49" s="H" t="H" l="H"/>
		<a id="50" s="H" t="H" l="H"/>
		<a id="51" s="H" t="H" l="H"/>
		<a id="52" s="H" t="H" l="H"/>
		<a id="53" s="H" t="H" l="H"/>
		<a id="54" s="H" t="H" l="H"/>
	</atoms>
	<bonds>
		<b id="1" c="1 2" t="1"/>
		<b id="2" c="2 3" t="1"/>
		<b id="3" c="2 4" t="1"/>
		<b id="4" c="2 5" t="1"/>
		<b id="5" c="5 6" t="1"/>
		<b id="6" c="6 7" t="2"/>
		<b id="7" c="6 8" t="am"/>
		<b id="8" c="8 9" t="1"/>
		<b id="9" c="9 10" t="1"/>
		<b id="10" c="10 11" t="1"/>
		<b id="11" c="11 12" t="ar"/>
		<b id="12" c="12 13" t="ar"/>
		<b id="13" c="13 14" t="ar"/>
		<b id="14" c="14 15" t="ar"/>
		<b id="15" c="15 16" t="ar"/>
		<b id="16" c="11 16" t="ar"/>
		<b id="17" c="9 17" t="1"/>
		<b id="18" c="17 18" t="2"/>
		<b id="19" c="17 19" t="1"/>
		<b id="20" c="19 20" t="2"/>
		<b id="21" c="20 21" t="1"/>
		<b id="22" c="20 22" t="2"/>
		<b id="23" c="20 23" t="1"/>
		<b id="24" c="23 24" t="ar"/>
		<b id="25" c="24 25" t="ar"/>
		<b id="26" c="25 26" t="ar"/>
		<b id="27" c="26 27" t="1"/>
		<b id="28" c="26 28" t="ar"/>
		<b id="29" c="28 29" t="ar"/>
		<b id="30" c="23 29" t="ar"/>
		<b id="31" c="1 30" t="1"/>
		<b id="32" c="1 31" t="1"/>
		<b id="33" c="1 32" t="1"/>
		<b id="34" c="3 33" t="1"/>
		<b id="35" c="3 34" t="1"/>
		<b id="36" c="3 35" t="1"/>
		<b id="37" c="4 36" t="1"/>
		<b id="38" c="4 37" t="1"/>
		<b id="39" c="4 38" t="1"/>
		<b id="40" c="8 39" t="1"/>
		<b id="41" c="9 40" t="1"/>
		<b id="42" c="10 41" t="1"/>
		<b id="43" c="10 42" t="1"/>
		<b id="44" c="12 43" t="1"/>
		<b id="45" c="13 44" t="1"/>
		<b id="46" c="14 45" t="1"/>
		<b id="47" c="15 46" t="1"/>
		<b id="48" c="16 47" t="1"/>
		<b id="49" c="21 48" t="1"/>
		<b id="50" c="21 49" t="1"/>
		<b id="51" c="21 50" t="1"/>
		<b id="52" c="24 51" t="1"/>
		<b id="53" c="25 52" t="1"/>
		<b id="54" c="28 53" t="1"/>
		<b id="55" c="29 54" t="1"/>
	</bonds>
	<geometry>
		<g u="A" t="cart/3d">#54,3:2.0555,1.3910,0.1164;2.2021,-0.1301,0.1554;3.0199,-0.5697,1.3703;0.8273,-0.8003,0.1657;2.8163,-0.6076,-1.0647;4.0554,-0.2031,-1.4060;4.7726,0.5329,-0.7701;4.3911,-0.7447,-2.5985;5.6898,-0.5670,-3.1860;6.7482,-1.5211,-2.5642;6.4931,-2.9427,-2.9667;7.2793,-3.5505,-3.9378;7.0147,-4.8442,-4.3543;5.9505,-5.5446,-3.8122;5.1650,-4.9496,-2.8401;5.4397,-3.6625,-2.4147;5.6462,-0.8458,-4.6799;6.4846,-0.3918,-5.4450;4.6487,-1.6759,-5.0245;4.4977,-2.2288,-6.4845;6.0676,-2.8198,-7.1747;3.5413,-3.2955,-6.5146;3.9328,-0.9564,-7.6323;4.6865,0.1859,-7.8470;4.2215,1.1478,-8.7268;3.0107,0.9451,-9.3738;2.3779,2.2595,-10.5874;2.2532,-0.1964,-9.1553;2.7223,-1.1536,-8.2738;1.5252,1.7313,1.0014;1.4968,1.6890,-0.7685;3.0352,1.8596,0.0880;2.5043,-0.2829,2.2826;3.9982,-0.0976,1.3524;3.1492,-1.6502,1.3627;0.2668,-0.4852,1.0408;0.9393,-1.8810,0.1844;0.2746,-0.5269,-0.7293;3.7721,-1.3941,-3.0594;6.0190,0.4630,-3.0082;6.6934,-1.3998,-1.4806;7.7334,-1.2020,-2.9069;8.1058,-3.0030,-4.3697;7.6463,-5.3111,-5.0988;5.7383,-6.5511,-4.1421;4.3371,-5.4935,-2.4093;4.8315,-3.2094,-1.6456;6.3487,-3.7017,-6.6090;6.8037,-2.0336,-7.0573;5.8946,-3.0605,-8.2162;5.6171,0.3257,-7.3185;4.7909,2.0468,-8.9060;1.3125,-0.3309,-9.6663;2.1664,-2.0547,-8.0723;</g>
	</geometry>
	<conformers/>
	<properties/>
</molecule>
