<?xml version="1.0" ?>
<!--MOLLI PACKAGE EXPERIMENTAL XML FORMAT-->
<molecule name="el369">
	<atoms>
		<a id="1" s="C" t="C.3" l="C"/>
		<a id="2" s="C" t="C.3" l="C"/>
		<a id="3" s="O" t="O.3" l="O"/>
		<a id="4" s="C" t="C.2" l="C"/>
		<a id="5" s="O" t="O.2" l="O"/>
		<a id="6" s="C" t="C.ar" l="C"/>
		<a id="7" s="S" t="S.2" l="S"/>
		<a id="8" s="C" t="C.ar" l="C"/>
		<a id="9" s="S" t="S.3" l="S"/>
		<a id="10" s="C" t="C.3" l="C"/>
		<a id="11" s="C" t="C.ar" l="C"/>
		<a id="12" s="C" t="C.2" l="C"/>
		<a id="13" s="O" t="O.2" l="O"/>
		<a id="14" s="O" t="O.3" l="O"/>
		<a id="15" s="C" t="C.3" l="C"/>
		<a id="16" s="C" t="C.3" l="C"/>
		<a id="17" s="C" t="C.ar" l="C"/>
		<a id="18" s="Br" t="Br" l="BR"/>
		<a id="19" s="H" t="H" l="H"/>
		<a id="20" s="H" t="H" l="H"/>
		<a id="21" s="H" t="H" l="H"/>
		<a id="22" s="H" t="H" l="H"/>
		<a id="23" s="H" t="H" l="H"/>
		<a id="24" s="H" t="H" l="H"/>
		<a id="25" s="H" t="H" l="H"/>
		<a id="26" s="H" t="H" l="H"/>
		<a id="27" s="H" t="H" l="H"/>
		<a id="28" s="H" t="H" l="H"/>
		<a id="29" s="H" t="H" l="H"/>
		<a id="30" s="H" t="H" l="H"/>
		<a id="31" s="H" t="H" l="H"/>
	</atoms>
	<bonds>
		<b id="1" c="1 2" t="1"/>
		<b id="2" c="2 3" t="1"/>
		<b id="3" c="3 4" t="1"/>
		<b id="4" c="4 5" t="2"/>
		<b id="5" c="4 6" t="1"/>
		<b id="6" c="6 7" t="ar"/>
		<b id="7" c="7 8" t="ar"/>
		<b id="8" c="8 9" t="1"/>
		<b id="9" c="9 10" t="1"/>
		<b id="10" c="8 11" t="ar"/>
		<b id="11" c="11 12" t="1"/>
		<b id="12" c="12 13" t="2"/>
		<b id="13" c="12 14" t="1"/>
		<b id="14" c="14 15" t="1"/>
		<b id="15" c="15 16" t="1"/>
		<b id="16" c="11 17" t="ar"/>
		<b id="17" c="6 17" t="ar"/>
		<b id="18" c="17 18" t="1"/>
		<b id="19" c="1 19" t="1"/>
		<b id="20" c="1 20" t="1"/>
		<b id="21" c="1 21" t="1"/>
		<b id="22" c="2 22" t="1"/>
		<b id="23" c="2 23" t="1"/>
		<b id="24" c="10 24" t="1"/>
		<b id="25" c="10 25" t="1"/>
		<b id="26" c="10 26" t="1"/>
		<b id="27" c="15 27" t="1"/>
		<b id="28" c="15 28" t="1"/>
		<b id="29" c="16 29" t="1"/>
		<b id="30" c="16 30" t="1"/>
		<b id="31" c="16 31" t="1"/>
	</bonds>
	<geometry>
		<g u="A" t="cart/3d">#31,3:6.2774,-0.2393,-1.0496;5.4746,0.8019,-0.2837;5.5888,0.6156,1.1265;4.7865,-0.3107,1.6793;3.9720,-0.9627,1.0759;5.0368,-0.3986,3.1116;6.2471,0.6255,3.8280;5.9387,-0.0454,5.3907;6.7472,0.4170,6.8327;7.8635,1.6875,6.1482;4.9465,-1.0187,5.3520;4.5852,-1.6742,6.6069;5.1334,-1.3707,7.6494;3.6473,-2.6030,6.4867;3.2283,-3.2706,7.6769;2.2135,-2.4400,8.4481;4.4395,-1.2087,4.0453;3.0945,-2.4262,3.6023;6.2212,-0.0299,-2.1137;5.8714,-1.2309,-0.8646;7.3186,-0.2176,-0.7366;4.4172,0.7443,-0.5622;5.8553,1.8089,-0.4653;8.4454,2.0656,6.9815;7.2811,2.4891,5.7052;8.5190,1.2413,5.4070;4.1068,-3.4730,8.2982;2.7893,-4.2070,7.3273;2.6753,-1.5207,8.8005;1.8568,-3.0050,9.3042;1.3701,-2.1927,7.8082;</g>
	</geometry>
	<conformers/>
	<properties/>
</molecule>
