<?xml version="1.0" ?>
<!--MOLLI PACKAGE EXPERIMENTAL XML FORMAT-->
<molecule name="el372">
	<atoms>
		<a id="1" s="C" t="C.3" l="C"/>
		<a id="2" s="C" t="C.3" l="C"/>
		<a id="3" s="O" t="O.3" l="O"/>
		<a id="4" s="C" t="C.2" l="C"/>
		<a id="5" s="O" t="O.2" l="O"/>
		<a id="6" s="C" t="C.ar" l="C"/>
		<a id="7" s="S" t="S.2" l="S"/>
		<a id="8" s="C" t="C.ar" l="C"/>
		<a id="9" s="S" t="S.3" l="S"/>
		<a id="10" s="C" t="C.3" l="C"/>
		<a id="11" s="C" t="C.ar" l="C"/>
		<a id="12" s="C" t="C.1" l="C"/>
		<a id="13" s="N" t="N.1" l="N"/>
		<a id="14" s="C" t="C.ar" l="C"/>
		<a id="15" s="Br" t="Br" l="BR"/>
		<a id="16" s="H" t="H" l="H"/>
		<a id="17" s="H" t="H" l="H"/>
		<a id="18" s="H" t="H" l="H"/>
		<a id="19" s="H" t="H" l="H"/>
		<a id="20" s="H" t="H" l="H"/>
		<a id="21" s="H" t="H" l="H"/>
		<a id="22" s="H" t="H" l="H"/>
		<a id="23" s="H" t="H" l="H"/>
	</atoms>
	<bonds>
		<b id="1" c="1 2" t="1"/>
		<b id="2" c="2 3" t="1"/>
		<b id="3" c="3 4" t="1"/>
		<b id="4" c="4 5" t="2"/>
		<b id="5" c="4 6" t="1"/>
		<b id="6" c="6 7" t="ar"/>
		<b id="7" c="7 8" t="ar"/>
		<b id="8" c="8 9" t="1"/>
		<b id="9" c="9 10" t="1"/>
		<b id="10" c="8 11" t="ar"/>
		<b id="11" c="11 12" t="1"/>
		<b id="12" c="12 13" t="3"/>
		<b id="13" c="11 14" t="ar"/>
		<b id="14" c="6 14" t="ar"/>
		<b id="15" c="14 15" t="1"/>
		<b id="16" c="1 16" t="1"/>
		<b id="17" c="1 17" t="1"/>
		<b id="18" c="1 18" t="1"/>
		<b id="19" c="2 19" t="1"/>
		<b id="20" c="2 20" t="1"/>
		<b id="21" c="10 21" t="1"/>
		<b id="22" c="10 22" t="1"/>
		<b id="23" c="10 23" t="1"/>
	</bonds>
	<geometry>
		<g u="A" t="cart/3d">#23,3:3.5444,0.8904,-2.0483;4.8879,0.6008,-1.3960;5.2189,1.6131,-0.4442;4.8270,1.4234,0.8143;4.2528,0.4444,1.2311;5.1835,2.5463,1.6801;4.8206,2.3579,3.3685;5.4498,3.9318,3.7192;5.4927,4.6121,5.3096;4.7462,3.2683,6.2725;5.9115,4.5700,2.5773;6.4681,5.8605,2.5735;6.9242,6.9118,2.5596;5.7531,3.7658,1.4195;6.2714,4.3594,-0.2824;3.3475,0.1505,-2.8184;3.5544,1.8801,-2.4988;2.7501,0.8465,-1.3067;5.6959,0.6275,-2.1299;4.8698,-0.3693,-0.8886;4.7253,3.6096,7.3029;5.3564,2.3736,6.1847;3.7366,3.0811,5.9168;</g>
	</geometry>
	<conformers/>
	<properties/>
</molecule>
