<?xml version="1.0" ?>
<!--MOLLI PACKAGE EXPERIMENTAL XML FORMAT-->
<molecule name="el373">
	<atoms>
		<a id="1" s="Br" t="Br" l="BR"/>
		<a id="2" s="C" t="C.ar" l="C"/>
		<a id="3" s="C" t="C.ar" l="C"/>
		<a id="4" s="C" t="C.ar" l="C"/>
		<a id="5" s="C" t="C.ar" l="C"/>
		<a id="6" s="C" t="C.ar" l="C"/>
		<a id="7" s="C" t="C.ar" l="C"/>
		<a id="8" s="C" t="C.ar" l="C"/>
		<a id="9" s="C" t="C.ar" l="C"/>
		<a id="10" s="C" t="C.ar" l="C"/>
		<a id="11" s="C" t="C.ar" l="C"/>
		<a id="12" s="C" t="C.ar" l="C"/>
		<a id="13" s="C" t="C.ar" l="C"/>
		<a id="14" s="C" t="C.ar" l="C"/>
		<a id="15" s="C" t="C.ar" l="C"/>
		<a id="16" s="C" t="C.ar" l="C"/>
		<a id="17" s="C" t="C.ar" l="C"/>
		<a id="18" s="C" t="C.ar" l="C"/>
		<a id="19" s="C" t="C.ar" l="C"/>
		<a id="20" s="C" t="C.ar" l="C"/>
		<a id="21" s="N" t="N.ar" l="N"/>
		<a id="22" s="H" t="H" l="H"/>
		<a id="23" s="H" t="H" l="H"/>
		<a id="24" s="H" t="H" l="H"/>
		<a id="25" s="H" t="H" l="H"/>
		<a id="26" s="H" t="H" l="H"/>
		<a id="27" s="H" t="H" l="H"/>
		<a id="28" s="H" t="H" l="H"/>
		<a id="29" s="H" t="H" l="H"/>
		<a id="30" s="H" t="H" l="H"/>
		<a id="31" s="H" t="H" l="H"/>
		<a id="32" s="H" t="H" l="H"/>
		<a id="33" s="H" t="H" l="H"/>
	</atoms>
	<bonds>
		<b id="1" c="1 2" t="1"/>
		<b id="2" c="2 3" t="ar"/>
		<b id="3" c="3 4" t="ar"/>
		<b id="4" c="4 5" t="ar"/>
		<b id="5" c="5 6" t="ar"/>
		<b id="6" c="6 7" t="1"/>
		<b id="7" c="7 8" t="ar"/>
		<b id="8" c="8 9" t="ar"/>
		<b id="9" c="9 10" t="ar"/>
		<b id="10" c="10 11" t="ar"/>
		<b id="11" c="11 12" t="ar"/>
		<b id="12" c="12 13" t="ar"/>
		<b id="13" c="8 13" t="ar"/>
		<b id="14" c="13 14" t="ar"/>
		<b id="15" c="14 15" t="ar"/>
		<b id="16" c="15 16" t="ar"/>
		<b id="17" c="16 17" t="ar"/>
		<b id="18" c="17 18" t="ar"/>
		<b id="19" c="18 19" t="ar"/>
		<b id="20" c="19 20" t="ar"/>
		<b id="21" c="7 20" t="ar"/>
		<b id="22" c="15 20" t="ar"/>
		<b id="23" c="6 21" t="ar"/>
		<b id="24" c="2 21" t="ar"/>
		<b id="25" c="3 22" t="1"/>
		<b id="26" c="4 23" t="1"/>
		<b id="27" c="5 24" t="1"/>
		<b id="28" c="9 25" t="1"/>
		<b id="29" c="10 26" t="1"/>
		<b id="30" c="11 27" t="1"/>
		<b id="31" c="12 28" t="1"/>
		<b id="32" c="14 29" t="1"/>
		<b id="33" c="16 30" t="1"/>
		<b id="34" c="17 31" t="1"/>
		<b id="35" c="18 32" t="1"/>
		<b id="36" c="19 33" t="1"/>
	</bonds>
	<geometry>
		<g u="A" t="cart/3d">#33,3:1.5090,-0.0700,0.1073;-0.3949,0.0082,0.0416;-1.0301,1.2385,-0.0016;-2.4161,1.2174,-0.0325;-3.0790,0.0021,-0.0293;-2.3320,-1.1782,0.0032;-2.9974,-2.4938,0.0148;-3.8474,-2.8442,-1.0480;-4.0080,-2.0340,-2.2026;-4.8418,-2.4031,-3.2141;-5.5685,-3.6091,-3.1434;-5.4230,-4.4283,-2.0675;-4.5574,-4.0844,-0.9975;-4.3829,-4.9289,0.0938;-3.5177,-4.6055,1.1336;-3.3329,-5.4772,2.2376;-2.4922,-5.1501,3.2555;-1.7925,-3.9264,3.2271;-1.9475,-3.0608,2.1877;-2.8039,-3.3664,1.0987;-1.0036,-1.1505,0.0451;-0.4678,2.1580,-0.0061;-2.9704,2.1441,-0.0567;-4.1568,-0.0453,-0.0391;-3.4421,-1.1175,-2.2818;-4.9478,-1.7747,-4.0862;-6.2276,-3.8774,-3.9557;-5.9589,-5.3648,-2.0078;-4.9284,-5.8618,0.1314;-3.8794,-6.4095,2.2473;-2.3545,-5.8188,4.0923;-1.1299,-3.6803,4.0437;-1.4024,-2.1304,2.1774;</g>
	</geometry>
	<conformers/>
	<properties/>
</molecule>
