<?xml version="1.0" ?>
<!--MOLLI PACKAGE EXPERIMENTAL XML FORMAT-->
<molecule name="el380">
	<atoms>
		<a id="1" s="C" t="C.3" l="C"/>
		<a id="2" s="O" t="O.3" l="O"/>
		<a id="3" s="C" t="C.2" l="C"/>
		<a id="4" s="O" t="O.2" l="O"/>
		<a id="5" s="C" t="C.ar" l="C"/>
		<a id="6" s="N" t="N.ar" l="N"/>
		<a id="7" s="C" t="C.ar" l="C"/>
		<a id="8" s="Br" t="Br" l="BR"/>
		<a id="9" s="N" t="N.ar" l="N"/>
		<a id="10" s="C" t="C.3" l="C"/>
		<a id="11" s="O" t="O.3" l="O"/>
		<a id="12" s="C" t="C.3" l="C"/>
		<a id="13" s="C" t="C.3" l="C"/>
		<a id="14" s="O" t="O.3" l="O"/>
		<a id="15" s="C" t="C.2" l="C"/>
		<a id="16" s="C" t="C.3" l="C"/>
		<a id="17" s="O" t="O.2" l="O"/>
		<a id="18" s="N" t="N.ar" l="N"/>
		<a id="19" s="H" t="H" l="H"/>
		<a id="20" s="H" t="H" l="H"/>
		<a id="21" s="H" t="H" l="H"/>
		<a id="22" s="H" t="H" l="H"/>
		<a id="23" s="H" t="H" l="H"/>
		<a id="24" s="H" t="H" l="H"/>
		<a id="25" s="H" t="H" l="H"/>
		<a id="26" s="H" t="H" l="H"/>
		<a id="27" s="H" t="H" l="H"/>
		<a id="28" s="H" t="H" l="H"/>
		<a id="29" s="H" t="H" l="H"/>
		<a id="30" s="H" t="H" l="H"/>
	</atoms>
	<bonds>
		<b id="1" c="1 2" t="1"/>
		<b id="2" c="2 3" t="1"/>
		<b id="3" c="3 4" t="2"/>
		<b id="4" c="3 5" t="1"/>
		<b id="5" c="5 6" t="ar"/>
		<b id="6" c="6 7" t="ar"/>
		<b id="7" c="7 8" t="1"/>
		<b id="8" c="7 9" t="ar"/>
		<b id="9" c="9 10" t="1"/>
		<b id="10" c="10 11" t="1"/>
		<b id="11" c="11 12" t="1"/>
		<b id="12" c="12 13" t="1"/>
		<b id="13" c="13 14" t="1"/>
		<b id="14" c="14 15" t="1"/>
		<b id="15" c="15 16" t="1"/>
		<b id="16" c="15 17" t="2"/>
		<b id="17" c="9 18" t="ar"/>
		<b id="18" c="5 18" t="ar"/>
		<b id="19" c="1 19" t="1"/>
		<b id="20" c="1 20" t="1"/>
		<b id="21" c="1 21" t="1"/>
		<b id="22" c="10 22" t="1"/>
		<b id="23" c="10 23" t="1"/>
		<b id="24" c="12 24" t="1"/>
		<b id="25" c="12 25" t="1"/>
		<b id="26" c="13 26" t="1"/>
		<b id="27" c="13 27" t="1"/>
		<b id="28" c="16 28" t="1"/>
		<b id="29" c="16 29" t="1"/>
		<b id="30" c="16 30" t="1"/>
	</bonds>
	<geometry>
		<g u="A" t="cart/3d">#30,3:2.0656,-2.6554,1.2457;3.1400,-1.8746,0.7396;4.1644,-2.5538,0.2325;4.2321,-3.7531,0.1752;5.2179,-1.6383,-0.2599;5.1711,-0.2902,-0.1302;6.2844,0.1021,-0.6860;6.8537,1.8478,-0.8622;6.9909,-0.9571,-1.1535;8.3094,-1.0042,-1.7497;9.3101,-0.9351,-0.7976;9.4866,-2.1215,-0.0352;10.7084,-1.9368,0.8589;11.9157,-1.8845,0.1129;12.4029,-3.0484,-0.3429;13.6778,-2.8340,-1.1113;11.8786,-4.1119,-0.1447;6.3074,-2.0637,-0.8683;1.2511,-1.9618,1.4371;2.3656,-3.1563,2.1685;1.7697,-3.4118,0.5159;8.4348,-0.1323,-2.4000;8.3479,-1.9374,-2.3301;9.6343,-2.9798,-0.7024;8.6073,-2.3165,0.5921;10.7538,-2.7678,1.5705;10.6486,-0.9802,1.3789;13.9131,-1.7762,-1.1600;13.5638,-3.2420,-2.1128;14.4830,-3.3758,-0.6206;</g>
	</geometry>
	<conformers/>
	<properties/>
</molecule>
