<?xml version="1.0" ?>
<!--MOLLI PACKAGE EXPERIMENTAL XML FORMAT-->
<molecule name="el387">
	<atoms>
		<a id="1" s="C" t="C.3" l="C"/>
		<a id="2" s="C" t="C.ar" l="C"/>
		<a id="3" s="C" t="C.ar" l="C"/>
		<a id="4" s="C" t="C.ar" l="C"/>
		<a id="5" s="C" t="C.ar" l="C"/>
		<a id="6" s="C" t="C.ar" l="C"/>
		<a id="7" s="C" t="C.ar" l="C"/>
		<a id="8" s="C" t="C.ar" l="C"/>
		<a id="9" s="C" t="C.ar" l="C"/>
		<a id="10" s="C" t="C.3" l="C"/>
		<a id="11" s="F" t="F" l="F"/>
		<a id="12" s="F" t="F" l="F"/>
		<a id="13" s="F" t="F" l="F"/>
		<a id="14" s="N" t="N.ar" l="N"/>
		<a id="15" s="C" t="C.ar" l="C"/>
		<a id="16" s="C" t="C.ar" l="C"/>
		<a id="17" s="Br" t="Br" l="BR"/>
		<a id="18" s="C" t="C.ar" l="C"/>
		<a id="19" s="C" t="C.ar" l="C"/>
		<a id="20" s="C" t="C.ar" l="C"/>
		<a id="21" s="N" t="N.ar" l="N"/>
		<a id="22" s="H" t="H" l="H"/>
		<a id="23" s="H" t="H" l="H"/>
		<a id="24" s="H" t="H" l="H"/>
		<a id="25" s="H" t="H" l="H"/>
		<a id="26" s="H" t="H" l="H"/>
		<a id="27" s="H" t="H" l="H"/>
		<a id="28" s="H" t="H" l="H"/>
		<a id="29" s="H" t="H" l="H"/>
		<a id="30" s="H" t="H" l="H"/>
		<a id="31" s="H" t="H" l="H"/>
	</atoms>
	<bonds>
		<b id="1" c="1 2" t="1"/>
		<b id="2" c="2 3" t="ar"/>
		<b id="3" c="3 4" t="1"/>
		<b id="4" c="4 5" t="ar"/>
		<b id="5" c="5 6" t="ar"/>
		<b id="6" c="6 7" t="ar"/>
		<b id="7" c="7 8" t="ar"/>
		<b id="8" c="8 9" t="ar"/>
		<b id="9" c="4 9" t="ar"/>
		<b id="10" c="9 10" t="1"/>
		<b id="11" c="10 11" t="1"/>
		<b id="12" c="10 12" t="1"/>
		<b id="13" c="10 13" t="1"/>
		<b id="14" c="3 14" t="ar"/>
		<b id="15" c="14 15" t="ar"/>
		<b id="16" c="15 16" t="ar"/>
		<b id="17" c="16 17" t="1"/>
		<b id="18" c="16 18" t="ar"/>
		<b id="19" c="18 19" t="ar"/>
		<b id="20" c="19 20" t="ar"/>
		<b id="21" c="20 21" t="ar"/>
		<b id="22" c="2 21" t="ar"/>
		<b id="23" c="15 21" t="ar"/>
		<b id="24" c="1 22" t="1"/>
		<b id="25" c="1 23" t="1"/>
		<b id="26" c="1 24" t="1"/>
		<b id="27" c="5 25" t="1"/>
		<b id="28" c="6 26" t="1"/>
		<b id="29" c="7 27" t="1"/>
		<b id="30" c="8 28" t="1"/>
		<b id="31" c="18 29" t="1"/>
		<b id="32" c="19 30" t="1"/>
		<b id="33" c="20 31" t="1"/>
	</bonds>
	<geometry>
		<g u="A" t="cart/3d">#31,3:1.0149,-0.3612,0.2887;2.4600,-0.1591,0.0165;3.2138,0.9956,-0.1214;2.7464,2.3799,-0.0906;1.7071,2.7800,-0.9264;1.2781,4.0936,-0.9441;1.8836,5.0334,-0.1267;2.9080,4.6517,0.7207;3.3353,3.3311,0.7469;4.4204,2.9383,1.7141;4.1879,1.7558,2.3141;5.6354,2.8650,1.1604;4.5322,3.8274,2.7227;4.5207,0.6999,-0.3131;4.6054,-0.6096,-0.2952;5.7133,-1.4592,-0.4473;7.4033,-0.6768,-0.7411;5.5480,-2.8149,-0.3802;4.2609,-3.3495,-0.1614;3.1817,-2.5339,-0.0191;3.3490,-1.1893,-0.0871;0.5380,0.5998,0.4602;0.8765,-0.9812,1.1750;0.5227,-0.8528,-0.5522;1.2531,2.0512,-1.5808;0.4741,4.3868,-1.6023;1.5579,6.0617,-0.1445;3.3746,5.3766,1.3698;6.3941,-3.4726,-0.4933;4.1344,-4.4180,-0.1079;2.1812,-2.9004,0.1472;</g>
	</geometry>
	<conformers/>
	<properties/>
</molecule>
