<?xml version="1.0" ?>
<!--MOLLI PACKAGE EXPERIMENTAL XML FORMAT-->
<molecule name="el388">
	<atoms>
		<a id="1" s="Br" t="Br" l="BR"/>
		<a id="2" s="C" t="C.ar" l="C"/>
		<a id="3" s="N" t="N.ar" l="N"/>
		<a id="4" s="N" t="N.ar" l="N"/>
		<a id="5" s="C" t="C.ar" l="C"/>
		<a id="6" s="C" t="C.ar" l="C"/>
		<a id="7" s="C" t="C.ar" l="C"/>
		<a id="8" s="C" t="C.ar" l="C"/>
		<a id="9" s="C" t="C.ar" l="C"/>
		<a id="10" s="C" t="C.ar" l="C"/>
		<a id="11" s="C" t="C.ar" l="C"/>
		<a id="12" s="C" t="C.ar" l="C"/>
		<a id="13" s="N" t="N.ar" l="N"/>
		<a id="14" s="H" t="H" l="H"/>
		<a id="15" s="H" t="H" l="H"/>
		<a id="16" s="H" t="H" l="H"/>
		<a id="17" s="H" t="H" l="H"/>
		<a id="18" s="H" t="H" l="H"/>
		<a id="19" s="H" t="H" l="H"/>
	</atoms>
	<bonds>
		<b id="1" c="1 2" t="1"/>
		<b id="2" c="2 3" t="ar"/>
		<b id="3" c="3 4" t="ar"/>
		<b id="4" c="4 5" t="ar"/>
		<b id="5" c="5 6" t="ar"/>
		<b id="6" c="6 7" t="1"/>
		<b id="7" c="7 8" t="ar"/>
		<b id="8" c="8 9" t="ar"/>
		<b id="9" c="9 10" t="ar"/>
		<b id="10" c="10 11" t="ar"/>
		<b id="11" c="11 12" t="ar"/>
		<b id="12" c="7 12" t="ar"/>
		<b id="13" c="6 13" t="ar"/>
		<b id="14" c="2 13" t="ar"/>
		<b id="15" c="5 14" t="1"/>
		<b id="16" c="8 15" t="1"/>
		<b id="17" c="9 16" t="1"/>
		<b id="18" c="10 17" t="1"/>
		<b id="19" c="11 18" t="1"/>
		<b id="20" c="12 19" t="1"/>
	</bonds>
	<geometry>
		<g u="A" t="cart/3d">#19,3:1.8043,-0.2488,1.7828;3.2972,-0.1020,0.6461;3.5324,-1.1208,-0.1533;4.6108,-1.0690,-0.8834;5.3868,-0.0099,-0.8472;5.0528,1.1173,-0.0637;5.7964,2.3696,-0.0520;6.6808,2.7050,-1.0787;7.3671,3.9031,-1.0355;7.1869,4.7742,0.0278;6.3067,4.4499,1.0487;5.6108,3.2584,1.0096;3.9831,1.0195,0.7226;6.2794,-0.0654,-1.4499;6.8143,2.0441,-1.9217;8.0445,4.1608,-1.8357;7.7288,5.7076,0.0569;6.1622,5.1304,1.8743;4.9205,2.9915,1.7946;</g>
	</geometry>
	<conformers/>
	<properties/>
</molecule>
