<?xml version="1.0" ?>
<!--MOLLI PACKAGE EXPERIMENTAL XML FORMAT-->
<molecule name="el389">
	<atoms>
		<a id="1" s="C" t="C.3" l="C"/>
		<a id="2" s="O" t="O.3" l="O"/>
		<a id="3" s="C" t="C.ar" l="C"/>
		<a id="4" s="C" t="C.ar" l="C"/>
		<a id="5" s="C" t="C.ar" l="C"/>
		<a id="6" s="O" t="O.3" l="O"/>
		<a id="7" s="C" t="C.3" l="C"/>
		<a id="8" s="C" t="C.ar" l="C"/>
		<a id="9" s="C" t="C.3" l="C"/>
		<a id="10" s="O" t="O.2" l="O"/>
		<a id="11" s="C" t="C.2" l="C"/>
		<a id="12" s="C" t="C.ar" l="C"/>
		<a id="13" s="C" t="C.ar" l="C"/>
		<a id="14" s="C" t="C.ar" l="C"/>
		<a id="15" s="C" t="C.ar" l="C"/>
		<a id="16" s="Br" t="Br" l="BR"/>
		<a id="17" s="C" t="C.ar" l="C"/>
		<a id="18" s="C" t="C.ar" l="C"/>
		<a id="19" s="C" t="C.2" l="C"/>
		<a id="20" s="C" t="C.ar" l="C"/>
		<a id="21" s="C" t="C.ar" l="C"/>
		<a id="22" s="C" t="C.ar" l="C"/>
		<a id="23" s="C" t="C.ar" l="C"/>
		<a id="24" s="C" t="C.ar" l="C"/>
		<a id="25" s="C" t="C.ar" l="C"/>
		<a id="26" s="C" t="C.ar" l="C"/>
		<a id="27" s="O" t="O.3" l="O"/>
		<a id="28" s="C" t="C.3" l="C"/>
		<a id="29" s="C" t="C.ar" l="C"/>
		<a id="30" s="H" t="H" l="H"/>
		<a id="31" s="H" t="H" l="H"/>
		<a id="32" s="H" t="H" l="H"/>
		<a id="33" s="H" t="H" l="H"/>
		<a id="34" s="H" t="H" l="H"/>
		<a id="35" s="H" t="H" l="H"/>
		<a id="36" s="H" t="H" l="H"/>
		<a id="37" s="H" t="H" l="H"/>
		<a id="38" s="H" t="H" l="H"/>
		<a id="39" s="H" t="H" l="H"/>
		<a id="40" s="H" t="H" l="H"/>
		<a id="41" s="H" t="H" l="H"/>
		<a id="42" s="H" t="H" l="H"/>
		<a id="43" s="H" t="H" l="H"/>
		<a id="44" s="H" t="H" l="H"/>
		<a id="45" s="H" t="H" l="H"/>
		<a id="46" s="H" t="H" l="H"/>
		<a id="47" s="H" t="H" l="H"/>
		<a id="48" s="H" t="H" l="H"/>
		<a id="49" s="H" t="H" l="H"/>
		<a id="50" s="H" t="H" l="H"/>
	</atoms>
	<bonds>
		<b id="1" c="1 2" t="1"/>
		<b id="2" c="2 3" t="1"/>
		<b id="3" c="3 4" t="ar"/>
		<b id="4" c="4 5" t="ar"/>
		<b id="5" c="5 6" t="1"/>
		<b id="6" c="6 7" t="1"/>
		<b id="7" c="5 8" t="ar"/>
		<b id="8" c="8 9" t="1"/>
		<b id="9" c="9 10" t="1"/>
		<b id="10" c="10 11" t="1"/>
		<b id="11" c="11 12" t="1"/>
		<b id="12" c="12 13" t="ar"/>
		<b id="13" c="13 14" t="ar"/>
		<b id="14" c="14 15" t="ar"/>
		<b id="15" c="15 16" t="1"/>
		<b id="16" c="15 17" t="ar"/>
		<b id="17" c="17 18" t="ar"/>
		<b id="18" c="12 18" t="ar"/>
		<b id="19" c="11 19" t="2"/>
		<b id="20" c="19 20" t="1"/>
		<b id="21" c="20 21" t="ar"/>
		<b id="22" c="21 22" t="ar"/>
		<b id="23" c="22 23" t="ar"/>
		<b id="24" c="23 24" t="ar"/>
		<b id="25" c="24 25" t="ar"/>
		<b id="26" c="20 25" t="ar"/>
		<b id="27" c="9 25" t="1"/>
		<b id="28" c="8 26" t="ar"/>
		<b id="29" c="26 27" t="1"/>
		<b id="30" c="27 28" t="1"/>
		<b id="31" c="26 29" t="ar"/>
		<b id="32" c="3 29" t="ar"/>
		<b id="33" c="1 30" t="1"/>
		<b id="34" c="1 31" t="1"/>
		<b id="35" c="1 32" t="1"/>
		<b id="36" c="4 33" t="1"/>
		<b id="37" c="7 34" t="1"/>
		<b id="38" c="7 35" t="1"/>
		<b id="39" c="7 36" t="1"/>
		<b id="40" c="9 37" t="1"/>
		<b id="41" c="13 38" t="1"/>
		<b id="42" c="14 39" t="1"/>
		<b id="43" c="17 40" t="1"/>
		<b id="44" c="18 41" t="1"/>
		<b id="45" c="19 42" t="1"/>
		<b id="46" c="21 43" t="1"/>
		<b id="47" c="22 44" t="1"/>
		<b id="48" c="23 45" t="1"/>
		<b id="49" c="24 46" t="1"/>
		<b id="50" c="28 47" t="1"/>
		<b id="51" c="28 48" t="1"/>
		<b id="52" c="28 49" t="1"/>
		<b id="53" c="29 50" t="1"/>
	</bonds>
	<geometry>
		<g u="A" t="cart/3d">#50,3:1.1046,-0.3939,0.0547;2.1831,-1.2193,-0.3126;2.9435,-0.8678,-1.3856;2.7525,0.2779,-2.1434;3.5871,0.5302,-3.2289;3.4655,1.6242,-4.0278;2.4416,2.5523,-3.7794;4.6185,-0.3519,-3.5577;5.5159,-0.0947,-4.7577;6.1644,1.1710,-4.6418;5.7901,2.2072,-5.4270;6.3590,3.4827,-4.9830;6.5677,4.5444,-5.8642;7.0959,5.7399,-5.4183;7.4225,5.8791,-4.0797;8.1520,7.5283,-3.4621;7.2338,4.8394,-3.1849;6.7074,3.6476,-3.6411;4.9894,2.0790,-6.5036;4.4480,0.7913,-6.8595;3.6698,0.5925,-7.9990;3.1745,-0.6617,-8.2987;3.4523,-1.7351,-7.4676;4.2245,-1.5491,-6.3318;4.7202,-0.2951,-6.0236;4.7970,-1.5053,-2.7835;5.8023,-2.3406,-3.1692;6.0634,-3.4881,-2.3954;3.9650,-1.7579,-1.7046;0.6407,-0.8811,0.9109;0.3702,-0.3079,-0.7527;1.4427,0.6051,0.3487;1.9633,0.9675,-1.9004;2.5526,3.3161,-4.5479;2.5445,3.0181,-2.7935;1.4514,2.0937,-3.8676;6.3286,-0.8316,-4.7155;6.3355,4.4317,-6.9115;7.2610,6.5569,-6.1044;7.4977,4.9625,-2.1454;6.5543,2.8272,-2.9578;4.7134,2.9360,-7.0937;3.4592,1.4324,-8.6458;2.5700,-0.8051,-9.1827;3.0665,-2.7165,-7.7010;4.4431,-2.3795,-5.6766;6.3239,-3.2277,-1.3650;6.9134,-3.9718,-2.8743;5.2105,-4.1755,-2.3961;4.0716,-2.6339,-1.0884;</g>
	</geometry>
	<conformers/>
	<properties/>
</molecule>
