<?xml version="1.0" ?>
<!--MOLLI PACKAGE EXPERIMENTAL XML FORMAT-->
<molecule name="el390">
	<atoms>
		<a id="1" s="C" t="C.3" l="C"/>
		<a id="2" s="C" t="C.3" l="C"/>
		<a id="3" s="C" t="C.3" l="C"/>
		<a id="4" s="C" t="C.ar" l="C"/>
		<a id="5" s="C" t="C.ar" l="C"/>
		<a id="6" s="C" t="C.ar" l="C"/>
		<a id="7" s="C" t="C.ar" l="C"/>
		<a id="8" s="C" t="C.ar" l="C"/>
		<a id="9" s="C" t="C.ar" l="C"/>
		<a id="10" s="C" t="C.ar" l="C"/>
		<a id="11" s="C" t="C.ar" l="C"/>
		<a id="12" s="C" t="C.ar" l="C"/>
		<a id="13" s="C" t="C.ar" l="C"/>
		<a id="14" s="C" t="C.ar" l="C"/>
		<a id="15" s="C" t="C.ar" l="C"/>
		<a id="16" s="C" t="C.ar" l="C"/>
		<a id="17" s="C" t="C.ar" l="C"/>
		<a id="18" s="C" t="C.ar" l="C"/>
		<a id="19" s="C" t="C.3" l="C"/>
		<a id="20" s="C" t="C.3" l="C"/>
		<a id="21" s="C" t="C.3" l="C"/>
		<a id="22" s="C" t="C.ar" l="C"/>
		<a id="23" s="Br" t="Br" l="BR"/>
		<a id="24" s="H" t="H" l="H"/>
		<a id="25" s="H" t="H" l="H"/>
		<a id="26" s="H" t="H" l="H"/>
		<a id="27" s="H" t="H" l="H"/>
		<a id="28" s="H" t="H" l="H"/>
		<a id="29" s="H" t="H" l="H"/>
		<a id="30" s="H" t="H" l="H"/>
		<a id="31" s="H" t="H" l="H"/>
		<a id="32" s="H" t="H" l="H"/>
		<a id="33" s="H" t="H" l="H"/>
		<a id="34" s="H" t="H" l="H"/>
		<a id="35" s="H" t="H" l="H"/>
		<a id="36" s="H" t="H" l="H"/>
		<a id="37" s="H" t="H" l="H"/>
		<a id="38" s="H" t="H" l="H"/>
		<a id="39" s="H" t="H" l="H"/>
		<a id="40" s="H" t="H" l="H"/>
		<a id="41" s="H" t="H" l="H"/>
		<a id="42" s="H" t="H" l="H"/>
		<a id="43" s="H" t="H" l="H"/>
		<a id="44" s="H" t="H" l="H"/>
		<a id="45" s="H" t="H" l="H"/>
		<a id="46" s="H" t="H" l="H"/>
	</atoms>
	<bonds>
		<b id="1" c="1 2" t="1"/>
		<b id="2" c="2 3" t="1"/>
		<b id="3" c="2 4" t="1"/>
		<b id="4" c="4 5" t="ar"/>
		<b id="5" c="5 6" t="ar"/>
		<b id="6" c="6 7" t="1"/>
		<b id="7" c="7 8" t="ar"/>
		<b id="8" c="8 9" t="ar"/>
		<b id="9" c="9 10" t="ar"/>
		<b id="10" c="10 11" t="ar"/>
		<b id="11" c="11 12" t="ar"/>
		<b id="12" c="12 13" t="ar"/>
		<b id="13" c="13 14" t="ar"/>
		<b id="14" c="14 15" t="ar"/>
		<b id="15" c="15 16" t="ar"/>
		<b id="16" c="7 16" t="ar"/>
		<b id="17" c="11 16" t="ar"/>
		<b id="18" c="6 17" t="ar"/>
		<b id="19" c="17 18" t="ar"/>
		<b id="20" c="18 19" t="1"/>
		<b id="21" c="19 20" t="1"/>
		<b id="22" c="19 21" t="1"/>
		<b id="23" c="18 22" t="ar"/>
		<b id="24" c="4 22" t="ar"/>
		<b id="25" c="22 23" t="1"/>
		<b id="26" c="1 24" t="1"/>
		<b id="27" c="1 25" t="1"/>
		<b id="28" c="1 26" t="1"/>
		<b id="29" c="2 27" t="1"/>
		<b id="30" c="3 28" t="1"/>
		<b id="31" c="3 29" t="1"/>
		<b id="32" c="3 30" t="1"/>
		<b id="33" c="5 31" t="1"/>
		<b id="34" c="8 32" t="1"/>
		<b id="35" c="9 33" t="1"/>
		<b id="36" c="10 34" t="1"/>
		<b id="37" c="12 35" t="1"/>
		<b id="38" c="13 36" t="1"/>
		<b id="39" c="14 37" t="1"/>
		<b id="40" c="15 38" t="1"/>
		<b id="41" c="17 39" t="1"/>
		<b id="42" c="19 40" t="1"/>
		<b id="43" c="20 41" t="1"/>
		<b id="44" c="20 42" t="1"/>
		<b id="45" c="20 43" t="1"/>
		<b id="46" c="21 44" t="1"/>
		<b id="47" c="21 45" t="1"/>
		<b id="48" c="21 46" t="1"/>
	</bonds>
	<geometry>
		<g u="A" t="cart/3d">#46,3:1.3771,0.5440,0.1897;2.7919,-0.0100,-0.0111;3.8266,1.1016,0.1547;2.9986,-1.1717,0.9311;3.5441,-0.9739,2.1913;3.7171,-2.0238,3.0831;4.2873,-1.7803,4.4191;3.7330,-0.8065,5.2164;4.1971,-0.5811,6.5179;5.2145,-1.3388,7.0253;5.8309,-2.3318,6.2363;6.8952,-3.1114,6.7368;7.5073,-4.0490,5.9548;7.0955,-4.2307,4.6262;6.0623,-3.4969,4.1138;5.3800,-2.5490,4.9066;3.3058,-3.2976,2.7116;2.7414,-3.5462,1.4694;2.3504,-4.9495,1.0729;3.5422,-5.6137,0.3746;1.8782,-5.8046,2.2477;2.6082,-2.4675,0.5965;1.8513,-2.7805,-1.1409;1.2006,1.3756,-0.4883;1.2514,0.8950,1.2123;0.6297,-0.2216,-0.0058;2.8727,-0.3784,-1.0389;3.6685,1.6598,1.0745;3.7424,1.7995,-0.6754;4.8352,0.6938,0.1593;3.8600,0.0135,2.4871;2.9038,-0.2232,4.8419;3.7330,0.1872,7.1188;5.5662,-1.1859,8.0355;7.2208,-2.9459,7.7541;8.3193,-4.6440,6.3464;7.6067,-4.9533,4.0068;5.7685,-3.6270,3.0828;3.4151,-4.1044,3.4182;1.5229,-4.8921,0.3586;4.3909,-5.6737,1.0537;3.8420,-5.0460,-0.5033;3.2785,-6.6200,0.0581;2.7055,-6.0839,2.8960;1.4290,-6.7204,1.8699;1.1330,-5.2743,2.8369;</g>
	</geometry>
	<conformers/>
	<properties/>
</molecule>
