<?xml version="1.0" ?>
<!--MOLLI PACKAGE EXPERIMENTAL XML FORMAT-->
<molecule name="el40">
	<atoms>
		<a id="1" s="C" t="C.3" l="C"/>
		<a id="2" s="C" t="C.3" l="C"/>
		<a id="3" s="C" t="C.ar" l="C"/>
		<a id="4" s="C" t="C.ar" l="C"/>
		<a id="5" s="C" t="C.ar" l="C"/>
		<a id="6" s="C" t="C.ar" l="C"/>
		<a id="7" s="C" t="C.ar" l="C"/>
		<a id="8" s="C" t="C.ar" l="C"/>
		<a id="9" s="S" t="S.3" l="S"/>
		<a id="10" s="C" t="C.2" l="C"/>
		<a id="11" s="C" t="C.ar" l="C"/>
		<a id="12" s="S" t="S.2" l="S"/>
		<a id="13" s="C" t="C.ar" l="C"/>
		<a id="14" s="C" t="C.2" l="C"/>
		<a id="15" s="C" t="C.ar" l="C"/>
		<a id="16" s="C" t="C.ar" l="C"/>
		<a id="17" s="C" t="C.ar" l="C"/>
		<a id="18" s="N" t="N.ar" l="N"/>
		<a id="19" s="C" t="C.ar" l="C"/>
		<a id="20" s="C" t="C.ar" l="C"/>
		<a id="21" s="Br" t="Br" l="BR"/>
		<a id="22" s="N" t="N.ar" l="N"/>
		<a id="23" s="C" t="C.3" l="C"/>
		<a id="24" s="C" t="C.3" l="C"/>
		<a id="25" s="C" t="C.ar" l="C"/>
		<a id="26" s="O" t="O.2" l="O"/>
		<a id="27" s="N" t="N.pl3" l="N"/>
		<a id="28" s="C" t="C.3" l="C"/>
		<a id="29" s="H" t="H" l="H"/>
		<a id="30" s="H" t="H" l="H"/>
		<a id="31" s="H" t="H" l="H"/>
		<a id="32" s="H" t="H" l="H"/>
		<a id="33" s="H" t="H" l="H"/>
		<a id="34" s="H" t="H" l="H"/>
		<a id="35" s="H" t="H" l="H"/>
		<a id="36" s="H" t="H" l="H"/>
		<a id="37" s="H" t="H" l="H"/>
		<a id="38" s="H" t="H" l="H"/>
		<a id="39" s="H" t="H" l="H"/>
		<a id="40" s="H" t="H" l="H"/>
		<a id="41" s="H" t="H" l="H"/>
		<a id="42" s="H" t="H" l="H"/>
		<a id="43" s="H" t="H" l="H"/>
		<a id="44" s="H" t="H" l="H"/>
		<a id="45" s="H" t="H" l="H"/>
		<a id="46" s="H" t="H" l="H"/>
		<a id="47" s="H" t="H" l="H"/>
		<a id="48" s="H" t="H" l="H"/>
	</atoms>
	<bonds>
		<b id="1" c="1 2" t="1"/>
		<b id="2" c="2 3" t="1"/>
		<b id="3" c="3 4" t="ar"/>
		<b id="4" c="4 5" t="ar"/>
		<b id="5" c="5 6" t="ar"/>
		<b id="6" c="6 7" t="ar"/>
		<b id="7" c="7 8" t="ar"/>
		<b id="8" c="3 8" t="ar"/>
		<b id="9" c="7 9" t="1"/>
		<b id="10" c="9 10" t="1"/>
		<b id="11" c="10 11" t="2"/>
		<b id="12" c="11 12" t="ar"/>
		<b id="13" c="12 13" t="ar"/>
		<b id="14" c="13 14" t="2"/>
		<b id="15" c="14 15" t="1"/>
		<b id="16" c="15 16" t="ar"/>
		<b id="17" c="16 17" t="ar"/>
		<b id="18" c="17 18" t="ar"/>
		<b id="19" c="18 19" t="ar"/>
		<b id="20" c="19 20" t="ar"/>
		<b id="21" c="15 20" t="ar"/>
		<b id="22" c="20 21" t="1"/>
		<b id="23" c="13 22" t="ar"/>
		<b id="24" c="22 23" t="1"/>
		<b id="25" c="23 24" t="1"/>
		<b id="26" c="22 25" t="ar"/>
		<b id="27" c="11 25" t="ar"/>
		<b id="28" c="25 26" t="2"/>
		<b id="29" c="10 27" t="1"/>
		<b id="30" c="6 27" t="1"/>
		<b id="31" c="27 28" t="1"/>
		<b id="32" c="1 29" t="1"/>
		<b id="33" c="1 30" t="1"/>
		<b id="34" c="1 31" t="1"/>
		<b id="35" c="2 32" t="1"/>
		<b id="36" c="2 33" t="1"/>
		<b id="37" c="4 34" t="1"/>
		<b id="38" c="5 35" t="1"/>
		<b id="39" c="8 36" t="1"/>
		<b id="40" c="14 37" t="1"/>
		<b id="41" c="16 38" t="1"/>
		<b id="42" c="17 39" t="1"/>
		<b id="43" c="19 40" t="1"/>
		<b id="44" c="23 41" t="1"/>
		<b id="45" c="23 42" t="1"/>
		<b id="46" c="24 43" t="1"/>
		<b id="47" c="24 44" t="1"/>
		<b id="48" c="24 45" t="1"/>
		<b id="49" c="28 46" t="1"/>
		<b id="50" c="28 47" t="1"/>
		<b id="51" c="28 48" t="1"/>
	</bonds>
	<geometry>
		<g u="A" t="cart/3d">#48,3:3.7262,-0.1529,0.9596;2.4614,-0.0156,0.1097;2.6928,0.9374,-1.0275;3.2164,0.4792,-2.2347;3.4792,1.3342,-3.2889;3.2138,2.6874,-3.1267;2.6945,3.1558,-1.9185;2.4331,2.2926,-0.8721;2.4513,4.8972,-1.9672;3.0645,4.9271,-3.6112;3.1356,6.1442,-4.2339;3.7057,6.5985,-5.8339;3.2935,8.2874,-5.5512;3.5563,9.2753,-6.4304;4.0889,9.0791,-7.7662;5.2175,9.7994,-8.1787;5.7395,9.5955,-9.4398;5.2231,8.7436,-10.3135;4.1340,8.0879,-9.9669;3.5303,8.2300,-8.7275;1.8679,7.3485,-8.4372;2.7866,8.4443,-4.2850;2.2723,9.6974,-3.7786;0.9284,10.0519,-4.4065;2.6759,7.3010,-3.5286;2.2393,7.2780,-2.3814;3.4048,3.6913,-4.0562;3.8998,3.3813,-5.3727;3.5572,-0.8425,1.7832;4.0132,0.8133,1.3679;4.5498,-0.5276,0.3561;1.6453,0.3486,0.7357;2.1821,-0.9960,-0.2810;3.4200,-0.5749,-2.3523;3.8812,0.9511,-4.2130;2.0288,2.6754,0.0517;3.4585,10.3023,-6.1109;5.6799,10.4940,-7.4939;6.6179,10.1298,-9.7743;3.7137,7.4264,-10.7124;3.0088,10.4869,-3.9555;2.1558,9.5542,-2.7009;1.0161,10.1467,-5.4862;0.5700,10.9929,-3.9986;0.2000,9.2756,-4.1856;3.9403,4.2750,-5.9861;3.2371,2.6591,-5.8545;4.9036,2.9557,-5.3033;</g>
	</geometry>
	<conformers/>
	<properties/>
</molecule>
