<?xml version="1.0" ?>
<!--MOLLI PACKAGE EXPERIMENTAL XML FORMAT-->
<molecule name="el393">
	<atoms>
		<a id="1" s="Br" t="Br" l="BR"/>
		<a id="2" s="C" t="C.ar" l="C"/>
		<a id="3" s="C" t="C.ar" l="C"/>
		<a id="4" s="C" t="C.ar" l="C"/>
		<a id="5" s="C" t="C.ar" l="C"/>
		<a id="6" s="C" t="C.ar" l="C"/>
		<a id="7" s="C" t="C.ar" l="C"/>
		<a id="8" s="S" t="S.2" l="S"/>
		<a id="9" s="C" t="C.ar" l="C"/>
		<a id="10" s="C" t="C.ar" l="C"/>
		<a id="11" s="C" t="C.ar" l="C"/>
		<a id="12" s="C" t="C.ar" l="C"/>
		<a id="13" s="C" t="C.ar" l="C"/>
		<a id="14" s="C" t="C.ar" l="C"/>
		<a id="15" s="H" t="H" l="H"/>
		<a id="16" s="H" t="H" l="H"/>
		<a id="17" s="H" t="H" l="H"/>
		<a id="18" s="H" t="H" l="H"/>
		<a id="19" s="H" t="H" l="H"/>
		<a id="20" s="H" t="H" l="H"/>
		<a id="21" s="H" t="H" l="H"/>
	</atoms>
	<bonds>
		<b id="1" c="1 2" t="1"/>
		<b id="2" c="2 3" t="ar"/>
		<b id="3" c="3 4" t="ar"/>
		<b id="4" c="4 5" t="ar"/>
		<b id="5" c="5 6" t="ar"/>
		<b id="6" c="6 7" t="ar"/>
		<b id="7" c="2 7" t="ar"/>
		<b id="8" c="7 8" t="ar"/>
		<b id="9" c="8 9" t="ar"/>
		<b id="10" c="9 10" t="ar"/>
		<b id="11" c="10 11" t="ar"/>
		<b id="12" c="11 12" t="ar"/>
		<b id="13" c="12 13" t="ar"/>
		<b id="14" c="13 14" t="ar"/>
		<b id="15" c="9 14" t="ar"/>
		<b id="16" c="6 14" t="ar"/>
		<b id="17" c="3 15" t="1"/>
		<b id="18" c="4 16" t="1"/>
		<b id="19" c="5 17" t="1"/>
		<b id="20" c="10 18" t="1"/>
		<b id="21" c="11 19" t="1"/>
		<b id="22" c="12 20" t="1"/>
		<b id="23" c="13 21" t="1"/>
	</bonds>
	<geometry>
		<g u="A" t="cart/3d">#21,3:1.1015,-0.2987,-0.0674;3.0000,-0.1606,-0.0687;3.7828,-1.2988,-0.0696;5.1691,-1.1855,-0.0705;5.7811,0.0513,-0.0705;5.0024,1.2053,-0.0696;3.6000,1.0897,-0.0687;2.7823,2.6290,-0.0676;4.3194,3.4633,-0.0685;4.4917,4.8380,-0.0684;5.7788,5.3390,-0.0693;6.8763,4.4826,-0.0703;6.7038,3.1141,-0.0704;5.4158,2.5846,-0.0695;3.3135,-2.2700,-0.0697;5.7672,-2.0837,-0.0713;6.8570,0.1306,-0.0712;3.6356,5.4945,-0.0677;5.9346,6.4071,-0.0693;7.8732,4.8968,-0.0709;7.5563,2.4520,-0.0711;</g>
	</geometry>
	<conformers/>
	<properties/>
</molecule>
