<?xml version="1.0" ?>
<!--MOLLI PACKAGE EXPERIMENTAL XML FORMAT-->
<molecule name="el397">
	<atoms>
		<a id="1" s="F" t="F" l="F"/>
		<a id="2" s="C" t="C.3" l="C"/>
		<a id="3" s="F" t="F" l="F"/>
		<a id="4" s="F" t="F" l="F"/>
		<a id="5" s="C" t="C.ar" l="C"/>
		<a id="6" s="C" t="C.ar" l="C"/>
		<a id="7" s="C" t="C.ar" l="C"/>
		<a id="8" s="Br" t="Br" l="BR"/>
		<a id="9" s="C" t="C.ar" l="C"/>
		<a id="10" s="N" t="N.ar" l="N"/>
		<a id="11" s="C" t="C.ar" l="C"/>
		<a id="12" s="C" t="C.ar" l="C"/>
		<a id="13" s="C" t="C.ar" l="C"/>
		<a id="14" s="C" t="C.ar" l="C"/>
		<a id="15" s="C" t="C.ar" l="C"/>
		<a id="16" s="C" t="C.ar" l="C"/>
		<a id="17" s="C" t="C.ar" l="C"/>
		<a id="18" s="C" t="C.ar" l="C"/>
		<a id="19" s="C" t="C.ar" l="C"/>
		<a id="20" s="H" t="H" l="H"/>
		<a id="21" s="H" t="H" l="H"/>
		<a id="22" s="H" t="H" l="H"/>
		<a id="23" s="H" t="H" l="H"/>
		<a id="24" s="H" t="H" l="H"/>
		<a id="25" s="H" t="H" l="H"/>
		<a id="26" s="H" t="H" l="H"/>
	</atoms>
	<bonds>
		<b id="1" c="1 2" t="1"/>
		<b id="2" c="2 3" t="1"/>
		<b id="3" c="2 4" t="1"/>
		<b id="4" c="2 5" t="1"/>
		<b id="5" c="5 6" t="ar"/>
		<b id="6" c="6 7" t="ar"/>
		<b id="7" c="7 8" t="1"/>
		<b id="8" c="7 9" t="ar"/>
		<b id="9" c="9 10" t="ar"/>
		<b id="10" c="10 11" t="ar"/>
		<b id="11" c="11 12" t="ar"/>
		<b id="12" c="12 13" t="ar"/>
		<b id="13" c="13 14" t="ar"/>
		<b id="14" c="14 15" t="ar"/>
		<b id="15" c="15 16" t="ar"/>
		<b id="16" c="16 17" t="ar"/>
		<b id="17" c="12 17" t="ar"/>
		<b id="18" c="17 18" t="ar"/>
		<b id="19" c="9 18" t="ar"/>
		<b id="20" c="18 19" t="ar"/>
		<b id="21" c="5 19" t="ar"/>
		<b id="22" c="6 20" t="1"/>
		<b id="23" c="11 21" t="1"/>
		<b id="24" c="13 22" t="1"/>
		<b id="25" c="14 23" t="1"/>
		<b id="26" c="15 24" t="1"/>
		<b id="27" c="16 25" t="1"/>
		<b id="28" c="19 26" t="1"/>
	</bonds>
	<geometry>
		<g u="A" t="cart/3d">#26,3:3.0643,-1.1229,0.7322;2.4417,-0.0943,0.1489;2.7027,-0.1840,-1.1688;1.1207,-0.3219,0.2773;2.8351,1.2441,0.7092;3.7617,1.3303,1.7507;4.0854,2.5734,2.2362;5.3286,2.7468,3.6417;3.5082,3.7459,1.7136;3.8819,4.9280,2.2626;3.3668,6.0194,1.8113;2.4160,6.0787,0.7499;1.8910,7.3006,0.3014;0.9814,7.3264,-0.7244;0.5772,6.1322,-1.3271;1.0767,4.9247,-0.9031;2.0059,4.8658,0.1465;2.5727,3.6417,0.6534;2.2509,2.3689,0.1662;4.2103,0.4401,2.1628;3.6945,6.9367,2.2844;2.2166,8.2135,0.7781;0.5750,8.2644,-1.0712;-0.1373,6.1613,-2.1362;0.7477,4.0191,-1.3868;1.5412,2.2510,-0.6370;</g>
	</geometry>
	<conformers/>
	<properties/>
</molecule>
