<?xml version="1.0" ?>
<!--MOLLI PACKAGE EXPERIMENTAL XML FORMAT-->
<molecule name="el398">
	<atoms>
		<a id="1" s="Br" t="Br" l="BR"/>
		<a id="2" s="C" t="C.ar" l="C"/>
		<a id="3" s="C" t="C.ar" l="C"/>
		<a id="4" s="C" t="C.ar" l="C"/>
		<a id="5" s="C" t="C.ar" l="C"/>
		<a id="6" s="C" t="C.ar" l="C"/>
		<a id="7" s="C" t="C.ar" l="C"/>
		<a id="8" s="N" t="N.ar" l="N"/>
		<a id="9" s="C" t="C.ar" l="C"/>
		<a id="10" s="N" t="N.ar" l="N"/>
		<a id="11" s="C" t="C.3" l="C"/>
		<a id="12" s="C" t="C.ar" l="C"/>
		<a id="13" s="C" t="C.ar" l="C"/>
		<a id="14" s="C" t="C.ar" l="C"/>
		<a id="15" s="C" t="C.ar" l="C"/>
		<a id="16" s="C" t="C.ar" l="C"/>
		<a id="17" s="C" t="C.ar" l="C"/>
		<a id="18" s="C" t="C.ar" l="C"/>
		<a id="19" s="C" t="C.ar" l="C"/>
		<a id="20" s="C" t="C.ar" l="C"/>
		<a id="21" s="C" t="C.ar" l="C"/>
		<a id="22" s="C" t="C.ar" l="C"/>
		<a id="23" s="C" t="C.ar" l="C"/>
		<a id="24" s="C" t="C.ar" l="C"/>
		<a id="25" s="C" t="C.ar" l="C"/>
		<a id="26" s="C" t="C.ar" l="C"/>
		<a id="27" s="C" t="C.ar" l="C"/>
		<a id="28" s="C" t="C.ar" l="C"/>
		<a id="29" s="C" t="C.ar" l="C"/>
		<a id="30" s="H" t="H" l="H"/>
		<a id="31" s="H" t="H" l="H"/>
		<a id="32" s="H" t="H" l="H"/>
		<a id="33" s="H" t="H" l="H"/>
		<a id="34" s="H" t="H" l="H"/>
		<a id="35" s="H" t="H" l="H"/>
		<a id="36" s="H" t="H" l="H"/>
		<a id="37" s="H" t="H" l="H"/>
		<a id="38" s="H" t="H" l="H"/>
		<a id="39" s="H" t="H" l="H"/>
		<a id="40" s="H" t="H" l="H"/>
		<a id="41" s="H" t="H" l="H"/>
		<a id="42" s="H" t="H" l="H"/>
		<a id="43" s="H" t="H" l="H"/>
		<a id="44" s="H" t="H" l="H"/>
		<a id="45" s="H" t="H" l="H"/>
		<a id="46" s="H" t="H" l="H"/>
		<a id="47" s="H" t="H" l="H"/>
		<a id="48" s="H" t="H" l="H"/>
	</atoms>
	<bonds>
		<b id="1" c="1 2" t="1"/>
		<b id="2" c="2 3" t="ar"/>
		<b id="3" c="3 4" t="ar"/>
		<b id="4" c="4 5" t="ar"/>
		<b id="5" c="5 6" t="ar"/>
		<b id="6" c="6 7" t="ar"/>
		<b id="7" c="2 7" t="ar"/>
		<b id="8" c="7 8" t="ar"/>
		<b id="9" c="8 9" t="ar"/>
		<b id="10" c="9 10" t="ar"/>
		<b id="11" c="6 10" t="ar"/>
		<b id="12" c="10 11" t="1"/>
		<b id="13" c="11 12" t="1"/>
		<b id="14" c="12 13" t="ar"/>
		<b id="15" c="13 14" t="ar"/>
		<b id="16" c="14 15" t="ar"/>
		<b id="17" c="15 16" t="ar"/>
		<b id="18" c="16 17" t="ar"/>
		<b id="19" c="12 17" t="ar"/>
		<b id="20" c="11 18" t="1"/>
		<b id="21" c="18 19" t="ar"/>
		<b id="22" c="19 20" t="ar"/>
		<b id="23" c="20 21" t="ar"/>
		<b id="24" c="21 22" t="ar"/>
		<b id="25" c="22 23" t="ar"/>
		<b id="26" c="18 23" t="ar"/>
		<b id="27" c="11 24" t="1"/>
		<b id="28" c="24 25" t="ar"/>
		<b id="29" c="25 26" t="ar"/>
		<b id="30" c="26 27" t="ar"/>
		<b id="31" c="27 28" t="ar"/>
		<b id="32" c="28 29" t="ar"/>
		<b id="33" c="24 29" t="ar"/>
		<b id="34" c="3 30" t="1"/>
		<b id="35" c="4 31" t="1"/>
		<b id="36" c="5 32" t="1"/>
		<b id="37" c="9 33" t="1"/>
		<b id="38" c="13 34" t="1"/>
		<b id="39" c="14 35" t="1"/>
		<b id="40" c="15 36" t="1"/>
		<b id="41" c="16 37" t="1"/>
		<b id="42" c="17 38" t="1"/>
		<b id="43" c="19 39" t="1"/>
		<b id="44" c="20 40" t="1"/>
		<b id="45" c="21 41" t="1"/>
		<b id="46" c="22 42" t="1"/>
		<b id="47" c="23 43" t="1"/>
		<b id="48" c="25 44" t="1"/>
		<b id="49" c="26 45" t="1"/>
		<b id="50" c="27 46" t="1"/>
		<b id="51" c="28 47" t="1"/>
		<b id="52" c="29 48" t="1"/>
	</bonds>
	<geometry>
		<g u="A" t="cart/3d">#48,3:0.6998,-0.8162,0.0673;2.0338,-2.1581,-0.0565;1.6877,-3.4886,-0.1571;2.6714,-4.4745,-0.2479;4.0163,-4.1683,-0.2434;4.3621,-2.8275,-0.1395;3.3803,-1.8114,-0.0436;3.9927,-0.5940,0.0620;5.2644,-0.8451,0.0329;5.5696,-2.1662,-0.1058;6.8731,-2.8220,-0.0379;6.7830,-3.7750,1.1528;7.0901,-5.1259,1.0802;6.9540,-5.9365,2.1955;6.5050,-5.4120,3.3939;6.1848,-4.0670,3.4724;6.3206,-3.2574,2.3611;7.2164,-3.5277,-1.3450;6.3575,-3.5749,-2.4329;6.7446,-4.2056,-3.6047;7.9937,-4.7890,-3.7075;8.8666,-4.7257,-2.6335;8.4841,-4.0940,-1.4660;7.9674,-1.7715,0.1459;8.7968,-1.7311,1.2565;9.7941,-0.7737,1.3501;9.9758,0.1503,0.3375;9.1634,0.1047,-0.7833;8.1739,-0.8542,-0.8823;0.6460,-3.7692,-0.1651;2.3635,-5.5063,-0.3239;4.7645,-4.9412,-0.3184;6.0121,-0.0814,0.1154;7.4297,-5.5610,0.1520;7.1982,-6.9862,2.1205;6.3997,-6.0470,4.2605;5.8272,-3.6457,4.4001;6.0651,-2.2091,2.4324;5.3810,-3.1175,-2.3875;6.0619,-4.2339,-4.4408;8.2914,-5.2808,-4.6213;9.8510,-5.1639,-2.7067;9.1761,-4.0291,-0.6383;8.6773,-2.4489,2.0539;10.4313,-0.7560,2.2215;10.7506,0.8977,0.4157;9.3037,0.8136,-1.5859;7.5543,-0.8953,-1.7674;</g>
	</geometry>
	<conformers/>
	<properties/>
</molecule>
