<?xml version="1.0" ?>
<!--MOLLI PACKAGE EXPERIMENTAL XML FORMAT-->
<molecule name="el399">
	<atoms>
		<a id="1" s="C" t="C.3" l="C"/>
		<a id="2" s="C" t="C.ar" l="C"/>
		<a id="3" s="C" t="C.ar" l="C"/>
		<a id="4" s="C" t="C.ar" l="C"/>
		<a id="5" s="C" t="C.ar" l="C"/>
		<a id="6" s="C" t="C.3" l="C"/>
		<a id="7" s="C" t="C.ar" l="C"/>
		<a id="8" s="C" t="C.3" l="C"/>
		<a id="9" s="S" t="S.2" l="S"/>
		<a id="10" s="C" t="C.ar" l="C"/>
		<a id="11" s="C" t="C.ar" l="C"/>
		<a id="12" s="C" t="C.ar" l="C"/>
		<a id="13" s="Br" t="Br" l="BR"/>
		<a id="14" s="H" t="H" l="H"/>
		<a id="15" s="H" t="H" l="H"/>
		<a id="16" s="H" t="H" l="H"/>
		<a id="17" s="H" t="H" l="H"/>
		<a id="18" s="H" t="H" l="H"/>
		<a id="19" s="H" t="H" l="H"/>
		<a id="20" s="H" t="H" l="H"/>
		<a id="21" s="H" t="H" l="H"/>
		<a id="22" s="H" t="H" l="H"/>
		<a id="23" s="H" t="H" l="H"/>
		<a id="24" s="H" t="H" l="H"/>
	</atoms>
	<bonds>
		<b id="1" c="1 2" t="1"/>
		<b id="2" c="2 3" t="ar"/>
		<b id="3" c="3 4" t="ar"/>
		<b id="4" c="4 5" t="ar"/>
		<b id="5" c="5 6" t="1"/>
		<b id="6" c="5 7" t="ar"/>
		<b id="7" c="7 8" t="1"/>
		<b id="8" c="7 9" t="ar"/>
		<b id="9" c="9 10" t="ar"/>
		<b id="10" c="4 10" t="ar"/>
		<b id="11" c="10 11" t="ar"/>
		<b id="12" c="11 12" t="ar"/>
		<b id="13" c="2 12" t="ar"/>
		<b id="14" c="12 13" t="1"/>
		<b id="15" c="1 14" t="1"/>
		<b id="16" c="1 15" t="1"/>
		<b id="17" c="1 16" t="1"/>
		<b id="18" c="3 17" t="1"/>
		<b id="19" c="6 18" t="1"/>
		<b id="20" c="6 19" t="1"/>
		<b id="21" c="6 20" t="1"/>
		<b id="22" c="8 21" t="1"/>
		<b id="23" c="8 22" t="1"/>
		<b id="24" c="8 23" t="1"/>
		<b id="25" c="11 24" t="1"/>
	</bonds>
	<geometry>
		<g u="A" t="cart/3d">#24,3:0.9035,-0.1847,0.0187;2.3957,-0.0834,0.0189;3.1886,-1.2149,0.0189;4.5815,-1.1266,0.0179;5.5664,-2.1703,0.0166;5.2370,-3.6306,0.0177;6.8343,-1.6858,0.0141;8.1161,-2.4397,0.0110;6.9008,0.0645,0.0144;5.1670,0.1535,0.0170;4.4003,1.3063,0.0176;3.0287,1.1668,0.0184;1.9721,2.7565,0.0185;0.5862,-1.2242,0.0194;0.4888,0.3077,-0.8609;0.4883,0.3092,0.8972;2.7123,-2.1840,0.0194;4.1620,-3.7798,0.0206;5.6527,-4.1169,0.8994;5.6481,-4.1173,-0.8660;7.9312,-3.5102,0.0080;8.7071,-2.1866,0.8909;8.7055,-2.1814,-0.8685;4.8631,2.2804,0.0172;</g>
	</geometry>
	<conformers/>
	<properties/>
</molecule>
