<?xml version="1.0" ?>
<!--MOLLI PACKAGE EXPERIMENTAL XML FORMAT-->
<molecule name="el410">
	<atoms>
		<a id="1" s="N" t="N.1" l="N"/>
		<a id="2" s="C" t="C.1" l="C"/>
		<a id="3" s="C" t="C.ar" l="C"/>
		<a id="4" s="S" t="S.2" l="S"/>
		<a id="5" s="C" t="C.ar" l="C"/>
		<a id="6" s="C" t="C.ar" l="C"/>
		<a id="7" s="C" t="C.ar" l="C"/>
		<a id="8" s="Br" t="Br" l="BR"/>
		<a id="9" s="H" t="H" l="H"/>
		<a id="10" s="H" t="H" l="H"/>
	</atoms>
	<bonds>
		<b id="1" c="1 2" t="3"/>
		<b id="2" c="2 3" t="1"/>
		<b id="3" c="3 4" t="ar"/>
		<b id="4" c="4 5" t="ar"/>
		<b id="5" c="5 6" t="ar"/>
		<b id="6" c="6 7" t="ar"/>
		<b id="7" c="3 7" t="ar"/>
		<b id="8" c="7 8" t="1"/>
		<b id="9" c="5 9" t="1"/>
		<b id="10" c="6 10" t="1"/>
	</bonds>
	<geometry>
		<g u="A" t="cart/3d">#10,3:0.9563,-0.0813,-0.0256;2.1028,-0.0440,-0.0302;3.4989,-0.0021,-0.0359;4.3629,1.5047,-0.0427;5.8644,0.6767,-0.0477;5.7264,-0.6755,-0.0445;4.3720,-1.0669,-0.0377;3.8186,-2.8689,-0.0319;6.7748,1.2427,-0.0529;6.5419,-1.3749,-0.0469;</g>
	</geometry>
	<conformers/>
	<properties/>
</molecule>
