<?xml version="1.0" ?>
<!--MOLLI PACKAGE EXPERIMENTAL XML FORMAT-->
<molecule name="el42">
	<atoms>
		<a id="1" s="C" t="C.2" l="C"/>
		<a id="2" s="C" t="C.2" l="C"/>
		<a id="3" s="C" t="C.3" l="C"/>
		<a id="4" s="O" t="O.3" l="O"/>
		<a id="5" s="C" t="C.3" l="C"/>
		<a id="6" s="C" t="C.ar" l="C"/>
		<a id="7" s="C" t="C.ar" l="C"/>
		<a id="8" s="C" t="C.ar" l="C"/>
		<a id="9" s="C" t="C.ar" l="C"/>
		<a id="10" s="C" t="C.ar" l="C"/>
		<a id="11" s="Br" t="Br" l="BR"/>
		<a id="12" s="N" t="N.ar" l="N"/>
		<a id="13" s="H" t="H" l="H"/>
		<a id="14" s="H" t="H" l="H"/>
		<a id="15" s="H" t="H" l="H"/>
		<a id="16" s="H" t="H" l="H"/>
		<a id="17" s="H" t="H" l="H"/>
		<a id="18" s="H" t="H" l="H"/>
		<a id="19" s="H" t="H" l="H"/>
		<a id="20" s="H" t="H" l="H"/>
		<a id="21" s="H" t="H" l="H"/>
		<a id="22" s="H" t="H" l="H"/>
	</atoms>
	<bonds>
		<b id="1" c="1 2" t="2"/>
		<b id="2" c="2 3" t="1"/>
		<b id="3" c="3 4" t="1"/>
		<b id="4" c="4 5" t="1"/>
		<b id="5" c="5 6" t="1"/>
		<b id="6" c="6 7" t="ar"/>
		<b id="7" c="7 8" t="ar"/>
		<b id="8" c="8 9" t="ar"/>
		<b id="9" c="9 10" t="ar"/>
		<b id="10" c="10 11" t="1"/>
		<b id="11" c="10 12" t="ar"/>
		<b id="12" c="6 12" t="ar"/>
		<b id="13" c="1 13" t="1"/>
		<b id="14" c="1 14" t="1"/>
		<b id="15" c="2 15" t="1"/>
		<b id="16" c="3 16" t="1"/>
		<b id="17" c="3 17" t="1"/>
		<b id="18" c="5 18" t="1"/>
		<b id="19" c="5 19" t="1"/>
		<b id="20" c="7 20" t="1"/>
		<b id="21" c="8 21" t="1"/>
		<b id="22" c="9 22" t="1"/>
	</bonds>
	<geometry>
		<g u="A" t="cart/3d">#22,3:1.3665,-0.8455,0.3983;2.4245,-0.1646,0.0028;3.1314,0.8580,0.8360;4.5254,0.6830,0.6868;5.2742,1.6458,1.3791;6.7440,1.4033,1.1952;7.2420,0.2245,0.6531;8.6151,0.0789,0.5289;9.4505,1.1021,0.9473;8.8369,2.2280,1.4721;9.8949,3.6889,2.0711;7.5419,2.3855,1.5952;0.8788,-1.5591,-0.2425;0.9381,-0.7108,1.3779;2.8548,-0.3097,-0.9773;2.8444,0.7685,1.8950;2.8484,1.8694,0.4931;5.0456,1.6141,2.4585;5.0343,2.6621,1.0277;6.5563,-0.5440,0.3391;9.0351,-0.8241,0.1113;10.5240,1.0370,0.8720;</g>
	</geometry>
	<conformers/>
	<properties/>
</molecule>
