<?xml version="1.0" ?>
<!--MOLLI PACKAGE EXPERIMENTAL XML FORMAT-->
<molecule name="el412">
	<atoms>
		<a id="1" s="C" t="C.3" l="C"/>
		<a id="2" s="C" t="C.ar" l="C"/>
		<a id="3" s="C" t="C.ar" l="C"/>
		<a id="4" s="C" t="C.ar" l="C"/>
		<a id="5" s="C" t="C.ar" l="C"/>
		<a id="6" s="N" t="N.ar" l="N"/>
		<a id="7" s="C" t="C.ar" l="C"/>
		<a id="8" s="C" t="C.ar" l="C"/>
		<a id="9" s="C" t="C.ar" l="C"/>
		<a id="10" s="C" t="C.ar" l="C"/>
		<a id="11" s="C" t="C.1" l="C"/>
		<a id="12" s="N" t="N.1" l="N"/>
		<a id="13" s="C" t="C.ar" l="C"/>
		<a id="14" s="Br" t="Br" l="BR"/>
		<a id="15" s="C" t="C.ar" l="C"/>
		<a id="16" s="C" t="C.3" l="C"/>
		<a id="17" s="C" t="C.3" l="C"/>
		<a id="18" s="C" t="C.3" l="C"/>
		<a id="19" s="C" t="C.3" l="C"/>
		<a id="20" s="C" t="C.3" l="C"/>
		<a id="21" s="C" t="C.2" l="C"/>
		<a id="22" s="O" t="O.2" l="O"/>
		<a id="23" s="H" t="H" l="H"/>
		<a id="24" s="H" t="H" l="H"/>
		<a id="25" s="H" t="H" l="H"/>
		<a id="26" s="H" t="H" l="H"/>
		<a id="27" s="H" t="H" l="H"/>
		<a id="28" s="H" t="H" l="H"/>
		<a id="29" s="H" t="H" l="H"/>
		<a id="30" s="H" t="H" l="H"/>
		<a id="31" s="H" t="H" l="H"/>
		<a id="32" s="H" t="H" l="H"/>
		<a id="33" s="H" t="H" l="H"/>
		<a id="34" s="H" t="H" l="H"/>
		<a id="35" s="H" t="H" l="H"/>
		<a id="36" s="H" t="H" l="H"/>
		<a id="37" s="H" t="H" l="H"/>
		<a id="38" s="H" t="H" l="H"/>
		<a id="39" s="H" t="H" l="H"/>
	</atoms>
	<bonds>
		<b id="1" c="1 2" t="1"/>
		<b id="2" c="2 3" t="ar"/>
		<b id="3" c="3 4" t="ar"/>
		<b id="4" c="4 5" t="ar"/>
		<b id="5" c="5 6" t="ar"/>
		<b id="6" c="2 6" t="ar"/>
		<b id="7" c="6 7" t="1"/>
		<b id="8" c="7 8" t="ar"/>
		<b id="9" c="8 9" t="ar"/>
		<b id="10" c="9 10" t="ar"/>
		<b id="11" c="10 11" t="1"/>
		<b id="12" c="11 12" t="3"/>
		<b id="13" c="10 13" t="ar"/>
		<b id="14" c="13 14" t="1"/>
		<b id="15" c="13 15" t="ar"/>
		<b id="16" c="7 15" t="ar"/>
		<b id="17" c="5 16" t="1"/>
		<b id="18" c="16 17" t="1"/>
		<b id="19" c="17 18" t="1"/>
		<b id="20" c="17 19" t="1"/>
		<b id="21" c="17 20" t="1"/>
		<b id="22" c="20 21" t="1"/>
		<b id="23" c="4 21" t="1"/>
		<b id="24" c="21 22" t="2"/>
		<b id="25" c="1 23" t="1"/>
		<b id="26" c="1 24" t="1"/>
		<b id="27" c="1 25" t="1"/>
		<b id="28" c="3 26" t="1"/>
		<b id="29" c="8 27" t="1"/>
		<b id="30" c="9 28" t="1"/>
		<b id="31" c="15 29" t="1"/>
		<b id="32" c="16 30" t="1"/>
		<b id="33" c="16 31" t="1"/>
		<b id="34" c="18 32" t="1"/>
		<b id="35" c="18 33" t="1"/>
		<b id="36" c="18 34" t="1"/>
		<b id="37" c="19 35" t="1"/>
		<b id="38" c="19 36" t="1"/>
		<b id="39" c="19 37" t="1"/>
		<b id="40" c="20 38" t="1"/>
		<b id="41" c="20 39" t="1"/>
	</bonds>
	<geometry>
		<g u="A" t="cart/3d">#39,3:0.9263,0.0815,-0.3749;2.3983,0.1445,-0.1642;3.2087,1.2370,-0.1058;4.5261,0.7796,0.1779;4.4630,-0.5915,0.3076;3.1715,-0.9819,0.0883;2.7194,-2.3038,0.0913;1.9638,-2.8001,-0.9724;1.5350,-4.1097,-0.9664;1.8565,-4.9588,0.0950;1.4111,-6.3004,0.0756;1.0420,-7.3843,0.0441;2.6173,-4.4570,1.1546;3.0773,-5.5808,2.6211;3.0414,-3.1421,1.1568;5.6303,-1.4743,0.5537;6.9100,-0.7766,0.0515;6.9120,-0.7208,-1.4775;8.1306,-1.5663,0.5285;6.9668,0.6454,0.6285;5.7719,1.5205,0.2776;5.8723,2.7183,0.1204;0.4825,1.0214,-0.0576;0.4799,-0.7288,0.1994;0.6755,-0.0637,-1.4264;2.9200,2.2592,-0.2409;1.7339,-2.1604,-1.8088;0.9538,-4.4994,-1.7884;3.6082,-2.7631,1.9920;5.5057,-2.4406,0.0574;5.7382,-1.6636,1.6280;6.8897,-1.7255,-1.8956;7.8102,-0.2229,-1.8340;6.0499,-0.1717,-1.8483;8.0979,-2.5852,0.1484;8.1669,-1.6069,1.6152;9.0462,-1.0995,0.1744;7.8734,1.1551,0.2982;7.0003,0.5913,1.7216;</g>
	</geometry>
	<conformers/>
	<properties/>
</molecule>
