<?xml version="1.0" ?>
<!--MOLLI PACKAGE EXPERIMENTAL XML FORMAT-->
<molecule name="el414">
	<atoms>
		<a id="1" s="C" t="C.3" l="C"/>
		<a id="2" s="C" t="C.3" l="C"/>
		<a id="3" s="C" t="C.3" l="C"/>
		<a id="4" s="C" t="C.3" l="C"/>
		<a id="5" s="N" t="N.ar" l="N"/>
		<a id="6" s="C" t="C.ar" l="C"/>
		<a id="7" s="C" t="C.2" l="C"/>
		<a id="8" s="O" t="O.2" l="O"/>
		<a id="9" s="C" t="C.ar" l="C"/>
		<a id="10" s="Br" t="Br" l="BR"/>
		<a id="11" s="C" t="C.ar" l="C"/>
		<a id="12" s="C" t="C.ar" l="C"/>
		<a id="13" s="C" t="C.ar" l="C"/>
		<a id="14" s="C" t="C.ar" l="C"/>
		<a id="15" s="C" t="C.ar" l="C"/>
		<a id="16" s="C" t="C.ar" l="C"/>
		<a id="17" s="H" t="H" l="H"/>
		<a id="18" s="H" t="H" l="H"/>
		<a id="19" s="H" t="H" l="H"/>
		<a id="20" s="H" t="H" l="H"/>
		<a id="21" s="H" t="H" l="H"/>
		<a id="22" s="H" t="H" l="H"/>
		<a id="23" s="H" t="H" l="H"/>
		<a id="24" s="H" t="H" l="H"/>
		<a id="25" s="H" t="H" l="H"/>
		<a id="26" s="H" t="H" l="H"/>
		<a id="27" s="H" t="H" l="H"/>
		<a id="28" s="H" t="H" l="H"/>
		<a id="29" s="H" t="H" l="H"/>
		<a id="30" s="H" t="H" l="H"/>
	</atoms>
	<bonds>
		<b id="1" c="1 2" t="1"/>
		<b id="2" c="2 3" t="1"/>
		<b id="3" c="3 4" t="1"/>
		<b id="4" c="4 5" t="1"/>
		<b id="5" c="5 6" t="ar"/>
		<b id="6" c="6 7" t="1"/>
		<b id="7" c="7 8" t="2"/>
		<b id="8" c="6 9" t="ar"/>
		<b id="9" c="9 10" t="1"/>
		<b id="10" c="9 11" t="ar"/>
		<b id="11" c="11 12" t="ar"/>
		<b id="12" c="12 13" t="ar"/>
		<b id="13" c="13 14" t="ar"/>
		<b id="14" c="14 15" t="ar"/>
		<b id="15" c="15 16" t="ar"/>
		<b id="16" c="11 16" t="ar"/>
		<b id="17" c="5 16" t="ar"/>
		<b id="18" c="1 17" t="1"/>
		<b id="19" c="1 18" t="1"/>
		<b id="20" c="1 19" t="1"/>
		<b id="21" c="2 20" t="1"/>
		<b id="22" c="2 21" t="1"/>
		<b id="23" c="3 22" t="1"/>
		<b id="24" c="3 23" t="1"/>
		<b id="25" c="4 24" t="1"/>
		<b id="26" c="4 25" t="1"/>
		<b id="27" c="7 26" t="1"/>
		<b id="28" c="12 27" t="1"/>
		<b id="29" c="13 28" t="1"/>
		<b id="30" c="14 29" t="1"/>
		<b id="31" c="15 30" t="1"/>
	</bonds>
	<geometry>
		<g u="A" t="cart/3d">#30,3:0.9900,0.0986,-0.2229;2.4891,-0.1711,-0.2478;2.9403,-0.9385,0.9914;4.4485,-1.2010,0.9677;4.8664,-1.9558,2.1228;5.3033,-1.4275,3.3204;5.5036,-0.0257,3.5960;5.2969,0.9020,2.8454;5.5336,-2.4786,4.2007;6.1509,-2.3322,5.9653;5.2212,-3.6851,3.5415;5.2535,-5.0312,3.9181;4.8638,-5.9699,2.9967;4.4445,-5.5955,1.7115;4.4044,-4.2794,1.3158;4.7972,-3.3092,2.2383;0.6887,0.6584,-1.1047;0.7229,0.6772,0.6584;0.4324,-0.8357,-0.2017;3.0291,0.7761,-0.2959;2.7411,-0.7447,-1.1431;2.4065,-1.8905,1.0531;2.6993,-0.3583,1.8845;4.9832,-0.2501,0.9627;4.7204,-1.7659,0.0717;5.8841,0.1501,4.6199;5.5781,-5.3086,4.9094;4.8763,-7.0170,3.2577;4.1439,-6.3657,1.0172;4.0765,-4.0091,0.3242;</g>
	</geometry>
	<conformers/>
	<properties/>
</molecule>
