<?xml version="1.0" ?>
<!--MOLLI PACKAGE EXPERIMENTAL XML FORMAT-->
<molecule name="el417">
	<atoms>
		<a id="1" s="C" t="C.3" l="C"/>
		<a id="2" s="C" t="C.3" l="C"/>
		<a id="3" s="N" t="N.ar" l="N"/>
		<a id="4" s="C" t="C.ar" l="C"/>
		<a id="5" s="Br" t="Br" l="BR"/>
		<a id="6" s="C" t="C.ar" l="C"/>
		<a id="7" s="C" t="C.2" l="C"/>
		<a id="8" s="C" t="C.3" l="C"/>
		<a id="9" s="O" t="O.2" l="O"/>
		<a id="10" s="C" t="C.ar" l="C"/>
		<a id="11" s="C" t="C.ar" l="C"/>
		<a id="12" s="C" t="C.ar" l="C"/>
		<a id="13" s="C" t="C.ar" l="C"/>
		<a id="14" s="C" t="C.ar" l="C"/>
		<a id="15" s="C" t="C.ar" l="C"/>
		<a id="16" s="H" t="H" l="H"/>
		<a id="17" s="H" t="H" l="H"/>
		<a id="18" s="H" t="H" l="H"/>
		<a id="19" s="H" t="H" l="H"/>
		<a id="20" s="H" t="H" l="H"/>
		<a id="21" s="H" t="H" l="H"/>
		<a id="22" s="H" t="H" l="H"/>
		<a id="23" s="H" t="H" l="H"/>
		<a id="24" s="H" t="H" l="H"/>
		<a id="25" s="H" t="H" l="H"/>
		<a id="26" s="H" t="H" l="H"/>
		<a id="27" s="H" t="H" l="H"/>
	</atoms>
	<bonds>
		<b id="1" c="1 2" t="1"/>
		<b id="2" c="2 3" t="1"/>
		<b id="3" c="3 4" t="ar"/>
		<b id="4" c="4 5" t="1"/>
		<b id="5" c="4 6" t="ar"/>
		<b id="6" c="6 7" t="1"/>
		<b id="7" c="7 8" t="1"/>
		<b id="8" c="7 9" t="2"/>
		<b id="9" c="6 10" t="ar"/>
		<b id="10" c="10 11" t="ar"/>
		<b id="11" c="11 12" t="ar"/>
		<b id="12" c="12 13" t="ar"/>
		<b id="13" c="13 14" t="ar"/>
		<b id="14" c="14 15" t="ar"/>
		<b id="15" c="10 15" t="ar"/>
		<b id="16" c="3 15" t="ar"/>
		<b id="17" c="1 16" t="1"/>
		<b id="18" c="1 17" t="1"/>
		<b id="19" c="1 18" t="1"/>
		<b id="20" c="2 19" t="1"/>
		<b id="21" c="2 20" t="1"/>
		<b id="22" c="8 21" t="1"/>
		<b id="23" c="8 22" t="1"/>
		<b id="24" c="8 23" t="1"/>
		<b id="25" c="11 24" t="1"/>
		<b id="26" c="12 25" t="1"/>
		<b id="27" c="13 26" t="1"/>
		<b id="28" c="14 27" t="1"/>
	</bonds>
	<geometry>
		<g u="A" t="cart/3d">#27,3:3.5772,-0.1040,1.0037;2.4352,-0.0770,-0.0090;2.9278,0.1433,-1.3449;3.1385,1.3413,-1.9430;2.7046,2.9293,-1.0646;3.6906,1.1957,-3.2052;4.0146,2.3340,-4.0576;4.6930,2.0446,-5.3734;3.7537,3.4714,-3.7172;3.8388,-0.2226,-3.3922;4.3143,-1.0375,-4.4200;4.3090,-2.4044,-4.2455;3.8404,-2.9898,-3.0699;3.3598,-2.2146,-2.0368;3.3598,-0.8367,-2.2085;3.1854,-0.2992,1.9976;4.0912,0.8540,1.0160;4.2937,-0.8815,0.7480;1.7342,0.7230,0.2418;1.8943,-1.0261,-0.0007;5.6138,1.4908,-5.2050;4.9190,2.9850,-5.8701;4.0331,1.4549,-6.0060;4.6829,-0.6212,-5.3421;4.6773,-3.0402,-5.0367;3.8550,-4.0643,-2.9692;2.9989,-2.6685,-1.1268;</g>
	</geometry>
	<conformers/>
	<properties/>
</molecule>
