<?xml version="1.0" ?>
<!--MOLLI PACKAGE EXPERIMENTAL XML FORMAT-->
<molecule name="el43">
	<atoms>
		<a id="1" s="O" t="O.2" l="O"/>
		<a id="2" s="S" t="S.O2" l="S"/>
		<a id="3" s="O" t="O.2" l="O"/>
		<a id="4" s="C" t="C.ar" l="C"/>
		<a id="5" s="C" t="C.ar" l="C"/>
		<a id="6" s="C" t="C.ar" l="C"/>
		<a id="7" s="C" t="C.ar" l="C"/>
		<a id="8" s="Br" t="Br" l="BR"/>
		<a id="9" s="C" t="C.ar" l="C"/>
		<a id="10" s="C" t="C.ar" l="C"/>
		<a id="11" s="C" t="C.3" l="C"/>
		<a id="12" s="C" t="C.3" l="C"/>
		<a id="13" s="C" t="C.3" l="C"/>
		<a id="14" s="S" t="S.3" l="S"/>
		<a id="15" s="C" t="C.3" l="C"/>
		<a id="16" s="F" t="F" l="F"/>
		<a id="17" s="F" t="F" l="F"/>
		<a id="18" s="F" t="F" l="F"/>
		<a id="19" s="C" t="C.3" l="C"/>
		<a id="20" s="C" t="C.3" l="C"/>
		<a id="21" s="H" t="H" l="H"/>
		<a id="22" s="H" t="H" l="H"/>
		<a id="23" s="H" t="H" l="H"/>
		<a id="24" s="H" t="H" l="H"/>
		<a id="25" s="H" t="H" l="H"/>
		<a id="26" s="H" t="H" l="H"/>
		<a id="27" s="H" t="H" l="H"/>
		<a id="28" s="H" t="H" l="H"/>
		<a id="29" s="H" t="H" l="H"/>
		<a id="30" s="H" t="H" l="H"/>
	</atoms>
	<bonds>
		<b id="1" c="1 2" t="2"/>
		<b id="2" c="2 3" t="2"/>
		<b id="3" c="2 4" t="1"/>
		<b id="4" c="4 5" t="ar"/>
		<b id="5" c="5 6" t="ar"/>
		<b id="6" c="6 7" t="ar"/>
		<b id="7" c="7 8" t="1"/>
		<b id="8" c="7 9" t="ar"/>
		<b id="9" c="9 10" t="ar"/>
		<b id="10" c="4 10" t="ar"/>
		<b id="11" c="2 11" t="1"/>
		<b id="12" c="11 12" t="1"/>
		<b id="13" c="12 13" t="1"/>
		<b id="14" c="13 14" t="1"/>
		<b id="15" c="14 15" t="1"/>
		<b id="16" c="15 16" t="1"/>
		<b id="17" c="15 17" t="1"/>
		<b id="18" c="15 18" t="1"/>
		<b id="19" c="13 19" t="1"/>
		<b id="20" c="11 19" t="1"/>
		<b id="21" c="13 20" t="1"/>
		<b id="22" c="11 20" t="1"/>
		<b id="23" c="5 21" t="1"/>
		<b id="24" c="6 22" t="1"/>
		<b id="25" c="9 23" t="1"/>
		<b id="26" c="10 24" t="1"/>
		<b id="27" c="12 25" t="1"/>
		<b id="28" c="12 26" t="1"/>
		<b id="29" c="19 27" t="1"/>
		<b id="30" c="19 28" t="1"/>
		<b id="31" c="20 29" t="1"/>
		<b id="32" c="20 30" t="1"/>
	</bonds>
	<geometry>
		<g u="A" t="cart/3d">#30,3:2.4394,0.1071,1.4542;2.5924,-0.1609,0.0532;3.5041,-1.1856,-0.3659;0.9802,-0.4600,-0.6765;0.9032,-1.1390,-1.8779;-0.3317,-1.3304,-2.4724;-1.4638,-0.8312,-1.8436;-3.1598,-1.0833,-2.6570;-1.3877,-0.1540,-0.6348;-0.1477,0.0333,-0.0490;3.0726,1.3872,-0.7633;4.3991,2.1495,-0.5895;3.5419,2.9448,-1.5893;3.9463,4.5215,-2.3908;5.6944,4.1500,-2.7464;5.8425,2.9727,-3.3591;6.2129,5.0835,-3.5313;6.4329,4.0975,-1.6352;2.3399,2.7338,-0.6574;3.1862,1.6150,-2.2795;1.8075,-1.5230,-2.3225;-0.4191,-1.8605,-3.4081;-2.2841,0.2164,-0.1623;-0.0419,0.5421,0.8959;5.2912,1.6629,-0.9740;4.5801,2.6050,0.3797;1.3535,2.7979,-1.1102;2.3700,3.2359,0.3050;3.9889,1.0976,-2.7971;2.2618,1.5945,-2.8519;</g>
	</geometry>
	<conformers/>
	<properties/>
</molecule>
