<?xml version="1.0" ?>
<!--MOLLI PACKAGE EXPERIMENTAL XML FORMAT-->
<molecule name="el422">
	<atoms>
		<a id="1" s="C" t="C.3" l="C"/>
		<a id="2" s="C" t="C.2" l="C"/>
		<a id="3" s="O" t="O.2" l="O"/>
		<a id="4" s="C" t="C.ar" l="C"/>
		<a id="5" s="C" t="C.ar" l="C"/>
		<a id="6" s="Br" t="Br" l="BR"/>
		<a id="7" s="N" t="N.ar" l="N"/>
		<a id="8" s="C" t="C.3" l="C"/>
		<a id="9" s="C" t="C.ar" l="C"/>
		<a id="10" s="C" t="C.ar" l="C"/>
		<a id="11" s="C" t="C.ar" l="C"/>
		<a id="12" s="C" t="C.ar" l="C"/>
		<a id="13" s="C" t="C.ar" l="C"/>
		<a id="14" s="C" t="C.ar" l="C"/>
		<a id="15" s="C" t="C.ar" l="C"/>
		<a id="16" s="C" t="C.ar" l="C"/>
		<a id="17" s="C" t="C.ar" l="C"/>
		<a id="18" s="C" t="C.ar" l="C"/>
		<a id="19" s="C" t="C.ar" l="C"/>
		<a id="20" s="C" t="C.ar" l="C"/>
		<a id="21" s="H" t="H" l="H"/>
		<a id="22" s="H" t="H" l="H"/>
		<a id="23" s="H" t="H" l="H"/>
		<a id="24" s="H" t="H" l="H"/>
		<a id="25" s="H" t="H" l="H"/>
		<a id="26" s="H" t="H" l="H"/>
		<a id="27" s="H" t="H" l="H"/>
		<a id="28" s="H" t="H" l="H"/>
		<a id="29" s="H" t="H" l="H"/>
		<a id="30" s="H" t="H" l="H"/>
		<a id="31" s="H" t="H" l="H"/>
		<a id="32" s="H" t="H" l="H"/>
		<a id="33" s="H" t="H" l="H"/>
		<a id="34" s="H" t="H" l="H"/>
	</atoms>
	<bonds>
		<b id="1" c="1 2" t="1"/>
		<b id="2" c="2 3" t="2"/>
		<b id="3" c="2 4" t="1"/>
		<b id="4" c="4 5" t="ar"/>
		<b id="5" c="5 6" t="1"/>
		<b id="6" c="5 7" t="ar"/>
		<b id="7" c="7 8" t="1"/>
		<b id="8" c="8 9" t="1"/>
		<b id="9" c="9 10" t="ar"/>
		<b id="10" c="10 11" t="ar"/>
		<b id="11" c="11 12" t="ar"/>
		<b id="12" c="12 13" t="ar"/>
		<b id="13" c="13 14" t="ar"/>
		<b id="14" c="9 14" t="ar"/>
		<b id="15" c="7 15" t="ar"/>
		<b id="16" c="15 16" t="ar"/>
		<b id="17" c="16 17" t="ar"/>
		<b id="18" c="17 18" t="ar"/>
		<b id="19" c="18 19" t="ar"/>
		<b id="20" c="19 20" t="ar"/>
		<b id="21" c="4 20" t="ar"/>
		<b id="22" c="15 20" t="ar"/>
		<b id="23" c="1 21" t="1"/>
		<b id="24" c="1 22" t="1"/>
		<b id="25" c="1 23" t="1"/>
		<b id="26" c="8 24" t="1"/>
		<b id="27" c="8 25" t="1"/>
		<b id="28" c="10 26" t="1"/>
		<b id="29" c="11 27" t="1"/>
		<b id="30" c="12 28" t="1"/>
		<b id="31" c="13 29" t="1"/>
		<b id="32" c="14 30" t="1"/>
		<b id="33" c="16 31" t="1"/>
		<b id="34" c="17 32" t="1"/>
		<b id="35" c="18 33" t="1"/>
		<b id="36" c="19 34" t="1"/>
	</bonds>
	<geometry>
		<g u="A" t="cart/3d">#34,3:1.2658,-0.8540,0.7562;2.2766,-0.0004,0.0320;2.4891,-0.1427,-1.1564;2.9933,0.9992,0.8158;3.9722,1.8154,0.2711;4.5764,1.8400,-1.4956;4.4913,2.6594,1.1960;5.5640,3.6056,1.0346;6.7758,3.2192,1.8496;7.1469,1.8867,1.9707;8.2529,1.5350,2.7230;9.0032,2.5117,3.3548;8.6442,3.8426,3.2294;7.5334,4.1943,2.4833;3.8662,2.4032,2.3947;4.0766,3.0054,3.6273;3.3133,2.5688,4.6883;2.3656,1.5596,4.5204;2.1559,0.9582,3.2982;2.9142,1.3731,2.2029;0.8350,-1.5648,0.0552;0.4764,-0.2264,1.1638;1.7477,-1.3925,1.5689;5.2112,4.5982,1.3362;5.8313,3.6475,-0.0263;6.5697,1.1182,1.4772;8.5299,0.4954,2.8138;9.8665,2.2367,3.9418;9.2273,4.6095,3.7169;7.2531,5.2342,2.3910;4.8167,3.7800,3.7522;3.4504,3.0119,5.6629;1.7832,1.2412,5.3722;1.4150,0.1821,3.2085;</g>
	</geometry>
	<conformers/>
	<properties/>
</molecule>
