<?xml version="1.0" ?>
<!--MOLLI PACKAGE EXPERIMENTAL XML FORMAT-->
<molecule name="el423">
	<atoms>
		<a id="1" s="C" t="C.3" l="C"/>
		<a id="2" s="C" t="C.3" l="C"/>
		<a id="3" s="C" t="C.3" l="C"/>
		<a id="4" s="C" t="C.3" l="C"/>
		<a id="5" s="C" t="C.3" l="C"/>
		<a id="6" s="C" t="C.3" l="C"/>
		<a id="7" s="N" t="N.ar" l="N"/>
		<a id="8" s="C" t="C.ar" l="C"/>
		<a id="9" s="Br" t="Br" l="BR"/>
		<a id="10" s="C" t="C.ar" l="C"/>
		<a id="11" s="C" t="C.2" l="C"/>
		<a id="12" s="C" t="C.3" l="C"/>
		<a id="13" s="O" t="O.2" l="O"/>
		<a id="14" s="C" t="C.ar" l="C"/>
		<a id="15" s="C" t="C.ar" l="C"/>
		<a id="16" s="C" t="C.ar" l="C"/>
		<a id="17" s="C" t="C.ar" l="C"/>
		<a id="18" s="C" t="C.ar" l="C"/>
		<a id="19" s="C" t="C.ar" l="C"/>
		<a id="20" s="H" t="H" l="H"/>
		<a id="21" s="H" t="H" l="H"/>
		<a id="22" s="H" t="H" l="H"/>
		<a id="23" s="H" t="H" l="H"/>
		<a id="24" s="H" t="H" l="H"/>
		<a id="25" s="H" t="H" l="H"/>
		<a id="26" s="H" t="H" l="H"/>
		<a id="27" s="H" t="H" l="H"/>
		<a id="28" s="H" t="H" l="H"/>
		<a id="29" s="H" t="H" l="H"/>
		<a id="30" s="H" t="H" l="H"/>
		<a id="31" s="H" t="H" l="H"/>
		<a id="32" s="H" t="H" l="H"/>
		<a id="33" s="H" t="H" l="H"/>
		<a id="34" s="H" t="H" l="H"/>
		<a id="35" s="H" t="H" l="H"/>
		<a id="36" s="H" t="H" l="H"/>
		<a id="37" s="H" t="H" l="H"/>
		<a id="38" s="H" t="H" l="H"/>
		<a id="39" s="H" t="H" l="H"/>
	</atoms>
	<bonds>
		<b id="1" c="1 2" t="1"/>
		<b id="2" c="2 3" t="1"/>
		<b id="3" c="3 4" t="1"/>
		<b id="4" c="4 5" t="1"/>
		<b id="5" c="5 6" t="1"/>
		<b id="6" c="6 7" t="1"/>
		<b id="7" c="7 8" t="ar"/>
		<b id="8" c="8 9" t="1"/>
		<b id="9" c="8 10" t="ar"/>
		<b id="10" c="10 11" t="1"/>
		<b id="11" c="11 12" t="1"/>
		<b id="12" c="11 13" t="2"/>
		<b id="13" c="10 14" t="ar"/>
		<b id="14" c="14 15" t="ar"/>
		<b id="15" c="15 16" t="ar"/>
		<b id="16" c="16 17" t="ar"/>
		<b id="17" c="17 18" t="ar"/>
		<b id="18" c="18 19" t="ar"/>
		<b id="19" c="14 19" t="ar"/>
		<b id="20" c="7 19" t="ar"/>
		<b id="21" c="1 20" t="1"/>
		<b id="22" c="1 21" t="1"/>
		<b id="23" c="1 22" t="1"/>
		<b id="24" c="2 23" t="1"/>
		<b id="25" c="2 24" t="1"/>
		<b id="26" c="3 25" t="1"/>
		<b id="27" c="3 26" t="1"/>
		<b id="28" c="4 27" t="1"/>
		<b id="29" c="4 28" t="1"/>
		<b id="30" c="5 29" t="1"/>
		<b id="31" c="5 30" t="1"/>
		<b id="32" c="6 31" t="1"/>
		<b id="33" c="6 32" t="1"/>
		<b id="34" c="12 33" t="1"/>
		<b id="35" c="12 34" t="1"/>
		<b id="36" c="12 35" t="1"/>
		<b id="37" c="15 36" t="1"/>
		<b id="38" c="16 37" t="1"/>
		<b id="39" c="17 38" t="1"/>
		<b id="40" c="18 39" t="1"/>
	</bonds>
	<geometry>
		<g u="A" t="cart/3d">#39,3:9.0269,0.0089,2.9767;7.8814,-0.0446,1.9735;8.3351,-0.6002,0.6257;7.2012,-0.6240,-0.3960;7.6638,-1.1745,-1.7415;6.5317,-1.1541,-2.7717;6.9631,-1.6779,-4.0411;7.5425,-0.9806,-5.0484;7.7950,0.8615,-4.9004;7.8886,-1.8012,-6.1100;8.5227,-1.2943,-7.3214;8.8869,-2.2982,-8.3871;8.7511,-0.1091,-7.4651;7.4937,-3.1247,-5.7086;7.5484,-4.3902,-6.2936;7.0635,-5.4723,-5.5914;6.5223,-5.3322,-4.3139;6.4498,-4.0964,-3.7084;6.9326,-3.0019,-4.4132;8.6833,0.4034,3.9299;9.8257,0.6488,2.6083;9.4354,-0.9855,3.1438;7.4776,0.9601,1.8306;7.0787,-0.6702,2.3712;8.7203,-1.6132,0.7645;9.1518,0.0143,0.2408;6.8210,0.3903,-0.5352;6.3809,-1.2365,-0.0135;8.0225,-2.1995,-1.6208;8.4932,-0.5702,-2.1147;6.1835,-0.1277,-2.9147;5.6901,-1.7570,-2.4221;9.5595,-3.0487,-7.9779;9.3772,-1.7808,-9.2084;7.9882,-2.7880,-8.7555;7.9601,-4.5369,-7.2776;7.1040,-6.4542,-6.0384;6.1560,-6.2041,-3.7936;6.0338,-3.9891,-2.7186;</g>
	</geometry>
	<conformers/>
	<properties/>
</molecule>
