<?xml version="1.0" ?>
<!--MOLLI PACKAGE EXPERIMENTAL XML FORMAT-->
<molecule name="el429">
	<atoms>
		<a id="1" s="C" t="C.3" l="C"/>
		<a id="2" s="O" t="O.3" l="O"/>
		<a id="3" s="C" t="C.ar" l="C"/>
		<a id="4" s="C" t="C.ar" l="C"/>
		<a id="5" s="C" t="C.ar" l="C"/>
		<a id="6" s="C" t="C.ar" l="C"/>
		<a id="7" s="C" t="C.1" l="C"/>
		<a id="8" s="C" t="C.1" l="C"/>
		<a id="9" s="C" t="C.ar" l="C"/>
		<a id="10" s="O" t="O.2" l="O"/>
		<a id="11" s="C" t="C.ar" l="C"/>
		<a id="12" s="C" t="C.ar" l="C"/>
		<a id="13" s="C" t="C.ar" l="C"/>
		<a id="14" s="C" t="C.ar" l="C"/>
		<a id="15" s="C" t="C.ar" l="C"/>
		<a id="16" s="C" t="C.ar" l="C"/>
		<a id="17" s="C" t="C.ar" l="C"/>
		<a id="18" s="Br" t="Br" l="BR"/>
		<a id="19" s="C" t="C.ar" l="C"/>
		<a id="20" s="C" t="C.ar" l="C"/>
		<a id="21" s="H" t="H" l="H"/>
		<a id="22" s="H" t="H" l="H"/>
		<a id="23" s="H" t="H" l="H"/>
		<a id="24" s="H" t="H" l="H"/>
		<a id="25" s="H" t="H" l="H"/>
		<a id="26" s="H" t="H" l="H"/>
		<a id="27" s="H" t="H" l="H"/>
		<a id="28" s="H" t="H" l="H"/>
		<a id="29" s="H" t="H" l="H"/>
		<a id="30" s="H" t="H" l="H"/>
		<a id="31" s="H" t="H" l="H"/>
	</atoms>
	<bonds>
		<b id="1" c="1 2" t="1"/>
		<b id="2" c="2 3" t="1"/>
		<b id="3" c="3 4" t="ar"/>
		<b id="4" c="4 5" t="ar"/>
		<b id="5" c="5 6" t="ar"/>
		<b id="6" c="6 7" t="1"/>
		<b id="7" c="7 8" t="3"/>
		<b id="8" c="8 9" t="1"/>
		<b id="9" c="9 10" t="ar"/>
		<b id="10" c="10 11" t="ar"/>
		<b id="11" c="11 12" t="ar"/>
		<b id="12" c="12 13" t="ar"/>
		<b id="13" c="13 14" t="ar"/>
		<b id="14" c="14 15" t="ar"/>
		<b id="15" c="15 16" t="ar"/>
		<b id="16" c="11 16" t="ar"/>
		<b id="17" c="16 17" t="ar"/>
		<b id="18" c="9 17" t="ar"/>
		<b id="19" c="17 18" t="1"/>
		<b id="20" c="6 19" t="ar"/>
		<b id="21" c="19 20" t="ar"/>
		<b id="22" c="3 20" t="ar"/>
		<b id="23" c="1 21" t="1"/>
		<b id="24" c="1 22" t="1"/>
		<b id="25" c="1 23" t="1"/>
		<b id="26" c="4 24" t="1"/>
		<b id="27" c="5 25" t="1"/>
		<b id="28" c="12 26" t="1"/>
		<b id="29" c="13 27" t="1"/>
		<b id="30" c="14 28" t="1"/>
		<b id="31" c="15 29" t="1"/>
		<b id="32" c="19 30" t="1"/>
		<b id="33" c="20 31" t="1"/>
	</bonds>
	<geometry>
		<g u="A" t="cart/3d">#31,3:1.5381,-0.7133,-0.0051;2.4009,0.3581,0.2930;2.9569,0.4250,1.5304;2.7718,-0.5148,2.5419;3.3769,-0.3375,3.7707;4.1746,0.7801,4.0165;4.7582,0.9740,5.2796;5.2432,1.1581,6.3730;5.7650,1.3462,7.6517;6.3558,2.5306,7.9862;6.7341,2.4294,9.2811;7.3624,3.3936,10.0519;7.6446,3.0641,11.3631;7.3158,1.8141,11.8928;6.6931,0.8510,11.1301;6.3962,1.1641,9.8060;5.7696,0.4846,8.7231;5.0714,-1.2560,8.7372;4.3685,1.7170,2.9944;3.7694,1.5383,1.7708;1.2016,-0.5448,-1.0270;0.6710,-0.7273,0.6631;2.0566,-1.6757,0.0501;2.1574,-1.3870,2.3835;3.2295,-1.0661,4.5541;7.6130,4.3561,9.6361;8.1310,3.7910,11.9958;7.5563,1.6032,12.9238;6.4360,-0.1163,11.5339;4.9897,2.5808,3.1777;3.9066,2.2511,0.9729;</g>
	</geometry>
	<conformers/>
	<properties/>
</molecule>
