<?xml version="1.0" ?>
<!--MOLLI PACKAGE EXPERIMENTAL XML FORMAT-->
<molecule name="el435">
	<atoms>
		<a id="1" s="C" t="C.3" l="C"/>
		<a id="2" s="C" t="C.3" l="C"/>
		<a id="3" s="C" t="C.3" l="C"/>
		<a id="4" s="C" t="C.3" l="C"/>
		<a id="5" s="C" t="C.ar" l="C"/>
		<a id="6" s="C" t="C.ar" l="C"/>
		<a id="7" s="C" t="C.ar" l="C"/>
		<a id="8" s="Br" t="Br" l="BR"/>
		<a id="9" s="C" t="C.ar" l="C"/>
		<a id="10" s="N" t="N.ar" l="N"/>
		<a id="11" s="C" t="C.ar" l="C"/>
		<a id="12" s="C" t="C.ar" l="C"/>
		<a id="13" s="C" t="C.ar" l="C"/>
		<a id="14" s="C" t="C.ar" l="C"/>
		<a id="15" s="C" t="C.ar" l="C"/>
		<a id="16" s="C" t="C.ar" l="C"/>
		<a id="17" s="C" t="C.ar" l="C"/>
		<a id="18" s="C" t="C.ar" l="C"/>
		<a id="19" s="C" t="C.ar" l="C"/>
		<a id="20" s="H" t="H" l="H"/>
		<a id="21" s="H" t="H" l="H"/>
		<a id="22" s="H" t="H" l="H"/>
		<a id="23" s="H" t="H" l="H"/>
		<a id="24" s="H" t="H" l="H"/>
		<a id="25" s="H" t="H" l="H"/>
		<a id="26" s="H" t="H" l="H"/>
		<a id="27" s="H" t="H" l="H"/>
		<a id="28" s="H" t="H" l="H"/>
		<a id="29" s="H" t="H" l="H"/>
		<a id="30" s="H" t="H" l="H"/>
		<a id="31" s="H" t="H" l="H"/>
		<a id="32" s="H" t="H" l="H"/>
		<a id="33" s="H" t="H" l="H"/>
		<a id="34" s="H" t="H" l="H"/>
		<a id="35" s="H" t="H" l="H"/>
	</atoms>
	<bonds>
		<b id="1" c="1 2" t="1"/>
		<b id="2" c="2 3" t="1"/>
		<b id="3" c="2 4" t="1"/>
		<b id="4" c="2 5" t="1"/>
		<b id="5" c="5 6" t="ar"/>
		<b id="6" c="6 7" t="ar"/>
		<b id="7" c="7 8" t="1"/>
		<b id="8" c="7 9" t="ar"/>
		<b id="9" c="9 10" t="ar"/>
		<b id="10" c="10 11" t="ar"/>
		<b id="11" c="11 12" t="ar"/>
		<b id="12" c="12 13" t="ar"/>
		<b id="13" c="13 14" t="ar"/>
		<b id="14" c="14 15" t="ar"/>
		<b id="15" c="15 16" t="ar"/>
		<b id="16" c="16 17" t="ar"/>
		<b id="17" c="12 17" t="ar"/>
		<b id="18" c="17 18" t="ar"/>
		<b id="19" c="9 18" t="ar"/>
		<b id="20" c="18 19" t="ar"/>
		<b id="21" c="5 19" t="ar"/>
		<b id="22" c="1 20" t="1"/>
		<b id="23" c="1 21" t="1"/>
		<b id="24" c="1 22" t="1"/>
		<b id="25" c="3 23" t="1"/>
		<b id="26" c="3 24" t="1"/>
		<b id="27" c="3 25" t="1"/>
		<b id="28" c="4 26" t="1"/>
		<b id="29" c="4 27" t="1"/>
		<b id="30" c="4 28" t="1"/>
		<b id="31" c="6 29" t="1"/>
		<b id="32" c="11 30" t="1"/>
		<b id="33" c="13 31" t="1"/>
		<b id="34" c="14 32" t="1"/>
		<b id="35" c="15 33" t="1"/>
		<b id="36" c="16 34" t="1"/>
		<b id="37" c="19 35" t="1"/>
	</bonds>
	<geometry>
		<g u="A" t="cart/3d">#35,3:1.0308,-0.2972,-0.1220;2.5139,0.0765,0.0142;3.3448,-0.6962,-1.0198;2.6606,1.5722,-0.2781;2.9830,-0.2969,1.4110;2.9271,-1.6452,1.7978;3.3272,-2.0270,3.0499;3.2466,-3.8525,3.5572;3.8007,-1.1005,3.9928;4.1673,-1.5591,5.2155;4.5948,-0.7185,6.0928;4.7173,0.6837,5.8645;5.1901,1.5487,6.8636;5.3036,2.8926,6.6194;4.9484,3.4028,5.3679;4.4819,2.5748,4.3771;4.3506,1.1944,4.5964;3.8638,0.2609,3.6121;3.4512,0.6260,2.3222;0.6645,-0.0152,-1.1066;0.4401,0.2244,0.6284;0.8761,-1.3650,0.0046;3.0376,-0.4178,-2.0254;3.2187,-1.7698,-0.9139;4.4015,-0.4633,-0.9051;2.3160,1.7765,-1.2895;3.7001,1.8850,-0.2094;2.0593,2.1677,0.4051;2.5666,-2.3975,1.1145;4.8729,-1.1275,7.0565;5.4612,1.1347,7.8241;5.6663,3.5601,7.3866;5.0427,4.4625,5.1805;4.2161,2.9985,3.4214;3.5033,1.6649,2.0477;</g>
	</geometry>
	<conformers/>
	<properties/>
</molecule>
