<?xml version="1.0" ?>
<!--MOLLI PACKAGE EXPERIMENTAL XML FORMAT-->
<molecule name="el436">
	<atoms>
		<a id="1" s="C" t="C.3" l="C"/>
		<a id="2" s="C" t="C.ar" l="C"/>
		<a id="3" s="C" t="C.ar" l="C"/>
		<a id="4" s="C" t="C.ar" l="C"/>
		<a id="5" s="C" t="C.2" l="C"/>
		<a id="6" s="O" t="O.2" l="O"/>
		<a id="7" s="C" t="C.ar" l="C"/>
		<a id="8" s="O" t="O.3" l="O"/>
		<a id="9" s="C" t="C.3" l="C"/>
		<a id="10" s="C" t="C.ar" l="C"/>
		<a id="11" s="C" t="C.ar" l="C"/>
		<a id="12" s="C" t="C.ar" l="C"/>
		<a id="13" s="C" t="C.ar" l="C"/>
		<a id="14" s="C" t="C.ar" l="C"/>
		<a id="15" s="C" t="C.1" l="C"/>
		<a id="16" s="N" t="N.1" l="N"/>
		<a id="17" s="C" t="C.ar" l="C"/>
		<a id="18" s="C" t="C.ar" l="C"/>
		<a id="19" s="C" t="C.ar" l="C"/>
		<a id="20" s="Br" t="Br" l="BR"/>
		<a id="21" s="H" t="H" l="H"/>
		<a id="22" s="H" t="H" l="H"/>
		<a id="23" s="H" t="H" l="H"/>
		<a id="24" s="H" t="H" l="H"/>
		<a id="25" s="H" t="H" l="H"/>
		<a id="26" s="H" t="H" l="H"/>
		<a id="27" s="H" t="H" l="H"/>
		<a id="28" s="H" t="H" l="H"/>
		<a id="29" s="H" t="H" l="H"/>
		<a id="30" s="H" t="H" l="H"/>
		<a id="31" s="H" t="H" l="H"/>
		<a id="32" s="H" t="H" l="H"/>
	</atoms>
	<bonds>
		<b id="1" c="1 2" t="1"/>
		<b id="2" c="2 3" t="ar"/>
		<b id="3" c="3 4" t="ar"/>
		<b id="4" c="4 5" t="1"/>
		<b id="5" c="5 6" t="2"/>
		<b id="6" c="4 7" t="ar"/>
		<b id="7" c="7 8" t="1"/>
		<b id="8" c="8 9" t="1"/>
		<b id="9" c="9 10" t="1"/>
		<b id="10" c="10 11" t="ar"/>
		<b id="11" c="11 12" t="ar"/>
		<b id="12" c="12 13" t="ar"/>
		<b id="13" c="13 14" t="ar"/>
		<b id="14" c="14 15" t="1"/>
		<b id="15" c="15 16" t="3"/>
		<b id="16" c="14 17" t="ar"/>
		<b id="17" c="10 17" t="ar"/>
		<b id="18" c="7 18" t="ar"/>
		<b id="19" c="18 19" t="ar"/>
		<b id="20" c="2 19" t="ar"/>
		<b id="21" c="19 20" t="1"/>
		<b id="22" c="1 21" t="1"/>
		<b id="23" c="1 22" t="1"/>
		<b id="24" c="1 23" t="1"/>
		<b id="25" c="3 24" t="1"/>
		<b id="26" c="5 25" t="1"/>
		<b id="27" c="9 26" t="1"/>
		<b id="28" c="9 27" t="1"/>
		<b id="29" c="11 28" t="1"/>
		<b id="30" c="12 29" t="1"/>
		<b id="31" c="13 30" t="1"/>
		<b id="32" c="17 31" t="1"/>
		<b id="33" c="18 32" t="1"/>
	</bonds>
	<geometry>
		<g u="A" t="cart/3d">#32,3:0.2614,-1.7722,-0.8898;1.1250,-0.6961,-0.3188;2.4787,-0.8789,-0.1145;3.3067,0.1017,0.4413;4.6800,-0.3028,0.7729;5.2677,-1.2231,0.2639;2.7620,1.3606,0.7430;3.4471,2.4306,1.2180;4.7616,2.7056,0.7706;4.8695,4.1224,0.2535;3.7450,4.8714,-0.0656;3.8727,6.1659,-0.5441;5.1223,6.7269,-0.7173;6.2563,5.9762,-0.4039;7.5435,6.5384,-0.5765;8.5831,6.9985,-0.7193;6.1289,4.6777,0.0829;1.3938,1.5549,0.5578;0.6015,0.5429,0.0564;-1.2569,0.8832,-0.1509;0.8528,-2.6501,-1.1329;-0.2380,-1.4220,-1.7929;-0.5126,-2.0560,-0.1766;2.9369,-1.8269,-0.3562;5.1383,0.2695,1.6017;5.0553,2.0107,-0.0280;5.4586,2.5814,1.6096;2.7658,4.4406,0.0715;2.9890,6.7380,-0.7828;5.2332,7.7344,-1.0887;7.0149,4.1084,0.3251;0.9672,2.5113,0.8170;</g>
	</geometry>
	<conformers/>
	<properties/>
</molecule>
