<?xml version="1.0" ?>
<!--MOLLI PACKAGE EXPERIMENTAL XML FORMAT-->
<molecule name="el448">
	<atoms>
		<a id="1" s="C" t="C.3" l="C"/>
		<a id="2" s="O" t="O.3" l="O"/>
		<a id="3" s="C" t="C.ar" l="C"/>
		<a id="4" s="C" t="C.ar" l="C"/>
		<a id="5" s="C" t="C.ar" l="C"/>
		<a id="6" s="C" t="C.ar" l="C"/>
		<a id="7" s="C" t="C.3" l="C"/>
		<a id="8" s="N" t="N.pl3" l="N"/>
		<a id="9" s="C" t="C.ar" l="C"/>
		<a id="10" s="C" t="C.ar" l="C"/>
		<a id="11" s="C" t="C.ar" l="C"/>
		<a id="12" s="Br" t="Br" l="BR"/>
		<a id="13" s="C" t="C.ar" l="C"/>
		<a id="14" s="C" t="C.ar" l="C"/>
		<a id="15" s="N" t="N.pl3" l="N"/>
		<a id="16" s="C" t="C.3" l="C"/>
		<a id="17" s="C" t="C.3" l="C"/>
		<a id="18" s="C" t="C.ar" l="C"/>
		<a id="19" s="C" t="C.ar" l="C"/>
		<a id="20" s="C" t="C.ar" l="C"/>
		<a id="21" s="C" t="C.ar" l="C"/>
		<a id="22" s="C" t="C.ar" l="C"/>
		<a id="23" s="N" t="N.ar" l="N"/>
		<a id="24" s="N" t="N.ar" l="N"/>
		<a id="25" s="O" t="O.co2" l="O"/>
		<a id="26" s="C" t="C.ar" l="C"/>
		<a id="27" s="O" t="O.3" l="O"/>
		<a id="28" s="C" t="C.3" l="C"/>
		<a id="29" s="C" t="C.ar" l="C"/>
		<a id="30" s="H" t="H" l="H"/>
		<a id="31" s="H" t="H" l="H"/>
		<a id="32" s="H" t="H" l="H"/>
		<a id="33" s="H" t="H" l="H"/>
		<a id="34" s="H" t="H" l="H"/>
		<a id="35" s="H" t="H" l="H"/>
		<a id="36" s="H" t="H" l="H"/>
		<a id="37" s="H" t="H" l="H"/>
		<a id="38" s="H" t="H" l="H"/>
		<a id="39" s="H" t="H" l="H"/>
		<a id="40" s="H" t="H" l="H"/>
		<a id="41" s="H" t="H" l="H"/>
		<a id="42" s="H" t="H" l="H"/>
		<a id="43" s="H" t="H" l="H"/>
		<a id="44" s="H" t="H" l="H"/>
		<a id="45" s="H" t="H" l="H"/>
		<a id="46" s="H" t="H" l="H"/>
		<a id="47" s="H" t="H" l="H"/>
		<a id="48" s="H" t="H" l="H"/>
		<a id="49" s="H" t="H" l="H"/>
		<a id="50" s="H" t="H" l="H"/>
		<a id="51" s="H" t="H" l="H"/>
		<a id="52" s="H" t="H" l="H"/>
	</atoms>
	<bonds>
		<b id="1" c="1 2" t="1"/>
		<b id="2" c="2 3" t="1"/>
		<b id="3" c="3 4" t="ar"/>
		<b id="4" c="4 5" t="ar"/>
		<b id="5" c="5 6" t="ar"/>
		<b id="6" c="6 7" t="1"/>
		<b id="7" c="7 8" t="1"/>
		<b id="8" c="8 9" t="1"/>
		<b id="9" c="9 10" t="ar"/>
		<b id="10" c="10 11" t="ar"/>
		<b id="11" c="11 12" t="1"/>
		<b id="12" c="11 13" t="ar"/>
		<b id="13" c="13 14" t="ar"/>
		<b id="14" c="14 15" t="1"/>
		<b id="15" c="15 16" t="1"/>
		<b id="16" c="16 17" t="1"/>
		<b id="17" c="17 18" t="1"/>
		<b id="18" c="18 19" t="ar"/>
		<b id="19" c="19 20" t="ar"/>
		<b id="20" c="20 21" t="ar"/>
		<b id="21" c="21 22" t="ar"/>
		<b id="22" c="22 23" t="ar"/>
		<b id="23" c="18 23" t="ar"/>
		<b id="24" c="14 24" t="ar"/>
		<b id="25" c="9 24" t="ar"/>
		<b id="26" c="24 25" t="1"/>
		<b id="27" c="6 26" t="ar"/>
		<b id="28" c="26 27" t="1"/>
		<b id="29" c="27 28" t="1"/>
		<b id="30" c="26 29" t="ar"/>
		<b id="31" c="3 29" t="ar"/>
		<b id="32" c="1 30" t="1"/>
		<b id="33" c="1 31" t="1"/>
		<b id="34" c="1 32" t="1"/>
		<b id="35" c="4 33" t="1"/>
		<b id="36" c="5 34" t="1"/>
		<b id="37" c="7 35" t="1"/>
		<b id="38" c="7 36" t="1"/>
		<b id="39" c="8 37" t="1"/>
		<b id="40" c="10 38" t="1"/>
		<b id="41" c="13 39" t="1"/>
		<b id="42" c="15 40" t="1"/>
		<b id="43" c="16 41" t="1"/>
		<b id="44" c="16 42" t="1"/>
		<b id="45" c="17 43" t="1"/>
		<b id="46" c="17 44" t="1"/>
		<b id="47" c="19 45" t="1"/>
		<b id="48" c="20 46" t="1"/>
		<b id="49" c="21 47" t="1"/>
		<b id="50" c="22 48" t="1"/>
		<b id="51" c="28 49" t="1"/>
		<b id="52" c="28 50" t="1"/>
		<b id="53" c="28 51" t="1"/>
		<b id="54" c="29 52" t="1"/>
	</bonds>
	<geometry>
		<g u="A" t="cart/3d">#52,3:4.5008,0.9199,-0.2546;5.1780,-0.0547,-1.0108;4.8242,-1.3587,-0.8494;3.8250,-1.8169,0.0022;3.5872,-3.1760,0.0809;4.2859,-4.1192,-0.6639;4.0449,-5.5703,-0.3393;5.0990,-6.0039,0.5653;5.6642,-7.2223,0.7326;6.4199,-7.4578,1.8904;7.0090,-8.6862,2.0884;8.0184,-8.9956,3.6677;6.8684,-9.7023,1.1601;6.1422,-9.4390,0.0064;5.9509,-10.2745,-1.0271;6.2982,-11.6656,-1.0939;6.3110,-12.1242,-2.5549;6.6587,-13.5838,-2.6395;7.8764,-14.0192,-3.1522;8.1380,-15.3789,-3.1881;7.1793,-16.2573,-2.7092;5.9991,-15.7240,-2.2144;5.7451,-14.4291,-2.1791;5.5587,-8.2069,-0.1912;4.9160,-8.0527,-1.3167;5.2706,-3.6488,-1.5475;6.0810,-4.4005,-2.3453;5.5541,-5.4981,-3.0712;5.5213,-2.2818,-1.6195;4.9221,1.8760,-0.5609;4.6649,0.7789,0.8201;3.4239,0.9179,-0.4595;3.2446,-1.1444,0.6136;2.8242,-3.5232,0.7643;4.0408,-6.2345,-1.2002;3.0735,-5.6645,0.1680;5.2757,-5.3568,1.3199;6.5219,-6.6700,2.6186;7.3155,-10.6681,1.3138;5.3177,-9.8588,-1.7159;5.5829,-12.2852,-0.5351;7.2918,-11.8086,-0.6563;7.0288,-11.5295,-3.1208;5.3144,-11.9737,-2.9745;8.6016,-13.3082,-3.5191;9.0743,-15.7468,-3.5830;7.3423,-17.3238,-2.7200;5.2148,-16.3618,-1.8277;6.1814,-5.5860,-3.9592;4.5234,-5.3105,-3.3806;5.6057,-6.4379,-2.5135;6.2892,-1.9325,-2.2902;</g>
	</geometry>
	<conformers/>
	<properties/>
</molecule>
