<?xml version="1.0" ?>
<!--MOLLI PACKAGE EXPERIMENTAL XML FORMAT-->
<molecule name="el46">
	<atoms>
		<a id="1" s="C" t="C.3" l="C"/>
		<a id="2" s="C" t="C.ar" l="C"/>
		<a id="3" s="C" t="C.ar" l="C"/>
		<a id="4" s="C" t="C.ar" l="C"/>
		<a id="5" s="C" t="C.ar" l="C"/>
		<a id="6" s="Br" t="Br" l="BR"/>
		<a id="7" s="C" t="C.ar" l="C"/>
		<a id="8" s="C" t="C.ar" l="C"/>
		<a id="9" s="N" t="N.pl3" l="N"/>
		<a id="10" s="O" t="O.2" l="O"/>
		<a id="11" s="O" t="O.co2" l="O"/>
		<a id="12" s="H" t="H" l="H"/>
		<a id="13" s="H" t="H" l="H"/>
		<a id="14" s="H" t="H" l="H"/>
		<a id="15" s="H" t="H" l="H"/>
		<a id="16" s="H" t="H" l="H"/>
		<a id="17" s="H" t="H" l="H"/>
	</atoms>
	<bonds>
		<b id="1" c="1 2" t="1"/>
		<b id="2" c="2 3" t="ar"/>
		<b id="3" c="3 4" t="ar"/>
		<b id="4" c="4 5" t="ar"/>
		<b id="5" c="5 6" t="1"/>
		<b id="6" c="5 7" t="ar"/>
		<b id="7" c="7 8" t="ar"/>
		<b id="8" c="2 8" t="ar"/>
		<b id="9" c="8 9" t="1"/>
		<b id="10" c="9 10" t="2"/>
		<b id="11" c="9 11" t="1"/>
		<b id="12" c="1 12" t="1"/>
		<b id="13" c="1 13" t="1"/>
		<b id="14" c="1 14" t="1"/>
		<b id="15" c="3 15" t="1"/>
		<b id="16" c="4 16" t="1"/>
		<b id="17" c="7 17" t="1"/>
	</bonds>
	<geometry>
		<g u="A" t="cart/3d">#17,3:4.3216,0.0596,0.0679;2.8345,-0.0152,0.0262;2.0959,1.1682,0.0084;0.7166,1.1809,-0.0265;0.0278,-0.0242,-0.0445;-1.8719,-0.0285,-0.0896;0.7152,-1.2183,-0.0302;2.1083,-1.2144,0.0045;2.7449,-2.5135,0.0155;3.9546,-2.5686,0.0487;2.0213,-3.4861,-0.0089;4.6476,1.0964,0.0741;4.7593,-0.4486,-0.7898;4.7082,-0.4423,0.9537;2.6254,2.1089,0.0229;0.1759,2.1145,-0.0393;0.1966,-2.1654,-0.0451;</g>
	</geometry>
	<conformers/>
	<properties/>
</molecule>
