<?xml version="1.0" ?>
<!--MOLLI PACKAGE EXPERIMENTAL XML FORMAT-->
<molecule name="el452">
	<atoms>
		<a id="1" s="C" t="C.3" l="C"/>
		<a id="2" s="C" t="C.3" l="C"/>
		<a id="3" s="C" t="C.3" l="C"/>
		<a id="4" s="C" t="C.3" l="C"/>
		<a id="5" s="C" t="C.3" l="C"/>
		<a id="6" s="C" t="C.3" l="C"/>
		<a id="7" s="O" t="O.2" l="O"/>
		<a id="8" s="C" t="C.2" l="C"/>
		<a id="9" s="C" t="C.ar" l="C"/>
		<a id="10" s="C" t="C.ar" l="C"/>
		<a id="11" s="C" t="C.ar" l="C"/>
		<a id="12" s="C" t="C.ar" l="C"/>
		<a id="13" s="C" t="C.ar" l="C"/>
		<a id="14" s="C" t="C.ar" l="C"/>
		<a id="15" s="N" t="N.pl3" l="N"/>
		<a id="16" s="C" t="C.ar" l="C"/>
		<a id="17" s="C" t="C.ar" l="C"/>
		<a id="18" s="C" t="C.ar" l="C"/>
		<a id="19" s="C" t="C.ar" l="C"/>
		<a id="20" s="C" t="C.ar" l="C"/>
		<a id="21" s="Br" t="Br" l="BR"/>
		<a id="22" s="N" t="N.ar" l="N"/>
		<a id="23" s="N" t="N.2" l="N"/>
		<a id="24" s="H" t="H" l="H"/>
		<a id="25" s="H" t="H" l="H"/>
		<a id="26" s="H" t="H" l="H"/>
		<a id="27" s="H" t="H" l="H"/>
		<a id="28" s="H" t="H" l="H"/>
		<a id="29" s="H" t="H" l="H"/>
		<a id="30" s="H" t="H" l="H"/>
		<a id="31" s="H" t="H" l="H"/>
		<a id="32" s="H" t="H" l="H"/>
		<a id="33" s="H" t="H" l="H"/>
		<a id="34" s="H" t="H" l="H"/>
		<a id="35" s="H" t="H" l="H"/>
		<a id="36" s="H" t="H" l="H"/>
		<a id="37" s="H" t="H" l="H"/>
		<a id="38" s="H" t="H" l="H"/>
		<a id="39" s="H" t="H" l="H"/>
		<a id="40" s="H" t="H" l="H"/>
		<a id="41" s="H" t="H" l="H"/>
		<a id="42" s="H" t="H" l="H"/>
		<a id="43" s="H" t="H" l="H"/>
	</atoms>
	<bonds>
		<b id="1" c="1 2" t="1"/>
		<b id="2" c="2 3" t="1"/>
		<b id="3" c="2 4" t="1"/>
		<b id="4" c="5 6" t="1"/>
		<b id="5" c="6 7" t="1"/>
		<b id="6" c="7 8" t="1"/>
		<b id="7" c="8 9" t="1"/>
		<b id="8" c="9 10" t="ar"/>
		<b id="9" c="10 11" t="ar"/>
		<b id="10" c="11 12" t="ar"/>
		<b id="11" c="12 13" t="ar"/>
		<b id="12" c="13 14" t="ar"/>
		<b id="13" c="9 14" t="ar"/>
		<b id="14" c="14 15" t="1"/>
		<b id="15" c="15 16" t="1"/>
		<b id="16" c="16 17" t="ar"/>
		<b id="17" c="17 18" t="ar"/>
		<b id="18" c="18 19" t="ar"/>
		<b id="19" c="19 20" t="ar"/>
		<b id="20" c="20 21" t="1"/>
		<b id="21" c="20 22" t="ar"/>
		<b id="22" c="16 22" t="ar"/>
		<b id="23" c="8 23" t="2"/>
		<b id="24" c="5 23" t="1"/>
		<b id="25" c="5 2" t="1"/>
		<b id="26" c="1 24" t="1"/>
		<b id="27" c="1 25" t="1"/>
		<b id="28" c="1 26" t="1"/>
		<b id="29" c="3 27" t="1"/>
		<b id="30" c="3 28" t="1"/>
		<b id="31" c="3 29" t="1"/>
		<b id="32" c="4 30" t="1"/>
		<b id="33" c="4 31" t="1"/>
		<b id="34" c="4 32" t="1"/>
		<b id="35" c="5 33" t="1"/>
		<b id="36" c="6 34" t="1"/>
		<b id="37" c="6 35" t="1"/>
		<b id="38" c="10 36" t="1"/>
		<b id="39" c="11 37" t="1"/>
		<b id="40" c="12 38" t="1"/>
		<b id="41" c="13 39" t="1"/>
		<b id="42" c="15 40" t="1"/>
		<b id="43" c="17 41" t="1"/>
		<b id="44" c="18 42" t="1"/>
		<b id="45" c="19 43" t="1"/>
	</bonds>
	<geometry>
		<g u="A" t="cart/3d">#43,3:5.6608,-0.7603,1.0251;4.7632,-1.1778,2.1915;4.2014,-2.5809,1.9548;5.5808,-1.1790,3.4857;3.6202,-0.1508,2.3663;2.6689,0.0214,1.1521;1.3811,-0.2995,1.6638;1.5477,-0.6162,2.9921;0.4118,-1.0129,3.8132;0.7196,-1.4564,5.1028;-0.2643,-1.8591,5.9785;-1.5906,-1.8226,5.5720;-1.9224,-1.3849,4.3071;-0.9386,-0.9726,3.4061;-1.2494,-0.5288,2.1326;-2.4452,-0.3072,1.5242;-2.4467,0.1609,0.1939;-3.6502,0.3966,-0.4298;-4.8425,0.1721,0.2550;-4.7208,-0.2865,1.5500;-6.2806,-0.6338,2.5865;-3.5893,-0.5213,2.1700;2.7335,-0.5417,3.4334;6.5142,-1.4313,0.9596;6.0318,0.2522,1.1702;5.1293,-0.7964,0.0770;5.0155,-3.2965,1.8684;3.6123,-2.6293,1.0413;3.5686,-2.8736,2.7898;6.3597,-1.9363,3.4401;4.9315,-1.3882,4.3309;6.0495,-0.2103,3.6431;4.0767,0.8091,2.6377;2.8898,-0.6603,0.3278;2.6506,1.0477,0.7760;1.7594,-1.4700,5.3871;-0.0042,-2.1995,6.9688;-2.3744,-2.1370,6.2447;-2.9519,-1.3536,3.9961;-0.4405,-0.3100,1.5631;-1.5107,0.3283,-0.3172;-3.6765,0.7548,-1.4484;-5.8052,0.3449,-0.1949;</g>
	</geometry>
	<conformers/>
	<properties/>
</molecule>
