<?xml version="1.0" ?>
<!--MOLLI PACKAGE EXPERIMENTAL XML FORMAT-->
<molecule name="el453">
	<atoms>
		<a id="1" s="C" t="C.3" l="C"/>
		<a id="2" s="O" t="O.3" l="O"/>
		<a id="3" s="C" t="C.ar" l="C"/>
		<a id="4" s="C" t="C.ar" l="C"/>
		<a id="5" s="C" t="C.ar" l="C"/>
		<a id="6" s="C" t="C.ar" l="C"/>
		<a id="7" s="C" t="C.ar" l="C"/>
		<a id="8" s="C" t="C.ar" l="C"/>
		<a id="9" s="Br" t="Br" l="BR"/>
		<a id="10" s="C" t="C.ar" l="C"/>
		<a id="11" s="C" t="C.3" l="C"/>
		<a id="12" s="C" t="C.ar" l="C"/>
		<a id="13" s="C" t="C.ar" l="C"/>
		<a id="14" s="O" t="O.3" l="O"/>
		<a id="15" s="C" t="C.3" l="C"/>
		<a id="16" s="C" t="C.ar" l="C"/>
		<a id="17" s="H" t="H" l="H"/>
		<a id="18" s="H" t="H" l="H"/>
		<a id="19" s="H" t="H" l="H"/>
		<a id="20" s="H" t="H" l="H"/>
		<a id="21" s="H" t="H" l="H"/>
		<a id="22" s="H" t="H" l="H"/>
		<a id="23" s="H" t="H" l="H"/>
		<a id="24" s="H" t="H" l="H"/>
		<a id="25" s="H" t="H" l="H"/>
		<a id="26" s="H" t="H" l="H"/>
		<a id="27" s="H" t="H" l="H"/>
		<a id="28" s="H" t="H" l="H"/>
		<a id="29" s="H" t="H" l="H"/>
	</atoms>
	<bonds>
		<b id="1" c="1 2" t="1"/>
		<b id="2" c="2 3" t="1"/>
		<b id="3" c="3 4" t="ar"/>
		<b id="4" c="4 5" t="ar"/>
		<b id="5" c="5 6" t="ar"/>
		<b id="6" c="6 7" t="ar"/>
		<b id="7" c="7 8" t="ar"/>
		<b id="8" c="8 9" t="1"/>
		<b id="9" c="8 10" t="ar"/>
		<b id="10" c="10 11" t="1"/>
		<b id="11" c="10 12" t="ar"/>
		<b id="12" c="12 13" t="ar"/>
		<b id="13" c="13 14" t="1"/>
		<b id="14" c="14 15" t="1"/>
		<b id="15" c="13 16" t="ar"/>
		<b id="16" c="3 16" t="ar"/>
		<b id="17" c="7 16" t="ar"/>
		<b id="18" c="1 17" t="1"/>
		<b id="19" c="1 18" t="1"/>
		<b id="20" c="1 19" t="1"/>
		<b id="21" c="4 20" t="1"/>
		<b id="22" c="5 21" t="1"/>
		<b id="23" c="6 22" t="1"/>
		<b id="24" c="11 23" t="1"/>
		<b id="25" c="11 24" t="1"/>
		<b id="26" c="11 25" t="1"/>
		<b id="27" c="12 26" t="1"/>
		<b id="28" c="15 27" t="1"/>
		<b id="29" c="15 28" t="1"/>
		<b id="30" c="15 29" t="1"/>
	</bonds>
	<geometry>
		<g u="A" t="cart/3d">#29,3:1.1588,0.0262,0.4170;2.3068,-0.0070,-0.3938;3.0408,1.1215,-0.5438;2.7231,2.3185,0.0614;3.5201,3.4467,-0.1361;4.6294,3.3893,-0.9293;4.9979,2.1882,-1.5663;6.1469,2.0946,-2.3915;7.2099,3.6652,-2.6466;6.5165,0.9284,-3.0088;7.7156,0.7728,-3.8915;5.7105,-0.2054,-2.8103;4.5816,-0.1834,-2.0268;3.7948,-1.2659,-1.8278;4.1445,-2.4882,-2.4265;4.1963,1.0286,-1.3770;0.7443,-0.9794,0.3713;0.4167,0.7392,0.0423;1.4041,0.2686,1.4565;1.8560,2.4031,0.6956;3.2485,4.3726,0.3483;5.2300,4.2736,-1.0679;8.3515,1.6530,-3.8794;7.3964,0.5943,-4.9189;8.3044,-0.0858,-3.5705;6.0149,-1.1127,-3.3067;3.3759,-3.1933,-2.1139;5.1215,-2.8429,-2.0814;4.1472,-2.4197,-3.5194;</g>
	</geometry>
	<conformers/>
	<properties/>
</molecule>
