<?xml version="1.0" ?>
<!--MOLLI PACKAGE EXPERIMENTAL XML FORMAT-->
<molecule name="el455">
	<atoms>
		<a id="1" s="O" t="O.2" l="O"/>
		<a id="2" s="C" t="C.2" l="C"/>
		<a id="3" s="C" t="C.ar" l="C"/>
		<a id="4" s="C" t="C.ar" l="C"/>
		<a id="5" s="C" t="C.ar" l="C"/>
		<a id="6" s="Br" t="Br" l="BR"/>
		<a id="7" s="C" t="C.ar" l="C"/>
		<a id="8" s="C" t="C.ar" l="C"/>
		<a id="9" s="C" t="C.3" l="C"/>
		<a id="10" s="F" t="F" l="F"/>
		<a id="11" s="F" t="F" l="F"/>
		<a id="12" s="F" t="F" l="F"/>
		<a id="13" s="C" t="C.ar" l="C"/>
		<a id="14" s="H" t="H" l="H"/>
		<a id="15" s="H" t="H" l="H"/>
		<a id="16" s="H" t="H" l="H"/>
		<a id="17" s="H" t="H" l="H"/>
	</atoms>
	<bonds>
		<b id="1" c="1 2" t="2"/>
		<b id="2" c="2 3" t="1"/>
		<b id="3" c="3 4" t="ar"/>
		<b id="4" c="4 5" t="ar"/>
		<b id="5" c="5 6" t="1"/>
		<b id="6" c="5 7" t="ar"/>
		<b id="7" c="7 8" t="ar"/>
		<b id="8" c="8 9" t="1"/>
		<b id="9" c="9 10" t="1"/>
		<b id="10" c="9 11" t="1"/>
		<b id="11" c="9 12" t="1"/>
		<b id="12" c="8 13" t="ar"/>
		<b id="13" c="3 13" t="ar"/>
		<b id="14" c="2 14" t="1"/>
		<b id="15" c="4 15" t="1"/>
		<b id="16" c="7 16" t="1"/>
		<b id="17" c="13 17" t="1"/>
	</bonds>
	<geometry>
		<g u="A" t="cart/3d">#17,3:2.4231,1.0770,-0.0369;2.1750,-0.0941,0.0378;2.9884,-1.0779,0.7842;2.6241,-2.4211,0.8083;3.4017,-3.3239,1.5126;2.9103,-5.1544,1.5486;4.5373,-2.9160,2.1968;4.8897,-1.5738,2.1659;6.1156,-1.0886,2.8953;6.7625,-2.0653,3.5417;7.0028,-0.5264,2.0591;5.8129,-0.1547,3.8110;4.1266,-0.6523,1.4661;1.2914,-0.5347,-0.4607;1.7429,-2.7571,0.2822;5.1349,-3.6299,2.7429;4.3969,0.3928,1.4383;</g>
	</geometry>
	<conformers/>
	<properties/>
</molecule>
