<?xml version="1.0" ?>
<!--MOLLI PACKAGE EXPERIMENTAL XML FORMAT-->
<molecule name="el456">
	<atoms>
		<a id="1" s="C" t="C.3" l="C"/>
		<a id="2" s="O" t="O.2" l="O"/>
		<a id="3" s="C" t="C.2" l="C"/>
		<a id="4" s="C" t="C.2" l="C"/>
		<a id="5" s="C" t="C.3" l="C"/>
		<a id="6" s="C" t="C.ar" l="C"/>
		<a id="7" s="C" t="C.ar" l="C"/>
		<a id="8" s="C" t="C.ar" l="C"/>
		<a id="9" s="C" t="C.ar" l="C"/>
		<a id="10" s="C" t="C.ar" l="C"/>
		<a id="11" s="Br" t="Br" l="BR"/>
		<a id="12" s="C" t="C.ar" l="C"/>
		<a id="13" s="H" t="H" l="H"/>
		<a id="14" s="H" t="H" l="H"/>
		<a id="15" s="H" t="H" l="H"/>
		<a id="16" s="H" t="H" l="H"/>
		<a id="17" s="H" t="H" l="H"/>
		<a id="18" s="H" t="H" l="H"/>
		<a id="19" s="H" t="H" l="H"/>
		<a id="20" s="H" t="H" l="H"/>
		<a id="21" s="H" t="H" l="H"/>
		<a id="22" s="H" t="H" l="H"/>
		<a id="23" s="H" t="H" l="H"/>
	</atoms>
	<bonds>
		<b id="1" c="1 2" t="1"/>
		<b id="2" c="2 3" t="1"/>
		<b id="3" c="3 4" t="2"/>
		<b id="4" c="4 5" t="1"/>
		<b id="5" c="4 6" t="1"/>
		<b id="6" c="6 7" t="ar"/>
		<b id="7" c="7 8" t="ar"/>
		<b id="8" c="8 9" t="ar"/>
		<b id="9" c="9 10" t="ar"/>
		<b id="10" c="10 11" t="1"/>
		<b id="11" c="10 12" t="ar"/>
		<b id="12" c="6 12" t="ar"/>
		<b id="13" c="1 13" t="1"/>
		<b id="14" c="1 14" t="1"/>
		<b id="15" c="1 15" t="1"/>
		<b id="16" c="3 16" t="1"/>
		<b id="17" c="5 17" t="1"/>
		<b id="18" c="5 18" t="1"/>
		<b id="19" c="5 19" t="1"/>
		<b id="20" c="7 20" t="1"/>
		<b id="21" c="8 21" t="1"/>
		<b id="22" c="9 22" t="1"/>
		<b id="23" c="12 23" t="1"/>
	</bonds>
	<geometry>
		<g u="A" t="cart/3d">#23,3:1.0072,0.2254,0.0374;2.4072,0.1010,-0.0079;3.0895,0.7707,0.9589;4.4273,0.7666,1.0212;5.2332,0.0300,-0.0111;5.1342,1.4998,2.0716;4.5733,1.7180,3.3330;5.2585,2.4162,4.3083;6.5276,2.9138,4.0636;7.0878,2.6873,2.8196;8.8400,3.3549,2.4519;6.4186,1.9921,1.8325;0.6203,-0.3603,-0.7944;0.6957,1.2689,-0.0786;0.6013,-0.1666,0.9762;2.4840,1.3289,1.6632;4.5967,-0.6877,-0.5195;6.0665,-0.4925,0.4533;5.6286,0.7180,-0.7576;3.5982,1.3165,3.5601;4.8071,2.5714,5.2768;7.0695,3.4576,4.8211;6.8889,1.8473,0.8734;</g>
	</geometry>
	<conformers/>
	<properties/>
</molecule>
