<?xml version="1.0" ?>
<!--MOLLI PACKAGE EXPERIMENTAL XML FORMAT-->
<molecule name="el458">
	<atoms>
		<a id="1" s="C" t="C.3" l="C"/>
		<a id="2" s="C" t="C.3" l="C"/>
		<a id="3" s="O" t="O.3" l="O"/>
		<a id="4" s="C" t="C.2" l="C"/>
		<a id="5" s="O" t="O.2" l="O"/>
		<a id="6" s="C" t="C.ar" l="C"/>
		<a id="7" s="C" t="C.ar" l="C"/>
		<a id="8" s="C" t="C.ar" l="C"/>
		<a id="9" s="C" t="C.ar" l="C"/>
		<a id="10" s="C" t="C.ar" l="C"/>
		<a id="11" s="Br" t="Br" l="BR"/>
		<a id="12" s="C" t="C.ar" l="C"/>
		<a id="13" s="H" t="H" l="H"/>
		<a id="14" s="H" t="H" l="H"/>
		<a id="15" s="H" t="H" l="H"/>
		<a id="16" s="H" t="H" l="H"/>
		<a id="17" s="H" t="H" l="H"/>
		<a id="18" s="H" t="H" l="H"/>
		<a id="19" s="H" t="H" l="H"/>
		<a id="20" s="H" t="H" l="H"/>
		<a id="21" s="H" t="H" l="H"/>
	</atoms>
	<bonds>
		<b id="1" c="1 2" t="1"/>
		<b id="2" c="2 3" t="1"/>
		<b id="3" c="3 4" t="1"/>
		<b id="4" c="4 5" t="2"/>
		<b id="5" c="4 6" t="1"/>
		<b id="6" c="6 7" t="ar"/>
		<b id="7" c="7 8" t="ar"/>
		<b id="8" c="8 9" t="ar"/>
		<b id="9" c="9 10" t="ar"/>
		<b id="10" c="10 11" t="1"/>
		<b id="11" c="10 12" t="ar"/>
		<b id="12" c="6 12" t="ar"/>
		<b id="13" c="1 13" t="1"/>
		<b id="14" c="1 14" t="1"/>
		<b id="15" c="1 15" t="1"/>
		<b id="16" c="2 16" t="1"/>
		<b id="17" c="2 17" t="1"/>
		<b id="18" c="7 18" t="1"/>
		<b id="19" c="8 19" t="1"/>
		<b id="20" c="9 20" t="1"/>
		<b id="21" c="12 21" t="1"/>
	</bonds>
	<geometry>
		<g u="A" t="cart/3d">#21,3:1.4838,0.9837,-0.3905;2.3941,0.1584,0.5065;3.0905,0.9804,1.4445;4.2010,1.5855,1.0110;4.6488,1.4602,-0.1018;4.8306,2.4262,2.0657;4.2800,2.5542,3.3377;4.9024,3.3543,4.2791;6.0705,4.0297,3.9664;6.6101,3.8924,2.6971;8.2176,4.8156,2.2649;6.0053,3.0989,1.7423;0.9286,0.3233,-1.0495;2.0770,1.6657,-0.9947;0.7829,1.5591,0.2093;3.1261,-0.3875,-0.0974;1.8185,-0.5397,1.1177;3.3700,2.0282,3.5778;4.4788,3.4569,5.2666;6.5589,4.6556,4.6984;6.4203,2.9889,0.7517;</g>
	</geometry>
	<conformers/>
	<properties/>
</molecule>
