<?xml version="1.0" ?>
<!--MOLLI PACKAGE EXPERIMENTAL XML FORMAT-->
<molecule name="el463">
	<atoms>
		<a id="1" s="C" t="C.3" l="C"/>
		<a id="2" s="O" t="O.3" l="O"/>
		<a id="3" s="C" t="C.2" l="C"/>
		<a id="4" s="O" t="O.2" l="O"/>
		<a id="5" s="C" t="C.ar" l="C"/>
		<a id="6" s="C" t="C.ar" l="C"/>
		<a id="7" s="C" t="C.ar" l="C"/>
		<a id="8" s="C" t="C.ar" l="C"/>
		<a id="9" s="Br" t="Br" l="BR"/>
		<a id="10" s="C" t="C.ar" l="C"/>
		<a id="11" s="C" t="C.ar" l="C"/>
		<a id="12" s="O" t="O.3" l="O"/>
		<a id="13" s="C" t="C.3" l="C"/>
		<a id="14" s="H" t="H" l="H"/>
		<a id="15" s="H" t="H" l="H"/>
		<a id="16" s="H" t="H" l="H"/>
		<a id="17" s="H" t="H" l="H"/>
		<a id="18" s="H" t="H" l="H"/>
		<a id="19" s="H" t="H" l="H"/>
		<a id="20" s="H" t="H" l="H"/>
		<a id="21" s="H" t="H" l="H"/>
		<a id="22" s="H" t="H" l="H"/>
	</atoms>
	<bonds>
		<b id="1" c="1 2" t="1"/>
		<b id="2" c="2 3" t="1"/>
		<b id="3" c="3 4" t="2"/>
		<b id="4" c="3 5" t="1"/>
		<b id="5" c="5 6" t="ar"/>
		<b id="6" c="6 7" t="ar"/>
		<b id="7" c="7 8" t="ar"/>
		<b id="8" c="8 9" t="1"/>
		<b id="9" c="8 10" t="ar"/>
		<b id="10" c="10 11" t="ar"/>
		<b id="11" c="5 11" t="ar"/>
		<b id="12" c="11 12" t="1"/>
		<b id="13" c="12 13" t="1"/>
		<b id="14" c="1 14" t="1"/>
		<b id="15" c="1 15" t="1"/>
		<b id="16" c="1 16" t="1"/>
		<b id="17" c="6 17" t="1"/>
		<b id="18" c="7 18" t="1"/>
		<b id="19" c="10 19" t="1"/>
		<b id="20" c="13 20" t="1"/>
		<b id="21" c="13 21" t="1"/>
		<b id="22" c="13 22" t="1"/>
	</bonds>
	<geometry>
		<g u="A" t="cart/3d">#22,3:1.1935,0.1615,0.8596;2.5711,0.0613,0.5268;3.0460,-1.1723,0.3027;2.3660,-2.1668,0.3678;4.5136,-1.1436,0.0650;5.2592,-0.3845,0.9732;6.6352,-0.3789,0.9709;7.2911,-1.1582,0.0276;9.1888,-1.1968,0.0062;6.5935,-1.8889,-0.9041;5.1909,-1.8867,-0.9155;4.6696,-2.5847,-1.9398;3.3057,-2.5070,-2.2850;1.0656,1.1192,1.3573;0.9018,-0.6604,1.5155;0.5857,0.1248,-0.0469;4.7277,0.1972,1.7101;7.1910,0.2055,1.6862;7.1002,-2.4743,-1.6547;3.2378,-2.9327,-3.2854;2.9617,-1.4688,-2.3053;2.6797,-3.0787,-1.5967;</g>
	</geometry>
	<conformers/>
	<properties/>
</molecule>
