<?xml version="1.0" ?>
<!--MOLLI PACKAGE EXPERIMENTAL XML FORMAT-->
<molecule name="el48">
	<atoms>
		<a id="1" s="C" t="C.3" l="C"/>
		<a id="2" s="N" t="N.3" l="N"/>
		<a id="3" s="C" t="C.3" l="C"/>
		<a id="4" s="C" t="C.3" l="C"/>
		<a id="5" s="C" t="C.3" l="C"/>
		<a id="6" s="N" t="N.pl3" l="N"/>
		<a id="7" s="C" t="C.ar" l="C"/>
		<a id="8" s="C" t="C.ar" l="C"/>
		<a id="9" s="C" t="C.ar" l="C"/>
		<a id="10" s="Br" t="Br" l="BR"/>
		<a id="11" s="C" t="C.ar" l="C"/>
		<a id="12" s="N" t="N.ar" l="N"/>
		<a id="13" s="C" t="C.ar" l="C"/>
		<a id="14" s="C" t="C.1" l="C"/>
		<a id="15" s="N" t="N.1" l="N"/>
		<a id="16" s="C" t="C.3" l="C"/>
		<a id="17" s="H" t="H" l="H"/>
		<a id="18" s="H" t="H" l="H"/>
		<a id="19" s="H" t="H" l="H"/>
		<a id="20" s="H" t="H" l="H"/>
		<a id="21" s="H" t="H" l="H"/>
		<a id="22" s="H" t="H" l="H"/>
		<a id="23" s="H" t="H" l="H"/>
		<a id="24" s="H" t="H" l="H"/>
		<a id="25" s="H" t="H" l="H"/>
		<a id="26" s="H" t="H" l="H"/>
		<a id="27" s="H" t="H" l="H"/>
		<a id="28" s="H" t="H" l="H"/>
		<a id="29" s="H" t="H" l="H"/>
	</atoms>
	<bonds>
		<b id="1" c="1 2" t="1"/>
		<b id="2" c="2 3" t="1"/>
		<b id="3" c="3 4" t="1"/>
		<b id="4" c="4 5" t="1"/>
		<b id="5" c="5 6" t="1"/>
		<b id="6" c="6 7" t="1"/>
		<b id="7" c="7 8" t="ar"/>
		<b id="8" c="8 9" t="ar"/>
		<b id="9" c="9 10" t="1"/>
		<b id="10" c="9 11" t="ar"/>
		<b id="11" c="11 12" t="ar"/>
		<b id="12" c="12 13" t="ar"/>
		<b id="13" c="7 13" t="ar"/>
		<b id="14" c="13 14" t="1"/>
		<b id="15" c="14 15" t="3"/>
		<b id="16" c="5 16" t="1"/>
		<b id="17" c="2 16" t="1"/>
		<b id="18" c="1 17" t="1"/>
		<b id="19" c="1 18" t="1"/>
		<b id="20" c="1 19" t="1"/>
		<b id="21" c="3 20" t="1"/>
		<b id="22" c="3 21" t="1"/>
		<b id="23" c="4 22" t="1"/>
		<b id="24" c="4 23" t="1"/>
		<b id="25" c="5 24" t="1"/>
		<b id="26" c="6 25" t="1"/>
		<b id="27" c="8 26" t="1"/>
		<b id="28" c="11 27" t="1"/>
		<b id="29" c="16 28" t="1"/>
		<b id="30" c="16 29" t="1"/>
	</bonds>
	<geometry>
		<g u="A" t="cart/3d">#29,3:-2.2017,-0.0458,0.2684;-0.8429,0.0123,-0.2095;-0.0789,-1.1993,0.0317;1.3772,-0.7860,-0.2146;1.3737,0.7508,-0.1057;1.6484,1.3348,-1.3973;1.9862,2.6254,-1.6161;2.2956,3.5380,-0.5956;2.6968,4.8130,-0.9371;3.1171,6.0629,0.4332;2.7828,5.1942,-2.2746;2.4804,4.3578,-3.2382;2.0957,3.1236,-2.9449;1.7759,2.2656,-4.0242;1.5013,1.5248,-4.8564;-0.0506,1.0732,0.3771;-2.7196,-0.8594,-0.2367;-2.7031,0.8906,0.0285;-2.2613,-0.2105,1.3570;-0.4137,-1.9886,-0.6430;-0.2052,-1.5529,1.0705;1.7099,-1.0873,-1.2067;2.0464,-1.2358,0.5156;2.1311,1.1044,0.5977;1.2616,0.8372,-2.1870;2.2161,3.2564,0.4419;3.0925,6.1854,-2.5677;-0.3978,2.0463,0.0244;-0.0897,1.0619,1.4815;</g>
	</geometry>
	<conformers/>
	<properties/>
</molecule>
