<?xml version="1.0" ?>
<!--MOLLI PACKAGE EXPERIMENTAL XML FORMAT-->
<molecule name="el49">
	<atoms>
		<a id="1" s="N" t="N.1" l="N"/>
		<a id="2" s="C" t="C.1" l="C"/>
		<a id="3" s="C" t="C.ar" l="C"/>
		<a id="4" s="C" t="C.ar" l="C"/>
		<a id="5" s="C" t="C.ar" l="C"/>
		<a id="6" s="C" t="C.ar" l="C"/>
		<a id="7" s="C" t="C.ar" l="C"/>
		<a id="8" s="C" t="C.ar" l="C"/>
		<a id="9" s="C" t="C.ar" l="C"/>
		<a id="10" s="C" t="C.ar" l="C"/>
		<a id="11" s="Br" t="Br" l="BR"/>
		<a id="12" s="C" t="C.ar" l="C"/>
		<a id="13" s="N" t="N.ar" l="N"/>
		<a id="14" s="O" t="O.2" l="O"/>
		<a id="15" s="N" t="N.ar" l="N"/>
		<a id="16" s="C" t="C.ar" l="C"/>
		<a id="17" s="C" t="C.ar" l="C"/>
		<a id="18" s="C" t="C.ar" l="C"/>
		<a id="19" s="H" t="H" l="H"/>
		<a id="20" s="H" t="H" l="H"/>
		<a id="21" s="H" t="H" l="H"/>
		<a id="22" s="H" t="H" l="H"/>
		<a id="23" s="H" t="H" l="H"/>
		<a id="24" s="H" t="H" l="H"/>
	</atoms>
	<bonds>
		<b id="1" c="1 2" t="3"/>
		<b id="2" c="2 3" t="1"/>
		<b id="3" c="3 4" t="ar"/>
		<b id="4" c="4 5" t="ar"/>
		<b id="5" c="5 6" t="ar"/>
		<b id="6" c="6 7" t="1"/>
		<b id="7" c="7 8" t="ar"/>
		<b id="8" c="8 9" t="ar"/>
		<b id="9" c="9 10" t="ar"/>
		<b id="10" c="10 11" t="1"/>
		<b id="11" c="10 12" t="ar"/>
		<b id="12" c="12 13" t="ar"/>
		<b id="13" c="13 14" t="ar"/>
		<b id="14" c="14 15" t="ar"/>
		<b id="15" c="15 16" t="ar"/>
		<b id="16" c="7 16" t="ar"/>
		<b id="17" c="12 16" t="ar"/>
		<b id="18" c="6 17" t="ar"/>
		<b id="19" c="17 18" t="ar"/>
		<b id="20" c="3 18" t="ar"/>
		<b id="21" c="4 19" t="1"/>
		<b id="22" c="5 20" t="1"/>
		<b id="23" c="8 21" t="1"/>
		<b id="24" c="9 22" t="1"/>
		<b id="25" c="17 23" t="1"/>
		<b id="26" c="18 24" t="1"/>
	</bonds>
	<geometry>
		<g u="A" t="cart/3d">#24,3:-3.0111,0.0343,-0.2188;-1.8676,0.0256,-0.1385;-0.4569,0.0123,-0.0468;0.2293,-1.2029,-0.0205;1.6053,-1.2122,0.0587;2.3267,-0.0164,0.1168;3.7866,-0.0306,0.1894;4.5585,-1.0286,-0.3605;5.9667,-1.0586,-0.2878;6.6779,-0.0814,0.3510;8.5635,-0.1175,0.4634;5.9507,0.9761,0.9303;6.3270,2.0492,1.5961;5.2159,2.7018,1.9019;4.1152,2.1013,1.4633;4.5078,1.0060,0.8404;1.6287,1.1938,0.1068;0.2529,1.2121,0.0211;-0.3237,-2.1298,-0.0585;2.1237,-2.1579,0.1044;4.0784,-1.8313,-0.8987;6.4920,-1.8792,-0.7517;2.1742,2.1220,0.1633;-0.2813,2.1502,0.0067;</g>
	</geometry>
	<conformers/>
	<properties/>
</molecule>
