<?xml version="1.0" ?>
<!--MOLLI PACKAGE EXPERIMENTAL XML FORMAT-->
<molecule name="el484">
	<atoms>
		<a id="1" s="C" t="C.3" l="C"/>
		<a id="2" s="C" t="C.3" l="C"/>
		<a id="3" s="C" t="C.3" l="C"/>
		<a id="4" s="Si" t="Si" l="SI"/>
		<a id="5" s="C" t="C.3" l="C"/>
		<a id="6" s="C" t="C.3" l="C"/>
		<a id="7" s="C" t="C.3" l="C"/>
		<a id="8" s="C" t="C.3" l="C"/>
		<a id="9" s="C" t="C.3" l="C"/>
		<a id="10" s="C" t="C.3" l="C"/>
		<a id="11" s="N" t="N.ar" l="N"/>
		<a id="12" s="C" t="C.ar" l="C"/>
		<a id="13" s="C" t="C.ar" l="C"/>
		<a id="14" s="C" t="C.ar" l="C"/>
		<a id="15" s="C" t="C.ar" l="C"/>
		<a id="16" s="C" t="C.ar" l="C"/>
		<a id="17" s="C" t="C.ar" l="C"/>
		<a id="18" s="Br" t="Br" l="BR"/>
		<a id="19" s="C" t="C.ar" l="C"/>
		<a id="20" s="C" t="C.ar" l="C"/>
		<a id="21" s="H" t="H" l="H"/>
		<a id="22" s="H" t="H" l="H"/>
		<a id="23" s="H" t="H" l="H"/>
		<a id="24" s="H" t="H" l="H"/>
		<a id="25" s="H" t="H" l="H"/>
		<a id="26" s="H" t="H" l="H"/>
		<a id="27" s="H" t="H" l="H"/>
		<a id="28" s="H" t="H" l="H"/>
		<a id="29" s="H" t="H" l="H"/>
		<a id="30" s="H" t="H" l="H"/>
		<a id="31" s="H" t="H" l="H"/>
		<a id="32" s="H" t="H" l="H"/>
		<a id="33" s="H" t="H" l="H"/>
		<a id="34" s="H" t="H" l="H"/>
		<a id="35" s="H" t="H" l="H"/>
		<a id="36" s="H" t="H" l="H"/>
		<a id="37" s="H" t="H" l="H"/>
		<a id="38" s="H" t="H" l="H"/>
		<a id="39" s="H" t="H" l="H"/>
		<a id="40" s="H" t="H" l="H"/>
		<a id="41" s="H" t="H" l="H"/>
		<a id="42" s="H" t="H" l="H"/>
		<a id="43" s="H" t="H" l="H"/>
		<a id="44" s="H" t="H" l="H"/>
		<a id="45" s="H" t="H" l="H"/>
		<a id="46" s="H" t="H" l="H"/>
	</atoms>
	<bonds>
		<b id="1" c="1 2" t="1"/>
		<b id="2" c="2 3" t="1"/>
		<b id="3" c="2 4" t="1"/>
		<b id="4" c="4 5" t="1"/>
		<b id="5" c="5 6" t="1"/>
		<b id="6" c="5 7" t="1"/>
		<b id="7" c="4 8" t="1"/>
		<b id="8" c="8 9" t="1"/>
		<b id="9" c="8 10" t="1"/>
		<b id="10" c="4 11" t="1"/>
		<b id="11" c="11 12" t="ar"/>
		<b id="12" c="12 13" t="ar"/>
		<b id="13" c="13 14" t="ar"/>
		<b id="14" c="14 15" t="ar"/>
		<b id="15" c="15 16" t="ar"/>
		<b id="16" c="16 17" t="ar"/>
		<b id="17" c="17 18" t="1"/>
		<b id="18" c="17 19" t="ar"/>
		<b id="19" c="19 20" t="ar"/>
		<b id="20" c="14 20" t="ar"/>
		<b id="21" c="11 20" t="ar"/>
		<b id="22" c="1 21" t="1"/>
		<b id="23" c="1 22" t="1"/>
		<b id="24" c="1 23" t="1"/>
		<b id="25" c="2 24" t="1"/>
		<b id="26" c="3 25" t="1"/>
		<b id="27" c="3 26" t="1"/>
		<b id="28" c="3 27" t="1"/>
		<b id="29" c="5 28" t="1"/>
		<b id="30" c="6 29" t="1"/>
		<b id="31" c="6 30" t="1"/>
		<b id="32" c="6 31" t="1"/>
		<b id="33" c="7 32" t="1"/>
		<b id="34" c="7 33" t="1"/>
		<b id="35" c="7 34" t="1"/>
		<b id="36" c="8 35" t="1"/>
		<b id="37" c="9 36" t="1"/>
		<b id="38" c="9 37" t="1"/>
		<b id="39" c="9 38" t="1"/>
		<b id="40" c="10 39" t="1"/>
		<b id="41" c="10 40" t="1"/>
		<b id="42" c="10 41" t="1"/>
		<b id="43" c="12 42" t="1"/>
		<b id="44" c="13 43" t="1"/>
		<b id="45" c="15 44" t="1"/>
		<b id="46" c="16 45" t="1"/>
		<b id="47" c="19 46" t="1"/>
	</bonds>
	<geometry>
		<g u="A" t="cart/3d">#46,3:1.1172,0.2333,-0.1673;2.6392,0.0962,-0.1264;3.2319,1.2907,0.6208;3.2044,-1.6104,0.5736;2.5983,-1.9283,2.3784;1.1673,-2.4689,2.4214;3.5119,-2.8661,3.1707;2.5225,-2.9968,-0.5806;2.6342,-2.6838,-2.0737;3.0945,-4.3838,-0.2841;4.9830,-1.5860,0.5630;5.7881,-2.1690,-0.3909;7.1027,-1.9451,-0.1505;7.1695,-1.1572,1.0321;8.2240,-0.6125,1.7622;7.9426,0.1314,2.8851;6.6162,0.3265,3.2687;6.2596,1.3724,4.8268;5.5463,-0.1965,2.5745;5.8296,-0.9502,1.4434;0.8332,1.1570,-0.6693;0.7117,0.2640,0.8411;0.6576,-0.5967,-0.6978;3.0041,0.1579,-1.1583;2.8797,1.3179,1.6493;2.9292,2.2208,0.1421;4.3179,1.2505,0.6253;2.5802,-0.9681,2.9045;1.1185,-3.4689,1.9986;0.4851,-1.8300,1.8681;0.8201,-2.5244,3.4520;3.5340,-3.8555,2.7218;3.1487,-2.9677,4.1923;4.5307,-2.4919,3.2091;1.4500,-3.0502,-0.3644;3.6681,-2.6005,-2.3967;2.1313,-1.7513,-2.3144;2.1673,-3.4778,-2.6558;4.1720,-4.4117,-0.4190;2.6511,-5.1235,-0.9501;2.8770,-4.6816,0.7378;5.3492,-2.7136,-1.2005;7.9325,-2.2895,-0.7351;9.2447,-0.7714,1.4497;8.7361,0.5677,3.4719;4.5381,-0.0145,2.9023;</g>
	</geometry>
	<conformers/>
	<properties/>
</molecule>
