<?xml version="1.0" ?>
<!--MOLLI PACKAGE EXPERIMENTAL XML FORMAT-->
<molecule name="el485">
	<atoms>
		<a id="1" s="C" t="C.3" l="C"/>
		<a id="2" s="C" t="C.3" l="C"/>
		<a id="3" s="C" t="C.3" l="C"/>
		<a id="4" s="C" t="C.3" l="C"/>
		<a id="5" s="C" t="C.ar" l="C"/>
		<a id="6" s="C" t="C.ar" l="C"/>
		<a id="7" s="C" t="C.ar" l="C"/>
		<a id="8" s="C" t="C.ar" l="C"/>
		<a id="9" s="C" t="C.ar" l="C"/>
		<a id="10" s="N" t="N.ar" l="N"/>
		<a id="11" s="N" t="N.ar" l="N"/>
		<a id="12" s="C" t="C.ar" l="C"/>
		<a id="13" s="C" t="C.ar" l="C"/>
		<a id="14" s="C" t="C.ar" l="C"/>
		<a id="15" s="C" t="C.ar" l="C"/>
		<a id="16" s="C" t="C.ar" l="C"/>
		<a id="17" s="C" t="C.ar" l="C"/>
		<a id="18" s="Br" t="Br" l="BR"/>
		<a id="19" s="N" t="N.ar" l="N"/>
		<a id="20" s="N" t="N.ar" l="N"/>
		<a id="21" s="C" t="C.ar" l="C"/>
		<a id="22" s="C" t="C.ar" l="C"/>
		<a id="23" s="C" t="C.ar" l="C"/>
		<a id="24" s="C" t="C.ar" l="C"/>
		<a id="25" s="C" t="C.ar" l="C"/>
		<a id="26" s="C" t="C.3" l="C"/>
		<a id="27" s="C" t="C.3" l="C"/>
		<a id="28" s="C" t="C.3" l="C"/>
		<a id="29" s="C" t="C.3" l="C"/>
		<a id="30" s="C" t="C.ar" l="C"/>
		<a id="31" s="C" t="C.ar" l="C"/>
		<a id="32" s="C" t="C.ar" l="C"/>
		<a id="33" s="C" t="C.ar" l="C"/>
		<a id="34" s="H" t="H" l="H"/>
		<a id="35" s="H" t="H" l="H"/>
		<a id="36" s="H" t="H" l="H"/>
		<a id="37" s="H" t="H" l="H"/>
		<a id="38" s="H" t="H" l="H"/>
		<a id="39" s="H" t="H" l="H"/>
		<a id="40" s="H" t="H" l="H"/>
		<a id="41" s="H" t="H" l="H"/>
		<a id="42" s="H" t="H" l="H"/>
		<a id="43" s="H" t="H" l="H"/>
		<a id="44" s="H" t="H" l="H"/>
		<a id="45" s="H" t="H" l="H"/>
		<a id="46" s="H" t="H" l="H"/>
		<a id="47" s="H" t="H" l="H"/>
		<a id="48" s="H" t="H" l="H"/>
		<a id="49" s="H" t="H" l="H"/>
		<a id="50" s="H" t="H" l="H"/>
		<a id="51" s="H" t="H" l="H"/>
		<a id="52" s="H" t="H" l="H"/>
		<a id="53" s="H" t="H" l="H"/>
		<a id="54" s="H" t="H" l="H"/>
		<a id="55" s="H" t="H" l="H"/>
		<a id="56" s="H" t="H" l="H"/>
		<a id="57" s="H" t="H" l="H"/>
		<a id="58" s="H" t="H" l="H"/>
		<a id="59" s="H" t="H" l="H"/>
		<a id="60" s="H" t="H" l="H"/>
		<a id="61" s="H" t="H" l="H"/>
		<a id="62" s="H" t="H" l="H"/>
	</atoms>
	<bonds>
		<b id="1" c="1 2" t="1"/>
		<b id="2" c="2 3" t="1"/>
		<b id="3" c="3 4" t="1"/>
		<b id="4" c="4 5" t="1"/>
		<b id="5" c="5 6" t="ar"/>
		<b id="6" c="6 7" t="ar"/>
		<b id="7" c="7 8" t="ar"/>
		<b id="8" c="8 9" t="1"/>
		<b id="9" c="9 10" t="ar"/>
		<b id="10" c="10 11" t="ar"/>
		<b id="11" c="11 12" t="ar"/>
		<b id="12" c="12 13" t="1"/>
		<b id="13" c="13 14" t="ar"/>
		<b id="14" c="14 15" t="ar"/>
		<b id="15" c="15 16" t="ar"/>
		<b id="16" c="16 17" t="ar"/>
		<b id="17" c="17 18" t="1"/>
		<b id="18" c="17 19" t="ar"/>
		<b id="19" c="13 19" t="ar"/>
		<b id="20" c="12 20" t="ar"/>
		<b id="21" c="20 21" t="ar"/>
		<b id="22" c="9 21" t="ar"/>
		<b id="23" c="21 22" t="1"/>
		<b id="24" c="22 23" t="ar"/>
		<b id="25" c="23 24" t="ar"/>
		<b id="26" c="24 25" t="ar"/>
		<b id="27" c="25 26" t="1"/>
		<b id="28" c="26 27" t="1"/>
		<b id="29" c="27 28" t="1"/>
		<b id="30" c="28 29" t="1"/>
		<b id="31" c="25 30" t="ar"/>
		<b id="32" c="30 31" t="ar"/>
		<b id="33" c="22 31" t="ar"/>
		<b id="34" c="8 32" t="ar"/>
		<b id="35" c="32 33" t="ar"/>
		<b id="36" c="5 33" t="ar"/>
		<b id="37" c="1 34" t="1"/>
		<b id="38" c="1 35" t="1"/>
		<b id="39" c="1 36" t="1"/>
		<b id="40" c="2 37" t="1"/>
		<b id="41" c="2 38" t="1"/>
		<b id="42" c="3 39" t="1"/>
		<b id="43" c="3 40" t="1"/>
		<b id="44" c="4 41" t="1"/>
		<b id="45" c="4 42" t="1"/>
		<b id="46" c="6 43" t="1"/>
		<b id="47" c="7 44" t="1"/>
		<b id="48" c="14 45" t="1"/>
		<b id="49" c="15 46" t="1"/>
		<b id="50" c="16 47" t="1"/>
		<b id="51" c="23 48" t="1"/>
		<b id="52" c="24 49" t="1"/>
		<b id="53" c="26 50" t="1"/>
		<b id="54" c="26 51" t="1"/>
		<b id="55" c="27 52" t="1"/>
		<b id="56" c="27 53" t="1"/>
		<b id="57" c="28 54" t="1"/>
		<b id="58" c="28 55" t="1"/>
		<b id="59" c="29 56" t="1"/>
		<b id="60" c="29 57" t="1"/>
		<b id="61" c="29 58" t="1"/>
		<b id="62" c="30 59" t="1"/>
		<b id="63" c="31 60" t="1"/>
		<b id="64" c="32 61" t="1"/>
		<b id="65" c="33 62" t="1"/>
	</bonds>
	<geometry>
		<g u="A" t="cart/3d">#62,3:3.0333,-2.2101,-0.0602;4.3032,-1.3745,0.0441;4.3980,-0.6573,1.3880;5.6746,0.1857,1.4991;5.7477,0.8537,2.8393;6.3011,0.1914,3.9304;6.3390,0.7835,5.1752;5.8065,2.0598,5.3632;5.8741,2.6849,6.6736;6.8176,2.2914,7.5096;7.1290,2.9229,8.5823;6.5919,4.1401,8.7304;7.1763,5.0833,9.6790;6.4358,6.1659,10.1580;7.0327,7.0289,11.0609;8.3382,6.7954,11.4642;8.9712,5.6866,10.9190;10.7643,5.2964,11.4101;8.4293,4.8616,10.0630;5.4722,4.4814,8.1090;4.9872,3.6944,7.1666;3.5990,3.8625,6.7647;2.9953,5.1149,6.8852;1.6809,5.2934,6.5097;0.9278,4.2315,6.0183;-0.4883,4.4516,5.5764;-0.5433,5.1492,4.2101;0.0459,4.2896,3.0951;-0.0254,4.9943,1.7462;1.5281,2.9809,5.9196;2.8458,2.7918,6.2838;5.2564,2.7314,4.2710;5.2294,2.1303,3.0292;2.9852,-2.7151,-1.0221;2.1522,-1.5802,0.0413;3.0070,-2.9632,0.7245;4.3204,-0.6369,-0.7618;5.1744,-2.0218,-0.0814;4.3843,-1.3934,2.1952;3.5285,-0.0084,1.5181;5.6779,0.9364,0.7063;6.5423,-0.4625,1.3597;6.7136,-0.7984,3.7968;6.7739,0.2732,6.0204;5.4215,6.3042,9.8216;6.4900,7.8774,11.4510;8.8475,7.4374,12.1646;3.5797,5.9391,7.2649;1.2255,6.2692,6.6025;-1.0050,5.0754,6.3098;-1.0112,3.4955,5.5122;0.0056,6.0920,4.2657;-1.5841,5.3820,3.9737;-0.5014,3.3455,3.0401;1.0872,4.0567,3.3299;-1.0574,5.2228,1.4881;0.3923,4.3659,0.9631;0.5343,5.9268,1.7729;0.9531,2.1424,5.5540;3.2897,1.8096,6.2140;4.8681,3.7321,4.3945;4.8062,2.6626,2.1893;</g>
	</geometry>
	<conformers/>
	<properties/>
</molecule>
