<?xml version="1.0" ?>
<!--MOLLI PACKAGE EXPERIMENTAL XML FORMAT-->
<molecule name="el486">
	<atoms>
		<a id="1" s="C" t="C.3" l="C"/>
		<a id="2" s="O" t="O.3" l="O"/>
		<a id="3" s="C" t="C.ar" l="C"/>
		<a id="4" s="C" t="C.ar" l="C"/>
		<a id="5" s="C" t="C.ar" l="C"/>
		<a id="6" s="C" t="C.ar" l="C"/>
		<a id="7" s="C" t="C.ar" l="C"/>
		<a id="8" s="N" t="N.ar" l="N"/>
		<a id="9" s="N" t="N.ar" l="N"/>
		<a id="10" s="C" t="C.ar" l="C"/>
		<a id="11" s="C" t="C.ar" l="C"/>
		<a id="12" s="C" t="C.ar" l="C"/>
		<a id="13" s="C" t="C.ar" l="C"/>
		<a id="14" s="C" t="C.ar" l="C"/>
		<a id="15" s="C" t="C.ar" l="C"/>
		<a id="16" s="Br" t="Br" l="BR"/>
		<a id="17" s="N" t="N.ar" l="N"/>
		<a id="18" s="N" t="N.ar" l="N"/>
		<a id="19" s="C" t="C.ar" l="C"/>
		<a id="20" s="C" t="C.ar" l="C"/>
		<a id="21" s="C" t="C.ar" l="C"/>
		<a id="22" s="C" t="C.ar" l="C"/>
		<a id="23" s="C" t="C.ar" l="C"/>
		<a id="24" s="O" t="O.3" l="O"/>
		<a id="25" s="C" t="C.3" l="C"/>
		<a id="26" s="C" t="C.ar" l="C"/>
		<a id="27" s="C" t="C.ar" l="C"/>
		<a id="28" s="C" t="C.ar" l="C"/>
		<a id="29" s="C" t="C.ar" l="C"/>
		<a id="30" s="H" t="H" l="H"/>
		<a id="31" s="H" t="H" l="H"/>
		<a id="32" s="H" t="H" l="H"/>
		<a id="33" s="H" t="H" l="H"/>
		<a id="34" s="H" t="H" l="H"/>
		<a id="35" s="H" t="H" l="H"/>
		<a id="36" s="H" t="H" l="H"/>
		<a id="37" s="H" t="H" l="H"/>
		<a id="38" s="H" t="H" l="H"/>
		<a id="39" s="H" t="H" l="H"/>
		<a id="40" s="H" t="H" l="H"/>
		<a id="41" s="H" t="H" l="H"/>
		<a id="42" s="H" t="H" l="H"/>
		<a id="43" s="H" t="H" l="H"/>
		<a id="44" s="H" t="H" l="H"/>
		<a id="45" s="H" t="H" l="H"/>
		<a id="46" s="H" t="H" l="H"/>
	</atoms>
	<bonds>
		<b id="1" c="1 2" t="1"/>
		<b id="2" c="2 3" t="1"/>
		<b id="3" c="3 4" t="ar"/>
		<b id="4" c="4 5" t="ar"/>
		<b id="5" c="5 6" t="ar"/>
		<b id="6" c="6 7" t="1"/>
		<b id="7" c="7 8" t="ar"/>
		<b id="8" c="8 9" t="ar"/>
		<b id="9" c="9 10" t="ar"/>
		<b id="10" c="10 11" t="1"/>
		<b id="11" c="11 12" t="ar"/>
		<b id="12" c="12 13" t="ar"/>
		<b id="13" c="13 14" t="ar"/>
		<b id="14" c="14 15" t="ar"/>
		<b id="15" c="15 16" t="1"/>
		<b id="16" c="15 17" t="ar"/>
		<b id="17" c="11 17" t="ar"/>
		<b id="18" c="10 18" t="ar"/>
		<b id="19" c="18 19" t="ar"/>
		<b id="20" c="7 19" t="ar"/>
		<b id="21" c="19 20" t="1"/>
		<b id="22" c="20 21" t="ar"/>
		<b id="23" c="21 22" t="ar"/>
		<b id="24" c="22 23" t="ar"/>
		<b id="25" c="23 24" t="1"/>
		<b id="26" c="24 25" t="1"/>
		<b id="27" c="23 26" t="ar"/>
		<b id="28" c="26 27" t="ar"/>
		<b id="29" c="20 27" t="ar"/>
		<b id="30" c="6 28" t="ar"/>
		<b id="31" c="28 29" t="ar"/>
		<b id="32" c="3 29" t="ar"/>
		<b id="33" c="1 30" t="1"/>
		<b id="34" c="1 31" t="1"/>
		<b id="35" c="1 32" t="1"/>
		<b id="36" c="4 33" t="1"/>
		<b id="37" c="5 34" t="1"/>
		<b id="38" c="12 35" t="1"/>
		<b id="39" c="13 36" t="1"/>
		<b id="40" c="14 37" t="1"/>
		<b id="41" c="21 38" t="1"/>
		<b id="42" c="22 39" t="1"/>
		<b id="43" c="25 40" t="1"/>
		<b id="44" c="25 41" t="1"/>
		<b id="45" c="25 42" t="1"/>
		<b id="46" c="26 43" t="1"/>
		<b id="47" c="27 44" t="1"/>
		<b id="48" c="28 45" t="1"/>
		<b id="49" c="29 46" t="1"/>
	</bonds>
	<geometry>
		<g u="A" t="cart/3d">#46,3:2.0020,-0.9193,-1.3160;1.8969,0.2380,-0.5218;2.7894,1.2435,-0.7096;3.8251,1.2323,-1.6406;4.6774,2.3148,-1.7371;4.5321,3.4203,-0.9017;5.4349,4.5509,-1.0238;6.0253,4.7618,-2.1858;6.6334,5.8560,-2.4875;6.4594,6.8807,-1.6377;6.7362,8.2359,-2.1023;7.0720,8.4833,-3.4347;7.3309,9.7872,-3.8205;7.2467,10.8048,-2.8825;6.9032,10.4338,-1.5903;6.7611,11.7632,-0.2369;6.6557,9.2116,-1.2020;6.1283,6.6790,-0.3761;5.7629,5.4769,0.0221;5.7948,5.1771,1.4420;5.7246,6.2255,2.3588;5.7474,5.9859,3.7178;5.8604,4.6807,4.1917;5.8892,4.3255,5.4999;5.8054,5.3345,6.4793;5.9594,3.6288,3.2740;5.9237,3.8700,1.9218;3.4819,3.4330,0.0213;2.6237,2.3635,0.1118;1.1986,-1.5761,-0.9862;2.9631,-1.4221,-1.1682;1.8693,-0.6915,-2.3785;3.9750,0.3880,-2.2947;5.4797,2.3120,-2.4584;7.1239,7.6585,-4.1250;7.5939,10.0165,-4.8424;7.4362,11.8360,-3.1336;5.6430,7.2344,1.9849;5.6799,6.8205,4.3975;5.8493,4.8184,7.4368;4.8622,5.8850,6.4079;6.6429,6.0349,6.4066;6.0664,2.6266,3.6575;6.0182,3.0472,1.2295;3.3341,4.2944,0.6553;1.8063,2.3630,0.8151;</g>
	</geometry>
	<conformers/>
	<properties/>
</molecule>
