<?xml version="1.0" ?>
<!--MOLLI PACKAGE EXPERIMENTAL XML FORMAT-->
<molecule name="el488">
	<atoms>
		<a id="1" s="C" t="C.3" l="C"/>
		<a id="2" s="C" t="C.ar" l="C"/>
		<a id="3" s="C" t="C.ar" l="C"/>
		<a id="4" s="C" t="C.ar" l="C"/>
		<a id="5" s="C" t="C.ar" l="C"/>
		<a id="6" s="C" t="C.ar" l="C"/>
		<a id="7" s="N" t="N.ar" l="N"/>
		<a id="8" s="N" t="N.ar" l="N"/>
		<a id="9" s="C" t="C.ar" l="C"/>
		<a id="10" s="C" t="C.ar" l="C"/>
		<a id="11" s="C" t="C.ar" l="C"/>
		<a id="12" s="C" t="C.ar" l="C"/>
		<a id="13" s="C" t="C.ar" l="C"/>
		<a id="14" s="C" t="C.ar" l="C"/>
		<a id="15" s="Br" t="Br" l="BR"/>
		<a id="16" s="N" t="N.ar" l="N"/>
		<a id="17" s="N" t="N.ar" l="N"/>
		<a id="18" s="C" t="C.ar" l="C"/>
		<a id="19" s="C" t="C.ar" l="C"/>
		<a id="20" s="C" t="C.ar" l="C"/>
		<a id="21" s="C" t="C.ar" l="C"/>
		<a id="22" s="C" t="C.ar" l="C"/>
		<a id="23" s="C" t="C.3" l="C"/>
		<a id="24" s="C" t="C.ar" l="C"/>
		<a id="25" s="C" t="C.ar" l="C"/>
		<a id="26" s="C" t="C.ar" l="C"/>
		<a id="27" s="C" t="C.ar" l="C"/>
		<a id="28" s="H" t="H" l="H"/>
		<a id="29" s="H" t="H" l="H"/>
		<a id="30" s="H" t="H" l="H"/>
		<a id="31" s="H" t="H" l="H"/>
		<a id="32" s="H" t="H" l="H"/>
		<a id="33" s="H" t="H" l="H"/>
		<a id="34" s="H" t="H" l="H"/>
		<a id="35" s="H" t="H" l="H"/>
		<a id="36" s="H" t="H" l="H"/>
		<a id="37" s="H" t="H" l="H"/>
		<a id="38" s="H" t="H" l="H"/>
		<a id="39" s="H" t="H" l="H"/>
		<a id="40" s="H" t="H" l="H"/>
		<a id="41" s="H" t="H" l="H"/>
		<a id="42" s="H" t="H" l="H"/>
		<a id="43" s="H" t="H" l="H"/>
		<a id="44" s="H" t="H" l="H"/>
	</atoms>
	<bonds>
		<b id="1" c="1 2" t="1"/>
		<b id="2" c="2 3" t="ar"/>
		<b id="3" c="3 4" t="ar"/>
		<b id="4" c="4 5" t="ar"/>
		<b id="5" c="5 6" t="1"/>
		<b id="6" c="6 7" t="ar"/>
		<b id="7" c="7 8" t="ar"/>
		<b id="8" c="8 9" t="ar"/>
		<b id="9" c="9 10" t="1"/>
		<b id="10" c="10 11" t="ar"/>
		<b id="11" c="11 12" t="ar"/>
		<b id="12" c="12 13" t="ar"/>
		<b id="13" c="13 14" t="ar"/>
		<b id="14" c="14 15" t="1"/>
		<b id="15" c="14 16" t="ar"/>
		<b id="16" c="10 16" t="ar"/>
		<b id="17" c="9 17" t="ar"/>
		<b id="18" c="17 18" t="ar"/>
		<b id="19" c="6 18" t="ar"/>
		<b id="20" c="18 19" t="1"/>
		<b id="21" c="19 20" t="ar"/>
		<b id="22" c="20 21" t="ar"/>
		<b id="23" c="21 22" t="ar"/>
		<b id="24" c="22 23" t="1"/>
		<b id="25" c="22 24" t="ar"/>
		<b id="26" c="24 25" t="ar"/>
		<b id="27" c="19 25" t="ar"/>
		<b id="28" c="5 26" t="ar"/>
		<b id="29" c="26 27" t="ar"/>
		<b id="30" c="2 27" t="ar"/>
		<b id="31" c="1 28" t="1"/>
		<b id="32" c="1 29" t="1"/>
		<b id="33" c="1 30" t="1"/>
		<b id="34" c="3 31" t="1"/>
		<b id="35" c="4 32" t="1"/>
		<b id="36" c="11 33" t="1"/>
		<b id="37" c="12 34" t="1"/>
		<b id="38" c="13 35" t="1"/>
		<b id="39" c="20 36" t="1"/>
		<b id="40" c="21 37" t="1"/>
		<b id="41" c="23 38" t="1"/>
		<b id="42" c="23 39" t="1"/>
		<b id="43" c="23 40" t="1"/>
		<b id="44" c="24 41" t="1"/>
		<b id="45" c="25 42" t="1"/>
		<b id="46" c="26 43" t="1"/>
		<b id="47" c="27 44" t="1"/>
	</bonds>
	<geometry>
		<g u="A" t="cart/3d">#44,3:2.3777,0.1486,0.8539;0.9050,0.0822,0.5933;0.1749,-1.0673,0.8722;-1.1786,-1.1301,0.6084;-1.8357,-0.0389,0.0409;-3.2596,-0.1177,-0.2419;-4.0016,-0.9421,0.4753;-5.2856,-0.9322,0.4656;-5.8694,0.0954,-0.1615;-7.2742,0.3996,0.0968;-8.0260,1.1351,-0.8216;-9.3567,1.3885,-0.5360;-9.9027,0.9083,0.6441;-9.0551,0.1914,1.4780;-9.7176,-0.4939,3.1212;-7.7966,-0.0577,1.2302;-5.2358,0.7904,-1.0966;-3.9405,0.6052,-1.2718;-3.3241,1.0840,-2.5004;-3.8552,2.1984,-3.1480;-3.2726,2.6775,-4.3042;-2.1591,2.0532,-4.8529;-1.5114,2.5719,-6.0986;-1.6478,0.9253,-4.2157;-2.2149,0.4439,-3.0551;-1.1120,1.1251,-0.2224;0.2380,1.1785,0.0533;2.7079,-0.6993,1.4484;2.6339,1.0678,1.3777;2.9246,0.1410,-0.0893;0.6736,-1.9238,1.3025;-1.7453,-2.0221,0.8258;-7.5607,1.4833,-1.7290;-9.9682,1.9542,-1.2236;-10.9328,1.0787,0.9126;-4.7175,2.6870,-2.7207;-3.6883,3.5494,-4.7888;-2.0842,3.3909,-6.5257;-1.4240,1.7799,-6.8408;-0.5062,2.9303,-5.8777;-0.7921,0.4200,-4.6400;-1.8126,-0.4409,-2.5842;-1.6142,1.9911,-0.6285;0.7886,2.0854,-0.1522;</g>
	</geometry>
	<conformers/>
	<properties/>
</molecule>
