<?xml version="1.0" ?>
<!--MOLLI PACKAGE EXPERIMENTAL XML FORMAT-->
<molecule name="el490">
	<atoms>
		<a id="1" s="F" t="F" l="F"/>
		<a id="2" s="C" t="C.3" l="C"/>
		<a id="3" s="F" t="F" l="F"/>
		<a id="4" s="F" t="F" l="F"/>
		<a id="5" s="C" t="C.ar" l="C"/>
		<a id="6" s="C" t="C.ar" l="C"/>
		<a id="7" s="C" t="C.ar" l="C"/>
		<a id="8" s="Br" t="Br" l="BR"/>
		<a id="9" s="C" t="C.ar" l="C"/>
		<a id="10" s="C" t="C.ar" l="C"/>
		<a id="11" s="C" t="C.3" l="C"/>
		<a id="12" s="F" t="F" l="F"/>
		<a id="13" s="F" t="F" l="F"/>
		<a id="14" s="F" t="F" l="F"/>
		<a id="15" s="C" t="C.ar" l="C"/>
		<a id="16" s="H" t="H" l="H"/>
		<a id="17" s="H" t="H" l="H"/>
		<a id="18" s="H" t="H" l="H"/>
	</atoms>
	<bonds>
		<b id="1" c="1 2" t="1"/>
		<b id="2" c="2 3" t="1"/>
		<b id="3" c="2 4" t="1"/>
		<b id="4" c="2 5" t="1"/>
		<b id="5" c="5 6" t="ar"/>
		<b id="6" c="6 7" t="ar"/>
		<b id="7" c="7 8" t="1"/>
		<b id="8" c="7 9" t="ar"/>
		<b id="9" c="9 10" t="ar"/>
		<b id="10" c="10 11" t="1"/>
		<b id="11" c="11 12" t="1"/>
		<b id="12" c="11 13" t="1"/>
		<b id="13" c="11 14" t="1"/>
		<b id="14" c="10 15" t="ar"/>
		<b id="15" c="5 15" t="ar"/>
		<b id="16" c="6 16" t="1"/>
		<b id="17" c="9 17" t="1"/>
		<b id="18" c="15 18" t="1"/>
	</bonds>
	<geometry>
		<g u="A" t="cart/3d">#18,3:3.0427,0.9170,0.5502;2.2688,-0.0545,0.0580;1.0241,0.1773,0.5018;2.2350,0.1113,-1.2727;2.7450,-1.4353,0.4349;3.8652,-1.6029,1.2343;4.2681,-2.8897,1.5588;5.7921,-3.1362,2.6468;3.5735,-3.9989,1.1000;2.4565,-3.8047,0.3022;1.6700,-4.9813,-0.2196;2.1702,-6.1575,0.1695;0.3939,-4.9455,0.1932;1.6353,-4.9976,-1.5606;2.0307,-2.5278,-0.0383;4.4148,-0.7480,1.5980;3.8977,-4.9952,1.3600;1.1598,-2.3869,-0.6603;</g>
	</geometry>
	<conformers/>
	<properties/>
</molecule>
