<?xml version="1.0" ?>
<!--MOLLI PACKAGE EXPERIMENTAL XML FORMAT-->
<molecule name="el50">
	<atoms>
		<a id="1" s="Br" t="Br" l="BR"/>
		<a id="2" s="C" t="C.ar" l="C"/>
		<a id="3" s="N" t="N.ar" l="N"/>
		<a id="4" s="N" t="N.ar" l="N"/>
		<a id="5" s="C" t="C.ar" l="C"/>
		<a id="6" s="C" t="C.ar" l="C"/>
		<a id="7" s="C" t="C.ar" l="C"/>
		<a id="8" s="C" t="C.ar" l="C"/>
		<a id="9" s="C" t="C.ar" l="C"/>
		<a id="10" s="C" t="C.ar" l="C"/>
		<a id="11" s="C" t="C.ar" l="C"/>
		<a id="12" s="C" t="C.ar" l="C"/>
		<a id="13" s="C" t="C.ar" l="C"/>
		<a id="14" s="C" t="C.ar" l="C"/>
		<a id="15" s="C" t="C.ar" l="C"/>
		<a id="16" s="C" t="C.ar" l="C"/>
		<a id="17" s="C" t="C.ar" l="C"/>
		<a id="18" s="C" t="C.ar" l="C"/>
		<a id="19" s="N" t="N.ar" l="N"/>
		<a id="20" s="H" t="H" l="H"/>
		<a id="21" s="H" t="H" l="H"/>
		<a id="22" s="H" t="H" l="H"/>
		<a id="23" s="H" t="H" l="H"/>
		<a id="24" s="H" t="H" l="H"/>
		<a id="25" s="H" t="H" l="H"/>
		<a id="26" s="H" t="H" l="H"/>
		<a id="27" s="H" t="H" l="H"/>
		<a id="28" s="H" t="H" l="H"/>
		<a id="29" s="H" t="H" l="H"/>
	</atoms>
	<bonds>
		<b id="1" c="1 2" t="1"/>
		<b id="2" c="2 3" t="ar"/>
		<b id="3" c="3 4" t="ar"/>
		<b id="4" c="4 5" t="ar"/>
		<b id="5" c="5 6" t="1"/>
		<b id="6" c="6 7" t="ar"/>
		<b id="7" c="7 8" t="ar"/>
		<b id="8" c="8 9" t="ar"/>
		<b id="9" c="9 10" t="ar"/>
		<b id="10" c="10 11" t="ar"/>
		<b id="11" c="6 11" t="ar"/>
		<b id="12" c="5 12" t="ar"/>
		<b id="13" c="12 13" t="1"/>
		<b id="14" c="13 14" t="ar"/>
		<b id="15" c="14 15" t="ar"/>
		<b id="16" c="15 16" t="ar"/>
		<b id="17" c="16 17" t="ar"/>
		<b id="18" c="17 18" t="ar"/>
		<b id="19" c="13 18" t="ar"/>
		<b id="20" c="12 19" t="ar"/>
		<b id="21" c="2 19" t="ar"/>
		<b id="22" c="7 20" t="1"/>
		<b id="23" c="8 21" t="1"/>
		<b id="24" c="9 22" t="1"/>
		<b id="25" c="10 23" t="1"/>
		<b id="26" c="11 24" t="1"/>
		<b id="27" c="14 25" t="1"/>
		<b id="28" c="15 26" t="1"/>
		<b id="29" c="16 27" t="1"/>
		<b id="30" c="17 28" t="1"/>
		<b id="31" c="18 29" t="1"/>
	</bonds>
	<geometry>
		<g u="A" t="cart/3d">#29,3:1.4602,-0.1142,0.6029;3.2807,0.0273,0.1589;3.8574,-1.0216,-0.4007;5.1516,-1.0121,-0.4324;5.8637,0.0395,-0.0644;7.3047,-0.1354,0.0789;7.9761,-1.0555,-0.7248;9.3378,-1.2379,-0.5786;10.0384,-0.5183,0.3763;9.3718,0.3831,1.1914;8.0121,0.5785,1.0461;5.1679,1.2687,0.1449;5.7664,2.5941,0.0636;6.8599,2.8432,-0.7668;7.4025,4.1116,-0.8285;6.8700,5.1382,-0.0637;5.7750,4.8991,0.7515;5.2175,3.6368,0.8104;3.8637,1.1864,0.3616;7.4156,-1.6120,-1.4597;9.8546,-1.9463,-1.2086;11.1023,-0.6632,0.4903;9.9131,0.9340,1.9460;7.4922,1.2705,1.6927;7.2657,2.0503,-1.3774;8.2447,4.3009,-1.4769;7.3047,6.1254,-0.1094;5.3530,5.7001,1.3396;4.3626,3.4358,1.4375;</g>
	</geometry>
	<conformers/>
	<properties/>
</molecule>
