<?xml version="1.0" ?>
<!--MOLLI PACKAGE EXPERIMENTAL XML FORMAT-->
<molecule name="el498">
	<atoms>
		<a id="1" s="O" t="O.2" l="O"/>
		<a id="2" s="C" t="C.2" l="C"/>
		<a id="3" s="C" t="C.ar" l="C"/>
		<a id="4" s="C" t="C.ar" l="C"/>
		<a id="5" s="C" t="C.ar" l="C"/>
		<a id="6" s="C" t="C.ar" l="C"/>
		<a id="7" s="Br" t="Br" l="BR"/>
		<a id="8" s="C" t="C.ar" l="C"/>
		<a id="9" s="C" t="C.ar" l="C"/>
		<a id="10" s="N" t="N.am" l="N"/>
		<a id="11" s="C" t="C.3" l="C"/>
		<a id="12" s="C" t="C.ar" l="C"/>
		<a id="13" s="C" t="C.ar" l="C"/>
		<a id="14" s="C" t="C.ar" l="C"/>
		<a id="15" s="C" t="C.ar" l="C"/>
		<a id="16" s="C" t="C.ar" l="C"/>
		<a id="17" s="C" t="C.ar" l="C"/>
		<a id="18" s="C" t="C.ar" l="C"/>
		<a id="19" s="C" t="C.ar" l="C"/>
		<a id="20" s="C" t="C.ar" l="C"/>
		<a id="21" s="C" t="C.ar" l="C"/>
		<a id="22" s="C" t="C.ar" l="C"/>
		<a id="23" s="C" t="C.ar" l="C"/>
		<a id="24" s="H" t="H" l="H"/>
		<a id="25" s="H" t="H" l="H"/>
		<a id="26" s="H" t="H" l="H"/>
		<a id="27" s="H" t="H" l="H"/>
		<a id="28" s="H" t="H" l="H"/>
		<a id="29" s="H" t="H" l="H"/>
		<a id="30" s="H" t="H" l="H"/>
		<a id="31" s="H" t="H" l="H"/>
		<a id="32" s="H" t="H" l="H"/>
		<a id="33" s="H" t="H" l="H"/>
		<a id="34" s="H" t="H" l="H"/>
		<a id="35" s="H" t="H" l="H"/>
		<a id="36" s="H" t="H" l="H"/>
		<a id="37" s="H" t="H" l="H"/>
		<a id="38" s="H" t="H" l="H"/>
		<a id="39" s="H" t="H" l="H"/>
	</atoms>
	<bonds>
		<b id="1" c="1 2" t="2"/>
		<b id="2" c="2 3" t="1"/>
		<b id="3" c="3 4" t="ar"/>
		<b id="4" c="4 5" t="ar"/>
		<b id="5" c="5 6" t="ar"/>
		<b id="6" c="6 7" t="1"/>
		<b id="7" c="6 8" t="ar"/>
		<b id="8" c="8 9" t="ar"/>
		<b id="9" c="3 9" t="ar"/>
		<b id="10" c="2 10" t="am"/>
		<b id="11" c="10 11" t="1"/>
		<b id="12" c="11 12" t="1"/>
		<b id="13" c="12 13" t="ar"/>
		<b id="14" c="13 14" t="ar"/>
		<b id="15" c="14 15" t="ar"/>
		<b id="16" c="15 16" t="ar"/>
		<b id="17" c="16 17" t="ar"/>
		<b id="18" c="12 17" t="ar"/>
		<b id="19" c="10 18" t="1"/>
		<b id="20" c="18 19" t="ar"/>
		<b id="21" c="19 20" t="ar"/>
		<b id="22" c="20 21" t="ar"/>
		<b id="23" c="21 22" t="ar"/>
		<b id="24" c="22 23" t="ar"/>
		<b id="25" c="18 23" t="ar"/>
		<b id="26" c="4 24" t="1"/>
		<b id="27" c="5 25" t="1"/>
		<b id="28" c="8 26" t="1"/>
		<b id="29" c="9 27" t="1"/>
		<b id="30" c="11 28" t="1"/>
		<b id="31" c="11 29" t="1"/>
		<b id="32" c="13 30" t="1"/>
		<b id="33" c="14 31" t="1"/>
		<b id="34" c="15 32" t="1"/>
		<b id="35" c="16 33" t="1"/>
		<b id="36" c="17 34" t="1"/>
		<b id="37" c="19 35" t="1"/>
		<b id="38" c="20 36" t="1"/>
		<b id="39" c="21 37" t="1"/>
		<b id="40" c="22 38" t="1"/>
		<b id="41" c="23 39" t="1"/>
	</bonds>
	<geometry>
		<g u="A" t="cart/3d">#39,3:1.3241,0.7910,0.8707;2.4498,0.5457,0.4787;3.1610,-0.6986,0.9025;3.7675,-1.5404,-0.0247;4.3613,-2.7179,0.3887;4.3445,-3.0482,1.7338;5.1886,-4.6558,2.3078;3.7216,-2.2375,2.6676;3.1194,-1.0684,2.2427;3.1088,1.3496,-0.4032;2.3691,2.4376,-1.0267;1.8929,2.1001,-2.4169;1.3043,0.8685,-2.6777;0.8709,0.5558,-3.9533;1.0133,1.4733,-4.9810;1.5879,2.7065,-4.7261;2.0284,3.0169,-3.4512;4.4882,1.2477,-0.6694;4.9655,1.3454,-1.9729;6.3234,1.2606,-2.2212;7.2173,1.0782,-1.1799;6.7468,0.9979,0.1201;5.3927,1.0928,0.3788;3.7708,-1.2840,-1.0736;4.8336,-3.3738,-0.3264;3.7038,-2.5195,3.7091;2.6139,-0.4279,2.9494;2.9995,3.3308,-1.0449;1.5012,2.6243,-0.3834;1.1809,0.1558,-1.8754;0.4178,-0.4056,-4.1449;0.6749,1.2288,-5.9768;1.6971,3.4284,-5.5223;2.4818,3.9789,-3.2568;4.2729,1.4771,-2.7900;6.6824,1.3323,-3.2371;8.2756,1.0068,-1.3790;7.4379,0.8726,0.9402;5.0308,1.0541,1.3952;</g>
	</geometry>
	<conformers/>
	<properties/>
</molecule>
