<?xml version="1.0" ?>
<!--MOLLI PACKAGE EXPERIMENTAL XML FORMAT-->
<molecule name="el499">
	<atoms>
		<a id="1" s="O" t="O.2" l="O"/>
		<a id="2" s="S" t="S.O2" l="S"/>
		<a id="3" s="O" t="O.2" l="O"/>
		<a id="4" s="C" t="C.ar" l="C"/>
		<a id="5" s="C" t="C.ar" l="C"/>
		<a id="6" s="C" t="C.ar" l="C"/>
		<a id="7" s="C" t="C.ar" l="C"/>
		<a id="8" s="Br" t="Br" l="BR"/>
		<a id="9" s="C" t="C.ar" l="C"/>
		<a id="10" s="C" t="C.ar" l="C"/>
		<a id="11" s="N" t="N.pl3" l="N"/>
		<a id="12" s="C" t="C.3" l="C"/>
		<a id="13" s="C" t="C.ar" l="C"/>
		<a id="14" s="C" t="C.ar" l="C"/>
		<a id="15" s="C" t="C.ar" l="C"/>
		<a id="16" s="C" t="C.ar" l="C"/>
		<a id="17" s="C" t="C.ar" l="C"/>
		<a id="18" s="C" t="C.ar" l="C"/>
		<a id="19" s="C" t="C.ar" l="C"/>
		<a id="20" s="C" t="C.ar" l="C"/>
		<a id="21" s="C" t="C.ar" l="C"/>
		<a id="22" s="C" t="C.ar" l="C"/>
		<a id="23" s="C" t="C.ar" l="C"/>
		<a id="24" s="C" t="C.ar" l="C"/>
		<a id="25" s="H" t="H" l="H"/>
		<a id="26" s="H" t="H" l="H"/>
		<a id="27" s="H" t="H" l="H"/>
		<a id="28" s="H" t="H" l="H"/>
		<a id="29" s="H" t="H" l="H"/>
		<a id="30" s="H" t="H" l="H"/>
		<a id="31" s="H" t="H" l="H"/>
		<a id="32" s="H" t="H" l="H"/>
		<a id="33" s="H" t="H" l="H"/>
		<a id="34" s="H" t="H" l="H"/>
		<a id="35" s="H" t="H" l="H"/>
		<a id="36" s="H" t="H" l="H"/>
		<a id="37" s="H" t="H" l="H"/>
		<a id="38" s="H" t="H" l="H"/>
		<a id="39" s="H" t="H" l="H"/>
		<a id="40" s="H" t="H" l="H"/>
	</atoms>
	<bonds>
		<b id="1" c="1 2" t="2"/>
		<b id="2" c="2 3" t="2"/>
		<b id="3" c="2 4" t="1"/>
		<b id="4" c="4 5" t="ar"/>
		<b id="5" c="5 6" t="ar"/>
		<b id="6" c="6 7" t="ar"/>
		<b id="7" c="7 8" t="1"/>
		<b id="8" c="7 9" t="ar"/>
		<b id="9" c="9 10" t="ar"/>
		<b id="10" c="4 10" t="ar"/>
		<b id="11" c="2 11" t="1"/>
		<b id="12" c="11 12" t="1"/>
		<b id="13" c="12 13" t="1"/>
		<b id="14" c="13 14" t="ar"/>
		<b id="15" c="14 15" t="ar"/>
		<b id="16" c="15 16" t="ar"/>
		<b id="17" c="16 17" t="ar"/>
		<b id="18" c="17 18" t="ar"/>
		<b id="19" c="13 18" t="ar"/>
		<b id="20" c="11 19" t="1"/>
		<b id="21" c="19 20" t="ar"/>
		<b id="22" c="20 21" t="ar"/>
		<b id="23" c="21 22" t="ar"/>
		<b id="24" c="22 23" t="ar"/>
		<b id="25" c="23 24" t="ar"/>
		<b id="26" c="19 24" t="ar"/>
		<b id="27" c="5 25" t="1"/>
		<b id="28" c="6 26" t="1"/>
		<b id="29" c="9 27" t="1"/>
		<b id="30" c="10 28" t="1"/>
		<b id="31" c="12 29" t="1"/>
		<b id="32" c="12 30" t="1"/>
		<b id="33" c="14 31" t="1"/>
		<b id="34" c="15 32" t="1"/>
		<b id="35" c="16 33" t="1"/>
		<b id="36" c="17 34" t="1"/>
		<b id="37" c="18 35" t="1"/>
		<b id="38" c="20 36" t="1"/>
		<b id="39" c="21 37" t="1"/>
		<b id="40" c="22 38" t="1"/>
		<b id="41" c="23 39" t="1"/>
		<b id="42" c="24 40" t="1"/>
	</bonds>
	<geometry>
		<g u="A" t="cart/3d">#40,3:0.1466,0.5765,-0.9701;1.5171,0.5058,-0.5576;1.8029,0.2584,0.8250;2.3773,-0.7180,-1.5430;1.9859,-0.9150,-2.8527;2.6907,-1.8011,-3.6484;3.7836,-2.4635,-3.1072;4.7628,-3.6681,-4.1970;4.1782,-2.2693,-1.7930;3.4627,-1.3830,-1.0067;2.2847,1.8580,-1.1657;1.5393,3.1098,-1.1830;1.4850,3.7687,0.1681;2.3083,4.8467,0.4671;2.2881,5.4141,1.7295;1.4517,4.8992,2.7052;0.6331,3.8199,2.4146;0.6456,3.2572,1.1502;3.6737,1.9023,-0.8732;4.5658,1.7568,-1.9289;5.9270,1.7417,-1.6874;6.4026,1.8688,-0.3926;5.5136,2.0152,0.6586;4.1495,2.0332,0.4249;1.1311,-0.3788,-3.2299;2.4058,-1.9742,-4.6734;5.0307,-2.7969,-1.3957;3.7281,-1.2031,0.0223;0.5363,2.8412,-1.5207;2.0124,3.7655,-1.9202;2.9668,5.2417,-0.2947;2.9272,6.2565,1.9512;1.4381,5.3391,3.6915;-0.0179,3.4152,3.1751;0.0137,2.4115,0.9216;4.1794,1.6534,-2.9322;6.6167,1.6270,-2.5101;7.4647,1.8512,-0.2036;5.8819,2.1136,1.6687;3.4526,2.1288,1.2415;</g>
	</geometry>
	<conformers/>
	<properties/>
</molecule>
