<?xml version="1.0" ?>
<!--MOLLI PACKAGE EXPERIMENTAL XML FORMAT-->
<molecule name="el53">
	<atoms>
		<a id="1" s="C" t="C.3" l="C"/>
		<a id="2" s="O" t="O.3" l="O"/>
		<a id="3" s="C" t="C.ar" l="C"/>
		<a id="4" s="C" t="C.ar" l="C"/>
		<a id="5" s="C" t="C.ar" l="C"/>
		<a id="6" s="C" t="C.ar" l="C"/>
		<a id="7" s="C" t="C.ar" l="C"/>
		<a id="8" s="C" t="C.ar" l="C"/>
		<a id="9" s="Br" t="Br" l="BR"/>
		<a id="10" s="C" t="C.ar" l="C"/>
		<a id="11" s="C" t="C.ar" l="C"/>
		<a id="12" s="N" t="N.ar" l="N"/>
		<a id="13" s="C" t="C.ar" l="C"/>
		<a id="14" s="C" t="C.2" l="C"/>
		<a id="15" s="O" t="O.2" l="O"/>
		<a id="16" s="N" t="N.am" l="N"/>
		<a id="17" s="C" t="C.ar" l="C"/>
		<a id="18" s="C" t="C.ar" l="C"/>
		<a id="19" s="C" t="C.ar" l="C"/>
		<a id="20" s="C" t="C.ar" l="C"/>
		<a id="21" s="C" t="C.3" l="C"/>
		<a id="22" s="N" t="N.3" l="N"/>
		<a id="23" s="C" t="C.3" l="C"/>
		<a id="24" s="C" t="C.3" l="C"/>
		<a id="25" s="N" t="N.3" l="N"/>
		<a id="26" s="C" t="C.3" l="C"/>
		<a id="27" s="C" t="C.3" l="C"/>
		<a id="28" s="C" t="C.3" l="C"/>
		<a id="29" s="C" t="C.ar" l="C"/>
		<a id="30" s="C" t="C.3" l="C"/>
		<a id="31" s="F" t="F" l="F"/>
		<a id="32" s="F" t="F" l="F"/>
		<a id="33" s="F" t="F" l="F"/>
		<a id="34" s="C" t="C.ar" l="C"/>
		<a id="35" s="H" t="H" l="H"/>
		<a id="36" s="H" t="H" l="H"/>
		<a id="37" s="H" t="H" l="H"/>
		<a id="38" s="H" t="H" l="H"/>
		<a id="39" s="H" t="H" l="H"/>
		<a id="40" s="H" t="H" l="H"/>
		<a id="41" s="H" t="H" l="H"/>
		<a id="42" s="H" t="H" l="H"/>
		<a id="43" s="H" t="H" l="H"/>
		<a id="44" s="H" t="H" l="H"/>
		<a id="45" s="H" t="H" l="H"/>
		<a id="46" s="H" t="H" l="H"/>
		<a id="47" s="H" t="H" l="H"/>
		<a id="48" s="H" t="H" l="H"/>
		<a id="49" s="H" t="H" l="H"/>
		<a id="50" s="H" t="H" l="H"/>
		<a id="51" s="H" t="H" l="H"/>
		<a id="52" s="H" t="H" l="H"/>
		<a id="53" s="H" t="H" l="H"/>
		<a id="54" s="H" t="H" l="H"/>
		<a id="55" s="H" t="H" l="H"/>
		<a id="56" s="H" t="H" l="H"/>
		<a id="57" s="H" t="H" l="H"/>
		<a id="58" s="H" t="H" l="H"/>
	</atoms>
	<bonds>
		<b id="1" c="1 2" t="1"/>
		<b id="2" c="2 3" t="1"/>
		<b id="3" c="3 4" t="ar"/>
		<b id="4" c="4 5" t="ar"/>
		<b id="5" c="5 6" t="ar"/>
		<b id="6" c="6 7" t="ar"/>
		<b id="7" c="7 8" t="ar"/>
		<b id="8" c="8 9" t="1"/>
		<b id="9" c="8 10" t="ar"/>
		<b id="10" c="10 11" t="ar"/>
		<b id="11" c="5 11" t="ar"/>
		<b id="12" c="11 12" t="ar"/>
		<b id="13" c="12 13" t="ar"/>
		<b id="14" c="3 13" t="ar"/>
		<b id="15" c="13 14" t="1"/>
		<b id="16" c="14 15" t="2"/>
		<b id="17" c="14 16" t="am"/>
		<b id="18" c="16 17" t="1"/>
		<b id="19" c="17 18" t="ar"/>
		<b id="20" c="18 19" t="ar"/>
		<b id="21" c="19 20" t="ar"/>
		<b id="22" c="20 21" t="1"/>
		<b id="23" c="21 22" t="1"/>
		<b id="24" c="22 23" t="1"/>
		<b id="25" c="23 24" t="1"/>
		<b id="26" c="24 25" t="1"/>
		<b id="27" c="25 26" t="1"/>
		<b id="28" c="25 27" t="1"/>
		<b id="29" c="27 28" t="1"/>
		<b id="30" c="22 28" t="1"/>
		<b id="31" c="20 29" t="ar"/>
		<b id="32" c="29 30" t="1"/>
		<b id="33" c="30 31" t="1"/>
		<b id="34" c="30 32" t="1"/>
		<b id="35" c="30 33" t="1"/>
		<b id="36" c="29 34" t="ar"/>
		<b id="37" c="17 34" t="ar"/>
		<b id="38" c="1 35" t="1"/>
		<b id="39" c="1 36" t="1"/>
		<b id="40" c="1 37" t="1"/>
		<b id="41" c="4 38" t="1"/>
		<b id="42" c="6 39" t="1"/>
		<b id="43" c="7 40" t="1"/>
		<b id="44" c="10 41" t="1"/>
		<b id="45" c="16 42" t="1"/>
		<b id="46" c="18 43" t="1"/>
		<b id="47" c="19 44" t="1"/>
		<b id="48" c="21 45" t="1"/>
		<b id="49" c="21 46" t="1"/>
		<b id="50" c="23 47" t="1"/>
		<b id="51" c="23 48" t="1"/>
		<b id="52" c="24 49" t="1"/>
		<b id="53" c="24 50" t="1"/>
		<b id="54" c="26 51" t="1"/>
		<b id="55" c="26 52" t="1"/>
		<b id="56" c="26 53" t="1"/>
		<b id="57" c="27 54" t="1"/>
		<b id="58" c="27 55" t="1"/>
		<b id="59" c="28 56" t="1"/>
		<b id="60" c="28 57" t="1"/>
		<b id="61" c="34 58" t="1"/>
	</bonds>
	<geometry>
		<g u="A" t="cart/3d">#58,3:2.7314,4.0748,-3.5565;2.3450,3.5689,-2.2998;3.1775,2.7545,-1.6413;4.4175,2.3460,-2.0947;5.2081,1.4876,-1.3120;6.4810,1.0289,-1.7111;7.2035,0.1945,-0.9069;6.6749,-0.2111,0.3305;7.7149,-1.3754,1.4200;5.4475,0.2065,0.7621;4.6896,1.0677,-0.0571;3.4842,1.4750,0.3717;2.7505,2.2721,-0.3632;1.4173,2.6644,0.2125;0.6116,3.3638,-0.3592;1.2569,2.1239,1.4539;0.1921,2.2508,2.3320;-0.9597,2.9758,2.0340;-1.9697,3.0681,2.9698;-1.8921,2.4531,4.2145;-3.0097,2.6203,5.2065;-2.5041,3.1414,6.4621;-2.0449,4.5127,6.3394;-1.3891,4.9460,7.6557;-2.2638,4.8184,8.8042;-3.2719,5.8517,8.9023;-2.7865,3.4675,8.8539;-3.4566,3.0205,7.5487;-0.7399,1.7142,4.4990;-0.5317,1.0150,5.8182;-1.6284,0.4377,6.3245;0.3710,0.0153,5.7114;-0.0424,1.8285,6.7692;0.2879,1.6226,3.5720;1.9043,4.7031,-3.8808;2.8839,3.2706,-4.2833;3.6408,4.6798,-3.4826;4.8028,2.6723,-3.0488;6.8782,1.3466,-2.6639;8.1776,-0.1592,-1.2075;5.0406,-0.1041,1.7111;2.0479,1.5599,1.7545;-1.0478,3.4658,1.0788;-2.8524,3.6418,2.7293;-3.4730,1.6493,5.4061;-3.7847,3.2771,4.7685;-2.8793,5.1935,6.0838;-1.3085,4.5652,5.5338;-1.0479,5.9803,7.5792;-0.5252,4.2998,7.8329;-2.7725,6.8196,8.9391;-3.8210,5.7126,9.8332;-3.9958,5.8694,8.0752;-3.4939,3.3884,9.6818;-1.9406,2.8022,9.0464;-4.3664,3.6212,7.3607;-3.7514,1.9725,7.6368;1.1747,1.0543,3.8100;</g>
	</geometry>
	<conformers/>
	<properties/>
</molecule>
