<?xml version="1.0" ?>
<!--MOLLI PACKAGE EXPERIMENTAL XML FORMAT-->
<molecule name="el56">
	<atoms>
		<a id="1" s="C" t="C.3" l="C"/>
		<a id="2" s="C" t="C.3" l="C"/>
		<a id="3" s="C" t="C.3" l="C"/>
		<a id="4" s="C" t="C.3" l="C"/>
		<a id="5" s="N" t="N.pl3" l="N"/>
		<a id="6" s="N" t="N.am" l="N"/>
		<a id="7" s="C" t="C.2" l="C"/>
		<a id="8" s="O" t="O.2" l="O"/>
		<a id="9" s="O" t="O.3" l="O"/>
		<a id="10" s="C" t="C.3" l="C"/>
		<a id="11" s="C" t="C.3" l="C"/>
		<a id="12" s="C" t="C.3" l="C"/>
		<a id="13" s="C" t="C.3" l="C"/>
		<a id="14" s="C" t="C.ar" l="C"/>
		<a id="15" s="N" t="N.ar" l="N"/>
		<a id="16" s="C" t="C.ar" l="C"/>
		<a id="17" s="C" t="C.1" l="C"/>
		<a id="18" s="N" t="N.1" l="N"/>
		<a id="19" s="N" t="N.ar" l="N"/>
		<a id="20" s="C" t="C.ar" l="C"/>
		<a id="21" s="C" t="C.ar" l="C"/>
		<a id="22" s="Br" t="Br" l="BR"/>
		<a id="23" s="H" t="H" l="H"/>
		<a id="24" s="H" t="H" l="H"/>
		<a id="25" s="H" t="H" l="H"/>
		<a id="26" s="H" t="H" l="H"/>
		<a id="27" s="H" t="H" l="H"/>
		<a id="28" s="H" t="H" l="H"/>
		<a id="29" s="H" t="H" l="H"/>
		<a id="30" s="H" t="H" l="H"/>
		<a id="31" s="H" t="H" l="H"/>
		<a id="32" s="H" t="H" l="H"/>
		<a id="33" s="H" t="H" l="H"/>
		<a id="34" s="H" t="H" l="H"/>
		<a id="35" s="H" t="H" l="H"/>
		<a id="36" s="H" t="H" l="H"/>
		<a id="37" s="H" t="H" l="H"/>
		<a id="38" s="H" t="H" l="H"/>
		<a id="39" s="H" t="H" l="H"/>
		<a id="40" s="H" t="H" l="H"/>
		<a id="41" s="H" t="H" l="H"/>
		<a id="42" s="H" t="H" l="H"/>
	</atoms>
	<bonds>
		<b id="1" c="1 2" t="1"/>
		<b id="2" c="2 3" t="1"/>
		<b id="3" c="2 4" t="1"/>
		<b id="4" c="4 5" t="1"/>
		<b id="5" c="5 6" t="1"/>
		<b id="6" c="6 7" t="am"/>
		<b id="7" c="7 8" t="2"/>
		<b id="8" c="7 9" t="1"/>
		<b id="9" c="9 10" t="1"/>
		<b id="10" c="10 11" t="1"/>
		<b id="11" c="10 12" t="1"/>
		<b id="12" c="10 13" t="1"/>
		<b id="13" c="5 14" t="1"/>
		<b id="14" c="14 15" t="ar"/>
		<b id="15" c="15 16" t="ar"/>
		<b id="16" c="16 17" t="1"/>
		<b id="17" c="17 18" t="3"/>
		<b id="18" c="16 19" t="ar"/>
		<b id="19" c="19 20" t="ar"/>
		<b id="20" c="20 21" t="ar"/>
		<b id="21" c="14 21" t="ar"/>
		<b id="22" c="21 22" t="1"/>
		<b id="23" c="1 23" t="1"/>
		<b id="24" c="1 24" t="1"/>
		<b id="25" c="1 25" t="1"/>
		<b id="26" c="2 26" t="1"/>
		<b id="27" c="3 27" t="1"/>
		<b id="28" c="3 28" t="1"/>
		<b id="29" c="3 29" t="1"/>
		<b id="30" c="4 30" t="1"/>
		<b id="31" c="4 31" t="1"/>
		<b id="32" c="6 32" t="1"/>
		<b id="33" c="11 33" t="1"/>
		<b id="34" c="11 34" t="1"/>
		<b id="35" c="11 35" t="1"/>
		<b id="36" c="12 36" t="1"/>
		<b id="37" c="12 37" t="1"/>
		<b id="38" c="12 38" t="1"/>
		<b id="39" c="13 39" t="1"/>
		<b id="40" c="13 40" t="1"/>
		<b id="41" c="13 41" t="1"/>
		<b id="42" c="20 42" t="1"/>
	</bonds>
	<geometry>
		<g u="A" t="cart/3d">#42,3:2.0881,1.1595,2.0646;1.9703,1.9558,0.7659;2.4753,3.3820,0.9629;2.7062,1.2682,-0.3923;4.1329,1.1202,-0.1389;4.5463,-0.0990,0.3553;4.8055,-1.1445,-0.5056;4.8300,-1.0023,-1.6999;5.0271,-2.2405,0.2096;5.4473,-3.4712,-0.4431;6.7475,-3.2405,-1.2099;5.6699,-4.4407,0.7163;4.3374,-3.9709,-1.3663;5.0236,1.9202,-0.7717;4.5024,2.9072,-1.5048;5.3103,3.7300,-2.1512;4.6791,4.7665,-2.9049;4.1635,5.5933,-3.5039;6.6346,3.6857,-2.1608;7.1793,2.7407,-1.4109;6.4350,1.8371,-0.6774;7.3935,0.6302,0.4320;1.4341,1.5835,2.8227;3.1059,1.1968,2.4482;1.8016,0.1207,1.9131;0.9146,1.9952,0.4772;3.5154,3.3793,1.2819;1.8877,3.8885,1.7246;2.4043,3.9451,0.0363;2.5872,1.8574,-1.3026;2.2954,0.2689,-0.5596;4.4462,-0.2828,1.3438;7.4915,-2.7918,-0.5545;6.5784,-2.5785,-2.0549;7.1267,-4.1895,-1.5779;6.4504,-4.0634,1.3715;5.9654,-5.4126,0.3337;4.7554,-4.5495,1.2936;4.1593,-3.2541,-2.1634;3.4160,-4.1111,-0.8041;4.6286,-4.9197,-1.8070;8.2606,2.7142,-1.3911;</g>
	</geometry>
	<conformers/>
	<properties/>
</molecule>
