<?xml version="1.0" ?>
<!--MOLLI PACKAGE EXPERIMENTAL XML FORMAT-->
<molecule name="el76">
	<atoms>
		<a id="1" s="Br" t="Br" l="BR"/>
		<a id="2" s="C" t="C.ar" l="C"/>
		<a id="3" s="C" t="C.ar" l="C"/>
		<a id="4" s="C" t="C.ar" l="C"/>
		<a id="5" s="C" t="C.ar" l="C"/>
		<a id="6" s="N" t="N.ar" l="N"/>
		<a id="7" s="C" t="C.ar" l="C"/>
		<a id="8" s="S" t="S.2" l="S"/>
		<a id="9" s="C" t="C.ar" l="C"/>
		<a id="10" s="C" t="C.ar" l="C"/>
		<a id="11" s="H" t="H" l="H"/>
		<a id="12" s="H" t="H" l="H"/>
		<a id="13" s="H" t="H" l="H"/>
		<a id="14" s="H" t="H" l="H"/>
	</atoms>
	<bonds>
		<b id="1" c="1 2" t="1"/>
		<b id="2" c="2 3" t="ar"/>
		<b id="3" c="3 4" t="ar"/>
		<b id="4" c="4 5" t="ar"/>
		<b id="5" c="5 6" t="ar"/>
		<b id="6" c="6 7" t="ar"/>
		<b id="7" c="7 8" t="ar"/>
		<b id="8" c="8 9" t="ar"/>
		<b id="9" c="5 9" t="ar"/>
		<b id="10" c="9 10" t="ar"/>
		<b id="11" c="2 10" t="ar"/>
		<b id="12" c="3 11" t="1"/>
		<b id="13" c="4 12" t="1"/>
		<b id="14" c="7 13" t="1"/>
		<b id="15" c="10 14" t="1"/>
	</bonds>
	<geometry>
		<g u="A" t="cart/3d">#14,3:-2.6879,0.2043,-0.0158;-0.8420,-0.2581,-0.0104;-0.4879,-1.6072,-0.0072;0.8393,-1.9737,-0.0037;1.8167,-0.9813,-0.0034;3.1659,-1.1795,-0.0001;3.8042,-0.0787,-0.0004;2.8449,1.3875,-0.0054;1.4299,0.3809,-0.0066;0.0969,0.7547,-0.0102;-1.2628,-2.3577,-0.0076;1.1361,-3.0097,-0.0012;4.8745,-0.0115,0.0017;-0.1957,1.7925,-0.0128;</g>
	</geometry>
	<conformers/>
	<properties/>
</molecule>
