<?xml version="1.0" ?>
<!--MOLLI PACKAGE EXPERIMENTAL XML FORMAT-->
<molecule name="el77">
	<atoms>
		<a id="1" s="C" t="C.3" l="C"/>
		<a id="2" s="C" t="C.3" l="C"/>
		<a id="3" s="C" t="C.3" l="C"/>
		<a id="4" s="C" t="C.3" l="C"/>
		<a id="5" s="N" t="N.am" l="N"/>
		<a id="6" s="C" t="C.2" l="C"/>
		<a id="7" s="O" t="O.2" l="O"/>
		<a id="8" s="O" t="O.3" l="O"/>
		<a id="9" s="C" t="C.3" l="C"/>
		<a id="10" s="C" t="C.3" l="C"/>
		<a id="11" s="C" t="C.3" l="C"/>
		<a id="12" s="C" t="C.3" l="C"/>
		<a id="13" s="C" t="C.ar" l="C"/>
		<a id="14" s="C" t="C.ar" l="C"/>
		<a id="15" s="C" t="C.ar" l="C"/>
		<a id="16" s="Br" t="Br" l="BR"/>
		<a id="17" s="N" t="N.ar" l="N"/>
		<a id="18" s="N" t="N.ar" l="N"/>
		<a id="19" s="C" t="C.3" l="C"/>
		<a id="20" s="C" t="C.ar" l="C"/>
		<a id="21" s="C" t="C.ar" l="C"/>
		<a id="22" s="C" t="C.ar" l="C"/>
		<a id="23" s="C" t="C.ar" l="C"/>
		<a id="24" s="C" t="C.ar" l="C"/>
		<a id="25" s="C" t="C.ar" l="C"/>
		<a id="26" s="C" t="C.ar" l="C"/>
		<a id="27" s="C" t="C.ar" l="C"/>
		<a id="28" s="C" t="C.ar" l="C"/>
		<a id="29" s="C" t="C.ar" l="C"/>
		<a id="30" s="C" t="C.ar" l="C"/>
		<a id="31" s="C" t="C.ar" l="C"/>
		<a id="32" s="C" t="C.3" l="C"/>
		<a id="33" s="H" t="H" l="H"/>
		<a id="34" s="H" t="H" l="H"/>
		<a id="35" s="H" t="H" l="H"/>
		<a id="36" s="H" t="H" l="H"/>
		<a id="37" s="H" t="H" l="H"/>
		<a id="38" s="H" t="H" l="H"/>
		<a id="39" s="H" t="H" l="H"/>
		<a id="40" s="H" t="H" l="H"/>
		<a id="41" s="H" t="H" l="H"/>
		<a id="42" s="H" t="H" l="H"/>
		<a id="43" s="H" t="H" l="H"/>
		<a id="44" s="H" t="H" l="H"/>
		<a id="45" s="H" t="H" l="H"/>
		<a id="46" s="H" t="H" l="H"/>
		<a id="47" s="H" t="H" l="H"/>
		<a id="48" s="H" t="H" l="H"/>
		<a id="49" s="H" t="H" l="H"/>
		<a id="50" s="H" t="H" l="H"/>
		<a id="51" s="H" t="H" l="H"/>
		<a id="52" s="H" t="H" l="H"/>
		<a id="53" s="H" t="H" l="H"/>
		<a id="54" s="H" t="H" l="H"/>
		<a id="55" s="H" t="H" l="H"/>
		<a id="56" s="H" t="H" l="H"/>
		<a id="57" s="H" t="H" l="H"/>
		<a id="58" s="H" t="H" l="H"/>
		<a id="59" s="H" t="H" l="H"/>
		<a id="60" s="H" t="H" l="H"/>
		<a id="61" s="H" t="H" l="H"/>
		<a id="62" s="H" t="H" l="H"/>
	</atoms>
	<bonds>
		<b id="1" c="1 2" t="1"/>
		<b id="2" c="2 3" t="1"/>
		<b id="3" c="2 4" t="1"/>
		<b id="4" c="2 5" t="1"/>
		<b id="5" c="5 6" t="am"/>
		<b id="6" c="6 7" t="2"/>
		<b id="7" c="6 8" t="1"/>
		<b id="8" c="8 9" t="1"/>
		<b id="9" c="9 10" t="1"/>
		<b id="10" c="10 11" t="1"/>
		<b id="11" c="11 12" t="1"/>
		<b id="12" c="13 14" t="ar"/>
		<b id="13" c="14 15" t="ar"/>
		<b id="14" c="15 16" t="1"/>
		<b id="15" c="15 17" t="ar"/>
		<b id="16" c="17 18" t="ar"/>
		<b id="17" c="13 18" t="ar"/>
		<b id="18" c="18 19" t="1"/>
		<b id="19" c="19 20" t="1"/>
		<b id="20" c="20 21" t="ar"/>
		<b id="21" c="21 22" t="ar"/>
		<b id="22" c="22 23" t="ar"/>
		<b id="23" c="23 24" t="ar"/>
		<b id="24" c="24 25" t="ar"/>
		<b id="25" c="20 25" t="ar"/>
		<b id="26" c="19 26" t="1"/>
		<b id="27" c="26 27" t="ar"/>
		<b id="28" c="27 28" t="ar"/>
		<b id="29" c="28 29" t="ar"/>
		<b id="30" c="29 30" t="ar"/>
		<b id="31" c="30 31" t="ar"/>
		<b id="32" c="26 31" t="ar"/>
		<b id="33" c="12 32" t="1"/>
		<b id="34" c="9 32" t="1"/>
		<b id="35" c="12 13" t="1"/>
		<b id="36" c="1 33" t="1"/>
		<b id="37" c="1 34" t="1"/>
		<b id="38" c="1 35" t="1"/>
		<b id="39" c="3 36" t="1"/>
		<b id="40" c="3 37" t="1"/>
		<b id="41" c="3 38" t="1"/>
		<b id="42" c="4 39" t="1"/>
		<b id="43" c="4 40" t="1"/>
		<b id="44" c="4 41" t="1"/>
		<b id="45" c="5 42" t="1"/>
		<b id="46" c="9 43" t="1"/>
		<b id="47" c="10 44" t="1"/>
		<b id="48" c="10 45" t="1"/>
		<b id="49" c="11 46" t="1"/>
		<b id="50" c="11 47" t="1"/>
		<b id="51" c="12 48" t="1"/>
		<b id="52" c="14 49" t="1"/>
		<b id="53" c="19 50" t="1"/>
		<b id="54" c="21 51" t="1"/>
		<b id="55" c="22 52" t="1"/>
		<b id="56" c="23 53" t="1"/>
		<b id="57" c="24 54" t="1"/>
		<b id="58" c="25 55" t="1"/>
		<b id="59" c="27 56" t="1"/>
		<b id="60" c="28 57" t="1"/>
		<b id="61" c="29 58" t="1"/>
		<b id="62" c="30 59" t="1"/>
		<b id="63" c="31 60" t="1"/>
		<b id="64" c="32 61" t="1"/>
		<b id="65" c="32 62" t="1"/>
	</bonds>
	<geometry>
		<g u="A" t="cart/3d">#62,3:3.8493,3.6991,-1.4745;3.4722,2.2599,-1.1146;3.8088,1.9747,0.3514;1.9868,2.0167,-1.3750;4.2184,1.3370,-1.9698;5.5591,1.2316,-2.0166;6.3584,1.8699,-1.3772;5.9017,0.2631,-2.9105;7.2923,0.0096,-3.0642;7.9215,0.8074,-4.2091;9.1584,-0.0094,-4.5564;8.7149,-1.4843,-4.4131;8.3576,-2.0619,-5.7407;7.2612,-1.8048,-6.5434;7.4685,-2.5991,-7.6756;6.3621,-2.7389,-9.1817;8.5899,-3.2859,-7.5883;9.1204,-2.9573,-6.4125;10.3926,-3.5469,-6.0560;11.3999,-2.4391,-5.7901;12.0392,-2.2673,-4.5709;12.9250,-1.2183,-4.3898;13.1772,-0.3299,-5.4199;12.5414,-0.4950,-6.6390;11.6602,-1.5441,-6.8221;10.2916,-4.5850,-4.9592;11.4201,-5.3495,-4.6764;11.3860,-6.3166,-3.6898;10.2191,-6.5414,-2.9775;9.0890,-5.7987,-3.2661;9.1230,-4.8262,-4.2522;7.5080,-1.4578,-3.4516;3.3059,4.3986,-0.8455;3.6111,3.9040,-2.5158;4.9151,3.8439,-1.3244;3.2597,2.6504,1.0010;4.8732,2.1152,0.5146;3.5476,0.9504,0.6076;1.3891,2.6836,-0.7599;1.7181,0.9913,-1.1299;1.7448,2.2041,-2.4190;3.6994,0.7224,-2.5754;7.7939,0.2555,-2.1210;8.1538,1.8292,-3.9158;7.2255,0.8322,-5.0483;9.9561,0.2000,-3.8430;9.5340,0.2065,-5.5558;9.5249,-2.0727,-3.9827;6.4350,-1.1516,-6.3566;10.7023,-4.0699,-6.9724;11.8523,-2.9530,-3.7572;13.4179,-1.0962,-3.4367;13.8675,0.4873,-5.2748;12.7342,0.1922,-7.4493;11.1648,-1.6744,-7.7739;12.3289,-5.1787,-5.2354;12.2703,-6.8992,-3.4790;10.1905,-7.2974,-2.2074;8.1713,-5.9750,-2.7249;8.2258,-4.2673,-4.4703;7.6798,-2.0805,-2.5752;6.6047,-1.8133,-3.9471;</g>
	</geometry>
	<conformers/>
	<properties/>
</molecule>
