<?xml version="1.0" ?>
<!--MOLLI PACKAGE EXPERIMENTAL XML FORMAT-->
<molecule name="el78">
	<atoms>
		<a id="1" s="C" t="C.3" l="C"/>
		<a id="2" s="C" t="C.ar" l="C"/>
		<a id="3" s="C" t="C.ar" l="C"/>
		<a id="4" s="C" t="C.ar" l="C"/>
		<a id="5" s="N" t="N.pl3" l="N"/>
		<a id="6" s="C" t="C.3" l="C"/>
		<a id="7" s="C" t="C.3" l="C"/>
		<a id="8" s="O" t="O.3" l="O"/>
		<a id="9" s="C" t="C.3" l="C"/>
		<a id="10" s="C" t="C.3" l="C"/>
		<a id="11" s="N" t="N.ar" l="N"/>
		<a id="12" s="C" t="C.ar" l="C"/>
		<a id="13" s="C" t="C.ar" l="C"/>
		<a id="14" s="C" t="C.ar" l="C"/>
		<a id="15" s="C" t="C.ar" l="C"/>
		<a id="16" s="Br" t="Br" l="BR"/>
		<a id="17" s="C" t="C.ar" l="C"/>
		<a id="18" s="C" t="C.ar" l="C"/>
		<a id="19" s="H" t="H" l="H"/>
		<a id="20" s="H" t="H" l="H"/>
		<a id="21" s="H" t="H" l="H"/>
		<a id="22" s="H" t="H" l="H"/>
		<a id="23" s="H" t="H" l="H"/>
		<a id="24" s="H" t="H" l="H"/>
		<a id="25" s="H" t="H" l="H"/>
		<a id="26" s="H" t="H" l="H"/>
		<a id="27" s="H" t="H" l="H"/>
		<a id="28" s="H" t="H" l="H"/>
		<a id="29" s="H" t="H" l="H"/>
		<a id="30" s="H" t="H" l="H"/>
		<a id="31" s="H" t="H" l="H"/>
		<a id="32" s="H" t="H" l="H"/>
		<a id="33" s="H" t="H" l="H"/>
	</atoms>
	<bonds>
		<b id="1" c="1 2" t="1"/>
		<b id="2" c="2 3" t="ar"/>
		<b id="3" c="3 4" t="ar"/>
		<b id="4" c="4 5" t="1"/>
		<b id="5" c="5 6" t="1"/>
		<b id="6" c="6 7" t="1"/>
		<b id="7" c="7 8" t="1"/>
		<b id="8" c="8 9" t="1"/>
		<b id="9" c="9 10" t="1"/>
		<b id="10" c="5 10" t="1"/>
		<b id="11" c="4 11" t="ar"/>
		<b id="12" c="11 12" t="ar"/>
		<b id="13" c="12 13" t="ar"/>
		<b id="14" c="13 14" t="ar"/>
		<b id="15" c="14 15" t="ar"/>
		<b id="16" c="15 16" t="1"/>
		<b id="17" c="15 17" t="ar"/>
		<b id="18" c="17 18" t="ar"/>
		<b id="19" c="2 18" t="ar"/>
		<b id="20" c="12 18" t="ar"/>
		<b id="21" c="1 19" t="1"/>
		<b id="22" c="1 20" t="1"/>
		<b id="23" c="1 21" t="1"/>
		<b id="24" c="3 22" t="1"/>
		<b id="25" c="6 23" t="1"/>
		<b id="26" c="6 24" t="1"/>
		<b id="27" c="7 25" t="1"/>
		<b id="28" c="7 26" t="1"/>
		<b id="29" c="9 27" t="1"/>
		<b id="30" c="9 28" t="1"/>
		<b id="31" c="10 29" t="1"/>
		<b id="32" c="10 30" t="1"/>
		<b id="33" c="13 31" t="1"/>
		<b id="34" c="14 32" t="1"/>
		<b id="35" c="17 33" t="1"/>
	</bonds>
	<geometry>
		<g u="A" t="cart/3d">#33,3:0.9711,0.0857,0.4565;2.4510,-0.0359,0.2717;3.0772,-1.2402,0.4089;4.4871,-1.3465,0.2339;5.1551,-2.5161,0.4334;6.5729,-2.5859,0.1371;6.7811,-3.2763,-1.2148;6.1877,-4.5582,-1.2307;4.8104,-4.4865,-0.9516;4.5578,-3.8311,0.4151;5.2236,-0.2915,-0.0646;4.6391,0.9088,-0.1986;5.4606,2.0138,-0.5090;4.9271,3.2628,-0.6601;3.5478,3.4413,-0.5063;2.8199,5.1952,-0.7184;2.7114,2.3990,-0.2081;3.2402,1.1084,-0.0466;0.5337,-0.8796,0.6988;0.5032,0.4602,-0.4532;0.7454,0.7811,1.2638;2.4902,-2.1085,0.6632;7.0598,-3.1691,0.9254;6.9686,-1.5722,0.1159;7.8418,-3.4321,-1.4151;6.3462,-2.6513,-2.0095;4.4416,-5.5135,-0.9641;4.2959,-3.9034,-1.7323;5.0430,-4.4330,1.1920;3.4905,-3.7945,0.6184;6.5193,1.8428,-0.6215;5.5531,4.1101,-0.8954;1.6524,2.5714,-0.0964;</g>
	</geometry>
	<conformers/>
	<properties/>
</molecule>
