<?xml version="1.0" ?>
<!--MOLLI PACKAGE EXPERIMENTAL XML FORMAT-->
<molecule name="el8">
	<atoms>
		<a id="1" s="C" t="C.3" l="C"/>
		<a id="2" s="C" t="C.3" l="C"/>
		<a id="3" s="C" t="C.3" l="C"/>
		<a id="4" s="C" t="C.3" l="C"/>
		<a id="5" s="O" t="O.3" l="O"/>
		<a id="6" s="C" t="C.2" l="C"/>
		<a id="7" s="O" t="O.2" l="O"/>
		<a id="8" s="N" t="N.am" l="N"/>
		<a id="9" s="C" t="C.3" l="C"/>
		<a id="10" s="C" t="C.3" l="C"/>
		<a id="11" s="C" t="C.3" l="C"/>
		<a id="12" s="C" t="C.3" l="C"/>
		<a id="13" s="C" t="C.ar" l="C"/>
		<a id="14" s="C" t="C.ar" l="C"/>
		<a id="15" s="C" t="C.ar" l="C"/>
		<a id="16" s="C" t="C.ar" l="C"/>
		<a id="17" s="Br" t="Br" l="BR"/>
		<a id="18" s="C" t="C.ar" l="C"/>
		<a id="19" s="C" t="C.ar" l="C"/>
		<a id="20" s="C" t="C.3" l="C"/>
		<a id="21" s="H" t="H" l="H"/>
		<a id="22" s="H" t="H" l="H"/>
		<a id="23" s="H" t="H" l="H"/>
		<a id="24" s="H" t="H" l="H"/>
		<a id="25" s="H" t="H" l="H"/>
		<a id="26" s="H" t="H" l="H"/>
		<a id="27" s="H" t="H" l="H"/>
		<a id="28" s="H" t="H" l="H"/>
		<a id="29" s="H" t="H" l="H"/>
		<a id="30" s="H" t="H" l="H"/>
		<a id="31" s="H" t="H" l="H"/>
		<a id="32" s="H" t="H" l="H"/>
		<a id="33" s="H" t="H" l="H"/>
		<a id="34" s="H" t="H" l="H"/>
		<a id="35" s="H" t="H" l="H"/>
		<a id="36" s="H" t="H" l="H"/>
		<a id="37" s="H" t="H" l="H"/>
		<a id="38" s="H" t="H" l="H"/>
		<a id="39" s="H" t="H" l="H"/>
		<a id="40" s="H" t="H" l="H"/>
	</atoms>
	<bonds>
		<b id="1" c="1 2" t="1"/>
		<b id="2" c="2 3" t="1"/>
		<b id="3" c="2 4" t="1"/>
		<b id="4" c="2 5" t="1"/>
		<b id="5" c="5 6" t="1"/>
		<b id="6" c="6 7" t="2"/>
		<b id="7" c="8 9" t="1"/>
		<b id="8" c="9 10" t="1"/>
		<b id="9" c="10 11" t="1"/>
		<b id="10" c="11 12" t="1"/>
		<b id="11" c="10 12" t="1"/>
		<b id="12" c="13 14" t="ar"/>
		<b id="13" c="14 15" t="ar"/>
		<b id="14" c="15 16" t="ar"/>
		<b id="15" c="16 17" t="1"/>
		<b id="16" c="16 18" t="ar"/>
		<b id="17" c="18 19" t="ar"/>
		<b id="18" c="13 19" t="ar"/>
		<b id="19" c="12 20" t="1"/>
		<b id="20" c="8 20" t="1"/>
		<b id="21" c="6 8" t="am"/>
		<b id="22" c="12 13" t="1"/>
		<b id="23" c="1 21" t="1"/>
		<b id="24" c="1 22" t="1"/>
		<b id="25" c="1 23" t="1"/>
		<b id="26" c="3 24" t="1"/>
		<b id="27" c="3 25" t="1"/>
		<b id="28" c="3 26" t="1"/>
		<b id="29" c="4 27" t="1"/>
		<b id="30" c="4 28" t="1"/>
		<b id="31" c="4 29" t="1"/>
		<b id="32" c="9 30" t="1"/>
		<b id="33" c="9 31" t="1"/>
		<b id="34" c="10 32" t="1"/>
		<b id="35" c="11 33" t="1"/>
		<b id="36" c="11 34" t="1"/>
		<b id="37" c="14 35" t="1"/>
		<b id="38" c="15 36" t="1"/>
		<b id="39" c="18 37" t="1"/>
		<b id="40" c="19 38" t="1"/>
		<b id="41" c="20 39" t="1"/>
		<b id="42" c="20 40" t="1"/>
	</bonds>
	<geometry>
		<g u="A" t="cart/3d">#40,3:2.8996,0.3888,-1.6074;4.2903,1.0122,-1.7253;5.3474,-0.0566,-2.0019;4.3052,2.0785,-2.8222;4.6168,1.7454,-0.5216;4.6687,1.1103,0.6653;4.4844,-0.0698,0.8609;4.9661,1.9820,1.6537;5.2483,3.3920,1.4752;6.0036,3.7676,2.7282;7.1935,2.9158,3.0656;5.8715,2.6374,3.7176;5.6389,2.8606,5.1665;4.4367,3.4179,5.5923;4.1910,3.6309,6.9351;5.1607,3.2802,7.8591;4.8327,3.5738,9.7143;6.3624,2.7217,7.4610;6.5949,2.5136,6.1133;5.0479,1.5567,3.0370;2.6266,-0.0788,-2.5491;2.1660,1.1557,-1.3673;2.8926,-0.3625,-0.8228;5.1292,-0.5522,-2.9436;5.3475,-0.7946,-1.2045;6.3339,0.3988,-2.0623;4.0581,1.6293,-3.7793;5.2892,2.5349,-2.8875;3.5794,2.8551,-2.5955;4.3196,3.9714,1.3891;5.8299,3.5400,0.5615;5.9817,4.8007,3.0407;7.9717,3.3637,3.6646;7.5508,2.2200,2.3213;3.6897,3.6934,4.8625;3.2593,4.0659,7.2627;7.1061,2.4523,8.1954;7.5275,2.0731,5.7951;4.0489,1.4901,3.4873;5.5080,0.5659,3.0864;</g>
	</geometry>
	<conformers/>
	<properties/>
</molecule>
