<?xml version="1.0" ?>
<!--MOLLI PACKAGE EXPERIMENTAL XML FORMAT-->
<molecule name="el83">
	<atoms>
		<a id="1" s="C" t="C.3" l="C"/>
		<a id="2" s="O" t="O.3" l="O"/>
		<a id="3" s="C" t="C.ar" l="C"/>
		<a id="4" s="C" t="C.ar" l="C"/>
		<a id="5" s="C" t="C.ar" l="C"/>
		<a id="6" s="C" t="C.3" l="C"/>
		<a id="7" s="C" t="C.3" l="C"/>
		<a id="8" s="C" t="C.3" l="C"/>
		<a id="9" s="C" t="C.ar" l="C"/>
		<a id="10" s="Br" t="Br" l="BR"/>
		<a id="11" s="C" t="C.ar" l="C"/>
		<a id="12" s="C" t="C.ar" l="C"/>
		<a id="13" s="C" t="C.3" l="C"/>
		<a id="14" s="C" t="C.3" l="C"/>
		<a id="15" s="C" t="C.3" l="C"/>
		<a id="16" s="C" t="C.3" l="C"/>
		<a id="17" s="H" t="H" l="H"/>
		<a id="18" s="H" t="H" l="H"/>
		<a id="19" s="H" t="H" l="H"/>
		<a id="20" s="H" t="H" l="H"/>
		<a id="21" s="H" t="H" l="H"/>
		<a id="22" s="H" t="H" l="H"/>
		<a id="23" s="H" t="H" l="H"/>
		<a id="24" s="H" t="H" l="H"/>
		<a id="25" s="H" t="H" l="H"/>
		<a id="26" s="H" t="H" l="H"/>
		<a id="27" s="H" t="H" l="H"/>
		<a id="28" s="H" t="H" l="H"/>
		<a id="29" s="H" t="H" l="H"/>
		<a id="30" s="H" t="H" l="H"/>
		<a id="31" s="H" t="H" l="H"/>
		<a id="32" s="H" t="H" l="H"/>
		<a id="33" s="H" t="H" l="H"/>
		<a id="34" s="H" t="H" l="H"/>
		<a id="35" s="H" t="H" l="H"/>
		<a id="36" s="H" t="H" l="H"/>
		<a id="37" s="H" t="H" l="H"/>
	</atoms>
	<bonds>
		<b id="1" c="1 2" t="1"/>
		<b id="2" c="2 3" t="1"/>
		<b id="3" c="3 4" t="ar"/>
		<b id="4" c="4 5" t="ar"/>
		<b id="5" c="5 6" t="1"/>
		<b id="6" c="6 7" t="1"/>
		<b id="7" c="6 8" t="1"/>
		<b id="8" c="5 9" t="ar"/>
		<b id="9" c="9 10" t="1"/>
		<b id="10" c="9 11" t="ar"/>
		<b id="11" c="11 12" t="ar"/>
		<b id="12" c="3 12" t="ar"/>
		<b id="13" c="12 13" t="1"/>
		<b id="14" c="13 14" t="1"/>
		<b id="15" c="13 15" t="1"/>
		<b id="16" c="13 16" t="1"/>
		<b id="17" c="1 17" t="1"/>
		<b id="18" c="1 18" t="1"/>
		<b id="19" c="1 19" t="1"/>
		<b id="20" c="4 20" t="1"/>
		<b id="21" c="6 21" t="1"/>
		<b id="22" c="7 22" t="1"/>
		<b id="23" c="7 23" t="1"/>
		<b id="24" c="7 24" t="1"/>
		<b id="25" c="8 25" t="1"/>
		<b id="26" c="8 26" t="1"/>
		<b id="27" c="8 27" t="1"/>
		<b id="28" c="11 28" t="1"/>
		<b id="29" c="14 29" t="1"/>
		<b id="30" c="14 30" t="1"/>
		<b id="31" c="14 31" t="1"/>
		<b id="32" c="15 32" t="1"/>
		<b id="33" c="15 33" t="1"/>
		<b id="34" c="15 34" t="1"/>
		<b id="35" c="16 35" t="1"/>
		<b id="36" c="16 36" t="1"/>
		<b id="37" c="16 37" t="1"/>
	</bonds>
	<geometry>
		<g u="A" t="cart/3d">#37,3:1.3885,-0.4434,0.8461;2.4347,0.0988,0.0798;3.0766,1.2229,0.5154;2.7137,1.8690,1.6898;3.3569,3.0104,2.1524;2.9160,3.7117,3.4122;1.8741,4.7767,3.0526;2.3666,2.7632,4.4764;4.3891,3.4900,1.3632;5.3552,5.0696,1.8505;4.7668,2.8632,0.1875;4.1346,1.7210,-0.2719;4.5587,1.0437,-1.5675;4.9980,-0.3967,-1.2708;3.3775,1.0464,-2.5476;5.7321,1.7588,-2.2460;1.0603,-1.3292,0.3031;0.5479,0.2524,0.9360;1.7278,-0.7401,1.8438;1.8988,1.4802,2.2757;3.7872,4.2192,3.8399;1.0039,4.3142,2.5903;2.2901,5.5008,2.3559;1.5542,5.3056,3.9472;1.3886,2.3767,4.1984;2.2558,3.2983,5.4167;3.0447,1.9274,4.6349;5.5802,3.2945,-0.3704;4.1789,-0.9749,-0.8576;5.8215,-0.3989,-0.5595;5.3320,-0.8777,-2.1874;2.5403,0.4852,-2.1468;3.6772,0.5942,-3.4903;3.0533,2.0671,-2.7415;6.6123,1.7693,-1.6072;5.4714,2.7792,-2.5172;5.9905,1.2278,-3.1597;</g>
	</geometry>
	<conformers/>
	<properties/>
</molecule>
