<?xml version="1.0" ?>
<!--MOLLI PACKAGE EXPERIMENTAL XML FORMAT-->
<molecule name="el84">
	<atoms>
		<a id="1" s="C" t="C.3" l="C"/>
		<a id="2" s="O" t="O.3" l="O"/>
		<a id="3" s="C" t="C.ar" l="C"/>
		<a id="4" s="C" t="C.ar" l="C"/>
		<a id="5" s="C" t="C.ar" l="C"/>
		<a id="6" s="C" t="C.3" l="C"/>
		<a id="7" s="C" t="C.3" l="C"/>
		<a id="8" s="C" t="C.3" l="C"/>
		<a id="9" s="C" t="C.ar" l="C"/>
		<a id="10" s="Br" t="Br" l="BR"/>
		<a id="11" s="C" t="C.ar" l="C"/>
		<a id="12" s="C" t="C.ar" l="C"/>
		<a id="13" s="C" t="C.3" l="C"/>
		<a id="14" s="H" t="H" l="H"/>
		<a id="15" s="H" t="H" l="H"/>
		<a id="16" s="H" t="H" l="H"/>
		<a id="17" s="H" t="H" l="H"/>
		<a id="18" s="H" t="H" l="H"/>
		<a id="19" s="H" t="H" l="H"/>
		<a id="20" s="H" t="H" l="H"/>
		<a id="21" s="H" t="H" l="H"/>
		<a id="22" s="H" t="H" l="H"/>
		<a id="23" s="H" t="H" l="H"/>
		<a id="24" s="H" t="H" l="H"/>
		<a id="25" s="H" t="H" l="H"/>
		<a id="26" s="H" t="H" l="H"/>
		<a id="27" s="H" t="H" l="H"/>
		<a id="28" s="H" t="H" l="H"/>
	</atoms>
	<bonds>
		<b id="1" c="1 2" t="1"/>
		<b id="2" c="2 3" t="1"/>
		<b id="3" c="3 4" t="ar"/>
		<b id="4" c="4 5" t="ar"/>
		<b id="5" c="5 6" t="1"/>
		<b id="6" c="6 7" t="1"/>
		<b id="7" c="6 8" t="1"/>
		<b id="8" c="5 9" t="ar"/>
		<b id="9" c="9 10" t="1"/>
		<b id="10" c="9 11" t="ar"/>
		<b id="11" c="11 12" t="ar"/>
		<b id="12" c="3 12" t="ar"/>
		<b id="13" c="12 13" t="1"/>
		<b id="14" c="1 14" t="1"/>
		<b id="15" c="1 15" t="1"/>
		<b id="16" c="1 16" t="1"/>
		<b id="17" c="4 17" t="1"/>
		<b id="18" c="6 18" t="1"/>
		<b id="19" c="7 19" t="1"/>
		<b id="20" c="7 20" t="1"/>
		<b id="21" c="7 21" t="1"/>
		<b id="22" c="8 22" t="1"/>
		<b id="23" c="8 23" t="1"/>
		<b id="24" c="8 24" t="1"/>
		<b id="25" c="11 25" t="1"/>
		<b id="26" c="13 26" t="1"/>
		<b id="27" c="13 27" t="1"/>
		<b id="28" c="13 28" t="1"/>
	</bonds>
	<geometry>
		<g u="A" t="cart/3d">#28,3:1.1767,0.0229,0.2384;2.5789,0.1979,0.2528;3.1821,0.7921,-0.8291;4.3092,0.1301,-1.3076;5.0649,0.5956,-2.3720;6.3047,-0.1232,-2.8393;7.5107,0.4120,-2.0597;6.2071,-1.6412,-2.7019;4.6338,1.7833,-2.9540;5.5707,2.5588,-4.4294;3.5294,2.4676,-2.4836;2.7846,2.0016,-1.4096;1.6458,2.8334,-0.8974;0.9821,-0.8742,0.8275;0.8029,-0.1303,-0.7768;0.6519,0.8641,0.6984;4.5865,-0.7812,-0.8034;6.4549,0.1053,-3.8998;7.3786,0.2347,-0.9942;7.6280,1.4815,-2.2196;8.4198,-0.0863,-2.3873;6.2376,-1.9465,-1.6590;7.0477,-2.1071,-3.2112;5.2864,-2.0095,-3.1491;3.2466,3.3980,-2.9542;1.7135,3.8408,-1.3012;1.6803,2.8951,0.1886;0.6829,2.4169,-1.1923;</g>
	</geometry>
	<conformers/>
	<properties/>
</molecule>
