<?xml version="1.0" ?>
<!--MOLLI PACKAGE EXPERIMENTAL XML FORMAT-->
<molecule name="el90">
	<atoms>
		<a id="1" s="C" t="C.3" l="C"/>
		<a id="2" s="C" t="C.ar" l="C"/>
		<a id="3" s="C" t="C.ar" l="C"/>
		<a id="4" s="F" t="F" l="F"/>
		<a id="5" s="N" t="N.ar" l="N"/>
		<a id="6" s="C" t="C.ar" l="C"/>
		<a id="7" s="Br" t="Br" l="BR"/>
		<a id="8" s="C" t="C.ar" l="C"/>
		<a id="9" s="O" t="O.3" l="O"/>
		<a id="10" s="C" t="C.3" l="C"/>
		<a id="11" s="C" t="C.ar" l="C"/>
		<a id="12" s="C" t="C.ar" l="C"/>
		<a id="13" s="C" t="C.ar" l="C"/>
		<a id="14" s="C" t="C.ar" l="C"/>
		<a id="15" s="C" t="C.ar" l="C"/>
		<a id="16" s="C" t="C.ar" l="C"/>
		<a id="17" s="C" t="C.ar" l="C"/>
		<a id="18" s="C" t="C.2" l="C"/>
		<a id="19" s="O" t="O.2" l="O"/>
		<a id="20" s="O" t="O.3" l="O"/>
		<a id="21" s="C" t="C.ar" l="C"/>
		<a id="22" s="C" t="C.ar" l="C"/>
		<a id="23" s="C" t="C.ar" l="C"/>
		<a id="24" s="C" t="C.ar" l="C"/>
		<a id="25" s="C" t="C.ar" l="C"/>
		<a id="26" s="C" t="C.ar" l="C"/>
		<a id="27" s="H" t="H" l="H"/>
		<a id="28" s="H" t="H" l="H"/>
		<a id="29" s="H" t="H" l="H"/>
		<a id="30" s="H" t="H" l="H"/>
		<a id="31" s="H" t="H" l="H"/>
		<a id="32" s="H" t="H" l="H"/>
		<a id="33" s="H" t="H" l="H"/>
		<a id="34" s="H" t="H" l="H"/>
		<a id="35" s="H" t="H" l="H"/>
		<a id="36" s="H" t="H" l="H"/>
		<a id="37" s="H" t="H" l="H"/>
		<a id="38" s="H" t="H" l="H"/>
		<a id="39" s="H" t="H" l="H"/>
		<a id="40" s="H" t="H" l="H"/>
		<a id="41" s="H" t="H" l="H"/>
	</atoms>
	<bonds>
		<b id="1" c="1 2" t="1"/>
		<b id="2" c="2 3" t="ar"/>
		<b id="3" c="3 4" t="1"/>
		<b id="4" c="3 5" t="ar"/>
		<b id="5" c="5 6" t="ar"/>
		<b id="6" c="6 7" t="1"/>
		<b id="7" c="6 8" t="ar"/>
		<b id="8" c="8 9" t="1"/>
		<b id="9" c="9 10" t="1"/>
		<b id="10" c="10 11" t="1"/>
		<b id="11" c="11 12" t="ar"/>
		<b id="12" c="12 13" t="ar"/>
		<b id="13" c="13 14" t="ar"/>
		<b id="14" c="14 15" t="ar"/>
		<b id="15" c="15 16" t="ar"/>
		<b id="16" c="11 16" t="ar"/>
		<b id="17" c="8 17" t="ar"/>
		<b id="18" c="2 17" t="ar"/>
		<b id="19" c="17 18" t="1"/>
		<b id="20" c="18 19" t="2"/>
		<b id="21" c="18 20" t="1"/>
		<b id="22" c="20 21" t="1"/>
		<b id="23" c="21 22" t="ar"/>
		<b id="24" c="22 23" t="ar"/>
		<b id="25" c="23 24" t="ar"/>
		<b id="26" c="24 25" t="ar"/>
		<b id="27" c="25 26" t="ar"/>
		<b id="28" c="21 26" t="ar"/>
		<b id="29" c="1 27" t="1"/>
		<b id="30" c="1 28" t="1"/>
		<b id="31" c="1 29" t="1"/>
		<b id="32" c="10 30" t="1"/>
		<b id="33" c="10 31" t="1"/>
		<b id="34" c="12 32" t="1"/>
		<b id="35" c="13 33" t="1"/>
		<b id="36" c="14 34" t="1"/>
		<b id="37" c="15 35" t="1"/>
		<b id="38" c="16 36" t="1"/>
		<b id="39" c="22 37" t="1"/>
		<b id="40" c="23 38" t="1"/>
		<b id="41" c="24 39" t="1"/>
		<b id="42" c="25 40" t="1"/>
		<b id="43" c="26 41" t="1"/>
	</bonds>
	<geometry>
		<g u="A" t="cart/3d">#41,3:1.1989,-0.1583,0.4079;2.6265,-0.2107,-0.0251;3.2436,-1.3818,-0.4683;2.5498,-2.5236,-0.5202;4.4897,-1.4591,-0.8516;5.2574,-0.3920,-0.8294;7.0429,-0.7515,-1.3637;4.7953,0.8616,-0.4212;5.4598,2.0256,-0.2993;6.4905,2.4173,-1.2094;6.4780,3.9238,-1.2532;7.6282,4.6518,-0.9814;7.5989,6.0356,-1.0006;6.4169,6.7021,-1.2777;5.2662,5.9807,-1.5470;5.2964,4.5972,-1.5415;3.4461,0.9084,-0.0211;2.9322,2.2772,0.3372;2.4883,3.0424,-0.4733;3.0493,2.5032,1.6423;2.7927,3.7970,2.1109;1.8044,3.9756,3.0656;1.5715,5.2458,3.5632;2.3153,6.3214,3.1064;3.3023,6.1287,2.1542;3.5484,4.8639,1.6508;0.6849,-1.0775,0.1406;0.6959,0.6873,-0.0578;1.1454,-0.0300,1.4891;6.2891,2.0074,-2.2062;7.4635,2.0548,-0.8628;8.5495,4.1340,-0.7572;8.4993,6.5936,-0.7921;6.3930,7.7818,-1.2826;4.3394,6.4924,-1.7605;4.3937,4.0399,-1.7460;1.2310,3.1278,3.4078;0.8025,5.3943,4.3060;2.1247,7.3106,3.4945;3.8877,6.9629,1.7978;4.3170,4.6988,0.9109;</g>
	</geometry>
	<conformers/>
	<properties/>
</molecule>
