<?xml version="1.0" ?>
<!--MOLLI PACKAGE EXPERIMENTAL XML FORMAT-->
<molecule name="el91">
	<atoms>
		<a id="1" s="C" t="C.3" l="C"/>
		<a id="2" s="N" t="N.pl3" l="N"/>
		<a id="3" s="C" t="C.ar" l="C"/>
		<a id="4" s="C" t="C.ar" l="C"/>
		<a id="5" s="C" t="C.ar" l="C"/>
		<a id="6" s="C" t="C.ar" l="C"/>
		<a id="7" s="C" t="C.ar" l="C"/>
		<a id="8" s="Br" t="Br" l="BR"/>
		<a id="9" s="C" t="C.ar" l="C"/>
		<a id="10" s="C" t="C.ar" l="C"/>
		<a id="11" s="N" t="N.ar" l="N"/>
		<a id="12" s="C" t="C.ar" l="C"/>
		<a id="13" s="N" t="N.ar" l="N"/>
		<a id="14" s="C" t="C.ar" l="C"/>
		<a id="15" s="N" t="N.pl3" l="N"/>
		<a id="16" s="C" t="C.3" l="C"/>
		<a id="17" s="C" t="C.3" l="C"/>
		<a id="18" s="C" t="C.ar" l="C"/>
		<a id="19" s="C" t="C.ar" l="C"/>
		<a id="20" s="C" t="C.ar" l="C"/>
		<a id="21" s="C" t="C.ar" l="C"/>
		<a id="22" s="C" t="C.ar" l="C"/>
		<a id="23" s="C" t="C.ar" l="C"/>
		<a id="24" s="C" t="C.3" l="C"/>
		<a id="25" s="N" t="N.ar" l="N"/>
		<a id="26" s="H" t="H" l="H"/>
		<a id="27" s="H" t="H" l="H"/>
		<a id="28" s="H" t="H" l="H"/>
		<a id="29" s="H" t="H" l="H"/>
		<a id="30" s="H" t="H" l="H"/>
		<a id="31" s="H" t="H" l="H"/>
		<a id="32" s="H" t="H" l="H"/>
		<a id="33" s="H" t="H" l="H"/>
		<a id="34" s="H" t="H" l="H"/>
		<a id="35" s="H" t="H" l="H"/>
		<a id="36" s="H" t="H" l="H"/>
		<a id="37" s="H" t="H" l="H"/>
		<a id="38" s="H" t="H" l="H"/>
		<a id="39" s="H" t="H" l="H"/>
		<a id="40" s="H" t="H" l="H"/>
		<a id="41" s="H" t="H" l="H"/>
		<a id="42" s="H" t="H" l="H"/>
		<a id="43" s="H" t="H" l="H"/>
	</atoms>
	<bonds>
		<b id="1" c="1 2" t="1"/>
		<b id="2" c="2 3" t="1"/>
		<b id="3" c="3 4" t="ar"/>
		<b id="4" c="4 5" t="ar"/>
		<b id="5" c="5 6" t="ar"/>
		<b id="6" c="6 7" t="ar"/>
		<b id="7" c="7 8" t="1"/>
		<b id="8" c="7 9" t="ar"/>
		<b id="9" c="3 9" t="ar"/>
		<b id="10" c="2 10" t="1"/>
		<b id="11" c="10 11" t="ar"/>
		<b id="12" c="11 12" t="ar"/>
		<b id="13" c="12 13" t="ar"/>
		<b id="14" c="13 14" t="ar"/>
		<b id="15" c="14 15" t="1"/>
		<b id="16" c="15 16" t="1"/>
		<b id="17" c="16 17" t="1"/>
		<b id="18" c="17 18" t="1"/>
		<b id="19" c="18 19" t="ar"/>
		<b id="20" c="19 20" t="ar"/>
		<b id="21" c="20 21" t="ar"/>
		<b id="22" c="21 22" t="ar"/>
		<b id="23" c="22 23" t="ar"/>
		<b id="24" c="18 23" t="ar"/>
		<b id="25" c="23 24" t="1"/>
		<b id="26" c="15 24" t="1"/>
		<b id="27" c="14 25" t="ar"/>
		<b id="28" c="10 25" t="ar"/>
		<b id="29" c="1 26" t="1"/>
		<b id="30" c="1 27" t="1"/>
		<b id="31" c="1 28" t="1"/>
		<b id="32" c="4 29" t="1"/>
		<b id="33" c="5 30" t="1"/>
		<b id="34" c="6 31" t="1"/>
		<b id="35" c="9 32" t="1"/>
		<b id="36" c="12 33" t="1"/>
		<b id="37" c="16 34" t="1"/>
		<b id="38" c="16 35" t="1"/>
		<b id="39" c="17 36" t="1"/>
		<b id="40" c="17 37" t="1"/>
		<b id="41" c="19 38" t="1"/>
		<b id="42" c="20 39" t="1"/>
		<b id="43" c="21 40" t="1"/>
		<b id="44" c="22 41" t="1"/>
		<b id="45" c="24 42" t="1"/>
		<b id="46" c="24 43" t="1"/>
	</bonds>
	<geometry>
		<g u="A" t="cart/3d">#43,3:1.6433,-0.4192,0.8425;2.5190,0.1402,-0.1669;2.6646,-0.5359,-1.3784;2.4717,-1.9179,-1.4456;2.5939,-2.5895,-2.6481;2.9166,-1.9155,-3.8128;3.0939,-0.5456,-3.7390;3.5357,0.4280,-5.3182;2.9575,0.1518,-2.5569;3.2250,1.2623,0.1505;2.9277,1.8572,1.3173;3.6294,2.9435,1.5724;4.5748,3.4674,0.8285;4.8236,2.7882,-0.3095;5.7781,3.2555,-1.1155;6.5063,4.4491,-0.7341;7.3617,4.9535,-1.8943;8.2481,3.8376,-2.3560;9.6121,3.9652,-2.5571;10.3578,2.8703,-2.9607;9.7438,1.6445,-3.1536;8.3816,1.5085,-2.9437;7.6316,2.6033,-2.5479;6.1507,2.5360,-2.3195;4.1617,1.6877,-0.6848;0.7468,-0.8180,0.3690;1.3769,0.3808,1.5296;2.1418,-1.2102,1.4088;2.2408,-2.4794,-0.5552;2.4443,-3.6582,-2.6780;3.0241,-2.4375,-4.7503;3.0823,1.2202,-2.5407;3.3991,3.4567,2.4989;7.1494,4.2216,0.1255;5.7848,5.2063,-0.4140;7.9456,5.8152,-1.5710;6.7104,5.2694,-2.7146;10.0904,4.9214,-2.4008;11.4209,2.9730,-3.1203;10.3279,0.7910,-3.4638;7.9004,0.5525,-3.0900;5.8074,1.5055,-2.2123;5.6315,2.9783,-3.1837;</g>
	</geometry>
	<conformers/>
	<properties/>
</molecule>
