<?xml version="1.0" ?>
<!--MOLLI PACKAGE EXPERIMENTAL XML FORMAT-->
<molecule name="el94">
	<atoms>
		<a id="1" s="O" t="O.3" l="O"/>
		<a id="2" s="C" t="C.ar" l="C"/>
		<a id="3" s="C" t="C.ar" l="C"/>
		<a id="4" s="C" t="C.ar" l="C"/>
		<a id="5" s="C" t="C.ar" l="C"/>
		<a id="6" s="C" t="C.ar" l="C"/>
		<a id="7" s="Br" t="Br" l="BR"/>
		<a id="8" s="C" t="C.ar" l="C"/>
		<a id="9" s="H" t="H" l="H"/>
		<a id="10" s="H" t="H" l="H"/>
		<a id="11" s="H" t="H" l="H"/>
		<a id="12" s="H" t="H" l="H"/>
		<a id="13" s="H" t="H" l="H"/>
	</atoms>
	<bonds>
		<b id="1" c="1 2" t="1"/>
		<b id="2" c="2 3" t="ar"/>
		<b id="3" c="3 4" t="ar"/>
		<b id="4" c="4 5" t="ar"/>
		<b id="5" c="5 6" t="ar"/>
		<b id="6" c="6 7" t="1"/>
		<b id="7" c="6 8" t="ar"/>
		<b id="8" c="2 8" t="ar"/>
		<b id="9" c="1 9" t="1"/>
		<b id="10" c="3 10" t="1"/>
		<b id="11" c="4 11" t="1"/>
		<b id="12" c="5 12" t="1"/>
		<b id="13" c="8 13" t="1"/>
	</bonds>
	<geometry>
		<g u="A" t="cart/3d">#13,3:-3.1352,1.5522,0.0060;-2.2692,0.5107,0.0020;-2.6940,-0.8143,-0.0006;-1.7660,-1.8403,-0.0047;-0.4097,-1.5673,-0.0064;-0.0022,-0.2436,-0.0040;1.8600,0.1557,-0.0058;-0.9068,0.7989,0.0002;-4.0451,1.2304,0.0063;-3.7523,-1.0377,0.0005;-2.1032,-2.8656,-0.0066;0.3174,-2.3635,-0.0094;-0.5858,1.8280,0.0021;</g>
	</geometry>
	<conformers/>
	<properties/>
</molecule>
