<?xml version="1.0" ?>
<!--MOLLI PACKAGE EXPERIMENTAL XML FORMAT-->
<molecule name="el100">
	<atoms>
		<a id="1" s="C" t="C.3" l="C"/>
		<a id="2" s="C" t="C.3" l="C"/>
		<a id="3" s="C" t="C.3" l="C"/>
		<a id="4" s="C" t="C.3" l="C"/>
		<a id="5" s="O" t="O.3" l="O"/>
		<a id="6" s="C" t="C.2" l="C"/>
		<a id="7" s="O" t="O.2" l="O"/>
		<a id="8" s="N" t="N.am" l="N"/>
		<a id="9" s="C" t="C.3" l="C"/>
		<a id="10" s="C" t="C.3" l="C"/>
		<a id="11" s="C" t="C.3" l="C"/>
		<a id="12" s="C" t="C.3" l="C"/>
		<a id="13" s="N" t="N.ar" l="N"/>
		<a id="14" s="C" t="C.ar" l="C"/>
		<a id="15" s="N" t="N.ar" l="N"/>
		<a id="16" s="C" t="C.ar" l="C"/>
		<a id="17" s="C" t="C.ar" l="C"/>
		<a id="18" s="N" t="N.ar" l="N"/>
		<a id="19" s="C" t="C.ar" l="C"/>
		<a id="20" s="Br" t="Br" l="BR"/>
		<a id="21" s="C" t="C.ar" l="C"/>
		<a id="22" s="C" t="C.ar" l="C"/>
		<a id="23" s="C" t="C.3" l="C"/>
		<a id="24" s="C" t="C.3" l="C"/>
		<a id="25" s="H" t="H" l="H"/>
		<a id="26" s="H" t="H" l="H"/>
		<a id="27" s="H" t="H" l="H"/>
		<a id="28" s="H" t="H" l="H"/>
		<a id="29" s="H" t="H" l="H"/>
		<a id="30" s="H" t="H" l="H"/>
		<a id="31" s="H" t="H" l="H"/>
		<a id="32" s="H" t="H" l="H"/>
		<a id="33" s="H" t="H" l="H"/>
		<a id="34" s="H" t="H" l="H"/>
		<a id="35" s="H" t="H" l="H"/>
		<a id="36" s="H" t="H" l="H"/>
		<a id="37" s="H" t="H" l="H"/>
		<a id="38" s="H" t="H" l="H"/>
		<a id="39" s="H" t="H" l="H"/>
		<a id="40" s="H" t="H" l="H"/>
		<a id="41" s="H" t="H" l="H"/>
		<a id="42" s="H" t="H" l="H"/>
		<a id="43" s="H" t="H" l="H"/>
		<a id="44" s="H" t="H" l="H"/>
		<a id="45" s="H" t="H" l="H"/>
		<a id="46" s="H" t="H" l="H"/>
		<a id="47" s="H" t="H" l="H"/>
	</atoms>
	<bonds>
		<b id="1" c="1 2" t="1"/>
		<b id="2" c="2 3" t="1"/>
		<b id="3" c="2 4" t="1"/>
		<b id="4" c="2 5" t="1"/>
		<b id="5" c="5 6" t="1"/>
		<b id="6" c="6 7" t="2"/>
		<b id="7" c="6 8" t="am"/>
		<b id="8" c="8 9" t="1"/>
		<b id="9" c="9 10" t="1"/>
		<b id="10" c="10 11" t="1"/>
		<b id="11" c="11 12" t="1"/>
		<b id="12" c="12 13" t="1"/>
		<b id="13" c="13 14" t="ar"/>
		<b id="14" c="14 15" t="ar"/>
		<b id="15" c="15 16" t="ar"/>
		<b id="16" c="16 17" t="ar"/>
		<b id="17" c="17 18" t="ar"/>
		<b id="18" c="18 19" t="ar"/>
		<b id="19" c="19 20" t="1"/>
		<b id="20" c="19 21" t="ar"/>
		<b id="21" c="21 22" t="ar"/>
		<b id="22" c="16 22" t="ar"/>
		<b id="23" c="13 22" t="ar"/>
		<b id="24" c="11 23" t="1"/>
		<b id="25" c="23 24" t="1"/>
		<b id="26" c="8 24" t="1"/>
		<b id="27" c="1 25" t="1"/>
		<b id="28" c="1 26" t="1"/>
		<b id="29" c="1 27" t="1"/>
		<b id="30" c="3 28" t="1"/>
		<b id="31" c="3 29" t="1"/>
		<b id="32" c="3 30" t="1"/>
		<b id="33" c="4 31" t="1"/>
		<b id="34" c="4 32" t="1"/>
		<b id="35" c="4 33" t="1"/>
		<b id="36" c="9 34" t="1"/>
		<b id="37" c="9 35" t="1"/>
		<b id="38" c="10 36" t="1"/>
		<b id="39" c="10 37" t="1"/>
		<b id="40" c="11 38" t="1"/>
		<b id="41" c="12 39" t="1"/>
		<b id="42" c="12 40" t="1"/>
		<b id="43" c="14 41" t="1"/>
		<b id="44" c="17 42" t="1"/>
		<b id="45" c="21 43" t="1"/>
		<b id="46" c="23 44" t="1"/>
		<b id="47" c="23 45" t="1"/>
		<b id="48" c="24 46" t="1"/>
		<b id="49" c="24 47" t="1"/>
	</bonds>
	<geometry>
		<g u="A" t="cart/3d">#47,3:4.3646,-1.0372,1.3119;3.1079,-0.1817,1.1573;2.2232,-0.7035,0.0255;2.3235,-0.1381,2.4699;3.4639,1.2026,0.9198;4.1362,1.5442,-0.1931;4.5544,0.7804,-1.0329;4.2855,2.8909,-0.2872;4.9902,3.4583,-1.4129;6.2368,4.2109,-0.9488;5.9119,5.2537,0.1274;5.1723,6.4779,-0.4417;5.9858,7.2001,-1.3835;7.0678,7.9827,-1.0884;7.6659,8.4819,-2.1215;6.9627,8.0187,-3.2019;7.1173,8.2149,-4.5692;6.2862,7.6542,-5.4220;5.2962,6.9031,-4.9757;4.1740,6.1692,-6.3249;5.0166,6.6185,-3.6519;5.8918,7.1999,-2.7465;5.1089,4.5924,1.2533;3.8853,3.8428,0.7201;4.0841,-2.0553,1.5665;4.9960,-0.6363,2.1022;4.9260,-1.0462,0.3819;1.8798,-1.7063,0.2626;2.7828,-0.7316,-0.9052;1.3590,-0.0547,-0.1028;1.9983,-1.1381,2.7401;1.4510,0.5014,2.3618;2.9477,0.2594,3.2663;4.3101,4.1261,-1.9537;5.2673,2.6380,-2.0768;6.7172,4.6832,-1.8075;6.9403,3.4894,-0.5296;6.8576,5.6191,0.5462;4.9095,7.1522,0.3804;4.2543,6.1797,-0.9488;7.3724,8.1650,-0.0756;7.9061,8.8233,-4.9846;4.1803,5.9972,-3.3751;4.7888,5.3396,1.9815;5.7558,3.8772,1.7645;3.1683,4.5474,0.2806;3.3900,3.3102,1.5304;</g>
	</geometry>
	<conformers/>
	<properties/>
</molecule>
