<?xml version="1.0" ?>
<!--MOLLI PACKAGE EXPERIMENTAL XML FORMAT-->
<molecule name="nuc1684">
	<atoms>
		<a id="1" s="N" t="N.pl3" l="N"/>
		<a id="2" s="C" t="C.ar" l="C"/>
		<a id="3" s="C" t="C.ar" l="C"/>
		<a id="4" s="C" t="C.ar" l="C"/>
		<a id="5" s="C" t="C.ar" l="C"/>
		<a id="6" s="C" t="C.ar" l="C"/>
		<a id="7" s="C" t="C.ar" l="C"/>
		<a id="8" s="C" t="C.ar" l="C"/>
		<a id="9" s="N" t="N.ar" l="N"/>
		<a id="10" s="N" t="N.ar" l="N"/>
		<a id="11" s="N" t="N.ar" l="N"/>
		<a id="12" s="C" t="C.3" l="C"/>
		<a id="13" s="C" t="C.3" l="C"/>
		<a id="14" s="C" t="C.3" l="C"/>
		<a id="15" s="C" t="C.3" l="C"/>
		<a id="16" s="C" t="C.3" l="C"/>
		<a id="17" s="C" t="C.3" l="C"/>
		<a id="18" s="C" t="C.ar" l="C"/>
		<a id="19" s="C" t="C.ar" l="C"/>
		<a id="20" s="C" t="C.ar" l="C"/>
		<a id="21" s="C" t="C.ar" l="C"/>
		<a id="22" s="N" t="N.ar" l="N"/>
		<a id="23" s="H" t="H" l="H"/>
		<a id="24" s="H" t="H" l="H"/>
		<a id="25" s="H" t="H" l="H"/>
		<a id="26" s="H" t="H" l="H"/>
		<a id="27" s="H" t="H" l="H"/>
		<a id="28" s="H" t="H" l="H"/>
		<a id="29" s="H" t="H" l="H"/>
		<a id="30" s="H" t="H" l="H"/>
		<a id="31" s="H" t="H" l="H"/>
		<a id="32" s="H" t="H" l="H"/>
		<a id="33" s="H" t="H" l="H"/>
		<a id="34" s="H" t="H" l="H"/>
		<a id="35" s="H" t="H" l="H"/>
		<a id="36" s="H" t="H" l="H"/>
		<a id="37" s="H" t="H" l="H"/>
		<a id="38" s="H" t="H" l="H"/>
		<a id="39" s="H" t="H" l="H"/>
		<a id="40" s="H" t="H" l="H"/>
		<a id="41" s="H" t="H" l="H"/>
	</atoms>
	<bonds>
		<b id="1" c="1 2" t="1"/>
		<b id="2" c="2 3" t="ar"/>
		<b id="3" c="3 4" t="ar"/>
		<b id="4" c="4 5" t="1"/>
		<b id="5" c="5 6" t="ar"/>
		<b id="6" c="6 7" t="ar"/>
		<b id="7" c="7 8" t="ar"/>
		<b id="8" c="8 9" t="ar"/>
		<b id="9" c="9 10" t="ar"/>
		<b id="10" c="10 11" t="ar"/>
		<b id="11" c="11 12" t="1"/>
		<b id="12" c="12 13" t="1"/>
		<b id="13" c="13 14" t="1"/>
		<b id="14" c="14 15" t="1"/>
		<b id="15" c="15 16" t="1"/>
		<b id="16" c="16 17" t="1"/>
		<b id="17" c="12 17" t="1"/>
		<b id="18" c="11 18" t="ar"/>
		<b id="19" c="8 18" t="ar"/>
		<b id="20" c="18 19" t="ar"/>
		<b id="21" c="5 19" t="ar"/>
		<b id="22" c="4 20" t="ar"/>
		<b id="23" c="20 21" t="ar"/>
		<b id="24" c="21 22" t="ar"/>
		<b id="25" c="2 22" t="ar"/>
		<b id="26" c="1 23" t="1"/>
		<b id="27" c="1 24" t="1"/>
		<b id="28" c="3 25" t="1"/>
		<b id="29" c="6 26" t="1"/>
		<b id="30" c="7 27" t="1"/>
		<b id="31" c="12 28" t="1"/>
		<b id="32" c="13 29" t="1"/>
		<b id="33" c="13 30" t="1"/>
		<b id="34" c="14 31" t="1"/>
		<b id="35" c="14 32" t="1"/>
		<b id="36" c="15 33" t="1"/>
		<b id="37" c="15 34" t="1"/>
		<b id="38" c="16 35" t="1"/>
		<b id="39" c="16 36" t="1"/>
		<b id="40" c="17 37" t="1"/>
		<b id="41" c="17 38" t="1"/>
		<b id="42" c="19 39" t="1"/>
		<b id="43" c="20 40" t="1"/>
		<b id="44" c="21 41" t="1"/>
	</bonds>
	<geometry>
		<g u="A" t="cart/3d">#41,3:-1.2621,2.4520,-0.6840;-0.8507,1.2180,-0.2623;-1.6945,0.1037,-0.3492;-1.2095,-1.1387,0.0255;-2.0555,-2.3388,-0.0594;-2.0262,-3.2866,0.9861;-2.7860,-4.4286,0.9659;-3.6021,-4.6361,-0.1466;-4.4564,-5.6416,-0.4829;-4.9762,-5.3770,-1.6091;-4.5163,-4.2141,-2.0860;-4.9685,-3.6901,-3.3498;-6.4779,-3.4405,-3.2995;-6.9734,-2.9095,-4.6402;-6.6341,-3.8877,-5.7605;-5.1298,-4.1357,-5.8125;-4.6293,-4.6704,-4.4749;-3.6328,-3.6845,-1.1978;-2.8654,-2.5286,-1.1646;0.1121,-1.2174,0.4775;0.8602,-0.0583,0.5257;0.4040,1.1325,0.1743;-2.2494,2.6376,-0.7237;-0.6662,3.2192,-0.4213;-2.7137,0.2257,-0.6850;-1.3921,-3.0846,1.8366;-2.7631,-5.1456,1.7702;-4.4418,-2.7429,-3.5144;-6.7055,-2.7285,-2.5024;-6.9733,-4.3837,-3.0625;-6.5039,-1.9442,-4.8459;-8.0524,-2.7527,-4.5943;-6.9780,-3.4900,-6.7171;-7.1505,-4.8331,-5.5836;-4.6149,-3.2004,-6.0463;-4.8959,-4.8515,-6.6021;-3.5487,-4.8274,-4.5106;-5.1037,-5.6274,-4.2510;-2.8758,-1.8159,-1.9758;0.5418,-2.1643,0.7624;1.8863,-0.0717,0.8700;</g>
	</geometry>
	<conformers/>
	<properties/>
</molecule>
