<?xml version="1.0" ?>
<!--MOLLI PACKAGE EXPERIMENTAL XML FORMAT-->
<molecule name="nuc1691">
	<atoms>
		<a id="1" s="C" t="C.3" l="C"/>
		<a id="2" s="C" t="C.3" l="C"/>
		<a id="3" s="C" t="C.3" l="C"/>
		<a id="4" s="C" t="C.3" l="C"/>
		<a id="5" s="O" t="O.3" l="O"/>
		<a id="6" s="C" t="C.2" l="C"/>
		<a id="7" s="O" t="O.2" l="O"/>
		<a id="8" s="N" t="N.am" l="N"/>
		<a id="9" s="C" t="C.3" l="C"/>
		<a id="10" s="C" t="C.3" l="C"/>
		<a id="11" s="C" t="C.3" l="C"/>
		<a id="12" s="N" t="N.3" l="N"/>
		<a id="13" s="C" t="C.3" l="C"/>
		<a id="14" s="C" t="C.3" l="C"/>
		<a id="15" s="C" t="C.3" l="C"/>
		<a id="16" s="C" t="C.3" l="C"/>
		<a id="17" s="H" t="H" l="H"/>
		<a id="18" s="H" t="H" l="H"/>
		<a id="19" s="H" t="H" l="H"/>
		<a id="20" s="H" t="H" l="H"/>
		<a id="21" s="H" t="H" l="H"/>
		<a id="22" s="H" t="H" l="H"/>
		<a id="23" s="H" t="H" l="H"/>
		<a id="24" s="H" t="H" l="H"/>
		<a id="25" s="H" t="H" l="H"/>
		<a id="26" s="H" t="H" l="H"/>
		<a id="27" s="H" t="H" l="H"/>
		<a id="28" s="H" t="H" l="H"/>
		<a id="29" s="H" t="H" l="H"/>
		<a id="30" s="H" t="H" l="H"/>
		<a id="31" s="H" t="H" l="H"/>
		<a id="32" s="H" t="H" l="H"/>
		<a id="33" s="H" t="H" l="H"/>
		<a id="34" s="H" t="H" l="H"/>
		<a id="35" s="H" t="H" l="H"/>
		<a id="36" s="H" t="H" l="H"/>
		<a id="37" s="H" t="H" l="H"/>
		<a id="38" s="H" t="H" l="H"/>
		<a id="39" s="H" t="H" l="H"/>
		<a id="40" s="H" t="H" l="H"/>
	</atoms>
	<bonds>
		<b id="1" c="1 2" t="1"/>
		<b id="2" c="2 3" t="1"/>
		<b id="3" c="2 4" t="1"/>
		<b id="4" c="2 5" t="1"/>
		<b id="5" c="5 6" t="1"/>
		<b id="6" c="6 7" t="2"/>
		<b id="7" c="6 8" t="am"/>
		<b id="8" c="8 9" t="1"/>
		<b id="9" c="9 10" t="1"/>
		<b id="10" c="10 11" t="1"/>
		<b id="11" c="11 12" t="1"/>
		<b id="12" c="11 13" t="1"/>
		<b id="13" c="13 14" t="1"/>
		<b id="14" c="8 14" t="1"/>
		<b id="15" c="14 15" t="1"/>
		<b id="16" c="14 16" t="1"/>
		<b id="17" c="1 17" t="1"/>
		<b id="18" c="1 18" t="1"/>
		<b id="19" c="1 19" t="1"/>
		<b id="20" c="3 20" t="1"/>
		<b id="21" c="3 21" t="1"/>
		<b id="22" c="3 22" t="1"/>
		<b id="23" c="4 23" t="1"/>
		<b id="24" c="4 24" t="1"/>
		<b id="25" c="4 25" t="1"/>
		<b id="26" c="9 26" t="1"/>
		<b id="27" c="9 27" t="1"/>
		<b id="28" c="10 28" t="1"/>
		<b id="29" c="10 29" t="1"/>
		<b id="30" c="11 30" t="1"/>
		<b id="31" c="12 31" t="1"/>
		<b id="32" c="12 32" t="1"/>
		<b id="33" c="13 33" t="1"/>
		<b id="34" c="13 34" t="1"/>
		<b id="35" c="15 35" t="1"/>
		<b id="36" c="15 36" t="1"/>
		<b id="37" c="15 37" t="1"/>
		<b id="38" c="16 38" t="1"/>
		<b id="39" c="16 39" t="1"/>
		<b id="40" c="16 40" t="1"/>
	</bonds>
	<geometry>
		<g u="A" t="cart/3d">#40,3:3.7862,-1.1579,-1.8013;2.8484,-0.8711,-0.6286;2.6836,0.6330,-0.4112;1.4849,-1.5239,-0.8679;3.3283,-1.5090,0.5768;4.5095,-1.1394,1.1208;5.2606,-0.3415,0.6077;4.7196,-1.7616,2.3166;3.9975,-2.9940,2.5898;3.7419,-3.1962,4.0746;5.0738,-3.2639,4.8330;5.8704,-4.4518,4.5858;5.8533,-1.9844,4.5229;5.9790,-1.5315,3.0501;7.1316,-2.2347,2.3227;6.2874,-0.0281,3.1252;3.3632,-0.7504,-2.7153;3.9178,-2.2314,-1.9202;4.7558,-0.7015,-1.6243;2.2262,1.0814,-1.2888;3.6515,1.0952,-0.2400;2.0479,0.8169,0.4526;1.0265,-1.1099,-1.7609;0.8317,-1.3447,-0.0177;1.6017,-2.5972,-0.9938;4.5620,-3.8502,2.1911;3.0474,-2.9503,2.0601;3.1699,-4.1162,4.2176;3.1531,-2.3629,4.4596;4.8659,-3.2705,5.9113;6.0804,-4.5520,3.6005;5.3677,-5.2812,4.8821;6.8610,-2.0908,4.9241;5.3569,-1.1812,5.0705;6.9656,-3.3050,2.2389;8.0649,-2.0738,2.8545;7.2235,-1.8208,1.3213;5.4038,0.5192,3.4448;6.6000,0.3606,2.1633;7.0833,0.1361,3.8477;</g>
	</geometry>
	<conformers/>
	<properties/>
</molecule>
