<?xml version="1.0" ?>
<!--MOLLI PACKAGE EXPERIMENTAL XML FORMAT-->
<molecule name="nuc1694">
	<atoms>
		<a id="1" s="C" t="C.3" l="C"/>
		<a id="2" s="C" t="C.ar" l="C"/>
		<a id="3" s="C" t="C.ar" l="C"/>
		<a id="4" s="C" t="C.ar" l="C"/>
		<a id="5" s="C" t="C.ar" l="C"/>
		<a id="6" s="C" t="C.ar" l="C"/>
		<a id="7" s="O" t="O.2" l="O"/>
		<a id="8" s="O" t="O.2" l="O"/>
		<a id="9" s="C" t="C.2" l="C"/>
		<a id="10" s="C" t="C.2" l="C"/>
		<a id="11" s="C" t="C.3" l="C"/>
		<a id="12" s="C" t="C.3" l="C"/>
		<a id="13" s="C" t="C.3" l="C"/>
		<a id="14" s="C" t="C.3" l="C"/>
		<a id="15" s="C" t="C.3" l="C"/>
		<a id="16" s="C" t="C.3" l="C"/>
		<a id="17" s="N" t="N.3" l="N"/>
		<a id="18" s="C" t="C.3" l="C"/>
		<a id="19" s="C" t="C.3" l="C"/>
		<a id="20" s="O" t="O.3" l="O"/>
		<a id="21" s="H" t="H" l="H"/>
		<a id="22" s="H" t="H" l="H"/>
		<a id="23" s="H" t="H" l="H"/>
		<a id="24" s="H" t="H" l="H"/>
		<a id="25" s="H" t="H" l="H"/>
		<a id="26" s="H" t="H" l="H"/>
		<a id="27" s="H" t="H" l="H"/>
		<a id="28" s="H" t="H" l="H"/>
		<a id="29" s="H" t="H" l="H"/>
		<a id="30" s="H" t="H" l="H"/>
		<a id="31" s="H" t="H" l="H"/>
		<a id="32" s="H" t="H" l="H"/>
		<a id="33" s="H" t="H" l="H"/>
		<a id="34" s="H" t="H" l="H"/>
		<a id="35" s="H" t="H" l="H"/>
		<a id="36" s="H" t="H" l="H"/>
		<a id="37" s="H" t="H" l="H"/>
		<a id="38" s="H" t="H" l="H"/>
		<a id="39" s="H" t="H" l="H"/>
		<a id="40" s="H" t="H" l="H"/>
		<a id="41" s="H" t="H" l="H"/>
	</atoms>
	<bonds>
		<b id="1" c="1 2" t="1"/>
		<b id="2" c="2 3" t="ar"/>
		<b id="3" c="3 4" t="ar"/>
		<b id="4" c="4 5" t="ar"/>
		<b id="5" c="5 6" t="ar"/>
		<b id="6" c="6 7" t="2"/>
		<b id="7" c="6 8" t="ar"/>
		<b id="8" c="2 8" t="ar"/>
		<b id="9" c="5 9" t="1"/>
		<b id="10" c="9 10" t="2"/>
		<b id="11" c="10 11" t="1"/>
		<b id="12" c="11 12" t="1"/>
		<b id="13" c="12 13" t="1"/>
		<b id="14" c="14 15" t="1"/>
		<b id="15" c="14 16" t="1"/>
		<b id="16" c="16 17" t="1"/>
		<b id="17" c="13 18" t="1"/>
		<b id="18" c="18 19" t="1"/>
		<b id="19" c="10 19" t="1"/>
		<b id="20" c="19 20" t="1"/>
		<b id="21" c="4 20" t="1"/>
		<b id="22" c="13 14" t="1"/>
		<b id="23" c="1 21" t="1"/>
		<b id="24" c="1 22" t="1"/>
		<b id="25" c="1 23" t="1"/>
		<b id="26" c="3 24" t="1"/>
		<b id="27" c="9 25" t="1"/>
		<b id="28" c="11 26" t="1"/>
		<b id="29" c="11 27" t="1"/>
		<b id="30" c="12 28" t="1"/>
		<b id="31" c="12 29" t="1"/>
		<b id="32" c="13 30" t="1"/>
		<b id="33" c="14 31" t="1"/>
		<b id="34" c="15 32" t="1"/>
		<b id="35" c="15 33" t="1"/>
		<b id="36" c="15 34" t="1"/>
		<b id="37" c="16 35" t="1"/>
		<b id="38" c="16 36" t="1"/>
		<b id="39" c="17 37" t="1"/>
		<b id="40" c="17 38" t="1"/>
		<b id="41" c="18 39" t="1"/>
		<b id="42" c="18 40" t="1"/>
		<b id="43" c="19 41" t="1"/>
	</bonds>
	<geometry>
		<g u="A" t="cart/3d">#41,3:0.8869,0.0190,-0.5449;2.3547,0.0343,-0.2736;3.0483,1.1244,0.1307;4.4457,0.9958,0.3713;5.0563,-0.2213,0.1790;4.2982,-1.3632,-0.2584;4.7239,-2.4740,-0.4638;2.9400,-1.1536,-0.4599;6.4790,-0.3395,0.4268;7.1584,0.7219,0.8560;8.6014,0.7365,1.2350;8.7376,1.0606,2.7283;8.0647,2.3938,3.0781;8.1643,2.7363,4.5804;7.7062,4.1685,4.8550;9.5830,2.5739,5.1519;10.5282,3.4521,4.4804;6.5965,2.3241,2.6443;6.4741,2.0301,1.1405;5.0920,2.1005,0.7618;0.4705,1.0167,-0.4548;0.3908,-0.6464,0.1603;0.7018,-0.3685,-1.5449;2.5726,2.0774,0.2774;6.9367,-1.2993,0.2495;9.1260,1.5018,0.6545;9.0553,-0.2313,1.0193;9.7991,1.0850,2.9745;8.2745,0.2605,3.3102;8.5532,3.1946,2.5123;7.5177,2.0410,5.1283;8.3756,4.8637,4.3566;7.7417,4.3694,5.9228;6.6902,4.3427,4.5151;9.8766,1.5115,5.1268;9.5568,2.8741,6.2035;10.6808,3.1469,3.5254;11.4231,3.4323,4.9561;6.0800,3.2613,2.8475;6.0873,1.5282,3.1940;6.9676,2.8410,0.5815;</g>
	</geometry>
	<conformers/>
	<properties/>
</molecule>
