<?xml version="1.0" ?>
<!--MOLLI PACKAGE EXPERIMENTAL XML FORMAT-->
<molecule name="nuc1696">
	<atoms>
		<a id="1" s="N" t="N.am" l="N"/>
		<a id="2" s="C" t="C.2" l="C"/>
		<a id="3" s="O" t="O.2" l="O"/>
		<a id="4" s="C" t="C.ar" l="C"/>
		<a id="5" s="C" t="C.ar" l="C"/>
		<a id="6" s="N" t="N.ar" l="N"/>
		<a id="7" s="C" t="C.ar" l="C"/>
		<a id="8" s="C" t="C.ar" l="C"/>
		<a id="9" s="N" t="N.ar" l="N"/>
		<a id="10" s="H" t="H" l="H"/>
		<a id="11" s="H" t="H" l="H"/>
		<a id="12" s="H" t="H" l="H"/>
		<a id="13" s="H" t="H" l="H"/>
		<a id="14" s="H" t="H" l="H"/>
	</atoms>
	<bonds>
		<b id="1" c="1 2" t="am"/>
		<b id="2" c="2 3" t="2"/>
		<b id="3" c="2 4" t="1"/>
		<b id="4" c="4 5" t="ar"/>
		<b id="5" c="5 6" t="ar"/>
		<b id="6" c="6 7" t="ar"/>
		<b id="7" c="7 8" t="ar"/>
		<b id="8" c="8 9" t="ar"/>
		<b id="9" c="4 9" t="ar"/>
		<b id="10" c="1 10" t="1"/>
		<b id="11" c="1 11" t="1"/>
		<b id="12" c="5 12" t="1"/>
		<b id="13" c="7 13" t="1"/>
		<b id="14" c="8 14" t="1"/>
	</bonds>
	<geometry>
		<g u="A" t="cart/3d">#14,3:3.0507,1.1240,0.1675;2.5036,-0.0834,-0.0653;1.5772,-0.2851,-0.8208;3.1626,-1.1830,0.7152;2.7411,-2.5058,0.5869;3.3131,-3.4840,1.2681;4.3055,-3.1543,2.0803;4.7311,-1.8373,2.2131;4.1621,-0.8565,1.5333;2.6905,1.9401,-0.2963;3.8152,1.1945,0.8183;1.9308,-2.7662,-0.0788;4.7637,-3.9630,2.6324;5.5399,-1.5564,2.8737;</g>
	</geometry>
	<conformers/>
	<properties/>
</molecule>
