<?xml version="1.0" ?>
<!--MOLLI PACKAGE EXPERIMENTAL XML FORMAT-->
<molecule name="nuc1697">
	<atoms>
		<a id="1" s="C" t="C.3" l="C"/>
		<a id="2" s="C" t="C.ar" l="C"/>
		<a id="3" s="N" t="N.ar" l="N"/>
		<a id="4" s="C" t="C.ar" l="C"/>
		<a id="5" s="C" t="C.ar" l="C"/>
		<a id="6" s="C" t="C.ar" l="C"/>
		<a id="7" s="N" t="N.pl3" l="N"/>
		<a id="8" s="C" t="C.ar" l="C"/>
		<a id="9" s="C" t="C.ar" l="C"/>
		<a id="10" s="C" t="C.ar" l="C"/>
		<a id="11" s="S" t="S.2" l="S"/>
		<a id="12" s="H" t="H" l="H"/>
		<a id="13" s="H" t="H" l="H"/>
		<a id="14" s="H" t="H" l="H"/>
		<a id="15" s="H" t="H" l="H"/>
		<a id="16" s="H" t="H" l="H"/>
		<a id="17" s="H" t="H" l="H"/>
		<a id="18" s="H" t="H" l="H"/>
		<a id="19" s="H" t="H" l="H"/>
	</atoms>
	<bonds>
		<b id="1" c="1 2" t="1"/>
		<b id="2" c="2 3" t="ar"/>
		<b id="3" c="3 4" t="ar"/>
		<b id="4" c="4 5" t="ar"/>
		<b id="5" c="5 6" t="ar"/>
		<b id="6" c="6 7" t="1"/>
		<b id="7" c="6 8" t="ar"/>
		<b id="8" c="8 9" t="ar"/>
		<b id="9" c="9 10" t="ar"/>
		<b id="10" c="4 10" t="ar"/>
		<b id="11" c="10 11" t="ar"/>
		<b id="12" c="2 11" t="ar"/>
		<b id="13" c="1 12" t="1"/>
		<b id="14" c="1 13" t="1"/>
		<b id="15" c="1 14" t="1"/>
		<b id="16" c="5 15" t="1"/>
		<b id="17" c="7 16" t="1"/>
		<b id="18" c="7 17" t="1"/>
		<b id="19" c="8 18" t="1"/>
		<b id="20" c="9 19" t="1"/>
	</bonds>
	<geometry>
		<g u="A" t="cart/3d">#19,3:1.0373,0.1357,0.0080;2.5058,-0.0448,-0.0003;3.3587,0.9016,-0.0212;4.6487,0.4483,-0.0269;5.7849,1.2440,-0.0455;7.0378,0.6417,-0.0464;8.1810,1.4098,-0.1416;7.1378,-0.7585,-0.0236;6.0180,-1.5613,-0.0048;4.7733,-0.9575,-0.0064;3.1918,-1.6829,0.0186;0.8049,1.1972,0.0120;0.6038,-0.3357,0.8890;0.5958,-0.3290,-0.8729;5.6825,2.3174,-0.0623;8.0885,2.3783,0.1175;9.0391,0.9756,0.1565;8.1189,-1.2108,-0.0239;6.1091,-2.6361,0.0132;</g>
	</geometry>
	<conformers/>
	<properties/>
</molecule>
