<?xml version="1.0" ?>
<!--MOLLI PACKAGE EXPERIMENTAL XML FORMAT-->
<molecule name="nuc1701">
	<atoms>
		<a id="1" s="C" t="C.3" l="C"/>
		<a id="2" s="C" t="C.3" l="C"/>
		<a id="3" s="C" t="C.3" l="C"/>
		<a id="4" s="C" t="C.3" l="C"/>
		<a id="5" s="C" t="C.2" l="C"/>
		<a id="6" s="N" t="N.am" l="N"/>
		<a id="7" s="O" t="O.2" l="O"/>
		<a id="8" s="H" t="H" l="H"/>
		<a id="9" s="H" t="H" l="H"/>
		<a id="10" s="H" t="H" l="H"/>
		<a id="11" s="H" t="H" l="H"/>
		<a id="12" s="H" t="H" l="H"/>
		<a id="13" s="H" t="H" l="H"/>
		<a id="14" s="H" t="H" l="H"/>
		<a id="15" s="H" t="H" l="H"/>
		<a id="16" s="H" t="H" l="H"/>
	</atoms>
	<bonds>
		<b id="1" c="1 2" t="1"/>
		<b id="2" c="2 3" t="1"/>
		<b id="3" c="3 4" t="1"/>
		<b id="4" c="2 4" t="1"/>
		<b id="5" c="4 5" t="1"/>
		<b id="6" c="5 6" t="am"/>
		<b id="7" c="5 7" t="2"/>
		<b id="8" c="1 8" t="1"/>
		<b id="9" c="1 9" t="1"/>
		<b id="10" c="1 10" t="1"/>
		<b id="11" c="2 11" t="1"/>
		<b id="12" c="3 12" t="1"/>
		<b id="13" c="3 13" t="1"/>
		<b id="14" c="4 14" t="1"/>
		<b id="15" c="6 15" t="1"/>
		<b id="16" c="6 16" t="1"/>
	</bonds>
	<geometry>
		<g u="A" t="cart/3d">#16,3:0.8896,0.0556,0.0074;2.3933,-0.0150,0.0058;3.1833,0.7339,-1.0105;3.1386,-0.7720,-1.0791;2.3826,-1.4027,-2.1962;2.7055,-2.7033,-2.4205;1.5521,-0.8313,-2.8710;0.5601,0.9551,0.5233;0.4653,-0.8074,0.5173;0.5124,0.0792,-1.0109;2.8280,-0.1012,0.9965;4.1122,1.2055,-0.7283;2.6309,1.2504,-1.7810;4.0210,-1.3195,-0.7701;3.3527,-3.2090,-1.8441;2.2181,-3.1990,-3.1478;</g>
	</geometry>
	<conformers/>
	<properties/>
</molecule>
