<?xml version="1.0" ?>
<!--MOLLI PACKAGE EXPERIMENTAL XML FORMAT-->
<molecule name="nuc1711">
	<atoms>
		<a id="1" s="C" t="C.3" l="C"/>
		<a id="2" s="C" t="C.3" l="C"/>
		<a id="3" s="C" t="C.3" l="C"/>
		<a id="4" s="C" t="C.3" l="C"/>
		<a id="5" s="O" t="O.3" l="O"/>
		<a id="6" s="C" t="C.2" l="C"/>
		<a id="7" s="O" t="O.2" l="O"/>
		<a id="8" s="N" t="N.am" l="N"/>
		<a id="9" s="C" t="C.3" l="C"/>
		<a id="10" s="C" t="C.3" l="C"/>
		<a id="11" s="C" t="C.3" l="C"/>
		<a id="12" s="C" t="C.3" l="C"/>
		<a id="13" s="C" t="C.3" l="C"/>
		<a id="14" s="C" t="C.3" l="C"/>
		<a id="15" s="N" t="N.3" l="N"/>
		<a id="16" s="H" t="H" l="H"/>
		<a id="17" s="H" t="H" l="H"/>
		<a id="18" s="H" t="H" l="H"/>
		<a id="19" s="H" t="H" l="H"/>
		<a id="20" s="H" t="H" l="H"/>
		<a id="21" s="H" t="H" l="H"/>
		<a id="22" s="H" t="H" l="H"/>
		<a id="23" s="H" t="H" l="H"/>
		<a id="24" s="H" t="H" l="H"/>
		<a id="25" s="H" t="H" l="H"/>
		<a id="26" s="H" t="H" l="H"/>
		<a id="27" s="H" t="H" l="H"/>
		<a id="28" s="H" t="H" l="H"/>
		<a id="29" s="H" t="H" l="H"/>
		<a id="30" s="H" t="H" l="H"/>
		<a id="31" s="H" t="H" l="H"/>
		<a id="32" s="H" t="H" l="H"/>
		<a id="33" s="H" t="H" l="H"/>
		<a id="34" s="H" t="H" l="H"/>
		<a id="35" s="H" t="H" l="H"/>
		<a id="36" s="H" t="H" l="H"/>
		<a id="37" s="H" t="H" l="H"/>
	</atoms>
	<bonds>
		<b id="1" c="1 2" t="1"/>
		<b id="2" c="2 3" t="1"/>
		<b id="3" c="2 4" t="1"/>
		<b id="4" c="2 5" t="1"/>
		<b id="5" c="5 6" t="1"/>
		<b id="6" c="6 7" t="2"/>
		<b id="7" c="6 8" t="am"/>
		<b id="8" c="8 9" t="1"/>
		<b id="9" c="9 10" t="1"/>
		<b id="10" c="10 11" t="1"/>
		<b id="11" c="11 12" t="1"/>
		<b id="12" c="12 13" t="1"/>
		<b id="13" c="13 14" t="1"/>
		<b id="14" c="9 14" t="1"/>
		<b id="15" c="14 15" t="1"/>
		<b id="16" c="1 16" t="1"/>
		<b id="17" c="1 17" t="1"/>
		<b id="18" c="1 18" t="1"/>
		<b id="19" c="3 19" t="1"/>
		<b id="20" c="3 20" t="1"/>
		<b id="21" c="3 21" t="1"/>
		<b id="22" c="4 22" t="1"/>
		<b id="23" c="4 23" t="1"/>
		<b id="24" c="4 24" t="1"/>
		<b id="25" c="8 25" t="1"/>
		<b id="26" c="9 26" t="1"/>
		<b id="27" c="10 27" t="1"/>
		<b id="28" c="10 28" t="1"/>
		<b id="29" c="11 29" t="1"/>
		<b id="30" c="11 30" t="1"/>
		<b id="31" c="12 31" t="1"/>
		<b id="32" c="12 32" t="1"/>
		<b id="33" c="13 33" t="1"/>
		<b id="34" c="13 34" t="1"/>
		<b id="35" c="14 35" t="1"/>
		<b id="36" c="15 36" t="1"/>
		<b id="37" c="15 37" t="1"/>
	</bonds>
	<geometry>
		<g u="A" t="cart/3d">#37,3:3.7215,1.5288,1.2263;4.8293,1.0146,0.3066;4.3677,1.0023,-1.1512;6.0895,1.8680,0.4611;5.2485,-0.3082,0.7099;4.3688,-1.3316,0.7086;3.2029,-1.2761,0.3931;4.9874,-2.4541,1.1279;4.3275,-3.7357,1.2038;4.4059,-4.4811,-0.1345;3.7479,-5.8524,-0.0239;4.4036,-6.6740,1.0813;4.3135,-5.9395,2.4167;4.9575,-4.5441,2.3497;6.4063,-4.5462,2.1967;3.4791,2.5565,0.9707;4.0497,1.4891,2.2628;2.8317,0.9155,1.1161;4.1339,2.0135,-1.4724;3.4813,0.3826,-1.2545;5.1541,0.6012,-1.7875;5.8811,2.8946,0.1747;6.8835,1.4764,-0.1691;6.4277,1.8477,1.4937;5.9704,-2.4403,1.3522;3.2723,-3.5456,1.4304;5.4507,-4.5860,-0.4346;3.9004,-3.8791,-0.8909;3.8269,-6.3790,-0.9770;2.6873,-5.7246,0.2024;5.4501,-6.8610,0.8259;3.9118,-7.6450,1.1673;4.8022,-6.5256,3.2000;3.2639,-5.8238,2.6924;4.7528,-4.0162,3.2898;6.6725,-5.0755,1.3737;6.8415,-4.9859,2.9997;</g>
	</geometry>
	<conformers/>
	<properties/>
</molecule>
