<?xml version="1.0" ?>
<!--MOLLI PACKAGE EXPERIMENTAL XML FORMAT-->
<molecule name="nuc1713">
	<atoms>
		<a id="1" s="C" t="C.3" l="C"/>
		<a id="2" s="C" t="C.3" l="C"/>
		<a id="3" s="C" t="C.3" l="C"/>
		<a id="4" s="Si" t="Si" l="SI"/>
		<a id="5" s="C" t="C.3" l="C"/>
		<a id="6" s="C" t="C.3" l="C"/>
		<a id="7" s="C" t="C.3" l="C"/>
		<a id="8" s="C" t="C.3" l="C"/>
		<a id="9" s="C" t="C.3" l="C"/>
		<a id="10" s="C" t="C.3" l="C"/>
		<a id="11" s="N" t="N.ar" l="N"/>
		<a id="12" s="C" t="C.ar" l="C"/>
		<a id="13" s="C" t="C.ar" l="C"/>
		<a id="14" s="C" t="C.ar" l="C"/>
		<a id="15" s="C" t="C.ar" l="C"/>
		<a id="16" s="C" t="C.ar" l="C"/>
		<a id="17" s="C" t="C.ar" l="C"/>
		<a id="18" s="N" t="N.pl3" l="N"/>
		<a id="19" s="C" t="C.ar" l="C"/>
		<a id="20" s="C" t="C.ar" l="C"/>
		<a id="21" s="H" t="H" l="H"/>
		<a id="22" s="H" t="H" l="H"/>
		<a id="23" s="H" t="H" l="H"/>
		<a id="24" s="H" t="H" l="H"/>
		<a id="25" s="H" t="H" l="H"/>
		<a id="26" s="H" t="H" l="H"/>
		<a id="27" s="H" t="H" l="H"/>
		<a id="28" s="H" t="H" l="H"/>
		<a id="29" s="H" t="H" l="H"/>
		<a id="30" s="H" t="H" l="H"/>
		<a id="31" s="H" t="H" l="H"/>
		<a id="32" s="H" t="H" l="H"/>
		<a id="33" s="H" t="H" l="H"/>
		<a id="34" s="H" t="H" l="H"/>
		<a id="35" s="H" t="H" l="H"/>
		<a id="36" s="H" t="H" l="H"/>
		<a id="37" s="H" t="H" l="H"/>
		<a id="38" s="H" t="H" l="H"/>
		<a id="39" s="H" t="H" l="H"/>
		<a id="40" s="H" t="H" l="H"/>
		<a id="41" s="H" t="H" l="H"/>
		<a id="42" s="H" t="H" l="H"/>
		<a id="43" s="H" t="H" l="H"/>
		<a id="44" s="H" t="H" l="H"/>
		<a id="45" s="H" t="H" l="H"/>
		<a id="46" s="H" t="H" l="H"/>
		<a id="47" s="H" t="H" l="H"/>
		<a id="48" s="H" t="H" l="H"/>
	</atoms>
	<bonds>
		<b id="1" c="1 2" t="1"/>
		<b id="2" c="2 3" t="1"/>
		<b id="3" c="2 4" t="1"/>
		<b id="4" c="4 5" t="1"/>
		<b id="5" c="5 6" t="1"/>
		<b id="6" c="5 7" t="1"/>
		<b id="7" c="4 8" t="1"/>
		<b id="8" c="8 9" t="1"/>
		<b id="9" c="8 10" t="1"/>
		<b id="10" c="4 11" t="1"/>
		<b id="11" c="11 12" t="ar"/>
		<b id="12" c="12 13" t="ar"/>
		<b id="13" c="13 14" t="ar"/>
		<b id="14" c="14 15" t="ar"/>
		<b id="15" c="15 16" t="ar"/>
		<b id="16" c="16 17" t="ar"/>
		<b id="17" c="17 18" t="1"/>
		<b id="18" c="17 19" t="ar"/>
		<b id="19" c="19 20" t="ar"/>
		<b id="20" c="14 20" t="ar"/>
		<b id="21" c="11 20" t="ar"/>
		<b id="22" c="1 21" t="1"/>
		<b id="23" c="1 22" t="1"/>
		<b id="24" c="1 23" t="1"/>
		<b id="25" c="2 24" t="1"/>
		<b id="26" c="3 25" t="1"/>
		<b id="27" c="3 26" t="1"/>
		<b id="28" c="3 27" t="1"/>
		<b id="29" c="5 28" t="1"/>
		<b id="30" c="6 29" t="1"/>
		<b id="31" c="6 30" t="1"/>
		<b id="32" c="6 31" t="1"/>
		<b id="33" c="7 32" t="1"/>
		<b id="34" c="7 33" t="1"/>
		<b id="35" c="7 34" t="1"/>
		<b id="36" c="8 35" t="1"/>
		<b id="37" c="9 36" t="1"/>
		<b id="38" c="9 37" t="1"/>
		<b id="39" c="9 38" t="1"/>
		<b id="40" c="10 39" t="1"/>
		<b id="41" c="10 40" t="1"/>
		<b id="42" c="10 41" t="1"/>
		<b id="43" c="12 42" t="1"/>
		<b id="44" c="13 43" t="1"/>
		<b id="45" c="15 44" t="1"/>
		<b id="46" c="16 45" t="1"/>
		<b id="47" c="18 46" t="1"/>
		<b id="48" c="18 47" t="1"/>
		<b id="49" c="19 48" t="1"/>
	</bonds>
	<geometry>
		<g u="A" t="cart/3d">#48,3:2.5418,-1.2108,-1.0348;2.4967,-0.0398,-0.0509;3.2757,-0.4255,1.2068;3.1736,1.5825,-0.8522;2.5346,1.7001,-2.6648;1.0131,1.8393,-2.7118;3.1781,2.8318,-3.4634;2.5883,3.1845,0.0587;2.2843,2.9963,1.5444;3.5393,4.3685,-0.1270;4.9349,1.4723,-0.7758;5.6430,1.8459,0.3549;6.9729,1.6609,0.1970;7.1569,1.1164,-1.1072;8.2787,0.7129,-1.8261;8.1091,0.1878,-3.0844;6.8292,0.0421,-3.6435;6.6882,-0.5822,-4.8763;5.7031,0.4478,-2.9391;5.8683,0.9957,-1.6766;2.2000,-2.1244,-0.5501;3.5587,-1.3740,-1.3847;1.9043,-1.0288,-1.8957;1.4511,0.1091,0.2382;4.3234,-0.5918,0.9674;2.8754,-1.3449,1.6326;3.2170,0.3499,1.9644;2.7716,0.7621,-3.1726;0.6962,2.7914,-2.2938;0.5288,1.0434,-2.1519;0.6612,1.7949,-3.7419;2.8599,3.7973,-3.0785;2.8800,2.7774,-4.5103;4.2627,2.7793,-3.4121;1.6392,3.4664,-0.4097;3.1845,2.7627,2.1073;1.5654,2.1957,1.6964;1.8647,3.9119,1.9603;4.4910,4.1894,0.3651;3.1026,5.2710,0.2997;3.7395,4.5513,-1.1785;5.1179,2.2067,1.2157;7.7425,1.8731,0.9133;9.2652,0.8118,-1.3978;8.9653,-0.1333,-3.6608;7.5035,-0.5583,-5.4683;5.8281,-0.3871,-5.3642;4.7292,0.3129,-3.3777;</g>
	</geometry>
	<conformers/>
	<properties/>
</molecule>
