<?xml version="1.0" ?>
<!--MOLLI PACKAGE EXPERIMENTAL XML FORMAT-->
<molecule name="nuc1719">
	<atoms>
		<a id="1" s="C" t="C.3" l="C"/>
		<a id="2" s="C" t="C.3" l="C"/>
		<a id="3" s="C" t="C.3" l="C"/>
		<a id="4" s="C" t="C.3" l="C"/>
		<a id="5" s="O" t="O.3" l="O"/>
		<a id="6" s="C" t="C.2" l="C"/>
		<a id="7" s="O" t="O.2" l="O"/>
		<a id="8" s="N" t="N.am" l="N"/>
		<a id="9" s="C" t="C.3" l="C"/>
		<a id="10" s="C" t="C.3" l="C"/>
		<a id="11" s="N" t="N.3" l="N"/>
		<a id="12" s="C" t="C.3" l="C"/>
		<a id="13" s="C" t="C.ar" l="C"/>
		<a id="14" s="C" t="C.ar" l="C"/>
		<a id="15" s="N" t="N.ar" l="N"/>
		<a id="16" s="C" t="C.ar" l="C"/>
		<a id="17" s="N" t="N.pl3" l="N"/>
		<a id="18" s="C" t="C.ar" l="C"/>
		<a id="19" s="N" t="N.ar" l="N"/>
		<a id="20" s="C" t="C.3" l="C"/>
		<a id="21" s="C" t="C.3" l="C"/>
		<a id="22" s="H" t="H" l="H"/>
		<a id="23" s="H" t="H" l="H"/>
		<a id="24" s="H" t="H" l="H"/>
		<a id="25" s="H" t="H" l="H"/>
		<a id="26" s="H" t="H" l="H"/>
		<a id="27" s="H" t="H" l="H"/>
		<a id="28" s="H" t="H" l="H"/>
		<a id="29" s="H" t="H" l="H"/>
		<a id="30" s="H" t="H" l="H"/>
		<a id="31" s="H" t="H" l="H"/>
		<a id="32" s="H" t="H" l="H"/>
		<a id="33" s="H" t="H" l="H"/>
		<a id="34" s="H" t="H" l="H"/>
		<a id="35" s="H" t="H" l="H"/>
		<a id="36" s="H" t="H" l="H"/>
		<a id="37" s="H" t="H" l="H"/>
		<a id="38" s="H" t="H" l="H"/>
		<a id="39" s="H" t="H" l="H"/>
		<a id="40" s="H" t="H" l="H"/>
		<a id="41" s="H" t="H" l="H"/>
		<a id="42" s="H" t="H" l="H"/>
		<a id="43" s="H" t="H" l="H"/>
		<a id="44" s="H" t="H" l="H"/>
	</atoms>
	<bonds>
		<b id="1" c="1 2" t="1"/>
		<b id="2" c="2 3" t="1"/>
		<b id="3" c="2 4" t="1"/>
		<b id="4" c="2 5" t="1"/>
		<b id="5" c="5 6" t="1"/>
		<b id="6" c="6 7" t="2"/>
		<b id="7" c="6 8" t="am"/>
		<b id="8" c="8 9" t="1"/>
		<b id="9" c="9 10" t="1"/>
		<b id="10" c="10 11" t="1"/>
		<b id="11" c="11 12" t="1"/>
		<b id="12" c="12 13" t="1"/>
		<b id="13" c="13 14" t="ar"/>
		<b id="14" c="14 15" t="ar"/>
		<b id="15" c="15 16" t="ar"/>
		<b id="16" c="16 17" t="1"/>
		<b id="17" c="16 18" t="ar"/>
		<b id="18" c="18 19" t="ar"/>
		<b id="19" c="13 19" t="ar"/>
		<b id="20" c="11 20" t="1"/>
		<b id="21" c="20 21" t="1"/>
		<b id="22" c="8 21" t="1"/>
		<b id="23" c="1 22" t="1"/>
		<b id="24" c="1 23" t="1"/>
		<b id="25" c="1 24" t="1"/>
		<b id="26" c="3 25" t="1"/>
		<b id="27" c="3 26" t="1"/>
		<b id="28" c="3 27" t="1"/>
		<b id="29" c="4 28" t="1"/>
		<b id="30" c="4 29" t="1"/>
		<b id="31" c="4 30" t="1"/>
		<b id="32" c="9 31" t="1"/>
		<b id="33" c="9 32" t="1"/>
		<b id="34" c="10 33" t="1"/>
		<b id="35" c="10 34" t="1"/>
		<b id="36" c="12 35" t="1"/>
		<b id="37" c="12 36" t="1"/>
		<b id="38" c="14 37" t="1"/>
		<b id="39" c="17 38" t="1"/>
		<b id="40" c="17 39" t="1"/>
		<b id="41" c="18 40" t="1"/>
		<b id="42" c="20 41" t="1"/>
		<b id="43" c="20 42" t="1"/>
		<b id="44" c="21 43" t="1"/>
		<b id="45" c="21 44" t="1"/>
	</bonds>
	<geometry>
		<g u="A" t="cart/3d">#44,3:3.8384,0.3054,1.3947;2.8411,0.4706,0.2480;2.1327,-0.8492,-0.0573;1.8197,1.5599,0.5819;3.5087,0.9718,-0.9329;4.4998,0.2603,-1.5047;4.8930,-0.8260,-1.1379;5.0439,0.9250,-2.5516;4.5428,2.1663,-3.0992;4.0338,1.9307,-4.5312;5.0185,1.3051,-5.3949;6.0681,2.2087,-5.8405;5.4979,3.2793,-6.7268;4.6966,2.9860,-7.8241;4.2045,3.9277,-8.6115;4.5118,5.1949,-8.3216;4.0697,6.1532,-9.1799;5.3025,5.4930,-7.1983;5.7802,4.5465,-6.4208;5.5042,0.0792,-4.7896;6.0510,0.2824,-3.3691;3.3122,0.0110,2.2986;4.3574,1.2445,1.5763;4.5697,-0.4581,1.1450;1.5655,-1.1703,0.8121;2.8628,-1.6138,-0.3073;1.4523,-0.7228,-0.8972;1.2585,1.2830,1.4694;1.1302,1.6919,-0.2483;2.3277,2.5039,0.7626;5.3570,2.9006,-3.1090;3.7393,2.5407,-2.4681;3.7281,2.8798,-4.9749;3.1645,1.2666,-4.4947;6.7838,1.6159,-6.4195;6.6144,2.7042,-5.0247;4.4320,1.9671,-8.0691;3.3848,5.8641,-9.8579;4.0495,7.1091,-8.8727;5.5433,6.5125,-6.9288;6.2756,-0.3535,-5.4292;4.6606,-0.6168,-4.7449;6.9466,0.9138,-3.3927;6.2986,-0.6741,-2.9079;</g>
	</geometry>
	<conformers/>
	<properties/>
</molecule>
