<?xml version="1.0" ?>
<!--MOLLI PACKAGE EXPERIMENTAL XML FORMAT-->
<molecule name="nuc1724">
	<atoms>
		<a id="1" s="N" t="N.pl3" l="N"/>
		<a id="2" s="C" t="C.ar" l="C"/>
		<a id="3" s="C" t="C.ar" l="C"/>
		<a id="4" s="C" t="C.ar" l="C"/>
		<a id="5" s="C" t="C.ar" l="C"/>
		<a id="6" s="C" t="C.ar" l="C"/>
		<a id="7" s="C" t="C.ar" l="C"/>
		<a id="8" s="C" t="C.ar" l="C"/>
		<a id="9" s="C" t="C.ar" l="C"/>
		<a id="10" s="C" t="C.ar" l="C"/>
		<a id="11" s="C" t="C.ar" l="C"/>
		<a id="12" s="C" t="C.ar" l="C"/>
		<a id="13" s="C" t="C.ar" l="C"/>
		<a id="14" s="C" t="C.ar" l="C"/>
		<a id="15" s="C" t="C.2" l="C"/>
		<a id="16" s="O" t="O.2" l="O"/>
		<a id="17" s="N" t="N.am" l="N"/>
		<a id="18" s="C" t="C.3" l="C"/>
		<a id="19" s="C" t="C.3" l="C"/>
		<a id="20" s="C" t="C.3" l="C"/>
		<a id="21" s="C" t="C.ar" l="C"/>
		<a id="22" s="C" t="C.ar" l="C"/>
		<a id="23" s="N" t="N.ar" l="N"/>
		<a id="24" s="C" t="C.ar" l="C"/>
		<a id="25" s="C" t="C.ar" l="C"/>
		<a id="26" s="C" t="C.2" l="C"/>
		<a id="27" s="O" t="O.2" l="O"/>
		<a id="28" s="N" t="N.am" l="N"/>
		<a id="29" s="C" t="C.3" l="C"/>
		<a id="30" s="C" t="C.3" l="C"/>
		<a id="31" s="H" t="H" l="H"/>
		<a id="32" s="H" t="H" l="H"/>
		<a id="33" s="H" t="H" l="H"/>
		<a id="34" s="H" t="H" l="H"/>
		<a id="35" s="H" t="H" l="H"/>
		<a id="36" s="H" t="H" l="H"/>
		<a id="37" s="H" t="H" l="H"/>
		<a id="38" s="H" t="H" l="H"/>
		<a id="39" s="H" t="H" l="H"/>
		<a id="40" s="H" t="H" l="H"/>
		<a id="41" s="H" t="H" l="H"/>
		<a id="42" s="H" t="H" l="H"/>
		<a id="43" s="H" t="H" l="H"/>
		<a id="44" s="H" t="H" l="H"/>
		<a id="45" s="H" t="H" l="H"/>
		<a id="46" s="H" t="H" l="H"/>
		<a id="47" s="H" t="H" l="H"/>
		<a id="48" s="H" t="H" l="H"/>
		<a id="49" s="H" t="H" l="H"/>
		<a id="50" s="H" t="H" l="H"/>
		<a id="51" s="H" t="H" l="H"/>
		<a id="52" s="H" t="H" l="H"/>
	</atoms>
	<bonds>
		<b id="1" c="1 2" t="1"/>
		<b id="2" c="2 3" t="ar"/>
		<b id="3" c="3 4" t="ar"/>
		<b id="4" c="4 5" t="1"/>
		<b id="5" c="5 6" t="ar"/>
		<b id="6" c="6 7" t="ar"/>
		<b id="7" c="7 8" t="ar"/>
		<b id="8" c="8 9" t="ar"/>
		<b id="9" c="9 10" t="1"/>
		<b id="10" c="10 11" t="ar"/>
		<b id="11" c="11 12" t="ar"/>
		<b id="12" c="12 13" t="ar"/>
		<b id="13" c="13 14" t="ar"/>
		<b id="14" c="14 15" t="1"/>
		<b id="15" c="15 16" t="2"/>
		<b id="16" c="15 17" t="am"/>
		<b id="17" c="17 18" t="1"/>
		<b id="18" c="18 19" t="1"/>
		<b id="19" c="19 20" t="1"/>
		<b id="20" c="18 20" t="1"/>
		<b id="21" c="14 21" t="ar"/>
		<b id="22" c="10 21" t="ar"/>
		<b id="23" c="9 22" t="ar"/>
		<b id="24" c="5 22" t="ar"/>
		<b id="25" c="4 23" t="ar"/>
		<b id="26" c="23 24" t="ar"/>
		<b id="27" c="24 25" t="ar"/>
		<b id="28" c="2 25" t="ar"/>
		<b id="29" c="25 26" t="1"/>
		<b id="30" c="26 27" t="2"/>
		<b id="31" c="26 28" t="am"/>
		<b id="32" c="28 29" t="1"/>
		<b id="33" c="29 30" t="1"/>
		<b id="34" c="24 30" t="1"/>
		<b id="35" c="1 31" t="1"/>
		<b id="36" c="1 32" t="1"/>
		<b id="37" c="3 33" t="1"/>
		<b id="38" c="6 34" t="1"/>
		<b id="39" c="7 35" t="1"/>
		<b id="40" c="8 36" t="1"/>
		<b id="41" c="11 37" t="1"/>
		<b id="42" c="12 38" t="1"/>
		<b id="43" c="13 39" t="1"/>
		<b id="44" c="17 40" t="1"/>
		<b id="45" c="18 41" t="1"/>
		<b id="46" c="19 42" t="1"/>
		<b id="47" c="19 43" t="1"/>
		<b id="48" c="20 44" t="1"/>
		<b id="49" c="20 45" t="1"/>
		<b id="50" c="21 46" t="1"/>
		<b id="51" c="22 47" t="1"/>
		<b id="52" c="28 48" t="1"/>
		<b id="53" c="29 49" t="1"/>
		<b id="54" c="29 50" t="1"/>
		<b id="55" c="30 51" t="1"/>
		<b id="56" c="30 52" t="1"/>
	</bonds>
	<geometry>
		<g u="A" t="cart/3d">#52,3:2.9544,-1.1375,2.3374;3.3209,-0.4622,1.2348;4.0838,0.7135,1.3083;4.4557,1.3678,0.1489;5.2530,2.6030,0.1599;5.2223,3.5020,1.2230;5.9757,4.6608,1.1705;6.7603,4.9413,0.0668;6.7996,4.0586,-1.0113;7.6041,4.3574,-2.2065;8.8527,4.9673,-2.1050;9.5992,5.2324,-3.2392;9.1097,4.8999,-4.4883;7.8569,4.3055,-4.6123;7.3919,3.9408,-5.9839;8.1662,3.7024,-6.8917;6.0457,3.9011,-6.1413;5.4250,3.5282,-7.3676;4.1220,4.1519,-7.7617;4.1690,2.7100,-7.3391;7.1168,4.0316,-3.4694;6.0436,2.8945,-0.9468;4.1136,0.9174,-1.0675;3.3992,-0.1845,-1.1569;2.9762,-0.9319,-0.0550;2.1758,-2.1530,-0.2335;1.5832,-2.7263,0.6768;2.1011,-2.6251,-1.5001;2.9239,-2.1460,-2.5866;2.9894,-0.6255,-2.5338;3.1333,-0.7592,3.2495;2.3191,-1.9162,2.2067;4.3838,1.0839,2.2767;4.5927,3.3127,2.0792;5.9427,5.3588,1.9947;7.3235,5.8621,0.0284;9.2517,5.2077,-1.1305;10.5713,5.6939,-3.1467;9.6822,5.0880,-5.3836;5.4408,4.1585,-5.3779;6.1719,3.3290,-8.1246;3.9561,4.3811,-8.8024;3.6729,4.8621,-7.0834;4.0359,1.9455,-8.0880;3.7534,2.4531,-6.3760;6.1542,3.5456,-3.5383;6.0667,2.1780,-1.7528;1.6152,-3.5028,-1.6104;2.4882,-2.4815,-3.5302;3.9396,-2.5619,-2.5079;2.0032,-0.2049,-2.7518;3.6946,-0.2381,-3.2678;</g>
	</geometry>
	<conformers/>
	<properties/>
</molecule>
