<?xml version="1.0" ?>
<!--MOLLI PACKAGE EXPERIMENTAL XML FORMAT-->
<molecule name="nuc1728">
	<atoms>
		<a id="1" s="C" t="C.3" l="C"/>
		<a id="2" s="O" t="O.3" l="O"/>
		<a id="3" s="C" t="C.3" l="C"/>
		<a id="4" s="C" t="C.3" l="C"/>
		<a id="5" s="N" t="N.am" l="N"/>
		<a id="6" s="C" t="C.2" l="C"/>
		<a id="7" s="O" t="O.2" l="O"/>
		<a id="8" s="O" t="O.3" l="O"/>
		<a id="9" s="C" t="C.3" l="C"/>
		<a id="10" s="C" t="C.3" l="C"/>
		<a id="11" s="C" t="C.3" l="C"/>
		<a id="12" s="C" t="C.3" l="C"/>
		<a id="13" s="C" t="C.3" l="C"/>
		<a id="14" s="C" t="C.3" l="C"/>
		<a id="15" s="O" t="O.3" l="O"/>
		<a id="16" s="C" t="C.3" l="C"/>
		<a id="17" s="C" t="C.3" l="C"/>
		<a id="18" s="C" t="C.3" l="C"/>
		<a id="19" s="C" t="C.3" l="C"/>
		<a id="20" s="O" t="O.3" l="O"/>
		<a id="21" s="C" t="C.3" l="C"/>
		<a id="22" s="C" t="C.3" l="C"/>
		<a id="23" s="C" t="C.3" l="C"/>
		<a id="24" s="N" t="N.3" l="N"/>
		<a id="25" s="H" t="H" l="H"/>
		<a id="26" s="H" t="H" l="H"/>
		<a id="27" s="H" t="H" l="H"/>
		<a id="28" s="H" t="H" l="H"/>
		<a id="29" s="H" t="H" l="H"/>
		<a id="30" s="H" t="H" l="H"/>
		<a id="31" s="H" t="H" l="H"/>
		<a id="32" s="H" t="H" l="H"/>
		<a id="33" s="H" t="H" l="H"/>
		<a id="34" s="H" t="H" l="H"/>
		<a id="35" s="H" t="H" l="H"/>
		<a id="36" s="H" t="H" l="H"/>
		<a id="37" s="H" t="H" l="H"/>
		<a id="38" s="H" t="H" l="H"/>
		<a id="39" s="H" t="H" l="H"/>
		<a id="40" s="H" t="H" l="H"/>
		<a id="41" s="H" t="H" l="H"/>
		<a id="42" s="H" t="H" l="H"/>
		<a id="43" s="H" t="H" l="H"/>
		<a id="44" s="H" t="H" l="H"/>
		<a id="45" s="H" t="H" l="H"/>
		<a id="46" s="H" t="H" l="H"/>
		<a id="47" s="H" t="H" l="H"/>
		<a id="48" s="H" t="H" l="H"/>
		<a id="49" s="H" t="H" l="H"/>
		<a id="50" s="H" t="H" l="H"/>
		<a id="51" s="H" t="H" l="H"/>
		<a id="52" s="H" t="H" l="H"/>
		<a id="53" s="H" t="H" l="H"/>
		<a id="54" s="H" t="H" l="H"/>
		<a id="55" s="H" t="H" l="H"/>
		<a id="56" s="H" t="H" l="H"/>
	</atoms>
	<bonds>
		<b id="1" c="1 2" t="1"/>
		<b id="2" c="2 3" t="1"/>
		<b id="3" c="3 4" t="1"/>
		<b id="4" c="4 5" t="1"/>
		<b id="5" c="5 6" t="am"/>
		<b id="6" c="6 7" t="2"/>
		<b id="7" c="6 8" t="1"/>
		<b id="8" c="8 9" t="1"/>
		<b id="9" c="9 10" t="1"/>
		<b id="10" c="9 11" t="1"/>
		<b id="11" c="9 12" t="1"/>
		<b id="12" c="5 13" t="1"/>
		<b id="13" c="13 14" t="1"/>
		<b id="14" c="15 16" t="1"/>
		<b id="15" c="16 17" t="1"/>
		<b id="16" c="17 18" t="1"/>
		<b id="17" c="18 19" t="1"/>
		<b id="18" c="19 20" t="1"/>
		<b id="19" c="20 21" t="1"/>
		<b id="20" c="21 22" t="1"/>
		<b id="21" c="17 22" t="1"/>
		<b id="22" c="14 23" t="1"/>
		<b id="23" c="3 23" t="1"/>
		<b id="24" c="14 15" t="1"/>
		<b id="25" c="23 24" t="1"/>
		<b id="26" c="1 25" t="1"/>
		<b id="27" c="1 26" t="1"/>
		<b id="28" c="1 27" t="1"/>
		<b id="29" c="3 28" t="1"/>
		<b id="30" c="4 29" t="1"/>
		<b id="31" c="4 30" t="1"/>
		<b id="32" c="10 31" t="1"/>
		<b id="33" c="10 32" t="1"/>
		<b id="34" c="10 33" t="1"/>
		<b id="35" c="11 34" t="1"/>
		<b id="36" c="11 35" t="1"/>
		<b id="37" c="11 36" t="1"/>
		<b id="38" c="12 37" t="1"/>
		<b id="39" c="12 38" t="1"/>
		<b id="40" c="12 39" t="1"/>
		<b id="41" c="13 40" t="1"/>
		<b id="42" c="13 41" t="1"/>
		<b id="43" c="14 42" t="1"/>
		<b id="44" c="16 43" t="1"/>
		<b id="45" c="16 44" t="1"/>
		<b id="46" c="17 45" t="1"/>
		<b id="47" c="18 46" t="1"/>
		<b id="48" c="18 47" t="1"/>
		<b id="49" c="19 48" t="1"/>
		<b id="50" c="19 49" t="1"/>
		<b id="51" c="21 50" t="1"/>
		<b id="52" c="21 51" t="1"/>
		<b id="53" c="22 52" t="1"/>
		<b id="54" c="22 53" t="1"/>
		<b id="55" c="23 54" t="1"/>
		<b id="56" c="24 55" t="1"/>
		<b id="57" c="24 56" t="1"/>
	</bonds>
	<geometry>
		<g u="A" t="cart/3d">#56,3:0.5753,0.5664,-0.1607;1.9705,0.4166,-0.1119;2.6207,1.2089,0.8504;2.6802,2.6972,0.4567;3.5325,2.8930,-0.6892;3.0752,3.0641,-1.9576;3.8131,3.0870,-2.9194;1.7501,3.2765,-1.9827;1.0763,3.5073,-3.2429;1.2495,2.2995,-4.1626;-0.3943,3.6758,-2.8541;1.5975,4.7854,-3.9001;4.8937,2.4637,-0.4868;4.9680,0.9633,-0.1466;4.5807,0.0985,-1.1837;5.2268,0.2050,-2.4385;6.7368,-0.0801,-2.3994;7.3688,0.0445,-3.7909;7.0346,-1.1620,-4.6693;7.4095,-2.3762,-4.0614;6.7348,-2.5723,-2.8391;7.0420,-1.4699,-1.8249;4.0360,0.6303,1.0479;4.5476,1.0496,2.3389;0.2127,-0.2148,-0.8267;0.2777,1.5427,-0.5579;0.1272,0.4342,0.8327;2.0966,1.1309,1.8189;3.0841,3.2728,1.2972;1.6844,3.0713,0.2265;0.9541,1.3915,-3.6411;2.2887,2.2053,-4.4644;0.6311,2.4204,-5.0478;-0.7760,2.7583,-2.4132;-0.9838,3.9145,-3.7342;-0.4988,4.4801,-2.1299;2.6488,4.6749,-4.1498;1.4833,5.6284,-3.2216;1.0366,4.9843,-4.8089;5.3234,3.0370,0.3435;5.4586,2.6876,-1.3921;6.0082,0.7468,0.1655;5.0499,1.1874,-2.8938;4.7098,-0.5423,-3.0429;7.2003,0.6744,-1.7518;8.4541,0.0949,-3.6785;7.0285,0.9574,-4.2815;7.5928,-1.1167,-5.6074;5.9587,-1.1749,-4.9007;7.0772,-3.5399,-2.4651;5.6503,-2.6281,-3.0156;8.1011,-1.5225,-1.5623;6.4475,-1.6385,-0.9261;3.9267,-0.4592,1.0655;4.7348,2.0464,2.3474;5.4170,0.5708,2.5444;</g>
	</geometry>
	<conformers/>
	<properties/>
</molecule>
