<?xml version="1.0" ?>
<!--MOLLI PACKAGE EXPERIMENTAL XML FORMAT-->
<molecule name="nuc1738">
	<atoms>
		<a id="1" s="C" t="C.3" l="C"/>
		<a id="2" s="O" t="O.3" l="O"/>
		<a id="3" s="C" t="C.2" l="C"/>
		<a id="4" s="O" t="O.2" l="O"/>
		<a id="5" s="C" t="C.ar" l="C"/>
		<a id="6" s="C" t="C.ar" l="C"/>
		<a id="7" s="C" t="C.ar" l="C"/>
		<a id="8" s="C" t="C.ar" l="C"/>
		<a id="9" s="C" t="C.ar" l="C"/>
		<a id="10" s="N" t="N.am" l="N"/>
		<a id="11" s="N" t="N.3" l="N"/>
		<a id="12" s="C" t="C.2" l="C"/>
		<a id="13" s="O" t="O.2" l="O"/>
		<a id="14" s="O" t="O.3" l="O"/>
		<a id="15" s="C" t="C.3" l="C"/>
		<a id="16" s="C" t="C.3" l="C"/>
		<a id="17" s="C" t="C.3" l="C"/>
		<a id="18" s="C" t="C.3" l="C"/>
		<a id="19" s="C" t="C.ar" l="C"/>
		<a id="20" s="H" t="H" l="H"/>
		<a id="21" s="H" t="H" l="H"/>
		<a id="22" s="H" t="H" l="H"/>
		<a id="23" s="H" t="H" l="H"/>
		<a id="24" s="H" t="H" l="H"/>
		<a id="25" s="H" t="H" l="H"/>
		<a id="26" s="H" t="H" l="H"/>
		<a id="27" s="H" t="H" l="H"/>
		<a id="28" s="H" t="H" l="H"/>
		<a id="29" s="H" t="H" l="H"/>
		<a id="30" s="H" t="H" l="H"/>
		<a id="31" s="H" t="H" l="H"/>
		<a id="32" s="H" t="H" l="H"/>
		<a id="33" s="H" t="H" l="H"/>
		<a id="34" s="H" t="H" l="H"/>
		<a id="35" s="H" t="H" l="H"/>
		<a id="36" s="H" t="H" l="H"/>
		<a id="37" s="H" t="H" l="H"/>
	</atoms>
	<bonds>
		<b id="1" c="1 2" t="1"/>
		<b id="2" c="2 3" t="1"/>
		<b id="3" c="3 4" t="2"/>
		<b id="4" c="3 5" t="1"/>
		<b id="5" c="5 6" t="ar"/>
		<b id="6" c="6 7" t="ar"/>
		<b id="7" c="7 8" t="ar"/>
		<b id="8" c="8 9" t="ar"/>
		<b id="9" c="9 10" t="1"/>
		<b id="10" c="10 11" t="1"/>
		<b id="11" c="10 12" t="am"/>
		<b id="12" c="12 13" t="2"/>
		<b id="13" c="12 14" t="1"/>
		<b id="14" c="14 15" t="1"/>
		<b id="15" c="15 16" t="1"/>
		<b id="16" c="15 17" t="1"/>
		<b id="17" c="15 18" t="1"/>
		<b id="18" c="9 19" t="ar"/>
		<b id="19" c="5 19" t="ar"/>
		<b id="20" c="1 20" t="1"/>
		<b id="21" c="1 21" t="1"/>
		<b id="22" c="1 22" t="1"/>
		<b id="23" c="6 23" t="1"/>
		<b id="24" c="7 24" t="1"/>
		<b id="25" c="8 25" t="1"/>
		<b id="26" c="11 26" t="1"/>
		<b id="27" c="11 27" t="1"/>
		<b id="28" c="16 28" t="1"/>
		<b id="29" c="16 29" t="1"/>
		<b id="30" c="16 30" t="1"/>
		<b id="31" c="17 31" t="1"/>
		<b id="32" c="17 32" t="1"/>
		<b id="33" c="17 33" t="1"/>
		<b id="34" c="18 34" t="1"/>
		<b id="35" c="18 35" t="1"/>
		<b id="36" c="18 36" t="1"/>
		<b id="37" c="19 37" t="1"/>
	</bonds>
	<geometry>
		<g u="A" t="cart/3d">#37,3:1.0819,1.5088,0.0615;2.4686,1.2263,-0.0383;3.1742,1.3590,1.0940;2.6775,1.6921,2.1441;4.6133,1.0568,0.9117;5.1374,0.6255,-0.3019;6.4935,0.3676,-0.3921;7.3271,0.5312,0.6993;6.8105,0.9739,1.9184;7.6223,1.1214,3.0575;7.0387,1.0854,4.3349;8.9645,1.4463,3.0052;9.5778,1.5888,1.9756;9.4388,1.5906,4.2385;10.8281,1.9346,4.4564;11.1317,3.3080,3.8581;10.9585,1.9710,5.9793;11.7437,0.8627,3.8662;5.4454,1.2254,2.0132;0.6742,1.3893,-0.9390;0.9272,2.5282,0.4208;0.6025,0.8168,0.7570;4.4875,0.4950,-1.1516;6.9127,0.0253,-1.3263;8.3800,0.3293,0.6093;6.3900,0.3066,4.3934;6.5482,1.9518,4.5456;10.4483,4.0506,4.2639;11.0205,3.2807,2.7776;12.1506,3.5962,4.1011;10.2722,2.7047,6.3927;11.9738,2.2333,6.2605;10.7117,0.9984,6.3955;11.6536,0.8436,2.7838;11.4742,-0.1148,4.2598;12.7753,1.0780,4.1306;4.9870,1.5694,2.9289;</g>
	</geometry>
	<conformers/>
	<properties/>
</molecule>
