<?xml version="1.0" ?>
<!--MOLLI PACKAGE EXPERIMENTAL XML FORMAT-->
<molecule name="nuc1741">
	<atoms>
		<a id="1" s="C" t="C.3" l="C"/>
		<a id="2" s="O" t="O.3" l="O"/>
		<a id="3" s="C" t="C.2" l="C"/>
		<a id="4" s="O" t="O.2" l="O"/>
		<a id="5" s="C" t="C.3" l="C"/>
		<a id="6" s="N" t="N.3" l="N"/>
		<a id="7" s="C" t="C.3" l="C"/>
		<a id="8" s="C" t="C.3" l="C"/>
		<a id="9" s="C" t="C.3" l="C"/>
		<a id="10" s="H" t="H" l="H"/>
		<a id="11" s="H" t="H" l="H"/>
		<a id="12" s="H" t="H" l="H"/>
		<a id="13" s="H" t="H" l="H"/>
		<a id="14" s="H" t="H" l="H"/>
		<a id="15" s="H" t="H" l="H"/>
		<a id="16" s="H" t="H" l="H"/>
		<a id="17" s="H" t="H" l="H"/>
		<a id="18" s="H" t="H" l="H"/>
		<a id="19" s="H" t="H" l="H"/>
		<a id="20" s="H" t="H" l="H"/>
		<a id="21" s="H" t="H" l="H"/>
		<a id="22" s="H" t="H" l="H"/>
	</atoms>
	<bonds>
		<b id="1" c="1 2" t="1"/>
		<b id="2" c="2 3" t="1"/>
		<b id="3" c="3 4" t="2"/>
		<b id="4" c="3 5" t="1"/>
		<b id="5" c="5 6" t="1"/>
		<b id="6" c="5 7" t="1"/>
		<b id="7" c="7 8" t="1"/>
		<b id="8" c="7 9" t="1"/>
		<b id="9" c="1 10" t="1"/>
		<b id="10" c="1 11" t="1"/>
		<b id="11" c="1 12" t="1"/>
		<b id="12" c="5 13" t="1"/>
		<b id="13" c="6 14" t="1"/>
		<b id="14" c="6 15" t="1"/>
		<b id="15" c="7 16" t="1"/>
		<b id="16" c="8 17" t="1"/>
		<b id="17" c="8 18" t="1"/>
		<b id="18" c="8 19" t="1"/>
		<b id="19" c="9 20" t="1"/>
		<b id="20" c="9 21" t="1"/>
		<b id="21" c="9 22" t="1"/>
	</bonds>
	<geometry>
		<g u="A" t="cart/3d">#22,3:1.1141,-1.7222,-0.0501;2.5321,-1.6212,-0.0734;3.0969,-0.9539,0.9380;2.4721,-0.4210,1.8199;4.6175,-0.9227,0.8276;5.1381,0.3938,1.1571;5.2184,-1.9690,1.7900;4.6527,-3.3597,1.5179;6.7378,-1.9685,1.6569;0.8400,-2.3597,-0.8864;0.6621,-0.7341,-0.1565;0.7814,-2.1594,0.8934;4.9005,-1.1696,-0.2003;4.7986,0.6624,2.0766;4.7975,1.0835,0.4953;4.9508,-1.6669,2.8085;4.8060,-3.6358,0.4767;3.5871,-3.4014,1.7310;5.1527,-4.0928,2.1467;7.0296,-2.3361,0.6758;7.1823,-2.6094,2.4145;7.1192,-0.9588,1.7761;</g>
	</geometry>
	<conformers/>
	<properties/>
</molecule>
