<?xml version="1.0" ?>
<!--MOLLI PACKAGE EXPERIMENTAL XML FORMAT-->
<molecule name="nuc1744">
	<atoms>
		<a id="1" s="C" t="C.3" l="C"/>
		<a id="2" s="C" t="C.3" l="C"/>
		<a id="3" s="C" t="C.3" l="C"/>
		<a id="4" s="C" t="C.3" l="C"/>
		<a id="5" s="C" t="C.3" l="C"/>
		<a id="6" s="N" t="N.pl3" l="N"/>
		<a id="7" s="C" t="C.ar" l="C"/>
		<a id="8" s="N" t="N.ar" l="N"/>
		<a id="9" s="C" t="C.ar" l="C"/>
		<a id="10" s="N" t="N.pl3" l="N"/>
		<a id="11" s="N" t="N.ar" l="N"/>
		<a id="12" s="C" t="C.ar" l="C"/>
		<a id="13" s="C" t="C.ar" l="C"/>
		<a id="14" s="C" t="C.3" l="C"/>
		<a id="15" s="F" t="F" l="F"/>
		<a id="16" s="F" t="F" l="F"/>
		<a id="17" s="F" t="F" l="F"/>
		<a id="18" s="C" t="C.3" l="C"/>
		<a id="19" s="C" t="C.3" l="C"/>
		<a id="20" s="H" t="H" l="H"/>
		<a id="21" s="H" t="H" l="H"/>
		<a id="22" s="H" t="H" l="H"/>
		<a id="23" s="H" t="H" l="H"/>
		<a id="24" s="H" t="H" l="H"/>
		<a id="25" s="H" t="H" l="H"/>
		<a id="26" s="H" t="H" l="H"/>
		<a id="27" s="H" t="H" l="H"/>
		<a id="28" s="H" t="H" l="H"/>
		<a id="29" s="H" t="H" l="H"/>
		<a id="30" s="H" t="H" l="H"/>
		<a id="31" s="H" t="H" l="H"/>
		<a id="32" s="H" t="H" l="H"/>
		<a id="33" s="H" t="H" l="H"/>
		<a id="34" s="H" t="H" l="H"/>
		<a id="35" s="H" t="H" l="H"/>
		<a id="36" s="H" t="H" l="H"/>
	</atoms>
	<bonds>
		<b id="1" c="1 2" t="1"/>
		<b id="2" c="2 3" t="1"/>
		<b id="3" c="3 4" t="1"/>
		<b id="4" c="4 5" t="1"/>
		<b id="5" c="6 7" t="1"/>
		<b id="6" c="7 8" t="ar"/>
		<b id="7" c="8 9" t="ar"/>
		<b id="8" c="9 10" t="1"/>
		<b id="9" c="9 11" t="ar"/>
		<b id="10" c="11 12" t="ar"/>
		<b id="11" c="12 13" t="ar"/>
		<b id="12" c="7 13" t="ar"/>
		<b id="13" c="13 14" t="1"/>
		<b id="14" c="14 15" t="1"/>
		<b id="15" c="14 16" t="1"/>
		<b id="16" c="14 17" t="1"/>
		<b id="17" c="5 18" t="1"/>
		<b id="18" c="18 19" t="1"/>
		<b id="19" c="2 19" t="1"/>
		<b id="20" c="5 6" t="1"/>
		<b id="21" c="1 20" t="1"/>
		<b id="22" c="1 21" t="1"/>
		<b id="23" c="1 22" t="1"/>
		<b id="24" c="2 23" t="1"/>
		<b id="25" c="3 24" t="1"/>
		<b id="26" c="3 25" t="1"/>
		<b id="27" c="4 26" t="1"/>
		<b id="28" c="4 27" t="1"/>
		<b id="29" c="5 28" t="1"/>
		<b id="30" c="6 29" t="1"/>
		<b id="31" c="10 30" t="1"/>
		<b id="32" c="10 31" t="1"/>
		<b id="33" c="12 32" t="1"/>
		<b id="34" c="18 33" t="1"/>
		<b id="35" c="18 34" t="1"/>
		<b id="36" c="19 35" t="1"/>
		<b id="37" c="19 36" t="1"/>
	</bonds>
	<geometry>
		<g u="A" t="cart/3d">#36,3:2.4944,-0.0539,-0.1504;1.0380,0.0067,0.3003;0.3595,1.2768,-0.2147;-1.0955,1.3441,0.2401;-1.8621,0.1164,-0.2455;-3.2379,0.1945,0.1964;-4.2692,-0.2863,-0.5114;-4.0233,-0.7766,-1.7248;-5.0540,-1.2224,-2.4380;-4.7849,-1.7216,-3.6556;-6.3385,-1.2309,-2.0556;-6.5897,-0.7523,-0.8550;-5.6032,-0.2595,-0.0163;-5.9127,0.2698,1.3343;-5.2543,-0.3892,2.3219;-5.5488,1.5661,1.4936;-7.2101,0.2081,1.6508;-1.1918,-1.1618,0.2671;0.2625,-1.2171,-0.1890;3.0441,0.8109,0.2136;2.5564,-0.0670,-1.2364;2.9756,-0.9516,0.2309;1.0127,0.0189,1.3958;0.3987,1.2873,-1.3062;0.8965,2.1558,0.1472;-1.5690,2.2493,-0.1444;-1.1333,1.3810,1.3320;-1.8897,0.0934,-1.3386;-3.3856,0.4825,1.1503;-3.8405,-1.7216,-3.9920;-5.5444,-2.0479,-4.2229;-7.6269,-0.7614,-0.5469;-1.7397,-2.0278,-0.1081;-1.2369,-1.1781,1.3589;0.2979,-1.2518,-1.2802;0.7309,-2.1276,0.1897;</g>
	</geometry>
	<conformers/>
	<properties/>
</molecule>
