<?xml version="1.0" ?>
<!--MOLLI PACKAGE EXPERIMENTAL XML FORMAT-->
<molecule name="nuc1755">
	<atoms>
		<a id="1" s="N" t="N.pl3" l="N"/>
		<a id="2" s="C" t="C.ar" l="C"/>
		<a id="3" s="C" t="C.ar" l="C"/>
		<a id="4" s="C" t="C.ar" l="C"/>
		<a id="5" s="C" t="C.ar" l="C"/>
		<a id="6" s="N" t="N.am" l="N"/>
		<a id="7" s="C" t="C.3" l="C"/>
		<a id="8" s="C" t="C.3" l="C"/>
		<a id="9" s="O" t="O.3" l="O"/>
		<a id="10" s="C" t="C.3" l="C"/>
		<a id="11" s="C" t="C.2" l="C"/>
		<a id="12" s="O" t="O.2" l="O"/>
		<a id="13" s="C" t="C.ar" l="C"/>
		<a id="14" s="C" t="C.ar" l="C"/>
		<a id="15" s="H" t="H" l="H"/>
		<a id="16" s="H" t="H" l="H"/>
		<a id="17" s="H" t="H" l="H"/>
		<a id="18" s="H" t="H" l="H"/>
		<a id="19" s="H" t="H" l="H"/>
		<a id="20" s="H" t="H" l="H"/>
		<a id="21" s="H" t="H" l="H"/>
		<a id="22" s="H" t="H" l="H"/>
		<a id="23" s="H" t="H" l="H"/>
		<a id="24" s="H" t="H" l="H"/>
		<a id="25" s="H" t="H" l="H"/>
		<a id="26" s="H" t="H" l="H"/>
	</atoms>
	<bonds>
		<b id="1" c="1 2" t="1"/>
		<b id="2" c="2 3" t="ar"/>
		<b id="3" c="3 4" t="ar"/>
		<b id="4" c="4 5" t="ar"/>
		<b id="5" c="5 6" t="1"/>
		<b id="6" c="6 7" t="1"/>
		<b id="7" c="7 8" t="1"/>
		<b id="8" c="8 9" t="1"/>
		<b id="9" c="9 10" t="1"/>
		<b id="10" c="10 11" t="1"/>
		<b id="11" c="6 11" t="am"/>
		<b id="12" c="11 12" t="2"/>
		<b id="13" c="5 13" t="ar"/>
		<b id="14" c="13 14" t="ar"/>
		<b id="15" c="2 14" t="ar"/>
		<b id="16" c="1 15" t="1"/>
		<b id="17" c="1 16" t="1"/>
		<b id="18" c="3 17" t="1"/>
		<b id="19" c="4 18" t="1"/>
		<b id="20" c="7 19" t="1"/>
		<b id="21" c="7 20" t="1"/>
		<b id="22" c="8 21" t="1"/>
		<b id="23" c="8 22" t="1"/>
		<b id="24" c="10 23" t="1"/>
		<b id="25" c="10 24" t="1"/>
		<b id="26" c="13 25" t="1"/>
		<b id="27" c="14 26" t="1"/>
	</bonds>
	<geometry>
		<g u="A" t="cart/3d">#26,3:2.2746,-0.0866,0.1092;0.8985,-0.0524,0.0359;0.2266,1.1482,-0.1994;-1.1514,1.1977,-0.1958;-1.8917,0.0459,0.0346;-3.3157,0.0889,0.0289;-4.0041,-0.3074,1.2431;-5.4284,-0.7347,0.9067;-6.0893,0.3245,0.2634;-5.4954,0.6133,-0.9797;-3.9696,0.5866,-1.0466;-3.4053,0.9469,-2.0611;-1.2332,-1.1561,0.2592;0.1452,-1.2047,0.2654;2.7650,0.6736,-0.3330;2.7075,-0.9885,-0.0061;0.7978,2.0461,-0.3854;-1.6612,2.1279,-0.3900;-4.0398,0.5413,1.9399;-3.4529,-1.1219,1.7183;-5.9941,-0.9500,1.8146;-5.4133,-1.6283,0.2640;-5.8342,1.6109,-1.2680;-5.8461,-0.0973,-1.7471;-1.7991,-2.0632,0.4153;0.6513,-2.1432,0.4404;</g>
	</geometry>
	<conformers/>
	<properties/>
</molecule>
