<?xml version="1.0" ?>
<!--MOLLI PACKAGE EXPERIMENTAL XML FORMAT-->
<molecule name="nuc1758">
	<atoms>
		<a id="1" s="N" t="N.pl3" l="N"/>
		<a id="2" s="C" t="C.ar" l="C"/>
		<a id="3" s="C" t="C.ar" l="C"/>
		<a id="4" s="C" t="C.ar" l="C"/>
		<a id="5" s="C" t="C.ar" l="C"/>
		<a id="6" s="N" t="N.am" l="N"/>
		<a id="7" s="C" t="C.2" l="C"/>
		<a id="8" s="O" t="O.2" l="O"/>
		<a id="9" s="C" t="C.3" l="C"/>
		<a id="10" s="C" t="C.2" l="C"/>
		<a id="11" s="C" t="C.2" l="C"/>
		<a id="12" s="C" t="C.3" l="C"/>
		<a id="13" s="C" t="C.3" l="C"/>
		<a id="14" s="C" t="C.ar" l="C"/>
		<a id="15" s="C" t="C.ar" l="C"/>
		<a id="16" s="H" t="H" l="H"/>
		<a id="17" s="H" t="H" l="H"/>
		<a id="18" s="H" t="H" l="H"/>
		<a id="19" s="H" t="H" l="H"/>
		<a id="20" s="H" t="H" l="H"/>
		<a id="21" s="H" t="H" l="H"/>
		<a id="22" s="H" t="H" l="H"/>
		<a id="23" s="H" t="H" l="H"/>
		<a id="24" s="H" t="H" l="H"/>
		<a id="25" s="H" t="H" l="H"/>
		<a id="26" s="H" t="H" l="H"/>
		<a id="27" s="H" t="H" l="H"/>
	</atoms>
	<bonds>
		<b id="1" c="1 2" t="1"/>
		<b id="2" c="2 3" t="ar"/>
		<b id="3" c="3 4" t="ar"/>
		<b id="4" c="4 5" t="ar"/>
		<b id="5" c="5 6" t="1"/>
		<b id="6" c="6 7" t="am"/>
		<b id="7" c="7 8" t="2"/>
		<b id="8" c="7 9" t="1"/>
		<b id="9" c="9 10" t="1"/>
		<b id="10" c="10 11" t="2"/>
		<b id="11" c="11 12" t="1"/>
		<b id="12" c="6 12" t="1"/>
		<b id="13" c="12 13" t="1"/>
		<b id="14" c="9 13" t="1"/>
		<b id="15" c="5 14" t="ar"/>
		<b id="16" c="14 15" t="ar"/>
		<b id="17" c="2 15" t="ar"/>
		<b id="18" c="1 16" t="1"/>
		<b id="19" c="1 17" t="1"/>
		<b id="20" c="3 18" t="1"/>
		<b id="21" c="4 19" t="1"/>
		<b id="22" c="9 20" t="1"/>
		<b id="23" c="10 21" t="1"/>
		<b id="24" c="11 22" t="1"/>
		<b id="25" c="12 23" t="1"/>
		<b id="26" c="13 24" t="1"/>
		<b id="27" c="13 25" t="1"/>
		<b id="28" c="14 26" t="1"/>
		<b id="29" c="15 27" t="1"/>
	</bonds>
	<geometry>
		<g u="A" t="cart/3d">#27,3:2.2423,0.0060,0.0543;0.8605,0.0120,-0.0022;0.1756,1.0535,-0.6293;-1.2016,1.1078,-0.6133;-1.9380,0.1106,0.0223;-3.3368,0.1703,0.0429;-4.1519,0.6703,-0.9243;-3.8516,1.2807,-1.9210;-5.5741,0.2706,-0.4740;-5.5871,-1.2337,-0.6169;-4.7658,-1.7293,0.3006;-4.1747,-0.5333,1.0270;-5.3842,0.4051,1.0423;-1.2621,-0.9395,0.6368;0.1173,-0.9846,0.6284;2.7126,0.5569,-0.6460;2.6725,-0.8873,0.2330;0.7366,1.8302,-1.1287;-1.7176,1.9135,-1.1084;-6.3704,0.8222,-0.9621;-6.1411,-1.7533,-1.3752;-4.4847,-2.7495,0.4783;-3.6497,-0.7077,1.9618;-5.1388,1.4154,1.3677;-6.2258,0.0187,1.6150;-1.8112,-1.7375,1.1128;0.6305,-1.8046,1.1107;</g>
	</geometry>
	<conformers/>
	<properties/>
</molecule>
