<?xml version="1.0" ?>
<!--MOLLI PACKAGE EXPERIMENTAL XML FORMAT-->
<molecule name="nuc1761">
	<atoms>
		<a id="1" s="C" t="C.3" l="C"/>
		<a id="2" s="C" t="C.3" l="C"/>
		<a id="3" s="C" t="C.3" l="C"/>
		<a id="4" s="C" t="C.3" l="C"/>
		<a id="5" s="C" t="C.3" l="C"/>
		<a id="6" s="C" t="C.3" l="C"/>
		<a id="7" s="C" t="C.3" l="C"/>
		<a id="8" s="C" t="C.3" l="C"/>
		<a id="9" s="C" t="C.3" l="C"/>
		<a id="10" s="C" t="C.3" l="C"/>
		<a id="11" s="N" t="N.3" l="N"/>
		<a id="12" s="H" t="H" l="H"/>
		<a id="13" s="H" t="H" l="H"/>
		<a id="14" s="H" t="H" l="H"/>
		<a id="15" s="H" t="H" l="H"/>
		<a id="16" s="H" t="H" l="H"/>
		<a id="17" s="H" t="H" l="H"/>
		<a id="18" s="H" t="H" l="H"/>
		<a id="19" s="H" t="H" l="H"/>
		<a id="20" s="H" t="H" l="H"/>
		<a id="21" s="H" t="H" l="H"/>
		<a id="22" s="H" t="H" l="H"/>
		<a id="23" s="H" t="H" l="H"/>
		<a id="24" s="H" t="H" l="H"/>
		<a id="25" s="H" t="H" l="H"/>
		<a id="26" s="H" t="H" l="H"/>
		<a id="27" s="H" t="H" l="H"/>
		<a id="28" s="H" t="H" l="H"/>
		<a id="29" s="H" t="H" l="H"/>
		<a id="30" s="H" t="H" l="H"/>
		<a id="31" s="H" t="H" l="H"/>
		<a id="32" s="H" t="H" l="H"/>
		<a id="33" s="H" t="H" l="H"/>
		<a id="34" s="H" t="H" l="H"/>
	</atoms>
	<bonds>
		<b id="1" c="1 2" t="1"/>
		<b id="2" c="2 3" t="1"/>
		<b id="3" c="3 4" t="1"/>
		<b id="4" c="4 5" t="1"/>
		<b id="5" c="5 6" t="1"/>
		<b id="6" c="6 7" t="1"/>
		<b id="7" c="7 8" t="1"/>
		<b id="8" c="8 9" t="1"/>
		<b id="9" c="9 10" t="1"/>
		<b id="10" c="10 11" t="1"/>
		<b id="11" c="1 12" t="1"/>
		<b id="12" c="1 13" t="1"/>
		<b id="13" c="1 14" t="1"/>
		<b id="14" c="2 15" t="1"/>
		<b id="15" c="2 16" t="1"/>
		<b id="16" c="3 17" t="1"/>
		<b id="17" c="3 18" t="1"/>
		<b id="18" c="4 19" t="1"/>
		<b id="19" c="4 20" t="1"/>
		<b id="20" c="5 21" t="1"/>
		<b id="21" c="5 22" t="1"/>
		<b id="22" c="6 23" t="1"/>
		<b id="23" c="6 24" t="1"/>
		<b id="24" c="7 25" t="1"/>
		<b id="25" c="7 26" t="1"/>
		<b id="26" c="8 27" t="1"/>
		<b id="27" c="8 28" t="1"/>
		<b id="28" c="9 29" t="1"/>
		<b id="29" c="9 30" t="1"/>
		<b id="30" c="10 31" t="1"/>
		<b id="31" c="10 32" t="1"/>
		<b id="32" c="11 33" t="1"/>
		<b id="33" c="11 34" t="1"/>
	</bonds>
	<geometry>
		<g u="A" t="cart/3d">#34,3:0.8505,0.0282,0.1281;2.3739,0.0368,0.1034;2.9197,0.2751,-1.3024;4.4459,0.2847,-1.3335;4.9914,0.5219,-2.7396;6.5179,0.5300,-2.7696;7.0634,0.7591,-4.1770;8.5899,0.7634,-4.2082;9.1306,0.9736,-5.6194;10.6568,0.9691,-5.6587;11.1184,1.2594,-7.0076;0.4837,-0.1427,1.1378;0.4630,-0.7587,-0.5156;0.4580,0.9802,-0.2230;2.7481,-0.9190,0.4778;2.7431,0.8195,0.7704;2.5450,1.2308,-1.6769;2.5500,-0.5076,-1.9694;4.8203,-0.6708,-0.9579;4.8155,1.0675,-0.6665;4.6181,1.4775,-3.1154;4.6218,-0.2608,-3.4065;6.8907,-0.4240,-2.3890;6.8878,1.3158,-2.1066;6.6931,1.7137,-4.5576;6.6912,-0.0261,-4.8396;8.9615,-0.1867,-3.8157;8.9627,1.5568,-3.5564;8.7785,1.9271,-6.0156;8.7548,0.1835,-6.2746;11.0262,0.0029,-5.2711;11.0411,1.7575,-5.0048;10.7984,0.5390,-7.6473;12.1318,1.2734,-7.0411;</g>
	</geometry>
	<conformers/>
	<properties/>
</molecule>
