<?xml version="1.0" ?>
<!--MOLLI PACKAGE EXPERIMENTAL XML FORMAT-->
<molecule name="nuc1762">
	<atoms>
		<a id="1" s="C" t="C.3" l="C"/>
		<a id="2" s="C" t="C.3" l="C"/>
		<a id="3" s="C" t="C.3" l="C"/>
		<a id="4" s="C" t="C.3" l="C"/>
		<a id="5" s="O" t="O.3" l="O"/>
		<a id="6" s="C" t="C.2" l="C"/>
		<a id="7" s="O" t="O.2" l="O"/>
		<a id="8" s="N" t="N.am" l="N"/>
		<a id="9" s="C" t="C.3" l="C"/>
		<a id="10" s="C" t="C.3" l="C"/>
		<a id="11" s="C" t="C.3" l="C"/>
		<a id="12" s="C" t="C.3" l="C"/>
		<a id="13" s="C" t="C.2" l="C"/>
		<a id="14" s="N" t="N.am" l="N"/>
		<a id="15" s="O" t="O.2" l="O"/>
		<a id="16" s="C" t="C.3" l="C"/>
		<a id="17" s="C" t="C.3" l="C"/>
		<a id="18" s="H" t="H" l="H"/>
		<a id="19" s="H" t="H" l="H"/>
		<a id="20" s="H" t="H" l="H"/>
		<a id="21" s="H" t="H" l="H"/>
		<a id="22" s="H" t="H" l="H"/>
		<a id="23" s="H" t="H" l="H"/>
		<a id="24" s="H" t="H" l="H"/>
		<a id="25" s="H" t="H" l="H"/>
		<a id="26" s="H" t="H" l="H"/>
		<a id="27" s="H" t="H" l="H"/>
		<a id="28" s="H" t="H" l="H"/>
		<a id="29" s="H" t="H" l="H"/>
		<a id="30" s="H" t="H" l="H"/>
		<a id="31" s="H" t="H" l="H"/>
		<a id="32" s="H" t="H" l="H"/>
		<a id="33" s="H" t="H" l="H"/>
		<a id="34" s="H" t="H" l="H"/>
		<a id="35" s="H" t="H" l="H"/>
		<a id="36" s="H" t="H" l="H"/>
		<a id="37" s="H" t="H" l="H"/>
		<a id="38" s="H" t="H" l="H"/>
		<a id="39" s="H" t="H" l="H"/>
	</atoms>
	<bonds>
		<b id="1" c="1 2" t="1"/>
		<b id="2" c="2 3" t="1"/>
		<b id="3" c="2 4" t="1"/>
		<b id="4" c="2 5" t="1"/>
		<b id="5" c="5 6" t="1"/>
		<b id="6" c="6 7" t="2"/>
		<b id="7" c="6 8" t="am"/>
		<b id="8" c="9 10" t="1"/>
		<b id="9" c="10 11" t="1"/>
		<b id="10" c="11 12" t="1"/>
		<b id="11" c="13 14" t="am"/>
		<b id="12" c="13 15" t="2"/>
		<b id="13" c="12 16" t="1"/>
		<b id="14" c="16 17" t="1"/>
		<b id="15" c="9 17" t="1"/>
		<b id="16" c="9 8" t="1"/>
		<b id="17" c="12 13" t="1"/>
		<b id="18" c="1 18" t="1"/>
		<b id="19" c="1 19" t="1"/>
		<b id="20" c="1 20" t="1"/>
		<b id="21" c="3 21" t="1"/>
		<b id="22" c="3 22" t="1"/>
		<b id="23" c="3 23" t="1"/>
		<b id="24" c="4 24" t="1"/>
		<b id="25" c="4 25" t="1"/>
		<b id="26" c="4 26" t="1"/>
		<b id="27" c="8 27" t="1"/>
		<b id="28" c="9 28" t="1"/>
		<b id="29" c="10 29" t="1"/>
		<b id="30" c="10 30" t="1"/>
		<b id="31" c="11 31" t="1"/>
		<b id="32" c="11 32" t="1"/>
		<b id="33" c="12 33" t="1"/>
		<b id="34" c="14 34" t="1"/>
		<b id="35" c="14 35" t="1"/>
		<b id="36" c="16 36" t="1"/>
		<b id="37" c="16 37" t="1"/>
		<b id="38" c="17 38" t="1"/>
		<b id="39" c="17 39" t="1"/>
	</bonds>
	<geometry>
		<g u="A" t="cart/3d">#39,3:5.0334,-1.1208,-8.3975;6.5277,-1.2647,-8.1092;6.9311,-2.7379,-8.0396;7.3488,-0.5348,-9.1736;6.8729,-0.5936,-6.8756;6.3085,-0.9790,-5.7099;5.5009,-1.8651,-5.5623;6.7903,-0.2135,-4.7084;6.3699,-0.3796,-3.3291;6.9874,-1.6409,-2.7143;8.5004,-1.5018,-2.5952;8.8666,-0.2978,-1.7171;8.4238,-0.5158,-0.2713;9.0715,-1.5318,0.3482;7.5938,0.1491,0.3052;8.2547,0.9776,-2.3033;6.7450,0.8501,-2.5084;4.8048,-1.5511,-9.3685;4.7534,-0.0695,-8.4011;4.4553,-1.6357,-7.6355;6.7331,-3.2184,-8.9936;6.3618,-3.2425,-7.2639;7.9918,-2.8251,-7.8127;7.1665,-0.9753,-10.1492;8.4084,-0.6079,-8.9428;7.0732,0.5161,-9.2007;7.4700,0.4920,-4.9365;5.2796,-0.5031,-3.3420;6.7335,-2.4961,-3.3414;6.5500,-1.7954,-1.7269;8.9281,-1.3556,-3.5899;8.9229,-2.4219,-2.1859;9.9584,-0.1893,-1.6990;8.8329,-1.7449,1.3024;9.7777,-2.0819,-0.1052;8.7526,1.1975,-3.2511;8.4452,1.8103,-1.6243;6.3646,1.7497,-2.9964;6.2724,0.7692,-1.5302;</g>
	</geometry>
	<conformers/>
	<properties/>
</molecule>
