<?xml version="1.0" ?>
<!--MOLLI PACKAGE EXPERIMENTAL XML FORMAT-->
<molecule name="nuc1764">
	<atoms>
		<a id="1" s="C" t="C.3" l="C"/>
		<a id="2" s="C" t="C.3" l="C"/>
		<a id="3" s="N" t="N.ar" l="N"/>
		<a id="4" s="C" t="C.ar" l="C"/>
		<a id="5" s="C" t="C.ar" l="C"/>
		<a id="6" s="N" t="N.pl3" l="N"/>
		<a id="7" s="C" t="C.ar" l="C"/>
		<a id="8" s="C" t="C.3" l="C"/>
		<a id="9" s="N" t="N.ar" l="N"/>
		<a id="10" s="H" t="H" l="H"/>
		<a id="11" s="H" t="H" l="H"/>
		<a id="12" s="H" t="H" l="H"/>
		<a id="13" s="H" t="H" l="H"/>
		<a id="14" s="H" t="H" l="H"/>
		<a id="15" s="H" t="H" l="H"/>
		<a id="16" s="H" t="H" l="H"/>
		<a id="17" s="H" t="H" l="H"/>
		<a id="18" s="H" t="H" l="H"/>
		<a id="19" s="H" t="H" l="H"/>
		<a id="20" s="H" t="H" l="H"/>
	</atoms>
	<bonds>
		<b id="1" c="1 2" t="1"/>
		<b id="2" c="2 3" t="1"/>
		<b id="3" c="3 4" t="ar"/>
		<b id="4" c="4 5" t="ar"/>
		<b id="5" c="5 6" t="1"/>
		<b id="6" c="5 7" t="ar"/>
		<b id="7" c="7 8" t="1"/>
		<b id="8" c="7 9" t="ar"/>
		<b id="9" c="3 9" t="ar"/>
		<b id="10" c="1 10" t="1"/>
		<b id="11" c="1 11" t="1"/>
		<b id="12" c="1 12" t="1"/>
		<b id="13" c="2 13" t="1"/>
		<b id="14" c="2 14" t="1"/>
		<b id="15" c="4 15" t="1"/>
		<b id="16" c="6 16" t="1"/>
		<b id="17" c="6 17" t="1"/>
		<b id="18" c="8 18" t="1"/>
		<b id="19" c="8 19" t="1"/>
		<b id="20" c="8 20" t="1"/>
	</bonds>
	<geometry>
		<g u="A" t="cart/3d">#20,3:1.1689,0.4989,0.6815;2.3446,-0.1298,-0.0652;2.8319,-1.3017,0.6058;3.6630,-1.3548,1.6764;3.8012,-2.6861,2.0089;4.6241,-3.2584,2.9791;2.9944,-3.3724,1.0720;2.7772,-4.8407,0.9648;2.4215,-2.5115,0.2459;0.8078,1.3710,0.1432;1.4713,0.8043,1.6806;0.3593,-0.2212,0.7686;3.1624,0.5913,-0.1576;2.0276,-0.4430,-1.0622;4.0964,-0.4726,2.1024;4.8301,-2.6364,3.7481;4.2824,-4.1520,3.3032;2.3855,-5.2431,1.9006;3.7152,-5.3492,0.7424;2.0664,-5.0401,0.1686;</g>
	</geometry>
	<conformers/>
	<properties/>
</molecule>
