<?xml version="1.0" ?>
<!--MOLLI PACKAGE EXPERIMENTAL XML FORMAT-->
<molecule name="nuc1768">
	<atoms>
		<a id="1" s="C" t="C.1" l="C"/>
		<a id="2" s="C" t="C.1" l="C"/>
		<a id="3" s="C" t="C.3" l="C"/>
		<a id="4" s="C" t="C.3" l="C"/>
		<a id="5" s="C" t="C.3" l="C"/>
		<a id="6" s="C" t="C.2" l="C"/>
		<a id="7" s="O" t="O.2" l="O"/>
		<a id="8" s="N" t="N.am" l="N"/>
		<a id="9" s="C" t="C.ar" l="C"/>
		<a id="10" s="C" t="C.ar" l="C"/>
		<a id="11" s="C" t="C.ar" l="C"/>
		<a id="12" s="C" t="C.ar" l="C"/>
		<a id="13" s="C" t="C.2" l="C"/>
		<a id="14" s="O" t="O.2" l="O"/>
		<a id="15" s="C" t="C.ar" l="C"/>
		<a id="16" s="C" t="C.ar" l="C"/>
		<a id="17" s="C" t="C.ar" l="C"/>
		<a id="18" s="C" t="C.ar" l="C"/>
		<a id="19" s="N" t="N.pl3" l="N"/>
		<a id="20" s="C" t="C.ar" l="C"/>
		<a id="21" s="C" t="C.ar" l="C"/>
		<a id="22" s="C" t="C.ar" l="C"/>
		<a id="23" s="C" t="C.ar" l="C"/>
		<a id="24" s="H" t="H" l="H"/>
		<a id="25" s="H" t="H" l="H"/>
		<a id="26" s="H" t="H" l="H"/>
		<a id="27" s="H" t="H" l="H"/>
		<a id="28" s="H" t="H" l="H"/>
		<a id="29" s="H" t="H" l="H"/>
		<a id="30" s="H" t="H" l="H"/>
		<a id="31" s="H" t="H" l="H"/>
		<a id="32" s="H" t="H" l="H"/>
		<a id="33" s="H" t="H" l="H"/>
		<a id="34" s="H" t="H" l="H"/>
		<a id="35" s="H" t="H" l="H"/>
		<a id="36" s="H" t="H" l="H"/>
		<a id="37" s="H" t="H" l="H"/>
		<a id="38" s="H" t="H" l="H"/>
		<a id="39" s="H" t="H" l="H"/>
		<a id="40" s="H" t="H" l="H"/>
		<a id="41" s="H" t="H" l="H"/>
	</atoms>
	<bonds>
		<b id="1" c="1 2" t="3"/>
		<b id="2" c="2 3" t="1"/>
		<b id="3" c="3 4" t="1"/>
		<b id="4" c="4 5" t="1"/>
		<b id="5" c="5 6" t="1"/>
		<b id="6" c="6 7" t="2"/>
		<b id="7" c="6 8" t="am"/>
		<b id="8" c="8 9" t="1"/>
		<b id="9" c="9 10" t="ar"/>
		<b id="10" c="10 11" t="ar"/>
		<b id="11" c="11 12" t="ar"/>
		<b id="12" c="12 13" t="1"/>
		<b id="13" c="13 14" t="2"/>
		<b id="14" c="13 15" t="1"/>
		<b id="15" c="15 16" t="ar"/>
		<b id="16" c="16 17" t="ar"/>
		<b id="17" c="17 18" t="ar"/>
		<b id="18" c="18 19" t="1"/>
		<b id="19" c="18 20" t="ar"/>
		<b id="20" c="20 21" t="ar"/>
		<b id="21" c="15 21" t="ar"/>
		<b id="22" c="12 22" t="ar"/>
		<b id="23" c="22 23" t="ar"/>
		<b id="24" c="9 23" t="ar"/>
		<b id="25" c="1 24" t="1"/>
		<b id="26" c="3 25" t="1"/>
		<b id="27" c="3 26" t="1"/>
		<b id="28" c="4 27" t="1"/>
		<b id="29" c="4 28" t="1"/>
		<b id="30" c="5 29" t="1"/>
		<b id="31" c="5 30" t="1"/>
		<b id="32" c="8 31" t="1"/>
		<b id="33" c="10 32" t="1"/>
		<b id="34" c="11 33" t="1"/>
		<b id="35" c="16 34" t="1"/>
		<b id="36" c="17 35" t="1"/>
		<b id="37" c="19 36" t="1"/>
		<b id="38" c="19 37" t="1"/>
		<b id="39" c="20 38" t="1"/>
		<b id="40" c="21 39" t="1"/>
		<b id="41" c="22 40" t="1"/>
		<b id="42" c="23 41" t="1"/>
	</bonds>
	<geometry>
		<g u="A" t="cart/3d">#41,3:7.6557,-2.0848,-2.2789;6.5705,-1.5962,-2.4107;5.2748,-0.9638,-2.5567;4.9025,-0.1147,-1.3334;5.9692,0.9251,-0.9655;6.2248,1.8762,-2.1244;5.5884,2.8923,-2.2891;7.2183,1.4367,-2.9509;7.6860,1.9947,-4.1404;7.2919,3.2500,-4.5981;7.7872,3.7347,-5.7927;8.6881,2.9879,-6.5483;9.2745,3.4961,-7.8158;10.4345,3.2602,-8.1072;8.3950,4.2862,-8.6973;7.0081,4.1270,-8.7180;6.2320,4.8580,-9.5889;6.8144,5.7818,-10.4630;6.0345,6.5611,-11.2764;8.2053,5.9321,-10.4516;8.9774,5.1874,-9.5922;9.1036,1.7473,-6.0676;8.6007,1.2491,-4.8863;8.5949,-2.5396,-2.1688;4.5197,-1.7428,-2.6956;5.2821,-0.3414,-3.4566;4.7500,-0.7705,-0.4733;3.9622,0.3989,-1.5415;6.8916,0.4212,-0.6722;5.6045,1.5152,-0.1237;7.6252,0.5360,-2.7255;6.5993,3.8341,-4.0159;7.4899,4.7167,-6.1295;6.5390,3.4028,-8.0684;5.1600,4.7209,-9.6064;5.0827,6.2738,-11.4283;6.4827,7.0289,-12.0457;8.6654,6.6370,-11.1293;10.0521,5.2920,-9.5868;9.8194,1.1806,-6.6440;8.9125,0.2775,-4.5280;</g>
	</geometry>
	<conformers/>
	<properties/>
</molecule>
