<?xml version="1.0" ?>
<!--MOLLI PACKAGE EXPERIMENTAL XML FORMAT-->
<molecule name="nuc1770">
	<atoms>
		<a id="1" s="N" t="N.pl3" l="N"/>
		<a id="2" s="C" t="C.ar" l="C"/>
		<a id="3" s="N" t="N.ar" l="N"/>
		<a id="4" s="C" t="C.ar" l="C"/>
		<a id="5" s="C" t="C.ar" l="C"/>
		<a id="6" s="C" t="C.ar" l="C"/>
		<a id="7" s="C" t="C.ar" l="C"/>
		<a id="8" s="N" t="N.ar" l="N"/>
		<a id="9" s="C" t="C.ar" l="C"/>
		<a id="10" s="C" t="C.ar" l="C"/>
		<a id="11" s="C" t="C.ar" l="C"/>
		<a id="12" s="C" t="C.ar" l="C"/>
		<a id="13" s="N" t="N.pl3" l="N"/>
		<a id="14" s="C" t="C.3" l="C"/>
		<a id="15" s="C" t="C.3" l="C"/>
		<a id="16" s="N" t="N.3" l="N"/>
		<a id="17" s="C" t="C.3" l="C"/>
		<a id="18" s="C" t="C.3" l="C"/>
		<a id="19" s="O" t="O.3" l="O"/>
		<a id="20" s="C" t="C.3" l="C"/>
		<a id="21" s="C" t="C.3" l="C"/>
		<a id="22" s="N" t="N.ar" l="N"/>
		<a id="23" s="N" t="N.ar" l="N"/>
		<a id="24" s="C" t="C.ar" l="C"/>
		<a id="25" s="N" t="N.ar" l="N"/>
		<a id="26" s="H" t="H" l="H"/>
		<a id="27" s="H" t="H" l="H"/>
		<a id="28" s="H" t="H" l="H"/>
		<a id="29" s="H" t="H" l="H"/>
		<a id="30" s="H" t="H" l="H"/>
		<a id="31" s="H" t="H" l="H"/>
		<a id="32" s="H" t="H" l="H"/>
		<a id="33" s="H" t="H" l="H"/>
		<a id="34" s="H" t="H" l="H"/>
		<a id="35" s="H" t="H" l="H"/>
		<a id="36" s="H" t="H" l="H"/>
		<a id="37" s="H" t="H" l="H"/>
		<a id="38" s="H" t="H" l="H"/>
		<a id="39" s="H" t="H" l="H"/>
		<a id="40" s="H" t="H" l="H"/>
		<a id="41" s="H" t="H" l="H"/>
		<a id="42" s="H" t="H" l="H"/>
		<a id="43" s="H" t="H" l="H"/>
		<a id="44" s="H" t="H" l="H"/>
		<a id="45" s="H" t="H" l="H"/>
	</atoms>
	<bonds>
		<b id="1" c="1 2" t="1"/>
		<b id="2" c="2 3" t="ar"/>
		<b id="3" c="3 4" t="ar"/>
		<b id="4" c="4 5" t="ar"/>
		<b id="5" c="5 6" t="1"/>
		<b id="6" c="6 7" t="ar"/>
		<b id="7" c="7 8" t="ar"/>
		<b id="8" c="8 9" t="ar"/>
		<b id="9" c="9 10" t="ar"/>
		<b id="10" c="10 11" t="ar"/>
		<b id="11" c="11 12" t="ar"/>
		<b id="12" c="12 13" t="1"/>
		<b id="13" c="13 14" t="1"/>
		<b id="14" c="14 15" t="1"/>
		<b id="15" c="15 16" t="1"/>
		<b id="16" c="16 17" t="1"/>
		<b id="17" c="17 18" t="1"/>
		<b id="18" c="18 19" t="1"/>
		<b id="19" c="19 20" t="1"/>
		<b id="20" c="20 21" t="1"/>
		<b id="21" c="16 21" t="1"/>
		<b id="22" c="12 22" t="ar"/>
		<b id="23" c="22 23" t="ar"/>
		<b id="24" c="6 23" t="ar"/>
		<b id="25" c="9 23" t="ar"/>
		<b id="26" c="5 24" t="ar"/>
		<b id="27" c="24 25" t="ar"/>
		<b id="28" c="2 25" t="ar"/>
		<b id="29" c="1 26" t="1"/>
		<b id="30" c="1 27" t="1"/>
		<b id="31" c="4 28" t="1"/>
		<b id="32" c="7 29" t="1"/>
		<b id="33" c="10 30" t="1"/>
		<b id="34" c="11 31" t="1"/>
		<b id="35" c="13 32" t="1"/>
		<b id="36" c="14 33" t="1"/>
		<b id="37" c="14 34" t="1"/>
		<b id="38" c="15 35" t="1"/>
		<b id="39" c="15 36" t="1"/>
		<b id="40" c="17 37" t="1"/>
		<b id="41" c="17 38" t="1"/>
		<b id="42" c="18 39" t="1"/>
		<b id="43" c="18 40" t="1"/>
		<b id="44" c="20 41" t="1"/>
		<b id="45" c="20 42" t="1"/>
		<b id="46" c="21 43" t="1"/>
		<b id="47" c="21 44" t="1"/>
		<b id="48" c="24 45" t="1"/>
	</bonds>
	<geometry>
		<g u="A" t="cart/3d">#45,3:-2.1990,-0.0462,-1.1814;-0.8763,-0.1761,-0.9458;-0.4306,0.1981,0.2587;0.8640,0.1085,0.4711;1.7654,-0.3570,-0.4954;3.1792,-0.4630,-0.2320;3.8791,-0.3171,0.9657;5.1900,-0.5129,0.8045;5.3560,-0.7810,-0.4839;6.5091,-1.0759,-1.2260;6.3714,-1.3086,-2.5608;5.0717,-1.2393,-3.1516;4.9409,-1.3868,-4.4962;3.6519,-1.4521,-5.1387;2.9851,-2.8329,-4.9995;1.7979,-2.8914,-5.8312;0.6006,-2.3281,-5.2202;-0.0483,-3.2798,-4.2075;-0.3355,-4.5364,-4.7899;0.8325,-5.1239,-5.3207;1.4799,-4.2054,-6.3653;3.9855,-0.9861,-2.4554;4.1406,-0.7596,-1.1520;1.1789,-0.7221,-1.7123;-0.1158,-0.6385,-1.9425;-2.8006,0.1712,-0.4081;-2.5764,-0.4451,-2.0212;1.1991,0.4213,1.4512;3.4809,-0.0875,1.9342;7.4608,-1.1092,-0.7219;7.2199,-1.5380,-3.1858;5.7141,-1.8188,-4.9765;3.7785,-1.2251,-6.1987;3.0227,-0.6854,-4.6855;2.7909,-3.0234,-3.9345;3.6904,-3.5913,-5.3520;-0.1101,-2.1348,-6.0293;0.8400,-1.3842,-4.7339;-0.9987,-2.8756,-3.8594;0.6110,-3.4172,-3.3375;0.5211,-6.0679,-5.7712;1.5492,-5.3324,-4.5096;0.7706,-4.0557,-7.1856;2.3845,-4.6659,-6.7668;1.7834,-1.0973,-2.5244;</g>
	</geometry>
	<conformers/>
	<properties/>
</molecule>
