<?xml version="1.0" ?>
<!--MOLLI PACKAGE EXPERIMENTAL XML FORMAT-->
<molecule name="nuc1771">
	<atoms>
		<a id="1" s="N" t="N.pl3" l="N"/>
		<a id="2" s="C" t="C.ar" l="C"/>
		<a id="3" s="C" t="C.ar" l="C"/>
		<a id="4" s="C" t="C.ar" l="C"/>
		<a id="5" s="C" t="C.ar" l="C"/>
		<a id="6" s="C" t="C.ar" l="C"/>
		<a id="7" s="C" t="C.ar" l="C"/>
		<a id="8" s="N" t="N.ar" l="N"/>
		<a id="9" s="C" t="C.ar" l="C"/>
		<a id="10" s="C" t="C.ar" l="C"/>
		<a id="11" s="C" t="C.ar" l="C"/>
		<a id="12" s="C" t="C.ar" l="C"/>
		<a id="13" s="N" t="N.pl3" l="N"/>
		<a id="14" s="C" t="C.3" l="C"/>
		<a id="15" s="C" t="C.3" l="C"/>
		<a id="16" s="C" t="C.3" l="C"/>
		<a id="17" s="C" t="C.3" l="C"/>
		<a id="18" s="N" t="N.3" l="N"/>
		<a id="19" s="C" t="C.3" l="C"/>
		<a id="20" s="C" t="C.3" l="C"/>
		<a id="21" s="C" t="C.3" l="C"/>
		<a id="22" s="C" t="C.3" l="C"/>
		<a id="23" s="C" t="C.3" l="C"/>
		<a id="24" s="C" t="C.3" l="C"/>
		<a id="25" s="N" t="N.ar" l="N"/>
		<a id="26" s="N" t="N.ar" l="N"/>
		<a id="27" s="C" t="C.ar" l="C"/>
		<a id="28" s="C" t="C.ar" l="C"/>
		<a id="29" s="H" t="H" l="H"/>
		<a id="30" s="H" t="H" l="H"/>
		<a id="31" s="H" t="H" l="H"/>
		<a id="32" s="H" t="H" l="H"/>
		<a id="33" s="H" t="H" l="H"/>
		<a id="34" s="H" t="H" l="H"/>
		<a id="35" s="H" t="H" l="H"/>
		<a id="36" s="H" t="H" l="H"/>
		<a id="37" s="H" t="H" l="H"/>
		<a id="38" s="H" t="H" l="H"/>
		<a id="39" s="H" t="H" l="H"/>
		<a id="40" s="H" t="H" l="H"/>
		<a id="41" s="H" t="H" l="H"/>
		<a id="42" s="H" t="H" l="H"/>
		<a id="43" s="H" t="H" l="H"/>
		<a id="44" s="H" t="H" l="H"/>
		<a id="45" s="H" t="H" l="H"/>
		<a id="46" s="H" t="H" l="H"/>
		<a id="47" s="H" t="H" l="H"/>
		<a id="48" s="H" t="H" l="H"/>
		<a id="49" s="H" t="H" l="H"/>
		<a id="50" s="H" t="H" l="H"/>
		<a id="51" s="H" t="H" l="H"/>
		<a id="52" s="H" t="H" l="H"/>
		<a id="53" s="H" t="H" l="H"/>
		<a id="54" s="H" t="H" l="H"/>
		<a id="55" s="H" t="H" l="H"/>
		<a id="56" s="H" t="H" l="H"/>
	</atoms>
	<bonds>
		<b id="1" c="1 2" t="1"/>
		<b id="2" c="2 3" t="ar"/>
		<b id="3" c="3 4" t="ar"/>
		<b id="4" c="4 5" t="ar"/>
		<b id="5" c="5 6" t="1"/>
		<b id="6" c="6 7" t="ar"/>
		<b id="7" c="7 8" t="ar"/>
		<b id="8" c="8 9" t="ar"/>
		<b id="9" c="9 10" t="ar"/>
		<b id="10" c="10 11" t="ar"/>
		<b id="11" c="11 12" t="ar"/>
		<b id="12" c="12 13" t="1"/>
		<b id="13" c="14 15" t="1"/>
		<b id="14" c="15 16" t="1"/>
		<b id="15" c="16 17" t="1"/>
		<b id="16" c="18 19" t="1"/>
		<b id="17" c="19 20" t="1"/>
		<b id="18" c="20 21" t="1"/>
		<b id="19" c="21 22" t="1"/>
		<b id="20" c="18 22" t="1"/>
		<b id="21" c="17 23" t="1"/>
		<b id="22" c="23 24" t="1"/>
		<b id="23" c="14 24" t="1"/>
		<b id="24" c="12 25" t="ar"/>
		<b id="25" c="25 26" t="ar"/>
		<b id="26" c="6 26" t="ar"/>
		<b id="27" c="9 26" t="ar"/>
		<b id="28" c="5 27" t="ar"/>
		<b id="29" c="27 28" t="ar"/>
		<b id="30" c="2 28" t="ar"/>
		<b id="31" c="17 18" t="1"/>
		<b id="32" c="14 13" t="1"/>
		<b id="33" c="1 29" t="1"/>
		<b id="34" c="1 30" t="1"/>
		<b id="35" c="3 31" t="1"/>
		<b id="36" c="4 32" t="1"/>
		<b id="37" c="7 33" t="1"/>
		<b id="38" c="10 34" t="1"/>
		<b id="39" c="11 35" t="1"/>
		<b id="40" c="13 36" t="1"/>
		<b id="41" c="14 37" t="1"/>
		<b id="42" c="15 38" t="1"/>
		<b id="43" c="15 39" t="1"/>
		<b id="44" c="16 40" t="1"/>
		<b id="45" c="16 41" t="1"/>
		<b id="46" c="17 42" t="1"/>
		<b id="47" c="19 43" t="1"/>
		<b id="48" c="19 44" t="1"/>
		<b id="49" c="20 45" t="1"/>
		<b id="50" c="20 46" t="1"/>
		<b id="51" c="21 47" t="1"/>
		<b id="52" c="21 48" t="1"/>
		<b id="53" c="22 49" t="1"/>
		<b id="54" c="22 50" t="1"/>
		<b id="55" c="23 51" t="1"/>
		<b id="56" c="23 52" t="1"/>
		<b id="57" c="24 53" t="1"/>
		<b id="58" c="24 54" t="1"/>
		<b id="59" c="27 55" t="1"/>
		<b id="60" c="28 56" t="1"/>
	</bonds>
	<geometry>
		<g u="A" t="cart/3d">#56,3:-2.3091,3.4442,1.5226;-2.2019,3.9959,0.2603;-1.2479,4.9780,-0.0104;-1.0936,5.4775,-1.2841;-1.8858,5.0199,-2.3419;-1.7055,5.5700,-3.6686;-0.7686,6.5007,-4.1214;-0.9189,6.7790,-5.4187;-1.9442,6.0411,-5.8225;-2.5592,5.9317,-7.0771;-3.6186,5.0854,-7.2015;-4.0555,4.3453,-6.0591;-5.0775,3.4669,-6.1919;-5.6432,2.7308,-5.0820;-6.4443,3.6289,-4.1318;-7.7228,4.1364,-4.7882;-8.6221,2.9569,-5.1924;-8.9782,2.1906,-3.9968;-9.6196,0.9019,-4.2080;-11.1172,1.1825,-4.4383;-11.3547,2.4813,-3.6559;-9.9470,2.8686,-3.1461;-7.8280,2.1326,-6.2122;-6.5291,1.6024,-5.6078;-3.4864,4.4507,-4.8785;-2.4498,5.2831,-4.7745;-2.8388,4.0365,-2.0660;-2.9941,3.5363,-0.7914;-1.9452,3.9966,2.2822;-3.1743,2.9710,1.7276;-0.6267,5.3471,0.7939;-0.3516,6.2401,-1.4611;0.0102,6.9770,-3.5591;-2.1798,6.5177,-7.8982;-4.1337,4.9564,-8.1408;-5.6092,3.5097,-7.0446;-4.7946,2.3088,-4.5303;-5.8182,4.4660,-3.8223;-6.7130,3.0475,-3.2504;-7.4828,4.7180,-5.6812;-8.2386,4.8056,-4.0999;-9.5233,3.3521,-5.6976;-9.4950,0.3349,-3.2794;-9.1666,0.3303,-5.0121;-11.7365,0.3610,-4.0838;-11.3156,1.3231,-5.5013;-12.0446,2.3414,-2.8259;-11.7586,3.2621,-4.3001;-9.8053,2.4914,-2.1288;-9.7963,3.9448,-3.1324;-7.6141,2.7831,-7.0642;-8.4208,1.3046,-6.6023;-5.9805,1.0223,-6.3533;-6.7736,0.9465,-4.7728;-3.4630,3.6703,-2.8638;-3.7388,2.7762,-0.5985;</g>
	</geometry>
	<conformers/>
	<properties/>
</molecule>
