<?xml version="1.0" ?>
<!--MOLLI PACKAGE EXPERIMENTAL XML FORMAT-->
<molecule name="nuc1600">
	<atoms>
		<a id="1" s="C" t="C.3" l="C"/>
		<a id="2" s="C" t="C.3" l="C"/>
		<a id="3" s="O" t="O.3" l="O"/>
		<a id="4" s="C" t="C.2" l="C"/>
		<a id="5" s="O" t="O.2" l="O"/>
		<a id="6" s="C" t="C.3" l="CA"/>
		<a id="7" s="N" t="N.3" l="N"/>
		<a id="8" s="C" t="C.3" l="C"/>
		<a id="9" s="O" t="O.3" l="O"/>
		<a id="10" s="H" t="H" l="H"/>
		<a id="11" s="H" t="H" l="H"/>
		<a id="12" s="H" t="H" l="H"/>
		<a id="13" s="H" t="H" l="H"/>
		<a id="14" s="H" t="H" l="H"/>
		<a id="15" s="H" t="H" l="HA"/>
		<a id="16" s="H" t="H" l="H1"/>
		<a id="17" s="H" t="H" l="H2"/>
		<a id="18" s="H" t="H" l="H1"/>
		<a id="19" s="H" t="H" l="H2"/>
		<a id="20" s="H" t="H" l="H"/>
	</atoms>
	<bonds>
		<b id="1" c="1 2" t="1"/>
		<b id="2" c="2 3" t="1"/>
		<b id="3" c="3 4" t="1"/>
		<b id="4" c="4 5" t="2"/>
		<b id="5" c="4 6" t="1"/>
		<b id="6" c="6 7" t="1"/>
		<b id="7" c="6 8" t="1"/>
		<b id="8" c="8 9" t="1"/>
		<b id="9" c="1 10" t="1"/>
		<b id="10" c="1 11" t="1"/>
		<b id="11" c="1 12" t="1"/>
		<b id="12" c="2 13" t="1"/>
		<b id="13" c="2 14" t="1"/>
		<b id="14" c="6 15" t="1"/>
		<b id="15" c="7 16" t="1"/>
		<b id="16" c="7 17" t="1"/>
		<b id="17" c="8 18" t="1"/>
		<b id="18" c="8 19" t="1"/>
		<b id="19" c="9 20" t="1"/>
	</bonds>
	<geometry>
		<g u="A" t="cart/3d">#20,3:2.1677,2.0180,0.2083;2.5868,0.5628,0.3530;3.1905,0.3141,1.6258;4.4727,0.6636,1.7697;5.1471,1.1432,0.8973;4.9773,0.3606,3.1789;4.0507,-0.3509,4.0413;6.2814,-0.4548,3.0954;6.8458,-0.6278,4.3623;1.6607,2.1559,-0.7423;3.0445,2.6602,0.2356;1.4947,2.3008,1.0144;3.3008,0.2947,-0.4323;1.7228,-0.1041,0.3180;5.2129,1.3218,3.6540;3.7623,-1.2191,3.5993;3.2138,0.1984,4.2001;7.0126,0.0702,2.4794;6.0612,-1.4297,2.6326;6.1268,-0.8767,4.9594;</g>
	</geometry>
	<conformers/>
	<properties/>
</molecule>
