<?xml version="1.0" ?>
<!--MOLLI PACKAGE EXPERIMENTAL XML FORMAT-->
<molecule name="nuc1774">
	<atoms>
		<a id="1" s="C" t="C.3" l="C"/>
		<a id="2" s="C" t="C.ar" l="C"/>
		<a id="3" s="C" t="C.ar" l="C"/>
		<a id="4" s="C" t="C.ar" l="C"/>
		<a id="5" s="C" t="C.2" l="C"/>
		<a id="6" s="C" t="C.2" l="C"/>
		<a id="7" s="C" t="C.1" l="C"/>
		<a id="8" s="N" t="N.1" l="N"/>
		<a id="9" s="C" t="C.ar" l="C"/>
		<a id="10" s="C" t="C.ar" l="C"/>
		<a id="11" s="F" t="F" l="F"/>
		<a id="12" s="C" t="C.ar" l="C"/>
		<a id="13" s="N" t="N.pl3" l="N"/>
		<a id="14" s="H" t="H" l="H"/>
		<a id="15" s="H" t="H" l="H"/>
		<a id="16" s="H" t="H" l="H"/>
		<a id="17" s="H" t="H" l="H"/>
		<a id="18" s="H" t="H" l="H"/>
		<a id="19" s="H" t="H" l="H"/>
		<a id="20" s="H" t="H" l="H"/>
		<a id="21" s="H" t="H" l="H"/>
		<a id="22" s="H" t="H" l="H"/>
	</atoms>
	<bonds>
		<b id="1" c="1 2" t="1"/>
		<b id="2" c="2 3" t="ar"/>
		<b id="3" c="3 4" t="ar"/>
		<b id="4" c="4 5" t="1"/>
		<b id="5" c="5 6" t="2"/>
		<b id="6" c="6 7" t="1"/>
		<b id="7" c="7 8" t="3"/>
		<b id="8" c="4 9" t="ar"/>
		<b id="9" c="9 10" t="ar"/>
		<b id="10" c="10 11" t="1"/>
		<b id="11" c="10 12" t="ar"/>
		<b id="12" c="2 12" t="ar"/>
		<b id="13" c="12 13" t="1"/>
		<b id="14" c="1 14" t="1"/>
		<b id="15" c="1 15" t="1"/>
		<b id="16" c="1 16" t="1"/>
		<b id="17" c="3 17" t="1"/>
		<b id="18" c="5 18" t="1"/>
		<b id="19" c="6 19" t="1"/>
		<b id="20" c="9 20" t="1"/>
		<b id="21" c="13 21" t="1"/>
		<b id="22" c="13 22" t="1"/>
	</bonds>
	<geometry>
		<g u="A" t="cart/3d">#22,3:1.0019,-0.0877,0.0526;2.5023,-0.0796,0.0418;3.2200,-1.2543,0.1318;4.6190,-1.2856,0.1147;5.3887,-2.5024,0.2101;4.9077,-3.7508,0.3471;5.7558,-4.8631,0.4315;6.4423,-5.7815,0.5006;5.2983,-0.0679,-0.0001;4.5844,1.0997,-0.0845;5.2513,2.2814,-0.1801;3.1855,1.1457,-0.0641;2.5317,2.3394,-0.2109;0.6266,-1.1066,0.0827;0.6111,0.3977,-0.8410;0.6169,0.4411,0.9258;2.6708,-2.1790,0.2159;6.4643,-2.3746,0.1679;3.8510,-3.9707,0.4021;6.3763,-0.0305,-0.0178;3.0867,3.1730,-0.1072;1.5795,2.3994,0.1037;</g>
	</geometry>
	<conformers/>
	<properties/>
</molecule>
