<?xml version="1.0" ?>
<!--MOLLI PACKAGE EXPERIMENTAL XML FORMAT-->
<molecule name="nuc1778">
	<atoms>
		<a id="1" s="C" t="C.3" l="C"/>
		<a id="2" s="C" t="C.3" l="C"/>
		<a id="3" s="C" t="C.3" l="C"/>
		<a id="4" s="C" t="C.3" l="C"/>
		<a id="5" s="O" t="O.3" l="O"/>
		<a id="6" s="C" t="C.2" l="C"/>
		<a id="7" s="O" t="O.2" l="O"/>
		<a id="8" s="N" t="N.am" l="N"/>
		<a id="9" s="C" t="C.3" l="C"/>
		<a id="10" s="C" t="C.3" l="C"/>
		<a id="11" s="C" t="C.3" l="C"/>
		<a id="12" s="C" t="C.3" l="C"/>
		<a id="13" s="C" t="C.3" l="C"/>
		<a id="14" s="C" t="C.3" l="C"/>
		<a id="15" s="N" t="N.3" l="N"/>
		<a id="16" s="C" t="C.3" l="C"/>
		<a id="17" s="H" t="H" l="H"/>
		<a id="18" s="H" t="H" l="H"/>
		<a id="19" s="H" t="H" l="H"/>
		<a id="20" s="H" t="H" l="H"/>
		<a id="21" s="H" t="H" l="H"/>
		<a id="22" s="H" t="H" l="H"/>
		<a id="23" s="H" t="H" l="H"/>
		<a id="24" s="H" t="H" l="H"/>
		<a id="25" s="H" t="H" l="H"/>
		<a id="26" s="H" t="H" l="H"/>
		<a id="27" s="H" t="H" l="H"/>
		<a id="28" s="H" t="H" l="H"/>
		<a id="29" s="H" t="H" l="H"/>
		<a id="30" s="H" t="H" l="H"/>
		<a id="31" s="H" t="H" l="H"/>
		<a id="32" s="H" t="H" l="H"/>
		<a id="33" s="H" t="H" l="H"/>
		<a id="34" s="H" t="H" l="H"/>
		<a id="35" s="H" t="H" l="H"/>
		<a id="36" s="H" t="H" l="H"/>
		<a id="37" s="H" t="H" l="H"/>
		<a id="38" s="H" t="H" l="H"/>
	</atoms>
	<bonds>
		<b id="1" c="1 2" t="1"/>
		<b id="2" c="2 3" t="1"/>
		<b id="3" c="2 4" t="1"/>
		<b id="4" c="2 5" t="1"/>
		<b id="5" c="5 6" t="1"/>
		<b id="6" c="6 7" t="2"/>
		<b id="7" c="6 8" t="am"/>
		<b id="8" c="8 9" t="1"/>
		<b id="9" c="9 10" t="1"/>
		<b id="10" c="10 11" t="1"/>
		<b id="11" c="11 12" t="1"/>
		<b id="12" c="12 13" t="1"/>
		<b id="13" c="13 14" t="1"/>
		<b id="14" c="11 14" t="1"/>
		<b id="15" c="14 15" t="1"/>
		<b id="16" c="11 16" t="1"/>
		<b id="17" c="8 16" t="1"/>
		<b id="18" c="1 17" t="1"/>
		<b id="19" c="1 18" t="1"/>
		<b id="20" c="1 19" t="1"/>
		<b id="21" c="3 20" t="1"/>
		<b id="22" c="3 21" t="1"/>
		<b id="23" c="3 22" t="1"/>
		<b id="24" c="4 23" t="1"/>
		<b id="25" c="4 24" t="1"/>
		<b id="26" c="4 25" t="1"/>
		<b id="27" c="9 26" t="1"/>
		<b id="28" c="9 27" t="1"/>
		<b id="29" c="10 28" t="1"/>
		<b id="30" c="10 29" t="1"/>
		<b id="31" c="12 30" t="1"/>
		<b id="32" c="12 31" t="1"/>
		<b id="33" c="13 32" t="1"/>
		<b id="34" c="13 33" t="1"/>
		<b id="35" c="14 34" t="1"/>
		<b id="36" c="15 35" t="1"/>
		<b id="37" c="15 36" t="1"/>
		<b id="38" c="16 37" t="1"/>
		<b id="39" c="16 38" t="1"/>
	</bonds>
	<geometry>
		<g u="A" t="cart/3d">#38,3:3.7137,1.8972,-0.5971;2.7805,0.7202,-0.8831;2.1253,0.2166,0.4029;1.7150,1.1217,-1.9050;3.5038,-0.3480,-1.5333;4.5412,-0.9422,-0.9105;4.9565,-0.6834,0.1982;5.0586,-1.9168,-1.6887;4.7322,-2.0917,-3.0938;5.8584,-2.9727,-3.6350;7.0265,-2.6726,-2.6983;8.2710,-3.5734,-2.7273;9.1712,-2.3336,-2.8347;7.9167,-1.4419,-3.0279;7.7025,-0.8711,-4.3367;6.3099,-2.5637,-1.3544;3.1435,2.7286,-0.1922;4.2033,2.2165,-1.5150;4.4723,1.6029,0.1226;1.5235,1.0071,0.8427;2.8882,-0.0872,1.1141;1.4863,-0.6369,0.1865;1.1047,1.9278,-1.5086;1.0782,0.2707,-2.1314;2.1880,1.4525,-2.8259;4.7205,-1.1196,-3.5947;3.7458,-2.5502,-3.2025;6.0785,-2.7427,-4.6735;5.5981,-4.0293,-3.5509;8.3095,-4.2149,-3.6061;8.4172,-4.1834,-1.8385;9.8623,-2.3318,-3.6771;9.7242,-2.1154,-1.9244;7.8185,-0.6346,-2.2986;7.9571,-1.5364,-5.0595;8.2774,-0.0455,-4.4596;6.8429,-1.9743,-0.6071;6.1190,-3.5627,-0.9413;</g>
	</geometry>
	<conformers/>
	<properties/>
</molecule>
