<?xml version="1.0" ?>
<!--MOLLI PACKAGE EXPERIMENTAL XML FORMAT-->
<molecule name="nuc1780">
	<atoms>
		<a id="1" s="N" t="N.pl3" l="N"/>
		<a id="2" s="C" t="C.ar" l="C"/>
		<a id="3" s="C" t="C.ar" l="C"/>
		<a id="4" s="C" t="C.ar" l="C"/>
		<a id="5" s="O" t="O.2" l="O"/>
		<a id="6" s="N" t="N.ar" l="N"/>
		<a id="7" s="H" t="H" l="H"/>
		<a id="8" s="H" t="H" l="H"/>
		<a id="9" s="H" t="H" l="H"/>
		<a id="10" s="H" t="H" l="H"/>
	</atoms>
	<bonds>
		<b id="1" c="1 2" t="1"/>
		<b id="2" c="2 3" t="ar"/>
		<b id="3" c="3 4" t="ar"/>
		<b id="4" c="4 5" t="ar"/>
		<b id="5" c="5 6" t="ar"/>
		<b id="6" c="2 6" t="ar"/>
		<b id="7" c="1 7" t="1"/>
		<b id="8" c="1 8" t="1"/>
		<b id="9" c="3 9" t="1"/>
		<b id="10" c="4 10" t="1"/>
	</bonds>
	<geometry>
		<g u="A" t="cart/3d">#10,3:1.1234,0.0561,-0.1385;2.4815,0.0784,-0.0073;3.3225,1.2330,0.0067;4.5728,0.7071,0.0613;4.5135,-0.6257,0.0796;3.2073,-1.0147,0.0427;0.6289,0.8599,0.2112;0.6979,-0.8345,0.0637;3.0267,2.2599,-0.0216;5.5486,1.1495,0.0908;</g>
	</geometry>
	<conformers/>
	<properties/>
</molecule>
