<?xml version="1.0" ?>
<!--MOLLI PACKAGE EXPERIMENTAL XML FORMAT-->
<molecule name="nuc1601">
	<atoms>
		<a id="1" s="C" t="C.3" l="C"/>
		<a id="2" s="O" t="O.3" l="O"/>
		<a id="3" s="C" t="C.ar" l="C"/>
		<a id="4" s="C" t="C.ar" l="C"/>
		<a id="5" s="C" t="C.ar" l="C"/>
		<a id="6" s="C" t="C.ar" l="C"/>
		<a id="7" s="C" t="C.ar" l="C"/>
		<a id="8" s="C" t="C.ar" l="C"/>
		<a id="9" s="C" t="C.3" l="C"/>
		<a id="10" s="C" t="C.3" l="C"/>
		<a id="11" s="C" t="C.ar" l="C"/>
		<a id="12" s="S" t="S.2" l="S"/>
		<a id="13" s="C" t="C.ar" l="C"/>
		<a id="14" s="N" t="N.pl3" l="N"/>
		<a id="15" s="N" t="N.ar" l="N"/>
		<a id="16" s="C" t="C.ar" l="C"/>
		<a id="17" s="H" t="H" l="H"/>
		<a id="18" s="H" t="H" l="H"/>
		<a id="19" s="H" t="H" l="H"/>
		<a id="20" s="H" t="H" l="H"/>
		<a id="21" s="H" t="H" l="H"/>
		<a id="22" s="H" t="H" l="H"/>
		<a id="23" s="H" t="H" l="H"/>
		<a id="24" s="H" t="H" l="H"/>
		<a id="25" s="H" t="H" l="H"/>
		<a id="26" s="H" t="H" l="H"/>
		<a id="27" s="H" t="H" l="H"/>
		<a id="28" s="H" t="H" l="H"/>
	</atoms>
	<bonds>
		<b id="1" c="1 2" t="1"/>
		<b id="2" c="2 3" t="1"/>
		<b id="3" c="3 4" t="ar"/>
		<b id="4" c="4 5" t="ar"/>
		<b id="5" c="5 6" t="ar"/>
		<b id="6" c="6 7" t="ar"/>
		<b id="7" c="7 8" t="ar"/>
		<b id="8" c="3 8" t="ar"/>
		<b id="9" c="7 9" t="1"/>
		<b id="10" c="9 10" t="1"/>
		<b id="11" c="10 11" t="1"/>
		<b id="12" c="11 12" t="ar"/>
		<b id="13" c="12 13" t="ar"/>
		<b id="14" c="13 14" t="1"/>
		<b id="15" c="13 15" t="ar"/>
		<b id="16" c="15 16" t="ar"/>
		<b id="17" c="11 16" t="ar"/>
		<b id="18" c="6 16" t="1"/>
		<b id="19" c="1 17" t="1"/>
		<b id="20" c="1 18" t="1"/>
		<b id="21" c="1 19" t="1"/>
		<b id="22" c="4 20" t="1"/>
		<b id="23" c="5 21" t="1"/>
		<b id="24" c="8 22" t="1"/>
		<b id="25" c="9 23" t="1"/>
		<b id="26" c="9 24" t="1"/>
		<b id="27" c="10 25" t="1"/>
		<b id="28" c="10 26" t="1"/>
		<b id="29" c="14 27" t="1"/>
		<b id="30" c="14 28" t="1"/>
	</bonds>
	<geometry>
		<g u="A" t="cart/3d">#28,3:1.2340,-0.6140,0.0482;2.3627,0.2172,0.1560;3.0629,0.2145,1.3269;2.7489,-0.5503,2.4437;3.5330,-0.4562,3.5800;4.6319,0.3890,3.6202;4.9623,1.1542,2.4909;4.1768,1.0578,1.3627;6.2073,2.0021,2.5071;6.4574,2.6436,3.8754;6.3034,1.5990,4.9239;7.0991,1.5661,6.4687;6.1811,0.0854,6.8225;6.4064,-0.5861,7.9810;5.3882,-0.2928,5.8909;5.4454,0.5448,4.8101;0.8393,-0.4477,-0.9530;0.4685,-0.3521,0.7860;1.4997,-1.6702,0.1606;1.9011,-1.2170,2.4441;3.2971,-1.0413,4.4551;4.4063,1.6308,0.4772;6.1481,2.7735,1.7383;7.0559,1.3524,2.2637;5.7299,3.4457,4.0508;7.4542,3.0868,3.9100;6.7877,-0.0634,8.7512;5.7209,-1.2870,8.2129;</g>
	</geometry>
	<conformers/>
	<properties/>
</molecule>
