<?xml version="1.0" ?>
<!--MOLLI PACKAGE EXPERIMENTAL XML FORMAT-->
<molecule name="nuc1782">
	<atoms>
		<a id="1" s="N" t="N.pl3" l="N"/>
		<a id="2" s="C" t="C.ar" l="C"/>
		<a id="3" s="C" t="C.ar" l="C"/>
		<a id="4" s="C" t="C.ar" l="C"/>
		<a id="5" s="C" t="C.ar" l="C"/>
		<a id="6" s="C" t="C.2" l="C"/>
		<a id="7" s="O" t="O.2" l="O"/>
		<a id="8" s="N" t="N.am" l="N"/>
		<a id="9" s="C" t="C.3" l="C"/>
		<a id="10" s="C" t="C.3" l="C"/>
		<a id="11" s="C" t="C.3" l="C"/>
		<a id="12" s="C" t="C.3" l="C"/>
		<a id="13" s="C" t="C.ar" l="C"/>
		<a id="14" s="C" t="C.ar" l="C"/>
		<a id="15" s="H" t="H" l="H"/>
		<a id="16" s="H" t="H" l="H"/>
		<a id="17" s="H" t="H" l="H"/>
		<a id="18" s="H" t="H" l="H"/>
		<a id="19" s="H" t="H" l="H"/>
		<a id="20" s="H" t="H" l="H"/>
		<a id="21" s="H" t="H" l="H"/>
		<a id="22" s="H" t="H" l="H"/>
		<a id="23" s="H" t="H" l="H"/>
		<a id="24" s="H" t="H" l="H"/>
		<a id="25" s="H" t="H" l="H"/>
		<a id="26" s="H" t="H" l="H"/>
		<a id="27" s="H" t="H" l="H"/>
		<a id="28" s="H" t="H" l="H"/>
	</atoms>
	<bonds>
		<b id="1" c="1 2" t="1"/>
		<b id="2" c="2 3" t="ar"/>
		<b id="3" c="3 4" t="ar"/>
		<b id="4" c="4 5" t="ar"/>
		<b id="5" c="5 6" t="1"/>
		<b id="6" c="6 7" t="2"/>
		<b id="7" c="6 8" t="am"/>
		<b id="8" c="8 9" t="1"/>
		<b id="9" c="9 10" t="1"/>
		<b id="10" c="10 11" t="1"/>
		<b id="11" c="11 12" t="1"/>
		<b id="12" c="8 12" t="1"/>
		<b id="13" c="5 13" t="ar"/>
		<b id="14" c="13 14" t="ar"/>
		<b id="15" c="2 14" t="ar"/>
		<b id="16" c="1 15" t="1"/>
		<b id="17" c="1 16" t="1"/>
		<b id="18" c="3 17" t="1"/>
		<b id="19" c="4 18" t="1"/>
		<b id="20" c="9 19" t="1"/>
		<b id="21" c="9 20" t="1"/>
		<b id="22" c="10 21" t="1"/>
		<b id="23" c="10 22" t="1"/>
		<b id="24" c="11 23" t="1"/>
		<b id="25" c="11 24" t="1"/>
		<b id="26" c="12 25" t="1"/>
		<b id="27" c="12 26" t="1"/>
		<b id="28" c="13 27" t="1"/>
		<b id="29" c="14 28" t="1"/>
	</bonds>
	<geometry>
		<g u="A" t="cart/3d">#28,3:2.3165,0.0937,-0.2548;0.9478,0.1764,-0.1407;0.1963,0.8784,-1.0854;-1.1803,0.9110,-1.0065;-1.8479,0.2432,0.0157;-3.3315,0.1890,0.1131;-3.9250,-0.8543,0.3384;-4.0089,1.3471,-0.0758;-3.4829,2.6951,-0.0291;-4.5721,3.4783,0.7023;-5.8464,2.8183,0.1788;-5.4576,1.3445,0.0809;-1.1002,-0.4815,0.9410;0.2754,-0.5052,0.8763;2.7730,0.7892,-0.8210;2.8266,-0.2020,0.5605;0.7056,1.3922,-1.8887;-1.7412,1.4390,-1.7631;-3.3587,3.0913,-1.0454;-2.5170,2.7220,0.4775;-4.5289,4.5455,0.4947;-4.4827,3.3235,1.7781;-6.0895,3.2121,-0.8089;-6.7012,2.9730,0.8334;-5.9249,0.8357,-0.7661;-5.7166,0.7858,0.9867;-1.6199,-1.0235,1.7167;0.8458,-1.0621,1.6060;</g>
	</geometry>
	<conformers/>
	<properties/>
</molecule>
