<?xml version="1.0" ?>
<!--MOLLI PACKAGE EXPERIMENTAL XML FORMAT-->
<molecule name="nuc1784">
	<atoms>
		<a id="1" s="N" t="N.pl3" l="N"/>
		<a id="2" s="C" t="C.ar" l="C"/>
		<a id="3" s="C" t="C.ar" l="C"/>
		<a id="4" s="C" t="C.ar" l="C"/>
		<a id="5" s="C" t="C.ar" l="C"/>
		<a id="6" s="C" t="C.ar" l="C"/>
		<a id="7" s="C" t="C.3" l="C"/>
		<a id="8" s="F" t="F" l="F"/>
		<a id="9" s="N" t="N.ar" l="N"/>
		<a id="10" s="H" t="H" l="H"/>
		<a id="11" s="H" t="H" l="H"/>
		<a id="12" s="H" t="H" l="H"/>
		<a id="13" s="H" t="H" l="H"/>
		<a id="14" s="H" t="H" l="H"/>
		<a id="15" s="H" t="H" l="H"/>
		<a id="16" s="H" t="H" l="H"/>
	</atoms>
	<bonds>
		<b id="1" c="1 2" t="1"/>
		<b id="2" c="2 3" t="ar"/>
		<b id="3" c="3 4" t="ar"/>
		<b id="4" c="4 5" t="ar"/>
		<b id="5" c="5 6" t="ar"/>
		<b id="6" c="6 7" t="1"/>
		<b id="7" c="7 8" t="1"/>
		<b id="8" c="6 9" t="ar"/>
		<b id="9" c="2 9" t="ar"/>
		<b id="10" c="1 10" t="1"/>
		<b id="11" c="1 11" t="1"/>
		<b id="12" c="3 12" t="1"/>
		<b id="13" c="4 13" t="1"/>
		<b id="14" c="5 14" t="1"/>
		<b id="15" c="7 15" t="1"/>
		<b id="16" c="7 16" t="1"/>
	</bonds>
	<geometry>
		<g u="A" t="cart/3d">#16,3:2.2421,-0.0522,0.1909;0.8819,-0.0587,0.0746;0.1600,-1.2607,0.0076;-1.2139,-1.1939,-0.0393;-1.8405,0.0478,-0.0169;-1.0414,1.1766,0.0435;-1.6166,2.5661,0.0768;-2.9544,2.5778,-0.2246;0.2855,1.1296,0.0826;2.7504,-0.8704,-0.0980;2.6900,0.8383,0.0560;0.6822,-2.2050,-0.0062;-1.8033,-2.0976,-0.0936;-2.9134,0.1373,-0.0529;-1.1102,3.2077,-0.6514;-1.5096,3.0003,1.0782;</g>
	</geometry>
	<conformers/>
	<properties/>
</molecule>
