<?xml version="1.0" ?>
<!--MOLLI PACKAGE EXPERIMENTAL XML FORMAT-->
<molecule name="nuc1793">
	<atoms>
		<a id="1" s="C" t="C.3" l="C"/>
		<a id="2" s="C" t="C.3" l="C"/>
		<a id="3" s="N" t="N.3" l="N"/>
		<a id="4" s="C" t="C.3" l="C"/>
		<a id="5" s="C" t="C.3" l="C"/>
		<a id="6" s="C" t="C.3" l="C"/>
		<a id="7" s="N" t="N.am" l="N"/>
		<a id="8" s="C" t="C.2" l="C"/>
		<a id="9" s="O" t="O.2" l="O"/>
		<a id="10" s="O" t="O.3" l="O"/>
		<a id="11" s="C" t="C.3" l="C"/>
		<a id="12" s="C" t="C.ar" l="C"/>
		<a id="13" s="C" t="C.ar" l="C"/>
		<a id="14" s="C" t="C.ar" l="C"/>
		<a id="15" s="C" t="C.ar" l="C"/>
		<a id="16" s="C" t="C.ar" l="C"/>
		<a id="17" s="C" t="C.ar" l="C"/>
		<a id="18" s="H" t="H" l="H"/>
		<a id="19" s="H" t="H" l="H"/>
		<a id="20" s="H" t="H" l="H"/>
		<a id="21" s="H" t="H" l="H"/>
		<a id="22" s="H" t="H" l="H"/>
		<a id="23" s="H" t="H" l="H"/>
		<a id="24" s="H" t="H" l="H"/>
		<a id="25" s="H" t="H" l="H"/>
		<a id="26" s="H" t="H" l="H"/>
		<a id="27" s="H" t="H" l="H"/>
		<a id="28" s="H" t="H" l="H"/>
		<a id="29" s="H" t="H" l="H"/>
		<a id="30" s="H" t="H" l="H"/>
		<a id="31" s="H" t="H" l="H"/>
		<a id="32" s="H" t="H" l="H"/>
		<a id="33" s="H" t="H" l="H"/>
		<a id="34" s="H" t="H" l="H"/>
		<a id="35" s="H" t="H" l="H"/>
		<a id="36" s="H" t="H" l="H"/>
		<a id="37" s="H" t="H" l="H"/>
	</atoms>
	<bonds>
		<b id="1" c="1 2" t="1"/>
		<b id="2" c="2 3" t="1"/>
		<b id="3" c="2 4" t="1"/>
		<b id="4" c="4 5" t="1"/>
		<b id="5" c="5 6" t="1"/>
		<b id="6" c="6 7" t="1"/>
		<b id="7" c="7 8" t="am"/>
		<b id="8" c="8 9" t="2"/>
		<b id="9" c="8 10" t="1"/>
		<b id="10" c="10 11" t="1"/>
		<b id="11" c="11 12" t="1"/>
		<b id="12" c="12 13" t="ar"/>
		<b id="13" c="13 14" t="ar"/>
		<b id="14" c="14 15" t="ar"/>
		<b id="15" c="15 16" t="ar"/>
		<b id="16" c="16 17" t="ar"/>
		<b id="17" c="12 17" t="ar"/>
		<b id="18" c="1 18" t="1"/>
		<b id="19" c="1 19" t="1"/>
		<b id="20" c="1 20" t="1"/>
		<b id="21" c="2 21" t="1"/>
		<b id="22" c="3 22" t="1"/>
		<b id="23" c="3 23" t="1"/>
		<b id="24" c="4 24" t="1"/>
		<b id="25" c="4 25" t="1"/>
		<b id="26" c="5 26" t="1"/>
		<b id="27" c="5 27" t="1"/>
		<b id="28" c="6 28" t="1"/>
		<b id="29" c="6 29" t="1"/>
		<b id="30" c="7 30" t="1"/>
		<b id="31" c="11 31" t="1"/>
		<b id="32" c="11 32" t="1"/>
		<b id="33" c="13 33" t="1"/>
		<b id="34" c="14 34" t="1"/>
		<b id="35" c="15 35" t="1"/>
		<b id="36" c="16 36" t="1"/>
		<b id="37" c="17 37" t="1"/>
	</bonds>
	<geometry>
		<g u="A" t="cart/3d">#37,3:0.9362,-2.0559,2.9186;2.4168,-2.2702,3.2618;2.6322,-3.3098,4.2567;3.2131,-2.6176,1.9996;4.7019,-2.7731,2.2953;5.4883,-3.1409,1.0406;6.8770,-3.3789,1.3625;7.6829,-4.3024,0.8023;8.8363,-4.4642,1.1247;7.0462,-5.0088,-0.1592;7.7766,-6.0822,-0.7544;7.3139,-7.4068,-0.2076;6.6833,-8.3369,-1.0216;6.2483,-9.5427,-0.4987;6.4297,-9.8231,0.8444;7.0540,-8.8966,1.6631;7.4973,-7.6959,1.1396;0.3710,-1.8023,3.8139;0.5142,-2.9634,2.4890;0.8214,-1.2485,2.2002;2.8185,-1.3423,3.6876;2.2627,-4.1933,3.9188;2.1465,-3.0815,5.1168;3.0634,-1.8328,1.2559;2.8285,-3.5518,1.5839;4.8305,-3.5470,3.0518;5.0873,-1.8369,2.7046;5.4059,-2.3354,0.2984;5.0912,-4.0547,0.5953;7.3114,-2.7735,2.0415;8.8429,-5.9321,-0.5458;7.5948,-6.0164,-1.8301;6.5355,-8.1189,-2.0696;5.7629,-10.2629,-1.1411;6.0861,-10.7623,1.2526;7.1994,-9.1120,2.7114;7.9930,-6.9749,1.7729;</g>
	</geometry>
	<conformers/>
	<properties/>
</molecule>
