<?xml version="1.0" ?>
<!--MOLLI PACKAGE EXPERIMENTAL XML FORMAT-->
<molecule name="nuc1794">
	<atoms>
		<a id="1" s="C" t="C.3" l="C"/>
		<a id="2" s="C" t="C.ar" l="C"/>
		<a id="3" s="C" t="C.ar" l="C"/>
		<a id="4" s="C" t="C.ar" l="C"/>
		<a id="5" s="N" t="N.pl3" l="N"/>
		<a id="6" s="C" t="C.3" l="C"/>
		<a id="7" s="C" t="C.3" l="C"/>
		<a id="8" s="C" t="C.3" l="C"/>
		<a id="9" s="C" t="C.3" l="C"/>
		<a id="10" s="C" t="C.3" l="C"/>
		<a id="11" s="C" t="C.3" l="C"/>
		<a id="12" s="C" t="C.3" l="C"/>
		<a id="13" s="N" t="N.3" l="N"/>
		<a id="14" s="O" t="O.2" l="O"/>
		<a id="15" s="N" t="N.ar" l="N"/>
		<a id="16" s="H" t="H" l="H"/>
		<a id="17" s="H" t="H" l="H"/>
		<a id="18" s="H" t="H" l="H"/>
		<a id="19" s="H" t="H" l="H"/>
		<a id="20" s="H" t="H" l="H"/>
		<a id="21" s="H" t="H" l="H"/>
		<a id="22" s="H" t="H" l="H"/>
		<a id="23" s="H" t="H" l="H"/>
		<a id="24" s="H" t="H" l="H"/>
		<a id="25" s="H" t="H" l="H"/>
		<a id="26" s="H" t="H" l="H"/>
		<a id="27" s="H" t="H" l="H"/>
		<a id="28" s="H" t="H" l="H"/>
		<a id="29" s="H" t="H" l="H"/>
		<a id="30" s="H" t="H" l="H"/>
		<a id="31" s="H" t="H" l="H"/>
		<a id="32" s="H" t="H" l="H"/>
	</atoms>
	<bonds>
		<b id="1" c="1 2" t="1"/>
		<b id="2" c="2 3" t="ar"/>
		<b id="3" c="3 4" t="ar"/>
		<b id="4" c="4 5" t="1"/>
		<b id="5" c="5 6" t="1"/>
		<b id="6" c="6 7" t="1"/>
		<b id="7" c="7 8" t="1"/>
		<b id="8" c="8 9" t="1"/>
		<b id="9" c="9 10" t="1"/>
		<b id="10" c="10 11" t="1"/>
		<b id="11" c="5 11" t="1"/>
		<b id="12" c="10 12" t="1"/>
		<b id="13" c="7 12" t="1"/>
		<b id="14" c="4 14" t="ar"/>
		<b id="15" c="14 15" t="ar"/>
		<b id="16" c="2 15" t="ar"/>
		<b id="17" c="12 13" t="1"/>
		<b id="18" c="1 16" t="1"/>
		<b id="19" c="1 17" t="1"/>
		<b id="20" c="1 18" t="1"/>
		<b id="21" c="3 19" t="1"/>
		<b id="22" c="6 20" t="1"/>
		<b id="23" c="6 21" t="1"/>
		<b id="24" c="7 22" t="1"/>
		<b id="25" c="8 23" t="1"/>
		<b id="26" c="8 24" t="1"/>
		<b id="27" c="9 25" t="1"/>
		<b id="28" c="9 26" t="1"/>
		<b id="29" c="10 27" t="1"/>
		<b id="30" c="11 28" t="1"/>
		<b id="31" c="11 29" t="1"/>
		<b id="32" c="12 30" t="1"/>
		<b id="33" c="13 31" t="1"/>
		<b id="34" c="13 32" t="1"/>
	</bonds>
	<geometry>
		<g u="A" t="cart/3d">#32,3:2.1861,-0.1636,0.4621;0.7722,-0.3673,0.0564;-0.2270,-1.0770,0.7615;-1.3403,-0.9632,-0.0399;-2.5900,-1.4759,0.0517;-3.6180,-1.0214,-0.8598;-4.6528,-2.1302,-1.0614;-3.9571,-3.4438,-1.4435;-3.5774,-4.1002,-0.1015;-4.0972,-3.1391,0.9782;-3.0364,-2.0797,1.2868;-5.2872,-2.4461,0.3068;-6.4593,-3.2962,0.2961;-1.0246,-0.2369,-1.1299;0.2999,0.1257,-1.0570;2.6784,-1.1254,0.6019;2.2295,0.3817,1.4042;2.7062,0.4015,-0.3059;-0.1227,-1.5769,1.7002;-3.1396,-0.7659,-1.8070;-4.1134,-0.1185,-0.4705;-5.3856,-1.8098,-1.8060;-3.0815,-3.2529,-2.0617;-4.6325,-4.0818,-2.0150;-2.5004,-4.2332,-0.0128;-4.0433,-5.0797,0.0040;-4.3880,-3.6521,1.8950;-2.1779,-2.5447,1.7731;-3.4526,-1.3230,1.9691;-5.5696,-1.5296,0.8360;-6.2608,-4.1719,-0.1734;-7.2206,-2.8432,-0.1971;</g>
	</geometry>
	<conformers/>
	<properties/>
</molecule>
