<?xml version="1.0" ?>
<!--MOLLI PACKAGE EXPERIMENTAL XML FORMAT-->
<molecule name="nuc1798">
	<atoms>
		<a id="1" s="C" t="C.3" l="C"/>
		<a id="2" s="N" t="N.ar" l="N"/>
		<a id="3" s="C" t="C.ar" l="C"/>
		<a id="4" s="C" t="C.ar" l="C"/>
		<a id="5" s="C" t="C.ar" l="C"/>
		<a id="6" s="C" t="C.ar" l="C"/>
		<a id="7" s="N" t="N.ar" l="N"/>
		<a id="8" s="C" t="C.ar" l="C"/>
		<a id="9" s="N" t="N.pl3" l="N"/>
		<a id="10" s="N" t="N.ar" l="N"/>
		<a id="11" s="C" t="C.ar" l="C"/>
		<a id="12" s="N" t="N.pl3" l="N"/>
		<a id="13" s="C" t="C.3" l="C"/>
		<a id="14" s="C" t="C.3" l="C"/>
		<a id="15" s="N" t="N.3" l="N"/>
		<a id="16" s="C" t="C.3" l="C"/>
		<a id="17" s="C" t="C.3" l="C"/>
		<a id="18" s="O" t="O.3" l="O"/>
		<a id="19" s="C" t="C.3" l="C"/>
		<a id="20" s="C" t="C.3" l="C"/>
		<a id="21" s="C" t="C.ar" l="C"/>
		<a id="22" s="N" t="N.ar" l="N"/>
		<a id="23" s="H" t="H" l="H"/>
		<a id="24" s="H" t="H" l="H"/>
		<a id="25" s="H" t="H" l="H"/>
		<a id="26" s="H" t="H" l="H"/>
		<a id="27" s="H" t="H" l="H"/>
		<a id="28" s="H" t="H" l="H"/>
		<a id="29" s="H" t="H" l="H"/>
		<a id="30" s="H" t="H" l="H"/>
		<a id="31" s="H" t="H" l="H"/>
		<a id="32" s="H" t="H" l="H"/>
		<a id="33" s="H" t="H" l="H"/>
		<a id="34" s="H" t="H" l="H"/>
		<a id="35" s="H" t="H" l="H"/>
		<a id="36" s="H" t="H" l="H"/>
		<a id="37" s="H" t="H" l="H"/>
		<a id="38" s="H" t="H" l="H"/>
		<a id="39" s="H" t="H" l="H"/>
		<a id="40" s="H" t="H" l="H"/>
		<a id="41" s="H" t="H" l="H"/>
		<a id="42" s="H" t="H" l="H"/>
		<a id="43" s="H" t="H" l="H"/>
	</atoms>
	<bonds>
		<b id="1" c="1 2" t="1"/>
		<b id="2" c="2 3" t="ar"/>
		<b id="3" c="3 4" t="ar"/>
		<b id="4" c="4 5" t="1"/>
		<b id="5" c="5 6" t="ar"/>
		<b id="6" c="6 7" t="ar"/>
		<b id="7" c="7 8" t="ar"/>
		<b id="8" c="8 9" t="1"/>
		<b id="9" c="8 10" t="ar"/>
		<b id="10" c="10 11" t="ar"/>
		<b id="11" c="5 11" t="ar"/>
		<b id="12" c="11 12" t="1"/>
		<b id="13" c="12 13" t="1"/>
		<b id="14" c="13 14" t="1"/>
		<b id="15" c="14 15" t="1"/>
		<b id="16" c="15 16" t="1"/>
		<b id="17" c="16 17" t="1"/>
		<b id="18" c="17 18" t="1"/>
		<b id="19" c="18 19" t="1"/>
		<b id="20" c="19 20" t="1"/>
		<b id="21" c="15 20" t="1"/>
		<b id="22" c="4 21" t="ar"/>
		<b id="23" c="21 22" t="ar"/>
		<b id="24" c="2 22" t="ar"/>
		<b id="25" c="1 23" t="1"/>
		<b id="26" c="1 24" t="1"/>
		<b id="27" c="1 25" t="1"/>
		<b id="28" c="3 26" t="1"/>
		<b id="29" c="6 27" t="1"/>
		<b id="30" c="9 28" t="1"/>
		<b id="31" c="9 29" t="1"/>
		<b id="32" c="12 30" t="1"/>
		<b id="33" c="13 31" t="1"/>
		<b id="34" c="13 32" t="1"/>
		<b id="35" c="14 33" t="1"/>
		<b id="36" c="14 34" t="1"/>
		<b id="37" c="16 35" t="1"/>
		<b id="38" c="16 36" t="1"/>
		<b id="39" c="17 37" t="1"/>
		<b id="40" c="17 38" t="1"/>
		<b id="41" c="19 39" t="1"/>
		<b id="42" c="19 40" t="1"/>
		<b id="43" c="20 41" t="1"/>
		<b id="44" c="20 42" t="1"/>
		<b id="45" c="21 43" t="1"/>
	</bonds>
	<geometry>
		<g u="A" t="cart/3d">#43,3:8.9736,-3.9188,1.6586;7.7887,-3.1170,1.5673;6.6955,-3.3470,0.8131;5.8109,-2.3079,1.0445;4.5059,-2.1015,0.4336;4.2892,-2.3400,-0.9117;3.1303,-2.1318,-1.5216;2.1511,-1.6457,-0.7625;0.9849,-1.3313,-1.3839;2.2183,-1.4015,0.5450;3.3750,-1.6414,1.1572;3.4121,-1.5100,2.5046;2.3820,-0.8234,3.2367;2.6542,0.6897,3.3201;1.5573,1.3513,4.0015;0.4501,1.7131,3.1287;0.7253,2.9943,2.3286;1.0678,4.0716,3.1765;2.1908,3.7528,3.9706;1.9235,2.4991,4.8133;6.4969,-1.4887,1.9656;7.6788,-1.9931,2.2637;8.7228,-4.9446,1.9333;9.6100,-3.4818,2.4249;9.5096,-3.9272,0.7071;6.6081,-4.2130,0.1889;5.0882,-2.7075,-1.5440;0.8533,-1.7001,-2.3091;0.1783,-1.1887,-0.8026;4.3168,-1.5951,2.9409;2.3155,-1.2387,4.2445;1.4431,-1.0004,2.7120;2.8212,1.0618,2.2985;3.5730,0.8505,3.8912;-0.4259,1.8733,3.7647;0.2456,0.8890,2.4455;-0.1670,3.3095,1.7855;1.5374,2.8202,1.6053;2.3683,4.6214,4.6071;3.0708,3.5921,3.3270;1.0818,2.7020,5.4834;2.7986,2.2539,5.4172;6.1979,-0.5478,2.3859;</g>
	</geometry>
	<conformers/>
	<properties/>
</molecule>
