<?xml version="1.0" ?>
<!--MOLLI PACKAGE EXPERIMENTAL XML FORMAT-->
<molecule name="nuc1800">
	<atoms>
		<a id="1" s="C" t="C.3" l="C"/>
		<a id="2" s="C" t="C.ar" l="C"/>
		<a id="3" s="C" t="C.ar" l="C"/>
		<a id="4" s="C" t="C.ar" l="C"/>
		<a id="5" s="N" t="N.ar" l="N"/>
		<a id="6" s="C" t="C.ar" l="C"/>
		<a id="7" s="N" t="N.pl3" l="N"/>
		<a id="8" s="C" t="C.ar" l="C"/>
		<a id="9" s="C" t="C.ar" l="C"/>
		<a id="10" s="C" t="C.ar" l="C"/>
		<a id="11" s="C" t="C.ar" l="C"/>
		<a id="12" s="C" t="C.ar" l="C"/>
		<a id="13" s="C" t="C.ar" l="C"/>
		<a id="14" s="N" t="N.ar" l="N"/>
		<a id="15" s="N" t="N.ar" l="N"/>
		<a id="16" s="C" t="C.ar" l="C"/>
		<a id="17" s="C" t="C.ar" l="C"/>
		<a id="18" s="H" t="H" l="H"/>
		<a id="19" s="H" t="H" l="H"/>
		<a id="20" s="H" t="H" l="H"/>
		<a id="21" s="H" t="H" l="H"/>
		<a id="22" s="H" t="H" l="H"/>
		<a id="23" s="H" t="H" l="H"/>
		<a id="24" s="H" t="H" l="H"/>
		<a id="25" s="H" t="H" l="H"/>
		<a id="26" s="H" t="H" l="H"/>
		<a id="27" s="H" t="H" l="H"/>
		<a id="28" s="H" t="H" l="H"/>
		<a id="29" s="H" t="H" l="H"/>
	</atoms>
	<bonds>
		<b id="1" c="1 2" t="1"/>
		<b id="2" c="2 3" t="ar"/>
		<b id="3" c="3 4" t="ar"/>
		<b id="4" c="4 5" t="ar"/>
		<b id="5" c="5 6" t="ar"/>
		<b id="6" c="6 7" t="1"/>
		<b id="7" c="6 8" t="ar"/>
		<b id="8" c="8 9" t="1"/>
		<b id="9" c="9 10" t="ar"/>
		<b id="10" c="10 11" t="ar"/>
		<b id="11" c="11 12" t="ar"/>
		<b id="12" c="12 13" t="ar"/>
		<b id="13" c="13 14" t="ar"/>
		<b id="14" c="9 14" t="ar"/>
		<b id="15" c="8 15" t="ar"/>
		<b id="16" c="15 16" t="ar"/>
		<b id="17" c="5 16" t="ar"/>
		<b id="18" c="16 17" t="ar"/>
		<b id="19" c="2 17" t="ar"/>
		<b id="20" c="1 18" t="1"/>
		<b id="21" c="1 19" t="1"/>
		<b id="22" c="1 20" t="1"/>
		<b id="23" c="3 21" t="1"/>
		<b id="24" c="4 22" t="1"/>
		<b id="25" c="7 23" t="1"/>
		<b id="26" c="7 24" t="1"/>
		<b id="27" c="10 25" t="1"/>
		<b id="28" c="11 26" t="1"/>
		<b id="29" c="12 27" t="1"/>
		<b id="30" c="13 28" t="1"/>
		<b id="31" c="17 29" t="1"/>
	</bonds>
	<geometry>
		<g u="A" t="cart/3d">#29,3:1.0038,0.0161,-0.1527;2.5003,0.0383,-0.0828;3.1944,1.2775,-0.0663;4.5484,1.3247,0.0020;5.2579,0.1669,0.0501;6.5929,-0.0843,0.1138;7.5696,0.8772,0.2205;6.7200,-1.4722,0.1537;7.9595,-2.2072,0.2000;7.9636,-3.6069,0.2045;9.1733,-4.2668,0.2462;10.3463,-3.5213,0.2783;10.2414,-2.1409,0.2612;9.0913,-1.4925,0.2238;5.4928,-2.0648,0.1109;4.6187,-1.0902,0.0465;3.2188,-1.1255,-0.0243;0.6014,1.0226,-0.2323;0.5903,-0.4530,0.7393;0.6715,-0.5615,-1.0140;2.6350,2.1989,-0.1024;5.1085,2.2472,0.0330;7.4570,1.6861,-0.3739;8.4839,0.4336,0.1650;7.0196,-4.1256,0.1771;9.2114,-5.3471,0.2547;11.3131,-3.9991,0.3151;11.1252,-1.5135,0.2785;2.7382,-2.0902,-0.0285;</g>
	</geometry>
	<conformers/>
	<properties/>
</molecule>
