<?xml version="1.0" ?>
<!--MOLLI PACKAGE EXPERIMENTAL XML FORMAT-->
<molecule name="nuc1801">
	<atoms>
		<a id="1" s="H" t="H" l="H"/>
		<a id="2" s="C" t="C.3" l="C"/>
		<a id="3" s="H" t="H" l="H"/>
		<a id="4" s="H" t="H" l="H"/>
		<a id="5" s="C" t="C.ar" l="C"/>
		<a id="6" s="C" t="C.ar" l="C"/>
		<a id="7" s="C" t="C.ar" l="C"/>
		<a id="8" s="C" t="C.ar" l="C"/>
		<a id="9" s="N" t="N.pl3" l="N"/>
		<a id="10" s="C" t="C.ar" l="C"/>
		<a id="11" s="C" t="C.ar" l="C"/>
		<a id="12" s="H" t="H" l="H"/>
		<a id="13" s="H" t="H" l="H"/>
		<a id="14" s="H" t="H" l="H"/>
		<a id="15" s="H" t="H" l="H"/>
		<a id="16" s="H" t="H" l="H"/>
		<a id="17" s="H" t="H" l="H"/>
	</atoms>
	<bonds>
		<b id="1" c="1 2" t="1"/>
		<b id="2" c="2 3" t="1"/>
		<b id="3" c="2 4" t="1"/>
		<b id="4" c="2 5" t="1"/>
		<b id="5" c="5 6" t="ar"/>
		<b id="6" c="6 7" t="ar"/>
		<b id="7" c="7 8" t="ar"/>
		<b id="8" c="8 9" t="1"/>
		<b id="9" c="8 10" t="ar"/>
		<b id="10" c="10 11" t="ar"/>
		<b id="11" c="5 11" t="ar"/>
		<b id="12" c="6 12" t="1"/>
		<b id="13" c="7 13" t="1"/>
		<b id="14" c="9 14" t="1"/>
		<b id="15" c="9 15" t="1"/>
		<b id="16" c="10 16" t="1"/>
		<b id="17" c="11 17" t="1"/>
	</bonds>
	<geometry>
		<g u="A" t="cart/3d">#17,3:1.0774,0.2328,0.2735;2.1449,0.0855,0.1102;2.3015,-0.0508,-0.9598;2.6697,0.9844,0.4243;2.6335,-1.1121,0.8706;3.6288,-1.0047,1.8320;4.0748,-2.1106,2.5287;3.5315,-3.3712,2.2808;3.9680,-4.4719,2.9684;2.5299,-3.4829,1.3143;2.0940,-2.3703,0.6260;4.0657,-0.0382,2.0422;4.8511,-2.0066,3.2739;4.6896,-4.3857,3.6576;3.5758,-5.3745,2.7819;2.0984,-4.4531,1.1103;1.3173,-2.4780,-0.1186;</g>
	</geometry>
	<conformers/>
	<properties/>
</molecule>
