<?xml version="1.0" ?>
<!--MOLLI PACKAGE EXPERIMENTAL XML FORMAT-->
<molecule name="nuc1603">
	<atoms>
		<a id="1" s="C" t="C.3" l="C"/>
		<a id="2" s="N" t="N.3" l="N"/>
		<a id="3" s="C" t="C.3" l="C"/>
		<a id="4" s="C" t="C.3" l="C"/>
		<a id="5" s="C" t="C.3" l="C"/>
		<a id="6" s="O" t="O.3" l="O"/>
		<a id="7" s="C" t="C.ar" l="C"/>
		<a id="8" s="C" t="C.ar" l="C"/>
		<a id="9" s="C" t="C.ar" l="C"/>
		<a id="10" s="C" t="C.ar" l="C"/>
		<a id="11" s="N" t="N.ar" l="N"/>
		<a id="12" s="C" t="C.ar" l="C"/>
		<a id="13" s="C" t="C.ar" l="C"/>
		<a id="14" s="C" t="C.ar" l="C"/>
		<a id="15" s="C" t="C.ar" l="C"/>
		<a id="16" s="N" t="N.ar" l="N"/>
		<a id="17" s="C" t="C.ar" l="C"/>
		<a id="18" s="N" t="N.pl3" l="N"/>
		<a id="19" s="N" t="N.ar" l="N"/>
		<a id="20" s="C" t="C.ar" l="C"/>
		<a id="21" s="N" t="N.ar" l="N"/>
		<a id="22" s="N" t="N.ar" l="N"/>
		<a id="23" s="C" t="C.3" l="C"/>
		<a id="24" s="H" t="H" l="H"/>
		<a id="25" s="H" t="H" l="H"/>
		<a id="26" s="H" t="H" l="H"/>
		<a id="27" s="H" t="H" l="H"/>
		<a id="28" s="H" t="H" l="H"/>
		<a id="29" s="H" t="H" l="H"/>
		<a id="30" s="H" t="H" l="H"/>
		<a id="31" s="H" t="H" l="H"/>
		<a id="32" s="H" t="H" l="H"/>
		<a id="33" s="H" t="H" l="H"/>
		<a id="34" s="H" t="H" l="H"/>
		<a id="35" s="H" t="H" l="H"/>
		<a id="36" s="H" t="H" l="H"/>
		<a id="37" s="H" t="H" l="H"/>
		<a id="38" s="H" t="H" l="H"/>
		<a id="39" s="H" t="H" l="H"/>
		<a id="40" s="H" t="H" l="H"/>
	</atoms>
	<bonds>
		<b id="1" c="1 2" t="1"/>
		<b id="2" c="2 3" t="1"/>
		<b id="3" c="3 4" t="1"/>
		<b id="4" c="4 5" t="1"/>
		<b id="5" c="5 6" t="1"/>
		<b id="6" c="6 7" t="1"/>
		<b id="7" c="7 8" t="ar"/>
		<b id="8" c="8 9" t="ar"/>
		<b id="9" c="9 10" t="ar"/>
		<b id="10" c="10 11" t="ar"/>
		<b id="11" c="11 12" t="ar"/>
		<b id="12" c="12 13" t="ar"/>
		<b id="13" c="13 14" t="1"/>
		<b id="14" c="14 15" t="ar"/>
		<b id="15" c="15 16" t="ar"/>
		<b id="16" c="16 17" t="ar"/>
		<b id="17" c="17 18" t="1"/>
		<b id="18" c="17 19" t="ar"/>
		<b id="19" c="19 20" t="ar"/>
		<b id="20" c="14 20" t="ar"/>
		<b id="21" c="13 21" t="ar"/>
		<b id="22" c="10 21" t="ar"/>
		<b id="23" c="21 22" t="ar"/>
		<b id="24" c="7 22" t="ar"/>
		<b id="25" c="5 23" t="1"/>
		<b id="26" c="2 23" t="1"/>
		<b id="27" c="1 24" t="1"/>
		<b id="28" c="1 25" t="1"/>
		<b id="29" c="1 26" t="1"/>
		<b id="30" c="3 27" t="1"/>
		<b id="31" c="3 28" t="1"/>
		<b id="32" c="4 29" t="1"/>
		<b id="33" c="4 30" t="1"/>
		<b id="34" c="5 31" t="1"/>
		<b id="35" c="8 32" t="1"/>
		<b id="36" c="9 33" t="1"/>
		<b id="37" c="12 34" t="1"/>
		<b id="38" c="15 35" t="1"/>
		<b id="39" c="18 36" t="1"/>
		<b id="40" c="18 37" t="1"/>
		<b id="41" c="20 38" t="1"/>
		<b id="42" c="23 39" t="1"/>
		<b id="43" c="23 40" t="1"/>
	</bonds>
	<geometry>
		<g u="A" t="cart/3d">#40,3:-1.0653,2.1012,1.7360;0.2517,1.8009,1.2351;1.2506,2.8104,1.5304;2.4359,2.3840,0.6708;1.7751,1.7965,-0.5898;2.3089,0.5265,-0.9471;3.5306,0.5017,-1.4819;4.0505,-0.7771,-1.8375;5.2902,-0.8487,-2.3995;5.9956,0.3461,-2.6010;7.1966,0.5775,-3.1094;7.3669,1.9010,-3.0496;6.2608,2.5451,-2.4969;6.0404,3.9489,-2.2489;4.8046,4.4868,-1.8711;4.6211,5.7697,-1.6371;5.6824,6.5691,-1.7788;5.5183,7.8769,-1.4914;6.9028,6.1738,-2.1578;7.0704,4.8894,-2.3829;5.3878,1.5363,-2.2172;4.1784,1.6224,-1.6650;0.3014,1.6136,-0.2037;-1.0176,2.2008,2.8191;-1.7353,1.2788,1.4897;-1.4795,3.0321,1.3137;1.4804,2.8084,2.5964;0.9122,3.8221,1.2440;2.9914,1.5912,1.1710;3.1125,3.2042,0.4451;1.8864,2.4662,-1.4500;3.4432,-1.6453,-1.6482;5.7463,-1.7804,-2.6908;8.2722,2.3464,-3.4122;3.9343,3.8567,-1.7603;4.5884,8.2193,-1.3341;6.2623,8.5116,-1.7164;8.0674,4.5948,-2.6820;-0.0442,0.6114,-0.4643;-0.3195,2.3547,-0.7358;</g>
	</geometry>
	<conformers/>
	<properties/>
</molecule>
