<?xml version="1.0" ?>
<!--MOLLI PACKAGE EXPERIMENTAL XML FORMAT-->
<molecule name="nuc1804">
	<atoms>
		<a id="1" s="C" t="C.3" l="C"/>
		<a id="2" s="O" t="O.3" l="O"/>
		<a id="3" s="C" t="C.ar" l="C"/>
		<a id="4" s="C" t="C.ar" l="C"/>
		<a id="5" s="C" t="C.ar" l="C"/>
		<a id="6" s="C" t="C.ar" l="C"/>
		<a id="7" s="N" t="N.am" l="N"/>
		<a id="8" s="C" t="C.2" l="C"/>
		<a id="9" s="O" t="O.2" l="O"/>
		<a id="10" s="C" t="C.ar" l="C"/>
		<a id="11" s="C" t="C.ar" l="C"/>
		<a id="12" s="C" t="C.ar" l="C"/>
		<a id="13" s="C" t="C.ar" l="C"/>
		<a id="14" s="C" t="C.ar" l="C"/>
		<a id="15" s="N" t="N.pl3" l="N"/>
		<a id="16" s="C" t="C.ar" l="C"/>
		<a id="17" s="C" t="C.ar" l="C"/>
		<a id="18" s="N" t="N.ar" l="N"/>
		<a id="19" s="H" t="H" l="H"/>
		<a id="20" s="H" t="H" l="H"/>
		<a id="21" s="H" t="H" l="H"/>
		<a id="22" s="H" t="H" l="H"/>
		<a id="23" s="H" t="H" l="H"/>
		<a id="24" s="H" t="H" l="H"/>
		<a id="25" s="H" t="H" l="H"/>
		<a id="26" s="H" t="H" l="H"/>
		<a id="27" s="H" t="H" l="H"/>
		<a id="28" s="H" t="H" l="H"/>
		<a id="29" s="H" t="H" l="H"/>
		<a id="30" s="H" t="H" l="H"/>
		<a id="31" s="H" t="H" l="H"/>
	</atoms>
	<bonds>
		<b id="1" c="1 2" t="1"/>
		<b id="2" c="2 3" t="1"/>
		<b id="3" c="3 4" t="ar"/>
		<b id="4" c="4 5" t="ar"/>
		<b id="5" c="5 6" t="ar"/>
		<b id="6" c="6 7" t="1"/>
		<b id="7" c="7 8" t="am"/>
		<b id="8" c="8 9" t="2"/>
		<b id="9" c="8 10" t="1"/>
		<b id="10" c="10 11" t="ar"/>
		<b id="11" c="11 12" t="ar"/>
		<b id="12" c="12 13" t="ar"/>
		<b id="13" c="13 14" t="ar"/>
		<b id="14" c="14 15" t="1"/>
		<b id="15" c="14 16" t="ar"/>
		<b id="16" c="10 16" t="ar"/>
		<b id="17" c="6 17" t="ar"/>
		<b id="18" c="17 18" t="ar"/>
		<b id="19" c="3 18" t="ar"/>
		<b id="20" c="1 19" t="1"/>
		<b id="21" c="1 20" t="1"/>
		<b id="22" c="1 21" t="1"/>
		<b id="23" c="4 22" t="1"/>
		<b id="24" c="5 23" t="1"/>
		<b id="25" c="7 24" t="1"/>
		<b id="26" c="11 25" t="1"/>
		<b id="27" c="12 26" t="1"/>
		<b id="28" c="13 27" t="1"/>
		<b id="29" c="15 28" t="1"/>
		<b id="30" c="15 29" t="1"/>
		<b id="31" c="16 30" t="1"/>
		<b id="32" c="17 31" t="1"/>
	</bonds>
	<geometry>
		<g u="A" t="cart/3d">#31,3:3.1836,1.3032,-0.3775;2.5779,0.1481,0.1680;3.1638,-0.3649,1.2654;2.5955,-1.5029,1.8505;3.1838,-2.0324,2.9757;4.3295,-1.4176,3.4945;5.0028,-1.8659,4.6308;4.6902,-2.9137,5.4517;3.7522,-3.6640,5.2727;5.6325,-3.0777,6.5965;6.2728,-2.0067,7.2167;7.1139,-2.2478,8.2895;7.3278,-3.5326,8.7476;6.6821,-4.6148,8.1447;6.9302,-5.9026,8.5562;5.8292,-4.3664,7.0706;4.8114,-0.2954,2.8304;4.2483,0.2191,1.7501;2.5875,1.5712,-1.2474;4.2153,1.0970,-0.6709;3.1842,2.1185,0.3496;1.7137,-1.9397,1.4123;2.7779,-2.9053,3.4593;5.8353,-1.3409,4.8598;6.0918,-0.9888,6.9033;7.6062,-1.4203,8.7790;7.9897,-3.7091,9.5832;7.3207,-6.0227,9.4759;6.2644,-6.6034,8.2763;5.3074,-5.1807,6.5900;5.6959,0.2247,3.1793;</g>
	</geometry>
	<conformers/>
	<properties/>
</molecule>
