<?xml version="1.0" ?>
<!--MOLLI PACKAGE EXPERIMENTAL XML FORMAT-->
<molecule name="nuc1807">
	<atoms>
		<a id="1" s="N" t="N.pl3" l="N"/>
		<a id="2" s="C" t="C.ar" l="C"/>
		<a id="3" s="N" t="N.ar" l="N"/>
		<a id="4" s="C" t="C.ar" l="C"/>
		<a id="5" s="C" t="C.ar" l="C"/>
		<a id="6" s="C" t="C.3" l="C"/>
		<a id="7" s="F" t="F" l="F"/>
		<a id="8" s="F" t="F" l="F"/>
		<a id="9" s="F" t="F" l="F"/>
		<a id="10" s="C" t="C.ar" l="C"/>
		<a id="11" s="N" t="N.pl3" l="N"/>
		<a id="12" s="C" t="C.3" l="C"/>
		<a id="13" s="C" t="C.3" l="C"/>
		<a id="14" s="C" t="C.3" l="C"/>
		<a id="15" s="C" t="C.3" l="C"/>
		<a id="16" s="O" t="O.3" l="O"/>
		<a id="17" s="C" t="C.3" l="C"/>
		<a id="18" s="C" t="C.3" l="C"/>
		<a id="19" s="N" t="N.ar" l="N"/>
		<a id="20" s="H" t="H" l="H"/>
		<a id="21" s="H" t="H" l="H"/>
		<a id="22" s="H" t="H" l="H"/>
		<a id="23" s="H" t="H" l="H"/>
		<a id="24" s="H" t="H" l="H"/>
		<a id="25" s="H" t="H" l="H"/>
		<a id="26" s="H" t="H" l="H"/>
		<a id="27" s="H" t="H" l="H"/>
		<a id="28" s="H" t="H" l="H"/>
		<a id="29" s="H" t="H" l="H"/>
		<a id="30" s="H" t="H" l="H"/>
		<a id="31" s="H" t="H" l="H"/>
		<a id="32" s="H" t="H" l="H"/>
		<a id="33" s="H" t="H" l="H"/>
		<a id="34" s="H" t="H" l="H"/>
	</atoms>
	<bonds>
		<b id="1" c="1 2" t="1"/>
		<b id="2" c="2 3" t="ar"/>
		<b id="3" c="3 4" t="ar"/>
		<b id="4" c="4 5" t="ar"/>
		<b id="5" c="5 6" t="1"/>
		<b id="6" c="6 7" t="1"/>
		<b id="7" c="6 8" t="1"/>
		<b id="8" c="6 9" t="1"/>
		<b id="9" c="5 10" t="ar"/>
		<b id="10" c="10 11" t="1"/>
		<b id="11" c="12 13" t="1"/>
		<b id="12" c="13 14" t="1"/>
		<b id="13" c="14 15" t="1"/>
		<b id="14" c="15 16" t="1"/>
		<b id="15" c="15 17" t="1"/>
		<b id="16" c="17 18" t="1"/>
		<b id="17" c="12 18" t="1"/>
		<b id="18" c="10 19" t="ar"/>
		<b id="19" c="2 19" t="ar"/>
		<b id="20" c="12 11" t="1"/>
		<b id="21" c="1 20" t="1"/>
		<b id="22" c="1 21" t="1"/>
		<b id="23" c="4 22" t="1"/>
		<b id="24" c="11 23" t="1"/>
		<b id="25" c="12 24" t="1"/>
		<b id="26" c="13 25" t="1"/>
		<b id="27" c="13 26" t="1"/>
		<b id="28" c="14 27" t="1"/>
		<b id="29" c="14 28" t="1"/>
		<b id="30" c="15 29" t="1"/>
		<b id="31" c="16 30" t="1"/>
		<b id="32" c="17 31" t="1"/>
		<b id="33" c="17 32" t="1"/>
		<b id="34" c="18 33" t="1"/>
		<b id="35" c="18 34" t="1"/>
	</bonds>
	<geometry>
		<g u="A" t="cart/3d">#34,3:-0.0600,4.2531,-3.0981;0.9654,4.8264,-2.4457;1.1301,6.1442,-2.6250;2.1240,6.7012,-1.9653;2.9682,5.9884,-1.1287;4.0791,6.6386,-0.3909;4.1786,7.9516,-0.6184;3.9764,6.4955,0.9528;5.2931,6.1117,-0.6961;2.7198,4.5936,-1.0073;3.4576,3.8052,-0.2115;3.2645,2.3745,-0.1213;4.0442,1.6407,-1.2183;3.8423,0.1349,-1.0954;4.2877,-0.3624,0.2840;4.1600,-1.7608,0.4052;3.5064,0.3772,1.3756;3.7031,1.8851,1.2570;1.7135,4.0372,-1.6785;-0.5915,4.8110,-3.7405;-0.1727,3.2574,-3.0596;2.2554,7.7651,-2.1116;4.2906,4.1758,0.2168;2.1943,2.1971,-0.2667;5.1062,1.8793,-1.1265;3.6993,1.9886,-2.1930;4.4106,-0.3871,-1.8667;2.7841,-0.1046,-1.2356;5.3594,-0.1743,0.4110;3.2305,-1.9961,0.3022;3.8406,0.0300,2.3546;2.4437,0.1371,1.2778;4.7594,2.1244,1.4029;3.1295,2.3987,2.0304;</g>
	</geometry>
	<conformers/>
	<properties/>
</molecule>
