<?xml version="1.0" ?>
<!--MOLLI PACKAGE EXPERIMENTAL XML FORMAT-->
<molecule name="nuc1808">
	<atoms>
		<a id="1" s="N" t="N.pl3" l="N"/>
		<a id="2" s="C" t="C.ar" l="C"/>
		<a id="3" s="N" t="N.ar" l="N"/>
		<a id="4" s="C" t="C.ar" l="C"/>
		<a id="5" s="C" t="C.ar" l="C"/>
		<a id="6" s="C" t="C.3" l="C"/>
		<a id="7" s="F" t="F" l="F"/>
		<a id="8" s="F" t="F" l="F"/>
		<a id="9" s="F" t="F" l="F"/>
		<a id="10" s="C" t="C.ar" l="C"/>
		<a id="11" s="N" t="N.pl3" l="N"/>
		<a id="12" s="C" t="C.3" l="C"/>
		<a id="13" s="C" t="C.3" l="C"/>
		<a id="14" s="C" t="C.3" l="C"/>
		<a id="15" s="O" t="O.3" l="O"/>
		<a id="16" s="C" t="C.3" l="C"/>
		<a id="17" s="C" t="C.3" l="C"/>
		<a id="18" s="N" t="N.ar" l="N"/>
		<a id="19" s="H" t="H" l="H"/>
		<a id="20" s="H" t="H" l="H"/>
		<a id="21" s="H" t="H" l="H"/>
		<a id="22" s="H" t="H" l="H"/>
		<a id="23" s="H" t="H" l="H"/>
		<a id="24" s="H" t="H" l="H"/>
		<a id="25" s="H" t="H" l="H"/>
		<a id="26" s="H" t="H" l="H"/>
		<a id="27" s="H" t="H" l="H"/>
		<a id="28" s="H" t="H" l="H"/>
		<a id="29" s="H" t="H" l="H"/>
		<a id="30" s="H" t="H" l="H"/>
		<a id="31" s="H" t="H" l="H"/>
	</atoms>
	<bonds>
		<b id="1" c="1 2" t="1"/>
		<b id="2" c="2 3" t="ar"/>
		<b id="3" c="3 4" t="ar"/>
		<b id="4" c="4 5" t="ar"/>
		<b id="5" c="5 6" t="1"/>
		<b id="6" c="6 7" t="1"/>
		<b id="7" c="6 8" t="1"/>
		<b id="8" c="6 9" t="1"/>
		<b id="9" c="5 10" t="ar"/>
		<b id="10" c="10 11" t="1"/>
		<b id="11" c="11 12" t="1"/>
		<b id="12" c="12 13" t="1"/>
		<b id="13" c="13 14" t="1"/>
		<b id="14" c="14 15" t="1"/>
		<b id="15" c="14 16" t="1"/>
		<b id="16" c="16 17" t="1"/>
		<b id="17" c="11 17" t="1"/>
		<b id="18" c="10 18" t="ar"/>
		<b id="19" c="2 18" t="ar"/>
		<b id="20" c="1 19" t="1"/>
		<b id="21" c="1 20" t="1"/>
		<b id="22" c="4 21" t="1"/>
		<b id="23" c="12 22" t="1"/>
		<b id="24" c="12 23" t="1"/>
		<b id="25" c="13 24" t="1"/>
		<b id="26" c="13 25" t="1"/>
		<b id="27" c="14 26" t="1"/>
		<b id="28" c="15 27" t="1"/>
		<b id="29" c="16 28" t="1"/>
		<b id="30" c="16 29" t="1"/>
		<b id="31" c="17 30" t="1"/>
		<b id="32" c="17 31" t="1"/>
	</bonds>
	<geometry>
		<g u="A" t="cart/3d">#31,3:-0.0326,-0.7381,-2.3809;0.2265,-0.2553,-1.1550;-0.3867,-0.8532,-0.1241;-0.0603,-0.4038,1.0667;0.8129,0.6577,1.2877;1.2149,0.9352,2.6943;1.0817,-0.1452,3.4807;2.5002,1.3187,2.8240;0.4796,1.9010,3.3028;1.3266,1.3023,0.1280;2.1597,2.3708,0.1311;2.8440,2.7150,-1.1015;2.1039,3.8011,-1.8805;1.9034,5.0518,-1.0131;3.0985,5.7739,-0.8305;1.2588,4.6445,0.3187;2.0263,3.5112,1.0124;1.0438,0.7867,-1.0705;-0.6334,-1.5364,-2.4700;0.4285,-0.3414,-3.1782;-0.5060,-0.9271,1.9023;2.9286,1.8133,-1.7062;3.8501,3.0554,-0.8311;1.1308,3.4155,-2.1845;2.6710,4.0654,-2.7735;1.2438,5.7554,-1.5333;3.7291,5.2173,-0.3601;0.2366,4.3148,0.1255;1.2226,5.5084,0.9837;1.4906,3.2530,1.9187;3.0304,3.8424,1.3001;</g>
	</geometry>
	<conformers/>
	<properties/>
</molecule>
