<?xml version="1.0" ?>
<!--MOLLI PACKAGE EXPERIMENTAL XML FORMAT-->
<molecule name="nuc1809">
	<atoms>
		<a id="1" s="N" t="N.pl3" l="N"/>
		<a id="2" s="C" t="C.ar" l="C"/>
		<a id="3" s="C" t="C.ar" l="C"/>
		<a id="4" s="C" t="C.ar" l="C"/>
		<a id="5" s="N" t="N.pl3" l="N"/>
		<a id="6" s="C" t="C.3" l="C"/>
		<a id="7" s="C" t="C.3" l="C"/>
		<a id="8" s="O" t="O.3" l="O"/>
		<a id="9" s="C" t="C.3" l="C"/>
		<a id="10" s="C" t="C.3" l="C"/>
		<a id="11" s="C" t="C.ar" l="C"/>
		<a id="12" s="C" t="C.ar" l="C"/>
		<a id="13" s="C" t="C.ar" l="C"/>
		<a id="14" s="F" t="F" l="F"/>
		<a id="15" s="H" t="H" l="H"/>
		<a id="16" s="H" t="H" l="H"/>
		<a id="17" s="H" t="H" l="H"/>
		<a id="18" s="H" t="H" l="H"/>
		<a id="19" s="H" t="H" l="H"/>
		<a id="20" s="H" t="H" l="H"/>
		<a id="21" s="H" t="H" l="H"/>
		<a id="22" s="H" t="H" l="H"/>
		<a id="23" s="H" t="H" l="H"/>
		<a id="24" s="H" t="H" l="H"/>
		<a id="25" s="H" t="H" l="H"/>
		<a id="26" s="H" t="H" l="H"/>
		<a id="27" s="H" t="H" l="H"/>
	</atoms>
	<bonds>
		<b id="1" c="1 2" t="1"/>
		<b id="2" c="2 3" t="ar"/>
		<b id="3" c="3 4" t="ar"/>
		<b id="4" c="4 5" t="1"/>
		<b id="5" c="5 6" t="1"/>
		<b id="6" c="6 7" t="1"/>
		<b id="7" c="7 8" t="1"/>
		<b id="8" c="8 9" t="1"/>
		<b id="9" c="9 10" t="1"/>
		<b id="10" c="5 10" t="1"/>
		<b id="11" c="4 11" t="ar"/>
		<b id="12" c="11 12" t="ar"/>
		<b id="13" c="12 13" t="ar"/>
		<b id="14" c="2 13" t="ar"/>
		<b id="15" c="13 14" t="1"/>
		<b id="16" c="1 15" t="1"/>
		<b id="17" c="1 16" t="1"/>
		<b id="18" c="3 17" t="1"/>
		<b id="19" c="6 18" t="1"/>
		<b id="20" c="6 19" t="1"/>
		<b id="21" c="7 20" t="1"/>
		<b id="22" c="7 21" t="1"/>
		<b id="23" c="9 22" t="1"/>
		<b id="24" c="9 23" t="1"/>
		<b id="25" c="10 24" t="1"/>
		<b id="26" c="10 25" t="1"/>
		<b id="27" c="11 26" t="1"/>
		<b id="28" c="12 27" t="1"/>
	</bonds>
	<geometry>
		<g u="A" t="cart/3d">#27,3:0.1816,-2.2754,-1.2045;0.5476,-1.1320,-0.5275;1.8737,-0.7268,-0.4449;2.2516,0.4750,0.1620;3.6026,0.7905,0.2559;4.0430,1.9445,1.0143;4.0632,3.2060,0.1412;4.8988,3.0160,-0.9813;4.4819,1.9034,-1.7408;4.4664,0.6192,-0.8978;1.2478,1.2690,0.7264;-0.0769,0.8732,0.6725;-0.4183,-0.3021,0.0471;-1.7254,-0.6902,-0.0009;0.8925,-2.9791,-1.3157;-0.7386,-2.6295,-0.9967;2.6223,-1.3877,-0.8542;5.0672,1.7381,1.3470;3.4187,2.0811,1.8955;4.4763,4.0566,0.6860;3.0419,3.4459,-0.1932;5.1896,1.8187,-2.5672;3.4708,2.0803,-2.1425;5.4795,0.4119,-0.5364;4.1338,-0.2114,-1.5154;1.4778,2.2048,1.2069;-0.8515,1.4836,1.1094;</g>
	</geometry>
	<conformers/>
	<properties/>
</molecule>
