<?xml version="1.0" ?>
<!--MOLLI PACKAGE EXPERIMENTAL XML FORMAT-->
<molecule name="nuc1604">
	<atoms>
		<a id="1" s="C" t="C.3" l="C"/>
		<a id="2" s="C" t="C.3" l="C"/>
		<a id="3" s="N" t="N.3" l="N"/>
		<a id="4" s="C" t="C.3" l="C"/>
		<a id="5" s="C" t="C.ar" l="C"/>
		<a id="6" s="C" t="C.ar" l="C"/>
		<a id="7" s="N" t="N.ar" l="N"/>
		<a id="8" s="C" t="C.3" l="C"/>
		<a id="9" s="C" t="C.ar" l="C"/>
		<a id="10" s="C" t="C.ar" l="C"/>
		<a id="11" s="C" t="C.ar" l="C"/>
		<a id="12" s="C" t="C.ar" l="C"/>
		<a id="13" s="C" t="C.ar" l="C"/>
		<a id="14" s="C" t="C.ar" l="C"/>
		<a id="15" s="H" t="H" l="H"/>
		<a id="16" s="H" t="H" l="H"/>
		<a id="17" s="H" t="H" l="H"/>
		<a id="18" s="H" t="H" l="H"/>
		<a id="19" s="H" t="H" l="H"/>
		<a id="20" s="H" t="H" l="H"/>
		<a id="21" s="H" t="H" l="H"/>
		<a id="22" s="H" t="H" l="H"/>
		<a id="23" s="H" t="H" l="H"/>
		<a id="24" s="H" t="H" l="H"/>
		<a id="25" s="H" t="H" l="H"/>
		<a id="26" s="H" t="H" l="H"/>
		<a id="27" s="H" t="H" l="H"/>
		<a id="28" s="H" t="H" l="H"/>
		<a id="29" s="H" t="H" l="H"/>
		<a id="30" s="H" t="H" l="H"/>
	</atoms>
	<bonds>
		<b id="1" c="1 2" t="1"/>
		<b id="2" c="2 3" t="1"/>
		<b id="3" c="2 4" t="1"/>
		<b id="4" c="4 5" t="1"/>
		<b id="5" c="5 6" t="ar"/>
		<b id="6" c="6 7" t="ar"/>
		<b id="7" c="7 8" t="1"/>
		<b id="8" c="7 9" t="ar"/>
		<b id="9" c="9 10" t="ar"/>
		<b id="10" c="10 11" t="ar"/>
		<b id="11" c="11 12" t="ar"/>
		<b id="12" c="12 13" t="ar"/>
		<b id="13" c="13 14" t="ar"/>
		<b id="14" c="5 14" t="ar"/>
		<b id="15" c="9 14" t="ar"/>
		<b id="16" c="1 15" t="1"/>
		<b id="17" c="1 16" t="1"/>
		<b id="18" c="1 17" t="1"/>
		<b id="19" c="2 18" t="1"/>
		<b id="20" c="3 19" t="1"/>
		<b id="21" c="3 20" t="1"/>
		<b id="22" c="4 21" t="1"/>
		<b id="23" c="4 22" t="1"/>
		<b id="24" c="6 23" t="1"/>
		<b id="25" c="8 24" t="1"/>
		<b id="26" c="8 25" t="1"/>
		<b id="27" c="8 26" t="1"/>
		<b id="28" c="10 27" t="1"/>
		<b id="29" c="11 28" t="1"/>
		<b id="30" c="12 29" t="1"/>
		<b id="31" c="13 30" t="1"/>
	</bonds>
	<geometry>
		<g u="A" t="cart/3d">#30,3:3.0053,-0.2867,1.1849;2.5993,-1.2617,0.0745;1.1608,-1.4648,-0.0247;3.1140,-0.7819,-1.2928;4.6045,-0.7443,-1.3524;5.4468,-1.8157,-1.4391;6.7540,-1.4110,-1.4414;7.9031,-2.2648,-1.5198;6.7794,-0.0485,-1.3557;7.8561,0.8305,-1.3275;7.5804,2.1774,-1.2383;6.2650,2.6469,-1.1777;5.1947,1.7828,-1.2047;5.4397,0.4124,-1.2949;2.6682,-0.6505,2.1547;2.5612,0.6922,1.0090;4.0857,-0.1735,1.2126;3.0414,-2.2431,0.2866;0.7018,-0.5809,-0.2235;0.7923,-1.8085,0.8559;2.7147,0.2142,-1.4927;2.7228,-1.4628,-2.0515;5.2033,-2.8596,-1.5057;7.5780,-3.3020,-1.5794;8.5351,-2.1436,-0.6356;8.4991,-2.0305,-2.4061;8.8738,0.4718,-1.3755;8.3941,2.8876,-1.2158;6.0935,3.7114,-1.1093;4.1828,2.1576,-1.1579;</g>
	</geometry>
	<conformers/>
	<properties/>
</molecule>
