<?xml version="1.0" ?>
<!--MOLLI PACKAGE EXPERIMENTAL XML FORMAT-->
<molecule name="nuc1814">
	<atoms>
		<a id="1" s="C" t="C.3" l="C"/>
		<a id="2" s="N" t="N.3" l="N"/>
		<a id="3" s="C" t="C.3" l="C"/>
		<a id="4" s="C" t="C.3" l="C"/>
		<a id="5" s="C" t="C.3" l="C"/>
		<a id="6" s="C" t="C.3" l="C"/>
		<a id="7" s="C" t="C.3" l="C"/>
		<a id="8" s="N" t="N.am" l="N"/>
		<a id="9" s="C" t="C.2" l="C"/>
		<a id="10" s="O" t="O.2" l="O"/>
		<a id="11" s="C" t="C.ar" l="C"/>
		<a id="12" s="C" t="C.ar" l="C"/>
		<a id="13" s="C" t="C.ar" l="C"/>
		<a id="14" s="C" t="C.ar" l="C"/>
		<a id="15" s="N" t="N.pl3" l="N"/>
		<a id="16" s="C" t="C.ar" l="C"/>
		<a id="17" s="C" t="C.ar" l="C"/>
		<a id="18" s="H" t="H" l="H"/>
		<a id="19" s="H" t="H" l="H"/>
		<a id="20" s="H" t="H" l="H"/>
		<a id="21" s="H" t="H" l="H"/>
		<a id="22" s="H" t="H" l="H"/>
		<a id="23" s="H" t="H" l="H"/>
		<a id="24" s="H" t="H" l="H"/>
		<a id="25" s="H" t="H" l="H"/>
		<a id="26" s="H" t="H" l="H"/>
		<a id="27" s="H" t="H" l="H"/>
		<a id="28" s="H" t="H" l="H"/>
		<a id="29" s="H" t="H" l="H"/>
		<a id="30" s="H" t="H" l="H"/>
		<a id="31" s="H" t="H" l="H"/>
		<a id="32" s="H" t="H" l="H"/>
		<a id="33" s="H" t="H" l="H"/>
		<a id="34" s="H" t="H" l="H"/>
	</atoms>
	<bonds>
		<b id="1" c="1 2" t="1"/>
		<b id="2" c="2 3" t="1"/>
		<b id="3" c="3 4" t="1"/>
		<b id="4" c="4 5" t="1"/>
		<b id="5" c="5 6" t="1"/>
		<b id="6" c="2 6" t="1"/>
		<b id="7" c="6 7" t="1"/>
		<b id="8" c="7 8" t="1"/>
		<b id="9" c="4 8" t="1"/>
		<b id="10" c="8 9" t="am"/>
		<b id="11" c="9 10" t="2"/>
		<b id="12" c="9 11" t="1"/>
		<b id="13" c="11 12" t="ar"/>
		<b id="14" c="12 13" t="ar"/>
		<b id="15" c="13 14" t="ar"/>
		<b id="16" c="14 15" t="1"/>
		<b id="17" c="14 16" t="ar"/>
		<b id="18" c="16 17" t="ar"/>
		<b id="19" c="11 17" t="ar"/>
		<b id="20" c="1 18" t="1"/>
		<b id="21" c="1 19" t="1"/>
		<b id="22" c="1 20" t="1"/>
		<b id="23" c="3 21" t="1"/>
		<b id="24" c="3 22" t="1"/>
		<b id="25" c="4 23" t="1"/>
		<b id="26" c="5 24" t="1"/>
		<b id="27" c="5 25" t="1"/>
		<b id="28" c="6 26" t="1"/>
		<b id="29" c="7 27" t="1"/>
		<b id="30" c="7 28" t="1"/>
		<b id="31" c="12 29" t="1"/>
		<b id="32" c="13 30" t="1"/>
		<b id="33" c="15 31" t="1"/>
		<b id="34" c="15 32" t="1"/>
		<b id="35" c="16 33" t="1"/>
		<b id="36" c="17 34" t="1"/>
	</bonds>
	<geometry>
		<g u="A" t="cart/3d">#34,3:0.9136,0.1773,0.1288;2.3191,-0.0913,-0.0395;2.7274,-0.4926,-1.3887;3.7318,-1.6268,-1.1215;4.3140,-1.1895,0.2219;2.9219,-1.0771,0.8473;2.3745,-2.4883,0.5837;2.9581,-2.7905,-0.7197;2.4458,-3.7709,-1.5004;1.5165,-4.4654,-1.1236;3.1205,-3.9804,-2.8123;4.4964,-4.1739,-2.8946;5.0964,-4.4409,-4.1071;4.3352,-4.5171,-5.2754;4.9429,-4.7072,-6.4969;2.9536,-4.3362,-5.1871;2.3571,-4.0835,-3.9701;0.6569,1.0532,-0.4674;0.7221,0.4031,1.1768;0.2594,-0.6522,-0.1793;3.1913,0.3554,-1.9035;1.8870,-0.8525,-1.9948;4.4144,-1.8343,-1.9403;4.8292,-0.2346,0.1753;4.9425,-1.9474,0.6824;2.8614,-0.7594,1.8868;1.2838,-2.5362,0.5435;2.7182,-3.2129,1.3283;5.0973,-4.1447,-1.9966;6.1642,-4.6005,-4.1605;5.8696,-5.1003,-6.4832;4.3559,-5.0344,-7.2465;2.3533,-4.4062,-6.0830;1.2858,-3.9656,-3.9046;</g>
	</geometry>
	<conformers/>
	<properties/>
</molecule>
