<?xml version="1.0" ?>
<!--MOLLI PACKAGE EXPERIMENTAL XML FORMAT-->
<molecule name="nuc1816">
	<atoms>
		<a id="1" s="C" t="C.3" l="C"/>
		<a id="2" s="N" t="N.am" l="N"/>
		<a id="3" s="C" t="C.2" l="C"/>
		<a id="4" s="O" t="O.2" l="O"/>
		<a id="5" s="C" t="C.3" l="C"/>
		<a id="6" s="O" t="O.3" l="O"/>
		<a id="7" s="C" t="C.ar" l="C"/>
		<a id="8" s="C" t="C.ar" l="C"/>
		<a id="9" s="C" t="C.ar" l="C"/>
		<a id="10" s="N" t="N.pl3" l="N"/>
		<a id="11" s="C" t="C.ar" l="C"/>
		<a id="12" s="C" t="C.ar" l="C"/>
		<a id="13" s="C" t="C.ar" l="C"/>
		<a id="14" s="H" t="H" l="H"/>
		<a id="15" s="H" t="H" l="H"/>
		<a id="16" s="H" t="H" l="H"/>
		<a id="17" s="H" t="H" l="H"/>
		<a id="18" s="H" t="H" l="H"/>
		<a id="19" s="H" t="H" l="H"/>
		<a id="20" s="H" t="H" l="H"/>
		<a id="21" s="H" t="H" l="H"/>
		<a id="22" s="H" t="H" l="H"/>
		<a id="23" s="H" t="H" l="H"/>
	</atoms>
	<bonds>
		<b id="1" c="1 2" t="1"/>
		<b id="2" c="2 3" t="am"/>
		<b id="3" c="3 4" t="2"/>
		<b id="4" c="3 5" t="1"/>
		<b id="5" c="5 6" t="1"/>
		<b id="6" c="6 7" t="1"/>
		<b id="7" c="7 8" t="ar"/>
		<b id="8" c="8 9" t="ar"/>
		<b id="9" c="9 10" t="1"/>
		<b id="10" c="9 11" t="ar"/>
		<b id="11" c="11 12" t="ar"/>
		<b id="12" c="12 13" t="ar"/>
		<b id="13" c="7 13" t="ar"/>
		<b id="14" c="2 13" t="1"/>
		<b id="15" c="1 14" t="1"/>
		<b id="16" c="1 15" t="1"/>
		<b id="17" c="1 16" t="1"/>
		<b id="18" c="5 17" t="1"/>
		<b id="19" c="5 18" t="1"/>
		<b id="20" c="8 19" t="1"/>
		<b id="21" c="10 20" t="1"/>
		<b id="22" c="10 21" t="1"/>
		<b id="23" c="11 22" t="1"/>
		<b id="24" c="12 23" t="1"/>
	</bonds>
	<geometry>
		<g u="A" t="cart/3d">#23,3:1.2068,0.1200,-0.3254;2.5639,0.0401,0.1681;3.1228,-1.1811,0.3446;2.5477,-2.2224,0.0962;4.5248,-1.1626,0.9394;5.3235,-0.0707,0.5436;4.6807,1.1353,0.5776;5.4412,2.2788,0.7344;4.8386,3.5362,0.7554;5.5921,4.6672,0.9832;3.4524,3.6128,0.6251;2.6943,2.4706,0.4558;3.2919,1.2173,0.4179;0.9033,-0.8907,-0.5956;1.1609,0.7656,-1.2030;0.5350,0.4993,0.4468;5.0518,-2.0676,0.6306;4.4193,-1.1759,2.0378;6.5100,2.1774,0.8382;6.5783,4.5941,0.7941;5.1747,5.5446,0.7198;2.9675,4.5771,0.6512;1.6265,2.5657,0.3469;</g>
	</geometry>
	<conformers/>
	<properties/>
</molecule>
