<?xml version="1.0" ?>
<!--MOLLI PACKAGE EXPERIMENTAL XML FORMAT-->
<molecule name="nuc1819">
	<atoms>
		<a id="1" s="C" t="C.3" l="C"/>
		<a id="2" s="C" t="C.3" l="C"/>
		<a id="3" s="C" t="C.3" l="C"/>
		<a id="4" s="C" t="C.3" l="C"/>
		<a id="5" s="O" t="O.3" l="O"/>
		<a id="6" s="C" t="C.2" l="C"/>
		<a id="7" s="O" t="O.2" l="O"/>
		<a id="8" s="N" t="N.am" l="N"/>
		<a id="9" s="C" t="C.3" l="C"/>
		<a id="10" s="C" t="C.3" l="C"/>
		<a id="11" s="C" t="C.3" l="C"/>
		<a id="12" s="N" t="N.3" l="N"/>
		<a id="13" s="H" t="H" l="H"/>
		<a id="14" s="H" t="H" l="H"/>
		<a id="15" s="H" t="H" l="H"/>
		<a id="16" s="H" t="H" l="H"/>
		<a id="17" s="H" t="H" l="H"/>
		<a id="18" s="H" t="H" l="H"/>
		<a id="19" s="H" t="H" l="H"/>
		<a id="20" s="H" t="H" l="H"/>
		<a id="21" s="H" t="H" l="H"/>
		<a id="22" s="H" t="H" l="H"/>
		<a id="23" s="H" t="H" l="H"/>
		<a id="24" s="H" t="H" l="H"/>
		<a id="25" s="H" t="H" l="H"/>
		<a id="26" s="H" t="H" l="H"/>
		<a id="27" s="H" t="H" l="H"/>
		<a id="28" s="H" t="H" l="H"/>
		<a id="29" s="H" t="H" l="H"/>
		<a id="30" s="H" t="H" l="H"/>
	</atoms>
	<bonds>
		<b id="1" c="1 2" t="1"/>
		<b id="2" c="2 3" t="1"/>
		<b id="3" c="2 4" t="1"/>
		<b id="4" c="2 5" t="1"/>
		<b id="5" c="5 6" t="1"/>
		<b id="6" c="6 7" t="2"/>
		<b id="7" c="6 8" t="am"/>
		<b id="8" c="8 9" t="1"/>
		<b id="9" c="9 10" t="1"/>
		<b id="10" c="10 11" t="1"/>
		<b id="11" c="11 12" t="1"/>
		<b id="12" c="1 13" t="1"/>
		<b id="13" c="1 14" t="1"/>
		<b id="14" c="1 15" t="1"/>
		<b id="15" c="3 16" t="1"/>
		<b id="16" c="3 17" t="1"/>
		<b id="17" c="3 18" t="1"/>
		<b id="18" c="4 19" t="1"/>
		<b id="19" c="4 20" t="1"/>
		<b id="20" c="4 21" t="1"/>
		<b id="21" c="8 22" t="1"/>
		<b id="22" c="9 23" t="1"/>
		<b id="23" c="9 24" t="1"/>
		<b id="24" c="10 25" t="1"/>
		<b id="25" c="10 26" t="1"/>
		<b id="26" c="11 27" t="1"/>
		<b id="27" c="11 28" t="1"/>
		<b id="28" c="12 29" t="1"/>
		<b id="29" c="12 30" t="1"/>
	</bonds>
	<geometry>
		<g u="A" t="cart/3d">#30,3:3.2726,1.0918,1.1864;2.6380,0.1815,0.1355;2.5221,-1.2528,0.6505;1.2643,0.7151,-0.2753;3.4070,0.2170,-1.0893;4.6787,-0.2081,-1.1036;5.3133,-0.6151,-0.1583;5.1999,-0.1683,-2.3568;4.5774,0.4504,-3.5032;4.8157,1.9615,-3.5774;6.2924,2.3171,-3.7443;6.4420,3.7603,-3.8251;2.6481,1.1169,2.0749;3.3721,2.1019,0.7953;4.2571,0.7197,1.4551;1.8718,-1.2783,1.5203;3.5022,-1.6296,0.9288;2.1049,-1.8945,-0.1224;0.6067,0.7497,0.5882;0.8240,0.0706,-1.0316;1.3619,1.7156,-0.6884;6.1867,-0.3669,-2.4036;3.5048,0.2577,-3.4414;4.9722,-0.0340,-4.4006;4.4411,2.4340,-2.6696;4.2527,2.3617,-4.4231;6.6945,1.7871,-4.6272;6.8523,1.9831,-2.8667;5.9705,4.1180,-4.6491;7.4209,4.0151,-3.8920;</g>
	</geometry>
	<conformers/>
	<properties/>
</molecule>
