<?xml version="1.0" ?>
<!--MOLLI PACKAGE EXPERIMENTAL XML FORMAT-->
<molecule name="nuc1832">
	<atoms>
		<a id="1" s="N" t="N.pl3" l="N"/>
		<a id="2" s="C" t="C.ar" l="C"/>
		<a id="3" s="N" t="N.ar" l="N"/>
		<a id="4" s="C" t="C.ar" l="C"/>
		<a id="5" s="C" t="C.ar" l="C"/>
		<a id="6" s="S" t="S.2" l="S"/>
		<a id="7" s="C" t="C.3" l="C"/>
		<a id="8" s="C" t="C.3" l="C"/>
		<a id="9" s="N" t="N.3" l="N"/>
		<a id="10" s="C" t="C.3" l="C"/>
		<a id="11" s="C" t="C.ar" l="C"/>
		<a id="12" s="C" t="C.ar" l="C"/>
		<a id="13" s="C" t="C.ar" l="C"/>
		<a id="14" s="C" t="C.ar" l="C"/>
		<a id="15" s="C" t="C.ar" l="C"/>
		<a id="16" s="C" t="C.ar" l="C"/>
		<a id="17" s="C" t="C.3" l="C"/>
		<a id="18" s="C" t="C.3" l="C"/>
		<a id="19" s="H" t="H" l="H"/>
		<a id="20" s="H" t="H" l="H"/>
		<a id="21" s="H" t="H" l="H"/>
		<a id="22" s="H" t="H" l="H"/>
		<a id="23" s="H" t="H" l="H"/>
		<a id="24" s="H" t="H" l="H"/>
		<a id="25" s="H" t="H" l="H"/>
		<a id="26" s="H" t="H" l="H"/>
		<a id="27" s="H" t="H" l="H"/>
		<a id="28" s="H" t="H" l="H"/>
		<a id="29" s="H" t="H" l="H"/>
		<a id="30" s="H" t="H" l="H"/>
		<a id="31" s="H" t="H" l="H"/>
		<a id="32" s="H" t="H" l="H"/>
		<a id="33" s="H" t="H" l="H"/>
		<a id="34" s="H" t="H" l="H"/>
		<a id="35" s="H" t="H" l="H"/>
	</atoms>
	<bonds>
		<b id="1" c="1 2" t="1"/>
		<b id="2" c="2 3" t="ar"/>
		<b id="3" c="3 4" t="ar"/>
		<b id="4" c="4 5" t="ar"/>
		<b id="5" c="5 6" t="ar"/>
		<b id="6" c="2 6" t="ar"/>
		<b id="7" c="5 7" t="1"/>
		<b id="8" c="7 8" t="1"/>
		<b id="9" c="8 9" t="1"/>
		<b id="10" c="9 10" t="1"/>
		<b id="11" c="10 11" t="1"/>
		<b id="12" c="11 12" t="ar"/>
		<b id="13" c="12 13" t="ar"/>
		<b id="14" c="13 14" t="ar"/>
		<b id="15" c="14 15" t="ar"/>
		<b id="16" c="15 16" t="ar"/>
		<b id="17" c="11 16" t="ar"/>
		<b id="18" c="9 17" t="1"/>
		<b id="19" c="17 18" t="1"/>
		<b id="20" c="4 18" t="1"/>
		<b id="21" c="1 19" t="1"/>
		<b id="22" c="1 20" t="1"/>
		<b id="23" c="7 21" t="1"/>
		<b id="24" c="7 22" t="1"/>
		<b id="25" c="8 23" t="1"/>
		<b id="26" c="8 24" t="1"/>
		<b id="27" c="10 25" t="1"/>
		<b id="28" c="10 26" t="1"/>
		<b id="29" c="12 27" t="1"/>
		<b id="30" c="13 28" t="1"/>
		<b id="31" c="14 29" t="1"/>
		<b id="32" c="15 30" t="1"/>
		<b id="33" c="16 31" t="1"/>
		<b id="34" c="17 32" t="1"/>
		<b id="35" c="17 33" t="1"/>
		<b id="36" c="18 34" t="1"/>
		<b id="37" c="18 35" t="1"/>
	</bonds>
	<geometry>
		<g u="A" t="cart/3d">#35,3:0.9079,0.2280,0.7556;2.2273,0.0079,0.5176;3.0777,0.9119,0.1946;4.3147,0.3875,-0.0644;4.4249,-0.9587,0.0742;2.8801,-1.6322,0.5523;5.6069,-1.8380,-0.1620;6.5065,-1.2862,-1.2664;7.3984,-0.2290,-0.8196;8.1196,0.3272,-1.9517;9.0915,-0.6752,-2.5170;9.1877,-0.8962,-3.8827;10.1025,-1.8062,-4.3851;10.9254,-2.5103,-3.5242;10.8311,-2.2995,-2.1581;9.9230,-1.3849,-1.6589;6.7896,0.7679,0.0400;5.4300,1.3166,-0.4208;0.6602,1.1876,0.9362;0.4158,-0.4672,1.2914;5.2504,-2.8257,-0.4632;6.1905,-1.9678,0.7544;5.8667,-0.9502,-2.1033;7.1420,-2.0933,-1.6449;8.6874,1.1939,-1.5979;7.4414,0.6725,-2.7534;8.5450,-0.3512,-4.5603;10.1692,-1.9679,-5.4510;11.6374,-3.2220,-3.9157;11.4714,-2.8474,-1.4824;9.8366,-1.2169,-0.5959;7.5003,1.5922,0.1355;6.6665,0.3287,1.0351;5.4437,1.4945,-1.5001;5.2294,2.2734,0.0636;</g>
	</geometry>
	<conformers/>
	<properties/>
</molecule>
