<?xml version="1.0" ?>
<!--MOLLI PACKAGE EXPERIMENTAL XML FORMAT-->
<molecule name="nuc1835">
	<atoms>
		<a id="1" s="C" t="C.3" l="C"/>
		<a id="2" s="N" t="N.3" l="N"/>
		<a id="3" s="C" t="C.3" l="C"/>
		<a id="4" s="C" t="C.3" l="C"/>
		<a id="5" s="C" t="C.3" l="C"/>
		<a id="6" s="O" t="O.3" l="O"/>
		<a id="7" s="C" t="C.ar" l="C"/>
		<a id="8" s="C" t="C.ar" l="C"/>
		<a id="9" s="C" t="C.ar" l="C"/>
		<a id="10" s="C" t="C.ar" l="C"/>
		<a id="11" s="N" t="N.pl3" l="N"/>
		<a id="12" s="N" t="N.ar" l="N"/>
		<a id="13" s="C" t="C.ar" l="C"/>
		<a id="14" s="H" t="H" l="H"/>
		<a id="15" s="H" t="H" l="H"/>
		<a id="16" s="H" t="H" l="H"/>
		<a id="17" s="H" t="H" l="H"/>
		<a id="18" s="H" t="H" l="H"/>
		<a id="19" s="H" t="H" l="H"/>
		<a id="20" s="H" t="H" l="H"/>
		<a id="21" s="H" t="H" l="H"/>
		<a id="22" s="H" t="H" l="H"/>
		<a id="23" s="H" t="H" l="H"/>
		<a id="24" s="H" t="H" l="H"/>
		<a id="25" s="H" t="H" l="H"/>
		<a id="26" s="H" t="H" l="H"/>
		<a id="27" s="H" t="H" l="H"/>
		<a id="28" s="H" t="H" l="H"/>
	</atoms>
	<bonds>
		<b id="1" c="1 2" t="1"/>
		<b id="2" c="2 3" t="1"/>
		<b id="3" c="2 4" t="1"/>
		<b id="4" c="4 5" t="1"/>
		<b id="5" c="5 6" t="1"/>
		<b id="6" c="6 7" t="1"/>
		<b id="7" c="7 8" t="ar"/>
		<b id="8" c="8 9" t="ar"/>
		<b id="9" c="9 10" t="ar"/>
		<b id="10" c="10 11" t="1"/>
		<b id="11" c="10 12" t="ar"/>
		<b id="12" c="12 13" t="ar"/>
		<b id="13" c="7 13" t="ar"/>
		<b id="14" c="1 14" t="1"/>
		<b id="15" c="1 15" t="1"/>
		<b id="16" c="1 16" t="1"/>
		<b id="17" c="3 17" t="1"/>
		<b id="18" c="3 18" t="1"/>
		<b id="19" c="3 19" t="1"/>
		<b id="20" c="4 20" t="1"/>
		<b id="21" c="4 21" t="1"/>
		<b id="22" c="5 22" t="1"/>
		<b id="23" c="5 23" t="1"/>
		<b id="24" c="8 24" t="1"/>
		<b id="25" c="9 25" t="1"/>
		<b id="26" c="11 26" t="1"/>
		<b id="27" c="11 27" t="1"/>
		<b id="28" c="13 28" t="1"/>
	</bonds>
	<geometry>
		<g u="A" t="cart/3d">#28,3:1.1194,-0.2345,-0.1167;2.5166,0.1371,-0.0120;2.6945,1.5492,-0.2844;3.0612,-0.2465,1.2774;4.5889,-0.1912,1.2941;5.0172,-0.9453,2.4076;6.3581,-1.0437,2.6440;7.3672,-0.4689,1.8725;8.6838,-0.6570,2.2453;8.9667,-1.4186,3.3826;10.2567,-1.7007,3.7592;8.0011,-1.9611,4.1231;6.7473,-1.7818,3.7619;0.7610,0.0160,-1.1139;0.4852,0.2779,0.6234;1.0223,-1.3094,0.0262;2.2568,1.7789,-1.2544;3.7559,1.7832,-0.3255;2.2199,2.1899,0.4756;2.7785,-1.2836,1.4725;2.6647,0.3734,2.1008;4.9474,0.8430,1.3820;4.9700,-0.6246,0.3594;7.1418,0.1162,0.9940;9.4864,-0.2252,1.6666;10.9746,-1.0575,3.4715;10.3504,-2.0846,4.6852;5.9967,-2.2404,4.3900;</g>
	</geometry>
	<conformers/>
	<properties/>
</molecule>
