<?xml version="1.0" ?>
<!--MOLLI PACKAGE EXPERIMENTAL XML FORMAT-->
<molecule name="nuc1837">
	<atoms>
		<a id="1" s="C" t="C.3" l="C"/>
		<a id="2" s="O" t="O.3" l="O"/>
		<a id="3" s="C" t="C.ar" l="C"/>
		<a id="4" s="C" t="C.ar" l="C"/>
		<a id="5" s="C" t="C.ar" l="C"/>
		<a id="6" s="C" t="C.ar" l="C"/>
		<a id="7" s="C" t="C.ar" l="C"/>
		<a id="8" s="N" t="N.ar" l="N"/>
		<a id="9" s="C" t="C.3" l="C"/>
		<a id="10" s="C" t="C.3" l="C"/>
		<a id="11" s="N" t="N.3" l="N"/>
		<a id="12" s="N" t="N.ar" l="N"/>
		<a id="13" s="N" t="N.ar" l="N"/>
		<a id="14" s="C" t="C.ar" l="C"/>
		<a id="15" s="C" t="C.ar" l="C"/>
		<a id="16" s="C" t="C.ar" l="C"/>
		<a id="17" s="N" t="N.ar" l="N"/>
		<a id="18" s="C" t="C.ar" l="C"/>
		<a id="19" s="N" t="N.ar" l="N"/>
		<a id="20" s="C" t="C.ar" l="C"/>
		<a id="21" s="C" t="C.3" l="C"/>
		<a id="22" s="C" t="C.ar" l="C"/>
		<a id="23" s="H" t="H" l="H"/>
		<a id="24" s="H" t="H" l="H"/>
		<a id="25" s="H" t="H" l="H"/>
		<a id="26" s="H" t="H" l="H"/>
		<a id="27" s="H" t="H" l="H"/>
		<a id="28" s="H" t="H" l="H"/>
		<a id="29" s="H" t="H" l="H"/>
		<a id="30" s="H" t="H" l="H"/>
		<a id="31" s="H" t="H" l="H"/>
		<a id="32" s="H" t="H" l="H"/>
		<a id="33" s="H" t="H" l="H"/>
		<a id="34" s="H" t="H" l="H"/>
		<a id="35" s="H" t="H" l="H"/>
		<a id="36" s="H" t="H" l="H"/>
		<a id="37" s="H" t="H" l="H"/>
		<a id="38" s="H" t="H" l="H"/>
		<a id="39" s="H" t="H" l="H"/>
		<a id="40" s="H" t="H" l="H"/>
	</atoms>
	<bonds>
		<b id="1" c="1 2" t="1"/>
		<b id="2" c="2 3" t="1"/>
		<b id="3" c="3 4" t="ar"/>
		<b id="4" c="4 5" t="ar"/>
		<b id="5" c="5 6" t="1"/>
		<b id="6" c="6 7" t="ar"/>
		<b id="7" c="7 8" t="ar"/>
		<b id="8" c="8 9" t="1"/>
		<b id="9" c="9 10" t="1"/>
		<b id="10" c="10 11" t="1"/>
		<b id="11" c="8 12" t="ar"/>
		<b id="12" c="12 13" t="ar"/>
		<b id="13" c="6 13" t="ar"/>
		<b id="14" c="5 14" t="ar"/>
		<b id="15" c="14 15" t="ar"/>
		<b id="16" c="15 16" t="ar"/>
		<b id="17" c="3 16" t="ar"/>
		<b id="18" c="16 17" t="1"/>
		<b id="19" c="17 18" t="ar"/>
		<b id="20" c="18 19" t="ar"/>
		<b id="21" c="19 20" t="ar"/>
		<b id="22" c="20 21" t="1"/>
		<b id="23" c="20 22" t="ar"/>
		<b id="24" c="17 22" t="ar"/>
		<b id="25" c="1 23" t="1"/>
		<b id="26" c="1 24" t="1"/>
		<b id="27" c="1 25" t="1"/>
		<b id="28" c="4 26" t="1"/>
		<b id="29" c="7 27" t="1"/>
		<b id="30" c="9 28" t="1"/>
		<b id="31" c="9 29" t="1"/>
		<b id="32" c="10 30" t="1"/>
		<b id="33" c="10 31" t="1"/>
		<b id="34" c="11 32" t="1"/>
		<b id="35" c="11 33" t="1"/>
		<b id="36" c="14 34" t="1"/>
		<b id="37" c="15 35" t="1"/>
		<b id="38" c="18 36" t="1"/>
		<b id="39" c="21 37" t="1"/>
		<b id="40" c="21 38" t="1"/>
		<b id="41" c="21 39" t="1"/>
		<b id="42" c="22 40" t="1"/>
	</bonds>
	<geometry>
		<g u="A" t="cart/3d">#40,3:1.3566,-0.8662,-0.4081;2.3684,-0.0378,0.1151;2.9804,-0.4121,1.2703;2.6528,-1.5451,1.9959;3.3409,-1.8789,3.1616;2.9538,-3.0829,3.8718;3.4708,-3.6660,5.0177;2.7132,-4.7676,5.2113;2.8530,-5.7758,6.2198;3.9521,-6.7825,5.8479;3.9924,-7.8296,6.8483;1.8006,-4.8606,4.2504;1.9303,-3.8726,3.4562;4.3725,-1.0608,3.6083;4.7027,0.0742,2.8941;4.0258,0.4136,1.7301;4.3975,1.5625,1.0216;3.5958,2.4729,0.4070;4.2744,3.4467,-0.1237;5.5897,3.1796,0.1322;6.6765,4.0722,-0.3529;5.6822,2.0210,0.8497;1.0405,-0.3874,-1.3334;0.5047,-0.9380,0.2749;1.7331,-1.8698,-0.6267;1.8635,-2.2080,1.6830;4.2668,-3.3926,5.6769;1.9018,-6.3043,6.3011;3.0868,-5.3017,7.1775;4.9081,-6.2428,5.7249;3.6965,-7.2391,4.8883;4.3209,-7.4678,7.7370;4.6154,-8.5754,6.5634;4.9125,-1.3020,4.5103;5.4929,0.7210,3.2442;2.5288,2.3941,0.3925;6.3096,5.0939,-0.4070;6.9955,3.7730,-1.3516;7.5357,4.0254,0.3125;6.5327,1.4828,1.2150;</g>
	</geometry>
	<conformers/>
	<properties/>
</molecule>
