<?xml version="1.0" ?>
<!--MOLLI PACKAGE EXPERIMENTAL XML FORMAT-->
<molecule name="nuc1839">
	<atoms>
		<a id="1" s="C" t="C.3" l="C"/>
		<a id="2" s="C" t="C.3" l="C"/>
		<a id="3" s="C" t="C.3" l="C"/>
		<a id="4" s="O" t="O.3" l="O"/>
		<a id="5" s="C" t="C.ar" l="C"/>
		<a id="6" s="C" t="C.ar" l="C"/>
		<a id="7" s="C" t="C.ar" l="C"/>
		<a id="8" s="C" t="C.ar" l="C"/>
		<a id="9" s="C" t="C.ar" l="C"/>
		<a id="10" s="N" t="N.pl3" l="N"/>
		<a id="11" s="O" t="O.2" l="O"/>
		<a id="12" s="O" t="O.co2" l="O"/>
		<a id="13" s="C" t="C.ar" l="C"/>
		<a id="14" s="N" t="N.pl3" l="N"/>
		<a id="15" s="H" t="H" l="H"/>
		<a id="16" s="H" t="H" l="H"/>
		<a id="17" s="H" t="H" l="H"/>
		<a id="18" s="H" t="H" l="H"/>
		<a id="19" s="H" t="H" l="H"/>
		<a id="20" s="H" t="H" l="H"/>
		<a id="21" s="H" t="H" l="H"/>
		<a id="22" s="H" t="H" l="H"/>
		<a id="23" s="H" t="H" l="H"/>
		<a id="24" s="H" t="H" l="H"/>
		<a id="25" s="H" t="H" l="H"/>
		<a id="26" s="H" t="H" l="H"/>
	</atoms>
	<bonds>
		<b id="1" c="1 2" t="1"/>
		<b id="2" c="2 3" t="1"/>
		<b id="3" c="2 4" t="1"/>
		<b id="4" c="4 5" t="1"/>
		<b id="5" c="5 6" t="ar"/>
		<b id="6" c="6 7" t="ar"/>
		<b id="7" c="7 8" t="ar"/>
		<b id="8" c="8 9" t="ar"/>
		<b id="9" c="9 10" t="1"/>
		<b id="10" c="10 11" t="2"/>
		<b id="11" c="10 12" t="1"/>
		<b id="12" c="9 13" t="ar"/>
		<b id="13" c="5 13" t="ar"/>
		<b id="14" c="13 14" t="1"/>
		<b id="15" c="1 15" t="1"/>
		<b id="16" c="1 16" t="1"/>
		<b id="17" c="1 17" t="1"/>
		<b id="18" c="2 18" t="1"/>
		<b id="19" c="3 19" t="1"/>
		<b id="20" c="3 20" t="1"/>
		<b id="21" c="3 21" t="1"/>
		<b id="22" c="6 22" t="1"/>
		<b id="23" c="7 23" t="1"/>
		<b id="24" c="8 24" t="1"/>
		<b id="25" c="14 25" t="1"/>
		<b id="26" c="14 26" t="1"/>
	</bonds>
	<geometry>
		<g u="A" t="cart/3d">#26,3:1.1951,-0.5476,-0.6183;2.5606,-0.7044,-1.2799;2.4296,-1.2776,-2.6904;3.1352,0.5969,-1.3123;4.4782,0.7543,-1.5063;5.4141,-0.2472,-1.5912;6.7697,0.0559,-1.7706;7.1779,1.3553,-1.8672;6.2417,2.4006,-1.7858;6.7292,3.7233,-1.8916;7.9252,3.8888,-2.0460;5.9372,4.6611,-1.8244;4.8726,2.1249,-1.6033;3.9208,3.0687,-1.5199;0.7053,-1.5140,-0.5460;0.5731,0.1228,-1.2059;1.3081,-0.1320,0.3797;3.1830,-1.3643,-0.6594;1.7701,-0.6473,-3.2823;2.0137,-2.2801,-2.6460;3.3974,-1.3195,-3.1840;5.1251,-1.2833,-1.5186;7.4840,-0.7488,-1.8329;8.2148,1.6149,-2.0071;4.1935,4.0401,-1.5742;2.9727,2.7742,-1.3715;</g>
	</geometry>
	<conformers/>
	<properties/>
</molecule>
