<?xml version="1.0" ?>
<!--MOLLI PACKAGE EXPERIMENTAL XML FORMAT-->
<molecule name="nuc1840">
	<atoms>
		<a id="1" s="C" t="C.3" l="C"/>
		<a id="2" s="C" t="C.ar" l="C"/>
		<a id="3" s="C" t="C.ar" l="C"/>
		<a id="4" s="C" t="C.ar" l="C"/>
		<a id="5" s="C" t="C.ar" l="C"/>
		<a id="6" s="C" t="C.ar" l="C"/>
		<a id="7" s="N" t="N.pl3" l="N"/>
		<a id="8" s="C" t="C.ar" l="C"/>
		<a id="9" s="N" t="N.am" l="N"/>
		<a id="10" s="C" t="C.2" l="C"/>
		<a id="11" s="O" t="O.2" l="O"/>
		<a id="12" s="O" t="O.3" l="O"/>
		<a id="13" s="C" t="C.3" l="C"/>
		<a id="14" s="C" t="C.3" l="C"/>
		<a id="15" s="C" t="C.3" l="C"/>
		<a id="16" s="C" t="C.3" l="C"/>
		<a id="17" s="H" t="H" l="H"/>
		<a id="18" s="H" t="H" l="H"/>
		<a id="19" s="H" t="H" l="H"/>
		<a id="20" s="H" t="H" l="H"/>
		<a id="21" s="H" t="H" l="H"/>
		<a id="22" s="H" t="H" l="H"/>
		<a id="23" s="H" t="H" l="H"/>
		<a id="24" s="H" t="H" l="H"/>
		<a id="25" s="H" t="H" l="H"/>
		<a id="26" s="H" t="H" l="H"/>
		<a id="27" s="H" t="H" l="H"/>
		<a id="28" s="H" t="H" l="H"/>
		<a id="29" s="H" t="H" l="H"/>
		<a id="30" s="H" t="H" l="H"/>
		<a id="31" s="H" t="H" l="H"/>
		<a id="32" s="H" t="H" l="H"/>
		<a id="33" s="H" t="H" l="H"/>
		<a id="34" s="H" t="H" l="H"/>
	</atoms>
	<bonds>
		<b id="1" c="1 2" t="1"/>
		<b id="2" c="2 3" t="ar"/>
		<b id="3" c="3 4" t="ar"/>
		<b id="4" c="4 5" t="ar"/>
		<b id="5" c="5 6" t="ar"/>
		<b id="6" c="6 7" t="1"/>
		<b id="7" c="6 8" t="ar"/>
		<b id="8" c="2 8" t="ar"/>
		<b id="9" c="8 9" t="1"/>
		<b id="10" c="9 10" t="am"/>
		<b id="11" c="10 11" t="2"/>
		<b id="12" c="10 12" t="1"/>
		<b id="13" c="12 13" t="1"/>
		<b id="14" c="13 14" t="1"/>
		<b id="15" c="13 15" t="1"/>
		<b id="16" c="13 16" t="1"/>
		<b id="17" c="1 17" t="1"/>
		<b id="18" c="1 18" t="1"/>
		<b id="19" c="1 19" t="1"/>
		<b id="20" c="3 20" t="1"/>
		<b id="21" c="4 21" t="1"/>
		<b id="22" c="5 22" t="1"/>
		<b id="23" c="7 23" t="1"/>
		<b id="24" c="7 24" t="1"/>
		<b id="25" c="9 25" t="1"/>
		<b id="26" c="14 26" t="1"/>
		<b id="27" c="14 27" t="1"/>
		<b id="28" c="14 28" t="1"/>
		<b id="29" c="15 29" t="1"/>
		<b id="30" c="15 30" t="1"/>
		<b id="31" c="15 31" t="1"/>
		<b id="32" c="16 32" t="1"/>
		<b id="33" c="16 33" t="1"/>
		<b id="34" c="16 34" t="1"/>
	</bonds>
	<geometry>
		<g u="A" t="cart/3d">#34,3:-1.5542,-0.5363,-1.8446;-0.7034,-0.0236,-0.7178;-0.8460,1.2850,-0.2818;-0.0640,1.7670,0.7529;0.8688,0.9476,1.3492;1.0392,-0.3789,0.9427;1.9097,-1.1977,1.6293;0.2338,-0.8594,-0.1039;0.2821,-2.2061,-0.5405;1.3461,-2.9977,-0.8001;2.5091,-2.7109,-0.6083;0.8961,-4.1655,-1.2987;1.8176,-5.2277,-1.6417;2.6254,-5.6559,-0.4168;0.9094,-6.3680,-2.1045;2.7376,-4.7789,-2.7768;-2.1025,0.2832,-2.3019;-2.2818,-1.2666,-1.4856;-0.9414,-1.0108,-2.6105;-1.5702,1.9283,-0.7584;-0.1793,2.7863,1.0896;1.4817,1.3197,2.1580;2.5527,-0.6969,2.2250;2.3668,-1.9012,1.0611;-0.6035,-2.5908,-0.8386;1.9561,-5.8967,0.4065;3.2923,-4.8569,-0.1056;3.2167,-6.5343,-0.6597;0.2479,-6.6682,-1.2966;1.5095,-7.2203,-2.4074;0.3028,-6.0440,-2.9454;3.3530,-3.9444,-2.4520;2.1474,-4.4676,-3.6363;3.3841,-5.6007,-3.0714;</g>
	</geometry>
	<conformers/>
	<properties/>
</molecule>
