<?xml version="1.0" ?>
<!--MOLLI PACKAGE EXPERIMENTAL XML FORMAT-->
<molecule name="nuc1845">
	<atoms>
		<a id="1" s="C" t="C.3" l="C"/>
		<a id="2" s="C" t="C.3" l="C"/>
		<a id="3" s="C" t="C.3" l="C"/>
		<a id="4" s="C" t="C.3" l="C"/>
		<a id="5" s="O" t="O.3" l="O"/>
		<a id="6" s="C" t="C.2" l="C"/>
		<a id="7" s="O" t="O.2" l="O"/>
		<a id="8" s="N" t="N.am" l="N"/>
		<a id="9" s="C" t="C.ar" l="C"/>
		<a id="10" s="C" t="C.ar" l="C"/>
		<a id="11" s="C" t="C.ar" l="C"/>
		<a id="12" s="C" t="C.ar" l="C"/>
		<a id="13" s="C" t="C.ar" l="C"/>
		<a id="14" s="F" t="F" l="F"/>
		<a id="15" s="C" t="C.ar" l="C"/>
		<a id="16" s="N" t="N.pl3" l="N"/>
		<a id="17" s="H" t="H" l="H"/>
		<a id="18" s="H" t="H" l="H"/>
		<a id="19" s="H" t="H" l="H"/>
		<a id="20" s="H" t="H" l="H"/>
		<a id="21" s="H" t="H" l="H"/>
		<a id="22" s="H" t="H" l="H"/>
		<a id="23" s="H" t="H" l="H"/>
		<a id="24" s="H" t="H" l="H"/>
		<a id="25" s="H" t="H" l="H"/>
		<a id="26" s="H" t="H" l="H"/>
		<a id="27" s="H" t="H" l="H"/>
		<a id="28" s="H" t="H" l="H"/>
		<a id="29" s="H" t="H" l="H"/>
		<a id="30" s="H" t="H" l="H"/>
		<a id="31" s="H" t="H" l="H"/>
	</atoms>
	<bonds>
		<b id="1" c="1 2" t="1"/>
		<b id="2" c="2 3" t="1"/>
		<b id="3" c="2 4" t="1"/>
		<b id="4" c="2 5" t="1"/>
		<b id="5" c="5 6" t="1"/>
		<b id="6" c="6 7" t="2"/>
		<b id="7" c="6 8" t="am"/>
		<b id="8" c="8 9" t="1"/>
		<b id="9" c="9 10" t="ar"/>
		<b id="10" c="10 11" t="ar"/>
		<b id="11" c="11 12" t="ar"/>
		<b id="12" c="12 13" t="ar"/>
		<b id="13" c="13 14" t="1"/>
		<b id="14" c="13 15" t="ar"/>
		<b id="15" c="9 15" t="ar"/>
		<b id="16" c="15 16" t="1"/>
		<b id="17" c="1 17" t="1"/>
		<b id="18" c="1 18" t="1"/>
		<b id="19" c="1 19" t="1"/>
		<b id="20" c="3 20" t="1"/>
		<b id="21" c="3 21" t="1"/>
		<b id="22" c="3 22" t="1"/>
		<b id="23" c="4 23" t="1"/>
		<b id="24" c="4 24" t="1"/>
		<b id="25" c="4 25" t="1"/>
		<b id="26" c="8 26" t="1"/>
		<b id="27" c="10 27" t="1"/>
		<b id="28" c="11 28" t="1"/>
		<b id="29" c="12 29" t="1"/>
		<b id="30" c="16 30" t="1"/>
		<b id="31" c="16 31" t="1"/>
	</bonds>
	<geometry>
		<g u="A" t="cart/3d">#31,3:3.4702,0.9419,1.2035;2.7179,0.1823,0.1117;2.4490,-1.2620,0.5325;1.4070,0.8914,-0.2312;3.4700,0.2208,-1.1268;4.6920,-0.3399,-1.2050;5.2634,-0.9311,-0.3255;5.1569,-0.1314,-2.4717;6.3936,-0.4837,-3.0215;7.4390,-0.9874,-2.2597;8.6586,-1.2839,-2.8427;8.8563,-1.0759,-4.1958;7.8045,-0.5932,-4.9462;7.9731,-0.4084,-6.2845;6.5552,-0.2999,-4.4072;5.5350,0.2279,-5.1996;2.8649,0.9831,2.1045;3.6829,1.9568,0.8739;4.4076,0.4418,1.4304;1.8061,-1.2720,1.4080;3.3816,-1.7644,0.7728;1.9563,-1.8017,-0.2735;0.7659,0.9285,0.6442;0.8915,0.3588,-1.0260;1.6077,1.9050,-0.5678;4.5633,0.4409,-3.0558;7.2853,-1.1407,-1.2053;9.4606,-1.6724,-2.2361;9.7969,-1.2901,-4.6763;5.7755,0.2404,-6.1815;4.6229,-0.1784,-5.0464;</g>
	</geometry>
	<conformers/>
	<properties/>
</molecule>
