<?xml version="1.0" ?>
<!--MOLLI PACKAGE EXPERIMENTAL XML FORMAT-->
<molecule name="nuc1847">
	<atoms>
		<a id="1" s="C" t="C.3" l="C"/>
		<a id="2" s="C" t="C.ar" l="C"/>
		<a id="3" s="C" t="C.ar" l="C"/>
		<a id="4" s="C" t="C.ar" l="C"/>
		<a id="5" s="C" t="C.ar" l="C"/>
		<a id="6" s="C" t="C.3" l="C"/>
		<a id="7" s="N" t="N.3" l="N"/>
		<a id="8" s="C" t="C.3" l="C"/>
		<a id="9" s="C" t="C.3" l="C"/>
		<a id="10" s="C" t="C.3" l="C"/>
		<a id="11" s="C" t="C.3" l="C"/>
		<a id="12" s="C" t="C.ar" l="C"/>
		<a id="13" s="C" t="C.ar" l="C"/>
		<a id="14" s="H" t="H" l="H"/>
		<a id="15" s="H" t="H" l="H"/>
		<a id="16" s="H" t="H" l="H"/>
		<a id="17" s="H" t="H" l="H"/>
		<a id="18" s="H" t="H" l="H"/>
		<a id="19" s="H" t="H" l="H"/>
		<a id="20" s="H" t="H" l="H"/>
		<a id="21" s="H" t="H" l="H"/>
		<a id="22" s="H" t="H" l="H"/>
		<a id="23" s="H" t="H" l="H"/>
		<a id="24" s="H" t="H" l="H"/>
		<a id="25" s="H" t="H" l="H"/>
		<a id="26" s="H" t="H" l="H"/>
		<a id="27" s="H" t="H" l="H"/>
		<a id="28" s="H" t="H" l="H"/>
		<a id="29" s="H" t="H" l="H"/>
		<a id="30" s="H" t="H" l="H"/>
	</atoms>
	<bonds>
		<b id="1" c="1 2" t="1"/>
		<b id="2" c="2 3" t="ar"/>
		<b id="3" c="3 4" t="ar"/>
		<b id="4" c="4 5" t="ar"/>
		<b id="5" c="5 6" t="1"/>
		<b id="6" c="6 7" t="1"/>
		<b id="7" c="6 8" t="1"/>
		<b id="8" c="8 9" t="1"/>
		<b id="9" c="9 10" t="1"/>
		<b id="10" c="10 11" t="1"/>
		<b id="11" c="6 11" t="1"/>
		<b id="12" c="5 12" t="ar"/>
		<b id="13" c="12 13" t="ar"/>
		<b id="14" c="2 13" t="ar"/>
		<b id="15" c="1 14" t="1"/>
		<b id="16" c="1 15" t="1"/>
		<b id="17" c="1 16" t="1"/>
		<b id="18" c="3 17" t="1"/>
		<b id="19" c="4 18" t="1"/>
		<b id="20" c="7 19" t="1"/>
		<b id="21" c="7 20" t="1"/>
		<b id="22" c="8 21" t="1"/>
		<b id="23" c="8 22" t="1"/>
		<b id="24" c="9 23" t="1"/>
		<b id="25" c="9 24" t="1"/>
		<b id="26" c="10 25" t="1"/>
		<b id="27" c="10 26" t="1"/>
		<b id="28" c="11 27" t="1"/>
		<b id="29" c="11 28" t="1"/>
		<b id="30" c="12 29" t="1"/>
		<b id="31" c="13 30" t="1"/>
	</bonds>
	<geometry>
		<g u="A" t="cart/3d">#30,3:2.4936,-0.1727,0.0440;0.9965,-0.1083,0.0134;0.2910,-0.2665,-1.1703;-1.0908,-0.2141,-1.1850;-1.8144,0.0090,-0.0191;-3.3299,0.0184,-0.0602;-3.7370,-1.3859,-0.0261;-3.8844,0.7909,-1.2953;-5.0589,1.6497,-0.8010;-5.3593,1.1510,0.6123;-3.9897,0.7307,1.1339;-1.1079,0.1436,1.1691;0.2734,0.0908,1.1825;2.9060,-0.1335,-0.9613;2.8194,-1.1015,0.5127;2.9017,0.6533,0.6239;0.8268,-0.4347,-2.0943;-1.6079,-0.3499,-2.1243;-3.2952,-1.9033,-0.7777;-4.7422,-1.4654,-0.1327;-4.2098,0.0826,-2.0603;-3.1107,1.4213,-1.7327;-5.9266,1.5744,-1.4566;-4.7605,2.6983,-0.7614;-6.0321,0.2922,0.5823;-5.8216,1.9187,1.2315;-4.0541,0.0689,1.9950;-3.4131,1.6179,1.3968;-1.6358,0.2853,2.0984;0.8016,0.2032,2.1191;</g>
	</geometry>
	<conformers/>
	<properties/>
</molecule>
