<?xml version="1.0" ?>
<!--MOLLI PACKAGE EXPERIMENTAL XML FORMAT-->
<molecule name="nuc1849">
	<atoms>
		<a id="1" s="C" t="C.3" l="C"/>
		<a id="2" s="C" t="C.ar" l="C"/>
		<a id="3" s="C" t="C.ar" l="C"/>
		<a id="4" s="C" t="C.ar" l="C"/>
		<a id="5" s="C" t="C.ar" l="C"/>
		<a id="6" s="N" t="N.pl3" l="N"/>
		<a id="7" s="C" t="C.ar" l="C"/>
		<a id="8" s="C" t="C.ar" l="C"/>
		<a id="9" s="C" t="C.ar" l="C"/>
		<a id="10" s="C" t="C.ar" l="C"/>
		<a id="11" s="C" t="C.3" l="C"/>
		<a id="12" s="C" t="C.ar" l="C"/>
		<a id="13" s="C" t="C.ar" l="C"/>
		<a id="14" s="C" t="C.ar" l="C"/>
		<a id="15" s="C" t="C.ar" l="C"/>
		<a id="16" s="C" t="C.ar" l="C"/>
		<a id="17" s="C" t="C.ar" l="C"/>
		<a id="18" s="C" t="C.2" l="C"/>
		<a id="19" s="C" t="C.2" l="C"/>
		<a id="20" s="C" t="C.ar" l="C"/>
		<a id="21" s="C" t="C.ar" l="C"/>
		<a id="22" s="C" t="C.ar" l="C"/>
		<a id="23" s="C" t="C.ar" l="C"/>
		<a id="24" s="N" t="N.pl3" l="N"/>
		<a id="25" s="C" t="C.ar" l="C"/>
		<a id="26" s="C" t="C.ar" l="C"/>
		<a id="27" s="C" t="C.1" l="C"/>
		<a id="28" s="N" t="N.1" l="N"/>
		<a id="29" s="C" t="C.ar" l="C"/>
		<a id="30" s="C" t="C.ar" l="C"/>
		<a id="31" s="C" t="C.ar" l="C"/>
		<a id="32" s="C" t="C.ar" l="C"/>
		<a id="33" s="H" t="H" l="H"/>
		<a id="34" s="H" t="H" l="H"/>
		<a id="35" s="H" t="H" l="H"/>
		<a id="36" s="H" t="H" l="H"/>
		<a id="37" s="H" t="H" l="H"/>
		<a id="38" s="H" t="H" l="H"/>
		<a id="39" s="H" t="H" l="H"/>
		<a id="40" s="H" t="H" l="H"/>
		<a id="41" s="H" t="H" l="H"/>
		<a id="42" s="H" t="H" l="H"/>
		<a id="43" s="H" t="H" l="H"/>
		<a id="44" s="H" t="H" l="H"/>
		<a id="45" s="H" t="H" l="H"/>
		<a id="46" s="H" t="H" l="H"/>
		<a id="47" s="H" t="H" l="H"/>
		<a id="48" s="H" t="H" l="H"/>
		<a id="49" s="H" t="H" l="H"/>
		<a id="50" s="H" t="H" l="H"/>
		<a id="51" s="H" t="H" l="H"/>
		<a id="52" s="H" t="H" l="H"/>
		<a id="53" s="H" t="H" l="H"/>
		<a id="54" s="H" t="H" l="H"/>
		<a id="55" s="H" t="H" l="H"/>
		<a id="56" s="H" t="H" l="H"/>
		<a id="57" s="H" t="H" l="H"/>
	</atoms>
	<bonds>
		<b id="1" c="1 2" t="1"/>
		<b id="2" c="2 3" t="ar"/>
		<b id="3" c="3 4" t="ar"/>
		<b id="4" c="4 5" t="ar"/>
		<b id="5" c="5 6" t="1"/>
		<b id="6" c="6 7" t="1"/>
		<b id="7" c="7 8" t="ar"/>
		<b id="8" c="8 9" t="ar"/>
		<b id="9" c="9 10" t="ar"/>
		<b id="10" c="10 11" t="1"/>
		<b id="11" c="10 12" t="ar"/>
		<b id="12" c="12 13" t="ar"/>
		<b id="13" c="7 13" t="ar"/>
		<b id="14" c="6 14" t="1"/>
		<b id="15" c="14 15" t="ar"/>
		<b id="16" c="15 16" t="ar"/>
		<b id="17" c="16 17" t="ar"/>
		<b id="18" c="17 18" t="1"/>
		<b id="19" c="18 19" t="2"/>
		<b id="20" c="19 20" t="1"/>
		<b id="21" c="20 21" t="ar"/>
		<b id="22" c="21 22" t="ar"/>
		<b id="23" c="22 23" t="ar"/>
		<b id="24" c="23 24" t="1"/>
		<b id="25" c="23 25" t="ar"/>
		<b id="26" c="25 26" t="ar"/>
		<b id="27" c="20 26" t="ar"/>
		<b id="28" c="26 27" t="1"/>
		<b id="29" c="27 28" t="3"/>
		<b id="30" c="17 29" t="ar"/>
		<b id="31" c="29 30" t="ar"/>
		<b id="32" c="14 30" t="ar"/>
		<b id="33" c="5 31" t="ar"/>
		<b id="34" c="31 32" t="ar"/>
		<b id="35" c="2 32" t="ar"/>
		<b id="36" c="1 33" t="1"/>
		<b id="37" c="1 34" t="1"/>
		<b id="38" c="1 35" t="1"/>
		<b id="39" c="3 36" t="1"/>
		<b id="40" c="4 37" t="1"/>
		<b id="41" c="8 38" t="1"/>
		<b id="42" c="9 39" t="1"/>
		<b id="43" c="11 40" t="1"/>
		<b id="44" c="11 41" t="1"/>
		<b id="45" c="11 42" t="1"/>
		<b id="46" c="12 43" t="1"/>
		<b id="47" c="13 44" t="1"/>
		<b id="48" c="15 45" t="1"/>
		<b id="49" c="16 46" t="1"/>
		<b id="50" c="18 47" t="1"/>
		<b id="51" c="19 48" t="1"/>
		<b id="52" c="21 49" t="1"/>
		<b id="53" c="22 50" t="1"/>
		<b id="54" c="24 51" t="1"/>
		<b id="55" c="24 52" t="1"/>
		<b id="56" c="25 53" t="1"/>
		<b id="57" c="29 54" t="1"/>
		<b id="58" c="30 55" t="1"/>
		<b id="59" c="31 56" t="1"/>
		<b id="60" c="32 57" t="1"/>
	</bonds>
	<geometry>
		<g u="A" t="cart/3d">#57,3:2.4128,0.0027,0.0768;0.9148,-0.0094,0.0390;0.2165,-0.9521,-0.7036;-1.1645,-0.9492,-0.7460;-1.8882,0.0029,-0.0320;-3.2891,0.0086,-0.0646;-3.9879,-1.2054,-0.0772;-3.5391,-2.2924,0.6694;-4.2329,-3.4871,0.6496;-5.3912,-3.6336,-0.1017;-6.1565,-4.9220,-0.1179;-5.8338,-2.5446,-0.8456;-5.1453,-1.3496,-0.8423;-3.9843,1.2150,-0.0913;-3.4691,2.3248,-0.7674;-4.1605,3.5137,-0.8006;-5.3987,3.6520,-0.1623;-6.1757,4.8698,-0.1724;-5.8610,6.0124,-0.8074;-6.6472,7.2237,-0.8261;-7.8459,7.3895,-0.1237;-8.5616,8.5627,-0.1763;-8.1185,9.6474,-0.9431;-8.8758,10.7892,-1.0501;-6.9259,9.5118,-1.6477;-6.2042,8.3247,-1.5899;-4.9981,8.2564,-2.3216;-4.0234,8.2331,-2.9277;-5.9014,2.5354,0.5173;-5.2157,1.3436,0.5560;-1.1929,0.9480,0.7221;0.1861,0.9395,0.7488;2.8223,-0.8684,-0.4284;2.7697,0.0107,1.1057;2.7957,0.8975,-0.4139;0.7597,-1.6976,-1.2667;-1.6910,-1.6851,-1.3360;-2.6446,-2.1943,1.2670;-3.8690,-4.3178,1.2375;-5.6462,-5.6856,0.4635;-6.2756,-5.2822,-1.1390;-7.1524,-4.7765,0.3002;-6.7286,-2.6395,-1.4444;-5.4971,-0.5181,-1.4354;-2.5205,2.2387,-1.2772;-3.7351,4.3457,-1.3399;-7.0986,4.8112,0.3903;-4.9440,6.0657,-1.3789;-8.2219,6.5805,0.4825;-9.4837,8.6576,0.3797;-9.5707,10.9460,-0.3393;-8.4149,11.6161,-1.3915;-6.5551,10.3323,-2.2462;-6.8503,2.6132,1.0300;-5.6235,0.5000,1.0938;-1.7432,1.6857,1.2876;0.7097,1.6782,1.3388;</g>
	</geometry>
	<conformers/>
	<properties/>
</molecule>
