<?xml version="1.0" ?>
<!--MOLLI PACKAGE EXPERIMENTAL XML FORMAT-->
<molecule name="nuc1850">
	<atoms>
		<a id="1" s="C" t="C.3" l="C"/>
		<a id="2" s="C" t="C.ar" l="C"/>
		<a id="3" s="C" t="C.ar" l="C"/>
		<a id="4" s="C" t="C.ar" l="C"/>
		<a id="5" s="C" t="C.ar" l="C"/>
		<a id="6" s="N" t="N.pl3" l="N"/>
		<a id="7" s="C" t="C.ar" l="C"/>
		<a id="8" s="C" t="C.ar" l="C"/>
		<a id="9" s="C" t="C.ar" l="C"/>
		<a id="10" s="C" t="C.ar" l="C"/>
		<a id="11" s="C" t="C.2" l="C"/>
		<a id="12" s="C" t="C.2" l="C"/>
		<a id="13" s="C" t="C.ar" l="C"/>
		<a id="14" s="C" t="C.ar" l="C"/>
		<a id="15" s="C" t="C.ar" l="C"/>
		<a id="16" s="C" t="C.ar" l="C"/>
		<a id="17" s="N" t="N.pl3" l="N"/>
		<a id="18" s="C" t="C.ar" l="C"/>
		<a id="19" s="C" t="C.ar" l="C"/>
		<a id="20" s="C" t="C.1" l="C"/>
		<a id="21" s="N" t="N.1" l="N"/>
		<a id="22" s="C" t="C.ar" l="C"/>
		<a id="23" s="C" t="C.ar" l="C"/>
		<a id="24" s="C" t="C.3" l="C"/>
		<a id="25" s="C" t="C.3" l="C"/>
		<a id="26" s="C" t="C.3" l="C"/>
		<a id="27" s="C" t="C.3" l="C"/>
		<a id="28" s="C" t="C.3" l="C"/>
		<a id="29" s="C" t="C.ar" l="C"/>
		<a id="30" s="C" t="C.ar" l="C"/>
		<a id="31" s="H" t="H" l="H"/>
		<a id="32" s="H" t="H" l="H"/>
		<a id="33" s="H" t="H" l="H"/>
		<a id="34" s="H" t="H" l="H"/>
		<a id="35" s="H" t="H" l="H"/>
		<a id="36" s="H" t="H" l="H"/>
		<a id="37" s="H" t="H" l="H"/>
		<a id="38" s="H" t="H" l="H"/>
		<a id="39" s="H" t="H" l="H"/>
		<a id="40" s="H" t="H" l="H"/>
		<a id="41" s="H" t="H" l="H"/>
		<a id="42" s="H" t="H" l="H"/>
		<a id="43" s="H" t="H" l="H"/>
		<a id="44" s="H" t="H" l="H"/>
		<a id="45" s="H" t="H" l="H"/>
		<a id="46" s="H" t="H" l="H"/>
		<a id="47" s="H" t="H" l="H"/>
		<a id="48" s="H" t="H" l="H"/>
		<a id="49" s="H" t="H" l="H"/>
		<a id="50" s="H" t="H" l="H"/>
		<a id="51" s="H" t="H" l="H"/>
		<a id="52" s="H" t="H" l="H"/>
		<a id="53" s="H" t="H" l="H"/>
		<a id="54" s="H" t="H" l="H"/>
		<a id="55" s="H" t="H" l="H"/>
	</atoms>
	<bonds>
		<b id="1" c="1 2" t="1"/>
		<b id="2" c="2 3" t="ar"/>
		<b id="3" c="3 4" t="ar"/>
		<b id="4" c="4 5" t="ar"/>
		<b id="5" c="5 6" t="1"/>
		<b id="6" c="6 7" t="1"/>
		<b id="7" c="7 8" t="ar"/>
		<b id="8" c="8 9" t="ar"/>
		<b id="9" c="9 10" t="ar"/>
		<b id="10" c="10 11" t="1"/>
		<b id="11" c="11 12" t="2"/>
		<b id="12" c="12 13" t="1"/>
		<b id="13" c="13 14" t="ar"/>
		<b id="14" c="14 15" t="ar"/>
		<b id="15" c="15 16" t="ar"/>
		<b id="16" c="16 17" t="1"/>
		<b id="17" c="16 18" t="ar"/>
		<b id="18" c="18 19" t="ar"/>
		<b id="19" c="13 19" t="ar"/>
		<b id="20" c="19 20" t="1"/>
		<b id="21" c="20 21" t="3"/>
		<b id="22" c="10 22" t="ar"/>
		<b id="23" c="22 23" t="ar"/>
		<b id="24" c="7 23" t="ar"/>
		<b id="25" c="23 24" t="1"/>
		<b id="26" c="24 25" t="1"/>
		<b id="27" c="25 26" t="1"/>
		<b id="28" c="26 27" t="1"/>
		<b id="29" c="27 28" t="1"/>
		<b id="30" c="24 28" t="1"/>
		<b id="31" c="6 28" t="1"/>
		<b id="32" c="5 29" t="ar"/>
		<b id="33" c="29 30" t="ar"/>
		<b id="34" c="2 30" t="ar"/>
		<b id="35" c="1 31" t="1"/>
		<b id="36" c="1 32" t="1"/>
		<b id="37" c="1 33" t="1"/>
		<b id="38" c="3 34" t="1"/>
		<b id="39" c="4 35" t="1"/>
		<b id="40" c="8 36" t="1"/>
		<b id="41" c="9 37" t="1"/>
		<b id="42" c="11 38" t="1"/>
		<b id="43" c="12 39" t="1"/>
		<b id="44" c="14 40" t="1"/>
		<b id="45" c="15 41" t="1"/>
		<b id="46" c="17 42" t="1"/>
		<b id="47" c="17 43" t="1"/>
		<b id="48" c="18 44" t="1"/>
		<b id="49" c="22 45" t="1"/>
		<b id="50" c="24 46" t="1"/>
		<b id="51" c="25 47" t="1"/>
		<b id="52" c="25 48" t="1"/>
		<b id="53" c="26 49" t="1"/>
		<b id="54" c="26 50" t="1"/>
		<b id="55" c="27 51" t="1"/>
		<b id="56" c="27 52" t="1"/>
		<b id="57" c="28 53" t="1"/>
		<b id="58" c="29 54" t="1"/>
		<b id="59" c="30 55" t="1"/>
	</bonds>
	<geometry>
		<g u="A" t="cart/3d">#55,3:2.4587,-0.7009,0.5990;1.1198,-0.1560,0.2044;1.0016,1.0333,-0.5024;-0.2339,1.5297,-0.8692;-1.4009,0.8341,-0.5513;-2.6513,1.3257,-0.9067;-2.9670,2.0436,-2.0314;-2.2314,2.2412,-3.1953;-2.7934,2.9718,-4.2233;-4.0827,3.5094,-4.1403;-4.6925,4.2749,-5.2019;-4.0726,4.7614,-6.2921;-4.6877,5.5179,-7.3572;-6.0660,5.7333,-7.4673;-6.6073,6.4570,-8.5042;-5.7960,7.0122,-9.5013;-6.3508,7.6722,-10.5735;-4.4207,6.8155,-9.4158;-3.8776,6.0802,-8.3677;-2.4743,5.9264,-8.3353;-1.3309,5.8228,-8.3300;-4.8280,3.2589,-2.9754;-4.2760,2.5397,-1.9497;-4.8869,2.1377,-0.6384;-5.0947,3.3238,0.3216;-3.8020,3.3816,1.1313;-3.4739,1.9085,1.3576;-3.7902,1.2550,0.0058;-1.2859,-0.3547,0.1725;-0.0459,-0.8356,0.5392;3.2387,0.0425,0.4550;2.7029,-1.5753,-0.0050;2.4557,-1.0092,1.6433;1.8911,1.5915,-0.7586;-0.3004,2.4772,-1.3810;-1.2495,1.8109,-3.3137;-2.2194,3.1107,-5.1262;-5.7478,4.4713,-5.0592;-3.0082,4.6046,-6.4088;-6.7288,5.3177,-6.7243;-7.6771,6.6025,-8.5603;-7.2915,8.0141,-10.4604;-5.7388,8.2685,-11.1065;-3.7662,7.2334,-10.1685;-5.8382,3.6356,-2.8923;-5.8222,1.5958,-0.7958;-5.9386,3.1237,0.9847;-5.2921,4.2476,-0.2205;-3.9150,3.9337,2.0627;-3.0126,3.8507,0.5420;-4.1283,1.4935,2.1254;-2.4397,1.7423,1.6551;-4.1080,0.2132,0.1236;-2.1717,-0.9080,0.4443;0.0201,-1.7600,1.0958;</g>
	</geometry>
	<conformers/>
	<properties/>
</molecule>
