<?xml version="1.0" ?>
<!--MOLLI PACKAGE EXPERIMENTAL XML FORMAT-->
<molecule name="nuc1851">
	<atoms>
		<a id="1" s="C" t="C.3" l="C"/>
		<a id="2" s="C" t="C.3" l="C"/>
		<a id="3" s="C" t="C.3" l="C"/>
		<a id="4" s="N" t="N.pl3" l="N"/>
		<a id="5" s="C" t="C.ar" l="C"/>
		<a id="6" s="C" t="C.ar" l="C"/>
		<a id="7" s="C" t="C.ar" l="C"/>
		<a id="8" s="N" t="N.pl3" l="N"/>
		<a id="9" s="C" t="C.ar" l="C"/>
		<a id="10" s="C" t="C.ar" l="C"/>
		<a id="11" s="S" t="S.O2" l="S"/>
		<a id="12" s="C" t="C.3" l="C"/>
		<a id="13" s="O" t="O.2" l="O"/>
		<a id="14" s="O" t="O.2" l="O"/>
		<a id="15" s="C" t="C.ar" l="C"/>
		<a id="16" s="C" t="C.3" l="C"/>
		<a id="17" s="C" t="C.3" l="C"/>
		<a id="18" s="C" t="C.3" l="C"/>
		<a id="19" s="N" t="N.3" l="N"/>
		<a id="20" s="H" t="H" l="H"/>
		<a id="21" s="H" t="H" l="H"/>
		<a id="22" s="H" t="H" l="H"/>
		<a id="23" s="H" t="H" l="H"/>
		<a id="24" s="H" t="H" l="H"/>
		<a id="25" s="H" t="H" l="H"/>
		<a id="26" s="H" t="H" l="H"/>
		<a id="27" s="H" t="H" l="H"/>
		<a id="28" s="H" t="H" l="H"/>
		<a id="29" s="H" t="H" l="H"/>
		<a id="30" s="H" t="H" l="H"/>
		<a id="31" s="H" t="H" l="H"/>
		<a id="32" s="H" t="H" l="H"/>
		<a id="33" s="H" t="H" l="H"/>
		<a id="34" s="H" t="H" l="H"/>
		<a id="35" s="H" t="H" l="H"/>
		<a id="36" s="H" t="H" l="H"/>
		<a id="37" s="H" t="H" l="H"/>
		<a id="38" s="H" t="H" l="H"/>
		<a id="39" s="H" t="H" l="H"/>
		<a id="40" s="H" t="H" l="H"/>
	</atoms>
	<bonds>
		<b id="1" c="1 2" t="1"/>
		<b id="2" c="2 3" t="1"/>
		<b id="3" c="3 4" t="1"/>
		<b id="4" c="4 5" t="1"/>
		<b id="5" c="5 6" t="ar"/>
		<b id="6" c="6 7" t="ar"/>
		<b id="7" c="7 8" t="1"/>
		<b id="8" c="7 9" t="ar"/>
		<b id="9" c="9 10" t="ar"/>
		<b id="10" c="10 11" t="1"/>
		<b id="11" c="11 12" t="1"/>
		<b id="12" c="11 13" t="2"/>
		<b id="13" c="11 14" t="2"/>
		<b id="14" c="10 15" t="ar"/>
		<b id="15" c="5 15" t="ar"/>
		<b id="16" c="4 16" t="1"/>
		<b id="17" c="16 17" t="1"/>
		<b id="18" c="17 18" t="1"/>
		<b id="19" c="17 19" t="1"/>
		<b id="20" c="2 19" t="1"/>
		<b id="21" c="1 20" t="1"/>
		<b id="22" c="1 21" t="1"/>
		<b id="23" c="1 22" t="1"/>
		<b id="24" c="2 23" t="1"/>
		<b id="25" c="3 24" t="1"/>
		<b id="26" c="3 25" t="1"/>
		<b id="27" c="6 26" t="1"/>
		<b id="28" c="8 27" t="1"/>
		<b id="29" c="8 28" t="1"/>
		<b id="30" c="9 29" t="1"/>
		<b id="31" c="12 30" t="1"/>
		<b id="32" c="12 31" t="1"/>
		<b id="33" c="12 32" t="1"/>
		<b id="34" c="15 33" t="1"/>
		<b id="35" c="16 34" t="1"/>
		<b id="36" c="16 35" t="1"/>
		<b id="37" c="17 36" t="1"/>
		<b id="38" c="18 37" t="1"/>
		<b id="39" c="18 38" t="1"/>
		<b id="40" c="18 39" t="1"/>
		<b id="41" c="19 40" t="1"/>
	</bonds>
	<geometry>
		<g u="A" t="cart/3d">#40,3:0.8025,-0.1318,-0.0830;2.3278,-0.0709,-0.0309;2.8911,1.0817,-0.8894;2.7254,0.8289,-2.3037;1.8005,1.4762,-3.0822;1.8327,1.3791,-4.4803;0.9217,2.0410,-5.2979;1.0402,1.9703,-6.6709;-0.0623,2.8460,-4.7186;-0.0808,2.9510,-3.3469;-1.3022,4.0092,-2.5840;-0.5635,5.6674,-2.7343;-2.5138,3.9949,-3.3613;-1.3988,3.6963,-1.1809;0.8105,2.3038,-2.5252;3.3704,-0.4058,-2.6907;2.8075,-1.5872,-1.8686;3.5295,-2.8832,-2.2160;2.9027,-1.3480,-0.4383;0.3751,0.7263,0.4285;0.4638,-1.0388,0.4104;0.4390,-0.1334,-1.1065;2.6308,0.0930,1.0099;3.9725,1.1591,-0.6989;2.4368,2.0296,-0.6125;2.5951,0.7912,-4.9684;1.5440,1.1800,-7.0393;0.2182,2.2224,-7.1952;-0.8030,3.3566,-5.3110;-0.4349,5.8816,-3.7868;0.3855,5.6558,-2.2149;-1.2422,6.3768,-2.2782;0.6774,2.4318,-1.4661;4.4497,-0.3149,-2.5014;3.2233,-0.6082,-3.7483;1.7436,-1.6944,-2.1072;4.5986,-2.7848,-2.0356;3.3760,-3.1375,-3.2615;3.1483,-3.6903,-1.5971;3.8806,-1.3824,-0.1629;</g>
	</geometry>
	<conformers/>
	<properties/>
</molecule>
