<?xml version="1.0" ?>
<!--MOLLI PACKAGE EXPERIMENTAL XML FORMAT-->
<molecule name="nuc1857">
	<atoms>
		<a id="1" s="C" t="C.3" l="C"/>
		<a id="2" s="C" t="C.3" l="C"/>
		<a id="3" s="N" t="N.3" l="N"/>
		<a id="4" s="C" t="C.3" l="C"/>
		<a id="5" s="C" t="C.3" l="C"/>
		<a id="6" s="C" t="C.3" l="C"/>
		<a id="7" s="C" t="C.ar" l="C"/>
		<a id="8" s="C" t="C.ar" l="C"/>
		<a id="9" s="C" t="C.ar" l="C"/>
		<a id="10" s="N" t="N.pl3" l="N"/>
		<a id="11" s="C" t="C.ar" l="C"/>
		<a id="12" s="C" t="C.ar" l="C"/>
		<a id="13" s="C" t="C.ar" l="C"/>
		<a id="14" s="O" t="O.3" l="O"/>
		<a id="15" s="H" t="H" l="H"/>
		<a id="16" s="H" t="H" l="H"/>
		<a id="17" s="H" t="H" l="H"/>
		<a id="18" s="H" t="H" l="H"/>
		<a id="19" s="H" t="H" l="H"/>
		<a id="20" s="H" t="H" l="H"/>
		<a id="21" s="H" t="H" l="H"/>
		<a id="22" s="H" t="H" l="H"/>
		<a id="23" s="H" t="H" l="H"/>
		<a id="24" s="H" t="H" l="H"/>
		<a id="25" s="H" t="H" l="H"/>
		<a id="26" s="H" t="H" l="H"/>
		<a id="27" s="H" t="H" l="H"/>
		<a id="28" s="H" t="H" l="H"/>
		<a id="29" s="H" t="H" l="H"/>
		<a id="30" s="H" t="H" l="H"/>
		<a id="31" s="H" t="H" l="H"/>
		<a id="32" s="H" t="H" l="H"/>
	</atoms>
	<bonds>
		<b id="1" c="1 2" t="1"/>
		<b id="2" c="2 3" t="1"/>
		<b id="3" c="3 4" t="1"/>
		<b id="4" c="4 5" t="1"/>
		<b id="5" c="3 6" t="1"/>
		<b id="6" c="6 7" t="1"/>
		<b id="7" c="7 8" t="ar"/>
		<b id="8" c="8 9" t="ar"/>
		<b id="9" c="9 10" t="1"/>
		<b id="10" c="9 11" t="ar"/>
		<b id="11" c="11 12" t="ar"/>
		<b id="12" c="12 13" t="ar"/>
		<b id="13" c="7 13" t="ar"/>
		<b id="14" c="13 14" t="1"/>
		<b id="15" c="1 15" t="1"/>
		<b id="16" c="1 16" t="1"/>
		<b id="17" c="1 17" t="1"/>
		<b id="18" c="2 18" t="1"/>
		<b id="19" c="2 19" t="1"/>
		<b id="20" c="4 20" t="1"/>
		<b id="21" c="4 21" t="1"/>
		<b id="22" c="5 22" t="1"/>
		<b id="23" c="5 23" t="1"/>
		<b id="24" c="5 24" t="1"/>
		<b id="25" c="6 25" t="1"/>
		<b id="26" c="6 26" t="1"/>
		<b id="27" c="8 27" t="1"/>
		<b id="28" c="10 28" t="1"/>
		<b id="29" c="10 29" t="1"/>
		<b id="30" c="11 30" t="1"/>
		<b id="31" c="12 31" t="1"/>
		<b id="32" c="14 32" t="1"/>
	</bonds>
	<geometry>
		<g u="A" t="cart/3d">#32,3:0.8998,-0.5183,2.4682;2.3568,-0.0829,2.3619;3.0277,-0.6492,1.2034;2.5113,-0.2246,-0.0826;2.6731,1.2608,-0.4315;4.4703,-0.5197,1.3194;5.0283,-1.4747,2.3425;4.4427,-2.7108,2.5466;4.9458,-3.6141,3.4800;4.2917,-4.8130,3.7243;6.0738,-3.2548,4.2126;6.6712,-2.0247,4.0127;6.1606,-1.1302,3.0837;6.7460,0.0935,2.8692;0.5070,-0.2384,3.4429;0.8280,-1.5973,2.3599;0.2829,-0.0474,1.7073;2.8940,-0.4539,3.2390;2.4167,1.0194,2.3801;1.4517,-0.4875,-0.1182;3.0215,-0.8242,-0.8436;2.1274,1.8870,0.2703;2.2818,1.4449,-1.4290;3.7216,1.5489,-0.4133;4.7849,0.5014,1.5864;4.9143,-0.7591,0.3475;3.5653,-2.9601,1.9694;3.6981,-5.1379,2.9775;4.8545,-5.5377,4.1413;6.4824,-3.9398,4.9414;7.5489,-1.7554,4.5867;7.4972,0.1873,3.4661;</g>
	</geometry>
	<conformers/>
	<properties/>
</molecule>
