<?xml version="1.0" ?>
<!--MOLLI PACKAGE EXPERIMENTAL XML FORMAT-->
<molecule name="nuc1609">
	<atoms>
		<a id="1" s="C" t="C.3" l="C"/>
		<a id="2" s="C" t="C.3" l="C"/>
		<a id="3" s="C" t="C.3" l="C"/>
		<a id="4" s="C" t="C.3" l="C"/>
		<a id="5" s="C" t="C.3" l="C"/>
		<a id="6" s="C" t="C.3" l="C"/>
		<a id="7" s="C" t="C.3" l="C"/>
		<a id="8" s="C" t="C.3" l="C"/>
		<a id="9" s="S" t="S.O2" l="S"/>
		<a id="10" s="O" t="O.2" l="O"/>
		<a id="11" s="O" t="O.2" l="O"/>
		<a id="12" s="N" t="N.pl3" l="N"/>
		<a id="13" s="C" t="C.ar" l="C"/>
		<a id="14" s="C" t="C.ar" l="C"/>
		<a id="15" s="C" t="C.ar" l="C"/>
		<a id="16" s="C" t="C.ar" l="C"/>
		<a id="17" s="C" t="C.ar" l="C"/>
		<a id="18" s="N" t="N.pl3" l="N"/>
		<a id="19" s="N" t="N.ar" l="N"/>
		<a id="20" s="C" t="C.2" l="C"/>
		<a id="21" s="O" t="O.2" l="O"/>
		<a id="22" s="C" t="C.3" l="C"/>
		<a id="23" s="H" t="H" l="H"/>
		<a id="24" s="H" t="H" l="H"/>
		<a id="25" s="H" t="H" l="H"/>
		<a id="26" s="H" t="H" l="H"/>
		<a id="27" s="H" t="H" l="H"/>
		<a id="28" s="H" t="H" l="H"/>
		<a id="29" s="H" t="H" l="H"/>
		<a id="30" s="H" t="H" l="H"/>
		<a id="31" s="H" t="H" l="H"/>
		<a id="32" s="H" t="H" l="H"/>
		<a id="33" s="H" t="H" l="H"/>
		<a id="34" s="H" t="H" l="H"/>
		<a id="35" s="H" t="H" l="H"/>
		<a id="36" s="H" t="H" l="H"/>
		<a id="37" s="H" t="H" l="H"/>
		<a id="38" s="H" t="H" l="H"/>
		<a id="39" s="H" t="H" l="H"/>
		<a id="40" s="H" t="H" l="H"/>
		<a id="41" s="H" t="H" l="H"/>
		<a id="42" s="H" t="H" l="H"/>
		<a id="43" s="H" t="H" l="H"/>
	</atoms>
	<bonds>
		<b id="1" c="2 4" t="1"/>
		<b id="2" c="4 5" t="1"/>
		<b id="3" c="5 6" t="1"/>
		<b id="4" c="6 7" t="1"/>
		<b id="5" c="2 7" t="1"/>
		<b id="6" c="8 9" t="1"/>
		<b id="7" c="9 10" t="2"/>
		<b id="8" c="9 11" t="2"/>
		<b id="9" c="9 12" t="1"/>
		<b id="10" c="12 13" t="1"/>
		<b id="11" c="13 14" t="ar"/>
		<b id="12" c="14 15" t="ar"/>
		<b id="13" c="15 16" t="ar"/>
		<b id="14" c="16 17" t="ar"/>
		<b id="15" c="17 18" t="1"/>
		<b id="16" c="17 19" t="ar"/>
		<b id="17" c="13 19" t="ar"/>
		<b id="18" c="7 20" t="1"/>
		<b id="19" c="20 22" t="1"/>
		<b id="20" c="4 22" t="1"/>
		<b id="21" c="1 2" t="1"/>
		<b id="22" c="2 3" t="1"/>
		<b id="23" c="7 8" t="1"/>
		<b id="24" c="20 21" t="2"/>
		<b id="25" c="1 23" t="1"/>
		<b id="26" c="1 24" t="1"/>
		<b id="27" c="1 25" t="1"/>
		<b id="28" c="3 26" t="1"/>
		<b id="29" c="3 27" t="1"/>
		<b id="30" c="3 28" t="1"/>
		<b id="31" c="4 29" t="1"/>
		<b id="32" c="5 30" t="1"/>
		<b id="33" c="5 31" t="1"/>
		<b id="34" c="6 32" t="1"/>
		<b id="35" c="6 33" t="1"/>
		<b id="36" c="8 34" t="1"/>
		<b id="37" c="8 35" t="1"/>
		<b id="38" c="12 36" t="1"/>
		<b id="39" c="14 37" t="1"/>
		<b id="40" c="15 38" t="1"/>
		<b id="41" c="16 39" t="1"/>
		<b id="42" c="18 40" t="1"/>
		<b id="43" c="18 41" t="1"/>
		<b id="44" c="22 42" t="1"/>
		<b id="45" c="22 43" t="1"/>
	</bonds>
	<geometry>
		<g u="A" t="cart/3d">#43,3:1.0196,-0.0421,0.3821;2.4745,-0.2688,-0.0337;2.5073,-0.4264,-1.5511;3.4492,0.8003,0.5134;4.8232,0.2363,0.1323;4.6436,-1.2775,0.3518;3.1583,-1.4190,0.7527;2.5926,-2.8095,0.6706;3.3939,-3.9334,1.8830;4.6581,-3.4384,2.3333;2.4314,-4.4215,2.8153;3.8338,-5.1848,0.8259;3.0457,-6.2777,0.5124;1.6560,-6.2039,0.5438;0.9445,-7.3356,0.1770;1.6155,-8.4746,-0.2200;3.0145,-8.4453,-0.2235;3.7521,-9.5516,-0.5372;3.7074,-7.3644,0.1298;3.0851,-0.8602,2.1651;2.8414,-1.4872,3.1570;3.3204,0.6314,2.0302;0.8744,-0.1503,1.4529;0.3719,-0.7610,-0.1151;0.7007,0.9558,0.0871;3.5014,-0.6253,-1.9337;2.1392,0.4856,-2.0170;1.8589,-1.2458,-1.8537;3.2733,1.8163,0.1630;5.6088,0.6504,0.7626;5.0760,0.4718,-0.9007;5.2850,-1.6685,1.1386;4.8409,-1.8523,-0.5529;1.5373,-2.8225,0.9295;2.7587,-3.2705,-0.2984;4.8182,-5.4029,0.8573;1.1639,-5.3106,0.8827;-0.1354,-7.3233,0.1990;1.0893,-9.3703,-0.5099;3.3172,-10.2824,-1.0719;4.7361,-9.3989,-0.6777;4.2171,0.9288,2.5736;2.4844,1.1859,2.4563;</g>
	</geometry>
	<conformers/>
	<properties/>
</molecule>
