<?xml version="1.0" ?>
<!--MOLLI PACKAGE EXPERIMENTAL XML FORMAT-->
<molecule name="nuc1865">
	<atoms>
		<a id="1" s="N" t="N.pl3" l="N"/>
		<a id="2" s="C" t="C.ar" l="C"/>
		<a id="3" s="C" t="C.ar" l="C"/>
		<a id="4" s="C" t="C.ar" l="C"/>
		<a id="5" s="C" t="C.ar" l="C"/>
		<a id="6" s="S" t="S.3" l="S"/>
		<a id="7" s="C" t="C.3" l="C"/>
		<a id="8" s="C" t="C.3" l="C"/>
		<a id="9" s="C" t="C.3" l="C"/>
		<a id="10" s="N" t="N.am" l="N"/>
		<a id="11" s="C" t="C.2" l="C"/>
		<a id="12" s="O" t="O.2" l="O"/>
		<a id="13" s="C" t="C.ar" l="C"/>
		<a id="14" s="C" t="C.ar" l="C"/>
		<a id="15" s="C" t="C.ar" l="C"/>
		<a id="16" s="C" t="C.ar" l="C"/>
		<a id="17" s="C" t="C.ar" l="C"/>
		<a id="18" s="C" t="C.ar" l="C"/>
		<a id="19" s="C" t="C.2" l="C"/>
		<a id="20" s="O" t="O.2" l="O"/>
		<a id="21" s="C" t="C.ar" l="C"/>
		<a id="22" s="C" t="C.ar" l="C"/>
		<a id="23" s="H" t="H" l="H"/>
		<a id="24" s="H" t="H" l="H"/>
		<a id="25" s="H" t="H" l="H"/>
		<a id="26" s="H" t="H" l="H"/>
		<a id="27" s="H" t="H" l="H"/>
		<a id="28" s="H" t="H" l="H"/>
		<a id="29" s="H" t="H" l="H"/>
		<a id="30" s="H" t="H" l="H"/>
		<a id="31" s="H" t="H" l="H"/>
		<a id="32" s="H" t="H" l="H"/>
		<a id="33" s="H" t="H" l="H"/>
		<a id="34" s="H" t="H" l="H"/>
		<a id="35" s="H" t="H" l="H"/>
		<a id="36" s="H" t="H" l="H"/>
		<a id="37" s="H" t="H" l="H"/>
		<a id="38" s="H" t="H" l="H"/>
	</atoms>
	<bonds>
		<b id="1" c="1 2" t="1"/>
		<b id="2" c="2 3" t="ar"/>
		<b id="3" c="3 4" t="ar"/>
		<b id="4" c="4 5" t="ar"/>
		<b id="5" c="5 6" t="1"/>
		<b id="6" c="6 7" t="1"/>
		<b id="7" c="7 8" t="1"/>
		<b id="8" c="8 9" t="1"/>
		<b id="9" c="9 10" t="1"/>
		<b id="10" c="10 11" t="am"/>
		<b id="11" c="11 12" t="2"/>
		<b id="12" c="11 13" t="1"/>
		<b id="13" c="13 14" t="ar"/>
		<b id="14" c="14 15" t="ar"/>
		<b id="15" c="15 16" t="ar"/>
		<b id="16" c="16 17" t="ar"/>
		<b id="17" c="17 18" t="ar"/>
		<b id="18" c="13 18" t="ar"/>
		<b id="19" c="18 19" t="1"/>
		<b id="20" c="10 19" t="am"/>
		<b id="21" c="19 20" t="2"/>
		<b id="22" c="5 21" t="ar"/>
		<b id="23" c="21 22" t="ar"/>
		<b id="24" c="2 22" t="ar"/>
		<b id="25" c="1 23" t="1"/>
		<b id="26" c="1 24" t="1"/>
		<b id="27" c="3 25" t="1"/>
		<b id="28" c="4 26" t="1"/>
		<b id="29" c="7 27" t="1"/>
		<b id="30" c="7 28" t="1"/>
		<b id="31" c="8 29" t="1"/>
		<b id="32" c="8 30" t="1"/>
		<b id="33" c="9 31" t="1"/>
		<b id="34" c="9 32" t="1"/>
		<b id="35" c="14 33" t="1"/>
		<b id="36" c="15 34" t="1"/>
		<b id="37" c="16 35" t="1"/>
		<b id="38" c="17 36" t="1"/>
		<b id="39" c="21 37" t="1"/>
		<b id="40" c="22 38" t="1"/>
	</bonds>
	<geometry>
		<g u="A" t="cart/3d">#38,3:2.3466,2.3231,1.4060;0.9696,2.4334,1.4253;0.2055,2.0260,0.3340;-1.1755,2.0667,0.3733;-1.8240,2.5163,1.5132;-3.5834,2.6415,1.6886;-4.2298,1.8457,0.1712;-5.7479,1.7964,0.2180;-6.3553,3.2008,0.2200;-7.7964,3.1475,0.1366;-8.4810,3.0410,-1.0649;-7.9649,3.0125,-2.1535;-9.9169,2.9802,-0.6967;-11.0449,2.8766,-1.4830;-12.2786,2.8355,-0.8402;-12.3696,2.8980,0.5415;-11.2306,3.0049,1.3341;-10.0088,3.0439,0.6965;-8.6334,3.1496,1.2451;-8.2679,3.2296,2.3886;-1.0693,2.9260,2.6094;0.3060,2.8876,2.5672;2.7764,2.2786,0.4963;2.8457,2.8859,2.0756;0.7018,1.6736,-0.5593;-1.7274,1.7481,-0.4965;-3.8173,0.8374,0.1269;-3.8949,2.4269,-0.6888;-6.0735,1.2631,1.1135;-6.1076,1.2544,-0.6609;-5.9928,3.7656,-0.6432;-6.0921,3.7216,1.1434;-10.9663,2.8294,-2.5579;-13.1803,2.7529,-1.4283;-13.3412,2.8630,1.0113;-11.2935,3.0551,2.4098;-1.5788,3.2777,3.4936;0.8813,3.2079,3.4239;</g>
	</geometry>
	<conformers/>
	<properties/>
</molecule>
