<?xml version="1.0" ?>
<!--MOLLI PACKAGE EXPERIMENTAL XML FORMAT-->
<molecule name="nuc1866">
	<atoms>
		<a id="1" s="N" t="N.pl3" l="N"/>
		<a id="2" s="C" t="C.ar" l="C"/>
		<a id="3" s="C" t="C.ar" l="C"/>
		<a id="4" s="C" t="C.ar" l="C"/>
		<a id="5" s="C" t="C.ar" l="C"/>
		<a id="6" s="S" t="S.3" l="S"/>
		<a id="7" s="C" t="C.3" l="C"/>
		<a id="8" s="C" t="C.3" l="C"/>
		<a id="9" s="C" t="C.3" l="C"/>
		<a id="10" s="C" t="C.3" l="C"/>
		<a id="11" s="C" t="C.3" l="C"/>
		<a id="12" s="N" t="N.am" l="N"/>
		<a id="13" s="C" t="C.2" l="C"/>
		<a id="14" s="O" t="O.2" l="O"/>
		<a id="15" s="C" t="C.ar" l="C"/>
		<a id="16" s="C" t="C.ar" l="C"/>
		<a id="17" s="C" t="C.ar" l="C"/>
		<a id="18" s="C" t="C.ar" l="C"/>
		<a id="19" s="C" t="C.ar" l="C"/>
		<a id="20" s="C" t="C.ar" l="C"/>
		<a id="21" s="C" t="C.2" l="C"/>
		<a id="22" s="O" t="O.2" l="O"/>
		<a id="23" s="C" t="C.ar" l="C"/>
		<a id="24" s="C" t="C.ar" l="C"/>
		<a id="25" s="H" t="H" l="H"/>
		<a id="26" s="H" t="H" l="H"/>
		<a id="27" s="H" t="H" l="H"/>
		<a id="28" s="H" t="H" l="H"/>
		<a id="29" s="H" t="H" l="H"/>
		<a id="30" s="H" t="H" l="H"/>
		<a id="31" s="H" t="H" l="H"/>
		<a id="32" s="H" t="H" l="H"/>
		<a id="33" s="H" t="H" l="H"/>
		<a id="34" s="H" t="H" l="H"/>
		<a id="35" s="H" t="H" l="H"/>
		<a id="36" s="H" t="H" l="H"/>
		<a id="37" s="H" t="H" l="H"/>
		<a id="38" s="H" t="H" l="H"/>
		<a id="39" s="H" t="H" l="H"/>
		<a id="40" s="H" t="H" l="H"/>
		<a id="41" s="H" t="H" l="H"/>
		<a id="42" s="H" t="H" l="H"/>
		<a id="43" s="H" t="H" l="H"/>
		<a id="44" s="H" t="H" l="H"/>
	</atoms>
	<bonds>
		<b id="1" c="1 2" t="1"/>
		<b id="2" c="2 3" t="ar"/>
		<b id="3" c="3 4" t="ar"/>
		<b id="4" c="4 5" t="ar"/>
		<b id="5" c="5 6" t="1"/>
		<b id="6" c="6 7" t="1"/>
		<b id="7" c="7 8" t="1"/>
		<b id="8" c="8 9" t="1"/>
		<b id="9" c="9 10" t="1"/>
		<b id="10" c="10 11" t="1"/>
		<b id="11" c="11 12" t="1"/>
		<b id="12" c="12 13" t="am"/>
		<b id="13" c="13 14" t="2"/>
		<b id="14" c="13 15" t="1"/>
		<b id="15" c="15 16" t="ar"/>
		<b id="16" c="16 17" t="ar"/>
		<b id="17" c="17 18" t="ar"/>
		<b id="18" c="18 19" t="ar"/>
		<b id="19" c="19 20" t="ar"/>
		<b id="20" c="15 20" t="ar"/>
		<b id="21" c="20 21" t="1"/>
		<b id="22" c="12 21" t="am"/>
		<b id="23" c="21 22" t="2"/>
		<b id="24" c="5 23" t="ar"/>
		<b id="25" c="23 24" t="ar"/>
		<b id="26" c="2 24" t="ar"/>
		<b id="27" c="1 25" t="1"/>
		<b id="28" c="1 26" t="1"/>
		<b id="29" c="3 27" t="1"/>
		<b id="30" c="4 28" t="1"/>
		<b id="31" c="7 29" t="1"/>
		<b id="32" c="7 30" t="1"/>
		<b id="33" c="8 31" t="1"/>
		<b id="34" c="8 32" t="1"/>
		<b id="35" c="9 33" t="1"/>
		<b id="36" c="9 34" t="1"/>
		<b id="37" c="10 35" t="1"/>
		<b id="38" c="10 36" t="1"/>
		<b id="39" c="11 37" t="1"/>
		<b id="40" c="11 38" t="1"/>
		<b id="41" c="16 39" t="1"/>
		<b id="42" c="17 40" t="1"/>
		<b id="43" c="18 41" t="1"/>
		<b id="44" c="19 42" t="1"/>
		<b id="45" c="23 43" t="1"/>
		<b id="46" c="24 44" t="1"/>
	</bonds>
	<geometry>
		<g u="A" t="cart/3d">#44,3:2.3069,0.0032,-0.2611;0.9303,0.0194,-0.1337;0.2316,1.2236,-0.0852;-1.1495,1.2467,-0.0328;-1.8639,0.0584,-0.0279;-3.6308,-0.0531,0.0460;-4.1951,1.6863,0.0289;-5.7157,1.7016,0.0387;-6.2655,3.1261,0.0436;-7.7908,3.1285,0.0516;-8.3509,4.5511,0.0610;-9.7964,4.5422,0.0554;-10.5545,4.5128,-1.1066;-10.1062,4.5375,-2.2243;-11.9662,4.4593,-0.6537;-13.1414,4.4174,-1.3736;-14.3350,4.3689,-0.6595;-14.3415,4.3645,0.7266;-13.1548,4.4083,1.4524;-11.9726,4.4547,0.7441;-10.5650,4.5050,1.2103;-10.1268,4.5218,2.3322;-1.1744,-1.1506,-0.0753;0.2011,-1.1717,-0.1259;2.7889,0.8375,0.0324;2.7642,-0.8546,0.0026;0.7792,2.1555,-0.0898;-1.6509,2.2007,0.0068;-3.8072,2.1609,-0.8733;-3.7968,2.1832,0.9146;-6.0719,1.1678,0.9224;-6.0833,1.1688,-0.8407;-5.9067,3.6584,-0.8403;-5.8973,3.6557,0.9254;-8.1540,2.5993,0.9355;-8.1626,2.6081,-0.8338;-8.0206,5.0938,-0.8284;-8.0272,5.0803,0.9607;-13.1286,4.4214,-2.4523;-15.2720,4.3338,-1.1949;-15.2835,4.3261,1.2529;-13.1526,4.4054,2.5312;-1.7346,-2.0732,-0.0684;0.7251,-2.1159,-0.1623;</g>
	</geometry>
	<conformers/>
	<properties/>
</molecule>
