<?xml version="1.0" ?>
<!--MOLLI PACKAGE EXPERIMENTAL XML FORMAT-->
<molecule name="nuc1867">
	<atoms>
		<a id="1" s="N" t="N.pl3" l="N"/>
		<a id="2" s="C" t="C.ar" l="C"/>
		<a id="3" s="C" t="C.ar" l="C"/>
		<a id="4" s="C" t="C.ar" l="C"/>
		<a id="5" s="C" t="C.ar" l="C"/>
		<a id="6" s="C" t="C.3" l="C"/>
		<a id="7" s="S" t="S.3" l="S"/>
		<a id="8" s="C" t="C.3" l="C"/>
		<a id="9" s="C" t="C.3" l="C"/>
		<a id="10" s="C" t="C.3" l="C"/>
		<a id="11" s="N" t="N.am" l="N"/>
		<a id="12" s="C" t="C.2" l="C"/>
		<a id="13" s="O" t="O.2" l="O"/>
		<a id="14" s="C" t="C.ar" l="C"/>
		<a id="15" s="C" t="C.ar" l="C"/>
		<a id="16" s="C" t="C.ar" l="C"/>
		<a id="17" s="C" t="C.ar" l="C"/>
		<a id="18" s="C" t="C.ar" l="C"/>
		<a id="19" s="C" t="C.ar" l="C"/>
		<a id="20" s="C" t="C.2" l="C"/>
		<a id="21" s="O" t="O.2" l="O"/>
		<a id="22" s="C" t="C.ar" l="C"/>
		<a id="23" s="C" t="C.ar" l="C"/>
		<a id="24" s="H" t="H" l="H"/>
		<a id="25" s="H" t="H" l="H"/>
		<a id="26" s="H" t="H" l="H"/>
		<a id="27" s="H" t="H" l="H"/>
		<a id="28" s="H" t="H" l="H"/>
		<a id="29" s="H" t="H" l="H"/>
		<a id="30" s="H" t="H" l="H"/>
		<a id="31" s="H" t="H" l="H"/>
		<a id="32" s="H" t="H" l="H"/>
		<a id="33" s="H" t="H" l="H"/>
		<a id="34" s="H" t="H" l="H"/>
		<a id="35" s="H" t="H" l="H"/>
		<a id="36" s="H" t="H" l="H"/>
		<a id="37" s="H" t="H" l="H"/>
		<a id="38" s="H" t="H" l="H"/>
		<a id="39" s="H" t="H" l="H"/>
		<a id="40" s="H" t="H" l="H"/>
		<a id="41" s="H" t="H" l="H"/>
	</atoms>
	<bonds>
		<b id="1" c="1 2" t="1"/>
		<b id="2" c="2 3" t="ar"/>
		<b id="3" c="3 4" t="ar"/>
		<b id="4" c="4 5" t="ar"/>
		<b id="5" c="5 6" t="1"/>
		<b id="6" c="6 7" t="1"/>
		<b id="7" c="7 8" t="1"/>
		<b id="8" c="8 9" t="1"/>
		<b id="9" c="9 10" t="1"/>
		<b id="10" c="10 11" t="1"/>
		<b id="11" c="11 12" t="am"/>
		<b id="12" c="12 13" t="2"/>
		<b id="13" c="12 14" t="1"/>
		<b id="14" c="14 15" t="ar"/>
		<b id="15" c="15 16" t="ar"/>
		<b id="16" c="16 17" t="ar"/>
		<b id="17" c="17 18" t="ar"/>
		<b id="18" c="18 19" t="ar"/>
		<b id="19" c="14 19" t="ar"/>
		<b id="20" c="19 20" t="1"/>
		<b id="21" c="11 20" t="am"/>
		<b id="22" c="20 21" t="2"/>
		<b id="23" c="5 22" t="ar"/>
		<b id="24" c="22 23" t="ar"/>
		<b id="25" c="2 23" t="ar"/>
		<b id="26" c="1 24" t="1"/>
		<b id="27" c="1 25" t="1"/>
		<b id="28" c="3 26" t="1"/>
		<b id="29" c="4 27" t="1"/>
		<b id="30" c="6 28" t="1"/>
		<b id="31" c="6 29" t="1"/>
		<b id="32" c="8 30" t="1"/>
		<b id="33" c="8 31" t="1"/>
		<b id="34" c="9 32" t="1"/>
		<b id="35" c="9 33" t="1"/>
		<b id="36" c="10 34" t="1"/>
		<b id="37" c="10 35" t="1"/>
		<b id="38" c="15 36" t="1"/>
		<b id="39" c="16 37" t="1"/>
		<b id="40" c="17 38" t="1"/>
		<b id="41" c="18 39" t="1"/>
		<b id="42" c="22 40" t="1"/>
		<b id="43" c="23 41" t="1"/>
	</bonds>
	<geometry>
		<g u="A" t="cart/3d">#41,3:2.3403,-0.0503,-0.0525;0.9619,-0.0469,-0.0740;0.2311,-0.0374,1.1147;-1.1450,0.0463,1.0906;-1.8359,0.1126,-0.1138;-3.3211,0.2468,-0.1325;-3.7667,2.0355,-0.0804;-5.5895,1.8708,-0.0623;-6.2052,3.2563,0.0187;-7.7340,3.1982,0.0468;-8.2879,4.5295,0.1396;-8.5708,5.3177,-0.9677;-8.4634,4.9621,-2.1132;-9.0217,6.6196,-0.4173;-9.4259,7.7742,-1.0537;-9.7865,8.8578,-0.2582;-9.7435,8.7778,1.1250;-9.3383,7.6111,1.7665;-8.9785,6.5390,0.9776;-8.4990,5.1841,1.3455;-8.3220,4.6997,2.4337;-1.1080,0.1029,-1.2979;0.2684,0.0193,-1.2831;2.7786,-0.3682,0.7960;2.8054,-0.3275,-0.9010;0.7551,-0.0888,2.0586;-1.6942,0.0608,2.0210;-3.7796,-0.2182,0.7410;-3.7532,-0.1620,-1.0465;-5.8655,1.2676,0.8044;-5.8935,1.3575,-0.9762;-5.8837,3.8448,-0.8433;-5.8492,3.7550,0.9228;-8.0781,2.6331,0.9168;-8.1163,2.7419,-0.8698;-9.4560,7.8294,-2.1306;-10.1036,9.7773,-0.7269;-10.0279,9.6361,1.7153;-9.3017,7.5416,2.8424;-1.6279,0.1616,-2.2432;0.8215,0.0121,-2.2115;</g>
	</geometry>
	<conformers/>
	<properties/>
</molecule>
