<?xml version="1.0" ?>
<!--MOLLI PACKAGE EXPERIMENTAL XML FORMAT-->
<molecule name="nuc1868">
	<atoms>
		<a id="1" s="N" t="N.pl3" l="N"/>
		<a id="2" s="C" t="C.ar" l="C"/>
		<a id="3" s="C" t="C.ar" l="C"/>
		<a id="4" s="C" t="C.ar" l="C"/>
		<a id="5" s="C" t="C.ar" l="C"/>
		<a id="6" s="C" t="C.3" l="C"/>
		<a id="7" s="S" t="S.3" l="S"/>
		<a id="8" s="C" t="C.3" l="C"/>
		<a id="9" s="C" t="C.3" l="C"/>
		<a id="10" s="C" t="C.3" l="C"/>
		<a id="11" s="C" t="C.3" l="C"/>
		<a id="12" s="N" t="N.am" l="N"/>
		<a id="13" s="C" t="C.2" l="C"/>
		<a id="14" s="O" t="O.2" l="O"/>
		<a id="15" s="C" t="C.ar" l="C"/>
		<a id="16" s="C" t="C.ar" l="C"/>
		<a id="17" s="C" t="C.ar" l="C"/>
		<a id="18" s="C" t="C.ar" l="C"/>
		<a id="19" s="C" t="C.ar" l="C"/>
		<a id="20" s="C" t="C.ar" l="C"/>
		<a id="21" s="C" t="C.2" l="C"/>
		<a id="22" s="O" t="O.2" l="O"/>
		<a id="23" s="C" t="C.ar" l="C"/>
		<a id="24" s="C" t="C.ar" l="C"/>
		<a id="25" s="H" t="H" l="H"/>
		<a id="26" s="H" t="H" l="H"/>
		<a id="27" s="H" t="H" l="H"/>
		<a id="28" s="H" t="H" l="H"/>
		<a id="29" s="H" t="H" l="H"/>
		<a id="30" s="H" t="H" l="H"/>
		<a id="31" s="H" t="H" l="H"/>
		<a id="32" s="H" t="H" l="H"/>
		<a id="33" s="H" t="H" l="H"/>
		<a id="34" s="H" t="H" l="H"/>
		<a id="35" s="H" t="H" l="H"/>
		<a id="36" s="H" t="H" l="H"/>
		<a id="37" s="H" t="H" l="H"/>
		<a id="38" s="H" t="H" l="H"/>
		<a id="39" s="H" t="H" l="H"/>
		<a id="40" s="H" t="H" l="H"/>
		<a id="41" s="H" t="H" l="H"/>
		<a id="42" s="H" t="H" l="H"/>
		<a id="43" s="H" t="H" l="H"/>
		<a id="44" s="H" t="H" l="H"/>
	</atoms>
	<bonds>
		<b id="1" c="1 2" t="1"/>
		<b id="2" c="2 3" t="ar"/>
		<b id="3" c="3 4" t="ar"/>
		<b id="4" c="4 5" t="ar"/>
		<b id="5" c="5 6" t="1"/>
		<b id="6" c="6 7" t="1"/>
		<b id="7" c="7 8" t="1"/>
		<b id="8" c="8 9" t="1"/>
		<b id="9" c="9 10" t="1"/>
		<b id="10" c="10 11" t="1"/>
		<b id="11" c="11 12" t="1"/>
		<b id="12" c="12 13" t="am"/>
		<b id="13" c="13 14" t="2"/>
		<b id="14" c="13 15" t="1"/>
		<b id="15" c="15 16" t="ar"/>
		<b id="16" c="16 17" t="ar"/>
		<b id="17" c="17 18" t="ar"/>
		<b id="18" c="18 19" t="ar"/>
		<b id="19" c="19 20" t="ar"/>
		<b id="20" c="15 20" t="ar"/>
		<b id="21" c="20 21" t="1"/>
		<b id="22" c="12 21" t="am"/>
		<b id="23" c="21 22" t="2"/>
		<b id="24" c="5 23" t="ar"/>
		<b id="25" c="23 24" t="ar"/>
		<b id="26" c="2 24" t="ar"/>
		<b id="27" c="1 25" t="1"/>
		<b id="28" c="1 26" t="1"/>
		<b id="29" c="3 27" t="1"/>
		<b id="30" c="4 28" t="1"/>
		<b id="31" c="6 29" t="1"/>
		<b id="32" c="6 30" t="1"/>
		<b id="33" c="8 31" t="1"/>
		<b id="34" c="8 32" t="1"/>
		<b id="35" c="9 33" t="1"/>
		<b id="36" c="9 34" t="1"/>
		<b id="37" c="10 35" t="1"/>
		<b id="38" c="10 36" t="1"/>
		<b id="39" c="11 37" t="1"/>
		<b id="40" c="11 38" t="1"/>
		<b id="41" c="16 39" t="1"/>
		<b id="42" c="17 40" t="1"/>
		<b id="43" c="18 41" t="1"/>
		<b id="44" c="19 42" t="1"/>
		<b id="45" c="23 43" t="1"/>
		<b id="46" c="24 44" t="1"/>
	</bonds>
	<geometry>
		<g u="A" t="cart/3d">#44,3:2.3332,0.0117,-0.0624;0.9544,-0.0068,-0.0482;0.2542,0.0066,1.1587;-1.1234,0.0675,1.1691;-1.8461,0.1065,-0.0176;-3.3337,0.2136,-0.0011;-3.8123,1.9941,0.0099;-5.6328,1.8038,0.0405;-6.2701,3.1833,0.0454;-7.7946,3.1170,0.0717;-8.3825,4.5285,0.0765;-9.8276,4.5182,0.0976;-10.5749,4.5146,1.2670;-10.1155,4.5075,2.3803;-11.9923,4.5368,0.8281;-13.1610,4.5636,1.5594;-14.3619,4.5998,0.8569;-14.3820,4.6082,-0.5290;-13.2019,4.5805,-1.2664;-12.0126,4.5452,-0.5695;-10.6086,4.5284,-1.0497;-10.1816,4.5346,-2.1758;-1.1483,0.0943,-1.2198;0.2291,0.0337,-1.2396;2.7974,-0.2910,0.7780;2.7796,-0.2712,-0.9191;0.8030,-0.0241,2.0893;-1.6485,0.0847,2.1132;-3.7612,-0.2351,0.8963;-3.7808,-0.2293,-0.8920;-5.8989,1.2428,0.9381;-5.9280,1.2357,-0.8435;-5.9428,3.7252,-0.8443;-5.9127,3.7328,0.9186;-8.1298,2.5855,0.9652;-8.1600,2.5787,-0.8057;-8.0719,5.0645,-0.8240;-8.0448,5.0695,0.9641;-13.1375,4.5597,2.6380;-15.2941,4.6242,1.4013;-15.3295,4.6388,-1.0459;-13.2097,4.5894,-2.3451;-1.6932,0.1327,-2.1520;0.7584,0.0242,-2.1819;</g>
	</geometry>
	<conformers/>
	<properties/>
</molecule>
