<?xml version="1.0" ?>
<!--MOLLI PACKAGE EXPERIMENTAL XML FORMAT-->
<molecule name="nuc1869">
	<atoms>
		<a id="1" s="N" t="N.pl3" l="N"/>
		<a id="2" s="C" t="C.ar" l="C"/>
		<a id="3" s="C" t="C.ar" l="C"/>
		<a id="4" s="C" t="C.ar" l="C"/>
		<a id="5" s="C" t="C.ar" l="C"/>
		<a id="6" s="N" t="N.ar" l="N"/>
		<a id="7" s="O" t="O.2" l="O"/>
		<a id="8" s="N" t="N.ar" l="N"/>
		<a id="9" s="C" t="C.ar" l="C"/>
		<a id="10" s="C" t="C.ar" l="C"/>
		<a id="11" s="H" t="H" l="H"/>
		<a id="12" s="H" t="H" l="H"/>
		<a id="13" s="H" t="H" l="H"/>
		<a id="14" s="H" t="H" l="H"/>
		<a id="15" s="H" t="H" l="H"/>
	</atoms>
	<bonds>
		<b id="1" c="1 2" t="1"/>
		<b id="2" c="2 3" t="ar"/>
		<b id="3" c="3 4" t="ar"/>
		<b id="4" c="4 5" t="ar"/>
		<b id="5" c="5 6" t="ar"/>
		<b id="6" c="6 7" t="ar"/>
		<b id="7" c="7 8" t="ar"/>
		<b id="8" c="8 9" t="ar"/>
		<b id="9" c="5 9" t="ar"/>
		<b id="10" c="9 10" t="ar"/>
		<b id="11" c="2 10" t="ar"/>
		<b id="12" c="1 11" t="1"/>
		<b id="13" c="1 12" t="1"/>
		<b id="14" c="3 13" t="1"/>
		<b id="15" c="4 14" t="1"/>
		<b id="16" c="10 15" t="1"/>
	</bonds>
	<geometry>
		<g u="A" t="cart/3d">#15,3:1.0338,-0.0123,-0.2152;2.3995,-0.0552,-0.1269;3.1092,1.1898,-0.1157;4.4637,1.2674,-0.0904;5.1796,0.0527,-0.0743;6.4690,-0.2147,-0.0434;6.5727,-1.5421,-0.0395;5.3869,-2.1647,-0.0654;4.4741,-1.2091,-0.0871;3.0747,-1.2542,-0.1116;0.5673,0.8440,0.0299;0.5265,-0.8613,-0.0363;2.5185,2.0949,-0.1308;4.9905,2.2071,-0.0802;2.5590,-2.2000,-0.1215;</g>
	</geometry>
	<conformers/>
	<properties/>
</molecule>
