<?xml version="1.0" ?>
<!--MOLLI PACKAGE EXPERIMENTAL XML FORMAT-->
<molecule name="nuc1610">
	<atoms>
		<a id="1" s="C" t="C.3" l="C"/>
		<a id="2" s="O" t="O.3" l="O"/>
		<a id="3" s="C" t="C.3" l="C"/>
		<a id="4" s="C" t="C.3" l="C"/>
		<a id="5" s="C" t="C.3" l="C"/>
		<a id="6" s="N" t="N.pl3" l="N"/>
		<a id="7" s="C" t="C.ar" l="C"/>
		<a id="8" s="N" t="N.ar" l="N"/>
		<a id="9" s="C" t="C.ar" l="C"/>
		<a id="10" s="C" t="C.ar" l="C"/>
		<a id="11" s="C" t="C.ar" l="C"/>
		<a id="12" s="N" t="N.pl3" l="N"/>
		<a id="13" s="N" t="N.ar" l="N"/>
		<a id="14" s="C" t="C.3" l="C"/>
		<a id="15" s="C" t="C.3" l="C"/>
		<a id="16" s="F" t="F" l="F"/>
		<a id="17" s="H" t="H" l="H"/>
		<a id="18" s="H" t="H" l="H"/>
		<a id="19" s="H" t="H" l="H"/>
		<a id="20" s="H" t="H" l="H"/>
		<a id="21" s="H" t="H" l="H"/>
		<a id="22" s="H" t="H" l="H"/>
		<a id="23" s="H" t="H" l="H"/>
		<a id="24" s="H" t="H" l="H"/>
		<a id="25" s="H" t="H" l="H"/>
		<a id="26" s="H" t="H" l="H"/>
		<a id="27" s="H" t="H" l="H"/>
		<a id="28" s="H" t="H" l="H"/>
		<a id="29" s="H" t="H" l="H"/>
		<a id="30" s="H" t="H" l="H"/>
		<a id="31" s="H" t="H" l="H"/>
	</atoms>
	<bonds>
		<b id="1" c="1 2" t="1"/>
		<b id="2" c="3 4" t="1"/>
		<b id="3" c="4 5" t="1"/>
		<b id="4" c="5 6" t="1"/>
		<b id="5" c="6 7" t="1"/>
		<b id="6" c="7 8" t="ar"/>
		<b id="7" c="8 9" t="ar"/>
		<b id="8" c="9 10" t="ar"/>
		<b id="9" c="10 11" t="ar"/>
		<b id="10" c="11 12" t="1"/>
		<b id="11" c="11 13" t="ar"/>
		<b id="12" c="7 13" t="ar"/>
		<b id="13" c="6 14" t="1"/>
		<b id="14" c="14 15" t="1"/>
		<b id="15" c="3 15" t="1"/>
		<b id="16" c="3 2" t="1"/>
		<b id="17" c="15 16" t="1"/>
		<b id="18" c="1 17" t="1"/>
		<b id="19" c="1 18" t="1"/>
		<b id="20" c="1 19" t="1"/>
		<b id="21" c="3 20" t="1"/>
		<b id="22" c="4 21" t="1"/>
		<b id="23" c="4 22" t="1"/>
		<b id="24" c="5 23" t="1"/>
		<b id="25" c="5 24" t="1"/>
		<b id="26" c="9 25" t="1"/>
		<b id="27" c="10 26" t="1"/>
		<b id="28" c="12 27" t="1"/>
		<b id="29" c="12 28" t="1"/>
		<b id="30" c="14 29" t="1"/>
		<b id="31" c="14 30" t="1"/>
		<b id="32" c="15 31" t="1"/>
	</bonds>
	<geometry>
		<g u="A" t="cart/3d">#31,3:2.7361,0.7041,2.6848;2.9205,1.7311,1.7429;3.0516,1.3128,0.4049;3.0516,2.5650,-0.4719;3.1603,2.1725,-1.9454;4.3414,1.3784,-2.1735;5.4300,1.8894,-2.8007;6.5144,1.1128,-2.8726;7.5560,1.6133,-3.5186;7.5542,2.8589,-4.1060;6.3615,3.5904,-3.9883;6.2068,4.8066,-4.5769;5.3103,3.1077,-3.3355;4.4499,0.1872,-1.3752;4.3318,0.5030,0.1219;5.4328,1.2264,0.5253;2.4435,1.1959,3.6109;3.6556,0.1351,2.8603;1.9416,0.0147,2.3705;2.1982,0.6612,0.1362;3.9062,3.1784,-0.1856;2.1402,3.1327,-0.2882;3.2320,3.0576,-2.5761;2.2824,1.5827,-2.2380;8.4276,0.9712,-3.5568;8.4093,3.2559,-4.6262;7.0252,5.3134,-4.8632;5.3918,5.3351,-4.3173;5.4235,-0.2589,-1.5843;3.6507,-0.5134,-1.6448;4.3530,-0.4280,0.7031;</g>
	</geometry>
	<conformers/>
	<properties/>
</molecule>
