<?xml version="1.0" ?>
<!--MOLLI PACKAGE EXPERIMENTAL XML FORMAT-->
<molecule name="nuc1873">
	<atoms>
		<a id="1" s="C" t="C.3" l="C"/>
		<a id="2" s="C" t="C.3" l="C"/>
		<a id="3" s="C" t="C.3" l="C"/>
		<a id="4" s="C" t="C.3" l="C"/>
		<a id="5" s="O" t="O.3" l="O"/>
		<a id="6" s="C" t="C.2" l="C"/>
		<a id="7" s="O" t="O.2" l="O"/>
		<a id="8" s="N" t="N.am" l="N"/>
		<a id="9" s="C" t="C.3" l="C"/>
		<a id="10" s="C" t="C.3" l="C"/>
		<a id="11" s="C" t="C.3" l="C"/>
		<a id="12" s="N" t="N.3" l="N"/>
		<a id="13" s="C" t="C.3" l="C"/>
		<a id="14" s="C" t="C.2" l="C"/>
		<a id="15" s="O" t="O.2" l="O"/>
		<a id="16" s="N" t="N.am" l="N"/>
		<a id="17" s="C" t="C.3" l="C"/>
		<a id="18" s="C" t="C.3" l="C"/>
		<a id="19" s="C" t="C.3" l="C"/>
		<a id="20" s="C" t="C.3" l="C"/>
		<a id="21" s="C" t="C.3" l="C"/>
		<a id="22" s="C" t="C.3" l="C"/>
		<a id="23" s="C" t="C.3" l="C"/>
		<a id="24" s="H" t="H" l="H"/>
		<a id="25" s="H" t="H" l="H"/>
		<a id="26" s="H" t="H" l="H"/>
		<a id="27" s="H" t="H" l="H"/>
		<a id="28" s="H" t="H" l="H"/>
		<a id="29" s="H" t="H" l="H"/>
		<a id="30" s="H" t="H" l="H"/>
		<a id="31" s="H" t="H" l="H"/>
		<a id="32" s="H" t="H" l="H"/>
		<a id="33" s="H" t="H" l="H"/>
		<a id="34" s="H" t="H" l="H"/>
		<a id="35" s="H" t="H" l="H"/>
		<a id="36" s="H" t="H" l="H"/>
		<a id="37" s="H" t="H" l="H"/>
		<a id="38" s="H" t="H" l="H"/>
		<a id="39" s="H" t="H" l="H"/>
		<a id="40" s="H" t="H" l="H"/>
		<a id="41" s="H" t="H" l="H"/>
		<a id="42" s="H" t="H" l="H"/>
		<a id="43" s="H" t="H" l="H"/>
		<a id="44" s="H" t="H" l="H"/>
		<a id="45" s="H" t="H" l="H"/>
		<a id="46" s="H" t="H" l="H"/>
		<a id="47" s="H" t="H" l="H"/>
		<a id="48" s="H" t="H" l="H"/>
		<a id="49" s="H" t="H" l="H"/>
		<a id="50" s="H" t="H" l="H"/>
		<a id="51" s="H" t="H" l="H"/>
		<a id="52" s="H" t="H" l="H"/>
		<a id="53" s="H" t="H" l="H"/>
		<a id="54" s="H" t="H" l="H"/>
	</atoms>
	<bonds>
		<b id="1" c="1 2" t="1"/>
		<b id="2" c="2 3" t="1"/>
		<b id="3" c="2 4" t="1"/>
		<b id="4" c="2 5" t="1"/>
		<b id="5" c="5 6" t="1"/>
		<b id="6" c="6 7" t="2"/>
		<b id="7" c="6 8" t="am"/>
		<b id="8" c="8 9" t="1"/>
		<b id="9" c="9 10" t="1"/>
		<b id="10" c="10 11" t="1"/>
		<b id="11" c="11 13" t="1"/>
		<b id="12" c="13 14" t="1"/>
		<b id="13" c="14 15" t="2"/>
		<b id="14" c="14 16" t="am"/>
		<b id="15" c="16 17" t="1"/>
		<b id="16" c="17 18" t="1"/>
		<b id="17" c="18 19" t="1"/>
		<b id="18" c="19 20" t="1"/>
		<b id="19" c="20 21" t="1"/>
		<b id="20" c="21 22" t="1"/>
		<b id="21" c="18 22" t="1"/>
		<b id="22" c="13 23" t="1"/>
		<b id="23" c="8 23" t="1"/>
		<b id="24" c="11 12" t="1"/>
		<b id="25" c="1 24" t="1"/>
		<b id="26" c="1 25" t="1"/>
		<b id="27" c="1 26" t="1"/>
		<b id="28" c="3 27" t="1"/>
		<b id="29" c="3 28" t="1"/>
		<b id="30" c="3 29" t="1"/>
		<b id="31" c="4 30" t="1"/>
		<b id="32" c="4 31" t="1"/>
		<b id="33" c="4 32" t="1"/>
		<b id="34" c="9 33" t="1"/>
		<b id="35" c="9 34" t="1"/>
		<b id="36" c="10 35" t="1"/>
		<b id="37" c="10 36" t="1"/>
		<b id="38" c="11 37" t="1"/>
		<b id="39" c="12 38" t="1"/>
		<b id="40" c="12 39" t="1"/>
		<b id="41" c="13 40" t="1"/>
		<b id="42" c="16 41" t="1"/>
		<b id="43" c="17 42" t="1"/>
		<b id="44" c="17 43" t="1"/>
		<b id="45" c="18 44" t="1"/>
		<b id="46" c="19 45" t="1"/>
		<b id="47" c="19 46" t="1"/>
		<b id="48" c="20 47" t="1"/>
		<b id="49" c="20 48" t="1"/>
		<b id="50" c="21 49" t="1"/>
		<b id="51" c="21 50" t="1"/>
		<b id="52" c="22 51" t="1"/>
		<b id="53" c="22 52" t="1"/>
		<b id="54" c="23 53" t="1"/>
		<b id="55" c="23 54" t="1"/>
	</bonds>
	<geometry>
		<g u="A" t="cart/3d">#54,3:4.4196,-1.1051,0.0755;3.3249,-0.0916,0.4075;2.7940,0.5772,-0.8604;2.1848,-0.7648,1.1732;3.8265,0.9001,1.3356;4.8625,1.6863,1.0020;5.4191,1.7078,-0.0753;5.2645,2.4518,2.0521;4.4767,2.6662,3.2466;3.7538,4.0115,3.1727;4.7388,5.1567,2.9132;4.0166,6.4132,2.8743;5.5473,4.8409,1.6347;6.5787,5.9232,1.3313;6.8757,6.8070,2.1108;7.1411,5.7923,0.1128;8.1195,6.7163,-0.4145;7.5485,7.5496,-1.5635;8.5816,8.5186,-2.1506;7.7310,9.6511,-2.7158;6.6749,9.8543,-1.6320;6.3657,8.4379,-1.1198;6.2457,3.4834,1.8110;4.0119,-1.8948,-0.5493;4.8110,-1.5448,0.9906;5.2323,-0.6174,-0.4554;2.3660,-0.1744,-1.5173;3.6015,1.0832,-1.3810;2.0251,1.3040,-0.6073;1.7285,-1.5347,0.5584;1.4298,-0.0296,1.4401;2.5642,-1.2164,2.0860;5.1578,2.6572,4.1037;3.7649,1.8493,3.3509;3.2252,4.2032,4.1053;3.0180,3.9847,2.3658;5.4421,5.2282,3.7508;3.4359,6.4662,2.0436;4.6800,7.1797,2.8459;4.8583,4.7685,0.7830;6.8163,5.0649,-0.5048;8.9947,6.1540,-0.7582;8.4155,7.3657,0.4134;7.2159,6.8652,-2.3515;9.2134,8.0453,-2.9019;9.2212,8.9027,-1.3539;7.2606,9.3346,-3.6485;8.3091,10.5530,-2.9100;5.7847,10.3598,-2.0081;7.0939,10.4607,-0.8260;5.4304,8.0686,-1.5454;6.2631,8.4289,-0.0342;6.9241,3.5300,2.6686;6.8108,3.2041,0.9201;</g>
	</geometry>
	<conformers/>
	<properties/>
</molecule>
