<?xml version="1.0" ?>
<!--MOLLI PACKAGE EXPERIMENTAL XML FORMAT-->
<molecule name="nuc1876">
	<atoms>
		<a id="1" s="C" t="C.3" l="C"/>
		<a id="2" s="C" t="C.3" l="C"/>
		<a id="3" s="C" t="C.3" l="C"/>
		<a id="4" s="C" t="C.3" l="C"/>
		<a id="5" s="O" t="O.3" l="O"/>
		<a id="6" s="C" t="C.2" l="C"/>
		<a id="7" s="O" t="O.2" l="O"/>
		<a id="8" s="N" t="N.ar" l="N"/>
		<a id="9" s="C" t="C.ar" l="C"/>
		<a id="10" s="C" t="C.ar" l="C"/>
		<a id="11" s="C" t="C.ar" l="C"/>
		<a id="12" s="C" t="C.ar" l="C"/>
		<a id="13" s="C" t="C.ar" l="C"/>
		<a id="14" s="N" t="N.pl3" l="N"/>
		<a id="15" s="C" t="C.ar" l="C"/>
		<a id="16" s="C" t="C.ar" l="C"/>
		<a id="17" s="C" t="C.ar" l="C"/>
		<a id="18" s="H" t="H" l="H"/>
		<a id="19" s="H" t="H" l="H"/>
		<a id="20" s="H" t="H" l="H"/>
		<a id="21" s="H" t="H" l="H"/>
		<a id="22" s="H" t="H" l="H"/>
		<a id="23" s="H" t="H" l="H"/>
		<a id="24" s="H" t="H" l="H"/>
		<a id="25" s="H" t="H" l="H"/>
		<a id="26" s="H" t="H" l="H"/>
		<a id="27" s="H" t="H" l="H"/>
		<a id="28" s="H" t="H" l="H"/>
		<a id="29" s="H" t="H" l="H"/>
		<a id="30" s="H" t="H" l="H"/>
		<a id="31" s="H" t="H" l="H"/>
		<a id="32" s="H" t="H" l="H"/>
		<a id="33" s="H" t="H" l="H"/>
	</atoms>
	<bonds>
		<b id="1" c="1 2" t="1"/>
		<b id="2" c="2 3" t="1"/>
		<b id="3" c="2 4" t="1"/>
		<b id="4" c="2 5" t="1"/>
		<b id="5" c="5 6" t="1"/>
		<b id="6" c="6 7" t="2"/>
		<b id="7" c="6 8" t="am"/>
		<b id="8" c="8 9" t="ar"/>
		<b id="9" c="9 10" t="ar"/>
		<b id="10" c="10 11" t="ar"/>
		<b id="11" c="11 12" t="ar"/>
		<b id="12" c="12 13" t="ar"/>
		<b id="13" c="13 14" t="1"/>
		<b id="14" c="13 15" t="ar"/>
		<b id="15" c="15 16" t="ar"/>
		<b id="16" c="16 17" t="ar"/>
		<b id="17" c="11 17" t="ar"/>
		<b id="18" c="8 17" t="ar"/>
		<b id="19" c="1 18" t="1"/>
		<b id="20" c="1 19" t="1"/>
		<b id="21" c="1 20" t="1"/>
		<b id="22" c="3 21" t="1"/>
		<b id="23" c="3 22" t="1"/>
		<b id="24" c="3 23" t="1"/>
		<b id="25" c="4 24" t="1"/>
		<b id="26" c="4 25" t="1"/>
		<b id="27" c="4 26" t="1"/>
		<b id="28" c="9 27" t="1"/>
		<b id="29" c="10 28" t="1"/>
		<b id="30" c="12 29" t="1"/>
		<b id="31" c="14 30" t="1"/>
		<b id="32" c="14 31" t="1"/>
		<b id="33" c="15 32" t="1"/>
		<b id="34" c="16 33" t="1"/>
	</bonds>
	<geometry>
		<g u="A" t="cart/3d">#33,3:3.7507,-0.1481,1.5045;2.7703,0.4203,0.4797;2.3055,-0.6576,-0.4983;1.5719,1.0613,1.1809;3.3828,1.5217,-0.2390;4.4759,1.3263,-0.9723;5.0523,0.2807,-1.1423;4.9122,2.5029,-1.5531;6.0390,2.5368,-2.3626;6.2712,3.7933,-2.7977;5.2481,4.6305,-2.2470;4.9900,5.9900,-2.3560;3.8939,6.5210,-1.6876;3.6510,7.8841,-1.7074;3.0691,5.6786,-0.9264;3.3120,4.3255,-0.8094;4.4089,3.7996,-1.4728;3.2517,-0.8996,2.1095;4.1129,0.6455,2.1547;4.5985,-0.6054,1.0026;1.7615,-1.4281,0.0407;3.1592,-1.1102,-0.9949;1.6503,-0.2230,-1.2505;1.0368,0.3133,1.7581;0.8958,1.4919,0.4465;1.9083,1.8501,1.8490;6.5715,1.6238,-2.5449;7.0718,4.1115,-3.4355;5.6319,6.6262,-2.9473;4.0652,8.3919,-2.4726;2.7095,8.1673,-1.4878;2.2204,6.1114,-0.4166;2.6606,3.7038,-0.2194;</g>
	</geometry>
	<conformers/>
	<properties/>
</molecule>
