<?xml version="1.0" ?>
<!--MOLLI PACKAGE EXPERIMENTAL XML FORMAT-->
<molecule name="nuc1611">
	<atoms>
		<a id="1" s="C" t="C.3" l="C"/>
		<a id="2" s="O" t="O.3" l="O"/>
		<a id="3" s="C" t="C.ar" l="C"/>
		<a id="4" s="C" t="C.ar" l="C"/>
		<a id="5" s="C" t="C.ar" l="C"/>
		<a id="6" s="C" t="C.ar" l="C"/>
		<a id="7" s="C" t="C.3" l="C"/>
		<a id="8" s="N" t="N.ar" l="N"/>
		<a id="9" s="C" t="C.ar" l="C"/>
		<a id="10" s="C" t="C.ar" l="C"/>
		<a id="11" s="C" t="C.ar" l="C"/>
		<a id="12" s="N" t="N.ar" l="N"/>
		<a id="13" s="C" t="C.ar" l="C"/>
		<a id="14" s="N" t="N.pl3" l="N"/>
		<a id="15" s="S" t="S.2" l="S"/>
		<a id="16" s="C" t="C.ar" l="C"/>
		<a id="17" s="C" t="C.3" l="C"/>
		<a id="18" s="C" t="C.ar" l="C"/>
		<a id="19" s="N" t="N.ar" l="N"/>
		<a id="20" s="C" t="C.ar" l="C"/>
		<a id="21" s="C" t="C.ar" l="C"/>
		<a id="22" s="H" t="H" l="H"/>
		<a id="23" s="H" t="H" l="H"/>
		<a id="24" s="H" t="H" l="H"/>
		<a id="25" s="H" t="H" l="H"/>
		<a id="26" s="H" t="H" l="H"/>
		<a id="27" s="H" t="H" l="H"/>
		<a id="28" s="H" t="H" l="H"/>
		<a id="29" s="H" t="H" l="H"/>
		<a id="30" s="H" t="H" l="H"/>
		<a id="31" s="H" t="H" l="H"/>
		<a id="32" s="H" t="H" l="H"/>
		<a id="33" s="H" t="H" l="H"/>
		<a id="34" s="H" t="H" l="H"/>
		<a id="35" s="H" t="H" l="H"/>
		<a id="36" s="H" t="H" l="H"/>
		<a id="37" s="H" t="H" l="H"/>
	</atoms>
	<bonds>
		<b id="1" c="1 2" t="1"/>
		<b id="2" c="2 3" t="1"/>
		<b id="3" c="3 4" t="ar"/>
		<b id="4" c="4 5" t="ar"/>
		<b id="5" c="5 6" t="ar"/>
		<b id="6" c="6 7" t="1"/>
		<b id="7" c="7 8" t="1"/>
		<b id="8" c="8 9" t="ar"/>
		<b id="9" c="9 10" t="ar"/>
		<b id="10" c="10 11" t="1"/>
		<b id="11" c="11 12" t="ar"/>
		<b id="12" c="12 13" t="ar"/>
		<b id="13" c="13 14" t="1"/>
		<b id="14" c="13 15" t="ar"/>
		<b id="15" c="15 16" t="ar"/>
		<b id="16" c="11 16" t="ar"/>
		<b id="17" c="16 17" t="1"/>
		<b id="18" c="10 18" t="ar"/>
		<b id="19" c="18 19" t="ar"/>
		<b id="20" c="8 19" t="ar"/>
		<b id="21" c="6 20" t="ar"/>
		<b id="22" c="20 21" t="ar"/>
		<b id="23" c="3 21" t="ar"/>
		<b id="24" c="1 22" t="1"/>
		<b id="25" c="1 23" t="1"/>
		<b id="26" c="1 24" t="1"/>
		<b id="27" c="4 25" t="1"/>
		<b id="28" c="5 26" t="1"/>
		<b id="29" c="7 27" t="1"/>
		<b id="30" c="7 28" t="1"/>
		<b id="31" c="9 29" t="1"/>
		<b id="32" c="14 30" t="1"/>
		<b id="33" c="14 31" t="1"/>
		<b id="34" c="17 32" t="1"/>
		<b id="35" c="17 33" t="1"/>
		<b id="36" c="17 34" t="1"/>
		<b id="37" c="18 35" t="1"/>
		<b id="38" c="20 36" t="1"/>
		<b id="39" c="21 37" t="1"/>
	</bonds>
	<geometry>
		<g u="A" t="cart/3d">#37,3:11.4724,-3.2246,-4.5732;10.3984,-3.7808,-5.2913;9.1342,-3.3755,-4.9918;8.8069,-2.4275,-4.0299;7.4789,-2.0975,-3.8098;6.4624,-2.7037,-4.5270;5.0134,-2.3529,-4.2941;4.3762,-1.9252,-5.5119;4.5625,-0.7615,-6.1643;3.7849,-0.8125,-7.3092;3.5753,0.1535,-8.3619;2.6820,-0.1733,-9.3515;2.5652,0.7502,-10.2285;1.8109,0.6671,-11.3564;3.5633,2.1763,-9.9273;4.1600,1.3823,-8.4883;5.1593,2.0595,-7.6187;3.1707,-2.0822,-7.2416;3.5418,-2.7323,-6.1605;6.7953,-3.6490,-5.4934;8.1108,-3.9802,-5.7262;12.3689,-3.6988,-4.9693;11.3940,-3.4386,-3.5023;11.5405,-2.1422,-4.7239;9.5706,-1.9375,-3.4468;7.2408,-1.3578,-3.0584;4.9298,-1.5630,-3.5411;4.4622,-3.2338,-3.9523;5.2129,-0.0094,-5.7697;1.1218,-0.0680,-11.3533;1.5331,1.5334,-11.7868;5.4526,3.0096,-8.0585;6.0492,1.4396,-7.5041;4.7418,2.2515,-6.6291;2.4857,-2.5117,-7.9429;6.0086,-4.1204,-6.0637;8.3796,-4.7113,-6.4718;</g>
	</geometry>
	<conformers/>
	<properties/>
</molecule>
