<?xml version="1.0" ?>
<!--MOLLI PACKAGE EXPERIMENTAL XML FORMAT-->
<molecule name="nuc1882">
	<atoms>
		<a id="1" s="N" t="N.pl3" l="N"/>
		<a id="2" s="C" t="C.ar" l="C"/>
		<a id="3" s="N" t="N.ar" l="N"/>
		<a id="4" s="C" t="C.ar" l="C"/>
		<a id="5" s="C" t="C.ar" l="C"/>
		<a id="6" s="C" t="C.3" l="C"/>
		<a id="7" s="F" t="F" l="F"/>
		<a id="8" s="F" t="F" l="F"/>
		<a id="9" s="F" t="F" l="F"/>
		<a id="10" s="C" t="C.ar" l="C"/>
		<a id="11" s="N" t="N.pl3" l="N"/>
		<a id="12" s="C" t="C.3" l="C"/>
		<a id="13" s="C" t="C.3" l="C"/>
		<a id="14" s="N" t="N.3" l="N"/>
		<a id="15" s="C" t="C.3" l="C"/>
		<a id="16" s="C" t="C.3" l="C"/>
		<a id="17" s="C" t="C.3" l="C"/>
		<a id="18" s="C" t="C.3" l="C"/>
		<a id="19" s="C" t="C.3" l="C"/>
		<a id="20" s="N" t="N.ar" l="N"/>
		<a id="21" s="H" t="H" l="H"/>
		<a id="22" s="H" t="H" l="H"/>
		<a id="23" s="H" t="H" l="H"/>
		<a id="24" s="H" t="H" l="H"/>
		<a id="25" s="H" t="H" l="H"/>
		<a id="26" s="H" t="H" l="H"/>
		<a id="27" s="H" t="H" l="H"/>
		<a id="28" s="H" t="H" l="H"/>
		<a id="29" s="H" t="H" l="H"/>
		<a id="30" s="H" t="H" l="H"/>
		<a id="31" s="H" t="H" l="H"/>
		<a id="32" s="H" t="H" l="H"/>
		<a id="33" s="H" t="H" l="H"/>
		<a id="34" s="H" t="H" l="H"/>
		<a id="35" s="H" t="H" l="H"/>
		<a id="36" s="H" t="H" l="H"/>
	</atoms>
	<bonds>
		<b id="1" c="1 2" t="1"/>
		<b id="2" c="2 3" t="ar"/>
		<b id="3" c="3 4" t="ar"/>
		<b id="4" c="4 5" t="ar"/>
		<b id="5" c="5 6" t="1"/>
		<b id="6" c="6 7" t="1"/>
		<b id="7" c="6 8" t="1"/>
		<b id="8" c="6 9" t="1"/>
		<b id="9" c="5 10" t="ar"/>
		<b id="10" c="10 11" t="1"/>
		<b id="11" c="11 12" t="1"/>
		<b id="12" c="12 13" t="1"/>
		<b id="13" c="13 14" t="1"/>
		<b id="14" c="14 15" t="1"/>
		<b id="15" c="15 16" t="1"/>
		<b id="16" c="16 17" t="1"/>
		<b id="17" c="12 17" t="1"/>
		<b id="18" c="17 18" t="1"/>
		<b id="19" c="18 19" t="1"/>
		<b id="20" c="14 19" t="1"/>
		<b id="21" c="10 20" t="ar"/>
		<b id="22" c="2 20" t="ar"/>
		<b id="23" c="1 21" t="1"/>
		<b id="24" c="1 22" t="1"/>
		<b id="25" c="4 23" t="1"/>
		<b id="26" c="11 24" t="1"/>
		<b id="27" c="12 25" t="1"/>
		<b id="28" c="13 26" t="1"/>
		<b id="29" c="13 27" t="1"/>
		<b id="30" c="15 28" t="1"/>
		<b id="31" c="15 29" t="1"/>
		<b id="32" c="16 30" t="1"/>
		<b id="33" c="16 31" t="1"/>
		<b id="34" c="17 32" t="1"/>
		<b id="35" c="18 33" t="1"/>
		<b id="36" c="18 34" t="1"/>
		<b id="37" c="19 35" t="1"/>
		<b id="38" c="19 36" t="1"/>
	</bonds>
	<geometry>
		<g u="A" t="cart/3d">#36,3:0.5254,4.8813,-3.0935;0.1900,3.8740,-2.2688;-1.1129,3.5721,-2.1856;-1.4262,2.5590,-1.4046;-0.4825,1.8272,-0.7023;-0.8566,0.6848,0.1659;-2.1689,0.4391,0.1973;-0.2649,-0.4784,-0.2093;-0.4737,0.8537,1.4573;0.8759,2.2265,-0.8471;1.8695,1.6001,-0.2023;3.2646,1.9299,-0.3624;4.0497,0.7805,-1.0485;5.1432,0.3135,-0.2201;4.6287,-0.1885,1.0438;3.9398,0.9324,1.8532;3.9398,2.2015,0.9932;5.3928,2.5957,0.7130;6.0805,1.3978,0.0185;1.1821,3.2592,-1.6299;-0.2098,5.4149,-3.5223;1.4783,5.1936,-3.1160;-2.4790,2.3187,-1.3369;1.6627,0.7774,0.3407;3.2833,2.8364,-0.9721;4.4609,1.1107,-2.0050;3.3827,-0.0635,-1.2436;5.4674,-0.6152,1.5985;3.9328,-1.0000,0.8194;4.4839,1.1323,2.7780;2.9227,0.6549,2.1316;3.4144,3.0097,1.5104;5.8933,2.8404,1.6505;5.4180,3.4821,0.0777;6.8933,1.0024,0.6317;6.5007,1.6927,-0.9461;</g>
	</geometry>
	<conformers/>
	<properties/>
</molecule>
