<?xml version="1.0" ?>
<!--MOLLI PACKAGE EXPERIMENTAL XML FORMAT-->
<molecule name="nuc1884">
	<atoms>
		<a id="1" s="N" t="N.1" l="N"/>
		<a id="2" s="C" t="C.1" l="C"/>
		<a id="3" s="C" t="C.ar" l="C"/>
		<a id="4" s="C" t="C.ar" l="C"/>
		<a id="5" s="C" t="C.ar" l="C"/>
		<a id="6" s="F" t="F" l="F"/>
		<a id="7" s="C" t="C.ar" l="C"/>
		<a id="8" s="N" t="N.pl3" l="N"/>
		<a id="9" s="C" t="C.ar" l="C"/>
		<a id="10" s="C" t="C.ar" l="C"/>
		<a id="11" s="N" t="N.pl3" l="N"/>
		<a id="12" s="C" t="C.3" l="C"/>
		<a id="13" s="C" t="C.3" l="C"/>
		<a id="14" s="O" t="O.3" l="O"/>
		<a id="15" s="C" t="C.3" l="C"/>
		<a id="16" s="C" t="C.3" l="C"/>
		<a id="17" s="H" t="H" l="H"/>
		<a id="18" s="H" t="H" l="H"/>
		<a id="19" s="H" t="H" l="H"/>
		<a id="20" s="H" t="H" l="H"/>
		<a id="21" s="H" t="H" l="H"/>
		<a id="22" s="H" t="H" l="H"/>
		<a id="23" s="H" t="H" l="H"/>
		<a id="24" s="H" t="H" l="H"/>
		<a id="25" s="H" t="H" l="H"/>
		<a id="26" s="H" t="H" l="H"/>
		<a id="27" s="H" t="H" l="H"/>
		<a id="28" s="H" t="H" l="H"/>
	</atoms>
	<bonds>
		<b id="1" c="1 2" t="3"/>
		<b id="2" c="2 3" t="1"/>
		<b id="3" c="3 4" t="ar"/>
		<b id="4" c="4 5" t="ar"/>
		<b id="5" c="5 6" t="1"/>
		<b id="6" c="5 7" t="ar"/>
		<b id="7" c="7 8" t="1"/>
		<b id="8" c="7 9" t="ar"/>
		<b id="9" c="9 10" t="ar"/>
		<b id="10" c="3 10" t="ar"/>
		<b id="11" c="10 11" t="1"/>
		<b id="12" c="11 12" t="1"/>
		<b id="13" c="12 13" t="1"/>
		<b id="14" c="13 14" t="1"/>
		<b id="15" c="14 15" t="1"/>
		<b id="16" c="15 16" t="1"/>
		<b id="17" c="11 16" t="1"/>
		<b id="18" c="4 17" t="1"/>
		<b id="19" c="8 18" t="1"/>
		<b id="20" c="8 19" t="1"/>
		<b id="21" c="9 20" t="1"/>
		<b id="22" c="12 21" t="1"/>
		<b id="23" c="12 22" t="1"/>
		<b id="24" c="13 23" t="1"/>
		<b id="25" c="13 24" t="1"/>
		<b id="26" c="15 25" t="1"/>
		<b id="27" c="15 26" t="1"/>
		<b id="28" c="16 27" t="1"/>
		<b id="29" c="16 28" t="1"/>
	</bonds>
	<geometry>
		<g u="A" t="cart/3d">#28,3:1.1801,0.1634,0.1847;2.3228,0.0434,0.1523;3.7244,-0.0431,0.0727;4.4345,1.1591,0.0031;5.7919,1.1402,-0.1742;6.4811,2.3104,-0.2533;6.5074,-0.0602,-0.2970;7.8677,-0.0468,-0.4110;5.7884,-1.2501,-0.2172;4.4082,-1.2787,-0.0217;3.7026,-2.4642,0.0115;4.2829,-3.6873,-0.4987;3.1375,-4.5958,-0.9659;2.2277,-4.8679,0.0704;1.6729,-3.6719,0.5708;2.7698,-2.7419,1.0884;3.9126,2.1008,0.0731;8.3075,0.8297,-0.6347;8.3337,-0.8831,-0.7142;6.3425,-2.1736,-0.2805;4.8696,-4.2114,0.2722;4.9209,-3.4633,-1.3542;3.5261,-5.5609,-1.2958;2.6157,-4.1058,-1.8025;0.9984,-3.9593,1.3781;1.1042,-3.1571,-0.2170;3.3005,-3.2450,1.9138;2.3294,-1.8204,1.4622;</g>
	</geometry>
	<conformers/>
	<properties/>
</molecule>
