<?xml version="1.0" ?>
<!--MOLLI PACKAGE EXPERIMENTAL XML FORMAT-->
<molecule name="nuc1886">
	<atoms>
		<a id="1" s="C" t="C.3" l="C"/>
		<a id="2" s="C" t="C.3" l="C"/>
		<a id="3" s="C" t="C.3" l="C"/>
		<a id="4" s="C" t="C.ar" l="C"/>
		<a id="5" s="C" t="C.ar" l="C"/>
		<a id="6" s="C" t="C.ar" l="C"/>
		<a id="7" s="N" t="N.pl3" l="N"/>
		<a id="8" s="C" t="C.ar" l="C"/>
		<a id="9" s="F" t="F" l="F"/>
		<a id="10" s="C" t="C.ar" l="C"/>
		<a id="11" s="N" t="N.ar" l="N"/>
		<a id="12" s="H" t="H" l="H"/>
		<a id="13" s="H" t="H" l="H"/>
		<a id="14" s="H" t="H" l="H"/>
		<a id="15" s="H" t="H" l="H"/>
		<a id="16" s="H" t="H" l="H"/>
		<a id="17" s="H" t="H" l="H"/>
		<a id="18" s="H" t="H" l="H"/>
		<a id="19" s="H" t="H" l="H"/>
		<a id="20" s="H" t="H" l="H"/>
		<a id="21" s="H" t="H" l="H"/>
		<a id="22" s="H" t="H" l="H"/>
	</atoms>
	<bonds>
		<b id="1" c="1 2" t="1"/>
		<b id="2" c="2 3" t="1"/>
		<b id="3" c="2 4" t="1"/>
		<b id="4" c="4 5" t="ar"/>
		<b id="5" c="5 6" t="ar"/>
		<b id="6" c="6 7" t="1"/>
		<b id="7" c="6 8" t="ar"/>
		<b id="8" c="8 9" t="1"/>
		<b id="9" c="8 10" t="ar"/>
		<b id="10" c="10 11" t="ar"/>
		<b id="11" c="4 11" t="ar"/>
		<b id="12" c="1 12" t="1"/>
		<b id="13" c="1 13" t="1"/>
		<b id="14" c="1 14" t="1"/>
		<b id="15" c="2 15" t="1"/>
		<b id="16" c="3 16" t="1"/>
		<b id="17" c="3 17" t="1"/>
		<b id="18" c="3 18" t="1"/>
		<b id="19" c="5 19" t="1"/>
		<b id="20" c="7 20" t="1"/>
		<b id="21" c="7 21" t="1"/>
		<b id="22" c="10 22" t="1"/>
	</bonds>
	<geometry>
		<g u="A" t="cart/3d">#22,3:3.3705,-0.0695,-1.2270;2.4890,0.0617,0.0189;1.0219,-0.1604,-0.3381;2.9530,-0.9449,1.0418;3.8214,-0.5734,2.0578;4.2793,-1.5252,2.9710;5.0888,-1.2128,4.0221;3.8033,-2.8283,2.7764;4.2166,-3.8100,3.6232;2.9438,-3.1137,1.7399;2.5275,-2.1942,0.8873;3.0671,0.6519,-1.9821;3.2748,-1.0709,-1.6384;4.4153,0.1055,-0.9781;2.6141,1.0675,0.4344;0.8873,-1.1727,-0.7064;0.7085,0.5453,-1.1039;0.3932,-0.0270,0.5389;4.1501,0.4513,2.1527;5.5767,-0.3348,4.0068;5.5213,-1.9710,4.5220;2.5794,-4.1201,1.5883;</g>
	</geometry>
	<conformers/>
	<properties/>
</molecule>
