<?xml version="1.0" ?>
<!--MOLLI PACKAGE EXPERIMENTAL XML FORMAT-->
<molecule name="nuc1888">
	<atoms>
		<a id="1" s="C" t="C.1" l="C"/>
		<a id="2" s="C" t="C.1" l="C"/>
		<a id="3" s="C" t="C.ar" l="C"/>
		<a id="4" s="C" t="C.ar" l="C"/>
		<a id="5" s="C" t="C.ar" l="C"/>
		<a id="6" s="F" t="F" l="F"/>
		<a id="7" s="C" t="C.ar" l="C"/>
		<a id="8" s="N" t="N.pl3" l="N"/>
		<a id="9" s="C" t="C.ar" l="C"/>
		<a id="10" s="C" t="C.ar" l="C"/>
		<a id="11" s="N" t="N.pl3" l="N"/>
		<a id="12" s="C" t="C.3" l="C"/>
		<a id="13" s="C" t="C.3" l="C"/>
		<a id="14" s="O" t="O.3" l="O"/>
		<a id="15" s="C" t="C.3" l="C"/>
		<a id="16" s="C" t="C.3" l="C"/>
		<a id="17" s="H" t="H" l="H"/>
		<a id="18" s="H" t="H" l="H"/>
		<a id="19" s="H" t="H" l="H"/>
		<a id="20" s="H" t="H" l="H"/>
		<a id="21" s="H" t="H" l="H"/>
		<a id="22" s="H" t="H" l="H"/>
		<a id="23" s="H" t="H" l="H"/>
		<a id="24" s="H" t="H" l="H"/>
		<a id="25" s="H" t="H" l="H"/>
		<a id="26" s="H" t="H" l="H"/>
		<a id="27" s="H" t="H" l="H"/>
		<a id="28" s="H" t="H" l="H"/>
		<a id="29" s="H" t="H" l="H"/>
	</atoms>
	<bonds>
		<b id="1" c="1 2" t="3"/>
		<b id="2" c="2 3" t="1"/>
		<b id="3" c="3 4" t="ar"/>
		<b id="4" c="4 5" t="ar"/>
		<b id="5" c="5 6" t="1"/>
		<b id="6" c="5 7" t="ar"/>
		<b id="7" c="7 8" t="1"/>
		<b id="8" c="7 9" t="ar"/>
		<b id="9" c="9 10" t="ar"/>
		<b id="10" c="3 10" t="ar"/>
		<b id="11" c="10 11" t="1"/>
		<b id="12" c="11 12" t="1"/>
		<b id="13" c="12 13" t="1"/>
		<b id="14" c="13 14" t="1"/>
		<b id="15" c="14 15" t="1"/>
		<b id="16" c="15 16" t="1"/>
		<b id="17" c="11 16" t="1"/>
		<b id="18" c="1 17" t="1"/>
		<b id="19" c="4 18" t="1"/>
		<b id="20" c="8 19" t="1"/>
		<b id="21" c="8 20" t="1"/>
		<b id="22" c="9 21" t="1"/>
		<b id="23" c="12 22" t="1"/>
		<b id="24" c="12 23" t="1"/>
		<b id="25" c="13 24" t="1"/>
		<b id="26" c="13 25" t="1"/>
		<b id="27" c="15 26" t="1"/>
		<b id="28" c="15 27" t="1"/>
		<b id="29" c="16 28" t="1"/>
		<b id="30" c="16 29" t="1"/>
	</bonds>
	<geometry>
		<g u="A" t="cart/3d">#29,3:1.1721,0.3351,-0.0359;2.3662,0.2011,-0.0411;3.7774,0.1256,-0.0870;4.4917,1.3224,-0.1186;5.8586,1.3069,-0.2425;6.5434,2.4846,-0.2931;6.5793,0.1137,-0.3434;7.9522,0.1235,-0.3989;5.8561,-1.0759,-0.2976;4.4706,-1.1020,-0.1627;3.7558,-2.2955,-0.1745;4.3750,-3.5014,-0.6791;3.2585,-4.4586,-1.1138;2.3828,-4.7573,-0.0540;1.8009,-3.5785,0.4554;2.8735,-2.6014,0.9361;0.1274,0.4251,-0.0196;3.9692,2.2646,-0.0652;8.3825,0.9979,-0.6526;8.4061,-0.7040,-0.7456;6.4113,-1.9998,-0.3494;4.9952,-3.9979,0.0857;4.9903,-3.2612,-1.5472;3.6760,-5.4115,-1.4441;2.6984,-3.9969,-1.9416;1.1576,-3.8867,1.2808;1.1950,-3.0911,-0.3231;3.4434,-3.0744,1.7540;2.4088,-1.6896,1.3057;</g>
	</geometry>
	<conformers/>
	<properties/>
</molecule>
