<?xml version="1.0" ?>
<!--MOLLI PACKAGE EXPERIMENTAL XML FORMAT-->
<molecule name="nuc1891">
	<atoms>
		<a id="1" s="N" t="N.1" l="N"/>
		<a id="2" s="C" t="C.1" l="C"/>
		<a id="3" s="C" t="C.ar" l="C"/>
		<a id="4" s="C" t="C.ar" l="C"/>
		<a id="5" s="C" t="C.ar" l="C"/>
		<a id="6" s="F" t="F" l="F"/>
		<a id="7" s="C" t="C.ar" l="C"/>
		<a id="8" s="N" t="N.pl3" l="N"/>
		<a id="9" s="C" t="C.ar" l="C"/>
		<a id="10" s="C" t="C.ar" l="C"/>
		<a id="11" s="C" t="C.3" l="C"/>
		<a id="12" s="F" t="F" l="F"/>
		<a id="13" s="F" t="F" l="F"/>
		<a id="14" s="F" t="F" l="F"/>
		<a id="15" s="H" t="H" l="H"/>
		<a id="16" s="H" t="H" l="H"/>
		<a id="17" s="H" t="H" l="H"/>
		<a id="18" s="H" t="H" l="H"/>
	</atoms>
	<bonds>
		<b id="1" c="1 2" t="3"/>
		<b id="2" c="2 3" t="1"/>
		<b id="3" c="3 4" t="ar"/>
		<b id="4" c="4 5" t="ar"/>
		<b id="5" c="5 6" t="1"/>
		<b id="6" c="5 7" t="ar"/>
		<b id="7" c="7 8" t="1"/>
		<b id="8" c="7 9" t="ar"/>
		<b id="9" c="9 10" t="ar"/>
		<b id="10" c="3 10" t="ar"/>
		<b id="11" c="10 11" t="1"/>
		<b id="12" c="11 12" t="1"/>
		<b id="13" c="11 13" t="1"/>
		<b id="14" c="11 14" t="1"/>
		<b id="15" c="4 15" t="1"/>
		<b id="16" c="8 16" t="1"/>
		<b id="17" c="8 17" t="1"/>
		<b id="18" c="9 18" t="1"/>
	</bonds>
	<geometry>
		<g u="A" t="cart/3d">#18,3:1.2340,0.3813,0.2865;2.3637,0.2276,0.1735;3.7674,0.1418,0.0315;4.4869,1.3435,-0.0021;5.8491,1.3178,-0.1454;6.5369,2.4811,-0.1816;6.5816,0.1226,-0.2656;7.9290,0.1403,-0.3791;5.8487,-1.0671,-0.2290;4.4722,-1.0604,-0.0825;3.8075,-2.4102,-0.0546;2.4832,-2.3898,0.0767;4.0711,-3.1051,-1.1794;4.2823,-3.1637,0.9574;3.9716,2.2872,0.0833;8.4028,1.0187,-0.4922;8.4297,-0.7091,-0.5659;6.3686,-2.0091,-0.3164;</g>
	</geometry>
	<conformers/>
	<properties/>
</molecule>
