<?xml version="1.0" ?>
<!--MOLLI PACKAGE EXPERIMENTAL XML FORMAT-->
<molecule name="nuc1893">
	<atoms>
		<a id="1" s="N" t="N.pl3" l="N"/>
		<a id="2" s="C" t="C.ar" l="C"/>
		<a id="3" s="C" t="C.ar" l="C"/>
		<a id="4" s="C" t="C.ar" l="C"/>
		<a id="5" s="C" t="C.ar" l="C"/>
		<a id="6" s="C" t="C.ar" l="C"/>
		<a id="7" s="C" t="C.ar" l="C"/>
		<a id="8" s="C" t="C.2" l="C"/>
		<a id="9" s="O" t="O.2" l="O"/>
		<a id="10" s="N" t="N.am" l="N"/>
		<a id="11" s="C" t="C.3" l="C"/>
		<a id="12" s="C" t="C.3" l="C"/>
		<a id="13" s="C" t="C.3" l="C"/>
		<a id="14" s="C" t="C.3" l="C"/>
		<a id="15" s="H" t="H" l="H"/>
		<a id="16" s="H" t="H" l="H"/>
		<a id="17" s="H" t="H" l="H"/>
		<a id="18" s="H" t="H" l="H"/>
		<a id="19" s="H" t="H" l="H"/>
		<a id="20" s="H" t="H" l="H"/>
		<a id="21" s="H" t="H" l="H"/>
		<a id="22" s="H" t="H" l="H"/>
		<a id="23" s="H" t="H" l="H"/>
		<a id="24" s="H" t="H" l="H"/>
		<a id="25" s="H" t="H" l="H"/>
		<a id="26" s="H" t="H" l="H"/>
	</atoms>
	<bonds>
		<b id="1" c="1 2" t="1"/>
		<b id="2" c="2 3" t="ar"/>
		<b id="3" c="3 4" t="ar"/>
		<b id="4" c="4 5" t="ar"/>
		<b id="5" c="5 6" t="ar"/>
		<b id="6" c="6 7" t="ar"/>
		<b id="7" c="2 7" t="ar"/>
		<b id="8" c="6 8" t="1"/>
		<b id="9" c="8 9" t="2"/>
		<b id="10" c="8 10" t="am"/>
		<b id="11" c="10 11" t="1"/>
		<b id="12" c="11 12" t="1"/>
		<b id="13" c="12 13" t="1"/>
		<b id="14" c="11 13" t="1"/>
		<b id="15" c="10 14" t="1"/>
		<b id="16" c="5 14" t="1"/>
		<b id="17" c="1 15" t="1"/>
		<b id="18" c="1 16" t="1"/>
		<b id="19" c="3 17" t="1"/>
		<b id="20" c="4 18" t="1"/>
		<b id="21" c="7 19" t="1"/>
		<b id="22" c="11 20" t="1"/>
		<b id="23" c="12 21" t="1"/>
		<b id="24" c="12 22" t="1"/>
		<b id="25" c="13 23" t="1"/>
		<b id="26" c="13 24" t="1"/>
		<b id="27" c="14 25" t="1"/>
		<b id="28" c="14 26" t="1"/>
	</bonds>
	<geometry>
		<g u="A" t="cart/3d">#26,3:1.2668,-0.1508,0.4588;2.6216,-0.0486,0.2288;3.3900,-1.2000,0.0205;4.7639,-1.1379,-0.1383;5.3797,0.0963,-0.0909;4.6211,1.2475,0.1121;3.2521,1.1975,0.2725;5.5193,2.4249,0.1091;5.2254,3.5942,0.2434;6.7767,1.9249,-0.0801;7.9797,2.6781,-0.1614;8.9329,2.6572,1.0056;8.1599,3.8987,0.6855;6.8179,0.4843,-0.2277;0.8140,-0.9932,0.1451;0.7276,0.6906,0.3401;2.8907,-2.1580,-0.0134;5.3342,-2.0410,-0.2984;2.6865,2.1033,0.4289;8.4148,2.6830,-1.1595;9.9923,2.6319,0.8016;8.6406,2.0962,1.8805;8.6791,4.7375,0.2488;7.3449,4.1781,1.3321;7.4482,0.0316,0.5480;7.2345,0.2058,-1.2045;</g>
	</geometry>
	<conformers/>
	<properties/>
</molecule>
