<?xml version="1.0" ?>
<!--MOLLI PACKAGE EXPERIMENTAL XML FORMAT-->
<molecule name="nuc1895">
	<atoms>
		<a id="1" s="C" t="C.3" l="C"/>
		<a id="2" s="C" t="C.3" l="C"/>
		<a id="3" s="C" t="C.3" l="C"/>
		<a id="4" s="C" t="C.3" l="C"/>
		<a id="5" s="O" t="O.3" l="O"/>
		<a id="6" s="C" t="C.2" l="C"/>
		<a id="7" s="O" t="O.2" l="O"/>
		<a id="8" s="N" t="N.am" l="N"/>
		<a id="9" s="C" t="C.3" l="C"/>
		<a id="10" s="C" t="C.3" l="C"/>
		<a id="11" s="C" t="C.3" l="C"/>
		<a id="12" s="C" t="C.2" l="C"/>
		<a id="13" s="N" t="N.am" l="N"/>
		<a id="14" s="O" t="O.2" l="O"/>
		<a id="15" s="C" t="C.3" l="C"/>
		<a id="16" s="C" t="C.3" l="C"/>
		<a id="17" s="H" t="H" l="H"/>
		<a id="18" s="H" t="H" l="H"/>
		<a id="19" s="H" t="H" l="H"/>
		<a id="20" s="H" t="H" l="H"/>
		<a id="21" s="H" t="H" l="H"/>
		<a id="22" s="H" t="H" l="H"/>
		<a id="23" s="H" t="H" l="H"/>
		<a id="24" s="H" t="H" l="H"/>
		<a id="25" s="H" t="H" l="H"/>
		<a id="26" s="H" t="H" l="H"/>
		<a id="27" s="H" t="H" l="H"/>
		<a id="28" s="H" t="H" l="H"/>
		<a id="29" s="H" t="H" l="H"/>
		<a id="30" s="H" t="H" l="H"/>
		<a id="31" s="H" t="H" l="H"/>
		<a id="32" s="H" t="H" l="H"/>
		<a id="33" s="H" t="H" l="H"/>
		<a id="34" s="H" t="H" l="H"/>
		<a id="35" s="H" t="H" l="H"/>
		<a id="36" s="H" t="H" l="H"/>
	</atoms>
	<bonds>
		<b id="1" c="1 2" t="1"/>
		<b id="2" c="2 3" t="1"/>
		<b id="3" c="2 4" t="1"/>
		<b id="4" c="2 5" t="1"/>
		<b id="5" c="5 6" t="1"/>
		<b id="6" c="6 7" t="2"/>
		<b id="7" c="6 8" t="am"/>
		<b id="8" c="8 9" t="1"/>
		<b id="9" c="9 10" t="1"/>
		<b id="10" c="10 11" t="1"/>
		<b id="11" c="11 12" t="1"/>
		<b id="12" c="12 13" t="am"/>
		<b id="13" c="12 14" t="2"/>
		<b id="14" c="11 15" t="1"/>
		<b id="15" c="15 16" t="1"/>
		<b id="16" c="8 16" t="1"/>
		<b id="17" c="1 17" t="1"/>
		<b id="18" c="1 18" t="1"/>
		<b id="19" c="1 19" t="1"/>
		<b id="20" c="3 20" t="1"/>
		<b id="21" c="3 21" t="1"/>
		<b id="22" c="3 22" t="1"/>
		<b id="23" c="4 23" t="1"/>
		<b id="24" c="4 24" t="1"/>
		<b id="25" c="4 25" t="1"/>
		<b id="26" c="9 26" t="1"/>
		<b id="27" c="9 27" t="1"/>
		<b id="28" c="10 28" t="1"/>
		<b id="29" c="10 29" t="1"/>
		<b id="30" c="11 30" t="1"/>
		<b id="31" c="13 31" t="1"/>
		<b id="32" c="13 32" t="1"/>
		<b id="33" c="15 33" t="1"/>
		<b id="34" c="15 34" t="1"/>
		<b id="35" c="16 35" t="1"/>
		<b id="36" c="16 36" t="1"/>
	</bonds>
	<geometry>
		<g u="A" t="cart/3d">#36,3:3.9780,1.5570,-0.2661;2.9119,0.4742,-0.4340;2.4451,-0.0505,0.9237;1.7245,1.0147,-1.2336;3.4132,-0.6107,-1.2466;4.4650,-1.3419,-0.8292;5.1080,-1.1407,0.1791;4.7171,-2.3720,-1.6702;5.8821,-3.1988,-1.4621;6.9200,-2.9219,-2.5502;6.3138,-3.1597,-3.9421;6.0597,-4.6488,-4.1721;7.1957,-5.3762,-4.3002;4.9668,-5.1629,-4.2415;5.0300,-2.3363,-4.0941;4.0604,-2.5932,-2.9379;3.5612,2.4000,0.2779;4.3202,1.8993,-1.2407;4.8255,1.1615,0.2865;1.9902,0.7556,1.4926;3.2901,-0.4453,1.4807;1.7134,-0.8438,0.7851;1.2634,1.8410,-0.7010;0.9868,0.2301,-1.3805;2.0579,1.3617,-2.2082;5.5763,-4.2502,-1.4942;6.2857,-2.9673,-0.4750;7.7937,-3.5557,-2.3900;7.2362,-1.8791,-2.4761;7.0346,-2.8366,-4.7033;8.1093,-4.9606,-4.2933;7.1180,-6.3668,-4.4608;4.5370,-2.5955,-5.0315;5.2920,-1.2762,-4.1180;3.7247,-3.6334,-2.9793;3.1979,-1.9334,-3.0128;</g>
	</geometry>
	<conformers/>
	<properties/>
</molecule>
