<?xml version="1.0" ?>
<!--MOLLI PACKAGE EXPERIMENTAL XML FORMAT-->
<molecule name="nuc1896">
	<atoms>
		<a id="1" s="C" t="C.3" l="C"/>
		<a id="2" s="C" t="C.3" l="C"/>
		<a id="3" s="C" t="C.3" l="C"/>
		<a id="4" s="C" t="C.3" l="C"/>
		<a id="5" s="O" t="O.3" l="O"/>
		<a id="6" s="C" t="C.2" l="C"/>
		<a id="7" s="O" t="O.2" l="O"/>
		<a id="8" s="N" t="N.am" l="N"/>
		<a id="9" s="C" t="C.3" l="C"/>
		<a id="10" s="C" t="C.3" l="C"/>
		<a id="11" s="C" t="C.3" l="C"/>
		<a id="12" s="C" t="C.3" l="C"/>
		<a id="13" s="C" t="C.3" l="C"/>
		<a id="14" s="O" t="O.3" l="O"/>
		<a id="15" s="C" t="C.ar" l="C"/>
		<a id="16" s="C" t="C.ar" l="C"/>
		<a id="17" s="C" t="C.ar" l="C"/>
		<a id="18" s="C" t="C.ar" l="C"/>
		<a id="19" s="C" t="C.ar" l="C"/>
		<a id="20" s="N" t="N.pl3" l="N"/>
		<a id="21" s="N" t="N.ar" l="N"/>
		<a id="22" s="H" t="H" l="H"/>
		<a id="23" s="H" t="H" l="H"/>
		<a id="24" s="H" t="H" l="H"/>
		<a id="25" s="H" t="H" l="H"/>
		<a id="26" s="H" t="H" l="H"/>
		<a id="27" s="H" t="H" l="H"/>
		<a id="28" s="H" t="H" l="H"/>
		<a id="29" s="H" t="H" l="H"/>
		<a id="30" s="H" t="H" l="H"/>
		<a id="31" s="H" t="H" l="H"/>
		<a id="32" s="H" t="H" l="H"/>
		<a id="33" s="H" t="H" l="H"/>
		<a id="34" s="H" t="H" l="H"/>
		<a id="35" s="H" t="H" l="H"/>
		<a id="36" s="H" t="H" l="H"/>
		<a id="37" s="H" t="H" l="H"/>
		<a id="38" s="H" t="H" l="H"/>
		<a id="39" s="H" t="H" l="H"/>
		<a id="40" s="H" t="H" l="H"/>
		<a id="41" s="H" t="H" l="H"/>
		<a id="42" s="H" t="H" l="H"/>
		<a id="43" s="H" t="H" l="H"/>
		<a id="44" s="H" t="H" l="H"/>
	</atoms>
	<bonds>
		<b id="1" c="1 2" t="1"/>
		<b id="2" c="2 3" t="1"/>
		<b id="3" c="2 4" t="1"/>
		<b id="4" c="2 5" t="1"/>
		<b id="5" c="5 6" t="1"/>
		<b id="6" c="6 7" t="2"/>
		<b id="7" c="6 8" t="am"/>
		<b id="8" c="8 9" t="1"/>
		<b id="9" c="9 10" t="1"/>
		<b id="10" c="10 11" t="1"/>
		<b id="11" c="11 12" t="1"/>
		<b id="12" c="8 12" t="1"/>
		<b id="13" c="12 13" t="1"/>
		<b id="14" c="13 14" t="1"/>
		<b id="15" c="14 15" t="1"/>
		<b id="16" c="15 16" t="ar"/>
		<b id="17" c="16 17" t="ar"/>
		<b id="18" c="17 18" t="ar"/>
		<b id="19" c="18 19" t="ar"/>
		<b id="20" c="19 20" t="1"/>
		<b id="21" c="19 21" t="ar"/>
		<b id="22" c="15 21" t="ar"/>
		<b id="23" c="1 22" t="1"/>
		<b id="24" c="1 23" t="1"/>
		<b id="25" c="1 24" t="1"/>
		<b id="26" c="3 25" t="1"/>
		<b id="27" c="3 26" t="1"/>
		<b id="28" c="3 27" t="1"/>
		<b id="29" c="4 28" t="1"/>
		<b id="30" c="4 29" t="1"/>
		<b id="31" c="4 30" t="1"/>
		<b id="32" c="9 31" t="1"/>
		<b id="33" c="9 32" t="1"/>
		<b id="34" c="10 33" t="1"/>
		<b id="35" c="10 34" t="1"/>
		<b id="36" c="11 35" t="1"/>
		<b id="37" c="11 36" t="1"/>
		<b id="38" c="12 37" t="1"/>
		<b id="39" c="13 38" t="1"/>
		<b id="40" c="13 39" t="1"/>
		<b id="41" c="16 40" t="1"/>
		<b id="42" c="17 41" t="1"/>
		<b id="43" c="18 42" t="1"/>
		<b id="44" c="20 43" t="1"/>
		<b id="45" c="20 44" t="1"/>
	</bonds>
	<geometry>
		<g u="A" t="cart/3d">#44,3:3.9425,0.1491,-1.3273;2.8838,-0.2735,-0.3091;2.4074,0.9231,0.5144;1.7013,-0.9406,-1.0143;3.4026,-1.3079,0.5589;4.4633,-1.0560,1.3515;5.0797,-0.0153,1.4093;4.7793,-2.1424,2.0889;3.9883,-3.3518,2.1890;4.2063,-3.7912,3.6343;5.6590,-3.3912,3.8857;5.8317,-2.0903,3.0929;7.2126,-1.9750,2.4448;8.1738,-1.9638,3.4859;9.4649,-1.9329,3.1054;10.4386,-1.8768,4.1045;11.7628,-1.8587,3.7084;12.0787,-1.8938,2.3626;11.0304,-1.9455,1.4413;11.2561,-1.9151,0.0933;9.7499,-1.9742,1.8144;3.5161,0.8663,-2.0231;4.2932,-0.7183,-1.8825;4.7864,0.6060,-0.8185;1.9529,1.6614,-0.1403;3.2481,1.3771,1.0312;1.6724,0.6023,1.2499;1.2360,-0.2398,-1.7008;0.9644,-1.2640,-0.2837;2.0414,-1.8106,-1.5695;4.3647,-4.1065,1.4879;2.9460,-3.1425,1.9488;4.0319,-4.8554,3.7772;3.5420,-3.2337,4.2955;6.3311,-4.1517,3.4872;5.8855,-3.2523,4.9395;5.6851,-1.2082,3.7279;7.2785,-1.0508,1.8618;7.3984,-2.8225,1.7745;10.1418,-1.8484,5.1386;12.5490,-1.8172,4.4483;13.1018,-1.8772,2.0218;12.1614,-2.1929,-0.2431;10.4642,-2.1318,-0.4879;</g>
	</geometry>
	<conformers/>
	<properties/>
</molecule>
