<?xml version="1.0" ?>
<!--MOLLI PACKAGE EXPERIMENTAL XML FORMAT-->
<molecule name="nuc1897">
	<atoms>
		<a id="1" s="C" t="C.3" l="C"/>
		<a id="2" s="C" t="C.ar" l="C"/>
		<a id="3" s="C" t="C.ar" l="C"/>
		<a id="4" s="C" t="C.ar" l="C"/>
		<a id="5" s="C" t="C.ar" l="C"/>
		<a id="6" s="C" t="C.ar" l="C"/>
		<a id="7" s="C" t="C.ar" l="C"/>
		<a id="8" s="F" t="F" l="F"/>
		<a id="9" s="C" t="C.ar" l="C"/>
		<a id="10" s="C" t="C.ar" l="C"/>
		<a id="11" s="C" t="C.ar" l="C"/>
		<a id="12" s="C" t="C.ar" l="C"/>
		<a id="13" s="N" t="N.ar" l="N"/>
		<a id="14" s="C" t="C.ar" l="C"/>
		<a id="15" s="N" t="N.pl3" l="N"/>
		<a id="16" s="H" t="H" l="H"/>
		<a id="17" s="H" t="H" l="H"/>
		<a id="18" s="H" t="H" l="H"/>
		<a id="19" s="H" t="H" l="H"/>
		<a id="20" s="H" t="H" l="H"/>
		<a id="21" s="H" t="H" l="H"/>
		<a id="22" s="H" t="H" l="H"/>
		<a id="23" s="H" t="H" l="H"/>
		<a id="24" s="H" t="H" l="H"/>
		<a id="25" s="H" t="H" l="H"/>
		<a id="26" s="H" t="H" l="H"/>
	</atoms>
	<bonds>
		<b id="1" c="1 2" t="1"/>
		<b id="2" c="2 3" t="ar"/>
		<b id="3" c="3 4" t="1"/>
		<b id="4" c="4 5" t="ar"/>
		<b id="5" c="5 6" t="ar"/>
		<b id="6" c="6 7" t="ar"/>
		<b id="7" c="7 8" t="1"/>
		<b id="8" c="7 9" t="ar"/>
		<b id="9" c="9 10" t="ar"/>
		<b id="10" c="4 10" t="ar"/>
		<b id="11" c="3 11" t="ar"/>
		<b id="12" c="11 12" t="ar"/>
		<b id="13" c="12 13" t="ar"/>
		<b id="14" c="13 14" t="ar"/>
		<b id="15" c="2 14" t="ar"/>
		<b id="16" c="14 15" t="1"/>
		<b id="17" c="1 16" t="1"/>
		<b id="18" c="1 17" t="1"/>
		<b id="19" c="1 18" t="1"/>
		<b id="20" c="5 19" t="1"/>
		<b id="21" c="6 20" t="1"/>
		<b id="22" c="9 21" t="1"/>
		<b id="23" c="10 22" t="1"/>
		<b id="24" c="11 23" t="1"/>
		<b id="25" c="12 24" t="1"/>
		<b id="26" c="15 25" t="1"/>
		<b id="27" c="15 26" t="1"/>
	</bonds>
	<geometry>
		<g u="A" t="cart/3d">#26,3:1.0377,-0.1565,-0.4078;2.4843,-0.0711,-0.0193;3.1380,1.1325,0.2112;2.4449,2.4352,0.1660;1.3638,2.6971,1.0036;0.7361,3.9286,0.9825;1.2008,4.8970,0.1114;0.5883,6.1004,0.0812;2.2774,4.6698,-0.7261;2.8990,3.4354,-0.6885;4.5053,1.1169,0.5094;5.1533,-0.0973,0.5785;4.5481,-1.2559,0.3752;3.2506,-1.2523,0.0894;2.6702,-2.4867,-0.0319;0.6160,0.8332,-0.5573;0.4632,-0.6696,0.3633;0.9275,-0.7144,-1.3390;1.0245,1.9343,1.6883;-0.0999,4.1443,1.6297;2.6160,5.4504,-1.3891;3.7396,3.2377,-1.3372;5.0301,2.0408,0.6946;6.2097,-0.1607,0.8030;3.3233,-3.2494,-0.1037;1.8300,-2.5678,-0.5771;</g>
	</geometry>
	<conformers/>
	<properties/>
</molecule>
