<?xml version="1.0" ?>
<!--MOLLI PACKAGE EXPERIMENTAL XML FORMAT-->
<molecule name="nuc1898">
	<atoms>
		<a id="1" s="C" t="C.3" l="C"/>
		<a id="2" s="C" t="C.3" l="C"/>
		<a id="3" s="C" t="C.3" l="C"/>
		<a id="4" s="O" t="O.3" l="O"/>
		<a id="5" s="C" t="C.ar" l="C"/>
		<a id="6" s="C" t="C.ar" l="C"/>
		<a id="7" s="C" t="C.ar" l="C"/>
		<a id="8" s="C" t="C.ar" l="C"/>
		<a id="9" s="N" t="N.pl3" l="N"/>
		<a id="10" s="C" t="C.ar" l="C"/>
		<a id="11" s="N" t="N.pl3" l="N"/>
		<a id="12" s="O" t="O.2" l="O"/>
		<a id="13" s="O" t="O.co2" l="O"/>
		<a id="14" s="C" t="C.ar" l="C"/>
		<a id="15" s="C" t="C.3" l="C"/>
		<a id="16" s="N" t="N.am" l="N"/>
		<a id="17" s="C" t="C.2" l="C"/>
		<a id="18" s="O" t="O.2" l="O"/>
		<a id="19" s="O" t="O.3" l="O"/>
		<a id="20" s="C" t="C.3" l="C"/>
		<a id="21" s="C" t="C.3" l="C"/>
		<a id="22" s="C" t="C.3" l="C"/>
		<a id="23" s="C" t="C.3" l="C"/>
		<a id="24" s="C" t="C.3" l="C"/>
		<a id="25" s="H" t="H" l="H"/>
		<a id="26" s="H" t="H" l="H"/>
		<a id="27" s="H" t="H" l="H"/>
		<a id="28" s="H" t="H" l="H"/>
		<a id="29" s="H" t="H" l="H"/>
		<a id="30" s="H" t="H" l="H"/>
		<a id="31" s="H" t="H" l="H"/>
		<a id="32" s="H" t="H" l="H"/>
		<a id="33" s="H" t="H" l="H"/>
		<a id="34" s="H" t="H" l="H"/>
		<a id="35" s="H" t="H" l="H"/>
		<a id="36" s="H" t="H" l="H"/>
		<a id="37" s="H" t="H" l="H"/>
		<a id="38" s="H" t="H" l="H"/>
		<a id="39" s="H" t="H" l="H"/>
		<a id="40" s="H" t="H" l="H"/>
		<a id="41" s="H" t="H" l="H"/>
		<a id="42" s="H" t="H" l="H"/>
		<a id="43" s="H" t="H" l="H"/>
		<a id="44" s="H" t="H" l="H"/>
		<a id="45" s="H" t="H" l="H"/>
		<a id="46" s="H" t="H" l="H"/>
		<a id="47" s="H" t="H" l="H"/>
	</atoms>
	<bonds>
		<b id="1" c="1 2" t="1"/>
		<b id="2" c="2 3" t="1"/>
		<b id="3" c="3 4" t="1"/>
		<b id="4" c="4 5" t="1"/>
		<b id="5" c="5 6" t="ar"/>
		<b id="6" c="6 7" t="ar"/>
		<b id="7" c="7 8" t="ar"/>
		<b id="8" c="8 9" t="1"/>
		<b id="9" c="8 10" t="ar"/>
		<b id="10" c="10 11" t="1"/>
		<b id="11" c="11 12" t="2"/>
		<b id="12" c="11 13" t="1"/>
		<b id="13" c="10 14" t="ar"/>
		<b id="14" c="5 14" t="ar"/>
		<b id="15" c="2 15" t="1"/>
		<b id="16" c="15 16" t="1"/>
		<b id="17" c="16 17" t="am"/>
		<b id="18" c="17 18" t="2"/>
		<b id="19" c="17 19" t="1"/>
		<b id="20" c="19 20" t="1"/>
		<b id="21" c="20 21" t="1"/>
		<b id="22" c="20 22" t="1"/>
		<b id="23" c="20 23" t="1"/>
		<b id="24" c="16 24" t="1"/>
		<b id="25" c="2 24" t="1"/>
		<b id="26" c="1 25" t="1"/>
		<b id="27" c="1 26" t="1"/>
		<b id="28" c="1 27" t="1"/>
		<b id="29" c="3 28" t="1"/>
		<b id="30" c="3 29" t="1"/>
		<b id="31" c="6 30" t="1"/>
		<b id="32" c="7 31" t="1"/>
		<b id="33" c="9 32" t="1"/>
		<b id="34" c="9 33" t="1"/>
		<b id="35" c="14 34" t="1"/>
		<b id="36" c="15 35" t="1"/>
		<b id="37" c="15 36" t="1"/>
		<b id="38" c="21 37" t="1"/>
		<b id="39" c="21 38" t="1"/>
		<b id="40" c="21 39" t="1"/>
		<b id="41" c="22 40" t="1"/>
		<b id="42" c="22 41" t="1"/>
		<b id="43" c="22 42" t="1"/>
		<b id="44" c="23 43" t="1"/>
		<b id="45" c="23 44" t="1"/>
		<b id="46" c="23 45" t="1"/>
		<b id="47" c="24 46" t="1"/>
		<b id="48" c="24 47" t="1"/>
	</bonds>
	<geometry>
		<g u="A" t="cart/3d">#47,3:1.2429,-0.4786,0.2454;2.6809,-0.1529,-0.1191;2.8200,0.1173,-1.6165;2.4690,-1.0646,-2.3031;2.5817,-1.0957,-3.6589;2.9712,-0.0150,-4.4609;3.0580,-0.1561,-5.8244;2.7660,-1.3655,-6.4788;2.8726,-1.4534,-7.8187;2.3650,-2.4474,-5.6598;2.0339,-3.7196,-6.1902;2.1040,-3.8945,-7.4038;1.6903,-4.5957,-5.4205;2.2814,-2.2959,-4.2735;3.7336,-1.1474,0.4193;4.3059,-0.0702,1.2040;5.5349,0.1089,1.7303;5.9309,1.1785,2.1332;6.1973,-1.0627,1.7475;7.5179,-1.1449,2.3321;7.4712,-0.7556,3.8092;7.9008,-2.6176,2.1783;8.4941,-0.2544,1.5629;3.3531,0.9264,0.7578;0.9052,-1.3354,-0.3318;0.5970,0.3688,0.0252;1.1639,-0.7111,1.3038;3.8569,0.3992,-1.8473;2.1553,0.9448,-1.9045;3.2068,0.9412,-4.0221;3.3609,0.6869,-6.4275;3.1603,-0.6535,-8.3516;2.6561,-2.3335,-8.2653;1.9758,-3.1397,-3.6760;4.4135,-1.5644,-0.3260;3.3356,-1.9580,1.0319;6.7479,-1.3749,4.3356;7.1820,0.2867,3.9115;8.4508,-0.8976,4.2570;7.1868,-3.2447,2.7056;8.8930,-2.7876,2.5856;7.8943,-2.8971,1.1280;8.2034,0.7879,1.6607;8.4948,-0.5239,0.5086;9.4973,-0.3814,1.9599;3.8111,1.7648,0.2269;2.7338,1.3146,1.5694;</g>
	</geometry>
	<conformers/>
	<properties/>
</molecule>
