<?xml version="1.0" ?>
<!--MOLLI PACKAGE EXPERIMENTAL XML FORMAT-->
<molecule name="nuc1901">
	<atoms>
		<a id="1" s="C" t="C.3" l="C"/>
		<a id="2" s="C" t="C.3" l="C"/>
		<a id="3" s="N" t="N.3" l="N"/>
		<a id="4" s="S" t="S.O2" l="S"/>
		<a id="5" s="O" t="O.2" l="O"/>
		<a id="6" s="O" t="O.2" l="O"/>
		<a id="7" s="C" t="C.ar" l="C"/>
		<a id="8" s="C" t="C.ar" l="C"/>
		<a id="9" s="C" t="C.ar" l="C"/>
		<a id="10" s="C" t="C.3" l="C"/>
		<a id="11" s="C" t="C.3" l="C"/>
		<a id="12" s="C" t="C.ar" l="C"/>
		<a id="13" s="N" t="N.pl3" l="N"/>
		<a id="14" s="C" t="C.ar" l="C"/>
		<a id="15" s="C" t="C.3" l="C"/>
		<a id="16" s="C" t="C.3" l="C"/>
		<a id="17" s="C" t="C.ar" l="C"/>
		<a id="18" s="H" t="H" l="H"/>
		<a id="19" s="H" t="H" l="H"/>
		<a id="20" s="H" t="H" l="H"/>
		<a id="21" s="H" t="H" l="H"/>
		<a id="22" s="H" t="H" l="H"/>
		<a id="23" s="H" t="H" l="H"/>
		<a id="24" s="H" t="H" l="H"/>
		<a id="25" s="H" t="H" l="H"/>
		<a id="26" s="H" t="H" l="H"/>
		<a id="27" s="H" t="H" l="H"/>
		<a id="28" s="H" t="H" l="H"/>
		<a id="29" s="H" t="H" l="H"/>
		<a id="30" s="H" t="H" l="H"/>
		<a id="31" s="H" t="H" l="H"/>
		<a id="32" s="H" t="H" l="H"/>
		<a id="33" s="H" t="H" l="H"/>
		<a id="34" s="H" t="H" l="H"/>
		<a id="35" s="H" t="H" l="H"/>
		<a id="36" s="H" t="H" l="H"/>
		<a id="37" s="H" t="H" l="H"/>
	</atoms>
	<bonds>
		<b id="1" c="1 2" t="1"/>
		<b id="2" c="2 3" t="1"/>
		<b id="3" c="3 4" t="1"/>
		<b id="4" c="4 5" t="2"/>
		<b id="5" c="4 6" t="2"/>
		<b id="6" c="4 7" t="1"/>
		<b id="7" c="7 8" t="ar"/>
		<b id="8" c="8 9" t="ar"/>
		<b id="9" c="9 10" t="1"/>
		<b id="10" c="10 11" t="1"/>
		<b id="11" c="9 12" t="ar"/>
		<b id="12" c="12 13" t="1"/>
		<b id="13" c="12 14" t="ar"/>
		<b id="14" c="14 15" t="1"/>
		<b id="15" c="15 16" t="1"/>
		<b id="16" c="14 17" t="ar"/>
		<b id="17" c="7 17" t="ar"/>
		<b id="18" c="1 18" t="1"/>
		<b id="19" c="1 19" t="1"/>
		<b id="20" c="1 20" t="1"/>
		<b id="21" c="2 21" t="1"/>
		<b id="22" c="2 22" t="1"/>
		<b id="23" c="3 23" t="1"/>
		<b id="24" c="8 24" t="1"/>
		<b id="25" c="10 25" t="1"/>
		<b id="26" c="10 26" t="1"/>
		<b id="27" c="11 27" t="1"/>
		<b id="28" c="11 28" t="1"/>
		<b id="29" c="11 29" t="1"/>
		<b id="30" c="13 30" t="1"/>
		<b id="31" c="13 31" t="1"/>
		<b id="32" c="15 32" t="1"/>
		<b id="33" c="15 33" t="1"/>
		<b id="34" c="16 34" t="1"/>
		<b id="35" c="16 35" t="1"/>
		<b id="36" c="16 36" t="1"/>
		<b id="37" c="17 37" t="1"/>
	</bonds>
	<geometry>
		<g u="A" t="cart/3d">#37,3:7.9911,-1.0976,-1.5866;7.1864,-1.3271,-0.3141;5.7891,-1.5287,-0.6167;4.7182,-1.3395,0.6512;4.9765,-0.0556,1.2322;3.4196,-1.6221,0.1141;5.1715,-2.6132,1.8131;5.9531,-2.3052,2.9066;6.3367,-3.2946,3.7959;7.1399,-2.9217,5.0130;6.2534,-2.8615,6.2591;5.9213,-4.6213,3.5696;6.2335,-5.6059,4.4815;5.1266,-4.9269,2.4471;4.6226,-6.3234,2.1990;3.4389,-6.6511,3.1115;4.7601,-3.9098,1.5829;9.0270,-0.8824,-1.3385;7.5763,-0.2594,-2.1384;7.9593,-1.9805,-2.2212;7.2162,-0.4396,0.3208;7.6069,-2.1747,0.2511;5.5871,-2.3597,-1.1504;6.2425,-1.2773,3.0589;7.5907,-1.9417,4.8505;7.9568,-3.6324,5.1745;5.4840,-2.1053,6.1266;6.8450,-2.6053,7.1351;5.7642,-3.8166,6.4328;7.0147,-5.4229,5.0890;6.1738,-6.5560,4.1550;5.4198,-7.0584,2.3491;4.3012,-6.4029,1.1594;3.7191,-6.5552,4.1574;3.0899,-7.6656,2.9326;2.6213,-5.9626,2.9145;4.1317,-4.1102,0.7286;</g>
	</geometry>
	<conformers/>
	<properties/>
</molecule>
