<?xml version="1.0" ?>
<!--MOLLI PACKAGE EXPERIMENTAL XML FORMAT-->
<molecule name="nuc1902">
	<atoms>
		<a id="1" s="C" t="C.3" l="C"/>
		<a id="2" s="C" t="C.3" l="C"/>
		<a id="3" s="C" t="C.ar" l="C"/>
		<a id="4" s="C" t="C.ar" l="C"/>
		<a id="5" s="C" t="C.ar" l="C"/>
		<a id="6" s="C" t="C.2" l="C"/>
		<a id="7" s="O" t="O.2" l="O"/>
		<a id="8" s="N" t="N.am" l="N"/>
		<a id="9" s="C" t="C.3" l="C"/>
		<a id="10" s="C" t="C.ar" l="C"/>
		<a id="11" s="C" t="C.ar" l="C"/>
		<a id="12" s="C" t="C.3" l="C"/>
		<a id="13" s="C" t="C.3" l="C"/>
		<a id="14" s="C" t="C.ar" l="C"/>
		<a id="15" s="N" t="N.pl3" l="N"/>
		<a id="16" s="H" t="H" l="H"/>
		<a id="17" s="H" t="H" l="H"/>
		<a id="18" s="H" t="H" l="H"/>
		<a id="19" s="H" t="H" l="H"/>
		<a id="20" s="H" t="H" l="H"/>
		<a id="21" s="H" t="H" l="H"/>
		<a id="22" s="H" t="H" l="H"/>
		<a id="23" s="H" t="H" l="H"/>
		<a id="24" s="H" t="H" l="H"/>
		<a id="25" s="H" t="H" l="H"/>
		<a id="26" s="H" t="H" l="H"/>
		<a id="27" s="H" t="H" l="H"/>
		<a id="28" s="H" t="H" l="H"/>
		<a id="29" s="H" t="H" l="H"/>
		<a id="30" s="H" t="H" l="H"/>
		<a id="31" s="H" t="H" l="H"/>
		<a id="32" s="H" t="H" l="H"/>
		<a id="33" s="H" t="H" l="H"/>
	</atoms>
	<bonds>
		<b id="1" c="1 2" t="1"/>
		<b id="2" c="2 3" t="1"/>
		<b id="3" c="3 4" t="ar"/>
		<b id="4" c="4 5" t="ar"/>
		<b id="5" c="5 6" t="1"/>
		<b id="6" c="6 7" t="2"/>
		<b id="7" c="6 8" t="am"/>
		<b id="8" c="8 9" t="1"/>
		<b id="9" c="5 10" t="ar"/>
		<b id="10" c="10 11" t="ar"/>
		<b id="11" c="11 12" t="1"/>
		<b id="12" c="12 13" t="1"/>
		<b id="13" c="11 14" t="ar"/>
		<b id="14" c="3 14" t="ar"/>
		<b id="15" c="14 15" t="1"/>
		<b id="16" c="1 16" t="1"/>
		<b id="17" c="1 17" t="1"/>
		<b id="18" c="1 18" t="1"/>
		<b id="19" c="2 19" t="1"/>
		<b id="20" c="2 20" t="1"/>
		<b id="21" c="4 21" t="1"/>
		<b id="22" c="8 22" t="1"/>
		<b id="23" c="9 23" t="1"/>
		<b id="24" c="9 24" t="1"/>
		<b id="25" c="9 25" t="1"/>
		<b id="26" c="10 26" t="1"/>
		<b id="27" c="12 27" t="1"/>
		<b id="28" c="12 28" t="1"/>
		<b id="29" c="13 29" t="1"/>
		<b id="30" c="13 30" t="1"/>
		<b id="31" c="13 31" t="1"/>
		<b id="32" c="15 32" t="1"/>
		<b id="33" c="15 33" t="1"/>
	</bonds>
	<geometry>
		<g u="A" t="cart/3d">#33,3:2.3957,0.4639,-1.4895;2.5496,0.0433,-0.0262;3.0090,-1.3863,0.0812;4.3380,-1.6511,0.3467;4.8302,-2.9504,0.4026;6.2758,-3.1361,0.6907;6.9255,-2.3405,1.3446;6.8276,-4.2562,0.1561;8.2222,-4.5803,0.3130;3.9411,-4.0027,0.2160;2.5994,-3.7770,-0.0347;1.6826,-4.9532,-0.2470;1.3829,-5.1674,-1.7323;2.1215,-2.4577,-0.1215;0.8034,-2.2156,-0.4593;2.0479,1.4925,-1.5571;1.6870,-0.1808,-2.0038;3.3541,0.3884,-1.9976;1.6012,0.1893,0.5009;3.2878,0.6875,0.4541;5.0291,-0.8386,0.5154;6.2732,-4.8432,-0.4443;8.6585,-3.8172,0.9561;8.7373,-4.5775,-0.6506;8.3425,-5.5604,0.7799;4.2803,-5.0262,0.3022;0.7444,-4.8156,0.3000;2.1566,-5.8515,0.1537;0.9380,-4.2766,-2.1680;0.6996,-6.0033,-1.8673;2.3034,-5.3830,-2.2700;0.1578,-2.9673,-0.2796;0.4475,-1.3081,-0.2059;</g>
	</geometry>
	<conformers/>
	<properties/>
</molecule>
