<?xml version="1.0" ?>
<!--MOLLI PACKAGE EXPERIMENTAL XML FORMAT-->
<molecule name="nuc1909">
	<atoms>
		<a id="1" s="C" t="C.3" l="C"/>
		<a id="2" s="C" t="C.3" l="C"/>
		<a id="3" s="C" t="C.3" l="C"/>
		<a id="4" s="C" t="C.3" l="C"/>
		<a id="5" s="C" t="C.2" l="C"/>
		<a id="6" s="O" t="O.2" l="O"/>
		<a id="7" s="N" t="N.am" l="N"/>
		<a id="8" s="C" t="C.3" l="C"/>
		<a id="9" s="C" t="C.3" l="C"/>
		<a id="10" s="C" t="C.3" l="C"/>
		<a id="11" s="N" t="N.3" l="N"/>
		<a id="12" s="C" t="C.3" l="C"/>
		<a id="13" s="C" t="C.3" l="C"/>
		<a id="14" s="H" t="H" l="H"/>
		<a id="15" s="H" t="H" l="H"/>
		<a id="16" s="H" t="H" l="H"/>
		<a id="17" s="H" t="H" l="H"/>
		<a id="18" s="H" t="H" l="H"/>
		<a id="19" s="H" t="H" l="H"/>
		<a id="20" s="H" t="H" l="H"/>
		<a id="21" s="H" t="H" l="H"/>
		<a id="22" s="H" t="H" l="H"/>
		<a id="23" s="H" t="H" l="H"/>
		<a id="24" s="H" t="H" l="H"/>
		<a id="25" s="H" t="H" l="H"/>
		<a id="26" s="H" t="H" l="H"/>
		<a id="27" s="H" t="H" l="H"/>
		<a id="28" s="H" t="H" l="H"/>
		<a id="29" s="H" t="H" l="H"/>
		<a id="30" s="H" t="H" l="H"/>
		<a id="31" s="H" t="H" l="H"/>
		<a id="32" s="H" t="H" l="H"/>
		<a id="33" s="H" t="H" l="H"/>
	</atoms>
	<bonds>
		<b id="1" c="1 2" t="1"/>
		<b id="2" c="2 3" t="1"/>
		<b id="3" c="2 4" t="1"/>
		<b id="4" c="2 5" t="1"/>
		<b id="5" c="5 6" t="2"/>
		<b id="6" c="5 7" t="am"/>
		<b id="7" c="7 8" t="1"/>
		<b id="8" c="8 9" t="1"/>
		<b id="9" c="9 10" t="1"/>
		<b id="10" c="10 11" t="1"/>
		<b id="11" c="10 12" t="1"/>
		<b id="12" c="12 13" t="1"/>
		<b id="13" c="7 13" t="1"/>
		<b id="14" c="1 14" t="1"/>
		<b id="15" c="1 15" t="1"/>
		<b id="16" c="1 16" t="1"/>
		<b id="17" c="3 17" t="1"/>
		<b id="18" c="3 18" t="1"/>
		<b id="19" c="3 19" t="1"/>
		<b id="20" c="4 20" t="1"/>
		<b id="21" c="4 21" t="1"/>
		<b id="22" c="4 22" t="1"/>
		<b id="23" c="8 23" t="1"/>
		<b id="24" c="8 24" t="1"/>
		<b id="25" c="9 25" t="1"/>
		<b id="26" c="9 26" t="1"/>
		<b id="27" c="10 27" t="1"/>
		<b id="28" c="11 28" t="1"/>
		<b id="29" c="11 29" t="1"/>
		<b id="30" c="12 30" t="1"/>
		<b id="31" c="12 31" t="1"/>
		<b id="32" c="13 32" t="1"/>
		<b id="33" c="13 33" t="1"/>
	</bonds>
	<geometry>
		<g u="A" t="cart/3d">#33,3:1.0684,-0.5049,-0.0426;2.5408,-0.9347,0.0377;3.1735,-0.1660,1.2045;2.5618,-2.4522,0.2600;3.1793,-0.5612,-1.3162;2.4953,-0.0284,-2.1735;4.4781,-0.8552,-1.5856;5.5281,-1.3431,-0.7254;6.5565,-0.2389,-0.4603;7.1626,0.2915,-1.7748;8.0812,-0.6217,-2.4323;6.0267,0.6685,-2.7319;5.0098,-0.4616,-2.8808;0.5571,-0.7422,0.8876;0.5686,-1.0152,-0.8611;0.9954,0.5637,-0.2240;2.5642,-0.3028,2.0963;3.2014,0.8971,0.9744;4.1813,-0.4906,1.4424;1.9428,-2.6992,1.1206;3.5560,-2.8488,0.4414;2.1503,-2.9574,-0.6112;6.0159,-2.1879,-1.2317;5.1352,-1.7114,0.2164;7.3480,-0.6262,0.1866;6.0655,0.5861,0.0588;7.7462,1.1930,-1.5478;7.6113,-1.4779,-2.7029;8.8453,-0.8671,-1.8130;6.4483,0.9091,-3.7073;5.5146,1.5511,-2.3461;5.4726,-1.3369,-3.3497;4.1728,-0.1345,-3.4984;</g>
	</geometry>
	<conformers/>
	<properties/>
</molecule>
