<?xml version="1.0" ?>
<!--MOLLI PACKAGE EXPERIMENTAL XML FORMAT-->
<molecule name="nuc1910">
	<atoms>
		<a id="1" s="C" t="C.3" l="C"/>
		<a id="2" s="O" t="O.3" l="O"/>
		<a id="3" s="C" t="C.2" l="C"/>
		<a id="4" s="O" t="O.2" l="O"/>
		<a id="5" s="C" t="C.ar" l="C"/>
		<a id="6" s="C" t="C.ar" l="C"/>
		<a id="7" s="C" t="C.ar" l="C"/>
		<a id="8" s="N" t="N.pl3" l="N"/>
		<a id="9" s="C" t="C.ar" l="C"/>
		<a id="10" s="C" t="C.ar" l="C"/>
		<a id="11" s="C" t="C.ar" l="C"/>
		<a id="12" s="C" t="C.1" l="C"/>
		<a id="13" s="N" t="N.1" l="N"/>
		<a id="14" s="C" t="C.ar" l="C"/>
		<a id="15" s="C" t="C.ar" l="C"/>
		<a id="16" s="C" t="C.ar" l="C"/>
		<a id="17" s="C" t="C.ar" l="C"/>
		<a id="18" s="H" t="H" l="H"/>
		<a id="19" s="H" t="H" l="H"/>
		<a id="20" s="H" t="H" l="H"/>
		<a id="21" s="H" t="H" l="H"/>
		<a id="22" s="H" t="H" l="H"/>
		<a id="23" s="H" t="H" l="H"/>
		<a id="24" s="H" t="H" l="H"/>
		<a id="25" s="H" t="H" l="H"/>
		<a id="26" s="H" t="H" l="H"/>
		<a id="27" s="H" t="H" l="H"/>
	</atoms>
	<bonds>
		<b id="1" c="1 2" t="1"/>
		<b id="2" c="2 3" t="1"/>
		<b id="3" c="3 4" t="2"/>
		<b id="4" c="3 5" t="1"/>
		<b id="5" c="5 6" t="ar"/>
		<b id="6" c="6 7" t="ar"/>
		<b id="7" c="7 8" t="1"/>
		<b id="8" c="7 9" t="ar"/>
		<b id="9" c="9 10" t="ar"/>
		<b id="10" c="10 11" t="ar"/>
		<b id="11" c="11 12" t="1"/>
		<b id="12" c="12 13" t="3"/>
		<b id="13" c="11 14" t="ar"/>
		<b id="14" c="14 15" t="ar"/>
		<b id="15" c="15 16" t="ar"/>
		<b id="16" c="9 16" t="ar"/>
		<b id="17" c="16 17" t="ar"/>
		<b id="18" c="5 17" t="ar"/>
		<b id="19" c="1 18" t="1"/>
		<b id="20" c="1 19" t="1"/>
		<b id="21" c="1 20" t="1"/>
		<b id="22" c="6 21" t="1"/>
		<b id="23" c="8 22" t="1"/>
		<b id="24" c="8 23" t="1"/>
		<b id="25" c="10 24" t="1"/>
		<b id="26" c="14 25" t="1"/>
		<b id="27" c="15 26" t="1"/>
		<b id="28" c="17 27" t="1"/>
	</bonds>
	<geometry>
		<g u="A" t="cart/3d">#27,3:1.0029,-0.0941,0.8089;2.4215,-0.1080,0.7988;2.9900,-1.2191,0.3029;2.3490,-2.1550,-0.1093;4.4711,-1.1579,0.3123;5.1509,-0.0771,0.8888;6.5308,-0.0201,0.8928;7.1626,1.0758,1.4216;7.2779,-1.0774,0.2823;8.6803,-1.0746,0.2126;9.3643,-2.1163,-0.3802;10.7750,-2.0836,-0.4393;11.9208,-2.0527,-0.4811;8.6659,-3.2138,-0.9302;7.3045,-3.2326,-0.8801;6.5730,-2.1783,-0.2859;5.1703,-2.1995,-0.2571;0.7102,0.8898,1.1658;0.6208,-0.8729,1.4725;0.6145,-0.2710,-0.1961;4.5825,0.7219,1.3388;6.5975,1.6887,1.9854;8.1222,0.9927,1.7078;9.2520,-0.2479,0.6097;9.2238,-4.0182,-1.3859;6.7538,-4.0604,-1.3016;4.6302,-3.0287,-0.6867;</g>
	</geometry>
	<conformers/>
	<properties/>
</molecule>
