<?xml version="1.0" ?>
<!--MOLLI PACKAGE EXPERIMENTAL XML FORMAT-->
<molecule name="nuc1920">
	<atoms>
		<a id="1" s="C" t="C.3" l="C"/>
		<a id="2" s="C" t="C.3" l="C"/>
		<a id="3" s="O" t="O.3" l="O"/>
		<a id="4" s="C" t="C.ar" l="C"/>
		<a id="5" s="C" t="C.ar" l="C"/>
		<a id="6" s="C" t="C.ar" l="C"/>
		<a id="7" s="C" t="C.ar" l="C"/>
		<a id="8" s="C" t="C.3" l="C"/>
		<a id="9" s="N" t="N.ar" l="N"/>
		<a id="10" s="C" t="C.ar" l="C"/>
		<a id="11" s="N" t="N.pl3" l="N"/>
		<a id="12" s="H" t="H" l="H"/>
		<a id="13" s="H" t="H" l="H"/>
		<a id="14" s="H" t="H" l="H"/>
		<a id="15" s="H" t="H" l="H"/>
		<a id="16" s="H" t="H" l="H"/>
		<a id="17" s="H" t="H" l="H"/>
		<a id="18" s="H" t="H" l="H"/>
		<a id="19" s="H" t="H" l="H"/>
		<a id="20" s="H" t="H" l="H"/>
		<a id="21" s="H" t="H" l="H"/>
		<a id="22" s="H" t="H" l="H"/>
		<a id="23" s="H" t="H" l="H"/>
	</atoms>
	<bonds>
		<b id="1" c="1 2" t="1"/>
		<b id="2" c="2 3" t="1"/>
		<b id="3" c="3 4" t="1"/>
		<b id="4" c="4 5" t="ar"/>
		<b id="5" c="5 6" t="ar"/>
		<b id="6" c="6 7" t="ar"/>
		<b id="7" c="7 8" t="1"/>
		<b id="8" c="7 9" t="ar"/>
		<b id="9" c="9 10" t="ar"/>
		<b id="10" c="4 10" t="ar"/>
		<b id="11" c="10 11" t="1"/>
		<b id="12" c="1 12" t="1"/>
		<b id="13" c="1 13" t="1"/>
		<b id="14" c="1 14" t="1"/>
		<b id="15" c="2 15" t="1"/>
		<b id="16" c="2 16" t="1"/>
		<b id="17" c="5 17" t="1"/>
		<b id="18" c="6 18" t="1"/>
		<b id="19" c="8 19" t="1"/>
		<b id="20" c="8 20" t="1"/>
		<b id="21" c="8 21" t="1"/>
		<b id="22" c="11 22" t="1"/>
		<b id="23" c="11 23" t="1"/>
	</bonds>
	<geometry>
		<g u="A" t="cart/3d">#23,3:0.7019,1.5247,-0.9184;2.1155,2.0853,-0.9290;3.0087,0.9980,-1.0483;4.3534,1.2660,-1.0628;4.9438,2.5093,-1.0026;6.3353,2.6020,-1.0432;7.0881,1.4492,-1.1531;8.5843,1.4764,-1.2251;6.5201,0.2438,-1.2176;5.2064,0.1365,-1.1651;4.6690,-1.1213,-1.1559;-0.0159,2.3336,-0.8177;0.5834,0.8360,-0.0863;0.5071,0.9884,-1.8433;2.3135,2.6339,0.0026;2.2449,2.7751,-1.7754;4.3528,3.4095,-0.9250;6.8107,3.5692,-0.9930;8.9696,2.4436,-0.9140;8.9087,1.2805,-2.2462;8.9977,0.6962,-0.5911;5.2804,-1.8594,-1.4601;3.6960,-1.1910,-1.3997;</g>
	</geometry>
	<conformers/>
	<properties/>
</molecule>
