<?xml version="1.0" ?>
<!--MOLLI PACKAGE EXPERIMENTAL XML FORMAT-->
<molecule name="nuc1615">
	<atoms>
		<a id="1" s="C" t="C.3" l="C"/>
		<a id="2" s="C" t="C.ar" l="C"/>
		<a id="3" s="N" t="N.ar" l="N"/>
		<a id="4" s="N" t="N.ar" l="N"/>
		<a id="5" s="C" t="C.ar" l="C"/>
		<a id="6" s="N" t="N.pl3" l="N"/>
		<a id="7" s="N" t="N.ar" l="N"/>
		<a id="8" s="C" t="C.ar" l="C"/>
		<a id="9" s="C" t="C.3" l="C"/>
		<a id="10" s="H" t="H" l="H"/>
		<a id="11" s="H" t="H" l="H"/>
		<a id="12" s="H" t="H" l="H"/>
		<a id="13" s="H" t="H" l="H"/>
		<a id="14" s="H" t="H" l="H"/>
		<a id="15" s="H" t="H" l="H"/>
		<a id="16" s="H" t="H" l="H"/>
		<a id="17" s="H" t="H" l="H"/>
	</atoms>
	<bonds>
		<b id="1" c="1 2" t="1"/>
		<b id="2" c="2 3" t="ar"/>
		<b id="3" c="3 4" t="ar"/>
		<b id="4" c="4 5" t="ar"/>
		<b id="5" c="5 6" t="1"/>
		<b id="6" c="5 7" t="ar"/>
		<b id="7" c="7 8" t="ar"/>
		<b id="8" c="2 8" t="ar"/>
		<b id="9" c="8 9" t="1"/>
		<b id="10" c="1 10" t="1"/>
		<b id="11" c="1 11" t="1"/>
		<b id="12" c="1 12" t="1"/>
		<b id="13" c="6 13" t="1"/>
		<b id="14" c="6 14" t="1"/>
		<b id="15" c="9 15" t="1"/>
		<b id="16" c="9 16" t="1"/>
		<b id="17" c="9 17" t="1"/>
	</bonds>
	<geometry>
		<g u="A" t="cart/3d">#17,3:1.0281,-0.1724,-0.0177;2.5164,-0.0652,-0.0204;3.2067,-1.1918,-0.0094;4.5063,-1.1771,-0.0143;5.1298,0.0013,-0.0334;6.4759,-0.0005,-0.0886;4.5130,1.1956,-0.0287;3.1949,1.1732,-0.0241;2.4765,2.4794,-0.0164;0.7480,-1.2218,-0.0164;0.6092,0.3113,-0.8992;0.6123,0.3124,0.8647;6.9545,-0.8741,0.0298;6.9633,0.8691,0.0306;3.1985,3.2907,-0.0228;1.8489,2.5564,0.8703;1.8327,2.5570,-0.8911;</g>
	</geometry>
	<conformers/>
	<properties/>
</molecule>
