<?xml version="1.0" ?>
<!--MOLLI PACKAGE EXPERIMENTAL XML FORMAT-->
<molecule name="nuc1927">
	<atoms>
		<a id="1" s="C" t="C.3" l="C"/>
		<a id="2" s="C" t="C.3" l="C"/>
		<a id="3" s="C" t="C.3" l="C"/>
		<a id="4" s="O" t="O.3" l="O"/>
		<a id="5" s="C" t="C.ar" l="C"/>
		<a id="6" s="C" t="C.ar" l="C"/>
		<a id="7" s="C" t="C.ar" l="C"/>
		<a id="8" s="C" t="C.ar" l="C"/>
		<a id="9" s="N" t="N.ar" l="N"/>
		<a id="10" s="C" t="C.ar" l="C"/>
		<a id="11" s="N" t="N.pl3" l="N"/>
		<a id="12" s="H" t="H" l="H"/>
		<a id="13" s="H" t="H" l="H"/>
		<a id="14" s="H" t="H" l="H"/>
		<a id="15" s="H" t="H" l="H"/>
		<a id="16" s="H" t="H" l="H"/>
		<a id="17" s="H" t="H" l="H"/>
		<a id="18" s="H" t="H" l="H"/>
		<a id="19" s="H" t="H" l="H"/>
		<a id="20" s="H" t="H" l="H"/>
		<a id="21" s="H" t="H" l="H"/>
		<a id="22" s="H" t="H" l="H"/>
		<a id="23" s="H" t="H" l="H"/>
	</atoms>
	<bonds>
		<b id="1" c="1 2" t="1"/>
		<b id="2" c="2 3" t="1"/>
		<b id="3" c="2 4" t="1"/>
		<b id="4" c="4 5" t="1"/>
		<b id="5" c="5 6" t="ar"/>
		<b id="6" c="6 7" t="ar"/>
		<b id="7" c="7 8" t="ar"/>
		<b id="8" c="8 9" t="ar"/>
		<b id="9" c="9 10" t="ar"/>
		<b id="10" c="5 10" t="ar"/>
		<b id="11" c="10 11" t="1"/>
		<b id="12" c="1 12" t="1"/>
		<b id="13" c="1 13" t="1"/>
		<b id="14" c="1 14" t="1"/>
		<b id="15" c="2 15" t="1"/>
		<b id="16" c="3 16" t="1"/>
		<b id="17" c="3 17" t="1"/>
		<b id="18" c="3 18" t="1"/>
		<b id="19" c="6 19" t="1"/>
		<b id="20" c="7 20" t="1"/>
		<b id="21" c="8 21" t="1"/>
		<b id="22" c="11 22" t="1"/>
		<b id="23" c="11 23" t="1"/>
	</bonds>
	<geometry>
		<g u="A" t="cart/3d">#23,3:2.0693,-0.1811,0.3413;2.6295,-0.3866,-1.0658;1.5417,-0.8263,-2.0384;3.1726,0.8330,-1.5796;4.3997,1.1886,-1.0545;4.5173,2.1794,-0.1005;5.7814,2.5202,0.3710;6.8710,1.8441,-0.1405;6.7809,0.9081,-1.0733;5.5811,0.5785,-1.5338;5.5172,-0.4218,-2.4690;1.6517,-1.1123,0.7143;1.2887,0.5762,0.3220;2.8568,0.1442,1.0180;3.4251,-1.1467,-1.0271;0.7805,-0.0538,-2.1072;1.0853,-1.7498,-1.6937;1.9598,-0.9869,-3.0289;3.6301,2.6783,0.2606;5.9039,3.2895,1.1167;7.8770,2.0602,0.1938;6.3970,-0.6426,-2.9070;4.7120,-0.4015,-3.0748;</g>
	</geometry>
	<conformers/>
	<properties/>
</molecule>
