<?xml version="1.0" ?>
<!--MOLLI PACKAGE EXPERIMENTAL XML FORMAT-->
<molecule name="nuc1929">
	<atoms>
		<a id="1" s="C" t="C.3" l="C"/>
		<a id="2" s="C" t="C.3" l="C"/>
		<a id="3" s="C" t="C.3" l="C"/>
		<a id="4" s="C" t="C.3" l="C"/>
		<a id="5" s="C" t="C.3" l="C"/>
		<a id="6" s="C" t="C.3" l="C"/>
		<a id="7" s="C" t="C.3" l="C"/>
		<a id="8" s="C" t="C.3" l="C"/>
		<a id="9" s="C" t="C.3" l="C"/>
		<a id="10" s="C" t="C.3" l="C"/>
		<a id="11" s="C" t="C.3" l="C"/>
		<a id="12" s="N" t="N.3" l="N"/>
		<a id="13" s="H" t="H" l="H"/>
		<a id="14" s="H" t="H" l="H"/>
		<a id="15" s="H" t="H" l="H"/>
		<a id="16" s="H" t="H" l="H"/>
		<a id="17" s="H" t="H" l="H"/>
		<a id="18" s="H" t="H" l="H"/>
		<a id="19" s="H" t="H" l="H"/>
		<a id="20" s="H" t="H" l="H"/>
		<a id="21" s="H" t="H" l="H"/>
		<a id="22" s="H" t="H" l="H"/>
		<a id="23" s="H" t="H" l="H"/>
		<a id="24" s="H" t="H" l="H"/>
		<a id="25" s="H" t="H" l="H"/>
		<a id="26" s="H" t="H" l="H"/>
		<a id="27" s="H" t="H" l="H"/>
		<a id="28" s="H" t="H" l="H"/>
		<a id="29" s="H" t="H" l="H"/>
		<a id="30" s="H" t="H" l="H"/>
		<a id="31" s="H" t="H" l="H"/>
		<a id="32" s="H" t="H" l="H"/>
		<a id="33" s="H" t="H" l="H"/>
		<a id="34" s="H" t="H" l="H"/>
		<a id="35" s="H" t="H" l="H"/>
		<a id="36" s="H" t="H" l="H"/>
		<a id="37" s="H" t="H" l="H"/>
	</atoms>
	<bonds>
		<b id="1" c="1 2" t="1"/>
		<b id="2" c="2 3" t="1"/>
		<b id="3" c="3 4" t="1"/>
		<b id="4" c="4 5" t="1"/>
		<b id="5" c="5 6" t="1"/>
		<b id="6" c="6 7" t="1"/>
		<b id="7" c="7 8" t="1"/>
		<b id="8" c="8 9" t="1"/>
		<b id="9" c="9 10" t="1"/>
		<b id="10" c="10 11" t="1"/>
		<b id="11" c="11 12" t="1"/>
		<b id="12" c="1 13" t="1"/>
		<b id="13" c="1 14" t="1"/>
		<b id="14" c="1 15" t="1"/>
		<b id="15" c="2 16" t="1"/>
		<b id="16" c="2 17" t="1"/>
		<b id="17" c="3 18" t="1"/>
		<b id="18" c="3 19" t="1"/>
		<b id="19" c="4 20" t="1"/>
		<b id="20" c="4 21" t="1"/>
		<b id="21" c="5 22" t="1"/>
		<b id="22" c="5 23" t="1"/>
		<b id="23" c="6 24" t="1"/>
		<b id="24" c="6 25" t="1"/>
		<b id="25" c="7 26" t="1"/>
		<b id="26" c="7 27" t="1"/>
		<b id="27" c="8 28" t="1"/>
		<b id="28" c="8 29" t="1"/>
		<b id="29" c="9 30" t="1"/>
		<b id="30" c="9 31" t="1"/>
		<b id="31" c="10 32" t="1"/>
		<b id="32" c="10 33" t="1"/>
		<b id="33" c="11 34" t="1"/>
		<b id="34" c="11 35" t="1"/>
		<b id="35" c="12 36" t="1"/>
		<b id="36" c="12 37" t="1"/>
	</bonds>
	<geometry>
		<g u="A" t="cart/3d">#37,3:0.8855,-0.1083,-0.1320;2.4090,-0.0972,-0.1091;2.9555,0.6731,1.0903;4.4818,0.6894,1.1180;5.0264,1.4605,2.3179;6.5529,1.4787,2.3465;7.0941,2.2499,3.5480;8.6203,2.2644,3.5833;9.1587,3.0332,4.7876;10.6838,3.0303,4.8322;11.2260,3.7898,6.0405;12.6796,3.8314,5.9887;0.5185,-0.6617,-0.9935;0.4974,0.9067,-0.1855;0.4937,-0.5762,0.7687;2.7822,0.3579,-1.0296;2.7787,-1.1248,-0.0759;2.5827,0.2175,2.0110;2.5843,1.7004,1.0579;4.8546,1.1447,0.1972;4.8531,-0.3379,1.1505;4.6541,1.0045,3.2385;4.6543,2.4874,2.2857;6.9260,1.9351,1.4267;6.9254,0.4520,2.3790;6.7165,1.7953,4.4672;6.7242,3.2774,3.5133;8.9993,2.7208,2.6661;8.9897,1.2366,3.6166;8.7689,2.5850,5.7052;8.8005,4.0645,4.7476;11.0845,3.4901,3.9277;11.0450,1.9992,4.8675;10.8371,3.3256,6.9642;10.8680,4.8232,6.0124;13.0560,2.8895,6.0324;13.0483,4.3473,6.7802;</g>
	</geometry>
	<conformers/>
	<properties/>
</molecule>
