<?xml version="1.0" ?>
<!--MOLLI PACKAGE EXPERIMENTAL XML FORMAT-->
<molecule name="nuc1930">
	<atoms>
		<a id="1" s="C" t="C.3" l="C"/>
		<a id="2" s="C" t="C.2" l="C"/>
		<a id="3" s="O" t="O.2" l="O"/>
		<a id="4" s="N" t="N.am" l="N"/>
		<a id="5" s="C" t="C.3" l="C"/>
		<a id="6" s="C" t="C.2" l="C"/>
		<a id="7" s="C" t="C.2" l="C"/>
		<a id="8" s="C" t="C.3" l="C"/>
		<a id="9" s="N" t="N.3" l="N"/>
		<a id="10" s="C" t="C.3" l="C"/>
		<a id="11" s="C" t="C.3" l="C"/>
		<a id="12" s="C" t="C.3" l="C"/>
		<a id="13" s="N" t="N.3" l="N"/>
		<a id="14" s="C" t="C.3" l="C"/>
		<a id="15" s="C" t="C.3" l="C"/>
		<a id="16" s="C" t="C.3" l="C"/>
		<a id="17" s="C" t="C.3" l="C"/>
		<a id="18" s="C" t="C.3" l="C"/>
		<a id="19" s="C" t="C.3" l="C"/>
		<a id="20" s="C" t="C.3" l="C"/>
		<a id="21" s="H" t="H" l="H"/>
		<a id="22" s="H" t="H" l="H"/>
		<a id="23" s="H" t="H" l="H"/>
		<a id="24" s="H" t="H" l="H"/>
		<a id="25" s="H" t="H" l="H"/>
		<a id="26" s="H" t="H" l="H"/>
		<a id="27" s="H" t="H" l="H"/>
		<a id="28" s="H" t="H" l="H"/>
		<a id="29" s="H" t="H" l="H"/>
		<a id="30" s="H" t="H" l="H"/>
		<a id="31" s="H" t="H" l="H"/>
		<a id="32" s="H" t="H" l="H"/>
		<a id="33" s="H" t="H" l="H"/>
		<a id="34" s="H" t="H" l="H"/>
		<a id="35" s="H" t="H" l="H"/>
		<a id="36" s="H" t="H" l="H"/>
		<a id="37" s="H" t="H" l="H"/>
		<a id="38" s="H" t="H" l="H"/>
		<a id="39" s="H" t="H" l="H"/>
		<a id="40" s="H" t="H" l="H"/>
		<a id="41" s="H" t="H" l="H"/>
		<a id="42" s="H" t="H" l="H"/>
		<a id="43" s="H" t="H" l="H"/>
		<a id="44" s="H" t="H" l="H"/>
		<a id="45" s="H" t="H" l="H"/>
		<a id="46" s="H" t="H" l="H"/>
		<a id="47" s="H" t="H" l="H"/>
	</atoms>
	<bonds>
		<b id="1" c="1 2" t="1"/>
		<b id="2" c="2 3" t="2"/>
		<b id="3" c="2 4" t="am"/>
		<b id="4" c="4 5" t="1"/>
		<b id="5" c="5 6" t="1"/>
		<b id="6" c="6 7" t="2"/>
		<b id="7" c="7 8" t="1"/>
		<b id="8" c="8 9" t="1"/>
		<b id="9" c="9 10" t="1"/>
		<b id="10" c="10 11" t="1"/>
		<b id="11" c="11 12" t="1"/>
		<b id="12" c="12 13" t="1"/>
		<b id="13" c="12 14" t="1"/>
		<b id="14" c="14 15" t="1"/>
		<b id="15" c="9 15" t="1"/>
		<b id="16" c="7 16" t="1"/>
		<b id="17" c="16 17" t="1"/>
		<b id="18" c="4 17" t="1"/>
		<b id="19" c="17 18" t="1"/>
		<b id="20" c="18 19" t="1"/>
		<b id="21" c="19 20" t="1"/>
		<b id="22" c="5 20" t="1"/>
		<b id="23" c="1 21" t="1"/>
		<b id="24" c="1 22" t="1"/>
		<b id="25" c="1 23" t="1"/>
		<b id="26" c="5 24" t="1"/>
		<b id="27" c="6 25" t="1"/>
		<b id="28" c="8 26" t="1"/>
		<b id="29" c="8 27" t="1"/>
		<b id="30" c="10 28" t="1"/>
		<b id="31" c="10 29" t="1"/>
		<b id="32" c="11 30" t="1"/>
		<b id="33" c="11 31" t="1"/>
		<b id="34" c="12 32" t="1"/>
		<b id="35" c="13 33" t="1"/>
		<b id="36" c="13 34" t="1"/>
		<b id="37" c="14 35" t="1"/>
		<b id="38" c="14 36" t="1"/>
		<b id="39" c="15 37" t="1"/>
		<b id="40" c="15 38" t="1"/>
		<b id="41" c="16 39" t="1"/>
		<b id="42" c="16 40" t="1"/>
		<b id="43" c="17 41" t="1"/>
		<b id="44" c="18 42" t="1"/>
		<b id="45" c="18 43" t="1"/>
		<b id="46" c="19 44" t="1"/>
		<b id="47" c="19 45" t="1"/>
		<b id="48" c="20 46" t="1"/>
		<b id="49" c="20 47" t="1"/>
	</bonds>
	<geometry>
		<g u="A" t="cart/3d">#47,3:3.0210,3.4424,1.0571;3.5572,2.2482,0.2938;3.1170,1.9179,-0.7935;4.5324,1.5536,0.8950;5.2441,1.7685,2.1644;6.2821,2.7853,1.7738;6.9836,2.2756,0.7497;8.1575,2.9891,0.1103;7.9381,3.9031,-0.9889;7.3315,5.1799,-0.6863;5.8001,5.1832,-0.7455;5.2994,4.6734,-2.1098;5.5414,5.5812,-3.2202;5.9382,3.3103,-2.3906;7.4629,3.3603,-2.2442;6.6817,0.8571,0.2365;5.1834,0.3917,0.3910;4.8481,-0.6704,1.5008;3.8878,-0.1045,2.6047;4.2610,1.2962,3.2182;2.7275,4.2066,0.3416;3.7477,3.8455,1.7550;2.1287,3.1374,1.6019;5.9388,0.9310,2.2765;6.4425,3.7542,2.2148;8.8609,2.2306,-0.2519;8.6652,3.5671,0.8902;7.7224,5.9008,-1.4176;7.6705,5.5016,0.3016;5.4312,6.1966,-0.5636;5.4065,4.5305,0.0323;4.2120,4.5369,-2.0584;6.5349,5.7517,-3.3302;5.0924,6.4740,-3.0471;5.6818,3.0033,-3.4044;5.5117,2.5870,-1.6970;7.8740,3.9932,-3.0410;7.8869,2.3619,-2.3744;7.3466,0.1647,0.7642;6.9577,0.8126,-0.8172;4.7732,0.0941,-0.5761;5.7579,-1.0666,1.9578;4.3333,-1.5162,1.0436;3.8231,-0.8485,3.3998;2.8977,-0.0235,2.1553;4.7419,1.1879,4.1907;3.3686,1.9077,3.3359;</g>
	</geometry>
	<conformers/>
	<properties/>
</molecule>
