<?xml version="1.0" ?>
<!--MOLLI PACKAGE EXPERIMENTAL XML FORMAT-->
<molecule name="nuc1934">
	<atoms>
		<a id="1" s="N" t="N.pl3" l="N"/>
		<a id="2" s="C" t="C.ar" l="C"/>
		<a id="3" s="C" t="C.ar" l="C"/>
		<a id="4" s="C" t="C.ar" l="C"/>
		<a id="5" s="C" t="C.ar" l="C"/>
		<a id="6" s="C" t="C.3" l="C"/>
		<a id="7" s="C" t="C.3" l="C"/>
		<a id="8" s="N" t="N.3" l="N"/>
		<a id="9" s="C" t="C.3" l="C"/>
		<a id="10" s="C" t="C.3" l="C"/>
		<a id="11" s="O" t="O.3" l="O"/>
		<a id="12" s="C" t="C.3" l="C"/>
		<a id="13" s="C" t="C.3" l="C"/>
		<a id="14" s="C" t="C.ar" l="C"/>
		<a id="15" s="N" t="N.ar" l="N"/>
		<a id="16" s="H" t="H" l="H"/>
		<a id="17" s="H" t="H" l="H"/>
		<a id="18" s="H" t="H" l="H"/>
		<a id="19" s="H" t="H" l="H"/>
		<a id="20" s="H" t="H" l="H"/>
		<a id="21" s="H" t="H" l="H"/>
		<a id="22" s="H" t="H" l="H"/>
		<a id="23" s="H" t="H" l="H"/>
		<a id="24" s="H" t="H" l="H"/>
		<a id="25" s="H" t="H" l="H"/>
		<a id="26" s="H" t="H" l="H"/>
		<a id="27" s="H" t="H" l="H"/>
		<a id="28" s="H" t="H" l="H"/>
		<a id="29" s="H" t="H" l="H"/>
		<a id="30" s="H" t="H" l="H"/>
		<a id="31" s="H" t="H" l="H"/>
		<a id="32" s="H" t="H" l="H"/>
	</atoms>
	<bonds>
		<b id="1" c="1 2" t="1"/>
		<b id="2" c="2 3" t="ar"/>
		<b id="3" c="3 4" t="ar"/>
		<b id="4" c="4 5" t="ar"/>
		<b id="5" c="5 6" t="1"/>
		<b id="6" c="6 7" t="1"/>
		<b id="7" c="7 8" t="1"/>
		<b id="8" c="8 9" t="1"/>
		<b id="9" c="9 10" t="1"/>
		<b id="10" c="10 11" t="1"/>
		<b id="11" c="11 12" t="1"/>
		<b id="12" c="12 13" t="1"/>
		<b id="13" c="8 13" t="1"/>
		<b id="14" c="5 14" t="ar"/>
		<b id="15" c="14 15" t="ar"/>
		<b id="16" c="2 15" t="ar"/>
		<b id="17" c="1 16" t="1"/>
		<b id="18" c="1 17" t="1"/>
		<b id="19" c="3 18" t="1"/>
		<b id="20" c="4 19" t="1"/>
		<b id="21" c="6 20" t="1"/>
		<b id="22" c="6 21" t="1"/>
		<b id="23" c="7 22" t="1"/>
		<b id="24" c="7 23" t="1"/>
		<b id="25" c="9 24" t="1"/>
		<b id="26" c="9 25" t="1"/>
		<b id="27" c="10 26" t="1"/>
		<b id="28" c="10 27" t="1"/>
		<b id="29" c="12 28" t="1"/>
		<b id="30" c="12 29" t="1"/>
		<b id="31" c="13 30" t="1"/>
		<b id="32" c="13 31" t="1"/>
		<b id="33" c="14 32" t="1"/>
	</bonds>
	<geometry>
		<g u="A" t="cart/3d">#32,3:2.3477,-0.9077,0.4663;1.0085,-0.6518,0.3635;0.1886,-0.5676,1.4981;-1.1379,-0.2417,1.3255;-1.6326,0.0035,0.0446;-3.0788,0.3163,-0.1934;-3.8649,-0.9811,-0.4446;-5.2882,-0.7090,-0.5331;-6.1534,-1.8042,-0.1296;-6.2654,-2.8923,-1.2052;-6.7261,-2.3501,-2.4247;-5.8720,-1.3185,-2.8753;-5.7317,-0.2076,-1.8250;-0.7326,-0.1126,-1.0047;0.5419,-0.4332,-0.8639;2.6856,-1.3570,1.3003;2.8164,-1.1297,-0.3962;0.5995,-0.7537,2.4792;-1.7972,-0.1716,2.1801;-3.1759,0.9781,-1.0551;-3.5106,0.8166,0.6742;-3.7002,-1.6489,0.4054;-3.4545,-1.4757,-1.3390;-7.1487,-1.3824,0.0463;-5.7857,-2.2338,0.8040;-6.9939,-3.6521,-0.9173;-5.2851,-3.3728,-1.3560;-6.3234,-0.9296,-3.7895;-4.8826,-1.7377,-3.1183;-6.7104,0.2584,-1.6725;-5.0359,0.5522,-2.1803;-1.0488,0.0623,-2.0263;</g>
	</geometry>
	<conformers/>
	<properties/>
</molecule>
