<?xml version="1.0" ?>
<!--MOLLI PACKAGE EXPERIMENTAL XML FORMAT-->
<molecule name="nuc1939">
	<atoms>
		<a id="1" s="C" t="C.3" l="C"/>
		<a id="2" s="C" t="C.3" l="C"/>
		<a id="3" s="C" t="C.3" l="C"/>
		<a id="4" s="C" t="C.3" l="C"/>
		<a id="5" s="O" t="O.3" l="O"/>
		<a id="6" s="C" t="C.2" l="C"/>
		<a id="7" s="O" t="O.2" l="O"/>
		<a id="8" s="N" t="N.am" l="N"/>
		<a id="9" s="C" t="C.3" l="C"/>
		<a id="10" s="C" t="C.3" l="C"/>
		<a id="11" s="C" t="C.3" l="C"/>
		<a id="12" s="C" t="C.ar" l="C"/>
		<a id="13" s="C" t="C.ar" l="C"/>
		<a id="14" s="C" t="C.ar" l="C"/>
		<a id="15" s="C" t="C.ar" l="C"/>
		<a id="16" s="C" t="C.ar" l="C"/>
		<a id="17" s="N" t="N.ar" l="N"/>
		<a id="18" s="C" t="C.ar" l="C"/>
		<a id="19" s="C" t="C.ar" l="C"/>
		<a id="20" s="C" t="C.ar" l="C"/>
		<a id="21" s="C" t="C.ar" l="C"/>
		<a id="22" s="C" t="C.ar" l="C"/>
		<a id="23" s="C" t="C.3" l="C"/>
		<a id="24" s="C" t="C.3" l="C"/>
		<a id="25" s="C" t="C.3" l="C"/>
		<a id="26" s="N" t="N.3" l="N"/>
		<a id="27" s="N" t="N.ar" l="N"/>
		<a id="28" s="H" t="H" l="H"/>
		<a id="29" s="H" t="H" l="H"/>
		<a id="30" s="H" t="H" l="H"/>
		<a id="31" s="H" t="H" l="H"/>
		<a id="32" s="H" t="H" l="H"/>
		<a id="33" s="H" t="H" l="H"/>
		<a id="34" s="H" t="H" l="H"/>
		<a id="35" s="H" t="H" l="H"/>
		<a id="36" s="H" t="H" l="H"/>
		<a id="37" s="H" t="H" l="H"/>
		<a id="38" s="H" t="H" l="H"/>
		<a id="39" s="H" t="H" l="H"/>
		<a id="40" s="H" t="H" l="H"/>
		<a id="41" s="H" t="H" l="H"/>
		<a id="42" s="H" t="H" l="H"/>
		<a id="43" s="H" t="H" l="H"/>
		<a id="44" s="H" t="H" l="H"/>
		<a id="45" s="H" t="H" l="H"/>
		<a id="46" s="H" t="H" l="H"/>
		<a id="47" s="H" t="H" l="H"/>
		<a id="48" s="H" t="H" l="H"/>
		<a id="49" s="H" t="H" l="H"/>
		<a id="50" s="H" t="H" l="H"/>
		<a id="51" s="H" t="H" l="H"/>
		<a id="52" s="H" t="H" l="H"/>
		<a id="53" s="H" t="H" l="H"/>
		<a id="54" s="H" t="H" l="H"/>
		<a id="55" s="H" t="H" l="H"/>
		<a id="56" s="H" t="H" l="H"/>
		<a id="57" s="H" t="H" l="H"/>
	</atoms>
	<bonds>
		<b id="1" c="1 2" t="1"/>
		<b id="2" c="2 3" t="1"/>
		<b id="3" c="2 4" t="1"/>
		<b id="4" c="2 5" t="1"/>
		<b id="5" c="5 6" t="1"/>
		<b id="6" c="6 7" t="2"/>
		<b id="7" c="6 8" t="am"/>
		<b id="8" c="8 9" t="1"/>
		<b id="9" c="9 10" t="1"/>
		<b id="10" c="10 11" t="1"/>
		<b id="11" c="11 12" t="1"/>
		<b id="12" c="12 13" t="ar"/>
		<b id="13" c="13 14" t="ar"/>
		<b id="14" c="14 15" t="ar"/>
		<b id="15" c="15 16" t="ar"/>
		<b id="16" c="16 17" t="ar"/>
		<b id="17" c="12 17" t="ar"/>
		<b id="18" c="8 18" t="1"/>
		<b id="19" c="18 19" t="ar"/>
		<b id="20" c="19 20" t="ar"/>
		<b id="21" c="20 21" t="ar"/>
		<b id="22" c="21 22" t="ar"/>
		<b id="23" c="22 23" t="1"/>
		<b id="24" c="23 24" t="1"/>
		<b id="25" c="24 25" t="1"/>
		<b id="26" c="25 26" t="1"/>
		<b id="27" c="22 27" t="ar"/>
		<b id="28" c="18 27" t="ar"/>
		<b id="29" c="1 28" t="1"/>
		<b id="30" c="1 29" t="1"/>
		<b id="31" c="1 30" t="1"/>
		<b id="32" c="3 31" t="1"/>
		<b id="33" c="3 32" t="1"/>
		<b id="34" c="3 33" t="1"/>
		<b id="35" c="4 34" t="1"/>
		<b id="36" c="4 35" t="1"/>
		<b id="37" c="4 36" t="1"/>
		<b id="38" c="9 37" t="1"/>
		<b id="39" c="9 38" t="1"/>
		<b id="40" c="10 39" t="1"/>
		<b id="41" c="10 40" t="1"/>
		<b id="42" c="11 41" t="1"/>
		<b id="43" c="11 42" t="1"/>
		<b id="44" c="13 43" t="1"/>
		<b id="45" c="14 44" t="1"/>
		<b id="46" c="15 45" t="1"/>
		<b id="47" c="16 46" t="1"/>
		<b id="48" c="19 47" t="1"/>
		<b id="49" c="20 48" t="1"/>
		<b id="50" c="21 49" t="1"/>
		<b id="51" c="23 50" t="1"/>
		<b id="52" c="23 51" t="1"/>
		<b id="53" c="24 52" t="1"/>
		<b id="54" c="24 53" t="1"/>
		<b id="55" c="25 54" t="1"/>
		<b id="56" c="25 55" t="1"/>
		<b id="57" c="26 56" t="1"/>
		<b id="58" c="26 57" t="1"/>
	</bonds>
	<geometry>
		<g u="A" t="cart/3d">#57,3:4.2213,-1.6741,-0.1636;5.0062,-0.5697,0.5437;4.1789,0.0639,1.6617;6.3228,-1.1168,1.0975;5.4254,0.4422,-0.4033;4.5184,1.1491,-1.0876;3.3187,1.0139,-1.0186;5.1075,2.0999,-1.8780;4.2465,3.0637,-2.5456;4.2530,2.8515,-4.0589;3.7568,1.4527,-4.4413;3.7722,1.2923,-5.9316;2.6748,1.6488,-6.7119;2.7585,1.5134,-8.0863;3.9348,1.0314,-8.6398;4.9717,0.7076,-7.7795;4.8958,0.8323,-6.4669;6.4892,2.2763,-2.0273;7.3707,1.2050,-2.1659;8.7112,1.4897,-2.3478;9.1305,2.8095,-2.3919;8.1771,3.8120,-2.2578;8.5464,5.2649,-2.3300;8.6469,5.7464,-3.7820;7.3004,5.6903,-4.4990;7.4617,6.1036,-5.8846;6.8925,3.5385,-2.0846;3.9933,-2.4682,0.5418;4.8079,-2.0870,-0.9818;3.2923,-1.2771,-0.5629;3.9580,-0.6803,2.4215;3.2454,0.4517,1.2637;4.7339,0.8813,2.1172;6.1238,-1.8751,1.8488;6.8989,-0.3118,1.5459;6.9123,-1.5562,0.2972;4.6085,4.0660,-2.3073;3.2406,2.9234,-2.1467;5.2675,2.9820,-4.4406;3.6159,3.6087,-4.5204;2.7497,1.3031,-4.0496;4.4212,0.7081,-4.0026;1.7747,2.0187,-6.2443;1.9210,1.7776,-8.7167;4.0425,0.9090,-9.7063;5.9130,0.3270,-8.1557;7.0147,0.1898,-2.1446;9.4234,0.6857,-2.4656;10.1704,3.0592,-2.5346;9.5072,5.4207,-1.8359;7.7820,5.8445,-1.8110;9.3591,5.1303,-4.3328;9.0149,6.7753,-3.7913;6.5697,6.3023,-3.9427;6.9345,4.6611,-4.5025;7.7526,7.0752,-5.9288;6.5822,6.0214,-6.3825;</g>
	</geometry>
	<conformers/>
	<properties/>
</molecule>
