<?xml version="1.0" ?>
<!--MOLLI PACKAGE EXPERIMENTAL XML FORMAT-->
<molecule name="nuc1940">
	<atoms>
		<a id="1" s="C" t="C.3" l="C"/>
		<a id="2" s="N" t="N.am" l="N"/>
		<a id="3" s="C" t="C.2" l="C"/>
		<a id="4" s="O" t="O.2" l="O"/>
		<a id="5" s="O" t="O.3" l="O"/>
		<a id="6" s="C" t="C.3" l="C"/>
		<a id="7" s="C" t="C.3" l="C"/>
		<a id="8" s="C" t="C.3" l="C"/>
		<a id="9" s="C" t="C.3" l="C"/>
		<a id="10" s="C" t="C.ar" l="C"/>
		<a id="11" s="C" t="C.ar" l="C"/>
		<a id="12" s="C" t="C.ar" l="C"/>
		<a id="13" s="C" t="C.ar" l="C"/>
		<a id="14" s="C" t="C.ar" l="C"/>
		<a id="15" s="C" t="C.3" l="C"/>
		<a id="16" s="C" t="C.3" l="C"/>
		<a id="17" s="N" t="N.3" l="N"/>
		<a id="18" s="N" t="N.ar" l="N"/>
		<a id="19" s="H" t="H" l="H"/>
		<a id="20" s="H" t="H" l="H"/>
		<a id="21" s="H" t="H" l="H"/>
		<a id="22" s="H" t="H" l="H"/>
		<a id="23" s="H" t="H" l="H"/>
		<a id="24" s="H" t="H" l="H"/>
		<a id="25" s="H" t="H" l="H"/>
		<a id="26" s="H" t="H" l="H"/>
		<a id="27" s="H" t="H" l="H"/>
		<a id="28" s="H" t="H" l="H"/>
		<a id="29" s="H" t="H" l="H"/>
		<a id="30" s="H" t="H" l="H"/>
		<a id="31" s="H" t="H" l="H"/>
		<a id="32" s="H" t="H" l="H"/>
		<a id="33" s="H" t="H" l="H"/>
		<a id="34" s="H" t="H" l="H"/>
		<a id="35" s="H" t="H" l="H"/>
		<a id="36" s="H" t="H" l="H"/>
		<a id="37" s="H" t="H" l="H"/>
		<a id="38" s="H" t="H" l="H"/>
		<a id="39" s="H" t="H" l="H"/>
	</atoms>
	<bonds>
		<b id="1" c="1 2" t="1"/>
		<b id="2" c="2 3" t="am"/>
		<b id="3" c="3 4" t="2"/>
		<b id="4" c="3 5" t="1"/>
		<b id="5" c="5 6" t="1"/>
		<b id="6" c="6 7" t="1"/>
		<b id="7" c="6 8" t="1"/>
		<b id="8" c="6 9" t="1"/>
		<b id="9" c="2 10" t="1"/>
		<b id="10" c="10 11" t="ar"/>
		<b id="11" c="11 12" t="ar"/>
		<b id="12" c="12 13" t="ar"/>
		<b id="13" c="13 14" t="ar"/>
		<b id="14" c="14 15" t="1"/>
		<b id="15" c="15 16" t="1"/>
		<b id="16" c="16 17" t="1"/>
		<b id="17" c="14 18" t="ar"/>
		<b id="18" c="10 18" t="ar"/>
		<b id="19" c="1 19" t="1"/>
		<b id="20" c="1 20" t="1"/>
		<b id="21" c="1 21" t="1"/>
		<b id="22" c="7 22" t="1"/>
		<b id="23" c="7 23" t="1"/>
		<b id="24" c="7 24" t="1"/>
		<b id="25" c="8 25" t="1"/>
		<b id="26" c="8 26" t="1"/>
		<b id="27" c="8 27" t="1"/>
		<b id="28" c="9 28" t="1"/>
		<b id="29" c="9 29" t="1"/>
		<b id="30" c="9 30" t="1"/>
		<b id="31" c="11 31" t="1"/>
		<b id="32" c="12 32" t="1"/>
		<b id="33" c="13 33" t="1"/>
		<b id="34" c="15 34" t="1"/>
		<b id="35" c="15 35" t="1"/>
		<b id="36" c="16 36" t="1"/>
		<b id="37" c="16 37" t="1"/>
		<b id="38" c="17 38" t="1"/>
		<b id="39" c="17 39" t="1"/>
	</bonds>
	<geometry>
		<g u="A" t="cart/3d">#39,3:1.3993,0.6567,-0.1454;2.8048,0.2977,-0.0641;3.3839,-0.2395,-1.1885;2.7327,-0.6107,-2.1362;4.7173,-0.2759,-1.0954;5.5220,-0.7205,-2.2156;5.2870,0.1842,-3.4247;6.9584,-0.5741,-1.7106;5.2164,-2.1794,-2.5517;3.4990,0.7522,1.0601;4.5999,0.0789,1.5933;5.1910,0.6024,2.7269;4.6791,1.7587,3.2953;3.5654,2.3470,2.7079;2.9247,3.5729,3.2859;1.8676,3.1911,4.3293;1.2025,4.3899,4.8095;2.9934,1.8407,1.6255;0.9846,0.1808,-1.0307;1.2882,1.7388,-0.2130;0.8848,0.3035,0.7471;5.4634,1.2226,-3.1519;4.2647,0.0818,-3.7775;5.9670,-0.0913,-4.2259;7.1438,0.4551,-1.4147;7.6576,-0.8520,-2.4934;7.1203,-1.2142,-0.8473;4.1911,-2.2780,-2.8968;5.3534,-2.8045,-1.6717;5.8883,-2.5210,-3.3341;4.9687,-0.8247,1.1409;6.0423,0.1061,3.1708;5.1277,2.1904,4.1766;2.4313,4.1340,2.4937;3.6812,4.2052,3.7549;2.3484,2.6028,5.1313;1.1136,2.5585,3.8540;1.8634,4.9913,5.2908;0.4652,4.1515,5.4631;</g>
	</geometry>
	<conformers/>
	<properties/>
</molecule>
