<?xml version="1.0" ?>
<!--MOLLI PACKAGE EXPERIMENTAL XML FORMAT-->
<molecule name="nuc1941">
	<atoms>
		<a id="1" s="C" t="C.3" l="CG1"/>
		<a id="2" s="C" t="C.3" l="CB"/>
		<a id="3" s="C" t="C.3" l="CG2"/>
		<a id="4" s="C" t="C.3" l="CA"/>
		<a id="5" s="N" t="N.3" l="N"/>
		<a id="6" s="C" t="C.2" l="C"/>
		<a id="7" s="O" t="O.2" l="O"/>
		<a id="8" s="O" t="O.3" l="OXT"/>
		<a id="9" s="H" t="H" l="HG11"/>
		<a id="10" s="H" t="H" l="HG12"/>
		<a id="11" s="H" t="H" l="HG13"/>
		<a id="12" s="H" t="H" l="HB"/>
		<a id="13" s="H" t="H" l="HG21"/>
		<a id="14" s="H" t="H" l="HG22"/>
		<a id="15" s="H" t="H" l="HG23"/>
		<a id="16" s="H" t="H" l="HA"/>
		<a id="17" s="H" t="H" l="H1"/>
		<a id="18" s="H" t="H" l="H2"/>
		<a id="19" s="H" t="H" l="HXT"/>
	</atoms>
	<bonds>
		<b id="1" c="1 2" t="1"/>
		<b id="2" c="2 3" t="1"/>
		<b id="3" c="2 4" t="1"/>
		<b id="4" c="4 5" t="1"/>
		<b id="5" c="4 6" t="1"/>
		<b id="6" c="6 7" t="2"/>
		<b id="7" c="6 8" t="1"/>
		<b id="8" c="1 9" t="1"/>
		<b id="9" c="1 10" t="1"/>
		<b id="10" c="1 11" t="1"/>
		<b id="11" c="2 12" t="1"/>
		<b id="12" c="3 13" t="1"/>
		<b id="13" c="3 14" t="1"/>
		<b id="14" c="3 15" t="1"/>
		<b id="15" c="4 16" t="1"/>
		<b id="16" c="5 17" t="1"/>
		<b id="17" c="5 18" t="1"/>
		<b id="18" c="8 19" t="1"/>
	</bonds>
	<geometry>
		<g u="A" t="cart/3d">#19,3:1.0264,-0.0843,-0.0963;2.5530,-0.1041,-0.0317;3.0316,-0.4292,1.3816;3.1535,-1.0874,-1.0571;2.7246,-2.4792,-0.9622;2.8791,-0.6029,-2.4940;2.8989,0.5502,-2.8176;2.6465,-1.5963,-3.3452;0.6414,0.7034,0.5456;0.5979,-1.0259,0.2454;0.6910,0.1103,-1.1120;2.9191,0.8867,-0.3164;2.6668,-1.4048,1.7010;2.6593,0.3130,2.0828;4.1183,-0.4319,1.4316;4.2464,-1.0694,-0.9509;1.7262,-2.5240,-0.7840;3.1957,-2.9561,-0.2041;2.6760,-2.4345,-2.8302;</g>
	</geometry>
	<conformers/>
	<properties/>
</molecule>
