<?xml version="1.0" ?>
<!--MOLLI PACKAGE EXPERIMENTAL XML FORMAT-->
<molecule name="nuc1617">
	<atoms>
		<a id="1" s="C" t="C.3" l="C"/>
		<a id="2" s="C" t="C.3" l="C"/>
		<a id="3" s="C" t="C.3" l="C"/>
		<a id="4" s="C" t="C.3" l="C"/>
		<a id="5" s="Si" t="Si" l="SI"/>
		<a id="6" s="C" t="C.3" l="C"/>
		<a id="7" s="C" t="C.3" l="C"/>
		<a id="8" s="O" t="O.3" l="O"/>
		<a id="9" s="C" t="C.3" l="C"/>
		<a id="10" s="C" t="C.3" l="C"/>
		<a id="11" s="O" t="O.3" l="O"/>
		<a id="12" s="C" t="C.3" l="C"/>
		<a id="13" s="N" t="N.ar" l="N"/>
		<a id="14" s="C" t="C.ar" l="C"/>
		<a id="15" s="N" t="N.ar" l="N"/>
		<a id="16" s="C" t="C.ar" l="C"/>
		<a id="17" s="C" t="C.ar" l="C"/>
		<a id="18" s="O" t="O.2" l="O"/>
		<a id="19" s="N" t="N.ar" l="N"/>
		<a id="20" s="C" t="C.ar" l="C"/>
		<a id="21" s="N" t="N.pl3" l="N"/>
		<a id="22" s="N" t="N.ar" l="N"/>
		<a id="23" s="C" t="C.ar" l="C"/>
		<a id="24" s="C" t="C.3" l="C"/>
		<a id="25" s="C" t="C.3" l="C"/>
		<a id="26" s="O" t="O.3" l="O"/>
		<a id="27" s="Si" t="Si" l="SI"/>
		<a id="28" s="C" t="C.3" l="C"/>
		<a id="29" s="C" t="C.3" l="C"/>
		<a id="30" s="C" t="C.3" l="C"/>
		<a id="31" s="C" t="C.3" l="C"/>
		<a id="32" s="C" t="C.3" l="C"/>
		<a id="33" s="C" t="C.3" l="C"/>
		<a id="34" s="H" t="H" l="H"/>
		<a id="35" s="H" t="H" l="H"/>
		<a id="36" s="H" t="H" l="H"/>
		<a id="37" s="H" t="H" l="H"/>
		<a id="38" s="H" t="H" l="H"/>
		<a id="39" s="H" t="H" l="H"/>
		<a id="40" s="H" t="H" l="H"/>
		<a id="41" s="H" t="H" l="H"/>
		<a id="42" s="H" t="H" l="H"/>
		<a id="43" s="H" t="H" l="H"/>
		<a id="44" s="H" t="H" l="H"/>
		<a id="45" s="H" t="H" l="H"/>
		<a id="46" s="H" t="H" l="H"/>
		<a id="47" s="H" t="H" l="H"/>
		<a id="48" s="H" t="H" l="H"/>
		<a id="49" s="H" t="H" l="H"/>
		<a id="50" s="H" t="H" l="H"/>
		<a id="51" s="H" t="H" l="H"/>
		<a id="52" s="H" t="H" l="H"/>
		<a id="53" s="H" t="H" l="H"/>
		<a id="54" s="H" t="H" l="H"/>
		<a id="55" s="H" t="H" l="H"/>
		<a id="56" s="H" t="H" l="H"/>
		<a id="57" s="H" t="H" l="H"/>
		<a id="58" s="H" t="H" l="H"/>
		<a id="59" s="H" t="H" l="H"/>
		<a id="60" s="H" t="H" l="H"/>
		<a id="61" s="H" t="H" l="H"/>
		<a id="62" s="H" t="H" l="H"/>
		<a id="63" s="H" t="H" l="H"/>
		<a id="64" s="H" t="H" l="H"/>
		<a id="65" s="H" t="H" l="H"/>
		<a id="66" s="H" t="H" l="H"/>
		<a id="67" s="H" t="H" l="H"/>
		<a id="68" s="H" t="H" l="H"/>
		<a id="69" s="H" t="H" l="H"/>
		<a id="70" s="H" t="H" l="H"/>
		<a id="71" s="H" t="H" l="H"/>
		<a id="72" s="H" t="H" l="H"/>
		<a id="73" s="H" t="H" l="H"/>
		<a id="74" s="H" t="H" l="H"/>
	</atoms>
	<bonds>
		<b id="1" c="1 2" t="1"/>
		<b id="2" c="2 3" t="1"/>
		<b id="3" c="2 4" t="1"/>
		<b id="4" c="2 5" t="1"/>
		<b id="5" c="5 6" t="1"/>
		<b id="6" c="5 7" t="1"/>
		<b id="7" c="5 8" t="1"/>
		<b id="8" c="8 9" t="1"/>
		<b id="9" c="9 10" t="1"/>
		<b id="10" c="10 11" t="1"/>
		<b id="11" c="11 12" t="1"/>
		<b id="12" c="13 14" t="ar"/>
		<b id="13" c="14 15" t="ar"/>
		<b id="14" c="15 16" t="ar"/>
		<b id="15" c="16 17" t="ar"/>
		<b id="16" c="17 18" t="2"/>
		<b id="17" c="17 19" t="ar"/>
		<b id="18" c="19 20" t="ar"/>
		<b id="19" c="20 21" t="1"/>
		<b id="20" c="20 22" t="ar"/>
		<b id="21" c="22 23" t="ar"/>
		<b id="22" c="16 23" t="ar"/>
		<b id="23" c="13 23" t="ar"/>
		<b id="24" c="12 24" t="1"/>
		<b id="25" c="24 25" t="1"/>
		<b id="26" c="10 25" t="1"/>
		<b id="27" c="25 26" t="1"/>
		<b id="28" c="26 27" t="1"/>
		<b id="29" c="27 28" t="1"/>
		<b id="30" c="27 29" t="1"/>
		<b id="31" c="27 30" t="1"/>
		<b id="32" c="30 31" t="1"/>
		<b id="33" c="30 32" t="1"/>
		<b id="34" c="30 33" t="1"/>
		<b id="35" c="12 13" t="1"/>
		<b id="36" c="1 34" t="1"/>
		<b id="37" c="1 35" t="1"/>
		<b id="38" c="1 36" t="1"/>
		<b id="39" c="3 37" t="1"/>
		<b id="40" c="3 38" t="1"/>
		<b id="41" c="3 39" t="1"/>
		<b id="42" c="4 40" t="1"/>
		<b id="43" c="4 41" t="1"/>
		<b id="44" c="4 42" t="1"/>
		<b id="45" c="6 43" t="1"/>
		<b id="46" c="6 44" t="1"/>
		<b id="47" c="6 45" t="1"/>
		<b id="48" c="7 46" t="1"/>
		<b id="49" c="7 47" t="1"/>
		<b id="50" c="7 48" t="1"/>
		<b id="51" c="9 49" t="1"/>
		<b id="52" c="9 50" t="1"/>
		<b id="53" c="10 51" t="1"/>
		<b id="54" c="12 52" t="1"/>
		<b id="55" c="14 53" t="1"/>
		<b id="56" c="19 54" t="1"/>
		<b id="57" c="21 55" t="1"/>
		<b id="58" c="21 56" t="1"/>
		<b id="59" c="24 57" t="1"/>
		<b id="60" c="24 58" t="1"/>
		<b id="61" c="25 59" t="1"/>
		<b id="62" c="28 60" t="1"/>
		<b id="63" c="28 61" t="1"/>
		<b id="64" c="28 62" t="1"/>
		<b id="65" c="29 63" t="1"/>
		<b id="66" c="29 64" t="1"/>
		<b id="67" c="29 65" t="1"/>
		<b id="68" c="31 66" t="1"/>
		<b id="69" c="31 67" t="1"/>
		<b id="70" c="31 68" t="1"/>
		<b id="71" c="32 69" t="1"/>
		<b id="72" c="32 70" t="1"/>
		<b id="73" c="32 71" t="1"/>
		<b id="74" c="33 72" t="1"/>
		<b id="75" c="33 73" t="1"/>
		<b id="76" c="33 74" t="1"/>
	</bonds>
	<geometry>
		<g u="A" t="cart/3d">#74,3:4.2321,-0.7182,1.5978;3.0789,0.2473,1.8813;1.7561,-0.4989,1.7172;3.1966,0.7288,3.3287;3.1562,1.7370,0.6736;3.0179,1.2348,-1.1599;1.8090,3.0462,1.0370;4.6295,2.3627,1.0367;5.4219,3.1927,0.2579;6.8525,3.2029,0.8065;7.4239,1.8990,0.8380;8.3950,1.7999,-0.1596;7.7641,1.4012,-1.4118;6.6908,0.5462,-1.4796;6.2464,0.3687,-2.6819;7.0559,1.1274,-3.4829;7.0393,1.3238,-4.9027;6.3085,0.8923,-5.7615;8.1003,2.1904,-5.2772;8.9970,2.7717,-4.4351;9.9083,3.6243,-4.9779;8.9937,2.5994,-3.1445;8.0105,1.7798,-2.6960;9.0170,3.1879,-0.2586;7.7872,4.0813,-0.0557;8.0660,5.2764,0.5884;8.4778,6.6988,-0.1214;10.1568,6.5437,-1.0201;7.1658,7.2070,-1.4117;8.5208,7.8645,1.4014;9.6188,7.4289,2.3734;8.7983,9.3004,0.9589;7.1787,7.8268,2.1368;4.2093,-1.5542,2.2971;5.1848,-0.2055,1.7072;4.1621,-1.1176,0.5883;1.7035,-1.3400,2.4082;1.6516,-0.8831,0.7063;0.9155,0.1597,1.9200;3.2000,-0.1193,4.0136;2.3616,1.3734,3.5909;4.1192,1.2859,3.4642;2.1249,0.6510,-1.3552;3.8704,0.6493,-1.4923;2.9666,2.1152,-1.7956;0.8080,2.6427,0.9259;1.8937,3.8920,0.3588;1.8995,3.4320,2.0484;5.0384,4.2215,0.2806;5.4231,2.8471,-0.7828;6.8323,3.5657,1.8396;9.1008,1.0150,0.1428;6.2789,0.1006,-0.5968;8.1460,2.3905,-6.2695;10.1281,3.5428,-5.9560;10.6606,3.8991,-4.3685;9.5151,3.3556,-1.2078;9.7062,3.3418,0.5709;7.3117,4.2805,-1.0243;10.0643,5.8864,-1.8808;10.9155,6.1218,-0.3673;10.5241,7.4990,-1.3783;7.1493,6.5045,-2.2410;7.3573,8.1903,-1.8277;6.1698,7.2200,-0.9775;10.5980,7.4956,1.9052;9.4559,6.4027,2.6912;9.6199,8.0671,3.2567;9.7485,9.3679,0.4354;8.8380,9.9635,1.8224;8.0164,9.6569,0.2938;6.9490,6.8128,2.4532;6.3749,8.1768,1.4935;7.2111,8.4658,3.0190;</g>
	</geometry>
	<conformers/>
	<properties/>
</molecule>
