<?xml version="1.0" ?>
<!--MOLLI PACKAGE EXPERIMENTAL XML FORMAT-->
<molecule name="nuc1942">
	<atoms>
		<a id="1" s="N" t="N.3" l="N"/>
		<a id="2" s="C" t="C.3" l="CA"/>
		<a id="3" s="C" t="C.3" l="CB"/>
		<a id="4" s="C" t="C.ar" l="CG"/>
		<a id="5" s="C" t="C.ar" l="CD1"/>
		<a id="6" s="C" t="C.ar" l="CE1"/>
		<a id="7" s="C" t="C.ar" l="CZ"/>
		<a id="8" s="C" t="C.ar" l="CE2"/>
		<a id="9" s="C" t="C.ar" l="CD2"/>
		<a id="10" s="C" t="C.2" l="C"/>
		<a id="11" s="O" t="O.2" l="O"/>
		<a id="12" s="O" t="O.3" l="OXT"/>
		<a id="13" s="H" t="H" l="H1"/>
		<a id="14" s="H" t="H" l="H2"/>
		<a id="15" s="H" t="H" l="HA"/>
		<a id="16" s="H" t="H" l="HB1"/>
		<a id="17" s="H" t="H" l="HB2"/>
		<a id="18" s="H" t="H" l="HD1"/>
		<a id="19" s="H" t="H" l="HE1"/>
		<a id="20" s="H" t="H" l="HZ"/>
		<a id="21" s="H" t="H" l="HE2"/>
		<a id="22" s="H" t="H" l="HD2"/>
		<a id="23" s="H" t="H" l="HXT"/>
	</atoms>
	<bonds>
		<b id="1" c="1 2" t="1"/>
		<b id="2" c="2 3" t="1"/>
		<b id="3" c="3 4" t="1"/>
		<b id="4" c="4 5" t="ar"/>
		<b id="5" c="5 6" t="ar"/>
		<b id="6" c="6 7" t="ar"/>
		<b id="7" c="7 8" t="ar"/>
		<b id="8" c="8 9" t="ar"/>
		<b id="9" c="4 9" t="ar"/>
		<b id="10" c="2 10" t="1"/>
		<b id="11" c="10 11" t="2"/>
		<b id="12" c="10 12" t="1"/>
		<b id="13" c="1 13" t="1"/>
		<b id="14" c="1 14" t="1"/>
		<b id="15" c="2 15" t="1"/>
		<b id="16" c="3 16" t="1"/>
		<b id="17" c="3 17" t="1"/>
		<b id="18" c="5 18" t="1"/>
		<b id="19" c="6 19" t="1"/>
		<b id="20" c="7 20" t="1"/>
		<b id="21" c="8 21" t="1"/>
		<b id="22" c="9 22" t="1"/>
		<b id="23" c="12 23" t="1"/>
	</bonds>
	<geometry>
		<g u="A" t="cart/3d">#23,3:2.7116,-0.2294,-1.4350;2.3990,-0.1304,-0.0144;2.9966,1.0940,0.7133;2.6652,2.3647,-0.0174;1.4609,3.0200,0.2131;1.1340,4.1573,-0.5031;2.0037,4.6544,-1.4600;3.2072,4.0127,-1.6929;3.5345,2.8741,-0.9759;0.8654,-0.1567,0.1405;0.3028,0.1264,1.1598;0.2336,-0.5570,-0.9558;3.6544,-0.5703,-1.5810;2.6492,0.6925,-1.8627;2.7593,-1.0418,0.4794;4.0800,0.9724,0.7847;2.5751,1.1146,1.7187;0.7803,2.6320,0.9555;0.1966,4.6581,-0.3131;1.7469,5.5421,-2.0184;3.8942,4.3976,-2.4326;4.4838,2.3856,-1.1546;0.9142,-0.7229,-1.6465;</g>
	</geometry>
	<conformers/>
	<properties/>
</molecule>
