<?xml version="1.0" ?>
<!--MOLLI PACKAGE EXPERIMENTAL XML FORMAT-->
<molecule name="nuc1944">
	<atoms>
		<a id="1" s="C" t="C.3" l="C"/>
		<a id="2" s="C" t="C.3" l="C"/>
		<a id="3" s="C" t="C.3" l="C"/>
		<a id="4" s="C" t="C.3" l="C"/>
		<a id="5" s="C" t="C.3" l="C"/>
		<a id="6" s="C" t="C.3" l="C"/>
		<a id="7" s="C" t="C.3" l="C"/>
		<a id="8" s="C" t="C.3" l="C"/>
		<a id="9" s="C" t="C.3" l="C"/>
		<a id="10" s="N" t="N.3" l="N"/>
		<a id="11" s="H" t="H" l="H"/>
		<a id="12" s="H" t="H" l="H"/>
		<a id="13" s="H" t="H" l="H"/>
		<a id="14" s="H" t="H" l="H"/>
		<a id="15" s="H" t="H" l="H"/>
		<a id="16" s="H" t="H" l="H"/>
		<a id="17" s="H" t="H" l="H"/>
		<a id="18" s="H" t="H" l="H"/>
		<a id="19" s="H" t="H" l="H"/>
		<a id="20" s="H" t="H" l="H"/>
		<a id="21" s="H" t="H" l="H"/>
		<a id="22" s="H" t="H" l="H"/>
		<a id="23" s="H" t="H" l="H"/>
		<a id="24" s="H" t="H" l="H"/>
		<a id="25" s="H" t="H" l="H"/>
		<a id="26" s="H" t="H" l="H"/>
		<a id="27" s="H" t="H" l="H"/>
		<a id="28" s="H" t="H" l="H"/>
		<a id="29" s="H" t="H" l="H"/>
		<a id="30" s="H" t="H" l="H"/>
		<a id="31" s="H" t="H" l="H"/>
	</atoms>
	<bonds>
		<b id="1" c="1 2" t="1"/>
		<b id="2" c="2 3" t="1"/>
		<b id="3" c="3 4" t="1"/>
		<b id="4" c="4 5" t="1"/>
		<b id="5" c="5 6" t="1"/>
		<b id="6" c="6 7" t="1"/>
		<b id="7" c="7 8" t="1"/>
		<b id="8" c="8 9" t="1"/>
		<b id="9" c="9 10" t="1"/>
		<b id="10" c="1 11" t="1"/>
		<b id="11" c="1 12" t="1"/>
		<b id="12" c="1 13" t="1"/>
		<b id="13" c="2 14" t="1"/>
		<b id="14" c="2 15" t="1"/>
		<b id="15" c="3 16" t="1"/>
		<b id="16" c="3 17" t="1"/>
		<b id="17" c="4 18" t="1"/>
		<b id="18" c="4 19" t="1"/>
		<b id="19" c="5 20" t="1"/>
		<b id="20" c="5 21" t="1"/>
		<b id="21" c="6 22" t="1"/>
		<b id="22" c="6 23" t="1"/>
		<b id="23" c="7 24" t="1"/>
		<b id="24" c="7 25" t="1"/>
		<b id="25" c="8 26" t="1"/>
		<b id="26" c="8 27" t="1"/>
		<b id="27" c="9 28" t="1"/>
		<b id="28" c="9 29" t="1"/>
		<b id="29" c="10 30" t="1"/>
		<b id="30" c="10 31" t="1"/>
	</bonds>
	<geometry>
		<g u="A" t="cart/3d">#31,3:0.8920,-0.0689,-0.0339;2.4155,-0.0797,-0.0098;2.9606,-0.5877,1.3226;4.4870,-0.6006,1.3535;5.0296,-1.1097,2.6866;6.5559,-1.1299,2.7174;7.0948,-1.6430,4.0507;8.6198,-1.6820,4.0742;9.1613,-2.2036,5.4030;10.6146,-2.1355,5.4071;0.5258,0.2959,-0.9909;0.5027,0.5760,0.7510;0.5008,-1.0719,0.1235;2.7883,0.9314,-0.1893;2.7865,-0.7161,-0.8167;2.5877,-1.5990,1.5021;2.5889,0.0483,2.1298;4.8604,0.4105,1.1742;4.8586,-1.2363,0.5461;4.6521,-2.1192,2.8670;4.6610,-0.4716,3.4934;6.9350,-0.1210,2.5400;6.9243,-1.7669,1.9097;6.7041,-2.6471,4.2349;6.7376,-0.9981,4.8569;9.0214,-0.6816,3.9071;8.9803,-2.3231,3.2656;8.7732,-3.2230,5.5770;8.8019,-1.5683,6.2179;10.9928,-2.7292,4.6756;10.9831,-2.4647,6.2927;</g>
	</geometry>
	<conformers/>
	<properties/>
</molecule>
