<?xml version="1.0" ?>
<!--MOLLI PACKAGE EXPERIMENTAL XML FORMAT-->
<molecule name="nuc1948">
	<atoms>
		<a id="1" s="C" t="C.3" l="C"/>
		<a id="2" s="O" t="O.3" l="O"/>
		<a id="3" s="C" t="C.ar" l="C"/>
		<a id="4" s="C" t="C.ar" l="C"/>
		<a id="5" s="C" t="C.ar" l="C"/>
		<a id="6" s="F" t="F" l="F"/>
		<a id="7" s="C" t="C.ar" l="C"/>
		<a id="8" s="N" t="N.pl3" l="N"/>
		<a id="9" s="O" t="O.2" l="O"/>
		<a id="10" s="O" t="O.co2" l="O"/>
		<a id="11" s="C" t="C.ar" l="C"/>
		<a id="12" s="C" t="C.ar" l="C"/>
		<a id="13" s="N" t="N.pl3" l="N"/>
		<a id="14" s="H" t="H" l="H"/>
		<a id="15" s="H" t="H" l="H"/>
		<a id="16" s="H" t="H" l="H"/>
		<a id="17" s="H" t="H" l="H"/>
		<a id="18" s="H" t="H" l="H"/>
		<a id="19" s="H" t="H" l="H"/>
		<a id="20" s="H" t="H" l="H"/>
	</atoms>
	<bonds>
		<b id="1" c="1 2" t="1"/>
		<b id="2" c="2 3" t="1"/>
		<b id="3" c="3 4" t="ar"/>
		<b id="4" c="4 5" t="ar"/>
		<b id="5" c="5 6" t="1"/>
		<b id="6" c="5 7" t="ar"/>
		<b id="7" c="7 8" t="1"/>
		<b id="8" c="8 9" t="2"/>
		<b id="9" c="8 10" t="1"/>
		<b id="10" c="7 11" t="ar"/>
		<b id="11" c="11 12" t="ar"/>
		<b id="12" c="3 12" t="ar"/>
		<b id="13" c="12 13" t="1"/>
		<b id="14" c="1 14" t="1"/>
		<b id="15" c="1 15" t="1"/>
		<b id="16" c="1 16" t="1"/>
		<b id="17" c="4 17" t="1"/>
		<b id="18" c="11 18" t="1"/>
		<b id="19" c="13 19" t="1"/>
		<b id="20" c="13 20" t="1"/>
	</bonds>
	<geometry>
		<g u="A" t="cart/3d">#20,3:1.1057,0.1417,-0.5564;2.2974,-0.1015,0.1576;2.8810,-1.3210,0.0539;2.3858,-2.3751,-0.6924;3.0544,-3.5914,-0.7243;2.5128,-4.5665,-1.4620;4.2284,-3.7722,-0.0012;4.9566,-5.0100,0.0102;4.5737,-5.9159,-0.6948;5.9289,-5.0710,0.7378;4.7239,-2.7068,0.7540;4.0818,-1.4828,0.7957;4.5997,-0.4127,1.4740;0.8304,1.1690,-0.3258;0.3045,-0.5296,-0.2358;1.2605,0.0410,-1.6339;1.4775,-2.2901,-1.2654;5.6365,-2.8620,1.3083;5.2892,-0.6016,2.1810;3.9714,0.3538,1.6449;</g>
	</geometry>
	<conformers/>
	<properties/>
</molecule>
