<?xml version="1.0" ?>
<!--MOLLI PACKAGE EXPERIMENTAL XML FORMAT-->
<molecule name="nuc1949">
	<atoms>
		<a id="1" s="N" t="N.pl3" l="N"/>
		<a id="2" s="C" t="C.ar" l="C"/>
		<a id="3" s="N" t="N.ar" l="N"/>
		<a id="4" s="C" t="C.ar" l="C"/>
		<a id="5" s="C" t="C.ar" l="C"/>
		<a id="6" s="C" t="C.ar" l="C"/>
		<a id="7" s="C" t="C.ar" l="C"/>
		<a id="8" s="C" t="C.ar" l="C"/>
		<a id="9" s="N" t="N.ar" l="N"/>
		<a id="10" s="C" t="C.ar" l="C"/>
		<a id="11" s="N" t="N.ar" l="N"/>
		<a id="12" s="C" t="C.ar" l="C"/>
		<a id="13" s="C" t="C.ar" l="C"/>
		<a id="14" s="C" t="C.ar" l="C"/>
		<a id="15" s="C" t="C.ar" l="C"/>
		<a id="16" s="C" t="C.ar" l="C"/>
		<a id="17" s="O" t="O.2" l="O"/>
		<a id="18" s="N" t="N.ar" l="N"/>
		<a id="19" s="H" t="H" l="H"/>
		<a id="20" s="H" t="H" l="H"/>
		<a id="21" s="H" t="H" l="H"/>
		<a id="22" s="H" t="H" l="H"/>
		<a id="23" s="H" t="H" l="H"/>
		<a id="24" s="H" t="H" l="H"/>
		<a id="25" s="H" t="H" l="H"/>
		<a id="26" s="H" t="H" l="H"/>
		<a id="27" s="H" t="H" l="H"/>
	</atoms>
	<bonds>
		<b id="1" c="1 2" t="1"/>
		<b id="2" c="2 3" t="ar"/>
		<b id="3" c="3 4" t="ar"/>
		<b id="4" c="4 5" t="ar"/>
		<b id="5" c="5 6" t="1"/>
		<b id="6" c="6 7" t="ar"/>
		<b id="7" c="7 8" t="ar"/>
		<b id="8" c="8 9" t="ar"/>
		<b id="9" c="9 10" t="ar"/>
		<b id="10" c="10 11" t="ar"/>
		<b id="11" c="6 11" t="ar"/>
		<b id="12" c="5 12" t="ar"/>
		<b id="13" c="12 13" t="1"/>
		<b id="14" c="13 14" t="ar"/>
		<b id="15" c="14 15" t="ar"/>
		<b id="16" c="15 16" t="ar"/>
		<b id="17" c="16 17" t="ar"/>
		<b id="18" c="13 17" t="ar"/>
		<b id="19" c="12 18" t="ar"/>
		<b id="20" c="2 18" t="ar"/>
		<b id="21" c="1 19" t="1"/>
		<b id="22" c="1 20" t="1"/>
		<b id="23" c="4 21" t="1"/>
		<b id="24" c="7 22" t="1"/>
		<b id="25" c="8 23" t="1"/>
		<b id="26" c="10 24" t="1"/>
		<b id="27" c="14 25" t="1"/>
		<b id="28" c="15 26" t="1"/>
		<b id="29" c="16 27" t="1"/>
	</bonds>
	<geometry>
		<g u="A" t="cart/3d">#27,3:-2.1225,0.1212,0.3555;-0.7910,0.0746,0.1690;-0.2215,-1.1369,0.1312;1.0912,-1.1636,0.0427;1.8797,-0.0173,-0.0386;3.3383,-0.1056,-0.0166;4.0338,-1.0032,-0.8314;5.4110,-1.0157,-0.7045;6.0520,-0.2284,0.1482;5.2997,0.5737,0.8802;3.9883,0.6762,0.8472;1.1717,1.2012,-0.0879;1.8153,2.4741,-0.3287;1.3462,3.7449,-0.0950;2.3615,4.6228,-0.5223;3.3656,3.8288,-0.9944;3.0452,2.5362,-0.8841;-0.1502,1.2342,0.0341;-2.6401,-0.7384,0.3593;-2.5906,1.0060,0.2936;1.5424,-2.1483,0.0583;3.5187,-1.6376,-1.5348;6.0325,-1.6726,-1.3005;5.8154,1.2157,1.5838;0.3999,3.9928,0.3378;2.3502,5.6929,-0.4873;4.3202,4.0621,-1.4238;</g>
	</geometry>
	<conformers/>
	<properties/>
</molecule>
