<?xml version="1.0" ?>
<!--MOLLI PACKAGE EXPERIMENTAL XML FORMAT-->
<molecule name="nuc1950">
	<atoms>
		<a id="1" s="C" t="C.3" l="C"/>
		<a id="2" s="C" t="C.3" l="C"/>
		<a id="3" s="C" t="C.3" l="C"/>
		<a id="4" s="C" t="C.3" l="C"/>
		<a id="5" s="O" t="O.3" l="O"/>
		<a id="6" s="C" t="C.2" l="C"/>
		<a id="7" s="O" t="O.2" l="O"/>
		<a id="8" s="N" t="N.am" l="N"/>
		<a id="9" s="C" t="C.3" l="C"/>
		<a id="10" s="C" t="C.3" l="C"/>
		<a id="11" s="C" t="C.3" l="C"/>
		<a id="12" s="C" t="C.3" l="C"/>
		<a id="13" s="N" t="N.3" l="N"/>
		<a id="14" s="C" t="C.3" l="C"/>
		<a id="15" s="H" t="H" l="H"/>
		<a id="16" s="H" t="H" l="H"/>
		<a id="17" s="H" t="H" l="H"/>
		<a id="18" s="H" t="H" l="H"/>
		<a id="19" s="H" t="H" l="H"/>
		<a id="20" s="H" t="H" l="H"/>
		<a id="21" s="H" t="H" l="H"/>
		<a id="22" s="H" t="H" l="H"/>
		<a id="23" s="H" t="H" l="H"/>
		<a id="24" s="H" t="H" l="H"/>
		<a id="25" s="H" t="H" l="H"/>
		<a id="26" s="H" t="H" l="H"/>
		<a id="27" s="H" t="H" l="H"/>
		<a id="28" s="H" t="H" l="H"/>
		<a id="29" s="H" t="H" l="H"/>
		<a id="30" s="H" t="H" l="H"/>
		<a id="31" s="H" t="H" l="H"/>
		<a id="32" s="H" t="H" l="H"/>
		<a id="33" s="H" t="H" l="H"/>
		<a id="34" s="H" t="H" l="H"/>
	</atoms>
	<bonds>
		<b id="1" c="1 2" t="1"/>
		<b id="2" c="2 3" t="1"/>
		<b id="3" c="2 4" t="1"/>
		<b id="4" c="2 5" t="1"/>
		<b id="5" c="5 6" t="1"/>
		<b id="6" c="6 7" t="2"/>
		<b id="7" c="6 8" t="am"/>
		<b id="8" c="9 10" t="1"/>
		<b id="9" c="10 11" t="1"/>
		<b id="10" c="11 12" t="1"/>
		<b id="11" c="12 14" t="1"/>
		<b id="12" c="9 14" t="1"/>
		<b id="13" c="9 8" t="1"/>
		<b id="14" c="12 13" t="1"/>
		<b id="15" c="1 15" t="1"/>
		<b id="16" c="1 16" t="1"/>
		<b id="17" c="1 17" t="1"/>
		<b id="18" c="3 18" t="1"/>
		<b id="19" c="3 19" t="1"/>
		<b id="20" c="3 20" t="1"/>
		<b id="21" c="4 21" t="1"/>
		<b id="22" c="4 22" t="1"/>
		<b id="23" c="4 23" t="1"/>
		<b id="24" c="8 24" t="1"/>
		<b id="25" c="9 25" t="1"/>
		<b id="26" c="10 26" t="1"/>
		<b id="27" c="10 27" t="1"/>
		<b id="28" c="11 28" t="1"/>
		<b id="29" c="11 29" t="1"/>
		<b id="30" c="12 30" t="1"/>
		<b id="31" c="13 31" t="1"/>
		<b id="32" c="13 32" t="1"/>
		<b id="33" c="14 33" t="1"/>
		<b id="34" c="14 34" t="1"/>
	</bonds>
	<geometry>
		<g u="A" t="cart/3d">#34,3:7.2921,-1.4803,-7.8997;7.8683,-0.0777,-7.7055;9.3505,-0.1413,-7.3367;7.6668,0.7637,-8.9670;7.1253,0.6336,-6.6877;7.0862,0.1708,-5.4219;7.6287,-0.8228,-5.0013;6.3308,1.0039,-4.6712;6.0922,0.8002,-3.2622;6.4993,2.0299,-2.4440;5.3129,2.9828,-2.5918;4.0606,2.0887,-2.7117;3.2317,2.2345,-1.5289;4.5970,0.6537,-2.9578;7.7991,-1.9744,-8.7239;6.2289,-1.4197,-8.1234;7.4287,-2.0676,-6.9959;9.9113,-0.5922,-8.1507;9.4867,-0.7373,-6.4387;9.7334,0.8609,-7.1555;8.1889,0.3093,-9.8038;8.0521,1.7677,-8.8100;6.6082,0.8333,-9.2034;5.9156,1.8019,-5.1228;6.6615,-0.0939,-2.9957;7.4321,2.4630,-2.8001;6.6299,1.7385,-1.4018;5.4277,3.5941,-3.4867;5.2106,3.6544,-1.7412;3.4430,2.4119,-3.5561;3.7411,1.9346,-0.7034;2.3959,1.6650,-1.6042;4.0746,0.1472,-3.7682;4.4726,0.0585,-2.0509;</g>
	</geometry>
	<conformers/>
	<properties/>
</molecule>
