<?xml version="1.0" ?>
<!--MOLLI PACKAGE EXPERIMENTAL XML FORMAT-->
<molecule name="nuc1951">
	<atoms>
		<a id="1" s="C" t="C.3" l="C"/>
		<a id="2" s="C" t="C.ar" l="C"/>
		<a id="3" s="N" t="N.ar" l="N"/>
		<a id="4" s="O" t="O.2" l="O"/>
		<a id="5" s="C" t="C.ar" l="C"/>
		<a id="6" s="N" t="N.pl3" l="N"/>
		<a id="7" s="N" t="N.ar" l="N"/>
		<a id="8" s="H" t="H" l="H"/>
		<a id="9" s="H" t="H" l="H"/>
		<a id="10" s="H" t="H" l="H"/>
		<a id="11" s="H" t="H" l="H"/>
		<a id="12" s="H" t="H" l="H"/>
	</atoms>
	<bonds>
		<b id="1" c="1 2" t="1"/>
		<b id="2" c="2 3" t="ar"/>
		<b id="3" c="3 4" t="ar"/>
		<b id="4" c="4 5" t="ar"/>
		<b id="5" c="5 6" t="1"/>
		<b id="6" c="5 7" t="ar"/>
		<b id="7" c="2 7" t="ar"/>
		<b id="8" c="1 8" t="1"/>
		<b id="9" c="1 9" t="1"/>
		<b id="10" c="1 10" t="1"/>
		<b id="11" c="6 11" t="1"/>
		<b id="12" c="6 12" t="1"/>
	</bonds>
	<geometry>
		<g u="A" t="cart/3d">#12,3:1.2700,0.0498,-0.0530;2.7391,-0.1142,-0.0533;3.3352,-1.2688,-0.0485;4.6857,-0.9799,-0.0502;4.7686,0.3622,-0.0567;5.9728,0.9467,-0.0590;3.6036,0.9462,-0.0589;0.7966,-0.9269,-0.0506;0.9667,0.6103,-0.9346;0.9675,0.6138,0.8268;6.7980,0.3778,-0.0605;6.0276,1.9465,-0.0674;</g>
	</geometry>
	<conformers/>
	<properties/>
</molecule>
