<?xml version="1.0" ?>
<!--MOLLI PACKAGE EXPERIMENTAL XML FORMAT-->
<molecule name="nuc1952">
	<atoms>
		<a id="1" s="C" t="C.3" l="C"/>
		<a id="2" s="O" t="O.3" l="O"/>
		<a id="3" s="C" t="C.ar" l="C"/>
		<a id="4" s="C" t="C.ar" l="C"/>
		<a id="5" s="C" t="C.ar" l="C"/>
		<a id="6" s="N" t="N.pl3" l="N"/>
		<a id="7" s="O" t="O.2" l="O"/>
		<a id="8" s="O" t="O.co2" l="O"/>
		<a id="9" s="C" t="C.ar" l="C"/>
		<a id="10" s="C" t="C.ar" l="C"/>
		<a id="11" s="C" t="C.ar" l="C"/>
		<a id="12" s="N" t="N.pl3" l="N"/>
		<a id="13" s="H" t="H" l="H"/>
		<a id="14" s="H" t="H" l="H"/>
		<a id="15" s="H" t="H" l="H"/>
		<a id="16" s="H" t="H" l="H"/>
		<a id="17" s="H" t="H" l="H"/>
		<a id="18" s="H" t="H" l="H"/>
		<a id="19" s="H" t="H" l="H"/>
		<a id="20" s="H" t="H" l="H"/>
	</atoms>
	<bonds>
		<b id="1" c="1 2" t="1"/>
		<b id="2" c="2 3" t="1"/>
		<b id="3" c="3 4" t="ar"/>
		<b id="4" c="4 5" t="ar"/>
		<b id="5" c="5 6" t="1"/>
		<b id="6" c="6 7" t="2"/>
		<b id="7" c="6 8" t="1"/>
		<b id="8" c="5 9" t="ar"/>
		<b id="9" c="9 10" t="ar"/>
		<b id="10" c="10 11" t="ar"/>
		<b id="11" c="3 11" t="ar"/>
		<b id="12" c="11 12" t="1"/>
		<b id="13" c="1 13" t="1"/>
		<b id="14" c="1 14" t="1"/>
		<b id="15" c="1 15" t="1"/>
		<b id="16" c="4 16" t="1"/>
		<b id="17" c="9 17" t="1"/>
		<b id="18" c="10 18" t="1"/>
		<b id="19" c="12 19" t="1"/>
		<b id="20" c="12 20" t="1"/>
	</bonds>
	<geometry>
		<g u="A" t="cart/3d">#20,3:1.1081,0.5806,-0.2478;2.2397,-0.2341,-0.0438;2.9148,-0.6773,-1.1478;2.5885,-0.3798,-2.4494;3.3678,-0.8880,-3.4946;3.0149,-0.5671,-4.8349;2.0355,0.1359,-5.0158;3.7092,-1.0102,-5.7316;4.4728,-1.6904,-3.2388;4.8009,-1.9882,-1.9349;4.0402,-1.4989,-0.8718;4.3195,-1.8212,0.4177;0.7303,0.8137,0.7462;0.3358,0.0538,-0.8163;1.3716,1.5088,-0.7642;1.7447,0.2401,-2.7063;5.0551,-2.0654,-4.0650;5.6552,-2.6109,-1.7180;5.2018,-2.2458,0.6405;3.8250,-1.3274,1.1395;</g>
	</geometry>
	<conformers/>
	<properties/>
</molecule>
