<?xml version="1.0" ?>
<!--MOLLI PACKAGE EXPERIMENTAL XML FORMAT-->
<molecule name="nuc1953">
	<atoms>
		<a id="1" s="C" t="C.3" l="C"/>
		<a id="2" s="C" t="C.ar" l="C"/>
		<a id="3" s="C" t="C.ar" l="C"/>
		<a id="4" s="C" t="C.ar" l="C"/>
		<a id="5" s="C" t="C.ar" l="C"/>
		<a id="6" s="C" t="C.1" l="C"/>
		<a id="7" s="N" t="N.1" l="N"/>
		<a id="8" s="C" t="C.ar" l="C"/>
		<a id="9" s="N" t="N.pl3" l="N"/>
		<a id="10" s="C" t="C.ar" l="C"/>
		<a id="11" s="H" t="H" l="H"/>
		<a id="12" s="H" t="H" l="H"/>
		<a id="13" s="H" t="H" l="H"/>
		<a id="14" s="H" t="H" l="H"/>
		<a id="15" s="H" t="H" l="H"/>
		<a id="16" s="H" t="H" l="H"/>
		<a id="17" s="H" t="H" l="H"/>
		<a id="18" s="H" t="H" l="H"/>
	</atoms>
	<bonds>
		<b id="1" c="1 2" t="1"/>
		<b id="2" c="2 3" t="ar"/>
		<b id="3" c="3 4" t="ar"/>
		<b id="4" c="4 5" t="ar"/>
		<b id="5" c="5 6" t="1"/>
		<b id="6" c="6 7" t="3"/>
		<b id="7" c="5 8" t="ar"/>
		<b id="8" c="8 9" t="1"/>
		<b id="9" c="8 10" t="ar"/>
		<b id="10" c="2 10" t="ar"/>
		<b id="11" c="1 11" t="1"/>
		<b id="12" c="1 12" t="1"/>
		<b id="13" c="1 13" t="1"/>
		<b id="14" c="3 14" t="1"/>
		<b id="15" c="4 15" t="1"/>
		<b id="16" c="9 16" t="1"/>
		<b id="17" c="9 17" t="1"/>
		<b id="18" c="10 18" t="1"/>
	</bonds>
	<geometry>
		<g u="A" t="cart/3d">#18,3:1.1378,0.0317,0.0542;2.6299,0.0241,-0.0751;3.3516,1.2162,-0.1086;4.7241,1.1963,-0.2280;5.4077,-0.0161,-0.3142;6.8073,-0.0362,-0.4571;7.9477,-0.0810,-0.5902;4.6957,-1.2330,-0.2747;5.3575,-2.4284,-0.2908;3.3072,-1.1807,-0.1590;0.7496,1.0465,0.0311;0.8393,-0.4324,0.9937;0.6820,-0.5361,-0.7555;2.8321,2.1601,-0.0433;5.2872,2.1176,-0.2596;6.3278,-2.4300,-0.5566;4.8313,-3.2626,-0.4834;2.7533,-2.1090,-0.1327;</g>
	</geometry>
	<conformers/>
	<properties/>
</molecule>
