<?xml version="1.0" ?>
<!--MOLLI PACKAGE EXPERIMENTAL XML FORMAT-->
<molecule name="nuc1959">
	<atoms>
		<a id="1" s="N" t="N.pl3" l="N"/>
		<a id="2" s="C" t="C.ar" l="C"/>
		<a id="3" s="C" t="C.ar" l="C"/>
		<a id="4" s="C" t="C.ar" l="C"/>
		<a id="5" s="C" t="C.ar" l="C"/>
		<a id="6" s="N" t="N.am" l="N"/>
		<a id="7" s="C" t="C.2" l="C"/>
		<a id="8" s="O" t="O.2" l="O"/>
		<a id="9" s="C" t="C.3" l="C"/>
		<a id="10" s="C" t="C.3" l="C"/>
		<a id="11" s="C" t="C.3" l="C"/>
		<a id="12" s="C" t="C.3" l="C"/>
		<a id="13" s="N" t="N.3" l="N"/>
		<a id="14" s="C" t="C.3" l="C"/>
		<a id="15" s="C" t="C.ar" l="C"/>
		<a id="16" s="C" t="C.ar" l="C"/>
		<a id="17" s="H" t="H" l="H"/>
		<a id="18" s="H" t="H" l="H"/>
		<a id="19" s="H" t="H" l="H"/>
		<a id="20" s="H" t="H" l="H"/>
		<a id="21" s="H" t="H" l="H"/>
		<a id="22" s="H" t="H" l="H"/>
		<a id="23" s="H" t="H" l="H"/>
		<a id="24" s="H" t="H" l="H"/>
		<a id="25" s="H" t="H" l="H"/>
		<a id="26" s="H" t="H" l="H"/>
		<a id="27" s="H" t="H" l="H"/>
		<a id="28" s="H" t="H" l="H"/>
		<a id="29" s="H" t="H" l="H"/>
		<a id="30" s="H" t="H" l="H"/>
		<a id="31" s="H" t="H" l="H"/>
		<a id="32" s="H" t="H" l="H"/>
		<a id="33" s="H" t="H" l="H"/>
	</atoms>
	<bonds>
		<b id="1" c="1 2" t="1"/>
		<b id="2" c="2 3" t="ar"/>
		<b id="3" c="3 4" t="ar"/>
		<b id="4" c="4 5" t="ar"/>
		<b id="5" c="5 6" t="1"/>
		<b id="6" c="6 7" t="am"/>
		<b id="7" c="7 8" t="2"/>
		<b id="8" c="9 10" t="1"/>
		<b id="9" c="10 11" t="1"/>
		<b id="10" c="11 12" t="1"/>
		<b id="11" c="12 13" t="1"/>
		<b id="12" c="13 14" t="1"/>
		<b id="13" c="9 14" t="1"/>
		<b id="14" c="5 15" t="ar"/>
		<b id="15" c="15 16" t="ar"/>
		<b id="16" c="2 16" t="ar"/>
		<b id="17" c="9 7" t="1"/>
		<b id="18" c="1 17" t="1"/>
		<b id="19" c="1 18" t="1"/>
		<b id="20" c="3 19" t="1"/>
		<b id="21" c="4 20" t="1"/>
		<b id="22" c="6 21" t="1"/>
		<b id="23" c="9 22" t="1"/>
		<b id="24" c="10 23" t="1"/>
		<b id="25" c="10 24" t="1"/>
		<b id="26" c="11 25" t="1"/>
		<b id="27" c="11 26" t="1"/>
		<b id="28" c="12 27" t="1"/>
		<b id="29" c="12 28" t="1"/>
		<b id="30" c="13 29" t="1"/>
		<b id="31" c="14 30" t="1"/>
		<b id="32" c="14 31" t="1"/>
		<b id="33" c="15 32" t="1"/>
		<b id="34" c="16 33" t="1"/>
	</bonds>
	<geometry>
		<g u="A" t="cart/3d">#33,3:-7.3049,5.5254,-6.5293;-7.0225,4.8577,-5.3522;-7.4167,3.5323,-5.1697;-7.0761,2.8357,-4.0287;-6.3269,3.4525,-3.0318;-5.9440,2.8017,-1.8488;-6.3132,1.5786,-1.3819;-7.0544,0.8135,-1.9601;-5.7128,1.2789,-0.0117;-6.5144,2.0100,1.0734;-5.9603,1.6466,2.4478;-5.9773,0.1310,2.6296;-5.1764,-0.4741,1.5820;-5.7434,-0.2246,0.2696;-5.9280,4.7751,-3.2080;-6.2713,5.4697,-4.3488;-8.0689,5.1572,-7.0727;-7.2727,6.5314,-6.4876;-7.9974,3.0438,-5.9388;-7.3919,1.8146,-3.9004;-5.3387,3.3510,-1.2545;-4.6719,1.6167,0.0226;-7.5612,1.7037,1.0057;-6.4707,3.0915,0.9221;-6.5523,2.1212,3.2320;-4.9299,1.9967,2.5297;-7.0250,-0.2215,2.6127;-5.5411,-0.1361,3.5954;-5.0959,-1.4739,1.7369;-6.7848,-0.5752,0.1779;-5.1432,-0.7495,-0.4770;-5.3451,5.2663,-2.4404;-5.9564,6.4962,-4.4707;</g>
	</geometry>
	<conformers/>
	<properties/>
</molecule>
