<?xml version="1.0" ?>
<!--MOLLI PACKAGE EXPERIMENTAL XML FORMAT-->
<molecule name="nuc1961">
	<atoms>
		<a id="1" s="C" t="C.3" l="C"/>
		<a id="2" s="C" t="C.3" l="C"/>
		<a id="3" s="N" t="N.3" l="N"/>
		<a id="4" s="C" t="C.3" l="C"/>
		<a id="5" s="C" t="C.1" l="C"/>
		<a id="6" s="N" t="N.1" l="N"/>
		<a id="7" s="H" t="H" l="H"/>
		<a id="8" s="H" t="H" l="H"/>
		<a id="9" s="H" t="H" l="H"/>
		<a id="10" s="H" t="H" l="H"/>
		<a id="11" s="H" t="H" l="H"/>
		<a id="12" s="H" t="H" l="H"/>
		<a id="13" s="H" t="H" l="H"/>
		<a id="14" s="H" t="H" l="H"/>
	</atoms>
	<bonds>
		<b id="1" c="2 4" t="1"/>
		<b id="2" c="4 5" t="1"/>
		<b id="3" c="5 6" t="3"/>
		<b id="4" c="2 3" t="1"/>
		<b id="5" c="2 1" t="1"/>
		<b id="6" c="1 7" t="1"/>
		<b id="7" c="1 8" t="1"/>
		<b id="8" c="1 9" t="1"/>
		<b id="9" c="2 10" t="1"/>
		<b id="10" c="3 11" t="1"/>
		<b id="11" c="3 12" t="1"/>
		<b id="12" c="4 13" t="1"/>
		<b id="13" c="4 14" t="1"/>
	</bonds>
	<geometry>
		<g u="A" t="cart/3d">#14,3:2.8523,0.6739,1.3473;2.3984,0.0148,0.0490;0.9550,0.0530,-0.0232;2.9721,-1.4273,-0.0506;4.4092,-1.4193,-0.0660;5.5524,-1.3914,-0.0799;3.9369,0.7357,1.3824;2.5063,0.1013,2.2063;2.4360,1.6750,1.4104;2.7782,0.5943,-0.8013;0.5381,-0.4530,0.7506;0.6105,-0.3412,-0.8906;2.6190,-1.9070,-0.9693;2.6335,-2.0187,0.8062;</g>
	</geometry>
	<conformers/>
	<properties/>
</molecule>
