<?xml version="1.0" ?>
<!--MOLLI PACKAGE EXPERIMENTAL XML FORMAT-->
<molecule name="nuc1965">
	<atoms>
		<a id="1" s="N" t="N.3" l="N"/>
		<a id="2" s="C" t="C.3" l="C"/>
		<a id="3" s="C" t="C.3" l="C"/>
		<a id="4" s="C" t="C.3" l="C"/>
		<a id="5" s="C" t="C.2" l="C"/>
		<a id="6" s="O" t="O.2" l="O"/>
		<a id="7" s="O" t="O.3" l="O"/>
		<a id="8" s="H" t="H" l="H"/>
		<a id="9" s="H" t="H" l="H"/>
		<a id="10" s="H" t="H" l="H"/>
		<a id="11" s="H" t="H" l="H"/>
		<a id="12" s="H" t="H" l="H"/>
		<a id="13" s="H" t="H" l="H"/>
		<a id="14" s="H" t="H" l="H"/>
		<a id="15" s="H" t="H" l="H"/>
		<a id="16" s="H" t="H" l="H"/>
	</atoms>
	<bonds>
		<b id="1" c="1 2" t="1"/>
		<b id="2" c="2 3" t="1"/>
		<b id="3" c="3 4" t="1"/>
		<b id="4" c="4 5" t="1"/>
		<b id="5" c="5 6" t="2"/>
		<b id="6" c="5 7" t="1"/>
		<b id="7" c="1 8" t="1"/>
		<b id="8" c="1 9" t="1"/>
		<b id="9" c="2 10" t="1"/>
		<b id="10" c="2 11" t="1"/>
		<b id="11" c="3 12" t="1"/>
		<b id="12" c="3 13" t="1"/>
		<b id="13" c="4 14" t="1"/>
		<b id="14" c="4 15" t="1"/>
		<b id="15" c="7 16" t="1"/>
	</bonds>
	<geometry>
		<g u="A" t="cart/3d">#16,3:3.0524,1.1295,-0.8992;2.5285,0.0357,-0.0929;3.0120,-1.3000,-0.6536;4.5363,-1.3597,-0.6820;5.0469,-2.5874,-1.4037;4.3576,-3.4299,-1.8981;6.3929,-2.6806,-1.4606;2.7594,2.0221,-0.5175;2.6894,1.0648,-1.8453;1.4274,0.0229,-0.0404;2.9099,0.1677,0.9242;2.6372,-1.4290,-1.6704;2.6179,-2.1181,-0.0507;4.9323,-1.3613,0.3378;4.9096,-0.4636,-1.1857;6.8325,-1.9324,-1.0358;</g>
	</geometry>
	<conformers/>
	<properties/>
</molecule>
