<?xml version="1.0" ?>
<!--MOLLI PACKAGE EXPERIMENTAL XML FORMAT-->
<molecule name="nuc1971">
	<atoms>
		<a id="1" s="C" t="C.3" l="CG1"/>
		<a id="2" s="C" t="C.3" l="CB"/>
		<a id="3" s="C" t="C.3" l="CG2"/>
		<a id="4" s="C" t="C.3" l="CA"/>
		<a id="5" s="N" t="N.3" l="N"/>
		<a id="6" s="C" t="C.2" l="C"/>
		<a id="7" s="O" t="O.2" l="O"/>
		<a id="8" s="O" t="O.3" l="OXT"/>
		<a id="9" s="H" t="H" l="HG11"/>
		<a id="10" s="H" t="H" l="HG12"/>
		<a id="11" s="H" t="H" l="HG13"/>
		<a id="12" s="H" t="H" l="HB"/>
		<a id="13" s="H" t="H" l="HG21"/>
		<a id="14" s="H" t="H" l="HG22"/>
		<a id="15" s="H" t="H" l="HG23"/>
		<a id="16" s="H" t="H" l="HA"/>
		<a id="17" s="H" t="H" l="H1"/>
		<a id="18" s="H" t="H" l="H2"/>
		<a id="19" s="H" t="H" l="HXT"/>
	</atoms>
	<bonds>
		<b id="1" c="1 2" t="1"/>
		<b id="2" c="2 3" t="1"/>
		<b id="3" c="4 6" t="1"/>
		<b id="4" c="6 7" t="2"/>
		<b id="5" c="6 8" t="1"/>
		<b id="6" c="4 5" t="1"/>
		<b id="7" c="4 2" t="1"/>
		<b id="8" c="1 9" t="1"/>
		<b id="9" c="1 10" t="1"/>
		<b id="10" c="1 11" t="1"/>
		<b id="11" c="2 12" t="1"/>
		<b id="12" c="3 13" t="1"/>
		<b id="13" c="3 14" t="1"/>
		<b id="14" c="3 15" t="1"/>
		<b id="15" c="4 16" t="1"/>
		<b id="16" c="5 17" t="1"/>
		<b id="17" c="5 18" t="1"/>
		<b id="18" c="8 19" t="1"/>
	</bonds>
	<geometry>
		<g u="A" t="cart/3d">#19,3:2.6498,-0.8916,2.6493;2.6201,0.6116,2.3808;1.2083,1.1623,2.5606;3.1213,0.9417,0.9515;2.3080,0.2685,-0.0421;4.6024,0.5718,0.8247;4.9926,-0.3433,0.1574;5.4604,1.3435,1.5164;2.4296,-1.0850,3.6968;3.6276,-1.3107,2.4215;1.9014,-1.3969,2.0452;3.2875,1.1038,3.1001;0.5655,0.7622,1.7822;1.2022,2.2480,2.4907;0.8123,0.8761,3.5313;3.0197,2.0246,0.7951;2.5467,-0.7186,-0.0483;2.5232,0.6235,-0.9675;5.0136,2.0447,2.0090;</g>
	</geometry>
	<conformers/>
	<properties/>
</molecule>
