<?xml version="1.0" ?>
<!--MOLLI PACKAGE EXPERIMENTAL XML FORMAT-->
<molecule name="nuc1620">
	<atoms>
		<a id="1" s="C" t="C.3" l="C"/>
		<a id="2" s="C" t="C.3" l="C"/>
		<a id="3" s="C" t="C.3" l="C"/>
		<a id="4" s="C" t="C.3" l="C"/>
		<a id="5" s="C" t="C.3" l="C"/>
		<a id="6" s="N" t="N.3" l="N"/>
		<a id="7" s="N" t="N.3" l="N"/>
		<a id="8" s="C" t="C.3" l="C"/>
		<a id="9" s="C" t="C.3" l="C"/>
		<a id="10" s="C" t="C.3" l="C"/>
		<a id="11" s="C" t="C.3" l="C"/>
		<a id="12" s="C" t="C.3" l="C"/>
		<a id="13" s="C" t="C.3" l="C"/>
		<a id="14" s="C" t="C.3" l="C"/>
		<a id="15" s="C" t="C.3" l="C"/>
		<a id="16" s="C" t="C.3" l="C"/>
		<a id="17" s="C" t="C.3" l="C"/>
		<a id="18" s="C" t="C.3" l="C"/>
		<a id="19" s="C" t="C.3" l="C"/>
		<a id="20" s="H" t="H" l="H"/>
		<a id="21" s="H" t="H" l="H"/>
		<a id="22" s="H" t="H" l="H"/>
		<a id="23" s="H" t="H" l="H"/>
		<a id="24" s="H" t="H" l="H"/>
		<a id="25" s="H" t="H" l="H"/>
		<a id="26" s="H" t="H" l="H"/>
		<a id="27" s="H" t="H" l="H"/>
		<a id="28" s="H" t="H" l="H"/>
		<a id="29" s="H" t="H" l="H"/>
		<a id="30" s="H" t="H" l="H"/>
		<a id="31" s="H" t="H" l="H"/>
		<a id="32" s="H" t="H" l="H"/>
		<a id="33" s="H" t="H" l="H"/>
		<a id="34" s="H" t="H" l="H"/>
		<a id="35" s="H" t="H" l="H"/>
		<a id="36" s="H" t="H" l="H"/>
		<a id="37" s="H" t="H" l="H"/>
		<a id="38" s="H" t="H" l="H"/>
		<a id="39" s="H" t="H" l="H"/>
		<a id="40" s="H" t="H" l="H"/>
		<a id="41" s="H" t="H" l="H"/>
		<a id="42" s="H" t="H" l="H"/>
		<a id="43" s="H" t="H" l="H"/>
		<a id="44" s="H" t="H" l="H"/>
		<a id="45" s="H" t="H" l="H"/>
		<a id="46" s="H" t="H" l="H"/>
		<a id="47" s="H" t="H" l="H"/>
		<a id="48" s="H" t="H" l="H"/>
		<a id="49" s="H" t="H" l="H"/>
		<a id="50" s="H" t="H" l="H"/>
		<a id="51" s="H" t="H" l="H"/>
	</atoms>
	<bonds>
		<b id="1" c="1 2" t="1"/>
		<b id="2" c="2 3" t="1"/>
		<b id="3" c="3 4" t="1"/>
		<b id="4" c="4 5" t="1"/>
		<b id="5" c="5 6" t="1"/>
		<b id="6" c="2 7" t="1"/>
		<b id="7" c="7 8" t="1"/>
		<b id="8" c="8 9" t="1"/>
		<b id="9" c="9 10" t="1"/>
		<b id="10" c="10 11" t="1"/>
		<b id="11" c="11 12" t="1"/>
		<b id="12" c="12 13" t="1"/>
		<b id="13" c="13 14" t="1"/>
		<b id="14" c="14 15" t="1"/>
		<b id="15" c="15 16" t="1"/>
		<b id="16" c="16 17" t="1"/>
		<b id="17" c="12 17" t="1"/>
		<b id="18" c="16 18" t="1"/>
		<b id="19" c="10 18" t="1"/>
		<b id="20" c="14 19" t="1"/>
		<b id="21" c="10 19" t="1"/>
		<b id="22" c="1 20" t="1"/>
		<b id="23" c="1 21" t="1"/>
		<b id="24" c="1 22" t="1"/>
		<b id="25" c="2 23" t="1"/>
		<b id="26" c="3 24" t="1"/>
		<b id="27" c="3 25" t="1"/>
		<b id="28" c="4 26" t="1"/>
		<b id="29" c="4 27" t="1"/>
		<b id="30" c="5 28" t="1"/>
		<b id="31" c="5 29" t="1"/>
		<b id="32" c="6 30" t="1"/>
		<b id="33" c="6 31" t="1"/>
		<b id="34" c="7 32" t="1"/>
		<b id="35" c="8 33" t="1"/>
		<b id="36" c="8 34" t="1"/>
		<b id="37" c="9 35" t="1"/>
		<b id="38" c="9 36" t="1"/>
		<b id="39" c="11 37" t="1"/>
		<b id="40" c="11 38" t="1"/>
		<b id="41" c="12 39" t="1"/>
		<b id="42" c="13 40" t="1"/>
		<b id="43" c="13 41" t="1"/>
		<b id="44" c="14 42" t="1"/>
		<b id="45" c="15 43" t="1"/>
		<b id="46" c="15 44" t="1"/>
		<b id="47" c="16 45" t="1"/>
		<b id="48" c="17 46" t="1"/>
		<b id="49" c="17 47" t="1"/>
		<b id="50" c="18 48" t="1"/>
		<b id="51" c="18 49" t="1"/>
		<b id="52" c="19 50" t="1"/>
		<b id="53" c="19 51" t="1"/>
	</bonds>
	<geometry>
		<g u="A" t="cart/3d">#51,3:1.8735,0.2911,2.7216;2.0739,-1.0169,1.9437;0.7168,-1.5751,1.4935;0.8348,-2.8972,0.7381;1.2150,-4.0747,1.6318;1.2993,-5.2894,0.8339;2.9231,-0.8642,0.7742;4.3558,-0.8261,1.0097;4.8805,-2.2382,1.2897;6.4013,-2.4292,1.1629;7.1675,-1.4419,2.0493;8.6712,-1.6980,1.9483;8.9874,-3.1199,2.4069;8.2425,-4.1117,1.5157;8.6930,-3.9372,0.0673;8.3755,-2.5144,-0.3871;9.1207,-1.5181,0.4995;6.8710,-2.2635,-0.2860;6.7403,-3.8561,1.6171;1.2716,0.1194,3.6104;1.3672,1.0262,2.0976;2.8313,0.7033,3.0327;2.5521,-1.7442,2.6042;0.2448,-0.8398,0.8377;0.0761,-1.7037,2.3687;1.5880,-2.7923,-0.0416;-0.1229,-3.1207,0.2612;0.4884,-4.1513,2.4611;2.2035,-3.9088,2.0649;0.3993,-5.4916,0.4100;1.5503,-6.0803,1.4172;2.6262,-0.0453,0.2541;4.6337,-0.1520,1.8363;4.8148,-0.4432,0.0964;4.3796,-2.9156,0.5953;4.5881,-2.5291,2.3012;6.8417,-1.5494,3.0870;6.9570,-0.4180,1.7348;9.2027,-0.9822,2.5868;8.6820,-3.2522,3.4476;10.0635,-3.2996,2.3484;8.4594,-5.1344,1.8460;8.1762,-4.6563,-0.5722;9.7662,-4.1250,-0.0156;8.6935,-2.3844,-1.4283;8.9122,-0.4975,0.1694;10.1981,-1.6817,0.4205;6.3335,-2.9659,-0.9269;6.6538,-1.2544,-0.6406;6.4150,-3.9993,2.6506;6.1992,-4.5739,0.9963;</g>
	</geometry>
	<conformers/>
	<properties/>
</molecule>
