<?xml version="1.0" ?>
<!--MOLLI PACKAGE EXPERIMENTAL XML FORMAT-->
<molecule name="nuc1974">
	<atoms>
		<a id="1" s="N" t="N.pl3" l="N"/>
		<a id="2" s="C" t="C.ar" l="C"/>
		<a id="3" s="N" t="N.ar" l="N"/>
		<a id="4" s="C" t="C.ar" l="C"/>
		<a id="5" s="C" t="C.ar" l="C"/>
		<a id="6" s="C" t="C.ar" l="C"/>
		<a id="7" s="C" t="C.ar" l="C"/>
		<a id="8" s="N" t="N.ar" l="N"/>
		<a id="9" s="C" t="C.ar" l="C"/>
		<a id="10" s="C" t="C.ar" l="C"/>
		<a id="11" s="C" t="C.ar" l="C"/>
		<a id="12" s="C" t="C.ar" l="C"/>
		<a id="13" s="N" t="N.pl3" l="N"/>
		<a id="14" s="C" t="C.3" l="C"/>
		<a id="15" s="C" t="C.3" l="C"/>
		<a id="16" s="C" t="C.3" l="C"/>
		<a id="17" s="C" t="C.3" l="C"/>
		<a id="18" s="N" t="N.3" l="N"/>
		<a id="19" s="C" t="C.3" l="C"/>
		<a id="20" s="C" t="C.3" l="C"/>
		<a id="21" s="C" t="C.3" l="C"/>
		<a id="22" s="C" t="C.3" l="C"/>
		<a id="23" s="C" t="C.3" l="C"/>
		<a id="24" s="C" t="C.3" l="C"/>
		<a id="25" s="N" t="N.ar" l="N"/>
		<a id="26" s="N" t="N.ar" l="N"/>
		<a id="27" s="C" t="C.ar" l="C"/>
		<a id="28" s="N" t="N.ar" l="N"/>
		<a id="29" s="H" t="H" l="H"/>
		<a id="30" s="H" t="H" l="H"/>
		<a id="31" s="H" t="H" l="H"/>
		<a id="32" s="H" t="H" l="H"/>
		<a id="33" s="H" t="H" l="H"/>
		<a id="34" s="H" t="H" l="H"/>
		<a id="35" s="H" t="H" l="H"/>
		<a id="36" s="H" t="H" l="H"/>
		<a id="37" s="H" t="H" l="H"/>
		<a id="38" s="H" t="H" l="H"/>
		<a id="39" s="H" t="H" l="H"/>
		<a id="40" s="H" t="H" l="H"/>
		<a id="41" s="H" t="H" l="H"/>
		<a id="42" s="H" t="H" l="H"/>
		<a id="43" s="H" t="H" l="H"/>
		<a id="44" s="H" t="H" l="H"/>
		<a id="45" s="H" t="H" l="H"/>
		<a id="46" s="H" t="H" l="H"/>
		<a id="47" s="H" t="H" l="H"/>
		<a id="48" s="H" t="H" l="H"/>
		<a id="49" s="H" t="H" l="H"/>
		<a id="50" s="H" t="H" l="H"/>
		<a id="51" s="H" t="H" l="H"/>
		<a id="52" s="H" t="H" l="H"/>
		<a id="53" s="H" t="H" l="H"/>
		<a id="54" s="H" t="H" l="H"/>
	</atoms>
	<bonds>
		<b id="1" c="1 2" t="1"/>
		<b id="2" c="2 3" t="ar"/>
		<b id="3" c="3 4" t="ar"/>
		<b id="4" c="4 5" t="ar"/>
		<b id="5" c="5 6" t="1"/>
		<b id="6" c="6 7" t="ar"/>
		<b id="7" c="7 8" t="ar"/>
		<b id="8" c="8 9" t="ar"/>
		<b id="9" c="9 10" t="ar"/>
		<b id="10" c="10 11" t="ar"/>
		<b id="11" c="11 12" t="ar"/>
		<b id="12" c="12 13" t="1"/>
		<b id="13" c="14 15" t="1"/>
		<b id="14" c="15 16" t="1"/>
		<b id="15" c="16 17" t="1"/>
		<b id="16" c="18 19" t="1"/>
		<b id="17" c="19 20" t="1"/>
		<b id="18" c="20 21" t="1"/>
		<b id="19" c="21 22" t="1"/>
		<b id="20" c="18 22" t="1"/>
		<b id="21" c="17 23" t="1"/>
		<b id="22" c="23 24" t="1"/>
		<b id="23" c="14 24" t="1"/>
		<b id="24" c="12 25" t="ar"/>
		<b id="25" c="25 26" t="ar"/>
		<b id="26" c="6 26" t="ar"/>
		<b id="27" c="9 26" t="ar"/>
		<b id="28" c="5 27" t="ar"/>
		<b id="29" c="27 28" t="ar"/>
		<b id="30" c="2 28" t="ar"/>
		<b id="31" c="17 18" t="1"/>
		<b id="32" c="14 13" t="1"/>
		<b id="33" c="1 29" t="1"/>
		<b id="34" c="1 30" t="1"/>
		<b id="35" c="4 31" t="1"/>
		<b id="36" c="7 32" t="1"/>
		<b id="37" c="10 33" t="1"/>
		<b id="38" c="11 34" t="1"/>
		<b id="39" c="13 35" t="1"/>
		<b id="40" c="14 36" t="1"/>
		<b id="41" c="15 37" t="1"/>
		<b id="42" c="15 38" t="1"/>
		<b id="43" c="16 39" t="1"/>
		<b id="44" c="16 40" t="1"/>
		<b id="45" c="17 41" t="1"/>
		<b id="46" c="19 42" t="1"/>
		<b id="47" c="19 43" t="1"/>
		<b id="48" c="20 44" t="1"/>
		<b id="49" c="20 45" t="1"/>
		<b id="50" c="21 46" t="1"/>
		<b id="51" c="21 47" t="1"/>
		<b id="52" c="22 48" t="1"/>
		<b id="53" c="22 49" t="1"/>
		<b id="54" c="23 50" t="1"/>
		<b id="55" c="23 51" t="1"/>
		<b id="56" c="24 52" t="1"/>
		<b id="57" c="24 53" t="1"/>
		<b id="58" c="27 54" t="1"/>
	</bonds>
	<geometry>
		<g u="A" t="cart/3d">#54,3:2.3106,-3.4800,1.3701;2.1132,-3.9378,0.1128;3.0655,-3.6855,-0.7882;2.8936,-4.1828,-1.9962;1.7723,-4.9416,-2.3543;1.5719,-5.5070,-3.6659;0.5841,-6.3818,-4.1183;0.7443,-6.6928,-5.4070;1.8238,-6.0300,-5.8022;2.4707,-5.9764,-7.0461;3.5794,-5.1950,-7.1595;4.0374,-4.4613,-6.0196;5.1024,-3.6372,-6.1413;5.6737,-2.9208,-5.0200;6.5123,-3.8316,-4.1157;7.8068,-4.2628,-4.7956;8.6565,-3.0337,-5.1560;8.9689,-2.2844,-3.9383;9.5871,-0.9791,-4.1147;11.0946,-1.2256,-4.3149;11.3424,-2.5249,-3.5365;9.9307,-2.9532,-3.0723;7.8280,-2.2130,-6.1515;6.5158,-1.7491,-5.5230;3.4423,-4.5221,-4.8475;2.3584,-5.2912,-4.7585;0.8363,-5.1219,-1.3277;0.9944,-4.6331,-0.1165;3.0529,-2.8206,1.5173;1.5386,-3.5178,2.0107;3.6738,-3.9686,-2.7118;-0.2288,-6.8012,-3.5590;2.0736,-6.5509,-7.8668;4.1196,-5.1112,-8.0895;5.6558,-3.7161,-6.9776;4.8234,-2.5416,-4.4421;5.9199,-4.7061,-3.8438;6.7612,-3.2834,-3.2078;7.5878,-4.8179,-5.7107;8.3510,-4.9387,-4.1364;9.5765,-3.3734,-5.6679;9.4295,-0.4299,-3.1805;9.1410,-0.4040,-4.9204;11.6893,-0.3937,-3.9429;11.3175,-1.3551,-5.3747;12.0025,-2.3738,-2.6845;11.7867,-3.2891,-4.1741;9.7515,-2.5954,-2.0540;9.8058,-4.0326,-3.0778;7.6328,-2.8455,-7.0213;8.3866,-1.3519,-6.5196;5.9389,-1.1695,-6.2472;6.7443,-1.1086,-4.6718;-0.0795,-5.6747,-1.4901;</g>
	</geometry>
	<conformers/>
	<properties/>
</molecule>
