<?xml version="1.0" ?>
<!--MOLLI PACKAGE EXPERIMENTAL XML FORMAT-->
<molecule name="nuc1977">
	<atoms>
		<a id="1" s="C" t="C.3" l="C"/>
		<a id="2" s="C" t="C.3" l="C"/>
		<a id="3" s="C" t="C.3" l="C"/>
		<a id="4" s="C" t="C.3" l="C"/>
		<a id="5" s="O" t="O.3" l="O"/>
		<a id="6" s="C" t="C.2" l="C"/>
		<a id="7" s="O" t="O.2" l="O"/>
		<a id="8" s="N" t="N.am" l="N"/>
		<a id="9" s="C" t="C.3" l="C"/>
		<a id="10" s="C" t="C.3" l="C"/>
		<a id="11" s="C" t="C.3" l="C"/>
		<a id="12" s="N" t="N.3" l="N"/>
		<a id="13" s="C" t="C.3" l="C"/>
		<a id="14" s="H" t="H" l="H"/>
		<a id="15" s="H" t="H" l="H"/>
		<a id="16" s="H" t="H" l="H"/>
		<a id="17" s="H" t="H" l="H"/>
		<a id="18" s="H" t="H" l="H"/>
		<a id="19" s="H" t="H" l="H"/>
		<a id="20" s="H" t="H" l="H"/>
		<a id="21" s="H" t="H" l="H"/>
		<a id="22" s="H" t="H" l="H"/>
		<a id="23" s="H" t="H" l="H"/>
		<a id="24" s="H" t="H" l="H"/>
		<a id="25" s="H" t="H" l="H"/>
		<a id="26" s="H" t="H" l="H"/>
		<a id="27" s="H" t="H" l="H"/>
		<a id="28" s="H" t="H" l="H"/>
		<a id="29" s="H" t="H" l="H"/>
		<a id="30" s="H" t="H" l="H"/>
		<a id="31" s="H" t="H" l="H"/>
	</atoms>
	<bonds>
		<b id="1" c="1 2" t="1"/>
		<b id="2" c="2 3" t="1"/>
		<b id="3" c="2 4" t="1"/>
		<b id="4" c="2 5" t="1"/>
		<b id="5" c="5 6" t="1"/>
		<b id="6" c="6 7" t="2"/>
		<b id="7" c="6 8" t="am"/>
		<b id="8" c="8 9" t="1"/>
		<b id="9" c="9 10" t="1"/>
		<b id="10" c="10 11" t="1"/>
		<b id="11" c="11 13" t="1"/>
		<b id="12" c="8 13" t="1"/>
		<b id="13" c="11 12" t="1"/>
		<b id="14" c="1 14" t="1"/>
		<b id="15" c="1 15" t="1"/>
		<b id="16" c="1 16" t="1"/>
		<b id="17" c="3 17" t="1"/>
		<b id="18" c="3 18" t="1"/>
		<b id="19" c="3 19" t="1"/>
		<b id="20" c="4 20" t="1"/>
		<b id="21" c="4 21" t="1"/>
		<b id="22" c="4 22" t="1"/>
		<b id="23" c="9 23" t="1"/>
		<b id="24" c="9 24" t="1"/>
		<b id="25" c="10 25" t="1"/>
		<b id="26" c="10 26" t="1"/>
		<b id="27" c="11 27" t="1"/>
		<b id="28" c="12 28" t="1"/>
		<b id="29" c="12 29" t="1"/>
		<b id="30" c="13 30" t="1"/>
		<b id="31" c="13 31" t="1"/>
	</bonds>
	<geometry>
		<g u="A" t="cart/3d">#31,3:3.5016,-0.8804,0.8875;2.7094,0.0655,-0.0154;2.8106,-0.3641,-1.4789;1.2455,0.1227,0.4252;3.1771,1.4236,0.1476;4.4529,1.7419,-0.1511;5.3047,0.9898,-0.5697;4.6694,3.0555,0.0695;3.7072,3.9637,0.6663;4.4455,5.2975,0.7229;5.9201,4.8925,0.8475;6.8095,5.9783,0.5108;5.9846,3.6436,-0.0568;3.0880,-1.8829,0.8227;3.4490,-0.5418,1.9203;4.5425,-0.9050,0.5775;2.3882,-1.3578,-1.5992;3.8512,-0.3803,-1.7905;2.2639,0.3321,-2.1115;0.7970,-0.8635,0.3526;0.6926,0.8126,-0.2069;1.1795,0.4693,1.4532;3.4335,3.6129,1.6682;2.7977,4.0052,0.0623;4.1194,5.9226,1.5498;4.3083,5.8520,-0.2064;6.1331,4.6023,1.8818;6.6784,6.2594,-0.4557;7.7768,5.7000,0.6286;6.7489,2.9216,0.2384;6.1726,3.9365,-1.0993;</g>
	</geometry>
	<conformers/>
	<properties/>
</molecule>
