<?xml version="1.0" ?>
<!--MOLLI PACKAGE EXPERIMENTAL XML FORMAT-->
<molecule name="nuc1621">
	<atoms>
		<a id="1" s="N" t="N.pl3" l="N"/>
		<a id="2" s="C" t="C.ar" l="C"/>
		<a id="3" s="C" t="C.ar" l="C"/>
		<a id="4" s="C" t="C.ar" l="C"/>
		<a id="5" s="C" t="C.ar" l="C"/>
		<a id="6" s="C" t="C.ar" l="C"/>
		<a id="7" s="C" t="C.ar" l="C"/>
		<a id="8" s="C" t="C.ar" l="C"/>
		<a id="9" s="C" t="C.ar" l="C"/>
		<a id="10" s="C" t="C.ar" l="C"/>
		<a id="11" s="C" t="C.ar" l="C"/>
		<a id="12" s="C" t="C.ar" l="C"/>
		<a id="13" s="C" t="C.ar" l="C"/>
		<a id="14" s="C" t="C.ar" l="C"/>
		<a id="15" s="O" t="O.3" l="O"/>
		<a id="16" s="C" t="C.ar" l="C"/>
		<a id="17" s="C" t="C.ar" l="C"/>
		<a id="18" s="N" t="N.ar" l="N"/>
		<a id="19" s="C" t="C.ar" l="C"/>
		<a id="20" s="C" t="C.ar" l="C"/>
		<a id="21" s="C" t="C.2" l="C"/>
		<a id="22" s="O" t="O.2" l="O"/>
		<a id="23" s="N" t="N.am" l="N"/>
		<a id="24" s="C" t="C.3" l="C"/>
		<a id="25" s="C" t="C.3" l="C"/>
		<a id="26" s="H" t="H" l="H"/>
		<a id="27" s="H" t="H" l="H"/>
		<a id="28" s="H" t="H" l="H"/>
		<a id="29" s="H" t="H" l="H"/>
		<a id="30" s="H" t="H" l="H"/>
		<a id="31" s="H" t="H" l="H"/>
		<a id="32" s="H" t="H" l="H"/>
		<a id="33" s="H" t="H" l="H"/>
		<a id="34" s="H" t="H" l="H"/>
		<a id="35" s="H" t="H" l="H"/>
		<a id="36" s="H" t="H" l="H"/>
		<a id="37" s="H" t="H" l="H"/>
		<a id="38" s="H" t="H" l="H"/>
		<a id="39" s="H" t="H" l="H"/>
		<a id="40" s="H" t="H" l="H"/>
		<a id="41" s="H" t="H" l="H"/>
		<a id="42" s="H" t="H" l="H"/>
	</atoms>
	<bonds>
		<b id="1" c="1 2" t="1"/>
		<b id="2" c="2 3" t="ar"/>
		<b id="3" c="3 4" t="ar"/>
		<b id="4" c="4 5" t="1"/>
		<b id="5" c="5 6" t="ar"/>
		<b id="6" c="6 7" t="ar"/>
		<b id="7" c="7 8" t="ar"/>
		<b id="8" c="8 9" t="ar"/>
		<b id="9" c="9 10" t="1"/>
		<b id="10" c="10 11" t="ar"/>
		<b id="11" c="11 12" t="ar"/>
		<b id="12" c="12 13" t="ar"/>
		<b id="13" c="13 14" t="ar"/>
		<b id="14" c="14 15" t="1"/>
		<b id="15" c="14 16" t="ar"/>
		<b id="16" c="10 16" t="ar"/>
		<b id="17" c="9 17" t="ar"/>
		<b id="18" c="5 17" t="ar"/>
		<b id="19" c="4 18" t="ar"/>
		<b id="20" c="18 19" t="ar"/>
		<b id="21" c="19 20" t="ar"/>
		<b id="22" c="2 20" t="ar"/>
		<b id="23" c="20 21" t="1"/>
		<b id="24" c="21 22" t="2"/>
		<b id="25" c="21 23" t="am"/>
		<b id="26" c="23 24" t="1"/>
		<b id="27" c="24 25" t="1"/>
		<b id="28" c="19 25" t="1"/>
		<b id="29" c="1 26" t="1"/>
		<b id="30" c="1 27" t="1"/>
		<b id="31" c="3 28" t="1"/>
		<b id="32" c="6 29" t="1"/>
		<b id="33" c="7 30" t="1"/>
		<b id="34" c="8 31" t="1"/>
		<b id="35" c="11 32" t="1"/>
		<b id="36" c="12 33" t="1"/>
		<b id="37" c="13 34" t="1"/>
		<b id="38" c="15 35" t="1"/>
		<b id="39" c="16 36" t="1"/>
		<b id="40" c="17 37" t="1"/>
		<b id="41" c="23 38" t="1"/>
		<b id="42" c="24 39" t="1"/>
		<b id="43" c="24 40" t="1"/>
		<b id="44" c="25 41" t="1"/>
		<b id="45" c="25 42" t="1"/>
	</bonds>
	<geometry>
		<g u="A" t="cart/3d">#42,3:4.5596,-2.3244,-1.3388;4.2281,-1.2356,-0.6240;4.9801,-0.0528,-0.6870;4.5941,1.0518,0.0508;5.3325,2.3222,0.0079;5.2688,3.1818,1.1037;5.9571,4.3794,1.0899;6.7128,4.7391,-0.0117;6.7769,3.9027,-1.1239;7.5643,4.2888,-2.3057;8.8183,4.8806,-2.1602;9.5507,5.2441,-3.2734;9.0499,5.0298,-4.5456;7.8020,4.4387,-4.7019;7.2624,4.2038,-5.9304;7.0656,4.0692,-3.5834;6.0814,2.6986,-1.1018;3.5323,1.0257,0.8698;2.8125,-0.0731,0.9396;3.0814,-1.2313,0.2051;2.2193,-2.4163,0.3230;2.5199,-3.5318,-0.0958;1.0369,-2.2197,0.9519;0.5230,-0.9182,1.3122;1.6518,-0.0781,1.8942;5.4090,-2.3451,-1.8731;4.0209,-3.1659,-1.1692;5.8700,-0.0307,-1.2973;4.6738,2.8895,1.9542;5.9038,5.0413,1.9423;7.2345,5.6848,-0.0242;9.2250,5.0361,-1.1725;10.5232,5.6992,-3.1549;9.6234,5.3199,-5.4163;7.8661,4.5149,-6.6156;6.0910,3.6310,-3.7311;6.1268,2.0545,-1.9671;0.4123,-3.0122,0.9690;-0.2795,-1.0480,2.0413;0.1079,-0.4144,0.4266;1.9834,-0.5110,2.8425;1.3270,0.9441,2.0805;</g>
	</geometry>
	<conformers/>
	<properties/>
</molecule>
