<?xml version="1.0" ?>
<!--MOLLI PACKAGE EXPERIMENTAL XML FORMAT-->
<molecule name="nuc1989">
	<atoms>
		<a id="1" s="N" t="N.pl3" l="N"/>
		<a id="2" s="C" t="C.ar" l="C"/>
		<a id="3" s="C" t="C.ar" l="C"/>
		<a id="4" s="C" t="C.ar" l="C"/>
		<a id="5" s="N" t="N.ar" l="N"/>
		<a id="6" s="C" t="C.ar" l="C"/>
		<a id="7" s="C" t="C.3" l="C"/>
		<a id="8" s="O" t="O.3" l="O"/>
		<a id="9" s="C" t="C.3" l="C"/>
		<a id="10" s="C" t="C.3" l="C"/>
		<a id="11" s="C" t="C.3" l="C"/>
		<a id="12" s="N" t="N.am" l="N"/>
		<a id="13" s="C" t="C.2" l="C"/>
		<a id="14" s="O" t="O.2" l="O"/>
		<a id="15" s="C" t="C.3" l="C"/>
		<a id="16" s="C" t="C.3" l="C"/>
		<a id="17" s="C" t="C.3" l="C"/>
		<a id="18" s="C" t="C.3" l="C"/>
		<a id="19" s="C" t="C.3" l="C"/>
		<a id="20" s="C" t="C.ar" l="C"/>
		<a id="21" s="H" t="H" l="H"/>
		<a id="22" s="H" t="H" l="H"/>
		<a id="23" s="H" t="H" l="H"/>
		<a id="24" s="H" t="H" l="H"/>
		<a id="25" s="H" t="H" l="H"/>
		<a id="26" s="H" t="H" l="H"/>
		<a id="27" s="H" t="H" l="H"/>
		<a id="28" s="H" t="H" l="H"/>
		<a id="29" s="H" t="H" l="H"/>
		<a id="30" s="H" t="H" l="H"/>
		<a id="31" s="H" t="H" l="H"/>
		<a id="32" s="H" t="H" l="H"/>
		<a id="33" s="H" t="H" l="H"/>
		<a id="34" s="H" t="H" l="H"/>
		<a id="35" s="H" t="H" l="H"/>
		<a id="36" s="H" t="H" l="H"/>
		<a id="37" s="H" t="H" l="H"/>
		<a id="38" s="H" t="H" l="H"/>
		<a id="39" s="H" t="H" l="H"/>
	</atoms>
	<bonds>
		<b id="1" c="1 2" t="1"/>
		<b id="2" c="2 3" t="ar"/>
		<b id="3" c="3 4" t="ar"/>
		<b id="4" c="4 5" t="ar"/>
		<b id="5" c="5 6" t="ar"/>
		<b id="6" c="6 7" t="1"/>
		<b id="7" c="7 8" t="1"/>
		<b id="8" c="7 9" t="1"/>
		<b id="9" c="9 10" t="1"/>
		<b id="10" c="10 11" t="1"/>
		<b id="11" c="11 12" t="1"/>
		<b id="12" c="12 13" t="am"/>
		<b id="13" c="13 14" t="2"/>
		<b id="14" c="13 15" t="1"/>
		<b id="15" c="15 16" t="1"/>
		<b id="16" c="16 17" t="1"/>
		<b id="17" c="15 17" t="1"/>
		<b id="18" c="12 18" t="1"/>
		<b id="19" c="10 18" t="1"/>
		<b id="20" c="10 19" t="1"/>
		<b id="21" c="7 19" t="1"/>
		<b id="22" c="6 20" t="ar"/>
		<b id="23" c="2 20" t="ar"/>
		<b id="24" c="1 21" t="1"/>
		<b id="25" c="1 22" t="1"/>
		<b id="26" c="3 23" t="1"/>
		<b id="27" c="4 24" t="1"/>
		<b id="28" c="8 25" t="1"/>
		<b id="29" c="9 26" t="1"/>
		<b id="30" c="9 27" t="1"/>
		<b id="31" c="11 28" t="1"/>
		<b id="32" c="11 29" t="1"/>
		<b id="33" c="15 30" t="1"/>
		<b id="34" c="16 31" t="1"/>
		<b id="35" c="16 32" t="1"/>
		<b id="36" c="17 33" t="1"/>
		<b id="37" c="17 34" t="1"/>
		<b id="38" c="18 35" t="1"/>
		<b id="39" c="18 36" t="1"/>
		<b id="40" c="19 37" t="1"/>
		<b id="41" c="19 38" t="1"/>
		<b id="42" c="20 39" t="1"/>
	</bonds>
	<geometry>
		<g u="A" t="cart/3d">#39,3:1.2632,0.5596,2.6190;0.4468,0.2601,1.5658;0.3140,1.1261,0.4752;-0.4795,0.7364,-0.5837;-1.1292,-0.4147,-0.6405;-1.0086,-1.2428,0.3915;-1.7883,-2.5343,0.3317;-1.1339,-3.5844,1.0025;-2.3368,-2.8700,-1.0752;-3.7315,-2.4299,-0.6210;-4.3760,-1.1937,-1.2619;-5.5273,-2.0106,-1.6025;-6.6420,-1.6848,-2.2808;-6.8266,-0.5587,-2.7073;-7.6168,-2.8027,-2.4641;-8.3085,-2.8982,-3.8003;-9.0687,-2.4317,-2.6091;-4.9910,-3.2186,-1.0104;-3.2428,-2.3625,0.8275;-0.2417,-0.9538,1.5077;1.5613,1.5135,2.7311;1.1604,0.0219,3.4629;0.8230,2.0780,0.4684;-0.6083,1.3808,-1.4434;-0.2741,-3.7243,0.5907;-2.2766,-3.9359,-1.2874;-1.9022,-2.2891,-1.8835;-3.8533,-0.7878,-2.1292;-4.6143,-0.3779,-0.5764;-7.3734,-3.7242,-1.9534;-8.5058,-3.8823,-4.1985;-8.0353,-2.1604,-4.5388;-9.8070,-3.0833,-2.1668;-9.2994,-1.3792,-2.5480;-4.8232,-4.0276,-1.7278;-5.5755,-3.5944,-0.1649;-3.5461,-3.2200,1.4241;-3.4542,-1.4415,1.3655;-0.1852,-1.6605,2.3220;</g>
	</geometry>
	<conformers/>
	<properties/>
</molecule>
