<?xml version="1.0" ?>
<!--MOLLI PACKAGE EXPERIMENTAL XML FORMAT-->
<molecule name="nuc1622">
	<atoms>
		<a id="1" s="C" t="C.3" l="C"/>
		<a id="2" s="N" t="N.3" l="N"/>
		<a id="3" s="C" t="C.3" l="C"/>
		<a id="4" s="C" t="C.3" l="C"/>
		<a id="5" s="C" t="C.3" l="C"/>
		<a id="6" s="N" t="N.pl3" l="N"/>
		<a id="7" s="C" t="C.ar" l="C"/>
		<a id="8" s="C" t="C.ar" l="C"/>
		<a id="9" s="C" t="C.ar" l="C"/>
		<a id="10" s="C" t="C.ar" l="C"/>
		<a id="11" s="C" t="C.ar" l="C"/>
		<a id="12" s="N" t="N.pl3" l="N"/>
		<a id="13" s="C" t="C.ar" l="C"/>
		<a id="14" s="C" t="C.3" l="C"/>
		<a id="15" s="C" t="C.3" l="C"/>
		<a id="16" s="H" t="H" l="H"/>
		<a id="17" s="H" t="H" l="H"/>
		<a id="18" s="H" t="H" l="H"/>
		<a id="19" s="H" t="H" l="H"/>
		<a id="20" s="H" t="H" l="H"/>
		<a id="21" s="H" t="H" l="H"/>
		<a id="22" s="H" t="H" l="H"/>
		<a id="23" s="H" t="H" l="H"/>
		<a id="24" s="H" t="H" l="H"/>
		<a id="25" s="H" t="H" l="H"/>
		<a id="26" s="H" t="H" l="H"/>
		<a id="27" s="H" t="H" l="H"/>
		<a id="28" s="H" t="H" l="H"/>
		<a id="29" s="H" t="H" l="H"/>
		<a id="30" s="H" t="H" l="H"/>
		<a id="31" s="H" t="H" l="H"/>
		<a id="32" s="H" t="H" l="H"/>
		<a id="33" s="H" t="H" l="H"/>
		<a id="34" s="H" t="H" l="H"/>
	</atoms>
	<bonds>
		<b id="1" c="1 2" t="1"/>
		<b id="2" c="2 3" t="1"/>
		<b id="3" c="3 4" t="1"/>
		<b id="4" c="4 5" t="1"/>
		<b id="5" c="5 6" t="1"/>
		<b id="6" c="6 7" t="1"/>
		<b id="7" c="7 8" t="ar"/>
		<b id="8" c="8 9" t="ar"/>
		<b id="9" c="9 10" t="ar"/>
		<b id="10" c="10 11" t="ar"/>
		<b id="11" c="11 12" t="1"/>
		<b id="12" c="11 13" t="ar"/>
		<b id="13" c="7 13" t="ar"/>
		<b id="14" c="6 14" t="1"/>
		<b id="15" c="14 15" t="1"/>
		<b id="16" c="2 15" t="1"/>
		<b id="17" c="1 16" t="1"/>
		<b id="18" c="1 17" t="1"/>
		<b id="19" c="1 18" t="1"/>
		<b id="20" c="3 19" t="1"/>
		<b id="21" c="3 20" t="1"/>
		<b id="22" c="4 21" t="1"/>
		<b id="23" c="4 22" t="1"/>
		<b id="24" c="5 23" t="1"/>
		<b id="25" c="5 24" t="1"/>
		<b id="26" c="8 25" t="1"/>
		<b id="27" c="9 26" t="1"/>
		<b id="28" c="10 27" t="1"/>
		<b id="29" c="12 28" t="1"/>
		<b id="30" c="12 29" t="1"/>
		<b id="31" c="13 30" t="1"/>
		<b id="32" c="14 31" t="1"/>
		<b id="33" c="14 32" t="1"/>
		<b id="34" c="15 33" t="1"/>
		<b id="35" c="15 34" t="1"/>
	</bonds>
	<geometry>
		<g u="A" t="cart/3d">#34,3:1.0527,0.2326,0.1680;2.4874,0.1330,0.0043;3.0284,1.2653,-0.7304;4.5206,1.4550,-0.4429;5.4297,0.7291,-1.4379;5.0034,-0.6218,-1.7141;5.2589,-1.2091,-2.9338;4.5665,-2.3547,-3.3508;4.8273,-2.9230,-4.5816;5.7630,-2.3817,-5.4405;6.4696,-1.2480,-5.0450;7.4796,-0.7383,-5.8470;6.2156,-0.6773,-3.8029;4.3665,-1.3526,-0.6508;2.8470,-1.1411,-0.5904;0.8130,1.1610,0.6843;0.7058,-0.6000,0.7788;0.5085,0.2117,-0.7896;2.4935,2.1552,-0.3904;2.8642,1.1668,-1.8172;4.7110,1.1256,0.5783;4.7675,2.5171,-0.4950;6.4632,0.7499,-1.0538;5.4082,1.2850,-2.3803;3.8098,-2.7996,-2.7257;4.2761,-3.8032,-4.8821;5.9559,-2.8296,-6.4042;7.4166,-0.9747,-6.8245;7.7336,0.2215,-5.6746;6.8063,0.1784,-3.5140;4.8023,-1.0519,0.3050;4.5708,-2.4178,-0.7844;2.4097,-1.9270,0.0316;2.4341,-1.2374,-1.6105;</g>
	</geometry>
	<conformers/>
	<properties/>
</molecule>
