<?xml version="1.0" ?>
<!--MOLLI PACKAGE EXPERIMENTAL XML FORMAT-->
<molecule name="nuc1994">
	<atoms>
		<a id="1" s="C" t="C.3" l="C"/>
		<a id="2" s="C" t="C.2" l="C"/>
		<a id="3" s="O" t="O.2" l="O"/>
		<a id="4" s="N" t="N.am" l="N"/>
		<a id="5" s="C" t="C.ar" l="C"/>
		<a id="6" s="C" t="C.ar" l="C"/>
		<a id="7" s="C" t="C.ar" l="C"/>
		<a id="8" s="C" t="C.2" l="C"/>
		<a id="9" s="N" t="N.am" l="N"/>
		<a id="10" s="O" t="O.2" l="O"/>
		<a id="11" s="C" t="C.ar" l="C"/>
		<a id="12" s="C" t="C.ar" l="C"/>
		<a id="13" s="N" t="N.ar" l="N"/>
		<a id="14" s="H" t="H" l="H"/>
		<a id="15" s="H" t="H" l="H"/>
		<a id="16" s="H" t="H" l="H"/>
		<a id="17" s="H" t="H" l="H"/>
		<a id="18" s="H" t="H" l="H"/>
		<a id="19" s="H" t="H" l="H"/>
		<a id="20" s="H" t="H" l="H"/>
		<a id="21" s="H" t="H" l="H"/>
		<a id="22" s="H" t="H" l="H"/>
	</atoms>
	<bonds>
		<b id="1" c="1 2" t="1"/>
		<b id="2" c="2 3" t="2"/>
		<b id="3" c="2 4" t="am"/>
		<b id="4" c="4 5" t="1"/>
		<b id="5" c="5 6" t="ar"/>
		<b id="6" c="6 7" t="ar"/>
		<b id="7" c="7 8" t="1"/>
		<b id="8" c="8 9" t="am"/>
		<b id="9" c="8 10" t="2"/>
		<b id="10" c="7 11" t="ar"/>
		<b id="11" c="11 12" t="ar"/>
		<b id="12" c="12 13" t="ar"/>
		<b id="13" c="5 13" t="ar"/>
		<b id="14" c="1 14" t="1"/>
		<b id="15" c="1 15" t="1"/>
		<b id="16" c="1 16" t="1"/>
		<b id="17" c="4 17" t="1"/>
		<b id="18" c="6 18" t="1"/>
		<b id="19" c="9 19" t="1"/>
		<b id="20" c="9 20" t="1"/>
		<b id="21" c="11 21" t="1"/>
		<b id="22" c="12 22" t="1"/>
	</bonds>
	<geometry>
		<g u="A" t="cart/3d">#22,3:1.0335,0.3384,0.3004;2.4395,-0.0626,-0.0836;2.7479,-1.1813,-0.4237;3.3191,0.9823,-0.0040;4.6843,0.9957,-0.2644;5.3747,-0.0936,-0.7940;6.7405,0.0425,-0.9998;7.5907,-1.0501,-1.5729;7.1184,-2.3043,-1.3976;8.6369,-0.8217,-2.1421;7.3500,1.2575,-0.6887;6.5658,2.2745,-0.1759;5.2667,2.1518,0.0367;0.3859,-0.5325,0.2518;0.6645,1.0978,-0.3860;1.0191,0.7431,1.3098;2.9811,1.8759,0.3297;4.8306,-0.9871,-1.0483;6.2673,-2.4993,-0.9019;7.6553,-3.0728,-1.7635;8.4071,1.3815,-0.8582;6.9859,3.2379,0.0800;</g>
	</geometry>
	<conformers/>
	<properties/>
</molecule>
