<?xml version="1.0" ?>
<!--MOLLI PACKAGE EXPERIMENTAL XML FORMAT-->
<molecule name="nuc1995">
	<atoms>
		<a id="1" s="C" t="C.3" l="C"/>
		<a id="2" s="C" t="C.ar" l="C"/>
		<a id="3" s="N" t="N.ar" l="N"/>
		<a id="4" s="C" t="C.ar" l="C"/>
		<a id="5" s="S" t="S.O2" l="S"/>
		<a id="6" s="C" t="C.3" l="C"/>
		<a id="7" s="O" t="O.2" l="O"/>
		<a id="8" s="O" t="O.2" l="O"/>
		<a id="9" s="C" t="C.ar" l="C"/>
		<a id="10" s="C" t="C.ar" l="C"/>
		<a id="11" s="C" t="C.ar" l="C"/>
		<a id="12" s="N" t="N.pl3" l="N"/>
		<a id="13" s="H" t="H" l="H"/>
		<a id="14" s="H" t="H" l="H"/>
		<a id="15" s="H" t="H" l="H"/>
		<a id="16" s="H" t="H" l="H"/>
		<a id="17" s="H" t="H" l="H"/>
		<a id="18" s="H" t="H" l="H"/>
		<a id="19" s="H" t="H" l="H"/>
		<a id="20" s="H" t="H" l="H"/>
		<a id="21" s="H" t="H" l="H"/>
		<a id="22" s="H" t="H" l="H"/>
	</atoms>
	<bonds>
		<b id="1" c="1 2" t="1"/>
		<b id="2" c="2 3" t="ar"/>
		<b id="3" c="3 4" t="ar"/>
		<b id="4" c="4 5" t="1"/>
		<b id="5" c="5 6" t="1"/>
		<b id="6" c="5 7" t="2"/>
		<b id="7" c="5 8" t="2"/>
		<b id="8" c="4 9" t="ar"/>
		<b id="9" c="9 10" t="ar"/>
		<b id="10" c="10 11" t="ar"/>
		<b id="11" c="2 11" t="ar"/>
		<b id="12" c="11 12" t="1"/>
		<b id="13" c="1 13" t="1"/>
		<b id="14" c="1 14" t="1"/>
		<b id="15" c="1 15" t="1"/>
		<b id="16" c="6 16" t="1"/>
		<b id="17" c="6 17" t="1"/>
		<b id="18" c="6 18" t="1"/>
		<b id="19" c="9 19" t="1"/>
		<b id="20" c="10 20" t="1"/>
		<b id="21" c="12 21" t="1"/>
		<b id="22" c="12 22" t="1"/>
	</bonds>
	<geometry>
		<g u="A" t="cart/3d">#22,3:0.9909,0.1866,0.0164;2.4821,0.1195,-0.1072;3.1310,1.2699,-0.1368;4.4462,1.2685,-0.2343;5.2444,2.8828,-0.2768;3.8800,4.0596,-0.0872;6.1222,2.9857,0.8607;5.8429,3.0572,-1.5756;5.2123,0.1217,-0.3079;4.5523,-1.0931,-0.2851;3.1584,-1.1176,-0.1857;2.4798,-2.3048,-0.0974;0.6898,1.2266,0.0923;0.6571,-0.3478,0.9048;0.5083,-0.2549,-0.8560;3.4039,3.8584,0.8622;3.1979,3.9045,-0.9113;4.3046,5.0552,-0.1103;6.2838,0.1976,-0.3833;5.0996,-2.0232,-0.3418;2.9816,-3.1372,-0.3593;1.4984,-2.3014,-0.3147;</g>
	</geometry>
	<conformers/>
	<properties/>
</molecule>
