<?xml version="1.0" ?>
<!--MOLLI PACKAGE EXPERIMENTAL XML FORMAT-->
<molecule name="nuc1996">
	<atoms>
		<a id="1" s="C" t="C.3" l="C"/>
		<a id="2" s="C" t="C.3" l="C"/>
		<a id="3" s="C" t="C.3" l="C"/>
		<a id="4" s="C" t="C.3" l="C"/>
		<a id="5" s="O" t="O.3" l="O"/>
		<a id="6" s="C" t="C.2" l="C"/>
		<a id="7" s="O" t="O.2" l="O"/>
		<a id="8" s="N" t="N.am" l="N"/>
		<a id="9" s="C" t="C.3" l="C"/>
		<a id="10" s="C" t="C.3" l="C"/>
		<a id="11" s="C" t="C.ar" l="C"/>
		<a id="12" s="C" t="C.ar" l="C"/>
		<a id="13" s="C" t="C.ar" l="C"/>
		<a id="14" s="C" t="C.ar" l="C"/>
		<a id="15" s="C" t="C.ar" l="C"/>
		<a id="16" s="N" t="N.ar" l="N"/>
		<a id="17" s="C" t="C.ar" l="C"/>
		<a id="18" s="C" t="C.ar" l="C"/>
		<a id="19" s="C" t="C.ar" l="C"/>
		<a id="20" s="C" t="C.ar" l="C"/>
		<a id="21" s="C" t="C.ar" l="C"/>
		<a id="22" s="C" t="C.3" l="C"/>
		<a id="23" s="C" t="C.3" l="C"/>
		<a id="24" s="N" t="N.3" l="N"/>
		<a id="25" s="N" t="N.ar" l="N"/>
		<a id="26" s="H" t="H" l="H"/>
		<a id="27" s="H" t="H" l="H"/>
		<a id="28" s="H" t="H" l="H"/>
		<a id="29" s="H" t="H" l="H"/>
		<a id="30" s="H" t="H" l="H"/>
		<a id="31" s="H" t="H" l="H"/>
		<a id="32" s="H" t="H" l="H"/>
		<a id="33" s="H" t="H" l="H"/>
		<a id="34" s="H" t="H" l="H"/>
		<a id="35" s="H" t="H" l="H"/>
		<a id="36" s="H" t="H" l="H"/>
		<a id="37" s="H" t="H" l="H"/>
		<a id="38" s="H" t="H" l="H"/>
		<a id="39" s="H" t="H" l="H"/>
		<a id="40" s="H" t="H" l="H"/>
		<a id="41" s="H" t="H" l="H"/>
		<a id="42" s="H" t="H" l="H"/>
		<a id="43" s="H" t="H" l="H"/>
		<a id="44" s="H" t="H" l="H"/>
		<a id="45" s="H" t="H" l="H"/>
		<a id="46" s="H" t="H" l="H"/>
		<a id="47" s="H" t="H" l="H"/>
		<a id="48" s="H" t="H" l="H"/>
		<a id="49" s="H" t="H" l="H"/>
		<a id="50" s="H" t="H" l="H"/>
		<a id="51" s="H" t="H" l="H"/>
	</atoms>
	<bonds>
		<b id="1" c="1 2" t="1"/>
		<b id="2" c="2 3" t="1"/>
		<b id="3" c="2 4" t="1"/>
		<b id="4" c="2 5" t="1"/>
		<b id="5" c="5 6" t="1"/>
		<b id="6" c="6 7" t="2"/>
		<b id="7" c="6 8" t="am"/>
		<b id="8" c="8 9" t="1"/>
		<b id="9" c="9 10" t="1"/>
		<b id="10" c="10 11" t="1"/>
		<b id="11" c="11 12" t="ar"/>
		<b id="12" c="12 13" t="ar"/>
		<b id="13" c="13 14" t="ar"/>
		<b id="14" c="14 15" t="ar"/>
		<b id="15" c="15 16" t="ar"/>
		<b id="16" c="11 16" t="ar"/>
		<b id="17" c="8 17" t="1"/>
		<b id="18" c="17 18" t="ar"/>
		<b id="19" c="18 19" t="ar"/>
		<b id="20" c="19 20" t="ar"/>
		<b id="21" c="20 21" t="ar"/>
		<b id="22" c="21 22" t="1"/>
		<b id="23" c="22 23" t="1"/>
		<b id="24" c="23 24" t="1"/>
		<b id="25" c="21 25" t="ar"/>
		<b id="26" c="17 25" t="ar"/>
		<b id="27" c="1 26" t="1"/>
		<b id="28" c="1 27" t="1"/>
		<b id="29" c="1 28" t="1"/>
		<b id="30" c="3 29" t="1"/>
		<b id="31" c="3 30" t="1"/>
		<b id="32" c="3 31" t="1"/>
		<b id="33" c="4 32" t="1"/>
		<b id="34" c="4 33" t="1"/>
		<b id="35" c="4 34" t="1"/>
		<b id="36" c="9 35" t="1"/>
		<b id="37" c="9 36" t="1"/>
		<b id="38" c="10 37" t="1"/>
		<b id="39" c="10 38" t="1"/>
		<b id="40" c="12 39" t="1"/>
		<b id="41" c="13 40" t="1"/>
		<b id="42" c="14 41" t="1"/>
		<b id="43" c="15 42" t="1"/>
		<b id="44" c="18 43" t="1"/>
		<b id="45" c="19 44" t="1"/>
		<b id="46" c="20 45" t="1"/>
		<b id="47" c="22 46" t="1"/>
		<b id="48" c="22 47" t="1"/>
		<b id="49" c="23 48" t="1"/>
		<b id="50" c="23 49" t="1"/>
		<b id="51" c="24 50" t="1"/>
		<b id="52" c="24 51" t="1"/>
	</bonds>
	<geometry>
		<g u="A" t="cart/3d">#51,3:4.1914,-0.0583,-1.7374;4.9869,-0.6696,-0.5848;4.1798,-1.7549,0.1266;6.3154,-1.2360,-1.0888;5.3866,0.3572,0.3567;4.4660,1.0684,1.0169;3.2700,0.9613,0.8919;5.0383,1.9402,1.9119;4.1635,2.5978,2.8714;4.1633,4.1165,2.6582;3.3434,4.7939,3.7158;3.7987,4.8756,5.0304;2.9984,5.4906,5.9760;1.7721,6.0051,5.5813;1.4121,5.8770,4.2497;2.1725,5.2894,3.3427;6.4131,2.1317,2.0780;7.3058,2.1552,1.0047;8.6423,2.3764,1.2763;9.0517,2.5734,2.5858;8.0881,2.5618,3.5873;8.4531,2.7378,5.0306;8.8193,1.3827,5.6500;9.1015,1.5502,7.0650;6.8064,2.3525,3.3265;3.9787,-0.8229,-2.4792;4.7635,0.7390,-2.2076;3.2542,0.3507,-1.3709;3.9654,-2.5641,-0.5657;3.2428,-1.3458,0.4937;4.7461,-2.1490,0.9679;6.1325,-2.0468,-1.7874;6.8996,-1.6104,-0.2522;6.8894,-0.4602,-1.5886;4.5164,2.3607,3.8774;3.1591,2.1998,2.7234;3.7420,4.3481,1.6801;5.1936,4.4768,2.7050;4.7626,4.4681,5.2948;3.3237,5.5710,7.0036;1.1173,6.4933,6.2863;0.4691,6.2634,3.8843;6.9601,2.0191,-0.0047;9.3601,2.4071,0.4691;10.0892,2.7494,2.8241;7.6048,3.1441,5.5793;9.3009,3.4189,5.1264;9.6591,0.9436,5.0823;7.9635,0.7091,5.5569;9.9234,2.1316,7.1943;9.2842,0.6528,7.4996;</g>
	</geometry>
	<conformers/>
	<properties/>
</molecule>
