<?xml version="1.0" ?>
<!--MOLLI PACKAGE EXPERIMENTAL XML FORMAT-->
<molecule name="nuc2001">
	<atoms>
		<a id="1" s="C" t="C.3" l="C"/>
		<a id="2" s="O" t="O.3" l="O"/>
		<a id="3" s="C" t="C.2" l="C"/>
		<a id="4" s="O" t="O.2" l="O"/>
		<a id="5" s="C" t="C.ar" l="C"/>
		<a id="6" s="C" t="C.ar" l="C"/>
		<a id="7" s="N" t="N.ar" l="N"/>
		<a id="8" s="C" t="C.3" l="C"/>
		<a id="9" s="C" t="C.3" l="C"/>
		<a id="10" s="C" t="C.3" l="C"/>
		<a id="11" s="C" t="C.ar" l="C"/>
		<a id="12" s="C" t="C.ar" l="C"/>
		<a id="13" s="C" t="C.ar" l="C"/>
		<a id="14" s="N" t="N.pl3" l="N"/>
		<a id="15" s="C" t="C.ar" l="C"/>
		<a id="16" s="C" t="C.ar" l="C"/>
		<a id="17" s="C" t="C.ar" l="C"/>
		<a id="18" s="C" t="C.ar" l="C"/>
		<a id="19" s="O" t="O.2" l="O"/>
		<a id="20" s="H" t="H" l="H"/>
		<a id="21" s="H" t="H" l="H"/>
		<a id="22" s="H" t="H" l="H"/>
		<a id="23" s="H" t="H" l="H"/>
		<a id="24" s="H" t="H" l="H"/>
		<a id="25" s="H" t="H" l="H"/>
		<a id="26" s="H" t="H" l="H"/>
		<a id="27" s="H" t="H" l="H"/>
		<a id="28" s="H" t="H" l="H"/>
		<a id="29" s="H" t="H" l="H"/>
		<a id="30" s="H" t="H" l="H"/>
		<a id="31" s="H" t="H" l="H"/>
		<a id="32" s="H" t="H" l="H"/>
		<a id="33" s="H" t="H" l="H"/>
	</atoms>
	<bonds>
		<b id="1" c="1 2" t="1"/>
		<b id="2" c="2 3" t="1"/>
		<b id="3" c="3 4" t="2"/>
		<b id="4" c="3 5" t="1"/>
		<b id="5" c="5 6" t="ar"/>
		<b id="6" c="6 7" t="ar"/>
		<b id="7" c="7 8" t="1"/>
		<b id="8" c="8 9" t="1"/>
		<b id="9" c="9 10" t="1"/>
		<b id="10" c="8 10" t="1"/>
		<b id="11" c="7 11" t="ar"/>
		<b id="12" c="11 12" t="ar"/>
		<b id="13" c="12 13" t="ar"/>
		<b id="14" c="13 14" t="1"/>
		<b id="15" c="13 15" t="ar"/>
		<b id="16" c="15 16" t="ar"/>
		<b id="17" c="16 17" t="ar"/>
		<b id="18" c="11 17" t="ar"/>
		<b id="19" c="17 18" t="ar"/>
		<b id="20" c="5 18" t="ar"/>
		<b id="21" c="18 19" t="2"/>
		<b id="22" c="1 20" t="1"/>
		<b id="23" c="1 21" t="1"/>
		<b id="24" c="1 22" t="1"/>
		<b id="25" c="6 23" t="1"/>
		<b id="26" c="8 24" t="1"/>
		<b id="27" c="9 25" t="1"/>
		<b id="28" c="9 26" t="1"/>
		<b id="29" c="10 27" t="1"/>
		<b id="30" c="10 28" t="1"/>
		<b id="31" c="12 29" t="1"/>
		<b id="32" c="14 30" t="1"/>
		<b id="33" c="14 31" t="1"/>
		<b id="34" c="15 32" t="1"/>
		<b id="35" c="16 33" t="1"/>
	</bonds>
	<geometry>
		<g u="A" t="cart/3d">#33,3:1.0997,1.7937,1.3241;2.5094,1.7122,1.4309;3.1541,1.2591,0.3601;2.5926,0.9282,-0.6649;4.6206,1.2037,0.5285;5.3279,0.7758,-0.5537;6.6668,0.6730,-0.6068;7.2989,0.2435,-1.8192;8.1475,1.2162,-2.5888;6.8197,0.7883,-3.1304;7.4187,0.9487,0.5254;8.8022,0.7876,0.5289;9.5502,1.0670,1.6674;10.9035,0.8421,1.6815;8.8957,1.5183,2.8235;7.5349,1.6743,2.8209;6.7658,1.3967,1.6860;5.3061,1.5829,1.7628;4.7627,2.0059,2.7697;0.7543,2.2582,2.2438;0.6679,0.7963,1.2119;0.8169,2.3951,0.4567;4.7843,0.4945,-1.4461;7.6211,-0.7936,-1.7885;9.0475,0.8506,-3.0595;8.2316,2.2197,-2.2006;6.7913,0.1195,-3.9763;6.0195,1.5115,-3.1194;9.3144,0.4370,-0.3528;11.3724,0.7584,0.7956;11.4353,1.2734,2.4181;9.4750,1.7353,3.7085;7.0097,2.0190,3.6988;</g>
	</geometry>
	<conformers/>
	<properties/>
</molecule>
