<?xml version="1.0" ?>
<!--MOLLI PACKAGE EXPERIMENTAL XML FORMAT-->
<molecule name="nuc2005">
	<atoms>
		<a id="1" s="C" t="C.3" l="C"/>
		<a id="2" s="C" t="C.3" l="C"/>
		<a id="3" s="O" t="O.3" l="O"/>
		<a id="4" s="P" t="P.3" l="P"/>
		<a id="5" s="O" t="O.2" l="O"/>
		<a id="6" s="C" t="C.3" l="C"/>
		<a id="7" s="C" t="C.ar" l="C"/>
		<a id="8" s="C" t="C.ar" l="C"/>
		<a id="9" s="C" t="C.ar" l="C"/>
		<a id="10" s="C" t="C.ar" l="C"/>
		<a id="11" s="N" t="N.pl3" l="N"/>
		<a id="12" s="C" t="C.ar" l="C"/>
		<a id="13" s="C" t="C.ar" l="C"/>
		<a id="14" s="N" t="N.3" l="N"/>
		<a id="15" s="C" t="C.3" l="C"/>
		<a id="16" s="H" t="H" l="H"/>
		<a id="17" s="H" t="H" l="H"/>
		<a id="18" s="H" t="H" l="H"/>
		<a id="19" s="H" t="H" l="H"/>
		<a id="20" s="H" t="H" l="H"/>
		<a id="21" s="H" t="H" l="H"/>
		<a id="22" s="H" t="H" l="H"/>
		<a id="23" s="H" t="H" l="H"/>
		<a id="24" s="H" t="H" l="H"/>
		<a id="25" s="H" t="H" l="H"/>
		<a id="26" s="H" t="H" l="H"/>
		<a id="27" s="H" t="H" l="H"/>
		<a id="28" s="H" t="H" l="H"/>
		<a id="29" s="H" t="H" l="H"/>
		<a id="30" s="H" t="H" l="H"/>
		<a id="31" s="H" t="H" l="H"/>
		<a id="32" s="H" t="H" l="H"/>
	</atoms>
	<bonds>
		<b id="1" c="1 2" t="1"/>
		<b id="2" c="2 3" t="1"/>
		<b id="3" c="3 4" t="1"/>
		<b id="4" c="4 5" t="2"/>
		<b id="5" c="4 6" t="1"/>
		<b id="6" c="6 7" t="1"/>
		<b id="7" c="7 8" t="ar"/>
		<b id="8" c="8 9" t="ar"/>
		<b id="9" c="9 10" t="ar"/>
		<b id="10" c="10 11" t="1"/>
		<b id="11" c="10 12" t="ar"/>
		<b id="12" c="12 13" t="ar"/>
		<b id="13" c="7 13" t="ar"/>
		<b id="14" c="4 14" t="1"/>
		<b id="15" c="14 15" t="1"/>
		<b id="16" c="1 16" t="1"/>
		<b id="17" c="1 17" t="1"/>
		<b id="18" c="1 18" t="1"/>
		<b id="19" c="2 19" t="1"/>
		<b id="20" c="2 20" t="1"/>
		<b id="21" c="6 21" t="1"/>
		<b id="22" c="6 22" t="1"/>
		<b id="23" c="8 23" t="1"/>
		<b id="24" c="9 24" t="1"/>
		<b id="25" c="11 25" t="1"/>
		<b id="26" c="11 26" t="1"/>
		<b id="27" c="12 27" t="1"/>
		<b id="28" c="13 28" t="1"/>
		<b id="29" c="14 29" t="1"/>
		<b id="30" c="15 30" t="1"/>
		<b id="31" c="15 31" t="1"/>
		<b id="32" c="15 32" t="1"/>
	</bonds>
	<geometry>
		<g u="A" t="cart/3d">#32,3:1.3975,-0.9847,0.7939;2.4224,-0.5512,1.8276;3.6300,-0.1194,1.2216;4.6823,-1.2469,0.7530;4.5937,-2.4957,1.5266;4.4929,-1.4726,-1.0676;3.8361,-0.3012,-1.7233;4.3844,0.9695,-1.5959;3.7752,2.0641,-2.1728;2.5944,1.9187,-2.9027;2.0223,3.0012,-3.5441;2.0447,0.6439,-3.0301;2.6598,-0.4467,-2.4462;6.1096,-0.3520,0.9095;7.3144,-1.1597,0.9845;0.4509,-1.2057,1.2803;1.7549,-1.8789,0.2878;1.2514,-0.1989,0.0565;2.6391,-1.3833,2.5070;2.0603,0.3060,2.4033;3.9246,-2.3909,-1.2232;5.4996,-1.6286,-1.4629;5.2924,1.0929,-1.0257;4.2092,3.0481,-2.0631;2.2719,3.9101,-3.1895;1.0521,2.9057,-3.7977;1.1290,0.5139,-3.5900;2.2125,-1.4258,-2.5538;6.0345,0.2931,1.6869;7.3395,-1.8184,0.1171;7.3560,-1.7858,1.8809;8.1872,-0.5069,0.9579;</g>
	</geometry>
	<conformers/>
	<properties/>
</molecule>
