<?xml version="1.0" ?>
<!--MOLLI PACKAGE EXPERIMENTAL XML FORMAT-->
<molecule name="nuc2009">
	<atoms>
		<a id="1" s="N" t="N.pl3" l="N"/>
		<a id="2" s="C" t="C.ar" l="C"/>
		<a id="3" s="C" t="C.ar" l="C"/>
		<a id="4" s="N" t="N.ar" l="N"/>
		<a id="5" s="N" t="N.ar" l="N"/>
		<a id="6" s="C" t="C.3" l="C"/>
		<a id="7" s="C" t="C.3" l="C"/>
		<a id="8" s="C" t="C.3" l="C"/>
		<a id="9" s="O" t="O.3" l="O"/>
		<a id="10" s="C" t="C.3" l="C"/>
		<a id="11" s="C" t="C.3" l="C"/>
		<a id="12" s="C" t="C.ar" l="C"/>
		<a id="13" s="H" t="H" l="H"/>
		<a id="14" s="H" t="H" l="H"/>
		<a id="15" s="H" t="H" l="H"/>
		<a id="16" s="H" t="H" l="H"/>
		<a id="17" s="H" t="H" l="H"/>
		<a id="18" s="H" t="H" l="H"/>
		<a id="19" s="H" t="H" l="H"/>
		<a id="20" s="H" t="H" l="H"/>
		<a id="21" s="H" t="H" l="H"/>
		<a id="22" s="H" t="H" l="H"/>
		<a id="23" s="H" t="H" l="H"/>
		<a id="24" s="H" t="H" l="H"/>
		<a id="25" s="H" t="H" l="H"/>
	</atoms>
	<bonds>
		<b id="1" c="1 2" t="1"/>
		<b id="2" c="2 3" t="ar"/>
		<b id="3" c="3 4" t="ar"/>
		<b id="4" c="4 5" t="ar"/>
		<b id="5" c="5 6" t="1"/>
		<b id="6" c="6 7" t="1"/>
		<b id="7" c="7 8" t="1"/>
		<b id="8" c="8 9" t="1"/>
		<b id="9" c="9 10" t="1"/>
		<b id="10" c="10 11" t="1"/>
		<b id="11" c="6 11" t="1"/>
		<b id="12" c="5 12" t="ar"/>
		<b id="13" c="2 12" t="ar"/>
		<b id="14" c="1 13" t="1"/>
		<b id="15" c="1 14" t="1"/>
		<b id="16" c="3 15" t="1"/>
		<b id="17" c="6 16" t="1"/>
		<b id="18" c="7 17" t="1"/>
		<b id="19" c="7 18" t="1"/>
		<b id="20" c="8 19" t="1"/>
		<b id="21" c="8 20" t="1"/>
		<b id="22" c="10 21" t="1"/>
		<b id="23" c="10 22" t="1"/>
		<b id="24" c="11 23" t="1"/>
		<b id="25" c="11 24" t="1"/>
		<b id="26" c="12 25" t="1"/>
	</bonds>
	<geometry>
		<g u="A" t="cart/3d">#25,3:0.8643,0.1820,0.2402;2.2413,0.0303,0.1057;3.2153,1.0451,0.0818;4.4306,0.5302,0.0336;4.2803,-0.7859,0.0242;5.4337,-1.6454,-0.0096;5.4430,-2.5415,-1.2532;6.6729,-3.4511,-1.2050;6.7004,-4.2346,-0.0359;6.7429,-3.4410,1.1264;5.5189,-2.5297,1.2396;2.9717,-1.1410,0.0654;0.5261,1.0696,-0.1035;0.3320,-0.5940,-0.1255;3.0722,2.1071,0.0985;6.2964,-0.9692,-0.0392;5.4641,-1.9352,-2.1592;4.5433,-3.1589,-1.2651;7.5854,-2.8369,-1.2660;6.6656,-4.1580,-2.0369;7.6582,-2.8278,1.1277;6.7842,-4.1409,1.9632;5.5943,-1.9137,2.1359;4.6207,-3.1449,1.3126;2.6512,-2.1624,0.0675;</g>
	</geometry>
	<conformers/>
	<properties/>
</molecule>
