<?xml version="1.0" ?>
<!--MOLLI PACKAGE EXPERIMENTAL XML FORMAT-->
<molecule name="nuc2011">
	<atoms>
		<a id="1" s="N" t="N.am" l="N"/>
		<a id="2" s="C" t="C.2" l="C"/>
		<a id="3" s="O" t="O.2" l="O"/>
		<a id="4" s="C" t="C.3" l="C"/>
		<a id="5" s="F" t="F" l="F"/>
		<a id="6" s="F" t="F" l="F"/>
		<a id="7" s="F" t="F" l="F"/>
		<a id="8" s="H" t="H" l="H"/>
		<a id="9" s="H" t="H" l="H"/>
	</atoms>
	<bonds>
		<b id="1" c="1 2" t="am"/>
		<b id="2" c="2 3" t="2"/>
		<b id="3" c="2 4" t="1"/>
		<b id="4" c="4 5" t="1"/>
		<b id="5" c="4 6" t="1"/>
		<b id="6" c="4 7" t="1"/>
		<b id="7" c="1 8" t="1"/>
		<b id="8" c="1 9" t="1"/>
	</bonds>
	<geometry>
		<g u="A" t="cart/3d">#9,3:1.0445,-0.0678,0.0321;2.3786,-0.1323,-0.0736;2.9967,-0.6694,-0.9510;3.1267,0.5837,1.0977;2.2796,1.1519,1.9790;3.8799,-0.2750,1.7875;3.9203,1.5553,0.6449;0.4900,-0.5070,-0.6862;0.5776,0.3989,0.7914;</g>
	</geometry>
	<conformers/>
	<properties/>
</molecule>
