<?xml version="1.0" ?>
<!--MOLLI PACKAGE EXPERIMENTAL XML FORMAT-->
<molecule name="nuc2013">
	<atoms>
		<a id="1" s="C" t="C.3" l="CB"/>
		<a id="2" s="C" t="C.3" l="CA"/>
		<a id="3" s="N" t="N.3" l="N"/>
		<a id="4" s="C" t="C.2" l="C"/>
		<a id="5" s="O" t="O.2" l="O"/>
		<a id="6" s="O" t="O.3" l="OXT"/>
		<a id="7" s="H" t="H" l="HB1"/>
		<a id="8" s="H" t="H" l="HB2"/>
		<a id="9" s="H" t="H" l="HB3"/>
		<a id="10" s="H" t="H" l="HA"/>
		<a id="11" s="H" t="H" l="H1"/>
		<a id="12" s="H" t="H" l="H2"/>
		<a id="13" s="H" t="H" l="HXT"/>
	</atoms>
	<bonds>
		<b id="1" c="1 2" t="1"/>
		<b id="2" c="2 3" t="1"/>
		<b id="3" c="2 4" t="1"/>
		<b id="4" c="4 5" t="2"/>
		<b id="5" c="4 6" t="1"/>
		<b id="6" c="1 7" t="1"/>
		<b id="7" c="1 8" t="1"/>
		<b id="8" c="1 9" t="1"/>
		<b id="9" c="2 10" t="1"/>
		<b id="10" c="3 11" t="1"/>
		<b id="11" c="3 12" t="1"/>
		<b id="12" c="6 13" t="1"/>
	</bonds>
	<geometry>
		<g u="A" t="cart/3d">#13,3:1.0307,-0.0952,-0.1152;2.5559,-0.0200,-0.0889;3.2387,-1.2982,0.1032;3.0906,0.6122,-1.3897;2.5342,1.5003,-1.9682;4.2460,0.0895,-1.7888;0.6415,-0.4033,0.8531;0.7036,-0.8071,-0.8712;0.6269,0.8806,-0.3683;2.8740,0.6532,0.7176;2.7869,-2.0177,-0.4543;3.1970,-1.5943,1.0706;4.4749,-0.6362,-1.1668;</g>
	</geometry>
	<conformers/>
	<properties/>
</molecule>
