<?xml version="1.0" ?>
<!--MOLLI PACKAGE EXPERIMENTAL XML FORMAT-->
<molecule name="nuc2016">
	<atoms>
		<a id="1" s="N" t="N.3" l="N"/>
		<a id="2" s="N" t="N.3" l="N"/>
		<a id="3" s="C" t="C.3" l="C"/>
		<a id="4" s="C" t="C.3" l="C"/>
		<a id="5" s="C" t="C.3" l="C"/>
		<a id="6" s="C" t="C.3" l="C"/>
		<a id="7" s="C" t="C.3" l="C"/>
		<a id="8" s="H" t="H" l="H"/>
		<a id="9" s="H" t="H" l="H"/>
		<a id="10" s="H" t="H" l="H"/>
		<a id="11" s="H" t="H" l="H"/>
		<a id="12" s="H" t="H" l="H"/>
		<a id="13" s="H" t="H" l="H"/>
		<a id="14" s="H" t="H" l="H"/>
		<a id="15" s="H" t="H" l="H"/>
		<a id="16" s="H" t="H" l="H"/>
		<a id="17" s="H" t="H" l="H"/>
		<a id="18" s="H" t="H" l="H"/>
		<a id="19" s="H" t="H" l="H"/>
	</atoms>
	<bonds>
		<b id="1" c="1 2" t="1"/>
		<b id="2" c="2 3" t="1"/>
		<b id="3" c="3 4" t="1"/>
		<b id="4" c="4 5" t="1"/>
		<b id="5" c="5 6" t="1"/>
		<b id="6" c="6 7" t="1"/>
		<b id="7" c="2 7" t="1"/>
		<b id="8" c="1 8" t="1"/>
		<b id="9" c="1 9" t="1"/>
		<b id="10" c="3 10" t="1"/>
		<b id="11" c="3 11" t="1"/>
		<b id="12" c="4 12" t="1"/>
		<b id="13" c="4 13" t="1"/>
		<b id="14" c="5 14" t="1"/>
		<b id="15" c="5 15" t="1"/>
		<b id="16" c="6 16" t="1"/>
		<b id="17" c="6 17" t="1"/>
		<b id="18" c="7 18" t="1"/>
		<b id="19" c="7 19" t="1"/>
	</bonds>
	<geometry>
		<g u="A" t="cart/3d">#19,3:0.9118,0.0352,0.1109;2.3758,0.0167,0.0694;2.8392,0.9919,-0.9060;2.4347,0.6605,-2.3447;2.9466,-0.7286,-2.7156;2.4232,-1.7437,-1.7035;2.8290,-1.3182,-0.2902;0.6589,0.9648,0.4446;0.6499,-0.6168,0.8497;3.9291,1.0225,-0.8194;2.4465,1.9707,-0.6156;2.8382,1.4152,-3.0218;1.3456,0.6759,-2.4133;4.0402,-0.7306,-2.7031;2.6204,-0.9956,-3.7230;2.8177,-2.7391,-1.9140;1.3338,-1.7810,-1.7575;3.9189,-1.3100,-0.1987;2.4304,-2.0195,0.4487;</g>
	</geometry>
	<conformers/>
	<properties/>
</molecule>
