<?xml version="1.0" ?>
<!--MOLLI PACKAGE EXPERIMENTAL XML FORMAT-->
<molecule name="nuc2018">
	<atoms>
		<a id="1" s="C" t="C.3" l="C"/>
		<a id="2" s="O" t="O.3" l="O"/>
		<a id="3" s="C" t="C.3" l="C"/>
		<a id="4" s="C" t="C.3" l="C"/>
		<a id="5" s="N" t="N.am" l="N"/>
		<a id="6" s="N" t="N.3" l="N"/>
		<a id="7" s="C" t="C.2" l="C"/>
		<a id="8" s="O" t="O.2" l="O"/>
		<a id="9" s="O" t="O.3" l="O"/>
		<a id="10" s="C" t="C.3" l="C"/>
		<a id="11" s="C" t="C.3" l="C"/>
		<a id="12" s="C" t="C.3" l="C"/>
		<a id="13" s="C" t="C.3" l="C"/>
		<a id="14" s="H" t="H" l="H"/>
		<a id="15" s="H" t="H" l="H"/>
		<a id="16" s="H" t="H" l="H"/>
		<a id="17" s="H" t="H" l="H"/>
		<a id="18" s="H" t="H" l="H"/>
		<a id="19" s="H" t="H" l="H"/>
		<a id="20" s="H" t="H" l="H"/>
		<a id="21" s="H" t="H" l="H"/>
		<a id="22" s="H" t="H" l="H"/>
		<a id="23" s="H" t="H" l="H"/>
		<a id="24" s="H" t="H" l="H"/>
		<a id="25" s="H" t="H" l="H"/>
		<a id="26" s="H" t="H" l="H"/>
		<a id="27" s="H" t="H" l="H"/>
		<a id="28" s="H" t="H" l="H"/>
		<a id="29" s="H" t="H" l="H"/>
		<a id="30" s="H" t="H" l="H"/>
		<a id="31" s="H" t="H" l="H"/>
	</atoms>
	<bonds>
		<b id="1" c="1 2" t="1"/>
		<b id="2" c="2 3" t="1"/>
		<b id="3" c="3 4" t="1"/>
		<b id="4" c="4 5" t="1"/>
		<b id="5" c="5 6" t="1"/>
		<b id="6" c="5 7" t="am"/>
		<b id="7" c="7 8" t="2"/>
		<b id="8" c="7 9" t="1"/>
		<b id="9" c="9 10" t="1"/>
		<b id="10" c="10 11" t="1"/>
		<b id="11" c="10 12" t="1"/>
		<b id="12" c="10 13" t="1"/>
		<b id="13" c="1 14" t="1"/>
		<b id="14" c="1 15" t="1"/>
		<b id="15" c="1 16" t="1"/>
		<b id="16" c="3 17" t="1"/>
		<b id="17" c="3 18" t="1"/>
		<b id="18" c="4 19" t="1"/>
		<b id="19" c="4 20" t="1"/>
		<b id="20" c="6 21" t="1"/>
		<b id="21" c="6 22" t="1"/>
		<b id="22" c="11 23" t="1"/>
		<b id="23" c="11 24" t="1"/>
		<b id="24" c="11 25" t="1"/>
		<b id="25" c="12 26" t="1"/>
		<b id="26" c="12 27" t="1"/>
		<b id="27" c="12 28" t="1"/>
		<b id="28" c="13 29" t="1"/>
		<b id="29" c="13 30" t="1"/>
		<b id="30" c="13 31" t="1"/>
	</bonds>
	<geometry>
		<g u="A" t="cart/3d">#31,3:1.1058,-2.1842,0.1196;2.0621,-1.9374,1.1161;3.1942,-1.2408,0.6478;4.1499,-0.9923,1.8197;4.9090,-2.1672,2.1853;4.3006,-3.0460,3.0940;6.0841,-2.4402,1.5608;6.6036,-1.6826,0.7728;6.5749,-3.6254,1.9784;7.8969,-4.0464,1.5610;8.9391,-3.0509,2.0723;8.0844,-5.4090,2.2290;7.9660,-4.1847,0.0408;0.2389,-2.6178,0.6204;1.4805,-2.8923,-0.6356;0.8099,-1.2552,-0.3843;2.8877,-0.2750,0.2176;3.7083,-1.8168,-0.1360;3.5696,-0.6957,2.6953;4.8656,-0.2151,1.5427;4.9913,-3.3592,3.7711;3.9392,-3.8722,2.6079;8.8067,-2.8911,3.1416;8.8299,-2.0999,1.5586;9.9391,-3.4388,1.8952;8.0094,-5.3117,3.3096;9.0615,-5.8117,1.9769;7.3178,-6.1014,1.8896;7.8097,-3.2186,-0.4296;7.2005,-4.8752,-0.3087;8.9419,-4.5659,-0.2460;</g>
	</geometry>
	<conformers/>
	<properties/>
</molecule>
