<?xml version="1.0" ?>
<!--MOLLI PACKAGE EXPERIMENTAL XML FORMAT-->
<molecule name="nuc2020">
	<atoms>
		<a id="1" s="C" t="C.3" l="C"/>
		<a id="2" s="C" t="C.3" l="C"/>
		<a id="3" s="N" t="N.am" l="N"/>
		<a id="4" s="C" t="C.2" l="C"/>
		<a id="5" s="N" t="N.am" l="N"/>
		<a id="6" s="O" t="O.2" l="O"/>
		<a id="7" s="H" t="H" l="H"/>
		<a id="8" s="H" t="H" l="H"/>
		<a id="9" s="H" t="H" l="H"/>
		<a id="10" s="H" t="H" l="H"/>
		<a id="11" s="H" t="H" l="H"/>
		<a id="12" s="H" t="H" l="H"/>
		<a id="13" s="H" t="H" l="H"/>
		<a id="14" s="H" t="H" l="H"/>
	</atoms>
	<bonds>
		<b id="1" c="1 2" t="1"/>
		<b id="2" c="2 3" t="1"/>
		<b id="3" c="3 4" t="am"/>
		<b id="4" c="4 5" t="am"/>
		<b id="5" c="4 6" t="2"/>
		<b id="6" c="1 7" t="1"/>
		<b id="7" c="1 8" t="1"/>
		<b id="8" c="1 9" t="1"/>
		<b id="9" c="2 10" t="1"/>
		<b id="10" c="2 11" t="1"/>
		<b id="11" c="3 12" t="1"/>
		<b id="12" c="5 13" t="1"/>
		<b id="13" c="5 14" t="1"/>
	</bonds>
	<geometry>
		<g u="A" t="cart/3d">#14,3:0.9579,-0.0562,-0.0805;2.4784,-0.0967,0.0402;3.0840,-1.0081,-0.9058;3.4279,-2.2771,-0.5328;3.7414,-3.1034,-1.5892;3.4579,-2.6566,0.6169;0.5446,0.6289,0.6545;0.5449,-1.0465,0.0952;0.6585,0.2774,-1.0727;2.7671,-0.4510,1.0314;2.8980,0.9014,-0.1208;2.8873,-0.8366,-1.8794;4.0123,-2.7059,-2.4724;4.1991,-3.9632,-1.3349;</g>
	</geometry>
	<conformers/>
	<properties/>
</molecule>
