<?xml version="1.0" ?>
<!--MOLLI PACKAGE EXPERIMENTAL XML FORMAT-->
<molecule name="nuc2021">
	<atoms>
		<a id="1" s="C" t="C.3" l="C"/>
		<a id="2" s="C" t="C.3" l="C"/>
		<a id="3" s="O" t="O.3" l="O"/>
		<a id="4" s="C" t="C.2" l="C"/>
		<a id="5" s="O" t="O.2" l="O"/>
		<a id="6" s="C" t="C.ar" l="C"/>
		<a id="7" s="C" t="C.ar" l="C"/>
		<a id="8" s="C" t="C.ar" l="C"/>
		<a id="9" s="C" t="C.ar" l="C"/>
		<a id="10" s="C" t="C.ar" l="C"/>
		<a id="11" s="C" t="C.ar" l="C"/>
		<a id="12" s="S" t="S.2" l="S"/>
		<a id="13" s="C" t="C.ar" l="C"/>
		<a id="14" s="N" t="N.pl3" l="N"/>
		<a id="15" s="N" t="N.ar" l="N"/>
		<a id="16" s="C" t="C.ar" l="C"/>
		<a id="17" s="C" t="C.ar" l="C"/>
		<a id="18" s="H" t="H" l="H"/>
		<a id="19" s="H" t="H" l="H"/>
		<a id="20" s="H" t="H" l="H"/>
		<a id="21" s="H" t="H" l="H"/>
		<a id="22" s="H" t="H" l="H"/>
		<a id="23" s="H" t="H" l="H"/>
		<a id="24" s="H" t="H" l="H"/>
		<a id="25" s="H" t="H" l="H"/>
		<a id="26" s="H" t="H" l="H"/>
		<a id="27" s="H" t="H" l="H"/>
		<a id="28" s="H" t="H" l="H"/>
		<a id="29" s="H" t="H" l="H"/>
	</atoms>
	<bonds>
		<b id="1" c="1 2" t="1"/>
		<b id="2" c="2 3" t="1"/>
		<b id="3" c="3 4" t="1"/>
		<b id="4" c="4 5" t="2"/>
		<b id="5" c="4 6" t="1"/>
		<b id="6" c="6 7" t="ar"/>
		<b id="7" c="7 8" t="ar"/>
		<b id="8" c="8 9" t="ar"/>
		<b id="9" c="9 10" t="1"/>
		<b id="10" c="10 11" t="ar"/>
		<b id="11" c="11 12" t="ar"/>
		<b id="12" c="12 13" t="ar"/>
		<b id="13" c="13 14" t="1"/>
		<b id="14" c="13 15" t="ar"/>
		<b id="15" c="10 15" t="ar"/>
		<b id="16" c="9 16" t="ar"/>
		<b id="17" c="16 17" t="ar"/>
		<b id="18" c="6 17" t="ar"/>
		<b id="19" c="1 18" t="1"/>
		<b id="20" c="1 19" t="1"/>
		<b id="21" c="1 20" t="1"/>
		<b id="22" c="2 21" t="1"/>
		<b id="23" c="2 22" t="1"/>
		<b id="24" c="7 23" t="1"/>
		<b id="25" c="8 24" t="1"/>
		<b id="26" c="11 25" t="1"/>
		<b id="27" c="14 26" t="1"/>
		<b id="28" c="14 27" t="1"/>
		<b id="29" c="16 28" t="1"/>
		<b id="30" c="17 29" t="1"/>
	</bonds>
	<geometry>
		<g u="A" t="cart/3d">#29,3:1.5583,-0.1642,-0.0257;2.7769,-0.3571,-0.9178;3.3713,-1.6377,-0.7190;4.2256,-1.7533,0.3104;4.5184,-0.8346,1.0385;4.7726,-3.1223,0.4410;4.3842,-4.1606,-0.4036;4.9186,-5.4215,-0.2443;5.8544,-5.6758,0.7612;6.4397,-6.9931,0.9576;6.2285,-8.1045,0.1933;7.1260,-9.4537,0.7855;7.7413,-8.3887,2.0627;8.6528,-8.8454,2.9517;7.2986,-7.1886,2.0089;6.2386,-4.6309,1.6055;5.7045,-3.3714,1.4479;1.1011,0.7987,-0.2354;1.8576,-0.1923,1.0194;0.8309,-0.9523,-0.2064;3.5232,0.4168,-0.7079;2.5007,-0.3318,-1.9744;3.6615,-3.9690,-1.1813;4.6054,-6.2162,-0.9036;5.6172,-8.2256,-0.6763;8.7348,-9.8392,3.0779;8.8161,-8.2659,3.7584;6.9612,-4.8351,2.3796;5.9945,-2.5569,2.0946;</g>
	</geometry>
	<conformers/>
	<properties/>
</molecule>
