<?xml version="1.0" ?>
<!--MOLLI PACKAGE EXPERIMENTAL XML FORMAT-->
<molecule name="nuc2026">
	<atoms>
		<a id="1" s="C" t="C.3" l="C"/>
		<a id="2" s="C" t="C.3" l="C"/>
		<a id="3" s="O" t="O.3" l="O"/>
		<a id="4" s="C" t="C.2" l="C"/>
		<a id="5" s="O" t="O.2" l="O"/>
		<a id="6" s="C" t="C.3" l="C"/>
		<a id="7" s="O" t="O.3" l="O"/>
		<a id="8" s="C" t="C.ar" l="C"/>
		<a id="9" s="C" t="C.ar" l="C"/>
		<a id="10" s="C" t="C.ar" l="C"/>
		<a id="11" s="C" t="C.ar" l="C"/>
		<a id="12" s="N" t="N.pl3" l="N"/>
		<a id="13" s="C" t="C.ar" l="C"/>
		<a id="14" s="C" t="C.ar" l="C"/>
		<a id="15" s="H" t="H" l="H"/>
		<a id="16" s="H" t="H" l="H"/>
		<a id="17" s="H" t="H" l="H"/>
		<a id="18" s="H" t="H" l="H"/>
		<a id="19" s="H" t="H" l="H"/>
		<a id="20" s="H" t="H" l="H"/>
		<a id="21" s="H" t="H" l="H"/>
		<a id="22" s="H" t="H" l="H"/>
		<a id="23" s="H" t="H" l="H"/>
		<a id="24" s="H" t="H" l="H"/>
		<a id="25" s="H" t="H" l="H"/>
		<a id="26" s="H" t="H" l="H"/>
		<a id="27" s="H" t="H" l="H"/>
	</atoms>
	<bonds>
		<b id="1" c="1 2" t="1"/>
		<b id="2" c="2 3" t="1"/>
		<b id="3" c="3 4" t="1"/>
		<b id="4" c="4 5" t="2"/>
		<b id="5" c="4 6" t="1"/>
		<b id="6" c="6 7" t="1"/>
		<b id="7" c="7 8" t="1"/>
		<b id="8" c="8 9" t="ar"/>
		<b id="9" c="9 10" t="ar"/>
		<b id="10" c="10 11" t="ar"/>
		<b id="11" c="11 12" t="1"/>
		<b id="12" c="11 13" t="ar"/>
		<b id="13" c="13 14" t="ar"/>
		<b id="14" c="8 14" t="ar"/>
		<b id="15" c="1 15" t="1"/>
		<b id="16" c="1 16" t="1"/>
		<b id="17" c="1 17" t="1"/>
		<b id="18" c="2 18" t="1"/>
		<b id="19" c="2 19" t="1"/>
		<b id="20" c="6 20" t="1"/>
		<b id="21" c="6 21" t="1"/>
		<b id="22" c="9 22" t="1"/>
		<b id="23" c="10 23" t="1"/>
		<b id="24" c="12 24" t="1"/>
		<b id="25" c="12 25" t="1"/>
		<b id="26" c="13 26" t="1"/>
		<b id="27" c="14 27" t="1"/>
	</bonds>
	<geometry>
		<g u="A" t="cart/3d">#27,3:2.4776,-2.2148,-0.1160;2.5346,-0.7274,-0.4318;3.1500,-0.4909,-1.7027;4.4876,-0.4310,-1.7249;5.1902,-0.5190,-0.7614;4.9524,-0.2364,-3.1618;6.3416,-0.0872,-3.1759;6.9781,-0.0690,-4.3932;6.3446,-0.0817,-5.6282;7.0938,-0.0652,-6.7927;8.4840,-0.0356,-6.7549;9.2287,-0.1041,-7.9206;9.1115,-0.0104,-5.5076;8.3707,-0.0286,-4.3473;1.9523,-2.3686,0.8220;3.4849,-2.6135,-0.0252;1.9559,-2.7478,-0.9074;3.1011,-0.1961,0.3395;1.5325,-0.3031,-0.5197;4.4396,0.6461,-3.5731;4.6321,-1.1193,-3.7355;5.2686,-0.0989,-5.7071;6.5888,-0.0782,-7.7480;8.7549,0.1841,-8.7617;10.1793,0.2222,-7.8521;10.1903,0.0183,-5.4576;8.8491,-0.0112,-3.3814;</g>
	</geometry>
	<conformers/>
	<properties/>
</molecule>
