<?xml version="1.0" ?>
<!--MOLLI PACKAGE EXPERIMENTAL XML FORMAT-->
<molecule name="nuc2027">
	<atoms>
		<a id="1" s="N" t="N.pl3" l="N"/>
		<a id="2" s="C" t="C.ar" l="C"/>
		<a id="3" s="C" t="C.ar" l="C"/>
		<a id="4" s="C" t="C.ar" l="C"/>
		<a id="5" s="C" t="C.ar" l="C"/>
		<a id="6" s="N" t="N.am" l="N"/>
		<a id="7" s="C" t="C.2" l="C"/>
		<a id="8" s="O" t="O.2" l="O"/>
		<a id="9" s="C" t="C.3" l="C"/>
		<a id="10" s="C" t="C.2" l="C"/>
		<a id="11" s="O" t="O.2" l="O"/>
		<a id="12" s="N" t="N.am" l="N"/>
		<a id="13" s="C" t="C.ar" l="C"/>
		<a id="14" s="C" t="C.ar" l="C"/>
		<a id="15" s="C" t="C.ar" l="C"/>
		<a id="16" s="C" t="C.ar" l="C"/>
		<a id="17" s="C" t="C.ar" l="C"/>
		<a id="18" s="C" t="C.ar" l="C"/>
		<a id="19" s="C" t="C.3" l="C"/>
		<a id="20" s="C" t="C.3" l="C"/>
		<a id="21" s="C" t="C.ar" l="C"/>
		<a id="22" s="C" t="C.ar" l="C"/>
		<a id="23" s="H" t="H" l="H"/>
		<a id="24" s="H" t="H" l="H"/>
		<a id="25" s="H" t="H" l="H"/>
		<a id="26" s="H" t="H" l="H"/>
		<a id="27" s="H" t="H" l="H"/>
		<a id="28" s="H" t="H" l="H"/>
		<a id="29" s="H" t="H" l="H"/>
		<a id="30" s="H" t="H" l="H"/>
		<a id="31" s="H" t="H" l="H"/>
		<a id="32" s="H" t="H" l="H"/>
		<a id="33" s="H" t="H" l="H"/>
		<a id="34" s="H" t="H" l="H"/>
		<a id="35" s="H" t="H" l="H"/>
		<a id="36" s="H" t="H" l="H"/>
		<a id="37" s="H" t="H" l="H"/>
		<a id="38" s="H" t="H" l="H"/>
		<a id="39" s="H" t="H" l="H"/>
	</atoms>
	<bonds>
		<b id="1" c="1 2" t="1"/>
		<b id="2" c="2 3" t="ar"/>
		<b id="3" c="3 4" t="ar"/>
		<b id="4" c="4 5" t="ar"/>
		<b id="5" c="5 6" t="1"/>
		<b id="6" c="6 7" t="am"/>
		<b id="7" c="7 8" t="2"/>
		<b id="8" c="7 9" t="1"/>
		<b id="9" c="9 10" t="1"/>
		<b id="10" c="10 11" t="2"/>
		<b id="11" c="10 12" t="am"/>
		<b id="12" c="12 13" t="1"/>
		<b id="13" c="13 14" t="ar"/>
		<b id="14" c="14 15" t="ar"/>
		<b id="15" c="15 16" t="ar"/>
		<b id="16" c="16 17" t="ar"/>
		<b id="17" c="17 18" t="ar"/>
		<b id="18" c="13 18" t="ar"/>
		<b id="19" c="9 19" t="1"/>
		<b id="20" c="19 20" t="1"/>
		<b id="21" c="9 20" t="1"/>
		<b id="22" c="5 21" t="ar"/>
		<b id="23" c="21 22" t="ar"/>
		<b id="24" c="2 22" t="ar"/>
		<b id="25" c="1 23" t="1"/>
		<b id="26" c="1 24" t="1"/>
		<b id="27" c="3 25" t="1"/>
		<b id="28" c="4 26" t="1"/>
		<b id="29" c="6 27" t="1"/>
		<b id="30" c="12 28" t="1"/>
		<b id="31" c="14 29" t="1"/>
		<b id="32" c="15 30" t="1"/>
		<b id="33" c="16 31" t="1"/>
		<b id="34" c="17 32" t="1"/>
		<b id="35" c="18 33" t="1"/>
		<b id="36" c="19 34" t="1"/>
		<b id="37" c="19 35" t="1"/>
		<b id="38" c="20 36" t="1"/>
		<b id="39" c="20 37" t="1"/>
		<b id="40" c="21 38" t="1"/>
		<b id="41" c="22 39" t="1"/>
	</bonds>
	<geometry>
		<g u="A" t="cart/3d">#39,3:1.7745,3.6748,-0.7983;0.4344,3.3507,-0.8401;0.0092,2.0403,-0.6143;-1.3325,1.7237,-0.5691;-2.2887,2.7172,-0.7511;-3.6704,2.4647,-0.7007;-4.3124,1.3773,-0.2222;-3.7702,0.3621,0.1878;-5.8095,1.5402,-0.1569;-6.3226,1.6942,1.2676;-7.1724,2.5103,1.5542;-5.7355,0.8143,2.1118;-5.8711,0.6956,3.4977;-6.7083,1.5121,4.2525;-6.7768,1.3400,5.6229;-6.0293,0.3582,6.2516;-5.1975,-0.4562,5.5000;-5.1149,-0.2884,4.1319;-6.6819,0.7365,-1.0890;-6.5844,2.2216,-1.2450;-1.8739,4.0244,-0.9932;-0.5325,4.3388,-1.0365;2.4278,2.9224,-0.9412;2.0395,4.5524,-1.2133;0.7466,1.2638,-0.4688;-1.6434,0.7094,-0.3842;-4.2488,3.2662,-0.9176;-5.0371,0.2000,1.6958;-7.2930,2.2739,3.7650;-7.4235,1.9814,6.2040;-6.0898,0.2283,7.3211;-4.6108,-1.2255,5.9813;-4.4602,-0.9155,3.5424;-7.5931,0.3178,-0.6884;-6.1870,0.1053,-1.8127;-7.4268,2.8208,-0.9308;-6.0558,2.6086,-2.1040;-2.6109,4.8011,-1.1434;-0.2231,5.3583,-1.2174;</g>
	</geometry>
	<conformers/>
	<properties/>
</molecule>
