<?xml version="1.0" ?>
<!--MOLLI PACKAGE EXPERIMENTAL XML FORMAT-->
<molecule name="nuc2029">
	<atoms>
		<a id="1" s="C" t="C.3" l="C"/>
		<a id="2" s="C" t="C.3" l="C"/>
		<a id="3" s="C" t="C.3" l="C"/>
		<a id="4" s="C" t="C.3" l="C"/>
		<a id="5" s="O" t="O.3" l="O"/>
		<a id="6" s="C" t="C.2" l="C"/>
		<a id="7" s="O" t="O.2" l="O"/>
		<a id="8" s="N" t="N.am" l="N"/>
		<a id="9" s="C" t="C.3" l="C"/>
		<a id="10" s="C" t="C.3" l="C"/>
		<a id="11" s="N" t="N.pl3" l="N"/>
		<a id="12" s="C" t="C.ar" l="C"/>
		<a id="13" s="C" t="C.ar" l="C"/>
		<a id="14" s="C" t="C.ar" l="C"/>
		<a id="15" s="C" t="C.ar" l="C"/>
		<a id="16" s="N" t="N.pl3" l="N"/>
		<a id="17" s="N" t="N.ar" l="N"/>
		<a id="18" s="O" t="O.co2" l="O"/>
		<a id="19" s="C" t="C.ar" l="C"/>
		<a id="20" s="C" t="C.3" l="C"/>
		<a id="21" s="C" t="C.3" l="C"/>
		<a id="22" s="H" t="H" l="H"/>
		<a id="23" s="H" t="H" l="H"/>
		<a id="24" s="H" t="H" l="H"/>
		<a id="25" s="H" t="H" l="H"/>
		<a id="26" s="H" t="H" l="H"/>
		<a id="27" s="H" t="H" l="H"/>
		<a id="28" s="H" t="H" l="H"/>
		<a id="29" s="H" t="H" l="H"/>
		<a id="30" s="H" t="H" l="H"/>
		<a id="31" s="H" t="H" l="H"/>
		<a id="32" s="H" t="H" l="H"/>
		<a id="33" s="H" t="H" l="H"/>
		<a id="34" s="H" t="H" l="H"/>
		<a id="35" s="H" t="H" l="H"/>
		<a id="36" s="H" t="H" l="H"/>
		<a id="37" s="H" t="H" l="H"/>
		<a id="38" s="H" t="H" l="H"/>
		<a id="39" s="H" t="H" l="H"/>
		<a id="40" s="H" t="H" l="H"/>
		<a id="41" s="H" t="H" l="H"/>
		<a id="42" s="H" t="H" l="H"/>
		<a id="43" s="H" t="H" l="H"/>
	</atoms>
	<bonds>
		<b id="1" c="1 2" t="1"/>
		<b id="2" c="2 3" t="1"/>
		<b id="3" c="2 4" t="1"/>
		<b id="4" c="2 5" t="1"/>
		<b id="5" c="5 6" t="1"/>
		<b id="6" c="6 7" t="2"/>
		<b id="7" c="6 8" t="am"/>
		<b id="8" c="8 9" t="1"/>
		<b id="9" c="9 10" t="1"/>
		<b id="10" c="10 11" t="1"/>
		<b id="11" c="11 12" t="1"/>
		<b id="12" c="12 13" t="ar"/>
		<b id="13" c="13 14" t="ar"/>
		<b id="14" c="14 15" t="ar"/>
		<b id="15" c="15 16" t="1"/>
		<b id="16" c="15 17" t="ar"/>
		<b id="17" c="17 18" t="1"/>
		<b id="18" c="17 19" t="ar"/>
		<b id="19" c="12 19" t="ar"/>
		<b id="20" c="11 20" t="1"/>
		<b id="21" c="20 21" t="1"/>
		<b id="22" c="8 21" t="1"/>
		<b id="23" c="1 22" t="1"/>
		<b id="24" c="1 23" t="1"/>
		<b id="25" c="1 24" t="1"/>
		<b id="26" c="3 25" t="1"/>
		<b id="27" c="3 26" t="1"/>
		<b id="28" c="3 27" t="1"/>
		<b id="29" c="4 28" t="1"/>
		<b id="30" c="4 29" t="1"/>
		<b id="31" c="4 30" t="1"/>
		<b id="32" c="9 31" t="1"/>
		<b id="33" c="9 32" t="1"/>
		<b id="34" c="10 33" t="1"/>
		<b id="35" c="10 34" t="1"/>
		<b id="36" c="13 35" t="1"/>
		<b id="37" c="14 36" t="1"/>
		<b id="38" c="16 37" t="1"/>
		<b id="39" c="16 38" t="1"/>
		<b id="40" c="19 39" t="1"/>
		<b id="41" c="20 40" t="1"/>
		<b id="42" c="20 41" t="1"/>
		<b id="43" c="21 42" t="1"/>
		<b id="44" c="21 43" t="1"/>
	</bonds>
	<geometry>
		<g u="A" t="cart/3d">#43,3:3.7840,-0.8304,1.0169;2.8373,0.1745,0.3626;2.6123,-0.1610,-1.1116;1.5037,0.2184,1.1106;3.3541,1.5208,0.4958;4.5390,1.8489,-0.0464;5.2642,1.1087,-0.6722;4.8665,3.1407,0.2264;3.9530,4.1099,0.7877;3.4647,5.0676,-0.3137;4.5899,5.6998,-0.9721;5.0892,6.9028,-0.4926;6.4551,7.1934,-0.4019;6.8632,8.4523,0.0017;5.9425,9.4275,0.3367;6.2286,10.7194,0.6847;4.6079,9.1337,0.2629;3.7668,10.0305,0.5968;4.2041,7.9251,-0.1544;5.4837,4.7049,-1.5253;5.9990,3.7395,-0.4477;3.3411,-1.8219,0.9872;3.9639,-0.5538,2.0537;4.7328,-0.8498,0.4883;2.1478,-1.1392,-1.1977;3.5611,-0.1720,-1.6410;1.9603,0.5808,-1.5691;1.0270,-0.7564,1.0754;0.8436,0.9528,0.6563;1.6675,0.4961,2.1486;4.4885,4.6838,1.5534;3.1139,3.5915,1.2474;2.8039,5.8133,0.1215;2.9066,4.4976,-1.0639;7.2052,6.4578,-0.6356;7.9134,8.6891,0.0663;7.0847,10.9039,1.1770;5.3905,11.1936,1.0126;3.1331,7.8203,-0.2143;6.3062,5.1904,-2.0483;4.9104,4.1266,-2.2587;6.6005,4.2767,0.2929;6.5911,2.9387,-0.8918;</g>
	</geometry>
	<conformers/>
	<properties/>
</molecule>
