<?xml version="1.0" ?>
<!--MOLLI PACKAGE EXPERIMENTAL XML FORMAT-->
<molecule name="nuc2030">
	<atoms>
		<a id="1" s="C" t="C.3" l="C"/>
		<a id="2" s="C" t="C.3" l="C"/>
		<a id="3" s="C" t="C.3" l="C"/>
		<a id="4" s="C" t="C.3" l="C"/>
		<a id="5" s="C" t="C.3" l="C"/>
		<a id="6" s="N" t="N.3" l="N"/>
		<a id="7" s="C" t="C.3" l="C"/>
		<a id="8" s="O" t="O.3" l="O"/>
		<a id="9" s="Si" t="Si" l="SI"/>
		<a id="10" s="C" t="C.3" l="C"/>
		<a id="11" s="C" t="C.3" l="C"/>
		<a id="12" s="C" t="C.3" l="C"/>
		<a id="13" s="C" t="C.3" l="C"/>
		<a id="14" s="C" t="C.3" l="C"/>
		<a id="15" s="C" t="C.3" l="C"/>
		<a id="16" s="H" t="H" l="H"/>
		<a id="17" s="H" t="H" l="H"/>
		<a id="18" s="H" t="H" l="H"/>
		<a id="19" s="H" t="H" l="H"/>
		<a id="20" s="H" t="H" l="H"/>
		<a id="21" s="H" t="H" l="H"/>
		<a id="22" s="H" t="H" l="H"/>
		<a id="23" s="H" t="H" l="H"/>
		<a id="24" s="H" t="H" l="H"/>
		<a id="25" s="H" t="H" l="H"/>
		<a id="26" s="H" t="H" l="H"/>
		<a id="27" s="H" t="H" l="H"/>
		<a id="28" s="H" t="H" l="H"/>
		<a id="29" s="H" t="H" l="H"/>
		<a id="30" s="H" t="H" l="H"/>
		<a id="31" s="H" t="H" l="H"/>
		<a id="32" s="H" t="H" l="H"/>
		<a id="33" s="H" t="H" l="H"/>
		<a id="34" s="H" t="H" l="H"/>
		<a id="35" s="H" t="H" l="H"/>
		<a id="36" s="H" t="H" l="H"/>
		<a id="37" s="H" t="H" l="H"/>
		<a id="38" s="H" t="H" l="H"/>
		<a id="39" s="H" t="H" l="H"/>
		<a id="40" s="H" t="H" l="H"/>
		<a id="41" s="H" t="H" l="H"/>
		<a id="42" s="H" t="H" l="H"/>
		<a id="43" s="H" t="H" l="H"/>
		<a id="44" s="H" t="H" l="H"/>
	</atoms>
	<bonds>
		<b id="1" c="1 2" t="1"/>
		<b id="2" c="2 3" t="1"/>
		<b id="3" c="2 4" t="1"/>
		<b id="4" c="5 7" t="1"/>
		<b id="5" c="7 8" t="1"/>
		<b id="6" c="8 9" t="1"/>
		<b id="7" c="9 10" t="1"/>
		<b id="8" c="9 11" t="1"/>
		<b id="9" c="9 12" t="1"/>
		<b id="10" c="12 13" t="1"/>
		<b id="11" c="12 14" t="1"/>
		<b id="12" c="12 15" t="1"/>
		<b id="13" c="5 6" t="1"/>
		<b id="14" c="5 2" t="1"/>
		<b id="15" c="1 16" t="1"/>
		<b id="16" c="1 17" t="1"/>
		<b id="17" c="1 18" t="1"/>
		<b id="18" c="3 19" t="1"/>
		<b id="19" c="3 20" t="1"/>
		<b id="20" c="3 21" t="1"/>
		<b id="21" c="4 22" t="1"/>
		<b id="22" c="4 23" t="1"/>
		<b id="23" c="4 24" t="1"/>
		<b id="24" c="5 25" t="1"/>
		<b id="25" c="6 26" t="1"/>
		<b id="26" c="6 27" t="1"/>
		<b id="27" c="7 28" t="1"/>
		<b id="28" c="7 29" t="1"/>
		<b id="29" c="10 30" t="1"/>
		<b id="30" c="10 31" t="1"/>
		<b id="31" c="10 32" t="1"/>
		<b id="32" c="11 33" t="1"/>
		<b id="33" c="11 34" t="1"/>
		<b id="34" c="11 35" t="1"/>
		<b id="35" c="13 36" t="1"/>
		<b id="36" c="13 37" t="1"/>
		<b id="37" c="13 38" t="1"/>
		<b id="38" c="14 39" t="1"/>
		<b id="39" c="14 40" t="1"/>
		<b id="40" c="14 41" t="1"/>
		<b id="41" c="15 42" t="1"/>
		<b id="42" c="15 43" t="1"/>
		<b id="43" c="15 44" t="1"/>
	</bonds>
	<geometry>
		<g u="A" t="cart/3d">#44,3:2.3085,-0.3767,-1.5567;2.1655,-0.2299,-0.0389;2.4167,1.2300,0.3477;0.7361,-0.6097,0.3613;3.1257,-1.2000,0.6926;2.9312,-1.1257,2.1333;4.6103,-1.0205,0.3249;5.3422,-2.0249,0.9819;6.9672,-2.1812,1.0661;7.7353,-2.3037,-0.6780;7.7488,-0.6750,1.9462;7.1696,-3.7990,2.0750;6.4730,-4.9628,1.3681;8.6540,-4.1299,2.2184;6.5654,-3.6470,3.4720;1.4932,0.1447,-2.0537;2.2712,-1.4237,-1.8480;3.2438,0.0497,-1.9102;1.7411,1.8752,-0.2096;3.4359,1.5304,0.1165;2.2319,1.3865,1.4068;0.0242,0.1021,-0.0499;0.6474,-0.6187,1.4432;0.4891,-1.6006,-0.0111;2.8495,-2.2206,0.3999;3.2715,-0.2335,2.4786;3.4976,-1.8458,2.5692;4.9717,-0.0390,0.6518;4.7690,-1.1101,-0.7527;7.5702,-1.3868,-1.2375;7.2932,-3.1154,-1.2485;8.8064,-2.4711,-0.6425;7.6362,0.2259,1.3486;8.8104,-0.8118,2.1220;7.2779,-0.4884,2.9074;6.9134,-5.1401,0.3897;5.4158,-4.7478,1.2356;6.5684,-5.8767,1.9546;9.1155,-4.2674,1.2437;8.7863,-5.0489,2.7890;9.1808,-3.3317,2.7357;5.5056,-3.4149,3.4049;7.0596,-2.8509,4.0241;6.6769,-4.5722,4.0375;</g>
	</geometry>
	<conformers/>
	<properties/>
</molecule>
