<?xml version="1.0" ?>
<!--MOLLI PACKAGE EXPERIMENTAL XML FORMAT-->
<molecule name="nuc2031">
	<atoms>
		<a id="1" s="C" t="C.3" l="C"/>
		<a id="2" s="C" t="C.3" l="C"/>
		<a id="3" s="C" t="C.3" l="C"/>
		<a id="4" s="C" t="C.3" l="C"/>
		<a id="5" s="O" t="O.3" l="O"/>
		<a id="6" s="C" t="C.2" l="C"/>
		<a id="7" s="O" t="O.2" l="O"/>
		<a id="8" s="N" t="N.am" l="N"/>
		<a id="9" s="C" t="C.3" l="C"/>
		<a id="10" s="C" t="C.3" l="C"/>
		<a id="11" s="C" t="C.3" l="C"/>
		<a id="12" s="C" t="C.3" l="C"/>
		<a id="13" s="N" t="N.3" l="N"/>
		<a id="14" s="S" t="S.O2" l="S"/>
		<a id="15" s="O" t="O.2" l="O"/>
		<a id="16" s="O" t="O.2" l="O"/>
		<a id="17" s="C" t="C.ar" l="C"/>
		<a id="18" s="C" t="C.ar" l="C"/>
		<a id="19" s="C" t="C.ar" l="C"/>
		<a id="20" s="C" t="C.ar" l="C"/>
		<a id="21" s="N" t="N.pl3" l="N"/>
		<a id="22" s="C" t="C.ar" l="C"/>
		<a id="23" s="C" t="C.ar" l="C"/>
		<a id="24" s="H" t="H" l="H"/>
		<a id="25" s="H" t="H" l="H"/>
		<a id="26" s="H" t="H" l="H"/>
		<a id="27" s="H" t="H" l="H"/>
		<a id="28" s="H" t="H" l="H"/>
		<a id="29" s="H" t="H" l="H"/>
		<a id="30" s="H" t="H" l="H"/>
		<a id="31" s="H" t="H" l="H"/>
		<a id="32" s="H" t="H" l="H"/>
		<a id="33" s="H" t="H" l="H"/>
		<a id="34" s="H" t="H" l="H"/>
		<a id="35" s="H" t="H" l="H"/>
		<a id="36" s="H" t="H" l="H"/>
		<a id="37" s="H" t="H" l="H"/>
		<a id="38" s="H" t="H" l="H"/>
		<a id="39" s="H" t="H" l="H"/>
		<a id="40" s="H" t="H" l="H"/>
		<a id="41" s="H" t="H" l="H"/>
		<a id="42" s="H" t="H" l="H"/>
		<a id="43" s="H" t="H" l="H"/>
		<a id="44" s="H" t="H" l="H"/>
		<a id="45" s="H" t="H" l="H"/>
		<a id="46" s="H" t="H" l="H"/>
		<a id="47" s="H" t="H" l="H"/>
		<a id="48" s="H" t="H" l="H"/>
	</atoms>
	<bonds>
		<b id="1" c="1 2" t="1"/>
		<b id="2" c="2 3" t="1"/>
		<b id="3" c="2 4" t="1"/>
		<b id="4" c="2 5" t="1"/>
		<b id="5" c="5 6" t="1"/>
		<b id="6" c="6 7" t="2"/>
		<b id="7" c="6 8" t="am"/>
		<b id="8" c="8 9" t="1"/>
		<b id="9" c="9 10" t="1"/>
		<b id="10" c="10 11" t="1"/>
		<b id="11" c="11 12" t="1"/>
		<b id="12" c="12 13" t="1"/>
		<b id="13" c="13 14" t="1"/>
		<b id="14" c="14 15" t="2"/>
		<b id="15" c="14 16" t="2"/>
		<b id="16" c="14 17" t="1"/>
		<b id="17" c="17 18" t="ar"/>
		<b id="18" c="18 19" t="ar"/>
		<b id="19" c="19 20" t="ar"/>
		<b id="20" c="20 21" t="1"/>
		<b id="21" c="20 22" t="ar"/>
		<b id="22" c="22 23" t="ar"/>
		<b id="23" c="17 23" t="ar"/>
		<b id="24" c="1 24" t="1"/>
		<b id="25" c="1 25" t="1"/>
		<b id="26" c="1 26" t="1"/>
		<b id="27" c="3 27" t="1"/>
		<b id="28" c="3 28" t="1"/>
		<b id="29" c="3 29" t="1"/>
		<b id="30" c="4 30" t="1"/>
		<b id="31" c="4 31" t="1"/>
		<b id="32" c="4 32" t="1"/>
		<b id="33" c="8 33" t="1"/>
		<b id="34" c="9 34" t="1"/>
		<b id="35" c="9 35" t="1"/>
		<b id="36" c="10 36" t="1"/>
		<b id="37" c="10 37" t="1"/>
		<b id="38" c="11 38" t="1"/>
		<b id="39" c="11 39" t="1"/>
		<b id="40" c="12 40" t="1"/>
		<b id="41" c="12 41" t="1"/>
		<b id="42" c="13 42" t="1"/>
		<b id="43" c="18 43" t="1"/>
		<b id="44" c="19 44" t="1"/>
		<b id="45" c="21 45" t="1"/>
		<b id="46" c="21 46" t="1"/>
		<b id="47" c="22 47" t="1"/>
		<b id="48" c="23 48" t="1"/>
	</bonds>
	<geometry>
		<g u="A" t="cart/3d">#48,3:2.4926,1.7555,-2.3374;2.2010,2.9295,-1.4035;2.3493,4.2627,-2.1365;0.8004,2.8012,-0.8027;3.0809,2.8898,-0.2535;4.4143,2.9659,-0.4147;5.0093,3.0902,-1.4568;5.0176,2.8438,0.7967;6.4241,3.1133,0.9716;6.6832,4.5384,1.4699;8.1761,4.8385,1.5632;8.4288,6.2730,2.0163;9.8475,6.5518,2.1071;10.2031,8.1251,2.5954;11.5722,8.3544,2.2360;9.2034,9.0360,2.1056;10.0503,7.9666,4.3562;11.0690,7.3512,5.0599;10.9607,7.2019,6.4260;9.8246,7.6661,7.1009;9.6880,7.4650,8.4499;8.8039,8.2829,6.3681;8.9196,8.4312,5.0012;1.7617,1.7368,-3.1408;2.4381,0.8186,-1.7871;3.4867,1.8548,-2.7641;1.6290,4.3166,-2.9479;3.3514,4.3543,-2.5460;2.1717,5.0886,-1.4507;0.0548,2.8262,-1.5916;0.6148,3.6197,-0.1121;0.7125,1.8642,-0.2593;4.4202,2.8571,1.6080;6.8873,2.9727,-0.0074;6.8414,2.3846,1.6725;6.2192,4.6726,2.4500;6.2150,5.2395,0.7765;8.6352,4.6871,0.5842;8.6534,4.1543,2.2666;8.0219,6.4313,3.0193;7.9333,6.9797,1.3369;10.3419,6.3500,1.2492;11.9388,7.0137,4.5204;11.7517,6.7287,6.9889;10.5200,7.2500,8.9730;8.9983,8.0145,8.9340;7.9271,8.6450,6.8846;8.1537,8.9188,4.4191;</g>
	</geometry>
	<conformers/>
	<properties/>
</molecule>
