<?xml version="1.0" ?>
<!--MOLLI PACKAGE EXPERIMENTAL XML FORMAT-->
<molecule name="nuc1626">
	<atoms>
		<a id="1" s="N" t="N.pl3" l="N"/>
		<a id="2" s="C" t="C.ar" l="C"/>
		<a id="3" s="N" t="N.ar" l="N"/>
		<a id="4" s="S" t="S.2" l="S"/>
		<a id="5" s="C" t="C.ar" l="C"/>
		<a id="6" s="C" t="C.ar" l="C"/>
		<a id="7" s="C" t="C.ar" l="C"/>
		<a id="8" s="C" t="C.ar" l="C"/>
		<a id="9" s="C" t="C.ar" l="C"/>
		<a id="10" s="O" t="O.3" l="O"/>
		<a id="11" s="C" t="C.3" l="C"/>
		<a id="12" s="C" t="C.ar" l="C"/>
		<a id="13" s="C" t="C.ar" l="C"/>
		<a id="14" s="C" t="C.ar" l="C"/>
		<a id="15" s="C" t="C.ar" l="C"/>
		<a id="16" s="C" t="C.ar" l="C"/>
		<a id="17" s="C" t="C.ar" l="C"/>
		<a id="18" s="C" t="C.ar" l="C"/>
		<a id="19" s="H" t="H" l="H"/>
		<a id="20" s="H" t="H" l="H"/>
		<a id="21" s="H" t="H" l="H"/>
		<a id="22" s="H" t="H" l="H"/>
		<a id="23" s="H" t="H" l="H"/>
		<a id="24" s="H" t="H" l="H"/>
		<a id="25" s="H" t="H" l="H"/>
		<a id="26" s="H" t="H" l="H"/>
		<a id="27" s="H" t="H" l="H"/>
		<a id="28" s="H" t="H" l="H"/>
		<a id="29" s="H" t="H" l="H"/>
		<a id="30" s="H" t="H" l="H"/>
	</atoms>
	<bonds>
		<b id="1" c="1 2" t="1"/>
		<b id="2" c="2 3" t="ar"/>
		<b id="3" c="3 4" t="ar"/>
		<b id="4" c="4 5" t="ar"/>
		<b id="5" c="5 6" t="ar"/>
		<b id="6" c="6 7" t="ar"/>
		<b id="7" c="7 8" t="ar"/>
		<b id="8" c="8 9" t="ar"/>
		<b id="9" c="9 10" t="1"/>
		<b id="10" c="10 11" t="1"/>
		<b id="11" c="11 12" t="1"/>
		<b id="12" c="12 13" t="ar"/>
		<b id="13" c="13 14" t="ar"/>
		<b id="14" c="14 15" t="ar"/>
		<b id="15" c="15 16" t="ar"/>
		<b id="16" c="16 17" t="ar"/>
		<b id="17" c="12 17" t="ar"/>
		<b id="18" c="9 18" t="ar"/>
		<b id="19" c="2 18" t="ar"/>
		<b id="20" c="5 18" t="ar"/>
		<b id="21" c="1 19" t="1"/>
		<b id="22" c="1 20" t="1"/>
		<b id="23" c="6 21" t="1"/>
		<b id="24" c="7 22" t="1"/>
		<b id="25" c="8 23" t="1"/>
		<b id="26" c="11 24" t="1"/>
		<b id="27" c="11 25" t="1"/>
		<b id="28" c="13 26" t="1"/>
		<b id="29" c="14 27" t="1"/>
		<b id="30" c="15 28" t="1"/>
		<b id="31" c="16 29" t="1"/>
		<b id="32" c="17 30" t="1"/>
	</bonds>
	<geometry>
		<g u="A" t="cart/3d">#30,3:0.9783,-0.3467,-0.1378;2.3245,-0.1703,-0.1416;2.8498,1.0133,-0.3051;4.5015,0.9591,-0.3800;4.5747,-0.7609,-0.1631;5.6844,-1.5954,-0.1042;5.4586,-2.9383,0.0911;4.1693,-3.4573,0.2314;3.0598,-2.6328,0.1701;1.7680,-3.0371,0.3052;1.4907,-4.4193,0.4708;-0.0074,-4.5679,0.4763;-0.7108,-4.4972,-0.7196;-2.0902,-4.5982,-0.7262;-2.7790,-4.7695,0.4630;-2.0840,-4.8337,1.6584;-0.7037,-4.7296,1.6657;3.2667,-1.2571,-0.0384;0.4147,0.4778,-0.0226;0.6344,-1.2173,0.2303;6.6802,-1.1967,-0.2068;6.2957,-3.6181,0.1429;4.0574,-4.5178,0.3921;1.9200,-4.7787,1.4156;1.9263,-4.9896,-0.3609;-0.1727,-4.3598,-1.6461;-2.6288,-4.5441,-1.6606;-3.8557,-4.8514,0.4577;-2.6176,-4.9636,2.5883;-0.1642,-4.7771,2.6008;</g>
	</geometry>
	<conformers/>
	<properties/>
</molecule>
