<?xml version="1.0" ?>
<!--MOLLI PACKAGE EXPERIMENTAL XML FORMAT-->
<molecule name="nuc2036">
	<atoms>
		<a id="1" s="C" t="C.3" l="C"/>
		<a id="2" s="N" t="N.am" l="N"/>
		<a id="3" s="C" t="C.3" l="C"/>
		<a id="4" s="C" t="C.ar" l="C"/>
		<a id="5" s="C" t="C.ar" l="C"/>
		<a id="6" s="N" t="N.pl3" l="N"/>
		<a id="7" s="C" t="C.ar" l="C"/>
		<a id="8" s="C" t="C.ar" l="C"/>
		<a id="9" s="C" t="C.ar" l="C"/>
		<a id="10" s="C" t="C.ar" l="C"/>
		<a id="11" s="C" t="C.2" l="C"/>
		<a id="12" s="O" t="O.2" l="O"/>
		<a id="13" s="H" t="H" l="H"/>
		<a id="14" s="H" t="H" l="H"/>
		<a id="15" s="H" t="H" l="H"/>
		<a id="16" s="H" t="H" l="H"/>
		<a id="17" s="H" t="H" l="H"/>
		<a id="18" s="H" t="H" l="H"/>
		<a id="19" s="H" t="H" l="H"/>
		<a id="20" s="H" t="H" l="H"/>
		<a id="21" s="H" t="H" l="H"/>
		<a id="22" s="H" t="H" l="H"/>
	</atoms>
	<bonds>
		<b id="1" c="1 2" t="1"/>
		<b id="2" c="2 3" t="1"/>
		<b id="3" c="3 4" t="1"/>
		<b id="4" c="4 5" t="ar"/>
		<b id="5" c="5 6" t="1"/>
		<b id="6" c="5 7" t="ar"/>
		<b id="7" c="7 8" t="ar"/>
		<b id="8" c="8 9" t="ar"/>
		<b id="9" c="9 10" t="ar"/>
		<b id="10" c="4 10" t="ar"/>
		<b id="11" c="10 11" t="1"/>
		<b id="12" c="2 11" t="am"/>
		<b id="13" c="11 12" t="2"/>
		<b id="14" c="1 13" t="1"/>
		<b id="15" c="1 14" t="1"/>
		<b id="16" c="1 15" t="1"/>
		<b id="17" c="3 16" t="1"/>
		<b id="18" c="3 17" t="1"/>
		<b id="19" c="6 18" t="1"/>
		<b id="20" c="6 19" t="1"/>
		<b id="21" c="7 20" t="1"/>
		<b id="22" c="8 21" t="1"/>
		<b id="23" c="9 22" t="1"/>
	</bonds>
	<geometry>
		<g u="A" t="cart/3d">#22,3:1.2467,0.2911,0.0624;2.6630,0.0678,0.0513;3.6092,1.1512,0.1395;4.9261,0.4348,0.0970;6.2196,0.9432,0.1431;6.4656,2.2921,0.3096;7.2659,0.0162,0.0908;7.0278,-1.3439,-0.0025;5.7365,-1.8448,-0.0530;4.6963,-0.9337,-0.0014;3.2345,-1.1673,-0.0332;2.6254,-2.2130,-0.1178;0.9439,0.9188,-0.7804;0.9344,0.7716,0.9944;0.7641,-0.6821,-0.0209;3.4747,1.7162,1.0720;3.4815,1.8481,-0.7019;5.7351,2.9199,0.0168;7.3960,2.6012,0.0778;8.2826,0.3814,0.1267;7.8680,-2.0213,-0.0402;5.5359,-2.9009,-0.1292;</g>
	</geometry>
	<conformers/>
	<properties/>
</molecule>
