<?xml version="1.0" ?>
<!--MOLLI PACKAGE EXPERIMENTAL XML FORMAT-->
<molecule name="nuc2040">
	<atoms>
		<a id="1" s="N" t="N.pl3" l="N"/>
		<a id="2" s="C" t="C.ar" l="C"/>
		<a id="3" s="C" t="C.ar" l="C"/>
		<a id="4" s="C" t="C.ar" l="C"/>
		<a id="5" s="C" t="C.ar" l="C"/>
		<a id="6" s="N" t="N.pl3" l="N"/>
		<a id="7" s="C" t="C.3" l="C"/>
		<a id="8" s="C" t="C.3" l="C"/>
		<a id="9" s="C" t="C.3" l="C"/>
		<a id="10" s="N" t="N.3" l="N"/>
		<a id="11" s="C" t="C.3" l="C"/>
		<a id="12" s="C" t="C.3" l="C"/>
		<a id="13" s="C" t="C.3" l="C"/>
		<a id="14" s="C" t="C.3" l="C"/>
		<a id="15" s="C" t="C.3" l="C"/>
		<a id="16" s="C" t="C.3" l="C"/>
		<a id="17" s="C" t="C.3" l="C"/>
		<a id="18" s="C" t="C.ar" l="C"/>
		<a id="19" s="C" t="C.ar" l="C"/>
		<a id="20" s="H" t="H" l="H"/>
		<a id="21" s="H" t="H" l="H"/>
		<a id="22" s="H" t="H" l="H"/>
		<a id="23" s="H" t="H" l="H"/>
		<a id="24" s="H" t="H" l="H"/>
		<a id="25" s="H" t="H" l="H"/>
		<a id="26" s="H" t="H" l="H"/>
		<a id="27" s="H" t="H" l="H"/>
		<a id="28" s="H" t="H" l="H"/>
		<a id="29" s="H" t="H" l="H"/>
		<a id="30" s="H" t="H" l="H"/>
		<a id="31" s="H" t="H" l="H"/>
		<a id="32" s="H" t="H" l="H"/>
		<a id="33" s="H" t="H" l="H"/>
		<a id="34" s="H" t="H" l="H"/>
		<a id="35" s="H" t="H" l="H"/>
		<a id="36" s="H" t="H" l="H"/>
		<a id="37" s="H" t="H" l="H"/>
		<a id="38" s="H" t="H" l="H"/>
		<a id="39" s="H" t="H" l="H"/>
		<a id="40" s="H" t="H" l="H"/>
		<a id="41" s="H" t="H" l="H"/>
		<a id="42" s="H" t="H" l="H"/>
		<a id="43" s="H" t="H" l="H"/>
		<a id="44" s="H" t="H" l="H"/>
	</atoms>
	<bonds>
		<b id="1" c="1 2" t="1"/>
		<b id="2" c="2 3" t="ar"/>
		<b id="3" c="3 4" t="ar"/>
		<b id="4" c="4 5" t="ar"/>
		<b id="5" c="5 6" t="1"/>
		<b id="6" c="6 7" t="1"/>
		<b id="7" c="7 8" t="1"/>
		<b id="8" c="8 9" t="1"/>
		<b id="9" c="9 10" t="1"/>
		<b id="10" c="10 11" t="1"/>
		<b id="11" c="11 12" t="1"/>
		<b id="12" c="12 13" t="1"/>
		<b id="13" c="13 14" t="1"/>
		<b id="14" c="14 15" t="1"/>
		<b id="15" c="10 15" t="1"/>
		<b id="16" c="9 16" t="1"/>
		<b id="17" c="16 17" t="1"/>
		<b id="18" c="6 17" t="1"/>
		<b id="19" c="5 18" t="ar"/>
		<b id="20" c="18 19" t="ar"/>
		<b id="21" c="2 19" t="ar"/>
		<b id="22" c="1 20" t="1"/>
		<b id="23" c="1 21" t="1"/>
		<b id="24" c="3 22" t="1"/>
		<b id="25" c="4 23" t="1"/>
		<b id="26" c="7 24" t="1"/>
		<b id="27" c="7 25" t="1"/>
		<b id="28" c="8 26" t="1"/>
		<b id="29" c="8 27" t="1"/>
		<b id="30" c="9 28" t="1"/>
		<b id="31" c="11 29" t="1"/>
		<b id="32" c="11 30" t="1"/>
		<b id="33" c="12 31" t="1"/>
		<b id="34" c="12 32" t="1"/>
		<b id="35" c="13 33" t="1"/>
		<b id="36" c="13 34" t="1"/>
		<b id="37" c="14 35" t="1"/>
		<b id="38" c="14 36" t="1"/>
		<b id="39" c="15 37" t="1"/>
		<b id="40" c="15 38" t="1"/>
		<b id="41" c="16 39" t="1"/>
		<b id="42" c="16 40" t="1"/>
		<b id="43" c="17 41" t="1"/>
		<b id="44" c="17 42" t="1"/>
		<b id="45" c="18 43" t="1"/>
		<b id="46" c="19 44" t="1"/>
	</bonds>
	<geometry>
		<g u="A" t="cart/3d">#44,3:2.5854,0.1359,0.0934;1.1998,0.0457,0.0501;0.5293,-0.0934,-1.1644;-0.8365,-0.2696,-1.2010;-1.5980,-0.2968,-0.0297;-2.9762,-0.5256,-0.1204;-3.7038,-0.9122,1.0654;-4.9401,-1.7129,0.6554;-5.8655,-1.0032,-0.3556;-6.9199,-0.1616,0.1897;-8.0173,-0.9038,0.7796;-9.2460,-0.0048,0.8993;-8.9242,1.2064,1.7661;-7.7044,1.9129,1.1878;-6.5402,0.9304,1.0615;-5.0321,-0.2822,-1.4310;-3.7532,0.3881,-0.9302;-0.9237,-0.1480,1.1818;0.4479,0.0132,1.2201;3.0205,0.4758,-0.7502;2.9625,0.5469,0.9333;1.0942,-0.0754,-2.0861;-1.3245,-0.4006,-2.1552;-3.9901,-0.0379,1.6728;-3.0677,-1.5603,1.6725;-5.5098,-1.9822,1.5468;-4.5904,-2.6370,0.1911;-6.4179,-1.7932,-0.8816;-7.7620,-1.2936,1.7829;-8.2521,-1.7565,0.1378;-10.0739,-0.5742,1.3258;-9.5337,0.3293,-0.0984;-8.7075,0.8793,2.7864;-9.7778,1.8860,1.8045;-7.4078,2.7503,1.8225;-7.9456,2.2991,0.1962;-6.2650,0.5742,2.0720;-5.6860,1.4496,0.6315;-5.6630,0.4589,-1.9227;-4.7398,-1.0280,-2.1722;-3.9907,1.2985,-0.3524;-3.1605,0.7026,-1.7906;-1.4672,-0.1437,2.1142;0.9464,0.1243,2.1733;</g>
	</geometry>
	<conformers/>
	<properties/>
</molecule>
