<?xml version="1.0" ?>
<!--MOLLI PACKAGE EXPERIMENTAL XML FORMAT-->
<molecule name="nuc2041">
	<atoms>
		<a id="1" s="C" t="C.3" l="C"/>
		<a id="2" s="C" t="C.3" l="C"/>
		<a id="3" s="N" t="N.3" l="N"/>
		<a id="4" s="C" t="C.3" l="C"/>
		<a id="5" s="C" t="C.3" l="C"/>
		<a id="6" s="N" t="N.pl3" l="N"/>
		<a id="7" s="C" t="C.ar" l="C"/>
		<a id="8" s="C" t="C.ar" l="C"/>
		<a id="9" s="C" t="C.ar" l="C"/>
		<a id="10" s="C" t="C.ar" l="C"/>
		<a id="11" s="N" t="N.pl3" l="N"/>
		<a id="12" s="C" t="C.ar" l="C"/>
		<a id="13" s="O" t="O.3" l="O"/>
		<a id="14" s="C" t="C.3" l="C"/>
		<a id="15" s="C" t="C.ar" l="C"/>
		<a id="16" s="C" t="C.3" l="C"/>
		<a id="17" s="C" t="C.3" l="C"/>
		<a id="18" s="H" t="H" l="H"/>
		<a id="19" s="H" t="H" l="H"/>
		<a id="20" s="H" t="H" l="H"/>
		<a id="21" s="H" t="H" l="H"/>
		<a id="22" s="H" t="H" l="H"/>
		<a id="23" s="H" t="H" l="H"/>
		<a id="24" s="H" t="H" l="H"/>
		<a id="25" s="H" t="H" l="H"/>
		<a id="26" s="H" t="H" l="H"/>
		<a id="27" s="H" t="H" l="H"/>
		<a id="28" s="H" t="H" l="H"/>
		<a id="29" s="H" t="H" l="H"/>
		<a id="30" s="H" t="H" l="H"/>
		<a id="31" s="H" t="H" l="H"/>
		<a id="32" s="H" t="H" l="H"/>
		<a id="33" s="H" t="H" l="H"/>
		<a id="34" s="H" t="H" l="H"/>
		<a id="35" s="H" t="H" l="H"/>
		<a id="36" s="H" t="H" l="H"/>
		<a id="37" s="H" t="H" l="H"/>
		<a id="38" s="H" t="H" l="H"/>
	</atoms>
	<bonds>
		<b id="1" c="1 2" t="1"/>
		<b id="2" c="2 3" t="1"/>
		<b id="3" c="3 4" t="1"/>
		<b id="4" c="4 5" t="1"/>
		<b id="5" c="5 6" t="1"/>
		<b id="6" c="6 7" t="1"/>
		<b id="7" c="7 8" t="ar"/>
		<b id="8" c="8 9" t="ar"/>
		<b id="9" c="9 10" t="ar"/>
		<b id="10" c="10 11" t="1"/>
		<b id="11" c="10 12" t="ar"/>
		<b id="12" c="12 13" t="1"/>
		<b id="13" c="13 14" t="1"/>
		<b id="14" c="12 15" t="ar"/>
		<b id="15" c="7 15" t="ar"/>
		<b id="16" c="6 16" t="1"/>
		<b id="17" c="16 17" t="1"/>
		<b id="18" c="3 17" t="1"/>
		<b id="19" c="1 18" t="1"/>
		<b id="20" c="1 19" t="1"/>
		<b id="21" c="1 20" t="1"/>
		<b id="22" c="2 21" t="1"/>
		<b id="23" c="2 22" t="1"/>
		<b id="24" c="4 23" t="1"/>
		<b id="25" c="4 24" t="1"/>
		<b id="26" c="5 25" t="1"/>
		<b id="27" c="5 26" t="1"/>
		<b id="28" c="8 27" t="1"/>
		<b id="29" c="9 28" t="1"/>
		<b id="30" c="11 29" t="1"/>
		<b id="31" c="11 30" t="1"/>
		<b id="32" c="14 31" t="1"/>
		<b id="33" c="14 32" t="1"/>
		<b id="34" c="14 33" t="1"/>
		<b id="35" c="15 34" t="1"/>
		<b id="36" c="16 35" t="1"/>
		<b id="37" c="16 36" t="1"/>
		<b id="38" c="17 37" t="1"/>
		<b id="39" c="17 38" t="1"/>
	</bonds>
	<geometry>
		<g u="A" t="cart/3d">#38,3:2.3201,-1.4142,-0.1787;2.1165,0.0917,-0.0315;2.8732,0.5997,1.1007;2.2368,0.4074,2.3899;1.1179,1.4194,2.6656;1.6446,2.7676,2.5591;0.9322,3.7933,3.1899;0.6470,3.6902,4.5536;-0.0240,4.6925,5.2195;-0.4161,5.8582,4.5659;-1.0161,6.9093,5.2436;-0.1158,5.9747,3.2043;-0.5448,7.1159,2.5315;0.4993,7.9529,2.0823;0.5362,4.9554,2.5304;2.1962,3.0034,1.2425;3.3100,1.9753,0.9899;1.8449,-1.7668,-1.0908;1.8908,-1.9532,0.6617;3.3824,-1.6368,-0.2227;1.0388,0.3073,0.0382;2.4938,0.5829,-0.9319;3.0104,0.5242,3.1548;1.8411,-0.6068,2.4496;0.7151,1.2569,3.6641;0.2960,1.2706,1.9428;0.9648,2.8160,5.1006;-0.2375,4.5893,6.2738;-1.5491,6.6481,6.0582;-1.4907,7.5589,4.6343;1.1766,7.4372,1.3891;1.0845,8.3396,2.9305;0.0207,8.7874,1.5651;0.7089,5.0792,1.4726;2.6299,4.0043,1.2116;1.4297,2.9216,0.4516;4.0913,2.1263,1.7417;3.7457,2.1352,0.0015;</g>
	</geometry>
	<conformers/>
	<properties/>
</molecule>
