<?xml version="1.0" ?>
<!--MOLLI PACKAGE EXPERIMENTAL XML FORMAT-->
<molecule name="nuc2042">
	<atoms>
		<a id="1" s="C" t="C.3" l="C"/>
		<a id="2" s="N" t="N.3" l="N"/>
		<a id="3" s="C" t="C.3" l="C"/>
		<a id="4" s="C" t="C.3" l="C"/>
		<a id="5" s="C" t="C.3" l="C"/>
		<a id="6" s="N" t="N.pl3" l="N"/>
		<a id="7" s="C" t="C.ar" l="C"/>
		<a id="8" s="C" t="C.ar" l="C"/>
		<a id="9" s="C" t="C.ar" l="C"/>
		<a id="10" s="C" t="C.ar" l="C"/>
		<a id="11" s="N" t="N.pl3" l="N"/>
		<a id="12" s="C" t="C.ar" l="C"/>
		<a id="13" s="C" t="C.ar" l="C"/>
		<a id="14" s="F" t="F" l="F"/>
		<a id="15" s="H" t="H" l="H"/>
		<a id="16" s="H" t="H" l="H"/>
		<a id="17" s="H" t="H" l="H"/>
		<a id="18" s="H" t="H" l="H"/>
		<a id="19" s="H" t="H" l="H"/>
		<a id="20" s="H" t="H" l="H"/>
		<a id="21" s="H" t="H" l="H"/>
		<a id="22" s="H" t="H" l="H"/>
		<a id="23" s="H" t="H" l="H"/>
		<a id="24" s="H" t="H" l="H"/>
		<a id="25" s="H" t="H" l="H"/>
		<a id="26" s="H" t="H" l="H"/>
		<a id="27" s="H" t="H" l="H"/>
		<a id="28" s="H" t="H" l="H"/>
		<a id="29" s="H" t="H" l="H"/>
		<a id="30" s="H" t="H" l="H"/>
	</atoms>
	<bonds>
		<b id="1" c="1 2" t="1"/>
		<b id="2" c="2 3" t="1"/>
		<b id="3" c="2 4" t="1"/>
		<b id="4" c="4 5" t="1"/>
		<b id="5" c="5 6" t="1"/>
		<b id="6" c="6 7" t="1"/>
		<b id="7" c="7 8" t="ar"/>
		<b id="8" c="8 9" t="ar"/>
		<b id="9" c="9 10" t="ar"/>
		<b id="10" c="10 11" t="1"/>
		<b id="11" c="10 12" t="ar"/>
		<b id="12" c="12 13" t="ar"/>
		<b id="13" c="7 13" t="ar"/>
		<b id="14" c="13 14" t="1"/>
		<b id="15" c="1 15" t="1"/>
		<b id="16" c="1 16" t="1"/>
		<b id="17" c="1 17" t="1"/>
		<b id="18" c="3 18" t="1"/>
		<b id="19" c="3 19" t="1"/>
		<b id="20" c="3 20" t="1"/>
		<b id="21" c="4 21" t="1"/>
		<b id="22" c="4 22" t="1"/>
		<b id="23" c="5 23" t="1"/>
		<b id="24" c="5 24" t="1"/>
		<b id="25" c="6 25" t="1"/>
		<b id="26" c="8 26" t="1"/>
		<b id="27" c="9 27" t="1"/>
		<b id="28" c="11 28" t="1"/>
		<b id="29" c="11 29" t="1"/>
		<b id="30" c="12 30" t="1"/>
	</bonds>
	<geometry>
		<g u="A" t="cart/3d">#30,3:0.8934,-0.0468,0.0794;2.3406,0.0167,0.1025;2.7901,1.2854,0.6373;2.9126,-1.1155,0.8104;4.3851,-1.3202,0.4545;4.8479,-2.5795,0.9911;6.0843,-3.0926,0.6496;7.1447,-2.3203,0.1753;8.3804,-2.8801,-0.0873;8.6174,-4.2386,0.1060;9.8333,-4.8113,-0.2392;7.5710,-5.0290,0.5800;6.3492,-4.4526,0.8352;5.3368,-5.2480,1.2860;0.5130,0.7894,-0.5053;0.4463,-0.0025,1.0850;0.5806,-0.9728,-0.4009;2.3544,2.0907,0.0479;3.8725,1.3534,0.5600;2.5013,1.4258,1.6913;2.3619,-2.0083,0.4992;2.8078,-1.0178,1.9056;4.9942,-0.5222,0.8894;4.4883,-1.2745,-0.6404;4.1312,-3.2875,1.0722;7.0017,-1.2649,0.0110;9.1790,-2.2529,-0.4560;10.6166,-4.1773,-0.2601;10.0379,-5.6911,0.2078;7.7023,-6.0877,0.7417;</g>
	</geometry>
	<conformers/>
	<properties/>
</molecule>
