<?xml version="1.0" ?>
<!--MOLLI PACKAGE EXPERIMENTAL XML FORMAT-->
<molecule name="nuc2044">
	<atoms>
		<a id="1" s="N" t="N.pl3" l="N"/>
		<a id="2" s="C" t="C.ar" l="C"/>
		<a id="3" s="C" t="C.ar" l="C"/>
		<a id="4" s="C" t="C.ar" l="C"/>
		<a id="5" s="N" t="N.ar" l="N"/>
		<a id="6" s="C" t="C.ar" l="C"/>
		<a id="7" s="C" t="C.3" l="C"/>
		<a id="8" s="O" t="O.3" l="O"/>
		<a id="9" s="C" t="C.3" l="C"/>
		<a id="10" s="N" t="N.3" l="N"/>
		<a id="11" s="C" t="C.3" l="C"/>
		<a id="12" s="C" t="C.3" l="C"/>
		<a id="13" s="F" t="F" l="F"/>
		<a id="14" s="F" t="F" l="F"/>
		<a id="15" s="F" t="F" l="F"/>
		<a id="16" s="C" t="C.3" l="C"/>
		<a id="17" s="C" t="C.ar" l="C"/>
		<a id="18" s="H" t="H" l="H"/>
		<a id="19" s="H" t="H" l="H"/>
		<a id="20" s="H" t="H" l="H"/>
		<a id="21" s="H" t="H" l="H"/>
		<a id="22" s="H" t="H" l="H"/>
		<a id="23" s="H" t="H" l="H"/>
		<a id="24" s="H" t="H" l="H"/>
		<a id="25" s="H" t="H" l="H"/>
		<a id="26" s="H" t="H" l="H"/>
		<a id="27" s="H" t="H" l="H"/>
		<a id="28" s="H" t="H" l="H"/>
		<a id="29" s="H" t="H" l="H"/>
	</atoms>
	<bonds>
		<b id="1" c="1 2" t="1"/>
		<b id="2" c="2 3" t="ar"/>
		<b id="3" c="3 4" t="ar"/>
		<b id="4" c="4 5" t="ar"/>
		<b id="5" c="5 6" t="ar"/>
		<b id="6" c="6 7" t="1"/>
		<b id="7" c="7 8" t="1"/>
		<b id="8" c="7 9" t="1"/>
		<b id="9" c="9 10" t="1"/>
		<b id="10" c="10 11" t="1"/>
		<b id="11" c="11 12" t="1"/>
		<b id="12" c="12 13" t="1"/>
		<b id="13" c="12 14" t="1"/>
		<b id="14" c="12 15" t="1"/>
		<b id="15" c="10 16" t="1"/>
		<b id="16" c="7 16" t="1"/>
		<b id="17" c="6 17" t="ar"/>
		<b id="18" c="2 17" t="ar"/>
		<b id="19" c="1 18" t="1"/>
		<b id="20" c="1 19" t="1"/>
		<b id="21" c="3 20" t="1"/>
		<b id="22" c="4 21" t="1"/>
		<b id="23" c="8 22" t="1"/>
		<b id="24" c="9 23" t="1"/>
		<b id="25" c="9 24" t="1"/>
		<b id="26" c="11 25" t="1"/>
		<b id="27" c="11 26" t="1"/>
		<b id="28" c="16 27" t="1"/>
		<b id="29" c="16 28" t="1"/>
		<b id="30" c="17 29" t="1"/>
	</bonds>
	<geometry>
		<g u="A" t="cart/3d">#29,3:2.2810,-0.6131,0.6876;0.9808,-0.2923,0.4320;0.4413,0.9363,0.8273;-0.8916,1.1827,0.5733;-1.7040,0.3196,-0.0142;-1.2045,-0.8609,-0.3726;-2.1869,-1.7581,-1.0882;-2.2622,-1.3964,-2.4471;-3.5491,-1.8983,-0.3708;-3.1959,-3.2731,-0.0047;-4.1798,-4.3041,-0.1834;-5.2284,-4.2278,0.9164;-4.7024,-4.2906,2.1428;-5.9615,-3.1084,0.8643;-6.1004,-5.2503,0.8221;-2.0451,-3.2773,-0.9081;0.1217,-1.2042,-0.1905;2.9142,0.1225,0.9485;2.6776,-1.4094,0.2198;1.0607,1.6745,1.3134;-1.3428,2.1269,0.8493;-2.4435,-0.4496,-2.4875;-4.3896,-1.8256,-1.0688;-3.7135,-1.2496,0.4875;-3.6926,-5.2794,-0.0987;-4.7171,-4.2504,-1.1493;-2.2148,-3.7959,-1.8568;-1.1413,-3.6518,-0.4299;0.5015,-2.1554,-0.5288;</g>
	</geometry>
	<conformers/>
	<properties/>
</molecule>
