<?xml version="1.0" ?>
<!--MOLLI PACKAGE EXPERIMENTAL XML FORMAT-->
<molecule name="nuc2045">
	<atoms>
		<a id="1" s="N" t="N.pl3" l="N"/>
		<a id="2" s="C" t="C.ar" l="C"/>
		<a id="3" s="C" t="C.ar" l="C"/>
		<a id="4" s="C" t="C.ar" l="C"/>
		<a id="5" s="N" t="N.ar" l="N"/>
		<a id="6" s="C" t="C.ar" l="C"/>
		<a id="7" s="N" t="N.pl3" l="N"/>
		<a id="8" s="C" t="C.3" l="C"/>
		<a id="9" s="C" t="C.3" l="C"/>
		<a id="10" s="F" t="F" l="F"/>
		<a id="11" s="F" t="F" l="F"/>
		<a id="12" s="C" t="C.3" l="C"/>
		<a id="13" s="F" t="F" l="F"/>
		<a id="14" s="F" t="F" l="F"/>
		<a id="15" s="C" t="C.3" l="C"/>
		<a id="16" s="C" t="C.ar" l="C"/>
		<a id="17" s="H" t="H" l="H"/>
		<a id="18" s="H" t="H" l="H"/>
		<a id="19" s="H" t="H" l="H"/>
		<a id="20" s="H" t="H" l="H"/>
		<a id="21" s="H" t="H" l="H"/>
		<a id="22" s="H" t="H" l="H"/>
		<a id="23" s="H" t="H" l="H"/>
		<a id="24" s="H" t="H" l="H"/>
		<a id="25" s="H" t="H" l="H"/>
	</atoms>
	<bonds>
		<b id="1" c="1 2" t="1"/>
		<b id="2" c="2 3" t="ar"/>
		<b id="3" c="3 4" t="ar"/>
		<b id="4" c="4 5" t="ar"/>
		<b id="5" c="5 6" t="ar"/>
		<b id="6" c="6 7" t="1"/>
		<b id="7" c="7 8" t="1"/>
		<b id="8" c="8 9" t="1"/>
		<b id="9" c="9 10" t="1"/>
		<b id="10" c="9 11" t="1"/>
		<b id="11" c="9 12" t="1"/>
		<b id="12" c="12 13" t="1"/>
		<b id="13" c="12 14" t="1"/>
		<b id="14" c="12 15" t="1"/>
		<b id="15" c="7 15" t="1"/>
		<b id="16" c="6 16" t="ar"/>
		<b id="17" c="2 16" t="ar"/>
		<b id="18" c="1 17" t="1"/>
		<b id="19" c="1 18" t="1"/>
		<b id="20" c="3 19" t="1"/>
		<b id="21" c="4 20" t="1"/>
		<b id="22" c="8 21" t="1"/>
		<b id="23" c="8 22" t="1"/>
		<b id="24" c="15 23" t="1"/>
		<b id="25" c="15 24" t="1"/>
		<b id="26" c="16 25" t="1"/>
	</bonds>
	<geometry>
		<g u="A" t="cart/3d">#25,3:2.1978,-0.0402,1.1272;0.9673,-0.1119,0.5367;0.4139,1.0015,-0.1117;-0.7942,0.8504,-0.7524;-1.4834,-0.2805,-0.7856;-0.9684,-1.3387,-0.1632;-1.7095,-2.4998,-0.2648;-3.0119,-2.4276,-0.9040;-3.7993,-3.6145,-0.3649;-3.7444,-4.6793,-1.2052;-5.1100,-3.3500,-0.1914;-3.0795,-3.9757,0.9613;-3.2148,-5.2735,1.3026;-3.6183,-3.2629,1.9819;-1.6302,-3.5685,0.7047;0.2548,-1.3084,0.5032;2.5706,0.8719,1.3263;2.4675,-0.7790,1.7536;0.9329,1.9469,-0.1122;-1.2561,1.6801,-1.2707;-2.9113,-2.4922,-1.9912;-3.5170,-1.4873,-0.6558;-1.0895,-4.4371,0.3056;-1.1616,-3.2425,1.6364;0.6661,-2.1901,0.9683;</g>
	</geometry>
	<conformers/>
	<properties/>
</molecule>
