<?xml version="1.0" ?>
<!--MOLLI PACKAGE EXPERIMENTAL XML FORMAT-->
<molecule name="nuc2049">
	<atoms>
		<a id="1" s="C" t="C.3" l="C"/>
		<a id="2" s="C" t="C.ar" l="C"/>
		<a id="3" s="C" t="C.ar" l="C"/>
		<a id="4" s="C" t="C.ar" l="C"/>
		<a id="5" s="C" t="C.ar" l="C"/>
		<a id="6" s="N" t="N.pl3" l="N"/>
		<a id="7" s="C" t="C.ar" l="C"/>
		<a id="8" s="F" t="F" l="F"/>
		<a id="9" s="C" t="C.ar" l="C"/>
		<a id="10" s="H" t="H" l="H"/>
		<a id="11" s="H" t="H" l="H"/>
		<a id="12" s="H" t="H" l="H"/>
		<a id="13" s="H" t="H" l="H"/>
		<a id="14" s="H" t="H" l="H"/>
		<a id="15" s="H" t="H" l="H"/>
		<a id="16" s="H" t="H" l="H"/>
		<a id="17" s="H" t="H" l="H"/>
	</atoms>
	<bonds>
		<b id="1" c="1 2" t="1"/>
		<b id="2" c="2 3" t="ar"/>
		<b id="3" c="3 4" t="ar"/>
		<b id="4" c="4 5" t="ar"/>
		<b id="5" c="5 6" t="1"/>
		<b id="6" c="5 7" t="ar"/>
		<b id="7" c="7 8" t="1"/>
		<b id="8" c="7 9" t="ar"/>
		<b id="9" c="2 9" t="ar"/>
		<b id="10" c="1 10" t="1"/>
		<b id="11" c="1 11" t="1"/>
		<b id="12" c="1 12" t="1"/>
		<b id="13" c="3 13" t="1"/>
		<b id="14" c="4 14" t="1"/>
		<b id="15" c="6 15" t="1"/>
		<b id="16" c="6 16" t="1"/>
		<b id="17" c="9 17" t="1"/>
	</bonds>
	<geometry>
		<g u="A" t="cart/3d">#17,3:1.0837,-0.0382,0.0103;2.5767,-0.0499,-0.1203;3.3138,1.1244,-0.1752;4.6913,1.1067,-0.2908;5.3929,-0.0956,-0.3539;6.7689,-0.1443,-0.3924;4.6318,-1.2661,-0.3008;5.2840,-2.4600,-0.3808;3.2612,-1.2591,-0.1874;0.7001,0.9781,-0.0239;0.7819,-0.4900,0.9548;0.6245,-0.6115,-0.7938;2.8038,2.0755,-0.1292;5.2436,2.0341,-0.3319;7.2409,0.6771,-0.7307;7.1716,-1.0215,-0.6803;2.7320,-2.1989,-0.1542;</g>
	</geometry>
	<conformers/>
	<properties/>
</molecule>
