<?xml version="1.0" ?>
<!--MOLLI PACKAGE EXPERIMENTAL XML FORMAT-->
<molecule name="nuc1628">
	<atoms>
		<a id="1" s="C" t="C.3" l="C"/>
		<a id="2" s="O" t="O.3" l="O"/>
		<a id="3" s="C" t="C.ar" l="C"/>
		<a id="4" s="C" t="C.ar" l="C"/>
		<a id="5" s="C" t="C.ar" l="C"/>
		<a id="6" s="O" t="O.3" l="O"/>
		<a id="7" s="C" t="C.3" l="C"/>
		<a id="8" s="C" t="C.ar" l="C"/>
		<a id="9" s="C" t="C.ar" l="C"/>
		<a id="10" s="C" t="C.ar" l="C"/>
		<a id="11" s="C" t="C.ar" l="C"/>
		<a id="12" s="C" t="C.ar" l="C"/>
		<a id="13" s="C" t="C.ar" l="C"/>
		<a id="14" s="C" t="C.ar" l="C"/>
		<a id="15" s="C" t="C.ar" l="C"/>
		<a id="16" s="N" t="N.pl3" l="N"/>
		<a id="17" s="C" t="C.3" l="C"/>
		<a id="18" s="C" t="C.ar" l="C"/>
		<a id="19" s="C" t="C.ar" l="C"/>
		<a id="20" s="C" t="C.ar" l="C"/>
		<a id="21" s="C" t="C.ar" l="C"/>
		<a id="22" s="C" t="C.ar" l="C"/>
		<a id="23" s="C" t="C.ar" l="C"/>
		<a id="24" s="C" t="C.3" l="C"/>
		<a id="25" s="N" t="N.3" l="N"/>
		<a id="26" s="C" t="C.ar" l="C"/>
		<a id="27" s="C" t="C.ar" l="C"/>
		<a id="28" s="C" t="C.ar" l="C"/>
		<a id="29" s="C" t="C.ar" l="C"/>
		<a id="30" s="C" t="C.ar" l="C"/>
		<a id="31" s="C" t="C.ar" l="C"/>
		<a id="32" s="C" t="C.ar" l="C"/>
		<a id="33" s="H" t="H" l="H"/>
		<a id="34" s="H" t="H" l="H"/>
		<a id="35" s="H" t="H" l="H"/>
		<a id="36" s="H" t="H" l="H"/>
		<a id="37" s="H" t="H" l="H"/>
		<a id="38" s="H" t="H" l="H"/>
		<a id="39" s="H" t="H" l="H"/>
		<a id="40" s="H" t="H" l="H"/>
		<a id="41" s="H" t="H" l="H"/>
		<a id="42" s="H" t="H" l="H"/>
		<a id="43" s="H" t="H" l="H"/>
		<a id="44" s="H" t="H" l="H"/>
		<a id="45" s="H" t="H" l="H"/>
		<a id="46" s="H" t="H" l="H"/>
		<a id="47" s="H" t="H" l="H"/>
		<a id="48" s="H" t="H" l="H"/>
		<a id="49" s="H" t="H" l="H"/>
		<a id="50" s="H" t="H" l="H"/>
		<a id="51" s="H" t="H" l="H"/>
		<a id="52" s="H" t="H" l="H"/>
		<a id="53" s="H" t="H" l="H"/>
		<a id="54" s="H" t="H" l="H"/>
		<a id="55" s="H" t="H" l="H"/>
		<a id="56" s="H" t="H" l="H"/>
		<a id="57" s="H" t="H" l="H"/>
		<a id="58" s="H" t="H" l="H"/>
		<a id="59" s="H" t="H" l="H"/>
		<a id="60" s="H" t="H" l="H"/>
	</atoms>
	<bonds>
		<b id="1" c="1 2" t="1"/>
		<b id="2" c="2 3" t="1"/>
		<b id="3" c="3 4" t="ar"/>
		<b id="4" c="4 5" t="ar"/>
		<b id="5" c="5 6" t="1"/>
		<b id="6" c="6 7" t="1"/>
		<b id="7" c="5 8" t="ar"/>
		<b id="8" c="8 9" t="ar"/>
		<b id="9" c="9 10" t="1"/>
		<b id="10" c="10 11" t="ar"/>
		<b id="11" c="11 12" t="ar"/>
		<b id="12" c="12 13" t="ar"/>
		<b id="13" c="13 14" t="ar"/>
		<b id="14" c="14 15" t="ar"/>
		<b id="15" c="10 15" t="ar"/>
		<b id="16" c="15 16" t="1"/>
		<b id="17" c="16 17" t="1"/>
		<b id="18" c="17 18" t="1"/>
		<b id="19" c="18 19" t="ar"/>
		<b id="20" c="19 20" t="ar"/>
		<b id="21" c="20 21" t="ar"/>
		<b id="22" c="21 22" t="ar"/>
		<b id="23" c="22 23" t="ar"/>
		<b id="24" c="18 23" t="ar"/>
		<b id="25" c="17 24" t="1"/>
		<b id="26" c="24 25" t="1"/>
		<b id="27" c="24 26" t="1"/>
		<b id="28" c="26 27" t="ar"/>
		<b id="29" c="27 28" t="ar"/>
		<b id="30" c="28 29" t="ar"/>
		<b id="31" c="29 30" t="ar"/>
		<b id="32" c="30 31" t="ar"/>
		<b id="33" c="26 31" t="ar"/>
		<b id="34" c="9 32" t="ar"/>
		<b id="35" c="3 32" t="ar"/>
		<b id="36" c="1 33" t="1"/>
		<b id="37" c="1 34" t="1"/>
		<b id="38" c="1 35" t="1"/>
		<b id="39" c="4 36" t="1"/>
		<b id="40" c="7 37" t="1"/>
		<b id="41" c="7 38" t="1"/>
		<b id="42" c="7 39" t="1"/>
		<b id="43" c="8 40" t="1"/>
		<b id="44" c="11 41" t="1"/>
		<b id="45" c="12 42" t="1"/>
		<b id="46" c="13 43" t="1"/>
		<b id="47" c="14 44" t="1"/>
		<b id="48" c="16 45" t="1"/>
		<b id="49" c="17 46" t="1"/>
		<b id="50" c="19 47" t="1"/>
		<b id="51" c="20 48" t="1"/>
		<b id="52" c="21 49" t="1"/>
		<b id="53" c="22 50" t="1"/>
		<b id="54" c="23 51" t="1"/>
		<b id="55" c="24 52" t="1"/>
		<b id="56" c="25 53" t="1"/>
		<b id="57" c="25 54" t="1"/>
		<b id="58" c="27 55" t="1"/>
		<b id="59" c="28 56" t="1"/>
		<b id="60" c="29 57" t="1"/>
		<b id="61" c="30 58" t="1"/>
		<b id="62" c="31 59" t="1"/>
		<b id="63" c="32 60" t="1"/>
	</bonds>
	<geometry>
		<g u="A" t="cart/3d">#60,3:9.9943,6.7173,2.0065;9.8696,5.3276,2.1718;8.6891,4.7290,1.8428;7.5672,5.4117,1.3831;6.4174,4.6970,1.0635;5.2651,5.2604,0.6002;5.1928,6.6580,0.4768;6.3859,3.3144,1.2151;7.4972,2.6360,1.7030;7.4709,1.1742,1.9161;8.4174,0.3755,1.2931;8.4408,-0.9949,1.4844;7.5209,-1.5730,2.3418;6.5823,-0.7945,2.9908;6.5251,0.5840,2.7781;5.6305,1.3813,3.4479;4.4159,0.9027,4.0606;4.5925,0.6287,5.5392;5.6148,1.2326,6.2592;5.7392,1.0126,7.6195;4.8411,0.1899,8.2766;3.8197,-0.4168,7.5650;3.6964,-0.1983,6.2049;3.2889,1.9670,3.8721;3.5157,3.1776,4.6431;3.0771,2.3255,2.4129;3.2907,1.4192,1.3807;3.0875,1.7918,0.0618;2.6609,3.0717,-0.2475;2.4258,3.9734,0.7751;2.6339,3.6043,2.0909;8.6491,3.3480,2.0068;11.0135,6.9562,2.3041;9.2939,7.2648,2.6447;9.8435,7.0137,0.9637;7.5907,6.4822,1.2690;4.1878,6.8685,0.1171;5.9207,7.0411,-0.2460;5.3418,7.1570,1.4410;5.4911,2.7899,0.9205;9.1341,0.8430,0.6329;9.1758,-1.6019,0.9781;7.5369,-2.6394,2.5161;5.8962,-1.2581,3.6840;5.6144,2.3409,3.1365;4.0883,-0.0278,3.5799;6.3213,1.8663,5.7443;6.5399,1.4864,8.1679;4.9389,0.0192,9.3378;3.1185,-1.0638,8.0703;2.8989,-0.6757,5.6536;2.3584,1.5261,4.2562;4.3744,3.6316,4.3501;3.6032,2.9529,5.6273;3.6261,0.4121,1.5846;3.2727,1.0759,-0.7267;2.5096,3.3591,-1.2771;2.0789,4.9696,0.5480;2.4514,4.3041,2.8911;9.5244,2.8436,2.3835;</g>
	</geometry>
	<conformers/>
	<properties/>
</molecule>
