<?xml version="1.0" ?>
<!--MOLLI PACKAGE EXPERIMENTAL XML FORMAT-->
<molecule name="nuc2055">
	<atoms>
		<a id="1" s="N" t="N.3" l="N"/>
		<a id="2" s="C" t="C.3" l="C"/>
		<a id="3" s="C" t="C.3" l="C"/>
		<a id="4" s="C" t="C.3" l="C"/>
		<a id="5" s="C" t="C.3" l="C"/>
		<a id="6" s="C" t="C.3" l="C"/>
		<a id="7" s="C" t="C.3" l="C"/>
		<a id="8" s="C" t="C.3" l="C"/>
		<a id="9" s="C" t="C.3" l="C"/>
		<a id="10" s="C" t="C.3" l="C"/>
		<a id="11" s="C" t="C.3" l="C"/>
		<a id="12" s="C" t="C.3" l="C"/>
		<a id="13" s="C" t="C.3" l="C"/>
		<a id="14" s="H" t="H" l="H"/>
		<a id="15" s="H" t="H" l="H"/>
		<a id="16" s="H" t="H" l="H"/>
		<a id="17" s="H" t="H" l="H"/>
		<a id="18" s="H" t="H" l="H"/>
		<a id="19" s="H" t="H" l="H"/>
		<a id="20" s="H" t="H" l="H"/>
		<a id="21" s="H" t="H" l="H"/>
		<a id="22" s="H" t="H" l="H"/>
		<a id="23" s="H" t="H" l="H"/>
		<a id="24" s="H" t="H" l="H"/>
		<a id="25" s="H" t="H" l="H"/>
		<a id="26" s="H" t="H" l="H"/>
		<a id="27" s="H" t="H" l="H"/>
		<a id="28" s="H" t="H" l="H"/>
		<a id="29" s="H" t="H" l="H"/>
		<a id="30" s="H" t="H" l="H"/>
		<a id="31" s="H" t="H" l="H"/>
		<a id="32" s="H" t="H" l="H"/>
		<a id="33" s="H" t="H" l="H"/>
		<a id="34" s="H" t="H" l="H"/>
	</atoms>
	<bonds>
		<b id="1" c="1 2" t="1"/>
		<b id="2" c="2 3" t="1"/>
		<b id="3" c="3 4" t="1"/>
		<b id="4" c="4 5" t="1"/>
		<b id="5" c="5 6" t="1"/>
		<b id="6" c="6 7" t="1"/>
		<b id="7" c="7 8" t="1"/>
		<b id="8" c="8 9" t="1"/>
		<b id="9" c="9 10" t="1"/>
		<b id="10" c="10 11" t="1"/>
		<b id="11" c="6 11" t="1"/>
		<b id="12" c="10 12" t="1"/>
		<b id="13" c="4 12" t="1"/>
		<b id="14" c="8 13" t="1"/>
		<b id="15" c="4 13" t="1"/>
		<b id="16" c="1 14" t="1"/>
		<b id="17" c="1 15" t="1"/>
		<b id="18" c="2 16" t="1"/>
		<b id="19" c="2 17" t="1"/>
		<b id="20" c="3 18" t="1"/>
		<b id="21" c="3 19" t="1"/>
		<b id="22" c="5 20" t="1"/>
		<b id="23" c="5 21" t="1"/>
		<b id="24" c="6 22" t="1"/>
		<b id="25" c="7 23" t="1"/>
		<b id="26" c="7 24" t="1"/>
		<b id="27" c="8 25" t="1"/>
		<b id="28" c="9 26" t="1"/>
		<b id="29" c="9 27" t="1"/>
		<b id="30" c="10 28" t="1"/>
		<b id="31" c="11 29" t="1"/>
		<b id="32" c="11 30" t="1"/>
		<b id="33" c="12 31" t="1"/>
		<b id="34" c="12 32" t="1"/>
		<b id="35" c="13 33" t="1"/>
		<b id="36" c="13 34" t="1"/>
	</bonds>
	<geometry>
		<g u="A" t="cart/3d">#34,3:0.8784,0.6387,-2.3120;2.3124,0.6666,-2.5696;3.0488,0.8120,-1.2390;4.5856,0.7972,-1.2976;5.1305,1.9821,-2.1023;6.6592,1.9761,-2.0848;7.1614,2.0869,-0.6470;6.6393,0.8993,0.1585;7.1488,-0.4026,-0.4557;6.6464,-0.5077,-1.8938;7.1708,0.6767,-2.7039;5.1175,-0.5009,-1.9129;5.1126,0.9049,0.1405;0.3651,0.5358,-3.1809;0.5846,1.5111,-1.8833;2.6057,1.4789,-3.2549;2.5677,-0.2854,-3.0408;2.7104,0.0013,-0.5905;2.7316,1.7514,-0.7765;4.7597,2.9181,-1.6770;4.7853,1.9221,-3.1362;7.0294,2.8282,-2.6672;6.8122,3.0213,-0.2010;8.2538,2.0970,-0.6333;6.9900,0.9773,1.1943;6.7902,-1.2541,0.1273;8.2411,-0.4214,-0.4397;7.0078,-1.4421,-2.3390;6.8322,0.5987,-3.7398;8.2633,0.6713,-2.7076;4.7342,-1.3568,-1.3530;4.7746,-0.5929,-2.9450;4.7429,1.8260,0.5977;4.7349,0.0667,0.7307;</g>
	</geometry>
	<conformers/>
	<properties/>
</molecule>
