<?xml version="1.0" ?>
<!--MOLLI PACKAGE EXPERIMENTAL XML FORMAT-->
<molecule name="nuc2060">
	<atoms>
		<a id="1" s="C" t="C.3" l="C"/>
		<a id="2" s="O" t="O.3" l="O"/>
		<a id="3" s="C" t="C.3" l="C"/>
		<a id="4" s="O" t="O.3" l="O"/>
		<a id="5" s="C" t="C.ar" l="C"/>
		<a id="6" s="C" t="C.ar" l="C"/>
		<a id="7" s="C" t="C.ar" l="C"/>
		<a id="8" s="N" t="N.pl3" l="N"/>
		<a id="9" s="C" t="C.ar" l="C"/>
		<a id="10" s="C" t="C.ar" l="C"/>
		<a id="11" s="C" t="C.ar" l="C"/>
		<a id="12" s="O" t="O.3" l="O"/>
		<a id="13" s="C" t="C.3" l="C"/>
		<a id="14" s="H" t="H" l="H"/>
		<a id="15" s="H" t="H" l="H"/>
		<a id="16" s="H" t="H" l="H"/>
		<a id="17" s="H" t="H" l="H"/>
		<a id="18" s="H" t="H" l="H"/>
		<a id="19" s="H" t="H" l="H"/>
		<a id="20" s="H" t="H" l="H"/>
		<a id="21" s="H" t="H" l="H"/>
		<a id="22" s="H" t="H" l="H"/>
		<a id="23" s="H" t="H" l="H"/>
		<a id="24" s="H" t="H" l="H"/>
		<a id="25" s="H" t="H" l="H"/>
		<a id="26" s="H" t="H" l="H"/>
	</atoms>
	<bonds>
		<b id="1" c="1 2" t="1"/>
		<b id="2" c="2 3" t="1"/>
		<b id="3" c="3 4" t="1"/>
		<b id="4" c="4 5" t="1"/>
		<b id="5" c="5 6" t="ar"/>
		<b id="6" c="6 7" t="ar"/>
		<b id="7" c="7 8" t="1"/>
		<b id="8" c="7 9" t="ar"/>
		<b id="9" c="9 10" t="ar"/>
		<b id="10" c="10 11" t="ar"/>
		<b id="11" c="5 11" t="ar"/>
		<b id="12" c="11 12" t="1"/>
		<b id="13" c="12 13" t="1"/>
		<b id="14" c="1 14" t="1"/>
		<b id="15" c="1 15" t="1"/>
		<b id="16" c="1 16" t="1"/>
		<b id="17" c="3 17" t="1"/>
		<b id="18" c="3 18" t="1"/>
		<b id="19" c="6 19" t="1"/>
		<b id="20" c="8 20" t="1"/>
		<b id="21" c="8 21" t="1"/>
		<b id="22" c="9 22" t="1"/>
		<b id="23" c="10 23" t="1"/>
		<b id="24" c="13 24" t="1"/>
		<b id="25" c="13 25" t="1"/>
		<b id="26" c="13 26" t="1"/>
	</bonds>
	<geometry>
		<g u="A" t="cart/3d">#26,3:2.6752,0.2075,-1.0013;2.3694,-0.3793,0.2478;3.0553,-1.5537,0.5008;4.4264,-1.2860,0.6704;5.1346,-2.0300,1.5906;4.8059,-3.3561,1.8440;5.5346,-4.1384,2.7350;5.1315,-5.4316,3.0256;6.6331,-3.5675,3.3719;6.9663,-2.2547,3.1221;6.2359,-1.4568,2.2439;6.7160,-0.1829,2.1052;5.9301,0.8168,1.5002;2.0416,1.0875,-1.0860;2.4559,-0.4885,-1.8199;3.7267,0.5021,-1.0531;2.9213,-2.2697,-0.3355;2.6209,-1.9684,1.4193;3.9701,-3.8026,1.3261;4.5594,-5.8796,2.3276;5.8438,-6.0290,3.4140;7.2193,-4.1539,4.0630;7.8135,-1.8009,3.6111;6.4689,1.7486,1.6753;4.9364,0.8828,1.9498;5.8285,0.6531,0.4246;</g>
	</geometry>
	<conformers/>
	<properties/>
</molecule>
