<?xml version="1.0" ?>
<!--MOLLI PACKAGE EXPERIMENTAL XML FORMAT-->
<molecule name="nuc2064">
	<atoms>
		<a id="1" s="C" t="C.3" l="C"/>
		<a id="2" s="O" t="O.3" l="O"/>
		<a id="3" s="C" t="C.ar" l="C"/>
		<a id="4" s="C" t="C.ar" l="C"/>
		<a id="5" s="C" t="C.ar" l="C"/>
		<a id="6" s="N" t="N.pl3" l="N"/>
		<a id="7" s="S" t="S.O2" l="S"/>
		<a id="8" s="C" t="C.3" l="C"/>
		<a id="9" s="O" t="O.2" l="O"/>
		<a id="10" s="O" t="O.2" l="O"/>
		<a id="11" s="C" t="C.ar" l="C"/>
		<a id="12" s="C" t="C.ar" l="C"/>
		<a id="13" s="C" t="C.ar" l="C"/>
		<a id="14" s="N" t="N.pl3" l="N"/>
		<a id="15" s="H" t="H" l="H"/>
		<a id="16" s="H" t="H" l="H"/>
		<a id="17" s="H" t="H" l="H"/>
		<a id="18" s="H" t="H" l="H"/>
		<a id="19" s="H" t="H" l="H"/>
		<a id="20" s="H" t="H" l="H"/>
		<a id="21" s="H" t="H" l="H"/>
		<a id="22" s="H" t="H" l="H"/>
		<a id="23" s="H" t="H" l="H"/>
		<a id="24" s="H" t="H" l="H"/>
		<a id="25" s="H" t="H" l="H"/>
		<a id="26" s="H" t="H" l="H"/>
	</atoms>
	<bonds>
		<b id="1" c="1 2" t="1"/>
		<b id="2" c="2 3" t="1"/>
		<b id="3" c="3 4" t="ar"/>
		<b id="4" c="4 5" t="ar"/>
		<b id="5" c="5 6" t="1"/>
		<b id="6" c="6 7" t="1"/>
		<b id="7" c="7 8" t="1"/>
		<b id="8" c="7 9" t="2"/>
		<b id="9" c="7 10" t="2"/>
		<b id="10" c="5 11" t="ar"/>
		<b id="11" c="11 12" t="ar"/>
		<b id="12" c="12 13" t="ar"/>
		<b id="13" c="3 13" t="ar"/>
		<b id="14" c="13 14" t="1"/>
		<b id="15" c="1 15" t="1"/>
		<b id="16" c="1 16" t="1"/>
		<b id="17" c="1 17" t="1"/>
		<b id="18" c="4 18" t="1"/>
		<b id="19" c="6 19" t="1"/>
		<b id="20" c="8 20" t="1"/>
		<b id="21" c="8 21" t="1"/>
		<b id="22" c="8 22" t="1"/>
		<b id="23" c="11 23" t="1"/>
		<b id="24" c="12 24" t="1"/>
		<b id="25" c="14 25" t="1"/>
		<b id="26" c="14 26" t="1"/>
	</bonds>
	<geometry>
		<g u="A" t="cart/3d">#26,3:1.2241,-0.1204,0.5020;2.3833,-0.2340,-0.2863;2.9385,0.9168,-0.7845;2.5106,2.1943,-0.4836;3.1504,3.3016,-1.0370;2.6880,4.6160,-0.7718;1.4856,5.1412,-1.8303;2.4592,5.7816,-3.2048;0.6916,4.0409,-2.2965;0.8196,6.2279,-1.1744;4.2227,3.1240,-1.8918;4.6609,1.8444,-2.1899;4.0339,0.7270,-1.6554;4.4078,-0.5533,-2.0045;0.9175,-1.1419,0.7236;0.4228,0.3909,-0.0393;1.4261,0.4071,1.4407;1.6710,2.3614,0.1723;2.3406,4.7388,0.1694;2.9435,4.9418,-3.6831;3.1725,6.4839,-2.7968;1.7772,6.2726,-3.8867;4.7281,3.9823,-2.3049;5.5017,1.7029,-2.8529;5.3528,-0.6725,-2.3298;4.0641,-1.2763,-1.3938;</g>
	</geometry>
	<conformers/>
	<properties/>
</molecule>
