<?xml version="1.0" ?>
<!--MOLLI PACKAGE EXPERIMENTAL XML FORMAT-->
<molecule name="nuc2065">
	<atoms>
		<a id="1" s="C" t="C.3" l="C"/>
		<a id="2" s="C" t="C.3" l="C"/>
		<a id="3" s="N" t="N.ar" l="N"/>
		<a id="4" s="C" t="C.ar" l="C"/>
		<a id="5" s="C" t="C.2" l="C"/>
		<a id="6" s="O" t="O.2" l="O"/>
		<a id="7" s="N" t="N.am" l="N"/>
		<a id="8" s="C" t="C.3" l="C"/>
		<a id="9" s="C" t="C.3" l="C"/>
		<a id="10" s="C" t="C.3" l="C"/>
		<a id="11" s="C" t="C.3" l="C"/>
		<a id="12" s="C" t="C.3" l="C"/>
		<a id="13" s="C" t="C.3" l="C"/>
		<a id="14" s="C" t="C.ar" l="C"/>
		<a id="15" s="C" t="C.ar" l="C"/>
		<a id="16" s="C" t="C.ar" l="C"/>
		<a id="17" s="C" t="C.ar" l="C"/>
		<a id="18" s="N" t="N.ar" l="N"/>
		<a id="19" s="C" t="C.ar" l="C"/>
		<a id="20" s="N" t="N.ar" l="N"/>
		<a id="21" s="C" t="C.3" l="C"/>
		<a id="22" s="C" t="C.ar" l="C"/>
		<a id="23" s="N" t="N.pl3" l="N"/>
		<a id="24" s="N" t="N.ar" l="N"/>
		<a id="25" s="C" t="C.ar" l="C"/>
		<a id="26" s="H" t="H" l="H"/>
		<a id="27" s="H" t="H" l="H"/>
		<a id="28" s="H" t="H" l="H"/>
		<a id="29" s="H" t="H" l="H"/>
		<a id="30" s="H" t="H" l="H"/>
		<a id="31" s="H" t="H" l="H"/>
		<a id="32" s="H" t="H" l="H"/>
		<a id="33" s="H" t="H" l="H"/>
		<a id="34" s="H" t="H" l="H"/>
		<a id="35" s="H" t="H" l="H"/>
		<a id="36" s="H" t="H" l="H"/>
		<a id="37" s="H" t="H" l="H"/>
		<a id="38" s="H" t="H" l="H"/>
		<a id="39" s="H" t="H" l="H"/>
		<a id="40" s="H" t="H" l="H"/>
		<a id="41" s="H" t="H" l="H"/>
		<a id="42" s="H" t="H" l="H"/>
		<a id="43" s="H" t="H" l="H"/>
		<a id="44" s="H" t="H" l="H"/>
		<a id="45" s="H" t="H" l="H"/>
		<a id="46" s="H" t="H" l="H"/>
		<a id="47" s="H" t="H" l="H"/>
	</atoms>
	<bonds>
		<b id="1" c="1 2" t="1"/>
		<b id="2" c="2 3" t="1"/>
		<b id="3" c="3 4" t="ar"/>
		<b id="4" c="4 5" t="1"/>
		<b id="5" c="5 6" t="2"/>
		<b id="6" c="5 7" t="am"/>
		<b id="7" c="7 8" t="1"/>
		<b id="8" c="8 9" t="1"/>
		<b id="9" c="9 10" t="1"/>
		<b id="10" c="8 10" t="1"/>
		<b id="11" c="7 11" t="1"/>
		<b id="12" c="11 12" t="1"/>
		<b id="13" c="12 13" t="1"/>
		<b id="14" c="11 13" t="1"/>
		<b id="15" c="4 14" t="ar"/>
		<b id="16" c="14 15" t="ar"/>
		<b id="17" c="15 16" t="ar"/>
		<b id="18" c="16 17" t="ar"/>
		<b id="19" c="17 18" t="ar"/>
		<b id="20" c="18 19" t="ar"/>
		<b id="21" c="19 20" t="ar"/>
		<b id="22" c="16 20" t="ar"/>
		<b id="23" c="20 21" t="1"/>
		<b id="24" c="17 22" t="ar"/>
		<b id="25" c="22 23" t="1"/>
		<b id="26" c="22 24" t="ar"/>
		<b id="27" c="24 25" t="ar"/>
		<b id="28" c="15 25" t="ar"/>
		<b id="29" c="3 25" t="ar"/>
		<b id="30" c="1 26" t="1"/>
		<b id="31" c="1 27" t="1"/>
		<b id="32" c="1 28" t="1"/>
		<b id="33" c="2 29" t="1"/>
		<b id="34" c="2 30" t="1"/>
		<b id="35" c="8 31" t="1"/>
		<b id="36" c="9 32" t="1"/>
		<b id="37" c="9 33" t="1"/>
		<b id="38" c="10 34" t="1"/>
		<b id="39" c="10 35" t="1"/>
		<b id="40" c="11 36" t="1"/>
		<b id="41" c="12 37" t="1"/>
		<b id="42" c="12 38" t="1"/>
		<b id="43" c="13 39" t="1"/>
		<b id="44" c="13 40" t="1"/>
		<b id="45" c="14 41" t="1"/>
		<b id="46" c="19 42" t="1"/>
		<b id="47" c="21 43" t="1"/>
		<b id="48" c="21 44" t="1"/>
		<b id="49" c="21 45" t="1"/>
		<b id="50" c="23 46" t="1"/>
		<b id="51" c="23 47" t="1"/>
	</bonds>
	<geometry>
		<g u="A" t="cart/3d">#47,3:1.9688,-0.1714,1.4167;2.3427,0.4391,0.0687;2.9650,1.7291,0.2224;4.2402,1.9829,0.6763;5.1945,0.8761,0.8991;5.2640,-0.0528,0.1096;5.9772,0.9691,2.0119;5.8097,1.9938,2.9993;5.5718,1.6021,4.4316;4.4752,2.2361,3.6364;7.0643,0.0769,2.3158;7.3307,-1.2212,1.6219;6.8152,-1.2275,3.0286;4.4507,3.3441,0.7002;3.2551,3.9548,0.2693;2.7382,5.2397,0.0564;1.4146,5.3797,-0.3877;1.1107,6.7125,-0.5119;2.1932,7.3390,-0.1673;3.2195,6.5123,0.1897;4.5371,6.8851,0.6125;0.6059,4.2385,-0.6265;-0.6527,4.3884,-1.1142;1.0704,3.0190,-0.4231;2.3391,2.9089,-0.0065;1.4354,-1.1056,1.2635;1.3301,0.5090,1.9761;2.8638,-0.3796,1.9995;1.4468,0.6033,-0.5330;3.0327,-0.2225,-0.4607;6.4527,2.8571,2.8422;6.0612,2.1794,5.2009;5.4862,0.5528,4.6623;4.1902,3.2552,3.8472;3.6506,1.6127,3.3302;7.9350,0.6435,2.6367;8.3665,-1.4750,1.4514;6.6637,-1.5273,0.8350;7.4741,-1.5093,3.8361;5.7883,-1.5296,3.1716;5.3650,3.8395,0.9606;2.2956,8.4070,-0.1548;4.6206,7.9710,0.6159;5.2849,6.4702,-0.0674;4.7333,6.5075,1.6190;-1.0497,5.3101,-1.0716;-1.2596,3.5883,-1.0951;</g>
	</geometry>
	<conformers/>
	<properties/>
</molecule>
