<?xml version="1.0" ?>
<!--MOLLI PACKAGE EXPERIMENTAL XML FORMAT-->
<molecule name="nuc2066">
	<atoms>
		<a id="1" s="N" t="N.pl3" l="N"/>
		<a id="2" s="N" t="N.ar" l="N"/>
		<a id="3" s="C" t="C.ar" l="C"/>
		<a id="4" s="C" t="C.ar" l="C"/>
		<a id="5" s="C" t="C.ar" l="C"/>
		<a id="6" s="C" t="C.ar" l="C"/>
		<a id="7" s="C" t="C.ar" l="C"/>
		<a id="8" s="C" t="C.ar" l="C"/>
		<a id="9" s="C" t="C.ar" l="C"/>
		<a id="10" s="C" t="C.ar" l="C"/>
		<a id="11" s="H" t="H" l="H"/>
		<a id="12" s="H" t="H" l="H"/>
		<a id="13" s="H" t="H" l="H"/>
		<a id="14" s="H" t="H" l="H"/>
		<a id="15" s="H" t="H" l="H"/>
		<a id="16" s="H" t="H" l="H"/>
		<a id="17" s="H" t="H" l="H"/>
		<a id="18" s="H" t="H" l="H"/>
	</atoms>
	<bonds>
		<b id="1" c="1 2" t="1"/>
		<b id="2" c="2 3" t="ar"/>
		<b id="3" c="3 4" t="ar"/>
		<b id="4" c="4 5" t="ar"/>
		<b id="5" c="5 6" t="ar"/>
		<b id="6" c="6 7" t="ar"/>
		<b id="7" c="7 8" t="ar"/>
		<b id="8" c="8 9" t="ar"/>
		<b id="9" c="9 10" t="ar"/>
		<b id="10" c="5 10" t="ar"/>
		<b id="11" c="2 10" t="ar"/>
		<b id="12" c="1 11" t="1"/>
		<b id="13" c="1 12" t="1"/>
		<b id="14" c="3 13" t="1"/>
		<b id="15" c="4 14" t="1"/>
		<b id="16" c="6 15" t="1"/>
		<b id="17" c="7 16" t="1"/>
		<b id="18" c="8 17" t="1"/>
		<b id="19" c="9 18" t="1"/>
	</bonds>
	<geometry>
		<g u="A" t="cart/3d">#18,3:0.9740,-0.0414,0.2521;2.3727,-0.0111,0.1310;3.1304,1.1207,0.1132;4.4549,0.7927,0.0634;4.5284,-0.6234,0.0556;5.5766,-1.5440,0.0058;5.2787,-2.8863,0.0081;3.9556,-3.3396,0.0618;2.8980,-2.4603,0.1130;3.1911,-1.0996,0.1071;0.5832,0.7759,-0.2120;0.6244,-0.8787,-0.2089;2.6619,2.0869,0.1339;5.2786,1.4774,0.0338;6.5996,-1.1998,-0.0332;6.0764,-3.6137,-0.0299;3.7644,-4.4026,0.0656;1.8796,-2.8184,0.1666;</g>
	</geometry>
	<conformers/>
	<properties/>
</molecule>
