<?xml version="1.0" ?>
<!--MOLLI PACKAGE EXPERIMENTAL XML FORMAT-->
<molecule name="nuc2080">
	<atoms>
		<a id="1" s="N" t="N.pl3" l="N"/>
		<a id="2" s="C" t="C.ar" l="C"/>
		<a id="3" s="C" t="C.ar" l="C"/>
		<a id="4" s="C" t="C.ar" l="C"/>
		<a id="5" s="C" t="C.ar" l="C"/>
		<a id="6" s="N" t="N.am" l="N"/>
		<a id="7" s="C" t="C.2" l="C"/>
		<a id="8" s="O" t="O.2" l="O"/>
		<a id="9" s="C" t="C.3" l="C"/>
		<a id="10" s="C" t="C.2" l="C"/>
		<a id="11" s="O" t="O.2" l="O"/>
		<a id="12" s="N" t="N.am" l="N"/>
		<a id="13" s="C" t="C.ar" l="C"/>
		<a id="14" s="C" t="C.ar" l="C"/>
		<a id="15" s="C" t="C.ar" l="C"/>
		<a id="16" s="C" t="C.ar" l="C"/>
		<a id="17" s="F" t="F" l="F"/>
		<a id="18" s="C" t="C.ar" l="C"/>
		<a id="19" s="C" t="C.ar" l="C"/>
		<a id="20" s="C" t="C.3" l="C"/>
		<a id="21" s="C" t="C.3" l="C"/>
		<a id="22" s="C" t="C.ar" l="C"/>
		<a id="23" s="C" t="C.ar" l="C"/>
		<a id="24" s="H" t="H" l="H"/>
		<a id="25" s="H" t="H" l="H"/>
		<a id="26" s="H" t="H" l="H"/>
		<a id="27" s="H" t="H" l="H"/>
		<a id="28" s="H" t="H" l="H"/>
		<a id="29" s="H" t="H" l="H"/>
		<a id="30" s="H" t="H" l="H"/>
		<a id="31" s="H" t="H" l="H"/>
		<a id="32" s="H" t="H" l="H"/>
		<a id="33" s="H" t="H" l="H"/>
		<a id="34" s="H" t="H" l="H"/>
		<a id="35" s="H" t="H" l="H"/>
		<a id="36" s="H" t="H" l="H"/>
		<a id="37" s="H" t="H" l="H"/>
		<a id="38" s="H" t="H" l="H"/>
		<a id="39" s="H" t="H" l="H"/>
	</atoms>
	<bonds>
		<b id="1" c="1 2" t="1"/>
		<b id="2" c="2 3" t="ar"/>
		<b id="3" c="3 4" t="ar"/>
		<b id="4" c="4 5" t="ar"/>
		<b id="5" c="5 6" t="1"/>
		<b id="6" c="6 7" t="am"/>
		<b id="7" c="7 8" t="2"/>
		<b id="8" c="7 9" t="1"/>
		<b id="9" c="9 10" t="1"/>
		<b id="10" c="10 11" t="2"/>
		<b id="11" c="10 12" t="am"/>
		<b id="12" c="12 13" t="1"/>
		<b id="13" c="13 14" t="ar"/>
		<b id="14" c="14 15" t="ar"/>
		<b id="15" c="15 16" t="ar"/>
		<b id="16" c="16 17" t="1"/>
		<b id="17" c="16 18" t="ar"/>
		<b id="18" c="18 19" t="ar"/>
		<b id="19" c="13 19" t="ar"/>
		<b id="20" c="9 20" t="1"/>
		<b id="21" c="20 21" t="1"/>
		<b id="22" c="9 21" t="1"/>
		<b id="23" c="5 22" t="ar"/>
		<b id="24" c="22 23" t="ar"/>
		<b id="25" c="2 23" t="ar"/>
		<b id="26" c="1 24" t="1"/>
		<b id="27" c="1 25" t="1"/>
		<b id="28" c="3 26" t="1"/>
		<b id="29" c="4 27" t="1"/>
		<b id="30" c="6 28" t="1"/>
		<b id="31" c="12 29" t="1"/>
		<b id="32" c="14 30" t="1"/>
		<b id="33" c="15 31" t="1"/>
		<b id="34" c="18 32" t="1"/>
		<b id="35" c="19 33" t="1"/>
		<b id="36" c="20 34" t="1"/>
		<b id="37" c="20 35" t="1"/>
		<b id="38" c="21 36" t="1"/>
		<b id="39" c="21 37" t="1"/>
		<b id="40" c="22 38" t="1"/>
		<b id="41" c="23 39" t="1"/>
	</bonds>
	<geometry>
		<g u="A" t="cart/3d">#39,3:1.8967,3.5851,-1.3818;0.5588,3.2937,-1.2322;0.1497,2.1036,-0.6288;-1.1852,1.8376,-0.4073;-2.1527,2.7617,-0.7879;-3.5303,2.5520,-0.6023;-4.1607,1.5334,0.0160;-3.6014,0.5957,0.5696;-5.6635,1.6406,0.0181;-6.2919,1.7086,1.4022;-7.2318,2.4389,1.6354;-5.7067,0.8532,2.2736;-5.9909,0.6519,3.6238;-7.0803,1.2380,4.2646;-7.3073,0.9937,5.6063;-6.4447,0.1644,6.2980;-6.6666,-0.0724,7.6110;-5.3586,-0.4321,5.6820;-5.1363,-0.1849,4.3422;-6.4444,0.8057,-0.9747;-6.4321,2.2951,-1.0931;-1.7542,3.9497,-1.3951;-0.4194,4.2135,-1.6152;2.5349,2.8073,-1.3468;2.1342,4.3001,-2.0492;0.8939,1.3806,-0.3286;-1.4817,0.9144,0.0603;-4.1135,3.3040,-0.9449;-4.8855,0.3595,1.9205;-7.7396,1.8846,3.7108;-8.1454,1.4413,6.1168;-4.7038,-1.0745,6.2489;-4.2924,-0.6378,3.8420;-7.3419,0.3193,-0.6230;-5.8791,0.2239,-1.6883;-7.3217,2.8327,-0.7996;-5.9029,2.7333,-1.9268;-2.4981,4.6739,-1.6983;-0.1234,5.1398,-2.0856;</g>
	</geometry>
	<conformers/>
	<properties/>
</molecule>
