<?xml version="1.0" ?>
<!--MOLLI PACKAGE EXPERIMENTAL XML FORMAT-->
<molecule name="nuc2081">
	<atoms>
		<a id="1" s="N" t="N.1" l="N"/>
		<a id="2" s="C" t="C.1" l="C"/>
		<a id="3" s="C" t="C.ar" l="C"/>
		<a id="4" s="C" t="C.ar" l="C"/>
		<a id="5" s="C" t="C.ar" l="C"/>
		<a id="6" s="C" t="C.ar" l="C"/>
		<a id="7" s="C" t="C.ar" l="C"/>
		<a id="8" s="N" t="N.am" l="N"/>
		<a id="9" s="C" t="C.2" l="C"/>
		<a id="10" s="O" t="O.2" l="O"/>
		<a id="11" s="C" t="C.3" l="C"/>
		<a id="12" s="C" t="C.2" l="C"/>
		<a id="13" s="O" t="O.2" l="O"/>
		<a id="14" s="N" t="N.am" l="N"/>
		<a id="15" s="C" t="C.ar" l="C"/>
		<a id="16" s="C" t="C.ar" l="C"/>
		<a id="17" s="C" t="C.ar" l="C"/>
		<a id="18" s="C" t="C.ar" l="C"/>
		<a id="19" s="N" t="N.pl3" l="N"/>
		<a id="20" s="C" t="C.ar" l="C"/>
		<a id="21" s="C" t="C.ar" l="C"/>
		<a id="22" s="C" t="C.3" l="C"/>
		<a id="23" s="C" t="C.3" l="C"/>
		<a id="24" s="C" t="C.ar" l="C"/>
		<a id="25" s="H" t="H" l="H"/>
		<a id="26" s="H" t="H" l="H"/>
		<a id="27" s="H" t="H" l="H"/>
		<a id="28" s="H" t="H" l="H"/>
		<a id="29" s="H" t="H" l="H"/>
		<a id="30" s="H" t="H" l="H"/>
		<a id="31" s="H" t="H" l="H"/>
		<a id="32" s="H" t="H" l="H"/>
		<a id="33" s="H" t="H" l="H"/>
		<a id="34" s="H" t="H" l="H"/>
		<a id="35" s="H" t="H" l="H"/>
		<a id="36" s="H" t="H" l="H"/>
		<a id="37" s="H" t="H" l="H"/>
		<a id="38" s="H" t="H" l="H"/>
		<a id="39" s="H" t="H" l="H"/>
		<a id="40" s="H" t="H" l="H"/>
	</atoms>
	<bonds>
		<b id="1" c="1 2" t="3"/>
		<b id="2" c="2 3" t="1"/>
		<b id="3" c="3 4" t="ar"/>
		<b id="4" c="4 5" t="ar"/>
		<b id="5" c="5 6" t="ar"/>
		<b id="6" c="6 7" t="ar"/>
		<b id="7" c="7 8" t="1"/>
		<b id="8" c="8 9" t="am"/>
		<b id="9" c="9 10" t="2"/>
		<b id="10" c="9 11" t="1"/>
		<b id="11" c="11 12" t="1"/>
		<b id="12" c="12 13" t="2"/>
		<b id="13" c="12 14" t="am"/>
		<b id="14" c="14 15" t="1"/>
		<b id="15" c="15 16" t="ar"/>
		<b id="16" c="16 17" t="ar"/>
		<b id="17" c="17 18" t="ar"/>
		<b id="18" c="18 19" t="1"/>
		<b id="19" c="18 20" t="ar"/>
		<b id="20" c="20 21" t="ar"/>
		<b id="21" c="15 21" t="ar"/>
		<b id="22" c="11 22" t="1"/>
		<b id="23" c="22 23" t="1"/>
		<b id="24" c="11 23" t="1"/>
		<b id="25" c="7 24" t="ar"/>
		<b id="26" c="3 24" t="ar"/>
		<b id="27" c="4 25" t="1"/>
		<b id="28" c="5 26" t="1"/>
		<b id="29" c="6 27" t="1"/>
		<b id="30" c="8 28" t="1"/>
		<b id="31" c="14 29" t="1"/>
		<b id="32" c="16 30" t="1"/>
		<b id="33" c="17 31" t="1"/>
		<b id="34" c="19 32" t="1"/>
		<b id="35" c="19 33" t="1"/>
		<b id="36" c="20 34" t="1"/>
		<b id="37" c="21 35" t="1"/>
		<b id="38" c="22 36" t="1"/>
		<b id="39" c="22 37" t="1"/>
		<b id="40" c="23 38" t="1"/>
		<b id="41" c="23 39" t="1"/>
		<b id="42" c="24 40" t="1"/>
	</bonds>
	<geometry>
		<g u="A" t="cart/3d">#40,3:4.6969,-3.4908,-3.7789;4.1362,-2.5151,-3.5602;3.4374,-1.3135,-3.2981;2.1931,-1.0918,-3.8908;1.5249,0.0884,-3.6267;2.0724,1.0454,-2.7896;3.3149,0.8255,-2.1954;3.9291,1.7476,-1.3527;3.4587,2.9417,-0.9151;2.3942,3.4416,-1.2091;4.4528,3.6578,-0.0156;5.1536,2.7716,0.9828;5.7958,1.7987,0.6090;4.9786,3.1346,2.2682;5.5002,2.5536,3.4375;5.0942,3.0857,4.6588;5.5715,2.5689,5.8439;6.4743,1.5038,5.8413;7.0098,1.0329,7.0198;6.8759,0.9778,4.6123;6.3992,1.4925,3.4251;4.1903,5.1156,0.2301;5.2693,4.7192,-0.7239;3.9971,-0.3607,-2.4530;1.7691,-1.8390,-4.5443;0.5614,0.2704,-4.0786;1.5445,1.9627,-2.5894;4.8206,1.4540,-0.9483;4.3567,3.9138,2.4377;4.3942,3.9101,4.6795;5.2481,2.9899,6.7848;6.5003,1.2388,7.8633;7.4298,0.1184,6.9904;7.5736,0.1534,4.5936;6.7178,1.0719,2.4867;4.4817,5.5669,1.1671;3.2703,5.5046,-0.1810;6.2991,4.8375,-0.4198;5.1050,4.8552,-1.7823;4.9598,-0.5425,-1.9967;</g>
	</geometry>
	<conformers/>
	<properties/>
</molecule>
