<?xml version="1.0" ?>
<!--MOLLI PACKAGE EXPERIMENTAL XML FORMAT-->
<molecule name="nuc1636">
	<atoms>
		<a id="1" s="C" t="C.3" l="C"/>
		<a id="2" s="C" t="C.3" l="C"/>
		<a id="3" s="C" t="C.3" l="C"/>
		<a id="4" s="C" t="C.3" l="C"/>
		<a id="5" s="O" t="O.3" l="O"/>
		<a id="6" s="C" t="C.2" l="C"/>
		<a id="7" s="O" t="O.2" l="O"/>
		<a id="8" s="N" t="N.am" l="N"/>
		<a id="9" s="C" t="C.3" l="C"/>
		<a id="10" s="C" t="C.3" l="C"/>
		<a id="11" s="C" t="C.3" l="C"/>
		<a id="12" s="N" t="N.3" l="N"/>
		<a id="13" s="C" t="C.3" l="C"/>
		<a id="14" s="C" t="C.2" l="C"/>
		<a id="15" s="O" t="O.2" l="O"/>
		<a id="16" s="N" t="N.am" l="N"/>
		<a id="17" s="C" t="C.3" l="C"/>
		<a id="18" s="C" t="C.3" l="C"/>
		<a id="19" s="C" t="C.3" l="C"/>
		<a id="20" s="C" t="C.3" l="C"/>
		<a id="21" s="C" t="C.3" l="C"/>
		<a id="22" s="C" t="C.3" l="C"/>
		<a id="23" s="C" t="C.3" l="C"/>
		<a id="24" s="H" t="H" l="H"/>
		<a id="25" s="H" t="H" l="H"/>
		<a id="26" s="H" t="H" l="H"/>
		<a id="27" s="H" t="H" l="H"/>
		<a id="28" s="H" t="H" l="H"/>
		<a id="29" s="H" t="H" l="H"/>
		<a id="30" s="H" t="H" l="H"/>
		<a id="31" s="H" t="H" l="H"/>
		<a id="32" s="H" t="H" l="H"/>
		<a id="33" s="H" t="H" l="H"/>
		<a id="34" s="H" t="H" l="H"/>
		<a id="35" s="H" t="H" l="H"/>
		<a id="36" s="H" t="H" l="H"/>
		<a id="37" s="H" t="H" l="H"/>
		<a id="38" s="H" t="H" l="H"/>
		<a id="39" s="H" t="H" l="H"/>
		<a id="40" s="H" t="H" l="H"/>
		<a id="41" s="H" t="H" l="H"/>
		<a id="42" s="H" t="H" l="H"/>
		<a id="43" s="H" t="H" l="H"/>
		<a id="44" s="H" t="H" l="H"/>
		<a id="45" s="H" t="H" l="H"/>
		<a id="46" s="H" t="H" l="H"/>
		<a id="47" s="H" t="H" l="H"/>
		<a id="48" s="H" t="H" l="H"/>
		<a id="49" s="H" t="H" l="H"/>
		<a id="50" s="H" t="H" l="H"/>
		<a id="51" s="H" t="H" l="H"/>
		<a id="52" s="H" t="H" l="H"/>
		<a id="53" s="H" t="H" l="H"/>
		<a id="54" s="H" t="H" l="H"/>
	</atoms>
	<bonds>
		<b id="1" c="1 2" t="1"/>
		<b id="2" c="2 3" t="1"/>
		<b id="3" c="2 4" t="1"/>
		<b id="4" c="2 5" t="1"/>
		<b id="5" c="5 6" t="1"/>
		<b id="6" c="6 7" t="2"/>
		<b id="7" c="6 8" t="am"/>
		<b id="8" c="8 9" t="1"/>
		<b id="9" c="9 10" t="1"/>
		<b id="10" c="10 11" t="1"/>
		<b id="11" c="11 13" t="1"/>
		<b id="12" c="13 14" t="1"/>
		<b id="13" c="14 15" t="2"/>
		<b id="14" c="14 16" t="am"/>
		<b id="15" c="16 17" t="1"/>
		<b id="16" c="17 18" t="1"/>
		<b id="17" c="18 19" t="1"/>
		<b id="18" c="19 20" t="1"/>
		<b id="19" c="20 21" t="1"/>
		<b id="20" c="21 22" t="1"/>
		<b id="21" c="17 22" t="1"/>
		<b id="22" c="13 23" t="1"/>
		<b id="23" c="8 23" t="1"/>
		<b id="24" c="11 12" t="1"/>
		<b id="25" c="1 24" t="1"/>
		<b id="26" c="1 25" t="1"/>
		<b id="27" c="1 26" t="1"/>
		<b id="28" c="3 27" t="1"/>
		<b id="29" c="3 28" t="1"/>
		<b id="30" c="3 29" t="1"/>
		<b id="31" c="4 30" t="1"/>
		<b id="32" c="4 31" t="1"/>
		<b id="33" c="4 32" t="1"/>
		<b id="34" c="9 33" t="1"/>
		<b id="35" c="9 34" t="1"/>
		<b id="36" c="10 35" t="1"/>
		<b id="37" c="10 36" t="1"/>
		<b id="38" c="11 37" t="1"/>
		<b id="39" c="12 38" t="1"/>
		<b id="40" c="12 39" t="1"/>
		<b id="41" c="13 40" t="1"/>
		<b id="42" c="16 41" t="1"/>
		<b id="43" c="17 42" t="1"/>
		<b id="44" c="18 43" t="1"/>
		<b id="45" c="18 44" t="1"/>
		<b id="46" c="19 45" t="1"/>
		<b id="47" c="19 46" t="1"/>
		<b id="48" c="20 47" t="1"/>
		<b id="49" c="20 48" t="1"/>
		<b id="50" c="21 49" t="1"/>
		<b id="51" c="21 50" t="1"/>
		<b id="52" c="22 51" t="1"/>
		<b id="53" c="22 52" t="1"/>
		<b id="54" c="23 53" t="1"/>
		<b id="55" c="23 54" t="1"/>
	</bonds>
	<geometry>
		<g u="A" t="cart/3d">#54,3:4.1362,1.3553,0.4554;3.0852,0.6295,-0.3837;2.2385,-0.3038,0.4819;2.1942,1.6371,-1.1124;3.7163,-0.1126,-1.4533;4.6040,-1.0818,-1.1796;4.9251,-1.4579,-0.0721;5.1590,-1.5831,-2.3151;4.6030,-1.3883,-3.6371;3.7742,-2.6077,-4.0430;4.6085,-3.8903,-3.9578;3.8045,-5.0197,-4.3805;5.1875,-4.0169,-2.5312;6.0858,-5.2427,-2.3896;6.5341,-5.8563,-3.3374;6.3365,-5.5682,-1.1072;7.2277,-6.6417,-0.7177;6.4683,-7.7493,0.0210;6.0006,-7.2949,1.4014;7.1834,-6.8106,2.2342;7.9047,-5.6688,1.5244;8.3794,-6.1102,0.1416;5.9987,-2.7528,-2.2062;3.6454,1.9871,1.1903;4.7605,1.9753,-0.1847;4.7670,0.6360,0.9702;1.7048,0.2745,1.2306;2.8754,-1.0281,0.9818;1.5163,-0.8336,-0.1361;1.6585,2.2479,-0.3921;1.4760,1.1153,-1.7397;2.8001,2.2814,-1.7441;5.4356,-1.2554,-4.3357;3.9932,-0.4862,-3.6352;3.4044,-2.4903,-5.0608;2.9121,-2.6970,-3.3774;5.4477,-3.8251,-4.6596;3.0783,-5.2173,-3.6987;4.3940,-5.8410,-4.4609;4.3619,-4.0948,-1.8125;5.9456,-5.0051,-0.3689;7.6239,-7.0400,-1.6585;7.1348,-8.6068,0.1312;5.6145,-8.0632,-0.5826;5.5048,-8.1259,1.9076;5.2692,-6.4895,1.3018;7.8798,-7.6385,2.3863;6.8375,-6.4793,3.2153;8.7647,-5.3487,2.1159;7.2341,-4.8106,1.4375;9.1178,-6.9062,0.2537;8.8595,-5.2768,-0.3751;6.8272,-2.6572,-2.9147;6.3961,-2.7845,-1.1900;</g>
	</geometry>
	<conformers/>
	<properties/>
</molecule>
