<?xml version="1.0" ?>
<!--MOLLI PACKAGE EXPERIMENTAL XML FORMAT-->
<molecule name="nuc1637">
	<atoms>
		<a id="1" s="C" t="C.3" l="C"/>
		<a id="2" s="C" t="C.3" l="C"/>
		<a id="3" s="N" t="N.3" l="N"/>
		<a id="4" s="C" t="C.3" l="C"/>
		<a id="5" s="N" t="N.am" l="N"/>
		<a id="6" s="C" t="C.2" l="C"/>
		<a id="7" s="O" t="O.2" l="O"/>
		<a id="8" s="O" t="O.3" l="O"/>
		<a id="9" s="C" t="C.3" l="C"/>
		<a id="10" s="C" t="C.3" l="C"/>
		<a id="11" s="C" t="C.3" l="C"/>
		<a id="12" s="C" t="C.3" l="C"/>
		<a id="13" s="H" t="H" l="H"/>
		<a id="14" s="H" t="H" l="H"/>
		<a id="15" s="H" t="H" l="H"/>
		<a id="16" s="H" t="H" l="H"/>
		<a id="17" s="H" t="H" l="H"/>
		<a id="18" s="H" t="H" l="H"/>
		<a id="19" s="H" t="H" l="H"/>
		<a id="20" s="H" t="H" l="H"/>
		<a id="21" s="H" t="H" l="H"/>
		<a id="22" s="H" t="H" l="H"/>
		<a id="23" s="H" t="H" l="H"/>
		<a id="24" s="H" t="H" l="H"/>
		<a id="25" s="H" t="H" l="H"/>
		<a id="26" s="H" t="H" l="H"/>
		<a id="27" s="H" t="H" l="H"/>
		<a id="28" s="H" t="H" l="H"/>
		<a id="29" s="H" t="H" l="H"/>
		<a id="30" s="H" t="H" l="H"/>
	</atoms>
	<bonds>
		<b id="1" c="1 2" t="1"/>
		<b id="2" c="2 3" t="1"/>
		<b id="3" c="2 4" t="1"/>
		<b id="4" c="4 5" t="1"/>
		<b id="5" c="5 6" t="am"/>
		<b id="6" c="6 7" t="2"/>
		<b id="7" c="6 8" t="1"/>
		<b id="8" c="8 9" t="1"/>
		<b id="9" c="9 10" t="1"/>
		<b id="10" c="9 11" t="1"/>
		<b id="11" c="9 12" t="1"/>
		<b id="12" c="1 13" t="1"/>
		<b id="13" c="1 14" t="1"/>
		<b id="14" c="1 15" t="1"/>
		<b id="15" c="2 16" t="1"/>
		<b id="16" c="3 17" t="1"/>
		<b id="17" c="3 18" t="1"/>
		<b id="18" c="4 19" t="1"/>
		<b id="19" c="4 20" t="1"/>
		<b id="20" c="5 21" t="1"/>
		<b id="21" c="10 22" t="1"/>
		<b id="22" c="10 23" t="1"/>
		<b id="23" c="10 24" t="1"/>
		<b id="24" c="11 25" t="1"/>
		<b id="25" c="11 26" t="1"/>
		<b id="26" c="11 27" t="1"/>
		<b id="27" c="12 28" t="1"/>
		<b id="28" c="12 29" t="1"/>
		<b id="29" c="12 30" t="1"/>
	</bonds>
	<geometry>
		<g u="A" t="cart/3d">#30,3:3.0720,2.4536,-1.9175;4.5110,2.0637,-1.5569;5.1163,2.9210,-0.5508;4.5789,0.6154,-1.0375;4.1082,-0.3569,-1.9924;4.8170,-0.8163,-3.0564;4.3083,-1.4941,-3.9199;6.1023,-0.4473,-2.9822;7.0529,-0.8934,-3.9768;6.6707,-0.3473,-5.3527;8.3810,-0.2939,-3.5118;7.1319,-2.4195,-3.9960;3.0341,3.4904,-2.2483;2.4197,2.3434,-1.0515;2.6953,1.8280,-2.7228;5.1362,2.1317,-2.4543;4.5602,2.9087,0.2986;5.1544,3.8796,-0.8792;3.9744,0.5232,-0.1314;5.6176,0.3898,-0.7919;3.1137,-0.5077,-2.0606;6.5956,0.7377,-5.3165;5.7133,-0.7571,-5.6626;7.4273,-0.6245,-6.0812;8.3008,0.7882,-3.4519;9.1709,-0.5552,-4.2094;8.6363,-0.6741,-2.5263;6.1821,-2.8390,-4.3155;7.3650,-2.7937,-3.0013;7.9099,-2.7372,-4.6846;</g>
	</geometry>
	<conformers/>
	<properties/>
</molecule>
