<?xml version="1.0" ?>
<!--MOLLI PACKAGE EXPERIMENTAL XML FORMAT-->
<molecule name="nuc1640">
	<atoms>
		<a id="1" s="N" t="N.3" l="N"/>
		<a id="2" s="C" t="C.3" l="C"/>
		<a id="3" s="C" t="C.3" l="C"/>
		<a id="4" s="C" t="C.3" l="C"/>
		<a id="5" s="C" t="C.3" l="C"/>
		<a id="6" s="C" t="C.3" l="C"/>
		<a id="7" s="N" t="N.3" l="N"/>
		<a id="8" s="C" t="C.3" l="C"/>
		<a id="9" s="C" t="C.ar" l="C"/>
		<a id="10" s="C" t="C.ar" l="C"/>
		<a id="11" s="C" t="C.ar" l="C"/>
		<a id="12" s="C" t="C.ar" l="C"/>
		<a id="13" s="C" t="C.ar" l="C"/>
		<a id="14" s="C" t="C.ar" l="C"/>
		<a id="15" s="C" t="C.3" l="C"/>
		<a id="16" s="C" t="C.3" l="C"/>
		<a id="17" s="C" t="C.3" l="C"/>
		<a id="18" s="C" t="C.3" l="C"/>
		<a id="19" s="O" t="O.3" l="O"/>
		<a id="20" s="C" t="C.3" l="C"/>
		<a id="21" s="C" t="C.3" l="C"/>
		<a id="22" s="H" t="H" l="H"/>
		<a id="23" s="H" t="H" l="H"/>
		<a id="24" s="H" t="H" l="H"/>
		<a id="25" s="H" t="H" l="H"/>
		<a id="26" s="H" t="H" l="H"/>
		<a id="27" s="H" t="H" l="H"/>
		<a id="28" s="H" t="H" l="H"/>
		<a id="29" s="H" t="H" l="H"/>
		<a id="30" s="H" t="H" l="H"/>
		<a id="31" s="H" t="H" l="H"/>
		<a id="32" s="H" t="H" l="H"/>
		<a id="33" s="H" t="H" l="H"/>
		<a id="34" s="H" t="H" l="H"/>
		<a id="35" s="H" t="H" l="H"/>
		<a id="36" s="H" t="H" l="H"/>
		<a id="37" s="H" t="H" l="H"/>
		<a id="38" s="H" t="H" l="H"/>
		<a id="39" s="H" t="H" l="H"/>
		<a id="40" s="H" t="H" l="H"/>
		<a id="41" s="H" t="H" l="H"/>
		<a id="42" s="H" t="H" l="H"/>
		<a id="43" s="H" t="H" l="H"/>
		<a id="44" s="H" t="H" l="H"/>
		<a id="45" s="H" t="H" l="H"/>
		<a id="46" s="H" t="H" l="H"/>
		<a id="47" s="H" t="H" l="H"/>
		<a id="48" s="H" t="H" l="H"/>
		<a id="49" s="H" t="H" l="H"/>
	</atoms>
	<bonds>
		<b id="1" c="1 2" t="1"/>
		<b id="2" c="2 3" t="1"/>
		<b id="3" c="3 4" t="1"/>
		<b id="4" c="4 5" t="1"/>
		<b id="5" c="5 6" t="1"/>
		<b id="6" c="6 7" t="1"/>
		<b id="7" c="7 8" t="1"/>
		<b id="8" c="8 9" t="1"/>
		<b id="9" c="9 10" t="ar"/>
		<b id="10" c="10 11" t="ar"/>
		<b id="11" c="11 12" t="ar"/>
		<b id="12" c="12 13" t="ar"/>
		<b id="13" c="13 14" t="ar"/>
		<b id="14" c="9 14" t="ar"/>
		<b id="15" c="7 15" t="1"/>
		<b id="16" c="15 16" t="1"/>
		<b id="17" c="4 16" t="1"/>
		<b id="18" c="3 17" t="1"/>
		<b id="19" c="17 18" t="1"/>
		<b id="20" c="18 19" t="1"/>
		<b id="21" c="19 20" t="1"/>
		<b id="22" c="20 21" t="1"/>
		<b id="23" c="3 21" t="1"/>
		<b id="24" c="1 22" t="1"/>
		<b id="25" c="1 23" t="1"/>
		<b id="26" c="2 24" t="1"/>
		<b id="27" c="2 25" t="1"/>
		<b id="28" c="4 26" t="1"/>
		<b id="29" c="5 27" t="1"/>
		<b id="30" c="5 28" t="1"/>
		<b id="31" c="6 29" t="1"/>
		<b id="32" c="6 30" t="1"/>
		<b id="33" c="8 31" t="1"/>
		<b id="34" c="8 32" t="1"/>
		<b id="35" c="10 33" t="1"/>
		<b id="36" c="11 34" t="1"/>
		<b id="37" c="12 35" t="1"/>
		<b id="38" c="13 36" t="1"/>
		<b id="39" c="14 37" t="1"/>
		<b id="40" c="15 38" t="1"/>
		<b id="41" c="15 39" t="1"/>
		<b id="42" c="16 40" t="1"/>
		<b id="43" c="16 41" t="1"/>
		<b id="44" c="17 42" t="1"/>
		<b id="45" c="17 43" t="1"/>
		<b id="46" c="18 44" t="1"/>
		<b id="47" c="18 45" t="1"/>
		<b id="48" c="20 46" t="1"/>
		<b id="49" c="20 47" t="1"/>
		<b id="50" c="21 48" t="1"/>
		<b id="51" c="21 49" t="1"/>
	</bonds>
	<geometry>
		<g u="A" t="cart/3d">#49,3:2.9195,0.2102,0.9812;2.7216,-0.8161,-0.0294;2.7727,-0.2634,-1.4841;4.2182,0.3059,-1.6825;4.4648,1.7171,-1.1238;4.2050,2.8462,-2.1155;5.0238,2.6689,-3.2999;4.9605,3.8235,-4.1763;5.6368,5.0168,-3.5580;6.8786,4.8653,-2.9518;7.5249,5.9528,-2.3954;6.9401,7.2077,-2.4421;5.7040,7.3666,-3.0434;5.0549,6.2753,-3.5954;4.6487,1.4445,-3.9739;4.8949,0.2449,-3.0646;1.5868,0.7132,-1.6214;1.0632,0.8925,-3.0459;0.7635,-0.3358,-3.6639;1.9176,-1.1359,-3.7629;2.4883,-1.4855,-2.3867;3.0544,-0.2196,1.8891;2.0983,0.8028,1.0430;1.7628,-1.3471,0.1061;3.5173,-1.5567,0.0921;4.8225,-0.3636,-1.0600;5.5211,1.7767,-0.8543;3.8862,1.8651,-0.2152;4.4865,3.7951,-1.6495;3.1365,2.9109,-2.3864;3.9186,4.0801,-4.4475;5.4888,3.5664,-5.1020;7.3215,3.8816,-2.9155;8.4899,5.8257,-1.9262;7.4464,8.0592,-2.0113;5.2416,8.3424,-3.0818;4.0874,6.4035,-4.0607;5.2747,1.3372,-4.8662;3.5982,1.4787,-4.3129;5.9708,0.2250,-2.8733;4.6471,-0.6717,-3.5973;1.8355,1.6864,-1.2042;0.7574,0.3007,-1.0393;1.7854,1.4476,-3.6608;0.1249,1.4534,-3.0278;2.6622,-0.6256,-4.3878;1.6027,-2.0490,-4.2750;3.3880,-2.0911,-2.5015;1.7374,-2.1051,-1.8892;</g>
	</geometry>
	<conformers/>
	<properties/>
</molecule>
