<?xml version="1.0" ?>
<!--MOLLI PACKAGE EXPERIMENTAL XML FORMAT-->
<molecule name="nuc1641">
	<atoms>
		<a id="1" s="N" t="N.3" l="N"/>
		<a id="2" s="C" t="C.3" l="C"/>
		<a id="3" s="C" t="C.3" l="C"/>
		<a id="4" s="C" t="C.3" l="C"/>
		<a id="5" s="N" t="N.ar" l="N"/>
		<a id="6" s="C" t="C.ar" l="C"/>
		<a id="7" s="C" t="C.ar" l="C"/>
		<a id="8" s="C" t="C.ar" l="C"/>
		<a id="9" s="C" t="C.ar" l="C"/>
		<a id="10" s="C" t="C.ar" l="C"/>
		<a id="11" s="C" t="C.ar" l="C"/>
		<a id="12" s="C" t="C.ar" l="C"/>
		<a id="13" s="C" t="C.ar" l="C"/>
		<a id="14" s="C" t="C.ar" l="C"/>
		<a id="15" s="O" t="O.2" l="O"/>
		<a id="16" s="C" t="C.2" l="C"/>
		<a id="17" s="O" t="O.2" l="O"/>
		<a id="18" s="C" t="C.ar" l="C"/>
		<a id="19" s="C" t="C.ar" l="C"/>
		<a id="20" s="C" t="C.ar" l="C"/>
		<a id="21" s="C" t="C.ar" l="C"/>
		<a id="22" s="C" t="C.ar" l="C"/>
		<a id="23" s="C" t="C.ar" l="C"/>
		<a id="24" s="H" t="H" l="H"/>
		<a id="25" s="H" t="H" l="H"/>
		<a id="26" s="H" t="H" l="H"/>
		<a id="27" s="H" t="H" l="H"/>
		<a id="28" s="H" t="H" l="H"/>
		<a id="29" s="H" t="H" l="H"/>
		<a id="30" s="H" t="H" l="H"/>
		<a id="31" s="H" t="H" l="H"/>
		<a id="32" s="H" t="H" l="H"/>
		<a id="33" s="H" t="H" l="H"/>
		<a id="34" s="H" t="H" l="H"/>
		<a id="35" s="H" t="H" l="H"/>
		<a id="36" s="H" t="H" l="H"/>
		<a id="37" s="H" t="H" l="H"/>
		<a id="38" s="H" t="H" l="H"/>
		<a id="39" s="H" t="H" l="H"/>
	</atoms>
	<bonds>
		<b id="1" c="1 2" t="1"/>
		<b id="2" c="2 3" t="1"/>
		<b id="3" c="3 4" t="1"/>
		<b id="4" c="4 5" t="1"/>
		<b id="5" c="5 6" t="ar"/>
		<b id="6" c="6 7" t="ar"/>
		<b id="7" c="7 8" t="ar"/>
		<b id="8" c="8 9" t="ar"/>
		<b id="9" c="9 10" t="ar"/>
		<b id="10" c="10 11" t="ar"/>
		<b id="11" c="11 12" t="ar"/>
		<b id="12" c="12 13" t="ar"/>
		<b id="13" c="8 13" t="ar"/>
		<b id="14" c="13 14" t="ar"/>
		<b id="15" c="5 14" t="ar"/>
		<b id="16" c="14 15" t="2"/>
		<b id="17" c="7 16" t="1"/>
		<b id="18" c="16 17" t="2"/>
		<b id="19" c="16 18" t="1"/>
		<b id="20" c="18 19" t="ar"/>
		<b id="21" c="19 20" t="ar"/>
		<b id="22" c="20 21" t="ar"/>
		<b id="23" c="21 22" t="ar"/>
		<b id="24" c="22 23" t="ar"/>
		<b id="25" c="18 23" t="ar"/>
		<b id="26" c="6 23" t="1"/>
		<b id="27" c="1 24" t="1"/>
		<b id="28" c="1 25" t="1"/>
		<b id="29" c="2 26" t="1"/>
		<b id="30" c="2 27" t="1"/>
		<b id="31" c="3 28" t="1"/>
		<b id="32" c="3 29" t="1"/>
		<b id="33" c="4 30" t="1"/>
		<b id="34" c="4 31" t="1"/>
		<b id="35" c="9 32" t="1"/>
		<b id="36" c="10 33" t="1"/>
		<b id="37" c="11 34" t="1"/>
		<b id="38" c="12 35" t="1"/>
		<b id="39" c="19 36" t="1"/>
		<b id="40" c="20 37" t="1"/>
		<b id="41" c="21 38" t="1"/>
		<b id="42" c="22 39" t="1"/>
	</bonds>
	<geometry>
		<g u="A" t="cart/3d">#39,3:3.0305,0.4129,1.2617;2.9180,-0.2306,-0.0354;3.2768,0.7565,-1.1439;4.6613,1.3657,-0.9147;5.0052,2.3046,-1.9652;5.5868,1.9174,-3.1365;5.9526,2.8121,-4.1235;5.6960,4.1986,-3.9726;5.9203,5.3019,-4.7310;5.3941,6.4484,-4.0102;5.4050,7.7302,-4.4018;4.8346,5.9437,-2.7552;5.0165,4.6022,-2.7372;4.6439,3.6402,-1.7135;4.0629,3.9269,-0.6850;6.5899,2.1158,-5.2421;7.0394,2.5782,-6.2675;6.5621,0.6780,-4.8434;7.0229,-0.4050,-5.5508;6.8655,-1.6747,-4.9971;6.2449,-1.8158,-3.7736;5.7736,-0.7141,-3.0567;5.9420,0.5536,-3.5821;2.7406,-0.2171,2.0007;2.4361,1.2346,1.2985;1.9111,-0.6353,-0.2411;3.6204,-1.0714,-0.0427;2.5463,1.5683,-1.1532;3.2341,0.2527,-2.1120;5.4355,0.6045,-0.8391;4.6345,1.9224,0.0248;6.3962,5.3421,-5.6904;4.9851,8.5103,-3.7887;5.8348,8.0255,-5.3447;4.3710,6.5495,-2.0009;7.4914,-0.2625,-6.5124;7.2218,-2.5444,-5.5281;6.1131,-2.8013,-3.3513;5.2816,-0.9013,-2.1176;</g>
	</geometry>
	<conformers/>
	<properties/>
</molecule>
