<?xml version="1.0" ?>
<!--MOLLI PACKAGE EXPERIMENTAL XML FORMAT-->
<molecule name="nuc1642">
	<atoms>
		<a id="1" s="C" t="C.3" l="C"/>
		<a id="2" s="O" t="O.3" l="O"/>
		<a id="3" s="C" t="C.ar" l="C"/>
		<a id="4" s="C" t="C.ar" l="C"/>
		<a id="5" s="C" t="C.ar" l="C"/>
		<a id="6" s="N" t="N.pl3" l="N"/>
		<a id="7" s="C" t="C.ar" l="C"/>
		<a id="8" s="C" t="C.ar" l="C"/>
		<a id="9" s="C" t="C.3" l="C"/>
		<a id="10" s="S" t="S.3" l="S"/>
		<a id="11" s="C" t="C.3" l="C"/>
		<a id="12" s="C" t="C.ar" l="C"/>
		<a id="13" s="H" t="H" l="H"/>
		<a id="14" s="H" t="H" l="H"/>
		<a id="15" s="H" t="H" l="H"/>
		<a id="16" s="H" t="H" l="H"/>
		<a id="17" s="H" t="H" l="H"/>
		<a id="18" s="H" t="H" l="H"/>
		<a id="19" s="H" t="H" l="H"/>
		<a id="20" s="H" t="H" l="H"/>
		<a id="21" s="H" t="H" l="H"/>
		<a id="22" s="H" t="H" l="H"/>
		<a id="23" s="H" t="H" l="H"/>
		<a id="24" s="H" t="H" l="H"/>
		<a id="25" s="H" t="H" l="H"/>
	</atoms>
	<bonds>
		<b id="1" c="1 2" t="1"/>
		<b id="2" c="2 3" t="1"/>
		<b id="3" c="3 4" t="ar"/>
		<b id="4" c="4 5" t="ar"/>
		<b id="5" c="5 6" t="1"/>
		<b id="6" c="5 7" t="ar"/>
		<b id="7" c="7 8" t="ar"/>
		<b id="8" c="8 9" t="1"/>
		<b id="9" c="9 10" t="1"/>
		<b id="10" c="10 11" t="1"/>
		<b id="11" c="8 12" t="ar"/>
		<b id="12" c="3 12" t="ar"/>
		<b id="13" c="1 13" t="1"/>
		<b id="14" c="1 14" t="1"/>
		<b id="15" c="1 15" t="1"/>
		<b id="16" c="4 16" t="1"/>
		<b id="17" c="6 17" t="1"/>
		<b id="18" c="6 18" t="1"/>
		<b id="19" c="7 19" t="1"/>
		<b id="20" c="9 20" t="1"/>
		<b id="21" c="9 21" t="1"/>
		<b id="22" c="11 22" t="1"/>
		<b id="23" c="11 23" t="1"/>
		<b id="24" c="11 24" t="1"/>
		<b id="25" c="12 25" t="1"/>
	</bonds>
	<geometry>
		<g u="A" t="cart/3d">#25,3:1.3009,-0.7157,-0.0598;2.4612,0.0684,0.0552;3.0664,0.1637,1.2750;2.6404,-0.4873,2.4210;3.3378,-0.3228,3.6204;2.8693,-0.9141,4.7759;4.4628,0.4937,3.6538;4.8906,1.1463,2.5063;6.1310,1.9749,2.5456;7.6242,0.9160,2.6769;7.4835,0.0216,1.1066;4.1995,0.9770,1.3184;0.9849,-0.6253,-1.0980;0.5020,-0.3508,0.5942;1.5016,-1.7687,0.1650;1.7703,-1.1256,2.4152;2.2609,-1.7082,4.6606;3.5331,-1.0016,5.5280;5.0130,0.6142,4.5752;6.1682,2.6053,3.4330;6.2418,2.5888,1.6520;8.2830,-0.7114,1.0878;7.5967,0.7193,0.2806;6.5165,-0.4719,1.0620;4.5120,1.4704,0.4118;</g>
	</geometry>
	<conformers/>
	<properties/>
</molecule>
