<?xml version="1.0" ?>
<!--MOLLI PACKAGE EXPERIMENTAL XML FORMAT-->
<molecule name="nuc1650">
	<atoms>
		<a id="1" s="C" t="C.3" l="C"/>
		<a id="2" s="N" t="N.ar" l="N"/>
		<a id="3" s="C" t="C.ar" l="C"/>
		<a id="4" s="C" t="C.ar" l="C"/>
		<a id="5" s="C" t="C.ar" l="C"/>
		<a id="6" s="C" t="C.ar" l="C"/>
		<a id="7" s="C" t="C.ar" l="C"/>
		<a id="8" s="C" t="C.ar" l="C"/>
		<a id="9" s="C" t="C.ar" l="C"/>
		<a id="10" s="C" t="C.ar" l="C"/>
		<a id="11" s="N" t="N.pl3" l="N"/>
		<a id="12" s="C" t="C.ar" l="C"/>
		<a id="13" s="F" t="F" l="F"/>
		<a id="14" s="C" t="C.ar" l="C"/>
		<a id="15" s="C" t="C.ar" l="C"/>
		<a id="16" s="O" t="O.2" l="O"/>
		<a id="17" s="H" t="H" l="H"/>
		<a id="18" s="H" t="H" l="H"/>
		<a id="19" s="H" t="H" l="H"/>
		<a id="20" s="H" t="H" l="H"/>
		<a id="21" s="H" t="H" l="H"/>
		<a id="22" s="H" t="H" l="H"/>
		<a id="23" s="H" t="H" l="H"/>
		<a id="24" s="H" t="H" l="H"/>
		<a id="25" s="H" t="H" l="H"/>
		<a id="26" s="H" t="H" l="H"/>
		<a id="27" s="H" t="H" l="H"/>
	</atoms>
	<bonds>
		<b id="1" c="1 2" t="1"/>
		<b id="2" c="2 3" t="ar"/>
		<b id="3" c="3 4" t="ar"/>
		<b id="4" c="4 5" t="ar"/>
		<b id="5" c="5 6" t="ar"/>
		<b id="6" c="6 7" t="1"/>
		<b id="7" c="7 8" t="ar"/>
		<b id="8" c="8 9" t="ar"/>
		<b id="9" c="9 10" t="ar"/>
		<b id="10" c="10 11" t="1"/>
		<b id="11" c="10 12" t="ar"/>
		<b id="12" c="12 13" t="1"/>
		<b id="13" c="12 14" t="ar"/>
		<b id="14" c="7 14" t="ar"/>
		<b id="15" c="6 15" t="ar"/>
		<b id="16" c="2 15" t="ar"/>
		<b id="17" c="15 16" t="2"/>
		<b id="18" c="1 17" t="1"/>
		<b id="19" c="1 18" t="1"/>
		<b id="20" c="1 19" t="1"/>
		<b id="21" c="3 20" t="1"/>
		<b id="22" c="4 21" t="1"/>
		<b id="23" c="5 22" t="1"/>
		<b id="24" c="8 23" t="1"/>
		<b id="25" c="9 24" t="1"/>
		<b id="26" c="11 25" t="1"/>
		<b id="27" c="11 26" t="1"/>
		<b id="28" c="14 27" t="1"/>
	</bonds>
	<geometry>
		<g u="A" t="cart/3d">#27,3:-1.5812,-1.4963,-0.5227;-0.4026,-0.7407,-0.1638;0.7375,-1.3641,0.1993;1.8489,-0.6605,0.5385;1.7924,0.7446,0.5074;0.6499,1.4036,0.1445;0.5882,2.8676,0.1324;-0.1412,3.5648,-0.8304;-0.1796,4.9429,-0.8384;0.5032,5.6948,0.1188;0.5319,7.0681,0.0921;1.2211,4.9769,1.0797;1.8770,5.6790,2.0475;1.2747,3.6047,1.0996;-0.5358,0.6509,-0.2273;-1.6125,1.1166,-0.5664;-1.4023,-2.5592,-0.3832;-1.8441,-1.2951,-1.5629;-2.4200,-1.1718,0.0955;0.7159,-2.4443,0.2023;2.7543,-1.1700,0.8211;2.6784,1.3088,0.7577;-0.6865,3.0162,-1.5795;-0.7483,5.4632,-1.5953;-0.2056,7.5300,-0.4134;0.8383,7.5277,0.9350;1.8269,3.1176,1.8879;</g>
	</geometry>
	<conformers/>
	<properties/>
</molecule>
