<?xml version="1.0" ?>
<!--MOLLI PACKAGE EXPERIMENTAL XML FORMAT-->
<molecule name="nuc1589">
	<atoms>
		<a id="1" s="C" t="C.3" l="C"/>
		<a id="2" s="C" t="C.3" l="C"/>
		<a id="3" s="C" t="C.3" l="C"/>
		<a id="4" s="C" t="C.2" l="C"/>
		<a id="5" s="O" t="O.2" l="O"/>
		<a id="6" s="N" t="N.am" l="N"/>
		<a id="7" s="N" t="N.3" l="N"/>
		<a id="8" s="H" t="H" l="H"/>
		<a id="9" s="H" t="H" l="H"/>
		<a id="10" s="H" t="H" l="H"/>
		<a id="11" s="H" t="H" l="H"/>
		<a id="12" s="H" t="H" l="H"/>
		<a id="13" s="H" t="H" l="H"/>
		<a id="14" s="H" t="H" l="H"/>
		<a id="15" s="H" t="H" l="H"/>
		<a id="16" s="H" t="H" l="H"/>
		<a id="17" s="H" t="H" l="H"/>
	</atoms>
	<bonds>
		<b id="1" c="1 2" t="1"/>
		<b id="2" c="2 3" t="1"/>
		<b id="3" c="2 4" t="1"/>
		<b id="4" c="4 5" t="2"/>
		<b id="5" c="4 6" t="am"/>
		<b id="6" c="6 7" t="1"/>
		<b id="7" c="1 8" t="1"/>
		<b id="8" c="1 9" t="1"/>
		<b id="9" c="1 10" t="1"/>
		<b id="10" c="2 11" t="1"/>
		<b id="11" c="3 12" t="1"/>
		<b id="12" c="3 13" t="1"/>
		<b id="13" c="3 14" t="1"/>
		<b id="14" c="6 15" t="1"/>
		<b id="15" c="7 16" t="1"/>
		<b id="16" c="7 17" t="1"/>
	</bonds>
	<geometry>
		<g u="A" t="cart/3d">#17,3:1.1306,-0.0131,0.0058;2.6446,0.1388,0.1074;3.0633,1.6018,-0.0665;3.1194,-0.3251,1.4786;2.4428,-0.3112,2.4858;4.4109,-0.7359,1.5040;5.0274,-1.2145,2.6775;0.7651,0.4182,-0.9229;0.6570,0.4915,0.8439;0.8503,-1.0632,0.0396;3.1310,-0.4686,-0.6633;2.6057,2.2125,0.7085;2.7376,1.9722,-1.0360;4.1442,1.7091,0.0007;4.9739,-0.8147,0.6708;4.3495,-1.7948,3.1725;5.2355,-0.4273,3.2943;</g>
	</geometry>
	<conformers/>
	<properties/>
</molecule>
