<?xml version="1.0" ?>
<!--MOLLI PACKAGE EXPERIMENTAL XML FORMAT-->
<molecule name="nuc1663">
	<atoms>
		<a id="1" s="C" t="C.3" l="C"/>
		<a id="2" s="C" t="C.3" l="C"/>
		<a id="3" s="C" t="C.3" l="C"/>
		<a id="4" s="C" t="C.3" l="C"/>
		<a id="5" s="O" t="O.3" l="O"/>
		<a id="6" s="C" t="C.2" l="C"/>
		<a id="7" s="O" t="O.2" l="O"/>
		<a id="8" s="N" t="N.am" l="N"/>
		<a id="9" s="C" t="C.3" l="C"/>
		<a id="10" s="C" t="C.3" l="C"/>
		<a id="11" s="C" t="C.3" l="C"/>
		<a id="12" s="C" t="C.ar" l="C"/>
		<a id="13" s="C" t="C.ar" l="C"/>
		<a id="14" s="C" t="C.ar" l="C"/>
		<a id="15" s="C" t="C.ar" l="C"/>
		<a id="16" s="N" t="N.pl3" l="N"/>
		<a id="17" s="C" t="C.ar" l="C"/>
		<a id="18" s="C" t="C.ar" l="C"/>
		<a id="19" s="H" t="H" l="H"/>
		<a id="20" s="H" t="H" l="H"/>
		<a id="21" s="H" t="H" l="H"/>
		<a id="22" s="H" t="H" l="H"/>
		<a id="23" s="H" t="H" l="H"/>
		<a id="24" s="H" t="H" l="H"/>
		<a id="25" s="H" t="H" l="H"/>
		<a id="26" s="H" t="H" l="H"/>
		<a id="27" s="H" t="H" l="H"/>
		<a id="28" s="H" t="H" l="H"/>
		<a id="29" s="H" t="H" l="H"/>
		<a id="30" s="H" t="H" l="H"/>
		<a id="31" s="H" t="H" l="H"/>
		<a id="32" s="H" t="H" l="H"/>
		<a id="33" s="H" t="H" l="H"/>
		<a id="34" s="H" t="H" l="H"/>
		<a id="35" s="H" t="H" l="H"/>
		<a id="36" s="H" t="H" l="H"/>
		<a id="37" s="H" t="H" l="H"/>
		<a id="38" s="H" t="H" l="H"/>
		<a id="39" s="H" t="H" l="H"/>
		<a id="40" s="H" t="H" l="H"/>
	</atoms>
	<bonds>
		<b id="1" c="1 2" t="1"/>
		<b id="2" c="2 3" t="1"/>
		<b id="3" c="2 4" t="1"/>
		<b id="4" c="2 5" t="1"/>
		<b id="5" c="5 6" t="1"/>
		<b id="6" c="6 7" t="2"/>
		<b id="7" c="6 8" t="am"/>
		<b id="8" c="8 9" t="1"/>
		<b id="9" c="9 10" t="1"/>
		<b id="10" c="10 11" t="1"/>
		<b id="11" c="11 12" t="1"/>
		<b id="12" c="12 13" t="ar"/>
		<b id="13" c="13 14" t="ar"/>
		<b id="14" c="14 15" t="ar"/>
		<b id="15" c="15 16" t="1"/>
		<b id="16" c="15 17" t="ar"/>
		<b id="17" c="17 18" t="ar"/>
		<b id="18" c="12 18" t="ar"/>
		<b id="19" c="1 19" t="1"/>
		<b id="20" c="1 20" t="1"/>
		<b id="21" c="1 21" t="1"/>
		<b id="22" c="3 22" t="1"/>
		<b id="23" c="3 23" t="1"/>
		<b id="24" c="3 24" t="1"/>
		<b id="25" c="4 25" t="1"/>
		<b id="26" c="4 26" t="1"/>
		<b id="27" c="4 27" t="1"/>
		<b id="28" c="8 28" t="1"/>
		<b id="29" c="9 29" t="1"/>
		<b id="30" c="9 30" t="1"/>
		<b id="31" c="10 31" t="1"/>
		<b id="32" c="10 32" t="1"/>
		<b id="33" c="11 33" t="1"/>
		<b id="34" c="11 34" t="1"/>
		<b id="35" c="13 35" t="1"/>
		<b id="36" c="14 36" t="1"/>
		<b id="37" c="16 37" t="1"/>
		<b id="38" c="16 38" t="1"/>
		<b id="39" c="17 39" t="1"/>
		<b id="40" c="18 40" t="1"/>
	</bonds>
	<geometry>
		<g u="A" t="cart/3d">#40,3:2.0471,-4.7583,-0.1881;2.0091,-3.2308,-0.2376;2.4047,-2.7182,-1.6222;0.6203,-2.7157,0.1440;2.8803,-2.6794,0.7780;4.2079,-2.9076,0.7330;4.7983,-3.5576,-0.0950;4.8059,-2.2552,1.7601;6.2066,-2.4278,2.0622;6.4538,-3.5003,3.1253;7.9515,-3.6775,3.3956;8.1917,-4.7828,4.3845;8.2647,-6.1045,3.9618;8.4628,-7.1315,4.8615;8.5904,-6.8642,6.2244;8.7209,-7.8951,7.1367;8.5127,-5.5395,6.6519;8.3134,-4.5199,5.7424;1.3339,-5.1671,-0.8983;1.7910,-5.1060,0.8108;3.0422,-5.1138,-0.4402;1.6894,-3.0706,-2.3602;3.3943,-3.0799,-1.8863;2.4143,-1.6303,-1.6293;-0.1184,-3.0824,-0.5624;0.6116,-1.6290,0.1357;0.3575,-3.0554,1.1423;4.2057,-1.8403,2.4545;6.6149,-1.4674,2.3908;6.6910,-2.7197,1.1276;6.0338,-4.4458,2.7775;5.9457,-3.2274,4.0536;8.3608,-2.7395,3.7773;8.4532,-3.9098,2.4539;8.1729,-6.3310,2.9091;8.5226,-8.1538,4.5151;9.0635,-8.7685,6.7696;9.1031,-7.6455,8.0347;8.6115,-5.3166,7.7052;8.2610,-3.4992,6.0948;</g>
	</geometry>
	<conformers/>
	<properties/>
</molecule>
