<?xml version="1.0" ?>
<!--MOLLI PACKAGE EXPERIMENTAL XML FORMAT-->
<molecule name="nuc1670">
	<atoms>
		<a id="1" s="C" t="C.3" l="C"/>
		<a id="2" s="O" t="O.3" l="O"/>
		<a id="3" s="C" t="C.ar" l="C"/>
		<a id="4" s="C" t="C.ar" l="C"/>
		<a id="5" s="C" t="C.ar" l="C"/>
		<a id="6" s="O" t="O.3" l="O"/>
		<a id="7" s="C" t="C.3" l="C"/>
		<a id="8" s="C" t="C.ar" l="C"/>
		<a id="9" s="C" t="C.ar" l="C"/>
		<a id="10" s="C" t="C.ar" l="C"/>
		<a id="11" s="C" t="C.ar" l="C"/>
		<a id="12" s="C" t="C.ar" l="C"/>
		<a id="13" s="C" t="C.ar" l="C"/>
		<a id="14" s="N" t="N.ar" l="N"/>
		<a id="15" s="C" t="C.ar" l="C"/>
		<a id="16" s="N" t="N.pl3" l="N"/>
		<a id="17" s="N" t="N.ar" l="N"/>
		<a id="18" s="C" t="C.ar" l="C"/>
		<a id="19" s="C" t="C.ar" l="C"/>
		<a id="20" s="C" t="C.ar" l="C"/>
		<a id="21" s="C" t="C.ar" l="C"/>
		<a id="22" s="H" t="H" l="H"/>
		<a id="23" s="H" t="H" l="H"/>
		<a id="24" s="H" t="H" l="H"/>
		<a id="25" s="H" t="H" l="H"/>
		<a id="26" s="H" t="H" l="H"/>
		<a id="27" s="H" t="H" l="H"/>
		<a id="28" s="H" t="H" l="H"/>
		<a id="29" s="H" t="H" l="H"/>
		<a id="30" s="H" t="H" l="H"/>
		<a id="31" s="H" t="H" l="H"/>
		<a id="32" s="H" t="H" l="H"/>
		<a id="33" s="H" t="H" l="H"/>
		<a id="34" s="H" t="H" l="H"/>
		<a id="35" s="H" t="H" l="H"/>
		<a id="36" s="H" t="H" l="H"/>
	</atoms>
	<bonds>
		<b id="1" c="1 2" t="1"/>
		<b id="2" c="2 3" t="1"/>
		<b id="3" c="3 4" t="ar"/>
		<b id="4" c="4 5" t="ar"/>
		<b id="5" c="5 6" t="1"/>
		<b id="6" c="6 7" t="1"/>
		<b id="7" c="5 8" t="ar"/>
		<b id="8" c="8 9" t="ar"/>
		<b id="9" c="9 10" t="1"/>
		<b id="10" c="10 11" t="ar"/>
		<b id="11" c="11 12" t="ar"/>
		<b id="12" c="12 13" t="ar"/>
		<b id="13" c="13 14" t="ar"/>
		<b id="14" c="14 15" t="ar"/>
		<b id="15" c="15 16" t="1"/>
		<b id="16" c="15 17" t="ar"/>
		<b id="17" c="17 18" t="ar"/>
		<b id="18" c="18 19" t="ar"/>
		<b id="19" c="13 19" t="ar"/>
		<b id="20" c="19 20" t="ar"/>
		<b id="21" c="10 20" t="ar"/>
		<b id="22" c="9 21" t="ar"/>
		<b id="23" c="3 21" t="ar"/>
		<b id="24" c="1 22" t="1"/>
		<b id="25" c="1 23" t="1"/>
		<b id="26" c="1 24" t="1"/>
		<b id="27" c="4 25" t="1"/>
		<b id="28" c="7 26" t="1"/>
		<b id="29" c="7 27" t="1"/>
		<b id="30" c="7 28" t="1"/>
		<b id="31" c="8 29" t="1"/>
		<b id="32" c="11 30" t="1"/>
		<b id="33" c="12 31" t="1"/>
		<b id="34" c="16 32" t="1"/>
		<b id="35" c="16 33" t="1"/>
		<b id="36" c="18 34" t="1"/>
		<b id="37" c="20 35" t="1"/>
		<b id="38" c="21 36" t="1"/>
	</bonds>
	<geometry>
		<g u="A" t="cart/3d">#36,3:1.0238,0.2689,0.0478;2.3697,0.0568,0.3923;2.9647,-1.1169,0.0348;2.3245,-2.1416,-0.6548;3.0324,-3.2965,-0.9717;2.5038,-4.3601,-1.6420;1.1652,-4.2982,-2.0659;4.3677,-3.4231,-0.6040;5.0074,-2.4009,0.0855;6.4206,-2.5282,0.4726;7.3495,-3.1143,-0.4177;8.6726,-3.2322,-0.1026;9.1477,-2.7656,1.1407;10.4522,-2.8706,1.4512;10.8304,-2.4090,2.6236;12.1429,-2.4554,2.9365;10.0260,-1.8528,3.5669;8.7621,-1.7499,3.2756;8.2178,-2.1848,2.0469;6.8642,-2.0750,1.6936;4.2988,-1.2490,0.4033;0.7767,1.2609,0.4232;0.3648,-0.4679,0.5193;0.8762,0.2487,-1.0372;1.2910,-2.0417,-0.9404;0.9752,-5.2393,-2.5798;1.0003,-3.4691,-2.7621;0.4766,-4.2059,-1.2194;4.8799,-4.3395,-0.8480;6.9946,-3.4544,-1.3795;9.3811,-3.6709,-0.7875;12.7613,-2.9661,2.3334;12.4171,-2.2317,3.8754;8.1271,-1.3058,4.0345;6.1738,-1.6428,2.4041;4.7714,-0.4280,0.9172;</g>
	</geometry>
	<conformers/>
	<properties/>
</molecule>
