<?xml version="1.0" ?>
<!--MOLLI PACKAGE EXPERIMENTAL XML FORMAT-->
<molecule name="nuc1677">
	<atoms>
		<a id="1" s="C" t="C.3" l="C"/>
		<a id="2" s="O" t="O.3" l="O"/>
		<a id="3" s="C" t="C.2" l="C"/>
		<a id="4" s="O" t="O.2" l="O"/>
		<a id="5" s="C" t="C.ar" l="C"/>
		<a id="6" s="C" t="C.ar" l="C"/>
		<a id="7" s="C" t="C.ar" l="C"/>
		<a id="8" s="C" t="C.ar" l="C"/>
		<a id="9" s="O" t="O.3" l="O"/>
		<a id="10" s="C" t="C.3" l="C"/>
		<a id="11" s="C" t="C.ar" l="C"/>
		<a id="12" s="N" t="N.pl3" l="N"/>
		<a id="13" s="C" t="C.ar" l="C"/>
		<a id="14" s="H" t="H" l="H"/>
		<a id="15" s="H" t="H" l="H"/>
		<a id="16" s="H" t="H" l="H"/>
		<a id="17" s="H" t="H" l="H"/>
		<a id="18" s="H" t="H" l="H"/>
		<a id="19" s="H" t="H" l="H"/>
		<a id="20" s="H" t="H" l="H"/>
		<a id="21" s="H" t="H" l="H"/>
		<a id="22" s="H" t="H" l="H"/>
		<a id="23" s="H" t="H" l="H"/>
		<a id="24" s="H" t="H" l="H"/>
	</atoms>
	<bonds>
		<b id="1" c="1 2" t="1"/>
		<b id="2" c="2 3" t="1"/>
		<b id="3" c="3 4" t="2"/>
		<b id="4" c="3 5" t="1"/>
		<b id="5" c="5 6" t="ar"/>
		<b id="6" c="6 7" t="ar"/>
		<b id="7" c="7 8" t="ar"/>
		<b id="8" c="8 9" t="1"/>
		<b id="9" c="9 10" t="1"/>
		<b id="10" c="8 11" t="ar"/>
		<b id="11" c="11 12" t="1"/>
		<b id="12" c="11 13" t="ar"/>
		<b id="13" c="5 13" t="ar"/>
		<b id="14" c="1 14" t="1"/>
		<b id="15" c="1 15" t="1"/>
		<b id="16" c="1 16" t="1"/>
		<b id="17" c="6 17" t="1"/>
		<b id="18" c="7 18" t="1"/>
		<b id="19" c="10 19" t="1"/>
		<b id="20" c="10 20" t="1"/>
		<b id="21" c="10 21" t="1"/>
		<b id="22" c="12 22" t="1"/>
		<b id="23" c="12 23" t="1"/>
		<b id="24" c="13 24" t="1"/>
	</bonds>
	<geometry>
		<g u="A" t="cart/3d">#24,3:1.4709,0.8333,0.2008;2.8671,0.6510,0.3795;3.2310,-0.4877,0.9990;2.4305,-1.3151,1.3639;4.6929,-0.5981,1.1759;5.5665,0.3956,0.7436;6.9260,0.2440,0.9446;7.4303,-0.8821,1.5762;8.7698,-1.0602,1.8595;9.6831,-0.8225,0.8067;6.5538,-1.8950,2.0217;7.0707,-3.0403,2.5818;5.1914,-1.7327,1.8092;1.3457,1.8186,-0.2416;0.9588,0.7741,1.1626;1.0686,0.0647,-0.4598;5.1813,1.2770,0.2581;7.6023,1.0211,0.6202;9.5920,0.1824,0.3845;9.5436,-1.5663,0.0084;10.6738,-0.9391,1.2432;8.0188,-2.9563,2.9163;6.4482,-3.5843,3.1562;4.4965,-2.4952,2.1288;</g>
	</geometry>
	<conformers/>
	<properties/>
</molecule>
