<?xml version="1.0" ?>
<!--MOLLI PACKAGE EXPERIMENTAL XML FORMAT-->
<molecule name="nuc1">
	<atoms>
		<a id="1" s="C" t="C.3" l="C"/>
		<a id="2" s="C" t="C.3" l="C"/>
		<a id="3" s="N" t="N.3" l="N"/>
		<a id="4" s="C" t="C.ar" l="C"/>
		<a id="5" s="C" t="C.ar" l="C"/>
		<a id="6" s="C" t="C.ar" l="C"/>
		<a id="7" s="C" t="C.ar" l="C"/>
		<a id="8" s="C" t="C.ar" l="C"/>
		<a id="9" s="C" t="C.ar" l="C"/>
		<a id="10" s="H" t="H" l="H"/>
		<a id="11" s="H" t="H" l="H"/>
		<a id="12" s="H" t="H" l="H"/>
		<a id="13" s="H" t="H" l="H"/>
		<a id="14" s="H" t="H" l="H"/>
		<a id="15" s="H" t="H" l="H"/>
		<a id="16" s="H" t="H" l="H"/>
		<a id="17" s="H" t="H" l="H"/>
		<a id="18" s="H" t="H" l="H"/>
		<a id="19" s="H" t="H" l="H"/>
		<a id="20" s="H" t="H" l="H"/>
	</atoms>
	<bonds>
		<b id="1" c="2 4" t="1"/>
		<b id="2" c="4 5" t="ar"/>
		<b id="3" c="5 6" t="ar"/>
		<b id="4" c="6 7" t="ar"/>
		<b id="5" c="7 8" t="ar"/>
		<b id="6" c="8 9" t="ar"/>
		<b id="7" c="4 9" t="ar"/>
		<b id="8" c="2 3" t="1"/>
		<b id="9" c="2 1" t="1"/>
		<b id="10" c="1 10" t="1"/>
		<b id="11" c="1 11" t="1"/>
		<b id="12" c="1 12" t="1"/>
		<b id="13" c="2 13" t="1"/>
		<b id="14" c="3 14" t="1"/>
		<b id="15" c="3 15" t="1"/>
		<b id="16" c="5 16" t="1"/>
		<b id="17" c="6 17" t="1"/>
		<b id="18" c="7 18" t="1"/>
		<b id="19" c="8 19" t="1"/>
		<b id="20" c="9 20" t="1"/>
	</bonds>
	<geometry>
		<g u="A" t="cart/3d">#20,3:3.4314,-1.0355,0.5312;2.3440,-0.1649,-0.0985;1.2317,-1.0168,-0.5072;2.9016,0.6729,-1.2335;2.8522,2.0599,-1.1803;3.3282,2.8267,-2.2294;3.8607,2.2147,-3.3507;3.9132,0.8328,-3.4160;3.4352,0.0694,-2.3667;4.2343,-0.4129,0.9176;3.8466,-1.7226,-0.2022;3.0038,-1.6157,1.3441;1.9484,0.5092,0.6716;1.5389,-1.6794,-1.2119;0.4920,-0.4548,-0.9153;2.4367,2.5434,-0.3070;3.2814,3.9046,-2.1719;4.2322,2.8112,-4.1709;4.3280,0.3476,-4.2878;3.4805,-1.0091,-2.4333;</g>
	</geometry>
	<conformers/>
	<properties/>
</molecule>
