<?xml version="1.0" ?>
<!--MOLLI PACKAGE EXPERIMENTAL XML FORMAT-->
<molecule name="nuc100">
	<atoms>
		<a id="1" s="N" t="N.3" l="N"/>
		<a id="2" s="C" t="C.3" l="C"/>
		<a id="3" s="C" t="C.ar" l="C"/>
		<a id="4" s="C" t="C.ar" l="C"/>
		<a id="5" s="C" t="C.ar" l="C"/>
		<a id="6" s="C" t="C.ar" l="C"/>
		<a id="7" s="C" t="C.ar" l="C"/>
		<a id="8" s="C" t="C.ar" l="C"/>
		<a id="9" s="C" t="C.3" l="C"/>
		<a id="10" s="C" t="C.3" l="C"/>
		<a id="11" s="C" t="C.3" l="C"/>
		<a id="12" s="C" t="C.3" l="C"/>
		<a id="13" s="C" t="C.3" l="C"/>
		<a id="14" s="C" t="C.3" l="C"/>
		<a id="15" s="C" t="C.3" l="C"/>
		<a id="16" s="C" t="C.3" l="C"/>
		<a id="17" s="C" t="C.3" l="C"/>
		<a id="18" s="C" t="C.3" l="C"/>
		<a id="19" s="H" t="H" l="H"/>
		<a id="20" s="H" t="H" l="H"/>
		<a id="21" s="H" t="H" l="H"/>
		<a id="22" s="H" t="H" l="H"/>
		<a id="23" s="H" t="H" l="H"/>
		<a id="24" s="H" t="H" l="H"/>
		<a id="25" s="H" t="H" l="H"/>
		<a id="26" s="H" t="H" l="H"/>
		<a id="27" s="H" t="H" l="H"/>
		<a id="28" s="H" t="H" l="H"/>
		<a id="29" s="H" t="H" l="H"/>
		<a id="30" s="H" t="H" l="H"/>
		<a id="31" s="H" t="H" l="H"/>
		<a id="32" s="H" t="H" l="H"/>
		<a id="33" s="H" t="H" l="H"/>
		<a id="34" s="H" t="H" l="H"/>
		<a id="35" s="H" t="H" l="H"/>
		<a id="36" s="H" t="H" l="H"/>
		<a id="37" s="H" t="H" l="H"/>
		<a id="38" s="H" t="H" l="H"/>
		<a id="39" s="H" t="H" l="H"/>
		<a id="40" s="H" t="H" l="H"/>
		<a id="41" s="H" t="H" l="H"/>
	</atoms>
	<bonds>
		<b id="1" c="1 2" t="1"/>
		<b id="2" c="2 3" t="1"/>
		<b id="3" c="3 4" t="ar"/>
		<b id="4" c="4 5" t="ar"/>
		<b id="5" c="5 6" t="ar"/>
		<b id="6" c="6 7" t="ar"/>
		<b id="7" c="7 8" t="ar"/>
		<b id="8" c="3 8" t="ar"/>
		<b id="9" c="2 9" t="1"/>
		<b id="10" c="9 10" t="1"/>
		<b id="11" c="10 11" t="1"/>
		<b id="12" c="11 12" t="1"/>
		<b id="13" c="12 13" t="1"/>
		<b id="14" c="13 14" t="1"/>
		<b id="15" c="14 15" t="1"/>
		<b id="16" c="15 16" t="1"/>
		<b id="17" c="11 16" t="1"/>
		<b id="18" c="15 17" t="1"/>
		<b id="19" c="9 17" t="1"/>
		<b id="20" c="13 18" t="1"/>
		<b id="21" c="9 18" t="1"/>
		<b id="22" c="1 19" t="1"/>
		<b id="23" c="1 20" t="1"/>
		<b id="24" c="2 21" t="1"/>
		<b id="25" c="4 22" t="1"/>
		<b id="26" c="5 23" t="1"/>
		<b id="27" c="6 24" t="1"/>
		<b id="28" c="7 25" t="1"/>
		<b id="29" c="8 26" t="1"/>
		<b id="30" c="10 27" t="1"/>
		<b id="31" c="10 28" t="1"/>
		<b id="32" c="11 29" t="1"/>
		<b id="33" c="12 30" t="1"/>
		<b id="34" c="12 31" t="1"/>
		<b id="35" c="13 32" t="1"/>
		<b id="36" c="14 33" t="1"/>
		<b id="37" c="14 34" t="1"/>
		<b id="38" c="15 35" t="1"/>
		<b id="39" c="16 36" t="1"/>
		<b id="40" c="16 37" t="1"/>
		<b id="41" c="17 38" t="1"/>
		<b id="42" c="17 39" t="1"/>
		<b id="43" c="18 40" t="1"/>
		<b id="44" c="18 41" t="1"/>
	</bonds>
	<geometry>
		<g u="A" t="cart/3d">#41,3:2.1653,0.9720,-0.9886;2.4849,0.0184,0.0662;3.4782,-1.0509,-0.3458;4.5930,-0.7594,-1.1232;5.4832,-1.7541,-1.4890;5.2714,-3.0613,-1.0888;4.1572,-3.3682,-0.3263;3.2699,-2.3720,0.0369;2.9203,0.7682,1.3577;1.8090,1.7502,1.7448;2.1764,2.4862,3.0313;2.3569,1.4764,4.1633;3.4725,0.5014,3.7927;4.7762,1.2703,3.5910;4.5904,2.2803,2.4612;3.4768,3.2597,2.8260;4.2266,1.5451,1.1712;3.1101,-0.2330,2.5023;1.8115,0.4773,-1.8001;2.9942,1.4782,-1.2781;1.5387,-0.4858,0.3063;4.7762,0.2528,-1.4560;6.3461,-1.5051,-2.0900;5.9662,-3.8372,-1.3744;3.9769,-4.3875,-0.0167;2.3989,-2.6210,0.6266;0.8745,1.2032,1.8872;1.6561,2.4582,0.9299;1.3722,3.1847,3.2898;1.4249,0.9308,4.3279;2.6096,1.9953,5.0911;3.6011,-0.2311,4.5983;5.5827,0.5765,3.3413;5.0518,1.7875,4.5130;5.5259,2.8316,2.3074;3.3497,3.9939,2.0272;3.7397,3.7992,3.7390;5.0329,0.8572,0.9067;4.1163,2.2763,0.3676;2.1883,-0.8006,2.6510;3.9031,-0.9410,2.2507;</g>
	</geometry>
	<conformers/>
	<properties/>
</molecule>
