<?xml version="1.0" ?>
<!--MOLLI PACKAGE EXPERIMENTAL XML FORMAT-->
<molecule name="nuc102">
	<atoms>
		<a id="1" s="N" t="N.3" l="N"/>
		<a id="2" s="C" t="C.3" l="C"/>
		<a id="3" s="C" t="C.3" l="C"/>
		<a id="4" s="C" t="C.3" l="C"/>
		<a id="5" s="C" t="C.3" l="C"/>
		<a id="6" s="C" t="C.3" l="C"/>
		<a id="7" s="C" t="C.3" l="C"/>
		<a id="8" s="C" t="C.3" l="C"/>
		<a id="9" s="C" t="C.3" l="C"/>
		<a id="10" s="C" t="C.3" l="C"/>
		<a id="11" s="C" t="C.3" l="C"/>
		<a id="12" s="C" t="C.3" l="C"/>
		<a id="13" s="H" t="H" l="H"/>
		<a id="14" s="H" t="H" l="H"/>
		<a id="15" s="H" t="H" l="H"/>
		<a id="16" s="H" t="H" l="H"/>
		<a id="17" s="H" t="H" l="H"/>
		<a id="18" s="H" t="H" l="H"/>
		<a id="19" s="H" t="H" l="H"/>
		<a id="20" s="H" t="H" l="H"/>
		<a id="21" s="H" t="H" l="H"/>
		<a id="22" s="H" t="H" l="H"/>
		<a id="23" s="H" t="H" l="H"/>
		<a id="24" s="H" t="H" l="H"/>
		<a id="25" s="H" t="H" l="H"/>
		<a id="26" s="H" t="H" l="H"/>
		<a id="27" s="H" t="H" l="H"/>
		<a id="28" s="H" t="H" l="H"/>
		<a id="29" s="H" t="H" l="H"/>
		<a id="30" s="H" t="H" l="H"/>
		<a id="31" s="H" t="H" l="H"/>
	</atoms>
	<bonds>
		<b id="1" c="1 2" t="1"/>
		<b id="2" c="2 3" t="1"/>
		<b id="3" c="3 4" t="1"/>
		<b id="4" c="4 5" t="1"/>
		<b id="5" c="5 6" t="1"/>
		<b id="6" c="6 7" t="1"/>
		<b id="7" c="7 8" t="1"/>
		<b id="8" c="8 9" t="1"/>
		<b id="9" c="9 10" t="1"/>
		<b id="10" c="5 10" t="1"/>
		<b id="11" c="9 11" t="1"/>
		<b id="12" c="3 11" t="1"/>
		<b id="13" c="7 12" t="1"/>
		<b id="14" c="3 12" t="1"/>
		<b id="15" c="1 13" t="1"/>
		<b id="16" c="1 14" t="1"/>
		<b id="17" c="2 15" t="1"/>
		<b id="18" c="2 16" t="1"/>
		<b id="19" c="4 17" t="1"/>
		<b id="20" c="4 18" t="1"/>
		<b id="21" c="5 19" t="1"/>
		<b id="22" c="6 20" t="1"/>
		<b id="23" c="6 21" t="1"/>
		<b id="24" c="7 22" t="1"/>
		<b id="25" c="8 23" t="1"/>
		<b id="26" c="8 24" t="1"/>
		<b id="27" c="9 25" t="1"/>
		<b id="28" c="10 26" t="1"/>
		<b id="29" c="10 27" t="1"/>
		<b id="30" c="11 28" t="1"/>
		<b id="31" c="11 29" t="1"/>
		<b id="32" c="12 30" t="1"/>
		<b id="33" c="12 31" t="1"/>
	</bonds>
	<geometry>
		<g u="A" t="cart/3d">#31,3:3.0845,1.0984,-0.5360;2.4100,-0.0786,-0.0085;2.8292,-1.3619,-0.7460;4.3484,-1.5346,-0.6769;4.7617,-2.8229,-1.3855;4.0947,-4.0164,-0.7031;2.5771,-3.8579,-0.7784;2.1411,-3.8043,-2.2412;2.8104,-2.6115,-2.9205;4.3284,-2.7669,-2.8492;2.3998,-1.3193,-2.2161;2.1614,-2.5668,-0.0750;2.8923,1.9008,0.0530;2.7390,1.3145,-1.4648;1.3089,0.0052,-0.0438;2.6999,-0.1721,1.0425;4.6632,-1.5689,0.3682;4.8268,-0.6708,-1.1394;5.8508,-2.9337,-1.3313;4.4108,-4.0722,0.3412;4.3961,-4.9446,-1.1944;2.0953,-4.7101,-0.2846;1.0544,-3.7072,-2.3027;2.4237,-4.7295,-2.7491;2.4963,-2.5662,-3.9701;4.8123,-1.9238,-3.3472;4.6333,-3.6812,-3.3641;1.3160,-1.1885,-2.2812;2.8764,-0.4740,-2.7161;2.4530,-2.6093,0.9772;1.0743,-2.4575,-0.1148;</g>
	</geometry>
	<conformers/>
	<properties/>
</molecule>
