<?xml version="1.0" ?>
<!--MOLLI PACKAGE EXPERIMENTAL XML FORMAT-->
<molecule name="nuc110">
	<atoms>
		<a id="1" s="C" t="C.3" l="C"/>
		<a id="2" s="N" t="N.3" l="N"/>
		<a id="3" s="C" t="C.3" l="C"/>
		<a id="4" s="C" t="C.3" l="C"/>
		<a id="5" s="C" t="C.3" l="C"/>
		<a id="6" s="N" t="N.pl3" l="N"/>
		<a id="7" s="C" t="C.ar" l="C"/>
		<a id="8" s="C" t="C.ar" l="C"/>
		<a id="9" s="C" t="C.ar" l="C"/>
		<a id="10" s="C" t="C.ar" l="C"/>
		<a id="11" s="N" t="N.ar" l="N"/>
		<a id="12" s="C" t="C.ar" l="C"/>
		<a id="13" s="C" t="C.ar" l="C"/>
		<a id="14" s="C" t="C.ar" l="C"/>
		<a id="15" s="C" t="C.ar" l="C"/>
		<a id="16" s="C" t="C.ar" l="C"/>
		<a id="17" s="F" t="F" l="F"/>
		<a id="18" s="C" t="C.ar" l="C"/>
		<a id="19" s="N" t="N.pl3" l="N"/>
		<a id="20" s="C" t="C.ar" l="C"/>
		<a id="21" s="F" t="F" l="F"/>
		<a id="22" s="C" t="C.ar" l="C"/>
		<a id="23" s="N" t="N.ar" l="N"/>
		<a id="24" s="N" t="N.ar" l="N"/>
		<a id="25" s="C" t="C.3" l="C"/>
		<a id="26" s="C" t="C.3" l="C"/>
		<a id="27" s="H" t="H" l="H"/>
		<a id="28" s="H" t="H" l="H"/>
		<a id="29" s="H" t="H" l="H"/>
		<a id="30" s="H" t="H" l="H"/>
		<a id="31" s="H" t="H" l="H"/>
		<a id="32" s="H" t="H" l="H"/>
		<a id="33" s="H" t="H" l="H"/>
		<a id="34" s="H" t="H" l="H"/>
		<a id="35" s="H" t="H" l="H"/>
		<a id="36" s="H" t="H" l="H"/>
		<a id="37" s="H" t="H" l="H"/>
		<a id="38" s="H" t="H" l="H"/>
		<a id="39" s="H" t="H" l="H"/>
		<a id="40" s="H" t="H" l="H"/>
		<a id="41" s="H" t="H" l="H"/>
		<a id="42" s="H" t="H" l="H"/>
		<a id="43" s="H" t="H" l="H"/>
		<a id="44" s="H" t="H" l="H"/>
		<a id="45" s="H" t="H" l="H"/>
		<a id="46" s="H" t="H" l="H"/>
	</atoms>
	<bonds>
		<b id="1" c="1 2" t="1"/>
		<b id="2" c="2 3" t="1"/>
		<b id="3" c="3 4" t="1"/>
		<b id="4" c="4 5" t="1"/>
		<b id="5" c="5 6" t="1"/>
		<b id="6" c="6 7" t="1"/>
		<b id="7" c="7 8" t="ar"/>
		<b id="8" c="8 9" t="ar"/>
		<b id="9" c="9 10" t="ar"/>
		<b id="10" c="10 11" t="ar"/>
		<b id="11" c="11 12" t="ar"/>
		<b id="12" c="12 13" t="ar"/>
		<b id="13" c="13 14" t="1"/>
		<b id="14" c="14 15" t="ar"/>
		<b id="15" c="15 16" t="ar"/>
		<b id="16" c="16 17" t="1"/>
		<b id="17" c="16 18" t="ar"/>
		<b id="18" c="18 19" t="1"/>
		<b id="19" c="18 20" t="ar"/>
		<b id="20" c="20 21" t="1"/>
		<b id="21" c="20 22" t="ar"/>
		<b id="22" c="14 22" t="ar"/>
		<b id="23" c="13 23" t="ar"/>
		<b id="24" c="10 23" t="ar"/>
		<b id="25" c="23 24" t="ar"/>
		<b id="26" c="7 24" t="ar"/>
		<b id="27" c="5 25" t="1"/>
		<b id="28" c="25 26" t="1"/>
		<b id="29" c="2 26" t="1"/>
		<b id="30" c="1 27" t="1"/>
		<b id="31" c="1 28" t="1"/>
		<b id="32" c="1 29" t="1"/>
		<b id="33" c="3 30" t="1"/>
		<b id="34" c="3 31" t="1"/>
		<b id="35" c="4 32" t="1"/>
		<b id="36" c="4 33" t="1"/>
		<b id="37" c="5 34" t="1"/>
		<b id="38" c="6 35" t="1"/>
		<b id="39" c="8 36" t="1"/>
		<b id="40" c="9 37" t="1"/>
		<b id="41" c="12 38" t="1"/>
		<b id="42" c="15 39" t="1"/>
		<b id="43" c="19 40" t="1"/>
		<b id="44" c="19 41" t="1"/>
		<b id="45" c="22 42" t="1"/>
		<b id="46" c="25 43" t="1"/>
		<b id="47" c="25 44" t="1"/>
		<b id="48" c="26 45" t="1"/>
		<b id="49" c="26 46" t="1"/>
	</bonds>
	<geometry>
		<g u="A" t="cart/3d">#46,3:2.8119,1.2663,2.5646;2.7545,1.3713,1.1245;3.6101,0.3980,0.4722;3.6802,0.6816,-1.0239;2.2835,0.6471,-1.6565;1.7295,-0.6888,-1.7069;2.1761,-1.6369,-2.5626;1.6197,-2.9532,-2.5096;2.0321,-3.8847,-3.4125;2.9996,-3.5083,-4.3561;3.5833,-4.1982,-5.3280;4.4393,-3.3527,-5.9038;4.4164,-2.0922,-5.3028;5.1904,-0.9105,-5.6056;4.9941,0.2942,-4.9259;5.7585,1.3927,-5.2381;5.5400,2.5585,-4.5714;6.7528,1.3890,-6.2207;7.5556,2.4720,-6.4666;6.9140,0.1678,-6.8841;7.8541,0.1094,-7.8641;6.1704,-0.9526,-6.6028;3.4831,-2.2101,-4.3145;3.0893,-1.2840,-3.4420;1.3543,1.5692,-0.8693;1.3977,1.2689,0.6278;3.8417,1.4034,2.8906;2.4527,0.2934,2.9388;2.2010,2.0533,3.0047;3.2523,-0.6361,0.6439;4.6102,0.4787,0.9043;4.3217,-0.0513,-1.5133;4.1048,1.6734,-1.1768;2.3555,0.9888,-2.6954;1.1827,-0.9960,-0.9198;0.8790,-3.1809,-1.7592;1.6505,-4.8923,-3.4294;5.0399,-3.6774,-6.7299;4.2467,0.3678,-4.1547;7.2284,3.3650,-6.1389;8.0722,2.4676,-7.3298;6.3600,-1.8532,-7.1616;0.3306,1.4732,-1.2358;1.6827,2.5968,-1.0236;0.9678,0.2673,0.8339;0.7827,2.0010,1.1576;</g>
	</geometry>
	<conformers/>
	<properties/>
</molecule>
