<?xml version="1.0" ?>
<!--MOLLI PACKAGE EXPERIMENTAL XML FORMAT-->
<molecule name="nuc111">
	<atoms>
		<a id="1" s="C" t="C.3" l="C"/>
		<a id="2" s="N" t="N.3" l="N"/>
		<a id="3" s="C" t="C.3" l="C"/>
		<a id="4" s="C" t="C.3" l="C"/>
		<a id="5" s="C" t="C.3" l="C"/>
		<a id="6" s="N" t="N.pl3" l="N"/>
		<a id="7" s="C" t="C.ar" l="C"/>
		<a id="8" s="C" t="C.ar" l="C"/>
		<a id="9" s="C" t="C.ar" l="C"/>
		<a id="10" s="C" t="C.ar" l="C"/>
		<a id="11" s="N" t="N.ar" l="N"/>
		<a id="12" s="C" t="C.ar" l="C"/>
		<a id="13" s="C" t="C.ar" l="C"/>
		<a id="14" s="C" t="C.ar" l="C"/>
		<a id="15" s="C" t="C.ar" l="C"/>
		<a id="16" s="C" t="C.ar" l="C"/>
		<a id="17" s="C" t="C.ar" l="C"/>
		<a id="18" s="N" t="N.pl3" l="N"/>
		<a id="19" s="C" t="C.ar" l="C"/>
		<a id="20" s="C" t="C.ar" l="C"/>
		<a id="21" s="N" t="N.ar" l="N"/>
		<a id="22" s="N" t="N.ar" l="N"/>
		<a id="23" s="C" t="C.3" l="C"/>
		<a id="24" s="C" t="C.3" l="C"/>
		<a id="25" s="H" t="H" l="H"/>
		<a id="26" s="H" t="H" l="H"/>
		<a id="27" s="H" t="H" l="H"/>
		<a id="28" s="H" t="H" l="H"/>
		<a id="29" s="H" t="H" l="H"/>
		<a id="30" s="H" t="H" l="H"/>
		<a id="31" s="H" t="H" l="H"/>
		<a id="32" s="H" t="H" l="H"/>
		<a id="33" s="H" t="H" l="H"/>
		<a id="34" s="H" t="H" l="H"/>
		<a id="35" s="H" t="H" l="H"/>
		<a id="36" s="H" t="H" l="H"/>
		<a id="37" s="H" t="H" l="H"/>
		<a id="38" s="H" t="H" l="H"/>
		<a id="39" s="H" t="H" l="H"/>
		<a id="40" s="H" t="H" l="H"/>
		<a id="41" s="H" t="H" l="H"/>
		<a id="42" s="H" t="H" l="H"/>
		<a id="43" s="H" t="H" l="H"/>
		<a id="44" s="H" t="H" l="H"/>
		<a id="45" s="H" t="H" l="H"/>
		<a id="46" s="H" t="H" l="H"/>
	</atoms>
	<bonds>
		<b id="1" c="1 2" t="1"/>
		<b id="2" c="2 3" t="1"/>
		<b id="3" c="3 4" t="1"/>
		<b id="4" c="4 5" t="1"/>
		<b id="5" c="5 6" t="1"/>
		<b id="6" c="6 7" t="1"/>
		<b id="7" c="7 8" t="ar"/>
		<b id="8" c="8 9" t="ar"/>
		<b id="9" c="9 10" t="ar"/>
		<b id="10" c="10 11" t="ar"/>
		<b id="11" c="11 12" t="ar"/>
		<b id="12" c="12 13" t="ar"/>
		<b id="13" c="13 14" t="1"/>
		<b id="14" c="14 15" t="ar"/>
		<b id="15" c="15 16" t="ar"/>
		<b id="16" c="16 17" t="ar"/>
		<b id="17" c="17 18" t="1"/>
		<b id="18" c="17 19" t="ar"/>
		<b id="19" c="19 20" t="ar"/>
		<b id="20" c="14 20" t="ar"/>
		<b id="21" c="13 21" t="ar"/>
		<b id="22" c="10 21" t="ar"/>
		<b id="23" c="21 22" t="ar"/>
		<b id="24" c="7 22" t="ar"/>
		<b id="25" c="5 23" t="1"/>
		<b id="26" c="23 24" t="1"/>
		<b id="27" c="2 24" t="1"/>
		<b id="28" c="1 25" t="1"/>
		<b id="29" c="1 26" t="1"/>
		<b id="30" c="1 27" t="1"/>
		<b id="31" c="3 28" t="1"/>
		<b id="32" c="3 29" t="1"/>
		<b id="33" c="4 30" t="1"/>
		<b id="34" c="4 31" t="1"/>
		<b id="35" c="5 32" t="1"/>
		<b id="36" c="6 33" t="1"/>
		<b id="37" c="8 34" t="1"/>
		<b id="38" c="9 35" t="1"/>
		<b id="39" c="12 36" t="1"/>
		<b id="40" c="15 37" t="1"/>
		<b id="41" c="16 38" t="1"/>
		<b id="42" c="18 39" t="1"/>
		<b id="43" c="18 40" t="1"/>
		<b id="44" c="19 41" t="1"/>
		<b id="45" c="20 42" t="1"/>
		<b id="46" c="23 43" t="1"/>
		<b id="47" c="23 44" t="1"/>
		<b id="48" c="24 45" t="1"/>
		<b id="49" c="24 46" t="1"/>
	</bonds>
	<geometry>
		<g u="A" t="cart/3d">#46,3:2.7125,1.1495,2.7003;2.7720,1.2966,1.2638;3.5912,0.2694,0.6478;3.7859,0.5708,-0.8341;2.4374,0.6574,-1.5607;1.7849,-0.6282,-1.6727;2.1872,-1.5713,-2.5634;1.5964,-2.8714,-2.5184;1.9521,-3.7935,-3.4557;2.8893,-3.4200,-4.4282;3.4062,-4.0969,-5.4444;4.2530,-3.2538,-6.0410;4.2942,-2.0109,-5.4075;5.0855,-0.8420,-5.7281;5.8026,-0.7939,-6.9275;6.5750,0.2988,-7.2516;6.6638,1.3914,-6.3876;7.4965,2.4544,-6.6767;5.9461,1.3495,-5.1922;5.1740,0.2552,-4.8683;3.4137,-2.1346,-4.3746;3.0813,-1.2226,-3.4610;1.5347,1.6425,-0.8191;1.4495,1.3199,0.6713;3.7225,1.1896,3.1051;2.2469,0.2008,3.0148;2.1368,1.9731,3.1203;3.1438,-0.7359,0.7738;4.5627,0.2631,1.1482;4.4002,-0.2038,-1.2943;4.2984,1.5275,-0.9343;2.6048,1.0000,-2.5875;1.2860,-0.9574,-0.8622;0.8783,-3.0970,-1.7456;1.5445,-4.7909,-3.4785;4.8114,-3.5730,-6.8987;5.7461,-1.6208,-7.6181;7.1214,0.3173,-8.1844;7.7545,2.5687,-7.6435;7.3052,3.3152,-6.1899;6.0029,2.1891,-4.5131;4.6268,0.2429,-3.9403;0.5344,1.6329,-1.2546;1.9526,2.6427,-0.9318;0.9210,0.3579,0.8270;0.8649,2.0957,1.1729;</g>
	</geometry>
	<conformers/>
	<properties/>
</molecule>
