<?xml version="1.0" ?>
<!--MOLLI PACKAGE EXPERIMENTAL XML FORMAT-->
<molecule name="nuc112">
	<atoms>
		<a id="1" s="C" t="C.3" l="C"/>
		<a id="2" s="C" t="C.3" l="C"/>
		<a id="3" s="C" t="C.3" l="C"/>
		<a id="4" s="C" t="C.3" l="C"/>
		<a id="5" s="N" t="N.3" l="N"/>
		<a id="6" s="H" t="H" l="H"/>
		<a id="7" s="H" t="H" l="H"/>
		<a id="8" s="H" t="H" l="H"/>
		<a id="9" s="H" t="H" l="H"/>
		<a id="10" s="H" t="H" l="H"/>
		<a id="11" s="H" t="H" l="H"/>
		<a id="12" s="H" t="H" l="H"/>
		<a id="13" s="H" t="H" l="H"/>
		<a id="14" s="H" t="H" l="H"/>
		<a id="15" s="H" t="H" l="H"/>
		<a id="16" s="H" t="H" l="H"/>
	</atoms>
	<bonds>
		<b id="1" c="1 2" t="1"/>
		<b id="2" c="2 3" t="1"/>
		<b id="3" c="2 4" t="1"/>
		<b id="4" c="2 5" t="1"/>
		<b id="5" c="1 6" t="1"/>
		<b id="6" c="1 7" t="1"/>
		<b id="7" c="1 8" t="1"/>
		<b id="8" c="3 9" t="1"/>
		<b id="9" c="3 10" t="1"/>
		<b id="10" c="3 11" t="1"/>
		<b id="11" c="4 12" t="1"/>
		<b id="12" c="4 13" t="1"/>
		<b id="13" c="4 14" t="1"/>
		<b id="14" c="5 15" t="1"/>
		<b id="15" c="5 16" t="1"/>
	</bonds>
	<geometry>
		<g u="A" t="cart/3d">#16,3:1.0050,-0.0670,-0.0608;2.5433,-0.0752,-0.0667;3.0636,1.2349,-0.6625;3.0636,-0.2397,1.3631;3.0909,-1.1687,-0.8628;0.6286,0.7575,0.5395;0.6208,-0.9978,0.3545;0.6208,0.0423,-1.0741;2.7443,2.0818,-0.0610;2.6886,1.3677,-1.6753;4.1492,1.2142,-0.6984;2.7443,0.5929,1.9842;4.1492,-0.2802,1.3544;2.6886,-1.1628,1.8005;2.7781,-1.0970,-1.8249;2.7781,-2.0623,-0.4990;</g>
	</geometry>
	<conformers/>
	<properties/>
</molecule>
