<?xml version="1.0" ?>
<!--MOLLI PACKAGE EXPERIMENTAL XML FORMAT-->
<molecule name="nuc113">
	<atoms>
		<a id="1" s="N" t="N.pl3" l="N"/>
		<a id="2" s="C" t="C.ar" l="C"/>
		<a id="3" s="C" t="C.ar" l="C"/>
		<a id="4" s="C" t="C.ar" l="C"/>
		<a id="5" s="C" t="C.ar" l="C"/>
		<a id="6" s="C" t="C.ar" l="C"/>
		<a id="7" s="C" t="C.ar" l="C"/>
		<a id="8" s="C" t="C.ar" l="C"/>
		<a id="9" s="C" t="C.ar" l="C"/>
		<a id="10" s="C" t="C.ar" l="C"/>
		<a id="11" s="C" t="C.ar" l="C"/>
		<a id="12" s="H" t="H" l="H"/>
		<a id="13" s="H" t="H" l="H"/>
		<a id="14" s="H" t="H" l="H"/>
		<a id="15" s="H" t="H" l="H"/>
		<a id="16" s="H" t="H" l="H"/>
		<a id="17" s="H" t="H" l="H"/>
		<a id="18" s="H" t="H" l="H"/>
		<a id="19" s="H" t="H" l="H"/>
		<a id="20" s="H" t="H" l="H"/>
	</atoms>
	<bonds>
		<b id="1" c="1 2" t="1"/>
		<b id="2" c="2 3" t="ar"/>
		<b id="3" c="3 4" t="ar"/>
		<b id="4" c="4 5" t="ar"/>
		<b id="5" c="5 6" t="ar"/>
		<b id="6" c="6 7" t="ar"/>
		<b id="7" c="7 8" t="ar"/>
		<b id="8" c="8 9" t="ar"/>
		<b id="9" c="9 10" t="ar"/>
		<b id="10" c="10 11" t="ar"/>
		<b id="11" c="2 11" t="ar"/>
		<b id="12" c="6 11" t="ar"/>
		<b id="13" c="1 12" t="1"/>
		<b id="14" c="1 13" t="1"/>
		<b id="15" c="3 14" t="1"/>
		<b id="16" c="4 15" t="1"/>
		<b id="17" c="5 16" t="1"/>
		<b id="18" c="7 17" t="1"/>
		<b id="19" c="8 18" t="1"/>
		<b id="20" c="9 19" t="1"/>
		<b id="21" c="10 20" t="1"/>
	</bonds>
	<geometry>
		<g u="A" t="cart/3d">#20,3:-1.8237,-2.0669,-0.1268;-1.3865,-0.7599,-0.0429;-2.3053,0.2700,-0.0406;-1.8994,1.6057,-0.0175;-0.5711,1.9275,0.0131;0.4048,0.9107,0.0078;1.7810,1.2211,0.0344;2.7284,0.2377,0.0191;2.3385,-1.1075,-0.0304;1.0124,-1.4420,-0.0552;0.0073,-0.4531,-0.0301;-2.7984,-2.2094,0.0839;-1.2158,-2.7801,0.2392;-3.3606,0.0345,-0.0556;-2.6511,2.3817,-0.0150;-0.2511,2.9586,0.0396;2.0713,2.2619,0.0649;3.7795,0.4868,0.0403;3.0935,-1.8801,-0.0512;0.7395,-2.4862,-0.1091;</g>
	</geometry>
	<conformers/>
	<properties/>
</molecule>
