<?xml version="1.0" ?>
<!--MOLLI PACKAGE EXPERIMENTAL XML FORMAT-->
<molecule name="nuc117">
	<atoms>
		<a id="1" s="C" t="C.3" l="C"/>
		<a id="2" s="C" t="C.3" l="C"/>
		<a id="3" s="C" t="C.3" l="C"/>
		<a id="4" s="O" t="O.3" l="O"/>
		<a id="5" s="C" t="C.3" l="C"/>
		<a id="6" s="C" t="C.3" l="C"/>
		<a id="7" s="C" t="C.3" l="C"/>
		<a id="8" s="O" t="O.3" l="O"/>
		<a id="9" s="C" t="C.3" l="C"/>
		<a id="10" s="C" t="C.3" l="C"/>
		<a id="11" s="N" t="N.pl3" l="N"/>
		<a id="12" s="C" t="C.ar" l="C"/>
		<a id="13" s="N" t="N.ar" l="N"/>
		<a id="14" s="C" t="C.ar" l="C"/>
		<a id="15" s="N" t="N.pl3" l="N"/>
		<a id="16" s="N" t="N.ar" l="N"/>
		<a id="17" s="C" t="C.ar" l="C"/>
		<a id="18" s="C" t="C.ar" l="C"/>
		<a id="19" s="C" t="C.ar" l="C"/>
		<a id="20" s="C" t="C.ar" l="C"/>
		<a id="21" s="C" t="C.ar" l="C"/>
		<a id="22" s="C" t="C.ar" l="C"/>
		<a id="23" s="C" t="C.ar" l="C"/>
		<a id="24" s="C" t="C.ar" l="C"/>
		<a id="25" s="C" t="C.ar" l="C"/>
		<a id="26" s="C" t="C.ar" l="C"/>
		<a id="27" s="C" t="C.ar" l="C"/>
		<a id="28" s="N" t="N.ar" l="N"/>
		<a id="29" s="C" t="C.3" l="C"/>
		<a id="30" s="O" t="O.3" l="O"/>
		<a id="31" s="H" t="H" l="H"/>
		<a id="32" s="H" t="H" l="H"/>
		<a id="33" s="H" t="H" l="H"/>
		<a id="34" s="H" t="H" l="H"/>
		<a id="35" s="H" t="H" l="H"/>
		<a id="36" s="H" t="H" l="H"/>
		<a id="37" s="H" t="H" l="H"/>
		<a id="38" s="H" t="H" l="H"/>
		<a id="39" s="H" t="H" l="H"/>
		<a id="40" s="H" t="H" l="H"/>
		<a id="41" s="H" t="H" l="H"/>
		<a id="42" s="H" t="H" l="H"/>
		<a id="43" s="H" t="H" l="H"/>
		<a id="44" s="H" t="H" l="H"/>
		<a id="45" s="H" t="H" l="H"/>
		<a id="46" s="H" t="H" l="H"/>
		<a id="47" s="H" t="H" l="H"/>
		<a id="48" s="H" t="H" l="H"/>
		<a id="49" s="H" t="H" l="H"/>
		<a id="50" s="H" t="H" l="H"/>
		<a id="51" s="H" t="H" l="H"/>
		<a id="52" s="H" t="H" l="H"/>
		<a id="53" s="H" t="H" l="H"/>
		<a id="54" s="H" t="H" l="H"/>
		<a id="55" s="H" t="H" l="H"/>
	</atoms>
	<bonds>
		<b id="1" c="1 2" t="1"/>
		<b id="2" c="2 3" t="1"/>
		<b id="3" c="2 4" t="1"/>
		<b id="4" c="4 5" t="1"/>
		<b id="5" c="5 6" t="1"/>
		<b id="6" c="6 7" t="1"/>
		<b id="7" c="7 8" t="1"/>
		<b id="8" c="6 9" t="1"/>
		<b id="9" c="9 10" t="1"/>
		<b id="10" c="11 12" t="1"/>
		<b id="11" c="12 13" t="ar"/>
		<b id="12" c="13 14" t="ar"/>
		<b id="13" c="14 15" t="1"/>
		<b id="14" c="14 16" t="ar"/>
		<b id="15" c="16 17" t="ar"/>
		<b id="16" c="17 18" t="ar"/>
		<b id="17" c="12 18" t="ar"/>
		<b id="18" c="18 19" t="1"/>
		<b id="19" c="19 20" t="ar"/>
		<b id="20" c="20 21" t="ar"/>
		<b id="21" c="21 22" t="ar"/>
		<b id="22" c="22 23" t="ar"/>
		<b id="23" c="23 24" t="ar"/>
		<b id="24" c="24 25" t="ar"/>
		<b id="25" c="25 26" t="ar"/>
		<b id="26" c="26 27" t="ar"/>
		<b id="27" c="22 27" t="ar"/>
		<b id="28" c="27 28" t="ar"/>
		<b id="29" c="19 28" t="ar"/>
		<b id="30" c="10 29" t="1"/>
		<b id="31" c="5 29" t="1"/>
		<b id="32" c="29 30" t="1"/>
		<b id="33" c="2 30" t="1"/>
		<b id="34" c="10 11" t="1"/>
		<b id="35" c="1 31" t="1"/>
		<b id="36" c="1 32" t="1"/>
		<b id="37" c="1 33" t="1"/>
		<b id="38" c="3 34" t="1"/>
		<b id="39" c="3 35" t="1"/>
		<b id="40" c="3 36" t="1"/>
		<b id="41" c="5 37" t="1"/>
		<b id="42" c="6 38" t="1"/>
		<b id="43" c="7 39" t="1"/>
		<b id="44" c="7 40" t="1"/>
		<b id="45" c="8 41" t="1"/>
		<b id="46" c="9 42" t="1"/>
		<b id="47" c="9 43" t="1"/>
		<b id="48" c="10 44" t="1"/>
		<b id="49" c="11 45" t="1"/>
		<b id="50" c="15 46" t="1"/>
		<b id="51" c="15 47" t="1"/>
		<b id="52" c="17 48" t="1"/>
		<b id="53" c="20 49" t="1"/>
		<b id="54" c="21 50" t="1"/>
		<b id="55" c="23 51" t="1"/>
		<b id="56" c="24 52" t="1"/>
		<b id="57" c="25 53" t="1"/>
		<b id="58" c="26 54" t="1"/>
		<b id="59" c="29 55" t="1"/>
	</bonds>
	<geometry>
		<g u="A" t="cart/3d">#55,3:0.3566,1.3820,-3.0205;1.7384,0.8528,-2.6451;2.8490,1.7589,-3.1978;1.8788,-0.4638,-3.1383;2.6562,-1.2011,-2.2178;2.0325,-2.5789,-1.9661;3.1174,-3.6288,-1.7038;4.0401,-3.7305,-2.7589;1.0973,-2.3702,-0.7682;1.7391,-1.2791,0.0930;2.5592,-1.8399,1.1341;3.0403,-1.0983,2.1389;2.8275,0.2153,2.0880;3.3462,0.9694,3.0469;3.0686,2.2897,3.0059;4.1123,0.5348,4.0554;4.2900,-0.7702,4.1274;3.7581,-1.6912,3.2279;3.9096,-3.1270,3.3882;4.3552,-3.6782,4.6231;4.4818,-5.0270,4.7584;4.1675,-5.8750,3.6727;4.2742,-7.2755,3.7220;3.9412,-8.0332,2.6320;3.4862,-7.4179,1.4566;3.3679,-6.0575,1.3795;3.7094,-5.2496,2.4836;3.5914,-3.9129,2.3728;2.5504,-0.4073,-0.8994;1.8362,0.7602,-1.2355;0.2632,1.4183,-4.1011;0.2247,2.3746,-2.6026;-0.4036,0.7199,-2.6164;2.7870,1.7916,-4.2815;3.8217,1.3686,-2.9088;2.7355,2.7597,-2.7925;3.6873,-1.2935,-2.5825;1.4689,-2.8720,-2.8577;2.6341,-4.6018,-1.5259;3.7082,-3.3590,-0.8259;3.5597,-3.8886,-3.5800;0.9429,-3.2883,-0.2018;0.1305,-2.0186,-1.1274;0.9944,-0.6238,0.5593;2.7599,-2.8402,1.2151;2.6385,2.6473,2.1717;3.5854,2.9002,3.6123;4.9207,-1.0824,4.9496;4.5699,-3.0294,5.4561;4.8126,-5.4645,5.6908;4.6246,-7.7389,4.6337;4.0264,-9.1091,2.6693;3.2294,-8.0319,0.6056;3.0234,-5.5750,0.4787;3.5225,-0.1429,-0.4707;</g>
	</geometry>
	<conformers/>
	<properties/>
</molecule>
