<?xml version="1.0" ?>
<!--MOLLI PACKAGE EXPERIMENTAL XML FORMAT-->
<molecule name="nuc118">
	<atoms>
		<a id="1" s="C" t="C.3" l="C"/>
		<a id="2" s="C" t="C.ar" l="C"/>
		<a id="3" s="C" t="C.ar" l="C"/>
		<a id="4" s="C" t="C.ar" l="C"/>
		<a id="5" s="C" t="C.ar" l="C"/>
		<a id="6" s="S" t="S.O2" l="S"/>
		<a id="7" s="O" t="O.2" l="O"/>
		<a id="8" s="O" t="O.2" l="O"/>
		<a id="9" s="N" t="N.pl3" l="N"/>
		<a id="10" s="C" t="C.ar" l="C"/>
		<a id="11" s="C" t="C.ar" l="C"/>
		<a id="12" s="C" t="C.ar" l="C"/>
		<a id="13" s="C" t="C.ar" l="C"/>
		<a id="14" s="C" t="C.ar" l="C"/>
		<a id="15" s="N" t="N.pl3" l="N"/>
		<a id="16" s="N" t="N.ar" l="N"/>
		<a id="17" s="C" t="C.ar" l="C"/>
		<a id="18" s="C" t="C.ar" l="C"/>
		<a id="19" s="H" t="H" l="H"/>
		<a id="20" s="H" t="H" l="H"/>
		<a id="21" s="H" t="H" l="H"/>
		<a id="22" s="H" t="H" l="H"/>
		<a id="23" s="H" t="H" l="H"/>
		<a id="24" s="H" t="H" l="H"/>
		<a id="25" s="H" t="H" l="H"/>
		<a id="26" s="H" t="H" l="H"/>
		<a id="27" s="H" t="H" l="H"/>
		<a id="28" s="H" t="H" l="H"/>
		<a id="29" s="H" t="H" l="H"/>
		<a id="30" s="H" t="H" l="H"/>
		<a id="31" s="H" t="H" l="H"/>
	</atoms>
	<bonds>
		<b id="1" c="1 2" t="1"/>
		<b id="2" c="2 3" t="ar"/>
		<b id="3" c="3 4" t="ar"/>
		<b id="4" c="4 5" t="ar"/>
		<b id="5" c="5 6" t="1"/>
		<b id="6" c="6 7" t="2"/>
		<b id="7" c="6 8" t="2"/>
		<b id="8" c="6 9" t="1"/>
		<b id="9" c="9 10" t="1"/>
		<b id="10" c="10 11" t="ar"/>
		<b id="11" c="11 12" t="ar"/>
		<b id="12" c="12 13" t="ar"/>
		<b id="13" c="13 14" t="ar"/>
		<b id="14" c="14 15" t="1"/>
		<b id="15" c="14 16" t="ar"/>
		<b id="16" c="10 16" t="ar"/>
		<b id="17" c="5 17" t="ar"/>
		<b id="18" c="17 18" t="ar"/>
		<b id="19" c="2 18" t="ar"/>
		<b id="20" c="1 19" t="1"/>
		<b id="21" c="1 20" t="1"/>
		<b id="22" c="1 21" t="1"/>
		<b id="23" c="3 22" t="1"/>
		<b id="24" c="4 23" t="1"/>
		<b id="25" c="9 24" t="1"/>
		<b id="26" c="11 25" t="1"/>
		<b id="27" c="12 26" t="1"/>
		<b id="28" c="13 27" t="1"/>
		<b id="29" c="15 28" t="1"/>
		<b id="30" c="15 29" t="1"/>
		<b id="31" c="17 30" t="1"/>
		<b id="32" c="18 31" t="1"/>
	</bonds>
	<geometry>
		<g u="A" t="cart/3d">#31,3:2.2429,0.1707,-0.5510;0.7584,0.1138,-0.3644;0.1870,0.2932,0.8910;-1.1872,0.2569,1.0512;-1.9891,0.0309,-0.0490;-3.7609,0.0914,0.1612;-4.4055,-0.4837,-0.9781;-4.1211,-0.3674,1.4683;-4.0538,1.7508,0.1859;-3.5382,2.5743,-0.8047;-3.6330,2.2170,-2.1457;-3.1054,3.0932,-3.0807;-2.5197,4.2723,-2.6643;-2.4829,4.5437,-1.2922;-1.8687,5.6624,-0.7993;-2.9796,3.7035,-0.3852;-1.4467,-0.1578,-1.3048;-0.0729,-0.1158,-1.4578;2.7570,0.2011,0.4057;2.5131,1.0617,-1.1169;2.5908,-0.6954,-1.1106;0.8217,0.4641,1.7478;-1.6484,0.3846,2.0179;-3.9567,2.1394,1.1130;-4.1173,1.2972,-2.4213;-3.1600,2.8575,-4.1335;-2.1024,4.9757,-3.3676;-1.7625,6.4498,-1.4155;-2.0594,5.8689,0.1671;-2.1046,-0.3469,-2.1372;0.3636,-0.2623,-2.4349;</g>
	</geometry>
	<conformers/>
	<properties/>
</molecule>
