<?xml version="1.0" ?>
<!--MOLLI PACKAGE EXPERIMENTAL XML FORMAT-->
<molecule name="nuc12">
	<atoms>
		<a id="1" s="C" t="C.3" l="C"/>
		<a id="2" s="C" t="C.3" l="C"/>
		<a id="3" s="O" t="O.3" l="O"/>
		<a id="4" s="C" t="C.2" l="C"/>
		<a id="5" s="O" t="O.2" l="O"/>
		<a id="6" s="C" t="C.2" l="C"/>
		<a id="7" s="N" t="N.am" l="N"/>
		<a id="8" s="O" t="O.2" l="O"/>
		<a id="9" s="H" t="H" l="H"/>
		<a id="10" s="H" t="H" l="H"/>
		<a id="11" s="H" t="H" l="H"/>
		<a id="12" s="H" t="H" l="H"/>
		<a id="13" s="H" t="H" l="H"/>
		<a id="14" s="H" t="H" l="H"/>
		<a id="15" s="H" t="H" l="H"/>
	</atoms>
	<bonds>
		<b id="1" c="1 2" t="1"/>
		<b id="2" c="2 3" t="1"/>
		<b id="3" c="3 4" t="1"/>
		<b id="4" c="4 5" t="2"/>
		<b id="5" c="4 6" t="1"/>
		<b id="6" c="6 7" t="am"/>
		<b id="7" c="6 8" t="2"/>
		<b id="8" c="1 9" t="1"/>
		<b id="9" c="1 10" t="1"/>
		<b id="10" c="1 11" t="1"/>
		<b id="11" c="2 12" t="1"/>
		<b id="12" c="2 13" t="1"/>
		<b id="13" c="7 14" t="1"/>
		<b id="14" c="7 15" t="1"/>
	</bonds>
	<geometry>
		<g u="A" t="cart/3d">#15,3:2.5052,-0.9038,1.3227;2.5815,-0.2174,-0.0333;3.1331,-1.0940,-1.0208;4.4399,-1.1398,-1.1391;5.2374,-0.4886,-0.5031;4.8875,-2.1367,-2.2288;6.2283,-2.1619,-2.3180;4.1218,-2.7917,-2.8928;2.0177,-0.2460,2.0361;3.5053,-1.1339,1.6820;1.9372,-1.8271,1.2427;3.2022,0.6826,0.0284;1.5868,0.0356,-0.4038;6.7663,-1.5593,-1.7150;6.6872,-2.7534,-2.9892;</g>
	</geometry>
	<conformers/>
	<properties/>
</molecule>
