<?xml version="1.0" ?>
<!--MOLLI PACKAGE EXPERIMENTAL XML FORMAT-->
<molecule name="nuc120">
	<atoms>
		<a id="1" s="N" t="N.pl3" l="N"/>
		<a id="2" s="C" t="C.ar" l="C"/>
		<a id="3" s="C" t="C.ar" l="C"/>
		<a id="4" s="C" t="C.ar" l="C"/>
		<a id="5" s="C" t="C.ar" l="CA"/>
		<a id="6" s="C" t="C.2" l="C"/>
		<a id="7" s="O" t="O.2" l="O"/>
		<a id="8" s="O" t="O.3" l="OXT"/>
		<a id="9" s="N" t="N.ar" l="N"/>
		<a id="10" s="C" t="C.ar" l="C"/>
		<a id="11" s="H" t="H" l="H"/>
		<a id="12" s="H" t="H" l="H"/>
		<a id="13" s="H" t="H" l="H"/>
		<a id="14" s="H" t="H" l="H"/>
		<a id="15" s="H" t="H" l="HXT"/>
		<a id="16" s="H" t="H" l="H"/>
	</atoms>
	<bonds>
		<b id="1" c="1 2" t="1"/>
		<b id="2" c="2 3" t="ar"/>
		<b id="3" c="3 4" t="ar"/>
		<b id="4" c="4 5" t="ar"/>
		<b id="5" c="5 6" t="1"/>
		<b id="6" c="6 7" t="2"/>
		<b id="7" c="6 8" t="1"/>
		<b id="8" c="5 9" t="ar"/>
		<b id="9" c="9 10" t="ar"/>
		<b id="10" c="2 10" t="ar"/>
		<b id="11" c="1 11" t="1"/>
		<b id="12" c="1 12" t="1"/>
		<b id="13" c="3 13" t="1"/>
		<b id="14" c="4 14" t="1"/>
		<b id="15" c="8 15" t="1"/>
		<b id="16" c="10 16" t="1"/>
	</bonds>
	<geometry>
		<g u="A" t="cart/3d">#16,3:2.2923,-0.1286,0.1047;0.9381,-0.0049,0.0242;0.3122,1.2481,0.0260;-1.0643,1.3150,-0.0018;-1.7902,0.1276,-0.0326;-3.2808,0.1084,-0.0701;-3.9625,1.0989,-0.0818;-3.7882,-1.1277,-0.0914;-1.2025,-1.0708,-0.0331;0.1069,-1.1376,-0.0054;2.8610,0.6826,-0.0657;2.7065,-1.0233,-0.0900;0.9127,2.1462,0.0495;-1.5920,2.2551,-0.0030;-3.0383,-1.7561,-0.0765;0.5344,-2.1327,-0.0075;</g>
	</geometry>
	<conformers/>
	<properties/>
</molecule>
