<?xml version="1.0" ?>
<!--MOLLI PACKAGE EXPERIMENTAL XML FORMAT-->
<molecule name="nuc123">
	<atoms>
		<a id="1" s="C" t="C.3" l="C"/>
		<a id="2" s="O" t="O.3" l="O"/>
		<a id="3" s="C" t="C.2" l="C"/>
		<a id="4" s="O" t="O.2" l="O"/>
		<a id="5" s="C" t="C.2" l="C"/>
		<a id="6" s="C" t="C.2" l="C"/>
		<a id="7" s="C" t="C.ar" l="C"/>
		<a id="8" s="C" t="C.ar" l="C"/>
		<a id="9" s="C" t="C.ar" l="C"/>
		<a id="10" s="C" t="C.3" l="C"/>
		<a id="11" s="C" t="C.ar" l="C"/>
		<a id="12" s="N" t="N.pl3" l="N"/>
		<a id="13" s="C" t="C.ar" l="C"/>
		<a id="14" s="C" t="C.3" l="C"/>
		<a id="15" s="C" t="C.ar" l="C"/>
		<a id="16" s="H" t="H" l="H"/>
		<a id="17" s="H" t="H" l="H"/>
		<a id="18" s="H" t="H" l="H"/>
		<a id="19" s="H" t="H" l="H"/>
		<a id="20" s="H" t="H" l="H"/>
		<a id="21" s="H" t="H" l="H"/>
		<a id="22" s="H" t="H" l="H"/>
		<a id="23" s="H" t="H" l="H"/>
		<a id="24" s="H" t="H" l="H"/>
		<a id="25" s="H" t="H" l="H"/>
		<a id="26" s="H" t="H" l="H"/>
		<a id="27" s="H" t="H" l="H"/>
		<a id="28" s="H" t="H" l="H"/>
		<a id="29" s="H" t="H" l="H"/>
		<a id="30" s="H" t="H" l="H"/>
	</atoms>
	<bonds>
		<b id="1" c="1 2" t="1"/>
		<b id="2" c="2 3" t="1"/>
		<b id="3" c="3 4" t="2"/>
		<b id="4" c="3 5" t="1"/>
		<b id="5" c="5 6" t="2"/>
		<b id="6" c="6 7" t="1"/>
		<b id="7" c="7 8" t="ar"/>
		<b id="8" c="8 9" t="ar"/>
		<b id="9" c="9 10" t="1"/>
		<b id="10" c="9 11" t="ar"/>
		<b id="11" c="11 12" t="1"/>
		<b id="12" c="11 13" t="ar"/>
		<b id="13" c="13 14" t="1"/>
		<b id="14" c="13 15" t="ar"/>
		<b id="15" c="7 15" t="ar"/>
		<b id="16" c="1 16" t="1"/>
		<b id="17" c="1 17" t="1"/>
		<b id="18" c="1 18" t="1"/>
		<b id="19" c="5 19" t="1"/>
		<b id="20" c="6 20" t="1"/>
		<b id="21" c="8 21" t="1"/>
		<b id="22" c="10 22" t="1"/>
		<b id="23" c="10 23" t="1"/>
		<b id="24" c="10 24" t="1"/>
		<b id="25" c="12 25" t="1"/>
		<b id="26" c="12 26" t="1"/>
		<b id="27" c="14 27" t="1"/>
		<b id="28" c="14 28" t="1"/>
		<b id="29" c="14 29" t="1"/>
		<b id="30" c="15 30" t="1"/>
	</bonds>
	<geometry>
		<g u="A" t="cart/3d">#30,3:1.1056,-0.3912,-0.5540;2.5143,-0.5003,-0.6526;3.1514,0.5669,-1.1859;2.5665,1.5578,-1.5589;4.5935,0.3456,-1.2334;5.4153,1.2985,-1.7036;6.8508,1.2493,-1.8110;7.6046,0.1199,-1.4775;8.9789,0.1070,-1.5815;9.7571,-1.1287,-1.2286;9.6523,1.2603,-2.0238;11.0206,1.2464,-2.1750;8.9131,2.4022,-2.3795;9.6167,3.6339,-2.8739;7.5391,2.3772,-2.2698;0.7642,-1.2838,-0.0355;0.6579,-0.3324,-1.5490;0.8316,0.5069,0.0045;4.9305,-0.6102,-0.8658;4.9469,2.2183,-2.0355;7.1017,-0.7702,-1.1327;9.0816,-1.9310,-0.9457;10.4299,-0.9433,-0.3893;10.3520,-1.4640,-2.0779;11.5253,0.5439,-1.6620;11.4778,2.1405,-2.2292;10.2044,3.4116,-3.7639;10.2865,4.0359,-2.1118;8.8934,4.4046,-3.1253;6.9741,3.2577,-2.5414;</g>
	</geometry>
	<conformers/>
	<properties/>
</molecule>
