<?xml version="1.0" ?>
<!--MOLLI PACKAGE EXPERIMENTAL XML FORMAT-->
<molecule name="nuc130">
	<atoms>
		<a id="1" s="N" t="N.pl3" l="N"/>
		<a id="2" s="C" t="C.ar" l="C"/>
		<a id="3" s="C" t="C.ar" l="C"/>
		<a id="4" s="C" t="C.ar" l="C"/>
		<a id="5" s="N" t="N.ar" l="N"/>
		<a id="6" s="C" t="C.ar" l="C"/>
		<a id="7" s="N" t="N.ar" l="N"/>
		<a id="8" s="C" t="C.ar" l="C"/>
		<a id="9" s="C" t="C.ar" l="C"/>
		<a id="10" s="C" t="C.ar" l="C"/>
		<a id="11" s="C" t="C.ar" l="C"/>
		<a id="12" s="C" t="C.ar" l="C"/>
		<a id="13" s="C" t="C.ar" l="C"/>
		<a id="14" s="N" t="N.ar" l="N"/>
		<a id="15" s="C" t="C.ar" l="C"/>
		<a id="16" s="N" t="N.ar" l="N"/>
		<a id="17" s="H" t="H" l="H"/>
		<a id="18" s="H" t="H" l="H"/>
		<a id="19" s="H" t="H" l="H"/>
		<a id="20" s="H" t="H" l="H"/>
		<a id="21" s="H" t="H" l="H"/>
		<a id="22" s="H" t="H" l="H"/>
		<a id="23" s="H" t="H" l="H"/>
		<a id="24" s="H" t="H" l="H"/>
		<a id="25" s="H" t="H" l="H"/>
	</atoms>
	<bonds>
		<b id="1" c="1 2" t="1"/>
		<b id="2" c="2 3" t="ar"/>
		<b id="3" c="3 4" t="ar"/>
		<b id="4" c="4 5" t="1"/>
		<b id="5" c="5 6" t="ar"/>
		<b id="6" c="6 7" t="ar"/>
		<b id="7" c="7 8" t="ar"/>
		<b id="8" c="8 9" t="ar"/>
		<b id="9" c="9 10" t="ar"/>
		<b id="10" c="10 11" t="ar"/>
		<b id="11" c="11 12" t="ar"/>
		<b id="12" c="12 13" t="ar"/>
		<b id="13" c="8 13" t="ar"/>
		<b id="14" c="5 13" t="ar"/>
		<b id="15" c="4 14" t="ar"/>
		<b id="16" c="14 15" t="ar"/>
		<b id="17" c="15 16" t="ar"/>
		<b id="18" c="2 16" t="ar"/>
		<b id="19" c="1 17" t="1"/>
		<b id="20" c="1 18" t="1"/>
		<b id="21" c="3 19" t="1"/>
		<b id="22" c="6 20" t="1"/>
		<b id="23" c="9 21" t="1"/>
		<b id="24" c="10 22" t="1"/>
		<b id="25" c="11 23" t="1"/>
		<b id="26" c="12 24" t="1"/>
		<b id="27" c="15 25" t="1"/>
	</bonds>
	<geometry>
		<g u="A" t="cart/3d">#25,3:-0.7329,-1.9281,1.9203;-0.5923,-0.9220,1.0316;-1.4554,0.1820,1.0172;-1.2314,1.1315,0.0301;-2.0139,2.2673,-0.0917;-3.0710,2.6418,0.7102;-3.6319,3.7492,0.3685;-2.9383,4.1888,-0.7381;-3.1270,5.3292,-1.5069;-2.2757,5.5259,-2.5749;-1.2622,4.6156,-2.8731;-1.0590,3.4745,-2.1197;-1.9105,3.2704,-1.0472;-0.2402,0.9944,-0.8569;0.5104,-0.0803,-0.7475;0.3992,-1.0442,0.1395;-1.3663,-1.8459,2.6939;-0.0275,-2.6427,1.9317;-2.2456,0.2621,1.7436;-3.3950,2.0588,1.5495;-3.9141,6.0253,-1.2660;-2.3935,6.4020,-3.1953;-0.6170,4.8078,-3.7176;-0.2773,2.7702,-2.3477;1.3111,-0.1805,-1.4692;</g>
	</geometry>
	<conformers/>
	<properties/>
</molecule>
