<?xml version="1.0" ?>
<!--MOLLI PACKAGE EXPERIMENTAL XML FORMAT-->
<molecule name="nuc131">
	<atoms>
		<a id="1" s="N" t="N.pl3" l="N"/>
		<a id="2" s="C" t="C.ar" l="C"/>
		<a id="3" s="C" t="C.ar" l="C"/>
		<a id="4" s="C" t="C.ar" l="C"/>
		<a id="5" s="N" t="N.ar" l="N"/>
		<a id="6" s="C" t="C.ar" l="C"/>
		<a id="7" s="N" t="N.ar" l="N"/>
		<a id="8" s="C" t="C.ar" l="C"/>
		<a id="9" s="N" t="N.ar" l="N"/>
		<a id="10" s="C" t="C.ar" l="C"/>
		<a id="11" s="C" t="C.ar" l="C"/>
		<a id="12" s="C" t="C.ar" l="C"/>
		<a id="13" s="C" t="C.ar" l="C"/>
		<a id="14" s="N" t="N.ar" l="N"/>
		<a id="15" s="C" t="C.ar" l="C"/>
		<a id="16" s="N" t="N.ar" l="N"/>
		<a id="17" s="H" t="H" l="H"/>
		<a id="18" s="H" t="H" l="H"/>
		<a id="19" s="H" t="H" l="H"/>
		<a id="20" s="H" t="H" l="H"/>
		<a id="21" s="H" t="H" l="H"/>
		<a id="22" s="H" t="H" l="H"/>
		<a id="23" s="H" t="H" l="H"/>
		<a id="24" s="H" t="H" l="H"/>
	</atoms>
	<bonds>
		<b id="1" c="1 2" t="1"/>
		<b id="2" c="2 3" t="ar"/>
		<b id="3" c="3 4" t="ar"/>
		<b id="4" c="4 5" t="1"/>
		<b id="5" c="5 6" t="ar"/>
		<b id="6" c="6 7" t="ar"/>
		<b id="7" c="7 8" t="ar"/>
		<b id="8" c="8 9" t="ar"/>
		<b id="9" c="9 10" t="ar"/>
		<b id="10" c="10 11" t="ar"/>
		<b id="11" c="11 12" t="ar"/>
		<b id="12" c="12 13" t="ar"/>
		<b id="13" c="8 13" t="ar"/>
		<b id="14" c="5 13" t="ar"/>
		<b id="15" c="4 14" t="ar"/>
		<b id="16" c="14 15" t="ar"/>
		<b id="17" c="15 16" t="ar"/>
		<b id="18" c="2 16" t="ar"/>
		<b id="19" c="1 17" t="1"/>
		<b id="20" c="1 18" t="1"/>
		<b id="21" c="3 19" t="1"/>
		<b id="22" c="6 20" t="1"/>
		<b id="23" c="10 21" t="1"/>
		<b id="24" c="11 22" t="1"/>
		<b id="25" c="12 23" t="1"/>
		<b id="26" c="15 24" t="1"/>
	</bonds>
	<geometry>
		<g u="A" t="cart/3d">#24,3:-0.7247,-1.8878,1.9857;-0.5851,-0.8970,1.0830;-1.4543,0.2037,1.0460;-1.2216,1.1391,0.0502;-2.0075,2.2735,-0.0979;-3.0789,2.6631,0.6767;-3.6349,3.7655,0.3090;-2.9244,4.1874,-0.7883;-3.1437,5.2796,-1.4998;-2.3253,5.4753,-2.5151;-1.2771,4.6229,-2.8658;-1.0337,3.4741,-2.1307;-1.8862,3.2566,-1.0637;-0.2220,0.9995,-0.8258;0.5330,-0.0709,-0.6957;0.4155,-1.0236,0.2018;-1.3891,-1.8181,2.7336;-0.0295,-2.6120,2.0010;-2.2531,0.2912,1.7620;-3.4186,2.0933,1.5189;-2.5153,6.3717,-3.0900;-0.6559,4.8638,-3.7143;-0.2358,2.7889,-2.3663;1.3416,-0.1764,-1.4075;</g>
	</geometry>
	<conformers/>
	<properties/>
</molecule>
