<?xml version="1.0" ?>
<!--MOLLI PACKAGE EXPERIMENTAL XML FORMAT-->
<molecule name="nuc135">
	<atoms>
		<a id="1" s="N" t="N.3" l="N"/>
		<a id="2" s="C" t="C.3" l="C"/>
		<a id="3" s="C" t="C.3" l="C"/>
		<a id="4" s="F" t="F" l="F"/>
		<a id="5" s="F" t="F" l="F"/>
		<a id="6" s="F" t="F" l="F"/>
		<a id="7" s="H" t="H" l="H"/>
		<a id="8" s="H" t="H" l="H"/>
		<a id="9" s="H" t="H" l="H"/>
		<a id="10" s="H" t="H" l="H"/>
	</atoms>
	<bonds>
		<b id="1" c="1 2" t="1"/>
		<b id="2" c="2 3" t="1"/>
		<b id="3" c="3 4" t="1"/>
		<b id="4" c="3 5" t="1"/>
		<b id="5" c="3 6" t="1"/>
		<b id="6" c="1 7" t="1"/>
		<b id="7" c="1 8" t="1"/>
		<b id="8" c="2 9" t="1"/>
		<b id="9" c="2 10" t="1"/>
	</bonds>
	<geometry>
		<g u="A" t="cart/3d">#10,3:1.1360,-0.0376,-0.2786;2.5090,-0.0162,0.1711;3.0258,-1.4467,0.2622;2.3080,-2.1822,1.1259;3.0045,-2.0897,-0.9064;4.2961,-1.4790,0.7004;0.7770,0.9020,-0.3879;0.5442,-0.5381,0.3757;2.6783,0.4401,1.1627;3.1219,0.5072,-0.5679;</g>
	</geometry>
	<conformers/>
	<properties/>
</molecule>
