<?xml version="1.0" ?>
<!--MOLLI PACKAGE EXPERIMENTAL XML FORMAT-->
<molecule name="nuc136">
	<atoms>
		<a id="1" s="C" t="C.3" l="C"/>
		<a id="2" s="C" t="C.3" l="C"/>
		<a id="3" s="C" t="C.3" l="C"/>
		<a id="4" s="C" t="C.3" l="C"/>
		<a id="5" s="C" t="C.3" l="C"/>
		<a id="6" s="C" t="C.3" l="C"/>
		<a id="7" s="C" t="C.3" l="C"/>
		<a id="8" s="C" t="C.3" l="C"/>
		<a id="9" s="N" t="N.3" l="N"/>
		<a id="10" s="H" t="H" l="H"/>
		<a id="11" s="H" t="H" l="H"/>
		<a id="12" s="H" t="H" l="H"/>
		<a id="13" s="H" t="H" l="H"/>
		<a id="14" s="H" t="H" l="H"/>
		<a id="15" s="H" t="H" l="H"/>
		<a id="16" s="H" t="H" l="H"/>
		<a id="17" s="H" t="H" l="H"/>
		<a id="18" s="H" t="H" l="H"/>
		<a id="19" s="H" t="H" l="H"/>
		<a id="20" s="H" t="H" l="H"/>
		<a id="21" s="H" t="H" l="H"/>
		<a id="22" s="H" t="H" l="H"/>
		<a id="23" s="H" t="H" l="H"/>
		<a id="24" s="H" t="H" l="H"/>
		<a id="25" s="H" t="H" l="H"/>
		<a id="26" s="H" t="H" l="H"/>
		<a id="27" s="H" t="H" l="H"/>
		<a id="28" s="H" t="H" l="H"/>
	</atoms>
	<bonds>
		<b id="1" c="1 2" t="1"/>
		<b id="2" c="2 3" t="1"/>
		<b id="3" c="3 4" t="1"/>
		<b id="4" c="4 5" t="1"/>
		<b id="5" c="5 6" t="1"/>
		<b id="6" c="6 7" t="1"/>
		<b id="7" c="7 8" t="1"/>
		<b id="8" c="8 9" t="1"/>
		<b id="9" c="1 10" t="1"/>
		<b id="10" c="1 11" t="1"/>
		<b id="11" c="1 12" t="1"/>
		<b id="12" c="2 13" t="1"/>
		<b id="13" c="2 14" t="1"/>
		<b id="14" c="3 15" t="1"/>
		<b id="15" c="3 16" t="1"/>
		<b id="16" c="4 17" t="1"/>
		<b id="17" c="4 18" t="1"/>
		<b id="18" c="5 19" t="1"/>
		<b id="19" c="5 20" t="1"/>
		<b id="20" c="6 21" t="1"/>
		<b id="21" c="6 22" t="1"/>
		<b id="22" c="7 23" t="1"/>
		<b id="23" c="7 24" t="1"/>
		<b id="24" c="8 25" t="1"/>
		<b id="25" c="8 26" t="1"/>
		<b id="26" c="9 27" t="1"/>
		<b id="27" c="9 28" t="1"/>
	</bonds>
	<geometry>
		<g u="A" t="cart/3d">#28,3:0.8625,-0.0147,-0.0264;2.3858,-0.0117,-0.0528;2.9327,-0.3715,-1.4320;4.4590,-0.3727,-1.4634;5.0060,-0.7424,-2.8399;6.5324,-0.7506,-2.8680;7.0759,-1.1417,-4.2389;8.6021,-1.1633,-4.2689;9.0670,-1.4565,-5.6159;0.4951,0.2436,0.9643;0.4784,-0.9982,-0.2891;0.4672,0.7070,-0.7381;2.7627,-0.7275,0.6817;2.7519,0.9773,0.2329;2.5570,0.3446,-2.1669;2.5652,-1.3601,-1.7180;4.8337,-1.0844,-0.7235;4.8267,0.6173,-1.1827;4.6361,-0.0291,-3.5800;4.6347,-1.7309,-3.1212;6.9031,-1.4537,-2.1176;6.9044,0.2413,-2.6012;6.7261,-0.4364,-4.9942;6.6999,-2.1314,-4.5106;8.9688,-1.8834,-3.5157;8.9864,-0.1755,-3.9978;8.7462,-2.3761,-5.9021;10.0804,-1.4587,-5.6496;</g>
	</geometry>
	<conformers/>
	<properties/>
</molecule>
