<?xml version="1.0" ?>
<!--MOLLI PACKAGE EXPERIMENTAL XML FORMAT-->
<molecule name="nuc139">
	<atoms>
		<a id="1" s="C" t="C.3" l="C"/>
		<a id="2" s="C" t="C.3" l="C"/>
		<a id="3" s="O" t="O.3" l="O"/>
		<a id="4" s="Si" t="Si" l="SI"/>
		<a id="5" s="C" t="C.3" l="C"/>
		<a id="6" s="C" t="C.3" l="C"/>
		<a id="7" s="C" t="C.3" l="C"/>
		<a id="8" s="N" t="N.3" l="N"/>
		<a id="9" s="O" t="O.3" l="O"/>
		<a id="10" s="C" t="C.3" l="C"/>
		<a id="11" s="C" t="C.3" l="C"/>
		<a id="12" s="O" t="O.3" l="O"/>
		<a id="13" s="C" t="C.3" l="C"/>
		<a id="14" s="C" t="C.3" l="C"/>
		<a id="15" s="H" t="H" l="H"/>
		<a id="16" s="H" t="H" l="H"/>
		<a id="17" s="H" t="H" l="H"/>
		<a id="18" s="H" t="H" l="H"/>
		<a id="19" s="H" t="H" l="H"/>
		<a id="20" s="H" t="H" l="H"/>
		<a id="21" s="H" t="H" l="H"/>
		<a id="22" s="H" t="H" l="H"/>
		<a id="23" s="H" t="H" l="H"/>
		<a id="24" s="H" t="H" l="H"/>
		<a id="25" s="H" t="H" l="H"/>
		<a id="26" s="H" t="H" l="H"/>
		<a id="27" s="H" t="H" l="H"/>
		<a id="28" s="H" t="H" l="H"/>
		<a id="29" s="H" t="H" l="H"/>
		<a id="30" s="H" t="H" l="H"/>
		<a id="31" s="H" t="H" l="H"/>
		<a id="32" s="H" t="H" l="H"/>
		<a id="33" s="H" t="H" l="H"/>
		<a id="34" s="H" t="H" l="H"/>
		<a id="35" s="H" t="H" l="H"/>
		<a id="36" s="H" t="H" l="H"/>
		<a id="37" s="H" t="H" l="H"/>
	</atoms>
	<bonds>
		<b id="1" c="1 2" t="1"/>
		<b id="2" c="2 3" t="1"/>
		<b id="3" c="3 4" t="1"/>
		<b id="4" c="4 5" t="1"/>
		<b id="5" c="5 6" t="1"/>
		<b id="6" c="6 7" t="1"/>
		<b id="7" c="7 8" t="1"/>
		<b id="8" c="4 9" t="1"/>
		<b id="9" c="9 10" t="1"/>
		<b id="10" c="10 11" t="1"/>
		<b id="11" c="4 12" t="1"/>
		<b id="12" c="12 13" t="1"/>
		<b id="13" c="13 14" t="1"/>
		<b id="14" c="1 15" t="1"/>
		<b id="15" c="1 16" t="1"/>
		<b id="16" c="1 17" t="1"/>
		<b id="17" c="2 18" t="1"/>
		<b id="18" c="2 19" t="1"/>
		<b id="19" c="5 20" t="1"/>
		<b id="20" c="5 21" t="1"/>
		<b id="21" c="6 22" t="1"/>
		<b id="22" c="6 23" t="1"/>
		<b id="23" c="7 24" t="1"/>
		<b id="24" c="7 25" t="1"/>
		<b id="25" c="8 26" t="1"/>
		<b id="26" c="8 27" t="1"/>
		<b id="27" c="10 28" t="1"/>
		<b id="28" c="10 29" t="1"/>
		<b id="29" c="11 30" t="1"/>
		<b id="30" c="11 31" t="1"/>
		<b id="31" c="11 32" t="1"/>
		<b id="32" c="13 33" t="1"/>
		<b id="33" c="13 34" t="1"/>
		<b id="34" c="14 35" t="1"/>
		<b id="35" c="14 36" t="1"/>
		<b id="36" c="14 37" t="1"/>
	</bonds>
	<geometry>
		<g u="A" t="cart/3d">#37,3:1.1863,-0.7398,-0.3815;2.1306,0.4583,-0.3919;3.1416,0.2818,-1.3585;4.6927,-0.1995,-1.1973;5.7872,1.2671,-0.6569;5.2804,2.0322,0.5655;5.3222,1.1863,1.8353;4.6158,1.8664,2.9149;4.9464,-1.3840,-0.1122;4.8908,-2.7846,-0.2776;5.7926,-3.4504,0.7521;5.1124,-0.8227,-2.6372;4.8830,-0.2948,-3.9217;5.1431,-1.3723,-4.9635;0.3931,-0.5821,0.3446;1.7405,-1.6412,-0.1162;0.7456,-0.8824,-1.3682;2.5731,0.5913,0.6013;1.5871,1.3742,-0.6616;5.8458,1.9698,-1.4909;6.8075,0.9335,-0.4636;4.2521,2.3579,0.3975;5.8897,2.9297,0.7175;6.3750,0.9595,2.0805;4.8168,0.2346,1.6543;5.0608,2.7586,3.1123;4.6559,1.3106,3.7633;5.2060,-3.0441,-1.2932;3.8521,-3.1162,-0.1413;6.8193,-3.1222,0.6100;5.7441,-4.5320,0.6475;5.4760,-3.1737,1.7552;5.5542,0.5576,-4.0808;3.8506,0.0623,-3.9857;6.1666,-1.7298,-4.8808;4.9858,-0.9692,-5.9606;4.4704,-2.2121,-4.8079;</g>
	</geometry>
	<conformers/>
	<properties/>
</molecule>
