<?xml version="1.0" ?>
<!--MOLLI PACKAGE EXPERIMENTAL XML FORMAT-->
<molecule name="nuc147">
	<atoms>
		<a id="1" s="N" t="N.pl3" l="N"/>
		<a id="2" s="C" t="C.ar" l="C"/>
		<a id="3" s="C" t="C.ar" l="C"/>
		<a id="4" s="C" t="C.ar" l="C"/>
		<a id="5" s="C" t="C.ar" l="C"/>
		<a id="6" s="N" t="N.pl3" l="N"/>
		<a id="7" s="O" t="O.2" l="O"/>
		<a id="8" s="O" t="O.co2" l="O"/>
		<a id="9" s="C" t="C.ar" l="C"/>
		<a id="10" s="C" t="C.ar" l="C"/>
		<a id="11" s="H" t="H" l="H"/>
		<a id="12" s="H" t="H" l="H"/>
		<a id="13" s="H" t="H" l="H"/>
		<a id="14" s="H" t="H" l="H"/>
		<a id="15" s="H" t="H" l="H"/>
		<a id="16" s="H" t="H" l="H"/>
	</atoms>
	<bonds>
		<b id="1" c="1 2" t="1"/>
		<b id="2" c="2 3" t="ar"/>
		<b id="3" c="3 4" t="ar"/>
		<b id="4" c="4 5" t="ar"/>
		<b id="5" c="5 6" t="1"/>
		<b id="6" c="6 7" t="2"/>
		<b id="7" c="6 8" t="1"/>
		<b id="8" c="5 9" t="ar"/>
		<b id="9" c="9 10" t="ar"/>
		<b id="10" c="2 10" t="ar"/>
		<b id="11" c="1 11" t="1"/>
		<b id="12" c="1 12" t="1"/>
		<b id="13" c="3 13" t="1"/>
		<b id="14" c="4 14" t="1"/>
		<b id="15" c="9 15" t="1"/>
		<b id="16" c="10 16" t="1"/>
	</bonds>
	<geometry>
		<g u="A" t="cart/3d">#16,3:2.2857,-0.0014,-0.0692;0.9291,0.0033,-0.0210;0.2203,1.2147,-0.0162;-1.1524,1.2201,-0.0033;-1.8500,0.0129,0.0057;-3.2743,0.0178,0.0258;-3.8415,1.0951,0.0326;-3.8489,-1.0555,0.0355;-1.1607,-1.1991,-0.0027;0.2119,-1.2032,-0.0155;2.7899,0.8569,0.0636;2.7839,-0.8632,0.0639;0.7677,2.1453,-0.0227;-1.7079,2.1451,0.0027;-1.7227,-2.1203,0.0039;0.7528,-2.1376,-0.0217;</g>
	</geometry>
	<conformers/>
	<properties/>
</molecule>
