<?xml version="1.0" ?>
<!--MOLLI PACKAGE EXPERIMENTAL XML FORMAT-->
<molecule name="nuc154">
	<atoms>
		<a id="1" s="C" t="C.3" l="C"/>
		<a id="2" s="C" t="C.ar" l="C"/>
		<a id="3" s="C" t="C.ar" l="C"/>
		<a id="4" s="C" t="C.ar" l="C"/>
		<a id="5" s="C" t="C.ar" l="C"/>
		<a id="6" s="N" t="N.am" l="N"/>
		<a id="7" s="C" t="C.2" l="C"/>
		<a id="8" s="O" t="O.2" l="O"/>
		<a id="9" s="C" t="C.ar" l="C"/>
		<a id="10" s="C" t="C.ar" l="C"/>
		<a id="11" s="C" t="C.ar" l="C"/>
		<a id="12" s="C" t="C.ar" l="C"/>
		<a id="13" s="C" t="C.ar" l="C"/>
		<a id="14" s="C" t="C.3" l="C"/>
		<a id="15" s="F" t="F" l="F"/>
		<a id="16" s="F" t="F" l="F"/>
		<a id="17" s="F" t="F" l="F"/>
		<a id="18" s="C" t="C.ar" l="C"/>
		<a id="19" s="C" t="C.ar" l="C"/>
		<a id="20" s="C" t="C.ar" l="C"/>
		<a id="21" s="N" t="N.pl3" l="N"/>
		<a id="22" s="H" t="H" l="H"/>
		<a id="23" s="H" t="H" l="H"/>
		<a id="24" s="H" t="H" l="H"/>
		<a id="25" s="H" t="H" l="H"/>
		<a id="26" s="H" t="H" l="H"/>
		<a id="27" s="H" t="H" l="H"/>
		<a id="28" s="H" t="H" l="H"/>
		<a id="29" s="H" t="H" l="H"/>
		<a id="30" s="H" t="H" l="H"/>
		<a id="31" s="H" t="H" l="H"/>
		<a id="32" s="H" t="H" l="H"/>
		<a id="33" s="H" t="H" l="H"/>
		<a id="34" s="H" t="H" l="H"/>
	</atoms>
	<bonds>
		<b id="1" c="1 2" t="1"/>
		<b id="2" c="2 3" t="ar"/>
		<b id="3" c="3 4" t="ar"/>
		<b id="4" c="4 5" t="ar"/>
		<b id="5" c="5 6" t="1"/>
		<b id="6" c="6 7" t="am"/>
		<b id="7" c="7 8" t="2"/>
		<b id="8" c="7 9" t="1"/>
		<b id="9" c="9 10" t="ar"/>
		<b id="10" c="10 11" t="ar"/>
		<b id="11" c="11 12" t="ar"/>
		<b id="12" c="12 13" t="ar"/>
		<b id="13" c="13 14" t="1"/>
		<b id="14" c="14 15" t="1"/>
		<b id="15" c="14 16" t="1"/>
		<b id="16" c="14 17" t="1"/>
		<b id="17" c="13 18" t="ar"/>
		<b id="18" c="9 18" t="ar"/>
		<b id="19" c="5 19" t="ar"/>
		<b id="20" c="19 20" t="ar"/>
		<b id="21" c="2 20" t="ar"/>
		<b id="22" c="20 21" t="1"/>
		<b id="23" c="1 22" t="1"/>
		<b id="24" c="1 23" t="1"/>
		<b id="25" c="1 24" t="1"/>
		<b id="26" c="3 25" t="1"/>
		<b id="27" c="4 26" t="1"/>
		<b id="28" c="6 27" t="1"/>
		<b id="29" c="10 28" t="1"/>
		<b id="30" c="11 29" t="1"/>
		<b id="31" c="12 30" t="1"/>
		<b id="32" c="18 31" t="1"/>
		<b id="33" c="19 32" t="1"/>
		<b id="34" c="21 33" t="1"/>
		<b id="35" c="21 34" t="1"/>
	</bonds>
	<geometry>
		<g u="A" t="cart/3d">#34,3:1.9865,1.2163,0.0613;0.5930,0.6600,0.0759;-0.5049,1.4903,0.2178;-1.8015,1.0065,0.2456;-2.0125,-0.3605,0.1268;-3.2874,-0.9440,0.1609;-4.5025,-0.3363,0.2099;-4.6932,0.8607,0.2030;-5.6487,-1.3059,0.2599;-5.6030,-2.4944,0.9829;-6.7058,-3.3296,1.0247;-7.8633,-2.9979,0.3414;-7.9131,-1.8060,-0.3684;-9.1481,-1.4132,-1.1304;-10.1831,-2.2405,-0.9253;-9.5771,-0.1811,-0.8145;-8.9328,-1.4044,-2.4609;-6.8185,-0.9553,-0.4032;-0.9241,-1.2126,-0.0264;0.3766,-0.7218,-0.0535;1.4420,-1.6010,-0.1315;1.9650,2.2914,0.2174;2.4755,1.0232,-0.8956;2.5892,0.7644,0.8491;-0.3460,2.5545,0.3125;-2.6360,1.6759,0.3561;-3.2832,-1.9525,0.0958;-4.7174,-2.7591,1.5433;-6.6668,-4.2450,1.5949;-8.7221,-3.6504,0.3664;-6.8612,-0.0179,-0.9371;-1.0839,-2.2793,-0.1231;1.2236,-2.5203,-0.4813;2.3026,-1.2216,-0.4904;</g>
	</geometry>
	<conformers/>
	<properties/>
</molecule>
