<?xml version="1.0" ?>
<!--MOLLI PACKAGE EXPERIMENTAL XML FORMAT-->
<molecule name="nuc159">
	<atoms>
		<a id="1" s="C" t="C.3" l="C"/>
		<a id="2" s="C" t="C.3" l="C"/>
		<a id="3" s="N" t="N.3" l="N"/>
		<a id="4" s="C" t="C.3" l="C"/>
		<a id="5" s="C" t="C.3" l="C"/>
		<a id="6" s="C" t="C.3" l="C"/>
		<a id="7" s="C" t="C.ar" l="C"/>
		<a id="8" s="C" t="C.ar" l="C"/>
		<a id="9" s="C" t="C.ar" l="C"/>
		<a id="10" s="N" t="N.pl3" l="N"/>
		<a id="11" s="C" t="C.ar" l="C"/>
		<a id="12" s="C" t="C.ar" l="C"/>
		<a id="13" s="C" t="C.ar" l="C"/>
		<a id="14" s="F" t="F" l="F"/>
		<a id="15" s="H" t="H" l="H"/>
		<a id="16" s="H" t="H" l="H"/>
		<a id="17" s="H" t="H" l="H"/>
		<a id="18" s="H" t="H" l="H"/>
		<a id="19" s="H" t="H" l="H"/>
		<a id="20" s="H" t="H" l="H"/>
		<a id="21" s="H" t="H" l="H"/>
		<a id="22" s="H" t="H" l="H"/>
		<a id="23" s="H" t="H" l="H"/>
		<a id="24" s="H" t="H" l="H"/>
		<a id="25" s="H" t="H" l="H"/>
		<a id="26" s="H" t="H" l="H"/>
		<a id="27" s="H" t="H" l="H"/>
		<a id="28" s="H" t="H" l="H"/>
		<a id="29" s="H" t="H" l="H"/>
		<a id="30" s="H" t="H" l="H"/>
		<a id="31" s="H" t="H" l="H"/>
	</atoms>
	<bonds>
		<b id="1" c="1 2" t="1"/>
		<b id="2" c="2 3" t="1"/>
		<b id="3" c="3 4" t="1"/>
		<b id="4" c="4 5" t="1"/>
		<b id="5" c="3 6" t="1"/>
		<b id="6" c="6 7" t="1"/>
		<b id="7" c="7 8" t="ar"/>
		<b id="8" c="8 9" t="ar"/>
		<b id="9" c="9 10" t="1"/>
		<b id="10" c="9 11" t="ar"/>
		<b id="11" c="11 12" t="ar"/>
		<b id="12" c="12 13" t="ar"/>
		<b id="13" c="7 13" t="ar"/>
		<b id="14" c="13 14" t="1"/>
		<b id="15" c="1 15" t="1"/>
		<b id="16" c="1 16" t="1"/>
		<b id="17" c="1 17" t="1"/>
		<b id="18" c="2 18" t="1"/>
		<b id="19" c="2 19" t="1"/>
		<b id="20" c="4 20" t="1"/>
		<b id="21" c="4 21" t="1"/>
		<b id="22" c="5 22" t="1"/>
		<b id="23" c="5 23" t="1"/>
		<b id="24" c="5 24" t="1"/>
		<b id="25" c="6 25" t="1"/>
		<b id="26" c="6 26" t="1"/>
		<b id="27" c="8 27" t="1"/>
		<b id="28" c="10 28" t="1"/>
		<b id="29" c="10 29" t="1"/>
		<b id="30" c="11 30" t="1"/>
		<b id="31" c="12 31" t="1"/>
	</bonds>
	<geometry>
		<g u="A" t="cart/3d">#31,3:1.1264,-0.5740,2.7314;2.6083,-0.2676,2.5511;3.1489,-0.8074,1.3137;2.5520,-0.2919,0.0964;2.7398,1.2050,-0.1796;4.6024,-0.7488,1.3159;5.1687,-1.7787,2.2581;4.6862,-3.0773,2.2398;5.1856,-4.0553,3.0980;4.7402,-5.3578,3.0071;6.1953,-3.7098,3.9991;6.6894,-2.4218,4.0315;6.1741,-1.4749,3.1659;6.6721,-0.2109,3.2203;0.8316,-0.3490,3.7535;0.9405,-1.6274,2.5369;0.5091,0.0213,2.0630;3.1634,-0.7474,3.3625;2.7759,0.8201,2.6378;1.4845,-0.5197,0.1300;2.9810,-0.8628,-0.7333;2.2686,1.8050,0.5946;2.2832,1.4580,-1.1333;3.7957,1.4602,-0.2254;4.9834,0.2477,1.5912;4.9531,-0.9771,0.3042;3.8959,-3.3193,1.5456;3.8526,-5.4928,2.5517;4.8956,-5.9436,3.8111;6.5899,-4.4570,4.6717;7.4668,-2.1400,4.7242;</g>
	</geometry>
	<conformers/>
	<properties/>
</molecule>
