<?xml version="1.0" ?>
<!--MOLLI PACKAGE EXPERIMENTAL XML FORMAT-->
<molecule name="nuc161">
	<atoms>
		<a id="1" s="N" t="N.pl3" l="N"/>
		<a id="2" s="C" t="C.ar" l="C"/>
		<a id="3" s="C" t="C.ar" l="C"/>
		<a id="4" s="C" t="C.ar" l="C"/>
		<a id="5" s="C" t="C.ar" l="C"/>
		<a id="6" s="C" t="C.ar" l="C"/>
		<a id="7" s="N" t="N.ar" l="N"/>
		<a id="8" s="C" t="C.ar" l="C"/>
		<a id="9" s="C" t="C.ar" l="C"/>
		<a id="10" s="C" t="C.ar" l="C"/>
		<a id="11" s="C" t="C.ar" l="C"/>
		<a id="12" s="H" t="H" l="H"/>
		<a id="13" s="H" t="H" l="H"/>
		<a id="14" s="H" t="H" l="H"/>
		<a id="15" s="H" t="H" l="H"/>
		<a id="16" s="H" t="H" l="H"/>
		<a id="17" s="H" t="H" l="H"/>
		<a id="18" s="H" t="H" l="H"/>
		<a id="19" s="H" t="H" l="H"/>
	</atoms>
	<bonds>
		<b id="1" c="1 2" t="1"/>
		<b id="2" c="2 3" t="ar"/>
		<b id="3" c="3 4" t="ar"/>
		<b id="4" c="4 5" t="ar"/>
		<b id="5" c="5 6" t="ar"/>
		<b id="6" c="6 7" t="ar"/>
		<b id="7" c="7 8" t="ar"/>
		<b id="8" c="8 9" t="ar"/>
		<b id="9" c="9 10" t="ar"/>
		<b id="10" c="5 10" t="ar"/>
		<b id="11" c="10 11" t="ar"/>
		<b id="12" c="2 11" t="ar"/>
		<b id="13" c="1 12" t="1"/>
		<b id="14" c="1 13" t="1"/>
		<b id="15" c="3 14" t="1"/>
		<b id="16" c="4 15" t="1"/>
		<b id="17" c="6 16" t="1"/>
		<b id="18" c="8 17" t="1"/>
		<b id="19" c="9 18" t="1"/>
		<b id="20" c="11 19" t="1"/>
	</bonds>
	<geometry>
		<g u="A" t="cart/3d">#19,3:1.0731,0.0583,0.1872;2.4393,0.0321,0.0481;3.1539,1.2547,0.0097;4.5138,1.2699,-0.0626;5.2429,0.0627,-0.1013;6.6485,0.0071,-0.1791;7.3383,-1.1001,-0.2172;6.6668,-2.2624,-0.1798;5.3045,-2.3537,-0.1045;4.5358,-1.1693,-0.0618;3.1346,-1.1589,0.0108;0.5989,0.9114,-0.0566;0.5720,-0.7901,-0.0155;2.5938,2.1790,0.0405;5.0523,2.2061,-0.0935;7.2218,0.9265,-0.2110;7.2903,-3.1465,-0.2143;4.8113,-3.3141,-0.0767;2.6006,-2.0983,0.0395;</g>
	</geometry>
	<conformers/>
	<properties/>
</molecule>
