<?xml version="1.0" ?>
<!--MOLLI PACKAGE EXPERIMENTAL XML FORMAT-->
<molecule name="nuc163">
	<atoms>
		<a id="1" s="N" t="N.pl3" l="N"/>
		<a id="2" s="C" t="C.ar" l="C"/>
		<a id="3" s="C" t="C.ar" l="C"/>
		<a id="4" s="C" t="C.ar" l="C"/>
		<a id="5" s="C" t="C.ar" l="C"/>
		<a id="6" s="C" t="C.3" l="C"/>
		<a id="7" s="F" t="F" l="F"/>
		<a id="8" s="F" t="F" l="F"/>
		<a id="9" s="F" t="F" l="F"/>
		<a id="10" s="C" t="C.ar" l="C"/>
		<a id="11" s="C" t="C.ar" l="C"/>
		<a id="12" s="H" t="H" l="H"/>
		<a id="13" s="H" t="H" l="H"/>
		<a id="14" s="H" t="H" l="H"/>
		<a id="15" s="H" t="H" l="H"/>
		<a id="16" s="H" t="H" l="H"/>
		<a id="17" s="H" t="H" l="H"/>
	</atoms>
	<bonds>
		<b id="1" c="1 2" t="1"/>
		<b id="2" c="2 3" t="ar"/>
		<b id="3" c="3 4" t="ar"/>
		<b id="4" c="4 5" t="ar"/>
		<b id="5" c="5 6" t="1"/>
		<b id="6" c="6 7" t="1"/>
		<b id="7" c="6 8" t="1"/>
		<b id="8" c="6 9" t="1"/>
		<b id="9" c="5 10" t="ar"/>
		<b id="10" c="10 11" t="ar"/>
		<b id="11" c="2 11" t="ar"/>
		<b id="12" c="1 12" t="1"/>
		<b id="13" c="1 13" t="1"/>
		<b id="14" c="3 14" t="1"/>
		<b id="15" c="4 15" t="1"/>
		<b id="16" c="10 16" t="1"/>
		<b id="17" c="11 17" t="1"/>
	</bonds>
	<geometry>
		<g u="A" t="cart/3d">#17,3:2.3190,0.0000,-0.1067;0.9541,0.0103,-0.0346;0.2498,1.2187,-0.0266;-1.1277,1.2309,-0.0116;-1.8307,0.0325,-0.0028;-3.3255,0.0063,0.0231;-3.8856,1.2248,0.0299;-3.8501,-0.6418,-1.0385;-3.8102,-0.6344,1.1091;-1.1435,-1.1779,-0.0135;0.2325,-1.1889,-0.0286;2.8118,0.8503,0.1044;2.7984,-0.8580,0.1035;0.7967,2.1496,-0.0335;-1.6612,2.1688,-0.0038;-1.6962,-2.1050,-0.0070;0.7657,-2.1277,-0.0369;</g>
	</geometry>
	<conformers/>
	<properties/>
</molecule>
