<?xml version="1.0" ?>
<!--MOLLI PACKAGE EXPERIMENTAL XML FORMAT-->
<molecule name="nuc175">
	<atoms>
		<a id="1" s="C" t="C.3" l="C"/>
		<a id="2" s="C" t="C.3" l="C"/>
		<a id="3" s="C" t="C.3" l="C"/>
		<a id="4" s="C" t="C.ar" l="C"/>
		<a id="5" s="C" t="C.ar" l="C"/>
		<a id="6" s="C" t="C.ar" l="C"/>
		<a id="7" s="C" t="C.ar" l="C"/>
		<a id="8" s="C" t="C.ar" l="C"/>
		<a id="9" s="C" t="C.ar" l="C"/>
		<a id="10" s="C" t="C.3" l="C"/>
		<a id="11" s="C" t="C.3" l="C"/>
		<a id="12" s="C" t="C.3" l="C"/>
		<a id="13" s="C" t="C.3" l="C"/>
		<a id="14" s="C" t="C.3" l="C"/>
		<a id="15" s="C" t="C.3" l="C"/>
		<a id="16" s="N" t="N.3" l="N"/>
		<a id="17" s="C" t="C.3" l="C"/>
		<a id="18" s="C" t="C.3" l="C"/>
		<a id="19" s="C" t="C.3" l="C"/>
		<a id="20" s="C" t="C.3" l="C"/>
		<a id="21" s="C" t="C.3" l="C"/>
		<a id="22" s="H" t="H" l="H"/>
		<a id="23" s="H" t="H" l="H"/>
		<a id="24" s="H" t="H" l="H"/>
		<a id="25" s="H" t="H" l="H"/>
		<a id="26" s="H" t="H" l="H"/>
		<a id="27" s="H" t="H" l="H"/>
		<a id="28" s="H" t="H" l="H"/>
		<a id="29" s="H" t="H" l="H"/>
		<a id="30" s="H" t="H" l="H"/>
		<a id="31" s="H" t="H" l="H"/>
		<a id="32" s="H" t="H" l="H"/>
		<a id="33" s="H" t="H" l="H"/>
		<a id="34" s="H" t="H" l="H"/>
		<a id="35" s="H" t="H" l="H"/>
		<a id="36" s="H" t="H" l="H"/>
		<a id="37" s="H" t="H" l="H"/>
		<a id="38" s="H" t="H" l="H"/>
		<a id="39" s="H" t="H" l="H"/>
		<a id="40" s="H" t="H" l="H"/>
		<a id="41" s="H" t="H" l="H"/>
		<a id="42" s="H" t="H" l="H"/>
		<a id="43" s="H" t="H" l="H"/>
		<a id="44" s="H" t="H" l="H"/>
		<a id="45" s="H" t="H" l="H"/>
		<a id="46" s="H" t="H" l="H"/>
		<a id="47" s="H" t="H" l="H"/>
		<a id="48" s="H" t="H" l="H"/>
		<a id="49" s="H" t="H" l="H"/>
		<a id="50" s="H" t="H" l="H"/>
		<a id="51" s="H" t="H" l="H"/>
		<a id="52" s="H" t="H" l="H"/>
	</atoms>
	<bonds>
		<b id="1" c="1 2" t="1"/>
		<b id="2" c="2 3" t="1"/>
		<b id="3" c="4 5" t="ar"/>
		<b id="4" c="5 6" t="ar"/>
		<b id="5" c="6 7" t="ar"/>
		<b id="6" c="7 8" t="ar"/>
		<b id="7" c="8 9" t="ar"/>
		<b id="8" c="4 9" t="ar"/>
		<b id="9" c="8 10" t="1"/>
		<b id="10" c="10 11" t="1"/>
		<b id="11" c="11 12" t="1"/>
		<b id="12" c="12 13" t="1"/>
		<b id="13" c="15 16" t="1"/>
		<b id="14" c="13 17" t="1"/>
		<b id="15" c="17 18" t="1"/>
		<b id="16" c="18 19" t="1"/>
		<b id="17" c="19 20" t="1"/>
		<b id="18" c="7 20" t="1"/>
		<b id="19" c="12 20" t="1"/>
		<b id="20" c="2 4" t="1"/>
		<b id="21" c="13 14" t="1"/>
		<b id="22" c="13 15" t="1"/>
		<b id="23" c="20 21" t="1"/>
		<b id="24" c="1 22" t="1"/>
		<b id="25" c="1 23" t="1"/>
		<b id="26" c="1 24" t="1"/>
		<b id="27" c="2 25" t="1"/>
		<b id="28" c="3 26" t="1"/>
		<b id="29" c="3 27" t="1"/>
		<b id="30" c="3 28" t="1"/>
		<b id="31" c="5 29" t="1"/>
		<b id="32" c="6 30" t="1"/>
		<b id="33" c="9 31" t="1"/>
		<b id="34" c="10 32" t="1"/>
		<b id="35" c="10 33" t="1"/>
		<b id="36" c="11 34" t="1"/>
		<b id="37" c="11 35" t="1"/>
		<b id="38" c="12 36" t="1"/>
		<b id="39" c="14 37" t="1"/>
		<b id="40" c="14 38" t="1"/>
		<b id="41" c="14 39" t="1"/>
		<b id="42" c="15 40" t="1"/>
		<b id="43" c="15 41" t="1"/>
		<b id="44" c="16 42" t="1"/>
		<b id="45" c="16 43" t="1"/>
		<b id="46" c="17 44" t="1"/>
		<b id="47" c="17 45" t="1"/>
		<b id="48" c="18 46" t="1"/>
		<b id="49" c="18 47" t="1"/>
		<b id="50" c="19 48" t="1"/>
		<b id="51" c="19 49" t="1"/>
		<b id="52" c="21 50" t="1"/>
		<b id="53" c="21 51" t="1"/>
		<b id="54" c="21 52" t="1"/>
	</bonds>
	<geometry>
		<g u="A" t="cart/3d">#52,3:1.4317,5.4915,-2.4002;1.3612,5.8222,-0.9079;2.6237,5.3453,-0.1863;1.1467,7.3008,-0.6987;2.0899,8.2385,-1.0981;1.8724,9.5850,-0.8888;0.7100,10.0615,-0.2891;-0.2372,9.1255,0.1217;-0.0050,7.7712,-0.0930;-1.5367,9.5138,0.7707;-1.5653,10.9652,1.2307;-0.9786,11.8343,0.1193;-1.4180,13.3166,0.1817;-1.1464,14.0123,1.5193;-2.9519,13.3998,-0.0372;-3.4279,12.5471,-1.1152;-0.7434,14.0929,-0.9615;0.7602,13.8720,-1.0287;1.0832,12.3904,-1.1803;0.5374,11.5520,-0.0119;1.3779,11.8181,1.2478;2.2851,5.9809,-2.8622;1.5299,4.4177,-2.5454;0.5293,5.8287,-2.9041;0.5035,5.2898,-0.4803;2.7353,4.2682,-0.2920;3.5089,5.8237,-0.5985;2.5655,5.5860,0.8734;3.0071,7.9213,-1.5722;2.6390,10.2765,-1.2029;-0.7570,7.0638,0.2323;-2.3370,9.3630,0.0384;-1.7373,8.8424,1.6103;-1.0004,11.0786,2.1555;-2.5976,11.2452,1.4332;-1.4201,11.4677,-0.8152;-1.4589,13.3895,2.3524;-0.0981,14.2582,1.6450;-1.7080,14.9451,1.5651;-3.4634,13.0802,0.8739;-3.2072,14.4630,-0.1934;-3.0878,12.8825,-2.0104;-4.4408,12.5687,-1.1492;-1.1712,13.7672,-1.9125;-0.9573,15.1589,-0.8473;1.1643,14.4167,-1.8861;1.2449,14.2719,-0.1380;0.6455,12.0218,-2.1116;2.1659,12.2821,-1.2527;1.0720,11.1724,2.0663;2.4206,11.5931,1.0298;1.3166,12.8474,1.5800;</g>
	</geometry>
	<conformers/>
	<properties/>
</molecule>
