<?xml version="1.0" ?>
<!--MOLLI PACKAGE EXPERIMENTAL XML FORMAT-->
<molecule name="nuc176">
	<atoms>
		<a id="1" s="C" t="C.3" l="C"/>
		<a id="2" s="C" t="C.ar" l="C"/>
		<a id="3" s="N" t="N.ar" l="N"/>
		<a id="4" s="O" t="O.2" l="O"/>
		<a id="5" s="C" t="C.ar" l="C"/>
		<a id="6" s="N" t="N.pl3" l="N"/>
		<a id="7" s="C" t="C.3" l="C"/>
		<a id="8" s="C" t="C.3" l="C"/>
		<a id="9" s="C" t="C.3" l="C"/>
		<a id="10" s="C" t="C.3" l="C"/>
		<a id="11" s="C" t="C.3" l="C"/>
		<a id="12" s="C" t="C.3" l="C"/>
		<a id="13" s="C" t="C.3" l="C"/>
		<a id="14" s="N" t="N.3" l="N"/>
		<a id="15" s="N" t="N.ar" l="N"/>
		<a id="16" s="H" t="H" l="H"/>
		<a id="17" s="H" t="H" l="H"/>
		<a id="18" s="H" t="H" l="H"/>
		<a id="19" s="H" t="H" l="H"/>
		<a id="20" s="H" t="H" l="H"/>
		<a id="21" s="H" t="H" l="H"/>
		<a id="22" s="H" t="H" l="H"/>
		<a id="23" s="H" t="H" l="H"/>
		<a id="24" s="H" t="H" l="H"/>
		<a id="25" s="H" t="H" l="H"/>
		<a id="26" s="H" t="H" l="H"/>
		<a id="27" s="H" t="H" l="H"/>
		<a id="28" s="H" t="H" l="H"/>
		<a id="29" s="H" t="H" l="H"/>
		<a id="30" s="H" t="H" l="H"/>
		<a id="31" s="H" t="H" l="H"/>
	</atoms>
	<bonds>
		<b id="1" c="1 2" t="1"/>
		<b id="2" c="2 3" t="ar"/>
		<b id="3" c="3 4" t="ar"/>
		<b id="4" c="4 5" t="ar"/>
		<b id="5" c="5 6" t="1"/>
		<b id="6" c="6 7" t="1"/>
		<b id="7" c="7 8" t="1"/>
		<b id="8" c="8 9" t="1"/>
		<b id="9" c="9 10" t="1"/>
		<b id="10" c="10 11" t="1"/>
		<b id="11" c="11 12" t="1"/>
		<b id="12" c="6 12" t="1"/>
		<b id="13" c="11 13" t="1"/>
		<b id="14" c="8 13" t="1"/>
		<b id="15" c="5 15" t="ar"/>
		<b id="16" c="2 15" t="ar"/>
		<b id="17" c="13 14" t="1"/>
		<b id="18" c="1 16" t="1"/>
		<b id="19" c="1 17" t="1"/>
		<b id="20" c="1 18" t="1"/>
		<b id="21" c="7 19" t="1"/>
		<b id="22" c="7 20" t="1"/>
		<b id="23" c="8 21" t="1"/>
		<b id="24" c="9 22" t="1"/>
		<b id="25" c="9 23" t="1"/>
		<b id="26" c="10 24" t="1"/>
		<b id="27" c="10 25" t="1"/>
		<b id="28" c="11 26" t="1"/>
		<b id="29" c="12 27" t="1"/>
		<b id="30" c="12 28" t="1"/>
		<b id="31" c="13 29" t="1"/>
		<b id="32" c="14 30" t="1"/>
		<b id="33" c="14 31" t="1"/>
	</bonds>
	<geometry>
		<g u="A" t="cart/3d">#31,3:-0.3080,-2.0257,-0.4891;0.2111,-0.7073,-0.0643;-0.0740,-0.1625,1.0803;0.5902,1.0533,1.0781;1.2275,1.1160,-0.1084;1.9457,2.1887,-0.4309;2.1294,3.2889,0.4866;3.6229,3.6017,0.6324;4.4015,2.3294,0.9958;4.7232,1.6550,-0.3533;4.1333,2.5872,-1.4222;2.6679,2.2261,-1.6831;4.1706,3.9705,-0.7616;5.4990,4.5435,-0.8022;1.0277,0.0526,-0.8478;-0.9451,-2.4314,0.2905;0.5218,-2.7021,-0.6830;-0.8739,-1.9114,-1.4114;1.6941,3.0128,1.4483;1.6018,4.1741,0.1065;3.7544,4.4002,1.3666;3.8102,1.6821,1.6425;5.3153,2.5833,1.5347;4.2803,0.6624,-0.4226;5.7989,1.5483,-0.4919;4.6940,2.5657,-2.3563;2.5751,1.2414,-2.1425;2.2126,2.9711,-2.3474;3.5089,4.6775,-1.2735;6.1673,3.9344,-0.3454;5.5151,5.4393,-0.3281;</g>
	</geometry>
	<conformers/>
	<properties/>
</molecule>
