<?xml version="1.0" ?>
<!--MOLLI PACKAGE EXPERIMENTAL XML FORMAT-->
<molecule name="nuc181">
	<atoms>
		<a id="1" s="C" t="C.3" l="C"/>
		<a id="2" s="C" t="C.3" l="C"/>
		<a id="3" s="C" t="C.3" l="C"/>
		<a id="4" s="C" t="C.3" l="C"/>
		<a id="5" s="N" t="N.am" l="N"/>
		<a id="6" s="C" t="C.2" l="C"/>
		<a id="7" s="O" t="O.2" l="O"/>
		<a id="8" s="C" t="C.3" l="C"/>
		<a id="9" s="C" t="C.3" l="C"/>
		<a id="10" s="N" t="N.am" l="N"/>
		<a id="11" s="C" t="C.2" l="C"/>
		<a id="12" s="O" t="O.2" l="O"/>
		<a id="13" s="O" t="O.3" l="O"/>
		<a id="14" s="C" t="C.3" l="C"/>
		<a id="15" s="C" t="C.3" l="C"/>
		<a id="16" s="C" t="C.3" l="C"/>
		<a id="17" s="C" t="C.3" l="C"/>
		<a id="18" s="C" t="C.3" l="C"/>
		<a id="19" s="C" t="C.3" l="C"/>
		<a id="20" s="C" t="C.3" l="C"/>
		<a id="21" s="N" t="N.3" l="N"/>
		<a id="22" s="H" t="H" l="H"/>
		<a id="23" s="H" t="H" l="H"/>
		<a id="24" s="H" t="H" l="H"/>
		<a id="25" s="H" t="H" l="H"/>
		<a id="26" s="H" t="H" l="H"/>
		<a id="27" s="H" t="H" l="H"/>
		<a id="28" s="H" t="H" l="H"/>
		<a id="29" s="H" t="H" l="H"/>
		<a id="30" s="H" t="H" l="H"/>
		<a id="31" s="H" t="H" l="H"/>
		<a id="32" s="H" t="H" l="H"/>
		<a id="33" s="H" t="H" l="H"/>
		<a id="34" s="H" t="H" l="H"/>
		<a id="35" s="H" t="H" l="H"/>
		<a id="36" s="H" t="H" l="H"/>
		<a id="37" s="H" t="H" l="H"/>
		<a id="38" s="H" t="H" l="H"/>
		<a id="39" s="H" t="H" l="H"/>
		<a id="40" s="H" t="H" l="H"/>
		<a id="41" s="H" t="H" l="H"/>
		<a id="42" s="H" t="H" l="H"/>
		<a id="43" s="H" t="H" l="H"/>
		<a id="44" s="H" t="H" l="H"/>
		<a id="45" s="H" t="H" l="H"/>
		<a id="46" s="H" t="H" l="H"/>
		<a id="47" s="H" t="H" l="H"/>
		<a id="48" s="H" t="H" l="H"/>
		<a id="49" s="H" t="H" l="H"/>
		<a id="50" s="H" t="H" l="H"/>
	</atoms>
	<bonds>
		<b id="1" c="1 2" t="1"/>
		<b id="2" c="2 3" t="1"/>
		<b id="3" c="2 4" t="1"/>
		<b id="4" c="4 5" t="1"/>
		<b id="5" c="5 6" t="am"/>
		<b id="6" c="6 7" t="2"/>
		<b id="7" c="6 8" t="1"/>
		<b id="8" c="8 9" t="1"/>
		<b id="9" c="9 10" t="1"/>
		<b id="10" c="10 11" t="am"/>
		<b id="11" c="11 12" t="2"/>
		<b id="12" c="11 13" t="1"/>
		<b id="13" c="13 14" t="1"/>
		<b id="14" c="14 15" t="1"/>
		<b id="15" c="14 16" t="1"/>
		<b id="16" c="14 17" t="1"/>
		<b id="17" c="10 18" t="1"/>
		<b id="18" c="18 19" t="1"/>
		<b id="19" c="19 20" t="1"/>
		<b id="20" c="8 20" t="1"/>
		<b id="21" c="20 21" t="1"/>
		<b id="22" c="1 22" t="1"/>
		<b id="23" c="1 23" t="1"/>
		<b id="24" c="1 24" t="1"/>
		<b id="25" c="2 25" t="1"/>
		<b id="26" c="3 26" t="1"/>
		<b id="27" c="3 27" t="1"/>
		<b id="28" c="3 28" t="1"/>
		<b id="29" c="4 29" t="1"/>
		<b id="30" c="4 30" t="1"/>
		<b id="31" c="5 31" t="1"/>
		<b id="32" c="8 32" t="1"/>
		<b id="33" c="9 33" t="1"/>
		<b id="34" c="9 34" t="1"/>
		<b id="35" c="15 35" t="1"/>
		<b id="36" c="15 36" t="1"/>
		<b id="37" c="15 37" t="1"/>
		<b id="38" c="16 38" t="1"/>
		<b id="39" c="16 39" t="1"/>
		<b id="40" c="16 40" t="1"/>
		<b id="41" c="17 41" t="1"/>
		<b id="42" c="17 42" t="1"/>
		<b id="43" c="17 43" t="1"/>
		<b id="44" c="18 44" t="1"/>
		<b id="45" c="18 45" t="1"/>
		<b id="46" c="19 46" t="1"/>
		<b id="47" c="19 47" t="1"/>
		<b id="48" c="20 48" t="1"/>
		<b id="49" c="21 49" t="1"/>
		<b id="50" c="21 50" t="1"/>
	</bonds>
	<geometry>
		<g u="A" t="cart/3d">#50,3:3.2035,0.7633,1.2486;2.8201,-0.6945,1.4876;1.3368,-0.8112,1.8241;3.1447,-1.5616,0.2618;4.5620,-1.6073,-0.0246;5.3527,-2.5209,0.5672;4.9126,-3.3690,1.3199;6.8561,-2.4531,0.2715;7.2947,-1.5072,-0.8493;6.8450,-1.9777,-2.1399;6.0353,-1.3058,-2.9884;5.7189,-1.7223,-4.0785;5.6356,-0.1244,-2.4563;4.8508,0.8001,-3.2517;3.5008,0.1813,-3.6109;4.6596,2.0078,-2.3325;5.6205,1.2058,-4.5074;7.3040,-3.3061,-2.4831;6.8649,-4.3085,-1.4174;7.3445,-3.8889,-0.0145;8.7783,-3.9822,0.1969;2.9940,1.3590,2.1339;2.6289,1.1749,0.4200;4.2641,0.8540,1.0238;3.4063,-1.0834,2.3260;0.7285,-0.4603,0.9924;1.0989,-0.2121,2.6997;1.0726,-1.8447,2.0331;2.6200,-1.1836,-0.6190;2.8197,-2.5866,0.4601;4.9350,-0.9166,-0.6556;7.3345,-2.1308,1.2027;8.3925,-1.4789,-0.8580;6.9456,-0.4888,-0.6824;2.9718,-0.1204,-2.7091;3.6459,-0.6911,-4.2416;2.8967,0.9089,-4.1455;4.1286,1.7167,-1.4303;4.0873,2.7744,-2.8459;5.6251,2.4191,-2.0487;5.7583,0.3462,-5.1573;6.5965,1.6031,-4.2358;5.0656,1.9698,-5.0444;8.3984,-3.2924,-2.5716;6.8828,-3.5622,-3.4563;7.2588,-5.2963,-1.6657;5.7756,-4.3691,-1.4073;6.8732,-4.5406,0.7294;9.2892,-3.5120,-0.5421;9.0691,-4.9526,0.2018;</g>
	</geometry>
	<conformers/>
	<properties/>
</molecule>
