<?xml version="1.0" ?>
<!--MOLLI PACKAGE EXPERIMENTAL XML FORMAT-->
<molecule name="nuc182">
	<atoms>
		<a id="1" s="N" t="N.pl3" l="N"/>
		<a id="2" s="C" t="C.ar" l="C"/>
		<a id="3" s="C" t="C.ar" l="C"/>
		<a id="4" s="C" t="C.ar" l="C"/>
		<a id="5" s="C" t="C.ar" l="C"/>
		<a id="6" s="C" t="C.ar" l="C"/>
		<a id="7" s="C" t="C.ar" l="C"/>
		<a id="8" s="C" t="C.3" l="C"/>
		<a id="9" s="C" t="C.3" l="C"/>
		<a id="10" s="N" t="N.pl3" l="N"/>
		<a id="11" s="S" t="S.O2" l="S"/>
		<a id="12" s="O" t="O.2" l="O"/>
		<a id="13" s="O" t="O.2" l="O"/>
		<a id="14" s="C" t="C.ar" l="C"/>
		<a id="15" s="C" t="C.ar" l="C"/>
		<a id="16" s="C" t="C.ar" l="C"/>
		<a id="17" s="C" t="C.ar" l="C"/>
		<a id="18" s="C" t="C.3" l="C"/>
		<a id="19" s="F" t="F" l="F"/>
		<a id="20" s="F" t="F" l="F"/>
		<a id="21" s="F" t="F" l="F"/>
		<a id="22" s="C" t="C.ar" l="C"/>
		<a id="23" s="C" t="C.ar" l="C"/>
		<a id="24" s="H" t="H" l="H"/>
		<a id="25" s="H" t="H" l="H"/>
		<a id="26" s="H" t="H" l="H"/>
		<a id="27" s="H" t="H" l="H"/>
		<a id="28" s="H" t="H" l="H"/>
		<a id="29" s="H" t="H" l="H"/>
		<a id="30" s="H" t="H" l="H"/>
		<a id="31" s="H" t="H" l="H"/>
		<a id="32" s="H" t="H" l="H"/>
		<a id="33" s="H" t="H" l="H"/>
		<a id="34" s="H" t="H" l="H"/>
		<a id="35" s="H" t="H" l="H"/>
		<a id="36" s="H" t="H" l="H"/>
	</atoms>
	<bonds>
		<b id="1" c="1 2" t="1"/>
		<b id="2" c="2 3" t="ar"/>
		<b id="3" c="3 4" t="ar"/>
		<b id="4" c="4 5" t="ar"/>
		<b id="5" c="5 6" t="ar"/>
		<b id="6" c="6 7" t="ar"/>
		<b id="7" c="2 7" t="ar"/>
		<b id="8" c="6 8" t="1"/>
		<b id="9" c="8 9" t="1"/>
		<b id="10" c="9 10" t="1"/>
		<b id="11" c="5 10" t="1"/>
		<b id="12" c="10 11" t="1"/>
		<b id="13" c="11 12" t="2"/>
		<b id="14" c="11 13" t="2"/>
		<b id="15" c="11 14" t="1"/>
		<b id="16" c="14 15" t="ar"/>
		<b id="17" c="15 16" t="ar"/>
		<b id="18" c="16 17" t="ar"/>
		<b id="19" c="17 18" t="1"/>
		<b id="20" c="18 19" t="1"/>
		<b id="21" c="18 20" t="1"/>
		<b id="22" c="18 21" t="1"/>
		<b id="23" c="17 22" t="ar"/>
		<b id="24" c="22 23" t="ar"/>
		<b id="25" c="14 23" t="ar"/>
		<b id="26" c="1 24" t="1"/>
		<b id="27" c="1 25" t="1"/>
		<b id="28" c="3 26" t="1"/>
		<b id="29" c="4 27" t="1"/>
		<b id="30" c="7 28" t="1"/>
		<b id="31" c="8 29" t="1"/>
		<b id="32" c="8 30" t="1"/>
		<b id="33" c="9 31" t="1"/>
		<b id="34" c="9 32" t="1"/>
		<b id="35" c="15 33" t="1"/>
		<b id="36" c="16 34" t="1"/>
		<b id="37" c="22 35" t="1"/>
		<b id="38" c="23 36" t="1"/>
	</bonds>
	<geometry>
		<g u="A" t="cart/3d">#36,3:1.9943,-0.5952,1.3518;3.2009,-0.3311,0.7375;3.7583,-1.2556,-0.1495;5.0030,-1.0510,-0.7218;5.6892,0.1008,-0.3919;5.1481,1.0365,0.4894;3.9120,0.8330,1.0558;6.1193,2.1696,0.6666;7.1475,1.8862,-0.4449;6.9664,0.4917,-0.8431;8.2133,-0.5477,-0.4254;7.9032,-1.8439,-0.9377;9.4425,0.0812,-0.8012;8.1055,-0.5762,1.3730;7.0991,-1.3110,1.9718;6.9072,-1.2109,3.3397;7.7391,-0.3841,4.0839;7.5211,-0.2193,5.5634;6.7534,-1.1774,6.0965;8.6697,-0.2153,6.2566;6.9131,0.9515,5.8446;8.7663,0.3345,3.4803;8.9426,0.2396,2.1112;1.3990,-1.2684,0.8979;1.5102,0.1934,1.7483;3.2007,-2.1482,-0.3913;5.4385,-1.7708,-1.3950;3.4893,1.5541,1.7399;6.5681,2.1338,1.6635;5.6507,3.1447,0.5406;8.1826,2.0396,-0.1451;6.9450,2.5069,-1.3228;6.4823,-1.9551,1.3677;6.1214,-1.7684,3.8249;9.4121,0.9585,4.0790;9.7268,0.7786,1.6037;</g>
	</geometry>
	<conformers/>
	<properties/>
</molecule>
