<?xml version="1.0" ?>
<!--MOLLI PACKAGE EXPERIMENTAL XML FORMAT-->
<molecule name="nuc184">
	<atoms>
		<a id="1" s="C" t="C.3" l="C"/>
		<a id="2" s="S" t="S.O2" l="S"/>
		<a id="3" s="O" t="O.2" l="O"/>
		<a id="4" s="O" t="O.2" l="O"/>
		<a id="5" s="C" t="C.3" l="C"/>
		<a id="6" s="C" t="C.ar" l="C"/>
		<a id="7" s="C" t="C.ar" l="C"/>
		<a id="8" s="C" t="C.ar" l="C"/>
		<a id="9" s="C" t="C.ar" l="C"/>
		<a id="10" s="C" t="C.ar" l="C"/>
		<a id="11" s="N" t="N.pl3" l="N"/>
		<a id="12" s="C" t="C.ar" l="C"/>
		<a id="13" s="H" t="H" l="H"/>
		<a id="14" s="H" t="H" l="H"/>
		<a id="15" s="H" t="H" l="H"/>
		<a id="16" s="H" t="H" l="H"/>
		<a id="17" s="H" t="H" l="H"/>
		<a id="18" s="H" t="H" l="H"/>
		<a id="19" s="H" t="H" l="H"/>
		<a id="20" s="H" t="H" l="H"/>
		<a id="21" s="H" t="H" l="H"/>
		<a id="22" s="H" t="H" l="H"/>
		<a id="23" s="H" t="H" l="H"/>
	</atoms>
	<bonds>
		<b id="1" c="1 2" t="1"/>
		<b id="2" c="2 3" t="2"/>
		<b id="3" c="2 4" t="2"/>
		<b id="4" c="2 5" t="1"/>
		<b id="5" c="5 6" t="1"/>
		<b id="6" c="6 7" t="ar"/>
		<b id="7" c="7 8" t="ar"/>
		<b id="8" c="8 9" t="ar"/>
		<b id="9" c="9 10" t="ar"/>
		<b id="10" c="10 11" t="1"/>
		<b id="11" c="10 12" t="ar"/>
		<b id="12" c="6 12" t="ar"/>
		<b id="13" c="1 13" t="1"/>
		<b id="14" c="1 14" t="1"/>
		<b id="15" c="1 15" t="1"/>
		<b id="16" c="5 16" t="1"/>
		<b id="17" c="5 17" t="1"/>
		<b id="18" c="7 18" t="1"/>
		<b id="19" c="8 19" t="1"/>
		<b id="20" c="9 20" t="1"/>
		<b id="21" c="11 21" t="1"/>
		<b id="22" c="11 22" t="1"/>
		<b id="23" c="12 23" t="1"/>
	</bonds>
	<geometry>
		<g u="A" t="cart/3d">#23,3:3.5252,1.3912,1.8990;2.7514,0.4229,0.5719;3.2638,-0.9190,0.6340;1.3256,0.5897,0.6624;3.3242,1.2242,-0.9739;4.8052,1.3316,-0.9364;5.4343,2.5619,-0.7712;6.8156,2.6215,-0.6873;7.5753,1.4708,-0.7494;6.9578,0.2273,-0.9070;7.7042,-0.9208,-1.0322;5.5674,0.1760,-1.0056;3.2487,0.9281,2.8375;3.1417,2.4009,1.8449;4.5968,1.3615,1.7557;2.8203,2.1849,-1.0156;2.9661,0.5762,-1.7702;4.8477,3.4667,-0.7180;7.3041,3.5769,-0.5676;8.6518,1.5236,-0.6797;8.6498,-0.8905,-0.6889;7.2191,-1.7889,-0.8748;5.0755,-0.7784,-1.1125;</g>
	</geometry>
	<conformers/>
	<properties/>
</molecule>
