<?xml version="1.0" ?>
<!--MOLLI PACKAGE EXPERIMENTAL XML FORMAT-->
<molecule name="nuc186">
	<atoms>
		<a id="1" s="N" t="N.1" l="N"/>
		<a id="2" s="C" t="C.1" l="C"/>
		<a id="3" s="C" t="C.ar" l="C"/>
		<a id="4" s="C" t="C.ar" l="C"/>
		<a id="5" s="C" t="C.ar" l="C"/>
		<a id="6" s="C" t="C.ar" l="C"/>
		<a id="7" s="N" t="N.pl3" l="N"/>
		<a id="8" s="C" t="C.ar" l="C"/>
		<a id="9" s="C" t="C.ar" l="C"/>
		<a id="10" s="H" t="H" l="H"/>
		<a id="11" s="H" t="H" l="H"/>
		<a id="12" s="H" t="H" l="H"/>
		<a id="13" s="H" t="H" l="H"/>
		<a id="14" s="H" t="H" l="H"/>
		<a id="15" s="H" t="H" l="H"/>
	</atoms>
	<bonds>
		<b id="1" c="1 2" t="3"/>
		<b id="2" c="2 3" t="1"/>
		<b id="3" c="3 4" t="ar"/>
		<b id="4" c="4 5" t="ar"/>
		<b id="5" c="5 6" t="ar"/>
		<b id="6" c="6 7" t="1"/>
		<b id="7" c="6 8" t="ar"/>
		<b id="8" c="8 9" t="ar"/>
		<b id="9" c="3 9" t="ar"/>
		<b id="10" c="4 10" t="1"/>
		<b id="11" c="5 11" t="1"/>
		<b id="12" c="7 12" t="1"/>
		<b id="13" c="7 13" t="1"/>
		<b id="14" c="8 14" t="1"/>
		<b id="15" c="9 15" t="1"/>
	</bonds>
	<geometry>
		<g u="A" t="cart/3d">#15,3:1.2906,-0.0305,0.2225;2.4324,-0.0162,0.1055;3.8336,0.0014,-0.0425;4.5180,1.2171,-0.1203;5.8851,1.2322,-0.2706;6.6083,0.0363,-0.3456;7.9739,0.0536,-0.4333;5.9159,-1.1774,-0.2665;4.5488,-1.1967,-0.1163;3.9652,2.1433,-0.0646;6.4136,2.1726,-0.3311;8.4186,0.9126,-0.7079;8.4405,-0.7946,-0.7050;6.4683,-2.1043,-0.3238;4.0198,-2.1365,-0.0575;</g>
	</geometry>
	<conformers/>
	<properties/>
</molecule>
