<?xml version="1.0" ?>
<!--MOLLI PACKAGE EXPERIMENTAL XML FORMAT-->
<molecule name="nuc187">
	<atoms>
		<a id="1" s="C" t="C.3" l="C"/>
		<a id="2" s="C" t="C.3" l="C"/>
		<a id="3" s="C" t="C.3" l="C"/>
		<a id="4" s="C" t="C.3" l="C"/>
		<a id="5" s="S" t="S.O" l="S"/>
		<a id="6" s="N" t="N.3" l="N"/>
		<a id="7" s="O" t="O.2" l="O"/>
		<a id="8" s="H" t="H" l="H"/>
		<a id="9" s="H" t="H" l="H"/>
		<a id="10" s="H" t="H" l="H"/>
		<a id="11" s="H" t="H" l="H"/>
		<a id="12" s="H" t="H" l="H"/>
		<a id="13" s="H" t="H" l="H"/>
		<a id="14" s="H" t="H" l="H"/>
		<a id="15" s="H" t="H" l="H"/>
		<a id="16" s="H" t="H" l="H"/>
		<a id="17" s="H" t="H" l="H"/>
		<a id="18" s="H" t="H" l="H"/>
	</atoms>
	<bonds>
		<b id="1" c="1 2" t="1"/>
		<b id="2" c="2 3" t="1"/>
		<b id="3" c="2 4" t="1"/>
		<b id="4" c="2 5" t="1"/>
		<b id="5" c="5 6" t="1"/>
		<b id="6" c="5 7" t="2"/>
		<b id="7" c="1 8" t="1"/>
		<b id="8" c="1 9" t="1"/>
		<b id="9" c="1 10" t="1"/>
		<b id="10" c="3 11" t="1"/>
		<b id="11" c="3 12" t="1"/>
		<b id="12" c="3 13" t="1"/>
		<b id="13" c="4 14" t="1"/>
		<b id="14" c="4 15" t="1"/>
		<b id="15" c="4 16" t="1"/>
		<b id="16" c="6 17" t="1"/>
		<b id="17" c="6 18" t="1"/>
	</bonds>
	<geometry>
		<g u="A" t="cart/3d">#18,3:0.8859,0.0557,0.0694;2.4032,0.0532,0.0622;2.9880,-0.9273,-0.9334;2.9744,1.4513,-0.1197;2.9568,-0.4650,1.7795;2.2609,-2.0577,1.7251;4.3950,-0.6711,1.6707;0.5009,0.3953,-0.8908;0.5089,0.7210,0.8443;0.5094,-0.9470,0.2559;2.8161,-0.5915,-1.9549;2.5386,-1.9093,-0.8054;4.0611,-1.0111,-0.7696;2.7260,1.8457,-1.1040;4.0579,1.4236,-0.0210;2.5777,2.1296,0.6344;1.5522,-2.1665,2.4388;2.9982,-2.7355,1.8716;</g>
	</geometry>
	<conformers/>
	<properties/>
</molecule>
