<?xml version="1.0" ?>
<!--MOLLI PACKAGE EXPERIMENTAL XML FORMAT-->
<molecule name="nuc189">
	<atoms>
		<a id="1" s="C" t="C.3" l="C"/>
		<a id="2" s="O" t="O.3" l="O"/>
		<a id="3" s="C" t="C.ar" l="C"/>
		<a id="4" s="N" t="N.ar" l="N"/>
		<a id="5" s="C" t="C.ar" l="C"/>
		<a id="6" s="N" t="N.ar" l="N"/>
		<a id="7" s="C" t="C.ar" l="C"/>
		<a id="8" s="C" t="C.ar" l="C"/>
		<a id="9" s="C" t="C.3" l="C"/>
		<a id="10" s="N" t="N.3" l="N"/>
		<a id="11" s="H" t="H" l="H"/>
		<a id="12" s="H" t="H" l="H"/>
		<a id="13" s="H" t="H" l="H"/>
		<a id="14" s="H" t="H" l="H"/>
		<a id="15" s="H" t="H" l="H"/>
		<a id="16" s="H" t="H" l="H"/>
		<a id="17" s="H" t="H" l="H"/>
		<a id="18" s="H" t="H" l="H"/>
		<a id="19" s="H" t="H" l="H"/>
	</atoms>
	<bonds>
		<b id="1" c="1 2" t="1"/>
		<b id="2" c="2 3" t="1"/>
		<b id="3" c="3 4" t="ar"/>
		<b id="4" c="4 5" t="ar"/>
		<b id="5" c="5 6" t="ar"/>
		<b id="6" c="6 7" t="ar"/>
		<b id="7" c="7 8" t="ar"/>
		<b id="8" c="3 8" t="ar"/>
		<b id="9" c="8 9" t="1"/>
		<b id="10" c="9 10" t="1"/>
		<b id="11" c="1 11" t="1"/>
		<b id="12" c="1 12" t="1"/>
		<b id="13" c="1 13" t="1"/>
		<b id="14" c="5 14" t="1"/>
		<b id="15" c="7 15" t="1"/>
		<b id="16" c="9 16" t="1"/>
		<b id="17" c="9 17" t="1"/>
		<b id="18" c="10 18" t="1"/>
		<b id="19" c="10 19" t="1"/>
	</bonds>
	<geometry>
		<g u="A" t="cart/3d">#19,3:2.5329,0.0290,-1.3809;2.1389,0.0236,-0.0195;2.9009,0.7365,0.8177;3.9481,1.3940,0.3433;4.6637,2.0894,1.2141;4.4408,2.1940,2.5030;3.3910,1.5292,2.9808;2.5619,0.7621,2.1852;1.3764,0.0046,2.7067;1.4653,-0.1824,4.1447;3.5229,-0.4163,-1.4958;2.5622,1.0491,-1.7673;1.7860,-0.5589,-1.9091;5.5151,2.6226,0.8117;3.2063,1.6158,4.0421;1.2910,-0.9357,2.1350;0.4723,0.5895,2.5010;2.2575,-0.7738,4.3736;0.6273,-0.6343,4.4909;</g>
	</geometry>
	<conformers/>
	<properties/>
</molecule>
