<?xml version="1.0" ?>
<!--MOLLI PACKAGE EXPERIMENTAL XML FORMAT-->
<molecule name="nuc191">
	<atoms>
		<a id="1" s="C" t="C.3" l="C"/>
		<a id="2" s="C" t="C.3" l="C"/>
		<a id="3" s="C" t="C.3" l="C"/>
		<a id="4" s="C" t="C.3" l="C"/>
		<a id="5" s="O" t="O.3" l="O"/>
		<a id="6" s="C" t="C.ar" l="C"/>
		<a id="7" s="N" t="N.ar" l="N"/>
		<a id="8" s="C" t="C.ar" l="C"/>
		<a id="9" s="N" t="N.ar" l="N"/>
		<a id="10" s="C" t="C.ar" l="C"/>
		<a id="11" s="C" t="C.ar" l="C"/>
		<a id="12" s="C" t="C.3" l="C"/>
		<a id="13" s="N" t="N.3" l="N"/>
		<a id="14" s="H" t="H" l="H"/>
		<a id="15" s="H" t="H" l="H"/>
		<a id="16" s="H" t="H" l="H"/>
		<a id="17" s="H" t="H" l="H"/>
		<a id="18" s="H" t="H" l="H"/>
		<a id="19" s="H" t="H" l="H"/>
		<a id="20" s="H" t="H" l="H"/>
		<a id="21" s="H" t="H" l="H"/>
		<a id="22" s="H" t="H" l="H"/>
		<a id="23" s="H" t="H" l="H"/>
		<a id="24" s="H" t="H" l="H"/>
		<a id="25" s="H" t="H" l="H"/>
		<a id="26" s="H" t="H" l="H"/>
		<a id="27" s="H" t="H" l="H"/>
		<a id="28" s="H" t="H" l="H"/>
	</atoms>
	<bonds>
		<b id="1" c="1 2" t="1"/>
		<b id="2" c="2 3" t="1"/>
		<b id="3" c="2 4" t="1"/>
		<b id="4" c="2 5" t="1"/>
		<b id="5" c="5 6" t="1"/>
		<b id="6" c="6 7" t="ar"/>
		<b id="7" c="7 8" t="ar"/>
		<b id="8" c="8 9" t="ar"/>
		<b id="9" c="9 10" t="ar"/>
		<b id="10" c="10 11" t="ar"/>
		<b id="11" c="6 11" t="ar"/>
		<b id="12" c="11 12" t="1"/>
		<b id="13" c="12 13" t="1"/>
		<b id="14" c="1 14" t="1"/>
		<b id="15" c="1 15" t="1"/>
		<b id="16" c="1 16" t="1"/>
		<b id="17" c="3 17" t="1"/>
		<b id="18" c="3 18" t="1"/>
		<b id="19" c="3 19" t="1"/>
		<b id="20" c="4 20" t="1"/>
		<b id="21" c="4 21" t="1"/>
		<b id="22" c="4 22" t="1"/>
		<b id="23" c="8 23" t="1"/>
		<b id="24" c="10 24" t="1"/>
		<b id="25" c="12 25" t="1"/>
		<b id="26" c="12 26" t="1"/>
		<b id="27" c="13 27" t="1"/>
		<b id="28" c="13 28" t="1"/>
	</bonds>
	<geometry>
		<g u="A" t="cart/3d">#28,3:2.2255,2.7231,2.7616;2.0815,1.5781,1.7602;1.9770,0.2304,2.4727;0.8599,1.8041,0.8662;3.1876,1.5712,0.8300;4.4448,1.3919,1.2254;4.7601,1.2367,2.5041;6.0391,1.0697,2.7970;7.0415,1.0375,1.9511;6.7296,1.1887,0.6659;5.4375,1.3674,0.2186;5.0766,1.5326,-1.2281;4.5832,2.8827,-1.4690;1.3335,2.7796,3.3791;2.3501,3.6676,2.2361;3.0896,2.5580,3.3982;1.0732,0.2045,3.0744;2.8380,0.0800,3.1174;1.9369,-0.5754,1.7427;-0.0449,1.8101,1.4662;0.7876,1.0123,0.1249;0.9447,2.7563,0.3482;6.2724,0.9462,3.8469;7.5597,1.1585,-0.0282;4.3397,0.7525,-1.4902;5.9688,1.3853,-1.8433;3.7619,3.0441,-0.8955;4.3073,2.9818,-2.4403;</g>
	</geometry>
	<conformers/>
	<properties/>
</molecule>
