<?xml version="1.0" ?>
<!--MOLLI PACKAGE EXPERIMENTAL XML FORMAT-->
<molecule name="nuc193">
	<atoms>
		<a id="1" s="C" t="C.3" l="C"/>
		<a id="2" s="C" t="C.3" l="C"/>
		<a id="3" s="C" t="C.3" l="C"/>
		<a id="4" s="C" t="C.3" l="C"/>
		<a id="5" s="N" t="N.3" l="N"/>
		<a id="6" s="C" t="C.ar" l="C"/>
		<a id="7" s="C" t="C.ar" l="C"/>
		<a id="8" s="C" t="C.ar" l="C"/>
		<a id="9" s="C" t="C.ar" l="C"/>
		<a id="10" s="F" t="F" l="F"/>
		<a id="11" s="C" t="C.ar" l="C"/>
		<a id="12" s="C" t="C.ar" l="C"/>
		<a id="13" s="H" t="H" l="H"/>
		<a id="14" s="H" t="H" l="H"/>
		<a id="15" s="H" t="H" l="H"/>
		<a id="16" s="H" t="H" l="H"/>
		<a id="17" s="H" t="H" l="H"/>
		<a id="18" s="H" t="H" l="H"/>
		<a id="19" s="H" t="H" l="H"/>
		<a id="20" s="H" t="H" l="H"/>
		<a id="21" s="H" t="H" l="H"/>
		<a id="22" s="H" t="H" l="H"/>
		<a id="23" s="H" t="H" l="H"/>
		<a id="24" s="H" t="H" l="H"/>
		<a id="25" s="H" t="H" l="H"/>
		<a id="26" s="H" t="H" l="H"/>
	</atoms>
	<bonds>
		<b id="1" c="1 2" t="1"/>
		<b id="2" c="2 3" t="1"/>
		<b id="3" c="2 4" t="1"/>
		<b id="4" c="4 5" t="1"/>
		<b id="5" c="2 6" t="1"/>
		<b id="6" c="6 7" t="ar"/>
		<b id="7" c="7 8" t="ar"/>
		<b id="8" c="8 9" t="ar"/>
		<b id="9" c="9 10" t="1"/>
		<b id="10" c="9 11" t="ar"/>
		<b id="11" c="11 12" t="ar"/>
		<b id="12" c="6 12" t="ar"/>
		<b id="13" c="1 13" t="1"/>
		<b id="14" c="1 14" t="1"/>
		<b id="15" c="1 15" t="1"/>
		<b id="16" c="3 16" t="1"/>
		<b id="17" c="3 17" t="1"/>
		<b id="18" c="3 18" t="1"/>
		<b id="19" c="4 19" t="1"/>
		<b id="20" c="4 20" t="1"/>
		<b id="21" c="5 21" t="1"/>
		<b id="22" c="5 22" t="1"/>
		<b id="23" c="7 23" t="1"/>
		<b id="24" c="8 24" t="1"/>
		<b id="25" c="11 25" t="1"/>
		<b id="26" c="12 26" t="1"/>
	</bonds>
	<geometry>
		<g u="A" t="cart/3d">#26,3:0.9937,0.0998,-0.0515;2.5237,0.0638,-0.1477;3.0027,1.4601,-0.5558;3.1222,-0.3008,1.2319;2.6849,0.6213,2.2681;2.9575,-1.0095,-1.1343;3.7936,-0.7458,-2.2135;4.1788,-1.7443,-3.0922;3.7232,-3.0303,-2.8858;4.0949,-4.0113,-3.7376;2.8960,-3.3343,-1.8213;2.5234,-2.3223,-0.9579;0.7008,0.8264,0.7010;0.5883,-0.8646,0.2370;0.5654,0.3821,-1.0106;2.5921,2.1975,0.1289;2.6534,1.7070,-1.5555;4.0883,1.5308,-0.5292;4.2203,-0.3509,1.1287;2.7736,-1.2953,1.5178;3.1435,1.5192,2.1627;2.9321,0.2582,3.1814;4.1638,0.2498,-2.3925;4.8255,-1.5308,-3.9288;2.5540,-4.3473,-1.6781;1.8784,-2.5727,-0.1301;</g>
	</geometry>
	<conformers/>
	<properties/>
</molecule>
