<?xml version="1.0" ?>
<!--MOLLI PACKAGE EXPERIMENTAL XML FORMAT-->
<molecule name="nuc195">
	<atoms>
		<a id="1" s="C" t="C.3" l="C"/>
		<a id="2" s="C" t="C.3" l="C"/>
		<a id="3" s="C" t="C.ar" l="C"/>
		<a id="4" s="C" t="C.ar" l="C"/>
		<a id="5" s="C" t="C.ar" l="C"/>
		<a id="6" s="C" t="C.ar" l="C"/>
		<a id="7" s="F" t="F" l="F"/>
		<a id="8" s="C" t="C.ar" l="C"/>
		<a id="9" s="N" t="N.pl3" l="N"/>
		<a id="10" s="C" t="C.ar" l="C"/>
		<a id="11" s="H" t="H" l="H"/>
		<a id="12" s="H" t="H" l="H"/>
		<a id="13" s="H" t="H" l="H"/>
		<a id="14" s="H" t="H" l="H"/>
		<a id="15" s="H" t="H" l="H"/>
		<a id="16" s="H" t="H" l="H"/>
		<a id="17" s="H" t="H" l="H"/>
		<a id="18" s="H" t="H" l="H"/>
		<a id="19" s="H" t="H" l="H"/>
		<a id="20" s="H" t="H" l="H"/>
	</atoms>
	<bonds>
		<b id="1" c="1 2" t="1"/>
		<b id="2" c="2 3" t="1"/>
		<b id="3" c="3 4" t="ar"/>
		<b id="4" c="4 5" t="ar"/>
		<b id="5" c="5 6" t="ar"/>
		<b id="6" c="6 7" t="1"/>
		<b id="7" c="6 8" t="ar"/>
		<b id="8" c="8 9" t="1"/>
		<b id="9" c="8 10" t="ar"/>
		<b id="10" c="3 10" t="ar"/>
		<b id="11" c="1 11" t="1"/>
		<b id="12" c="1 12" t="1"/>
		<b id="13" c="1 13" t="1"/>
		<b id="14" c="2 14" t="1"/>
		<b id="15" c="2 15" t="1"/>
		<b id="16" c="4 16" t="1"/>
		<b id="17" c="5 17" t="1"/>
		<b id="18" c="9 18" t="1"/>
		<b id="19" c="9 19" t="1"/>
		<b id="20" c="10 20" t="1"/>
	</bonds>
	<geometry>
		<g u="A" t="cart/3d">#20,3:2.1151,0.5731,1.3172;2.4209,0.0408,-0.0837;2.9481,-1.3644,-0.0084;4.3077,-1.5974,0.1560;4.7869,-2.8917,0.2639;3.9001,-3.9429,0.2125;4.3695,-5.2195,0.3015;2.5251,-3.7548,0.0534;1.6582,-4.8230,0.0781;2.0753,-2.4401,-0.0574;1.7395,1.5924,1.2643;3.0144,0.5647,1.9287;1.3669,-0.0493,1.8029;3.1607,0.6870,-0.5603;1.5097,0.0644,-0.6847;4.9960,-0.7673,0.1944;5.8395,-3.0941,0.3841;2.0658,-5.7299,-0.0822;0.7478,-4.6801,-0.3244;1.0161,-2.2666,-0.1850;</g>
	</geometry>
	<conformers/>
	<properties/>
</molecule>
