<?xml version="1.0" ?>
<!--MOLLI PACKAGE EXPERIMENTAL XML FORMAT-->
<molecule name="nuc196">
	<atoms>
		<a id="1" s="C" t="C.3" l="C"/>
		<a id="2" s="C" t="C.3" l="C"/>
		<a id="3" s="C" t="C.3" l="C"/>
		<a id="4" s="N" t="N.pl3" l="N"/>
		<a id="5" s="C" t="C.ar" l="C"/>
		<a id="6" s="C" t="C.ar" l="C"/>
		<a id="7" s="C" t="C.ar" l="C"/>
		<a id="8" s="N" t="N.pl3" l="N"/>
		<a id="9" s="C" t="C.ar" l="C"/>
		<a id="10" s="F" t="F" l="F"/>
		<a id="11" s="C" t="C.ar" l="C"/>
		<a id="12" s="N" t="N.ar" l="N"/>
		<a id="13" s="H" t="H" l="H"/>
		<a id="14" s="H" t="H" l="H"/>
		<a id="15" s="H" t="H" l="H"/>
		<a id="16" s="H" t="H" l="H"/>
		<a id="17" s="H" t="H" l="H"/>
		<a id="18" s="H" t="H" l="H"/>
		<a id="19" s="H" t="H" l="H"/>
		<a id="20" s="H" t="H" l="H"/>
		<a id="21" s="H" t="H" l="H"/>
		<a id="22" s="H" t="H" l="H"/>
		<a id="23" s="H" t="H" l="H"/>
		<a id="24" s="H" t="H" l="H"/>
	</atoms>
	<bonds>
		<b id="1" c="1 2" t="1"/>
		<b id="2" c="2 3" t="1"/>
		<b id="3" c="2 4" t="1"/>
		<b id="4" c="4 5" t="1"/>
		<b id="5" c="5 6" t="ar"/>
		<b id="6" c="6 7" t="ar"/>
		<b id="7" c="7 8" t="1"/>
		<b id="8" c="7 9" t="ar"/>
		<b id="9" c="9 10" t="1"/>
		<b id="10" c="9 11" t="ar"/>
		<b id="11" c="11 12" t="ar"/>
		<b id="12" c="5 12" t="ar"/>
		<b id="13" c="1 13" t="1"/>
		<b id="14" c="1 14" t="1"/>
		<b id="15" c="1 15" t="1"/>
		<b id="16" c="2 16" t="1"/>
		<b id="17" c="3 17" t="1"/>
		<b id="18" c="3 18" t="1"/>
		<b id="19" c="3 19" t="1"/>
		<b id="20" c="4 20" t="1"/>
		<b id="21" c="6 21" t="1"/>
		<b id="22" c="8 22" t="1"/>
		<b id="23" c="8 23" t="1"/>
		<b id="24" c="11 24" t="1"/>
	</bonds>
	<geometry>
		<g u="A" t="cart/3d">#24,3:1.2534,0.4824,-0.1514;2.6379,-0.1275,0.0368;2.5730,-1.4171,0.8588;3.2285,-0.3645,-1.2636;4.5741,-0.4541,-1.4443;5.0909,-0.8947,-2.6709;6.4639,-0.9288,-2.8650;7.0381,-1.2823,-4.0543;7.2521,-0.5168,-1.7763;8.6107,-0.5542,-1.8998;6.6662,-0.1045,-0.6057;5.3546,-0.0707,-0.4310;0.8203,0.7343,0.8123;0.5921,-0.2236,-0.6515;1.3163,1.3857,-0.7524;3.2995,0.5813,0.5426;1.9474,-2.1566,0.3614;2.1606,-1.2177,1.8437;3.5741,-1.8237,0.9760;2.6489,-0.8460,-1.9338;4.4257,-1.1998,-3.4654;6.4786,-1.7948,-4.7133;8.0235,-1.4858,-4.0443;7.2703,0.2060,0.2350;</g>
	</geometry>
	<conformers/>
	<properties/>
</molecule>
