<?xml version="1.0" ?>
<!--MOLLI PACKAGE EXPERIMENTAL XML FORMAT-->
<molecule name="nuc206">
	<atoms>
		<a id="1" s="N" t="N.3" l="N"/>
		<a id="2" s="C" t="C.3" l="C"/>
		<a id="3" s="C" t="C.ar" l="C"/>
		<a id="4" s="C" t="C.ar" l="C"/>
		<a id="5" s="C" t="C.ar" l="C"/>
		<a id="6" s="C" t="C.ar" l="C"/>
		<a id="7" s="C" t="C.ar" l="C"/>
		<a id="8" s="C" t="C.ar" l="C"/>
		<a id="9" s="F" t="F" l="F"/>
		<a id="10" s="H" t="H" l="H"/>
		<a id="11" s="H" t="H" l="H"/>
		<a id="12" s="H" t="H" l="H"/>
		<a id="13" s="H" t="H" l="H"/>
		<a id="14" s="H" t="H" l="H"/>
		<a id="15" s="H" t="H" l="H"/>
		<a id="16" s="H" t="H" l="H"/>
		<a id="17" s="H" t="H" l="H"/>
	</atoms>
	<bonds>
		<b id="1" c="1 2" t="1"/>
		<b id="2" c="2 3" t="1"/>
		<b id="3" c="3 4" t="ar"/>
		<b id="4" c="4 5" t="ar"/>
		<b id="5" c="5 6" t="ar"/>
		<b id="6" c="6 7" t="ar"/>
		<b id="7" c="7 8" t="ar"/>
		<b id="8" c="3 8" t="ar"/>
		<b id="9" c="8 9" t="1"/>
		<b id="10" c="1 10" t="1"/>
		<b id="11" c="1 11" t="1"/>
		<b id="12" c="2 12" t="1"/>
		<b id="13" c="2 13" t="1"/>
		<b id="14" c="4 14" t="1"/>
		<b id="15" c="5 15" t="1"/>
		<b id="16" c="6 16" t="1"/>
		<b id="17" c="7 17" t="1"/>
	</bonds>
	<geometry>
		<g u="A" t="cart/3d">#17,3:1.1003,0.4798,0.4005;2.2859,-0.2166,-0.0763;2.7679,0.3762,-1.3738;2.5405,1.7096,-1.6885;2.9878,2.2458,-2.8830;3.6765,1.4567,-3.7889;3.9203,0.1260,-3.4978;3.4643,-0.3895,-2.2997;3.7071,-1.6953,-2.0276;0.8070,0.0974,1.2923;0.3374,0.3562,-0.2573;2.1365,-1.3007,-0.2119;3.0698,-0.0871,0.6799;2.0025,2.3140,-0.9755;2.7991,3.2846,-3.1078;4.0250,1.8732,-4.7216;4.4539,-0.5149,-4.1820;</g>
	</geometry>
	<conformers/>
	<properties/>
</molecule>
