<?xml version="1.0" ?>
<!--MOLLI PACKAGE EXPERIMENTAL XML FORMAT-->
<molecule name="nuc208">
	<atoms>
		<a id="1" s="N" t="N.3" l="N"/>
		<a id="2" s="C" t="C.3" l="C"/>
		<a id="3" s="C" t="C.3" l="C"/>
		<a id="4" s="C" t="C.3" l="C"/>
		<a id="5" s="C" t="C.3" l="C"/>
		<a id="6" s="C" t="C.3" l="C"/>
		<a id="7" s="C" t="C.3" l="C"/>
		<a id="8" s="C" t="C.3" l="C"/>
		<a id="9" s="C" t="C.3" l="C"/>
		<a id="10" s="C" t="C.3" l="C"/>
		<a id="11" s="C" t="C.3" l="C"/>
		<a id="12" s="H" t="H" l="H"/>
		<a id="13" s="H" t="H" l="H"/>
		<a id="14" s="H" t="H" l="H"/>
		<a id="15" s="H" t="H" l="H"/>
		<a id="16" s="H" t="H" l="H"/>
		<a id="17" s="H" t="H" l="H"/>
		<a id="18" s="H" t="H" l="H"/>
		<a id="19" s="H" t="H" l="H"/>
		<a id="20" s="H" t="H" l="H"/>
		<a id="21" s="H" t="H" l="H"/>
		<a id="22" s="H" t="H" l="H"/>
		<a id="23" s="H" t="H" l="H"/>
		<a id="24" s="H" t="H" l="H"/>
		<a id="25" s="H" t="H" l="H"/>
		<a id="26" s="H" t="H" l="H"/>
		<a id="27" s="H" t="H" l="H"/>
		<a id="28" s="H" t="H" l="H"/>
	</atoms>
	<bonds>
		<b id="1" c="1 2" t="1"/>
		<b id="2" c="2 3" t="1"/>
		<b id="3" c="3 4" t="1"/>
		<b id="4" c="4 5" t="1"/>
		<b id="5" c="5 6" t="1"/>
		<b id="6" c="6 7" t="1"/>
		<b id="7" c="7 8" t="1"/>
		<b id="8" c="8 9" t="1"/>
		<b id="9" c="4 9" t="1"/>
		<b id="10" c="8 10" t="1"/>
		<b id="11" c="2 10" t="1"/>
		<b id="12" c="6 11" t="1"/>
		<b id="13" c="2 11" t="1"/>
		<b id="14" c="1 12" t="1"/>
		<b id="15" c="1 13" t="1"/>
		<b id="16" c="3 14" t="1"/>
		<b id="17" c="3 15" t="1"/>
		<b id="18" c="4 16" t="1"/>
		<b id="19" c="5 17" t="1"/>
		<b id="20" c="5 18" t="1"/>
		<b id="21" c="6 19" t="1"/>
		<b id="22" c="7 20" t="1"/>
		<b id="23" c="7 21" t="1"/>
		<b id="24" c="8 22" t="1"/>
		<b id="25" c="9 23" t="1"/>
		<b id="26" c="9 24" t="1"/>
		<b id="27" c="10 25" t="1"/>
		<b id="28" c="10 26" t="1"/>
		<b id="29" c="11 27" t="1"/>
		<b id="30" c="11 28" t="1"/>
	</bonds>
	<geometry>
		<g u="A" t="cart/3d">#28,3:0.9555,-0.1227,-0.0240;2.4122,-0.0776,0.0356;2.9478,0.7917,1.1858;4.4759,0.7844,1.1761;4.9811,-0.6472,1.3510;4.4597,-1.5123,0.2039;4.9654,-0.9551,-1.1258;4.4596,0.4762,-1.2988;4.9810,1.3436,-0.1534;2.9324,0.4835,-1.2909;2.9325,-1.5068,0.2132;0.5788,0.8113,-0.1477;0.5789,-0.4966,0.8409;2.5791,0.4054,2.1409;2.5791,1.8159,1.0749;4.8480,1.4065,1.9993;4.6374,-1.0496,2.3070;6.0735,-0.6562,1.3582;4.8189,-2.5402,0.3299;4.6076,-1.5772,-1.9489;6.0577,-0.9688,-1.1440;4.8187,0.8780,-2.2533;4.6372,2.3731,-0.2796;6.0734,1.3530,-0.1602;2.5410,-0.1238,-2.1084;2.5627,1.5032,-1.4257;2.5629,-1.9149,1.1573;2.5411,-2.1275,-0.5942;</g>
	</geometry>
	<conformers/>
	<properties/>
</molecule>
