<?xml version="1.0" ?>
<!--MOLLI PACKAGE EXPERIMENTAL XML FORMAT-->
<molecule name="nuc214">
	<atoms>
		<a id="1" s="C" t="C.3" l="C"/>
		<a id="2" s="C" t="C.3" l="C"/>
		<a id="3" s="C" t="C.3" l="C"/>
		<a id="4" s="C" t="C.3" l="C"/>
		<a id="5" s="O" t="O.3" l="O"/>
		<a id="6" s="C" t="C.2" l="C"/>
		<a id="7" s="O" t="O.2" l="O"/>
		<a id="8" s="N" t="N.am" l="N"/>
		<a id="9" s="C" t="C.3" l="C"/>
		<a id="10" s="C" t="C.3" l="C"/>
		<a id="11" s="C" t="C.3" l="C"/>
		<a id="12" s="C" t="C.3" l="C"/>
		<a id="13" s="O" t="O.3" l="O"/>
		<a id="14" s="C" t="C.2" l="C"/>
		<a id="15" s="N" t="N.am" l="N"/>
		<a id="16" s="O" t="O.2" l="O"/>
		<a id="17" s="C" t="C.3" l="C"/>
		<a id="18" s="C" t="C.3" l="C"/>
		<a id="19" s="H" t="H" l="H"/>
		<a id="20" s="H" t="H" l="H"/>
		<a id="21" s="H" t="H" l="H"/>
		<a id="22" s="H" t="H" l="H"/>
		<a id="23" s="H" t="H" l="H"/>
		<a id="24" s="H" t="H" l="H"/>
		<a id="25" s="H" t="H" l="H"/>
		<a id="26" s="H" t="H" l="H"/>
		<a id="27" s="H" t="H" l="H"/>
		<a id="28" s="H" t="H" l="H"/>
		<a id="29" s="H" t="H" l="H"/>
		<a id="30" s="H" t="H" l="H"/>
		<a id="31" s="H" t="H" l="H"/>
		<a id="32" s="H" t="H" l="H"/>
		<a id="33" s="H" t="H" l="H"/>
		<a id="34" s="H" t="H" l="H"/>
		<a id="35" s="H" t="H" l="H"/>
		<a id="36" s="H" t="H" l="H"/>
		<a id="37" s="H" t="H" l="H"/>
		<a id="38" s="H" t="H" l="H"/>
		<a id="39" s="H" t="H" l="H"/>
		<a id="40" s="H" t="H" l="H"/>
	</atoms>
	<bonds>
		<b id="1" c="1 2" t="1"/>
		<b id="2" c="2 3" t="1"/>
		<b id="3" c="2 4" t="1"/>
		<b id="4" c="2 5" t="1"/>
		<b id="5" c="5 6" t="1"/>
		<b id="6" c="6 7" t="2"/>
		<b id="7" c="6 8" t="am"/>
		<b id="8" c="9 10" t="1"/>
		<b id="9" c="10 11" t="1"/>
		<b id="10" c="11 12" t="1"/>
		<b id="11" c="12 13" t="1"/>
		<b id="12" c="12 14" t="1"/>
		<b id="13" c="14 15" t="am"/>
		<b id="14" c="14 16" t="2"/>
		<b id="15" c="12 17" t="1"/>
		<b id="16" c="17 18" t="1"/>
		<b id="17" c="9 18" t="1"/>
		<b id="18" c="9 8" t="1"/>
		<b id="19" c="1 19" t="1"/>
		<b id="20" c="1 20" t="1"/>
		<b id="21" c="1 21" t="1"/>
		<b id="22" c="3 22" t="1"/>
		<b id="23" c="3 23" t="1"/>
		<b id="24" c="3 24" t="1"/>
		<b id="25" c="4 25" t="1"/>
		<b id="26" c="4 26" t="1"/>
		<b id="27" c="4 27" t="1"/>
		<b id="28" c="8 28" t="1"/>
		<b id="29" c="9 29" t="1"/>
		<b id="30" c="10 30" t="1"/>
		<b id="31" c="10 31" t="1"/>
		<b id="32" c="11 32" t="1"/>
		<b id="33" c="11 33" t="1"/>
		<b id="34" c="13 34" t="1"/>
		<b id="35" c="15 35" t="1"/>
		<b id="36" c="15 36" t="1"/>
		<b id="37" c="17 37" t="1"/>
		<b id="38" c="17 38" t="1"/>
		<b id="39" c="18 39" t="1"/>
		<b id="40" c="18 40" t="1"/>
	</bonds>
	<geometry>
		<g u="A" t="cart/3d">#40,3:5.6479,2.1099,1.4238;7.0012,1.8250,0.7731;6.9686,2.1452,-0.7216;8.1063,2.6228,1.4673;7.3824,0.4445,0.9780;6.6175,-0.5534,0.4928;5.5819,-0.4334,-0.1171;7.1780,-1.7419,0.8180;6.6860,-3.0014,0.3064;7.5177,-3.4693,-0.8905;7.0001,-4.8008,-1.4227;6.9389,-5.8922,-0.3463;6.2204,-7.0205,-0.8385;8.3443,-6.3333,0.1142;8.4245,-7.6567,0.3465;9.2773,-5.5762,0.2746;6.1602,-5.3825,0.8781;6.7196,-4.0662,1.4015;5.4143,3.1673,1.3350;5.6764,1.8406,2.4775;4.8695,1.5317,0.9343;6.7657,3.2025,-0.8672;6.1912,1.5641,-1.2097;7.9274,1.9028,-1.1755;7.9185,3.6871,1.3611;9.0705,2.3854,1.0255;8.1397,2.3706,2.5238;8.0937,-1.7280,1.2386;5.6538,-2.8140,-0.0098;8.5562,-3.5861,-0.5796;7.4706,-2.7198,-1.6825;7.6410,-5.1395,-2.2423;5.9858,-4.6687,-1.8104;6.4733,-7.1689,-1.7568;7.6031,-8.2285,0.2340;9.2772,-8.0520,0.7040;6.1838,-6.1468,1.6570;5.1212,-5.2526,0.5687;7.7530,-4.2083,1.7229;6.1329,-3.7346,2.2593;</g>
	</geometry>
	<conformers/>
	<properties/>
</molecule>
