<?xml version="1.0" ?>
<!--MOLLI PACKAGE EXPERIMENTAL XML FORMAT-->
<molecule name="nuc215">
	<atoms>
		<a id="1" s="C" t="C.3" l="C"/>
		<a id="2" s="C" t="C.ar" l="C"/>
		<a id="3" s="C" t="C.ar" l="C"/>
		<a id="4" s="C" t="C.ar" l="C"/>
		<a id="5" s="C" t="C.ar" l="C"/>
		<a id="6" s="N" t="N.am" l="N"/>
		<a id="7" s="C" t="C.2" l="C"/>
		<a id="8" s="N" t="N.am" l="N"/>
		<a id="9" s="O" t="O.2" l="O"/>
		<a id="10" s="C" t="C.ar" l="C"/>
		<a id="11" s="N" t="N.ar" l="N"/>
		<a id="12" s="H" t="H" l="H"/>
		<a id="13" s="H" t="H" l="H"/>
		<a id="14" s="H" t="H" l="H"/>
		<a id="15" s="H" t="H" l="H"/>
		<a id="16" s="H" t="H" l="H"/>
		<a id="17" s="H" t="H" l="H"/>
		<a id="18" s="H" t="H" l="H"/>
		<a id="19" s="H" t="H" l="H"/>
		<a id="20" s="H" t="H" l="H"/>
	</atoms>
	<bonds>
		<b id="1" c="1 2" t="1"/>
		<b id="2" c="2 3" t="ar"/>
		<b id="3" c="3 4" t="ar"/>
		<b id="4" c="4 5" t="ar"/>
		<b id="5" c="5 6" t="1"/>
		<b id="6" c="6 7" t="am"/>
		<b id="7" c="7 8" t="am"/>
		<b id="8" c="7 9" t="2"/>
		<b id="9" c="5 10" t="ar"/>
		<b id="10" c="10 11" t="ar"/>
		<b id="11" c="2 11" t="ar"/>
		<b id="12" c="1 12" t="1"/>
		<b id="13" c="1 13" t="1"/>
		<b id="14" c="1 14" t="1"/>
		<b id="15" c="3 15" t="1"/>
		<b id="16" c="4 16" t="1"/>
		<b id="17" c="6 17" t="1"/>
		<b id="18" c="8 18" t="1"/>
		<b id="19" c="8 19" t="1"/>
		<b id="20" c="10 20" t="1"/>
	</bonds>
	<geometry>
		<g u="A" t="cart/3d">#20,3:2.4531,0.0210,0.2055;0.9669,-0.0610,0.0562;0.3412,-1.2163,-0.4077;-1.0359,-1.2493,-0.5190;-1.7697,-0.1191,-0.1532;-3.1563,-0.0402,-0.2312;-4.1263,-1.0124,-0.1100;-3.7019,-2.2462,0.2998;-5.2827,-0.7614,-0.3648;-1.0422,1.0006,0.2601;0.2693,1.0242,0.3650;2.8256,-0.8125,0.7975;2.7169,0.9566,0.6886;2.9315,-0.0185,-0.7721;0.9303,-2.0763,-0.6891;-1.5327,-2.1225,-0.9136;-3.5416,0.8834,-0.3748;-2.8553,-2.3250,0.8376;-4.4424,-2.8895,0.5272;-1.5517,1.9216,0.5158;</g>
	</geometry>
	<conformers/>
	<properties/>
</molecule>
