<?xml version="1.0" ?>
<!--MOLLI PACKAGE EXPERIMENTAL XML FORMAT-->
<molecule name="nuc225">
	<atoms>
		<a id="1" s="C" t="C.3" l="C"/>
		<a id="2" s="C" t="C.ar" l="C"/>
		<a id="3" s="C" t="C.ar" l="C"/>
		<a id="4" s="C" t="C.ar" l="C"/>
		<a id="5" s="C" t="C.ar" l="C"/>
		<a id="6" s="N" t="N.pl3" l="N"/>
		<a id="7" s="C" t="C.ar" l="C"/>
		<a id="8" s="N" t="N.ar" l="N"/>
		<a id="9" s="C" t="C.ar" l="C"/>
		<a id="10" s="C" t="C.ar" l="C"/>
		<a id="11" s="C" t="C.ar" l="C"/>
		<a id="12" s="C" t="C.ar" l="C"/>
		<a id="13" s="N" t="N.pl3" l="N"/>
		<a id="14" s="C" t="C.ar" l="C"/>
		<a id="15" s="C" t="C.ar" l="C"/>
		<a id="16" s="C" t="C.ar" l="C"/>
		<a id="17" s="C" t="C.ar" l="C"/>
		<a id="18" s="C" t="C.ar" l="C"/>
		<a id="19" s="C" t="C.ar" l="C"/>
		<a id="20" s="C" t="C.3" l="C"/>
		<a id="21" s="H" t="H" l="H"/>
		<a id="22" s="H" t="H" l="H"/>
		<a id="23" s="H" t="H" l="H"/>
		<a id="24" s="H" t="H" l="H"/>
		<a id="25" s="H" t="H" l="H"/>
		<a id="26" s="H" t="H" l="H"/>
		<a id="27" s="H" t="H" l="H"/>
		<a id="28" s="H" t="H" l="H"/>
		<a id="29" s="H" t="H" l="H"/>
		<a id="30" s="H" t="H" l="H"/>
		<a id="31" s="H" t="H" l="H"/>
		<a id="32" s="H" t="H" l="H"/>
		<a id="33" s="H" t="H" l="H"/>
		<a id="34" s="H" t="H" l="H"/>
		<a id="35" s="H" t="H" l="H"/>
		<a id="36" s="H" t="H" l="H"/>
		<a id="37" s="H" t="H" l="H"/>
	</atoms>
	<bonds>
		<b id="1" c="1 2" t="1"/>
		<b id="2" c="2 3" t="ar"/>
		<b id="3" c="3 4" t="ar"/>
		<b id="4" c="4 5" t="ar"/>
		<b id="5" c="5 6" t="1"/>
		<b id="6" c="6 7" t="1"/>
		<b id="7" c="7 8" t="ar"/>
		<b id="8" c="8 9" t="ar"/>
		<b id="9" c="9 10" t="ar"/>
		<b id="10" c="10 11" t="ar"/>
		<b id="11" c="11 12" t="ar"/>
		<b id="12" c="12 13" t="1"/>
		<b id="13" c="12 14" t="ar"/>
		<b id="14" c="14 15" t="ar"/>
		<b id="15" c="15 16" t="ar"/>
		<b id="16" c="16 17" t="ar"/>
		<b id="17" c="7 17" t="ar"/>
		<b id="18" c="11 17" t="ar"/>
		<b id="19" c="5 18" t="ar"/>
		<b id="20" c="18 19" t="ar"/>
		<b id="21" c="2 19" t="ar"/>
		<b id="22" c="19 20" t="1"/>
		<b id="23" c="1 21" t="1"/>
		<b id="24" c="1 22" t="1"/>
		<b id="25" c="1 23" t="1"/>
		<b id="26" c="3 24" t="1"/>
		<b id="27" c="4 25" t="1"/>
		<b id="28" c="6 26" t="1"/>
		<b id="29" c="9 27" t="1"/>
		<b id="30" c="10 28" t="1"/>
		<b id="31" c="13 29" t="1"/>
		<b id="32" c="13 30" t="1"/>
		<b id="33" c="14 31" t="1"/>
		<b id="34" c="15 32" t="1"/>
		<b id="35" c="16 33" t="1"/>
		<b id="36" c="18 34" t="1"/>
		<b id="37" c="20 35" t="1"/>
		<b id="38" c="20 36" t="1"/>
		<b id="39" c="20 37" t="1"/>
	</bonds>
	<geometry>
		<g u="A" t="cart/3d">#37,3:1.9591,1.3031,0.6224;0.6219,0.6820,0.3543;-0.4892,1.4755,0.1080;-1.7373,0.9367,-0.1392;-1.8973,-0.4448,-0.1458;-3.1023,-1.0888,-0.3992;-4.3686,-0.5918,-0.5009;-4.5539,0.6979,-0.3266;-5.7938,1.1919,-0.3755;-6.9073,0.4348,-0.5956;-6.7597,-0.9547,-0.8199;-7.8666,-1.8120,-1.0880;-9.1559,-1.3268,-1.0636;-7.6430,-3.1564,-1.3103;-6.3543,-3.6817,-1.2828;-5.2742,-2.8772,-1.0280;-5.4512,-1.5027,-0.7847;-0.7820,-1.2483,0.0948;0.4665,-0.7076,0.3471;1.6360,-1.6067,0.6133;1.8910,2.3875,0.5897;2.6906,0.9802,-0.1184;2.3314,1.0097,1.6039;-0.3776,2.5507,0.1092;-2.5892,1.5677,-0.3204;-3.0244,-2.0938,-0.4424;-5.8580,2.2604,-0.2149;-7.8795,0.9015,-0.5903;-9.2859,-0.3457,-1.2425;-9.8550,-1.9233,-1.4753;-8.4830,-3.8058,-1.5134;-6.2108,-4.7354,-1.4724;-4.2901,-3.3227,-1.0322;-0.8965,-2.3254,0.0880;1.3405,-2.6519,0.5657;2.0516,-1.4097,1.6012;2.4261,-1.4361,-0.1173;</g>
	</geometry>
	<conformers/>
	<properties/>
</molecule>
