<?xml version="1.0" ?>
<!--MOLLI PACKAGE EXPERIMENTAL XML FORMAT-->
<molecule name="nuc232">
	<atoms>
		<a id="1" s="C" t="C.3" l="C"/>
		<a id="2" s="C" t="C.ar" l="C"/>
		<a id="3" s="C" t="C.ar" l="C"/>
		<a id="4" s="C" t="C.ar" l="C"/>
		<a id="5" s="C" t="C.ar" l="C"/>
		<a id="6" s="C" t="C.2" l="C"/>
		<a id="7" s="O" t="O.2" l="O"/>
		<a id="8" s="N" t="N.am" l="N"/>
		<a id="9" s="C" t="C.ar" l="C"/>
		<a id="10" s="C" t="C.ar" l="C"/>
		<a id="11" s="C" t="C.ar" l="C"/>
		<a id="12" s="C" t="C.ar" l="C"/>
		<a id="13" s="C" t="C.ar" l="C"/>
		<a id="14" s="C" t="C.3" l="C"/>
		<a id="15" s="F" t="F" l="F"/>
		<a id="16" s="F" t="F" l="F"/>
		<a id="17" s="F" t="F" l="F"/>
		<a id="18" s="C" t="C.ar" l="C"/>
		<a id="19" s="C" t="C.ar" l="C"/>
		<a id="20" s="C" t="C.ar" l="C"/>
		<a id="21" s="N" t="N.pl3" l="N"/>
		<a id="22" s="H" t="H" l="H"/>
		<a id="23" s="H" t="H" l="H"/>
		<a id="24" s="H" t="H" l="H"/>
		<a id="25" s="H" t="H" l="H"/>
		<a id="26" s="H" t="H" l="H"/>
		<a id="27" s="H" t="H" l="H"/>
		<a id="28" s="H" t="H" l="H"/>
		<a id="29" s="H" t="H" l="H"/>
		<a id="30" s="H" t="H" l="H"/>
		<a id="31" s="H" t="H" l="H"/>
		<a id="32" s="H" t="H" l="H"/>
		<a id="33" s="H" t="H" l="H"/>
		<a id="34" s="H" t="H" l="H"/>
	</atoms>
	<bonds>
		<b id="1" c="1 2" t="1"/>
		<b id="2" c="2 3" t="ar"/>
		<b id="3" c="3 4" t="ar"/>
		<b id="4" c="4 5" t="ar"/>
		<b id="5" c="5 6" t="1"/>
		<b id="6" c="6 7" t="2"/>
		<b id="7" c="6 8" t="am"/>
		<b id="8" c="8 9" t="1"/>
		<b id="9" c="9 10" t="ar"/>
		<b id="10" c="10 11" t="ar"/>
		<b id="11" c="11 12" t="ar"/>
		<b id="12" c="12 13" t="ar"/>
		<b id="13" c="13 14" t="1"/>
		<b id="14" c="14 15" t="1"/>
		<b id="15" c="14 16" t="1"/>
		<b id="16" c="14 17" t="1"/>
		<b id="17" c="13 18" t="ar"/>
		<b id="18" c="9 18" t="ar"/>
		<b id="19" c="5 19" t="ar"/>
		<b id="20" c="19 20" t="ar"/>
		<b id="21" c="2 20" t="ar"/>
		<b id="22" c="20 21" t="1"/>
		<b id="23" c="1 22" t="1"/>
		<b id="24" c="1 23" t="1"/>
		<b id="25" c="1 24" t="1"/>
		<b id="26" c="3 25" t="1"/>
		<b id="27" c="4 26" t="1"/>
		<b id="28" c="8 27" t="1"/>
		<b id="29" c="10 28" t="1"/>
		<b id="30" c="11 29" t="1"/>
		<b id="31" c="12 30" t="1"/>
		<b id="32" c="18 31" t="1"/>
		<b id="33" c="19 32" t="1"/>
		<b id="34" c="21 33" t="1"/>
		<b id="35" c="21 34" t="1"/>
	</bonds>
	<geometry>
		<g u="A" t="cart/3d">#34,3:1.6053,1.6181,-0.2436;0.3941,0.7414,-0.1325;-0.8332,1.2693,0.2309;-1.9643,0.4801,0.3451;-1.8702,-0.8873,0.1014;-3.0254,-1.8141,0.2332;-2.9062,-2.9665,0.5905;-4.2256,-1.2382,-0.1122;-5.4976,-1.7935,-0.0893;-5.7674,-3.0573,0.4374;-7.0593,-3.5465,0.4386;-8.1070,-2.8028,-0.0793;-7.8364,-1.5473,-0.6031;-8.9271,-0.6923,-1.1791;-10.1297,-1.2797,-1.1768;-9.0713,0.4688,-0.5080;-8.6779,-0.3428,-2.4570;-6.5472,-1.0383,-0.6103;-0.6426,-1.4340,-0.2469;0.4930,-0.6396,-0.3797;1.7060,-1.2185,-0.6756;1.3596,2.6423,0.0232;1.9959,1.6169,-1.2627;2.3924,1.2657,0.4225;-0.9067,2.3280,0.4350;-2.8926,0.9292,0.6669;-4.1780,-0.2981,-0.4806;-4.9572,-3.6437,0.8374;-7.2546,-4.5244,0.8504;-9.1146,-3.1864,-0.0790;-6.3627,-0.0565,-1.0229;-0.5790,-2.4987,-0.4173;1.6735,-2.1594,-1.0317;2.4114,-0.6312,-1.0865;</g>
	</geometry>
	<conformers/>
	<properties/>
</molecule>
