<?xml version="1.0" ?>
<!--MOLLI PACKAGE EXPERIMENTAL XML FORMAT-->
<molecule name="nuc235">
	<atoms>
		<a id="1" s="N" t="N.3" l="N"/>
		<a id="2" s="C" t="C.3" l="C"/>
		<a id="3" s="C" t="C.3" l="C"/>
		<a id="4" s="C" t="C.3" l="C"/>
		<a id="5" s="C" t="C.3" l="C"/>
		<a id="6" s="N" t="N.am" l="N"/>
		<a id="7" s="C" t="C.2" l="C"/>
		<a id="8" s="O" t="O.2" l="O"/>
		<a id="9" s="O" t="O.3" l="O"/>
		<a id="10" s="C" t="C.3" l="C"/>
		<a id="11" s="C" t="C.ar" l="C"/>
		<a id="12" s="C" t="C.ar" l="C"/>
		<a id="13" s="C" t="C.ar" l="C"/>
		<a id="14" s="C" t="C.ar" l="C"/>
		<a id="15" s="C" t="C.ar" l="C"/>
		<a id="16" s="C" t="C.ar" l="C"/>
		<a id="17" s="C" t="C.3" l="C"/>
		<a id="18" s="H" t="H" l="H"/>
		<a id="19" s="H" t="H" l="H"/>
		<a id="20" s="H" t="H" l="H"/>
		<a id="21" s="H" t="H" l="H"/>
		<a id="22" s="H" t="H" l="H"/>
		<a id="23" s="H" t="H" l="H"/>
		<a id="24" s="H" t="H" l="H"/>
		<a id="25" s="H" t="H" l="H"/>
		<a id="26" s="H" t="H" l="H"/>
		<a id="27" s="H" t="H" l="H"/>
		<a id="28" s="H" t="H" l="H"/>
		<a id="29" s="H" t="H" l="H"/>
		<a id="30" s="H" t="H" l="H"/>
		<a id="31" s="H" t="H" l="H"/>
		<a id="32" s="H" t="H" l="H"/>
		<a id="33" s="H" t="H" l="H"/>
		<a id="34" s="H" t="H" l="H"/>
		<a id="35" s="H" t="H" l="H"/>
	</atoms>
	<bonds>
		<b id="1" c="1 2" t="1"/>
		<b id="2" c="2 3" t="1"/>
		<b id="3" c="3 4" t="1"/>
		<b id="4" c="4 5" t="1"/>
		<b id="5" c="5 6" t="1"/>
		<b id="6" c="6 7" t="am"/>
		<b id="7" c="7 8" t="2"/>
		<b id="8" c="7 9" t="1"/>
		<b id="9" c="9 10" t="1"/>
		<b id="10" c="10 11" t="1"/>
		<b id="11" c="11 12" t="ar"/>
		<b id="12" c="12 13" t="ar"/>
		<b id="13" c="13 14" t="ar"/>
		<b id="14" c="14 15" t="ar"/>
		<b id="15" c="15 16" t="ar"/>
		<b id="16" c="11 16" t="ar"/>
		<b id="17" c="6 17" t="1"/>
		<b id="18" c="2 17" t="1"/>
		<b id="19" c="1 18" t="1"/>
		<b id="20" c="1 19" t="1"/>
		<b id="21" c="2 20" t="1"/>
		<b id="22" c="3 21" t="1"/>
		<b id="23" c="3 22" t="1"/>
		<b id="24" c="4 23" t="1"/>
		<b id="25" c="4 24" t="1"/>
		<b id="26" c="5 25" t="1"/>
		<b id="27" c="5 26" t="1"/>
		<b id="28" c="10 27" t="1"/>
		<b id="29" c="10 28" t="1"/>
		<b id="30" c="12 29" t="1"/>
		<b id="31" c="13 30" t="1"/>
		<b id="32" c="14 31" t="1"/>
		<b id="33" c="15 32" t="1"/>
		<b id="34" c="16 33" t="1"/>
		<b id="35" c="17 34" t="1"/>
		<b id="36" c="17 35" t="1"/>
	</bonds>
	<geometry>
		<g u="A" t="cart/3d">#35,3:0.5305,-0.7325,-0.5769;1.8906,-0.3129,-0.2749;2.3029,0.7880,-1.2614;2.2797,0.2425,-2.6879;3.1711,-0.9958,-2.7929;2.7755,-1.9865,-1.8150;1.9308,-3.0083,-2.0912;1.4568,-3.7408,-1.2518;1.7380,-3.1659,-3.4225;0.7786,-4.1422,-3.8033;-0.5621,-3.5252,-4.1123;-1.3592,-4.0692,-5.1114;-2.6017,-3.5286,-5.3896;-3.0567,-2.4319,-4.6772;-2.2652,-1.8843,-3.6827;-1.0252,-2.4285,-3.3968;2.8324,-1.5129,-0.4510;-0.1355,-0.0205,-0.3001;0.3043,-1.5931,-0.0908;2.0058,0.0635,0.7595;3.3070,1.1350,-1.0076;1.6192,1.6345,-1.1756;2.6215,1.0031,-3.3909;1.2573,-0.0367,-2.9428;4.2131,-0.7259,-2.5856;3.1097,-1.4353,-3.7870;0.6719,-4.8668,-2.9842;1.1828,-4.6485,-4.6841;-1.0045,-4.9229,-5.6714;-3.2140,-3.9614,-6.1672;-4.0249,-2.0065,-4.8975;-2.6146,-1.0294,-3.1223;-0.4212,-1.9975,-2.6112;3.8601,-1.2184,-0.2193;2.5365,-2.3356,0.2023;</g>
	</geometry>
	<conformers/>
	<properties/>
</molecule>
