<?xml version="1.0" ?>
<!--MOLLI PACKAGE EXPERIMENTAL XML FORMAT-->
<molecule name="nuc238">
	<atoms>
		<a id="1" s="N" t="N.3" l="N"/>
		<a id="2" s="C" t="C.3" l="C"/>
		<a id="3" s="C" t="C.ar" l="C"/>
		<a id="4" s="C" t="C.ar" l="C"/>
		<a id="5" s="N" t="N.ar" l="N"/>
		<a id="6" s="C" t="C.ar" l="C"/>
		<a id="7" s="N" t="N.ar" l="N"/>
		<a id="8" s="C" t="C.ar" l="C"/>
		<a id="9" s="C" t="C.3" l="C"/>
		<a id="10" s="F" t="F" l="F"/>
		<a id="11" s="F" t="F" l="F"/>
		<a id="12" s="F" t="F" l="F"/>
		<a id="13" s="H" t="H" l="H"/>
		<a id="14" s="H" t="H" l="H"/>
		<a id="15" s="H" t="H" l="H"/>
		<a id="16" s="H" t="H" l="H"/>
		<a id="17" s="H" t="H" l="H"/>
		<a id="18" s="H" t="H" l="H"/>
	</atoms>
	<bonds>
		<b id="1" c="1 2" t="1"/>
		<b id="2" c="2 3" t="1"/>
		<b id="3" c="3 4" t="ar"/>
		<b id="4" c="4 5" t="ar"/>
		<b id="5" c="5 6" t="ar"/>
		<b id="6" c="6 7" t="ar"/>
		<b id="7" c="7 8" t="ar"/>
		<b id="8" c="3 8" t="ar"/>
		<b id="9" c="8 9" t="1"/>
		<b id="10" c="9 10" t="1"/>
		<b id="11" c="9 11" t="1"/>
		<b id="12" c="9 12" t="1"/>
		<b id="13" c="1 13" t="1"/>
		<b id="14" c="1 14" t="1"/>
		<b id="15" c="2 15" t="1"/>
		<b id="16" c="2 16" t="1"/>
		<b id="17" c="4 17" t="1"/>
		<b id="18" c="6 18" t="1"/>
	</bonds>
	<geometry>
		<g u="A" t="cart/3d">#18,3:1.7736,-0.6820,-0.9909;2.3941,-0.0875,0.1794;2.8205,1.3419,-0.0514;4.0623,1.6344,-0.6268;4.4508,2.8570,-0.9286;3.6067,3.8373,-0.6627;2.4122,3.6961,-0.1237;2.0248,2.4658,0.1744;0.6449,2.3616,0.7924;-0.1672,1.5711,0.0641;0.6869,1.8212,2.0240;0.0392,3.5377,0.9050;0.8921,-0.2333,-1.2100;2.3815,-0.6168,-1.7995;3.2783,-0.6832,0.4252;1.6894,-0.1593,1.0092;4.7670,0.8413,-0.8454;3.9167,4.8435,-0.9066;</g>
	</geometry>
	<conformers/>
	<properties/>
</molecule>
