<?xml version="1.0" ?>
<!--MOLLI PACKAGE EXPERIMENTAL XML FORMAT-->
<molecule name="nuc242">
	<atoms>
		<a id="1" s="C" t="C.3" l="C"/>
		<a id="2" s="N" t="N.3" l="N"/>
		<a id="3" s="C" t="C.3" l="C"/>
		<a id="4" s="C" t="C.3" l="C"/>
		<a id="5" s="C" t="C.ar" l="C"/>
		<a id="6" s="C" t="C.ar" l="C"/>
		<a id="7" s="C" t="C.ar" l="C"/>
		<a id="8" s="C" t="C.ar" l="C"/>
		<a id="9" s="N" t="N.pl3" l="N"/>
		<a id="10" s="C" t="C.ar" l="C"/>
		<a id="11" s="C" t="C.ar" l="C"/>
		<a id="12" s="C" t="C.3" l="C"/>
		<a id="13" s="H" t="H" l="H"/>
		<a id="14" s="H" t="H" l="H"/>
		<a id="15" s="H" t="H" l="H"/>
		<a id="16" s="H" t="H" l="H"/>
		<a id="17" s="H" t="H" l="H"/>
		<a id="18" s="H" t="H" l="H"/>
		<a id="19" s="H" t="H" l="H"/>
		<a id="20" s="H" t="H" l="H"/>
		<a id="21" s="H" t="H" l="H"/>
		<a id="22" s="H" t="H" l="H"/>
		<a id="23" s="H" t="H" l="H"/>
		<a id="24" s="H" t="H" l="H"/>
		<a id="25" s="H" t="H" l="H"/>
		<a id="26" s="H" t="H" l="H"/>
	</atoms>
	<bonds>
		<b id="1" c="1 2" t="1"/>
		<b id="2" c="2 3" t="1"/>
		<b id="3" c="3 4" t="1"/>
		<b id="4" c="4 5" t="1"/>
		<b id="5" c="5 6" t="ar"/>
		<b id="6" c="6 7" t="ar"/>
		<b id="7" c="7 8" t="ar"/>
		<b id="8" c="8 9" t="1"/>
		<b id="9" c="8 10" t="ar"/>
		<b id="10" c="10 11" t="ar"/>
		<b id="11" c="5 11" t="ar"/>
		<b id="12" c="11 12" t="1"/>
		<b id="13" c="2 12" t="1"/>
		<b id="14" c="1 13" t="1"/>
		<b id="15" c="1 14" t="1"/>
		<b id="16" c="1 15" t="1"/>
		<b id="17" c="3 16" t="1"/>
		<b id="18" c="3 17" t="1"/>
		<b id="19" c="4 18" t="1"/>
		<b id="20" c="4 19" t="1"/>
		<b id="21" c="6 20" t="1"/>
		<b id="22" c="7 21" t="1"/>
		<b id="23" c="9 22" t="1"/>
		<b id="24" c="9 23" t="1"/>
		<b id="25" c="10 24" t="1"/>
		<b id="26" c="12 25" t="1"/>
		<b id="27" c="12 26" t="1"/>
	</bonds>
	<geometry>
		<g u="A" t="cart/3d">#26,3:1.0992,0.1023,0.0282;2.5406,0.0839,0.1142;3.0403,-1.0155,0.9164;4.5355,-1.1685,0.6601;5.2493,0.1356,0.8712;6.6197,0.1741,1.0948;7.2849,1.3703,1.2626;6.5833,2.5748,1.2114;7.2260,3.7773,1.4506;5.2105,2.5357,0.9871;4.5433,1.3322,0.8168;3.0530,1.3445,0.6126;0.7551,-0.8342,-0.4092;0.7914,0.9216,-0.6210;0.6115,0.2328,1.0087;2.5181,-1.9293,0.6212;2.8579,-0.8493,1.9944;4.6807,-1.4886,-0.3760;4.9523,-1.9396,1.3119;7.1738,-0.7532,1.1357;8.3516,1.3827,1.4365;8.2218,3.7805,1.2985;6.7553,4.6011,1.1119;4.6551,3.4634,0.9471;2.7883,2.1268,-0.1065;2.5779,1.6123,1.5802;</g>
	</geometry>
	<conformers/>
	<properties/>
</molecule>
