<?xml version="1.0" ?>
<!--MOLLI PACKAGE EXPERIMENTAL XML FORMAT-->
<molecule name="nuc245">
	<atoms>
		<a id="1" s="N" t="N.am" l="N"/>
		<a id="2" s="C" t="C.2" l="C"/>
		<a id="3" s="O" t="O.2" l="O"/>
		<a id="4" s="C" t="C.3" l="C"/>
		<a id="5" s="O" t="O.3" l="O"/>
		<a id="6" s="C" t="C.ar" l="C"/>
		<a id="7" s="C" t="C.ar" l="C"/>
		<a id="8" s="C" t="C.ar" l="C"/>
		<a id="9" s="C" t="C.ar" l="C"/>
		<a id="10" s="O" t="O.3" l="O"/>
		<a id="11" s="C" t="C.3" l="C"/>
		<a id="12" s="F" t="F" l="F"/>
		<a id="13" s="F" t="F" l="F"/>
		<a id="14" s="F" t="F" l="F"/>
		<a id="15" s="C" t="C.ar" l="C"/>
		<a id="16" s="C" t="C.ar" l="C"/>
		<a id="17" s="H" t="H" l="H"/>
		<a id="18" s="H" t="H" l="H"/>
		<a id="19" s="H" t="H" l="H"/>
		<a id="20" s="H" t="H" l="H"/>
		<a id="21" s="H" t="H" l="H"/>
		<a id="22" s="H" t="H" l="H"/>
		<a id="23" s="H" t="H" l="H"/>
		<a id="24" s="H" t="H" l="H"/>
	</atoms>
	<bonds>
		<b id="1" c="1 2" t="am"/>
		<b id="2" c="2 3" t="2"/>
		<b id="3" c="2 4" t="1"/>
		<b id="4" c="4 5" t="1"/>
		<b id="5" c="5 6" t="1"/>
		<b id="6" c="6 7" t="ar"/>
		<b id="7" c="7 8" t="ar"/>
		<b id="8" c="8 9" t="ar"/>
		<b id="9" c="9 10" t="1"/>
		<b id="10" c="10 11" t="1"/>
		<b id="11" c="11 12" t="1"/>
		<b id="12" c="11 13" t="1"/>
		<b id="13" c="11 14" t="1"/>
		<b id="14" c="9 15" t="ar"/>
		<b id="15" c="15 16" t="ar"/>
		<b id="16" c="6 16" t="ar"/>
		<b id="17" c="1 17" t="1"/>
		<b id="18" c="1 18" t="1"/>
		<b id="19" c="4 19" t="1"/>
		<b id="20" c="4 20" t="1"/>
		<b id="21" c="7 21" t="1"/>
		<b id="22" c="8 22" t="1"/>
		<b id="23" c="15 23" t="1"/>
		<b id="24" c="16 24" t="1"/>
	</bonds>
	<geometry>
		<g u="A" t="cart/3d">#24,3:2.1940,-0.5294,0.1316;3.1427,-1.2418,0.7605;3.0256,-1.7049,1.8704;4.4302,-1.4400,-0.0477;4.3378,-0.7983,-1.3016;5.4050,-0.8510,-2.1446;5.2542,-0.1844,-3.3599;6.2698,-0.1670,-4.2960;7.4559,-0.8244,-4.0136;8.5636,-0.8806,-4.8840;8.5457,-0.2319,-6.0269;8.3648,1.0970,-5.9112;9.7121,-0.4057,-6.6400;7.5949,-0.6460,-6.8869;7.6212,-1.4926,-2.8118;6.6024,-1.5093,-1.8778;1.3201,-0.3524,0.5973;2.3586,-0.1689,-0.7920;4.5846,-2.5207,-0.1640;5.2587,-1.0343,0.5470;4.3246,0.3227,-3.5623;6.1150,0.3585,-5.2243;8.5538,-1.9966,-2.6192;6.7563,-2.0369,-0.9508;</g>
	</geometry>
	<conformers/>
	<properties/>
</molecule>
