<?xml version="1.0" ?>
<!--MOLLI PACKAGE EXPERIMENTAL XML FORMAT-->
<molecule name="nuc252">
	<atoms>
		<a id="1" s="C" t="C.3" l="C"/>
		<a id="2" s="C" t="C.3" l="C"/>
		<a id="3" s="C" t="C.3" l="C"/>
		<a id="4" s="C" t="C.3" l="C"/>
		<a id="5" s="C" t="C.2" l="C"/>
		<a id="6" s="N" t="N.am" l="N"/>
		<a id="7" s="O" t="O.2" l="O"/>
		<a id="8" s="H" t="H" l="H"/>
		<a id="9" s="H" t="H" l="H"/>
		<a id="10" s="H" t="H" l="H"/>
		<a id="11" s="H" t="H" l="H"/>
		<a id="12" s="H" t="H" l="H"/>
		<a id="13" s="H" t="H" l="H"/>
		<a id="14" s="H" t="H" l="H"/>
		<a id="15" s="H" t="H" l="H"/>
		<a id="16" s="H" t="H" l="H"/>
		<a id="17" s="H" t="H" l="H"/>
		<a id="18" s="H" t="H" l="H"/>
	</atoms>
	<bonds>
		<b id="1" c="1 2" t="1"/>
		<b id="2" c="2 3" t="1"/>
		<b id="3" c="3 4" t="1"/>
		<b id="4" c="4 5" t="1"/>
		<b id="5" c="5 6" t="am"/>
		<b id="6" c="5 7" t="2"/>
		<b id="7" c="1 8" t="1"/>
		<b id="8" c="1 9" t="1"/>
		<b id="9" c="1 10" t="1"/>
		<b id="10" c="2 11" t="1"/>
		<b id="11" c="2 12" t="1"/>
		<b id="12" c="3 13" t="1"/>
		<b id="13" c="3 14" t="1"/>
		<b id="14" c="4 15" t="1"/>
		<b id="15" c="4 16" t="1"/>
		<b id="16" c="6 17" t="1"/>
		<b id="17" c="6 18" t="1"/>
	</bonds>
	<geometry>
		<g u="A" t="cart/3d">#18,3:0.9594,0.0883,-0.0066;2.4820,0.0738,-0.0623;2.9888,-0.3232,-1.4454;4.5127,-0.3428,-1.5162;5.0049,-0.7386,-2.8991;6.3578,-0.7675,-3.0042;4.2848,-1.0064,-3.8314;0.6134,0.3731,0.9845;0.5614,-0.8965,-0.2405;0.5596,0.7974,-0.7279;2.8649,-0.6298,0.6812;2.8632,1.0656,0.1939;2.6101,0.3758,-2.1929;2.6108,-1.3126,-1.7080;4.9151,-1.0535,-0.7895;4.9143,0.6451,-1.2759;6.9628,-0.5464,-2.2347;6.7708,-1.0199,-3.8865;</g>
	</geometry>
	<conformers/>
	<properties/>
</molecule>
