<?xml version="1.0" ?>
<!--MOLLI PACKAGE EXPERIMENTAL XML FORMAT-->
<molecule name="nuc259">
	<atoms>
		<a id="1" s="C" t="C.3" l="C"/>
		<a id="2" s="C" t="C.3" l="C"/>
		<a id="3" s="C" t="C.3" l="C"/>
		<a id="4" s="C" t="C.3" l="C"/>
		<a id="5" s="N" t="N.3" l="N"/>
		<a id="6" s="C" t="C.3" l="C"/>
		<a id="7" s="N" t="N.3" l="N"/>
		<a id="8" s="C" t="C.3" l="C"/>
		<a id="9" s="C" t="C.3" l="C"/>
		<a id="10" s="C" t="C.3" l="C"/>
		<a id="11" s="C" t="C.3" l="C"/>
		<a id="12" s="H" t="H" l="H"/>
		<a id="13" s="H" t="H" l="H"/>
		<a id="14" s="H" t="H" l="H"/>
		<a id="15" s="H" t="H" l="H"/>
		<a id="16" s="H" t="H" l="H"/>
		<a id="17" s="H" t="H" l="H"/>
		<a id="18" s="H" t="H" l="H"/>
		<a id="19" s="H" t="H" l="H"/>
		<a id="20" s="H" t="H" l="H"/>
		<a id="21" s="H" t="H" l="H"/>
		<a id="22" s="H" t="H" l="H"/>
		<a id="23" s="H" t="H" l="H"/>
		<a id="24" s="H" t="H" l="H"/>
		<a id="25" s="H" t="H" l="H"/>
		<a id="26" s="H" t="H" l="H"/>
		<a id="27" s="H" t="H" l="H"/>
		<a id="28" s="H" t="H" l="H"/>
		<a id="29" s="H" t="H" l="H"/>
		<a id="30" s="H" t="H" l="H"/>
		<a id="31" s="H" t="H" l="H"/>
	</atoms>
	<bonds>
		<b id="1" c="1 2" t="1"/>
		<b id="2" c="2 3" t="1"/>
		<b id="3" c="2 4" t="1"/>
		<b id="4" c="4 5" t="1"/>
		<b id="5" c="2 6" t="1"/>
		<b id="6" c="6 7" t="1"/>
		<b id="7" c="7 8" t="1"/>
		<b id="8" c="8 9" t="1"/>
		<b id="9" c="9 10" t="1"/>
		<b id="10" c="10 11" t="1"/>
		<b id="11" c="7 11" t="1"/>
		<b id="12" c="1 12" t="1"/>
		<b id="13" c="1 13" t="1"/>
		<b id="14" c="1 14" t="1"/>
		<b id="15" c="3 15" t="1"/>
		<b id="16" c="3 16" t="1"/>
		<b id="17" c="3 17" t="1"/>
		<b id="18" c="4 18" t="1"/>
		<b id="19" c="4 19" t="1"/>
		<b id="20" c="5 20" t="1"/>
		<b id="21" c="5 21" t="1"/>
		<b id="22" c="6 22" t="1"/>
		<b id="23" c="6 23" t="1"/>
		<b id="24" c="8 24" t="1"/>
		<b id="25" c="8 25" t="1"/>
		<b id="26" c="9 26" t="1"/>
		<b id="27" c="9 27" t="1"/>
		<b id="28" c="10 28" t="1"/>
		<b id="29" c="10 29" t="1"/>
		<b id="30" c="11 30" t="1"/>
		<b id="31" c="11 31" t="1"/>
	</bonds>
	<geometry>
		<g u="A" t="cart/3d">#31,3:2.8901,-0.5257,-1.6055;2.4928,-0.0020,-0.2272;0.9725,0.1558,-0.1493;2.9955,-0.9794,0.8490;2.4860,-2.3263,0.6396;3.1436,1.3751,0.0265;4.5965,1.2992,-0.0310;5.2870,1.8424,1.1237;5.4347,3.3587,0.8732;5.4116,3.4755,-0.6586;5.1981,2.0210,-1.1383;2.5164,-1.5375,-1.7314;3.9722,-0.5417,-1.6924;2.4793,0.1074,-2.3891;0.4792,-0.7717,-0.4273;0.6377,0.9329,-0.8335;0.6617,0.4314,0.8573;2.7360,-0.5739,1.8434;4.0846,-1.0193,0.7781;1.4903,-2.3587,0.8313;2.9407,-2.9712,1.2759;2.8227,1.7298,1.0115;2.7562,2.0829,-0.7156;6.2773,1.3775,1.1661;4.7592,1.6091,2.0474;6.3541,3.7474,1.3067;4.5960,3.8964,1.3159;6.3369,3.8890,-1.0551;4.5892,4.1103,-0.9885;6.1661,1.5562,-1.3502;4.5821,1.9544,-2.0331;</g>
	</geometry>
	<conformers/>
	<properties/>
</molecule>
