<?xml version="1.0" ?>
<!--MOLLI PACKAGE EXPERIMENTAL XML FORMAT-->
<molecule name="nuc26">
	<atoms>
		<a id="1" s="N" t="N.pl3" l="N"/>
		<a id="2" s="C" t="C.ar" l="C"/>
		<a id="3" s="C" t="C.ar" l="C"/>
		<a id="4" s="C" t="C.ar" l="C"/>
		<a id="5" s="C" t="C.ar" l="C"/>
		<a id="6" s="C" t="C.ar" l="C"/>
		<a id="7" s="C" t="C.ar" l="C"/>
		<a id="8" s="H" t="H" l="H"/>
		<a id="9" s="H" t="H" l="H"/>
		<a id="10" s="H" t="H" l="H"/>
		<a id="11" s="H" t="H" l="H"/>
		<a id="12" s="H" t="H" l="H"/>
		<a id="13" s="H" t="H" l="H"/>
		<a id="14" s="H" t="H" l="H"/>
	</atoms>
	<bonds>
		<b id="1" c="1 2" t="1"/>
		<b id="2" c="2 3" t="ar"/>
		<b id="3" c="3 4" t="ar"/>
		<b id="4" c="4 5" t="ar"/>
		<b id="5" c="5 6" t="ar"/>
		<b id="6" c="6 7" t="ar"/>
		<b id="7" c="2 7" t="ar"/>
		<b id="8" c="1 8" t="1"/>
		<b id="9" c="1 9" t="1"/>
		<b id="10" c="3 10" t="1"/>
		<b id="11" c="4 11" t="1"/>
		<b id="12" c="5 12" t="1"/>
		<b id="13" c="6 13" t="1"/>
		<b id="14" c="7 14" t="1"/>
	</bonds>
	<geometry>
		<g u="A" t="cart/3d">#14,3:2.3264,-0.0016,-0.1608;0.9490,0.0008,-0.0521;0.2405,1.2024,-0.0344;-1.1398,1.2001,-0.0001;-1.8403,0.0054,0.0195;-1.1437,-1.1916,0.0029;0.2366,-1.1985,-0.0313;2.7965,0.8448,0.1167;2.7938,-0.8487,0.1188;0.7846,2.1367,-0.0490;-1.6735,2.1395,0.0152;-2.9194,0.0072,0.0498;-1.6804,-2.1293,0.0207;0.7777,-2.1346,-0.0436;</g>
	</geometry>
	<conformers/>
	<properties/>
</molecule>
