<?xml version="1.0" ?>
<!--MOLLI PACKAGE EXPERIMENTAL XML FORMAT-->
<molecule name="nuc260">
	<atoms>
		<a id="1" s="C" t="C.3" l="C"/>
		<a id="2" s="C" t="C.3" l="C"/>
		<a id="3" s="C" t="C.3" l="C"/>
		<a id="4" s="N" t="N.3" l="N"/>
		<a id="5" s="H" t="H" l="H"/>
		<a id="6" s="H" t="H" l="H"/>
		<a id="7" s="H" t="H" l="H"/>
		<a id="8" s="H" t="H" l="H"/>
		<a id="9" s="H" t="H" l="H"/>
		<a id="10" s="H" t="H" l="H"/>
		<a id="11" s="H" t="H" l="H"/>
		<a id="12" s="H" t="H" l="H"/>
		<a id="13" s="H" t="H" l="H"/>
	</atoms>
	<bonds>
		<b id="1" c="1 2" t="1"/>
		<b id="2" c="2 3" t="1"/>
		<b id="3" c="3 4" t="1"/>
		<b id="4" c="1 5" t="1"/>
		<b id="5" c="1 6" t="1"/>
		<b id="6" c="1 7" t="1"/>
		<b id="7" c="2 8" t="1"/>
		<b id="8" c="2 9" t="1"/>
		<b id="9" c="3 10" t="1"/>
		<b id="10" c="3 11" t="1"/>
		<b id="11" c="4 12" t="1"/>
		<b id="12" c="4 13" t="1"/>
	</bonds>
	<geometry>
		<g u="A" t="cart/3d">#13,3:1.0424,0.0898,-0.0162;2.5647,0.0609,-0.0446;3.1061,-1.3647,-0.1228;4.5596,-1.3474,-0.0776;0.6820,1.1143,0.0368;0.6663,-0.4525,0.8485;0.6340,-0.3719,-0.9132;2.9655,0.5331,0.8532;2.9258,0.6266,-0.9072;2.7046,-1.8541,-1.0281;2.7583,-1.9341,0.7443;4.9274,-0.8355,-0.8730;4.9285,-2.2909,-0.1194;</g>
	</geometry>
	<conformers/>
	<properties/>
</molecule>
