<?xml version="1.0" ?>
<!--MOLLI PACKAGE EXPERIMENTAL XML FORMAT-->
<molecule name="nuc262">
	<atoms>
		<a id="1" s="C" t="C.3" l="C"/>
		<a id="2" s="C" t="C.3" l="C"/>
		<a id="3" s="N" t="N.am" l="N"/>
		<a id="4" s="C" t="C.2" l="C"/>
		<a id="5" s="O" t="O.2" l="O"/>
		<a id="6" s="O" t="O.3" l="O"/>
		<a id="7" s="C" t="C.3" l="C"/>
		<a id="8" s="C" t="C.3" l="C"/>
		<a id="9" s="C" t="C.3" l="C"/>
		<a id="10" s="C" t="C.3" l="C"/>
		<a id="11" s="C" t="C.2" l="C"/>
		<a id="12" s="N" t="N.am" l="N"/>
		<a id="13" s="O" t="O.2" l="O"/>
		<a id="14" s="H" t="H" l="H"/>
		<a id="15" s="H" t="H" l="H"/>
		<a id="16" s="H" t="H" l="H"/>
		<a id="17" s="H" t="H" l="H"/>
		<a id="18" s="H" t="H" l="H"/>
		<a id="19" s="H" t="H" l="H"/>
		<a id="20" s="H" t="H" l="H"/>
		<a id="21" s="H" t="H" l="H"/>
		<a id="22" s="H" t="H" l="H"/>
		<a id="23" s="H" t="H" l="H"/>
		<a id="24" s="H" t="H" l="H"/>
		<a id="25" s="H" t="H" l="H"/>
		<a id="26" s="H" t="H" l="H"/>
		<a id="27" s="H" t="H" l="H"/>
		<a id="28" s="H" t="H" l="H"/>
		<a id="29" s="H" t="H" l="H"/>
	</atoms>
	<bonds>
		<b id="1" c="1 2" t="1"/>
		<b id="2" c="2 3" t="1"/>
		<b id="3" c="3 4" t="am"/>
		<b id="4" c="4 5" t="2"/>
		<b id="5" c="4 6" t="1"/>
		<b id="6" c="6 7" t="1"/>
		<b id="7" c="7 8" t="1"/>
		<b id="8" c="7 9" t="1"/>
		<b id="9" c="7 10" t="1"/>
		<b id="10" c="2 11" t="1"/>
		<b id="11" c="11 12" t="am"/>
		<b id="12" c="11 13" t="2"/>
		<b id="13" c="1 14" t="1"/>
		<b id="14" c="1 15" t="1"/>
		<b id="15" c="1 16" t="1"/>
		<b id="16" c="2 17" t="1"/>
		<b id="17" c="3 18" t="1"/>
		<b id="18" c="8 19" t="1"/>
		<b id="19" c="8 20" t="1"/>
		<b id="20" c="8 21" t="1"/>
		<b id="21" c="9 22" t="1"/>
		<b id="22" c="9 23" t="1"/>
		<b id="23" c="9 24" t="1"/>
		<b id="24" c="10 25" t="1"/>
		<b id="25" c="10 26" t="1"/>
		<b id="26" c="10 27" t="1"/>
		<b id="27" c="12 28" t="1"/>
		<b id="28" c="12 29" t="1"/>
	</bonds>
	<geometry>
		<g u="A" t="cart/3d">#29,3:1.4589,-0.5029,0.4049;2.8555,-0.0512,-0.0454;3.0826,1.3293,0.2979;2.8084,2.3391,-0.5587;2.2657,2.1789,-1.6276;3.2131,3.5053,-0.0279;2.9731,4.7501,-0.7252;1.4720,4.9699,-0.9141;3.5573,5.8150,0.2040;3.7009,4.7566,-2.0695;3.9211,-0.8966,0.6537;4.0372,-2.1517,0.1733;4.5801,-0.4791,1.5783;0.7133,0.1211,-0.0802;1.3643,-0.3934,1.4825;1.2800,-1.5408,0.1371;2.9352,-0.1505,-1.1349;3.6215,1.5027,1.1351;0.9645,4.9228,0.0472;1.0618,4.2041,-1.5665;1.2970,5.9454,-1.3589;3.0518,5.7879,1.1655;3.4338,6.8001,-0.2359;4.6153,5.6268,0.3659;3.2906,3.9888,-2.7194;4.7611,4.5629,-1.9206;3.5818,5.7256,-2.5461;3.5119,-2.4697,-0.6208;4.7048,-2.7758,0.5956;</g>
	</geometry>
	<conformers/>
	<properties/>
</molecule>
