<?xml version="1.0" ?>
<!--MOLLI PACKAGE EXPERIMENTAL XML FORMAT-->
<molecule name="nuc263">
	<atoms>
		<a id="1" s="C" t="C.3" l="C"/>
		<a id="2" s="O" t="O.3" l="O"/>
		<a id="3" s="C" t="C.3" l="C"/>
		<a id="4" s="C" t="C.3" l="C"/>
		<a id="5" s="N" t="N.3" l="N"/>
		<a id="6" s="C" t="C.3" l="C"/>
		<a id="7" s="O" t="O.3" l="O"/>
		<a id="8" s="C" t="C.3" l="C"/>
		<a id="9" s="H" t="H" l="H"/>
		<a id="10" s="H" t="H" l="H"/>
		<a id="11" s="H" t="H" l="H"/>
		<a id="12" s="H" t="H" l="H"/>
		<a id="13" s="H" t="H" l="H"/>
		<a id="14" s="H" t="H" l="H"/>
		<a id="15" s="H" t="H" l="H"/>
		<a id="16" s="H" t="H" l="H"/>
		<a id="17" s="H" t="H" l="H"/>
		<a id="18" s="H" t="H" l="H"/>
		<a id="19" s="H" t="H" l="H"/>
		<a id="20" s="H" t="H" l="H"/>
		<a id="21" s="H" t="H" l="H"/>
	</atoms>
	<bonds>
		<b id="1" c="1 2" t="1"/>
		<b id="2" c="2 3" t="1"/>
		<b id="3" c="3 4" t="1"/>
		<b id="4" c="4 5" t="1"/>
		<b id="5" c="4 6" t="1"/>
		<b id="6" c="6 7" t="1"/>
		<b id="7" c="7 8" t="1"/>
		<b id="8" c="1 9" t="1"/>
		<b id="9" c="1 10" t="1"/>
		<b id="10" c="1 11" t="1"/>
		<b id="11" c="3 12" t="1"/>
		<b id="12" c="3 13" t="1"/>
		<b id="13" c="4 14" t="1"/>
		<b id="14" c="5 15" t="1"/>
		<b id="15" c="5 16" t="1"/>
		<b id="16" c="6 17" t="1"/>
		<b id="17" c="6 18" t="1"/>
		<b id="18" c="8 19" t="1"/>
		<b id="19" c="8 20" t="1"/>
		<b id="20" c="8 21" t="1"/>
	</bonds>
	<geometry>
		<g u="A" t="cart/3d">#21,3:1.0442,-0.1416,0.0154;2.4398,-0.0095,-0.0261;2.9004,1.1561,0.6217;4.4368,1.1589,0.5834;4.9821,1.1003,-0.7600;4.9781,2.4028,1.2896;4.5846,2.3861,2.6412;5.0731,3.4870,3.3635;0.8011,-1.0620,-0.5120;0.5490,0.7047,-0.4784;0.6816,-0.2039,1.0488;2.5626,1.1823,1.6661;2.5089,2.0502,0.1069;4.7890,0.2720,1.1190;4.6454,1.8905,-1.3034;4.6393,0.2581,-1.2101;4.5948,3.3108,0.7948;6.0742,2.4070,1.2040;4.7119,3.3755,4.3838;4.7041,4.4325,2.9456;6.1698,3.5089,3.3630;</g>
	</geometry>
	<conformers/>
	<properties/>
</molecule>
