<?xml version="1.0" ?>
<!--MOLLI PACKAGE EXPERIMENTAL XML FORMAT-->
<molecule name="nuc268">
	<atoms>
		<a id="1" s="C" t="C.3" l="C"/>
		<a id="2" s="C" t="C.3" l="C"/>
		<a id="3" s="C" t="C.3" l="C"/>
		<a id="4" s="C" t="C.3" l="C"/>
		<a id="5" s="C" t="C.3" l="C"/>
		<a id="6" s="C" t="C.3" l="C"/>
		<a id="7" s="C" t="C.3" l="C"/>
		<a id="8" s="N" t="N.3" l="N"/>
		<a id="9" s="C" t="C.ar" l="C"/>
		<a id="10" s="C" t="C.ar" l="C"/>
		<a id="11" s="C" t="C.ar" l="C"/>
		<a id="12" s="C" t="C.ar" l="C"/>
		<a id="13" s="F" t="F" l="F"/>
		<a id="14" s="C" t="C.ar" l="C"/>
		<a id="15" s="C" t="C.ar" l="C"/>
		<a id="16" s="C" t="C.3" l="C"/>
		<a id="17" s="C" t="C.3" l="C"/>
		<a id="18" s="O" t="O.3" l="O"/>
		<a id="19" s="H" t="H" l="H"/>
		<a id="20" s="H" t="H" l="H"/>
		<a id="21" s="H" t="H" l="H"/>
		<a id="22" s="H" t="H" l="H"/>
		<a id="23" s="H" t="H" l="H"/>
		<a id="24" s="H" t="H" l="H"/>
		<a id="25" s="H" t="H" l="H"/>
		<a id="26" s="H" t="H" l="H"/>
		<a id="27" s="H" t="H" l="H"/>
		<a id="28" s="H" t="H" l="H"/>
		<a id="29" s="H" t="H" l="H"/>
		<a id="30" s="H" t="H" l="H"/>
		<a id="31" s="H" t="H" l="H"/>
		<a id="32" s="H" t="H" l="H"/>
		<a id="33" s="H" t="H" l="H"/>
		<a id="34" s="H" t="H" l="H"/>
		<a id="35" s="H" t="H" l="H"/>
		<a id="36" s="H" t="H" l="H"/>
		<a id="37" s="H" t="H" l="H"/>
		<a id="38" s="H" t="H" l="H"/>
		<a id="39" s="H" t="H" l="H"/>
		<a id="40" s="H" t="H" l="H"/>
	</atoms>
	<bonds>
		<b id="1" c="1 2" t="1"/>
		<b id="2" c="2 3" t="1"/>
		<b id="3" c="2 4" t="1"/>
		<b id="4" c="4 5" t="1"/>
		<b id="5" c="5 6" t="1"/>
		<b id="6" c="6 7" t="1"/>
		<b id="7" c="7 8" t="1"/>
		<b id="8" c="5 9" t="1"/>
		<b id="9" c="9 10" t="ar"/>
		<b id="10" c="10 11" t="ar"/>
		<b id="11" c="11 12" t="ar"/>
		<b id="12" c="12 13" t="1"/>
		<b id="13" c="12 14" t="ar"/>
		<b id="14" c="14 15" t="ar"/>
		<b id="15" c="9 15" t="ar"/>
		<b id="16" c="5 16" t="1"/>
		<b id="17" c="16 17" t="1"/>
		<b id="18" c="17 18" t="1"/>
		<b id="19" c="2 18" t="1"/>
		<b id="20" c="1 19" t="1"/>
		<b id="21" c="1 20" t="1"/>
		<b id="22" c="1 21" t="1"/>
		<b id="23" c="3 22" t="1"/>
		<b id="24" c="3 23" t="1"/>
		<b id="25" c="3 24" t="1"/>
		<b id="26" c="4 25" t="1"/>
		<b id="27" c="4 26" t="1"/>
		<b id="28" c="6 27" t="1"/>
		<b id="29" c="6 28" t="1"/>
		<b id="30" c="7 29" t="1"/>
		<b id="31" c="7 30" t="1"/>
		<b id="32" c="8 31" t="1"/>
		<b id="33" c="8 32" t="1"/>
		<b id="34" c="10 33" t="1"/>
		<b id="35" c="11 34" t="1"/>
		<b id="36" c="14 35" t="1"/>
		<b id="37" c="15 36" t="1"/>
		<b id="38" c="16 37" t="1"/>
		<b id="39" c="16 38" t="1"/>
		<b id="40" c="17 39" t="1"/>
		<b id="41" c="17 40" t="1"/>
	</bonds>
	<geometry>
		<g u="A" t="cart/3d">#40,3:1.2038,-0.0749,0.5325;2.6670,0.0108,0.0740;3.5299,0.3313,1.3020;2.8996,1.1157,-0.9795;2.5422,0.7931,-2.4447;1.0346,0.8362,-2.7731;0.3293,2.1480,-2.4344;-1.0626,2.0517,-2.8497;3.2058,1.8047,-3.3786;3.6029,3.0681,-2.9506;4.1617,3.9870,-3.8221;4.3241,3.6391,-5.1480;4.8683,4.5295,-6.0060;3.9328,2.3993,-5.6149;3.3749,1.4982,-4.7272;3.0886,-0.6197,-2.7368;2.6889,-1.6224,-1.6543;3.1459,-1.2496,-0.3808;0.9160,0.8557,1.0149;1.1049,-0.8856,1.2514;0.5184,-0.2595,-0.2870;3.2854,1.3145,1.6943;4.5822,0.3033,1.0327;3.3577,-0.4141,2.0730;3.9718,1.3291,-0.9672;2.3717,2.0065,-0.6431;0.5018,0.0298,-2.2733;0.9265,0.6675,-3.8485;0.8682,2.9876,-2.9063;0.3253,2.3097,-1.3538;-1.1204,1.9354,-3.8566;-1.5639,2.8998,-2.6097;3.4776,3.3648,-1.9225;4.4666,4.9638,-3.4809;4.0634,2.1507,-6.6564;3.0673,0.5375,-5.1086;4.1789,-0.5716,-2.7787;2.7198,-0.9939,-3.6913;3.1611,-2.5884,-1.8529;1.6003,-1.7714,-1.6530;</g>
	</geometry>
	<conformers/>
	<properties/>
</molecule>
