<?xml version="1.0" ?>
<!--MOLLI PACKAGE EXPERIMENTAL XML FORMAT-->
<molecule name="nuc269">
	<atoms>
		<a id="1" s="C" t="C.3" l="C"/>
		<a id="2" s="C" t="C.3" l="C"/>
		<a id="3" s="C" t="C.3" l="C"/>
		<a id="4" s="C" t="C.3" l="C"/>
		<a id="5" s="C" t="C.3" l="C"/>
		<a id="6" s="C" t="C.3" l="C"/>
		<a id="7" s="C" t="C.3" l="C"/>
		<a id="8" s="N" t="N.3" l="N"/>
		<a id="9" s="C" t="C.ar" l="C"/>
		<a id="10" s="C" t="C.ar" l="C"/>
		<a id="11" s="C" t="C.ar" l="C"/>
		<a id="12" s="C" t="C.ar" l="C"/>
		<a id="13" s="C" t="C.ar" l="C"/>
		<a id="14" s="F" t="F" l="F"/>
		<a id="15" s="C" t="C.ar" l="C"/>
		<a id="16" s="C" t="C.3" l="C"/>
		<a id="17" s="C" t="C.3" l="C"/>
		<a id="18" s="O" t="O.3" l="O"/>
		<a id="19" s="H" t="H" l="H"/>
		<a id="20" s="H" t="H" l="H"/>
		<a id="21" s="H" t="H" l="H"/>
		<a id="22" s="H" t="H" l="H"/>
		<a id="23" s="H" t="H" l="H"/>
		<a id="24" s="H" t="H" l="H"/>
		<a id="25" s="H" t="H" l="H"/>
		<a id="26" s="H" t="H" l="H"/>
		<a id="27" s="H" t="H" l="H"/>
		<a id="28" s="H" t="H" l="H"/>
		<a id="29" s="H" t="H" l="H"/>
		<a id="30" s="H" t="H" l="H"/>
		<a id="31" s="H" t="H" l="H"/>
		<a id="32" s="H" t="H" l="H"/>
		<a id="33" s="H" t="H" l="H"/>
		<a id="34" s="H" t="H" l="H"/>
		<a id="35" s="H" t="H" l="H"/>
		<a id="36" s="H" t="H" l="H"/>
		<a id="37" s="H" t="H" l="H"/>
		<a id="38" s="H" t="H" l="H"/>
		<a id="39" s="H" t="H" l="H"/>
		<a id="40" s="H" t="H" l="H"/>
	</atoms>
	<bonds>
		<b id="1" c="1 2" t="1"/>
		<b id="2" c="2 3" t="1"/>
		<b id="3" c="2 4" t="1"/>
		<b id="4" c="4 5" t="1"/>
		<b id="5" c="5 6" t="1"/>
		<b id="6" c="6 7" t="1"/>
		<b id="7" c="7 8" t="1"/>
		<b id="8" c="5 9" t="1"/>
		<b id="9" c="9 10" t="ar"/>
		<b id="10" c="10 11" t="ar"/>
		<b id="11" c="11 12" t="ar"/>
		<b id="12" c="12 13" t="ar"/>
		<b id="13" c="13 14" t="1"/>
		<b id="14" c="13 15" t="ar"/>
		<b id="15" c="9 15" t="ar"/>
		<b id="16" c="5 16" t="1"/>
		<b id="17" c="16 17" t="1"/>
		<b id="18" c="17 18" t="1"/>
		<b id="19" c="2 18" t="1"/>
		<b id="20" c="1 19" t="1"/>
		<b id="21" c="1 20" t="1"/>
		<b id="22" c="1 21" t="1"/>
		<b id="23" c="3 22" t="1"/>
		<b id="24" c="3 23" t="1"/>
		<b id="25" c="3 24" t="1"/>
		<b id="26" c="4 25" t="1"/>
		<b id="27" c="4 26" t="1"/>
		<b id="28" c="6 27" t="1"/>
		<b id="29" c="6 28" t="1"/>
		<b id="30" c="7 29" t="1"/>
		<b id="31" c="7 30" t="1"/>
		<b id="32" c="8 31" t="1"/>
		<b id="33" c="8 32" t="1"/>
		<b id="34" c="10 33" t="1"/>
		<b id="35" c="11 34" t="1"/>
		<b id="36" c="12 35" t="1"/>
		<b id="37" c="15 36" t="1"/>
		<b id="38" c="16 37" t="1"/>
		<b id="39" c="16 38" t="1"/>
		<b id="40" c="17 39" t="1"/>
		<b id="41" c="17 40" t="1"/>
	</bonds>
	<geometry>
		<g u="A" t="cart/3d">#40,3:1.2492,-0.1543,0.6638;2.7110,-0.0651,0.2013;3.5757,0.2669,1.4250;2.9362,1.0335,-0.8602;2.5771,0.6973,-2.3218;1.0687,0.7311,-2.6479;0.3577,2.0408,-2.3125;-1.0334,1.9377,-2.7292;3.2332,1.7035,-3.2650;3.3895,1.3986,-4.6157;3.9430,2.3012,-5.5056;4.3547,3.5512,-5.0787;4.1869,3.8544,-3.7428;4.5656,5.0719,-3.2918;3.6385,2.9634,-2.8393;3.1310,-0.7141,-2.6058;2.7376,-1.7111,-1.5157;3.1944,-1.3268,-0.2459;0.9595,0.7767,1.1442;1.1550,-0.9632,1.3854;0.5622,-0.3439,-0.1535;3.3291,1.2517,1.8114;4.6273,0.2406,1.1532;3.4080,-0.4740,2.2014;4.0074,1.2517,-0.8511;2.4045,1.9244,-0.5303;0.5414,-0.0763,-2.1440;0.9591,0.5576,-3.7224;0.8929,2.8818,-2.7860;0.3518,2.2049,-1.2324;-1.0898,1.8244,-3.7364;-1.5392,2.7826,-2.4870;3.0746,0.4382,-4.9923;4.0528,2.0293,-6.5447;4.7876,4.2730,-5.7520;3.5361,3.2854,-1.8167;4.2210,-0.6602,-2.6488;2.7640,-1.0958,-3.5580;3.2142,-2.6762,-1.7080;1.6497,-1.8653,-1.5123;</g>
	</geometry>
	<conformers/>
	<properties/>
</molecule>
