<?xml version="1.0" ?>
<!--MOLLI PACKAGE EXPERIMENTAL XML FORMAT-->
<molecule name="nuc270">
	<atoms>
		<a id="1" s="C" t="C.3" l="C"/>
		<a id="2" s="C" t="C.3" l="C"/>
		<a id="3" s="C" t="C.3" l="C"/>
		<a id="4" s="C" t="C.3" l="C"/>
		<a id="5" s="C" t="C.3" l="C"/>
		<a id="6" s="C" t="C.3" l="C"/>
		<a id="7" s="C" t="C.3" l="C"/>
		<a id="8" s="N" t="N.3" l="N"/>
		<a id="9" s="C" t="C.ar" l="C"/>
		<a id="10" s="C" t="C.ar" l="C"/>
		<a id="11" s="C" t="C.ar" l="C"/>
		<a id="12" s="C" t="C.ar" l="C"/>
		<a id="13" s="C" t="C.ar" l="C"/>
		<a id="14" s="C" t="C.ar" l="C"/>
		<a id="15" s="C" t="C.3" l="C"/>
		<a id="16" s="C" t="C.3" l="C"/>
		<a id="17" s="C" t="C.3" l="C"/>
		<a id="18" s="C" t="C.3" l="C"/>
		<a id="19" s="O" t="O.3" l="O"/>
		<a id="20" s="H" t="H" l="H"/>
		<a id="21" s="H" t="H" l="H"/>
		<a id="22" s="H" t="H" l="H"/>
		<a id="23" s="H" t="H" l="H"/>
		<a id="24" s="H" t="H" l="H"/>
		<a id="25" s="H" t="H" l="H"/>
		<a id="26" s="H" t="H" l="H"/>
		<a id="27" s="H" t="H" l="H"/>
		<a id="28" s="H" t="H" l="H"/>
		<a id="29" s="H" t="H" l="H"/>
		<a id="30" s="H" t="H" l="H"/>
		<a id="31" s="H" t="H" l="H"/>
		<a id="32" s="H" t="H" l="H"/>
		<a id="33" s="H" t="H" l="H"/>
		<a id="34" s="H" t="H" l="H"/>
		<a id="35" s="H" t="H" l="H"/>
		<a id="36" s="H" t="H" l="H"/>
		<a id="37" s="H" t="H" l="H"/>
		<a id="38" s="H" t="H" l="H"/>
		<a id="39" s="H" t="H" l="H"/>
		<a id="40" s="H" t="H" l="H"/>
		<a id="41" s="H" t="H" l="H"/>
		<a id="42" s="H" t="H" l="H"/>
		<a id="43" s="H" t="H" l="H"/>
		<a id="44" s="H" t="H" l="H"/>
		<a id="45" s="H" t="H" l="H"/>
		<a id="46" s="H" t="H" l="H"/>
	</atoms>
	<bonds>
		<b id="1" c="1 2" t="1"/>
		<b id="2" c="2 3" t="1"/>
		<b id="3" c="2 4" t="1"/>
		<b id="4" c="4 5" t="1"/>
		<b id="5" c="5 6" t="1"/>
		<b id="6" c="6 7" t="1"/>
		<b id="7" c="7 8" t="1"/>
		<b id="8" c="5 9" t="1"/>
		<b id="9" c="9 10" t="ar"/>
		<b id="10" c="10 11" t="ar"/>
		<b id="11" c="11 12" t="ar"/>
		<b id="12" c="12 13" t="ar"/>
		<b id="13" c="13 14" t="ar"/>
		<b id="14" c="9 14" t="ar"/>
		<b id="15" c="5 15" t="1"/>
		<b id="16" c="15 16" t="1"/>
		<b id="17" c="16 17" t="1"/>
		<b id="18" c="16 18" t="1"/>
		<b id="19" c="16 19" t="1"/>
		<b id="20" c="2 19" t="1"/>
		<b id="21" c="1 20" t="1"/>
		<b id="22" c="1 21" t="1"/>
		<b id="23" c="1 22" t="1"/>
		<b id="24" c="3 23" t="1"/>
		<b id="25" c="3 24" t="1"/>
		<b id="26" c="3 25" t="1"/>
		<b id="27" c="4 26" t="1"/>
		<b id="28" c="4 27" t="1"/>
		<b id="29" c="6 28" t="1"/>
		<b id="30" c="6 29" t="1"/>
		<b id="31" c="7 30" t="1"/>
		<b id="32" c="7 31" t="1"/>
		<b id="33" c="8 32" t="1"/>
		<b id="34" c="8 33" t="1"/>
		<b id="35" c="10 34" t="1"/>
		<b id="36" c="11 35" t="1"/>
		<b id="37" c="12 36" t="1"/>
		<b id="38" c="13 37" t="1"/>
		<b id="39" c="14 38" t="1"/>
		<b id="40" c="15 39" t="1"/>
		<b id="41" c="15 40" t="1"/>
		<b id="42" c="17 41" t="1"/>
		<b id="43" c="17 42" t="1"/>
		<b id="44" c="17 43" t="1"/>
		<b id="45" c="18 44" t="1"/>
		<b id="46" c="18 45" t="1"/>
		<b id="47" c="18 46" t="1"/>
	</bonds>
	<geometry>
		<g u="A" t="cart/3d">#46,3:1.1706,-0.1499,0.6591;2.6213,-0.1265,0.1541;3.5203,0.1441,1.3737;2.8892,0.9863,-0.8775;2.4988,0.7058,-2.3380;0.9937,0.8702,-2.6320;0.4591,2.2934,-2.4696;-0.9785,2.2794,-2.7016;3.2072,1.6860,-3.2769;3.7773,2.8764,-2.8391;4.3791,3.7539,-3.7255;4.4219,3.4676,-5.0772;3.8481,2.2942,-5.5325;3.2489,1.4207,-4.6439;3.0005,-0.7160,-2.6784;2.7732,-1.8214,-1.6279;1.3806,-2.4642,-1.7463;3.8101,-2.9307,-1.8761;3.0515,-1.3990,-0.3025;0.9411,0.7902,1.1542;1.0608,-0.9584,1.3782;0.4481,-0.3025,-0.1321;3.3190,1.1286,1.7865;4.5662,0.0833,1.0847;3.3364,-0.6076,2.1359;3.9701,1.1497,-0.8718;2.4050,1.8937,-0.5189;0.3908,0.2340,-1.9915;0.8123,0.5581,-3.6640;1.0014,2.9770,-3.1435;0.6112,2.6396,-1.4445;-1.1738,2.0007,-3.6582;-1.3671,3.2068,-2.5681;3.7523,3.1478,-1.7961;4.8128,4.6710,-3.3524;4.8903,4.1527,-5.7683;3.8638,2.0567,-6.5865;2.8040,0.5185,-5.0341;4.0796,-0.6359,-2.8363;2.5530,-1.0638,-3.6093;1.3343,-3.0679,-2.6494;0.5814,-1.7347,-1.7875;1.2160,-3.1102,-0.8874;3.7467,-3.2939,-2.8981;3.6314,-3.7544,-1.1909;4.8107,-2.5481,-1.6934;</g>
	</geometry>
	<conformers/>
	<properties/>
</molecule>
