<?xml version="1.0" ?>
<!--MOLLI PACKAGE EXPERIMENTAL XML FORMAT-->
<molecule name="nuc271">
	<atoms>
		<a id="1" s="C" t="C.3" l="C"/>
		<a id="2" s="C" t="C.3" l="C"/>
		<a id="3" s="C" t="C.3" l="C"/>
		<a id="4" s="C" t="C.3" l="C"/>
		<a id="5" s="C" t="C.3" l="C"/>
		<a id="6" s="C" t="C.3" l="C"/>
		<a id="7" s="C" t="C.3" l="C"/>
		<a id="8" s="N" t="N.3" l="N"/>
		<a id="9" s="C" t="C.ar" l="C"/>
		<a id="10" s="C" t="C.ar" l="C"/>
		<a id="11" s="C" t="C.ar" l="C"/>
		<a id="12" s="C" t="C.ar" l="C"/>
		<a id="13" s="C" t="C.ar" l="C"/>
		<a id="14" s="C" t="C.ar" l="C"/>
		<a id="15" s="C" t="C.3" l="C"/>
		<a id="16" s="C" t="C.3" l="C"/>
		<a id="17" s="C" t="C.3" l="C"/>
		<a id="18" s="C" t="C.3" l="C"/>
		<a id="19" s="N" t="N.3" l="N"/>
		<a id="20" s="H" t="H" l="H"/>
		<a id="21" s="H" t="H" l="H"/>
		<a id="22" s="H" t="H" l="H"/>
		<a id="23" s="H" t="H" l="H"/>
		<a id="24" s="H" t="H" l="H"/>
		<a id="25" s="H" t="H" l="H"/>
		<a id="26" s="H" t="H" l="H"/>
		<a id="27" s="H" t="H" l="H"/>
		<a id="28" s="H" t="H" l="H"/>
		<a id="29" s="H" t="H" l="H"/>
		<a id="30" s="H" t="H" l="H"/>
		<a id="31" s="H" t="H" l="H"/>
		<a id="32" s="H" t="H" l="H"/>
		<a id="33" s="H" t="H" l="H"/>
		<a id="34" s="H" t="H" l="H"/>
		<a id="35" s="H" t="H" l="H"/>
		<a id="36" s="H" t="H" l="H"/>
		<a id="37" s="H" t="H" l="H"/>
		<a id="38" s="H" t="H" l="H"/>
		<a id="39" s="H" t="H" l="H"/>
		<a id="40" s="H" t="H" l="H"/>
		<a id="41" s="H" t="H" l="H"/>
		<a id="42" s="H" t="H" l="H"/>
		<a id="43" s="H" t="H" l="H"/>
		<a id="44" s="H" t="H" l="H"/>
		<a id="45" s="H" t="H" l="H"/>
		<a id="46" s="H" t="H" l="H"/>
		<a id="47" s="H" t="H" l="H"/>
	</atoms>
	<bonds>
		<b id="1" c="1 2" t="1"/>
		<b id="2" c="2 3" t="1"/>
		<b id="3" c="2 4" t="1"/>
		<b id="4" c="4 5" t="1"/>
		<b id="5" c="5 6" t="1"/>
		<b id="6" c="6 7" t="1"/>
		<b id="7" c="7 8" t="1"/>
		<b id="8" c="5 9" t="1"/>
		<b id="9" c="9 10" t="ar"/>
		<b id="10" c="10 11" t="ar"/>
		<b id="11" c="11 12" t="ar"/>
		<b id="12" c="12 13" t="ar"/>
		<b id="13" c="13 14" t="ar"/>
		<b id="14" c="9 14" t="ar"/>
		<b id="15" c="5 15" t="1"/>
		<b id="16" c="15 16" t="1"/>
		<b id="17" c="16 17" t="1"/>
		<b id="18" c="16 18" t="1"/>
		<b id="19" c="16 19" t="1"/>
		<b id="20" c="2 19" t="1"/>
		<b id="21" c="1 20" t="1"/>
		<b id="22" c="1 21" t="1"/>
		<b id="23" c="1 22" t="1"/>
		<b id="24" c="3 23" t="1"/>
		<b id="25" c="3 24" t="1"/>
		<b id="26" c="3 25" t="1"/>
		<b id="27" c="4 26" t="1"/>
		<b id="28" c="4 27" t="1"/>
		<b id="29" c="6 28" t="1"/>
		<b id="30" c="6 29" t="1"/>
		<b id="31" c="7 30" t="1"/>
		<b id="32" c="7 31" t="1"/>
		<b id="33" c="8 32" t="1"/>
		<b id="34" c="8 33" t="1"/>
		<b id="35" c="10 34" t="1"/>
		<b id="36" c="11 35" t="1"/>
		<b id="37" c="12 36" t="1"/>
		<b id="38" c="13 37" t="1"/>
		<b id="39" c="14 38" t="1"/>
		<b id="40" c="15 39" t="1"/>
		<b id="41" c="15 40" t="1"/>
		<b id="42" c="17 41" t="1"/>
		<b id="43" c="17 42" t="1"/>
		<b id="44" c="17 43" t="1"/>
		<b id="45" c="18 44" t="1"/>
		<b id="46" c="18 45" t="1"/>
		<b id="47" c="18 46" t="1"/>
		<b id="48" c="19 47" t="1"/>
	</bonds>
	<geometry>
		<g u="A" t="cart/3d">#47,3:-2.2607,0.9765,-1.0677;-1.2083,0.4055,-0.1023;-1.6152,0.8716,1.3004;-1.2270,-1.1316,-0.2656;-0.0229,-1.9211,0.2756;-0.0481,-2.1364,1.8025;-1.2262,-2.9626,2.3178;-1.1073,-3.0939,3.7635;0.0049,-3.3268,-0.3334;-1.0920,-3.9047,-0.9639;-1.0337,-5.1901,-1.4765;0.1235,-5.9379,-1.3675;1.2203,-5.3855,-0.7303;1.1572,-4.1020,-0.2205;1.2670,-1.1969,-0.1772;1.3054,0.3469,-0.0763;2.3934,0.8423,-1.0431;1.7169,0.8279,1.3229;0.0670,0.9951,-0.4873;-3.2524,0.6151,-0.8077;-2.0503,0.6861,-2.0961;-2.2597,2.0621,-1.0112;-2.6131,0.5100,1.5362;-1.6228,1.9584,1.3211;-0.9404,0.5291,2.0717;-1.2616,-1.3212,-1.3429;-2.1514,-1.5081,0.1709;-0.0649,-1.1918,2.3362;0.8723,-2.6535,2.0869;-1.2599,-3.9337,1.7960;-2.1670,-2.4417,2.1244;-0.2597,-3.6017,3.9972;-1.8907,-3.6192,4.1362;-2.0207,-3.3652,-1.0573;-1.9041,-5.6075,-1.9624;0.1693,-6.9396,-1.7687;2.1316,-5.9571,-0.6266;2.0293,-3.7065,0.2773;1.4161,-1.4584,-1.2296;2.1231,-1.5783,0.3792;3.3579,0.4114,-0.7864;2.4681,1.9254,-0.9866;2.1601,0.5658,-2.0704;2.7640,0.5934,1.5006;1.1358,0.3713,2.1130;1.5853,1.9052,1.3776;0.0782,1.0947,-1.4960;</g>
	</geometry>
	<conformers/>
	<properties/>
</molecule>
