<?xml version="1.0" ?>
<!--MOLLI PACKAGE EXPERIMENTAL XML FORMAT-->
<molecule name="nuc276">
	<atoms>
		<a id="1" s="N" t="N.3" l="N"/>
		<a id="2" s="C" t="C.3" l="C"/>
		<a id="3" s="C" t="C.3" l="C"/>
		<a id="4" s="C" t="C.3" l="C"/>
		<a id="5" s="C" t="C.3" l="C"/>
		<a id="6" s="C" t="C.2" l="C"/>
		<a id="7" s="C" t="C.2" l="C"/>
		<a id="8" s="C" t="C.3" l="C"/>
		<a id="9" s="C" t="C.3" l="C"/>
		<a id="10" s="H" t="H" l="H"/>
		<a id="11" s="H" t="H" l="H"/>
		<a id="12" s="H" t="H" l="H"/>
		<a id="13" s="H" t="H" l="H"/>
		<a id="14" s="H" t="H" l="H"/>
		<a id="15" s="H" t="H" l="H"/>
		<a id="16" s="H" t="H" l="H"/>
		<a id="17" s="H" t="H" l="H"/>
		<a id="18" s="H" t="H" l="H"/>
		<a id="19" s="H" t="H" l="H"/>
		<a id="20" s="H" t="H" l="H"/>
		<a id="21" s="H" t="H" l="H"/>
		<a id="22" s="H" t="H" l="H"/>
	</atoms>
	<bonds>
		<b id="1" c="1 2" t="1"/>
		<b id="2" c="2 3" t="1"/>
		<b id="3" c="3 4" t="1"/>
		<b id="4" c="4 5" t="1"/>
		<b id="5" c="5 6" t="1"/>
		<b id="6" c="6 7" t="2"/>
		<b id="7" c="7 8" t="1"/>
		<b id="8" c="3 8" t="1"/>
		<b id="9" c="8 9" t="1"/>
		<b id="10" c="5 9" t="1"/>
		<b id="11" c="1 10" t="1"/>
		<b id="12" c="1 11" t="1"/>
		<b id="13" c="2 12" t="1"/>
		<b id="14" c="2 13" t="1"/>
		<b id="15" c="3 14" t="1"/>
		<b id="16" c="4 15" t="1"/>
		<b id="17" c="4 16" t="1"/>
		<b id="18" c="5 17" t="1"/>
		<b id="19" c="6 18" t="1"/>
		<b id="20" c="7 19" t="1"/>
		<b id="21" c="8 20" t="1"/>
		<b id="22" c="9 21" t="1"/>
		<b id="23" c="9 22" t="1"/>
	</bonds>
	<geometry>
		<g u="A" t="cart/3d">#22,3:2.0187,0.8200,-0.6376;2.4876,-0.3686,0.0590;2.9604,-1.4065,-0.9559;1.8186,-2.1375,-1.6934;2.1222,-3.6303,-1.4213;1.8720,-3.8307,0.0509;2.8390,-3.2025,0.7063;3.7510,-2.5801,-0.3186;3.6539,-3.6193,-1.4407;1.6989,1.5165,0.0259;1.2354,0.5839,-1.2375;1.7259,-0.8192,0.7173;3.3333,-0.0651,0.6837;3.6031,-0.8875,-1.6708;1.8380,-1.9314,-2.7631;0.8358,-1.8632,-1.3089;1.6154,-4.3200,-2.0923;1.0127,-4.3362,0.4534;2.9558,-3.0844,1.7684;4.7441,-2.3057,0.0282;4.0866,-4.5802,-1.1654;4.0756,-3.2815,-2.3857;</g>
	</geometry>
	<conformers/>
	<properties/>
</molecule>
