<?xml version="1.0" ?>
<!--MOLLI PACKAGE EXPERIMENTAL XML FORMAT-->
<molecule name="nuc279">
	<atoms>
		<a id="1" s="N" t="N.3" l="N"/>
		<a id="2" s="C" t="C.3" l="C"/>
		<a id="3" s="C" t="C.3" l="C"/>
		<a id="4" s="C" t="C.3" l="C"/>
		<a id="5" s="C" t="C.3" l="C"/>
		<a id="6" s="H" t="H" l="H"/>
		<a id="7" s="H" t="H" l="H"/>
		<a id="8" s="H" t="H" l="H"/>
		<a id="9" s="H" t="H" l="H"/>
		<a id="10" s="H" t="H" l="H"/>
		<a id="11" s="H" t="H" l="H"/>
		<a id="12" s="H" t="H" l="H"/>
		<a id="13" s="H" t="H" l="H"/>
		<a id="14" s="H" t="H" l="H"/>
	</atoms>
	<bonds>
		<b id="1" c="1 2" t="1"/>
		<b id="2" c="2 3" t="1"/>
		<b id="3" c="3 4" t="1"/>
		<b id="4" c="4 5" t="1"/>
		<b id="5" c="3 5" t="1"/>
		<b id="6" c="1 6" t="1"/>
		<b id="7" c="1 7" t="1"/>
		<b id="8" c="2 8" t="1"/>
		<b id="9" c="2 9" t="1"/>
		<b id="10" c="3 10" t="1"/>
		<b id="11" c="4 11" t="1"/>
		<b id="12" c="4 12" t="1"/>
		<b id="13" c="5 13" t="1"/>
		<b id="14" c="5 14" t="1"/>
	</bonds>
	<geometry>
		<g u="A" t="cart/3d">#14,3:1.0600,-0.0142,0.4142;2.3759,0.1604,-0.1847;3.0319,1.3922,0.3926;2.8257,2.7240,-0.2643;4.1639,2.0525,-0.3316;0.5927,-0.8227,0.0191;0.4861,0.8009,0.2264;2.3477,0.2468,-1.2851;2.9687,-0.7260,0.0666;3.0702,1.3756,1.4740;2.7178,3.5985,0.3587;2.2349,2.7616,-1.1679;4.9767,2.4628,0.2474;4.4744,1.6332,-1.2768;</g>
	</geometry>
	<conformers/>
	<properties/>
</molecule>
