<?xml version="1.0" ?>
<!--MOLLI PACKAGE EXPERIMENTAL XML FORMAT-->
<molecule name="nuc282">
	<atoms>
		<a id="1" s="C" t="C.3" l="C"/>
		<a id="2" s="O" t="O.3" l="O"/>
		<a id="3" s="C" t="C.2" l="C"/>
		<a id="4" s="O" t="O.2" l="O"/>
		<a id="5" s="C" t="C.3" l="C"/>
		<a id="6" s="C" t="C.3" l="C"/>
		<a id="7" s="C" t="C.3" l="C"/>
		<a id="8" s="N" t="N.pl3" l="N"/>
		<a id="9" s="C" t="C.ar" l="C"/>
		<a id="10" s="C" t="C.ar" l="C"/>
		<a id="11" s="C" t="C.ar" l="C"/>
		<a id="12" s="C" t="C.ar" l="C"/>
		<a id="13" s="N" t="N.pl3" l="N"/>
		<a id="14" s="C" t="C.ar" l="C"/>
		<a id="15" s="O" t="O.3" l="O"/>
		<a id="16" s="C" t="C.3" l="C"/>
		<a id="17" s="C" t="C.ar" l="C"/>
		<a id="18" s="C" t="C.3" l="C"/>
		<a id="19" s="C" t="C.3" l="C"/>
		<a id="20" s="H" t="H" l="H"/>
		<a id="21" s="H" t="H" l="H"/>
		<a id="22" s="H" t="H" l="H"/>
		<a id="23" s="H" t="H" l="H"/>
		<a id="24" s="H" t="H" l="H"/>
		<a id="25" s="H" t="H" l="H"/>
		<a id="26" s="H" t="H" l="H"/>
		<a id="27" s="H" t="H" l="H"/>
		<a id="28" s="H" t="H" l="H"/>
		<a id="29" s="H" t="H" l="H"/>
		<a id="30" s="H" t="H" l="H"/>
		<a id="31" s="H" t="H" l="H"/>
		<a id="32" s="H" t="H" l="H"/>
		<a id="33" s="H" t="H" l="H"/>
		<a id="34" s="H" t="H" l="H"/>
		<a id="35" s="H" t="H" l="H"/>
		<a id="36" s="H" t="H" l="H"/>
		<a id="37" s="H" t="H" l="H"/>
		<a id="38" s="H" t="H" l="H"/>
		<a id="39" s="H" t="H" l="H"/>
	</atoms>
	<bonds>
		<b id="1" c="1 2" t="1"/>
		<b id="2" c="2 3" t="1"/>
		<b id="3" c="3 4" t="2"/>
		<b id="4" c="3 5" t="1"/>
		<b id="5" c="5 6" t="1"/>
		<b id="6" c="6 7" t="1"/>
		<b id="7" c="7 8" t="1"/>
		<b id="8" c="8 9" t="1"/>
		<b id="9" c="9 10" t="ar"/>
		<b id="10" c="10 11" t="ar"/>
		<b id="11" c="11 12" t="ar"/>
		<b id="12" c="12 13" t="1"/>
		<b id="13" c="12 14" t="ar"/>
		<b id="14" c="14 15" t="1"/>
		<b id="15" c="15 16" t="1"/>
		<b id="16" c="14 17" t="ar"/>
		<b id="17" c="9 17" t="ar"/>
		<b id="18" c="8 18" t="1"/>
		<b id="19" c="18 19" t="1"/>
		<b id="20" c="5 19" t="1"/>
		<b id="21" c="1 20" t="1"/>
		<b id="22" c="1 21" t="1"/>
		<b id="23" c="1 22" t="1"/>
		<b id="24" c="5 23" t="1"/>
		<b id="25" c="6 24" t="1"/>
		<b id="26" c="6 25" t="1"/>
		<b id="27" c="7 26" t="1"/>
		<b id="28" c="7 27" t="1"/>
		<b id="29" c="10 28" t="1"/>
		<b id="30" c="11 29" t="1"/>
		<b id="31" c="13 30" t="1"/>
		<b id="32" c="13 31" t="1"/>
		<b id="33" c="16 32" t="1"/>
		<b id="34" c="16 33" t="1"/>
		<b id="35" c="16 34" t="1"/>
		<b id="36" c="17 35" t="1"/>
		<b id="37" c="18 36" t="1"/>
		<b id="38" c="18 37" t="1"/>
		<b id="39" c="19 38" t="1"/>
		<b id="40" c="19 39" t="1"/>
	</bonds>
	<geometry>
		<g u="A" t="cart/3d">#39,3:1.7254,2.8467,-0.6616;3.0594,2.4096,-0.8792;3.5097,1.4548,-0.0528;2.8444,0.9869,0.8332;4.9532,1.0981,-0.3653;5.1350,0.7586,-1.8499;4.4677,-0.5885,-2.1527;4.9850,-1.6585,-1.3332;6.1171,-2.3652,-1.7320;6.4897,-3.5299,-1.0528;7.5590,-4.2956,-1.4654;8.3091,-3.9498,-2.5852;9.4247,-4.6800,-2.9840;7.9376,-2.7924,-3.2759;8.6374,-2.4284,-4.4256;9.7603,-1.6148,-4.1635;6.8734,-2.0154,-2.8532;4.7651,-1.3823,0.0708;5.4320,-0.0686,0.5016;1.5502,3.6537,-1.3685;1.6047,3.2006,0.3641;1.0243,2.0277,-0.8346;5.5370,1.9974,-0.1325;6.2035,0.6934,-2.0630;4.7025,1.5427,-2.4714;4.5747,-0.8515,-3.2057;3.3951,-0.5077,-1.9367;5.9185,-3.8633,-0.2006;7.8165,-5.1925,-0.9202;9.4106,-5.6497,-2.7053;9.6464,-4.5536,-3.9621;9.4629,-0.6654,-3.7035;10.2289,-1.4183,-5.1264;10.4732,-2.1186,-3.5018;6.6510,-1.1375,-3.4382;5.1530,-2.1963,0.6797;3.6871,-1.3097,0.2421;6.5150,-0.1671,0.3995;5.1938,0.1269,1.5475;</g>
	</geometry>
	<conformers/>
	<properties/>
</molecule>
