<?xml version="1.0" ?>
<!--MOLLI PACKAGE EXPERIMENTAL XML FORMAT-->
<molecule name="nuc283">
	<atoms>
		<a id="1" s="N" t="N.pl3" l="N"/>
		<a id="2" s="C" t="C.ar" l="C"/>
		<a id="3" s="C" t="C.ar" l="C"/>
		<a id="4" s="C" t="C.ar" l="C"/>
		<a id="5" s="C" t="C.ar" l="C"/>
		<a id="6" s="N" t="N.pl3" l="N"/>
		<a id="7" s="C" t="C.3" l="C"/>
		<a id="8" s="C" t="C.3" l="C"/>
		<a id="9" s="O" t="O.3" l="O"/>
		<a id="10" s="C" t="C.3" l="C"/>
		<a id="11" s="C" t="C.3" l="C"/>
		<a id="12" s="C" t="C.ar" l="C"/>
		<a id="13" s="C" t="C.ar" l="C"/>
		<a id="14" s="O" t="O.3" l="O"/>
		<a id="15" s="C" t="C.3" l="C"/>
		<a id="16" s="F" t="F" l="F"/>
		<a id="17" s="F" t="F" l="F"/>
		<a id="18" s="F" t="F" l="F"/>
		<a id="19" s="H" t="H" l="H"/>
		<a id="20" s="H" t="H" l="H"/>
		<a id="21" s="H" t="H" l="H"/>
		<a id="22" s="H" t="H" l="H"/>
		<a id="23" s="H" t="H" l="H"/>
		<a id="24" s="H" t="H" l="H"/>
		<a id="25" s="H" t="H" l="H"/>
		<a id="26" s="H" t="H" l="H"/>
		<a id="27" s="H" t="H" l="H"/>
		<a id="28" s="H" t="H" l="H"/>
		<a id="29" s="H" t="H" l="H"/>
		<a id="30" s="H" t="H" l="H"/>
		<a id="31" s="H" t="H" l="H"/>
	</atoms>
	<bonds>
		<b id="1" c="1 2" t="1"/>
		<b id="2" c="2 3" t="ar"/>
		<b id="3" c="3 4" t="ar"/>
		<b id="4" c="4 5" t="ar"/>
		<b id="5" c="5 6" t="1"/>
		<b id="6" c="6 7" t="1"/>
		<b id="7" c="7 8" t="1"/>
		<b id="8" c="8 9" t="1"/>
		<b id="9" c="9 10" t="1"/>
		<b id="10" c="10 11" t="1"/>
		<b id="11" c="6 11" t="1"/>
		<b id="12" c="5 12" t="ar"/>
		<b id="13" c="12 13" t="ar"/>
		<b id="14" c="2 13" t="ar"/>
		<b id="15" c="13 14" t="1"/>
		<b id="16" c="14 15" t="1"/>
		<b id="17" c="15 16" t="1"/>
		<b id="18" c="15 17" t="1"/>
		<b id="19" c="15 18" t="1"/>
		<b id="20" c="1 19" t="1"/>
		<b id="21" c="1 20" t="1"/>
		<b id="22" c="3 21" t="1"/>
		<b id="23" c="4 22" t="1"/>
		<b id="24" c="7 23" t="1"/>
		<b id="25" c="7 24" t="1"/>
		<b id="26" c="8 25" t="1"/>
		<b id="27" c="8 26" t="1"/>
		<b id="28" c="10 27" t="1"/>
		<b id="29" c="10 28" t="1"/>
		<b id="30" c="11 29" t="1"/>
		<b id="31" c="11 30" t="1"/>
		<b id="32" c="12 31" t="1"/>
	</bonds>
	<geometry>
		<g u="A" t="cart/3d">#31,3:2.3136,0.3848,-0.4381;0.9465,0.2537,-0.3275;0.1003,1.3618,-0.4079;-1.2723,1.2398,-0.3861;-1.8942,-0.0108,-0.2981;-3.2678,-0.1930,-0.3649;-4.1530,0.9021,-0.7031;-4.6562,1.6242,0.5542;-5.3002,0.7150,1.4201;-4.4347,-0.3377,1.7847;-3.9282,-1.1043,0.5521;-1.0572,-1.1275,-0.2186;0.3145,-0.9874,-0.2224;1.1040,-2.1812,-0.1468;1.3824,-2.5992,1.0607;0.3492,-2.5747,1.9267;1.8329,-3.8506,1.0220;2.3595,-1.8775,1.6755;2.6888,1.2865,-0.1938;2.8685,-0.3945,-0.1245;0.5461,2.3427,-0.4797;-1.8610,2.1420,-0.4320;-5.0168,0.4684,-1.2197;-3.6585,1.5931,-1.3837;-5.3999,2.3803,0.2976;-3.8125,2.1013,1.0766;-5.0125,-0.9933,2.4388;-3.5705,0.0634,2.3385;-4.7796,-1.5572,0.0316;-3.2483,-1.8894,0.8753;-1.4641,-2.1244,-0.1738;</g>
	</geometry>
	<conformers/>
	<properties/>
</molecule>
