<?xml version="1.0" ?>
<!--MOLLI PACKAGE EXPERIMENTAL XML FORMAT-->
<molecule name="nuc284">
	<atoms>
		<a id="1" s="C" t="C.3" l="C"/>
		<a id="2" s="S" t="S.O2" l="S"/>
		<a id="3" s="O" t="O.2" l="O"/>
		<a id="4" s="O" t="O.2" l="O"/>
		<a id="5" s="C" t="C.ar" l="C"/>
		<a id="6" s="C" t="C.ar" l="C"/>
		<a id="7" s="C" t="C.ar" l="C"/>
		<a id="8" s="N" t="N.pl3" l="N"/>
		<a id="9" s="C" t="C.3" l="C"/>
		<a id="10" s="C" t="C.3" l="C"/>
		<a id="11" s="O" t="O.3" l="O"/>
		<a id="12" s="C" t="C.3" l="C"/>
		<a id="13" s="C" t="C.3" l="C"/>
		<a id="14" s="C" t="C.ar" l="C"/>
		<a id="15" s="C" t="C.ar" l="C"/>
		<a id="16" s="C" t="C.ar" l="C"/>
		<a id="17" s="N" t="N.pl3" l="N"/>
		<a id="18" s="H" t="H" l="H"/>
		<a id="19" s="H" t="H" l="H"/>
		<a id="20" s="H" t="H" l="H"/>
		<a id="21" s="H" t="H" l="H"/>
		<a id="22" s="H" t="H" l="H"/>
		<a id="23" s="H" t="H" l="H"/>
		<a id="24" s="H" t="H" l="H"/>
		<a id="25" s="H" t="H" l="H"/>
		<a id="26" s="H" t="H" l="H"/>
		<a id="27" s="H" t="H" l="H"/>
		<a id="28" s="H" t="H" l="H"/>
		<a id="29" s="H" t="H" l="H"/>
		<a id="30" s="H" t="H" l="H"/>
		<a id="31" s="H" t="H" l="H"/>
		<a id="32" s="H" t="H" l="H"/>
		<a id="33" s="H" t="H" l="H"/>
	</atoms>
	<bonds>
		<b id="1" c="1 2" t="1"/>
		<b id="2" c="2 3" t="2"/>
		<b id="3" c="2 4" t="2"/>
		<b id="4" c="2 5" t="1"/>
		<b id="5" c="5 6" t="ar"/>
		<b id="6" c="6 7" t="ar"/>
		<b id="7" c="7 8" t="1"/>
		<b id="8" c="8 9" t="1"/>
		<b id="9" c="9 10" t="1"/>
		<b id="10" c="10 11" t="1"/>
		<b id="11" c="11 12" t="1"/>
		<b id="12" c="12 13" t="1"/>
		<b id="13" c="8 13" t="1"/>
		<b id="14" c="7 14" t="ar"/>
		<b id="15" c="14 15" t="ar"/>
		<b id="16" c="15 16" t="ar"/>
		<b id="17" c="5 16" t="ar"/>
		<b id="18" c="16 17" t="1"/>
		<b id="19" c="1 18" t="1"/>
		<b id="20" c="1 19" t="1"/>
		<b id="21" c="1 20" t="1"/>
		<b id="22" c="6 21" t="1"/>
		<b id="23" c="9 22" t="1"/>
		<b id="24" c="9 23" t="1"/>
		<b id="25" c="10 24" t="1"/>
		<b id="26" c="10 25" t="1"/>
		<b id="27" c="12 26" t="1"/>
		<b id="28" c="12 27" t="1"/>
		<b id="29" c="13 28" t="1"/>
		<b id="30" c="13 29" t="1"/>
		<b id="31" c="14 30" t="1"/>
		<b id="32" c="15 31" t="1"/>
		<b id="33" c="17 32" t="1"/>
		<b id="34" c="17 33" t="1"/>
	</bonds>
	<geometry>
		<g u="A" t="cart/3d">#33,3:1.4679,0.3369,-0.5472;3.2424,0.2164,-0.1727;3.7688,1.5472,-0.0383;3.3879,-0.6703,0.9620;3.9319,-0.5533,-1.6273;4.5554,0.2636,-2.5446;5.1056,-0.2584,-3.7160;5.6931,0.5979,-4.6449;6.0393,0.0972,-5.9588;6.1793,1.2908,-6.9110;7.1406,2.2132,-6.4604;6.8005,2.6922,-5.1796;6.6914,1.5442,-4.1759;4.9718,-1.6372,-3.9208;4.3340,-2.4460,-3.0032;3.7983,-1.9284,-1.8204;3.1033,-2.7110,-0.9263;0.9725,0.7751,0.3100;1.1001,-0.6630,-0.7369;1.3588,0.9694,-1.4180;4.6011,1.3153,-2.3127;5.2398,-0.5472,-6.3261;6.9872,-0.4655,-5.9453;5.2014,1.7878,-7.0045;6.5120,0.9571,-7.8954;5.8412,3.2295,-5.2245;7.5928,3.3841,-4.8901;6.4146,1.9325,-3.1982;7.6747,1.0517,-4.0952;5.3884,-2.0980,-4.8024;4.2564,-3.5071,-3.1913;3.3098,-3.6972,-0.9694;3.0763,-2.3289,0.0129;</g>
	</geometry>
	<conformers/>
	<properties/>
</molecule>
