<?xml version="1.0" ?>
<!--MOLLI PACKAGE EXPERIMENTAL XML FORMAT-->
<molecule name="nuc295">
	<atoms>
		<a id="1" s="C" t="C.3" l="C"/>
		<a id="2" s="C" t="C.3" l="C"/>
		<a id="3" s="C" t="C.3" l="C"/>
		<a id="4" s="C" t="C.3" l="C"/>
		<a id="5" s="O" t="O.3" l="O"/>
		<a id="6" s="C" t="C.2" l="C"/>
		<a id="7" s="O" t="O.2" l="O"/>
		<a id="8" s="N" t="N.am" l="N"/>
		<a id="9" s="C" t="C.3" l="C"/>
		<a id="10" s="C" t="C.3" l="C"/>
		<a id="11" s="N" t="N.pl3" l="N"/>
		<a id="12" s="C" t="C.ar" l="C"/>
		<a id="13" s="C" t="C.ar" l="C"/>
		<a id="14" s="C" t="C.ar" l="C"/>
		<a id="15" s="C" t="C.ar" l="C"/>
		<a id="16" s="C" t="C.ar" l="C"/>
		<a id="17" s="C" t="C.ar" l="C"/>
		<a id="18" s="C" t="C.ar" l="C"/>
		<a id="19" s="C" t="C.ar" l="C"/>
		<a id="20" s="C" t="C.ar" l="C"/>
		<a id="21" s="C" t="C.ar" l="C"/>
		<a id="22" s="N" t="N.pl3" l="N"/>
		<a id="23" s="N" t="N.ar" l="N"/>
		<a id="24" s="C" t="C.ar" l="C"/>
		<a id="25" s="C" t="C.3" l="C"/>
		<a id="26" s="C" t="C.3" l="C"/>
		<a id="27" s="H" t="H" l="H"/>
		<a id="28" s="H" t="H" l="H"/>
		<a id="29" s="H" t="H" l="H"/>
		<a id="30" s="H" t="H" l="H"/>
		<a id="31" s="H" t="H" l="H"/>
		<a id="32" s="H" t="H" l="H"/>
		<a id="33" s="H" t="H" l="H"/>
		<a id="34" s="H" t="H" l="H"/>
		<a id="35" s="H" t="H" l="H"/>
		<a id="36" s="H" t="H" l="H"/>
		<a id="37" s="H" t="H" l="H"/>
		<a id="38" s="H" t="H" l="H"/>
		<a id="39" s="H" t="H" l="H"/>
		<a id="40" s="H" t="H" l="H"/>
		<a id="41" s="H" t="H" l="H"/>
		<a id="42" s="H" t="H" l="H"/>
		<a id="43" s="H" t="H" l="H"/>
		<a id="44" s="H" t="H" l="H"/>
		<a id="45" s="H" t="H" l="H"/>
		<a id="46" s="H" t="H" l="H"/>
		<a id="47" s="H" t="H" l="H"/>
		<a id="48" s="H" t="H" l="H"/>
		<a id="49" s="H" t="H" l="H"/>
		<a id="50" s="H" t="H" l="H"/>
		<a id="51" s="H" t="H" l="H"/>
		<a id="52" s="H" t="H" l="H"/>
	</atoms>
	<bonds>
		<b id="1" c="1 2" t="1"/>
		<b id="2" c="2 3" t="1"/>
		<b id="3" c="2 4" t="1"/>
		<b id="4" c="2 5" t="1"/>
		<b id="5" c="5 6" t="1"/>
		<b id="6" c="6 7" t="2"/>
		<b id="7" c="6 8" t="am"/>
		<b id="8" c="8 9" t="1"/>
		<b id="9" c="9 10" t="1"/>
		<b id="10" c="10 11" t="1"/>
		<b id="11" c="11 12" t="1"/>
		<b id="12" c="12 13" t="ar"/>
		<b id="13" c="13 14" t="ar"/>
		<b id="14" c="14 15" t="ar"/>
		<b id="15" c="15 16" t="ar"/>
		<b id="16" c="16 17" t="1"/>
		<b id="17" c="17 18" t="ar"/>
		<b id="18" c="18 19" t="ar"/>
		<b id="19" c="19 20" t="ar"/>
		<b id="20" c="20 21" t="ar"/>
		<b id="21" c="21 22" t="1"/>
		<b id="22" c="21 23" t="ar"/>
		<b id="23" c="17 23" t="ar"/>
		<b id="24" c="16 24" t="ar"/>
		<b id="25" c="12 24" t="ar"/>
		<b id="26" c="11 25" t="1"/>
		<b id="27" c="25 26" t="1"/>
		<b id="28" c="8 26" t="1"/>
		<b id="29" c="1 27" t="1"/>
		<b id="30" c="1 28" t="1"/>
		<b id="31" c="1 29" t="1"/>
		<b id="32" c="3 30" t="1"/>
		<b id="33" c="3 31" t="1"/>
		<b id="34" c="3 32" t="1"/>
		<b id="35" c="4 33" t="1"/>
		<b id="36" c="4 34" t="1"/>
		<b id="37" c="4 35" t="1"/>
		<b id="38" c="9 36" t="1"/>
		<b id="39" c="9 37" t="1"/>
		<b id="40" c="10 38" t="1"/>
		<b id="41" c="10 39" t="1"/>
		<b id="42" c="13 40" t="1"/>
		<b id="43" c="14 41" t="1"/>
		<b id="44" c="15 42" t="1"/>
		<b id="45" c="18 43" t="1"/>
		<b id="46" c="19 44" t="1"/>
		<b id="47" c="20 45" t="1"/>
		<b id="48" c="22 46" t="1"/>
		<b id="49" c="22 47" t="1"/>
		<b id="50" c="24 48" t="1"/>
		<b id="51" c="25 49" t="1"/>
		<b id="52" c="25 50" t="1"/>
		<b id="53" c="26 51" t="1"/>
		<b id="54" c="26 52" t="1"/>
	</bonds>
	<geometry>
		<g u="A" t="cart/3d">#52,3:4.2909,-1.2778,0.8762;3.2484,-0.1731,1.0437;2.5808,0.1590,-0.2909;2.1981,-0.5824,2.0783;3.8508,1.0133,1.6111;4.8409,1.6492,0.9566;5.3063,1.3212,-0.1124;5.3033,2.7089,1.6689;4.6384,3.2612,2.8294;3.9150,4.5533,2.4160;4.8201,5.5057,1.8118;5.5192,6.4116,2.6042;6.2358,7.4516,1.9987;6.9017,8.3894,2.7608;6.8611,8.3441,4.1427;6.1305,7.3391,4.7687;6.0447,7.2384,6.2334;6.1707,8.3519,7.0598;6.0736,8.1767,8.4331;5.8603,6.9149,8.9438;5.7348,5.8523,8.0375;5.5770,4.5643,8.4742;5.8154,6.0197,6.7242;5.4780,6.3829,3.9973;5.4678,4.9252,0.6527;6.2157,3.6380,1.0374;3.8070,-2.1886,0.5350;4.7842,-1.4728,1.8262;5.0385,-0.9781,0.1473;2.0577,-0.7156,-0.6670;3.3299,0.4632,-1.0165;1.8659,0.9691,-0.1600;1.6763,-1.4741,1.7442;1.4777,0.2197,2.2169;2.6757,-0.7870,3.0331;5.4001,3.4854,3.5837;3.9363,2.5305,3.2265;3.4081,5.0097,3.2652;3.1595,4.3005,1.6622;6.2601,7.5390,0.9233;7.4568,9.1737,2.2666;7.4084,9.0711,4.7217;6.3161,9.3351,6.6435;6.1618,9.0250,9.0973;5.7855,6.7367,10.0056;5.2137,4.4170,9.3996;5.3158,3.8938,7.7712;4.9482,5.6138,4.5340;6.1685,5.6299,0.2107;4.6982,4.6839,-0.0886;7.0175,3.8764,1.7446;6.6342,3.1543,0.1543;</g>
	</geometry>
	<conformers/>
	<properties/>
</molecule>
