<?xml version="1.0" ?>
<!--MOLLI PACKAGE EXPERIMENTAL XML FORMAT-->
<molecule name="nuc299">
	<atoms>
		<a id="1" s="C" t="C.3" l="C"/>
		<a id="2" s="N" t="N.am" l="N"/>
		<a id="3" s="C" t="C.2" l="C"/>
		<a id="4" s="O" t="O.2" l="O"/>
		<a id="5" s="C" t="C.ar" l="C"/>
		<a id="6" s="C" t="C.ar" l="C"/>
		<a id="7" s="C" t="C.ar" l="C"/>
		<a id="8" s="C" t="C.ar" l="C"/>
		<a id="9" s="C" t="C.ar" l="C"/>
		<a id="10" s="C" t="C.ar" l="C"/>
		<a id="11" s="N" t="N.pl3" l="N"/>
		<a id="12" s="H" t="H" l="H"/>
		<a id="13" s="H" t="H" l="H"/>
		<a id="14" s="H" t="H" l="H"/>
		<a id="15" s="H" t="H" l="H"/>
		<a id="16" s="H" t="H" l="H"/>
		<a id="17" s="H" t="H" l="H"/>
		<a id="18" s="H" t="H" l="H"/>
		<a id="19" s="H" t="H" l="H"/>
		<a id="20" s="H" t="H" l="H"/>
		<a id="21" s="H" t="H" l="H"/>
	</atoms>
	<bonds>
		<b id="1" c="1 2" t="1"/>
		<b id="2" c="2 3" t="am"/>
		<b id="3" c="3 4" t="2"/>
		<b id="4" c="3 5" t="1"/>
		<b id="5" c="5 6" t="ar"/>
		<b id="6" c="6 7" t="ar"/>
		<b id="7" c="7 8" t="ar"/>
		<b id="8" c="8 9" t="ar"/>
		<b id="9" c="9 10" t="ar"/>
		<b id="10" c="5 10" t="ar"/>
		<b id="11" c="10 11" t="1"/>
		<b id="12" c="1 12" t="1"/>
		<b id="13" c="1 13" t="1"/>
		<b id="14" c="1 14" t="1"/>
		<b id="15" c="2 15" t="1"/>
		<b id="16" c="6 16" t="1"/>
		<b id="17" c="7 17" t="1"/>
		<b id="18" c="8 18" t="1"/>
		<b id="19" c="9 19" t="1"/>
		<b id="20" c="11 20" t="1"/>
		<b id="21" c="11 21" t="1"/>
	</bonds>
	<geometry>
		<g u="A" t="cart/3d">#21,3:1.0173,-0.0034,-0.0562;2.4501,0.0785,0.0807;3.0776,-0.1296,1.2687;2.4715,-0.3166,2.3058;4.5668,-0.1294,1.1840;5.2425,-1.1076,1.9051;6.6190,-1.2093,1.8579;7.3393,-0.3081,1.0897;6.6874,0.6928,0.3987;5.2970,0.8069,0.4360;4.6727,1.8070,-0.2953;0.6291,0.8852,-0.5576;0.5995,-0.0679,0.9473;0.7232,-0.8891,-0.6242;3.0028,0.1112,-0.7615;4.6571,-1.7920,2.5005;7.1275,-1.9809,2.4148;8.4161,-0.3759,1.0400;7.2528,1.4088,-0.1817;5.2791,2.5701,-0.5563;3.7799,2.1123,0.0625;</g>
	</geometry>
	<conformers/>
	<properties/>
</molecule>
