<?xml version="1.0" ?>
<!--MOLLI PACKAGE EXPERIMENTAL XML FORMAT-->
<molecule name="nuc300">
	<atoms>
		<a id="1" s="C" t="C.3" l="C"/>
		<a id="2" s="N" t="N.am" l="N"/>
		<a id="3" s="C" t="C.3" l="C"/>
		<a id="4" s="C" t="C.ar" l="C"/>
		<a id="5" s="C" t="C.ar" l="C"/>
		<a id="6" s="C" t="C.ar" l="C"/>
		<a id="7" s="C" t="C.ar" l="C"/>
		<a id="8" s="C" t="C.ar" l="C"/>
		<a id="9" s="N" t="N.pl3" l="N"/>
		<a id="10" s="C" t="C.ar" l="C"/>
		<a id="11" s="C" t="C.2" l="C"/>
		<a id="12" s="O" t="O.2" l="O"/>
		<a id="13" s="H" t="H" l="H"/>
		<a id="14" s="H" t="H" l="H"/>
		<a id="15" s="H" t="H" l="H"/>
		<a id="16" s="H" t="H" l="H"/>
		<a id="17" s="H" t="H" l="H"/>
		<a id="18" s="H" t="H" l="H"/>
		<a id="19" s="H" t="H" l="H"/>
		<a id="20" s="H" t="H" l="H"/>
		<a id="21" s="H" t="H" l="H"/>
		<a id="22" s="H" t="H" l="H"/>
	</atoms>
	<bonds>
		<b id="1" c="1 2" t="1"/>
		<b id="2" c="2 3" t="1"/>
		<b id="3" c="3 4" t="1"/>
		<b id="4" c="4 5" t="ar"/>
		<b id="5" c="5 6" t="ar"/>
		<b id="6" c="6 7" t="ar"/>
		<b id="7" c="7 8" t="ar"/>
		<b id="8" c="8 9" t="1"/>
		<b id="9" c="8 10" t="ar"/>
		<b id="10" c="4 10" t="ar"/>
		<b id="11" c="10 11" t="1"/>
		<b id="12" c="2 11" t="am"/>
		<b id="13" c="11 12" t="2"/>
		<b id="14" c="1 13" t="1"/>
		<b id="15" c="1 14" t="1"/>
		<b id="16" c="1 15" t="1"/>
		<b id="17" c="3 16" t="1"/>
		<b id="18" c="3 17" t="1"/>
		<b id="19" c="5 18" t="1"/>
		<b id="20" c="6 19" t="1"/>
		<b id="21" c="7 20" t="1"/>
		<b id="22" c="9 21" t="1"/>
		<b id="23" c="9 22" t="1"/>
	</bonds>
	<geometry>
		<g u="A" t="cart/3d">#22,3:1.3156,0.2032,-0.0763;2.7420,0.0132,-0.0569;3.6831,1.1095,-0.0411;5.0107,0.4113,-0.0422;6.2953,0.9108,-0.0566;7.3422,-0.0077,-0.0738;7.1221,-1.3711,-0.0692;5.8211,-1.8927,-0.0435;5.5425,-3.2184,0.0265;4.7786,-0.9601,-0.0385;3.3340,-1.2113,-0.0581;2.7486,-2.2827,-0.0861;1.0925,1.2669,-0.1194;0.8615,-0.2262,0.8203;0.8814,-0.2945,-0.9465;3.5495,1.7314,0.8532;3.5561,1.7496,-0.9234;6.4899,1.9719,-0.0598;8.3590,0.3571,-0.0928;7.9603,-2.0528,-0.0835;6.2537,-3.8933,-0.1901;4.5725,-3.4762,-0.0816;</g>
	</geometry>
	<conformers/>
	<properties/>
</molecule>
