<?xml version="1.0" ?>
<!--MOLLI PACKAGE EXPERIMENTAL XML FORMAT-->
<molecule name="nuc304">
	<atoms>
		<a id="1" s="N" t="N.am" l="N"/>
		<a id="2" s="C" t="C.2" l="C"/>
		<a id="3" s="O" t="O.2" l="O"/>
		<a id="4" s="C" t="C.3" l="C"/>
		<a id="5" s="C" t="C.3" l="C"/>
		<a id="6" s="C" t="C.3" l="C"/>
		<a id="7" s="F" t="F" l="F"/>
		<a id="8" s="H" t="H" l="H"/>
		<a id="9" s="H" t="H" l="H"/>
		<a id="10" s="H" t="H" l="H"/>
		<a id="11" s="H" t="H" l="H"/>
		<a id="12" s="H" t="H" l="H"/>
		<a id="13" s="H" t="H" l="H"/>
	</atoms>
	<bonds>
		<b id="1" c="1 2" t="am"/>
		<b id="2" c="2 3" t="2"/>
		<b id="3" c="2 4" t="1"/>
		<b id="4" c="4 5" t="1"/>
		<b id="5" c="5 6" t="1"/>
		<b id="6" c="4 6" t="1"/>
		<b id="7" c="6 7" t="1"/>
		<b id="8" c="1 8" t="1"/>
		<b id="9" c="1 9" t="1"/>
		<b id="10" c="4 10" t="1"/>
		<b id="11" c="5 11" t="1"/>
		<b id="12" c="5 12" t="1"/>
		<b id="13" c="6 13" t="1"/>
	</bonds>
	<geometry>
		<g u="A" t="cart/3d">#13,3:2.5267,-0.3370,-1.3297;2.3312,0.0154,-0.0379;1.6152,0.9377,0.2852;3.1042,-0.7577,0.9916;4.5306,-1.1966,0.7427;3.4541,-2.2143,0.8618;3.0838,-2.8952,-0.2626;1.9587,0.1294,-2.0183;2.9371,-1.2175,-1.5869;2.8576,-0.4179,1.9900;5.2471,-1.1044,1.5435;4.9387,-1.0138,-0.2397;3.3803,-2.8690,1.7209;</g>
	</geometry>
	<conformers/>
	<properties/>
</molecule>
