<?xml version="1.0" ?>
<!--MOLLI PACKAGE EXPERIMENTAL XML FORMAT-->
<molecule name="nuc306">
	<atoms>
		<a id="1" s="N" t="N.pl3" l="N"/>
		<a id="2" s="C" t="C.ar" l="C"/>
		<a id="3" s="C" t="C.ar" l="C"/>
		<a id="4" s="C" t="C.ar" l="C"/>
		<a id="5" s="C" t="C.ar" l="C"/>
		<a id="6" s="C" t="C.3" l="C"/>
		<a id="7" s="F" t="F" l="F"/>
		<a id="8" s="F" t="F" l="F"/>
		<a id="9" s="F" t="F" l="F"/>
		<a id="10" s="C" t="C.ar" l="C"/>
		<a id="11" s="C" t="C.ar" l="C"/>
		<a id="12" s="C" t="C.3" l="C"/>
		<a id="13" s="F" t="F" l="F"/>
		<a id="14" s="F" t="F" l="F"/>
		<a id="15" s="F" t="F" l="F"/>
		<a id="16" s="H" t="H" l="H"/>
		<a id="17" s="H" t="H" l="H"/>
		<a id="18" s="H" t="H" l="H"/>
		<a id="19" s="H" t="H" l="H"/>
		<a id="20" s="H" t="H" l="H"/>
	</atoms>
	<bonds>
		<b id="1" c="1 2" t="1"/>
		<b id="2" c="2 3" t="ar"/>
		<b id="3" c="3 4" t="ar"/>
		<b id="4" c="4 5" t="ar"/>
		<b id="5" c="5 6" t="1"/>
		<b id="6" c="6 7" t="1"/>
		<b id="7" c="6 8" t="1"/>
		<b id="8" c="6 9" t="1"/>
		<b id="9" c="5 10" t="ar"/>
		<b id="10" c="10 11" t="ar"/>
		<b id="11" c="2 11" t="ar"/>
		<b id="12" c="11 12" t="1"/>
		<b id="13" c="12 13" t="1"/>
		<b id="14" c="12 14" t="1"/>
		<b id="15" c="12 15" t="1"/>
		<b id="16" c="1 16" t="1"/>
		<b id="17" c="1 17" t="1"/>
		<b id="18" c="3 18" t="1"/>
		<b id="19" c="4 19" t="1"/>
		<b id="20" c="10 20" t="1"/>
	</bonds>
	<geometry>
		<g u="A" t="cart/3d">#20,3:2.3165,0.0018,-0.1646;0.9687,-0.0121,-0.0852;0.2504,1.1946,-0.1123;-1.1212,1.2142,-0.0465;-1.8311,0.0197,0.0516;-3.3286,0.0048,0.1166;-3.8653,1.2294,0.2005;-3.8805,-0.5765,-0.9663;-3.7873,-0.6856,1.1768;-1.1530,-1.1887,0.0806;0.2299,-1.2088,0.0140;0.9564,-2.5196,0.0484;1.8236,-2.6006,1.0839;0.1501,-3.5760,0.1508;1.7113,-2.7217,-1.0550;2.7992,0.8808,-0.2001;2.8664,-0.8355,-0.1124;0.7991,2.1206,-0.1874;-1.6513,2.1535,-0.0685;-1.7020,-2.1148,0.1573;</g>
	</geometry>
	<conformers/>
	<properties/>
</molecule>
