<?xml version="1.0" ?>
<!--MOLLI PACKAGE EXPERIMENTAL XML FORMAT-->
<molecule name="nuc307">
	<atoms>
		<a id="1" s="N" t="N.pl3" l="N"/>
		<a id="2" s="C" t="C.ar" l="C"/>
		<a id="3" s="C" t="C.ar" l="C"/>
		<a id="4" s="C" t="C.ar" l="C"/>
		<a id="5" s="C" t="C.ar" l="C"/>
		<a id="6" s="C" t="C.ar" l="C"/>
		<a id="7" s="C" t="C.ar" l="C"/>
		<a id="8" s="N" t="N.pl3" l="N"/>
		<a id="9" s="C" t="C.ar" l="C"/>
		<a id="10" s="C" t="C.ar" l="C"/>
		<a id="11" s="C" t="C.ar" l="C"/>
		<a id="12" s="C" t="C.ar" l="C"/>
		<a id="13" s="C" t="C.3" l="C"/>
		<a id="14" s="F" t="F" l="F"/>
		<a id="15" s="F" t="F" l="F"/>
		<a id="16" s="F" t="F" l="F"/>
		<a id="17" s="C" t="C.ar" l="C"/>
		<a id="18" s="C" t="C.ar" l="C"/>
		<a id="19" s="C" t="C.3" l="C"/>
		<a id="20" s="F" t="F" l="F"/>
		<a id="21" s="F" t="F" l="F"/>
		<a id="22" s="F" t="F" l="F"/>
		<a id="23" s="N" t="N.ar" l="N"/>
		<a id="24" s="C" t="C.ar" l="C"/>
		<a id="25" s="C" t="C.ar" l="C"/>
		<a id="26" s="C" t="C.ar" l="C"/>
		<a id="27" s="H" t="H" l="H"/>
		<a id="28" s="H" t="H" l="H"/>
		<a id="29" s="H" t="H" l="H"/>
		<a id="30" s="H" t="H" l="H"/>
		<a id="31" s="H" t="H" l="H"/>
		<a id="32" s="H" t="H" l="H"/>
		<a id="33" s="H" t="H" l="H"/>
		<a id="34" s="H" t="H" l="H"/>
		<a id="35" s="H" t="H" l="H"/>
		<a id="36" s="H" t="H" l="H"/>
		<a id="37" s="H" t="H" l="H"/>
	</atoms>
	<bonds>
		<b id="1" c="1 2" t="1"/>
		<b id="2" c="2 3" t="ar"/>
		<b id="3" c="3 4" t="ar"/>
		<b id="4" c="4 5" t="ar"/>
		<b id="5" c="5 6" t="ar"/>
		<b id="6" c="6 7" t="ar"/>
		<b id="7" c="7 8" t="1"/>
		<b id="8" c="8 9" t="1"/>
		<b id="9" c="9 10" t="ar"/>
		<b id="10" c="10 11" t="ar"/>
		<b id="11" c="11 12" t="ar"/>
		<b id="12" c="12 13" t="1"/>
		<b id="13" c="13 14" t="1"/>
		<b id="14" c="13 15" t="1"/>
		<b id="15" c="13 16" t="1"/>
		<b id="16" c="12 17" t="ar"/>
		<b id="17" c="17 18" t="ar"/>
		<b id="18" c="9 18" t="ar"/>
		<b id="19" c="18 19" t="1"/>
		<b id="20" c="19 20" t="1"/>
		<b id="21" c="19 21" t="1"/>
		<b id="22" c="19 22" t="1"/>
		<b id="23" c="7 23" t="ar"/>
		<b id="24" c="23 24" t="ar"/>
		<b id="25" c="24 25" t="ar"/>
		<b id="26" c="25 26" t="ar"/>
		<b id="27" c="2 26" t="ar"/>
		<b id="28" c="6 26" t="ar"/>
		<b id="29" c="1 27" t="1"/>
		<b id="30" c="1 28" t="1"/>
		<b id="31" c="3 29" t="1"/>
		<b id="32" c="4 30" t="1"/>
		<b id="33" c="5 31" t="1"/>
		<b id="34" c="8 32" t="1"/>
		<b id="35" c="10 33" t="1"/>
		<b id="36" c="11 34" t="1"/>
		<b id="37" c="17 35" t="1"/>
		<b id="38" c="24 36" t="1"/>
		<b id="39" c="25 37" t="1"/>
	</bonds>
	<geometry>
		<g u="A" t="cart/3d">#37,3:1.3512,0.1462,-1.5832;2.6804,0.0305,-1.2586;3.5151,1.1264,-1.3694;4.8779,1.0191,-1.1094;5.4310,-0.1734,-0.7198;4.6231,-1.3187,-0.5875;5.1124,-2.6086,-0.1844;6.4490,-2.7180,0.1470;7.1902,-3.8095,0.5026;6.6558,-5.1052,0.5578;7.4334,-6.1821,0.9120;8.7794,-6.0073,1.2236;9.6235,-7.1733,1.6437;9.1787,-8.3408,1.1564;10.9022,-7.0575,1.2527;9.6578,-7.3190,2.9848;9.3369,-4.7400,1.1829;8.5573,-3.6524,0.8243;9.1960,-2.2954,0.7863;9.1191,-1.7172,-0.4360;8.5994,-1.4149,1.6232;10.4879,-2.3007,1.1125;4.3526,-3.6721,-0.1089;3.0522,-3.5712,-0.4069;2.4534,-2.4021,-0.7757;3.2333,-1.2275,-0.8751;0.9934,1.0839,-1.6602;0.7074,-0.5242,-1.2007;3.0997,2.0786,-1.6662;5.5031,1.8931,-1.2116;6.4939,-0.2033,-0.5343;6.9320,-1.8332,0.1200;5.6135,-5.2264,0.3159;7.0018,-7.1705,0.9439;10.3795,-4.6000,1.4244;2.4992,-4.4970,-0.3282;1.4000,-2.3937,-1.0045;</g>
	</geometry>
	<conformers/>
	<properties/>
</molecule>
