<?xml version="1.0" ?>
<!--MOLLI PACKAGE EXPERIMENTAL XML FORMAT-->
<molecule name="nuc308">
	<atoms>
		<a id="1" s="N" t="N.pl3" l="N"/>
		<a id="2" s="C" t="C.ar" l="C"/>
		<a id="3" s="C" t="C.ar" l="C"/>
		<a id="4" s="C" t="C.ar" l="C"/>
		<a id="5" s="C" t="C.ar" l="C"/>
		<a id="6" s="C" t="C.ar" l="C"/>
		<a id="7" s="C" t="C.ar" l="C"/>
		<a id="8" s="N" t="N.pl3" l="N"/>
		<a id="9" s="C" t="C.ar" l="C"/>
		<a id="10" s="C" t="C.ar" l="C"/>
		<a id="11" s="C" t="C.ar" l="C"/>
		<a id="12" s="C" t="C.ar" l="C"/>
		<a id="13" s="N" t="N.pl3" l="N"/>
		<a id="14" s="C" t="C.3" l="C"/>
		<a id="15" s="C" t="C.3" l="C"/>
		<a id="16" s="O" t="O.3" l="O"/>
		<a id="17" s="C" t="C.3" l="C"/>
		<a id="18" s="C" t="C.3" l="C"/>
		<a id="19" s="C" t="C.ar" l="C"/>
		<a id="20" s="C" t="C.ar" l="C"/>
		<a id="21" s="N" t="N.ar" l="N"/>
		<a id="22" s="C" t="C.ar" l="C"/>
		<a id="23" s="C" t="C.ar" l="C"/>
		<a id="24" s="C" t="C.ar" l="C"/>
		<a id="25" s="H" t="H" l="H"/>
		<a id="26" s="H" t="H" l="H"/>
		<a id="27" s="H" t="H" l="H"/>
		<a id="28" s="H" t="H" l="H"/>
		<a id="29" s="H" t="H" l="H"/>
		<a id="30" s="H" t="H" l="H"/>
		<a id="31" s="H" t="H" l="H"/>
		<a id="32" s="H" t="H" l="H"/>
		<a id="33" s="H" t="H" l="H"/>
		<a id="34" s="H" t="H" l="H"/>
		<a id="35" s="H" t="H" l="H"/>
		<a id="36" s="H" t="H" l="H"/>
		<a id="37" s="H" t="H" l="H"/>
		<a id="38" s="H" t="H" l="H"/>
		<a id="39" s="H" t="H" l="H"/>
		<a id="40" s="H" t="H" l="H"/>
		<a id="41" s="H" t="H" l="H"/>
		<a id="42" s="H" t="H" l="H"/>
		<a id="43" s="H" t="H" l="H"/>
		<a id="44" s="H" t="H" l="H"/>
	</atoms>
	<bonds>
		<b id="1" c="1 2" t="1"/>
		<b id="2" c="2 3" t="ar"/>
		<b id="3" c="3 4" t="ar"/>
		<b id="4" c="4 5" t="ar"/>
		<b id="5" c="5 6" t="ar"/>
		<b id="6" c="6 7" t="ar"/>
		<b id="7" c="7 8" t="1"/>
		<b id="8" c="8 9" t="1"/>
		<b id="9" c="9 10" t="ar"/>
		<b id="10" c="10 11" t="ar"/>
		<b id="11" c="11 12" t="ar"/>
		<b id="12" c="12 13" t="1"/>
		<b id="13" c="13 14" t="1"/>
		<b id="14" c="14 15" t="1"/>
		<b id="15" c="15 16" t="1"/>
		<b id="16" c="16 17" t="1"/>
		<b id="17" c="17 18" t="1"/>
		<b id="18" c="13 18" t="1"/>
		<b id="19" c="12 19" t="ar"/>
		<b id="20" c="19 20" t="ar"/>
		<b id="21" c="9 20" t="ar"/>
		<b id="22" c="7 21" t="ar"/>
		<b id="23" c="21 22" t="ar"/>
		<b id="24" c="22 23" t="ar"/>
		<b id="25" c="23 24" t="ar"/>
		<b id="26" c="2 24" t="ar"/>
		<b id="27" c="6 24" t="ar"/>
		<b id="28" c="1 25" t="1"/>
		<b id="29" c="1 26" t="1"/>
		<b id="30" c="3 27" t="1"/>
		<b id="31" c="4 28" t="1"/>
		<b id="32" c="5 29" t="1"/>
		<b id="33" c="8 30" t="1"/>
		<b id="34" c="10 31" t="1"/>
		<b id="35" c="11 32" t="1"/>
		<b id="36" c="14 33" t="1"/>
		<b id="37" c="14 34" t="1"/>
		<b id="38" c="15 35" t="1"/>
		<b id="39" c="15 36" t="1"/>
		<b id="40" c="17 37" t="1"/>
		<b id="41" c="17 38" t="1"/>
		<b id="42" c="18 39" t="1"/>
		<b id="43" c="18 40" t="1"/>
		<b id="44" c="19 41" t="1"/>
		<b id="45" c="20 42" t="1"/>
		<b id="46" c="22 43" t="1"/>
		<b id="47" c="23 44" t="1"/>
	</bonds>
	<geometry>
		<g u="A" t="cart/3d">#44,3:2.2106,0.7541,-3.0420;3.3604,0.4839,-2.3310;4.1649,1.5213,-1.9031;5.3630,1.2708,-1.2402;5.7641,-0.0134,-0.9775;4.9768,-1.1041,-1.3900;5.3280,-2.4835,-1.1530;6.4490,-2.7605,-0.4278;7.0247,-3.9786,-0.0858;6.6196,-5.2070,-0.6054;7.2551,-6.3676,-0.2225;8.3207,-6.3599,0.6817;8.8888,-7.5731,1.0801;9.3775,-8.4738,0.0530;9.4403,-9.8904,0.6252;10.2714,-9.9408,1.7620;9.8083,-9.0522,2.7509;9.7530,-7.6082,2.2398;8.7231,-5.1274,1.1958;8.0853,-3.9626,0.8184;4.6047,-3.4867,-1.6005;3.4863,-3.2313,-2.2844;3.0213,-1.9749,-2.5432;3.7694,-0.8606,-2.0943;1.8769,1.7026,-2.9838;1.4853,0.0572,-3.0273;3.8585,2.5408,-2.0911;5.9750,2.1034,-0.9254;6.7016,-0.1632,-0.4623;6.9174,-1.9626,-0.0254;5.7947,-5.2340,-1.2957;6.9051,-7.3074,-0.6221;10.3912,-8.1778,-0.2685;8.7182,-8.4507,-0.8129;9.8705,-10.5834,-0.0998;8.4243,-10.2200,0.8911;10.5024,-9.1380,3.5887;8.8008,-9.3524,3.0780;10.7766,-7.2722,2.0025;9.3356,-6.9737,3.0227;9.5482,-5.0642,1.8882;8.4236,-3.0204,1.2299;2.9552,-4.1122,-2.6213;2.1088,-1.8470,-3.1031;</g>
	</geometry>
	<conformers/>
	<properties/>
</molecule>
