<?xml version="1.0" ?>
<!--MOLLI PACKAGE EXPERIMENTAL XML FORMAT-->
<molecule name="nuc310">
	<atoms>
		<a id="1" s="N" t="N.pl3" l="N"/>
		<a id="2" s="C" t="C.ar" l="C"/>
		<a id="3" s="C" t="C.ar" l="C"/>
		<a id="4" s="C" t="C.ar" l="C"/>
		<a id="5" s="C" t="C.ar" l="C"/>
		<a id="6" s="C" t="C.ar" l="C"/>
		<a id="7" s="C" t="C.ar" l="C"/>
		<a id="8" s="N" t="N.pl3" l="N"/>
		<a id="9" s="C" t="C.ar" l="C"/>
		<a id="10" s="C" t="C.ar" l="C"/>
		<a id="11" s="C" t="C.ar" l="C"/>
		<a id="12" s="C" t="C.ar" l="C"/>
		<a id="13" s="C" t="C.ar" l="C"/>
		<a id="14" s="O" t="O.3" l="O"/>
		<a id="15" s="C" t="C.ar" l="C"/>
		<a id="16" s="C" t="C.ar" l="C"/>
		<a id="17" s="C" t="C.ar" l="C"/>
		<a id="18" s="C" t="C.ar" l="C"/>
		<a id="19" s="C" t="C.ar" l="C"/>
		<a id="20" s="C" t="C.ar" l="C"/>
		<a id="21" s="C" t="C.ar" l="C"/>
		<a id="22" s="N" t="N.ar" l="N"/>
		<a id="23" s="C" t="C.ar" l="C"/>
		<a id="24" s="C" t="C.ar" l="C"/>
		<a id="25" s="C" t="C.ar" l="C"/>
		<a id="26" s="H" t="H" l="H"/>
		<a id="27" s="H" t="H" l="H"/>
		<a id="28" s="H" t="H" l="H"/>
		<a id="29" s="H" t="H" l="H"/>
		<a id="30" s="H" t="H" l="H"/>
		<a id="31" s="H" t="H" l="H"/>
		<a id="32" s="H" t="H" l="H"/>
		<a id="33" s="H" t="H" l="H"/>
		<a id="34" s="H" t="H" l="H"/>
		<a id="35" s="H" t="H" l="H"/>
		<a id="36" s="H" t="H" l="H"/>
		<a id="37" s="H" t="H" l="H"/>
		<a id="38" s="H" t="H" l="H"/>
		<a id="39" s="H" t="H" l="H"/>
		<a id="40" s="H" t="H" l="H"/>
		<a id="41" s="H" t="H" l="H"/>
		<a id="42" s="H" t="H" l="H"/>
	</atoms>
	<bonds>
		<b id="1" c="1 2" t="1"/>
		<b id="2" c="2 3" t="ar"/>
		<b id="3" c="3 4" t="ar"/>
		<b id="4" c="4 5" t="ar"/>
		<b id="5" c="5 6" t="ar"/>
		<b id="6" c="6 7" t="ar"/>
		<b id="7" c="7 8" t="1"/>
		<b id="8" c="8 9" t="1"/>
		<b id="9" c="9 10" t="ar"/>
		<b id="10" c="10 11" t="ar"/>
		<b id="11" c="11 12" t="ar"/>
		<b id="12" c="12 13" t="ar"/>
		<b id="13" c="13 14" t="1"/>
		<b id="14" c="14 15" t="1"/>
		<b id="15" c="15 16" t="ar"/>
		<b id="16" c="16 17" t="ar"/>
		<b id="17" c="17 18" t="ar"/>
		<b id="18" c="18 19" t="ar"/>
		<b id="19" c="19 20" t="ar"/>
		<b id="20" c="15 20" t="ar"/>
		<b id="21" c="13 21" t="ar"/>
		<b id="22" c="9 21" t="ar"/>
		<b id="23" c="7 22" t="ar"/>
		<b id="24" c="22 23" t="ar"/>
		<b id="25" c="23 24" t="ar"/>
		<b id="26" c="24 25" t="ar"/>
		<b id="27" c="2 25" t="ar"/>
		<b id="28" c="6 25" t="ar"/>
		<b id="29" c="1 26" t="1"/>
		<b id="30" c="1 27" t="1"/>
		<b id="31" c="3 28" t="1"/>
		<b id="32" c="4 29" t="1"/>
		<b id="33" c="5 30" t="1"/>
		<b id="34" c="8 31" t="1"/>
		<b id="35" c="10 32" t="1"/>
		<b id="36" c="11 33" t="1"/>
		<b id="37" c="12 34" t="1"/>
		<b id="38" c="16 35" t="1"/>
		<b id="39" c="17 36" t="1"/>
		<b id="40" c="18 37" t="1"/>
		<b id="41" c="19 38" t="1"/>
		<b id="42" c="20 39" t="1"/>
		<b id="43" c="21 40" t="1"/>
		<b id="44" c="23 41" t="1"/>
		<b id="45" c="24 42" t="1"/>
	</bonds>
	<geometry>
		<g u="A" t="cart/3d">#42,3:5.5713,3.4552,2.3837;5.4901,2.3639,1.5476;4.7227,2.4307,0.4013;4.5747,1.3215,-0.4266;5.2062,0.1400,-0.1366;6.0023,0.0227,1.0181;6.7032,-1.1806,1.3927;6.6599,-2.2531,0.5465;7.2179,-3.5171,0.6542;7.0400,-4.3908,-0.4224;7.5772,-5.6618,-0.3845;8.2810,-6.0968,0.7233;8.4461,-5.2354,1.8030;9.1997,-5.6917,2.8536;8.9094,-5.3088,4.1356;7.6186,-5.0388,4.5782;7.4007,-4.7304,5.9081;8.4542,-4.6957,6.8054;9.7369,-4.9788,6.3662;9.9682,-5.2837,5.0387;7.9308,-3.9466,1.7685;7.3870,-1.2855,2.5094;7.4649,-0.2344,3.3308;6.8892,0.9753,3.0720;6.1310,1.1366,1.8881;5.2802,4.3330,1.9853;6.3712,3.5165,2.9903;4.2287,3.3583,0.1486;3.9602,1.4026,-1.3112;5.0642,-0.6948,-0.8073;6.1624,-2.1021,-0.3183;6.4842,-4.0655,-1.2910;7.4404,-6.3251,-1.2255;8.7051,-7.0869,0.7677;6.7919,-5.0799,3.8847;6.3957,-4.5223,6.2448;8.2759,-4.4545,7.8425;10.5636,-4.9601,7.0609;10.9609,-5.5095,4.6814;8.0822,-3.2669,2.5897;8.0374,-0.4110,4.2320;6.9981,1.7813,3.7800;</g>
	</geometry>
	<conformers/>
	<properties/>
</molecule>
