<?xml version="1.0" ?>
<!--MOLLI PACKAGE EXPERIMENTAL XML FORMAT-->
<molecule name="nuc311">
	<atoms>
		<a id="1" s="C" t="C.3" l="C"/>
		<a id="2" s="O" t="O.3" l="O"/>
		<a id="3" s="C" t="C.3" l="C"/>
		<a id="4" s="C" t="C.ar" l="C"/>
		<a id="5" s="N" t="N.ar" l="N"/>
		<a id="6" s="C" t="C.ar" l="C"/>
		<a id="7" s="C" t="C.3" l="C"/>
		<a id="8" s="N" t="N.ar" l="N"/>
		<a id="9" s="C" t="C.ar" l="C"/>
		<a id="10" s="C" t="C.ar" l="C"/>
		<a id="11" s="O" t="O.3" l="O"/>
		<a id="12" s="C" t="C.3" l="C"/>
		<a id="13" s="C" t="C.3" l="C"/>
		<a id="14" s="C" t="C.ar" l="C"/>
		<a id="15" s="C" t="C.ar" l="C"/>
		<a id="16" s="C" t="C.ar" l="C"/>
		<a id="17" s="C" t="C.ar" l="C"/>
		<a id="18" s="C" t="C.ar" l="C"/>
		<a id="19" s="F" t="F" l="F"/>
		<a id="20" s="C" t="C.ar" l="C"/>
		<a id="21" s="C" t="C.3" l="C"/>
		<a id="22" s="C" t="C.3" l="C"/>
		<a id="23" s="C" t="C.2" l="C"/>
		<a id="24" s="N" t="N.am" l="N"/>
		<a id="25" s="O" t="O.2" l="O"/>
		<a id="26" s="H" t="H" l="H"/>
		<a id="27" s="H" t="H" l="H"/>
		<a id="28" s="H" t="H" l="H"/>
		<a id="29" s="H" t="H" l="H"/>
		<a id="30" s="H" t="H" l="H"/>
		<a id="31" s="H" t="H" l="H"/>
		<a id="32" s="H" t="H" l="H"/>
		<a id="33" s="H" t="H" l="H"/>
		<a id="34" s="H" t="H" l="H"/>
		<a id="35" s="H" t="H" l="H"/>
		<a id="36" s="H" t="H" l="H"/>
		<a id="37" s="H" t="H" l="H"/>
		<a id="38" s="H" t="H" l="H"/>
		<a id="39" s="H" t="H" l="H"/>
		<a id="40" s="H" t="H" l="H"/>
		<a id="41" s="H" t="H" l="H"/>
		<a id="42" s="H" t="H" l="H"/>
		<a id="43" s="H" t="H" l="H"/>
		<a id="44" s="H" t="H" l="H"/>
		<a id="45" s="H" t="H" l="H"/>
	</atoms>
	<bonds>
		<b id="1" c="1 2" t="1"/>
		<b id="2" c="2 3" t="1"/>
		<b id="3" c="3 4" t="1"/>
		<b id="4" c="4 5" t="ar"/>
		<b id="5" c="5 6" t="ar"/>
		<b id="6" c="6 7" t="1"/>
		<b id="7" c="6 8" t="ar"/>
		<b id="8" c="8 9" t="ar"/>
		<b id="9" c="9 10" t="ar"/>
		<b id="10" c="4 10" t="ar"/>
		<b id="11" c="10 11" t="1"/>
		<b id="12" c="11 12" t="1"/>
		<b id="13" c="14 15" t="ar"/>
		<b id="14" c="15 16" t="ar"/>
		<b id="15" c="16 17" t="ar"/>
		<b id="16" c="17 18" t="ar"/>
		<b id="17" c="18 19" t="1"/>
		<b id="18" c="18 20" t="ar"/>
		<b id="19" c="14 20" t="ar"/>
		<b id="20" c="13 21" t="1"/>
		<b id="21" c="21 22" t="1"/>
		<b id="22" c="13 22" t="1"/>
		<b id="23" c="23 24" t="am"/>
		<b id="24" c="23 25" t="2"/>
		<b id="25" c="22 23" t="1"/>
		<b id="26" c="13 14" t="1"/>
		<b id="27" c="13 12" t="1"/>
		<b id="28" c="1 26" t="1"/>
		<b id="29" c="1 27" t="1"/>
		<b id="30" c="1 28" t="1"/>
		<b id="31" c="3 29" t="1"/>
		<b id="32" c="3 30" t="1"/>
		<b id="33" c="7 31" t="1"/>
		<b id="34" c="7 32" t="1"/>
		<b id="35" c="7 33" t="1"/>
		<b id="36" c="9 34" t="1"/>
		<b id="37" c="12 35" t="1"/>
		<b id="38" c="12 36" t="1"/>
		<b id="39" c="15 37" t="1"/>
		<b id="40" c="16 38" t="1"/>
		<b id="41" c="17 39" t="1"/>
		<b id="42" c="20 40" t="1"/>
		<b id="43" c="21 41" t="1"/>
		<b id="44" c="21 42" t="1"/>
		<b id="45" c="22 43" t="1"/>
		<b id="46" c="24 44" t="1"/>
		<b id="47" c="24 45" t="1"/>
	</bonds>
	<geometry>
		<g u="A" t="cart/3d">#45,3:7.2811,0.4709,4.7560;6.5552,-0.1849,3.7437;6.0940,-1.4645,4.1198;5.0931,-1.4609,5.2547;5.5735,-1.8453,6.4308;4.7569,-1.9268,7.4697;5.3427,-2.3156,8.7848;3.4499,-1.6967,7.4149;2.9542,-1.3077,6.2592;3.7389,-1.1300,5.1153;3.1174,-0.7467,3.9644;3.6128,0.4281,3.3215;2.5488,0.8702,2.3370;2.3502,-0.1174,1.2349;3.2490,-0.1700,0.1749;3.0931,-1.1019,-0.8357;2.0397,-1.9995,-0.8039;1.1601,-1.9414,0.2612;0.1304,-2.8135,0.3055;1.2958,-1.0184,1.2807;1.3931,1.6709,2.8346;2.4381,2.3439,1.9791;3.3450,3.3465,2.6073;3.9141,4.2088,1.7298;3.5700,3.4094,3.7981;7.6198,1.4111,4.3265;8.1437,-0.1268,5.0700;6.6580,0.6746,5.6325;6.9394,-2.0922,4.4365;5.6342,-1.8913,3.2237;6.3676,-2.6449,8.6475;4.7467,-3.1052,9.2346;5.3240,-1.4597,9.4573;1.8870,-1.1342,6.2167;4.5501,0.2238,2.7935;3.7871,1.2124,4.0652;4.0756,0.5250,0.1470;3.7959,-1.1328,-1.6546;1.8977,-2.7345,-1.5799;0.5990,-1.0144,2.1031;1.3896,1.9430,3.8794;0.4164,1.5117,2.4042;2.1750,2.5527,0.9487;4.5300,4.9194,2.0880;3.7371,4.1772,0.7427;</g>
	</geometry>
	<conformers/>
	<properties/>
</molecule>
