<?xml version="1.0" ?>
<!--MOLLI PACKAGE EXPERIMENTAL XML FORMAT-->
<molecule name="nuc313">
	<atoms>
		<a id="1" s="C" t="C.3" l="C"/>
		<a id="2" s="C" t="C.ar" l="C"/>
		<a id="3" s="N" t="N.ar" l="N"/>
		<a id="4" s="C" t="C.ar" l="C"/>
		<a id="5" s="C" t="C.ar" l="C"/>
		<a id="6" s="O" t="O.3" l="O"/>
		<a id="7" s="C" t="C.3" l="C"/>
		<a id="8" s="C" t="C.3" l="C"/>
		<a id="9" s="C" t="C.ar" l="C"/>
		<a id="10" s="C" t="C.ar" l="C"/>
		<a id="11" s="C" t="C.ar" l="C"/>
		<a id="12" s="C" t="C.ar" l="C"/>
		<a id="13" s="C" t="C.ar" l="C"/>
		<a id="14" s="F" t="F" l="F"/>
		<a id="15" s="C" t="C.ar" l="C"/>
		<a id="16" s="C" t="C.3" l="C"/>
		<a id="17" s="C" t="C.3" l="C"/>
		<a id="18" s="C" t="C.2" l="C"/>
		<a id="19" s="N" t="N.am" l="N"/>
		<a id="20" s="O" t="O.2" l="O"/>
		<a id="21" s="C" t="C.ar" l="C"/>
		<a id="22" s="C" t="C.3" l="C"/>
		<a id="23" s="N" t="N.ar" l="N"/>
		<a id="24" s="H" t="H" l="H"/>
		<a id="25" s="H" t="H" l="H"/>
		<a id="26" s="H" t="H" l="H"/>
		<a id="27" s="H" t="H" l="H"/>
		<a id="28" s="H" t="H" l="H"/>
		<a id="29" s="H" t="H" l="H"/>
		<a id="30" s="H" t="H" l="H"/>
		<a id="31" s="H" t="H" l="H"/>
		<a id="32" s="H" t="H" l="H"/>
		<a id="33" s="H" t="H" l="H"/>
		<a id="34" s="H" t="H" l="H"/>
		<a id="35" s="H" t="H" l="H"/>
		<a id="36" s="H" t="H" l="H"/>
		<a id="37" s="H" t="H" l="H"/>
		<a id="38" s="H" t="H" l="H"/>
		<a id="39" s="H" t="H" l="H"/>
		<a id="40" s="H" t="H" l="H"/>
		<a id="41" s="H" t="H" l="H"/>
	</atoms>
	<bonds>
		<b id="1" c="1 2" t="1"/>
		<b id="2" c="2 3" t="ar"/>
		<b id="3" c="3 4" t="ar"/>
		<b id="4" c="4 5" t="ar"/>
		<b id="5" c="5 6" t="1"/>
		<b id="6" c="6 7" t="1"/>
		<b id="7" c="9 10" t="ar"/>
		<b id="8" c="10 11" t="ar"/>
		<b id="9" c="11 12" t="ar"/>
		<b id="10" c="12 13" t="ar"/>
		<b id="11" c="13 14" t="1"/>
		<b id="12" c="13 15" t="ar"/>
		<b id="13" c="9 15" t="ar"/>
		<b id="14" c="8 16" t="1"/>
		<b id="15" c="16 17" t="1"/>
		<b id="16" c="8 17" t="1"/>
		<b id="17" c="18 19" t="am"/>
		<b id="18" c="18 20" t="2"/>
		<b id="19" c="5 21" t="ar"/>
		<b id="20" c="21 22" t="1"/>
		<b id="21" c="21 23" t="ar"/>
		<b id="22" c="2 23" t="ar"/>
		<b id="23" c="17 18" t="1"/>
		<b id="24" c="8 9" t="1"/>
		<b id="25" c="8 7" t="1"/>
		<b id="26" c="1 24" t="1"/>
		<b id="27" c="1 25" t="1"/>
		<b id="28" c="1 26" t="1"/>
		<b id="29" c="4 27" t="1"/>
		<b id="30" c="7 28" t="1"/>
		<b id="31" c="7 29" t="1"/>
		<b id="32" c="10 30" t="1"/>
		<b id="33" c="11 31" t="1"/>
		<b id="34" c="12 32" t="1"/>
		<b id="35" c="15 33" t="1"/>
		<b id="36" c="16 34" t="1"/>
		<b id="37" c="16 35" t="1"/>
		<b id="38" c="17 36" t="1"/>
		<b id="39" c="19 37" t="1"/>
		<b id="40" c="19 38" t="1"/>
		<b id="41" c="22 39" t="1"/>
		<b id="42" c="22 40" t="1"/>
		<b id="43" c="22 41" t="1"/>
	</bonds>
	<geometry>
		<g u="A" t="cart/3d">#41,3:10.9284,0.9984,7.3008;10.4924,0.7840,5.8893;10.9733,-0.2632,5.2435;10.5933,-0.4484,3.9862;9.7159,0.4202,3.3509;9.2603,0.3267,2.0773;9.6829,-0.7779,1.2980;9.0360,-0.6248,-0.0664;7.5435,-0.6329,0.0037;6.8447,0.5528,0.1946;5.4644,0.5464,0.2955;4.7587,-0.6410,0.2026;5.4681,-1.8130,0.0175;4.7960,-2.9808,-0.0761;6.8464,-1.8312,-0.0783;9.7155,0.2253,-1.0876;9.6832,-1.2721,-1.2777;10.9530,-2.0426,-1.1432;10.9720,-3.2099,-1.8313;11.9020,-1.6792,-0.4799;9.2541,1.5086,4.1209;8.3060,2.5012,3.5352;9.6471,1.6705,5.3675;11.4496,0.1170,7.6602;10.0653,1.2115,7.9260;11.5967,1.8564,7.3483;11.0160,-1.3158,3.4971;9.3534,-1.7167,1.7675;10.7736,-0.7890,1.1969;7.3934,1.4780,0.2730;4.9309,1.4726,0.4460;3.6831,-0.6693,0.2735;7.3629,-2.7695,-0.2134;10.6717,0.6523,-0.8250;9.1143,0.8299,-1.7491;8.9962,-1.6567,-2.0221;11.8102,-3.7664,-1.8022;10.2129,-3.5140,-2.4128;8.7653,2.9807,2.6724;8.0517,3.2478,4.2813;7.4067,1.9918,3.1920;</g>
	</geometry>
	<conformers/>
	<properties/>
</molecule>
