<?xml version="1.0" ?>
<!--MOLLI PACKAGE EXPERIMENTAL XML FORMAT-->
<molecule name="nuc315">
	<atoms>
		<a id="1" s="C" t="C.3" l="C"/>
		<a id="2" s="Si" t="Si" l="SI"/>
		<a id="3" s="C" t="C.3" l="C"/>
		<a id="4" s="C" t="C.3" l="C"/>
		<a id="5" s="C" t="C.1" l="C"/>
		<a id="6" s="C" t="C.1" l="C"/>
		<a id="7" s="C" t="C.ar" l="C"/>
		<a id="8" s="C" t="C.ar" l="C"/>
		<a id="9" s="C" t="C.ar" l="C"/>
		<a id="10" s="C" t="C.ar" l="C"/>
		<a id="11" s="N" t="N.pl3" l="N"/>
		<a id="12" s="C" t="C.ar" l="C"/>
		<a id="13" s="C" t="C.ar" l="C"/>
		<a id="14" s="H" t="H" l="H"/>
		<a id="15" s="H" t="H" l="H"/>
		<a id="16" s="H" t="H" l="H"/>
		<a id="17" s="H" t="H" l="H"/>
		<a id="18" s="H" t="H" l="H"/>
		<a id="19" s="H" t="H" l="H"/>
		<a id="20" s="H" t="H" l="H"/>
		<a id="21" s="H" t="H" l="H"/>
		<a id="22" s="H" t="H" l="H"/>
		<a id="23" s="H" t="H" l="H"/>
		<a id="24" s="H" t="H" l="H"/>
		<a id="25" s="H" t="H" l="H"/>
		<a id="26" s="H" t="H" l="H"/>
		<a id="27" s="H" t="H" l="H"/>
		<a id="28" s="H" t="H" l="H"/>
	</atoms>
	<bonds>
		<b id="1" c="1 2" t="1"/>
		<b id="2" c="2 3" t="1"/>
		<b id="3" c="2 4" t="1"/>
		<b id="4" c="2 5" t="1"/>
		<b id="5" c="5 6" t="3"/>
		<b id="6" c="6 7" t="1"/>
		<b id="7" c="7 8" t="ar"/>
		<b id="8" c="8 9" t="ar"/>
		<b id="9" c="9 10" t="ar"/>
		<b id="10" c="10 11" t="1"/>
		<b id="11" c="10 12" t="ar"/>
		<b id="12" c="12 13" t="ar"/>
		<b id="13" c="7 13" t="ar"/>
		<b id="14" c="1 14" t="1"/>
		<b id="15" c="1 15" t="1"/>
		<b id="16" c="1 16" t="1"/>
		<b id="17" c="3 17" t="1"/>
		<b id="18" c="3 18" t="1"/>
		<b id="19" c="3 19" t="1"/>
		<b id="20" c="4 20" t="1"/>
		<b id="21" c="4 21" t="1"/>
		<b id="22" c="4 22" t="1"/>
		<b id="23" c="8 23" t="1"/>
		<b id="24" c="9 24" t="1"/>
		<b id="25" c="11 25" t="1"/>
		<b id="26" c="11 26" t="1"/>
		<b id="27" c="12 27" t="1"/>
		<b id="28" c="13 28" t="1"/>
	</bonds>
	<geometry>
		<g u="A" t="cart/3d">#28,3:1.0464,0.1209,-0.0563;2.9539,0.1573,-0.0747;3.6320,-0.0091,1.7002;3.6280,-1.2469,-1.1750;3.4987,1.7835,-0.7745;3.8334,2.8532,-1.2317;4.2105,4.1048,-1.7667;3.9129,5.2849,-1.0817;4.2611,6.5074,-1.6112;4.9189,6.5898,-2.8408;5.3241,7.8097,-3.3390;5.2203,5.4080,-3.5219;4.8729,4.1845,-2.9936;0.6680,-0.8153,0.3445;0.6432,0.2377,-1.0578;0.6457,0.9258,0.5527;3.3146,-0.9395,2.1629;3.2862,0.8058,2.3291;4.7177,0.0096,1.7088;3.3094,-2.2218,-0.8162;4.7137,-1.2426,-1.1959;3.2806,-1.1436,-2.1986;3.4009,5.2300,-0.1320;4.0258,7.4174,-1.0769;4.8571,8.6236,-2.9738;5.5340,7.8481,-4.3229;5.7310,5.4633,-4.4732;5.1063,3.2756,-3.5287;</g>
	</geometry>
	<conformers/>
	<properties/>
</molecule>
