<?xml version="1.0" ?>
<!--MOLLI PACKAGE EXPERIMENTAL XML FORMAT-->
<molecule name="nuc319">
	<atoms>
		<a id="1" s="C" t="C.3" l="C"/>
		<a id="2" s="O" t="O.3" l="O"/>
		<a id="3" s="C" t="C.ar" l="C"/>
		<a id="4" s="C" t="C.ar" l="C"/>
		<a id="5" s="C" t="C.ar" l="C"/>
		<a id="6" s="C" t="C.ar" l="C"/>
		<a id="7" s="C" t="C.ar" l="C"/>
		<a id="8" s="C" t="C.3" l="C"/>
		<a id="9" s="N" t="N.3" l="N"/>
		<a id="10" s="C" t="C.ar" l="C"/>
		<a id="11" s="O" t="O.3" l="O"/>
		<a id="12" s="C" t="C.3" l="C"/>
		<a id="13" s="H" t="H" l="H"/>
		<a id="14" s="H" t="H" l="H"/>
		<a id="15" s="H" t="H" l="H"/>
		<a id="16" s="H" t="H" l="H"/>
		<a id="17" s="H" t="H" l="H"/>
		<a id="18" s="H" t="H" l="H"/>
		<a id="19" s="H" t="H" l="H"/>
		<a id="20" s="H" t="H" l="H"/>
		<a id="21" s="H" t="H" l="H"/>
		<a id="22" s="H" t="H" l="H"/>
		<a id="23" s="H" t="H" l="H"/>
		<a id="24" s="H" t="H" l="H"/>
		<a id="25" s="H" t="H" l="H"/>
	</atoms>
	<bonds>
		<b id="1" c="1 2" t="1"/>
		<b id="2" c="2 3" t="1"/>
		<b id="3" c="3 4" t="ar"/>
		<b id="4" c="4 5" t="ar"/>
		<b id="5" c="5 6" t="ar"/>
		<b id="6" c="6 7" t="ar"/>
		<b id="7" c="7 8" t="1"/>
		<b id="8" c="8 9" t="1"/>
		<b id="9" c="7 10" t="ar"/>
		<b id="10" c="3 10" t="ar"/>
		<b id="11" c="10 11" t="1"/>
		<b id="12" c="11 12" t="1"/>
		<b id="13" c="1 13" t="1"/>
		<b id="14" c="1 14" t="1"/>
		<b id="15" c="1 15" t="1"/>
		<b id="16" c="4 16" t="1"/>
		<b id="17" c="5 17" t="1"/>
		<b id="18" c="6 18" t="1"/>
		<b id="19" c="8 19" t="1"/>
		<b id="20" c="8 20" t="1"/>
		<b id="21" c="9 21" t="1"/>
		<b id="22" c="9 22" t="1"/>
		<b id="23" c="12 23" t="1"/>
		<b id="24" c="12 24" t="1"/>
		<b id="25" c="12 25" t="1"/>
	</bonds>
	<geometry>
		<g u="A" t="cart/3d">#25,3:0.9498,0.3287,-0.1171;2.1795,-0.3501,-0.1243;2.9392,-0.3269,-1.2710;2.5649,0.3712,-2.4118;3.3819,0.4008,-3.5283;4.5862,-0.2703,-3.5197;4.9730,-0.9934,-2.4022;6.2846,-1.7347,-2.3922;6.7140,-2.0671,-3.7444;4.1549,-1.0350,-1.2684;4.6558,-1.7562,-0.2154;3.7875,-2.3207,0.7422;0.5318,0.1598,0.8747;0.2619,-0.0692,-0.8705;1.0801,1.4044,-0.2739;1.6331,0.9128,-2.4327;3.0716,0.9588,-4.3985;5.2436,-0.2531,-4.3734;6.1852,-2.6122,-1.7336;7.0511,-1.0865,-1.9526;6.0464,-2.7031,-4.1698;7.6129,-2.5357,-3.7143;4.3927,-3.0509,1.2811;2.9428,-2.8284,0.2698;3.4114,-1.5727,1.4423;</g>
	</geometry>
	<conformers/>
	<properties/>
</molecule>
