<?xml version="1.0" ?>
<!--MOLLI PACKAGE EXPERIMENTAL XML FORMAT-->
<molecule name="nuc320">
	<atoms>
		<a id="1" s="C" t="C.3" l="C"/>
		<a id="2" s="O" t="O.3" l="O"/>
		<a id="3" s="C" t="C.ar" l="C"/>
		<a id="4" s="C" t="C.ar" l="C"/>
		<a id="5" s="C" t="C.ar" l="C"/>
		<a id="6" s="C" t="C.ar" l="C"/>
		<a id="7" s="C" t="C.ar" l="C"/>
		<a id="8" s="O" t="O.3" l="O"/>
		<a id="9" s="C" t="C.ar" l="C"/>
		<a id="10" s="C" t="C.3" l="C"/>
		<a id="11" s="N" t="N.3" l="N"/>
		<a id="12" s="H" t="H" l="H"/>
		<a id="13" s="H" t="H" l="H"/>
		<a id="14" s="H" t="H" l="H"/>
		<a id="15" s="H" t="H" l="H"/>
		<a id="16" s="H" t="H" l="H"/>
		<a id="17" s="H" t="H" l="H"/>
		<a id="18" s="H" t="H" l="H"/>
		<a id="19" s="H" t="H" l="H"/>
		<a id="20" s="H" t="H" l="H"/>
		<a id="21" s="H" t="H" l="H"/>
		<a id="22" s="H" t="H" l="H"/>
	</atoms>
	<bonds>
		<b id="1" c="1 2" t="1"/>
		<b id="2" c="2 3" t="1"/>
		<b id="3" c="3 4" t="ar"/>
		<b id="4" c="4 5" t="ar"/>
		<b id="5" c="5 6" t="ar"/>
		<b id="6" c="6 7" t="ar"/>
		<b id="7" c="7 8" t="1"/>
		<b id="8" c="7 9" t="ar"/>
		<b id="9" c="3 9" t="ar"/>
		<b id="10" c="9 10" t="1"/>
		<b id="11" c="10 11" t="1"/>
		<b id="12" c="1 12" t="1"/>
		<b id="13" c="1 13" t="1"/>
		<b id="14" c="1 14" t="1"/>
		<b id="15" c="4 15" t="1"/>
		<b id="16" c="5 16" t="1"/>
		<b id="17" c="6 17" t="1"/>
		<b id="18" c="8 18" t="1"/>
		<b id="19" c="10 19" t="1"/>
		<b id="20" c="10 20" t="1"/>
		<b id="21" c="11 21" t="1"/>
		<b id="22" c="11 22" t="1"/>
	</bonds>
	<geometry>
		<g u="A" t="cart/3d">#22,3:0.9165,0.1147,0.3221;2.3149,0.0771,0.1843;2.9998,1.2540,0.1351;2.3919,2.5056,0.1673;3.1624,3.6515,0.0948;4.5354,3.5704,-0.0125;5.1464,2.3228,-0.0425;6.5039,2.2068,-0.1510;4.3923,1.1537,0.0307;5.0862,-0.1830,0.0051;5.8610,-0.3715,1.2277;0.5977,-0.9263,0.3559;0.4387,0.6097,-0.5303;0.6152,0.6138,1.2488;1.3216,2.5999,0.2495;2.6822,4.6182,0.1206;5.1376,4.4671,-0.0720;6.8924,3.0876,-0.2131;5.7102,-0.2282,-0.9051;4.3378,-0.9751,-0.0438;6.5605,0.3608,1.2931;6.3494,-1.2600,1.1883;</g>
	</geometry>
	<conformers/>
	<properties/>
</molecule>
