<?xml version="1.0" ?>
<!--MOLLI PACKAGE EXPERIMENTAL XML FORMAT-->
<molecule name="nuc324">
	<atoms>
		<a id="1" s="C" t="C.3" l="C"/>
		<a id="2" s="O" t="O.3" l="O"/>
		<a id="3" s="C" t="C.3" l="C"/>
		<a id="4" s="C" t="C.3" l="C"/>
		<a id="5" s="N" t="N.3" l="N"/>
		<a id="6" s="H" t="H" l="H"/>
		<a id="7" s="H" t="H" l="H"/>
		<a id="8" s="H" t="H" l="H"/>
		<a id="9" s="H" t="H" l="H"/>
		<a id="10" s="H" t="H" l="H"/>
		<a id="11" s="H" t="H" l="H"/>
		<a id="12" s="H" t="H" l="H"/>
		<a id="13" s="H" t="H" l="H"/>
		<a id="14" s="H" t="H" l="H"/>
	</atoms>
	<bonds>
		<b id="1" c="1 2" t="1"/>
		<b id="2" c="2 3" t="1"/>
		<b id="3" c="3 4" t="1"/>
		<b id="4" c="4 5" t="1"/>
		<b id="5" c="1 6" t="1"/>
		<b id="6" c="1 7" t="1"/>
		<b id="7" c="1 8" t="1"/>
		<b id="8" c="3 9" t="1"/>
		<b id="9" c="3 10" t="1"/>
		<b id="10" c="4 11" t="1"/>
		<b id="11" c="4 12" t="1"/>
		<b id="12" c="5 13" t="1"/>
		<b id="13" c="5 14" t="1"/>
	</bonds>
	<geometry>
		<g u="A" t="cart/3d">#14,3:1.0336,-0.0650,0.0323;2.4291,-0.0949,-0.0961;2.9018,-1.2694,-0.7200;4.4251,-1.2201,-0.7436;4.9314,-1.3959,0.6077;0.7854,0.8677,0.5350;0.6704,-0.9111,0.6295;0.5426,-0.0933,-0.9490;2.5069,-1.3379,-1.7455;2.5739,-2.1551,-0.1572;4.7267,-0.2665,-1.2059;4.8025,-2.0409,-1.3602;4.4923,-0.7071,1.2104;5.9330,-1.2369,0.6329;</g>
	</geometry>
	<conformers/>
	<properties/>
</molecule>
