<?xml version="1.0" ?>
<!--MOLLI PACKAGE EXPERIMENTAL XML FORMAT-->
<molecule name="nuc326">
	<atoms>
		<a id="1" s="N" t="N.pl3" l="N"/>
		<a id="2" s="C" t="C.ar" l="C"/>
		<a id="3" s="N" t="N.ar" l="N"/>
		<a id="4" s="C" t="C.ar" l="C"/>
		<a id="5" s="C" t="C.ar" l="C"/>
		<a id="6" s="C" t="C.ar" l="C"/>
		<a id="7" s="C" t="C.ar" l="C"/>
		<a id="8" s="C" t="C.ar" l="C"/>
		<a id="9" s="N" t="N.ar" l="N"/>
		<a id="10" s="C" t="C.ar" l="C"/>
		<a id="11" s="C" t="C.ar" l="C"/>
		<a id="12" s="N" t="N.ar" l="N"/>
		<a id="13" s="C" t="C.3" l="C"/>
		<a id="14" s="C" t="C.3" l="C"/>
		<a id="15" s="C" t="C.3" l="C"/>
		<a id="16" s="C" t="C.3" l="C"/>
		<a id="17" s="O" t="O.3" l="O"/>
		<a id="18" s="C" t="C.3" l="C"/>
		<a id="19" s="C" t="C.3" l="C"/>
		<a id="20" s="C" t="C.ar" l="C"/>
		<a id="21" s="N" t="N.ar" l="N"/>
		<a id="22" s="H" t="H" l="H"/>
		<a id="23" s="H" t="H" l="H"/>
		<a id="24" s="H" t="H" l="H"/>
		<a id="25" s="H" t="H" l="H"/>
		<a id="26" s="H" t="H" l="H"/>
		<a id="27" s="H" t="H" l="H"/>
		<a id="28" s="H" t="H" l="H"/>
		<a id="29" s="H" t="H" l="H"/>
		<a id="30" s="H" t="H" l="H"/>
		<a id="31" s="H" t="H" l="H"/>
		<a id="32" s="H" t="H" l="H"/>
		<a id="33" s="H" t="H" l="H"/>
		<a id="34" s="H" t="H" l="H"/>
		<a id="35" s="H" t="H" l="H"/>
		<a id="36" s="H" t="H" l="H"/>
		<a id="37" s="H" t="H" l="H"/>
		<a id="38" s="H" t="H" l="H"/>
	</atoms>
	<bonds>
		<b id="1" c="1 2" t="1"/>
		<b id="2" c="2 3" t="ar"/>
		<b id="3" c="3 4" t="ar"/>
		<b id="4" c="4 5" t="ar"/>
		<b id="5" c="5 6" t="ar"/>
		<b id="6" c="6 7" t="ar"/>
		<b id="7" c="7 8" t="ar"/>
		<b id="8" c="8 9" t="ar"/>
		<b id="9" c="9 10" t="ar"/>
		<b id="10" c="10 11" t="ar"/>
		<b id="11" c="6 11" t="ar"/>
		<b id="12" c="11 12" t="ar"/>
		<b id="13" c="13 14" t="1"/>
		<b id="14" c="14 15" t="1"/>
		<b id="15" c="15 16" t="1"/>
		<b id="16" c="16 17" t="1"/>
		<b id="17" c="16 18" t="1"/>
		<b id="18" c="18 19" t="1"/>
		<b id="19" c="13 19" t="1"/>
		<b id="20" c="12 20" t="ar"/>
		<b id="21" c="5 20" t="ar"/>
		<b id="22" c="20 21" t="ar"/>
		<b id="23" c="2 21" t="ar"/>
		<b id="24" c="13 12" t="1"/>
		<b id="25" c="1 22" t="1"/>
		<b id="26" c="1 23" t="1"/>
		<b id="27" c="4 24" t="1"/>
		<b id="28" c="7 25" t="1"/>
		<b id="29" c="8 26" t="1"/>
		<b id="30" c="10 27" t="1"/>
		<b id="31" c="13 28" t="1"/>
		<b id="32" c="14 29" t="1"/>
		<b id="33" c="14 30" t="1"/>
		<b id="34" c="15 31" t="1"/>
		<b id="35" c="15 32" t="1"/>
		<b id="36" c="16 33" t="1"/>
		<b id="37" c="17 34" t="1"/>
		<b id="38" c="18 35" t="1"/>
		<b id="39" c="18 36" t="1"/>
		<b id="40" c="19 37" t="1"/>
		<b id="41" c="19 38" t="1"/>
	</bonds>
	<geometry>
		<g u="A" t="cart/3d">#38,3:5.4537,-8.7531,-0.7641;5.9121,-7.8667,0.1440;6.9230,-8.2834,0.9208;7.3739,-7.4620,1.8486;6.8217,-6.2024,2.0174;7.0117,-5.0630,2.8608;7.8656,-4.7493,3.9093;7.7214,-3.4955,4.4783;6.8299,-2.5935,4.0855;6.0104,-2.8758,3.0904;6.0577,-4.1000,2.4400;5.3138,-4.6085,1.3923;4.2387,-3.9414,0.6912;4.5785,-3.8020,-0.7954;3.4393,-3.1205,-1.5439;2.1363,-3.9090,-1.3791;1.0785,-3.3376,-2.1153;1.7967,-4.0317,0.1098;2.9296,-4.7171,0.8644;5.7605,-5.8663,1.1314;5.2990,-6.6812,0.1933;5.9765,-9.5977,-0.9054;4.7921,-8.4442,-1.4522;8.1911,-7.8302,2.4555;8.6059,-5.4492,4.2636;8.3526,-3.1833,5.2992;5.3102,-2.0948,2.8240;4.1335,-2.9457,1.1353;4.7468,-4.7996,-1.2027;5.4991,-3.2247,-0.9071;3.6820,-3.0418,-2.6049;3.2946,-2.1069,-1.1564;2.2604,-4.9096,-1.8064;0.9240,-2.4431,-1.7893;0.8727,-4.6009,0.2232;1.6279,-3.0316,0.5214;3.0761,-5.7269,0.4791;2.6843,-4.7864,1.9266;</g>
	</geometry>
	<conformers/>
	<properties/>
</molecule>
