<?xml version="1.0" ?>
<!--MOLLI PACKAGE EXPERIMENTAL XML FORMAT-->
<molecule name="nuc330">
	<atoms>
		<a id="1" s="C" t="C.3" l="C"/>
		<a id="2" s="C" t="C.3" l="C"/>
		<a id="3" s="C" t="C.3" l="C"/>
		<a id="4" s="C" t="C.3" l="C"/>
		<a id="5" s="C" t="C.3" l="C"/>
		<a id="6" s="N" t="N.ar" l="N"/>
		<a id="7" s="C" t="C.ar" l="C"/>
		<a id="8" s="C" t="C.ar" l="C"/>
		<a id="9" s="N" t="N.ar" l="N"/>
		<a id="10" s="C" t="C.ar" l="C"/>
		<a id="11" s="C" t="C.ar" l="C"/>
		<a id="12" s="C" t="C.ar" l="C"/>
		<a id="13" s="C" t="C.ar" l="C"/>
		<a id="14" s="C" t="C.ar" l="C"/>
		<a id="15" s="N" t="N.ar" l="N"/>
		<a id="16" s="C" t="C.ar" l="C"/>
		<a id="17" s="N" t="N.pl3" l="N"/>
		<a id="18" s="N" t="N.ar" l="N"/>
		<a id="19" s="C" t="C.ar" l="C"/>
		<a id="20" s="C" t="C.3" l="C"/>
		<a id="21" s="C" t="C.3" l="C"/>
		<a id="22" s="H" t="H" l="H"/>
		<a id="23" s="H" t="H" l="H"/>
		<a id="24" s="H" t="H" l="H"/>
		<a id="25" s="H" t="H" l="H"/>
		<a id="26" s="H" t="H" l="H"/>
		<a id="27" s="H" t="H" l="H"/>
		<a id="28" s="H" t="H" l="H"/>
		<a id="29" s="H" t="H" l="H"/>
		<a id="30" s="H" t="H" l="H"/>
		<a id="31" s="H" t="H" l="H"/>
		<a id="32" s="H" t="H" l="H"/>
		<a id="33" s="H" t="H" l="H"/>
		<a id="34" s="H" t="H" l="H"/>
		<a id="35" s="H" t="H" l="H"/>
		<a id="36" s="H" t="H" l="H"/>
		<a id="37" s="H" t="H" l="H"/>
		<a id="38" s="H" t="H" l="H"/>
		<a id="39" s="H" t="H" l="H"/>
		<a id="40" s="H" t="H" l="H"/>
	</atoms>
	<bonds>
		<b id="1" c="1 2" t="1"/>
		<b id="2" c="2 3" t="1"/>
		<b id="3" c="3 4" t="1"/>
		<b id="4" c="4 5" t="1"/>
		<b id="5" c="6 7" t="ar"/>
		<b id="6" c="7 8" t="ar"/>
		<b id="7" c="8 9" t="ar"/>
		<b id="8" c="9 10" t="ar"/>
		<b id="9" c="10 11" t="ar"/>
		<b id="10" c="11 12" t="ar"/>
		<b id="11" c="7 12" t="ar"/>
		<b id="12" c="12 13" t="ar"/>
		<b id="13" c="13 14" t="ar"/>
		<b id="14" c="14 15" t="ar"/>
		<b id="15" c="15 16" t="ar"/>
		<b id="16" c="16 17" t="1"/>
		<b id="17" c="16 18" t="ar"/>
		<b id="18" c="18 19" t="ar"/>
		<b id="19" c="13 19" t="ar"/>
		<b id="20" c="6 19" t="ar"/>
		<b id="21" c="5 20" t="1"/>
		<b id="22" c="20 21" t="1"/>
		<b id="23" c="2 21" t="1"/>
		<b id="24" c="5 6" t="1"/>
		<b id="25" c="1 22" t="1"/>
		<b id="26" c="1 23" t="1"/>
		<b id="27" c="1 24" t="1"/>
		<b id="28" c="2 25" t="1"/>
		<b id="29" c="3 26" t="1"/>
		<b id="30" c="3 27" t="1"/>
		<b id="31" c="4 28" t="1"/>
		<b id="32" c="4 29" t="1"/>
		<b id="33" c="5 30" t="1"/>
		<b id="34" c="8 31" t="1"/>
		<b id="35" c="10 32" t="1"/>
		<b id="36" c="11 33" t="1"/>
		<b id="37" c="14 34" t="1"/>
		<b id="38" c="17 35" t="1"/>
		<b id="39" c="17 36" t="1"/>
		<b id="40" c="20 37" t="1"/>
		<b id="41" c="20 38" t="1"/>
		<b id="42" c="21 39" t="1"/>
		<b id="43" c="21 40" t="1"/>
	</bonds>
	<geometry>
		<g u="A" t="cart/3d">#40,3:2.4993,0.0143,-0.1171;1.0439,-0.0197,0.3402;0.3008,1.2367,-0.1154;-1.1548,1.2074,0.3374;-1.8560,-0.0361,-0.2128;-3.2409,-0.0653,0.2054;-4.3492,-0.0386,-0.6193;-4.4638,0.0171,-2.0006;-5.6430,0.0376,-2.5926;-6.7479,0.0036,-1.8570;-6.7634,-0.0534,-0.4741;-5.5313,-0.0746,0.1653;-5.0993,-0.1246,1.5277;-5.6731,-0.1651,2.7877;-4.9262,-0.1977,3.8743;-3.5935,-0.1921,3.7249;-2.8671,-0.2714,4.8610;-2.9142,-0.1456,2.5766;-3.6764,-0.1157,1.4921;-1.1248,-1.2972,0.2516;0.3309,-1.2594,-0.2012;3.0068,0.8885,0.2844;2.5558,0.0549,-1.2029;3.0278,-0.8745,0.2198;1.0199,-0.0579,1.4348;0.3428,1.3036,-1.2056;0.7909,2.1237,0.2908;-1.6759,2.1037,-0.0075;-1.2078,1.1779,1.4266;-1.8521,0.0013,-1.3072;-3.6072,0.0473,-2.6611;-7.6704,0.0243,-2.4214;-7.6883,-0.0793,0.0802;-6.7442,-0.1678,2.9449;-3.3492,-0.1602,5.7343;-1.8762,-0.1204,4.8092;-1.6236,-2.1800,-0.1553;-1.1780,-1.3452,1.3402;0.3737,-1.2502,-1.2934;0.8429,-2.1599,0.1436;</g>
	</geometry>
	<conformers/>
	<properties/>
</molecule>
