<?xml version="1.0" ?>
<!--MOLLI PACKAGE EXPERIMENTAL XML FORMAT-->
<molecule name="nuc331">
	<atoms>
		<a id="1" s="C" t="C.3" l="C"/>
		<a id="2" s="C" t="C.3" l="C"/>
		<a id="3" s="C" t="C.3" l="C"/>
		<a id="4" s="C" t="C.3" l="C"/>
		<a id="5" s="C" t="C.3" l="C"/>
		<a id="6" s="C" t="C.3" l="C"/>
		<a id="7" s="N" t="N.ar" l="N"/>
		<a id="8" s="C" t="C.ar" l="C"/>
		<a id="9" s="C" t="C.ar" l="C"/>
		<a id="10" s="N" t="N.ar" l="N"/>
		<a id="11" s="C" t="C.ar" l="C"/>
		<a id="12" s="C" t="C.ar" l="C"/>
		<a id="13" s="C" t="C.ar" l="C"/>
		<a id="14" s="C" t="C.ar" l="C"/>
		<a id="15" s="C" t="C.ar" l="C"/>
		<a id="16" s="N" t="N.ar" l="N"/>
		<a id="17" s="C" t="C.ar" l="C"/>
		<a id="18" s="N" t="N.pl3" l="N"/>
		<a id="19" s="N" t="N.ar" l="N"/>
		<a id="20" s="C" t="C.ar" l="C"/>
		<a id="21" s="C" t="C.3" l="C"/>
		<a id="22" s="C" t="C.3" l="C"/>
		<a id="23" s="H" t="H" l="H"/>
		<a id="24" s="H" t="H" l="H"/>
		<a id="25" s="H" t="H" l="H"/>
		<a id="26" s="H" t="H" l="H"/>
		<a id="27" s="H" t="H" l="H"/>
		<a id="28" s="H" t="H" l="H"/>
		<a id="29" s="H" t="H" l="H"/>
		<a id="30" s="H" t="H" l="H"/>
		<a id="31" s="H" t="H" l="H"/>
		<a id="32" s="H" t="H" l="H"/>
		<a id="33" s="H" t="H" l="H"/>
		<a id="34" s="H" t="H" l="H"/>
		<a id="35" s="H" t="H" l="H"/>
		<a id="36" s="H" t="H" l="H"/>
		<a id="37" s="H" t="H" l="H"/>
		<a id="38" s="H" t="H" l="H"/>
		<a id="39" s="H" t="H" l="H"/>
		<a id="40" s="H" t="H" l="H"/>
		<a id="41" s="H" t="H" l="H"/>
		<a id="42" s="H" t="H" l="H"/>
		<a id="43" s="H" t="H" l="H"/>
	</atoms>
	<bonds>
		<b id="1" c="1 2" t="1"/>
		<b id="2" c="2 3" t="1"/>
		<b id="3" c="2 4" t="1"/>
		<b id="4" c="4 5" t="1"/>
		<b id="5" c="5 6" t="1"/>
		<b id="6" c="6 7" t="1"/>
		<b id="7" c="7 8" t="ar"/>
		<b id="8" c="8 9" t="ar"/>
		<b id="9" c="9 10" t="ar"/>
		<b id="10" c="10 11" t="ar"/>
		<b id="11" c="11 12" t="ar"/>
		<b id="12" c="12 13" t="ar"/>
		<b id="13" c="8 13" t="ar"/>
		<b id="14" c="13 14" t="ar"/>
		<b id="15" c="14 15" t="ar"/>
		<b id="16" c="15 16" t="ar"/>
		<b id="17" c="16 17" t="ar"/>
		<b id="18" c="17 18" t="1"/>
		<b id="19" c="17 19" t="ar"/>
		<b id="20" c="19 20" t="ar"/>
		<b id="21" c="14 20" t="ar"/>
		<b id="22" c="7 20" t="ar"/>
		<b id="23" c="6 21" t="1"/>
		<b id="24" c="21 22" t="1"/>
		<b id="25" c="2 22" t="1"/>
		<b id="26" c="1 23" t="1"/>
		<b id="27" c="1 24" t="1"/>
		<b id="28" c="1 25" t="1"/>
		<b id="29" c="3 26" t="1"/>
		<b id="30" c="3 27" t="1"/>
		<b id="31" c="3 28" t="1"/>
		<b id="32" c="4 29" t="1"/>
		<b id="33" c="4 30" t="1"/>
		<b id="34" c="5 31" t="1"/>
		<b id="35" c="5 32" t="1"/>
		<b id="36" c="6 33" t="1"/>
		<b id="37" c="9 34" t="1"/>
		<b id="38" c="11 35" t="1"/>
		<b id="39" c="12 36" t="1"/>
		<b id="40" c="15 37" t="1"/>
		<b id="41" c="18 38" t="1"/>
		<b id="42" c="18 39" t="1"/>
		<b id="43" c="21 40" t="1"/>
		<b id="44" c="21 41" t="1"/>
		<b id="45" c="22 42" t="1"/>
		<b id="46" c="22 43" t="1"/>
	</bonds>
	<geometry>
		<g u="A" t="cart/3d">#43,3:0.5710,-0.2265,-0.1806;2.0503,-0.0512,0.1690;2.1527,0.2973,1.6570;2.6908,1.0783,-0.6472;2.7993,0.7637,-2.1368;3.4260,-0.5979,-2.4682;4.8806,-0.5808,-2.5272;5.5759,-1.0194,-3.6456;5.1389,-1.5137,-4.8676;5.9878,-1.8770,-5.8101;7.2941,-1.7743,-5.5967;7.8534,-1.3033,-4.4226;6.9718,-0.9177,-3.4217;7.1183,-0.4020,-2.0989;8.1620,-0.0697,-1.2512;7.9350,0.3923,-0.0375;6.6576,0.5262,0.3473;6.4589,1.0031,1.5924;5.5689,0.2402,-0.3682;5.8006,-0.2186,-1.5896;2.8932,-1.7172,-1.5632;2.8487,-1.3354,-0.0883;0.0183,0.6762,0.0710;0.1462,-1.0541,0.3838;0.4253,-0.4262,-1.2374;1.6495,1.2390,1.8655;3.1944,0.3894,1.9553;1.6917,-0.4792,2.2639;3.6926,1.2492,-0.2559;2.1099,1.9957,-0.5268;3.3828,1.5463,-2.6278;1.8020,0.7766,-2.5818;3.1261,-0.8380,-3.4938;4.0936,-1.6345,-5.1208;7.9168,-2.0936,-6.4214;8.9217,-1.2401,-4.2888;9.2010,-0.1714,-1.5375;7.2566,1.2123,2.1621;5.5256,1.1230,1.9386;3.5211,-2.6024,-1.6940;1.8897,-1.9783,-1.9038;3.8675,-1.1772,0.2664;2.4131,-2.1615,0.4786;</g>
	</geometry>
	<conformers/>
	<properties/>
</molecule>
