<?xml version="1.0" ?>
<!--MOLLI PACKAGE EXPERIMENTAL XML FORMAT-->
<molecule name="nuc332">
	<atoms>
		<a id="1" s="N" t="N.pl3" l="N"/>
		<a id="2" s="C" t="C.ar" l="C"/>
		<a id="3" s="N" t="N.ar" l="N"/>
		<a id="4" s="C" t="C.ar" l="C"/>
		<a id="5" s="C" t="C.ar" l="C"/>
		<a id="6" s="C" t="C.ar" l="C"/>
		<a id="7" s="C" t="C.ar" l="C"/>
		<a id="8" s="C" t="C.ar" l="C"/>
		<a id="9" s="N" t="N.ar" l="N"/>
		<a id="10" s="C" t="C.ar" l="C"/>
		<a id="11" s="O" t="O.2" l="O"/>
		<a id="12" s="C" t="C.ar" l="C"/>
		<a id="13" s="N" t="N.ar" l="N"/>
		<a id="14" s="C" t="C.3" l="C"/>
		<a id="15" s="C" t="C.3" l="C"/>
		<a id="16" s="C" t="C.3" l="C"/>
		<a id="17" s="C" t="C.3" l="C"/>
		<a id="18" s="C" t="C.3" l="C"/>
		<a id="19" s="C" t="C.ar" l="C"/>
		<a id="20" s="N" t="N.ar" l="N"/>
		<a id="21" s="H" t="H" l="H"/>
		<a id="22" s="H" t="H" l="H"/>
		<a id="23" s="H" t="H" l="H"/>
		<a id="24" s="H" t="H" l="H"/>
		<a id="25" s="H" t="H" l="H"/>
		<a id="26" s="H" t="H" l="H"/>
		<a id="27" s="H" t="H" l="H"/>
		<a id="28" s="H" t="H" l="H"/>
		<a id="29" s="H" t="H" l="H"/>
		<a id="30" s="H" t="H" l="H"/>
		<a id="31" s="H" t="H" l="H"/>
		<a id="32" s="H" t="H" l="H"/>
		<a id="33" s="H" t="H" l="H"/>
		<a id="34" s="H" t="H" l="H"/>
		<a id="35" s="H" t="H" l="H"/>
	</atoms>
	<bonds>
		<b id="1" c="1 2" t="1"/>
		<b id="2" c="2 3" t="ar"/>
		<b id="3" c="3 4" t="ar"/>
		<b id="4" c="4 5" t="ar"/>
		<b id="5" c="5 6" t="ar"/>
		<b id="6" c="6 7" t="ar"/>
		<b id="7" c="7 8" t="ar"/>
		<b id="8" c="8 9" t="ar"/>
		<b id="9" c="9 10" t="ar"/>
		<b id="10" c="10 11" t="2"/>
		<b id="11" c="10 12" t="ar"/>
		<b id="12" c="6 12" t="ar"/>
		<b id="13" c="12 13" t="ar"/>
		<b id="14" c="13 14" t="1"/>
		<b id="15" c="14 15" t="1"/>
		<b id="16" c="15 16" t="1"/>
		<b id="17" c="16 17" t="1"/>
		<b id="18" c="17 18" t="1"/>
		<b id="19" c="14 18" t="1"/>
		<b id="20" c="13 19" t="ar"/>
		<b id="21" c="5 19" t="ar"/>
		<b id="22" c="19 20" t="ar"/>
		<b id="23" c="2 20" t="ar"/>
		<b id="24" c="1 21" t="1"/>
		<b id="25" c="1 22" t="1"/>
		<b id="26" c="4 23" t="1"/>
		<b id="27" c="7 24" t="1"/>
		<b id="28" c="8 25" t="1"/>
		<b id="29" c="9 26" t="1"/>
		<b id="30" c="14 27" t="1"/>
		<b id="31" c="15 28" t="1"/>
		<b id="32" c="15 29" t="1"/>
		<b id="33" c="16 30" t="1"/>
		<b id="34" c="16 31" t="1"/>
		<b id="35" c="17 32" t="1"/>
		<b id="36" c="17 33" t="1"/>
		<b id="37" c="18 34" t="1"/>
		<b id="38" c="18 35" t="1"/>
	</bonds>
	<geometry>
		<g u="A" t="cart/3d">#35,3:1.3047,0.2196,0.0960;2.6540,0.1880,0.0452;3.2123,-1.0349,-0.0135;4.5249,-1.1177,-0.0253;5.3160,0.0232,0.0205;6.7017,0.3508,0.0218;7.8781,-0.4342,-0.0222;9.0601,0.2247,-0.0084;9.1084,1.5862,0.0459;8.0240,2.4502,0.0923;8.2166,3.6578,0.1372;6.7717,1.7456,0.0783;5.5021,2.2866,0.1124;5.1841,3.6928,0.1721;4.3181,4.0626,1.3808;3.6935,5.4112,1.0026;3.8166,5.5274,-0.5298;4.3320,4.1705,-1.0059;4.6151,1.2630,0.0764;3.2895,1.3569,0.0851;0.8068,-0.6351,-0.0710;0.8403,1.1035,-0.0019;4.9404,-2.1166,-0.0751;7.8290,-1.5081,-0.0652;10.0124,-0.2812,-0.0396;10.0090,2.0479,0.0541;6.1331,4.2339,0.1981;4.8977,4.1146,2.3013;3.5456,3.3019,1.4943;4.2257,6.2295,1.4868;2.6536,5.4588,1.3231;4.5362,6.3047,-0.7882;2.8669,5.7831,-0.9973;4.9013,4.2392,-1.9320;3.5073,3.4708,-1.1445;</g>
	</geometry>
	<conformers/>
	<properties/>
</molecule>
