<?xml version="1.0" ?>
<!--MOLLI PACKAGE EXPERIMENTAL XML FORMAT-->
<molecule name="nuc333">
	<atoms>
		<a id="1" s="C" t="C.3" l="C"/>
		<a id="2" s="C" t="C.ar" l="C"/>
		<a id="3" s="N" t="N.ar" l="N"/>
		<a id="4" s="C" t="C.ar" l="C"/>
		<a id="5" s="C" t="C.ar" l="C"/>
		<a id="6" s="C" t="C.ar" l="C"/>
		<a id="7" s="C" t="C.ar" l="C"/>
		<a id="8" s="C" t="C.ar" l="C"/>
		<a id="9" s="N" t="N.ar" l="N"/>
		<a id="10" s="C" t="C.ar" l="C"/>
		<a id="11" s="N" t="N.pl3" l="N"/>
		<a id="12" s="N" t="N.ar" l="N"/>
		<a id="13" s="C" t="C.ar" l="C"/>
		<a id="14" s="N" t="N.ar" l="N"/>
		<a id="15" s="C" t="C.3" l="C"/>
		<a id="16" s="C" t="C.3" l="C"/>
		<a id="17" s="C" t="C.3" l="C"/>
		<a id="18" s="C" t="C.3" l="C"/>
		<a id="19" s="C" t="C.3" l="C"/>
		<a id="20" s="C" t="C.ar" l="C"/>
		<a id="21" s="H" t="H" l="H"/>
		<a id="22" s="H" t="H" l="H"/>
		<a id="23" s="H" t="H" l="H"/>
		<a id="24" s="H" t="H" l="H"/>
		<a id="25" s="H" t="H" l="H"/>
		<a id="26" s="H" t="H" l="H"/>
		<a id="27" s="H" t="H" l="H"/>
		<a id="28" s="H" t="H" l="H"/>
		<a id="29" s="H" t="H" l="H"/>
		<a id="30" s="H" t="H" l="H"/>
		<a id="31" s="H" t="H" l="H"/>
		<a id="32" s="H" t="H" l="H"/>
		<a id="33" s="H" t="H" l="H"/>
		<a id="34" s="H" t="H" l="H"/>
		<a id="35" s="H" t="H" l="H"/>
		<a id="36" s="H" t="H" l="H"/>
		<a id="37" s="H" t="H" l="H"/>
	</atoms>
	<bonds>
		<b id="1" c="1 2" t="1"/>
		<b id="2" c="2 3" t="ar"/>
		<b id="3" c="3 4" t="ar"/>
		<b id="4" c="4 5" t="ar"/>
		<b id="5" c="5 6" t="ar"/>
		<b id="6" c="6 7" t="ar"/>
		<b id="7" c="7 8" t="ar"/>
		<b id="8" c="8 9" t="ar"/>
		<b id="9" c="9 10" t="ar"/>
		<b id="10" c="10 11" t="1"/>
		<b id="11" c="10 12" t="ar"/>
		<b id="12" c="12 13" t="ar"/>
		<b id="13" c="7 13" t="ar"/>
		<b id="14" c="13 14" t="ar"/>
		<b id="15" c="14 15" t="1"/>
		<b id="16" c="15 16" t="1"/>
		<b id="17" c="16 17" t="1"/>
		<b id="18" c="17 18" t="1"/>
		<b id="19" c="18 19" t="1"/>
		<b id="20" c="15 19" t="1"/>
		<b id="21" c="14 20" t="ar"/>
		<b id="22" c="2 20" t="ar"/>
		<b id="23" c="6 20" t="ar"/>
		<b id="24" c="1 21" t="1"/>
		<b id="25" c="1 22" t="1"/>
		<b id="26" c="1 23" t="1"/>
		<b id="27" c="4 24" t="1"/>
		<b id="28" c="5 25" t="1"/>
		<b id="29" c="8 26" t="1"/>
		<b id="30" c="11 27" t="1"/>
		<b id="31" c="11 28" t="1"/>
		<b id="32" c="15 29" t="1"/>
		<b id="33" c="16 30" t="1"/>
		<b id="34" c="16 31" t="1"/>
		<b id="35" c="17 32" t="1"/>
		<b id="36" c="17 33" t="1"/>
		<b id="37" c="18 34" t="1"/>
		<b id="38" c="18 35" t="1"/>
		<b id="39" c="19 36" t="1"/>
		<b id="40" c="19 37" t="1"/>
	</bonds>
	<geometry>
		<g u="A" t="cart/3d">#37,3:1.0973,-0.0141,0.0802;2.5964,0.0685,0.0797;3.1973,-1.1118,0.0929;4.5181,-1.2194,0.0974;5.3732,-0.1362,0.0905;4.7771,1.1174,0.0769;5.3049,2.4446,0.0696;6.5482,3.0548,0.0796;6.6603,4.3692,0.0737;5.5335,5.0960,0.0559;5.6889,6.4378,0.0015;4.2813,4.6359,0.0545;4.1816,3.3123,0.0577;3.0279,2.5920,0.0566;1.7176,3.1942,0.0359;1.4816,4.0999,-1.1797;0.3025,4.9918,-0.7692;0.2058,4.8983,0.7669;1.4565,4.1419,1.2106;3.3612,1.2409,0.0693;0.8265,-1.0666,0.0967;0.6753,0.4382,-0.8162;0.6746,0.4665,0.9614;4.8937,-2.2338,0.1078;6.4454,-0.2502,0.0959;7.4755,2.4965,0.0968;6.6085,6.8084,0.1588;4.8833,7.0169,0.1515;0.9766,2.3977,0.0457;1.2787,3.5280,-2.0846;2.3765,4.7000,-1.3390;-0.6233,4.6461,-1.2292;0.4663,6.0183,-1.0930;-0.6860,4.3386,1.0528;0.1436,5.8807,1.2317;1.3175,3.6122,2.1526;2.3038,4.8200,1.3045;</g>
	</geometry>
	<conformers/>
	<properties/>
</molecule>
