<?xml version="1.0" ?>
<!--MOLLI PACKAGE EXPERIMENTAL XML FORMAT-->
<molecule name="nuc334">
	<atoms>
		<a id="1" s="N" t="N.pl3" l="N"/>
		<a id="2" s="C" t="C.ar" l="C"/>
		<a id="3" s="N" t="N.ar" l="N"/>
		<a id="4" s="C" t="C.ar" l="C"/>
		<a id="5" s="C" t="C.ar" l="C"/>
		<a id="6" s="C" t="C.ar" l="C"/>
		<a id="7" s="C" t="C.ar" l="C"/>
		<a id="8" s="C" t="C.ar" l="C"/>
		<a id="9" s="N" t="N.ar" l="N"/>
		<a id="10" s="C" t="C.ar" l="C"/>
		<a id="11" s="F" t="F" l="F"/>
		<a id="12" s="C" t="C.ar" l="C"/>
		<a id="13" s="N" t="N.ar" l="N"/>
		<a id="14" s="C" t="C.3" l="C"/>
		<a id="15" s="C" t="C.3" l="C"/>
		<a id="16" s="C" t="C.3" l="C"/>
		<a id="17" s="C" t="C.3" l="C"/>
		<a id="18" s="C" t="C.3" l="C"/>
		<a id="19" s="C" t="C.ar" l="C"/>
		<a id="20" s="N" t="N.ar" l="N"/>
		<a id="21" s="H" t="H" l="H"/>
		<a id="22" s="H" t="H" l="H"/>
		<a id="23" s="H" t="H" l="H"/>
		<a id="24" s="H" t="H" l="H"/>
		<a id="25" s="H" t="H" l="H"/>
		<a id="26" s="H" t="H" l="H"/>
		<a id="27" s="H" t="H" l="H"/>
		<a id="28" s="H" t="H" l="H"/>
		<a id="29" s="H" t="H" l="H"/>
		<a id="30" s="H" t="H" l="H"/>
		<a id="31" s="H" t="H" l="H"/>
		<a id="32" s="H" t="H" l="H"/>
		<a id="33" s="H" t="H" l="H"/>
		<a id="34" s="H" t="H" l="H"/>
	</atoms>
	<bonds>
		<b id="1" c="1 2" t="1"/>
		<b id="2" c="2 3" t="ar"/>
		<b id="3" c="3 4" t="ar"/>
		<b id="4" c="4 5" t="ar"/>
		<b id="5" c="5 6" t="ar"/>
		<b id="6" c="6 7" t="ar"/>
		<b id="7" c="7 8" t="ar"/>
		<b id="8" c="8 9" t="ar"/>
		<b id="9" c="9 10" t="ar"/>
		<b id="10" c="10 11" t="1"/>
		<b id="11" c="10 12" t="ar"/>
		<b id="12" c="6 12" t="ar"/>
		<b id="13" c="12 13" t="ar"/>
		<b id="14" c="13 14" t="1"/>
		<b id="15" c="14 15" t="1"/>
		<b id="16" c="15 16" t="1"/>
		<b id="17" c="16 17" t="1"/>
		<b id="18" c="17 18" t="1"/>
		<b id="19" c="14 18" t="1"/>
		<b id="20" c="13 19" t="ar"/>
		<b id="21" c="5 19" t="ar"/>
		<b id="22" c="19 20" t="ar"/>
		<b id="23" c="2 20" t="ar"/>
		<b id="24" c="1 21" t="1"/>
		<b id="25" c="1 22" t="1"/>
		<b id="26" c="4 23" t="1"/>
		<b id="27" c="7 24" t="1"/>
		<b id="28" c="8 25" t="1"/>
		<b id="29" c="14 26" t="1"/>
		<b id="30" c="15 27" t="1"/>
		<b id="31" c="15 28" t="1"/>
		<b id="32" c="16 29" t="1"/>
		<b id="33" c="16 30" t="1"/>
		<b id="34" c="17 31" t="1"/>
		<b id="35" c="17 32" t="1"/>
		<b id="36" c="18 33" t="1"/>
		<b id="37" c="18 34" t="1"/>
	</bonds>
	<geometry>
		<g u="A" t="cart/3d">#34,3:1.2513,-0.3763,0.0865;2.5920,-0.2546,0.0331;3.0712,0.9993,-0.0167;4.3771,1.1647,-0.0364;5.2360,0.0753,-0.0069;6.6442,-0.1606,-0.0129;7.7667,0.6606,-0.0482;8.9995,0.0399,-0.0389;9.1570,-1.2798,0.0001;8.1048,-2.0528,0.0332;8.3619,-3.3773,0.0708;6.7993,-1.5728,0.0307;5.5621,-2.1838,0.0620;5.2960,-3.6015,0.1240;4.4408,-4.1081,-1.0417;3.9046,-5.4573,-0.5504;3.9889,-5.4176,0.9893;4.4663,-4.0090,1.3444;4.6173,-1.2045,0.0408;3.3040,-1.3832,0.0574;0.6935,0.4492,-0.0319;0.8404,-1.2889,0.0152;4.7297,2.1871,-0.0786;7.6742,1.7339,-0.0810;9.9194,0.6054,-0.0638;6.2533,-4.1252,0.1371;5.0104,-4.1960,-1.9659;3.6233,-3.4043,-1.1969;4.5134,-6.2731,-0.9399;2.8829,-5.6167,-0.8915;4.7100,-6.1546,1.3437;3.0303,-5.6410,1.4545;5.0416,-3.9813,2.2689;3.6213,-3.3260,1.4307;</g>
	</geometry>
	<conformers/>
	<properties/>
</molecule>
