<?xml version="1.0" ?>
<!--MOLLI PACKAGE EXPERIMENTAL XML FORMAT-->
<molecule name="nuc340">
	<atoms>
		<a id="1" s="C" t="C.3" l="C"/>
		<a id="2" s="C" t="C.3" l="C"/>
		<a id="3" s="C" t="C.3" l="C"/>
		<a id="4" s="C" t="C.3" l="C"/>
		<a id="5" s="O" t="O.3" l="O"/>
		<a id="6" s="C" t="C.2" l="C"/>
		<a id="7" s="O" t="O.2" l="O"/>
		<a id="8" s="N" t="N.am" l="N"/>
		<a id="9" s="C" t="C.3" l="C"/>
		<a id="10" s="C" t="C.3" l="C"/>
		<a id="11" s="C" t="C.3" l="C"/>
		<a id="12" s="N" t="N.pl3" l="N"/>
		<a id="13" s="C" t="C.ar" l="C"/>
		<a id="14" s="C" t="C.ar" l="C"/>
		<a id="15" s="C" t="C.ar" l="C"/>
		<a id="16" s="C" t="C.ar" l="C"/>
		<a id="17" s="N" t="N.ar" l="N"/>
		<a id="18" s="C" t="C.ar" l="C"/>
		<a id="19" s="C" t="C.ar" l="C"/>
		<a id="20" s="C" t="C.ar" l="C"/>
		<a id="21" s="C" t="C.ar" l="C"/>
		<a id="22" s="C" t="C.ar" l="C"/>
		<a id="23" s="C" t="C.ar" l="C"/>
		<a id="24" s="N" t="N.pl3" l="N"/>
		<a id="25" s="N" t="N.ar" l="N"/>
		<a id="26" s="C" t="C.ar" l="C"/>
		<a id="27" s="N" t="N.ar" l="N"/>
		<a id="28" s="N" t="N.ar" l="N"/>
		<a id="29" s="C" t="C.3" l="C"/>
		<a id="30" s="C" t="C.3" l="C"/>
		<a id="31" s="H" t="H" l="H"/>
		<a id="32" s="H" t="H" l="H"/>
		<a id="33" s="H" t="H" l="H"/>
		<a id="34" s="H" t="H" l="H"/>
		<a id="35" s="H" t="H" l="H"/>
		<a id="36" s="H" t="H" l="H"/>
		<a id="37" s="H" t="H" l="H"/>
		<a id="38" s="H" t="H" l="H"/>
		<a id="39" s="H" t="H" l="H"/>
		<a id="40" s="H" t="H" l="H"/>
		<a id="41" s="H" t="H" l="H"/>
		<a id="42" s="H" t="H" l="H"/>
		<a id="43" s="H" t="H" l="H"/>
		<a id="44" s="H" t="H" l="H"/>
		<a id="45" s="H" t="H" l="H"/>
		<a id="46" s="H" t="H" l="H"/>
		<a id="47" s="H" t="H" l="H"/>
		<a id="48" s="H" t="H" l="H"/>
		<a id="49" s="H" t="H" l="H"/>
		<a id="50" s="H" t="H" l="H"/>
		<a id="51" s="H" t="H" l="H"/>
		<a id="52" s="H" t="H" l="H"/>
		<a id="53" s="H" t="H" l="H"/>
		<a id="54" s="H" t="H" l="H"/>
		<a id="55" s="H" t="H" l="H"/>
		<a id="56" s="H" t="H" l="H"/>
		<a id="57" s="H" t="H" l="H"/>
	</atoms>
	<bonds>
		<b id="1" c="1 2" t="1"/>
		<b id="2" c="2 3" t="1"/>
		<b id="3" c="2 4" t="1"/>
		<b id="4" c="2 5" t="1"/>
		<b id="5" c="5 6" t="1"/>
		<b id="6" c="6 7" t="2"/>
		<b id="7" c="6 8" t="am"/>
		<b id="8" c="8 9" t="1"/>
		<b id="9" c="9 10" t="1"/>
		<b id="10" c="10 11" t="1"/>
		<b id="11" c="11 12" t="1"/>
		<b id="12" c="12 13" t="1"/>
		<b id="13" c="13 14" t="ar"/>
		<b id="14" c="14 15" t="ar"/>
		<b id="15" c="15 16" t="ar"/>
		<b id="16" c="16 17" t="ar"/>
		<b id="17" c="17 18" t="ar"/>
		<b id="18" c="18 19" t="ar"/>
		<b id="19" c="19 20" t="1"/>
		<b id="20" c="20 21" t="ar"/>
		<b id="21" c="21 22" t="ar"/>
		<b id="22" c="22 23" t="ar"/>
		<b id="23" c="23 24" t="1"/>
		<b id="24" c="23 25" t="ar"/>
		<b id="25" c="25 26" t="ar"/>
		<b id="26" c="20 26" t="ar"/>
		<b id="27" c="19 27" t="ar"/>
		<b id="28" c="16 27" t="ar"/>
		<b id="29" c="27 28" t="ar"/>
		<b id="30" c="13 28" t="ar"/>
		<b id="31" c="11 29" t="1"/>
		<b id="32" c="29 30" t="1"/>
		<b id="33" c="8 30" t="1"/>
		<b id="34" c="1 31" t="1"/>
		<b id="35" c="1 32" t="1"/>
		<b id="36" c="1 33" t="1"/>
		<b id="37" c="3 34" t="1"/>
		<b id="38" c="3 35" t="1"/>
		<b id="39" c="3 36" t="1"/>
		<b id="40" c="4 37" t="1"/>
		<b id="41" c="4 38" t="1"/>
		<b id="42" c="4 39" t="1"/>
		<b id="43" c="9 40" t="1"/>
		<b id="44" c="9 41" t="1"/>
		<b id="45" c="10 42" t="1"/>
		<b id="46" c="10 43" t="1"/>
		<b id="47" c="11 44" t="1"/>
		<b id="48" c="12 45" t="1"/>
		<b id="49" c="14 46" t="1"/>
		<b id="50" c="15 47" t="1"/>
		<b id="51" c="18 48" t="1"/>
		<b id="52" c="21 49" t="1"/>
		<b id="53" c="22 50" t="1"/>
		<b id="54" c="24 51" t="1"/>
		<b id="55" c="24 52" t="1"/>
		<b id="56" c="26 53" t="1"/>
		<b id="57" c="29 54" t="1"/>
		<b id="58" c="29 55" t="1"/>
		<b id="59" c="30 56" t="1"/>
		<b id="60" c="30 57" t="1"/>
	</bonds>
	<geometry>
		<g u="A" t="cart/3d">#57,3:4.2182,1.7329,0.8827;3.1868,1.0338,-0.0025;2.8614,-0.3616,0.5297;1.9133,1.8754,-0.1062;3.6634,0.9564,-1.3673;4.7815,0.2638,-1.6548;5.4761,-0.3208,-0.8546;5.0421,0.2751,-2.9864;6.2202,-0.3915,-3.4958;7.1548,0.6135,-4.1649;6.4209,1.3977,-5.2638;6.0931,0.5724,-6.4064;7.0378,0.1735,-7.2979;6.6892,-0.7594,-8.3221;7.6259,-1.1081,-9.2478;8.8992,-0.5293,-9.1514;9.9845,-0.6769,-9.8990;10.9083,0.1164,-9.3503;10.4232,0.7891,-8.2281;11.0894,1.7330,-7.3594;12.3486,2.2512,-7.6992;12.9644,3.1524,-6.8651;12.3083,3.5338,-5.6842;12.8910,4.3838,-4.7851;11.1143,3.0482,-5.3517;10.5350,2.1791,-6.1584;9.1343,0.3622,-8.1131;8.2339,0.7079,-7.1951;5.1502,2.0281,-4.6893;4.2748,0.9940,-3.9745;3.8116,1.8686,1.8809;4.4688,2.7067,0.4671;5.1223,1.1339,0.9461;2.4138,-0.2817,1.5165;3.7680,-0.9561,0.5982;2.1615,-0.8620,-0.1368;1.4758,2.0087,0.8784;1.1912,1.3819,-0.7513;2.1437,2.8505,-0.5272;5.9124,-1.1618,-4.2144;6.7135,-0.8773,-2.6528;8.0086,0.0932,-4.5986;7.5254,1.3165,-3.4186;7.0865,2.1818,-5.6411;5.2702,-0.0039,-6.3358;5.6910,-1.1680,-8.3451;7.4281,-1.8056,-10.0450;11.8918,0.1679,-9.7744;12.8286,1.9497,-8.6186;13.9319,3.5683,-7.1058;13.6114,5.0030,-5.1135;12.2820,4.7362,-4.0653;9.5702,1.8193,-5.8315;4.5765,2.5014,-5.4873;5.4425,2.7971,-3.9735;3.8676,0.2733,-4.6969;3.4388,1.4876,-3.4811;</g>
	</geometry>
	<conformers/>
	<properties/>
</molecule>
