<?xml version="1.0" ?>
<!--MOLLI PACKAGE EXPERIMENTAL XML FORMAT-->
<molecule name="nuc34">
	<atoms>
		<a id="1" s="C" t="C.3" l="C"/>
		<a id="2" s="C" t="C.3" l="C"/>
		<a id="3" s="C" t="C.3" l="C"/>
		<a id="4" s="N" t="N.3" l="N"/>
		<a id="5" s="N" t="N.am" l="N"/>
		<a id="6" s="C" t="C.2" l="C"/>
		<a id="7" s="O" t="O.2" l="O"/>
		<a id="8" s="O" t="O.3" l="O"/>
		<a id="9" s="C" t="C.3" l="C"/>
		<a id="10" s="C" t="C.3" l="C"/>
		<a id="11" s="C" t="C.3" l="C"/>
		<a id="12" s="C" t="C.3" l="C"/>
		<a id="13" s="H" t="H" l="H"/>
		<a id="14" s="H" t="H" l="H"/>
		<a id="15" s="H" t="H" l="H"/>
		<a id="16" s="H" t="H" l="H"/>
		<a id="17" s="H" t="H" l="H"/>
		<a id="18" s="H" t="H" l="H"/>
		<a id="19" s="H" t="H" l="H"/>
		<a id="20" s="H" t="H" l="H"/>
		<a id="21" s="H" t="H" l="H"/>
		<a id="22" s="H" t="H" l="H"/>
		<a id="23" s="H" t="H" l="H"/>
		<a id="24" s="H" t="H" l="H"/>
		<a id="25" s="H" t="H" l="H"/>
		<a id="26" s="H" t="H" l="H"/>
		<a id="27" s="H" t="H" l="H"/>
		<a id="28" s="H" t="H" l="H"/>
		<a id="29" s="H" t="H" l="H"/>
		<a id="30" s="H" t="H" l="H"/>
	</atoms>
	<bonds>
		<b id="1" c="3 4" t="1"/>
		<b id="2" c="2 5" t="1"/>
		<b id="3" c="5 6" t="am"/>
		<b id="4" c="6 7" t="2"/>
		<b id="5" c="6 8" t="1"/>
		<b id="6" c="8 9" t="1"/>
		<b id="7" c="9 10" t="1"/>
		<b id="8" c="9 11" t="1"/>
		<b id="9" c="9 12" t="1"/>
		<b id="10" c="2 3" t="1"/>
		<b id="11" c="2 1" t="1"/>
		<b id="12" c="1 13" t="1"/>
		<b id="13" c="1 14" t="1"/>
		<b id="14" c="1 15" t="1"/>
		<b id="15" c="2 16" t="1"/>
		<b id="16" c="3 17" t="1"/>
		<b id="17" c="3 18" t="1"/>
		<b id="18" c="4 19" t="1"/>
		<b id="19" c="4 20" t="1"/>
		<b id="20" c="5 21" t="1"/>
		<b id="21" c="10 22" t="1"/>
		<b id="22" c="10 23" t="1"/>
		<b id="23" c="10 24" t="1"/>
		<b id="24" c="11 25" t="1"/>
		<b id="25" c="11 26" t="1"/>
		<b id="26" c="11 27" t="1"/>
		<b id="27" c="12 28" t="1"/>
		<b id="28" c="12 29" t="1"/>
		<b id="29" c="12 30" t="1"/>
	</bonds>
	<geometry>
		<g u="A" t="cart/3d">#30,3:1.3759,0.1212,-0.2629;2.6519,0.3790,0.5303;2.3793,0.5945,2.0409;1.5884,1.7571,2.3852;3.3513,1.5173,-0.0302;4.7015,1.6066,-0.0581;5.4473,0.7286,0.3015;5.0523,2.8095,-0.5565;6.4488,3.1680,-0.6852;7.1614,2.2079,-1.6371;6.4175,4.5795,-1.2738;7.1192,3.1759,0.6886;1.6124,-0.0622,-1.3080;0.7062,0.9785,-0.2101;0.8592,-0.7478,0.1355;3.3321,-0.4739,0.4359;1.8710,-0.2889,2.4349;3.3432,0.6892,2.5471;0.6692,1.7076,1.9598;2.0462,2.6029,2.0625;2.8224,2.3244,-0.3193;6.6523,2.1876,-2.5985;7.1667,1.2046,-1.2204;8.1865,2.5352,-1.7868;5.9119,4.5711,-2.2359;7.4302,4.9473,-1.4081;5.8813,5.2501,-0.6075;7.1293,2.1724,1.1046;6.5764,3.8325,1.3655;8.1414,3.5315,0.5961;</g>
	</geometry>
	<conformers/>
	<properties/>
</molecule>
