<?xml version="1.0" ?>
<!--MOLLI PACKAGE EXPERIMENTAL XML FORMAT-->
<molecule name="nuc341">
	<atoms>
		<a id="1" s="C" t="C.3" l="C"/>
		<a id="2" s="C" t="C.3" l="C"/>
		<a id="3" s="C" t="C.3" l="C"/>
		<a id="4" s="C" t="C.3" l="C"/>
		<a id="5" s="O" t="O.3" l="O"/>
		<a id="6" s="C" t="C.2" l="C"/>
		<a id="7" s="O" t="O.2" l="O"/>
		<a id="8" s="N" t="N.am" l="N"/>
		<a id="9" s="C" t="C.3" l="C"/>
		<a id="10" s="C" t="C.3" l="C"/>
		<a id="11" s="C" t="C.3" l="C"/>
		<a id="12" s="C" t="C.3" l="C"/>
		<a id="13" s="N" t="N.pl3" l="N"/>
		<a id="14" s="C" t="C.ar" l="C"/>
		<a id="15" s="C" t="C.ar" l="C"/>
		<a id="16" s="C" t="C.ar" l="C"/>
		<a id="17" s="C" t="C.ar" l="C"/>
		<a id="18" s="N" t="N.ar" l="N"/>
		<a id="19" s="C" t="C.ar" l="C"/>
		<a id="20" s="C" t="C.ar" l="C"/>
		<a id="21" s="C" t="C.ar" l="C"/>
		<a id="22" s="C" t="C.ar" l="C"/>
		<a id="23" s="N" t="N.ar" l="N"/>
		<a id="24" s="C" t="C.ar" l="C"/>
		<a id="25" s="N" t="N.pl3" l="N"/>
		<a id="26" s="N" t="N.ar" l="N"/>
		<a id="27" s="C" t="C.ar" l="C"/>
		<a id="28" s="N" t="N.ar" l="N"/>
		<a id="29" s="N" t="N.ar" l="N"/>
		<a id="30" s="C" t="C.3" l="C"/>
		<a id="31" s="C" t="C.3" l="C"/>
		<a id="32" s="H" t="H" l="H"/>
		<a id="33" s="H" t="H" l="H"/>
		<a id="34" s="H" t="H" l="H"/>
		<a id="35" s="H" t="H" l="H"/>
		<a id="36" s="H" t="H" l="H"/>
		<a id="37" s="H" t="H" l="H"/>
		<a id="38" s="H" t="H" l="H"/>
		<a id="39" s="H" t="H" l="H"/>
		<a id="40" s="H" t="H" l="H"/>
		<a id="41" s="H" t="H" l="H"/>
		<a id="42" s="H" t="H" l="H"/>
		<a id="43" s="H" t="H" l="H"/>
		<a id="44" s="H" t="H" l="H"/>
		<a id="45" s="H" t="H" l="H"/>
		<a id="46" s="H" t="H" l="H"/>
		<a id="47" s="H" t="H" l="H"/>
		<a id="48" s="H" t="H" l="H"/>
		<a id="49" s="H" t="H" l="H"/>
		<a id="50" s="H" t="H" l="H"/>
		<a id="51" s="H" t="H" l="H"/>
		<a id="52" s="H" t="H" l="H"/>
		<a id="53" s="H" t="H" l="H"/>
		<a id="54" s="H" t="H" l="H"/>
		<a id="55" s="H" t="H" l="H"/>
		<a id="56" s="H" t="H" l="H"/>
		<a id="57" s="H" t="H" l="H"/>
		<a id="58" s="H" t="H" l="H"/>
		<a id="59" s="H" t="H" l="H"/>
	</atoms>
	<bonds>
		<b id="1" c="1 2" t="1"/>
		<b id="2" c="2 3" t="1"/>
		<b id="3" c="2 4" t="1"/>
		<b id="4" c="2 5" t="1"/>
		<b id="5" c="5 6" t="1"/>
		<b id="6" c="6 7" t="2"/>
		<b id="7" c="6 8" t="am"/>
		<b id="8" c="9 10" t="1"/>
		<b id="9" c="10 11" t="1"/>
		<b id="10" c="11 12" t="1"/>
		<b id="11" c="13 14" t="1"/>
		<b id="12" c="14 15" t="ar"/>
		<b id="13" c="15 16" t="ar"/>
		<b id="14" c="16 17" t="ar"/>
		<b id="15" c="17 18" t="ar"/>
		<b id="16" c="18 19" t="ar"/>
		<b id="17" c="19 20" t="ar"/>
		<b id="18" c="20 21" t="1"/>
		<b id="19" c="21 22" t="ar"/>
		<b id="20" c="22 23" t="ar"/>
		<b id="21" c="23 24" t="ar"/>
		<b id="22" c="24 25" t="1"/>
		<b id="23" c="24 26" t="ar"/>
		<b id="24" c="26 27" t="ar"/>
		<b id="25" c="21 27" t="ar"/>
		<b id="26" c="20 28" t="ar"/>
		<b id="27" c="17 28" t="ar"/>
		<b id="28" c="28 29" t="ar"/>
		<b id="29" c="14 29" t="ar"/>
		<b id="30" c="12 30" t="1"/>
		<b id="31" c="30 31" t="1"/>
		<b id="32" c="9 31" t="1"/>
		<b id="33" c="12 13" t="1"/>
		<b id="34" c="9 8" t="1"/>
		<b id="35" c="1 32" t="1"/>
		<b id="36" c="1 33" t="1"/>
		<b id="37" c="1 34" t="1"/>
		<b id="38" c="3 35" t="1"/>
		<b id="39" c="3 36" t="1"/>
		<b id="40" c="3 37" t="1"/>
		<b id="41" c="4 38" t="1"/>
		<b id="42" c="4 39" t="1"/>
		<b id="43" c="4 40" t="1"/>
		<b id="44" c="8 41" t="1"/>
		<b id="45" c="9 42" t="1"/>
		<b id="46" c="10 43" t="1"/>
		<b id="47" c="10 44" t="1"/>
		<b id="48" c="11 45" t="1"/>
		<b id="49" c="11 46" t="1"/>
		<b id="50" c="12 47" t="1"/>
		<b id="51" c="13 48" t="1"/>
		<b id="52" c="15 49" t="1"/>
		<b id="53" c="16 50" t="1"/>
		<b id="54" c="19 51" t="1"/>
		<b id="55" c="22 52" t="1"/>
		<b id="56" c="25 53" t="1"/>
		<b id="57" c="25 54" t="1"/>
		<b id="58" c="27 55" t="1"/>
		<b id="59" c="30 56" t="1"/>
		<b id="60" c="30 57" t="1"/>
		<b id="61" c="31 58" t="1"/>
		<b id="62" c="31 59" t="1"/>
	</bonds>
	<geometry>
		<g u="A" t="cart/3d">#59,3:5.4503,-1.1427,-2.2794;6.7361,-1.9423,-2.0721;6.5363,-3.4093,-2.4528;7.8832,-1.3313,-2.8786;7.1782,-1.8368,-0.6979;6.3994,-2.2837,0.3063;5.3137,-2.8018,0.2034;7.0245,-2.0512,1.4839;6.4902,-2.4879,2.7529;7.2185,-3.7366,3.2680;8.6577,-3.4269,3.6773;8.7419,-2.2890,4.6954;8.2434,-2.7350,5.9776;8.5564,-2.1067,7.1355;7.9716,-2.5513,8.3618;8.3418,-1.9556,9.5288;9.2872,-0.9207,9.4724;9.8280,-0.1778,10.4294;10.6640,0.6570,9.8075;10.6671,0.4594,8.4265;11.4080,1.1470,7.3976;11.1835,0.9698,6.0270;11.8634,1.6125,5.0991;12.8043,2.4630,5.5180;13.5397,3.0919,4.5757;13.1000,2.7220,6.7962;12.4132,2.0716,7.7101;9.7793,-0.5556,8.2286;9.4276,-1.1225,7.0759;7.9974,-1.0451,4.1887;6.5585,-1.3646,3.7907;5.1741,-1.1590,-3.3299;5.5981,-0.1105,-1.9682;4.6436,-1.5746,-1.6938;6.2881,-3.4838,-3.5077;5.7288,-3.8400,-1.8673;7.4483,-3.9721,-2.2636;7.6490,-1.3619,-3.9384;8.8008,-1.8862,-2.7013;8.0408,-0.2987,-2.5787;7.9465,-1.6497,1.4505;5.4443,-2.7437,2.5491;7.2168,-4.4971,2.4853;6.6592,-4.1398,4.1143;9.2320,-3.1437,2.7943;9.1209,-4.3215,4.0981;9.7921,-2.0210,4.8602;7.4485,-3.3514,5.9834;7.2516,-3.3542,8.3393;7.9414,-2.2457,10.4862;11.2281,1.3748,10.3696;10.4257,0.2872,5.6712;13.2469,3.0264,3.6182;14.1497,3.8335,4.8670;12.6746,2.2957,8.7358;8.5419,-0.6323,3.3386;8.0012,-0.2906,4.9767;6.0824,-0.4703,3.3859;5.9933,-1.6705,4.6730;</g>
	</geometry>
	<conformers/>
	<properties/>
</molecule>
