<?xml version="1.0" ?>
<!--MOLLI PACKAGE EXPERIMENTAL XML FORMAT-->
<molecule name="nuc344">
	<atoms>
		<a id="1" s="C" t="C.3" l="C"/>
		<a id="2" s="O" t="O.3" l="O"/>
		<a id="3" s="C" t="C.3" l="C"/>
		<a id="4" s="C" t="C.3" l="C"/>
		<a id="5" s="N" t="N.3" l="N"/>
		<a id="6" s="C" t="C.3" l="C"/>
		<a id="7" s="C" t="C.ar" l="C"/>
		<a id="8" s="C" t="C.ar" l="C"/>
		<a id="9" s="C" t="C.ar" l="C"/>
		<a id="10" s="C" t="C.ar" l="C"/>
		<a id="11" s="C" t="C.ar" l="C"/>
		<a id="12" s="C" t="C.ar" l="C"/>
		<a id="13" s="H" t="H" l="H"/>
		<a id="14" s="H" t="H" l="H"/>
		<a id="15" s="H" t="H" l="H"/>
		<a id="16" s="H" t="H" l="H"/>
		<a id="17" s="H" t="H" l="H"/>
		<a id="18" s="H" t="H" l="H"/>
		<a id="19" s="H" t="H" l="H"/>
		<a id="20" s="H" t="H" l="H"/>
		<a id="21" s="H" t="H" l="H"/>
		<a id="22" s="H" t="H" l="H"/>
		<a id="23" s="H" t="H" l="H"/>
		<a id="24" s="H" t="H" l="H"/>
		<a id="25" s="H" t="H" l="H"/>
		<a id="26" s="H" t="H" l="H"/>
		<a id="27" s="H" t="H" l="H"/>
	</atoms>
	<bonds>
		<b id="1" c="1 2" t="1"/>
		<b id="2" c="2 3" t="1"/>
		<b id="3" c="3 4" t="1"/>
		<b id="4" c="4 5" t="1"/>
		<b id="5" c="4 6" t="1"/>
		<b id="6" c="6 7" t="1"/>
		<b id="7" c="7 8" t="ar"/>
		<b id="8" c="8 9" t="ar"/>
		<b id="9" c="9 10" t="ar"/>
		<b id="10" c="10 11" t="ar"/>
		<b id="11" c="11 12" t="ar"/>
		<b id="12" c="7 12" t="ar"/>
		<b id="13" c="1 13" t="1"/>
		<b id="14" c="1 14" t="1"/>
		<b id="15" c="1 15" t="1"/>
		<b id="16" c="3 16" t="1"/>
		<b id="17" c="3 17" t="1"/>
		<b id="18" c="4 18" t="1"/>
		<b id="19" c="5 19" t="1"/>
		<b id="20" c="5 20" t="1"/>
		<b id="21" c="6 21" t="1"/>
		<b id="22" c="6 22" t="1"/>
		<b id="23" c="8 23" t="1"/>
		<b id="24" c="9 24" t="1"/>
		<b id="25" c="10 25" t="1"/>
		<b id="26" c="11 26" t="1"/>
		<b id="27" c="12 27" t="1"/>
	</bonds>
	<geometry>
		<g u="A" t="cart/3d">#27,3:1.0959,-0.0383,0.0762;2.4833,-0.2383,0.0492;2.9219,-0.9312,-1.0975;4.4554,-1.0596,-1.0266;4.9060,-1.7414,0.1698;4.9834,-1.7882,-2.2726;6.4850,-1.8015,-2.2836;7.1932,-2.9048,-1.8292;8.5768,-2.9001,-1.8197;9.2712,-1.7886,-2.2642;8.5739,-0.6819,-2.7175;7.1910,-0.6899,-2.7262;0.8757,0.5003,0.9958;0.5544,-0.9936,0.0725;0.7625,0.5553,-0.7849;2.6228,-0.3891,-2.0080;2.4608,-1.9334,-1.1314;4.8770,-0.0490,-0.9917;4.5035,-2.6732,0.2117;4.5829,-1.2311,0.9845;4.6077,-1.2794,-3.1626;4.6008,-2.8111,-2.2715;6.6574,-3.7747,-1.4794;9.1150,-3.7670,-1.4643;10.3514,-1.7841,-2.2578;9.1099,0.1893,-3.0659;6.6512,0.1759,-3.0831;</g>
	</geometry>
	<conformers/>
	<properties/>
</molecule>
