<?xml version="1.0" ?>
<!--MOLLI PACKAGE EXPERIMENTAL XML FORMAT-->
<molecule name="nuc346">
	<atoms>
		<a id="1" s="N" t="N.3" l="N"/>
		<a id="2" s="C" t="C.3" l="C"/>
		<a id="3" s="C" t="C.ar" l="C"/>
		<a id="4" s="C" t="C.ar" l="C"/>
		<a id="5" s="C" t="C.ar" l="C"/>
		<a id="6" s="C" t="C.ar" l="C"/>
		<a id="7" s="C" t="C.ar" l="C"/>
		<a id="8" s="C" t="C.ar" l="C"/>
		<a id="9" s="C" t="C.3" l="C"/>
		<a id="10" s="N" t="N.pl3" l="N"/>
		<a id="11" s="C" t="C.ar" l="C"/>
		<a id="12" s="C" t="C.ar" l="C"/>
		<a id="13" s="C" t="C.ar" l="C"/>
		<a id="14" s="C" t="C.ar" l="C"/>
		<a id="15" s="C" t="C.ar" l="C"/>
		<a id="16" s="C" t="C.ar" l="C"/>
		<a id="17" s="C" t="C.ar" l="C"/>
		<a id="18" s="C" t="C.ar" l="C"/>
		<a id="19" s="C" t="C.ar" l="C"/>
		<a id="20" s="C" t="C.ar" l="C"/>
		<a id="21" s="C" t="C.ar" l="C"/>
		<a id="22" s="C" t="C.ar" l="C"/>
		<a id="23" s="C" t="C.ar" l="C"/>
		<a id="24" s="C" t="C.ar" l="C"/>
		<a id="25" s="C" t="C.ar" l="C"/>
		<a id="26" s="C" t="C.ar" l="C"/>
		<a id="27" s="C" t="C.ar" l="C"/>
		<a id="28" s="C" t="C.ar" l="C"/>
		<a id="29" s="C" t="C.ar" l="C"/>
		<a id="30" s="C" t="C.ar" l="C"/>
		<a id="31" s="C" t="C.ar" l="C"/>
		<a id="32" s="C" t="C.ar" l="C"/>
		<a id="33" s="H" t="H" l="H"/>
		<a id="34" s="H" t="H" l="H"/>
		<a id="35" s="H" t="H" l="H"/>
		<a id="36" s="H" t="H" l="H"/>
		<a id="37" s="H" t="H" l="H"/>
		<a id="38" s="H" t="H" l="H"/>
		<a id="39" s="H" t="H" l="H"/>
		<a id="40" s="H" t="H" l="H"/>
		<a id="41" s="H" t="H" l="H"/>
		<a id="42" s="H" t="H" l="H"/>
		<a id="43" s="H" t="H" l="H"/>
		<a id="44" s="H" t="H" l="H"/>
		<a id="45" s="H" t="H" l="H"/>
		<a id="46" s="H" t="H" l="H"/>
		<a id="47" s="H" t="H" l="H"/>
		<a id="48" s="H" t="H" l="H"/>
		<a id="49" s="H" t="H" l="H"/>
		<a id="50" s="H" t="H" l="H"/>
		<a id="51" s="H" t="H" l="H"/>
		<a id="52" s="H" t="H" l="H"/>
		<a id="53" s="H" t="H" l="H"/>
		<a id="54" s="H" t="H" l="H"/>
		<a id="55" s="H" t="H" l="H"/>
		<a id="56" s="H" t="H" l="H"/>
		<a id="57" s="H" t="H" l="H"/>
		<a id="58" s="H" t="H" l="H"/>
	</atoms>
	<bonds>
		<b id="1" c="1 2" t="1"/>
		<b id="2" c="2 3" t="1"/>
		<b id="3" c="3 4" t="ar"/>
		<b id="4" c="4 5" t="ar"/>
		<b id="5" c="5 6" t="ar"/>
		<b id="6" c="6 7" t="ar"/>
		<b id="7" c="7 8" t="ar"/>
		<b id="8" c="3 8" t="ar"/>
		<b id="9" c="2 9" t="1"/>
		<b id="10" c="9 10" t="1"/>
		<b id="11" c="10 11" t="1"/>
		<b id="12" c="11 12" t="ar"/>
		<b id="13" c="12 13" t="ar"/>
		<b id="14" c="13 14" t="ar"/>
		<b id="15" c="14 15" t="ar"/>
		<b id="16" c="15 16" t="ar"/>
		<b id="17" c="11 16" t="ar"/>
		<b id="18" c="16 17" t="1"/>
		<b id="19" c="17 18" t="ar"/>
		<b id="20" c="18 19" t="ar"/>
		<b id="21" c="19 20" t="ar"/>
		<b id="22" c="20 21" t="ar"/>
		<b id="23" c="21 22" t="ar"/>
		<b id="24" c="22 23" t="ar"/>
		<b id="25" c="23 24" t="ar"/>
		<b id="26" c="24 25" t="ar"/>
		<b id="27" c="20 25" t="ar"/>
		<b id="28" c="25 26" t="ar"/>
		<b id="29" c="17 26" t="ar"/>
		<b id="30" c="9 27" t="1"/>
		<b id="31" c="27 28" t="ar"/>
		<b id="32" c="28 29" t="ar"/>
		<b id="33" c="29 30" t="ar"/>
		<b id="34" c="30 31" t="ar"/>
		<b id="35" c="31 32" t="ar"/>
		<b id="36" c="27 32" t="ar"/>
		<b id="37" c="1 33" t="1"/>
		<b id="38" c="1 34" t="1"/>
		<b id="39" c="2 35" t="1"/>
		<b id="40" c="4 36" t="1"/>
		<b id="41" c="5 37" t="1"/>
		<b id="42" c="6 38" t="1"/>
		<b id="43" c="7 39" t="1"/>
		<b id="44" c="8 40" t="1"/>
		<b id="45" c="9 41" t="1"/>
		<b id="46" c="10 42" t="1"/>
		<b id="47" c="12 43" t="1"/>
		<b id="48" c="13 44" t="1"/>
		<b id="49" c="14 45" t="1"/>
		<b id="50" c="15 46" t="1"/>
		<b id="51" c="18 47" t="1"/>
		<b id="52" c="19 48" t="1"/>
		<b id="53" c="21 49" t="1"/>
		<b id="54" c="22 50" t="1"/>
		<b id="55" c="23 51" t="1"/>
		<b id="56" c="24 52" t="1"/>
		<b id="57" c="26 53" t="1"/>
		<b id="58" c="28 54" t="1"/>
		<b id="59" c="29 55" t="1"/>
		<b id="60" c="30 56" t="1"/>
		<b id="61" c="31 57" t="1"/>
		<b id="62" c="32 58" t="1"/>
	</bonds>
	<geometry>
		<g u="A" t="cart/3d">#58,3:2.8382,-1.0599,0.8554;2.5194,-0.5043,-0.4503;2.7712,0.9771,-0.4674;3.8063,1.5328,0.2759;4.0485,2.8936,0.2256;3.2606,3.7144,-0.5645;2.2174,3.1700,-1.2943;1.9729,1.8080,-1.2439;3.3986,-1.2470,-1.5211;3.0728,-0.8618,-2.8642;1.8883,-1.0639,-3.5172;0.9189,-1.9567,-3.0511;-0.2430,-2.1844,-3.7621;-0.4690,-1.5379,-4.9647;0.4892,-0.6661,-5.4500;1.6575,-0.4084,-4.7472;2.6419,0.5313,-5.3175;3.0825,0.3467,-6.6469;3.9933,1.1926,-7.2104;4.5282,2.2753,-6.4805;5.4812,3.1600,-7.0245;5.9747,4.1964,-6.2820;5.5386,4.3949,-4.9618;4.6142,3.5563,-4.4059;4.0853,2.4785,-5.1479;3.1350,1.5962,-4.5992;4.8592,-1.0105,-1.2358;5.5618,-1.9286,-0.4657;6.8889,-1.7145,-0.1411;7.5384,-0.5768,-0.5878;6.8497,0.3422,-1.3590;5.5195,0.1313,-1.6767;2.3304,-0.5651,1.5800;2.5766,-2.0385,0.8996;1.4662,-0.6727,-0.7424;4.4116,0.8883,0.8936;4.8576,3.3156,0.8037;3.4529,4.7768,-0.6054;1.5922,3.8055,-1.9055;1.1514,1.3854,-1.8078;3.1910,-2.3198,-1.3959;3.6968,-0.2025,-3.2998;1.0825,-2.4910,-2.1276;-0.9759,-2.8769,-3.3732;-1.3772,-1.7135,-5.5199;0.3236,-0.1514,-6.3860;2.6910,-0.4888,-7.2091;4.3234,1.0406,-8.2285;5.8156,3.0022,-8.0404;6.7049,4.8712,-6.7048;5.9411,5.2186,-4.3902;4.2750,3.7014,-3.3892;2.7782,1.7929,-3.5979;5.0634,-2.8191,-0.1129;7.4181,-2.4382,0.4614;8.5748,-0.4073,-0.3360;7.3449,1.2349,-1.7121;5.0075,0.8794,-2.2646;</g>
	</geometry>
	<conformers/>
	<properties/>
</molecule>
