<?xml version="1.0" ?>
<!--MOLLI PACKAGE EXPERIMENTAL XML FORMAT-->
<molecule name="nuc349">
	<atoms>
		<a id="1" s="C" t="C.3" l="C"/>
		<a id="2" s="O" t="O.3" l="O"/>
		<a id="3" s="C" t="C.ar" l="C"/>
		<a id="4" s="C" t="C.ar" l="C"/>
		<a id="5" s="C" t="C.ar" l="C"/>
		<a id="6" s="C" t="C.3" l="C"/>
		<a id="7" s="N" t="N.ar" l="N"/>
		<a id="8" s="C" t="C.ar" l="C"/>
		<a id="9" s="N" t="N.pl3" l="N"/>
		<a id="10" s="C" t="C.ar" l="C"/>
		<a id="11" s="H" t="H" l="H"/>
		<a id="12" s="H" t="H" l="H"/>
		<a id="13" s="H" t="H" l="H"/>
		<a id="14" s="H" t="H" l="H"/>
		<a id="15" s="H" t="H" l="H"/>
		<a id="16" s="H" t="H" l="H"/>
		<a id="17" s="H" t="H" l="H"/>
		<a id="18" s="H" t="H" l="H"/>
		<a id="19" s="H" t="H" l="H"/>
		<a id="20" s="H" t="H" l="H"/>
	</atoms>
	<bonds>
		<b id="1" c="1 2" t="1"/>
		<b id="2" c="2 3" t="1"/>
		<b id="3" c="3 4" t="ar"/>
		<b id="4" c="4 5" t="ar"/>
		<b id="5" c="5 6" t="1"/>
		<b id="6" c="5 7" t="ar"/>
		<b id="7" c="7 8" t="ar"/>
		<b id="8" c="8 9" t="1"/>
		<b id="9" c="8 10" t="ar"/>
		<b id="10" c="3 10" t="ar"/>
		<b id="11" c="1 11" t="1"/>
		<b id="12" c="1 12" t="1"/>
		<b id="13" c="1 13" t="1"/>
		<b id="14" c="4 14" t="1"/>
		<b id="15" c="6 15" t="1"/>
		<b id="16" c="6 16" t="1"/>
		<b id="17" c="6 17" t="1"/>
		<b id="18" c="9 18" t="1"/>
		<b id="19" c="9 19" t="1"/>
		<b id="20" c="10 20" t="1"/>
	</bonds>
	<geometry>
		<g u="A" t="cart/3d">#20,3:1.0658,0.0347,-0.5064;2.2349,-0.2068,0.2383;2.9269,-1.3535,0.0046;2.5876,-2.3142,-0.9486;3.3981,-3.4329,-1.0789;3.0893,-4.5007,-2.0842;4.4805,-3.6303,-0.3394;4.8026,-2.7216,0.5785;5.8853,-3.0163,1.3610;4.0572,-1.5607,0.7835;0.6779,0.9864,-0.1465;0.3167,-0.7468,-0.3417;1.2793,0.1137,-1.5776;1.7216,-2.2056,-1.5804;2.2252,-4.2358,-2.6872;2.8933,-5.4396,-1.5699;3.9491,-4.6552,-2.7322;6.4730,-3.7596,1.0241;6.3351,-2.2633,1.8506;4.3386,-0.8350,1.5285;</g>
	</geometry>
	<conformers/>
	<properties/>
</molecule>
