<?xml version="1.0" ?>
<!--MOLLI PACKAGE EXPERIMENTAL XML FORMAT-->
<molecule name="nuc35">
	<atoms>
		<a id="1" s="C" t="C.3" l="C"/>
		<a id="2" s="C" t="C.3" l="C"/>
		<a id="3" s="C" t="C.3" l="C"/>
		<a id="4" s="C" t="C.3" l="C"/>
		<a id="5" s="O" t="O.3" l="O"/>
		<a id="6" s="C" t="C.2" l="C"/>
		<a id="7" s="O" t="O.2" l="O"/>
		<a id="8" s="N" t="N.am" l="N"/>
		<a id="9" s="C" t="C.3" l="C"/>
		<a id="10" s="C" t="C.3" l="C"/>
		<a id="11" s="N" t="N.3" l="N"/>
		<a id="12" s="C" t="C.3" l="C"/>
		<a id="13" s="O" t="O.3" l="O"/>
		<a id="14" s="C" t="C.3" l="C"/>
		<a id="15" s="C" t="C.3" l="C"/>
		<a id="16" s="C" t="C.3" l="C"/>
		<a id="17" s="H" t="H" l="H"/>
		<a id="18" s="H" t="H" l="H"/>
		<a id="19" s="H" t="H" l="H"/>
		<a id="20" s="H" t="H" l="H"/>
		<a id="21" s="H" t="H" l="H"/>
		<a id="22" s="H" t="H" l="H"/>
		<a id="23" s="H" t="H" l="H"/>
		<a id="24" s="H" t="H" l="H"/>
		<a id="25" s="H" t="H" l="H"/>
		<a id="26" s="H" t="H" l="H"/>
		<a id="27" s="H" t="H" l="H"/>
		<a id="28" s="H" t="H" l="H"/>
		<a id="29" s="H" t="H" l="H"/>
		<a id="30" s="H" t="H" l="H"/>
		<a id="31" s="H" t="H" l="H"/>
		<a id="32" s="H" t="H" l="H"/>
		<a id="33" s="H" t="H" l="H"/>
		<a id="34" s="H" t="H" l="H"/>
		<a id="35" s="H" t="H" l="H"/>
		<a id="36" s="H" t="H" l="H"/>
		<a id="37" s="H" t="H" l="H"/>
		<a id="38" s="H" t="H" l="H"/>
	</atoms>
	<bonds>
		<b id="1" c="1 2" t="1"/>
		<b id="2" c="2 3" t="1"/>
		<b id="3" c="2 4" t="1"/>
		<b id="4" c="2 5" t="1"/>
		<b id="5" c="5 6" t="1"/>
		<b id="6" c="6 7" t="2"/>
		<b id="7" c="6 8" t="am"/>
		<b id="8" c="8 9" t="1"/>
		<b id="9" c="9 10" t="1"/>
		<b id="10" c="10 11" t="1"/>
		<b id="11" c="9 12" t="1"/>
		<b id="12" c="12 13" t="1"/>
		<b id="13" c="13 14" t="1"/>
		<b id="14" c="8 14" t="1"/>
		<b id="15" c="14 15" t="1"/>
		<b id="16" c="14 16" t="1"/>
		<b id="17" c="1 17" t="1"/>
		<b id="18" c="1 18" t="1"/>
		<b id="19" c="1 19" t="1"/>
		<b id="20" c="3 20" t="1"/>
		<b id="21" c="3 21" t="1"/>
		<b id="22" c="3 22" t="1"/>
		<b id="23" c="4 23" t="1"/>
		<b id="24" c="4 24" t="1"/>
		<b id="25" c="4 25" t="1"/>
		<b id="26" c="9 26" t="1"/>
		<b id="27" c="10 27" t="1"/>
		<b id="28" c="10 28" t="1"/>
		<b id="29" c="11 29" t="1"/>
		<b id="30" c="11 30" t="1"/>
		<b id="31" c="12 31" t="1"/>
		<b id="32" c="12 32" t="1"/>
		<b id="33" c="15 33" t="1"/>
		<b id="34" c="15 34" t="1"/>
		<b id="35" c="15 35" t="1"/>
		<b id="36" c="16 36" t="1"/>
		<b id="37" c="16 37" t="1"/>
		<b id="38" c="16 38" t="1"/>
	</bonds>
	<geometry>
		<g u="A" t="cart/3d">#38,3:4.1223,-0.7953,-1.6984;3.0013,-0.8948,-0.6646;2.5129,0.4929,-0.2476;1.8387,-1.7227,-1.2163;3.4466,-1.6431,0.4913;4.4867,-1.2031,1.2247;5.0854,-0.1659,1.0420;4.7811,-2.0553,2.2318;5.7711,-1.7184,3.2449;5.4954,-0.3829,3.9463;4.1392,-0.3589,4.4778;5.6384,-2.9134,4.1962;5.1093,-3.9578,3.4156;4.2367,-3.3990,2.4546;2.8022,-3.3138,2.9884;4.3209,-4.2836,1.2109;3.7522,-0.3040,-2.5938;4.4771,-1.7901,-1.9607;4.9519,-0.2206,-1.2958;2.1055,1.0122,-1.1104;3.3379,1.0723,0.1571;1.7364,0.4044,0.5099;1.4171,-1.2325,-2.0886;1.0638,-1.8300,-0.4614;2.1847,-2.7132,-1.5002;6.7663,-1.6733,2.7836;5.6997,0.4292,3.2359;6.1922,-0.2979,4.7847;3.4804,-0.3557,3.7047;3.9919,0.4967,5.0018;4.9586,-2.6489,5.0164;6.5930,-3.2507,4.5995;2.7811,-2.7163,3.8962;2.4444,-4.3149,3.2117;2.1620,-2.8574,2.2401;5.3116,-4.2035,0.7707;3.5729,-3.9951,0.4816;4.1580,-5.3124,1.5185;</g>
	</geometry>
	<conformers/>
	<properties/>
</molecule>
