<?xml version="1.0" ?>
<!--MOLLI PACKAGE EXPERIMENTAL XML FORMAT-->
<molecule name="nuc36">
	<atoms>
		<a id="1" s="C" t="C.3" l="C"/>
		<a id="2" s="C" t="C.3" l="C"/>
		<a id="3" s="C" t="C.3" l="C"/>
		<a id="4" s="C" t="C.3" l="C"/>
		<a id="5" s="C" t="C.3" l="C"/>
		<a id="6" s="N" t="N.3" l="N"/>
		<a id="7" s="N" t="N.am" l="N"/>
		<a id="8" s="C" t="C.2" l="C"/>
		<a id="9" s="O" t="O.2" l="O"/>
		<a id="10" s="O" t="O.3" l="O"/>
		<a id="11" s="C" t="C.3" l="C"/>
		<a id="12" s="C" t="C.3" l="C"/>
		<a id="13" s="C" t="C.3" l="C"/>
		<a id="14" s="C" t="C.3" l="C"/>
		<a id="15" s="H" t="H" l="H"/>
		<a id="16" s="H" t="H" l="H"/>
		<a id="17" s="H" t="H" l="H"/>
		<a id="18" s="H" t="H" l="H"/>
		<a id="19" s="H" t="H" l="H"/>
		<a id="20" s="H" t="H" l="H"/>
		<a id="21" s="H" t="H" l="H"/>
		<a id="22" s="H" t="H" l="H"/>
		<a id="23" s="H" t="H" l="H"/>
		<a id="24" s="H" t="H" l="H"/>
		<a id="25" s="H" t="H" l="H"/>
		<a id="26" s="H" t="H" l="H"/>
		<a id="27" s="H" t="H" l="H"/>
		<a id="28" s="H" t="H" l="H"/>
		<a id="29" s="H" t="H" l="H"/>
		<a id="30" s="H" t="H" l="H"/>
		<a id="31" s="H" t="H" l="H"/>
		<a id="32" s="H" t="H" l="H"/>
		<a id="33" s="H" t="H" l="H"/>
		<a id="34" s="H" t="H" l="H"/>
		<a id="35" s="H" t="H" l="H"/>
		<a id="36" s="H" t="H" l="H"/>
	</atoms>
	<bonds>
		<b id="1" c="1 2" t="1"/>
		<b id="2" c="2 3" t="1"/>
		<b id="3" c="5 6" t="1"/>
		<b id="4" c="4 7" t="1"/>
		<b id="5" c="7 8" t="am"/>
		<b id="6" c="8 9" t="2"/>
		<b id="7" c="8 10" t="1"/>
		<b id="8" c="10 11" t="1"/>
		<b id="9" c="11 12" t="1"/>
		<b id="10" c="11 13" t="1"/>
		<b id="11" c="11 14" t="1"/>
		<b id="12" c="4 5" t="1"/>
		<b id="13" c="4 3" t="1"/>
		<b id="14" c="1 15" t="1"/>
		<b id="15" c="1 16" t="1"/>
		<b id="16" c="1 17" t="1"/>
		<b id="17" c="2 18" t="1"/>
		<b id="18" c="2 19" t="1"/>
		<b id="19" c="3 20" t="1"/>
		<b id="20" c="3 21" t="1"/>
		<b id="21" c="4 22" t="1"/>
		<b id="22" c="5 23" t="1"/>
		<b id="23" c="5 24" t="1"/>
		<b id="24" c="6 25" t="1"/>
		<b id="25" c="6 26" t="1"/>
		<b id="26" c="7 27" t="1"/>
		<b id="27" c="12 28" t="1"/>
		<b id="28" c="12 29" t="1"/>
		<b id="29" c="12 30" t="1"/>
		<b id="30" c="13 31" t="1"/>
		<b id="31" c="13 32" t="1"/>
		<b id="32" c="13 33" t="1"/>
		<b id="33" c="14 34" t="1"/>
		<b id="34" c="14 35" t="1"/>
		<b id="35" c="14 36" t="1"/>
	</bonds>
	<geometry>
		<g u="A" t="cart/3d">#36,3:6.8353,2.3328,-0.6596;6.3985,1.1477,0.1925;4.9214,1.2408,0.5697;4.4711,0.0813,1.4570;2.9454,0.1179,1.7129;2.4412,-0.9724,2.5203;5.1872,0.1069,2.7143;5.6078,-1.0159,3.3417;5.5394,-2.1262,2.8697;6.1127,-0.6854,4.5475;6.6206,-1.7097,5.4350;7.7864,-2.4543,4.7853;7.0997,-0.9330,6.6624;5.4985,-2.6757,5.8171;7.8850,2.2442,-0.9285;6.6979,3.2659,-0.1173;6.2495,2.3809,-1.5750;7.0016,1.1085,1.1015;6.5696,0.2201,-0.3570;4.3143,1.2425,-0.3371;4.7364,2.1818,1.0944;4.7269,-0.8761,0.9881;2.6871,1.0549,2.2163;2.4257,0.0918,0.7519;2.8909,-0.9713,3.4305;2.6665,-1.8606,2.0832;5.2225,0.9723,3.2295;8.5618,-1.7505,4.4904;7.4438,-2.9898,3.9044;8.2045,-3.1655,5.4923;7.8738,-0.2258,6.3766;7.5008,-1.6195,7.4018;6.2728,-0.3809,7.1015;5.1519,-3.2123,4.9381;4.6634,-2.1275,6.2492;5.8640,-3.3925,6.5467;</g>
	</geometry>
	<conformers/>
	<properties/>
</molecule>
