<?xml version="1.0" ?>
<!--MOLLI PACKAGE EXPERIMENTAL XML FORMAT-->
<molecule name="nuc365">
	<atoms>
		<a id="1" s="C" t="C.3" l="C"/>
		<a id="2" s="C" t="C.ar" l="C"/>
		<a id="3" s="C" t="C.ar" l="C"/>
		<a id="4" s="C" t="C.ar" l="C"/>
		<a id="5" s="C" t="C.ar" l="C"/>
		<a id="6" s="N" t="N.pl3" l="N"/>
		<a id="7" s="C" t="C.ar" l="C"/>
		<a id="8" s="N" t="N.ar" l="N"/>
		<a id="9" s="H" t="H" l="H"/>
		<a id="10" s="H" t="H" l="H"/>
		<a id="11" s="H" t="H" l="H"/>
		<a id="12" s="H" t="H" l="H"/>
		<a id="13" s="H" t="H" l="H"/>
		<a id="14" s="H" t="H" l="H"/>
		<a id="15" s="H" t="H" l="H"/>
		<a id="16" s="H" t="H" l="H"/>
	</atoms>
	<bonds>
		<b id="1" c="1 2" t="1"/>
		<b id="2" c="2 3" t="ar"/>
		<b id="3" c="3 4" t="ar"/>
		<b id="4" c="4 5" t="ar"/>
		<b id="5" c="5 6" t="1"/>
		<b id="6" c="5 7" t="ar"/>
		<b id="7" c="7 8" t="ar"/>
		<b id="8" c="2 8" t="ar"/>
		<b id="9" c="1 9" t="1"/>
		<b id="10" c="1 10" t="1"/>
		<b id="11" c="1 11" t="1"/>
		<b id="12" c="3 12" t="1"/>
		<b id="13" c="4 13" t="1"/>
		<b id="14" c="6 14" t="1"/>
		<b id="15" c="6 15" t="1"/>
		<b id="16" c="7 16" t="1"/>
	</bonds>
	<geometry>
		<g u="A" t="cart/3d">#16,3:1.1304,0.0021,0.0175;2.6198,0.0998,-0.1102;3.2764,1.3247,-0.1843;4.6518,1.3513,-0.3122;5.3552,0.1472,-0.3614;6.7325,0.1130,-0.4134;4.5985,-1.0259,-0.2778;3.2889,-1.0466,-0.1582;0.6858,0.9845,0.1515;0.8727,-0.6302,0.8644;0.7119,-0.4590,-0.8757;2.7163,2.2473,-0.1452;5.1852,2.2903,-0.3732;7.1892,0.9416,-0.7591;7.1444,-0.7530,-0.7208;5.0847,-1.9939,-0.3106;</g>
	</geometry>
	<conformers/>
	<properties/>
</molecule>
