<?xml version="1.0" ?>
<!--MOLLI PACKAGE EXPERIMENTAL XML FORMAT-->
<molecule name="nuc37">
	<atoms>
		<a id="1" s="C" t="C.3" l="C"/>
		<a id="2" s="C" t="C.3" l="C"/>
		<a id="3" s="C" t="C.3" l="C"/>
		<a id="4" s="C" t="C.3" l="C"/>
		<a id="5" s="O" t="O.3" l="O"/>
		<a id="6" s="C" t="C.2" l="C"/>
		<a id="7" s="O" t="O.2" l="O"/>
		<a id="8" s="N" t="N.am" l="N"/>
		<a id="9" s="C" t="C.3" l="C"/>
		<a id="10" s="C" t="C.3" l="C"/>
		<a id="11" s="N" t="N.3" l="N"/>
		<a id="12" s="H" t="H" l="H"/>
		<a id="13" s="H" t="H" l="H"/>
		<a id="14" s="H" t="H" l="H"/>
		<a id="15" s="H" t="H" l="H"/>
		<a id="16" s="H" t="H" l="H"/>
		<a id="17" s="H" t="H" l="H"/>
		<a id="18" s="H" t="H" l="H"/>
		<a id="19" s="H" t="H" l="H"/>
		<a id="20" s="H" t="H" l="H"/>
		<a id="21" s="H" t="H" l="H"/>
		<a id="22" s="H" t="H" l="H"/>
		<a id="23" s="H" t="H" l="H"/>
		<a id="24" s="H" t="H" l="H"/>
		<a id="25" s="H" t="H" l="H"/>
		<a id="26" s="H" t="H" l="H"/>
		<a id="27" s="H" t="H" l="H"/>
	</atoms>
	<bonds>
		<b id="1" c="1 2" t="1"/>
		<b id="2" c="2 3" t="1"/>
		<b id="3" c="2 4" t="1"/>
		<b id="4" c="2 5" t="1"/>
		<b id="5" c="5 6" t="1"/>
		<b id="6" c="6 7" t="2"/>
		<b id="7" c="6 8" t="am"/>
		<b id="8" c="8 9" t="1"/>
		<b id="9" c="9 10" t="1"/>
		<b id="10" c="10 11" t="1"/>
		<b id="11" c="1 12" t="1"/>
		<b id="12" c="1 13" t="1"/>
		<b id="13" c="1 14" t="1"/>
		<b id="14" c="3 15" t="1"/>
		<b id="15" c="3 16" t="1"/>
		<b id="16" c="3 17" t="1"/>
		<b id="17" c="4 18" t="1"/>
		<b id="18" c="4 19" t="1"/>
		<b id="19" c="4 20" t="1"/>
		<b id="20" c="8 21" t="1"/>
		<b id="21" c="9 22" t="1"/>
		<b id="22" c="9 23" t="1"/>
		<b id="23" c="10 24" t="1"/>
		<b id="24" c="10 25" t="1"/>
		<b id="25" c="11 26" t="1"/>
		<b id="26" c="11 27" t="1"/>
	</bonds>
	<geometry>
		<g u="A" t="cart/3d">#27,3:3.1501,-1.5268,-0.4351;2.7205,-0.0846,-0.1675;3.1425,0.8336,-1.3148;1.2085,-0.0102,0.0512;3.2802,0.3879,1.0807;4.6170,0.4244,1.2585;5.4592,0.1183,0.4497;4.8863,0.8464,2.5172;6.2331,1.1213,2.9598;6.7116,2.5207,2.5532;5.9019,3.5362,3.2112;2.6484,-1.8986,-1.3241;2.8859,-2.1579,0.4108;4.2246,-1.5753,-0.5873;2.6652,0.5128,-2.2364;4.2208,0.7965,-1.4433;2.8464,1.8589,-1.1020;0.6880,-0.3400,-0.8429;0.9135,1.0110,0.2780;0.9214,-0.6454,0.8849;4.1148,1.1618,3.0813;6.8873,0.3768,2.5011;6.2631,1.0260,4.0456;6.6933,2.5872,1.4541;7.7442,2.6448,2.8873;4.9554,3.5134,2.8449;6.2766,4.4598,3.0255;</g>
	</geometry>
	<conformers/>
	<properties/>
</molecule>
