<?xml version="1.0" ?>
<!--MOLLI PACKAGE EXPERIMENTAL XML FORMAT-->
<molecule name="nuc373">
	<atoms>
		<a id="1" s="C" t="C.3" l="C"/>
		<a id="2" s="C" t="C.ar" l="C"/>
		<a id="3" s="C" t="C.ar" l="C"/>
		<a id="4" s="C" t="C.ar" l="C"/>
		<a id="5" s="N" t="N.pl3" l="N"/>
		<a id="6" s="C" t="C.ar" l="C"/>
		<a id="7" s="O" t="O.3" l="O"/>
		<a id="8" s="C" t="C.3" l="C"/>
		<a id="9" s="C" t="C.3" l="C"/>
		<a id="10" s="C" t="C.3" l="C"/>
		<a id="11" s="C" t="C.ar" l="C"/>
		<a id="12" s="C" t="C.ar" l="C"/>
		<a id="13" s="C" t="C.3" l="C"/>
		<a id="14" s="C" t="C.3" l="C"/>
		<a id="15" s="C" t="C.3" l="C"/>
		<a id="16" s="N" t="N.am" l="N"/>
		<a id="17" s="C" t="C.2" l="C"/>
		<a id="18" s="O" t="O.2" l="O"/>
		<a id="19" s="O" t="O.3" l="O"/>
		<a id="20" s="C" t="C.3" l="C"/>
		<a id="21" s="C" t="C.3" l="C"/>
		<a id="22" s="C" t="C.3" l="C"/>
		<a id="23" s="C" t="C.3" l="C"/>
		<a id="24" s="C" t="C.3" l="C"/>
		<a id="25" s="C" t="C.3" l="C"/>
		<a id="26" s="H" t="H" l="H"/>
		<a id="27" s="H" t="H" l="H"/>
		<a id="28" s="H" t="H" l="H"/>
		<a id="29" s="H" t="H" l="H"/>
		<a id="30" s="H" t="H" l="H"/>
		<a id="31" s="H" t="H" l="H"/>
		<a id="32" s="H" t="H" l="H"/>
		<a id="33" s="H" t="H" l="H"/>
		<a id="34" s="H" t="H" l="H"/>
		<a id="35" s="H" t="H" l="H"/>
		<a id="36" s="H" t="H" l="H"/>
		<a id="37" s="H" t="H" l="H"/>
		<a id="38" s="H" t="H" l="H"/>
		<a id="39" s="H" t="H" l="H"/>
		<a id="40" s="H" t="H" l="H"/>
		<a id="41" s="H" t="H" l="H"/>
		<a id="42" s="H" t="H" l="H"/>
		<a id="43" s="H" t="H" l="H"/>
		<a id="44" s="H" t="H" l="H"/>
		<a id="45" s="H" t="H" l="H"/>
		<a id="46" s="H" t="H" l="H"/>
		<a id="47" s="H" t="H" l="H"/>
		<a id="48" s="H" t="H" l="H"/>
		<a id="49" s="H" t="H" l="H"/>
		<a id="50" s="H" t="H" l="H"/>
		<a id="51" s="H" t="H" l="H"/>
		<a id="52" s="H" t="H" l="H"/>
		<a id="53" s="H" t="H" l="H"/>
		<a id="54" s="H" t="H" l="H"/>
		<a id="55" s="H" t="H" l="H"/>
		<a id="56" s="H" t="H" l="H"/>
		<a id="57" s="H" t="H" l="H"/>
	</atoms>
	<bonds>
		<b id="1" c="1 2" t="1"/>
		<b id="2" c="2 3" t="ar"/>
		<b id="3" c="3 4" t="ar"/>
		<b id="4" c="4 5" t="1"/>
		<b id="5" c="4 6" t="ar"/>
		<b id="6" c="6 7" t="1"/>
		<b id="7" c="7 8" t="1"/>
		<b id="8" c="8 9" t="1"/>
		<b id="9" c="8 10" t="1"/>
		<b id="10" c="6 11" t="ar"/>
		<b id="11" c="11 12" t="ar"/>
		<b id="12" c="2 12" t="ar"/>
		<b id="13" c="12 13" t="1"/>
		<b id="14" c="13 14" t="1"/>
		<b id="15" c="14 15" t="1"/>
		<b id="16" c="15 16" t="1"/>
		<b id="17" c="16 17" t="am"/>
		<b id="18" c="17 18" t="2"/>
		<b id="19" c="17 19" t="1"/>
		<b id="20" c="19 20" t="1"/>
		<b id="21" c="20 21" t="1"/>
		<b id="22" c="20 22" t="1"/>
		<b id="23" c="20 23" t="1"/>
		<b id="24" c="16 24" t="1"/>
		<b id="25" c="24 25" t="1"/>
		<b id="26" c="13 25" t="1"/>
		<b id="27" c="1 26" t="1"/>
		<b id="28" c="1 27" t="1"/>
		<b id="29" c="1 28" t="1"/>
		<b id="30" c="3 29" t="1"/>
		<b id="31" c="5 30" t="1"/>
		<b id="32" c="5 31" t="1"/>
		<b id="33" c="8 32" t="1"/>
		<b id="34" c="9 33" t="1"/>
		<b id="35" c="9 34" t="1"/>
		<b id="36" c="9 35" t="1"/>
		<b id="37" c="10 36" t="1"/>
		<b id="38" c="10 37" t="1"/>
		<b id="39" c="10 38" t="1"/>
		<b id="40" c="11 39" t="1"/>
		<b id="41" c="13 40" t="1"/>
		<b id="42" c="14 41" t="1"/>
		<b id="43" c="14 42" t="1"/>
		<b id="44" c="15 43" t="1"/>
		<b id="45" c="15 44" t="1"/>
		<b id="46" c="21 45" t="1"/>
		<b id="47" c="21 46" t="1"/>
		<b id="48" c="21 47" t="1"/>
		<b id="49" c="22 48" t="1"/>
		<b id="50" c="22 49" t="1"/>
		<b id="51" c="22 50" t="1"/>
		<b id="52" c="23 51" t="1"/>
		<b id="53" c="23 52" t="1"/>
		<b id="54" c="23 53" t="1"/>
		<b id="55" c="24 54" t="1"/>
		<b id="56" c="24 55" t="1"/>
		<b id="57" c="25 56" t="1"/>
		<b id="58" c="25 57" t="1"/>
	</bonds>
	<geometry>
		<g u="A" t="cart/3d">#57,3:-0.0668,2.9196,-0.2550;0.1525,1.4345,-0.1651;-0.9490,0.6027,-0.3232;-0.8590,-0.7784,-0.2561;-1.9772,-1.5890,-0.3341;0.4061,-1.3501,-0.0344;0.4285,-2.7260,-0.0279;1.6111,-3.4178,0.3334;1.8620,-3.3368,1.8401;1.4107,-4.8640,-0.1106;1.5019,-0.5241,0.1186;1.4070,0.8658,0.0652;2.6280,1.7427,0.2532;3.6852,1.5957,-0.8584;4.6531,0.4328,-0.6521;5.2343,0.4738,0.6713;6.5686,0.6449,0.8150;7.3327,0.7096,-0.1237;6.9211,0.7067,2.1156;8.3123,0.8246,2.4882;8.9035,2.1268,1.9485;8.2818,0.8458,4.0180;9.1025,-0.3849,1.9882;4.2830,0.4489,1.7577;3.2918,1.6072,1.6375;-1.1148,3.1289,-0.4542;0.5232,3.3569,-1.0598;0.2028,3.4144,0.6776;-1.9219,1.0397,-0.5010;-2.7599,-1.2095,-0.8423;-1.7691,-2.5538,-0.5381;2.4699,-2.9990,-0.2133;1.0561,-3.8371,2.3719;1.8945,-2.3012,2.1706;2.8042,-3.8185,2.0882;0.5465,-5.2871,0.3950;2.2902,-5.4533,0.1320;1.2399,-4.9055,-1.1832;2.4660,-0.9701,0.2773;2.2745,2.7741,0.1945;4.2743,2.5156,-0.8884;3.1877,1.4810,-1.8226;5.4734,0.4971,-1.3699;4.1475,-0.5271,-0.7949;8.3107,2.9743,2.2866;8.9078,2.1107,0.8623;9.9226,2.2426,2.3067;7.6902,1.6881,4.3674;9.2911,0.9344,4.4085;7.8340,-0.0703,4.3946;9.1102,-0.4011,0.9020;8.6469,-1.3041,2.3511;10.1253,-0.3300,2.3502;4.8256,0.5281,2.6993;3.7605,-0.5130,1.7494;3.8389,2.5317,1.8384;2.5206,1.4982,2.4020;</g>
	</geometry>
	<conformers/>
	<properties/>
</molecule>
