<?xml version="1.0" ?>
<!--MOLLI PACKAGE EXPERIMENTAL XML FORMAT-->
<molecule name="nuc374">
	<atoms>
		<a id="1" s="C" t="C.3" l="C"/>
		<a id="2" s="C" t="C.ar" l="C"/>
		<a id="3" s="C" t="C.ar" l="C"/>
		<a id="4" s="C" t="C.ar" l="C"/>
		<a id="5" s="N" t="N.pl3" l="N"/>
		<a id="6" s="C" t="C.ar" l="C"/>
		<a id="7" s="O" t="O.3" l="O"/>
		<a id="8" s="C" t="C.3" l="C"/>
		<a id="9" s="C" t="C.3" l="C"/>
		<a id="10" s="C" t="C.3" l="C"/>
		<a id="11" s="C" t="C.ar" l="C"/>
		<a id="12" s="C" t="C.ar" l="C"/>
		<a id="13" s="C" t="C.3" l="C"/>
		<a id="14" s="C" t="C.3" l="C"/>
		<a id="15" s="C" t="C.3" l="C"/>
		<a id="16" s="N" t="N.am" l="N"/>
		<a id="17" s="C" t="C.2" l="C"/>
		<a id="18" s="O" t="O.2" l="O"/>
		<a id="19" s="O" t="O.3" l="O"/>
		<a id="20" s="C" t="C.3" l="C"/>
		<a id="21" s="C" t="C.3" l="C"/>
		<a id="22" s="C" t="C.3" l="C"/>
		<a id="23" s="C" t="C.3" l="C"/>
		<a id="24" s="C" t="C.3" l="C"/>
		<a id="25" s="C" t="C.3" l="C"/>
		<a id="26" s="H" t="H" l="H"/>
		<a id="27" s="H" t="H" l="H"/>
		<a id="28" s="H" t="H" l="H"/>
		<a id="29" s="H" t="H" l="H"/>
		<a id="30" s="H" t="H" l="H"/>
		<a id="31" s="H" t="H" l="H"/>
		<a id="32" s="H" t="H" l="H"/>
		<a id="33" s="H" t="H" l="H"/>
		<a id="34" s="H" t="H" l="H"/>
		<a id="35" s="H" t="H" l="H"/>
		<a id="36" s="H" t="H" l="H"/>
		<a id="37" s="H" t="H" l="H"/>
		<a id="38" s="H" t="H" l="H"/>
		<a id="39" s="H" t="H" l="H"/>
		<a id="40" s="H" t="H" l="H"/>
		<a id="41" s="H" t="H" l="H"/>
		<a id="42" s="H" t="H" l="H"/>
		<a id="43" s="H" t="H" l="H"/>
		<a id="44" s="H" t="H" l="H"/>
		<a id="45" s="H" t="H" l="H"/>
		<a id="46" s="H" t="H" l="H"/>
		<a id="47" s="H" t="H" l="H"/>
		<a id="48" s="H" t="H" l="H"/>
		<a id="49" s="H" t="H" l="H"/>
		<a id="50" s="H" t="H" l="H"/>
		<a id="51" s="H" t="H" l="H"/>
		<a id="52" s="H" t="H" l="H"/>
		<a id="53" s="H" t="H" l="H"/>
		<a id="54" s="H" t="H" l="H"/>
		<a id="55" s="H" t="H" l="H"/>
	</atoms>
	<bonds>
		<b id="1" c="1 2" t="1"/>
		<b id="2" c="2 3" t="ar"/>
		<b id="3" c="3 4" t="ar"/>
		<b id="4" c="4 5" t="1"/>
		<b id="5" c="4 6" t="ar"/>
		<b id="6" c="6 7" t="1"/>
		<b id="7" c="7 8" t="1"/>
		<b id="8" c="8 9" t="1"/>
		<b id="9" c="9 10" t="1"/>
		<b id="10" c="8 10" t="1"/>
		<b id="11" c="6 11" t="ar"/>
		<b id="12" c="11 12" t="ar"/>
		<b id="13" c="2 12" t="ar"/>
		<b id="14" c="12 13" t="1"/>
		<b id="15" c="13 14" t="1"/>
		<b id="16" c="14 15" t="1"/>
		<b id="17" c="15 16" t="1"/>
		<b id="18" c="16 17" t="am"/>
		<b id="19" c="17 18" t="2"/>
		<b id="20" c="17 19" t="1"/>
		<b id="21" c="19 20" t="1"/>
		<b id="22" c="20 21" t="1"/>
		<b id="23" c="20 22" t="1"/>
		<b id="24" c="20 23" t="1"/>
		<b id="25" c="16 24" t="1"/>
		<b id="26" c="24 25" t="1"/>
		<b id="27" c="13 25" t="1"/>
		<b id="28" c="1 26" t="1"/>
		<b id="29" c="1 27" t="1"/>
		<b id="30" c="1 28" t="1"/>
		<b id="31" c="3 29" t="1"/>
		<b id="32" c="5 30" t="1"/>
		<b id="33" c="5 31" t="1"/>
		<b id="34" c="8 32" t="1"/>
		<b id="35" c="9 33" t="1"/>
		<b id="36" c="9 34" t="1"/>
		<b id="37" c="10 35" t="1"/>
		<b id="38" c="10 36" t="1"/>
		<b id="39" c="11 37" t="1"/>
		<b id="40" c="13 38" t="1"/>
		<b id="41" c="14 39" t="1"/>
		<b id="42" c="14 40" t="1"/>
		<b id="43" c="15 41" t="1"/>
		<b id="44" c="15 42" t="1"/>
		<b id="45" c="21 43" t="1"/>
		<b id="46" c="21 44" t="1"/>
		<b id="47" c="21 45" t="1"/>
		<b id="48" c="22 46" t="1"/>
		<b id="49" c="22 47" t="1"/>
		<b id="50" c="22 48" t="1"/>
		<b id="51" c="23 49" t="1"/>
		<b id="52" c="23 50" t="1"/>
		<b id="53" c="23 51" t="1"/>
		<b id="54" c="24 52" t="1"/>
		<b id="55" c="24 53" t="1"/>
		<b id="56" c="25 54" t="1"/>
		<b id="57" c="25 55" t="1"/>
	</bonds>
	<geometry>
		<g u="A" t="cart/3d">#55,3:0.0809,2.4226,0.5315;0.3781,1.0801,-0.0748;-0.6722,0.1886,-0.2474;-0.5026,-1.0642,-0.8188;-1.5390,-1.9764,-0.9063;0.7836,-1.4161,-1.2545;0.9000,-2.6592,-1.8491;2.1584,-3.0506,-2.2940;2.4819,-4.5067,-2.1870;3.1883,-3.5191,-1.3053;1.8305,-0.5314,-1.0894;1.6607,0.7141,-0.4928;2.8247,1.6559,-0.2699;3.9771,1.5760,-1.2894;5.0314,0.4925,-1.0301;5.4078,0.4351,0.3622;6.6726,0.7372,0.7350;7.5643,0.9465,-0.0591;6.8025,0.7401,2.0772;8.0986,0.9469,2.6818;8.6397,2.3322,2.3277;7.8237,0.8497,4.1840;9.0716,-0.1490,2.2466;4.2916,0.2842,1.2658;3.3816,1.5038,1.1584;-0.9658,2.4805,0.8189;0.2787,3.2208,-0.1845;0.6875,2.6081,1.4155;-1.6651,0.4703,0.0747;-2.4664,-1.5832,-0.9288;-1.3800,-2.7168,-1.5716;2.5001,-2.5064,-3.1731;3.0272,-4.9696,-2.9944;1.7378,-5.1404,-1.7312;4.2274,-3.2990,-1.4987;2.9163,-3.4982,-0.2611;2.8012,-0.8228,-1.4451;2.4213,2.6705,-0.3552;4.4928,2.5391,-1.2684;3.5687,1.4406,-2.2921;5.9331,0.7131,-1.6056;4.6751,-0.4992,-1.3266;7.9232,3.0982,2.6174;8.8150,2.4002,1.2577;9.5747,2.5059,2.8531;7.1041,1.6083,4.4811;8.7446,0.9961,4.7403;7.4141,-0.1279,4.4254;9.2577,-0.0793,1.1786;8.6527,-1.1287,2.4678;10.0118,-0.0376,2.7794;4.6681,0.1706,2.2813;3.7366,-0.6178,0.9849;3.9616,2.3928,1.4170;2.5628,1.4056,1.8715;</g>
	</geometry>
	<conformers/>
	<properties/>
</molecule>
