<?xml version="1.0" ?>
<!--MOLLI PACKAGE EXPERIMENTAL XML FORMAT-->
<molecule name="nuc375">
	<atoms>
		<a id="1" s="C" t="C.3" l="C"/>
		<a id="2" s="C" t="C.ar" l="C"/>
		<a id="3" s="C" t="C.ar" l="C"/>
		<a id="4" s="C" t="C.ar" l="C"/>
		<a id="5" s="N" t="N.pl3" l="N"/>
		<a id="6" s="C" t="C.ar" l="C"/>
		<a id="7" s="O" t="O.3" l="O"/>
		<a id="8" s="C" t="C.3" l="C"/>
		<a id="9" s="C" t="C.3" l="C"/>
		<a id="10" s="C" t="C.3" l="C"/>
		<a id="11" s="C" t="C.3" l="C"/>
		<a id="12" s="C" t="C.ar" l="C"/>
		<a id="13" s="C" t="C.ar" l="C"/>
		<a id="14" s="C" t="C.3" l="C"/>
		<a id="15" s="C" t="C.3" l="C"/>
		<a id="16" s="C" t="C.3" l="C"/>
		<a id="17" s="N" t="N.am" l="N"/>
		<a id="18" s="C" t="C.2" l="C"/>
		<a id="19" s="O" t="O.2" l="O"/>
		<a id="20" s="O" t="O.3" l="O"/>
		<a id="21" s="C" t="C.3" l="C"/>
		<a id="22" s="C" t="C.3" l="C"/>
		<a id="23" s="C" t="C.3" l="C"/>
		<a id="24" s="C" t="C.3" l="C"/>
		<a id="25" s="C" t="C.3" l="C"/>
		<a id="26" s="C" t="C.3" l="C"/>
		<a id="27" s="H" t="H" l="H"/>
		<a id="28" s="H" t="H" l="H"/>
		<a id="29" s="H" t="H" l="H"/>
		<a id="30" s="H" t="H" l="H"/>
		<a id="31" s="H" t="H" l="H"/>
		<a id="32" s="H" t="H" l="H"/>
		<a id="33" s="H" t="H" l="H"/>
		<a id="34" s="H" t="H" l="H"/>
		<a id="35" s="H" t="H" l="H"/>
		<a id="36" s="H" t="H" l="H"/>
		<a id="37" s="H" t="H" l="H"/>
		<a id="38" s="H" t="H" l="H"/>
		<a id="39" s="H" t="H" l="H"/>
		<a id="40" s="H" t="H" l="H"/>
		<a id="41" s="H" t="H" l="H"/>
		<a id="42" s="H" t="H" l="H"/>
		<a id="43" s="H" t="H" l="H"/>
		<a id="44" s="H" t="H" l="H"/>
		<a id="45" s="H" t="H" l="H"/>
		<a id="46" s="H" t="H" l="H"/>
		<a id="47" s="H" t="H" l="H"/>
		<a id="48" s="H" t="H" l="H"/>
		<a id="49" s="H" t="H" l="H"/>
		<a id="50" s="H" t="H" l="H"/>
		<a id="51" s="H" t="H" l="H"/>
		<a id="52" s="H" t="H" l="H"/>
		<a id="53" s="H" t="H" l="H"/>
		<a id="54" s="H" t="H" l="H"/>
		<a id="55" s="H" t="H" l="H"/>
		<a id="56" s="H" t="H" l="H"/>
		<a id="57" s="H" t="H" l="H"/>
		<a id="58" s="H" t="H" l="H"/>
	</atoms>
	<bonds>
		<b id="1" c="1 2" t="1"/>
		<b id="2" c="2 3" t="ar"/>
		<b id="3" c="3 4" t="ar"/>
		<b id="4" c="4 5" t="1"/>
		<b id="5" c="4 6" t="ar"/>
		<b id="6" c="6 7" t="1"/>
		<b id="7" c="7 8" t="1"/>
		<b id="8" c="8 9" t="1"/>
		<b id="9" c="9 10" t="1"/>
		<b id="10" c="10 11" t="1"/>
		<b id="11" c="9 11" t="1"/>
		<b id="12" c="6 12" t="ar"/>
		<b id="13" c="12 13" t="ar"/>
		<b id="14" c="2 13" t="ar"/>
		<b id="15" c="13 14" t="1"/>
		<b id="16" c="14 15" t="1"/>
		<b id="17" c="15 16" t="1"/>
		<b id="18" c="16 17" t="1"/>
		<b id="19" c="17 18" t="am"/>
		<b id="20" c="18 19" t="2"/>
		<b id="21" c="18 20" t="1"/>
		<b id="22" c="20 21" t="1"/>
		<b id="23" c="21 22" t="1"/>
		<b id="24" c="21 23" t="1"/>
		<b id="25" c="21 24" t="1"/>
		<b id="26" c="17 25" t="1"/>
		<b id="27" c="25 26" t="1"/>
		<b id="28" c="14 26" t="1"/>
		<b id="29" c="1 27" t="1"/>
		<b id="30" c="1 28" t="1"/>
		<b id="31" c="1 29" t="1"/>
		<b id="32" c="3 30" t="1"/>
		<b id="33" c="5 31" t="1"/>
		<b id="34" c="5 32" t="1"/>
		<b id="35" c="8 33" t="1"/>
		<b id="36" c="8 34" t="1"/>
		<b id="37" c="9 35" t="1"/>
		<b id="38" c="10 36" t="1"/>
		<b id="39" c="10 37" t="1"/>
		<b id="40" c="11 38" t="1"/>
		<b id="41" c="11 39" t="1"/>
		<b id="42" c="12 40" t="1"/>
		<b id="43" c="14 41" t="1"/>
		<b id="44" c="15 42" t="1"/>
		<b id="45" c="15 43" t="1"/>
		<b id="46" c="16 44" t="1"/>
		<b id="47" c="16 45" t="1"/>
		<b id="48" c="22 46" t="1"/>
		<b id="49" c="22 47" t="1"/>
		<b id="50" c="22 48" t="1"/>
		<b id="51" c="23 49" t="1"/>
		<b id="52" c="23 50" t="1"/>
		<b id="53" c="23 51" t="1"/>
		<b id="54" c="24 52" t="1"/>
		<b id="55" c="24 53" t="1"/>
		<b id="56" c="24 54" t="1"/>
		<b id="57" c="25 55" t="1"/>
		<b id="58" c="25 56" t="1"/>
		<b id="59" c="26 57" t="1"/>
		<b id="60" c="26 58" t="1"/>
	</bonds>
	<geometry>
		<g u="A" t="cart/3d">#58,3:0.1703,2.8272,0.5836;0.3220,1.3908,0.1685;-0.8091,0.5849,0.1611;-0.7750,-0.7448,-0.2297;-1.8886,-1.5606,-0.1505;0.4538,-1.2759,-0.6570;0.4179,-2.5883,-1.0714;1.6204,-3.1956,-1.4894;1.3138,-4.6238,-1.8661;1.2893,-5.6822,-0.8050;2.4032,-5.6507,-1.8049;1.5802,-0.4769,-0.6514;1.5461,0.8516,-0.2340;2.7954,1.7059,-0.1892;3.8880,1.3832,-1.2268;4.8619,0.2585,-0.8530;5.2948,0.3588,0.5207;6.5944,0.6086,0.8034;7.4628,0.6314,-0.0422;6.7841,0.7891,2.1259;8.1163,0.9877,2.6492;8.7311,2.2646,2.0760;7.9018,1.1297,4.1576;8.9950,-0.2265,2.3483;4.2127,0.4362,1.4741;3.4055,1.7063,1.2254;-0.8526,3.0202,0.8967;0.3999,3.4947,-0.2475;0.8324,3.0802,1.4091;-1.7578,0.9997,0.4722;-2.7798,-1.0941,-0.2046;-1.8183,-2.4056,-0.6953;2.3610,-3.1741,-0.6775;2.0338,-2.6594,-2.3583;0.5899,-4.7046,-2.6669;0.5514,-6.4657,-0.8793;1.5064,-5.3858,0.2098;2.4334,-6.4110,-2.5699;3.3798,-5.3338,-1.4713;2.5089,-0.8914,-0.9971;2.4747,2.7305,-0.4048;4.4809,2.2911,-1.3620;3.4229,1.1457,-2.1849;5.7520,0.3205,-1.4830;4.4155,-0.7307,-0.9981;8.0782,3.1131,2.2708;8.8660,2.1628,1.0029;9.6962,2.4474,2.5400;7.2466,1.9723,4.3631;8.8538,1.2904,4.6545;7.4408,0.2292,4.5552;9.1347,-0.3286,1.2758;8.5251,-1.1308,2.7300;9.9645,-0.1041,2.8229;4.6248,0.4297,2.4820;3.5700,-0.4415,1.3437;4.0714,2.5659,1.3317;2.6170,1.7846,1.9740;</g>
	</geometry>
	<conformers/>
	<properties/>
</molecule>
