<?xml version="1.0" ?>
<!--MOLLI PACKAGE EXPERIMENTAL XML FORMAT-->
<molecule name="nuc376">
	<atoms>
		<a id="1" s="C" t="C.3" l="C"/>
		<a id="2" s="C" t="C.ar" l="C"/>
		<a id="3" s="C" t="C.ar" l="C"/>
		<a id="4" s="C" t="C.ar" l="C"/>
		<a id="5" s="N" t="N.pl3" l="N"/>
		<a id="6" s="C" t="C.ar" l="C"/>
		<a id="7" s="O" t="O.3" l="O"/>
		<a id="8" s="C" t="C.3" l="C"/>
		<a id="9" s="C" t="C.3" l="C"/>
		<a id="10" s="F" t="F" l="F"/>
		<a id="11" s="C" t="C.3" l="C"/>
		<a id="12" s="F" t="F" l="F"/>
		<a id="13" s="C" t="C.ar" l="C"/>
		<a id="14" s="C" t="C.ar" l="C"/>
		<a id="15" s="C" t="C.3" l="C"/>
		<a id="16" s="C" t="C.3" l="C"/>
		<a id="17" s="C" t="C.3" l="C"/>
		<a id="18" s="N" t="N.am" l="N"/>
		<a id="19" s="C" t="C.2" l="C"/>
		<a id="20" s="O" t="O.2" l="O"/>
		<a id="21" s="O" t="O.3" l="O"/>
		<a id="22" s="C" t="C.3" l="C"/>
		<a id="23" s="C" t="C.3" l="C"/>
		<a id="24" s="C" t="C.3" l="C"/>
		<a id="25" s="C" t="C.3" l="C"/>
		<a id="26" s="C" t="C.3" l="C"/>
		<a id="27" s="C" t="C.3" l="C"/>
		<a id="28" s="H" t="H" l="H"/>
		<a id="29" s="H" t="H" l="H"/>
		<a id="30" s="H" t="H" l="H"/>
		<a id="31" s="H" t="H" l="H"/>
		<a id="32" s="H" t="H" l="H"/>
		<a id="33" s="H" t="H" l="H"/>
		<a id="34" s="H" t="H" l="H"/>
		<a id="35" s="H" t="H" l="H"/>
		<a id="36" s="H" t="H" l="H"/>
		<a id="37" s="H" t="H" l="H"/>
		<a id="38" s="H" t="H" l="H"/>
		<a id="39" s="H" t="H" l="H"/>
		<a id="40" s="H" t="H" l="H"/>
		<a id="41" s="H" t="H" l="H"/>
		<a id="42" s="H" t="H" l="H"/>
		<a id="43" s="H" t="H" l="H"/>
		<a id="44" s="H" t="H" l="H"/>
		<a id="45" s="H" t="H" l="H"/>
		<a id="46" s="H" t="H" l="H"/>
		<a id="47" s="H" t="H" l="H"/>
		<a id="48" s="H" t="H" l="H"/>
		<a id="49" s="H" t="H" l="H"/>
		<a id="50" s="H" t="H" l="H"/>
		<a id="51" s="H" t="H" l="H"/>
		<a id="52" s="H" t="H" l="H"/>
		<a id="53" s="H" t="H" l="H"/>
		<a id="54" s="H" t="H" l="H"/>
		<a id="55" s="H" t="H" l="H"/>
		<a id="56" s="H" t="H" l="H"/>
		<a id="57" s="H" t="H" l="H"/>
	</atoms>
	<bonds>
		<b id="1" c="1 2" t="1"/>
		<b id="2" c="2 3" t="ar"/>
		<b id="3" c="3 4" t="ar"/>
		<b id="4" c="4 5" t="1"/>
		<b id="5" c="4 6" t="ar"/>
		<b id="6" c="6 7" t="1"/>
		<b id="7" c="7 8" t="1"/>
		<b id="8" c="8 9" t="1"/>
		<b id="9" c="9 10" t="1"/>
		<b id="10" c="8 11" t="1"/>
		<b id="11" c="11 12" t="1"/>
		<b id="12" c="6 13" t="ar"/>
		<b id="13" c="13 14" t="ar"/>
		<b id="14" c="2 14" t="ar"/>
		<b id="15" c="14 15" t="1"/>
		<b id="16" c="15 16" t="1"/>
		<b id="17" c="16 17" t="1"/>
		<b id="18" c="17 18" t="1"/>
		<b id="19" c="18 19" t="am"/>
		<b id="20" c="19 20" t="2"/>
		<b id="21" c="19 21" t="1"/>
		<b id="22" c="21 22" t="1"/>
		<b id="23" c="22 23" t="1"/>
		<b id="24" c="22 24" t="1"/>
		<b id="25" c="22 25" t="1"/>
		<b id="26" c="18 26" t="1"/>
		<b id="27" c="26 27" t="1"/>
		<b id="28" c="15 27" t="1"/>
		<b id="29" c="1 28" t="1"/>
		<b id="30" c="1 29" t="1"/>
		<b id="31" c="1 30" t="1"/>
		<b id="32" c="3 31" t="1"/>
		<b id="33" c="5 32" t="1"/>
		<b id="34" c="5 33" t="1"/>
		<b id="35" c="8 34" t="1"/>
		<b id="36" c="9 35" t="1"/>
		<b id="37" c="9 36" t="1"/>
		<b id="38" c="11 37" t="1"/>
		<b id="39" c="11 38" t="1"/>
		<b id="40" c="13 39" t="1"/>
		<b id="41" c="15 40" t="1"/>
		<b id="42" c="16 41" t="1"/>
		<b id="43" c="16 42" t="1"/>
		<b id="44" c="17 43" t="1"/>
		<b id="45" c="17 44" t="1"/>
		<b id="46" c="23 45" t="1"/>
		<b id="47" c="23 46" t="1"/>
		<b id="48" c="23 47" t="1"/>
		<b id="49" c="24 48" t="1"/>
		<b id="50" c="24 49" t="1"/>
		<b id="51" c="24 50" t="1"/>
		<b id="52" c="25 51" t="1"/>
		<b id="53" c="25 52" t="1"/>
		<b id="54" c="25 53" t="1"/>
		<b id="55" c="26 54" t="1"/>
		<b id="56" c="26 55" t="1"/>
		<b id="57" c="27 56" t="1"/>
		<b id="58" c="27 57" t="1"/>
	</bonds>
	<geometry>
		<g u="A" t="cart/3d">#57,3:0.2436,2.7715,0.6104;0.3649,1.2953,0.3608;-0.7760,0.5148,0.4699;-0.7675,-0.8563,0.2453;-1.8943,-1.6348,0.4426;0.4478,-1.4450,-0.1241;0.4225,-2.8127,-0.3890;1.5026,-3.5979,0.0648;0.8908,-4.7629,0.8557;1.8743,-5.5464,1.3975;2.3383,-4.1435,-1.0998;3.2353,-3.2033,-1.5375;1.5848,-0.6710,-0.2545;1.5762,0.6960,-0.0051;2.8343,1.5318,-0.0949;3.8794,1.0873,-1.1366;4.8652,0.0012,-0.6863;5.3484,0.2385,0.6547;6.6461,0.5652,0.8581;7.4822,0.5429,-0.0186;6.8769,0.8762,2.1511;8.2198,1.1615,2.6008;8.7648,2.4048,1.8974;8.0584,1.4247,4.0997;9.1308,-0.0437,2.3680;4.3011,0.4123,1.6325;3.4929,1.6610,1.2921;-0.7648,3.0164,0.9341;0.4512,3.3329,-0.3006;0.9393,3.1066,1.3768;-1.7120,0.9785,0.7486;-2.7751,-1.1545,0.3475;-1.8591,-2.5315,-0.0167;2.1583,-3.0203,0.7298;0.2869,-5.3985,0.2014;0.2811,-4.3809,1.6796;1.6949,-4.3951,-1.9480;2.9226,-5.0104,-0.7781;2.4909,-1.1451,-0.5850;2.5178,2.5346,-0.3998;4.4675,1.9709,-1.3964;3.3719,0.7483,-2.0406;5.7314,-0.0011,-1.3510;4.4174,-0.9955,-0.7205;8.0876,3.2437,2.0448;8.8641,2.2149,0.8325;9.7385,2.6606,2.3056;7.3812,2.2596,4.2612;9.0223,1.6586,4.5414;7.6467,0.5464,4.5901;9.2364,-0.2310,1.3032;8.7074,-0.9279,2.8402;10.1113,0.1501,2.7941;4.7460,0.4969,2.6230;3.6520,-0.4695,1.6062;4.1690,2.5189,1.2922;2.7315,1.8211,2.0563;</g>
	</geometry>
	<conformers/>
	<properties/>
</molecule>
