<?xml version="1.0" ?>
<!--MOLLI PACKAGE EXPERIMENTAL XML FORMAT-->
<molecule name="nuc377">
	<atoms>
		<a id="1" s="C" t="C.3" l="C"/>
		<a id="2" s="C" t="C.3" l="C"/>
		<a id="3" s="C" t="C.3" l="C"/>
		<a id="4" s="C" t="C.3" l="C"/>
		<a id="5" s="O" t="O.3" l="O"/>
		<a id="6" s="C" t="C.2" l="C"/>
		<a id="7" s="O" t="O.2" l="O"/>
		<a id="8" s="N" t="N.am" l="N"/>
		<a id="9" s="C" t="C.3" l="C"/>
		<a id="10" s="C" t="C.3" l="C"/>
		<a id="11" s="C" t="C.3" l="C"/>
		<a id="12" s="C" t="C.ar" l="C"/>
		<a id="13" s="C" t="C.ar" l="C"/>
		<a id="14" s="C" t="C.ar" l="C"/>
		<a id="15" s="C" t="C.ar" l="C"/>
		<a id="16" s="N" t="N.pl3" l="N"/>
		<a id="17" s="C" t="C.ar" l="C"/>
		<a id="18" s="O" t="O.3" l="O"/>
		<a id="19" s="C" t="C.3" l="C"/>
		<a id="20" s="C" t="C.3" l="C"/>
		<a id="21" s="C" t="C.3" l="C"/>
		<a id="22" s="C" t="C.ar" l="C"/>
		<a id="23" s="C" t="C.3" l="C"/>
		<a id="24" s="C" t="C.3" l="C"/>
		<a id="25" s="H" t="H" l="H"/>
		<a id="26" s="H" t="H" l="H"/>
		<a id="27" s="H" t="H" l="H"/>
		<a id="28" s="H" t="H" l="H"/>
		<a id="29" s="H" t="H" l="H"/>
		<a id="30" s="H" t="H" l="H"/>
		<a id="31" s="H" t="H" l="H"/>
		<a id="32" s="H" t="H" l="H"/>
		<a id="33" s="H" t="H" l="H"/>
		<a id="34" s="H" t="H" l="H"/>
		<a id="35" s="H" t="H" l="H"/>
		<a id="36" s="H" t="H" l="H"/>
		<a id="37" s="H" t="H" l="H"/>
		<a id="38" s="H" t="H" l="H"/>
		<a id="39" s="H" t="H" l="H"/>
		<a id="40" s="H" t="H" l="H"/>
		<a id="41" s="H" t="H" l="H"/>
		<a id="42" s="H" t="H" l="H"/>
		<a id="43" s="H" t="H" l="H"/>
		<a id="44" s="H" t="H" l="H"/>
		<a id="45" s="H" t="H" l="H"/>
		<a id="46" s="H" t="H" l="H"/>
		<a id="47" s="H" t="H" l="H"/>
		<a id="48" s="H" t="H" l="H"/>
		<a id="49" s="H" t="H" l="H"/>
		<a id="50" s="H" t="H" l="H"/>
		<a id="51" s="H" t="H" l="H"/>
		<a id="52" s="H" t="H" l="H"/>
	</atoms>
	<bonds>
		<b id="1" c="1 2" t="1"/>
		<b id="2" c="2 3" t="1"/>
		<b id="3" c="2 4" t="1"/>
		<b id="4" c="2 5" t="1"/>
		<b id="5" c="5 6" t="1"/>
		<b id="6" c="6 7" t="2"/>
		<b id="7" c="6 8" t="am"/>
		<b id="8" c="8 9" t="1"/>
		<b id="9" c="9 10" t="1"/>
		<b id="10" c="10 11" t="1"/>
		<b id="11" c="11 12" t="1"/>
		<b id="12" c="12 13" t="ar"/>
		<b id="13" c="13 14" t="ar"/>
		<b id="14" c="14 15" t="ar"/>
		<b id="15" c="15 16" t="1"/>
		<b id="16" c="15 17" t="ar"/>
		<b id="17" c="17 18" t="1"/>
		<b id="18" c="18 19" t="1"/>
		<b id="19" c="19 20" t="1"/>
		<b id="20" c="20 21" t="1"/>
		<b id="21" c="19 21" t="1"/>
		<b id="22" c="17 22" t="ar"/>
		<b id="23" c="12 22" t="ar"/>
		<b id="24" c="11 23" t="1"/>
		<b id="25" c="23 24" t="1"/>
		<b id="26" c="8 24" t="1"/>
		<b id="27" c="1 25" t="1"/>
		<b id="28" c="1 26" t="1"/>
		<b id="29" c="1 27" t="1"/>
		<b id="30" c="3 28" t="1"/>
		<b id="31" c="3 29" t="1"/>
		<b id="32" c="3 30" t="1"/>
		<b id="33" c="4 31" t="1"/>
		<b id="34" c="4 32" t="1"/>
		<b id="35" c="4 33" t="1"/>
		<b id="36" c="9 34" t="1"/>
		<b id="37" c="9 35" t="1"/>
		<b id="38" c="10 36" t="1"/>
		<b id="39" c="10 37" t="1"/>
		<b id="40" c="11 38" t="1"/>
		<b id="41" c="13 39" t="1"/>
		<b id="42" c="14 40" t="1"/>
		<b id="43" c="16 41" t="1"/>
		<b id="44" c="16 42" t="1"/>
		<b id="45" c="19 43" t="1"/>
		<b id="46" c="20 44" t="1"/>
		<b id="47" c="20 45" t="1"/>
		<b id="48" c="21 46" t="1"/>
		<b id="49" c="21 47" t="1"/>
		<b id="50" c="22 48" t="1"/>
		<b id="51" c="23 49" t="1"/>
		<b id="52" c="23 50" t="1"/>
		<b id="53" c="24 51" t="1"/>
		<b id="54" c="24 52" t="1"/>
	</bonds>
	<geometry>
		<g u="A" t="cart/3d">#52,3:3.9083,-1.5733,-0.1247;2.9728,-0.4719,0.3748;2.6483,0.5199,-0.7424;1.6862,-1.0814,0.9363;3.5566,0.2129,1.5052;4.7190,0.8838,1.3644;5.3699,0.9532,0.3445;5.0669,1.5180,2.5084;6.3656,2.1452,2.6151;7.2767,1.3341,3.5401;6.6415,1.0963,4.9163;6.5704,2.3177,5.8120;5.9596,2.2125,7.0589;5.9052,3.2837,7.9238;6.4704,4.5185,7.6034;6.4977,5.5242,8.5476;7.0820,4.6331,6.3468;7.7127,5.7839,5.8990;6.9783,6.9740,5.9350;7.6008,8.1583,5.2696;7.4729,8.1269,6.7678;7.1297,3.5446,5.4866;5.2569,0.4631,4.6928;4.4048,1.3435,3.7799;3.4228,-2.1354,-0.9177;4.1549,-2.2514,0.6899;4.8254,-1.1361,-0.5092;2.1259,0.0088,-1.5464;3.5645,0.9538,-1.1328;2.0159,1.3184,-0.3598;1.1646,-1.6295,0.1574;1.0362,-0.2968,1.3151;1.9204,-1.7599,1.7525;6.2197,3.1576,3.0016;6.7919,2.2003,1.6121;8.2420,1.8300,3.6408;7.4530,0.3617,3.0737;7.2618,0.3603,5.4467;5.5328,1.2729,7.3764;5.4370,3.1700,8.8914;5.8160,5.4584,9.2850;6.7028,6.4567,8.2325;5.9044,6.8306,5.8357;6.9668,8.8247,4.7063;8.5855,8.0193,4.8537;6.7509,8.7794,7.2372;8.3803,7.9801,7.3339;7.6480,3.7054,4.5560;4.7366,0.3126,5.6376;5.3852,-0.5124,4.2183;4.2781,2.3310,4.2389;3.4254,0.8971,3.6139;</g>
	</geometry>
	<conformers/>
	<properties/>
</molecule>
