<?xml version="1.0" ?>
<!--MOLLI PACKAGE EXPERIMENTAL XML FORMAT-->
<molecule name="nuc380">
	<atoms>
		<a id="1" s="C" t="C.3" l="C"/>
		<a id="2" s="C" t="C.ar" l="C"/>
		<a id="3" s="C" t="C.ar" l="C"/>
		<a id="4" s="C" t="C.ar" l="C"/>
		<a id="5" s="N" t="N.pl3" l="N"/>
		<a id="6" s="C" t="C.ar" l="C"/>
		<a id="7" s="O" t="O.3" l="O"/>
		<a id="8" s="C" t="C.3" l="C"/>
		<a id="9" s="F" t="F" l="F"/>
		<a id="10" s="F" t="F" l="F"/>
		<a id="11" s="F" t="F" l="F"/>
		<a id="12" s="C" t="C.ar" l="C"/>
		<a id="13" s="C" t="C.ar" l="C"/>
		<a id="14" s="C" t="C.3" l="C"/>
		<a id="15" s="C" t="C.3" l="C"/>
		<a id="16" s="C" t="C.3" l="C"/>
		<a id="17" s="N" t="N.am" l="N"/>
		<a id="18" s="C" t="C.2" l="C"/>
		<a id="19" s="O" t="O.2" l="O"/>
		<a id="20" s="O" t="O.3" l="O"/>
		<a id="21" s="C" t="C.3" l="C"/>
		<a id="22" s="C" t="C.3" l="C"/>
		<a id="23" s="C" t="C.3" l="C"/>
		<a id="24" s="C" t="C.3" l="C"/>
		<a id="25" s="C" t="C.3" l="C"/>
		<a id="26" s="C" t="C.3" l="C"/>
		<a id="27" s="H" t="H" l="H"/>
		<a id="28" s="H" t="H" l="H"/>
		<a id="29" s="H" t="H" l="H"/>
		<a id="30" s="H" t="H" l="H"/>
		<a id="31" s="H" t="H" l="H"/>
		<a id="32" s="H" t="H" l="H"/>
		<a id="33" s="H" t="H" l="H"/>
		<a id="34" s="H" t="H" l="H"/>
		<a id="35" s="H" t="H" l="H"/>
		<a id="36" s="H" t="H" l="H"/>
		<a id="37" s="H" t="H" l="H"/>
		<a id="38" s="H" t="H" l="H"/>
		<a id="39" s="H" t="H" l="H"/>
		<a id="40" s="H" t="H" l="H"/>
		<a id="41" s="H" t="H" l="H"/>
		<a id="42" s="H" t="H" l="H"/>
		<a id="43" s="H" t="H" l="H"/>
		<a id="44" s="H" t="H" l="H"/>
		<a id="45" s="H" t="H" l="H"/>
		<a id="46" s="H" t="H" l="H"/>
		<a id="47" s="H" t="H" l="H"/>
		<a id="48" s="H" t="H" l="H"/>
		<a id="49" s="H" t="H" l="H"/>
		<a id="50" s="H" t="H" l="H"/>
		<a id="51" s="H" t="H" l="H"/>
	</atoms>
	<bonds>
		<b id="1" c="1 2" t="1"/>
		<b id="2" c="2 3" t="ar"/>
		<b id="3" c="3 4" t="ar"/>
		<b id="4" c="4 5" t="1"/>
		<b id="5" c="4 6" t="ar"/>
		<b id="6" c="6 7" t="1"/>
		<b id="7" c="7 8" t="1"/>
		<b id="8" c="8 9" t="1"/>
		<b id="9" c="8 10" t="1"/>
		<b id="10" c="8 11" t="1"/>
		<b id="11" c="6 12" t="ar"/>
		<b id="12" c="12 13" t="ar"/>
		<b id="13" c="2 13" t="ar"/>
		<b id="14" c="13 14" t="1"/>
		<b id="15" c="14 15" t="1"/>
		<b id="16" c="15 16" t="1"/>
		<b id="17" c="16 17" t="1"/>
		<b id="18" c="17 18" t="am"/>
		<b id="19" c="18 19" t="2"/>
		<b id="20" c="18 20" t="1"/>
		<b id="21" c="20 21" t="1"/>
		<b id="22" c="21 22" t="1"/>
		<b id="23" c="21 23" t="1"/>
		<b id="24" c="21 24" t="1"/>
		<b id="25" c="17 25" t="1"/>
		<b id="26" c="25 26" t="1"/>
		<b id="27" c="14 26" t="1"/>
		<b id="28" c="1 27" t="1"/>
		<b id="29" c="1 28" t="1"/>
		<b id="30" c="1 29" t="1"/>
		<b id="31" c="3 30" t="1"/>
		<b id="32" c="5 31" t="1"/>
		<b id="33" c="5 32" t="1"/>
		<b id="34" c="12 33" t="1"/>
		<b id="35" c="14 34" t="1"/>
		<b id="36" c="15 35" t="1"/>
		<b id="37" c="15 36" t="1"/>
		<b id="38" c="16 37" t="1"/>
		<b id="39" c="16 38" t="1"/>
		<b id="40" c="22 39" t="1"/>
		<b id="41" c="22 40" t="1"/>
		<b id="42" c="22 41" t="1"/>
		<b id="43" c="23 42" t="1"/>
		<b id="44" c="23 43" t="1"/>
		<b id="45" c="23 44" t="1"/>
		<b id="46" c="24 45" t="1"/>
		<b id="47" c="24 46" t="1"/>
		<b id="48" c="24 47" t="1"/>
		<b id="49" c="25 48" t="1"/>
		<b id="50" c="25 49" t="1"/>
		<b id="51" c="26 50" t="1"/>
		<b id="52" c="26 51" t="1"/>
	</bonds>
	<geometry>
		<g u="A" t="cart/3d">#51,3:0.1943,2.8943,0.4959;0.3038,1.4497,0.1032;-0.8488,0.6820,0.0940;-0.8532,-0.6664,-0.2586;-1.9869,-1.4355,-0.1789;0.3736,-1.2161,-0.6362;0.3464,-2.5896,-1.0274;1.3989,-3.3296,-0.7797;1.9443,-3.1426,0.4344;1.0612,-4.6162,-0.8592;2.4166,-3.1618,-1.6519;1.5283,-0.4636,-0.6517;1.5255,0.8717,-0.2704;2.7999,1.6832,-0.2180;3.8763,1.3296,-1.2630;4.8217,0.1782,-0.8960;5.2622,0.2695,0.4755;6.5602,0.5431,0.7508;7.4199,0.5967,-0.1013;6.7552,0.7115,2.0734;8.0893,0.9120,2.5926;8.6840,2.2098,2.0457;7.8826,1.0140,4.1052;8.9803,-0.2835,2.2562;4.1852,0.3530,1.4329;3.4019,1.6426,1.2005;-0.8272,3.1318,0.7803;0.4732,3.5402,-0.3359;0.8463,3.1272,1.3348;-1.7885,1.1320,0.3802;-2.8673,-0.9493,-0.2042;-1.9583,-2.3144,-0.6684;2.4455,-0.9203,-0.9752;2.5156,2.7204,-0.4217;4.4937,2.2207,-1.3991;3.3990,1.1079,-2.2186;5.7100,0.2214,-1.5298;4.3552,-0.8008,-1.0416;8.0261,3.0468,2.2712;8.8059,2.1370,0.9687;9.6536,2.3897,2.5016;7.2180,1.8427,4.3358;8.8354,1.1741,4.6006;7.4354,0.0978,4.4822;9.1185,-0.3550,1.1810;8.5213,-1.2030,2.6136;9.9497,-0.1633,2.7318;4.6001,0.3319,2.4395;3.5309,-0.5152,1.3000;4.0843,2.4865,1.3243;2.6105,1.7258,1.9460;</g>
	</geometry>
	<conformers/>
	<properties/>
</molecule>
