<?xml version="1.0" ?>
<!--MOLLI PACKAGE EXPERIMENTAL XML FORMAT-->
<molecule name="nuc38">
	<atoms>
		<a id="1" s="C" t="C.3" l="C"/>
		<a id="2" s="C" t="C.3" l="C"/>
		<a id="3" s="C" t="C.3" l="C"/>
		<a id="4" s="N" t="N.3" l="N"/>
		<a id="5" s="N" t="N.am" l="N"/>
		<a id="6" s="C" t="C.2" l="C"/>
		<a id="7" s="O" t="O.2" l="O"/>
		<a id="8" s="O" t="O.3" l="O"/>
		<a id="9" s="C" t="C.3" l="C"/>
		<a id="10" s="C" t="C.3" l="C"/>
		<a id="11" s="C" t="C.3" l="C"/>
		<a id="12" s="C" t="C.3" l="C"/>
		<a id="13" s="H" t="H" l="H"/>
		<a id="14" s="H" t="H" l="H"/>
		<a id="15" s="H" t="H" l="H"/>
		<a id="16" s="H" t="H" l="H"/>
		<a id="17" s="H" t="H" l="H"/>
		<a id="18" s="H" t="H" l="H"/>
		<a id="19" s="H" t="H" l="H"/>
		<a id="20" s="H" t="H" l="H"/>
		<a id="21" s="H" t="H" l="H"/>
		<a id="22" s="H" t="H" l="H"/>
		<a id="23" s="H" t="H" l="H"/>
		<a id="24" s="H" t="H" l="H"/>
		<a id="25" s="H" t="H" l="H"/>
		<a id="26" s="H" t="H" l="H"/>
		<a id="27" s="H" t="H" l="H"/>
		<a id="28" s="H" t="H" l="H"/>
		<a id="29" s="H" t="H" l="H"/>
		<a id="30" s="H" t="H" l="H"/>
	</atoms>
	<bonds>
		<b id="1" c="1 2" t="1"/>
		<b id="2" c="2 3" t="1"/>
		<b id="3" c="3 4" t="1"/>
		<b id="4" c="2 5" t="1"/>
		<b id="5" c="5 6" t="am"/>
		<b id="6" c="6 7" t="2"/>
		<b id="7" c="6 8" t="1"/>
		<b id="8" c="8 9" t="1"/>
		<b id="9" c="9 10" t="1"/>
		<b id="10" c="9 11" t="1"/>
		<b id="11" c="9 12" t="1"/>
		<b id="12" c="1 13" t="1"/>
		<b id="13" c="1 14" t="1"/>
		<b id="14" c="1 15" t="1"/>
		<b id="15" c="2 16" t="1"/>
		<b id="16" c="3 17" t="1"/>
		<b id="17" c="3 18" t="1"/>
		<b id="18" c="4 19" t="1"/>
		<b id="19" c="4 20" t="1"/>
		<b id="20" c="5 21" t="1"/>
		<b id="21" c="10 22" t="1"/>
		<b id="22" c="10 23" t="1"/>
		<b id="23" c="10 24" t="1"/>
		<b id="24" c="11 25" t="1"/>
		<b id="25" c="11 26" t="1"/>
		<b id="26" c="11 27" t="1"/>
		<b id="27" c="12 28" t="1"/>
		<b id="28" c="12 29" t="1"/>
		<b id="29" c="12 30" t="1"/>
	</bonds>
	<geometry>
		<g u="A" t="cart/3d">#30,3:2.2660,0.1134,1.0275;2.6209,-0.3068,-0.4016;1.3895,-0.7205,-1.2190;0.5439,0.4365,-1.4772;3.2867,0.7662,-1.1023;4.6220,0.9542,-1.0635;5.3947,0.2211,-0.4915;4.9393,2.0634,-1.7640;6.3160,2.4895,-1.8714;7.1561,1.4188,-2.5681;6.2492,3.7553,-2.7278;6.8806,2.8104,-0.4869;1.7302,-0.6851,1.5349;1.6544,1.0120,1.0244;3.1810,0.3222,1.5754;3.3223,-1.1469,-0.3533;0.8718,-1.5366,-0.6906;1.7250,-1.1021,-2.1868;0.1108,0.7547,-0.6166;-0.1991,0.1931,-2.1221;2.6941,1.4380,-1.5648;6.7216,1.1744,-3.5353;7.1904,0.5187,-1.9607;8.1680,1.7858,-2.7171;5.8181,3.5250,-3.6986;7.2464,4.1617,-2.8686;5.6256,4.5015,-2.2423;6.9124,1.9094,0.1190;6.2534,3.5476,0.0101;7.8867,3.2091,-0.5832;</g>
	</geometry>
	<conformers/>
	<properties/>
</molecule>
