<?xml version="1.0" ?>
<!--MOLLI PACKAGE EXPERIMENTAL XML FORMAT-->
<molecule name="nuc381">
	<atoms>
		<a id="1" s="C" t="C.3" l="C"/>
		<a id="2" s="C" t="C.ar" l="C"/>
		<a id="3" s="C" t="C.ar" l="C"/>
		<a id="4" s="C" t="C.ar" l="C"/>
		<a id="5" s="N" t="N.pl3" l="N"/>
		<a id="6" s="C" t="C.ar" l="C"/>
		<a id="7" s="C" t="C.3" l="C"/>
		<a id="8" s="F" t="F" l="F"/>
		<a id="9" s="F" t="F" l="F"/>
		<a id="10" s="F" t="F" l="F"/>
		<a id="11" s="C" t="C.ar" l="C"/>
		<a id="12" s="C" t="C.ar" l="C"/>
		<a id="13" s="C" t="C.3" l="C"/>
		<a id="14" s="C" t="C.3" l="C"/>
		<a id="15" s="C" t="C.3" l="C"/>
		<a id="16" s="N" t="N.am" l="N"/>
		<a id="17" s="C" t="C.2" l="C"/>
		<a id="18" s="O" t="O.2" l="O"/>
		<a id="19" s="O" t="O.3" l="O"/>
		<a id="20" s="C" t="C.3" l="C"/>
		<a id="21" s="C" t="C.3" l="C"/>
		<a id="22" s="C" t="C.3" l="C"/>
		<a id="23" s="C" t="C.3" l="C"/>
		<a id="24" s="C" t="C.3" l="C"/>
		<a id="25" s="C" t="C.3" l="C"/>
		<a id="26" s="H" t="H" l="H"/>
		<a id="27" s="H" t="H" l="H"/>
		<a id="28" s="H" t="H" l="H"/>
		<a id="29" s="H" t="H" l="H"/>
		<a id="30" s="H" t="H" l="H"/>
		<a id="31" s="H" t="H" l="H"/>
		<a id="32" s="H" t="H" l="H"/>
		<a id="33" s="H" t="H" l="H"/>
		<a id="34" s="H" t="H" l="H"/>
		<a id="35" s="H" t="H" l="H"/>
		<a id="36" s="H" t="H" l="H"/>
		<a id="37" s="H" t="H" l="H"/>
		<a id="38" s="H" t="H" l="H"/>
		<a id="39" s="H" t="H" l="H"/>
		<a id="40" s="H" t="H" l="H"/>
		<a id="41" s="H" t="H" l="H"/>
		<a id="42" s="H" t="H" l="H"/>
		<a id="43" s="H" t="H" l="H"/>
		<a id="44" s="H" t="H" l="H"/>
		<a id="45" s="H" t="H" l="H"/>
		<a id="46" s="H" t="H" l="H"/>
		<a id="47" s="H" t="H" l="H"/>
		<a id="48" s="H" t="H" l="H"/>
		<a id="49" s="H" t="H" l="H"/>
		<a id="50" s="H" t="H" l="H"/>
	</atoms>
	<bonds>
		<b id="1" c="1 2" t="1"/>
		<b id="2" c="2 3" t="ar"/>
		<b id="3" c="3 4" t="ar"/>
		<b id="4" c="4 5" t="1"/>
		<b id="5" c="4 6" t="ar"/>
		<b id="6" c="6 7" t="1"/>
		<b id="7" c="7 8" t="1"/>
		<b id="8" c="7 9" t="1"/>
		<b id="9" c="7 10" t="1"/>
		<b id="10" c="6 11" t="ar"/>
		<b id="11" c="11 12" t="ar"/>
		<b id="12" c="2 12" t="ar"/>
		<b id="13" c="12 13" t="1"/>
		<b id="14" c="13 14" t="1"/>
		<b id="15" c="14 15" t="1"/>
		<b id="16" c="15 16" t="1"/>
		<b id="17" c="16 17" t="am"/>
		<b id="18" c="17 18" t="2"/>
		<b id="19" c="17 19" t="1"/>
		<b id="20" c="19 20" t="1"/>
		<b id="21" c="20 21" t="1"/>
		<b id="22" c="20 22" t="1"/>
		<b id="23" c="20 23" t="1"/>
		<b id="24" c="16 24" t="1"/>
		<b id="25" c="24 25" t="1"/>
		<b id="26" c="13 25" t="1"/>
		<b id="27" c="1 26" t="1"/>
		<b id="28" c="1 27" t="1"/>
		<b id="29" c="1 28" t="1"/>
		<b id="30" c="3 29" t="1"/>
		<b id="31" c="5 30" t="1"/>
		<b id="32" c="5 31" t="1"/>
		<b id="33" c="11 32" t="1"/>
		<b id="34" c="13 33" t="1"/>
		<b id="35" c="14 34" t="1"/>
		<b id="36" c="14 35" t="1"/>
		<b id="37" c="15 36" t="1"/>
		<b id="38" c="15 37" t="1"/>
		<b id="39" c="21 38" t="1"/>
		<b id="40" c="21 39" t="1"/>
		<b id="41" c="21 40" t="1"/>
		<b id="42" c="22 41" t="1"/>
		<b id="43" c="22 42" t="1"/>
		<b id="44" c="22 43" t="1"/>
		<b id="45" c="23 44" t="1"/>
		<b id="46" c="23 45" t="1"/>
		<b id="47" c="23 46" t="1"/>
		<b id="48" c="24 47" t="1"/>
		<b id="49" c="24 48" t="1"/>
		<b id="50" c="25 49" t="1"/>
		<b id="51" c="25 50" t="1"/>
	</bonds>
	<geometry>
		<g u="A" t="cart/3d">#50,3:0.0924,2.6698,0.7098;0.2819,1.2869,0.1600;-0.8177,0.4543,0.0894;-0.7571,-0.8393,-0.4361;-1.8579,-1.6461,-0.4095;0.4840,-1.2655,-0.9254;0.6168,-2.6256,-1.5291;-0.2242,-2.8163,-2.5762;1.8439,-2.8912,-1.9934;0.3234,-3.6220,-0.6636;1.5934,-0.4314,-0.8554;1.5301,0.8364,-0.3085;2.7483,1.7235,-0.1813;3.8501,1.5267,-1.2400;4.8504,0.3969,-0.9656;5.2846,0.3968,0.4110;6.5803,0.6450,0.7157;7.4430,0.7752,-0.1249;6.7691,0.6995,2.0491;8.1026,0.8461,2.5885;8.7126,2.1785,2.1534;7.8912,0.8256,4.1038;8.9830,-0.3269,2.1579;4.2044,0.3486,1.3660;3.3522,1.6077,1.2320;-0.9279,2.8012,1.0600;0.2840,3.4139,-0.0631;0.7679,2.8674,1.5387;-1.7728,0.8059,0.4529;-2.7458,-1.2105,-0.2310;-1.8820,-2.4794,-0.9700;2.5193,-0.8018,-1.2578;2.3962,2.7531,-0.3035;4.4195,2.4581,-1.2854;3.3944,1.3688,-2.2186;5.7361,0.5333,-1.5896;4.4273,-0.5871,-1.1911;8.0614,3.0005,2.4440;8.8402,2.1940,1.0747;9.6810,2.3102,2.6277;7.2335,1.6389,4.3999;8.8439,0.9362,4.6127;7.4351,-0.1142,4.4041;9.1282,-0.3090,1.0815;8.5112,-1.2679,2.4336;9.9502,-0.2590,2.6480;4.6185,0.2701,2.3701;3.5944,-0.5382,1.1598;3.9861,2.4763,1.4233;2.5602,1.5862,1.9811;</g>
	</geometry>
	<conformers/>
	<properties/>
</molecule>
