<?xml version="1.0" ?>
<!--MOLLI PACKAGE EXPERIMENTAL XML FORMAT-->
<molecule name="nuc39">
	<atoms>
		<a id="1" s="C" t="C.3" l="C"/>
		<a id="2" s="C" t="C.3" l="C"/>
		<a id="3" s="C" t="C.3" l="C"/>
		<a id="4" s="O" t="O.3" l="O"/>
		<a id="5" s="C" t="C.ar" l="C"/>
		<a id="6" s="C" t="C.ar" l="C"/>
		<a id="7" s="C" t="C.ar" l="C"/>
		<a id="8" s="N" t="N.pl3" l="N"/>
		<a id="9" s="N" t="N.ar" l="N"/>
		<a id="10" s="N" t="N.ar" l="N"/>
		<a id="11" s="C" t="C.2" l="C"/>
		<a id="12" s="O" t="O.2" l="O"/>
		<a id="13" s="O" t="O.3" l="O"/>
		<a id="14" s="C" t="C.3" l="C"/>
		<a id="15" s="C" t="C.3" l="C"/>
		<a id="16" s="C" t="C.3" l="C"/>
		<a id="17" s="C" t="C.3" l="C"/>
		<a id="18" s="H" t="H" l="H"/>
		<a id="19" s="H" t="H" l="H"/>
		<a id="20" s="H" t="H" l="H"/>
		<a id="21" s="H" t="H" l="H"/>
		<a id="22" s="H" t="H" l="H"/>
		<a id="23" s="H" t="H" l="H"/>
		<a id="24" s="H" t="H" l="H"/>
		<a id="25" s="H" t="H" l="H"/>
		<a id="26" s="H" t="H" l="H"/>
		<a id="27" s="H" t="H" l="H"/>
		<a id="28" s="H" t="H" l="H"/>
		<a id="29" s="H" t="H" l="H"/>
		<a id="30" s="H" t="H" l="H"/>
		<a id="31" s="H" t="H" l="H"/>
		<a id="32" s="H" t="H" l="H"/>
		<a id="33" s="H" t="H" l="H"/>
		<a id="34" s="H" t="H" l="H"/>
		<a id="35" s="H" t="H" l="H"/>
		<a id="36" s="H" t="H" l="H"/>
	</atoms>
	<bonds>
		<b id="1" c="1 2" t="1"/>
		<b id="2" c="2 3" t="1"/>
		<b id="3" c="2 4" t="1"/>
		<b id="4" c="4 5" t="1"/>
		<b id="5" c="5 6" t="ar"/>
		<b id="6" c="6 7" t="ar"/>
		<b id="7" c="7 8" t="1"/>
		<b id="8" c="7 9" t="ar"/>
		<b id="9" c="9 10" t="ar"/>
		<b id="10" c="5 10" t="ar"/>
		<b id="11" c="10 11" t="am"/>
		<b id="12" c="11 12" t="2"/>
		<b id="13" c="11 13" t="1"/>
		<b id="14" c="13 14" t="1"/>
		<b id="15" c="14 15" t="1"/>
		<b id="16" c="14 16" t="1"/>
		<b id="17" c="14 17" t="1"/>
		<b id="18" c="1 18" t="1"/>
		<b id="19" c="1 19" t="1"/>
		<b id="20" c="1 20" t="1"/>
		<b id="21" c="2 21" t="1"/>
		<b id="22" c="3 22" t="1"/>
		<b id="23" c="3 23" t="1"/>
		<b id="24" c="3 24" t="1"/>
		<b id="25" c="6 25" t="1"/>
		<b id="26" c="8 26" t="1"/>
		<b id="27" c="8 27" t="1"/>
		<b id="28" c="15 28" t="1"/>
		<b id="29" c="15 29" t="1"/>
		<b id="30" c="15 30" t="1"/>
		<b id="31" c="16 31" t="1"/>
		<b id="32" c="16 32" t="1"/>
		<b id="33" c="16 33" t="1"/>
		<b id="34" c="17 34" t="1"/>
		<b id="35" c="17 35" t="1"/>
		<b id="36" c="17 36" t="1"/>
	</bonds>
	<geometry>
		<g u="A" t="cart/3d">#36,3:1.0361,0.3264,-0.1391;2.3629,1.0635,-0.0105;2.1606,2.5746,0.0808;2.9756,0.5687,1.1804;4.2792,0.7854,1.3392;5.2643,1.2866,0.5306;6.4493,1.2095,1.3157;7.6873,1.6747,0.9557;6.2115,0.6976,2.5004;4.8724,0.4374,2.5346;4.2490,-0.0828,3.6664;3.0664,-0.2914,3.7213;5.1532,-0.2884,4.6099;4.7614,-0.8029,5.9060;4.1359,-2.1899,5.7606;6.0779,-0.8841,6.6785;3.7962,0.1666,6.5875;0.5007,0.6692,-1.0197;0.4345,0.5113,0.7463;1.2096,-0.7432,-0.2184;3.0064,0.8244,-0.8699;1.5147,2.8048,0.9242;1.7005,2.9441,-0.8315;3.1127,3.0799,0.2256;5.1858,1.6636,-0.4675;7.9013,1.6240,-0.0277;8.4271,1.3588,1.5635;4.8181,-2.8527,5.2325;3.2047,-2.1280,5.2045;3.9333,-2.6035,6.7447;6.7666,-1.5503,6.1667;5.8990,-1.2561,7.6831;6.5335,0.1003,6.7358;2.8640,0.2239,6.0324;4.2390,1.1591,6.6361;3.5857,-0.1760,7.5968;</g>
	</geometry>
	<conformers/>
	<properties/>
</molecule>
