<?xml version="1.0" ?>
<!--MOLLI PACKAGE EXPERIMENTAL XML FORMAT-->
<molecule name="nuc40">
	<atoms>
		<a id="1" s="C" t="C.3" l="C"/>
		<a id="2" s="O" t="O.3" l="O"/>
		<a id="3" s="C" t="C.ar" l="C"/>
		<a id="4" s="C" t="C.ar" l="C"/>
		<a id="5" s="C" t="C.ar" l="C"/>
		<a id="6" s="N" t="N.pl3" l="N"/>
		<a id="7" s="N" t="N.ar" l="N"/>
		<a id="8" s="N" t="N.ar" l="N"/>
		<a id="9" s="C" t="C.2" l="C"/>
		<a id="10" s="O" t="O.2" l="O"/>
		<a id="11" s="O" t="O.3" l="O"/>
		<a id="12" s="C" t="C.3" l="C"/>
		<a id="13" s="C" t="C.3" l="C"/>
		<a id="14" s="C" t="C.3" l="C"/>
		<a id="15" s="C" t="C.3" l="C"/>
		<a id="16" s="H" t="H" l="H"/>
		<a id="17" s="H" t="H" l="H"/>
		<a id="18" s="H" t="H" l="H"/>
		<a id="19" s="H" t="H" l="H"/>
		<a id="20" s="H" t="H" l="H"/>
		<a id="21" s="H" t="H" l="H"/>
		<a id="22" s="H" t="H" l="H"/>
		<a id="23" s="H" t="H" l="H"/>
		<a id="24" s="H" t="H" l="H"/>
		<a id="25" s="H" t="H" l="H"/>
		<a id="26" s="H" t="H" l="H"/>
		<a id="27" s="H" t="H" l="H"/>
		<a id="28" s="H" t="H" l="H"/>
		<a id="29" s="H" t="H" l="H"/>
		<a id="30" s="H" t="H" l="H"/>
	</atoms>
	<bonds>
		<b id="1" c="1 2" t="1"/>
		<b id="2" c="2 3" t="1"/>
		<b id="3" c="3 4" t="ar"/>
		<b id="4" c="4 5" t="ar"/>
		<b id="5" c="5 6" t="1"/>
		<b id="6" c="5 7" t="ar"/>
		<b id="7" c="7 8" t="ar"/>
		<b id="8" c="3 8" t="ar"/>
		<b id="9" c="8 9" t="am"/>
		<b id="10" c="9 10" t="2"/>
		<b id="11" c="9 11" t="1"/>
		<b id="12" c="11 12" t="1"/>
		<b id="13" c="12 13" t="1"/>
		<b id="14" c="12 14" t="1"/>
		<b id="15" c="12 15" t="1"/>
		<b id="16" c="1 16" t="1"/>
		<b id="17" c="1 17" t="1"/>
		<b id="18" c="1 18" t="1"/>
		<b id="19" c="4 19" t="1"/>
		<b id="20" c="6 20" t="1"/>
		<b id="21" c="6 21" t="1"/>
		<b id="22" c="13 22" t="1"/>
		<b id="23" c="13 23" t="1"/>
		<b id="24" c="13 24" t="1"/>
		<b id="25" c="14 25" t="1"/>
		<b id="26" c="14 26" t="1"/>
		<b id="27" c="14 27" t="1"/>
		<b id="28" c="15 28" t="1"/>
		<b id="29" c="15 29" t="1"/>
		<b id="30" c="15 30" t="1"/>
	</bonds>
	<geometry>
		<g u="A" t="cart/3d">#30,3:5.5600,0.0859,-4.6453;5.3934,-0.5825,-3.4141;4.3967,-0.1341,-2.6443;3.4713,0.8613,-2.8037;2.6897,0.8166,-1.6140;1.6845,1.6812,-1.2730;3.0974,-0.1335,-0.8046;4.1581,-0.7271,-1.4250;4.8676,-1.7768,-0.8426;5.8158,-2.2900,-1.3732;4.3273,-2.0770,0.3259;4.8907,-3.1281,1.1491;6.3249,-2.7756,1.5415;3.9844,-3.1512,2.3796;4.8338,-4.4661,0.4127;6.4047,-0.3956,-5.1333;5.7776,1.1472,-4.4917;4.6673,-0.0123,-5.2709;3.3510,1.5372,-3.6239;1.1572,2.0641,-2.0409;1.1319,1.3694,-0.4901;6.3498,-1.7993,2.0206;6.9621,-2.7518,0.6616;6.7086,-3.5191,2.2347;4.0006,-2.1812,2.8684;4.3217,-3.9107,3.0785;2.9622,-3.3668,2.0818;5.4781,-4.4442,-0.4619;3.8145,-4.6724,0.0937;5.1640,-5.2620,1.0746;</g>
	</geometry>
	<conformers/>
	<properties/>
</molecule>
