<?xml version="1.0" ?>
<!--MOLLI PACKAGE EXPERIMENTAL XML FORMAT-->
<molecule name="nuc52">
	<atoms>
		<a id="1" s="C" t="C.3" l="CB"/>
		<a id="2" s="C" t="C.3" l="CA"/>
		<a id="3" s="N" t="N.3" l="N"/>
		<a id="4" s="C" t="C.3" l="C"/>
		<a id="5" s="O" t="O.3" l="O"/>
		<a id="6" s="H" t="H" l="HB1"/>
		<a id="7" s="H" t="H" l="HB2"/>
		<a id="8" s="H" t="H" l="HB3"/>
		<a id="9" s="H" t="H" l="HA"/>
		<a id="10" s="H" t="H" l="H1"/>
		<a id="11" s="H" t="H" l="H2"/>
		<a id="12" s="H" t="H" l="H1"/>
		<a id="13" s="H" t="H" l="H2"/>
		<a id="14" s="H" t="H" l="H"/>
	</atoms>
	<bonds>
		<b id="1" c="2 4" t="1"/>
		<b id="2" c="4 5" t="1"/>
		<b id="3" c="2 3" t="1"/>
		<b id="4" c="2 1" t="1"/>
		<b id="5" c="1 6" t="1"/>
		<b id="6" c="1 7" t="1"/>
		<b id="7" c="1 8" t="1"/>
		<b id="8" c="2 9" t="1"/>
		<b id="9" c="3 10" t="1"/>
		<b id="10" c="3 11" t="1"/>
		<b id="11" c="4 12" t="1"/>
		<b id="12" c="4 13" t="1"/>
		<b id="13" c="5 14" t="1"/>
	</bonds>
	<geometry>
		<g u="A" t="cart/3d">#14,3:3.0730,-0.0881,1.4024;2.5640,0.0366,-0.0339;1.1117,0.0844,-0.0119;3.1086,-1.1057,-0.9230;2.6346,-2.3729,-0.5325;4.1601,-0.1056,1.4246;2.6894,-0.9929,1.8711;2.7207,0.7596,1.9821;2.9222,0.9830,-0.4559;0.7538,-0.8281,0.2578;0.7521,0.2835,-0.9392;4.2076,-1.0823,-0.9278;2.7568,-0.9700,-1.9496;2.9596,-2.5578,0.3556;</g>
	</geometry>
	<conformers/>
	<properties/>
</molecule>
