<?xml version="1.0" ?>
<!--MOLLI PACKAGE EXPERIMENTAL XML FORMAT-->
<molecule name="nuc57">
	<atoms>
		<a id="1" s="N" t="N.1" l="N"/>
		<a id="2" s="C" t="C.1" l="C"/>
		<a id="3" s="C" t="C.ar" l="C"/>
		<a id="4" s="C" t="C.ar" l="C"/>
		<a id="5" s="N" t="N.ar" l="N"/>
		<a id="6" s="C" t="C.ar" l="C"/>
		<a id="7" s="N" t="N.pl3" l="N"/>
		<a id="8" s="S" t="S.2" l="S"/>
		<a id="9" s="H" t="H" l="H"/>
		<a id="10" s="H" t="H" l="H"/>
		<a id="11" s="H" t="H" l="H"/>
	</atoms>
	<bonds>
		<b id="1" c="1 2" t="3"/>
		<b id="2" c="2 3" t="1"/>
		<b id="3" c="3 4" t="ar"/>
		<b id="4" c="4 5" t="ar"/>
		<b id="5" c="5 6" t="ar"/>
		<b id="6" c="6 7" t="1"/>
		<b id="7" c="6 8" t="ar"/>
		<b id="8" c="3 8" t="ar"/>
		<b id="9" c="4 9" t="1"/>
		<b id="10" c="7 10" t="1"/>
		<b id="11" c="7 11" t="1"/>
	</bonds>
	<geometry>
		<g u="A" t="cart/3d">#11,3:1.0050,0.4037,-0.0246;2.1427,0.2480,-0.0382;3.5233,0.0654,-0.0523;4.5044,1.0207,-0.0485;5.7711,0.5680,-0.0588;5.8215,-0.7244,-0.0748;6.9582,-1.4414,-0.1431;4.2497,-1.5290,-0.0737;4.3256,2.0806,-0.0343;7.8215,-0.9470,0.0072;6.9336,-2.4266,0.0519;</g>
	</geometry>
	<conformers/>
	<properties/>
</molecule>
