<?xml version="1.0" ?>
<!--MOLLI PACKAGE EXPERIMENTAL XML FORMAT-->
<molecule name="nuc61">
	<atoms>
		<a id="1" s="N" t="N.pl3" l="N"/>
		<a id="2" s="C" t="C.ar" l="C"/>
		<a id="3" s="N" t="N.ar" l="N"/>
		<a id="4" s="C" t="C.ar" l="C"/>
		<a id="5" s="C" t="C.3" l="C"/>
		<a id="6" s="F" t="F" l="F"/>
		<a id="7" s="F" t="F" l="F"/>
		<a id="8" s="F" t="F" l="F"/>
		<a id="9" s="C" t="C.ar" l="C"/>
		<a id="10" s="S" t="S.2" l="S"/>
		<a id="11" s="H" t="H" l="H"/>
		<a id="12" s="H" t="H" l="H"/>
		<a id="13" s="H" t="H" l="H"/>
	</atoms>
	<bonds>
		<b id="1" c="1 2" t="1"/>
		<b id="2" c="2 3" t="ar"/>
		<b id="3" c="3 4" t="ar"/>
		<b id="4" c="4 5" t="1"/>
		<b id="5" c="5 6" t="1"/>
		<b id="6" c="5 7" t="1"/>
		<b id="7" c="5 8" t="1"/>
		<b id="8" c="4 9" t="ar"/>
		<b id="9" c="9 10" t="ar"/>
		<b id="10" c="2 10" t="ar"/>
		<b id="11" c="1 11" t="1"/>
		<b id="12" c="1 12" t="1"/>
		<b id="13" c="9 13" t="1"/>
	</bonds>
	<geometry>
		<g u="A" t="cart/3d">#13,3:2.1229,0.0389,-0.1107;0.7987,-0.1831,-0.0321;0.2494,-1.3486,-0.0281;-1.1060,-1.2551,-0.0097;-1.9357,-2.4985,0.0005;-1.2138,-3.6162,-0.0365;-2.7144,-2.5731,1.0991;-2.7835,-2.5451,-1.0464;-1.6250,0.0001,0.0070;-0.3527,1.1624,-0.0050;2.7228,-0.7578,0.0247;2.4814,0.9496,0.1156;-2.6522,0.2996,0.0245;</g>
	</geometry>
	<conformers/>
	<properties/>
</molecule>
