<?xml version="1.0" ?>
<!--MOLLI PACKAGE EXPERIMENTAL XML FORMAT-->
<molecule name="nuc63">
	<atoms>
		<a id="1" s="N" t="N.pl3" l="N"/>
		<a id="2" s="C" t="C.ar" l="C"/>
		<a id="3" s="C" t="C.ar" l="C"/>
		<a id="4" s="N" t="N.ar" l="N"/>
		<a id="5" s="C" t="C.ar" l="C"/>
		<a id="6" s="C" t="C.3" l="C"/>
		<a id="7" s="F" t="F" l="F"/>
		<a id="8" s="F" t="F" l="F"/>
		<a id="9" s="F" t="F" l="F"/>
		<a id="10" s="C" t="C.ar" l="C"/>
		<a id="11" s="N" t="N.ar" l="N"/>
		<a id="12" s="H" t="H" l="H"/>
		<a id="13" s="H" t="H" l="H"/>
		<a id="14" s="H" t="H" l="H"/>
		<a id="15" s="H" t="H" l="H"/>
	</atoms>
	<bonds>
		<b id="1" c="1 2" t="1"/>
		<b id="2" c="2 3" t="ar"/>
		<b id="3" c="3 4" t="ar"/>
		<b id="4" c="4 5" t="ar"/>
		<b id="5" c="5 6" t="1"/>
		<b id="6" c="6 7" t="1"/>
		<b id="7" c="6 8" t="1"/>
		<b id="8" c="6 9" t="1"/>
		<b id="9" c="5 10" t="ar"/>
		<b id="10" c="10 11" t="ar"/>
		<b id="11" c="2 11" t="ar"/>
		<b id="12" c="1 12" t="1"/>
		<b id="13" c="1 13" t="1"/>
		<b id="14" c="3 14" t="1"/>
		<b id="15" c="10 15" t="1"/>
	</bonds>
	<geometry>
		<g u="A" t="cart/3d">#15,3:-2.2649,-0.1913,0.0283;-0.9261,-0.0693,0.0108;-0.0604,-1.1883,-0.0157;1.2393,-1.0454,-0.0250;1.7253,0.1963,-0.0061;3.2191,0.3552,-0.0269;3.8810,-0.7885,0.1384;3.6492,0.8903,-1.1885;3.6437,1.1964,0.9374;0.8874,1.3038,0.0173;-0.4259,1.1711,0.0253;-2.7060,-1.0913,-0.0064;-2.8213,0.6450,0.0260;-0.4382,-2.2006,-0.0306;1.2712,2.3141,0.0318;</g>
	</geometry>
	<conformers/>
	<properties/>
</molecule>
