<?xml version="1.0" ?>
<!--MOLLI PACKAGE EXPERIMENTAL XML FORMAT-->
<molecule name="nuc64">
	<atoms>
		<a id="1" s="N" t="N.pl3" l="N"/>
		<a id="2" s="C" t="C.ar" l="C"/>
		<a id="3" s="C" t="C.ar" l="C"/>
		<a id="4" s="C" t="C.ar" l="C"/>
		<a id="5" s="C" t="C.ar" l="C"/>
		<a id="6" s="C" t="C.3" l="C"/>
		<a id="7" s="F" t="F" l="F"/>
		<a id="8" s="F" t="F" l="F"/>
		<a id="9" s="F" t="F" l="F"/>
		<a id="10" s="C" t="C.ar" l="C"/>
		<a id="11" s="N" t="N.ar" l="N"/>
		<a id="12" s="H" t="H" l="H"/>
		<a id="13" s="H" t="H" l="H"/>
		<a id="14" s="H" t="H" l="H"/>
		<a id="15" s="H" t="H" l="H"/>
		<a id="16" s="H" t="H" l="H"/>
	</atoms>
	<bonds>
		<b id="1" c="1 2" t="1"/>
		<b id="2" c="2 3" t="ar"/>
		<b id="3" c="3 4" t="ar"/>
		<b id="4" c="4 5" t="ar"/>
		<b id="5" c="5 6" t="1"/>
		<b id="6" c="6 7" t="1"/>
		<b id="7" c="6 8" t="1"/>
		<b id="8" c="6 9" t="1"/>
		<b id="9" c="5 10" t="ar"/>
		<b id="10" c="10 11" t="ar"/>
		<b id="11" c="2 11" t="ar"/>
		<b id="12" c="1 12" t="1"/>
		<b id="13" c="1 13" t="1"/>
		<b id="14" c="3 14" t="1"/>
		<b id="15" c="4 15" t="1"/>
		<b id="16" c="10 16" t="1"/>
	</bonds>
	<geometry>
		<g u="A" t="cart/3d">#16,3:2.2545,-0.0489,0.1012;0.9055,-0.0580,0.0281;0.1745,-1.2607,0.0118;-1.1968,-1.1973,-0.0256;-1.8106,0.0570,-0.0451;-3.2963,0.2078,-0.0929;-3.9512,-0.9608,-0.0204;-3.7695,0.9692,0.9132;-3.7165,0.8037,-1.2280;-1.0038,1.1889,-0.0305;0.3099,1.1374,0.0034;2.7806,-0.8949,-0.0142;2.7200,0.8371,0.0158;0.6899,-2.2079,0.0287;-1.7954,-2.0956,-0.0395;-1.4374,2.1799,-0.0483;</g>
	</geometry>
	<conformers/>
	<properties/>
</molecule>
