<?xml version="1.0" ?>
<!--MOLLI PACKAGE EXPERIMENTAL XML FORMAT-->
<molecule name="nuc65">
	<atoms>
		<a id="1" s="C" t="C.3" l="C"/>
		<a id="2" s="Si" t="Si" l="SI"/>
		<a id="3" s="C" t="C.3" l="C"/>
		<a id="4" s="C" t="C.3" l="C"/>
		<a id="5" s="C" t="C.3" l="C"/>
		<a id="6" s="C" t="C.3" l="C"/>
		<a id="7" s="O" t="O.3" l="O"/>
		<a id="8" s="C" t="C.2" l="C"/>
		<a id="9" s="N" t="N.am" l="N"/>
		<a id="10" s="O" t="O.2" l="O"/>
		<a id="11" s="H" t="H" l="H"/>
		<a id="12" s="H" t="H" l="H"/>
		<a id="13" s="H" t="H" l="H"/>
		<a id="14" s="H" t="H" l="H"/>
		<a id="15" s="H" t="H" l="H"/>
		<a id="16" s="H" t="H" l="H"/>
		<a id="17" s="H" t="H" l="H"/>
		<a id="18" s="H" t="H" l="H"/>
		<a id="19" s="H" t="H" l="H"/>
		<a id="20" s="H" t="H" l="H"/>
		<a id="21" s="H" t="H" l="H"/>
		<a id="22" s="H" t="H" l="H"/>
		<a id="23" s="H" t="H" l="H"/>
		<a id="24" s="H" t="H" l="H"/>
		<a id="25" s="H" t="H" l="H"/>
	</atoms>
	<bonds>
		<b id="1" c="1 2" t="1"/>
		<b id="2" c="2 3" t="1"/>
		<b id="3" c="2 4" t="1"/>
		<b id="4" c="2 5" t="1"/>
		<b id="5" c="5 6" t="1"/>
		<b id="6" c="6 7" t="1"/>
		<b id="7" c="7 8" t="1"/>
		<b id="8" c="8 9" t="am"/>
		<b id="9" c="8 10" t="2"/>
		<b id="10" c="1 11" t="1"/>
		<b id="11" c="1 12" t="1"/>
		<b id="12" c="1 13" t="1"/>
		<b id="13" c="3 14" t="1"/>
		<b id="14" c="3 15" t="1"/>
		<b id="15" c="3 16" t="1"/>
		<b id="16" c="4 17" t="1"/>
		<b id="17" c="4 18" t="1"/>
		<b id="18" c="4 19" t="1"/>
		<b id="19" c="5 20" t="1"/>
		<b id="20" c="5 21" t="1"/>
		<b id="21" c="6 22" t="1"/>
		<b id="22" c="6 23" t="1"/>
		<b id="23" c="9 24" t="1"/>
		<b id="24" c="9 25" t="1"/>
	</bonds>
	<geometry>
		<g u="A" t="cart/3d">#25,3:1.0099,0.0785,-0.0032;2.9160,0.0882,0.0553;3.5415,1.8081,0.6047;3.5448,-1.2386,1.2742;3.6174,-0.3233,-1.6782;3.1655,0.6562,-2.7463;3.7229,0.3425,-4.0271;3.0796,-0.6029,-4.7380;3.7592,-0.8736,-5.8799;2.0530,-1.1416,-4.4141;0.5809,0.1420,0.9922;0.6368,-0.8308,-0.4644;0.6262,0.9161,-0.5776;3.2426,2.0255,1.6255;3.1428,2.5973,-0.0258;4.6250,1.8697,0.5626;3.1807,-1.0486,2.2787;4.6295,-1.2584,1.3181;3.2104,-2.2306,0.9870;3.2921,-1.3202,-1.9771;4.7078,-0.3382,-1.6582;3.5153,1.6671,-2.5325;2.0754,0.6496,-2.8300;4.5622,-0.3251,-6.1278;3.3437,-1.4869,-6.5567;</g>
	</geometry>
	<conformers/>
	<properties/>
</molecule>
