<?xml version="1.0" ?>
<!--MOLLI PACKAGE EXPERIMENTAL XML FORMAT-->
<molecule name="nuc7">
	<atoms>
		<a id="1" s="C" t="C.3" l="C"/>
		<a id="2" s="C" t="C.3" l="C"/>
		<a id="3" s="C" t="C.3" l="C"/>
		<a id="4" s="C" t="C.3" l="C"/>
		<a id="5" s="C" t="C.ar" l="C"/>
		<a id="6" s="C" t="C.ar" l="C"/>
		<a id="7" s="C" t="C.ar" l="C"/>
		<a id="8" s="C" t="C.ar" l="C"/>
		<a id="9" s="C" t="C.ar" l="C"/>
		<a id="10" s="C" t="C.ar" l="C"/>
		<a id="11" s="C" t="C.ar" l="C"/>
		<a id="12" s="C" t="C.ar" l="C"/>
		<a id="13" s="C" t="C.ar" l="C"/>
		<a id="14" s="N" t="N.pl3" l="N"/>
		<a id="15" s="C" t="C.3" l="C"/>
		<a id="16" s="C" t="C.ar" l="C"/>
		<a id="17" s="C" t="C.ar" l="C"/>
		<a id="18" s="C" t="C.ar" l="C"/>
		<a id="19" s="C" t="C.ar" l="C"/>
		<a id="20" s="C" t="C.ar" l="C"/>
		<a id="21" s="C" t="C.ar" l="C"/>
		<a id="22" s="C" t="C.3" l="C"/>
		<a id="23" s="N" t="N.3" l="N"/>
		<a id="24" s="C" t="C.ar" l="C"/>
		<a id="25" s="C" t="C.ar" l="C"/>
		<a id="26" s="C" t="C.ar" l="C"/>
		<a id="27" s="C" t="C.ar" l="C"/>
		<a id="28" s="C" t="C.ar" l="C"/>
		<a id="29" s="C" t="C.ar" l="C"/>
		<a id="30" s="C" t="C.ar" l="C"/>
		<a id="31" s="C" t="C.ar" l="C"/>
		<a id="32" s="C" t="C.3" l="C"/>
		<a id="33" s="C" t="C.3" l="C"/>
		<a id="34" s="C" t="C.3" l="C"/>
		<a id="35" s="C" t="C.3" l="C"/>
		<a id="36" s="C" t="C.ar" l="C"/>
		<a id="37" s="H" t="H" l="H"/>
		<a id="38" s="H" t="H" l="H"/>
		<a id="39" s="H" t="H" l="H"/>
		<a id="40" s="H" t="H" l="H"/>
		<a id="41" s="H" t="H" l="H"/>
		<a id="42" s="H" t="H" l="H"/>
		<a id="43" s="H" t="H" l="H"/>
		<a id="44" s="H" t="H" l="H"/>
		<a id="45" s="H" t="H" l="H"/>
		<a id="46" s="H" t="H" l="H"/>
		<a id="47" s="H" t="H" l="H"/>
		<a id="48" s="H" t="H" l="H"/>
		<a id="49" s="H" t="H" l="H"/>
		<a id="50" s="H" t="H" l="H"/>
		<a id="51" s="H" t="H" l="H"/>
		<a id="52" s="H" t="H" l="H"/>
		<a id="53" s="H" t="H" l="H"/>
		<a id="54" s="H" t="H" l="H"/>
		<a id="55" s="H" t="H" l="H"/>
		<a id="56" s="H" t="H" l="H"/>
		<a id="57" s="H" t="H" l="H"/>
		<a id="58" s="H" t="H" l="H"/>
		<a id="59" s="H" t="H" l="H"/>
		<a id="60" s="H" t="H" l="H"/>
		<a id="61" s="H" t="H" l="H"/>
		<a id="62" s="H" t="H" l="H"/>
		<a id="63" s="H" t="H" l="H"/>
		<a id="64" s="H" t="H" l="H"/>
		<a id="65" s="H" t="H" l="H"/>
		<a id="66" s="H" t="H" l="H"/>
		<a id="67" s="H" t="H" l="H"/>
		<a id="68" s="H" t="H" l="H"/>
		<a id="69" s="H" t="H" l="H"/>
		<a id="70" s="H" t="H" l="H"/>
		<a id="71" s="H" t="H" l="H"/>
		<a id="72" s="H" t="H" l="H"/>
		<a id="73" s="H" t="H" l="H"/>
		<a id="74" s="H" t="H" l="H"/>
		<a id="75" s="H" t="H" l="H"/>
		<a id="76" s="H" t="H" l="H"/>
	</atoms>
	<bonds>
		<b id="1" c="1 2" t="1"/>
		<b id="2" c="2 3" t="1"/>
		<b id="3" c="2 4" t="1"/>
		<b id="4" c="2 5" t="1"/>
		<b id="5" c="5 6" t="ar"/>
		<b id="6" c="6 7" t="ar"/>
		<b id="7" c="7 8" t="1"/>
		<b id="8" c="8 9" t="ar"/>
		<b id="9" c="9 10" t="ar"/>
		<b id="10" c="10 11" t="ar"/>
		<b id="11" c="11 12" t="ar"/>
		<b id="12" c="12 13" t="ar"/>
		<b id="13" c="8 13" t="ar"/>
		<b id="14" c="13 14" t="1"/>
		<b id="15" c="14 15" t="1"/>
		<b id="16" c="15 16" t="1"/>
		<b id="17" c="16 17" t="ar"/>
		<b id="18" c="17 18" t="ar"/>
		<b id="19" c="18 19" t="ar"/>
		<b id="20" c="19 20" t="ar"/>
		<b id="21" c="20 21" t="ar"/>
		<b id="22" c="16 21" t="ar"/>
		<b id="23" c="15 22" t="1"/>
		<b id="24" c="22 23" t="1"/>
		<b id="25" c="22 24" t="1"/>
		<b id="26" c="24 25" t="ar"/>
		<b id="27" c="25 26" t="ar"/>
		<b id="28" c="26 27" t="ar"/>
		<b id="29" c="27 28" t="ar"/>
		<b id="30" c="28 29" t="ar"/>
		<b id="31" c="24 29" t="ar"/>
		<b id="32" c="7 30" t="ar"/>
		<b id="33" c="30 31" t="ar"/>
		<b id="34" c="31 32" t="1"/>
		<b id="35" c="32 33" t="1"/>
		<b id="36" c="32 34" t="1"/>
		<b id="37" c="32 35" t="1"/>
		<b id="38" c="31 36" t="ar"/>
		<b id="39" c="5 36" t="ar"/>
		<b id="40" c="1 37" t="1"/>
		<b id="41" c="1 38" t="1"/>
		<b id="42" c="1 39" t="1"/>
		<b id="43" c="3 40" t="1"/>
		<b id="44" c="3 41" t="1"/>
		<b id="45" c="3 42" t="1"/>
		<b id="46" c="4 43" t="1"/>
		<b id="47" c="4 44" t="1"/>
		<b id="48" c="4 45" t="1"/>
		<b id="49" c="6 46" t="1"/>
		<b id="50" c="9 47" t="1"/>
		<b id="51" c="10 48" t="1"/>
		<b id="52" c="11 49" t="1"/>
		<b id="53" c="12 50" t="1"/>
		<b id="54" c="14 51" t="1"/>
		<b id="55" c="15 52" t="1"/>
		<b id="56" c="17 53" t="1"/>
		<b id="57" c="18 54" t="1"/>
		<b id="58" c="19 55" t="1"/>
		<b id="59" c="20 56" t="1"/>
		<b id="60" c="21 57" t="1"/>
		<b id="61" c="22 58" t="1"/>
		<b id="62" c="23 59" t="1"/>
		<b id="63" c="23 60" t="1"/>
		<b id="64" c="25 61" t="1"/>
		<b id="65" c="26 62" t="1"/>
		<b id="66" c="27 63" t="1"/>
		<b id="67" c="28 64" t="1"/>
		<b id="68" c="29 65" t="1"/>
		<b id="69" c="30 66" t="1"/>
		<b id="70" c="33 67" t="1"/>
		<b id="71" c="33 68" t="1"/>
		<b id="72" c="33 69" t="1"/>
		<b id="73" c="34 70" t="1"/>
		<b id="74" c="34 71" t="1"/>
		<b id="75" c="34 72" t="1"/>
		<b id="76" c="35 73" t="1"/>
		<b id="77" c="35 74" t="1"/>
		<b id="78" c="35 75" t="1"/>
		<b id="79" c="36 76" t="1"/>
	</bonds>
	<geometry>
		<g u="A" t="cart/3d">#76,3:2.4753,0.5727,1.7108;3.4930,0.3150,0.5966;4.8678,0.0916,1.2425;3.0642,-0.9521,-0.1564;3.5922,1.4767,-0.3812;2.8775,2.6548,-0.2231;3.0019,3.6881,-1.1426;2.2916,4.9630,-0.9465;2.4330,5.6190,0.2709;1.9171,6.8836,0.4815;1.2594,7.5266,-0.5539;1.0732,6.8781,-1.7566;1.5514,5.5814,-1.9688;1.2870,4.9708,-3.1810;0.9714,3.5667,-3.3332;0.1962,2.9689,-2.1838;-0.7274,3.7054,-1.4530;-1.4457,3.1137,-0.4277;-1.2676,1.7740,-0.1353;-0.3644,1.0266,-0.8738;0.3656,1.6216,-1.8847;0.1491,3.3742,-4.6541;-1.1557,4.0012,-4.6431;1.0041,3.8396,-5.8099;2.0598,3.0323,-6.2202;2.9076,3.4327,-7.2349;2.7103,4.6530,-7.8598;1.6538,5.4559,-7.4706;0.8053,5.0527,-6.4526;3.8629,3.5514,-2.2268;4.5980,2.3900,-2.4078;5.5622,2.2013,-3.5705;6.9761,1.9809,-3.0141;5.1352,0.9780,-4.3934;5.6001,3.4139,-4.5049;4.4429,1.3699,-1.4759;2.4228,-0.2963,2.3642;1.4840,0.7501,1.2996;2.7666,1.4285,2.3151;4.8185,-0.7253,1.9598;5.1884,0.9910,1.7639;5.6196,-0.1542,0.4974;2.9539,-1.7822,0.5386;3.7953,-1.2368,-0.9080;2.1111,-0.7874,-0.6531;2.1970,2.7906,0.6016;2.9925,5.1292,1.0552;2.0441,7.3724,1.4354;0.8756,8.5274,-0.4188;0.5386,7.3745,-2.5574;0.7808,5.5717,-3.8177;1.9032,2.9973,-3.4507;-0.8831,4.7533,-1.6641;-2.1495,3.7039,0.1410;-1.8290,1.3128,0.6639;-0.2312,-0.0236,-0.6570;1.0838,1.0423,-2.4478;-0.0192,2.2966,-4.7657;-1.1010,4.9667,-4.3366;-1.7702,3.5159,-3.9998;2.2104,2.0747,-5.7395;3.7226,2.7922,-7.5406;3.3726,4.9699,-8.6517;1.4844,6.4029,-7.9630;-0.0310,5.6791,-6.1821;3.9479,4.3805,-2.9102;7.0250,1.0878,-2.3969;7.2766,2.8316,-2.4060;7.6880,1.8703,-3.8298;5.1398,0.0720,-3.7936;5.8145,0.8338,-5.2311;4.1315,1.1218,-4.7867;5.9367,4.3025,-3.9763;4.6222,3.6087,-4.9400;6.2983,3.2234,-5.3178;5.0103,0.4612,-1.6040;</g>
	</geometry>
	<conformers/>
	<properties/>
</molecule>
