<?xml version="1.0" ?>
<!--MOLLI PACKAGE EXPERIMENTAL XML FORMAT-->
<molecule name="nuc74">
	<atoms>
		<a id="1" s="C" t="C.3" l="C"/>
		<a id="2" s="C" t="C.3" l="C"/>
		<a id="3" s="C" t="C.3" l="C"/>
		<a id="4" s="C" t="C.2" l="C"/>
		<a id="5" s="N" t="N.am" l="N"/>
		<a id="6" s="O" t="O.2" l="O"/>
		<a id="7" s="H" t="H" l="H"/>
		<a id="8" s="H" t="H" l="H"/>
		<a id="9" s="H" t="H" l="H"/>
		<a id="10" s="H" t="H" l="H"/>
		<a id="11" s="H" t="H" l="H"/>
		<a id="12" s="H" t="H" l="H"/>
		<a id="13" s="H" t="H" l="H"/>
		<a id="14" s="H" t="H" l="H"/>
		<a id="15" s="H" t="H" l="H"/>
	</atoms>
	<bonds>
		<b id="1" c="1 2" t="1"/>
		<b id="2" c="2 3" t="1"/>
		<b id="3" c="2 4" t="1"/>
		<b id="4" c="4 5" t="am"/>
		<b id="5" c="4 6" t="2"/>
		<b id="6" c="1 7" t="1"/>
		<b id="7" c="1 8" t="1"/>
		<b id="8" c="1 9" t="1"/>
		<b id="9" c="2 10" t="1"/>
		<b id="10" c="3 11" t="1"/>
		<b id="11" c="3 12" t="1"/>
		<b id="12" c="3 13" t="1"/>
		<b id="13" c="5 14" t="1"/>
		<b id="14" c="5 15" t="1"/>
	</bonds>
	<geometry>
		<g u="A" t="cart/3d">#15,3:0.9651,-0.0551,0.0055;2.4783,0.1177,0.0815;2.8989,1.4897,-0.4530;2.9430,0.0154,1.5313;4.2090,-0.4486,1.6730;2.2701,0.3356,2.4827;0.6109,0.1182,-1.0077;0.4847,0.6511,0.6772;0.6810,-1.0595,0.3099;2.9697,-0.6646,-0.5071;2.4228,2.2740,0.1305;2.5950,1.5971,-1.4919;3.9774,1.6206,-0.3921;4.7881,-0.6801,0.8868;4.6065,-0.4989,2.5965;</g>
	</geometry>
	<conformers/>
	<properties/>
</molecule>
