<?xml version="1.0" ?>
<!--MOLLI PACKAGE EXPERIMENTAL XML FORMAT-->
<molecule name="nuc8">
	<atoms>
		<a id="1" s="C" t="C.3" l="C"/>
		<a id="2" s="C" t="C.2" l="C"/>
		<a id="3" s="N" t="N.am" l="N"/>
		<a id="4" s="O" t="O.2" l="O"/>
		<a id="5" s="H" t="H" l="H"/>
		<a id="6" s="H" t="H" l="H"/>
		<a id="7" s="H" t="H" l="H"/>
		<a id="8" s="H" t="H" l="H"/>
		<a id="9" s="H" t="H" l="H"/>
	</atoms>
	<bonds>
		<b id="1" c="1 2" t="1"/>
		<b id="2" c="2 3" t="am"/>
		<b id="3" c="2 4" t="2"/>
		<b id="4" c="1 5" t="1"/>
		<b id="5" c="1 6" t="1"/>
		<b id="6" c="1 7" t="1"/>
		<b id="7" c="3 8" t="1"/>
		<b id="8" c="3 9" t="1"/>
	</bonds>
	<geometry>
		<g u="A" t="cart/3d">#9,3:1.0302,-0.0015,0.0912;2.5430,0.0543,0.0823;3.1561,-1.1399,0.2716;3.1710,1.0747,-0.0794;0.6562,-1.0078,0.2507;0.6608,0.3799,-0.8580;0.6608,0.6548,0.8758;2.6521,-1.9968,0.4074;4.1624,-1.1670,0.2759;</g>
	</geometry>
	<conformers/>
	<properties/>
</molecule>
