<?xml version="1.0" ?>
<!--MOLLI PACKAGE EXPERIMENTAL XML FORMAT-->
<molecule name="nuc81">
	<atoms>
		<a id="1" s="C" t="C.3" l="C"/>
		<a id="2" s="O" t="O.3" l="O"/>
		<a id="3" s="C" t="C.ar" l="C"/>
		<a id="4" s="C" t="C.ar" l="C"/>
		<a id="5" s="C" t="C.ar" l="C"/>
		<a id="6" s="C" t="C.ar" l="C"/>
		<a id="7" s="C" t="C.3" l="C"/>
		<a id="8" s="N" t="N.3" l="N"/>
		<a id="9" s="C" t="C.3" l="C"/>
		<a id="10" s="C" t="C.ar" l="C"/>
		<a id="11" s="C" t="C.ar" l="C"/>
		<a id="12" s="C" t="C.ar" l="C"/>
		<a id="13" s="C" t="C.ar" l="C"/>
		<a id="14" s="O" t="O.3" l="O"/>
		<a id="15" s="C" t="C.3" l="C"/>
		<a id="16" s="C" t="C.ar" l="C"/>
		<a id="17" s="C" t="C.ar" l="C"/>
		<a id="18" s="S" t="S.O2" l="S"/>
		<a id="19" s="O" t="O.2" l="O"/>
		<a id="20" s="O" t="O.2" l="O"/>
		<a id="21" s="C" t="C.ar" l="C"/>
		<a id="22" s="C" t="C.ar" l="C"/>
		<a id="23" s="C" t="C.ar" l="C"/>
		<a id="24" s="C" t="C.ar" l="C"/>
		<a id="25" s="N" t="N.pl3" l="N"/>
		<a id="26" s="C" t="C.ar" l="C"/>
		<a id="27" s="C" t="C.ar" l="C"/>
		<a id="28" s="C" t="C.ar" l="C"/>
		<a id="29" s="C" t="C.ar" l="C"/>
		<a id="30" s="H" t="H" l="H"/>
		<a id="31" s="H" t="H" l="H"/>
		<a id="32" s="H" t="H" l="H"/>
		<a id="33" s="H" t="H" l="H"/>
		<a id="34" s="H" t="H" l="H"/>
		<a id="35" s="H" t="H" l="H"/>
		<a id="36" s="H" t="H" l="H"/>
		<a id="37" s="H" t="H" l="H"/>
		<a id="38" s="H" t="H" l="H"/>
		<a id="39" s="H" t="H" l="H"/>
		<a id="40" s="H" t="H" l="H"/>
		<a id="41" s="H" t="H" l="H"/>
		<a id="42" s="H" t="H" l="H"/>
		<a id="43" s="H" t="H" l="H"/>
		<a id="44" s="H" t="H" l="H"/>
		<a id="45" s="H" t="H" l="H"/>
		<a id="46" s="H" t="H" l="H"/>
		<a id="47" s="H" t="H" l="H"/>
		<a id="48" s="H" t="H" l="H"/>
		<a id="49" s="H" t="H" l="H"/>
		<a id="50" s="H" t="H" l="H"/>
		<a id="51" s="H" t="H" l="H"/>
		<a id="52" s="H" t="H" l="H"/>
		<a id="53" s="H" t="H" l="H"/>
	</atoms>
	<bonds>
		<b id="1" c="1 2" t="1"/>
		<b id="2" c="2 3" t="1"/>
		<b id="3" c="3 4" t="ar"/>
		<b id="4" c="4 5" t="ar"/>
		<b id="5" c="5 6" t="ar"/>
		<b id="6" c="6 7" t="1"/>
		<b id="7" c="7 8" t="1"/>
		<b id="8" c="8 9" t="1"/>
		<b id="9" c="9 10" t="1"/>
		<b id="10" c="10 11" t="ar"/>
		<b id="11" c="11 12" t="ar"/>
		<b id="12" c="12 13" t="ar"/>
		<b id="13" c="13 14" t="1"/>
		<b id="14" c="14 15" t="1"/>
		<b id="15" c="13 16" t="ar"/>
		<b id="16" c="16 17" t="ar"/>
		<b id="17" c="10 17" t="ar"/>
		<b id="18" c="8 18" t="1"/>
		<b id="19" c="18 19" t="2"/>
		<b id="20" c="18 20" t="2"/>
		<b id="21" c="18 21" t="1"/>
		<b id="22" c="21 22" t="ar"/>
		<b id="23" c="22 23" t="ar"/>
		<b id="24" c="23 24" t="ar"/>
		<b id="25" c="24 25" t="1"/>
		<b id="26" c="24 26" t="ar"/>
		<b id="27" c="26 27" t="ar"/>
		<b id="28" c="21 27" t="ar"/>
		<b id="29" c="6 28" t="ar"/>
		<b id="30" c="28 29" t="ar"/>
		<b id="31" c="3 29" t="ar"/>
		<b id="32" c="1 30" t="1"/>
		<b id="33" c="1 31" t="1"/>
		<b id="34" c="1 32" t="1"/>
		<b id="35" c="4 33" t="1"/>
		<b id="36" c="5 34" t="1"/>
		<b id="37" c="7 35" t="1"/>
		<b id="38" c="7 36" t="1"/>
		<b id="39" c="9 37" t="1"/>
		<b id="40" c="9 38" t="1"/>
		<b id="41" c="11 39" t="1"/>
		<b id="42" c="12 40" t="1"/>
		<b id="43" c="15 41" t="1"/>
		<b id="44" c="15 42" t="1"/>
		<b id="45" c="15 43" t="1"/>
		<b id="46" c="16 44" t="1"/>
		<b id="47" c="17 45" t="1"/>
		<b id="48" c="22 46" t="1"/>
		<b id="49" c="23 47" t="1"/>
		<b id="50" c="25 48" t="1"/>
		<b id="51" c="25 49" t="1"/>
		<b id="52" c="26 50" t="1"/>
		<b id="53" c="27 51" t="1"/>
		<b id="54" c="28 52" t="1"/>
		<b id="55" c="29 53" t="1"/>
	</bonds>
	<geometry>
		<g u="A" t="cart/3d">#53,3:0.4454,0.2013,-1.3062;1.7745,0.5375,-0.9940;2.6949,0.5607,-1.9986;2.4196,0.3226,-3.3414;3.4410,0.3646,-4.2754;4.7482,0.6388,-3.8997;5.8316,0.7095,-4.9409;5.5910,1.8217,-5.8383;5.8663,3.1533,-5.3234;4.9054,4.1437,-5.9194;3.5401,3.9201,-5.8322;2.6299,4.8010,-6.3951;3.0854,5.9365,-7.0543;2.2895,6.8755,-7.6441;0.8978,6.6778,-7.6398;4.4589,6.1704,-7.1338;5.3533,5.2833,-6.5766;6.0725,1.5274,-7.4207;6.1263,2.7834,-8.1062;7.2448,0.6919,-7.4493;4.6822,0.5756,-7.9999;3.4446,1.1878,-8.0711;2.3485,0.4632,-8.4921;2.4843,-0.8821,-8.8555;1.4099,-1.5817,-9.3442;3.7454,-1.4823,-8.7748;4.8371,-0.7539,-8.3476;5.0133,0.8872,-2.5584;4.0055,0.8469,-1.6169;-0.0896,0.2068,-0.3575;0.3789,-0.7953,-1.7529;-0.0093,0.9360,-1.9800;1.4162,0.1051,-3.6720;3.2192,0.1842,-5.3182;5.8205,-0.1890,-5.5628;6.8208,0.7838,-4.4693;6.8979,3.4499,-5.5475;5.7355,3.1177,-4.2377;3.1833,3.0393,-5.3164;1.5743,4.5900,-6.3125;0.4778,7.5280,-8.1753;0.4948,6.6589,-6.6211;0.6202,5.7533,-8.1574;4.7976,7.0544,-7.6504;6.4127,5.4673,-6.6636;3.3640,2.2272,-7.7949;1.3762,0.9293,-8.5517;0.4941,-1.2096,-9.1647;1.4832,-2.5847,-9.3751;3.8576,-2.5195,-9.0550;5.8193,-1.1946,-8.2834;6.0234,1.1090,-2.2433;4.2082,1.0366,-0.5745;</g>
	</geometry>
	<conformers/>
	<properties/>
</molecule>
