<?xml version="1.0" ?>
<!--MOLLI PACKAGE EXPERIMENTAL XML FORMAT-->
<molecule name="nuc82">
	<atoms>
		<a id="1" s="C" t="C.3" l="C"/>
		<a id="2" s="O" t="O.3" l="O"/>
		<a id="3" s="C" t="C.ar" l="C"/>
		<a id="4" s="C" t="C.ar" l="C"/>
		<a id="5" s="C" t="C.ar" l="C"/>
		<a id="6" s="C" t="C.ar" l="C"/>
		<a id="7" s="C" t="C.3" l="C"/>
		<a id="8" s="N" t="N.3" l="N"/>
		<a id="9" s="C" t="C.3" l="C"/>
		<a id="10" s="C" t="C.ar" l="C"/>
		<a id="11" s="C" t="C.ar" l="C"/>
		<a id="12" s="C" t="C.ar" l="C"/>
		<a id="13" s="C" t="C.ar" l="C"/>
		<a id="14" s="O" t="O.3" l="O"/>
		<a id="15" s="C" t="C.3" l="C"/>
		<a id="16" s="C" t="C.ar" l="C"/>
		<a id="17" s="C" t="C.ar" l="C"/>
		<a id="18" s="S" t="S.O2" l="S"/>
		<a id="19" s="O" t="O.2" l="O"/>
		<a id="20" s="O" t="O.2" l="O"/>
		<a id="21" s="C" t="C.ar" l="C"/>
		<a id="22" s="C" t="C.ar" l="C"/>
		<a id="23" s="C" t="C.ar" l="C"/>
		<a id="24" s="C" t="C.ar" l="C"/>
		<a id="25" s="C" t="C.ar" l="C"/>
		<a id="26" s="N" t="N.pl3" l="N"/>
		<a id="27" s="C" t="C.ar" l="C"/>
		<a id="28" s="C" t="C.ar" l="C"/>
		<a id="29" s="C" t="C.ar" l="C"/>
		<a id="30" s="H" t="H" l="H"/>
		<a id="31" s="H" t="H" l="H"/>
		<a id="32" s="H" t="H" l="H"/>
		<a id="33" s="H" t="H" l="H"/>
		<a id="34" s="H" t="H" l="H"/>
		<a id="35" s="H" t="H" l="H"/>
		<a id="36" s="H" t="H" l="H"/>
		<a id="37" s="H" t="H" l="H"/>
		<a id="38" s="H" t="H" l="H"/>
		<a id="39" s="H" t="H" l="H"/>
		<a id="40" s="H" t="H" l="H"/>
		<a id="41" s="H" t="H" l="H"/>
		<a id="42" s="H" t="H" l="H"/>
		<a id="43" s="H" t="H" l="H"/>
		<a id="44" s="H" t="H" l="H"/>
		<a id="45" s="H" t="H" l="H"/>
		<a id="46" s="H" t="H" l="H"/>
		<a id="47" s="H" t="H" l="H"/>
		<a id="48" s="H" t="H" l="H"/>
		<a id="49" s="H" t="H" l="H"/>
		<a id="50" s="H" t="H" l="H"/>
		<a id="51" s="H" t="H" l="H"/>
		<a id="52" s="H" t="H" l="H"/>
		<a id="53" s="H" t="H" l="H"/>
	</atoms>
	<bonds>
		<b id="1" c="1 2" t="1"/>
		<b id="2" c="2 3" t="1"/>
		<b id="3" c="3 4" t="ar"/>
		<b id="4" c="4 5" t="ar"/>
		<b id="5" c="5 6" t="ar"/>
		<b id="6" c="6 7" t="1"/>
		<b id="7" c="7 8" t="1"/>
		<b id="8" c="8 9" t="1"/>
		<b id="9" c="9 10" t="1"/>
		<b id="10" c="10 11" t="ar"/>
		<b id="11" c="11 12" t="ar"/>
		<b id="12" c="12 13" t="ar"/>
		<b id="13" c="13 14" t="1"/>
		<b id="14" c="14 15" t="1"/>
		<b id="15" c="13 16" t="ar"/>
		<b id="16" c="16 17" t="ar"/>
		<b id="17" c="10 17" t="ar"/>
		<b id="18" c="8 18" t="1"/>
		<b id="19" c="18 19" t="2"/>
		<b id="20" c="18 20" t="2"/>
		<b id="21" c="18 21" t="1"/>
		<b id="22" c="21 22" t="ar"/>
		<b id="23" c="22 23" t="ar"/>
		<b id="24" c="23 24" t="ar"/>
		<b id="25" c="24 25" t="ar"/>
		<b id="26" c="25 26" t="1"/>
		<b id="27" c="25 27" t="ar"/>
		<b id="28" c="21 27" t="ar"/>
		<b id="29" c="6 28" t="ar"/>
		<b id="30" c="28 29" t="ar"/>
		<b id="31" c="3 29" t="ar"/>
		<b id="32" c="1 30" t="1"/>
		<b id="33" c="1 31" t="1"/>
		<b id="34" c="1 32" t="1"/>
		<b id="35" c="4 33" t="1"/>
		<b id="36" c="5 34" t="1"/>
		<b id="37" c="7 35" t="1"/>
		<b id="38" c="7 36" t="1"/>
		<b id="39" c="9 37" t="1"/>
		<b id="40" c="9 38" t="1"/>
		<b id="41" c="11 39" t="1"/>
		<b id="42" c="12 40" t="1"/>
		<b id="43" c="15 41" t="1"/>
		<b id="44" c="15 42" t="1"/>
		<b id="45" c="15 43" t="1"/>
		<b id="46" c="16 44" t="1"/>
		<b id="47" c="17 45" t="1"/>
		<b id="48" c="22 46" t="1"/>
		<b id="49" c="23 47" t="1"/>
		<b id="50" c="24 48" t="1"/>
		<b id="51" c="26 49" t="1"/>
		<b id="52" c="26 50" t="1"/>
		<b id="53" c="27 51" t="1"/>
		<b id="54" c="28 52" t="1"/>
		<b id="55" c="29 53" t="1"/>
	</bonds>
	<geometry>
		<g u="A" t="cart/3d">#53,3:0.6939,-1.0857,0.9196;1.9999,-1.1022,0.3982;2.9686,-1.7658,1.0888;2.7586,-2.5081,2.2473;3.8246,-3.1356,2.8687;5.1120,-3.0381,2.3600;6.2436,-3.7596,3.0387;6.0475,-5.1928,2.9416;6.2860,-5.7979,1.6413;5.3683,-6.9706,1.4386;3.9998,-6.8120,1.5950;3.1286,-7.8749,1.4193;3.6261,-9.1253,1.0705;2.8697,-10.2410,0.8571;1.4761,-10.1544,1.0235;5.0021,-9.2878,0.9111;5.8585,-8.2247,1.0973;6.6478,-6.0296,4.2645;6.6660,-7.4249,3.9463;7.8685,-5.4294,4.7377;5.3501,-5.6967,5.4496;4.0831,-6.1821,5.1879;3.0737,-5.9095,6.0984;3.3350,-5.1709,7.2380;4.6190,-4.6836,7.4992;4.8694,-3.8949,8.5955;5.6332,-4.9592,6.5764;5.3126,-2.3048,1.1966;4.2593,-1.6738,0.5679;0.1083,-0.4805,0.2290;0.6674,-0.6283,1.9134;0.2648,-2.0912,0.9697;1.7727,-2.6045,2.6744;3.6552,-3.7146,3.7649;6.2566,-3.5265,4.1062;7.2108,-3.4595,2.6132;7.3322,-6.1150,1.5457;6.0781,-5.0344,0.8844;3.6104,-5.8383,1.8578;2.0695,-7.7147,1.5545;1.0910,-11.1471,0.7937;1.0298,-9.4266,0.3359;1.2074,-9.8928,2.0530;5.3734,-10.2649,0.6465;6.9218,-8.3696,0.9861;3.9175,-6.7625,4.2952;2.0740,-6.2782,5.9228;2.5425,-4.9663,7.9438;4.2121,-3.9416,9.3565;5.8338,-3.7888,8.8640;6.6429,-4.6120,6.7336;6.3071,-2.2180,0.7824;4.4094,-1.0998,-0.3328;</g>
	</geometry>
	<conformers/>
	<properties/>
</molecule>
