<?xml version="1.0" ?>
<!--MOLLI PACKAGE EXPERIMENTAL XML FORMAT-->
<molecule name="nuc85">
	<atoms>
		<a id="1" s="C" t="C.3" l="C"/>
		<a id="2" s="C" t="C.3" l="C"/>
		<a id="3" s="N" t="N.3" l="N"/>
		<a id="4" s="C" t="C.ar" l="C"/>
		<a id="5" s="C" t="C.ar" l="C"/>
		<a id="6" s="C" t="C.ar" l="C"/>
		<a id="7" s="C" t="C.ar" l="C"/>
		<a id="8" s="F" t="F" l="F"/>
		<a id="9" s="C" t="C.ar" l="C"/>
		<a id="10" s="C" t="C.ar" l="C"/>
		<a id="11" s="H" t="H" l="H"/>
		<a id="12" s="H" t="H" l="H"/>
		<a id="13" s="H" t="H" l="H"/>
		<a id="14" s="H" t="H" l="H"/>
		<a id="15" s="H" t="H" l="H"/>
		<a id="16" s="H" t="H" l="H"/>
		<a id="17" s="H" t="H" l="H"/>
		<a id="18" s="H" t="H" l="H"/>
		<a id="19" s="H" t="H" l="H"/>
		<a id="20" s="H" t="H" l="H"/>
	</atoms>
	<bonds>
		<b id="1" c="2 4" t="1"/>
		<b id="2" c="4 5" t="ar"/>
		<b id="3" c="5 6" t="ar"/>
		<b id="4" c="6 7" t="ar"/>
		<b id="5" c="7 8" t="1"/>
		<b id="6" c="7 9" t="ar"/>
		<b id="7" c="9 10" t="ar"/>
		<b id="8" c="4 10" t="ar"/>
		<b id="9" c="2 3" t="1"/>
		<b id="10" c="2 1" t="1"/>
		<b id="11" c="1 11" t="1"/>
		<b id="12" c="1 12" t="1"/>
		<b id="13" c="1 13" t="1"/>
		<b id="14" c="2 14" t="1"/>
		<b id="15" c="3 15" t="1"/>
		<b id="16" c="3 16" t="1"/>
		<b id="17" c="5 17" t="1"/>
		<b id="18" c="6 18" t="1"/>
		<b id="19" c="9 19" t="1"/>
		<b id="20" c="10 20" t="1"/>
	</bonds>
	<geometry>
		<g u="A" t="cart/3d">#20,3:3.4542,-1.0437,0.3671;2.3700,-0.0309,-0.0012;1.1636,-0.7480,-0.3960;2.8605,0.9375,-1.0620;2.8987,2.3033,-0.8092;3.3069,3.1992,-1.7813;3.6784,2.7099,-3.0191;4.0772,3.5754,-3.9766;3.6507,1.3575,-3.3049;3.2380,0.4796,-2.3202;4.3396,-0.5305,0.7328;3.7309,-1.6432,-0.4965;3.0786,-1.7072,1.1408;2.1086,0.5411,0.8975;1.3430,-1.3168,-1.2167;0.4237,-0.0942,-0.6276;2.6053,2.6734,0.1624;3.3377,4.2605,-1.5914;3.9481,1.0084,-4.2812;3.2126,-0.5779,-2.5405;</g>
	</geometry>
	<conformers/>
	<properties/>
</molecule>
