<?xml version="1.0" ?>
<!--MOLLI PACKAGE EXPERIMENTAL XML FORMAT-->
<molecule name="nuc9">
	<atoms>
		<a id="1" s="C" t="C.3" l="C"/>
		<a id="2" s="S" t="S.O2" l="S"/>
		<a id="3" s="N" t="N.3" l="N"/>
		<a id="4" s="O" t="O.2" l="O"/>
		<a id="5" s="O" t="O.2" l="O"/>
		<a id="6" s="H" t="H" l="H"/>
		<a id="7" s="H" t="H" l="H"/>
		<a id="8" s="H" t="H" l="H"/>
		<a id="9" s="H" t="H" l="H"/>
		<a id="10" s="H" t="H" l="H"/>
	</atoms>
	<bonds>
		<b id="1" c="1 2" t="1"/>
		<b id="2" c="2 3" t="1"/>
		<b id="3" c="2 4" t="2"/>
		<b id="4" c="2 5" t="2"/>
		<b id="5" c="1 6" t="1"/>
		<b id="6" c="1 7" t="1"/>
		<b id="7" c="1 8" t="1"/>
		<b id="8" c="3 9" t="1"/>
		<b id="9" c="3 10" t="1"/>
	</bonds>
	<geometry>
		<g u="A" t="cart/3d">#10,3:0.9369,-0.0822,0.0430;2.7512,-0.0484,0.0245;3.2085,-1.4837,0.7248;3.1899,-0.0879,-1.3334;3.1922,0.9977,0.8901;0.6005,-0.9288,-0.5403;0.5981,0.8413,-0.4074;0.6022,-0.1432,1.0698;3.0057,-2.3077,0.1871;3.0070,-1.5666,1.7054;</g>
	</geometry>
	<conformers/>
	<properties/>
</molecule>
