<?xml version="1.0" ?>
<!--MOLLI PACKAGE EXPERIMENTAL XML FORMAT-->
<molecule name="nuc93">
	<atoms>
		<a id="1" s="N" t="N.pl3" l="N"/>
		<a id="2" s="C" t="C.ar" l="C"/>
		<a id="3" s="C" t="C.ar" l="C"/>
		<a id="4" s="C" t="C.ar" l="C"/>
		<a id="5" s="C" t="C.ar" l="C"/>
		<a id="6" s="O" t="O.3" l="O"/>
		<a id="7" s="C" t="C.ar" l="C"/>
		<a id="8" s="C" t="C.ar" l="C"/>
		<a id="9" s="C" t="C.ar" l="C"/>
		<a id="10" s="C" t="C.ar" l="C"/>
		<a id="11" s="O" t="O.3" l="O"/>
		<a id="12" s="C" t="C.3" l="C"/>
		<a id="13" s="F" t="F" l="F"/>
		<a id="14" s="F" t="F" l="F"/>
		<a id="15" s="F" t="F" l="F"/>
		<a id="16" s="C" t="C.ar" l="C"/>
		<a id="17" s="C" t="C.ar" l="C"/>
		<a id="18" s="C" t="C.ar" l="C"/>
		<a id="19" s="C" t="C.ar" l="C"/>
		<a id="20" s="H" t="H" l="H"/>
		<a id="21" s="H" t="H" l="H"/>
		<a id="22" s="H" t="H" l="H"/>
		<a id="23" s="H" t="H" l="H"/>
		<a id="24" s="H" t="H" l="H"/>
		<a id="25" s="H" t="H" l="H"/>
		<a id="26" s="H" t="H" l="H"/>
		<a id="27" s="H" t="H" l="H"/>
		<a id="28" s="H" t="H" l="H"/>
		<a id="29" s="H" t="H" l="H"/>
	</atoms>
	<bonds>
		<b id="1" c="1 2" t="1"/>
		<b id="2" c="2 3" t="ar"/>
		<b id="3" c="3 4" t="ar"/>
		<b id="4" c="4 5" t="ar"/>
		<b id="5" c="5 6" t="1"/>
		<b id="6" c="6 7" t="1"/>
		<b id="7" c="7 8" t="ar"/>
		<b id="8" c="8 9" t="ar"/>
		<b id="9" c="9 10" t="ar"/>
		<b id="10" c="10 11" t="1"/>
		<b id="11" c="11 12" t="1"/>
		<b id="12" c="12 13" t="1"/>
		<b id="13" c="12 14" t="1"/>
		<b id="14" c="12 15" t="1"/>
		<b id="15" c="10 16" t="ar"/>
		<b id="16" c="16 17" t="ar"/>
		<b id="17" c="7 17" t="ar"/>
		<b id="18" c="5 18" t="ar"/>
		<b id="19" c="18 19" t="ar"/>
		<b id="20" c="2 19" t="ar"/>
		<b id="21" c="1 20" t="1"/>
		<b id="22" c="1 21" t="1"/>
		<b id="23" c="3 22" t="1"/>
		<b id="24" c="4 23" t="1"/>
		<b id="25" c="8 24" t="1"/>
		<b id="26" c="9 25" t="1"/>
		<b id="27" c="16 26" t="1"/>
		<b id="28" c="17 27" t="1"/>
		<b id="29" c="18 28" t="1"/>
		<b id="30" c="19 29" t="1"/>
	</bonds>
	<geometry>
		<g u="A" t="cart/3d">#29,3:1.7307,-0.6528,-2.3097;0.5595,-0.4476,-1.6139;0.2759,0.7973,-1.0487;-0.9270,1.0284,-0.4143;-1.8774,0.0174,-0.3370;-3.0668,0.1776,0.3556;-3.8538,1.2547,0.1132;-3.7839,2.0299,-1.0395;-4.6579,3.0872,-1.2323;-5.6098,3.3651,-0.2696;-6.5468,4.4196,-0.3561;-6.6528,5.1239,-1.4577;-6.9143,4.4014,-2.5629;-7.6544,5.9891,-1.3236;-5.5610,5.8544,-1.7633;-5.6987,2.5952,0.8825;-4.8255,1.5478,1.0732;-1.6048,-1.2276,-0.8882;-0.3988,-1.4580,-1.5170;2.4852,-0.0133,-2.1234;2.0104,-1.6091,-2.4518;1.0117,1.5860,-1.1071;-1.1309,1.9913,0.0309;-3.0516,1.8042,-1.7994;-4.5764,3.6673,-2.1374;-6.4530,2.8347,1.6134;-4.8801,0.9358,1.9590;-2.3444,-2.0090,-0.8106;-0.1913,-2.4280,-1.9443;</g>
	</geometry>
	<conformers/>
	<properties/>
</molecule>
