<?xml version="1.0" ?>
<!--MOLLI PACKAGE EXPERIMENTAL XML FORMAT-->
<molecule name="nuc95">
	<atoms>
		<a id="1" s="C" t="C.3" l="C"/>
		<a id="2" s="N" t="N.3" l="N"/>
		<a id="3" s="H" t="H" l="H"/>
		<a id="4" s="H" t="H" l="H"/>
		<a id="5" s="H" t="H" l="H"/>
		<a id="6" s="H" t="H" l="H"/>
		<a id="7" s="H" t="H" l="H"/>
	</atoms>
	<bonds>
		<b id="1" c="1 2" t="1"/>
		<b id="2" c="1 3" t="1"/>
		<b id="3" c="1 4" t="1"/>
		<b id="4" c="1 5" t="1"/>
		<b id="5" c="2 6" t="1"/>
		<b id="6" c="2 7" t="1"/>
	</bonds>
	<geometry>
		<g u="A" t="cart/3d">#7,3:0.9575,-0.0917,0.0014;2.4098,-0.0731,0.0232;0.5225,-0.7464,-0.7677;0.6000,0.9232,-0.1695;0.6001,-0.4225,0.9759;2.7700,0.2396,-0.8725;2.7700,-1.0072,0.1888;</g>
	</geometry>
	<conformers/>
	<properties/>
</molecule>
