<?xml version="1.0" ?>
<!--MOLLI PACKAGE EXPERIMENTAL XML FORMAT-->
<molecule name="nuc97">
	<atoms>
		<a id="1" s="C" t="C.3" l="C"/>
		<a id="2" s="C" t="C.3" l="C"/>
		<a id="3" s="C" t="C.3" l="C"/>
		<a id="4" s="N" t="N.3" l="N"/>
		<a id="5" s="C" t="C.3" l="C"/>
		<a id="6" s="C" t="C.3" l="C"/>
		<a id="7" s="O" t="O.3" l="O"/>
		<a id="8" s="C" t="C.ar" l="C"/>
		<a id="9" s="N" t="N.ar" l="N"/>
		<a id="10" s="C" t="C.ar" l="C"/>
		<a id="11" s="N" t="N.pl3" l="N"/>
		<a id="12" s="C" t="C.ar" l="C"/>
		<a id="13" s="N" t="N.ar" l="N"/>
		<a id="14" s="C" t="C.ar" l="C"/>
		<a id="15" s="C" t="C.1" l="C"/>
		<a id="16" s="N" t="N.1" l="N"/>
		<a id="17" s="H" t="H" l="H"/>
		<a id="18" s="H" t="H" l="H"/>
		<a id="19" s="H" t="H" l="H"/>
		<a id="20" s="H" t="H" l="H"/>
		<a id="21" s="H" t="H" l="H"/>
		<a id="22" s="H" t="H" l="H"/>
		<a id="23" s="H" t="H" l="H"/>
		<a id="24" s="H" t="H" l="H"/>
		<a id="25" s="H" t="H" l="H"/>
		<a id="26" s="H" t="H" l="H"/>
		<a id="27" s="H" t="H" l="H"/>
		<a id="28" s="H" t="H" l="H"/>
		<a id="29" s="H" t="H" l="H"/>
		<a id="30" s="H" t="H" l="H"/>
		<a id="31" s="H" t="H" l="H"/>
	</atoms>
	<bonds>
		<b id="1" c="3 4" t="1"/>
		<b id="2" c="4 5" t="1"/>
		<b id="3" c="4 6" t="1"/>
		<b id="4" c="2 7" t="1"/>
		<b id="5" c="7 8" t="1"/>
		<b id="6" c="8 9" t="ar"/>
		<b id="7" c="9 10" t="ar"/>
		<b id="8" c="10 11" t="1"/>
		<b id="9" c="10 12" t="ar"/>
		<b id="10" c="12 13" t="ar"/>
		<b id="11" c="13 14" t="ar"/>
		<b id="12" c="8 14" t="ar"/>
		<b id="13" c="14 15" t="1"/>
		<b id="14" c="15 16" t="3"/>
		<b id="15" c="2 3" t="1"/>
		<b id="16" c="2 1" t="1"/>
		<b id="17" c="1 17" t="1"/>
		<b id="18" c="1 18" t="1"/>
		<b id="19" c="1 19" t="1"/>
		<b id="20" c="2 20" t="1"/>
		<b id="21" c="3 21" t="1"/>
		<b id="22" c="3 22" t="1"/>
		<b id="23" c="5 23" t="1"/>
		<b id="24" c="5 24" t="1"/>
		<b id="25" c="5 25" t="1"/>
		<b id="26" c="6 26" t="1"/>
		<b id="27" c="6 27" t="1"/>
		<b id="28" c="6 28" t="1"/>
		<b id="29" c="11 29" t="1"/>
		<b id="30" c="11 30" t="1"/>
		<b id="31" c="12 31" t="1"/>
	</bonds>
	<geometry>
		<g u="A" t="cart/3d">#31,3:2.9131,1.4842,0.4536;2.6894,0.0621,-0.0328;1.1928,-0.2395,-0.2042;0.5582,0.6717,-1.1390;0.8739,0.3495,-2.5153;-0.8760,0.7248,-0.9386;3.2309,-0.8182,0.9575;3.5418,-2.0546,0.5932;3.3880,-2.4465,-0.6628;3.7256,-3.6998,-0.9809;3.5235,-4.0780,-2.2623;4.2277,-4.5751,0.0001;4.3858,-4.1904,1.2433;4.0565,-2.9427,1.5724;4.2209,-2.5115,2.9058;4.3388,-2.1332,3.9822;3.9736,1.7188,0.4757;2.5121,1.5911,1.4576;2.3973,2.1673,-0.2136;3.2213,-0.1179,-0.9735;1.0750,-1.2938,-0.5100;0.7236,-0.1147,0.7748;1.9494,0.4019,-2.6669;0.3999,1.0819,-3.1669;0.5255,-0.6553,-2.8036;-1.0853,1.0413,0.0817;-1.3693,-0.2434,-1.1164;-1.3002,1.4595,-1.6215;3.2599,-3.3729,-2.9280;3.8833,-4.9544,-2.5916;4.5006,-5.5938,-0.2327;</g>
	</geometry>
	<conformers/>
	<properties/>
</molecule>
