<?xml version="1.0" ?>
<!--MOLLI PACKAGE EXPERIMENTAL XML FORMAT-->
<molecule name="el1810">
	<atoms>
		<a id="1" s="C" t="C.3" l="C"/>
		<a id="2" s="C" t="C.3" l="C"/>
		<a id="3" s="C" t="C.3" l="C"/>
		<a id="4" s="C" t="C.3" l="C"/>
		<a id="5" s="O" t="O.3" l="O"/>
		<a id="6" s="C" t="C.2" l="C"/>
		<a id="7" s="O" t="O.2" l="O"/>
		<a id="8" s="N" t="N.am" l="N"/>
		<a id="9" s="C" t="C.3" l="C"/>
		<a id="10" s="C" t="C.3" l="C"/>
		<a id="11" s="O" t="O.3" l="O"/>
		<a id="12" s="C" t="C.3" l="C"/>
		<a id="13" s="C" t="C.3" l="C"/>
		<a id="14" s="N" t="N.pl3" l="N"/>
		<a id="15" s="C" t="C.ar" l="C"/>
		<a id="16" s="C" t="C.ar" l="C"/>
		<a id="17" s="C" t="C.ar" l="C"/>
		<a id="18" s="Cl" t="Cl" l="CL"/>
		<a id="19" s="N" t="N.ar" l="N"/>
		<a id="20" s="C" t="C.ar" l="C"/>
		<a id="21" s="C" t="C.ar" l="C"/>
		<a id="22" s="C" t="C.1" l="C"/>
		<a id="23" s="N" t="N.1" l="N"/>
		<a id="24" s="C" t="C.3" l="C"/>
		<a id="25" s="H" t="H" l="H"/>
		<a id="26" s="H" t="H" l="H"/>
		<a id="27" s="H" t="H" l="H"/>
		<a id="28" s="H" t="H" l="H"/>
		<a id="29" s="H" t="H" l="H"/>
		<a id="30" s="H" t="H" l="H"/>
		<a id="31" s="H" t="H" l="H"/>
		<a id="32" s="H" t="H" l="H"/>
		<a id="33" s="H" t="H" l="H"/>
		<a id="34" s="H" t="H" l="H"/>
		<a id="35" s="H" t="H" l="H"/>
		<a id="36" s="H" t="H" l="H"/>
		<a id="37" s="H" t="H" l="H"/>
		<a id="38" s="H" t="H" l="H"/>
		<a id="39" s="H" t="H" l="H"/>
		<a id="40" s="H" t="H" l="H"/>
		<a id="41" s="H" t="H" l="H"/>
		<a id="42" s="H" t="H" l="H"/>
		<a id="43" s="H" t="H" l="H"/>
		<a id="44" s="H" t="H" l="H"/>
		<a id="45" s="H" t="H" l="H"/>
	</atoms>
	<bonds>
		<b id="1" c="1 2" t="1"/>
		<b id="2" c="2 3" t="1"/>
		<b id="3" c="2 4" t="1"/>
		<b id="4" c="2 5" t="1"/>
		<b id="5" c="5 6" t="1"/>
		<b id="6" c="6 7" t="2"/>
		<b id="7" c="6 8" t="am"/>
		<b id="8" c="8 9" t="1"/>
		<b id="9" c="9 10" t="1"/>
		<b id="10" c="10 11" t="1"/>
		<b id="11" c="11 12" t="1"/>
		<b id="12" c="12 13" t="1"/>
		<b id="13" c="13 14" t="1"/>
		<b id="14" c="14 15" t="1"/>
		<b id="15" c="15 16" t="ar"/>
		<b id="16" c="16 17" t="ar"/>
		<b id="17" c="17 18" t="1"/>
		<b id="18" c="17 19" t="ar"/>
		<b id="19" c="19 20" t="ar"/>
		<b id="20" c="20 21" t="ar"/>
		<b id="21" c="15 21" t="ar"/>
		<b id="22" c="21 22" t="1"/>
		<b id="23" c="22 23" t="3"/>
		<b id="24" c="12 24" t="1"/>
		<b id="25" c="8 24" t="1"/>
		<b id="26" c="1 25" t="1"/>
		<b id="27" c="1 26" t="1"/>
		<b id="28" c="1 27" t="1"/>
		<b id="29" c="3 28" t="1"/>
		<b id="30" c="3 29" t="1"/>
		<b id="31" c="3 30" t="1"/>
		<b id="32" c="4 31" t="1"/>
		<b id="33" c="4 32" t="1"/>
		<b id="34" c="4 33" t="1"/>
		<b id="35" c="9 34" t="1"/>
		<b id="36" c="9 35" t="1"/>
		<b id="37" c="10 36" t="1"/>
		<b id="38" c="10 37" t="1"/>
		<b id="39" c="12 38" t="1"/>
		<b id="40" c="13 39" t="1"/>
		<b id="41" c="13 40" t="1"/>
		<b id="42" c="14 41" t="1"/>
		<b id="43" c="16 42" t="1"/>
		<b id="44" c="20 43" t="1"/>
		<b id="45" c="24 44" t="1"/>
		<b id="46" c="24 45" t="1"/>
	</bonds>
	<geometry>
		<g u="A" t="cart/3d">#45,3:3.6295,0.6596,1.0144;2.7106,0.3361,-0.1619;2.4205,-1.1624,-0.2413;1.4077,1.1296,-0.0589;3.2997,0.7985,-1.4060;4.4828,0.3228,-1.8135;5.1526,-0.5132,-1.2485;4.8849,0.9202,-2.9722;4.0194,1.7164,-3.8151;3.5484,0.8547,-4.9908;4.6422,0.2977,-5.6937;5.5388,-0.4434,-4.8866;4.9202,-1.7678,-4.3920;4.1164,-2.3626,-5.4284;2.9152,-2.9448,-5.2488;2.3931,-3.2721,-3.9888;1.1461,-3.8631,-3.9274;0.4759,-4.2414,-2.3901;0.3971,-4.1743,-4.9714;0.8819,-3.8976,-6.1650;2.1143,-3.2860,-6.3729;2.5614,-3.0036,-7.6768;2.9364,-2.7668,-8.7358;6.0240,0.3884,-3.6868;3.1364,0.3943,1.9451;3.8601,1.7228,1.0270;4.5569,0.0997,0.9335;1.9058,-1.4821,0.6599;3.3489,-1.7203,-0.3293;1.7870,-1.3807,-1.0991;0.8810,0.8581,0.8507;0.7704,0.9172,-0.9134;1.6201,2.1954,-0.0412;4.5979,2.5670,-4.1903;3.1710,2.0761,-3.2370;3.0112,1.4567,-5.7253;2.8791,0.0645,-4.6224;6.3791,-0.6595,-5.5551;4.3016,-1.5733,-3.5144;5.7302,-2.4420,-4.0897;4.3700,-2.1159,-6.3759;2.9402,-3.0866,-3.0805;0.2559,-4.1693,-7.0037;6.6336,1.2248,-4.0414;6.6051,-0.2289,-3.0011;</g>
	</geometry>
	<conformers/>
	<properties/>
</molecule>
