<?xml version="1.0" ?>
<!--MOLLI PACKAGE EXPERIMENTAL XML FORMAT-->
<molecule name="el1900">
	<atoms>
		<a id="1" s="C" t="C.3" l="C"/>
		<a id="2" s="C" t="C.ar" l="C"/>
		<a id="3" s="C" t="C.ar" l="C"/>
		<a id="4" s="Cl" t="Cl" l="CL"/>
		<a id="5" s="N" t="N.ar" l="N"/>
		<a id="6" s="C" t="C.ar" l="C"/>
		<a id="7" s="N" t="N.ar" l="N"/>
		<a id="8" s="C" t="C.ar" l="C"/>
		<a id="9" s="O" t="O.3" l="O"/>
		<a id="10" s="C" t="C.3" l="C"/>
		<a id="11" s="C" t="C.3" l="C"/>
		<a id="12" s="C" t="C.3" l="C"/>
		<a id="13" s="C" t="C.3" l="C"/>
		<a id="14" s="C" t="C.3" l="C"/>
		<a id="15" s="C" t="C.3" l="C"/>
		<a id="16" s="C" t="C.3" l="C"/>
		<a id="17" s="O" t="O.3" l="O"/>
		<a id="18" s="C" t="C.3" l="C"/>
		<a id="19" s="C" t="C.3" l="C"/>
		<a id="20" s="C" t="C.3" l="C"/>
		<a id="21" s="C" t="C.3" l="C"/>
		<a id="22" s="H" t="H" l="H"/>
		<a id="23" s="H" t="H" l="H"/>
		<a id="24" s="H" t="H" l="H"/>
		<a id="25" s="H" t="H" l="H"/>
		<a id="26" s="H" t="H" l="H"/>
		<a id="27" s="H" t="H" l="H"/>
		<a id="28" s="H" t="H" l="H"/>
		<a id="29" s="H" t="H" l="H"/>
		<a id="30" s="H" t="H" l="H"/>
		<a id="31" s="H" t="H" l="H"/>
		<a id="32" s="H" t="H" l="H"/>
		<a id="33" s="H" t="H" l="H"/>
		<a id="34" s="H" t="H" l="H"/>
		<a id="35" s="H" t="H" l="H"/>
		<a id="36" s="H" t="H" l="H"/>
		<a id="37" s="H" t="H" l="H"/>
		<a id="38" s="H" t="H" l="H"/>
		<a id="39" s="H" t="H" l="H"/>
		<a id="40" s="H" t="H" l="H"/>
		<a id="41" s="H" t="H" l="H"/>
		<a id="42" s="H" t="H" l="H"/>
		<a id="43" s="H" t="H" l="H"/>
		<a id="44" s="H" t="H" l="H"/>
	</atoms>
	<bonds>
		<b id="1" c="1 2" t="1"/>
		<b id="2" c="2 3" t="ar"/>
		<b id="3" c="3 4" t="1"/>
		<b id="4" c="3 5" t="ar"/>
		<b id="5" c="5 6" t="ar"/>
		<b id="6" c="6 7" t="ar"/>
		<b id="7" c="7 8" t="ar"/>
		<b id="8" c="2 8" t="ar"/>
		<b id="9" c="8 9" t="1"/>
		<b id="10" c="9 10" t="1"/>
		<b id="11" c="10 11" t="1"/>
		<b id="12" c="11 12" t="1"/>
		<b id="13" c="12 13" t="1"/>
		<b id="14" c="13 14" t="1"/>
		<b id="15" c="14 15" t="1"/>
		<b id="16" c="10 15" t="1"/>
		<b id="17" c="13 16" t="1"/>
		<b id="18" c="16 17" t="1"/>
		<b id="19" c="17 18" t="1"/>
		<b id="20" c="18 19" t="1"/>
		<b id="21" c="18 20" t="1"/>
		<b id="22" c="18 21" t="1"/>
		<b id="23" c="13 21" t="1"/>
		<b id="24" c="1 22" t="1"/>
		<b id="25" c="1 23" t="1"/>
		<b id="26" c="1 24" t="1"/>
		<b id="27" c="6 25" t="1"/>
		<b id="28" c="10 26" t="1"/>
		<b id="29" c="11 27" t="1"/>
		<b id="30" c="11 28" t="1"/>
		<b id="31" c="12 29" t="1"/>
		<b id="32" c="12 30" t="1"/>
		<b id="33" c="14 31" t="1"/>
		<b id="34" c="14 32" t="1"/>
		<b id="35" c="15 33" t="1"/>
		<b id="36" c="15 34" t="1"/>
		<b id="37" c="16 35" t="1"/>
		<b id="38" c="16 36" t="1"/>
		<b id="39" c="19 37" t="1"/>
		<b id="40" c="19 38" t="1"/>
		<b id="41" c="19 39" t="1"/>
		<b id="42" c="20 40" t="1"/>
		<b id="43" c="20 41" t="1"/>
		<b id="44" c="20 42" t="1"/>
		<b id="45" c="21 43" t="1"/>
		<b id="46" c="21 44" t="1"/>
	</bonds>
	<geometry>
		<g u="A" t="cart/3d">#44,3:-3.0057,0.4309,2.3981;-3.8613,1.1251,1.3938;-5.1945,0.8478,1.1532;-6.0149,-0.3820,2.0321;-5.9313,1.4850,0.2532;-5.3307,2.4281,-0.4346;-4.0688,2.7958,-0.3191;-3.3334,2.1565,0.5827;-2.0601,2.4791,0.7609;-1.5125,3.5270,-0.0487;-1.2109,3.0237,-1.4604;-0.1674,1.9114,-1.4257;1.1356,2.3712,-0.7719;0.8381,2.9146,0.6314;-0.2346,4.0021,0.6366;1.9111,3.4025,-1.6106;3.2556,3.2787,-1.2237;3.5382,1.8967,-0.9897;4.1962,1.2851,-2.2320;4.4941,1.8144,0.1997;2.1716,1.2324,-0.6980;-3.6177,-0.1310,3.0976;-2.4040,1.1615,2.9348;-2.3251,-0.2558,1.8953;-5.9242,2.9527,-1.1702;-2.2505,4.3373,-0.1000;-0.8488,3.8632,-2.0545;-2.1344,2.6594,-1.9129;0.0274,1.5636,-2.4427;-0.5651,1.0702,-0.8530;1.7575,3.3153,1.0614;0.4942,2.0898,1.2586;0.1184,4.8940,0.1186;-0.4609,4.2791,1.6677;1.6198,4.4369,-1.4304;1.7913,3.1837,-2.6834;5.1276,1.8028,-2.4458;3.5416,1.3857,-3.0945;4.4050,0.2311,-2.0683;5.3890,2.3921,-0.0143;4.7732,0.7812,0.3880;4.0250,2.2262,1.0892;2.1687,0.7504,0.2779;1.9533,0.4756,-1.4518;</g>
	</geometry>
	<conformers/>
	<properties/>
</molecule>
