<?xml version="1.0" ?>
<!--MOLLI PACKAGE EXPERIMENTAL XML FORMAT-->
<molecule name="el1901">
	<atoms>
		<a id="1" s="C" t="C.3" l="C"/>
		<a id="2" s="C" t="C.3" l="C"/>
		<a id="3" s="C" t="C.ar" l="C"/>
		<a id="4" s="C" t="C.ar" l="C"/>
		<a id="5" s="Cl" t="Cl" l="CL"/>
		<a id="6" s="N" t="N.ar" l="N"/>
		<a id="7" s="C" t="C.ar" l="C"/>
		<a id="8" s="N" t="N.ar" l="N"/>
		<a id="9" s="C" t="C.ar" l="C"/>
		<a id="10" s="O" t="O.3" l="O"/>
		<a id="11" s="C" t="C.3" l="C"/>
		<a id="12" s="C" t="C.3" l="C"/>
		<a id="13" s="C" t="C.3" l="C"/>
		<a id="14" s="C" t="C.3" l="C"/>
		<a id="15" s="C" t="C.3" l="C"/>
		<a id="16" s="C" t="C.3" l="C"/>
		<a id="17" s="C" t="C.3" l="C"/>
		<a id="18" s="O" t="O.3" l="O"/>
		<a id="19" s="C" t="C.3" l="C"/>
		<a id="20" s="C" t="C.3" l="C"/>
		<a id="21" s="C" t="C.3" l="C"/>
		<a id="22" s="C" t="C.3" l="C"/>
		<a id="23" s="H" t="H" l="H"/>
		<a id="24" s="H" t="H" l="H"/>
		<a id="25" s="H" t="H" l="H"/>
		<a id="26" s="H" t="H" l="H"/>
		<a id="27" s="H" t="H" l="H"/>
		<a id="28" s="H" t="H" l="H"/>
		<a id="29" s="H" t="H" l="H"/>
		<a id="30" s="H" t="H" l="H"/>
		<a id="31" s="H" t="H" l="H"/>
		<a id="32" s="H" t="H" l="H"/>
		<a id="33" s="H" t="H" l="H"/>
		<a id="34" s="H" t="H" l="H"/>
		<a id="35" s="H" t="H" l="H"/>
		<a id="36" s="H" t="H" l="H"/>
		<a id="37" s="H" t="H" l="H"/>
		<a id="38" s="H" t="H" l="H"/>
		<a id="39" s="H" t="H" l="H"/>
		<a id="40" s="H" t="H" l="H"/>
		<a id="41" s="H" t="H" l="H"/>
		<a id="42" s="H" t="H" l="H"/>
		<a id="43" s="H" t="H" l="H"/>
		<a id="44" s="H" t="H" l="H"/>
		<a id="45" s="H" t="H" l="H"/>
		<a id="46" s="H" t="H" l="H"/>
		<a id="47" s="H" t="H" l="H"/>
	</atoms>
	<bonds>
		<b id="1" c="1 2" t="1"/>
		<b id="2" c="2 3" t="1"/>
		<b id="3" c="3 4" t="ar"/>
		<b id="4" c="4 5" t="1"/>
		<b id="5" c="4 6" t="ar"/>
		<b id="6" c="6 7" t="ar"/>
		<b id="7" c="7 8" t="ar"/>
		<b id="8" c="8 9" t="ar"/>
		<b id="9" c="3 9" t="ar"/>
		<b id="10" c="9 10" t="1"/>
		<b id="11" c="10 11" t="1"/>
		<b id="12" c="11 12" t="1"/>
		<b id="13" c="12 13" t="1"/>
		<b id="14" c="13 14" t="1"/>
		<b id="15" c="14 15" t="1"/>
		<b id="16" c="15 16" t="1"/>
		<b id="17" c="11 16" t="1"/>
		<b id="18" c="14 17" t="1"/>
		<b id="19" c="17 18" t="1"/>
		<b id="20" c="18 19" t="1"/>
		<b id="21" c="19 20" t="1"/>
		<b id="22" c="19 21" t="1"/>
		<b id="23" c="19 22" t="1"/>
		<b id="24" c="14 22" t="1"/>
		<b id="25" c="1 23" t="1"/>
		<b id="26" c="1 24" t="1"/>
		<b id="27" c="1 25" t="1"/>
		<b id="28" c="2 26" t="1"/>
		<b id="29" c="2 27" t="1"/>
		<b id="30" c="7 28" t="1"/>
		<b id="31" c="11 29" t="1"/>
		<b id="32" c="12 30" t="1"/>
		<b id="33" c="12 31" t="1"/>
		<b id="34" c="13 32" t="1"/>
		<b id="35" c="13 33" t="1"/>
		<b id="36" c="15 34" t="1"/>
		<b id="37" c="15 35" t="1"/>
		<b id="38" c="16 36" t="1"/>
		<b id="39" c="16 37" t="1"/>
		<b id="40" c="17 38" t="1"/>
		<b id="41" c="17 39" t="1"/>
		<b id="42" c="20 40" t="1"/>
		<b id="43" c="20 41" t="1"/>
		<b id="44" c="20 42" t="1"/>
		<b id="45" c="21 43" t="1"/>
		<b id="46" c="21 44" t="1"/>
		<b id="47" c="21 45" t="1"/>
		<b id="48" c="22 46" t="1"/>
		<b id="49" c="22 47" t="1"/>
	</bonds>
	<geometry>
		<g u="A" t="cart/3d">#47,3:2.6545,-3.0777,2.8090;2.7528,-4.1776,1.7507;1.4818,-4.2694,0.9669;0.4416,-5.1364,1.2478;0.5459,-6.2429,2.5584;-0.6862,-5.1887,0.5517;-0.7924,-4.3501,-0.4529;0.1085,-3.4632,-0.8296;1.2374,-3.4137,-0.1314;2.1893,-2.5523,-0.4610;1.9635,-1.6964,-1.5873;3.3310,-1.1980,-2.0468;3.9778,-0.3259,-0.9736;3.1058,0.8747,-0.6069;1.7186,0.3827,-0.1743;1.0591,-0.5229,-1.2115;2.9951,1.9174,-1.7336;2.7190,3.1408,-1.1014;3.4492,3.1973,0.1262;4.7457,3.9889,-0.0790;2.5674,3.9011,1.1569;3.7458,1.7272,0.5067;3.5845,-3.0112,3.3677;1.8461,-3.2925,3.5039;2.4626,-2.1165,2.3376;2.9498,-5.1345,2.2353;3.5705,-3.9480,1.0653;-1.7086,-4.3850,-1.0257;1.4808,-2.2899,-2.3735;3.2016,-0.6298,-2.9683;3.9738,-2.0543,-2.2583;4.9543,0.0159,-1.3239;4.1317,-0.9316,-0.0786;1.0749,1.2439,0.0128;1.8234,-0.1737,0.7605;0.8342,0.0344,-2.1210;0.1184,-0.9118,-0.8184;2.1843,1.7310,-2.4375;3.9427,1.9715,-2.2929;4.5097,4.9997,-0.4010;5.3593,3.5193,-0.8444;5.3108,4.0343,0.8483;2.2995,4.8884,0.7911;3.0973,4.0020,2.1001;1.6532,3.3362,1.3186;3.3330,1.4840,1.4842;4.8221,1.5570,0.5409;</g>
	</geometry>
	<conformers/>
	<properties/>
</molecule>
