<?xml version="1.0" ?>
<!--MOLLI PACKAGE EXPERIMENTAL XML FORMAT-->
<molecule name="el1902">
	<atoms>
		<a id="1" s="C" t="C.3" l="C"/>
		<a id="2" s="C" t="C.3" l="C"/>
		<a id="3" s="C" t="C.3" l="C"/>
		<a id="4" s="C" t="C.ar" l="C"/>
		<a id="5" s="C" t="C.ar" l="C"/>
		<a id="6" s="Cl" t="Cl" l="CL"/>
		<a id="7" s="N" t="N.ar" l="N"/>
		<a id="8" s="C" t="C.ar" l="C"/>
		<a id="9" s="N" t="N.ar" l="N"/>
		<a id="10" s="C" t="C.ar" l="C"/>
		<a id="11" s="O" t="O.3" l="O"/>
		<a id="12" s="C" t="C.3" l="C"/>
		<a id="13" s="C" t="C.3" l="C"/>
		<a id="14" s="C" t="C.3" l="C"/>
		<a id="15" s="C" t="C.3" l="C"/>
		<a id="16" s="C" t="C.3" l="C"/>
		<a id="17" s="C" t="C.3" l="C"/>
		<a id="18" s="C" t="C.3" l="C"/>
		<a id="19" s="O" t="O.3" l="O"/>
		<a id="20" s="C" t="C.3" l="C"/>
		<a id="21" s="C" t="C.3" l="C"/>
		<a id="22" s="C" t="C.3" l="C"/>
		<a id="23" s="C" t="C.3" l="C"/>
		<a id="24" s="H" t="H" l="H"/>
		<a id="25" s="H" t="H" l="H"/>
		<a id="26" s="H" t="H" l="H"/>
		<a id="27" s="H" t="H" l="H"/>
		<a id="28" s="H" t="H" l="H"/>
		<a id="29" s="H" t="H" l="H"/>
		<a id="30" s="H" t="H" l="H"/>
		<a id="31" s="H" t="H" l="H"/>
		<a id="32" s="H" t="H" l="H"/>
		<a id="33" s="H" t="H" l="H"/>
		<a id="34" s="H" t="H" l="H"/>
		<a id="35" s="H" t="H" l="H"/>
		<a id="36" s="H" t="H" l="H"/>
		<a id="37" s="H" t="H" l="H"/>
		<a id="38" s="H" t="H" l="H"/>
		<a id="39" s="H" t="H" l="H"/>
		<a id="40" s="H" t="H" l="H"/>
		<a id="41" s="H" t="H" l="H"/>
		<a id="42" s="H" t="H" l="H"/>
		<a id="43" s="H" t="H" l="H"/>
		<a id="44" s="H" t="H" l="H"/>
		<a id="45" s="H" t="H" l="H"/>
		<a id="46" s="H" t="H" l="H"/>
		<a id="47" s="H" t="H" l="H"/>
		<a id="48" s="H" t="H" l="H"/>
		<a id="49" s="H" t="H" l="H"/>
		<a id="50" s="H" t="H" l="H"/>
	</atoms>
	<bonds>
		<b id="1" c="1 2" t="1"/>
		<b id="2" c="2 3" t="1"/>
		<b id="3" c="2 4" t="1"/>
		<b id="4" c="4 5" t="ar"/>
		<b id="5" c="5 6" t="1"/>
		<b id="6" c="5 7" t="ar"/>
		<b id="7" c="7 8" t="ar"/>
		<b id="8" c="8 9" t="ar"/>
		<b id="9" c="9 10" t="ar"/>
		<b id="10" c="4 10" t="ar"/>
		<b id="11" c="10 11" t="1"/>
		<b id="12" c="11 12" t="1"/>
		<b id="13" c="12 13" t="1"/>
		<b id="14" c="13 14" t="1"/>
		<b id="15" c="14 15" t="1"/>
		<b id="16" c="15 16" t="1"/>
		<b id="17" c="16 17" t="1"/>
		<b id="18" c="12 17" t="1"/>
		<b id="19" c="15 18" t="1"/>
		<b id="20" c="18 19" t="1"/>
		<b id="21" c="19 20" t="1"/>
		<b id="22" c="20 21" t="1"/>
		<b id="23" c="20 22" t="1"/>
		<b id="24" c="20 23" t="1"/>
		<b id="25" c="15 23" t="1"/>
		<b id="26" c="1 24" t="1"/>
		<b id="27" c="1 25" t="1"/>
		<b id="28" c="1 26" t="1"/>
		<b id="29" c="2 27" t="1"/>
		<b id="30" c="3 28" t="1"/>
		<b id="31" c="3 29" t="1"/>
		<b id="32" c="3 30" t="1"/>
		<b id="33" c="8 31" t="1"/>
		<b id="34" c="12 32" t="1"/>
		<b id="35" c="13 33" t="1"/>
		<b id="36" c="13 34" t="1"/>
		<b id="37" c="14 35" t="1"/>
		<b id="38" c="14 36" t="1"/>
		<b id="39" c="16 37" t="1"/>
		<b id="40" c="16 38" t="1"/>
		<b id="41" c="17 39" t="1"/>
		<b id="42" c="17 40" t="1"/>
		<b id="43" c="18 41" t="1"/>
		<b id="44" c="18 42" t="1"/>
		<b id="45" c="21 43" t="1"/>
		<b id="46" c="21 44" t="1"/>
		<b id="47" c="21 45" t="1"/>
		<b id="48" c="22 46" t="1"/>
		<b id="49" c="22 47" t="1"/>
		<b id="50" c="22 48" t="1"/>
		<b id="51" c="23 49" t="1"/>
		<b id="52" c="23 50" t="1"/>
	</bonds>
	<geometry>
		<g u="A" t="cart/3d">#50,3:3.2441,1.1116,-3.9012;4.3608,0.3031,-4.5644;5.7053,0.5591,-3.8801;4.0321,-1.1656,-4.5618;3.8684,-1.9157,-5.7155;4.0205,-1.2058,-7.2757;3.5876,-3.2112,-5.7327;3.4618,-3.7967,-4.5651;3.5808,-3.2140,-3.3894;3.8619,-1.9154,-3.3727;3.9968,-1.3007,-2.2053;3.8345,-2.0762,-1.0114;2.3556,-2.3282,-0.7175;1.6174,-1.0155,-0.4743;2.2291,-0.2181,0.6778;3.7241,0.0038,0.4156;4.4810,-1.2911,0.1265;2.0029,-0.8653,2.0558;2.0654,0.1840,2.9871;1.4512,1.3407,2.4130;0.0002,1.4505,2.8952;2.2464,2.5623,2.8715;1.5152,1.1328,0.8809;3.4614,2.1740,-3.9821;3.1605,0.8530,-2.8498;2.2915,0.9159,-4.3891;4.4406,0.6209,-5.6081;5.6579,0.2859,-2.8300;5.9609,1.6133,-3.9558;6.4911,-0.0215,-4.3586;3.2350,-4.8537,-4.5655;4.3451,-3.0359,-1.1586;2.2859,-2.9686,0.1623;1.9108,-2.8586,-1.5608;0.5660,-1.2244,-0.2644;1.6618,-0.4089,-1.3819;4.1686,0.4924,1.2844;3.8341,0.6686,-0.4437;4.5012,-1.9291,1.0103;5.5128,-1.0537,-0.1394;2.7634,-1.5922,2.3396;1.0172,-1.3559,2.0852;-0.0205,1.5372,3.9785;-0.5613,0.5637,2.6109;-0.4765,2.3247,2.4596;2.2580,2.6003,3.9572;1.7935,3.4724,2.4876;3.2727,2.4974,2.5200;2.0508,1.9467,0.3955;0.5084,1.0930,0.4647;</g>
	</geometry>
	<conformers/>
	<properties/>
</molecule>
