<?xml version="1.0" ?>
<!--MOLLI PACKAGE EXPERIMENTAL XML FORMAT-->
<molecule name="el1905">
	<atoms>
		<a id="1" s="F" t="F" l="F"/>
		<a id="2" s="C" t="C.ar" l="C"/>
		<a id="3" s="C" t="C.ar" l="C"/>
		<a id="4" s="N" t="N.ar" l="N"/>
		<a id="5" s="C" t="C.ar" l="C"/>
		<a id="6" s="Cl" t="Cl" l="CL"/>
		<a id="7" s="N" t="N.ar" l="N"/>
		<a id="8" s="C" t="C.ar" l="C"/>
		<a id="9" s="C" t="C.ar" l="C"/>
		<a id="10" s="C" t="C.ar" l="C"/>
		<a id="11" s="C" t="C.ar" l="C"/>
		<a id="12" s="C" t="C.ar" l="C"/>
		<a id="13" s="C" t="C.ar" l="C"/>
		<a id="14" s="C" t="C.ar" l="C"/>
		<a id="15" s="H" t="H" l="H"/>
		<a id="16" s="H" t="H" l="H"/>
		<a id="17" s="H" t="H" l="H"/>
		<a id="18" s="H" t="H" l="H"/>
		<a id="19" s="H" t="H" l="H"/>
		<a id="20" s="H" t="H" l="H"/>
	</atoms>
	<bonds>
		<b id="1" c="1 2" t="1"/>
		<b id="2" c="2 3" t="ar"/>
		<b id="3" c="3 4" t="ar"/>
		<b id="4" c="4 5" t="ar"/>
		<b id="5" c="5 6" t="1"/>
		<b id="6" c="5 7" t="ar"/>
		<b id="7" c="7 8" t="ar"/>
		<b id="8" c="2 8" t="ar"/>
		<b id="9" c="8 9" t="1"/>
		<b id="10" c="9 10" t="ar"/>
		<b id="11" c="10 11" t="ar"/>
		<b id="12" c="11 12" t="ar"/>
		<b id="13" c="12 13" t="ar"/>
		<b id="14" c="13 14" t="ar"/>
		<b id="15" c="9 14" t="ar"/>
		<b id="16" c="3 15" t="1"/>
		<b id="17" c="10 16" t="1"/>
		<b id="18" c="11 17" t="1"/>
		<b id="19" c="12 18" t="1"/>
		<b id="20" c="13 19" t="1"/>
		<b id="21" c="14 20" t="1"/>
	</bonds>
	<geometry>
		<g u="A" t="cart/3d">#20,3:3.0248,0.8065,2.4831;3.3104,0.3859,1.2391;3.9916,-0.8090,1.0763;4.3204,-1.2605,-0.1220;3.9749,-0.4952,-1.1420;4.4032,-1.0552,-2.6902;3.3352,0.6509,-1.0914;2.9680,1.1293,0.0986;2.2539,2.4057,0.1011;1.3716,2.7650,1.1197;0.7131,3.9796,1.0657;0.9287,4.8478,0.0080;1.7997,4.4933,-1.0108;2.4538,3.2786,-0.9706;4.2809,-1.4143,1.9240;1.1778,2.0954,1.9423;0.0261,4.2482,1.8542;0.4151,5.7971,-0.0245;1.9667,5.1664,-1.8384;3.1312,2.9849,-1.7567;</g>
	</geometry>
	<conformers/>
	<properties/>
</molecule>
