<?xml version="1.0" ?>
<!--MOLLI PACKAGE EXPERIMENTAL XML FORMAT-->
<molecule name="el1811">
	<atoms>
		<a id="1" s="C" t="C.3" l="C"/>
		<a id="2" s="C" t="C.3" l="C"/>
		<a id="3" s="C" t="C.3" l="C"/>
		<a id="4" s="C" t="C.3" l="C"/>
		<a id="5" s="O" t="O.3" l="O"/>
		<a id="6" s="C" t="C.2" l="C"/>
		<a id="7" s="O" t="O.2" l="O"/>
		<a id="8" s="N" t="N.am" l="N"/>
		<a id="9" s="C" t="C.3" l="C"/>
		<a id="10" s="C" t="C.3" l="C"/>
		<a id="11" s="O" t="O.3" l="O"/>
		<a id="12" s="C" t="C.3" l="C"/>
		<a id="13" s="C" t="C.3" l="C"/>
		<a id="14" s="N" t="N.pl3" l="N"/>
		<a id="15" s="C" t="C.ar" l="C"/>
		<a id="16" s="C" t="C.ar" l="C"/>
		<a id="17" s="C" t="C.ar" l="C"/>
		<a id="18" s="Cl" t="Cl" l="CL"/>
		<a id="19" s="N" t="N.ar" l="N"/>
		<a id="20" s="C" t="C.ar" l="C"/>
		<a id="21" s="C" t="C.ar" l="C"/>
		<a id="22" s="F" t="F" l="F"/>
		<a id="23" s="C" t="C.3" l="C"/>
		<a id="24" s="H" t="H" l="H"/>
		<a id="25" s="H" t="H" l="H"/>
		<a id="26" s="H" t="H" l="H"/>
		<a id="27" s="H" t="H" l="H"/>
		<a id="28" s="H" t="H" l="H"/>
		<a id="29" s="H" t="H" l="H"/>
		<a id="30" s="H" t="H" l="H"/>
		<a id="31" s="H" t="H" l="H"/>
		<a id="32" s="H" t="H" l="H"/>
		<a id="33" s="H" t="H" l="H"/>
		<a id="34" s="H" t="H" l="H"/>
		<a id="35" s="H" t="H" l="H"/>
		<a id="36" s="H" t="H" l="H"/>
		<a id="37" s="H" t="H" l="H"/>
		<a id="38" s="H" t="H" l="H"/>
		<a id="39" s="H" t="H" l="H"/>
		<a id="40" s="H" t="H" l="H"/>
		<a id="41" s="H" t="H" l="H"/>
		<a id="42" s="H" t="H" l="H"/>
		<a id="43" s="H" t="H" l="H"/>
		<a id="44" s="H" t="H" l="H"/>
	</atoms>
	<bonds>
		<b id="1" c="1 2" t="1"/>
		<b id="2" c="2 3" t="1"/>
		<b id="3" c="2 4" t="1"/>
		<b id="4" c="2 5" t="1"/>
		<b id="5" c="5 6" t="1"/>
		<b id="6" c="6 7" t="2"/>
		<b id="7" c="6 8" t="am"/>
		<b id="8" c="8 9" t="1"/>
		<b id="9" c="9 10" t="1"/>
		<b id="10" c="10 11" t="1"/>
		<b id="11" c="11 12" t="1"/>
		<b id="12" c="13 14" t="1"/>
		<b id="13" c="14 15" t="1"/>
		<b id="14" c="15 16" t="ar"/>
		<b id="15" c="16 17" t="ar"/>
		<b id="16" c="17 18" t="1"/>
		<b id="17" c="17 19" t="ar"/>
		<b id="18" c="19 20" t="ar"/>
		<b id="19" c="20 21" t="ar"/>
		<b id="20" c="15 21" t="ar"/>
		<b id="21" c="21 22" t="1"/>
		<b id="22" c="12 23" t="1"/>
		<b id="23" c="8 23" t="1"/>
		<b id="24" c="12 13" t="1"/>
		<b id="25" c="1 24" t="1"/>
		<b id="26" c="1 25" t="1"/>
		<b id="27" c="1 26" t="1"/>
		<b id="28" c="3 27" t="1"/>
		<b id="29" c="3 28" t="1"/>
		<b id="30" c="3 29" t="1"/>
		<b id="31" c="4 30" t="1"/>
		<b id="32" c="4 31" t="1"/>
		<b id="33" c="4 32" t="1"/>
		<b id="34" c="9 33" t="1"/>
		<b id="35" c="9 34" t="1"/>
		<b id="36" c="10 35" t="1"/>
		<b id="37" c="10 36" t="1"/>
		<b id="38" c="12 37" t="1"/>
		<b id="39" c="13 38" t="1"/>
		<b id="40" c="13 39" t="1"/>
		<b id="41" c="14 40" t="1"/>
		<b id="42" c="16 41" t="1"/>
		<b id="43" c="20 42" t="1"/>
		<b id="44" c="23 43" t="1"/>
		<b id="45" c="23 44" t="1"/>
	</bonds>
	<geometry>
		<g u="A" t="cart/3d">#44,3:3.8682,-0.0793,-1.6405;2.8665,-0.4062,-0.5343;2.4125,0.8604,0.1898;1.6634,-1.1579,-1.1059;3.4454,-1.3454,0.4070;4.5558,-1.0249,1.0869;5.1417,0.0325,1.0458;4.9898,-2.0722,1.8407;4.2577,-3.2999,2.0580;3.8252,-3.3646,3.5264;4.9344,-3.2397,4.3875;5.6188,-2.0118,4.1921;6.7796,-1.9761,5.1845;6.2590,-2.1685,6.5136;7.0012,-2.1006,7.6416;8.3090,-1.6045,7.6997;8.9322,-1.5382,8.9347;10.5376,-0.9296,9.0232;8.4006,-1.9129,10.0793;7.1639,-2.3927,10.0456;6.4508,-2.4981,8.8777;5.1899,-2.9997,8.8871;6.1063,-1.8970,2.7413;3.3903,0.5390,-2.3949;4.2217,-0.9965,-2.1071;4.7191,0.4569,-1.2300;1.9098,1.5208,-0.5109;3.2699,1.3780,0.6108;1.7230,0.6068,0.9924;1.1433,-0.5321,-1.8246;0.9766,-1.4266,-0.3074;1.9922,-2.0682,-1.6004;4.9203,-4.1448,1.8375;3.3926,-3.3313,1.3996;3.3715,-4.3293,3.7580;3.1019,-2.5606,3.7308;4.9254,-1.1796,4.4015;7.4982,-2.7655,4.9226;7.2792,-1.0059,5.1179;5.4164,-2.7253,6.5543;8.8268,-1.2820,6.8133;6.7403,-2.7010,10.9899;6.8477,-2.6798,2.5446;6.5437,-0.9161,2.5528;</g>
	</geometry>
	<conformers/>
	<properties/>
</molecule>
