<?xml version="1.0" ?>
<!--MOLLI PACKAGE EXPERIMENTAL XML FORMAT-->
<molecule name="el1910">
	<atoms>
		<a id="1" s="F" t="F" l="F"/>
		<a id="2" s="C" t="C.ar" l="C"/>
		<a id="3" s="C" t="C.ar" l="C"/>
		<a id="4" s="C" t="C.ar" l="C"/>
		<a id="5" s="F" t="F" l="F"/>
		<a id="6" s="C" t="C.ar" l="C"/>
		<a id="7" s="C" t="C.ar" l="C"/>
		<a id="8" s="C" t="C.ar" l="C"/>
		<a id="9" s="C" t="C.ar" l="C"/>
		<a id="10" s="C" t="C.ar" l="C"/>
		<a id="11" s="N" t="N.ar" l="N"/>
		<a id="12" s="C" t="C.ar" l="C"/>
		<a id="13" s="Cl" t="Cl" l="CL"/>
		<a id="14" s="N" t="N.ar" l="N"/>
		<a id="15" s="C" t="C.ar" l="C"/>
		<a id="16" s="H" t="H" l="H"/>
		<a id="17" s="H" t="H" l="H"/>
		<a id="18" s="H" t="H" l="H"/>
		<a id="19" s="H" t="H" l="H"/>
		<a id="20" s="H" t="H" l="H"/>
	</atoms>
	<bonds>
		<b id="1" c="1 2" t="1"/>
		<b id="2" c="2 3" t="ar"/>
		<b id="3" c="3 4" t="ar"/>
		<b id="4" c="4 5" t="1"/>
		<b id="5" c="4 6" t="ar"/>
		<b id="6" c="6 7" t="ar"/>
		<b id="7" c="7 8" t="1"/>
		<b id="8" c="8 9" t="ar"/>
		<b id="9" c="9 10" t="ar"/>
		<b id="10" c="10 11" t="ar"/>
		<b id="11" c="11 12" t="ar"/>
		<b id="12" c="12 13" t="1"/>
		<b id="13" c="12 14" t="ar"/>
		<b id="14" c="8 14" t="ar"/>
		<b id="15" c="7 15" t="ar"/>
		<b id="16" c="2 15" t="ar"/>
		<b id="17" c="3 16" t="1"/>
		<b id="18" c="6 17" t="1"/>
		<b id="19" c="9 18" t="1"/>
		<b id="20" c="10 19" t="1"/>
		<b id="21" c="15 20" t="1"/>
	</bonds>
	<geometry>
		<g u="A" t="cart/3d">#20,3:2.3474,0.8570,0.1279;1.1810,0.1965,0.0646;0.0106,0.9293,-0.0414;-1.1756,0.2199,-0.1025;-2.3311,0.8996,-0.1935;-1.2174,-1.1614,-0.0741;-0.0236,-1.8718,0.0294;-0.0053,-3.3393,0.0741;-1.0247,-4.1401,-0.4480;-0.8658,-5.5110,-0.3222;0.1916,-6.0535,0.2592;1.1035,-5.2092,0.7040;2.4793,-5.8914,1.4403;1.0651,-3.8965,0.6409;1.1858,-1.1837,0.1073;0.0220,2.0064,-0.0690;-2.1739,-1.6569,-0.1058;-1.8841,-3.7223,-0.9430;-1.6021,-6.2100,-0.6953;2.1097,-1.7301,0.2010;</g>
	</geometry>
	<conformers/>
	<properties/>
</molecule>
