<?xml version="1.0" ?>
<!--MOLLI PACKAGE EXPERIMENTAL XML FORMAT-->
<molecule name="el1915">
	<atoms>
		<a id="1" s="C" t="C.3" l="C"/>
		<a id="2" s="C" t="C.ar" l="C"/>
		<a id="3" s="C" t="C.ar" l="C"/>
		<a id="4" s="C" t="C.ar" l="C"/>
		<a id="5" s="C" t="C.ar" l="C"/>
		<a id="6" s="C" t="C.ar" l="C"/>
		<a id="7" s="C" t="C.ar" l="C"/>
		<a id="8" s="C" t="C.ar" l="C"/>
		<a id="9" s="C" t="C.ar" l="C"/>
		<a id="10" s="C" t="C.2" l="C"/>
		<a id="11" s="N" t="N.am" l="N"/>
		<a id="12" s="O" t="O.2" l="O"/>
		<a id="13" s="C" t="C.ar" l="C"/>
		<a id="14" s="C" t="C.ar" l="C"/>
		<a id="15" s="C" t="C.ar" l="C"/>
		<a id="16" s="C" t="C.ar" l="C"/>
		<a id="17" s="Cl" t="Cl" l="CL"/>
		<a id="18" s="H" t="H" l="H"/>
		<a id="19" s="H" t="H" l="H"/>
		<a id="20" s="H" t="H" l="H"/>
		<a id="21" s="H" t="H" l="H"/>
		<a id="22" s="H" t="H" l="H"/>
		<a id="23" s="H" t="H" l="H"/>
		<a id="24" s="H" t="H" l="H"/>
		<a id="25" s="H" t="H" l="H"/>
		<a id="26" s="H" t="H" l="H"/>
		<a id="27" s="H" t="H" l="H"/>
		<a id="28" s="H" t="H" l="H"/>
		<a id="29" s="H" t="H" l="H"/>
	</atoms>
	<bonds>
		<b id="1" c="1 2" t="1"/>
		<b id="2" c="2 3" t="ar"/>
		<b id="3" c="3 4" t="ar"/>
		<b id="4" c="4 5" t="ar"/>
		<b id="5" c="5 6" t="1"/>
		<b id="6" c="6 7" t="ar"/>
		<b id="7" c="7 8" t="ar"/>
		<b id="8" c="8 9" t="ar"/>
		<b id="9" c="9 10" t="1"/>
		<b id="10" c="10 11" t="am"/>
		<b id="11" c="10 12" t="2"/>
		<b id="12" c="9 13" t="ar"/>
		<b id="13" c="13 14" t="ar"/>
		<b id="14" c="6 14" t="ar"/>
		<b id="15" c="5 15" t="ar"/>
		<b id="16" c="15 16" t="ar"/>
		<b id="17" c="2 16" t="ar"/>
		<b id="18" c="16 17" t="1"/>
		<b id="19" c="1 18" t="1"/>
		<b id="20" c="1 19" t="1"/>
		<b id="21" c="1 20" t="1"/>
		<b id="22" c="3 21" t="1"/>
		<b id="23" c="4 22" t="1"/>
		<b id="24" c="7 23" t="1"/>
		<b id="25" c="8 24" t="1"/>
		<b id="26" c="11 25" t="1"/>
		<b id="27" c="11 26" t="1"/>
		<b id="28" c="13 27" t="1"/>
		<b id="29" c="14 28" t="1"/>
		<b id="30" c="15 29" t="1"/>
	</bonds>
	<geometry>
		<g u="A" t="cart/3d">#29,3:0.4335,2.2824,-0.0173;-0.3648,1.0188,-0.0045;-0.8321,0.4620,1.1790;-1.5686,-0.7071,1.1880;-1.8723,-1.3622,-0.0021;-2.6623,-2.6014,-0.0076;-3.6563,-2.8061,-0.9634;-4.4026,-3.9660,-0.9609;-4.1629,-4.9621,-0.0178;-5.0103,-6.1880,-0.0692;-4.4376,-7.3158,0.4247;-6.1377,-6.1874,-0.5170;-3.1771,-4.7591,0.9433;-2.4413,-3.5901,0.9493;-1.4148,-0.8145,-1.1977;-0.6737,0.3515,-1.1878;-0.1177,0.9927,-2.6994;0.6100,2.6387,0.9940;-0.0932,3.0549,-0.5769;1.3921,2.1186,-0.5082;-0.6136,0.9603,2.1121;-1.9322,-1.1038,2.1239;-3.8586,-2.0369,-1.6936;-5.1865,-4.1243,-1.6861;-3.4658,-7.3611,0.6712;-4.9598,-8.1742,0.3659;-2.9972,-5.4988,1.7104;-1.6720,-3.4459,1.6936;-1.6191,-1.3098,-2.1343;</g>
	</geometry>
	<conformers/>
	<properties/>
</molecule>
