<?xml version="1.0" ?>
<!--MOLLI PACKAGE EXPERIMENTAL XML FORMAT-->
<molecule name="el1918">
	<atoms>
		<a id="1" s="C" t="C.3" l="C"/>
		<a id="2" s="C" t="C.ar" l="C"/>
		<a id="3" s="C" t="C.ar" l="C"/>
		<a id="4" s="C" t="C.ar" l="C"/>
		<a id="5" s="C" t="C.ar" l="C"/>
		<a id="6" s="O" t="O.3" l="O"/>
		<a id="7" s="C" t="C.ar" l="C"/>
		<a id="8" s="N" t="N.ar" l="N"/>
		<a id="9" s="C" t="C.ar" l="C"/>
		<a id="10" s="Cl" t="Cl" l="CL"/>
		<a id="11" s="C" t="C.ar" l="C"/>
		<a id="12" s="C" t="C.ar" l="C"/>
		<a id="13" s="C" t="C.ar" l="C"/>
		<a id="14" s="N" t="N.pl3" l="N"/>
		<a id="15" s="C" t="C.3" l="C"/>
		<a id="16" s="C" t="C.3" l="C"/>
		<a id="17" s="C" t="C.3" l="C"/>
		<a id="18" s="C" t="C.3" l="C"/>
		<a id="19" s="C" t="C.3" l="C"/>
		<a id="20" s="C" t="C.ar" l="C"/>
		<a id="21" s="C" t="C.ar" l="C"/>
		<a id="22" s="N" t="N.pl3" l="N"/>
		<a id="23" s="O" t="O.2" l="O"/>
		<a id="24" s="O" t="O.co2" l="O"/>
		<a id="25" s="H" t="H" l="H"/>
		<a id="26" s="H" t="H" l="H"/>
		<a id="27" s="H" t="H" l="H"/>
		<a id="28" s="H" t="H" l="H"/>
		<a id="29" s="H" t="H" l="H"/>
		<a id="30" s="H" t="H" l="H"/>
		<a id="31" s="H" t="H" l="H"/>
		<a id="32" s="H" t="H" l="H"/>
		<a id="33" s="H" t="H" l="H"/>
		<a id="34" s="H" t="H" l="H"/>
		<a id="35" s="H" t="H" l="H"/>
		<a id="36" s="H" t="H" l="H"/>
		<a id="37" s="H" t="H" l="H"/>
		<a id="38" s="H" t="H" l="H"/>
		<a id="39" s="H" t="H" l="H"/>
		<a id="40" s="H" t="H" l="H"/>
		<a id="41" s="H" t="H" l="H"/>
		<a id="42" s="H" t="H" l="H"/>
	</atoms>
	<bonds>
		<b id="1" c="1 2" t="1"/>
		<b id="2" c="2 3" t="ar"/>
		<b id="3" c="3 4" t="ar"/>
		<b id="4" c="4 5" t="ar"/>
		<b id="5" c="5 6" t="1"/>
		<b id="6" c="6 7" t="1"/>
		<b id="7" c="7 8" t="ar"/>
		<b id="8" c="8 9" t="ar"/>
		<b id="9" c="9 10" t="1"/>
		<b id="10" c="9 11" t="ar"/>
		<b id="11" c="11 12" t="ar"/>
		<b id="12" c="12 13" t="ar"/>
		<b id="13" c="7 13" t="ar"/>
		<b id="14" c="13 14" t="1"/>
		<b id="15" c="14 15" t="1"/>
		<b id="16" c="15 16" t="1"/>
		<b id="17" c="16 17" t="1"/>
		<b id="18" c="17 18" t="1"/>
		<b id="19" c="18 19" t="1"/>
		<b id="20" c="14 19" t="1"/>
		<b id="21" c="5 20" t="ar"/>
		<b id="22" c="20 21" t="ar"/>
		<b id="23" c="2 21" t="ar"/>
		<b id="24" c="21 22" t="1"/>
		<b id="25" c="22 23" t="2"/>
		<b id="26" c="22 24" t="1"/>
		<b id="27" c="1 25" t="1"/>
		<b id="28" c="1 26" t="1"/>
		<b id="29" c="1 27" t="1"/>
		<b id="30" c="3 28" t="1"/>
		<b id="31" c="4 29" t="1"/>
		<b id="32" c="11 30" t="1"/>
		<b id="33" c="12 31" t="1"/>
		<b id="34" c="15 32" t="1"/>
		<b id="35" c="15 33" t="1"/>
		<b id="36" c="16 34" t="1"/>
		<b id="37" c="16 35" t="1"/>
		<b id="38" c="17 36" t="1"/>
		<b id="39" c="17 37" t="1"/>
		<b id="40" c="18 38" t="1"/>
		<b id="41" c="18 39" t="1"/>
		<b id="42" c="19 40" t="1"/>
		<b id="43" c="19 41" t="1"/>
		<b id="44" c="20 42" t="1"/>
	</bonds>
	<geometry>
		<g u="A" t="cart/3d">#42,3:-5.2792,-3.8798,3.7709;-4.8196,-2.8495,2.7954;-5.7210,-1.9009,2.3190;-5.3667,-0.9158,1.4189;-4.0564,-0.8466,0.9520;-3.5963,0.0422,0.0180;-4.1010,1.2951,-0.1130;-4.9044,1.7531,0.8184;-5.4039,2.9711,0.7122;-6.4640,3.4559,1.9787;-5.1188,3.8113,-0.3443;-4.2595,3.3367,-1.3238;-3.7069,2.0549,-1.2477;-2.9072,1.5145,-2.2308;-2.8884,2.1140,-3.5481;-2.5845,1.0370,-4.5910;-1.2594,0.3483,-4.2851;-1.3068,-0.2143,-2.8689;-1.6362,0.9045,-1.8862;-3.1398,-1.7913,1.3870;-3.5131,-2.7750,2.2963;-2.4828,-3.7039,2.6842;-2.6431,-4.3715,3.6840;-1.4931,-3.7616,1.9824;-6.3599,-3.8393,3.8800;-4.8187,-3.7111,4.7434;-4.9875,-4.8804,3.4575;-6.7416,-1.9386,2.6689;-6.0995,-0.2019,1.0838;-5.5423,4.7998,-0.4004;-4.0079,3.9831,-2.1492;-2.1319,2.9127,-3.6139;-3.8702,2.5416,-3.7585;-2.5599,1.4950,-5.5811;-3.3872,0.2977,-4.5755;-0.4436,1.0709,-4.3643;-1.0742,-0.4487,-5.0066;-0.3499,-0.6632,-2.6006;-2.0781,-0.9829,-2.8024;-0.8422,1.6685,-1.9274;-1.6815,0.5154,-0.8722;-2.1245,-1.7689,1.0224;</g>
	</geometry>
	<conformers/>
	<properties/>
</molecule>
