<?xml version="1.0" ?>
<!--MOLLI PACKAGE EXPERIMENTAL XML FORMAT-->
<molecule name="el1919">
	<atoms>
		<a id="1" s="C" t="C.3" l="C"/>
		<a id="2" s="C" t="C.ar" l="C"/>
		<a id="3" s="C" t="C.ar" l="C"/>
		<a id="4" s="C" t="C.ar" l="C"/>
		<a id="5" s="C" t="C.ar" l="C"/>
		<a id="6" s="O" t="O.3" l="O"/>
		<a id="7" s="C" t="C.ar" l="C"/>
		<a id="8" s="N" t="N.ar" l="N"/>
		<a id="9" s="C" t="C.ar" l="C"/>
		<a id="10" s="Cl" t="Cl" l="CL"/>
		<a id="11" s="C" t="C.ar" l="C"/>
		<a id="12" s="C" t="C.ar" l="C"/>
		<a id="13" s="C" t="C.ar" l="C"/>
		<a id="14" s="N" t="N.pl3" l="N"/>
		<a id="15" s="C" t="C.3" l="C"/>
		<a id="16" s="C" t="C.3" l="C"/>
		<a id="17" s="O" t="O.3" l="O"/>
		<a id="18" s="C" t="C.3" l="C"/>
		<a id="19" s="C" t="C.3" l="C"/>
		<a id="20" s="C" t="C.ar" l="C"/>
		<a id="21" s="C" t="C.ar" l="C"/>
		<a id="22" s="N" t="N.pl3" l="N"/>
		<a id="23" s="O" t="O.2" l="O"/>
		<a id="24" s="O" t="O.co2" l="O"/>
		<a id="25" s="H" t="H" l="H"/>
		<a id="26" s="H" t="H" l="H"/>
		<a id="27" s="H" t="H" l="H"/>
		<a id="28" s="H" t="H" l="H"/>
		<a id="29" s="H" t="H" l="H"/>
		<a id="30" s="H" t="H" l="H"/>
		<a id="31" s="H" t="H" l="H"/>
		<a id="32" s="H" t="H" l="H"/>
		<a id="33" s="H" t="H" l="H"/>
		<a id="34" s="H" t="H" l="H"/>
		<a id="35" s="H" t="H" l="H"/>
		<a id="36" s="H" t="H" l="H"/>
		<a id="37" s="H" t="H" l="H"/>
		<a id="38" s="H" t="H" l="H"/>
		<a id="39" s="H" t="H" l="H"/>
		<a id="40" s="H" t="H" l="H"/>
	</atoms>
	<bonds>
		<b id="1" c="1 2" t="1"/>
		<b id="2" c="2 3" t="ar"/>
		<b id="3" c="3 4" t="ar"/>
		<b id="4" c="4 5" t="ar"/>
		<b id="5" c="5 6" t="1"/>
		<b id="6" c="6 7" t="1"/>
		<b id="7" c="7 8" t="ar"/>
		<b id="8" c="8 9" t="ar"/>
		<b id="9" c="9 10" t="1"/>
		<b id="10" c="9 11" t="ar"/>
		<b id="11" c="11 12" t="ar"/>
		<b id="12" c="12 13" t="ar"/>
		<b id="13" c="7 13" t="ar"/>
		<b id="14" c="13 14" t="1"/>
		<b id="15" c="14 15" t="1"/>
		<b id="16" c="15 16" t="1"/>
		<b id="17" c="16 17" t="1"/>
		<b id="18" c="17 18" t="1"/>
		<b id="19" c="18 19" t="1"/>
		<b id="20" c="14 19" t="1"/>
		<b id="21" c="5 20" t="ar"/>
		<b id="22" c="20 21" t="ar"/>
		<b id="23" c="2 21" t="ar"/>
		<b id="24" c="21 22" t="1"/>
		<b id="25" c="22 23" t="2"/>
		<b id="26" c="22 24" t="1"/>
		<b id="27" c="1 25" t="1"/>
		<b id="28" c="1 26" t="1"/>
		<b id="29" c="1 27" t="1"/>
		<b id="30" c="3 28" t="1"/>
		<b id="31" c="4 29" t="1"/>
		<b id="32" c="11 30" t="1"/>
		<b id="33" c="12 31" t="1"/>
		<b id="34" c="15 32" t="1"/>
		<b id="35" c="15 33" t="1"/>
		<b id="36" c="16 34" t="1"/>
		<b id="37" c="16 35" t="1"/>
		<b id="38" c="18 36" t="1"/>
		<b id="39" c="18 37" t="1"/>
		<b id="40" c="19 38" t="1"/>
		<b id="41" c="19 39" t="1"/>
		<b id="42" c="20 40" t="1"/>
	</bonds>
	<geometry>
		<g u="A" t="cart/3d">#40,3:-5.1700,-4.1712,3.3740;-4.7148,-3.1218,2.4177;-5.6337,-2.1943,1.9309;-5.2882,-1.1930,1.0469;-3.9698,-1.0810,0.6127;-3.5362,-0.1600,-0.3087;-4.0299,1.1067,-0.3133;-4.7140,1.4993,0.7353;-5.2182,2.7185,0.7767;-6.1121,3.1124,2.1921;-5.0599,3.6255,-0.2509;-4.3206,3.2227,-1.3524;-3.7600,1.9429,-1.4307;-3.0890,1.4735,-2.5400;-1.8408,0.7419,-2.4088;-0.6576,1.7176,-2.4779;-0.6673,2.4575,-3.6788;-1.8669,3.1842,-3.8201;-3.0752,2.2390,-3.7715;-3.0347,-1.9981,1.0598;-3.3997,-3.0046,1.9496;-2.3493,-3.9058,2.3517;-2.5447,-4.6534,3.2864;-1.3105,-3.8662,1.7238;-6.2507,-4.1359,3.4851;-4.7081,-4.0214,4.3489;-4.8753,-5.1644,3.0402;-6.6599,-2.2653,2.2583;-6.0345,-0.4999,0.6964;-5.4894,4.6114,-0.1958;-4.1810,3.9272,-2.1561;-1.7757,0.0356,-3.2423;-1.8136,0.1923,-1.4730;0.2894,1.1765,-2.4640;-0.6988,2.4023,-1.6153;-1.8053,3.6905,-4.7848;-1.9430,3.9356,-3.0186;-2.9812,1.5186,-4.5915;-4.0112,2.7813,-3.8967;-2.0110,-1.9404,0.7236;</g>
	</geometry>
	<conformers/>
	<properties/>
</molecule>
