<?xml version="1.0" ?>
<!--MOLLI PACKAGE EXPERIMENTAL XML FORMAT-->
<molecule name="el1812">
	<atoms>
		<a id="1" s="C" t="C.3" l="C"/>
		<a id="2" s="O" t="O.3" l="O"/>
		<a id="3" s="C" t="C.2" l="C"/>
		<a id="4" s="O" t="O.2" l="O"/>
		<a id="5" s="C" t="C.ar" l="C"/>
		<a id="6" s="C" t="C.ar" l="C"/>
		<a id="7" s="N" t="N.ar" l="N"/>
		<a id="8" s="C" t="C.ar" l="C"/>
		<a id="9" s="Cl" t="Cl" l="CL"/>
		<a id="10" s="C" t="C.ar" l="C"/>
		<a id="11" s="C" t="C.ar" l="C"/>
		<a id="12" s="N" t="N.pl3" l="N"/>
		<a id="13" s="C" t="C.3" l="C"/>
		<a id="14" s="C" t="C.3" l="C"/>
		<a id="15" s="C" t="C.3" l="C"/>
		<a id="16" s="C" t="C.3" l="C"/>
		<a id="17" s="C" t="C.3" l="C"/>
		<a id="18" s="N" t="N.am" l="N"/>
		<a id="19" s="C" t="C.2" l="C"/>
		<a id="20" s="O" t="O.2" l="O"/>
		<a id="21" s="O" t="O.3" l="O"/>
		<a id="22" s="C" t="C.3" l="C"/>
		<a id="23" s="C" t="C.3" l="C"/>
		<a id="24" s="C" t="C.3" l="C"/>
		<a id="25" s="C" t="C.3" l="C"/>
		<a id="26" s="C" t="C.3" l="C"/>
		<a id="27" s="C" t="C.3" l="C"/>
		<a id="28" s="H" t="H" l="H"/>
		<a id="29" s="H" t="H" l="H"/>
		<a id="30" s="H" t="H" l="H"/>
		<a id="31" s="H" t="H" l="H"/>
		<a id="32" s="H" t="H" l="H"/>
		<a id="33" s="H" t="H" l="H"/>
		<a id="34" s="H" t="H" l="H"/>
		<a id="35" s="H" t="H" l="H"/>
		<a id="36" s="H" t="H" l="H"/>
		<a id="37" s="H" t="H" l="H"/>
		<a id="38" s="H" t="H" l="H"/>
		<a id="39" s="H" t="H" l="H"/>
		<a id="40" s="H" t="H" l="H"/>
		<a id="41" s="H" t="H" l="H"/>
		<a id="42" s="H" t="H" l="H"/>
		<a id="43" s="H" t="H" l="H"/>
		<a id="44" s="H" t="H" l="H"/>
		<a id="45" s="H" t="H" l="H"/>
		<a id="46" s="H" t="H" l="H"/>
		<a id="47" s="H" t="H" l="H"/>
		<a id="48" s="H" t="H" l="H"/>
		<a id="49" s="H" t="H" l="H"/>
		<a id="50" s="H" t="H" l="H"/>
		<a id="51" s="H" t="H" l="H"/>
		<a id="52" s="H" t="H" l="H"/>
		<a id="53" s="H" t="H" l="H"/>
		<a id="54" s="H" t="H" l="H"/>
		<a id="55" s="H" t="H" l="H"/>
	</atoms>
	<bonds>
		<b id="1" c="1 2" t="1"/>
		<b id="2" c="2 3" t="1"/>
		<b id="3" c="3 4" t="2"/>
		<b id="4" c="3 5" t="1"/>
		<b id="5" c="5 6" t="ar"/>
		<b id="6" c="6 7" t="ar"/>
		<b id="7" c="7 8" t="ar"/>
		<b id="8" c="8 9" t="1"/>
		<b id="9" c="8 10" t="ar"/>
		<b id="10" c="10 11" t="ar"/>
		<b id="11" c="5 11" t="ar"/>
		<b id="12" c="11 12" t="1"/>
		<b id="13" c="12 13" t="1"/>
		<b id="14" c="13 14" t="1"/>
		<b id="15" c="14 15" t="1"/>
		<b id="16" c="15 16" t="1"/>
		<b id="17" c="16 17" t="1"/>
		<b id="18" c="17 18" t="1"/>
		<b id="19" c="18 19" t="am"/>
		<b id="20" c="19 20" t="2"/>
		<b id="21" c="19 21" t="1"/>
		<b id="22" c="21 22" t="1"/>
		<b id="23" c="22 23" t="1"/>
		<b id="24" c="22 24" t="1"/>
		<b id="25" c="22 25" t="1"/>
		<b id="26" c="18 26" t="1"/>
		<b id="27" c="26 27" t="1"/>
		<b id="28" c="15 27" t="1"/>
		<b id="29" c="1 28" t="1"/>
		<b id="30" c="1 29" t="1"/>
		<b id="31" c="1 30" t="1"/>
		<b id="32" c="6 31" t="1"/>
		<b id="33" c="10 32" t="1"/>
		<b id="34" c="12 33" t="1"/>
		<b id="35" c="13 34" t="1"/>
		<b id="36" c="13 35" t="1"/>
		<b id="37" c="14 36" t="1"/>
		<b id="38" c="14 37" t="1"/>
		<b id="39" c="15 38" t="1"/>
		<b id="40" c="16 39" t="1"/>
		<b id="41" c="16 40" t="1"/>
		<b id="42" c="17 41" t="1"/>
		<b id="43" c="17 42" t="1"/>
		<b id="44" c="23 43" t="1"/>
		<b id="45" c="23 44" t="1"/>
		<b id="46" c="23 45" t="1"/>
		<b id="47" c="24 46" t="1"/>
		<b id="48" c="24 47" t="1"/>
		<b id="49" c="24 48" t="1"/>
		<b id="50" c="25 49" t="1"/>
		<b id="51" c="25 50" t="1"/>
		<b id="52" c="25 51" t="1"/>
		<b id="53" c="26 52" t="1"/>
		<b id="54" c="26 53" t="1"/>
		<b id="55" c="27 54" t="1"/>
		<b id="56" c="27 55" t="1"/>
	</bonds>
	<geometry>
		<g u="A" t="cart/3d">#55,3:1.7301,-2.4457,-1.5802;1.8119,-3.2309,-0.4005;2.4034,-2.6492,0.6495;2.8446,-1.5138,0.5925;2.4603,-3.5127,1.8316;1.9138,-4.7936,1.8066;1.9334,-5.6317,2.8207;2.5182,-5.2150,3.9350;2.5225,-6.3428,5.2319;3.1004,-3.9814,4.1109;3.0840,-3.0707,3.0363;3.6215,-1.8506,3.1248;4.3145,-1.3136,4.2701;4.7767,0.1057,3.9536;5.5550,0.7520,5.1067;5.6447,2.2745,4.9407;6.5762,2.6602,3.7924;7.8843,2.0780,3.9907;8.9554,2.8813,4.2000;8.8915,4.0898,4.1487;10.0690,2.1635,4.4420;11.3413,2.8295,4.6172;11.3001,3.7518,5.8355;12.3269,1.6825,4.8491;11.7129,3.6054,3.3538;7.8916,0.6399,4.1141;6.9769,0.1961,5.2584;1.2306,-3.0647,-2.3207;2.7295,-2.1677,-1.9220;1.1584,-1.5343,-1.3917;1.4335,-5.1582,0.9102;3.5534,-3.7236,5.0524;3.5485,-1.2768,2.2892;5.1740,-1.9511,4.5117;3.6472,-1.3014,5.1416;3.8936,0.7124,3.7414;5.3861,0.0794,3.0505;5.0045,0.5440,6.0322;6.0354,2.7086,5.8631;4.6548,2.6963,4.7624;6.7021,3.7430,3.7473;6.1707,2.3112,2.8366;11.0010,3.1913,6.7189;10.5882,4.5555,5.6701;12.2847,4.1786,6.0045;12.0367,1.1130,5.7283;13.3274,2.0775,4.9969;12.3316,1.0152,3.9911;11.0019,4.4098,3.1879;11.7016,2.9418,2.4914;12.7078,4.0278,3.4622;8.9118,0.3070,4.2986;7.5531,0.2062,3.1656;7.3945,0.5662,6.1968;6.9646,-0.8930,5.3054;</g>
	</geometry>
	<conformers/>
	<properties/>
</molecule>
