<?xml version="1.0" ?>
<!--MOLLI PACKAGE EXPERIMENTAL XML FORMAT-->
<molecule name="el1920">
	<atoms>
		<a id="1" s="C" t="C.3" l="C"/>
		<a id="2" s="C" t="C.ar" l="C"/>
		<a id="3" s="C" t="C.ar" l="C"/>
		<a id="4" s="C" t="C.ar" l="C"/>
		<a id="5" s="C" t="C.ar" l="C"/>
		<a id="6" s="O" t="O.3" l="O"/>
		<a id="7" s="C" t="C.ar" l="C"/>
		<a id="8" s="N" t="N.ar" l="N"/>
		<a id="9" s="C" t="C.ar" l="C"/>
		<a id="10" s="Cl" t="Cl" l="CL"/>
		<a id="11" s="C" t="C.ar" l="C"/>
		<a id="12" s="C" t="C.ar" l="C"/>
		<a id="13" s="C" t="C.ar" l="C"/>
		<a id="14" s="N" t="N.pl3" l="N"/>
		<a id="15" s="C" t="C.3" l="C"/>
		<a id="16" s="C" t="C.3" l="C"/>
		<a id="17" s="N" t="N.3" l="N"/>
		<a id="18" s="C" t="C.3" l="C"/>
		<a id="19" s="C" t="C.3" l="C"/>
		<a id="20" s="C" t="C.3" l="C"/>
		<a id="21" s="C" t="C.ar" l="C"/>
		<a id="22" s="C" t="C.ar" l="C"/>
		<a id="23" s="N" t="N.pl3" l="N"/>
		<a id="24" s="O" t="O.2" l="O"/>
		<a id="25" s="O" t="O.co2" l="O"/>
		<a id="26" s="H" t="H" l="H"/>
		<a id="27" s="H" t="H" l="H"/>
		<a id="28" s="H" t="H" l="H"/>
		<a id="29" s="H" t="H" l="H"/>
		<a id="30" s="H" t="H" l="H"/>
		<a id="31" s="H" t="H" l="H"/>
		<a id="32" s="H" t="H" l="H"/>
		<a id="33" s="H" t="H" l="H"/>
		<a id="34" s="H" t="H" l="H"/>
		<a id="35" s="H" t="H" l="H"/>
		<a id="36" s="H" t="H" l="H"/>
		<a id="37" s="H" t="H" l="H"/>
		<a id="38" s="H" t="H" l="H"/>
		<a id="39" s="H" t="H" l="H"/>
		<a id="40" s="H" t="H" l="H"/>
		<a id="41" s="H" t="H" l="H"/>
		<a id="42" s="H" t="H" l="H"/>
		<a id="43" s="H" t="H" l="H"/>
		<a id="44" s="H" t="H" l="H"/>
	</atoms>
	<bonds>
		<b id="1" c="1 2" t="1"/>
		<b id="2" c="2 3" t="ar"/>
		<b id="3" c="3 4" t="ar"/>
		<b id="4" c="4 5" t="ar"/>
		<b id="5" c="5 6" t="1"/>
		<b id="6" c="6 7" t="1"/>
		<b id="7" c="7 8" t="ar"/>
		<b id="8" c="8 9" t="ar"/>
		<b id="9" c="9 10" t="1"/>
		<b id="10" c="9 11" t="ar"/>
		<b id="11" c="11 12" t="ar"/>
		<b id="12" c="12 13" t="ar"/>
		<b id="13" c="7 13" t="ar"/>
		<b id="14" c="13 14" t="1"/>
		<b id="15" c="14 15" t="1"/>
		<b id="16" c="15 16" t="1"/>
		<b id="17" c="16 17" t="1"/>
		<b id="18" c="17 18" t="1"/>
		<b id="19" c="17 19" t="1"/>
		<b id="20" c="19 20" t="1"/>
		<b id="21" c="14 20" t="1"/>
		<b id="22" c="5 21" t="ar"/>
		<b id="23" c="21 22" t="ar"/>
		<b id="24" c="2 22" t="ar"/>
		<b id="25" c="22 23" t="1"/>
		<b id="26" c="23 24" t="2"/>
		<b id="27" c="23 25" t="1"/>
		<b id="28" c="1 26" t="1"/>
		<b id="29" c="1 27" t="1"/>
		<b id="30" c="1 28" t="1"/>
		<b id="31" c="3 29" t="1"/>
		<b id="32" c="4 30" t="1"/>
		<b id="33" c="11 31" t="1"/>
		<b id="34" c="12 32" t="1"/>
		<b id="35" c="15 33" t="1"/>
		<b id="36" c="15 34" t="1"/>
		<b id="37" c="16 35" t="1"/>
		<b id="38" c="16 36" t="1"/>
		<b id="39" c="18 37" t="1"/>
		<b id="40" c="18 38" t="1"/>
		<b id="41" c="18 39" t="1"/>
		<b id="42" c="19 40" t="1"/>
		<b id="43" c="19 41" t="1"/>
		<b id="44" c="20 42" t="1"/>
		<b id="45" c="20 43" t="1"/>
		<b id="46" c="21 44" t="1"/>
	</bonds>
	<geometry>
		<g u="A" t="cart/3d">#44,3:-5.0131,-3.9960,3.6403;-4.6286,-3.0096,2.5901;-5.5060,-1.9769,2.2666;-5.2246,-1.0290,1.3041;-4.0156,-1.0838,0.6149;-3.6637,-0.2420,-0.4076;-4.0401,1.0647,-0.4142;-4.4767,1.5816,0.7099;-4.8578,2.8450,0.7507;-5.4296,3.4068,2.2733;-4.8219,3.6703,-0.3541;-4.3431,3.1335,-1.5394;-3.9160,1.8031,-1.6232;-3.5120,1.2069,-2.7970;-2.3292,0.3695,-2.8458;-1.0939,1.2116,-3.1787;-1.2775,1.8689,-4.4597;-0.0911,2.5775,-4.8835;-2.4403,2.7356,-4.4109;-3.6703,1.8934,-4.0611;-3.1258,-2.1054,0.9018;-3.4249,-3.0547,1.8746;-2.4293,-4.0732,2.0933;-2.5362,-4.8003,3.0580;-1.5215,-4.1479,1.2894;-6.0345,-3.8182,3.9673;-4.3466,-3.9187,4.4982;-4.9271,-5.0164,3.2710;-6.4484,-1.9188,2.7902;-5.9366,-0.2503,1.0883;-5.1484,4.6949,-0.2960;-4.3014,3.7725,-2.4062;-2.4773,-0.3733,-3.6348;-2.1840,-0.1416,-1.8988;-0.2199,0.5604,-3.2455;-0.9220,1.9437,-2.3662;0.7375,1.8749,-4.9495;0.1900,3.3891,-4.1942;-0.2662,3.0042,-5.8701;-2.5760,3.1923,-5.3941;-2.3102,3.5431,-3.6663;-3.7811,1.1199,-4.8279;-4.5763,2.4989,-4.0525;-2.1893,-2.1750,0.3702;</g>
	</geometry>
	<conformers/>
	<properties/>
</molecule>
