<?xml version="1.0" ?>
<!--MOLLI PACKAGE EXPERIMENTAL XML FORMAT-->
<molecule name="el1923">
	<atoms>
		<a id="1" s="N" t="N.1" l="N"/>
		<a id="2" s="C" t="C.1" l="C"/>
		<a id="3" s="C" t="C.ar" l="C"/>
		<a id="4" s="C" t="C.ar" l="C"/>
		<a id="5" s="C" t="C.ar" l="C"/>
		<a id="6" s="C" t="C.ar" l="C"/>
		<a id="7" s="Cl" t="Cl" l="CL"/>
		<a id="8" s="N" t="N.ar" l="N"/>
		<a id="9" s="C" t="C.ar" l="C"/>
		<a id="10" s="O" t="O.3" l="O"/>
		<a id="11" s="C" t="C.ar" l="C"/>
		<a id="12" s="C" t="C.ar" l="C"/>
		<a id="13" s="C" t="C.ar" l="C"/>
		<a id="14" s="C" t="C.ar" l="C"/>
		<a id="15" s="C" t="C.ar" l="C"/>
		<a id="16" s="N" t="N.pl3" l="N"/>
		<a id="17" s="O" t="O.2" l="O"/>
		<a id="18" s="O" t="O.co2" l="O"/>
		<a id="19" s="C" t="C.ar" l="C"/>
		<a id="20" s="H" t="H" l="H"/>
		<a id="21" s="H" t="H" l="H"/>
		<a id="22" s="H" t="H" l="H"/>
		<a id="23" s="H" t="H" l="H"/>
		<a id="24" s="H" t="H" l="H"/>
		<a id="25" s="H" t="H" l="H"/>
	</atoms>
	<bonds>
		<b id="1" c="1 2" t="3"/>
		<b id="2" c="2 3" t="1"/>
		<b id="3" c="3 4" t="ar"/>
		<b id="4" c="4 5" t="ar"/>
		<b id="5" c="5 6" t="ar"/>
		<b id="6" c="6 7" t="1"/>
		<b id="7" c="6 8" t="ar"/>
		<b id="8" c="8 9" t="ar"/>
		<b id="9" c="3 9" t="ar"/>
		<b id="10" c="9 10" t="1"/>
		<b id="11" c="10 11" t="1"/>
		<b id="12" c="11 12" t="ar"/>
		<b id="13" c="12 13" t="ar"/>
		<b id="14" c="13 14" t="ar"/>
		<b id="15" c="14 15" t="ar"/>
		<b id="16" c="15 16" t="1"/>
		<b id="17" c="16 17" t="2"/>
		<b id="18" c="16 18" t="1"/>
		<b id="19" c="15 19" t="ar"/>
		<b id="20" c="11 19" t="ar"/>
		<b id="21" c="4 20" t="1"/>
		<b id="22" c="5 21" t="1"/>
		<b id="23" c="12 22" t="1"/>
		<b id="24" c="13 23" t="1"/>
		<b id="25" c="14 24" t="1"/>
		<b id="26" c="19 25" t="1"/>
	</bonds>
	<geometry>
		<g u="A" t="cart/3d">#25,3:6.8412,-3.7009,-0.5729;6.2745,-2.7584,-0.8937;5.5835,-1.5967,-1.2989;6.2200,-0.5706,-1.9935;5.5021,0.5495,-2.3748;4.1554,0.5898,-2.0396;3.1884,1.9339,-2.4725;3.5326,-0.3714,-1.3845;4.2090,-1.4414,-1.0122;3.6073,-2.4036,-0.3054;2.2475,-2.3757,-0.0802;1.3204,-2.0739,-1.0726;-0.0344,-2.1210,-0.7883;-0.4775,-2.4733,0.4730;0.4598,-2.7851,1.4490;0.0111,-3.1547,2.7739;-1.1835,-3.2139,2.9620;0.8571,-3.3802,3.6095;1.8213,-2.7415,1.1883;7.2700,-0.6591,-2.2280;5.9612,1.3616,-2.9115;1.6582,-1.8045,-2.0599;-0.7476,-1.8827,-1.5614;-1.5280,-2.5137,0.7152;2.5338,-2.9891,1.9599;</g>
	</geometry>
	<conformers/>
	<properties/>
</molecule>
