<?xml version="1.0" ?>
<!--MOLLI PACKAGE EXPERIMENTAL XML FORMAT-->
<molecule name="el1924">
	<atoms>
		<a id="1" s="C" t="C.3" l="C"/>
		<a id="2" s="Si" t="Si" l="SI"/>
		<a id="3" s="C" t="C.3" l="C"/>
		<a id="4" s="C" t="C.3" l="C"/>
		<a id="5" s="C" t="C.1" l="C"/>
		<a id="6" s="C" t="C.1" l="C"/>
		<a id="7" s="C" t="C.ar" l="C"/>
		<a id="8" s="C" t="C.ar" l="C"/>
		<a id="9" s="C" t="C.ar" l="C"/>
		<a id="10" s="C" t="C.ar" l="C"/>
		<a id="11" s="Cl" t="Cl" l="CL"/>
		<a id="12" s="N" t="N.ar" l="N"/>
		<a id="13" s="C" t="C.ar" l="C"/>
		<a id="14" s="O" t="O.3" l="O"/>
		<a id="15" s="C" t="C.ar" l="C"/>
		<a id="16" s="C" t="C.ar" l="C"/>
		<a id="17" s="C" t="C.ar" l="C"/>
		<a id="18" s="C" t="C.ar" l="C"/>
		<a id="19" s="C" t="C.ar" l="C"/>
		<a id="20" s="N" t="N.pl3" l="N"/>
		<a id="21" s="O" t="O.2" l="O"/>
		<a id="22" s="O" t="O.co2" l="O"/>
		<a id="23" s="C" t="C.ar" l="C"/>
		<a id="24" s="H" t="H" l="H"/>
		<a id="25" s="H" t="H" l="H"/>
		<a id="26" s="H" t="H" l="H"/>
		<a id="27" s="H" t="H" l="H"/>
		<a id="28" s="H" t="H" l="H"/>
		<a id="29" s="H" t="H" l="H"/>
		<a id="30" s="H" t="H" l="H"/>
		<a id="31" s="H" t="H" l="H"/>
		<a id="32" s="H" t="H" l="H"/>
		<a id="33" s="H" t="H" l="H"/>
		<a id="34" s="H" t="H" l="H"/>
		<a id="35" s="H" t="H" l="H"/>
		<a id="36" s="H" t="H" l="H"/>
		<a id="37" s="H" t="H" l="H"/>
		<a id="38" s="H" t="H" l="H"/>
	</atoms>
	<bonds>
		<b id="1" c="1 2" t="1"/>
		<b id="2" c="2 3" t="1"/>
		<b id="3" c="2 4" t="1"/>
		<b id="4" c="2 5" t="1"/>
		<b id="5" c="5 6" t="3"/>
		<b id="6" c="6 7" t="1"/>
		<b id="7" c="7 8" t="ar"/>
		<b id="8" c="8 9" t="ar"/>
		<b id="9" c="9 10" t="ar"/>
		<b id="10" c="10 11" t="1"/>
		<b id="11" c="10 12" t="ar"/>
		<b id="12" c="12 13" t="ar"/>
		<b id="13" c="7 13" t="ar"/>
		<b id="14" c="13 14" t="1"/>
		<b id="15" c="14 15" t="1"/>
		<b id="16" c="15 16" t="ar"/>
		<b id="17" c="16 17" t="ar"/>
		<b id="18" c="17 18" t="ar"/>
		<b id="19" c="18 19" t="ar"/>
		<b id="20" c="19 20" t="1"/>
		<b id="21" c="20 21" t="2"/>
		<b id="22" c="20 22" t="1"/>
		<b id="23" c="19 23" t="ar"/>
		<b id="24" c="15 23" t="ar"/>
		<b id="25" c="1 24" t="1"/>
		<b id="26" c="1 25" t="1"/>
		<b id="27" c="1 26" t="1"/>
		<b id="28" c="3 27" t="1"/>
		<b id="29" c="3 28" t="1"/>
		<b id="30" c="3 29" t="1"/>
		<b id="31" c="4 30" t="1"/>
		<b id="32" c="4 31" t="1"/>
		<b id="33" c="4 32" t="1"/>
		<b id="34" c="8 33" t="1"/>
		<b id="35" c="9 34" t="1"/>
		<b id="36" c="16 35" t="1"/>
		<b id="37" c="17 36" t="1"/>
		<b id="38" c="18 37" t="1"/>
		<b id="39" c="23 38" t="1"/>
	</bonds>
	<geometry>
		<g u="A" t="cart/3d">#38,3:1.2716,-0.1496,-0.0367;3.1724,-0.0190,-0.0658;3.7362,1.6687,-0.7473;3.9097,-0.3357,1.6631;3.8068,-1.3473,-1.2033;4.2063,-2.2272,-1.9307;4.6505,-3.2599,-2.7816;5.6642,-3.0760,-3.7192;6.0602,-4.1275,-4.5289;5.4120,-5.3416,-4.3621;5.8369,-6.7020,-5.3178;4.4471,-5.5417,-3.4838;4.0666,-4.5435,-2.7125;3.1210,-4.7396,-1.7725;2.3542,-5.8719,-1.7331;1.9246,-6.2752,-0.4684;1.1000,-7.3761,-0.3241;0.6883,-8.0897,-1.4352;1.1075,-7.6682,-2.6897;0.6600,-8.3852,-3.8619;0.0090,-9.3924,-3.6872;0.9543,-7.9330,-4.9459;1.9344,-6.5664,-2.8585;0.8320,0.5866,0.6301;0.9512,-1.1315,0.2988;0.8525,0.0104,-1.0256;3.3974,2.4839,-0.1143;3.3429,1.8422,-1.7446;4.8189,1.7278,-0.8070;3.5487,0.3894,2.3869;4.9937,-0.2715,1.6461;3.6461,-1.3240,2.0277;6.1334,-2.1078,-3.8060;6.8400,-4.0159,-5.2626;2.2518,-5.7086,0.3892;0.7799,-7.6801,0.6600;0.0496,-8.9549,-1.3518;2.2355,-6.2768,-3.8521;</g>
	</geometry>
	<conformers/>
	<properties/>
</molecule>
