<?xml version="1.0" ?>
<!--MOLLI PACKAGE EXPERIMENTAL XML FORMAT-->
<molecule name="el1927">
	<atoms>
		<a id="1" s="C" t="C.3" l="C"/>
		<a id="2" s="C" t="C.ar" l="C"/>
		<a id="3" s="C" t="C.ar" l="C"/>
		<a id="4" s="C" t="C.ar" l="C"/>
		<a id="5" s="C" t="C.ar" l="C"/>
		<a id="6" s="N" t="N.pl3" l="N"/>
		<a id="7" s="O" t="O.2" l="O"/>
		<a id="8" s="O" t="O.co2" l="O"/>
		<a id="9" s="C" t="C.ar" l="C"/>
		<a id="10" s="C" t="C.ar" l="C"/>
		<a id="11" s="O" t="O.3" l="O"/>
		<a id="12" s="C" t="C.ar" l="C"/>
		<a id="13" s="N" t="N.ar" l="N"/>
		<a id="14" s="C" t="C.ar" l="C"/>
		<a id="15" s="Cl" t="Cl" l="CL"/>
		<a id="16" s="C" t="C.ar" l="C"/>
		<a id="17" s="C" t="C.ar" l="C"/>
		<a id="18" s="C" t="C.ar" l="C"/>
		<a id="19" s="N" t="N.pl3" l="N"/>
		<a id="20" s="C" t="C.3" l="C"/>
		<a id="21" s="C" t="C.3" l="C"/>
		<a id="22" s="C" t="C.3" l="C"/>
		<a id="23" s="C" t="C.3" l="C"/>
		<a id="24" s="H" t="H" l="H"/>
		<a id="25" s="H" t="H" l="H"/>
		<a id="26" s="H" t="H" l="H"/>
		<a id="27" s="H" t="H" l="H"/>
		<a id="28" s="H" t="H" l="H"/>
		<a id="29" s="H" t="H" l="H"/>
		<a id="30" s="H" t="H" l="H"/>
		<a id="31" s="H" t="H" l="H"/>
		<a id="32" s="H" t="H" l="H"/>
		<a id="33" s="H" t="H" l="H"/>
		<a id="34" s="H" t="H" l="H"/>
		<a id="35" s="H" t="H" l="H"/>
		<a id="36" s="H" t="H" l="H"/>
		<a id="37" s="H" t="H" l="H"/>
		<a id="38" s="H" t="H" l="H"/>
		<a id="39" s="H" t="H" l="H"/>
	</atoms>
	<bonds>
		<b id="1" c="1 2" t="1"/>
		<b id="2" c="2 3" t="ar"/>
		<b id="3" c="3 4" t="ar"/>
		<b id="4" c="4 5" t="ar"/>
		<b id="5" c="5 6" t="1"/>
		<b id="6" c="6 7" t="2"/>
		<b id="7" c="6 8" t="1"/>
		<b id="8" c="5 9" t="ar"/>
		<b id="9" c="9 10" t="ar"/>
		<b id="10" c="2 10" t="ar"/>
		<b id="11" c="10 11" t="1"/>
		<b id="12" c="11 12" t="1"/>
		<b id="13" c="12 13" t="ar"/>
		<b id="14" c="13 14" t="ar"/>
		<b id="15" c="14 15" t="1"/>
		<b id="16" c="14 16" t="ar"/>
		<b id="17" c="16 17" t="ar"/>
		<b id="18" c="17 18" t="ar"/>
		<b id="19" c="12 18" t="ar"/>
		<b id="20" c="18 19" t="1"/>
		<b id="21" c="19 20" t="1"/>
		<b id="22" c="20 21" t="1"/>
		<b id="23" c="21 22" t="1"/>
		<b id="24" c="22 23" t="1"/>
		<b id="25" c="19 23" t="1"/>
		<b id="26" c="1 24" t="1"/>
		<b id="27" c="1 25" t="1"/>
		<b id="28" c="1 26" t="1"/>
		<b id="29" c="3 27" t="1"/>
		<b id="30" c="4 28" t="1"/>
		<b id="31" c="9 29" t="1"/>
		<b id="32" c="16 30" t="1"/>
		<b id="33" c="17 31" t="1"/>
		<b id="34" c="20 32" t="1"/>
		<b id="35" c="20 33" t="1"/>
		<b id="36" c="21 34" t="1"/>
		<b id="37" c="21 35" t="1"/>
		<b id="38" c="22 36" t="1"/>
		<b id="39" c="22 37" t="1"/>
		<b id="40" c="23 38" t="1"/>
		<b id="41" c="23 39" t="1"/>
	</bonds>
	<geometry>
		<g u="A" t="cart/3d">#39,3:1.4397,-5.5342,-0.1087;0.4182,-4.7478,-0.8609;-0.3454,-5.3573,-1.8525;-1.3168,-4.6683,-2.5488;-1.5404,-3.3318,-2.2432;-2.5629,-2.5985,-2.9403;-3.2018,-3.1883,-3.7863;-2.7295,-1.4355,-2.6383;-0.7853,-2.6883,-1.2727;0.1951,-3.3905,-0.5927;0.8676,-2.7175,0.4073;2.2148,-2.5569,0.2706;2.7508,-2.9548,-0.8575;4.0551,-2.8402,-1.0414;4.6509,-3.4184,-2.5517;4.8996,-2.3129,-0.0880;4.3347,-1.8766,1.1007;2.9557,-1.9706,1.3315;2.3952,-1.5683,2.5033;3.1942,-1.0840,3.6115;2.1763,-0.8577,4.7246;0.9420,-0.4111,3.9480;0.9811,-1.3089,2.7126;1.1794,-6.5896,-0.0986;1.5320,-5.1755,0.9144;2.4107,-5.4224,-0.5914;-0.1721,-6.3996,-2.0737;-1.9086,-5.1434,-3.3155;-0.9639,-1.6471,-1.0531;5.9602,-2.2394,-0.2617;4.9781,-1.4556,1.8549;3.6965,-0.1414,3.3522;3.9543,-1.8202,3.8873;2.5139,-0.1208,5.4498;1.9736,-1.7949,5.2436;1.0430,0.6350,3.6572;0.0197,-0.5286,4.5119;0.5358,-0.8269,1.8415;0.4470,-2.2478,2.8972;</g>
	</geometry>
	<conformers/>
	<properties/>
</molecule>
