<?xml version="1.0" ?>
<!--MOLLI PACKAGE EXPERIMENTAL XML FORMAT-->
<molecule name="el1930">
	<atoms>
		<a id="1" s="O" t="O.2" l="O"/>
		<a id="2" s="N" t="N.pl3" l="N"/>
		<a id="3" s="O" t="O.co2" l="O"/>
		<a id="4" s="C" t="C.ar" l="C"/>
		<a id="5" s="C" t="C.ar" l="C"/>
		<a id="6" s="C" t="C.ar" l="C"/>
		<a id="7" s="C" t="C.ar" l="C"/>
		<a id="8" s="C" t="C.ar" l="C"/>
		<a id="9" s="O" t="O.3" l="O"/>
		<a id="10" s="C" t="C.ar" l="C"/>
		<a id="11" s="N" t="N.ar" l="N"/>
		<a id="12" s="C" t="C.ar" l="C"/>
		<a id="13" s="Cl" t="Cl" l="CL"/>
		<a id="14" s="C" t="C.ar" l="C"/>
		<a id="15" s="C" t="C.ar" l="C"/>
		<a id="16" s="C" t="C.ar" l="C"/>
		<a id="17" s="N" t="N.pl3" l="N"/>
		<a id="18" s="C" t="C.3" l="C"/>
		<a id="19" s="C" t="C.3" l="C"/>
		<a id="20" s="C" t="C.3" l="C"/>
		<a id="21" s="C" t="C.3" l="C"/>
		<a id="22" s="C" t="C.3" l="C"/>
		<a id="23" s="C" t="C.ar" l="C"/>
		<a id="24" s="H" t="H" l="H"/>
		<a id="25" s="H" t="H" l="H"/>
		<a id="26" s="H" t="H" l="H"/>
		<a id="27" s="H" t="H" l="H"/>
		<a id="28" s="H" t="H" l="H"/>
		<a id="29" s="H" t="H" l="H"/>
		<a id="30" s="H" t="H" l="H"/>
		<a id="31" s="H" t="H" l="H"/>
		<a id="32" s="H" t="H" l="H"/>
		<a id="33" s="H" t="H" l="H"/>
		<a id="34" s="H" t="H" l="H"/>
		<a id="35" s="H" t="H" l="H"/>
		<a id="36" s="H" t="H" l="H"/>
		<a id="37" s="H" t="H" l="H"/>
		<a id="38" s="H" t="H" l="H"/>
		<a id="39" s="H" t="H" l="H"/>
	</atoms>
	<bonds>
		<b id="1" c="1 2" t="2"/>
		<b id="2" c="2 3" t="1"/>
		<b id="3" c="2 4" t="1"/>
		<b id="4" c="4 5" t="ar"/>
		<b id="5" c="5 6" t="ar"/>
		<b id="6" c="6 7" t="ar"/>
		<b id="7" c="7 8" t="ar"/>
		<b id="8" c="8 9" t="1"/>
		<b id="9" c="9 10" t="1"/>
		<b id="10" c="10 11" t="ar"/>
		<b id="11" c="11 12" t="ar"/>
		<b id="12" c="12 13" t="1"/>
		<b id="13" c="12 14" t="ar"/>
		<b id="14" c="14 15" t="ar"/>
		<b id="15" c="15 16" t="ar"/>
		<b id="16" c="10 16" t="ar"/>
		<b id="17" c="16 17" t="1"/>
		<b id="18" c="17 18" t="1"/>
		<b id="19" c="18 19" t="1"/>
		<b id="20" c="19 20" t="1"/>
		<b id="21" c="20 21" t="1"/>
		<b id="22" c="21 22" t="1"/>
		<b id="23" c="17 22" t="1"/>
		<b id="24" c="8 23" t="ar"/>
		<b id="25" c="4 23" t="ar"/>
		<b id="26" c="5 24" t="1"/>
		<b id="27" c="6 25" t="1"/>
		<b id="28" c="7 26" t="1"/>
		<b id="29" c="14 27" t="1"/>
		<b id="30" c="15 28" t="1"/>
		<b id="31" c="18 29" t="1"/>
		<b id="32" c="18 30" t="1"/>
		<b id="33" c="19 31" t="1"/>
		<b id="34" c="19 32" t="1"/>
		<b id="35" c="20 33" t="1"/>
		<b id="36" c="20 34" t="1"/>
		<b id="37" c="21 35" t="1"/>
		<b id="38" c="21 36" t="1"/>
		<b id="39" c="22 37" t="1"/>
		<b id="40" c="22 38" t="1"/>
		<b id="41" c="23 39" t="1"/>
	</bonds>
	<geometry>
		<g u="A" t="cart/3d">#39,3:3.6725,1.4107,-5.8370;3.7621,1.5675,-4.6385;2.8719,1.3460,-3.8461;5.0180,2.0519,-4.1189;6.0741,2.2874,-4.9898;7.2711,2.7438,-4.4701;7.4144,2.9715,-3.1118;6.3423,2.7511,-2.2495;6.4093,2.8928,-0.8900;7.1466,3.8828,-0.3159;7.5699,4.8588,-1.0843;8.2769,5.8452,-0.5649;8.8024,7.0528,-1.6721;8.5938,5.9132,0.7770;8.1377,4.8909,1.5939;7.3899,3.8242,1.0820;6.9901,2.7513,1.8442;7.6172,2.4975,3.1235;7.6400,0.9905,3.3857;6.2290,0.4154,3.3466;5.5889,0.7588,2.0061;5.6229,2.2694,1.7951;5.1376,2.2783,-2.7560;5.9429,2.1077,-6.0452;8.1072,2.9227,-5.1277;8.3535,3.3240,-2.7191;9.1680,6.7337,1.1728;8.3579,4.9351,2.6483;7.0777,3.0045,3.9393;8.6439,2.8656,3.0989;8.1052,0.8029,4.3547;8.2469,0.5104,2.6160;5.6351,0.8461,4.1564;6.2590,-0.6658,3.4897;4.5558,0.4110,1.9730;6.1407,0.2750,1.1989;5.0369,2.7585,2.5906;5.1785,2.5274,0.8374;4.3014,2.0892,-2.1011;</g>
	</geometry>
	<conformers/>
	<properties/>
</molecule>
