<?xml version="1.0" ?>
<!--MOLLI PACKAGE EXPERIMENTAL XML FORMAT-->
<molecule name="el1933">
	<atoms>
		<a id="1" s="C" t="C.3" l="C"/>
		<a id="2" s="C" t="C.ar" l="C"/>
		<a id="3" s="C" t="C.ar" l="C"/>
		<a id="4" s="C" t="C.ar" l="C"/>
		<a id="5" s="C" t="C.ar" l="C"/>
		<a id="6" s="Cl" t="Cl" l="CL"/>
		<a id="7" s="C" t="C.ar" l="C"/>
		<a id="8" s="C" t="C.ar" l="C"/>
		<a id="9" s="N" t="N.pl3" l="N"/>
		<a id="10" s="C" t="C.3" l="C"/>
		<a id="11" s="C" t="C.3" l="C"/>
		<a id="12" s="S" t="S.O2" l="S"/>
		<a id="13" s="O" t="O.2" l="O"/>
		<a id="14" s="O" t="O.2" l="O"/>
		<a id="15" s="C" t="C.ar" l="C"/>
		<a id="16" s="C" t="C.ar" l="C"/>
		<a id="17" s="C" t="C.ar" l="C"/>
		<a id="18" s="C" t="C.ar" l="C"/>
		<a id="19" s="C" t="C.ar" l="C"/>
		<a id="20" s="C" t="C.ar" l="C"/>
		<a id="21" s="C" t="C.3" l="C"/>
		<a id="22" s="N" t="N.ar" l="N"/>
		<a id="23" s="C" t="C.ar" l="C"/>
		<a id="24" s="C" t="C.ar" l="C"/>
		<a id="25" s="C" t="C.ar" l="C"/>
		<a id="26" s="F" t="F" l="F"/>
		<a id="27" s="H" t="H" l="H"/>
		<a id="28" s="H" t="H" l="H"/>
		<a id="29" s="H" t="H" l="H"/>
		<a id="30" s="H" t="H" l="H"/>
		<a id="31" s="H" t="H" l="H"/>
		<a id="32" s="H" t="H" l="H"/>
		<a id="33" s="H" t="H" l="H"/>
		<a id="34" s="H" t="H" l="H"/>
		<a id="35" s="H" t="H" l="H"/>
		<a id="36" s="H" t="H" l="H"/>
		<a id="37" s="H" t="H" l="H"/>
		<a id="38" s="H" t="H" l="H"/>
		<a id="39" s="H" t="H" l="H"/>
		<a id="40" s="H" t="H" l="H"/>
		<a id="41" s="H" t="H" l="H"/>
		<a id="42" s="H" t="H" l="H"/>
	</atoms>
	<bonds>
		<b id="1" c="1 2" t="1"/>
		<b id="2" c="2 3" t="ar"/>
		<b id="3" c="3 4" t="ar"/>
		<b id="4" c="4 5" t="ar"/>
		<b id="5" c="5 6" t="1"/>
		<b id="6" c="5 7" t="ar"/>
		<b id="7" c="7 8" t="ar"/>
		<b id="8" c="8 9" t="1"/>
		<b id="9" c="9 10" t="1"/>
		<b id="10" c="10 11" t="1"/>
		<b id="11" c="11 12" t="1"/>
		<b id="12" c="12 13" t="2"/>
		<b id="13" c="12 14" t="2"/>
		<b id="14" c="12 15" t="1"/>
		<b id="15" c="15 16" t="ar"/>
		<b id="16" c="16 17" t="ar"/>
		<b id="17" c="17 18" t="ar"/>
		<b id="18" c="18 19" t="ar"/>
		<b id="19" c="19 20" t="ar"/>
		<b id="20" c="15 20" t="ar"/>
		<b id="21" c="20 21" t="1"/>
		<b id="22" c="9 21" t="1"/>
		<b id="23" c="8 22" t="ar"/>
		<b id="24" c="22 23" t="ar"/>
		<b id="25" c="4 23" t="ar"/>
		<b id="26" c="23 24" t="ar"/>
		<b id="27" c="24 25" t="ar"/>
		<b id="28" c="2 25" t="ar"/>
		<b id="29" c="25 26" t="1"/>
		<b id="30" c="1 27" t="1"/>
		<b id="31" c="1 28" t="1"/>
		<b id="32" c="1 29" t="1"/>
		<b id="33" c="3 30" t="1"/>
		<b id="34" c="7 31" t="1"/>
		<b id="35" c="10 32" t="1"/>
		<b id="36" c="10 33" t="1"/>
		<b id="37" c="11 34" t="1"/>
		<b id="38" c="11 35" t="1"/>
		<b id="39" c="16 36" t="1"/>
		<b id="40" c="17 37" t="1"/>
		<b id="41" c="18 38" t="1"/>
		<b id="42" c="19 39" t="1"/>
		<b id="43" c="21 40" t="1"/>
		<b id="44" c="21 41" t="1"/>
		<b id="45" c="24 42" t="1"/>
	</bonds>
	<geometry>
		<g u="A" t="cart/3d">#42,3:1.5449,1.8154,-2.3378;2.9665,1.9998,-1.9104;3.4847,1.4055,-0.7873;4.8310,1.5670,-0.4230;5.4326,0.9777,0.7150;4.4795,0.0159,1.7879;6.7590,1.1493,0.9803;7.5325,1.9485,0.0909;8.8764,2.0929,0.2523;9.5664,3.0090,-0.6223;9.5378,4.4361,-0.0924;10.2295,4.4962,1.5993;9.1931,4.1937,2.5505;10.9277,5.7425,1.7581;11.4411,3.1648,1.6069;12.7796,3.4857,1.6997;13.7286,2.4762,1.6764;13.3194,1.1586,1.5543;11.9725,0.8472,1.4565;11.0101,1.8495,1.4806;9.5466,1.5281,1.4148;6.9926,2.5465,-0.9544;5.6919,2.3672,-1.2256;5.1516,2.9899,-2.3679;3.8375,2.7940,-2.6807;3.3385,3.3883,-3.7874;0.9485,1.4082,-1.5267;1.4969,1.1296,-3.1839;1.1175,2.7628,-2.6588;2.8494,0.7911,-0.1669;7.1953,0.6966,1.8527;9.0451,2.9773,-1.5834;10.5964,2.6698,-0.7587;8.5158,4.7983,-0.0175;10.1379,5.1107,-0.6947;13.0498,4.5257,1.7937;14.7778,2.7162,1.7506;14.0519,0.3658,1.5329;11.6649,-0.1836,1.3600;9.0828,1.9238,2.3286;9.4231,0.4381,1.3923;5.7843,3.6049,-2.9860;</g>
	</geometry>
	<conformers/>
	<properties/>
</molecule>
