<?xml version="1.0" ?>
<!--MOLLI PACKAGE EXPERIMENTAL XML FORMAT-->
<molecule name="el1934">
	<atoms>
		<a id="1" s="C" t="C.3" l="C"/>
		<a id="2" s="C" t="C.ar" l="C"/>
		<a id="3" s="C" t="C.ar" l="C"/>
		<a id="4" s="C" t="C.ar" l="C"/>
		<a id="5" s="C" t="C.ar" l="C"/>
		<a id="6" s="N" t="N.ar" l="N"/>
		<a id="7" s="C" t="C.ar" l="C"/>
		<a id="8" s="N" t="N.pl3" l="N"/>
		<a id="9" s="C" t="C.3" l="C"/>
		<a id="10" s="C" t="C.3" l="C"/>
		<a id="11" s="S" t="S.O2" l="S"/>
		<a id="12" s="O" t="O.2" l="O"/>
		<a id="13" s="O" t="O.2" l="O"/>
		<a id="14" s="C" t="C.ar" l="C"/>
		<a id="15" s="C" t="C.ar" l="C"/>
		<a id="16" s="C" t="C.ar" l="C"/>
		<a id="17" s="C" t="C.ar" l="C"/>
		<a id="18" s="C" t="C.ar" l="C"/>
		<a id="19" s="C" t="C.ar" l="C"/>
		<a id="20" s="C" t="C.3" l="C"/>
		<a id="21" s="C" t="C.ar" l="C"/>
		<a id="22" s="C" t="C.ar" l="C"/>
		<a id="23" s="Cl" t="Cl" l="CL"/>
		<a id="24" s="C" t="C.ar" l="C"/>
		<a id="25" s="C" t="C.ar" l="C"/>
		<a id="26" s="F" t="F" l="F"/>
		<a id="27" s="H" t="H" l="H"/>
		<a id="28" s="H" t="H" l="H"/>
		<a id="29" s="H" t="H" l="H"/>
		<a id="30" s="H" t="H" l="H"/>
		<a id="31" s="H" t="H" l="H"/>
		<a id="32" s="H" t="H" l="H"/>
		<a id="33" s="H" t="H" l="H"/>
		<a id="34" s="H" t="H" l="H"/>
		<a id="35" s="H" t="H" l="H"/>
		<a id="36" s="H" t="H" l="H"/>
		<a id="37" s="H" t="H" l="H"/>
		<a id="38" s="H" t="H" l="H"/>
		<a id="39" s="H" t="H" l="H"/>
		<a id="40" s="H" t="H" l="H"/>
		<a id="41" s="H" t="H" l="H"/>
		<a id="42" s="H" t="H" l="H"/>
	</atoms>
	<bonds>
		<b id="1" c="1 2" t="1"/>
		<b id="2" c="2 3" t="ar"/>
		<b id="3" c="3 4" t="ar"/>
		<b id="4" c="4 5" t="ar"/>
		<b id="5" c="5 6" t="ar"/>
		<b id="6" c="6 7" t="ar"/>
		<b id="7" c="7 8" t="1"/>
		<b id="8" c="8 9" t="1"/>
		<b id="9" c="9 10" t="1"/>
		<b id="10" c="10 11" t="1"/>
		<b id="11" c="11 12" t="2"/>
		<b id="12" c="11 13" t="2"/>
		<b id="13" c="11 14" t="1"/>
		<b id="14" c="14 15" t="ar"/>
		<b id="15" c="15 16" t="ar"/>
		<b id="16" c="16 17" t="ar"/>
		<b id="17" c="17 18" t="ar"/>
		<b id="18" c="18 19" t="ar"/>
		<b id="19" c="14 19" t="ar"/>
		<b id="20" c="19 20" t="1"/>
		<b id="21" c="8 20" t="1"/>
		<b id="22" c="7 21" t="ar"/>
		<b id="23" c="21 22" t="ar"/>
		<b id="24" c="22 23" t="1"/>
		<b id="25" c="22 24" t="ar"/>
		<b id="26" c="5 24" t="ar"/>
		<b id="27" c="24 25" t="ar"/>
		<b id="28" c="2 25" t="ar"/>
		<b id="29" c="25 26" t="1"/>
		<b id="30" c="1 27" t="1"/>
		<b id="31" c="1 28" t="1"/>
		<b id="32" c="1 29" t="1"/>
		<b id="33" c="3 30" t="1"/>
		<b id="34" c="4 31" t="1"/>
		<b id="35" c="9 32" t="1"/>
		<b id="36" c="9 33" t="1"/>
		<b id="37" c="10 34" t="1"/>
		<b id="38" c="10 35" t="1"/>
		<b id="39" c="15 36" t="1"/>
		<b id="40" c="16 37" t="1"/>
		<b id="41" c="17 38" t="1"/>
		<b id="42" c="18 39" t="1"/>
		<b id="43" c="20 40" t="1"/>
		<b id="44" c="20 41" t="1"/>
		<b id="45" c="21 42" t="1"/>
	</bonds>
	<geometry>
		<g u="A" t="cart/3d">#42,3:1.3356,-2.3045,-0.4598;2.7937,-2.2205,-0.1279;3.6787,-3.2401,-0.5150;5.0127,-3.1729,-0.2322;5.5493,-2.0699,0.4614;6.8645,-2.0703,0.7141;7.4137,-1.0565,1.3504;8.7531,-1.1439,1.5809;9.5005,-0.1029,2.2327;9.7707,1.0804,1.3073;10.3538,0.4441,-0.3079;11.1559,1.4711,-0.9158;9.2302,-0.0475,-1.0540;11.4348,-0.9161,0.1522;12.7888,-0.7611,-0.0694;13.6647,-1.7721,0.2877;13.1670,-2.9266,0.8702;11.8083,-3.0684,1.0959;10.9136,-2.0629,0.7399;9.4438,-2.2533,0.9402;6.6376,0.0418,1.8089;5.2938,0.0531,1.5674;4.3846,1.4077,2.1383;4.6763,-1.0159,0.8691;3.3112,-1.1389,0.5474;2.4532,-0.1618,0.9172;1.0008,-3.3390,-0.4424;1.1578,-1.9061,-1.4592;0.7432,-1.7246,0.2435;3.2785,-4.0904,-1.0471;5.6927,-3.9546,-0.5289;10.4502,-0.5305,2.5668;8.9612,0.2314,3.1261;10.5441,1.7406,1.6877;8.8697,1.6450,1.0829;13.1264,0.1542,-0.5292;14.7234,-1.6603,0.1136;13.8403,-3.7216,1.1534;11.4314,-3.9723,1.5511;9.2639,-3.1630,1.5264;8.9654,-2.3953,-0.0373;7.0781,0.8675,2.3400;</g>
	</geometry>
	<conformers/>
	<properties/>
</molecule>
