<?xml version="1.0" ?>
<!--MOLLI PACKAGE EXPERIMENTAL XML FORMAT-->
<molecule name="el1936">
	<atoms>
		<a id="1" s="O" t="O.2" l="O"/>
		<a id="2" s="S" t="S.O2" l="S"/>
		<a id="3" s="O" t="O.2" l="O"/>
		<a id="4" s="C" t="C.3" l="C"/>
		<a id="5" s="C" t="C.3" l="C"/>
		<a id="6" s="N" t="N.pl3" l="N"/>
		<a id="7" s="C" t="C.ar" l="C"/>
		<a id="8" s="C" t="C.ar" l="C"/>
		<a id="9" s="C" t="C.ar" l="C"/>
		<a id="10" s="Cl" t="Cl" l="CL"/>
		<a id="11" s="C" t="C.ar" l="C"/>
		<a id="12" s="C" t="C.ar" l="C"/>
		<a id="13" s="C" t="C.ar" l="C"/>
		<a id="14" s="C" t="C.3" l="C"/>
		<a id="15" s="O" t="O.3" l="O"/>
		<a id="16" s="C" t="C.ar" l="C"/>
		<a id="17" s="C" t="C.ar" l="C"/>
		<a id="18" s="C" t="C.ar" l="C"/>
		<a id="19" s="N" t="N.ar" l="N"/>
		<a id="20" s="C" t="C.3" l="C"/>
		<a id="21" s="C" t="C.ar" l="C"/>
		<a id="22" s="C" t="C.ar" l="C"/>
		<a id="23" s="C" t="C.ar" l="C"/>
		<a id="24" s="C" t="C.ar" l="C"/>
		<a id="25" s="C" t="C.ar" l="C"/>
		<a id="26" s="C" t="C.ar" l="C"/>
		<a id="27" s="H" t="H" l="H"/>
		<a id="28" s="H" t="H" l="H"/>
		<a id="29" s="H" t="H" l="H"/>
		<a id="30" s="H" t="H" l="H"/>
		<a id="31" s="H" t="H" l="H"/>
		<a id="32" s="H" t="H" l="H"/>
		<a id="33" s="H" t="H" l="H"/>
		<a id="34" s="H" t="H" l="H"/>
		<a id="35" s="H" t="H" l="H"/>
		<a id="36" s="H" t="H" l="H"/>
		<a id="37" s="H" t="H" l="H"/>
		<a id="38" s="H" t="H" l="H"/>
		<a id="39" s="H" t="H" l="H"/>
		<a id="40" s="H" t="H" l="H"/>
		<a id="41" s="H" t="H" l="H"/>
		<a id="42" s="H" t="H" l="H"/>
		<a id="43" s="H" t="H" l="H"/>
	</atoms>
	<bonds>
		<b id="1" c="1 2" t="2"/>
		<b id="2" c="2 3" t="2"/>
		<b id="3" c="2 4" t="1"/>
		<b id="4" c="4 5" t="1"/>
		<b id="5" c="5 6" t="1"/>
		<b id="6" c="6 7" t="1"/>
		<b id="7" c="7 8" t="ar"/>
		<b id="8" c="8 9" t="ar"/>
		<b id="9" c="9 10" t="1"/>
		<b id="10" c="9 11" t="ar"/>
		<b id="11" c="11 12" t="ar"/>
		<b id="12" c="12 13" t="ar"/>
		<b id="13" c="13 14" t="1"/>
		<b id="14" c="14 15" t="1"/>
		<b id="15" c="13 16" t="ar"/>
		<b id="16" c="16 17" t="ar"/>
		<b id="17" c="17 18" t="ar"/>
		<b id="18" c="11 18" t="ar"/>
		<b id="19" c="18 19" t="ar"/>
		<b id="20" c="7 19" t="ar"/>
		<b id="21" c="6 20" t="1"/>
		<b id="22" c="20 21" t="1"/>
		<b id="23" c="21 22" t="ar"/>
		<b id="24" c="22 23" t="ar"/>
		<b id="25" c="23 24" t="ar"/>
		<b id="26" c="24 25" t="ar"/>
		<b id="27" c="25 26" t="ar"/>
		<b id="28" c="21 26" t="ar"/>
		<b id="29" c="2 26" t="1"/>
		<b id="30" c="4 27" t="1"/>
		<b id="31" c="4 28" t="1"/>
		<b id="32" c="5 29" t="1"/>
		<b id="33" c="5 30" t="1"/>
		<b id="34" c="8 31" t="1"/>
		<b id="35" c="12 32" t="1"/>
		<b id="36" c="14 33" t="1"/>
		<b id="37" c="14 34" t="1"/>
		<b id="38" c="15 35" t="1"/>
		<b id="39" c="16 36" t="1"/>
		<b id="40" c="17 37" t="1"/>
		<b id="41" c="20 38" t="1"/>
		<b id="42" c="20 39" t="1"/>
		<b id="43" c="22 40" t="1"/>
		<b id="44" c="23 41" t="1"/>
		<b id="45" c="24 42" t="1"/>
		<b id="46" c="25 43" t="1"/>
	</bonds>
	<geometry>
		<g u="A" t="cart/3d">#43,3:1.3112,-0.0423,0.0732;2.6390,-0.1304,-0.4833;3.5879,0.8779,-0.0978;2.4875,-0.1084,-2.3029;1.3201,-0.9855,-2.7199;1.5607,-2.3819,-2.4390;2.2877,-3.0928,-3.3495;2.6260,-4.4583,-3.1308;3.3081,-5.1254,-4.1032;3.7364,-6.7809,-3.8409;3.6676,-4.4876,-5.3147;4.3464,-5.1085,-6.3745;4.6481,-4.4116,-7.5176;5.3769,-5.0691,-8.6638;4.9593,-4.6147,-9.9296;4.2731,-3.0601,-7.6242;3.6079,-2.4297,-6.6109;3.2812,-3.1224,-5.4273;2.6241,-2.4651,-4.4586;1.3395,-2.8520,-1.0864;2.6131,-2.9029,-0.2786;3.1268,-4.0950,0.2172;4.3252,-4.1173,0.9118;5.0325,-2.9461,1.1246;4.5178,-1.7466,0.6614;3.3226,-1.7360,-0.0291;3.4296,-0.4643,-2.7094;2.3332,0.9323,-2.5737;1.1570,-0.8935,-3.7962;0.4281,-0.6658,-2.1763;2.3538,-4.9645,-2.2234;4.6275,-6.1472,-6.2787;5.2761,-6.1621,-8.5900;6.4433,-4.8236,-8.6099;4.0114,-4.7657,-10.0158;4.5216,-2.5307,-8.5325;3.3152,-1.3946,-6.6878;0.8650,-3.8377,-1.1108;0.6528,-2.1520,-0.6038;2.5794,-5.0157,0.0750;4.7061,-5.0550,1.2876;5.9693,-2.9638,1.6596;5.0171,-0.8057,0.8312;</g>
	</geometry>
	<conformers/>
	<properties/>
</molecule>
