<?xml version="1.0" ?>
<!--MOLLI PACKAGE EXPERIMENTAL XML FORMAT-->
<molecule name="el1938">
	<atoms>
		<a id="1" s="F" t="F" l="F"/>
		<a id="2" s="C" t="C.ar" l="C"/>
		<a id="3" s="C" t="C.ar" l="C"/>
		<a id="4" s="C" t="C.ar" l="C"/>
		<a id="5" s="C" t="C.ar" l="C"/>
		<a id="6" s="C" t="C.ar" l="C"/>
		<a id="7" s="C" t="C.ar" l="C"/>
		<a id="8" s="C" t="C.ar" l="C"/>
		<a id="9" s="C" t="C.ar" l="C"/>
		<a id="10" s="C" t="C.ar" l="C"/>
		<a id="11" s="C" t="C.ar" l="C"/>
		<a id="12" s="C" t="C.ar" l="C"/>
		<a id="13" s="C" t="C.ar" l="C"/>
		<a id="14" s="C" t="C.ar" l="C"/>
		<a id="15" s="N" t="N.ar" l="N"/>
		<a id="16" s="C" t="C.ar" l="C"/>
		<a id="17" s="Cl" t="Cl" l="CL"/>
		<a id="18" s="N" t="N.ar" l="N"/>
		<a id="19" s="C" t="C.ar" l="C"/>
		<a id="20" s="C" t="C.ar" l="C"/>
		<a id="21" s="H" t="H" l="H"/>
		<a id="22" s="H" t="H" l="H"/>
		<a id="23" s="H" t="H" l="H"/>
		<a id="24" s="H" t="H" l="H"/>
		<a id="25" s="H" t="H" l="H"/>
		<a id="26" s="H" t="H" l="H"/>
		<a id="27" s="H" t="H" l="H"/>
		<a id="28" s="H" t="H" l="H"/>
		<a id="29" s="H" t="H" l="H"/>
		<a id="30" s="H" t="H" l="H"/>
	</atoms>
	<bonds>
		<b id="1" c="1 2" t="1"/>
		<b id="2" c="2 3" t="ar"/>
		<b id="3" c="3 4" t="ar"/>
		<b id="4" c="4 5" t="ar"/>
		<b id="5" c="5 6" t="1"/>
		<b id="6" c="6 7" t="ar"/>
		<b id="7" c="7 8" t="ar"/>
		<b id="8" c="8 9" t="1"/>
		<b id="9" c="9 10" t="ar"/>
		<b id="10" c="10 11" t="ar"/>
		<b id="11" c="11 12" t="ar"/>
		<b id="12" c="12 13" t="ar"/>
		<b id="13" c="13 14" t="ar"/>
		<b id="14" c="9 14" t="ar"/>
		<b id="15" c="8 15" t="ar"/>
		<b id="16" c="15 16" t="ar"/>
		<b id="17" c="16 17" t="1"/>
		<b id="18" c="16 18" t="ar"/>
		<b id="19" c="6 18" t="ar"/>
		<b id="20" c="5 19" t="ar"/>
		<b id="21" c="19 20" t="ar"/>
		<b id="22" c="2 20" t="ar"/>
		<b id="23" c="3 21" t="1"/>
		<b id="24" c="4 22" t="1"/>
		<b id="25" c="7 23" t="1"/>
		<b id="26" c="10 24" t="1"/>
		<b id="27" c="11 25" t="1"/>
		<b id="28" c="12 26" t="1"/>
		<b id="29" c="13 27" t="1"/>
		<b id="30" c="14 28" t="1"/>
		<b id="31" c="19 29" t="1"/>
		<b id="32" c="20 30" t="1"/>
	</bonds>
	<geometry>
		<g u="A" t="cart/3d">#30,3:2.1669,-0.1865,0.2547;0.8250,-0.1148,0.1664;0.2567,0.9000,-0.5837;-1.1197,0.9679,-0.6801;-1.9219,0.0324,-0.0280;-3.3853,0.0753,-0.1107;-4.0753,0.6746,-1.1629;-5.4703,0.6446,-1.1265;-6.3115,1.2295,-2.1737;-5.8540,1.3828,-3.4814;-6.6759,1.9360,-4.4453;-7.9576,2.3472,-4.1175;-8.4227,2.1907,-2.8214;-7.6090,1.6304,-1.8561;-6.1082,0.0766,-0.0990;-5.3613,-0.4702,0.8319;-6.1943,-1.2113,2.1279;-4.0501,-0.5174,0.8861;-1.3200,-0.9688,0.7356;0.0541,-1.0522,0.8325;0.8901,1.6206,-1.0766;-1.5664,1.7706,-1.2468;-3.5522,1.1437,-1.9778;-4.8659,1.0445,-3.7561;-6.3162,2.0438,-5.4580;-8.5944,2.7825,-4.8733;-9.4238,2.5043,-2.5653;-7.9570,1.4964,-0.8440;-1.9524,-1.6774,1.2460;0.5323,-1.8247,1.4139;</g>
	</geometry>
	<conformers/>
	<properties/>
</molecule>
