<?xml version="1.0" ?>
<!--MOLLI PACKAGE EXPERIMENTAL XML FORMAT-->
<molecule name="el1942">
	<atoms>
		<a id="1" s="O" t="O.2" l="O"/>
		<a id="2" s="N" t="N.pl3" l="N"/>
		<a id="3" s="O" t="O.co2" l="O"/>
		<a id="4" s="C" t="C.ar" l="C"/>
		<a id="5" s="C" t="C.ar" l="C"/>
		<a id="6" s="C" t="C.ar" l="C"/>
		<a id="7" s="C" t="C.ar" l="C"/>
		<a id="8" s="N" t="N.ar" l="N"/>
		<a id="9" s="C" t="C.ar" l="C"/>
		<a id="10" s="N" t="N.pl3" l="N"/>
		<a id="11" s="C" t="C.3" l="C"/>
		<a id="12" s="C" t="C.ar" l="C"/>
		<a id="13" s="C" t="C.ar" l="C"/>
		<a id="14" s="C" t="C.ar" l="C"/>
		<a id="15" s="C" t="C.ar" l="C"/>
		<a id="16" s="C" t="C.3" l="C"/>
		<a id="17" s="F" t="F" l="F"/>
		<a id="18" s="F" t="F" l="F"/>
		<a id="19" s="F" t="F" l="F"/>
		<a id="20" s="C" t="C.ar" l="C"/>
		<a id="21" s="C" t="C.ar" l="C"/>
		<a id="22" s="C" t="C.ar" l="C"/>
		<a id="23" s="Cl" t="Cl" l="CL"/>
		<a id="24" s="N" t="N.ar" l="N"/>
		<a id="25" s="C" t="C.ar" l="C"/>
		<a id="26" s="C" t="C.ar" l="C"/>
		<a id="27" s="H" t="H" l="H"/>
		<a id="28" s="H" t="H" l="H"/>
		<a id="29" s="H" t="H" l="H"/>
		<a id="30" s="H" t="H" l="H"/>
		<a id="31" s="H" t="H" l="H"/>
		<a id="32" s="H" t="H" l="H"/>
		<a id="33" s="H" t="H" l="H"/>
		<a id="34" s="H" t="H" l="H"/>
		<a id="35" s="H" t="H" l="H"/>
		<a id="36" s="H" t="H" l="H"/>
	</atoms>
	<bonds>
		<b id="1" c="1 2" t="2"/>
		<b id="2" c="2 3" t="1"/>
		<b id="3" c="2 4" t="1"/>
		<b id="4" c="4 5" t="ar"/>
		<b id="5" c="5 6" t="ar"/>
		<b id="6" c="6 7" t="ar"/>
		<b id="7" c="7 8" t="ar"/>
		<b id="8" c="8 9" t="ar"/>
		<b id="9" c="9 10" t="1"/>
		<b id="10" c="10 11" t="1"/>
		<b id="11" c="11 12" t="1"/>
		<b id="12" c="12 13" t="ar"/>
		<b id="13" c="13 14" t="ar"/>
		<b id="14" c="14 15" t="ar"/>
		<b id="15" c="15 16" t="1"/>
		<b id="16" c="16 17" t="1"/>
		<b id="17" c="16 18" t="1"/>
		<b id="18" c="16 19" t="1"/>
		<b id="19" c="15 20" t="ar"/>
		<b id="20" c="20 21" t="ar"/>
		<b id="21" c="12 21" t="ar"/>
		<b id="22" c="9 22" t="ar"/>
		<b id="23" c="22 23" t="1"/>
		<b id="24" c="22 24" t="ar"/>
		<b id="25" c="24 25" t="ar"/>
		<b id="26" c="7 25" t="ar"/>
		<b id="27" c="25 26" t="ar"/>
		<b id="28" c="4 26" t="ar"/>
		<b id="29" c="5 27" t="1"/>
		<b id="30" c="6 28" t="1"/>
		<b id="31" c="10 29" t="1"/>
		<b id="32" c="11 30" t="1"/>
		<b id="33" c="11 31" t="1"/>
		<b id="34" c="13 32" t="1"/>
		<b id="35" c="14 33" t="1"/>
		<b id="36" c="20 34" t="1"/>
		<b id="37" c="21 35" t="1"/>
		<b id="38" c="26 36" t="1"/>
	</bonds>
	<geometry>
		<g u="A" t="cart/3d">#36,3:-0.1474,-2.6753,-2.9815;0.7625,-2.2953,-2.2753;1.1032,-1.1379,-2.1507;1.4913,-3.2913,-1.5332;1.0692,-4.6308,-1.5965;1.7435,-5.5950,-0.9014;2.8635,-5.2481,-0.1194;3.5154,-6.2008,0.5780;4.5530,-5.8474,1.3087;5.2209,-6.7646,2.0182;4.8383,-8.1544,2.0812;6.0486,-9.0408,2.1851;6.0696,-10.1095,3.0707;7.1870,-10.9183,3.1766;8.2996,-10.6501,2.3933;9.5246,-11.5157,2.4770;9.5310,-12.3204,3.5484;9.6484,-12.3173,1.4015;10.6562,-10.7936,2.5335;8.2917,-9.5872,1.4984;7.1684,-8.7891,1.3991;4.9706,-4.4649,1.3259;6.3499,-4.0156,2.2599;4.3638,-3.5385,0.6741;3.2801,-3.8885,-0.0694;2.5823,-2.9108,-0.7826;0.2069,-4.8694,-2.2003;1.4380,-6.6280,-0.9290;5.9646,-6.4400,2.6201;4.2753,-8.3673,1.1661;4.1712,-8.3290,2.9348;5.2058,-10.3142,3.6847;7.1997,-11.7459,3.8688;9.1625,-9.3892,0.8927;7.1570,-7.9643,0.7016;2.8995,-1.8807,-0.7412;</g>
	</geometry>
	<conformers/>
	<properties/>
</molecule>
