<?xml version="1.0" ?>
<!--MOLLI PACKAGE EXPERIMENTAL XML FORMAT-->
<molecule name="el1947">
	<atoms>
		<a id="1" s="O" t="O.2" l="O"/>
		<a id="2" s="N" t="N.pl3" l="N"/>
		<a id="3" s="O" t="O.co2" l="O"/>
		<a id="4" s="C" t="C.ar" l="C"/>
		<a id="5" s="C" t="C.ar" l="C"/>
		<a id="6" s="C" t="C.ar" l="C"/>
		<a id="7" s="C" t="C.ar" l="C"/>
		<a id="8" s="N" t="N.ar" l="N"/>
		<a id="9" s="C" t="C.ar" l="C"/>
		<a id="10" s="N" t="N.pl3" l="N"/>
		<a id="11" s="C" t="C.3" l="C"/>
		<a id="12" s="C" t="C.ar" l="C"/>
		<a id="13" s="C" t="C.ar" l="C"/>
		<a id="14" s="C" t="C.ar" l="C"/>
		<a id="15" s="F" t="F" l="F"/>
		<a id="16" s="C" t="C.ar" l="C"/>
		<a id="17" s="C" t="C.ar" l="C"/>
		<a id="18" s="C" t="C.3" l="C"/>
		<a id="19" s="F" t="F" l="F"/>
		<a id="20" s="F" t="F" l="F"/>
		<a id="21" s="F" t="F" l="F"/>
		<a id="22" s="C" t="C.ar" l="C"/>
		<a id="23" s="C" t="C.ar" l="C"/>
		<a id="24" s="Cl" t="Cl" l="CL"/>
		<a id="25" s="N" t="N.ar" l="N"/>
		<a id="26" s="C" t="C.ar" l="C"/>
		<a id="27" s="C" t="C.ar" l="C"/>
		<a id="28" s="H" t="H" l="H"/>
		<a id="29" s="H" t="H" l="H"/>
		<a id="30" s="H" t="H" l="H"/>
		<a id="31" s="H" t="H" l="H"/>
		<a id="32" s="H" t="H" l="H"/>
		<a id="33" s="H" t="H" l="H"/>
		<a id="34" s="H" t="H" l="H"/>
		<a id="35" s="H" t="H" l="H"/>
		<a id="36" s="H" t="H" l="H"/>
	</atoms>
	<bonds>
		<b id="1" c="1 2" t="2"/>
		<b id="2" c="2 3" t="1"/>
		<b id="3" c="2 4" t="1"/>
		<b id="4" c="4 5" t="ar"/>
		<b id="5" c="5 6" t="ar"/>
		<b id="6" c="6 7" t="ar"/>
		<b id="7" c="7 8" t="ar"/>
		<b id="8" c="8 9" t="ar"/>
		<b id="9" c="9 10" t="1"/>
		<b id="10" c="10 11" t="1"/>
		<b id="11" c="11 12" t="1"/>
		<b id="12" c="12 13" t="ar"/>
		<b id="13" c="13 14" t="ar"/>
		<b id="14" c="14 15" t="1"/>
		<b id="15" c="14 16" t="ar"/>
		<b id="16" c="16 17" t="ar"/>
		<b id="17" c="17 18" t="1"/>
		<b id="18" c="18 19" t="1"/>
		<b id="19" c="18 20" t="1"/>
		<b id="20" c="18 21" t="1"/>
		<b id="21" c="17 22" t="ar"/>
		<b id="22" c="12 22" t="ar"/>
		<b id="23" c="9 23" t="ar"/>
		<b id="24" c="23 24" t="1"/>
		<b id="25" c="23 25" t="ar"/>
		<b id="26" c="25 26" t="ar"/>
		<b id="27" c="7 26" t="ar"/>
		<b id="28" c="26 27" t="ar"/>
		<b id="29" c="4 27" t="ar"/>
		<b id="30" c="5 28" t="1"/>
		<b id="31" c="6 29" t="1"/>
		<b id="32" c="10 30" t="1"/>
		<b id="33" c="11 31" t="1"/>
		<b id="34" c="11 32" t="1"/>
		<b id="35" c="13 33" t="1"/>
		<b id="36" c="16 34" t="1"/>
		<b id="37" c="22 35" t="1"/>
		<b id="38" c="27 36" t="1"/>
	</bonds>
	<geometry>
		<g u="A" t="cart/3d">#36,3:2.8000,-0.4851,-0.8565;2.5770,0.2801,0.0578;1.9598,-0.0044,1.0614;3.0795,1.6262,-0.0597;3.7867,1.9870,-1.2222;4.2671,3.2572,-1.3669;4.0479,4.2090,-0.3492;4.4935,5.4684,-0.4918;4.2691,6.3623,0.4558;4.7138,7.6015,0.1676;4.6831,8.7980,0.9652;5.6273,8.7860,2.1472;5.4624,9.7303,3.1531;6.3219,9.7301,4.2349;6.1520,10.6466,5.1978;7.3523,8.8132,4.3591;7.5044,7.8808,3.3468;8.6065,6.8581,3.4025;9.3005,6.8860,4.5438;8.1366,5.6062,3.2633;9.4961,7.0326,2.4068;6.6580,7.8640,2.2451;3.5829,5.9395,1.6502;3.2992,6.9872,2.9930;3.1480,4.7357,1.8070;3.3403,3.8266,0.8234;2.8542,2.5219,0.9610;3.9323,1.2376,-1.9853;4.8083,3.5618,-2.2477;5.2135,7.6305,-0.7098;3.6666,8.9814,1.3254;4.9569,9.6311,0.3107;4.6684,10.4589,3.1060;8.0030,8.8321,5.2183;6.8083,7.1213,1.4763;2.3136,2.2344,1.8491;</g>
	</geometry>
	<conformers/>
	<properties/>
</molecule>
