<?xml version="1.0" ?>
<!--MOLLI PACKAGE EXPERIMENTAL XML FORMAT-->
<molecule name="el1949">
	<atoms>
		<a id="1" s="C" t="C.3" l="C"/>
		<a id="2" s="N" t="N.am" l="N"/>
		<a id="3" s="C" t="C.2" l="C"/>
		<a id="4" s="O" t="O.2" l="O"/>
		<a id="5" s="C" t="C.ar" l="C"/>
		<a id="6" s="C" t="C.ar" l="C"/>
		<a id="7" s="N" t="N.ar" l="N"/>
		<a id="8" s="C" t="C.ar" l="C"/>
		<a id="9" s="Cl" t="Cl" l="CL"/>
		<a id="10" s="C" t="C.ar" l="C"/>
		<a id="11" s="C" t="C.ar" l="C"/>
		<a id="12" s="N" t="N.pl3" l="N"/>
		<a id="13" s="C" t="C.ar" l="C"/>
		<a id="14" s="C" t="C.ar" l="C"/>
		<a id="15" s="C" t="C.ar" l="C"/>
		<a id="16" s="C" t="C.ar" l="C"/>
		<a id="17" s="C" t="C.ar" l="C"/>
		<a id="18" s="C" t="C.ar" l="C"/>
		<a id="19" s="N" t="N.ar" l="N"/>
		<a id="20" s="C" t="C.ar" l="C"/>
		<a id="21" s="N" t="N.ar" l="N"/>
		<a id="22" s="C" t="C.3" l="C"/>
		<a id="23" s="N" t="N.ar" l="N"/>
		<a id="24" s="C" t="C.ar" l="C"/>
		<a id="25" s="O" t="O.3" l="O"/>
		<a id="26" s="C" t="C.3" l="C"/>
		<a id="27" s="H" t="H" l="H"/>
		<a id="28" s="H" t="H" l="H"/>
		<a id="29" s="H" t="H" l="H"/>
		<a id="30" s="H" t="H" l="H"/>
		<a id="31" s="H" t="H" l="H"/>
		<a id="32" s="H" t="H" l="H"/>
		<a id="33" s="H" t="H" l="H"/>
		<a id="34" s="H" t="H" l="H"/>
		<a id="35" s="H" t="H" l="H"/>
		<a id="36" s="H" t="H" l="H"/>
		<a id="37" s="H" t="H" l="H"/>
		<a id="38" s="H" t="H" l="H"/>
		<a id="39" s="H" t="H" l="H"/>
		<a id="40" s="H" t="H" l="H"/>
		<a id="41" s="H" t="H" l="H"/>
		<a id="42" s="H" t="H" l="H"/>
		<a id="43" s="H" t="H" l="H"/>
	</atoms>
	<bonds>
		<b id="1" c="1 2" t="1"/>
		<b id="2" c="2 3" t="am"/>
		<b id="3" c="3 4" t="2"/>
		<b id="4" c="3 5" t="1"/>
		<b id="5" c="5 6" t="ar"/>
		<b id="6" c="6 7" t="ar"/>
		<b id="7" c="7 8" t="ar"/>
		<b id="8" c="8 9" t="1"/>
		<b id="9" c="8 10" t="ar"/>
		<b id="10" c="10 11" t="ar"/>
		<b id="11" c="5 11" t="ar"/>
		<b id="12" c="11 12" t="1"/>
		<b id="13" c="12 13" t="1"/>
		<b id="14" c="13 14" t="ar"/>
		<b id="15" c="14 15" t="ar"/>
		<b id="16" c="15 16" t="ar"/>
		<b id="17" c="16 17" t="ar"/>
		<b id="18" c="17 18" t="1"/>
		<b id="19" c="18 19" t="ar"/>
		<b id="20" c="19 20" t="ar"/>
		<b id="21" c="20 21" t="ar"/>
		<b id="22" c="21 22" t="1"/>
		<b id="23" c="21 23" t="ar"/>
		<b id="24" c="18 23" t="ar"/>
		<b id="25" c="17 24" t="ar"/>
		<b id="26" c="13 24" t="ar"/>
		<b id="27" c="24 25" t="1"/>
		<b id="28" c="25 26" t="1"/>
		<b id="29" c="1 27" t="1"/>
		<b id="30" c="1 28" t="1"/>
		<b id="31" c="1 29" t="1"/>
		<b id="32" c="2 30" t="1"/>
		<b id="33" c="6 31" t="1"/>
		<b id="34" c="10 32" t="1"/>
		<b id="35" c="12 33" t="1"/>
		<b id="36" c="14 34" t="1"/>
		<b id="37" c="15 35" t="1"/>
		<b id="38" c="16 36" t="1"/>
		<b id="39" c="20 37" t="1"/>
		<b id="40" c="22 38" t="1"/>
		<b id="41" c="22 39" t="1"/>
		<b id="42" c="22 40" t="1"/>
		<b id="43" c="26 41" t="1"/>
		<b id="44" c="26 42" t="1"/>
		<b id="45" c="26 43" t="1"/>
	</bonds>
	<geometry>
		<g u="A" t="cart/3d">#43,3:5.7753,3.6736,0.3230;5.3319,2.4156,0.8704;5.0222,1.3569,0.0956;5.1266,1.4044,-1.1282;4.5665,0.1410,0.8091;3.9483,0.1969,2.0511;3.5194,-0.8519,2.7270;3.6729,-2.0377,2.1602;3.0955,-3.3774,3.0711;4.2293,-2.2499,0.9197;4.7046,-1.1398,0.1996;5.2409,-1.2489,-1.0292;5.5911,-2.4263,-1.7094;6.3401,-3.4025,-1.0584;6.7775,-4.5278,-1.7304;6.4834,-4.6781,-3.0702;5.7302,-3.7208,-3.7438;5.4388,-3.9488,-5.1478;6.0167,-4.9734,-5.8366;5.5111,-4.8670,-7.0368;4.6541,-3.8300,-7.0912;3.8872,-3.3331,-8.1949;4.6069,-3.2441,-5.8930;5.2620,-2.5798,-3.0671;4.5677,-1.6734,-3.7997;3.4839,-0.9632,-3.2279;6.7829,3.9107,0.6696;5.0979,4.4789,0.6125;5.7799,3.5767,-0.7615;5.2850,2.3326,1.8724;3.7501,1.1427,2.5394;4.2755,-3.2396,0.4975;5.3952,-0.3597,-1.5039;6.6057,-3.2475,-0.0232;7.3604,-5.2725,-1.2112;6.8227,-5.5369,-3.6264;5.7316,-5.5044,-7.8685;3.3655,-4.1522,-8.6919;4.5334,-2.8287,-8.9173;3.1655,-2.6193,-7.8021;2.7690,-0.8221,-4.0399;3.7908,0.0185,-2.8562;3.0026,-1.5282,-2.4265;</g>
	</geometry>
	<conformers/>
	<properties/>
</molecule>
