<?xml version="1.0" ?>
<!--MOLLI PACKAGE EXPERIMENTAL XML FORMAT-->
<molecule name="el1951">
	<atoms>
		<a id="1" s="C" t="C.3" l="C"/>
		<a id="2" s="N" t="N.am" l="N"/>
		<a id="3" s="C" t="C.2" l="C"/>
		<a id="4" s="O" t="O.2" l="O"/>
		<a id="5" s="C" t="C.ar" l="C"/>
		<a id="6" s="C" t="C.ar" l="C"/>
		<a id="7" s="N" t="N.ar" l="N"/>
		<a id="8" s="C" t="C.ar" l="C"/>
		<a id="9" s="Cl" t="Cl" l="CL"/>
		<a id="10" s="C" t="C.ar" l="C"/>
		<a id="11" s="C" t="C.ar" l="C"/>
		<a id="12" s="N" t="N.pl3" l="N"/>
		<a id="13" s="C" t="C.ar" l="C"/>
		<a id="14" s="C" t="C.ar" l="C"/>
		<a id="15" s="C" t="C.ar" l="C"/>
		<a id="16" s="C" t="C.ar" l="C"/>
		<a id="17" s="C" t="C.ar" l="C"/>
		<a id="18" s="C" t="C.2" l="C"/>
		<a id="19" s="O" t="O.2" l="O"/>
		<a id="20" s="O" t="O.3" l="O"/>
		<a id="21" s="C" t="C.ar" l="C"/>
		<a id="22" s="O" t="O.3" l="O"/>
		<a id="23" s="C" t="C.3" l="C"/>
		<a id="24" s="H" t="H" l="H"/>
		<a id="25" s="H" t="H" l="H"/>
		<a id="26" s="H" t="H" l="H"/>
		<a id="27" s="H" t="H" l="H"/>
		<a id="28" s="H" t="H" l="H"/>
		<a id="29" s="H" t="H" l="H"/>
		<a id="30" s="H" t="H" l="H"/>
		<a id="31" s="H" t="H" l="H"/>
		<a id="32" s="H" t="H" l="H"/>
		<a id="33" s="H" t="H" l="H"/>
		<a id="34" s="H" t="H" l="H"/>
		<a id="35" s="H" t="H" l="H"/>
		<a id="36" s="H" t="H" l="H"/>
		<a id="37" s="H" t="H" l="H"/>
	</atoms>
	<bonds>
		<b id="1" c="1 2" t="1"/>
		<b id="2" c="2 3" t="am"/>
		<b id="3" c="3 4" t="2"/>
		<b id="4" c="3 5" t="1"/>
		<b id="5" c="5 6" t="ar"/>
		<b id="6" c="6 7" t="ar"/>
		<b id="7" c="7 8" t="ar"/>
		<b id="8" c="8 9" t="1"/>
		<b id="9" c="8 10" t="ar"/>
		<b id="10" c="10 11" t="ar"/>
		<b id="11" c="5 11" t="ar"/>
		<b id="12" c="11 12" t="1"/>
		<b id="13" c="12 13" t="1"/>
		<b id="14" c="13 14" t="ar"/>
		<b id="15" c="14 15" t="ar"/>
		<b id="16" c="15 16" t="ar"/>
		<b id="17" c="16 17" t="ar"/>
		<b id="18" c="17 18" t="1"/>
		<b id="19" c="18 19" t="2"/>
		<b id="20" c="18 20" t="1"/>
		<b id="21" c="17 21" t="ar"/>
		<b id="22" c="13 21" t="ar"/>
		<b id="23" c="21 22" t="1"/>
		<b id="24" c="22 23" t="1"/>
		<b id="25" c="1 24" t="1"/>
		<b id="26" c="1 25" t="1"/>
		<b id="27" c="1 26" t="1"/>
		<b id="28" c="2 27" t="1"/>
		<b id="29" c="6 28" t="1"/>
		<b id="30" c="10 29" t="1"/>
		<b id="31" c="12 30" t="1"/>
		<b id="32" c="14 31" t="1"/>
		<b id="33" c="15 32" t="1"/>
		<b id="34" c="16 33" t="1"/>
		<b id="35" c="20 34" t="1"/>
		<b id="36" c="23 35" t="1"/>
		<b id="37" c="23 36" t="1"/>
		<b id="38" c="23 37" t="1"/>
	</bonds>
	<geometry>
		<g u="A" t="cart/3d">#37,3:1.8451,1.4067,-1.1039;3.1124,0.8248,-0.7287;3.2556,-0.5091,-0.5135;2.3273,-1.2882,-0.5274;4.6643,-0.9308,-0.2345;5.2093,-1.9730,-0.9681;6.4383,-2.4290,-0.8029;7.1629,-1.8798,0.1502;8.7440,-2.5181,0.3608;6.7331,-0.8580,0.9809;5.4489,-0.3464,0.7825;4.9050,0.6380,1.5668;5.5179,1.4535,2.5078;6.8139,1.9440,2.3715;7.3396,2.7960,3.3262;6.5748,3.1958,4.4036;5.2587,2.7569,4.5423;4.4900,3.2793,5.7215;5.0391,3.8181,6.6444;3.1638,3.1350,5.6893;4.7364,1.8748,3.5970;3.4228,1.4083,3.6773;3.3002,0.1174,4.2663;1.6081,2.2486,-0.4518;1.0867,0.6333,-0.9930;1.8592,1.7487,-2.1404;3.9346,1.3986,-0.8321;4.6257,-2.4575,-1.7378;7.3656,-0.5075,1.7781;3.8929,0.6897,1.5702;7.3961,1.6784,1.5037;8.3487,3.1608,3.2150;6.9641,3.8638,5.1555;2.8782,2.6310,4.9020;3.5930,0.1416,5.3201;3.9118,-0.6209,3.7420;2.2491,-0.1522,4.1819;</g>
	</geometry>
	<conformers/>
	<properties/>
</molecule>
