<?xml version="1.0" ?>
<!--MOLLI PACKAGE EXPERIMENTAL XML FORMAT-->
<molecule name="el1952">
	<atoms>
		<a id="1" s="F" t="F" l="F"/>
		<a id="2" s="C" t="C.ar" l="C"/>
		<a id="3" s="C" t="C.ar" l="C"/>
		<a id="4" s="N" t="N.ar" l="N"/>
		<a id="5" s="C" t="C.ar" l="C"/>
		<a id="6" s="Cl" t="Cl" l="CL"/>
		<a id="7" s="N" t="N.ar" l="N"/>
		<a id="8" s="C" t="C.ar" l="C"/>
		<a id="9" s="C" t="C.ar" l="C"/>
		<a id="10" s="C" t="C.ar" l="C"/>
		<a id="11" s="N" t="N.ar" l="N"/>
		<a id="12" s="N" t="N.ar" l="N"/>
		<a id="13" s="C" t="C.3" l="C"/>
		<a id="14" s="C" t="C.3" l="C"/>
		<a id="15" s="C" t="C.3" l="C"/>
		<a id="16" s="C" t="C.3" l="C"/>
		<a id="17" s="C" t="C.3" l="C"/>
		<a id="18" s="C" t="C.ar" l="C"/>
		<a id="19" s="H" t="H" l="H"/>
		<a id="20" s="H" t="H" l="H"/>
		<a id="21" s="H" t="H" l="H"/>
		<a id="22" s="H" t="H" l="H"/>
		<a id="23" s="H" t="H" l="H"/>
		<a id="24" s="H" t="H" l="H"/>
		<a id="25" s="H" t="H" l="H"/>
		<a id="26" s="H" t="H" l="H"/>
		<a id="27" s="H" t="H" l="H"/>
		<a id="28" s="H" t="H" l="H"/>
		<a id="29" s="H" t="H" l="H"/>
		<a id="30" s="H" t="H" l="H"/>
	</atoms>
	<bonds>
		<b id="1" c="1 2" t="1"/>
		<b id="2" c="2 3" t="ar"/>
		<b id="3" c="3 4" t="ar"/>
		<b id="4" c="4 5" t="ar"/>
		<b id="5" c="5 6" t="1"/>
		<b id="6" c="5 7" t="ar"/>
		<b id="7" c="7 8" t="ar"/>
		<b id="8" c="2 8" t="ar"/>
		<b id="9" c="8 9" t="1"/>
		<b id="10" c="9 10" t="ar"/>
		<b id="11" c="10 11" t="ar"/>
		<b id="12" c="11 12" t="ar"/>
		<b id="13" c="12 13" t="1"/>
		<b id="14" c="13 14" t="1"/>
		<b id="15" c="14 15" t="1"/>
		<b id="16" c="15 16" t="1"/>
		<b id="17" c="16 17" t="1"/>
		<b id="18" c="13 17" t="1"/>
		<b id="19" c="12 18" t="ar"/>
		<b id="20" c="9 18" t="ar"/>
		<b id="21" c="3 19" t="1"/>
		<b id="22" c="10 20" t="1"/>
		<b id="23" c="13 21" t="1"/>
		<b id="24" c="14 22" t="1"/>
		<b id="25" c="14 23" t="1"/>
		<b id="26" c="15 24" t="1"/>
		<b id="27" c="15 25" t="1"/>
		<b id="28" c="16 26" t="1"/>
		<b id="29" c="16 27" t="1"/>
		<b id="30" c="17 28" t="1"/>
		<b id="31" c="17 29" t="1"/>
		<b id="32" c="18 30" t="1"/>
	</bonds>
	<geometry>
		<g u="A" t="cart/3d">#30,3:1.8843,0.4352,2.1088;2.7596,0.2428,1.1066;3.4718,-0.9389,1.0387;4.3422,-1.1657,0.0656;4.4793,-0.1999,-0.8234;5.5984,-0.4820,-2.0760;3.8539,0.9543,-0.8525;2.9697,1.2175,0.1147;2.2950,2.4848,0.0598;1.3501,3.0581,0.9428;0.9800,4.2421,0.5171;1.6477,4.4678,-0.6167;1.4429,5.6897,-1.3456;1.7222,6.9330,-0.4927;0.9245,8.0607,-1.1624;-0.0883,7.3745,-2.0993;-0.0187,5.8880,-1.7565;2.4485,3.4486,-0.9341;3.3459,-1.7215,1.7735;0.9434,2.6576,1.8486;2.0913,5.6648,-2.2265;2.7859,7.1562,-0.4266;1.3457,6.7388,0.5118;1.5832,8.7171,-1.7301;0.4201,8.6690,-0.4139;0.2001,7.5265,-3.1400;-1.0945,7.7687,-1.9717;-0.3115,5.2489,-2.5882;-0.6473,5.6581,-0.8957;3.0692,3.4330,-1.8057;</g>
	</geometry>
	<conformers/>
	<properties/>
</molecule>
