<?xml version="1.0" ?>
<!--MOLLI PACKAGE EXPERIMENTAL XML FORMAT-->
<molecule name="el1816">
	<atoms>
		<a id="1" s="C" t="C.3" l="C"/>
		<a id="2" s="O" t="O.3" l="O"/>
		<a id="3" s="C" t="C.2" l="C"/>
		<a id="4" s="O" t="O.2" l="O"/>
		<a id="5" s="C" t="C.ar" l="C"/>
		<a id="6" s="C" t="C.ar" l="C"/>
		<a id="7" s="N" t="N.ar" l="N"/>
		<a id="8" s="C" t="C.ar" l="C"/>
		<a id="9" s="Cl" t="Cl" l="CL"/>
		<a id="10" s="C" t="C.ar" l="C"/>
		<a id="11" s="C" t="C.ar" l="C"/>
		<a id="12" s="N" t="N.pl3" l="N"/>
		<a id="13" s="C" t="C.3" l="C"/>
		<a id="14" s="C" t="C.3" l="C"/>
		<a id="15" s="C" t="C.3" l="C"/>
		<a id="16" s="C" t="C.3" l="C"/>
		<a id="17" s="C" t="C.3" l="C"/>
		<a id="18" s="C" t="C.3" l="C"/>
		<a id="19" s="C" t="C.3" l="C"/>
		<a id="20" s="N" t="N.3" l="N"/>
		<a id="21" s="C" t="C.3" l="C"/>
		<a id="22" s="H" t="H" l="H"/>
		<a id="23" s="H" t="H" l="H"/>
		<a id="24" s="H" t="H" l="H"/>
		<a id="25" s="H" t="H" l="H"/>
		<a id="26" s="H" t="H" l="H"/>
		<a id="27" s="H" t="H" l="H"/>
		<a id="28" s="H" t="H" l="H"/>
		<a id="29" s="H" t="H" l="H"/>
		<a id="30" s="H" t="H" l="H"/>
		<a id="31" s="H" t="H" l="H"/>
		<a id="32" s="H" t="H" l="H"/>
		<a id="33" s="H" t="H" l="H"/>
		<a id="34" s="H" t="H" l="H"/>
		<a id="35" s="H" t="H" l="H"/>
		<a id="36" s="H" t="H" l="H"/>
		<a id="37" s="H" t="H" l="H"/>
		<a id="38" s="H" t="H" l="H"/>
		<a id="39" s="H" t="H" l="H"/>
		<a id="40" s="H" t="H" l="H"/>
		<a id="41" s="H" t="H" l="H"/>
	</atoms>
	<bonds>
		<b id="1" c="1 2" t="1"/>
		<b id="2" c="2 3" t="1"/>
		<b id="3" c="3 4" t="2"/>
		<b id="4" c="3 5" t="1"/>
		<b id="5" c="5 6" t="ar"/>
		<b id="6" c="6 7" t="ar"/>
		<b id="7" c="7 8" t="ar"/>
		<b id="8" c="8 9" t="1"/>
		<b id="9" c="8 10" t="ar"/>
		<b id="10" c="10 11" t="ar"/>
		<b id="11" c="5 11" t="ar"/>
		<b id="12" c="11 12" t="1"/>
		<b id="13" c="13 14" t="1"/>
		<b id="14" c="14 15" t="1"/>
		<b id="15" c="15 16" t="1"/>
		<b id="16" c="16 17" t="1"/>
		<b id="17" c="17 18" t="1"/>
		<b id="18" c="18 19" t="1"/>
		<b id="19" c="13 19" t="1"/>
		<b id="20" c="18 20" t="1"/>
		<b id="21" c="15 20" t="1"/>
		<b id="22" c="20 21" t="1"/>
		<b id="23" c="13 12" t="1"/>
		<b id="24" c="1 22" t="1"/>
		<b id="25" c="1 23" t="1"/>
		<b id="26" c="1 24" t="1"/>
		<b id="27" c="6 25" t="1"/>
		<b id="28" c="10 26" t="1"/>
		<b id="29" c="12 27" t="1"/>
		<b id="30" c="13 28" t="1"/>
		<b id="31" c="14 29" t="1"/>
		<b id="32" c="14 30" t="1"/>
		<b id="33" c="15 31" t="1"/>
		<b id="34" c="16 32" t="1"/>
		<b id="35" c="16 33" t="1"/>
		<b id="36" c="17 34" t="1"/>
		<b id="37" c="17 35" t="1"/>
		<b id="38" c="18 36" t="1"/>
		<b id="39" c="19 37" t="1"/>
		<b id="40" c="19 38" t="1"/>
		<b id="41" c="21 39" t="1"/>
		<b id="42" c="21 40" t="1"/>
		<b id="43" c="21 41" t="1"/>
	</bonds>
	<geometry>
		<g u="A" t="cart/3d">#41,3:4.8646,-1.9481,-7.8218;4.4737,-1.0319,-6.8074;3.3648,-0.2888,-7.0646;2.7561,-0.4058,-8.0999;2.9832,0.6412,-5.9907;1.8350,1.3953,-6.2411;1.3158,2.2799,-5.4193;1.9469,2.4577,-4.2689;1.2524,3.6197,-3.2102;3.0900,1.7957,-3.8852;3.6564,0.8409,-4.7522;4.7580,0.1508,-4.4177;5.5548,0.3145,-3.2199;6.5183,1.5052,-3.3453;7.5677,1.4743,-2.2192;6.9046,1.3733,-0.8364;6.7882,-0.1445,-0.5975;7.3976,-0.7600,-1.8670;6.3289,-0.9789,-2.9555;8.3557,0.2588,-2.2422;9.2132,0.0169,-3.3707;5.4584,-2.7178,-7.3336;5.4580,-1.4341,-8.5806;3.9824,-2.3817,-8.2948;1.3148,1.2566,-7.1788;3.5344,2.0186,-2.9312;5.1342,-0.4600,-5.1274;4.8734,0.4880,-2.3824;5.9623,2.4430,-3.3118;7.0258,1.4586,-4.3114;8.2220,2.3462,-2.3056;5.9426,1.8813,-0.8091;7.5476,1.8288,-0.0857;5.7620,-0.4713,-0.4411;7.3732,-0.4394,0.2716;7.9129,-1.7038,-1.6677;5.6405,-1.7680,-2.6492;6.8239,-1.3055,-3.8733;9.7811,-0.8939,-3.1810;9.9131,0.8484,-3.4528;8.6982,-0.0938,-4.3363;</g>
	</geometry>
	<conformers/>
	<properties/>
</molecule>
