<?xml version="1.0" ?>
<!--MOLLI PACKAGE EXPERIMENTAL XML FORMAT-->
<molecule name="el1963">
	<atoms>
		<a id="1" s="C" t="C.3" l="C"/>
		<a id="2" s="C" t="C.3" l="C"/>
		<a id="3" s="N" t="N.pl3" l="N"/>
		<a id="4" s="C" t="C.ar" l="C"/>
		<a id="5" s="N" t="N.ar" l="N"/>
		<a id="6" s="C" t="C.ar" l="C"/>
		<a id="7" s="Cl" t="Cl" l="CL"/>
		<a id="8" s="N" t="N.ar" l="N"/>
		<a id="9" s="C" t="C.ar" l="C"/>
		<a id="10" s="N" t="N.ar" l="N"/>
		<a id="11" s="C" t="C.ar" l="C"/>
		<a id="12" s="N" t="N.ar" l="N"/>
		<a id="13" s="C" t="C.ar" l="C"/>
		<a id="14" s="H" t="H" l="H"/>
		<a id="15" s="H" t="H" l="H"/>
		<a id="16" s="H" t="H" l="H"/>
		<a id="17" s="H" t="H" l="H"/>
		<a id="18" s="H" t="H" l="H"/>
		<a id="19" s="H" t="H" l="H"/>
		<a id="20" s="H" t="H" l="H"/>
		<a id="21" s="H" t="H" l="H"/>
	</atoms>
	<bonds>
		<b id="1" c="1 2" t="1"/>
		<b id="2" c="2 3" t="1"/>
		<b id="3" c="3 4" t="1"/>
		<b id="4" c="4 5" t="ar"/>
		<b id="5" c="5 6" t="ar"/>
		<b id="6" c="6 7" t="1"/>
		<b id="7" c="6 8" t="ar"/>
		<b id="8" c="8 9" t="ar"/>
		<b id="9" c="9 10" t="ar"/>
		<b id="10" c="10 11" t="ar"/>
		<b id="11" c="11 12" t="ar"/>
		<b id="12" c="12 13" t="ar"/>
		<b id="13" c="4 13" t="ar"/>
		<b id="14" c="9 13" t="ar"/>
		<b id="15" c="1 14" t="1"/>
		<b id="16" c="1 15" t="1"/>
		<b id="17" c="1 16" t="1"/>
		<b id="18" c="2 17" t="1"/>
		<b id="19" c="2 18" t="1"/>
		<b id="20" c="3 19" t="1"/>
		<b id="21" c="10 20" t="1"/>
		<b id="22" c="11 21" t="1"/>
	</bonds>
	<geometry>
		<g u="A" t="cart/3d">#21,3:1.0988,-1.5362,-1.3411;2.1069,-2.6386,-1.0307;3.0914,-2.2033,-0.0708;4.3724,-1.9671,-0.3687;4.8296,-2.2302,-1.5989;6.1025,-2.0207,-1.8701;6.5689,-2.3923,-3.4692;7.0599,-1.5675,-1.0896;6.6137,-1.2977,0.1391;7.2964,-0.8153,1.2121;6.3841,-0.7136,2.2275;5.1893,-1.0880,1.8924;5.2905,-1.4665,0.5779;0.3832,-1.8877,-2.0790;1.6079,-0.6613,-1.7380;0.5569,-1.2466,-0.4425;2.6540,-2.9217,-1.9311;1.5876,-3.5168,-0.6318;2.7875,-1.9352,0.8530;8.2757,-0.5865,1.2355;6.6505,-0.3553,3.2021;</g>
	</geometry>
	<conformers/>
	<properties/>
</molecule>
