<?xml version="1.0" ?>
<!--MOLLI PACKAGE EXPERIMENTAL XML FORMAT-->
<molecule name="el1966">
	<atoms>
		<a id="1" s="F" t="F" l="F"/>
		<a id="2" s="C" t="C.3" l="C"/>
		<a id="3" s="F" t="F" l="F"/>
		<a id="4" s="F" t="F" l="F"/>
		<a id="5" s="C" t="C.3" l="C"/>
		<a id="6" s="C" t="C.3" l="C"/>
		<a id="7" s="C" t="C.3" l="C"/>
		<a id="8" s="N" t="N.pl3" l="N"/>
		<a id="9" s="C" t="C.ar" l="C"/>
		<a id="10" s="N" t="N.ar" l="N"/>
		<a id="11" s="C" t="C.ar" l="C"/>
		<a id="12" s="Cl" t="Cl" l="CL"/>
		<a id="13" s="N" t="N.ar" l="N"/>
		<a id="14" s="C" t="C.ar" l="C"/>
		<a id="15" s="N" t="N.ar" l="N"/>
		<a id="16" s="C" t="C.ar" l="C"/>
		<a id="17" s="N" t="N.ar" l="N"/>
		<a id="18" s="C" t="C.ar" l="C"/>
		<a id="19" s="H" t="H" l="H"/>
		<a id="20" s="H" t="H" l="H"/>
		<a id="21" s="H" t="H" l="H"/>
		<a id="22" s="H" t="H" l="H"/>
		<a id="23" s="H" t="H" l="H"/>
		<a id="24" s="H" t="H" l="H"/>
		<a id="25" s="H" t="H" l="H"/>
		<a id="26" s="H" t="H" l="H"/>
		<a id="27" s="H" t="H" l="H"/>
	</atoms>
	<bonds>
		<b id="1" c="1 2" t="1"/>
		<b id="2" c="2 3" t="1"/>
		<b id="3" c="2 4" t="1"/>
		<b id="4" c="2 5" t="1"/>
		<b id="5" c="5 6" t="1"/>
		<b id="6" c="6 7" t="1"/>
		<b id="7" c="7 8" t="1"/>
		<b id="8" c="8 9" t="1"/>
		<b id="9" c="9 10" t="ar"/>
		<b id="10" c="10 11" t="ar"/>
		<b id="11" c="11 12" t="1"/>
		<b id="12" c="11 13" t="ar"/>
		<b id="13" c="13 14" t="ar"/>
		<b id="14" c="14 15" t="ar"/>
		<b id="15" c="15 16" t="ar"/>
		<b id="16" c="16 17" t="ar"/>
		<b id="17" c="17 18" t="ar"/>
		<b id="18" c="9 18" t="ar"/>
		<b id="19" c="14 18" t="ar"/>
		<b id="20" c="5 19" t="1"/>
		<b id="21" c="5 20" t="1"/>
		<b id="22" c="6 21" t="1"/>
		<b id="23" c="6 22" t="1"/>
		<b id="24" c="7 23" t="1"/>
		<b id="25" c="7 24" t="1"/>
		<b id="26" c="8 25" t="1"/>
		<b id="27" c="15 26" t="1"/>
		<b id="28" c="16 27" t="1"/>
	</bonds>
	<geometry>
		<g u="A" t="cart/3d">#27,3:3.7786,-2.0166,-1.0078;5.0535,-1.8299,-0.6322;5.7542,-2.8552,-1.1379;5.4771,-0.7278,-1.2751;5.2072,-1.7134,0.8690;4.4016,-0.5320,1.4094;4.5462,-0.4121,2.9295;5.9013,-0.1365,3.3298;6.7293,-1.0661,3.8247;6.2781,-2.3085,4.0323;7.0923,-3.2094,4.5502;6.4059,-4.7548,4.7729;8.3506,-3.0845,4.9112;8.8139,-1.8516,4.6975;10.0538,-1.3459,4.9317;10.0121,-0.0370,4.5336;8.8582,0.3293,4.0706;8.0694,-0.7889,4.1574;6.2705,-1.5888,1.0804;4.8717,-2.6488,1.3195;3.3468,-0.6696,1.1673;4.7435,0.3899,0.9334;4.2633,-1.3518,3.4065;3.8987,0.3906,3.2924;6.3019,0.7683,3.1353;10.8337,-1.8488,5.3206;10.8632,0.6108,4.6036;</g>
	</geometry>
	<conformers/>
	<properties/>
</molecule>
