<?xml version="1.0" ?>
<!--MOLLI PACKAGE EXPERIMENTAL XML FORMAT-->
<molecule name="el1967">
	<atoms>
		<a id="1" s="Cl" t="Cl" l="CL"/>
		<a id="2" s="C" t="C.ar" l="C"/>
		<a id="3" s="N" t="N.ar" l="N"/>
		<a id="4" s="C" t="C.ar" l="C"/>
		<a id="5" s="N" t="N.pl3" l="N"/>
		<a id="6" s="C" t="C.3" l="C"/>
		<a id="7" s="C" t="C.3" l="C"/>
		<a id="8" s="O" t="O.3" l="O"/>
		<a id="9" s="C" t="C.3" l="C"/>
		<a id="10" s="C" t="C.3" l="C"/>
		<a id="11" s="C" t="C.ar" l="C"/>
		<a id="12" s="N" t="N.ar" l="N"/>
		<a id="13" s="C" t="C.ar" l="C"/>
		<a id="14" s="N" t="N.ar" l="N"/>
		<a id="15" s="C" t="C.ar" l="C"/>
		<a id="16" s="N" t="N.ar" l="N"/>
		<a id="17" s="H" t="H" l="H"/>
		<a id="18" s="H" t="H" l="H"/>
		<a id="19" s="H" t="H" l="H"/>
		<a id="20" s="H" t="H" l="H"/>
		<a id="21" s="H" t="H" l="H"/>
		<a id="22" s="H" t="H" l="H"/>
		<a id="23" s="H" t="H" l="H"/>
		<a id="24" s="H" t="H" l="H"/>
		<a id="25" s="H" t="H" l="H"/>
		<a id="26" s="H" t="H" l="H"/>
	</atoms>
	<bonds>
		<b id="1" c="1 2" t="1"/>
		<b id="2" c="2 3" t="ar"/>
		<b id="3" c="3 4" t="ar"/>
		<b id="4" c="4 5" t="1"/>
		<b id="5" c="5 6" t="1"/>
		<b id="6" c="6 7" t="1"/>
		<b id="7" c="7 8" t="1"/>
		<b id="8" c="8 9" t="1"/>
		<b id="9" c="9 10" t="1"/>
		<b id="10" c="5 10" t="1"/>
		<b id="11" c="4 11" t="ar"/>
		<b id="12" c="11 12" t="ar"/>
		<b id="13" c="12 13" t="ar"/>
		<b id="14" c="13 14" t="ar"/>
		<b id="15" c="14 15" t="ar"/>
		<b id="16" c="11 15" t="ar"/>
		<b id="17" c="15 16" t="ar"/>
		<b id="18" c="2 16" t="ar"/>
		<b id="19" c="6 17" t="1"/>
		<b id="20" c="6 18" t="1"/>
		<b id="21" c="7 19" t="1"/>
		<b id="22" c="7 20" t="1"/>
		<b id="23" c="9 21" t="1"/>
		<b id="24" c="9 22" t="1"/>
		<b id="25" c="10 23" t="1"/>
		<b id="26" c="10 24" t="1"/>
		<b id="27" c="13 25" t="1"/>
		<b id="28" c="14 26" t="1"/>
	</bonds>
	<geometry>
		<g u="A" t="cart/3d">#26,3:-1.7232,-1.2034,1.6490;-0.6616,-0.1695,0.8018;-0.9706,1.1080,0.8538;-0.1992,2.0086,0.2221;-0.5202,3.3003,0.3394;-1.7349,3.7279,0.9968;-2.6686,4.3548,-0.0462;-2.0296,5.4049,-0.7369;-0.8673,4.9541,-1.3941;0.1358,4.3545,-0.3991;0.9184,1.5130,-0.4894;1.9109,2.0847,-1.2479;2.6600,1.0999,-1.6353;2.2336,-0.1171,-1.1847;1.1157,0.1218,-0.4476;0.3440,-0.7591,0.1918;-1.4778,4.4773,1.7530;-2.1992,2.8627,1.4676;-3.5446,4.7933,0.4334;-2.9916,3.5786,-0.7566;-0.4409,5.8249,-1.8937;-1.1302,4.1944,-2.1465;0.4445,5.1317,0.3090;1.0077,3.9582,-0.9182;3.5307,1.2151,-2.2498;2.6467,-1.0191,-1.3510;</g>
	</geometry>
	<conformers/>
	<properties/>
</molecule>
