<?xml version="1.0" ?>
<!--MOLLI PACKAGE EXPERIMENTAL XML FORMAT-->
<molecule name="el1969">
	<atoms>
		<a id="1" s="Cl" t="Cl" l="CL"/>
		<a id="2" s="C" t="C.ar" l="C"/>
		<a id="3" s="N" t="N.ar" l="N"/>
		<a id="4" s="C" t="C.ar" l="C"/>
		<a id="5" s="N" t="N.pl3" l="N"/>
		<a id="6" s="C" t="C.3" l="C"/>
		<a id="7" s="C" t="C.3" l="C"/>
		<a id="8" s="C" t="C.3" l="C"/>
		<a id="9" s="C" t="C.3" l="C"/>
		<a id="10" s="C" t="C.3" l="C"/>
		<a id="11" s="C" t="C.ar" l="C"/>
		<a id="12" s="N" t="N.ar" l="N"/>
		<a id="13" s="C" t="C.ar" l="C"/>
		<a id="14" s="N" t="N.ar" l="N"/>
		<a id="15" s="C" t="C.ar" l="C"/>
		<a id="16" s="N" t="N.ar" l="N"/>
		<a id="17" s="H" t="H" l="H"/>
		<a id="18" s="H" t="H" l="H"/>
		<a id="19" s="H" t="H" l="H"/>
		<a id="20" s="H" t="H" l="H"/>
		<a id="21" s="H" t="H" l="H"/>
		<a id="22" s="H" t="H" l="H"/>
		<a id="23" s="H" t="H" l="H"/>
		<a id="24" s="H" t="H" l="H"/>
		<a id="25" s="H" t="H" l="H"/>
		<a id="26" s="H" t="H" l="H"/>
		<a id="27" s="H" t="H" l="H"/>
		<a id="28" s="H" t="H" l="H"/>
	</atoms>
	<bonds>
		<b id="1" c="1 2" t="1"/>
		<b id="2" c="2 3" t="ar"/>
		<b id="3" c="3 4" t="ar"/>
		<b id="4" c="4 5" t="1"/>
		<b id="5" c="5 6" t="1"/>
		<b id="6" c="6 7" t="1"/>
		<b id="7" c="7 8" t="1"/>
		<b id="8" c="8 9" t="1"/>
		<b id="9" c="9 10" t="1"/>
		<b id="10" c="5 10" t="1"/>
		<b id="11" c="4 11" t="ar"/>
		<b id="12" c="11 12" t="ar"/>
		<b id="13" c="12 13" t="ar"/>
		<b id="14" c="13 14" t="ar"/>
		<b id="15" c="14 15" t="ar"/>
		<b id="16" c="11 15" t="ar"/>
		<b id="17" c="15 16" t="ar"/>
		<b id="18" c="2 16" t="ar"/>
		<b id="19" c="6 17" t="1"/>
		<b id="20" c="6 18" t="1"/>
		<b id="21" c="7 19" t="1"/>
		<b id="22" c="7 20" t="1"/>
		<b id="23" c="8 21" t="1"/>
		<b id="24" c="8 22" t="1"/>
		<b id="25" c="9 23" t="1"/>
		<b id="26" c="9 24" t="1"/>
		<b id="27" c="10 25" t="1"/>
		<b id="28" c="10 26" t="1"/>
		<b id="29" c="13 27" t="1"/>
		<b id="30" c="14 28" t="1"/>
	</bonds>
	<geometry>
		<g u="A" t="cart/3d">#28,3:1.0478,0.1807,-3.2602;0.5715,0.4286,-1.6385;-0.0856,1.5445,-1.4183;-0.5067,1.8437,-0.1761;-1.1997,2.9701,-0.0050;-1.4226,3.8922,-1.0954;-0.6624,5.1942,-0.8431;-1.0734,5.7841,0.5036;-0.8451,4.7563,1.6092;-1.6016,3.4643,1.2904;-0.1996,0.9098,0.8436;-0.4408,0.8417,2.1944;0.0843,-0.2774,2.5844;0.6746,-0.9813,1.5734;0.5058,-0.2387,0.4462;0.9140,-0.5196,-0.7932;-2.4974,4.0978,-1.1589;-1.0891,3.4139,-2.0157;-0.8704,5.8981,-1.6498;0.4090,4.9851,-0.8409;-2.1311,6.0569,0.4736;-0.4996,6.6897,0.7080;-1.1835,5.1453,2.5699;0.2206,4.5336,1.6880;-2.6781,3.6709,1.2599;-1.4047,2.7030,2.0447;0.0645,-0.6287,3.5969;1.1430,-1.8698,1.6269;</g>
	</geometry>
	<conformers/>
	<properties/>
</molecule>
