<?xml version="1.0" ?>
<!--MOLLI PACKAGE EXPERIMENTAL XML FORMAT-->
<molecule name="el1817">
	<atoms>
		<a id="1" s="C" t="C.3" l="C"/>
		<a id="2" s="O" t="O.3" l="O"/>
		<a id="3" s="C" t="C.2" l="C"/>
		<a id="4" s="O" t="O.2" l="O"/>
		<a id="5" s="C" t="C.ar" l="C"/>
		<a id="6" s="C" t="C.ar" l="C"/>
		<a id="7" s="N" t="N.ar" l="N"/>
		<a id="8" s="C" t="C.ar" l="C"/>
		<a id="9" s="Cl" t="Cl" l="CL"/>
		<a id="10" s="C" t="C.ar" l="C"/>
		<a id="11" s="C" t="C.ar" l="C"/>
		<a id="12" s="N" t="N.pl3" l="N"/>
		<a id="13" s="C" t="C.3" l="C"/>
		<a id="14" s="C" t="C.3" l="C"/>
		<a id="15" s="C" t="C.3" l="C"/>
		<a id="16" s="C" t="C.3" l="C"/>
		<a id="17" s="C" t="C.3" l="C"/>
		<a id="18" s="C" t="C.3" l="C"/>
		<a id="19" s="C" t="C.3" l="C"/>
		<a id="20" s="C" t="C.3" l="C"/>
		<a id="21" s="N" t="N.3" l="N"/>
		<a id="22" s="C" t="C.3" l="C"/>
		<a id="23" s="H" t="H" l="H"/>
		<a id="24" s="H" t="H" l="H"/>
		<a id="25" s="H" t="H" l="H"/>
		<a id="26" s="H" t="H" l="H"/>
		<a id="27" s="H" t="H" l="H"/>
		<a id="28" s="H" t="H" l="H"/>
		<a id="29" s="H" t="H" l="H"/>
		<a id="30" s="H" t="H" l="H"/>
		<a id="31" s="H" t="H" l="H"/>
		<a id="32" s="H" t="H" l="H"/>
		<a id="33" s="H" t="H" l="H"/>
		<a id="34" s="H" t="H" l="H"/>
		<a id="35" s="H" t="H" l="H"/>
		<a id="36" s="H" t="H" l="H"/>
		<a id="37" s="H" t="H" l="H"/>
		<a id="38" s="H" t="H" l="H"/>
		<a id="39" s="H" t="H" l="H"/>
		<a id="40" s="H" t="H" l="H"/>
		<a id="41" s="H" t="H" l="H"/>
		<a id="42" s="H" t="H" l="H"/>
		<a id="43" s="H" t="H" l="H"/>
		<a id="44" s="H" t="H" l="H"/>
	</atoms>
	<bonds>
		<b id="1" c="1 2" t="1"/>
		<b id="2" c="2 3" t="1"/>
		<b id="3" c="3 4" t="2"/>
		<b id="4" c="3 5" t="1"/>
		<b id="5" c="5 6" t="ar"/>
		<b id="6" c="6 7" t="ar"/>
		<b id="7" c="7 8" t="ar"/>
		<b id="8" c="8 9" t="1"/>
		<b id="9" c="8 10" t="ar"/>
		<b id="10" c="10 11" t="ar"/>
		<b id="11" c="5 11" t="ar"/>
		<b id="12" c="11 12" t="1"/>
		<b id="13" c="12 13" t="1"/>
		<b id="14" c="14 15" t="1"/>
		<b id="15" c="15 16" t="1"/>
		<b id="16" c="16 17" t="1"/>
		<b id="17" c="17 18" t="1"/>
		<b id="18" c="18 19" t="1"/>
		<b id="19" c="19 20" t="1"/>
		<b id="20" c="14 20" t="1"/>
		<b id="21" c="19 21" t="1"/>
		<b id="22" c="16 21" t="1"/>
		<b id="23" c="21 22" t="1"/>
		<b id="24" c="14 13" t="1"/>
		<b id="25" c="1 23" t="1"/>
		<b id="26" c="1 24" t="1"/>
		<b id="27" c="1 25" t="1"/>
		<b id="28" c="6 26" t="1"/>
		<b id="29" c="10 27" t="1"/>
		<b id="30" c="12 28" t="1"/>
		<b id="31" c="13 29" t="1"/>
		<b id="32" c="13 30" t="1"/>
		<b id="33" c="14 31" t="1"/>
		<b id="34" c="15 32" t="1"/>
		<b id="35" c="15 33" t="1"/>
		<b id="36" c="16 34" t="1"/>
		<b id="37" c="17 35" t="1"/>
		<b id="38" c="17 36" t="1"/>
		<b id="39" c="18 37" t="1"/>
		<b id="40" c="18 38" t="1"/>
		<b id="41" c="19 39" t="1"/>
		<b id="42" c="20 40" t="1"/>
		<b id="43" c="20 41" t="1"/>
		<b id="44" c="22 42" t="1"/>
		<b id="45" c="22 43" t="1"/>
		<b id="46" c="22 44" t="1"/>
	</bonds>
	<geometry>
		<g u="A" t="cart/3d">#44,3:10.5123,-5.8895,5.2462;10.1444,-5.5713,3.9130;8.8297,-5.4977,3.6698;8.0024,-5.6866,4.5448;8.5194,-5.1649,2.2769;9.5429,-4.9197,1.3640;9.3560,-4.5945,0.1030;8.1003,-4.4960,-0.3101;7.8979,-4.0646,-1.9625;6.9892,-4.7048,0.4725;7.1700,-5.0622,1.8237;6.1478,-5.3257,2.6471;4.7543,-5.1120,2.3533;4.3537,-3.6289,2.4458;4.5883,-3.0862,3.8592;3.9193,-1.7122,4.0361;4.3561,-0.7294,2.9383;3.3197,-0.9467,1.8195;2.3935,-2.0331,2.3880;2.8929,-3.4432,2.0256;2.4879,-1.7689,3.8100;1.6845,-2.5545,4.7071;11.5988,-5.9037,5.2638;10.1107,-6.8650,5.5289;10.1261,-5.1377,5.9379;10.5740,-4.9884,1.6790;6.0069,-4.5987,0.0466;6.4113,-5.5029,3.6121;4.1754,-5.6942,3.0746;4.5246,-5.4942,1.3540;4.9915,-3.0722,1.7535;5.6589,-2.9983,4.0528;4.1744,-3.7772,4.5974;4.1224,-1.3314,5.0414;5.3766,-0.9180,2.6101;4.3039,0.2910,3.3137;3.7732,-1.2532,0.8789;2.7531,-0.0345,1.6413;1.3581,-1.9145,2.0549;2.7900,-3.6028,0.9506;2.2650,-4.1815,2.5297;0.6372,-2.4203,4.4359;1.8302,-2.1751,5.7187;1.9025,-3.6326,4.7104;</g>
	</geometry>
	<conformers/>
	<properties/>
</molecule>
