<?xml version="1.0" ?>
<!--MOLLI PACKAGE EXPERIMENTAL XML FORMAT-->
<molecule name="el1818">
	<atoms>
		<a id="1" s="C" t="C.3" l="C"/>
		<a id="2" s="O" t="O.3" l="O"/>
		<a id="3" s="C" t="C.2" l="C"/>
		<a id="4" s="O" t="O.2" l="O"/>
		<a id="5" s="C" t="C.ar" l="C"/>
		<a id="6" s="C" t="C.ar" l="C"/>
		<a id="7" s="N" t="N.ar" l="N"/>
		<a id="8" s="C" t="C.ar" l="C"/>
		<a id="9" s="Cl" t="Cl" l="CL"/>
		<a id="10" s="C" t="C.ar" l="C"/>
		<a id="11" s="C" t="C.ar" l="C"/>
		<a id="12" s="N" t="N.pl3" l="N"/>
		<a id="13" s="C" t="C.3" l="C"/>
		<a id="14" s="C" t="C.3" l="C"/>
		<a id="15" s="C" t="C.3" l="C"/>
		<a id="16" s="C" t="C.3" l="C"/>
		<a id="17" s="C" t="C.3" l="C"/>
		<a id="18" s="C" t="C.3" l="C"/>
		<a id="19" s="N" t="N.am" l="N"/>
		<a id="20" s="C" t="C.2" l="C"/>
		<a id="21" s="O" t="O.2" l="O"/>
		<a id="22" s="O" t="O.3" l="O"/>
		<a id="23" s="C" t="C.3" l="C"/>
		<a id="24" s="C" t="C.3" l="C"/>
		<a id="25" s="C" t="C.3" l="C"/>
		<a id="26" s="C" t="C.3" l="C"/>
		<a id="27" s="H" t="H" l="H"/>
		<a id="28" s="H" t="H" l="H"/>
		<a id="29" s="H" t="H" l="H"/>
		<a id="30" s="H" t="H" l="H"/>
		<a id="31" s="H" t="H" l="H"/>
		<a id="32" s="H" t="H" l="H"/>
		<a id="33" s="H" t="H" l="H"/>
		<a id="34" s="H" t="H" l="H"/>
		<a id="35" s="H" t="H" l="H"/>
		<a id="36" s="H" t="H" l="H"/>
		<a id="37" s="H" t="H" l="H"/>
		<a id="38" s="H" t="H" l="H"/>
		<a id="39" s="H" t="H" l="H"/>
		<a id="40" s="H" t="H" l="H"/>
		<a id="41" s="H" t="H" l="H"/>
		<a id="42" s="H" t="H" l="H"/>
		<a id="43" s="H" t="H" l="H"/>
		<a id="44" s="H" t="H" l="H"/>
		<a id="45" s="H" t="H" l="H"/>
		<a id="46" s="H" t="H" l="H"/>
		<a id="47" s="H" t="H" l="H"/>
		<a id="48" s="H" t="H" l="H"/>
		<a id="49" s="H" t="H" l="H"/>
		<a id="50" s="H" t="H" l="H"/>
		<a id="51" s="H" t="H" l="H"/>
		<a id="52" s="H" t="H" l="H"/>
	</atoms>
	<bonds>
		<b id="1" c="1 2" t="1"/>
		<b id="2" c="2 3" t="1"/>
		<b id="3" c="3 4" t="2"/>
		<b id="4" c="3 5" t="1"/>
		<b id="5" c="5 6" t="ar"/>
		<b id="6" c="6 7" t="ar"/>
		<b id="7" c="7 8" t="ar"/>
		<b id="8" c="8 9" t="1"/>
		<b id="9" c="8 10" t="ar"/>
		<b id="10" c="10 11" t="ar"/>
		<b id="11" c="5 11" t="ar"/>
		<b id="12" c="11 12" t="1"/>
		<b id="13" c="12 13" t="1"/>
		<b id="14" c="13 14" t="1"/>
		<b id="15" c="14 15" t="1"/>
		<b id="16" c="15 16" t="1"/>
		<b id="17" c="16 17" t="1"/>
		<b id="18" c="17 18" t="1"/>
		<b id="19" c="18 19" t="1"/>
		<b id="20" c="14 19" t="1"/>
		<b id="21" c="19 20" t="am"/>
		<b id="22" c="20 21" t="2"/>
		<b id="23" c="20 22" t="1"/>
		<b id="24" c="22 23" t="1"/>
		<b id="25" c="23 24" t="1"/>
		<b id="26" c="23 25" t="1"/>
		<b id="27" c="23 26" t="1"/>
		<b id="28" c="1 27" t="1"/>
		<b id="29" c="1 28" t="1"/>
		<b id="30" c="1 29" t="1"/>
		<b id="31" c="6 30" t="1"/>
		<b id="32" c="10 31" t="1"/>
		<b id="33" c="12 32" t="1"/>
		<b id="34" c="13 33" t="1"/>
		<b id="35" c="13 34" t="1"/>
		<b id="36" c="14 35" t="1"/>
		<b id="37" c="15 36" t="1"/>
		<b id="38" c="15 37" t="1"/>
		<b id="39" c="16 38" t="1"/>
		<b id="40" c="16 39" t="1"/>
		<b id="41" c="17 40" t="1"/>
		<b id="42" c="17 41" t="1"/>
		<b id="43" c="18 42" t="1"/>
		<b id="44" c="18 43" t="1"/>
		<b id="45" c="24 44" t="1"/>
		<b id="46" c="24 45" t="1"/>
		<b id="47" c="24 46" t="1"/>
		<b id="48" c="25 47" t="1"/>
		<b id="49" c="25 48" t="1"/>
		<b id="50" c="25 49" t="1"/>
		<b id="51" c="26 50" t="1"/>
		<b id="52" c="26 51" t="1"/>
		<b id="53" c="26 52" t="1"/>
	</bonds>
	<geometry>
		<g u="A" t="cart/3d">#52,3:1.5479,3.1025,0.1211;2.6847,2.4714,-0.4467;3.2366,1.4905,0.2793;2.7862,1.1626,1.3650;4.3998,0.8808,-0.3659;4.8481,1.3355,-1.6049;5.8798,0.8393,-2.2515;6.5287,-0.1630,-1.6725;7.8653,-0.7807,-2.5571;6.2080,-0.7173,-0.4557;5.1056,-0.1954,0.2501;4.7271,-0.6761,1.4376;5.3719,-1.7598,2.1386;4.6859,-1.9507,3.4913;5.0423,-0.8459,4.4925;4.2017,-1.0115,5.7584;4.3643,-2.4194,6.3299;4.0702,-3.4632,5.2505;4.9408,-3.2482,4.1077;6.1654,-3.8458,4.0459;7.0505,-3.5086,3.2923;6.2339,-4.8896,4.8910;7.4054,-5.7402,4.9132;8.6333,-4.9408,5.3487;7.0631,-6.8041,5.9580;7.6263,-6.3879,3.5469;1.2100,3.8307,-0.6115;1.8146,3.5966,1.0579;0.7651,2.3681,0.3225;4.3371,2.1497,-2.0979;6.7866,-1.5313,-0.0554;3.9083,-0.2364,1.8477;6.4337,-1.5415,2.2796;5.2929,-2.6889,1.5619;3.6015,-1.9231,3.3100;4.8618,0.1327,4.0464;6.1045,-0.9237,4.7339;3.1505,-0.8395,5.5145;4.4973,-0.2704,6.5027;3.6928,-2.5655,7.1769;5.3896,-2.5578,6.6791;3.0350,-3.3698,4.9080;4.2247,-4.4713,5.6305;8.4468,-4.4619,6.3079;8.8634,-4.1773,4.6111;9.4864,-5.6059,5.4474;6.8684,-6.3352,6.9191;7.8902,-7.4994,6.0638;6.1751,-7.3525,5.6548;7.8705,-5.6311,2.8071;6.7258,-6.9110,3.2321;8.4448,-7.0994,3.6090;</g>
	</geometry>
	<conformers/>
	<properties/>
</molecule>
