<?xml version="1.0" ?>
<!--MOLLI PACKAGE EXPERIMENTAL XML FORMAT-->
<molecule name="el1819">
	<atoms>
		<a id="1" s="C" t="C.3" l="C"/>
		<a id="2" s="O" t="O.3" l="O"/>
		<a id="3" s="C" t="C.2" l="C"/>
		<a id="4" s="O" t="O.2" l="O"/>
		<a id="5" s="C" t="C.ar" l="C"/>
		<a id="6" s="C" t="C.ar" l="C"/>
		<a id="7" s="N" t="N.ar" l="N"/>
		<a id="8" s="C" t="C.ar" l="C"/>
		<a id="9" s="Cl" t="Cl" l="CL"/>
		<a id="10" s="C" t="C.ar" l="C"/>
		<a id="11" s="C" t="C.ar" l="C"/>
		<a id="12" s="N" t="N.pl3" l="N"/>
		<a id="13" s="C" t="C.3" l="C"/>
		<a id="14" s="C" t="C.3" l="C"/>
		<a id="15" s="C" t="C.3" l="C"/>
		<a id="16" s="N" t="N.am" l="N"/>
		<a id="17" s="C" t="C.2" l="C"/>
		<a id="18" s="O" t="O.2" l="O"/>
		<a id="19" s="O" t="O.3" l="O"/>
		<a id="20" s="C" t="C.3" l="C"/>
		<a id="21" s="C" t="C.3" l="C"/>
		<a id="22" s="C" t="C.3" l="C"/>
		<a id="23" s="C" t="C.3" l="C"/>
		<a id="24" s="C" t="C.3" l="C"/>
		<a id="25" s="C" t="C.3" l="C"/>
		<a id="26" s="O" t="O.3" l="O"/>
		<a id="27" s="H" t="H" l="H"/>
		<a id="28" s="H" t="H" l="H"/>
		<a id="29" s="H" t="H" l="H"/>
		<a id="30" s="H" t="H" l="H"/>
		<a id="31" s="H" t="H" l="H"/>
		<a id="32" s="H" t="H" l="H"/>
		<a id="33" s="H" t="H" l="H"/>
		<a id="34" s="H" t="H" l="H"/>
		<a id="35" s="H" t="H" l="H"/>
		<a id="36" s="H" t="H" l="H"/>
		<a id="37" s="H" t="H" l="H"/>
		<a id="38" s="H" t="H" l="H"/>
		<a id="39" s="H" t="H" l="H"/>
		<a id="40" s="H" t="H" l="H"/>
		<a id="41" s="H" t="H" l="H"/>
		<a id="42" s="H" t="H" l="H"/>
		<a id="43" s="H" t="H" l="H"/>
		<a id="44" s="H" t="H" l="H"/>
		<a id="45" s="H" t="H" l="H"/>
		<a id="46" s="H" t="H" l="H"/>
		<a id="47" s="H" t="H" l="H"/>
		<a id="48" s="H" t="H" l="H"/>
		<a id="49" s="H" t="H" l="H"/>
		<a id="50" s="H" t="H" l="H"/>
	</atoms>
	<bonds>
		<b id="1" c="1 2" t="1"/>
		<b id="2" c="2 3" t="1"/>
		<b id="3" c="3 4" t="2"/>
		<b id="4" c="3 5" t="1"/>
		<b id="5" c="5 6" t="ar"/>
		<b id="6" c="6 7" t="ar"/>
		<b id="7" c="7 8" t="ar"/>
		<b id="8" c="8 9" t="1"/>
		<b id="9" c="8 10" t="ar"/>
		<b id="10" c="10 11" t="ar"/>
		<b id="11" c="5 11" t="ar"/>
		<b id="12" c="11 12" t="1"/>
		<b id="13" c="12 13" t="1"/>
		<b id="14" c="13 14" t="1"/>
		<b id="15" c="14 15" t="1"/>
		<b id="16" c="15 16" t="1"/>
		<b id="17" c="16 17" t="am"/>
		<b id="18" c="17 18" t="2"/>
		<b id="19" c="17 19" t="1"/>
		<b id="20" c="19 20" t="1"/>
		<b id="21" c="20 21" t="1"/>
		<b id="22" c="20 22" t="1"/>
		<b id="23" c="20 23" t="1"/>
		<b id="24" c="16 24" t="1"/>
		<b id="25" c="24 25" t="1"/>
		<b id="26" c="25 26" t="1"/>
		<b id="27" c="14 26" t="1"/>
		<b id="28" c="1 27" t="1"/>
		<b id="29" c="1 28" t="1"/>
		<b id="30" c="1 29" t="1"/>
		<b id="31" c="6 30" t="1"/>
		<b id="32" c="10 31" t="1"/>
		<b id="33" c="12 32" t="1"/>
		<b id="34" c="13 33" t="1"/>
		<b id="35" c="13 34" t="1"/>
		<b id="36" c="14 35" t="1"/>
		<b id="37" c="15 36" t="1"/>
		<b id="38" c="15 37" t="1"/>
		<b id="39" c="21 38" t="1"/>
		<b id="40" c="21 39" t="1"/>
		<b id="41" c="21 40" t="1"/>
		<b id="42" c="22 41" t="1"/>
		<b id="43" c="22 42" t="1"/>
		<b id="44" c="22 43" t="1"/>
		<b id="45" c="23 44" t="1"/>
		<b id="46" c="23 45" t="1"/>
		<b id="47" c="23 46" t="1"/>
		<b id="48" c="24 47" t="1"/>
		<b id="49" c="24 48" t="1"/>
		<b id="50" c="25 49" t="1"/>
		<b id="51" c="25 50" t="1"/>
	</bonds>
	<geometry>
		<g u="A" t="cart/3d">#50,3:5.2976,-4.0950,-3.6125;5.9697,-2.8430,-3.6002;7.2874,-2.8788,-3.9082;7.8493,-3.9178,-4.1545;7.9477,-1.5607,-3.9473;9.2624,-1.5711,-4.4150;10.0167,-0.5054,-4.5732;9.4662,0.6571,-4.2642;10.4617,2.0381,-4.4932;8.1854,0.8222,-3.7852;7.3720,-0.3092,-3.5916;6.1493,-0.2257,-3.0275;5.3467,0.9593,-2.8855;4.3904,1.1184,-4.0769;3.5532,2.4034,-3.9722;2.5617,2.4194,-5.0218;2.5504,3.2820,-6.0751;1.7611,3.1825,-6.9860;3.4872,4.2320,-5.9365;3.5793,5.3118,-6.9013;2.2794,6.1145,-6.9194;4.7328,6.1703,-6.3803;3.9061,4.7619,-8.2888;1.7274,1.2372,-5.0498;2.6225,-0.0008,-5.1353;3.5527,-0.0239,-4.0744;4.2617,-3.8816,-3.3618;5.7429,-4.7709,-2.8802;5.3689,-4.5524,-4.6010;9.7145,-2.5165,-4.6817;7.8343,1.8141,-3.5595;5.6046,-1.0779,-3.0426;5.9683,1.8476,-2.7869;4.7450,0.8477,-1.9792;4.9671,1.1432,-5.0181;4.1871,3.2835,-4.0595;3.0379,2.4151,-3.0038;2.0395,6.4601,-5.9159;1.4628,5.4975,-7.2837;2.3907,6.9754,-7.5722;4.5083,6.5312,-5.3799;4.8864,7.0208,-7.0373;5.6475,5.5843,-6.3405;3.0909,4.1396,-8.6468;4.8160,4.1664,-8.2517;4.0527,5.5856,-8.9816;1.0681,1.3048,-5.9150;1.1335,1.2012,-4.1300;3.1534,-0.0041,-6.0988;2.0355,-0.9153,-5.0413;</g>
	</geometry>
	<conformers/>
	<properties/>
</molecule>
