<?xml version="1.0" ?>
<!--MOLLI PACKAGE EXPERIMENTAL XML FORMAT-->
<molecule name="el1994">
	<atoms>
		<a id="1" s="C" t="C.3" l="C"/>
		<a id="2" s="C" t="C.3" l="C"/>
		<a id="3" s="C" t="C.3" l="C"/>
		<a id="4" s="C" t="C.3" l="C"/>
		<a id="5" s="N" t="N.pl3" l="N"/>
		<a id="6" s="C" t="C.ar" l="C"/>
		<a id="7" s="N" t="N.ar" l="N"/>
		<a id="8" s="C" t="C.ar" l="C"/>
		<a id="9" s="Cl" t="Cl" l="CL"/>
		<a id="10" s="N" t="N.ar" l="N"/>
		<a id="11" s="C" t="C.ar" l="C"/>
		<a id="12" s="C" t="C.ar" l="C"/>
		<a id="13" s="C" t="C.ar" l="C"/>
		<a id="14" s="C" t="C.1" l="C"/>
		<a id="15" s="N" t="N.1" l="N"/>
		<a id="16" s="C" t="C.ar" l="C"/>
		<a id="17" s="N" t="N.ar" l="N"/>
		<a id="18" s="C" t="C.3" l="C"/>
		<a id="19" s="O" t="O.3" l="O"/>
		<a id="20" s="C" t="C.3" l="C"/>
		<a id="21" s="C" t="C.3" l="C"/>
		<a id="22" s="Si" t="Si" l="SI"/>
		<a id="23" s="C" t="C.3" l="C"/>
		<a id="24" s="C" t="C.3" l="C"/>
		<a id="25" s="C" t="C.3" l="C"/>
		<a id="26" s="H" t="H" l="H"/>
		<a id="27" s="H" t="H" l="H"/>
		<a id="28" s="H" t="H" l="H"/>
		<a id="29" s="H" t="H" l="H"/>
		<a id="30" s="H" t="H" l="H"/>
		<a id="31" s="H" t="H" l="H"/>
		<a id="32" s="H" t="H" l="H"/>
		<a id="33" s="H" t="H" l="H"/>
		<a id="34" s="H" t="H" l="H"/>
		<a id="35" s="H" t="H" l="H"/>
		<a id="36" s="H" t="H" l="H"/>
		<a id="37" s="H" t="H" l="H"/>
		<a id="38" s="H" t="H" l="H"/>
		<a id="39" s="H" t="H" l="H"/>
		<a id="40" s="H" t="H" l="H"/>
		<a id="41" s="H" t="H" l="H"/>
		<a id="42" s="H" t="H" l="H"/>
		<a id="43" s="H" t="H" l="H"/>
		<a id="44" s="H" t="H" l="H"/>
		<a id="45" s="H" t="H" l="H"/>
		<a id="46" s="H" t="H" l="H"/>
		<a id="47" s="H" t="H" l="H"/>
		<a id="48" s="H" t="H" l="H"/>
		<a id="49" s="H" t="H" l="H"/>
		<a id="50" s="H" t="H" l="H"/>
		<a id="51" s="H" t="H" l="H"/>
	</atoms>
	<bonds>
		<b id="1" c="1 2" t="1"/>
		<b id="2" c="3 5" t="1"/>
		<b id="3" c="5 6" t="1"/>
		<b id="4" c="6 7" t="ar"/>
		<b id="5" c="7 8" t="ar"/>
		<b id="6" c="8 9" t="1"/>
		<b id="7" c="8 10" t="ar"/>
		<b id="8" c="10 11" t="ar"/>
		<b id="9" c="11 12" t="ar"/>
		<b id="10" c="6 12" t="ar"/>
		<b id="11" c="12 13" t="ar"/>
		<b id="12" c="13 14" t="1"/>
		<b id="13" c="14 15" t="3"/>
		<b id="14" c="13 16" t="ar"/>
		<b id="15" c="16 17" t="ar"/>
		<b id="16" c="11 17" t="ar"/>
		<b id="17" c="17 18" t="1"/>
		<b id="18" c="18 19" t="1"/>
		<b id="19" c="19 20" t="1"/>
		<b id="20" c="20 21" t="1"/>
		<b id="21" c="21 22" t="1"/>
		<b id="22" c="22 23" t="1"/>
		<b id="23" c="22 24" t="1"/>
		<b id="24" c="22 25" t="1"/>
		<b id="25" c="3 4" t="1"/>
		<b id="26" c="3 2" t="1"/>
		<b id="27" c="1 26" t="1"/>
		<b id="28" c="1 27" t="1"/>
		<b id="29" c="1 28" t="1"/>
		<b id="30" c="2 29" t="1"/>
		<b id="31" c="2 30" t="1"/>
		<b id="32" c="3 31" t="1"/>
		<b id="33" c="4 32" t="1"/>
		<b id="34" c="4 33" t="1"/>
		<b id="35" c="4 34" t="1"/>
		<b id="36" c="5 35" t="1"/>
		<b id="37" c="16 36" t="1"/>
		<b id="38" c="18 37" t="1"/>
		<b id="39" c="18 38" t="1"/>
		<b id="40" c="20 39" t="1"/>
		<b id="41" c="20 40" t="1"/>
		<b id="42" c="21 41" t="1"/>
		<b id="43" c="21 42" t="1"/>
		<b id="44" c="23 43" t="1"/>
		<b id="45" c="23 44" t="1"/>
		<b id="46" c="23 45" t="1"/>
		<b id="47" c="24 46" t="1"/>
		<b id="48" c="24 47" t="1"/>
		<b id="49" c="24 48" t="1"/>
		<b id="50" c="25 49" t="1"/>
		<b id="51" c="25 50" t="1"/>
		<b id="52" c="25 51" t="1"/>
	</bonds>
	<geometry>
		<g u="A" t="cart/3d">#51,3:5.0908,-0.2433,-2.7529;3.8123,-0.1502,-1.9268;3.6364,-1.3489,-0.9914;2.3366,-1.2533,-0.1927;4.7671,-1.4211,-0.0902;5.4421,-2.5388,0.1841;5.0547,-3.6930,-0.3738;5.7321,-4.7897,-0.1031;5.1492,-6.2068,-0.8588;6.7861,-4.9477,0.6662;7.1881,-3.8016,1.2255;6.5689,-2.5565,1.0370;7.3265,-1.6156,1.8075;7.0526,-0.2483,1.8979;6.7754,0.8663,1.9321;8.3408,-2.3274,2.4047;8.2646,-3.6403,2.0446;9.0828,-4.7189,2.5551;8.7923,-5.0247,3.8754;7.5171,-5.6314,4.0690;7.3794,-6.0182,5.5267;5.6777,-6.8041,5.9286;5.6422,-7.1903,7.7961;4.2884,-5.5686,5.4948;5.4529,-8.4080,4.9206;5.1737,0.6122,-3.4195;5.0913,-1.1512,-3.3539;5.9670,-0.2588,-2.1080;2.9507,-0.1035,-2.5937;3.8269,0.7672,-1.3316;3.6457,-2.2808,-1.5649;2.3404,-0.3643,0.4367;2.2222,-2.1301,0.4408;1.4862,-1.1989,-0.8666;5.0388,-0.5718,0.3850;9.1127,-1.9821,3.0644;10.1353,-4.4165,2.5330;8.9097,-5.5766,1.8869;7.4355,-6.5109,3.4172;6.7251,-4.9256,3.7857;7.5365,-5.1237,6.1294;8.1888,-6.7038,5.7755;5.7933,-6.2958,8.3924;6.4158,-7.9006,8.0702;4.6881,-7.6187,8.0862;4.4640,-4.5961,5.9455;3.3239,-5.9213,5.8471;4.2081,-5.4243,4.4211;6.2694,-9.1035,5.0916;5.4124,-8.2046,3.8545;4.5311,-8.9154,5.1897;</g>
	</geometry>
	<conformers/>
	<properties/>
</molecule>
