<?xml version="1.0" ?>
<!--MOLLI PACKAGE EXPERIMENTAL XML FORMAT-->
<molecule name="el1995">
	<atoms>
		<a id="1" s="C" t="C.3" l="C"/>
		<a id="2" s="Si" t="Si" l="SI"/>
		<a id="3" s="C" t="C.3" l="C"/>
		<a id="4" s="C" t="C.3" l="C"/>
		<a id="5" s="C" t="C.3" l="C"/>
		<a id="6" s="C" t="C.3" l="C"/>
		<a id="7" s="O" t="O.3" l="O"/>
		<a id="8" s="C" t="C.3" l="C"/>
		<a id="9" s="N" t="N.ar" l="N"/>
		<a id="10" s="C" t="C.ar" l="C"/>
		<a id="11" s="C" t="C.ar" l="C"/>
		<a id="12" s="C" t="C.1" l="C"/>
		<a id="13" s="N" t="N.1" l="N"/>
		<a id="14" s="C" t="C.ar" l="C"/>
		<a id="15" s="C" t="C.ar" l="C"/>
		<a id="16" s="N" t="N.pl3" l="N"/>
		<a id="17" s="C" t="C.3" l="C"/>
		<a id="18" s="C" t="C.3" l="C"/>
		<a id="19" s="C" t="C.3" l="C"/>
		<a id="20" s="C" t="C.3" l="C"/>
		<a id="21" s="N" t="N.ar" l="N"/>
		<a id="22" s="C" t="C.ar" l="C"/>
		<a id="23" s="Cl" t="Cl" l="CL"/>
		<a id="24" s="N" t="N.ar" l="N"/>
		<a id="25" s="C" t="C.ar" l="C"/>
		<a id="26" s="H" t="H" l="H"/>
		<a id="27" s="H" t="H" l="H"/>
		<a id="28" s="H" t="H" l="H"/>
		<a id="29" s="H" t="H" l="H"/>
		<a id="30" s="H" t="H" l="H"/>
		<a id="31" s="H" t="H" l="H"/>
		<a id="32" s="H" t="H" l="H"/>
		<a id="33" s="H" t="H" l="H"/>
		<a id="34" s="H" t="H" l="H"/>
		<a id="35" s="H" t="H" l="H"/>
		<a id="36" s="H" t="H" l="H"/>
		<a id="37" s="H" t="H" l="H"/>
		<a id="38" s="H" t="H" l="H"/>
		<a id="39" s="H" t="H" l="H"/>
		<a id="40" s="H" t="H" l="H"/>
		<a id="41" s="H" t="H" l="H"/>
		<a id="42" s="H" t="H" l="H"/>
		<a id="43" s="H" t="H" l="H"/>
		<a id="44" s="H" t="H" l="H"/>
		<a id="45" s="H" t="H" l="H"/>
		<a id="46" s="H" t="H" l="H"/>
		<a id="47" s="H" t="H" l="H"/>
		<a id="48" s="H" t="H" l="H"/>
		<a id="49" s="H" t="H" l="H"/>
	</atoms>
	<bonds>
		<b id="1" c="1 2" t="1"/>
		<b id="2" c="2 3" t="1"/>
		<b id="3" c="2 4" t="1"/>
		<b id="4" c="2 5" t="1"/>
		<b id="5" c="5 6" t="1"/>
		<b id="6" c="6 7" t="1"/>
		<b id="7" c="7 8" t="1"/>
		<b id="8" c="8 9" t="1"/>
		<b id="9" c="9 10" t="ar"/>
		<b id="10" c="10 11" t="ar"/>
		<b id="11" c="11 12" t="1"/>
		<b id="12" c="12 13" t="3"/>
		<b id="13" c="11 14" t="ar"/>
		<b id="14" c="14 15" t="ar"/>
		<b id="15" c="15 16" t="1"/>
		<b id="16" c="16 17" t="1"/>
		<b id="17" c="17 18" t="1"/>
		<b id="18" c="18 19" t="1"/>
		<b id="19" c="19 20" t="1"/>
		<b id="20" c="17 20" t="1"/>
		<b id="21" c="15 21" t="ar"/>
		<b id="22" c="21 22" t="ar"/>
		<b id="23" c="22 23" t="1"/>
		<b id="24" c="22 24" t="ar"/>
		<b id="25" c="24 25" t="ar"/>
		<b id="26" c="14 25" t="ar"/>
		<b id="27" c="9 25" t="ar"/>
		<b id="28" c="1 26" t="1"/>
		<b id="29" c="1 27" t="1"/>
		<b id="30" c="1 28" t="1"/>
		<b id="31" c="3 29" t="1"/>
		<b id="32" c="3 30" t="1"/>
		<b id="33" c="3 31" t="1"/>
		<b id="34" c="4 32" t="1"/>
		<b id="35" c="4 33" t="1"/>
		<b id="36" c="4 34" t="1"/>
		<b id="37" c="5 35" t="1"/>
		<b id="38" c="5 36" t="1"/>
		<b id="39" c="6 37" t="1"/>
		<b id="40" c="6 38" t="1"/>
		<b id="41" c="8 39" t="1"/>
		<b id="42" c="8 40" t="1"/>
		<b id="43" c="10 41" t="1"/>
		<b id="44" c="16 42" t="1"/>
		<b id="45" c="17 43" t="1"/>
		<b id="46" c="18 44" t="1"/>
		<b id="47" c="18 45" t="1"/>
		<b id="48" c="19 46" t="1"/>
		<b id="49" c="19 47" t="1"/>
		<b id="50" c="20 48" t="1"/>
		<b id="51" c="20 49" t="1"/>
	</bonds>
	<geometry>
		<g u="A" t="cart/3d">#49,3:1.6604,2.0670,3.5956;2.0864,0.7756,4.9333;2.5068,1.6663,6.5679;0.6193,-0.4147,5.1957;3.5908,-0.2681,4.3636;4.8189,0.5876,4.1372;5.8938,-0.2366,3.6883;6.9794,0.4649,3.1923;7.7202,1.1602,4.2239;8.6807,0.6297,5.0329;9.0828,1.5604,5.9624;10.0491,1.4335,6.9640;10.8291,1.3999,7.8070;8.3050,2.7388,5.7193;8.1759,4.0340,6.2689;8.9197,4.4532,7.2979;8.8497,5.7645,7.8734;10.1631,6.5708,7.8955;9.9304,6.8748,9.3833;8.8081,5.8259,9.4112;7.2656,4.8582,5.7365;6.5435,4.4350,4.7189;5.3999,5.5533,4.1244;6.5746,3.2751,4.1026;7.4680,2.4348,4.6344;0.7327,2.5819,3.8268;1.5430,1.6076,2.6184;2.4379,2.8212,3.5140;1.6461,2.2010,6.9576;3.3015,2.3927,6.4249;2.8317,0.9682,7.3339;-0.2663,0.1251,5.5148;0.8392,-1.1591,5.9546;0.3676,-0.9437,4.2820;3.3640,-0.7938,3.4366;3.8346,-1.0317,5.1016;5.1059,1.0919,5.0683;4.6233,1.3588,3.3824;6.6653,1.2297,2.4645;7.6388,-0.2711,2.7214;9.0228,-0.3774,4.8946;9.6116,3.8177,7.6703;8.0252,6.2834,7.3862;10.2060,7.4255,7.2257;11.0334,5.9401,7.7233;9.5673,7.8850,9.5547;10.7732,6.6853,10.0432;7.8633,6.1372,9.8492;9.1183,4.8870,9.8661;</g>
	</geometry>
	<conformers/>
	<properties/>
</molecule>
