<?xml version="1.0" ?>
<!--MOLLI PACKAGE EXPERIMENTAL XML FORMAT-->
<molecule name="el1996">
	<atoms>
		<a id="1" s="C" t="C.3" l="C"/>
		<a id="2" s="Si" t="Si" l="SI"/>
		<a id="3" s="C" t="C.3" l="C"/>
		<a id="4" s="C" t="C.3" l="C"/>
		<a id="5" s="C" t="C.3" l="C"/>
		<a id="6" s="C" t="C.3" l="C"/>
		<a id="7" s="O" t="O.3" l="O"/>
		<a id="8" s="C" t="C.3" l="C"/>
		<a id="9" s="N" t="N.ar" l="N"/>
		<a id="10" s="C" t="C.ar" l="C"/>
		<a id="11" s="C" t="C.ar" l="C"/>
		<a id="12" s="C" t="C.1" l="C"/>
		<a id="13" s="N" t="N.1" l="N"/>
		<a id="14" s="C" t="C.ar" l="C"/>
		<a id="15" s="C" t="C.ar" l="C"/>
		<a id="16" s="N" t="N.pl3" l="N"/>
		<a id="17" s="C" t="C.3" l="C"/>
		<a id="18" s="C" t="C.3" l="C"/>
		<a id="19" s="C" t="C.3" l="C"/>
		<a id="20" s="C" t="C.3" l="C"/>
		<a id="21" s="C" t="C.3" l="C"/>
		<a id="22" s="N" t="N.ar" l="N"/>
		<a id="23" s="C" t="C.ar" l="C"/>
		<a id="24" s="Cl" t="Cl" l="CL"/>
		<a id="25" s="N" t="N.ar" l="N"/>
		<a id="26" s="C" t="C.ar" l="C"/>
		<a id="27" s="H" t="H" l="H"/>
		<a id="28" s="H" t="H" l="H"/>
		<a id="29" s="H" t="H" l="H"/>
		<a id="30" s="H" t="H" l="H"/>
		<a id="31" s="H" t="H" l="H"/>
		<a id="32" s="H" t="H" l="H"/>
		<a id="33" s="H" t="H" l="H"/>
		<a id="34" s="H" t="H" l="H"/>
		<a id="35" s="H" t="H" l="H"/>
		<a id="36" s="H" t="H" l="H"/>
		<a id="37" s="H" t="H" l="H"/>
		<a id="38" s="H" t="H" l="H"/>
		<a id="39" s="H" t="H" l="H"/>
		<a id="40" s="H" t="H" l="H"/>
		<a id="41" s="H" t="H" l="H"/>
		<a id="42" s="H" t="H" l="H"/>
		<a id="43" s="H" t="H" l="H"/>
		<a id="44" s="H" t="H" l="H"/>
		<a id="45" s="H" t="H" l="H"/>
		<a id="46" s="H" t="H" l="H"/>
		<a id="47" s="H" t="H" l="H"/>
		<a id="48" s="H" t="H" l="H"/>
		<a id="49" s="H" t="H" l="H"/>
		<a id="50" s="H" t="H" l="H"/>
		<a id="51" s="H" t="H" l="H"/>
		<a id="52" s="H" t="H" l="H"/>
	</atoms>
	<bonds>
		<b id="1" c="1 2" t="1"/>
		<b id="2" c="2 3" t="1"/>
		<b id="3" c="2 4" t="1"/>
		<b id="4" c="2 5" t="1"/>
		<b id="5" c="5 6" t="1"/>
		<b id="6" c="6 7" t="1"/>
		<b id="7" c="7 8" t="1"/>
		<b id="8" c="8 9" t="1"/>
		<b id="9" c="9 10" t="ar"/>
		<b id="10" c="10 11" t="ar"/>
		<b id="11" c="11 12" t="1"/>
		<b id="12" c="12 13" t="3"/>
		<b id="13" c="11 14" t="ar"/>
		<b id="14" c="14 15" t="ar"/>
		<b id="15" c="15 16" t="1"/>
		<b id="16" c="16 17" t="1"/>
		<b id="17" c="17 18" t="1"/>
		<b id="18" c="18 19" t="1"/>
		<b id="19" c="19 20" t="1"/>
		<b id="20" c="20 21" t="1"/>
		<b id="21" c="17 21" t="1"/>
		<b id="22" c="15 22" t="ar"/>
		<b id="23" c="22 23" t="ar"/>
		<b id="24" c="23 24" t="1"/>
		<b id="25" c="23 25" t="ar"/>
		<b id="26" c="25 26" t="ar"/>
		<b id="27" c="14 26" t="ar"/>
		<b id="28" c="9 26" t="ar"/>
		<b id="29" c="1 27" t="1"/>
		<b id="30" c="1 28" t="1"/>
		<b id="31" c="1 29" t="1"/>
		<b id="32" c="3 30" t="1"/>
		<b id="33" c="3 31" t="1"/>
		<b id="34" c="3 32" t="1"/>
		<b id="35" c="4 33" t="1"/>
		<b id="36" c="4 34" t="1"/>
		<b id="37" c="4 35" t="1"/>
		<b id="38" c="5 36" t="1"/>
		<b id="39" c="5 37" t="1"/>
		<b id="40" c="6 38" t="1"/>
		<b id="41" c="6 39" t="1"/>
		<b id="42" c="8 40" t="1"/>
		<b id="43" c="8 41" t="1"/>
		<b id="44" c="10 42" t="1"/>
		<b id="45" c="16 43" t="1"/>
		<b id="46" c="17 44" t="1"/>
		<b id="47" c="18 45" t="1"/>
		<b id="48" c="18 46" t="1"/>
		<b id="49" c="19 47" t="1"/>
		<b id="50" c="19 48" t="1"/>
		<b id="51" c="20 49" t="1"/>
		<b id="52" c="20 50" t="1"/>
		<b id="53" c="21 51" t="1"/>
		<b id="54" c="21 52" t="1"/>
	</bonds>
	<geometry>
		<g u="A" t="cart/3d">#52,3:2.4289,1.8011,4.6125;2.1384,-0.0100,5.1349;2.6053,-0.2335,6.9727;0.3135,-0.4950,4.8619;3.2039,-1.1821,4.0551;4.6882,-0.9093,4.1745;5.3938,-1.8642,3.3826;6.7529,-1.6256,3.2748;7.4554,-1.8262,4.5252;7.7635,-3.0220,5.1032;8.3321,-2.8162,6.3382;8.7962,-3.7557,7.2622;9.1936,-4.4663,8.0723;8.3682,-1.3976,6.5373;8.8125,-0.4952,7.5282;9.4036,-0.9010,8.6538;9.8955,-0.0202,9.6873;11.3386,-0.3903,10.0890;11.2295,-1.0103,11.4825;10.0741,-0.2395,12.1139;9.0574,-0.1418,10.9780;8.6449,0.8158,7.3095;8.0857,1.2063,6.1841;7.9117,2.8972,6.0042;7.6435,0.4820,5.1794;7.7995,-0.8289,5.3864;1.7780,2.4776,5.1583;2.2354,1.9465,3.5538;3.4524,2.1095,4.8052;1.9238,0.3089,7.6214;3.6068,0.1359,7.1736;2.5740,-1.2787,7.2681;-0.3515,0.1319,5.4473;0.1281,-1.5252,5.1501;0.0274,-0.3914,3.8202;2.9244,-1.0965,3.0057;3.0291,-2.2202,4.3372;5.0086,-0.9906,5.2214;4.9347,0.1007,3.8232;6.9637,-0.5885,2.9692;7.1342,-2.3337,2.5315;7.5602,-3.9443,4.5964;9.4917,-1.8951,8.8136;9.8410,0.9862,9.2689;11.9489,0.5094,10.1303;11.7866,-1.0695,9.3671;12.1553,-0.9184,12.0497;10.9738,-2.0705,11.4099;10.4082,0.7563,12.4083;9.6657,-0.7395,12.9916;8.3742,0.6960,11.0984;8.4652,-1.0582,10.9324;</g>
	</geometry>
	<conformers/>
	<properties/>
</molecule>
