<?xml version="1.0" ?>
<!--MOLLI PACKAGE EXPERIMENTAL XML FORMAT-->
<molecule name="el1997">
	<atoms>
		<a id="1" s="C" t="C.3" l="C"/>
		<a id="2" s="Si" t="Si" l="SI"/>
		<a id="3" s="C" t="C.3" l="C"/>
		<a id="4" s="C" t="C.3" l="C"/>
		<a id="5" s="C" t="C.3" l="C"/>
		<a id="6" s="C" t="C.3" l="C"/>
		<a id="7" s="O" t="O.3" l="O"/>
		<a id="8" s="C" t="C.3" l="C"/>
		<a id="9" s="N" t="N.ar" l="N"/>
		<a id="10" s="C" t="C.ar" l="C"/>
		<a id="11" s="C" t="C.ar" l="C"/>
		<a id="12" s="C" t="C.1" l="C"/>
		<a id="13" s="N" t="N.1" l="N"/>
		<a id="14" s="C" t="C.ar" l="C"/>
		<a id="15" s="C" t="C.ar" l="C"/>
		<a id="16" s="N" t="N.pl3" l="N"/>
		<a id="17" s="C" t="C.3" l="C"/>
		<a id="18" s="C" t="C.3" l="C"/>
		<a id="19" s="C" t="C.3" l="C"/>
		<a id="20" s="C" t="C.3" l="C"/>
		<a id="21" s="C" t="C.3" l="C"/>
		<a id="22" s="C" t="C.3" l="C"/>
		<a id="23" s="N" t="N.ar" l="N"/>
		<a id="24" s="C" t="C.ar" l="C"/>
		<a id="25" s="Cl" t="Cl" l="CL"/>
		<a id="26" s="N" t="N.ar" l="N"/>
		<a id="27" s="C" t="C.ar" l="C"/>
		<a id="28" s="H" t="H" l="H"/>
		<a id="29" s="H" t="H" l="H"/>
		<a id="30" s="H" t="H" l="H"/>
		<a id="31" s="H" t="H" l="H"/>
		<a id="32" s="H" t="H" l="H"/>
		<a id="33" s="H" t="H" l="H"/>
		<a id="34" s="H" t="H" l="H"/>
		<a id="35" s="H" t="H" l="H"/>
		<a id="36" s="H" t="H" l="H"/>
		<a id="37" s="H" t="H" l="H"/>
		<a id="38" s="H" t="H" l="H"/>
		<a id="39" s="H" t="H" l="H"/>
		<a id="40" s="H" t="H" l="H"/>
		<a id="41" s="H" t="H" l="H"/>
		<a id="42" s="H" t="H" l="H"/>
		<a id="43" s="H" t="H" l="H"/>
		<a id="44" s="H" t="H" l="H"/>
		<a id="45" s="H" t="H" l="H"/>
		<a id="46" s="H" t="H" l="H"/>
		<a id="47" s="H" t="H" l="H"/>
		<a id="48" s="H" t="H" l="H"/>
		<a id="49" s="H" t="H" l="H"/>
		<a id="50" s="H" t="H" l="H"/>
		<a id="51" s="H" t="H" l="H"/>
		<a id="52" s="H" t="H" l="H"/>
		<a id="53" s="H" t="H" l="H"/>
		<a id="54" s="H" t="H" l="H"/>
		<a id="55" s="H" t="H" l="H"/>
	</atoms>
	<bonds>
		<b id="1" c="1 2" t="1"/>
		<b id="2" c="2 3" t="1"/>
		<b id="3" c="2 4" t="1"/>
		<b id="4" c="2 5" t="1"/>
		<b id="5" c="5 6" t="1"/>
		<b id="6" c="6 7" t="1"/>
		<b id="7" c="7 8" t="1"/>
		<b id="8" c="8 9" t="1"/>
		<b id="9" c="9 10" t="ar"/>
		<b id="10" c="10 11" t="ar"/>
		<b id="11" c="11 12" t="1"/>
		<b id="12" c="12 13" t="3"/>
		<b id="13" c="11 14" t="ar"/>
		<b id="14" c="14 15" t="ar"/>
		<b id="15" c="15 16" t="1"/>
		<b id="16" c="16 17" t="1"/>
		<b id="17" c="17 18" t="1"/>
		<b id="18" c="18 19" t="1"/>
		<b id="19" c="19 20" t="1"/>
		<b id="20" c="20 21" t="1"/>
		<b id="21" c="21 22" t="1"/>
		<b id="22" c="17 22" t="1"/>
		<b id="23" c="15 23" t="ar"/>
		<b id="24" c="23 24" t="ar"/>
		<b id="25" c="24 25" t="1"/>
		<b id="26" c="24 26" t="ar"/>
		<b id="27" c="26 27" t="ar"/>
		<b id="28" c="14 27" t="ar"/>
		<b id="29" c="9 27" t="ar"/>
		<b id="30" c="1 28" t="1"/>
		<b id="31" c="1 29" t="1"/>
		<b id="32" c="1 30" t="1"/>
		<b id="33" c="3 31" t="1"/>
		<b id="34" c="3 32" t="1"/>
		<b id="35" c="3 33" t="1"/>
		<b id="36" c="4 34" t="1"/>
		<b id="37" c="4 35" t="1"/>
		<b id="38" c="4 36" t="1"/>
		<b id="39" c="5 37" t="1"/>
		<b id="40" c="5 38" t="1"/>
		<b id="41" c="6 39" t="1"/>
		<b id="42" c="6 40" t="1"/>
		<b id="43" c="8 41" t="1"/>
		<b id="44" c="8 42" t="1"/>
		<b id="45" c="10 43" t="1"/>
		<b id="46" c="16 44" t="1"/>
		<b id="47" c="17 45" t="1"/>
		<b id="48" c="18 46" t="1"/>
		<b id="49" c="18 47" t="1"/>
		<b id="50" c="19 48" t="1"/>
		<b id="51" c="19 49" t="1"/>
		<b id="52" c="20 50" t="1"/>
		<b id="53" c="20 51" t="1"/>
		<b id="54" c="21 52" t="1"/>
		<b id="55" c="21 53" t="1"/>
		<b id="56" c="22 54" t="1"/>
		<b id="57" c="22 55" t="1"/>
	</bonds>
	<geometry>
		<g u="A" t="cart/3d">#55,3:10.6657,-2.0200,3.1614;9.5342,-3.3521,3.9255;10.2603,-5.0855,3.5900;9.3630,-3.0712,5.8041;7.7861,-3.2352,3.1466;7.8111,-3.5330,1.6626;6.4880,-3.4417,1.1374;6.4284,-3.4802,-0.2467;6.7829,-4.7750,-0.7870;5.9770,-5.8721,-0.8662;6.6919,-6.9497,-1.3347;6.2480,-8.2520,-1.5808;5.9465,-9.3379,-1.8064;8.0320,-6.4881,-1.5442;9.2610,-7.0244,-1.9912;9.3938,-8.2935,-2.3823;10.6283,-8.8744,-2.8646;10.4027,-9.5275,-4.2287;11.7056,-10.1297,-4.7470;12.2561,-11.1505,-3.7552;12.4706,-10.5040,-2.3898;11.1672,-9.9051,-1.8693;10.3275,-6.2144,-2.0220;10.1849,-4.9598,-1.6483;11.6072,-4.0159,-1.7166;9.1090,-4.3338,-1.2276;8.0374,-5.1326,-1.1807;11.6391,-2.0070,3.6428;10.2382,-1.0271,3.2648;10.8297,-2.1994,2.1028;11.1846,-5.2401,4.1385;10.4828,-5.2213,2.5354;9.5707,-5.8713,3.8855;10.3327,-3.1031,6.2903;8.7401,-3.8298,6.2677;8.9196,-2.1049,6.0231;7.3633,-2.2417,3.2915;7.1026,-3.9361,3.6252;8.2064,-4.5416,1.4874;8.4553,-2.8212,1.1313;7.1223,-2.7547,-0.6997;5.3936,-3.2512,-0.5205;4.9431,-5.8158,-0.5865;8.5830,-8.8939,-2.3313;11.3379,-8.0472,-2.9560;10.0256,-8.7836,-4.9335;9.6487,-10.3133,-4.1299;12.4384,-9.3327,-4.8907;11.5315,-10.6044,-5.7147;13.2000,-11.5541,-4.1259;11.5520,-11.9803,-3.6584;13.2201,-9.7141,-2.4762;12.8442,-11.2448,-1.6800;11.3328,-9.4250,-0.9028;10.4255,-10.6969,-1.7337;</g>
	</geometry>
	<conformers/>
	<properties/>
</molecule>
