<?xml version="1.0" ?>
<!--MOLLI PACKAGE EXPERIMENTAL XML FORMAT-->
<molecule name="el1802">
	<atoms>
		<a id="1" s="C" t="C.3" l="C"/>
		<a id="2" s="N" t="N.ar" l="N"/>
		<a id="3" s="C" t="C.ar" l="C"/>
		<a id="4" s="C" t="C.ar" l="C"/>
		<a id="5" s="C" t="C.ar" l="C"/>
		<a id="6" s="C" t="C.ar" l="C"/>
		<a id="7" s="N" t="N.ar" l="N"/>
		<a id="8" s="C" t="C.ar" l="C"/>
		<a id="9" s="Cl" t="Cl" l="CL"/>
		<a id="10" s="C" t="C.ar" l="C"/>
		<a id="11" s="C" t="C.ar" l="C"/>
		<a id="12" s="N" t="N.pl3" l="N"/>
		<a id="13" s="C" t="C.3" l="C"/>
		<a id="14" s="C" t="C.3" l="C"/>
		<a id="15" s="C" t="C.3" l="C"/>
		<a id="16" s="N" t="N.am" l="N"/>
		<a id="17" s="C" t="C.2" l="C"/>
		<a id="18" s="O" t="O.2" l="O"/>
		<a id="19" s="O" t="O.3" l="O"/>
		<a id="20" s="C" t="C.3" l="C"/>
		<a id="21" s="C" t="C.3" l="C"/>
		<a id="22" s="C" t="C.3" l="C"/>
		<a id="23" s="C" t="C.3" l="C"/>
		<a id="24" s="C" t="C.3" l="C"/>
		<a id="25" s="C" t="C.3" l="C"/>
		<a id="26" s="O" t="O.3" l="O"/>
		<a id="27" s="C" t="C.ar" l="C"/>
		<a id="28" s="N" t="N.ar" l="N"/>
		<a id="29" s="H" t="H" l="H"/>
		<a id="30" s="H" t="H" l="H"/>
		<a id="31" s="H" t="H" l="H"/>
		<a id="32" s="H" t="H" l="H"/>
		<a id="33" s="H" t="H" l="H"/>
		<a id="34" s="H" t="H" l="H"/>
		<a id="35" s="H" t="H" l="H"/>
		<a id="36" s="H" t="H" l="H"/>
		<a id="37" s="H" t="H" l="H"/>
		<a id="38" s="H" t="H" l="H"/>
		<a id="39" s="H" t="H" l="H"/>
		<a id="40" s="H" t="H" l="H"/>
		<a id="41" s="H" t="H" l="H"/>
		<a id="42" s="H" t="H" l="H"/>
		<a id="43" s="H" t="H" l="H"/>
		<a id="44" s="H" t="H" l="H"/>
		<a id="45" s="H" t="H" l="H"/>
		<a id="46" s="H" t="H" l="H"/>
		<a id="47" s="H" t="H" l="H"/>
		<a id="48" s="H" t="H" l="H"/>
		<a id="49" s="H" t="H" l="H"/>
		<a id="50" s="H" t="H" l="H"/>
		<a id="51" s="H" t="H" l="H"/>
		<a id="52" s="H" t="H" l="H"/>
		<a id="53" s="H" t="H" l="H"/>
		<a id="54" s="H" t="H" l="H"/>
	</atoms>
	<bonds>
		<b id="1" c="1 2" t="1"/>
		<b id="2" c="2 3" t="ar"/>
		<b id="3" c="3 4" t="ar"/>
		<b id="4" c="4 5" t="1"/>
		<b id="5" c="5 6" t="ar"/>
		<b id="6" c="6 7" t="ar"/>
		<b id="7" c="7 8" t="ar"/>
		<b id="8" c="8 9" t="1"/>
		<b id="9" c="8 10" t="ar"/>
		<b id="10" c="10 11" t="ar"/>
		<b id="11" c="5 11" t="ar"/>
		<b id="12" c="11 12" t="1"/>
		<b id="13" c="12 13" t="1"/>
		<b id="14" c="14 15" t="1"/>
		<b id="15" c="15 16" t="1"/>
		<b id="16" c="16 17" t="am"/>
		<b id="17" c="17 18" t="2"/>
		<b id="18" c="17 19" t="1"/>
		<b id="19" c="19 20" t="1"/>
		<b id="20" c="20 21" t="1"/>
		<b id="21" c="20 22" t="1"/>
		<b id="22" c="20 23" t="1"/>
		<b id="23" c="16 24" t="1"/>
		<b id="24" c="24 25" t="1"/>
		<b id="25" c="25 26" t="1"/>
		<b id="26" c="14 26" t="1"/>
		<b id="27" c="4 27" t="ar"/>
		<b id="28" c="27 28" t="ar"/>
		<b id="29" c="2 28" t="ar"/>
		<b id="30" c="14 13" t="1"/>
		<b id="31" c="1 29" t="1"/>
		<b id="32" c="1 30" t="1"/>
		<b id="33" c="1 31" t="1"/>
		<b id="34" c="3 32" t="1"/>
		<b id="35" c="6 33" t="1"/>
		<b id="36" c="10 34" t="1"/>
		<b id="37" c="12 35" t="1"/>
		<b id="38" c="13 36" t="1"/>
		<b id="39" c="13 37" t="1"/>
		<b id="40" c="14 38" t="1"/>
		<b id="41" c="15 39" t="1"/>
		<b id="42" c="15 40" t="1"/>
		<b id="43" c="21 41" t="1"/>
		<b id="44" c="21 42" t="1"/>
		<b id="45" c="21 43" t="1"/>
		<b id="46" c="22 44" t="1"/>
		<b id="47" c="22 45" t="1"/>
		<b id="48" c="22 46" t="1"/>
		<b id="49" c="23 47" t="1"/>
		<b id="50" c="23 48" t="1"/>
		<b id="51" c="23 49" t="1"/>
		<b id="52" c="24 50" t="1"/>
		<b id="53" c="24 51" t="1"/>
		<b id="54" c="25 52" t="1"/>
		<b id="55" c="25 53" t="1"/>
		<b id="56" c="27 54" t="1"/>
	</bonds>
	<geometry>
		<g u="A" t="cart/3d">#54,3:3.2005,-10.4999,-5.7819;2.7301,-9.2201,-6.2255;3.3932,-8.3146,-6.9688;2.5598,-7.2193,-7.1211;2.8317,-6.0143,-7.8972;3.4421,-6.1181,-9.1359;3.7147,-5.0943,-9.9322;3.3692,-3.9010,-9.5009;3.7217,-2.5842,-10.5584;2.7625,-3.6412,-8.2872;2.4869,-4.7192,-7.4383;1.9640,-4.5334,-6.2032;1.4078,-3.2887,-5.7442;0.7732,-3.4925,-4.3590;-0.0296,-2.2472,-3.9452;-1.2312,-2.1580,-4.7418;-1.3627,-1.3562,-5.8379;-2.3002,-1.4386,-6.5967;-0.3501,-0.4783,-5.9201;-0.3162,0.5087,-6.9830;-1.5329,1.4276,-6.8914;0.9704,1.2899,-6.7124;-0.2470,-0.1777,-8.3469;-2.0595,-3.3412,-4.6295;-1.2377,-4.5655,-5.0408;-0.0318,-4.6564,-4.3023;1.3938,-7.5891,-6.4169;1.5201,-8.7914,-5.8917;3.7131,-11.0168,-6.5954;2.3375,-11.0812,-5.4604;3.8895,-10.3900,-4.9386;4.3890,-8.4866,-7.3237;3.7193,-7.0877,-9.5268;2.5268,-2.6290,-8.0077;1.7247,-5.3514,-5.6629;0.6542,-2.9187,-6.4528;2.1900,-2.5250,-5.6557;1.5665,-3.6831,-3.6277;0.5661,-1.3457,-4.0743;-0.3262,-2.3432,-2.8953;-1.5861,1.8799,-5.9033;-2.4434,0.8623,-7.0692;-1.4537,2.2139,-7.6365;0.9257,1.7567,-5.7318;1.1008,2.0599,-7.4664;1.8275,0.6219,-6.7392;-1.1444,-0.7656,-8.5182;0.6214,-0.8312,-8.4013;-0.1648,0.5728,-9.1277;-2.9246,-3.2219,-5.2815;-2.3852,-3.4385,-3.5895;-1.0294,-4.5190,-6.1183;-1.7784,-5.4881,-4.8231;0.4708,-7.0546,-6.3063;</g>
	</geometry>
	<conformers/>
	<properties/>
</molecule>
