<?xml version="1.0" ?>
<!--MOLLI PACKAGE EXPERIMENTAL XML FORMAT-->
<molecule name="el1820">
	<atoms>
		<a id="1" s="C" t="C.3" l="C"/>
		<a id="2" s="N" t="N.am" l="N"/>
		<a id="3" s="C" t="C.3" l="C"/>
		<a id="4" s="C" t="C.2" l="C"/>
		<a id="5" s="O" t="O.2" l="O"/>
		<a id="6" s="C" t="C.ar" l="C"/>
		<a id="7" s="C" t="C.ar" l="C"/>
		<a id="8" s="N" t="N.ar" l="N"/>
		<a id="9" s="C" t="C.ar" l="C"/>
		<a id="10" s="Cl" t="Cl" l="CL"/>
		<a id="11" s="C" t="C.ar" l="C"/>
		<a id="12" s="C" t="C.ar" l="C"/>
		<a id="13" s="N" t="N.pl3" l="N"/>
		<a id="14" s="C" t="C.3" l="C"/>
		<a id="15" s="C" t="C.3" l="C"/>
		<a id="16" s="C" t="C.3" l="C"/>
		<a id="17" s="C" t="C.3" l="C"/>
		<a id="18" s="N" t="N.am" l="N"/>
		<a id="19" s="C" t="C.2" l="C"/>
		<a id="20" s="O" t="O.2" l="O"/>
		<a id="21" s="O" t="O.3" l="O"/>
		<a id="22" s="C" t="C.3" l="C"/>
		<a id="23" s="C" t="C.3" l="C"/>
		<a id="24" s="C" t="C.3" l="C"/>
		<a id="25" s="C" t="C.3" l="C"/>
		<a id="26" s="C" t="C.3" l="C"/>
		<a id="27" s="C" t="C.3" l="C"/>
		<a id="28" s="H" t="H" l="H"/>
		<a id="29" s="H" t="H" l="H"/>
		<a id="30" s="H" t="H" l="H"/>
		<a id="31" s="H" t="H" l="H"/>
		<a id="32" s="H" t="H" l="H"/>
		<a id="33" s="H" t="H" l="H"/>
		<a id="34" s="H" t="H" l="H"/>
		<a id="35" s="H" t="H" l="H"/>
		<a id="36" s="H" t="H" l="H"/>
		<a id="37" s="H" t="H" l="H"/>
		<a id="38" s="H" t="H" l="H"/>
		<a id="39" s="H" t="H" l="H"/>
		<a id="40" s="H" t="H" l="H"/>
		<a id="41" s="H" t="H" l="H"/>
		<a id="42" s="H" t="H" l="H"/>
		<a id="43" s="H" t="H" l="H"/>
		<a id="44" s="H" t="H" l="H"/>
		<a id="45" s="H" t="H" l="H"/>
		<a id="46" s="H" t="H" l="H"/>
		<a id="47" s="H" t="H" l="H"/>
		<a id="48" s="H" t="H" l="H"/>
		<a id="49" s="H" t="H" l="H"/>
		<a id="50" s="H" t="H" l="H"/>
		<a id="51" s="H" t="H" l="H"/>
		<a id="52" s="H" t="H" l="H"/>
		<a id="53" s="H" t="H" l="H"/>
		<a id="54" s="H" t="H" l="H"/>
		<a id="55" s="H" t="H" l="H"/>
		<a id="56" s="H" t="H" l="H"/>
	</atoms>
	<bonds>
		<b id="1" c="1 2" t="1"/>
		<b id="2" c="2 3" t="1"/>
		<b id="3" c="2 4" t="am"/>
		<b id="4" c="4 5" t="2"/>
		<b id="5" c="4 6" t="1"/>
		<b id="6" c="6 7" t="ar"/>
		<b id="7" c="7 8" t="ar"/>
		<b id="8" c="8 9" t="ar"/>
		<b id="9" c="9 10" t="1"/>
		<b id="10" c="9 11" t="ar"/>
		<b id="11" c="11 12" t="ar"/>
		<b id="12" c="6 12" t="ar"/>
		<b id="13" c="12 13" t="1"/>
		<b id="14" c="13 14" t="1"/>
		<b id="15" c="14 15" t="1"/>
		<b id="16" c="15 16" t="1"/>
		<b id="17" c="16 17" t="1"/>
		<b id="18" c="17 18" t="1"/>
		<b id="19" c="18 19" t="am"/>
		<b id="20" c="19 20" t="2"/>
		<b id="21" c="19 21" t="1"/>
		<b id="22" c="21 22" t="1"/>
		<b id="23" c="22 23" t="1"/>
		<b id="24" c="22 24" t="1"/>
		<b id="25" c="22 25" t="1"/>
		<b id="26" c="18 26" t="1"/>
		<b id="27" c="26 27" t="1"/>
		<b id="28" c="15 27" t="1"/>
		<b id="29" c="1 28" t="1"/>
		<b id="30" c="1 29" t="1"/>
		<b id="31" c="1 30" t="1"/>
		<b id="32" c="3 31" t="1"/>
		<b id="33" c="3 32" t="1"/>
		<b id="34" c="3 33" t="1"/>
		<b id="35" c="7 34" t="1"/>
		<b id="36" c="11 35" t="1"/>
		<b id="37" c="13 36" t="1"/>
		<b id="38" c="14 37" t="1"/>
		<b id="39" c="14 38" t="1"/>
		<b id="40" c="15 39" t="1"/>
		<b id="41" c="16 40" t="1"/>
		<b id="42" c="16 41" t="1"/>
		<b id="43" c="17 42" t="1"/>
		<b id="44" c="17 43" t="1"/>
		<b id="45" c="23 44" t="1"/>
		<b id="46" c="23 45" t="1"/>
		<b id="47" c="23 46" t="1"/>
		<b id="48" c="24 47" t="1"/>
		<b id="49" c="24 48" t="1"/>
		<b id="50" c="24 49" t="1"/>
		<b id="51" c="25 50" t="1"/>
		<b id="52" c="25 51" t="1"/>
		<b id="53" c="25 52" t="1"/>
		<b id="54" c="26 53" t="1"/>
		<b id="55" c="26 54" t="1"/>
		<b id="56" c="27 55" t="1"/>
		<b id="57" c="27 56" t="1"/>
	</bonds>
	<geometry>
		<g u="A" t="cart/3d">#56,3:5.8617,-3.5353,4.1035;5.8831,-2.2220,4.7090;5.0291,-2.0833,5.8618;6.5190,-1.2188,4.0614;6.9748,-1.3859,2.9305;6.6537,0.0881,4.7517;6.9748,0.1849,6.0964;7.0981,1.3230,6.7578;6.8981,2.4348,6.0742;7.0008,3.8956,6.9806;6.6424,2.4980,4.7220;6.5607,1.2949,3.9997;6.4051,1.2468,2.6673;6.2196,2.3727,1.7915;4.7594,2.8654,1.7860;3.7880,1.7726,1.3252;3.9078,1.5010,-0.1740;3.7475,2.7258,-0.9250;2.6813,2.8768,-1.7489;1.8743,1.9957,-1.9476;2.6647,4.0991,-2.3130;1.6501,4.4388,-3.2874;0.2605,4.3867,-2.6528;1.9985,5.8717,-3.6951;1.7371,3.5053,-4.4948;4.6839,3.7701,-0.5837;4.5842,4.1074,0.9062;6.1645,-4.2823,4.8391;6.5564,-3.5410,3.2664;4.8603,-3.7793,3.7392;5.4634,-2.5791,6.7337;4.0663,-2.5552,5.6468;4.8584,-1.0362,6.0968;7.1686,-0.7008,6.6854;6.5368,3.4540,4.2400;6.4919,0.3215,2.2612;6.5194,2.0601,0.7915;6.8753,3.1959,2.0948;4.5059,3.1315,2.8187;2.7679,2.0984,1.5375;3.9705,0.8505,1.8785;3.1285,0.8109,-0.5007;4.8842,1.0641,-0.4110;0.2231,5.0353,-1.7798;0.0288,3.3702,-2.3474;-0.4827,4.7195,-3.3721;1.9646,6.5258,-2.8274;1.2904,6.2291,-4.4366;3.0005,5.9064,-4.1152;1.4971,2.4881,-4.1982;2.7432,3.5233,-4.9092;1.0345,3.8275,-5.2583;4.4635,4.6512,-1.1842;5.6964,3.4277,-0.8282;3.5982,4.5352,1.0983;5.3339,4.8596,1.1574;</g>
	</geometry>
	<conformers/>
	<properties/>
</molecule>
