<?xml version="1.0" ?>
<!--MOLLI PACKAGE EXPERIMENTAL XML FORMAT-->
<molecule name="el2003">
	<atoms>
		<a id="1" s="C" t="C.3" l="C"/>
		<a id="2" s="Si" t="Si" l="SI"/>
		<a id="3" s="C" t="C.3" l="C"/>
		<a id="4" s="C" t="C.3" l="C"/>
		<a id="5" s="C" t="C.3" l="C"/>
		<a id="6" s="C" t="C.3" l="C"/>
		<a id="7" s="O" t="O.3" l="O"/>
		<a id="8" s="C" t="C.3" l="C"/>
		<a id="9" s="N" t="N.ar" l="N"/>
		<a id="10" s="C" t="C.ar" l="C"/>
		<a id="11" s="C" t="C.ar" l="C"/>
		<a id="12" s="C" t="C.ar" l="C"/>
		<a id="13" s="C" t="C.ar" l="C"/>
		<a id="14" s="N" t="N.pl3" l="N"/>
		<a id="15" s="C" t="C.3" l="C"/>
		<a id="16" s="C" t="C.3" l="C"/>
		<a id="17" s="C" t="C.3" l="C"/>
		<a id="18" s="C" t="C.3" l="C"/>
		<a id="19" s="C" t="C.3" l="C"/>
		<a id="20" s="C" t="C.3" l="C"/>
		<a id="21" s="N" t="N.ar" l="N"/>
		<a id="22" s="C" t="C.ar" l="C"/>
		<a id="23" s="Cl" t="Cl" l="CL"/>
		<a id="24" s="N" t="N.ar" l="N"/>
		<a id="25" s="C" t="C.ar" l="C"/>
		<a id="26" s="H" t="H" l="H"/>
		<a id="27" s="H" t="H" l="H"/>
		<a id="28" s="H" t="H" l="H"/>
		<a id="29" s="H" t="H" l="H"/>
		<a id="30" s="H" t="H" l="H"/>
		<a id="31" s="H" t="H" l="H"/>
		<a id="32" s="H" t="H" l="H"/>
		<a id="33" s="H" t="H" l="H"/>
		<a id="34" s="H" t="H" l="H"/>
		<a id="35" s="H" t="H" l="H"/>
		<a id="36" s="H" t="H" l="H"/>
		<a id="37" s="H" t="H" l="H"/>
		<a id="38" s="H" t="H" l="H"/>
		<a id="39" s="H" t="H" l="H"/>
		<a id="40" s="H" t="H" l="H"/>
		<a id="41" s="H" t="H" l="H"/>
		<a id="42" s="H" t="H" l="H"/>
		<a id="43" s="H" t="H" l="H"/>
		<a id="44" s="H" t="H" l="H"/>
		<a id="45" s="H" t="H" l="H"/>
		<a id="46" s="H" t="H" l="H"/>
		<a id="47" s="H" t="H" l="H"/>
		<a id="48" s="H" t="H" l="H"/>
		<a id="49" s="H" t="H" l="H"/>
		<a id="50" s="H" t="H" l="H"/>
		<a id="51" s="H" t="H" l="H"/>
		<a id="52" s="H" t="H" l="H"/>
		<a id="53" s="H" t="H" l="H"/>
		<a id="54" s="H" t="H" l="H"/>
	</atoms>
	<bonds>
		<b id="1" c="1 2" t="1"/>
		<b id="2" c="2 3" t="1"/>
		<b id="3" c="2 4" t="1"/>
		<b id="4" c="2 5" t="1"/>
		<b id="5" c="5 6" t="1"/>
		<b id="6" c="6 7" t="1"/>
		<b id="7" c="7 8" t="1"/>
		<b id="8" c="8 9" t="1"/>
		<b id="9" c="9 10" t="ar"/>
		<b id="10" c="10 11" t="ar"/>
		<b id="11" c="11 12" t="ar"/>
		<b id="12" c="12 13" t="ar"/>
		<b id="13" c="13 14" t="1"/>
		<b id="14" c="14 15" t="1"/>
		<b id="15" c="15 16" t="1"/>
		<b id="16" c="16 17" t="1"/>
		<b id="17" c="17 18" t="1"/>
		<b id="18" c="18 19" t="1"/>
		<b id="19" c="19 20" t="1"/>
		<b id="20" c="15 20" t="1"/>
		<b id="21" c="13 21" t="ar"/>
		<b id="22" c="21 22" t="ar"/>
		<b id="23" c="22 23" t="1"/>
		<b id="24" c="22 24" t="ar"/>
		<b id="25" c="24 25" t="ar"/>
		<b id="26" c="12 25" t="ar"/>
		<b id="27" c="9 25" t="ar"/>
		<b id="28" c="1 26" t="1"/>
		<b id="29" c="1 27" t="1"/>
		<b id="30" c="1 28" t="1"/>
		<b id="31" c="3 29" t="1"/>
		<b id="32" c="3 30" t="1"/>
		<b id="33" c="3 31" t="1"/>
		<b id="34" c="4 32" t="1"/>
		<b id="35" c="4 33" t="1"/>
		<b id="36" c="4 34" t="1"/>
		<b id="37" c="5 35" t="1"/>
		<b id="38" c="5 36" t="1"/>
		<b id="39" c="6 37" t="1"/>
		<b id="40" c="6 38" t="1"/>
		<b id="41" c="8 39" t="1"/>
		<b id="42" c="8 40" t="1"/>
		<b id="43" c="10 41" t="1"/>
		<b id="44" c="11 42" t="1"/>
		<b id="45" c="14 43" t="1"/>
		<b id="46" c="15 44" t="1"/>
		<b id="47" c="16 45" t="1"/>
		<b id="48" c="16 46" t="1"/>
		<b id="49" c="17 47" t="1"/>
		<b id="50" c="17 48" t="1"/>
		<b id="51" c="18 49" t="1"/>
		<b id="52" c="18 50" t="1"/>
		<b id="53" c="19 51" t="1"/>
		<b id="54" c="19 52" t="1"/>
		<b id="55" c="20 53" t="1"/>
		<b id="56" c="20 54" t="1"/>
	</bonds>
	<geometry>
		<g u="A" t="cart/3d">#54,3:2.4373,-1.2156,-4.9839;2.1119,0.6462,-4.7276;2.4887,1.5869,-6.3458;0.2951,0.9342,-4.2198;3.2321,1.3154,-3.3244;4.7006,1.1973,-3.6748;5.4869,1.7328,-2.6147;6.8516,1.5127,-2.7630;7.4211,2.2437,-3.8682;7.7696,3.5728,-3.8794;8.1312,3.9580,-5.1337;7.9890,2.8156,-5.9675;8.1522,2.4816,-7.3292;8.5983,3.3608,-8.2406;8.6594,3.0788,-9.6580;9.8345,3.8252,-10.2858;9.9186,3.5212,-11.7790;8.6152,3.8974,-12.4775;7.4402,3.1553,-11.8479;7.3510,3.4631,-10.3569;7.8730,1.2363,-7.7283;7.4653,0.3637,-6.8285;7.1249,-1.1986,-7.4378;7.2700,0.5248,-5.5424;7.5354,1.7723,-5.1346;1.7503,-1.6406,-5.7097;2.3206,-1.7731,-4.0591;3.4450,-1.3913,-5.3492;1.7856,1.3238,-7.1302;3.4845,1.3516,-6.7105;2.4348,2.6627,-6.2056;-0.3840,0.5741,-4.9857;0.0849,1.9880,-4.0658;0.0531,0.4145,-3.2982;3.0544,0.7766,-2.3942;3.0130,2.3636,-3.1222;4.9104,1.7467,-4.6010;4.9822,0.1488,-3.8345;7.0650,0.4475,-2.9445;7.3188,1.8479,-1.8315;7.7333,4.1419,-2.9712;8.4608,4.9351,-5.4275;8.6889,4.3218,-7.9506;8.8049,1.9984,-9.7475;10.7622,3.5336,-9.7896;9.6962,4.9005,-10.1413;10.1099,2.4554,-11.9190;10.7513,4.0727,-12.2200;8.6813,3.6547,-13.5396;8.4537,4.9746,-12.3905;7.5741,2.0804,-11.9843;6.5094,3.4429,-12.3405;6.5289,2.9059,-9.9048;7.1621,4.5303,-10.2111;</g>
	</geometry>
	<conformers/>
	<properties/>
</molecule>
