<?xml version="1.0" ?>
<!--MOLLI PACKAGE EXPERIMENTAL XML FORMAT-->
<molecule name="el2004">
	<atoms>
		<a id="1" s="C" t="C.3" l="C"/>
		<a id="2" s="O" t="O.3" l="O"/>
		<a id="3" s="C" t="C.ar" l="C"/>
		<a id="4" s="C" t="C.ar" l="C"/>
		<a id="5" s="C" t="C.ar" l="C"/>
		<a id="6" s="O" t="O.3" l="O"/>
		<a id="7" s="C" t="C.3" l="C"/>
		<a id="8" s="C" t="C.ar" l="C"/>
		<a id="9" s="F" t="F" l="F"/>
		<a id="10" s="C" t="C.ar" l="C"/>
		<a id="11" s="N" t="N.pl3" l="N"/>
		<a id="12" s="C" t="C.3" l="C"/>
		<a id="13" s="C" t="C.ar" l="C"/>
		<a id="14" s="C" t="C.ar" l="C"/>
		<a id="15" s="N" t="N.ar" l="N"/>
		<a id="16" s="C" t="C.ar" l="C"/>
		<a id="17" s="N" t="N.ar" l="N"/>
		<a id="18" s="C" t="C.ar" l="C"/>
		<a id="19" s="C" t="C.ar" l="C"/>
		<a id="20" s="C" t="C.ar" l="C"/>
		<a id="21" s="C" t="C.ar" l="C"/>
		<a id="22" s="Cl" t="Cl" l="CL"/>
		<a id="23" s="C" t="C.ar" l="C"/>
		<a id="24" s="F" t="F" l="F"/>
		<a id="25" s="H" t="H" l="H"/>
		<a id="26" s="H" t="H" l="H"/>
		<a id="27" s="H" t="H" l="H"/>
		<a id="28" s="H" t="H" l="H"/>
		<a id="29" s="H" t="H" l="H"/>
		<a id="30" s="H" t="H" l="H"/>
		<a id="31" s="H" t="H" l="H"/>
		<a id="32" s="H" t="H" l="H"/>
		<a id="33" s="H" t="H" l="H"/>
		<a id="34" s="H" t="H" l="H"/>
		<a id="35" s="H" t="H" l="H"/>
		<a id="36" s="H" t="H" l="H"/>
		<a id="37" s="H" t="H" l="H"/>
		<a id="38" s="H" t="H" l="H"/>
	</atoms>
	<bonds>
		<b id="1" c="1 2" t="1"/>
		<b id="2" c="2 3" t="1"/>
		<b id="3" c="3 4" t="ar"/>
		<b id="4" c="4 5" t="ar"/>
		<b id="5" c="5 6" t="1"/>
		<b id="6" c="6 7" t="1"/>
		<b id="7" c="5 8" t="ar"/>
		<b id="8" c="8 9" t="1"/>
		<b id="9" c="8 10" t="ar"/>
		<b id="10" c="10 11" t="1"/>
		<b id="11" c="11 12" t="1"/>
		<b id="12" c="12 13" t="1"/>
		<b id="13" c="13 14" t="ar"/>
		<b id="14" c="14 15" t="ar"/>
		<b id="15" c="15 16" t="ar"/>
		<b id="16" c="16 17" t="ar"/>
		<b id="17" c="17 18" t="ar"/>
		<b id="18" c="18 19" t="ar"/>
		<b id="19" c="19 20" t="ar"/>
		<b id="20" c="16 20" t="ar"/>
		<b id="21" c="20 21" t="ar"/>
		<b id="22" c="13 21" t="ar"/>
		<b id="23" c="21 22" t="1"/>
		<b id="24" c="10 23" t="ar"/>
		<b id="25" c="3 23" t="ar"/>
		<b id="26" c="23 24" t="1"/>
		<b id="27" c="1 25" t="1"/>
		<b id="28" c="1 26" t="1"/>
		<b id="29" c="1 27" t="1"/>
		<b id="30" c="4 28" t="1"/>
		<b id="31" c="7 29" t="1"/>
		<b id="32" c="7 30" t="1"/>
		<b id="33" c="7 31" t="1"/>
		<b id="34" c="11 32" t="1"/>
		<b id="35" c="12 33" t="1"/>
		<b id="36" c="12 34" t="1"/>
		<b id="37" c="14 35" t="1"/>
		<b id="38" c="17 36" t="1"/>
		<b id="39" c="18 37" t="1"/>
		<b id="40" c="19 38" t="1"/>
	</bonds>
	<geometry>
		<g u="A" t="cart/3d">#38,3:1.5246,0.1435,0.5165;2.7240,-0.1800,-0.1439;3.3361,0.7865,-0.8709;2.8760,2.0841,-1.0315;3.5820,3.0156,-1.7972;2.9959,4.2392,-1.8443;3.5842,5.3010,-2.5660;4.7656,2.6240,-2.4123;5.4733,3.5169,-3.1699;5.2741,1.3216,-2.2831;6.3959,0.8418,-2.9005;7.4571,1.6437,-3.4684;8.5115,0.7603,-4.0744;8.1336,-0.4018,-4.7675;8.9601,-1.2483,-5.3441;10.2451,-0.9459,-5.2467;11.2873,-1.6514,-5.7530;12.4525,-1.0028,-5.4461;12.1881,0.1302,-4.7382;10.7780,0.1987,-4.5906;9.8632,1.0639,-3.9949;10.4353,2.4835,-3.1902;4.5270,0.4378,-1.4992;5.0109,-0.8273,-1.3503;1.2225,-0.7660,1.0330;0.7434,0.4363,-0.1916;1.6731,0.9446,1.2469;1.9643,2.4268,-0.5759;2.9122,6.1463,-2.4238;3.6597,5.0745,-3.6321;4.5731,5.5563,-2.1779;6.6953,-0.0566,-2.5485;7.9136,2.2978,-2.7128;7.0427,2.2827,-4.2551;7.0848,-0.6460,-4.8570;11.2015,-2.5109,-6.2683;13.3985,-1.4008,-5.7586;12.9005,0.8364,-4.3626;</g>
	</geometry>
	<conformers/>
	<properties/>
</molecule>
