<?xml version="1.0" ?>
<!--MOLLI PACKAGE EXPERIMENTAL XML FORMAT-->
<molecule name="el2005">
	<atoms>
		<a id="1" s="C" t="C.3" l="C"/>
		<a id="2" s="C" t="C.3" l="C"/>
		<a id="3" s="C" t="C.3" l="C"/>
		<a id="4" s="C" t="C.3" l="C"/>
		<a id="5" s="O" t="O.3" l="O"/>
		<a id="6" s="C" t="C.2" l="C"/>
		<a id="7" s="O" t="O.2" l="O"/>
		<a id="8" s="N" t="N.am" l="N"/>
		<a id="9" s="C" t="C.3" l="C"/>
		<a id="10" s="C" t="C.3" l="C"/>
		<a id="11" s="N" t="N.pl3" l="N"/>
		<a id="12" s="C" t="C.ar" l="C"/>
		<a id="13" s="N" t="N.ar" l="N"/>
		<a id="14" s="C" t="C.ar" l="C"/>
		<a id="15" s="N" t="N.ar" l="N"/>
		<a id="16" s="C" t="C.ar" l="C"/>
		<a id="17" s="C" t="C.ar" l="C"/>
		<a id="18" s="C" t="C.ar" l="C"/>
		<a id="19" s="Cl" t="Cl" l="CL"/>
		<a id="20" s="C" t="C.ar" l="C"/>
		<a id="21" s="C" t="C.ar" l="C"/>
		<a id="22" s="C" t="C.ar" l="C"/>
		<a id="23" s="C" t="C.3" l="C"/>
		<a id="24" s="C" t="C.3" l="C"/>
		<a id="25" s="H" t="H" l="H"/>
		<a id="26" s="H" t="H" l="H"/>
		<a id="27" s="H" t="H" l="H"/>
		<a id="28" s="H" t="H" l="H"/>
		<a id="29" s="H" t="H" l="H"/>
		<a id="30" s="H" t="H" l="H"/>
		<a id="31" s="H" t="H" l="H"/>
		<a id="32" s="H" t="H" l="H"/>
		<a id="33" s="H" t="H" l="H"/>
		<a id="34" s="H" t="H" l="H"/>
		<a id="35" s="H" t="H" l="H"/>
		<a id="36" s="H" t="H" l="H"/>
		<a id="37" s="H" t="H" l="H"/>
		<a id="38" s="H" t="H" l="H"/>
		<a id="39" s="H" t="H" l="H"/>
		<a id="40" s="H" t="H" l="H"/>
		<a id="41" s="H" t="H" l="H"/>
		<a id="42" s="H" t="H" l="H"/>
		<a id="43" s="H" t="H" l="H"/>
		<a id="44" s="H" t="H" l="H"/>
		<a id="45" s="H" t="H" l="H"/>
	</atoms>
	<bonds>
		<b id="1" c="1 2" t="1"/>
		<b id="2" c="2 3" t="1"/>
		<b id="3" c="2 4" t="1"/>
		<b id="4" c="2 5" t="1"/>
		<b id="5" c="5 6" t="1"/>
		<b id="6" c="6 7" t="2"/>
		<b id="7" c="6 8" t="am"/>
		<b id="8" c="8 9" t="1"/>
		<b id="9" c="9 10" t="1"/>
		<b id="10" c="10 11" t="1"/>
		<b id="11" c="11 12" t="1"/>
		<b id="12" c="12 13" t="ar"/>
		<b id="13" c="13 14" t="ar"/>
		<b id="14" c="14 15" t="ar"/>
		<b id="15" c="15 16" t="ar"/>
		<b id="16" c="16 17" t="ar"/>
		<b id="17" c="17 18" t="ar"/>
		<b id="18" c="18 19" t="1"/>
		<b id="19" c="18 20" t="ar"/>
		<b id="20" c="20 21" t="ar"/>
		<b id="21" c="21 22" t="ar"/>
		<b id="22" c="12 22" t="ar"/>
		<b id="23" c="16 22" t="ar"/>
		<b id="24" c="11 23" t="1"/>
		<b id="25" c="23 24" t="1"/>
		<b id="26" c="8 24" t="1"/>
		<b id="27" c="1 25" t="1"/>
		<b id="28" c="1 26" t="1"/>
		<b id="29" c="1 27" t="1"/>
		<b id="30" c="3 28" t="1"/>
		<b id="31" c="3 29" t="1"/>
		<b id="32" c="3 30" t="1"/>
		<b id="33" c="4 31" t="1"/>
		<b id="34" c="4 32" t="1"/>
		<b id="35" c="4 33" t="1"/>
		<b id="36" c="9 34" t="1"/>
		<b id="37" c="9 35" t="1"/>
		<b id="38" c="10 36" t="1"/>
		<b id="39" c="10 37" t="1"/>
		<b id="40" c="14 38" t="1"/>
		<b id="41" c="17 39" t="1"/>
		<b id="42" c="20 40" t="1"/>
		<b id="43" c="21 41" t="1"/>
		<b id="44" c="23 42" t="1"/>
		<b id="45" c="23 43" t="1"/>
		<b id="46" c="24 44" t="1"/>
		<b id="47" c="24 45" t="1"/>
	</bonds>
	<geometry>
		<g u="A" t="cart/3d">#45,3:4.1106,-1.1524,-1.0553;3.0499,-0.8346,-0.0028;2.4126,0.5310,-0.2586;1.9804,-1.9276,0.0267;3.6250,-0.8764,1.3264;4.6248,-0.0456,1.6582;5.1222,0.7943,0.9427;5.0633,-0.2818,2.9263;4.3614,-1.0964,3.8921;3.6189,-0.1812,4.8715;4.5187,0.7703,5.4966;5.0244,0.4743,6.7240;4.8296,-0.7564,7.1783;5.4160,-1.1036,8.3210;6.2082,-0.3772,9.0546;6.3213,0.9249,8.7058;7.0482,1.7855,9.5493;7.0654,3.1293,9.2880;7.9448,4.1998,10.3191;6.3422,3.6715,8.2168;5.6616,2.8420,7.3645;5.6805,1.4493,7.5495;5.2440,1.5666,4.5278;5.9818,0.6489,3.5361;3.6462,-1.2089,-2.0357;4.5844,-2.1060,-0.8323;4.8709,-0.3766,-1.0676;1.9088,0.5252,-1.2209;3.1757,1.3043,-0.2638;1.6850,0.7562,0.5188;1.4760,-1.9783,-0.9334;1.2482,-1.7139,0.8012;2.4371,-2.8907,0.2391;5.0929,-1.6961,4.4427;3.6652,-1.7549,3.3771;3.1474,-0.7720,5.6552;2.8619,0.3923,4.3260;5.2417,-2.1231,8.6423;7.5476,1.3617,10.4047;6.3191,4.7409,8.0795;5.0621,3.2731,6.5776;5.9784,2.1987,5.0220;4.5313,2.1918,3.9794;6.7530,0.0818,4.0684;6.4419,1.2429,2.7454;</g>
	</geometry>
	<conformers/>
	<properties/>
</molecule>
