<?xml version="1.0" ?>
<!--MOLLI PACKAGE EXPERIMENTAL XML FORMAT-->
<molecule name="el2006">
	<atoms>
		<a id="1" s="C" t="C.3" l="C"/>
		<a id="2" s="C" t="C.3" l="C"/>
		<a id="3" s="C" t="C.3" l="C"/>
		<a id="4" s="C" t="C.3" l="C"/>
		<a id="5" s="O" t="O.3" l="O"/>
		<a id="6" s="C" t="C.2" l="C"/>
		<a id="7" s="O" t="O.2" l="O"/>
		<a id="8" s="N" t="N.am" l="N"/>
		<a id="9" s="C" t="C.3" l="C"/>
		<a id="10" s="C" t="C.3" l="C"/>
		<a id="11" s="C" t="C.3" l="C"/>
		<a id="12" s="N" t="N.pl3" l="N"/>
		<a id="13" s="C" t="C.ar" l="C"/>
		<a id="14" s="N" t="N.ar" l="N"/>
		<a id="15" s="C" t="C.ar" l="C"/>
		<a id="16" s="N" t="N.ar" l="N"/>
		<a id="17" s="C" t="C.ar" l="C"/>
		<a id="18" s="C" t="C.ar" l="C"/>
		<a id="19" s="C" t="C.ar" l="C"/>
		<a id="20" s="Cl" t="Cl" l="CL"/>
		<a id="21" s="C" t="C.ar" l="C"/>
		<a id="22" s="C" t="C.ar" l="C"/>
		<a id="23" s="C" t="C.ar" l="C"/>
		<a id="24" s="C" t="C.3" l="C"/>
		<a id="25" s="C" t="C.3" l="C"/>
		<a id="26" s="H" t="H" l="H"/>
		<a id="27" s="H" t="H" l="H"/>
		<a id="28" s="H" t="H" l="H"/>
		<a id="29" s="H" t="H" l="H"/>
		<a id="30" s="H" t="H" l="H"/>
		<a id="31" s="H" t="H" l="H"/>
		<a id="32" s="H" t="H" l="H"/>
		<a id="33" s="H" t="H" l="H"/>
		<a id="34" s="H" t="H" l="H"/>
		<a id="35" s="H" t="H" l="H"/>
		<a id="36" s="H" t="H" l="H"/>
		<a id="37" s="H" t="H" l="H"/>
		<a id="38" s="H" t="H" l="H"/>
		<a id="39" s="H" t="H" l="H"/>
		<a id="40" s="H" t="H" l="H"/>
		<a id="41" s="H" t="H" l="H"/>
		<a id="42" s="H" t="H" l="H"/>
		<a id="43" s="H" t="H" l="H"/>
		<a id="44" s="H" t="H" l="H"/>
		<a id="45" s="H" t="H" l="H"/>
		<a id="46" s="H" t="H" l="H"/>
		<a id="47" s="H" t="H" l="H"/>
		<a id="48" s="H" t="H" l="H"/>
	</atoms>
	<bonds>
		<b id="1" c="1 2" t="1"/>
		<b id="2" c="2 3" t="1"/>
		<b id="3" c="2 4" t="1"/>
		<b id="4" c="2 5" t="1"/>
		<b id="5" c="5 6" t="1"/>
		<b id="6" c="6 7" t="2"/>
		<b id="7" c="6 8" t="am"/>
		<b id="8" c="8 9" t="1"/>
		<b id="9" c="9 10" t="1"/>
		<b id="10" c="10 11" t="1"/>
		<b id="11" c="11 12" t="1"/>
		<b id="12" c="12 13" t="1"/>
		<b id="13" c="13 14" t="ar"/>
		<b id="14" c="14 15" t="ar"/>
		<b id="15" c="15 16" t="ar"/>
		<b id="16" c="16 17" t="ar"/>
		<b id="17" c="17 18" t="ar"/>
		<b id="18" c="18 19" t="ar"/>
		<b id="19" c="19 20" t="1"/>
		<b id="20" c="19 21" t="ar"/>
		<b id="21" c="21 22" t="ar"/>
		<b id="22" c="22 23" t="ar"/>
		<b id="23" c="13 23" t="ar"/>
		<b id="24" c="17 23" t="ar"/>
		<b id="25" c="12 24" t="1"/>
		<b id="26" c="24 25" t="1"/>
		<b id="27" c="8 25" t="1"/>
		<b id="28" c="1 26" t="1"/>
		<b id="29" c="1 27" t="1"/>
		<b id="30" c="1 28" t="1"/>
		<b id="31" c="3 29" t="1"/>
		<b id="32" c="3 30" t="1"/>
		<b id="33" c="3 31" t="1"/>
		<b id="34" c="4 32" t="1"/>
		<b id="35" c="4 33" t="1"/>
		<b id="36" c="4 34" t="1"/>
		<b id="37" c="9 35" t="1"/>
		<b id="38" c="9 36" t="1"/>
		<b id="39" c="10 37" t="1"/>
		<b id="40" c="10 38" t="1"/>
		<b id="41" c="11 39" t="1"/>
		<b id="42" c="11 40" t="1"/>
		<b id="43" c="15 41" t="1"/>
		<b id="44" c="18 42" t="1"/>
		<b id="45" c="21 43" t="1"/>
		<b id="46" c="22 44" t="1"/>
		<b id="47" c="24 45" t="1"/>
		<b id="48" c="24 46" t="1"/>
		<b id="49" c="25 47" t="1"/>
		<b id="50" c="25 48" t="1"/>
	</bonds>
	<geometry>
		<g u="A" t="cart/3d">#48,3:3.9457,1.1192,-0.0685;2.9180,0.1297,-0.6174;2.1177,-0.5145,0.5135;1.9808,0.8248,-1.6070;3.5747,-0.8829,-1.4171;4.4589,-1.7251,-0.8544;4.8243,-1.6999,0.2988;4.8929,-2.6542,-1.7502;4.5825,-2.5767,-3.1580;5.6177,-1.7309,-3.9127;6.8100,-2.5489,-4.4293;7.2930,-3.5383,-3.4894;7.5089,-4.8318,-3.8263;7.4732,-5.7058,-2.8256;7.4888,-7.0016,-3.1134;7.4875,-7.5449,-4.2969;7.6802,-6.7033,-5.3370;7.8369,-7.2612,-6.6197;8.1758,-6.4542,-7.6716;8.3766,-7.1259,-9.2504;8.4111,-5.0862,-7.4867;8.2214,-4.5214,-6.2519;7.7878,-5.2936,-5.1608;7.2889,-3.2066,-2.0784;5.9677,-3.5385,-1.3686;3.4367,1.9205,0.4595;4.5261,1.5469,-0.8838;4.6190,0.6141,0.6183;1.5545,0.2489,1.0429;2.7870,-1.0095,1.2114;1.4245,-1.2495,0.1096;1.4465,1.6288,-1.1103;1.2617,0.1127,-2.0032;2.5518,1.2362,-2.4354;3.5925,-2.1333,-3.2635;4.5575,-3.5941,-3.5590;5.9510,-0.9304,-3.2509;5.1492,-1.2615,-4.7787;7.6176,-1.8538,-4.6969;6.4899,-3.0756,-5.3307;7.4482,-7.6691,-2.2615;7.7192,-8.3265,-6.7284;8.7497,-4.4880,-8.3176;8.4658,-3.4801,-6.1179;7.5170,-2.1448,-1.9722;8.0761,-3.7944,-1.6027;6.1013,-3.4359,-0.2909;5.6967,-4.5712,-1.6021;</g>
	</geometry>
	<conformers/>
	<properties/>
</molecule>
