<?xml version="1.0" ?>
<!--MOLLI PACKAGE EXPERIMENTAL XML FORMAT-->
<molecule name="el2009">
	<atoms>
		<a id="1" s="C" t="C.3" l="C"/>
		<a id="2" s="C" t="C.3" l="C"/>
		<a id="3" s="C" t="C.3" l="C"/>
		<a id="4" s="O" t="O.3" l="O"/>
		<a id="5" s="C" t="C.3" l="C"/>
		<a id="6" s="C" t="C.3" l="C"/>
		<a id="7" s="N" t="N.am" l="N"/>
		<a id="8" s="C" t="C.2" l="C"/>
		<a id="9" s="O" t="O.2" l="O"/>
		<a id="10" s="N" t="N.am" l="N"/>
		<a id="11" s="C" t="C.3" l="C"/>
		<a id="12" s="C" t="C.3" l="C"/>
		<a id="13" s="C" t="C.3" l="C"/>
		<a id="14" s="C" t="C.3" l="C"/>
		<a id="15" s="C" t="C.ar" l="C"/>
		<a id="16" s="C" t="C.ar" l="C"/>
		<a id="17" s="C" t="C.ar" l="C"/>
		<a id="18" s="C" t="C.ar" l="C"/>
		<a id="19" s="C" t="C.ar" l="C"/>
		<a id="20" s="C" t="C.ar" l="C"/>
		<a id="21" s="N" t="N.ar" l="N"/>
		<a id="22" s="C" t="C.ar" l="C"/>
		<a id="23" s="Cl" t="Cl" l="CL"/>
		<a id="24" s="N" t="N.ar" l="N"/>
		<a id="25" s="C" t="C.ar" l="C"/>
		<a id="26" s="C" t="C.ar" l="C"/>
		<a id="27" s="C" t="C.ar" l="C"/>
		<a id="28" s="C" t="C.3" l="C"/>
		<a id="29" s="H" t="H" l="H"/>
		<a id="30" s="H" t="H" l="H"/>
		<a id="31" s="H" t="H" l="H"/>
		<a id="32" s="H" t="H" l="H"/>
		<a id="33" s="H" t="H" l="H"/>
		<a id="34" s="H" t="H" l="H"/>
		<a id="35" s="H" t="H" l="H"/>
		<a id="36" s="H" t="H" l="H"/>
		<a id="37" s="H" t="H" l="H"/>
		<a id="38" s="H" t="H" l="H"/>
		<a id="39" s="H" t="H" l="H"/>
		<a id="40" s="H" t="H" l="H"/>
		<a id="41" s="H" t="H" l="H"/>
		<a id="42" s="H" t="H" l="H"/>
		<a id="43" s="H" t="H" l="H"/>
		<a id="44" s="H" t="H" l="H"/>
		<a id="45" s="H" t="H" l="H"/>
		<a id="46" s="H" t="H" l="H"/>
		<a id="47" s="H" t="H" l="H"/>
		<a id="48" s="H" t="H" l="H"/>
		<a id="49" s="H" t="H" l="H"/>
		<a id="50" s="H" t="H" l="H"/>
		<a id="51" s="H" t="H" l="H"/>
		<a id="52" s="H" t="H" l="H"/>
		<a id="53" s="H" t="H" l="H"/>
	</atoms>
	<bonds>
		<b id="1" c="1 2" t="1"/>
		<b id="2" c="2 3" t="1"/>
		<b id="3" c="2 4" t="1"/>
		<b id="4" c="4 5" t="1"/>
		<b id="5" c="5 6" t="1"/>
		<b id="6" c="6 7" t="1"/>
		<b id="7" c="7 8" t="am"/>
		<b id="8" c="8 9" t="2"/>
		<b id="9" c="8 10" t="am"/>
		<b id="10" c="10 11" t="1"/>
		<b id="11" c="11 12" t="1"/>
		<b id="12" c="12 13" t="1"/>
		<b id="13" c="13 14" t="1"/>
		<b id="14" c="14 15" t="1"/>
		<b id="15" c="15 16" t="ar"/>
		<b id="16" c="16 17" t="ar"/>
		<b id="17" c="17 18" t="1"/>
		<b id="18" c="18 19" t="ar"/>
		<b id="19" c="19 20" t="ar"/>
		<b id="20" c="20 21" t="ar"/>
		<b id="21" c="21 22" t="ar"/>
		<b id="22" c="22 23" t="1"/>
		<b id="23" c="22 24" t="ar"/>
		<b id="24" c="18 24" t="ar"/>
		<b id="25" c="17 25" t="ar"/>
		<b id="26" c="25 26" t="ar"/>
		<b id="27" c="26 27" t="ar"/>
		<b id="28" c="15 27" t="ar"/>
		<b id="29" c="11 27" t="1"/>
		<b id="30" c="7 28" t="1"/>
		<b id="31" c="5 28" t="1"/>
		<b id="32" c="1 29" t="1"/>
		<b id="33" c="1 30" t="1"/>
		<b id="34" c="1 31" t="1"/>
		<b id="35" c="2 32" t="1"/>
		<b id="36" c="3 33" t="1"/>
		<b id="37" c="3 34" t="1"/>
		<b id="38" c="3 35" t="1"/>
		<b id="39" c="5 36" t="1"/>
		<b id="40" c="6 37" t="1"/>
		<b id="41" c="6 38" t="1"/>
		<b id="42" c="10 39" t="1"/>
		<b id="43" c="11 40" t="1"/>
		<b id="44" c="12 41" t="1"/>
		<b id="45" c="12 42" t="1"/>
		<b id="46" c="13 43" t="1"/>
		<b id="47" c="13 44" t="1"/>
		<b id="48" c="14 45" t="1"/>
		<b id="49" c="14 46" t="1"/>
		<b id="50" c="16 47" t="1"/>
		<b id="51" c="19 48" t="1"/>
		<b id="52" c="20 49" t="1"/>
		<b id="53" c="25 50" t="1"/>
		<b id="54" c="26 51" t="1"/>
		<b id="55" c="28 52" t="1"/>
		<b id="56" c="28 53" t="1"/>
	</bonds>
	<geometry>
		<g u="A" t="cart/3d">#53,3:0.9008,1.2630,0.0770;1.5161,-0.0455,-0.4056;1.2332,-0.2736,-1.8906;2.9077,0.0391,-0.1255;3.6317,-1.1412,-0.2712;5.0242,-1.0686,0.3827;5.6108,-1.4769,-0.8835;6.8499,-1.2283,-1.4050;7.0673,-1.2353,-2.5996;7.8144,-1.0025,-0.4628;9.2197,-0.9586,-0.8260;9.9054,-2.3126,-0.6159;10.2240,-2.5307,0.8575;11.2407,-1.4886,1.3078;10.8051,-0.0916,0.9618;11.3547,0.9801,1.6519;10.9879,2.2919,1.3688;11.5643,3.4264,2.0896;12.7974,3.3779,2.7516;13.2119,4.5310,3.3924;12.4940,5.6451,3.3907;11.3570,5.5890,2.7246;10.4262,7.0203,2.6963;10.8574,4.5595,2.0823;10.0341,2.5245,0.3758;9.4960,1.4658,-0.3212;9.8771,0.1542,-0.0487;4.3580,-1.3817,-1.6173;-0.1769,1.2420,-0.0556;1.3160,2.0915,-0.4897;1.1293,1.4149,1.1280;1.0939,-0.8873,0.1716;1.6761,0.5265,-2.4781;0.1601,-0.2831,-2.0609;1.6466,-1.2222,-2.2238;3.0409,-2.0068,0.0563;5.2044,-1.7647,1.2055;5.2785,-0.0493,0.6872;7.5900,-1.1454,0.5076;9.2206,-0.7174,-1.8961;10.8318,-2.3357,-1.1927;9.2510,-3.0984,-0.9965;10.6259,-3.5332,1.0143;9.3130,-2.4399,1.4536;12.1971,-1.6857,0.8123;11.4122,-1.5620,2.3842;12.0609,0.7746,2.4435;13.4100,2.4928,2.7499;14.1497,4.5836,3.9296;9.7400,3.5401,0.1655;8.7647,1.6417,-1.0962;4.1052,-2.2942,-2.1593;4.3238,-0.5263,-2.2953;</g>
	</geometry>
	<conformers/>
	<properties/>
</molecule>
