<?xml version="1.0" ?>
<!--MOLLI PACKAGE EXPERIMENTAL XML FORMAT-->
<molecule name="el1821">
	<atoms>
		<a id="1" s="C" t="C.3" l="C"/>
		<a id="2" s="C" t="C.3" l="C"/>
		<a id="3" s="C" t="C.3" l="C"/>
		<a id="4" s="C" t="C.3" l="C"/>
		<a id="5" s="O" t="O.3" l="O"/>
		<a id="6" s="C" t="C.2" l="C"/>
		<a id="7" s="O" t="O.2" l="O"/>
		<a id="8" s="N" t="N.am" l="N"/>
		<a id="9" s="C" t="C.3" l="C"/>
		<a id="10" s="C" t="C.3" l="C"/>
		<a id="11" s="O" t="O.3" l="O"/>
		<a id="12" s="C" t="C.3" l="C"/>
		<a id="13" s="C" t="C.3" l="C"/>
		<a id="14" s="N" t="N.pl3" l="N"/>
		<a id="15" s="C" t="C.ar" l="C"/>
		<a id="16" s="C" t="C.ar" l="C"/>
		<a id="17" s="C" t="C.ar" l="C"/>
		<a id="18" s="Cl" t="Cl" l="CL"/>
		<a id="19" s="N" t="N.ar" l="N"/>
		<a id="20" s="C" t="C.ar" l="C"/>
		<a id="21" s="C" t="C.ar" l="C"/>
		<a id="22" s="C" t="C.3" l="C"/>
		<a id="23" s="C" t="C.3" l="C"/>
		<a id="24" s="C" t="C.3" l="C"/>
		<a id="25" s="C" t="C.3" l="C"/>
		<a id="26" s="H" t="H" l="H"/>
		<a id="27" s="H" t="H" l="H"/>
		<a id="28" s="H" t="H" l="H"/>
		<a id="29" s="H" t="H" l="H"/>
		<a id="30" s="H" t="H" l="H"/>
		<a id="31" s="H" t="H" l="H"/>
		<a id="32" s="H" t="H" l="H"/>
		<a id="33" s="H" t="H" l="H"/>
		<a id="34" s="H" t="H" l="H"/>
		<a id="35" s="H" t="H" l="H"/>
		<a id="36" s="H" t="H" l="H"/>
		<a id="37" s="H" t="H" l="H"/>
		<a id="38" s="H" t="H" l="H"/>
		<a id="39" s="H" t="H" l="H"/>
		<a id="40" s="H" t="H" l="H"/>
		<a id="41" s="H" t="H" l="H"/>
		<a id="42" s="H" t="H" l="H"/>
		<a id="43" s="H" t="H" l="H"/>
		<a id="44" s="H" t="H" l="H"/>
		<a id="45" s="H" t="H" l="H"/>
		<a id="46" s="H" t="H" l="H"/>
		<a id="47" s="H" t="H" l="H"/>
		<a id="48" s="H" t="H" l="H"/>
		<a id="49" s="H" t="H" l="H"/>
		<a id="50" s="H" t="H" l="H"/>
		<a id="51" s="H" t="H" l="H"/>
	</atoms>
	<bonds>
		<b id="1" c="1 2" t="1"/>
		<b id="2" c="2 3" t="1"/>
		<b id="3" c="2 4" t="1"/>
		<b id="4" c="2 5" t="1"/>
		<b id="5" c="5 6" t="1"/>
		<b id="6" c="6 7" t="2"/>
		<b id="7" c="6 8" t="am"/>
		<b id="8" c="8 9" t="1"/>
		<b id="9" c="9 10" t="1"/>
		<b id="10" c="10 11" t="1"/>
		<b id="11" c="11 12" t="1"/>
		<b id="12" c="12 13" t="1"/>
		<b id="13" c="13 14" t="1"/>
		<b id="14" c="14 15" t="1"/>
		<b id="15" c="15 16" t="ar"/>
		<b id="16" c="16 17" t="ar"/>
		<b id="17" c="17 18" t="1"/>
		<b id="18" c="17 19" t="ar"/>
		<b id="19" c="19 20" t="ar"/>
		<b id="20" c="20 21" t="ar"/>
		<b id="21" c="15 21" t="ar"/>
		<b id="22" c="21 22" t="1"/>
		<b id="23" c="22 23" t="1"/>
		<b id="24" c="23 24" t="1"/>
		<b id="25" c="22 24" t="1"/>
		<b id="26" c="12 25" t="1"/>
		<b id="27" c="8 25" t="1"/>
		<b id="28" c="1 26" t="1"/>
		<b id="29" c="1 27" t="1"/>
		<b id="30" c="1 28" t="1"/>
		<b id="31" c="3 29" t="1"/>
		<b id="32" c="3 30" t="1"/>
		<b id="33" c="3 31" t="1"/>
		<b id="34" c="4 32" t="1"/>
		<b id="35" c="4 33" t="1"/>
		<b id="36" c="4 34" t="1"/>
		<b id="37" c="9 35" t="1"/>
		<b id="38" c="9 36" t="1"/>
		<b id="39" c="10 37" t="1"/>
		<b id="40" c="10 38" t="1"/>
		<b id="41" c="12 39" t="1"/>
		<b id="42" c="13 40" t="1"/>
		<b id="43" c="13 41" t="1"/>
		<b id="44" c="14 42" t="1"/>
		<b id="45" c="16 43" t="1"/>
		<b id="46" c="20 44" t="1"/>
		<b id="47" c="22 45" t="1"/>
		<b id="48" c="23 46" t="1"/>
		<b id="49" c="23 47" t="1"/>
		<b id="50" c="24 48" t="1"/>
		<b id="51" c="24 49" t="1"/>
		<b id="52" c="25 50" t="1"/>
		<b id="53" c="25 51" t="1"/>
	</bonds>
	<geometry>
		<g u="A" t="cart/3d">#51,3:3.7080,1.3639,-1.2220;2.7886,0.1459,-1.1461;2.3708,-0.1409,0.2954;1.5583,0.3484,-2.0313;3.4447,-1.0138,-1.7225;4.5912,-1.4668,-1.1975;5.1530,-1.0317,-0.2179;5.0964,-2.5005,-1.9254;4.4118,-3.1821,-3.0003;4.0356,-4.5959,-2.5425;5.1568,-5.3003,-2.0443;5.8413,-4.6256,-0.9997;5.0076,-4.5752,0.2913;4.4850,-5.8911,0.5654;3.3315,-6.1297,1.2415;2.6912,-5.1503,2.0080;1.5320,-5.5055,2.6728;0.7051,-4.3141,3.6062;0.9860,-6.7012,2.6563;1.6051,-7.6344,1.9437;2.7587,-7.4246,1.2170;3.4106,-8.5132,0.4392;3.3952,-8.4727,-1.0666;2.5937,-9.5037,-0.3324;6.2552,-3.2159,-1.4437;3.1758,2.2449,-0.8751;4.0295,1.5262,-2.2488;4.5846,1.2124,-0.5985;1.8072,0.7017,0.6855;3.2483,-0.2953,0.9171;1.7454,-1.0306,0.3372;0.9958,1.2117,-1.6893;0.9186,-0.5294,-1.9910;1.8624,0.5089,-3.0625;5.0930,-3.2456,-3.8568;3.5222,-2.6224,-3.2819;3.6739,-5.1881,-3.3851;3.2443,-4.5409,-1.7825;6.7339,-5.2367,-0.8275;4.1954,-3.8475,0.1785;5.6476,-4.2336,1.1131;4.7478,-6.5958,-0.1095;3.0811,-4.1505,2.0943;1.1369,-8.6090,1.9651;4.3210,-8.8859,0.8998;4.2778,-8.7848,-1.6050;2.8572,-7.6679,-1.5457;2.9257,-10.5302,-0.3602;1.5207,-9.3925,-0.3266;6.9861,-3.2902,-2.2559;6.6828,-2.6561,-0.6116;</g>
	</geometry>
	<conformers/>
	<properties/>
</molecule>
