<?xml version="1.0" ?>
<!--MOLLI PACKAGE EXPERIMENTAL XML FORMAT-->
<molecule name="el2012">
	<atoms>
		<a id="1" s="C" t="C.3" l="C"/>
		<a id="2" s="C" t="C.3" l="C"/>
		<a id="3" s="C" t="C.3" l="C"/>
		<a id="4" s="C" t="C.3" l="C"/>
		<a id="5" s="C" t="C.3" l="C"/>
		<a id="6" s="C" t="C.3" l="C"/>
		<a id="7" s="C" t="C.3" l="C"/>
		<a id="8" s="C" t="C.3" l="C"/>
		<a id="9" s="C" t="C.3" l="C"/>
		<a id="10" s="C" t="C.3" l="C"/>
		<a id="11" s="O" t="O.3" l="O"/>
		<a id="12" s="C" t="C.ar" l="C"/>
		<a id="13" s="C" t="C.ar" l="C"/>
		<a id="14" s="C" t="C.ar" l="C"/>
		<a id="15" s="C" t="C.ar" l="C"/>
		<a id="16" s="N" t="N.ar" l="N"/>
		<a id="17" s="C" t="C.ar" l="C"/>
		<a id="18" s="C" t="C.3" l="C"/>
		<a id="19" s="C" t="C.ar" l="C"/>
		<a id="20" s="C" t="C.ar" l="C"/>
		<a id="21" s="Cl" t="Cl" l="CL"/>
		<a id="22" s="C" t="C.ar" l="C"/>
		<a id="23" s="C" t="C.ar" l="C"/>
		<a id="24" s="H" t="H" l="H"/>
		<a id="25" s="H" t="H" l="H"/>
		<a id="26" s="H" t="H" l="H"/>
		<a id="27" s="H" t="H" l="H"/>
		<a id="28" s="H" t="H" l="H"/>
		<a id="29" s="H" t="H" l="H"/>
		<a id="30" s="H" t="H" l="H"/>
		<a id="31" s="H" t="H" l="H"/>
		<a id="32" s="H" t="H" l="H"/>
		<a id="33" s="H" t="H" l="H"/>
		<a id="34" s="H" t="H" l="H"/>
		<a id="35" s="H" t="H" l="H"/>
		<a id="36" s="H" t="H" l="H"/>
		<a id="37" s="H" t="H" l="H"/>
		<a id="38" s="H" t="H" l="H"/>
		<a id="39" s="H" t="H" l="H"/>
		<a id="40" s="H" t="H" l="H"/>
		<a id="41" s="H" t="H" l="H"/>
		<a id="42" s="H" t="H" l="H"/>
		<a id="43" s="H" t="H" l="H"/>
		<a id="44" s="H" t="H" l="H"/>
		<a id="45" s="H" t="H" l="H"/>
		<a id="46" s="H" t="H" l="H"/>
		<a id="47" s="H" t="H" l="H"/>
		<a id="48" s="H" t="H" l="H"/>
		<a id="49" s="H" t="H" l="H"/>
		<a id="50" s="H" t="H" l="H"/>
		<a id="51" s="H" t="H" l="H"/>
	</atoms>
	<bonds>
		<b id="1" c="1 2" t="1"/>
		<b id="2" c="2 3" t="1"/>
		<b id="3" c="3 4" t="1"/>
		<b id="4" c="4 5" t="1"/>
		<b id="5" c="5 6" t="1"/>
		<b id="6" c="6 7" t="1"/>
		<b id="7" c="7 8" t="1"/>
		<b id="8" c="8 9" t="1"/>
		<b id="9" c="9 10" t="1"/>
		<b id="10" c="10 11" t="1"/>
		<b id="11" c="11 12" t="1"/>
		<b id="12" c="12 13" t="ar"/>
		<b id="13" c="13 14" t="ar"/>
		<b id="14" c="14 15" t="ar"/>
		<b id="15" c="15 16" t="ar"/>
		<b id="16" c="16 17" t="ar"/>
		<b id="17" c="17 18" t="1"/>
		<b id="18" c="17 19" t="ar"/>
		<b id="19" c="19 20" t="ar"/>
		<b id="20" c="20 21" t="1"/>
		<b id="21" c="20 22" t="ar"/>
		<b id="22" c="15 22" t="ar"/>
		<b id="23" c="22 23" t="ar"/>
		<b id="24" c="12 23" t="ar"/>
		<b id="25" c="1 24" t="1"/>
		<b id="26" c="1 25" t="1"/>
		<b id="27" c="1 26" t="1"/>
		<b id="28" c="2 27" t="1"/>
		<b id="29" c="2 28" t="1"/>
		<b id="30" c="3 29" t="1"/>
		<b id="31" c="3 30" t="1"/>
		<b id="32" c="4 31" t="1"/>
		<b id="33" c="4 32" t="1"/>
		<b id="34" c="5 33" t="1"/>
		<b id="35" c="5 34" t="1"/>
		<b id="36" c="6 35" t="1"/>
		<b id="37" c="6 36" t="1"/>
		<b id="38" c="7 37" t="1"/>
		<b id="39" c="7 38" t="1"/>
		<b id="40" c="8 39" t="1"/>
		<b id="41" c="8 40" t="1"/>
		<b id="42" c="9 41" t="1"/>
		<b id="43" c="9 42" t="1"/>
		<b id="44" c="10 43" t="1"/>
		<b id="45" c="10 44" t="1"/>
		<b id="46" c="13 45" t="1"/>
		<b id="47" c="14 46" t="1"/>
		<b id="48" c="18 47" t="1"/>
		<b id="49" c="18 48" t="1"/>
		<b id="50" c="18 49" t="1"/>
		<b id="51" c="19 50" t="1"/>
		<b id="52" c="23 51" t="1"/>
	</bonds>
	<geometry>
		<g u="A" t="cart/3d">#51,3:9.0359,-5.5922,1.3921;8.4876,-4.2071,1.0721;9.0030,-3.1542,2.0499;8.4829,-1.7565,1.7234;9.0453,-0.7037,2.6749;8.5719,0.7057,2.3273;9.2107,1.7550,3.2341;8.7902,3.1740,2.8553;9.3753,4.2425,3.7776;10.8911,4.3589,3.6502;11.3120,5.4368,4.4640;12.6399,5.6679,4.6157;13.6516,4.9591,3.9362;14.9701,5.2488,4.1544;15.3557,6.2562,5.0573;16.6675,6.4920,5.2425;17.0406,7.4211,6.0780;18.5078,7.6475,6.2585;16.1151,8.2061,6.8067;14.7795,7.9834,6.6321;13.6272,8.9273,7.5109;14.3330,6.9808,5.7367;12.9898,6.6698,5.4992;8.6613,-6.3270,0.6833;8.7392,-5.8981,2.3931;10.1228,-5.5917,1.3438;7.3960,-4.2303,1.1078;8.7787,-3.9279,0.0567;10.0955,-3.1456,2.0230;8.7010,-3.4249,3.0644;7.3918,-1.7517,1.7786;8.7617,-1.4996,0.6984;10.1370,-0.7341,2.6342;8.7480,-0.9437,3.6984;7.4845,0.7578,2.4154;8.8294,0.9250,1.2883;10.2956,1.6599,3.1623;8.9277,1.5590,4.2706;7.7009,3.2404,2.8950;9.0951,3.3789,1.8263;9.1270,4.0174,4.8159;8.9417,5.2142,3.5352;11.1639,4.5454,2.6016;11.3741,3.4322,3.9839;13.3928,4.1824,3.2338;15.7495,4.7099,3.6394;19.0610,6.9541,5.6327;18.7869,7.4963,7.2998;18.7682,8.6681,5.9835;16.4697,8.9644,7.4867;12.2082,7.2095,6.0101;</g>
	</geometry>
	<conformers/>
	<properties/>
</molecule>
