<?xml version="1.0" ?>
<!--MOLLI PACKAGE EXPERIMENTAL XML FORMAT-->
<molecule name="el2014">
	<atoms>
		<a id="1" s="C" t="C.3" l="C"/>
		<a id="2" s="C" t="C.3" l="C"/>
		<a id="3" s="C" t="C.3" l="C"/>
		<a id="4" s="C" t="C.3" l="C"/>
		<a id="5" s="O" t="O.3" l="O"/>
		<a id="6" s="C" t="C.2" l="C"/>
		<a id="7" s="O" t="O.2" l="O"/>
		<a id="8" s="N" t="N.am" l="N"/>
		<a id="9" s="C" t="C.3" l="C"/>
		<a id="10" s="C" t="C.3" l="C"/>
		<a id="11" s="C" t="C.3" l="C"/>
		<a id="12" s="C" t="C.3" l="C"/>
		<a id="13" s="C" t="C.3" l="C"/>
		<a id="14" s="O" t="O.3" l="O"/>
		<a id="15" s="C" t="C.ar" l="C"/>
		<a id="16" s="C" t="C.ar" l="C"/>
		<a id="17" s="C" t="C.ar" l="C"/>
		<a id="18" s="C" t="C.ar" l="C"/>
		<a id="19" s="C" t="C.ar" l="C"/>
		<a id="20" s="N" t="N.ar" l="N"/>
		<a id="21" s="C" t="C.ar" l="C"/>
		<a id="22" s="Cl" t="Cl" l="CL"/>
		<a id="23" s="C" t="C.ar" l="C"/>
		<a id="24" s="C" t="C.ar" l="C"/>
		<a id="25" s="N" t="N.ar" l="N"/>
		<a id="26" s="C" t="C.3" l="C"/>
		<a id="27" s="C" t="C.3" l="C"/>
		<a id="28" s="H" t="H" l="H"/>
		<a id="29" s="H" t="H" l="H"/>
		<a id="30" s="H" t="H" l="H"/>
		<a id="31" s="H" t="H" l="H"/>
		<a id="32" s="H" t="H" l="H"/>
		<a id="33" s="H" t="H" l="H"/>
		<a id="34" s="H" t="H" l="H"/>
		<a id="35" s="H" t="H" l="H"/>
		<a id="36" s="H" t="H" l="H"/>
		<a id="37" s="H" t="H" l="H"/>
		<a id="38" s="H" t="H" l="H"/>
		<a id="39" s="H" t="H" l="H"/>
		<a id="40" s="H" t="H" l="H"/>
		<a id="41" s="H" t="H" l="H"/>
		<a id="42" s="H" t="H" l="H"/>
		<a id="43" s="H" t="H" l="H"/>
		<a id="44" s="H" t="H" l="H"/>
		<a id="45" s="H" t="H" l="H"/>
		<a id="46" s="H" t="H" l="H"/>
		<a id="47" s="H" t="H" l="H"/>
		<a id="48" s="H" t="H" l="H"/>
		<a id="49" s="H" t="H" l="H"/>
		<a id="50" s="H" t="H" l="H"/>
		<a id="51" s="H" t="H" l="H"/>
		<a id="52" s="H" t="H" l="H"/>
		<a id="53" s="H" t="H" l="H"/>
	</atoms>
	<bonds>
		<b id="1" c="1 2" t="1"/>
		<b id="2" c="2 3" t="1"/>
		<b id="3" c="2 4" t="1"/>
		<b id="4" c="2 5" t="1"/>
		<b id="5" c="5 6" t="1"/>
		<b id="6" c="6 7" t="2"/>
		<b id="7" c="6 8" t="am"/>
		<b id="8" c="8 9" t="1"/>
		<b id="9" c="9 10" t="1"/>
		<b id="10" c="10 11" t="1"/>
		<b id="11" c="11 12" t="1"/>
		<b id="12" c="12 13" t="1"/>
		<b id="13" c="12 14" t="1"/>
		<b id="14" c="12 15" t="1"/>
		<b id="15" c="15 16" t="ar"/>
		<b id="16" c="16 17" t="ar"/>
		<b id="17" c="17 18" t="ar"/>
		<b id="18" c="18 19" t="ar"/>
		<b id="19" c="19 20" t="ar"/>
		<b id="20" c="20 21" t="ar"/>
		<b id="21" c="21 22" t="1"/>
		<b id="22" c="21 23" t="ar"/>
		<b id="23" c="23 24" t="ar"/>
		<b id="24" c="18 24" t="ar"/>
		<b id="25" c="24 25" t="ar"/>
		<b id="26" c="15 25" t="ar"/>
		<b id="27" c="11 26" t="1"/>
		<b id="28" c="26 27" t="1"/>
		<b id="29" c="8 27" t="1"/>
		<b id="30" c="1 28" t="1"/>
		<b id="31" c="1 29" t="1"/>
		<b id="32" c="1 30" t="1"/>
		<b id="33" c="3 31" t="1"/>
		<b id="34" c="3 32" t="1"/>
		<b id="35" c="3 33" t="1"/>
		<b id="36" c="4 34" t="1"/>
		<b id="37" c="4 35" t="1"/>
		<b id="38" c="4 36" t="1"/>
		<b id="39" c="9 37" t="1"/>
		<b id="40" c="9 38" t="1"/>
		<b id="41" c="10 39" t="1"/>
		<b id="42" c="10 40" t="1"/>
		<b id="43" c="11 41" t="1"/>
		<b id="44" c="13 42" t="1"/>
		<b id="45" c="13 43" t="1"/>
		<b id="46" c="13 44" t="1"/>
		<b id="47" c="14 45" t="1"/>
		<b id="48" c="16 46" t="1"/>
		<b id="49" c="17 47" t="1"/>
		<b id="50" c="19 48" t="1"/>
		<b id="51" c="23 49" t="1"/>
		<b id="52" c="26 50" t="1"/>
		<b id="53" c="26 51" t="1"/>
		<b id="54" c="27 52" t="1"/>
		<b id="55" c="27 53" t="1"/>
	</bonds>
	<geometry>
		<g u="A" t="cart/3d">#53,3:4.2663,1.4232,-0.5717;3.0576,0.4880,-0.5728;2.3944,0.4467,0.8038;2.0470,0.9202,-1.6374;3.4476,-0.8423,-0.9852;4.3162,-1.5571,-0.2421;4.8723,-1.1692,0.7612;4.4884,-2.8015,-0.7478;5.3767,-3.7379,-0.0967;6.5091,-4.1749,-1.0283;6.0425,-4.6316,-2.4166;5.6460,-6.1449,-2.5140;4.7166,-6.6762,-1.4234;5.0778,-6.3967,-3.7917;6.9534,-6.9168,-2.4471;7.6007,-7.3114,-3.6404;8.7803,-7.9948,-3.5627;9.3239,-8.2744,-2.2917;10.5261,-8.9731,-2.0657;11.0023,-9.2199,-0.8773;10.3193,-8.7874,0.1853;11.0273,-9.1651,1.7061;9.1381,-8.0920,0.1241;8.6052,-7.8199,-1.1513;7.4386,-7.1554,-1.2562;4.9958,-3.6506,-2.9680;3.8971,-3.2878,-1.9697;3.9473,2.4336,-0.3322;4.7394,1.4242,-1.5515;4.9897,1.0941,0.1689;2.0115,1.4316,1.0556;3.1158,0.1427,1.5569;1.5697,-0.2632,0.7995;1.6912,1.9239,-1.4256;1.2006,0.2382,-1.6470;2.5118,0.9083,-2.6200;4.7908,-4.5971,0.2413;5.7930,-3.2360,0.7786;7.0790,-4.9732,-0.5517;7.1750,-3.3205,-1.1676;6.9057,-4.5541,-3.0914;3.7880,-6.1140,-1.3792;5.2165,-6.6507,-0.4622;4.4812,-7.7148,-1.6544;4.1346,-6.2109,-3.7388;7.1359,-7.0752,-4.5829;9.3025,-8.3246,-4.4496;11.1125,-9.3408,-2.8984;8.6188,-7.7614,1.0076;4.5554,-4.0410,-3.8863;5.5219,-2.7284,-3.2257;3.2693,-4.1558,-1.7365;3.2606,-2.5091,-2.3888;</g>
	</geometry>
	<conformers/>
	<properties/>
</molecule>
