<?xml version="1.0" ?>
<!--MOLLI PACKAGE EXPERIMENTAL XML FORMAT-->
<molecule name="el2020">
	<atoms>
		<a id="1" s="C" t="C.3" l="C"/>
		<a id="2" s="C" t="C.3" l="C"/>
		<a id="3" s="C" t="C.3" l="C"/>
		<a id="4" s="C" t="C.3" l="C"/>
		<a id="5" s="O" t="O.3" l="O"/>
		<a id="6" s="C" t="C.2" l="C"/>
		<a id="7" s="O" t="O.2" l="O"/>
		<a id="8" s="N" t="N.am" l="N"/>
		<a id="9" s="C" t="C.3" l="C"/>
		<a id="10" s="C" t="C.3" l="C"/>
		<a id="11" s="N" t="N.pl3" l="N"/>
		<a id="12" s="C" t="C.ar" l="C"/>
		<a id="13" s="C" t="C.ar" l="C"/>
		<a id="14" s="C" t="C.ar" l="C"/>
		<a id="15" s="Cl" t="Cl" l="CL"/>
		<a id="16" s="N" t="N.ar" l="N"/>
		<a id="17" s="C" t="C.ar" l="C"/>
		<a id="18" s="C" t="C.ar" l="C"/>
		<a id="19" s="C" t="C.ar" l="C"/>
		<a id="20" s="C" t="C.3" l="C"/>
		<a id="21" s="F" t="F" l="F"/>
		<a id="22" s="F" t="F" l="F"/>
		<a id="23" s="F" t="F" l="F"/>
		<a id="24" s="C" t="C.ar" l="C"/>
		<a id="25" s="C" t="C.ar" l="C"/>
		<a id="26" s="C" t="C.ar" l="C"/>
		<a id="27" s="C" t="C.3" l="C"/>
		<a id="28" s="C" t="C.3" l="C"/>
		<a id="29" s="H" t="H" l="H"/>
		<a id="30" s="H" t="H" l="H"/>
		<a id="31" s="H" t="H" l="H"/>
		<a id="32" s="H" t="H" l="H"/>
		<a id="33" s="H" t="H" l="H"/>
		<a id="34" s="H" t="H" l="H"/>
		<a id="35" s="H" t="H" l="H"/>
		<a id="36" s="H" t="H" l="H"/>
		<a id="37" s="H" t="H" l="H"/>
		<a id="38" s="H" t="H" l="H"/>
		<a id="39" s="H" t="H" l="H"/>
		<a id="40" s="H" t="H" l="H"/>
		<a id="41" s="H" t="H" l="H"/>
		<a id="42" s="H" t="H" l="H"/>
		<a id="43" s="H" t="H" l="H"/>
		<a id="44" s="H" t="H" l="H"/>
		<a id="45" s="H" t="H" l="H"/>
		<a id="46" s="H" t="H" l="H"/>
		<a id="47" s="H" t="H" l="H"/>
		<a id="48" s="H" t="H" l="H"/>
		<a id="49" s="H" t="H" l="H"/>
	</atoms>
	<bonds>
		<b id="1" c="1 2" t="1"/>
		<b id="2" c="2 3" t="1"/>
		<b id="3" c="2 4" t="1"/>
		<b id="4" c="2 5" t="1"/>
		<b id="5" c="5 6" t="1"/>
		<b id="6" c="6 7" t="2"/>
		<b id="7" c="6 8" t="am"/>
		<b id="8" c="8 9" t="1"/>
		<b id="9" c="9 10" t="1"/>
		<b id="10" c="10 11" t="1"/>
		<b id="11" c="11 12" t="1"/>
		<b id="12" c="12 13" t="ar"/>
		<b id="13" c="13 14" t="ar"/>
		<b id="14" c="14 15" t="1"/>
		<b id="15" c="14 16" t="ar"/>
		<b id="16" c="16 17" t="ar"/>
		<b id="17" c="17 18" t="ar"/>
		<b id="18" c="18 19" t="ar"/>
		<b id="19" c="19 20" t="1"/>
		<b id="20" c="20 21" t="1"/>
		<b id="21" c="20 22" t="1"/>
		<b id="22" c="20 23" t="1"/>
		<b id="23" c="19 24" t="ar"/>
		<b id="24" c="24 25" t="ar"/>
		<b id="25" c="25 26" t="ar"/>
		<b id="26" c="12 26" t="ar"/>
		<b id="27" c="17 26" t="ar"/>
		<b id="28" c="11 27" t="1"/>
		<b id="29" c="27 28" t="1"/>
		<b id="30" c="8 28" t="1"/>
		<b id="31" c="1 29" t="1"/>
		<b id="32" c="1 30" t="1"/>
		<b id="33" c="1 31" t="1"/>
		<b id="34" c="3 32" t="1"/>
		<b id="35" c="3 33" t="1"/>
		<b id="36" c="3 34" t="1"/>
		<b id="37" c="4 35" t="1"/>
		<b id="38" c="4 36" t="1"/>
		<b id="39" c="4 37" t="1"/>
		<b id="40" c="9 38" t="1"/>
		<b id="41" c="9 39" t="1"/>
		<b id="42" c="10 40" t="1"/>
		<b id="43" c="10 41" t="1"/>
		<b id="44" c="13 42" t="1"/>
		<b id="45" c="18 43" t="1"/>
		<b id="46" c="24 44" t="1"/>
		<b id="47" c="25 45" t="1"/>
		<b id="48" c="27 46" t="1"/>
		<b id="49" c="27 47" t="1"/>
		<b id="50" c="28 48" t="1"/>
		<b id="51" c="28 49" t="1"/>
	</bonds>
	<geometry>
		<g u="A" t="cart/3d">#49,3:4.1300,1.4958,-0.1931;3.0885,0.4741,-0.6458;2.6000,-0.3709,0.5301;1.9128,1.1737,-1.3293;3.6352,-0.3775,-1.6842;4.7157,-1.1341,-1.4410;5.2996,-1.2316,-0.3865;5.1224,-1.7863,-2.5663;4.3594,-1.8653,-3.7895;3.7775,-3.2813,-3.9163;4.7995,-4.3049,-3.8378;5.3612,-4.8238,-4.9771;5.2866,-4.1858,-6.2064;5.9419,-4.7514,-7.3041;5.8841,-3.9116,-8.8047;6.6405,-5.8472,-7.2827;6.6626,-6.5461,-6.1310;7.3455,-7.7781,-6.1362;7.3097,-8.5819,-5.0275;8.0301,-9.8998,-4.9972;8.5669,-10.2446,-6.1727;9.0391,-9.8989,-4.1033;7.2208,-10.9126,-4.6344;6.5731,-8.2094,-3.8914;5.9338,-6.9989,-3.8596;6.0013,-6.1114,-4.9497;5.5714,-4.1970,-2.6126;6.1622,-2.7832,-2.4764;3.6791,2.1886,0.5117;4.5025,2.0549,-1.0492;4.9640,0.9934,0.2888;2.1257,0.2703,1.2675;3.4373,-0.8842,0.9947;1.8774,-1.1091,0.1880;1.4215,1.8419,-0.6289;1.1934,0.4389,-1.6819;2.2650,1.7496,-2.1812;5.0319,-1.6529,-4.6280;3.5626,-1.1242,-3.7702;3.2138,-3.3948,-4.8421;3.0945,-3.4473,-3.0746;4.7863,-3.2418,-6.3367;7.8628,-8.0678,-7.0366;6.5073,-8.8893,-3.0562;5.3293,-6.7468,-3.0032;6.3906,-4.9130,-2.6131;4.9122,-4.3951,-1.7609;6.8871,-2.6106,-3.2796;6.6545,-2.6728,-1.5094;</g>
	</geometry>
	<conformers/>
	<properties/>
</molecule>
