<?xml version="1.0" ?>
<!--MOLLI PACKAGE EXPERIMENTAL XML FORMAT-->
<molecule name="el1823">
	<atoms>
		<a id="1" s="N" t="N.pl3" l="N"/>
		<a id="2" s="C" t="C.ar" l="C"/>
		<a id="3" s="C" t="C.ar" l="C"/>
		<a id="4" s="C" t="C.ar" l="C"/>
		<a id="5" s="Cl" t="Cl" l="CL"/>
		<a id="6" s="N" t="N.ar" l="N"/>
		<a id="7" s="C" t="C.ar" l="C"/>
		<a id="8" s="N" t="N.ar" l="N"/>
		<a id="9" s="H" t="H" l="H"/>
		<a id="10" s="H" t="H" l="H"/>
		<a id="11" s="H" t="H" l="H"/>
		<a id="12" s="H" t="H" l="H"/>
	</atoms>
	<bonds>
		<b id="1" c="1 2" t="1"/>
		<b id="2" c="2 3" t="ar"/>
		<b id="3" c="3 4" t="ar"/>
		<b id="4" c="4 5" t="1"/>
		<b id="5" c="4 6" t="ar"/>
		<b id="6" c="6 7" t="ar"/>
		<b id="7" c="7 8" t="ar"/>
		<b id="8" c="2 8" t="ar"/>
		<b id="9" c="1 9" t="1"/>
		<b id="10" c="1 10" t="1"/>
		<b id="11" c="3 11" t="1"/>
		<b id="12" c="7 12" t="1"/>
	</bonds>
	<geometry>
		<g u="A" t="cart/3d">#12,3:1.1333,0.0624,0.1243;2.4725,0.1425,0.0182;3.1457,1.3759,-0.0478;4.5178,1.2993,-0.1430;5.4606,2.7335,-0.2326;5.1868,0.1564,-0.1733;4.4555,-0.9398,-0.1049;3.1469,-1.0137,-0.0123;0.5598,0.8848,0.1040;0.7102,-0.8482,0.1284;2.6206,2.3153,-0.0254;4.9938,-1.8778,-0.1289;</g>
	</geometry>
	<conformers/>
	<properties/>
</molecule>
