<?xml version="1.0" ?>
<!--MOLLI PACKAGE EXPERIMENTAL XML FORMAT-->
<molecule name="el2031">
	<atoms>
		<a id="1" s="C" t="C.3" l="C"/>
		<a id="2" s="C" t="C.ar" l="C"/>
		<a id="3" s="C" t="C.ar" l="C"/>
		<a id="4" s="C" t="C.ar" l="C"/>
		<a id="5" s="C" t="C.ar" l="C"/>
		<a id="6" s="C" t="C.ar" l="C"/>
		<a id="7" s="C" t="C.ar" l="C"/>
		<a id="8" s="C" t="C.ar" l="C"/>
		<a id="9" s="C" t="C.ar" l="C"/>
		<a id="10" s="C" t="C.ar" l="C"/>
		<a id="11" s="C" t="C.ar" l="C"/>
		<a id="12" s="C" t="C.ar" l="C"/>
		<a id="13" s="C" t="C.ar" l="C"/>
		<a id="14" s="C" t="C.ar" l="C"/>
		<a id="15" s="N" t="N.pl3" l="N"/>
		<a id="16" s="C" t="C.3" l="C"/>
		<a id="17" s="C" t="C.3" l="C"/>
		<a id="18" s="N" t="N.am" l="N"/>
		<a id="19" s="C" t="C.2" l="C"/>
		<a id="20" s="O" t="O.2" l="O"/>
		<a id="21" s="O" t="O.3" l="O"/>
		<a id="22" s="C" t="C.3" l="C"/>
		<a id="23" s="C" t="C.3" l="C"/>
		<a id="24" s="C" t="C.3" l="C"/>
		<a id="25" s="C" t="C.3" l="C"/>
		<a id="26" s="C" t="C.3" l="C"/>
		<a id="27" s="C" t="C.3" l="C"/>
		<a id="28" s="C" t="C.1" l="C"/>
		<a id="29" s="N" t="N.1" l="N"/>
		<a id="30" s="C" t="C.3" l="C"/>
		<a id="31" s="N" t="N.ar" l="N"/>
		<a id="32" s="C" t="C.ar" l="C"/>
		<a id="33" s="Cl" t="Cl" l="CL"/>
		<a id="34" s="N" t="N.ar" l="N"/>
		<a id="35" s="C" t="C.ar" l="C"/>
		<a id="36" s="N" t="N.ar" l="N"/>
		<a id="37" s="C" t="C.3" l="C"/>
		<a id="38" s="C" t="C.ar" l="C"/>
		<a id="39" s="H" t="H" l="H"/>
		<a id="40" s="H" t="H" l="H"/>
		<a id="41" s="H" t="H" l="H"/>
		<a id="42" s="H" t="H" l="H"/>
		<a id="43" s="H" t="H" l="H"/>
		<a id="44" s="H" t="H" l="H"/>
		<a id="45" s="H" t="H" l="H"/>
		<a id="46" s="H" t="H" l="H"/>
		<a id="47" s="H" t="H" l="H"/>
		<a id="48" s="H" t="H" l="H"/>
		<a id="49" s="H" t="H" l="H"/>
		<a id="50" s="H" t="H" l="H"/>
		<a id="51" s="H" t="H" l="H"/>
		<a id="52" s="H" t="H" l="H"/>
		<a id="53" s="H" t="H" l="H"/>
		<a id="54" s="H" t="H" l="H"/>
		<a id="55" s="H" t="H" l="H"/>
		<a id="56" s="H" t="H" l="H"/>
		<a id="57" s="H" t="H" l="H"/>
		<a id="58" s="H" t="H" l="H"/>
		<a id="59" s="H" t="H" l="H"/>
		<a id="60" s="H" t="H" l="H"/>
		<a id="61" s="H" t="H" l="H"/>
		<a id="62" s="H" t="H" l="H"/>
		<a id="63" s="H" t="H" l="H"/>
		<a id="64" s="H" t="H" l="H"/>
		<a id="65" s="H" t="H" l="H"/>
		<a id="66" s="H" t="H" l="H"/>
		<a id="67" s="H" t="H" l="H"/>
		<a id="68" s="H" t="H" l="H"/>
		<a id="69" s="H" t="H" l="H"/>
	</atoms>
	<bonds>
		<b id="1" c="1 2" t="1"/>
		<b id="2" c="2 3" t="ar"/>
		<b id="3" c="3 4" t="ar"/>
		<b id="4" c="4 5" t="ar"/>
		<b id="5" c="5 6" t="ar"/>
		<b id="6" c="6 7" t="ar"/>
		<b id="7" c="7 8" t="ar"/>
		<b id="8" c="8 9" t="ar"/>
		<b id="9" c="9 10" t="ar"/>
		<b id="10" c="10 11" t="1"/>
		<b id="11" c="11 12" t="ar"/>
		<b id="12" c="12 13" t="ar"/>
		<b id="13" c="13 14" t="ar"/>
		<b id="14" c="14 15" t="1"/>
		<b id="15" c="15 16" t="1"/>
		<b id="16" c="16 17" t="1"/>
		<b id="17" c="17 18" t="1"/>
		<b id="18" c="18 19" t="am"/>
		<b id="19" c="19 20" t="2"/>
		<b id="20" c="19 21" t="1"/>
		<b id="21" c="21 22" t="1"/>
		<b id="22" c="22 23" t="1"/>
		<b id="23" c="22 24" t="1"/>
		<b id="24" c="22 25" t="1"/>
		<b id="25" c="18 26" t="1"/>
		<b id="26" c="26 27" t="1"/>
		<b id="27" c="27 28" t="1"/>
		<b id="28" c="28 29" t="3"/>
		<b id="29" c="26 30" t="1"/>
		<b id="30" c="15 30" t="1"/>
		<b id="31" c="14 31" t="ar"/>
		<b id="32" c="31 32" t="ar"/>
		<b id="33" c="32 33" t="1"/>
		<b id="34" c="32 34" t="ar"/>
		<b id="35" c="34 35" t="ar"/>
		<b id="36" c="13 35" t="ar"/>
		<b id="37" c="35 36" t="ar"/>
		<b id="38" c="11 36" t="ar"/>
		<b id="39" c="36 37" t="1"/>
		<b id="40" c="10 38" t="ar"/>
		<b id="41" c="2 38" t="ar"/>
		<b id="42" c="6 38" t="ar"/>
		<b id="43" c="1 39" t="1"/>
		<b id="44" c="1 40" t="1"/>
		<b id="45" c="1 41" t="1"/>
		<b id="46" c="3 42" t="1"/>
		<b id="47" c="4 43" t="1"/>
		<b id="48" c="5 44" t="1"/>
		<b id="49" c="7 45" t="1"/>
		<b id="50" c="8 46" t="1"/>
		<b id="51" c="9 47" t="1"/>
		<b id="52" c="12 48" t="1"/>
		<b id="53" c="16 49" t="1"/>
		<b id="54" c="16 50" t="1"/>
		<b id="55" c="17 51" t="1"/>
		<b id="56" c="17 52" t="1"/>
		<b id="57" c="23 53" t="1"/>
		<b id="58" c="23 54" t="1"/>
		<b id="59" c="23 55" t="1"/>
		<b id="60" c="24 56" t="1"/>
		<b id="61" c="24 57" t="1"/>
		<b id="62" c="24 58" t="1"/>
		<b id="63" c="25 59" t="1"/>
		<b id="64" c="25 60" t="1"/>
		<b id="65" c="25 61" t="1"/>
		<b id="66" c="26 62" t="1"/>
		<b id="67" c="27 63" t="1"/>
		<b id="68" c="27 64" t="1"/>
		<b id="69" c="30 65" t="1"/>
		<b id="70" c="30 66" t="1"/>
		<b id="71" c="37 67" t="1"/>
		<b id="72" c="37 68" t="1"/>
		<b id="73" c="37 69" t="1"/>
	</bonds>
	<geometry>
		<g u="A" t="cart/3d">#69,3:-3.9165,-2.6355,0.1977;-3.6674,-1.1776,-0.0566;-4.7616,-0.3469,-0.0984;-4.6464,1.0383,-0.2543;-3.4079,1.6047,-0.3254;-2.2504,0.7998,-0.2971;-0.9800,1.4105,-0.3472;0.1603,0.6615,-0.3304;0.0617,-0.7321,-0.3120;-1.1574,-1.3723,-0.2730;-1.1048,-2.8360,-0.3822;-1.4282,-3.6199,-1.4580;-1.0873,-4.9627,-1.1326;-1.1214,-6.2635,-1.6925;-1.7078,-6.6223,-2.8567;-1.4556,-7.9230,-3.4409;-0.6893,-7.7572,-4.7627;-1.4272,-6.8638,-5.6383;-2.3614,-7.3645,-6.5080;-3.3033,-6.7339,-6.9300;-2.0645,-8.6266,-6.8384;-2.8015,-9.3085,-7.8838;-2.6967,-8.5369,-9.1977;-2.0950,-10.6604,-7.9982;-4.2600,-9.4995,-7.4694;-1.5784,-5.5507,-5.0235;-2.1472,-4.4726,-5.9530;-1.4238,-4.4533,-7.1997;-0.8363,-4.4399,-8.1790;-2.4124,-5.7310,-3.7415;-0.5575,-7.2672,-1.0063;-0.0541,-7.0437,0.1879;0.6296,-8.4113,0.9568;-0.0157,-5.9208,0.8605;-0.5239,-4.8964,0.1685;-0.5493,-3.6179,0.6029;-0.1003,-3.1853,1.8967;-2.3656,-0.6196,-0.2140;-4.9179,-2.7689,0.6022;-3.2046,-3.0464,0.9076;-3.8465,-3.2142,-0.7216;-5.7488,-0.7744,0.0080;-5.5375,1.6465,-0.2894;-3.2898,2.6756,-0.4016;-0.9310,2.4884,-0.3985;1.1333,1.1285,-0.3586;0.9639,-1.3256,-0.3643;-1.8323,-3.2267,-2.3703;-2.4142,-8.4159,-3.6382;-0.8818,-8.5101,-2.7251;-0.5651,-8.7194,-5.2537;0.2957,-7.3218,-4.5728;-1.6524,-8.3576,-9.4437;-3.2028,-7.5790,-9.1169;-3.1555,-9.1131,-9.9964;-1.0551,-10.5123,-8.2753;-2.5802,-11.2710,-8.7531;-2.1279,-11.1819,-7.0453;-4.7505,-8.5354,-7.3676;-4.3146,-10.0277,-6.5198;-4.7798,-10.0811,-8.2251;-0.5640,-5.2434,-4.7310;-2.0448,-3.4963,-5.4714;-3.1982,-4.6645,-6.1750;-3.3711,-6.1907,-4.0152;-2.6106,-4.7847,-3.2495;0.0783,-4.0766,2.4969;-0.8595,-2.5598,2.3704;0.8272,-2.6133,1.8205;</g>
	</geometry>
	<conformers/>
	<properties/>
</molecule>
