<?xml version="1.0" ?>
<!--MOLLI PACKAGE EXPERIMENTAL XML FORMAT-->
<molecule name="el2032">
	<atoms>
		<a id="1" s="C" t="C.3" l="C"/>
		<a id="2" s="C" t="C.ar" l="C"/>
		<a id="3" s="N" t="N.ar" l="N"/>
		<a id="4" s="C" t="C.ar" l="C"/>
		<a id="5" s="C" t="C.ar" l="C"/>
		<a id="6" s="F" t="F" l="F"/>
		<a id="7" s="C" t="C.ar" l="C"/>
		<a id="8" s="C" t="C.ar" l="C"/>
		<a id="9" s="C" t="C.ar" l="C"/>
		<a id="10" s="N" t="N.ar" l="N"/>
		<a id="11" s="C" t="C.ar" l="C"/>
		<a id="12" s="Cl" t="Cl" l="CL"/>
		<a id="13" s="N" t="N.ar" l="N"/>
		<a id="14" s="C" t="C.ar" l="C"/>
		<a id="15" s="C" t="C.ar" l="C"/>
		<a id="16" s="F" t="F" l="F"/>
		<a id="17" s="C" t="C.ar" l="C"/>
		<a id="18" s="C" t="C.ar" l="C"/>
		<a id="19" s="N" t="N.ar" l="N"/>
		<a id="20" s="C" t="C.3" l="C"/>
		<a id="21" s="C" t="C.3" l="C"/>
		<a id="22" s="C" t="C.3" l="C"/>
		<a id="23" s="H" t="H" l="H"/>
		<a id="24" s="H" t="H" l="H"/>
		<a id="25" s="H" t="H" l="H"/>
		<a id="26" s="H" t="H" l="H"/>
		<a id="27" s="H" t="H" l="H"/>
		<a id="28" s="H" t="H" l="H"/>
		<a id="29" s="H" t="H" l="H"/>
		<a id="30" s="H" t="H" l="H"/>
		<a id="31" s="H" t="H" l="H"/>
		<a id="32" s="H" t="H" l="H"/>
		<a id="33" s="H" t="H" l="H"/>
		<a id="34" s="H" t="H" l="H"/>
		<a id="35" s="H" t="H" l="H"/>
	</atoms>
	<bonds>
		<b id="1" c="1 2" t="1"/>
		<b id="2" c="2 3" t="ar"/>
		<b id="3" c="3 4" t="ar"/>
		<b id="4" c="4 5" t="ar"/>
		<b id="5" c="5 6" t="1"/>
		<b id="6" c="5 7" t="ar"/>
		<b id="7" c="7 8" t="ar"/>
		<b id="8" c="8 9" t="1"/>
		<b id="9" c="9 10" t="ar"/>
		<b id="10" c="10 11" t="ar"/>
		<b id="11" c="11 12" t="1"/>
		<b id="12" c="11 13" t="ar"/>
		<b id="13" c="13 14" t="ar"/>
		<b id="14" c="14 15" t="ar"/>
		<b id="15" c="9 15" t="ar"/>
		<b id="16" c="15 16" t="1"/>
		<b id="17" c="8 17" t="ar"/>
		<b id="18" c="17 18" t="ar"/>
		<b id="19" c="4 18" t="ar"/>
		<b id="20" c="18 19" t="ar"/>
		<b id="21" c="2 19" t="ar"/>
		<b id="22" c="19 20" t="1"/>
		<b id="23" c="20 21" t="1"/>
		<b id="24" c="20 22" t="1"/>
		<b id="25" c="1 23" t="1"/>
		<b id="26" c="1 24" t="1"/>
		<b id="27" c="1 25" t="1"/>
		<b id="28" c="7 26" t="1"/>
		<b id="29" c="14 27" t="1"/>
		<b id="30" c="17 28" t="1"/>
		<b id="31" c="20 29" t="1"/>
		<b id="32" c="21 30" t="1"/>
		<b id="33" c="21 31" t="1"/>
		<b id="34" c="21 32" t="1"/>
		<b id="35" c="22 33" t="1"/>
		<b id="36" c="22 34" t="1"/>
		<b id="37" c="22 35" t="1"/>
	</bonds>
	<geometry>
		<g u="A" t="cart/3d">#35,3:0.9756,-0.1969,-0.2282;2.4525,-0.1334,-0.1191;3.1724,-1.2208,-0.0555;4.4673,-0.8145,0.0313;5.6667,-1.5200,0.1120;5.6762,-2.8627,0.1210;6.8608,-0.8413,0.1741;6.8907,0.5647,0.1500;8.1410,1.3155,0.1762;8.0687,2.5969,-0.2011;9.1627,3.3204,-0.2154;8.9871,4.9414,-0.7062;10.3832,2.9315,0.1046;10.4951,1.6749,0.5023;9.4017,0.8275,0.5614;9.5910,-0.4259,1.0053;5.7070,1.2979,0.0661;4.5159,0.6036,0.0164;3.2035,1.0126,-0.0669;2.8076,2.4073,-0.1522;2.4912,2.7893,-1.5984;1.6601,2.7509,0.7956;0.7063,-1.2270,-0.4439;0.6038,0.4456,-1.0226;0.5059,0.0930,0.7103;7.7664,-1.4214,0.2198;11.4827,1.3368,0.7829;5.7656,2.3735,0.0383;3.6872,2.9759,0.1684;1.6289,2.2416,-1.9696;3.3419,2.5704,-2.2397;2.2759,3.8527,-1.6579;0.7039,2.4135,0.4085;1.6117,3.8299,0.9187;1.8270,2.3030,1.7725;</g>
	</geometry>
	<conformers/>
	<properties/>
</molecule>
