<?xml version="1.0" ?>
<!--MOLLI PACKAGE EXPERIMENTAL XML FORMAT-->
<molecule name="el2033">
	<atoms>
		<a id="1" s="F" t="F" l="F"/>
		<a id="2" s="C" t="C.3" l="C"/>
		<a id="3" s="F" t="F" l="F"/>
		<a id="4" s="F" t="F" l="F"/>
		<a id="5" s="C" t="C.3" l="C"/>
		<a id="6" s="C" t="C.3" l="C"/>
		<a id="7" s="C" t="C.3" l="C"/>
		<a id="8" s="C" t="C.3" l="C"/>
		<a id="9" s="C" t="C.ar" l="C"/>
		<a id="10" s="N" t="N.ar" l="N"/>
		<a id="11" s="C" t="C.ar" l="C"/>
		<a id="12" s="C" t="C.ar" l="C"/>
		<a id="13" s="Cl" t="Cl" l="CL"/>
		<a id="14" s="N" t="N.ar" l="N"/>
		<a id="15" s="C" t="C.ar" l="C"/>
		<a id="16" s="C" t="C.ar" l="C"/>
		<a id="17" s="C" t="C.ar" l="C"/>
		<a id="18" s="C" t="C.ar" l="C"/>
		<a id="19" s="C" t="C.ar" l="C"/>
		<a id="20" s="C" t="C.ar" l="C"/>
		<a id="21" s="C" t="C.ar" l="C"/>
		<a id="22" s="N" t="N.ar" l="N"/>
		<a id="23" s="C" t="C.3" l="C"/>
		<a id="24" s="C" t="C.3" l="C"/>
		<a id="25" s="H" t="H" l="H"/>
		<a id="26" s="H" t="H" l="H"/>
		<a id="27" s="H" t="H" l="H"/>
		<a id="28" s="H" t="H" l="H"/>
		<a id="29" s="H" t="H" l="H"/>
		<a id="30" s="H" t="H" l="H"/>
		<a id="31" s="H" t="H" l="H"/>
		<a id="32" s="H" t="H" l="H"/>
		<a id="33" s="H" t="H" l="H"/>
		<a id="34" s="H" t="H" l="H"/>
		<a id="35" s="H" t="H" l="H"/>
		<a id="36" s="H" t="H" l="H"/>
		<a id="37" s="H" t="H" l="H"/>
		<a id="38" s="H" t="H" l="H"/>
		<a id="39" s="H" t="H" l="H"/>
	</atoms>
	<bonds>
		<b id="1" c="1 2" t="1"/>
		<b id="2" c="2 3" t="1"/>
		<b id="3" c="2 4" t="1"/>
		<b id="4" c="2 5" t="1"/>
		<b id="5" c="5 6" t="1"/>
		<b id="6" c="6 7" t="1"/>
		<b id="7" c="7 8" t="1"/>
		<b id="8" c="8 9" t="1"/>
		<b id="9" c="9 10" t="ar"/>
		<b id="10" c="10 11" t="ar"/>
		<b id="11" c="11 12" t="ar"/>
		<b id="12" c="12 13" t="1"/>
		<b id="13" c="12 14" t="ar"/>
		<b id="14" c="14 15" t="ar"/>
		<b id="15" c="15 16" t="ar"/>
		<b id="16" c="16 17" t="ar"/>
		<b id="17" c="17 18" t="ar"/>
		<b id="18" c="18 19" t="ar"/>
		<b id="19" c="19 20" t="ar"/>
		<b id="20" c="15 20" t="ar"/>
		<b id="21" c="20 21" t="ar"/>
		<b id="22" c="11 21" t="ar"/>
		<b id="23" c="21 22" t="ar"/>
		<b id="24" c="9 22" t="ar"/>
		<b id="25" c="8 23" t="1"/>
		<b id="26" c="23 24" t="1"/>
		<b id="27" c="5 24" t="1"/>
		<b id="28" c="5 25" t="1"/>
		<b id="29" c="6 26" t="1"/>
		<b id="30" c="6 27" t="1"/>
		<b id="31" c="7 28" t="1"/>
		<b id="32" c="7 29" t="1"/>
		<b id="33" c="8 30" t="1"/>
		<b id="34" c="16 31" t="1"/>
		<b id="35" c="17 32" t="1"/>
		<b id="36" c="18 33" t="1"/>
		<b id="37" c="19 34" t="1"/>
		<b id="38" c="22 35" t="1"/>
		<b id="39" c="23 36" t="1"/>
		<b id="40" c="23 37" t="1"/>
		<b id="41" c="24 38" t="1"/>
		<b id="42" c="24 39" t="1"/>
	</bonds>
	<geometry>
		<g u="A" t="cart/3d">#39,3:2.1179,-1.3639,0.4214;2.5317,-0.1321,0.0797;1.4955,0.6899,0.3080;3.4824,0.2041,0.9680;3.0230,-0.0630,-1.3569;4.1896,-1.0329,-1.5562;4.6984,-0.9542,-2.9909;5.1366,0.4767,-3.3357;5.5912,0.5326,-4.7521;4.8031,0.4864,-5.7865;5.6174,0.5477,-6.8801;5.3516,0.5460,-8.2650;3.7395,0.4438,-8.8286;6.2946,0.6213,-9.1493;7.5927,0.7040,-8.7686;8.5715,0.7853,-9.7743;9.8994,0.8698,-9.4460;10.3054,0.8762,-8.1063;9.3781,0.7994,-7.0996;8.0115,0.7132,-7.4069;6.9590,0.6324,-6.4724;6.9130,0.6193,-5.1075;3.9624,1.4389,-3.1276;3.4481,1.3675,-1.6949;2.1818,-0.3594,-1.9918;3.8679,-2.0517,-1.3326;4.9936,-0.7724,-0.8634;3.9108,-1.2500,-3.6851;5.5370,-1.6413,-3.1191;5.9673,0.7649,-2.6810;8.2407,0.7789,-10.8004;10.6459,0.9323,-10.2236;11.3567,0.9425,-7.8686;9.6923,0.8046,-6.0651;7.6998,0.6676,-4.4816;3.1731,1.1714,-3.8301;4.2784,2.4584,-3.3529;2.6017,2.0450,-1.5710;4.2347,1.6793,-1.0031;</g>
	</geometry>
	<conformers/>
	<properties/>
</molecule>
