<?xml version="1.0" ?>
<!--MOLLI PACKAGE EXPERIMENTAL XML FORMAT-->
<molecule name="el2035">
	<atoms>
		<a id="1" s="Cl" t="Cl" l="CL"/>
		<a id="2" s="C" t="C.ar" l="C"/>
		<a id="3" s="N" t="N.ar" l="N"/>
		<a id="4" s="C" t="C.ar" l="C"/>
		<a id="5" s="C" t="C.ar" l="C"/>
		<a id="6" s="C" t="C.ar" l="C"/>
		<a id="7" s="C" t="C.ar" l="C"/>
		<a id="8" s="C" t="C.ar" l="C"/>
		<a id="9" s="C" t="C.ar" l="C"/>
		<a id="10" s="C" t="C.ar" l="C"/>
		<a id="11" s="N" t="N.ar" l="N"/>
		<a id="12" s="C" t="C.ar" l="C"/>
		<a id="13" s="C" t="C.3" l="C"/>
		<a id="14" s="C" t="C.3" l="C"/>
		<a id="15" s="C" t="C.3" l="C"/>
		<a id="16" s="C" t="C.3" l="C"/>
		<a id="17" s="C" t="C.3" l="C"/>
		<a id="18" s="C" t="C.3" l="C"/>
		<a id="19" s="C" t="C.3" l="C"/>
		<a id="20" s="N" t="N.ar" l="N"/>
		<a id="21" s="C" t="C.ar" l="C"/>
		<a id="22" s="H" t="H" l="H"/>
		<a id="23" s="H" t="H" l="H"/>
		<a id="24" s="H" t="H" l="H"/>
		<a id="25" s="H" t="H" l="H"/>
		<a id="26" s="H" t="H" l="H"/>
		<a id="27" s="H" t="H" l="H"/>
		<a id="28" s="H" t="H" l="H"/>
		<a id="29" s="H" t="H" l="H"/>
		<a id="30" s="H" t="H" l="H"/>
		<a id="31" s="H" t="H" l="H"/>
		<a id="32" s="H" t="H" l="H"/>
		<a id="33" s="H" t="H" l="H"/>
		<a id="34" s="H" t="H" l="H"/>
		<a id="35" s="H" t="H" l="H"/>
		<a id="36" s="H" t="H" l="H"/>
		<a id="37" s="H" t="H" l="H"/>
	</atoms>
	<bonds>
		<b id="1" c="1 2" t="1"/>
		<b id="2" c="2 3" t="ar"/>
		<b id="3" c="3 4" t="ar"/>
		<b id="4" c="4 5" t="ar"/>
		<b id="5" c="5 6" t="ar"/>
		<b id="6" c="6 7" t="ar"/>
		<b id="7" c="7 8" t="ar"/>
		<b id="8" c="8 9" t="ar"/>
		<b id="9" c="4 9" t="ar"/>
		<b id="10" c="9 10" t="ar"/>
		<b id="11" c="10 11" t="ar"/>
		<b id="12" c="11 12" t="ar"/>
		<b id="13" c="12 13" t="1"/>
		<b id="14" c="13 14" t="1"/>
		<b id="15" c="14 15" t="1"/>
		<b id="16" c="15 16" t="1"/>
		<b id="17" c="16 17" t="1"/>
		<b id="18" c="17 18" t="1"/>
		<b id="19" c="13 18" t="1"/>
		<b id="20" c="16 19" t="1"/>
		<b id="21" c="13 19" t="1"/>
		<b id="22" c="12 20" t="ar"/>
		<b id="23" c="20 21" t="ar"/>
		<b id="24" c="2 21" t="ar"/>
		<b id="25" c="10 21" t="ar"/>
		<b id="26" c="5 22" t="1"/>
		<b id="27" c="6 23" t="1"/>
		<b id="28" c="7 24" t="1"/>
		<b id="29" c="8 25" t="1"/>
		<b id="30" c="11 26" t="1"/>
		<b id="31" c="14 27" t="1"/>
		<b id="32" c="14 28" t="1"/>
		<b id="33" c="15 29" t="1"/>
		<b id="34" c="15 30" t="1"/>
		<b id="35" c="16 31" t="1"/>
		<b id="36" c="17 32" t="1"/>
		<b id="37" c="17 33" t="1"/>
		<b id="38" c="18 34" t="1"/>
		<b id="39" c="18 35" t="1"/>
		<b id="40" c="19 36" t="1"/>
		<b id="41" c="19 37" t="1"/>
	</bonds>
	<geometry>
		<g u="A" t="cart/3d">#37,3:1.0524,0.2741,0.0069;2.7583,0.1388,0.0192;3.4475,1.2357,0.0214;4.8022,1.1974,0.0308;5.4962,2.4201,0.0359;6.8663,2.4411,0.0456;7.5990,1.2483,0.0497;6.9553,0.0381,0.0453;5.5528,-0.0134,0.0367;4.7700,-1.1858,0.0356;5.0714,-2.5164,0.0452;3.8780,-3.1983,0.0440;3.8139,-4.6752,0.0632;4.4017,-5.3133,1.3388;3.7738,-6.7208,1.3423;2.9152,-6.7261,0.0723;3.8497,-6.7646,-1.1424;4.4808,-5.3582,-1.1479;2.4103,-5.2863,0.0309;2.8526,-2.3976,0.0333;3.3658,-1.1328,0.0277;4.9148,3.3279,0.0324;7.3931,3.3837,0.0502;8.6782,1.2865,0.0566;7.5219,-0.8827,0.0487;5.9909,-2.9241,0.0522;4.1014,-4.7428,2.2183;5.4913,-5.3466,1.3127;3.1523,-6.8687,2.2252;4.5267,-7.5083,1.3251;2.1555,-7.5053,0.0628;3.2822,-6.9413,-2.0558;4.5975,-7.5521,-1.0533;4.2410,-4.8196,-2.0654;5.5662,-5.3933,-1.0496;1.8145,-5.0034,0.8944;1.8690,-5.0363,-0.8777;</g>
	</geometry>
	<conformers/>
	<properties/>
</molecule>
