<?xml version="1.0" ?>
<!--MOLLI PACKAGE EXPERIMENTAL XML FORMAT-->
<molecule name="el2036">
	<atoms>
		<a id="1" s="F" t="F" l="F"/>
		<a id="2" s="C" t="C.ar" l="C"/>
		<a id="3" s="C" t="C.ar" l="C"/>
		<a id="4" s="N" t="N.ar" l="N"/>
		<a id="5" s="C" t="C.ar" l="C"/>
		<a id="6" s="Cl" t="Cl" l="CL"/>
		<a id="7" s="N" t="N.ar" l="N"/>
		<a id="8" s="C" t="C.ar" l="C"/>
		<a id="9" s="C" t="C.ar" l="C"/>
		<a id="10" s="C" t="C.ar" l="C"/>
		<a id="11" s="C" t="C.ar" l="C"/>
		<a id="12" s="C" t="C.ar" l="C"/>
		<a id="13" s="C" t="C.ar" l="C"/>
		<a id="14" s="C" t="C.ar" l="C"/>
		<a id="15" s="O" t="O.3" l="O"/>
		<a id="16" s="C" t="C.3" l="C"/>
		<a id="17" s="O" t="O.3" l="O"/>
		<a id="18" s="H" t="H" l="H"/>
		<a id="19" s="H" t="H" l="H"/>
		<a id="20" s="H" t="H" l="H"/>
		<a id="21" s="H" t="H" l="H"/>
		<a id="22" s="H" t="H" l="H"/>
		<a id="23" s="H" t="H" l="H"/>
	</atoms>
	<bonds>
		<b id="1" c="1 2" t="1"/>
		<b id="2" c="2 3" t="ar"/>
		<b id="3" c="3 4" t="ar"/>
		<b id="4" c="4 5" t="ar"/>
		<b id="5" c="5 6" t="1"/>
		<b id="6" c="5 7" t="ar"/>
		<b id="7" c="7 8" t="ar"/>
		<b id="8" c="2 8" t="ar"/>
		<b id="9" c="8 9" t="1"/>
		<b id="10" c="9 10" t="ar"/>
		<b id="11" c="10 11" t="ar"/>
		<b id="12" c="11 12" t="ar"/>
		<b id="13" c="12 13" t="ar"/>
		<b id="14" c="13 14" t="ar"/>
		<b id="15" c="9 14" t="ar"/>
		<b id="16" c="13 15" t="1"/>
		<b id="17" c="15 16" t="1"/>
		<b id="18" c="16 17" t="1"/>
		<b id="19" c="12 17" t="1"/>
		<b id="20" c="3 18" t="1"/>
		<b id="21" c="10 19" t="1"/>
		<b id="22" c="11 20" t="1"/>
		<b id="23" c="14 21" t="1"/>
		<b id="24" c="16 22" t="1"/>
		<b id="25" c="16 23" t="1"/>
	</bonds>
	<geometry>
		<g u="A" t="cart/3d">#23,3:1.3053,-0.0301,1.4722;2.4644,-0.0006,0.7916;3.2348,-1.1506,0.7546;4.3739,-1.2044,0.0853;4.7165,-0.0977,-0.5500;6.1695,-0.1476,-1.4325;4.0577,1.0373,-0.5768;2.9092,1.1383,0.0986;2.2239,2.4256,0.0261;1.2410,2.8046,0.9393;0.6039,4.0371,0.8552;0.9750,4.8734,-0.1712;1.9682,4.5046,-1.0879;2.6082,3.2991,-1.0099;2.1404,5.5152,-1.9922;1.2279,6.5270,-1.6267;0.5087,6.1127,-0.4815;2.9275,-2.0494,1.2706;0.9643,2.1503,1.7483;-0.1520,4.3281,1.5645;3.3762,3.0088,-1.7048;0.5247,6.7101,-2.4547;1.7740,7.4562,-1.4010;</g>
	</geometry>
	<conformers/>
	<properties/>
</molecule>
