<?xml version="1.0" ?>
<!--MOLLI PACKAGE EXPERIMENTAL XML FORMAT-->
<molecule name="el1824">
	<atoms>
		<a id="1" s="C" t="C.3" l="C"/>
		<a id="2" s="O" t="O.3" l="O"/>
		<a id="3" s="C" t="C.ar" l="C"/>
		<a id="4" s="C" t="C.ar" l="C"/>
		<a id="5" s="C" t="C.ar" l="C"/>
		<a id="6" s="C" t="C.ar" l="C"/>
		<a id="7" s="C" t="C.ar" l="C"/>
		<a id="8" s="C" t="C.ar" l="C"/>
		<a id="9" s="C" t="C.ar" l="C"/>
		<a id="10" s="N" t="N.ar" l="N"/>
		<a id="11" s="C" t="C.ar" l="C"/>
		<a id="12" s="C" t="C.ar" l="C"/>
		<a id="13" s="C" t="C.ar" l="C"/>
		<a id="14" s="Cl" t="Cl" l="CL"/>
		<a id="15" s="N" t="N.ar" l="N"/>
		<a id="16" s="C" t="C.ar" l="C"/>
		<a id="17" s="C" t="C.ar" l="C"/>
		<a id="18" s="S" t="S.2" l="S"/>
		<a id="19" s="H" t="H" l="H"/>
		<a id="20" s="H" t="H" l="H"/>
		<a id="21" s="H" t="H" l="H"/>
		<a id="22" s="H" t="H" l="H"/>
		<a id="23" s="H" t="H" l="H"/>
		<a id="24" s="H" t="H" l="H"/>
		<a id="25" s="H" t="H" l="H"/>
		<a id="26" s="H" t="H" l="H"/>
		<a id="27" s="H" t="H" l="H"/>
	</atoms>
	<bonds>
		<b id="1" c="1 2" t="1"/>
		<b id="2" c="2 3" t="1"/>
		<b id="3" c="3 4" t="ar"/>
		<b id="4" c="4 5" t="ar"/>
		<b id="5" c="5 6" t="ar"/>
		<b id="6" c="6 7" t="ar"/>
		<b id="7" c="7 8" t="ar"/>
		<b id="8" c="3 8" t="ar"/>
		<b id="9" c="8 9" t="1"/>
		<b id="10" c="9 10" t="ar"/>
		<b id="11" c="10 11" t="ar"/>
		<b id="12" c="11 12" t="ar"/>
		<b id="13" c="12 13" t="ar"/>
		<b id="14" c="13 14" t="1"/>
		<b id="15" c="13 15" t="ar"/>
		<b id="16" c="15 16" t="ar"/>
		<b id="17" c="16 17" t="ar"/>
		<b id="18" c="11 17" t="ar"/>
		<b id="19" c="17 18" t="ar"/>
		<b id="20" c="9 18" t="ar"/>
		<b id="21" c="1 19" t="1"/>
		<b id="22" c="1 20" t="1"/>
		<b id="23" c="1 21" t="1"/>
		<b id="24" c="4 22" t="1"/>
		<b id="25" c="5 23" t="1"/>
		<b id="26" c="6 24" t="1"/>
		<b id="27" c="7 25" t="1"/>
		<b id="28" c="12 26" t="1"/>
		<b id="29" c="16 27" t="1"/>
	</bonds>
	<geometry>
		<g u="A" t="cart/3d">#27,3:0.8625,0.3047,0.2014;1.9979,-0.0840,-0.5348;2.8113,0.8600,-1.0642;2.6122,2.2306,-0.9370;3.4973,3.1234,-1.5139;4.5965,2.6685,-2.2257;4.8075,1.3129,-2.3579;3.9278,0.3908,-1.7863;4.1874,-1.0163,-1.9559;5.2164,-1.4697,-2.5887;5.2445,-2.8219,-2.6276;6.2176,-3.6169,-3.2304;6.0274,-4.9827,-3.1429;7.1761,-6.0464,-3.8579;5.0086,-5.5771,-2.5399;4.0832,-4.8382,-1.9644;4.1526,-3.4549,-1.9773;3.0971,-2.2526,-1.3109;0.3866,-0.6237,0.5127;0.1654,0.8808,-0.4143;1.1397,0.8847,1.0866;1.7651,2.6092,-0.3873;3.3230,4.1832,-1.4042;5.2820,3.3707,-2.6734;5.6528,0.9267,-2.9043;7.0643,-3.1822,-3.7329;3.2735,-5.3710,-1.4873;</g>
	</geometry>
	<conformers/>
	<properties/>
</molecule>
