<?xml version="1.0" ?>
<!--MOLLI PACKAGE EXPERIMENTAL XML FORMAT-->
<molecule name="el2040">
	<atoms>
		<a id="1" s="C" t="C.3" l="C"/>
		<a id="2" s="N" t="N.am" l="N"/>
		<a id="3" s="C" t="C.3" l="C"/>
		<a id="4" s="C" t="C.3" l="C"/>
		<a id="5" s="C" t="C.ar" l="C"/>
		<a id="6" s="C" t="C.ar" l="C"/>
		<a id="7" s="C" t="C.ar" l="C"/>
		<a id="8" s="C" t="C.ar" l="C"/>
		<a id="9" s="N" t="N.ar" l="N"/>
		<a id="10" s="C" t="C.ar" l="C"/>
		<a id="11" s="Cl" t="Cl" l="CL"/>
		<a id="12" s="N" t="N.ar" l="N"/>
		<a id="13" s="C" t="C.ar" l="C"/>
		<a id="14" s="C" t="C.ar" l="C"/>
		<a id="15" s="F" t="F" l="F"/>
		<a id="16" s="C" t="C.ar" l="C"/>
		<a id="17" s="C" t="C.ar" l="C"/>
		<a id="18" s="C" t="C.ar" l="C"/>
		<a id="19" s="C" t="C.2" l="C"/>
		<a id="20" s="O" t="O.2" l="O"/>
		<a id="21" s="H" t="H" l="H"/>
		<a id="22" s="H" t="H" l="H"/>
		<a id="23" s="H" t="H" l="H"/>
		<a id="24" s="H" t="H" l="H"/>
		<a id="25" s="H" t="H" l="H"/>
		<a id="26" s="H" t="H" l="H"/>
		<a id="27" s="H" t="H" l="H"/>
		<a id="28" s="H" t="H" l="H"/>
		<a id="29" s="H" t="H" l="H"/>
		<a id="30" s="H" t="H" l="H"/>
		<a id="31" s="H" t="H" l="H"/>
	</atoms>
	<bonds>
		<b id="1" c="1 2" t="1"/>
		<b id="2" c="2 3" t="1"/>
		<b id="3" c="3 4" t="1"/>
		<b id="4" c="4 5" t="1"/>
		<b id="5" c="5 6" t="ar"/>
		<b id="6" c="6 7" t="ar"/>
		<b id="7" c="7 8" t="1"/>
		<b id="8" c="8 9" t="ar"/>
		<b id="9" c="9 10" t="ar"/>
		<b id="10" c="10 11" t="1"/>
		<b id="11" c="10 12" t="ar"/>
		<b id="12" c="12 13" t="ar"/>
		<b id="13" c="13 14" t="ar"/>
		<b id="14" c="8 14" t="ar"/>
		<b id="15" c="14 15" t="1"/>
		<b id="16" c="7 16" t="ar"/>
		<b id="17" c="16 17" t="ar"/>
		<b id="18" c="17 18" t="ar"/>
		<b id="19" c="5 18" t="ar"/>
		<b id="20" c="18 19" t="1"/>
		<b id="21" c="2 19" t="am"/>
		<b id="22" c="19 20" t="2"/>
		<b id="23" c="1 21" t="1"/>
		<b id="24" c="1 22" t="1"/>
		<b id="25" c="1 23" t="1"/>
		<b id="26" c="3 24" t="1"/>
		<b id="27" c="3 25" t="1"/>
		<b id="28" c="4 26" t="1"/>
		<b id="29" c="4 27" t="1"/>
		<b id="30" c="6 28" t="1"/>
		<b id="31" c="13 29" t="1"/>
		<b id="32" c="16 30" t="1"/>
		<b id="33" c="17 31" t="1"/>
	</bonds>
	<geometry>
		<g u="A" t="cart/3d">#31,3:3.3444,0.0483,-0.1251;1.9212,0.2803,-0.0925;1.4408,1.5594,-0.5699;0.2074,1.9935,0.2147;-0.8198,0.9048,0.1338;-2.1750,1.1612,0.0860;-3.1031,0.1171,0.0188;-4.5209,0.4713,-0.0416;-4.8012,1.7346,-0.3729;-6.0561,2.1124,-0.4419;-6.3348,3.7354,-0.8700;-7.1253,1.3702,-0.2156;-6.8904,0.1156,0.1271;-5.6016,-0.3834,0.2296;-5.4392,-1.6625,0.6050;-2.6455,-1.2017,-0.0054;-1.2899,-1.4586,0.0470;-0.3718,-0.4177,0.1152;1.0804,-0.7435,0.1953;1.4764,-1.8515,0.5133;3.8582,0.7466,0.5387;3.7322,0.1677,-1.1398;3.5233,-0.9709,0.2114;1.1931,1.4950,-1.6399;2.2445,2.2900,-0.4505;-0.1849,2.9298,-0.1824;0.4794,2.1543,1.2625;-2.5423,2.1754,0.0983;-7.7510,-0.5069,0.3276;-3.3325,-2.0281,-0.0781;-0.9163,-2.4713,0.0369;</g>
	</geometry>
	<conformers/>
	<properties/>
</molecule>
