<?xml version="1.0" ?>
<!--MOLLI PACKAGE EXPERIMENTAL XML FORMAT-->
<molecule name="el2043">
	<atoms>
		<a id="1" s="O" t="O.2" l="O"/>
		<a id="2" s="C" t="C.2" l="C"/>
		<a id="3" s="C" t="C.3" l="C"/>
		<a id="4" s="C" t="C.3" l="C"/>
		<a id="5" s="O" t="O.3" l="O"/>
		<a id="6" s="C" t="C.ar" l="C"/>
		<a id="7" s="C" t="C.ar" l="C"/>
		<a id="8" s="C" t="C.ar" l="C"/>
		<a id="9" s="C" t="C.ar" l="C"/>
		<a id="10" s="N" t="N.ar" l="N"/>
		<a id="11" s="C" t="C.ar" l="C"/>
		<a id="12" s="Cl" t="Cl" l="CL"/>
		<a id="13" s="N" t="N.ar" l="N"/>
		<a id="14" s="C" t="C.ar" l="C"/>
		<a id="15" s="C" t="C.ar" l="C"/>
		<a id="16" s="F" t="F" l="F"/>
		<a id="17" s="C" t="C.ar" l="C"/>
		<a id="18" s="C" t="C.ar" l="C"/>
		<a id="19" s="C" t="C.ar" l="C"/>
		<a id="20" s="H" t="H" l="H"/>
		<a id="21" s="H" t="H" l="H"/>
		<a id="22" s="H" t="H" l="H"/>
		<a id="23" s="H" t="H" l="H"/>
		<a id="24" s="H" t="H" l="H"/>
		<a id="25" s="H" t="H" l="H"/>
		<a id="26" s="H" t="H" l="H"/>
		<a id="27" s="H" t="H" l="H"/>
	</atoms>
	<bonds>
		<b id="1" c="1 2" t="2"/>
		<b id="2" c="2 3" t="1"/>
		<b id="3" c="3 4" t="1"/>
		<b id="4" c="4 5" t="1"/>
		<b id="5" c="5 6" t="1"/>
		<b id="6" c="6 7" t="ar"/>
		<b id="7" c="7 8" t="ar"/>
		<b id="8" c="8 9" t="1"/>
		<b id="9" c="9 10" t="ar"/>
		<b id="10" c="10 11" t="ar"/>
		<b id="11" c="11 12" t="1"/>
		<b id="12" c="11 13" t="ar"/>
		<b id="13" c="13 14" t="ar"/>
		<b id="14" c="14 15" t="ar"/>
		<b id="15" c="9 15" t="ar"/>
		<b id="16" c="15 16" t="1"/>
		<b id="17" c="8 17" t="ar"/>
		<b id="18" c="17 18" t="ar"/>
		<b id="19" c="18 19" t="ar"/>
		<b id="20" c="6 19" t="ar"/>
		<b id="21" c="2 19" t="1"/>
		<b id="22" c="3 20" t="1"/>
		<b id="23" c="3 21" t="1"/>
		<b id="24" c="4 22" t="1"/>
		<b id="25" c="4 23" t="1"/>
		<b id="26" c="7 24" t="1"/>
		<b id="27" c="14 25" t="1"/>
		<b id="28" c="17 26" t="1"/>
		<b id="29" c="18 27" t="1"/>
	</bonds>
	<geometry>
		<g u="A" t="cart/3d">#27,3:-1.7984,-1.9813,-0.1171;-1.3738,-0.8511,-0.1599;-2.2474,0.3581,-0.4446;-1.7763,1.5321,0.4025;-0.4234,1.8725,0.1545;0.4475,0.8438,0.0934;1.8042,1.1491,0.1279;2.7597,0.1402,0.0828;4.1711,0.5313,0.1215;4.4553,1.6940,0.7080;5.7099,2.0815,0.7676;6.0073,3.5685,1.5350;6.7631,1.4387,0.2935;6.5177,0.2912,-0.3128;5.2297,-0.2094,-0.4243;5.0354,-1.3678,-1.0735;2.3596,-1.1999,0.0310;1.0182,-1.5028,-0.0084;0.0475,-0.4992,0.0014;-3.2916,0.1254,-0.2389;-2.1471,0.5979,-1.5073;-1.8913,1.2885,1.4687;-2.3483,2.4367,0.1842;2.1144,2.1790,0.1921;7.3665,-0.2404,-0.7200;3.0869,-1.9946,0.0341;0.6786,-2.5260,-0.0636;</g>
	</geometry>
	<conformers/>
	<properties/>
</molecule>
