<?xml version="1.0" ?>
<!--MOLLI PACKAGE EXPERIMENTAL XML FORMAT-->
<molecule name="el2044">
	<atoms>
		<a id="1" s="C" t="C.3" l="C"/>
		<a id="2" s="C" t="C.ar" l="C"/>
		<a id="3" s="C" t="C.ar" l="C"/>
		<a id="4" s="C" t="C.ar" l="C"/>
		<a id="5" s="C" t="C.2" l="C"/>
		<a id="6" s="C" t="C.2" l="C"/>
		<a id="7" s="C" t="C.1" l="C"/>
		<a id="8" s="N" t="N.1" l="N"/>
		<a id="9" s="C" t="C.ar" l="C"/>
		<a id="10" s="C" t="C.ar" l="C"/>
		<a id="11" s="C" t="C.3" l="C"/>
		<a id="12" s="C" t="C.ar" l="C"/>
		<a id="13" s="O" t="O.3" l="O"/>
		<a id="14" s="C" t="C.ar" l="C"/>
		<a id="15" s="N" t="N.ar" l="N"/>
		<a id="16" s="C" t="C.ar" l="C"/>
		<a id="17" s="Cl" t="Cl" l="CL"/>
		<a id="18" s="N" t="N.ar" l="N"/>
		<a id="19" s="C" t="C.ar" l="C"/>
		<a id="20" s="C" t="C.ar" l="C"/>
		<a id="21" s="C" t="C.ar" l="C"/>
		<a id="22" s="N" t="N.ar" l="N"/>
		<a id="23" s="C" t="C.2" l="C"/>
		<a id="24" s="O" t="O.2" l="O"/>
		<a id="25" s="O" t="O.3" l="O"/>
		<a id="26" s="C" t="C.3" l="C"/>
		<a id="27" s="C" t="C.3" l="C"/>
		<a id="28" s="C" t="C.3" l="C"/>
		<a id="29" s="C" t="C.3" l="C"/>
		<a id="30" s="C" t="C.ar" l="C"/>
		<a id="31" s="H" t="H" l="H"/>
		<a id="32" s="H" t="H" l="H"/>
		<a id="33" s="H" t="H" l="H"/>
		<a id="34" s="H" t="H" l="H"/>
		<a id="35" s="H" t="H" l="H"/>
		<a id="36" s="H" t="H" l="H"/>
		<a id="37" s="H" t="H" l="H"/>
		<a id="38" s="H" t="H" l="H"/>
		<a id="39" s="H" t="H" l="H"/>
		<a id="40" s="H" t="H" l="H"/>
		<a id="41" s="H" t="H" l="H"/>
		<a id="42" s="H" t="H" l="H"/>
		<a id="43" s="H" t="H" l="H"/>
		<a id="44" s="H" t="H" l="H"/>
		<a id="45" s="H" t="H" l="H"/>
		<a id="46" s="H" t="H" l="H"/>
		<a id="47" s="H" t="H" l="H"/>
		<a id="48" s="H" t="H" l="H"/>
		<a id="49" s="H" t="H" l="H"/>
		<a id="50" s="H" t="H" l="H"/>
		<a id="51" s="H" t="H" l="H"/>
	</atoms>
	<bonds>
		<b id="1" c="1 2" t="1"/>
		<b id="2" c="2 3" t="ar"/>
		<b id="3" c="3 4" t="ar"/>
		<b id="4" c="4 5" t="1"/>
		<b id="5" c="5 6" t="2"/>
		<b id="6" c="6 7" t="1"/>
		<b id="7" c="7 8" t="3"/>
		<b id="8" c="4 9" t="ar"/>
		<b id="9" c="9 10" t="ar"/>
		<b id="10" c="10 11" t="1"/>
		<b id="11" c="10 12" t="ar"/>
		<b id="12" c="2 12" t="ar"/>
		<b id="13" c="12 13" t="1"/>
		<b id="14" c="13 14" t="1"/>
		<b id="15" c="14 15" t="ar"/>
		<b id="16" c="15 16" t="ar"/>
		<b id="17" c="16 17" t="1"/>
		<b id="18" c="16 18" t="ar"/>
		<b id="19" c="18 19" t="ar"/>
		<b id="20" c="19 20" t="ar"/>
		<b id="21" c="20 21" t="ar"/>
		<b id="22" c="21 22" t="ar"/>
		<b id="23" c="22 23" t="am"/>
		<b id="24" c="23 24" t="2"/>
		<b id="25" c="23 25" t="1"/>
		<b id="26" c="25 26" t="1"/>
		<b id="27" c="26 27" t="1"/>
		<b id="28" c="26 28" t="1"/>
		<b id="29" c="26 29" t="1"/>
		<b id="30" c="22 30" t="ar"/>
		<b id="31" c="14 30" t="ar"/>
		<b id="32" c="19 30" t="ar"/>
		<b id="33" c="1 31" t="1"/>
		<b id="34" c="1 32" t="1"/>
		<b id="35" c="1 33" t="1"/>
		<b id="36" c="3 34" t="1"/>
		<b id="37" c="5 35" t="1"/>
		<b id="38" c="6 36" t="1"/>
		<b id="39" c="9 37" t="1"/>
		<b id="40" c="11 38" t="1"/>
		<b id="41" c="11 39" t="1"/>
		<b id="42" c="11 40" t="1"/>
		<b id="43" c="20 41" t="1"/>
		<b id="44" c="21 42" t="1"/>
		<b id="45" c="27 43" t="1"/>
		<b id="46" c="27 44" t="1"/>
		<b id="47" c="27 45" t="1"/>
		<b id="48" c="28 46" t="1"/>
		<b id="49" c="28 47" t="1"/>
		<b id="50" c="28 48" t="1"/>
		<b id="51" c="29 49" t="1"/>
		<b id="52" c="29 50" t="1"/>
		<b id="53" c="29 51" t="1"/>
	</bonds>
	<geometry>
		<g u="A" t="cart/3d">#51,3:-0.3991,4.6410,-2.8834;-0.7606,3.1888,-2.8592;-1.1564,2.5395,-4.0167;-1.5117,1.1904,-4.0154;-1.9275,0.4819,-5.2090;-1.9422,0.9655,-6.4610;-2.3676,0.1880,-7.5487;-2.7166,-0.4399,-8.4443;-1.4749,0.4943,-2.8049;-1.0763,1.1062,-1.6303;-1.0126,0.3624,-0.3336;-0.7110,2.4522,-1.6766;-0.3723,3.0548,-0.4650;0.8805,3.4233,-0.2598;1.7770,3.2870,-1.2271;3.0070,3.7402,-1.0357;4.0709,3.5088,-2.3474;3.4857,4.3608,0.0099;2.6147,4.4835,1.0174;2.7746,5.0945,2.2928;1.5962,4.9447,2.9472;0.6802,4.2669,2.1675;-0.5675,3.8047,2.6092;-1.1834,2.9484,2.0401;-0.9026,4.4387,3.7224;-2.1483,4.1256,4.4094;-2.1503,2.6641,4.8518;-2.1384,5.0569,5.6207;-3.3355,4.4335,3.4998;1.2930,3.9840,0.9586;-0.8430,5.1325,-3.7452;0.6838,4.7489,-2.9434;-0.7390,5.1394,-1.9773;-1.1943,3.1082,-4.9329;-2.2486,-0.5413,-5.0531;-1.6292,1.9712,-6.7068;-1.7561,-0.5488,-2.7842;-1.6340,-0.5282,-0.3683;-1.3343,1.0033,0.4844;0.0153,0.0577,-0.1333;3.6633,5.5694,2.6531;1.3197,5.2556,3.9351;-1.2672,2.4513,5.4505;-2.1588,2.0036,3.9894;-3.0349,2.4691,5.4508;-1.2778,4.8457,6.2499;-3.0439,4.9153,6.2024;-2.0845,6.0926,5.2959;-3.3324,3.7781,2.6331;-3.2897,5.4662,3.1608;-4.2609,4.2849,4.0484;</g>
	</geometry>
	<conformers/>
	<properties/>
</molecule>
