<?xml version="1.0" ?>
<!--MOLLI PACKAGE EXPERIMENTAL XML FORMAT-->
<molecule name="el2045">
	<atoms>
		<a id="1" s="C" t="C.3" l="C"/>
		<a id="2" s="C" t="C.3" l="C"/>
		<a id="3" s="C" t="C.3" l="C"/>
		<a id="4" s="C" t="C.3" l="C"/>
		<a id="5" s="O" t="O.3" l="O"/>
		<a id="6" s="C" t="C.2" l="C"/>
		<a id="7" s="O" t="O.2" l="O"/>
		<a id="8" s="N" t="N.ar" l="N"/>
		<a id="9" s="C" t="C.ar" l="C"/>
		<a id="10" s="C" t="C.ar" l="C"/>
		<a id="11" s="C" t="C.ar" l="C"/>
		<a id="12" s="N" t="N.ar" l="N"/>
		<a id="13" s="C" t="C.ar" l="C"/>
		<a id="14" s="Cl" t="Cl" l="CL"/>
		<a id="15" s="N" t="N.ar" l="N"/>
		<a id="16" s="C" t="C.ar" l="C"/>
		<a id="17" s="O" t="O.3" l="O"/>
		<a id="18" s="C" t="C.ar" l="C"/>
		<a id="19" s="C" t="C.ar" l="C"/>
		<a id="20" s="F" t="F" l="F"/>
		<a id="21" s="C" t="C.ar" l="C"/>
		<a id="22" s="C" t="C.ar" l="C"/>
		<a id="23" s="C" t="C.2" l="C"/>
		<a id="24" s="C" t="C.2" l="C"/>
		<a id="25" s="C" t="C.1" l="C"/>
		<a id="26" s="N" t="N.1" l="N"/>
		<a id="27" s="C" t="C.ar" l="C"/>
		<a id="28" s="C" t="C.ar" l="C"/>
		<a id="29" s="F" t="F" l="F"/>
		<a id="30" s="C" t="C.ar" l="C"/>
		<a id="31" s="H" t="H" l="H"/>
		<a id="32" s="H" t="H" l="H"/>
		<a id="33" s="H" t="H" l="H"/>
		<a id="34" s="H" t="H" l="H"/>
		<a id="35" s="H" t="H" l="H"/>
		<a id="36" s="H" t="H" l="H"/>
		<a id="37" s="H" t="H" l="H"/>
		<a id="38" s="H" t="H" l="H"/>
		<a id="39" s="H" t="H" l="H"/>
		<a id="40" s="H" t="H" l="H"/>
		<a id="41" s="H" t="H" l="H"/>
		<a id="42" s="H" t="H" l="H"/>
		<a id="43" s="H" t="H" l="H"/>
		<a id="44" s="H" t="H" l="H"/>
		<a id="45" s="H" t="H" l="H"/>
	</atoms>
	<bonds>
		<b id="1" c="1 2" t="1"/>
		<b id="2" c="2 3" t="1"/>
		<b id="3" c="2 4" t="1"/>
		<b id="4" c="2 5" t="1"/>
		<b id="5" c="5 6" t="1"/>
		<b id="6" c="6 7" t="2"/>
		<b id="7" c="6 8" t="am"/>
		<b id="8" c="8 9" t="ar"/>
		<b id="9" c="9 10" t="ar"/>
		<b id="10" c="10 11" t="ar"/>
		<b id="11" c="11 12" t="ar"/>
		<b id="12" c="12 13" t="ar"/>
		<b id="13" c="13 14" t="1"/>
		<b id="14" c="13 15" t="ar"/>
		<b id="15" c="15 16" t="ar"/>
		<b id="16" c="16 17" t="1"/>
		<b id="17" c="17 18" t="1"/>
		<b id="18" c="18 19" t="ar"/>
		<b id="19" c="19 20" t="1"/>
		<b id="20" c="19 21" t="ar"/>
		<b id="21" c="21 22" t="ar"/>
		<b id="22" c="22 23" t="1"/>
		<b id="23" c="23 24" t="2"/>
		<b id="24" c="24 25" t="1"/>
		<b id="25" c="25 26" t="3"/>
		<b id="26" c="22 27" t="ar"/>
		<b id="27" c="27 28" t="ar"/>
		<b id="28" c="18 28" t="ar"/>
		<b id="29" c="28 29" t="1"/>
		<b id="30" c="16 30" t="ar"/>
		<b id="31" c="11 30" t="ar"/>
		<b id="32" c="8 30" t="ar"/>
		<b id="33" c="1 31" t="1"/>
		<b id="34" c="1 32" t="1"/>
		<b id="35" c="1 33" t="1"/>
		<b id="36" c="3 34" t="1"/>
		<b id="37" c="3 35" t="1"/>
		<b id="38" c="3 36" t="1"/>
		<b id="39" c="4 37" t="1"/>
		<b id="40" c="4 38" t="1"/>
		<b id="41" c="4 39" t="1"/>
		<b id="42" c="9 40" t="1"/>
		<b id="43" c="10 41" t="1"/>
		<b id="44" c="21 42" t="1"/>
		<b id="45" c="23 43" t="1"/>
		<b id="46" c="24 44" t="1"/>
		<b id="47" c="27 45" t="1"/>
	</bonds>
	<geometry>
		<g u="A" t="cart/3d">#45,3:4.0636,1.6587,1.3628;5.3052,1.0413,0.7234;5.2328,1.0960,-0.8007;6.5734,1.7249,1.2323;5.4595,-0.3402,1.1626;4.5241,-1.2379,0.8994;3.4916,-1.0771,0.3157;4.9039,-2.4771,1.4441;5.8911,-2.6654,2.3893;5.9095,-3.9498,2.8266;4.8794,-4.6349,2.1248;4.4861,-5.9082,2.2015;3.4990,-6.2184,1.4024;2.9221,-7.8161,1.4716;2.8970,-5.4404,0.5128;3.2744,-4.1772,0.4094;2.7408,-3.4235,-0.5604;1.5754,-3.8412,-1.1405;0.4360,-4.1852,-0.4099;0.4842,-4.1380,0.9303;-0.7466,-4.5427,-1.0196;-0.8413,-4.5626,-2.4131;-2.0576,-4.9191,-3.1161;-3.2479,-5.1876,-2.5582;-4.3719,-5.5118,-3.3363;-5.2984,-5.7734,-3.9608;0.2857,-4.2134,-3.1615;1.4602,-3.8632,-2.5305;2.5293,-3.5372,-3.2708;4.2716,-3.6910,1.2575;4.0182,2.7157,1.1172;4.1047,1.5512,2.4449;3.1633,1.1744,0.9948;5.2023,2.1320,-1.1253;4.3403,0.5900,-1.1587;6.1075,0.6166,-1.2354;6.5725,2.7702,0.9397;7.4521,1.2410,0.8141;6.6250,1.6613,2.3161;6.5038,-1.8362,2.6832;6.5608,-4.3780,3.5598;-1.5828,-4.7999,-0.3908;-1.9757,-4.9557,-4.1949;-3.4192,-5.1635,-1.4907;0.2561,-4.2152,-4.2399;</g>
	</geometry>
	<conformers/>
	<properties/>
</molecule>
