<?xml version="1.0" ?>
<!--MOLLI PACKAGE EXPERIMENTAL XML FORMAT-->
<molecule name="el2047">
	<atoms>
		<a id="1" s="N" t="N.1" l="N"/>
		<a id="2" s="C" t="C.1" l="C"/>
		<a id="3" s="C" t="C.2" l="C"/>
		<a id="4" s="C" t="C.2" l="C"/>
		<a id="5" s="C" t="C.ar" l="C"/>
		<a id="6" s="C" t="C.ar" l="C"/>
		<a id="7" s="C" t="C.ar" l="C"/>
		<a id="8" s="F" t="F" l="F"/>
		<a id="9" s="C" t="C.ar" l="C"/>
		<a id="10" s="O" t="O.3" l="O"/>
		<a id="11" s="C" t="C.ar" l="C"/>
		<a id="12" s="N" t="N.ar" l="N"/>
		<a id="13" s="C" t="C.ar" l="C"/>
		<a id="14" s="Cl" t="Cl" l="CL"/>
		<a id="15" s="N" t="N.ar" l="N"/>
		<a id="16" s="C" t="C.ar" l="C"/>
		<a id="17" s="S" t="S.2" l="S"/>
		<a id="18" s="C" t="C.ar" l="C"/>
		<a id="19" s="C" t="C.ar" l="C"/>
		<a id="20" s="C" t="C.ar" l="C"/>
		<a id="21" s="C" t="C.ar" l="C"/>
		<a id="22" s="F" t="F" l="F"/>
		<a id="23" s="C" t="C.ar" l="C"/>
		<a id="24" s="H" t="H" l="H"/>
		<a id="25" s="H" t="H" l="H"/>
		<a id="26" s="H" t="H" l="H"/>
		<a id="27" s="H" t="H" l="H"/>
		<a id="28" s="H" t="H" l="H"/>
		<a id="29" s="H" t="H" l="H"/>
	</atoms>
	<bonds>
		<b id="1" c="1 2" t="3"/>
		<b id="2" c="2 3" t="1"/>
		<b id="3" c="3 4" t="2"/>
		<b id="4" c="4 5" t="1"/>
		<b id="5" c="5 6" t="ar"/>
		<b id="6" c="6 7" t="ar"/>
		<b id="7" c="7 8" t="1"/>
		<b id="8" c="7 9" t="ar"/>
		<b id="9" c="9 10" t="1"/>
		<b id="10" c="10 11" t="1"/>
		<b id="11" c="11 12" t="ar"/>
		<b id="12" c="12 13" t="ar"/>
		<b id="13" c="13 14" t="1"/>
		<b id="14" c="13 15" t="ar"/>
		<b id="15" c="15 16" t="ar"/>
		<b id="16" c="16 17" t="ar"/>
		<b id="17" c="17 18" t="ar"/>
		<b id="18" c="18 19" t="ar"/>
		<b id="19" c="19 20" t="ar"/>
		<b id="20" c="11 20" t="ar"/>
		<b id="21" c="16 20" t="ar"/>
		<b id="22" c="9 21" t="ar"/>
		<b id="23" c="21 22" t="1"/>
		<b id="24" c="21 23" t="ar"/>
		<b id="25" c="5 23" t="ar"/>
		<b id="26" c="3 24" t="1"/>
		<b id="27" c="4 25" t="1"/>
		<b id="28" c="6 26" t="1"/>
		<b id="29" c="18 27" t="1"/>
		<b id="30" c="19 28" t="1"/>
		<b id="31" c="23 29" t="1"/>
	</bonds>
	<geometry>
		<g u="A" t="cart/3d">#29,3:1.0963,0.0711,-0.7104;2.2283,-0.0744,-0.5945;3.6120,-0.2666,-0.4406;4.4966,0.6905,-0.7583;5.9384,0.6013,-0.6331;6.5931,-0.5576,-0.2090;7.9668,-0.5781,-0.1083;8.5717,-1.6915,0.3319;8.7508,0.5326,-0.4231;10.1190,0.5357,-0.2872;10.8050,-0.3880,-0.9762;10.1827,-1.0938,-1.9002;10.8907,-1.9863,-2.5807;10.0355,-2.8647,-3.7533;12.1652,-2.2557,-2.4466;12.7956,-1.5424,-1.5222;14.4706,-1.7008,-1.1406;14.3254,-0.4647,0.0701;13.0809,0.0468,0.1885;12.1756,-0.5598,-0.7217;8.0813,1.6812,-0.8405;8.7999,2.7690,-1.1501;6.7068,1.7258,-0.9442;3.8998,-1.2319,-0.0481;4.1215,1.6312,-1.1412;6.0526,-1.4539,0.0465;15.1993,-0.1941,0.6293;12.7970,0.8177,0.8804;6.2411,2.6406,-1.2758;</g>
	</geometry>
	<conformers/>
	<properties/>
</molecule>
