<?xml version="1.0" ?>
<!--MOLLI PACKAGE EXPERIMENTAL XML FORMAT-->
<molecule name="el2049">
	<atoms>
		<a id="1" s="C" t="C.3" l="C"/>
		<a id="2" s="C" t="C.ar" l="C"/>
		<a id="3" s="C" t="C.ar" l="C"/>
		<a id="4" s="C" t="C.ar" l="C"/>
		<a id="5" s="C" t="C.ar" l="C"/>
		<a id="6" s="C" t="C.ar" l="C"/>
		<a id="7" s="C" t="C.ar" l="C"/>
		<a id="8" s="C" t="C.ar" l="C"/>
		<a id="9" s="C" t="C.1" l="C"/>
		<a id="10" s="N" t="N.1" l="N"/>
		<a id="11" s="C" t="C.ar" l="C"/>
		<a id="12" s="C" t="C.ar" l="C"/>
		<a id="13" s="C" t="C.ar" l="C"/>
		<a id="14" s="C" t="C.ar" l="C"/>
		<a id="15" s="C" t="C.3" l="C"/>
		<a id="16" s="C" t="C.ar" l="C"/>
		<a id="17" s="O" t="O.3" l="O"/>
		<a id="18" s="C" t="C.ar" l="C"/>
		<a id="19" s="N" t="N.ar" l="N"/>
		<a id="20" s="C" t="C.ar" l="C"/>
		<a id="21" s="Cl" t="Cl" l="CL"/>
		<a id="22" s="N" t="N.ar" l="N"/>
		<a id="23" s="C" t="C.ar" l="C"/>
		<a id="24" s="S" t="S.2" l="S"/>
		<a id="25" s="C" t="C.ar" l="C"/>
		<a id="26" s="C" t="C.ar" l="C"/>
		<a id="27" s="C" t="C.ar" l="C"/>
		<a id="28" s="H" t="H" l="H"/>
		<a id="29" s="H" t="H" l="H"/>
		<a id="30" s="H" t="H" l="H"/>
		<a id="31" s="H" t="H" l="H"/>
		<a id="32" s="H" t="H" l="H"/>
		<a id="33" s="H" t="H" l="H"/>
		<a id="34" s="H" t="H" l="H"/>
		<a id="35" s="H" t="H" l="H"/>
		<a id="36" s="H" t="H" l="H"/>
		<a id="37" s="H" t="H" l="H"/>
		<a id="38" s="H" t="H" l="H"/>
		<a id="39" s="H" t="H" l="H"/>
		<a id="40" s="H" t="H" l="H"/>
		<a id="41" s="H" t="H" l="H"/>
	</atoms>
	<bonds>
		<b id="1" c="1 2" t="1"/>
		<b id="2" c="2 3" t="ar"/>
		<b id="3" c="3 4" t="ar"/>
		<b id="4" c="4 5" t="1"/>
		<b id="5" c="5 6" t="ar"/>
		<b id="6" c="6 7" t="ar"/>
		<b id="7" c="7 8" t="ar"/>
		<b id="8" c="8 9" t="1"/>
		<b id="9" c="9 10" t="3"/>
		<b id="10" c="8 11" t="ar"/>
		<b id="11" c="11 12" t="ar"/>
		<b id="12" c="5 12" t="ar"/>
		<b id="13" c="4 13" t="ar"/>
		<b id="14" c="13 14" t="ar"/>
		<b id="15" c="14 15" t="1"/>
		<b id="16" c="14 16" t="ar"/>
		<b id="17" c="2 16" t="ar"/>
		<b id="18" c="16 17" t="1"/>
		<b id="19" c="17 18" t="1"/>
		<b id="20" c="18 19" t="ar"/>
		<b id="21" c="19 20" t="ar"/>
		<b id="22" c="20 21" t="1"/>
		<b id="23" c="20 22" t="ar"/>
		<b id="24" c="22 23" t="ar"/>
		<b id="25" c="23 24" t="ar"/>
		<b id="26" c="24 25" t="ar"/>
		<b id="27" c="25 26" t="ar"/>
		<b id="28" c="26 27" t="ar"/>
		<b id="29" c="18 27" t="ar"/>
		<b id="30" c="23 27" t="ar"/>
		<b id="31" c="1 28" t="1"/>
		<b id="32" c="1 29" t="1"/>
		<b id="33" c="1 30" t="1"/>
		<b id="34" c="3 31" t="1"/>
		<b id="35" c="6 32" t="1"/>
		<b id="36" c="7 33" t="1"/>
		<b id="37" c="11 34" t="1"/>
		<b id="38" c="12 35" t="1"/>
		<b id="39" c="13 36" t="1"/>
		<b id="40" c="15 37" t="1"/>
		<b id="41" c="15 38" t="1"/>
		<b id="42" c="15 39" t="1"/>
		<b id="43" c="25 40" t="1"/>
		<b id="44" c="26 41" t="1"/>
	</bonds>
	<geometry>
		<g u="A" t="cart/3d">#41,3:2.9235,0.7374,-0.5469;1.5616,0.1384,-0.3830;1.4011,-1.2311,-0.2365;0.1427,-1.8051,-0.0949;-0.0016,-3.2635,0.0138;0.8765,-4.0116,0.7981;0.7533,-5.3826,0.8846;-0.2571,-6.0344,0.1761;-0.3816,-7.4400,0.2489;-0.4826,-8.5809,0.3039;-1.1432,-5.2956,-0.6093;-1.0134,-3.9248,-0.6829;-0.9771,-0.9788,-0.0806;-0.8556,0.3940,-0.2107;-2.0490,1.2976,-0.1751;0.4194,0.9343,-0.3711;0.5101,2.3124,-0.5997;1.0359,3.0753,0.3454;1.3989,2.5491,1.5034;1.9117,3.3571,2.4199;2.3661,2.6147,3.8817;2.1113,4.6480,2.3284;1.7474,5.1855,1.1688;1.9033,6.8608,0.7772;1.2273,6.5684,-0.7952;0.8986,5.2777,-1.0195;1.1902,4.4570,0.1024;3.6322,-0.0120,-0.8896;3.2701,1.1272,0.4108;2.9052,1.5600,-1.2601;2.2755,-1.8643,-0.2640;1.6495,-3.5076,1.3585;1.4322,-5.9586,1.4961;-1.9220,-5.8050,-1.1578;-1.6881,-3.3568,-1.3060;-1.9577,-1.4095,0.0579;-2.9674,0.7219,-0.1038;-2.0841,1.9153,-1.0712;-1.9874,1.9647,0.6848;1.1172,7.3983,-1.4651;0.4693,4.9032,-1.9303;</g>
	</geometry>
	<conformers/>
	<properties/>
</molecule>
