<?xml version="1.0" ?>
<!--MOLLI PACKAGE EXPERIMENTAL XML FORMAT-->
<molecule name="el2051">
	<atoms>
		<a id="1" s="C" t="C.3" l="C"/>
		<a id="2" s="C" t="C.ar" l="C"/>
		<a id="3" s="C" t="C.ar" l="C"/>
		<a id="4" s="C" t="C.ar" l="C"/>
		<a id="5" s="C" t="C.ar" l="C"/>
		<a id="6" s="C" t="C.ar" l="C"/>
		<a id="7" s="C" t="C.ar" l="C"/>
		<a id="8" s="C" t="C.ar" l="C"/>
		<a id="9" s="F" t="F" l="F"/>
		<a id="10" s="C" t="C.ar" l="C"/>
		<a id="11" s="C" t="C.ar" l="C"/>
		<a id="12" s="C" t="C.ar" l="C"/>
		<a id="13" s="C" t="C.ar" l="C"/>
		<a id="14" s="C" t="C.3" l="C"/>
		<a id="15" s="C" t="C.ar" l="C"/>
		<a id="16" s="O" t="O.3" l="O"/>
		<a id="17" s="C" t="C.ar" l="C"/>
		<a id="18" s="N" t="N.ar" l="N"/>
		<a id="19" s="C" t="C.ar" l="C"/>
		<a id="20" s="Cl" t="Cl" l="CL"/>
		<a id="21" s="N" t="N.ar" l="N"/>
		<a id="22" s="C" t="C.ar" l="C"/>
		<a id="23" s="S" t="S.2" l="S"/>
		<a id="24" s="C" t="C.ar" l="C"/>
		<a id="25" s="C" t="C.ar" l="C"/>
		<a id="26" s="C" t="C.ar" l="C"/>
		<a id="27" s="H" t="H" l="H"/>
		<a id="28" s="H" t="H" l="H"/>
		<a id="29" s="H" t="H" l="H"/>
		<a id="30" s="H" t="H" l="H"/>
		<a id="31" s="H" t="H" l="H"/>
		<a id="32" s="H" t="H" l="H"/>
		<a id="33" s="H" t="H" l="H"/>
		<a id="34" s="H" t="H" l="H"/>
		<a id="35" s="H" t="H" l="H"/>
		<a id="36" s="H" t="H" l="H"/>
		<a id="37" s="H" t="H" l="H"/>
		<a id="38" s="H" t="H" l="H"/>
		<a id="39" s="H" t="H" l="H"/>
		<a id="40" s="H" t="H" l="H"/>
	</atoms>
	<bonds>
		<b id="1" c="1 2" t="1"/>
		<b id="2" c="2 3" t="ar"/>
		<b id="3" c="3 4" t="ar"/>
		<b id="4" c="4 5" t="1"/>
		<b id="5" c="5 6" t="ar"/>
		<b id="6" c="6 7" t="ar"/>
		<b id="7" c="7 8" t="ar"/>
		<b id="8" c="8 9" t="1"/>
		<b id="9" c="8 10" t="ar"/>
		<b id="10" c="10 11" t="ar"/>
		<b id="11" c="5 11" t="ar"/>
		<b id="12" c="4 12" t="ar"/>
		<b id="13" c="12 13" t="ar"/>
		<b id="14" c="13 14" t="1"/>
		<b id="15" c="13 15" t="ar"/>
		<b id="16" c="2 15" t="ar"/>
		<b id="17" c="15 16" t="1"/>
		<b id="18" c="16 17" t="1"/>
		<b id="19" c="17 18" t="ar"/>
		<b id="20" c="18 19" t="ar"/>
		<b id="21" c="19 20" t="1"/>
		<b id="22" c="19 21" t="ar"/>
		<b id="23" c="21 22" t="ar"/>
		<b id="24" c="22 23" t="ar"/>
		<b id="25" c="23 24" t="ar"/>
		<b id="26" c="24 25" t="ar"/>
		<b id="27" c="25 26" t="ar"/>
		<b id="28" c="17 26" t="ar"/>
		<b id="29" c="22 26" t="ar"/>
		<b id="30" c="1 27" t="1"/>
		<b id="31" c="1 28" t="1"/>
		<b id="32" c="1 29" t="1"/>
		<b id="33" c="3 30" t="1"/>
		<b id="34" c="6 31" t="1"/>
		<b id="35" c="7 32" t="1"/>
		<b id="36" c="10 33" t="1"/>
		<b id="37" c="11 34" t="1"/>
		<b id="38" c="12 35" t="1"/>
		<b id="39" c="14 36" t="1"/>
		<b id="40" c="14 37" t="1"/>
		<b id="41" c="14 38" t="1"/>
		<b id="42" c="24 39" t="1"/>
		<b id="43" c="25 40" t="1"/>
	</bonds>
	<geometry>
		<g u="A" t="cart/3d">#40,3:2.9309,0.7371,-0.5521;1.5666,0.1488,-0.3694;1.3965,-1.2161,-0.1930;0.1352,-1.7772,-0.0284;-0.0228,-3.2325,0.1178;0.8501,-3.9688,0.9161;0.7090,-5.3375,1.0456;-0.3137,-5.9692,0.3618;-0.4540,-7.3068,0.4783;-1.1965,-5.2681,-0.4392;-1.0461,-3.8993,-0.5534;-0.9771,-0.9410,-0.0227;-0.8466,0.4275,-0.1859;-2.0328,1.3412,-0.1606;0.4309,0.9536,-0.3684;0.5321,2.3269,-0.6278;1.0383,3.1089,0.3110;1.3962,2.6047,1.4805;1.8899,3.4323,2.3896;2.3392,2.7172,3.8665;2.0737,4.7244,2.2819;1.7145,5.2402,1.1107;1.8493,6.9123,0.6975;1.1928,6.5883,-0.8770;0.8859,5.2898,-1.0864;1.1786,4.4891,0.0495;3.6384,-0.0266,-0.8639;3.2757,1.1626,0.3909;2.9164,1.5320,-1.2963;2.2653,-1.8570,-0.2117;1.6342,-3.4611,1.4568;1.3759,-5.9155,1.6656;-1.9804,-5.7935,-0.9616;-1.7172,-3.3421,-1.1893;-1.9595,-1.3611,0.1337;-2.9554,0.7734,-0.0792;-2.0653,1.9469,-1.0649;-1.9644,2.0192,0.6904;1.0765,7.4073,-1.5591;0.4708,4.8962,-1.9958;</g>
	</geometry>
	<conformers/>
	<properties/>
</molecule>
