<?xml version="1.0" ?>
<!--MOLLI PACKAGE EXPERIMENTAL XML FORMAT-->
<molecule name="el2053">
	<atoms>
		<a id="1" s="C" t="C.3" l="C"/>
		<a id="2" s="N" t="N.am" l="N"/>
		<a id="3" s="C" t="C.2" l="C"/>
		<a id="4" s="O" t="O.2" l="O"/>
		<a id="5" s="C" t="C.ar" l="C"/>
		<a id="6" s="C" t="C.ar" l="C"/>
		<a id="7" s="C" t="C.ar" l="C"/>
		<a id="8" s="C" t="C.ar" l="C"/>
		<a id="9" s="C" t="C.ar" l="C"/>
		<a id="10" s="C" t="C.ar" l="C"/>
		<a id="11" s="C" t="C.3" l="C"/>
		<a id="12" s="N" t="N.pl3" l="N"/>
		<a id="13" s="C" t="C.ar" l="C"/>
		<a id="14" s="N" t="N.ar" l="N"/>
		<a id="15" s="C" t="C.ar" l="C"/>
		<a id="16" s="Cl" t="Cl" l="CL"/>
		<a id="17" s="N" t="N.ar" l="N"/>
		<a id="18" s="C" t="C.ar" l="C"/>
		<a id="19" s="C" t="C.ar" l="C"/>
		<a id="20" s="C" t="C.ar" l="C"/>
		<a id="21" s="N" t="N.ar" l="N"/>
		<a id="22" s="N" t="N.ar" l="N"/>
		<a id="23" s="C" t="C.3" l="C"/>
		<a id="24" s="C" t="C.3" l="C"/>
		<a id="25" s="C" t="C.3" l="C"/>
		<a id="26" s="C" t="C.3" l="C"/>
		<a id="27" s="C" t="C.3" l="C"/>
		<a id="28" s="O" t="O.3" l="O"/>
		<a id="29" s="H" t="H" l="H"/>
		<a id="30" s="H" t="H" l="H"/>
		<a id="31" s="H" t="H" l="H"/>
		<a id="32" s="H" t="H" l="H"/>
		<a id="33" s="H" t="H" l="H"/>
		<a id="34" s="H" t="H" l="H"/>
		<a id="35" s="H" t="H" l="H"/>
		<a id="36" s="H" t="H" l="H"/>
		<a id="37" s="H" t="H" l="H"/>
		<a id="38" s="H" t="H" l="H"/>
		<a id="39" s="H" t="H" l="H"/>
		<a id="40" s="H" t="H" l="H"/>
		<a id="41" s="H" t="H" l="H"/>
		<a id="42" s="H" t="H" l="H"/>
		<a id="43" s="H" t="H" l="H"/>
		<a id="44" s="H" t="H" l="H"/>
		<a id="45" s="H" t="H" l="H"/>
		<a id="46" s="H" t="H" l="H"/>
		<a id="47" s="H" t="H" l="H"/>
		<a id="48" s="H" t="H" l="H"/>
		<a id="49" s="H" t="H" l="H"/>
	</atoms>
	<bonds>
		<b id="1" c="1 2" t="1"/>
		<b id="2" c="2 3" t="am"/>
		<b id="3" c="3 4" t="2"/>
		<b id="4" c="3 5" t="1"/>
		<b id="5" c="5 6" t="ar"/>
		<b id="6" c="6 7" t="ar"/>
		<b id="7" c="7 8" t="ar"/>
		<b id="8" c="8 9" t="ar"/>
		<b id="9" c="9 10" t="ar"/>
		<b id="10" c="5 10" t="ar"/>
		<b id="11" c="10 11" t="1"/>
		<b id="12" c="11 12" t="1"/>
		<b id="13" c="12 13" t="1"/>
		<b id="14" c="13 14" t="ar"/>
		<b id="15" c="14 15" t="ar"/>
		<b id="16" c="15 16" t="1"/>
		<b id="17" c="15 17" t="ar"/>
		<b id="18" c="17 18" t="ar"/>
		<b id="19" c="18 19" t="ar"/>
		<b id="20" c="13 19" t="ar"/>
		<b id="21" c="19 20" t="ar"/>
		<b id="22" c="20 21" t="ar"/>
		<b id="23" c="21 22" t="ar"/>
		<b id="24" c="18 22" t="ar"/>
		<b id="25" c="22 23" t="1"/>
		<b id="26" c="23 24" t="1"/>
		<b id="27" c="24 25" t="1"/>
		<b id="28" c="25 26" t="1"/>
		<b id="29" c="26 27" t="1"/>
		<b id="30" c="27 28" t="1"/>
		<b id="31" c="23 28" t="1"/>
		<b id="32" c="1 29" t="1"/>
		<b id="33" c="1 30" t="1"/>
		<b id="34" c="1 31" t="1"/>
		<b id="35" c="2 32" t="1"/>
		<b id="36" c="6 33" t="1"/>
		<b id="37" c="7 34" t="1"/>
		<b id="38" c="8 35" t="1"/>
		<b id="39" c="9 36" t="1"/>
		<b id="40" c="11 37" t="1"/>
		<b id="41" c="11 38" t="1"/>
		<b id="42" c="12 39" t="1"/>
		<b id="43" c="20 40" t="1"/>
		<b id="44" c="23 41" t="1"/>
		<b id="45" c="24 42" t="1"/>
		<b id="46" c="24 43" t="1"/>
		<b id="47" c="25 44" t="1"/>
		<b id="48" c="25 45" t="1"/>
		<b id="49" c="26 46" t="1"/>
		<b id="50" c="26 47" t="1"/>
		<b id="51" c="27 48" t="1"/>
		<b id="52" c="27 49" t="1"/>
	</bonds>
	<geometry>
		<g u="A" t="cart/3d">#49,3:5.3345,-0.7121,4.7254;4.6038,-0.6483,3.4839;3.9850,0.4744,3.0597;4.0048,1.5168,3.6890;3.2603,0.3129,1.7598;2.4148,-0.7797,1.5932;1.6892,-0.9416,0.4274;1.8124,-0.0104,-0.5883;2.6488,1.0803,-0.4293;3.3709,1.2651,0.7417;4.2856,2.4619,0.9058;3.9851,3.5458,0.0092;2.8592,4.2760,0.0467;2.6853,5.1115,-0.9834;1.6153,5.8829,-1.0104;1.5050,6.9176,-2.3642;0.6301,5.9584,-0.1497;0.7893,5.1188,0.8785;1.8858,4.2401,1.0694;1.5850,3.6016,2.2979;0.4533,4.0441,2.7816;-0.0383,4.9646,1.9285;-1.3002,5.6594,2.1120;-1.3149,6.4417,3.4321;-1.5086,5.5055,4.6221;-2.7536,4.6568,4.3803;-2.5827,3.9087,3.0615;-2.3921,4.7997,1.9714;4.9034,-1.4637,5.3893;5.2628,0.2677,5.1950;6.3837,-0.9529,4.5452;4.5732,-1.4765,2.9109;2.3015,-1.4935,2.3969;1.0301,-1.7889,0.3144;1.2537,-0.1285,-1.5043;2.7307,1.8031,-1.2272;5.3193,2.1514,0.7247;4.2233,2.8208,1.9367;4.5264,3.6583,-0.8346;2.1388,2.8644,2.8437;-1.3601,6.3456,1.2573;-2.1434,7.1514,3.3845;-0.3833,7.0016,3.5208;-1.6106,6.0880,5.5395;-0.6394,4.8528,4.7151;-3.6357,5.2983,4.3215;-2.8972,3.9387,5.1878;-3.4801,3.3430,2.8026;-1.7292,3.2229,3.1366;</g>
	</geometry>
	<conformers/>
	<properties/>
</molecule>
