<?xml version="1.0" ?>
<!--MOLLI PACKAGE EXPERIMENTAL XML FORMAT-->
<molecule name="el2055">
	<atoms>
		<a id="1" s="C" t="C.3" l="C"/>
		<a id="2" s="N" t="N.pl3" l="N"/>
		<a id="3" s="C" t="C.ar" l="C"/>
		<a id="4" s="C" t="C.ar" l="C"/>
		<a id="5" s="C" t="C.ar" l="C"/>
		<a id="6" s="C" t="C.ar" l="C"/>
		<a id="7" s="C" t="C.ar" l="C"/>
		<a id="8" s="C" t="C.ar" l="C"/>
		<a id="9" s="C" t="C.3" l="C"/>
		<a id="10" s="N" t="N.pl3" l="N"/>
		<a id="11" s="C" t="C.ar" l="C"/>
		<a id="12" s="N" t="N.ar" l="N"/>
		<a id="13" s="C" t="C.ar" l="C"/>
		<a id="14" s="Cl" t="Cl" l="CL"/>
		<a id="15" s="N" t="N.ar" l="N"/>
		<a id="16" s="C" t="C.ar" l="C"/>
		<a id="17" s="C" t="C.ar" l="C"/>
		<a id="18" s="C" t="C.ar" l="C"/>
		<a id="19" s="N" t="N.ar" l="N"/>
		<a id="20" s="N" t="N.ar" l="N"/>
		<a id="21" s="C" t="C.3" l="C"/>
		<a id="22" s="C" t="C.3" l="C"/>
		<a id="23" s="C" t="C.3" l="C"/>
		<a id="24" s="C" t="C.3" l="C"/>
		<a id="25" s="C" t="C.3" l="C"/>
		<a id="26" s="O" t="O.3" l="O"/>
		<a id="27" s="S" t="S.O2" l="S"/>
		<a id="28" s="C" t="C.3" l="C"/>
		<a id="29" s="O" t="O.2" l="O"/>
		<a id="30" s="O" t="O.2" l="O"/>
		<a id="31" s="H" t="H" l="H"/>
		<a id="32" s="H" t="H" l="H"/>
		<a id="33" s="H" t="H" l="H"/>
		<a id="34" s="H" t="H" l="H"/>
		<a id="35" s="H" t="H" l="H"/>
		<a id="36" s="H" t="H" l="H"/>
		<a id="37" s="H" t="H" l="H"/>
		<a id="38" s="H" t="H" l="H"/>
		<a id="39" s="H" t="H" l="H"/>
		<a id="40" s="H" t="H" l="H"/>
		<a id="41" s="H" t="H" l="H"/>
		<a id="42" s="H" t="H" l="H"/>
		<a id="43" s="H" t="H" l="H"/>
		<a id="44" s="H" t="H" l="H"/>
		<a id="45" s="H" t="H" l="H"/>
		<a id="46" s="H" t="H" l="H"/>
		<a id="47" s="H" t="H" l="H"/>
		<a id="48" s="H" t="H" l="H"/>
		<a id="49" s="H" t="H" l="H"/>
		<a id="50" s="H" t="H" l="H"/>
		<a id="51" s="H" t="H" l="H"/>
		<a id="52" s="H" t="H" l="H"/>
		<a id="53" s="H" t="H" l="H"/>
	</atoms>
	<bonds>
		<b id="1" c="1 2" t="1"/>
		<b id="2" c="2 3" t="1"/>
		<b id="3" c="3 4" t="ar"/>
		<b id="4" c="4 5" t="ar"/>
		<b id="5" c="5 6" t="ar"/>
		<b id="6" c="6 7" t="ar"/>
		<b id="7" c="7 8" t="ar"/>
		<b id="8" c="3 8" t="ar"/>
		<b id="9" c="8 9" t="1"/>
		<b id="10" c="9 10" t="1"/>
		<b id="11" c="10 11" t="1"/>
		<b id="12" c="11 12" t="ar"/>
		<b id="13" c="12 13" t="ar"/>
		<b id="14" c="13 14" t="1"/>
		<b id="15" c="13 15" t="ar"/>
		<b id="16" c="15 16" t="ar"/>
		<b id="17" c="16 17" t="ar"/>
		<b id="18" c="11 17" t="ar"/>
		<b id="19" c="17 18" t="ar"/>
		<b id="20" c="18 19" t="ar"/>
		<b id="21" c="19 20" t="ar"/>
		<b id="22" c="16 20" t="ar"/>
		<b id="23" c="20 21" t="1"/>
		<b id="24" c="21 22" t="1"/>
		<b id="25" c="22 23" t="1"/>
		<b id="26" c="23 24" t="1"/>
		<b id="27" c="24 25" t="1"/>
		<b id="28" c="25 26" t="1"/>
		<b id="29" c="21 26" t="1"/>
		<b id="30" c="2 27" t="1"/>
		<b id="31" c="27 28" t="1"/>
		<b id="32" c="27 29" t="2"/>
		<b id="33" c="27 30" t="2"/>
		<b id="34" c="1 31" t="1"/>
		<b id="35" c="1 32" t="1"/>
		<b id="36" c="1 33" t="1"/>
		<b id="37" c="4 34" t="1"/>
		<b id="38" c="5 35" t="1"/>
		<b id="39" c="6 36" t="1"/>
		<b id="40" c="7 37" t="1"/>
		<b id="41" c="9 38" t="1"/>
		<b id="42" c="9 39" t="1"/>
		<b id="43" c="10 40" t="1"/>
		<b id="44" c="18 41" t="1"/>
		<b id="45" c="21 42" t="1"/>
		<b id="46" c="22 43" t="1"/>
		<b id="47" c="22 44" t="1"/>
		<b id="48" c="23 45" t="1"/>
		<b id="49" c="23 46" t="1"/>
		<b id="50" c="24 47" t="1"/>
		<b id="51" c="24 48" t="1"/>
		<b id="52" c="25 49" t="1"/>
		<b id="53" c="25 50" t="1"/>
		<b id="54" c="28 51" t="1"/>
		<b id="55" c="28 52" t="1"/>
		<b id="56" c="28 53" t="1"/>
	</bonds>
	<geometry>
		<g u="A" t="cart/3d">#53,3:4.4677,-1.6030,3.0551;3.8128,-0.5101,2.3748;4.1441,0.8175,2.7561;4.0169,1.2363,4.0764;4.3332,2.5339,4.4342;4.7791,3.4259,3.4730;4.9174,3.0104,2.1618;4.6103,1.7070,1.7874;4.7461,1.3039,0.3414;3.5916,1.7395,-0.4132;3.5379,2.9217,-1.0310;4.6474,3.6650,-1.1292;4.5927,4.8052,-1.7923;6.0630,5.6773,-1.8305;3.5830,5.3699,-2.4080;2.4655,4.6371,-2.3185;2.3542,3.4053,-1.6363;0.9971,3.0523,-1.7952;0.3631,3.9648,-2.4892;1.2468,4.9310,-2.8129;0.9254,6.0888,-3.6280;-0.2002,6.9189,-2.9964;-1.5536,6.2386,-3.1858;-1.7501,5.9419,-4.6701;-0.5834,5.0863,-5.1546;0.6646,5.7352,-4.9540;2.2362,-0.7907,1.9394;1.2567,-0.7964,3.4663;1.7887,0.3217,1.1484;2.1784,-2.0961,1.3591;5.5427,-1.5347,2.8878;4.0896,-2.5197,2.6080;4.2796,-1.6170,4.1336;3.6743,0.5420,4.8303;4.2287,2.8473,5.4621;5.0244,4.4403,3.7477;5.2719,3.6939,1.4051;4.8176,0.2172,0.2570;5.6218,1.7843,-0.0996;2.7202,1.2797,-0.1685;0.4808,2.1872,-1.4292;1.8581,6.6668,-3.6610;-0.2067,7.8927,-3.4904;0.0206,7.0675,-1.9387;-2.3496,6.8855,-2.8125;-1.5696,5.3024,-2.6259;-1.7745,6.8760,-5.2359;-2.6852,5.4073,-4.8384;-0.6347,4.9120,-6.2314;-0.5917,4.1229,-4.6294;1.3167,0.1903,3.9054;1.6434,-1.5613,4.1261;0.2384,-1.0247,3.1807;</g>
	</geometry>
	<conformers/>
	<properties/>
</molecule>
