<?xml version="1.0" ?>
<!--MOLLI PACKAGE EXPERIMENTAL XML FORMAT-->
<molecule name="el2057">
	<atoms>
		<a id="1" s="C" t="C.3" l="C"/>
		<a id="2" s="C" t="C.2" l="C"/>
		<a id="3" s="O" t="O.2" l="O"/>
		<a id="4" s="N" t="N.am" l="N"/>
		<a id="5" s="C" t="C.ar" l="C"/>
		<a id="6" s="C" t="C.ar" l="C"/>
		<a id="7" s="C" t="C.ar" l="C"/>
		<a id="8" s="C" t="C.ar" l="C"/>
		<a id="9" s="C" t="C.ar" l="C"/>
		<a id="10" s="C" t="C.ar" l="C"/>
		<a id="11" s="N" t="N.pl3" l="N"/>
		<a id="12" s="C" t="C.ar" l="C"/>
		<a id="13" s="N" t="N.ar" l="N"/>
		<a id="14" s="C" t="C.ar" l="C"/>
		<a id="15" s="Cl" t="Cl" l="CL"/>
		<a id="16" s="N" t="N.ar" l="N"/>
		<a id="17" s="C" t="C.ar" l="C"/>
		<a id="18" s="C" t="C.ar" l="C"/>
		<a id="19" s="C" t="C.ar" l="C"/>
		<a id="20" s="N" t="N.ar" l="N"/>
		<a id="21" s="N" t="N.ar" l="N"/>
		<a id="22" s="C" t="C.3" l="C"/>
		<a id="23" s="C" t="C.3" l="C"/>
		<a id="24" s="C" t="C.3" l="C"/>
		<a id="25" s="C" t="C.3" l="C"/>
		<a id="26" s="C" t="C.3" l="C"/>
		<a id="27" s="O" t="O.3" l="O"/>
		<a id="28" s="H" t="H" l="H"/>
		<a id="29" s="H" t="H" l="H"/>
		<a id="30" s="H" t="H" l="H"/>
		<a id="31" s="H" t="H" l="H"/>
		<a id="32" s="H" t="H" l="H"/>
		<a id="33" s="H" t="H" l="H"/>
		<a id="34" s="H" t="H" l="H"/>
		<a id="35" s="H" t="H" l="H"/>
		<a id="36" s="H" t="H" l="H"/>
		<a id="37" s="H" t="H" l="H"/>
		<a id="38" s="H" t="H" l="H"/>
		<a id="39" s="H" t="H" l="H"/>
		<a id="40" s="H" t="H" l="H"/>
		<a id="41" s="H" t="H" l="H"/>
		<a id="42" s="H" t="H" l="H"/>
		<a id="43" s="H" t="H" l="H"/>
		<a id="44" s="H" t="H" l="H"/>
		<a id="45" s="H" t="H" l="H"/>
		<a id="46" s="H" t="H" l="H"/>
	</atoms>
	<bonds>
		<b id="1" c="1 2" t="1"/>
		<b id="2" c="2 3" t="2"/>
		<b id="3" c="2 4" t="am"/>
		<b id="4" c="4 5" t="1"/>
		<b id="5" c="5 6" t="ar"/>
		<b id="6" c="6 7" t="ar"/>
		<b id="7" c="7 8" t="ar"/>
		<b id="8" c="8 9" t="ar"/>
		<b id="9" c="9 10" t="ar"/>
		<b id="10" c="5 10" t="ar"/>
		<b id="11" c="10 11" t="1"/>
		<b id="12" c="11 12" t="1"/>
		<b id="13" c="12 13" t="ar"/>
		<b id="14" c="13 14" t="ar"/>
		<b id="15" c="14 15" t="1"/>
		<b id="16" c="14 16" t="ar"/>
		<b id="17" c="16 17" t="ar"/>
		<b id="18" c="17 18" t="ar"/>
		<b id="19" c="12 18" t="ar"/>
		<b id="20" c="18 19" t="ar"/>
		<b id="21" c="19 20" t="ar"/>
		<b id="22" c="20 21" t="ar"/>
		<b id="23" c="17 21" t="ar"/>
		<b id="24" c="21 22" t="1"/>
		<b id="25" c="22 23" t="1"/>
		<b id="26" c="23 24" t="1"/>
		<b id="27" c="24 25" t="1"/>
		<b id="28" c="25 26" t="1"/>
		<b id="29" c="26 27" t="1"/>
		<b id="30" c="22 27" t="1"/>
		<b id="31" c="1 28" t="1"/>
		<b id="32" c="1 29" t="1"/>
		<b id="33" c="1 30" t="1"/>
		<b id="34" c="4 31" t="1"/>
		<b id="35" c="6 32" t="1"/>
		<b id="36" c="7 33" t="1"/>
		<b id="37" c="8 34" t="1"/>
		<b id="38" c="9 35" t="1"/>
		<b id="39" c="11 36" t="1"/>
		<b id="40" c="19 37" t="1"/>
		<b id="41" c="22 38" t="1"/>
		<b id="42" c="23 39" t="1"/>
		<b id="43" c="23 40" t="1"/>
		<b id="44" c="24 41" t="1"/>
		<b id="45" c="24 42" t="1"/>
		<b id="46" c="25 43" t="1"/>
		<b id="47" c="25 44" t="1"/>
		<b id="48" c="26 45" t="1"/>
		<b id="49" c="26 46" t="1"/>
	</bonds>
	<geometry>
		<g u="A" t="cart/3d">#46,3:7.2544,-2.6145,-3.2570;7.8288,-1.2953,-2.7795;9.0099,-1.0930,-2.6377;6.8549,-0.3620,-2.5506;7.0084,0.9304,-2.0190;8.0936,1.2750,-1.2242;8.1727,2.5373,-0.6645;7.1662,3.4622,-0.8816;6.0903,3.1403,-1.6885;6.0101,1.8851,-2.2741;4.9703,1.5449,-3.1586;3.7013,2.0037,-3.1638;3.2607,2.7678,-2.1692;1.9976,3.1612,-2.1727;1.5462,4.1286,-0.8437;1.0543,2.9080,-3.0478;1.4868,2.1507,-4.0602;2.8019,1.6450,-4.1944;2.7526,0.9047,-5.3962;1.5532,0.9554,-5.9197;0.7779,1.7046,-5.1154;-0.6115,2.0316,-5.3930;-1.4449,0.7632,-5.6170;-1.1883,0.1699,-7.0004;-1.3943,1.2596,-8.0485;-0.4675,2.4271,-7.7244;-0.7227,2.9571,-6.4312;8.0679,-3.3089,-3.4439;6.6874,-2.4747,-4.1752;6.5965,-3.0320,-2.4974;5.8994,-0.6524,-2.7050;8.8689,0.5481,-1.0500;9.0202,2.7912,-0.0469;7.2207,4.4422,-0.4339;5.3063,3.8550,-1.8719;5.2285,0.9667,-3.9466;3.5283,0.3538,-5.8919;-0.9497,2.5641,-4.4948;-2.4963,1.0428,-5.5285;-1.2109,0.0430,-4.8320;-1.8663,-0.6670,-7.1752;-0.1613,-0.1940,-7.0548;-2.4302,1.6045,-8.0277;-1.1708,0.8854,-9.0476;-0.6270,3.2666,-8.4037;0.5775,2.0983,-7.7946;</g>
	</geometry>
	<conformers/>
	<properties/>
</molecule>
