<?xml version="1.0" ?>
<!--MOLLI PACKAGE EXPERIMENTAL XML FORMAT-->
<molecule name="el2058">
	<atoms>
		<a id="1" s="C" t="C.3" l="C"/>
		<a id="2" s="N" t="N.pl3" l="N"/>
		<a id="3" s="C" t="C.ar" l="C"/>
		<a id="4" s="C" t="C.ar" l="C"/>
		<a id="5" s="C" t="C.ar" l="C"/>
		<a id="6" s="C" t="C.ar" l="C"/>
		<a id="7" s="C" t="C.ar" l="C"/>
		<a id="8" s="C" t="C.ar" l="C"/>
		<a id="9" s="N" t="N.pl3" l="N"/>
		<a id="10" s="C" t="C.ar" l="C"/>
		<a id="11" s="N" t="N.ar" l="N"/>
		<a id="12" s="C" t="C.ar" l="C"/>
		<a id="13" s="Cl" t="Cl" l="CL"/>
		<a id="14" s="N" t="N.ar" l="N"/>
		<a id="15" s="C" t="C.ar" l="C"/>
		<a id="16" s="C" t="C.ar" l="C"/>
		<a id="17" s="C" t="C.ar" l="C"/>
		<a id="18" s="N" t="N.ar" l="N"/>
		<a id="19" s="N" t="N.ar" l="N"/>
		<a id="20" s="C" t="C.3" l="C"/>
		<a id="21" s="C" t="C.3" l="C"/>
		<a id="22" s="C" t="C.3" l="C"/>
		<a id="23" s="C" t="C.3" l="C"/>
		<a id="24" s="C" t="C.3" l="C"/>
		<a id="25" s="O" t="O.3" l="O"/>
		<a id="26" s="S" t="S.O2" l="S"/>
		<a id="27" s="C" t="C.3" l="C"/>
		<a id="28" s="O" t="O.2" l="O"/>
		<a id="29" s="O" t="O.2" l="O"/>
		<a id="30" s="H" t="H" l="H"/>
		<a id="31" s="H" t="H" l="H"/>
		<a id="32" s="H" t="H" l="H"/>
		<a id="33" s="H" t="H" l="H"/>
		<a id="34" s="H" t="H" l="H"/>
		<a id="35" s="H" t="H" l="H"/>
		<a id="36" s="H" t="H" l="H"/>
		<a id="37" s="H" t="H" l="H"/>
		<a id="38" s="H" t="H" l="H"/>
		<a id="39" s="H" t="H" l="H"/>
		<a id="40" s="H" t="H" l="H"/>
		<a id="41" s="H" t="H" l="H"/>
		<a id="42" s="H" t="H" l="H"/>
		<a id="43" s="H" t="H" l="H"/>
		<a id="44" s="H" t="H" l="H"/>
		<a id="45" s="H" t="H" l="H"/>
		<a id="46" s="H" t="H" l="H"/>
		<a id="47" s="H" t="H" l="H"/>
		<a id="48" s="H" t="H" l="H"/>
		<a id="49" s="H" t="H" l="H"/>
		<a id="50" s="H" t="H" l="H"/>
	</atoms>
	<bonds>
		<b id="1" c="1 2" t="1"/>
		<b id="2" c="2 3" t="1"/>
		<b id="3" c="3 4" t="ar"/>
		<b id="4" c="4 5" t="ar"/>
		<b id="5" c="5 6" t="ar"/>
		<b id="6" c="6 7" t="ar"/>
		<b id="7" c="7 8" t="ar"/>
		<b id="8" c="3 8" t="ar"/>
		<b id="9" c="8 9" t="1"/>
		<b id="10" c="9 10" t="1"/>
		<b id="11" c="10 11" t="ar"/>
		<b id="12" c="11 12" t="ar"/>
		<b id="13" c="12 13" t="1"/>
		<b id="14" c="12 14" t="ar"/>
		<b id="15" c="14 15" t="ar"/>
		<b id="16" c="15 16" t="ar"/>
		<b id="17" c="10 16" t="ar"/>
		<b id="18" c="16 17" t="ar"/>
		<b id="19" c="17 18" t="ar"/>
		<b id="20" c="18 19" t="ar"/>
		<b id="21" c="15 19" t="ar"/>
		<b id="22" c="19 20" t="1"/>
		<b id="23" c="20 21" t="1"/>
		<b id="24" c="21 22" t="1"/>
		<b id="25" c="22 23" t="1"/>
		<b id="26" c="23 24" t="1"/>
		<b id="27" c="24 25" t="1"/>
		<b id="28" c="20 25" t="1"/>
		<b id="29" c="2 26" t="1"/>
		<b id="30" c="26 27" t="1"/>
		<b id="31" c="26 28" t="2"/>
		<b id="32" c="26 29" t="2"/>
		<b id="33" c="1 30" t="1"/>
		<b id="34" c="1 31" t="1"/>
		<b id="35" c="1 32" t="1"/>
		<b id="36" c="4 33" t="1"/>
		<b id="37" c="5 34" t="1"/>
		<b id="38" c="6 35" t="1"/>
		<b id="39" c="7 36" t="1"/>
		<b id="40" c="9 37" t="1"/>
		<b id="41" c="17 38" t="1"/>
		<b id="42" c="20 39" t="1"/>
		<b id="43" c="21 40" t="1"/>
		<b id="44" c="21 41" t="1"/>
		<b id="45" c="22 42" t="1"/>
		<b id="46" c="22 43" t="1"/>
		<b id="47" c="23 44" t="1"/>
		<b id="48" c="23 45" t="1"/>
		<b id="49" c="24 46" t="1"/>
		<b id="50" c="24 47" t="1"/>
		<b id="51" c="27 48" t="1"/>
		<b id="52" c="27 49" t="1"/>
		<b id="53" c="27 50" t="1"/>
	</bonds>
	<geometry>
		<g u="A" t="cart/3d">#50,3:5.4557,-5.0145,-0.6110;5.4043,-3.5684,-0.5963;4.3234,-2.9453,-1.2799;3.9216,-3.3888,-2.5331;2.8162,-2.8428,-3.1617;2.0938,-1.8456,-2.5298;2.4869,-1.3801,-1.2900;3.6100,-1.9064,-0.6550;4.0688,-1.4307,0.5640;3.4576,-0.6298,1.4592;2.1626,-0.3299,1.3628;1.6109,0.4289,2.2962;-0.0493,0.7475,2.0629;2.1538,0.9721,3.3577;3.4563,0.6840,3.4650;4.1872,-0.1126,2.5532;5.5035,-0.0926,3.0657;5.5577,0.6331,4.1542;4.3210,1.1055,4.4074;3.9824,1.9349,5.5522;4.7593,3.2580,5.5221;6.2145,3.0448,5.9303;6.2438,2.3333,7.2801;5.4678,1.0252,7.1595;4.1220,1.2436,6.7557;6.8891,-2.8162,-0.6415;7.3589,-2.7083,-2.3885;6.7122,-1.4779,-0.1485;7.8222,-3.6542,0.0441;4.5016,-5.4044,-0.2599;6.2473,-5.3075,0.0741;5.6721,-5.4324,-1.5989;4.4695,-4.1826,-3.0184;2.5195,-3.2039,-4.1343;1.2217,-1.4238,-3.0047;1.9258,-0.6109,-0.7874;5.0627,-1.5777,0.7189;6.3849,-0.5608,2.6739;2.9055,2.1196,5.4452;4.2765,3.9386,6.2262;4.6890,3.6868,4.5218;6.7284,4.0057,5.9886;6.7140,2.4246,5.1845;5.7787,2.9631,8.0418;7.2686,2.1185,7.5832;5.3874,0.5176,8.1227;5.9695,0.3655,6.4408;6.5741,-2.1795,-2.9133;7.4926,-3.7126,-2.7672;8.2895,-2.1583,-2.4337;</g>
	</geometry>
	<conformers/>
	<properties/>
</molecule>
