<?xml version="1.0" ?>
<!--MOLLI PACKAGE EXPERIMENTAL XML FORMAT-->
<molecule name="el1826">
	<atoms>
		<a id="1" s="C" t="C.3" l="C"/>
		<a id="2" s="C" t="C.ar" l="C"/>
		<a id="3" s="C" t="C.ar" l="C"/>
		<a id="4" s="N" t="N.ar" l="N"/>
		<a id="5" s="C" t="C.ar" l="C"/>
		<a id="6" s="C" t="C.ar" l="C"/>
		<a id="7" s="C" t="C.ar" l="C"/>
		<a id="8" s="C" t="C.ar" l="C"/>
		<a id="9" s="Cl" t="Cl" l="CL"/>
		<a id="10" s="C" t="C.ar" l="C"/>
		<a id="11" s="C" t="C.ar" l="C"/>
		<a id="12" s="C" t="C.ar" l="C"/>
		<a id="13" s="F" t="F" l="F"/>
		<a id="14" s="C" t="C.ar" l="C"/>
		<a id="15" s="C" t="C.ar" l="C"/>
		<a id="16" s="N" t="N.pl3" l="N"/>
		<a id="17" s="H" t="H" l="H"/>
		<a id="18" s="H" t="H" l="H"/>
		<a id="19" s="H" t="H" l="H"/>
		<a id="20" s="H" t="H" l="H"/>
		<a id="21" s="H" t="H" l="H"/>
		<a id="22" s="H" t="H" l="H"/>
		<a id="23" s="H" t="H" l="H"/>
		<a id="24" s="H" t="H" l="H"/>
		<a id="25" s="H" t="H" l="H"/>
		<a id="26" s="H" t="H" l="H"/>
	</atoms>
	<bonds>
		<b id="1" c="1 2" t="1"/>
		<b id="2" c="2 3" t="ar"/>
		<b id="3" c="3 4" t="ar"/>
		<b id="4" c="4 5" t="ar"/>
		<b id="5" c="5 6" t="1"/>
		<b id="6" c="6 7" t="ar"/>
		<b id="7" c="7 8" t="ar"/>
		<b id="8" c="8 9" t="1"/>
		<b id="9" c="8 10" t="ar"/>
		<b id="10" c="10 11" t="ar"/>
		<b id="11" c="11 12" t="ar"/>
		<b id="12" c="6 12" t="ar"/>
		<b id="13" c="12 13" t="1"/>
		<b id="14" c="5 14" t="ar"/>
		<b id="15" c="14 15" t="ar"/>
		<b id="16" c="2 15" t="ar"/>
		<b id="17" c="15 16" t="1"/>
		<b id="18" c="1 17" t="1"/>
		<b id="19" c="1 18" t="1"/>
		<b id="20" c="1 19" t="1"/>
		<b id="21" c="3 20" t="1"/>
		<b id="22" c="7 21" t="1"/>
		<b id="23" c="10 22" t="1"/>
		<b id="24" c="11 23" t="1"/>
		<b id="25" c="14 24" t="1"/>
		<b id="26" c="16 25" t="1"/>
		<b id="27" c="16 26" t="1"/>
	</bonds>
	<geometry>
		<g u="A" t="cart/3d">#26,3:1.0799,0.1324,0.1044;2.5554,0.0393,-0.1368;3.3394,1.1714,-0.2886;4.6401,1.1673,-0.5055;5.2612,-0.0101,-0.5911;6.7117,0.0624,-0.8333;7.4052,1.1866,-0.3862;8.7667,1.3048,-0.5891;9.5940,2.7065,-0.0107;9.4823,0.3164,-1.2490;8.8081,-0.7962,-1.7155;7.4459,-0.9123,-1.5061;6.8357,-2.0102,-2.0081;4.5856,-1.2123,-0.4391;3.2077,-1.2034,-0.2121;2.5362,-2.3784,-0.0023;0.7715,1.1734,0.1525;0.8132,-0.3517,1.0440;0.5229,-0.3513,-0.6999;2.8867,2.1542,-0.2358;6.8456,1.9599,0.1145;10.5447,0.4192,-1.4007;9.3269,-1.5785,-2.2470;5.1042,-2.1566,-0.4789;3.0046,-3.2253,-0.2782;1.5375,-2.3756,-0.1163;</g>
	</geometry>
	<conformers/>
	<properties/>
</molecule>
