<?xml version="1.0" ?>
<!--MOLLI PACKAGE EXPERIMENTAL XML FORMAT-->
<molecule name="el2060">
	<atoms>
		<a id="1" s="C" t="C.3" l="C"/>
		<a id="2" s="C" t="C.2" l="C"/>
		<a id="3" s="O" t="O.2" l="O"/>
		<a id="4" s="N" t="N.am" l="N"/>
		<a id="5" s="C" t="C.ar" l="C"/>
		<a id="6" s="C" t="C.ar" l="C"/>
		<a id="7" s="C" t="C.ar" l="C"/>
		<a id="8" s="C" t="C.ar" l="C"/>
		<a id="9" s="C" t="C.ar" l="C"/>
		<a id="10" s="N" t="N.pl3" l="N"/>
		<a id="11" s="C" t="C.ar" l="C"/>
		<a id="12" s="N" t="N.ar" l="N"/>
		<a id="13" s="C" t="C.ar" l="C"/>
		<a id="14" s="Cl" t="Cl" l="CL"/>
		<a id="15" s="N" t="N.ar" l="N"/>
		<a id="16" s="C" t="C.ar" l="C"/>
		<a id="17" s="C" t="C.ar" l="C"/>
		<a id="18" s="C" t="C.ar" l="C"/>
		<a id="19" s="N" t="N.ar" l="N"/>
		<a id="20" s="N" t="N.ar" l="N"/>
		<a id="21" s="C" t="C.3" l="C"/>
		<a id="22" s="C" t="C.3" l="C"/>
		<a id="23" s="C" t="C.3" l="C"/>
		<a id="24" s="C" t="C.3" l="C"/>
		<a id="25" s="C" t="C.3" l="C"/>
		<a id="26" s="O" t="O.3" l="O"/>
		<a id="27" s="C" t="C.ar" l="C"/>
		<a id="28" s="H" t="H" l="H"/>
		<a id="29" s="H" t="H" l="H"/>
		<a id="30" s="H" t="H" l="H"/>
		<a id="31" s="H" t="H" l="H"/>
		<a id="32" s="H" t="H" l="H"/>
		<a id="33" s="H" t="H" l="H"/>
		<a id="34" s="H" t="H" l="H"/>
		<a id="35" s="H" t="H" l="H"/>
		<a id="36" s="H" t="H" l="H"/>
		<a id="37" s="H" t="H" l="H"/>
		<a id="38" s="H" t="H" l="H"/>
		<a id="39" s="H" t="H" l="H"/>
		<a id="40" s="H" t="H" l="H"/>
		<a id="41" s="H" t="H" l="H"/>
		<a id="42" s="H" t="H" l="H"/>
		<a id="43" s="H" t="H" l="H"/>
		<a id="44" s="H" t="H" l="H"/>
		<a id="45" s="H" t="H" l="H"/>
		<a id="46" s="H" t="H" l="H"/>
	</atoms>
	<bonds>
		<b id="1" c="1 2" t="1"/>
		<b id="2" c="2 3" t="2"/>
		<b id="3" c="2 4" t="am"/>
		<b id="4" c="4 5" t="1"/>
		<b id="5" c="5 6" t="ar"/>
		<b id="6" c="6 7" t="ar"/>
		<b id="7" c="7 8" t="ar"/>
		<b id="8" c="8 9" t="ar"/>
		<b id="9" c="9 10" t="1"/>
		<b id="10" c="10 11" t="1"/>
		<b id="11" c="11 12" t="ar"/>
		<b id="12" c="12 13" t="ar"/>
		<b id="13" c="13 14" t="1"/>
		<b id="14" c="13 15" t="ar"/>
		<b id="15" c="15 16" t="ar"/>
		<b id="16" c="16 17" t="ar"/>
		<b id="17" c="11 17" t="ar"/>
		<b id="18" c="17 18" t="ar"/>
		<b id="19" c="18 19" t="ar"/>
		<b id="20" c="19 20" t="ar"/>
		<b id="21" c="16 20" t="ar"/>
		<b id="22" c="20 21" t="1"/>
		<b id="23" c="21 22" t="1"/>
		<b id="24" c="22 23" t="1"/>
		<b id="25" c="23 24" t="1"/>
		<b id="26" c="24 25" t="1"/>
		<b id="27" c="25 26" t="1"/>
		<b id="28" c="21 26" t="1"/>
		<b id="29" c="9 27" t="ar"/>
		<b id="30" c="5 27" t="ar"/>
		<b id="31" c="1 28" t="1"/>
		<b id="32" c="1 29" t="1"/>
		<b id="33" c="1 30" t="1"/>
		<b id="34" c="4 31" t="1"/>
		<b id="35" c="6 32" t="1"/>
		<b id="36" c="7 33" t="1"/>
		<b id="37" c="8 34" t="1"/>
		<b id="38" c="10 35" t="1"/>
		<b id="39" c="18 36" t="1"/>
		<b id="40" c="21 37" t="1"/>
		<b id="41" c="22 38" t="1"/>
		<b id="42" c="22 39" t="1"/>
		<b id="43" c="23 40" t="1"/>
		<b id="44" c="23 41" t="1"/>
		<b id="45" c="24 42" t="1"/>
		<b id="46" c="24 43" t="1"/>
		<b id="47" c="25 44" t="1"/>
		<b id="48" c="25 45" t="1"/>
		<b id="49" c="27 46" t="1"/>
	</bonds>
	<geometry>
		<g u="A" t="cart/3d">#46,3:6.5222,1.1534,-4.6812;5.6931,1.4480,-3.4478;4.4870,1.5227,-3.4602;6.4703,1.6118,-2.3354;6.0812,1.8470,-1.0160;4.7567,2.0457,-0.6374;4.4597,2.2589,0.6970;5.4537,2.2732,1.6561;6.7820,2.0777,1.2783;7.7481,2.0752,2.2863;9.0881,1.9515,2.2122;9.7138,1.8966,1.0373;11.0303,1.7750,1.0133;11.7089,1.7159,-0.5519;11.8758,1.6848,2.0091;11.2640,1.7337,3.1982;9.8687,1.8697,3.3903;9.7225,1.8350,4.7942;10.8872,1.6877,5.3753;11.8279,1.6317,4.4161;13.2518,1.4651,4.6701;13.5370,0.0770,5.2606;13.1220,0.0183,6.7277;13.8079,1.1608,7.4716;13.4195,2.4789,6.8084;13.7749,2.5071,5.4307;7.0916,1.8702,-0.0574;5.8630,1.0503,-5.5380;7.0779,0.2279,-4.5451;7.2269,1.9615,-4.8651;7.4695,1.5149,-2.4589;3.9778,2.0276,-1.3797;3.4332,2.4132,0.9925;5.2063,2.4341,2.6958;7.3779,2.1572,3.2240;8.8336,1.9058,5.3902;13.7155,1.5606,3.6796;14.6103,-0.1032,5.1750;13.0119,-0.6740,4.6688;13.4018,-0.9457,7.1556;12.0397,0.1342,6.8067;14.8917,1.0345,7.4245;13.5042,1.1806,8.5182;13.9580,3.3207,7.2477;12.3401,2.6410,6.9157;8.1200,1.7249,-0.3425;</g>
	</geometry>
	<conformers/>
	<properties/>
</molecule>
