<?xml version="1.0" ?>
<!--MOLLI PACKAGE EXPERIMENTAL XML FORMAT-->
<molecule name="el2061">
	<atoms>
		<a id="1" s="C" t="C.3" l="C"/>
		<a id="2" s="N" t="N.pl3" l="N"/>
		<a id="3" s="C" t="C.ar" l="C"/>
		<a id="4" s="C" t="C.ar" l="C"/>
		<a id="5" s="C" t="C.ar" l="C"/>
		<a id="6" s="C" t="C.ar" l="C"/>
		<a id="7" s="C" t="C.ar" l="C"/>
		<a id="8" s="N" t="N.pl3" l="N"/>
		<a id="9" s="C" t="C.ar" l="C"/>
		<a id="10" s="N" t="N.ar" l="N"/>
		<a id="11" s="C" t="C.ar" l="C"/>
		<a id="12" s="Cl" t="Cl" l="CL"/>
		<a id="13" s="N" t="N.ar" l="N"/>
		<a id="14" s="C" t="C.ar" l="C"/>
		<a id="15" s="C" t="C.ar" l="C"/>
		<a id="16" s="C" t="C.ar" l="C"/>
		<a id="17" s="N" t="N.ar" l="N"/>
		<a id="18" s="N" t="N.ar" l="N"/>
		<a id="19" s="C" t="C.3" l="C"/>
		<a id="20" s="C" t="C.3" l="C"/>
		<a id="21" s="C" t="C.3" l="C"/>
		<a id="22" s="C" t="C.3" l="C"/>
		<a id="23" s="C" t="C.3" l="C"/>
		<a id="24" s="O" t="O.3" l="O"/>
		<a id="25" s="C" t="C.ar" l="C"/>
		<a id="26" s="S" t="S.O2" l="S"/>
		<a id="27" s="C" t="C.3" l="C"/>
		<a id="28" s="O" t="O.2" l="O"/>
		<a id="29" s="O" t="O.2" l="O"/>
		<a id="30" s="H" t="H" l="H"/>
		<a id="31" s="H" t="H" l="H"/>
		<a id="32" s="H" t="H" l="H"/>
		<a id="33" s="H" t="H" l="H"/>
		<a id="34" s="H" t="H" l="H"/>
		<a id="35" s="H" t="H" l="H"/>
		<a id="36" s="H" t="H" l="H"/>
		<a id="37" s="H" t="H" l="H"/>
		<a id="38" s="H" t="H" l="H"/>
		<a id="39" s="H" t="H" l="H"/>
		<a id="40" s="H" t="H" l="H"/>
		<a id="41" s="H" t="H" l="H"/>
		<a id="42" s="H" t="H" l="H"/>
		<a id="43" s="H" t="H" l="H"/>
		<a id="44" s="H" t="H" l="H"/>
		<a id="45" s="H" t="H" l="H"/>
		<a id="46" s="H" t="H" l="H"/>
		<a id="47" s="H" t="H" l="H"/>
		<a id="48" s="H" t="H" l="H"/>
		<a id="49" s="H" t="H" l="H"/>
		<a id="50" s="H" t="H" l="H"/>
	</atoms>
	<bonds>
		<b id="1" c="1 2" t="1"/>
		<b id="2" c="2 3" t="1"/>
		<b id="3" c="3 4" t="ar"/>
		<b id="4" c="4 5" t="ar"/>
		<b id="5" c="5 6" t="ar"/>
		<b id="6" c="6 7" t="ar"/>
		<b id="7" c="7 8" t="1"/>
		<b id="8" c="8 9" t="1"/>
		<b id="9" c="9 10" t="ar"/>
		<b id="10" c="10 11" t="ar"/>
		<b id="11" c="11 12" t="1"/>
		<b id="12" c="11 13" t="ar"/>
		<b id="13" c="13 14" t="ar"/>
		<b id="14" c="14 15" t="ar"/>
		<b id="15" c="9 15" t="ar"/>
		<b id="16" c="15 16" t="ar"/>
		<b id="17" c="16 17" t="ar"/>
		<b id="18" c="17 18" t="ar"/>
		<b id="19" c="14 18" t="ar"/>
		<b id="20" c="18 19" t="1"/>
		<b id="21" c="19 20" t="1"/>
		<b id="22" c="20 21" t="1"/>
		<b id="23" c="21 22" t="1"/>
		<b id="24" c="22 23" t="1"/>
		<b id="25" c="23 24" t="1"/>
		<b id="26" c="19 24" t="1"/>
		<b id="27" c="7 25" t="ar"/>
		<b id="28" c="3 25" t="ar"/>
		<b id="29" c="2 26" t="1"/>
		<b id="30" c="26 27" t="1"/>
		<b id="31" c="26 28" t="2"/>
		<b id="32" c="26 29" t="2"/>
		<b id="33" c="1 30" t="1"/>
		<b id="34" c="1 31" t="1"/>
		<b id="35" c="1 32" t="1"/>
		<b id="36" c="4 33" t="1"/>
		<b id="37" c="5 34" t="1"/>
		<b id="38" c="6 35" t="1"/>
		<b id="39" c="8 36" t="1"/>
		<b id="40" c="16 37" t="1"/>
		<b id="41" c="19 38" t="1"/>
		<b id="42" c="20 39" t="1"/>
		<b id="43" c="20 40" t="1"/>
		<b id="44" c="21 41" t="1"/>
		<b id="45" c="21 42" t="1"/>
		<b id="46" c="22 43" t="1"/>
		<b id="47" c="22 44" t="1"/>
		<b id="48" c="23 45" t="1"/>
		<b id="49" c="23 46" t="1"/>
		<b id="50" c="25 47" t="1"/>
		<b id="51" c="27 48" t="1"/>
		<b id="52" c="27 49" t="1"/>
		<b id="53" c="27 50" t="1"/>
	</bonds>
	<geometry>
		<g u="A" t="cart/3d">#50,3:8.5004,2.0663,1.9967;7.6624,0.8882,1.9631;6.8164,0.6848,0.8661;5.7453,-0.2011,0.9766;4.9017,-0.3963,-0.1010;5.0976,0.2795,-1.2914;6.1630,1.1696,-1.4061;6.3410,1.8182,-2.6308;7.3493,2.6042,-3.0604;8.3578,2.9318,-2.2544;9.3314,3.7000,-2.7135;10.5525,4.0507,-1.5736;9.4863,4.2183,-3.9056;8.4890,3.8894,-4.7337;7.3694,3.0955,-4.3877;6.6142,3.0503,-5.5809;7.2072,3.7330,-6.5280;8.3415,4.2497,-6.0230;9.3161,4.9997,-6.7994;8.6578,6.1607,-7.5542;7.8951,5.6632,-8.7802;8.8291,4.8009,-9.6251;9.3616,3.6655,-8.7567;10.0639,4.1561,-7.6236;7.0129,1.3758,-0.3268;8.3927,-0.4627,2.6477;9.5207,-1.0410,1.3477;9.1650,-0.0108,3.7635;7.4178,-1.4817,2.8792;7.8780,2.9537,1.8922;9.2678,2.0720,1.2167;8.9840,2.0744,2.9702;5.5939,-0.7346,1.8982;4.0736,-1.0823,-0.0092;4.4307,0.1201,-2.1266;5.6307,1.6168,-3.3221;5.6830,2.5574,-5.7808;10.0281,5.3755,-6.0531;9.4546,6.8372,-7.8696;7.9968,6.6975,-6.8726;7.5287,6.5144,-9.3566;7.0420,5.0645,-8.4586;9.6664,5.4023,-9.9854;8.3027,4.3846,-10.4845;10.0930,3.0578,-9.2932;8.5282,3.0273,-8.4340;7.8231,2.0712,-0.4432;10.2960,-0.2987,1.2138;8.9403,-1.1807,0.4447;9.9445,-1.9795,1.6793;</g>
	</geometry>
	<conformers/>
	<properties/>
</molecule>
