<?xml version="1.0" ?>
<!--MOLLI PACKAGE EXPERIMENTAL XML FORMAT-->
<molecule name="el2062">
	<atoms>
		<a id="1" s="Cl" t="Cl" l="CL"/>
		<a id="2" s="C" t="C.ar" l="C"/>
		<a id="3" s="N" t="N.ar" l="N"/>
		<a id="4" s="C" t="C.ar" l="C"/>
		<a id="5" s="N" t="N.pl3" l="N"/>
		<a id="6" s="C" t="C.3" l="C"/>
		<a id="7" s="C" t="C.ar" l="C"/>
		<a id="8" s="C" t="C.ar" l="C"/>
		<a id="9" s="C" t="C.ar" l="C"/>
		<a id="10" s="C" t="C.ar" l="C"/>
		<a id="11" s="C" t="C.ar" l="C"/>
		<a id="12" s="C" t="C.ar" l="C"/>
		<a id="13" s="C" t="C.ar" l="C"/>
		<a id="14" s="C" t="C.ar" l="C"/>
		<a id="15" s="N" t="N.ar" l="N"/>
		<a id="16" s="N" t="N.ar" l="N"/>
		<a id="17" s="C" t="C.3" l="C"/>
		<a id="18" s="C" t="C.3" l="C"/>
		<a id="19" s="C" t="C.3" l="C"/>
		<a id="20" s="C" t="C.3" l="C"/>
		<a id="21" s="C" t="C.3" l="C"/>
		<a id="22" s="O" t="O.3" l="O"/>
		<a id="23" s="C" t="C.ar" l="C"/>
		<a id="24" s="N" t="N.ar" l="N"/>
		<a id="25" s="H" t="H" l="H"/>
		<a id="26" s="H" t="H" l="H"/>
		<a id="27" s="H" t="H" l="H"/>
		<a id="28" s="H" t="H" l="H"/>
		<a id="29" s="H" t="H" l="H"/>
		<a id="30" s="H" t="H" l="H"/>
		<a id="31" s="H" t="H" l="H"/>
		<a id="32" s="H" t="H" l="H"/>
		<a id="33" s="H" t="H" l="H"/>
		<a id="34" s="H" t="H" l="H"/>
		<a id="35" s="H" t="H" l="H"/>
		<a id="36" s="H" t="H" l="H"/>
		<a id="37" s="H" t="H" l="H"/>
		<a id="38" s="H" t="H" l="H"/>
		<a id="39" s="H" t="H" l="H"/>
		<a id="40" s="H" t="H" l="H"/>
		<a id="41" s="H" t="H" l="H"/>
		<a id="42" s="H" t="H" l="H"/>
	</atoms>
	<bonds>
		<b id="1" c="1 2" t="1"/>
		<b id="2" c="2 3" t="ar"/>
		<b id="3" c="3 4" t="ar"/>
		<b id="4" c="4 5" t="1"/>
		<b id="5" c="5 6" t="1"/>
		<b id="6" c="6 7" t="1"/>
		<b id="7" c="7 8" t="ar"/>
		<b id="8" c="8 9" t="ar"/>
		<b id="9" c="9 10" t="ar"/>
		<b id="10" c="10 11" t="ar"/>
		<b id="11" c="11 12" t="ar"/>
		<b id="12" c="7 12" t="ar"/>
		<b id="13" c="4 13" t="ar"/>
		<b id="14" c="13 14" t="ar"/>
		<b id="15" c="14 15" t="ar"/>
		<b id="16" c="15 16" t="ar"/>
		<b id="17" c="16 17" t="1"/>
		<b id="18" c="17 18" t="1"/>
		<b id="19" c="18 19" t="1"/>
		<b id="20" c="19 20" t="1"/>
		<b id="21" c="20 21" t="1"/>
		<b id="22" c="21 22" t="1"/>
		<b id="23" c="17 22" t="1"/>
		<b id="24" c="16 23" t="ar"/>
		<b id="25" c="13 23" t="ar"/>
		<b id="26" c="23 24" t="ar"/>
		<b id="27" c="2 24" t="ar"/>
		<b id="28" c="5 25" t="1"/>
		<b id="29" c="6 26" t="1"/>
		<b id="30" c="6 27" t="1"/>
		<b id="31" c="8 28" t="1"/>
		<b id="32" c="9 29" t="1"/>
		<b id="33" c="10 30" t="1"/>
		<b id="34" c="11 31" t="1"/>
		<b id="35" c="12 32" t="1"/>
		<b id="36" c="14 33" t="1"/>
		<b id="37" c="17 34" t="1"/>
		<b id="38" c="18 35" t="1"/>
		<b id="39" c="18 36" t="1"/>
		<b id="40" c="19 37" t="1"/>
		<b id="41" c="19 38" t="1"/>
		<b id="42" c="20 39" t="1"/>
		<b id="43" c="20 40" t="1"/>
		<b id="44" c="21 41" t="1"/>
		<b id="45" c="21 42" t="1"/>
	</bonds>
	<geometry>
		<g u="A" t="cart/3d">#42,3:1.5803,-0.4775,-0.6749;3.2540,-0.2016,-0.4833;3.9885,-1.2956,-0.3928;5.3084,-1.1763,-0.2298;6.0448,-2.2871,-0.0960;5.5138,-3.6209,-0.2654;6.0103,-4.2600,-1.5375;6.6014,-5.5152,-1.5250;7.0549,-6.0883,-2.7009;6.9300,-5.4064,-3.8984;6.3439,-4.1515,-3.9181;5.8846,-3.5826,-2.7447;5.8667,0.1214,-0.1716;7.1130,0.7699,-0.0157;6.9650,2.0691,-0.0402;5.6568,2.3310,-0.2047;5.1560,3.6675,-0.3498;5.8210,4.6055,0.6594;5.3336,6.0328,0.4238;5.5759,6.4088,-1.0359;4.9177,5.3658,-1.9376;5.4077,4.0685,-1.6789;4.9479,1.1891,-0.2977;3.6254,1.0555,-0.4459;7.0470,-2.1835,-0.0615;4.4261,-3.5141,-0.2928;5.7944,-4.2310,0.5992;6.7021,-6.0502,-0.5913;7.5094,-7.0678,-2.6803;7.2870,-5.8519,-4.8149;6.2418,-3.6166,-4.8507;5.4188,-2.6078,-2.7598;8.0876,0.3420,0.1146;4.0658,3.6151,-0.1796;6.8994,4.5410,0.5112;5.5849,4.2711,1.6700;5.8570,6.7212,1.0886;4.2650,6.0945,0.6440;6.6483,6.4236,-1.2360;5.1652,7.3943,-1.2570;5.1396,5.5536,-2.9897;3.8259,5.3841,-1.7930;</g>
	</geometry>
	<conformers/>
	<properties/>
</molecule>
