<?xml version="1.0" ?>
<!--MOLLI PACKAGE EXPERIMENTAL XML FORMAT-->
<molecule name="el2063">
	<atoms>
		<a id="1" s="N" t="N.1" l="N"/>
		<a id="2" s="C" t="C.1" l="C"/>
		<a id="3" s="C" t="C.ar" l="C"/>
		<a id="4" s="C" t="C.ar" l="C"/>
		<a id="5" s="N" t="N.ar" l="N"/>
		<a id="6" s="C" t="C.ar" l="C"/>
		<a id="7" s="N" t="N.pl3" l="N"/>
		<a id="8" s="C" t="C.ar" l="C"/>
		<a id="9" s="C" t="C.ar" l="C"/>
		<a id="10" s="C" t="C.ar" l="C"/>
		<a id="11" s="C" t="C.ar" l="C"/>
		<a id="12" s="N" t="N.pl3" l="N"/>
		<a id="13" s="C" t="C.3" l="C"/>
		<a id="14" s="C" t="C.3" l="C"/>
		<a id="15" s="O" t="O.3" l="O"/>
		<a id="16" s="C" t="C.3" l="C"/>
		<a id="17" s="C" t="C.3" l="C"/>
		<a id="18" s="C" t="C.ar" l="C"/>
		<a id="19" s="C" t="C.ar" l="C"/>
		<a id="20" s="C" t="C.ar" l="C"/>
		<a id="21" s="C" t="C.ar" l="C"/>
		<a id="22" s="Cl" t="Cl" l="CL"/>
		<a id="23" s="H" t="H" l="H"/>
		<a id="24" s="H" t="H" l="H"/>
		<a id="25" s="H" t="H" l="H"/>
		<a id="26" s="H" t="H" l="H"/>
		<a id="27" s="H" t="H" l="H"/>
		<a id="28" s="H" t="H" l="H"/>
		<a id="29" s="H" t="H" l="H"/>
		<a id="30" s="H" t="H" l="H"/>
		<a id="31" s="H" t="H" l="H"/>
		<a id="32" s="H" t="H" l="H"/>
		<a id="33" s="H" t="H" l="H"/>
		<a id="34" s="H" t="H" l="H"/>
		<a id="35" s="H" t="H" l="H"/>
		<a id="36" s="H" t="H" l="H"/>
		<a id="37" s="H" t="H" l="H"/>
	</atoms>
	<bonds>
		<b id="1" c="1 2" t="3"/>
		<b id="2" c="2 3" t="1"/>
		<b id="3" c="3 4" t="ar"/>
		<b id="4" c="4 5" t="ar"/>
		<b id="5" c="5 6" t="ar"/>
		<b id="6" c="6 7" t="1"/>
		<b id="7" c="7 8" t="1"/>
		<b id="8" c="8 9" t="ar"/>
		<b id="9" c="9 10" t="ar"/>
		<b id="10" c="10 11" t="ar"/>
		<b id="11" c="11 12" t="1"/>
		<b id="12" c="12 13" t="1"/>
		<b id="13" c="13 14" t="1"/>
		<b id="14" c="14 15" t="1"/>
		<b id="15" c="15 16" t="1"/>
		<b id="16" c="16 17" t="1"/>
		<b id="17" c="12 17" t="1"/>
		<b id="18" c="11 18" t="ar"/>
		<b id="19" c="18 19" t="ar"/>
		<b id="20" c="8 19" t="ar"/>
		<b id="21" c="6 20" t="ar"/>
		<b id="22" c="20 21" t="ar"/>
		<b id="23" c="3 21" t="ar"/>
		<b id="24" c="21 22" t="1"/>
		<b id="25" c="4 23" t="1"/>
		<b id="26" c="7 24" t="1"/>
		<b id="27" c="9 25" t="1"/>
		<b id="28" c="10 26" t="1"/>
		<b id="29" c="13 27" t="1"/>
		<b id="30" c="13 28" t="1"/>
		<b id="31" c="14 29" t="1"/>
		<b id="32" c="14 30" t="1"/>
		<b id="33" c="16 31" t="1"/>
		<b id="34" c="16 32" t="1"/>
		<b id="35" c="17 33" t="1"/>
		<b id="36" c="17 34" t="1"/>
		<b id="37" c="18 35" t="1"/>
		<b id="38" c="19 36" t="1"/>
		<b id="39" c="20 37" t="1"/>
	</bonds>
	<geometry>
		<g u="A" t="cart/3d">#37,3:1.1035,1.0198,-1.0889;2.2091,0.7226,-1.0127;3.5703,0.3810,-0.9241;4.5643,1.3544,-1.0713;5.8486,1.1036,-1.0081;6.2565,-0.1563,-0.7968;7.5985,-0.3111,-0.7458;8.3443,-1.4959,-0.7098;7.9939,-2.6202,-1.4514;8.7592,-3.7654,-1.3992;9.9241,-3.8332,-0.6225;10.6730,-4.9819,-0.5562;10.7685,-5.9534,-1.6205;10.4758,-7.3522,-1.0679;11.3636,-7.6652,-0.0189;11.2687,-6.7191,1.0192;11.5735,-5.2953,0.5274;10.2874,-2.6800,0.0877;9.5128,-1.5416,0.0461;5.3443,-1.2111,-0.5957;4.0013,-0.9314,-0.6630;2.8376,-2.1817,-0.4125;4.2902,2.3864,-1.2473;8.1134,0.5588,-0.7223;7.1226,-2.5956,-2.0875;8.4353,-4.6221,-1.9688;11.7964,-5.9468,-2.0148;10.0872,-5.7125,-2.4329;10.6271,-8.1142,-1.8337;9.4368,-7.3960,-0.7063;11.9888,-7.0264,1.7788;10.2548,-6.7378,1.4488;12.6179,-5.2473,0.1862;11.4320,-4.6047,1.3566;11.1983,-2.6627,0.6649;9.8205,-0.6663,0.5997;5.6906,-2.2022,-0.3584;</g>
	</geometry>
	<conformers/>
	<properties/>
</molecule>
