<?xml version="1.0" ?>
<!--MOLLI PACKAGE EXPERIMENTAL XML FORMAT-->
<molecule name="el2064">
	<atoms>
		<a id="1" s="N" t="N.1" l="N"/>
		<a id="2" s="C" t="C.1" l="C"/>
		<a id="3" s="C" t="C.ar" l="C"/>
		<a id="4" s="C" t="C.ar" l="C"/>
		<a id="5" s="C" t="C.ar" l="C"/>
		<a id="6" s="C" t="C.ar" l="C"/>
		<a id="7" s="Cl" t="Cl" l="CL"/>
		<a id="8" s="N" t="N.ar" l="N"/>
		<a id="9" s="C" t="C.ar" l="C"/>
		<a id="10" s="N" t="N.ar" l="N"/>
		<a id="11" s="C" t="C.ar" l="C"/>
		<a id="12" s="S" t="S.2" l="S"/>
		<a id="13" s="H" t="H" l="H"/>
		<a id="14" s="H" t="H" l="H"/>
	</atoms>
	<bonds>
		<b id="1" c="1 2" t="3"/>
		<b id="2" c="2 3" t="1"/>
		<b id="3" c="3 4" t="ar"/>
		<b id="4" c="4 5" t="ar"/>
		<b id="5" c="5 6" t="ar"/>
		<b id="6" c="6 7" t="1"/>
		<b id="7" c="6 8" t="ar"/>
		<b id="8" c="8 9" t="ar"/>
		<b id="9" c="9 10" t="ar"/>
		<b id="10" c="10 11" t="ar"/>
		<b id="11" c="5 11" t="ar"/>
		<b id="12" c="11 12" t="ar"/>
		<b id="13" c="3 12" t="ar"/>
		<b id="14" c="4 13" t="1"/>
		<b id="15" c="9 14" t="1"/>
	</bonds>
	<geometry>
		<g u="A" t="cart/3d">#14,3:1.0598,0.1632,-0.0646;2.2050,0.1094,-0.0647;3.6052,0.0581,-0.0651;4.4507,1.1299,-0.0670;5.8053,0.7283,-0.0674;7.0192,1.4329,-0.0693;7.0335,3.1425,-0.0715;8.1766,0.8162,-0.0693;8.1789,-0.5130,-0.0675;7.1257,-1.2974,-0.0657;5.9551,-0.6816,-0.0657;4.4277,-1.4921,-0.0636;4.1248,2.1541,-0.0681;9.1476,-0.9908,-0.0678;</g>
	</geometry>
	<conformers/>
	<properties/>
</molecule>
