<?xml version="1.0" ?>
<!--MOLLI PACKAGE EXPERIMENTAL XML FORMAT-->
<molecule name="el2066">
	<atoms>
		<a id="1" s="Cl" t="Cl" l="CL"/>
		<a id="2" s="C" t="C.ar" l="C"/>
		<a id="3" s="N" t="N.ar" l="N"/>
		<a id="4" s="C" t="C.ar" l="C"/>
		<a id="5" s="N" t="N.ar" l="N"/>
		<a id="6" s="C" t="C.ar" l="C"/>
		<a id="7" s="S" t="S.2" l="S"/>
		<a id="8" s="C" t="C.ar" l="C"/>
		<a id="9" s="C" t="C.ar" l="C"/>
		<a id="10" s="C" t="C.ar" l="C"/>
		<a id="11" s="H" t="H" l="H"/>
		<a id="12" s="H" t="H" l="H"/>
		<a id="13" s="H" t="H" l="H"/>
	</atoms>
	<bonds>
		<b id="1" c="1 2" t="1"/>
		<b id="2" c="2 3" t="ar"/>
		<b id="3" c="3 4" t="ar"/>
		<b id="4" c="4 5" t="ar"/>
		<b id="5" c="5 6" t="ar"/>
		<b id="6" c="6 7" t="ar"/>
		<b id="7" c="7 8" t="ar"/>
		<b id="8" c="8 9" t="ar"/>
		<b id="9" c="9 10" t="ar"/>
		<b id="10" c="2 10" t="ar"/>
		<b id="11" c="6 10" t="ar"/>
		<b id="12" c="4 11" t="1"/>
		<b id="13" c="8 12" t="1"/>
		<b id="14" c="9 13" t="1"/>
	</bonds>
	<geometry>
		<g u="A" t="cart/3d">#13,3:1.0471,0.0160,0.0590;2.7597,-0.0332,0.0536;3.3940,1.1160,0.0502;4.7225,1.0932,0.0460;5.4873,0.0251,0.0449;4.8486,-1.1329,0.0483;5.6140,-2.6848,0.0477;4.0637,-3.4640,0.0536;3.0151,-2.6125,0.0559;3.4373,-1.2568,0.0529;5.2180,2.0530,0.0432;4.0339,-4.5361,0.0550;1.9831,-2.9109,0.0595;</g>
	</geometry>
	<conformers/>
	<properties/>
</molecule>
