<?xml version="1.0" ?>
<!--MOLLI PACKAGE EXPERIMENTAL XML FORMAT-->
<molecule name="el2071">
	<atoms>
		<a id="1" s="C" t="C.3" l="C"/>
		<a id="2" s="C" t="C.ar" l="C"/>
		<a id="3" s="C" t="C.ar" l="C"/>
		<a id="4" s="N" t="N.ar" l="N"/>
		<a id="5" s="C" t="C.ar" l="C"/>
		<a id="6" s="O" t="O.3" l="O"/>
		<a id="7" s="C" t="C.3" l="C"/>
		<a id="8" s="C" t="C.3" l="C"/>
		<a id="9" s="C" t="C.3" l="C"/>
		<a id="10" s="C" t="C.3" l="C"/>
		<a id="11" s="C" t="C.ar" l="C"/>
		<a id="12" s="C" t="C.ar" l="C"/>
		<a id="13" s="C" t="C.ar" l="C"/>
		<a id="14" s="C" t="C.ar" l="C"/>
		<a id="15" s="C" t="C.ar" l="C"/>
		<a id="16" s="N" t="N.ar" l="N"/>
		<a id="17" s="C" t="C.ar" l="C"/>
		<a id="18" s="C" t="C.ar" l="C"/>
		<a id="19" s="Cl" t="Cl" l="CL"/>
		<a id="20" s="H" t="H" l="H"/>
		<a id="21" s="H" t="H" l="H"/>
		<a id="22" s="H" t="H" l="H"/>
		<a id="23" s="H" t="H" l="H"/>
		<a id="24" s="H" t="H" l="H"/>
		<a id="25" s="H" t="H" l="H"/>
		<a id="26" s="H" t="H" l="H"/>
		<a id="27" s="H" t="H" l="H"/>
		<a id="28" s="H" t="H" l="H"/>
		<a id="29" s="H" t="H" l="H"/>
		<a id="30" s="H" t="H" l="H"/>
		<a id="31" s="H" t="H" l="H"/>
		<a id="32" s="H" t="H" l="H"/>
		<a id="33" s="H" t="H" l="H"/>
		<a id="34" s="H" t="H" l="H"/>
	</atoms>
	<bonds>
		<b id="1" c="1 2" t="1"/>
		<b id="2" c="2 3" t="ar"/>
		<b id="3" c="3 4" t="ar"/>
		<b id="4" c="4 5" t="ar"/>
		<b id="5" c="5 6" t="1"/>
		<b id="6" c="6 7" t="1"/>
		<b id="7" c="8 9" t="1"/>
		<b id="8" c="9 10" t="1"/>
		<b id="9" c="8 10" t="1"/>
		<b id="10" c="10 11" t="1"/>
		<b id="11" c="11 12" t="ar"/>
		<b id="12" c="12 13" t="ar"/>
		<b id="13" c="13 14" t="ar"/>
		<b id="14" c="14 15" t="ar"/>
		<b id="15" c="15 16" t="ar"/>
		<b id="16" c="11 16" t="ar"/>
		<b id="17" c="5 17" t="ar"/>
		<b id="18" c="17 18" t="ar"/>
		<b id="19" c="2 18" t="ar"/>
		<b id="20" c="18 19" t="1"/>
		<b id="21" c="8 7" t="1"/>
		<b id="22" c="1 20" t="1"/>
		<b id="23" c="1 21" t="1"/>
		<b id="24" c="1 22" t="1"/>
		<b id="25" c="3 23" t="1"/>
		<b id="26" c="7 24" t="1"/>
		<b id="27" c="7 25" t="1"/>
		<b id="28" c="8 26" t="1"/>
		<b id="29" c="9 27" t="1"/>
		<b id="30" c="9 28" t="1"/>
		<b id="31" c="10 29" t="1"/>
		<b id="32" c="12 30" t="1"/>
		<b id="33" c="13 31" t="1"/>
		<b id="34" c="14 32" t="1"/>
		<b id="35" c="15 33" t="1"/>
		<b id="36" c="17 34" t="1"/>
	</bonds>
	<geometry>
		<g u="A" t="cart/3d">#34,3:11.7859,-2.4670,5.9692;11.0917,-1.9249,4.7630;11.3305,-2.4123,3.4891;10.7423,-1.9701,2.3887;9.8534,-0.9964,2.4968;9.2366,-0.5425,1.4003;9.6131,-1.1570,0.1708;8.7009,-0.6566,-0.9159;9.0044,0.6089,-1.6436;9.1817,-0.7128,-2.3473;8.2284,-1.1140,-3.3983;8.6400,-1.8810,-4.4875;7.7040,-2.2539,-5.4347;6.3881,-1.8438,-5.2746;6.0811,-1.0680,-4.1679;6.9673,-0.7161,-3.2561;9.5219,-0.4104,3.7267;10.1557,-0.8881,4.8517;9.7870,-0.1944,6.3899;12.4424,-3.2882,5.6945;11.0565,-2.8228,6.6959;12.3763,-1.6868,6.4488;12.0428,-3.2122,3.3350;9.5376,-2.2461,0.2792;10.6596,-0.9104,-0.0453;7.6552,-0.8849,-0.7605;9.8924,1.1606,-1.3761;8.1689,1.2145,-1.9560;10.1957,-1.0563,-2.5102;9.6739,-2.1789,-4.5832;7.9949,-2.8579,-6.2831;5.6269,-2.1152,-5.9890;5.0735,-0.7145,-3.9959;8.7955,0.3831,3.7660;</g>
	</geometry>
	<conformers/>
	<properties/>
</molecule>
