<?xml version="1.0" ?>
<!--MOLLI PACKAGE EXPERIMENTAL XML FORMAT-->
<molecule name="el2072">
	<atoms>
		<a id="1" s="C" t="C.3" l="C"/>
		<a id="2" s="O" t="O.3" l="O"/>
		<a id="3" s="C" t="C.ar" l="C"/>
		<a id="4" s="N" t="N.ar" l="N"/>
		<a id="5" s="C" t="C.ar" l="C"/>
		<a id="6" s="N" t="N.ar" l="N"/>
		<a id="7" s="O" t="O.2" l="O"/>
		<a id="8" s="N" t="N.ar" l="N"/>
		<a id="9" s="C" t="C.ar" l="C"/>
		<a id="10" s="C" t="C.ar" l="C"/>
		<a id="11" s="C" t="C.ar" l="C"/>
		<a id="12" s="Cl" t="Cl" l="CL"/>
		<a id="13" s="H" t="H" l="H"/>
		<a id="14" s="H" t="H" l="H"/>
		<a id="15" s="H" t="H" l="H"/>
		<a id="16" s="H" t="H" l="H"/>
	</atoms>
	<bonds>
		<b id="1" c="1 2" t="1"/>
		<b id="2" c="2 3" t="1"/>
		<b id="3" c="3 4" t="ar"/>
		<b id="4" c="4 5" t="ar"/>
		<b id="5" c="5 6" t="ar"/>
		<b id="6" c="6 7" t="ar"/>
		<b id="7" c="7 8" t="ar"/>
		<b id="8" c="8 9" t="ar"/>
		<b id="9" c="5 9" t="ar"/>
		<b id="10" c="9 10" t="ar"/>
		<b id="11" c="10 11" t="ar"/>
		<b id="12" c="3 11" t="ar"/>
		<b id="13" c="11 12" t="1"/>
		<b id="14" c="1 13" t="1"/>
		<b id="15" c="1 14" t="1"/>
		<b id="16" c="1 15" t="1"/>
		<b id="17" c="10 16" t="1"/>
	</bonds>
	<geometry>
		<g u="A" t="cart/3d">#16,3:3.2594,-0.5951,0.8178;2.7419,0.5107,0.0962;3.2485,0.7172,-1.1079;4.1728,-0.0732,-1.5699;4.6326,0.2096,-2.8005;5.5547,-0.4167,-3.4989;5.6516,0.2476,-4.6502;4.8253,1.2909,-4.7362;4.1584,1.3173,-3.6026;3.1520,2.1626,-3.0843;2.7064,1.8514,-1.8380;1.4870,2.7727,-1.0628;2.7276,-0.6068,1.7661;4.3327,-0.4770,0.9765;3.0901,-1.5218,0.2666;2.7709,2.9960,-3.6503;</g>
	</geometry>
	<conformers/>
	<properties/>
</molecule>
