<?xml version="1.0" ?>
<!--MOLLI PACKAGE EXPERIMENTAL XML FORMAT-->
<molecule name="el2073">
	<atoms>
		<a id="1" s="C" t="C.3" l="C"/>
		<a id="2" s="O" t="O.3" l="O"/>
		<a id="3" s="C" t="C.ar" l="C"/>
		<a id="4" s="C" t="C.ar" l="C"/>
		<a id="5" s="C" t="C.ar" l="C"/>
		<a id="6" s="C" t="C.ar" l="C"/>
		<a id="7" s="C" t="C.ar" l="C"/>
		<a id="8" s="N" t="N.ar" l="N"/>
		<a id="9" s="N" t="N.ar" l="N"/>
		<a id="10" s="C" t="C.3" l="C"/>
		<a id="11" s="O" t="O.3" l="O"/>
		<a id="12" s="C" t="C.3" l="C"/>
		<a id="13" s="C" t="C.3" l="C"/>
		<a id="14" s="Si" t="Si" l="SI"/>
		<a id="15" s="C" t="C.3" l="C"/>
		<a id="16" s="C" t="C.3" l="C"/>
		<a id="17" s="C" t="C.3" l="C"/>
		<a id="18" s="C" t="C.ar" l="C"/>
		<a id="19" s="N" t="N.ar" l="N"/>
		<a id="20" s="C" t="C.ar" l="C"/>
		<a id="21" s="Cl" t="Cl" l="CL"/>
		<a id="22" s="N" t="N.ar" l="N"/>
		<a id="23" s="C" t="C.ar" l="C"/>
		<a id="24" s="O" t="O.3" l="O"/>
		<a id="25" s="C" t="C.3" l="C"/>
		<a id="26" s="C" t="C.3" l="C"/>
		<a id="27" s="C" t="C.3" l="C"/>
		<a id="28" s="C" t="C.3" l="C"/>
		<a id="29" s="C" t="C.3" l="C"/>
		<a id="30" s="C" t="C.ar" l="C"/>
		<a id="31" s="C" t="C.ar" l="C"/>
		<a id="32" s="C" t="C.ar" l="C"/>
		<a id="33" s="O" t="O.3" l="O"/>
		<a id="34" s="C" t="C.3" l="C"/>
		<a id="35" s="H" t="H" l="H"/>
		<a id="36" s="H" t="H" l="H"/>
		<a id="37" s="H" t="H" l="H"/>
		<a id="38" s="H" t="H" l="H"/>
		<a id="39" s="H" t="H" l="H"/>
		<a id="40" s="H" t="H" l="H"/>
		<a id="41" s="H" t="H" l="H"/>
		<a id="42" s="H" t="H" l="H"/>
		<a id="43" s="H" t="H" l="H"/>
		<a id="44" s="H" t="H" l="H"/>
		<a id="45" s="H" t="H" l="H"/>
		<a id="46" s="H" t="H" l="H"/>
		<a id="47" s="H" t="H" l="H"/>
		<a id="48" s="H" t="H" l="H"/>
		<a id="49" s="H" t="H" l="H"/>
		<a id="50" s="H" t="H" l="H"/>
		<a id="51" s="H" t="H" l="H"/>
		<a id="52" s="H" t="H" l="H"/>
		<a id="53" s="H" t="H" l="H"/>
		<a id="54" s="H" t="H" l="H"/>
		<a id="55" s="H" t="H" l="H"/>
		<a id="56" s="H" t="H" l="H"/>
		<a id="57" s="H" t="H" l="H"/>
		<a id="58" s="H" t="H" l="H"/>
		<a id="59" s="H" t="H" l="H"/>
		<a id="60" s="H" t="H" l="H"/>
		<a id="61" s="H" t="H" l="H"/>
		<a id="62" s="H" t="H" l="H"/>
		<a id="63" s="H" t="H" l="H"/>
		<a id="64" s="H" t="H" l="H"/>
		<a id="65" s="H" t="H" l="H"/>
		<a id="66" s="H" t="H" l="H"/>
		<a id="67" s="H" t="H" l="H"/>
	</atoms>
	<bonds>
		<b id="1" c="1 2" t="1"/>
		<b id="2" c="2 3" t="1"/>
		<b id="3" c="3 4" t="ar"/>
		<b id="4" c="4 5" t="ar"/>
		<b id="5" c="5 6" t="ar"/>
		<b id="6" c="6 7" t="1"/>
		<b id="7" c="7 8" t="ar"/>
		<b id="8" c="8 9" t="ar"/>
		<b id="9" c="9 10" t="1"/>
		<b id="10" c="10 11" t="1"/>
		<b id="11" c="11 12" t="1"/>
		<b id="12" c="12 13" t="1"/>
		<b id="13" c="13 14" t="1"/>
		<b id="14" c="14 15" t="1"/>
		<b id="15" c="14 16" t="1"/>
		<b id="16" c="14 17" t="1"/>
		<b id="17" c="9 18" t="ar"/>
		<b id="18" c="18 19" t="ar"/>
		<b id="19" c="19 20" t="ar"/>
		<b id="20" c="20 21" t="1"/>
		<b id="21" c="20 22" t="ar"/>
		<b id="22" c="22 23" t="ar"/>
		<b id="23" c="23 24" t="1"/>
		<b id="24" c="24 25" t="1"/>
		<b id="25" c="25 26" t="1"/>
		<b id="26" c="26 27" t="1"/>
		<b id="27" c="27 28" t="1"/>
		<b id="28" c="28 29" t="1"/>
		<b id="29" c="25 29" t="1"/>
		<b id="30" c="23 30" t="ar"/>
		<b id="31" c="7 30" t="ar"/>
		<b id="32" c="18 30" t="ar"/>
		<b id="33" c="6 31" t="ar"/>
		<b id="34" c="31 32" t="ar"/>
		<b id="35" c="3 32" t="ar"/>
		<b id="36" c="32 33" t="1"/>
		<b id="37" c="33 34" t="1"/>
		<b id="38" c="1 35" t="1"/>
		<b id="39" c="1 36" t="1"/>
		<b id="40" c="1 37" t="1"/>
		<b id="41" c="4 38" t="1"/>
		<b id="42" c="5 39" t="1"/>
		<b id="43" c="10 40" t="1"/>
		<b id="44" c="10 41" t="1"/>
		<b id="45" c="12 42" t="1"/>
		<b id="46" c="12 43" t="1"/>
		<b id="47" c="13 44" t="1"/>
		<b id="48" c="13 45" t="1"/>
		<b id="49" c="15 46" t="1"/>
		<b id="50" c="15 47" t="1"/>
		<b id="51" c="15 48" t="1"/>
		<b id="52" c="16 49" t="1"/>
		<b id="53" c="16 50" t="1"/>
		<b id="54" c="16 51" t="1"/>
		<b id="55" c="17 52" t="1"/>
		<b id="56" c="17 53" t="1"/>
		<b id="57" c="17 54" t="1"/>
		<b id="58" c="25 55" t="1"/>
		<b id="59" c="26 56" t="1"/>
		<b id="60" c="26 57" t="1"/>
		<b id="61" c="27 58" t="1"/>
		<b id="62" c="27 59" t="1"/>
		<b id="63" c="28 60" t="1"/>
		<b id="64" c="28 61" t="1"/>
		<b id="65" c="29 62" t="1"/>
		<b id="66" c="29 63" t="1"/>
		<b id="67" c="31 64" t="1"/>
		<b id="68" c="34 65" t="1"/>
		<b id="69" c="34 66" t="1"/>
		<b id="70" c="34 67" t="1"/>
	</bonds>
	<geometry>
		<g u="A" t="cart/3d">#67,3:1.3932,-2.3664,1.2651;1.7695,-1.3977,0.3185;2.5674,-1.7744,-0.7328;3.0693,-3.0649,-0.8784;3.8841,-3.4141,-1.9350;4.2263,-2.4676,-2.8976;5.0809,-2.8533,-4.0068;5.2777,-4.1305,-4.2718;6.0931,-4.2340,-5.3353;6.6030,-5.5120,-5.7699;7.8756,-5.7638,-5.2829;7.9532,-5.9986,-3.8835;9.4141,-5.9099,-3.4830;10.1981,-4.2213,-3.9625;9.1453,-2.8073,-3.2226;11.9207,-4.1730,-3.1333;10.3960,-3.9990,-5.8416;6.4660,-3.0141,-5.7661;7.2878,-2.7468,-6.7836;7.4951,-1.4646,-6.9392;8.5407,-1.0135,-8.2039;7.0050,-0.4616,-6.2282;6.1717,-0.7188,-5.2272;5.6851,0.2805,-4.5199;6.0901,1.6131,-4.8516;7.4751,1.9447,-4.2695;7.1873,2.7607,-3.0090;5.9644,3.5811,-3.4097;5.0998,2.5745,-4.1733;5.8277,-2.0563,-4.9365;3.7146,-1.1837,-2.7692;2.8982,-0.8140,-1.7077;2.5186,0.4967,-1.7441;1.5479,1.0077,-0.8589;0.7411,-1.8477,1.9664;2.2596,-2.7631,1.8046;0.8411,-3.1912,0.8028;2.8270,-3.8177,-0.1454;4.2625,-4.4186,-2.0247;6.6923,-5.4932,-6.8605;5.8740,-6.2693,-5.4417;7.5263,-6.9896,-3.6600;7.3667,-5.2486,-3.3387;9.9550,-6.7173,-3.9749;9.4873,-6.0804,-2.4098;9.0379,-2.9012,-2.1456;8.1473,-2.7906,-3.6496;9.5979,-1.8405,-3.4245;11.8557,-4.2692,-2.0540;12.4261,-3.2367,-3.3469;12.5556,-4.9750,-3.4956;9.4354,-3.8688,-6.3297;10.8735,-4.8635,-6.2934;11.0058,-3.1286,-6.0688;6.0929,1.6991,-5.9419;8.0341,2.5430,-4.9892;8.0390,1.0350,-4.0684;8.0335,3.3820,-2.7128;6.9327,2.0948,-2.1803;6.2655,4.3977,-4.0708;5.4419,4.0043,-2.5531;4.4367,3.0521,-4.8945;4.4918,1.9968,-3.4736;3.9385,-0.4277,-3.5007;1.3871,2.0379,-1.1777;1.8957,0.9981,0.1761;0.6072,0.4574,-0.9283;</g>
	</geometry>
	<conformers/>
	<properties/>
</molecule>
