<?xml version="1.0" ?>
<!--MOLLI PACKAGE EXPERIMENTAL XML FORMAT-->
<molecule name="el2074">
	<atoms>
		<a id="1" s="C" t="C.3" l="C"/>
		<a id="2" s="N" t="N.ar" l="N"/>
		<a id="3" s="C" t="C.ar" l="C"/>
		<a id="4" s="C" t="C.ar" l="C"/>
		<a id="5" s="N" t="N.ar" l="N"/>
		<a id="6" s="C" t="C.ar" l="C"/>
		<a id="7" s="Cl" t="Cl" l="CL"/>
		<a id="8" s="N" t="N.ar" l="N"/>
		<a id="9" s="C" t="C.ar" l="C"/>
		<a id="10" s="C" t="C.ar" l="C"/>
		<a id="11" s="F" t="F" l="F"/>
		<a id="12" s="C" t="C.ar" l="C"/>
		<a id="13" s="C" t="C.ar" l="C"/>
		<a id="14" s="C" t="C.ar" l="C"/>
		<a id="15" s="C" t="C.3" l="C"/>
		<a id="16" s="C" t="C.3" l="C"/>
		<a id="17" s="N" t="N.am" l="N"/>
		<a id="18" s="C" t="C.2" l="C"/>
		<a id="19" s="O" t="O.2" l="O"/>
		<a id="20" s="H" t="H" l="H"/>
		<a id="21" s="H" t="H" l="H"/>
		<a id="22" s="H" t="H" l="H"/>
		<a id="23" s="H" t="H" l="H"/>
		<a id="24" s="H" t="H" l="H"/>
		<a id="25" s="H" t="H" l="H"/>
		<a id="26" s="H" t="H" l="H"/>
		<a id="27" s="H" t="H" l="H"/>
		<a id="28" s="H" t="H" l="H"/>
		<a id="29" s="H" t="H" l="H"/>
	</atoms>
	<bonds>
		<b id="1" c="1 2" t="1"/>
		<b id="2" c="2 3" t="ar"/>
		<b id="3" c="3 4" t="1"/>
		<b id="4" c="4 5" t="ar"/>
		<b id="5" c="5 6" t="ar"/>
		<b id="6" c="6 7" t="1"/>
		<b id="7" c="6 8" t="ar"/>
		<b id="8" c="8 9" t="ar"/>
		<b id="9" c="9 10" t="ar"/>
		<b id="10" c="4 10" t="ar"/>
		<b id="11" c="10 11" t="1"/>
		<b id="12" c="3 12" t="ar"/>
		<b id="13" c="12 13" t="ar"/>
		<b id="14" c="13 14" t="ar"/>
		<b id="15" c="2 14" t="ar"/>
		<b id="16" c="14 15" t="1"/>
		<b id="17" c="15 16" t="1"/>
		<b id="18" c="16 17" t="1"/>
		<b id="19" c="17 18" t="am"/>
		<b id="20" c="13 18" t="1"/>
		<b id="21" c="18 19" t="2"/>
		<b id="22" c="1 20" t="1"/>
		<b id="23" c="1 21" t="1"/>
		<b id="24" c="1 22" t="1"/>
		<b id="25" c="9 23" t="1"/>
		<b id="26" c="12 24" t="1"/>
		<b id="27" c="15 25" t="1"/>
		<b id="28" c="15 26" t="1"/>
		<b id="29" c="16 27" t="1"/>
		<b id="30" c="16 28" t="1"/>
		<b id="31" c="17 29" t="1"/>
	</bonds>
	<geometry>
		<g u="A" t="cart/3d">#29,3:0.9533,-0.1857,0.1091;2.3818,-0.0742,-0.0337;3.1582,1.0726,-0.1089;2.6626,2.4129,0.0021;1.3648,2.6246,0.2697;0.9253,3.8568,0.3806;-0.7383,4.0233,0.7180;1.6170,4.9705,0.2635;2.9076,4.8104,-0.0051;3.4747,3.5613,-0.1466;4.7851,3.4828,-0.4256;4.4831,0.6761,-0.2892;4.4993,-0.7200,-0.3141;3.1857,-1.1435,-0.1526;2.7947,-2.5766,-0.1545;4.0074,-3.3785,0.3344;5.2163,-2.9669,-0.3459;5.6007,-1.6667,-0.5237;6.7245,-1.3756,-0.8759;0.5201,0.8085,0.1688;0.7118,-0.7375,1.0200;0.5362,-0.7203,-0.7463;3.4982,5.7092,-0.1096;5.3450,1.3025,-0.3853;2.5289,-2.8829,-1.1717;1.9383,-2.7701,0.4929;3.8533,-4.4432,0.1479;4.1138,-3.2321,1.4204;5.9598,-3.6457,-0.4196;</g>
	</geometry>
	<conformers/>
	<properties/>
</molecule>
