<?xml version="1.0" ?>
<!--MOLLI PACKAGE EXPERIMENTAL XML FORMAT-->
<molecule name="el2077">
	<atoms>
		<a id="1" s="C" t="C.3" l="C"/>
		<a id="2" s="O" t="O.3" l="O"/>
		<a id="3" s="C" t="C.ar" l="C"/>
		<a id="4" s="C" t="C.ar" l="C"/>
		<a id="5" s="C" t="C.ar" l="C"/>
		<a id="6" s="C" t="C.ar" l="C"/>
		<a id="7" s="N" t="N.ar" l="N"/>
		<a id="8" s="C" t="C.ar" l="C"/>
		<a id="9" s="C" t="C.ar" l="C"/>
		<a id="10" s="C" t="C.ar" l="C"/>
		<a id="11" s="C" t="C.ar" l="C"/>
		<a id="12" s="Cl" t="Cl" l="CL"/>
		<a id="13" s="N" t="N.ar" l="N"/>
		<a id="14" s="C" t="C.ar" l="C"/>
		<a id="15" s="N" t="N.ar" l="N"/>
		<a id="16" s="C" t="C.ar" l="C"/>
		<a id="17" s="C" t="C.ar" l="C"/>
		<a id="18" s="C" t="C.ar" l="C"/>
		<a id="19" s="H" t="H" l="H"/>
		<a id="20" s="H" t="H" l="H"/>
		<a id="21" s="H" t="H" l="H"/>
		<a id="22" s="H" t="H" l="H"/>
		<a id="23" s="H" t="H" l="H"/>
		<a id="24" s="H" t="H" l="H"/>
		<a id="25" s="H" t="H" l="H"/>
		<a id="26" s="H" t="H" l="H"/>
		<a id="27" s="H" t="H" l="H"/>
		<a id="28" s="H" t="H" l="H"/>
	</atoms>
	<bonds>
		<b id="1" c="1 2" t="1"/>
		<b id="2" c="2 3" t="1"/>
		<b id="3" c="3 4" t="ar"/>
		<b id="4" c="4 5" t="ar"/>
		<b id="5" c="5 6" t="ar"/>
		<b id="6" c="6 7" t="1"/>
		<b id="7" c="7 8" t="ar"/>
		<b id="8" c="8 9" t="ar"/>
		<b id="9" c="9 10" t="ar"/>
		<b id="10" c="10 11" t="ar"/>
		<b id="11" c="11 12" t="1"/>
		<b id="12" c="11 13" t="ar"/>
		<b id="13" c="13 14" t="ar"/>
		<b id="14" c="14 15" t="ar"/>
		<b id="15" c="15 16" t="ar"/>
		<b id="16" c="10 16" t="ar"/>
		<b id="17" c="7 16" t="ar"/>
		<b id="18" c="6 17" t="ar"/>
		<b id="19" c="17 18" t="ar"/>
		<b id="20" c="3 18" t="ar"/>
		<b id="21" c="1 19" t="1"/>
		<b id="22" c="1 20" t="1"/>
		<b id="23" c="1 21" t="1"/>
		<b id="24" c="4 22" t="1"/>
		<b id="25" c="5 23" t="1"/>
		<b id="26" c="8 24" t="1"/>
		<b id="27" c="9 25" t="1"/>
		<b id="28" c="14 26" t="1"/>
		<b id="29" c="17 27" t="1"/>
		<b id="30" c="18 28" t="1"/>
	</bonds>
	<geometry>
		<g u="A" t="cart/3d">#28,3:1.4359,0.7621,-0.6947;2.4642,0.0519,-0.0471;3.1211,-0.9173,-0.7358;2.8690,-1.2692,-2.0575;3.6029,-2.2757,-2.6605;4.6023,-2.9397,-1.9620;5.3518,-3.9536,-2.5850;5.6382,-4.0266,-3.9296;6.3579,-5.1442,-4.2180;6.5402,-5.8287,-2.9903;7.1399,-6.9915,-2.5184;7.9582,-8.0654,-3.5800;7.1043,-7.3180,-1.2460;6.4728,-6.5030,-0.4071;5.8624,-5.3759,-0.6979;5.9002,-5.0440,-1.9845;4.8523,-2.5943,-0.6355;4.1186,-1.5982,-0.0330;1.0556,1.4676,0.0423;0.6252,0.0974,-1.0096;1.8128,1.3143,-1.5616;2.0994,-0.7754,-2.6291;3.3753,-2.5499,-3.6793;5.3246,-3.2445,-4.5926;6.7218,-5.4520,-5.1769;6.4664,-6.8054,0.6301;5.6134,-3.1216,-0.0852;4.3004,-1.3210,0.9927;</g>
	</geometry>
	<conformers/>
	<properties/>
</molecule>
