<?xml version="1.0" ?>
<!--MOLLI PACKAGE EXPERIMENTAL XML FORMAT-->
<molecule name="el2078">
	<atoms>
		<a id="1" s="O" t="O.2" l="O"/>
		<a id="2" s="N" t="N.pl3" l="N"/>
		<a id="3" s="O" t="O.co2" l="O"/>
		<a id="4" s="C" t="C.ar" l="C"/>
		<a id="5" s="C" t="C.ar" l="C"/>
		<a id="6" s="C" t="C.ar" l="C"/>
		<a id="7" s="C" t="C.ar" l="C"/>
		<a id="8" s="C" t="C.ar" l="C"/>
		<a id="9" s="N" t="N.ar" l="N"/>
		<a id="10" s="C" t="C.ar" l="C"/>
		<a id="11" s="C" t="C.ar" l="C"/>
		<a id="12" s="C" t="C.ar" l="C"/>
		<a id="13" s="C" t="C.ar" l="C"/>
		<a id="14" s="Cl" t="Cl" l="CL"/>
		<a id="15" s="N" t="N.ar" l="N"/>
		<a id="16" s="C" t="C.ar" l="C"/>
		<a id="17" s="N" t="N.ar" l="N"/>
		<a id="18" s="C" t="C.ar" l="C"/>
		<a id="19" s="C" t="C.ar" l="C"/>
		<a id="20" s="H" t="H" l="H"/>
		<a id="21" s="H" t="H" l="H"/>
		<a id="22" s="H" t="H" l="H"/>
		<a id="23" s="H" t="H" l="H"/>
		<a id="24" s="H" t="H" l="H"/>
		<a id="25" s="H" t="H" l="H"/>
		<a id="26" s="H" t="H" l="H"/>
	</atoms>
	<bonds>
		<b id="1" c="1 2" t="2"/>
		<b id="2" c="2 3" t="1"/>
		<b id="3" c="2 4" t="1"/>
		<b id="4" c="4 5" t="ar"/>
		<b id="5" c="5 6" t="ar"/>
		<b id="6" c="6 7" t="ar"/>
		<b id="7" c="7 8" t="ar"/>
		<b id="8" c="8 9" t="1"/>
		<b id="9" c="9 10" t="ar"/>
		<b id="10" c="10 11" t="ar"/>
		<b id="11" c="11 12" t="ar"/>
		<b id="12" c="12 13" t="ar"/>
		<b id="13" c="13 14" t="1"/>
		<b id="14" c="13 15" t="ar"/>
		<b id="15" c="15 16" t="ar"/>
		<b id="16" c="16 17" t="ar"/>
		<b id="17" c="17 18" t="ar"/>
		<b id="18" c="12 18" t="ar"/>
		<b id="19" c="9 18" t="ar"/>
		<b id="20" c="8 19" t="ar"/>
		<b id="21" c="4 19" t="ar"/>
		<b id="22" c="5 20" t="1"/>
		<b id="23" c="6 21" t="1"/>
		<b id="24" c="7 22" t="1"/>
		<b id="25" c="10 23" t="1"/>
		<b id="26" c="11 24" t="1"/>
		<b id="27" c="16 25" t="1"/>
		<b id="28" c="19 26" t="1"/>
	</bonds>
	<geometry>
		<g u="A" t="cart/3d">#26,3:1.1923,0.1171,0.2226;2.2729,-0.1696,-0.2437;2.7754,-1.2694,-0.2049;3.0205,0.8886,-0.8884;2.5528,2.1939,-0.8080;3.2800,3.1970,-1.4215;4.4496,2.9012,-2.1001;4.9162,1.5878,-2.1686;6.0995,1.2913,-2.8516;7.1647,2.1498,-3.0400;8.1429,1.5582,-3.7724;7.6805,0.2511,-4.0813;8.1121,-0.8745,-4.7792;9.6288,-0.9011,-5.5762;7.3704,-1.9573,-4.8552;6.1889,-1.9580,-4.2499;5.6496,-0.9768,-3.5582;6.3994,0.1152,-3.4774;4.1911,0.5699,-1.5586;1.6378,2.3995,-0.2752;2.9320,4.2171,-1.3788;4.9911,3.6924,-2.5945;7.1593,3.1269,-2.5988;9.0825,1.9823,-4.0615;5.6107,-2.8664,-4.3355;4.5185,-0.4561,-1.6162;</g>
	</geometry>
	<conformers/>
	<properties/>
</molecule>
