<?xml version="1.0" ?>
<!--MOLLI PACKAGE EXPERIMENTAL XML FORMAT-->
<molecule name="el1828">
	<atoms>
		<a id="1" s="Cl" t="Cl" l="CL"/>
		<a id="2" s="C" t="C.ar" l="C"/>
		<a id="3" s="N" t="N.ar" l="N"/>
		<a id="4" s="C" t="C.ar" l="C"/>
		<a id="5" s="N" t="N.pl3" l="N"/>
		<a id="6" s="C" t="C.3" l="C"/>
		<a id="7" s="C" t="C.3" l="C"/>
		<a id="8" s="C" t="C.3" l="C"/>
		<a id="9" s="C" t="C.ar" l="C"/>
		<a id="10" s="O" t="O.2" l="O"/>
		<a id="11" s="C" t="C.ar" l="C"/>
		<a id="12" s="C" t="C.ar" l="C"/>
		<a id="13" s="C" t="C.ar" l="C"/>
		<a id="14" s="N" t="N.ar" l="N"/>
		<a id="15" s="H" t="H" l="H"/>
		<a id="16" s="H" t="H" l="H"/>
		<a id="17" s="H" t="H" l="H"/>
		<a id="18" s="H" t="H" l="H"/>
		<a id="19" s="H" t="H" l="H"/>
		<a id="20" s="H" t="H" l="H"/>
		<a id="21" s="H" t="H" l="H"/>
		<a id="22" s="H" t="H" l="H"/>
	</atoms>
	<bonds>
		<b id="1" c="1 2" t="1"/>
		<b id="2" c="2 3" t="ar"/>
		<b id="3" c="3 4" t="ar"/>
		<b id="4" c="4 5" t="1"/>
		<b id="5" c="5 6" t="1"/>
		<b id="6" c="6 7" t="1"/>
		<b id="7" c="7 8" t="1"/>
		<b id="8" c="6 8" t="1"/>
		<b id="9" c="4 9" t="ar"/>
		<b id="10" c="9 10" t="ar"/>
		<b id="11" c="10 11" t="ar"/>
		<b id="12" c="11 12" t="ar"/>
		<b id="13" c="12 13" t="ar"/>
		<b id="14" c="9 13" t="ar"/>
		<b id="15" c="13 14" t="ar"/>
		<b id="16" c="2 14" t="ar"/>
		<b id="17" c="5 15" t="1"/>
		<b id="18" c="6 16" t="1"/>
		<b id="19" c="7 17" t="1"/>
		<b id="20" c="7 18" t="1"/>
		<b id="21" c="8 19" t="1"/>
		<b id="22" c="8 20" t="1"/>
		<b id="23" c="11 21" t="1"/>
		<b id="24" c="12 22" t="1"/>
	</bonds>
	<geometry>
		<g u="A" t="cart/3d">#22,3:1.3599,0.4120,-0.0441;3.0567,0.2426,0.0212;3.7142,1.3770,0.2083;5.0469,1.3439,0.2753;5.7349,2.4811,0.4584;5.1224,3.7583,0.5982;5.8516,4.9744,0.1143;5.6806,4.7367,1.5881;5.6641,0.0864,0.1400;6.9742,-0.2641,0.1625;7.0004,-1.6024,-0.0191;5.7628,-2.1406,-0.1581;4.8588,-1.0443,-0.0568;3.5190,-0.9726,-0.1186;6.7396,2.4221,0.5220;4.0526,3.6812,0.4657;5.2814,5.7605,-0.3546;6.8364,4.8409,-0.3082;4.9903,5.3578,2.1363;6.5497,4.4440,2.1578;7.9714,-2.0590,-0.0297;5.5096,-3.1678,-0.3119;</g>
	</geometry>
	<conformers/>
	<properties/>
</molecule>
