<?xml version="1.0" ?>
<!--MOLLI PACKAGE EXPERIMENTAL XML FORMAT-->
<molecule name="el2080">
	<atoms>
		<a id="1" s="C" t="C.3" l="C"/>
		<a id="2" s="C" t="C.ar" l="C"/>
		<a id="3" s="C" t="C.ar" l="C"/>
		<a id="4" s="C" t="C.ar" l="C"/>
		<a id="5" s="C" t="C.ar" l="C"/>
		<a id="6" s="N" t="N.ar" l="N"/>
		<a id="7" s="C" t="C.ar" l="C"/>
		<a id="8" s="C" t="C.ar" l="C"/>
		<a id="9" s="C" t="C.ar" l="C"/>
		<a id="10" s="C" t="C.ar" l="C"/>
		<a id="11" s="Cl" t="Cl" l="CL"/>
		<a id="12" s="N" t="N.ar" l="N"/>
		<a id="13" s="C" t="C.ar" l="C"/>
		<a id="14" s="N" t="N.ar" l="N"/>
		<a id="15" s="C" t="C.ar" l="C"/>
		<a id="16" s="C" t="C.ar" l="C"/>
		<a id="17" s="C" t="C.ar" l="C"/>
		<a id="18" s="C" t="C.3" l="C"/>
		<a id="19" s="H" t="H" l="H"/>
		<a id="20" s="H" t="H" l="H"/>
		<a id="21" s="H" t="H" l="H"/>
		<a id="22" s="H" t="H" l="H"/>
		<a id="23" s="H" t="H" l="H"/>
		<a id="24" s="H" t="H" l="H"/>
		<a id="25" s="H" t="H" l="H"/>
		<a id="26" s="H" t="H" l="H"/>
		<a id="27" s="H" t="H" l="H"/>
		<a id="28" s="H" t="H" l="H"/>
		<a id="29" s="H" t="H" l="H"/>
		<a id="30" s="H" t="H" l="H"/>
	</atoms>
	<bonds>
		<b id="1" c="1 2" t="1"/>
		<b id="2" c="2 3" t="ar"/>
		<b id="3" c="3 4" t="ar"/>
		<b id="4" c="4 5" t="ar"/>
		<b id="5" c="5 6" t="1"/>
		<b id="6" c="6 7" t="ar"/>
		<b id="7" c="7 8" t="ar"/>
		<b id="8" c="8 9" t="ar"/>
		<b id="9" c="9 10" t="ar"/>
		<b id="10" c="10 11" t="1"/>
		<b id="11" c="10 12" t="ar"/>
		<b id="12" c="12 13" t="ar"/>
		<b id="13" c="13 14" t="ar"/>
		<b id="14" c="14 15" t="ar"/>
		<b id="15" c="9 15" t="ar"/>
		<b id="16" c="6 15" t="ar"/>
		<b id="17" c="5 16" t="ar"/>
		<b id="18" c="16 17" t="ar"/>
		<b id="19" c="2 17" t="ar"/>
		<b id="20" c="17 18" t="1"/>
		<b id="21" c="1 19" t="1"/>
		<b id="22" c="1 20" t="1"/>
		<b id="23" c="1 21" t="1"/>
		<b id="24" c="3 22" t="1"/>
		<b id="25" c="4 23" t="1"/>
		<b id="26" c="7 24" t="1"/>
		<b id="27" c="8 25" t="1"/>
		<b id="28" c="13 26" t="1"/>
		<b id="29" c="16 27" t="1"/>
		<b id="30" c="18 28" t="1"/>
		<b id="31" c="18 29" t="1"/>
		<b id="32" c="18 30" t="1"/>
	</bonds>
	<geometry>
		<g u="A" t="cart/3d">#30,3:1.7918,1.4728,-0.0070;0.5154,0.6915,-0.0474;-0.7055,1.3446,-0.1445;-1.8992,0.6496,-0.1794;-1.8796,-0.7370,-0.1194;-3.0825,-1.4662,-0.1440;-3.3066,-2.6644,0.4945;-4.5671,-3.1177,0.2577;-5.1837,-2.1590,-0.5849;-6.4029,-1.9519,-1.2212;-7.6896,-3.0801,-1.0701;-6.6217,-0.8898,-1.9635;-5.6389,-0.0048,-2.0971;-4.4399,-0.0575,-1.5616;-4.2201,-1.1302,-0.8085;-0.6630,-1.4042,-0.0361;0.5337,-0.7062,0.0025;1.8311,-1.4493,0.0878;1.5897,2.5406,-0.0187;2.4170,1.2298,-0.8659;2.3600,1.2366,0.8919;-0.7252,2.4235,-0.1900;-2.8391,1.1692,-0.2618;-2.5421,-3.1001,1.1073;-5.0144,-4.0159,0.6318;-5.8571,0.8533,-2.7164;-0.6441,-2.4841,-0.0199;1.6630,-2.5229,0.1060;2.3750,-1.1683,0.9890;2.4640,-1.2122,-0.7665;</g>
	</geometry>
	<conformers/>
	<properties/>
</molecule>
