<?xml version="1.0" ?>
<!--MOLLI PACKAGE EXPERIMENTAL XML FORMAT-->
<molecule name="el2081">
	<atoms>
		<a id="1" s="C" t="C.3" l="C"/>
		<a id="2" s="C" t="C.ar" l="C"/>
		<a id="3" s="C" t="C.ar" l="C"/>
		<a id="4" s="S" t="S.2" l="S"/>
		<a id="5" s="C" t="C.ar" l="C"/>
		<a id="6" s="C" t="C.ar" l="C"/>
		<a id="7" s="Cl" t="Cl" l="CL"/>
		<a id="8" s="C" t="C.ar" l="C"/>
		<a id="9" s="C" t="C.ar" l="C"/>
		<a id="10" s="C" t="C.ar" l="C"/>
		<a id="11" s="C" t="C.ar" l="C"/>
		<a id="12" s="H" t="H" l="H"/>
		<a id="13" s="H" t="H" l="H"/>
		<a id="14" s="H" t="H" l="H"/>
		<a id="15" s="H" t="H" l="H"/>
		<a id="16" s="H" t="H" l="H"/>
		<a id="17" s="H" t="H" l="H"/>
		<a id="18" s="H" t="H" l="H"/>
	</atoms>
	<bonds>
		<b id="1" c="1 2" t="1"/>
		<b id="2" c="2 3" t="ar"/>
		<b id="3" c="3 4" t="ar"/>
		<b id="4" c="4 5" t="ar"/>
		<b id="5" c="5 6" t="ar"/>
		<b id="6" c="6 7" t="1"/>
		<b id="7" c="6 8" t="ar"/>
		<b id="8" c="8 9" t="ar"/>
		<b id="9" c="9 10" t="ar"/>
		<b id="10" c="10 11" t="ar"/>
		<b id="11" c="2 11" t="ar"/>
		<b id="12" c="5 11" t="ar"/>
		<b id="13" c="1 12" t="1"/>
		<b id="14" c="1 13" t="1"/>
		<b id="15" c="1 14" t="1"/>
		<b id="16" c="3 15" t="1"/>
		<b id="17" c="8 16" t="1"/>
		<b id="18" c="9 17" t="1"/>
		<b id="19" c="10 18" t="1"/>
	</bonds>
	<geometry>
		<g u="A" t="cart/3d">#18,3:1.0878,-0.0933,0.0323;2.5741,0.0374,0.0318;3.2482,1.2089,0.0311;4.9727,1.0428,0.0306;4.8144,-0.6852,0.0314;5.8376,-1.6248,0.0315;7.4842,-1.1007,0.0308;5.5217,-2.9683,0.0321;4.1871,-3.3715,0.0327;3.1632,-2.4512,0.0326;3.4646,-1.0881,0.0320;0.6187,0.8868,0.0320;0.7582,-0.6408,0.9146;0.7577,-0.6416,-0.8493;2.8334,2.1985,0.0308;6.3121,-3.7016,0.0321;3.9627,-4.4273,0.0331;2.1331,-2.7721,0.0330;</g>
	</geometry>
	<conformers/>
	<properties/>
</molecule>
