<?xml version="1.0" ?>
<!--MOLLI PACKAGE EXPERIMENTAL XML FORMAT-->
<molecule name="el2082">
	<atoms>
		<a id="1" s="C" t="C.3" l="C"/>
		<a id="2" s="N" t="N.ar" l="N"/>
		<a id="3" s="C" t="C.ar" l="C"/>
		<a id="4" s="C" t="C.ar" l="C"/>
		<a id="5" s="C" t="C.ar" l="C"/>
		<a id="6" s="C" t="C.ar" l="C"/>
		<a id="7" s="C" t="C.ar" l="C"/>
		<a id="8" s="N" t="N.ar" l="N"/>
		<a id="9" s="C" t="C.ar" l="C"/>
		<a id="10" s="Cl" t="Cl" l="CL"/>
		<a id="11" s="N" t="N.ar" l="N"/>
		<a id="12" s="C" t="C.ar" l="C"/>
		<a id="13" s="C" t="C.ar" l="C"/>
		<a id="14" s="C" t="C.ar" l="C"/>
		<a id="15" s="C" t="C.ar" l="C"/>
		<a id="16" s="C" t="C.ar" l="C"/>
		<a id="17" s="C" t="C.ar" l="C"/>
		<a id="18" s="H" t="H" l="H"/>
		<a id="19" s="H" t="H" l="H"/>
		<a id="20" s="H" t="H" l="H"/>
		<a id="21" s="H" t="H" l="H"/>
		<a id="22" s="H" t="H" l="H"/>
		<a id="23" s="H" t="H" l="H"/>
		<a id="24" s="H" t="H" l="H"/>
		<a id="25" s="H" t="H" l="H"/>
		<a id="26" s="H" t="H" l="H"/>
		<a id="27" s="H" t="H" l="H"/>
	</atoms>
	<bonds>
		<b id="1" c="1 2" t="1"/>
		<b id="2" c="2 3" t="ar"/>
		<b id="3" c="3 4" t="ar"/>
		<b id="4" c="4 5" t="1"/>
		<b id="5" c="5 6" t="ar"/>
		<b id="6" c="6 7" t="ar"/>
		<b id="7" c="7 8" t="ar"/>
		<b id="8" c="8 9" t="ar"/>
		<b id="9" c="9 10" t="1"/>
		<b id="10" c="9 11" t="ar"/>
		<b id="11" c="5 11" t="ar"/>
		<b id="12" c="4 12" t="ar"/>
		<b id="13" c="12 13" t="ar"/>
		<b id="14" c="13 14" t="ar"/>
		<b id="15" c="14 15" t="ar"/>
		<b id="16" c="15 16" t="ar"/>
		<b id="17" c="16 17" t="ar"/>
		<b id="18" c="12 17" t="ar"/>
		<b id="19" c="2 17" t="ar"/>
		<b id="20" c="1 18" t="1"/>
		<b id="21" c="1 19" t="1"/>
		<b id="22" c="1 20" t="1"/>
		<b id="23" c="3 21" t="1"/>
		<b id="24" c="6 22" t="1"/>
		<b id="25" c="7 23" t="1"/>
		<b id="26" c="13 24" t="1"/>
		<b id="27" c="14 25" t="1"/>
		<b id="28" c="15 26" t="1"/>
		<b id="29" c="16 27" t="1"/>
	</bonds>
	<geometry>
		<g u="A" t="cart/3d">#27,3:2.3873,1.4982,0.1571;1.5482,0.3363,0.1008;1.9623,-0.9500,0.1386;0.8874,-1.8128,0.0543;0.9246,-3.2492,0.0587;2.1117,-3.9871,0.2166;2.0072,-5.3608,0.1990;0.8465,-5.9896,0.0430;-0.2034,-5.2057,-0.0933;-1.7097,-5.9930,-0.2920;-0.2378,-3.8956,-0.0950;-0.2804,-0.9800,-0.0414;-1.6452,-1.2361,-0.1468;-2.5072,-0.1631,-0.2135;-2.0412,1.1532,-0.1777;-0.6951,1.4337,-0.0743;0.1782,0.3557,-0.0066;3.4292,1.1922,0.2304;2.1353,2.1093,1.0271;2.2587,2.1049,-0.7423;3.0096,-1.1752,0.2173;3.0633,-3.5019,0.3485;2.8694,-6.0050,0.3140;-1.9996,-2.2529,-0.1754;-3.5697,-0.3373,-0.2953;-2.7499,1.9662,-0.2319;-0.3366,2.4518,-0.0466;</g>
	</geometry>
	<conformers/>
	<properties/>
</molecule>
