<?xml version="1.0" ?>
<!--MOLLI PACKAGE EXPERIMENTAL XML FORMAT-->
<molecule name="el2083">
	<atoms>
		<a id="1" s="C" t="C.3" l="C"/>
		<a id="2" s="C" t="C.ar" l="C"/>
		<a id="3" s="C" t="C.ar" l="C"/>
		<a id="4" s="N" t="N.ar" l="N"/>
		<a id="5" s="C" t="C.ar" l="C"/>
		<a id="6" s="Cl" t="Cl" l="CL"/>
		<a id="7" s="N" t="N.ar" l="N"/>
		<a id="8" s="C" t="C.ar" l="C"/>
		<a id="9" s="N" t="N.pl3" l="N"/>
		<a id="10" s="C" t="C.3" l="C"/>
		<a id="11" s="C" t="C.3" l="C"/>
		<a id="12" s="C" t="C.3" l="C"/>
		<a id="13" s="C" t="C.3" l="C"/>
		<a id="14" s="C" t="C.3" l="C"/>
		<a id="15" s="C" t="C.3" l="C"/>
		<a id="16" s="H" t="H" l="H"/>
		<a id="17" s="H" t="H" l="H"/>
		<a id="18" s="H" t="H" l="H"/>
		<a id="19" s="H" t="H" l="H"/>
		<a id="20" s="H" t="H" l="H"/>
		<a id="21" s="H" t="H" l="H"/>
		<a id="22" s="H" t="H" l="H"/>
		<a id="23" s="H" t="H" l="H"/>
		<a id="24" s="H" t="H" l="H"/>
		<a id="25" s="H" t="H" l="H"/>
		<a id="26" s="H" t="H" l="H"/>
		<a id="27" s="H" t="H" l="H"/>
		<a id="28" s="H" t="H" l="H"/>
		<a id="29" s="H" t="H" l="H"/>
	</atoms>
	<bonds>
		<b id="1" c="1 2" t="1"/>
		<b id="2" c="2 3" t="ar"/>
		<b id="3" c="3 4" t="ar"/>
		<b id="4" c="4 5" t="ar"/>
		<b id="5" c="5 6" t="1"/>
		<b id="6" c="5 7" t="ar"/>
		<b id="7" c="7 8" t="ar"/>
		<b id="8" c="2 8" t="ar"/>
		<b id="9" c="8 9" t="1"/>
		<b id="10" c="9 10" t="1"/>
		<b id="11" c="10 11" t="1"/>
		<b id="12" c="11 12" t="1"/>
		<b id="13" c="12 13" t="1"/>
		<b id="14" c="13 14" t="1"/>
		<b id="15" c="12 14" t="1"/>
		<b id="16" c="11 15" t="1"/>
		<b id="17" c="9 15" t="1"/>
		<b id="18" c="1 16" t="1"/>
		<b id="19" c="1 17" t="1"/>
		<b id="20" c="1 18" t="1"/>
		<b id="21" c="3 19" t="1"/>
		<b id="22" c="10 20" t="1"/>
		<b id="23" c="10 21" t="1"/>
		<b id="24" c="11 22" t="1"/>
		<b id="25" c="12 23" t="1"/>
		<b id="26" c="13 24" t="1"/>
		<b id="27" c="13 25" t="1"/>
		<b id="28" c="14 26" t="1"/>
		<b id="29" c="14 27" t="1"/>
		<b id="30" c="15 28" t="1"/>
		<b id="31" c="15 29" t="1"/>
	</bonds>
	<geometry>
		<g u="A" t="cart/3d">#29,3:2.7906,1.0773,-2.7057;3.1779,0.4550,-1.4003;3.7990,-0.7729,-1.3503;4.1352,-1.3976,-0.2200;3.8192,-0.7615,0.8822;4.2173,-1.5375,2.3532;3.2385,0.4100,0.9956;2.9143,1.0493,-0.1382;2.2949,2.2246,0.0467;2.1366,2.8990,1.3228;1.9788,4.2359,0.5717;3.0291,5.2702,0.8677;2.7537,6.3488,1.8726;2.8285,6.6867,0.4157;2.1861,3.4429,-0.7353;2.9298,0.3577,-3.5091;3.4021,1.9513,-2.9242;1.7467,1.3826,-2.6903;4.0474,-1.3092,-2.2571;3.0158,2.8198,1.9648;1.2623,2.5510,1.8748;0.9839,4.6715,0.6612;4.0398,4.8809,0.8305;3.5576,6.6666,2.5177;1.7854,6.3620,2.3487;3.6836,7.2383,0.0573;1.9106,6.9293,-0.0979;3.0961,3.7103,-1.2770;1.3382,3.4458,-1.4234;</g>
	</geometry>
	<conformers/>
	<properties/>
</molecule>
