<?xml version="1.0" ?>
<!--MOLLI PACKAGE EXPERIMENTAL XML FORMAT-->
<molecule name="el2085">
	<atoms>
		<a id="1" s="C" t="C.3" l="C"/>
		<a id="2" s="C" t="C.ar" l="C"/>
		<a id="3" s="C" t="C.ar" l="C"/>
		<a id="4" s="N" t="N.ar" l="N"/>
		<a id="5" s="C" t="C.ar" l="C"/>
		<a id="6" s="Cl" t="Cl" l="CL"/>
		<a id="7" s="N" t="N.ar" l="N"/>
		<a id="8" s="C" t="C.ar" l="C"/>
		<a id="9" s="N" t="N.pl3" l="N"/>
		<a id="10" s="C" t="C.3" l="C"/>
		<a id="11" s="C" t="C.3" l="C"/>
		<a id="12" s="C" t="C.3" l="C"/>
		<a id="13" s="C" t="C.1" l="C"/>
		<a id="14" s="N" t="N.1" l="N"/>
		<a id="15" s="O" t="O.3" l="O"/>
		<a id="16" s="C" t="C.3" l="C"/>
		<a id="17" s="C" t="C.3" l="C"/>
		<a id="18" s="C" t="C.3" l="C"/>
		<a id="19" s="C" t="C.3" l="C"/>
		<a id="20" s="C" t="C.3" l="C"/>
		<a id="21" s="C" t="C.3" l="C"/>
		<a id="22" s="C" t="C.3" l="C"/>
		<a id="23" s="H" t="H" l="H"/>
		<a id="24" s="H" t="H" l="H"/>
		<a id="25" s="H" t="H" l="H"/>
		<a id="26" s="H" t="H" l="H"/>
		<a id="27" s="H" t="H" l="H"/>
		<a id="28" s="H" t="H" l="H"/>
		<a id="29" s="H" t="H" l="H"/>
		<a id="30" s="H" t="H" l="H"/>
		<a id="31" s="H" t="H" l="H"/>
		<a id="32" s="H" t="H" l="H"/>
		<a id="33" s="H" t="H" l="H"/>
		<a id="34" s="H" t="H" l="H"/>
		<a id="35" s="H" t="H" l="H"/>
		<a id="36" s="H" t="H" l="H"/>
		<a id="37" s="H" t="H" l="H"/>
		<a id="38" s="H" t="H" l="H"/>
		<a id="39" s="H" t="H" l="H"/>
		<a id="40" s="H" t="H" l="H"/>
		<a id="41" s="H" t="H" l="H"/>
	</atoms>
	<bonds>
		<b id="1" c="1 2" t="1"/>
		<b id="2" c="2 3" t="ar"/>
		<b id="3" c="3 4" t="ar"/>
		<b id="4" c="4 5" t="ar"/>
		<b id="5" c="5 6" t="1"/>
		<b id="6" c="5 7" t="ar"/>
		<b id="7" c="7 8" t="ar"/>
		<b id="8" c="2 8" t="ar"/>
		<b id="9" c="8 9" t="1"/>
		<b id="10" c="9 10" t="1"/>
		<b id="11" c="10 11" t="1"/>
		<b id="12" c="11 12" t="1"/>
		<b id="13" c="12 13" t="1"/>
		<b id="14" c="13 14" t="3"/>
		<b id="15" c="11 15" t="1"/>
		<b id="16" c="15 16" t="1"/>
		<b id="17" c="16 17" t="1"/>
		<b id="18" c="17 18" t="1"/>
		<b id="19" c="18 19" t="1"/>
		<b id="20" c="19 20" t="1"/>
		<b id="21" c="18 20" t="1"/>
		<b id="22" c="18 21" t="1"/>
		<b id="23" c="16 21" t="1"/>
		<b id="24" c="11 22" t="1"/>
		<b id="25" c="9 22" t="1"/>
		<b id="26" c="1 23" t="1"/>
		<b id="27" c="1 24" t="1"/>
		<b id="28" c="1 25" t="1"/>
		<b id="29" c="3 26" t="1"/>
		<b id="30" c="10 27" t="1"/>
		<b id="31" c="10 28" t="1"/>
		<b id="32" c="12 29" t="1"/>
		<b id="33" c="12 30" t="1"/>
		<b id="34" c="16 31" t="1"/>
		<b id="35" c="17 32" t="1"/>
		<b id="36" c="17 33" t="1"/>
		<b id="37" c="19 34" t="1"/>
		<b id="38" c="19 35" t="1"/>
		<b id="39" c="20 36" t="1"/>
		<b id="40" c="20 37" t="1"/>
		<b id="41" c="21 38" t="1"/>
		<b id="42" c="21 39" t="1"/>
		<b id="43" c="22 40" t="1"/>
		<b id="44" c="22 41" t="1"/>
	</bonds>
	<geometry>
		<g u="A" t="cart/3d">#41,3:3.9128,1.3003,-2.3499;3.6207,0.6034,-1.0591;4.0840,-0.6684,-0.7999;3.8042,-1.3523,0.3101;3.0257,-0.7370,1.1667;2.6277,-1.5914,2.5915;2.5206,0.4722,1.0663;2.8144,1.1668,-0.0393;2.2336,2.3804,-0.1104;1.4741,2.9945,0.9631;1.7194,4.3716,0.3045;0.4658,4.9952,-0.3418;-0.1839,4.0813,-1.2436;-0.6910,3.3559,-1.9667;2.4205,5.3263,1.0493;1.9601,5.5812,2.3623;2.3681,6.9762,2.8701;2.9990,6.3149,4.0862;4.1748,6.7897,4.8727;2.8152,6.7202,5.5101;2.7711,4.9272,3.5052;2.6408,3.6435,-0.6989;4.4440,0.6275,-3.0187;4.5286,2.1846,-2.1932;2.9847,1.6071,-2.8286;4.7101,-1.1909,-1.5113;1.9366,2.8645,1.9430;0.4385,2.6516,1.0000;0.7682,5.8892,-0.8957;-0.2446,5.2923,0.4352;0.8856,5.3891,2.4416;1.5485,7.6653,3.0656;3.0906,7.4469,2.2059;4.5823,7.7629,4.6447;4.9157,6.0639,5.1713;2.3005,7.6465,5.7165;2.6341,5.9478,6.2421;2.2221,4.2296,4.1360;3.6850,4.4559,3.1462;3.6929,3.8922,-0.5396;2.3808,3.7557,-1.7524;</g>
	</geometry>
	<conformers/>
	<properties/>
</molecule>
