<?xml version="1.0" ?>
<!--MOLLI PACKAGE EXPERIMENTAL XML FORMAT-->
<molecule name="el2088">
	<atoms>
		<a id="1" s="C" t="C.3" l="C"/>
		<a id="2" s="C" t="C.ar" l="C"/>
		<a id="3" s="C" t="C.ar" l="C"/>
		<a id="4" s="N" t="N.ar" l="N"/>
		<a id="5" s="C" t="C.ar" l="C"/>
		<a id="6" s="Cl" t="Cl" l="CL"/>
		<a id="7" s="N" t="N.ar" l="N"/>
		<a id="8" s="C" t="C.ar" l="C"/>
		<a id="9" s="N" t="N.pl3" l="N"/>
		<a id="10" s="C" t="C.3" l="C"/>
		<a id="11" s="C" t="C.3" l="C"/>
		<a id="12" s="C" t="C.3" l="C"/>
		<a id="13" s="C" t="C.3" l="C"/>
		<a id="14" s="C" t="C.3" l="C"/>
		<a id="15" s="C" t="C.3" l="C"/>
		<a id="16" s="C" t="C.3" l="C"/>
		<a id="17" s="N" t="N.am" l="N"/>
		<a id="18" s="C" t="C.2" l="C"/>
		<a id="19" s="O" t="O.2" l="O"/>
		<a id="20" s="O" t="O.3" l="O"/>
		<a id="21" s="C" t="C.3" l="C"/>
		<a id="22" s="C" t="C.3" l="C"/>
		<a id="23" s="C" t="C.3" l="C"/>
		<a id="24" s="C" t="C.3" l="C"/>
		<a id="25" s="H" t="H" l="H"/>
		<a id="26" s="H" t="H" l="H"/>
		<a id="27" s="H" t="H" l="H"/>
		<a id="28" s="H" t="H" l="H"/>
		<a id="29" s="H" t="H" l="H"/>
		<a id="30" s="H" t="H" l="H"/>
		<a id="31" s="H" t="H" l="H"/>
		<a id="32" s="H" t="H" l="H"/>
		<a id="33" s="H" t="H" l="H"/>
		<a id="34" s="H" t="H" l="H"/>
		<a id="35" s="H" t="H" l="H"/>
		<a id="36" s="H" t="H" l="H"/>
		<a id="37" s="H" t="H" l="H"/>
		<a id="38" s="H" t="H" l="H"/>
		<a id="39" s="H" t="H" l="H"/>
		<a id="40" s="H" t="H" l="H"/>
		<a id="41" s="H" t="H" l="H"/>
		<a id="42" s="H" t="H" l="H"/>
		<a id="43" s="H" t="H" l="H"/>
		<a id="44" s="H" t="H" l="H"/>
		<a id="45" s="H" t="H" l="H"/>
		<a id="46" s="H" t="H" l="H"/>
		<a id="47" s="H" t="H" l="H"/>
		<a id="48" s="H" t="H" l="H"/>
		<a id="49" s="H" t="H" l="H"/>
	</atoms>
	<bonds>
		<b id="1" c="1 2" t="1"/>
		<b id="2" c="2 3" t="ar"/>
		<b id="3" c="3 4" t="ar"/>
		<b id="4" c="4 5" t="ar"/>
		<b id="5" c="5 6" t="1"/>
		<b id="6" c="5 7" t="ar"/>
		<b id="7" c="7 8" t="ar"/>
		<b id="8" c="2 8" t="ar"/>
		<b id="9" c="8 9" t="1"/>
		<b id="10" c="9 10" t="1"/>
		<b id="11" c="10 11" t="1"/>
		<b id="12" c="11 12" t="1"/>
		<b id="13" c="12 13" t="1"/>
		<b id="14" c="13 14" t="1"/>
		<b id="15" c="14 15" t="1"/>
		<b id="16" c="15 16" t="1"/>
		<b id="17" c="9 16" t="1"/>
		<b id="18" c="15 17" t="1"/>
		<b id="19" c="11 17" t="1"/>
		<b id="20" c="17 18" t="am"/>
		<b id="21" c="18 19" t="2"/>
		<b id="22" c="18 20" t="1"/>
		<b id="23" c="20 21" t="1"/>
		<b id="24" c="21 22" t="1"/>
		<b id="25" c="21 23" t="1"/>
		<b id="26" c="21 24" t="1"/>
		<b id="27" c="1 25" t="1"/>
		<b id="28" c="1 26" t="1"/>
		<b id="29" c="1 27" t="1"/>
		<b id="30" c="3 28" t="1"/>
		<b id="31" c="10 29" t="1"/>
		<b id="32" c="10 30" t="1"/>
		<b id="33" c="11 31" t="1"/>
		<b id="34" c="12 32" t="1"/>
		<b id="35" c="12 33" t="1"/>
		<b id="36" c="13 34" t="1"/>
		<b id="37" c="13 35" t="1"/>
		<b id="38" c="14 36" t="1"/>
		<b id="39" c="14 37" t="1"/>
		<b id="40" c="15 38" t="1"/>
		<b id="41" c="16 39" t="1"/>
		<b id="42" c="16 40" t="1"/>
		<b id="43" c="22 41" t="1"/>
		<b id="44" c="22 42" t="1"/>
		<b id="45" c="22 43" t="1"/>
		<b id="46" c="23 44" t="1"/>
		<b id="47" c="23 45" t="1"/>
		<b id="48" c="23 46" t="1"/>
		<b id="49" c="24 47" t="1"/>
		<b id="50" c="24 48" t="1"/>
		<b id="51" c="24 49" t="1"/>
	</bonds>
	<geometry>
		<g u="A" t="cart/3d">#49,3:2.7819,1.5557,-2.6332;2.9594,0.7868,-1.3577;3.2158,-0.5684,-1.4461;3.3073,-1.3980,-0.4101;3.0986,-0.8334,0.7558;3.1323,-1.8554,2.1259;2.8742,0.4335,0.9957;2.8289,1.2935,-0.0350;2.5781,2.5793,0.3208;2.2875,2.8580,1.7157;1.3172,4.0398,1.8559;-0.0831,3.7581,1.2986;-0.0745,3.5550,-0.2152;0.7017,4.6790,-0.9003;2.0644,4.9209,-0.2456;3.0496,3.7488,-0.3872;1.8679,5.1843,1.1633;2.4904,6.2375,1.7523;3.0690,7.0912,1.1175;2.3448,6.2047,3.0866;2.8934,7.2632,3.9091;2.2507,8.6020,3.5505;2.5181,6.8517,5.3336;4.4126,7.3231,3.7535;2.6128,0.8539,-3.4480;3.6728,2.1332,-2.8826;1.9241,2.2225,-2.5777;3.3427,-1.0392,-2.4123;3.2166,3.1017,2.2486;1.8624,1.9614,2.1640;1.2354,4.2842,2.9175;-0.7159,4.6147,1.5412;-0.4977,2.8789,1.7928;-1.1021,3.5483,-0.5851;0.3658,2.5886,-0.4562;0.1303,5.6064,-0.8234;0.8387,4.4584,-1.9602;2.5287,5.8116,-0.6815;4.0072,4.0697,0.0522;3.2157,3.5339,-1.4358;1.1684,8.5311,3.6342;2.5078,8.8788,2.5319;2.6079,9.3724,4.2279;1.4381,6.7755,5.4277;2.8848,7.5890,6.0411;2.9544,5.8848,5.5702;4.6738,7.6035,2.7369;4.8499,6.3519,3.9760;4.8216,8.0589,4.4398;</g>
	</geometry>
	<conformers/>
	<properties/>
</molecule>
