<?xml version="1.0" ?>
<!--MOLLI PACKAGE EXPERIMENTAL XML FORMAT-->
<molecule name="el1829">
	<atoms>
		<a id="1" s="C" t="C.3" l="C"/>
		<a id="2" s="C" t="C.3" l="C"/>
		<a id="3" s="C" t="C.3" l="C"/>
		<a id="4" s="C" t="C.3" l="C"/>
		<a id="5" s="C" t="C.3" l="C"/>
		<a id="6" s="O" t="O.3" l="O"/>
		<a id="7" s="C" t="C.ar" l="C"/>
		<a id="8" s="N" t="N.ar" l="N"/>
		<a id="9" s="C" t="C.ar" l="C"/>
		<a id="10" s="Cl" t="Cl" l="CL"/>
		<a id="11" s="C" t="C.ar" l="C"/>
		<a id="12" s="C" t="C.ar" l="C"/>
		<a id="13" s="C" t="C.ar" l="C"/>
		<a id="14" s="C" t="C.2" l="C"/>
		<a id="15" s="O" t="O.2" l="O"/>
		<a id="16" s="N" t="N.am" l="N"/>
		<a id="17" s="C" t="C.3" l="C"/>
		<a id="18" s="C" t="C.3" l="C"/>
		<a id="19" s="C" t="C.3" l="C"/>
		<a id="20" s="C" t="C.3" l="C"/>
		<a id="21" s="C" t="C.3" l="C"/>
		<a id="22" s="C" t="C.3" l="C"/>
		<a id="23" s="C" t="C.3" l="C"/>
		<a id="24" s="C" t="C.3" l="C"/>
		<a id="25" s="O" t="O.3" l="O"/>
		<a id="26" s="C" t="C.3" l="C"/>
		<a id="27" s="C" t="C.3" l="C"/>
		<a id="28" s="H" t="H" l="H"/>
		<a id="29" s="H" t="H" l="H"/>
		<a id="30" s="H" t="H" l="H"/>
		<a id="31" s="H" t="H" l="H"/>
		<a id="32" s="H" t="H" l="H"/>
		<a id="33" s="H" t="H" l="H"/>
		<a id="34" s="H" t="H" l="H"/>
		<a id="35" s="H" t="H" l="H"/>
		<a id="36" s="H" t="H" l="H"/>
		<a id="37" s="H" t="H" l="H"/>
		<a id="38" s="H" t="H" l="H"/>
		<a id="39" s="H" t="H" l="H"/>
		<a id="40" s="H" t="H" l="H"/>
		<a id="41" s="H" t="H" l="H"/>
		<a id="42" s="H" t="H" l="H"/>
		<a id="43" s="H" t="H" l="H"/>
		<a id="44" s="H" t="H" l="H"/>
		<a id="45" s="H" t="H" l="H"/>
		<a id="46" s="H" t="H" l="H"/>
		<a id="47" s="H" t="H" l="H"/>
		<a id="48" s="H" t="H" l="H"/>
		<a id="49" s="H" t="H" l="H"/>
		<a id="50" s="H" t="H" l="H"/>
		<a id="51" s="H" t="H" l="H"/>
		<a id="52" s="H" t="H" l="H"/>
		<a id="53" s="H" t="H" l="H"/>
		<a id="54" s="H" t="H" l="H"/>
		<a id="55" s="H" t="H" l="H"/>
		<a id="56" s="H" t="H" l="H"/>
	</atoms>
	<bonds>
		<b id="1" c="1 2" t="1"/>
		<b id="2" c="2 3" t="1"/>
		<b id="3" c="2 4" t="1"/>
		<b id="4" c="4 5" t="1"/>
		<b id="5" c="5 6" t="1"/>
		<b id="6" c="6 7" t="1"/>
		<b id="7" c="7 8" t="ar"/>
		<b id="8" c="8 9" t="ar"/>
		<b id="9" c="9 10" t="1"/>
		<b id="10" c="9 11" t="ar"/>
		<b id="11" c="11 12" t="ar"/>
		<b id="12" c="12 13" t="ar"/>
		<b id="13" c="7 13" t="ar"/>
		<b id="14" c="13 14" t="1"/>
		<b id="15" c="14 15" t="2"/>
		<b id="16" c="14 16" t="am"/>
		<b id="17" c="16 17" t="1"/>
		<b id="18" c="17 18" t="1"/>
		<b id="19" c="18 19" t="1"/>
		<b id="20" c="19 20" t="1"/>
		<b id="21" c="20 21" t="1"/>
		<b id="22" c="21 22" t="1"/>
		<b id="23" c="17 22" t="1"/>
		<b id="24" c="22 23" t="1"/>
		<b id="25" c="23 24" t="1"/>
		<b id="26" c="24 25" t="1"/>
		<b id="27" c="24 26" t="1"/>
		<b id="28" c="20 26" t="1"/>
		<b id="29" c="24 27" t="1"/>
		<b id="30" c="18 27" t="1"/>
		<b id="31" c="1 28" t="1"/>
		<b id="32" c="1 29" t="1"/>
		<b id="33" c="1 30" t="1"/>
		<b id="34" c="2 31" t="1"/>
		<b id="35" c="3 32" t="1"/>
		<b id="36" c="3 33" t="1"/>
		<b id="37" c="3 34" t="1"/>
		<b id="38" c="4 35" t="1"/>
		<b id="39" c="4 36" t="1"/>
		<b id="40" c="5 37" t="1"/>
		<b id="41" c="5 38" t="1"/>
		<b id="42" c="11 39" t="1"/>
		<b id="43" c="12 40" t="1"/>
		<b id="44" c="16 41" t="1"/>
		<b id="45" c="17 42" t="1"/>
		<b id="46" c="18 43" t="1"/>
		<b id="47" c="19 44" t="1"/>
		<b id="48" c="19 45" t="1"/>
		<b id="49" c="20 46" t="1"/>
		<b id="50" c="21 47" t="1"/>
		<b id="51" c="21 48" t="1"/>
		<b id="52" c="22 49" t="1"/>
		<b id="53" c="23 50" t="1"/>
		<b id="54" c="23 51" t="1"/>
		<b id="55" c="25 52" t="1"/>
		<b id="56" c="26 53" t="1"/>
		<b id="57" c="26 54" t="1"/>
		<b id="58" c="27 55" t="1"/>
		<b id="59" c="27 56" t="1"/>
	</bonds>
	<geometry>
		<g u="A" t="cart/3d">#56,3:12.0200,0.5910,-1.5085;11.2686,-0.1845,-0.4272;9.8866,0.4302,-0.2154;11.1883,-1.6636,-0.8249;10.7573,-2.6037,0.2985;9.3973,-2.4330,0.6954;8.4423,-2.8714,-0.1392;8.8228,-3.5941,-1.1810;7.9180,-4.0583,-2.0175;8.5308,-4.9869,-3.3264;6.5593,-3.8281,-1.8892;6.1628,-3.0613,-0.8072;7.0884,-2.5653,0.1050;6.5496,-1.7144,1.2141;5.4097,-1.2868,1.1769;7.3930,-1.4683,2.2330;7.0208,-0.6349,3.3562;8.2527,0.0143,3.9916;7.7842,0.9887,5.0733;7.0037,0.2255,6.1439;5.7878,-0.4498,5.5100;6.2559,-1.4239,4.4306;7.1625,-2.4862,5.0488;8.3768,-1.8150,5.7010;9.2063,-2.7675,6.3449;7.9013,-0.8362,6.7756;9.1562,-1.0432,4.6277;12.0944,1.6423,-1.2412;11.4968,0.5158,-2.4592;13.0262,0.1990,-1.6382;11.8333,-0.1074,0.5097;9.2807,0.3199,-1.1129;9.9780,1.4917,0.0051;9.3643,-0.0446,0.6102;12.1750,-1.9960,-1.1530;10.5015,-1.7829,-1.6641;11.3307,-2.4053,1.2078;10.9053,-3.6414,-0.0148;5.8559,-4.2212,-2.6029;5.1229,-2.8188,-0.6448;8.3219,-1.8547,2.2090;6.3513,0.1377,2.9577;8.8124,0.5575,3.2216;7.1507,1.7589,4.6291;8.6479,1.4818,5.5239;6.6720,0.9243,6.9188;5.1292,0.3007,5.0691;5.2217,-0.9878,6.2726;5.3926,-1.9029,3.9592;7.4945,-3.1913,4.2806;6.6155,-3.0511,5.8066;9.4574,-3.4437,5.7058;8.7728,-0.3793,7.2465;7.3613,-1.3909,7.5440;9.5366,-1.7421,3.8763;10.0202,-0.5622,5.0913;</g>
	</geometry>
	<conformers/>
	<properties/>
</molecule>
