<?xml version="1.0" ?>
<!--MOLLI PACKAGE EXPERIMENTAL XML FORMAT-->
<molecule name="el2091">
	<atoms>
		<a id="1" s="C" t="C.3" l="C"/>
		<a id="2" s="C" t="C.ar" l="C"/>
		<a id="3" s="C" t="C.ar" l="C"/>
		<a id="4" s="N" t="N.ar" l="N"/>
		<a id="5" s="C" t="C.ar" l="C"/>
		<a id="6" s="Cl" t="Cl" l="CL"/>
		<a id="7" s="N" t="N.ar" l="N"/>
		<a id="8" s="C" t="C.ar" l="C"/>
		<a id="9" s="N" t="N.pl3" l="N"/>
		<a id="10" s="C" t="C.3" l="C"/>
		<a id="11" s="C" t="C.3" l="C"/>
		<a id="12" s="N" t="N.am" l="N"/>
		<a id="13" s="C" t="C.2" l="C"/>
		<a id="14" s="O" t="O.2" l="O"/>
		<a id="15" s="O" t="O.3" l="O"/>
		<a id="16" s="C" t="C.3" l="C"/>
		<a id="17" s="C" t="C.3" l="C"/>
		<a id="18" s="C" t="C.3" l="C"/>
		<a id="19" s="C" t="C.3" l="C"/>
		<a id="20" s="C" t="C.3" l="C"/>
		<a id="21" s="C" t="C.3" l="C"/>
		<a id="22" s="H" t="H" l="H"/>
		<a id="23" s="H" t="H" l="H"/>
		<a id="24" s="H" t="H" l="H"/>
		<a id="25" s="H" t="H" l="H"/>
		<a id="26" s="H" t="H" l="H"/>
		<a id="27" s="H" t="H" l="H"/>
		<a id="28" s="H" t="H" l="H"/>
		<a id="29" s="H" t="H" l="H"/>
		<a id="30" s="H" t="H" l="H"/>
		<a id="31" s="H" t="H" l="H"/>
		<a id="32" s="H" t="H" l="H"/>
		<a id="33" s="H" t="H" l="H"/>
		<a id="34" s="H" t="H" l="H"/>
		<a id="35" s="H" t="H" l="H"/>
		<a id="36" s="H" t="H" l="H"/>
		<a id="37" s="H" t="H" l="H"/>
		<a id="38" s="H" t="H" l="H"/>
		<a id="39" s="H" t="H" l="H"/>
		<a id="40" s="H" t="H" l="H"/>
		<a id="41" s="H" t="H" l="H"/>
		<a id="42" s="H" t="H" l="H"/>
	</atoms>
	<bonds>
		<b id="1" c="1 2" t="1"/>
		<b id="2" c="2 3" t="ar"/>
		<b id="3" c="3 4" t="ar"/>
		<b id="4" c="4 5" t="ar"/>
		<b id="5" c="5 6" t="1"/>
		<b id="6" c="5 7" t="ar"/>
		<b id="7" c="7 8" t="ar"/>
		<b id="8" c="2 8" t="ar"/>
		<b id="9" c="8 9" t="1"/>
		<b id="10" c="9 10" t="1"/>
		<b id="11" c="10 11" t="1"/>
		<b id="12" c="11 12" t="1"/>
		<b id="13" c="12 13" t="am"/>
		<b id="14" c="13 14" t="2"/>
		<b id="15" c="13 15" t="1"/>
		<b id="16" c="15 16" t="1"/>
		<b id="17" c="16 17" t="1"/>
		<b id="18" c="16 18" t="1"/>
		<b id="19" c="16 19" t="1"/>
		<b id="20" c="12 20" t="1"/>
		<b id="21" c="20 21" t="1"/>
		<b id="22" c="9 21" t="1"/>
		<b id="23" c="1 22" t="1"/>
		<b id="24" c="1 23" t="1"/>
		<b id="25" c="1 24" t="1"/>
		<b id="26" c="3 25" t="1"/>
		<b id="27" c="10 26" t="1"/>
		<b id="28" c="10 27" t="1"/>
		<b id="29" c="11 28" t="1"/>
		<b id="30" c="11 29" t="1"/>
		<b id="31" c="17 30" t="1"/>
		<b id="32" c="17 31" t="1"/>
		<b id="33" c="17 32" t="1"/>
		<b id="34" c="18 33" t="1"/>
		<b id="35" c="18 34" t="1"/>
		<b id="36" c="18 35" t="1"/>
		<b id="37" c="19 36" t="1"/>
		<b id="38" c="19 37" t="1"/>
		<b id="39" c="19 38" t="1"/>
		<b id="40" c="20 39" t="1"/>
		<b id="41" c="20 40" t="1"/>
		<b id="42" c="21 41" t="1"/>
		<b id="43" c="21 42" t="1"/>
	</bonds>
	<geometry>
		<g u="A" t="cart/3d">#42,3:3.7389,0.8432,-2.5338;3.6621,0.6553,-1.0471;4.1606,-0.5177,-0.5128;4.0809,-0.8693,0.7684;3.4382,-0.0121,1.5261;3.2332,-0.4381,3.1688;2.9354,1.1424,1.1697;3.0572,1.5383,-0.1093;2.5359,2.7601,-0.3612;1.6950,3.4142,0.6221;0.3588,3.7838,-0.0352;0.5890,4.6018,-1.2044;0.3642,5.9443,-1.2620;0.7350,6.6266,-2.1903;-0.3328,6.3674,-0.1975;-0.7378,7.7550,-0.0918;-1.6428,8.1377,-1.2618;-1.5140,7.8106,1.2250;0.4920,8.6600,-0.0274;1.4768,3.9951,-2.1694;2.7997,3.6271,-1.4847;3.9349,-0.1202,-3.0009;4.5533,1.5112,-2.8161;2.8036,1.2288,-2.9343;4.6469,-1.2452,-1.1496;2.1906,4.3232,0.9826;1.5409,2.7352,1.4587;-0.2723,4.3266,0.6655;-0.1549,2.8686,-0.3502;-2.4904,7.4578,-1.3164;-1.0904,8.0871,-2.1958;-2.0105,9.1503,-1.1222;-2.3639,7.1344,1.1856;-1.8723,8.8203,1.4008;-0.8730,7.5128,2.0508;1.0466,8.6042,-0.9601;1.1412,8.3516,0.7897;0.1817,9.6876,0.1384;1.6440,4.7132,-2.9734;0.9985,3.0955,-2.5719;3.2574,4.5511,-1.1051;3.4875,3.1753,-2.1889;</g>
	</geometry>
	<conformers/>
	<properties/>
</molecule>
