<?xml version="1.0" ?>
<!--MOLLI PACKAGE EXPERIMENTAL XML FORMAT-->
<molecule name="el2093">
	<atoms>
		<a id="1" s="C" t="C.3" l="C"/>
		<a id="2" s="C" t="C.ar" l="C"/>
		<a id="3" s="C" t="C.ar" l="C"/>
		<a id="4" s="N" t="N.ar" l="N"/>
		<a id="5" s="C" t="C.ar" l="C"/>
		<a id="6" s="Cl" t="Cl" l="CL"/>
		<a id="7" s="N" t="N.ar" l="N"/>
		<a id="8" s="C" t="C.ar" l="C"/>
		<a id="9" s="N" t="N.pl3" l="N"/>
		<a id="10" s="C" t="C.3" l="C"/>
		<a id="11" s="C" t="C.3" l="C"/>
		<a id="12" s="N" t="N.am" l="N"/>
		<a id="13" s="C" t="C.2" l="C"/>
		<a id="14" s="O" t="O.2" l="O"/>
		<a id="15" s="O" t="O.3" l="O"/>
		<a id="16" s="C" t="C.3" l="C"/>
		<a id="17" s="C" t="C.3" l="C"/>
		<a id="18" s="C" t="C.3" l="C"/>
		<a id="19" s="C" t="C.3" l="C"/>
		<a id="20" s="C" t="C.3" l="C"/>
		<a id="21" s="C" t="C.3" l="C"/>
		<a id="22" s="C" t="C.3" l="C"/>
		<a id="23" s="H" t="H" l="H"/>
		<a id="24" s="H" t="H" l="H"/>
		<a id="25" s="H" t="H" l="H"/>
		<a id="26" s="H" t="H" l="H"/>
		<a id="27" s="H" t="H" l="H"/>
		<a id="28" s="H" t="H" l="H"/>
		<a id="29" s="H" t="H" l="H"/>
		<a id="30" s="H" t="H" l="H"/>
		<a id="31" s="H" t="H" l="H"/>
		<a id="32" s="H" t="H" l="H"/>
		<a id="33" s="H" t="H" l="H"/>
		<a id="34" s="H" t="H" l="H"/>
		<a id="35" s="H" t="H" l="H"/>
		<a id="36" s="H" t="H" l="H"/>
		<a id="37" s="H" t="H" l="H"/>
		<a id="38" s="H" t="H" l="H"/>
		<a id="39" s="H" t="H" l="H"/>
		<a id="40" s="H" t="H" l="H"/>
		<a id="41" s="H" t="H" l="H"/>
		<a id="42" s="H" t="H" l="H"/>
		<a id="43" s="H" t="H" l="H"/>
		<a id="44" s="H" t="H" l="H"/>
		<a id="45" s="H" t="H" l="H"/>
	</atoms>
	<bonds>
		<b id="1" c="1 2" t="1"/>
		<b id="2" c="2 3" t="ar"/>
		<b id="3" c="3 4" t="ar"/>
		<b id="4" c="4 5" t="ar"/>
		<b id="5" c="5 6" t="1"/>
		<b id="6" c="5 7" t="ar"/>
		<b id="7" c="7 8" t="ar"/>
		<b id="8" c="2 8" t="ar"/>
		<b id="9" c="8 9" t="1"/>
		<b id="10" c="9 10" t="1"/>
		<b id="11" c="10 11" t="1"/>
		<b id="12" c="11 12" t="1"/>
		<b id="13" c="12 13" t="am"/>
		<b id="14" c="13 14" t="2"/>
		<b id="15" c="13 15" t="1"/>
		<b id="16" c="15 16" t="1"/>
		<b id="17" c="16 17" t="1"/>
		<b id="18" c="16 18" t="1"/>
		<b id="19" c="16 19" t="1"/>
		<b id="20" c="12 20" t="1"/>
		<b id="21" c="20 21" t="1"/>
		<b id="22" c="20 22" t="1"/>
		<b id="23" c="9 22" t="1"/>
		<b id="24" c="1 23" t="1"/>
		<b id="25" c="1 24" t="1"/>
		<b id="26" c="1 25" t="1"/>
		<b id="27" c="3 26" t="1"/>
		<b id="28" c="10 27" t="1"/>
		<b id="29" c="10 28" t="1"/>
		<b id="30" c="11 29" t="1"/>
		<b id="31" c="11 30" t="1"/>
		<b id="32" c="17 31" t="1"/>
		<b id="33" c="17 32" t="1"/>
		<b id="34" c="17 33" t="1"/>
		<b id="35" c="18 34" t="1"/>
		<b id="36" c="18 35" t="1"/>
		<b id="37" c="18 36" t="1"/>
		<b id="38" c="19 37" t="1"/>
		<b id="39" c="19 38" t="1"/>
		<b id="40" c="19 39" t="1"/>
		<b id="41" c="20 40" t="1"/>
		<b id="42" c="21 41" t="1"/>
		<b id="43" c="21 42" t="1"/>
		<b id="44" c="21 43" t="1"/>
		<b id="45" c="22 44" t="1"/>
		<b id="46" c="22 45" t="1"/>
	</bonds>
	<geometry>
		<g u="A" t="cart/3d">#45,3:1.6644,-0.7771,0.9827;2.8418,-0.1432,0.3014;3.8824,-0.9692,-0.0810;4.9611,-0.5834,-0.7574;4.9666,0.6879,-1.0825;6.2926,1.2438,-2.0074;4.0704,1.5892,-0.7727;2.9954,1.2278,-0.0509;2.1434,2.2465,0.2147;2.3993,3.5626,-0.3441;1.1040,4.1212,-0.9308;0.0598,4.1230,0.0712;-0.5278,5.2963,0.4244;-0.2445,6.3517,-0.0949;-1.4440,5.1144,1.3917;-2.1976,6.2410,1.9039;-3.0172,6.8883,0.7884;-3.1206,5.6160,2.9514;-1.2582,7.2562,2.5545;-0.1806,2.8519,0.7224;-0.8401,1.8564,-0.2337;1.1583,2.3165,1.2670;1.7224,-1.8569,0.8542;0.7261,-0.4378,0.5502;1.6629,-0.5785,2.0554;3.8554,-2.0248,0.1571;3.1630,3.4749,-1.1142;2.7638,4.2309,0.4456;0.7904,3.5149,-1.7865;1.2474,5.1516,-1.2590;-3.6526,6.1453,0.3109;-2.3569,7.3192,0.0411;-3.6424,7.6735,1.2039;-3.7567,4.8665,2.4879;-3.7449,6.3825,3.4001;-2.5329,5.1370,3.7302;-0.5966,7.6854,1.8072;-0.6574,6.7729,3.3229;-1.8401,8.0520,3.0108;-0.8508,3.0359,1.5652;-0.1310,1.5046,-0.9792;-1.6757,2.3310,-0.7416;-1.2187,1.0024,0.3226;1.0031,1.3520,1.7343;1.5201,3.0162,2.0353;</g>
	</geometry>
	<conformers/>
	<properties/>
</molecule>
