<?xml version="1.0" ?>
<!--MOLLI PACKAGE EXPERIMENTAL XML FORMAT-->
<molecule name="el2095">
	<atoms>
		<a id="1" s="C" t="C.3" l="C"/>
		<a id="2" s="C" t="C.ar" l="C"/>
		<a id="3" s="C" t="C.ar" l="C"/>
		<a id="4" s="N" t="N.ar" l="N"/>
		<a id="5" s="C" t="C.ar" l="C"/>
		<a id="6" s="Cl" t="Cl" l="CL"/>
		<a id="7" s="N" t="N.ar" l="N"/>
		<a id="8" s="C" t="C.ar" l="C"/>
		<a id="9" s="N" t="N.pl3" l="N"/>
		<a id="10" s="C" t="C.3" l="C"/>
		<a id="11" s="C" t="C.3" l="C"/>
		<a id="12" s="C" t="C.3" l="C"/>
		<a id="13" s="C" t="C.3" l="C"/>
		<a id="14" s="C" t="C.1" l="C"/>
		<a id="15" s="N" t="N.1" l="N"/>
		<a id="16" s="C" t="C.3" l="C"/>
		<a id="17" s="C" t="C.3" l="C"/>
		<a id="18" s="H" t="H" l="H"/>
		<a id="19" s="H" t="H" l="H"/>
		<a id="20" s="H" t="H" l="H"/>
		<a id="21" s="H" t="H" l="H"/>
		<a id="22" s="H" t="H" l="H"/>
		<a id="23" s="H" t="H" l="H"/>
		<a id="24" s="H" t="H" l="H"/>
		<a id="25" s="H" t="H" l="H"/>
		<a id="26" s="H" t="H" l="H"/>
		<a id="27" s="H" t="H" l="H"/>
		<a id="28" s="H" t="H" l="H"/>
		<a id="29" s="H" t="H" l="H"/>
		<a id="30" s="H" t="H" l="H"/>
		<a id="31" s="H" t="H" l="H"/>
		<a id="32" s="H" t="H" l="H"/>
	</atoms>
	<bonds>
		<b id="1" c="1 2" t="1"/>
		<b id="2" c="2 3" t="ar"/>
		<b id="3" c="3 4" t="ar"/>
		<b id="4" c="4 5" t="ar"/>
		<b id="5" c="5 6" t="1"/>
		<b id="6" c="5 7" t="ar"/>
		<b id="7" c="7 8" t="ar"/>
		<b id="8" c="2 8" t="ar"/>
		<b id="9" c="8 9" t="1"/>
		<b id="10" c="9 10" t="1"/>
		<b id="11" c="10 11" t="1"/>
		<b id="12" c="11 12" t="1"/>
		<b id="13" c="12 13" t="1"/>
		<b id="14" c="13 14" t="1"/>
		<b id="15" c="14 15" t="3"/>
		<b id="16" c="12 16" t="1"/>
		<b id="17" c="16 17" t="1"/>
		<b id="18" c="9 17" t="1"/>
		<b id="19" c="1 18" t="1"/>
		<b id="20" c="1 19" t="1"/>
		<b id="21" c="1 20" t="1"/>
		<b id="22" c="3 21" t="1"/>
		<b id="23" c="10 22" t="1"/>
		<b id="24" c="10 23" t="1"/>
		<b id="25" c="11 24" t="1"/>
		<b id="26" c="11 25" t="1"/>
		<b id="27" c="12 26" t="1"/>
		<b id="28" c="13 27" t="1"/>
		<b id="29" c="13 28" t="1"/>
		<b id="30" c="16 29" t="1"/>
		<b id="31" c="16 30" t="1"/>
		<b id="32" c="17 31" t="1"/>
		<b id="33" c="17 32" t="1"/>
	</bonds>
	<geometry>
		<g u="A" t="cart/3d">#32,3:2.5985,0.5734,-2.7380;3.1990,0.4665,-1.3696;4.2534,-0.4028,-1.1625;4.7990,-0.6603,0.0233;4.2326,-0.0431,1.0336;4.8482,-0.3880,2.5915;3.2494,0.8219,0.9862;2.7245,1.1300,-0.2085;1.6826,2.0086,-0.1806;1.5471,3.0905,-1.1340;2.3076,4.3325,-0.6530;1.8656,4.7835,0.7432;0.4725,5.4404,0.7235;0.4532,6.5957,-0.1346;0.4488,7.5073,-0.8243;1.9013,3.5881,1.7002;1.1587,2.3848,1.1208;2.8275,-0.3299,-3.2999;3.0120,1.4160,-3.2939;1.5176,0.6798,-2.6806;4.6866,-0.9500,-1.9898;0.4810,3.3118,-1.2464;1.9351,2.7990,-2.1048;2.1683,5.1425,-1.3716;3.3724,4.0896,-0.6187;2.5755,5.5397,1.0983;0.2013,5.7598,1.7335;-0.2901,4.7429,0.3704;1.4693,3.8563,2.6653;2.9382,3.2917,1.8654;0.0951,2.6058,0.9902;1.2619,1.5327,1.7912;</g>
	</geometry>
	<conformers/>
	<properties/>
</molecule>
