<?xml version="1.0" ?>
<!--MOLLI PACKAGE EXPERIMENTAL XML FORMAT-->
<molecule name="el1830">
	<atoms>
		<a id="1" s="F" t="F" l="F"/>
		<a id="2" s="C" t="C.ar" l="C"/>
		<a id="3" s="C" t="C.ar" l="C"/>
		<a id="4" s="C" t="C.ar" l="C"/>
		<a id="5" s="C" t="C.ar" l="C"/>
		<a id="6" s="C" t="C.ar" l="C"/>
		<a id="7" s="C" t="C.ar" l="C"/>
		<a id="8" s="Cl" t="Cl" l="CL"/>
		<a id="9" s="N" t="N.ar" l="N"/>
		<a id="10" s="C" t="C.ar" l="C"/>
		<a id="11" s="C" t="C.ar" l="C"/>
		<a id="12" s="N" t="N.ar" l="N"/>
		<a id="13" s="H" t="H" l="H"/>
		<a id="14" s="H" t="H" l="H"/>
		<a id="15" s="H" t="H" l="H"/>
		<a id="16" s="H" t="H" l="H"/>
	</atoms>
	<bonds>
		<b id="1" c="1 2" t="1"/>
		<b id="2" c="2 3" t="ar"/>
		<b id="3" c="3 4" t="ar"/>
		<b id="4" c="4 5" t="ar"/>
		<b id="5" c="5 6" t="ar"/>
		<b id="6" c="6 7" t="ar"/>
		<b id="7" c="7 8" t="1"/>
		<b id="8" c="7 9" t="ar"/>
		<b id="9" c="9 10" t="ar"/>
		<b id="10" c="4 10" t="ar"/>
		<b id="11" c="10 11" t="ar"/>
		<b id="12" c="11 12" t="ar"/>
		<b id="13" c="2 12" t="ar"/>
		<b id="14" c="3 13" t="1"/>
		<b id="15" c="5 14" t="1"/>
		<b id="16" c="6 15" t="1"/>
		<b id="17" c="11 16" t="1"/>
	</bonds>
	<geometry>
		<g u="A" t="cart/3d">#16,3:1.0047,0.2389,0.2752;2.3357,0.1291,0.1876;2.9092,-1.1169,0.1480;4.3102,-1.1741,0.0555;5.0600,-2.3740,0.0033;6.4194,-2.3075,-0.0880;7.0223,-1.0278,-0.1268;8.7317,-0.9293,-0.2424;6.3744,0.0947,-0.0804;5.0310,0.0520,0.0102;4.2936,1.2555,0.0626;2.9923,1.2844,0.1481;2.3093,-2.0123,0.1860;4.5459,-3.3237,0.0362;7.0366,-3.1899,-0.1306;4.8076,2.2048,0.0312;</g>
	</geometry>
	<conformers/>
	<properties/>
</molecule>
