<?xml version="1.0" ?>
<!--MOLLI PACKAGE EXPERIMENTAL XML FORMAT-->
<molecule name="el2103">
	<atoms>
		<a id="1" s="N" t="N.1" l="N"/>
		<a id="2" s="C" t="C.1" l="C"/>
		<a id="3" s="C" t="C.ar" l="C"/>
		<a id="4" s="C" t="C.ar" l="C"/>
		<a id="5" s="C" t="C.ar" l="C"/>
		<a id="6" s="C" t="C.ar" l="C"/>
		<a id="7" s="N" t="N.pl3" l="N"/>
		<a id="8" s="C" t="C.ar" l="C"/>
		<a id="9" s="C" t="C.ar" l="C"/>
		<a id="10" s="Cl" t="Cl" l="CL"/>
		<a id="11" s="H" t="H" l="H"/>
		<a id="12" s="H" t="H" l="H"/>
		<a id="13" s="H" t="H" l="H"/>
		<a id="14" s="H" t="H" l="H"/>
		<a id="15" s="H" t="H" l="H"/>
	</atoms>
	<bonds>
		<b id="1" c="1 2" t="3"/>
		<b id="2" c="2 3" t="1"/>
		<b id="3" c="3 4" t="ar"/>
		<b id="4" c="4 5" t="ar"/>
		<b id="5" c="5 6" t="ar"/>
		<b id="6" c="6 7" t="1"/>
		<b id="7" c="6 8" t="ar"/>
		<b id="8" c="8 9" t="ar"/>
		<b id="9" c="3 9" t="ar"/>
		<b id="10" c="9 10" t="1"/>
		<b id="11" c="4 11" t="1"/>
		<b id="12" c="5 12" t="1"/>
		<b id="13" c="7 13" t="1"/>
		<b id="14" c="7 14" t="1"/>
		<b id="15" c="8 15" t="1"/>
	</bonds>
	<geometry>
		<g u="A" t="cart/3d">#15,3:1.1827,-0.0190,0.3243;2.3239,-0.0336,0.2096;3.7262,-0.0285,0.0677;4.4197,1.1840,-0.0019;5.7861,1.2051,-0.1440;6.5126,0.0091,-0.2207;7.8738,0.0252,-0.3056;5.8235,-1.2065,-0.1519;4.4528,-1.2219,-0.0089;3.6194,-2.7331,0.0708;3.8622,2.1068,0.0555;6.3114,2.1468,-0.1965;8.3287,0.8860,-0.5538;8.3492,-0.8256,-0.5506;6.3665,-2.1368,-0.2091;</g>
	</geometry>
	<conformers/>
	<properties/>
</molecule>
