<?xml version="1.0" ?>
<!--MOLLI PACKAGE EXPERIMENTAL XML FORMAT-->
<molecule name="el2106">
	<atoms>
		<a id="1" s="F" t="F" l="F"/>
		<a id="2" s="C" t="C.3" l="C"/>
		<a id="3" s="F" t="F" l="F"/>
		<a id="4" s="F" t="F" l="F"/>
		<a id="5" s="C" t="C.ar" l="C"/>
		<a id="6" s="C" t="C.ar" l="C"/>
		<a id="7" s="N" t="N.ar" l="N"/>
		<a id="8" s="C" t="C.ar" l="C"/>
		<a id="9" s="Cl" t="Cl" l="CL"/>
		<a id="10" s="C" t="C.ar" l="C"/>
		<a id="11" s="C" t="C.ar" l="C"/>
		<a id="12" s="C" t="C.ar" l="C"/>
		<a id="13" s="C" t="C.ar" l="C"/>
		<a id="14" s="C" t="C.ar" l="C"/>
		<a id="15" s="C" t="C.ar" l="C"/>
		<a id="16" s="C" t="C.ar" l="C"/>
		<a id="17" s="C" t="C.ar" l="C"/>
		<a id="18" s="H" t="H" l="H"/>
		<a id="19" s="H" t="H" l="H"/>
		<a id="20" s="H" t="H" l="H"/>
		<a id="21" s="H" t="H" l="H"/>
		<a id="22" s="H" t="H" l="H"/>
		<a id="23" s="H" t="H" l="H"/>
		<a id="24" s="H" t="H" l="H"/>
	</atoms>
	<bonds>
		<b id="1" c="1 2" t="1"/>
		<b id="2" c="2 3" t="1"/>
		<b id="3" c="2 4" t="1"/>
		<b id="4" c="2 5" t="1"/>
		<b id="5" c="5 6" t="ar"/>
		<b id="6" c="6 7" t="ar"/>
		<b id="7" c="7 8" t="ar"/>
		<b id="8" c="8 9" t="1"/>
		<b id="9" c="8 10" t="ar"/>
		<b id="10" c="10 11" t="ar"/>
		<b id="11" c="5 11" t="ar"/>
		<b id="12" c="11 12" t="1"/>
		<b id="13" c="12 13" t="ar"/>
		<b id="14" c="13 14" t="ar"/>
		<b id="15" c="14 15" t="ar"/>
		<b id="16" c="15 16" t="ar"/>
		<b id="17" c="16 17" t="ar"/>
		<b id="18" c="12 17" t="ar"/>
		<b id="19" c="6 18" t="1"/>
		<b id="20" c="10 19" t="1"/>
		<b id="21" c="13 20" t="1"/>
		<b id="22" c="14 21" t="1"/>
		<b id="23" c="15 22" t="1"/>
		<b id="24" c="16 23" t="1"/>
		<b id="25" c="17 24" t="1"/>
	</bonds>
	<geometry>
		<g u="A" t="cart/3d">#24,3:1.1014,0.9298,-0.2547;2.0049,0.0469,0.1985;1.3466,-1.1106,0.3554;2.8711,-0.1409,-0.8155;2.6757,0.5256,1.4552;2.6573,1.8843,1.7539;3.1870,2.3908,2.8481;3.7503,1.5614,3.7054;4.4062,2.2701,5.1197;3.8329,0.1894,3.5144;3.2970,-0.3571,2.3517;3.4000,-1.8087,2.1267;2.8855,-2.6843,3.0788;2.9822,-4.0503,2.8907;3.6093,-4.5539,1.7631;4.1400,-3.6867,0.8234;4.0355,-2.3190,0.9990;2.1899,2.5967,1.0884;4.3164,-0.4420,4.2419;2.3889,-2.2879,3.9525;2.5688,-4.7227,3.6269;3.6859,-5.6209,1.6182;4.6368,-4.0744,-0.0529;4.4642,-1.6479,0.2703;</g>
	</geometry>
	<conformers/>
	<properties/>
</molecule>
