<?xml version="1.0" ?>
<!--MOLLI PACKAGE EXPERIMENTAL XML FORMAT-->
<molecule name="el2110">
	<atoms>
		<a id="1" s="C" t="C.3" l="C"/>
		<a id="2" s="N" t="N.ar" l="N"/>
		<a id="3" s="C" t="C.ar" l="C"/>
		<a id="4" s="C" t="C.ar" l="C"/>
		<a id="5" s="C" t="C.ar" l="C"/>
		<a id="6" s="C" t="C.ar" l="C"/>
		<a id="7" s="C" t="C.ar" l="C"/>
		<a id="8" s="C" t="C.ar" l="C"/>
		<a id="9" s="Cl" t="Cl" l="CL"/>
		<a id="10" s="N" t="N.ar" l="N"/>
		<a id="11" s="C" t="C.ar" l="C"/>
		<a id="12" s="C" t="C.ar" l="C"/>
		<a id="13" s="N" t="N.ar" l="N"/>
		<a id="14" s="H" t="H" l="H"/>
		<a id="15" s="H" t="H" l="H"/>
		<a id="16" s="H" t="H" l="H"/>
		<a id="17" s="H" t="H" l="H"/>
		<a id="18" s="H" t="H" l="H"/>
		<a id="19" s="H" t="H" l="H"/>
		<a id="20" s="H" t="H" l="H"/>
		<a id="21" s="H" t="H" l="H"/>
	</atoms>
	<bonds>
		<b id="1" c="1 2" t="1"/>
		<b id="2" c="2 3" t="ar"/>
		<b id="3" c="3 4" t="ar"/>
		<b id="4" c="4 5" t="1"/>
		<b id="5" c="5 6" t="ar"/>
		<b id="6" c="6 7" t="ar"/>
		<b id="7" c="7 8" t="ar"/>
		<b id="8" c="8 9" t="1"/>
		<b id="9" c="8 10" t="ar"/>
		<b id="10" c="10 11" t="ar"/>
		<b id="11" c="5 11" t="ar"/>
		<b id="12" c="4 12" t="ar"/>
		<b id="13" c="12 13" t="ar"/>
		<b id="14" c="2 13" t="ar"/>
		<b id="15" c="1 14" t="1"/>
		<b id="16" c="1 15" t="1"/>
		<b id="17" c="1 16" t="1"/>
		<b id="18" c="3 17" t="1"/>
		<b id="19" c="6 18" t="1"/>
		<b id="20" c="7 19" t="1"/>
		<b id="21" c="11 20" t="1"/>
		<b id="22" c="12 21" t="1"/>
	</bonds>
	<geometry>
		<g u="A" t="cart/3d">#21,3:-2.0803,-0.0211,-0.1430;-0.6544,-0.0894,-0.0050;0.1425,-1.1421,-0.2506;1.4474,-0.7380,0.0001;2.6640,-1.5174,-0.1137;2.6540,-2.8357,-0.5829;3.8347,-3.5450,-0.6747;5.0022,-2.8980,-0.2884;6.5114,-3.7223,-0.3762;5.0406,-1.6601,0.1552;3.9079,-0.9897,0.2407;1.3025,0.6109,0.3952;0.0390,0.9754,0.3840;-2.5400,-0.9323,0.2407;-2.3630,0.1080,-1.1912;-2.4324,0.8376,0.4259;-0.2604,-2.0816,-0.5708;1.7259,-3.3021,-0.8766;3.8600,-4.5615,-1.0319;4.0038,0.0200,0.6133;2.0578,1.3140,0.6812;</g>
	</geometry>
	<conformers/>
	<properties/>
</molecule>
