<?xml version="1.0" ?>
<!--MOLLI PACKAGE EXPERIMENTAL XML FORMAT-->
<molecule name="el2111">
	<atoms>
		<a id="1" s="N" t="N.pl3" l="N"/>
		<a id="2" s="C" t="C.ar" l="C"/>
		<a id="3" s="C" t="C.ar" l="C"/>
		<a id="4" s="C" t="C.ar" l="C"/>
		<a id="5" s="C" t="C.ar" l="C"/>
		<a id="6" s="S" t="S.3" l="S"/>
		<a id="7" s="C" t="C.ar" l="C"/>
		<a id="8" s="C" t="C.ar" l="C"/>
		<a id="9" s="C" t="C.ar" l="C"/>
		<a id="10" s="N" t="N.ar" l="N"/>
		<a id="11" s="C" t="C.ar" l="C"/>
		<a id="12" s="Cl" t="Cl" l="CL"/>
		<a id="13" s="N" t="N.ar" l="N"/>
		<a id="14" s="C" t="C.ar" l="C"/>
		<a id="15" s="C" t="C.ar" l="C"/>
		<a id="16" s="H" t="H" l="H"/>
		<a id="17" s="H" t="H" l="H"/>
		<a id="18" s="H" t="H" l="H"/>
		<a id="19" s="H" t="H" l="H"/>
		<a id="20" s="H" t="H" l="H"/>
		<a id="21" s="H" t="H" l="H"/>
		<a id="22" s="H" t="H" l="H"/>
		<a id="23" s="H" t="H" l="H"/>
	</atoms>
	<bonds>
		<b id="1" c="1 2" t="1"/>
		<b id="2" c="2 3" t="ar"/>
		<b id="3" c="3 4" t="ar"/>
		<b id="4" c="4 5" t="ar"/>
		<b id="5" c="5 6" t="1"/>
		<b id="6" c="6 7" t="1"/>
		<b id="7" c="7 8" t="ar"/>
		<b id="8" c="8 9" t="ar"/>
		<b id="9" c="9 10" t="ar"/>
		<b id="10" c="10 11" t="ar"/>
		<b id="11" c="11 12" t="1"/>
		<b id="12" c="11 13" t="ar"/>
		<b id="13" c="7 13" t="ar"/>
		<b id="14" c="5 14" t="ar"/>
		<b id="15" c="14 15" t="ar"/>
		<b id="16" c="2 15" t="ar"/>
		<b id="17" c="1 16" t="1"/>
		<b id="18" c="1 17" t="1"/>
		<b id="19" c="3 18" t="1"/>
		<b id="20" c="4 19" t="1"/>
		<b id="21" c="8 20" t="1"/>
		<b id="22" c="9 21" t="1"/>
		<b id="23" c="14 22" t="1"/>
		<b id="24" c="15 23" t="1"/>
	</bonds>
	<geometry>
		<g u="A" t="cart/3d">#23,3:2.1881,0.2229,-0.2871;0.8371,0.0675,-0.1234;0.0000,1.1833,-0.0242;-1.3658,1.0299,0.0676;-1.9142,-0.2422,0.0574;-3.6883,-0.4415,0.1214;-4.0648,-0.1443,-1.5526;-5.3855,-0.1985,-2.0152;-5.5648,0.0490,-3.3595;-4.5544,0.3282,-4.1796;-3.3603,0.3543,-3.6295;-2.0475,0.7126,-4.6559;-3.0561,0.1336,-2.3694;-1.1030,-1.3614,-0.0251;0.2639,-1.2075,-0.1127;2.5892,1.1191,-0.0714;2.7772,-0.5769,-0.1332;0.4334,2.1726,-0.0282;-2.0085,1.8938,0.1392;-6.1995,-0.4231,-1.3485;-6.5425,0.0294,-3.8206;-1.5429,-2.3470,-0.0243;0.9019,-2.0762,-0.1850;</g>
	</geometry>
	<conformers/>
	<properties/>
</molecule>
