<?xml version="1.0" ?>
<!--MOLLI PACKAGE EXPERIMENTAL XML FORMAT-->
<molecule name="el2112">
	<atoms>
		<a id="1" s="C" t="C.3" l="C"/>
		<a id="2" s="N" t="N.am" l="N"/>
		<a id="3" s="C" t="C.2" l="C"/>
		<a id="4" s="O" t="O.2" l="O"/>
		<a id="5" s="C" t="C.ar" l="C"/>
		<a id="6" s="C" t="C.ar" l="C"/>
		<a id="7" s="S" t="S.2" l="S"/>
		<a id="8" s="C" t="C.ar" l="C"/>
		<a id="9" s="N" t="N.ar" l="N"/>
		<a id="10" s="C" t="C.ar" l="C"/>
		<a id="11" s="N" t="N.ar" l="N"/>
		<a id="12" s="C" t="C.ar" l="C"/>
		<a id="13" s="Cl" t="Cl" l="CL"/>
		<a id="14" s="C" t="C.ar" l="C"/>
		<a id="15" s="C" t="C.ar" l="C"/>
		<a id="16" s="C" t="C.ar" l="C"/>
		<a id="17" s="C" t="C.ar" l="C"/>
		<a id="18" s="C" t="C.ar" l="C"/>
		<a id="19" s="C" t="C.ar" l="C"/>
		<a id="20" s="C" t="C.ar" l="C"/>
		<a id="21" s="H" t="H" l="H"/>
		<a id="22" s="H" t="H" l="H"/>
		<a id="23" s="H" t="H" l="H"/>
		<a id="24" s="H" t="H" l="H"/>
		<a id="25" s="H" t="H" l="H"/>
		<a id="26" s="H" t="H" l="H"/>
		<a id="27" s="H" t="H" l="H"/>
		<a id="28" s="H" t="H" l="H"/>
		<a id="29" s="H" t="H" l="H"/>
		<a id="30" s="H" t="H" l="H"/>
	</atoms>
	<bonds>
		<b id="1" c="1 2" t="1"/>
		<b id="2" c="2 3" t="am"/>
		<b id="3" c="3 4" t="2"/>
		<b id="4" c="3 5" t="1"/>
		<b id="5" c="5 6" t="ar"/>
		<b id="6" c="6 7" t="ar"/>
		<b id="7" c="7 8" t="ar"/>
		<b id="8" c="8 9" t="ar"/>
		<b id="9" c="9 10" t="ar"/>
		<b id="10" c="10 11" t="ar"/>
		<b id="11" c="11 12" t="ar"/>
		<b id="12" c="12 13" t="1"/>
		<b id="13" c="12 14" t="ar"/>
		<b id="14" c="5 14" t="ar"/>
		<b id="15" c="8 14" t="ar"/>
		<b id="16" c="2 15" t="1"/>
		<b id="17" c="15 16" t="ar"/>
		<b id="18" c="16 17" t="ar"/>
		<b id="19" c="17 18" t="ar"/>
		<b id="20" c="18 19" t="ar"/>
		<b id="21" c="19 20" t="ar"/>
		<b id="22" c="15 20" t="ar"/>
		<b id="23" c="1 21" t="1"/>
		<b id="24" c="1 22" t="1"/>
		<b id="25" c="1 23" t="1"/>
		<b id="26" c="6 24" t="1"/>
		<b id="27" c="10 25" t="1"/>
		<b id="28" c="16 26" t="1"/>
		<b id="29" c="17 27" t="1"/>
		<b id="30" c="18 28" t="1"/>
		<b id="31" c="19 29" t="1"/>
		<b id="32" c="20 30" t="1"/>
	</bonds>
	<geometry>
		<g u="A" t="cart/3d">#30,3:1.3960,0.7068,-0.1097;2.7167,0.1136,-0.0974;3.3129,-0.3167,-1.2365;4.3811,-0.8860,-1.2878;2.5313,-0.0680,-2.4972;1.7308,-0.9824,-3.0926;1.0904,-0.4879,-4.6291;1.9378,1.0146,-4.5107;1.9151,1.9689,-5.4259;2.6335,3.0342,-5.1532;3.3509,3.2454,-4.0556;3.3694,2.3037,-3.1409;4.2787,2.6051,-1.7206;2.6707,1.1023,-3.3005;3.3465,-0.0936,1.1560;4.6899,0.2180,1.3250;5.2948,0.0130,2.5515;4.5685,-0.4948,3.6153;3.2291,-0.8015,3.4475;2.6164,-0.6050,2.2232;1.3242,1.4527,-0.9017;1.2272,1.2035,0.8437;0.6151,-0.0432,-0.2651;1.4726,-1.9543,-2.7194;2.6415,3.8237,-5.8904;5.2551,0.6136,0.4974;6.3390,0.2568,2.6767;5.0443,-0.6533,4.5713;2.6572,-1.2032,4.2710;1.5755,-0.8621,2.0953;</g>
	</geometry>
	<conformers/>
	<properties/>
</molecule>
