<?xml version="1.0" ?>
<!--MOLLI PACKAGE EXPERIMENTAL XML FORMAT-->
<molecule name="el2114">
	<atoms>
		<a id="1" s="C" t="C.3" l="C"/>
		<a id="2" s="O" t="O.3" l="O"/>
		<a id="3" s="C" t="C.ar" l="C"/>
		<a id="4" s="C" t="C.ar" l="C"/>
		<a id="5" s="C" t="C.ar" l="C"/>
		<a id="6" s="C" t="C.ar" l="C"/>
		<a id="7" s="N" t="N.ar" l="N"/>
		<a id="8" s="C" t="C.ar" l="C"/>
		<a id="9" s="Cl" t="Cl" l="CL"/>
		<a id="10" s="N" t="N.ar" l="N"/>
		<a id="11" s="C" t="C.ar" l="C"/>
		<a id="12" s="C" t="C.ar" l="C"/>
		<a id="13" s="F" t="F" l="F"/>
		<a id="14" s="C" t="C.ar" l="C"/>
		<a id="15" s="C" t="C.ar" l="C"/>
		<a id="16" s="C" t="C.ar" l="C"/>
		<a id="17" s="F" t="F" l="F"/>
		<a id="18" s="H" t="H" l="H"/>
		<a id="19" s="H" t="H" l="H"/>
		<a id="20" s="H" t="H" l="H"/>
		<a id="21" s="H" t="H" l="H"/>
		<a id="22" s="H" t="H" l="H"/>
		<a id="23" s="H" t="H" l="H"/>
		<a id="24" s="H" t="H" l="H"/>
	</atoms>
	<bonds>
		<b id="1" c="1 2" t="1"/>
		<b id="2" c="2 3" t="1"/>
		<b id="3" c="3 4" t="ar"/>
		<b id="4" c="4 5" t="ar"/>
		<b id="5" c="5 6" t="1"/>
		<b id="6" c="6 7" t="ar"/>
		<b id="7" c="7 8" t="ar"/>
		<b id="8" c="8 9" t="1"/>
		<b id="9" c="8 10" t="ar"/>
		<b id="10" c="10 11" t="ar"/>
		<b id="11" c="11 12" t="ar"/>
		<b id="12" c="6 12" t="ar"/>
		<b id="13" c="12 13" t="1"/>
		<b id="14" c="5 14" t="ar"/>
		<b id="15" c="14 15" t="ar"/>
		<b id="16" c="15 16" t="ar"/>
		<b id="17" c="3 16" t="ar"/>
		<b id="18" c="16 17" t="1"/>
		<b id="19" c="1 18" t="1"/>
		<b id="20" c="1 19" t="1"/>
		<b id="21" c="1 20" t="1"/>
		<b id="22" c="4 21" t="1"/>
		<b id="23" c="11 22" t="1"/>
		<b id="24" c="14 23" t="1"/>
		<b id="25" c="15 24" t="1"/>
	</bonds>
	<geometry>
		<g u="A" t="cart/3d">#24,3:1.3791,0.5678,-0.0199;2.5489,-0.2171,0.0946;3.1710,-0.6832,-1.0096;4.3284,-1.4253,-0.7765;5.0894,-1.9583,-1.8109;6.2935,-2.7121,-1.4577;6.3462,-3.2141,-0.2233;7.4086,-3.8966,0.1390;7.4102,-4.5085,1.7248;8.4749,-4.1592,-0.5965;8.4670,-3.6640,-1.8213;7.3948,-2.9281,-2.3004;7.4594,-2.4274,-3.5454;4.6794,-1.7708,-3.1322;3.5313,-1.0502,-3.3835;2.7933,-0.5089,-2.3448;1.6855,0.1933,-2.6845;1.1011,0.8166,1.0029;0.5641,0.0136,-0.4914;1.5638,1.4886,-0.5787;4.6362,-1.5804,0.2443;9.3371,-3.8560,-2.4333;5.2276,-2.1917,-3.9574;3.1844,-0.8908,-4.3923;</g>
	</geometry>
	<conformers/>
	<properties/>
</molecule>
