<?xml version="1.0" ?>
<!--MOLLI PACKAGE EXPERIMENTAL XML FORMAT-->
<molecule name="el2115">
	<atoms>
		<a id="1" s="Cl" t="Cl" l="CL"/>
		<a id="2" s="C" t="C.ar" l="C"/>
		<a id="3" s="N" t="N.ar" l="N"/>
		<a id="4" s="C" t="C.ar" l="C"/>
		<a id="5" s="C" t="C.ar" l="C"/>
		<a id="6" s="C" t="C.ar" l="C"/>
		<a id="7" s="C" t="C.ar" l="C"/>
		<a id="8" s="C" t="C.ar" l="C"/>
		<a id="9" s="C" t="C.ar" l="C"/>
		<a id="10" s="C" t="C.ar" l="C"/>
		<a id="11" s="C" t="C.ar" l="C"/>
		<a id="12" s="C" t="C.ar" l="C"/>
		<a id="13" s="C" t="C.ar" l="C"/>
		<a id="14" s="N" t="N.ar" l="N"/>
		<a id="15" s="C" t="C.3" l="C"/>
		<a id="16" s="C" t="C.ar" l="C"/>
		<a id="17" s="C" t="C.ar" l="C"/>
		<a id="18" s="C" t="C.ar" l="C"/>
		<a id="19" s="C" t="C.ar" l="C"/>
		<a id="20" s="C" t="C.ar" l="C"/>
		<a id="21" s="C" t="C.ar" l="C"/>
		<a id="22" s="H" t="H" l="H"/>
		<a id="23" s="H" t="H" l="H"/>
		<a id="24" s="H" t="H" l="H"/>
		<a id="25" s="H" t="H" l="H"/>
		<a id="26" s="H" t="H" l="H"/>
		<a id="27" s="H" t="H" l="H"/>
		<a id="28" s="H" t="H" l="H"/>
		<a id="29" s="H" t="H" l="H"/>
		<a id="30" s="H" t="H" l="H"/>
		<a id="31" s="H" t="H" l="H"/>
		<a id="32" s="H" t="H" l="H"/>
		<a id="33" s="H" t="H" l="H"/>
		<a id="34" s="H" t="H" l="H"/>
	</atoms>
	<bonds>
		<b id="1" c="1 2" t="1"/>
		<b id="2" c="2 3" t="ar"/>
		<b id="3" c="3 4" t="ar"/>
		<b id="4" c="4 5" t="ar"/>
		<b id="5" c="5 6" t="ar"/>
		<b id="6" c="6 7" t="ar"/>
		<b id="7" c="7 8" t="ar"/>
		<b id="8" c="8 9" t="ar"/>
		<b id="9" c="4 9" t="ar"/>
		<b id="10" c="9 10" t="ar"/>
		<b id="11" c="10 11" t="ar"/>
		<b id="12" c="2 11" t="ar"/>
		<b id="13" c="11 12" t="ar"/>
		<b id="14" c="12 13" t="ar"/>
		<b id="15" c="13 14" t="ar"/>
		<b id="16" c="10 14" t="ar"/>
		<b id="17" c="14 15" t="1"/>
		<b id="18" c="15 16" t="1"/>
		<b id="19" c="16 17" t="ar"/>
		<b id="20" c="17 18" t="ar"/>
		<b id="21" c="18 19" t="ar"/>
		<b id="22" c="19 20" t="ar"/>
		<b id="23" c="20 21" t="ar"/>
		<b id="24" c="16 21" t="ar"/>
		<b id="25" c="5 22" t="1"/>
		<b id="26" c="6 23" t="1"/>
		<b id="27" c="7 24" t="1"/>
		<b id="28" c="8 25" t="1"/>
		<b id="29" c="12 26" t="1"/>
		<b id="30" c="13 27" t="1"/>
		<b id="31" c="15 28" t="1"/>
		<b id="32" c="15 29" t="1"/>
		<b id="33" c="17 30" t="1"/>
		<b id="34" c="18 31" t="1"/>
		<b id="35" c="19 32" t="1"/>
		<b id="36" c="20 33" t="1"/>
		<b id="37" c="21 34" t="1"/>
	</bonds>
	<geometry>
		<g u="A" t="cart/3d">#34,3:1.1755,-0.3717,0.0223;2.8848,-0.1699,0.0194;3.6064,-1.2397,0.0210;4.9599,-1.1330,0.0082;5.6864,-2.3344,-0.0051;7.0561,-2.3241,-0.0376;7.7427,-1.1084,-0.0651;7.0614,0.0829,-0.0453;5.6577,0.1118,0.0013;4.8298,1.2671,0.0310;3.4232,1.1303,0.0243;2.8645,2.4299,0.0432;3.9180,3.2907,0.0670;5.1017,2.6034,0.0682;6.3826,3.2561,0.1059;7.1625,3.1555,-1.1873;6.5400,2.8517,-2.3892;7.2783,2.7797,-3.5580;8.6413,3.0166,-3.5379;9.2672,3.3265,-2.3421;8.5318,3.3940,-1.1733;5.1266,-3.2560,0.0060;7.6084,-3.2519,-0.0497;8.8221,-1.1040,-0.1058;7.6223,1.0009,-0.0879;1.8220,2.6734,0.0421;3.9183,4.3638,0.0883;6.9767,2.8506,0.9334;6.2026,4.3158,0.3232;5.4766,2.6650,-2.4164;6.7842,2.5372,-4.4868;9.2154,2.9597,-4.4504;10.3306,3.5126,-2.3182;9.0225,3.6317,-0.2395;</g>
	</geometry>
	<conformers/>
	<properties/>
</molecule>
