<?xml version="1.0" ?>
<!--MOLLI PACKAGE EXPERIMENTAL XML FORMAT-->
<molecule name="el2116">
	<atoms>
		<a id="1" s="F" t="F" l="F"/>
		<a id="2" s="C" t="C.ar" l="C"/>
		<a id="3" s="C" t="C.ar" l="C"/>
		<a id="4" s="C" t="C.ar" l="C"/>
		<a id="5" s="C" t="C.ar" l="C"/>
		<a id="6" s="C" t="C.ar" l="C"/>
		<a id="7" s="C" t="C.3" l="C"/>
		<a id="8" s="N" t="N.ar" l="N"/>
		<a id="9" s="C" t="C.ar" l="C"/>
		<a id="10" s="C" t="C.ar" l="C"/>
		<a id="11" s="C" t="C.ar" l="C"/>
		<a id="12" s="C" t="C.ar" l="C"/>
		<a id="13" s="Cl" t="Cl" l="CL"/>
		<a id="14" s="N" t="N.ar" l="N"/>
		<a id="15" s="C" t="C.ar" l="C"/>
		<a id="16" s="C" t="C.ar" l="C"/>
		<a id="17" s="C" t="C.ar" l="C"/>
		<a id="18" s="C" t="C.ar" l="C"/>
		<a id="19" s="C" t="C.ar" l="C"/>
		<a id="20" s="C" t="C.ar" l="C"/>
		<a id="21" s="C" t="C.ar" l="C"/>
		<a id="22" s="C" t="C.ar" l="C"/>
		<a id="23" s="H" t="H" l="H"/>
		<a id="24" s="H" t="H" l="H"/>
		<a id="25" s="H" t="H" l="H"/>
		<a id="26" s="H" t="H" l="H"/>
		<a id="27" s="H" t="H" l="H"/>
		<a id="28" s="H" t="H" l="H"/>
		<a id="29" s="H" t="H" l="H"/>
		<a id="30" s="H" t="H" l="H"/>
		<a id="31" s="H" t="H" l="H"/>
		<a id="32" s="H" t="H" l="H"/>
		<a id="33" s="H" t="H" l="H"/>
		<a id="34" s="H" t="H" l="H"/>
	</atoms>
	<bonds>
		<b id="1" c="1 2" t="1"/>
		<b id="2" c="2 3" t="ar"/>
		<b id="3" c="3 4" t="ar"/>
		<b id="4" c="4 5" t="ar"/>
		<b id="5" c="5 6" t="ar"/>
		<b id="6" c="6 7" t="1"/>
		<b id="7" c="7 8" t="1"/>
		<b id="8" c="8 9" t="ar"/>
		<b id="9" c="9 10" t="ar"/>
		<b id="10" c="10 11" t="ar"/>
		<b id="11" c="11 12" t="ar"/>
		<b id="12" c="12 13" t="1"/>
		<b id="13" c="12 14" t="ar"/>
		<b id="14" c="14 15" t="ar"/>
		<b id="15" c="15 16" t="ar"/>
		<b id="16" c="16 17" t="ar"/>
		<b id="17" c="17 18" t="ar"/>
		<b id="18" c="18 19" t="ar"/>
		<b id="19" c="19 20" t="ar"/>
		<b id="20" c="15 20" t="ar"/>
		<b id="21" c="20 21" t="ar"/>
		<b id="22" c="11 21" t="ar"/>
		<b id="23" c="8 21" t="ar"/>
		<b id="24" c="6 22" t="ar"/>
		<b id="25" c="2 22" t="ar"/>
		<b id="26" c="3 23" t="1"/>
		<b id="27" c="4 24" t="1"/>
		<b id="28" c="5 25" t="1"/>
		<b id="29" c="7 26" t="1"/>
		<b id="30" c="7 27" t="1"/>
		<b id="31" c="9 28" t="1"/>
		<b id="32" c="10 29" t="1"/>
		<b id="33" c="16 30" t="1"/>
		<b id="34" c="17 31" t="1"/>
		<b id="35" c="18 32" t="1"/>
		<b id="36" c="19 33" t="1"/>
		<b id="37" c="22 34" t="1"/>
	</bonds>
	<geometry>
		<g u="A" t="cart/3d">#34,3:1.3957,-5.6130,-0.5161;0.1050,-5.2899,-0.7319;-0.7475,-6.2375,-1.2687;-2.0673,-5.8844,-1.4835;-2.5177,-4.6137,-1.1671;-1.6523,-3.6756,-0.6219;-2.1124,-2.2766,-0.2742;-3.5394,-2.1436,-0.1679;-4.2926,-1.4595,-1.0846;-5.6075,-1.4846,-0.7368;-5.6802,-2.2306,0.4633;-6.7280,-2.5980,1.3287;-8.3351,-2.1086,0.9571;-6.5524,-3.2866,2.4058;-5.3043,-3.7062,2.7359;-5.1849,-4.4623,3.9131;-3.9671,-4.9441,4.3153;-2.8293,-4.6893,3.5465;-2.9121,-3.9471,2.3952;-4.1413,-3.4258,1.9578;-4.3697,-2.6407,0.7949;-0.3237,-4.0186,-0.4038;-0.3765,-7.2212,-1.5073;-2.7523,-6.6056,-1.9013;-3.5511,-4.3568,-1.3422;-1.7770,-1.5940,-1.0636;-1.6411,-1.9503,0.6601;-3.8215,-0.9936,-1.9287;-6.4288,-1.0331,-1.2541;-6.0839,-4.6494,4.4784;-3.8824,-5.5266,5.2204;-1.8733,-5.0828,3.8591;-2.0173,-3.7855,1.8187;0.3747,-3.3117,0.0178;</g>
	</geometry>
	<conformers/>
	<properties/>
</molecule>
