<?xml version="1.0" ?>
<!--MOLLI PACKAGE EXPERIMENTAL XML FORMAT-->
<molecule name="el2117">
	<atoms>
		<a id="1" s="C" t="C.3" l="C"/>
		<a id="2" s="O" t="O.3" l="O"/>
		<a id="3" s="C" t="C.ar" l="C"/>
		<a id="4" s="C" t="C.ar" l="C"/>
		<a id="5" s="C" t="C.ar" l="C"/>
		<a id="6" s="C" t="C.ar" l="C"/>
		<a id="7" s="C" t="C.ar" l="C"/>
		<a id="8" s="C" t="C.3" l="C"/>
		<a id="9" s="N" t="N.ar" l="N"/>
		<a id="10" s="C" t="C.ar" l="C"/>
		<a id="11" s="C" t="C.ar" l="C"/>
		<a id="12" s="C" t="C.ar" l="C"/>
		<a id="13" s="C" t="C.ar" l="C"/>
		<a id="14" s="Cl" t="Cl" l="CL"/>
		<a id="15" s="N" t="N.ar" l="N"/>
		<a id="16" s="C" t="C.ar" l="C"/>
		<a id="17" s="C" t="C.ar" l="C"/>
		<a id="18" s="C" t="C.ar" l="C"/>
		<a id="19" s="C" t="C.ar" l="C"/>
		<a id="20" s="C" t="C.ar" l="C"/>
		<a id="21" s="C" t="C.ar" l="C"/>
		<a id="22" s="C" t="C.ar" l="C"/>
		<a id="23" s="C" t="C.ar" l="C"/>
		<a id="24" s="H" t="H" l="H"/>
		<a id="25" s="H" t="H" l="H"/>
		<a id="26" s="H" t="H" l="H"/>
		<a id="27" s="H" t="H" l="H"/>
		<a id="28" s="H" t="H" l="H"/>
		<a id="29" s="H" t="H" l="H"/>
		<a id="30" s="H" t="H" l="H"/>
		<a id="31" s="H" t="H" l="H"/>
		<a id="32" s="H" t="H" l="H"/>
		<a id="33" s="H" t="H" l="H"/>
		<a id="34" s="H" t="H" l="H"/>
		<a id="35" s="H" t="H" l="H"/>
		<a id="36" s="H" t="H" l="H"/>
		<a id="37" s="H" t="H" l="H"/>
		<a id="38" s="H" t="H" l="H"/>
	</atoms>
	<bonds>
		<b id="1" c="1 2" t="1"/>
		<b id="2" c="2 3" t="1"/>
		<b id="3" c="3 4" t="ar"/>
		<b id="4" c="4 5" t="ar"/>
		<b id="5" c="5 6" t="ar"/>
		<b id="6" c="6 7" t="ar"/>
		<b id="7" c="7 8" t="1"/>
		<b id="8" c="8 9" t="1"/>
		<b id="9" c="9 10" t="ar"/>
		<b id="10" c="10 11" t="ar"/>
		<b id="11" c="11 12" t="ar"/>
		<b id="12" c="12 13" t="ar"/>
		<b id="13" c="13 14" t="1"/>
		<b id="14" c="13 15" t="ar"/>
		<b id="15" c="15 16" t="ar"/>
		<b id="16" c="16 17" t="ar"/>
		<b id="17" c="17 18" t="ar"/>
		<b id="18" c="18 19" t="ar"/>
		<b id="19" c="19 20" t="ar"/>
		<b id="20" c="20 21" t="ar"/>
		<b id="21" c="16 21" t="ar"/>
		<b id="22" c="21 22" t="ar"/>
		<b id="23" c="12 22" t="ar"/>
		<b id="24" c="9 22" t="ar"/>
		<b id="25" c="7 23" t="ar"/>
		<b id="26" c="3 23" t="ar"/>
		<b id="27" c="1 24" t="1"/>
		<b id="28" c="1 25" t="1"/>
		<b id="29" c="1 26" t="1"/>
		<b id="30" c="4 27" t="1"/>
		<b id="31" c="5 28" t="1"/>
		<b id="32" c="6 29" t="1"/>
		<b id="33" c="8 30" t="1"/>
		<b id="34" c="8 31" t="1"/>
		<b id="35" c="10 32" t="1"/>
		<b id="36" c="11 33" t="1"/>
		<b id="37" c="17 34" t="1"/>
		<b id="38" c="18 35" t="1"/>
		<b id="39" c="19 36" t="1"/>
		<b id="40" c="20 37" t="1"/>
		<b id="41" c="23 38" t="1"/>
	</bonds>
	<geometry>
		<g u="A" t="cart/3d">#38,3:7.8284,1.4284,2.7873;7.0790,0.3195,2.3506;7.6840,-0.8986,2.3118;8.9781,-1.1645,2.7440;9.4852,-2.4489,2.6310;8.7278,-3.4706,2.0934;7.4267,-3.2155,1.6700;6.5840,-4.3089,1.0545;7.2566,-4.9366,-0.0580;7.2025,-4.3842,-1.3091;7.9162,-5.1310,-2.1937;8.4518,-6.2073,-1.4494;9.2362,-7.3256,-1.7840;9.7313,-7.5488,-3.4152;9.6041,-8.2179,-0.9276;9.2415,-8.0829,0.3727;9.6915,-9.0832,1.2495;9.3924,-9.0340,2.5854;8.6405,-7.9698,3.0857;8.1798,-6.9810,2.2527;8.4495,-7.0044,0.8727;8.0357,-6.0551,-0.1052;6.9164,-1.9355,1.7798;7.1674,2.2885,2.6862;8.7173,1.5802,2.1647;8.1301,1.3263,3.8355;9.5967,-0.3870,3.1631;10.4920,-2.6503,2.9660;9.1514,-4.4580,1.9980;5.6527,-3.8745,0.6789;6.3176,-5.0659,1.7940;6.6420,-3.4839,-1.4717;8.0482,-4.9546,-3.2413;10.2791,-9.8835,0.8296;9.7415,-9.8070,3.2536;8.4177,-7.9232,4.1417;7.6175,-6.1713,2.6879;5.9138,-1.7048,1.4529;</g>
	</geometry>
	<conformers/>
	<properties/>
</molecule>
