<?xml version="1.0" ?>
<!--MOLLI PACKAGE EXPERIMENTAL XML FORMAT-->
<molecule name="el2123">
	<atoms>
		<a id="1" s="Cl" t="Cl" l="CL"/>
		<a id="2" s="C" t="C.ar" l="C"/>
		<a id="3" s="N" t="N.ar" l="N"/>
		<a id="4" s="C" t="C.ar" l="C"/>
		<a id="5" s="C" t="C.ar" l="C"/>
		<a id="6" s="C" t="C.ar" l="C"/>
		<a id="7" s="C" t="C.ar" l="C"/>
		<a id="8" s="C" t="C.ar" l="C"/>
		<a id="9" s="C" t="C.ar" l="C"/>
		<a id="10" s="C" t="C.ar" l="C"/>
		<a id="11" s="N" t="N.ar" l="N"/>
		<a id="12" s="C" t="C.ar" l="C"/>
		<a id="13" s="S" t="S.2" l="S"/>
		<a id="14" s="C" t="C.ar" l="C"/>
		<a id="15" s="C" t="C.ar" l="C"/>
		<a id="16" s="N" t="N.ar" l="N"/>
		<a id="17" s="H" t="H" l="H"/>
		<a id="18" s="H" t="H" l="H"/>
		<a id="19" s="H" t="H" l="H"/>
		<a id="20" s="H" t="H" l="H"/>
		<a id="21" s="H" t="H" l="H"/>
		<a id="22" s="H" t="H" l="H"/>
	</atoms>
	<bonds>
		<b id="1" c="1 2" t="1"/>
		<b id="2" c="2 3" t="ar"/>
		<b id="3" c="3 4" t="ar"/>
		<b id="4" c="4 5" t="ar"/>
		<b id="5" c="5 6" t="ar"/>
		<b id="6" c="6 7" t="1"/>
		<b id="7" c="7 8" t="ar"/>
		<b id="8" c="8 9" t="ar"/>
		<b id="9" c="9 10" t="ar"/>
		<b id="10" c="10 11" t="ar"/>
		<b id="11" c="11 12" t="ar"/>
		<b id="12" c="12 13" t="ar"/>
		<b id="13" c="13 14" t="ar"/>
		<b id="14" c="10 14" t="ar"/>
		<b id="15" c="14 15" t="ar"/>
		<b id="16" c="7 15" t="ar"/>
		<b id="17" c="6 16" t="ar"/>
		<b id="18" c="2 16" t="ar"/>
		<b id="19" c="4 17" t="1"/>
		<b id="20" c="5 18" t="1"/>
		<b id="21" c="8 19" t="1"/>
		<b id="22" c="9 20" t="1"/>
		<b id="23" c="12 21" t="1"/>
		<b id="24" c="15 22" t="1"/>
	</bonds>
	<geometry>
		<g u="A" t="cart/3d">#22,3:-1.5365,-0.0334,-1.6128;-0.0881,-0.0301,-0.7106;0.2343,1.1061,-0.1227;1.3673,1.0957,0.5633;2.1623,-0.0317,0.6726;1.7148,-1.1880,0.0233;2.4313,-2.4648,0.0463;3.3817,-2.7585,1.0376;4.0478,-3.9614,1.0581;3.7750,-4.9048,0.0697;4.3475,-6.1356,-0.0506;3.8850,-6.7720,-1.0531;2.6721,-5.9567,-2.0141;2.8117,-4.6079,-0.9252;2.1391,-3.4033,-0.9399;0.5784,-1.1606,-0.6779;1.6341,2.0323,1.0344;3.0890,-0.0047,1.2192;3.5797,-2.0387,1.8163;4.7724,-4.1937,1.8217;4.2028,-7.7597,-1.3249;1.4006,-3.1729,-1.6901;</g>
	</geometry>
	<conformers/>
	<properties/>
</molecule>
