<?xml version="1.0" ?>
<!--MOLLI PACKAGE EXPERIMENTAL XML FORMAT-->
<molecule name="el2129">
	<atoms>
		<a id="1" s="Cl" t="Cl" l="CL"/>
		<a id="2" s="C" t="C.ar" l="C"/>
		<a id="3" s="C" t="C.ar" l="C"/>
		<a id="4" s="C" t="C.ar" l="C"/>
		<a id="5" s="N" t="N.ar" l="N"/>
		<a id="6" s="C" t="C.ar" l="C"/>
		<a id="7" s="N" t="N.ar" l="N"/>
		<a id="8" s="H" t="H" l="H"/>
		<a id="9" s="H" t="H" l="H"/>
		<a id="10" s="H" t="H" l="H"/>
	</atoms>
	<bonds>
		<b id="1" c="1 2" t="1"/>
		<b id="2" c="2 3" t="ar"/>
		<b id="3" c="3 4" t="ar"/>
		<b id="4" c="4 5" t="ar"/>
		<b id="5" c="5 6" t="ar"/>
		<b id="6" c="6 7" t="ar"/>
		<b id="7" c="2 7" t="ar"/>
		<b id="8" c="3 8" t="1"/>
		<b id="9" c="4 9" t="1"/>
		<b id="10" c="6 10" t="1"/>
	</bonds>
	<geometry>
		<g u="A" t="cart/3d">#10,3:2.0951,-0.0116,0.0120;0.3805,0.0262,0.0093;-0.3027,1.2388,0.0075;-1.6853,1.1396,0.0050;-2.3146,-0.0269,0.0040;-1.5605,-1.1070,0.0052;-0.2389,-1.1375,0.0081;0.2132,2.1835,0.0079;-2.3139,2.0201,0.0034;-2.0638,-2.0646,0.0060;</g>
	</geometry>
	<conformers/>
	<properties/>
</molecule>
