<?xml version="1.0" ?>
<!--MOLLI PACKAGE EXPERIMENTAL XML FORMAT-->
<molecule name="el2135">
	<atoms>
		<a id="1" s="C" t="C.3" l="C"/>
		<a id="2" s="C" t="C.ar" l="C"/>
		<a id="3" s="C" t="C.ar" l="C"/>
		<a id="4" s="C" t="C.ar" l="C"/>
		<a id="5" s="C" t="C.ar" l="C"/>
		<a id="6" s="C" t="C.ar" l="C"/>
		<a id="7" s="C" t="C.ar" l="C"/>
		<a id="8" s="N" t="N.ar" l="N"/>
		<a id="9" s="C" t="C.ar" l="C"/>
		<a id="10" s="Cl" t="Cl" l="CL"/>
		<a id="11" s="N" t="N.ar" l="N"/>
		<a id="12" s="C" t="C.ar" l="C"/>
		<a id="13" s="C" t="C.ar" l="C"/>
		<a id="14" s="C" t="C.ar" l="C"/>
		<a id="15" s="C" t="C.3" l="C"/>
		<a id="16" s="C" t="C.3" l="C"/>
		<a id="17" s="N" t="N.am" l="N"/>
		<a id="18" s="C" t="C.2" l="C"/>
		<a id="19" s="O" t="O.2" l="O"/>
		<a id="20" s="N" t="N.am" l="N"/>
		<a id="21" s="C" t="C.3" l="C"/>
		<a id="22" s="C" t="C.3" l="C"/>
		<a id="23" s="O" t="O.3" l="O"/>
		<a id="24" s="C" t="C.3" l="C"/>
		<a id="25" s="C" t="C.3" l="C"/>
		<a id="26" s="C" t="C.3" l="C"/>
		<a id="27" s="C" t="C.3" l="C"/>
		<a id="28" s="H" t="H" l="H"/>
		<a id="29" s="H" t="H" l="H"/>
		<a id="30" s="H" t="H" l="H"/>
		<a id="31" s="H" t="H" l="H"/>
		<a id="32" s="H" t="H" l="H"/>
		<a id="33" s="H" t="H" l="H"/>
		<a id="34" s="H" t="H" l="H"/>
		<a id="35" s="H" t="H" l="H"/>
		<a id="36" s="H" t="H" l="H"/>
		<a id="37" s="H" t="H" l="H"/>
		<a id="38" s="H" t="H" l="H"/>
		<a id="39" s="H" t="H" l="H"/>
		<a id="40" s="H" t="H" l="H"/>
		<a id="41" s="H" t="H" l="H"/>
		<a id="42" s="H" t="H" l="H"/>
		<a id="43" s="H" t="H" l="H"/>
		<a id="44" s="H" t="H" l="H"/>
		<a id="45" s="H" t="H" l="H"/>
		<a id="46" s="H" t="H" l="H"/>
		<a id="47" s="H" t="H" l="H"/>
		<a id="48" s="H" t="H" l="H"/>
		<a id="49" s="H" t="H" l="H"/>
		<a id="50" s="H" t="H" l="H"/>
		<a id="51" s="H" t="H" l="H"/>
		<a id="52" s="H" t="H" l="H"/>
	</atoms>
	<bonds>
		<b id="1" c="1 2" t="1"/>
		<b id="2" c="2 3" t="ar"/>
		<b id="3" c="3 4" t="ar"/>
		<b id="4" c="4 5" t="1"/>
		<b id="5" c="5 6" t="ar"/>
		<b id="6" c="6 7" t="ar"/>
		<b id="7" c="7 8" t="ar"/>
		<b id="8" c="8 9" t="ar"/>
		<b id="9" c="9 10" t="1"/>
		<b id="10" c="9 11" t="ar"/>
		<b id="11" c="5 11" t="ar"/>
		<b id="12" c="4 12" t="ar"/>
		<b id="13" c="12 13" t="ar"/>
		<b id="14" c="13 14" t="ar"/>
		<b id="15" c="2 14" t="ar"/>
		<b id="16" c="14 15" t="1"/>
		<b id="17" c="15 16" t="1"/>
		<b id="18" c="15 17" t="1"/>
		<b id="19" c="17 18" t="am"/>
		<b id="20" c="18 19" t="2"/>
		<b id="21" c="18 20" t="am"/>
		<b id="22" c="20 21" t="1"/>
		<b id="23" c="21 22" t="1"/>
		<b id="24" c="22 23" t="1"/>
		<b id="25" c="23 24" t="1"/>
		<b id="26" c="24 25" t="1"/>
		<b id="27" c="24 26" t="1"/>
		<b id="28" c="22 27" t="1"/>
		<b id="29" c="20 27" t="1"/>
		<b id="30" c="1 28" t="1"/>
		<b id="31" c="1 29" t="1"/>
		<b id="32" c="1 30" t="1"/>
		<b id="33" c="3 31" t="1"/>
		<b id="34" c="6 32" t="1"/>
		<b id="35" c="7 33" t="1"/>
		<b id="36" c="12 34" t="1"/>
		<b id="37" c="13 35" t="1"/>
		<b id="38" c="15 36" t="1"/>
		<b id="39" c="16 37" t="1"/>
		<b id="40" c="16 38" t="1"/>
		<b id="41" c="16 39" t="1"/>
		<b id="42" c="17 40" t="1"/>
		<b id="43" c="21 41" t="1"/>
		<b id="44" c="21 42" t="1"/>
		<b id="45" c="22 43" t="1"/>
		<b id="46" c="24 44" t="1"/>
		<b id="47" c="25 45" t="1"/>
		<b id="48" c="25 46" t="1"/>
		<b id="49" c="25 47" t="1"/>
		<b id="50" c="26 48" t="1"/>
		<b id="51" c="26 49" t="1"/>
		<b id="52" c="26 50" t="1"/>
		<b id="53" c="27 51" t="1"/>
		<b id="54" c="27 52" t="1"/>
	</bonds>
	<geometry>
		<g u="A" t="cart/3d">#52,3:0.3051,-1.4236,2.4865;0.0694,-0.6799,1.2077;-0.3330,0.6469,1.2584;-0.5489,1.3987,0.1054;-0.9939,2.7912,0.1465;-1.0762,3.5594,1.3155;-1.5365,4.8566,1.1882;-1.8832,5.3808,0.0208;-1.7528,4.5803,-1.0185;-2.1735,5.2410,-2.5386;-1.3382,3.3367,-1.0249;-0.3377,0.7911,-1.1320;0.0579,-0.5275,-1.1930;0.2503,-1.2841,-0.0417;0.6855,-2.7307,-0.1684;-0.2495,-3.5360,-1.0698;2.0478,-2.8164,-0.6675;3.1058,-2.8725,0.1977;2.9869,-3.0188,1.3991;4.3257,-2.7434,-0.4032;5.5929,-3.1784,0.1664;6.1454,-3.3492,-1.2575;6.6078,-4.6390,-1.5018;7.0914,-4.8758,-2.8230;8.5496,-4.4389,-2.9675;6.9388,-6.3705,-3.0871;4.7208,-3.0218,-1.7744;0.2493,-0.7469,3.3351;1.2882,-1.8931,2.4804;-0.4435,-2.2034,2.6236;-0.4902,1.0917,2.2294;-0.7902,3.1716,2.2774;-1.6376,5.5149,2.0409;-0.4933,1.3689,-2.0285;0.2156,-0.9793,-2.1613;0.7131,-3.1967,0.8182;-0.2206,-3.1746,-2.0944;-1.2698,-3.4561,-0.7050;0.0451,-4.5822,-1.0657;2.2099,-2.4661,-1.5981;5.5233,-4.1200,0.7141;6.0728,-2.4227,0.7881;6.8858,-2.5900,-1.5363;6.4697,-4.3136,-3.5376;9.1627,-4.9685,-2.2431;8.6563,-3.3704,-2.7962;8.9058,-4.6650,-3.9685;7.5271,-6.9294,-2.3652;7.2780,-6.6114,-4.0904;5.8978,-6.6633,-2.9827;4.2174,-3.8893,-2.2130;4.6359,-2.1587,-2.4401;</g>
	</geometry>
	<conformers/>
	<properties/>
</molecule>
