<?xml version="1.0" ?>
<!--MOLLI PACKAGE EXPERIMENTAL XML FORMAT-->
<molecule name="el2138">
	<atoms>
		<a id="1" s="C" t="C.3" l="C"/>
		<a id="2" s="C" t="C.3" l="C"/>
		<a id="3" s="O" t="O.3" l="O"/>
		<a id="4" s="P" t="P.3" l="P"/>
		<a id="5" s="O" t="O.2" l="O"/>
		<a id="6" s="C" t="C.3" l="C"/>
		<a id="7" s="N" t="N.pl3" l="N"/>
		<a id="8" s="C" t="C.ar" l="C"/>
		<a id="9" s="C" t="C.ar" l="C"/>
		<a id="10" s="C" t="C.ar" l="C"/>
		<a id="11" s="Cl" t="Cl" l="CL"/>
		<a id="12" s="C" t="C.ar" l="C"/>
		<a id="13" s="C" t="C.3" l="C"/>
		<a id="14" s="F" t="F" l="F"/>
		<a id="15" s="F" t="F" l="F"/>
		<a id="16" s="F" t="F" l="F"/>
		<a id="17" s="C" t="C.ar" l="C"/>
		<a id="18" s="C" t="C.ar" l="C"/>
		<a id="19" s="N" t="N.pl3" l="N"/>
		<a id="20" s="O" t="O.2" l="O"/>
		<a id="21" s="O" t="O.co2" l="O"/>
		<a id="22" s="O" t="O.3" l="O"/>
		<a id="23" s="C" t="C.3" l="C"/>
		<a id="24" s="C" t="C.3" l="C"/>
		<a id="25" s="H" t="H" l="H"/>
		<a id="26" s="H" t="H" l="H"/>
		<a id="27" s="H" t="H" l="H"/>
		<a id="28" s="H" t="H" l="H"/>
		<a id="29" s="H" t="H" l="H"/>
		<a id="30" s="H" t="H" l="H"/>
		<a id="31" s="H" t="H" l="H"/>
		<a id="32" s="H" t="H" l="H"/>
		<a id="33" s="H" t="H" l="H"/>
		<a id="34" s="H" t="H" l="H"/>
		<a id="35" s="H" t="H" l="H"/>
		<a id="36" s="H" t="H" l="H"/>
		<a id="37" s="H" t="H" l="H"/>
		<a id="38" s="H" t="H" l="H"/>
		<a id="39" s="H" t="H" l="H"/>
	</atoms>
	<bonds>
		<b id="1" c="1 2" t="1"/>
		<b id="2" c="2 3" t="1"/>
		<b id="3" c="3 4" t="1"/>
		<b id="4" c="4 5" t="2"/>
		<b id="5" c="4 6" t="1"/>
		<b id="6" c="6 7" t="1"/>
		<b id="7" c="7 8" t="1"/>
		<b id="8" c="8 9" t="ar"/>
		<b id="9" c="9 10" t="ar"/>
		<b id="10" c="10 11" t="1"/>
		<b id="11" c="10 12" t="ar"/>
		<b id="12" c="12 13" t="1"/>
		<b id="13" c="13 14" t="1"/>
		<b id="14" c="13 15" t="1"/>
		<b id="15" c="13 16" t="1"/>
		<b id="16" c="12 17" t="ar"/>
		<b id="17" c="17 18" t="ar"/>
		<b id="18" c="8 18" t="ar"/>
		<b id="19" c="18 19" t="1"/>
		<b id="20" c="19 20" t="2"/>
		<b id="21" c="19 21" t="1"/>
		<b id="22" c="4 22" t="1"/>
		<b id="23" c="22 23" t="1"/>
		<b id="24" c="23 24" t="1"/>
		<b id="25" c="1 25" t="1"/>
		<b id="26" c="1 26" t="1"/>
		<b id="27" c="1 27" t="1"/>
		<b id="28" c="2 28" t="1"/>
		<b id="29" c="2 29" t="1"/>
		<b id="30" c="6 30" t="1"/>
		<b id="31" c="6 31" t="1"/>
		<b id="32" c="7 32" t="1"/>
		<b id="33" c="9 33" t="1"/>
		<b id="34" c="17 34" t="1"/>
		<b id="35" c="23 35" t="1"/>
		<b id="36" c="23 36" t="1"/>
		<b id="37" c="24 37" t="1"/>
		<b id="38" c="24 38" t="1"/>
		<b id="39" c="24 39" t="1"/>
	</bonds>
	<geometry>
		<g u="A" t="cart/3d">#39,3:5.9944,-4.0106,-0.5291;6.0779,-2.6428,-1.1832;6.1029,-1.5954,-0.2186;4.7335,-1.1528,0.4866;3.5390,-1.3845,-0.3389;4.6341,-1.9449,2.1490;3.2560,-2.2981,2.3158;2.6997,-3.1571,3.1871;1.3958,-3.6218,2.9080;0.7810,-4.5840,3.6707;-0.8076,-5.0900,3.2676;1.4568,-5.1641,4.7606;0.8065,-6.2392,5.5856;-0.3234,-5.8206,6.1803;0.4752,-7.3190,4.8585;1.6044,-6.6791,6.5667;2.7156,-4.7014,5.0772;3.3226,-3.6856,4.3428;4.5347,-3.1623,4.8934;4.7106,-1.9594,4.8237;5.2897,-3.9378,5.4421;5.0144,0.3530,0.9011;4.6900,1.4133,-0.0024;3.9519,2.4999,0.7596;6.0836,-4.7848,-1.2862;5.0348,-4.1211,-0.0268;6.7957,-4.1323,0.1960;5.2216,-2.4934,-1.8481;7.0061,-2.5336,-1.7492;4.9717,-1.2275,2.9075;5.2857,-2.8243,2.2024;2.6889,-2.0502,1.5108;0.8751,-3.2117,2.0572;3.2493,-5.1013,5.9275;4.0686,1.0193,-0.8133;5.6241,1.7980,-0.4221;3.0143,2.1120,1.1490;3.7442,3.3355,0.0974;4.5580,2.8457,1.5924;</g>
	</geometry>
	<conformers/>
	<properties/>
</molecule>
