<?xml version="1.0" ?>
<!--MOLLI PACKAGE EXPERIMENTAL XML FORMAT-->
<molecule name="el2140">
	<atoms>
		<a id="1" s="F" t="F" l="F"/>
		<a id="2" s="C" t="C.ar" l="C"/>
		<a id="3" s="C" t="C.ar" l="C"/>
		<a id="4" s="N" t="N.ar" l="N"/>
		<a id="5" s="C" t="C.ar" l="C"/>
		<a id="6" s="Cl" t="Cl" l="CL"/>
		<a id="7" s="N" t="N.ar" l="N"/>
		<a id="8" s="C" t="C.ar" l="C"/>
		<a id="9" s="C" t="C.ar" l="C"/>
		<a id="10" s="C" t="C.ar" l="C"/>
		<a id="11" s="N" t="N.ar" l="N"/>
		<a id="12" s="C" t="C.ar" l="C"/>
		<a id="13" s="C" t="C.ar" l="C"/>
		<a id="14" s="N" t="N.ar" l="N"/>
		<a id="15" s="N" t="N.ar" l="N"/>
		<a id="16" s="C" t="C.3" l="C"/>
		<a id="17" s="C" t="C.3" l="C"/>
		<a id="18" s="C" t="C.3" l="C"/>
		<a id="19" s="C" t="C.ar" l="C"/>
		<a id="20" s="C" t="C.ar" l="C"/>
		<a id="21" s="H" t="H" l="H"/>
		<a id="22" s="H" t="H" l="H"/>
		<a id="23" s="H" t="H" l="H"/>
		<a id="24" s="H" t="H" l="H"/>
		<a id="25" s="H" t="H" l="H"/>
		<a id="26" s="H" t="H" l="H"/>
		<a id="27" s="H" t="H" l="H"/>
		<a id="28" s="H" t="H" l="H"/>
		<a id="29" s="H" t="H" l="H"/>
	</atoms>
	<bonds>
		<b id="1" c="1 2" t="1"/>
		<b id="2" c="2 3" t="ar"/>
		<b id="3" c="3 4" t="ar"/>
		<b id="4" c="4 5" t="ar"/>
		<b id="5" c="5 6" t="1"/>
		<b id="6" c="5 7" t="ar"/>
		<b id="7" c="7 8" t="ar"/>
		<b id="8" c="2 8" t="ar"/>
		<b id="9" c="8 9" t="1"/>
		<b id="10" c="9 10" t="ar"/>
		<b id="11" c="10 11" t="ar"/>
		<b id="12" c="11 12" t="ar"/>
		<b id="13" c="12 13" t="ar"/>
		<b id="14" c="13 14" t="ar"/>
		<b id="15" c="14 15" t="ar"/>
		<b id="16" c="15 16" t="1"/>
		<b id="17" c="16 17" t="1"/>
		<b id="18" c="17 18" t="1"/>
		<b id="19" c="16 18" t="1"/>
		<b id="20" c="15 19" t="ar"/>
		<b id="21" c="12 19" t="ar"/>
		<b id="22" c="19 20" t="ar"/>
		<b id="23" c="9 20" t="ar"/>
		<b id="24" c="3 21" t="1"/>
		<b id="25" c="10 22" t="1"/>
		<b id="26" c="13 23" t="1"/>
		<b id="27" c="16 24" t="1"/>
		<b id="28" c="17 25" t="1"/>
		<b id="29" c="17 26" t="1"/>
		<b id="30" c="18 27" t="1"/>
		<b id="31" c="18 28" t="1"/>
		<b id="32" c="20 29" t="1"/>
	</bonds>
	<geometry>
		<g u="A" t="cart/3d">#29,3:2.6612,1.5189,-2.5617;3.0599,0.8672,-1.4532;3.7571,-0.3216,-1.5808;4.1494,-1.0080,-0.5211;3.8226,-0.4996,0.6543;4.3072,-1.3806,2.0245;3.1644,0.6158,0.8788;2.7691,1.3448,-0.1653;2.0294,2.5688,0.1218;1.2875,2.6318,1.3305;0.5776,3.6561,1.7101;0.5608,4.7060,0.8862;-0.0793,5.9623,0.9694;0.2031,6.6817,-0.0890;1.0107,5.9754,-0.8870;1.4303,6.5830,-2.1010;1.6548,5.7849,-3.3503;2.8211,6.3979,-2.6324;1.2708,4.7525,-0.3547;2.0350,3.6562,-0.7403;4.0043,-0.7321,-2.5498;1.3009,1.7774,1.9912;-0.7154,6.3432,1.7410;0.9678,7.5586,-2.1803;1.3398,6.2215,-4.2851;1.5213,4.7157,-3.3088;3.3078,7.2534,-3.0736;3.4930,5.7532,-2.0881;2.6271,3.6530,-1.6408;</g>
	</geometry>
	<conformers/>
	<properties/>
</molecule>
