<?xml version="1.0" ?>
<!--MOLLI PACKAGE EXPERIMENTAL XML FORMAT-->
<molecule name="el2141">
	<atoms>
		<a id="1" s="Cl" t="Cl" l="CL"/>
		<a id="2" s="C" t="C.ar" l="C"/>
		<a id="3" s="N" t="N.ar" l="N"/>
		<a id="4" s="C" t="C.ar" l="C"/>
		<a id="5" s="N" t="N.pl3" l="N"/>
		<a id="6" s="C" t="C.3" l="C"/>
		<a id="7" s="C" t="C.ar" l="C"/>
		<a id="8" s="C" t="C.ar" l="C"/>
		<a id="9" s="N" t="N.ar" l="N"/>
		<a id="10" s="C" t="C.ar" l="C"/>
		<a id="11" s="C" t="C.ar" l="C"/>
		<a id="12" s="N" t="N.ar" l="N"/>
		<a id="13" s="C" t="C.ar" l="C"/>
		<a id="14" s="C" t="C.ar" l="C"/>
		<a id="15" s="C" t="C.ar" l="C"/>
		<a id="16" s="C" t="C.ar" l="C"/>
		<a id="17" s="C" t="C.ar" l="C"/>
		<a id="18" s="C" t="C.ar" l="C"/>
		<a id="19" s="N" t="N.ar" l="N"/>
		<a id="20" s="H" t="H" l="H"/>
		<a id="21" s="H" t="H" l="H"/>
		<a id="22" s="H" t="H" l="H"/>
		<a id="23" s="H" t="H" l="H"/>
		<a id="24" s="H" t="H" l="H"/>
		<a id="25" s="H" t="H" l="H"/>
		<a id="26" s="H" t="H" l="H"/>
		<a id="27" s="H" t="H" l="H"/>
		<a id="28" s="H" t="H" l="H"/>
		<a id="29" s="H" t="H" l="H"/>
	</atoms>
	<bonds>
		<b id="1" c="1 2" t="1"/>
		<b id="2" c="2 3" t="ar"/>
		<b id="3" c="3 4" t="ar"/>
		<b id="4" c="4 5" t="1"/>
		<b id="5" c="5 6" t="1"/>
		<b id="6" c="6 7" t="1"/>
		<b id="7" c="7 8" t="ar"/>
		<b id="8" c="8 9" t="ar"/>
		<b id="9" c="9 10" t="ar"/>
		<b id="10" c="10 11" t="ar"/>
		<b id="11" c="11 12" t="ar"/>
		<b id="12" c="7 12" t="ar"/>
		<b id="13" c="4 13" t="ar"/>
		<b id="14" c="13 14" t="ar"/>
		<b id="15" c="14 15" t="ar"/>
		<b id="16" c="15 16" t="ar"/>
		<b id="17" c="16 17" t="ar"/>
		<b id="18" c="17 18" t="ar"/>
		<b id="19" c="13 18" t="ar"/>
		<b id="20" c="18 19" t="ar"/>
		<b id="21" c="2 19" t="ar"/>
		<b id="22" c="5 20" t="1"/>
		<b id="23" c="6 21" t="1"/>
		<b id="24" c="6 22" t="1"/>
		<b id="25" c="8 23" t="1"/>
		<b id="26" c="10 24" t="1"/>
		<b id="27" c="11 25" t="1"/>
		<b id="28" c="14 26" t="1"/>
		<b id="29" c="15 27" t="1"/>
		<b id="30" c="16 28" t="1"/>
		<b id="31" c="17 29" t="1"/>
	</bonds>
	<geometry>
		<g u="A" t="cart/3d">#29,3:1.0016,-0.0161,-0.5686;2.7058,-0.0835,-0.4303;3.2241,-1.2980,-0.5798;4.5396,-1.4151,-0.4806;5.0646,-2.6369,-0.6770;4.2284,-3.8083,-0.8304;3.8259,-4.3515,0.5173;2.6344,-3.9843,1.1423;2.3127,-4.4444,2.3392;3.1680,-5.2670,2.9273;4.3627,-5.6242,2.3167;4.6877,-5.1646,1.1185;5.3645,-0.2671,-0.2216;6.7629,-0.2764,-0.1068;7.4440,0.8886,0.1393;6.7551,2.0989,0.2794;5.3905,2.1406,0.1725;4.6688,0.9614,-0.0813;3.3188,1.0314,-0.1889;6.0260,-2.7952,-0.4220;4.7966,-4.5649,-1.3748;3.3422,-3.5088,-1.3916;1.9351,-3.3074,0.6729;2.8860,-5.6380,3.9026;5.0776,-6.2866,2.7854;7.3132,-1.2001,-0.2168;8.5202,0.8756,0.2246;7.3110,3.0044,0.4722;4.8361,3.0594,0.2744;</g>
	</geometry>
	<conformers/>
	<properties/>
</molecule>
