<?xml version="1.0" ?>
<!--MOLLI PACKAGE EXPERIMENTAL XML FORMAT-->
<molecule name="el2147">
	<atoms>
		<a id="1" s="Cl" t="Cl" l="CL"/>
		<a id="2" s="C" t="C.ar" l="C"/>
		<a id="3" s="N" t="N.ar" l="N"/>
		<a id="4" s="C" t="C.ar" l="C"/>
		<a id="5" s="C" t="C.ar" l="C"/>
		<a id="6" s="C" t="C.ar" l="C"/>
		<a id="7" s="C" t="C.ar" l="C"/>
		<a id="8" s="C" t="C.ar" l="C"/>
		<a id="9" s="C" t="C.ar" l="C"/>
		<a id="10" s="C" t="C.ar" l="C"/>
		<a id="11" s="N" t="N.ar" l="N"/>
		<a id="12" s="C" t="C.ar" l="C"/>
		<a id="13" s="C" t="C.ar" l="C"/>
		<a id="14" s="C" t="C.ar" l="C"/>
		<a id="15" s="C" t="C.ar" l="C"/>
		<a id="16" s="C" t="C.ar" l="C"/>
		<a id="17" s="C" t="C.ar" l="C"/>
		<a id="18" s="H" t="H" l="H"/>
		<a id="19" s="H" t="H" l="H"/>
		<a id="20" s="H" t="H" l="H"/>
		<a id="21" s="H" t="H" l="H"/>
		<a id="22" s="H" t="H" l="H"/>
		<a id="23" s="H" t="H" l="H"/>
		<a id="24" s="H" t="H" l="H"/>
		<a id="25" s="H" t="H" l="H"/>
		<a id="26" s="H" t="H" l="H"/>
	</atoms>
	<bonds>
		<b id="1" c="1 2" t="1"/>
		<b id="2" c="2 3" t="ar"/>
		<b id="3" c="3 4" t="ar"/>
		<b id="4" c="4 5" t="1"/>
		<b id="5" c="5 6" t="ar"/>
		<b id="6" c="6 7" t="ar"/>
		<b id="7" c="7 8" t="ar"/>
		<b id="8" c="8 9" t="ar"/>
		<b id="9" c="9 10" t="ar"/>
		<b id="10" c="5 10" t="ar"/>
		<b id="11" c="4 11" t="ar"/>
		<b id="12" c="11 12" t="ar"/>
		<b id="13" c="12 13" t="ar"/>
		<b id="14" c="13 14" t="ar"/>
		<b id="15" c="14 15" t="ar"/>
		<b id="16" c="15 16" t="ar"/>
		<b id="17" c="16 17" t="ar"/>
		<b id="18" c="2 17" t="ar"/>
		<b id="19" c="12 17" t="ar"/>
		<b id="20" c="6 18" t="1"/>
		<b id="21" c="7 19" t="1"/>
		<b id="22" c="8 20" t="1"/>
		<b id="23" c="9 21" t="1"/>
		<b id="24" c="10 22" t="1"/>
		<b id="25" c="13 23" t="1"/>
		<b id="26" c="14 24" t="1"/>
		<b id="27" c="15 25" t="1"/>
		<b id="28" c="16 26" t="1"/>
	</bonds>
	<geometry>
		<g u="A" t="cart/3d">#26,3:1.0244,-0.2141,0.1299;2.7447,-0.1390,0.0704;3.3678,-1.2732,0.0380;4.7231,-1.2536,-0.0037;5.3963,-2.5499,-0.0371;4.6555,-3.7290,-0.1039;5.3013,-4.9499,-0.1384;6.6858,-5.0067,-0.1040;7.4274,-3.8370,-0.0359;6.7893,-2.6128,-0.0037;5.4478,-0.1630,-0.0159;4.8195,1.0243,0.0115;5.5748,2.2141,-0.0081;4.9416,3.4262,0.0181;3.5408,3.5094,0.0662;2.7756,2.3745,0.0867;3.3979,1.1164,0.0588;3.5791,-3.6668,-0.1295;4.7257,-5.8624,-0.1923;7.1876,-5.9631,-0.1300;8.5063,-3.8835,-0.0079;7.3470,-1.6913,0.0486;6.6493,2.1310,-0.0451;5.5206,4.3380,0.0018;3.0696,4.4806,0.0864;1.6979,2.4237,0.1233;</g>
	</geometry>
	<conformers/>
	<properties/>
</molecule>
