<?xml version="1.0" ?>
<!--MOLLI PACKAGE EXPERIMENTAL XML FORMAT-->
<molecule name="el2149">
	<atoms>
		<a id="1" s="C" t="C.3" l="C"/>
		<a id="2" s="O" t="O.3" l="O"/>
		<a id="3" s="C" t="C.3" l="C"/>
		<a id="4" s="C" t="C.3" l="C"/>
		<a id="5" s="O" t="O.3" l="O"/>
		<a id="6" s="C" t="C.ar" l="C"/>
		<a id="7" s="C" t="C.ar" l="C"/>
		<a id="8" s="C" t="C.ar" l="C"/>
		<a id="9" s="C" t="C.ar" l="C"/>
		<a id="10" s="C" t="C.ar" l="C"/>
		<a id="11" s="C" t="C.ar" l="C"/>
		<a id="12" s="C" t="C.ar" l="C"/>
		<a id="13" s="N" t="N.ar" l="N"/>
		<a id="14" s="C" t="C.ar" l="C"/>
		<a id="15" s="C" t="C.ar" l="C"/>
		<a id="16" s="C" t="C.1" l="C"/>
		<a id="17" s="N" t="N.1" l="N"/>
		<a id="18" s="C" t="C.ar" l="C"/>
		<a id="19" s="Cl" t="Cl" l="CL"/>
		<a id="20" s="C" t="C.ar" l="C"/>
		<a id="21" s="H" t="H" l="H"/>
		<a id="22" s="H" t="H" l="H"/>
		<a id="23" s="H" t="H" l="H"/>
		<a id="24" s="H" t="H" l="H"/>
		<a id="25" s="H" t="H" l="H"/>
		<a id="26" s="H" t="H" l="H"/>
		<a id="27" s="H" t="H" l="H"/>
		<a id="28" s="H" t="H" l="H"/>
		<a id="29" s="H" t="H" l="H"/>
		<a id="30" s="H" t="H" l="H"/>
		<a id="31" s="H" t="H" l="H"/>
		<a id="32" s="H" t="H" l="H"/>
		<a id="33" s="H" t="H" l="H"/>
	</atoms>
	<bonds>
		<b id="1" c="1 2" t="1"/>
		<b id="2" c="2 3" t="1"/>
		<b id="3" c="3 4" t="1"/>
		<b id="4" c="4 5" t="1"/>
		<b id="5" c="5 6" t="1"/>
		<b id="6" c="6 7" t="ar"/>
		<b id="7" c="7 8" t="ar"/>
		<b id="8" c="8 9" t="ar"/>
		<b id="9" c="9 10" t="ar"/>
		<b id="10" c="10 11" t="1"/>
		<b id="11" c="11 12" t="ar"/>
		<b id="12" c="12 13" t="ar"/>
		<b id="13" c="13 14" t="ar"/>
		<b id="14" c="14 15" t="ar"/>
		<b id="15" c="15 16" t="1"/>
		<b id="16" c="16 17" t="3"/>
		<b id="17" c="15 18" t="ar"/>
		<b id="18" c="11 18" t="ar"/>
		<b id="19" c="18 19" t="1"/>
		<b id="20" c="10 20" t="ar"/>
		<b id="21" c="6 20" t="ar"/>
		<b id="22" c="1 21" t="1"/>
		<b id="23" c="1 22" t="1"/>
		<b id="24" c="1 23" t="1"/>
		<b id="25" c="3 24" t="1"/>
		<b id="26" c="3 25" t="1"/>
		<b id="27" c="4 26" t="1"/>
		<b id="28" c="4 27" t="1"/>
		<b id="29" c="7 28" t="1"/>
		<b id="30" c="8 29" t="1"/>
		<b id="31" c="9 30" t="1"/>
		<b id="32" c="12 31" t="1"/>
		<b id="33" c="14 32" t="1"/>
		<b id="34" c="20 33" t="1"/>
	</bonds>
	<geometry>
		<g u="A" t="cart/3d">#33,3:0.7760,0.0425,-1.1635;2.1633,-0.0198,-1.3808;2.7622,1.2498,-1.4590;4.2613,1.0535,-1.6626;4.8544,2.3319,-1.7124;6.2053,2.4205,-1.8433;7.0721,1.3387,-1.9582;8.4344,1.5618,-2.0765;8.9492,2.8426,-2.0946;8.0863,3.9316,-1.9893;8.6024,5.3091,-1.9852;8.2395,6.1928,-0.9651;8.6529,7.4422,-0.8752;9.4659,7.9037,-1.7998;9.9031,7.1288,-2.8800;10.7699,7.6849,-3.8473;11.4759,8.1544,-4.6177;9.4537,5.8070,-2.9716;9.9237,4.8490,-4.3272;6.7237,3.7150,-1.8550;0.4226,-0.9856,-1.1267;0.2690,0.5757,-1.9770;0.5442,0.5443,-0.2161;2.5905,1.8210,-0.5342;2.3471,1.8276,-2.2983;4.4309,0.5025,-2.5964;4.6612,0.4650,-0.8271;6.7010,0.3265,-1.9555;9.1009,0.7161,-2.1562;10.0137,3.0001,-2.1695;7.5824,5.8562,-0.1748;9.7878,8.9307,-1.6961;6.0370,4.5437,-1.7776;</g>
	</geometry>
	<conformers/>
	<properties/>
</molecule>
