<?xml version="1.0" ?>
<!--MOLLI PACKAGE EXPERIMENTAL XML FORMAT-->
<molecule name="el2151">
	<atoms>
		<a id="1" s="C" t="C.3" l="C"/>
		<a id="2" s="N" t="N.pl3" l="N"/>
		<a id="3" s="C" t="C.ar" l="C"/>
		<a id="4" s="C" t="C.ar" l="C"/>
		<a id="5" s="C" t="C.ar" l="C"/>
		<a id="6" s="Cl" t="Cl" l="CL"/>
		<a id="7" s="N" t="N.ar" l="N"/>
		<a id="8" s="C" t="C.ar" l="C"/>
		<a id="9" s="C" t="C.ar" l="C"/>
		<a id="10" s="C" t="C.1" l="C"/>
		<a id="11" s="C" t="C.1" l="C"/>
		<a id="12" s="C" t="C.3" l="C"/>
		<a id="13" s="C" t="C.3" l="C"/>
		<a id="14" s="C" t="C.3" l="C"/>
		<a id="15" s="O" t="O.3" l="O"/>
		<a id="16" s="Si" t="Si" l="SI"/>
		<a id="17" s="C" t="C.3" l="C"/>
		<a id="18" s="C" t="C.3" l="C"/>
		<a id="19" s="C" t="C.3" l="C"/>
		<a id="20" s="H" t="H" l="H"/>
		<a id="21" s="H" t="H" l="H"/>
		<a id="22" s="H" t="H" l="H"/>
		<a id="23" s="H" t="H" l="H"/>
		<a id="24" s="H" t="H" l="H"/>
		<a id="25" s="H" t="H" l="H"/>
		<a id="26" s="H" t="H" l="H"/>
		<a id="27" s="H" t="H" l="H"/>
		<a id="28" s="H" t="H" l="H"/>
		<a id="29" s="H" t="H" l="H"/>
		<a id="30" s="H" t="H" l="H"/>
		<a id="31" s="H" t="H" l="H"/>
		<a id="32" s="H" t="H" l="H"/>
		<a id="33" s="H" t="H" l="H"/>
		<a id="34" s="H" t="H" l="H"/>
		<a id="35" s="H" t="H" l="H"/>
		<a id="36" s="H" t="H" l="H"/>
		<a id="37" s="H" t="H" l="H"/>
		<a id="38" s="H" t="H" l="H"/>
		<a id="39" s="H" t="H" l="H"/>
		<a id="40" s="H" t="H" l="H"/>
	</atoms>
	<bonds>
		<b id="1" c="1 2" t="1"/>
		<b id="2" c="2 3" t="1"/>
		<b id="3" c="3 4" t="ar"/>
		<b id="4" c="4 5" t="ar"/>
		<b id="5" c="5 6" t="1"/>
		<b id="6" c="5 7" t="ar"/>
		<b id="7" c="7 8" t="ar"/>
		<b id="8" c="8 9" t="ar"/>
		<b id="9" c="3 9" t="ar"/>
		<b id="10" c="9 10" t="1"/>
		<b id="11" c="10 11" t="3"/>
		<b id="12" c="11 12" t="1"/>
		<b id="13" c="12 13" t="1"/>
		<b id="14" c="12 14" t="1"/>
		<b id="15" c="12 15" t="1"/>
		<b id="16" c="15 16" t="1"/>
		<b id="17" c="16 17" t="1"/>
		<b id="18" c="16 18" t="1"/>
		<b id="19" c="16 19" t="1"/>
		<b id="20" c="1 20" t="1"/>
		<b id="21" c="1 21" t="1"/>
		<b id="22" c="1 22" t="1"/>
		<b id="23" c="2 23" t="1"/>
		<b id="24" c="4 24" t="1"/>
		<b id="25" c="8 25" t="1"/>
		<b id="26" c="13 26" t="1"/>
		<b id="27" c="13 27" t="1"/>
		<b id="28" c="13 28" t="1"/>
		<b id="29" c="14 29" t="1"/>
		<b id="30" c="14 30" t="1"/>
		<b id="31" c="14 31" t="1"/>
		<b id="32" c="17 32" t="1"/>
		<b id="33" c="17 33" t="1"/>
		<b id="34" c="17 34" t="1"/>
		<b id="35" c="18 35" t="1"/>
		<b id="36" c="18 36" t="1"/>
		<b id="37" c="18 37" t="1"/>
		<b id="38" c="19 38" t="1"/>
		<b id="39" c="19 39" t="1"/>
		<b id="40" c="19 40" t="1"/>
	</bonds>
	<geometry>
		<g u="A" t="cart/3d">#40,3:1.6702,-0.3981,-1.0290;2.7138,0.5057,-0.6246;3.1218,0.6782,0.6516;2.4957,0.0775,1.7484;2.9866,0.3570,3.0107;2.2332,-0.3720,4.3796;4.0075,1.1465,3.2744;4.6123,1.7146,2.2434;4.2288,1.5262,0.9252;4.9085,2.1390,-0.1495;5.4655,2.6305,-1.0971;6.0833,3.1744,-2.3034;5.9655,4.7012,-2.2919;7.5525,2.7439,-2.3573;5.3586,2.6173,-3.3820;5.3780,2.7493,-5.0049;4.9081,4.4891,-5.6391;7.0418,2.2573,-5.8050;4.0265,1.4953,-5.4683;1.5042,-0.2875,-2.0975;0.7392,-0.1644,-0.5074;1.9334,-1.4407,-0.8202;3.2945,0.9202,-1.3379;1.6574,-0.5865,1.6286;5.4492,2.3548,2.4861;6.4237,5.1022,-1.3916;4.9173,4.9882,-2.3141;6.4631,5.1133,-3.1653;8.0687,3.0686,-1.4575;8.0316,3.1827,-3.2277;7.6136,1.6609,-2.4290;5.7237,5.2012,-5.5463;4.0594,4.8922,-5.0936;4.6323,4.4560,-6.6883;7.7931,3.0375,-5.7131;6.9172,2.0598,-6.8651;7.4479,1.3565,-5.3534;3.0622,1.7795,-5.0597;4.2605,0.5014,-5.1010;3.9211,1.4321,-6.5456;</g>
	</geometry>
	<conformers/>
	<properties/>
</molecule>
