<?xml version="1.0" ?>
<!--MOLLI PACKAGE EXPERIMENTAL XML FORMAT-->
<molecule name="el2155">
	<atoms>
		<a id="1" s="C" t="C.3" l="C"/>
		<a id="2" s="O" t="O.3" l="O"/>
		<a id="3" s="C" t="C.ar" l="C"/>
		<a id="4" s="C" t="C.ar" l="C"/>
		<a id="5" s="C" t="C.ar" l="C"/>
		<a id="6" s="C" t="C.ar" l="C"/>
		<a id="7" s="N" t="N.ar" l="N"/>
		<a id="8" s="N" t="N.ar" l="N"/>
		<a id="9" s="C" t="C.ar" l="C"/>
		<a id="10" s="Cl" t="Cl" l="CL"/>
		<a id="11" s="C" t="C.ar" l="C"/>
		<a id="12" s="C" t="C.ar" l="C"/>
		<a id="13" s="C" t="C.3" l="C"/>
		<a id="14" s="C" t="C.ar" l="C"/>
		<a id="15" s="C" t="C.ar" l="C"/>
		<a id="16" s="C" t="C.ar" l="C"/>
		<a id="17" s="N" t="N.ar" l="N"/>
		<a id="18" s="C" t="C.ar" l="C"/>
		<a id="19" s="N" t="N.ar" l="N"/>
		<a id="20" s="C" t="C.ar" l="C"/>
		<a id="21" s="C" t="C.3" l="C"/>
		<a id="22" s="C" t="C.ar" l="C"/>
		<a id="23" s="H" t="H" l="H"/>
		<a id="24" s="H" t="H" l="H"/>
		<a id="25" s="H" t="H" l="H"/>
		<a id="26" s="H" t="H" l="H"/>
		<a id="27" s="H" t="H" l="H"/>
		<a id="28" s="H" t="H" l="H"/>
		<a id="29" s="H" t="H" l="H"/>
		<a id="30" s="H" t="H" l="H"/>
		<a id="31" s="H" t="H" l="H"/>
		<a id="32" s="H" t="H" l="H"/>
		<a id="33" s="H" t="H" l="H"/>
		<a id="34" s="H" t="H" l="H"/>
		<a id="35" s="H" t="H" l="H"/>
		<a id="36" s="H" t="H" l="H"/>
		<a id="37" s="H" t="H" l="H"/>
	</atoms>
	<bonds>
		<b id="1" c="1 2" t="1"/>
		<b id="2" c="2 3" t="1"/>
		<b id="3" c="3 4" t="ar"/>
		<b id="4" c="4 5" t="ar"/>
		<b id="5" c="5 6" t="1"/>
		<b id="6" c="6 7" t="ar"/>
		<b id="7" c="7 8" t="ar"/>
		<b id="8" c="8 9" t="ar"/>
		<b id="9" c="9 10" t="1"/>
		<b id="10" c="9 11" t="ar"/>
		<b id="11" c="11 12" t="ar"/>
		<b id="12" c="6 12" t="ar"/>
		<b id="13" c="12 13" t="1"/>
		<b id="14" c="5 14" t="ar"/>
		<b id="15" c="14 15" t="ar"/>
		<b id="16" c="15 16" t="ar"/>
		<b id="17" c="3 16" t="ar"/>
		<b id="18" c="16 17" t="1"/>
		<b id="19" c="17 18" t="ar"/>
		<b id="20" c="18 19" t="ar"/>
		<b id="21" c="19 20" t="ar"/>
		<b id="22" c="20 21" t="1"/>
		<b id="23" c="20 22" t="ar"/>
		<b id="24" c="17 22" t="ar"/>
		<b id="25" c="1 23" t="1"/>
		<b id="26" c="1 24" t="1"/>
		<b id="27" c="1 25" t="1"/>
		<b id="28" c="4 26" t="1"/>
		<b id="29" c="11 27" t="1"/>
		<b id="30" c="13 28" t="1"/>
		<b id="31" c="13 29" t="1"/>
		<b id="32" c="13 30" t="1"/>
		<b id="33" c="14 31" t="1"/>
		<b id="34" c="15 32" t="1"/>
		<b id="35" c="18 33" t="1"/>
		<b id="36" c="21 34" t="1"/>
		<b id="37" c="21 35" t="1"/>
		<b id="38" c="21 36" t="1"/>
		<b id="39" c="22 37" t="1"/>
	</bonds>
	<geometry>
		<g u="A" t="cart/3d">#37,3:1.5363,0.6974,-0.7499;2.4864,-0.0384,-0.0188;3.1134,-1.0863,-0.6184;2.8451,-1.5241,-1.9069;3.5486,-2.5905,-2.4638;3.2874,-3.0493,-3.8354;4.3777,-3.3050,-4.5475;4.3199,-3.7043,-5.7751;3.1472,-3.8622,-6.3542;3.1581,-4.3626,-7.9952;1.9389,-3.6678,-5.6858;1.9933,-3.2544,-4.3671;0.7359,-3.0988,-3.5748;4.5499,-3.2100,-1.7250;4.8134,-2.7925,-0.4361;4.1057,-1.7430,0.1363;4.3961,-1.3366,1.4419;3.5285,-0.9507,2.4181;4.1337,-0.6924,3.5379;5.4655,-0.8994,3.3112;6.4791,-0.6742,4.3770;5.6436,-1.3101,2.0208;1.2086,1.4914,-0.0809;0.6750,0.0800,-1.0259;1.9743,1.1404,-1.6495;2.1156,-1.0075,-2.5082;0.9993,-3.8568,-6.1817;-0.0048,-3.8230,-3.9077;0.3161,-2.1045,-3.7275;0.9244,-3.2366,-2.5131;5.1070,-4.0187,-2.1684;5.5734,-3.2886,0.1473;2.4702,-0.8969,2.2700;5.9780,-0.6258,5.3391;7.0046,0.2661,4.2121;7.2122,-1.4780,4.3879;6.5313,-1.5455,1.4710;</g>
	</geometry>
	<conformers/>
	<properties/>
</molecule>
