<?xml version="1.0" ?>
<!--MOLLI PACKAGE EXPERIMENTAL XML FORMAT-->
<molecule name="el2158">
	<atoms>
		<a id="1" s="C" t="C.3" l="C"/>
		<a id="2" s="O" t="O.3" l="O"/>
		<a id="3" s="C" t="C.ar" l="C"/>
		<a id="4" s="C" t="C.ar" l="C"/>
		<a id="5" s="C" t="C.ar" l="C"/>
		<a id="6" s="C" t="C.ar" l="C"/>
		<a id="7" s="C" t="C.ar" l="C"/>
		<a id="8" s="C" t="C.ar" l="C"/>
		<a id="9" s="C" t="C.3" l="C"/>
		<a id="10" s="F" t="F" l="F"/>
		<a id="11" s="F" t="F" l="F"/>
		<a id="12" s="F" t="F" l="F"/>
		<a id="13" s="C" t="C.ar" l="C"/>
		<a id="14" s="Cl" t="Cl" l="CL"/>
		<a id="15" s="N" t="N.ar" l="N"/>
		<a id="16" s="N" t="N.ar" l="N"/>
		<a id="17" s="C" t="C.ar" l="C"/>
		<a id="18" s="C" t="C.ar" l="C"/>
		<a id="19" s="C" t="C.ar" l="C"/>
		<a id="20" s="N" t="N.ar" l="N"/>
		<a id="21" s="C" t="C.ar" l="C"/>
		<a id="22" s="N" t="N.ar" l="N"/>
		<a id="23" s="C" t="C.ar" l="C"/>
		<a id="24" s="C" t="C.3" l="C"/>
		<a id="25" s="C" t="C.ar" l="C"/>
		<a id="26" s="H" t="H" l="H"/>
		<a id="27" s="H" t="H" l="H"/>
		<a id="28" s="H" t="H" l="H"/>
		<a id="29" s="H" t="H" l="H"/>
		<a id="30" s="H" t="H" l="H"/>
		<a id="31" s="H" t="H" l="H"/>
		<a id="32" s="H" t="H" l="H"/>
		<a id="33" s="H" t="H" l="H"/>
		<a id="34" s="H" t="H" l="H"/>
		<a id="35" s="H" t="H" l="H"/>
		<a id="36" s="H" t="H" l="H"/>
		<a id="37" s="H" t="H" l="H"/>
	</atoms>
	<bonds>
		<b id="1" c="1 2" t="1"/>
		<b id="2" c="2 3" t="1"/>
		<b id="3" c="3 4" t="ar"/>
		<b id="4" c="4 5" t="ar"/>
		<b id="5" c="5 6" t="1"/>
		<b id="6" c="6 7" t="ar"/>
		<b id="7" c="7 8" t="ar"/>
		<b id="8" c="8 9" t="1"/>
		<b id="9" c="9 10" t="1"/>
		<b id="10" c="9 11" t="1"/>
		<b id="11" c="9 12" t="1"/>
		<b id="12" c="8 13" t="ar"/>
		<b id="13" c="13 14" t="1"/>
		<b id="14" c="13 15" t="ar"/>
		<b id="15" c="15 16" t="ar"/>
		<b id="16" c="6 16" t="ar"/>
		<b id="17" c="5 17" t="ar"/>
		<b id="18" c="17 18" t="ar"/>
		<b id="19" c="18 19" t="ar"/>
		<b id="20" c="3 19" t="ar"/>
		<b id="21" c="19 20" t="1"/>
		<b id="22" c="20 21" t="ar"/>
		<b id="23" c="21 22" t="ar"/>
		<b id="24" c="22 23" t="ar"/>
		<b id="25" c="23 24" t="1"/>
		<b id="26" c="23 25" t="ar"/>
		<b id="27" c="20 25" t="ar"/>
		<b id="28" c="1 26" t="1"/>
		<b id="29" c="1 27" t="1"/>
		<b id="30" c="1 28" t="1"/>
		<b id="31" c="4 29" t="1"/>
		<b id="32" c="7 30" t="1"/>
		<b id="33" c="17 31" t="1"/>
		<b id="34" c="18 32" t="1"/>
		<b id="35" c="21 33" t="1"/>
		<b id="36" c="24 34" t="1"/>
		<b id="37" c="24 35" t="1"/>
		<b id="38" c="24 36" t="1"/>
		<b id="39" c="25 37" t="1"/>
	</bonds>
	<geometry>
		<g u="A" t="cart/3d">#37,3:1.2157,0.5100,-0.6182;2.2108,-0.2312,0.0515;2.9219,-1.1483,-0.6481;2.6900,-1.4685,-1.9748;3.4717,-2.4156,-2.6420;3.1648,-2.7029,-4.0402;3.5990,-3.8705,-4.6978;3.2508,-4.0290,-6.0211;3.6543,-5.2580,-6.7957;4.3718,-6.1069,-6.0444;2.5954,-5.9475,-7.2399;4.4102,-4.9650,-7.8614;2.4834,-3.0058,-6.6114;2.0040,-3.0811,-8.2473;2.0916,-1.9527,-5.9211;2.4182,-1.8073,-4.6842;4.5162,-3.0370,-1.9630;4.7574,-2.7221,-0.6404;3.9749,-1.7946,0.0367;4.2437,-1.5019,1.3732;3.3543,-1.2705,2.3814;3.9458,-1.0847,3.5210;5.2884,-1.1781,3.2801;6.2857,-0.9926,4.3684;5.4893,-1.4505,1.9571;0.8333,1.2119,0.1208;0.4014,-0.1336,-0.9641;1.6304,1.0621,-1.4659;1.9029,-0.9938,-2.5355;4.1632,-4.6332,-4.1844;5.1570,-3.7487,-2.4577;5.5611,-3.2106,-0.1114;2.2945,-1.2743,2.2363;5.7594,-0.8494,5.3072;6.9086,-0.1205,4.1743;6.9348,-1.8630,4.4500;6.3897,-1.5680,1.3906;</g>
	</geometry>
	<conformers/>
	<properties/>
</molecule>
