<?xml version="1.0" ?>
<!--MOLLI PACKAGE EXPERIMENTAL XML FORMAT-->
<molecule name="el2159">
	<atoms>
		<a id="1" s="C" t="C.3" l="C"/>
		<a id="2" s="C" t="C.3" l="C"/>
		<a id="3" s="C" t="C.3" l="C"/>
		<a id="4" s="C" t="C.3" l="C"/>
		<a id="5" s="O" t="O.3" l="O"/>
		<a id="6" s="C" t="C.2" l="C"/>
		<a id="7" s="O" t="O.2" l="O"/>
		<a id="8" s="N" t="N.am" l="N"/>
		<a id="9" s="C" t="C.3" l="C"/>
		<a id="10" s="C" t="C.3" l="C"/>
		<a id="11" s="C" t="C.3" l="C"/>
		<a id="12" s="C" t="C.3" l="C"/>
		<a id="13" s="N" t="N.am" l="N"/>
		<a id="14" s="C" t="C.2" l="C"/>
		<a id="15" s="O" t="O.2" l="O"/>
		<a id="16" s="C" t="C.ar" l="C"/>
		<a id="17" s="C" t="C.ar" l="C"/>
		<a id="18" s="C" t="C.ar" l="C"/>
		<a id="19" s="C" t="C.ar" l="C"/>
		<a id="20" s="C" t="C.ar" l="C"/>
		<a id="21" s="C" t="C.ar" l="C"/>
		<a id="22" s="N" t="N.ar" l="N"/>
		<a id="23" s="C" t="C.ar" l="C"/>
		<a id="24" s="Cl" t="Cl" l="CL"/>
		<a id="25" s="C" t="C.ar" l="C"/>
		<a id="26" s="N" t="N.ar" l="N"/>
		<a id="27" s="C" t="C.ar" l="C"/>
		<a id="28" s="C" t="C.3" l="C"/>
		<a id="29" s="H" t="H" l="H"/>
		<a id="30" s="H" t="H" l="H"/>
		<a id="31" s="H" t="H" l="H"/>
		<a id="32" s="H" t="H" l="H"/>
		<a id="33" s="H" t="H" l="H"/>
		<a id="34" s="H" t="H" l="H"/>
		<a id="35" s="H" t="H" l="H"/>
		<a id="36" s="H" t="H" l="H"/>
		<a id="37" s="H" t="H" l="H"/>
		<a id="38" s="H" t="H" l="H"/>
		<a id="39" s="H" t="H" l="H"/>
		<a id="40" s="H" t="H" l="H"/>
		<a id="41" s="H" t="H" l="H"/>
		<a id="42" s="H" t="H" l="H"/>
		<a id="43" s="H" t="H" l="H"/>
		<a id="44" s="H" t="H" l="H"/>
		<a id="45" s="H" t="H" l="H"/>
		<a id="46" s="H" t="H" l="H"/>
		<a id="47" s="H" t="H" l="H"/>
		<a id="48" s="H" t="H" l="H"/>
		<a id="49" s="H" t="H" l="H"/>
		<a id="50" s="H" t="H" l="H"/>
		<a id="51" s="H" t="H" l="H"/>
	</atoms>
	<bonds>
		<b id="1" c="1 2" t="1"/>
		<b id="2" c="2 3" t="1"/>
		<b id="3" c="2 4" t="1"/>
		<b id="4" c="2 5" t="1"/>
		<b id="5" c="5 6" t="1"/>
		<b id="6" c="6 7" t="2"/>
		<b id="7" c="6 8" t="am"/>
		<b id="8" c="8 9" t="1"/>
		<b id="9" c="9 10" t="1"/>
		<b id="10" c="10 11" t="1"/>
		<b id="11" c="11 12" t="1"/>
		<b id="12" c="12 13" t="1"/>
		<b id="13" c="13 14" t="am"/>
		<b id="14" c="14 15" t="2"/>
		<b id="15" c="14 16" t="1"/>
		<b id="16" c="16 17" t="ar"/>
		<b id="17" c="17 18" t="ar"/>
		<b id="18" c="18 19" t="1"/>
		<b id="19" c="19 20" t="ar"/>
		<b id="20" c="20 21" t="ar"/>
		<b id="21" c="21 22" t="ar"/>
		<b id="22" c="22 23" t="ar"/>
		<b id="23" c="23 24" t="1"/>
		<b id="24" c="23 25" t="ar"/>
		<b id="25" c="19 25" t="ar"/>
		<b id="26" c="18 26" t="ar"/>
		<b id="27" c="26 27" t="ar"/>
		<b id="28" c="16 27" t="ar"/>
		<b id="29" c="11 27" t="1"/>
		<b id="30" c="11 28" t="1"/>
		<b id="31" c="8 28" t="1"/>
		<b id="32" c="1 29" t="1"/>
		<b id="33" c="1 30" t="1"/>
		<b id="34" c="1 31" t="1"/>
		<b id="35" c="3 32" t="1"/>
		<b id="36" c="3 33" t="1"/>
		<b id="37" c="3 34" t="1"/>
		<b id="38" c="4 35" t="1"/>
		<b id="39" c="4 36" t="1"/>
		<b id="40" c="4 37" t="1"/>
		<b id="41" c="9 38" t="1"/>
		<b id="42" c="9 39" t="1"/>
		<b id="43" c="10 40" t="1"/>
		<b id="44" c="10 41" t="1"/>
		<b id="45" c="12 42" t="1"/>
		<b id="46" c="12 43" t="1"/>
		<b id="47" c="13 44" t="1"/>
		<b id="48" c="17 45" t="1"/>
		<b id="49" c="20 46" t="1"/>
		<b id="50" c="21 47" t="1"/>
		<b id="51" c="25 48" t="1"/>
		<b id="52" c="26 49" t="1"/>
		<b id="53" c="28 50" t="1"/>
		<b id="54" c="28 51" t="1"/>
	</bonds>
	<geometry>
		<g u="A" t="cart/3d">#51,3:1.6378,0.7487,-0.9580;2.5168,-0.3904,-1.4721;3.0391,-1.2428,-0.3167;1.7446,-1.2513,-2.4717;3.6302,0.1286,-2.2471;4.5573,0.9042,-1.6652;4.5342,1.3455,-0.5374;5.5645,1.1690,-2.5331;5.5415,0.8458,-3.9493;6.6651,1.6928,-4.5513;6.8614,2.8354,-3.5306;8.2337,3.5148,-3.6239;8.3275,4.3573,-4.7965;7.3727,5.2531,-5.1974;7.6038,6.0899,-6.0454;6.0806,5.0257,-4.5454;4.8828,5.7639,-4.5778;3.9570,5.0749,-3.8157;2.5705,5.3722,-3.5455;2.0060,6.5988,-3.9236;0.6715,6.8319,-3.6640;-0.1251,5.9529,-3.0729;0.4051,4.8027,-2.7180;-0.6635,3.6817,-1.9626;1.7291,4.4493,-2.9167;4.5741,3.9417,-3.3390;5.8523,3.9085,-3.7610;6.6268,2.0965,-2.2088;0.7980,0.3377,-0.4058;1.2473,1.3345,-1.7875;2.2062,1.3955,-0.2948;2.2054,-1.7149,0.1949;3.5829,-0.6236,0.3915;3.7056,-2.0159,-0.6940;0.8754,-1.6868,-1.9890;2.3800,-2.0485,-2.8486;1.4157,-0.6448,-3.3116;4.5652,1.1017,-4.3728;5.7020,-0.2248,-4.1016;6.4145,2.0686,-5.5409;7.5851,1.1123,-4.6214;9.0232,2.7617,-3.6774;8.3879,4.1090,-2.7095;9.2507,4.5250,-5.1688;4.7372,6.6807,-5.1105;2.6080,7.3496,-4.4065;0.1989,7.7650,-3.9377;2.0716,3.4798,-2.5939;4.1540,3.2770,-2.7097;6.3189,2.7427,-1.3848;7.5300,1.5526,-1.9070;</g>
	</geometry>
	<conformers/>
	<properties/>
</molecule>
