<?xml version="1.0" ?>
<!--MOLLI PACKAGE EXPERIMENTAL XML FORMAT-->
<molecule name="el1836">
	<atoms>
		<a id="1" s="C" t="C.3" l="C"/>
		<a id="2" s="C" t="C.2" l="C"/>
		<a id="3" s="O" t="O.2" l="O"/>
		<a id="4" s="O" t="O.3" l="O"/>
		<a id="5" s="C" t="C.3" l="C"/>
		<a id="6" s="C" t="C.3" l="C"/>
		<a id="7" s="O" t="O.3" l="O"/>
		<a id="8" s="C" t="C.3" l="C"/>
		<a id="9" s="N" t="N.ar" l="N"/>
		<a id="10" s="C" t="C.ar" l="C"/>
		<a id="11" s="N" t="N.ar" l="N"/>
		<a id="12" s="C" t="C.ar" l="C"/>
		<a id="13" s="C" t="C.ar" l="C"/>
		<a id="14" s="Cl" t="Cl" l="CL"/>
		<a id="15" s="C" t="C.ar" l="C"/>
		<a id="16" s="N" t="N.ar" l="N"/>
		<a id="17" s="C" t="C.ar" l="C"/>
		<a id="18" s="C" t="C.ar" l="C"/>
		<a id="19" s="N" t="N.ar" l="N"/>
		<a id="20" s="C" t="C.ar" l="C"/>
		<a id="21" s="N" t="N.ar" l="N"/>
		<a id="22" s="C" t="C.ar" l="C"/>
		<a id="23" s="C" t="C.3" l="C"/>
		<a id="24" s="O" t="O.3" l="O"/>
		<a id="25" s="C" t="C.2" l="C"/>
		<a id="26" s="C" t="C.3" l="C"/>
		<a id="27" s="O" t="O.2" l="O"/>
		<a id="28" s="C" t="C.3" l="C"/>
		<a id="29" s="O" t="O.3" l="O"/>
		<a id="30" s="C" t="C.2" l="C"/>
		<a id="31" s="C" t="C.3" l="C"/>
		<a id="32" s="O" t="O.2" l="O"/>
		<a id="33" s="H" t="H" l="H"/>
		<a id="34" s="H" t="H" l="H"/>
		<a id="35" s="H" t="H" l="H"/>
		<a id="36" s="H" t="H" l="H"/>
		<a id="37" s="H" t="H" l="H"/>
		<a id="38" s="H" t="H" l="H"/>
		<a id="39" s="H" t="H" l="H"/>
		<a id="40" s="H" t="H" l="H"/>
		<a id="41" s="H" t="H" l="H"/>
		<a id="42" s="H" t="H" l="H"/>
		<a id="43" s="H" t="H" l="H"/>
		<a id="44" s="H" t="H" l="H"/>
		<a id="45" s="H" t="H" l="H"/>
		<a id="46" s="H" t="H" l="H"/>
		<a id="47" s="H" t="H" l="H"/>
		<a id="48" s="H" t="H" l="H"/>
		<a id="49" s="H" t="H" l="H"/>
		<a id="50" s="H" t="H" l="H"/>
	</atoms>
	<bonds>
		<b id="1" c="1 2" t="1"/>
		<b id="2" c="2 3" t="2"/>
		<b id="3" c="2 4" t="1"/>
		<b id="4" c="4 5" t="1"/>
		<b id="5" c="5 6" t="1"/>
		<b id="6" c="6 7" t="1"/>
		<b id="7" c="7 8" t="1"/>
		<b id="8" c="9 10" t="ar"/>
		<b id="9" c="10 11" t="ar"/>
		<b id="10" c="11 12" t="ar"/>
		<b id="11" c="12 13" t="ar"/>
		<b id="12" c="13 14" t="1"/>
		<b id="13" c="13 15" t="ar"/>
		<b id="14" c="15 16" t="ar"/>
		<b id="15" c="16 17" t="ar"/>
		<b id="16" c="17 18" t="ar"/>
		<b id="17" c="18 19" t="ar"/>
		<b id="18" c="19 20" t="ar"/>
		<b id="19" c="15 20" t="ar"/>
		<b id="20" c="20 21" t="ar"/>
		<b id="21" c="21 22" t="ar"/>
		<b id="22" c="12 22" t="ar"/>
		<b id="23" c="9 22" t="ar"/>
		<b id="24" c="8 23" t="1"/>
		<b id="25" c="23 24" t="1"/>
		<b id="26" c="24 25" t="1"/>
		<b id="27" c="25 26" t="1"/>
		<b id="28" c="25 27" t="2"/>
		<b id="29" c="23 28" t="1"/>
		<b id="30" c="6 28" t="1"/>
		<b id="31" c="28 29" t="1"/>
		<b id="32" c="29 30" t="1"/>
		<b id="33" c="30 31" t="1"/>
		<b id="34" c="30 32" t="2"/>
		<b id="35" c="8 9" t="1"/>
		<b id="36" c="1 33" t="1"/>
		<b id="37" c="1 34" t="1"/>
		<b id="38" c="1 35" t="1"/>
		<b id="39" c="5 36" t="1"/>
		<b id="40" c="5 37" t="1"/>
		<b id="41" c="6 38" t="1"/>
		<b id="42" c="8 39" t="1"/>
		<b id="43" c="10 40" t="1"/>
		<b id="44" c="17 41" t="1"/>
		<b id="45" c="18 42" t="1"/>
		<b id="46" c="23 43" t="1"/>
		<b id="47" c="26 44" t="1"/>
		<b id="48" c="26 45" t="1"/>
		<b id="49" c="26 46" t="1"/>
		<b id="50" c="28 47" t="1"/>
		<b id="51" c="31 48" t="1"/>
		<b id="52" c="31 49" t="1"/>
		<b id="53" c="31 50" t="1"/>
	</bonds>
	<geometry>
		<g u="A" t="cart/3d">#50,3:1.5812,0.2427,2.0220;3.0467,0.3543,1.6999;3.9411,-0.1128,2.3522;3.2273,1.0316,0.5570;4.5590,1.2090,0.1004;5.2996,2.2357,0.9652;6.5735,2.5178,0.4071;6.8096,3.8928,0.3012;6.9554,4.2847,-1.0791;8.0569,4.8597,-1.6633;7.9257,5.1111,-2.9213;6.6630,4.6886,-3.2496;5.9565,4.6937,-4.4328;6.5980,5.2964,-5.8869;4.6446,4.1619,-4.3845;3.8881,4.1358,-5.4971;2.6885,3.6314,-5.4054;2.1900,3.1168,-4.1909;2.8930,3.1267,-3.0919;4.1310,3.6507,-3.1431;4.8255,3.6544,-1.9948;6.0292,4.1565,-2.0767;5.6367,4.6321,0.9811;5.9691,5.0503,2.2931;6.7735,6.1267,2.3859;6.9350,6.5535,3.8145;7.2728,6.6521,1.4283;4.5342,3.5619,1.0538;3.7985,3.5933,2.2605;3.0855,4.7054,2.5074;2.3820,4.5995,3.8315;3.0370,5.6427,1.7589;1.4481,0.1248,3.0931;1.1825,-0.6385,1.5227;1.0533,1.1176,1.6565;4.4773,1.5864,-0.9205;5.1001,0.2585,0.1276;5.4371,1.8325,1.9782;7.7612,4.1348,0.7949;8.9388,5.0845,-1.0957;2.0968,3.6241,-6.3099;1.1987,2.6886,-4.1241;5.3353,5.5066,0.3952;6.7429,5.7189,4.4811;6.2127,7.3428,4.0165;7.9319,6.9561,3.9675;3.8613,3.6834,0.1964;2.4498,3.5851,4.2104;1.3439,4.8994,3.7150;2.8531,5.2844,4.5335;</g>
	</geometry>
	<conformers/>
	<properties/>
</molecule>
