<?xml version="1.0" ?>
<!--MOLLI PACKAGE EXPERIMENTAL XML FORMAT-->
<molecule name="el2160">
	<atoms>
		<a id="1" s="C" t="C.3" l="C"/>
		<a id="2" s="O" t="O.3" l="O"/>
		<a id="3" s="C" t="C.ar" l="C"/>
		<a id="4" s="C" t="C.ar" l="C"/>
		<a id="5" s="C" t="C.ar" l="C"/>
		<a id="6" s="C" t="C.ar" l="C"/>
		<a id="7" s="C" t="C.3" l="C"/>
		<a id="8" s="N" t="N.ar" l="N"/>
		<a id="9" s="C" t="C.ar" l="C"/>
		<a id="10" s="N" t="N.ar" l="N"/>
		<a id="11" s="C" t="C.ar" l="C"/>
		<a id="12" s="C" t="C.ar" l="C"/>
		<a id="13" s="C" t="C.ar" l="C"/>
		<a id="14" s="C" t="C.ar" l="C"/>
		<a id="15" s="C" t="C.ar" l="C"/>
		<a id="16" s="C" t="C.ar" l="C"/>
		<a id="17" s="O" t="O.3" l="O"/>
		<a id="18" s="C" t="C.3" l="C"/>
		<a id="19" s="C" t="C.ar" l="C"/>
		<a id="20" s="O" t="O.3" l="O"/>
		<a id="21" s="C" t="C.3" l="C"/>
		<a id="22" s="C" t="C.ar" l="C"/>
		<a id="23" s="N" t="N.ar" l="N"/>
		<a id="24" s="C" t="C.ar" l="C"/>
		<a id="25" s="Cl" t="Cl" l="CL"/>
		<a id="26" s="N" t="N.ar" l="N"/>
		<a id="27" s="C" t="C.ar" l="C"/>
		<a id="28" s="C" t="C.ar" l="C"/>
		<a id="29" s="C" t="C.ar" l="C"/>
		<a id="30" s="H" t="H" l="H"/>
		<a id="31" s="H" t="H" l="H"/>
		<a id="32" s="H" t="H" l="H"/>
		<a id="33" s="H" t="H" l="H"/>
		<a id="34" s="H" t="H" l="H"/>
		<a id="35" s="H" t="H" l="H"/>
		<a id="36" s="H" t="H" l="H"/>
		<a id="37" s="H" t="H" l="H"/>
		<a id="38" s="H" t="H" l="H"/>
		<a id="39" s="H" t="H" l="H"/>
		<a id="40" s="H" t="H" l="H"/>
		<a id="41" s="H" t="H" l="H"/>
		<a id="42" s="H" t="H" l="H"/>
		<a id="43" s="H" t="H" l="H"/>
		<a id="44" s="H" t="H" l="H"/>
		<a id="45" s="H" t="H" l="H"/>
		<a id="46" s="H" t="H" l="H"/>
		<a id="47" s="H" t="H" l="H"/>
		<a id="48" s="H" t="H" l="H"/>
	</atoms>
	<bonds>
		<b id="1" c="1 2" t="1"/>
		<b id="2" c="2 3" t="1"/>
		<b id="3" c="3 4" t="ar"/>
		<b id="4" c="4 5" t="ar"/>
		<b id="5" c="5 6" t="ar"/>
		<b id="6" c="6 7" t="1"/>
		<b id="7" c="7 8" t="1"/>
		<b id="8" c="8 9" t="ar"/>
		<b id="9" c="9 10" t="ar"/>
		<b id="10" c="10 11" t="ar"/>
		<b id="11" c="11 12" t="ar"/>
		<b id="12" c="12 13" t="1"/>
		<b id="13" c="13 14" t="ar"/>
		<b id="14" c="14 15" t="ar"/>
		<b id="15" c="15 16" t="ar"/>
		<b id="16" c="16 17" t="1"/>
		<b id="17" c="17 18" t="1"/>
		<b id="18" c="16 19" t="ar"/>
		<b id="19" c="19 20" t="1"/>
		<b id="20" c="20 21" t="1"/>
		<b id="21" c="19 22" t="ar"/>
		<b id="22" c="13 22" t="ar"/>
		<b id="23" c="12 23" t="ar"/>
		<b id="24" c="23 24" t="ar"/>
		<b id="25" c="24 25" t="1"/>
		<b id="26" c="24 26" t="ar"/>
		<b id="27" c="26 27" t="ar"/>
		<b id="28" c="11 27" t="ar"/>
		<b id="29" c="8 27" t="ar"/>
		<b id="30" c="6 28" t="ar"/>
		<b id="31" c="28 29" t="ar"/>
		<b id="32" c="3 29" t="ar"/>
		<b id="33" c="1 30" t="1"/>
		<b id="34" c="1 31" t="1"/>
		<b id="35" c="1 32" t="1"/>
		<b id="36" c="4 33" t="1"/>
		<b id="37" c="5 34" t="1"/>
		<b id="38" c="7 35" t="1"/>
		<b id="39" c="7 36" t="1"/>
		<b id="40" c="9 37" t="1"/>
		<b id="41" c="14 38" t="1"/>
		<b id="42" c="15 39" t="1"/>
		<b id="43" c="18 40" t="1"/>
		<b id="44" c="18 41" t="1"/>
		<b id="45" c="18 42" t="1"/>
		<b id="46" c="21 43" t="1"/>
		<b id="47" c="21 44" t="1"/>
		<b id="48" c="21 45" t="1"/>
		<b id="49" c="22 46" t="1"/>
		<b id="50" c="28 47" t="1"/>
		<b id="51" c="29 48" t="1"/>
	</bonds>
	<geometry>
		<g u="A" t="cart/3d">#48,3:11.4487,-6.1836,-1.4200;10.3880,-6.4770,-0.5424;9.1676,-5.9319,-0.7893;8.8687,-5.0897,-1.8562;7.5878,-4.5870,-2.0007;6.5870,-4.9102,-1.0962;5.1926,-4.3730,-1.2984;4.5315,-5.0625,-2.3831;3.7864,-6.2048,-2.3355;3.3559,-6.6100,-3.4901;3.8405,-5.7024,-4.3964;3.7432,-5.5373,-5.7865;2.9897,-6.3993,-6.6788;2.9545,-6.1311,-8.0456;2.2202,-6.9390,-8.8863;1.4992,-8.0320,-8.4091;0.7475,-8.8367,-9.2222;0.6811,-8.5479,-10.5970;1.5408,-8.3194,-7.0277;0.9120,-9.3380,-6.3780;0.1749,-10.3211,-7.0679;2.2836,-7.4964,-6.1915;4.3853,-4.4948,-6.3259;5.0609,-3.6681,-5.5604;5.8411,-2.3826,-6.3720;5.2171,-3.6922,-4.2507;4.5941,-4.7272,-3.6971;6.8861,-5.7600,-0.0381;8.1600,-6.2618,0.1190;12.3114,-6.7197,-1.0276;11.6684,-5.1113,-1.4408;11.2381,-6.5322,-2.4361;9.6218,-4.8159,-2.5778;7.3609,-3.9341,-2.8309;5.2328,-3.3150,-1.5719;4.5935,-4.4980,-0.3930;3.5760,-6.7064,-1.4107;3.5027,-5.2873,-8.4306;2.2058,-6.7097,-9.9396;0.0160,-9.3011,-11.0176;1.6628,-8.6268,-11.0747;0.2626,-7.5537,-10.7816;-0.1550,-11.0172,-6.2965;0.7896,-10.8536,-7.7968;-0.6975,-9.8983,-7.5709;2.2996,-7.7270,-5.1385;6.1182,-6.0255,0.6745;8.4047,-6.9163,0.9405;</g>
	</geometry>
	<conformers/>
	<properties/>
</molecule>
