<?xml version="1.0" ?>
<!--MOLLI PACKAGE EXPERIMENTAL XML FORMAT-->
<molecule name="el2162">
	<atoms>
		<a id="1" s="C" t="C.3" l="C"/>
		<a id="2" s="O" t="O.3" l="O"/>
		<a id="3" s="C" t="C.ar" l="C"/>
		<a id="4" s="C" t="C.ar" l="C"/>
		<a id="5" s="C" t="C.ar" l="C"/>
		<a id="6" s="C" t="C.ar" l="C"/>
		<a id="7" s="C" t="C.3" l="C"/>
		<a id="8" s="N" t="N.ar" l="N"/>
		<a id="9" s="C" t="C.ar" l="C"/>
		<a id="10" s="N" t="N.ar" l="N"/>
		<a id="11" s="C" t="C.ar" l="C"/>
		<a id="12" s="C" t="C.ar" l="C"/>
		<a id="13" s="C" t="C.ar" l="C"/>
		<a id="14" s="C" t="C.ar" l="C"/>
		<a id="15" s="C" t="C.ar" l="C"/>
		<a id="16" s="N" t="N.ar" l="N"/>
		<a id="17" s="C" t="C.ar" l="C"/>
		<a id="18" s="C" t="C.ar" l="C"/>
		<a id="19" s="N" t="N.ar" l="N"/>
		<a id="20" s="C" t="C.ar" l="C"/>
		<a id="21" s="Cl" t="Cl" l="CL"/>
		<a id="22" s="N" t="N.ar" l="N"/>
		<a id="23" s="C" t="C.ar" l="C"/>
		<a id="24" s="C" t="C.ar" l="C"/>
		<a id="25" s="C" t="C.ar" l="C"/>
		<a id="26" s="H" t="H" l="H"/>
		<a id="27" s="H" t="H" l="H"/>
		<a id="28" s="H" t="H" l="H"/>
		<a id="29" s="H" t="H" l="H"/>
		<a id="30" s="H" t="H" l="H"/>
		<a id="31" s="H" t="H" l="H"/>
		<a id="32" s="H" t="H" l="H"/>
		<a id="33" s="H" t="H" l="H"/>
		<a id="34" s="H" t="H" l="H"/>
		<a id="35" s="H" t="H" l="H"/>
		<a id="36" s="H" t="H" l="H"/>
		<a id="37" s="H" t="H" l="H"/>
		<a id="38" s="H" t="H" l="H"/>
		<a id="39" s="H" t="H" l="H"/>
	</atoms>
	<bonds>
		<b id="1" c="1 2" t="1"/>
		<b id="2" c="2 3" t="1"/>
		<b id="3" c="3 4" t="ar"/>
		<b id="4" c="4 5" t="ar"/>
		<b id="5" c="5 6" t="ar"/>
		<b id="6" c="6 7" t="1"/>
		<b id="7" c="7 8" t="1"/>
		<b id="8" c="8 9" t="ar"/>
		<b id="9" c="9 10" t="ar"/>
		<b id="10" c="10 11" t="ar"/>
		<b id="11" c="11 12" t="ar"/>
		<b id="12" c="12 13" t="1"/>
		<b id="13" c="13 14" t="ar"/>
		<b id="14" c="14 15" t="ar"/>
		<b id="15" c="15 16" t="ar"/>
		<b id="16" c="16 17" t="ar"/>
		<b id="17" c="17 18" t="ar"/>
		<b id="18" c="13 18" t="ar"/>
		<b id="19" c="12 19" t="ar"/>
		<b id="20" c="19 20" t="ar"/>
		<b id="21" c="20 21" t="1"/>
		<b id="22" c="20 22" t="ar"/>
		<b id="23" c="22 23" t="ar"/>
		<b id="24" c="11 23" t="ar"/>
		<b id="25" c="8 23" t="ar"/>
		<b id="26" c="6 24" t="ar"/>
		<b id="27" c="24 25" t="ar"/>
		<b id="28" c="3 25" t="ar"/>
		<b id="29" c="1 26" t="1"/>
		<b id="30" c="1 27" t="1"/>
		<b id="31" c="1 28" t="1"/>
		<b id="32" c="4 29" t="1"/>
		<b id="33" c="5 30" t="1"/>
		<b id="34" c="7 31" t="1"/>
		<b id="35" c="7 32" t="1"/>
		<b id="36" c="9 33" t="1"/>
		<b id="37" c="14 34" t="1"/>
		<b id="38" c="15 35" t="1"/>
		<b id="39" c="17 36" t="1"/>
		<b id="40" c="18 37" t="1"/>
		<b id="41" c="24 38" t="1"/>
		<b id="42" c="25 39" t="1"/>
	</bonds>
	<geometry>
		<g u="A" t="cart/3d">#39,3:11.6376,2.5194,4.8460;10.8150,3.5628,4.3795;9.4850,3.3304,4.2340;8.8469,2.1262,4.5179;7.4826,2.0059,4.3225;6.7312,3.0716,3.8482;5.2403,2.9187,3.6801;4.5872,2.8710,4.9692;4.1803,3.9122,5.7511;3.6749,3.5592,6.8930;3.7452,2.1903,6.9106;3.3743,1.1865,7.8129;2.7387,1.4249,9.1060;2.3158,0.3513,9.8915;1.7141,0.6248,11.1076;1.5207,1.8507,11.5664;1.9237,2.8662,10.8212;2.5353,2.7189,9.5866;3.6109,-0.0798,7.4656;4.1719,-0.3515,6.3066;4.4363,-2.0055,5.9805;4.5588,0.4882,5.3644;4.3320,1.7530,5.6938;7.3694,4.2756,3.5750;8.7291,4.4046,3.7589;12.6447,2.9322,4.8782;11.6209,1.6603,4.1674;11.3471,2.1965,5.8511;9.3992,1.2766,4.8871;6.9931,1.0680,4.5413;5.0104,1.9769,3.1743;4.8259,3.7545,3.1108;4.2693,4.9320,5.4298;2.4619,-0.6571,9.5407;1.3669,-0.1732,11.7511;1.7447,3.8487,11.2384;2.8475,3.5713,9.0053;6.8005,5.1171,3.2060;9.2363,5.3313,3.5430;</g>
	</geometry>
	<conformers/>
	<properties/>
</molecule>
