<?xml version="1.0" ?>
<!--MOLLI PACKAGE EXPERIMENTAL XML FORMAT-->
<molecule name="el2163">
	<atoms>
		<a id="1" s="C" t="C.3" l="C"/>
		<a id="2" s="O" t="O.3" l="O"/>
		<a id="3" s="C" t="C.ar" l="C"/>
		<a id="4" s="C" t="C.ar" l="C"/>
		<a id="5" s="C" t="C.ar" l="C"/>
		<a id="6" s="C" t="C.ar" l="C"/>
		<a id="7" s="C" t="C.3" l="C"/>
		<a id="8" s="N" t="N.ar" l="N"/>
		<a id="9" s="C" t="C.ar" l="C"/>
		<a id="10" s="N" t="N.ar" l="N"/>
		<a id="11" s="C" t="C.ar" l="C"/>
		<a id="12" s="C" t="C.ar" l="C"/>
		<a id="13" s="C" t="C.ar" l="C"/>
		<a id="14" s="C" t="C.ar" l="C"/>
		<a id="15" s="C" t="C.ar" l="C"/>
		<a id="16" s="C" t="C.ar" l="C"/>
		<a id="17" s="F" t="F" l="F"/>
		<a id="18" s="N" t="N.ar" l="N"/>
		<a id="19" s="C" t="C.ar" l="C"/>
		<a id="20" s="N" t="N.ar" l="N"/>
		<a id="21" s="C" t="C.ar" l="C"/>
		<a id="22" s="Cl" t="Cl" l="CL"/>
		<a id="23" s="N" t="N.ar" l="N"/>
		<a id="24" s="C" t="C.ar" l="C"/>
		<a id="25" s="C" t="C.ar" l="C"/>
		<a id="26" s="C" t="C.ar" l="C"/>
		<a id="27" s="H" t="H" l="H"/>
		<a id="28" s="H" t="H" l="H"/>
		<a id="29" s="H" t="H" l="H"/>
		<a id="30" s="H" t="H" l="H"/>
		<a id="31" s="H" t="H" l="H"/>
		<a id="32" s="H" t="H" l="H"/>
		<a id="33" s="H" t="H" l="H"/>
		<a id="34" s="H" t="H" l="H"/>
		<a id="35" s="H" t="H" l="H"/>
		<a id="36" s="H" t="H" l="H"/>
		<a id="37" s="H" t="H" l="H"/>
		<a id="38" s="H" t="H" l="H"/>
		<a id="39" s="H" t="H" l="H"/>
	</atoms>
	<bonds>
		<b id="1" c="1 2" t="1"/>
		<b id="2" c="2 3" t="1"/>
		<b id="3" c="3 4" t="ar"/>
		<b id="4" c="4 5" t="ar"/>
		<b id="5" c="5 6" t="ar"/>
		<b id="6" c="6 7" t="1"/>
		<b id="7" c="7 8" t="1"/>
		<b id="8" c="8 9" t="ar"/>
		<b id="9" c="9 10" t="ar"/>
		<b id="10" c="10 11" t="ar"/>
		<b id="11" c="11 12" t="ar"/>
		<b id="12" c="12 13" t="1"/>
		<b id="13" c="13 14" t="ar"/>
		<b id="14" c="14 15" t="ar"/>
		<b id="15" c="15 16" t="ar"/>
		<b id="16" c="16 17" t="1"/>
		<b id="17" c="16 18" t="ar"/>
		<b id="18" c="18 19" t="ar"/>
		<b id="19" c="13 19" t="ar"/>
		<b id="20" c="12 20" t="ar"/>
		<b id="21" c="20 21" t="ar"/>
		<b id="22" c="21 22" t="1"/>
		<b id="23" c="21 23" t="ar"/>
		<b id="24" c="23 24" t="ar"/>
		<b id="25" c="11 24" t="ar"/>
		<b id="26" c="8 24" t="ar"/>
		<b id="27" c="6 25" t="ar"/>
		<b id="28" c="25 26" t="ar"/>
		<b id="29" c="3 26" t="ar"/>
		<b id="30" c="1 27" t="1"/>
		<b id="31" c="1 28" t="1"/>
		<b id="32" c="1 29" t="1"/>
		<b id="33" c="4 30" t="1"/>
		<b id="34" c="5 31" t="1"/>
		<b id="35" c="7 32" t="1"/>
		<b id="36" c="7 33" t="1"/>
		<b id="37" c="9 34" t="1"/>
		<b id="38" c="14 35" t="1"/>
		<b id="39" c="15 36" t="1"/>
		<b id="40" c="19 37" t="1"/>
		<b id="41" c="25 38" t="1"/>
		<b id="42" c="26 39" t="1"/>
	</bonds>
	<geometry>
		<g u="A" t="cart/3d">#39,3:0.8134,0.4874,-2.8276;1.3641,0.8650,-1.5884;2.3207,1.8279,-1.5645;2.8167,2.4894,-2.6829;3.7979,3.4556,-2.5342;4.3067,3.7712,-1.2857;5.3500,4.8464,-1.1142;4.7437,6.0566,-0.6052;4.1398,7.0582,-1.3072;3.6167,7.9897,-0.5702;3.8620,7.6057,0.7217;3.5861,8.1389,1.9858;2.8811,9.3920,2.2203;2.6986,9.8686,3.5233;2.0288,11.0589,3.7178;1.5725,11.7136,2.5800;0.9184,12.8731,2.7168;1.7282,11.2888,1.3475;2.3699,10.1498,1.1644;3.9996,7.4544,3.0543;4.6465,6.3180,2.8978;5.1191,5.5321,4.3360;4.9762,5.7086,1.7747;4.5703,6.3750,0.7019;3.8047,3.1115,-0.1671;2.8255,2.1537,-0.3025;0.0810,-0.2854,-2.6005;1.5755,0.0766,-3.4978;0.3112,1.3278,-3.3174;2.4495,2.2649,-3.6717;4.1732,3.9608,-3.4130;5.8341,5.0757,-2.0666;6.0998,4.5336,-0.3830;4.1171,7.0661,-2.3798;3.0869,9.2947,4.3499;1.8588,11.4766,4.6967;2.4847,9.8239,0.1404;4.1894,3.3581,0.8114;2.4303,1.6340,0.5556;</g>
	</geometry>
	<conformers/>
	<properties/>
</molecule>
