<?xml version="1.0" ?>
<!--MOLLI PACKAGE EXPERIMENTAL XML FORMAT-->
<molecule name="el2164">
	<atoms>
		<a id="1" s="C" t="C.3" l="C"/>
		<a id="2" s="O" t="O.3" l="O"/>
		<a id="3" s="C" t="C.ar" l="C"/>
		<a id="4" s="C" t="C.ar" l="C"/>
		<a id="5" s="C" t="C.ar" l="C"/>
		<a id="6" s="C" t="C.ar" l="C"/>
		<a id="7" s="C" t="C.3" l="C"/>
		<a id="8" s="N" t="N.ar" l="N"/>
		<a id="9" s="C" t="C.ar" l="C"/>
		<a id="10" s="N" t="N.ar" l="N"/>
		<a id="11" s="C" t="C.ar" l="C"/>
		<a id="12" s="C" t="C.ar" l="C"/>
		<a id="13" s="C" t="C.ar" l="C"/>
		<a id="14" s="C" t="C.ar" l="C"/>
		<a id="15" s="C" t="C.ar" l="C"/>
		<a id="16" s="C" t="C.ar" l="C"/>
		<a id="17" s="N" t="N.pl3" l="N"/>
		<a id="18" s="C" t="C.ar" l="C"/>
		<a id="19" s="O" t="O.3" l="O"/>
		<a id="20" s="C" t="C.3" l="C"/>
		<a id="21" s="C" t="C.ar" l="C"/>
		<a id="22" s="N" t="N.ar" l="N"/>
		<a id="23" s="C" t="C.ar" l="C"/>
		<a id="24" s="Cl" t="Cl" l="CL"/>
		<a id="25" s="N" t="N.ar" l="N"/>
		<a id="26" s="C" t="C.ar" l="C"/>
		<a id="27" s="C" t="C.ar" l="C"/>
		<a id="28" s="C" t="C.ar" l="C"/>
		<a id="29" s="H" t="H" l="H"/>
		<a id="30" s="H" t="H" l="H"/>
		<a id="31" s="H" t="H" l="H"/>
		<a id="32" s="H" t="H" l="H"/>
		<a id="33" s="H" t="H" l="H"/>
		<a id="34" s="H" t="H" l="H"/>
		<a id="35" s="H" t="H" l="H"/>
		<a id="36" s="H" t="H" l="H"/>
		<a id="37" s="H" t="H" l="H"/>
		<a id="38" s="H" t="H" l="H"/>
		<a id="39" s="H" t="H" l="H"/>
		<a id="40" s="H" t="H" l="H"/>
		<a id="41" s="H" t="H" l="H"/>
		<a id="42" s="H" t="H" l="H"/>
		<a id="43" s="H" t="H" l="H"/>
		<a id="44" s="H" t="H" l="H"/>
		<a id="45" s="H" t="H" l="H"/>
		<a id="46" s="H" t="H" l="H"/>
	</atoms>
	<bonds>
		<b id="1" c="1 2" t="1"/>
		<b id="2" c="2 3" t="1"/>
		<b id="3" c="3 4" t="ar"/>
		<b id="4" c="4 5" t="ar"/>
		<b id="5" c="5 6" t="ar"/>
		<b id="6" c="6 7" t="1"/>
		<b id="7" c="7 8" t="1"/>
		<b id="8" c="8 9" t="ar"/>
		<b id="9" c="9 10" t="ar"/>
		<b id="10" c="10 11" t="ar"/>
		<b id="11" c="11 12" t="ar"/>
		<b id="12" c="12 13" t="1"/>
		<b id="13" c="13 14" t="ar"/>
		<b id="14" c="14 15" t="ar"/>
		<b id="15" c="15 16" t="ar"/>
		<b id="16" c="16 17" t="1"/>
		<b id="17" c="16 18" t="ar"/>
		<b id="18" c="18 19" t="1"/>
		<b id="19" c="19 20" t="1"/>
		<b id="20" c="18 21" t="ar"/>
		<b id="21" c="13 21" t="ar"/>
		<b id="22" c="12 22" t="ar"/>
		<b id="23" c="22 23" t="ar"/>
		<b id="24" c="23 24" t="1"/>
		<b id="25" c="23 25" t="ar"/>
		<b id="26" c="25 26" t="ar"/>
		<b id="27" c="11 26" t="ar"/>
		<b id="28" c="8 26" t="ar"/>
		<b id="29" c="6 27" t="ar"/>
		<b id="30" c="27 28" t="ar"/>
		<b id="31" c="3 28" t="ar"/>
		<b id="32" c="1 29" t="1"/>
		<b id="33" c="1 30" t="1"/>
		<b id="34" c="1 31" t="1"/>
		<b id="35" c="4 32" t="1"/>
		<b id="36" c="5 33" t="1"/>
		<b id="37" c="7 34" t="1"/>
		<b id="38" c="7 35" t="1"/>
		<b id="39" c="9 36" t="1"/>
		<b id="40" c="14 37" t="1"/>
		<b id="41" c="15 38" t="1"/>
		<b id="42" c="17 39" t="1"/>
		<b id="43" c="17 40" t="1"/>
		<b id="44" c="20 41" t="1"/>
		<b id="45" c="20 42" t="1"/>
		<b id="46" c="20 43" t="1"/>
		<b id="47" c="21 44" t="1"/>
		<b id="48" c="27 45" t="1"/>
		<b id="49" c="28 46" t="1"/>
	</bonds>
	<geometry>
		<g u="A" t="cart/3d">#46,3:11.9744,-4.6284,1.5425;11.1495,-4.6546,2.6829;9.8008,-4.6405,2.5125;9.1489,-4.6091,1.2837;7.7659,-4.5873,1.2366;7.0104,-4.5969,2.3995;5.5054,-4.5956,2.3173;5.0088,-5.8844,1.8929;4.8028,-7.0060,2.6404;4.3706,-8.0257,1.9622;4.2808,-7.5864,0.6644;3.8573,-8.1542,-0.5509;3.3513,-9.4976,-0.7124;2.8788,-9.9251,-1.9538;2.3835,-11.2004,-2.1058;2.3538,-12.0904,-1.0336;1.9289,-13.3831,-1.1795;2.8344,-11.6571,0.2248;2.7547,-12.5962,1.2262;3.2217,-12.2331,2.5028;3.3192,-10.3791,0.3790;3.9166,-7.3732,-1.6389;4.3446,-6.1366,-1.5425;4.3820,-5.2552,-3.0071;4.7443,-5.4760,-0.4722;4.6964,-6.2357,0.6187;7.6651,-4.6396,3.6247;9.0416,-4.6569,3.6842;12.9960,-4.6435,1.9187;11.8185,-3.7180,0.9554;11.8105,-5.5047,0.9071;9.7030,-4.5969,0.3587;7.2660,-4.5609,0.2791;5.1682,-3.8720,1.5702;5.0663,-4.3542,3.2892;4.9791,-7.0237,3.6987;2.9042,-9.2369,-2.7827;2.0118,-11.5306,-3.0651;1.3515,-13.6015,-1.9734;1.7465,-13.8849,-0.3268;2.6464,-11.3993,2.9179;4.2812,-11.9611,2.4789;3.0872,-13.1148,3.1275;3.6804,-10.0232,1.3290;7.0927,-4.6495,4.5412;9.5594,-4.6819,4.6298;</g>
	</geometry>
	<conformers/>
	<properties/>
</molecule>
