<?xml version="1.0" ?>
<!--MOLLI PACKAGE EXPERIMENTAL XML FORMAT-->
<molecule name="el2166">
	<atoms>
		<a id="1" s="C" t="C.3" l="C"/>
		<a id="2" s="O" t="O.3" l="O"/>
		<a id="3" s="C" t="C.ar" l="C"/>
		<a id="4" s="C" t="C.ar" l="C"/>
		<a id="5" s="C" t="C.ar" l="C"/>
		<a id="6" s="C" t="C.ar" l="C"/>
		<a id="7" s="C" t="C.3" l="C"/>
		<a id="8" s="N" t="N.ar" l="N"/>
		<a id="9" s="C" t="C.ar" l="C"/>
		<a id="10" s="N" t="N.ar" l="N"/>
		<a id="11" s="C" t="C.ar" l="C"/>
		<a id="12" s="C" t="C.ar" l="C"/>
		<a id="13" s="C" t="C.ar" l="C"/>
		<a id="14" s="C" t="C.ar" l="C"/>
		<a id="15" s="C" t="C.ar" l="C"/>
		<a id="16" s="C" t="C.ar" l="C"/>
		<a id="17" s="C" t="C.ar" l="C"/>
		<a id="18" s="C" t="C.3" l="C"/>
		<a id="19" s="N" t="N.3" l="N"/>
		<a id="20" s="C" t="C.3" l="C"/>
		<a id="21" s="C" t="C.3" l="C"/>
		<a id="22" s="N" t="N.3" l="N"/>
		<a id="23" s="C" t="C.3" l="C"/>
		<a id="24" s="C" t="C.3" l="C"/>
		<a id="25" s="C" t="C.3" l="C"/>
		<a id="26" s="C" t="C.ar" l="C"/>
		<a id="27" s="N" t="N.ar" l="N"/>
		<a id="28" s="C" t="C.ar" l="C"/>
		<a id="29" s="Cl" t="Cl" l="CL"/>
		<a id="30" s="N" t="N.ar" l="N"/>
		<a id="31" s="C" t="C.ar" l="C"/>
		<a id="32" s="C" t="C.ar" l="C"/>
		<a id="33" s="C" t="C.ar" l="C"/>
		<a id="34" s="H" t="H" l="H"/>
		<a id="35" s="H" t="H" l="H"/>
		<a id="36" s="H" t="H" l="H"/>
		<a id="37" s="H" t="H" l="H"/>
		<a id="38" s="H" t="H" l="H"/>
		<a id="39" s="H" t="H" l="H"/>
		<a id="40" s="H" t="H" l="H"/>
		<a id="41" s="H" t="H" l="H"/>
		<a id="42" s="H" t="H" l="H"/>
		<a id="43" s="H" t="H" l="H"/>
		<a id="44" s="H" t="H" l="H"/>
		<a id="45" s="H" t="H" l="H"/>
		<a id="46" s="H" t="H" l="H"/>
		<a id="47" s="H" t="H" l="H"/>
		<a id="48" s="H" t="H" l="H"/>
		<a id="49" s="H" t="H" l="H"/>
		<a id="50" s="H" t="H" l="H"/>
		<a id="51" s="H" t="H" l="H"/>
		<a id="52" s="H" t="H" l="H"/>
		<a id="53" s="H" t="H" l="H"/>
		<a id="54" s="H" t="H" l="H"/>
		<a id="55" s="H" t="H" l="H"/>
		<a id="56" s="H" t="H" l="H"/>
		<a id="57" s="H" t="H" l="H"/>
		<a id="58" s="H" t="H" l="H"/>
		<a id="59" s="H" t="H" l="H"/>
		<a id="60" s="H" t="H" l="H"/>
	</atoms>
	<bonds>
		<b id="1" c="1 2" t="1"/>
		<b id="2" c="2 3" t="1"/>
		<b id="3" c="3 4" t="ar"/>
		<b id="4" c="4 5" t="ar"/>
		<b id="5" c="5 6" t="ar"/>
		<b id="6" c="6 7" t="1"/>
		<b id="7" c="7 8" t="1"/>
		<b id="8" c="8 9" t="ar"/>
		<b id="9" c="9 10" t="ar"/>
		<b id="10" c="10 11" t="ar"/>
		<b id="11" c="11 12" t="ar"/>
		<b id="12" c="12 13" t="1"/>
		<b id="13" c="13 14" t="ar"/>
		<b id="14" c="14 15" t="ar"/>
		<b id="15" c="15 16" t="ar"/>
		<b id="16" c="16 17" t="ar"/>
		<b id="17" c="17 18" t="1"/>
		<b id="18" c="18 19" t="1"/>
		<b id="19" c="19 20" t="1"/>
		<b id="20" c="20 21" t="1"/>
		<b id="21" c="21 22" t="1"/>
		<b id="22" c="22 23" t="1"/>
		<b id="23" c="22 24" t="1"/>
		<b id="24" c="24 25" t="1"/>
		<b id="25" c="19 25" t="1"/>
		<b id="26" c="17 26" t="ar"/>
		<b id="27" c="13 26" t="ar"/>
		<b id="28" c="12 27" t="ar"/>
		<b id="29" c="27 28" t="ar"/>
		<b id="30" c="28 29" t="1"/>
		<b id="31" c="28 30" t="ar"/>
		<b id="32" c="30 31" t="ar"/>
		<b id="33" c="11 31" t="ar"/>
		<b id="34" c="8 31" t="ar"/>
		<b id="35" c="6 32" t="ar"/>
		<b id="36" c="32 33" t="ar"/>
		<b id="37" c="3 33" t="ar"/>
		<b id="38" c="1 34" t="1"/>
		<b id="39" c="1 35" t="1"/>
		<b id="40" c="1 36" t="1"/>
		<b id="41" c="4 37" t="1"/>
		<b id="42" c="5 38" t="1"/>
		<b id="43" c="7 39" t="1"/>
		<b id="44" c="7 40" t="1"/>
		<b id="45" c="9 41" t="1"/>
		<b id="46" c="14 42" t="1"/>
		<b id="47" c="15 43" t="1"/>
		<b id="48" c="16 44" t="1"/>
		<b id="49" c="18 45" t="1"/>
		<b id="50" c="18 46" t="1"/>
		<b id="51" c="20 47" t="1"/>
		<b id="52" c="20 48" t="1"/>
		<b id="53" c="21 49" t="1"/>
		<b id="54" c="21 50" t="1"/>
		<b id="55" c="23 51" t="1"/>
		<b id="56" c="23 52" t="1"/>
		<b id="57" c="23 53" t="1"/>
		<b id="58" c="24 54" t="1"/>
		<b id="59" c="24 55" t="1"/>
		<b id="60" c="25 56" t="1"/>
		<b id="61" c="25 57" t="1"/>
		<b id="62" c="26 58" t="1"/>
		<b id="63" c="32 59" t="1"/>
		<b id="64" c="33 60" t="1"/>
	</bonds>
	<geometry>
		<g u="A" t="cart/3d">#60,3:0.7910,-2.4348,5.8261;2.0548,-1.8241,5.9358;2.3812,-0.8358,5.0619;1.5574,-0.3635,4.0441;2.0058,0.6449,3.2068;3.2698,1.1925,3.3595;3.7408,2.3145,2.4683;3.3911,3.5939,3.0441;2.3732,4.4314,2.6954;2.2694,5.4886,3.4405;3.2680,5.3710,4.3737;3.7052,6.1400,5.4622;3.1310,7.4158,5.8639;3.5253,8.0099,7.0633;2.9948,9.2303,7.4329;2.0863,9.8738,6.6096;1.6928,9.2973,5.4058;0.7568,10.0471,4.4986;1.3117,11.3545,4.1835;2.5550,11.2540,3.4391;3.1563,12.6533,3.2682;2.2657,13.5885,2.6079;2.1768,13.4065,1.1748;0.9868,13.5942,3.2908;0.3750,12.1982,3.4660;2.2095,8.0660,5.0420;4.7324,5.6687,6.1743;5.3075,4.5365,5.8330;6.6158,4.0474,6.8139;5.0118,3.7293,4.8324;3.9759,4.1679,4.1277;4.0862,0.7273,4.3872;3.6501,-0.2733,5.2266;0.7643,-3.1953,6.6057;0.6590,-2.9131,4.8487;-0.0200,-1.7163,5.9937;0.5688,-0.7684,3.8923;1.3542,1.0006,2.4188;3.2780,2.2530,1.4800;4.8294,2.2801,2.3688;1.7283,4.2243,1.8629;4.2445,7.4986,7.6830;3.2946,9.6875,8.3646;1.6845,10.8377,6.8822;-0.1974,10.2109,5.0106;0.5590,9.4513,3.5889;2.3950,10.7835,2.4507;3.2508,10.6275,4.0009;4.0898,12.5923,2.7051;3.3723,13.0577,4.2616;3.1732,13.5276,0.7496;1.5318,14.1832,0.7652;1.7844,12.4298,0.8591;0.2949,14.2393,2.7454;1.1554,14.0217,4.2840;0.1151,11.7714,2.4788;-0.5451,12.2786,4.0506;1.9124,7.6001,4.1151;5.0620,1.1654,4.5322;4.2749,-0.6429,6.0250;</g>
	</geometry>
	<conformers/>
	<properties/>
</molecule>
