<?xml version="1.0" ?>
<!--MOLLI PACKAGE EXPERIMENTAL XML FORMAT-->
<molecule name="el2169">
	<atoms>
		<a id="1" s="C" t="C.3" l="C"/>
		<a id="2" s="O" t="O.3" l="O"/>
		<a id="3" s="C" t="C.2" l="C"/>
		<a id="4" s="O" t="O.2" l="O"/>
		<a id="5" s="C" t="C.ar" l="C"/>
		<a id="6" s="C" t="C.ar" l="C"/>
		<a id="7" s="N" t="N.ar" l="N"/>
		<a id="8" s="C" t="C.ar" l="C"/>
		<a id="9" s="Cl" t="Cl" l="CL"/>
		<a id="10" s="C" t="C.ar" l="C"/>
		<a id="11" s="C" t="C.ar" l="C"/>
		<a id="12" s="N" t="N.pl3" l="N"/>
		<a id="13" s="C" t="C.3" l="C"/>
		<a id="14" s="C" t="C.3" l="C"/>
		<a id="15" s="H" t="H" l="H"/>
		<a id="16" s="H" t="H" l="H"/>
		<a id="17" s="H" t="H" l="H"/>
		<a id="18" s="H" t="H" l="H"/>
		<a id="19" s="H" t="H" l="H"/>
		<a id="20" s="H" t="H" l="H"/>
		<a id="21" s="H" t="H" l="H"/>
		<a id="22" s="H" t="H" l="H"/>
		<a id="23" s="H" t="H" l="H"/>
		<a id="24" s="H" t="H" l="H"/>
		<a id="25" s="H" t="H" l="H"/>
	</atoms>
	<bonds>
		<b id="1" c="1 2" t="1"/>
		<b id="2" c="2 3" t="1"/>
		<b id="3" c="3 4" t="2"/>
		<b id="4" c="3 5" t="1"/>
		<b id="5" c="5 6" t="ar"/>
		<b id="6" c="6 7" t="ar"/>
		<b id="7" c="7 8" t="ar"/>
		<b id="8" c="8 9" t="1"/>
		<b id="9" c="8 10" t="ar"/>
		<b id="10" c="10 11" t="ar"/>
		<b id="11" c="5 11" t="ar"/>
		<b id="12" c="11 12" t="1"/>
		<b id="13" c="12 13" t="1"/>
		<b id="14" c="12 14" t="1"/>
		<b id="15" c="1 15" t="1"/>
		<b id="16" c="1 16" t="1"/>
		<b id="17" c="1 17" t="1"/>
		<b id="18" c="6 18" t="1"/>
		<b id="19" c="10 19" t="1"/>
		<b id="20" c="13 20" t="1"/>
		<b id="21" c="13 21" t="1"/>
		<b id="22" c="13 22" t="1"/>
		<b id="23" c="14 23" t="1"/>
		<b id="24" c="14 24" t="1"/>
		<b id="25" c="14 25" t="1"/>
	</bonds>
	<geometry>
		<g u="A" t="cart/3d">#25,3:1.3157,2.6365,-0.5341;2.7050,2.4356,-0.7440;3.1743,1.2047,-0.4733;2.4642,0.2993,-0.1010;4.6435,1.1391,-0.5914;5.3657,2.2475,-0.1555;6.6703,2.2736,0.0192;7.3208,1.1470,-0.2188;9.0195,1.1966,0.0483;6.7459,-0.0174,-0.6747;5.3584,-0.0444,-0.9252;4.7817,-1.1252,-1.4939;5.4567,-2.4010,-1.5260;3.5650,-1.0507,-2.2628;1.1603,3.7123,-0.5213;1.0066,2.1886,0.4124;0.7412,2.1809,-1.3438;4.8463,3.1621,0.0922;7.3719,-0.8692,-0.8734;6.0126,-2.5595,-0.6034;6.1421,-2.4823,-2.3768;4.7072,-3.1870,-1.6061;3.4191,-0.0367,-2.6355;2.6905,-1.3266,-1.6667;3.6476,-1.7235,-3.1176;</g>
	</geometry>
	<conformers/>
	<properties/>
</molecule>
