<?xml version="1.0" ?>
<!--MOLLI PACKAGE EXPERIMENTAL XML FORMAT-->
<molecule name="el2173">
	<atoms>
		<a id="1" s="C" t="C.3" l="C"/>
		<a id="2" s="C" t="C.3" l="C"/>
		<a id="3" s="O" t="O.3" l="O"/>
		<a id="4" s="C" t="C.ar" l="C"/>
		<a id="5" s="N" t="N.ar" l="N"/>
		<a id="6" s="C" t="C.ar" l="C"/>
		<a id="7" s="Cl" t="Cl" l="CL"/>
		<a id="8" s="N" t="N.ar" l="N"/>
		<a id="9" s="C" t="C.ar" l="C"/>
		<a id="10" s="N" t="N.pl3" l="N"/>
		<a id="11" s="C" t="C.3" l="C"/>
		<a id="12" s="C" t="C.3" l="C"/>
		<a id="13" s="O" t="O.3" l="O"/>
		<a id="14" s="C" t="C.3" l="C"/>
		<a id="15" s="C" t="C.3" l="C"/>
		<a id="16" s="C" t="C.ar" l="C"/>
		<a id="17" s="F" t="F" l="F"/>
		<a id="18" s="C" t="C.ar" l="C"/>
		<a id="19" s="N" t="N.ar" l="N"/>
		<a id="20" s="C" t="C.ar" l="C"/>
		<a id="21" s="C" t="C.ar" l="C"/>
		<a id="22" s="F" t="F" l="F"/>
		<a id="23" s="C" t="C.ar" l="C"/>
		<a id="24" s="N" t="N.ar" l="N"/>
		<a id="25" s="H" t="H" l="H"/>
		<a id="26" s="H" t="H" l="H"/>
		<a id="27" s="H" t="H" l="H"/>
		<a id="28" s="H" t="H" l="H"/>
		<a id="29" s="H" t="H" l="H"/>
		<a id="30" s="H" t="H" l="H"/>
		<a id="31" s="H" t="H" l="H"/>
		<a id="32" s="H" t="H" l="H"/>
		<a id="33" s="H" t="H" l="H"/>
		<a id="34" s="H" t="H" l="H"/>
		<a id="35" s="H" t="H" l="H"/>
		<a id="36" s="H" t="H" l="H"/>
		<a id="37" s="H" t="H" l="H"/>
		<a id="38" s="H" t="H" l="H"/>
	</atoms>
	<bonds>
		<b id="1" c="3 4" t="1"/>
		<b id="2" c="4 5" t="ar"/>
		<b id="3" c="5 6" t="ar"/>
		<b id="4" c="6 7" t="1"/>
		<b id="5" c="6 8" t="ar"/>
		<b id="6" c="8 9" t="ar"/>
		<b id="7" c="9 10" t="1"/>
		<b id="8" c="10 11" t="1"/>
		<b id="9" c="11 12" t="1"/>
		<b id="10" c="12 13" t="1"/>
		<b id="11" c="13 14" t="1"/>
		<b id="12" c="14 15" t="1"/>
		<b id="13" c="10 15" t="1"/>
		<b id="14" c="9 16" t="ar"/>
		<b id="15" c="4 16" t="ar"/>
		<b id="16" c="16 17" t="1"/>
		<b id="17" c="2 18" t="1"/>
		<b id="18" c="18 19" t="ar"/>
		<b id="19" c="19 20" t="ar"/>
		<b id="20" c="20 21" t="ar"/>
		<b id="21" c="21 22" t="1"/>
		<b id="22" c="21 23" t="ar"/>
		<b id="23" c="23 24" t="ar"/>
		<b id="24" c="18 24" t="ar"/>
		<b id="25" c="2 3" t="1"/>
		<b id="26" c="2 1" t="1"/>
		<b id="27" c="1 25" t="1"/>
		<b id="28" c="1 26" t="1"/>
		<b id="29" c="1 27" t="1"/>
		<b id="30" c="2 28" t="1"/>
		<b id="31" c="11 29" t="1"/>
		<b id="32" c="11 30" t="1"/>
		<b id="33" c="12 31" t="1"/>
		<b id="34" c="12 32" t="1"/>
		<b id="35" c="14 33" t="1"/>
		<b id="36" c="14 34" t="1"/>
		<b id="37" c="15 35" t="1"/>
		<b id="38" c="15 36" t="1"/>
		<b id="39" c="20 37" t="1"/>
		<b id="40" c="23 38" t="1"/>
	</bonds>
	<geometry>
		<g u="A" t="cart/3d">#38,3:2.8617,0.9402,-0.2262;2.1400,-0.3846,-0.0223;0.7217,-0.1886,0.0558;0.0630,-0.0611,-1.0887;0.7171,-0.0929,-2.2512;-0.0275,0.0251,-3.3291;0.8003,-0.0296,-4.8158;-1.3200,0.1874,-3.4011;-2.0324,0.2341,-2.2540;-3.3659,0.3526,-2.3908;-3.9474,0.5344,-3.7078;-4.3766,1.9967,-3.8735;-5.2752,2.3809,-2.8562;-4.7063,2.2063,-1.5803;-4.2928,0.7445,-1.3507;-1.3219,0.0977,-1.0477;-1.9225,0.0972,0.1704;2.5111,-1.0443,1.2842;2.5573,-2.3691,1.2917;2.8343,-2.9700,2.4339;3.0689,-2.2278,3.5831;3.3490,-2.8267,4.7486;3.0139,-0.8442,3.4829;2.7361,-0.2645,2.3310;3.9338,0.7703,-0.2512;2.6255,1.6123,0.5938;2.5488,1.3801,-1.1689;2.3486,-1.0756,-0.8467;-4.8254,-0.1148,-3.7827;-3.2108,0.2619,-4.4605;-4.9047,2.1409,-4.8171;-3.4834,2.6398,-3.8523;-5.4688,2.5064,-0.8603;-3.8229,2.8550,-1.4672;-5.1793,0.1057,-1.4324;-3.8669,0.6307,-0.3591;2.8702,-4.0509,2.4307;3.1952,-0.1994,4.3321;</g>
	</geometry>
	<conformers/>
	<properties/>
</molecule>
