<?xml version="1.0" ?>
<!--MOLLI PACKAGE EXPERIMENTAL XML FORMAT-->
<molecule name="el2174">
	<atoms>
		<a id="1" s="C" t="C.3" l="C"/>
		<a id="2" s="C" t="C.3" l="C"/>
		<a id="3" s="N" t="N.pl3" l="N"/>
		<a id="4" s="C" t="C.ar" l="C"/>
		<a id="5" s="N" t="N.ar" l="N"/>
		<a id="6" s="C" t="C.ar" l="C"/>
		<a id="7" s="Cl" t="Cl" l="CL"/>
		<a id="8" s="N" t="N.ar" l="N"/>
		<a id="9" s="C" t="C.ar" l="C"/>
		<a id="10" s="N" t="N.pl3" l="N"/>
		<a id="11" s="C" t="C.3" l="C"/>
		<a id="12" s="C" t="C.3" l="C"/>
		<a id="13" s="O" t="O.3" l="O"/>
		<a id="14" s="C" t="C.3" l="C"/>
		<a id="15" s="C" t="C.3" l="C"/>
		<a id="16" s="C" t="C.ar" l="C"/>
		<a id="17" s="F" t="F" l="F"/>
		<a id="18" s="C" t="C.ar" l="C"/>
		<a id="19" s="C" t="C.ar" l="C"/>
		<a id="20" s="C" t="C.ar" l="C"/>
		<a id="21" s="C" t="C.ar" l="C"/>
		<a id="22" s="F" t="F" l="F"/>
		<a id="23" s="C" t="C.ar" l="C"/>
		<a id="24" s="N" t="N.ar" l="N"/>
		<a id="25" s="H" t="H" l="H"/>
		<a id="26" s="H" t="H" l="H"/>
		<a id="27" s="H" t="H" l="H"/>
		<a id="28" s="H" t="H" l="H"/>
		<a id="29" s="H" t="H" l="H"/>
		<a id="30" s="H" t="H" l="H"/>
		<a id="31" s="H" t="H" l="H"/>
		<a id="32" s="H" t="H" l="H"/>
		<a id="33" s="H" t="H" l="H"/>
		<a id="34" s="H" t="H" l="H"/>
		<a id="35" s="H" t="H" l="H"/>
		<a id="36" s="H" t="H" l="H"/>
		<a id="37" s="H" t="H" l="H"/>
		<a id="38" s="H" t="H" l="H"/>
		<a id="39" s="H" t="H" l="H"/>
		<a id="40" s="H" t="H" l="H"/>
	</atoms>
	<bonds>
		<b id="1" c="3 4" t="1"/>
		<b id="2" c="4 5" t="ar"/>
		<b id="3" c="5 6" t="ar"/>
		<b id="4" c="6 7" t="1"/>
		<b id="5" c="6 8" t="ar"/>
		<b id="6" c="8 9" t="ar"/>
		<b id="7" c="9 10" t="1"/>
		<b id="8" c="10 11" t="1"/>
		<b id="9" c="11 12" t="1"/>
		<b id="10" c="12 13" t="1"/>
		<b id="11" c="13 14" t="1"/>
		<b id="12" c="14 15" t="1"/>
		<b id="13" c="10 15" t="1"/>
		<b id="14" c="9 16" t="ar"/>
		<b id="15" c="4 16" t="ar"/>
		<b id="16" c="16 17" t="1"/>
		<b id="17" c="2 18" t="1"/>
		<b id="18" c="18 19" t="ar"/>
		<b id="19" c="19 20" t="ar"/>
		<b id="20" c="20 21" t="ar"/>
		<b id="21" c="21 22" t="1"/>
		<b id="22" c="21 23" t="ar"/>
		<b id="23" c="23 24" t="ar"/>
		<b id="24" c="18 24" t="ar"/>
		<b id="25" c="2 3" t="1"/>
		<b id="26" c="2 1" t="1"/>
		<b id="27" c="1 25" t="1"/>
		<b id="28" c="1 26" t="1"/>
		<b id="29" c="1 27" t="1"/>
		<b id="30" c="2 28" t="1"/>
		<b id="31" c="3 29" t="1"/>
		<b id="32" c="11 30" t="1"/>
		<b id="33" c="11 31" t="1"/>
		<b id="34" c="12 32" t="1"/>
		<b id="35" c="12 33" t="1"/>
		<b id="36" c="14 34" t="1"/>
		<b id="37" c="14 35" t="1"/>
		<b id="38" c="15 36" t="1"/>
		<b id="39" c="15 37" t="1"/>
		<b id="40" c="19 38" t="1"/>
		<b id="41" c="20 39" t="1"/>
		<b id="42" c="23 40" t="1"/>
	</bonds>
	<geometry>
		<g u="A" t="cart/3d">#40,3:3.1364,0.2105,2.1943;2.5348,1.0031,1.0419;1.1029,0.7695,0.9989;0.3019,1.5328,0.2296;0.8185,2.6509,-0.3073;-0.0148,3.3761,-1.0134;0.6494,4.7810,-1.7216;-1.2821,3.1709,-1.2493;-1.8607,2.0657,-0.7247;-3.1601,1.8756,-1.0378;-3.8835,2.9049,-1.7605;-4.7613,3.6907,-0.7805;-5.6420,2.8343,-0.0856;-4.9376,1.8381,0.6166;-4.0698,0.9984,-0.3326;-1.0454,1.2122,0.0263;-1.4881,0.0397,0.5807;3.1449,0.6011,-0.2852;3.6095,1.5528,-1.1878;4.1117,1.1289,-2.4059;4.1204,-0.2332,-2.6557;4.6025,-0.7013,-3.8223;3.6289,-1.1168,-1.7078;3.1511,-0.6993,-0.5518;4.1904,0.4516,2.2988;3.0428,-0.8535,1.9928;2.6256,0.4516,3.1227;2.6739,2.0783,1.1869;0.7946,-0.1714,1.1960;-4.5156,2.4133,-2.5062;-3.1672,3.5635,-2.2471;-5.3893,4.4078,-1.3104;-4.1155,4.2268,-0.0686;-5.6898,1.2152,1.1028;-4.2945,2.2985,1.3836;-4.7159,0.5187,-1.0758;-3.5447,0.2296,0.2244;3.5612,2.6016,-0.9447;4.4823,1.8225,-3.1447;3.6188,-2.1832,-1.8851;</g>
	</geometry>
	<conformers/>
	<properties/>
</molecule>
