<?xml version="1.0" ?>
<!--MOLLI PACKAGE EXPERIMENTAL XML FORMAT-->
<molecule name="el2175">
	<atoms>
		<a id="1" s="C" t="C.3" l="C"/>
		<a id="2" s="C" t="C.3" l="C"/>
		<a id="3" s="O" t="O.3" l="O"/>
		<a id="4" s="C" t="C.ar" l="C"/>
		<a id="5" s="N" t="N.ar" l="N"/>
		<a id="6" s="C" t="C.ar" l="C"/>
		<a id="7" s="Cl" t="Cl" l="CL"/>
		<a id="8" s="N" t="N.ar" l="N"/>
		<a id="9" s="C" t="C.ar" l="C"/>
		<a id="10" s="N" t="N.pl3" l="N"/>
		<a id="11" s="C" t="C.3" l="C"/>
		<a id="12" s="C" t="C.3" l="C"/>
		<a id="13" s="O" t="O.3" l="O"/>
		<a id="14" s="C" t="C.3" l="C"/>
		<a id="15" s="C" t="C.3" l="C"/>
		<a id="16" s="C" t="C.ar" l="C"/>
		<a id="17" s="F" t="F" l="F"/>
		<a id="18" s="C" t="C.ar" l="C"/>
		<a id="19" s="C" t="C.ar" l="C"/>
		<a id="20" s="C" t="C.ar" l="C"/>
		<a id="21" s="C" t="C.ar" l="C"/>
		<a id="22" s="F" t="F" l="F"/>
		<a id="23" s="C" t="C.ar" l="C"/>
		<a id="24" s="N" t="N.ar" l="N"/>
		<a id="25" s="H" t="H" l="H"/>
		<a id="26" s="H" t="H" l="H"/>
		<a id="27" s="H" t="H" l="H"/>
		<a id="28" s="H" t="H" l="H"/>
		<a id="29" s="H" t="H" l="H"/>
		<a id="30" s="H" t="H" l="H"/>
		<a id="31" s="H" t="H" l="H"/>
		<a id="32" s="H" t="H" l="H"/>
		<a id="33" s="H" t="H" l="H"/>
		<a id="34" s="H" t="H" l="H"/>
		<a id="35" s="H" t="H" l="H"/>
		<a id="36" s="H" t="H" l="H"/>
		<a id="37" s="H" t="H" l="H"/>
		<a id="38" s="H" t="H" l="H"/>
		<a id="39" s="H" t="H" l="H"/>
	</atoms>
	<bonds>
		<b id="1" c="3 4" t="1"/>
		<b id="2" c="4 5" t="ar"/>
		<b id="3" c="5 6" t="ar"/>
		<b id="4" c="6 7" t="1"/>
		<b id="5" c="6 8" t="ar"/>
		<b id="6" c="8 9" t="ar"/>
		<b id="7" c="9 10" t="1"/>
		<b id="8" c="10 11" t="1"/>
		<b id="9" c="11 12" t="1"/>
		<b id="10" c="12 13" t="1"/>
		<b id="11" c="13 14" t="1"/>
		<b id="12" c="14 15" t="1"/>
		<b id="13" c="10 15" t="1"/>
		<b id="14" c="9 16" t="ar"/>
		<b id="15" c="4 16" t="ar"/>
		<b id="16" c="16 17" t="1"/>
		<b id="17" c="2 18" t="1"/>
		<b id="18" c="18 19" t="ar"/>
		<b id="19" c="19 20" t="ar"/>
		<b id="20" c="20 21" t="ar"/>
		<b id="21" c="21 22" t="1"/>
		<b id="22" c="21 23" t="ar"/>
		<b id="23" c="23 24" t="ar"/>
		<b id="24" c="18 24" t="ar"/>
		<b id="25" c="2 3" t="1"/>
		<b id="26" c="2 1" t="1"/>
		<b id="27" c="1 25" t="1"/>
		<b id="28" c="1 26" t="1"/>
		<b id="29" c="1 27" t="1"/>
		<b id="30" c="2 28" t="1"/>
		<b id="31" c="11 29" t="1"/>
		<b id="32" c="11 30" t="1"/>
		<b id="33" c="12 31" t="1"/>
		<b id="34" c="12 32" t="1"/>
		<b id="35" c="14 33" t="1"/>
		<b id="36" c="14 34" t="1"/>
		<b id="37" c="15 35" t="1"/>
		<b id="38" c="15 36" t="1"/>
		<b id="39" c="19 37" t="1"/>
		<b id="40" c="20 38" t="1"/>
		<b id="41" c="23 39" t="1"/>
	</bonds>
	<geometry>
		<g u="A" t="cart/3d">#39,3:0.2414,-1.5929,1.3448;0.5556,-0.1100,1.5614;0.8800,0.5321,0.3303;-0.0234,0.9173,-0.5646;0.5578,1.4283,-1.6588;-0.2351,1.8491,-2.6117;0.5249,2.4906,-3.9916;-1.5430,1.8414,-2.6319;-2.1912,1.3422,-1.5623;-3.5332,1.3060,-1.6577;-4.1863,1.8760,-2.8230;-4.8379,3.2074,-2.4357;-5.7532,3.0346,-1.3761;-5.1249,2.4787,-0.2471;-4.4803,1.1237,-0.5781;-1.4137,0.8593,-0.4855;-2.0195,0.3194,0.6148;1.7696,0.0161,2.4522;3.0551,0.0754,1.9234;4.1275,0.1569,2.7941;3.8515,0.1657,4.1514;4.8575,0.2405,5.0416;2.5398,0.0998,4.5949;1.5246,0.0295,3.7551;0.0712,-2.0625,2.3088;1.0806,-2.0766,0.8507;-0.6478,-1.7149,0.7325;-0.2820,0.3830,2.0645;-4.9582,1.1746,-3.1541;-3.4474,2.0229,-3.6074;-5.4095,3.6156,-3.2697;-4.0534,3.9225,-2.1459;-5.9022,2.3567,0.5087;-4.3516,3.1648,0.1332;-5.2581,0.4363,-0.9286;-4.0216,0.7084,0.3120;3.1990,0.0721,0.8556;5.1463,0.2109,2.4428;2.3017,0.1084,5.6491;</g>
	</geometry>
	<conformers/>
	<properties/>
</molecule>
