<?xml version="1.0" ?>
<!--MOLLI PACKAGE EXPERIMENTAL XML FORMAT-->
<molecule name="el2178">
	<atoms>
		<a id="1" s="C" t="C.3" l="C"/>
		<a id="2" s="C" t="C.3" l="C"/>
		<a id="3" s="N" t="N.pl3" l="N"/>
		<a id="4" s="C" t="C.ar" l="C"/>
		<a id="5" s="C" t="C.ar" l="C"/>
		<a id="6" s="C" t="C.ar" l="C"/>
		<a id="7" s="N" t="N.pl3" l="N"/>
		<a id="8" s="C" t="C.3" l="C"/>
		<a id="9" s="C" t="C.3" l="C"/>
		<a id="10" s="O" t="O.3" l="O"/>
		<a id="11" s="C" t="C.3" l="C"/>
		<a id="12" s="C" t="C.3" l="C"/>
		<a id="13" s="N" t="N.ar" l="N"/>
		<a id="14" s="C" t="C.ar" l="C"/>
		<a id="15" s="Cl" t="Cl" l="CL"/>
		<a id="16" s="N" t="N.ar" l="N"/>
		<a id="17" s="C" t="C.ar" l="C"/>
		<a id="18" s="N" t="N.ar" l="N"/>
		<a id="19" s="C" t="C.ar" l="C"/>
		<a id="20" s="C" t="C.ar" l="C"/>
		<a id="21" s="F" t="F" l="F"/>
		<a id="22" s="C" t="C.ar" l="C"/>
		<a id="23" s="N" t="N.ar" l="N"/>
		<a id="24" s="H" t="H" l="H"/>
		<a id="25" s="H" t="H" l="H"/>
		<a id="26" s="H" t="H" l="H"/>
		<a id="27" s="H" t="H" l="H"/>
		<a id="28" s="H" t="H" l="H"/>
		<a id="29" s="H" t="H" l="H"/>
		<a id="30" s="H" t="H" l="H"/>
		<a id="31" s="H" t="H" l="H"/>
		<a id="32" s="H" t="H" l="H"/>
		<a id="33" s="H" t="H" l="H"/>
		<a id="34" s="H" t="H" l="H"/>
		<a id="35" s="H" t="H" l="H"/>
		<a id="36" s="H" t="H" l="H"/>
		<a id="37" s="H" t="H" l="H"/>
		<a id="38" s="H" t="H" l="H"/>
		<a id="39" s="H" t="H" l="H"/>
	</atoms>
	<bonds>
		<b id="1" c="3 4" t="1"/>
		<b id="2" c="4 5" t="ar"/>
		<b id="3" c="5 6" t="ar"/>
		<b id="4" c="6 7" t="1"/>
		<b id="5" c="7 8" t="1"/>
		<b id="6" c="8 9" t="1"/>
		<b id="7" c="9 10" t="1"/>
		<b id="8" c="10 11" t="1"/>
		<b id="9" c="11 12" t="1"/>
		<b id="10" c="7 12" t="1"/>
		<b id="11" c="6 13" t="ar"/>
		<b id="12" c="13 14" t="ar"/>
		<b id="13" c="14 15" t="1"/>
		<b id="14" c="14 16" t="ar"/>
		<b id="15" c="4 16" t="ar"/>
		<b id="16" c="2 17" t="1"/>
		<b id="17" c="17 18" t="ar"/>
		<b id="18" c="18 19" t="ar"/>
		<b id="19" c="19 20" t="ar"/>
		<b id="20" c="20 21" t="1"/>
		<b id="21" c="20 22" t="ar"/>
		<b id="22" c="22 23" t="ar"/>
		<b id="23" c="17 23" t="ar"/>
		<b id="24" c="2 3" t="1"/>
		<b id="25" c="2 1" t="1"/>
		<b id="26" c="1 24" t="1"/>
		<b id="27" c="1 25" t="1"/>
		<b id="28" c="1 26" t="1"/>
		<b id="29" c="2 27" t="1"/>
		<b id="30" c="3 28" t="1"/>
		<b id="31" c="5 29" t="1"/>
		<b id="32" c="8 30" t="1"/>
		<b id="33" c="8 31" t="1"/>
		<b id="34" c="9 32" t="1"/>
		<b id="35" c="9 33" t="1"/>
		<b id="36" c="11 34" t="1"/>
		<b id="37" c="11 35" t="1"/>
		<b id="38" c="12 36" t="1"/>
		<b id="39" c="12 37" t="1"/>
		<b id="40" c="19 38" t="1"/>
		<b id="41" c="22 39" t="1"/>
	</bonds>
	<geometry>
		<g u="A" t="cart/3d">#39,3:0.3928,0.7101,-2.5847;0.3944,-0.0881,-1.2748;1.0493,0.6500,-0.2242;0.4342,0.9477,0.9426;1.1414,1.4759,2.0240;0.4149,1.8147,3.1682;0.9626,2.2827,4.3156;0.1091,2.7417,5.3942;0.0562,4.2726,5.3829;1.3520,4.8286,5.4752;2.1735,4.3881,4.4212;2.2853,2.8557,4.4111;-0.9218,1.6210,3.1968;-1.4673,1.1141,2.1240;-3.1622,0.8798,2.1988;-0.8972,0.7656,0.9971;1.0653,-1.4161,-1.5011;0.4415,-2.2830,-2.2897;1.0221,-3.4453,-2.5103;2.2501,-3.7449,-1.9338;2.8475,-4.9263,-2.1492;2.8416,-2.7800,-1.1337;2.2444,-1.6204,-0.9249;-0.1103,0.1382,-3.3582;1.4126,0.9187,-2.9008;-0.1300,1.6499,-2.4344;-0.6398,-0.2567,-0.9574;2.0569,0.5998,-0.2224;2.2080,1.5960,1.9486;0.5376,2.3957,6.3401;-0.8847,2.3215,5.2536;-0.4976,4.6509,6.2426;-0.4318,4.6096,4.4562;3.1499,4.8483,4.5819;1.7641,4.7257,3.4556;2.7312,2.5243,5.3555;2.9187,2.5307,3.5894;0.5048,-4.1456,-3.1518;3.8007,-2.9365,-0.6586;</g>
	</geometry>
	<conformers/>
	<properties/>
</molecule>
