<?xml version="1.0" ?>
<!--MOLLI PACKAGE EXPERIMENTAL XML FORMAT-->
<molecule name="el2180">
	<atoms>
		<a id="1" s="C" t="C.3" l="C"/>
		<a id="2" s="C" t="C.3" l="C"/>
		<a id="3" s="N" t="N.pl3" l="N"/>
		<a id="4" s="C" t="C.ar" l="C"/>
		<a id="5" s="N" t="N.ar" l="N"/>
		<a id="6" s="C" t="C.ar" l="C"/>
		<a id="7" s="Cl" t="Cl" l="CL"/>
		<a id="8" s="N" t="N.ar" l="N"/>
		<a id="9" s="C" t="C.ar" l="C"/>
		<a id="10" s="N" t="N.pl3" l="N"/>
		<a id="11" s="C" t="C.3" l="C"/>
		<a id="12" s="C" t="C.3" l="C"/>
		<a id="13" s="N" t="N.3" l="N"/>
		<a id="14" s="S" t="S.O2" l="S"/>
		<a id="15" s="C" t="C.3" l="C"/>
		<a id="16" s="O" t="O.2" l="O"/>
		<a id="17" s="O" t="O.2" l="O"/>
		<a id="18" s="C" t="C.3" l="C"/>
		<a id="19" s="C" t="C.3" l="C"/>
		<a id="20" s="C" t="C.ar" l="C"/>
		<a id="21" s="F" t="F" l="F"/>
		<a id="22" s="C" t="C.ar" l="C"/>
		<a id="23" s="C" t="C.ar" l="C"/>
		<a id="24" s="C" t="C.ar" l="C"/>
		<a id="25" s="C" t="C.ar" l="C"/>
		<a id="26" s="F" t="F" l="F"/>
		<a id="27" s="C" t="C.ar" l="C"/>
		<a id="28" s="N" t="N.ar" l="N"/>
		<a id="29" s="H" t="H" l="H"/>
		<a id="30" s="H" t="H" l="H"/>
		<a id="31" s="H" t="H" l="H"/>
		<a id="32" s="H" t="H" l="H"/>
		<a id="33" s="H" t="H" l="H"/>
		<a id="34" s="H" t="H" l="H"/>
		<a id="35" s="H" t="H" l="H"/>
		<a id="36" s="H" t="H" l="H"/>
		<a id="37" s="H" t="H" l="H"/>
		<a id="38" s="H" t="H" l="H"/>
		<a id="39" s="H" t="H" l="H"/>
		<a id="40" s="H" t="H" l="H"/>
		<a id="41" s="H" t="H" l="H"/>
		<a id="42" s="H" t="H" l="H"/>
		<a id="43" s="H" t="H" l="H"/>
		<a id="44" s="H" t="H" l="H"/>
		<a id="45" s="H" t="H" l="H"/>
		<a id="46" s="H" t="H" l="H"/>
		<a id="47" s="H" t="H" l="H"/>
	</atoms>
	<bonds>
		<b id="1" c="3 4" t="1"/>
		<b id="2" c="4 5" t="ar"/>
		<b id="3" c="5 6" t="ar"/>
		<b id="4" c="6 7" t="1"/>
		<b id="5" c="6 8" t="ar"/>
		<b id="6" c="8 9" t="ar"/>
		<b id="7" c="9 10" t="1"/>
		<b id="8" c="10 11" t="1"/>
		<b id="9" c="11 12" t="1"/>
		<b id="10" c="12 13" t="1"/>
		<b id="11" c="13 14" t="1"/>
		<b id="12" c="14 15" t="1"/>
		<b id="13" c="14 16" t="2"/>
		<b id="14" c="14 17" t="2"/>
		<b id="15" c="13 18" t="1"/>
		<b id="16" c="18 19" t="1"/>
		<b id="17" c="10 19" t="1"/>
		<b id="18" c="9 20" t="ar"/>
		<b id="19" c="4 20" t="ar"/>
		<b id="20" c="20 21" t="1"/>
		<b id="21" c="2 22" t="1"/>
		<b id="22" c="22 23" t="ar"/>
		<b id="23" c="23 24" t="ar"/>
		<b id="24" c="24 25" t="ar"/>
		<b id="25" c="25 26" t="1"/>
		<b id="26" c="25 27" t="ar"/>
		<b id="27" c="27 28" t="ar"/>
		<b id="28" c="22 28" t="ar"/>
		<b id="29" c="2 3" t="1"/>
		<b id="30" c="2 1" t="1"/>
		<b id="31" c="1 29" t="1"/>
		<b id="32" c="1 30" t="1"/>
		<b id="33" c="1 31" t="1"/>
		<b id="34" c="2 32" t="1"/>
		<b id="35" c="3 33" t="1"/>
		<b id="36" c="11 34" t="1"/>
		<b id="37" c="11 35" t="1"/>
		<b id="38" c="12 36" t="1"/>
		<b id="39" c="12 37" t="1"/>
		<b id="40" c="15 38" t="1"/>
		<b id="41" c="15 39" t="1"/>
		<b id="42" c="15 40" t="1"/>
		<b id="43" c="18 41" t="1"/>
		<b id="44" c="18 42" t="1"/>
		<b id="45" c="19 43" t="1"/>
		<b id="46" c="19 44" t="1"/>
		<b id="47" c="23 45" t="1"/>
		<b id="48" c="24 46" t="1"/>
		<b id="49" c="27 47" t="1"/>
	</bonds>
	<geometry>
		<g u="A" t="cart/3d">#47,3:3.3078,-0.6268,-1.3845;2.5170,-0.3139,-0.1227;1.1042,-0.5428,-0.3675;0.2418,-0.7190,0.6535;0.7477,-0.9667,1.8743;-0.1352,-1.1858,2.8170;0.5049,-1.4980,4.3711;-1.4371,-1.1961,2.7341;-2.0078,-0.9404,1.5329;-3.3554,-0.8874,1.5252;-4.0912,-1.3264,2.6960;-4.6209,-2.7414,2.4553;-5.4379,-2.7918,1.2576;-7.0183,-2.2368,1.4479;-7.9256,-3.5650,0.6259;-7.3470,-2.2493,2.8402;-7.2325,-1.0223,0.7120;-4.7667,-2.2628,0.0884;-4.1934,-0.8617,0.3487;-1.1439,-0.6988,0.4583;-1.5796,-0.4270,-0.8139;2.6930,1.1245,0.3189;2.8118,1.4530,1.6670;2.8921,2.7877,2.0242;2.8499,3.7267,1.0068;2.9293,5.0389,1.2969;2.7188,3.3181,-0.3106;2.6384,2.0429,-0.6368;4.3716,-0.5377,-1.1851;3.0430,0.0770,-2.1684;3.0940,-1.6387,-1.7167;2.8000,-0.9795,0.6972;0.7309,-0.1600,-1.2245;-4.9393,-0.6532,2.8457;-3.4268,-1.2979,3.5567;-5.2478,-3.0581,3.2873;-3.7887,-3.4408,2.3307;-7.7239,-4.4806,1.1645;-7.5846,-3.6278,-0.3983;-8.9796,-3.3204,0.6613;-5.4946,-2.2108,-0.7207;-3.9651,-2.9564,-0.1869;-5.0306,-0.1832,0.5425;-3.6534,-0.5109,-0.5252;2.8247,0.6774,2.4156;2.9818,3.0994,3.0529;2.6736,4.0334,-1.1190;</g>
	</geometry>
	<conformers/>
	<properties/>
</molecule>
