<?xml version="1.0" ?>
<!--MOLLI PACKAGE EXPERIMENTAL XML FORMAT-->
<molecule name="el2181">
	<atoms>
		<a id="1" s="C" t="C.3" l="C"/>
		<a id="2" s="C" t="C.3" l="C"/>
		<a id="3" s="N" t="N.pl3" l="N"/>
		<a id="4" s="C" t="C.ar" l="C"/>
		<a id="5" s="N" t="N.ar" l="N"/>
		<a id="6" s="C" t="C.ar" l="C"/>
		<a id="7" s="Cl" t="Cl" l="CL"/>
		<a id="8" s="N" t="N.ar" l="N"/>
		<a id="9" s="C" t="C.ar" l="C"/>
		<a id="10" s="N" t="N.pl3" l="N"/>
		<a id="11" s="C" t="C.3" l="C"/>
		<a id="12" s="C" t="C.3" l="C"/>
		<a id="13" s="S" t="S.O2" l="S"/>
		<a id="14" s="O" t="O.2" l="O"/>
		<a id="15" s="O" t="O.2" l="O"/>
		<a id="16" s="C" t="C.3" l="C"/>
		<a id="17" s="C" t="C.3" l="C"/>
		<a id="18" s="C" t="C.ar" l="C"/>
		<a id="19" s="F" t="F" l="F"/>
		<a id="20" s="C" t="C.ar" l="C"/>
		<a id="21" s="C" t="C.ar" l="C"/>
		<a id="22" s="C" t="C.ar" l="C"/>
		<a id="23" s="C" t="C.ar" l="C"/>
		<a id="24" s="F" t="F" l="F"/>
		<a id="25" s="C" t="C.ar" l="C"/>
		<a id="26" s="N" t="N.ar" l="N"/>
		<a id="27" s="H" t="H" l="H"/>
		<a id="28" s="H" t="H" l="H"/>
		<a id="29" s="H" t="H" l="H"/>
		<a id="30" s="H" t="H" l="H"/>
		<a id="31" s="H" t="H" l="H"/>
		<a id="32" s="H" t="H" l="H"/>
		<a id="33" s="H" t="H" l="H"/>
		<a id="34" s="H" t="H" l="H"/>
		<a id="35" s="H" t="H" l="H"/>
		<a id="36" s="H" t="H" l="H"/>
		<a id="37" s="H" t="H" l="H"/>
		<a id="38" s="H" t="H" l="H"/>
		<a id="39" s="H" t="H" l="H"/>
		<a id="40" s="H" t="H" l="H"/>
		<a id="41" s="H" t="H" l="H"/>
		<a id="42" s="H" t="H" l="H"/>
	</atoms>
	<bonds>
		<b id="1" c="3 4" t="1"/>
		<b id="2" c="4 5" t="ar"/>
		<b id="3" c="5 6" t="ar"/>
		<b id="4" c="6 7" t="1"/>
		<b id="5" c="6 8" t="ar"/>
		<b id="6" c="8 9" t="ar"/>
		<b id="7" c="9 10" t="1"/>
		<b id="8" c="10 11" t="1"/>
		<b id="9" c="11 12" t="1"/>
		<b id="10" c="12 13" t="1"/>
		<b id="11" c="13 14" t="2"/>
		<b id="12" c="13 15" t="2"/>
		<b id="13" c="13 16" t="1"/>
		<b id="14" c="16 17" t="1"/>
		<b id="15" c="10 17" t="1"/>
		<b id="16" c="9 18" t="ar"/>
		<b id="17" c="4 18" t="ar"/>
		<b id="18" c="18 19" t="1"/>
		<b id="19" c="2 20" t="1"/>
		<b id="20" c="20 21" t="ar"/>
		<b id="21" c="21 22" t="ar"/>
		<b id="22" c="22 23" t="ar"/>
		<b id="23" c="23 24" t="1"/>
		<b id="24" c="23 25" t="ar"/>
		<b id="25" c="25 26" t="ar"/>
		<b id="26" c="20 26" t="ar"/>
		<b id="27" c="2 3" t="1"/>
		<b id="28" c="2 1" t="1"/>
		<b id="29" c="1 27" t="1"/>
		<b id="30" c="1 28" t="1"/>
		<b id="31" c="1 29" t="1"/>
		<b id="32" c="2 30" t="1"/>
		<b id="33" c="3 31" t="1"/>
		<b id="34" c="11 32" t="1"/>
		<b id="35" c="11 33" t="1"/>
		<b id="36" c="12 34" t="1"/>
		<b id="37" c="12 35" t="1"/>
		<b id="38" c="16 36" t="1"/>
		<b id="39" c="16 37" t="1"/>
		<b id="40" c="17 38" t="1"/>
		<b id="41" c="17 39" t="1"/>
		<b id="42" c="21 40" t="1"/>
		<b id="43" c="22 41" t="1"/>
		<b id="44" c="25 42" t="1"/>
	</bonds>
	<geometry>
		<g u="A" t="cart/3d">#42,3:0.7430,0.4091,-2.7085;0.6121,-0.6649,-1.6206;0.8248,-0.1084,-0.3008;-0.0211,0.5905,0.4749;0.5368,1.0395,1.6162;-0.2418,1.7032,2.4312;0.4769,2.2561,3.8754;-1.5097,1.9922,2.2814;-2.1207,1.5896,1.1496;-3.4148,1.9894,1.0172;-4.0441,2.6208,2.1606;-4.6515,1.5869,3.0945;-5.9194,0.6893,2.1451;-6.3667,-0.4561,2.8859;-6.9078,1.6370,1.7075;-4.9838,0.1445,0.6777;-4.3524,1.3976,0.0890;-1.3712,0.8655,0.2144;-1.9232,0.4292,-0.9578;1.6089,-1.7755,-1.8536;2.9829,-1.5596,-1.7753;3.8424,-2.6174,-2.0134;3.2784,-3.8445,-2.3215;4.0686,-4.9036,-2.5622;1.8996,-3.9772,-2.3837;1.0938,-2.9593,-2.1520;0.6183,-0.0448,-3.6875;1.7184,0.8872,-2.6620;-0.0244,1.1665,-2.5768;-0.3840,-1.1122,-1.6716;1.7642,-0.1289,0.0686;-4.8385,3.2758,1.7949;-3.2864,3.2076,2.6824;-5.1462,2.0470,3.9446;-3.9199,0.8606,3.4354;-5.6880,-0.3184,-0.0072;-4.2492,-0.5837,1.0093;-5.1509,2.1249,-0.0858;-3.8733,1.1848,-0.8650;3.3806,-0.5840,-1.5408;4.9145,-2.5051,-1.9672;1.4364,-4.9235,-2.6237;</g>
	</geometry>
	<conformers/>
	<properties/>
</molecule>
