<?xml version="1.0" ?>
<!--MOLLI PACKAGE EXPERIMENTAL XML FORMAT-->
<molecule name="el2182">
	<atoms>
		<a id="1" s="C" t="C.3" l="C"/>
		<a id="2" s="C" t="C.3" l="C"/>
		<a id="3" s="N" t="N.pl3" l="N"/>
		<a id="4" s="C" t="C.ar" l="C"/>
		<a id="5" s="N" t="N.ar" l="N"/>
		<a id="6" s="C" t="C.ar" l="C"/>
		<a id="7" s="Cl" t="Cl" l="CL"/>
		<a id="8" s="N" t="N.ar" l="N"/>
		<a id="9" s="C" t="C.ar" l="C"/>
		<a id="10" s="N" t="N.pl3" l="N"/>
		<a id="11" s="C" t="C.3" l="C"/>
		<a id="12" s="C" t="C.3" l="C"/>
		<a id="13" s="N" t="N.3" l="N"/>
		<a id="14" s="C" t="C.3" l="C"/>
		<a id="15" s="C" t="C.3" l="C"/>
		<a id="16" s="C" t="C.3" l="C"/>
		<a id="17" s="C" t="C.ar" l="C"/>
		<a id="18" s="F" t="F" l="F"/>
		<a id="19" s="C" t="C.ar" l="C"/>
		<a id="20" s="C" t="C.ar" l="C"/>
		<a id="21" s="C" t="C.ar" l="C"/>
		<a id="22" s="C" t="C.ar" l="C"/>
		<a id="23" s="F" t="F" l="F"/>
		<a id="24" s="C" t="C.ar" l="C"/>
		<a id="25" s="N" t="N.ar" l="N"/>
		<a id="26" s="H" t="H" l="H"/>
		<a id="27" s="H" t="H" l="H"/>
		<a id="28" s="H" t="H" l="H"/>
		<a id="29" s="H" t="H" l="H"/>
		<a id="30" s="H" t="H" l="H"/>
		<a id="31" s="H" t="H" l="H"/>
		<a id="32" s="H" t="H" l="H"/>
		<a id="33" s="H" t="H" l="H"/>
		<a id="34" s="H" t="H" l="H"/>
		<a id="35" s="H" t="H" l="H"/>
		<a id="36" s="H" t="H" l="H"/>
		<a id="37" s="H" t="H" l="H"/>
		<a id="38" s="H" t="H" l="H"/>
		<a id="39" s="H" t="H" l="H"/>
		<a id="40" s="H" t="H" l="H"/>
		<a id="41" s="H" t="H" l="H"/>
		<a id="42" s="H" t="H" l="H"/>
		<a id="43" s="H" t="H" l="H"/>
		<a id="44" s="H" t="H" l="H"/>
	</atoms>
	<bonds>
		<b id="1" c="3 4" t="1"/>
		<b id="2" c="4 5" t="ar"/>
		<b id="3" c="5 6" t="ar"/>
		<b id="4" c="6 7" t="1"/>
		<b id="5" c="6 8" t="ar"/>
		<b id="6" c="8 9" t="ar"/>
		<b id="7" c="9 10" t="1"/>
		<b id="8" c="10 11" t="1"/>
		<b id="9" c="11 12" t="1"/>
		<b id="10" c="12 13" t="1"/>
		<b id="11" c="13 14" t="1"/>
		<b id="12" c="13 15" t="1"/>
		<b id="13" c="15 16" t="1"/>
		<b id="14" c="10 16" t="1"/>
		<b id="15" c="9 17" t="ar"/>
		<b id="16" c="4 17" t="ar"/>
		<b id="17" c="17 18" t="1"/>
		<b id="18" c="2 19" t="1"/>
		<b id="19" c="19 20" t="ar"/>
		<b id="20" c="20 21" t="ar"/>
		<b id="21" c="21 22" t="ar"/>
		<b id="22" c="22 23" t="1"/>
		<b id="23" c="22 24" t="ar"/>
		<b id="24" c="24 25" t="ar"/>
		<b id="25" c="19 25" t="ar"/>
		<b id="26" c="2 3" t="1"/>
		<b id="27" c="2 1" t="1"/>
		<b id="28" c="1 26" t="1"/>
		<b id="29" c="1 27" t="1"/>
		<b id="30" c="1 28" t="1"/>
		<b id="31" c="2 29" t="1"/>
		<b id="32" c="3 30" t="1"/>
		<b id="33" c="11 31" t="1"/>
		<b id="34" c="11 32" t="1"/>
		<b id="35" c="12 33" t="1"/>
		<b id="36" c="12 34" t="1"/>
		<b id="37" c="14 35" t="1"/>
		<b id="38" c="14 36" t="1"/>
		<b id="39" c="14 37" t="1"/>
		<b id="40" c="15 38" t="1"/>
		<b id="41" c="15 39" t="1"/>
		<b id="42" c="16 40" t="1"/>
		<b id="43" c="16 41" t="1"/>
		<b id="44" c="20 42" t="1"/>
		<b id="45" c="21 43" t="1"/>
		<b id="46" c="24 44" t="1"/>
	</bonds>
	<geometry>
		<g u="A" t="cart/3d">#44,3:0.8280,0.4169,-2.5335;0.5647,-0.6806,-1.4925;0.7453,-0.1886,-0.1439;-0.0679,0.6036,0.5840;0.4946,1.0354,1.7315;-0.2537,1.7855,2.4990;0.4723,2.3311,3.9457;-1.4861,2.1720,2.3055;-2.1063,1.7771,1.1716;-3.3534,2.2569,0.9932;-3.9850,3.0208,2.0502;-4.9970,2.1480,2.7912;-5.9921,1.6585,1.8534;-7.0489,0.9244,2.5123;-5.3512,0.8776,0.8129;-4.3405,1.7530,0.0663;-1.3796,0.9726,0.2763;-1.9238,0.5574,-0.9098;1.4922,-1.8495,-1.7233;2.8679,-1.7486,-1.5253;3.6637,-2.8542,-1.7666;3.0386,-4.0107,-2.2029;3.7661,-5.1137,-2.4509;1.6647,-4.0279,-2.3863;0.9191,-2.9668,-2.1467;0.7297,0.0053,-3.5340;1.8287,0.8258,-2.4150;0.1055,1.2196,-2.4153;-0.4566,-1.0517,-1.6106;1.6702,-0.2546,0.2550;-4.5055,3.8650,1.5896;-3.2163,3.3785,2.7320;-5.5009,2.7432,3.5552;-4.4615,1.3201,3.2902;-7.5215,1.5700,3.2506;-6.6868,0.0166,3.0199;-7.7949,0.6356,1.7732;-6.1158,0.5322,0.1135;-4.8308,-0.0074,1.2255;-4.8680,2.6144,-0.3563;-3.8891,1.1891,-0.7430;3.3165,-0.8238,-1.1959;4.7334,-2.8307,-1.6269;1.1552,-4.9164,-2.7309;</g>
	</geometry>
	<conformers/>
	<properties/>
</molecule>
