<?xml version="1.0" ?>
<!--MOLLI PACKAGE EXPERIMENTAL XML FORMAT-->
<molecule name="el2183">
	<atoms>
		<a id="1" s="C" t="C.3" l="C"/>
		<a id="2" s="C" t="C.3" l="C"/>
		<a id="3" s="C" t="C.3" l="C"/>
		<a id="4" s="C" t="C.3" l="C"/>
		<a id="5" s="C" t="C.3" l="C"/>
		<a id="6" s="C" t="C.3" l="C"/>
		<a id="7" s="C" t="C.3" l="C"/>
		<a id="8" s="C" t="C.3" l="C"/>
		<a id="9" s="N" t="N.pl3" l="N"/>
		<a id="10" s="C" t="C.ar" l="C"/>
		<a id="11" s="N" t="N.ar" l="N"/>
		<a id="12" s="C" t="C.ar" l="C"/>
		<a id="13" s="Cl" t="Cl" l="CL"/>
		<a id="14" s="N" t="N.ar" l="N"/>
		<a id="15" s="C" t="C.ar" l="C"/>
		<a id="16" s="N" t="N.pl3" l="N"/>
		<a id="17" s="C" t="C.3" l="C"/>
		<a id="18" s="C" t="C.3" l="C"/>
		<a id="19" s="C" t="C.3" l="C"/>
		<a id="20" s="C" t="C.3" l="C"/>
		<a id="21" s="C" t="C.3" l="C"/>
		<a id="22" s="C" t="C.3" l="C"/>
		<a id="23" s="C" t="C.3" l="C"/>
		<a id="24" s="C" t="C.3" l="C"/>
		<a id="25" s="N" t="N.ar" l="N"/>
		<a id="26" s="H" t="H" l="H"/>
		<a id="27" s="H" t="H" l="H"/>
		<a id="28" s="H" t="H" l="H"/>
		<a id="29" s="H" t="H" l="H"/>
		<a id="30" s="H" t="H" l="H"/>
		<a id="31" s="H" t="H" l="H"/>
		<a id="32" s="H" t="H" l="H"/>
		<a id="33" s="H" t="H" l="H"/>
		<a id="34" s="H" t="H" l="H"/>
		<a id="35" s="H" t="H" l="H"/>
		<a id="36" s="H" t="H" l="H"/>
		<a id="37" s="H" t="H" l="H"/>
		<a id="38" s="H" t="H" l="H"/>
		<a id="39" s="H" t="H" l="H"/>
		<a id="40" s="H" t="H" l="H"/>
		<a id="41" s="H" t="H" l="H"/>
		<a id="42" s="H" t="H" l="H"/>
		<a id="43" s="H" t="H" l="H"/>
		<a id="44" s="H" t="H" l="H"/>
		<a id="45" s="H" t="H" l="H"/>
		<a id="46" s="H" t="H" l="H"/>
		<a id="47" s="H" t="H" l="H"/>
		<a id="48" s="H" t="H" l="H"/>
		<a id="49" s="H" t="H" l="H"/>
		<a id="50" s="H" t="H" l="H"/>
		<a id="51" s="H" t="H" l="H"/>
		<a id="52" s="H" t="H" l="H"/>
		<a id="53" s="H" t="H" l="H"/>
		<a id="54" s="H" t="H" l="H"/>
		<a id="55" s="H" t="H" l="H"/>
		<a id="56" s="H" t="H" l="H"/>
		<a id="57" s="H" t="H" l="H"/>
		<a id="58" s="H" t="H" l="H"/>
		<a id="59" s="H" t="H" l="H"/>
		<a id="60" s="H" t="H" l="H"/>
		<a id="61" s="H" t="H" l="H"/>
	</atoms>
	<bonds>
		<b id="1" c="1 2" t="1"/>
		<b id="2" c="2 3" t="1"/>
		<b id="3" c="3 4" t="1"/>
		<b id="4" c="4 5" t="1"/>
		<b id="5" c="5 6" t="1"/>
		<b id="6" c="6 7" t="1"/>
		<b id="7" c="7 8" t="1"/>
		<b id="8" c="8 9" t="1"/>
		<b id="9" c="9 10" t="1"/>
		<b id="10" c="10 11" t="ar"/>
		<b id="11" c="11 12" t="ar"/>
		<b id="12" c="12 13" t="1"/>
		<b id="13" c="12 14" t="ar"/>
		<b id="14" c="14 15" t="ar"/>
		<b id="15" c="15 16" t="1"/>
		<b id="16" c="16 17" t="1"/>
		<b id="17" c="17 18" t="1"/>
		<b id="18" c="18 19" t="1"/>
		<b id="19" c="19 20" t="1"/>
		<b id="20" c="20 21" t="1"/>
		<b id="21" c="21 22" t="1"/>
		<b id="22" c="22 23" t="1"/>
		<b id="23" c="23 24" t="1"/>
		<b id="24" c="15 25" t="ar"/>
		<b id="25" c="10 25" t="ar"/>
		<b id="26" c="1 26" t="1"/>
		<b id="27" c="1 27" t="1"/>
		<b id="28" c="1 28" t="1"/>
		<b id="29" c="2 29" t="1"/>
		<b id="30" c="2 30" t="1"/>
		<b id="31" c="3 31" t="1"/>
		<b id="32" c="3 32" t="1"/>
		<b id="33" c="4 33" t="1"/>
		<b id="34" c="4 34" t="1"/>
		<b id="35" c="5 35" t="1"/>
		<b id="36" c="5 36" t="1"/>
		<b id="37" c="6 37" t="1"/>
		<b id="38" c="6 38" t="1"/>
		<b id="39" c="7 39" t="1"/>
		<b id="40" c="7 40" t="1"/>
		<b id="41" c="8 41" t="1"/>
		<b id="42" c="8 42" t="1"/>
		<b id="43" c="9 43" t="1"/>
		<b id="44" c="16 44" t="1"/>
		<b id="45" c="17 45" t="1"/>
		<b id="46" c="17 46" t="1"/>
		<b id="47" c="18 47" t="1"/>
		<b id="48" c="18 48" t="1"/>
		<b id="49" c="19 49" t="1"/>
		<b id="50" c="19 50" t="1"/>
		<b id="51" c="20 51" t="1"/>
		<b id="52" c="20 52" t="1"/>
		<b id="53" c="21 53" t="1"/>
		<b id="54" c="21 54" t="1"/>
		<b id="55" c="22 55" t="1"/>
		<b id="56" c="22 56" t="1"/>
		<b id="57" c="23 57" t="1"/>
		<b id="58" c="23 58" t="1"/>
		<b id="59" c="24 59" t="1"/>
		<b id="60" c="24 60" t="1"/>
		<b id="61" c="24 61" t="1"/>
	</bonds>
	<geometry>
		<g u="A" t="cart/3d">#61,3:2.3891,-5.9094,6.9466;3.8396,-5.7219,6.5193;3.9482,-5.0355,5.1601;5.3999,-4.8503,4.7252;5.5116,-4.1334,3.3821;6.9651,-3.9552,2.9522;7.0840,-3.2098,1.6251;8.5430,-3.0513,1.1876;9.1839,-4.3224,0.9631;10.0710,-4.8697,1.8006;10.5118,-4.1314,2.8352;11.4055,-4.7364,3.5804;11.9943,-3.8440,4.9150;11.8985,-5.9391,3.4259;11.3914,-6.6033,2.3654;11.8656,-7.8333,2.1635;11.4218,-8.6982,1.0975;12.4159,-9.8318,0.8644;12.3831,-10.8794,1.9770;13.4137,-11.9832,1.7507;13.3624,-13.0452,2.8473;14.3949,-14.1488,2.6297;14.2994,-15.2395,3.6937;15.3280,-16.3420,3.4723;10.4751,-6.1131,1.5331;2.3354,-6.3913,7.9201;1.8560,-6.5278,6.2275;1.8834,-4.9481,7.0111;4.3334,-6.6953,6.4722;4.3637,-5.1222,7.2669;3.4594,-4.0592,5.2102;3.4191,-5.6309,4.4119;5.8837,-5.8278,4.6542;5.9339,-4.2744,5.4846;5.0325,-3.1543,3.4552;4.9757,-4.7063,2.6210;7.4347,-4.9372,2.8601;7.5101,-3.4042,3.7217;6.6445,-2.2153,1.7224;6.5278,-3.7467,0.8515;9.1166,-2.5470,1.9662;8.5922,-2.4653,0.2638;8.8250,-4.9314,0.2444;12.5382,-8.1713,2.8343;11.3129,-8.0838,0.1992;10.4336,-9.1108,1.3396;13.4216,-9.4138,0.7787;12.1755,-10.3147,-0.0848;11.3856,-11.3223,2.0213;12.5750,-10.4074,2.9429;14.4139,-11.5442,1.7188;13.2302,-12.4555,0.7825;12.3630,-13.4874,2.8735;13.5388,-12.5731,3.8174;15.3974,-13.7145,2.6465;14.2449,-14.5941,1.6432;13.2960,-15.6721,3.6759;14.4497,-14.7955,4.6807;15.1851,-16.8074,2.4987;15.2356,-17.1102,4.2366;16.3373,-15.9365,3.5120;</g>
	</geometry>
	<conformers/>
	<properties/>
</molecule>
