<?xml version="1.0" ?>
<!--MOLLI PACKAGE EXPERIMENTAL XML FORMAT-->
<molecule name="el2184">
	<atoms>
		<a id="1" s="C" t="C.3" l="C"/>
		<a id="2" s="O" t="O.3" l="O"/>
		<a id="3" s="C" t="C.ar" l="C"/>
		<a id="4" s="C" t="C.ar" l="C"/>
		<a id="5" s="C" t="C.ar" l="C"/>
		<a id="6" s="N" t="N.pl3" l="N"/>
		<a id="7" s="C" t="C.3" l="C"/>
		<a id="8" s="C" t="C.3" l="C"/>
		<a id="9" s="O" t="O.3" l="O"/>
		<a id="10" s="C" t="C.3" l="C"/>
		<a id="11" s="C" t="C.3" l="C"/>
		<a id="12" s="C" t="C.ar" l="C"/>
		<a id="13" s="C" t="C.ar" l="C"/>
		<a id="14" s="C" t="C.ar" l="C"/>
		<a id="15" s="N" t="N.pl3" l="N"/>
		<a id="16" s="C" t="C.ar" l="C"/>
		<a id="17" s="N" t="N.ar" l="N"/>
		<a id="18" s="C" t="C.ar" l="C"/>
		<a id="19" s="C" t="C.ar" l="C"/>
		<a id="20" s="C" t="C.ar" l="C"/>
		<a id="21" s="C" t="C.ar" l="C"/>
		<a id="22" s="C" t="C.ar" l="C"/>
		<a id="23" s="C" t="C.ar" l="C"/>
		<a id="24" s="Cl" t="Cl" l="CL"/>
		<a id="25" s="C" t="C.ar" l="C"/>
		<a id="26" s="N" t="N.ar" l="N"/>
		<a id="27" s="H" t="H" l="H"/>
		<a id="28" s="H" t="H" l="H"/>
		<a id="29" s="H" t="H" l="H"/>
		<a id="30" s="H" t="H" l="H"/>
		<a id="31" s="H" t="H" l="H"/>
		<a id="32" s="H" t="H" l="H"/>
		<a id="33" s="H" t="H" l="H"/>
		<a id="34" s="H" t="H" l="H"/>
		<a id="35" s="H" t="H" l="H"/>
		<a id="36" s="H" t="H" l="H"/>
		<a id="37" s="H" t="H" l="H"/>
		<a id="38" s="H" t="H" l="H"/>
		<a id="39" s="H" t="H" l="H"/>
		<a id="40" s="H" t="H" l="H"/>
		<a id="41" s="H" t="H" l="H"/>
		<a id="42" s="H" t="H" l="H"/>
		<a id="43" s="H" t="H" l="H"/>
		<a id="44" s="H" t="H" l="H"/>
		<a id="45" s="H" t="H" l="H"/>
	</atoms>
	<bonds>
		<b id="1" c="1 2" t="1"/>
		<b id="2" c="2 3" t="1"/>
		<b id="3" c="3 4" t="ar"/>
		<b id="4" c="4 5" t="ar"/>
		<b id="5" c="5 6" t="1"/>
		<b id="6" c="6 7" t="1"/>
		<b id="7" c="7 8" t="1"/>
		<b id="8" c="8 9" t="1"/>
		<b id="9" c="9 10" t="1"/>
		<b id="10" c="10 11" t="1"/>
		<b id="11" c="6 11" t="1"/>
		<b id="12" c="5 12" t="ar"/>
		<b id="13" c="12 13" t="ar"/>
		<b id="14" c="13 14" t="ar"/>
		<b id="15" c="3 14" t="ar"/>
		<b id="16" c="14 15" t="1"/>
		<b id="17" c="15 16" t="1"/>
		<b id="18" c="16 17" t="ar"/>
		<b id="19" c="17 18" t="ar"/>
		<b id="20" c="18 19" t="ar"/>
		<b id="21" c="19 20" t="ar"/>
		<b id="22" c="20 21" t="ar"/>
		<b id="23" c="21 22" t="ar"/>
		<b id="24" c="22 23" t="ar"/>
		<b id="25" c="23 24" t="1"/>
		<b id="26" c="23 25" t="ar"/>
		<b id="27" c="19 25" t="ar"/>
		<b id="28" c="25 26" t="ar"/>
		<b id="29" c="16 26" t="ar"/>
		<b id="30" c="1 27" t="1"/>
		<b id="31" c="1 28" t="1"/>
		<b id="32" c="1 29" t="1"/>
		<b id="33" c="4 30" t="1"/>
		<b id="34" c="7 31" t="1"/>
		<b id="35" c="7 32" t="1"/>
		<b id="36" c="8 33" t="1"/>
		<b id="37" c="8 34" t="1"/>
		<b id="38" c="10 35" t="1"/>
		<b id="39" c="10 36" t="1"/>
		<b id="40" c="11 37" t="1"/>
		<b id="41" c="11 38" t="1"/>
		<b id="42" c="12 39" t="1"/>
		<b id="43" c="13 40" t="1"/>
		<b id="44" c="15 41" t="1"/>
		<b id="45" c="18 42" t="1"/>
		<b id="46" c="20 43" t="1"/>
		<b id="47" c="21 44" t="1"/>
		<b id="48" c="22 45" t="1"/>
	</bonds>
	<geometry>
		<g u="A" t="cart/3d">#45,3:1.2926,0.0524,0.8146;2.0463,0.1641,-0.3655;2.6888,1.3483,-0.6340;2.6027,2.4768,0.1599;3.2846,3.6546,-0.1725;3.2610,4.7841,0.6392;2.5573,4.7793,1.9056;1.0827,5.1614,1.7187;0.9755,6.4309,1.1112;1.6505,6.4608,-0.1272;3.1342,6.0962,0.0308;4.0706,3.6417,-1.3270;4.1469,2.5244,-2.1332;3.4564,1.3644,-1.8139;3.4686,0.2003,-2.5747;4.0085,-0.0740,-3.7773;4.7345,0.8724,-4.4239;5.2240,0.5585,-5.5861;5.0364,-0.7018,-6.1960;5.5438,-1.0667,-7.4539;5.2971,-2.3178,-7.9497;4.5418,-3.2423,-7.2110;4.0391,-2.9086,-5.9821;3.1128,-4.0378,-5.0753;4.2669,-1.6233,-5.4298;3.7681,-1.2952,-4.2349;0.9116,-0.9679,0.8231;0.4488,0.7502,0.8240;1.9100,0.2139,1.7042;1.9871,2.4423,1.0423;3.0315,5.5370,2.5397;2.6597,3.8136,2.3978;0.5700,5.2402,2.6789;0.5763,4.4090,1.0941;1.5363,7.4766,-0.5089;1.1806,5.7524,-0.8286;3.6175,6.8248,0.6902;3.6181,6.1233,-0.9421;4.6511,4.5086,-1.5979;4.7508,2.5369,-3.0239;2.9355,-0.5642,-2.1785;5.8008,1.3290,-6.0858;6.1233,-0.3466,-8.0132;5.6794,-2.6102,-8.9156;4.3544,-4.2255,-7.6143;</g>
	</geometry>
	<conformers/>
	<properties/>
</molecule>
