<?xml version="1.0" ?>
<!--MOLLI PACKAGE EXPERIMENTAL XML FORMAT-->
<molecule name="el2185">
	<atoms>
		<a id="1" s="C" t="C.3" l="C"/>
		<a id="2" s="O" t="O.3" l="O"/>
		<a id="3" s="C" t="C.ar" l="C"/>
		<a id="4" s="C" t="C.ar" l="C"/>
		<a id="5" s="C" t="C.ar" l="C"/>
		<a id="6" s="N" t="N.pl3" l="N"/>
		<a id="7" s="C" t="C.3" l="C"/>
		<a id="8" s="C" t="C.3" l="C"/>
		<a id="9" s="N" t="N.3" l="N"/>
		<a id="10" s="S" t="S.O2" l="S"/>
		<a id="11" s="C" t="C.3" l="C"/>
		<a id="12" s="O" t="O.2" l="O"/>
		<a id="13" s="O" t="O.2" l="O"/>
		<a id="14" s="C" t="C.3" l="C"/>
		<a id="15" s="C" t="C.3" l="C"/>
		<a id="16" s="C" t="C.ar" l="C"/>
		<a id="17" s="C" t="C.ar" l="C"/>
		<a id="18" s="C" t="C.ar" l="C"/>
		<a id="19" s="N" t="N.pl3" l="N"/>
		<a id="20" s="C" t="C.ar" l="C"/>
		<a id="21" s="N" t="N.ar" l="N"/>
		<a id="22" s="C" t="C.ar" l="C"/>
		<a id="23" s="C" t="C.ar" l="C"/>
		<a id="24" s="C" t="C.ar" l="C"/>
		<a id="25" s="C" t="C.ar" l="C"/>
		<a id="26" s="C" t="C.ar" l="C"/>
		<a id="27" s="C" t="C.ar" l="C"/>
		<a id="28" s="Cl" t="Cl" l="CL"/>
		<a id="29" s="C" t="C.ar" l="C"/>
		<a id="30" s="N" t="N.ar" l="N"/>
		<a id="31" s="H" t="H" l="H"/>
		<a id="32" s="H" t="H" l="H"/>
		<a id="33" s="H" t="H" l="H"/>
		<a id="34" s="H" t="H" l="H"/>
		<a id="35" s="H" t="H" l="H"/>
		<a id="36" s="H" t="H" l="H"/>
		<a id="37" s="H" t="H" l="H"/>
		<a id="38" s="H" t="H" l="H"/>
		<a id="39" s="H" t="H" l="H"/>
		<a id="40" s="H" t="H" l="H"/>
		<a id="41" s="H" t="H" l="H"/>
		<a id="42" s="H" t="H" l="H"/>
		<a id="43" s="H" t="H" l="H"/>
		<a id="44" s="H" t="H" l="H"/>
		<a id="45" s="H" t="H" l="H"/>
		<a id="46" s="H" t="H" l="H"/>
		<a id="47" s="H" t="H" l="H"/>
		<a id="48" s="H" t="H" l="H"/>
		<a id="49" s="H" t="H" l="H"/>
		<a id="50" s="H" t="H" l="H"/>
		<a id="51" s="H" t="H" l="H"/>
		<a id="52" s="H" t="H" l="H"/>
	</atoms>
	<bonds>
		<b id="1" c="1 2" t="1"/>
		<b id="2" c="2 3" t="1"/>
		<b id="3" c="3 4" t="ar"/>
		<b id="4" c="4 5" t="ar"/>
		<b id="5" c="5 6" t="1"/>
		<b id="6" c="6 7" t="1"/>
		<b id="7" c="7 8" t="1"/>
		<b id="8" c="8 9" t="1"/>
		<b id="9" c="9 10" t="1"/>
		<b id="10" c="10 11" t="1"/>
		<b id="11" c="10 12" t="2"/>
		<b id="12" c="10 13" t="2"/>
		<b id="13" c="9 14" t="1"/>
		<b id="14" c="14 15" t="1"/>
		<b id="15" c="6 15" t="1"/>
		<b id="16" c="5 16" t="ar"/>
		<b id="17" c="16 17" t="ar"/>
		<b id="18" c="17 18" t="ar"/>
		<b id="19" c="3 18" t="ar"/>
		<b id="20" c="18 19" t="1"/>
		<b id="21" c="19 20" t="1"/>
		<b id="22" c="20 21" t="ar"/>
		<b id="23" c="21 22" t="ar"/>
		<b id="24" c="22 23" t="ar"/>
		<b id="25" c="23 24" t="ar"/>
		<b id="26" c="24 25" t="ar"/>
		<b id="27" c="25 26" t="ar"/>
		<b id="28" c="26 27" t="ar"/>
		<b id="29" c="27 28" t="1"/>
		<b id="30" c="27 29" t="ar"/>
		<b id="31" c="23 29" t="ar"/>
		<b id="32" c="29 30" t="ar"/>
		<b id="33" c="20 30" t="ar"/>
		<b id="34" c="1 31" t="1"/>
		<b id="35" c="1 32" t="1"/>
		<b id="36" c="1 33" t="1"/>
		<b id="37" c="4 34" t="1"/>
		<b id="38" c="7 35" t="1"/>
		<b id="39" c="7 36" t="1"/>
		<b id="40" c="8 37" t="1"/>
		<b id="41" c="8 38" t="1"/>
		<b id="42" c="11 39" t="1"/>
		<b id="43" c="11 40" t="1"/>
		<b id="44" c="11 41" t="1"/>
		<b id="45" c="14 42" t="1"/>
		<b id="46" c="14 43" t="1"/>
		<b id="47" c="15 44" t="1"/>
		<b id="48" c="15 45" t="1"/>
		<b id="49" c="16 46" t="1"/>
		<b id="50" c="17 47" t="1"/>
		<b id="51" c="19 48" t="1"/>
		<b id="52" c="22 49" t="1"/>
		<b id="53" c="24 50" t="1"/>
		<b id="54" c="25 51" t="1"/>
		<b id="55" c="26 52" t="1"/>
	</bonds>
	<geometry>
		<g u="A" t="cart/3d">#52,3:1.3491,-0.6219,-0.1263;2.1733,0.2238,0.6363;2.9137,-0.3196,1.6564;2.8982,-1.6582,2.0041;3.6785,-2.1359,3.0610;3.7104,-3.4877,3.4152;3.4607,-3.8166,4.8075;4.0522,-5.1881,5.1254;3.5016,-6.2001,4.2475;1.9672,-6.7524,4.6619;2.3065,-8.5202,4.8292;1.6027,-6.2430,5.9509;1.0489,-6.5759,3.5726;3.6653,-5.8515,2.8527;3.1028,-4.4622,2.5331;4.4880,-1.2301,3.7446;4.4971,0.1101,3.4135;3.7096,0.5917,2.3776;3.6428,1.9262,1.9919;4.1426,3.0423,2.5568;4.9537,2.9464,3.6401;5.3949,4.0547,4.1557;5.0730,5.3327,3.6473;5.5200,6.5479,4.1922;5.1421,7.7304,3.6172;4.3136,7.7408,2.4840;3.8686,6.5684,1.9346;2.8526,6.5772,0.5481;4.2298,5.3197,2.4996;3.7817,4.1766,1.9732;0.8763,0.0213,-0.8672;0.5757,-1.0930,0.4884;1.9302,-1.3957,-0.6383;2.2552,-2.3361,1.4696;2.3772,-3.8637,5.0080;3.9011,-3.0586,5.4527;3.8085,-5.4725,6.1480;5.1373,-5.1789,4.9884;3.0509,-8.6354,5.6046;2.6699,-8.8825,3.8776;1.3846,-9.0171,5.1028;3.1429,-6.6015,2.2596;4.7352,-5.8829,2.6262;2.0083,-4.5031,2.6479;3.3547,-4.2161,1.5002;5.1294,-1.5760,4.5394;5.1173,0.8030,3.9553;3.0365,2.1022,1.1999;6.0411,3.9554,5.0208;6.1573,6.5272,5.0642;5.4758,8.6710,4.0278;4.0229,8.6808,2.0410;</g>
	</geometry>
	<conformers/>
	<properties/>
</molecule>
