<?xml version="1.0" ?>
<!--MOLLI PACKAGE EXPERIMENTAL XML FORMAT-->
<molecule name="el2186">
	<atoms>
		<a id="1" s="Cl" t="Cl" l="CL"/>
		<a id="2" s="C" t="C.ar" l="C"/>
		<a id="3" s="N" t="N.ar" l="N"/>
		<a id="4" s="C" t="C.ar" l="C"/>
		<a id="5" s="C" t="C.ar" l="C"/>
		<a id="6" s="C" t="C.ar" l="C"/>
		<a id="7" s="C" t="C.ar" l="C"/>
		<a id="8" s="N" t="N.ar" l="N"/>
		<a id="9" s="C" t="C.3" l="C"/>
		<a id="10" s="C" t="C.3" l="C"/>
		<a id="11" s="C" t="C.3" l="C"/>
		<a id="12" s="C" t="C.3" l="C"/>
		<a id="13" s="C" t="C.3" l="C"/>
		<a id="14" s="C" t="C.3" l="C"/>
		<a id="15" s="C" t="C.ar" l="C"/>
		<a id="16" s="N" t="N.ar" l="N"/>
		<a id="17" s="H" t="H" l="H"/>
		<a id="18" s="H" t="H" l="H"/>
		<a id="19" s="H" t="H" l="H"/>
		<a id="20" s="H" t="H" l="H"/>
		<a id="21" s="H" t="H" l="H"/>
		<a id="22" s="H" t="H" l="H"/>
		<a id="23" s="H" t="H" l="H"/>
		<a id="24" s="H" t="H" l="H"/>
		<a id="25" s="H" t="H" l="H"/>
		<a id="26" s="H" t="H" l="H"/>
		<a id="27" s="H" t="H" l="H"/>
		<a id="28" s="H" t="H" l="H"/>
		<a id="29" s="H" t="H" l="H"/>
		<a id="30" s="H" t="H" l="H"/>
	</atoms>
	<bonds>
		<b id="1" c="1 2" t="1"/>
		<b id="2" c="2 3" t="ar"/>
		<b id="3" c="3 4" t="ar"/>
		<b id="4" c="4 5" t="ar"/>
		<b id="5" c="5 6" t="ar"/>
		<b id="6" c="6 7" t="ar"/>
		<b id="7" c="7 8" t="ar"/>
		<b id="8" c="8 9" t="1"/>
		<b id="9" c="9 10" t="1"/>
		<b id="10" c="10 11" t="1"/>
		<b id="11" c="11 12" t="1"/>
		<b id="12" c="12 13" t="1"/>
		<b id="13" c="13 14" t="1"/>
		<b id="14" c="9 14" t="1"/>
		<b id="15" c="8 15" t="ar"/>
		<b id="16" c="5 15" t="ar"/>
		<b id="17" c="15 16" t="ar"/>
		<b id="18" c="2 16" t="ar"/>
		<b id="19" c="4 17" t="1"/>
		<b id="20" c="6 18" t="1"/>
		<b id="21" c="7 19" t="1"/>
		<b id="22" c="9 20" t="1"/>
		<b id="23" c="10 21" t="1"/>
		<b id="24" c="10 22" t="1"/>
		<b id="25" c="11 23" t="1"/>
		<b id="26" c="11 24" t="1"/>
		<b id="27" c="12 25" t="1"/>
		<b id="28" c="12 26" t="1"/>
		<b id="29" c="13 27" t="1"/>
		<b id="30" c="13 28" t="1"/>
		<b id="31" c="14 29" t="1"/>
		<b id="32" c="14 30" t="1"/>
	</bonds>
	<geometry>
		<g u="A" t="cart/3d">#30,3:1.1784,0.5913,-0.2623;2.8717,0.3920,-0.1526;3.2989,-0.8581,-0.0667;4.6008,-1.0652,0.0195;5.4900,0.0019,0.0196;6.8911,0.2215,0.0920;7.0706,1.5696,0.0387;5.8703,2.2266,-0.0634;5.6820,3.6600,-0.1373;4.8484,4.1506,1.0488;4.6600,5.6622,0.9712;3.9854,6.0459,-0.3419;4.8120,5.5556,-1.5262;4.9998,4.0436,-1.4525;4.8924,1.2951,-0.0773;3.5808,1.4995,-0.1643;4.9136,-2.0984,0.0890;7.6520,-0.5281,0.1724;7.9859,2.1299,0.0664;6.6793,4.1148,-0.0966;5.3436,3.8770,1.9836;3.8776,3.6544,1.0165;5.6327,6.1563,1.0396;4.0549,5.9981,1.8148;3.8649,7.1292,-0.3954;2.9935,5.5930,-0.3829;5.7886,6.0465,-1.5175;4.3157,5.8164,-2.4623;5.6025,3.6943,-2.2944;4.0295,3.5473,-1.4956;</g>
	</geometry>
	<conformers/>
	<properties/>
</molecule>
