<?xml version="1.0" ?>
<!--MOLLI PACKAGE EXPERIMENTAL XML FORMAT-->
<molecule name="el1839">
	<atoms>
		<a id="1" s="C" t="C.3" l="C"/>
		<a id="2" s="C" t="C.ar" l="C"/>
		<a id="3" s="C" t="C.ar" l="C"/>
		<a id="4" s="C" t="C.ar" l="C"/>
		<a id="5" s="O" t="O.3" l="O"/>
		<a id="6" s="C" t="C.3" l="C"/>
		<a id="7" s="C" t="C.3" l="C"/>
		<a id="8" s="C" t="C.3" l="C"/>
		<a id="9" s="N" t="N.am" l="N"/>
		<a id="10" s="C" t="C.2" l="C"/>
		<a id="11" s="O" t="O.2" l="O"/>
		<a id="12" s="O" t="O.3" l="O"/>
		<a id="13" s="C" t="C.3" l="C"/>
		<a id="14" s="C" t="C.3" l="C"/>
		<a id="15" s="C" t="C.3" l="C"/>
		<a id="16" s="C" t="C.3" l="C"/>
		<a id="17" s="C" t="C.3" l="C"/>
		<a id="18" s="C" t="C.3" l="C"/>
		<a id="19" s="C" t="C.ar" l="C"/>
		<a id="20" s="C" t="C.ar" l="C"/>
		<a id="21" s="Cl" t="Cl" l="CL"/>
		<a id="22" s="N" t="N.ar" l="N"/>
		<a id="23" s="H" t="H" l="H"/>
		<a id="24" s="H" t="H" l="H"/>
		<a id="25" s="H" t="H" l="H"/>
		<a id="26" s="H" t="H" l="H"/>
		<a id="27" s="H" t="H" l="H"/>
		<a id="28" s="H" t="H" l="H"/>
		<a id="29" s="H" t="H" l="H"/>
		<a id="30" s="H" t="H" l="H"/>
		<a id="31" s="H" t="H" l="H"/>
		<a id="32" s="H" t="H" l="H"/>
		<a id="33" s="H" t="H" l="H"/>
		<a id="34" s="H" t="H" l="H"/>
		<a id="35" s="H" t="H" l="H"/>
		<a id="36" s="H" t="H" l="H"/>
		<a id="37" s="H" t="H" l="H"/>
		<a id="38" s="H" t="H" l="H"/>
		<a id="39" s="H" t="H" l="H"/>
		<a id="40" s="H" t="H" l="H"/>
		<a id="41" s="H" t="H" l="H"/>
		<a id="42" s="H" t="H" l="H"/>
		<a id="43" s="H" t="H" l="H"/>
		<a id="44" s="H" t="H" l="H"/>
		<a id="45" s="H" t="H" l="H"/>
	</atoms>
	<bonds>
		<b id="1" c="1 2" t="1"/>
		<b id="2" c="2 3" t="ar"/>
		<b id="3" c="3 4" t="ar"/>
		<b id="4" c="4 5" t="1"/>
		<b id="5" c="5 6" t="1"/>
		<b id="6" c="6 7" t="1"/>
		<b id="7" c="7 8" t="1"/>
		<b id="8" c="8 9" t="1"/>
		<b id="9" c="9 10" t="am"/>
		<b id="10" c="10 11" t="2"/>
		<b id="11" c="10 12" t="1"/>
		<b id="12" c="12 13" t="1"/>
		<b id="13" c="13 14" t="1"/>
		<b id="14" c="13 15" t="1"/>
		<b id="15" c="13 16" t="1"/>
		<b id="16" c="9 17" t="1"/>
		<b id="17" c="17 18" t="1"/>
		<b id="18" c="6 18" t="1"/>
		<b id="19" c="4 19" t="ar"/>
		<b id="20" c="19 20" t="ar"/>
		<b id="21" c="20 21" t="1"/>
		<b id="22" c="20 22" t="ar"/>
		<b id="23" c="2 22" t="ar"/>
		<b id="24" c="1 23" t="1"/>
		<b id="25" c="1 24" t="1"/>
		<b id="26" c="1 25" t="1"/>
		<b id="27" c="3 26" t="1"/>
		<b id="28" c="6 27" t="1"/>
		<b id="29" c="7 28" t="1"/>
		<b id="30" c="7 29" t="1"/>
		<b id="31" c="8 30" t="1"/>
		<b id="32" c="8 31" t="1"/>
		<b id="33" c="14 32" t="1"/>
		<b id="34" c="14 33" t="1"/>
		<b id="35" c="14 34" t="1"/>
		<b id="36" c="15 35" t="1"/>
		<b id="37" c="15 36" t="1"/>
		<b id="38" c="15 37" t="1"/>
		<b id="39" c="16 38" t="1"/>
		<b id="40" c="16 39" t="1"/>
		<b id="41" c="16 40" t="1"/>
		<b id="42" c="17 41" t="1"/>
		<b id="43" c="17 42" t="1"/>
		<b id="44" c="18 43" t="1"/>
		<b id="45" c="18 44" t="1"/>
		<b id="46" c="19 45" t="1"/>
	</bonds>
	<geometry>
		<g u="A" t="cart/3d">#45,3:1.4466,-0.0503,1.7692;2.7983,-0.2191,1.1509;3.3188,-1.4839,0.9017;4.5712,-1.5993,0.3086;5.2203,-2.7367,-0.0077;4.7450,-4.0519,0.2769;3.4776,-4.4254,-0.5330;2.2412,-4.8435,0.2761;2.6101,-5.5464,1.4797;2.5666,-6.9071,1.5061;2.0333,-7.5598,0.6389;3.1440,-7.3891,2.6180;3.1090,-8.8098,2.9020;3.8461,-9.5894,1.8136;3.8419,-8.9349,4.2387;1.6641,-9.2876,3.0376;3.3708,-4.7354,2.3955;4.7300,-4.3568,1.7958;5.2547,-0.4191,-0.0113;4.6384,0.7785,0.2870;5.4381,2.2577,-0.0800;3.4527,0.8930,0.8493;1.3317,-0.6991,2.6355;0.6736,-0.3074,1.0455;1.3135,0.9853,2.0665;2.7428,-2.3504,1.1678;5.5703,-4.6348,-0.1494;3.7418,-5.2598,-1.1831;3.2197,-3.5822,-1.1757;1.6236,-5.5118,-0.3257;1.6325,-3.9789,0.5606;4.8619,-9.2144,1.7068;3.3295,-9.4844,0.8639;3.8850,-10.6415,2.0813;4.8595,-8.5650,4.1435;3.8706,-9.9749,4.5492;3.3317,-8.3514,5.0007;1.1459,-9.1873,2.0881;1.1434,-8.6956,3.7875;1.6507,-10.3309,3.3396;3.5240,-5.2878,3.3220;2.7760,-3.8449,2.6256;5.4114,-5.1902,1.9704;5.1307,-3.4901,2.3244;6.2261,-0.4644,-0.4721;</g>
	</geometry>
	<conformers/>
	<properties/>
</molecule>
