<?xml version="1.0" ?>
<!--MOLLI PACKAGE EXPERIMENTAL XML FORMAT-->
<molecule name="el2190">
	<atoms>
		<a id="1" s="Cl" t="Cl" l="CL"/>
		<a id="2" s="C" t="C.ar" l="C"/>
		<a id="3" s="C" t="C.ar" l="C"/>
		<a id="4" s="C" t="C.ar" l="C"/>
		<a id="5" s="C" t="C.ar" l="C"/>
		<a id="6" s="N" t="N.pl3" l="N"/>
		<a id="7" s="C" t="C.3" l="C"/>
		<a id="8" s="C" t="C.3" l="C"/>
		<a id="9" s="C" t="C.3" l="C"/>
		<a id="10" s="C" t="C.3" l="C"/>
		<a id="11" s="C" t="C.3" l="C"/>
		<a id="12" s="O" t="O.3" l="O"/>
		<a id="13" s="C" t="C.3" l="C"/>
		<a id="14" s="C" t="C.3" l="C"/>
		<a id="15" s="O" t="O.3" l="O"/>
		<a id="16" s="N" t="N.ar" l="N"/>
		<a id="17" s="N" t="N.ar" l="N"/>
		<a id="18" s="H" t="H" l="H"/>
		<a id="19" s="H" t="H" l="H"/>
		<a id="20" s="H" t="H" l="H"/>
		<a id="21" s="H" t="H" l="H"/>
		<a id="22" s="H" t="H" l="H"/>
		<a id="23" s="H" t="H" l="H"/>
		<a id="24" s="H" t="H" l="H"/>
		<a id="25" s="H" t="H" l="H"/>
		<a id="26" s="H" t="H" l="H"/>
		<a id="27" s="H" t="H" l="H"/>
		<a id="28" s="H" t="H" l="H"/>
		<a id="29" s="H" t="H" l="H"/>
		<a id="30" s="H" t="H" l="H"/>
		<a id="31" s="H" t="H" l="H"/>
	</atoms>
	<bonds>
		<b id="1" c="1 2" t="1"/>
		<b id="2" c="2 3" t="ar"/>
		<b id="3" c="3 4" t="ar"/>
		<b id="4" c="4 5" t="ar"/>
		<b id="5" c="5 6" t="1"/>
		<b id="6" c="6 7" t="1"/>
		<b id="7" c="7 8" t="1"/>
		<b id="8" c="8 9" t="1"/>
		<b id="9" c="9 10" t="1"/>
		<b id="10" c="10 11" t="1"/>
		<b id="11" c="6 11" t="1"/>
		<b id="12" c="9 12" t="1"/>
		<b id="13" c="12 13" t="1"/>
		<b id="14" c="13 14" t="1"/>
		<b id="15" c="14 15" t="1"/>
		<b id="16" c="9 15" t="1"/>
		<b id="17" c="5 16" t="ar"/>
		<b id="18" c="16 17" t="ar"/>
		<b id="19" c="2 17" t="ar"/>
		<b id="20" c="3 18" t="1"/>
		<b id="21" c="4 19" t="1"/>
		<b id="22" c="7 20" t="1"/>
		<b id="23" c="7 21" t="1"/>
		<b id="24" c="8 22" t="1"/>
		<b id="25" c="8 23" t="1"/>
		<b id="26" c="10 24" t="1"/>
		<b id="27" c="10 25" t="1"/>
		<b id="28" c="11 26" t="1"/>
		<b id="29" c="11 27" t="1"/>
		<b id="30" c="13 28" t="1"/>
		<b id="31" c="13 29" t="1"/>
		<b id="32" c="14 30" t="1"/>
		<b id="33" c="14 31" t="1"/>
	</bonds>
	<geometry>
		<g u="A" t="cart/3d">#31,3:1.7253,-1.0550,0.2152;0.0789,-0.5970,0.0212;-0.3359,0.0718,-1.1391;-1.6609,0.4070,-1.2215;-2.5020,0.0600,-0.1326;-3.8085,0.4069,-0.0507;-4.6248,-0.1156,1.0247;-5.4468,-1.3097,0.5388;-6.3077,-0.9014,-0.6689;-5.4129,-0.2900,-1.7575;-4.6044,0.8659,-1.1628;-6.9989,-2.0076,-1.2146;-8.3280,-1.9584,-0.7476;-8.5673,-0.4570,-0.5719;-7.2884,0.0385,-0.2432;-1.9961,-0.5958,0.9233;-0.7426,-0.9092,0.9936;0.3655,0.3029,-1.9248;-2.0355,0.9185,-2.0934;-5.3037,0.6769,1.3522;-3.9673,-0.4107,1.8409;-6.0952,-1.6645,1.3399;-4.7885,-2.1230,0.2328;-6.0402,0.0669,-2.5747;-4.7544,-1.0721,-2.1361;-5.3041,1.6179,-0.7833;-3.9837,1.3284,-1.9278;-8.4223,-2.4889,0.2093;-8.9699,-2.4237,-1.4944;-9.2551,-0.2143,0.2389;-8.9196,-0.0010,-1.5069;</g>
	</geometry>
	<conformers/>
	<properties/>
</molecule>
