<?xml version="1.0" ?>
<!--MOLLI PACKAGE EXPERIMENTAL XML FORMAT-->
<molecule name="el2192">
	<atoms>
		<a id="1" s="C" t="C.3" l="C"/>
		<a id="2" s="C" t="C.ar" l="C"/>
		<a id="3" s="N" t="N.ar" l="N"/>
		<a id="4" s="C" t="C.ar" l="C"/>
		<a id="5" s="Cl" t="Cl" l="CL"/>
		<a id="6" s="C" t="C.ar" l="C"/>
		<a id="7" s="C" t="C.ar" l="C"/>
		<a id="8" s="C" t="C.3" l="C"/>
		<a id="9" s="C" t="C.3" l="C"/>
		<a id="10" s="C" t="C.3" l="C"/>
		<a id="11" s="C" t="C.3" l="C"/>
		<a id="12" s="N" t="N.am" l="N"/>
		<a id="13" s="C" t="C.2" l="C"/>
		<a id="14" s="O" t="O.2" l="O"/>
		<a id="15" s="O" t="O.3" l="O"/>
		<a id="16" s="C" t="C.3" l="C"/>
		<a id="17" s="C" t="C.3" l="C"/>
		<a id="18" s="C" t="C.3" l="C"/>
		<a id="19" s="C" t="C.3" l="C"/>
		<a id="20" s="C" t="C.3" l="C"/>
		<a id="21" s="N" t="N.ar" l="N"/>
		<a id="22" s="H" t="H" l="H"/>
		<a id="23" s="H" t="H" l="H"/>
		<a id="24" s="H" t="H" l="H"/>
		<a id="25" s="H" t="H" l="H"/>
		<a id="26" s="H" t="H" l="H"/>
		<a id="27" s="H" t="H" l="H"/>
		<a id="28" s="H" t="H" l="H"/>
		<a id="29" s="H" t="H" l="H"/>
		<a id="30" s="H" t="H" l="H"/>
		<a id="31" s="H" t="H" l="H"/>
		<a id="32" s="H" t="H" l="H"/>
		<a id="33" s="H" t="H" l="H"/>
		<a id="34" s="H" t="H" l="H"/>
		<a id="35" s="H" t="H" l="H"/>
		<a id="36" s="H" t="H" l="H"/>
		<a id="37" s="H" t="H" l="H"/>
		<a id="38" s="H" t="H" l="H"/>
		<a id="39" s="H" t="H" l="H"/>
		<a id="40" s="H" t="H" l="H"/>
		<a id="41" s="H" t="H" l="H"/>
		<a id="42" s="H" t="H" l="H"/>
		<a id="43" s="H" t="H" l="H"/>
	</atoms>
	<bonds>
		<b id="1" c="1 2" t="1"/>
		<b id="2" c="2 3" t="ar"/>
		<b id="3" c="3 4" t="ar"/>
		<b id="4" c="4 5" t="1"/>
		<b id="5" c="4 6" t="ar"/>
		<b id="6" c="6 7" t="ar"/>
		<b id="7" c="7 8" t="1"/>
		<b id="8" c="8 9" t="1"/>
		<b id="9" c="9 10" t="1"/>
		<b id="10" c="10 11" t="1"/>
		<b id="11" c="11 12" t="1"/>
		<b id="12" c="12 13" t="am"/>
		<b id="13" c="13 14" t="2"/>
		<b id="14" c="13 15" t="1"/>
		<b id="15" c="15 16" t="1"/>
		<b id="16" c="16 17" t="1"/>
		<b id="17" c="16 18" t="1"/>
		<b id="18" c="16 19" t="1"/>
		<b id="19" c="12 20" t="1"/>
		<b id="20" c="8 20" t="1"/>
		<b id="21" c="7 21" t="ar"/>
		<b id="22" c="2 21" t="ar"/>
		<b id="23" c="1 22" t="1"/>
		<b id="24" c="1 23" t="1"/>
		<b id="25" c="1 24" t="1"/>
		<b id="26" c="6 25" t="1"/>
		<b id="27" c="8 26" t="1"/>
		<b id="28" c="9 27" t="1"/>
		<b id="29" c="9 28" t="1"/>
		<b id="30" c="10 29" t="1"/>
		<b id="31" c="10 30" t="1"/>
		<b id="32" c="11 31" t="1"/>
		<b id="33" c="11 32" t="1"/>
		<b id="34" c="17 33" t="1"/>
		<b id="35" c="17 34" t="1"/>
		<b id="36" c="17 35" t="1"/>
		<b id="37" c="18 36" t="1"/>
		<b id="38" c="18 37" t="1"/>
		<b id="39" c="18 38" t="1"/>
		<b id="40" c="19 39" t="1"/>
		<b id="41" c="19 40" t="1"/>
		<b id="42" c="19 41" t="1"/>
		<b id="43" c="20 42" t="1"/>
		<b id="44" c="20 43" t="1"/>
	</bonds>
	<geometry>
		<g u="A" t="cart/3d">#43,3:2.4488,0.2217,-2.6818;3.0023,0.1767,-1.2994;2.4399,-0.6692,-0.4455;2.9323,-0.7046,0.7763;2.1880,-1.8039,1.8671;3.9940,0.0847,1.1857;4.5202,0.9369,0.2150;5.6543,1.8601,0.5449;6.4249,2.3168,-0.6950;7.5264,3.2975,-0.2993;6.9313,4.4737,0.4775;6.1872,3.9884,1.6192;6.6996,3.9186,2.8789;6.1491,3.3223,3.7777;7.8409,4.6190,2.9846;8.5192,4.7214,4.2593;8.9476,3.3365,4.7446;9.7461,5.5824,3.9537;7.6240,5.4114,5.2875;5.1022,3.1032,1.2732;4.0163,0.9781,-1.0114;1.6885,-0.5438,-2.7958;3.2492,0.0694,-3.4019;2.0151,1.2018,-2.8689;4.3884,0.0424,2.1863;6.3326,1.3496,1.2373;5.7270,2.7927,-1.3846;6.8528,1.4503,-1.2012;8.0385,3.6676,-1.1882;8.2609,2.7919,0.3316;6.2374,5.0284,-0.1629;7.7118,5.1492,0.8242;9.5549,2.8458,3.9865;8.0731,2.7247,4.9472;9.5311,3.4320,5.6559;10.3576,5.1040,3.1929;10.3391,5.7154,4.8535;9.4358,6.5567,3.5853;6.7507,4.7992,5.4938;7.2954,6.3767,4.9082;8.1768,5.5633,6.2103;4.4066,3.6340,0.6165;4.5905,2.8182,2.1937;</g>
	</geometry>
	<conformers/>
	<properties/>
</molecule>
