<?xml version="1.0" ?>
<!--MOLLI PACKAGE EXPERIMENTAL XML FORMAT-->
<molecule name="el2195">
	<atoms>
		<a id="1" s="C" t="C.3" l="C"/>
		<a id="2" s="C" t="C.3" l="C"/>
		<a id="3" s="C" t="C.3" l="C"/>
		<a id="4" s="C" t="C.3" l="C"/>
		<a id="5" s="O" t="O.3" l="O"/>
		<a id="6" s="C" t="C.2" l="C"/>
		<a id="7" s="O" t="O.2" l="O"/>
		<a id="8" s="N" t="N.am" l="N"/>
		<a id="9" s="C" t="C.3" l="C"/>
		<a id="10" s="C" t="C.3" l="C"/>
		<a id="11" s="C" t="C.3" l="C"/>
		<a id="12" s="O" t="O.3" l="O"/>
		<a id="13" s="C" t="C.ar" l="C"/>
		<a id="14" s="N" t="N.ar" l="N"/>
		<a id="15" s="C" t="C.ar" l="C"/>
		<a id="16" s="Cl" t="Cl" l="CL"/>
		<a id="17" s="N" t="N.ar" l="N"/>
		<a id="18" s="C" t="C.ar" l="C"/>
		<a id="19" s="N" t="N.ar" l="N"/>
		<a id="20" s="C" t="C.ar" l="C"/>
		<a id="21" s="C" t="C.ar" l="C"/>
		<a id="22" s="C" t="C.ar" l="C"/>
		<a id="23" s="C" t="C.3" l="C"/>
		<a id="24" s="C" t="C.3" l="C"/>
		<a id="25" s="F" t="F" l="F"/>
		<a id="26" s="F" t="F" l="F"/>
		<a id="27" s="F" t="F" l="F"/>
		<a id="28" s="C" t="C.3" l="C"/>
		<a id="29" s="H" t="H" l="H"/>
		<a id="30" s="H" t="H" l="H"/>
		<a id="31" s="H" t="H" l="H"/>
		<a id="32" s="H" t="H" l="H"/>
		<a id="33" s="H" t="H" l="H"/>
		<a id="34" s="H" t="H" l="H"/>
		<a id="35" s="H" t="H" l="H"/>
		<a id="36" s="H" t="H" l="H"/>
		<a id="37" s="H" t="H" l="H"/>
		<a id="38" s="H" t="H" l="H"/>
		<a id="39" s="H" t="H" l="H"/>
		<a id="40" s="H" t="H" l="H"/>
		<a id="41" s="H" t="H" l="H"/>
		<a id="42" s="H" t="H" l="H"/>
		<a id="43" s="H" t="H" l="H"/>
		<a id="44" s="H" t="H" l="H"/>
		<a id="45" s="H" t="H" l="H"/>
		<a id="46" s="H" t="H" l="H"/>
		<a id="47" s="H" t="H" l="H"/>
		<a id="48" s="H" t="H" l="H"/>
	</atoms>
	<bonds>
		<b id="1" c="1 2" t="1"/>
		<b id="2" c="2 3" t="1"/>
		<b id="3" c="2 4" t="1"/>
		<b id="4" c="2 5" t="1"/>
		<b id="5" c="5 6" t="1"/>
		<b id="6" c="6 7" t="2"/>
		<b id="7" c="6 8" t="am"/>
		<b id="8" c="8 9" t="1"/>
		<b id="9" c="9 10" t="1"/>
		<b id="10" c="11 12" t="1"/>
		<b id="11" c="12 13" t="1"/>
		<b id="12" c="13 14" t="ar"/>
		<b id="13" c="14 15" t="ar"/>
		<b id="14" c="15 16" t="1"/>
		<b id="15" c="15 17" t="ar"/>
		<b id="16" c="17 18" t="ar"/>
		<b id="17" c="18 19" t="ar"/>
		<b id="18" c="19 20" t="ar"/>
		<b id="19" c="20 21" t="ar"/>
		<b id="20" c="21 22" t="ar"/>
		<b id="21" c="13 22" t="ar"/>
		<b id="22" c="18 22" t="ar"/>
		<b id="23" c="10 23" t="1"/>
		<b id="24" c="23 24" t="1"/>
		<b id="25" c="24 25" t="1"/>
		<b id="26" c="24 26" t="1"/>
		<b id="27" c="24 27" t="1"/>
		<b id="28" c="23 28" t="1"/>
		<b id="29" c="8 28" t="1"/>
		<b id="30" c="10 11" t="1"/>
		<b id="31" c="1 29" t="1"/>
		<b id="32" c="1 30" t="1"/>
		<b id="33" c="1 31" t="1"/>
		<b id="34" c="3 32" t="1"/>
		<b id="35" c="3 33" t="1"/>
		<b id="36" c="3 34" t="1"/>
		<b id="37" c="4 35" t="1"/>
		<b id="38" c="4 36" t="1"/>
		<b id="39" c="4 37" t="1"/>
		<b id="40" c="9 38" t="1"/>
		<b id="41" c="9 39" t="1"/>
		<b id="42" c="10 40" t="1"/>
		<b id="43" c="11 41" t="1"/>
		<b id="44" c="11 42" t="1"/>
		<b id="45" c="19 43" t="1"/>
		<b id="46" c="20 44" t="1"/>
		<b id="47" c="21 45" t="1"/>
		<b id="48" c="23 46" t="1"/>
		<b id="49" c="28 47" t="1"/>
		<b id="50" c="28 48" t="1"/>
	</bonds>
	<geometry>
		<g u="A" t="cart/3d">#48,3:3.4794,-0.5481,1.0298;2.7271,0.4146,0.1130;2.4575,-0.2170,-1.2525;1.4172,0.8643,0.7619;3.4737,1.6474,-0.0483;4.6878,1.6383,-0.6103;5.2989,0.6684,-0.9907;5.2090,2.9038,-0.6644;4.4001,4.1016,-0.6247;4.4165,4.5894,-2.0838;3.3421,3.8693,-2.8940;2.0774,4.2691,-2.3854;1.0116,3.8812,-3.0794;1.1739,3.1328,-4.1610;0.1010,2.7795,-4.8581;0.4105,1.8202,-6.2307;-1.1524,3.0791,-4.6251;-1.3219,3.8252,-3.5317;-2.4868,4.2931,-3.0381;-2.2256,5.0183,-1.9013;-0.8885,5.0283,-1.6483;-0.2773,4.2692,-2.6824;5.8248,4.1917,-2.5722;6.7328,5.4074,-2.6414;6.7884,6.0825,-1.4824;7.9954,5.0850,-2.9532;6.3220,6.2851,-3.5710;6.3376,3.1658,-1.5297;2.8742,-1.4333,1.2047;3.6897,-0.0681,1.9836;4.4185,-0.8456,0.5715;1.8140,-1.0843,-1.1332;3.3904,-0.5319,-1.7128;1.9624,0.4983,-1.9079;0.7750,0.0050,0.9318;0.9012,1.5704,0.1152;1.6197,1.3495,1.7129;4.8765,4.8333,0.0336;3.3953,3.8859,-0.2717;4.2449,5.6654,-2.1491;3.4014,4.1239,-3.9569;3.4466,2.7827,-2.7978;-3.3909,4.1361,-3.4512;-3.0250,5.4783,-1.3540;-0.3847,5.5091,-0.8347;5.7941,3.7663,-3.5781;7.1546,3.5961,-0.9430;6.6755,2.2310,-1.9774;</g>
	</geometry>
	<conformers/>
	<properties/>
</molecule>
