<?xml version="1.0" ?>
<!--MOLLI PACKAGE EXPERIMENTAL XML FORMAT-->
<molecule name="el2196">
	<atoms>
		<a id="1" s="C" t="C.3" l="C"/>
		<a id="2" s="S" t="S.O2" l="S"/>
		<a id="3" s="O" t="O.2" l="O"/>
		<a id="4" s="O" t="O.2" l="O"/>
		<a id="5" s="C" t="C.ar" l="C"/>
		<a id="6" s="C" t="C.ar" l="C"/>
		<a id="7" s="C" t="C.ar" l="C"/>
		<a id="8" s="C" t="C.ar" l="C"/>
		<a id="9" s="C" t="C.ar" l="C"/>
		<a id="10" s="C" t="C.ar" l="C"/>
		<a id="11" s="C" t="C.ar" l="C"/>
		<a id="12" s="C" t="C.ar" l="C"/>
		<a id="13" s="N" t="N.ar" l="N"/>
		<a id="14" s="N" t="N.ar" l="N"/>
		<a id="15" s="C" t="C.ar" l="C"/>
		<a id="16" s="Cl" t="Cl" l="CL"/>
		<a id="17" s="N" t="N.ar" l="N"/>
		<a id="18" s="C" t="C.ar" l="C"/>
		<a id="19" s="C" t="C.ar" l="C"/>
		<a id="20" s="C" t="C.ar" l="C"/>
		<a id="21" s="H" t="H" l="H"/>
		<a id="22" s="H" t="H" l="H"/>
		<a id="23" s="H" t="H" l="H"/>
		<a id="24" s="H" t="H" l="H"/>
		<a id="25" s="H" t="H" l="H"/>
		<a id="26" s="H" t="H" l="H"/>
		<a id="27" s="H" t="H" l="H"/>
		<a id="28" s="H" t="H" l="H"/>
		<a id="29" s="H" t="H" l="H"/>
		<a id="30" s="H" t="H" l="H"/>
	</atoms>
	<bonds>
		<b id="1" c="1 2" t="1"/>
		<b id="2" c="2 3" t="2"/>
		<b id="3" c="2 4" t="2"/>
		<b id="4" c="2 5" t="1"/>
		<b id="5" c="5 6" t="ar"/>
		<b id="6" c="6 7" t="ar"/>
		<b id="7" c="7 8" t="ar"/>
		<b id="8" c="8 9" t="1"/>
		<b id="9" c="9 10" t="ar"/>
		<b id="10" c="10 11" t="ar"/>
		<b id="11" c="11 12" t="ar"/>
		<b id="12" c="12 13" t="ar"/>
		<b id="13" c="13 14" t="ar"/>
		<b id="14" c="14 15" t="ar"/>
		<b id="15" c="15 16" t="1"/>
		<b id="16" c="15 17" t="ar"/>
		<b id="17" c="17 18" t="ar"/>
		<b id="18" c="9 18" t="ar"/>
		<b id="19" c="13 18" t="ar"/>
		<b id="20" c="8 19" t="ar"/>
		<b id="21" c="19 20" t="ar"/>
		<b id="22" c="5 20" t="ar"/>
		<b id="23" c="1 21" t="1"/>
		<b id="24" c="1 22" t="1"/>
		<b id="25" c="1 23" t="1"/>
		<b id="26" c="6 24" t="1"/>
		<b id="27" c="7 25" t="1"/>
		<b id="28" c="10 26" t="1"/>
		<b id="29" c="11 27" t="1"/>
		<b id="30" c="12 28" t="1"/>
		<b id="31" c="19 29" t="1"/>
		<b id="32" c="20 30" t="1"/>
	</bonds>
	<geometry>
		<g u="A" t="cart/3d">#30,3:1.7129,0.9843,-0.5109;2.8111,-0.2804,0.1960;3.9495,0.3797,0.7758;2.0262,-1.1447,1.0339;3.3457,-1.1941,-1.2528;4.5598,-0.8883,-1.8353;4.9563,-1.5675,-2.9723;4.1325,-2.5462,-3.5313;4.5527,-3.2673,-4.7373;5.8715,-3.5744,-5.0048;6.2467,-4.2578,-6.1714;5.3074,-4.6359,-7.0872;4.0202,-4.3424,-6.8327;2.9680,-4.6207,-7.5969;1.9520,-4.1251,-6.9034;0.3684,-4.2230,-7.4490;2.2782,-3.5479,-5.7445;3.6003,-3.6816,-5.6893;2.9059,-2.8341,-2.9305;2.5165,-2.1608,-1.7878;1.3289,1.5845,0.3047;0.9059,0.4798,-1.0257;2.2971,1.5916,-1.1897;5.1782,-0.1303,-1.3807;5.8959,-1.3200,-3.4424;6.6343,-3.3032,-4.2925;7.2842,-4.4878,-6.3480;5.5141,-5.1587,-8.0063;2.2657,-3.5825,-3.3676;1.5844,-2.3842,-1.2932;</g>
	</geometry>
	<conformers/>
	<properties/>
</molecule>
