<?xml version="1.0" ?>
<!--MOLLI PACKAGE EXPERIMENTAL XML FORMAT-->
<molecule name="el1804">
	<atoms>
		<a id="1" s="C" t="C.3" l="C"/>
		<a id="2" s="N" t="N.ar" l="N"/>
		<a id="3" s="C" t="C.ar" l="C"/>
		<a id="4" s="C" t="C.ar" l="C"/>
		<a id="5" s="C" t="C.ar" l="C"/>
		<a id="6" s="C" t="C.ar" l="C"/>
		<a id="7" s="C" t="C.ar" l="C"/>
		<a id="8" s="C" t="C.ar" l="C"/>
		<a id="9" s="C" t="C.ar" l="C"/>
		<a id="10" s="N" t="N.ar" l="N"/>
		<a id="11" s="C" t="C.ar" l="C"/>
		<a id="12" s="Cl" t="Cl" l="CL"/>
		<a id="13" s="C" t="C.ar" l="C"/>
		<a id="14" s="C" t="C.ar" l="C"/>
		<a id="15" s="N" t="N.pl3" l="N"/>
		<a id="16" s="C" t="C.3" l="C"/>
		<a id="17" s="C" t="C.3" l="C"/>
		<a id="18" s="C" t="C.3" l="C"/>
		<a id="19" s="N" t="N.am" l="N"/>
		<a id="20" s="C" t="C.2" l="C"/>
		<a id="21" s="O" t="O.2" l="O"/>
		<a id="22" s="O" t="O.3" l="O"/>
		<a id="23" s="C" t="C.3" l="C"/>
		<a id="24" s="C" t="C.3" l="C"/>
		<a id="25" s="C" t="C.3" l="C"/>
		<a id="26" s="C" t="C.3" l="C"/>
		<a id="27" s="C" t="C.3" l="C"/>
		<a id="28" s="C" t="C.3" l="C"/>
		<a id="29" s="O" t="O.3" l="O"/>
		<a id="30" s="C" t="C.ar" l="C"/>
		<a id="31" s="C" t="C.ar" l="C"/>
		<a id="32" s="N" t="N.ar" l="N"/>
		<a id="33" s="H" t="H" l="H"/>
		<a id="34" s="H" t="H" l="H"/>
		<a id="35" s="H" t="H" l="H"/>
		<a id="36" s="H" t="H" l="H"/>
		<a id="37" s="H" t="H" l="H"/>
		<a id="38" s="H" t="H" l="H"/>
		<a id="39" s="H" t="H" l="H"/>
		<a id="40" s="H" t="H" l="H"/>
		<a id="41" s="H" t="H" l="H"/>
		<a id="42" s="H" t="H" l="H"/>
		<a id="43" s="H" t="H" l="H"/>
		<a id="44" s="H" t="H" l="H"/>
		<a id="45" s="H" t="H" l="H"/>
		<a id="46" s="H" t="H" l="H"/>
		<a id="47" s="H" t="H" l="H"/>
		<a id="48" s="H" t="H" l="H"/>
		<a id="49" s="H" t="H" l="H"/>
		<a id="50" s="H" t="H" l="H"/>
		<a id="51" s="H" t="H" l="H"/>
		<a id="52" s="H" t="H" l="H"/>
		<a id="53" s="H" t="H" l="H"/>
		<a id="54" s="H" t="H" l="H"/>
		<a id="55" s="H" t="H" l="H"/>
		<a id="56" s="H" t="H" l="H"/>
		<a id="57" s="H" t="H" l="H"/>
		<a id="58" s="H" t="H" l="H"/>
		<a id="59" s="H" t="H" l="H"/>
		<a id="60" s="H" t="H" l="H"/>
	</atoms>
	<bonds>
		<b id="1" c="1 2" t="1"/>
		<b id="2" c="2 3" t="ar"/>
		<b id="3" c="3 4" t="ar"/>
		<b id="4" c="4 5" t="ar"/>
		<b id="5" c="5 6" t="ar"/>
		<b id="6" c="6 7" t="ar"/>
		<b id="7" c="7 8" t="1"/>
		<b id="8" c="8 9" t="ar"/>
		<b id="9" c="9 10" t="ar"/>
		<b id="10" c="10 11" t="ar"/>
		<b id="11" c="11 12" t="1"/>
		<b id="12" c="11 13" t="ar"/>
		<b id="13" c="13 14" t="ar"/>
		<b id="14" c="8 14" t="ar"/>
		<b id="15" c="14 15" t="1"/>
		<b id="16" c="15 16" t="1"/>
		<b id="17" c="17 18" t="1"/>
		<b id="18" c="18 19" t="1"/>
		<b id="19" c="19 20" t="am"/>
		<b id="20" c="20 21" t="2"/>
		<b id="21" c="20 22" t="1"/>
		<b id="22" c="22 23" t="1"/>
		<b id="23" c="23 24" t="1"/>
		<b id="24" c="23 25" t="1"/>
		<b id="25" c="23 26" t="1"/>
		<b id="26" c="19 27" t="1"/>
		<b id="27" c="27 28" t="1"/>
		<b id="28" c="28 29" t="1"/>
		<b id="29" c="17 29" t="1"/>
		<b id="30" c="7 30" t="ar"/>
		<b id="31" c="30 31" t="ar"/>
		<b id="32" c="4 31" t="ar"/>
		<b id="33" c="31 32" t="ar"/>
		<b id="34" c="2 32" t="ar"/>
		<b id="35" c="17 16" t="1"/>
		<b id="36" c="1 33" t="1"/>
		<b id="37" c="1 34" t="1"/>
		<b id="38" c="1 35" t="1"/>
		<b id="39" c="3 36" t="1"/>
		<b id="40" c="5 37" t="1"/>
		<b id="41" c="6 38" t="1"/>
		<b id="42" c="9 39" t="1"/>
		<b id="43" c="13 40" t="1"/>
		<b id="44" c="15 41" t="1"/>
		<b id="45" c="16 42" t="1"/>
		<b id="46" c="16 43" t="1"/>
		<b id="47" c="17 44" t="1"/>
		<b id="48" c="18 45" t="1"/>
		<b id="49" c="18 46" t="1"/>
		<b id="50" c="24 47" t="1"/>
		<b id="51" c="24 48" t="1"/>
		<b id="52" c="24 49" t="1"/>
		<b id="53" c="25 50" t="1"/>
		<b id="54" c="25 51" t="1"/>
		<b id="55" c="25 52" t="1"/>
		<b id="56" c="26 53" t="1"/>
		<b id="57" c="26 54" t="1"/>
		<b id="58" c="26 55" t="1"/>
		<b id="59" c="27 56" t="1"/>
		<b id="60" c="27 57" t="1"/>
		<b id="61" c="28 58" t="1"/>
		<b id="62" c="28 59" t="1"/>
		<b id="63" c="30 60" t="1"/>
	</bonds>
	<geometry>
		<g u="A" t="cart/3d">#60,3:5.8028,8.5614,-2.4534;5.0959,7.4528,-1.8790;5.6402,6.3514,-1.3378;4.5794,5.5549,-0.9153;4.4394,4.3017,-0.2978;3.1783,3.8488,-0.0376;2.0210,4.6034,-0.3707;0.6898,4.0489,-0.0654;-0.2560,3.9035,-1.0640;-1.4665,3.3929,-0.8854;-1.7747,3.0072,0.3333;-3.3518,2.3394,0.5378;-0.9416,3.1042,1.4313;0.3340,3.6481,1.2451;1.1818,3.8520,2.2834;1.0039,3.2801,3.5920;2.2891,3.4850,4.4101;2.2203,2.7083,5.7354;2.3328,1.2923,5.4743;1.2751,0.4316,5.4470;1.3730,-0.7084,5.0565;0.1666,1.0134,5.9307;-1.0650,0.2572,6.0605;-0.8663,-0.9164,7.0177;-2.0514,1.2686,6.6464;-1.5424,-0.2236,4.6908;3.5456,0.9511,4.7607;3.5939,1.7432,3.4516;3.4508,3.1343,3.6783;2.1315,5.8224,-0.9937;3.4153,6.3131,-1.2711;3.7732,7.4629,-1.8553;6.4582,9.0234,-1.7130;5.0639,9.2863,-2.7884;6.4035,8.2342,-3.3040;6.7006,6.2076,-1.2892;5.3103,3.7155,-0.0448;3.0438,2.8711,0.4040;-0.0257,4.1983,-2.0788;-1.2826,2.7820,2.4000;2.1221,4.1485,2.0612;0.7707,2.2089,3.5207;0.1754,3.7700,4.1178;2.4159,4.5543,4.6122;1.2856,2.9142,6.2528;3.0630,3.0045,6.3695;-0.4825,-0.5597,7.9714;-0.1599,-1.6270,6.5978;-1.8157,-1.4172,7.1839;-1.6847,1.6383,7.6005;-3.0182,0.7982,6.7962;-2.1703,2.1116,5.9705;-0.8259,-0.9211,4.2660;-1.6618,0.6190,4.0126;-2.5010,-0.7235,4.7945;3.5405,-0.1208,4.5628;4.4032,1.2111,5.3889;2.8094,1.3775,2.7756;4.5631,1.6292,2.9635;1.2600,6.4012,-1.2547;</g>
	</geometry>
	<conformers/>
	<properties/>
</molecule>
