<?xml version="1.0" ?>
<!--MOLLI PACKAGE EXPERIMENTAL XML FORMAT-->
<molecule name="el2201">
	<atoms>
		<a id="1" s="Cl" t="Cl" l="CL"/>
		<a id="2" s="C" t="C.ar" l="C"/>
		<a id="3" s="C" t="C.ar" l="C"/>
		<a id="4" s="C" t="C.ar" l="C"/>
		<a id="5" s="C" t="C.ar" l="C"/>
		<a id="6" s="C" t="C.ar" l="C"/>
		<a id="7" s="C" t="C.ar" l="C"/>
		<a id="8" s="C" t="C.ar" l="C"/>
		<a id="9" s="C" t="C.ar" l="C"/>
		<a id="10" s="O" t="O.3" l="O"/>
		<a id="11" s="C" t="C.3" l="C"/>
		<a id="12" s="C" t="C.ar" l="C"/>
		<a id="13" s="C" t="C.ar" l="C"/>
		<a id="14" s="C" t="C.ar" l="C"/>
		<a id="15" s="C" t="C.ar" l="C"/>
		<a id="16" s="C" t="C.ar" l="C"/>
		<a id="17" s="C" t="C.ar" l="C"/>
		<a id="18" s="C" t="C.ar" l="C"/>
		<a id="19" s="N" t="N.ar" l="N"/>
		<a id="20" s="H" t="H" l="H"/>
		<a id="21" s="H" t="H" l="H"/>
		<a id="22" s="H" t="H" l="H"/>
		<a id="23" s="H" t="H" l="H"/>
		<a id="24" s="H" t="H" l="H"/>
		<a id="25" s="H" t="H" l="H"/>
		<a id="26" s="H" t="H" l="H"/>
		<a id="27" s="H" t="H" l="H"/>
		<a id="28" s="H" t="H" l="H"/>
		<a id="29" s="H" t="H" l="H"/>
		<a id="30" s="H" t="H" l="H"/>
		<a id="31" s="H" t="H" l="H"/>
	</atoms>
	<bonds>
		<b id="1" c="1 2" t="1"/>
		<b id="2" c="2 3" t="ar"/>
		<b id="3" c="3 4" t="ar"/>
		<b id="4" c="4 5" t="ar"/>
		<b id="5" c="5 6" t="ar"/>
		<b id="6" c="6 7" t="ar"/>
		<b id="7" c="7 8" t="ar"/>
		<b id="8" c="8 9" t="ar"/>
		<b id="9" c="9 10" t="1"/>
		<b id="10" c="10 11" t="1"/>
		<b id="11" c="11 12" t="1"/>
		<b id="12" c="12 13" t="ar"/>
		<b id="13" c="13 14" t="ar"/>
		<b id="14" c="14 15" t="ar"/>
		<b id="15" c="15 16" t="ar"/>
		<b id="16" c="16 17" t="ar"/>
		<b id="17" c="12 17" t="ar"/>
		<b id="18" c="9 18" t="ar"/>
		<b id="19" c="5 18" t="ar"/>
		<b id="20" c="18 19" t="ar"/>
		<b id="21" c="2 19" t="ar"/>
		<b id="22" c="3 20" t="1"/>
		<b id="23" c="4 21" t="1"/>
		<b id="24" c="6 22" t="1"/>
		<b id="25" c="7 23" t="1"/>
		<b id="26" c="8 24" t="1"/>
		<b id="27" c="11 25" t="1"/>
		<b id="28" c="11 26" t="1"/>
		<b id="29" c="13 27" t="1"/>
		<b id="30" c="14 28" t="1"/>
		<b id="31" c="15 29" t="1"/>
		<b id="32" c="16 30" t="1"/>
		<b id="33" c="17 31" t="1"/>
	</bonds>
	<geometry>
		<g u="A" t="cart/3d">#31,3:3.0448,0.3974,0.5549;1.4239,-0.1163,0.2811;1.1876,-1.4599,-0.0667;-0.1098,-1.8362,-0.2724;-1.1512,-0.8915,-0.1344;-2.5105,-1.2059,-0.3235;-3.4585,-0.2344,-0.1663;-3.1081,1.0786,0.1763;-1.7901,1.4314,0.3671;-1.3376,2.6554,0.6913;-2.2575,3.7055,0.8814;-1.5169,4.9662,1.2536;-2.2128,6.1670,1.3232;-1.5584,7.3334,1.6741;-0.2026,7.3103,1.9566;0.4933,6.1163,1.8861;-0.1595,4.9461,1.5373;-0.7801,0.4328,0.2160;0.5023,0.7854,0.4162;2.0108,-2.1489,-0.1613;-0.3551,-2.8540,-0.5410;-2.7846,-2.2154,-0.5905;-4.5034,-0.4683,-0.3068;-3.8956,1.8074,0.2869;-2.9657,3.4495,1.6861;-2.8373,3.8785,-0.0384;-3.2709,6.1862,1.1016;-2.1070,8.2624,1.7261;0.3081,8.2220,2.2294;1.5509,6.0934,2.1035;0.3775,4.0130,1.4762;</g>
	</geometry>
	<conformers/>
	<properties/>
</molecule>
