<?xml version="1.0" ?>
<!--MOLLI PACKAGE EXPERIMENTAL XML FORMAT-->
<molecule name="el2206">
	<atoms>
		<a id="1" s="Cl" t="Cl" l="CL"/>
		<a id="2" s="C" t="C.ar" l="C"/>
		<a id="3" s="N" t="N.ar" l="N"/>
		<a id="4" s="C" t="C.ar" l="C"/>
		<a id="5" s="N" t="N.pl3" l="N"/>
		<a id="6" s="C" t="C.ar" l="C"/>
		<a id="7" s="C" t="C.ar" l="C"/>
		<a id="8" s="C" t="C.ar" l="C"/>
		<a id="9" s="C" t="C.ar" l="C"/>
		<a id="10" s="N" t="N.pl3" l="N"/>
		<a id="11" s="C" t="C.3" l="C"/>
		<a id="12" s="C" t="C.3" l="C"/>
		<a id="13" s="O" t="O.3" l="O"/>
		<a id="14" s="C" t="C.3" l="C"/>
		<a id="15" s="C" t="C.3" l="C"/>
		<a id="16" s="C" t="C.ar" l="C"/>
		<a id="17" s="C" t="C.ar" l="C"/>
		<a id="18" s="C" t="C.ar" l="C"/>
		<a id="19" s="C" t="C.ar" l="C"/>
		<a id="20" s="N" t="N.ar" l="N"/>
		<a id="21" s="N" t="N.ar" l="N"/>
		<a id="22" s="C" t="C.3" l="C"/>
		<a id="23" s="C" t="C.3" l="C"/>
		<a id="24" s="C" t="C.3" l="C"/>
		<a id="25" s="C" t="C.3" l="C"/>
		<a id="26" s="C" t="C.3" l="C"/>
		<a id="27" s="O" t="O.3" l="O"/>
		<a id="28" s="C" t="C.ar" l="C"/>
		<a id="29" s="N" t="N.ar" l="N"/>
		<a id="30" s="H" t="H" l="H"/>
		<a id="31" s="H" t="H" l="H"/>
		<a id="32" s="H" t="H" l="H"/>
		<a id="33" s="H" t="H" l="H"/>
		<a id="34" s="H" t="H" l="H"/>
		<a id="35" s="H" t="H" l="H"/>
		<a id="36" s="H" t="H" l="H"/>
		<a id="37" s="H" t="H" l="H"/>
		<a id="38" s="H" t="H" l="H"/>
		<a id="39" s="H" t="H" l="H"/>
		<a id="40" s="H" t="H" l="H"/>
		<a id="41" s="H" t="H" l="H"/>
		<a id="42" s="H" t="H" l="H"/>
		<a id="43" s="H" t="H" l="H"/>
		<a id="44" s="H" t="H" l="H"/>
		<a id="45" s="H" t="H" l="H"/>
		<a id="46" s="H" t="H" l="H"/>
		<a id="47" s="H" t="H" l="H"/>
		<a id="48" s="H" t="H" l="H"/>
		<a id="49" s="H" t="H" l="H"/>
		<a id="50" s="H" t="H" l="H"/>
		<a id="51" s="H" t="H" l="H"/>
		<a id="52" s="H" t="H" l="H"/>
	</atoms>
	<bonds>
		<b id="1" c="1 2" t="1"/>
		<b id="2" c="2 3" t="ar"/>
		<b id="3" c="3 4" t="ar"/>
		<b id="4" c="4 5" t="1"/>
		<b id="5" c="5 6" t="1"/>
		<b id="6" c="6 7" t="ar"/>
		<b id="7" c="7 8" t="ar"/>
		<b id="8" c="8 9" t="ar"/>
		<b id="9" c="9 10" t="1"/>
		<b id="10" c="10 11" t="1"/>
		<b id="11" c="11 12" t="1"/>
		<b id="12" c="12 13" t="1"/>
		<b id="13" c="13 14" t="1"/>
		<b id="14" c="14 15" t="1"/>
		<b id="15" c="10 15" t="1"/>
		<b id="16" c="9 16" t="ar"/>
		<b id="17" c="16 17" t="ar"/>
		<b id="18" c="6 17" t="ar"/>
		<b id="19" c="4 18" t="ar"/>
		<b id="20" c="18 19" t="ar"/>
		<b id="21" c="19 20" t="ar"/>
		<b id="22" c="20 21" t="ar"/>
		<b id="23" c="21 22" t="1"/>
		<b id="24" c="22 23" t="1"/>
		<b id="25" c="23 24" t="1"/>
		<b id="26" c="24 25" t="1"/>
		<b id="27" c="25 26" t="1"/>
		<b id="28" c="26 27" t="1"/>
		<b id="29" c="22 27" t="1"/>
		<b id="30" c="21 28" t="ar"/>
		<b id="31" c="18 28" t="ar"/>
		<b id="32" c="28 29" t="ar"/>
		<b id="33" c="2 29" t="ar"/>
		<b id="34" c="5 30" t="1"/>
		<b id="35" c="7 31" t="1"/>
		<b id="36" c="8 32" t="1"/>
		<b id="37" c="11 33" t="1"/>
		<b id="38" c="11 34" t="1"/>
		<b id="39" c="12 35" t="1"/>
		<b id="40" c="12 36" t="1"/>
		<b id="41" c="14 37" t="1"/>
		<b id="42" c="14 38" t="1"/>
		<b id="43" c="15 39" t="1"/>
		<b id="44" c="15 40" t="1"/>
		<b id="45" c="16 41" t="1"/>
		<b id="46" c="17 42" t="1"/>
		<b id="47" c="19 43" t="1"/>
		<b id="48" c="22 44" t="1"/>
		<b id="49" c="23 45" t="1"/>
		<b id="50" c="23 46" t="1"/>
		<b id="51" c="24 47" t="1"/>
		<b id="52" c="24 48" t="1"/>
		<b id="53" c="25 49" t="1"/>
		<b id="54" c="25 50" t="1"/>
		<b id="55" c="26 51" t="1"/>
		<b id="56" c="26 52" t="1"/>
	</bonds>
	<geometry>
		<g u="A" t="cart/3d">#52,3:1.0210,0.2594,0.5285;2.7254,0.2486,0.4374;3.2804,-0.9312,0.6478;4.6089,-1.0398,0.6050;5.2227,-2.2171,0.8264;4.6989,-3.4675,1.1623;3.3372,-3.7205,1.3071;2.9004,-4.9799,1.6535;3.7921,-6.0353,1.8788;3.3040,-7.3009,2.1797;4.1891,-8.4460,2.1566;3.3447,-9.7103,1.9569;2.3661,-9.8543,2.9574;1.5106,-8.7354,2.9717;2.2986,-7.4477,3.2159;5.1553,-5.7703,1.7211;5.5964,-4.5118,1.3666;5.3670,0.1238,0.3258;6.7094,0.5449,0.1895;6.7697,1.8271,-0.0647;5.5117,2.2977,-0.1028;5.2114,3.6603,-0.4368;6.1845,4.6149,0.2577;5.8905,6.0470,-0.1819;5.9197,6.1186,-1.7069;4.9595,5.0761,-2.2778;5.2837,3.7745,-1.8411;4.6239,1.3086,0.1181;3.2909,1.4027,0.1768;6.2318,-2.1888,0.7607;2.6318,-2.9256,1.1386;1.8381,-5.1503,1.7324;4.7603,-8.5379,3.0949;4.8803,-8.3575,1.3180;3.9725,-10.6013,2.0114;2.8620,-9.6634,0.9685;0.7929,-8.9074,3.7753;0.9768,-8.6604,2.0120;2.7814,-7.5136,4.2053;1.6233,-6.5948,3.2157;5.8890,-6.5419,1.8920;6.6584,-4.3354,1.2595;7.6130,-0.0273,0.2703;4.1739,3.8443,-0.1040;7.1958,4.3266,-0.0322;6.0849,4.5072,1.3383;6.6268,6.7282,0.2469;4.9025,6.3440,0.1790;6.9283,5.9032,-2.0632;5.6304,7.1106,-2.0547;5.0170,5.0378,-3.3671;3.9267,5.3185,-1.9817;</g>
	</geometry>
	<conformers/>
	<properties/>
</molecule>
