<?xml version="1.0" ?>
<!--MOLLI PACKAGE EXPERIMENTAL XML FORMAT-->
<molecule name="el2208">
	<atoms>
		<a id="1" s="F" t="F" l="F"/>
		<a id="2" s="C" t="C.ar" l="C"/>
		<a id="3" s="C" t="C.ar" l="C"/>
		<a id="4" s="N" t="N.ar" l="N"/>
		<a id="5" s="C" t="C.ar" l="C"/>
		<a id="6" s="Cl" t="Cl" l="CL"/>
		<a id="7" s="N" t="N.ar" l="N"/>
		<a id="8" s="C" t="C.ar" l="C"/>
		<a id="9" s="C" t="C.ar" l="C"/>
		<a id="10" s="C" t="C.ar" l="C"/>
		<a id="11" s="N" t="N.ar" l="N"/>
		<a id="12" s="C" t="C.ar" l="C"/>
		<a id="13" s="N" t="N.ar" l="N"/>
		<a id="14" s="C" t="C.ar" l="C"/>
		<a id="15" s="C" t="C.ar" l="C"/>
		<a id="16" s="C" t="C.ar" l="C"/>
		<a id="17" s="N" t="N.ar" l="N"/>
		<a id="18" s="H" t="H" l="H"/>
		<a id="19" s="H" t="H" l="H"/>
		<a id="20" s="H" t="H" l="H"/>
		<a id="21" s="H" t="H" l="H"/>
		<a id="22" s="H" t="H" l="H"/>
	</atoms>
	<bonds>
		<b id="1" c="1 2" t="1"/>
		<b id="2" c="2 3" t="ar"/>
		<b id="3" c="3 4" t="ar"/>
		<b id="4" c="4 5" t="ar"/>
		<b id="5" c="5 6" t="1"/>
		<b id="6" c="5 7" t="ar"/>
		<b id="7" c="7 8" t="ar"/>
		<b id="8" c="2 8" t="ar"/>
		<b id="9" c="8 9" t="1"/>
		<b id="10" c="9 10" t="ar"/>
		<b id="11" c="10 11" t="ar"/>
		<b id="12" c="11 12" t="ar"/>
		<b id="13" c="12 13" t="ar"/>
		<b id="14" c="13 14" t="ar"/>
		<b id="15" c="14 15" t="ar"/>
		<b id="16" c="15 16" t="ar"/>
		<b id="17" c="16 17" t="ar"/>
		<b id="18" c="9 17" t="ar"/>
		<b id="19" c="12 17" t="ar"/>
		<b id="20" c="3 18" t="1"/>
		<b id="21" c="10 19" t="1"/>
		<b id="22" c="14 20" t="1"/>
		<b id="23" c="15 21" t="1"/>
		<b id="24" c="16 22" t="1"/>
	</bonds>
	<geometry>
		<g u="A" t="cart/3d">#22,3:3.8334,0.3463,2.2860;3.7457,0.4267,0.9488;4.8079,0.0182,0.1687;4.7628,0.0816,-1.1559;3.6487,0.5589,-1.6720;3.5716,0.6470,-3.3712;2.5834,0.9779,-1.0247;2.5897,0.9265,0.3142;1.4313,1.3798,1.0195;1.1485,1.4008,2.3907;-0.0548,1.9013,2.6433;-0.5837,2.2174,1.4718;-1.7678,2.7489,1.2404;-2.1008,2.9889,-0.0012;-1.2600,2.7074,-1.0941;-0.0319,2.1538,-0.8536;0.3117,1.9060,0.4237;5.7170,-0.3675,0.6076;1.7759,1.0686,3.1942;-3.0787,3.4249,-0.1499;-1.5727,2.9216,-2.1018;0.6857,1.8970,-1.6184;</g>
	</geometry>
	<conformers/>
	<properties/>
</molecule>
