<?xml version="1.0" ?>
<!--MOLLI PACKAGE EXPERIMENTAL XML FORMAT-->
<molecule name="el2209">
	<atoms>
		<a id="1" s="Cl" t="Cl" l="CL"/>
		<a id="2" s="C" t="C.ar" l="C"/>
		<a id="3" s="N" t="N.ar" l="N"/>
		<a id="4" s="C" t="C.ar" l="C"/>
		<a id="5" s="C" t="C.ar" l="C"/>
		<a id="6" s="C" t="C.ar" l="C"/>
		<a id="7" s="C" t="C.ar" l="C"/>
		<a id="8" s="C" t="C.ar" l="C"/>
		<a id="9" s="N" t="N.ar" l="N"/>
		<a id="10" s="C" t="C.ar" l="C"/>
		<a id="11" s="N" t="N.ar" l="N"/>
		<a id="12" s="C" t="C.ar" l="C"/>
		<a id="13" s="C" t="C.ar" l="C"/>
		<a id="14" s="C" t="C.ar" l="C"/>
		<a id="15" s="N" t="N.ar" l="N"/>
		<a id="16" s="N" t="N.ar" l="N"/>
		<a id="17" s="H" t="H" l="H"/>
		<a id="18" s="H" t="H" l="H"/>
		<a id="19" s="H" t="H" l="H"/>
		<a id="20" s="H" t="H" l="H"/>
		<a id="21" s="H" t="H" l="H"/>
		<a id="22" s="H" t="H" l="H"/>
	</atoms>
	<bonds>
		<b id="1" c="1 2" t="1"/>
		<b id="2" c="2 3" t="ar"/>
		<b id="3" c="3 4" t="ar"/>
		<b id="4" c="4 5" t="ar"/>
		<b id="5" c="5 6" t="ar"/>
		<b id="6" c="6 7" t="1"/>
		<b id="7" c="7 8" t="ar"/>
		<b id="8" c="8 9" t="ar"/>
		<b id="9" c="9 10" t="ar"/>
		<b id="10" c="10 11" t="ar"/>
		<b id="11" c="11 12" t="ar"/>
		<b id="12" c="12 13" t="ar"/>
		<b id="13" c="13 14" t="ar"/>
		<b id="14" c="14 15" t="ar"/>
		<b id="15" c="7 15" t="ar"/>
		<b id="16" c="10 15" t="ar"/>
		<b id="17" c="6 16" t="ar"/>
		<b id="18" c="2 16" t="ar"/>
		<b id="19" c="4 17" t="1"/>
		<b id="20" c="5 18" t="1"/>
		<b id="21" c="8 19" t="1"/>
		<b id="22" c="12 20" t="1"/>
		<b id="23" c="13 21" t="1"/>
		<b id="24" c="14 22" t="1"/>
	</bonds>
	<geometry>
		<g u="A" t="cart/3d">#22,3:1.3079,1.5607,2.6562;1.1649,0.6611,1.2108;0.3889,1.1681,0.2774;0.2915,0.4562,-0.8407;0.9561,-0.7388,-1.0221;1.7563,-1.1878,0.0421;2.4942,-2.4156,-0.0248;2.5851,-3.3547,-1.0544;3.3782,-4.3742,-0.7365;3.8188,-4.1337,0.4873;4.6339,-4.8760,1.2113;4.9472,-4.4535,2.4082;4.4590,-3.2521,2.9568;3.6139,-2.4824,2.2057;3.2902,-2.9158,0.9730;1.8472,-0.4613,1.1643;-0.3484,0.8785,-1.6031;0.8671,-1.3026,-1.9337;2.1045,-3.3269,-2.0129;5.6172,-5.0884,2.9707;4.7433,-2.9422,3.9479;3.1831,-1.5463,2.5285;</g>
	</geometry>
	<conformers/>
	<properties/>
</molecule>
