<?xml version="1.0" ?>
<!--MOLLI PACKAGE EXPERIMENTAL XML FORMAT-->
<molecule name="el2215">
	<atoms>
		<a id="1" s="Cl" t="Cl" l="CL"/>
		<a id="2" s="C" t="C.ar" l="C"/>
		<a id="3" s="N" t="N.ar" l="N"/>
		<a id="4" s="C" t="C.ar" l="C"/>
		<a id="5" s="C" t="C.ar" l="C"/>
		<a id="6" s="C" t="C.ar" l="C"/>
		<a id="7" s="N" t="N.ar" l="N"/>
		<a id="8" s="C" t="C.ar" l="C"/>
		<a id="9" s="C" t="C.ar" l="C"/>
		<a id="10" s="N" t="N.ar" l="N"/>
		<a id="11" s="N" t="N.ar" l="N"/>
		<a id="12" s="C" t="C.ar" l="C"/>
		<a id="13" s="C" t="C.ar" l="C"/>
		<a id="14" s="C" t="C.ar" l="C"/>
		<a id="15" s="C" t="C.ar" l="C"/>
		<a id="16" s="C" t="C.ar" l="C"/>
		<a id="17" s="C" t="C.ar" l="C"/>
		<a id="18" s="H" t="H" l="H"/>
		<a id="19" s="H" t="H" l="H"/>
		<a id="20" s="H" t="H" l="H"/>
		<a id="21" s="H" t="H" l="H"/>
		<a id="22" s="H" t="H" l="H"/>
		<a id="23" s="H" t="H" l="H"/>
		<a id="24" s="H" t="H" l="H"/>
	</atoms>
	<bonds>
		<b id="1" c="1 2" t="1"/>
		<b id="2" c="2 3" t="ar"/>
		<b id="3" c="3 4" t="ar"/>
		<b id="4" c="4 5" t="1"/>
		<b id="5" c="5 6" t="ar"/>
		<b id="6" c="6 7" t="ar"/>
		<b id="7" c="7 8" t="ar"/>
		<b id="8" c="8 9" t="ar"/>
		<b id="9" c="9 10" t="ar"/>
		<b id="10" c="5 10" t="ar"/>
		<b id="11" c="4 11" t="ar"/>
		<b id="12" c="11 12" t="ar"/>
		<b id="13" c="12 13" t="ar"/>
		<b id="14" c="13 14" t="ar"/>
		<b id="15" c="14 15" t="ar"/>
		<b id="16" c="15 16" t="ar"/>
		<b id="17" c="16 17" t="ar"/>
		<b id="18" c="2 17" t="ar"/>
		<b id="19" c="12 17" t="ar"/>
		<b id="20" c="6 18" t="1"/>
		<b id="21" c="8 19" t="1"/>
		<b id="22" c="9 20" t="1"/>
		<b id="23" c="13 21" t="1"/>
		<b id="24" c="14 22" t="1"/>
		<b id="25" c="15 23" t="1"/>
		<b id="26" c="16 24" t="1"/>
	</bonds>
	<geometry>
		<g u="A" t="cart/3d">#24,3:1.1904,-0.2173,0.0854;2.9059,-0.1215,0.0306;3.5444,-1.2497,-0.0002;4.8985,-1.2048,-0.0404;5.5787,-2.5041,-0.0783;4.8554,-3.6976,-0.1812;5.4576,-4.8725,-0.2170;6.7811,-4.8765,-0.1539;7.5050,-3.6928,-0.0558;6.9088,-2.5165,-0.0169;5.6132,-0.1145,-0.0536;4.9713,1.0663,-0.0252;5.7148,2.2630,-0.0415;5.0676,3.4681,-0.0144;3.6655,3.5344,0.0301;2.9116,2.3917,0.0478;3.5481,1.1403,0.0202;3.7768,-3.6928,-0.2344;7.2599,-5.8456,-0.1830;8.5852,-3.6824,-0.0051;6.7894,2.1872,-0.0756;5.6354,4.3866,-0.0274;3.1830,4.5001,0.0502;1.8335,2.4302,0.0819;</g>
	</geometry>
	<conformers/>
	<properties/>
</molecule>
