<?xml version="1.0" ?>
<!--MOLLI PACKAGE EXPERIMENTAL XML FORMAT-->
<molecule name="el1842">
	<atoms>
		<a id="1" s="O" t="O.2" l="O"/>
		<a id="2" s="C" t="C.2" l="C"/>
		<a id="3" s="O" t="O.3" l="O"/>
		<a id="4" s="C" t="C.ar" l="C"/>
		<a id="5" s="C" t="C.ar" l="C"/>
		<a id="6" s="C" t="C.ar" l="C"/>
		<a id="7" s="C" t="C.ar" l="C"/>
		<a id="8" s="C" t="C.ar" l="C"/>
		<a id="9" s="C" t="C.ar" l="C"/>
		<a id="10" s="C" t="C.ar" l="C"/>
		<a id="11" s="N" t="N.ar" l="N"/>
		<a id="12" s="C" t="C.ar" l="C"/>
		<a id="13" s="Cl" t="Cl" l="CL"/>
		<a id="14" s="N" t="N.ar" l="N"/>
		<a id="15" s="C" t="C.ar" l="C"/>
		<a id="16" s="C" t="C.ar" l="C"/>
		<a id="17" s="H" t="H" l="H"/>
		<a id="18" s="H" t="H" l="H"/>
		<a id="19" s="H" t="H" l="H"/>
		<a id="20" s="H" t="H" l="H"/>
		<a id="21" s="H" t="H" l="H"/>
		<a id="22" s="H" t="H" l="H"/>
		<a id="23" s="H" t="H" l="H"/>
	</atoms>
	<bonds>
		<b id="1" c="1 2" t="2"/>
		<b id="2" c="2 3" t="1"/>
		<b id="3" c="2 4" t="1"/>
		<b id="4" c="4 5" t="ar"/>
		<b id="5" c="5 6" t="ar"/>
		<b id="6" c="6 7" t="ar"/>
		<b id="7" c="7 8" t="1"/>
		<b id="8" c="8 9" t="ar"/>
		<b id="9" c="9 10" t="ar"/>
		<b id="10" c="10 11" t="ar"/>
		<b id="11" c="11 12" t="ar"/>
		<b id="12" c="12 13" t="1"/>
		<b id="13" c="12 14" t="ar"/>
		<b id="14" c="8 14" t="ar"/>
		<b id="15" c="7 15" t="ar"/>
		<b id="16" c="15 16" t="ar"/>
		<b id="17" c="4 16" t="ar"/>
		<b id="18" c="3 17" t="1"/>
		<b id="19" c="5 18" t="1"/>
		<b id="20" c="6 19" t="1"/>
		<b id="21" c="9 20" t="1"/>
		<b id="22" c="10 21" t="1"/>
		<b id="23" c="15 22" t="1"/>
		<b id="24" c="16 23" t="1"/>
	</bonds>
	<geometry>
		<g u="A" t="cart/3d">#23,3:1.2397,-0.2465,0.3705;2.3749,-0.0042,0.0669;3.0208,-0.7617,-0.8357;3.1459,1.1250,0.6700;2.6912,1.6345,1.8850;3.3534,2.6736,2.5049;4.4836,3.2373,1.9124;5.2199,4.3434,2.5328;5.1454,4.6597,3.8931;5.8958,5.7409,4.3249;6.6599,6.4490,3.5084;6.6747,6.0559,2.2486;7.6709,6.9416,1.1865;6.0055,5.0555,1.7220;4.9182,2.7486,0.6795;4.2625,1.7010,0.0656;3.9399,-0.4917,-0.9629;1.8096,1.1948,2.3262;2.9742,3.0607,3.4378;4.5499,4.0874,4.5833;5.8959,6.0618,5.3579;5.7770,3.2097,0.2180;4.6128,1.3671,-0.9025;</g>
	</geometry>
	<conformers/>
	<properties/>
</molecule>
