<?xml version="1.0" ?>
<!--MOLLI PACKAGE EXPERIMENTAL XML FORMAT-->
<molecule name="el2221">
	<atoms>
		<a id="1" s="C" t="C.3" l="C"/>
		<a id="2" s="N" t="N.3" l="N"/>
		<a id="3" s="C" t="C.3" l="C"/>
		<a id="4" s="C" t="C.3" l="C"/>
		<a id="5" s="N" t="N.pl3" l="N"/>
		<a id="6" s="C" t="C.ar" l="C"/>
		<a id="7" s="N" t="N.ar" l="N"/>
		<a id="8" s="C" t="C.ar" l="C"/>
		<a id="9" s="Cl" t="Cl" l="CL"/>
		<a id="10" s="C" t="C.ar" l="C"/>
		<a id="11" s="C" t="C.ar" l="C"/>
		<a id="12" s="C" t="C.ar" l="C"/>
		<a id="13" s="C" t="C.ar" l="C"/>
		<a id="14" s="C" t="C.ar" l="C"/>
		<a id="15" s="C" t="C.ar" l="C"/>
		<a id="16" s="C" t="C.ar" l="C"/>
		<a id="17" s="C" t="C.ar" l="C"/>
		<a id="18" s="F" t="F" l="F"/>
		<a id="19" s="C" t="C.ar" l="C"/>
		<a id="20" s="N" t="N.ar" l="N"/>
		<a id="21" s="N" t="N.ar" l="N"/>
		<a id="22" s="C" t="C.3" l="C"/>
		<a id="23" s="C" t="C.ar" l="C"/>
		<a id="24" s="C" t="C.3" l="C"/>
		<a id="25" s="C" t="C.3" l="C"/>
		<a id="26" s="H" t="H" l="H"/>
		<a id="27" s="H" t="H" l="H"/>
		<a id="28" s="H" t="H" l="H"/>
		<a id="29" s="H" t="H" l="H"/>
		<a id="30" s="H" t="H" l="H"/>
		<a id="31" s="H" t="H" l="H"/>
		<a id="32" s="H" t="H" l="H"/>
		<a id="33" s="H" t="H" l="H"/>
		<a id="34" s="H" t="H" l="H"/>
		<a id="35" s="H" t="H" l="H"/>
		<a id="36" s="H" t="H" l="H"/>
		<a id="37" s="H" t="H" l="H"/>
		<a id="38" s="H" t="H" l="H"/>
		<a id="39" s="H" t="H" l="H"/>
		<a id="40" s="H" t="H" l="H"/>
		<a id="41" s="H" t="H" l="H"/>
		<a id="42" s="H" t="H" l="H"/>
		<a id="43" s="H" t="H" l="H"/>
		<a id="44" s="H" t="H" l="H"/>
	</atoms>
	<bonds>
		<b id="1" c="1 2" t="1"/>
		<b id="2" c="2 3" t="1"/>
		<b id="3" c="3 4" t="1"/>
		<b id="4" c="4 5" t="1"/>
		<b id="5" c="5 6" t="1"/>
		<b id="6" c="6 7" t="ar"/>
		<b id="7" c="7 8" t="ar"/>
		<b id="8" c="8 9" t="1"/>
		<b id="9" c="8 10" t="ar"/>
		<b id="10" c="10 11" t="ar"/>
		<b id="11" c="11 12" t="ar"/>
		<b id="12" c="12 13" t="1"/>
		<b id="13" c="13 14" t="ar"/>
		<b id="14" c="14 15" t="ar"/>
		<b id="15" c="15 16" t="ar"/>
		<b id="16" c="16 17" t="ar"/>
		<b id="17" c="17 18" t="1"/>
		<b id="18" c="17 19" t="ar"/>
		<b id="19" c="13 19" t="ar"/>
		<b id="20" c="12 20" t="ar"/>
		<b id="21" c="20 21" t="ar"/>
		<b id="22" c="21 22" t="1"/>
		<b id="23" c="21 23" t="ar"/>
		<b id="24" c="6 23" t="ar"/>
		<b id="25" c="11 23" t="ar"/>
		<b id="26" c="5 24" t="1"/>
		<b id="27" c="24 25" t="1"/>
		<b id="28" c="2 25" t="1"/>
		<b id="29" c="1 26" t="1"/>
		<b id="30" c="1 27" t="1"/>
		<b id="31" c="1 28" t="1"/>
		<b id="32" c="3 29" t="1"/>
		<b id="33" c="3 30" t="1"/>
		<b id="34" c="4 31" t="1"/>
		<b id="35" c="4 32" t="1"/>
		<b id="36" c="10 33" t="1"/>
		<b id="37" c="14 34" t="1"/>
		<b id="38" c="15 35" t="1"/>
		<b id="39" c="16 36" t="1"/>
		<b id="40" c="19 37" t="1"/>
		<b id="41" c="22 38" t="1"/>
		<b id="42" c="22 39" t="1"/>
		<b id="43" c="22 40" t="1"/>
		<b id="44" c="24 41" t="1"/>
		<b id="45" c="24 42" t="1"/>
		<b id="46" c="25 43" t="1"/>
		<b id="47" c="25 44" t="1"/>
	</bonds>
	<geometry>
		<g u="A" t="cart/3d">#44,3:1.7869,1.0115,1.2062;0.7776,0.5555,0.2764;0.1610,-0.6867,0.7124;-0.8093,-1.1735,-0.3620;-1.8222,-0.1840,-0.6879;-2.9332,-0.1374,0.1314;-2.9000,-0.7855,1.2800;-3.9429,-0.7771,2.1026;-3.7230,-1.7055,3.5431;-5.1138,-0.0903,1.9020;-5.2118,0.5701,0.6684;-6.2511,1.2327,-0.0508;-7.5930,1.5814,0.3839;-8.6209,1.6723,-0.5557;-9.9059,1.9930,-0.1645;-10.1957,2.2338,1.1689;-9.1649,2.1562,2.0872;-9.4293,2.4061,3.3887;-7.8717,1.8375,1.7243;-5.8406,1.4839,-1.2813;-4.5848,1.0690,-1.4087;-3.9732,1.1133,-2.7069;-4.1333,0.5066,-0.2509;-1.2037,1.0824,-1.0449;-0.2488,1.5542,0.0561;2.5495,0.2408,1.3052;1.3784,1.2319,2.2047;2.2520,1.9144,0.8124;-0.3875,-0.5614,1.6603;0.9447,-1.4330,0.8568;-1.3101,-2.0806,-0.0263;-0.2557,-1.3742,-1.2839;-5.9121,-0.1092,2.6222;-8.3887,1.4846,-1.5918;-10.6938,2.0550,-0.8999;-11.1920,2.4825,1.4980;-7.0979,1.8180,2.4741;-4.7567,0.9689,-3.4504;-3.2318,0.3216,-2.7895;-3.5014,2.0815,-2.8924;-1.9687,1.8420,-1.1985;-0.6400,0.9340,-1.9701;-0.8316,1.7514,0.9764;0.2282,2.4862,-0.2566;</g>
	</geometry>
	<conformers/>
	<properties/>
</molecule>
