<?xml version="1.0" ?>
<!--MOLLI PACKAGE EXPERIMENTAL XML FORMAT-->
<molecule name="el2222">
	<atoms>
		<a id="1" s="C" t="C.3" l="C"/>
		<a id="2" s="N" t="N.ar" l="N"/>
		<a id="3" s="N" t="N.ar" l="N"/>
		<a id="4" s="C" t="C.ar" l="C"/>
		<a id="5" s="C" t="C.ar" l="C"/>
		<a id="6" s="C" t="C.ar" l="C"/>
		<a id="7" s="C" t="C.ar" l="C"/>
		<a id="8" s="C" t="C.ar" l="C"/>
		<a id="9" s="C" t="C.ar" l="C"/>
		<a id="10" s="C" t="C.ar" l="C"/>
		<a id="11" s="C" t="C.ar" l="C"/>
		<a id="12" s="C" t="C.ar" l="C"/>
		<a id="13" s="C" t="C.ar" l="C"/>
		<a id="14" s="Cl" t="Cl" l="CL"/>
		<a id="15" s="N" t="N.ar" l="N"/>
		<a id="16" s="C" t="C.ar" l="C"/>
		<a id="17" s="O" t="O.3" l="O"/>
		<a id="18" s="C" t="C.ar" l="C"/>
		<a id="19" s="C" t="C.ar" l="C"/>
		<a id="20" s="C" t="C.ar" l="C"/>
		<a id="21" s="C" t="C.ar" l="C"/>
		<a id="22" s="C" t="C.ar" l="C"/>
		<a id="23" s="C" t="C.3" l="C"/>
		<a id="24" s="F" t="F" l="F"/>
		<a id="25" s="F" t="F" l="F"/>
		<a id="26" s="F" t="F" l="F"/>
		<a id="27" s="C" t="C.ar" l="C"/>
		<a id="28" s="C" t="C.ar" l="C"/>
		<a id="29" s="H" t="H" l="H"/>
		<a id="30" s="H" t="H" l="H"/>
		<a id="31" s="H" t="H" l="H"/>
		<a id="32" s="H" t="H" l="H"/>
		<a id="33" s="H" t="H" l="H"/>
		<a id="34" s="H" t="H" l="H"/>
		<a id="35" s="H" t="H" l="H"/>
		<a id="36" s="H" t="H" l="H"/>
		<a id="37" s="H" t="H" l="H"/>
		<a id="38" s="H" t="H" l="H"/>
		<a id="39" s="H" t="H" l="H"/>
		<a id="40" s="H" t="H" l="H"/>
		<a id="41" s="H" t="H" l="H"/>
	</atoms>
	<bonds>
		<b id="1" c="1 2" t="1"/>
		<b id="2" c="2 3" t="ar"/>
		<b id="3" c="3 4" t="ar"/>
		<b id="4" c="4 5" t="1"/>
		<b id="5" c="5 6" t="ar"/>
		<b id="6" c="6 7" t="ar"/>
		<b id="7" c="7 8" t="ar"/>
		<b id="8" c="8 9" t="ar"/>
		<b id="9" c="9 10" t="ar"/>
		<b id="10" c="5 10" t="ar"/>
		<b id="11" c="4 11" t="ar"/>
		<b id="12" c="11 12" t="ar"/>
		<b id="13" c="12 13" t="ar"/>
		<b id="14" c="13 14" t="1"/>
		<b id="15" c="13 15" t="ar"/>
		<b id="16" c="15 16" t="ar"/>
		<b id="17" c="16 17" t="1"/>
		<b id="18" c="17 18" t="1"/>
		<b id="19" c="18 19" t="ar"/>
		<b id="20" c="19 20" t="ar"/>
		<b id="21" c="20 21" t="ar"/>
		<b id="22" c="21 22" t="ar"/>
		<b id="23" c="22 23" t="1"/>
		<b id="24" c="23 24" t="1"/>
		<b id="25" c="23 25" t="1"/>
		<b id="26" c="23 26" t="1"/>
		<b id="27" c="22 27" t="ar"/>
		<b id="28" c="18 27" t="ar"/>
		<b id="29" c="16 28" t="ar"/>
		<b id="30" c="11 28" t="ar"/>
		<b id="31" c="2 28" t="ar"/>
		<b id="32" c="1 29" t="1"/>
		<b id="33" c="1 30" t="1"/>
		<b id="34" c="1 31" t="1"/>
		<b id="35" c="6 32" t="1"/>
		<b id="36" c="7 33" t="1"/>
		<b id="37" c="8 34" t="1"/>
		<b id="38" c="9 35" t="1"/>
		<b id="39" c="10 36" t="1"/>
		<b id="40" c="12 37" t="1"/>
		<b id="41" c="19 38" t="1"/>
		<b id="42" c="20 39" t="1"/>
		<b id="43" c="21 40" t="1"/>
		<b id="44" c="27 41" t="1"/>
	</bonds>
	<geometry>
		<g u="A" t="cart/3d">#41,3:1.2168,0.2631,0.1426;2.6492,0.2420,0.1837;3.3174,-0.8930,0.0207;4.6131,-0.6471,0.1116;5.5951,-1.7101,-0.0292;5.2772,-2.8408,-0.7815;6.1973,-3.8588,-0.9354;7.4455,-3.7655,-0.3406;7.7625,-2.6541,0.4223;6.8449,-1.6324,0.5816;4.8153,0.7491,0.3384;5.9043,1.6225,0.4677;5.5870,2.9442,0.6586;6.8343,4.1190,0.8409;4.3516,3.4461,0.7221;3.3146,2.6601,0.5818;2.0497,3.1303,0.5792;1.7147,4.4296,0.8613;2.4673,5.3045,1.6363;1.9853,6.5757,1.8951;0.7632,6.9925,1.3980;0.0144,6.1086,0.6334;-1.3068,6.5244,0.0510;-1.8236,7.6136,0.6342;-1.2117,6.8093,-1.2631;-2.2381,5.5597,0.1512;0.4799,4.8330,0.3599;3.5004,1.2802,0.3793;0.8782,-0.7625,0.0118;0.8664,0.8750,-0.6902;0.8131,0.6696,1.0709;4.3025,-2.9001,-1.2403;5.9434,-4.7287,-1.5232;8.1669,-4.5593,-0.4659;8.7291,-2.5846,0.8996;7.0885,-0.7855,1.2043;6.9271,1.2958,0.4057;3.4236,4.9955,2.0224;2.5741,7.2504,2.4965;0.3910,7.9839,1.6018;-0.1040,4.1464,-0.2329;</g>
	</geometry>
	<conformers/>
	<properties/>
</molecule>
