<?xml version="1.0" ?>
<!--MOLLI PACKAGE EXPERIMENTAL XML FORMAT-->
<molecule name="el2223">
	<atoms>
		<a id="1" s="C" t="C.3" l="C"/>
		<a id="2" s="N" t="N.ar" l="N"/>
		<a id="3" s="N" t="N.ar" l="N"/>
		<a id="4" s="C" t="C.ar" l="C"/>
		<a id="5" s="C" t="C.ar" l="C"/>
		<a id="6" s="C" t="C.ar" l="C"/>
		<a id="7" s="C" t="C.ar" l="C"/>
		<a id="8" s="C" t="C.ar" l="C"/>
		<a id="9" s="C" t="C.ar" l="C"/>
		<a id="10" s="F" t="F" l="F"/>
		<a id="11" s="C" t="C.ar" l="C"/>
		<a id="12" s="C" t="C.ar" l="C"/>
		<a id="13" s="C" t="C.ar" l="C"/>
		<a id="14" s="C" t="C.ar" l="C"/>
		<a id="15" s="Cl" t="Cl" l="CL"/>
		<a id="16" s="N" t="N.ar" l="N"/>
		<a id="17" s="C" t="C.ar" l="C"/>
		<a id="18" s="O" t="O.3" l="O"/>
		<a id="19" s="C" t="C.ar" l="C"/>
		<a id="20" s="C" t="C.ar" l="C"/>
		<a id="21" s="C" t="C.ar" l="C"/>
		<a id="22" s="C" t="C.ar" l="C"/>
		<a id="23" s="C" t="C.ar" l="C"/>
		<a id="24" s="C" t="C.3" l="C"/>
		<a id="25" s="F" t="F" l="F"/>
		<a id="26" s="F" t="F" l="F"/>
		<a id="27" s="F" t="F" l="F"/>
		<a id="28" s="C" t="C.ar" l="C"/>
		<a id="29" s="C" t="C.ar" l="C"/>
		<a id="30" s="H" t="H" l="H"/>
		<a id="31" s="H" t="H" l="H"/>
		<a id="32" s="H" t="H" l="H"/>
		<a id="33" s="H" t="H" l="H"/>
		<a id="34" s="H" t="H" l="H"/>
		<a id="35" s="H" t="H" l="H"/>
		<a id="36" s="H" t="H" l="H"/>
		<a id="37" s="H" t="H" l="H"/>
		<a id="38" s="H" t="H" l="H"/>
		<a id="39" s="H" t="H" l="H"/>
		<a id="40" s="H" t="H" l="H"/>
		<a id="41" s="H" t="H" l="H"/>
	</atoms>
	<bonds>
		<b id="1" c="1 2" t="1"/>
		<b id="2" c="2 3" t="ar"/>
		<b id="3" c="3 4" t="ar"/>
		<b id="4" c="4 5" t="1"/>
		<b id="5" c="5 6" t="ar"/>
		<b id="6" c="6 7" t="ar"/>
		<b id="7" c="7 8" t="ar"/>
		<b id="8" c="8 9" t="ar"/>
		<b id="9" c="9 10" t="1"/>
		<b id="10" c="9 11" t="ar"/>
		<b id="11" c="5 11" t="ar"/>
		<b id="12" c="4 12" t="ar"/>
		<b id="13" c="12 13" t="ar"/>
		<b id="14" c="13 14" t="ar"/>
		<b id="15" c="14 15" t="1"/>
		<b id="16" c="14 16" t="ar"/>
		<b id="17" c="16 17" t="ar"/>
		<b id="18" c="17 18" t="1"/>
		<b id="19" c="18 19" t="1"/>
		<b id="20" c="19 20" t="ar"/>
		<b id="21" c="20 21" t="ar"/>
		<b id="22" c="21 22" t="ar"/>
		<b id="23" c="22 23" t="ar"/>
		<b id="24" c="23 24" t="1"/>
		<b id="25" c="24 25" t="1"/>
		<b id="26" c="24 26" t="1"/>
		<b id="27" c="24 27" t="1"/>
		<b id="28" c="23 28" t="ar"/>
		<b id="29" c="19 28" t="ar"/>
		<b id="30" c="17 29" t="ar"/>
		<b id="31" c="12 29" t="ar"/>
		<b id="32" c="2 29" t="ar"/>
		<b id="33" c="1 30" t="1"/>
		<b id="34" c="1 31" t="1"/>
		<b id="35" c="1 32" t="1"/>
		<b id="36" c="6 33" t="1"/>
		<b id="37" c="7 34" t="1"/>
		<b id="38" c="8 35" t="1"/>
		<b id="39" c="11 36" t="1"/>
		<b id="40" c="13 37" t="1"/>
		<b id="41" c="20 38" t="1"/>
		<b id="42" c="21 39" t="1"/>
		<b id="43" c="22 40" t="1"/>
		<b id="44" c="28 41" t="1"/>
	</bonds>
	<geometry>
		<g u="A" t="cart/3d">#41,3:1.1069,0.1587,0.2312;2.5394,0.1363,0.2710;3.2060,-0.9940,0.0892;4.5027,-0.7492,0.1824;5.4807,-1.8128,0.0247;5.1487,-2.9478,-0.7168;6.0625,-3.9692,-0.8873;7.3251,-3.8850,-0.3231;7.6357,-2.7624,0.4221;8.8562,-2.6727,0.9927;6.7414,-1.7275,0.6103;4.7058,0.6431,0.4299;5.7946,1.5155,0.5688;5.4769,2.8347,0.7782;6.7227,4.0078,0.9708;4.2409,3.3335,0.8526;3.2038,2.5494,0.7051;1.9399,3.0191,0.7156;1.6118,4.3187,1.0109;2.3635,5.1750,1.8070;1.8914,6.4477,2.0766;0.6798,6.8833,1.5699;-0.0688,6.0170,0.7854;-1.3796,6.4521,0.1932;-1.8832,7.5505,0.7700;-1.2711,6.7310,-1.1209;-2.3259,5.5016,0.2902;0.3872,4.7403,0.5007;3.3907,1.1724,0.4812;0.7672,-0.8644,0.0854;0.7569,0.7834,-0.5922;0.7045,0.5521,1.1655;4.1648,-3.0077,-1.1536;5.7953,-4.8402,-1.4660;8.0561,-4.6680,-0.4463;7.0219,-0.8902,1.2275;6.8182,1.1935,0.4994;3.3113,4.8513,2.2015;2.4795,7.1084,2.6939;0.3155,7.8759,1.7819;-0.1966,4.0677,-0.1081;</g>
	</geometry>
	<conformers/>
	<properties/>
</molecule>
