<?xml version="1.0" ?>
<!--MOLLI PACKAGE EXPERIMENTAL XML FORMAT-->
<molecule name="el1843">
	<atoms>
		<a id="1" s="N" t="N.am" l="N"/>
		<a id="2" s="C" t="C.2" l="C"/>
		<a id="3" s="O" t="O.2" l="O"/>
		<a id="4" s="C" t="C.ar" l="C"/>
		<a id="5" s="C" t="C.ar" l="C"/>
		<a id="6" s="C" t="C.ar" l="C"/>
		<a id="7" s="C" t="C.ar" l="C"/>
		<a id="8" s="C" t="C.ar" l="C"/>
		<a id="9" s="C" t="C.ar" l="C"/>
		<a id="10" s="C" t="C.ar" l="C"/>
		<a id="11" s="N" t="N.ar" l="N"/>
		<a id="12" s="C" t="C.ar" l="C"/>
		<a id="13" s="Cl" t="Cl" l="CL"/>
		<a id="14" s="N" t="N.ar" l="N"/>
		<a id="15" s="C" t="C.ar" l="C"/>
		<a id="16" s="C" t="C.ar" l="C"/>
		<a id="17" s="H" t="H" l="H"/>
		<a id="18" s="H" t="H" l="H"/>
		<a id="19" s="H" t="H" l="H"/>
		<a id="20" s="H" t="H" l="H"/>
		<a id="21" s="H" t="H" l="H"/>
		<a id="22" s="H" t="H" l="H"/>
		<a id="23" s="H" t="H" l="H"/>
		<a id="24" s="H" t="H" l="H"/>
	</atoms>
	<bonds>
		<b id="1" c="1 2" t="am"/>
		<b id="2" c="2 3" t="2"/>
		<b id="3" c="2 4" t="1"/>
		<b id="4" c="4 5" t="ar"/>
		<b id="5" c="5 6" t="ar"/>
		<b id="6" c="6 7" t="ar"/>
		<b id="7" c="7 8" t="1"/>
		<b id="8" c="8 9" t="ar"/>
		<b id="9" c="9 10" t="ar"/>
		<b id="10" c="10 11" t="ar"/>
		<b id="11" c="11 12" t="ar"/>
		<b id="12" c="12 13" t="1"/>
		<b id="13" c="12 14" t="ar"/>
		<b id="14" c="8 14" t="ar"/>
		<b id="15" c="7 15" t="ar"/>
		<b id="16" c="15 16" t="ar"/>
		<b id="17" c="4 16" t="ar"/>
		<b id="18" c="1 17" t="1"/>
		<b id="19" c="1 18" t="1"/>
		<b id="20" c="5 19" t="1"/>
		<b id="21" c="6 20" t="1"/>
		<b id="22" c="9 21" t="1"/>
		<b id="23" c="10 22" t="1"/>
		<b id="24" c="15 23" t="1"/>
		<b id="25" c="16 24" t="1"/>
	</bonds>
	<geometry>
		<g u="A" t="cart/3d">#24,3:1.1267,0.0754,-0.3131;2.4490,0.0494,-0.0157;2.9660,0.8833,0.6966;3.2217,-1.0747,-0.6264;2.8764,-1.6622,-1.8408;3.6426,-2.6870,-2.3576;4.7739,-3.1410,-1.6788;5.5613,-4.2306,-2.2609;6.9182,-4.4340,-1.9872;7.5291,-5.5050,-2.6162;6.8776,-6.3130,-3.4390;5.6049,-6.0272,-3.6361;4.7529,-7.0530,-4.7000;4.9190,-5.0415,-3.1044;5.1225,-2.5467,-0.4664;4.3541,-1.5230,0.0486;0.5629,0.7963,0.1060;0.6690,-0.6686,-0.8069;2.0251,-1.3046,-2.4017;3.3850,-3.1507,-3.2969;7.4725,-3.7795,-1.3368;8.5757,-5.7361,-2.4692;5.9806,-2.8975,0.0863;4.6153,-1.0506,0.9835;</g>
	</geometry>
	<conformers/>
	<properties/>
</molecule>
