<?xml version="1.0" ?>
<!--MOLLI PACKAGE EXPERIMENTAL XML FORMAT-->
<molecule name="el2234">
	<atoms>
		<a id="1" s="C" t="C.3" l="C"/>
		<a id="2" s="C" t="C.ar" l="C"/>
		<a id="3" s="C" t="C.ar" l="C"/>
		<a id="4" s="C" t="C.ar" l="C"/>
		<a id="5" s="C" t="C.ar" l="C"/>
		<a id="6" s="S" t="S.O2" l="S"/>
		<a id="7" s="O" t="O.2" l="O"/>
		<a id="8" s="O" t="O.2" l="O"/>
		<a id="9" s="N" t="N.ar" l="N"/>
		<a id="10" s="C" t="C.ar" l="C"/>
		<a id="11" s="C" t="C.ar" l="C"/>
		<a id="12" s="C" t="C.ar" l="C"/>
		<a id="13" s="C" t="C.ar" l="C"/>
		<a id="14" s="N" t="N.pl3" l="N"/>
		<a id="15" s="C" t="C.3" l="C"/>
		<a id="16" s="C" t="C.3" l="C"/>
		<a id="17" s="O" t="O.3" l="O"/>
		<a id="18" s="N" t="N.ar" l="N"/>
		<a id="19" s="C" t="C.ar" l="C"/>
		<a id="20" s="Cl" t="Cl" l="CL"/>
		<a id="21" s="N" t="N.ar" l="N"/>
		<a id="22" s="C" t="C.ar" l="C"/>
		<a id="23" s="C" t="C.ar" l="C"/>
		<a id="24" s="C" t="C.ar" l="C"/>
		<a id="25" s="H" t="H" l="H"/>
		<a id="26" s="H" t="H" l="H"/>
		<a id="27" s="H" t="H" l="H"/>
		<a id="28" s="H" t="H" l="H"/>
		<a id="29" s="H" t="H" l="H"/>
		<a id="30" s="H" t="H" l="H"/>
		<a id="31" s="H" t="H" l="H"/>
		<a id="32" s="H" t="H" l="H"/>
		<a id="33" s="H" t="H" l="H"/>
		<a id="34" s="H" t="H" l="H"/>
		<a id="35" s="H" t="H" l="H"/>
		<a id="36" s="H" t="H" l="H"/>
		<a id="37" s="H" t="H" l="H"/>
		<a id="38" s="H" t="H" l="H"/>
		<a id="39" s="H" t="H" l="H"/>
	</atoms>
	<bonds>
		<b id="1" c="1 2" t="1"/>
		<b id="2" c="2 3" t="ar"/>
		<b id="3" c="3 4" t="ar"/>
		<b id="4" c="4 5" t="ar"/>
		<b id="5" c="5 6" t="1"/>
		<b id="6" c="6 7" t="2"/>
		<b id="7" c="6 8" t="2"/>
		<b id="8" c="6 9" t="1"/>
		<b id="9" c="9 10" t="ar"/>
		<b id="10" c="10 11" t="ar"/>
		<b id="11" c="11 12" t="ar"/>
		<b id="12" c="12 13" t="ar"/>
		<b id="13" c="13 14" t="1"/>
		<b id="14" c="14 15" t="1"/>
		<b id="15" c="15 16" t="1"/>
		<b id="16" c="16 17" t="1"/>
		<b id="17" c="13 18" t="ar"/>
		<b id="18" c="18 19" t="ar"/>
		<b id="19" c="19 20" t="1"/>
		<b id="20" c="19 21" t="ar"/>
		<b id="21" c="21 22" t="ar"/>
		<b id="22" c="12 22" t="ar"/>
		<b id="23" c="9 22" t="ar"/>
		<b id="24" c="5 23" t="ar"/>
		<b id="25" c="23 24" t="ar"/>
		<b id="26" c="2 24" t="ar"/>
		<b id="27" c="1 25" t="1"/>
		<b id="28" c="1 26" t="1"/>
		<b id="29" c="1 27" t="1"/>
		<b id="30" c="3 28" t="1"/>
		<b id="31" c="4 29" t="1"/>
		<b id="32" c="10 30" t="1"/>
		<b id="33" c="11 31" t="1"/>
		<b id="34" c="14 32" t="1"/>
		<b id="35" c="15 33" t="1"/>
		<b id="36" c="15 34" t="1"/>
		<b id="37" c="16 35" t="1"/>
		<b id="38" c="16 36" t="1"/>
		<b id="39" c="17 37" t="1"/>
		<b id="40" c="23 38" t="1"/>
		<b id="41" c="24 39" t="1"/>
	</bonds>
	<geometry>
		<g u="A" t="cart/3d">#39,3:2.0166,1.1395,-0.9708;0.6329,0.7303,-0.5755;-0.1704,0.0110,-1.4558;-1.4674,-0.3232,-1.1142;-1.9522,0.0634,0.1187;-3.6489,-0.2503,0.5195;-4.2805,-1.0640,-0.4699;-3.8286,-0.5935,1.8968;-4.3194,1.3395,0.3823;-5.4147,1.8043,1.0776;-5.7142,3.0757,0.7010;-4.7588,3.4427,-0.2905;-4.4532,4.5618,-1.0936;-5.1612,5.7026,-1.0450;-4.9260,6.8174,-1.9310;-5.7335,6.6930,-3.2341;-7.1232,6.7003,-3.0103;-3.4032,4.5036,-1.9205;-2.6937,3.3944,-1.9518;-1.3533,3.4083,-3.0062;-2.8682,2.2777,-1.2849;-3.9122,2.3258,-0.4553;-1.1742,0.7603,1.0214;0.1214,1.0909,0.6687;2.4227,0.4649,-1.7204;2.6810,1.1583,-0.1080;1.9887,2.1432,-1.3990;0.2197,-0.2742,-2.4214;-2.1168,-0.8613,-1.7855;-5.8761,1.1600,1.7984;-6.5149,3.6780,1.0828;-5.9808,5.7209,-0.4598;-3.8633,6.8312,-2.1747;-5.2067,7.7366,-1.4129;-5.4235,5.7828,-3.7625;-5.5278,7.5581,-3.8675;-7.3765,5.8748,-2.5811;-1.5903,1.0338,1.9788;0.7407,1.6458,1.3592;</g>
	</geometry>
	<conformers/>
	<properties/>
</molecule>
