<?xml version="1.0" ?>
<!--MOLLI PACKAGE EXPERIMENTAL XML FORMAT-->
<molecule name="el2235">
	<atoms>
		<a id="1" s="C" t="C.3" l="C"/>
		<a id="2" s="C" t="C.ar" l="C"/>
		<a id="3" s="C" t="C.ar" l="C"/>
		<a id="4" s="C" t="C.ar" l="C"/>
		<a id="5" s="C" t="C.ar" l="C"/>
		<a id="6" s="S" t="S.O2" l="S"/>
		<a id="7" s="O" t="O.2" l="O"/>
		<a id="8" s="O" t="O.2" l="O"/>
		<a id="9" s="N" t="N.ar" l="N"/>
		<a id="10" s="C" t="C.ar" l="C"/>
		<a id="11" s="C" t="C.ar" l="C"/>
		<a id="12" s="C" t="C.ar" l="C"/>
		<a id="13" s="C" t="C.ar" l="C"/>
		<a id="14" s="N" t="N.pl3" l="N"/>
		<a id="15" s="C" t="C.3" l="C"/>
		<a id="16" s="C" t="C.3" l="C"/>
		<a id="17" s="O" t="O.3" l="O"/>
		<a id="18" s="C" t="C.3" l="C"/>
		<a id="19" s="C" t="C.3" l="C"/>
		<a id="20" s="N" t="N.ar" l="N"/>
		<a id="21" s="C" t="C.ar" l="C"/>
		<a id="22" s="Cl" t="Cl" l="CL"/>
		<a id="23" s="N" t="N.ar" l="N"/>
		<a id="24" s="C" t="C.ar" l="C"/>
		<a id="25" s="C" t="C.ar" l="C"/>
		<a id="26" s="C" t="C.ar" l="C"/>
		<a id="27" s="H" t="H" l="H"/>
		<a id="28" s="H" t="H" l="H"/>
		<a id="29" s="H" t="H" l="H"/>
		<a id="30" s="H" t="H" l="H"/>
		<a id="31" s="H" t="H" l="H"/>
		<a id="32" s="H" t="H" l="H"/>
		<a id="33" s="H" t="H" l="H"/>
		<a id="34" s="H" t="H" l="H"/>
		<a id="35" s="H" t="H" l="H"/>
		<a id="36" s="H" t="H" l="H"/>
		<a id="37" s="H" t="H" l="H"/>
		<a id="38" s="H" t="H" l="H"/>
		<a id="39" s="H" t="H" l="H"/>
		<a id="40" s="H" t="H" l="H"/>
		<a id="41" s="H" t="H" l="H"/>
		<a id="42" s="H" t="H" l="H"/>
		<a id="43" s="H" t="H" l="H"/>
	</atoms>
	<bonds>
		<b id="1" c="1 2" t="1"/>
		<b id="2" c="2 3" t="ar"/>
		<b id="3" c="3 4" t="ar"/>
		<b id="4" c="4 5" t="ar"/>
		<b id="5" c="5 6" t="1"/>
		<b id="6" c="6 7" t="2"/>
		<b id="7" c="6 8" t="2"/>
		<b id="8" c="6 9" t="1"/>
		<b id="9" c="9 10" t="ar"/>
		<b id="10" c="10 11" t="ar"/>
		<b id="11" c="11 12" t="ar"/>
		<b id="12" c="12 13" t="ar"/>
		<b id="13" c="13 14" t="1"/>
		<b id="14" c="14 15" t="1"/>
		<b id="15" c="15 16" t="1"/>
		<b id="16" c="16 17" t="1"/>
		<b id="17" c="17 18" t="1"/>
		<b id="18" c="18 19" t="1"/>
		<b id="19" c="14 19" t="1"/>
		<b id="20" c="13 20" t="ar"/>
		<b id="21" c="20 21" t="ar"/>
		<b id="22" c="21 22" t="1"/>
		<b id="23" c="21 23" t="ar"/>
		<b id="24" c="23 24" t="ar"/>
		<b id="25" c="12 24" t="ar"/>
		<b id="26" c="9 24" t="ar"/>
		<b id="27" c="5 25" t="ar"/>
		<b id="28" c="25 26" t="ar"/>
		<b id="29" c="2 26" t="ar"/>
		<b id="30" c="1 27" t="1"/>
		<b id="31" c="1 28" t="1"/>
		<b id="32" c="1 29" t="1"/>
		<b id="33" c="3 30" t="1"/>
		<b id="34" c="4 31" t="1"/>
		<b id="35" c="10 32" t="1"/>
		<b id="36" c="11 33" t="1"/>
		<b id="37" c="15 34" t="1"/>
		<b id="38" c="15 35" t="1"/>
		<b id="39" c="16 36" t="1"/>
		<b id="40" c="16 37" t="1"/>
		<b id="41" c="18 38" t="1"/>
		<b id="42" c="18 39" t="1"/>
		<b id="43" c="19 40" t="1"/>
		<b id="44" c="19 41" t="1"/>
		<b id="45" c="25 42" t="1"/>
		<b id="46" c="26 43" t="1"/>
	</bonds>
	<geometry>
		<g u="A" t="cart/3d">#43,3:2.0749,1.0760,-0.7075;0.6394,0.7598,-0.4266;-0.1774,0.2067,-1.4070;-1.5081,-0.0662,-1.1458;-2.0130,0.2164,0.1063;-3.7360,-0.0470,0.4296;-4.3528,-0.8160,-0.6029;-3.9694,-0.4183,1.7913;-4.3550,1.5637,0.3179;-5.4044,2.0696,1.0480;-5.7000,3.3312,0.6401;-4.7919,3.6612,-0.4138;-4.4995,4.7275,-1.3024;-5.1529,5.9044,-1.3751;-4.7692,6.8943,-2.3639;-3.9628,8.0082,-1.6891;-4.6937,8.5916,-0.6316;-5.0510,7.6302,0.3298;-5.8937,6.5021,-0.2890;-3.5188,4.5516,-2.2040;-2.8523,3.4221,-2.2291;-1.6084,3.3237,-3.3911;-3.0010,2.3638,-1.4680;-3.9834,2.5097,-0.5797;-1.2255,0.7571,1.1031;0.1033,1.0252,0.8322;2.3580,0.7532,-1.7051;2.7215,0.5858,0.0184;2.2434,2.1492,-0.6303;0.2276,0.0009,-2.3862;-2.1641,-0.4814,-1.8926;-5.8446,1.4589,1.8099;-6.4973,3.9237,1.0422;-5.6850,7.3144,-2.7915;-4.1779,6.4082,-3.1368;-3.7490,8.8141,-2.3915;-3.0183,7.5905,-1.3112;-5.6199,8.1589,1.0963;-4.1467,7.1929,0.7827;-6.8206,6.9240,-0.6926;-6.1299,5.7669,0.4719;-1.6608,0.9531,2.0706;0.7336,1.4508,1.5991;</g>
	</geometry>
	<conformers/>
	<properties/>
</molecule>
