<?xml version="1.0" ?>
<!--MOLLI PACKAGE EXPERIMENTAL XML FORMAT-->
<molecule name="el2238">
	<atoms>
		<a id="1" s="C" t="C.3" l="C"/>
		<a id="2" s="C" t="C.ar" l="C"/>
		<a id="3" s="C" t="C.ar" l="C"/>
		<a id="4" s="C" t="C.ar" l="C"/>
		<a id="5" s="C" t="C.ar" l="C"/>
		<a id="6" s="S" t="S.O2" l="S"/>
		<a id="7" s="O" t="O.2" l="O"/>
		<a id="8" s="O" t="O.2" l="O"/>
		<a id="9" s="N" t="N.ar" l="N"/>
		<a id="10" s="C" t="C.ar" l="C"/>
		<a id="11" s="C" t="C.ar" l="C"/>
		<a id="12" s="C" t="C.ar" l="C"/>
		<a id="13" s="C" t="C.ar" l="C"/>
		<a id="14" s="N" t="N.pl3" l="N"/>
		<a id="15" s="C" t="C.3" l="C"/>
		<a id="16" s="C" t="C.3" l="C"/>
		<a id="17" s="N" t="N.am" l="N"/>
		<a id="18" s="C" t="C.2" l="C"/>
		<a id="19" s="O" t="O.2" l="O"/>
		<a id="20" s="O" t="O.3" l="O"/>
		<a id="21" s="C" t="C.3" l="C"/>
		<a id="22" s="C" t="C.3" l="C"/>
		<a id="23" s="C" t="C.3" l="C"/>
		<a id="24" s="C" t="C.3" l="C"/>
		<a id="25" s="C" t="C.3" l="C"/>
		<a id="26" s="C" t="C.3" l="C"/>
		<a id="27" s="N" t="N.ar" l="N"/>
		<a id="28" s="C" t="C.ar" l="C"/>
		<a id="29" s="Cl" t="Cl" l="CL"/>
		<a id="30" s="N" t="N.ar" l="N"/>
		<a id="31" s="C" t="C.ar" l="C"/>
		<a id="32" s="C" t="C.ar" l="C"/>
		<a id="33" s="C" t="C.ar" l="C"/>
		<a id="34" s="H" t="H" l="H"/>
		<a id="35" s="H" t="H" l="H"/>
		<a id="36" s="H" t="H" l="H"/>
		<a id="37" s="H" t="H" l="H"/>
		<a id="38" s="H" t="H" l="H"/>
		<a id="39" s="H" t="H" l="H"/>
		<a id="40" s="H" t="H" l="H"/>
		<a id="41" s="H" t="H" l="H"/>
		<a id="42" s="H" t="H" l="H"/>
		<a id="43" s="H" t="H" l="H"/>
		<a id="44" s="H" t="H" l="H"/>
		<a id="45" s="H" t="H" l="H"/>
		<a id="46" s="H" t="H" l="H"/>
		<a id="47" s="H" t="H" l="H"/>
		<a id="48" s="H" t="H" l="H"/>
		<a id="49" s="H" t="H" l="H"/>
		<a id="50" s="H" t="H" l="H"/>
		<a id="51" s="H" t="H" l="H"/>
		<a id="52" s="H" t="H" l="H"/>
		<a id="53" s="H" t="H" l="H"/>
		<a id="54" s="H" t="H" l="H"/>
		<a id="55" s="H" t="H" l="H"/>
		<a id="56" s="H" t="H" l="H"/>
		<a id="57" s="H" t="H" l="H"/>
		<a id="58" s="H" t="H" l="H"/>
		<a id="59" s="H" t="H" l="H"/>
	</atoms>
	<bonds>
		<b id="1" c="1 2" t="1"/>
		<b id="2" c="2 3" t="ar"/>
		<b id="3" c="3 4" t="ar"/>
		<b id="4" c="4 5" t="ar"/>
		<b id="5" c="5 6" t="1"/>
		<b id="6" c="6 7" t="2"/>
		<b id="7" c="6 8" t="2"/>
		<b id="8" c="6 9" t="1"/>
		<b id="9" c="9 10" t="ar"/>
		<b id="10" c="10 11" t="ar"/>
		<b id="11" c="11 12" t="ar"/>
		<b id="12" c="12 13" t="ar"/>
		<b id="13" c="13 14" t="1"/>
		<b id="14" c="14 15" t="1"/>
		<b id="15" c="15 16" t="1"/>
		<b id="16" c="16 17" t="1"/>
		<b id="17" c="17 18" t="am"/>
		<b id="18" c="18 19" t="2"/>
		<b id="19" c="18 20" t="1"/>
		<b id="20" c="20 21" t="1"/>
		<b id="21" c="21 22" t="1"/>
		<b id="22" c="21 23" t="1"/>
		<b id="23" c="21 24" t="1"/>
		<b id="24" c="17 25" t="1"/>
		<b id="25" c="25 26" t="1"/>
		<b id="26" c="14 26" t="1"/>
		<b id="27" c="13 27" t="ar"/>
		<b id="28" c="27 28" t="ar"/>
		<b id="29" c="28 29" t="1"/>
		<b id="30" c="28 30" t="ar"/>
		<b id="31" c="30 31" t="ar"/>
		<b id="32" c="12 31" t="ar"/>
		<b id="33" c="9 31" t="ar"/>
		<b id="34" c="5 32" t="ar"/>
		<b id="35" c="32 33" t="ar"/>
		<b id="36" c="2 33" t="ar"/>
		<b id="37" c="1 34" t="1"/>
		<b id="38" c="1 35" t="1"/>
		<b id="39" c="1 36" t="1"/>
		<b id="40" c="3 37" t="1"/>
		<b id="41" c="4 38" t="1"/>
		<b id="42" c="10 39" t="1"/>
		<b id="43" c="11 40" t="1"/>
		<b id="44" c="15 41" t="1"/>
		<b id="45" c="15 42" t="1"/>
		<b id="46" c="16 43" t="1"/>
		<b id="47" c="16 44" t="1"/>
		<b id="48" c="22 45" t="1"/>
		<b id="49" c="22 46" t="1"/>
		<b id="50" c="22 47" t="1"/>
		<b id="51" c="23 48" t="1"/>
		<b id="52" c="23 49" t="1"/>
		<b id="53" c="23 50" t="1"/>
		<b id="54" c="24 51" t="1"/>
		<b id="55" c="24 52" t="1"/>
		<b id="56" c="24 53" t="1"/>
		<b id="57" c="25 54" t="1"/>
		<b id="58" c="25 55" t="1"/>
		<b id="59" c="26 56" t="1"/>
		<b id="60" c="26 57" t="1"/>
		<b id="61" c="32 58" t="1"/>
		<b id="62" c="33 59" t="1"/>
	</bonds>
	<geometry>
		<g u="A" t="cart/3d">#59,3:-1.4118,2.0380,-7.4053;-1.0844,1.9316,-5.9497;-1.6052,0.8902,-5.1873;-1.3619,0.8214,-3.8289;-0.5873,1.8000,-3.2406;-0.3870,1.8057,-1.4805;-0.9594,0.6413,-0.8829;0.9313,2.1955,-1.0842;-1.3812,3.1524,-1.0353;-1.1862,3.9452,0.0709;-2.1795,4.8660,0.1741;-3.0704,4.6564,-0.9251;-4.2627,5.1911,-1.4784;-5.0645,6.1155,-0.9194;-6.1197,6.7417,-1.6878;-5.7164,8.1889,-2.0054;-5.3985,8.8919,-0.7827;-6.2062,9.8214,-0.1981;-5.9876,10.2699,0.9044;-7.2138,10.1714,-1.0099;-8.1590,11.1939,-0.6060;-7.4411,12.5237,-0.3826;-9.1178,11.2940,-1.7932;-8.9082,10.7555,0.6518;-4.3768,8.2504,0.0146;-4.8091,6.8091,0.3182;-4.6791,4.7151,-2.6653;-4.0289,3.7297,-3.2347;-4.6288,3.2210,-4.7481;-2.9735,3.0833,-2.8015;-2.5100,3.5775,-1.6535;-0.0349,2.8297,-3.9737;-0.2870,2.8905,-5.3323;-1.5488,1.0555,-7.8471;-0.6309,2.5675,-7.9456;-2.3424,2.5924,-7.5232;-2.2195,0.1396,-5.6612;-1.7730,0.0405,-3.2102;-0.3262,3.7705,0.6848;-2.2296,5.6149,0.9389;-7.0371,6.7379,-1.0908;-6.2699,6.1709,-2.6024;-6.5225,8.7076,-2.5200;-4.8252,8.1810,-2.6427;-6.8865,12.8040,-1.2755;-6.7486,12.4401,0.4502;-8.1688,13.2989,-0.1609;-8.5718,11.5694,-2.6917;-9.8757,12.0455,-1.5946;-9.6036,10.3368,-1.9638;-8.2154,10.6504,1.4818;-9.4038,9.8022,0.4806;-9.6562,11.4997,0.9091;-4.2573,8.8243,0.9343;-3.4357,8.2466,-0.5450;-5.7445,6.8379,0.8893;-4.0634,6.2856,0.9058;0.5727,3.5686,-3.4745;0.1270,3.6974,-5.9192;</g>
	</geometry>
	<conformers/>
	<properties/>
</molecule>
