<?xml version="1.0" ?>
<!--MOLLI PACKAGE EXPERIMENTAL XML FORMAT-->
<molecule name="el2242">
	<atoms>
		<a id="1" s="C" t="C.3" l="C"/>
		<a id="2" s="C" t="C.ar" l="C"/>
		<a id="3" s="C" t="C.ar" l="C"/>
		<a id="4" s="C" t="C.ar" l="C"/>
		<a id="5" s="Cl" t="Cl" l="CL"/>
		<a id="6" s="C" t="C.ar" l="C"/>
		<a id="7" s="C" t="C.ar" l="C"/>
		<a id="8" s="C" t="C.ar" l="C"/>
		<a id="9" s="C" t="C.2" l="C"/>
		<a id="10" s="O" t="O.2" l="O"/>
		<a id="11" s="H" t="H" l="H"/>
		<a id="12" s="H" t="H" l="H"/>
		<a id="13" s="H" t="H" l="H"/>
		<a id="14" s="H" t="H" l="H"/>
		<a id="15" s="H" t="H" l="H"/>
		<a id="16" s="H" t="H" l="H"/>
		<a id="17" s="H" t="H" l="H"/>
	</atoms>
	<bonds>
		<b id="1" c="1 2" t="1"/>
		<b id="2" c="2 3" t="ar"/>
		<b id="3" c="3 4" t="ar"/>
		<b id="4" c="4 5" t="1"/>
		<b id="5" c="4 6" t="ar"/>
		<b id="6" c="6 7" t="ar"/>
		<b id="7" c="7 8" t="ar"/>
		<b id="8" c="2 8" t="ar"/>
		<b id="9" c="8 9" t="1"/>
		<b id="10" c="9 10" t="2"/>
		<b id="11" c="1 11" t="1"/>
		<b id="12" c="1 12" t="1"/>
		<b id="13" c="1 13" t="1"/>
		<b id="14" c="3 14" t="1"/>
		<b id="15" c="6 15" t="1"/>
		<b id="16" c="7 16" t="1"/>
		<b id="17" c="9 17" t="1"/>
	</bonds>
	<geometry>
		<g u="A" t="cart/3d">#17,3:-2.7177,1.6607,-0.0161;-1.7024,0.5598,-0.0056;-0.3529,0.8819,-0.0026;0.6166,-0.1096,0.0023;2.2811,0.3378,0.0072;0.2653,-1.4523,0.0034;-1.0726,-1.7808,0.0022;-2.0651,-0.7974,-0.0015;-3.4640,-1.2442,0.0007;-3.8138,-2.3986,0.0027;-2.2247,2.6294,-0.0110;-3.3636,1.6004,0.8582;-3.3430,1.5993,-0.9055;-0.0470,1.9172,-0.0043;1.0269,-2.2155,0.0056;-1.3868,-2.8141,0.0040;-4.2149,-0.4342,0.0025;</g>
	</geometry>
	<conformers/>
	<properties/>
</molecule>
