<?xml version="1.0" ?>
<!--MOLLI PACKAGE EXPERIMENTAL XML FORMAT-->
<molecule name="el2244">
	<atoms>
		<a id="1" s="C" t="C.3" l="C"/>
		<a id="2" s="O" t="O.3" l="O"/>
		<a id="3" s="C" t="C.ar" l="C"/>
		<a id="4" s="C" t="C.ar" l="C"/>
		<a id="5" s="C" t="C.ar" l="C"/>
		<a id="6" s="C" t="C.ar" l="C"/>
		<a id="7" s="Cl" t="Cl" l="CL"/>
		<a id="8" s="C" t="C.ar" l="C"/>
		<a id="9" s="C" t="C.ar" l="C"/>
		<a id="10" s="C" t="C.2" l="C"/>
		<a id="11" s="O" t="O.2" l="O"/>
		<a id="12" s="H" t="H" l="H"/>
		<a id="13" s="H" t="H" l="H"/>
		<a id="14" s="H" t="H" l="H"/>
		<a id="15" s="H" t="H" l="H"/>
		<a id="16" s="H" t="H" l="H"/>
		<a id="17" s="H" t="H" l="H"/>
		<a id="18" s="H" t="H" l="H"/>
	</atoms>
	<bonds>
		<b id="1" c="1 2" t="1"/>
		<b id="2" c="2 3" t="1"/>
		<b id="3" c="3 4" t="ar"/>
		<b id="4" c="4 5" t="ar"/>
		<b id="5" c="5 6" t="ar"/>
		<b id="6" c="6 7" t="1"/>
		<b id="7" c="6 8" t="ar"/>
		<b id="8" c="8 9" t="ar"/>
		<b id="9" c="3 9" t="ar"/>
		<b id="10" c="9 10" t="1"/>
		<b id="11" c="10 11" t="2"/>
		<b id="12" c="1 12" t="1"/>
		<b id="13" c="1 13" t="1"/>
		<b id="14" c="1 14" t="1"/>
		<b id="15" c="4 15" t="1"/>
		<b id="16" c="5 16" t="1"/>
		<b id="17" c="8 17" t="1"/>
		<b id="18" c="10 18" t="1"/>
	</bonds>
	<geometry>
		<g u="A" t="cart/3d">#18,3:1.1474,0.2250,-0.5934;2.3286,-0.0598,0.1232;3.0169,-1.1867,-0.1622;2.6424,-2.1123,-1.1351;3.3986,-3.2475,-1.3619;4.5475,-3.4807,-0.6192;5.4817,-4.9045,-0.9102;4.9409,-2.5769,0.3467;4.1888,-1.4286,0.5850;4.6379,-0.4852,1.6166;5.6185,-0.6321,2.3017;0.7715,1.1569,-0.1746;0.3972,-0.5596,-0.4595;1.3502,0.3632,-1.6594;1.7552,-1.9579,-1.7280;3.0941,-3.9540,-2.1182;5.8312,-2.7318,0.9372;3.9898,0.4021,1.7208;</g>
	</geometry>
	<conformers/>
	<properties/>
</molecule>
