<?xml version="1.0" ?>
<!--MOLLI PACKAGE EXPERIMENTAL XML FORMAT-->
<molecule name="el2246">
	<atoms>
		<a id="1" s="C" t="C.3" l="C"/>
		<a id="2" s="O" t="O.3" l="O"/>
		<a id="3" s="C" t="C.ar" l="C"/>
		<a id="4" s="C" t="C.ar" l="C"/>
		<a id="5" s="C" t="C.ar" l="C"/>
		<a id="6" s="C" t="C.ar" l="C"/>
		<a id="7" s="C" t="C.ar" l="C"/>
		<a id="8" s="Cl" t="Cl" l="CL"/>
		<a id="9" s="C" t="C.ar" l="C"/>
		<a id="10" s="C" t="C.3" l="C"/>
		<a id="11" s="H" t="H" l="H"/>
		<a id="12" s="H" t="H" l="H"/>
		<a id="13" s="H" t="H" l="H"/>
		<a id="14" s="H" t="H" l="H"/>
		<a id="15" s="H" t="H" l="H"/>
		<a id="16" s="H" t="H" l="H"/>
		<a id="17" s="H" t="H" l="H"/>
		<a id="18" s="H" t="H" l="H"/>
		<a id="19" s="H" t="H" l="H"/>
	</atoms>
	<bonds>
		<b id="1" c="1 2" t="1"/>
		<b id="2" c="2 3" t="1"/>
		<b id="3" c="3 4" t="ar"/>
		<b id="4" c="4 5" t="ar"/>
		<b id="5" c="5 6" t="ar"/>
		<b id="6" c="6 7" t="ar"/>
		<b id="7" c="7 8" t="1"/>
		<b id="8" c="7 9" t="ar"/>
		<b id="9" c="3 9" t="ar"/>
		<b id="10" c="9 10" t="1"/>
		<b id="11" c="1 11" t="1"/>
		<b id="12" c="1 12" t="1"/>
		<b id="13" c="1 13" t="1"/>
		<b id="14" c="4 14" t="1"/>
		<b id="15" c="5 15" t="1"/>
		<b id="16" c="6 16" t="1"/>
		<b id="17" c="10 17" t="1"/>
		<b id="18" c="10 18" t="1"/>
		<b id="19" c="10 19" t="1"/>
	</bonds>
	<geometry>
		<g u="A" t="cart/3d">#19,3:3.1170,0.9817,0.6014;2.6856,0.2311,-0.5073;3.2499,-0.9890,-0.7319;4.2282,-1.5576,0.0739;4.7396,-2.8081,-0.2311;4.2844,-3.5037,-1.3320;3.3078,-2.9269,-2.1307;2.7442,-3.8227,-3.5017;2.7761,-1.6742,-1.8647;1.7227,-1.0514,-2.7262;2.5394,1.9048,0.5726;4.1835,1.2220,0.5368;2.9161,0.4607,1.5433;4.5989,-1.0380,0.9425;5.4992,-3.2409,0.4017;4.6735,-4.4792,-1.5749;1.8339,-1.3689,-3.7597;1.7884,0.0312,-2.6664;0.7329,-1.3511,-2.3817;</g>
	</geometry>
	<conformers/>
	<properties/>
</molecule>
