<?xml version="1.0" ?>
<!--MOLLI PACKAGE EXPERIMENTAL XML FORMAT-->
<molecule name="el2248">
	<atoms>
		<a id="1" s="C" t="C.3" l="C"/>
		<a id="2" s="C" t="C.2" l="C"/>
		<a id="3" s="O" t="O.2" l="O"/>
		<a id="4" s="C" t="C.ar" l="C"/>
		<a id="5" s="C" t="C.ar" l="C"/>
		<a id="6" s="C" t="C.ar" l="C"/>
		<a id="7" s="C" t="C.ar" l="C"/>
		<a id="8" s="Cl" t="Cl" l="CL"/>
		<a id="9" s="C" t="C.ar" l="C"/>
		<a id="10" s="C" t="C.ar" l="C"/>
		<a id="11" s="H" t="H" l="H"/>
		<a id="12" s="H" t="H" l="H"/>
		<a id="13" s="H" t="H" l="H"/>
		<a id="14" s="H" t="H" l="H"/>
		<a id="15" s="H" t="H" l="H"/>
		<a id="16" s="H" t="H" l="H"/>
		<a id="17" s="H" t="H" l="H"/>
	</atoms>
	<bonds>
		<b id="1" c="1 2" t="1"/>
		<b id="2" c="2 3" t="2"/>
		<b id="3" c="2 4" t="1"/>
		<b id="4" c="4 5" t="ar"/>
		<b id="5" c="5 6" t="ar"/>
		<b id="6" c="6 7" t="ar"/>
		<b id="7" c="7 8" t="1"/>
		<b id="8" c="7 9" t="ar"/>
		<b id="9" c="9 10" t="ar"/>
		<b id="10" c="4 10" t="ar"/>
		<b id="11" c="1 11" t="1"/>
		<b id="12" c="1 12" t="1"/>
		<b id="13" c="1 13" t="1"/>
		<b id="14" c="5 14" t="1"/>
		<b id="15" c="6 15" t="1"/>
		<b id="16" c="9 16" t="1"/>
		<b id="17" c="10 17" t="1"/>
	</bonds>
	<geometry>
		<g u="A" t="cart/3d">#17,3:1.3919,0.7723,0.3020;2.5939,-0.1088,0.0667;2.9750,-0.9009,0.8988;3.2961,0.0383,-1.2365;2.8992,0.9328,-2.2299;3.5968,1.0146,-3.4196;4.7012,0.1997,-3.6264;5.5680,0.3049,-5.1139;5.1149,-0.6967,-2.6511;4.4111,-0.7703,-1.4670;0.9814,0.5620,1.2861;0.6331,0.5782,-0.4529;1.6796,1.8200,0.2488;2.0433,1.5730,-2.0859;3.2897,1.7063,-4.1885;5.9751,-1.3242,-2.8234;4.7092,-1.4591,-0.6903;</g>
	</geometry>
	<conformers/>
	<properties/>
</molecule>
