<?xml version="1.0" ?>
<!--MOLLI PACKAGE EXPERIMENTAL XML FORMAT-->
<molecule name="el2250">
	<atoms>
		<a id="1" s="O" t="O.2" l="O"/>
		<a id="2" s="C" t="C.2" l="C"/>
		<a id="3" s="C" t="C.ar" l="C"/>
		<a id="4" s="C" t="C.ar" l="C"/>
		<a id="5" s="C" t="C.ar" l="C"/>
		<a id="6" s="C" t="C.ar" l="C"/>
		<a id="7" s="Cl" t="Cl" l="CL"/>
		<a id="8" s="C" t="C.ar" l="C"/>
		<a id="9" s="C" t="C.ar" l="C"/>
		<a id="10" s="H" t="H" l="H"/>
		<a id="11" s="H" t="H" l="H"/>
		<a id="12" s="H" t="H" l="H"/>
		<a id="13" s="H" t="H" l="H"/>
		<a id="14" s="H" t="H" l="H"/>
	</atoms>
	<bonds>
		<b id="1" c="1 2" t="2"/>
		<b id="2" c="2 3" t="1"/>
		<b id="3" c="3 4" t="ar"/>
		<b id="4" c="4 5" t="ar"/>
		<b id="5" c="5 6" t="ar"/>
		<b id="6" c="6 7" t="1"/>
		<b id="7" c="6 8" t="ar"/>
		<b id="8" c="8 9" t="ar"/>
		<b id="9" c="3 9" t="ar"/>
		<b id="10" c="2 10" t="1"/>
		<b id="11" c="4 11" t="1"/>
		<b id="12" c="5 12" t="1"/>
		<b id="13" c="8 13" t="1"/>
		<b id="14" c="9 14" t="1"/>
	</bonds>
	<geometry>
		<g u="A" t="cart/3d">#14,3:1.1994,0.6661,0.1866;2.1767,0.0292,-0.1117;2.9308,0.1687,-1.3634;2.5245,1.1015,-2.3202;3.2218,1.2446,-3.5015;4.3372,0.4482,-3.7310;5.2149,0.6193,-5.2035;4.7568,-0.4852,-2.7910;4.0529,-0.6216,-1.6115;2.5905,-0.7388,0.5730;1.6538,1.7055,-2.1126;2.9119,1.9635,-4.2436;5.6255,-1.0933,-2.9894;4.3718,-1.3448,-0.8748;</g>
	</geometry>
	<conformers/>
	<properties/>
</molecule>
