<?xml version="1.0" ?>
<!--MOLLI PACKAGE EXPERIMENTAL XML FORMAT-->
<molecule name="el2257">
	<atoms>
		<a id="1" s="C" t="C.3" l="C"/>
		<a id="2" s="C" t="C.3" l="C"/>
		<a id="3" s="C" t="C.3" l="C"/>
		<a id="4" s="C" t="C.3" l="C"/>
		<a id="5" s="C" t="C.ar" l="C"/>
		<a id="6" s="C" t="C.ar" l="C"/>
		<a id="7" s="C" t="C.ar" l="C"/>
		<a id="8" s="C" t="C.ar" l="C"/>
		<a id="9" s="C" t="C.ar" l="C"/>
		<a id="10" s="C" t="C.ar" l="C"/>
		<a id="11" s="C" t="C.ar" l="C"/>
		<a id="12" s="Cl" t="Cl" l="CL"/>
		<a id="13" s="N" t="N.ar" l="N"/>
		<a id="14" s="C" t="C.ar" l="C"/>
		<a id="15" s="N" t="N.ar" l="N"/>
		<a id="16" s="C" t="C.ar" l="C"/>
		<a id="17" s="C" t="C.ar" l="C"/>
		<a id="18" s="H" t="H" l="H"/>
		<a id="19" s="H" t="H" l="H"/>
		<a id="20" s="H" t="H" l="H"/>
		<a id="21" s="H" t="H" l="H"/>
		<a id="22" s="H" t="H" l="H"/>
		<a id="23" s="H" t="H" l="H"/>
		<a id="24" s="H" t="H" l="H"/>
		<a id="25" s="H" t="H" l="H"/>
		<a id="26" s="H" t="H" l="H"/>
		<a id="27" s="H" t="H" l="H"/>
		<a id="28" s="H" t="H" l="H"/>
		<a id="29" s="H" t="H" l="H"/>
		<a id="30" s="H" t="H" l="H"/>
		<a id="31" s="H" t="H" l="H"/>
		<a id="32" s="H" t="H" l="H"/>
	</atoms>
	<bonds>
		<b id="1" c="1 2" t="1"/>
		<b id="2" c="2 3" t="1"/>
		<b id="3" c="2 4" t="1"/>
		<b id="4" c="2 5" t="1"/>
		<b id="5" c="5 6" t="ar"/>
		<b id="6" c="6 7" t="ar"/>
		<b id="7" c="7 8" t="ar"/>
		<b id="8" c="8 9" t="1"/>
		<b id="9" c="9 10" t="ar"/>
		<b id="10" c="10 11" t="ar"/>
		<b id="11" c="11 12" t="1"/>
		<b id="12" c="11 13" t="ar"/>
		<b id="13" c="13 14" t="ar"/>
		<b id="14" c="14 15" t="ar"/>
		<b id="15" c="9 15" t="ar"/>
		<b id="16" c="8 16" t="ar"/>
		<b id="17" c="16 17" t="ar"/>
		<b id="18" c="5 17" t="ar"/>
		<b id="19" c="1 18" t="1"/>
		<b id="20" c="1 19" t="1"/>
		<b id="21" c="1 20" t="1"/>
		<b id="22" c="3 21" t="1"/>
		<b id="23" c="3 22" t="1"/>
		<b id="24" c="3 23" t="1"/>
		<b id="25" c="4 24" t="1"/>
		<b id="26" c="4 25" t="1"/>
		<b id="27" c="4 26" t="1"/>
		<b id="28" c="6 27" t="1"/>
		<b id="29" c="7 28" t="1"/>
		<b id="30" c="10 29" t="1"/>
		<b id="31" c="14 30" t="1"/>
		<b id="32" c="16 31" t="1"/>
		<b id="33" c="17 32" t="1"/>
	</bonds>
	<geometry>
		<g u="A" t="cart/3d">#32,3:1.3879,-0.1188,-1.0922;2.4256,-0.0177,0.0290;1.8343,-0.6624,1.2910;3.6796,-0.7869,-0.4103;2.8073,1.4177,0.3481;2.2348,2.5125,-0.2907;2.5965,3.8067,0.0326;3.5562,4.0537,1.0104;3.9677,5.4070,1.3806;3.1759,6.5343,1.1373;3.7034,7.7498,1.5403;2.8194,9.2041,1.2927;4.8797,7.8692,2.1264;5.5419,6.7408,2.3245;5.1530,5.5344,1.9894;4.1467,2.9603,1.6451;3.7721,1.6744,1.3225;1.1594,-1.1660,-1.2796;1.7669,0.3121,-2.0161;0.4618,0.3808,-0.8173;1.5484,-1.6917,1.0854;0.9500,-0.1165,1.6134;2.5504,-0.6638,2.1081;3.4168,-1.8098,-0.6710;4.4248,-0.8194,0.3793;4.1260,-0.3124,-1.2817;1.4931,2.3712,-1.0595;2.1404,4.6251,-0.5040;2.2032,6.4738,0.6812;6.5038,6.8306,2.8124;4.8972,3.1449,2.3975;4.2451,0.8552,1.8423;</g>
	</geometry>
	<conformers/>
	<properties/>
</molecule>
