<?xml version="1.0" ?>
<!--MOLLI PACKAGE EXPERIMENTAL XML FORMAT-->
<molecule name="el2260">
	<atoms>
		<a id="1" s="Cl" t="Cl" l="CL"/>
		<a id="2" s="C" t="C.ar" l="C"/>
		<a id="3" s="C" t="C.ar" l="C"/>
		<a id="4" s="C" t="C.ar" l="C"/>
		<a id="5" s="C" t="C.ar" l="C"/>
		<a id="6" s="S" t="S.2" l="S"/>
		<a id="7" s="C" t="C.ar" l="C"/>
		<a id="8" s="N" t="N.pl3" l="N"/>
		<a id="9" s="C" t="C.3" l="C"/>
		<a id="10" s="C" t="C.3" l="C"/>
		<a id="11" s="O" t="O.3" l="O"/>
		<a id="12" s="C" t="C.3" l="C"/>
		<a id="13" s="C" t="C.3" l="C"/>
		<a id="14" s="N" t="N.ar" l="N"/>
		<a id="15" s="C" t="C.ar" l="C"/>
		<a id="16" s="C" t="C.ar" l="C"/>
		<a id="17" s="H" t="H" l="H"/>
		<a id="18" s="H" t="H" l="H"/>
		<a id="19" s="H" t="H" l="H"/>
		<a id="20" s="H" t="H" l="H"/>
		<a id="21" s="H" t="H" l="H"/>
		<a id="22" s="H" t="H" l="H"/>
		<a id="23" s="H" t="H" l="H"/>
		<a id="24" s="H" t="H" l="H"/>
		<a id="25" s="H" t="H" l="H"/>
		<a id="26" s="H" t="H" l="H"/>
		<a id="27" s="H" t="H" l="H"/>
	</atoms>
	<bonds>
		<b id="1" c="1 2" t="1"/>
		<b id="2" c="2 3" t="ar"/>
		<b id="3" c="3 4" t="ar"/>
		<b id="4" c="4 5" t="ar"/>
		<b id="5" c="5 6" t="ar"/>
		<b id="6" c="6 7" t="ar"/>
		<b id="7" c="7 8" t="1"/>
		<b id="8" c="8 9" t="1"/>
		<b id="9" c="9 10" t="1"/>
		<b id="10" c="10 11" t="1"/>
		<b id="11" c="11 12" t="1"/>
		<b id="12" c="12 13" t="1"/>
		<b id="13" c="8 13" t="1"/>
		<b id="14" c="7 14" t="ar"/>
		<b id="15" c="14 15" t="ar"/>
		<b id="16" c="5 15" t="ar"/>
		<b id="17" c="15 16" t="ar"/>
		<b id="18" c="2 16" t="ar"/>
		<b id="19" c="3 17" t="1"/>
		<b id="20" c="4 18" t="1"/>
		<b id="21" c="9 19" t="1"/>
		<b id="22" c="9 20" t="1"/>
		<b id="23" c="10 21" t="1"/>
		<b id="24" c="10 22" t="1"/>
		<b id="25" c="12 23" t="1"/>
		<b id="26" c="12 24" t="1"/>
		<b id="27" c="13 25" t="1"/>
		<b id="28" c="13 26" t="1"/>
		<b id="29" c="16 27" t="1"/>
	</bonds>
	<geometry>
		<g u="A" t="cart/3d">#27,3:-3.0417,0.2607,-1.1357;-1.4294,0.2770,-0.5101;-1.0950,1.2220,0.4547;0.1878,1.2572,0.9714;1.1105,0.3412,0.5080;2.7807,0.1496,0.9696;2.8778,-1.2008,-0.2042;4.0449,-1.8194,-0.4301;4.0635,-3.0351,-1.2217;4.1562,-4.2442,-0.2834;5.2781,-4.1427,0.5660;5.2279,-2.9739,1.3504;5.1759,-1.7216,0.4635;1.7848,-1.4580,-0.8326;0.7735,-0.6198,-0.4718;-0.5184,-0.6473,-0.9836;-1.8373,1.9249,0.7967;0.4608,1.9845,1.7196;4.9440,-3.0039,-1.8707;3.1554,-3.0752,-1.8207;4.2862,-5.1668,-0.8501;3.2344,-4.3086,0.3145;6.1295,-2.9775,1.9641;4.3411,-2.9933,2.0031;6.0848,-1.6715,-0.1452;5.1000,-0.8211,1.0727;-0.7857,-1.3749,-1.7314;</g>
	</geometry>
	<conformers/>
	<properties/>
</molecule>
