<?xml version="1.0" ?>
<!--MOLLI PACKAGE EXPERIMENTAL XML FORMAT-->
<molecule name="el2261">
	<atoms>
		<a id="1" s="Cl" t="Cl" l="CL"/>
		<a id="2" s="C" t="C.ar" l="C"/>
		<a id="3" s="C" t="C.ar" l="C"/>
		<a id="4" s="C" t="C.ar" l="C"/>
		<a id="5" s="N" t="N.ar" l="N"/>
		<a id="6" s="C" t="C.ar" l="C"/>
		<a id="7" s="C" t="C.ar" l="C"/>
		<a id="8" s="H" t="H" l="H"/>
		<a id="9" s="H" t="H" l="H"/>
		<a id="10" s="H" t="H" l="H"/>
		<a id="11" s="H" t="H" l="H"/>
	</atoms>
	<bonds>
		<b id="1" c="1 2" t="1"/>
		<b id="2" c="2 3" t="ar"/>
		<b id="3" c="3 4" t="ar"/>
		<b id="4" c="4 5" t="ar"/>
		<b id="5" c="5 6" t="ar"/>
		<b id="6" c="6 7" t="ar"/>
		<b id="7" c="2 7" t="ar"/>
		<b id="8" c="3 8" t="1"/>
		<b id="9" c="4 9" t="1"/>
		<b id="10" c="6 10" t="1"/>
		<b id="11" c="7 11" t="1"/>
	</bonds>
	<geometry>
		<g u="A" t="cart/3d">#11,3:-2.1385,0.0556,0.0072;-0.4119,0.0240,0.0027;0.3083,1.2092,0.0000;1.6927,1.1185,-0.0034;2.3507,-0.0264,-0.0045;1.6514,-1.1465,-0.0021;0.2645,-1.1866,0.0017;-0.1911,2.1643,0.0005;2.3028,2.0117,-0.0059;2.2284,-2.0615,-0.0027;-0.2694,-2.1228,0.0038;</g>
	</geometry>
	<conformers/>
	<properties/>
</molecule>
