<?xml version="1.0" ?>
<!--MOLLI PACKAGE EXPERIMENTAL XML FORMAT-->
<molecule name="el2264">
	<atoms>
		<a id="1" s="C" t="C.3" l="C"/>
		<a id="2" s="C" t="C.3" l="C"/>
		<a id="3" s="C" t="C.3" l="C"/>
		<a id="4" s="C" t="C.3" l="C"/>
		<a id="5" s="N" t="N.ar" l="N"/>
		<a id="6" s="C" t="C.ar" l="C"/>
		<a id="7" s="Cl" t="Cl" l="CL"/>
		<a id="8" s="C" t="C.ar" l="C"/>
		<a id="9" s="C" t="C.2" l="C"/>
		<a id="10" s="C" t="C.3" l="C"/>
		<a id="11" s="O" t="O.2" l="O"/>
		<a id="12" s="C" t="C.ar" l="C"/>
		<a id="13" s="C" t="C.ar" l="C"/>
		<a id="14" s="C" t="C.ar" l="C"/>
		<a id="15" s="C" t="C.ar" l="C"/>
		<a id="16" s="C" t="C.ar" l="C"/>
		<a id="17" s="C" t="C.ar" l="C"/>
		<a id="18" s="H" t="H" l="H"/>
		<a id="19" s="H" t="H" l="H"/>
		<a id="20" s="H" t="H" l="H"/>
		<a id="21" s="H" t="H" l="H"/>
		<a id="22" s="H" t="H" l="H"/>
		<a id="23" s="H" t="H" l="H"/>
		<a id="24" s="H" t="H" l="H"/>
		<a id="25" s="H" t="H" l="H"/>
		<a id="26" s="H" t="H" l="H"/>
		<a id="27" s="H" t="H" l="H"/>
		<a id="28" s="H" t="H" l="H"/>
		<a id="29" s="H" t="H" l="H"/>
		<a id="30" s="H" t="H" l="H"/>
		<a id="31" s="H" t="H" l="H"/>
		<a id="32" s="H" t="H" l="H"/>
		<a id="33" s="H" t="H" l="H"/>
	</atoms>
	<bonds>
		<b id="1" c="1 2" t="1"/>
		<b id="2" c="2 3" t="1"/>
		<b id="3" c="3 4" t="1"/>
		<b id="4" c="4 5" t="1"/>
		<b id="5" c="5 6" t="ar"/>
		<b id="6" c="6 7" t="1"/>
		<b id="7" c="6 8" t="ar"/>
		<b id="8" c="8 9" t="1"/>
		<b id="9" c="9 10" t="1"/>
		<b id="10" c="9 11" t="2"/>
		<b id="11" c="8 12" t="ar"/>
		<b id="12" c="12 13" t="ar"/>
		<b id="13" c="13 14" t="ar"/>
		<b id="14" c="14 15" t="ar"/>
		<b id="15" c="15 16" t="ar"/>
		<b id="16" c="16 17" t="ar"/>
		<b id="17" c="12 17" t="ar"/>
		<b id="18" c="5 17" t="ar"/>
		<b id="19" c="1 18" t="1"/>
		<b id="20" c="1 19" t="1"/>
		<b id="21" c="1 20" t="1"/>
		<b id="22" c="2 21" t="1"/>
		<b id="23" c="2 22" t="1"/>
		<b id="24" c="3 23" t="1"/>
		<b id="25" c="3 24" t="1"/>
		<b id="26" c="4 25" t="1"/>
		<b id="27" c="4 26" t="1"/>
		<b id="28" c="10 27" t="1"/>
		<b id="29" c="10 28" t="1"/>
		<b id="30" c="10 29" t="1"/>
		<b id="31" c="13 30" t="1"/>
		<b id="32" c="14 31" t="1"/>
		<b id="33" c="15 32" t="1"/>
		<b id="34" c="16 33" t="1"/>
	</bonds>
	<geometry>
		<g u="A" t="cart/3d">#33,3:1.5011,1.4634,-0.4600;2.9059,0.9059,-0.2693;3.3463,0.0765,-1.4719;4.7591,-0.4825,-1.2842;5.1737,-1.2531,-2.4269;5.8254,-0.7777,-3.5166;6.3043,0.8475,-3.5864;6.0238,-1.7694,-4.4666;6.7118,-1.5337,-5.7318;6.9008,-2.7213,-6.6443;7.1186,-0.4308,-6.0441;5.4214,-2.9532,-3.9095;5.2579,-4.2721,-4.3335;4.5967,-5.1627,-3.5145;4.0866,-4.7774,-2.2761;4.2299,-3.4819,-1.8267;4.8976,-2.5826,-2.6463;1.2039,2.0536,0.4032;0.7835,0.6560,-0.5877;1.4606,2.0993,-1.3412;2.9323,0.2856,0.6295;3.6074,1.7300,-0.1246;3.3314,0.6979,-2.3692;2.6495,-0.7505,-1.6257;4.7988,-1.1259,-0.4016;5.4670,0.3389,-1.1515;7.4439,-3.5075,-6.1260;7.4621,-2.4085,-7.5213;5.9314,-3.1028,-6.9564;5.6352,-4.6091,-5.2837;4.4683,-6.1846,-3.8392;3.5715,-5.5023,-1.6644;3.8312,-3.1807,-0.8705;</g>
	</geometry>
	<conformers/>
	<properties/>
</molecule>
