<?xml version="1.0" ?>
<!--MOLLI PACKAGE EXPERIMENTAL XML FORMAT-->
<molecule name="el2270">
	<atoms>
		<a id="1" s="C" t="C.3" l="C"/>
		<a id="2" s="N" t="N.ar" l="N"/>
		<a id="3" s="N" t="N.ar" l="N"/>
		<a id="4" s="C" t="C.ar" l="C"/>
		<a id="5" s="C" t="C.ar" l="C"/>
		<a id="6" s="C" t="C.ar" l="C"/>
		<a id="7" s="N" t="N.pl3" l="N"/>
		<a id="8" s="C" t="C.ar" l="C"/>
		<a id="9" s="C" t="C.ar" l="C"/>
		<a id="10" s="C" t="C.ar" l="C"/>
		<a id="11" s="N" t="N.ar" l="N"/>
		<a id="12" s="C" t="C.ar" l="C"/>
		<a id="13" s="Cl" t="Cl" l="CL"/>
		<a id="14" s="N" t="N.ar" l="N"/>
		<a id="15" s="C" t="C.ar" l="C"/>
		<a id="16" s="C" t="C.ar" l="C"/>
		<a id="17" s="C" t="C.ar" l="C"/>
		<a id="18" s="C" t="C.ar" l="C"/>
		<a id="19" s="H" t="H" l="H"/>
		<a id="20" s="H" t="H" l="H"/>
		<a id="21" s="H" t="H" l="H"/>
		<a id="22" s="H" t="H" l="H"/>
		<a id="23" s="H" t="H" l="H"/>
		<a id="24" s="H" t="H" l="H"/>
		<a id="25" s="H" t="H" l="H"/>
		<a id="26" s="H" t="H" l="H"/>
		<a id="27" s="H" t="H" l="H"/>
		<a id="28" s="H" t="H" l="H"/>
	</atoms>
	<bonds>
		<b id="1" c="1 2" t="1"/>
		<b id="2" c="2 3" t="ar"/>
		<b id="3" c="3 4" t="ar"/>
		<b id="4" c="4 5" t="ar"/>
		<b id="5" c="5 6" t="ar"/>
		<b id="6" c="6 7" t="1"/>
		<b id="7" c="7 8" t="1"/>
		<b id="8" c="8 9" t="ar"/>
		<b id="9" c="9 10" t="ar"/>
		<b id="10" c="10 11" t="ar"/>
		<b id="11" c="11 12" t="ar"/>
		<b id="12" c="12 13" t="1"/>
		<b id="13" c="12 14" t="ar"/>
		<b id="14" c="8 14" t="ar"/>
		<b id="15" c="6 15" t="ar"/>
		<b id="16" c="15 16" t="ar"/>
		<b id="17" c="16 17" t="ar"/>
		<b id="18" c="17 18" t="ar"/>
		<b id="19" c="5 18" t="ar"/>
		<b id="20" c="2 18" t="ar"/>
		<b id="21" c="1 19" t="1"/>
		<b id="22" c="1 20" t="1"/>
		<b id="23" c="1 21" t="1"/>
		<b id="24" c="4 22" t="1"/>
		<b id="25" c="7 23" t="1"/>
		<b id="26" c="9 24" t="1"/>
		<b id="27" c="10 25" t="1"/>
		<b id="28" c="15 26" t="1"/>
		<b id="29" c="16 27" t="1"/>
		<b id="30" c="17 28" t="1"/>
	</bonds>
	<geometry>
		<g u="A" t="cart/3d">#28,3:-2.2916,-1.8786,-0.0735;-1.5282,-0.6663,-0.0901;-2.1316,0.5197,-0.2051;-1.2062,1.4453,-0.2064;0.0827,0.8643,-0.0873;1.4159,1.3134,-0.0771;1.7592,2.6632,-0.1622;1.1954,3.7239,0.4590;0.2272,3.6438,1.4765;-0.2080,4.8400,1.9993;0.2461,6.0220,1.5869;1.1666,5.9777,0.6491;1.7888,7.4783,0.1237;1.6720,4.9133,0.0684;2.4138,0.3564,-0.0495;2.1286,-1.0112,0.0140;0.8369,-1.4807,0.0384;-0.1800,-0.5294,-0.0255;-3.3411,-1.6073,-0.1633;-2.1353,-2.4213,0.8614;-2.0102,-2.5220,-0.9100;-1.4754,2.4776,-0.3055;2.5821,2.8963,-0.7025;-0.1334,2.6985,1.8412;-0.9477,4.8804,2.7869;3.4451,0.6765,-0.0703;2.9514,-1.7090,0.0458;0.6175,-2.5352,0.0870;</g>
	</geometry>
	<conformers/>
	<properties/>
</molecule>
