<?xml version="1.0" ?>
<!--MOLLI PACKAGE EXPERIMENTAL XML FORMAT-->
<molecule name="el2271">
	<atoms>
		<a id="1" s="F" t="F" l="F"/>
		<a id="2" s="C" t="C.ar" l="C"/>
		<a id="3" s="C" t="C.ar" l="C"/>
		<a id="4" s="C" t="C.ar" l="C"/>
		<a id="5" s="C" t="C.ar" l="C"/>
		<a id="6" s="N" t="N.pl3" l="N"/>
		<a id="7" s="C" t="C.ar" l="C"/>
		<a id="8" s="N" t="N.ar" l="N"/>
		<a id="9" s="C" t="C.ar" l="C"/>
		<a id="10" s="N" t="N.pl3" l="N"/>
		<a id="11" s="C" t="C.3" l="C"/>
		<a id="12" s="C" t="C.3" l="C"/>
		<a id="13" s="O" t="O.3" l="O"/>
		<a id="14" s="C" t="C.3" l="C"/>
		<a id="15" s="C" t="C.3" l="C"/>
		<a id="16" s="C" t="C.ar" l="C"/>
		<a id="17" s="C" t="C.ar" l="C"/>
		<a id="18" s="C" t="C.ar" l="C"/>
		<a id="19" s="Cl" t="Cl" l="CL"/>
		<a id="20" s="N" t="N.ar" l="N"/>
		<a id="21" s="C" t="C.ar" l="C"/>
		<a id="22" s="C" t="C.ar" l="C"/>
		<a id="23" s="N" t="N.ar" l="N"/>
		<a id="24" s="C" t="C.ar" l="C"/>
		<a id="25" s="C" t="C.ar" l="C"/>
		<a id="26" s="F" t="F" l="F"/>
		<a id="27" s="H" t="H" l="H"/>
		<a id="28" s="H" t="H" l="H"/>
		<a id="29" s="H" t="H" l="H"/>
		<a id="30" s="H" t="H" l="H"/>
		<a id="31" s="H" t="H" l="H"/>
		<a id="32" s="H" t="H" l="H"/>
		<a id="33" s="H" t="H" l="H"/>
		<a id="34" s="H" t="H" l="H"/>
		<a id="35" s="H" t="H" l="H"/>
		<a id="36" s="H" t="H" l="H"/>
		<a id="37" s="H" t="H" l="H"/>
		<a id="38" s="H" t="H" l="H"/>
		<a id="39" s="H" t="H" l="H"/>
		<a id="40" s="H" t="H" l="H"/>
	</atoms>
	<bonds>
		<b id="1" c="1 2" t="1"/>
		<b id="2" c="2 3" t="ar"/>
		<b id="3" c="3 4" t="ar"/>
		<b id="4" c="4 5" t="ar"/>
		<b id="5" c="5 6" t="1"/>
		<b id="6" c="6 7" t="1"/>
		<b id="7" c="7 8" t="ar"/>
		<b id="8" c="8 9" t="ar"/>
		<b id="9" c="9 10" t="1"/>
		<b id="10" c="10 11" t="1"/>
		<b id="11" c="11 12" t="1"/>
		<b id="12" c="12 13" t="1"/>
		<b id="13" c="13 14" t="1"/>
		<b id="14" c="14 15" t="1"/>
		<b id="15" c="10 15" t="1"/>
		<b id="16" c="9 16" t="ar"/>
		<b id="17" c="16 17" t="ar"/>
		<b id="18" c="17 18" t="ar"/>
		<b id="19" c="18 19" t="1"/>
		<b id="20" c="18 20" t="ar"/>
		<b id="21" c="20 21" t="ar"/>
		<b id="22" c="21 22" t="ar"/>
		<b id="23" c="16 22" t="ar"/>
		<b id="24" c="22 23" t="ar"/>
		<b id="25" c="7 23" t="ar"/>
		<b id="26" c="5 24" t="ar"/>
		<b id="27" c="24 25" t="ar"/>
		<b id="28" c="2 25" t="ar"/>
		<b id="29" c="25 26" t="1"/>
		<b id="30" c="3 27" t="1"/>
		<b id="31" c="4 28" t="1"/>
		<b id="32" c="6 29" t="1"/>
		<b id="33" c="11 30" t="1"/>
		<b id="34" c="11 31" t="1"/>
		<b id="35" c="12 32" t="1"/>
		<b id="36" c="12 33" t="1"/>
		<b id="37" c="14 34" t="1"/>
		<b id="38" c="14 35" t="1"/>
		<b id="39" c="15 36" t="1"/>
		<b id="40" c="15 37" t="1"/>
		<b id="41" c="17 38" t="1"/>
		<b id="42" c="21 39" t="1"/>
		<b id="43" c="24 40" t="1"/>
	</bonds>
	<geometry>
		<g u="A" t="cart/3d">#40,3:1.1804,0.2836,2.9977;0.0944,0.3183,2.2037;0.1046,1.0969,1.0585;-1.0074,1.1382,0.2428;-2.1544,0.4031,0.5581;-3.2357,0.4756,-0.2957;-4.5060,-0.0123,-0.1915;-4.8913,-0.6360,0.9305;-6.1347,-1.0772,1.0249;-6.4688,-1.7575,2.1469;-5.5566,-1.7742,3.2768;-4.7452,-3.0719,3.2970;-5.6127,-4.1836,3.3449;-6.4699,-4.1957,2.2334;-7.3318,-2.9217,2.1470;-7.0919,-0.7622,-0.0068;-8.4858,-0.8926,0.0644;-9.2213,-0.5446,-1.0464;-10.9392,-0.6846,-1.0147;-8.7047,-0.0917,-2.1848;-7.4164,0.1015,-2.2493;-6.5378,-0.1728,-1.1773;-5.2421,0.1714,-1.2701;-2.1543,-0.3853,1.7068;-1.0379,-0.4209,2.5175;-1.0662,-1.1907,3.6209;0.9898,1.6648,0.8218;-0.9918,1.7470,-0.6479;-3.0887,0.9649,-1.1688;-6.1651,-1.7236,4.1858;-4.9067,-0.9035,3.2207;-4.1185,-3.1270,4.1874;-4.1122,-3.1284,2.3990;-7.1094,-5.0728,2.3452;-5.8826,-4.2899,1.3054;-7.9946,-2.8690,3.0169;-7.9211,-2.9729,1.2347;-8.9871,-1.2054,0.9648;-7.0263,0.5109,-3.1696;-3.0201,-0.9688,1.9617;</g>
	</geometry>
	<conformers/>
	<properties/>
</molecule>
