<?xml version="1.0" ?>
<!--MOLLI PACKAGE EXPERIMENTAL XML FORMAT-->
<molecule name="el2278">
	<atoms>
		<a id="1" s="Cl" t="Cl" l="CL"/>
		<a id="2" s="C" t="C.ar" l="C"/>
		<a id="3" s="N" t="N.ar" l="N"/>
		<a id="4" s="C" t="C.ar" l="C"/>
		<a id="5" s="C" t="C.ar" l="C"/>
		<a id="6" s="C" t="C.ar" l="C"/>
		<a id="7" s="C" t="C.ar" l="C"/>
		<a id="8" s="C" t="C.ar" l="C"/>
		<a id="9" s="C" t="C.ar" l="C"/>
		<a id="10" s="C" t="C.ar" l="C"/>
		<a id="11" s="C" t="C.ar" l="C"/>
		<a id="12" s="N" t="N.ar" l="N"/>
		<a id="13" s="C" t="C.ar" l="C"/>
		<a id="14" s="N" t="N.ar" l="N"/>
		<a id="15" s="C" t="C.3" l="C"/>
		<a id="16" s="C" t="C.3" l="C"/>
		<a id="17" s="C" t="C.3" l="C"/>
		<a id="18" s="C" t="C.3" l="C"/>
		<a id="19" s="C" t="C.ar" l="C"/>
		<a id="20" s="N" t="N.ar" l="N"/>
		<a id="21" s="H" t="H" l="H"/>
		<a id="22" s="H" t="H" l="H"/>
		<a id="23" s="H" t="H" l="H"/>
		<a id="24" s="H" t="H" l="H"/>
		<a id="25" s="H" t="H" l="H"/>
		<a id="26" s="H" t="H" l="H"/>
		<a id="27" s="H" t="H" l="H"/>
		<a id="28" s="H" t="H" l="H"/>
		<a id="29" s="H" t="H" l="H"/>
		<a id="30" s="H" t="H" l="H"/>
		<a id="31" s="H" t="H" l="H"/>
		<a id="32" s="H" t="H" l="H"/>
		<a id="33" s="H" t="H" l="H"/>
	</atoms>
	<bonds>
		<b id="1" c="1 2" t="1"/>
		<b id="2" c="2 3" t="ar"/>
		<b id="3" c="3 4" t="ar"/>
		<b id="4" c="4 5" t="1"/>
		<b id="5" c="5 6" t="ar"/>
		<b id="6" c="6 7" t="ar"/>
		<b id="7" c="7 8" t="ar"/>
		<b id="8" c="8 9" t="ar"/>
		<b id="9" c="9 10" t="ar"/>
		<b id="10" c="5 10" t="ar"/>
		<b id="11" c="4 11" t="ar"/>
		<b id="12" c="11 12" t="ar"/>
		<b id="13" c="12 13" t="ar"/>
		<b id="14" c="13 14" t="ar"/>
		<b id="15" c="14 15" t="1"/>
		<b id="16" c="15 16" t="1"/>
		<b id="17" c="16 17" t="1"/>
		<b id="18" c="17 18" t="1"/>
		<b id="19" c="16 18" t="1"/>
		<b id="20" c="14 19" t="ar"/>
		<b id="21" c="11 19" t="ar"/>
		<b id="22" c="19 20" t="ar"/>
		<b id="23" c="2 20" t="ar"/>
		<b id="24" c="6 21" t="1"/>
		<b id="25" c="7 22" t="1"/>
		<b id="26" c="8 23" t="1"/>
		<b id="27" c="9 24" t="1"/>
		<b id="28" c="10 25" t="1"/>
		<b id="29" c="13 26" t="1"/>
		<b id="30" c="15 27" t="1"/>
		<b id="31" c="15 28" t="1"/>
		<b id="32" c="16 29" t="1"/>
		<b id="33" c="17 30" t="1"/>
		<b id="34" c="17 31" t="1"/>
		<b id="35" c="18 32" t="1"/>
		<b id="36" c="18 33" t="1"/>
	</bonds>
	<geometry>
		<g u="A" t="cart/3d">#33,3:1.3307,0.2028,-0.4804;3.0282,0.1035,-0.3262;3.5271,-1.1128,-0.3049;4.8455,-1.2974,-0.1917;5.3376,-2.6678,-0.1679;4.4328,-3.7287,-0.2476;4.8881,-5.0316,-0.2250;6.2465,-5.2920,-0.1237;7.1493,-4.2429,-0.0443;6.7039,-2.9350,-0.0655;5.6501,-0.1518,-0.1033;6.9962,0.0838,0.0150;7.1154,1.3749,0.0512;5.9339,2.0524,-0.0243;5.7147,3.4772,-0.0762;5.3938,3.9147,-1.4882;6.5101,4.0976,-2.4728;5.7746,5.2903,-1.9433;4.9762,1.0949,-0.1349;3.6633,1.2574,-0.2452;3.3808,-3.5046,-0.3261;4.1849,-5.8494,-0.2857;6.6008,-6.3124,-0.1055;8.2069,-4.4475,0.0350;7.3997,-2.1131,-0.0041;8.0561,1.8828,0.1445;6.6170,3.9747,0.2880;4.8757,3.7129,0.5859;4.4631,3.5005,-1.8544;6.3462,3.8012,-3.4971;7.5217,3.9318,-2.1331;5.0998,5.8147,-2.6011;6.2846,5.9347,-1.2432;</g>
	</geometry>
	<conformers/>
	<properties/>
</molecule>
