<?xml version="1.0" ?>
<!--MOLLI PACKAGE EXPERIMENTAL XML FORMAT-->
<molecule name="el2279">
	<atoms>
		<a id="1" s="C" t="C.3" l="C"/>
		<a id="2" s="O" t="O.3" l="O"/>
		<a id="3" s="C" t="C.ar" l="C"/>
		<a id="4" s="C" t="C.ar" l="C"/>
		<a id="5" s="C" t="C.ar" l="C"/>
		<a id="6" s="C" t="C.ar" l="C"/>
		<a id="7" s="C" t="C.ar" l="C"/>
		<a id="8" s="N" t="N.ar" l="N"/>
		<a id="9" s="C" t="C.ar" l="C"/>
		<a id="10" s="Cl" t="Cl" l="CL"/>
		<a id="11" s="N" t="N.ar" l="N"/>
		<a id="12" s="C" t="C.ar" l="C"/>
		<a id="13" s="C" t="C.ar" l="C"/>
		<a id="14" s="N" t="N.ar" l="N"/>
		<a id="15" s="C" t="C.ar" l="C"/>
		<a id="16" s="N" t="N.ar" l="N"/>
		<a id="17" s="C" t="C.3" l="C"/>
		<a id="18" s="C" t="C.3" l="C"/>
		<a id="19" s="C" t="C.3" l="C"/>
		<a id="20" s="C" t="C.3" l="C"/>
		<a id="21" s="C" t="C.ar" l="C"/>
		<a id="22" s="C" t="C.ar" l="C"/>
		<a id="23" s="H" t="H" l="H"/>
		<a id="24" s="H" t="H" l="H"/>
		<a id="25" s="H" t="H" l="H"/>
		<a id="26" s="H" t="H" l="H"/>
		<a id="27" s="H" t="H" l="H"/>
		<a id="28" s="H" t="H" l="H"/>
		<a id="29" s="H" t="H" l="H"/>
		<a id="30" s="H" t="H" l="H"/>
		<a id="31" s="H" t="H" l="H"/>
		<a id="32" s="H" t="H" l="H"/>
		<a id="33" s="H" t="H" l="H"/>
		<a id="34" s="H" t="H" l="H"/>
		<a id="35" s="H" t="H" l="H"/>
		<a id="36" s="H" t="H" l="H"/>
		<a id="37" s="H" t="H" l="H"/>
	</atoms>
	<bonds>
		<b id="1" c="1 2" t="1"/>
		<b id="2" c="2 3" t="1"/>
		<b id="3" c="3 4" t="ar"/>
		<b id="4" c="4 5" t="ar"/>
		<b id="5" c="5 6" t="ar"/>
		<b id="6" c="6 7" t="1"/>
		<b id="7" c="7 8" t="ar"/>
		<b id="8" c="8 9" t="ar"/>
		<b id="9" c="9 10" t="1"/>
		<b id="10" c="9 11" t="ar"/>
		<b id="11" c="11 12" t="ar"/>
		<b id="12" c="12 13" t="ar"/>
		<b id="13" c="7 13" t="ar"/>
		<b id="14" c="13 14" t="ar"/>
		<b id="15" c="14 15" t="ar"/>
		<b id="16" c="15 16" t="ar"/>
		<b id="17" c="12 16" t="ar"/>
		<b id="18" c="16 17" t="1"/>
		<b id="19" c="17 18" t="1"/>
		<b id="20" c="18 19" t="1"/>
		<b id="21" c="19 20" t="1"/>
		<b id="22" c="18 20" t="1"/>
		<b id="23" c="6 21" t="ar"/>
		<b id="24" c="21 22" t="ar"/>
		<b id="25" c="3 22" t="ar"/>
		<b id="26" c="1 23" t="1"/>
		<b id="27" c="1 24" t="1"/>
		<b id="28" c="1 25" t="1"/>
		<b id="29" c="4 26" t="1"/>
		<b id="30" c="5 27" t="1"/>
		<b id="31" c="15 28" t="1"/>
		<b id="32" c="17 29" t="1"/>
		<b id="33" c="17 30" t="1"/>
		<b id="34" c="18 31" t="1"/>
		<b id="35" c="19 32" t="1"/>
		<b id="36" c="19 33" t="1"/>
		<b id="37" c="20 34" t="1"/>
		<b id="38" c="20 35" t="1"/>
		<b id="39" c="21 36" t="1"/>
		<b id="40" c="22 37" t="1"/>
	</bonds>
	<geometry>
		<g u="A" t="cart/3d">#37,3:1.9309,-0.6893,-0.9621;2.2489,0.1445,0.1271;2.9679,-0.3678,1.1561;3.4229,-1.6833,1.2367;4.1540,-2.0917,2.3325;4.4484,-1.2078,3.3712;5.2308,-1.6602,4.5056;5.6691,-2.9242,4.4975;6.3962,-3.3777,5.4938;6.8913,-5.0078,5.3637;6.7956,-2.7460,6.5808;6.3632,-1.4900,6.6125;5.5737,-0.8695,5.6139;5.3285,0.4259,5.9934;5.9292,0.5675,7.1343;6.5823,-0.5503,7.5693;7.3082,-0.7242,8.7975;6.4348,-1.1807,9.9564;5.4873,-2.3286,9.7895;4.9559,-0.9388,9.9719;3.9851,0.1102,3.2896;3.2576,0.5203,2.1983;1.3717,-0.0648,-1.6570;1.3071,-1.5337,-0.6527;2.8321,-1.0639,-1.4575;3.2124,-2.3923,0.4514;4.5126,-3.1064,2.4037;5.9328,1.4808,7.6979;7.7830,0.2296,9.0504;8.0847,-1.4736,8.6142;6.9578,-1.1049,10.9018;5.3858,-3.0315,10.6018;5.4122,-2.7838,8.8143;4.4920,-0.6836,10.9125;4.4990,-0.4511,9.1234;4.2073,0.7979,4.0900;2.8957,1.5331,2.1176;</g>
	</geometry>
	<conformers/>
	<properties/>
</molecule>
