<?xml version="1.0" ?>
<!--MOLLI PACKAGE EXPERIMENTAL XML FORMAT-->
<molecule name="el1848">
	<atoms>
		<a id="1" s="C" t="C.3" l="C"/>
		<a id="2" s="O" t="O.3" l="O"/>
		<a id="3" s="C" t="C.ar" l="C"/>
		<a id="4" s="C" t="C.ar" l="C"/>
		<a id="5" s="C" t="C.ar" l="C"/>
		<a id="6" s="C" t="C.ar" l="C"/>
		<a id="7" s="C" t="C.3" l="C"/>
		<a id="8" s="N" t="N.ar" l="N"/>
		<a id="9" s="C" t="C.ar" l="C"/>
		<a id="10" s="C" t="C.ar" l="C"/>
		<a id="11" s="C" t="C.ar" l="C"/>
		<a id="12" s="C" t="C.ar" l="C"/>
		<a id="13" s="C" t="C.ar" l="C"/>
		<a id="14" s="F" t="F" l="F"/>
		<a id="15" s="C" t="C.ar" l="C"/>
		<a id="16" s="F" t="F" l="F"/>
		<a id="17" s="C" t="C.ar" l="C"/>
		<a id="18" s="N" t="N.ar" l="N"/>
		<a id="19" s="C" t="C.ar" l="C"/>
		<a id="20" s="C" t="C.ar" l="C"/>
		<a id="21" s="N" t="N.ar" l="N"/>
		<a id="22" s="C" t="C.ar" l="C"/>
		<a id="23" s="Cl" t="Cl" l="CL"/>
		<a id="24" s="C" t="C.ar" l="C"/>
		<a id="25" s="C" t="C.ar" l="C"/>
		<a id="26" s="C" t="C.ar" l="C"/>
		<a id="27" s="C" t="C.ar" l="C"/>
		<a id="28" s="H" t="H" l="H"/>
		<a id="29" s="H" t="H" l="H"/>
		<a id="30" s="H" t="H" l="H"/>
		<a id="31" s="H" t="H" l="H"/>
		<a id="32" s="H" t="H" l="H"/>
		<a id="33" s="H" t="H" l="H"/>
		<a id="34" s="H" t="H" l="H"/>
		<a id="35" s="H" t="H" l="H"/>
		<a id="36" s="H" t="H" l="H"/>
		<a id="37" s="H" t="H" l="H"/>
		<a id="38" s="H" t="H" l="H"/>
		<a id="39" s="H" t="H" l="H"/>
		<a id="40" s="H" t="H" l="H"/>
		<a id="41" s="H" t="H" l="H"/>
	</atoms>
	<bonds>
		<b id="1" c="1 2" t="1"/>
		<b id="2" c="2 3" t="1"/>
		<b id="3" c="3 4" t="ar"/>
		<b id="4" c="4 5" t="ar"/>
		<b id="5" c="5 6" t="ar"/>
		<b id="6" c="6 7" t="1"/>
		<b id="7" c="7 8" t="1"/>
		<b id="8" c="8 9" t="ar"/>
		<b id="9" c="9 10" t="1"/>
		<b id="10" c="10 11" t="ar"/>
		<b id="11" c="11 12" t="ar"/>
		<b id="12" c="12 13" t="ar"/>
		<b id="13" c="13 14" t="1"/>
		<b id="14" c="13 15" t="ar"/>
		<b id="15" c="15 16" t="1"/>
		<b id="16" c="15 17" t="ar"/>
		<b id="17" c="10 17" t="ar"/>
		<b id="18" c="9 18" t="ar"/>
		<b id="19" c="18 19" t="ar"/>
		<b id="20" c="19 20" t="ar"/>
		<b id="21" c="20 21" t="ar"/>
		<b id="22" c="21 22" t="ar"/>
		<b id="23" c="22 23" t="1"/>
		<b id="24" c="22 24" t="ar"/>
		<b id="25" c="24 25" t="ar"/>
		<b id="26" c="19 25" t="ar"/>
		<b id="27" c="8 25" t="ar"/>
		<b id="28" c="6 26" t="ar"/>
		<b id="29" c="26 27" t="ar"/>
		<b id="30" c="3 27" t="ar"/>
		<b id="31" c="1 28" t="1"/>
		<b id="32" c="1 29" t="1"/>
		<b id="33" c="1 30" t="1"/>
		<b id="34" c="4 31" t="1"/>
		<b id="35" c="5 32" t="1"/>
		<b id="36" c="7 33" t="1"/>
		<b id="37" c="7 34" t="1"/>
		<b id="38" c="11 35" t="1"/>
		<b id="39" c="12 36" t="1"/>
		<b id="40" c="17 37" t="1"/>
		<b id="41" c="20 38" t="1"/>
		<b id="42" c="24 39" t="1"/>
		<b id="43" c="26 40" t="1"/>
		<b id="44" c="27 41" t="1"/>
	</bonds>
	<geometry>
		<g u="A" t="cart/3d">#41,3:11.8895,2.0403,5.8701;11.0652,2.5422,4.8446;9.7482,2.2163,4.8479;9.1209,1.4236,5.8024;7.7655,1.1558,5.7003;7.0105,1.6738,4.6607;5.5314,1.3859,4.5193;4.9083,0.9365,5.7353;4.2575,1.6763,6.7008;4.1639,3.1295,6.7152;5.2003,3.9586,6.2895;5.0645,5.3334,6.3492;3.8965,5.8911,6.8371;3.7679,7.2256,6.8842;2.8671,5.0687,7.2856;1.7394,5.6086,7.7713;2.9979,3.6969,7.2302;3.7095,0.9354,7.6276;4.0081,-0.3558,7.3044;3.7109,-1.5695,7.9149;4.1270,-2.7030,7.3916;4.8366,-2.6929,6.2728;5.3234,-4.2428,5.7010;5.2061,-1.5667,5.5560;4.7685,-0.3711,6.1049;7.6418,2.4697,3.7080;8.9890,2.7370,3.7960;12.8893,2.4111,5.6508;11.9029,0.9459,5.8756;11.5756,2.4065,6.8529;9.6715,1.0055,6.6298;7.3024,0.5358,6.4542;5.3891,0.6005,3.7667;5.0112,2.2831,4.1684;6.1319,3.5406,5.9426;5.8603,5.9850,6.0250;2.2041,3.0625,7.5891;3.1376,-1.6358,8.8271;5.7954,-1.6341,4.6565;7.0668,2.8810,2.8912;9.4846,3.3509,3.0612;</g>
	</geometry>
	<conformers/>
	<properties/>
</molecule>
