<?xml version="1.0" ?>
<!--MOLLI PACKAGE EXPERIMENTAL XML FORMAT-->
<molecule name="el2280">
	<atoms>
		<a id="1" s="F" t="F" l="F"/>
		<a id="2" s="C" t="C.3" l="C"/>
		<a id="3" s="F" t="F" l="F"/>
		<a id="4" s="F" t="F" l="F"/>
		<a id="5" s="C" t="C.ar" l="C"/>
		<a id="6" s="C" t="C.ar" l="C"/>
		<a id="7" s="C" t="C.ar" l="C"/>
		<a id="8" s="C" t="C.ar" l="C"/>
		<a id="9" s="C" t="C.ar" l="C"/>
		<a id="10" s="N" t="N.ar" l="N"/>
		<a id="11" s="C" t="C.ar" l="C"/>
		<a id="12" s="Cl" t="Cl" l="CL"/>
		<a id="13" s="N" t="N.ar" l="N"/>
		<a id="14" s="C" t="C.ar" l="C"/>
		<a id="15" s="C" t="C.ar" l="C"/>
		<a id="16" s="N" t="N.ar" l="N"/>
		<a id="17" s="C" t="C.ar" l="C"/>
		<a id="18" s="N" t="N.ar" l="N"/>
		<a id="19" s="C" t="C.3" l="C"/>
		<a id="20" s="C" t="C.3" l="C"/>
		<a id="21" s="C" t="C.3" l="C"/>
		<a id="22" s="C" t="C.3" l="C"/>
		<a id="23" s="C" t="C.ar" l="C"/>
		<a id="24" s="C" t="C.ar" l="C"/>
		<a id="25" s="H" t="H" l="H"/>
		<a id="26" s="H" t="H" l="H"/>
		<a id="27" s="H" t="H" l="H"/>
		<a id="28" s="H" t="H" l="H"/>
		<a id="29" s="H" t="H" l="H"/>
		<a id="30" s="H" t="H" l="H"/>
		<a id="31" s="H" t="H" l="H"/>
		<a id="32" s="H" t="H" l="H"/>
		<a id="33" s="H" t="H" l="H"/>
		<a id="34" s="H" t="H" l="H"/>
		<a id="35" s="H" t="H" l="H"/>
		<a id="36" s="H" t="H" l="H"/>
	</atoms>
	<bonds>
		<b id="1" c="1 2" t="1"/>
		<b id="2" c="2 3" t="1"/>
		<b id="3" c="2 4" t="1"/>
		<b id="4" c="2 5" t="1"/>
		<b id="5" c="5 6" t="ar"/>
		<b id="6" c="6 7" t="ar"/>
		<b id="7" c="7 8" t="ar"/>
		<b id="8" c="8 9" t="1"/>
		<b id="9" c="9 10" t="ar"/>
		<b id="10" c="10 11" t="ar"/>
		<b id="11" c="11 12" t="1"/>
		<b id="12" c="11 13" t="ar"/>
		<b id="13" c="13 14" t="ar"/>
		<b id="14" c="14 15" t="ar"/>
		<b id="15" c="9 15" t="ar"/>
		<b id="16" c="15 16" t="ar"/>
		<b id="17" c="16 17" t="ar"/>
		<b id="18" c="17 18" t="ar"/>
		<b id="19" c="14 18" t="ar"/>
		<b id="20" c="18 19" t="1"/>
		<b id="21" c="19 20" t="1"/>
		<b id="22" c="20 21" t="1"/>
		<b id="23" c="21 22" t="1"/>
		<b id="24" c="20 22" t="1"/>
		<b id="25" c="8 23" t="ar"/>
		<b id="26" c="23 24" t="ar"/>
		<b id="27" c="5 24" t="ar"/>
		<b id="28" c="6 25" t="1"/>
		<b id="29" c="7 26" t="1"/>
		<b id="30" c="17 27" t="1"/>
		<b id="31" c="19 28" t="1"/>
		<b id="32" c="19 29" t="1"/>
		<b id="33" c="20 30" t="1"/>
		<b id="34" c="21 31" t="1"/>
		<b id="35" c="21 32" t="1"/>
		<b id="36" c="22 33" t="1"/>
		<b id="37" c="22 34" t="1"/>
		<b id="38" c="23 35" t="1"/>
		<b id="39" c="24 36" t="1"/>
	</bonds>
	<geometry>
		<g u="A" t="cart/3d">#36,3:1.0944,-0.5681,-0.2177;2.1085,0.2519,0.0913;1.6918,0.9985,1.1285;3.0928,-0.5336,0.5735;2.5740,1.0875,-1.0672;2.2109,0.7591,-2.3666;2.6725,1.5246,-3.4200;3.5028,2.6191,-3.1774;4.0128,3.4262,-4.2827;4.8208,4.4447,-3.9838;5.3293,5.1898,-4.9433;6.3440,6.4617,-4.4351;5.1563,5.0765,-6.2469;4.3479,4.0746,-6.5640;3.7265,3.1990,-5.6344;2.9722,2.2893,-6.3290;3.1334,2.5959,-7.5794;3.9575,3.6622,-7.7974;4.3153,4.2544,-9.0580;3.3293,5.3110,-9.5315;2.8265,6.3641,-8.5934;1.8952,5.3040,-9.0985;3.8608,2.9406,-1.8672;3.4002,2.1780,-0.8144;1.5697,-0.0894,-2.5487;2.3991,1.2815,-4.4345;2.6746,2.0592,-8.3876;4.3811,3.4550,-9.8032;5.3020,4.7112,-8.9338;3.5360,5.6146,-10.5499;2.7149,7.3703,-8.9657;3.1453,6.3197,-7.5639;1.1441,5.5803,-9.8225;1.5628,4.5450,-8.4061;4.5029,3.7898,-1.7003;3.6724,2.4204,0.2014;</g>
	</geometry>
	<conformers/>
	<properties/>
</molecule>
