<?xml version="1.0" ?>
<!--MOLLI PACKAGE EXPERIMENTAL XML FORMAT-->
<molecule name="el2281">
	<atoms>
		<a id="1" s="N" t="N.1" l="N"/>
		<a id="2" s="C" t="C.1" l="C"/>
		<a id="3" s="C" t="C.ar" l="C"/>
		<a id="4" s="C" t="C.ar" l="C"/>
		<a id="5" s="C" t="C.ar" l="C"/>
		<a id="6" s="C" t="C.ar" l="C"/>
		<a id="7" s="C" t="C.ar" l="C"/>
		<a id="8" s="N" t="N.ar" l="N"/>
		<a id="9" s="C" t="C.ar" l="C"/>
		<a id="10" s="Cl" t="Cl" l="CL"/>
		<a id="11" s="N" t="N.ar" l="N"/>
		<a id="12" s="C" t="C.ar" l="C"/>
		<a id="13" s="C" t="C.ar" l="C"/>
		<a id="14" s="N" t="N.ar" l="N"/>
		<a id="15" s="C" t="C.ar" l="C"/>
		<a id="16" s="N" t="N.ar" l="N"/>
		<a id="17" s="C" t="C.3" l="C"/>
		<a id="18" s="C" t="C.3" l="C"/>
		<a id="19" s="C" t="C.3" l="C"/>
		<a id="20" s="C" t="C.3" l="C"/>
		<a id="21" s="C" t="C.ar" l="C"/>
		<a id="22" s="C" t="C.ar" l="C"/>
		<a id="23" s="H" t="H" l="H"/>
		<a id="24" s="H" t="H" l="H"/>
		<a id="25" s="H" t="H" l="H"/>
		<a id="26" s="H" t="H" l="H"/>
		<a id="27" s="H" t="H" l="H"/>
		<a id="28" s="H" t="H" l="H"/>
		<a id="29" s="H" t="H" l="H"/>
		<a id="30" s="H" t="H" l="H"/>
		<a id="31" s="H" t="H" l="H"/>
		<a id="32" s="H" t="H" l="H"/>
		<a id="33" s="H" t="H" l="H"/>
		<a id="34" s="H" t="H" l="H"/>
	</atoms>
	<bonds>
		<b id="1" c="1 2" t="3"/>
		<b id="2" c="2 3" t="1"/>
		<b id="3" c="3 4" t="ar"/>
		<b id="4" c="4 5" t="ar"/>
		<b id="5" c="5 6" t="ar"/>
		<b id="6" c="6 7" t="1"/>
		<b id="7" c="7 8" t="ar"/>
		<b id="8" c="8 9" t="ar"/>
		<b id="9" c="9 10" t="1"/>
		<b id="10" c="9 11" t="ar"/>
		<b id="11" c="11 12" t="ar"/>
		<b id="12" c="12 13" t="ar"/>
		<b id="13" c="7 13" t="ar"/>
		<b id="14" c="13 14" t="ar"/>
		<b id="15" c="14 15" t="ar"/>
		<b id="16" c="15 16" t="ar"/>
		<b id="17" c="12 16" t="ar"/>
		<b id="18" c="16 17" t="1"/>
		<b id="19" c="17 18" t="1"/>
		<b id="20" c="18 19" t="1"/>
		<b id="21" c="19 20" t="1"/>
		<b id="22" c="18 20" t="1"/>
		<b id="23" c="6 21" t="ar"/>
		<b id="24" c="21 22" t="ar"/>
		<b id="25" c="3 22" t="ar"/>
		<b id="26" c="4 23" t="1"/>
		<b id="27" c="5 24" t="1"/>
		<b id="28" c="15 25" t="1"/>
		<b id="29" c="17 26" t="1"/>
		<b id="30" c="17 27" t="1"/>
		<b id="31" c="18 28" t="1"/>
		<b id="32" c="19 29" t="1"/>
		<b id="33" c="19 30" t="1"/>
		<b id="34" c="20 31" t="1"/>
		<b id="35" c="20 32" t="1"/>
		<b id="36" c="21 33" t="1"/>
		<b id="37" c="22 34" t="1"/>
	</bonds>
	<geometry>
		<g u="A" t="cart/3d">#34,3:-3.0048,-0.4994,0.0117;-1.8642,-0.3911,0.0525;-0.4580,-0.2564,0.1071;0.1507,0.2143,1.2728;1.5221,0.3481,1.3271;2.3022,0.0138,0.2175;3.7526,0.1579,0.2568;4.4359,-0.1609,-0.8447;5.7459,-0.0363,-0.8699;6.5044,-0.4777,-2.3325;6.5484,0.3855,0.0895;5.8883,0.7007,1.1958;4.4815,0.6134,1.3630;4.1664,1.0268,2.6316;5.2999,1.3393,3.1805;6.3846,1.1723,2.3687;7.7678,1.3985,2.6895;8.4424,0.1968,3.3333;8.2823,-1.1731,2.7494;7.6610,-0.8456,4.0739;1.6880,-0.4580,-0.9458;0.3185,-0.5937,-1.0045;-0.4603,0.4715,2.1255;2.0036,0.7112,2.2217;5.3935,1.7105,4.1831;7.8249,2.2569,3.3667;8.2821,1.6438,1.7551;9.4177,0.4549,3.7270;9.1418,-1.8246,2.7283;7.6360,-1.2864,1.8929;8.0960,-1.2686,4.9664;6.5860,-0.7537,4.1250;2.3093,-0.7102,-1.7903;-0.1625,-0.9570,-1.9006;</g>
	</geometry>
	<conformers/>
	<properties/>
</molecule>
