<?xml version="1.0" ?>
<!--MOLLI PACKAGE EXPERIMENTAL XML FORMAT-->
<molecule name="el2284">
	<atoms>
		<a id="1" s="O" t="O.2" l="O"/>
		<a id="2" s="N" t="N.pl3" l="N"/>
		<a id="3" s="O" t="O.co2" l="O"/>
		<a id="4" s="C" t="C.ar" l="C"/>
		<a id="5" s="C" t="C.ar" l="C"/>
		<a id="6" s="C" t="C.ar" l="C"/>
		<a id="7" s="C" t="C.ar" l="C"/>
		<a id="8" s="Cl" t="Cl" l="CL"/>
		<a id="9" s="C" t="C.ar" l="C"/>
		<a id="10" s="C" t="C.ar" l="C"/>
		<a id="11" s="H" t="H" l="H"/>
		<a id="12" s="H" t="H" l="H"/>
		<a id="13" s="H" t="H" l="H"/>
		<a id="14" s="H" t="H" l="H"/>
	</atoms>
	<bonds>
		<b id="1" c="1 2" t="2"/>
		<b id="2" c="2 3" t="1"/>
		<b id="3" c="2 4" t="1"/>
		<b id="4" c="4 5" t="ar"/>
		<b id="5" c="5 6" t="ar"/>
		<b id="6" c="6 7" t="ar"/>
		<b id="7" c="7 8" t="1"/>
		<b id="8" c="7 9" t="ar"/>
		<b id="9" c="9 10" t="ar"/>
		<b id="10" c="4 10" t="ar"/>
		<b id="11" c="5 11" t="1"/>
		<b id="12" c="6 12" t="1"/>
		<b id="13" c="9 13" t="1"/>
		<b id="14" c="10 14" t="1"/>
	</bonds>
	<geometry>
		<g u="A" t="cart/3d">#14,3:1.4541,-0.5620,-0.4933;2.3530,0.0420,0.0503;2.7649,1.1284,-0.2941;2.9821,-0.5800,1.1893;2.5453,-1.8298,1.6134;3.1458,-2.4242,2.7042;4.1782,-1.7635,3.3615;4.9255,-2.5032,4.7210;4.6151,-0.5135,2.9362;4.0145,0.0806,1.8453;1.7418,-2.3174,1.0829;2.8208,-3.3929,3.0481;5.4169,-0.0166,3.4582;4.3313,1.0499,1.4916;</g>
	</geometry>
	<conformers/>
	<properties/>
</molecule>
