<?xml version="1.0" ?>
<!--MOLLI PACKAGE EXPERIMENTAL XML FORMAT-->
<molecule name="el2286">
	<atoms>
		<a id="1" s="C" t="C.3" l="C"/>
		<a id="2" s="C" t="C.3" l="C"/>
		<a id="3" s="O" t="O.3" l="O"/>
		<a id="4" s="C" t="C.2" l="C"/>
		<a id="5" s="O" t="O.2" l="O"/>
		<a id="6" s="C" t="C.ar" l="C"/>
		<a id="7" s="C" t="C.ar" l="C"/>
		<a id="8" s="N" t="N.ar" l="N"/>
		<a id="9" s="C" t="C.ar" l="C"/>
		<a id="10" s="C" t="C.ar" l="C"/>
		<a id="11" s="C" t="C.ar" l="C"/>
		<a id="12" s="C" t="C.ar" l="C"/>
		<a id="13" s="N" t="N.ar" l="N"/>
		<a id="14" s="C" t="C.ar" l="C"/>
		<a id="15" s="Cl" t="Cl" l="CL"/>
		<a id="16" s="C" t="C.ar" l="C"/>
		<a id="17" s="N" t="N.ar" l="N"/>
		<a id="18" s="C" t="C.ar" l="C"/>
		<a id="19" s="H" t="H" l="H"/>
		<a id="20" s="H" t="H" l="H"/>
		<a id="21" s="H" t="H" l="H"/>
		<a id="22" s="H" t="H" l="H"/>
		<a id="23" s="H" t="H" l="H"/>
		<a id="24" s="H" t="H" l="H"/>
		<a id="25" s="H" t="H" l="H"/>
		<a id="26" s="H" t="H" l="H"/>
		<a id="27" s="H" t="H" l="H"/>
		<a id="28" s="H" t="H" l="H"/>
	</atoms>
	<bonds>
		<b id="1" c="1 2" t="1"/>
		<b id="2" c="2 3" t="1"/>
		<b id="3" c="3 4" t="1"/>
		<b id="4" c="4 5" t="2"/>
		<b id="5" c="4 6" t="1"/>
		<b id="6" c="6 7" t="ar"/>
		<b id="7" c="7 8" t="ar"/>
		<b id="8" c="8 9" t="ar"/>
		<b id="9" c="9 10" t="ar"/>
		<b id="10" c="10 11" t="1"/>
		<b id="11" c="11 12" t="ar"/>
		<b id="12" c="12 13" t="ar"/>
		<b id="13" c="13 14" t="ar"/>
		<b id="14" c="14 15" t="1"/>
		<b id="15" c="14 16" t="ar"/>
		<b id="16" c="16 17" t="ar"/>
		<b id="17" c="11 17" t="ar"/>
		<b id="18" c="10 18" t="ar"/>
		<b id="19" c="6 18" t="ar"/>
		<b id="20" c="1 19" t="1"/>
		<b id="21" c="1 20" t="1"/>
		<b id="22" c="1 21" t="1"/>
		<b id="23" c="2 22" t="1"/>
		<b id="24" c="2 23" t="1"/>
		<b id="25" c="7 24" t="1"/>
		<b id="26" c="9 25" t="1"/>
		<b id="27" c="12 26" t="1"/>
		<b id="28" c="16 27" t="1"/>
		<b id="29" c="18 28" t="1"/>
	</bonds>
	<geometry>
		<g u="A" t="cart/3d">#28,3:1.5786,0.7758,-0.8065;2.4821,0.2588,0.3035;3.1415,1.3327,0.9771;4.2728,1.7839,0.4301;4.7744,1.3277,-0.5672;4.8553,2.9158,1.1999;6.0699,3.4622,0.7791;6.6667,4.4570,1.4055;6.0819,4.9765,2.4679;4.8517,4.5371,2.9656;4.2185,5.1455,4.1361;4.4717,6.4562,4.5531;3.9075,6.9608,5.6348;3.0757,6.1890,6.3090;2.3753,6.8471,7.7274;2.7694,4.8957,5.8819;3.3439,4.3929,4.8125;4.2374,3.4678,2.3142;1.0561,-0.0570,-1.2679;2.1734,1.2806,-1.5639;0.8494,1.4753,-0.4047;3.2380,-0.4181,-0.1078;1.9051,-0.2507,1.0778;6.5692,3.0664,-0.0946;6.6333,5.7697,2.9546;5.1216,7.1264,4.0091;2.0639,4.2676,6.4060;3.2955,3.0876,2.6771;</g>
	</geometry>
	<conformers/>
	<properties/>
</molecule>
