<?xml version="1.0" ?>
<!--MOLLI PACKAGE EXPERIMENTAL XML FORMAT-->
<molecule name="el2289">
	<atoms>
		<a id="1" s="Cl" t="Cl" l="CL"/>
		<a id="2" s="C" t="C.ar" l="C"/>
		<a id="3" s="C" t="C.ar" l="C"/>
		<a id="4" s="N" t="N.ar" l="N"/>
		<a id="5" s="C" t="C.ar" l="C"/>
		<a id="6" s="C" t="C.ar" l="C"/>
		<a id="7" s="O" t="O.3" l="O"/>
		<a id="8" s="C" t="C.ar" l="C"/>
		<a id="9" s="C" t="C.ar" l="C"/>
		<a id="10" s="C" t="C.ar" l="C"/>
		<a id="11" s="C" t="C.ar" l="C"/>
		<a id="12" s="N" t="N.ar" l="N"/>
		<a id="13" s="C" t="C.ar" l="C"/>
		<a id="14" s="C" t="C.ar" l="C"/>
		<a id="15" s="C" t="C.ar" l="C"/>
		<a id="16" s="C" t="C.ar" l="C"/>
		<a id="17" s="C" t="C.ar" l="C"/>
		<a id="18" s="N" t="N.ar" l="N"/>
		<a id="19" s="H" t="H" l="H"/>
		<a id="20" s="H" t="H" l="H"/>
		<a id="21" s="H" t="H" l="H"/>
		<a id="22" s="H" t="H" l="H"/>
		<a id="23" s="H" t="H" l="H"/>
		<a id="24" s="H" t="H" l="H"/>
		<a id="25" s="H" t="H" l="H"/>
		<a id="26" s="H" t="H" l="H"/>
	</atoms>
	<bonds>
		<b id="1" c="1 2" t="1"/>
		<b id="2" c="2 3" t="ar"/>
		<b id="3" c="3 4" t="ar"/>
		<b id="4" c="4 5" t="ar"/>
		<b id="5" c="5 6" t="ar"/>
		<b id="6" c="6 7" t="1"/>
		<b id="7" c="7 8" t="1"/>
		<b id="8" c="8 9" t="ar"/>
		<b id="9" c="9 10" t="ar"/>
		<b id="10" c="10 11" t="ar"/>
		<b id="11" c="11 12" t="ar"/>
		<b id="12" c="12 13" t="ar"/>
		<b id="13" c="13 14" t="ar"/>
		<b id="14" c="14 15" t="ar"/>
		<b id="15" c="15 16" t="ar"/>
		<b id="16" c="11 16" t="ar"/>
		<b id="17" c="16 17" t="ar"/>
		<b id="18" c="8 17" t="ar"/>
		<b id="19" c="6 18" t="ar"/>
		<b id="20" c="2 18" t="ar"/>
		<b id="21" c="3 19" t="1"/>
		<b id="22" c="5 20" t="1"/>
		<b id="23" c="9 21" t="1"/>
		<b id="24" c="10 22" t="1"/>
		<b id="25" c="13 23" t="1"/>
		<b id="26" c="14 24" t="1"/>
		<b id="27" c="15 25" t="1"/>
		<b id="28" c="17 26" t="1"/>
	</bonds>
	<geometry>
		<g u="A" t="cart/3d">#26,3:1.9463,1.0719,2.0732;0.3456,0.7096,1.5826;-0.1602,-0.5842,1.6614;-1.3961,-0.8317,1.2618;-2.1302,0.1630,0.8046;-1.6171,1.4680,0.7395;-2.2662,2.5293,0.2418;-3.6443,2.5462,0.1686;-4.4425,2.1148,1.2485;-5.8020,2.2129,1.1785;-6.4261,2.7535,0.0338;-7.7701,2.8331,0.0051;-8.3422,3.3462,-1.0467;-7.6397,3.8266,-2.1681;-6.2737,3.7550,-2.1662;-5.6159,3.2061,-1.0446;-4.2170,3.0884,-0.9536;-0.3724,1.7178,1.1299;0.4174,-1.4158,2.0325;-3.1281,-0.0840,0.4716;-3.9623,1.7245,2.1340;-6.4300,1.8919,1.9941;-9.4236,3.3890,-1.0212;-8.1801,4.2405,-3.0053;-5.6888,4.1095,-3.0033;-3.5912,3.4312,-1.7634;</g>
	</geometry>
	<conformers/>
	<properties/>
</molecule>
