<?xml version="1.0" ?>
<!--MOLLI PACKAGE EXPERIMENTAL XML FORMAT-->
<molecule name="el1849">
	<atoms>
		<a id="1" s="C" t="C.3" l="C"/>
		<a id="2" s="O" t="O.3" l="O"/>
		<a id="3" s="C" t="C.ar" l="C"/>
		<a id="4" s="C" t="C.ar" l="C"/>
		<a id="5" s="C" t="C.ar" l="C"/>
		<a id="6" s="C" t="C.ar" l="C"/>
		<a id="7" s="C" t="C.3" l="C"/>
		<a id="8" s="N" t="N.ar" l="N"/>
		<a id="9" s="C" t="C.ar" l="C"/>
		<a id="10" s="C" t="C.ar" l="C"/>
		<a id="11" s="C" t="C.ar" l="C"/>
		<a id="12" s="C" t="C.ar" l="C"/>
		<a id="13" s="C" t="C.ar" l="C"/>
		<a id="14" s="F" t="F" l="F"/>
		<a id="15" s="C" t="C.ar" l="C"/>
		<a id="16" s="C" t="C.3" l="C"/>
		<a id="17" s="F" t="F" l="F"/>
		<a id="18" s="F" t="F" l="F"/>
		<a id="19" s="F" t="F" l="F"/>
		<a id="20" s="C" t="C.ar" l="C"/>
		<a id="21" s="N" t="N.ar" l="N"/>
		<a id="22" s="C" t="C.ar" l="C"/>
		<a id="23" s="C" t="C.ar" l="C"/>
		<a id="24" s="N" t="N.ar" l="N"/>
		<a id="25" s="C" t="C.ar" l="C"/>
		<a id="26" s="Cl" t="Cl" l="CL"/>
		<a id="27" s="C" t="C.ar" l="C"/>
		<a id="28" s="C" t="C.ar" l="C"/>
		<a id="29" s="C" t="C.ar" l="C"/>
		<a id="30" s="C" t="C.ar" l="C"/>
		<a id="31" s="H" t="H" l="H"/>
		<a id="32" s="H" t="H" l="H"/>
		<a id="33" s="H" t="H" l="H"/>
		<a id="34" s="H" t="H" l="H"/>
		<a id="35" s="H" t="H" l="H"/>
		<a id="36" s="H" t="H" l="H"/>
		<a id="37" s="H" t="H" l="H"/>
		<a id="38" s="H" t="H" l="H"/>
		<a id="39" s="H" t="H" l="H"/>
		<a id="40" s="H" t="H" l="H"/>
		<a id="41" s="H" t="H" l="H"/>
		<a id="42" s="H" t="H" l="H"/>
		<a id="43" s="H" t="H" l="H"/>
		<a id="44" s="H" t="H" l="H"/>
	</atoms>
	<bonds>
		<b id="1" c="1 2" t="1"/>
		<b id="2" c="2 3" t="1"/>
		<b id="3" c="3 4" t="ar"/>
		<b id="4" c="4 5" t="ar"/>
		<b id="5" c="5 6" t="ar"/>
		<b id="6" c="6 7" t="1"/>
		<b id="7" c="7 8" t="1"/>
		<b id="8" c="8 9" t="ar"/>
		<b id="9" c="9 10" t="1"/>
		<b id="10" c="10 11" t="ar"/>
		<b id="11" c="11 12" t="ar"/>
		<b id="12" c="12 13" t="ar"/>
		<b id="13" c="13 14" t="1"/>
		<b id="14" c="13 15" t="ar"/>
		<b id="15" c="15 16" t="1"/>
		<b id="16" c="16 17" t="1"/>
		<b id="17" c="16 18" t="1"/>
		<b id="18" c="16 19" t="1"/>
		<b id="19" c="15 20" t="ar"/>
		<b id="20" c="10 20" t="ar"/>
		<b id="21" c="9 21" t="ar"/>
		<b id="22" c="21 22" t="ar"/>
		<b id="23" c="22 23" t="ar"/>
		<b id="24" c="23 24" t="ar"/>
		<b id="25" c="24 25" t="ar"/>
		<b id="26" c="25 26" t="1"/>
		<b id="27" c="25 27" t="ar"/>
		<b id="28" c="27 28" t="ar"/>
		<b id="29" c="22 28" t="ar"/>
		<b id="30" c="8 28" t="ar"/>
		<b id="31" c="6 29" t="ar"/>
		<b id="32" c="29 30" t="ar"/>
		<b id="33" c="3 30" t="ar"/>
		<b id="34" c="1 31" t="1"/>
		<b id="35" c="1 32" t="1"/>
		<b id="36" c="1 33" t="1"/>
		<b id="37" c="4 34" t="1"/>
		<b id="38" c="5 35" t="1"/>
		<b id="39" c="7 36" t="1"/>
		<b id="40" c="7 37" t="1"/>
		<b id="41" c="11 38" t="1"/>
		<b id="42" c="12 39" t="1"/>
		<b id="43" c="20 40" t="1"/>
		<b id="44" c="23 41" t="1"/>
		<b id="45" c="27 42" t="1"/>
		<b id="46" c="29 43" t="1"/>
		<b id="47" c="30 44" t="1"/>
	</bonds>
	<geometry>
		<g u="A" t="cart/3d">#44,3:11.5130,6.3289,-2.8332;10.6349,5.3989,-3.4228;9.3715,5.2977,-2.9409;8.8473,6.0564,-1.8999;7.5382,5.8631,-1.4911;6.7266,4.9249,-2.1086;5.3000,4.6884,-1.6625;4.6892,5.8404,-1.0526;3.9352,6.8340,-1.6407;3.6670,6.9464,-3.0679;4.6075,6.6237,-4.0452;4.3001,6.7651,-5.3854;3.0527,7.2356,-5.7533;2.7588,7.3591,-7.0522;2.1079,7.5893,-4.7918;0.7637,8.1130,-5.2265;0.0938,7.2222,-5.9759;-0.0304,8.4053,-4.1887;0.8640,9.2326,-5.9570;2.4230,7.4476,-3.4519;3.4495,7.6859,-0.7770;3.8968,7.2799,0.4456;3.7181,7.7899,1.7275;4.2640,7.1962,2.7665;4.9919,6.1018,2.5963;5.6495,5.4288,4.0377;5.2555,5.4833,1.3851;4.6825,6.1073,0.2873;7.2542,4.1688,-3.1522;8.5557,4.3484,-3.5629;12.4538,6.2258,-3.3711;11.6767,6.1103,-1.7735;11.1448,7.3539,-2.9421;9.4445,6.7985,-1.3952;7.1553,6.4635,-0.6790;5.2831,3.8783,-0.9232;4.6900,4.3756,-2.5157;5.5953,6.2910,-3.7668;5.0175,6.5208,-6.1522;1.7139,7.7260,-2.6885;3.1353,8.6770,1.9231;5.8666,4.5981,1.3219;6.6354,3.4326,-3.6444;8.9714,3.7653,-4.3687;</g>
	</geometry>
	<conformers/>
	<properties/>
</molecule>
