<?xml version="1.0" ?>
<!--MOLLI PACKAGE EXPERIMENTAL XML FORMAT-->
<molecule name="el2290">
	<atoms>
		<a id="1" s="O" t="O.2" l="O"/>
		<a id="2" s="C" t="C.2" l="C"/>
		<a id="3" s="C" t="C.3" l="C"/>
		<a id="4" s="C" t="C.3" l="C"/>
		<a id="5" s="C" t="C.3" l="C"/>
		<a id="6" s="C" t="C.ar" l="C"/>
		<a id="7" s="C" t="C.ar" l="C"/>
		<a id="8" s="O" t="O.3" l="O"/>
		<a id="9" s="C" t="C.ar" l="C"/>
		<a id="10" s="C" t="C.ar" l="C"/>
		<a id="11" s="N" t="N.ar" l="N"/>
		<a id="12" s="C" t="C.ar" l="C"/>
		<a id="13" s="C" t="C.ar" l="C"/>
		<a id="14" s="Cl" t="Cl" l="CL"/>
		<a id="15" s="N" t="N.ar" l="N"/>
		<a id="16" s="C" t="C.ar" l="C"/>
		<a id="17" s="C" t="C.ar" l="C"/>
		<a id="18" s="C" t="C.ar" l="C"/>
		<a id="19" s="C" t="C.ar" l="C"/>
		<a id="20" s="H" t="H" l="H"/>
		<a id="21" s="H" t="H" l="H"/>
		<a id="22" s="H" t="H" l="H"/>
		<a id="23" s="H" t="H" l="H"/>
		<a id="24" s="H" t="H" l="H"/>
		<a id="25" s="H" t="H" l="H"/>
		<a id="26" s="H" t="H" l="H"/>
		<a id="27" s="H" t="H" l="H"/>
		<a id="28" s="H" t="H" l="H"/>
		<a id="29" s="H" t="H" l="H"/>
		<a id="30" s="H" t="H" l="H"/>
	</atoms>
	<bonds>
		<b id="1" c="1 2" t="2"/>
		<b id="2" c="2 3" t="1"/>
		<b id="3" c="3 4" t="1"/>
		<b id="4" c="4 5" t="1"/>
		<b id="5" c="5 6" t="1"/>
		<b id="6" c="6 7" t="ar"/>
		<b id="7" c="7 8" t="1"/>
		<b id="8" c="8 9" t="1"/>
		<b id="9" c="9 10" t="ar"/>
		<b id="10" c="10 11" t="ar"/>
		<b id="11" c="11 12" t="ar"/>
		<b id="12" c="12 13" t="ar"/>
		<b id="13" c="13 14" t="1"/>
		<b id="14" c="13 15" t="ar"/>
		<b id="15" c="9 15" t="ar"/>
		<b id="16" c="7 16" t="ar"/>
		<b id="17" c="16 17" t="ar"/>
		<b id="18" c="17 18" t="ar"/>
		<b id="19" c="18 19" t="ar"/>
		<b id="20" c="6 19" t="ar"/>
		<b id="21" c="2 19" t="1"/>
		<b id="22" c="3 20" t="1"/>
		<b id="23" c="3 21" t="1"/>
		<b id="24" c="4 22" t="1"/>
		<b id="25" c="4 23" t="1"/>
		<b id="26" c="5 24" t="1"/>
		<b id="27" c="5 25" t="1"/>
		<b id="28" c="10 26" t="1"/>
		<b id="29" c="12 27" t="1"/>
		<b id="30" c="16 28" t="1"/>
		<b id="31" c="17 29" t="1"/>
		<b id="32" c="18 30" t="1"/>
	</bonds>
	<geometry>
		<g u="A" t="cart/3d">#30,3:1.8504,1.9733,-0.1971;1.4249,0.8403,-0.2185;2.3379,-0.3589,-0.3285;1.7675,-1.5713,0.3947;0.4204,-1.9406,-0.2141;-0.5110,-0.7666,-0.1907;-1.8926,-0.9598,-0.1857;-2.3409,-2.2726,-0.2950;-3.3364,-2.7175,0.4727;-3.8461,-4.0065,0.2365;-4.8112,-4.4980,0.9816;-5.2946,-3.7583,1.9695;-4.7766,-2.4920,2.2053;-5.3595,-1.5067,3.4821;-3.8118,-1.9769,1.4650;-2.7726,0.1113,-0.1519;-2.2777,1.4043,-0.1118;-0.9156,1.6193,-0.1225;-0.0276,0.5446,-0.1708;3.3230,-0.0855,0.0532;2.4458,-0.5825,-1.3949;1.6386,-1.3366,1.4537;2.4576,-2.4130,0.3171;-0.0313,-2.7772,0.3228;0.5599,-2.2606,-1.2522;-3.4621,-4.6255,-0.5598;-6.0891,-4.1818,2.5624;-3.8358,-0.0684,-0.1564;-2.9623,2.2376,-0.0804;-0.5040,2.6171,-0.1017;</g>
	</geometry>
	<conformers/>
	<properties/>
</molecule>
