<?xml version="1.0" ?>
<!--MOLLI PACKAGE EXPERIMENTAL XML FORMAT-->
<molecule name="el2293">
	<atoms>
		<a id="1" s="F" t="F" l="F"/>
		<a id="2" s="C" t="C.ar" l="C"/>
		<a id="3" s="C" t="C.ar" l="C"/>
		<a id="4" s="C" t="C.ar" l="C"/>
		<a id="5" s="C" t="C.ar" l="C"/>
		<a id="6" s="C" t="C.ar" l="C"/>
		<a id="7" s="O" t="O.3" l="O"/>
		<a id="8" s="C" t="C.ar" l="C"/>
		<a id="9" s="C" t="C.ar" l="C"/>
		<a id="10" s="N" t="N.ar" l="N"/>
		<a id="11" s="C" t="C.ar" l="C"/>
		<a id="12" s="C" t="C.ar" l="C"/>
		<a id="13" s="Cl" t="Cl" l="CL"/>
		<a id="14" s="N" t="N.ar" l="N"/>
		<a id="15" s="C" t="C.ar" l="C"/>
		<a id="16" s="H" t="H" l="H"/>
		<a id="17" s="H" t="H" l="H"/>
		<a id="18" s="H" t="H" l="H"/>
		<a id="19" s="H" t="H" l="H"/>
		<a id="20" s="H" t="H" l="H"/>
		<a id="21" s="H" t="H" l="H"/>
	</atoms>
	<bonds>
		<b id="1" c="1 2" t="1"/>
		<b id="2" c="2 3" t="ar"/>
		<b id="3" c="3 4" t="ar"/>
		<b id="4" c="4 5" t="ar"/>
		<b id="5" c="5 6" t="ar"/>
		<b id="6" c="6 7" t="1"/>
		<b id="7" c="7 8" t="1"/>
		<b id="8" c="8 9" t="ar"/>
		<b id="9" c="9 10" t="ar"/>
		<b id="10" c="10 11" t="ar"/>
		<b id="11" c="11 12" t="ar"/>
		<b id="12" c="12 13" t="1"/>
		<b id="13" c="12 14" t="ar"/>
		<b id="14" c="8 14" t="ar"/>
		<b id="15" c="6 15" t="ar"/>
		<b id="16" c="2 15" t="ar"/>
		<b id="17" c="3 16" t="1"/>
		<b id="18" c="4 17" t="1"/>
		<b id="19" c="5 18" t="1"/>
		<b id="20" c="9 19" t="1"/>
		<b id="21" c="11 20" t="1"/>
		<b id="22" c="15 21" t="1"/>
	</bonds>
	<geometry>
		<g u="A" t="cart/3d">#21,3:2.1132,-0.3034,-0.0652;0.7811,-0.1142,-0.0151;0.2816,1.1758,-0.0253;-1.0897,1.3497,0.0322;-1.9443,0.2624,0.0944;-1.4176,-1.0219,0.0904;-2.1885,-2.1641,0.2086;-3.3556,-2.2918,-0.4276;-4.1250,-3.4449,-0.1917;-5.2614,-3.6391,-0.8232;-5.6733,-2.7272,-1.6927;-4.9095,-1.5903,-1.9182;-5.4023,-0.3796,-3.0271;-3.7653,-1.3754,-1.2934;-0.0433,-1.2210,0.0416;0.9576,2.0140,-0.0746;-1.5011,2.3469,0.0316;-3.0100,0.4111,0.1431;-3.8068,-4.1995,0.5109;-6.6085,-2.9104,-2.1969;0.3675,-2.2173,0.0481;</g>
	</geometry>
	<conformers/>
	<properties/>
</molecule>
