<?xml version="1.0" ?>
<!--MOLLI PACKAGE EXPERIMENTAL XML FORMAT-->
<molecule name="el2295">
	<atoms>
		<a id="1" s="C" t="C.3" l="C"/>
		<a id="2" s="N" t="N.pl3" l="N"/>
		<a id="3" s="C" t="C.ar" l="C"/>
		<a id="4" s="N" t="N.ar" l="N"/>
		<a id="5" s="C" t="C.ar" l="C"/>
		<a id="6" s="C" t="C.ar" l="C"/>
		<a id="7" s="C" t="C.ar" l="C"/>
		<a id="8" s="C" t="C.ar" l="C"/>
		<a id="9" s="C" t="C.ar" l="C"/>
		<a id="10" s="C" t="C.ar" l="C"/>
		<a id="11" s="C" t="C.3" l="C"/>
		<a id="12" s="C" t="C.ar" l="C"/>
		<a id="13" s="C" t="C.ar" l="C"/>
		<a id="14" s="C" t="C.ar" l="C"/>
		<a id="15" s="C" t="C.ar" l="C"/>
		<a id="16" s="Cl" t="Cl" l="CL"/>
		<a id="17" s="N" t="N.ar" l="N"/>
		<a id="18" s="C" t="C.ar" l="C"/>
		<a id="19" s="C" t="C.ar" l="C"/>
		<a id="20" s="C" t="C.ar" l="C"/>
		<a id="21" s="C" t="C.ar" l="C"/>
		<a id="22" s="C" t="C.ar" l="C"/>
		<a id="23" s="C" t="C.ar" l="C"/>
		<a id="24" s="N" t="N.ar" l="N"/>
		<a id="25" s="H" t="H" l="H"/>
		<a id="26" s="H" t="H" l="H"/>
		<a id="27" s="H" t="H" l="H"/>
		<a id="28" s="H" t="H" l="H"/>
		<a id="29" s="H" t="H" l="H"/>
		<a id="30" s="H" t="H" l="H"/>
		<a id="31" s="H" t="H" l="H"/>
		<a id="32" s="H" t="H" l="H"/>
		<a id="33" s="H" t="H" l="H"/>
		<a id="34" s="H" t="H" l="H"/>
		<a id="35" s="H" t="H" l="H"/>
		<a id="36" s="H" t="H" l="H"/>
		<a id="37" s="H" t="H" l="H"/>
		<a id="38" s="H" t="H" l="H"/>
		<a id="39" s="H" t="H" l="H"/>
	</atoms>
	<bonds>
		<b id="1" c="1 2" t="1"/>
		<b id="2" c="2 3" t="1"/>
		<b id="3" c="3 4" t="ar"/>
		<b id="4" c="4 5" t="ar"/>
		<b id="5" c="5 6" t="ar"/>
		<b id="6" c="6 7" t="ar"/>
		<b id="7" c="7 8" t="ar"/>
		<b id="8" c="8 9" t="1"/>
		<b id="9" c="9 10" t="ar"/>
		<b id="10" c="10 11" t="1"/>
		<b id="11" c="10 12" t="ar"/>
		<b id="12" c="12 13" t="ar"/>
		<b id="13" c="13 14" t="ar"/>
		<b id="14" c="14 15" t="ar"/>
		<b id="15" c="15 16" t="1"/>
		<b id="16" c="15 17" t="ar"/>
		<b id="17" c="17 18" t="ar"/>
		<b id="18" c="18 19" t="ar"/>
		<b id="19" c="19 20" t="ar"/>
		<b id="20" c="9 20" t="ar"/>
		<b id="21" c="14 20" t="ar"/>
		<b id="22" c="8 21" t="ar"/>
		<b id="23" c="21 22" t="ar"/>
		<b id="24" c="22 23" t="ar"/>
		<b id="25" c="6 23" t="ar"/>
		<b id="26" c="23 24" t="ar"/>
		<b id="27" c="3 24" t="ar"/>
		<b id="28" c="1 25" t="1"/>
		<b id="29" c="1 26" t="1"/>
		<b id="30" c="1 27" t="1"/>
		<b id="31" c="2 28" t="1"/>
		<b id="32" c="5 29" t="1"/>
		<b id="33" c="7 30" t="1"/>
		<b id="34" c="11 31" t="1"/>
		<b id="35" c="11 32" t="1"/>
		<b id="36" c="11 33" t="1"/>
		<b id="37" c="12 34" t="1"/>
		<b id="38" c="13 35" t="1"/>
		<b id="39" c="18 36" t="1"/>
		<b id="40" c="19 37" t="1"/>
		<b id="41" c="21 38" t="1"/>
		<b id="42" c="22 39" t="1"/>
	</bonds>
	<geometry>
		<g u="A" t="cart/3d">#39,3:1.0509,-0.2586,-0.2709;2.4636,-0.1762,-0.0225;3.0670,-0.6823,1.0656;4.4082,-0.4458,1.1279;5.0444,-0.9214,2.1556;4.4078,-1.6543,3.1833;5.0612,-2.1736,4.3115;4.3563,-2.8742,5.2597;5.0298,-3.4278,6.4545;5.5550,-2.5968,7.4239;5.4677,-1.1042,7.3215;6.1858,-3.1558,8.5518;6.2891,-4.5063,8.7209;5.7600,-5.3756,7.7497;5.8172,-6.7886,7.8304;6.5608,-7.5314,9.1954;5.3462,-7.6052,6.9382;4.7631,-7.0869,5.8475;4.6315,-5.7439,5.6323;5.1248,-4.8368,6.5981;2.9676,-3.0686,5.0886;2.3051,-2.5699,4.0035;3.0085,-1.8459,3.0172;2.3563,-1.3510,1.9523;0.8640,-0.6461,-1.2737;0.5764,0.7218,-0.1767;0.6262,-0.9339,0.4677;3.0479,0.3556,-0.6472;6.1107,-0.7270,2.1962;6.1266,-2.0235,4.4180;4.6445,-0.7978,6.6812;6.3911,-0.7032,6.9028;5.3333,-0.6660,8.3083;6.5894,-2.4877,9.2989;6.7700,-4.9236,9.5915;4.4008,-7.8188,5.1396;4.1614,-5.3746,4.7347;2.4293,-3.6181,5.8483;1.2438,-2.7127,3.8743;</g>
	</geometry>
	<conformers/>
	<properties/>
</molecule>
