<?xml version="1.0" ?>
<!--MOLLI PACKAGE EXPERIMENTAL XML FORMAT-->
<molecule name="el2296">
	<atoms>
		<a id="1" s="Cl" t="Cl" l="CL"/>
		<a id="2" s="C" t="C.ar" l="C"/>
		<a id="3" s="C" t="C.ar" l="C"/>
		<a id="4" s="C" t="C.ar" l="C"/>
		<a id="5" s="N" t="N.ar" l="N"/>
		<a id="6" s="C" t="C.ar" l="C"/>
		<a id="7" s="N" t="N.ar" l="N"/>
		<a id="8" s="C" t="C.ar" l="C"/>
		<a id="9" s="C" t="C.ar" l="C"/>
		<a id="10" s="C" t="C.ar" l="C"/>
		<a id="11" s="C" t="C.ar" l="C"/>
		<a id="12" s="C" t="C.ar" l="C"/>
		<a id="13" s="C" t="C.ar" l="C"/>
		<a id="14" s="C" t="C.ar" l="C"/>
		<a id="15" s="H" t="H" l="H"/>
		<a id="16" s="H" t="H" l="H"/>
		<a id="17" s="H" t="H" l="H"/>
		<a id="18" s="H" t="H" l="H"/>
		<a id="19" s="H" t="H" l="H"/>
		<a id="20" s="H" t="H" l="H"/>
		<a id="21" s="H" t="H" l="H"/>
	</atoms>
	<bonds>
		<b id="1" c="1 2" t="1"/>
		<b id="2" c="2 3" t="ar"/>
		<b id="3" c="3 4" t="ar"/>
		<b id="4" c="4 5" t="ar"/>
		<b id="5" c="5 6" t="ar"/>
		<b id="6" c="6 7" t="ar"/>
		<b id="7" c="7 8" t="ar"/>
		<b id="8" c="8 9" t="ar"/>
		<b id="9" c="9 10" t="ar"/>
		<b id="10" c="10 11" t="ar"/>
		<b id="11" c="11 12" t="ar"/>
		<b id="12" c="12 13" t="ar"/>
		<b id="13" c="8 13" t="ar"/>
		<b id="14" c="13 14" t="ar"/>
		<b id="15" c="2 14" t="ar"/>
		<b id="16" c="6 14" t="ar"/>
		<b id="17" c="3 15" t="1"/>
		<b id="18" c="4 16" t="1"/>
		<b id="19" c="7 17" t="1"/>
		<b id="20" c="9 18" t="1"/>
		<b id="21" c="10 19" t="1"/>
		<b id="22" c="11 20" t="1"/>
		<b id="23" c="12 21" t="1"/>
	</bonds>
	<geometry>
		<g u="A" t="cart/3d">#21,3:0.9508,0.1343,0.0077;2.6746,0.0690,0.0085;3.4183,1.2407,0.0089;4.8073,1.1639,0.0095;5.4960,0.0346,0.0098;4.7761,-1.0728,0.0094;5.2782,-2.3375,0.0096;4.2400,-3.2396,0.0091;4.2765,-4.6247,0.0091;3.0701,-5.2992,0.0085;1.8564,-4.6149,0.0080;1.8120,-3.2351,0.0081;3.0125,-2.5340,0.0086;3.3522,-1.1406,0.0088;2.9269,2.1995,0.0087;5.4018,2.0664,0.0099;6.2588,-2.5599,0.0101;5.2161,-5.1565,0.0094;3.0672,-6.3791,0.0085;0.9353,-5.1782,0.0077;0.8698,-2.7105,0.0077;</g>
	</geometry>
	<conformers/>
	<properties/>
</molecule>
