<?xml version="1.0" ?>
<!--MOLLI PACKAGE EXPERIMENTAL XML FORMAT-->
<molecule name="el1805">
	<atoms>
		<a id="1" s="C" t="C.3" l="C"/>
		<a id="2" s="N" t="N.ar" l="N"/>
		<a id="3" s="N" t="N.ar" l="N"/>
		<a id="4" s="C" t="C.ar" l="C"/>
		<a id="5" s="C" t="C.ar" l="C"/>
		<a id="6" s="C" t="C.ar" l="C"/>
		<a id="7" s="C" t="C.ar" l="C"/>
		<a id="8" s="C" t="C.ar" l="C"/>
		<a id="9" s="C" t="C.ar" l="C"/>
		<a id="10" s="N" t="N.ar" l="N"/>
		<a id="11" s="C" t="C.ar" l="C"/>
		<a id="12" s="Cl" t="Cl" l="CL"/>
		<a id="13" s="C" t="C.ar" l="C"/>
		<a id="14" s="C" t="C.ar" l="C"/>
		<a id="15" s="N" t="N.pl3" l="N"/>
		<a id="16" s="C" t="C.3" l="C"/>
		<a id="17" s="C" t="C.3" l="C"/>
		<a id="18" s="C" t="C.3" l="C"/>
		<a id="19" s="N" t="N.am" l="N"/>
		<a id="20" s="C" t="C.2" l="C"/>
		<a id="21" s="O" t="O.2" l="O"/>
		<a id="22" s="O" t="O.3" l="O"/>
		<a id="23" s="C" t="C.3" l="C"/>
		<a id="24" s="C" t="C.3" l="C"/>
		<a id="25" s="C" t="C.3" l="C"/>
		<a id="26" s="C" t="C.3" l="C"/>
		<a id="27" s="C" t="C.3" l="C"/>
		<a id="28" s="C" t="C.3" l="C"/>
		<a id="29" s="O" t="O.3" l="O"/>
		<a id="30" s="C" t="C.ar" l="C"/>
		<a id="31" s="C" t="C.ar" l="C"/>
		<a id="32" s="C" t="C.ar" l="C"/>
		<a id="33" s="H" t="H" l="H"/>
		<a id="34" s="H" t="H" l="H"/>
		<a id="35" s="H" t="H" l="H"/>
		<a id="36" s="H" t="H" l="H"/>
		<a id="37" s="H" t="H" l="H"/>
		<a id="38" s="H" t="H" l="H"/>
		<a id="39" s="H" t="H" l="H"/>
		<a id="40" s="H" t="H" l="H"/>
		<a id="41" s="H" t="H" l="H"/>
		<a id="42" s="H" t="H" l="H"/>
		<a id="43" s="H" t="H" l="H"/>
		<a id="44" s="H" t="H" l="H"/>
		<a id="45" s="H" t="H" l="H"/>
		<a id="46" s="H" t="H" l="H"/>
		<a id="47" s="H" t="H" l="H"/>
		<a id="48" s="H" t="H" l="H"/>
		<a id="49" s="H" t="H" l="H"/>
		<a id="50" s="H" t="H" l="H"/>
		<a id="51" s="H" t="H" l="H"/>
		<a id="52" s="H" t="H" l="H"/>
		<a id="53" s="H" t="H" l="H"/>
		<a id="54" s="H" t="H" l="H"/>
		<a id="55" s="H" t="H" l="H"/>
		<a id="56" s="H" t="H" l="H"/>
		<a id="57" s="H" t="H" l="H"/>
		<a id="58" s="H" t="H" l="H"/>
		<a id="59" s="H" t="H" l="H"/>
		<a id="60" s="H" t="H" l="H"/>
	</atoms>
	<bonds>
		<b id="1" c="1 2" t="1"/>
		<b id="2" c="2 3" t="ar"/>
		<b id="3" c="3 4" t="ar"/>
		<b id="4" c="4 5" t="ar"/>
		<b id="5" c="5 6" t="ar"/>
		<b id="6" c="6 7" t="ar"/>
		<b id="7" c="7 8" t="1"/>
		<b id="8" c="8 9" t="ar"/>
		<b id="9" c="9 10" t="ar"/>
		<b id="10" c="10 11" t="ar"/>
		<b id="11" c="11 12" t="1"/>
		<b id="12" c="11 13" t="ar"/>
		<b id="13" c="13 14" t="ar"/>
		<b id="14" c="8 14" t="ar"/>
		<b id="15" c="14 15" t="1"/>
		<b id="16" c="15 16" t="1"/>
		<b id="17" c="17 18" t="1"/>
		<b id="18" c="18 19" t="1"/>
		<b id="19" c="19 20" t="am"/>
		<b id="20" c="20 21" t="2"/>
		<b id="21" c="20 22" t="1"/>
		<b id="22" c="22 23" t="1"/>
		<b id="23" c="23 24" t="1"/>
		<b id="24" c="23 25" t="1"/>
		<b id="25" c="23 26" t="1"/>
		<b id="26" c="19 27" t="1"/>
		<b id="27" c="27 28" t="1"/>
		<b id="28" c="28 29" t="1"/>
		<b id="29" c="17 29" t="1"/>
		<b id="30" c="7 30" t="ar"/>
		<b id="31" c="30 31" t="ar"/>
		<b id="32" c="31 32" t="ar"/>
		<b id="33" c="5 32" t="ar"/>
		<b id="34" c="2 32" t="ar"/>
		<b id="35" c="17 16" t="1"/>
		<b id="36" c="1 33" t="1"/>
		<b id="37" c="1 34" t="1"/>
		<b id="38" c="1 35" t="1"/>
		<b id="39" c="4 36" t="1"/>
		<b id="40" c="6 37" t="1"/>
		<b id="41" c="9 38" t="1"/>
		<b id="42" c="13 39" t="1"/>
		<b id="43" c="15 40" t="1"/>
		<b id="44" c="16 41" t="1"/>
		<b id="45" c="16 42" t="1"/>
		<b id="46" c="17 43" t="1"/>
		<b id="47" c="18 44" t="1"/>
		<b id="48" c="18 45" t="1"/>
		<b id="49" c="24 46" t="1"/>
		<b id="50" c="24 47" t="1"/>
		<b id="51" c="24 48" t="1"/>
		<b id="52" c="25 49" t="1"/>
		<b id="53" c="25 50" t="1"/>
		<b id="54" c="25 51" t="1"/>
		<b id="55" c="26 52" t="1"/>
		<b id="56" c="26 53" t="1"/>
		<b id="57" c="26 54" t="1"/>
		<b id="58" c="27 55" t="1"/>
		<b id="59" c="27 56" t="1"/>
		<b id="60" c="28 57" t="1"/>
		<b id="61" c="28 58" t="1"/>
		<b id="62" c="30 59" t="1"/>
		<b id="63" c="31 60" t="1"/>
	</bonds>
	<geometry>
		<g u="A" t="cart/3d">#60,3:8.6540,6.1243,-5.5595;8.2301,4.9483,-6.2591;7.6081,5.0395,-7.4397;7.3332,3.8256,-7.8466;7.7828,2.8688,-6.9021;7.7489,1.4787,-6.7835;8.2953,0.8991,-5.6533;8.3284,-0.5669,-5.5054;9.5338,-1.2021,-5.2592;9.6871,-2.5133,-5.1601;8.6082,-3.2501,-5.3163;8.8355,-4.9538,-5.1997;7.3376,-2.7568,-5.5471;7.1700,-1.3707,-5.6340;5.9566,-0.7919,-5.8518;4.7074,-1.5000,-5.8875;4.2148,-1.9632,-4.4940;3.7502,-0.7709,-3.6405;2.5428,-0.2243,-4.2148;2.5001,0.9111,-4.9623;1.5551,1.2098,-5.6550;3.6198,1.6401,-4.7919;3.7495,2.9428,-5.4150;2.5825,3.8555,-5.0437;5.0508,3.4964,-4.8329;3.8582,2.7753,-6.9300;1.4797,-1.2020,-4.3198;1.9690,-2.4209,-5.1083;3.1860,-2.9287,-4.5940;8.8808,1.7011,-4.6503;8.9253,3.0705,-4.7393;8.3672,3.6544,-5.8754;8.3909,6.9850,-6.1705;9.7343,6.1098,-5.4001;8.1529,6.1988,-4.5914;6.8320,3.6641,-8.7796;7.3290,0.8702,-7.5707;10.4422,-0.6247,-5.1519;6.5109,-3.4385,-5.6465;5.9035,0.2017,-5.6832;4.8033,-2.3813,-6.5287;3.9683,-0.8322,-6.3365;5.0324,-2.4803,-3.9808;4.5199,-0.0033,-3.5908;3.5232,-1.1221,-2.6281;2.4695,3.8952,-3.9622;1.6577,3.4892,-5.4790;2.7784,4.8573,-5.4154;4.9449,3.6546,-3.7626;5.2940,4.4405,-5.3108;5.8664,2.7975,-4.9978;2.9404,2.3438,-7.3212;4.6942,2.1243,-7.1792;4.0202,3.7430,-7.3958;0.6314,-0.7368,-4.8220;1.1935,-1.5039,-3.3071;2.0780,-2.1564,-6.1682;1.2558,-3.2423,-5.0228;9.2958,1.2080,-3.7839;9.3724,3.6696,-3.9613;</g>
	</geometry>
	<conformers/>
	<properties/>
</molecule>
