<?xml version="1.0" ?>
<!--MOLLI PACKAGE EXPERIMENTAL XML FORMAT-->
<molecule name="el1851">
	<atoms>
		<a id="1" s="C" t="C.3" l="C"/>
		<a id="2" s="O" t="O.3" l="O"/>
		<a id="3" s="C" t="C.ar" l="C"/>
		<a id="4" s="C" t="C.ar" l="C"/>
		<a id="5" s="C" t="C.ar" l="C"/>
		<a id="6" s="C" t="C.ar" l="C"/>
		<a id="7" s="C" t="C.3" l="C"/>
		<a id="8" s="N" t="N.ar" l="N"/>
		<a id="9" s="C" t="C.ar" l="C"/>
		<a id="10" s="C" t="C.3" l="C"/>
		<a id="11" s="C" t="C.3" l="C"/>
		<a id="12" s="C" t="C.3" l="C"/>
		<a id="13" s="N" t="N.ar" l="N"/>
		<a id="14" s="C" t="C.ar" l="C"/>
		<a id="15" s="C" t="C.ar" l="C"/>
		<a id="16" s="N" t="N.ar" l="N"/>
		<a id="17" s="C" t="C.ar" l="C"/>
		<a id="18" s="Cl" t="Cl" l="CL"/>
		<a id="19" s="C" t="C.ar" l="C"/>
		<a id="20" s="C" t="C.ar" l="C"/>
		<a id="21" s="C" t="C.ar" l="C"/>
		<a id="22" s="C" t="C.ar" l="C"/>
		<a id="23" s="H" t="H" l="H"/>
		<a id="24" s="H" t="H" l="H"/>
		<a id="25" s="H" t="H" l="H"/>
		<a id="26" s="H" t="H" l="H"/>
		<a id="27" s="H" t="H" l="H"/>
		<a id="28" s="H" t="H" l="H"/>
		<a id="29" s="H" t="H" l="H"/>
		<a id="30" s="H" t="H" l="H"/>
		<a id="31" s="H" t="H" l="H"/>
		<a id="32" s="H" t="H" l="H"/>
		<a id="33" s="H" t="H" l="H"/>
		<a id="34" s="H" t="H" l="H"/>
		<a id="35" s="H" t="H" l="H"/>
		<a id="36" s="H" t="H" l="H"/>
		<a id="37" s="H" t="H" l="H"/>
		<a id="38" s="H" t="H" l="H"/>
	</atoms>
	<bonds>
		<b id="1" c="1 2" t="1"/>
		<b id="2" c="2 3" t="1"/>
		<b id="3" c="3 4" t="ar"/>
		<b id="4" c="4 5" t="ar"/>
		<b id="5" c="5 6" t="ar"/>
		<b id="6" c="6 7" t="1"/>
		<b id="7" c="7 8" t="1"/>
		<b id="8" c="8 9" t="ar"/>
		<b id="9" c="9 10" t="1"/>
		<b id="10" c="10 11" t="1"/>
		<b id="11" c="11 12" t="1"/>
		<b id="12" c="10 12" t="1"/>
		<b id="13" c="9 13" t="ar"/>
		<b id="14" c="13 14" t="ar"/>
		<b id="15" c="14 15" t="ar"/>
		<b id="16" c="15 16" t="ar"/>
		<b id="17" c="16 17" t="ar"/>
		<b id="18" c="17 18" t="1"/>
		<b id="19" c="17 19" t="ar"/>
		<b id="20" c="19 20" t="ar"/>
		<b id="21" c="14 20" t="ar"/>
		<b id="22" c="8 20" t="ar"/>
		<b id="23" c="6 21" t="ar"/>
		<b id="24" c="21 22" t="ar"/>
		<b id="25" c="3 22" t="ar"/>
		<b id="26" c="1 23" t="1"/>
		<b id="27" c="1 24" t="1"/>
		<b id="28" c="1 25" t="1"/>
		<b id="29" c="4 26" t="1"/>
		<b id="30" c="5 27" t="1"/>
		<b id="31" c="7 28" t="1"/>
		<b id="32" c="7 29" t="1"/>
		<b id="33" c="10 30" t="1"/>
		<b id="34" c="11 31" t="1"/>
		<b id="35" c="11 32" t="1"/>
		<b id="36" c="12 33" t="1"/>
		<b id="37" c="12 34" t="1"/>
		<b id="38" c="15 35" t="1"/>
		<b id="39" c="19 36" t="1"/>
		<b id="40" c="21 37" t="1"/>
		<b id="41" c="22 38" t="1"/>
	</bonds>
	<geometry>
		<g u="A" t="cart/3d">#38,3:0.6844,2.3058,-0.7079;1.8677,1.5872,-0.4563;2.6779,1.9981,0.5530;2.4330,3.0888,1.3814;3.3346,3.4137,2.3794;4.4879,2.6692,2.5746;5.4462,3.0291,3.6850;4.7610,3.1235,4.9507;4.3137,4.2338,5.6336;4.5352,5.6097,5.1908;4.6553,6.6830,6.2440;3.4232,6.6072,5.4139;3.6615,3.9345,6.7236;3.6423,2.5694,6.7891;3.0951,1.6821,7.7061;3.2036,0.3801,7.5300;3.8396,-0.0874,6.4686;3.9018,-1.8066,6.3501;4.4372,0.6732,5.4766;4.3259,2.0405,5.6636;4.7259,1.5773,1.7482;3.8381,1.2460,0.7483;0.2052,1.8001,-1.5448;0.8962,3.3437,-0.9867;0.0117,2.2904,0.1559;1.5466,3.6912,1.2629;3.1271,4.2601,3.0186;5.9359,3.9841,3.4745;6.2228,2.2626,3.7713;5.1267,5.7246,4.2925;5.3579,7.4829,6.0667;4.5859,6.3572,7.2693;3.2574,7.3529,4.6507;2.5281,6.2324,5.8840;2.5644,2.0090,8.5874;4.9313,0.2209,4.6333;5.6177,0.9829,1.8850;4.0148,0.4006,0.1028;</g>
	</geometry>
	<conformers/>
	<properties/>
</molecule>
