<?xml version="1.0" ?>
<!--MOLLI PACKAGE EXPERIMENTAL XML FORMAT-->
<molecule name="el1854">
	<atoms>
		<a id="1" s="C" t="C.3" l="C"/>
		<a id="2" s="O" t="O.3" l="O"/>
		<a id="3" s="C" t="C.ar" l="C"/>
		<a id="4" s="C" t="C.ar" l="C"/>
		<a id="5" s="C" t="C.ar" l="C"/>
		<a id="6" s="C" t="C.ar" l="C"/>
		<a id="7" s="C" t="C.3" l="C"/>
		<a id="8" s="N" t="N.ar" l="N"/>
		<a id="9" s="C" t="C.ar" l="C"/>
		<a id="10" s="C" t="C.ar" l="C"/>
		<a id="11" s="C" t="C.ar" l="C"/>
		<a id="12" s="C" t="C.ar" l="C"/>
		<a id="13" s="C" t="C.ar" l="C"/>
		<a id="14" s="F" t="F" l="F"/>
		<a id="15" s="C" t="C.ar" l="C"/>
		<a id="16" s="C" t="C.ar" l="C"/>
		<a id="17" s="N" t="N.ar" l="N"/>
		<a id="18" s="C" t="C.ar" l="C"/>
		<a id="19" s="C" t="C.ar" l="C"/>
		<a id="20" s="N" t="N.ar" l="N"/>
		<a id="21" s="C" t="C.ar" l="C"/>
		<a id="22" s="Cl" t="Cl" l="CL"/>
		<a id="23" s="C" t="C.ar" l="C"/>
		<a id="24" s="C" t="C.ar" l="C"/>
		<a id="25" s="C" t="C.ar" l="C"/>
		<a id="26" s="C" t="C.ar" l="C"/>
		<a id="27" s="H" t="H" l="H"/>
		<a id="28" s="H" t="H" l="H"/>
		<a id="29" s="H" t="H" l="H"/>
		<a id="30" s="H" t="H" l="H"/>
		<a id="31" s="H" t="H" l="H"/>
		<a id="32" s="H" t="H" l="H"/>
		<a id="33" s="H" t="H" l="H"/>
		<a id="34" s="H" t="H" l="H"/>
		<a id="35" s="H" t="H" l="H"/>
		<a id="36" s="H" t="H" l="H"/>
		<a id="37" s="H" t="H" l="H"/>
		<a id="38" s="H" t="H" l="H"/>
		<a id="39" s="H" t="H" l="H"/>
		<a id="40" s="H" t="H" l="H"/>
		<a id="41" s="H" t="H" l="H"/>
	</atoms>
	<bonds>
		<b id="1" c="1 2" t="1"/>
		<b id="2" c="2 3" t="1"/>
		<b id="3" c="3 4" t="ar"/>
		<b id="4" c="4 5" t="ar"/>
		<b id="5" c="5 6" t="ar"/>
		<b id="6" c="6 7" t="1"/>
		<b id="7" c="7 8" t="1"/>
		<b id="8" c="8 9" t="ar"/>
		<b id="9" c="9 10" t="1"/>
		<b id="10" c="10 11" t="ar"/>
		<b id="11" c="11 12" t="ar"/>
		<b id="12" c="12 13" t="ar"/>
		<b id="13" c="13 14" t="1"/>
		<b id="14" c="13 15" t="ar"/>
		<b id="15" c="15 16" t="ar"/>
		<b id="16" c="10 16" t="ar"/>
		<b id="17" c="9 17" t="ar"/>
		<b id="18" c="17 18" t="ar"/>
		<b id="19" c="18 19" t="ar"/>
		<b id="20" c="19 20" t="ar"/>
		<b id="21" c="20 21" t="ar"/>
		<b id="22" c="21 22" t="1"/>
		<b id="23" c="21 23" t="ar"/>
		<b id="24" c="23 24" t="ar"/>
		<b id="25" c="18 24" t="ar"/>
		<b id="26" c="8 24" t="ar"/>
		<b id="27" c="6 25" t="ar"/>
		<b id="28" c="25 26" t="ar"/>
		<b id="29" c="3 26" t="ar"/>
		<b id="30" c="1 27" t="1"/>
		<b id="31" c="1 28" t="1"/>
		<b id="32" c="1 29" t="1"/>
		<b id="33" c="4 30" t="1"/>
		<b id="34" c="5 31" t="1"/>
		<b id="35" c="7 32" t="1"/>
		<b id="36" c="7 33" t="1"/>
		<b id="37" c="11 34" t="1"/>
		<b id="38" c="12 35" t="1"/>
		<b id="39" c="15 36" t="1"/>
		<b id="40" c="16 37" t="1"/>
		<b id="41" c="19 38" t="1"/>
		<b id="42" c="23 39" t="1"/>
		<b id="43" c="25 40" t="1"/>
		<b id="44" c="26 41" t="1"/>
	</bonds>
	<geometry>
		<g u="A" t="cart/3d">#41,3:11.8744,-5.4910,-2.3000;10.9380,-5.1998,-1.2899;9.6428,-4.9947,-1.6418;9.1462,-5.0561,-2.9383;7.8001,-4.8313,-3.1774;6.9266,-4.5505,-2.1400;5.4526,-4.2970,-2.3746;4.9949,-4.7163,-3.6711;4.4272,-5.9166,-4.0464;4.2361,-7.0587,-3.1637;3.0986,-7.8459,-3.3526;2.8682,-8.9512,-2.5594;3.7918,-9.2694,-1.5780;3.5718,-10.3426,-0.7939;4.9401,-8.5228,-1.3858;5.1621,-7.4163,-2.1846;4.0527,-5.9325,-5.2985;4.3924,-4.7142,-5.8104;4.2614,-4.1582,-7.0777;4.6824,-2.9345,-7.3211;5.2376,-2.2234,-6.3517;5.7486,-0.6409,-6.8051;5.4351,-2.6432,-5.0466;4.9920,-3.9310,-4.7884;7.4284,-4.4875,-0.8424;8.7646,-4.7038,-0.5939;12.8304,-5.6027,-1.7911;11.9458,-4.6774,-3.0288;11.6297,-6.4239,-2.8179;9.7912,-5.2761,-3.7737;7.4404,-4.8864,-4.1944;5.2543,-3.2217,-2.2844;4.8610,-4.8108,-1.6096;2.4065,-7.5735,-4.1330;1.9921,-9.5659,-2.6906;5.6485,-8.8128,-0.6261;6.0776,-6.8585,-2.0631;3.8192,-4.6933,-7.9042;5.9073,-2.0125,-4.3116;6.7602,-4.2667,-0.0229;9.1606,-4.6558,0.4077;</g>
	</geometry>
	<conformers/>
	<properties/>
</molecule>
