<?xml version="1.0" ?>
<!--MOLLI PACKAGE EXPERIMENTAL XML FORMAT-->
<molecule name="el1856">
	<atoms>
		<a id="1" s="C" t="C.3" l="C"/>
		<a id="2" s="O" t="O.3" l="O"/>
		<a id="3" s="C" t="C.ar" l="C"/>
		<a id="4" s="C" t="C.ar" l="C"/>
		<a id="5" s="C" t="C.ar" l="C"/>
		<a id="6" s="C" t="C.ar" l="C"/>
		<a id="7" s="C" t="C.3" l="C"/>
		<a id="8" s="N" t="N.ar" l="N"/>
		<a id="9" s="C" t="C.ar" l="C"/>
		<a id="10" s="C" t="C.ar" l="C"/>
		<a id="11" s="C" t="C.ar" l="C"/>
		<a id="12" s="C" t="C.ar" l="C"/>
		<a id="13" s="C" t="C.ar" l="C"/>
		<a id="14" s="S" t="S.O2" l="S"/>
		<a id="15" s="C" t="C.3" l="C"/>
		<a id="16" s="O" t="O.2" l="O"/>
		<a id="17" s="O" t="O.2" l="O"/>
		<a id="18" s="C" t="C.ar" l="C"/>
		<a id="19" s="C" t="C.ar" l="C"/>
		<a id="20" s="N" t="N.ar" l="N"/>
		<a id="21" s="C" t="C.ar" l="C"/>
		<a id="22" s="C" t="C.ar" l="C"/>
		<a id="23" s="N" t="N.ar" l="N"/>
		<a id="24" s="C" t="C.ar" l="C"/>
		<a id="25" s="Cl" t="Cl" l="CL"/>
		<a id="26" s="C" t="C.ar" l="C"/>
		<a id="27" s="C" t="C.ar" l="C"/>
		<a id="28" s="C" t="C.ar" l="C"/>
		<a id="29" s="C" t="C.ar" l="C"/>
		<a id="30" s="H" t="H" l="H"/>
		<a id="31" s="H" t="H" l="H"/>
		<a id="32" s="H" t="H" l="H"/>
		<a id="33" s="H" t="H" l="H"/>
		<a id="34" s="H" t="H" l="H"/>
		<a id="35" s="H" t="H" l="H"/>
		<a id="36" s="H" t="H" l="H"/>
		<a id="37" s="H" t="H" l="H"/>
		<a id="38" s="H" t="H" l="H"/>
		<a id="39" s="H" t="H" l="H"/>
		<a id="40" s="H" t="H" l="H"/>
		<a id="41" s="H" t="H" l="H"/>
		<a id="42" s="H" t="H" l="H"/>
		<a id="43" s="H" t="H" l="H"/>
		<a id="44" s="H" t="H" l="H"/>
		<a id="45" s="H" t="H" l="H"/>
		<a id="46" s="H" t="H" l="H"/>
		<a id="47" s="H" t="H" l="H"/>
	</atoms>
	<bonds>
		<b id="1" c="1 2" t="1"/>
		<b id="2" c="2 3" t="1"/>
		<b id="3" c="3 4" t="ar"/>
		<b id="4" c="4 5" t="ar"/>
		<b id="5" c="5 6" t="ar"/>
		<b id="6" c="6 7" t="1"/>
		<b id="7" c="7 8" t="1"/>
		<b id="8" c="8 9" t="ar"/>
		<b id="9" c="9 10" t="1"/>
		<b id="10" c="10 11" t="ar"/>
		<b id="11" c="11 12" t="ar"/>
		<b id="12" c="12 13" t="ar"/>
		<b id="13" c="13 14" t="1"/>
		<b id="14" c="14 15" t="1"/>
		<b id="15" c="14 16" t="2"/>
		<b id="16" c="14 17" t="2"/>
		<b id="17" c="13 18" t="ar"/>
		<b id="18" c="18 19" t="ar"/>
		<b id="19" c="10 19" t="ar"/>
		<b id="20" c="9 20" t="ar"/>
		<b id="21" c="20 21" t="ar"/>
		<b id="22" c="21 22" t="ar"/>
		<b id="23" c="22 23" t="ar"/>
		<b id="24" c="23 24" t="ar"/>
		<b id="25" c="24 25" t="1"/>
		<b id="26" c="24 26" t="ar"/>
		<b id="27" c="26 27" t="ar"/>
		<b id="28" c="21 27" t="ar"/>
		<b id="29" c="8 27" t="ar"/>
		<b id="30" c="6 28" t="ar"/>
		<b id="31" c="28 29" t="ar"/>
		<b id="32" c="3 29" t="ar"/>
		<b id="33" c="1 30" t="1"/>
		<b id="34" c="1 31" t="1"/>
		<b id="35" c="1 32" t="1"/>
		<b id="36" c="4 33" t="1"/>
		<b id="37" c="5 34" t="1"/>
		<b id="38" c="7 35" t="1"/>
		<b id="39" c="7 36" t="1"/>
		<b id="40" c="11 37" t="1"/>
		<b id="41" c="12 38" t="1"/>
		<b id="42" c="15 39" t="1"/>
		<b id="43" c="15 40" t="1"/>
		<b id="44" c="15 41" t="1"/>
		<b id="45" c="18 42" t="1"/>
		<b id="46" c="19 43" t="1"/>
		<b id="47" c="22 44" t="1"/>
		<b id="48" c="26 45" t="1"/>
		<b id="49" c="28 46" t="1"/>
		<b id="50" c="29 47" t="1"/>
	</bonds>
	<geometry>
		<g u="A" t="cart/3d">#47,3:11.9061,2.1536,5.5053;11.0817,2.7433,4.5286;9.7471,2.5013,4.5687;9.1049,1.7078,5.5124;7.7325,1.5300,5.4511;6.9751,2.1387,4.4634;5.4781,1.9397,4.3675;4.8564,1.6206,5.6258;4.2679,2.4710,6.5382;4.2380,3.9224,6.4155;3.0826,4.5896,6.8301;3.0032,5.9651,6.7323;4.0803,6.6698,6.2280;3.9914,8.4593,6.1206;4.5218,8.9912,7.7753;4.9641,8.9132,5.1644;2.6208,8.8487,5.9355;5.2394,6.0300,5.8368;5.3239,4.6521,5.9310;3.7071,1.8405,7.5361;3.9303,0.5126,7.3157;3.5854,-0.6290,8.0309;3.9230,-1.8231,7.5925;4.5981,-1.9438,6.4589;4.9795,-3.5603,6.0027;5.0086,-0.9019,5.6439;4.6556,0.3575,6.1043;7.6214,2.9367,3.5228;8.9854,3.1155,3.5706;12.9181,2.4793,5.2709;11.8595,1.0612,5.4640;11.6413,2.4923,6.5116;9.6568,1.2194,6.2990;7.2582,0.9073,6.1956;5.2683,1.1127,3.6777;5.0092,2.8419,3.9625;2.2627,4.0087,7.2215;2.1139,6.5035,7.0199;5.5286,8.6286,7.9362;3.8312,8.5782,8.4987;4.4976,10.0736,7.7995;6.0555,6.6198,5.4500;6.2409,4.1540,5.6558;3.0360,-0.5891,8.9591;5.5652,-1.0750,4.7376;7.0452,3.4224,2.7481;9.4922,3.7317,2.8451;</g>
	</geometry>
	<conformers/>
	<properties/>
</molecule>
