<?xml version="1.0" ?>
<!--MOLLI PACKAGE EXPERIMENTAL XML FORMAT-->
<molecule name="el1857">
	<atoms>
		<a id="1" s="C" t="C.3" l="C"/>
		<a id="2" s="O" t="O.3" l="O"/>
		<a id="3" s="C" t="C.ar" l="C"/>
		<a id="4" s="C" t="C.ar" l="C"/>
		<a id="5" s="C" t="C.ar" l="C"/>
		<a id="6" s="C" t="C.ar" l="C"/>
		<a id="7" s="C" t="C.3" l="C"/>
		<a id="8" s="N" t="N.ar" l="N"/>
		<a id="9" s="C" t="C.ar" l="C"/>
		<a id="10" s="C" t="C.ar" l="C"/>
		<a id="11" s="C" t="C.ar" l="C"/>
		<a id="12" s="C" t="C.ar" l="C"/>
		<a id="13" s="N" t="N.ar" l="N"/>
		<a id="14" s="C" t="C.ar" l="C"/>
		<a id="15" s="C" t="C.ar" l="C"/>
		<a id="16" s="N" t="N.ar" l="N"/>
		<a id="17" s="C" t="C.ar" l="C"/>
		<a id="18" s="C" t="C.ar" l="C"/>
		<a id="19" s="N" t="N.ar" l="N"/>
		<a id="20" s="C" t="C.ar" l="C"/>
		<a id="21" s="Cl" t="Cl" l="CL"/>
		<a id="22" s="C" t="C.ar" l="C"/>
		<a id="23" s="C" t="C.ar" l="C"/>
		<a id="24" s="C" t="C.ar" l="C"/>
		<a id="25" s="C" t="C.ar" l="C"/>
		<a id="26" s="H" t="H" l="H"/>
		<a id="27" s="H" t="H" l="H"/>
		<a id="28" s="H" t="H" l="H"/>
		<a id="29" s="H" t="H" l="H"/>
		<a id="30" s="H" t="H" l="H"/>
		<a id="31" s="H" t="H" l="H"/>
		<a id="32" s="H" t="H" l="H"/>
		<a id="33" s="H" t="H" l="H"/>
		<a id="34" s="H" t="H" l="H"/>
		<a id="35" s="H" t="H" l="H"/>
		<a id="36" s="H" t="H" l="H"/>
		<a id="37" s="H" t="H" l="H"/>
		<a id="38" s="H" t="H" l="H"/>
		<a id="39" s="H" t="H" l="H"/>
		<a id="40" s="H" t="H" l="H"/>
	</atoms>
	<bonds>
		<b id="1" c="1 2" t="1"/>
		<b id="2" c="2 3" t="1"/>
		<b id="3" c="3 4" t="ar"/>
		<b id="4" c="4 5" t="ar"/>
		<b id="5" c="5 6" t="ar"/>
		<b id="6" c="6 7" t="1"/>
		<b id="7" c="7 8" t="1"/>
		<b id="8" c="8 9" t="ar"/>
		<b id="9" c="9 10" t="1"/>
		<b id="10" c="10 11" t="ar"/>
		<b id="11" c="11 12" t="ar"/>
		<b id="12" c="12 13" t="ar"/>
		<b id="13" c="13 14" t="ar"/>
		<b id="14" c="14 15" t="ar"/>
		<b id="15" c="10 15" t="ar"/>
		<b id="16" c="9 16" t="ar"/>
		<b id="17" c="16 17" t="ar"/>
		<b id="18" c="17 18" t="ar"/>
		<b id="19" c="18 19" t="ar"/>
		<b id="20" c="19 20" t="ar"/>
		<b id="21" c="20 21" t="1"/>
		<b id="22" c="20 22" t="ar"/>
		<b id="23" c="22 23" t="ar"/>
		<b id="24" c="17 23" t="ar"/>
		<b id="25" c="8 23" t="ar"/>
		<b id="26" c="6 24" t="ar"/>
		<b id="27" c="24 25" t="ar"/>
		<b id="28" c="3 25" t="ar"/>
		<b id="29" c="1 26" t="1"/>
		<b id="30" c="1 27" t="1"/>
		<b id="31" c="1 28" t="1"/>
		<b id="32" c="4 29" t="1"/>
		<b id="33" c="5 30" t="1"/>
		<b id="34" c="7 31" t="1"/>
		<b id="35" c="7 32" t="1"/>
		<b id="36" c="11 33" t="1"/>
		<b id="37" c="12 34" t="1"/>
		<b id="38" c="14 35" t="1"/>
		<b id="39" c="15 36" t="1"/>
		<b id="40" c="18 37" t="1"/>
		<b id="41" c="22 38" t="1"/>
		<b id="42" c="24 39" t="1"/>
		<b id="43" c="25 40" t="1"/>
	</bonds>
	<geometry>
		<g u="A" t="cart/3d">#40,3:11.4078,4.2544,-3.9006;10.3632,4.6394,-4.7627;9.0826,4.3951,-4.3869;8.6984,3.8012,-3.1897;7.3556,3.5943,-2.9208;6.3779,3.9621,-3.8291;4.9106,3.7541,-3.5409;4.2492,5.0226,-3.3282;3.6089,5.8205,-4.2517;3.2787,5.3999,-5.6107;2.6318,4.1969,-5.8874;2.3562,3.8886,-7.2103;2.6686,4.6750,-8.2246;3.2581,5.8284,-7.9592;3.5830,6.2427,-6.6783;3.3063,7.0028,-3.7920;3.7539,7.0265,-2.5018;3.7068,8.0022,-1.5134;4.2296,7.7799,-0.3258;4.8047,6.6152,-0.0684;5.4499,6.4544,1.5208;4.9223,5.5533,-0.9493;4.3711,5.7835,-2.1998;6.7666,4.5619,-5.0240;8.0971,4.7774,-5.3012;12.3279,4.5288,-4.4138;11.4023,3.1745,-3.7216;11.3558,4.7838,-2.9441;9.4301,3.4965,-2.4588;7.0773,3.1254,-1.9879;4.7783,3.1432,-2.6435;4.4374,3.2503,-4.3864;2.3197,3.5331,-5.0950;1.8585,2.9640,-7.4716;3.4820,6.4469,-8.8182;4.0623,7.1907,-6.4946;3.2492,8.9670,-1.6711;5.4056,4.6341,-0.6656;6.0176,4.8569,-5.7450;8.4067,5.2376,-6.2257;</g>
	</geometry>
	<conformers/>
	<properties/>
</molecule>
