<?xml version="1.0" ?>
<!--MOLLI PACKAGE EXPERIMENTAL XML FORMAT-->
<molecule name="el1806">
	<atoms>
		<a id="1" s="C" t="C.3" l="C"/>
		<a id="2" s="C" t="C.3" l="C"/>
		<a id="3" s="C" t="C.3" l="C"/>
		<a id="4" s="C" t="C.3" l="C"/>
		<a id="5" s="O" t="O.3" l="O"/>
		<a id="6" s="C" t="C.2" l="C"/>
		<a id="7" s="O" t="O.2" l="O"/>
		<a id="8" s="N" t="N.am" l="N"/>
		<a id="9" s="C" t="C.3" l="C"/>
		<a id="10" s="C" t="C.3" l="C"/>
		<a id="11" s="O" t="O.3" l="O"/>
		<a id="12" s="C" t="C.3" l="C"/>
		<a id="13" s="C" t="C.3" l="C"/>
		<a id="14" s="N" t="N.pl3" l="N"/>
		<a id="15" s="C" t="C.ar" l="C"/>
		<a id="16" s="C" t="C.ar" l="C"/>
		<a id="17" s="C" t="C.ar" l="C"/>
		<a id="18" s="Cl" t="Cl" l="CL"/>
		<a id="19" s="N" t="N.ar" l="N"/>
		<a id="20" s="C" t="C.ar" l="C"/>
		<a id="21" s="C" t="C.ar" l="C"/>
		<a id="22" s="C" t="C.1" l="C"/>
		<a id="23" s="C" t="C.1" l="C"/>
		<a id="24" s="C" t="C.3" l="C"/>
		<a id="25" s="C" t="C.3" l="C"/>
		<a id="26" s="C" t="C.3" l="C"/>
		<a id="27" s="O" t="O.3" l="O"/>
		<a id="28" s="Si" t="Si" l="SI"/>
		<a id="29" s="C" t="C.3" l="C"/>
		<a id="30" s="C" t="C.3" l="C"/>
		<a id="31" s="C" t="C.3" l="C"/>
		<a id="32" s="C" t="C.3" l="C"/>
		<a id="33" s="H" t="H" l="H"/>
		<a id="34" s="H" t="H" l="H"/>
		<a id="35" s="H" t="H" l="H"/>
		<a id="36" s="H" t="H" l="H"/>
		<a id="37" s="H" t="H" l="H"/>
		<a id="38" s="H" t="H" l="H"/>
		<a id="39" s="H" t="H" l="H"/>
		<a id="40" s="H" t="H" l="H"/>
		<a id="41" s="H" t="H" l="H"/>
		<a id="42" s="H" t="H" l="H"/>
		<a id="43" s="H" t="H" l="H"/>
		<a id="44" s="H" t="H" l="H"/>
		<a id="45" s="H" t="H" l="H"/>
		<a id="46" s="H" t="H" l="H"/>
		<a id="47" s="H" t="H" l="H"/>
		<a id="48" s="H" t="H" l="H"/>
		<a id="49" s="H" t="H" l="H"/>
		<a id="50" s="H" t="H" l="H"/>
		<a id="51" s="H" t="H" l="H"/>
		<a id="52" s="H" t="H" l="H"/>
		<a id="53" s="H" t="H" l="H"/>
		<a id="54" s="H" t="H" l="H"/>
		<a id="55" s="H" t="H" l="H"/>
		<a id="56" s="H" t="H" l="H"/>
		<a id="57" s="H" t="H" l="H"/>
		<a id="58" s="H" t="H" l="H"/>
		<a id="59" s="H" t="H" l="H"/>
		<a id="60" s="H" t="H" l="H"/>
		<a id="61" s="H" t="H" l="H"/>
		<a id="62" s="H" t="H" l="H"/>
		<a id="63" s="H" t="H" l="H"/>
		<a id="64" s="H" t="H" l="H"/>
		<a id="65" s="H" t="H" l="H"/>
		<a id="66" s="H" t="H" l="H"/>
		<a id="67" s="H" t="H" l="H"/>
		<a id="68" s="H" t="H" l="H"/>
	</atoms>
	<bonds>
		<b id="1" c="1 2" t="1"/>
		<b id="2" c="2 3" t="1"/>
		<b id="3" c="2 4" t="1"/>
		<b id="4" c="2 5" t="1"/>
		<b id="5" c="5 6" t="1"/>
		<b id="6" c="6 7" t="2"/>
		<b id="7" c="6 8" t="am"/>
		<b id="8" c="8 9" t="1"/>
		<b id="9" c="9 10" t="1"/>
		<b id="10" c="10 11" t="1"/>
		<b id="11" c="11 12" t="1"/>
		<b id="12" c="13 14" t="1"/>
		<b id="13" c="14 15" t="1"/>
		<b id="14" c="15 16" t="ar"/>
		<b id="15" c="16 17" t="ar"/>
		<b id="16" c="17 18" t="1"/>
		<b id="17" c="17 19" t="ar"/>
		<b id="18" c="19 20" t="ar"/>
		<b id="19" c="20 21" t="ar"/>
		<b id="20" c="15 21" t="ar"/>
		<b id="21" c="21 22" t="1"/>
		<b id="22" c="22 23" t="3"/>
		<b id="23" c="23 24" t="1"/>
		<b id="24" c="24 25" t="1"/>
		<b id="25" c="24 26" t="1"/>
		<b id="26" c="24 27" t="1"/>
		<b id="27" c="27 28" t="1"/>
		<b id="28" c="28 29" t="1"/>
		<b id="29" c="28 30" t="1"/>
		<b id="30" c="28 31" t="1"/>
		<b id="31" c="12 32" t="1"/>
		<b id="32" c="8 32" t="1"/>
		<b id="33" c="12 13" t="1"/>
		<b id="34" c="1 33" t="1"/>
		<b id="35" c="1 34" t="1"/>
		<b id="36" c="1 35" t="1"/>
		<b id="37" c="3 36" t="1"/>
		<b id="38" c="3 37" t="1"/>
		<b id="39" c="3 38" t="1"/>
		<b id="40" c="4 39" t="1"/>
		<b id="41" c="4 40" t="1"/>
		<b id="42" c="4 41" t="1"/>
		<b id="43" c="9 42" t="1"/>
		<b id="44" c="9 43" t="1"/>
		<b id="45" c="10 44" t="1"/>
		<b id="46" c="10 45" t="1"/>
		<b id="47" c="12 46" t="1"/>
		<b id="48" c="13 47" t="1"/>
		<b id="49" c="13 48" t="1"/>
		<b id="50" c="14 49" t="1"/>
		<b id="51" c="16 50" t="1"/>
		<b id="52" c="20 51" t="1"/>
		<b id="53" c="25 52" t="1"/>
		<b id="54" c="25 53" t="1"/>
		<b id="55" c="25 54" t="1"/>
		<b id="56" c="26 55" t="1"/>
		<b id="57" c="26 56" t="1"/>
		<b id="58" c="26 57" t="1"/>
		<b id="59" c="29 58" t="1"/>
		<b id="60" c="29 59" t="1"/>
		<b id="61" c="29 60" t="1"/>
		<b id="62" c="30 61" t="1"/>
		<b id="63" c="30 62" t="1"/>
		<b id="64" c="30 63" t="1"/>
		<b id="65" c="31 64" t="1"/>
		<b id="66" c="31 65" t="1"/>
		<b id="67" c="31 66" t="1"/>
		<b id="68" c="32 67" t="1"/>
		<b id="69" c="32 68" t="1"/>
	</bonds>
	<geometry>
		<g u="A" t="cart/3d">#68,3:-0.3327,-1.9379,-6.1415;0.5864,-0.8764,-5.5394;1.3139,-0.0939,-6.6317;-0.2091,0.0710,-4.6399;1.5438,-1.4887,-4.6379;2.4024,-2.4131,-5.0934;2.5031,-2.7954,-6.2365;3.1650,-2.9166,-4.0851;3.2041,-2.4093,-2.7327;4.5992,-1.8362,-2.4607;5.6006,-2.7985,-2.7005;5.5779,-3.2549,-4.0459;6.7066,-4.2725,-4.2085;7.9413,-3.6577,-3.8005;9.1761,-4.1931,-3.9552;9.4542,-5.2851,-4.7801;10.7728,-5.6893,-4.8996;11.1441,-7.0334,-5.9121;11.7980,-5.1308,-4.2911;11.5444,-4.1026,-3.4970;10.2740,-3.5910,-3.2838;10.0353,-2.5074,-2.4103;9.7059,-1.6120,-1.6754;9.3714,-0.5087,-0.7779;8.5728,0.5412,-1.5639;8.5335,-1.0594,0.3811;10.5828,0.0513,-0.3310;11.0470,0.9685,0.9309;10.0090,2.5622,1.1407;11.0172,0.0261,2.5934;12.8318,1.3920,0.4455;4.2120,-3.8683,-4.3792;-1.1048,-1.4572,-6.7355;-0.8044,-2.5166,-5.3500;0.2362,-2.6102,-6.7774;0.5900,0.4272,-7.2515;1.8908,-0.7712,-7.2553;1.9866,0.6357,-6.1853;-0.9561,0.5971,-5.2263;0.4561,0.7971,-4.1797;-0.7065,-0.4903,-3.8533;3.0128,-3.2382,-2.0409;2.4412,-1.6442,-2.6069;4.7024,-1.5460,-1.4137;4.7648,-0.9573,-3.1029;5.7571,-2.3950,-4.7130;6.4799,-5.1585,-3.5975;6.7651,-4.5729,-5.2577;7.8482,-2.9891,-3.0470;8.6774,-5.8069,-5.3119;12.4025,-3.6679,-3.0040;7.6761,0.0928,-1.9852;9.1868,0.9359,-2.3695;8.2942,1.3564,-0.9020;7.6522,-1.5672,-0.0042;8.2264,-0.2428,1.0292;9.1262,-1.7646,0.9573;8.9899,2.3539,1.4578;9.9559,3.1238,0.2119;10.4472,3.2161,1.8879;10.0126,-0.1001,2.9880;11.5939,0.5532,3.3471;11.4533,-0.9633,2.4864;12.8722,1.9566,-0.4799;13.4241,0.4939,0.3063;13.3076,1.9865,1.2175;4.0595,-4.7661,-3.7691;4.1485,-4.1249,-5.4371;</g>
	</geometry>
	<conformers/>
	<properties/>
</molecule>
