<?xml version="1.0" ?>
<!--MOLLI PACKAGE EXPERIMENTAL XML FORMAT-->
<molecule name="el1860">
	<atoms>
		<a id="1" s="C" t="C.3" l="C"/>
		<a id="2" s="O" t="O.3" l="O"/>
		<a id="3" s="C" t="C.ar" l="C"/>
		<a id="4" s="C" t="C.ar" l="C"/>
		<a id="5" s="C" t="C.ar" l="C"/>
		<a id="6" s="C" t="C.ar" l="C"/>
		<a id="7" s="C" t="C.3" l="C"/>
		<a id="8" s="N" t="N.ar" l="N"/>
		<a id="9" s="C" t="C.ar" l="C"/>
		<a id="10" s="C" t="C.ar" l="C"/>
		<a id="11" s="C" t="C.ar" l="C"/>
		<a id="12" s="N" t="N.ar" l="N"/>
		<a id="13" s="C" t="C.ar" l="C"/>
		<a id="14" s="C" t="C.ar" l="C"/>
		<a id="15" s="N" t="N.ar" l="N"/>
		<a id="16" s="N" t="N.ar" l="N"/>
		<a id="17" s="C" t="C.ar" l="C"/>
		<a id="18" s="C" t="C.ar" l="C"/>
		<a id="19" s="N" t="N.ar" l="N"/>
		<a id="20" s="C" t="C.ar" l="C"/>
		<a id="21" s="Cl" t="Cl" l="CL"/>
		<a id="22" s="C" t="C.ar" l="C"/>
		<a id="23" s="C" t="C.ar" l="C"/>
		<a id="24" s="C" t="C.ar" l="C"/>
		<a id="25" s="C" t="C.ar" l="C"/>
		<a id="26" s="H" t="H" l="H"/>
		<a id="27" s="H" t="H" l="H"/>
		<a id="28" s="H" t="H" l="H"/>
		<a id="29" s="H" t="H" l="H"/>
		<a id="30" s="H" t="H" l="H"/>
		<a id="31" s="H" t="H" l="H"/>
		<a id="32" s="H" t="H" l="H"/>
		<a id="33" s="H" t="H" l="H"/>
		<a id="34" s="H" t="H" l="H"/>
		<a id="35" s="H" t="H" l="H"/>
		<a id="36" s="H" t="H" l="H"/>
		<a id="37" s="H" t="H" l="H"/>
		<a id="38" s="H" t="H" l="H"/>
		<a id="39" s="H" t="H" l="H"/>
	</atoms>
	<bonds>
		<b id="1" c="1 2" t="1"/>
		<b id="2" c="2 3" t="1"/>
		<b id="3" c="3 4" t="ar"/>
		<b id="4" c="4 5" t="ar"/>
		<b id="5" c="5 6" t="ar"/>
		<b id="6" c="6 7" t="1"/>
		<b id="7" c="7 8" t="1"/>
		<b id="8" c="8 9" t="ar"/>
		<b id="9" c="9 10" t="1"/>
		<b id="10" c="10 11" t="ar"/>
		<b id="11" c="11 12" t="ar"/>
		<b id="12" c="12 13" t="ar"/>
		<b id="13" c="13 14" t="ar"/>
		<b id="14" c="14 15" t="ar"/>
		<b id="15" c="10 15" t="ar"/>
		<b id="16" c="9 16" t="ar"/>
		<b id="17" c="16 17" t="ar"/>
		<b id="18" c="17 18" t="ar"/>
		<b id="19" c="18 19" t="ar"/>
		<b id="20" c="19 20" t="ar"/>
		<b id="21" c="20 21" t="1"/>
		<b id="22" c="20 22" t="ar"/>
		<b id="23" c="22 23" t="ar"/>
		<b id="24" c="17 23" t="ar"/>
		<b id="25" c="8 23" t="ar"/>
		<b id="26" c="6 24" t="ar"/>
		<b id="27" c="24 25" t="ar"/>
		<b id="28" c="3 25" t="ar"/>
		<b id="29" c="1 26" t="1"/>
		<b id="30" c="1 27" t="1"/>
		<b id="31" c="1 28" t="1"/>
		<b id="32" c="4 29" t="1"/>
		<b id="33" c="5 30" t="1"/>
		<b id="34" c="7 31" t="1"/>
		<b id="35" c="7 32" t="1"/>
		<b id="36" c="11 33" t="1"/>
		<b id="37" c="13 34" t="1"/>
		<b id="38" c="14 35" t="1"/>
		<b id="39" c="18 36" t="1"/>
		<b id="40" c="22 37" t="1"/>
		<b id="41" c="24 38" t="1"/>
		<b id="42" c="25 39" t="1"/>
	</bonds>
	<geometry>
		<g u="A" t="cart/3d">#39,3:6.9056,-3.3121,-2.4693;7.6851,-3.5065,-1.3130;7.1399,-3.2246,-0.1036;5.8728,-2.6846,0.0971;5.4163,-2.4556,1.3838;6.1973,-2.7616,2.4886;5.6723,-2.5616,3.8797;5.0143,-3.7399,4.4203;4.4977,-3.8202,5.6969;4.5418,-2.7710,6.6954;3.9685,-3.0043,7.9569;3.9739,-2.0877,8.9016;4.5491,-0.9243,8.6201;5.1225,-0.6863,7.3797;5.1183,-1.5997,6.4221;3.9338,-4.9751,5.9545;4.0654,-5.7096,4.8208;3.6524,-7.0042,4.5192;3.8828,-7.5266,3.3360;4.5213,-6.8027,2.4266;4.7671,-7.5849,0.9126;4.9915,-5.5116,2.5843;4.7500,-4.9430,3.8311;7.4737,-3.2777,2.2816;7.9409,-3.5067,1.0066;7.5274,-3.6392,-3.3008;6.6447,-2.2578,-2.6064;5.9925,-3.9148,-2.4421;5.2328,-2.4431,-0.7364;4.4269,-2.0450,1.5252;4.9512,-1.7375,3.8984;6.4898,-2.2979,4.5579;3.5048,-3.9535,8.1787;4.5441,-0.1821,9.4055;5.5983,0.2533,7.1338;3.1321,-7.6226,5.2349;5.5029,-5.0165,1.7798;8.1000,-3.5120,3.1298;8.9248,-3.9131,0.8363;</g>
	</geometry>
	<conformers/>
	<properties/>
</molecule>
