<?xml version="1.0" ?>
<!--MOLLI PACKAGE EXPERIMENTAL XML FORMAT-->
<molecule name="el1862">
	<atoms>
		<a id="1" s="C" t="C.3" l="C"/>
		<a id="2" s="O" t="O.3" l="O"/>
		<a id="3" s="C" t="C.ar" l="C"/>
		<a id="4" s="C" t="C.ar" l="C"/>
		<a id="5" s="C" t="C.ar" l="C"/>
		<a id="6" s="C" t="C.ar" l="C"/>
		<a id="7" s="C" t="C.3" l="C"/>
		<a id="8" s="N" t="N.ar" l="N"/>
		<a id="9" s="C" t="C.ar" l="C"/>
		<a id="10" s="C" t="C.ar" l="C"/>
		<a id="11" s="C" t="C.ar" l="C"/>
		<a id="12" s="C" t="C.ar" l="C"/>
		<a id="13" s="C" t="C.ar" l="C"/>
		<a id="14" s="N" t="N.ar" l="N"/>
		<a id="15" s="N" t="N.ar" l="N"/>
		<a id="16" s="N" t="N.ar" l="N"/>
		<a id="17" s="C" t="C.ar" l="C"/>
		<a id="18" s="C" t="C.ar" l="C"/>
		<a id="19" s="N" t="N.ar" l="N"/>
		<a id="20" s="C" t="C.ar" l="C"/>
		<a id="21" s="Cl" t="Cl" l="CL"/>
		<a id="22" s="C" t="C.ar" l="C"/>
		<a id="23" s="C" t="C.ar" l="C"/>
		<a id="24" s="C" t="C.ar" l="C"/>
		<a id="25" s="C" t="C.ar" l="C"/>
		<a id="26" s="H" t="H" l="H"/>
		<a id="27" s="H" t="H" l="H"/>
		<a id="28" s="H" t="H" l="H"/>
		<a id="29" s="H" t="H" l="H"/>
		<a id="30" s="H" t="H" l="H"/>
		<a id="31" s="H" t="H" l="H"/>
		<a id="32" s="H" t="H" l="H"/>
		<a id="33" s="H" t="H" l="H"/>
		<a id="34" s="H" t="H" l="H"/>
		<a id="35" s="H" t="H" l="H"/>
		<a id="36" s="H" t="H" l="H"/>
		<a id="37" s="H" t="H" l="H"/>
		<a id="38" s="H" t="H" l="H"/>
		<a id="39" s="H" t="H" l="H"/>
	</atoms>
	<bonds>
		<b id="1" c="1 2" t="1"/>
		<b id="2" c="2 3" t="1"/>
		<b id="3" c="3 4" t="ar"/>
		<b id="4" c="4 5" t="ar"/>
		<b id="5" c="5 6" t="ar"/>
		<b id="6" c="6 7" t="1"/>
		<b id="7" c="7 8" t="1"/>
		<b id="8" c="8 9" t="ar"/>
		<b id="9" c="9 10" t="1"/>
		<b id="10" c="10 11" t="ar"/>
		<b id="11" c="11 12" t="ar"/>
		<b id="12" c="12 13" t="ar"/>
		<b id="13" c="13 14" t="ar"/>
		<b id="14" c="14 15" t="ar"/>
		<b id="15" c="10 15" t="ar"/>
		<b id="16" c="9 16" t="ar"/>
		<b id="17" c="16 17" t="ar"/>
		<b id="18" c="17 18" t="ar"/>
		<b id="19" c="18 19" t="ar"/>
		<b id="20" c="19 20" t="ar"/>
		<b id="21" c="20 21" t="1"/>
		<b id="22" c="20 22" t="ar"/>
		<b id="23" c="22 23" t="ar"/>
		<b id="24" c="17 23" t="ar"/>
		<b id="25" c="8 23" t="ar"/>
		<b id="26" c="6 24" t="ar"/>
		<b id="27" c="24 25" t="ar"/>
		<b id="28" c="3 25" t="ar"/>
		<b id="29" c="1 26" t="1"/>
		<b id="30" c="1 27" t="1"/>
		<b id="31" c="1 28" t="1"/>
		<b id="32" c="4 29" t="1"/>
		<b id="33" c="5 30" t="1"/>
		<b id="34" c="7 31" t="1"/>
		<b id="35" c="7 32" t="1"/>
		<b id="36" c="11 33" t="1"/>
		<b id="37" c="12 34" t="1"/>
		<b id="38" c="13 35" t="1"/>
		<b id="39" c="18 36" t="1"/>
		<b id="40" c="22 37" t="1"/>
		<b id="41" c="24 38" t="1"/>
		<b id="42" c="25 39" t="1"/>
	</bonds>
	<geometry>
		<g u="A" t="cart/3d">#39,3:7.0169,2.3790,1.6394;7.7092,2.5852,0.4312;7.0425,2.4187,-0.7387;5.7190,2.0039,-0.8535;5.1397,1.8840,-2.1052;5.8527,2.1768,-3.2585;5.1997,2.0897,-4.6063;4.5784,3.3361,-5.0251;3.9302,3.5115,-6.2282;3.7787,2.5075,-7.2652;3.0994,2.8563,-8.4477;2.9754,1.8826,-9.4107;3.5371,0.6350,-9.1255;4.1599,0.3777,-7.9939;4.2801,1.2907,-7.0803;3.4356,4.7163,-6.3800;3.7542,5.3893,-5.2450;3.4861,6.6981,-4.8548;3.8950,7.1516,-3.6917;4.5737,6.3428,-2.8890;5.0602,7.0412,-1.3922;4.9134,5.0264,-3.1426;4.4828,4.5302,-4.3695;7.1832,2.5689,-3.1390;7.7718,2.6897,-1.8997;7.7328,2.5988,2.4296;6.6782,1.3426,1.7371;6.1603,3.0542,1.7303;5.1300,1.7746,0.0201;4.1092,1.5676,-2.1796;4.4260,1.3152,-4.6047;5.9347,1.8107,-5.3674;2.7079,3.8547,-8.5550;2.4698,2.0660,-10.3465;3.4883,-0.1873,-9.8248;2.9384,7.3845,-5.4827;5.4727,4.4598,-2.4214;7.7569,2.7912,-4.0266;8.7992,2.9999,-1.7967;</g>
	</geometry>
	<conformers/>
	<properties/>
</molecule>
