<?xml version="1.0" ?>
<!--MOLLI PACKAGE EXPERIMENTAL XML FORMAT-->
<molecule name="el1865">
	<atoms>
		<a id="1" s="C" t="C.3" l="C"/>
		<a id="2" s="O" t="O.3" l="O"/>
		<a id="3" s="C" t="C.ar" l="C"/>
		<a id="4" s="C" t="C.ar" l="C"/>
		<a id="5" s="C" t="C.ar" l="C"/>
		<a id="6" s="C" t="C.ar" l="C"/>
		<a id="7" s="C" t="C.3" l="C"/>
		<a id="8" s="N" t="N.ar" l="N"/>
		<a id="9" s="C" t="C.ar" l="C"/>
		<a id="10" s="C" t="C.ar" l="C"/>
		<a id="11" s="C" t="C.ar" l="C"/>
		<a id="12" s="N" t="N.ar" l="N"/>
		<a id="13" s="C" t="C.ar" l="C"/>
		<a id="14" s="O" t="O.2" l="O"/>
		<a id="15" s="N" t="N.ar" l="N"/>
		<a id="16" s="C" t="C.ar" l="C"/>
		<a id="17" s="C" t="C.ar" l="C"/>
		<a id="18" s="N" t="N.ar" l="N"/>
		<a id="19" s="C" t="C.ar" l="C"/>
		<a id="20" s="Cl" t="Cl" l="CL"/>
		<a id="21" s="C" t="C.ar" l="C"/>
		<a id="22" s="C" t="C.ar" l="C"/>
		<a id="23" s="C" t="C.ar" l="C"/>
		<a id="24" s="C" t="C.ar" l="C"/>
		<a id="25" s="H" t="H" l="H"/>
		<a id="26" s="H" t="H" l="H"/>
		<a id="27" s="H" t="H" l="H"/>
		<a id="28" s="H" t="H" l="H"/>
		<a id="29" s="H" t="H" l="H"/>
		<a id="30" s="H" t="H" l="H"/>
		<a id="31" s="H" t="H" l="H"/>
		<a id="32" s="H" t="H" l="H"/>
		<a id="33" s="H" t="H" l="H"/>
		<a id="34" s="H" t="H" l="H"/>
		<a id="35" s="H" t="H" l="H"/>
		<a id="36" s="H" t="H" l="H"/>
		<a id="37" s="H" t="H" l="H"/>
	</atoms>
	<bonds>
		<b id="1" c="1 2" t="1"/>
		<b id="2" c="2 3" t="1"/>
		<b id="3" c="3 4" t="ar"/>
		<b id="4" c="4 5" t="ar"/>
		<b id="5" c="5 6" t="ar"/>
		<b id="6" c="6 7" t="1"/>
		<b id="7" c="7 8" t="1"/>
		<b id="8" c="8 9" t="ar"/>
		<b id="9" c="9 10" t="1"/>
		<b id="10" c="10 11" t="ar"/>
		<b id="11" c="11 12" t="ar"/>
		<b id="12" c="12 13" t="ar"/>
		<b id="13" c="13 14" t="ar"/>
		<b id="14" c="10 14" t="ar"/>
		<b id="15" c="9 15" t="ar"/>
		<b id="16" c="15 16" t="ar"/>
		<b id="17" c="16 17" t="ar"/>
		<b id="18" c="17 18" t="ar"/>
		<b id="19" c="18 19" t="ar"/>
		<b id="20" c="19 20" t="1"/>
		<b id="21" c="19 21" t="ar"/>
		<b id="22" c="21 22" t="ar"/>
		<b id="23" c="16 22" t="ar"/>
		<b id="24" c="8 22" t="ar"/>
		<b id="25" c="6 23" t="ar"/>
		<b id="26" c="23 24" t="ar"/>
		<b id="27" c="3 24" t="ar"/>
		<b id="28" c="1 25" t="1"/>
		<b id="29" c="1 26" t="1"/>
		<b id="30" c="1 27" t="1"/>
		<b id="31" c="4 28" t="1"/>
		<b id="32" c="5 29" t="1"/>
		<b id="33" c="7 30" t="1"/>
		<b id="34" c="7 31" t="1"/>
		<b id="35" c="11 32" t="1"/>
		<b id="36" c="13 33" t="1"/>
		<b id="37" c="17 34" t="1"/>
		<b id="38" c="21 35" t="1"/>
		<b id="39" c="23 36" t="1"/>
		<b id="40" c="24 37" t="1"/>
	</bonds>
	<geometry>
		<g u="A" t="cart/3d">#37,3:1.1579,0.4426,-3.0772;1.2414,0.9965,-1.7859;2.2698,1.8353,-1.5001;3.2756,2.1998,-2.3887;4.2752,3.0680,-1.9830;4.2982,3.5839,-0.6983;5.3866,4.5349,-0.2603;4.8430,5.6820,0.4248;4.1116,6.7179,-0.1157;3.8276,6.8831,-1.5092;3.0501,7.8244,-2.1411;3.0707,7.5802,-3.4761;3.8283,6.5432,-3.6170;4.3255,6.0642,-2.4724;3.6814,7.5722,0.7791;4.1227,7.0999,1.9783;3.9788,7.5731,3.2789;4.5023,6.9194,4.2936;5.1754,5.7986,4.0784;5.8032,5.0400,5.4910;5.4022,5.2111,2.8448;4.8530,5.8972,1.7720;3.2918,3.2139,0.1897;2.2910,2.3540,-0.2029;0.2701,-0.1873,-3.0698;2.0342,-0.1714,-3.3093;1.0436,1.2189,-3.8407;3.2919,1.8193,-3.3977;5.0490,3.3432,-2.6847;5.9643,4.8689,-1.1266;6.0672,4.0334,0.4350;2.4997,8.6332,-1.7111;4.0821,6.0586,-4.5381;3.4403,8.4798,3.5084;5.9585,4.2928,2.7521;3.2904,3.6040,1.1976;1.5076,2.0637,0.4786;</g>
	</geometry>
	<conformers/>
	<properties/>
</molecule>
