<?xml version="1.0" ?>
<!--MOLLI PACKAGE EXPERIMENTAL XML FORMAT-->
<molecule name="el1866">
	<atoms>
		<a id="1" s="C" t="C.3" l="C"/>
		<a id="2" s="O" t="O.3" l="O"/>
		<a id="3" s="C" t="C.ar" l="C"/>
		<a id="4" s="C" t="C.ar" l="C"/>
		<a id="5" s="C" t="C.ar" l="C"/>
		<a id="6" s="C" t="C.ar" l="C"/>
		<a id="7" s="C" t="C.3" l="C"/>
		<a id="8" s="N" t="N.ar" l="N"/>
		<a id="9" s="C" t="C.ar" l="C"/>
		<a id="10" s="C" t="C.ar" l="C"/>
		<a id="11" s="C" t="C.ar" l="C"/>
		<a id="12" s="C" t="C.ar" l="C"/>
		<a id="13" s="C" t="C.ar" l="C"/>
		<a id="14" s="C" t="C.ar" l="C"/>
		<a id="15" s="C" t="C.ar" l="C"/>
		<a id="16" s="C" t="C.ar" l="C"/>
		<a id="17" s="C" t="C.ar" l="C"/>
		<a id="18" s="N" t="N.ar" l="N"/>
		<a id="19" s="C" t="C.ar" l="C"/>
		<a id="20" s="N" t="N.ar" l="N"/>
		<a id="21" s="C" t="C.ar" l="C"/>
		<a id="22" s="C" t="C.ar" l="C"/>
		<a id="23" s="N" t="N.ar" l="N"/>
		<a id="24" s="C" t="C.ar" l="C"/>
		<a id="25" s="Cl" t="Cl" l="CL"/>
		<a id="26" s="C" t="C.ar" l="C"/>
		<a id="27" s="C" t="C.ar" l="C"/>
		<a id="28" s="C" t="C.ar" l="C"/>
		<a id="29" s="C" t="C.ar" l="C"/>
		<a id="30" s="H" t="H" l="H"/>
		<a id="31" s="H" t="H" l="H"/>
		<a id="32" s="H" t="H" l="H"/>
		<a id="33" s="H" t="H" l="H"/>
		<a id="34" s="H" t="H" l="H"/>
		<a id="35" s="H" t="H" l="H"/>
		<a id="36" s="H" t="H" l="H"/>
		<a id="37" s="H" t="H" l="H"/>
		<a id="38" s="H" t="H" l="H"/>
		<a id="39" s="H" t="H" l="H"/>
		<a id="40" s="H" t="H" l="H"/>
		<a id="41" s="H" t="H" l="H"/>
		<a id="42" s="H" t="H" l="H"/>
		<a id="43" s="H" t="H" l="H"/>
		<a id="44" s="H" t="H" l="H"/>
		<a id="45" s="H" t="H" l="H"/>
		<a id="46" s="H" t="H" l="H"/>
	</atoms>
	<bonds>
		<b id="1" c="1 2" t="1"/>
		<b id="2" c="2 3" t="1"/>
		<b id="3" c="3 4" t="ar"/>
		<b id="4" c="4 5" t="ar"/>
		<b id="5" c="5 6" t="ar"/>
		<b id="6" c="6 7" t="1"/>
		<b id="7" c="7 8" t="1"/>
		<b id="8" c="8 9" t="ar"/>
		<b id="9" c="9 10" t="1"/>
		<b id="10" c="10 11" t="ar"/>
		<b id="11" c="11 12" t="ar"/>
		<b id="12" c="12 13" t="ar"/>
		<b id="13" c="13 14" t="ar"/>
		<b id="14" c="14 15" t="ar"/>
		<b id="15" c="15 16" t="ar"/>
		<b id="16" c="16 17" t="ar"/>
		<b id="17" c="17 18" t="ar"/>
		<b id="18" c="18 19" t="ar"/>
		<b id="19" c="10 19" t="ar"/>
		<b id="20" c="14 19" t="ar"/>
		<b id="21" c="9 20" t="ar"/>
		<b id="22" c="20 21" t="ar"/>
		<b id="23" c="21 22" t="ar"/>
		<b id="24" c="22 23" t="ar"/>
		<b id="25" c="23 24" t="ar"/>
		<b id="26" c="24 25" t="1"/>
		<b id="27" c="24 26" t="ar"/>
		<b id="28" c="26 27" t="ar"/>
		<b id="29" c="21 27" t="ar"/>
		<b id="30" c="8 27" t="ar"/>
		<b id="31" c="6 28" t="ar"/>
		<b id="32" c="28 29" t="ar"/>
		<b id="33" c="3 29" t="ar"/>
		<b id="34" c="1 30" t="1"/>
		<b id="35" c="1 31" t="1"/>
		<b id="36" c="1 32" t="1"/>
		<b id="37" c="4 33" t="1"/>
		<b id="38" c="5 34" t="1"/>
		<b id="39" c="7 35" t="1"/>
		<b id="40" c="7 36" t="1"/>
		<b id="41" c="11 37" t="1"/>
		<b id="42" c="12 38" t="1"/>
		<b id="43" c="13 39" t="1"/>
		<b id="44" c="15 40" t="1"/>
		<b id="45" c="16 41" t="1"/>
		<b id="46" c="17 42" t="1"/>
		<b id="47" c="22 43" t="1"/>
		<b id="48" c="26 44" t="1"/>
		<b id="49" c="28 45" t="1"/>
		<b id="50" c="29 46" t="1"/>
	</bonds>
	<geometry>
		<g u="A" t="cart/3d">#46,3:0.0754,0.4007,-0.7043;1.4793,0.3098,-0.6626;2.2143,1.3170,-1.2021;1.6898,2.4469,-1.8215;2.5411,3.4089,-2.3355;3.9182,3.2741,-2.2432;4.8180,4.3564,-2.7883;4.4640,5.6340,-2.2215;3.7816,6.6793,-2.7959;3.4459,6.7903,-4.2120;2.1689,7.1658,-4.5638;1.8063,7.3394,-5.9047;2.7276,7.1635,-6.9002;4.0545,6.8128,-6.5843;5.0605,6.6597,-7.5621;6.3346,6.3479,-7.1745;6.5929,6.1797,-5.8028;5.6889,6.3001,-4.8724;4.4266,6.6157,-5.2256;3.4408,7.6060,-1.9387;3.9157,7.1867,-0.7290;3.8679,7.7452,0.5424;4.3971,7.1177,1.5725;4.9808,5.9421,1.3958;5.6266,5.2266,2.8247;5.1056,5.2667,0.1938;4.5549,5.9287,-0.8925;4.4370,2.1431,-1.6236;3.6004,1.1746,-1.1132;-0.2920,-0.4982,-0.2104;-0.2953,0.4239,-1.7343;-0.2864,1.2826,-0.1656;0.6246,2.5906,-1.9103;2.1205,4.2826,-2.8144;4.7223,4.4237,-3.8734;5.8636,4.1421,-2.5488;1.4423,7.3294,-3.7829;0.7920,7.6209,-6.1445;2.4597,7.3039,-7.9376;4.8074,6.7988,-8.6041;7.1310,6.2302,-7.8926;7.5889,5.9303,-5.4591;3.4027,8.6988,0.7421;5.5881,4.3063,0.1276;5.5072,2.0168,-1.5444;3.9946,0.2942,-0.6311;</g>
	</geometry>
	<conformers/>
	<properties/>
</molecule>
