<?xml version="1.0" ?>
<!--MOLLI PACKAGE EXPERIMENTAL XML FORMAT-->
<molecule name="el1867">
	<atoms>
		<a id="1" s="C" t="C.3" l="C"/>
		<a id="2" s="O" t="O.3" l="O"/>
		<a id="3" s="C" t="C.ar" l="C"/>
		<a id="4" s="C" t="C.ar" l="C"/>
		<a id="5" s="C" t="C.ar" l="C"/>
		<a id="6" s="C" t="C.ar" l="C"/>
		<a id="7" s="C" t="C.3" l="C"/>
		<a id="8" s="N" t="N.ar" l="N"/>
		<a id="9" s="C" t="C.ar" l="C"/>
		<a id="10" s="C" t="C.3" l="C"/>
		<a id="11" s="C" t="C.3" l="C"/>
		<a id="12" s="C" t="C.3" l="C"/>
		<a id="13" s="C" t="C.3" l="C"/>
		<a id="14" s="C" t="C.3" l="C"/>
		<a id="15" s="N" t="N.ar" l="N"/>
		<a id="16" s="C" t="C.ar" l="C"/>
		<a id="17" s="C" t="C.ar" l="C"/>
		<a id="18" s="N" t="N.ar" l="N"/>
		<a id="19" s="C" t="C.ar" l="C"/>
		<a id="20" s="Cl" t="Cl" l="CL"/>
		<a id="21" s="C" t="C.ar" l="C"/>
		<a id="22" s="C" t="C.ar" l="C"/>
		<a id="23" s="C" t="C.ar" l="C"/>
		<a id="24" s="C" t="C.ar" l="C"/>
		<a id="25" s="H" t="H" l="H"/>
		<a id="26" s="H" t="H" l="H"/>
		<a id="27" s="H" t="H" l="H"/>
		<a id="28" s="H" t="H" l="H"/>
		<a id="29" s="H" t="H" l="H"/>
		<a id="30" s="H" t="H" l="H"/>
		<a id="31" s="H" t="H" l="H"/>
		<a id="32" s="H" t="H" l="H"/>
		<a id="33" s="H" t="H" l="H"/>
		<a id="34" s="H" t="H" l="H"/>
		<a id="35" s="H" t="H" l="H"/>
		<a id="36" s="H" t="H" l="H"/>
		<a id="37" s="H" t="H" l="H"/>
		<a id="38" s="H" t="H" l="H"/>
		<a id="39" s="H" t="H" l="H"/>
		<a id="40" s="H" t="H" l="H"/>
		<a id="41" s="H" t="H" l="H"/>
		<a id="42" s="H" t="H" l="H"/>
		<a id="43" s="H" t="H" l="H"/>
		<a id="44" s="H" t="H" l="H"/>
	</atoms>
	<bonds>
		<b id="1" c="1 2" t="1"/>
		<b id="2" c="2 3" t="1"/>
		<b id="3" c="3 4" t="ar"/>
		<b id="4" c="4 5" t="ar"/>
		<b id="5" c="5 6" t="ar"/>
		<b id="6" c="6 7" t="1"/>
		<b id="7" c="7 8" t="1"/>
		<b id="8" c="8 9" t="ar"/>
		<b id="9" c="9 10" t="1"/>
		<b id="10" c="10 11" t="1"/>
		<b id="11" c="11 12" t="1"/>
		<b id="12" c="12 13" t="1"/>
		<b id="13" c="13 14" t="1"/>
		<b id="14" c="10 14" t="1"/>
		<b id="15" c="9 15" t="ar"/>
		<b id="16" c="15 16" t="ar"/>
		<b id="17" c="16 17" t="ar"/>
		<b id="18" c="17 18" t="ar"/>
		<b id="19" c="18 19" t="ar"/>
		<b id="20" c="19 20" t="1"/>
		<b id="21" c="19 21" t="ar"/>
		<b id="22" c="21 22" t="ar"/>
		<b id="23" c="16 22" t="ar"/>
		<b id="24" c="8 22" t="ar"/>
		<b id="25" c="6 23" t="ar"/>
		<b id="26" c="23 24" t="ar"/>
		<b id="27" c="3 24" t="ar"/>
		<b id="28" c="1 25" t="1"/>
		<b id="29" c="1 26" t="1"/>
		<b id="30" c="1 27" t="1"/>
		<b id="31" c="4 28" t="1"/>
		<b id="32" c="5 29" t="1"/>
		<b id="33" c="7 30" t="1"/>
		<b id="34" c="7 31" t="1"/>
		<b id="35" c="10 32" t="1"/>
		<b id="36" c="11 33" t="1"/>
		<b id="37" c="11 34" t="1"/>
		<b id="38" c="12 35" t="1"/>
		<b id="39" c="12 36" t="1"/>
		<b id="40" c="13 37" t="1"/>
		<b id="41" c="13 38" t="1"/>
		<b id="42" c="14 39" t="1"/>
		<b id="43" c="14 40" t="1"/>
		<b id="44" c="17 41" t="1"/>
		<b id="45" c="21 42" t="1"/>
		<b id="46" c="23 43" t="1"/>
		<b id="47" c="24 44" t="1"/>
	</bonds>
	<geometry>
		<g u="A" t="cart/3d">#44,3:6.6476,-2.4823,2.7064;7.4061,-1.3683,3.1140;6.8623,-0.1315,2.9994;5.6193,0.1476,2.4388;5.1622,1.4533,2.3885;5.9201,2.4990,2.8941;5.3936,3.9046,2.8838;4.6808,4.2608,4.0997;4.1441,5.5102,4.3366;4.1996,6.6208,3.3518;4.1800,8.0021,4.0214;3.5329,8.9547,3.0014;3.0073,8.0677,1.8623;2.9500,6.6648,2.4578;3.5446,5.6016,5.4864;3.6685,4.3741,6.0718;3.2206,3.8982,7.2958;3.4499,2.6540,7.6630;4.1194,1.8594,6.8450;4.3609,0.2511,7.4181;4.6276,2.1951,5.6015;4.3891,3.5044,5.2044;7.1722,2.2175,3.4339;7.6389,0.9232,3.4874;7.2636,-3.3527,2.9256;6.4334,-2.4527,1.6332;5.7094,-2.5535,3.2654;4.9975,-0.6398,2.0441;4.1908,1.6542,1.9601;4.7101,4.0376,2.0366;6.2309,4.6033,2.7651;5.0869,6.5243,2.7194;5.1818,8.3199,4.3059;3.5771,7.9321,4.9251;4.2512,9.6823,2.6249;2.7177,9.5076,3.4657;3.7042,8.0798,1.0223;2.0357,8.3970,1.4977;2.9425,5.8850,1.6964;2.0651,6.5526,3.0852;2.6718,4.5173,7.9892;5.1617,1.4685,5.0175;7.7786,3.0200,3.8276;8.6033,0.6944,3.9113;</g>
	</geometry>
	<conformers/>
	<properties/>
</molecule>
