<?xml version="1.0" ?>
<!--MOLLI PACKAGE EXPERIMENTAL XML FORMAT-->
<molecule name="el1868">
	<atoms>
		<a id="1" s="C" t="C.3" l="C"/>
		<a id="2" s="O" t="O.3" l="O"/>
		<a id="3" s="C" t="C.ar" l="C"/>
		<a id="4" s="C" t="C.ar" l="C"/>
		<a id="5" s="C" t="C.ar" l="C"/>
		<a id="6" s="C" t="C.ar" l="C"/>
		<a id="7" s="C" t="C.3" l="C"/>
		<a id="8" s="N" t="N.ar" l="N"/>
		<a id="9" s="C" t="C.ar" l="C"/>
		<a id="10" s="C" t="C.3" l="C"/>
		<a id="11" s="C" t="C.3" l="C"/>
		<a id="12" s="C" t="C.3" l="C"/>
		<a id="13" s="C" t="C.3" l="C"/>
		<a id="14" s="F" t="F" l="F"/>
		<a id="15" s="F" t="F" l="F"/>
		<a id="16" s="C" t="C.3" l="C"/>
		<a id="17" s="N" t="N.ar" l="N"/>
		<a id="18" s="C" t="C.ar" l="C"/>
		<a id="19" s="C" t="C.ar" l="C"/>
		<a id="20" s="N" t="N.ar" l="N"/>
		<a id="21" s="C" t="C.ar" l="C"/>
		<a id="22" s="Cl" t="Cl" l="CL"/>
		<a id="23" s="C" t="C.ar" l="C"/>
		<a id="24" s="C" t="C.ar" l="C"/>
		<a id="25" s="C" t="C.ar" l="C"/>
		<a id="26" s="C" t="C.ar" l="C"/>
		<a id="27" s="H" t="H" l="H"/>
		<a id="28" s="H" t="H" l="H"/>
		<a id="29" s="H" t="H" l="H"/>
		<a id="30" s="H" t="H" l="H"/>
		<a id="31" s="H" t="H" l="H"/>
		<a id="32" s="H" t="H" l="H"/>
		<a id="33" s="H" t="H" l="H"/>
		<a id="34" s="H" t="H" l="H"/>
		<a id="35" s="H" t="H" l="H"/>
		<a id="36" s="H" t="H" l="H"/>
		<a id="37" s="H" t="H" l="H"/>
		<a id="38" s="H" t="H" l="H"/>
		<a id="39" s="H" t="H" l="H"/>
		<a id="40" s="H" t="H" l="H"/>
		<a id="41" s="H" t="H" l="H"/>
		<a id="42" s="H" t="H" l="H"/>
		<a id="43" s="H" t="H" l="H"/>
		<a id="44" s="H" t="H" l="H"/>
	</atoms>
	<bonds>
		<b id="1" c="1 2" t="1"/>
		<b id="2" c="2 3" t="1"/>
		<b id="3" c="3 4" t="ar"/>
		<b id="4" c="4 5" t="ar"/>
		<b id="5" c="5 6" t="ar"/>
		<b id="6" c="6 7" t="1"/>
		<b id="7" c="7 8" t="1"/>
		<b id="8" c="8 9" t="ar"/>
		<b id="9" c="9 10" t="1"/>
		<b id="10" c="10 11" t="1"/>
		<b id="11" c="11 12" t="1"/>
		<b id="12" c="12 13" t="1"/>
		<b id="13" c="13 14" t="1"/>
		<b id="14" c="13 15" t="1"/>
		<b id="15" c="13 16" t="1"/>
		<b id="16" c="10 16" t="1"/>
		<b id="17" c="9 17" t="ar"/>
		<b id="18" c="17 18" t="ar"/>
		<b id="19" c="18 19" t="ar"/>
		<b id="20" c="19 20" t="ar"/>
		<b id="21" c="20 21" t="ar"/>
		<b id="22" c="21 22" t="1"/>
		<b id="23" c="21 23" t="ar"/>
		<b id="24" c="23 24" t="ar"/>
		<b id="25" c="18 24" t="ar"/>
		<b id="26" c="8 24" t="ar"/>
		<b id="27" c="6 25" t="ar"/>
		<b id="28" c="25 26" t="ar"/>
		<b id="29" c="3 26" t="ar"/>
		<b id="30" c="1 27" t="1"/>
		<b id="31" c="1 28" t="1"/>
		<b id="32" c="1 29" t="1"/>
		<b id="33" c="4 30" t="1"/>
		<b id="34" c="5 31" t="1"/>
		<b id="35" c="7 32" t="1"/>
		<b id="36" c="7 33" t="1"/>
		<b id="37" c="10 34" t="1"/>
		<b id="38" c="11 35" t="1"/>
		<b id="39" c="11 36" t="1"/>
		<b id="40" c="12 37" t="1"/>
		<b id="41" c="12 38" t="1"/>
		<b id="42" c="16 39" t="1"/>
		<b id="43" c="16 40" t="1"/>
		<b id="44" c="19 41" t="1"/>
		<b id="45" c="23 42" t="1"/>
		<b id="46" c="25 43" t="1"/>
		<b id="47" c="26 44" t="1"/>
	</bonds>
	<geometry>
		<g u="A" t="cart/3d">#44,3:6.8551,2.3445,-1.8433;7.6130,1.2412,-2.2810;7.0021,0.0385,-2.4087;5.6693,-0.2194,-2.1012;5.1545,-1.4923,-2.2754;5.9431,-2.5254,-2.7592;5.3690,-3.8968,-2.9694;4.8579,-4.1145,-4.3141;4.3339,-5.3101,-4.7536;4.2215,-6.5336,-3.9141;4.7365,-7.7853,-4.6426;4.0992,-8.9518,-3.8867;2.8030,-8.3889,-3.2924;1.7012,-9.0435,-3.7485;2.7688,-8.5777,-1.9375;2.7569,-6.9009,-3.6329;3.9221,-5.2733,-5.9865;4.1685,-4.0029,-6.4229;3.9343,-3.3973,-7.6500;4.2546,-2.1366,-7.8520;4.8077,-1.4487,-6.8664;5.1849,0.1909,-7.2373;5.1005,-1.9195,-5.5973;4.7642,-3.2482,-5.3730;7.2789,-2.2661,-3.0535;7.8030,-1.0045,-2.8827;7.5415,3.1893,-1.8409;6.4689,2.1899,-0.8308;6.0248,2.5552,-2.5240;5.0239,0.5593,-1.7282;4.1166,-1.6764,-2.0387;4.5475,-4.0622,-2.2618;6.1488,-4.6440,-2.7797;4.7529,-6.4110,-2.9677;5.8230,-7.8419,-4.6471;4.3830,-7.7498,-5.6723;4.7339,-9.2906,-3.0673;3.8813,-9.8020,-4.5300;2.3087,-6.3262,-2.8243;2.1672,-6.7703,-4.5404;3.4854,-3.9256,-8.4774;5.5552,-1.2755,-4.8672;7.9087,-3.0595,-3.4283;8.8348,-0.7929,-3.1117;</g>
	</geometry>
	<conformers/>
	<properties/>
</molecule>
