<?xml version="1.0" ?>
<!--MOLLI PACKAGE EXPERIMENTAL XML FORMAT-->
<molecule name="el1869">
	<atoms>
		<a id="1" s="C" t="C.3" l="C"/>
		<a id="2" s="O" t="O.3" l="O"/>
		<a id="3" s="C" t="C.ar" l="C"/>
		<a id="4" s="C" t="C.ar" l="C"/>
		<a id="5" s="C" t="C.ar" l="C"/>
		<a id="6" s="C" t="C.ar" l="C"/>
		<a id="7" s="C" t="C.3" l="C"/>
		<a id="8" s="N" t="N.ar" l="N"/>
		<a id="9" s="C" t="C.ar" l="C"/>
		<a id="10" s="C" t="C.3" l="C"/>
		<a id="11" s="C" t="C.3" l="C"/>
		<a id="12" s="C" t="C.3" l="C"/>
		<a id="13" s="O" t="O.3" l="O"/>
		<a id="14" s="C" t="C.3" l="C"/>
		<a id="15" s="N" t="N.ar" l="N"/>
		<a id="16" s="C" t="C.ar" l="C"/>
		<a id="17" s="C" t="C.ar" l="C"/>
		<a id="18" s="N" t="N.ar" l="N"/>
		<a id="19" s="C" t="C.ar" l="C"/>
		<a id="20" s="Cl" t="Cl" l="CL"/>
		<a id="21" s="C" t="C.ar" l="C"/>
		<a id="22" s="C" t="C.ar" l="C"/>
		<a id="23" s="C" t="C.ar" l="C"/>
		<a id="24" s="C" t="C.ar" l="C"/>
		<a id="25" s="H" t="H" l="H"/>
		<a id="26" s="H" t="H" l="H"/>
		<a id="27" s="H" t="H" l="H"/>
		<a id="28" s="H" t="H" l="H"/>
		<a id="29" s="H" t="H" l="H"/>
		<a id="30" s="H" t="H" l="H"/>
		<a id="31" s="H" t="H" l="H"/>
		<a id="32" s="H" t="H" l="H"/>
		<a id="33" s="H" t="H" l="H"/>
		<a id="34" s="H" t="H" l="H"/>
		<a id="35" s="H" t="H" l="H"/>
		<a id="36" s="H" t="H" l="H"/>
		<a id="37" s="H" t="H" l="H"/>
		<a id="38" s="H" t="H" l="H"/>
		<a id="39" s="H" t="H" l="H"/>
		<a id="40" s="H" t="H" l="H"/>
		<a id="41" s="H" t="H" l="H"/>
		<a id="42" s="H" t="H" l="H"/>
	</atoms>
	<bonds>
		<b id="1" c="1 2" t="1"/>
		<b id="2" c="2 3" t="1"/>
		<b id="3" c="3 4" t="ar"/>
		<b id="4" c="4 5" t="ar"/>
		<b id="5" c="5 6" t="ar"/>
		<b id="6" c="6 7" t="1"/>
		<b id="7" c="7 8" t="1"/>
		<b id="8" c="8 9" t="ar"/>
		<b id="9" c="9 10" t="1"/>
		<b id="10" c="10 11" t="1"/>
		<b id="11" c="11 12" t="1"/>
		<b id="12" c="12 13" t="1"/>
		<b id="13" c="13 14" t="1"/>
		<b id="14" c="10 14" t="1"/>
		<b id="15" c="9 15" t="ar"/>
		<b id="16" c="15 16" t="ar"/>
		<b id="17" c="16 17" t="ar"/>
		<b id="18" c="17 18" t="ar"/>
		<b id="19" c="18 19" t="ar"/>
		<b id="20" c="19 20" t="1"/>
		<b id="21" c="19 21" t="ar"/>
		<b id="22" c="21 22" t="ar"/>
		<b id="23" c="16 22" t="ar"/>
		<b id="24" c="8 22" t="ar"/>
		<b id="25" c="6 23" t="ar"/>
		<b id="26" c="23 24" t="ar"/>
		<b id="27" c="3 24" t="ar"/>
		<b id="28" c="1 25" t="1"/>
		<b id="29" c="1 26" t="1"/>
		<b id="30" c="1 27" t="1"/>
		<b id="31" c="4 28" t="1"/>
		<b id="32" c="5 29" t="1"/>
		<b id="33" c="7 30" t="1"/>
		<b id="34" c="7 31" t="1"/>
		<b id="35" c="10 32" t="1"/>
		<b id="36" c="11 33" t="1"/>
		<b id="37" c="11 34" t="1"/>
		<b id="38" c="12 35" t="1"/>
		<b id="39" c="12 36" t="1"/>
		<b id="40" c="14 37" t="1"/>
		<b id="41" c="14 38" t="1"/>
		<b id="42" c="17 39" t="1"/>
		<b id="43" c="21 40" t="1"/>
		<b id="44" c="23 41" t="1"/>
		<b id="45" c="24 42" t="1"/>
	</bonds>
	<geometry>
		<g u="A" t="cart/3d">#42,3:0.9071,1.1807,-0.9265;2.1565,0.7088,-0.4792;2.8820,1.4840,0.3657;2.4901,2.7304,0.8474;3.3161,3.4261,1.7126;4.5387,2.9064,2.1123;5.4126,3.6783,3.0720;4.6860,4.0189,4.2714;4.1509,5.2216,4.6726;4.2685,6.4906,3.9115;5.0109,7.5943,4.7003;4.0644,8.8088,4.6098;3.1465,8.5224,3.5772;2.8881,7.1472,3.6701;3.5171,5.1445,5.8088;3.6029,3.8382,6.2035;3.1194,3.1580,7.3142;3.3325,1.8658,7.4548;4.0139,1.2052,6.5303;4.2089,-0.4775,6.8277;4.5565,1.7500,5.3779;4.3346,3.1096,5.2308;4.9264,1.6610,1.6295;4.1132,0.9585,0.7673;0.4990,0.3888,-1.5531;1.0136,2.0939,-1.5236;0.2215,1.3670,-0.0933;1.5495,3.1708,0.5568;2.9955,4.3883,2.0845;5.7747,4.5980,2.6047;6.2822,3.0761,3.3542;4.7574,6.3262,2.9492;5.9798,7.8079,4.2522;5.1572,7.2953,5.7358;4.5731,9.7391,4.3531;3.5275,8.9376,5.5599;2.4079,6.8297,2.7441;2.2363,6.9250,4.5268;2.5559,3.6434,8.0975;5.0921,1.1500,4.6615;5.8775,1.2379,1.9255;4.4074,-0.0085,0.3866;</g>
	</geometry>
	<conformers/>
	<properties/>
</molecule>
