<?xml version="1.0" ?>
<!--MOLLI PACKAGE EXPERIMENTAL XML FORMAT-->
<molecule name="el1807">
	<atoms>
		<a id="1" s="C" t="C.3" l="C"/>
		<a id="2" s="C" t="C.3" l="C"/>
		<a id="3" s="C" t="C.3" l="C"/>
		<a id="4" s="C" t="C.3" l="C"/>
		<a id="5" s="O" t="O.3" l="O"/>
		<a id="6" s="C" t="C.2" l="C"/>
		<a id="7" s="O" t="O.2" l="O"/>
		<a id="8" s="N" t="N.am" l="N"/>
		<a id="9" s="C" t="C.3" l="C"/>
		<a id="10" s="C" t="C.3" l="C"/>
		<a id="11" s="O" t="O.3" l="O"/>
		<a id="12" s="C" t="C.3" l="C"/>
		<a id="13" s="C" t="C.3" l="C"/>
		<a id="14" s="N" t="N.pl3" l="N"/>
		<a id="15" s="C" t="C.ar" l="C"/>
		<a id="16" s="C" t="C.ar" l="C"/>
		<a id="17" s="C" t="C.ar" l="C"/>
		<a id="18" s="Cl" t="Cl" l="CL"/>
		<a id="19" s="N" t="N.ar" l="N"/>
		<a id="20" s="C" t="C.ar" l="C"/>
		<a id="21" s="C" t="C.ar" l="C"/>
		<a id="22" s="C" t="C.1" l="C"/>
		<a id="23" s="C" t="C.1" l="C"/>
		<a id="24" s="C" t="C.3" l="C"/>
		<a id="25" s="O" t="O.3" l="O"/>
		<a id="26" s="Si" t="Si" l="SI"/>
		<a id="27" s="C" t="C.3" l="C"/>
		<a id="28" s="C" t="C.3" l="C"/>
		<a id="29" s="C" t="C.3" l="C"/>
		<a id="30" s="C" t="C.3" l="C"/>
		<a id="31" s="C" t="C.3" l="C"/>
		<a id="32" s="C" t="C.3" l="C"/>
		<a id="33" s="C" t="C.3" l="C"/>
		<a id="34" s="C" t="C.3" l="C"/>
		<a id="35" s="H" t="H" l="H"/>
		<a id="36" s="H" t="H" l="H"/>
		<a id="37" s="H" t="H" l="H"/>
		<a id="38" s="H" t="H" l="H"/>
		<a id="39" s="H" t="H" l="H"/>
		<a id="40" s="H" t="H" l="H"/>
		<a id="41" s="H" t="H" l="H"/>
		<a id="42" s="H" t="H" l="H"/>
		<a id="43" s="H" t="H" l="H"/>
		<a id="44" s="H" t="H" l="H"/>
		<a id="45" s="H" t="H" l="H"/>
		<a id="46" s="H" t="H" l="H"/>
		<a id="47" s="H" t="H" l="H"/>
		<a id="48" s="H" t="H" l="H"/>
		<a id="49" s="H" t="H" l="H"/>
		<a id="50" s="H" t="H" l="H"/>
		<a id="51" s="H" t="H" l="H"/>
		<a id="52" s="H" t="H" l="H"/>
		<a id="53" s="H" t="H" l="H"/>
		<a id="54" s="H" t="H" l="H"/>
		<a id="55" s="H" t="H" l="H"/>
		<a id="56" s="H" t="H" l="H"/>
		<a id="57" s="H" t="H" l="H"/>
		<a id="58" s="H" t="H" l="H"/>
		<a id="59" s="H" t="H" l="H"/>
		<a id="60" s="H" t="H" l="H"/>
		<a id="61" s="H" t="H" l="H"/>
		<a id="62" s="H" t="H" l="H"/>
		<a id="63" s="H" t="H" l="H"/>
		<a id="64" s="H" t="H" l="H"/>
		<a id="65" s="H" t="H" l="H"/>
		<a id="66" s="H" t="H" l="H"/>
		<a id="67" s="H" t="H" l="H"/>
		<a id="68" s="H" t="H" l="H"/>
		<a id="69" s="H" t="H" l="H"/>
		<a id="70" s="H" t="H" l="H"/>
		<a id="71" s="H" t="H" l="H"/>
		<a id="72" s="H" t="H" l="H"/>
	</atoms>
	<bonds>
		<b id="1" c="1 2" t="1"/>
		<b id="2" c="2 3" t="1"/>
		<b id="3" c="2 4" t="1"/>
		<b id="4" c="2 5" t="1"/>
		<b id="5" c="5 6" t="1"/>
		<b id="6" c="6 7" t="2"/>
		<b id="7" c="6 8" t="am"/>
		<b id="8" c="8 9" t="1"/>
		<b id="9" c="9 10" t="1"/>
		<b id="10" c="10 11" t="1"/>
		<b id="11" c="11 12" t="1"/>
		<b id="12" c="12 13" t="1"/>
		<b id="13" c="13 14" t="1"/>
		<b id="14" c="14 15" t="1"/>
		<b id="15" c="15 16" t="ar"/>
		<b id="16" c="16 17" t="ar"/>
		<b id="17" c="17 18" t="1"/>
		<b id="18" c="17 19" t="ar"/>
		<b id="19" c="19 20" t="ar"/>
		<b id="20" c="20 21" t="ar"/>
		<b id="21" c="15 21" t="ar"/>
		<b id="22" c="21 22" t="1"/>
		<b id="23" c="22 23" t="3"/>
		<b id="24" c="23 24" t="1"/>
		<b id="25" c="24 25" t="1"/>
		<b id="26" c="25 26" t="1"/>
		<b id="27" c="26 27" t="1"/>
		<b id="28" c="26 28" t="1"/>
		<b id="29" c="26 29" t="1"/>
		<b id="30" c="24 30" t="1"/>
		<b id="31" c="30 31" t="1"/>
		<b id="32" c="31 32" t="1"/>
		<b id="33" c="32 33" t="1"/>
		<b id="34" c="24 33" t="1"/>
		<b id="35" c="12 34" t="1"/>
		<b id="36" c="8 34" t="1"/>
		<b id="37" c="1 35" t="1"/>
		<b id="38" c="1 36" t="1"/>
		<b id="39" c="1 37" t="1"/>
		<b id="40" c="3 38" t="1"/>
		<b id="41" c="3 39" t="1"/>
		<b id="42" c="3 40" t="1"/>
		<b id="43" c="4 41" t="1"/>
		<b id="44" c="4 42" t="1"/>
		<b id="45" c="4 43" t="1"/>
		<b id="46" c="9 44" t="1"/>
		<b id="47" c="9 45" t="1"/>
		<b id="48" c="10 46" t="1"/>
		<b id="49" c="10 47" t="1"/>
		<b id="50" c="12 48" t="1"/>
		<b id="51" c="13 49" t="1"/>
		<b id="52" c="13 50" t="1"/>
		<b id="53" c="14 51" t="1"/>
		<b id="54" c="16 52" t="1"/>
		<b id="55" c="20 53" t="1"/>
		<b id="56" c="27 54" t="1"/>
		<b id="57" c="27 55" t="1"/>
		<b id="58" c="27 56" t="1"/>
		<b id="59" c="28 57" t="1"/>
		<b id="60" c="28 58" t="1"/>
		<b id="61" c="28 59" t="1"/>
		<b id="62" c="29 60" t="1"/>
		<b id="63" c="29 61" t="1"/>
		<b id="64" c="29 62" t="1"/>
		<b id="65" c="30 63" t="1"/>
		<b id="66" c="30 64" t="1"/>
		<b id="67" c="31 65" t="1"/>
		<b id="68" c="31 66" t="1"/>
		<b id="69" c="32 67" t="1"/>
		<b id="70" c="32 68" t="1"/>
		<b id="71" c="33 69" t="1"/>
		<b id="72" c="33 70" t="1"/>
		<b id="73" c="34 71" t="1"/>
		<b id="74" c="34 72" t="1"/>
	</bonds>
	<geometry>
		<g u="A" t="cart/3d">#72,3:5.1446,10.4734,-4.2535;5.2663,9.1293,-4.9685;3.8987,8.4684,-5.1400;5.9519,9.3016,-6.3244;6.1603,8.2486,-4.2395;5.8697,7.8744,-2.9866;4.8931,8.2006,-2.3500;6.8460,7.0735,-2.4696;7.9018,6.4742,-3.2573;7.5314,5.0222,-3.5737;7.2277,4.2958,-2.3969;6.2220,4.8869,-1.5929;4.8334,4.8239,-2.2503;4.5677,3.4968,-2.7372;3.7520,3.1962,-3.7706;2.9677,4.1443,-4.4363;2.1848,3.7160,-5.4930;1.2326,4.8729,-6.3456;2.0968,2.4736,-5.9217;2.8137,1.5639,-5.2813;3.6509,1.8498,-4.2137;4.3891,0.8374,-3.5629;5.0154,-0.0074,-2.9760;5.8011,-1.0158,-2.2857;7.1731,-0.6961,-2.3293;8.1796,-0.2776,-3.5451;7.7539,1.4186,-4.3058;9.8400,-0.1947,-2.6258;8.2362,-1.5654,-4.9550;5.5231,-2.4161,-2.8823;4.5365,-3.0670,-1.9196;5.0269,-2.5856,-0.5571;5.3601,-1.1137,-0.7990;6.5810,6.3432,-1.2501;4.5467,11.1528,-4.8541;6.1310,10.9077,-4.1040;4.6677,10.3427,-3.2862;3.2663,9.0947,-5.7623;3.4199,8.3391,-4.1732;4.0055,7.4971,-5.6197;5.3592,9.9538,-6.9582;6.0619,8.3372,-6.8135;6.9389,9.7370,-6.1909;8.8206,6.4976,-2.6618;8.0452,7.0424,-4.1738;8.3742,4.4984,-4.0268;6.6840,4.9977,-4.2719;6.2186,4.2800,-0.6806;4.7890,5.5371,-3.0782;4.0833,5.1295,-1.5091;5.1486,2.7488,-2.3859;2.9531,5.1802,-4.1435;2.7138,0.5501,-5.6440;7.5995,2.1609,-3.5286;6.8505,1.3775,-4.9072;8.5561,1.7732,-4.9453;9.8295,0.5760,-1.8624;10.6432,0.0362,-3.3167;10.0804,-1.1350,-2.1413;7.2722,-1.6569,-5.4485;8.5120,-2.5506,-4.5891;8.9620,-1.2878,-5.7127;6.4656,-2.9636,-2.8866;5.1486,-2.3532,-3.9029;4.5264,-4.1524,-2.0072;3.5288,-2.6921,-2.1076;5.9282,-3.1327,-0.2779;4.2845,-2.7156,0.2290;6.1661,-0.7543,-0.1618;4.4802,-0.4903,-0.6340;7.4815,6.3635,-0.6293;5.7588,6.8312,-0.7266;</g>
	</geometry>
	<conformers/>
	<properties/>
</molecule>
