<?xml version="1.0" ?>
<!--MOLLI PACKAGE EXPERIMENTAL XML FORMAT-->
<molecule name="el1874">
	<atoms>
		<a id="1" s="C" t="C.3" l="C"/>
		<a id="2" s="O" t="O.3" l="O"/>
		<a id="3" s="C" t="C.ar" l="C"/>
		<a id="4" s="C" t="C.ar" l="C"/>
		<a id="5" s="C" t="C.ar" l="C"/>
		<a id="6" s="C" t="C.ar" l="C"/>
		<a id="7" s="C" t="C.3" l="C"/>
		<a id="8" s="N" t="N.ar" l="N"/>
		<a id="9" s="C" t="C.ar" l="C"/>
		<a id="10" s="C" t="C.3" l="C"/>
		<a id="11" s="C" t="C.3" l="C"/>
		<a id="12" s="C" t="C.3" l="C"/>
		<a id="13" s="C" t="C.3" l="C"/>
		<a id="14" s="N" t="N.ar" l="N"/>
		<a id="15" s="C" t="C.ar" l="C"/>
		<a id="16" s="C" t="C.ar" l="C"/>
		<a id="17" s="N" t="N.ar" l="N"/>
		<a id="18" s="C" t="C.ar" l="C"/>
		<a id="19" s="Cl" t="Cl" l="CL"/>
		<a id="20" s="C" t="C.ar" l="C"/>
		<a id="21" s="C" t="C.ar" l="C"/>
		<a id="22" s="C" t="C.ar" l="C"/>
		<a id="23" s="C" t="C.ar" l="C"/>
		<a id="24" s="H" t="H" l="H"/>
		<a id="25" s="H" t="H" l="H"/>
		<a id="26" s="H" t="H" l="H"/>
		<a id="27" s="H" t="H" l="H"/>
		<a id="28" s="H" t="H" l="H"/>
		<a id="29" s="H" t="H" l="H"/>
		<a id="30" s="H" t="H" l="H"/>
		<a id="31" s="H" t="H" l="H"/>
		<a id="32" s="H" t="H" l="H"/>
		<a id="33" s="H" t="H" l="H"/>
		<a id="34" s="H" t="H" l="H"/>
		<a id="35" s="H" t="H" l="H"/>
		<a id="36" s="H" t="H" l="H"/>
		<a id="37" s="H" t="H" l="H"/>
		<a id="38" s="H" t="H" l="H"/>
		<a id="39" s="H" t="H" l="H"/>
		<a id="40" s="H" t="H" l="H"/>
		<a id="41" s="H" t="H" l="H"/>
	</atoms>
	<bonds>
		<b id="1" c="1 2" t="1"/>
		<b id="2" c="2 3" t="1"/>
		<b id="3" c="3 4" t="ar"/>
		<b id="4" c="4 5" t="ar"/>
		<b id="5" c="5 6" t="ar"/>
		<b id="6" c="6 7" t="1"/>
		<b id="7" c="7 8" t="1"/>
		<b id="8" c="8 9" t="ar"/>
		<b id="9" c="9 10" t="1"/>
		<b id="10" c="10 11" t="1"/>
		<b id="11" c="11 12" t="1"/>
		<b id="12" c="12 13" t="1"/>
		<b id="13" c="11 13" t="1"/>
		<b id="14" c="9 14" t="ar"/>
		<b id="15" c="14 15" t="ar"/>
		<b id="16" c="15 16" t="ar"/>
		<b id="17" c="16 17" t="ar"/>
		<b id="18" c="17 18" t="ar"/>
		<b id="19" c="18 19" t="1"/>
		<b id="20" c="18 20" t="ar"/>
		<b id="21" c="20 21" t="ar"/>
		<b id="22" c="15 21" t="ar"/>
		<b id="23" c="8 21" t="ar"/>
		<b id="24" c="6 22" t="ar"/>
		<b id="25" c="22 23" t="ar"/>
		<b id="26" c="3 23" t="ar"/>
		<b id="27" c="1 24" t="1"/>
		<b id="28" c="1 25" t="1"/>
		<b id="29" c="1 26" t="1"/>
		<b id="30" c="4 27" t="1"/>
		<b id="31" c="5 28" t="1"/>
		<b id="32" c="7 29" t="1"/>
		<b id="33" c="7 30" t="1"/>
		<b id="34" c="10 31" t="1"/>
		<b id="35" c="10 32" t="1"/>
		<b id="36" c="11 33" t="1"/>
		<b id="37" c="12 34" t="1"/>
		<b id="38" c="12 35" t="1"/>
		<b id="39" c="13 36" t="1"/>
		<b id="40" c="13 37" t="1"/>
		<b id="41" c="16 38" t="1"/>
		<b id="42" c="20 39" t="1"/>
		<b id="43" c="22 40" t="1"/>
		<b id="44" c="23 41" t="1"/>
	</bonds>
	<geometry>
		<g u="A" t="cart/3d">#41,3:11.3299,2.5374,1.9626;10.8038,3.8022,1.6376;9.4859,3.8999,1.3265;8.5943,2.8339,1.2772;7.2687,3.0577,0.9456;6.8067,4.3299,0.6533;5.3576,4.5754,0.3100;4.7949,5.6006,1.1547;4.3877,6.8760,0.8351;4.4227,7.4282,-0.5437;3.1338,7.1759,-1.3147;1.8124,7.4426,-0.6640;2.2213,6.0354,-0.9793;3.9469,7.5431,1.8618;4.0635,6.7044,2.9372;3.7592,6.8539,4.2834;3.9811,5.8734,5.1356;4.5001,4.7346,4.7060;4.7492,3.5388,5.9227;4.8476,4.4399,3.3983;4.6117,5.4697,2.5024;7.7024,5.3940,0.7057;9.0220,5.1855,1.0366;12.3835,2.7045,2.1799;11.2405,1.8374,1.1254;10.8415,2.1144,2.8462;8.9146,1.8283,1.4988;6.5886,2.2179,0.9124;4.7815,3.6534,0.4458;5.2552,4.8879,-0.7326;5.2681,7.0109,-1.0970;4.5684,8.5077,-0.4589;3.2267,7.4344,-2.3631;1.0291,7.8978,-1.2500;1.8264,7.7509,0.3702;1.7248,5.5230,-1.7899;2.4750,5.3876,-0.1543;3.3358,7.7608,4.6877;5.2739,3.4909,3.1203;7.3593,6.3967,0.4934;9.7217,6.0047,1.0814;</g>
	</geometry>
	<conformers/>
	<properties/>
</molecule>
