<?xml version="1.0" ?>
<!--MOLLI PACKAGE EXPERIMENTAL XML FORMAT-->
<molecule name="el1875">
	<atoms>
		<a id="1" s="C" t="C.3" l="C"/>
		<a id="2" s="O" t="O.3" l="O"/>
		<a id="3" s="C" t="C.ar" l="C"/>
		<a id="4" s="C" t="C.ar" l="C"/>
		<a id="5" s="C" t="C.ar" l="C"/>
		<a id="6" s="C" t="C.ar" l="C"/>
		<a id="7" s="C" t="C.3" l="C"/>
		<a id="8" s="N" t="N.ar" l="N"/>
		<a id="9" s="C" t="C.ar" l="C"/>
		<a id="10" s="C" t="C.3" l="C"/>
		<a id="11" s="C" t="C.3" l="C"/>
		<a id="12" s="C" t="C.3" l="C"/>
		<a id="13" s="C" t="C.3" l="C"/>
		<a id="14" s="N" t="N.ar" l="N"/>
		<a id="15" s="C" t="C.ar" l="C"/>
		<a id="16" s="C" t="C.ar" l="C"/>
		<a id="17" s="N" t="N.ar" l="N"/>
		<a id="18" s="C" t="C.ar" l="C"/>
		<a id="19" s="Cl" t="Cl" l="CL"/>
		<a id="20" s="C" t="C.ar" l="C"/>
		<a id="21" s="C" t="C.ar" l="C"/>
		<a id="22" s="C" t="C.ar" l="C"/>
		<a id="23" s="C" t="C.ar" l="C"/>
		<a id="24" s="H" t="H" l="H"/>
		<a id="25" s="H" t="H" l="H"/>
		<a id="26" s="H" t="H" l="H"/>
		<a id="27" s="H" t="H" l="H"/>
		<a id="28" s="H" t="H" l="H"/>
		<a id="29" s="H" t="H" l="H"/>
		<a id="30" s="H" t="H" l="H"/>
		<a id="31" s="H" t="H" l="H"/>
		<a id="32" s="H" t="H" l="H"/>
		<a id="33" s="H" t="H" l="H"/>
		<a id="34" s="H" t="H" l="H"/>
		<a id="35" s="H" t="H" l="H"/>
		<a id="36" s="H" t="H" l="H"/>
		<a id="37" s="H" t="H" l="H"/>
		<a id="38" s="H" t="H" l="H"/>
		<a id="39" s="H" t="H" l="H"/>
		<a id="40" s="H" t="H" l="H"/>
		<a id="41" s="H" t="H" l="H"/>
	</atoms>
	<bonds>
		<b id="1" c="1 2" t="1"/>
		<b id="2" c="2 3" t="1"/>
		<b id="3" c="3 4" t="ar"/>
		<b id="4" c="4 5" t="ar"/>
		<b id="5" c="5 6" t="ar"/>
		<b id="6" c="6 7" t="1"/>
		<b id="7" c="7 8" t="1"/>
		<b id="8" c="8 9" t="ar"/>
		<b id="9" c="9 10" t="1"/>
		<b id="10" c="10 11" t="1"/>
		<b id="11" c="11 12" t="1"/>
		<b id="12" c="12 13" t="1"/>
		<b id="13" c="10 13" t="1"/>
		<b id="14" c="9 14" t="ar"/>
		<b id="15" c="14 15" t="ar"/>
		<b id="16" c="15 16" t="ar"/>
		<b id="17" c="16 17" t="ar"/>
		<b id="18" c="17 18" t="ar"/>
		<b id="19" c="18 19" t="1"/>
		<b id="20" c="18 20" t="ar"/>
		<b id="21" c="20 21" t="ar"/>
		<b id="22" c="15 21" t="ar"/>
		<b id="23" c="8 21" t="ar"/>
		<b id="24" c="6 22" t="ar"/>
		<b id="25" c="22 23" t="ar"/>
		<b id="26" c="3 23" t="ar"/>
		<b id="27" c="1 24" t="1"/>
		<b id="28" c="1 25" t="1"/>
		<b id="29" c="1 26" t="1"/>
		<b id="30" c="4 27" t="1"/>
		<b id="31" c="5 28" t="1"/>
		<b id="32" c="7 29" t="1"/>
		<b id="33" c="7 30" t="1"/>
		<b id="34" c="10 31" t="1"/>
		<b id="35" c="11 32" t="1"/>
		<b id="36" c="11 33" t="1"/>
		<b id="37" c="12 34" t="1"/>
		<b id="38" c="12 35" t="1"/>
		<b id="39" c="13 36" t="1"/>
		<b id="40" c="13 37" t="1"/>
		<b id="41" c="16 38" t="1"/>
		<b id="42" c="20 39" t="1"/>
		<b id="43" c="22 40" t="1"/>
		<b id="44" c="23 41" t="1"/>
	</bonds>
	<geometry>
		<g u="A" t="cart/3d">#41,3:1.9902,1.3078,-0.8493;3.3766,1.0748,-0.9217;3.8123,-0.1604,-1.2788;2.9909,-1.2423,-1.5791;3.5513,-2.4579,-1.9285;4.9264,-2.6231,-1.9920;5.5126,-3.9548,-2.3955;4.8542,-4.4709,-3.5691;4.0802,-5.5980,-3.7205;3.8790,-6.6256,-2.6631;4.9706,-7.6794,-2.7294;6.1892,-7.5933,-1.8624;5.1485,-8.6385,-1.5923;3.5706,-5.7119,-4.9127;3.9974,-4.6160,-5.6131;3.7741,-4.1869,-6.9145;4.3014,-3.0608,-7.3508;5.0518,-2.3304,-6.5416;5.6741,-0.8789,-7.2326;5.3625,-2.6308,-5.2259;4.8083,-3.8151,-4.7679;5.7434,-1.5388,-1.6942;5.1977,-0.3248,-1.3385;1.8823,2.3488,-0.5499;1.5137,0.6656,-0.1016;1.5063,1.1591,-1.8198;1.9168,-1.1529,-1.5474;2.8989,-3.2875,-2.1637;5.3961,-4.6788,-1.5854;6.5827,-3.8463,-2.6037;2.9168,-7.1033,-2.8603;3.8471,-6.1728,-1.6705;5.1049,-8.0717,-3.7299;6.2750,-6.7771,-1.1603;7.1373,-7.9029,-2.2750;4.5222,-8.5148,-0.7216;5.3780,-9.6683,-1.8167;3.1695,-4.7430,-7.6148;5.9749,-1.9833,-4.6213;6.8176,-1.6468,-1.7401;5.8244,0.5214,-1.1071;</g>
	</geometry>
	<conformers/>
	<properties/>
</molecule>
