<?xml version="1.0" ?>
<!--MOLLI PACKAGE EXPERIMENTAL XML FORMAT-->
<molecule name="el1876">
	<atoms>
		<a id="1" s="C" t="C.3" l="C"/>
		<a id="2" s="O" t="O.3" l="O"/>
		<a id="3" s="C" t="C.ar" l="C"/>
		<a id="4" s="C" t="C.ar" l="C"/>
		<a id="5" s="C" t="C.ar" l="C"/>
		<a id="6" s="C" t="C.ar" l="C"/>
		<a id="7" s="C" t="C.3" l="C"/>
		<a id="8" s="N" t="N.ar" l="N"/>
		<a id="9" s="C" t="C.ar" l="C"/>
		<a id="10" s="C" t="C.3" l="C"/>
		<a id="11" s="C" t="C.3" l="C"/>
		<a id="12" s="C" t="C.3" l="C"/>
		<a id="13" s="C" t="C.3" l="C"/>
		<a id="14" s="C" t="C.3" l="C"/>
		<a id="15" s="C" t="C.3" l="C"/>
		<a id="16" s="N" t="N.ar" l="N"/>
		<a id="17" s="C" t="C.ar" l="C"/>
		<a id="18" s="C" t="C.ar" l="C"/>
		<a id="19" s="N" t="N.ar" l="N"/>
		<a id="20" s="C" t="C.ar" l="C"/>
		<a id="21" s="Cl" t="Cl" l="CL"/>
		<a id="22" s="C" t="C.ar" l="C"/>
		<a id="23" s="C" t="C.ar" l="C"/>
		<a id="24" s="C" t="C.ar" l="C"/>
		<a id="25" s="C" t="C.ar" l="C"/>
		<a id="26" s="H" t="H" l="H"/>
		<a id="27" s="H" t="H" l="H"/>
		<a id="28" s="H" t="H" l="H"/>
		<a id="29" s="H" t="H" l="H"/>
		<a id="30" s="H" t="H" l="H"/>
		<a id="31" s="H" t="H" l="H"/>
		<a id="32" s="H" t="H" l="H"/>
		<a id="33" s="H" t="H" l="H"/>
		<a id="34" s="H" t="H" l="H"/>
		<a id="35" s="H" t="H" l="H"/>
		<a id="36" s="H" t="H" l="H"/>
		<a id="37" s="H" t="H" l="H"/>
		<a id="38" s="H" t="H" l="H"/>
		<a id="39" s="H" t="H" l="H"/>
		<a id="40" s="H" t="H" l="H"/>
		<a id="41" s="H" t="H" l="H"/>
		<a id="42" s="H" t="H" l="H"/>
		<a id="43" s="H" t="H" l="H"/>
		<a id="44" s="H" t="H" l="H"/>
		<a id="45" s="H" t="H" l="H"/>
		<a id="46" s="H" t="H" l="H"/>
		<a id="47" s="H" t="H" l="H"/>
	</atoms>
	<bonds>
		<b id="1" c="1 2" t="1"/>
		<b id="2" c="2 3" t="1"/>
		<b id="3" c="3 4" t="ar"/>
		<b id="4" c="4 5" t="ar"/>
		<b id="5" c="5 6" t="ar"/>
		<b id="6" c="6 7" t="1"/>
		<b id="7" c="7 8" t="1"/>
		<b id="8" c="8 9" t="ar"/>
		<b id="9" c="9 10" t="1"/>
		<b id="10" c="10 11" t="1"/>
		<b id="11" c="11 12" t="1"/>
		<b id="12" c="12 13" t="1"/>
		<b id="13" c="13 14" t="1"/>
		<b id="14" c="14 15" t="1"/>
		<b id="15" c="10 15" t="1"/>
		<b id="16" c="9 16" t="ar"/>
		<b id="17" c="16 17" t="ar"/>
		<b id="18" c="17 18" t="ar"/>
		<b id="19" c="18 19" t="ar"/>
		<b id="20" c="19 20" t="ar"/>
		<b id="21" c="20 21" t="1"/>
		<b id="22" c="20 22" t="ar"/>
		<b id="23" c="22 23" t="ar"/>
		<b id="24" c="17 23" t="ar"/>
		<b id="25" c="8 23" t="ar"/>
		<b id="26" c="6 24" t="ar"/>
		<b id="27" c="24 25" t="ar"/>
		<b id="28" c="3 25" t="ar"/>
		<b id="29" c="1 26" t="1"/>
		<b id="30" c="1 27" t="1"/>
		<b id="31" c="1 28" t="1"/>
		<b id="32" c="4 29" t="1"/>
		<b id="33" c="5 30" t="1"/>
		<b id="34" c="7 31" t="1"/>
		<b id="35" c="7 32" t="1"/>
		<b id="36" c="10 33" t="1"/>
		<b id="37" c="11 34" t="1"/>
		<b id="38" c="11 35" t="1"/>
		<b id="39" c="12 36" t="1"/>
		<b id="40" c="12 37" t="1"/>
		<b id="41" c="13 38" t="1"/>
		<b id="42" c="13 39" t="1"/>
		<b id="43" c="14 40" t="1"/>
		<b id="44" c="14 41" t="1"/>
		<b id="45" c="15 42" t="1"/>
		<b id="46" c="15 43" t="1"/>
		<b id="47" c="18 44" t="1"/>
		<b id="48" c="22 45" t="1"/>
		<b id="49" c="24 46" t="1"/>
		<b id="50" c="25 47" t="1"/>
	</bonds>
	<geometry>
		<g u="A" t="cart/3d">#47,3:7.6977,-0.8377,3.2350;8.3147,0.4137,3.0458;7.6047,1.4078,2.4576;6.3165,1.2767,1.9471;5.6843,2.3697,1.3801;6.3095,3.6058,1.3145;5.5951,4.7975,0.7467;4.8820,5.5733,1.7491;4.1930,6.7366,1.4742;4.0893,7.3483,0.1195;4.6304,8.7834,0.1608;4.4816,9.4531,-1.2006;3.0199,9.4605,-1.6356;2.4752,8.0367,-1.6831;2.6195,7.3640,-0.3226;3.6244,7.2568,2.5213;3.9266,6.4265,3.5625;3.5852,6.4857,4.9062;3.9883,5.5566,5.7488;4.7301,4.5606,5.2946;5.2020,3.3977,6.4773;5.1491,4.3736,3.9883;4.7268,5.3465,3.0918;7.6068,3.7265,1.8050;8.2474,2.6457,2.3683;8.4309,-1.4506,3.7563;7.4451,-1.3106,2.2805;6.7967,-0.7504,3.8503;5.7945,0.3342,1.9890;4.6799,2.2565,0.9981;4.8701,4.4655,-0.0068;6.3235,5.4590,0.2624;4.6699,6.7708,-0.6055;5.6810,8.7709,0.4603;4.0729,9.3379,0.9162;5.0779,8.9132,-1.9411;4.8609,10.4753,-1.1486;2.9250,9.9290,-2.6172;2.4351,10.0465,-0.9241;3.0238,7.4630,-2.4349;1.4235,8.0487,-1.9752;2.2376,6.3411,-0.3672;2.0420,7.9058,0.4272;2.9817,7.2828,5.3132;5.7565,3.5266,3.7276;8.1116,4.6801,1.7556;9.2489,2.7312,2.7579;</g>
	</geometry>
	<conformers/>
	<properties/>
</molecule>
