<?xml version="1.0" ?>
<!--MOLLI PACKAGE EXPERIMENTAL XML FORMAT-->
<molecule name="el1877">
	<atoms>
		<a id="1" s="C" t="C.3" l="C"/>
		<a id="2" s="O" t="O.3" l="O"/>
		<a id="3" s="C" t="C.ar" l="C"/>
		<a id="4" s="C" t="C.ar" l="C"/>
		<a id="5" s="C" t="C.ar" l="C"/>
		<a id="6" s="C" t="C.ar" l="C"/>
		<a id="7" s="C" t="C.3" l="C"/>
		<a id="8" s="N" t="N.ar" l="N"/>
		<a id="9" s="C" t="C.ar" l="C"/>
		<a id="10" s="C" t="C.3" l="C"/>
		<a id="11" s="C" t="C.3" l="C"/>
		<a id="12" s="C" t="C.3" l="C"/>
		<a id="13" s="C" t="C.3" l="C"/>
		<a id="14" s="C" t="C.3" l="C"/>
		<a id="15" s="C" t="C.3" l="C"/>
		<a id="16" s="C" t="C.3" l="C"/>
		<a id="17" s="N" t="N.ar" l="N"/>
		<a id="18" s="C" t="C.ar" l="C"/>
		<a id="19" s="C" t="C.ar" l="C"/>
		<a id="20" s="N" t="N.ar" l="N"/>
		<a id="21" s="C" t="C.ar" l="C"/>
		<a id="22" s="Cl" t="Cl" l="CL"/>
		<a id="23" s="C" t="C.ar" l="C"/>
		<a id="24" s="C" t="C.ar" l="C"/>
		<a id="25" s="C" t="C.ar" l="C"/>
		<a id="26" s="C" t="C.ar" l="C"/>
		<a id="27" s="H" t="H" l="H"/>
		<a id="28" s="H" t="H" l="H"/>
		<a id="29" s="H" t="H" l="H"/>
		<a id="30" s="H" t="H" l="H"/>
		<a id="31" s="H" t="H" l="H"/>
		<a id="32" s="H" t="H" l="H"/>
		<a id="33" s="H" t="H" l="H"/>
		<a id="34" s="H" t="H" l="H"/>
		<a id="35" s="H" t="H" l="H"/>
		<a id="36" s="H" t="H" l="H"/>
		<a id="37" s="H" t="H" l="H"/>
		<a id="38" s="H" t="H" l="H"/>
		<a id="39" s="H" t="H" l="H"/>
		<a id="40" s="H" t="H" l="H"/>
		<a id="41" s="H" t="H" l="H"/>
		<a id="42" s="H" t="H" l="H"/>
		<a id="43" s="H" t="H" l="H"/>
		<a id="44" s="H" t="H" l="H"/>
		<a id="45" s="H" t="H" l="H"/>
		<a id="46" s="H" t="H" l="H"/>
		<a id="47" s="H" t="H" l="H"/>
		<a id="48" s="H" t="H" l="H"/>
		<a id="49" s="H" t="H" l="H"/>
		<a id="50" s="H" t="H" l="H"/>
	</atoms>
	<bonds>
		<b id="1" c="1 2" t="1"/>
		<b id="2" c="2 3" t="1"/>
		<b id="3" c="3 4" t="ar"/>
		<b id="4" c="4 5" t="ar"/>
		<b id="5" c="5 6" t="ar"/>
		<b id="6" c="6 7" t="1"/>
		<b id="7" c="7 8" t="1"/>
		<b id="8" c="8 9" t="ar"/>
		<b id="9" c="9 10" t="1"/>
		<b id="10" c="10 11" t="1"/>
		<b id="11" c="11 12" t="1"/>
		<b id="12" c="12 13" t="1"/>
		<b id="13" c="13 14" t="1"/>
		<b id="14" c="14 15" t="1"/>
		<b id="15" c="15 16" t="1"/>
		<b id="16" c="10 16" t="1"/>
		<b id="17" c="9 17" t="ar"/>
		<b id="18" c="17 18" t="ar"/>
		<b id="19" c="18 19" t="ar"/>
		<b id="20" c="19 20" t="ar"/>
		<b id="21" c="20 21" t="ar"/>
		<b id="22" c="21 22" t="1"/>
		<b id="23" c="21 23" t="ar"/>
		<b id="24" c="23 24" t="ar"/>
		<b id="25" c="18 24" t="ar"/>
		<b id="26" c="8 24" t="ar"/>
		<b id="27" c="6 25" t="ar"/>
		<b id="28" c="25 26" t="ar"/>
		<b id="29" c="3 26" t="ar"/>
		<b id="30" c="1 27" t="1"/>
		<b id="31" c="1 28" t="1"/>
		<b id="32" c="1 29" t="1"/>
		<b id="33" c="4 30" t="1"/>
		<b id="34" c="5 31" t="1"/>
		<b id="35" c="7 32" t="1"/>
		<b id="36" c="7 33" t="1"/>
		<b id="37" c="10 34" t="1"/>
		<b id="38" c="11 35" t="1"/>
		<b id="39" c="11 36" t="1"/>
		<b id="40" c="12 37" t="1"/>
		<b id="41" c="12 38" t="1"/>
		<b id="42" c="13 39" t="1"/>
		<b id="43" c="13 40" t="1"/>
		<b id="44" c="14 41" t="1"/>
		<b id="45" c="14 42" t="1"/>
		<b id="46" c="15 43" t="1"/>
		<b id="47" c="15 44" t="1"/>
		<b id="48" c="16 45" t="1"/>
		<b id="49" c="16 46" t="1"/>
		<b id="50" c="19 47" t="1"/>
		<b id="51" c="23 48" t="1"/>
		<b id="52" c="25 49" t="1"/>
		<b id="53" c="26 50" t="1"/>
	</bonds>
	<geometry>
		<g u="A" t="cart/3d">#50,3:3.4866,0.6710,1.7449;4.7840,0.9630,1.2832;4.9245,1.6143,0.1005;3.8819,1.9586,-0.7537;4.1476,2.6385,-1.9293;5.4415,2.9983,-2.2737;5.7174,3.7853,-3.5314;4.7526,4.8427,-3.7160;4.0416,5.1857,-4.8447;4.1616,4.4716,-6.1502;3.9865,5.4904,-7.2887;3.5153,4.9135,-8.6233;1.9920,4.8487,-8.7322;1.3423,3.7390,-7.9109;1.7056,3.7580,-6.4272;3.1450,3.3130,-6.1709;3.2235,6.1789,-4.6462;3.3775,6.5445,-3.3373;2.7758,7.5287,-2.5655;3.1031,7.6836,-1.2983;4.0197,6.8959,-0.7597;4.3581,7.1973,0.9038;4.7041,5.8791,-1.4044;4.3528,5.7084,-2.7344;6.4819,2.6380,-1.4243;6.2317,1.9511,-0.2570;3.6199,0.2052,2.7199;2.9693,-0.0275,1.0790;2.8878,1.5802,1.8572;2.8607,1.7085,-0.5150;3.3238,2.9051,-2.5764;5.6753,3.1219,-4.4001;6.7248,4.2170,-3.4792;5.1631,4.0325,-6.2256;4.9475,5.9908,-7.4288;3.2755,6.2481,-6.9604;3.9496,3.9272,-8.7946;3.8781,5.5680,-9.4195;1.7185,4.6999,-9.7801;1.5820,5.8117,-8.4204;1.6209,2.7679,-8.3300;0.2581,3.8348,-8.0087;1.0305,3.0741,-5.9069;1.5527,4.7544,-6.0110;3.4416,2.5913,-6.9342;3.2036,2.7979,-5.2078;2.0256,8.1984,-2.9580;5.4377,5.2771,-0.8958;7.4977,2.9059,-1.6770;7.0328,1.6739,0.4092;</g>
	</geometry>
	<conformers/>
	<properties/>
</molecule>
