<?xml version="1.0" ?>
<!--MOLLI PACKAGE EXPERIMENTAL XML FORMAT-->
<molecule name="el1879">
	<atoms>
		<a id="1" s="C" t="C.3" l="C"/>
		<a id="2" s="O" t="O.3" l="O"/>
		<a id="3" s="C" t="C.ar" l="C"/>
		<a id="4" s="C" t="C.ar" l="C"/>
		<a id="5" s="C" t="C.ar" l="C"/>
		<a id="6" s="C" t="C.ar" l="C"/>
		<a id="7" s="C" t="C.3" l="C"/>
		<a id="8" s="N" t="N.ar" l="N"/>
		<a id="9" s="C" t="C.ar" l="C"/>
		<a id="10" s="C" t="C.3" l="C"/>
		<a id="11" s="C" t="C.3" l="C"/>
		<a id="12" s="C" t="C.3" l="C"/>
		<a id="13" s="C" t="C.3" l="C"/>
		<a id="14" s="C" t="C.3" l="C"/>
		<a id="15" s="F" t="F" l="F"/>
		<a id="16" s="F" t="F" l="F"/>
		<a id="17" s="F" t="F" l="F"/>
		<a id="18" s="C" t="C.3" l="C"/>
		<a id="19" s="C" t="C.3" l="C"/>
		<a id="20" s="N" t="N.ar" l="N"/>
		<a id="21" s="C" t="C.ar" l="C"/>
		<a id="22" s="C" t="C.ar" l="C"/>
		<a id="23" s="N" t="N.ar" l="N"/>
		<a id="24" s="C" t="C.ar" l="C"/>
		<a id="25" s="Cl" t="Cl" l="CL"/>
		<a id="26" s="C" t="C.ar" l="C"/>
		<a id="27" s="C" t="C.ar" l="C"/>
		<a id="28" s="C" t="C.ar" l="C"/>
		<a id="29" s="C" t="C.ar" l="C"/>
		<a id="30" s="H" t="H" l="H"/>
		<a id="31" s="H" t="H" l="H"/>
		<a id="32" s="H" t="H" l="H"/>
		<a id="33" s="H" t="H" l="H"/>
		<a id="34" s="H" t="H" l="H"/>
		<a id="35" s="H" t="H" l="H"/>
		<a id="36" s="H" t="H" l="H"/>
		<a id="37" s="H" t="H" l="H"/>
		<a id="38" s="H" t="H" l="H"/>
		<a id="39" s="H" t="H" l="H"/>
		<a id="40" s="H" t="H" l="H"/>
		<a id="41" s="H" t="H" l="H"/>
		<a id="42" s="H" t="H" l="H"/>
		<a id="43" s="H" t="H" l="H"/>
		<a id="44" s="H" t="H" l="H"/>
		<a id="45" s="H" t="H" l="H"/>
		<a id="46" s="H" t="H" l="H"/>
		<a id="47" s="H" t="H" l="H"/>
		<a id="48" s="H" t="H" l="H"/>
		<a id="49" s="H" t="H" l="H"/>
		<a id="50" s="H" t="H" l="H"/>
	</atoms>
	<bonds>
		<b id="1" c="1 2" t="1"/>
		<b id="2" c="2 3" t="1"/>
		<b id="3" c="3 4" t="ar"/>
		<b id="4" c="4 5" t="ar"/>
		<b id="5" c="5 6" t="ar"/>
		<b id="6" c="6 7" t="1"/>
		<b id="7" c="7 8" t="1"/>
		<b id="8" c="8 9" t="ar"/>
		<b id="9" c="9 10" t="1"/>
		<b id="10" c="10 11" t="1"/>
		<b id="11" c="11 12" t="1"/>
		<b id="12" c="12 13" t="1"/>
		<b id="13" c="13 14" t="1"/>
		<b id="14" c="14 15" t="1"/>
		<b id="15" c="14 16" t="1"/>
		<b id="16" c="14 17" t="1"/>
		<b id="17" c="13 18" t="1"/>
		<b id="18" c="18 19" t="1"/>
		<b id="19" c="10 19" t="1"/>
		<b id="20" c="9 20" t="ar"/>
		<b id="21" c="20 21" t="ar"/>
		<b id="22" c="21 22" t="ar"/>
		<b id="23" c="22 23" t="ar"/>
		<b id="24" c="23 24" t="ar"/>
		<b id="25" c="24 25" t="1"/>
		<b id="26" c="24 26" t="ar"/>
		<b id="27" c="26 27" t="ar"/>
		<b id="28" c="21 27" t="ar"/>
		<b id="29" c="8 27" t="ar"/>
		<b id="30" c="6 28" t="ar"/>
		<b id="31" c="28 29" t="ar"/>
		<b id="32" c="3 29" t="ar"/>
		<b id="33" c="1 30" t="1"/>
		<b id="34" c="1 31" t="1"/>
		<b id="35" c="1 32" t="1"/>
		<b id="36" c="4 33" t="1"/>
		<b id="37" c="5 34" t="1"/>
		<b id="38" c="7 35" t="1"/>
		<b id="39" c="7 36" t="1"/>
		<b id="40" c="10 37" t="1"/>
		<b id="41" c="11 38" t="1"/>
		<b id="42" c="11 39" t="1"/>
		<b id="43" c="12 40" t="1"/>
		<b id="44" c="12 41" t="1"/>
		<b id="45" c="13 42" t="1"/>
		<b id="46" c="18 43" t="1"/>
		<b id="47" c="18 44" t="1"/>
		<b id="48" c="19 45" t="1"/>
		<b id="49" c="19 46" t="1"/>
		<b id="50" c="22 47" t="1"/>
		<b id="51" c="26 48" t="1"/>
		<b id="52" c="28 49" t="1"/>
		<b id="53" c="29 50" t="1"/>
	</bonds>
	<geometry>
		<g u="A" t="cart/3d">#50,3:10.5242,6.8756,-3.8113;9.5373,5.9791,-4.2651;8.5209,5.6502,-3.4296;8.3683,6.1250,-2.1295;7.2850,5.7204,-1.3699;6.3372,4.8455,-1.8803;5.1429,4.4587,-1.0433;4.4447,5.6248,-0.5548;3.7981,6.5860,-1.2988;3.7180,6.5559,-2.7855;4.6974,7.5898,-3.3608;4.6338,7.5982,-4.8828;3.2089,7.9073,-5.3479;3.1453,7.8963,-6.8661;3.9777,8.7931,-7.4199;3.4728,6.7050,-7.3907;1.9197,8.1871,-7.3309;2.2202,6.8898,-4.7739;2.2956,6.8818,-3.2513;3.2973,7.5433,-0.5738;3.6155,7.2406,0.7217;3.3579,7.8866,1.9233;3.7913,7.3867,3.0628;4.4780,6.2560,3.0634;4.9907,5.7102,4.6163;4.8061,5.5028,1.9479;4.3516,6.0264,0.7480;6.4966,4.3700,-3.1769;7.5721,4.7634,-3.9429;11.2233,6.9856,-4.6381;11.0555,6.4816,-2.9396;10.0967,7.8529,-3.5672;9.0831,6.8074,-1.6977;7.1770,6.0993,-0.3627;5.4630,3.8826,-0.1704;4.4556,3.8362,-1.6262;3.9999,5.5650,-3.1510;5.7136,7.3546,-3.0403;4.4332,8.5724,-2.9670;4.9372,6.6211,-5.2671;5.3241,8.3454,-5.2788;2.9266,8.9163,-5.0299;2.4659,5.8980,-5.1618;1.2065,7.1363,-5.0945;1.5989,6.1415,-2.8546;2.0130,7.8550,-2.8489;2.8030,8.8109,1.9782;5.3726,4.5901,2.0323;5.7747,3.6802,-3.5901;7.7023,4.4009,-4.9494;</g>
	</geometry>
	<conformers/>
	<properties/>
</molecule>
