<?xml version="1.0" ?>
<!--MOLLI PACKAGE EXPERIMENTAL XML FORMAT-->
<molecule name="el1808">
	<atoms>
		<a id="1" s="C" t="C.3" l="C"/>
		<a id="2" s="C" t="C.3" l="C"/>
		<a id="3" s="C" t="C.3" l="C"/>
		<a id="4" s="C" t="C.3" l="C"/>
		<a id="5" s="O" t="O.3" l="O"/>
		<a id="6" s="C" t="C.2" l="C"/>
		<a id="7" s="O" t="O.2" l="O"/>
		<a id="8" s="N" t="N.am" l="N"/>
		<a id="9" s="C" t="C.3" l="C"/>
		<a id="10" s="C" t="C.3" l="C"/>
		<a id="11" s="O" t="O.3" l="O"/>
		<a id="12" s="C" t="C.3" l="C"/>
		<a id="13" s="C" t="C.3" l="C"/>
		<a id="14" s="N" t="N.pl3" l="N"/>
		<a id="15" s="C" t="C.ar" l="C"/>
		<a id="16" s="C" t="C.ar" l="C"/>
		<a id="17" s="C" t="C.ar" l="C"/>
		<a id="18" s="Cl" t="Cl" l="CL"/>
		<a id="19" s="N" t="N.ar" l="N"/>
		<a id="20" s="C" t="C.ar" l="C"/>
		<a id="21" s="C" t="C.ar" l="C"/>
		<a id="22" s="C" t="C.1" l="C"/>
		<a id="23" s="C" t="C.1" l="C"/>
		<a id="24" s="Si" t="Si" l="SI"/>
		<a id="25" s="C" t="C.3" l="C"/>
		<a id="26" s="C" t="C.3" l="C"/>
		<a id="27" s="C" t="C.3" l="C"/>
		<a id="28" s="C" t="C.3" l="C"/>
		<a id="29" s="H" t="H" l="H"/>
		<a id="30" s="H" t="H" l="H"/>
		<a id="31" s="H" t="H" l="H"/>
		<a id="32" s="H" t="H" l="H"/>
		<a id="33" s="H" t="H" l="H"/>
		<a id="34" s="H" t="H" l="H"/>
		<a id="35" s="H" t="H" l="H"/>
		<a id="36" s="H" t="H" l="H"/>
		<a id="37" s="H" t="H" l="H"/>
		<a id="38" s="H" t="H" l="H"/>
		<a id="39" s="H" t="H" l="H"/>
		<a id="40" s="H" t="H" l="H"/>
		<a id="41" s="H" t="H" l="H"/>
		<a id="42" s="H" t="H" l="H"/>
		<a id="43" s="H" t="H" l="H"/>
		<a id="44" s="H" t="H" l="H"/>
		<a id="45" s="H" t="H" l="H"/>
		<a id="46" s="H" t="H" l="H"/>
		<a id="47" s="H" t="H" l="H"/>
		<a id="48" s="H" t="H" l="H"/>
		<a id="49" s="H" t="H" l="H"/>
		<a id="50" s="H" t="H" l="H"/>
		<a id="51" s="H" t="H" l="H"/>
		<a id="52" s="H" t="H" l="H"/>
		<a id="53" s="H" t="H" l="H"/>
		<a id="54" s="H" t="H" l="H"/>
		<a id="55" s="H" t="H" l="H"/>
		<a id="56" s="H" t="H" l="H"/>
		<a id="57" s="H" t="H" l="H"/>
		<a id="58" s="H" t="H" l="H"/>
	</atoms>
	<bonds>
		<b id="1" c="1 2" t="1"/>
		<b id="2" c="2 3" t="1"/>
		<b id="3" c="2 4" t="1"/>
		<b id="4" c="2 5" t="1"/>
		<b id="5" c="5 6" t="1"/>
		<b id="6" c="6 7" t="2"/>
		<b id="7" c="6 8" t="am"/>
		<b id="8" c="8 9" t="1"/>
		<b id="9" c="9 10" t="1"/>
		<b id="10" c="10 11" t="1"/>
		<b id="11" c="11 12" t="1"/>
		<b id="12" c="12 13" t="1"/>
		<b id="13" c="13 14" t="1"/>
		<b id="14" c="14 15" t="1"/>
		<b id="15" c="15 16" t="ar"/>
		<b id="16" c="16 17" t="ar"/>
		<b id="17" c="17 18" t="1"/>
		<b id="18" c="17 19" t="ar"/>
		<b id="19" c="19 20" t="ar"/>
		<b id="20" c="20 21" t="ar"/>
		<b id="21" c="15 21" t="ar"/>
		<b id="22" c="21 22" t="1"/>
		<b id="23" c="22 23" t="3"/>
		<b id="24" c="23 24" t="1"/>
		<b id="25" c="24 25" t="1"/>
		<b id="26" c="24 26" t="1"/>
		<b id="27" c="24 27" t="1"/>
		<b id="28" c="12 28" t="1"/>
		<b id="29" c="8 28" t="1"/>
		<b id="30" c="1 29" t="1"/>
		<b id="31" c="1 30" t="1"/>
		<b id="32" c="1 31" t="1"/>
		<b id="33" c="3 32" t="1"/>
		<b id="34" c="3 33" t="1"/>
		<b id="35" c="3 34" t="1"/>
		<b id="36" c="4 35" t="1"/>
		<b id="37" c="4 36" t="1"/>
		<b id="38" c="4 37" t="1"/>
		<b id="39" c="9 38" t="1"/>
		<b id="40" c="9 39" t="1"/>
		<b id="41" c="10 40" t="1"/>
		<b id="42" c="10 41" t="1"/>
		<b id="43" c="12 42" t="1"/>
		<b id="44" c="13 43" t="1"/>
		<b id="45" c="13 44" t="1"/>
		<b id="46" c="14 45" t="1"/>
		<b id="47" c="16 46" t="1"/>
		<b id="48" c="20 47" t="1"/>
		<b id="49" c="25 48" t="1"/>
		<b id="50" c="25 49" t="1"/>
		<b id="51" c="25 50" t="1"/>
		<b id="52" c="26 51" t="1"/>
		<b id="53" c="26 52" t="1"/>
		<b id="54" c="26 53" t="1"/>
		<b id="55" c="27 54" t="1"/>
		<b id="56" c="27 55" t="1"/>
		<b id="57" c="27 56" t="1"/>
		<b id="58" c="28 57" t="1"/>
		<b id="59" c="28 58" t="1"/>
	</bonds>
	<geometry>
		<g u="A" t="cart/3d">#58,3:3.2320,-0.7616,0.7866;2.5210,0.4788,0.2484;2.4166,0.4380,-1.2756;1.1312,0.6192,0.8694;3.2161,1.6782,0.6800;4.4922,1.8874,0.3339;5.1652,1.1816,-0.3851;4.9868,3.0151,0.9198;4.1701,3.9999,1.5951;3.9136,5.1625,0.6335;5.1224,5.6980,0.1281;5.9998,4.7569,-0.4610;5.5169,4.2525,-1.8473;4.8855,5.2873,-2.6180;3.5481,5.4519,-2.7653;2.6047,4.4421,-2.5448;1.2691,4.7392,-2.7426;0.0916,3.5170,-2.4360;0.7976,5.9011,-3.1445;1.6811,6.8561,-3.3859;3.0501,6.7040,-3.2176;3.9488,7.7609,-3.4754;4.7636,8.6321,-3.6824;6.0052,9.9732,-4.0113;7.7010,9.1286,-4.2399;5.4938,10.9001,-5.5945;6.0370,11.1439,-2.5084;6.2496,3.5575,0.4712;2.6497,-1.6477,0.5507;3.3434,-0.6891,1.8666;4.2167,-0.8551,0.3369;1.8766,-0.4551,-1.5767;3.4076,0.4133,-1.7212;1.8739,1.3083,-1.6392;0.5192,-0.2360,0.5999;0.6516,1.5247,0.5065;1.2073,0.6748,1.9523;4.7226,4.3543,2.4718;3.2314,3.5489,1.9097;3.4264,5.9943,1.1453;3.2641,4.8202,-0.1826;6.9294,5.3221,-0.5934;4.8281,3.4200,-1.7193;6.3906,3.8782,-2.3903;5.4238,6.1376,-2.7306;2.8865,3.4483,-2.2394;1.2716,7.7980,-3.7233;7.6743,8.4022,-5.0470;8.0083,8.6071,-3.3379;8.4741,9.8536,-4.4774;5.4376,10.2257,-6.4437;6.2035,11.6842,-5.8430;4.5184,11.3633,-5.4796;6.3202,10.6146,-1.6035;5.0603,11.5855,-2.3361;6.7449,11.9553,-2.6511;6.8176,3.8821,1.3485;6.7967,2.7735,-0.0531;</g>
	</geometry>
	<conformers/>
	<properties/>
</molecule>
