<?xml version="1.0" ?>
<!--MOLLI PACKAGE EXPERIMENTAL XML FORMAT-->
<molecule name="el1880">
	<atoms>
		<a id="1" s="C" t="C.3" l="C"/>
		<a id="2" s="O" t="O.3" l="O"/>
		<a id="3" s="C" t="C.ar" l="C"/>
		<a id="4" s="C" t="C.ar" l="C"/>
		<a id="5" s="C" t="C.ar" l="C"/>
		<a id="6" s="C" t="C.ar" l="C"/>
		<a id="7" s="C" t="C.3" l="C"/>
		<a id="8" s="N" t="N.ar" l="N"/>
		<a id="9" s="C" t="C.ar" l="C"/>
		<a id="10" s="C" t="C.3" l="C"/>
		<a id="11" s="C" t="C.3" l="C"/>
		<a id="12" s="C" t="C.3" l="C"/>
		<a id="13" s="C" t="C.2" l="C"/>
		<a id="14" s="O" t="O.2" l="O"/>
		<a id="15" s="C" t="C.3" l="C"/>
		<a id="16" s="C" t="C.3" l="C"/>
		<a id="17" s="N" t="N.ar" l="N"/>
		<a id="18" s="C" t="C.ar" l="C"/>
		<a id="19" s="C" t="C.ar" l="C"/>
		<a id="20" s="N" t="N.ar" l="N"/>
		<a id="21" s="C" t="C.ar" l="C"/>
		<a id="22" s="Cl" t="Cl" l="CL"/>
		<a id="23" s="C" t="C.ar" l="C"/>
		<a id="24" s="C" t="C.ar" l="C"/>
		<a id="25" s="C" t="C.ar" l="C"/>
		<a id="26" s="C" t="C.ar" l="C"/>
		<a id="27" s="H" t="H" l="H"/>
		<a id="28" s="H" t="H" l="H"/>
		<a id="29" s="H" t="H" l="H"/>
		<a id="30" s="H" t="H" l="H"/>
		<a id="31" s="H" t="H" l="H"/>
		<a id="32" s="H" t="H" l="H"/>
		<a id="33" s="H" t="H" l="H"/>
		<a id="34" s="H" t="H" l="H"/>
		<a id="35" s="H" t="H" l="H"/>
		<a id="36" s="H" t="H" l="H"/>
		<a id="37" s="H" t="H" l="H"/>
		<a id="38" s="H" t="H" l="H"/>
		<a id="39" s="H" t="H" l="H"/>
		<a id="40" s="H" t="H" l="H"/>
		<a id="41" s="H" t="H" l="H"/>
		<a id="42" s="H" t="H" l="H"/>
		<a id="43" s="H" t="H" l="H"/>
		<a id="44" s="H" t="H" l="H"/>
		<a id="45" s="H" t="H" l="H"/>
		<a id="46" s="H" t="H" l="H"/>
	</atoms>
	<bonds>
		<b id="1" c="1 2" t="1"/>
		<b id="2" c="2 3" t="1"/>
		<b id="3" c="3 4" t="ar"/>
		<b id="4" c="4 5" t="ar"/>
		<b id="5" c="5 6" t="ar"/>
		<b id="6" c="6 7" t="1"/>
		<b id="7" c="7 8" t="1"/>
		<b id="8" c="8 9" t="ar"/>
		<b id="9" c="9 10" t="1"/>
		<b id="10" c="10 11" t="1"/>
		<b id="11" c="11 12" t="1"/>
		<b id="12" c="12 13" t="1"/>
		<b id="13" c="13 14" t="2"/>
		<b id="14" c="13 15" t="1"/>
		<b id="15" c="15 16" t="1"/>
		<b id="16" c="10 16" t="1"/>
		<b id="17" c="9 17" t="ar"/>
		<b id="18" c="17 18" t="ar"/>
		<b id="19" c="18 19" t="ar"/>
		<b id="20" c="19 20" t="ar"/>
		<b id="21" c="20 21" t="ar"/>
		<b id="22" c="21 22" t="1"/>
		<b id="23" c="21 23" t="ar"/>
		<b id="24" c="23 24" t="ar"/>
		<b id="25" c="18 24" t="ar"/>
		<b id="26" c="8 24" t="ar"/>
		<b id="27" c="6 25" t="ar"/>
		<b id="28" c="25 26" t="ar"/>
		<b id="29" c="3 26" t="ar"/>
		<b id="30" c="1 27" t="1"/>
		<b id="31" c="1 28" t="1"/>
		<b id="32" c="1 29" t="1"/>
		<b id="33" c="4 30" t="1"/>
		<b id="34" c="5 31" t="1"/>
		<b id="35" c="7 32" t="1"/>
		<b id="36" c="7 33" t="1"/>
		<b id="37" c="10 34" t="1"/>
		<b id="38" c="11 35" t="1"/>
		<b id="39" c="11 36" t="1"/>
		<b id="40" c="12 37" t="1"/>
		<b id="41" c="12 38" t="1"/>
		<b id="42" c="15 39" t="1"/>
		<b id="43" c="15 40" t="1"/>
		<b id="44" c="16 41" t="1"/>
		<b id="45" c="16 42" t="1"/>
		<b id="46" c="19 43" t="1"/>
		<b id="47" c="23 44" t="1"/>
		<b id="48" c="25 45" t="1"/>
		<b id="49" c="26 46" t="1"/>
	</bonds>
	<geometry>
		<g u="A" t="cart/3d">#46,3:0.9737,-0.4509,-0.5892;2.3780,-0.3478,-0.5982;2.9511,0.6999,-1.2429;2.2596,1.7027,-1.9133;2.9560,2.7205,-2.5427;4.3399,2.7665,-2.5167;5.1054,3.8653,-3.2196;4.3674,5.0996,-3.2708;3.6577,5.6768,-4.3016;3.5855,5.1030,-5.6773;4.1378,6.0828,-6.7232;3.2415,7.3094,-6.8893;1.8246,6.9056,-7.2119;1.2120,7.3203,-8.1625;1.2480,5.9430,-6.2028;2.1462,4.7168,-6.0508;3.0608,6.7797,-3.9442;3.3543,6.9675,-2.6213;2.9996,7.9539,-1.7108;3.4181,7.8948,-0.4632;4.1809,6.8866,-0.0710;4.6535,6.9277,1.5854;4.6109,5.8358,-0.8651;4.1756,5.9007,-2.1786;5.0276,1.7661,-1.8374;4.3472,0.7457,-1.2118;0.7489,-1.3530,-0.0227;0.5718,-0.5513,-1.6027;0.5105,0.4099,-0.0964;1.1821,1.7063,-1.9541;2.3981,3.4925,-3.0531;5.3551,3.5505,-4.2380;6.0475,4.0507,-2.6922;4.1930,4.1929,-5.7094;4.2118,5.5576,-7.6784;5.1425,6.4031,-6.4373;3.6293,7.9611,-7.6733;3.2133,7.8551,-5.9427;0.2431,5.6449,-6.5054;1.1997,6.4687,-5.2457;2.1741,4.1692,-6.9957;1.7299,4.0489,-5.2930;2.3781,8.7962,-1.9748;5.2224,5.0395,-0.4751;6.1072,1.7878,-1.8014;4.8731,-0.0335,-0.6839;</g>
	</geometry>
	<conformers/>
	<properties/>
</molecule>
