<?xml version="1.0" ?>
<!--MOLLI PACKAGE EXPERIMENTAL XML FORMAT-->
<molecule name="el1881">
	<atoms>
		<a id="1" s="C" t="C.3" l="C"/>
		<a id="2" s="O" t="O.3" l="O"/>
		<a id="3" s="C" t="C.ar" l="C"/>
		<a id="4" s="C" t="C.ar" l="C"/>
		<a id="5" s="C" t="C.ar" l="C"/>
		<a id="6" s="C" t="C.ar" l="C"/>
		<a id="7" s="C" t="C.3" l="C"/>
		<a id="8" s="N" t="N.ar" l="N"/>
		<a id="9" s="C" t="C.ar" l="C"/>
		<a id="10" s="C" t="C.3" l="C"/>
		<a id="11" s="C" t="C.3" l="C"/>
		<a id="12" s="C" t="C.3" l="C"/>
		<a id="13" s="C" t="C.3" l="C"/>
		<a id="14" s="O" t="O.3" l="O"/>
		<a id="15" s="C" t="C.3" l="C"/>
		<a id="16" s="C" t="C.3" l="C"/>
		<a id="17" s="N" t="N.ar" l="N"/>
		<a id="18" s="C" t="C.ar" l="C"/>
		<a id="19" s="C" t="C.ar" l="C"/>
		<a id="20" s="N" t="N.ar" l="N"/>
		<a id="21" s="C" t="C.ar" l="C"/>
		<a id="22" s="Cl" t="Cl" l="CL"/>
		<a id="23" s="C" t="C.ar" l="C"/>
		<a id="24" s="C" t="C.ar" l="C"/>
		<a id="25" s="C" t="C.ar" l="C"/>
		<a id="26" s="C" t="C.ar" l="C"/>
		<a id="27" s="H" t="H" l="H"/>
		<a id="28" s="H" t="H" l="H"/>
		<a id="29" s="H" t="H" l="H"/>
		<a id="30" s="H" t="H" l="H"/>
		<a id="31" s="H" t="H" l="H"/>
		<a id="32" s="H" t="H" l="H"/>
		<a id="33" s="H" t="H" l="H"/>
		<a id="34" s="H" t="H" l="H"/>
		<a id="35" s="H" t="H" l="H"/>
		<a id="36" s="H" t="H" l="H"/>
		<a id="37" s="H" t="H" l="H"/>
		<a id="38" s="H" t="H" l="H"/>
		<a id="39" s="H" t="H" l="H"/>
		<a id="40" s="H" t="H" l="H"/>
		<a id="41" s="H" t="H" l="H"/>
		<a id="42" s="H" t="H" l="H"/>
		<a id="43" s="H" t="H" l="H"/>
		<a id="44" s="H" t="H" l="H"/>
		<a id="45" s="H" t="H" l="H"/>
		<a id="46" s="H" t="H" l="H"/>
		<a id="47" s="H" t="H" l="H"/>
		<a id="48" s="H" t="H" l="H"/>
	</atoms>
	<bonds>
		<b id="1" c="1 2" t="1"/>
		<b id="2" c="2 3" t="1"/>
		<b id="3" c="3 4" t="ar"/>
		<b id="4" c="4 5" t="ar"/>
		<b id="5" c="5 6" t="ar"/>
		<b id="6" c="6 7" t="1"/>
		<b id="7" c="7 8" t="1"/>
		<b id="8" c="8 9" t="ar"/>
		<b id="9" c="9 10" t="1"/>
		<b id="10" c="10 11" t="1"/>
		<b id="11" c="11 12" t="1"/>
		<b id="12" c="12 13" t="1"/>
		<b id="13" c="13 14" t="1"/>
		<b id="14" c="13 15" t="1"/>
		<b id="15" c="15 16" t="1"/>
		<b id="16" c="10 16" t="1"/>
		<b id="17" c="9 17" t="ar"/>
		<b id="18" c="17 18" t="ar"/>
		<b id="19" c="18 19" t="ar"/>
		<b id="20" c="19 20" t="ar"/>
		<b id="21" c="20 21" t="ar"/>
		<b id="22" c="21 22" t="1"/>
		<b id="23" c="21 23" t="ar"/>
		<b id="24" c="23 24" t="ar"/>
		<b id="25" c="18 24" t="ar"/>
		<b id="26" c="8 24" t="ar"/>
		<b id="27" c="6 25" t="ar"/>
		<b id="28" c="25 26" t="ar"/>
		<b id="29" c="3 26" t="ar"/>
		<b id="30" c="1 27" t="1"/>
		<b id="31" c="1 28" t="1"/>
		<b id="32" c="1 29" t="1"/>
		<b id="33" c="4 30" t="1"/>
		<b id="34" c="5 31" t="1"/>
		<b id="35" c="7 32" t="1"/>
		<b id="36" c="7 33" t="1"/>
		<b id="37" c="10 34" t="1"/>
		<b id="38" c="11 35" t="1"/>
		<b id="39" c="11 36" t="1"/>
		<b id="40" c="12 37" t="1"/>
		<b id="41" c="12 38" t="1"/>
		<b id="42" c="13 39" t="1"/>
		<b id="43" c="14 40" t="1"/>
		<b id="44" c="15 41" t="1"/>
		<b id="45" c="15 42" t="1"/>
		<b id="46" c="16 43" t="1"/>
		<b id="47" c="16 44" t="1"/>
		<b id="48" c="19 45" t="1"/>
		<b id="49" c="23 46" t="1"/>
		<b id="50" c="25 47" t="1"/>
		<b id="51" c="26 48" t="1"/>
	</bonds>
	<geometry>
		<g u="A" t="cart/3d">#48,3:2.2137,4.6153,0.3965;1.8663,3.4191,1.0517;2.7732,2.8401,1.8790;4.0425,3.3393,2.1502;4.8805,2.6604,3.0189;4.4827,1.4798,3.6232;5.3921,0.7407,4.5747;4.7038,0.3681,5.7866;4.2056,1.2013,6.7662;4.3688,2.6821,6.7081;4.9331,3.2534,8.0176;3.9340,3.1599,9.1638;2.6218,3.8635,8.8085;1.7009,3.8113,9.8745;2.0442,3.2417,7.5333;3.0294,3.3632,6.3785;3.5805,0.5521,7.7069;3.6409,-0.7709,7.3662;3.1549,-1.9171,7.9797;3.3420,-3.1025,7.4352;3.9995,-3.2014,6.2914;4.1742,-4.8048,5.6823;4.5396,-2.1495,5.5696;4.3463,-0.9017,6.1414;3.2131,0.9808,3.3452;2.3681,1.6501,2.4893;1.3446,4.8857,-0.2010;3.0764,4.4761,-0.2631;2.4255,5.4181,1.1100;4.3906,4.2534,1.6964;5.8637,3.0627,3.2191;6.2672,1.3524,4.8189;5.7488,-0.1828,4.1081;5.0707,2.9144,5.9021;5.1914,4.3009,7.8447;5.8477,2.7198,8.2852;4.3568,3.6116,10.0630;3.7225,2.1083,9.3657;2.8013,4.9338,8.6509;1.5177,2.8830,10.0622;1.1059,3.7380,7.2787;1.8382,2.1862,7.7241;3.2261,4.4185,6.1762;2.6056,2.9213,5.4736;2.6116,-1.8937,8.9124;5.0600,-2.3143,4.6401;2.8843,0.0612,3.8076;1.3824,1.2721,2.2704;</g>
	</geometry>
	<conformers/>
	<properties/>
</molecule>
