<?xml version="1.0" ?>
<!--MOLLI PACKAGE EXPERIMENTAL XML FORMAT-->
<molecule name="el1882">
	<atoms>
		<a id="1" s="C" t="C.3" l="C"/>
		<a id="2" s="O" t="O.3" l="O"/>
		<a id="3" s="C" t="C.ar" l="C"/>
		<a id="4" s="C" t="C.ar" l="C"/>
		<a id="5" s="C" t="C.ar" l="C"/>
		<a id="6" s="C" t="C.ar" l="C"/>
		<a id="7" s="C" t="C.3" l="C"/>
		<a id="8" s="N" t="N.ar" l="N"/>
		<a id="9" s="C" t="C.ar" l="C"/>
		<a id="10" s="C" t="C.3" l="C"/>
		<a id="11" s="N" t="N.3" l="N"/>
		<a id="12" s="C" t="C.3" l="C"/>
		<a id="13" s="C" t="C.3" l="C"/>
		<a id="14" s="O" t="O.3" l="O"/>
		<a id="15" s="C" t="C.3" l="C"/>
		<a id="16" s="C" t="C.3" l="C"/>
		<a id="17" s="N" t="N.ar" l="N"/>
		<a id="18" s="C" t="C.ar" l="C"/>
		<a id="19" s="C" t="C.ar" l="C"/>
		<a id="20" s="N" t="N.ar" l="N"/>
		<a id="21" s="C" t="C.ar" l="C"/>
		<a id="22" s="Cl" t="Cl" l="CL"/>
		<a id="23" s="C" t="C.ar" l="C"/>
		<a id="24" s="C" t="C.ar" l="C"/>
		<a id="25" s="C" t="C.ar" l="C"/>
		<a id="26" s="C" t="C.ar" l="C"/>
		<a id="27" s="H" t="H" l="H"/>
		<a id="28" s="H" t="H" l="H"/>
		<a id="29" s="H" t="H" l="H"/>
		<a id="30" s="H" t="H" l="H"/>
		<a id="31" s="H" t="H" l="H"/>
		<a id="32" s="H" t="H" l="H"/>
		<a id="33" s="H" t="H" l="H"/>
		<a id="34" s="H" t="H" l="H"/>
		<a id="35" s="H" t="H" l="H"/>
		<a id="36" s="H" t="H" l="H"/>
		<a id="37" s="H" t="H" l="H"/>
		<a id="38" s="H" t="H" l="H"/>
		<a id="39" s="H" t="H" l="H"/>
		<a id="40" s="H" t="H" l="H"/>
		<a id="41" s="H" t="H" l="H"/>
		<a id="42" s="H" t="H" l="H"/>
		<a id="43" s="H" t="H" l="H"/>
		<a id="44" s="H" t="H" l="H"/>
		<a id="45" s="H" t="H" l="H"/>
		<a id="46" s="H" t="H" l="H"/>
		<a id="47" s="H" t="H" l="H"/>
	</atoms>
	<bonds>
		<b id="1" c="1 2" t="1"/>
		<b id="2" c="2 3" t="1"/>
		<b id="3" c="3 4" t="ar"/>
		<b id="4" c="4 5" t="ar"/>
		<b id="5" c="5 6" t="ar"/>
		<b id="6" c="6 7" t="1"/>
		<b id="7" c="7 8" t="1"/>
		<b id="8" c="8 9" t="ar"/>
		<b id="9" c="9 10" t="1"/>
		<b id="10" c="10 11" t="1"/>
		<b id="11" c="11 12" t="1"/>
		<b id="12" c="12 13" t="1"/>
		<b id="13" c="13 14" t="1"/>
		<b id="14" c="14 15" t="1"/>
		<b id="15" c="15 16" t="1"/>
		<b id="16" c="11 16" t="1"/>
		<b id="17" c="9 17" t="ar"/>
		<b id="18" c="17 18" t="ar"/>
		<b id="19" c="18 19" t="ar"/>
		<b id="20" c="19 20" t="ar"/>
		<b id="21" c="20 21" t="ar"/>
		<b id="22" c="21 22" t="1"/>
		<b id="23" c="21 23" t="ar"/>
		<b id="24" c="23 24" t="ar"/>
		<b id="25" c="18 24" t="ar"/>
		<b id="26" c="8 24" t="ar"/>
		<b id="27" c="6 25" t="ar"/>
		<b id="28" c="25 26" t="ar"/>
		<b id="29" c="3 26" t="ar"/>
		<b id="30" c="1 27" t="1"/>
		<b id="31" c="1 28" t="1"/>
		<b id="32" c="1 29" t="1"/>
		<b id="33" c="4 30" t="1"/>
		<b id="34" c="5 31" t="1"/>
		<b id="35" c="7 32" t="1"/>
		<b id="36" c="7 33" t="1"/>
		<b id="37" c="10 34" t="1"/>
		<b id="38" c="10 35" t="1"/>
		<b id="39" c="12 36" t="1"/>
		<b id="40" c="12 37" t="1"/>
		<b id="41" c="13 38" t="1"/>
		<b id="42" c="13 39" t="1"/>
		<b id="43" c="15 40" t="1"/>
		<b id="44" c="15 41" t="1"/>
		<b id="45" c="16 42" t="1"/>
		<b id="46" c="16 43" t="1"/>
		<b id="47" c="19 44" t="1"/>
		<b id="48" c="23 45" t="1"/>
		<b id="49" c="25 46" t="1"/>
		<b id="50" c="26 47" t="1"/>
	</bonds>
	<geometry>
		<g u="A" t="cart/3d">#47,3:1.9081,-0.5816,-0.4018;3.2807,-0.3656,-0.6258;3.6576,0.6935,-1.3893;2.7878,1.5895,-2.0001;3.2901,2.6343,-2.7577;4.6544,2.8140,-2.9184;5.2095,3.9481,-3.7481;4.3370,5.0917,-3.7647;3.4972,5.5000,-4.7690;3.3934,4.7837,-6.0722;4.7060,4.6671,-6.6945;5.2801,5.9478,-7.0906;4.6762,6.4908,-8.3911;4.7831,5.5496,-9.4395;4.1512,4.3351,-9.0985;4.7556,3.7443,-7.8193;2.7996,6.5562,-4.4641;3.1626,6.8834,-3.1838;2.7600,7.8951,-2.3221;3.2665,7.9851,-1.1093;4.1674,7.1035,-0.7038;4.7398,7.3315,0.9050;4.6643,6.0476,-1.4495;4.1345,5.9544,-2.7265;5.5202,1.9153,-2.3036;5.0335,0.8681,-1.5535;1.8495,-1.4592,0.2399;1.3745,-0.7818,-1.3366;1.4450,0.2696,0.1072;1.7193,1.4891,-1.8954;2.5942,3.3204,-3.2194;5.3593,3.6340,-4.7863;6.1792,4.2568,-3.3432;2.6492,5.3212,-6.6759;3.0219,3.7683,-5.8934;6.3529,5.7869,-7.2356;5.1339,6.6689,-6.2850;5.2186,7.3767,-8.7234;3.6204,6.7590,-8.2340;4.3083,3.6633,-9.9438;3.0698,4.4976,-8.9669;5.8121,3.5221,-8.0017;4.2427,2.8186,-7.5506;2.0274,8.6384,-2.5979;5.3916,5.3587,-1.0535;6.5874,2.0397,-2.4161;5.6992,0.1688,-1.0736;</g>
	</geometry>
	<conformers/>
	<properties/>
</molecule>
