<?xml version="1.0" ?>
<!--MOLLI PACKAGE EXPERIMENTAL XML FORMAT-->
<molecule name="el1887">
	<atoms>
		<a id="1" s="C" t="C.3" l="C"/>
		<a id="2" s="O" t="O.3" l="O"/>
		<a id="3" s="C" t="C.ar" l="C"/>
		<a id="4" s="C" t="C.ar" l="C"/>
		<a id="5" s="C" t="C.ar" l="C"/>
		<a id="6" s="C" t="C.ar" l="C"/>
		<a id="7" s="C" t="C.3" l="C"/>
		<a id="8" s="N" t="N.ar" l="N"/>
		<a id="9" s="C" t="C.ar" l="C"/>
		<a id="10" s="C" t="C.3" l="C"/>
		<a id="11" s="C" t="C.2" l="C"/>
		<a id="12" s="N" t="N.am" l="N"/>
		<a id="13" s="O" t="O.2" l="O"/>
		<a id="14" s="C" t="C.3" l="C"/>
		<a id="15" s="C" t="C.3" l="C"/>
		<a id="16" s="N" t="N.ar" l="N"/>
		<a id="17" s="C" t="C.ar" l="C"/>
		<a id="18" s="C" t="C.ar" l="C"/>
		<a id="19" s="N" t="N.ar" l="N"/>
		<a id="20" s="C" t="C.ar" l="C"/>
		<a id="21" s="Cl" t="Cl" l="CL"/>
		<a id="22" s="C" t="C.ar" l="C"/>
		<a id="23" s="C" t="C.ar" l="C"/>
		<a id="24" s="C" t="C.ar" l="C"/>
		<a id="25" s="C" t="C.ar" l="C"/>
		<a id="26" s="H" t="H" l="H"/>
		<a id="27" s="H" t="H" l="H"/>
		<a id="28" s="H" t="H" l="H"/>
		<a id="29" s="H" t="H" l="H"/>
		<a id="30" s="H" t="H" l="H"/>
		<a id="31" s="H" t="H" l="H"/>
		<a id="32" s="H" t="H" l="H"/>
		<a id="33" s="H" t="H" l="H"/>
		<a id="34" s="H" t="H" l="H"/>
		<a id="35" s="H" t="H" l="H"/>
		<a id="36" s="H" t="H" l="H"/>
		<a id="37" s="H" t="H" l="H"/>
		<a id="38" s="H" t="H" l="H"/>
		<a id="39" s="H" t="H" l="H"/>
		<a id="40" s="H" t="H" l="H"/>
		<a id="41" s="H" t="H" l="H"/>
		<a id="42" s="H" t="H" l="H"/>
	</atoms>
	<bonds>
		<b id="1" c="1 2" t="1"/>
		<b id="2" c="2 3" t="1"/>
		<b id="3" c="3 4" t="ar"/>
		<b id="4" c="4 5" t="ar"/>
		<b id="5" c="5 6" t="ar"/>
		<b id="6" c="6 7" t="1"/>
		<b id="7" c="7 8" t="1"/>
		<b id="8" c="8 9" t="ar"/>
		<b id="9" c="9 10" t="1"/>
		<b id="10" c="10 11" t="1"/>
		<b id="11" c="11 12" t="am"/>
		<b id="12" c="11 13" t="2"/>
		<b id="13" c="10 14" t="1"/>
		<b id="14" c="14 15" t="1"/>
		<b id="15" c="10 15" t="1"/>
		<b id="16" c="9 16" t="ar"/>
		<b id="17" c="16 17" t="ar"/>
		<b id="18" c="17 18" t="ar"/>
		<b id="19" c="18 19" t="ar"/>
		<b id="20" c="19 20" t="ar"/>
		<b id="21" c="20 21" t="1"/>
		<b id="22" c="20 22" t="ar"/>
		<b id="23" c="22 23" t="ar"/>
		<b id="24" c="17 23" t="ar"/>
		<b id="25" c="8 23" t="ar"/>
		<b id="26" c="6 24" t="ar"/>
		<b id="27" c="24 25" t="ar"/>
		<b id="28" c="3 25" t="ar"/>
		<b id="29" c="1 26" t="1"/>
		<b id="30" c="1 27" t="1"/>
		<b id="31" c="1 28" t="1"/>
		<b id="32" c="4 29" t="1"/>
		<b id="33" c="5 30" t="1"/>
		<b id="34" c="7 31" t="1"/>
		<b id="35" c="7 32" t="1"/>
		<b id="36" c="12 33" t="1"/>
		<b id="37" c="12 34" t="1"/>
		<b id="38" c="14 35" t="1"/>
		<b id="39" c="14 36" t="1"/>
		<b id="40" c="15 37" t="1"/>
		<b id="41" c="15 38" t="1"/>
		<b id="42" c="18 39" t="1"/>
		<b id="43" c="22 40" t="1"/>
		<b id="44" c="24 41" t="1"/>
		<b id="45" c="25 42" t="1"/>
	</bonds>
	<geometry>
		<g u="A" t="cart/3d">#42,3:11.7208,-3.4225,-0.4327;10.9961,-4.4708,-1.0303;9.6402,-4.4400,-0.9778;8.8848,-3.4430,-0.3678;7.5037,-3.5191,-0.3811;6.8467,-4.5776,-0.9899;5.3334,-4.6226,-0.9640;4.7855,-5.5015,-1.9670;4.3718,-6.8217,-1.9542;4.3059,-7.7030,-0.7775;3.9375,-9.1761,-0.9431;3.6825,-9.6144,-2.1798;3.8976,-9.8953,0.0370;3.8020,-7.1538,0.5513;5.2369,-7.4996,0.4079;4.0125,-7.2265,-3.1483;4.2001,-6.1807,-4.0047;4.0021,-6.0375,-5.3718;4.2849,-4.8995,-5.9712;4.7641,-3.8871,-5.2664;5.1037,-2.4610,-6.1703;5.0081,-3.8893,-3.9020;4.7035,-5.0838,-3.2696;7.6045,-5.5727,-1.5958;8.9811,-5.5056,-1.5922;12.7704,-3.6605,-0.5965;11.5278,-3.3625,0.6432;11.4920,-2.4590,-0.8992;9.3568,-2.6032,0.1164;6.9290,-2.7373,0.0948;4.9422,-3.6184,-1.1656;4.9860,-4.9056,0.0301;3.6855,-8.9584,-2.9560;3.4227,-10.5801,-2.2924;3.1892,-7.8360,1.1217;3.4724,-6.1272,0.5955;5.5578,-8.4157,0.8822;6.0005,-6.7412,0.3593;3.6180,-6.8317,-5.9940;5.4140,-3.0268,-3.4007;7.1236,-6.4102,-2.0801;9.5738,-6.2729,-2.0633;</g>
	</geometry>
	<conformers/>
	<properties/>
</molecule>
