<?xml version="1.0" ?>
<!--MOLLI PACKAGE EXPERIMENTAL XML FORMAT-->
<molecule name="el1888">
	<atoms>
		<a id="1" s="C" t="C.3" l="C"/>
		<a id="2" s="O" t="O.3" l="O"/>
		<a id="3" s="C" t="C.ar" l="C"/>
		<a id="4" s="C" t="C.ar" l="C"/>
		<a id="5" s="C" t="C.ar" l="C"/>
		<a id="6" s="C" t="C.ar" l="C"/>
		<a id="7" s="C" t="C.3" l="C"/>
		<a id="8" s="N" t="N.ar" l="N"/>
		<a id="9" s="C" t="C.ar" l="C"/>
		<a id="10" s="C" t="C.3" l="C"/>
		<a id="11" s="C" t="C.3" l="C"/>
		<a id="12" s="C" t="C.3" l="C"/>
		<a id="13" s="C" t="C.3" l="C"/>
		<a id="14" s="O" t="O.3" l="O"/>
		<a id="15" s="C" t="C.3" l="C"/>
		<a id="16" s="C" t="C.3" l="C"/>
		<a id="17" s="C" t="C.3" l="C"/>
		<a id="18" s="N" t="N.ar" l="N"/>
		<a id="19" s="C" t="C.ar" l="C"/>
		<a id="20" s="C" t="C.ar" l="C"/>
		<a id="21" s="N" t="N.ar" l="N"/>
		<a id="22" s="C" t="C.ar" l="C"/>
		<a id="23" s="Cl" t="Cl" l="CL"/>
		<a id="24" s="C" t="C.ar" l="C"/>
		<a id="25" s="C" t="C.ar" l="C"/>
		<a id="26" s="C" t="C.ar" l="C"/>
		<a id="27" s="C" t="C.ar" l="C"/>
		<a id="28" s="H" t="H" l="H"/>
		<a id="29" s="H" t="H" l="H"/>
		<a id="30" s="H" t="H" l="H"/>
		<a id="31" s="H" t="H" l="H"/>
		<a id="32" s="H" t="H" l="H"/>
		<a id="33" s="H" t="H" l="H"/>
		<a id="34" s="H" t="H" l="H"/>
		<a id="35" s="H" t="H" l="H"/>
		<a id="36" s="H" t="H" l="H"/>
		<a id="37" s="H" t="H" l="H"/>
		<a id="38" s="H" t="H" l="H"/>
		<a id="39" s="H" t="H" l="H"/>
		<a id="40" s="H" t="H" l="H"/>
		<a id="41" s="H" t="H" l="H"/>
		<a id="42" s="H" t="H" l="H"/>
		<a id="43" s="H" t="H" l="H"/>
		<a id="44" s="H" t="H" l="H"/>
		<a id="45" s="H" t="H" l="H"/>
		<a id="46" s="H" t="H" l="H"/>
		<a id="47" s="H" t="H" l="H"/>
		<a id="48" s="H" t="H" l="H"/>
		<a id="49" s="H" t="H" l="H"/>
		<a id="50" s="H" t="H" l="H"/>
		<a id="51" s="H" t="H" l="H"/>
	</atoms>
	<bonds>
		<b id="1" c="1 2" t="1"/>
		<b id="2" c="2 3" t="1"/>
		<b id="3" c="3 4" t="ar"/>
		<b id="4" c="4 5" t="ar"/>
		<b id="5" c="5 6" t="ar"/>
		<b id="6" c="6 7" t="1"/>
		<b id="7" c="7 8" t="1"/>
		<b id="8" c="8 9" t="ar"/>
		<b id="9" c="9 10" t="1"/>
		<b id="10" c="10 11" t="1"/>
		<b id="11" c="11 12" t="1"/>
		<b id="12" c="12 13" t="1"/>
		<b id="13" c="13 14" t="1"/>
		<b id="14" c="14 15" t="1"/>
		<b id="15" c="13 16" t="1"/>
		<b id="16" c="16 17" t="1"/>
		<b id="17" c="10 17" t="1"/>
		<b id="18" c="9 18" t="ar"/>
		<b id="19" c="18 19" t="ar"/>
		<b id="20" c="19 20" t="ar"/>
		<b id="21" c="20 21" t="ar"/>
		<b id="22" c="21 22" t="ar"/>
		<b id="23" c="22 23" t="1"/>
		<b id="24" c="22 24" t="ar"/>
		<b id="25" c="24 25" t="ar"/>
		<b id="26" c="19 25" t="ar"/>
		<b id="27" c="8 25" t="ar"/>
		<b id="28" c="6 26" t="ar"/>
		<b id="29" c="26 27" t="ar"/>
		<b id="30" c="3 27" t="ar"/>
		<b id="31" c="1 28" t="1"/>
		<b id="32" c="1 29" t="1"/>
		<b id="33" c="1 30" t="1"/>
		<b id="34" c="4 31" t="1"/>
		<b id="35" c="5 32" t="1"/>
		<b id="36" c="7 33" t="1"/>
		<b id="37" c="7 34" t="1"/>
		<b id="38" c="10 35" t="1"/>
		<b id="39" c="11 36" t="1"/>
		<b id="40" c="11 37" t="1"/>
		<b id="41" c="12 38" t="1"/>
		<b id="42" c="12 39" t="1"/>
		<b id="43" c="13 40" t="1"/>
		<b id="44" c="15 41" t="1"/>
		<b id="45" c="15 42" t="1"/>
		<b id="46" c="15 43" t="1"/>
		<b id="47" c="16 44" t="1"/>
		<b id="48" c="16 45" t="1"/>
		<b id="49" c="17 46" t="1"/>
		<b id="50" c="17 47" t="1"/>
		<b id="51" c="20 48" t="1"/>
		<b id="52" c="24 49" t="1"/>
		<b id="53" c="26 50" t="1"/>
		<b id="54" c="27 51" t="1"/>
	</bonds>
	<geometry>
		<g u="A" t="cart/3d">#51,3:10.9035,3.5029,-6.5791;9.9176,2.4995,-6.5158;8.7826,2.7431,-5.8113;8.5022,3.9211,-5.1258;7.3068,4.0543,-4.4413;6.3704,3.0321,-4.4282;5.0637,3.2012,-3.6901;4.4756,4.4963,-3.9280;4.0038,4.9878,-5.1250;3.9779,4.1787,-6.3740;4.3372,5.0510,-7.5788;4.2947,4.2356,-8.8654;2.9073,3.6159,-9.0721;2.8500,2.7667,-10.2049;2.8201,3.4268,-11.4432;2.5367,2.7601,-7.8608;2.5795,3.5779,-6.5767;3.5646,6.2095,-5.0375;3.7513,6.5846,-3.7349;3.4845,7.7644,-3.0540;3.7740,7.8841,-1.7736;4.3240,6.8683,-1.1287;4.6599,7.1539,0.5381;4.6416,5.6346,-1.6729;4.3376,5.5063,-3.0189;6.6549,1.8560,-5.1145;7.8438,1.7091,-5.7944;11.7061,3.0874,-7.1858;11.2922,3.7495,-5.5859;10.5224,4.4110,-7.0575;9.2036,4.7401,-5.1146;7.1039,4.9757,-3.9136;5.2289,3.1104,-2.6119;4.3593,2.4183,-3.9910;4.7072,3.3673,-6.2966;5.3360,5.4689,-7.4390;3.6321,5.8812,-7.6302;5.0303,3.4287,-8.8234;4.5465,4.8790,-9.7102;2.1671,4.4263,-9.1869;2.6390,2.6588,-12.1931;3.7678,3.9286,-11.6684;2.0113,4.1674,-11.4790;3.2415,1.9286,-7.8054;1.5405,2.3427,-8.0127;2.3151,2.9444,-5.7269;1.8545,4.3922,-6.6269;3.0368,8.6226,-3.5319;5.0911,4.8559,-1.0784;5.9377,1.0476,-5.1150;8.0724,0.8007,-6.3283;</g>
	</geometry>
	<conformers/>
	<properties/>
</molecule>
