<?xml version="1.0" ?>
<!--MOLLI PACKAGE EXPERIMENTAL XML FORMAT-->
<molecule name="el1809">
	<atoms>
		<a id="1" s="C" t="C.3" l="C"/>
		<a id="2" s="C" t="C.3" l="C"/>
		<a id="3" s="C" t="C.3" l="C"/>
		<a id="4" s="C" t="C.3" l="C"/>
		<a id="5" s="O" t="O.3" l="O"/>
		<a id="6" s="C" t="C.2" l="C"/>
		<a id="7" s="O" t="O.2" l="O"/>
		<a id="8" s="N" t="N.am" l="N"/>
		<a id="9" s="C" t="C.3" l="C"/>
		<a id="10" s="C" t="C.3" l="C"/>
		<a id="11" s="C" t="C.3" l="C"/>
		<a id="12" s="C" t="C.3" l="C"/>
		<a id="13" s="N" t="N.pl3" l="N"/>
		<a id="14" s="C" t="C.ar" l="C"/>
		<a id="15" s="C" t="C.ar" l="C"/>
		<a id="16" s="C" t="C.ar" l="C"/>
		<a id="17" s="Cl" t="Cl" l="CL"/>
		<a id="18" s="N" t="N.ar" l="N"/>
		<a id="19" s="C" t="C.ar" l="C"/>
		<a id="20" s="C" t="C.ar" l="C"/>
		<a id="21" s="C" t="C.1" l="C"/>
		<a id="22" s="C" t="C.1" l="C"/>
		<a id="23" s="C" t="C.3" l="C"/>
		<a id="24" s="C" t="C.3" l="C"/>
		<a id="25" s="C" t="C.3" l="C"/>
		<a id="26" s="O" t="O.3" l="O"/>
		<a id="27" s="Si" t="Si" l="SI"/>
		<a id="28" s="C" t="C.3" l="C"/>
		<a id="29" s="C" t="C.3" l="C"/>
		<a id="30" s="C" t="C.3" l="C"/>
		<a id="31" s="C" t="C.3" l="C"/>
		<a id="32" s="C" t="C.3" l="C"/>
		<a id="33" s="H" t="H" l="H"/>
		<a id="34" s="H" t="H" l="H"/>
		<a id="35" s="H" t="H" l="H"/>
		<a id="36" s="H" t="H" l="H"/>
		<a id="37" s="H" t="H" l="H"/>
		<a id="38" s="H" t="H" l="H"/>
		<a id="39" s="H" t="H" l="H"/>
		<a id="40" s="H" t="H" l="H"/>
		<a id="41" s="H" t="H" l="H"/>
		<a id="42" s="H" t="H" l="H"/>
		<a id="43" s="H" t="H" l="H"/>
		<a id="44" s="H" t="H" l="H"/>
		<a id="45" s="H" t="H" l="H"/>
		<a id="46" s="H" t="H" l="H"/>
		<a id="47" s="H" t="H" l="H"/>
		<a id="48" s="H" t="H" l="H"/>
		<a id="49" s="H" t="H" l="H"/>
		<a id="50" s="H" t="H" l="H"/>
		<a id="51" s="H" t="H" l="H"/>
		<a id="52" s="H" t="H" l="H"/>
		<a id="53" s="H" t="H" l="H"/>
		<a id="54" s="H" t="H" l="H"/>
		<a id="55" s="H" t="H" l="H"/>
		<a id="56" s="H" t="H" l="H"/>
		<a id="57" s="H" t="H" l="H"/>
		<a id="58" s="H" t="H" l="H"/>
		<a id="59" s="H" t="H" l="H"/>
		<a id="60" s="H" t="H" l="H"/>
		<a id="61" s="H" t="H" l="H"/>
		<a id="62" s="H" t="H" l="H"/>
		<a id="63" s="H" t="H" l="H"/>
		<a id="64" s="H" t="H" l="H"/>
		<a id="65" s="H" t="H" l="H"/>
		<a id="66" s="H" t="H" l="H"/>
		<a id="67" s="H" t="H" l="H"/>
		<a id="68" s="H" t="H" l="H"/>
		<a id="69" s="H" t="H" l="H"/>
		<a id="70" s="H" t="H" l="H"/>
	</atoms>
	<bonds>
		<b id="1" c="1 2" t="1"/>
		<b id="2" c="2 3" t="1"/>
		<b id="3" c="2 4" t="1"/>
		<b id="4" c="2 5" t="1"/>
		<b id="5" c="5 6" t="1"/>
		<b id="6" c="6 7" t="2"/>
		<b id="7" c="6 8" t="am"/>
		<b id="8" c="8 9" t="1"/>
		<b id="9" c="9 10" t="1"/>
		<b id="10" c="10 11" t="1"/>
		<b id="11" c="11 12" t="1"/>
		<b id="12" c="12 13" t="1"/>
		<b id="13" c="13 14" t="1"/>
		<b id="14" c="14 15" t="ar"/>
		<b id="15" c="15 16" t="ar"/>
		<b id="16" c="16 17" t="1"/>
		<b id="17" c="16 18" t="ar"/>
		<b id="18" c="18 19" t="ar"/>
		<b id="19" c="19 20" t="ar"/>
		<b id="20" c="14 20" t="ar"/>
		<b id="21" c="20 21" t="1"/>
		<b id="22" c="21 22" t="3"/>
		<b id="23" c="22 23" t="1"/>
		<b id="24" c="23 24" t="1"/>
		<b id="25" c="23 25" t="1"/>
		<b id="26" c="23 26" t="1"/>
		<b id="27" c="26 27" t="1"/>
		<b id="28" c="27 28" t="1"/>
		<b id="29" c="27 29" t="1"/>
		<b id="30" c="27 30" t="1"/>
		<b id="31" c="11 31" t="1"/>
		<b id="32" c="31 32" t="1"/>
		<b id="33" c="8 32" t="1"/>
		<b id="34" c="1 33" t="1"/>
		<b id="35" c="1 34" t="1"/>
		<b id="36" c="1 35" t="1"/>
		<b id="37" c="3 36" t="1"/>
		<b id="38" c="3 37" t="1"/>
		<b id="39" c="3 38" t="1"/>
		<b id="40" c="4 39" t="1"/>
		<b id="41" c="4 40" t="1"/>
		<b id="42" c="4 41" t="1"/>
		<b id="43" c="9 42" t="1"/>
		<b id="44" c="9 43" t="1"/>
		<b id="45" c="10 44" t="1"/>
		<b id="46" c="10 45" t="1"/>
		<b id="47" c="11 46" t="1"/>
		<b id="48" c="12 47" t="1"/>
		<b id="49" c="12 48" t="1"/>
		<b id="50" c="13 49" t="1"/>
		<b id="51" c="15 50" t="1"/>
		<b id="52" c="19 51" t="1"/>
		<b id="53" c="24 52" t="1"/>
		<b id="54" c="24 53" t="1"/>
		<b id="55" c="24 54" t="1"/>
		<b id="56" c="25 55" t="1"/>
		<b id="57" c="25 56" t="1"/>
		<b id="58" c="25 57" t="1"/>
		<b id="59" c="28 58" t="1"/>
		<b id="60" c="28 59" t="1"/>
		<b id="61" c="28 60" t="1"/>
		<b id="62" c="29 61" t="1"/>
		<b id="63" c="29 62" t="1"/>
		<b id="64" c="29 63" t="1"/>
		<b id="65" c="30 64" t="1"/>
		<b id="66" c="30 65" t="1"/>
		<b id="67" c="30 66" t="1"/>
		<b id="68" c="31 67" t="1"/>
		<b id="69" c="31 68" t="1"/>
		<b id="70" c="32 69" t="1"/>
		<b id="71" c="32 70" t="1"/>
	</bonds>
	<geometry>
		<g u="A" t="cart/3d">#70,3:7.9327,-3.1021,-4.9813;6.8012,-2.2462,-4.4130;7.2840,-0.8275,-4.1128;5.6175,-2.2139,-5.3816;6.2550,-2.8552,-3.2192;7.0257,-3.0259,-2.1295;8.2032,-2.7557,-2.0456;6.3092,-3.5234,-1.0901;6.9825,-3.8913,0.1347;6.9575,-5.4092,0.3213;5.5322,-5.9722,0.2526;4.7064,-5.6269,1.5073;5.2274,-6.2466,2.6980;5.1358,-7.5662,2.9955;4.2420,-8.4446,2.3769;4.1977,-9.7530,2.8228;3.1036,-10.8522,2.0762;4.9401,-10.2507,3.7916;5.7972,-9.4322,4.3773;5.9505,-8.0978,4.0300;6.9034,-7.2741,4.6690;7.7279,-6.5455,5.1591;8.6877,-5.6639,5.8095;9.3075,-6.3968,7.0051;9.7681,-5.2578,4.7983;8.0642,-4.4962,6.3088;6.7451,-3.6445,5.8772;6.8218,-3.0570,4.0563;5.1207,-4.6134,6.1396;6.8434,-2.1629,7.0579;4.8511,-5.4809,-1.0291;4.9352,-3.9594,-1.1700;8.2708,-2.6814,-5.9240;7.5834,-4.1183,-5.1531;8.7660,-3.1287,-4.2851;7.6033,-0.3473,-5.0334;8.1197,-0.8564,-3.4194;6.4787,-0.2448,-3.6702;5.9209,-1.7664,-6.3231;4.8040,-1.6311,-4.9573;5.2592,-3.2232,-5.5676;6.4887,-3.3851,0.9712;8.0108,-3.5326,0.0666;7.4262,-5.6725,1.2716;7.5499,-5.8626,-0.4758;5.5998,-7.0659,0.2105;3.6731,-5.9529,1.3601;4.6946,-4.5504,1.6816;5.9743,-5.7602,3.1743;3.5949,-8.1284,1.5772;6.3992,-9.8674,5.1628;9.8324,-7.2880,6.6714;8.5249,-6.6844,7.7026;10.0024,-5.7329,7.5122;10.2609,-6.1396,4.3969;10.5023,-4.6259,5.2910;9.3197,-4.6968,3.9822;6.9895,-3.8854,3.3704;7.6371,-2.3530,3.9105;5.9053,-2.5567,3.7558;4.8851,-5.2775,5.3122;4.2771,-3.9420,6.2691;5.1863,-5.2269,7.0343;7.7734,-1.6175,6.9407;6.7767,-2.4793,8.0928;6.0289,-1.4714,6.8713;3.8046,-5.7891,-1.0437;5.3493,-5.9359,-1.8873;4.3687,-3.4726,-0.3677;4.5208,-3.6458,-2.1268;</g>
	</geometry>
	<conformers/>
	<properties/>
</molecule>
