<?xml version="1.0" ?>
<!--MOLLI PACKAGE EXPERIMENTAL XML FORMAT-->
<molecule name="el1891">
	<atoms>
		<a id="1" s="C" t="C.3" l="C"/>
		<a id="2" s="O" t="O.3" l="O"/>
		<a id="3" s="C" t="C.ar" l="C"/>
		<a id="4" s="C" t="C.ar" l="C"/>
		<a id="5" s="C" t="C.ar" l="C"/>
		<a id="6" s="C" t="C.ar" l="C"/>
		<a id="7" s="C" t="C.3" l="C"/>
		<a id="8" s="N" t="N.ar" l="N"/>
		<a id="9" s="C" t="C.ar" l="C"/>
		<a id="10" s="C" t="C.3" l="C"/>
		<a id="11" s="O" t="O.3" l="O"/>
		<a id="12" s="N" t="N.ar" l="N"/>
		<a id="13" s="C" t="C.ar" l="C"/>
		<a id="14" s="C" t="C.ar" l="C"/>
		<a id="15" s="N" t="N.ar" l="N"/>
		<a id="16" s="C" t="C.ar" l="C"/>
		<a id="17" s="Cl" t="Cl" l="CL"/>
		<a id="18" s="C" t="C.ar" l="C"/>
		<a id="19" s="C" t="C.ar" l="C"/>
		<a id="20" s="C" t="C.ar" l="C"/>
		<a id="21" s="C" t="C.ar" l="C"/>
		<a id="22" s="H" t="H" l="H"/>
		<a id="23" s="H" t="H" l="H"/>
		<a id="24" s="H" t="H" l="H"/>
		<a id="25" s="H" t="H" l="H"/>
		<a id="26" s="H" t="H" l="H"/>
		<a id="27" s="H" t="H" l="H"/>
		<a id="28" s="H" t="H" l="H"/>
		<a id="29" s="H" t="H" l="H"/>
		<a id="30" s="H" t="H" l="H"/>
		<a id="31" s="H" t="H" l="H"/>
		<a id="32" s="H" t="H" l="H"/>
		<a id="33" s="H" t="H" l="H"/>
		<a id="34" s="H" t="H" l="H"/>
		<a id="35" s="H" t="H" l="H"/>
	</atoms>
	<bonds>
		<b id="1" c="1 2" t="1"/>
		<b id="2" c="2 3" t="1"/>
		<b id="3" c="3 4" t="ar"/>
		<b id="4" c="4 5" t="ar"/>
		<b id="5" c="5 6" t="ar"/>
		<b id="6" c="6 7" t="1"/>
		<b id="7" c="7 8" t="1"/>
		<b id="8" c="8 9" t="ar"/>
		<b id="9" c="9 10" t="1"/>
		<b id="10" c="10 11" t="1"/>
		<b id="11" c="9 12" t="ar"/>
		<b id="12" c="12 13" t="ar"/>
		<b id="13" c="13 14" t="ar"/>
		<b id="14" c="14 15" t="ar"/>
		<b id="15" c="15 16" t="ar"/>
		<b id="16" c="16 17" t="1"/>
		<b id="17" c="16 18" t="ar"/>
		<b id="18" c="18 19" t="ar"/>
		<b id="19" c="13 19" t="ar"/>
		<b id="20" c="8 19" t="ar"/>
		<b id="21" c="6 20" t="ar"/>
		<b id="22" c="20 21" t="ar"/>
		<b id="23" c="3 21" t="ar"/>
		<b id="24" c="1 22" t="1"/>
		<b id="25" c="1 23" t="1"/>
		<b id="26" c="1 24" t="1"/>
		<b id="27" c="4 25" t="1"/>
		<b id="28" c="5 26" t="1"/>
		<b id="29" c="7 27" t="1"/>
		<b id="30" c="7 28" t="1"/>
		<b id="31" c="10 29" t="1"/>
		<b id="32" c="10 30" t="1"/>
		<b id="33" c="11 31" t="1"/>
		<b id="34" c="14 32" t="1"/>
		<b id="35" c="18 33" t="1"/>
		<b id="36" c="20 34" t="1"/>
		<b id="37" c="21 35" t="1"/>
	</bonds>
	<geometry>
		<g u="A" t="cart/3d">#35,3:1.1086,1.3494,0.7786;1.5206,0.0183,0.5776;2.4772,-0.4993,1.3910;3.1059,0.1871,2.4246;4.0682,-0.4491,3.1912;4.4275,-1.7638,2.9431;5.4655,-2.4568,3.7916;4.9254,-3.6456,4.4092;4.0961,-3.6873,5.5017;3.7004,-2.4544,6.2461;4.8122,-1.7849,6.8064;3.7243,-4.8909,5.8277;4.3076,-5.7182,4.9057;4.2781,-7.0960,4.7331;4.9392,-7.6649,3.7464;5.6427,-6.9178,2.9095;6.4564,-7.7848,1.6620;5.7684,-5.5398,2.9592;5.0709,-4.9371,3.9954;3.7951,-2.4475,1.9079;2.8337,-1.8272,1.1423;0.3445,1.5370,0.0261;1.9357,2.0528,0.6368;0.6763,1.4907,1.7746;2.8554,1.2123,2.6459;4.5458,0.0937,3.9942;5.8152,-1.7841,4.5792;6.3199,-2.7595,3.1789;2.9737,-2.7386,7.0149;3.2368,-1.7393,5.5595;5.2002,-2.3472,7.4866;3.7220,-7.7513,5.3863;6.3616,-4.9999,2.2393;4.0560,-3.4758,1.7029;2.3386,-2.3486,0.3386;</g>
	</geometry>
	<conformers/>
	<properties/>
</molecule>
