<?xml version="1.0" ?>
<!--MOLLI PACKAGE EXPERIMENTAL XML FORMAT-->
<molecule name="el1892">
	<atoms>
		<a id="1" s="O" t="O.2" l="O"/>
		<a id="2" s="N" t="N.pl3" l="N"/>
		<a id="3" s="O" t="O.co2" l="O"/>
		<a id="4" s="C" t="C.ar" l="C"/>
		<a id="5" s="C" t="C.ar" l="C"/>
		<a id="6" s="C" t="C.ar" l="C"/>
		<a id="7" s="C" t="C.ar" l="C"/>
		<a id="8" s="N" t="N.ar" l="N"/>
		<a id="9" s="C" t="C.ar" l="C"/>
		<a id="10" s="Cl" t="Cl" l="CL"/>
		<a id="11" s="H" t="H" l="H"/>
		<a id="12" s="H" t="H" l="H"/>
		<a id="13" s="H" t="H" l="H"/>
	</atoms>
	<bonds>
		<b id="1" c="1 2" t="2"/>
		<b id="2" c="2 3" t="1"/>
		<b id="3" c="2 4" t="1"/>
		<b id="4" c="4 5" t="ar"/>
		<b id="5" c="5 6" t="ar"/>
		<b id="6" c="6 7" t="ar"/>
		<b id="7" c="7 8" t="ar"/>
		<b id="8" c="8 9" t="ar"/>
		<b id="9" c="4 9" t="ar"/>
		<b id="10" c="9 10" t="1"/>
		<b id="11" c="5 11" t="1"/>
		<b id="12" c="6 12" t="1"/>
		<b id="13" c="7 13" t="1"/>
	</bonds>
	<geometry>
		<g u="A" t="cart/3d">#13,3:2.3855,0.0991,1.1791;2.3171,0.0685,-0.0300;1.7677,0.8903,-0.7216;2.9736,-1.0459,-0.6799;4.0436,-1.6455,-0.0227;4.7066,-2.6971,-0.6282;4.2649,-3.1041,-1.8804;3.2331,-2.5583,-2.4947;2.5876,-1.5586,-1.9277;1.2333,-0.9644,-2.7799;4.3349,-1.2661,0.9463;5.5428,-3.1782,-0.1486;4.7500,-3.9048,-2.4210;</g>
	</geometry>
	<conformers/>
	<properties/>
</molecule>
