<?xml version="1.0" ?>
<!--MOLLI PACKAGE EXPERIMENTAL XML FORMAT-->
<molecule name="el1894">
	<atoms>
		<a id="1" s="C" t="C.3" l="C"/>
		<a id="2" s="C" t="C.3" l="C"/>
		<a id="3" s="C" t="C.ar" l="C"/>
		<a id="4" s="C" t="C.ar" l="C"/>
		<a id="5" s="C" t="C.ar" l="C"/>
		<a id="6" s="C" t="C.ar" l="C"/>
		<a id="7" s="C" t="C.ar" l="C"/>
		<a id="8" s="C" t="C.ar" l="C"/>
		<a id="9" s="C" t="C.ar" l="C"/>
		<a id="10" s="Cl" t="Cl" l="CL"/>
		<a id="11" s="C" t="C.ar" l="C"/>
		<a id="12" s="C" t="C.ar" l="C"/>
		<a id="13" s="C" t="C.ar" l="C"/>
		<a id="14" s="O" t="O.3" l="O"/>
		<a id="15" s="C" t="C.3" l="C"/>
		<a id="16" s="C" t="C.ar" l="C"/>
		<a id="17" s="O" t="O.3" l="O"/>
		<a id="18" s="C" t="C.3" l="C"/>
		<a id="19" s="C" t="C.3" l="C"/>
		<a id="20" s="C" t="C.3" l="C"/>
		<a id="21" s="N" t="N.3" l="N"/>
		<a id="22" s="C" t="C.3" l="C"/>
		<a id="23" s="C" t="C.3" l="C"/>
		<a id="24" s="C" t="C.3" l="C"/>
		<a id="25" s="C" t="C.3" l="C"/>
		<a id="26" s="C" t="C.3" l="C"/>
		<a id="27" s="C" t="C.3" l="C"/>
		<a id="28" s="C" t="C.ar" l="C"/>
		<a id="29" s="C" t="C.ar" l="C"/>
		<a id="30" s="N" t="N.ar" l="N"/>
		<a id="31" s="O" t="O.2" l="O"/>
		<a id="32" s="H" t="H" l="H"/>
		<a id="33" s="H" t="H" l="H"/>
		<a id="34" s="H" t="H" l="H"/>
		<a id="35" s="H" t="H" l="H"/>
		<a id="36" s="H" t="H" l="H"/>
		<a id="37" s="H" t="H" l="H"/>
		<a id="38" s="H" t="H" l="H"/>
		<a id="39" s="H" t="H" l="H"/>
		<a id="40" s="H" t="H" l="H"/>
		<a id="41" s="H" t="H" l="H"/>
		<a id="42" s="H" t="H" l="H"/>
		<a id="43" s="H" t="H" l="H"/>
		<a id="44" s="H" t="H" l="H"/>
		<a id="45" s="H" t="H" l="H"/>
		<a id="46" s="H" t="H" l="H"/>
		<a id="47" s="H" t="H" l="H"/>
		<a id="48" s="H" t="H" l="H"/>
		<a id="49" s="H" t="H" l="H"/>
		<a id="50" s="H" t="H" l="H"/>
		<a id="51" s="H" t="H" l="H"/>
		<a id="52" s="H" t="H" l="H"/>
		<a id="53" s="H" t="H" l="H"/>
		<a id="54" s="H" t="H" l="H"/>
		<a id="55" s="H" t="H" l="H"/>
		<a id="56" s="H" t="H" l="H"/>
		<a id="57" s="H" t="H" l="H"/>
		<a id="58" s="H" t="H" l="H"/>
		<a id="59" s="H" t="H" l="H"/>
		<a id="60" s="H" t="H" l="H"/>
	</atoms>
	<bonds>
		<b id="1" c="1 2" t="1"/>
		<b id="2" c="2 3" t="1"/>
		<b id="3" c="3 4" t="ar"/>
		<b id="4" c="4 5" t="ar"/>
		<b id="5" c="5 6" t="ar"/>
		<b id="6" c="6 7" t="1"/>
		<b id="7" c="7 8" t="ar"/>
		<b id="8" c="8 9" t="ar"/>
		<b id="9" c="9 10" t="1"/>
		<b id="10" c="9 11" t="ar"/>
		<b id="11" c="11 12" t="ar"/>
		<b id="12" c="12 13" t="ar"/>
		<b id="13" c="13 14" t="1"/>
		<b id="14" c="14 15" t="1"/>
		<b id="15" c="13 16" t="ar"/>
		<b id="16" c="16 17" t="1"/>
		<b id="17" c="17 18" t="1"/>
		<b id="18" c="18 19" t="1"/>
		<b id="19" c="19 20" t="1"/>
		<b id="20" c="20 21" t="1"/>
		<b id="21" c="21 22" t="1"/>
		<b id="22" c="22 23" t="1"/>
		<b id="23" c="23 24" t="1"/>
		<b id="24" c="24 25" t="1"/>
		<b id="25" c="25 26" t="1"/>
		<b id="26" c="24 26" t="1"/>
		<b id="27" c="24 27" t="1"/>
		<b id="28" c="21 27" t="1"/>
		<b id="29" c="16 28" t="ar"/>
		<b id="30" c="28 29" t="ar"/>
		<b id="31" c="11 29" t="ar"/>
		<b id="32" c="29 30" t="ar"/>
		<b id="33" c="7 30" t="ar"/>
		<b id="34" c="6 31" t="ar"/>
		<b id="35" c="3 31" t="ar"/>
		<b id="36" c="1 32" t="1"/>
		<b id="37" c="1 33" t="1"/>
		<b id="38" c="1 34" t="1"/>
		<b id="39" c="2 35" t="1"/>
		<b id="40" c="2 36" t="1"/>
		<b id="41" c="4 37" t="1"/>
		<b id="42" c="5 38" t="1"/>
		<b id="43" c="8 39" t="1"/>
		<b id="44" c="12 40" t="1"/>
		<b id="45" c="15 41" t="1"/>
		<b id="46" c="15 42" t="1"/>
		<b id="47" c="15 43" t="1"/>
		<b id="48" c="18 44" t="1"/>
		<b id="49" c="18 45" t="1"/>
		<b id="50" c="19 46" t="1"/>
		<b id="51" c="19 47" t="1"/>
		<b id="52" c="20 48" t="1"/>
		<b id="53" c="20 49" t="1"/>
		<b id="54" c="22 50" t="1"/>
		<b id="55" c="22 51" t="1"/>
		<b id="56" c="23 52" t="1"/>
		<b id="57" c="23 53" t="1"/>
		<b id="58" c="25 54" t="1"/>
		<b id="59" c="25 55" t="1"/>
		<b id="60" c="26 56" t="1"/>
		<b id="61" c="26 57" t="1"/>
		<b id="62" c="27 58" t="1"/>
		<b id="63" c="27 59" t="1"/>
		<b id="64" c="28 60" t="1"/>
	</bonds>
	<geometry>
		<g u="A" t="cart/3d">#60,3:1.8825,4.4291,1.9350;1.4883,2.9574,1.7800;2.6155,2.0576,2.1531;3.5494,1.4086,1.3919;4.3961,0.7310,2.2910;3.9247,1.0138,3.5499;4.4012,0.5909,4.8456;3.7473,1.0466,6.0178;4.2226,0.6316,7.2288;3.4492,1.1708,8.6821;5.3362,-0.2311,7.3011;5.8982,-0.7050,8.4973;6.9844,-1.5452,8.5077;7.5684,-2.0009,9.6571;7.0363,-1.5903,10.8935;7.5543,-1.9662,7.2651;8.6193,-2.7856,7.1072;9.1608,-3.5581,8.1661;10.1626,-4.5250,7.5426;11.3633,-3.7834,6.9575;12.3415,-4.6996,6.4143;13.6033,-4.0645,6.0739;14.3236,-5.1299,5.2552;13.1864,-5.7828,4.4867;13.2113,-5.8916,2.9930;13.3539,-7.1225,3.8399;11.9055,-5.4012,5.2146;7.0125,-1.4958,6.0901;5.9106,-0.6259,6.0587;5.4418,-0.2137,4.8723;2.8403,1.8227,3.4593;1.0473,5.0722,1.6694;2.7243,4.6650,1.2886;2.1678,4.6356,2.9634;1.2044,2.7572,0.7462;0.6344,2.7439,2.4262;3.6150,1.4155,0.3229;5.2411,0.1153,2.0663;2.8980,1.7042,5.9345;5.4488,-0.3788,9.4211;7.6612,-2.0645,11.6488;6.0016,-1.9245,11.0175;7.0861,-0.5035,11.0114;8.3664,-4.1165,8.6730;9.6591,-2.9114,8.8966;9.6567,-5.0833,6.7552;10.5077,-5.2270,8.3016;11.8529,-3.2153,7.7541;11.0052,-3.0668,6.1966;14.1384,-3.7911,6.9854;13.4539,-3.1534,5.4674;14.7927,-5.8566,5.9208;15.0859,-4.7086,4.6014;14.0816,-5.5328,2.4636;12.2864,-5.7497,2.4535;14.3231,-7.5959,3.8908;12.5280,-7.8170,3.8735;11.3202,-6.2804,5.4961;11.2773,-4.7556,4.5758;7.4493,-1.8074,5.1560;</g>
	</geometry>
	<conformers/>
	<properties/>
</molecule>
