<?xml version="1.0" ?>
<!--MOLLI PACKAGE EXPERIMENTAL XML FORMAT-->
<molecule name="nuc991">
	<atoms>
		<a id="1" s="C" t="C.3" l="C"/>
		<a id="2" s="C" t="C.ar" l="C"/>
		<a id="3" s="C" t="C.ar" l="C"/>
		<a id="4" s="S" t="S.3" l="S"/>
		<a id="5" s="C" t="C.3" l="C"/>
		<a id="6" s="C" t="C.3" l="C"/>
		<a id="7" s="C" t="C.3" l="C"/>
		<a id="8" s="C" t="C.3" l="C"/>
		<a id="9" s="C" t="C.ar" l="C"/>
		<a id="10" s="C" t="C.ar" l="C"/>
		<a id="11" s="N" t="N.pl3" l="N"/>
		<a id="12" s="C" t="C.ar" l="C"/>
		<a id="13" s="C" t="C.ar" l="C"/>
		<a id="14" s="S" t="S.O2" l="S"/>
		<a id="15" s="O" t="O.2" l="O"/>
		<a id="16" s="O" t="O.2" l="O"/>
		<a id="17" s="C" t="C.ar" l="C"/>
		<a id="18" s="C" t="C.ar" l="C"/>
		<a id="19" s="C" t="C.ar" l="C"/>
		<a id="20" s="C" t="C.ar" l="C"/>
		<a id="21" s="C" t="C.ar" l="C"/>
		<a id="22" s="C" t="C.ar" l="C"/>
		<a id="23" s="H" t="H" l="H"/>
		<a id="24" s="H" t="H" l="H"/>
		<a id="25" s="H" t="H" l="H"/>
		<a id="26" s="H" t="H" l="H"/>
		<a id="27" s="H" t="H" l="H"/>
		<a id="28" s="H" t="H" l="H"/>
		<a id="29" s="H" t="H" l="H"/>
		<a id="30" s="H" t="H" l="H"/>
		<a id="31" s="H" t="H" l="H"/>
		<a id="32" s="H" t="H" l="H"/>
		<a id="33" s="H" t="H" l="H"/>
		<a id="34" s="H" t="H" l="H"/>
		<a id="35" s="H" t="H" l="H"/>
		<a id="36" s="H" t="H" l="H"/>
		<a id="37" s="H" t="H" l="H"/>
		<a id="38" s="H" t="H" l="H"/>
		<a id="39" s="H" t="H" l="H"/>
		<a id="40" s="H" t="H" l="H"/>
		<a id="41" s="H" t="H" l="H"/>
		<a id="42" s="H" t="H" l="H"/>
		<a id="43" s="H" t="H" l="H"/>
	</atoms>
	<bonds>
		<b id="1" c="1 2" t="1"/>
		<b id="2" c="2 3" t="ar"/>
		<b id="3" c="3 4" t="1"/>
		<b id="4" c="4 5" t="1"/>
		<b id="5" c="5 6" t="1"/>
		<b id="6" c="6 7" t="1"/>
		<b id="7" c="6 8" t="1"/>
		<b id="8" c="3 9" t="ar"/>
		<b id="9" c="9 10" t="ar"/>
		<b id="10" c="10 11" t="1"/>
		<b id="11" c="10 12" t="ar"/>
		<b id="12" c="12 13" t="ar"/>
		<b id="13" c="2 13" t="ar"/>
		<b id="14" c="13 14" t="1"/>
		<b id="15" c="14 15" t="2"/>
		<b id="16" c="14 16" t="2"/>
		<b id="17" c="14 17" t="1"/>
		<b id="18" c="17 18" t="ar"/>
		<b id="19" c="18 19" t="ar"/>
		<b id="20" c="19 20" t="ar"/>
		<b id="21" c="20 21" t="ar"/>
		<b id="22" c="21 22" t="ar"/>
		<b id="23" c="17 22" t="ar"/>
		<b id="24" c="1 23" t="1"/>
		<b id="25" c="1 24" t="1"/>
		<b id="26" c="1 25" t="1"/>
		<b id="27" c="5 26" t="1"/>
		<b id="28" c="5 27" t="1"/>
		<b id="29" c="6 28" t="1"/>
		<b id="30" c="7 29" t="1"/>
		<b id="31" c="7 30" t="1"/>
		<b id="32" c="7 31" t="1"/>
		<b id="33" c="8 32" t="1"/>
		<b id="34" c="8 33" t="1"/>
		<b id="35" c="8 34" t="1"/>
		<b id="36" c="9 35" t="1"/>
		<b id="37" c="11 36" t="1"/>
		<b id="38" c="11 37" t="1"/>
		<b id="39" c="12 38" t="1"/>
		<b id="40" c="18 39" t="1"/>
		<b id="41" c="19 40" t="1"/>
		<b id="42" c="20 41" t="1"/>
		<b id="43" c="21 42" t="1"/>
		<b id="44" c="22 43" t="1"/>
	</bonds>
	<geometry>
		<g u="A" t="cart/3d">#43,3:-3.0060,-0.5629,0.4153;-1.5556,-0.3248,0.1524;-0.9841,0.9495,0.1850;-1.9850,2.3884,0.5278;-1.8433,3.2175,-1.0957;-2.6055,2.4795,-2.1920;-4.1108,2.6121,-1.9828;-2.1995,3.0303,-3.5575;0.3673,1.1469,-0.0413;1.2102,0.0790,-0.3471;2.5337,0.2838,-0.6528;0.6488,-1.1983,-0.3930;-0.6945,-1.3738,-0.1452;-1.3046,-3.0673,-0.2246;-2.3721,-3.1643,-1.1883;-0.1690,-3.9345,-0.4087;-1.9759,-3.3913,1.4138;-3.2323,-3.9473,1.5476;-3.7235,-4.2113,2.8158;-2.9531,-3.9145,3.9289;-1.6917,-3.3579,3.7819;-1.1970,-3.0953,2.5153;-3.5734,0.3487,0.2467;-3.1610,-0.8654,1.4516;-3.3771,-1.3503,-0.2347;-0.7831,3.2935,-1.3355;-2.2490,4.2170,-0.9408;-2.3308,1.4188,-2.1493;-4.4231,3.6442,-2.1318;-4.3838,2.3160,-0.9723;-4.6504,1.9821,-2.6851;-2.4151,4.0954,-3.6178;-2.7516,2.5221,-4.3440;-1.1363,2.8813,-3.7343;0.7765,2.1453,0.0211;2.9530,1.1410,-0.3331;3.1319,-0.5251,-0.6307;1.2463,-2.0670,-0.6217;-3.8028,-4.1604,0.6571;-4.7038,-4.6469,2.9353;-3.3365,-4.1192,4.9175;-1.0960,-3.1300,4.6529;-0.2168,-2.6666,2.3721;</g>
	</geometry>
	<conformers/>
	<properties/>
</molecule>
