<?xml version="1.0" ?>
<!--MOLLI PACKAGE EXPERIMENTAL XML FORMAT-->
<molecule name="nuc1087">
	<atoms>
		<a id="1" s="C" t="C.3" l="C"/>
		<a id="2" s="C" t="C.3" l="C"/>
		<a id="3" s="C" t="C.3" l="C"/>
		<a id="4" s="C" t="C.3" l="C"/>
		<a id="5" s="C" t="C.3" l="C"/>
		<a id="6" s="C" t="C.3" l="C"/>
		<a id="7" s="C" t="C.ar" l="C"/>
		<a id="8" s="C" t="C.ar" l="C"/>
		<a id="9" s="C" t="C.ar" l="C"/>
		<a id="10" s="C" t="C.ar" l="C"/>
		<a id="11" s="N" t="N.pl3" l="N"/>
		<a id="12" s="C" t="C.ar" l="C"/>
		<a id="13" s="C" t="C.ar" l="C"/>
		<a id="14" s="H" t="H" l="H"/>
		<a id="15" s="H" t="H" l="H"/>
		<a id="16" s="H" t="H" l="H"/>
		<a id="17" s="H" t="H" l="H"/>
		<a id="18" s="H" t="H" l="H"/>
		<a id="19" s="H" t="H" l="H"/>
		<a id="20" s="H" t="H" l="H"/>
		<a id="21" s="H" t="H" l="H"/>
		<a id="22" s="H" t="H" l="H"/>
		<a id="23" s="H" t="H" l="H"/>
		<a id="24" s="H" t="H" l="H"/>
		<a id="25" s="H" t="H" l="H"/>
		<a id="26" s="H" t="H" l="H"/>
		<a id="27" s="H" t="H" l="H"/>
		<a id="28" s="H" t="H" l="H"/>
		<a id="29" s="H" t="H" l="H"/>
		<a id="30" s="H" t="H" l="H"/>
		<a id="31" s="H" t="H" l="H"/>
		<a id="32" s="H" t="H" l="H"/>
	</atoms>
	<bonds>
		<b id="1" c="1 2" t="1"/>
		<b id="2" c="2 3" t="1"/>
		<b id="3" c="3 4" t="1"/>
		<b id="4" c="4 5" t="1"/>
		<b id="5" c="5 6" t="1"/>
		<b id="6" c="6 7" t="1"/>
		<b id="7" c="7 8" t="ar"/>
		<b id="8" c="8 9" t="ar"/>
		<b id="9" c="9 10" t="ar"/>
		<b id="10" c="10 11" t="1"/>
		<b id="11" c="10 12" t="ar"/>
		<b id="12" c="12 13" t="ar"/>
		<b id="13" c="7 13" t="ar"/>
		<b id="14" c="1 14" t="1"/>
		<b id="15" c="1 15" t="1"/>
		<b id="16" c="1 16" t="1"/>
		<b id="17" c="2 17" t="1"/>
		<b id="18" c="2 18" t="1"/>
		<b id="19" c="3 19" t="1"/>
		<b id="20" c="3 20" t="1"/>
		<b id="21" c="4 21" t="1"/>
		<b id="22" c="4 22" t="1"/>
		<b id="23" c="5 23" t="1"/>
		<b id="24" c="5 24" t="1"/>
		<b id="25" c="6 25" t="1"/>
		<b id="26" c="6 26" t="1"/>
		<b id="27" c="8 27" t="1"/>
		<b id="28" c="9 28" t="1"/>
		<b id="29" c="11 29" t="1"/>
		<b id="30" c="11 30" t="1"/>
		<b id="31" c="12 31" t="1"/>
		<b id="32" c="13 32" t="1"/>
	</bonds>
	<geometry>
		<g u="A" t="cart/3d">#32,3:0.9755,0.0243,0.0734;2.4983,-0.0219,0.0459;3.0202,-0.7650,-1.1813;4.5452,-0.8265,-1.2176;5.0523,-1.5721,-2.4487;6.5826,-1.6503,-2.4939;7.0295,-2.3937,-3.7196;7.2521,-1.7263,-4.9172;7.6105,-2.4109,-6.0610;7.7516,-3.7977,-6.0406;8.0315,-4.4968,-7.2014;7.5325,-4.4705,-4.8394;7.1746,-3.7750,-3.7021;0.6226,0.5577,0.9530;0.5643,-0.9828,0.0945;0.5935,0.5297,-0.8111;2.8628,-0.5165,0.9493;2.8926,0.9971,0.0455;2.6584,-0.2673,-2.0843;2.6193,-1.7816,-1.1834;4.9086,-1.3260,-0.3159;4.9488,0.1891,-1.2165;4.6957,-1.0709,-3.3516;4.6452,-2.5860,-2.4543;6.9421,-2.1584,-1.5961;6.9934,-0.6381,-2.4991;7.1482,-0.6508,-4.9541;7.7820,-1.8746,-6.9841;8.4644,-3.9682,-7.9416;8.4089,-5.4227,-7.0790;7.6431,-5.5457,-4.8068;7.0099,-4.3156,-2.7804;</g>
	</geometry>
	<conformers/>
	<properties/>
</molecule>
