<?xml version="1.0" ?>
<!--MOLLI PACKAGE EXPERIMENTAL XML FORMAT-->
<molecule name="nuc1092">
	<atoms>
		<a id="1" s="N" t="N.3" l="N"/>
		<a id="2" s="C" t="C.3" l="C"/>
		<a id="3" s="C" t="C.3" l="C"/>
		<a id="4" s="C" t="C.ar" l="C"/>
		<a id="5" s="C" t="C.ar" l="C"/>
		<a id="6" s="C" t="C.ar" l="C"/>
		<a id="7" s="C" t="C.ar" l="C"/>
		<a id="8" s="S" t="S.2" l="S"/>
		<a id="9" s="H" t="H" l="H"/>
		<a id="10" s="H" t="H" l="H"/>
		<a id="11" s="H" t="H" l="H"/>
		<a id="12" s="H" t="H" l="H"/>
		<a id="13" s="H" t="H" l="H"/>
		<a id="14" s="H" t="H" l="H"/>
		<a id="15" s="H" t="H" l="H"/>
		<a id="16" s="H" t="H" l="H"/>
		<a id="17" s="H" t="H" l="H"/>
	</atoms>
	<bonds>
		<b id="1" c="1 2" t="1"/>
		<b id="2" c="2 3" t="1"/>
		<b id="3" c="3 4" t="1"/>
		<b id="4" c="4 5" t="ar"/>
		<b id="5" c="5 6" t="ar"/>
		<b id="6" c="6 7" t="ar"/>
		<b id="7" c="7 8" t="ar"/>
		<b id="8" c="4 8" t="ar"/>
		<b id="9" c="1 9" t="1"/>
		<b id="10" c="1 10" t="1"/>
		<b id="11" c="2 11" t="1"/>
		<b id="12" c="2 12" t="1"/>
		<b id="13" c="3 13" t="1"/>
		<b id="14" c="3 14" t="1"/>
		<b id="15" c="5 15" t="1"/>
		<b id="16" c="6 16" t="1"/>
		<b id="17" c="7 17" t="1"/>
	</bonds>
	<geometry>
		<g u="A" t="cart/3d">#17,3:0.9892,0.0117,0.0369;2.4406,0.0665,0.0389;2.9621,-0.1326,1.4685;4.4488,-0.1735,1.5031;5.2666,-1.2400,1.7028;6.6416,-0.9125,1.6354;6.8517,0.4010,1.3812;5.3743,1.2684,1.2195;0.6318,0.1011,-0.9073;0.6090,0.7757,0.5860;2.8490,1.0121,-0.3584;2.8051,-0.7487,-0.5931;2.5598,-1.0680,1.8598;2.5945,0.6865,2.0928;4.9016,-2.2327,1.8987;7.4324,-1.6282,1.7730;7.7802,0.9258,1.2776;</g>
	</geometry>
	<conformers/>
	<properties/>
</molecule>
