<?xml version="1.0" ?>
<!--MOLLI PACKAGE EXPERIMENTAL XML FORMAT-->
<molecule name="nuc1093">
	<atoms>
		<a id="1" s="C" t="C.3" l="C"/>
		<a id="2" s="C" t="C.3" l="C"/>
		<a id="3" s="C" t="C.3" l="C"/>
		<a id="4" s="C" t="C.3" l="C"/>
		<a id="5" s="O" t="O.3" l="O"/>
		<a id="6" s="C" t="C.2" l="C"/>
		<a id="7" s="O" t="O.2" l="O"/>
		<a id="8" s="N" t="N.am" l="N"/>
		<a id="9" s="C" t="C.3" l="C"/>
		<a id="10" s="C" t="C.3" l="C"/>
		<a id="11" s="O" t="O.3" l="O"/>
		<a id="12" s="C" t="C.3" l="C"/>
		<a id="13" s="C" t="C.3" l="C"/>
		<a id="14" s="N" t="N.3" l="N"/>
		<a id="15" s="H" t="H" l="H"/>
		<a id="16" s="H" t="H" l="H"/>
		<a id="17" s="H" t="H" l="H"/>
		<a id="18" s="H" t="H" l="H"/>
		<a id="19" s="H" t="H" l="H"/>
		<a id="20" s="H" t="H" l="H"/>
		<a id="21" s="H" t="H" l="H"/>
		<a id="22" s="H" t="H" l="H"/>
		<a id="23" s="H" t="H" l="H"/>
		<a id="24" s="H" t="H" l="H"/>
		<a id="25" s="H" t="H" l="H"/>
		<a id="26" s="H" t="H" l="H"/>
		<a id="27" s="H" t="H" l="H"/>
		<a id="28" s="H" t="H" l="H"/>
		<a id="29" s="H" t="H" l="H"/>
		<a id="30" s="H" t="H" l="H"/>
		<a id="31" s="H" t="H" l="H"/>
		<a id="32" s="H" t="H" l="H"/>
		<a id="33" s="H" t="H" l="H"/>
		<a id="34" s="H" t="H" l="H"/>
	</atoms>
	<bonds>
		<b id="1" c="1 2" t="1"/>
		<b id="2" c="2 3" t="1"/>
		<b id="3" c="2 4" t="1"/>
		<b id="4" c="2 5" t="1"/>
		<b id="5" c="5 6" t="1"/>
		<b id="6" c="6 7" t="2"/>
		<b id="7" c="6 8" t="am"/>
		<b id="8" c="8 9" t="1"/>
		<b id="9" c="9 10" t="1"/>
		<b id="10" c="10 11" t="1"/>
		<b id="11" c="11 12" t="1"/>
		<b id="12" c="12 13" t="1"/>
		<b id="13" c="13 14" t="1"/>
		<b id="14" c="1 15" t="1"/>
		<b id="15" c="1 16" t="1"/>
		<b id="16" c="1 17" t="1"/>
		<b id="17" c="3 18" t="1"/>
		<b id="18" c="3 19" t="1"/>
		<b id="19" c="3 20" t="1"/>
		<b id="20" c="4 21" t="1"/>
		<b id="21" c="4 22" t="1"/>
		<b id="22" c="4 23" t="1"/>
		<b id="23" c="8 24" t="1"/>
		<b id="24" c="9 25" t="1"/>
		<b id="25" c="9 26" t="1"/>
		<b id="26" c="10 27" t="1"/>
		<b id="27" c="10 28" t="1"/>
		<b id="28" c="12 29" t="1"/>
		<b id="29" c="12 30" t="1"/>
		<b id="30" c="13 31" t="1"/>
		<b id="31" c="13 32" t="1"/>
		<b id="32" c="14 33" t="1"/>
		<b id="33" c="14 34" t="1"/>
	</bonds>
	<geometry>
		<g u="A" t="cart/3d">#34,3:3.5226,1.3626,0.2147;2.8439,0.0355,-0.1231;2.7396,-0.8562,1.1141;1.4584,0.2790,-0.7237;3.5702,-0.6399,-1.1779;4.8507,-1.0104,-0.9946;5.4944,-0.9017,0.0213;5.3455,-1.5048,-2.1564;6.6174,-2.1772,-2.2231;6.4467,-3.6796,-2.4467;5.8723,-3.8695,-3.7191;5.6808,-5.2269,-4.0526;5.1619,-5.2977,-5.4846;6.2315,-4.9371,-6.3996;2.9353,1.8975,0.9556;3.6089,1.9762,-0.6797;4.5167,1.1818,0.6144;2.1172,-0.3722,1.8616;3.7264,-1.0312,1.5330;2.2943,-1.8130,0.8493;0.8312,0.8033,-0.0089;0.9910,-0.6684,-0.9794;1.5444,0.8764,-1.6276;4.7044,-1.6583,-2.9185;7.1290,-1.9933,-1.2764;7.2035,-1.7615,-3.0481;5.7960,-4.1061,-1.6678;7.4253,-4.1798,-2.3918;4.9596,-5.6886,-3.3610;6.6329,-5.7716,-3.9830;4.2778,-4.6436,-5.5597;4.8545,-6.3237,-5.7047;6.5913,-4.0243,-6.1401;5.8808,-4.8765,-7.3493;</g>
	</geometry>
	<conformers/>
	<properties/>
</molecule>
