<?xml version="1.0" ?>
<!--MOLLI PACKAGE EXPERIMENTAL XML FORMAT-->
<molecule name="nuc1096">
	<atoms>
		<a id="1" s="N" t="N.pl3" l="N"/>
		<a id="2" s="N" t="N.2" l="N"/>
		<a id="3" s="C" t="C.2" l="C"/>
		<a id="4" s="C" t="C.3" l="C"/>
		<a id="5" s="C" t="C.3" l="C"/>
		<a id="6" s="C" t="C.3" l="C"/>
		<a id="7" s="C" t="C.3" l="C"/>
		<a id="8" s="C" t="C.3" l="C"/>
		<a id="9" s="H" t="H" l="H"/>
		<a id="10" s="H" t="H" l="H"/>
		<a id="11" s="H" t="H" l="H"/>
		<a id="12" s="H" t="H" l="H"/>
		<a id="13" s="H" t="H" l="H"/>
		<a id="14" s="H" t="H" l="H"/>
		<a id="15" s="H" t="H" l="H"/>
		<a id="16" s="H" t="H" l="H"/>
		<a id="17" s="H" t="H" l="H"/>
		<a id="18" s="H" t="H" l="H"/>
		<a id="19" s="H" t="H" l="H"/>
		<a id="20" s="H" t="H" l="H"/>
	</atoms>
	<bonds>
		<b id="1" c="1 2" t="1"/>
		<b id="2" c="2 3" t="2"/>
		<b id="3" c="3 4" t="1"/>
		<b id="4" c="4 5" t="1"/>
		<b id="5" c="5 6" t="1"/>
		<b id="6" c="6 7" t="1"/>
		<b id="7" c="7 8" t="1"/>
		<b id="8" c="3 8" t="1"/>
		<b id="9" c="1 9" t="1"/>
		<b id="10" c="1 10" t="1"/>
		<b id="11" c="4 11" t="1"/>
		<b id="12" c="4 12" t="1"/>
		<b id="13" c="5 13" t="1"/>
		<b id="14" c="5 14" t="1"/>
		<b id="15" c="6 15" t="1"/>
		<b id="16" c="6 16" t="1"/>
		<b id="17" c="7 17" t="1"/>
		<b id="18" c="7 18" t="1"/>
		<b id="19" c="8 19" t="1"/>
		<b id="20" c="8 20" t="1"/>
	</bonds>
	<geometry>
		<g u="A" t="cart/3d">#20,3:1.1669,0.3150,-0.1174;2.5006,0.1178,0.0330;3.0359,-0.3210,1.0939;4.5348,-0.3926,1.1263;4.9926,-1.8121,1.4657;4.3711,-2.2686,2.7818;2.8495,-2.2239,2.6916;2.3654,-0.8111,2.3531;0.9172,0.2970,-1.0970;0.5342,-0.2224,0.4710;4.9071,0.2952,1.8913;4.9277,-0.0784,0.1597;6.0819,-1.8422,1.5336;4.6867,-2.4893,0.6651;4.7068,-1.6136,3.5896;4.6971,-3.2844,3.0162;2.4071,-2.5467,3.6374;2.5149,-2.9147,1.9130;2.6274,-0.1325,3.1703;1.2768,-0.8055,2.2604;</g>
	</geometry>
	<conformers/>
	<properties/>
</molecule>
