<?xml version="1.0" ?>
<!--MOLLI PACKAGE EXPERIMENTAL XML FORMAT-->
<molecule name="nuc1099">
	<atoms>
		<a id="1" s="C" t="C.3" l="C"/>
		<a id="2" s="C" t="C.3" l="C"/>
		<a id="3" s="C" t="C.3" l="C"/>
		<a id="4" s="N" t="N.3" l="N"/>
		<a id="5" s="C" t="C.ar" l="C"/>
		<a id="6" s="C" t="C.ar" l="C"/>
		<a id="7" s="C" t="C.ar" l="C"/>
		<a id="8" s="C" t="C.ar" l="C"/>
		<a id="9" s="C" t="C.ar" l="C"/>
		<a id="10" s="C" t="C.ar" l="C"/>
		<a id="11" s="H" t="H" l="H"/>
		<a id="12" s="H" t="H" l="H"/>
		<a id="13" s="H" t="H" l="H"/>
		<a id="14" s="H" t="H" l="H"/>
		<a id="15" s="H" t="H" l="H"/>
		<a id="16" s="H" t="H" l="H"/>
		<a id="17" s="H" t="H" l="H"/>
		<a id="18" s="H" t="H" l="H"/>
		<a id="19" s="H" t="H" l="H"/>
		<a id="20" s="H" t="H" l="H"/>
		<a id="21" s="H" t="H" l="H"/>
		<a id="22" s="H" t="H" l="H"/>
		<a id="23" s="H" t="H" l="H"/>
	</atoms>
	<bonds>
		<b id="1" c="1 2" t="1"/>
		<b id="2" c="2 3" t="1"/>
		<b id="3" c="3 4" t="1"/>
		<b id="4" c="3 5" t="1"/>
		<b id="5" c="5 6" t="ar"/>
		<b id="6" c="6 7" t="ar"/>
		<b id="7" c="7 8" t="ar"/>
		<b id="8" c="8 9" t="ar"/>
		<b id="9" c="9 10" t="ar"/>
		<b id="10" c="5 10" t="ar"/>
		<b id="11" c="1 11" t="1"/>
		<b id="12" c="1 12" t="1"/>
		<b id="13" c="1 13" t="1"/>
		<b id="14" c="2 14" t="1"/>
		<b id="15" c="2 15" t="1"/>
		<b id="16" c="3 16" t="1"/>
		<b id="17" c="4 17" t="1"/>
		<b id="18" c="4 18" t="1"/>
		<b id="19" c="6 19" t="1"/>
		<b id="20" c="7 20" t="1"/>
		<b id="21" c="8 21" t="1"/>
		<b id="22" c="9 22" t="1"/>
		<b id="23" c="10 23" t="1"/>
	</bonds>
	<geometry>
		<g u="A" t="cart/3d">#23,3:0.8800,0.1755,-0.2704;2.3943,0.0960,-0.1156;2.9318,1.0448,0.9802;2.5262,0.6978,2.3336;4.4403,1.1015,0.9043;5.0811,2.2715,0.5204;6.4608,2.3286,0.4317;7.2223,1.2123,0.7293;6.5942,0.0403,1.1128;5.2147,-0.0144,1.1967;0.5455,-0.4885,-1.0644;0.5759,1.1897,-0.5203;0.3735,-0.1183,0.6471;2.8699,0.3624,-1.0617;2.6853,-0.9295,0.1244;2.5349,2.0490,0.7866;2.8564,-0.2296,2.5773;1.5155,0.7010,2.4109;4.4930,3.1483,0.2899;6.9427,3.2477,0.1314;8.2996,1.2548,0.6627;7.1814,-0.8360,1.3463;4.7428,-0.9399,1.4943;</g>
	</geometry>
	<conformers/>
	<properties/>
</molecule>
