<?xml version="1.0" ?>
<!--MOLLI PACKAGE EXPERIMENTAL XML FORMAT-->
<molecule name="nuc1100">
	<atoms>
		<a id="1" s="C" t="C.3" l="C"/>
		<a id="2" s="C" t="C.3" l="C"/>
		<a id="3" s="N" t="N.3" l="N"/>
		<a id="4" s="C" t="C.3" l="C"/>
		<a id="5" s="C" t="C.3" l="C"/>
		<a id="6" s="C" t="C.3" l="C"/>
		<a id="7" s="C" t="C.3" l="C"/>
		<a id="8" s="C" t="C.3" l="C"/>
		<a id="9" s="C" t="C.3" l="C"/>
		<a id="10" s="H" t="H" l="H"/>
		<a id="11" s="H" t="H" l="H"/>
		<a id="12" s="H" t="H" l="H"/>
		<a id="13" s="H" t="H" l="H"/>
		<a id="14" s="H" t="H" l="H"/>
		<a id="15" s="H" t="H" l="H"/>
		<a id="16" s="H" t="H" l="H"/>
		<a id="17" s="H" t="H" l="H"/>
		<a id="18" s="H" t="H" l="H"/>
		<a id="19" s="H" t="H" l="H"/>
		<a id="20" s="H" t="H" l="H"/>
		<a id="21" s="H" t="H" l="H"/>
		<a id="22" s="H" t="H" l="H"/>
		<a id="23" s="H" t="H" l="H"/>
		<a id="24" s="H" t="H" l="H"/>
		<a id="25" s="H" t="H" l="H"/>
		<a id="26" s="H" t="H" l="H"/>
	</atoms>
	<bonds>
		<b id="1" c="2 4" t="1"/>
		<b id="2" c="4 5" t="1"/>
		<b id="3" c="5 6" t="1"/>
		<b id="4" c="6 7" t="1"/>
		<b id="5" c="7 8" t="1"/>
		<b id="6" c="8 9" t="1"/>
		<b id="7" c="4 9" t="1"/>
		<b id="8" c="2 3" t="1"/>
		<b id="9" c="2 1" t="1"/>
		<b id="10" c="1 10" t="1"/>
		<b id="11" c="1 11" t="1"/>
		<b id="12" c="1 12" t="1"/>
		<b id="13" c="2 13" t="1"/>
		<b id="14" c="3 14" t="1"/>
		<b id="15" c="3 15" t="1"/>
		<b id="16" c="4 16" t="1"/>
		<b id="17" c="5 17" t="1"/>
		<b id="18" c="5 18" t="1"/>
		<b id="19" c="6 19" t="1"/>
		<b id="20" c="6 20" t="1"/>
		<b id="21" c="7 21" t="1"/>
		<b id="22" c="7 22" t="1"/>
		<b id="23" c="8 23" t="1"/>
		<b id="24" c="8 24" t="1"/>
		<b id="25" c="9 25" t="1"/>
		<b id="26" c="9 26" t="1"/>
	</bonds>
	<geometry>
		<g u="A" t="cart/3d">#26,3:2.8758,1.2268,0.8859;2.4330,-0.0102,0.1065;1.0155,0.1218,-0.1845;2.8475,-1.3225,0.8234;2.6687,-2.5335,-0.0969;3.1621,-3.8102,0.5776;2.4165,-4.0436,1.8874;2.5838,-2.8404,2.8095;2.0874,-1.5676,2.1286;3.9477,1.2059,1.0629;2.3628,1.2857,1.8426;2.6286,2.1175,0.3151;2.9456,0.0003,-0.8654;0.4823,0.1641,0.6772;0.6840,-0.6694,-0.7240;3.9140,-1.2325,1.0596;3.2160,-2.3719,-1.0289;1.6111,-2.6538,-0.3477;4.2319,-3.7218,0.7807;3.0181,-4.6616,-0.0914;2.7923,-4.9449,2.3765;1.3545,-4.1954,1.6784;3.6398,-2.7248,3.0654;2.0311,-3.0019,3.7378;2.2179,-0.7219,2.8063;1.0192,-1.6738,1.9198;</g>
	</geometry>
	<conformers/>
	<properties/>
</molecule>
