<?xml version="1.0" ?>
<!--MOLLI PACKAGE EXPERIMENTAL XML FORMAT-->
<molecule name="nuc1101">
	<atoms>
		<a id="1" s="C" t="C.3" l="C"/>
		<a id="2" s="C" t="C.3" l="C"/>
		<a id="3" s="C" t="C.3" l="C"/>
		<a id="4" s="C" t="C.3" l="C"/>
		<a id="5" s="C" t="C.3" l="C"/>
		<a id="6" s="C" t="C.3" l="C"/>
		<a id="7" s="C" t="C.3" l="C"/>
		<a id="8" s="C" t="C.2" l="C"/>
		<a id="9" s="N" t="N.am" l="N"/>
		<a id="10" s="O" t="O.2" l="O"/>
		<a id="11" s="H" t="H" l="H"/>
		<a id="12" s="H" t="H" l="H"/>
		<a id="13" s="H" t="H" l="H"/>
		<a id="14" s="H" t="H" l="H"/>
		<a id="15" s="H" t="H" l="H"/>
		<a id="16" s="H" t="H" l="H"/>
		<a id="17" s="H" t="H" l="H"/>
		<a id="18" s="H" t="H" l="H"/>
		<a id="19" s="H" t="H" l="H"/>
		<a id="20" s="H" t="H" l="H"/>
		<a id="21" s="H" t="H" l="H"/>
		<a id="22" s="H" t="H" l="H"/>
		<a id="23" s="H" t="H" l="H"/>
		<a id="24" s="H" t="H" l="H"/>
		<a id="25" s="H" t="H" l="H"/>
		<a id="26" s="H" t="H" l="H"/>
		<a id="27" s="H" t="H" l="H"/>
	</atoms>
	<bonds>
		<b id="1" c="1 2" t="1"/>
		<b id="2" c="2 3" t="1"/>
		<b id="3" c="3 4" t="1"/>
		<b id="4" c="4 5" t="1"/>
		<b id="5" c="5 6" t="1"/>
		<b id="6" c="6 7" t="1"/>
		<b id="7" c="5 8" t="1"/>
		<b id="8" c="8 9" t="am"/>
		<b id="9" c="8 10" t="2"/>
		<b id="10" c="1 11" t="1"/>
		<b id="11" c="1 12" t="1"/>
		<b id="12" c="1 13" t="1"/>
		<b id="13" c="2 14" t="1"/>
		<b id="14" c="2 15" t="1"/>
		<b id="15" c="3 16" t="1"/>
		<b id="16" c="3 17" t="1"/>
		<b id="17" c="4 18" t="1"/>
		<b id="18" c="4 19" t="1"/>
		<b id="19" c="5 20" t="1"/>
		<b id="20" c="6 21" t="1"/>
		<b id="21" c="6 22" t="1"/>
		<b id="22" c="7 23" t="1"/>
		<b id="23" c="7 24" t="1"/>
		<b id="24" c="7 25" t="1"/>
		<b id="25" c="9 26" t="1"/>
		<b id="26" c="9 27" t="1"/>
	</bonds>
	<geometry>
		<g u="A" t="cart/3d">#27,3:0.9824,0.1958,0.0575;2.5022,0.0957,0.1060;2.9672,-1.2685,0.6108;4.4896,-1.3654,0.6380;5.0129,-2.6643,1.2578;4.5650,-3.9394,0.5184;4.9396,-3.9500,-0.9590;6.5378,-2.6344,1.2832;7.0860,-3.3994,2.2598;7.2227,-2.0102,0.5057;0.6742,1.1744,-0.3028;0.5576,0.0459,1.0480;0.5704,-0.5597,-0.6085;2.8966,0.8766,0.7600;2.9097,0.2660,-0.8929;2.5538,-2.0424,-0.0384;2.5732,-1.4328,1.6175;4.8877,-0.5327,1.2236;4.8927,-1.2651,-0.3694;4.6531,-2.7322,2.2917;3.4840,-4.0503,0.6240;5.0292,-4.8003,1.0084;4.3586,-3.2187,-1.5139;4.7456,-4.9318,-1.3859;5.9939,-3.7184,-1.0868;6.5291,-3.9295,2.9051;8.0886,-3.4635,2.3218;</g>
	</geometry>
	<conformers/>
	<properties/>
</molecule>
