<?xml version="1.0" ?>
<!--MOLLI PACKAGE EXPERIMENTAL XML FORMAT-->
<molecule name="nuc1110">
	<atoms>
		<a id="1" s="C" t="C.3" l="C"/>
		<a id="2" s="C" t="C.3" l="C"/>
		<a id="3" s="C" t="C.3" l="C"/>
		<a id="4" s="C" t="C.3" l="C"/>
		<a id="5" s="C" t="C.3" l="C"/>
		<a id="6" s="C" t="C.3" l="C"/>
		<a id="7" s="O" t="O.2" l="O"/>
		<a id="8" s="C" t="C.2" l="C"/>
		<a id="9" s="C" t="C.ar" l="C"/>
		<a id="10" s="C" t="C.ar" l="C"/>
		<a id="11" s="C" t="C.ar" l="C"/>
		<a id="12" s="C" t="C.ar" l="C"/>
		<a id="13" s="C" t="C.ar" l="C"/>
		<a id="14" s="C" t="C.ar" l="C"/>
		<a id="15" s="N" t="N.pl3" l="N"/>
		<a id="16" s="N" t="N.2" l="N"/>
		<a id="17" s="H" t="H" l="H"/>
		<a id="18" s="H" t="H" l="H"/>
		<a id="19" s="H" t="H" l="H"/>
		<a id="20" s="H" t="H" l="H"/>
		<a id="21" s="H" t="H" l="H"/>
		<a id="22" s="H" t="H" l="H"/>
		<a id="23" s="H" t="H" l="H"/>
		<a id="24" s="H" t="H" l="H"/>
		<a id="25" s="H" t="H" l="H"/>
		<a id="26" s="H" t="H" l="H"/>
		<a id="27" s="H" t="H" l="H"/>
		<a id="28" s="H" t="H" l="H"/>
		<a id="29" s="H" t="H" l="H"/>
		<a id="30" s="H" t="H" l="H"/>
		<a id="31" s="H" t="H" l="H"/>
		<a id="32" s="H" t="H" l="H"/>
		<a id="33" s="H" t="H" l="H"/>
		<a id="34" s="H" t="H" l="H"/>
	</atoms>
	<bonds>
		<b id="1" c="1 2" t="1"/>
		<b id="2" c="2 3" t="1"/>
		<b id="3" c="2 4" t="1"/>
		<b id="4" c="2 5" t="1"/>
		<b id="5" c="5 6" t="1"/>
		<b id="6" c="6 7" t="1"/>
		<b id="7" c="7 8" t="1"/>
		<b id="8" c="8 9" t="1"/>
		<b id="9" c="9 10" t="ar"/>
		<b id="10" c="10 11" t="ar"/>
		<b id="11" c="11 12" t="ar"/>
		<b id="12" c="12 13" t="ar"/>
		<b id="13" c="13 14" t="ar"/>
		<b id="14" c="9 14" t="ar"/>
		<b id="15" c="14 15" t="1"/>
		<b id="16" c="8 16" t="2"/>
		<b id="17" c="5 16" t="1"/>
		<b id="18" c="1 17" t="1"/>
		<b id="19" c="1 18" t="1"/>
		<b id="20" c="1 19" t="1"/>
		<b id="21" c="3 20" t="1"/>
		<b id="22" c="3 21" t="1"/>
		<b id="23" c="3 22" t="1"/>
		<b id="24" c="4 23" t="1"/>
		<b id="25" c="4 24" t="1"/>
		<b id="26" c="4 25" t="1"/>
		<b id="27" c="5 26" t="1"/>
		<b id="28" c="6 27" t="1"/>
		<b id="29" c="6 28" t="1"/>
		<b id="30" c="10 29" t="1"/>
		<b id="31" c="11 30" t="1"/>
		<b id="32" c="12 31" t="1"/>
		<b id="33" c="13 32" t="1"/>
		<b id="34" c="15 33" t="1"/>
		<b id="35" c="15 34" t="1"/>
	</bonds>
	<geometry>
		<g u="A" t="cart/3d">#34,3:2.6655,-0.7927,1.4611;2.4518,-0.0740,0.1279;0.9603,-0.0021,-0.2049;3.0123,1.3473,0.2331;3.2068,-0.7946,-1.0132;2.7746,-2.2577,-1.2985;3.9578,-3.0220,-1.1247;4.9435,-2.1530,-0.7792;6.2664,-2.6928,-0.5416;6.4943,-4.0556,-0.7388;7.7435,-4.6037,-0.5470;8.7948,-3.7849,-0.1502;8.5927,-2.4389,0.0536;7.3308,-1.8587,-0.1314;7.1245,-0.5432,0.1252;4.6142,-0.9221,-0.7092;2.1612,-0.2526,2.2591;3.7274,-0.8428,1.6917;2.2708,-1.8060,1.4369;0.4402,0.5765,0.5551;0.5113,-0.9916,-0.2431;0.8061,0.4802,-1.1679;2.5300,1.8837,1.0470;2.8413,1.8958,-0.6906;4.0816,1.3126,0.4210;3.1045,-0.1798,-1.9172;2.4143,-2.3952,-2.3216;2.0194,-2.6291,-0.6017;5.6665,-4.6725,-1.0528;7.9062,-5.6584,-0.7069;9.7787,-4.2060,-0.0021;9.4122,-1.8051,0.3628;7.9199,0.0646,0.2102;6.2287,-0.1731,-0.1722;</g>
	</geometry>
	<conformers/>
	<properties/>
</molecule>
