<?xml version="1.0" ?>
<!--MOLLI PACKAGE EXPERIMENTAL XML FORMAT-->
<molecule name="nuc1112">
	<atoms>
		<a id="1" s="N" t="N.pl3" l="N"/>
		<a id="2" s="C" t="C.ar" l="C"/>
		<a id="3" s="C" t="C.ar" l="C"/>
		<a id="4" s="C" t="C.ar" l="C"/>
		<a id="5" s="N" t="N.pl3" l="N"/>
		<a id="6" s="C" t="C.ar" l="C"/>
		<a id="7" s="C" t="C.ar" l="C"/>
		<a id="8" s="C" t="C.ar" l="C"/>
		<a id="9" s="C" t="C.ar" l="C"/>
		<a id="10" s="C" t="C.ar" l="C"/>
		<a id="11" s="C" t="C.ar" l="C"/>
		<a id="12" s="N" t="N.ar" l="N"/>
		<a id="13" s="C" t="C.ar" l="C"/>
		<a id="14" s="N" t="N.pl3" l="N"/>
		<a id="15" s="C" t="C.3" l="C"/>
		<a id="16" s="C" t="C.3" l="C"/>
		<a id="17" s="C" t="C.3" l="C"/>
		<a id="18" s="C" t="C.3" l="C"/>
		<a id="19" s="C" t="C.3" l="C"/>
		<a id="20" s="N" t="N.ar" l="N"/>
		<a id="21" s="H" t="H" l="H"/>
		<a id="22" s="H" t="H" l="H"/>
		<a id="23" s="H" t="H" l="H"/>
		<a id="24" s="H" t="H" l="H"/>
		<a id="25" s="H" t="H" l="H"/>
		<a id="26" s="H" t="H" l="H"/>
		<a id="27" s="H" t="H" l="H"/>
		<a id="28" s="H" t="H" l="H"/>
		<a id="29" s="H" t="H" l="H"/>
		<a id="30" s="H" t="H" l="H"/>
		<a id="31" s="H" t="H" l="H"/>
		<a id="32" s="H" t="H" l="H"/>
		<a id="33" s="H" t="H" l="H"/>
		<a id="34" s="H" t="H" l="H"/>
		<a id="35" s="H" t="H" l="H"/>
		<a id="36" s="H" t="H" l="H"/>
		<a id="37" s="H" t="H" l="H"/>
		<a id="38" s="H" t="H" l="H"/>
		<a id="39" s="H" t="H" l="H"/>
	</atoms>
	<bonds>
		<b id="1" c="1 2" t="1"/>
		<b id="2" c="2 3" t="ar"/>
		<b id="3" c="3 4" t="ar"/>
		<b id="4" c="4 5" t="1"/>
		<b id="5" c="5 6" t="1"/>
		<b id="6" c="6 7" t="ar"/>
		<b id="7" c="7 8" t="ar"/>
		<b id="8" c="8 9" t="ar"/>
		<b id="9" c="9 10" t="ar"/>
		<b id="10" c="10 11" t="ar"/>
		<b id="11" c="6 11" t="ar"/>
		<b id="12" c="4 12" t="ar"/>
		<b id="13" c="12 13" t="ar"/>
		<b id="14" c="13 14" t="1"/>
		<b id="15" c="14 15" t="1"/>
		<b id="16" c="15 16" t="1"/>
		<b id="17" c="16 17" t="1"/>
		<b id="18" c="17 18" t="1"/>
		<b id="19" c="18 19" t="1"/>
		<b id="20" c="14 19" t="1"/>
		<b id="21" c="13 20" t="ar"/>
		<b id="22" c="2 20" t="ar"/>
		<b id="23" c="1 21" t="1"/>
		<b id="24" c="1 22" t="1"/>
		<b id="25" c="3 23" t="1"/>
		<b id="26" c="5 24" t="1"/>
		<b id="27" c="7 25" t="1"/>
		<b id="28" c="8 26" t="1"/>
		<b id="29" c="9 27" t="1"/>
		<b id="30" c="10 28" t="1"/>
		<b id="31" c="11 29" t="1"/>
		<b id="32" c="15 30" t="1"/>
		<b id="33" c="15 31" t="1"/>
		<b id="34" c="16 32" t="1"/>
		<b id="35" c="16 33" t="1"/>
		<b id="36" c="17 34" t="1"/>
		<b id="37" c="17 35" t="1"/>
		<b id="38" c="18 36" t="1"/>
		<b id="39" c="18 37" t="1"/>
		<b id="40" c="19 38" t="1"/>
		<b id="41" c="19 39" t="1"/>
	</bonds>
	<geometry>
		<g u="A" t="cart/3d">#39,3:2.2013,-0.1282,0.8343;0.9068,-0.1102,0.3928;0.1800,1.0739,0.3044;-1.1480,0.9589,-0.1129;-1.8948,2.1042,-0.2194;-3.1847,2.3093,-0.6797;-3.7660,3.5602,-0.4593;-5.0413,3.8316,-0.9127;-5.7607,2.8647,-1.5955;-5.1848,1.6263,-1.8249;-3.9082,1.3451,-1.3776;-1.6964,-0.2203,-0.3878;-0.9194,-1.3004,-0.2513;-1.4662,-2.4982,-0.5537;-2.8865,-2.6639,-0.7415;-3.5116,-3.3434,0.4792;-2.8129,-4.6733,0.7505;-1.3135,-4.4419,0.9216;-0.7528,-3.7286,-0.3107;0.3659,-1.2931,0.1117;2.7331,0.7219,0.7615;2.6993,-0.9879,0.6756;0.6242,2.0273,0.5413;-1.4369,2.9319,0.1364;-3.2087,4.3206,0.0720;-5.4761,4.8040,-0.7314;-6.7584,3.0775,-1.9488;-5.7344,0.8689,-2.3651;-3.4515,0.3888,-1.5628;-3.0477,-3.2837,-1.6321;-3.3276,-1.6817,-0.8994;-4.5777,-3.4985,0.3060;-3.3972,-2.6865,1.3437;-2.9820,-5.3503,-0.0910;-3.2271,-5.1412,1.6460;-0.7938,-5.3907,1.0644;-1.1369,-3.8182,1.8000;-0.8668,-4.3718,-1.1920;0.2995,-3.4830,-0.1736;</g>
	</geometry>
	<conformers/>
	<properties/>
</molecule>
