<?xml version="1.0" ?>
<!--MOLLI PACKAGE EXPERIMENTAL XML FORMAT-->
<molecule name="nuc1113">
	<atoms>
		<a id="1" s="C" t="C.3" l="C"/>
		<a id="2" s="O" t="O.3" l="O"/>
		<a id="3" s="C" t="C.ar" l="C"/>
		<a id="4" s="C" t="C.ar" l="C"/>
		<a id="5" s="C" t="C.ar" l="C"/>
		<a id="6" s="C" t="C.3" l="C"/>
		<a id="7" s="C" t="C.3" l="C"/>
		<a id="8" s="C" t="C.3" l="C"/>
		<a id="9" s="N" t="N.3" l="N"/>
		<a id="10" s="C" t="C.ar" l="C"/>
		<a id="11" s="C" t="C.ar" l="C"/>
		<a id="12" s="O" t="O.3" l="O"/>
		<a id="13" s="C" t="C.3" l="C"/>
		<a id="14" s="C" t="C.ar" l="C"/>
		<a id="15" s="H" t="H" l="H"/>
		<a id="16" s="H" t="H" l="H"/>
		<a id="17" s="H" t="H" l="H"/>
		<a id="18" s="H" t="H" l="H"/>
		<a id="19" s="H" t="H" l="H"/>
		<a id="20" s="H" t="H" l="H"/>
		<a id="21" s="H" t="H" l="H"/>
		<a id="22" s="H" t="H" l="H"/>
		<a id="23" s="H" t="H" l="H"/>
		<a id="24" s="H" t="H" l="H"/>
		<a id="25" s="H" t="H" l="H"/>
		<a id="26" s="H" t="H" l="H"/>
		<a id="27" s="H" t="H" l="H"/>
		<a id="28" s="H" t="H" l="H"/>
		<a id="29" s="H" t="H" l="H"/>
		<a id="30" s="H" t="H" l="H"/>
		<a id="31" s="H" t="H" l="H"/>
	</atoms>
	<bonds>
		<b id="1" c="1 2" t="1"/>
		<b id="2" c="2 3" t="1"/>
		<b id="3" c="3 4" t="ar"/>
		<b id="4" c="4 5" t="ar"/>
		<b id="5" c="5 6" t="1"/>
		<b id="6" c="7 9" t="1"/>
		<b id="7" c="5 10" t="ar"/>
		<b id="8" c="10 11" t="ar"/>
		<b id="9" c="11 12" t="1"/>
		<b id="10" c="12 13" t="1"/>
		<b id="11" c="11 14" t="ar"/>
		<b id="12" c="3 14" t="ar"/>
		<b id="13" c="7 8" t="1"/>
		<b id="14" c="7 6" t="1"/>
		<b id="15" c="1 15" t="1"/>
		<b id="16" c="1 16" t="1"/>
		<b id="17" c="1 17" t="1"/>
		<b id="18" c="4 18" t="1"/>
		<b id="19" c="6 19" t="1"/>
		<b id="20" c="6 20" t="1"/>
		<b id="21" c="7 21" t="1"/>
		<b id="22" c="8 22" t="1"/>
		<b id="23" c="8 23" t="1"/>
		<b id="24" c="8 24" t="1"/>
		<b id="25" c="9 25" t="1"/>
		<b id="26" c="9 26" t="1"/>
		<b id="27" c="10 27" t="1"/>
		<b id="28" c="13 28" t="1"/>
		<b id="29" c="13 29" t="1"/>
		<b id="30" c="13 30" t="1"/>
		<b id="31" c="14 31" t="1"/>
	</bonds>
	<geometry>
		<g u="A" t="cart/3d">#31,3:-3.1936,0.7207,4.4044;-3.2419,-0.5879,3.8921;-2.0674,-1.2336,3.6453;-0.8048,-0.6919,3.8565;0.3286,-1.4407,3.5692;1.6853,-0.8702,3.8609;2.0265,-0.9981,5.3679;3.3964,-0.3894,5.6526;2.0112,-2.3647,5.8553;0.2065,-2.7322,3.0756;-1.0550,-3.2778,2.8578;-1.2864,-4.5305,2.3713;-0.1842,-5.3381,2.0410;-2.1861,-2.5258,3.1465;-4.2311,1.0268,4.5284;-2.6955,1.4068,3.7116;-2.6890,0.7552,5.3755;-0.6817,0.3086,4.2396;1.7159,0.1854,3.5869;2.4485,-1.3970,3.2830;1.2650,-0.4551,5.9407;4.1633,-0.8944,5.0685;3.6341,-0.5057,6.7061;3.4070,0.6677,5.4009;2.7008,-2.9191,5.3573;1.1012,-2.7843,5.6957;1.1000,-3.2961,2.8570;-0.6037,-6.2685,1.6613;0.4354,-5.5552,2.9178;0.4346,-4.8785,1.2631;-3.1634,-2.9458,2.9798;</g>
	</geometry>
	<conformers/>
	<properties/>
</molecule>
