<?xml version="1.0" ?>
<!--MOLLI PACKAGE EXPERIMENTAL XML FORMAT-->
<molecule name="nuc1117">
	<atoms>
		<a id="1" s="C" t="C.3" l="C"/>
		<a id="2" s="C" t="C.3" l="C"/>
		<a id="3" s="C" t="C.3" l="C"/>
		<a id="4" s="C" t="C.3" l="C"/>
		<a id="5" s="C" t="C.3" l="C"/>
		<a id="6" s="C" t="C.3" l="C"/>
		<a id="7" s="C" t="C.ar" l="C"/>
		<a id="8" s="C" t="C.ar" l="C"/>
		<a id="9" s="C" t="C.ar" l="C"/>
		<a id="10" s="C" t="C.ar" l="C"/>
		<a id="11" s="N" t="N.am" l="N"/>
		<a id="12" s="N" t="N.3" l="N"/>
		<a id="13" s="C" t="C.2" l="C"/>
		<a id="14" s="O" t="O.2" l="O"/>
		<a id="15" s="O" t="O.3" l="O"/>
		<a id="16" s="C" t="C.3" l="C"/>
		<a id="17" s="C" t="C.ar" l="C"/>
		<a id="18" s="C" t="C.ar" l="C"/>
		<a id="19" s="C" t="C.ar" l="C"/>
		<a id="20" s="C" t="C.ar" l="C"/>
		<a id="21" s="C" t="C.ar" l="C"/>
		<a id="22" s="C" t="C.ar" l="C"/>
		<a id="23" s="C" t="C.ar" l="C"/>
		<a id="24" s="C" t="C.ar" l="C"/>
		<a id="25" s="H" t="H" l="H"/>
		<a id="26" s="H" t="H" l="H"/>
		<a id="27" s="H" t="H" l="H"/>
		<a id="28" s="H" t="H" l="H"/>
		<a id="29" s="H" t="H" l="H"/>
		<a id="30" s="H" t="H" l="H"/>
		<a id="31" s="H" t="H" l="H"/>
		<a id="32" s="H" t="H" l="H"/>
		<a id="33" s="H" t="H" l="H"/>
		<a id="34" s="H" t="H" l="H"/>
		<a id="35" s="H" t="H" l="H"/>
		<a id="36" s="H" t="H" l="H"/>
		<a id="37" s="H" t="H" l="H"/>
		<a id="38" s="H" t="H" l="H"/>
		<a id="39" s="H" t="H" l="H"/>
		<a id="40" s="H" t="H" l="H"/>
		<a id="41" s="H" t="H" l="H"/>
		<a id="42" s="H" t="H" l="H"/>
		<a id="43" s="H" t="H" l="H"/>
		<a id="44" s="H" t="H" l="H"/>
		<a id="45" s="H" t="H" l="H"/>
		<a id="46" s="H" t="H" l="H"/>
		<a id="47" s="H" t="H" l="H"/>
		<a id="48" s="H" t="H" l="H"/>
		<a id="49" s="H" t="H" l="H"/>
		<a id="50" s="H" t="H" l="H"/>
	</atoms>
	<bonds>
		<b id="1" c="1 2" t="1"/>
		<b id="2" c="2 3" t="1"/>
		<b id="3" c="3 4" t="1"/>
		<b id="4" c="4 5" t="1"/>
		<b id="5" c="5 6" t="1"/>
		<b id="6" c="6 7" t="1"/>
		<b id="7" c="7 8" t="ar"/>
		<b id="8" c="8 9" t="ar"/>
		<b id="9" c="9 10" t="ar"/>
		<b id="10" c="10 11" t="1"/>
		<b id="11" c="11 12" t="1"/>
		<b id="12" c="11 13" t="am"/>
		<b id="13" c="13 14" t="2"/>
		<b id="14" c="13 15" t="1"/>
		<b id="15" c="15 16" t="1"/>
		<b id="16" c="16 17" t="1"/>
		<b id="17" c="17 18" t="ar"/>
		<b id="18" c="18 19" t="ar"/>
		<b id="19" c="19 20" t="ar"/>
		<b id="20" c="20 21" t="ar"/>
		<b id="21" c="21 22" t="ar"/>
		<b id="22" c="17 22" t="ar"/>
		<b id="23" c="10 23" t="ar"/>
		<b id="24" c="23 24" t="ar"/>
		<b id="25" c="7 24" t="ar"/>
		<b id="26" c="1 25" t="1"/>
		<b id="27" c="1 26" t="1"/>
		<b id="28" c="1 27" t="1"/>
		<b id="29" c="2 28" t="1"/>
		<b id="30" c="2 29" t="1"/>
		<b id="31" c="3 30" t="1"/>
		<b id="32" c="3 31" t="1"/>
		<b id="33" c="4 32" t="1"/>
		<b id="34" c="4 33" t="1"/>
		<b id="35" c="5 34" t="1"/>
		<b id="36" c="5 35" t="1"/>
		<b id="37" c="6 36" t="1"/>
		<b id="38" c="6 37" t="1"/>
		<b id="39" c="8 38" t="1"/>
		<b id="40" c="9 39" t="1"/>
		<b id="41" c="12 40" t="1"/>
		<b id="42" c="12 41" t="1"/>
		<b id="43" c="16 42" t="1"/>
		<b id="44" c="16 43" t="1"/>
		<b id="45" c="18 44" t="1"/>
		<b id="46" c="19 45" t="1"/>
		<b id="47" c="20 46" t="1"/>
		<b id="48" c="21 47" t="1"/>
		<b id="49" c="22 48" t="1"/>
		<b id="50" c="23 49" t="1"/>
		<b id="51" c="24 50" t="1"/>
	</bonds>
	<geometry>
		<g u="A" t="cart/3d">#50,3:1.1034,-0.7262,-0.6205;2.5320,-0.2838,-0.3302;3.0548,0.6874,-1.3858;4.4937,1.1149,-1.1073;5.0145,2.0904,-2.1584;6.4686,2.4988,-1.8925;6.9290,3.4729,-2.9361;6.7354,4.8391,-2.7722;7.1004,5.7415,-3.7512;7.6594,5.2882,-4.9428;8.0561,6.1871,-5.9583;9.0842,5.8271,-6.8460;7.4059,7.3646,-6.2172;6.4713,7.7886,-5.5827;7.9283,7.9593,-7.2994;7.3959,9.2415,-7.6412;8.2538,10.3394,-7.0695;9.1439,11.0383,-7.8727;9.9526,12.0210,-7.3288;9.8858,12.3056,-5.9755;9.0032,11.6082,-5.1683;8.1887,10.6314,-5.7123;7.8700,3.9217,-5.1100;7.5056,3.0311,-4.1181;0.7599,-1.4323,0.1323;1.0445,-1.2071,-1.5947;0.4313,0.1295,-0.6209;3.1827,-1.1609,-0.2946;2.5706,0.1956,0.6505;2.4133,1.5712,-1.4133;3.0033,0.2127,-2.3686;5.1344,0.2299,-1.0865;4.5467,1.5831,-0.1213;4.3897,2.9862,-2.1690;4.9486,1.6324,-3.1482;7.0993,1.6074,-1.9058;6.5375,2.9518,-0.9014;6.2981,5.2060,-1.8550;6.9392,6.7949,-3.6027;8.7546,5.1720,-7.5518;9.8513,5.4125,-6.3258;6.3727,9.3114,-7.2552;7.3903,9.2756,-8.7329;9.2022,10.8127,-8.9278;10.6394,12.5631,-7.9618;10.5204,13.0697,-5.5508;8.9479,11.8273,-4.1120;7.4965,10.0878,-5.0868;8.3074,3.5381,-6.0211;7.6717,1.9743,-4.2713;</g>
	</geometry>
	<conformers/>
	<properties/>
</molecule>
