<?xml version="1.0" ?>
<!--MOLLI PACKAGE EXPERIMENTAL XML FORMAT-->
<molecule name="nuc1118">
	<atoms>
		<a id="1" s="C" t="C.3" l="C"/>
		<a id="2" s="O" t="O.3" l="O"/>
		<a id="3" s="C" t="C.2" l="C"/>
		<a id="4" s="O" t="O.2" l="O"/>
		<a id="5" s="C" t="C.ar" l="C"/>
		<a id="6" s="C" t="C.ar" l="C"/>
		<a id="7" s="C" t="C.ar" l="C"/>
		<a id="8" s="C" t="C.ar" l="C"/>
		<a id="9" s="N" t="N.am" l="N"/>
		<a id="10" s="N" t="N.3" l="N"/>
		<a id="11" s="C" t="C.2" l="C"/>
		<a id="12" s="O" t="O.2" l="O"/>
		<a id="13" s="O" t="O.3" l="O"/>
		<a id="14" s="C" t="C.3" l="C"/>
		<a id="15" s="C" t="C.ar" l="C"/>
		<a id="16" s="C" t="C.ar" l="C"/>
		<a id="17" s="C" t="C.ar" l="C"/>
		<a id="18" s="C" t="C.ar" l="C"/>
		<a id="19" s="C" t="C.ar" l="C"/>
		<a id="20" s="C" t="C.ar" l="C"/>
		<a id="21" s="C" t="C.ar" l="C"/>
		<a id="22" s="C" t="C.ar" l="C"/>
		<a id="23" s="H" t="H" l="H"/>
		<a id="24" s="H" t="H" l="H"/>
		<a id="25" s="H" t="H" l="H"/>
		<a id="26" s="H" t="H" l="H"/>
		<a id="27" s="H" t="H" l="H"/>
		<a id="28" s="H" t="H" l="H"/>
		<a id="29" s="H" t="H" l="H"/>
		<a id="30" s="H" t="H" l="H"/>
		<a id="31" s="H" t="H" l="H"/>
		<a id="32" s="H" t="H" l="H"/>
		<a id="33" s="H" t="H" l="H"/>
		<a id="34" s="H" t="H" l="H"/>
		<a id="35" s="H" t="H" l="H"/>
		<a id="36" s="H" t="H" l="H"/>
		<a id="37" s="H" t="H" l="H"/>
		<a id="38" s="H" t="H" l="H"/>
	</atoms>
	<bonds>
		<b id="1" c="1 2" t="1"/>
		<b id="2" c="2 3" t="1"/>
		<b id="3" c="3 4" t="2"/>
		<b id="4" c="3 5" t="1"/>
		<b id="5" c="5 6" t="ar"/>
		<b id="6" c="6 7" t="ar"/>
		<b id="7" c="7 8" t="ar"/>
		<b id="8" c="8 9" t="1"/>
		<b id="9" c="9 10" t="1"/>
		<b id="10" c="9 11" t="am"/>
		<b id="11" c="11 12" t="2"/>
		<b id="12" c="11 13" t="1"/>
		<b id="13" c="13 14" t="1"/>
		<b id="14" c="14 15" t="1"/>
		<b id="15" c="15 16" t="ar"/>
		<b id="16" c="16 17" t="ar"/>
		<b id="17" c="17 18" t="ar"/>
		<b id="18" c="18 19" t="ar"/>
		<b id="19" c="19 20" t="ar"/>
		<b id="20" c="15 20" t="ar"/>
		<b id="21" c="8 21" t="ar"/>
		<b id="22" c="21 22" t="ar"/>
		<b id="23" c="5 22" t="ar"/>
		<b id="24" c="1 23" t="1"/>
		<b id="25" c="1 24" t="1"/>
		<b id="26" c="1 25" t="1"/>
		<b id="27" c="6 26" t="1"/>
		<b id="28" c="7 27" t="1"/>
		<b id="29" c="10 28" t="1"/>
		<b id="30" c="10 29" t="1"/>
		<b id="31" c="14 30" t="1"/>
		<b id="32" c="14 31" t="1"/>
		<b id="33" c="16 32" t="1"/>
		<b id="34" c="17 33" t="1"/>
		<b id="35" c="18 34" t="1"/>
		<b id="36" c="19 35" t="1"/>
		<b id="37" c="20 36" t="1"/>
		<b id="38" c="21 37" t="1"/>
		<b id="39" c="22 38" t="1"/>
	</bonds>
	<geometry>
		<g u="A" t="cart/3d">#38,3:1.4564,2.1830,0.9283;2.8640,2.1549,0.7554;3.3352,1.1634,-0.0227;2.6175,0.3476,-0.5486;4.8076,1.1900,-0.1479;5.4365,0.1911,-0.8898;6.8072,0.1641,-1.0270;7.5915,1.1419,-0.4116;8.9917,1.1544,-0.5318;9.7078,2.3314,-0.2612;9.7580,0.0304,-0.7620;9.3222,-1.0631,-1.0199;11.0540,0.3233,-0.6158;11.9861,-0.7373,-0.8501;12.6000,-0.6165,-2.2197;13.8864,-0.1203,-2.3787;14.4369,0.0024,-3.6425;13.7017,-0.3610,-4.7577;12.4145,-0.8488,-4.6060;11.8656,-0.9780,-3.3426;6.9585,2.1529,0.3180;5.5863,2.1745,0.4522;1.2450,3.0341,1.5707;1.1121,1.2564,1.3928;0.9571,2.2960,-0.0364;4.8249,-0.5635,-1.3601;7.2765,-0.6184,-1.5963;9.7780,2.5113,0.7377;9.2683,3.1182,-0.7281;11.4621,-1.6942,-0.7459;12.7463,-0.6384,-0.0716;14.4596,0.1672,-1.5092;15.4408,0.3841,-3.7570;14.1318,-0.2645,-5.7437;11.8382,-1.1331,-5.4739;10.8638,-1.3629,-3.2203;7.5358,2.9254,0.8053;5.1133,2.9542,1.0281;</g>
	</geometry>
	<conformers/>
	<properties/>
</molecule>
