<?xml version="1.0" ?>
<!--MOLLI PACKAGE EXPERIMENTAL XML FORMAT-->
<molecule name="nuc1120">
	<atoms>
		<a id="1" s="N" t="N.pl3" l="N"/>
		<a id="2" s="C" t="C.ar" l="C"/>
		<a id="3" s="C" t="C.ar" l="C"/>
		<a id="4" s="C" t="C.ar" l="C"/>
		<a id="5" s="C" t="C.ar" l="C"/>
		<a id="6" s="C" t="C.ar" l="C"/>
		<a id="7" s="C" t="C.ar" l="C"/>
		<a id="8" s="C" t="C.ar" l="C"/>
		<a id="9" s="C" t="C.ar" l="C"/>
		<a id="10" s="C" t="C.ar" l="C"/>
		<a id="11" s="C" t="C.ar" l="C"/>
		<a id="12" s="C" t="C.ar" l="C"/>
		<a id="13" s="C" t="C.ar" l="C"/>
		<a id="14" s="C" t="C.ar" l="C"/>
		<a id="15" s="C" t="C.ar" l="C"/>
		<a id="16" s="C" t="C.ar" l="C"/>
		<a id="17" s="C" t="C.ar" l="C"/>
		<a id="18" s="H" t="H" l="H"/>
		<a id="19" s="H" t="H" l="H"/>
		<a id="20" s="H" t="H" l="H"/>
		<a id="21" s="H" t="H" l="H"/>
		<a id="22" s="H" t="H" l="H"/>
		<a id="23" s="H" t="H" l="H"/>
		<a id="24" s="H" t="H" l="H"/>
		<a id="25" s="H" t="H" l="H"/>
		<a id="26" s="H" t="H" l="H"/>
		<a id="27" s="H" t="H" l="H"/>
		<a id="28" s="H" t="H" l="H"/>
	</atoms>
	<bonds>
		<b id="1" c="1 2" t="1"/>
		<b id="2" c="2 3" t="ar"/>
		<b id="3" c="3 4" t="ar"/>
		<b id="4" c="4 5" t="ar"/>
		<b id="5" c="5 6" t="ar"/>
		<b id="6" c="6 7" t="ar"/>
		<b id="7" c="7 8" t="ar"/>
		<b id="8" c="8 9" t="ar"/>
		<b id="9" c="9 10" t="ar"/>
		<b id="10" c="10 11" t="ar"/>
		<b id="11" c="11 12" t="ar"/>
		<b id="12" c="12 13" t="ar"/>
		<b id="13" c="13 14" t="ar"/>
		<b id="14" c="14 15" t="ar"/>
		<b id="15" c="2 15" t="ar"/>
		<b id="16" c="15 16" t="ar"/>
		<b id="17" c="5 16" t="ar"/>
		<b id="18" c="16 17" t="ar"/>
		<b id="19" c="8 17" t="ar"/>
		<b id="20" c="12 17" t="ar"/>
		<b id="21" c="1 18" t="1"/>
		<b id="22" c="1 19" t="1"/>
		<b id="23" c="3 20" t="1"/>
		<b id="24" c="4 21" t="1"/>
		<b id="25" c="6 22" t="1"/>
		<b id="26" c="7 23" t="1"/>
		<b id="27" c="9 24" t="1"/>
		<b id="28" c="10 25" t="1"/>
		<b id="29" c="11 26" t="1"/>
		<b id="30" c="13 27" t="1"/>
		<b id="31" c="14 28" t="1"/>
	</bonds>
	<geometry>
		<g u="A" t="cart/3d">#28,3:1.1604,0.0385,0.0092;2.5350,0.0311,-0.0570;3.2011,-1.1967,-0.0548;4.5741,-1.2702,-0.0641;5.3539,-0.1117,-0.0795;6.7758,-0.1598,-0.0979;7.5179,0.9717,-0.1093;6.8983,2.2549,-0.1024;7.6432,3.4357,-0.1109;7.0173,4.6683,-0.1036;5.6380,4.7550,-0.0873;4.8533,3.6004,-0.0780;3.4311,3.6501,-0.0567;2.6869,2.5190,-0.0471;3.2872,1.2267,-0.0600;4.7033,1.1471,-0.0761;5.4825,2.3314,-0.0860;0.7018,-0.8301,-0.2109;0.6779,0.8627,-0.3049;2.6122,-2.1039,-0.0469;5.0609,-2.2350,-0.0654;7.2501,-1.1315,-0.1022;8.5977,0.9267,-0.1233;8.7224,3.3759,-0.1227;7.6113,5.5712,-0.1098;5.1538,5.7213,-0.0809;2.9546,4.6204,-0.0453;1.6096,2.6026,-0.0169;</g>
	</geometry>
	<conformers/>
	<properties/>
</molecule>
