<?xml version="1.0" ?>
<!--MOLLI PACKAGE EXPERIMENTAL XML FORMAT-->
<molecule name="nuc1125">
	<atoms>
		<a id="1" s="C" t="C.3" l="C"/>
		<a id="2" s="C" t="C.ar" l="C"/>
		<a id="3" s="C" t="C.ar" l="C"/>
		<a id="4" s="C" t="C.ar" l="C"/>
		<a id="5" s="C" t="C.ar" l="C"/>
		<a id="6" s="N" t="N.ar" l="N"/>
		<a id="7" s="N" t="N.ar" l="N"/>
		<a id="8" s="C" t="C.ar" l="C"/>
		<a id="9" s="C" t="C.3" l="C"/>
		<a id="10" s="N" t="N.3" l="N"/>
		<a id="11" s="N" t="N.ar" l="N"/>
		<a id="12" s="N" t="N.ar" l="N"/>
		<a id="13" s="H" t="H" l="H"/>
		<a id="14" s="H" t="H" l="H"/>
		<a id="15" s="H" t="H" l="H"/>
		<a id="16" s="H" t="H" l="H"/>
		<a id="17" s="H" t="H" l="H"/>
		<a id="18" s="H" t="H" l="H"/>
		<a id="19" s="H" t="H" l="H"/>
		<a id="20" s="H" t="H" l="H"/>
		<a id="21" s="H" t="H" l="H"/>
	</atoms>
	<bonds>
		<b id="1" c="1 2" t="1"/>
		<b id="2" c="2 3" t="ar"/>
		<b id="3" c="3 4" t="ar"/>
		<b id="4" c="4 5" t="ar"/>
		<b id="5" c="5 6" t="ar"/>
		<b id="6" c="6 7" t="ar"/>
		<b id="7" c="7 8" t="ar"/>
		<b id="8" c="8 9" t="1"/>
		<b id="9" c="9 10" t="1"/>
		<b id="10" c="8 11" t="ar"/>
		<b id="11" c="5 11" t="ar"/>
		<b id="12" c="11 12" t="ar"/>
		<b id="13" c="2 12" t="ar"/>
		<b id="14" c="1 13" t="1"/>
		<b id="15" c="1 14" t="1"/>
		<b id="16" c="1 15" t="1"/>
		<b id="17" c="3 16" t="1"/>
		<b id="18" c="4 17" t="1"/>
		<b id="19" c="9 18" t="1"/>
		<b id="20" c="9 19" t="1"/>
		<b id="21" c="10 20" t="1"/>
		<b id="22" c="10 21" t="1"/>
	</bonds>
	<geometry>
		<g u="A" t="cart/3d">#21,3:1.1640,-0.1335,0.0878;2.6548,-0.0319,0.0819;3.3020,1.2392,0.0888;4.6626,1.3177,0.0796;5.3785,0.1077,0.0663;6.6584,-0.1932,0.0509;6.7633,-1.5168,0.0390;5.5684,-2.0599,0.0476;5.2602,-3.5136,0.0578;5.8594,-4.1285,1.2344;4.6354,-1.0725,0.0650;3.3125,-1.1547,0.0684;0.7075,0.8516,0.0907;0.8358,-0.6849,0.9663;0.8270,-0.6841,-0.7880;2.6966,2.1315,0.0996;5.2012,2.2510,0.0822;5.6174,-3.9481,-0.8932;4.1741,-3.6378,0.1116;6.8405,-3.8732,1.2829;5.7977,-5.1388,1.1707;</g>
	</geometry>
	<conformers/>
	<properties/>
</molecule>
