<?xml version="1.0" ?>
<!--MOLLI PACKAGE EXPERIMENTAL XML FORMAT-->
<molecule name="nuc1127">
	<atoms>
		<a id="1" s="C" t="C.3" l="C"/>
		<a id="2" s="C" t="C.3" l="C"/>
		<a id="3" s="O" t="O.3" l="O"/>
		<a id="4" s="C" t="C.ar" l="C"/>
		<a id="5" s="C" t="C.ar" l="C"/>
		<a id="6" s="C" t="C.ar" l="C"/>
		<a id="7" s="C" t="C.ar" l="C"/>
		<a id="8" s="N" t="N.ar" l="N"/>
		<a id="9" s="N" t="N.ar" l="N"/>
		<a id="10" s="C" t="C.ar" l="C"/>
		<a id="11" s="C" t="C.3" l="C"/>
		<a id="12" s="N" t="N.3" l="N"/>
		<a id="13" s="N" t="N.ar" l="N"/>
		<a id="14" s="N" t="N.ar" l="N"/>
		<a id="15" s="H" t="H" l="H"/>
		<a id="16" s="H" t="H" l="H"/>
		<a id="17" s="H" t="H" l="H"/>
		<a id="18" s="H" t="H" l="H"/>
		<a id="19" s="H" t="H" l="H"/>
		<a id="20" s="H" t="H" l="H"/>
		<a id="21" s="H" t="H" l="H"/>
		<a id="22" s="H" t="H" l="H"/>
		<a id="23" s="H" t="H" l="H"/>
		<a id="24" s="H" t="H" l="H"/>
		<a id="25" s="H" t="H" l="H"/>
	</atoms>
	<bonds>
		<b id="1" c="1 2" t="1"/>
		<b id="2" c="2 3" t="1"/>
		<b id="3" c="3 4" t="1"/>
		<b id="4" c="4 5" t="ar"/>
		<b id="5" c="5 6" t="ar"/>
		<b id="6" c="6 7" t="ar"/>
		<b id="7" c="7 8" t="ar"/>
		<b id="8" c="8 9" t="ar"/>
		<b id="9" c="9 10" t="ar"/>
		<b id="10" c="10 11" t="1"/>
		<b id="11" c="11 12" t="1"/>
		<b id="12" c="10 13" t="ar"/>
		<b id="13" c="7 13" t="ar"/>
		<b id="14" c="13 14" t="ar"/>
		<b id="15" c="4 14" t="ar"/>
		<b id="16" c="1 15" t="1"/>
		<b id="17" c="1 16" t="1"/>
		<b id="18" c="1 17" t="1"/>
		<b id="19" c="2 18" t="1"/>
		<b id="20" c="2 19" t="1"/>
		<b id="21" c="5 20" t="1"/>
		<b id="22" c="6 21" t="1"/>
		<b id="23" c="11 22" t="1"/>
		<b id="24" c="11 23" t="1"/>
		<b id="25" c="12 24" t="1"/>
		<b id="26" c="12 25" t="1"/>
	</bonds>
	<geometry>
		<g u="A" t="cart/3d">#25,3:1.0425,1.1048,-0.5485;2.4122,1.3136,-1.1679;3.2444,0.2243,-0.7767;4.5001,0.2421,-1.2143;5.3342,-0.8566,-0.8195;6.6270,-0.8953,-1.2311;7.0856,0.1654,-2.0401;8.2445,0.4434,-2.5974;8.1143,1.5877,-3.2556;6.8872,2.0389,-3.1230;6.3390,3.2841,-3.7217;6.4318,3.2080,-5.1733;6.1805,1.1717,-2.3557;4.9081,1.2313,-1.9595;0.3816,1.9153,-0.8407;1.1214,1.0823,0.5351;0.6204,0.1619,-0.8850;2.8672,2.2502,-0.8256;2.3565,1.3440,-2.2620;4.8968,-1.6207,-0.1997;7.3051,-1.6900,-0.9686;6.8878,4.1414,-3.2927;5.2843,3.3692,-3.4423;7.3782,2.9522,-5.4351;6.2223,4.1113,-5.5844;</g>
	</geometry>
	<conformers/>
	<properties/>
</molecule>
