<?xml version="1.0" ?>
<!--MOLLI PACKAGE EXPERIMENTAL XML FORMAT-->
<molecule name="nuc1134">
	<atoms>
		<a id="1" s="C" t="C.3" l="C"/>
		<a id="2" s="C" t="C.ar" l="C"/>
		<a id="3" s="C" t="C.ar" l="C"/>
		<a id="4" s="C" t="C.ar" l="C"/>
		<a id="5" s="C" t="C.3" l="C"/>
		<a id="6" s="C" t="C.ar" l="C"/>
		<a id="7" s="C" t="C.ar" l="C"/>
		<a id="8" s="C" t="C.ar" l="C"/>
		<a id="9" s="C" t="C.ar" l="C"/>
		<a id="10" s="C" t="C.ar" l="C"/>
		<a id="11" s="C" t="C.ar" l="C"/>
		<a id="12" s="C" t="C.ar" l="C"/>
		<a id="13" s="C" t="C.ar" l="C"/>
		<a id="14" s="N" t="N.pl3" l="N"/>
		<a id="15" s="C" t="C.3" l="C"/>
		<a id="16" s="C" t="C.ar" l="C"/>
		<a id="17" s="C" t="C.ar" l="C"/>
		<a id="18" s="C" t="C.ar" l="C"/>
		<a id="19" s="C" t="C.ar" l="C"/>
		<a id="20" s="C" t="C.ar" l="C"/>
		<a id="21" s="C" t="C.ar" l="C"/>
		<a id="22" s="C" t="C.3" l="C"/>
		<a id="23" s="N" t="N.3" l="N"/>
		<a id="24" s="C" t="C.ar" l="C"/>
		<a id="25" s="C" t="C.ar" l="C"/>
		<a id="26" s="C" t="C.ar" l="C"/>
		<a id="27" s="C" t="C.ar" l="C"/>
		<a id="28" s="C" t="C.ar" l="C"/>
		<a id="29" s="C" t="C.ar" l="C"/>
		<a id="30" s="C" t="C.ar" l="C"/>
		<a id="31" s="H" t="H" l="H"/>
		<a id="32" s="H" t="H" l="H"/>
		<a id="33" s="H" t="H" l="H"/>
		<a id="34" s="H" t="H" l="H"/>
		<a id="35" s="H" t="H" l="H"/>
		<a id="36" s="H" t="H" l="H"/>
		<a id="37" s="H" t="H" l="H"/>
		<a id="38" s="H" t="H" l="H"/>
		<a id="39" s="H" t="H" l="H"/>
		<a id="40" s="H" t="H" l="H"/>
		<a id="41" s="H" t="H" l="H"/>
		<a id="42" s="H" t="H" l="H"/>
		<a id="43" s="H" t="H" l="H"/>
		<a id="44" s="H" t="H" l="H"/>
		<a id="45" s="H" t="H" l="H"/>
		<a id="46" s="H" t="H" l="H"/>
		<a id="47" s="H" t="H" l="H"/>
		<a id="48" s="H" t="H" l="H"/>
		<a id="49" s="H" t="H" l="H"/>
		<a id="50" s="H" t="H" l="H"/>
		<a id="51" s="H" t="H" l="H"/>
		<a id="52" s="H" t="H" l="H"/>
		<a id="53" s="H" t="H" l="H"/>
		<a id="54" s="H" t="H" l="H"/>
		<a id="55" s="H" t="H" l="H"/>
		<a id="56" s="H" t="H" l="H"/>
		<a id="57" s="H" t="H" l="H"/>
		<a id="58" s="H" t="H" l="H"/>
	</atoms>
	<bonds>
		<b id="1" c="1 2" t="1"/>
		<b id="2" c="2 3" t="ar"/>
		<b id="3" c="3 4" t="ar"/>
		<b id="4" c="4 5" t="1"/>
		<b id="5" c="4 6" t="ar"/>
		<b id="6" c="6 7" t="ar"/>
		<b id="7" c="7 8" t="1"/>
		<b id="8" c="8 9" t="ar"/>
		<b id="9" c="9 10" t="ar"/>
		<b id="10" c="10 11" t="ar"/>
		<b id="11" c="11 12" t="ar"/>
		<b id="12" c="12 13" t="ar"/>
		<b id="13" c="8 13" t="ar"/>
		<b id="14" c="13 14" t="1"/>
		<b id="15" c="14 15" t="1"/>
		<b id="16" c="15 16" t="1"/>
		<b id="17" c="16 17" t="ar"/>
		<b id="18" c="17 18" t="ar"/>
		<b id="19" c="18 19" t="ar"/>
		<b id="20" c="19 20" t="ar"/>
		<b id="21" c="20 21" t="ar"/>
		<b id="22" c="16 21" t="ar"/>
		<b id="23" c="15 22" t="1"/>
		<b id="24" c="22 23" t="1"/>
		<b id="25" c="22 24" t="1"/>
		<b id="26" c="24 25" t="ar"/>
		<b id="27" c="25 26" t="ar"/>
		<b id="28" c="26 27" t="ar"/>
		<b id="29" c="27 28" t="ar"/>
		<b id="30" c="28 29" t="ar"/>
		<b id="31" c="24 29" t="ar"/>
		<b id="32" c="7 30" t="ar"/>
		<b id="33" c="2 30" t="ar"/>
		<b id="34" c="1 31" t="1"/>
		<b id="35" c="1 32" t="1"/>
		<b id="36" c="1 33" t="1"/>
		<b id="37" c="3 34" t="1"/>
		<b id="38" c="5 35" t="1"/>
		<b id="39" c="5 36" t="1"/>
		<b id="40" c="5 37" t="1"/>
		<b id="41" c="6 38" t="1"/>
		<b id="42" c="9 39" t="1"/>
		<b id="43" c="10 40" t="1"/>
		<b id="44" c="11 41" t="1"/>
		<b id="45" c="12 42" t="1"/>
		<b id="46" c="14 43" t="1"/>
		<b id="47" c="15 44" t="1"/>
		<b id="48" c="17 45" t="1"/>
		<b id="49" c="18 46" t="1"/>
		<b id="50" c="19 47" t="1"/>
		<b id="51" c="20 48" t="1"/>
		<b id="52" c="21 49" t="1"/>
		<b id="53" c="22 50" t="1"/>
		<b id="54" c="23 51" t="1"/>
		<b id="55" c="23 52" t="1"/>
		<b id="56" c="25 53" t="1"/>
		<b id="57" c="26 54" t="1"/>
		<b id="58" c="27 55" t="1"/>
		<b id="59" c="28 56" t="1"/>
		<b id="60" c="29 57" t="1"/>
		<b id="61" c="30 58" t="1"/>
	</bonds>
	<geometry>
		<g u="A" t="cart/3d">#58,3:-3.3346,0.5964,0.8300;-1.9624,0.0047,0.9491;-0.9002,0.7783,1.4027;0.3819,0.2570,1.4993;1.5130,1.0905,2.0236;0.6024,-1.0586,1.1134;-0.4392,-1.8441,0.6335;-0.2024,-3.2395,0.2141;0.3741,-4.1186,1.1223;0.5376,-5.4596,0.8280;0.1129,-5.9402,-0.3989;-0.4324,-5.0757,-1.3263;-0.5847,-3.7156,-1.0520;-1.1668,-2.8921,-2.0093;-0.5668,-1.6290,-2.3851;0.4339,-1.7297,-3.5108;0.2168,-2.5275,-4.6286;1.1313,-2.5507,-5.6658;2.2748,-1.7732,-5.6070;2.5038,-0.9778,-4.4979;1.5908,-0.9595,-3.4586;-1.6944,-0.5923,-2.7395;-1.2119,0.7738,-2.7538;-2.3622,-0.9769,-4.0335;-3.4130,-1.8880,-4.0050;-4.0053,-2.3238,-5.1762;-3.5595,-1.8477,-6.3977;-2.5242,-0.9306,-6.4359;-1.9267,-0.5007,-5.2638;-1.7227,-1.3079,0.5755;-3.5264,1.2992,1.6380;-4.0952,-0.1805,0.8493;-3.4242,1.1366,-0.1139;-1.0793,1.8054,1.6900;1.2783,2.1507,1.9612;2.4282,0.8972,1.4668;1.7015,0.8454,3.0693;1.5996,-1.4738,1.1647;0.6688,-3.7387,2.0903;0.9801,-6.1255,1.5532;0.2194,-6.9877,-0.6401;-0.7467,-5.4504,-2.2917;-1.4783,-3.4151,-2.8180;-0.0512,-1.2327,-1.5059;-0.6734,-3.1354,-4.7041;0.9455,-3.1759,-6.5267;2.9858,-1.7898,-6.4197;3.3964,-0.3717,-4.4399;1.7818,-0.3436,-2.5896;-2.4337,-0.6624,-1.9351;-0.4182,0.8667,-3.3791;-0.9044,1.0378,-1.8236;-3.7666,-2.2586,-3.0533;-4.8182,-3.0347,-5.1361;-4.0204,-2.1868,-7.3139;-2.1741,-0.5502,-7.3844;-1.1207,0.2145,-5.3142;-2.5339,-1.9311,0.2288;</g>
	</geometry>
	<conformers/>
	<properties/>
</molecule>
