<?xml version="1.0" ?>
<!--MOLLI PACKAGE EXPERIMENTAL XML FORMAT-->
<molecule name="nuc1135">
	<atoms>
		<a id="1" s="C" t="C.3" l="C"/>
		<a id="2" s="C" t="C.3" l="C"/>
		<a id="3" s="O" t="O.3" l="O"/>
		<a id="4" s="C" t="C.2" l="C"/>
		<a id="5" s="N" t="N.am" l="N"/>
		<a id="6" s="O" t="O.2" l="O"/>
		<a id="7" s="H" t="H" l="H"/>
		<a id="8" s="H" t="H" l="H"/>
		<a id="9" s="H" t="H" l="H"/>
		<a id="10" s="H" t="H" l="H"/>
		<a id="11" s="H" t="H" l="H"/>
		<a id="12" s="H" t="H" l="H"/>
		<a id="13" s="H" t="H" l="H"/>
	</atoms>
	<bonds>
		<b id="1" c="1 2" t="1"/>
		<b id="2" c="2 3" t="1"/>
		<b id="3" c="3 4" t="1"/>
		<b id="4" c="4 5" t="am"/>
		<b id="5" c="4 6" t="2"/>
		<b id="6" c="1 7" t="1"/>
		<b id="7" c="1 8" t="1"/>
		<b id="8" c="1 9" t="1"/>
		<b id="9" c="2 10" t="1"/>
		<b id="10" c="2 11" t="1"/>
		<b id="11" c="5 12" t="1"/>
		<b id="12" c="5 13" t="1"/>
	</bonds>
	<geometry>
		<g u="A" t="cart/3d">#13,3:1.0073,-0.1131,-0.0318;2.5288,-0.0946,-0.0080;3.0550,-1.0997,0.8564;3.0924,-0.7916,2.1720;3.5739,-1.8385,2.8809;2.7555,0.2610,2.6467;0.6444,0.6194,-0.7471;0.6212,0.1349,0.9538;0.6467,-1.0988,-0.3167;2.8885,0.8844,0.3254;2.9417,-0.3272,-0.9923;3.8519,-2.6815,2.4136;3.6831,-1.7504,3.8741;</g>
	</geometry>
	<conformers/>
	<properties/>
</molecule>
