<?xml version="1.0" ?>
<!--MOLLI PACKAGE EXPERIMENTAL XML FORMAT-->
<molecule name="nuc1143">
	<atoms>
		<a id="1" s="C" t="C.3" l="C"/>
		<a id="2" s="N" t="N.am" l="N"/>
		<a id="3" s="C" t="C.3" l="C"/>
		<a id="4" s="C" t="C.2" l="C"/>
		<a id="5" s="N" t="N.am" l="N"/>
		<a id="6" s="O" t="O.2" l="O"/>
		<a id="7" s="H" t="H" l="H"/>
		<a id="8" s="H" t="H" l="H"/>
		<a id="9" s="H" t="H" l="H"/>
		<a id="10" s="H" t="H" l="H"/>
		<a id="11" s="H" t="H" l="H"/>
		<a id="12" s="H" t="H" l="H"/>
		<a id="13" s="H" t="H" l="H"/>
		<a id="14" s="H" t="H" l="H"/>
	</atoms>
	<bonds>
		<b id="1" c="1 2" t="1"/>
		<b id="2" c="2 3" t="1"/>
		<b id="3" c="2 4" t="am"/>
		<b id="4" c="4 5" t="am"/>
		<b id="5" c="4 6" t="2"/>
		<b id="6" c="1 7" t="1"/>
		<b id="7" c="1 8" t="1"/>
		<b id="8" c="1 9" t="1"/>
		<b id="9" c="3 10" t="1"/>
		<b id="10" c="3 11" t="1"/>
		<b id="11" c="3 12" t="1"/>
		<b id="12" c="5 13" t="1"/>
		<b id="13" c="5 14" t="1"/>
	</bonds>
	<geometry>
		<g u="A" t="cart/3d">#14,3:0.9785,-0.0280,-0.0385;2.4194,-0.0130,-0.0342;3.1685,-1.1121,-0.6072;3.1578,1.0033,0.5013;2.4562,2.0410,1.0504;4.3732,0.9918,0.4969;0.6309,-0.9419,-0.5154;0.5714,0.8196,-0.6005;0.5752,-0.0058,0.9797;2.4854,-1.8597,-1.0001;3.8090,-1.5676,0.1513;3.8127,-0.7497,-1.4113;1.4579,2.1073,1.0583;2.9972,2.7948,1.4324;</g>
	</geometry>
	<conformers/>
	<properties/>
</molecule>
