<?xml version="1.0" ?>
<!--MOLLI PACKAGE EXPERIMENTAL XML FORMAT-->
<molecule name="nuc997">
	<atoms>
		<a id="1" s="C" t="C.3" l="C"/>
		<a id="2" s="C" t="C.ar" l="C"/>
		<a id="3" s="S" t="S.2" l="S"/>
		<a id="4" s="C" t="C.ar" l="C"/>
		<a id="5" s="C" t="C.ar" l="C"/>
		<a id="6" s="N" t="N.pl3" l="N"/>
		<a id="7" s="C" t="C.ar" l="C"/>
		<a id="8" s="C" t="C.ar" l="C"/>
		<a id="9" s="C" t="C.ar" l="C"/>
		<a id="10" s="C" t="C.ar" l="C"/>
		<a id="11" s="C" t="C.ar" l="C"/>
		<a id="12" s="C" t="C.3" l="C"/>
		<a id="13" s="H" t="H" l="H"/>
		<a id="14" s="H" t="H" l="H"/>
		<a id="15" s="H" t="H" l="H"/>
		<a id="16" s="H" t="H" l="H"/>
		<a id="17" s="H" t="H" l="H"/>
		<a id="18" s="H" t="H" l="H"/>
		<a id="19" s="H" t="H" l="H"/>
		<a id="20" s="H" t="H" l="H"/>
		<a id="21" s="H" t="H" l="H"/>
		<a id="22" s="H" t="H" l="H"/>
		<a id="23" s="H" t="H" l="H"/>
	</atoms>
	<bonds>
		<b id="1" c="1 2" t="1"/>
		<b id="2" c="2 3" t="ar"/>
		<b id="3" c="3 4" t="ar"/>
		<b id="4" c="4 5" t="ar"/>
		<b id="5" c="5 6" t="1"/>
		<b id="6" c="5 7" t="ar"/>
		<b id="7" c="7 8" t="ar"/>
		<b id="8" c="8 9" t="ar"/>
		<b id="9" c="9 10" t="ar"/>
		<b id="10" c="4 10" t="ar"/>
		<b id="11" c="10 11" t="ar"/>
		<b id="12" c="2 11" t="ar"/>
		<b id="13" c="11 12" t="1"/>
		<b id="14" c="1 13" t="1"/>
		<b id="15" c="1 14" t="1"/>
		<b id="16" c="1 15" t="1"/>
		<b id="17" c="6 16" t="1"/>
		<b id="18" c="6 17" t="1"/>
		<b id="19" c="7 18" t="1"/>
		<b id="20" c="8 19" t="1"/>
		<b id="21" c="9 20" t="1"/>
		<b id="22" c="12 21" t="1"/>
		<b id="23" c="12 22" t="1"/>
		<b id="24" c="12 23" t="1"/>
	</bonds>
	<geometry>
		<g u="A" t="cart/3d">#23,3:0.8654,-0.1818,-0.0825;2.3507,-0.0828,-0.0703;3.1141,1.4850,-0.0324;4.6937,0.7435,-0.0389;5.9151,1.4207,-0.0314;5.9670,2.7945,0.0687;7.0674,0.6425,-0.0551;6.9954,-0.7451,-0.0778;5.7857,-1.4031,-0.0839;4.6045,-0.6572,-0.0664;3.2414,-1.1059,-0.0823;2.8174,-2.5391,-0.1125;0.4161,0.8077,-0.0862;0.5127,-0.7236,0.7960;0.5278,-0.7243,-0.9664;5.1299,3.2891,-0.1963;6.8269,3.2295,-0.2234;8.0293,1.1339,-0.0530;7.9135,-1.3141,-0.0951;5.7504,-2.4811,-0.1057;3.6809,-3.1966,-0.1088;2.2282,-2.7435,-1.0066;2.1989,-2.7719,0.7543;</g>
	</geometry>
	<conformers/>
	<properties/>
</molecule>
