<?xml version="1.0" ?>
<!--MOLLI PACKAGE EXPERIMENTAL XML FORMAT-->
<molecule name="nuc1154">
	<atoms>
		<a id="1" s="C" t="C.3" l="C"/>
		<a id="2" s="C" t="C.3" l="C"/>
		<a id="3" s="C" t="C.3" l="C"/>
		<a id="4" s="N" t="N.3" l="N"/>
		<a id="5" s="C" t="C.3" l="C"/>
		<a id="6" s="C" t="C.3" l="C"/>
		<a id="7" s="C" t="C.3" l="C"/>
		<a id="8" s="N" t="N.3" l="N"/>
		<a id="9" s="H" t="H" l="H"/>
		<a id="10" s="H" t="H" l="H"/>
		<a id="11" s="H" t="H" l="H"/>
		<a id="12" s="H" t="H" l="H"/>
		<a id="13" s="H" t="H" l="H"/>
		<a id="14" s="H" t="H" l="H"/>
		<a id="15" s="H" t="H" l="H"/>
		<a id="16" s="H" t="H" l="H"/>
		<a id="17" s="H" t="H" l="H"/>
		<a id="18" s="H" t="H" l="H"/>
		<a id="19" s="H" t="H" l="H"/>
		<a id="20" s="H" t="H" l="H"/>
		<a id="21" s="H" t="H" l="H"/>
		<a id="22" s="H" t="H" l="H"/>
		<a id="23" s="H" t="H" l="H"/>
		<a id="24" s="H" t="H" l="H"/>
	</atoms>
	<bonds>
		<b id="1" c="1 2" t="1"/>
		<b id="2" c="2 3" t="1"/>
		<b id="3" c="3 4" t="1"/>
		<b id="4" c="4 5" t="1"/>
		<b id="5" c="5 6" t="1"/>
		<b id="6" c="6 7" t="1"/>
		<b id="7" c="7 8" t="1"/>
		<b id="8" c="1 9" t="1"/>
		<b id="9" c="1 10" t="1"/>
		<b id="10" c="1 11" t="1"/>
		<b id="11" c="2 12" t="1"/>
		<b id="12" c="2 13" t="1"/>
		<b id="13" c="3 14" t="1"/>
		<b id="14" c="3 15" t="1"/>
		<b id="15" c="4 16" t="1"/>
		<b id="16" c="5 17" t="1"/>
		<b id="17" c="5 18" t="1"/>
		<b id="18" c="6 19" t="1"/>
		<b id="19" c="6 20" t="1"/>
		<b id="20" c="7 21" t="1"/>
		<b id="21" c="7 22" t="1"/>
		<b id="22" c="8 23" t="1"/>
		<b id="23" c="8 24" t="1"/>
	</bonds>
	<geometry>
		<g u="A" t="cart/3d">#24,3:1.0743,0.1197,0.0410;2.5946,0.0438,-0.0100;3.0757,-0.9484,-1.0641;4.5217,-0.9200,-1.1727;5.0446,-1.8901,-2.1150;6.5683,-1.8443,-2.1389;7.1523,-2.7706,-3.2021;8.6043,-2.7709,-3.1125;0.7528,0.8247,0.8039;0.6506,-0.8552,0.2737;0.6765,0.4448,-0.9176;2.9785,-0.2569,0.9680;3.0099,1.0255,-0.2428;2.6691,-0.6698,-2.0421;2.6936,-1.9583,-0.8221;4.9321,-1.0870,-0.2574;4.6523,-1.6295,-3.1040;4.7093,-2.9198,-1.8875;6.9652,-2.1403,-1.1663;6.8851,-0.8175,-2.3306;6.7764,-2.4645,-4.1942;6.8133,-3.7951,-3.0203;8.9636,-1.8393,-3.2957;9.0023,-3.3967,-3.8041;</g>
	</geometry>
	<conformers/>
	<properties/>
</molecule>
