<?xml version="1.0" ?>
<!--MOLLI PACKAGE EXPERIMENTAL XML FORMAT-->
<molecule name="nuc1158">
	<atoms>
		<a id="1" s="C" t="C.3" l="C"/>
		<a id="2" s="C" t="C.ar" l="C"/>
		<a id="3" s="C" t="C.ar" l="C"/>
		<a id="4" s="C" t="C.ar" l="C"/>
		<a id="5" s="C" t="C.3" l="C"/>
		<a id="6" s="O" t="O.3" l="O"/>
		<a id="7" s="Si" t="Si" l="SI"/>
		<a id="8" s="C" t="C.3" l="C"/>
		<a id="9" s="C" t="C.3" l="C"/>
		<a id="10" s="C" t="C.3" l="C"/>
		<a id="11" s="C" t="C.3" l="C"/>
		<a id="12" s="C" t="C.3" l="C"/>
		<a id="13" s="C" t="C.3" l="C"/>
		<a id="14" s="C" t="C.3" l="C"/>
		<a id="15" s="C" t="C.3" l="C"/>
		<a id="16" s="C" t="C.3" l="C"/>
		<a id="17" s="C" t="C.ar" l="C"/>
		<a id="18" s="C" t="C.ar" l="C"/>
		<a id="19" s="C" t="C.ar" l="C"/>
		<a id="20" s="N" t="N.pl3" l="N"/>
		<a id="21" s="H" t="H" l="H"/>
		<a id="22" s="H" t="H" l="H"/>
		<a id="23" s="H" t="H" l="H"/>
		<a id="24" s="H" t="H" l="H"/>
		<a id="25" s="H" t="H" l="H"/>
		<a id="26" s="H" t="H" l="H"/>
		<a id="27" s="H" t="H" l="H"/>
		<a id="28" s="H" t="H" l="H"/>
		<a id="29" s="H" t="H" l="H"/>
		<a id="30" s="H" t="H" l="H"/>
		<a id="31" s="H" t="H" l="H"/>
		<a id="32" s="H" t="H" l="H"/>
		<a id="33" s="H" t="H" l="H"/>
		<a id="34" s="H" t="H" l="H"/>
		<a id="35" s="H" t="H" l="H"/>
		<a id="36" s="H" t="H" l="H"/>
		<a id="37" s="H" t="H" l="H"/>
		<a id="38" s="H" t="H" l="H"/>
		<a id="39" s="H" t="H" l="H"/>
		<a id="40" s="H" t="H" l="H"/>
		<a id="41" s="H" t="H" l="H"/>
		<a id="42" s="H" t="H" l="H"/>
		<a id="43" s="H" t="H" l="H"/>
		<a id="44" s="H" t="H" l="H"/>
		<a id="45" s="H" t="H" l="H"/>
		<a id="46" s="H" t="H" l="H"/>
		<a id="47" s="H" t="H" l="H"/>
		<a id="48" s="H" t="H" l="H"/>
		<a id="49" s="H" t="H" l="H"/>
		<a id="50" s="H" t="H" l="H"/>
		<a id="51" s="H" t="H" l="H"/>
	</atoms>
	<bonds>
		<b id="1" c="1 2" t="1"/>
		<b id="2" c="2 3" t="ar"/>
		<b id="3" c="3 4" t="ar"/>
		<b id="4" c="4 5" t="1"/>
		<b id="5" c="5 6" t="1"/>
		<b id="6" c="6 7" t="1"/>
		<b id="7" c="7 8" t="1"/>
		<b id="8" c="8 9" t="1"/>
		<b id="9" c="8 10" t="1"/>
		<b id="10" c="7 11" t="1"/>
		<b id="11" c="11 12" t="1"/>
		<b id="12" c="11 13" t="1"/>
		<b id="13" c="7 14" t="1"/>
		<b id="14" c="14 15" t="1"/>
		<b id="15" c="14 16" t="1"/>
		<b id="16" c="4 17" t="ar"/>
		<b id="17" c="17 18" t="ar"/>
		<b id="18" c="18 19" t="ar"/>
		<b id="19" c="2 19" t="ar"/>
		<b id="20" c="19 20" t="1"/>
		<b id="21" c="1 21" t="1"/>
		<b id="22" c="1 22" t="1"/>
		<b id="23" c="1 23" t="1"/>
		<b id="24" c="3 24" t="1"/>
		<b id="25" c="5 25" t="1"/>
		<b id="26" c="5 26" t="1"/>
		<b id="27" c="8 27" t="1"/>
		<b id="28" c="9 28" t="1"/>
		<b id="29" c="9 29" t="1"/>
		<b id="30" c="9 30" t="1"/>
		<b id="31" c="10 31" t="1"/>
		<b id="32" c="10 32" t="1"/>
		<b id="33" c="10 33" t="1"/>
		<b id="34" c="11 34" t="1"/>
		<b id="35" c="12 35" t="1"/>
		<b id="36" c="12 36" t="1"/>
		<b id="37" c="12 37" t="1"/>
		<b id="38" c="13 38" t="1"/>
		<b id="39" c="13 39" t="1"/>
		<b id="40" c="13 40" t="1"/>
		<b id="41" c="14 41" t="1"/>
		<b id="42" c="15 42" t="1"/>
		<b id="43" c="15 43" t="1"/>
		<b id="44" c="15 44" t="1"/>
		<b id="45" c="16 45" t="1"/>
		<b id="46" c="16 46" t="1"/>
		<b id="47" c="16 47" t="1"/>
		<b id="48" c="17 48" t="1"/>
		<b id="49" c="18 49" t="1"/>
		<b id="50" c="20 50" t="1"/>
		<b id="51" c="20 51" t="1"/>
	</bonds>
	<geometry>
		<g u="A" t="cart/3d">#51,3:0.9627,1.2916,-2.0034;0.5899,1.4296,-0.5559;-0.5488,2.1227,-0.1844;-0.9202,2.2658,1.1445;-2.1625,3.0307,1.5225;-3.0727,3.0679,0.4581;-4.5196,3.8097,0.3090;-5.1414,3.0620,-1.3428;-4.2996,3.4867,-2.5433;-5.1764,1.5362,-1.2670;-5.6782,3.2839,1.7611;-5.4167,4.0748,3.0439;-7.1666,3.3533,1.4234;-4.3018,5.7261,0.3017;-3.0319,6.1620,-0.4313;-5.5110,6.4621,-0.2741;-0.1168,1.7021,2.1254;1.0251,1.0098,1.7773;1.3938,0.8587,0.4416;2.5772,0.2145,0.1187;0.2566,1.8310,-2.6288;0.9555,0.2439,-2.3105;1.9609,1.6908,-2.1819;-1.1773,2.5604,-0.9449;-1.8898,4.0566,1.8117;-2.6340,2.5572,2.3927;-6.1626,3.4138,-1.5168;-3.2571,3.2265,-2.3827;-4.3677,4.5583,-2.7093;-4.6430,2.9835,-3.4471;-4.1760,1.1515,-1.0880;-5.5475,1.1140,-2.2005;-5.8205,1.1983,-0.4596;-5.4429,2.2346,1.9756;-5.7205,5.1118,2.9217;-4.3622,4.0570,3.3097;-5.9839,3.6549,3.8743;-7.4674,4.3784,1.2222;-7.7645,2.9839,2.2560;-7.3965,2.7544,0.5470;-4.1902,6.0526,1.3421;-3.1065,5.9515,-1.4941;-2.1606,5.6388,-0.0461;-2.8704,7.2329,-0.3092;-5.6817,6.1702,-1.3073;-5.3527,7.5397,-0.2468;-6.4097,6.2361,0.2935;-0.3874,1.8019,3.1668;1.6468,0.5714,2.5455;2.9560,-0.3725,0.8454;2.6184,-0.1987,-0.7988;</g>
	</geometry>
	<conformers/>
	<properties/>
</molecule>
