<?xml version="1.0" ?>
<!--MOLLI PACKAGE EXPERIMENTAL XML FORMAT-->
<molecule name="nuc1161">
	<atoms>
		<a id="1" s="N" t="N.1" l="N"/>
		<a id="2" s="C" t="C.1" l="C"/>
		<a id="3" s="C" t="C.ar" l="C"/>
		<a id="4" s="C" t="C.ar" l="C"/>
		<a id="5" s="C" t="C.ar" l="C"/>
		<a id="6" s="C" t="C.ar" l="C"/>
		<a id="7" s="N" t="N.pl3" l="N"/>
		<a id="8" s="C" t="C.ar" l="C"/>
		<a id="9" s="C" t="C.ar" l="C"/>
		<a id="10" s="C" t="C.ar" l="C"/>
		<a id="11" s="C" t="C.ar" l="C"/>
		<a id="12" s="C" t="C.ar" l="C"/>
		<a id="13" s="S" t="S.2" l="S"/>
		<a id="14" s="C" t="C.ar" l="C"/>
		<a id="15" s="H" t="H" l="H"/>
		<a id="16" s="H" t="H" l="H"/>
		<a id="17" s="H" t="H" l="H"/>
		<a id="18" s="H" t="H" l="H"/>
		<a id="19" s="H" t="H" l="H"/>
		<a id="20" s="H" t="H" l="H"/>
		<a id="21" s="H" t="H" l="H"/>
		<a id="22" s="H" t="H" l="H"/>
	</atoms>
	<bonds>
		<b id="1" c="1 2" t="3"/>
		<b id="2" c="2 3" t="1"/>
		<b id="3" c="3 4" t="ar"/>
		<b id="4" c="4 5" t="ar"/>
		<b id="5" c="5 6" t="ar"/>
		<b id="6" c="6 7" t="1"/>
		<b id="7" c="6 8" t="ar"/>
		<b id="8" c="8 9" t="1"/>
		<b id="9" c="9 10" t="ar"/>
		<b id="10" c="10 11" t="ar"/>
		<b id="11" c="11 12" t="ar"/>
		<b id="12" c="12 13" t="ar"/>
		<b id="13" c="9 13" t="ar"/>
		<b id="14" c="8 14" t="ar"/>
		<b id="15" c="3 14" t="ar"/>
		<b id="16" c="4 15" t="1"/>
		<b id="17" c="5 16" t="1"/>
		<b id="18" c="7 17" t="1"/>
		<b id="19" c="7 18" t="1"/>
		<b id="20" c="10 19" t="1"/>
		<b id="21" c="11 20" t="1"/>
		<b id="22" c="12 21" t="1"/>
		<b id="23" c="14 22" t="1"/>
	</bonds>
	<geometry>
		<g u="A" t="cart/3d">#22,3:1.3162,-0.1403,0.3807;2.4552,-0.1273,0.2402;3.8543,-0.1113,0.0719;4.5563,1.0975,0.0793;5.9201,1.0912,-0.0834;6.6351,-0.1009,-0.2588;7.9947,-0.0550,-0.3229;5.9258,-1.3232,-0.2810;6.5710,-2.6168,-0.4675;6.2608,-3.7817,0.1738;7.0111,-4.8905,-0.2732;7.8829,-4.5703,-1.2601;7.8063,-2.9019,-1.6681;4.5477,-1.3050,-0.1121;4.0230,2.0268,0.2114;6.4685,2.0222,-0.0722;8.4314,0.8348,-0.4839;8.5069,-0.8737,-0.6004;5.5319,-3.8401,0.9622;6.9031,-5.8829,0.1262;8.5711,-5.2029,-1.7840;3.9992,-2.2350,-0.1410;</g>
	</geometry>
	<conformers/>
	<properties/>
</molecule>
