<?xml version="1.0" ?>
<!--MOLLI PACKAGE EXPERIMENTAL XML FORMAT-->
<molecule name="nuc1167">
	<atoms>
		<a id="1" s="N" t="N.1" l="N"/>
		<a id="2" s="C" t="C.1" l="C"/>
		<a id="3" s="C" t="C.ar" l="C"/>
		<a id="4" s="C" t="C.ar" l="C"/>
		<a id="5" s="C" t="C.ar" l="C"/>
		<a id="6" s="C" t="C.ar" l="C"/>
		<a id="7" s="N" t="N.pl3" l="N"/>
		<a id="8" s="C" t="C.ar" l="C"/>
		<a id="9" s="C" t="C.1" l="C"/>
		<a id="10" s="N" t="N.1" l="N"/>
		<a id="11" s="C" t="C.ar" l="C"/>
		<a id="12" s="H" t="H" l="H"/>
		<a id="13" s="H" t="H" l="H"/>
		<a id="14" s="H" t="H" l="H"/>
		<a id="15" s="H" t="H" l="H"/>
		<a id="16" s="H" t="H" l="H"/>
	</atoms>
	<bonds>
		<b id="1" c="1 2" t="3"/>
		<b id="2" c="2 3" t="1"/>
		<b id="3" c="3 4" t="ar"/>
		<b id="4" c="4 5" t="ar"/>
		<b id="5" c="5 6" t="ar"/>
		<b id="6" c="6 7" t="1"/>
		<b id="7" c="6 8" t="ar"/>
		<b id="8" c="8 9" t="1"/>
		<b id="9" c="9 10" t="3"/>
		<b id="10" c="8 11" t="ar"/>
		<b id="11" c="3 11" t="ar"/>
		<b id="12" c="4 12" t="1"/>
		<b id="13" c="5 13" t="1"/>
		<b id="14" c="7 14" t="1"/>
		<b id="15" c="7 15" t="1"/>
		<b id="16" c="11 16" t="1"/>
	</bonds>
	<geometry>
		<g u="A" t="cart/3d">#16,3:1.1366,0.0354,0.2728;2.2747,-0.0008,0.1367;3.6758,-0.0373,-0.0275;4.4067,1.1568,-0.0950;5.7710,1.1300,-0.2529;6.4635,-0.0847,-0.3489;7.8111,-0.1137,-0.4769;5.7182,-1.2850,-0.2834;6.3923,-2.5196,-0.3884;6.9696,-3.5072,-0.4816;4.3381,-1.2562,-0.1238;3.8859,2.0999,-0.0221;6.3300,2.0528,-0.3042;8.3220,0.7402,-0.6039;8.2857,-0.9889,-0.6122;3.7852,-2.1829,-0.0762;</g>
	</geometry>
	<conformers/>
	<properties/>
</molecule>
