<?xml version="1.0" ?>
<!--MOLLI PACKAGE EXPERIMENTAL XML FORMAT-->
<molecule name="nuc1171">
	<atoms>
		<a id="1" s="N" t="N.1" l="N"/>
		<a id="2" s="C" t="C.1" l="C"/>
		<a id="3" s="C" t="C.ar" l="C"/>
		<a id="4" s="C" t="C.ar" l="C"/>
		<a id="5" s="C" t="C.ar" l="C"/>
		<a id="6" s="C" t="C.ar" l="C"/>
		<a id="7" s="N" t="N.pl3" l="N"/>
		<a id="8" s="C" t="C.ar" l="C"/>
		<a id="9" s="N" t="N.pl3" l="N"/>
		<a id="10" s="O" t="O.2" l="O"/>
		<a id="11" s="O" t="O.co2" l="O"/>
		<a id="12" s="C" t="C.ar" l="C"/>
		<a id="13" s="H" t="H" l="H"/>
		<a id="14" s="H" t="H" l="H"/>
		<a id="15" s="H" t="H" l="H"/>
		<a id="16" s="H" t="H" l="H"/>
		<a id="17" s="H" t="H" l="H"/>
	</atoms>
	<bonds>
		<b id="1" c="1 2" t="3"/>
		<b id="2" c="2 3" t="1"/>
		<b id="3" c="3 4" t="ar"/>
		<b id="4" c="4 5" t="ar"/>
		<b id="5" c="5 6" t="ar"/>
		<b id="6" c="6 7" t="1"/>
		<b id="7" c="6 8" t="ar"/>
		<b id="8" c="8 9" t="1"/>
		<b id="9" c="9 10" t="2"/>
		<b id="10" c="9 11" t="1"/>
		<b id="11" c="8 12" t="ar"/>
		<b id="12" c="3 12" t="ar"/>
		<b id="13" c="4 13" t="1"/>
		<b id="14" c="5 14" t="1"/>
		<b id="15" c="7 15" t="1"/>
		<b id="16" c="7 16" t="1"/>
		<b id="17" c="12 17" t="1"/>
	</bonds>
	<geometry>
		<g u="A" t="cart/3d">#17,3:1.2352,-0.0495,0.3892;2.3728,-0.0858,0.2550;3.7756,-0.1076,0.0898;4.4954,1.1008,0.0402;5.8524,1.0876,-0.1219;6.5796,-0.1174,-0.2445;7.9089,-0.0805,-0.4042;5.8407,-1.3269,-0.1898;6.4619,-2.6037,-0.2966;7.6774,-2.6575,-0.4481;5.7587,-3.5903,-0.2333;4.4558,-1.3057,-0.0250;3.9639,2.0360,0.1312;6.4026,2.0161,-0.1599;8.3872,0.8029,-0.4304;8.4156,-0.9533,-0.4883;3.9279,-2.2473,0.0110;</g>
	</geometry>
	<conformers/>
	<properties/>
</molecule>
