<?xml version="1.0" ?>
<!--MOLLI PACKAGE EXPERIMENTAL XML FORMAT-->
<molecule name="nuc1174">
	<atoms>
		<a id="1" s="C" t="C.3" l="C"/>
		<a id="2" s="C" t="C.ar" l="C"/>
		<a id="3" s="N" t="N.ar" l="N"/>
		<a id="4" s="N" t="N.ar" l="N"/>
		<a id="5" s="C" t="C.ar" l="C"/>
		<a id="6" s="N" t="N.pl3" l="N"/>
		<a id="7" s="O" t="O.2" l="O"/>
		<a id="8" s="H" t="H" l="H"/>
		<a id="9" s="H" t="H" l="H"/>
		<a id="10" s="H" t="H" l="H"/>
		<a id="11" s="H" t="H" l="H"/>
		<a id="12" s="H" t="H" l="H"/>
	</atoms>
	<bonds>
		<b id="1" c="1 2" t="1"/>
		<b id="2" c="2 3" t="ar"/>
		<b id="3" c="3 4" t="ar"/>
		<b id="4" c="4 5" t="ar"/>
		<b id="5" c="5 6" t="1"/>
		<b id="6" c="5 7" t="ar"/>
		<b id="7" c="2 7" t="ar"/>
		<b id="8" c="1 8" t="1"/>
		<b id="9" c="1 9" t="1"/>
		<b id="10" c="1 10" t="1"/>
		<b id="11" c="6 11" t="1"/>
		<b id="12" c="6 12" t="1"/>
	</bonds>
	<geometry>
		<g u="A" t="cart/3d">#12,3:1.3208,0.1958,-0.0843;2.7799,-0.0284,-0.1001;3.4113,-1.1453,-0.0589;4.7418,-0.8735,-0.0927;4.8472,0.4162,-0.1572;5.9812,1.1456,-0.2842;3.6429,1.0365,-0.1615;0.8226,-0.7679,-0.0691;1.0185,0.7549,-0.9684;1.0379,0.7696,0.7971;6.8257,0.6549,-0.0442;5.9252,2.1128,-0.0107;</g>
	</geometry>
	<conformers/>
	<properties/>
</molecule>
