<?xml version="1.0" ?>
<!--MOLLI PACKAGE EXPERIMENTAL XML FORMAT-->
<molecule name="nuc1175">
	<atoms>
		<a id="1" s="C" t="C.3" l="C"/>
		<a id="2" s="C" t="C.3" l="C"/>
		<a id="3" s="C" t="C.3" l="C"/>
		<a id="4" s="C" t="C.2" l="C"/>
		<a id="5" s="O" t="O.2" l="O"/>
		<a id="6" s="N" t="N.am" l="N"/>
		<a id="7" s="C" t="C.ar" l="C"/>
		<a id="8" s="C" t="C.ar" l="C"/>
		<a id="9" s="C" t="C.ar" l="C"/>
		<a id="10" s="N" t="N.pl3" l="N"/>
		<a id="11" s="C" t="C.ar" l="C"/>
		<a id="12" s="C" t="C.ar" l="C"/>
		<a id="13" s="C" t="C.ar" l="C"/>
		<a id="14" s="H" t="H" l="H"/>
		<a id="15" s="H" t="H" l="H"/>
		<a id="16" s="H" t="H" l="H"/>
		<a id="17" s="H" t="H" l="H"/>
		<a id="18" s="H" t="H" l="H"/>
		<a id="19" s="H" t="H" l="H"/>
		<a id="20" s="H" t="H" l="H"/>
		<a id="21" s="H" t="H" l="H"/>
		<a id="22" s="H" t="H" l="H"/>
		<a id="23" s="H" t="H" l="H"/>
		<a id="24" s="H" t="H" l="H"/>
		<a id="25" s="H" t="H" l="H"/>
	</atoms>
	<bonds>
		<b id="1" c="1 2" t="1"/>
		<b id="2" c="2 3" t="1"/>
		<b id="3" c="2 4" t="1"/>
		<b id="4" c="4 5" t="2"/>
		<b id="5" c="4 6" t="am"/>
		<b id="6" c="6 7" t="1"/>
		<b id="7" c="7 8" t="ar"/>
		<b id="8" c="8 9" t="ar"/>
		<b id="9" c="9 10" t="1"/>
		<b id="10" c="9 11" t="ar"/>
		<b id="11" c="11 12" t="ar"/>
		<b id="12" c="12 13" t="ar"/>
		<b id="13" c="7 13" t="ar"/>
		<b id="14" c="2 13" t="1"/>
		<b id="15" c="1 14" t="1"/>
		<b id="16" c="1 15" t="1"/>
		<b id="17" c="1 16" t="1"/>
		<b id="18" c="3 17" t="1"/>
		<b id="19" c="3 18" t="1"/>
		<b id="20" c="3 19" t="1"/>
		<b id="21" c="6 20" t="1"/>
		<b id="22" c="8 21" t="1"/>
		<b id="23" c="10 22" t="1"/>
		<b id="24" c="10 23" t="1"/>
		<b id="25" c="11 24" t="1"/>
		<b id="26" c="12 25" t="1"/>
	</bonds>
	<geometry>
		<g u="A" t="cart/3d">#25,3:1.1094,0.0735,0.1177;2.6391,0.1157,0.0683;3.1322,0.1092,-1.3805;3.1979,-1.1112,0.8037;3.0234,-2.2731,0.5283;3.9462,-0.6568,1.8523;3.9722,0.7294,1.9192;4.6227,1.5331,2.8288;4.5002,2.9195,2.6866;5.0709,3.7601,3.6198;3.7412,3.4438,1.6384;3.0946,2.6175,0.7331;3.2089,1.2518,0.8718;0.7553,-0.8508,-0.3324;0.6928,0.9181,-0.4258;0.7617,0.1163,1.1479;2.8310,-0.8170,-1.8641;4.2173,0.1833,-1.4129;2.7091,0.9500,-1.9248;4.4210,-1.2680,2.4977;5.2085,1.1147,3.6338;5.8214,3.3782,4.1712;5.1982,4.7188,3.3409;3.6587,4.5162,1.5405;2.5140,3.0463,-0.0693;</g>
	</geometry>
	<conformers/>
	<properties/>
</molecule>
