<?xml version="1.0" ?>
<!--MOLLI PACKAGE EXPERIMENTAL XML FORMAT-->
<molecule name="nuc1177">
	<atoms>
		<a id="1" s="N" t="N.pl3" l="N"/>
		<a id="2" s="N" t="N.2" l="N"/>
		<a id="3" s="C" t="C.2" l="C"/>
		<a id="4" s="C" t="C.ar" l="C"/>
		<a id="5" s="C" t="C.ar" l="C"/>
		<a id="6" s="C" t="C.ar" l="C"/>
		<a id="7" s="C" t="C.ar" l="C"/>
		<a id="8" s="N" t="N.pl3" l="N"/>
		<a id="9" s="O" t="O.2" l="O"/>
		<a id="10" s="O" t="O.co2" l="O"/>
		<a id="11" s="C" t="C.ar" l="C"/>
		<a id="12" s="C" t="C.ar" l="C"/>
		<a id="13" s="H" t="H" l="H"/>
		<a id="14" s="H" t="H" l="H"/>
		<a id="15" s="H" t="H" l="H"/>
		<a id="16" s="H" t="H" l="H"/>
		<a id="17" s="H" t="H" l="H"/>
		<a id="18" s="H" t="H" l="H"/>
		<a id="19" s="H" t="H" l="H"/>
	</atoms>
	<bonds>
		<b id="1" c="1 2" t="1"/>
		<b id="2" c="2 3" t="2"/>
		<b id="3" c="3 4" t="1"/>
		<b id="4" c="4 5" t="ar"/>
		<b id="5" c="5 6" t="ar"/>
		<b id="6" c="6 7" t="ar"/>
		<b id="7" c="7 8" t="1"/>
		<b id="8" c="8 9" t="2"/>
		<b id="9" c="8 10" t="1"/>
		<b id="10" c="7 11" t="ar"/>
		<b id="11" c="11 12" t="ar"/>
		<b id="12" c="4 12" t="ar"/>
		<b id="13" c="1 13" t="1"/>
		<b id="14" c="1 14" t="1"/>
		<b id="15" c="3 15" t="1"/>
		<b id="16" c="5 16" t="1"/>
		<b id="17" c="6 17" t="1"/>
		<b id="18" c="11 18" t="1"/>
		<b id="19" c="12 19" t="1"/>
	</bonds>
	<geometry>
		<g u="A" t="cart/3d">#19,3:1.1213,-0.2001,-0.6592;2.4410,-0.2338,-0.6773;3.1219,0.8408,-0.7994;4.5601,0.8050,-0.8923;5.2565,-0.4109,-0.8561;6.6282,-0.4340,-0.9453;7.3277,0.7649,-1.0739;8.7574,0.7446,-1.1703;9.3144,-0.3345,-1.1234;9.3332,1.8082,-1.2923;6.6548,1.9829,-1.1106;5.2813,1.9985,-1.0192;0.6745,-1.0389,-0.3297;0.6279,0.6838,-0.5546;2.6388,1.8244,-0.8388;4.6909,-1.3231,-0.7583;7.1799,-1.3613,-0.9199;7.2238,2.8946,-1.2108;4.7526,2.9398,-1.0470;</g>
	</geometry>
	<conformers/>
	<properties/>
</molecule>
