<?xml version="1.0" ?>
<!--MOLLI PACKAGE EXPERIMENTAL XML FORMAT-->
<molecule name="nuc1180">
	<atoms>
		<a id="1" s="C" t="C.2" l="C"/>
		<a id="2" s="C" t="C.2" l="C"/>
		<a id="3" s="C" t="C.3" l="C"/>
		<a id="4" s="N" t="N.3" l="N"/>
		<a id="5" s="C" t="C.3" l="C"/>
		<a id="6" s="C" t="C.ar" l="C"/>
		<a id="7" s="C" t="C.ar" l="C"/>
		<a id="8" s="C" t="C.ar" l="C"/>
		<a id="9" s="C" t="C.ar" l="C"/>
		<a id="10" s="C" t="C.ar" l="C"/>
		<a id="11" s="C" t="C.ar" l="C"/>
		<a id="12" s="C" t="C.3" l="C"/>
		<a id="13" s="C" t="C.3" l="C"/>
		<a id="14" s="N" t="N.3" l="N"/>
		<a id="15" s="C" t="C.3" l="C"/>
		<a id="16" s="C" t="C.3" l="C"/>
		<a id="17" s="C" t="C.3" l="C"/>
		<a id="18" s="C" t="C.3" l="C"/>
		<a id="19" s="H" t="H" l="H"/>
		<a id="20" s="H" t="H" l="H"/>
		<a id="21" s="H" t="H" l="H"/>
		<a id="22" s="H" t="H" l="H"/>
		<a id="23" s="H" t="H" l="H"/>
		<a id="24" s="H" t="H" l="H"/>
		<a id="25" s="H" t="H" l="H"/>
		<a id="26" s="H" t="H" l="H"/>
		<a id="27" s="H" t="H" l="H"/>
		<a id="28" s="H" t="H" l="H"/>
		<a id="29" s="H" t="H" l="H"/>
		<a id="30" s="H" t="H" l="H"/>
		<a id="31" s="H" t="H" l="H"/>
		<a id="32" s="H" t="H" l="H"/>
		<a id="33" s="H" t="H" l="H"/>
		<a id="34" s="H" t="H" l="H"/>
		<a id="35" s="H" t="H" l="H"/>
		<a id="36" s="H" t="H" l="H"/>
		<a id="37" s="H" t="H" l="H"/>
		<a id="38" s="H" t="H" l="H"/>
		<a id="39" s="H" t="H" l="H"/>
		<a id="40" s="H" t="H" l="H"/>
		<a id="41" s="H" t="H" l="H"/>
		<a id="42" s="H" t="H" l="H"/>
		<a id="43" s="H" t="H" l="H"/>
		<a id="44" s="H" t="H" l="H"/>
	</atoms>
	<bonds>
		<b id="1" c="1 2" t="2"/>
		<b id="2" c="2 3" t="1"/>
		<b id="3" c="3 4" t="1"/>
		<b id="4" c="4 5" t="1"/>
		<b id="5" c="5 6" t="1"/>
		<b id="6" c="6 7" t="ar"/>
		<b id="7" c="7 8" t="ar"/>
		<b id="8" c="8 9" t="ar"/>
		<b id="9" c="9 10" t="ar"/>
		<b id="10" c="10 11" t="ar"/>
		<b id="11" c="6 11" t="ar"/>
		<b id="12" c="4 12" t="1"/>
		<b id="13" c="12 13" t="1"/>
		<b id="14" c="13 14" t="1"/>
		<b id="15" c="13 15" t="1"/>
		<b id="16" c="15 16" t="1"/>
		<b id="17" c="16 17" t="1"/>
		<b id="18" c="16 18" t="1"/>
		<b id="19" c="1 19" t="1"/>
		<b id="20" c="1 20" t="1"/>
		<b id="21" c="2 21" t="1"/>
		<b id="22" c="3 22" t="1"/>
		<b id="23" c="3 23" t="1"/>
		<b id="24" c="5 24" t="1"/>
		<b id="25" c="5 25" t="1"/>
		<b id="26" c="7 26" t="1"/>
		<b id="27" c="8 27" t="1"/>
		<b id="28" c="9 28" t="1"/>
		<b id="29" c="10 29" t="1"/>
		<b id="30" c="11 30" t="1"/>
		<b id="31" c="12 31" t="1"/>
		<b id="32" c="12 32" t="1"/>
		<b id="33" c="13 33" t="1"/>
		<b id="34" c="14 34" t="1"/>
		<b id="35" c="14 35" t="1"/>
		<b id="36" c="15 36" t="1"/>
		<b id="37" c="15 37" t="1"/>
		<b id="38" c="16 38" t="1"/>
		<b id="39" c="17 39" t="1"/>
		<b id="40" c="17 40" t="1"/>
		<b id="41" c="17 41" t="1"/>
		<b id="42" c="18 42" t="1"/>
		<b id="43" c="18 43" t="1"/>
		<b id="44" c="18 44" t="1"/>
	</bonds>
	<geometry>
		<g u="A" t="cart/3d">#44,3:0.9551,-0.6312,-0.2133;1.9954,0.1801,-0.2384;2.7956,0.5014,-1.4619;4.2205,0.3756,-1.1973;4.5955,-1.0130,-0.9657;5.9735,-1.0981,-0.3702;6.2633,-0.3931,0.7924;7.5308,-0.4338,1.3424;8.5252,-1.1879,0.7406;8.2438,-1.8991,-0.4124;6.9757,-1.8503,-0.9666;5.0367,1.0009,-2.2279;5.1465,2.5207,-1.9906;5.4864,2.8286,-0.6090;6.2015,3.1633,-2.8956;5.9418,3.0813,-4.4032;4.6436,3.7795,-4.8004;7.1172,3.7121,-5.1495;0.3975,-0.8183,0.6885;0.6097,-1.1374,-1.1005;2.3306,0.6786,0.6612;2.6009,1.5435,-1.7344;2.4761,-0.1366,-2.3060;4.5441,-1.6106,-1.8937;3.8707,-1.4297,-0.2582;5.4843,0.1912,1.2586;7.7453,0.1223,2.2435;9.5159,-1.2210,1.1696;9.0144,-2.4899,-0.8861;6.7632,-2.4026,-1.8717;4.6423,0.7928,-3.2355;6.0422,0.5760,-2.1608;4.1758,2.9932,-2.1761;6.4028,2.4450,-0.3938;4.8228,2.3538,-0.0043;7.1647,2.6920,-2.6799;6.2787,4.2130,-2.6045;5.8784,2.0286,-4.6980;4.6484,4.8104,-4.4536;3.7794,3.2761,-4.3753;4.5335,3.7816,-5.8829;7.2121,4.7629,-4.8850;6.9715,3.6410,-6.2250;8.0483,3.2102,-4.8967;</g>
	</geometry>
	<conformers/>
	<properties/>
</molecule>
