<?xml version="1.0" ?>
<!--MOLLI PACKAGE EXPERIMENTAL XML FORMAT-->
<molecule name="nuc1181">
	<atoms>
		<a id="1" s="C" t="C.2" l="C"/>
		<a id="2" s="C" t="C.2" l="C"/>
		<a id="3" s="C" t="C.3" l="C"/>
		<a id="4" s="N" t="N.3" l="N"/>
		<a id="5" s="C" t="C.3" l="C"/>
		<a id="6" s="C" t="C.ar" l="C"/>
		<a id="7" s="C" t="C.ar" l="C"/>
		<a id="8" s="C" t="C.ar" l="C"/>
		<a id="9" s="C" t="C.ar" l="C"/>
		<a id="10" s="C" t="C.ar" l="C"/>
		<a id="11" s="C" t="C.ar" l="C"/>
		<a id="12" s="C" t="C.3" l="C"/>
		<a id="13" s="C" t="C.3" l="C"/>
		<a id="14" s="C" t="C.3" l="C"/>
		<a id="15" s="N" t="N.3" l="N"/>
		<a id="16" s="H" t="H" l="H"/>
		<a id="17" s="H" t="H" l="H"/>
		<a id="18" s="H" t="H" l="H"/>
		<a id="19" s="H" t="H" l="H"/>
		<a id="20" s="H" t="H" l="H"/>
		<a id="21" s="H" t="H" l="H"/>
		<a id="22" s="H" t="H" l="H"/>
		<a id="23" s="H" t="H" l="H"/>
		<a id="24" s="H" t="H" l="H"/>
		<a id="25" s="H" t="H" l="H"/>
		<a id="26" s="H" t="H" l="H"/>
		<a id="27" s="H" t="H" l="H"/>
		<a id="28" s="H" t="H" l="H"/>
		<a id="29" s="H" t="H" l="H"/>
		<a id="30" s="H" t="H" l="H"/>
		<a id="31" s="H" t="H" l="H"/>
		<a id="32" s="H" t="H" l="H"/>
		<a id="33" s="H" t="H" l="H"/>
		<a id="34" s="H" t="H" l="H"/>
		<a id="35" s="H" t="H" l="H"/>
	</atoms>
	<bonds>
		<b id="1" c="1 2" t="2"/>
		<b id="2" c="2 3" t="1"/>
		<b id="3" c="3 4" t="1"/>
		<b id="4" c="4 5" t="1"/>
		<b id="5" c="5 6" t="1"/>
		<b id="6" c="6 7" t="ar"/>
		<b id="7" c="7 8" t="ar"/>
		<b id="8" c="8 9" t="ar"/>
		<b id="9" c="9 10" t="ar"/>
		<b id="10" c="10 11" t="ar"/>
		<b id="11" c="6 11" t="ar"/>
		<b id="12" c="4 12" t="1"/>
		<b id="13" c="12 13" t="1"/>
		<b id="14" c="13 14" t="1"/>
		<b id="15" c="13 15" t="1"/>
		<b id="16" c="1 16" t="1"/>
		<b id="17" c="1 17" t="1"/>
		<b id="18" c="2 18" t="1"/>
		<b id="19" c="3 19" t="1"/>
		<b id="20" c="3 20" t="1"/>
		<b id="21" c="5 21" t="1"/>
		<b id="22" c="5 22" t="1"/>
		<b id="23" c="7 23" t="1"/>
		<b id="24" c="8 24" t="1"/>
		<b id="25" c="9 25" t="1"/>
		<b id="26" c="10 26" t="1"/>
		<b id="27" c="11 27" t="1"/>
		<b id="28" c="12 28" t="1"/>
		<b id="29" c="12 29" t="1"/>
		<b id="30" c="13 30" t="1"/>
		<b id="31" c="14 31" t="1"/>
		<b id="32" c="14 32" t="1"/>
		<b id="33" c="14 33" t="1"/>
		<b id="34" c="15 34" t="1"/>
		<b id="35" c="15 35" t="1"/>
	</bonds>
	<geometry>
		<g u="A" t="cart/3d">#35,3:1.0624,-0.5210,-0.0756;2.1705,0.1303,-0.3749;2.9383,-0.0329,-1.6493;4.3626,-0.1575,-1.3822;4.6544,-1.4095,-0.6970;6.0476,-1.4086,-0.1320;6.4663,-0.3496,0.6652;7.7461,-0.3254,1.1866;8.6235,-1.3654,0.9247;8.2133,-2.4264,0.1371;6.9335,-2.4450,-0.3913;5.1722,-0.0050,-2.5785;5.3288,1.4586,-3.0109;5.8723,2.3018,-1.8540;6.1671,1.4789,-4.2016;0.5331,-0.3554,0.8473;0.6312,-1.2444,-0.7487;2.5923,0.8511,0.3125;2.7916,0.8669,-2.2539;2.5487,-0.8931,-2.2232;4.5173,-2.2807,-1.3633;3.9367,-1.5025,0.1252;5.7778,0.4572,0.8628;8.0623,0.5050,1.8016;9.6234,-1.3484,1.3333;8.8921,-3.2408,-0.0709;6.6204,-3.2739,-1.0111;4.7716,-0.5832,-3.4279;6.1701,-0.3912,-2.3530;4.3561,1.8617,-3.3171;6.8405,1.9202,-1.5338;5.1876,2.2519,-1.0135;5.9855,3.3415,-2.1582;7.0892,1.1159,-3.9797;6.2858,2.4323,-4.5277;</g>
	</geometry>
	<conformers/>
	<properties/>
</molecule>
