<?xml version="1.0" ?>
<!--MOLLI PACKAGE EXPERIMENTAL XML FORMAT-->
<molecule name="nuc1183">
	<atoms>
		<a id="1" s="N" t="N.3" l="N"/>
		<a id="2" s="N" t="N.am" l="N"/>
		<a id="3" s="C" t="C.2" l="C"/>
		<a id="4" s="O" t="O.2" l="O"/>
		<a id="5" s="O" t="O.3" l="O"/>
		<a id="6" s="C" t="C.3" l="C"/>
		<a id="7" s="C" t="C.ar" l="C"/>
		<a id="8" s="C" t="C.ar" l="C"/>
		<a id="9" s="C" t="C.ar" l="C"/>
		<a id="10" s="C" t="C.ar" l="C"/>
		<a id="11" s="C" t="C.ar" l="C"/>
		<a id="12" s="C" t="C.ar" l="C"/>
		<a id="13" s="C" t="C.ar" l="C"/>
		<a id="14" s="C" t="C.ar" l="C"/>
		<a id="15" s="C" t="C.ar" l="C"/>
		<a id="16" s="C" t="C.ar" l="C"/>
		<a id="17" s="C" t="C.ar" l="C"/>
		<a id="18" s="C" t="C.ar" l="C"/>
		<a id="19" s="C" t="C.ar" l="C"/>
		<a id="20" s="C" t="C.ar" l="C"/>
		<a id="21" s="C" t="C.ar" l="C"/>
		<a id="22" s="C" t="C.ar" l="C"/>
		<a id="23" s="H" t="H" l="H"/>
		<a id="24" s="H" t="H" l="H"/>
		<a id="25" s="H" t="H" l="H"/>
		<a id="26" s="H" t="H" l="H"/>
		<a id="27" s="H" t="H" l="H"/>
		<a id="28" s="H" t="H" l="H"/>
		<a id="29" s="H" t="H" l="H"/>
		<a id="30" s="H" t="H" l="H"/>
		<a id="31" s="H" t="H" l="H"/>
		<a id="32" s="H" t="H" l="H"/>
		<a id="33" s="H" t="H" l="H"/>
		<a id="34" s="H" t="H" l="H"/>
		<a id="35" s="H" t="H" l="H"/>
		<a id="36" s="H" t="H" l="H"/>
		<a id="37" s="H" t="H" l="H"/>
		<a id="38" s="H" t="H" l="H"/>
	</atoms>
	<bonds>
		<b id="1" c="1 2" t="1"/>
		<b id="2" c="2 3" t="am"/>
		<b id="3" c="3 4" t="2"/>
		<b id="4" c="3 5" t="1"/>
		<b id="5" c="5 6" t="1"/>
		<b id="6" c="6 7" t="1"/>
		<b id="7" c="7 8" t="ar"/>
		<b id="8" c="8 9" t="ar"/>
		<b id="9" c="9 10" t="ar"/>
		<b id="10" c="10 11" t="ar"/>
		<b id="11" c="11 12" t="ar"/>
		<b id="12" c="7 12" t="ar"/>
		<b id="13" c="2 13" t="1"/>
		<b id="14" c="13 14" t="ar"/>
		<b id="15" c="14 15" t="ar"/>
		<b id="16" c="15 16" t="ar"/>
		<b id="17" c="16 17" t="ar"/>
		<b id="18" c="17 18" t="ar"/>
		<b id="19" c="18 19" t="ar"/>
		<b id="20" c="19 20" t="ar"/>
		<b id="21" c="20 21" t="ar"/>
		<b id="22" c="16 21" t="ar"/>
		<b id="23" c="21 22" t="ar"/>
		<b id="24" c="13 22" t="ar"/>
		<b id="25" c="1 23" t="1"/>
		<b id="26" c="1 24" t="1"/>
		<b id="27" c="6 25" t="1"/>
		<b id="28" c="6 26" t="1"/>
		<b id="29" c="8 27" t="1"/>
		<b id="30" c="9 28" t="1"/>
		<b id="31" c="10 29" t="1"/>
		<b id="32" c="11 30" t="1"/>
		<b id="33" c="12 31" t="1"/>
		<b id="34" c="14 32" t="1"/>
		<b id="35" c="15 33" t="1"/>
		<b id="36" c="17 34" t="1"/>
		<b id="37" c="18 35" t="1"/>
		<b id="38" c="19 36" t="1"/>
		<b id="39" c="20 37" t="1"/>
		<b id="40" c="22 38" t="1"/>
	</bonds>
	<geometry>
		<g u="A" t="cart/3d">#38,3:1.5138,-0.3382,-0.0625;2.8925,-0.4213,-0.3477;3.4391,-1.6426,-0.6163;4.5847,-1.8804,-0.9036;2.4715,-2.5956,-0.5257;2.8851,-3.9470,-0.7069;2.9535,-4.6771,0.6086;2.2932,-5.8864,0.7833;2.3714,-6.5565,1.9918;3.0996,-6.0180,3.0392;3.7553,-4.8097,2.8726;3.6871,-4.1447,1.6617;3.5834,0.8110,-0.3654;4.9926,0.8672,-0.3733;5.6301,2.0749,-0.3742;4.9126,3.2881,-0.3614;5.5480,4.5466,-0.3571;4.8129,5.6988,-0.3446;3.4096,5.6435,-0.3375;2.7649,4.4389,-0.3399;3.4950,3.2308,-0.3505;2.8561,1.9776,-0.3527;1.3063,-0.8761,0.7774;0.9769,-0.7425,-0.8277;3.8704,-3.9447,-1.1908;2.1505,-4.4087,-1.3722;1.7198,-6.3070,-0.0308;1.8593,-7.5000,2.1165;3.1564,-6.5397,3.9830;4.3272,-4.3859,3.6847;4.2105,-3.2086,1.5292;5.5629,-0.0452,-0.3869;6.7100,2.1102,-0.3801;6.6283,4.5826,-0.3642;5.3046,6.6607,-0.3424;2.8452,6.5649,-0.3296;1.6854,4.3911,-0.3329;1.7790,1.9358,-0.3370;</g>
	</geometry>
	<conformers/>
	<properties/>
</molecule>
