<?xml version="1.0" ?>
<!--MOLLI PACKAGE EXPERIMENTAL XML FORMAT-->
<molecule name="nuc1184">
	<atoms>
		<a id="1" s="C" t="C.3" l="C"/>
		<a id="2" s="O" t="O.3" l="O"/>
		<a id="3" s="C" t="C.ar" l="C"/>
		<a id="4" s="C" t="C.ar" l="C"/>
		<a id="5" s="C" t="C.ar" l="C"/>
		<a id="6" s="C" t="C.ar" l="C"/>
		<a id="7" s="N" t="N.am" l="N"/>
		<a id="8" s="N" t="N.3" l="N"/>
		<a id="9" s="C" t="C.2" l="C"/>
		<a id="10" s="O" t="O.2" l="O"/>
		<a id="11" s="O" t="O.3" l="O"/>
		<a id="12" s="C" t="C.3" l="C"/>
		<a id="13" s="C" t="C.ar" l="C"/>
		<a id="14" s="C" t="C.ar" l="C"/>
		<a id="15" s="C" t="C.ar" l="C"/>
		<a id="16" s="C" t="C.ar" l="C"/>
		<a id="17" s="C" t="C.ar" l="C"/>
		<a id="18" s="C" t="C.ar" l="C"/>
		<a id="19" s="C" t="C.ar" l="C"/>
		<a id="20" s="C" t="C.ar" l="C"/>
		<a id="21" s="H" t="H" l="H"/>
		<a id="22" s="H" t="H" l="H"/>
		<a id="23" s="H" t="H" l="H"/>
		<a id="24" s="H" t="H" l="H"/>
		<a id="25" s="H" t="H" l="H"/>
		<a id="26" s="H" t="H" l="H"/>
		<a id="27" s="H" t="H" l="H"/>
		<a id="28" s="H" t="H" l="H"/>
		<a id="29" s="H" t="H" l="H"/>
		<a id="30" s="H" t="H" l="H"/>
		<a id="31" s="H" t="H" l="H"/>
		<a id="32" s="H" t="H" l="H"/>
		<a id="33" s="H" t="H" l="H"/>
		<a id="34" s="H" t="H" l="H"/>
		<a id="35" s="H" t="H" l="H"/>
		<a id="36" s="H" t="H" l="H"/>
	</atoms>
	<bonds>
		<b id="1" c="1 2" t="1"/>
		<b id="2" c="2 3" t="1"/>
		<b id="3" c="3 4" t="ar"/>
		<b id="4" c="4 5" t="ar"/>
		<b id="5" c="5 6" t="ar"/>
		<b id="6" c="6 7" t="1"/>
		<b id="7" c="7 8" t="1"/>
		<b id="8" c="7 9" t="am"/>
		<b id="9" c="9 10" t="2"/>
		<b id="10" c="9 11" t="1"/>
		<b id="11" c="11 12" t="1"/>
		<b id="12" c="12 13" t="1"/>
		<b id="13" c="13 14" t="ar"/>
		<b id="14" c="14 15" t="ar"/>
		<b id="15" c="15 16" t="ar"/>
		<b id="16" c="16 17" t="ar"/>
		<b id="17" c="17 18" t="ar"/>
		<b id="18" c="13 18" t="ar"/>
		<b id="19" c="6 19" t="ar"/>
		<b id="20" c="19 20" t="ar"/>
		<b id="21" c="3 20" t="ar"/>
		<b id="22" c="1 21" t="1"/>
		<b id="23" c="1 22" t="1"/>
		<b id="24" c="1 23" t="1"/>
		<b id="25" c="4 24" t="1"/>
		<b id="26" c="5 25" t="1"/>
		<b id="27" c="8 26" t="1"/>
		<b id="28" c="8 27" t="1"/>
		<b id="29" c="12 28" t="1"/>
		<b id="30" c="12 29" t="1"/>
		<b id="31" c="14 30" t="1"/>
		<b id="32" c="15 31" t="1"/>
		<b id="33" c="16 32" t="1"/>
		<b id="34" c="17 33" t="1"/>
		<b id="35" c="18 34" t="1"/>
		<b id="36" c="19 35" t="1"/>
		<b id="37" c="20 36" t="1"/>
	</bonds>
	<geometry>
		<g u="A" t="cart/3d">#36,3:1.4046,0.6313,-0.8004;2.6254,0.1129,-0.3336;3.2154,-0.8937,-1.0401;2.7176,-1.4493,-2.2116;3.3963,-2.4748,-2.8488;4.5804,-2.9715,-2.3222;5.3020,-4.0211,-2.9367;6.6168,-4.2149,-2.4664;4.7966,-4.8757,-3.8707;3.6851,-4.8597,-4.3380;5.7434,-5.7930,-4.2026;5.3856,-6.7407,-5.2119;5.8713,-6.2907,-6.5642;7.0090,-6.8475,-7.1318;7.4614,-6.4085,-8.3641;6.7858,-5.4026,-9.0332;5.6546,-4.8381,-8.4682;5.1968,-5.2809,-7.2403;5.0864,-2.4078,-1.1519;4.4147,-1.3844,-0.5228;1.1150,1.3969,-0.0821;0.6284,-0.1398,-0.8390;1.5124,1.0873,-1.7900;1.7981,-1.0951,-2.6496;2.9867,-2.8918,-3.7521;7.2720,-4.1187,-3.2397;6.7152,-5.1572,-2.0938;4.2960,-6.8525,-5.2115;5.8608,-7.6782,-4.9140;7.5399,-7.6304,-6.6091;8.3450,-6.8508,-8.8009;7.1406,-5.0589,-9.9938;5.1243,-4.0535,-8.9875;4.3117,-4.8471,-6.7984;6.0135,-2.7784,-0.7474;4.8007,-0.9461,0.3835;</g>
	</geometry>
	<conformers/>
	<properties/>
</molecule>
