<?xml version="1.0" ?>
<!--MOLLI PACKAGE EXPERIMENTAL XML FORMAT-->
<molecule name="nuc1191">
	<atoms>
		<a id="1" s="C" t="C.3" l="C"/>
		<a id="2" s="C" t="C.3" l="C"/>
		<a id="3" s="C" t="C.3" l="C"/>
		<a id="4" s="C" t="C.3" l="C"/>
		<a id="5" s="C" t="C.3" l="C"/>
		<a id="6" s="C" t="C.3" l="C"/>
		<a id="7" s="C" t="C.3" l="C"/>
		<a id="8" s="N" t="N.3" l="N"/>
		<a id="9" s="H" t="H" l="H"/>
		<a id="10" s="H" t="H" l="H"/>
		<a id="11" s="H" t="H" l="H"/>
		<a id="12" s="H" t="H" l="H"/>
		<a id="13" s="H" t="H" l="H"/>
		<a id="14" s="H" t="H" l="H"/>
		<a id="15" s="H" t="H" l="H"/>
		<a id="16" s="H" t="H" l="H"/>
		<a id="17" s="H" t="H" l="H"/>
		<a id="18" s="H" t="H" l="H"/>
		<a id="19" s="H" t="H" l="H"/>
		<a id="20" s="H" t="H" l="H"/>
		<a id="21" s="H" t="H" l="H"/>
		<a id="22" s="H" t="H" l="H"/>
		<a id="23" s="H" t="H" l="H"/>
		<a id="24" s="H" t="H" l="H"/>
		<a id="25" s="H" t="H" l="H"/>
	</atoms>
	<bonds>
		<b id="1" c="1 2" t="1"/>
		<b id="2" c="2 3" t="1"/>
		<b id="3" c="3 4" t="1"/>
		<b id="4" c="4 5" t="1"/>
		<b id="5" c="5 6" t="1"/>
		<b id="6" c="6 7" t="1"/>
		<b id="7" c="7 8" t="1"/>
		<b id="8" c="1 9" t="1"/>
		<b id="9" c="1 10" t="1"/>
		<b id="10" c="1 11" t="1"/>
		<b id="11" c="2 12" t="1"/>
		<b id="12" c="2 13" t="1"/>
		<b id="13" c="3 14" t="1"/>
		<b id="14" c="3 15" t="1"/>
		<b id="15" c="4 16" t="1"/>
		<b id="16" c="4 17" t="1"/>
		<b id="17" c="5 18" t="1"/>
		<b id="18" c="5 19" t="1"/>
		<b id="19" c="6 20" t="1"/>
		<b id="20" c="6 21" t="1"/>
		<b id="21" c="7 22" t="1"/>
		<b id="22" c="7 23" t="1"/>
		<b id="23" c="8 24" t="1"/>
		<b id="24" c="8 25" t="1"/>
	</bonds>
	<geometry>
		<g u="A" t="cart/3d">#25,3:0.9632,0.0057,0.1313;2.4866,0.0149,0.1041;3.0290,0.7525,-1.1176;4.5552,0.7735,-1.1476;5.0954,1.5162,-2.3672;6.6206,1.5540,-2.3833;7.1650,2.3064,-3.5950;8.6181,2.2378,-3.6090;0.5977,-0.5236,1.0083;0.5690,-0.4861,-0.7555;0.5762,1.0222,0.1579;2.8560,-1.0132,0.0976;2.8626,0.4947,1.0108;2.6542,1.7790,-1.1133;2.6566,0.2699,-2.0244;4.9313,-0.2521,-1.1548;4.9266,1.2536,-0.2389;4.7081,2.5384,-2.3678;4.7365,1.0280,-3.2762;7.0190,0.5386,-2.4004;6.9824,2.0365,-1.4717;6.7784,3.3412,-3.5822;6.8061,1.8297,-4.5120;8.9957,2.6874,-2.7809;8.9891,2.7214,-4.4193;</g>
	</geometry>
	<conformers/>
	<properties/>
</molecule>
