<?xml version="1.0" ?>
<!--MOLLI PACKAGE EXPERIMENTAL XML FORMAT-->
<molecule name="nuc1194">
	<atoms>
		<a id="1" s="N" t="N.pl3" l="N"/>
		<a id="2" s="C" t="C.ar" l="C"/>
		<a id="3" s="C" t="C.ar" l="C"/>
		<a id="4" s="C" t="C.ar" l="C"/>
		<a id="5" s="C" t="C.ar" l="C"/>
		<a id="6" s="C" t="C.ar" l="C"/>
		<a id="7" s="C" t="C.ar" l="C"/>
		<a id="8" s="C" t="C.3" l="C"/>
		<a id="9" s="C" t="C.3" l="C"/>
		<a id="10" s="C" t="C.2" l="C"/>
		<a id="11" s="O" t="O.2" l="O"/>
		<a id="12" s="N" t="N.am" l="N"/>
		<a id="13" s="H" t="H" l="H"/>
		<a id="14" s="H" t="H" l="H"/>
		<a id="15" s="H" t="H" l="H"/>
		<a id="16" s="H" t="H" l="H"/>
		<a id="17" s="H" t="H" l="H"/>
		<a id="18" s="H" t="H" l="H"/>
		<a id="19" s="H" t="H" l="H"/>
		<a id="20" s="H" t="H" l="H"/>
		<a id="21" s="H" t="H" l="H"/>
		<a id="22" s="H" t="H" l="H"/>
	</atoms>
	<bonds>
		<b id="1" c="1 2" t="1"/>
		<b id="2" c="2 3" t="ar"/>
		<b id="3" c="3 4" t="ar"/>
		<b id="4" c="4 5" t="ar"/>
		<b id="5" c="5 6" t="ar"/>
		<b id="6" c="6 7" t="ar"/>
		<b id="7" c="2 7" t="ar"/>
		<b id="8" c="6 8" t="1"/>
		<b id="9" c="8 9" t="1"/>
		<b id="10" c="9 10" t="1"/>
		<b id="11" c="10 11" t="2"/>
		<b id="12" c="10 12" t="am"/>
		<b id="13" c="5 12" t="1"/>
		<b id="14" c="1 13" t="1"/>
		<b id="15" c="1 14" t="1"/>
		<b id="16" c="3 15" t="1"/>
		<b id="17" c="4 16" t="1"/>
		<b id="18" c="7 17" t="1"/>
		<b id="19" c="8 18" t="1"/>
		<b id="20" c="8 19" t="1"/>
		<b id="21" c="9 20" t="1"/>
		<b id="22" c="9 21" t="1"/>
		<b id="23" c="12 22" t="1"/>
	</bonds>
	<geometry>
		<g u="A" t="cart/3d">#22,3:1.0719,-0.0766,-0.0835;2.4525,-0.0997,-0.0536;3.1847,1.0874,-0.0505;4.5611,1.0627,0.0527;5.2346,-0.1471,0.1550;4.5154,-1.3443,0.1619;3.1394,-1.3106,0.0526;5.2909,-2.6199,0.3178;6.6286,-2.5039,-0.4065;7.4002,-1.2792,0.0449;8.6062,-1.2406,0.1679;6.6257,-0.1861,0.2673;0.6483,0.7629,-0.4435;0.6178,-0.9289,-0.3682;2.6658,2.0314,-0.1280;5.1199,1.9874,0.0527;2.5816,-2.2365,0.0587;4.7220,-3.4665,-0.0696;5.4699,-2.7989,1.3837;6.4586,-2.3981,-1.4826;7.2494,-3.3853,-0.2463;7.1060,0.6770,0.4849;</g>
	</geometry>
	<conformers/>
	<properties/>
</molecule>
