<?xml version="1.0" ?>
<!--MOLLI PACKAGE EXPERIMENTAL XML FORMAT-->
<molecule name="nuc1196">
	<atoms>
		<a id="1" s="C" t="C.3" l="C"/>
		<a id="2" s="N" t="N.am" l="N"/>
		<a id="3" s="C" t="C.2" l="C"/>
		<a id="4" s="N" t="N.am" l="N"/>
		<a id="5" s="O" t="O.2" l="O"/>
		<a id="6" s="H" t="H" l="H"/>
		<a id="7" s="H" t="H" l="H"/>
		<a id="8" s="H" t="H" l="H"/>
		<a id="9" s="H" t="H" l="H"/>
		<a id="10" s="H" t="H" l="H"/>
		<a id="11" s="H" t="H" l="H"/>
	</atoms>
	<bonds>
		<b id="1" c="1 2" t="1"/>
		<b id="2" c="2 3" t="am"/>
		<b id="3" c="3 4" t="am"/>
		<b id="4" c="3 5" t="2"/>
		<b id="5" c="1 6" t="1"/>
		<b id="6" c="1 7" t="1"/>
		<b id="7" c="1 8" t="1"/>
		<b id="8" c="2 9" t="1"/>
		<b id="9" c="4 10" t="1"/>
		<b id="10" c="4 11" t="1"/>
	</bonds>
	<geometry>
		<g u="A" t="cart/3d">#11,3:1.0587,-0.0573,0.0343;2.4964,-0.0015,-0.0345;3.2471,0.7144,-0.9206;2.5511,1.4507,-1.8330;4.4600,0.6910,-0.8905;0.7694,-0.7156,0.8498;0.6308,-0.4542,-0.8922;0.6306,0.9321,0.2267;3.0340,-0.5350,0.6274;1.5511,1.4797,-1.8708;3.0831,1.9848,-2.4947;</g>
	</geometry>
	<conformers/>
	<properties/>
</molecule>
