<?xml version="1.0" ?>
<!--MOLLI PACKAGE EXPERIMENTAL XML FORMAT-->
<molecule name="nuc1197">
	<atoms>
		<a id="1" s="H" t="H" l="H"/>
		<a id="2" s="C" t="C.ar" l="C"/>
		<a id="3" s="C" t="C.ar" l="C"/>
		<a id="4" s="C" t="C.ar" l="C"/>
		<a id="5" s="H" t="H" l="H"/>
		<a id="6" s="C" t="C.ar" l="C"/>
		<a id="7" s="N" t="N.pl3" l="N"/>
		<a id="8" s="C" t="C.ar" l="C"/>
		<a id="9" s="H" t="H" l="H"/>
		<a id="10" s="C" t="C.ar" l="C"/>
		<a id="11" s="H" t="H" l="H"/>
		<a id="12" s="H" t="H" l="H"/>
		<a id="13" s="H" t="H" l="H"/>
		<a id="14" s="H" t="H" l="H"/>
	</atoms>
	<bonds>
		<b id="1" c="1 2" t="1"/>
		<b id="2" c="2 3" t="ar"/>
		<b id="3" c="3 4" t="ar"/>
		<b id="4" c="4 5" t="1"/>
		<b id="5" c="4 6" t="ar"/>
		<b id="6" c="6 7" t="1"/>
		<b id="7" c="6 8" t="ar"/>
		<b id="8" c="8 9" t="1"/>
		<b id="9" c="8 10" t="ar"/>
		<b id="10" c="2 10" t="ar"/>
		<b id="11" c="3 11" t="1"/>
		<b id="12" c="7 12" t="1"/>
		<b id="13" c="7 13" t="1"/>
		<b id="14" c="10 14" t="1"/>
	</bonds>
	<geometry>
		<g u="A" t="cart/3d">#14,3:1.1191,-0.0363,0.2671;2.1873,-0.0214,0.1136;2.8630,1.1837,0.0120;4.2290,1.2084,-0.1842;4.7533,2.1508,-0.2631;4.9513,0.0172,-0.2832;6.3054,0.0360,-0.4761;4.2631,-1.1937,-0.1800;4.8139,-2.1211,-0.2555;2.8969,-1.2072,0.0162;2.3200,2.1152,0.0863;6.7944,0.9067,-0.5551;6.8189,-0.8207,-0.5521;2.3806,-2.1534,0.0939;</g>
	</geometry>
	<conformers/>
	<properties/>
</molecule>
