<?xml version="1.0" ?>
<!--MOLLI PACKAGE EXPERIMENTAL XML FORMAT-->
<molecule name="nuc1200">
	<atoms>
		<a id="1" s="C" t="C.3" l="C"/>
		<a id="2" s="C" t="C.3" l="C"/>
		<a id="3" s="C" t="C.2" l="C"/>
		<a id="4" s="N" t="N.am" l="N"/>
		<a id="5" s="O" t="O.2" l="O"/>
		<a id="6" s="H" t="H" l="H"/>
		<a id="7" s="H" t="H" l="H"/>
		<a id="8" s="H" t="H" l="H"/>
		<a id="9" s="H" t="H" l="H"/>
		<a id="10" s="H" t="H" l="H"/>
		<a id="11" s="H" t="H" l="H"/>
		<a id="12" s="H" t="H" l="H"/>
	</atoms>
	<bonds>
		<b id="1" c="1 2" t="1"/>
		<b id="2" c="2 3" t="1"/>
		<b id="3" c="3 4" t="am"/>
		<b id="4" c="3 5" t="2"/>
		<b id="5" c="1 6" t="1"/>
		<b id="6" c="1 7" t="1"/>
		<b id="7" c="1 8" t="1"/>
		<b id="8" c="2 9" t="1"/>
		<b id="9" c="2 10" t="1"/>
		<b id="10" c="4 11" t="1"/>
		<b id="11" c="4 12" t="1"/>
	</bonds>
	<geometry>
		<g u="A" t="cart/3d">#12,3:1.0720,-0.0257,0.0011;2.5913,-0.1199,0.0158;3.0602,-1.5490,0.2434;4.4114,-1.6782,0.2627;2.3248,-2.4949,0.3953;0.7536,1.0010,-0.1624;0.6674,-0.3763,0.9467;0.6671,-0.6527,-0.7887;3.0031,0.5069,0.8107;3.0028,0.2288,-0.9347;5.0297,-0.8977,0.1373;4.8094,-2.5909,0.4080;</g>
	</geometry>
	<conformers/>
	<properties/>
</molecule>
