<?xml version="1.0" ?>
<!--MOLLI PACKAGE EXPERIMENTAL XML FORMAT-->
<molecule name="nuc1204">
	<atoms>
		<a id="1" s="N" t="N.3" l="N"/>
		<a id="2" s="C" t="C.3" l="C"/>
		<a id="3" s="C" t="C.3" l="C"/>
		<a id="4" s="O" t="O.3" l="O"/>
		<a id="5" s="C" t="C.3" l="C"/>
		<a id="6" s="C" t="C.3" l="C"/>
		<a id="7" s="C" t="C.3" l="C"/>
		<a id="8" s="C" t="C.3" l="C"/>
		<a id="9" s="C" t="C.3" l="C"/>
		<a id="10" s="C" t="C.3" l="C"/>
		<a id="11" s="C" t="C.3" l="C"/>
		<a id="12" s="C" t="C.3" l="C"/>
		<a id="13" s="C" t="C.3" l="C"/>
		<a id="14" s="C" t="C.3" l="C"/>
		<a id="15" s="H" t="H" l="H"/>
		<a id="16" s="H" t="H" l="H"/>
		<a id="17" s="H" t="H" l="H"/>
		<a id="18" s="H" t="H" l="H"/>
		<a id="19" s="H" t="H" l="H"/>
		<a id="20" s="H" t="H" l="H"/>
		<a id="21" s="H" t="H" l="H"/>
		<a id="22" s="H" t="H" l="H"/>
		<a id="23" s="H" t="H" l="H"/>
		<a id="24" s="H" t="H" l="H"/>
		<a id="25" s="H" t="H" l="H"/>
		<a id="26" s="H" t="H" l="H"/>
		<a id="27" s="H" t="H" l="H"/>
		<a id="28" s="H" t="H" l="H"/>
		<a id="29" s="H" t="H" l="H"/>
		<a id="30" s="H" t="H" l="H"/>
		<a id="31" s="H" t="H" l="H"/>
		<a id="32" s="H" t="H" l="H"/>
		<a id="33" s="H" t="H" l="H"/>
		<a id="34" s="H" t="H" l="H"/>
		<a id="35" s="H" t="H" l="H"/>
	</atoms>
	<bonds>
		<b id="1" c="1 2" t="1"/>
		<b id="2" c="2 3" t="1"/>
		<b id="3" c="3 4" t="1"/>
		<b id="4" c="4 5" t="1"/>
		<b id="5" c="5 6" t="1"/>
		<b id="6" c="6 7" t="1"/>
		<b id="7" c="7 8" t="1"/>
		<b id="8" c="8 9" t="1"/>
		<b id="9" c="9 10" t="1"/>
		<b id="10" c="10 11" t="1"/>
		<b id="11" c="11 12" t="1"/>
		<b id="12" c="7 12" t="1"/>
		<b id="13" c="11 13" t="1"/>
		<b id="14" c="5 13" t="1"/>
		<b id="15" c="9 14" t="1"/>
		<b id="16" c="5 14" t="1"/>
		<b id="17" c="1 15" t="1"/>
		<b id="18" c="1 16" t="1"/>
		<b id="19" c="2 17" t="1"/>
		<b id="20" c="2 18" t="1"/>
		<b id="21" c="3 19" t="1"/>
		<b id="22" c="3 20" t="1"/>
		<b id="23" c="6 21" t="1"/>
		<b id="24" c="6 22" t="1"/>
		<b id="25" c="7 23" t="1"/>
		<b id="26" c="8 24" t="1"/>
		<b id="27" c="8 25" t="1"/>
		<b id="28" c="9 26" t="1"/>
		<b id="29" c="10 27" t="1"/>
		<b id="30" c="10 28" t="1"/>
		<b id="31" c="11 29" t="1"/>
		<b id="32" c="12 30" t="1"/>
		<b id="33" c="12 31" t="1"/>
		<b id="34" c="13 32" t="1"/>
		<b id="35" c="13 33" t="1"/>
		<b id="36" c="14 34" t="1"/>
		<b id="37" c="14 35" t="1"/>
	</bonds>
	<geometry>
		<g u="A" t="cart/3d">#35,3:2.8264,1.1163,-0.1610;4.2796,1.1487,-0.1730;4.7913,0.3611,-1.3764;4.5276,-1.0017,-1.1232;4.9184,-1.9641,-2.1010;6.4403,-2.0276,-2.2868;6.7941,-3.1758,-3.2319;6.3044,-4.5002,-2.6491;4.7879,-4.4432,-2.4742;4.1215,-4.2070,-3.8283;4.6157,-2.8830,-4.4082;6.1321,-2.9410,-4.5891;4.2586,-1.7329,-3.4661;4.4299,-3.3003,-1.5294;2.4719,1.5059,0.7061;2.5274,0.1475,-0.2122;4.7352,0.7185,0.7335;4.5989,2.1916,-0.2619;5.8678,0.5410,-1.4995;4.2632,0.7078,-2.2729;6.9148,-2.1728,-1.3137;6.8064,-1.0879,-2.7065;7.8824,-3.2124,-3.3577;6.7834,-4.6829,-1.6848;6.5724,-5.3211,-3.3182;4.4317,-5.3882,-2.0494;3.0363,-4.1795,-3.7090;4.3638,-5.0242,-4.5114;4.1387,-2.7093,-5.3796;6.4923,-2.0054,-5.0233;6.3937,-3.7503,-5.2745;3.1761,-1.6655,-3.3367;4.6084,-0.7925,-3.8973;4.8886,-3.4500,-0.5508;3.3496,-3.2448,-1.3849;</g>
	</geometry>
	<conformers/>
	<properties/>
</molecule>
