<?xml version="1.0" ?>
<!--MOLLI PACKAGE EXPERIMENTAL XML FORMAT-->
<molecule name="nuc1003">
	<atoms>
		<a id="1" s="C" t="C.3" l="C"/>
		<a id="2" s="O" t="O.3" l="O"/>
		<a id="3" s="C" t="C.ar" l="C"/>
		<a id="4" s="C" t="C.ar" l="C"/>
		<a id="5" s="C" t="C.ar" l="C"/>
		<a id="6" s="N" t="N.pl3" l="N"/>
		<a id="7" s="C" t="C.3" l="C"/>
		<a id="8" s="C" t="C.3" l="C"/>
		<a id="9" s="C" t="C.3" l="C"/>
		<a id="10" s="C" t="C.3" l="C"/>
		<a id="11" s="C" t="C.3" l="C"/>
		<a id="12" s="C" t="C.3" l="C"/>
		<a id="13" s="N" t="N.3" l="N"/>
		<a id="14" s="N" t="N.ar" l="N"/>
		<a id="15" s="C" t="C.ar" l="C"/>
		<a id="16" s="C" t="C.ar" l="C"/>
		<a id="17" s="C" t="C.ar" l="C"/>
		<a id="18" s="C" t="C.ar" l="C"/>
		<a id="19" s="C" t="C.ar" l="C"/>
		<a id="20" s="C" t="C.ar" l="C"/>
		<a id="21" s="H" t="H" l="H"/>
		<a id="22" s="H" t="H" l="H"/>
		<a id="23" s="H" t="H" l="H"/>
		<a id="24" s="H" t="H" l="H"/>
		<a id="25" s="H" t="H" l="H"/>
		<a id="26" s="H" t="H" l="H"/>
		<a id="27" s="H" t="H" l="H"/>
		<a id="28" s="H" t="H" l="H"/>
		<a id="29" s="H" t="H" l="H"/>
		<a id="30" s="H" t="H" l="H"/>
		<a id="31" s="H" t="H" l="H"/>
		<a id="32" s="H" t="H" l="H"/>
		<a id="33" s="H" t="H" l="H"/>
		<a id="34" s="H" t="H" l="H"/>
		<a id="35" s="H" t="H" l="H"/>
		<a id="36" s="H" t="H" l="H"/>
		<a id="37" s="H" t="H" l="H"/>
		<a id="38" s="H" t="H" l="H"/>
		<a id="39" s="H" t="H" l="H"/>
		<a id="40" s="H" t="H" l="H"/>
		<a id="41" s="H" t="H" l="H"/>
	</atoms>
	<bonds>
		<b id="1" c="1 2" t="1"/>
		<b id="2" c="2 3" t="1"/>
		<b id="3" c="3 4" t="ar"/>
		<b id="4" c="4 5" t="ar"/>
		<b id="5" c="5 6" t="1"/>
		<b id="6" c="7 8" t="1"/>
		<b id="7" c="8 9" t="1"/>
		<b id="8" c="9 10" t="1"/>
		<b id="9" c="10 11" t="1"/>
		<b id="10" c="11 12" t="1"/>
		<b id="11" c="7 12" t="1"/>
		<b id="12" c="5 14" t="ar"/>
		<b id="13" c="14 15" t="ar"/>
		<b id="14" c="15 16" t="ar"/>
		<b id="15" c="16 17" t="ar"/>
		<b id="16" c="17 18" t="ar"/>
		<b id="17" c="18 19" t="ar"/>
		<b id="18" c="19 20" t="ar"/>
		<b id="19" c="3 20" t="ar"/>
		<b id="20" c="15 20" t="ar"/>
		<b id="21" c="12 13" t="1"/>
		<b id="22" c="7 6" t="1"/>
		<b id="23" c="1 21" t="1"/>
		<b id="24" c="1 22" t="1"/>
		<b id="25" c="1 23" t="1"/>
		<b id="26" c="4 24" t="1"/>
		<b id="27" c="6 25" t="1"/>
		<b id="28" c="7 26" t="1"/>
		<b id="29" c="8 27" t="1"/>
		<b id="30" c="8 28" t="1"/>
		<b id="31" c="9 29" t="1"/>
		<b id="32" c="9 30" t="1"/>
		<b id="33" c="10 31" t="1"/>
		<b id="34" c="10 32" t="1"/>
		<b id="35" c="11 33" t="1"/>
		<b id="36" c="11 34" t="1"/>
		<b id="37" c="12 35" t="1"/>
		<b id="38" c="13 36" t="1"/>
		<b id="39" c="13 37" t="1"/>
		<b id="40" c="16 38" t="1"/>
		<b id="41" c="17 39" t="1"/>
		<b id="42" c="18 40" t="1"/>
		<b id="43" c="19 41" t="1"/>
	</bonds>
	<geometry>
		<g u="A" t="cart/3d">#41,3:7.2494,1.1990,8.6550;8.5900,1.1426,8.2360;8.8708,1.3796,6.9296;7.9524,1.6822,5.9649;8.3877,1.8986,4.6222;7.4251,2.1767,3.7067;7.5083,2.4477,2.2809;7.9603,1.2323,1.4531;9.4718,1.0899,1.3182;10.0722,2.3748,0.7635;9.7903,3.5143,1.7356;8.2864,3.7395,1.9394;7.6188,4.3500,0.7922;9.6491,1.8270,4.2712;10.5749,1.5342,5.2061;11.9254,1.4589,4.8125;12.9005,1.1602,5.7259;12.5750,0.9243,7.0666;11.2698,0.9910,7.4799;10.2519,1.2953,6.5648;7.2618,0.9722,9.7199;6.6352,0.4572,8.1339;6.8229,2.1958,8.5020;6.8981,1.7597,6.1827;6.4969,2.2373,4.0902;6.4729,2.6619,1.9900;7.5238,1.3309,0.4553;7.5414,0.3326,1.9085;9.6957,0.2477,0.6592;9.9034,0.8978,2.2991;9.6487,2.5922,-0.2226;11.1507,2.2612,0.6378;10.2390,4.4453,1.3751;10.2298,3.2627,2.6996;8.1505,4.4362,2.7769;7.7240,3.7519,-0.0209;8.0596,5.2368,0.5704;12.1634,1.6417,3.7758;13.9336,1.1043,5.4137;13.3577,0.6892,7.7728;11.0009,0.8119,8.5098;</g>
	</geometry>
	<conformers/>
	<properties/>
</molecule>
