<?xml version="1.0" ?>
<!--MOLLI PACKAGE EXPERIMENTAL XML FORMAT-->
<molecule name="nuc1206">
	<atoms>
		<a id="1" s="C" t="C.3" l="C"/>
		<a id="2" s="C" t="C.3" l="C"/>
		<a id="3" s="C" t="C.3" l="C"/>
		<a id="4" s="C" t="C.3" l="C"/>
		<a id="5" s="C" t="C.3" l="C"/>
		<a id="6" s="C" t="C.3" l="C"/>
		<a id="7" s="C" t="C.2" l="C"/>
		<a id="8" s="C" t="C.3" l="C"/>
		<a id="9" s="N" t="N.2" l="N"/>
		<a id="10" s="N" t="N.pl3" l="N"/>
		<a id="11" s="H" t="H" l="H"/>
		<a id="12" s="H" t="H" l="H"/>
		<a id="13" s="H" t="H" l="H"/>
		<a id="14" s="H" t="H" l="H"/>
		<a id="15" s="H" t="H" l="H"/>
		<a id="16" s="H" t="H" l="H"/>
		<a id="17" s="H" t="H" l="H"/>
		<a id="18" s="H" t="H" l="H"/>
		<a id="19" s="H" t="H" l="H"/>
		<a id="20" s="H" t="H" l="H"/>
		<a id="21" s="H" t="H" l="H"/>
		<a id="22" s="H" t="H" l="H"/>
		<a id="23" s="H" t="H" l="H"/>
		<a id="24" s="H" t="H" l="H"/>
		<a id="25" s="H" t="H" l="H"/>
		<a id="26" s="H" t="H" l="H"/>
		<a id="27" s="H" t="H" l="H"/>
		<a id="28" s="H" t="H" l="H"/>
	</atoms>
	<bonds>
		<b id="1" c="1 2" t="1"/>
		<b id="2" c="2 3" t="1"/>
		<b id="3" c="3 4" t="1"/>
		<b id="4" c="4 5" t="1"/>
		<b id="5" c="5 6" t="1"/>
		<b id="6" c="6 7" t="1"/>
		<b id="7" c="7 8" t="1"/>
		<b id="8" c="7 9" t="2"/>
		<b id="9" c="9 10" t="1"/>
		<b id="10" c="1 11" t="1"/>
		<b id="11" c="1 12" t="1"/>
		<b id="12" c="1 13" t="1"/>
		<b id="13" c="2 14" t="1"/>
		<b id="14" c="2 15" t="1"/>
		<b id="15" c="3 16" t="1"/>
		<b id="16" c="3 17" t="1"/>
		<b id="17" c="4 18" t="1"/>
		<b id="18" c="4 19" t="1"/>
		<b id="19" c="5 20" t="1"/>
		<b id="20" c="5 21" t="1"/>
		<b id="21" c="6 22" t="1"/>
		<b id="22" c="6 23" t="1"/>
		<b id="23" c="8 24" t="1"/>
		<b id="24" c="8 25" t="1"/>
		<b id="25" c="8 26" t="1"/>
		<b id="26" c="10 27" t="1"/>
		<b id="27" c="10 28" t="1"/>
	</bonds>
	<geometry>
		<g u="A" t="cart/3d">#28,3:5.0973,-2.1141,-2.1509;4.6299,-1.0929,-1.1209;5.1954,-1.3858,0.2670;4.7132,-0.3745,1.3050;5.1921,-0.6872,2.7228;6.6928,-0.4404,2.9163;7.1067,-0.7353,4.3272;7.1511,-2.1812,4.7561;7.3732,0.2581,5.0699;7.6536,0.1182,6.3911;4.6883,-1.8848,-3.1322;4.7740,-3.1143,-1.8700;6.1828,-2.1140,-2.2233;3.5384,-1.0987,-1.0748;4.9416,-0.0935,-1.4328;6.2855,-1.3718,0.2129;4.8896,-2.3895,0.5734;3.6202,-0.3665,1.3007;5.0504,0.6252,1.0225;4.9559,-1.7270,2.9600;4.6519,-0.0538,3.4296;6.9162,0.6045,2.6997;7.2643,-1.0736,2.2345;6.9987,-2.8378,3.9050;6.3789,-2.3812,5.4996;8.1184,-2.4177,5.2057;8.1938,0.9043,6.7246;8.0090,-0.7825,6.7035;</g>
	</geometry>
	<conformers/>
	<properties/>
</molecule>
