<?xml version="1.0" ?>
<!--MOLLI PACKAGE EXPERIMENTAL XML FORMAT-->
<molecule name="nuc1213">
	<atoms>
		<a id="1" s="C" t="C.3" l="C"/>
		<a id="2" s="C" t="C.3" l="C"/>
		<a id="3" s="C" t="C.3" l="C"/>
		<a id="4" s="N" t="N.ar" l="N"/>
		<a id="5" s="C" t="C.ar" l="C"/>
		<a id="6" s="C" t="C.ar" l="C"/>
		<a id="7" s="N" t="N.pl3" l="N"/>
		<a id="8" s="C" t="C.ar" l="C"/>
		<a id="9" s="O" t="O.2" l="O"/>
		<a id="10" s="N" t="N.ar" l="N"/>
		<a id="11" s="C" t="C.3" l="C"/>
		<a id="12" s="C" t="C.3" l="C"/>
		<a id="13" s="C" t="C.3" l="C"/>
		<a id="14" s="C" t="C.ar" l="C"/>
		<a id="15" s="O" t="O.2" l="O"/>
		<a id="16" s="H" t="H" l="H"/>
		<a id="17" s="H" t="H" l="H"/>
		<a id="18" s="H" t="H" l="H"/>
		<a id="19" s="H" t="H" l="H"/>
		<a id="20" s="H" t="H" l="H"/>
		<a id="21" s="H" t="H" l="H"/>
		<a id="22" s="H" t="H" l="H"/>
		<a id="23" s="H" t="H" l="H"/>
		<a id="24" s="H" t="H" l="H"/>
		<a id="25" s="H" t="H" l="H"/>
		<a id="26" s="H" t="H" l="H"/>
		<a id="27" s="H" t="H" l="H"/>
		<a id="28" s="H" t="H" l="H"/>
		<a id="29" s="H" t="H" l="H"/>
		<a id="30" s="H" t="H" l="H"/>
		<a id="31" s="H" t="H" l="H"/>
		<a id="32" s="H" t="H" l="H"/>
	</atoms>
	<bonds>
		<b id="1" c="1 2" t="1"/>
		<b id="2" c="2 3" t="1"/>
		<b id="3" c="3 4" t="1"/>
		<b id="4" c="4 5" t="ar"/>
		<b id="5" c="5 6" t="ar"/>
		<b id="6" c="6 7" t="1"/>
		<b id="7" c="6 8" t="ar"/>
		<b id="8" c="8 9" t="2"/>
		<b id="9" c="8 10" t="ar"/>
		<b id="10" c="10 11" t="1"/>
		<b id="11" c="11 12" t="1"/>
		<b id="12" c="12 13" t="1"/>
		<b id="13" c="10 14" t="ar"/>
		<b id="14" c="4 14" t="ar"/>
		<b id="15" c="14 15" t="2"/>
		<b id="16" c="1 16" t="1"/>
		<b id="17" c="1 17" t="1"/>
		<b id="18" c="1 18" t="1"/>
		<b id="19" c="2 19" t="1"/>
		<b id="20" c="2 20" t="1"/>
		<b id="21" c="3 21" t="1"/>
		<b id="22" c="3 22" t="1"/>
		<b id="23" c="5 23" t="1"/>
		<b id="24" c="7 24" t="1"/>
		<b id="25" c="7 25" t="1"/>
		<b id="26" c="11 26" t="1"/>
		<b id="27" c="11 27" t="1"/>
		<b id="28" c="12 28" t="1"/>
		<b id="29" c="12 29" t="1"/>
		<b id="30" c="13 30" t="1"/>
		<b id="31" c="13 31" t="1"/>
		<b id="32" c="13 32" t="1"/>
	</bonds>
	<geometry>
		<g u="A" t="cart/3d">#32,3:2.9998,-0.0843,1.1494;2.5204,-0.9909,0.0231;3.0381,-0.5294,-1.3412;4.4871,-0.5327,-1.4088;5.1538,-1.7328,-1.4548;6.5021,-1.7986,-1.4793;7.2445,-2.9633,-1.4429;7.2778,-0.5588,-1.4871;8.4932,-0.5455,-1.5823;6.5294,0.5985,-1.4131;7.2387,1.8725,-1.3864;7.2951,2.4655,0.0214;8.0552,1.5735,0.9947;5.1466,0.6690,-1.3768;4.5609,1.7329,-1.3428;2.5551,-0.3860,2.0945;2.7258,0.9480,0.9472;4.0818,-0.1352,1.2496;1.4298,-0.9878,-0.0149;2.8469,-2.0159,0.2140;2.7212,0.4990,-1.5279;2.6484,-1.1769,-2.1325;4.5340,-2.6158,-1.4762;6.8331,-3.7817,-1.8611;8.2129,-2.7997,-1.6854;6.7146,2.5595,-2.0545;8.2460,1.6766,-1.7581;6.2759,2.6285,0.3757;7.7874,3.4370,-0.0480;7.5449,0.6218,1.1298;8.1378,2.0565,1.9655;9.0554,1.3688,0.6202;</g>
	</geometry>
	<conformers/>
	<properties/>
</molecule>
