<?xml version="1.0" ?>
<!--MOLLI PACKAGE EXPERIMENTAL XML FORMAT-->
<molecule name="nuc1215">
	<atoms>
		<a id="1" s="C" t="C.3" l="C"/>
		<a id="2" s="C" t="C.3" l="C"/>
		<a id="3" s="C" t="C.3" l="C"/>
		<a id="4" s="C" t="C.3" l="C"/>
		<a id="5" s="C" t="C.ar" l="C"/>
		<a id="6" s="C" t="C.ar" l="C"/>
		<a id="7" s="C" t="C.ar" l="C"/>
		<a id="8" s="C" t="C.ar" l="C"/>
		<a id="9" s="C" t="C.ar" l="C"/>
		<a id="10" s="C" t="C.ar" l="C"/>
		<a id="11" s="N" t="N.pl3" l="N"/>
		<a id="12" s="H" t="H" l="H"/>
		<a id="13" s="H" t="H" l="H"/>
		<a id="14" s="H" t="H" l="H"/>
		<a id="15" s="H" t="H" l="H"/>
		<a id="16" s="H" t="H" l="H"/>
		<a id="17" s="H" t="H" l="H"/>
		<a id="18" s="H" t="H" l="H"/>
		<a id="19" s="H" t="H" l="H"/>
		<a id="20" s="H" t="H" l="H"/>
		<a id="21" s="H" t="H" l="H"/>
		<a id="22" s="H" t="H" l="H"/>
		<a id="23" s="H" t="H" l="H"/>
		<a id="24" s="H" t="H" l="H"/>
		<a id="25" s="H" t="H" l="H"/>
		<a id="26" s="H" t="H" l="H"/>
	</atoms>
	<bonds>
		<b id="1" c="1 2" t="1"/>
		<b id="2" c="2 3" t="1"/>
		<b id="3" c="2 4" t="1"/>
		<b id="4" c="2 5" t="1"/>
		<b id="5" c="5 6" t="ar"/>
		<b id="6" c="6 7" t="ar"/>
		<b id="7" c="7 8" t="ar"/>
		<b id="8" c="8 9" t="ar"/>
		<b id="9" c="9 10" t="ar"/>
		<b id="10" c="5 10" t="ar"/>
		<b id="11" c="10 11" t="1"/>
		<b id="12" c="1 12" t="1"/>
		<b id="13" c="1 13" t="1"/>
		<b id="14" c="1 14" t="1"/>
		<b id="15" c="3 15" t="1"/>
		<b id="16" c="3 16" t="1"/>
		<b id="17" c="3 17" t="1"/>
		<b id="18" c="4 18" t="1"/>
		<b id="19" c="4 19" t="1"/>
		<b id="20" c="4 20" t="1"/>
		<b id="21" c="6 21" t="1"/>
		<b id="22" c="7 22" t="1"/>
		<b id="23" c="8 23" t="1"/>
		<b id="24" c="9 24" t="1"/>
		<b id="25" c="11 25" t="1"/>
		<b id="26" c="11 26" t="1"/>
	</bonds>
	<geometry>
		<g u="A" t="cart/3d">#26,3:1.0780,-0.2185,-0.1329;2.5891,0.0481,-0.0422;2.7755,1.2487,0.8947;3.3214,-1.1553,0.5992;3.1248,0.3206,-1.4469;3.6644,1.5548,-1.7843;4.1285,1.8459,-3.0558;4.0569,0.8846,-4.0450;3.5366,-0.3543,-3.7382;3.0731,-0.6592,-2.4576;2.5090,-1.9135,-2.2665;0.6833,-0.4808,0.8470;0.8531,-1.0201,-0.8294;0.5683,0.6781,-0.4797;2.3531,1.0088,1.8691;2.2582,2.1281,0.5191;3.8291,1.4827,1.0298;3.5521,-0.9430,1.6408;4.2627,-1.3575,0.0910;2.7100,-2.0561,0.5914;3.7372,2.3310,-1.0412;4.5414,2.8210,-3.2665;4.4096,1.0918,-5.0446;3.4802,-1.1194,-4.5014;2.7180,-2.5704,-3.0034;2.6003,-2.3093,-1.3469;</g>
	</geometry>
	<conformers/>
	<properties/>
</molecule>
