<?xml version="1.0" ?>
<!--MOLLI PACKAGE EXPERIMENTAL XML FORMAT-->
<molecule name="nuc1216">
	<atoms>
		<a id="1" s="N" t="N.1" l="N"/>
		<a id="2" s="C" t="C.1" l="C"/>
		<a id="3" s="C" t="C.ar" l="C"/>
		<a id="4" s="C" t="C.ar" l="C"/>
		<a id="5" s="C" t="C.ar" l="C"/>
		<a id="6" s="C" t="C.ar" l="C"/>
		<a id="7" s="C" t="C.2" l="C"/>
		<a id="8" s="N" t="N.2" l="N"/>
		<a id="9" s="N" t="N.pl3" l="N"/>
		<a id="10" s="C" t="C.ar" l="C"/>
		<a id="11" s="C" t="C.ar" l="C"/>
		<a id="12" s="H" t="H" l="H"/>
		<a id="13" s="H" t="H" l="H"/>
		<a id="14" s="H" t="H" l="H"/>
		<a id="15" s="H" t="H" l="H"/>
		<a id="16" s="H" t="H" l="H"/>
		<a id="17" s="H" t="H" l="H"/>
		<a id="18" s="H" t="H" l="H"/>
	</atoms>
	<bonds>
		<b id="1" c="1 2" t="3"/>
		<b id="2" c="2 3" t="1"/>
		<b id="3" c="3 4" t="ar"/>
		<b id="4" c="4 5" t="ar"/>
		<b id="5" c="5 6" t="ar"/>
		<b id="6" c="6 7" t="1"/>
		<b id="7" c="7 8" t="2"/>
		<b id="8" c="8 9" t="1"/>
		<b id="9" c="6 10" t="ar"/>
		<b id="10" c="10 11" t="ar"/>
		<b id="11" c="3 11" t="ar"/>
		<b id="12" c="4 12" t="1"/>
		<b id="13" c="5 13" t="1"/>
		<b id="14" c="7 14" t="1"/>
		<b id="15" c="9 15" t="1"/>
		<b id="16" c="9 16" t="1"/>
		<b id="17" c="10 17" t="1"/>
		<b id="18" c="11 18" t="1"/>
	</bonds>
	<geometry>
		<g u="A" t="cart/3d">#18,3:-2.9917,0.0482,-0.2225;-1.8470,0.0281,-0.1469;-0.4389,0.0043,-0.0551;0.2391,-1.2173,0.0080;1.6118,-1.2362,0.0972;2.3419,-0.0423,0.1253;3.7833,-0.0518,0.2139;4.4370,-1.1468,0.2525;5.7553,-1.1442,0.4109;1.6539,1.1731,0.0618;0.2793,1.2015,-0.0273;-0.3251,-2.1382,-0.0135;2.1513,-2.1682,0.1483;4.2899,0.9212,0.2467;6.2077,-2.0009,0.1369;6.2763,-0.2793,0.2773;2.2084,2.1005,0.0832;-0.2502,2.1419,-0.0759;</g>
	</geometry>
	<conformers/>
	<properties/>
</molecule>
