<?xml version="1.0" ?>
<!--MOLLI PACKAGE EXPERIMENTAL XML FORMAT-->
<molecule name="nuc1219">
	<atoms>
		<a id="1" s="C" t="C.2" l="C"/>
		<a id="2" s="C" t="C.2" l="C"/>
		<a id="3" s="C" t="C.3" l="C"/>
		<a id="4" s="N" t="N.pl3" l="N"/>
		<a id="5" s="C" t="C.3" l="C"/>
		<a id="6" s="C" t="C.3" l="C"/>
		<a id="7" s="C" t="C.3" l="C"/>
		<a id="8" s="N" t="N.3" l="N"/>
		<a id="9" s="C" t="C.ar" l="C"/>
		<a id="10" s="C" t="C.ar" l="C"/>
		<a id="11" s="C" t="C.ar" l="C"/>
		<a id="12" s="C" t="C.ar" l="C"/>
		<a id="13" s="O" t="O.3" l="O"/>
		<a id="14" s="C" t="C.3" l="C"/>
		<a id="15" s="C" t="C.ar" l="C"/>
		<a id="16" s="C" t="C.ar" l="C"/>
		<a id="17" s="H" t="H" l="H"/>
		<a id="18" s="H" t="H" l="H"/>
		<a id="19" s="H" t="H" l="H"/>
		<a id="20" s="H" t="H" l="H"/>
		<a id="21" s="H" t="H" l="H"/>
		<a id="22" s="H" t="H" l="H"/>
		<a id="23" s="H" t="H" l="H"/>
		<a id="24" s="H" t="H" l="H"/>
		<a id="25" s="H" t="H" l="H"/>
		<a id="26" s="H" t="H" l="H"/>
		<a id="27" s="H" t="H" l="H"/>
		<a id="28" s="H" t="H" l="H"/>
		<a id="29" s="H" t="H" l="H"/>
		<a id="30" s="H" t="H" l="H"/>
		<a id="31" s="H" t="H" l="H"/>
		<a id="32" s="H" t="H" l="H"/>
		<a id="33" s="H" t="H" l="H"/>
		<a id="34" s="H" t="H" l="H"/>
		<a id="35" s="H" t="H" l="H"/>
		<a id="36" s="H" t="H" l="H"/>
	</atoms>
	<bonds>
		<b id="1" c="1 2" t="2"/>
		<b id="2" c="2 3" t="1"/>
		<b id="3" c="3 4" t="1"/>
		<b id="4" c="4 5" t="1"/>
		<b id="5" c="5 6" t="1"/>
		<b id="6" c="6 7" t="1"/>
		<b id="7" c="6 8" t="1"/>
		<b id="8" c="4 9" t="1"/>
		<b id="9" c="9 10" t="ar"/>
		<b id="10" c="10 11" t="ar"/>
		<b id="11" c="11 12" t="ar"/>
		<b id="12" c="12 13" t="1"/>
		<b id="13" c="13 14" t="1"/>
		<b id="14" c="12 15" t="ar"/>
		<b id="15" c="15 16" t="ar"/>
		<b id="16" c="9 16" t="ar"/>
		<b id="17" c="1 17" t="1"/>
		<b id="18" c="1 18" t="1"/>
		<b id="19" c="2 19" t="1"/>
		<b id="20" c="3 20" t="1"/>
		<b id="21" c="3 21" t="1"/>
		<b id="22" c="5 22" t="1"/>
		<b id="23" c="5 23" t="1"/>
		<b id="24" c="6 24" t="1"/>
		<b id="25" c="7 25" t="1"/>
		<b id="26" c="7 26" t="1"/>
		<b id="27" c="7 27" t="1"/>
		<b id="28" c="8 28" t="1"/>
		<b id="29" c="8 29" t="1"/>
		<b id="30" c="10 30" t="1"/>
		<b id="31" c="11 31" t="1"/>
		<b id="32" c="14 32" t="1"/>
		<b id="33" c="14 33" t="1"/>
		<b id="34" c="14 34" t="1"/>
		<b id="35" c="15 35" t="1"/>
		<b id="36" c="16 36" t="1"/>
	</bonds>
	<geometry>
		<g u="A" t="cart/3d">#36,3:2.8906,-1.5809,-2.2270;2.3655,-0.3860,-2.0396;3.1093,0.8211,-1.5281;4.5117,0.6162,-1.2666;4.8717,0.1648,0.0549;5.4810,1.2729,0.9405;4.4456,2.3472,1.2912;6.0722,0.6275,2.1033;5.4225,0.5702,-2.3053;5.0270,0.7042,-3.6388;5.9437,0.7066,-4.6763;7.2985,0.5606,-4.4204;8.2925,0.5508,-5.3679;7.9238,0.7151,-6.7115;7.7062,0.4055,-3.0981;6.7953,0.4137,-2.0654;2.3044,-2.4082,-2.5888;3.9317,-1.7801,-2.0367;1.3176,-0.2034,-2.2427;2.6304,1.1441,-0.5976;2.9871,1.6462,-2.2405;5.5963,-0.6531,-0.0004;3.9778,-0.2288,0.5476;6.2978,1.7511,0.3896;3.6019,1.9079,1.8234;4.0833,2.8309,0.3886;4.8942,3.1081,1.9286;5.3482,0.1857,2.6618;6.5363,1.3123,2.6901;3.9843,0.7895,-3.8974;5.5743,0.8154,-5.6844;8.8526,0.6858,-7.2799;7.4285,1.6780,-6.8804;7.2670,-0.0926,-7.0534;8.7588,0.2833,-2.8963;7.1681,0.2975,-1.0616;</g>
	</geometry>
	<conformers/>
	<properties/>
</molecule>
