<?xml version="1.0" ?>
<!--MOLLI PACKAGE EXPERIMENTAL XML FORMAT-->
<molecule name="nuc1221">
	<atoms>
		<a id="1" s="C" t="C.3" l="C"/>
		<a id="2" s="C" t="C.ar" l="C"/>
		<a id="3" s="C" t="C.ar" l="C"/>
		<a id="4" s="C" t="C.ar" l="C"/>
		<a id="5" s="C" t="C.ar" l="C"/>
		<a id="6" s="N" t="N.am" l="N"/>
		<a id="7" s="N" t="N.3" l="N"/>
		<a id="8" s="C" t="C.2" l="C"/>
		<a id="9" s="O" t="O.2" l="O"/>
		<a id="10" s="O" t="O.3" l="O"/>
		<a id="11" s="C" t="C.3" l="C"/>
		<a id="12" s="C" t="C.ar" l="C"/>
		<a id="13" s="C" t="C.ar" l="C"/>
		<a id="14" s="C" t="C.ar" l="C"/>
		<a id="15" s="C" t="C.ar" l="C"/>
		<a id="16" s="C" t="C.ar" l="C"/>
		<a id="17" s="C" t="C.ar" l="C"/>
		<a id="18" s="C" t="C.ar" l="C"/>
		<a id="19" s="C" t="C.ar" l="C"/>
		<a id="20" s="H" t="H" l="H"/>
		<a id="21" s="H" t="H" l="H"/>
		<a id="22" s="H" t="H" l="H"/>
		<a id="23" s="H" t="H" l="H"/>
		<a id="24" s="H" t="H" l="H"/>
		<a id="25" s="H" t="H" l="H"/>
		<a id="26" s="H" t="H" l="H"/>
		<a id="27" s="H" t="H" l="H"/>
		<a id="28" s="H" t="H" l="H"/>
		<a id="29" s="H" t="H" l="H"/>
		<a id="30" s="H" t="H" l="H"/>
		<a id="31" s="H" t="H" l="H"/>
		<a id="32" s="H" t="H" l="H"/>
		<a id="33" s="H" t="H" l="H"/>
		<a id="34" s="H" t="H" l="H"/>
		<a id="35" s="H" t="H" l="H"/>
	</atoms>
	<bonds>
		<b id="1" c="1 2" t="1"/>
		<b id="2" c="2 3" t="ar"/>
		<b id="3" c="3 4" t="ar"/>
		<b id="4" c="4 5" t="ar"/>
		<b id="5" c="5 6" t="1"/>
		<b id="6" c="6 7" t="1"/>
		<b id="7" c="6 8" t="am"/>
		<b id="8" c="8 9" t="2"/>
		<b id="9" c="8 10" t="1"/>
		<b id="10" c="10 11" t="1"/>
		<b id="11" c="11 12" t="1"/>
		<b id="12" c="12 13" t="ar"/>
		<b id="13" c="13 14" t="ar"/>
		<b id="14" c="14 15" t="ar"/>
		<b id="15" c="15 16" t="ar"/>
		<b id="16" c="16 17" t="ar"/>
		<b id="17" c="12 17" t="ar"/>
		<b id="18" c="5 18" t="ar"/>
		<b id="19" c="18 19" t="ar"/>
		<b id="20" c="2 19" t="ar"/>
		<b id="21" c="1 20" t="1"/>
		<b id="22" c="1 21" t="1"/>
		<b id="23" c="1 22" t="1"/>
		<b id="24" c="3 23" t="1"/>
		<b id="25" c="4 24" t="1"/>
		<b id="26" c="7 25" t="1"/>
		<b id="27" c="7 26" t="1"/>
		<b id="28" c="11 27" t="1"/>
		<b id="29" c="11 28" t="1"/>
		<b id="30" c="13 29" t="1"/>
		<b id="31" c="14 30" t="1"/>
		<b id="32" c="15 31" t="1"/>
		<b id="33" c="16 32" t="1"/>
		<b id="34" c="17 33" t="1"/>
		<b id="35" c="18 34" t="1"/>
		<b id="36" c="19 35" t="1"/>
	</bonds>
	<geometry>
		<g u="A" t="cart/3d">#35,3:2.1923,0.1868,-0.0824;0.6967,0.1417,-0.0028;0.0140,0.6649,1.0880;-1.3632,0.6008,1.1770;-2.1022,0.0132,0.1543;-3.5077,-0.1060,0.2310;-4.1584,-1.1286,-0.4809;-4.3140,0.7815,0.8942;-3.9254,1.7505,1.4997;-5.6006,0.4235,0.7689;-6.5667,1.2730,1.3918;-7.1549,2.2352,0.3928;-8.4120,2.0136,-0.1525;-8.9329,2.8908,-1.0879;-8.1970,3.9913,-1.4925;-6.9388,4.2133,-0.9580;-6.4197,3.3409,-0.0182;-1.4254,-0.5150,-0.9432;-0.0474,-0.4482,-1.0154;2.5959,0.9225,0.6084;2.5176,0.4339,-1.0910;2.6104,-0.7872,0.1740;0.5695,1.1269,1.8911;-1.8685,1.0157,2.0318;-3.6466,-1.9990,-0.3721;-4.2403,-0.8982,-1.4691;-6.0817,1.8192,2.2087;-7.3330,0.6029,1.7882;-8.9851,1.1522,0.1586;-9.9140,2.7136,-1.5037;-8.6035,4.6751,-2.2234;-6.3614,5.0705,-1.2718;-5.4399,3.5113,0.4031;-1.9675,-0.9733,-1.7584;0.4561,-0.8615,-1.8777;</g>
	</geometry>
	<conformers/>
	<properties/>
</molecule>
