<?xml version="1.0" ?>
<!--MOLLI PACKAGE EXPERIMENTAL XML FORMAT-->
<molecule name="nuc1005">
	<atoms>
		<a id="1" s="C" t="C.3" l="C"/>
		<a id="2" s="C" t="C.3" l="C"/>
		<a id="3" s="C" t="C.3" l="C"/>
		<a id="4" s="C" t="C.3" l="C"/>
		<a id="5" s="N" t="N.am" l="N"/>
		<a id="6" s="C" t="C.2" l="C"/>
		<a id="7" s="N" t="N.am" l="N"/>
		<a id="8" s="O" t="O.2" l="O"/>
		<a id="9" s="H" t="H" l="H"/>
		<a id="10" s="H" t="H" l="H"/>
		<a id="11" s="H" t="H" l="H"/>
		<a id="12" s="H" t="H" l="H"/>
		<a id="13" s="H" t="H" l="H"/>
		<a id="14" s="H" t="H" l="H"/>
		<a id="15" s="H" t="H" l="H"/>
		<a id="16" s="H" t="H" l="H"/>
		<a id="17" s="H" t="H" l="H"/>
		<a id="18" s="H" t="H" l="H"/>
		<a id="19" s="H" t="H" l="H"/>
		<a id="20" s="H" t="H" l="H"/>
	</atoms>
	<bonds>
		<b id="1" c="1 2" t="1"/>
		<b id="2" c="2 3" t="1"/>
		<b id="3" c="3 4" t="1"/>
		<b id="4" c="4 5" t="1"/>
		<b id="5" c="5 6" t="am"/>
		<b id="6" c="6 7" t="am"/>
		<b id="7" c="6 8" t="2"/>
		<b id="8" c="1 9" t="1"/>
		<b id="9" c="1 10" t="1"/>
		<b id="10" c="1 11" t="1"/>
		<b id="11" c="2 12" t="1"/>
		<b id="12" c="2 13" t="1"/>
		<b id="13" c="3 14" t="1"/>
		<b id="14" c="3 15" t="1"/>
		<b id="15" c="4 16" t="1"/>
		<b id="16" c="4 17" t="1"/>
		<b id="17" c="5 18" t="1"/>
		<b id="18" c="7 19" t="1"/>
		<b id="19" c="7 20" t="1"/>
	</bonds>
	<geometry>
		<g u="A" t="cart/3d">#20,3:0.9904,-0.1119,0.1069;2.5138,-0.1180,0.0694;3.0990,-1.0923,1.0878;4.6282,-1.1143,1.0383;5.2020,-2.0328,1.9965;5.4916,-3.3203,1.6383;5.7566,-4.1492,2.7066;5.5157,-3.7117,0.4931;0.5926,0.5903,-0.6219;0.6325,0.1772,1.0930;0.6011,-1.1015,-0.1217;2.8875,0.8879,0.2755;2.8517,-0.3997,-0.9296;2.7296,-2.0997,0.8849;2.7719,-0.8090,2.0926;5.0281,-0.1139,1.2321;4.9631,-1.4476,0.0540;4.9980,-1.8482,2.9670;6.0470,-3.7532,3.5842;6.1780,-5.0310,2.4635;</g>
	</geometry>
	<conformers/>
	<properties/>
</molecule>
