<?xml version="1.0" ?>
<!--MOLLI PACKAGE EXPERIMENTAL XML FORMAT-->
<molecule name="nuc1225">
	<atoms>
		<a id="1" s="N" t="N.am" l="N"/>
		<a id="2" s="C" t="C.2" l="C"/>
		<a id="3" s="O" t="O.2" l="O"/>
		<a id="4" s="C" t="C.3" l="C"/>
		<a id="5" s="C" t="C.3" l="C"/>
		<a id="6" s="C" t="C.3" l="C"/>
		<a id="7" s="C" t="C.3" l="C"/>
		<a id="8" s="N" t="N.3" l="N"/>
		<a id="9" s="H" t="H" l="H"/>
		<a id="10" s="H" t="H" l="H"/>
		<a id="11" s="H" t="H" l="H"/>
		<a id="12" s="H" t="H" l="H"/>
		<a id="13" s="H" t="H" l="H"/>
		<a id="14" s="H" t="H" l="H"/>
		<a id="15" s="H" t="H" l="H"/>
		<a id="16" s="H" t="H" l="H"/>
		<a id="17" s="H" t="H" l="H"/>
		<a id="18" s="H" t="H" l="H"/>
	</atoms>
	<bonds>
		<b id="1" c="1 2" t="am"/>
		<b id="2" c="2 3" t="2"/>
		<b id="3" c="2 4" t="1"/>
		<b id="4" c="4 5" t="1"/>
		<b id="5" c="5 6" t="1"/>
		<b id="6" c="6 7" t="1"/>
		<b id="7" c="7 8" t="1"/>
		<b id="8" c="4 8" t="1"/>
		<b id="9" c="1 9" t="1"/>
		<b id="10" c="1 10" t="1"/>
		<b id="11" c="4 11" t="1"/>
		<b id="12" c="5 12" t="1"/>
		<b id="13" c="5 13" t="1"/>
		<b id="14" c="6 14" t="1"/>
		<b id="15" c="6 15" t="1"/>
		<b id="16" c="7 16" t="1"/>
		<b id="17" c="7 17" t="1"/>
		<b id="18" c="8 18" t="1"/>
	</bonds>
	<geometry>
		<g u="A" t="cart/3d">#18,3:1.9746,1.0058,0.7733;2.9040,0.1847,0.2488;3.4464,-0.7061,0.8636;3.1674,0.4605,-1.2405;4.6453,0.1775,-1.5970;5.2561,1.5672,-1.8277;4.1823,2.5234,-1.2852;2.9033,1.8689,-1.5327;1.7499,0.9484,1.7517;1.6654,1.7864,0.2167;2.4769,-0.1812,-1.7959;4.7270,-0.4497,-2.4835;5.1164,-0.3452,-0.7650;5.4102,1.7479,-2.8931;6.2079,1.6943,-1.3178;4.2090,3.5113,-1.7442;4.2945,2.6327,-0.2024;2.6642,1.9704,-2.5157;</g>
	</geometry>
	<conformers/>
	<properties/>
</molecule>
