<?xml version="1.0" ?>
<!--MOLLI PACKAGE EXPERIMENTAL XML FORMAT-->
<molecule name="nuc1227">
	<atoms>
		<a id="1" s="C" t="C.3" l="C"/>
		<a id="2" s="N" t="N.ar" l="N"/>
		<a id="3" s="N" t="N.ar" l="N"/>
		<a id="4" s="N" t="N.ar" l="N"/>
		<a id="5" s="C" t="C.ar" l="C"/>
		<a id="6" s="N" t="N.pl3" l="N"/>
		<a id="7" s="C" t="C.ar" l="C"/>
		<a id="8" s="C" t="C.3" l="C"/>
		<a id="9" s="C" t="C.3" l="C"/>
		<a id="10" s="C" t="C.3" l="C"/>
		<a id="11" s="H" t="H" l="H"/>
		<a id="12" s="H" t="H" l="H"/>
		<a id="13" s="H" t="H" l="H"/>
		<a id="14" s="H" t="H" l="H"/>
		<a id="15" s="H" t="H" l="H"/>
		<a id="16" s="H" t="H" l="H"/>
		<a id="17" s="H" t="H" l="H"/>
		<a id="18" s="H" t="H" l="H"/>
		<a id="19" s="H" t="H" l="H"/>
		<a id="20" s="H" t="H" l="H"/>
	</atoms>
	<bonds>
		<b id="1" c="1 2" t="1"/>
		<b id="2" c="2 3" t="ar"/>
		<b id="3" c="3 4" t="ar"/>
		<b id="4" c="4 5" t="ar"/>
		<b id="5" c="5 6" t="1"/>
		<b id="6" c="5 7" t="ar"/>
		<b id="7" c="2 7" t="ar"/>
		<b id="8" c="7 8" t="1"/>
		<b id="9" c="8 9" t="1"/>
		<b id="10" c="9 10" t="1"/>
		<b id="11" c="8 10" t="1"/>
		<b id="12" c="1 11" t="1"/>
		<b id="13" c="1 12" t="1"/>
		<b id="14" c="1 13" t="1"/>
		<b id="15" c="6 14" t="1"/>
		<b id="16" c="6 15" t="1"/>
		<b id="17" c="8 16" t="1"/>
		<b id="18" c="9 17" t="1"/>
		<b id="19" c="9 18" t="1"/>
		<b id="20" c="10 19" t="1"/>
		<b id="21" c="10 20" t="1"/>
	</bonds>
	<geometry>
		<g u="A" t="cart/3d">#20,3:1.1926,0.5845,-0.0223;2.6150,0.4257,-0.0989;3.1041,-0.8002,-0.2335;4.3871,-0.7467,-0.2572;4.7720,0.5377,-0.1410;6.0995,0.9164,-0.2122;3.6310,1.3342,-0.0359;3.5781,2.7924,0.0954;2.5069,3.5426,0.8408;2.5974,3.6635,-0.6470;0.7600,-0.3936,-0.2254;0.8324,1.2989,-0.7615;0.8864,0.9059,0.9746;6.7151,0.1221,-0.1131;6.3544,1.6815,0.3946;4.5797,3.1998,0.1792;2.8162,4.3832,1.4435;1.6815,2.9947,1.2649;2.9689,4.5848,-1.0684;1.8397,3.1935,-1.2534;</g>
	</geometry>
	<conformers/>
	<properties/>
</molecule>
