<?xml version="1.0" ?>
<!--MOLLI PACKAGE EXPERIMENTAL XML FORMAT-->
<molecule name="nuc1007">
	<atoms>
		<a id="1" s="N" t="N.pl3" l="N"/>
		<a id="2" s="C" t="C.ar" l="C"/>
		<a id="3" s="C" t="C.ar" l="C"/>
		<a id="4" s="C" t="C.ar" l="C"/>
		<a id="5" s="C" t="C.ar" l="C"/>
		<a id="6" s="C" t="C.ar" l="C"/>
		<a id="7" s="C" t="C.ar" l="C"/>
		<a id="8" s="C" t="C.ar" l="C"/>
		<a id="9" s="C" t="C.ar" l="C"/>
		<a id="10" s="O" t="O.2" l="O"/>
		<a id="11" s="C" t="C.ar" l="C"/>
		<a id="12" s="O" t="O.2" l="O"/>
		<a id="13" s="H" t="H" l="H"/>
		<a id="14" s="H" t="H" l="H"/>
		<a id="15" s="H" t="H" l="H"/>
		<a id="16" s="H" t="H" l="H"/>
		<a id="17" s="H" t="H" l="H"/>
		<a id="18" s="H" t="H" l="H"/>
		<a id="19" s="H" t="H" l="H"/>
	</atoms>
	<bonds>
		<b id="1" c="1 2" t="1"/>
		<b id="2" c="2 3" t="ar"/>
		<b id="3" c="3 4" t="ar"/>
		<b id="4" c="4 5" t="ar"/>
		<b id="5" c="5 6" t="ar"/>
		<b id="6" c="6 7" t="ar"/>
		<b id="7" c="7 8" t="ar"/>
		<b id="8" c="8 9" t="ar"/>
		<b id="9" c="4 9" t="ar"/>
		<b id="10" c="9 10" t="ar"/>
		<b id="11" c="10 11" t="ar"/>
		<b id="12" c="2 11" t="ar"/>
		<b id="13" c="11 12" t="2"/>
		<b id="14" c="1 13" t="1"/>
		<b id="15" c="1 14" t="1"/>
		<b id="16" c="3 15" t="1"/>
		<b id="17" c="5 16" t="1"/>
		<b id="18" c="6 17" t="1"/>
		<b id="19" c="7 18" t="1"/>
		<b id="20" c="8 19" t="1"/>
	</bonds>
	<geometry>
		<g u="A" t="cart/3d">#19,3:0.9591,0.0415,-0.0211;2.3154,0.1629,-0.0210;3.0087,1.3316,-0.0505;4.4335,1.3112,-0.1212;5.2227,2.4676,-0.1605;6.5938,2.3784,-0.2294;7.2171,1.1342,-0.2612;6.4648,-0.0216,-0.2233;5.0789,0.0652,-0.1530;4.3737,-1.1012,-0.1093;3.0314,-1.1273,-0.0380;2.4551,-2.1910,0.0248;0.3909,0.8244,0.2494;0.6135,-0.8881,0.1639;2.4958,2.2819,-0.0266;4.7344,3.4303,-0.1367;7.1908,3.2773,-0.2590;8.2928,1.0719,-0.3151;6.9241,-0.9967,-0.2458;</g>
	</geometry>
	<conformers/>
	<properties/>
</molecule>
