<?xml version="1.0" ?>
<!--MOLLI PACKAGE EXPERIMENTAL XML FORMAT-->
<molecule name="nuc1243">
	<atoms>
		<a id="1" s="N" t="N.pl3" l="N"/>
		<a id="2" s="C" t="C.ar" l="C"/>
		<a id="3" s="N" t="N.ar" l="N"/>
		<a id="4" s="C" t="C.ar" l="C"/>
		<a id="5" s="C" t="C.ar" l="C"/>
		<a id="6" s="N" t="N.ar" l="N"/>
		<a id="7" s="C" t="C.ar" l="C"/>
		<a id="8" s="C" t="C.ar" l="C"/>
		<a id="9" s="C" t="C.ar" l="C"/>
		<a id="10" s="C" t="C.ar" l="C"/>
		<a id="11" s="C" t="C.ar" l="C"/>
		<a id="12" s="N" t="N.ar" l="N"/>
		<a id="13" s="C" t="C.ar" l="C"/>
		<a id="14" s="C" t="C.ar" l="C"/>
		<a id="15" s="C" t="C.ar" l="C"/>
		<a id="16" s="C" t="C.ar" l="C"/>
		<a id="17" s="C" t="C.ar" l="C"/>
		<a id="18" s="C" t="C.ar" l="C"/>
		<a id="19" s="H" t="H" l="H"/>
		<a id="20" s="H" t="H" l="H"/>
		<a id="21" s="H" t="H" l="H"/>
		<a id="22" s="H" t="H" l="H"/>
		<a id="23" s="H" t="H" l="H"/>
		<a id="24" s="H" t="H" l="H"/>
		<a id="25" s="H" t="H" l="H"/>
		<a id="26" s="H" t="H" l="H"/>
		<a id="27" s="H" t="H" l="H"/>
		<a id="28" s="H" t="H" l="H"/>
	</atoms>
	<bonds>
		<b id="1" c="1 2" t="1"/>
		<b id="2" c="2 3" t="ar"/>
		<b id="3" c="3 4" t="ar"/>
		<b id="4" c="4 5" t="ar"/>
		<b id="5" c="5 6" t="ar"/>
		<b id="6" c="6 7" t="ar"/>
		<b id="7" c="7 8" t="ar"/>
		<b id="8" c="8 9" t="ar"/>
		<b id="9" c="9 10" t="ar"/>
		<b id="10" c="10 11" t="ar"/>
		<b id="11" c="11 12" t="ar"/>
		<b id="12" c="7 12" t="ar"/>
		<b id="13" c="4 12" t="ar"/>
		<b id="14" c="5 13" t="ar"/>
		<b id="15" c="13 14" t="ar"/>
		<b id="16" c="14 15" t="ar"/>
		<b id="17" c="15 16" t="ar"/>
		<b id="18" c="16 17" t="ar"/>
		<b id="19" c="17 18" t="ar"/>
		<b id="20" c="2 18" t="ar"/>
		<b id="21" c="13 18" t="ar"/>
		<b id="22" c="1 19" t="1"/>
		<b id="23" c="1 20" t="1"/>
		<b id="24" c="8 21" t="1"/>
		<b id="25" c="9 22" t="1"/>
		<b id="26" c="10 23" t="1"/>
		<b id="27" c="11 24" t="1"/>
		<b id="28" c="14 25" t="1"/>
		<b id="29" c="15 26" t="1"/>
		<b id="30" c="16 27" t="1"/>
		<b id="31" c="17 28" t="1"/>
	</bonds>
	<geometry>
		<g u="A" t="cart/3d">#28,3:1.1089,0.1760,0.0983;2.4755,0.1288,0.0328;3.0829,1.2940,0.0291;4.4222,1.2548,0.0252;5.2287,0.1065,-0.0031;6.5444,0.4412,-0.0260;6.5708,1.7575,-0.0118;7.6660,2.6371,-0.0278;7.4420,3.9833,-0.0108;6.1235,4.4965,0.0246;5.0613,3.6499,0.0403;5.2794,2.3142,0.0209;4.5857,-1.1575,-0.0002;5.2793,-2.3753,-0.0169;4.5914,-3.5607,0.0042;3.1944,-3.5578,0.0488;2.4964,-2.3758,0.0626;3.1664,-1.1415,0.0314;0.7225,1.0945,-0.0501;0.5837,-0.5888,-0.2880;8.6566,2.2149,-0.0538;8.2713,4.6734,-0.0238;5.9622,5.5620,0.0393;4.0290,3.9627,0.0678;6.3571,-2.3411,-0.0434;5.1224,-4.5012,-0.0088;2.6602,-4.4966,0.0747;1.4175,-2.4059,0.1121;</g>
	</geometry>
	<conformers/>
	<properties/>
</molecule>
