<?xml version="1.0" ?>
<!--MOLLI PACKAGE EXPERIMENTAL XML FORMAT-->
<molecule name="nuc1244">
	<atoms>
		<a id="1" s="C" t="C.3" l="C"/>
		<a id="2" s="O" t="O.3" l="O"/>
		<a id="3" s="C" t="C.ar" l="C"/>
		<a id="4" s="C" t="C.ar" l="C"/>
		<a id="5" s="C" t="C.ar" l="C"/>
		<a id="6" s="C" t="C.ar" l="C"/>
		<a id="7" s="C" t="C.3" l="C"/>
		<a id="8" s="C" t="C.3" l="C"/>
		<a id="9" s="N" t="N.3" l="N"/>
		<a id="10" s="C" t="C.ar" l="C"/>
		<a id="11" s="C" t="C.ar" l="C"/>
		<a id="12" s="O" t="O.3" l="O"/>
		<a id="13" s="C" t="C.3" l="C"/>
		<a id="14" s="H" t="H" l="H"/>
		<a id="15" s="H" t="H" l="H"/>
		<a id="16" s="H" t="H" l="H"/>
		<a id="17" s="H" t="H" l="H"/>
		<a id="18" s="H" t="H" l="H"/>
		<a id="19" s="H" t="H" l="H"/>
		<a id="20" s="H" t="H" l="H"/>
		<a id="21" s="H" t="H" l="H"/>
		<a id="22" s="H" t="H" l="H"/>
		<a id="23" s="H" t="H" l="H"/>
		<a id="24" s="H" t="H" l="H"/>
		<a id="25" s="H" t="H" l="H"/>
		<a id="26" s="H" t="H" l="H"/>
		<a id="27" s="H" t="H" l="H"/>
		<a id="28" s="H" t="H" l="H"/>
	</atoms>
	<bonds>
		<b id="1" c="1 2" t="1"/>
		<b id="2" c="2 3" t="1"/>
		<b id="3" c="3 4" t="ar"/>
		<b id="4" c="4 5" t="ar"/>
		<b id="5" c="5 6" t="ar"/>
		<b id="6" c="6 7" t="1"/>
		<b id="7" c="7 8" t="1"/>
		<b id="8" c="8 9" t="1"/>
		<b id="9" c="6 10" t="ar"/>
		<b id="10" c="10 11" t="ar"/>
		<b id="11" c="3 11" t="ar"/>
		<b id="12" c="11 12" t="1"/>
		<b id="13" c="12 13" t="1"/>
		<b id="14" c="1 14" t="1"/>
		<b id="15" c="1 15" t="1"/>
		<b id="16" c="1 16" t="1"/>
		<b id="17" c="4 17" t="1"/>
		<b id="18" c="5 18" t="1"/>
		<b id="19" c="7 19" t="1"/>
		<b id="20" c="7 20" t="1"/>
		<b id="21" c="8 21" t="1"/>
		<b id="22" c="8 22" t="1"/>
		<b id="23" c="9 23" t="1"/>
		<b id="24" c="9 24" t="1"/>
		<b id="25" c="10 25" t="1"/>
		<b id="26" c="13 26" t="1"/>
		<b id="27" c="13 27" t="1"/>
		<b id="28" c="13 28" t="1"/>
	</bonds>
	<geometry>
		<g u="A" t="cart/3d">#28,3:1.1271,0.6711,-0.1904;2.2137,-0.2141,-0.1002;2.9391,-0.4876,-1.2387;2.6409,0.0658,-2.4770;3.4013,-0.2114,-3.5998;4.4962,-1.0549,-3.5163;5.3175,-1.3926,-4.7256;4.7964,-2.6658,-5.4022;5.6702,-3.0293,-6.5061;4.7894,-1.6196,-2.2855;4.0385,-1.3606,-1.1434;4.4957,-2.0018,-0.0288;3.7704,-1.9875,1.1794;0.7199,0.7322,0.8181;0.3529,0.2969,-0.8674;1.4435,1.6693,-0.5123;1.8013,0.7348,-2.5769;3.1351,0.2444,-4.5419;6.3576,-1.5597,-4.4457;5.2820,-0.5702,-5.4435;3.7471,-2.5062,-5.7060;4.8129,-3.4878,-4.6814;5.6657,-2.2987,-7.2110;5.3493,-3.8849,-6.9458;5.6310,-2.2857,-2.1765;4.3227,-2.6480,1.8483;2.7562,-2.3715,1.0466;3.7229,-0.9872,1.6145;</g>
	</geometry>
	<conformers/>
	<properties/>
</molecule>
