<?xml version="1.0" ?>
<!--MOLLI PACKAGE EXPERIMENTAL XML FORMAT-->
<molecule name="nuc1008">
	<atoms>
		<a id="1" s="C" t="C.3" l="C"/>
		<a id="2" s="C" t="C.3" l="C"/>
		<a id="3" s="C" t="C.3" l="C"/>
		<a id="4" s="C" t="C.3" l="C"/>
		<a id="5" s="Si" t="Si" l="SI"/>
		<a id="6" s="C" t="C.3" l="C"/>
		<a id="7" s="C" t="C.3" l="C"/>
		<a id="8" s="O" t="O.3" l="O"/>
		<a id="9" s="C" t="C.3" l="C"/>
		<a id="10" s="C" t="C.3" l="C"/>
		<a id="11" s="N" t="N.3" l="N"/>
		<a id="12" s="C" t="C.ar" l="C"/>
		<a id="13" s="C" t="C.ar" l="C"/>
		<a id="14" s="C" t="C.ar" l="C"/>
		<a id="15" s="C" t="C.ar" l="C"/>
		<a id="16" s="C" t="C.ar" l="C"/>
		<a id="17" s="C" t="C.ar" l="C"/>
		<a id="18" s="H" t="H" l="H"/>
		<a id="19" s="H" t="H" l="H"/>
		<a id="20" s="H" t="H" l="H"/>
		<a id="21" s="H" t="H" l="H"/>
		<a id="22" s="H" t="H" l="H"/>
		<a id="23" s="H" t="H" l="H"/>
		<a id="24" s="H" t="H" l="H"/>
		<a id="25" s="H" t="H" l="H"/>
		<a id="26" s="H" t="H" l="H"/>
		<a id="27" s="H" t="H" l="H"/>
		<a id="28" s="H" t="H" l="H"/>
		<a id="29" s="H" t="H" l="H"/>
		<a id="30" s="H" t="H" l="H"/>
		<a id="31" s="H" t="H" l="H"/>
		<a id="32" s="H" t="H" l="H"/>
		<a id="33" s="H" t="H" l="H"/>
		<a id="34" s="H" t="H" l="H"/>
		<a id="35" s="H" t="H" l="H"/>
		<a id="36" s="H" t="H" l="H"/>
		<a id="37" s="H" t="H" l="H"/>
		<a id="38" s="H" t="H" l="H"/>
		<a id="39" s="H" t="H" l="H"/>
		<a id="40" s="H" t="H" l="H"/>
		<a id="41" s="H" t="H" l="H"/>
		<a id="42" s="H" t="H" l="H"/>
	</atoms>
	<bonds>
		<b id="1" c="1 2" t="1"/>
		<b id="2" c="2 3" t="1"/>
		<b id="3" c="2 4" t="1"/>
		<b id="4" c="2 5" t="1"/>
		<b id="5" c="5 6" t="1"/>
		<b id="6" c="5 7" t="1"/>
		<b id="7" c="5 8" t="1"/>
		<b id="8" c="8 9" t="1"/>
		<b id="9" c="9 10" t="1"/>
		<b id="10" c="10 11" t="1"/>
		<b id="11" c="10 12" t="1"/>
		<b id="12" c="12 13" t="ar"/>
		<b id="13" c="13 14" t="ar"/>
		<b id="14" c="14 15" t="ar"/>
		<b id="15" c="15 16" t="ar"/>
		<b id="16" c="16 17" t="ar"/>
		<b id="17" c="12 17" t="ar"/>
		<b id="18" c="1 18" t="1"/>
		<b id="19" c="1 19" t="1"/>
		<b id="20" c="1 20" t="1"/>
		<b id="21" c="3 21" t="1"/>
		<b id="22" c="3 22" t="1"/>
		<b id="23" c="3 23" t="1"/>
		<b id="24" c="4 24" t="1"/>
		<b id="25" c="4 25" t="1"/>
		<b id="26" c="4 26" t="1"/>
		<b id="27" c="6 27" t="1"/>
		<b id="28" c="6 28" t="1"/>
		<b id="29" c="6 29" t="1"/>
		<b id="30" c="7 30" t="1"/>
		<b id="31" c="7 31" t="1"/>
		<b id="32" c="7 32" t="1"/>
		<b id="33" c="9 33" t="1"/>
		<b id="34" c="9 34" t="1"/>
		<b id="35" c="10 35" t="1"/>
		<b id="36" c="11 36" t="1"/>
		<b id="37" c="11 37" t="1"/>
		<b id="38" c="13 38" t="1"/>
		<b id="39" c="14 39" t="1"/>
		<b id="40" c="15 40" t="1"/>
		<b id="41" c="16 41" t="1"/>
		<b id="42" c="17 42" t="1"/>
	</bonds>
	<geometry>
		<g u="A" t="cart/3d">#42,3:3.3788,-0.9876,0.9494;2.6279,-0.0399,0.0122;1.1589,-0.0011,0.4302;3.2189,1.3627,0.1654;2.7642,-0.6296,-1.8077;2.0058,-2.3642,-2.0692;1.9224,0.5700,-3.0310;4.3847,-0.6606,-2.0339;5.0847,-1.0236,-3.1909;6.5959,-1.0443,-2.8689;6.9313,-1.9858,-1.8145;7.3805,-1.3289,-4.1256;8.1850,-0.3471,-4.6886;8.8958,-0.5937,-5.8501;8.8127,-1.8304,-6.4656;8.0132,-2.8162,-5.9134;7.3011,-2.5658,-4.7542;3.3037,-0.6421,1.9804;4.4311,-1.0314,0.6808;2.9660,-1.9925,0.8980;1.0644,0.3414,1.4603;0.7098,-0.9887,0.3592;0.5939,0.6767,-0.2049;3.1747,1.6832,1.2063;2.6662,2.0818,-0.4345;4.2579,1.3739,-0.1535;0.9418,-2.3774,-1.8591;2.4760,-3.1068,-1.4306;2.1340,-2.6912,-3.0978;0.8684,0.7028,-2.8119;1.9962,0.2000,-4.0502;2.3903,1.5499,-3.0068;4.8822,-0.3063,-3.9943;4.7577,-2.0145,-3.5273;6.8604,-0.0493,-2.4921;6.7418,-2.9363,-2.1150;6.3421,-1.7949,-1.0105;8.2573,0.6190,-4.2106;9.5177,0.1809,-6.2744;9.3683,-2.0261,-7.3707;7.9430,-3.7842,-6.3880;6.6797,-3.3463,-4.3389;</g>
	</geometry>
	<conformers/>
	<properties/>
</molecule>
