<?xml version="1.0" ?>
<!--MOLLI PACKAGE EXPERIMENTAL XML FORMAT-->
<molecule name="nuc1246">
	<atoms>
		<a id="1" s="N" t="N.3" l="N"/>
		<a id="2" s="C" t="C.3" l="C"/>
		<a id="3" s="C" t="C.3" l="C"/>
		<a id="4" s="F" t="F" l="F"/>
		<a id="5" s="F" t="F" l="F"/>
		<a id="6" s="C" t="C.3" l="C"/>
		<a id="7" s="F" t="F" l="F"/>
		<a id="8" s="F" t="F" l="F"/>
		<a id="9" s="F" t="F" l="F"/>
		<a id="10" s="H" t="H" l="H"/>
		<a id="11" s="H" t="H" l="H"/>
		<a id="12" s="H" t="H" l="H"/>
		<a id="13" s="H" t="H" l="H"/>
	</atoms>
	<bonds>
		<b id="1" c="1 2" t="1"/>
		<b id="2" c="2 3" t="1"/>
		<b id="3" c="3 4" t="1"/>
		<b id="4" c="3 5" t="1"/>
		<b id="5" c="3 6" t="1"/>
		<b id="6" c="6 7" t="1"/>
		<b id="7" c="6 8" t="1"/>
		<b id="8" c="6 9" t="1"/>
		<b id="9" c="1 10" t="1"/>
		<b id="10" c="1 11" t="1"/>
		<b id="11" c="2 12" t="1"/>
		<b id="12" c="2 13" t="1"/>
	</bonds>
	<geometry>
		<g u="A" t="cart/3d">#13,3:1.0562,0.0809,-0.0582;2.4931,0.2252,-0.0677;3.0256,0.0231,1.3526;2.5037,0.9471,2.1987;2.6860,-1.1820,1.8548;4.5698,0.1506,1.4137;5.1492,-0.7374,0.6008;4.9579,1.3644,1.0076;5.0521,-0.0402,2.6345;0.6782,0.1772,-0.9913;0.6222,0.7702,0.5452;2.8647,1.2075,-0.4111;2.9221,-0.5580,-0.6997;</g>
	</geometry>
	<conformers/>
	<properties/>
</molecule>
