<?xml version="1.0" ?>
<!--MOLLI PACKAGE EXPERIMENTAL XML FORMAT-->
<molecule name="nuc1248">
	<atoms>
		<a id="1" s="C" t="C.2" l="C"/>
		<a id="2" s="C" t="C.2" l="C"/>
		<a id="3" s="C" t="C.3" l="C"/>
		<a id="4" s="C" t="C.3" l="C"/>
		<a id="5" s="C" t="C.3" l="C"/>
		<a id="6" s="C" t="C.3" l="C"/>
		<a id="7" s="C" t="C.3" l="C"/>
		<a id="8" s="N" t="N.3" l="N"/>
		<a id="9" s="H" t="H" l="H"/>
		<a id="10" s="H" t="H" l="H"/>
		<a id="11" s="H" t="H" l="H"/>
		<a id="12" s="H" t="H" l="H"/>
		<a id="13" s="H" t="H" l="H"/>
		<a id="14" s="H" t="H" l="H"/>
		<a id="15" s="H" t="H" l="H"/>
		<a id="16" s="H" t="H" l="H"/>
		<a id="17" s="H" t="H" l="H"/>
		<a id="18" s="H" t="H" l="H"/>
		<a id="19" s="H" t="H" l="H"/>
		<a id="20" s="H" t="H" l="H"/>
		<a id="21" s="H" t="H" l="H"/>
		<a id="22" s="H" t="H" l="H"/>
		<a id="23" s="H" t="H" l="H"/>
	</atoms>
	<bonds>
		<b id="1" c="1 2" t="2"/>
		<b id="2" c="2 3" t="1"/>
		<b id="3" c="3 4" t="1"/>
		<b id="4" c="4 5" t="1"/>
		<b id="5" c="5 6" t="1"/>
		<b id="6" c="6 7" t="1"/>
		<b id="7" c="7 8" t="1"/>
		<b id="8" c="1 9" t="1"/>
		<b id="9" c="1 10" t="1"/>
		<b id="10" c="2 11" t="1"/>
		<b id="11" c="3 12" t="1"/>
		<b id="12" c="3 13" t="1"/>
		<b id="13" c="4 14" t="1"/>
		<b id="14" c="4 15" t="1"/>
		<b id="15" c="5 16" t="1"/>
		<b id="16" c="5 17" t="1"/>
		<b id="17" c="6 18" t="1"/>
		<b id="18" c="6 19" t="1"/>
		<b id="19" c="7 20" t="1"/>
		<b id="20" c="7 21" t="1"/>
		<b id="21" c="8 22" t="1"/>
		<b id="22" c="8 23" t="1"/>
	</bonds>
	<geometry>
		<g u="A" t="cart/3d">#23,3:4.5713,-2.4377,-1.0982;4.0623,-1.7011,-0.1290;4.8669,-1.0264,0.9353;4.6864,0.4938,0.8761;5.4224,1.2356,1.9919;6.9417,1.1703,1.8603;7.6402,2.0217,2.9182;9.0750,2.0280,2.6807;3.9561,-2.8998,-1.8517;5.6321,-2.6145,-1.1764;2.9934,-1.5367,-0.0740;5.9193,-1.2842,0.8135;4.5361,-1.3821,1.9159;3.6197,0.7213,0.9484;5.0369,0.8568,-0.0927;5.1228,0.8247,2.9596;5.1165,2.2847,1.9713;7.2447,1.5294,0.8757;7.2830,0.1381,1.9601;7.3661,1.6497,3.9216;7.2928,3.0563,2.8419;9.4466,1.0868,2.7581;9.5467,2.6038,3.3693;</g>
	</geometry>
	<conformers/>
	<properties/>
</molecule>
