<?xml version="1.0" ?>
<!--MOLLI PACKAGE EXPERIMENTAL XML FORMAT-->
<molecule name="nuc1249">
	<atoms>
		<a id="1" s="C" t="C.2" l="C"/>
		<a id="2" s="C" t="C.2" l="C"/>
		<a id="3" s="C" t="C.3" l="C"/>
		<a id="4" s="C" t="C.3" l="C"/>
		<a id="5" s="C" t="C.3" l="C"/>
		<a id="6" s="C" t="C.3" l="C"/>
		<a id="7" s="N" t="N.3" l="N"/>
		<a id="8" s="H" t="H" l="H"/>
		<a id="9" s="H" t="H" l="H"/>
		<a id="10" s="H" t="H" l="H"/>
		<a id="11" s="H" t="H" l="H"/>
		<a id="12" s="H" t="H" l="H"/>
		<a id="13" s="H" t="H" l="H"/>
		<a id="14" s="H" t="H" l="H"/>
		<a id="15" s="H" t="H" l="H"/>
		<a id="16" s="H" t="H" l="H"/>
		<a id="17" s="H" t="H" l="H"/>
		<a id="18" s="H" t="H" l="H"/>
		<a id="19" s="H" t="H" l="H"/>
		<a id="20" s="H" t="H" l="H"/>
	</atoms>
	<bonds>
		<b id="1" c="1 2" t="2"/>
		<b id="2" c="2 3" t="1"/>
		<b id="3" c="3 4" t="1"/>
		<b id="4" c="4 5" t="1"/>
		<b id="5" c="5 6" t="1"/>
		<b id="6" c="6 7" t="1"/>
		<b id="7" c="1 8" t="1"/>
		<b id="8" c="1 9" t="1"/>
		<b id="9" c="2 10" t="1"/>
		<b id="10" c="3 11" t="1"/>
		<b id="11" c="3 12" t="1"/>
		<b id="12" c="4 13" t="1"/>
		<b id="13" c="4 14" t="1"/>
		<b id="14" c="5 15" t="1"/>
		<b id="15" c="5 16" t="1"/>
		<b id="16" c="6 17" t="1"/>
		<b id="17" c="6 18" t="1"/>
		<b id="18" c="7 19" t="1"/>
		<b id="19" c="7 20" t="1"/>
	</bonds>
	<geometry>
		<g u="A" t="cart/3d">#20,3:1.5081,0.4837,-0.8881;2.3537,-0.1111,-0.0684;3.1255,-1.3495,-0.3938;4.6343,-1.0983,-0.3177;5.4360,-2.3592,-0.6243;6.9412,-2.1144,-0.5469;7.6588,-3.3171,-0.9396;0.9771,1.3791,-0.6124;1.3065,0.0944,-1.8728;2.5395,0.3020,0.9152;2.8625,-1.7000,-1.3935;2.8617,-2.1347,0.3214;4.8907,-0.7385,0.6822;4.9018,-0.3143,-1.0298;5.1972,-2.7196,-1.6260;5.1653,-3.1462,0.0847;7.1998,-1.7649,0.4686;7.2181,-1.3234,-1.2502;7.4461,-4.0748,-0.2984;8.6600,-3.1597,-0.9108;</g>
	</geometry>
	<conformers/>
	<properties/>
</molecule>
