<?xml version="1.0" ?>
<!--MOLLI PACKAGE EXPERIMENTAL XML FORMAT-->
<molecule name="nuc1251">
	<atoms>
		<a id="1" s="C" t="C.3" l="C"/>
		<a id="2" s="C" t="C.3" l="C"/>
		<a id="3" s="C" t="C.3" l="C"/>
		<a id="4" s="C" t="C.3" l="C"/>
		<a id="5" s="O" t="O.3" l="O"/>
		<a id="6" s="C" t="C.2" l="C"/>
		<a id="7" s="O" t="O.2" l="O"/>
		<a id="8" s="N" t="N.am" l="N"/>
		<a id="9" s="C" t="C.3" l="C"/>
		<a id="10" s="C" t="C.3" l="C"/>
		<a id="11" s="C" t="C.3" l="C"/>
		<a id="12" s="N" t="N.3" l="N"/>
		<a id="13" s="C" t="C.3" l="C"/>
		<a id="14" s="O" t="O.3" l="O"/>
		<a id="15" s="C" t="C.3" l="C"/>
		<a id="16" s="C" t="C.3" l="C"/>
		<a id="17" s="C" t="C.3" l="C"/>
		<a id="18" s="C" t="C.3" l="C"/>
		<a id="19" s="O" t="O.3" l="O"/>
		<a id="20" s="C" t="C.3" l="C"/>
		<a id="21" s="C" t="C.3" l="C"/>
		<a id="22" s="C" t="C.3" l="C"/>
		<a id="23" s="H" t="H" l="H"/>
		<a id="24" s="H" t="H" l="H"/>
		<a id="25" s="H" t="H" l="H"/>
		<a id="26" s="H" t="H" l="H"/>
		<a id="27" s="H" t="H" l="H"/>
		<a id="28" s="H" t="H" l="H"/>
		<a id="29" s="H" t="H" l="H"/>
		<a id="30" s="H" t="H" l="H"/>
		<a id="31" s="H" t="H" l="H"/>
		<a id="32" s="H" t="H" l="H"/>
		<a id="33" s="H" t="H" l="H"/>
		<a id="34" s="H" t="H" l="H"/>
		<a id="35" s="H" t="H" l="H"/>
		<a id="36" s="H" t="H" l="H"/>
		<a id="37" s="H" t="H" l="H"/>
		<a id="38" s="H" t="H" l="H"/>
		<a id="39" s="H" t="H" l="H"/>
		<a id="40" s="H" t="H" l="H"/>
		<a id="41" s="H" t="H" l="H"/>
		<a id="42" s="H" t="H" l="H"/>
		<a id="43" s="H" t="H" l="H"/>
		<a id="44" s="H" t="H" l="H"/>
		<a id="45" s="H" t="H" l="H"/>
		<a id="46" s="H" t="H" l="H"/>
		<a id="47" s="H" t="H" l="H"/>
		<a id="48" s="H" t="H" l="H"/>
		<a id="49" s="H" t="H" l="H"/>
		<a id="50" s="H" t="H" l="H"/>
		<a id="51" s="H" t="H" l="H"/>
		<a id="52" s="H" t="H" l="H"/>
	</atoms>
	<bonds>
		<b id="1" c="1 2" t="1"/>
		<b id="2" c="2 3" t="1"/>
		<b id="3" c="2 4" t="1"/>
		<b id="4" c="2 5" t="1"/>
		<b id="5" c="5 6" t="1"/>
		<b id="6" c="6 7" t="2"/>
		<b id="7" c="6 8" t="am"/>
		<b id="8" c="8 9" t="1"/>
		<b id="9" c="9 10" t="1"/>
		<b id="10" c="10 11" t="1"/>
		<b id="11" c="11 13" t="1"/>
		<b id="12" c="13 14" t="1"/>
		<b id="13" c="14 15" t="1"/>
		<b id="14" c="15 16" t="1"/>
		<b id="15" c="16 17" t="1"/>
		<b id="16" c="17 18" t="1"/>
		<b id="17" c="18 19" t="1"/>
		<b id="18" c="19 20" t="1"/>
		<b id="19" c="20 21" t="1"/>
		<b id="20" c="16 21" t="1"/>
		<b id="21" c="13 22" t="1"/>
		<b id="22" c="8 22" t="1"/>
		<b id="23" c="11 12" t="1"/>
		<b id="24" c="1 23" t="1"/>
		<b id="25" c="1 24" t="1"/>
		<b id="26" c="1 25" t="1"/>
		<b id="27" c="3 26" t="1"/>
		<b id="28" c="3 27" t="1"/>
		<b id="29" c="3 28" t="1"/>
		<b id="30" c="4 29" t="1"/>
		<b id="31" c="4 30" t="1"/>
		<b id="32" c="4 31" t="1"/>
		<b id="33" c="9 32" t="1"/>
		<b id="34" c="9 33" t="1"/>
		<b id="35" c="10 34" t="1"/>
		<b id="36" c="10 35" t="1"/>
		<b id="37" c="11 36" t="1"/>
		<b id="38" c="12 37" t="1"/>
		<b id="39" c="12 38" t="1"/>
		<b id="40" c="13 39" t="1"/>
		<b id="41" c="15 40" t="1"/>
		<b id="42" c="15 41" t="1"/>
		<b id="43" c="16 42" t="1"/>
		<b id="44" c="17 43" t="1"/>
		<b id="45" c="17 44" t="1"/>
		<b id="46" c="18 45" t="1"/>
		<b id="47" c="18 46" t="1"/>
		<b id="48" c="20 47" t="1"/>
		<b id="49" c="20 48" t="1"/>
		<b id="50" c="21 49" t="1"/>
		<b id="51" c="21 50" t="1"/>
		<b id="52" c="22 51" t="1"/>
		<b id="53" c="22 52" t="1"/>
	</bonds>
	<geometry>
		<g u="A" t="cart/3d">#52,3:3.9113,0.4097,1.5557;2.9321,0.3835,0.3828;2.6774,-1.0477,-0.0890;1.6162,1.0605,0.7703;3.4301,1.1933,-0.7093;4.5994,0.8891,-1.2985;5.3091,-0.0503,-1.0191;4.9279,1.8044,-2.2491;4.0477,2.8514,-2.7173;3.5272,2.5207,-4.1158;4.6906,2.2872,-5.0813;4.1853,2.0009,-6.4117;5.5914,1.1642,-4.5077;6.6276,0.7785,-5.3875;7.6970,1.6849,-5.5805;8.5813,1.1174,-6.6966;9.8820,1.9105,-6.8618;9.6285,3.2532,-7.5512;8.9857,3.0976,-8.7940;7.7313,2.4678,-8.6599;7.8559,1.0725,-8.0469;6.0688,1.5608,-3.0996;3.4844,-0.1232,2.4006;4.1132,1.4374,1.8505;4.8464,-0.0651,1.2725;2.2246,-1.6224,0.7139;3.6134,-1.5176,-0.3773;2.0050,-1.0453,-0.9445;1.1517,0.5243,1.5923;0.9364,1.0685,-0.0778;1.8004,2.0873,1.0752;4.6168,3.7881,-2.7465;3.2242,2.9601,-2.0140;2.9071,3.3344,-4.4912;2.9144,1.6178,-4.0689;5.2764,3.2126,-5.1558;3.5845,1.1825,-6.3832;4.9607,1.7799,-7.0288;4.9885,0.2503,-4.4198;8.2954,1.7716,-4.6628;7.3210,2.6806,-5.8424;8.8198,0.0910,-6.3990;10.5663,1.3301,-7.4835;10.3563,2.0812,-5.8943;10.5741,3.7547,-7.7693;9.0289,3.9066,-6.8979;7.3228,2.4071,-9.6711;7.0624,3.0978,-8.0527;8.4312,0.4457,-8.7310;6.8692,0.6272,-7.9210;6.6684,2.4765,-3.1467;6.6606,0.7564,-2.6595;</g>
	</geometry>
	<conformers/>
	<properties/>
</molecule>
