<?xml version="1.0" ?>
<!--MOLLI PACKAGE EXPERIMENTAL XML FORMAT-->
<molecule name="nuc1252">
	<atoms>
		<a id="1" s="C" t="C.3" l="C"/>
		<a id="2" s="C" t="C.3" l="C"/>
		<a id="3" s="N" t="N.pl3" l="N"/>
		<a id="4" s="C" t="C.ar" l="C"/>
		<a id="5" s="C" t="C.ar" l="C"/>
		<a id="6" s="C" t="C.ar" l="C"/>
		<a id="7" s="C" t="C.ar" l="C"/>
		<a id="8" s="N" t="N.pl3" l="N"/>
		<a id="9" s="C" t="C.ar" l="C"/>
		<a id="10" s="C" t="C.ar" l="C"/>
		<a id="11" s="H" t="H" l="H"/>
		<a id="12" s="H" t="H" l="H"/>
		<a id="13" s="H" t="H" l="H"/>
		<a id="14" s="H" t="H" l="H"/>
		<a id="15" s="H" t="H" l="H"/>
		<a id="16" s="H" t="H" l="H"/>
		<a id="17" s="H" t="H" l="H"/>
		<a id="18" s="H" t="H" l="H"/>
		<a id="19" s="H" t="H" l="H"/>
		<a id="20" s="H" t="H" l="H"/>
		<a id="21" s="H" t="H" l="H"/>
		<a id="22" s="H" t="H" l="H"/>
	</atoms>
	<bonds>
		<b id="1" c="1 2" t="1"/>
		<b id="2" c="2 3" t="1"/>
		<b id="3" c="3 4" t="1"/>
		<b id="4" c="4 5" t="ar"/>
		<b id="5" c="5 6" t="ar"/>
		<b id="6" c="6 7" t="ar"/>
		<b id="7" c="7 8" t="1"/>
		<b id="8" c="7 9" t="ar"/>
		<b id="9" c="9 10" t="ar"/>
		<b id="10" c="4 10" t="ar"/>
		<b id="11" c="1 11" t="1"/>
		<b id="12" c="1 12" t="1"/>
		<b id="13" c="1 13" t="1"/>
		<b id="14" c="2 14" t="1"/>
		<b id="15" c="2 15" t="1"/>
		<b id="16" c="3 16" t="1"/>
		<b id="17" c="5 17" t="1"/>
		<b id="18" c="6 18" t="1"/>
		<b id="19" c="8 19" t="1"/>
		<b id="20" c="8 20" t="1"/>
		<b id="21" c="9 21" t="1"/>
		<b id="22" c="10 22" t="1"/>
	</bonds>
	<geometry>
		<g u="A" t="cart/3d">#22,3:2.3155,1.1961,1.2417;2.0459,-0.0225,0.3706;2.2506,-1.2300,1.1384;2.1323,-2.4894,0.5711;1.4216,-2.7254,-0.6049;1.2714,-4.0088,-1.0945;1.8233,-5.1014,-0.4329;1.6032,-6.3989,-0.8874;2.5416,-4.8674,0.7380;2.6931,-3.5878,1.2271;2.1090,2.1078,0.6870;3.3556,1.2169,1.5626;1.6798,1.1720,2.1234;2.6925,0.0087,-0.5230;1.0047,-0.0008,0.0338;3.0089,-1.1605,1.8028;0.9807,-1.9051,-1.1493;0.7164,-4.1686,-2.0084;1.3831,-6.4731,-1.8687;2.2834,-7.0775,-0.5808;2.9864,-5.7009,1.2641;3.2564,-3.4272,2.1365;</g>
	</geometry>
	<conformers/>
	<properties/>
</molecule>
