<?xml version="1.0" ?>
<!--MOLLI PACKAGE EXPERIMENTAL XML FORMAT-->
<molecule name="nuc1253">
	<atoms>
		<a id="1" s="C" t="C.3" l="C"/>
		<a id="2" s="C" t="C.3" l="C"/>
		<a id="3" s="N" t="N.3" l="N"/>
		<a id="4" s="C" t="C.3" l="C"/>
		<a id="5" s="C" t="C.3" l="C"/>
		<a id="6" s="N" t="N.3" l="N"/>
		<a id="7" s="C" t="C.3" l="C"/>
		<a id="8" s="C" t="C.3" l="C"/>
		<a id="9" s="C" t="C.3" l="C"/>
		<a id="10" s="C" t="C.3" l="C"/>
		<a id="11" s="C" t="C.3" l="C"/>
		<a id="12" s="C" t="C.3" l="C"/>
		<a id="13" s="C" t="C.3" l="C"/>
		<a id="14" s="C" t="C.3" l="C"/>
		<a id="15" s="C" t="C.3" l="C"/>
		<a id="16" s="C" t="C.3" l="C"/>
		<a id="17" s="C" t="C.3" l="C"/>
		<a id="18" s="H" t="H" l="H"/>
		<a id="19" s="H" t="H" l="H"/>
		<a id="20" s="H" t="H" l="H"/>
		<a id="21" s="H" t="H" l="H"/>
		<a id="22" s="H" t="H" l="H"/>
		<a id="23" s="H" t="H" l="H"/>
		<a id="24" s="H" t="H" l="H"/>
		<a id="25" s="H" t="H" l="H"/>
		<a id="26" s="H" t="H" l="H"/>
		<a id="27" s="H" t="H" l="H"/>
		<a id="28" s="H" t="H" l="H"/>
		<a id="29" s="H" t="H" l="H"/>
		<a id="30" s="H" t="H" l="H"/>
		<a id="31" s="H" t="H" l="H"/>
		<a id="32" s="H" t="H" l="H"/>
		<a id="33" s="H" t="H" l="H"/>
		<a id="34" s="H" t="H" l="H"/>
		<a id="35" s="H" t="H" l="H"/>
		<a id="36" s="H" t="H" l="H"/>
		<a id="37" s="H" t="H" l="H"/>
		<a id="38" s="H" t="H" l="H"/>
		<a id="39" s="H" t="H" l="H"/>
		<a id="40" s="H" t="H" l="H"/>
		<a id="41" s="H" t="H" l="H"/>
		<a id="42" s="H" t="H" l="H"/>
		<a id="43" s="H" t="H" l="H"/>
		<a id="44" s="H" t="H" l="H"/>
		<a id="45" s="H" t="H" l="H"/>
	</atoms>
	<bonds>
		<b id="1" c="1 2" t="1"/>
		<b id="2" c="2 3" t="1"/>
		<b id="3" c="2 4" t="1"/>
		<b id="4" c="4 5" t="1"/>
		<b id="5" c="5 6" t="1"/>
		<b id="6" c="6 7" t="1"/>
		<b id="7" c="7 8" t="1"/>
		<b id="8" c="8 9" t="1"/>
		<b id="9" c="9 10" t="1"/>
		<b id="10" c="10 11" t="1"/>
		<b id="11" c="11 12" t="1"/>
		<b id="12" c="12 13" t="1"/>
		<b id="13" c="13 14" t="1"/>
		<b id="14" c="14 15" t="1"/>
		<b id="15" c="10 15" t="1"/>
		<b id="16" c="14 16" t="1"/>
		<b id="17" c="8 16" t="1"/>
		<b id="18" c="12 17" t="1"/>
		<b id="19" c="8 17" t="1"/>
		<b id="20" c="1 18" t="1"/>
		<b id="21" c="1 19" t="1"/>
		<b id="22" c="1 20" t="1"/>
		<b id="23" c="2 21" t="1"/>
		<b id="24" c="3 22" t="1"/>
		<b id="25" c="3 23" t="1"/>
		<b id="26" c="4 24" t="1"/>
		<b id="27" c="4 25" t="1"/>
		<b id="28" c="5 26" t="1"/>
		<b id="29" c="5 27" t="1"/>
		<b id="30" c="6 28" t="1"/>
		<b id="31" c="7 29" t="1"/>
		<b id="32" c="7 30" t="1"/>
		<b id="33" c="9 31" t="1"/>
		<b id="34" c="9 32" t="1"/>
		<b id="35" c="10 33" t="1"/>
		<b id="36" c="11 34" t="1"/>
		<b id="37" c="11 35" t="1"/>
		<b id="38" c="12 36" t="1"/>
		<b id="39" c="13 37" t="1"/>
		<b id="40" c="13 38" t="1"/>
		<b id="41" c="14 39" t="1"/>
		<b id="42" c="15 40" t="1"/>
		<b id="43" c="15 41" t="1"/>
		<b id="44" c="16 42" t="1"/>
		<b id="45" c="16 43" t="1"/>
		<b id="46" c="17 44" t="1"/>
		<b id="47" c="17 45" t="1"/>
	</bonds>
	<geometry>
		<g u="A" t="cart/3d">#45,3:7.2480,4.1933,1.8551;6.8386,2.8561,1.2217;7.5264,2.5814,-0.0308;7.0920,1.7033,2.1963;6.6043,0.3703,1.6389;6.9684,-0.7180,2.5262;6.4837,-2.0019,2.0595;6.8920,-3.1657,2.9758;6.2169,-3.0563,4.3472;6.6189,-4.2390,5.2272;6.1848,-5.5447,4.5651;6.8650,-5.6662,3.2032;8.3814,-5.6701,3.3882;8.8124,-4.3625,4.0512;8.1350,-4.2383,5.4148;8.4104,-3.1833,3.1668;6.4603,-4.4844,2.3239;7.0665,5.0133,1.1621;8.3074,4.1815,2.1075;6.6792,4.3793,2.7625;5.7667,2.8906,0.9874;8.5267,2.5201,0.1319;7.3656,3.3326,-0.6930;6.5847,1.9149,3.1403;8.1618,1.6245,2.3990;7.0818,0.1945,0.6719;5.5133,0.4234,1.4667;6.5890,-0.5284,3.4500;6.9201,-2.1638,1.0680;5.3831,-2.0105,1.9380;5.1307,-3.0374,4.2232;6.5184,-2.1293,4.8396;6.1296,-4.1451,6.2042;5.0991,-5.5568,4.4417;6.4593,-6.3928,5.1968;6.5529,-6.5999,2.7206;8.8738,-5.7759,2.4188;8.6776,-6.5191,4.0091;9.9005,-4.3626,4.1835;8.4488,-3.3124,5.9023;8.4307,-5.0721,6.0561;8.8977,-3.2660,2.1932;8.7272,-2.2414,3.6161;5.3773,-4.4860,2.1762;6.9296,-4.5777,1.3417;</g>
	</geometry>
	<conformers/>
	<properties/>
</molecule>
