<?xml version="1.0" ?>
<!--MOLLI PACKAGE EXPERIMENTAL XML FORMAT-->
<molecule name="nuc1254">
	<atoms>
		<a id="1" s="C" t="C.3" l="C"/>
		<a id="2" s="C" t="C.3" l="C"/>
		<a id="3" s="N" t="N.3" l="N"/>
		<a id="4" s="C" t="C.3" l="C"/>
		<a id="5" s="C" t="C.3" l="C"/>
		<a id="6" s="C" t="C.3" l="C"/>
		<a id="7" s="N" t="N.3" l="N"/>
		<a id="8" s="C" t="C.3" l="C"/>
		<a id="9" s="C" t="C.3" l="C"/>
		<a id="10" s="C" t="C.3" l="C"/>
		<a id="11" s="C" t="C.3" l="C"/>
		<a id="12" s="C" t="C.3" l="C"/>
		<a id="13" s="C" t="C.3" l="C"/>
		<a id="14" s="C" t="C.3" l="C"/>
		<a id="15" s="C" t="C.3" l="C"/>
		<a id="16" s="C" t="C.3" l="C"/>
		<a id="17" s="C" t="C.3" l="C"/>
		<a id="18" s="C" t="C.3" l="C"/>
		<a id="19" s="C" t="C.3" l="C"/>
		<a id="20" s="H" t="H" l="H"/>
		<a id="21" s="H" t="H" l="H"/>
		<a id="22" s="H" t="H" l="H"/>
		<a id="23" s="H" t="H" l="H"/>
		<a id="24" s="H" t="H" l="H"/>
		<a id="25" s="H" t="H" l="H"/>
		<a id="26" s="H" t="H" l="H"/>
		<a id="27" s="H" t="H" l="H"/>
		<a id="28" s="H" t="H" l="H"/>
		<a id="29" s="H" t="H" l="H"/>
		<a id="30" s="H" t="H" l="H"/>
		<a id="31" s="H" t="H" l="H"/>
		<a id="32" s="H" t="H" l="H"/>
		<a id="33" s="H" t="H" l="H"/>
		<a id="34" s="H" t="H" l="H"/>
		<a id="35" s="H" t="H" l="H"/>
		<a id="36" s="H" t="H" l="H"/>
		<a id="37" s="H" t="H" l="H"/>
		<a id="38" s="H" t="H" l="H"/>
		<a id="39" s="H" t="H" l="H"/>
		<a id="40" s="H" t="H" l="H"/>
		<a id="41" s="H" t="H" l="H"/>
		<a id="42" s="H" t="H" l="H"/>
		<a id="43" s="H" t="H" l="H"/>
		<a id="44" s="H" t="H" l="H"/>
		<a id="45" s="H" t="H" l="H"/>
		<a id="46" s="H" t="H" l="H"/>
		<a id="47" s="H" t="H" l="H"/>
		<a id="48" s="H" t="H" l="H"/>
		<a id="49" s="H" t="H" l="H"/>
		<a id="50" s="H" t="H" l="H"/>
		<a id="51" s="H" t="H" l="H"/>
	</atoms>
	<bonds>
		<b id="1" c="1 2" t="1"/>
		<b id="2" c="2 3" t="1"/>
		<b id="3" c="2 4" t="1"/>
		<b id="4" c="4 5" t="1"/>
		<b id="5" c="5 6" t="1"/>
		<b id="6" c="6 7" t="1"/>
		<b id="7" c="7 8" t="1"/>
		<b id="8" c="8 9" t="1"/>
		<b id="9" c="9 10" t="1"/>
		<b id="10" c="10 11" t="1"/>
		<b id="11" c="11 12" t="1"/>
		<b id="12" c="12 13" t="1"/>
		<b id="13" c="13 14" t="1"/>
		<b id="14" c="14 15" t="1"/>
		<b id="15" c="15 16" t="1"/>
		<b id="16" c="16 17" t="1"/>
		<b id="17" c="12 17" t="1"/>
		<b id="18" c="16 18" t="1"/>
		<b id="19" c="10 18" t="1"/>
		<b id="20" c="14 19" t="1"/>
		<b id="21" c="10 19" t="1"/>
		<b id="22" c="1 20" t="1"/>
		<b id="23" c="1 21" t="1"/>
		<b id="24" c="1 22" t="1"/>
		<b id="25" c="2 23" t="1"/>
		<b id="26" c="3 24" t="1"/>
		<b id="27" c="3 25" t="1"/>
		<b id="28" c="4 26" t="1"/>
		<b id="29" c="4 27" t="1"/>
		<b id="30" c="5 28" t="1"/>
		<b id="31" c="5 29" t="1"/>
		<b id="32" c="6 30" t="1"/>
		<b id="33" c="6 31" t="1"/>
		<b id="34" c="7 32" t="1"/>
		<b id="35" c="8 33" t="1"/>
		<b id="36" c="8 34" t="1"/>
		<b id="37" c="9 35" t="1"/>
		<b id="38" c="9 36" t="1"/>
		<b id="39" c="11 37" t="1"/>
		<b id="40" c="11 38" t="1"/>
		<b id="41" c="12 39" t="1"/>
		<b id="42" c="13 40" t="1"/>
		<b id="43" c="13 41" t="1"/>
		<b id="44" c="14 42" t="1"/>
		<b id="45" c="15 43" t="1"/>
		<b id="46" c="15 44" t="1"/>
		<b id="47" c="16 45" t="1"/>
		<b id="48" c="17 46" t="1"/>
		<b id="49" c="17 47" t="1"/>
		<b id="50" c="18 48" t="1"/>
		<b id="51" c="18 49" t="1"/>
		<b id="52" c="19 50" t="1"/>
		<b id="53" c="19 51" t="1"/>
	</bonds>
	<geometry>
		<g u="A" t="cart/3d">#51,3:7.2018,0.1059,-4.6338;6.6476,0.0913,-3.2022;5.1926,0.0771,-3.1514;7.1836,-1.1201,-2.4345;6.7933,-1.0850,-0.9600;7.2137,-2.3603,-0.2379;6.9584,-2.2511,1.1870;7.1550,-3.4895,1.9245;8.6478,-3.7541,2.1326;9.0110,-4.9883,2.9759;8.5487,-6.2834,2.2996;8.9852,-7.4960,3.1218;10.5075,-7.5212,3.2399;10.9773,-6.2427,3.9304;10.3643,-6.1577,5.3263;8.8425,-6.1349,5.2035;8.3678,-7.4143,4.5167;8.4042,-4.9228,4.3809;10.5401,-5.0315,3.1099;6.8117,0.9596,-5.1859;6.9154,-0.8050,-5.1580;8.2867,0.1709,-4.6236;6.9691,1.0055,-2.6885;4.8400,-0.7469,-3.6291;4.8156,0.8912,-3.6242;8.2709,-1.1490,-2.5255;6.7853,-2.0300,-2.8916;5.7127,-0.9518,-0.8868;7.2700,-0.2339,-0.4720;8.2874,-2.5146,-0.3786;6.6906,-3.2276,-0.6845;6.0035,-1.9304,1.3180;6.6879,-4.3468,1.4089;6.6702,-3.3671,2.8949;9.0718,-2.8641,2.6022;9.1215,-3.8658,1.1555;8.9731,-6.3454,1.2944;7.4612,-6.2879,2.2056;8.6429,-8.4112,2.6242;10.9574,-7.5948,2.2470;10.8222,-8.3946,3.8159;12.0707,-6.2509,4.0106;10.7111,-5.2527,5.8305;10.6772,-7.0163,5.9252;8.3970,-6.0713,6.2034;7.2777,-7.4145,4.4419;8.6630,-8.2855,5.1062;8.7213,-4.0019,4.8755;7.3146,-4.9133,4.3179;10.9932,-5.0776,2.1165;10.8899,-4.1155,3.5918;</g>
	</geometry>
	<conformers/>
	<properties/>
</molecule>
