<?xml version="1.0" ?>
<!--MOLLI PACKAGE EXPERIMENTAL XML FORMAT-->
<molecule name="nuc1257">
	<atoms>
		<a id="1" s="C" t="C.3" l="C"/>
		<a id="2" s="C" t="C.3" l="C"/>
		<a id="3" s="C" t="C.3" l="C"/>
		<a id="4" s="C" t="C.3" l="C"/>
		<a id="5" s="O" t="O.3" l="O"/>
		<a id="6" s="C" t="C.2" l="C"/>
		<a id="7" s="O" t="O.2" l="O"/>
		<a id="8" s="N" t="N.am" l="N"/>
		<a id="9" s="C" t="C.3" l="C"/>
		<a id="10" s="C" t="C.3" l="C"/>
		<a id="11" s="C" t="C.3" l="C"/>
		<a id="12" s="N" t="N.3" l="N"/>
		<a id="13" s="C" t="C.3" l="C"/>
		<a id="14" s="O" t="O.3" l="O"/>
		<a id="15" s="Si" t="Si" l="SI"/>
		<a id="16" s="C" t="C.3" l="C"/>
		<a id="17" s="C" t="C.3" l="C"/>
		<a id="18" s="C" t="C.3" l="C"/>
		<a id="19" s="C" t="C.3" l="C"/>
		<a id="20" s="C" t="C.3" l="C"/>
		<a id="21" s="C" t="C.3" l="C"/>
		<a id="22" s="C" t="C.3" l="C"/>
		<a id="23" s="H" t="H" l="H"/>
		<a id="24" s="H" t="H" l="H"/>
		<a id="25" s="H" t="H" l="H"/>
		<a id="26" s="H" t="H" l="H"/>
		<a id="27" s="H" t="H" l="H"/>
		<a id="28" s="H" t="H" l="H"/>
		<a id="29" s="H" t="H" l="H"/>
		<a id="30" s="H" t="H" l="H"/>
		<a id="31" s="H" t="H" l="H"/>
		<a id="32" s="H" t="H" l="H"/>
		<a id="33" s="H" t="H" l="H"/>
		<a id="34" s="H" t="H" l="H"/>
		<a id="35" s="H" t="H" l="H"/>
		<a id="36" s="H" t="H" l="H"/>
		<a id="37" s="H" t="H" l="H"/>
		<a id="38" s="H" t="H" l="H"/>
		<a id="39" s="H" t="H" l="H"/>
		<a id="40" s="H" t="H" l="H"/>
		<a id="41" s="H" t="H" l="H"/>
		<a id="42" s="H" t="H" l="H"/>
		<a id="43" s="H" t="H" l="H"/>
		<a id="44" s="H" t="H" l="H"/>
		<a id="45" s="H" t="H" l="H"/>
		<a id="46" s="H" t="H" l="H"/>
		<a id="47" s="H" t="H" l="H"/>
		<a id="48" s="H" t="H" l="H"/>
		<a id="49" s="H" t="H" l="H"/>
		<a id="50" s="H" t="H" l="H"/>
		<a id="51" s="H" t="H" l="H"/>
		<a id="52" s="H" t="H" l="H"/>
		<a id="53" s="H" t="H" l="H"/>
		<a id="54" s="H" t="H" l="H"/>
		<a id="55" s="H" t="H" l="H"/>
		<a id="56" s="H" t="H" l="H"/>
	</atoms>
	<bonds>
		<b id="1" c="1 2" t="1"/>
		<b id="2" c="2 3" t="1"/>
		<b id="3" c="2 4" t="1"/>
		<b id="4" c="2 5" t="1"/>
		<b id="5" c="5 6" t="1"/>
		<b id="6" c="6 7" t="2"/>
		<b id="7" c="6 8" t="am"/>
		<b id="8" c="8 9" t="1"/>
		<b id="9" c="9 10" t="1"/>
		<b id="10" c="10 11" t="1"/>
		<b id="11" c="11 12" t="1"/>
		<b id="12" c="11 13" t="1"/>
		<b id="13" c="14 15" t="1"/>
		<b id="14" c="15 16" t="1"/>
		<b id="15" c="15 17" t="1"/>
		<b id="16" c="15 18" t="1"/>
		<b id="17" c="18 19" t="1"/>
		<b id="18" c="18 20" t="1"/>
		<b id="19" c="18 21" t="1"/>
		<b id="20" c="13 22" t="1"/>
		<b id="21" c="8 22" t="1"/>
		<b id="22" c="13 14" t="1"/>
		<b id="23" c="1 23" t="1"/>
		<b id="24" c="1 24" t="1"/>
		<b id="25" c="1 25" t="1"/>
		<b id="26" c="3 26" t="1"/>
		<b id="27" c="3 27" t="1"/>
		<b id="28" c="3 28" t="1"/>
		<b id="29" c="4 29" t="1"/>
		<b id="30" c="4 30" t="1"/>
		<b id="31" c="4 31" t="1"/>
		<b id="32" c="9 32" t="1"/>
		<b id="33" c="9 33" t="1"/>
		<b id="34" c="10 34" t="1"/>
		<b id="35" c="10 35" t="1"/>
		<b id="36" c="11 36" t="1"/>
		<b id="37" c="12 37" t="1"/>
		<b id="38" c="12 38" t="1"/>
		<b id="39" c="13 39" t="1"/>
		<b id="40" c="16 40" t="1"/>
		<b id="41" c="16 41" t="1"/>
		<b id="42" c="16 42" t="1"/>
		<b id="43" c="17 43" t="1"/>
		<b id="44" c="17 44" t="1"/>
		<b id="45" c="17 45" t="1"/>
		<b id="46" c="19 46" t="1"/>
		<b id="47" c="19 47" t="1"/>
		<b id="48" c="19 48" t="1"/>
		<b id="49" c="20 49" t="1"/>
		<b id="50" c="20 50" t="1"/>
		<b id="51" c="20 51" t="1"/>
		<b id="52" c="21 52" t="1"/>
		<b id="53" c="21 53" t="1"/>
		<b id="54" c="21 54" t="1"/>
		<b id="55" c="22 55" t="1"/>
		<b id="56" c="22 56" t="1"/>
	</bonds>
	<geometry>
		<g u="A" t="cart/3d">#56,3:4.7894,-1.8753,-0.9913;3.6627,-1.5869,0.0002;2.8190,-0.3970,-0.4561;2.7826,-2.8249,0.1840;4.2008,-1.3454,1.3220;5.0098,-0.2945,1.5410;5.3956,0.4857,0.6973;5.3778,-0.2096,2.8418;5.0091,-1.1576,3.8671;4.2930,-0.4466,5.0136;5.1608,0.6841,5.5938;6.3597,0.2616,6.2938;5.5284,1.6509,4.4510;4.3543,2.3023,4.0756;3.9606,3.6070,3.1718;3.7367,3.1779,1.3293;2.2634,4.0421,3.9176;5.1965,5.0816,3.3707;6.5471,4.7557,2.7251;4.6404,6.3418,2.7017;5.4233,5.3928,4.8534;6.1846,0.9019,3.2841;4.3679,-2.1380,-1.9575;5.3992,-2.7027,-0.6343;5.4192,-0.9977,-1.1051;2.3267,-0.6360,-1.3947;3.4487,0.4764,-0.5975;2.0632,-0.1680,0.2925;2.3211,-3.0958,-0.7608;2.0037,-2.6231,0.9149;3.3815,-3.6598,0.5385;5.9209,-1.6494,4.2357;4.3644,-1.9172,3.4280;4.0408,-1.1673,5.7945;3.3732,0.0006,4.6364;4.5585,1.2529,6.3120;6.9521,-0.2992,5.6918;6.1125,-0.3039,7.0978;6.2577,2.3755,4.8362;2.8140,2.6224,1.1882;4.5409,2.5596,0.9437;3.6732,4.0649,0.7074;1.6095,3.1766,3.9050;1.7788,4.8263,3.3469;2.3398,4.3765,4.9466;6.4248,4.5126,1.6722;7.0225,3.9100,3.2171;7.2198,5.6106,2.8006;4.5011,6.1856,1.6353;5.3272,7.1774,2.8354;3.6819,6.6170,3.1343;5.7994,4.5226,5.3864;4.4945,5.7029,5.3260;6.1477,6.1997,4.9667;7.1721,0.5448,3.6034;6.3089,1.5773,2.4371;</g>
	</geometry>
	<conformers/>
	<properties/>
</molecule>
