<?xml version="1.0" ?>
<!--MOLLI PACKAGE EXPERIMENTAL XML FORMAT-->
<molecule name="nuc1258">
	<atoms>
		<a id="1" s="C" t="C.3" l="C"/>
		<a id="2" s="O" t="O.3" l="O"/>
		<a id="3" s="C" t="C.2" l="C"/>
		<a id="4" s="O" t="O.2" l="O"/>
		<a id="5" s="C" t="C.ar" l="C"/>
		<a id="6" s="C" t="C.ar" l="C"/>
		<a id="7" s="N" t="N.ar" l="N"/>
		<a id="8" s="C" t="C.ar" l="C"/>
		<a id="9" s="N" t="N.pl3" l="N"/>
		<a id="10" s="C" t="C.ar" l="C"/>
		<a id="11" s="O" t="O.3" l="O"/>
		<a id="12" s="C" t="C.3" l="C"/>
		<a id="13" s="C" t="C.3" l="C"/>
		<a id="14" s="C" t="C.3" l="C"/>
		<a id="15" s="C" t="C.3" l="C"/>
		<a id="16" s="N" t="N.ar" l="N"/>
		<a id="17" s="H" t="H" l="H"/>
		<a id="18" s="H" t="H" l="H"/>
		<a id="19" s="H" t="H" l="H"/>
		<a id="20" s="H" t="H" l="H"/>
		<a id="21" s="H" t="H" l="H"/>
		<a id="22" s="H" t="H" l="H"/>
		<a id="23" s="H" t="H" l="H"/>
		<a id="24" s="H" t="H" l="H"/>
		<a id="25" s="H" t="H" l="H"/>
		<a id="26" s="H" t="H" l="H"/>
		<a id="27" s="H" t="H" l="H"/>
		<a id="28" s="H" t="H" l="H"/>
		<a id="29" s="H" t="H" l="H"/>
		<a id="30" s="H" t="H" l="H"/>
		<a id="31" s="H" t="H" l="H"/>
	</atoms>
	<bonds>
		<b id="1" c="1 2" t="1"/>
		<b id="2" c="2 3" t="1"/>
		<b id="3" c="3 4" t="2"/>
		<b id="4" c="3 5" t="1"/>
		<b id="5" c="5 6" t="ar"/>
		<b id="6" c="6 7" t="ar"/>
		<b id="7" c="7 8" t="ar"/>
		<b id="8" c="8 9" t="1"/>
		<b id="9" c="8 10" t="ar"/>
		<b id="10" c="10 11" t="1"/>
		<b id="11" c="11 12" t="1"/>
		<b id="12" c="12 13" t="1"/>
		<b id="13" c="13 14" t="1"/>
		<b id="14" c="13 15" t="1"/>
		<b id="15" c="10 16" t="ar"/>
		<b id="16" c="5 16" t="ar"/>
		<b id="17" c="1 17" t="1"/>
		<b id="18" c="1 18" t="1"/>
		<b id="19" c="1 19" t="1"/>
		<b id="20" c="6 20" t="1"/>
		<b id="21" c="9 21" t="1"/>
		<b id="22" c="9 22" t="1"/>
		<b id="23" c="12 23" t="1"/>
		<b id="24" c="12 24" t="1"/>
		<b id="25" c="13 25" t="1"/>
		<b id="26" c="14 26" t="1"/>
		<b id="27" c="14 27" t="1"/>
		<b id="28" c="14 28" t="1"/>
		<b id="29" c="15 29" t="1"/>
		<b id="30" c="15 30" t="1"/>
		<b id="31" c="15 31" t="1"/>
	</bonds>
	<geometry>
		<g u="A" t="cart/3d">#31,3:1.1607,-0.8680,-0.1177;2.5777,-0.8504,-0.1720;3.1111,-0.1156,-1.1537;2.4526,0.5051,-1.9561;4.5876,-0.1485,-1.1485;5.3154,0.5443,-2.0982;6.6475,0.5356,-2.1149;7.2676,-0.1707,-1.1845;8.6159,-0.2288,-1.1915;6.5116,-0.8888,-0.1996;7.1998,-1.5770,0.7236;6.4123,-2.2798,1.6801;7.3377,-2.9337,2.7072;8.2692,-3.9365,2.0293;8.1333,-1.8720,3.4638;5.2081,-0.8708,-0.1910;0.8946,-1.5723,0.6669;0.7467,-1.1847,-1.0783;0.7762,0.1284,0.1147;4.8254,1.1246,-2.8652;9.1149,0.3591,-1.8351;9.0906,-0.6622,-0.4210;5.8093,-3.0316,1.1580;5.7245,-1.5749,2.1605;6.6963,-3.4681,3.4163;8.8841,-3.4332,1.2878;7.6958,-4.7152,1.5314;8.9219,-4.4038,2.7628;8.7526,-1.3053,2.7731;8.7779,-2.3376,4.2052;7.4633,-1.1824,3.9725;</g>
	</geometry>
	<conformers/>
	<properties/>
</molecule>
