<?xml version="1.0" ?>
<!--MOLLI PACKAGE EXPERIMENTAL XML FORMAT-->
<molecule name="nuc1264">
	<atoms>
		<a id="1" s="N" t="N.3" l="N"/>
		<a id="2" s="C" t="C.3" l="C"/>
		<a id="3" s="C" t="C.3" l="C"/>
		<a id="4" s="C" t="C.3" l="C"/>
		<a id="5" s="C" t="C.3" l="C"/>
		<a id="6" s="C" t="C.3" l="C"/>
		<a id="7" s="C" t="C.ar" l="C"/>
		<a id="8" s="C" t="C.ar" l="C"/>
		<a id="9" s="C" t="C.ar" l="C"/>
		<a id="10" s="C" t="C.ar" l="C"/>
		<a id="11" s="C" t="C.ar" l="C"/>
		<a id="12" s="C" t="C.ar" l="C"/>
		<a id="13" s="H" t="H" l="H"/>
		<a id="14" s="H" t="H" l="H"/>
		<a id="15" s="H" t="H" l="H"/>
		<a id="16" s="H" t="H" l="H"/>
		<a id="17" s="H" t="H" l="H"/>
		<a id="18" s="H" t="H" l="H"/>
		<a id="19" s="H" t="H" l="H"/>
		<a id="20" s="H" t="H" l="H"/>
		<a id="21" s="H" t="H" l="H"/>
		<a id="22" s="H" t="H" l="H"/>
		<a id="23" s="H" t="H" l="H"/>
		<a id="24" s="H" t="H" l="H"/>
		<a id="25" s="H" t="H" l="H"/>
		<a id="26" s="H" t="H" l="H"/>
		<a id="27" s="H" t="H" l="H"/>
	</atoms>
	<bonds>
		<b id="1" c="1 2" t="1"/>
		<b id="2" c="3 4" t="1"/>
		<b id="3" c="4 5" t="1"/>
		<b id="4" c="5 6" t="1"/>
		<b id="5" c="6 7" t="1"/>
		<b id="6" c="7 8" t="ar"/>
		<b id="7" c="8 9" t="ar"/>
		<b id="8" c="9 10" t="ar"/>
		<b id="9" c="10 11" t="ar"/>
		<b id="10" c="11 12" t="ar"/>
		<b id="11" c="7 12" t="ar"/>
		<b id="12" c="3 12" t="1"/>
		<b id="13" c="3 2" t="1"/>
		<b id="14" c="1 13" t="1"/>
		<b id="15" c="1 14" t="1"/>
		<b id="16" c="2 15" t="1"/>
		<b id="17" c="2 16" t="1"/>
		<b id="18" c="3 17" t="1"/>
		<b id="19" c="4 18" t="1"/>
		<b id="20" c="4 19" t="1"/>
		<b id="21" c="5 20" t="1"/>
		<b id="22" c="5 21" t="1"/>
		<b id="23" c="6 22" t="1"/>
		<b id="24" c="6 23" t="1"/>
		<b id="25" c="8 24" t="1"/>
		<b id="26" c="9 25" t="1"/>
		<b id="27" c="10 26" t="1"/>
		<b id="28" c="11 27" t="1"/>
	</bonds>
	<geometry>
		<g u="A" t="cart/3d">#27,3:4.4009,0.3503,1.9972;3.4460,-0.7204,2.2419;2.8157,-1.1739,0.9141;3.9339,-1.5719,-0.0537;3.4027,-2.4323,-1.1895;2.8960,-3.7437,-0.6039;1.8519,-3.4853,0.4455;0.8980,-4.4625,0.7064;-0.1096,-4.2565,1.6278;-0.1872,-3.0411,2.2850;0.7573,-2.0653,2.0322;1.8030,-2.2757,1.1373;4.8473,0.6279,2.8645;3.9216,1.1635,1.6230;2.6572,-0.4305,2.9540;3.9940,-1.5600,2.6804;2.2759,-0.3151,0.4910;4.6926,-2.1356,0.4927;4.4121,-0.6698,-0.4346;4.1906,-2.6247,-1.9201;2.5850,-1.9169,-1.6985;3.7346,-4.2868,-0.1556;2.4754,-4.3810,-1.3856;0.9486,-5.3985,0.1671;-0.8398,-5.0293,1.8183;-0.9849,-2.8512,2.9882;0.6714,-1.1137,2.5368;</g>
	</geometry>
	<conformers/>
	<properties/>
</molecule>
