<?xml version="1.0" ?>
<!--MOLLI PACKAGE EXPERIMENTAL XML FORMAT-->
<molecule name="nuc1266">
	<atoms>
		<a id="1" s="N" t="N.3" l="N"/>
		<a id="2" s="C" t="C.3" l="C"/>
		<a id="3" s="C" t="C.3" l="C"/>
		<a id="4" s="C" t="C.3" l="C"/>
		<a id="5" s="C" t="C.3" l="C"/>
		<a id="6" s="C" t="C.3" l="C"/>
		<a id="7" s="C" t="C.3" l="C"/>
		<a id="8" s="C" t="C.3" l="C"/>
		<a id="9" s="C" t="C.3" l="C"/>
		<a id="10" s="C" t="C.3" l="C"/>
		<a id="11" s="C" t="C.3" l="C"/>
		<a id="12" s="C" t="C.3" l="C"/>
		<a id="13" s="H" t="H" l="H"/>
		<a id="14" s="H" t="H" l="H"/>
		<a id="15" s="H" t="H" l="H"/>
		<a id="16" s="H" t="H" l="H"/>
		<a id="17" s="H" t="H" l="H"/>
		<a id="18" s="H" t="H" l="H"/>
		<a id="19" s="H" t="H" l="H"/>
		<a id="20" s="H" t="H" l="H"/>
		<a id="21" s="H" t="H" l="H"/>
		<a id="22" s="H" t="H" l="H"/>
		<a id="23" s="H" t="H" l="H"/>
		<a id="24" s="H" t="H" l="H"/>
		<a id="25" s="H" t="H" l="H"/>
		<a id="26" s="H" t="H" l="H"/>
		<a id="27" s="H" t="H" l="H"/>
		<a id="28" s="H" t="H" l="H"/>
		<a id="29" s="H" t="H" l="H"/>
		<a id="30" s="H" t="H" l="H"/>
		<a id="31" s="H" t="H" l="H"/>
	</atoms>
	<bonds>
		<b id="1" c="1 2" t="1"/>
		<b id="2" c="2 3" t="1"/>
		<b id="3" c="3 4" t="1"/>
		<b id="4" c="4 5" t="1"/>
		<b id="5" c="5 6" t="1"/>
		<b id="6" c="6 7" t="1"/>
		<b id="7" c="7 8" t="1"/>
		<b id="8" c="8 9" t="1"/>
		<b id="9" c="4 9" t="1"/>
		<b id="10" c="8 10" t="1"/>
		<b id="11" c="10 11" t="1"/>
		<b id="12" c="3 11" t="1"/>
		<b id="13" c="11 12" t="1"/>
		<b id="14" c="6 12" t="1"/>
		<b id="15" c="1 13" t="1"/>
		<b id="16" c="1 14" t="1"/>
		<b id="17" c="2 15" t="1"/>
		<b id="18" c="2 16" t="1"/>
		<b id="19" c="3 17" t="1"/>
		<b id="20" c="4 18" t="1"/>
		<b id="21" c="5 19" t="1"/>
		<b id="22" c="5 20" t="1"/>
		<b id="23" c="6 21" t="1"/>
		<b id="24" c="7 22" t="1"/>
		<b id="25" c="7 23" t="1"/>
		<b id="26" c="8 24" t="1"/>
		<b id="27" c="9 25" t="1"/>
		<b id="28" c="9 26" t="1"/>
		<b id="29" c="10 27" t="1"/>
		<b id="30" c="10 28" t="1"/>
		<b id="31" c="11 29" t="1"/>
		<b id="32" c="12 30" t="1"/>
		<b id="33" c="12 31" t="1"/>
	</bonds>
	<geometry>
		<g u="A" t="cart/3d">#31,3:1.0534,0.6773,-0.0338;2.3939,0.1132,0.0232;2.9331,0.1929,1.4543;4.3891,-0.2691,1.5790;4.8853,0.0638,2.9873;4.0317,-0.6761,4.0170;4.1570,-2.1815,3.7881;3.6660,-2.5201,2.3813;4.5147,-1.7753,1.3525;2.2051,-2.0979,2.2391;2.0817,-0.5912,2.4600;2.5681,-0.2582,3.8711;0.6905,0.6305,-0.9797;1.0736,1.6543,0.2416;3.1076,0.6269,-0.6467;2.3190,-0.9237,-0.3091;2.8922,1.2529,1.7399;5.0038,0.2615,0.8414;4.8258,1.1414,3.1593;5.9317,-0.2332,3.0923;4.3835,-0.4291,5.0257;3.5630,-2.7213,4.5293;5.1987,-2.4904,3.9048;3.7547,-3.6000,2.2141;4.1944,-2.0357,0.3424;5.5624,-2.0706,1.4529;1.5954,-2.6223,2.9788;1.8280,-2.3691,1.2525;1.0368,-0.2903,2.3400;1.9587,-0.7851,4.6089;2.4671,0.8134,4.0597;</g>
	</geometry>
	<conformers/>
	<properties/>
</molecule>
