<?xml version="1.0" ?>
<!--MOLLI PACKAGE EXPERIMENTAL XML FORMAT-->
<molecule name="nuc1268">
	<atoms>
		<a id="1" s="C" t="C.3" l="C"/>
		<a id="2" s="C" t="C.ar" l="C"/>
		<a id="3" s="N" t="N.ar" l="N"/>
		<a id="4" s="C" t="C.ar" l="C"/>
		<a id="5" s="C" t="C.ar" l="C"/>
		<a id="6" s="F" t="F" l="F"/>
		<a id="7" s="C" t="C.ar" l="C"/>
		<a id="8" s="C" t="C.ar" l="C"/>
		<a id="9" s="C" t="C.ar" l="C"/>
		<a id="10" s="C" t="C.ar" l="C"/>
		<a id="11" s="C" t="C.ar" l="C"/>
		<a id="12" s="N" t="N.pl3" l="N"/>
		<a id="13" s="N" t="N.ar" l="N"/>
		<a id="14" s="C" t="C.ar" l="C"/>
		<a id="15" s="N" t="N.ar" l="N"/>
		<a id="16" s="C" t="C.ar" l="C"/>
		<a id="17" s="C" t="C.ar" l="C"/>
		<a id="18" s="N" t="N.ar" l="N"/>
		<a id="19" s="C" t="C.3" l="C"/>
		<a id="20" s="C" t="C.3" l="C"/>
		<a id="21" s="C" t="C.3" l="C"/>
		<a id="22" s="H" t="H" l="H"/>
		<a id="23" s="H" t="H" l="H"/>
		<a id="24" s="H" t="H" l="H"/>
		<a id="25" s="H" t="H" l="H"/>
		<a id="26" s="H" t="H" l="H"/>
		<a id="27" s="H" t="H" l="H"/>
		<a id="28" s="H" t="H" l="H"/>
		<a id="29" s="H" t="H" l="H"/>
		<a id="30" s="H" t="H" l="H"/>
		<a id="31" s="H" t="H" l="H"/>
		<a id="32" s="H" t="H" l="H"/>
		<a id="33" s="H" t="H" l="H"/>
		<a id="34" s="H" t="H" l="H"/>
		<a id="35" s="H" t="H" l="H"/>
		<a id="36" s="H" t="H" l="H"/>
		<a id="37" s="H" t="H" l="H"/>
	</atoms>
	<bonds>
		<b id="1" c="1 2" t="1"/>
		<b id="2" c="2 3" t="ar"/>
		<b id="3" c="3 4" t="ar"/>
		<b id="4" c="4 5" t="ar"/>
		<b id="5" c="5 6" t="1"/>
		<b id="6" c="5 7" t="ar"/>
		<b id="7" c="7 8" t="ar"/>
		<b id="8" c="8 9" t="1"/>
		<b id="9" c="9 10" t="ar"/>
		<b id="10" c="10 11" t="ar"/>
		<b id="11" c="11 12" t="1"/>
		<b id="12" c="11 13" t="ar"/>
		<b id="13" c="13 14" t="ar"/>
		<b id="14" c="14 15" t="ar"/>
		<b id="15" c="9 15" t="ar"/>
		<b id="16" c="8 16" t="ar"/>
		<b id="17" c="16 17" t="ar"/>
		<b id="18" c="4 17" t="ar"/>
		<b id="19" c="17 18" t="ar"/>
		<b id="20" c="2 18" t="ar"/>
		<b id="21" c="18 19" t="1"/>
		<b id="22" c="19 20" t="1"/>
		<b id="23" c="19 21" t="1"/>
		<b id="24" c="1 22" t="1"/>
		<b id="25" c="1 23" t="1"/>
		<b id="26" c="1 24" t="1"/>
		<b id="27" c="7 25" t="1"/>
		<b id="28" c="10 26" t="1"/>
		<b id="29" c="12 27" t="1"/>
		<b id="30" c="12 28" t="1"/>
		<b id="31" c="14 29" t="1"/>
		<b id="32" c="16 30" t="1"/>
		<b id="33" c="19 31" t="1"/>
		<b id="34" c="20 32" t="1"/>
		<b id="35" c="20 33" t="1"/>
		<b id="36" c="20 34" t="1"/>
		<b id="37" c="21 35" t="1"/>
		<b id="38" c="21 36" t="1"/>
		<b id="39" c="21 37" t="1"/>
	</bonds>
	<geometry>
		<g u="A" t="cart/3d">#37,3:1.0503,-0.1909,-0.1293;2.5326,-0.1296,-0.1239;3.2545,-1.2148,-0.1009;4.5552,-0.8050,-0.0978;5.7577,-1.5067,-0.0731;5.7750,-2.8534,-0.0307;6.9500,-0.8223,-0.0895;6.9783,0.5805,-0.1282;8.2452,1.3207,-0.1498;9.4517,0.7546,-0.5290;10.5863,1.5790,-0.4997;11.8187,1.1137,-0.8079;10.5030,2.8610,-0.1312;9.3014,3.2967,0.1956;8.1799,2.6159,0.2069;5.7943,1.3081,-0.1384;4.6011,0.6104,-0.1229;3.2852,1.0184,-0.1298;2.8850,2.4116,-0.1965;2.4477,2.7819,-1.6145;1.8216,2.7689,0.8403;0.7652,-1.2233,-0.3113;0.6245,0.4407,-0.9052;0.6473,0.1129,0.8355;7.8643,-1.3917,-0.0484;9.5350,-0.2696,-0.8530;11.9283,0.2175,-1.2455;12.5649,1.7835,-0.8687;9.2369,4.3388,0.4854;5.8515,2.3843,-0.1584;3.7894,2.9811,0.0433;1.5408,2.2534,-1.8968;3.2303,2.5295,-2.3263;2.2560,3.8500,-1.6725;0.8380,2.4185,0.5439;1.7768,3.8499,0.9470;2.0761,2.3399,1.8066;</g>
	</geometry>
	<conformers/>
	<properties/>
</molecule>
