<?xml version="1.0" ?>
<!--MOLLI PACKAGE EXPERIMENTAL XML FORMAT-->
<molecule name="nuc1270">
	<atoms>
		<a id="1" s="C" t="C.3" l="C"/>
		<a id="2" s="O" t="O.3" l="O"/>
		<a id="3" s="C" t="C.2" l="C"/>
		<a id="4" s="O" t="O.2" l="O"/>
		<a id="5" s="C" t="C.3" l="C"/>
		<a id="6" s="C" t="C.3" l="C"/>
		<a id="7" s="C" t="C.3" l="C"/>
		<a id="8" s="C" t="C.3" l="C"/>
		<a id="9" s="C" t="C.2" l="C"/>
		<a id="10" s="O" t="O.2" l="O"/>
		<a id="11" s="N" t="N.am" l="N"/>
		<a id="12" s="C" t="C.ar" l="C"/>
		<a id="13" s="C" t="C.ar" l="C"/>
		<a id="14" s="C" t="C.ar" l="C"/>
		<a id="15" s="C" t="C.ar" l="C"/>
		<a id="16" s="N" t="N.pl3" l="N"/>
		<a id="17" s="C" t="C.ar" l="C"/>
		<a id="18" s="C" t="C.ar" l="C"/>
		<a id="19" s="H" t="H" l="H"/>
		<a id="20" s="H" t="H" l="H"/>
		<a id="21" s="H" t="H" l="H"/>
		<a id="22" s="H" t="H" l="H"/>
		<a id="23" s="H" t="H" l="H"/>
		<a id="24" s="H" t="H" l="H"/>
		<a id="25" s="H" t="H" l="H"/>
		<a id="26" s="H" t="H" l="H"/>
		<a id="27" s="H" t="H" l="H"/>
		<a id="28" s="H" t="H" l="H"/>
		<a id="29" s="H" t="H" l="H"/>
		<a id="30" s="H" t="H" l="H"/>
		<a id="31" s="H" t="H" l="H"/>
		<a id="32" s="H" t="H" l="H"/>
		<a id="33" s="H" t="H" l="H"/>
		<a id="34" s="H" t="H" l="H"/>
		<a id="35" s="H" t="H" l="H"/>
		<a id="36" s="H" t="H" l="H"/>
	</atoms>
	<bonds>
		<b id="1" c="1 2" t="1"/>
		<b id="2" c="2 3" t="1"/>
		<b id="3" c="3 4" t="2"/>
		<b id="4" c="3 5" t="1"/>
		<b id="5" c="5 6" t="1"/>
		<b id="6" c="6 7" t="1"/>
		<b id="7" c="7 8" t="1"/>
		<b id="8" c="8 9" t="1"/>
		<b id="9" c="9 10" t="2"/>
		<b id="10" c="9 11" t="am"/>
		<b id="11" c="11 12" t="1"/>
		<b id="12" c="12 13" t="ar"/>
		<b id="13" c="13 14" t="ar"/>
		<b id="14" c="14 15" t="ar"/>
		<b id="15" c="15 16" t="1"/>
		<b id="16" c="15 17" t="ar"/>
		<b id="17" c="17 18" t="ar"/>
		<b id="18" c="12 18" t="ar"/>
		<b id="19" c="1 19" t="1"/>
		<b id="20" c="1 20" t="1"/>
		<b id="21" c="1 21" t="1"/>
		<b id="22" c="5 22" t="1"/>
		<b id="23" c="5 23" t="1"/>
		<b id="24" c="6 24" t="1"/>
		<b id="25" c="6 25" t="1"/>
		<b id="26" c="7 26" t="1"/>
		<b id="27" c="7 27" t="1"/>
		<b id="28" c="8 28" t="1"/>
		<b id="29" c="8 29" t="1"/>
		<b id="30" c="11 30" t="1"/>
		<b id="31" c="13 31" t="1"/>
		<b id="32" c="14 32" t="1"/>
		<b id="33" c="16 33" t="1"/>
		<b id="34" c="16 34" t="1"/>
		<b id="35" c="17 35" t="1"/>
		<b id="36" c="18 36" t="1"/>
	</bonds>
	<geometry>
		<g u="A" t="cart/3d">#36,3:8.6001,-0.9574,-3.9731;8.1705,-0.8302,-2.6247;6.9093,-1.1929,-2.3640;6.1380,-1.5756,-3.2025;6.6125,-1.0849,-0.8874;7.0988,-2.3575,-0.1846;6.7924,-2.3239,1.3108;7.2985,-3.5882,2.0128;8.8120,-3.7229,1.8937;9.3405,-4.5464,1.1792;9.4752,-2.8158,2.6586;10.8561,-2.6010,2.7855;11.8042,-3.3044,2.0494;13.1476,-3.0436,2.2226;13.5855,-2.0776,3.1285;14.9278,-1.7707,3.2430;12.6292,-1.3763,3.8631;11.2856,-1.6345,3.6914;9.5587,-0.4493,-4.0384;7.8724,-0.5006,-4.6466;8.7096,-2.0117,-4.2347;5.5361,-0.9729,-0.7549;7.1298,-0.2158,-0.4805;8.1747,-2.4623,-0.3352;6.6122,-3.2249,-0.6346;5.7130,-2.2433,1.4590;7.2551,-1.4378,1.7533;6.8516,-4.4669,1.5467;7.0132,-3.5702,3.0670;8.9105,-2.2050,3.2324;11.4823,-4.0569,1.3499;13.8759,-3.5955,1.6464;15.5723,-2.4763,2.9256;15.2067,-1.3021,4.0897;12.9481,-0.6241,4.5703;10.5588,-1.0810,4.2708;</g>
	</geometry>
	<conformers/>
	<properties/>
</molecule>
