<?xml version="1.0" ?>
<!--MOLLI PACKAGE EXPERIMENTAL XML FORMAT-->
<molecule name="nuc1271">
	<atoms>
		<a id="1" s="C" t="C.3" l="C"/>
		<a id="2" s="C" t="C.2" l="C"/>
		<a id="3" s="O" t="O.2" l="O"/>
		<a id="4" s="N" t="N.am" l="N"/>
		<a id="5" s="C" t="C.3" l="C"/>
		<a id="6" s="C" t="C.3" l="C"/>
		<a id="7" s="N" t="N.pl3" l="N"/>
		<a id="8" s="C" t="C.ar" l="C"/>
		<a id="9" s="C" t="C.ar" l="C"/>
		<a id="10" s="C" t="C.ar" l="C"/>
		<a id="11" s="N" t="N.pl3" l="N"/>
		<a id="12" s="C" t="C.ar" l="C"/>
		<a id="13" s="C" t="C.ar" l="C"/>
		<a id="14" s="S" t="S.O2" l="S"/>
		<a id="15" s="C" t="C.3" l="C"/>
		<a id="16" s="O" t="O.2" l="O"/>
		<a id="17" s="O" t="O.2" l="O"/>
		<a id="18" s="C" t="C.ar" l="C"/>
		<a id="19" s="C" t="C.3" l="C"/>
		<a id="20" s="C" t="C.3" l="C"/>
		<a id="21" s="H" t="H" l="H"/>
		<a id="22" s="H" t="H" l="H"/>
		<a id="23" s="H" t="H" l="H"/>
		<a id="24" s="H" t="H" l="H"/>
		<a id="25" s="H" t="H" l="H"/>
		<a id="26" s="H" t="H" l="H"/>
		<a id="27" s="H" t="H" l="H"/>
		<a id="28" s="H" t="H" l="H"/>
		<a id="29" s="H" t="H" l="H"/>
		<a id="30" s="H" t="H" l="H"/>
		<a id="31" s="H" t="H" l="H"/>
		<a id="32" s="H" t="H" l="H"/>
		<a id="33" s="H" t="H" l="H"/>
		<a id="34" s="H" t="H" l="H"/>
		<a id="35" s="H" t="H" l="H"/>
		<a id="36" s="H" t="H" l="H"/>
		<a id="37" s="H" t="H" l="H"/>
		<a id="38" s="H" t="H" l="H"/>
		<a id="39" s="H" t="H" l="H"/>
	</atoms>
	<bonds>
		<b id="1" c="1 2" t="1"/>
		<b id="2" c="2 3" t="2"/>
		<b id="3" c="2 4" t="am"/>
		<b id="4" c="4 5" t="1"/>
		<b id="5" c="5 6" t="1"/>
		<b id="6" c="6 7" t="1"/>
		<b id="7" c="7 8" t="1"/>
		<b id="8" c="8 9" t="ar"/>
		<b id="9" c="9 10" t="ar"/>
		<b id="10" c="10 11" t="1"/>
		<b id="11" c="10 12" t="ar"/>
		<b id="12" c="12 13" t="ar"/>
		<b id="13" c="13 14" t="1"/>
		<b id="14" c="14 15" t="1"/>
		<b id="15" c="14 16" t="2"/>
		<b id="16" c="14 17" t="2"/>
		<b id="17" c="13 18" t="ar"/>
		<b id="18" c="8 18" t="ar"/>
		<b id="19" c="7 19" t="1"/>
		<b id="20" c="19 20" t="1"/>
		<b id="21" c="4 20" t="1"/>
		<b id="22" c="1 21" t="1"/>
		<b id="23" c="1 22" t="1"/>
		<b id="24" c="1 23" t="1"/>
		<b id="25" c="5 24" t="1"/>
		<b id="26" c="5 25" t="1"/>
		<b id="27" c="6 26" t="1"/>
		<b id="28" c="6 27" t="1"/>
		<b id="29" c="9 28" t="1"/>
		<b id="30" c="11 29" t="1"/>
		<b id="31" c="11 30" t="1"/>
		<b id="32" c="12 31" t="1"/>
		<b id="33" c="15 32" t="1"/>
		<b id="34" c="15 33" t="1"/>
		<b id="35" c="15 34" t="1"/>
		<b id="36" c="18 35" t="1"/>
		<b id="37" c="19 36" t="1"/>
		<b id="38" c="19 37" t="1"/>
		<b id="39" c="20 38" t="1"/>
		<b id="40" c="20 39" t="1"/>
	</bonds>
	<geometry>
		<g u="A" t="cart/3d">#39,3:1.7594,-0.7990,-0.6285;2.9625,-0.3338,0.1663;3.4548,0.7648,-0.0012;3.4836,-1.2147,1.0578;2.9098,-2.4714,1.4715;2.4366,-2.3669,2.9351;3.5398,-1.9952,3.7941;4.3399,-2.9725,4.3628;3.7586,-4.1141,4.9251;4.5116,-5.1013,5.5554;3.8936,-6.1769,6.1511;5.8979,-4.9451,5.6465;6.4611,-3.8156,5.1029;8.2292,-3.5810,5.2436;8.4020,-2.6883,6.8204;8.8752,-4.8594,5.3821;8.6773,-2.7104,4.1882;5.7304,-2.8351,4.4697;4.1092,-0.7361,3.3569;4.5907,-0.8079,1.9026;1.5094,-0.0160,-1.3390;0.9041,-0.9666,0.0225;1.9841,-1.7126,-1.1739;3.6842,-3.2470,1.4095;2.0797,-2.7545,0.8286;2.0068,-3.3170,3.2438;1.6662,-1.5918,3.0116;2.6870,-4.2429,4.9000;2.9633,-6.4015,5.8393;4.4777,-6.9710,6.3541;6.5259,-5.6882,6.1092;7.9913,-3.3121,7.6031;7.8632,-1.7540,6.7358;9.4566,-2.5087,6.9865;6.2759,-2.0112,4.0444;4.9166,-0.4379,4.0226;3.3166,0.0178,3.4248;5.4006,-1.5384,1.8063;4.9338,0.1678,1.5567;</g>
	</geometry>
	<conformers/>
	<properties/>
</molecule>
