<?xml version="1.0" ?>
<!--MOLLI PACKAGE EXPERIMENTAL XML FORMAT-->
<molecule name="nuc1272">
	<atoms>
		<a id="1" s="C" t="C.3" l="C"/>
		<a id="2" s="C" t="C.3" l="C"/>
		<a id="3" s="C" t="C.3" l="C"/>
		<a id="4" s="C" t="C.3" l="C"/>
		<a id="5" s="O" t="O.3" l="O"/>
		<a id="6" s="C" t="C.2" l="C"/>
		<a id="7" s="O" t="O.2" l="O"/>
		<a id="8" s="N" t="N.am" l="N"/>
		<a id="9" s="C" t="C.3" l="C"/>
		<a id="10" s="C" t="C.3" l="C"/>
		<a id="11" s="C" t="C.3" l="C"/>
		<a id="12" s="C" t="C.3" l="C"/>
		<a id="13" s="N" t="N.3" l="N"/>
		<a id="14" s="C" t="C.3" l="C"/>
		<a id="15" s="C" t="C.3" l="C"/>
		<a id="16" s="H" t="H" l="H"/>
		<a id="17" s="H" t="H" l="H"/>
		<a id="18" s="H" t="H" l="H"/>
		<a id="19" s="H" t="H" l="H"/>
		<a id="20" s="H" t="H" l="H"/>
		<a id="21" s="H" t="H" l="H"/>
		<a id="22" s="H" t="H" l="H"/>
		<a id="23" s="H" t="H" l="H"/>
		<a id="24" s="H" t="H" l="H"/>
		<a id="25" s="H" t="H" l="H"/>
		<a id="26" s="H" t="H" l="H"/>
		<a id="27" s="H" t="H" l="H"/>
		<a id="28" s="H" t="H" l="H"/>
		<a id="29" s="H" t="H" l="H"/>
		<a id="30" s="H" t="H" l="H"/>
		<a id="31" s="H" t="H" l="H"/>
		<a id="32" s="H" t="H" l="H"/>
		<a id="33" s="H" t="H" l="H"/>
		<a id="34" s="H" t="H" l="H"/>
		<a id="35" s="H" t="H" l="H"/>
		<a id="36" s="H" t="H" l="H"/>
		<a id="37" s="H" t="H" l="H"/>
	</atoms>
	<bonds>
		<b id="1" c="1 2" t="1"/>
		<b id="2" c="2 3" t="1"/>
		<b id="3" c="2 4" t="1"/>
		<b id="4" c="2 5" t="1"/>
		<b id="5" c="5 6" t="1"/>
		<b id="6" c="6 7" t="2"/>
		<b id="7" c="6 8" t="am"/>
		<b id="8" c="8 9" t="1"/>
		<b id="9" c="9 10" t="1"/>
		<b id="10" c="10 11" t="1"/>
		<b id="11" c="11 12" t="1"/>
		<b id="12" c="12 13" t="1"/>
		<b id="13" c="11 14" t="1"/>
		<b id="14" c="14 15" t="1"/>
		<b id="15" c="8 15" t="1"/>
		<b id="16" c="1 16" t="1"/>
		<b id="17" c="1 17" t="1"/>
		<b id="18" c="1 18" t="1"/>
		<b id="19" c="3 19" t="1"/>
		<b id="20" c="3 20" t="1"/>
		<b id="21" c="3 21" t="1"/>
		<b id="22" c="4 22" t="1"/>
		<b id="23" c="4 23" t="1"/>
		<b id="24" c="4 24" t="1"/>
		<b id="25" c="9 25" t="1"/>
		<b id="26" c="9 26" t="1"/>
		<b id="27" c="10 27" t="1"/>
		<b id="28" c="10 28" t="1"/>
		<b id="29" c="11 29" t="1"/>
		<b id="30" c="12 30" t="1"/>
		<b id="31" c="12 31" t="1"/>
		<b id="32" c="13 32" t="1"/>
		<b id="33" c="13 33" t="1"/>
		<b id="34" c="14 34" t="1"/>
		<b id="35" c="14 35" t="1"/>
		<b id="36" c="15 36" t="1"/>
		<b id="37" c="15 37" t="1"/>
	</bonds>
	<geometry>
		<g u="A" t="cart/3d">#37,3:3.9405,1.2907,0.9347;2.8986,0.6102,0.0466;2.4594,-0.7266,0.6439;1.6891,1.5259,-0.1547;3.4179,0.4226,-1.2889;4.4940,-0.3652,-1.4959;5.1214,-0.9376,-0.6317;4.7843,-0.4691,-2.8135;5.9585,-1.1978,-3.2416;6.9864,-0.2534,-3.8629;6.3804,0.5985,-4.9838;6.1499,-0.2230,-6.2585;7.4178,-0.7451,-6.7437;5.0987,1.2759,-4.4880;4.1281,0.2707,-3.8649;3.5111,1.4975,1.9110;4.2616,2.2275,0.4836;4.8044,0.6433,1.0560;1.9894,-0.5597,1.6091;3.3199,-1.3765,0.7752;1.7469,-1.2151,-0.0177;1.2180,1.7345,0.8011;0.9657,1.0485,-0.8107;2.0016,2.4627,-0.6088;5.6541,-1.9598,-3.9664;6.3771,-1.6937,-2.3648;7.8132,-0.8360,-4.2679;7.3703,0.4069,-3.0830;7.1035,1.3829,-5.2407;5.6322,0.4137,-6.9982;5.5070,-1.0805,-6.0516;8.0363,0.0173,-7.0012;7.2747,-1.3191,-7.5668;4.6029,1.7967,-5.3094;5.3640,2.0148,-3.7289;3.7804,-0.4386,-4.6249;3.2639,0.7873,-3.4494;</g>
	</geometry>
	<conformers/>
	<properties/>
</molecule>
