<?xml version="1.0" ?>
<!--MOLLI PACKAGE EXPERIMENTAL XML FORMAT-->
<molecule name="nuc1273">
	<atoms>
		<a id="1" s="C" t="C.3" l="C"/>
		<a id="2" s="C" t="C.3" l="C"/>
		<a id="3" s="N" t="N.am" l="N"/>
		<a id="4" s="C" t="C.2" l="C"/>
		<a id="5" s="O" t="O.2" l="O"/>
		<a id="6" s="C" t="C.ar" l="C"/>
		<a id="7" s="C" t="C.ar" l="C"/>
		<a id="8" s="C" t="C.ar" l="C"/>
		<a id="9" s="C" t="C.ar" l="C"/>
		<a id="10" s="N" t="N.pl3" l="N"/>
		<a id="11" s="C" t="C.ar" l="C"/>
		<a id="12" s="C" t="C.ar" l="C"/>
		<a id="13" s="H" t="H" l="H"/>
		<a id="14" s="H" t="H" l="H"/>
		<a id="15" s="H" t="H" l="H"/>
		<a id="16" s="H" t="H" l="H"/>
		<a id="17" s="H" t="H" l="H"/>
		<a id="18" s="H" t="H" l="H"/>
		<a id="19" s="H" t="H" l="H"/>
		<a id="20" s="H" t="H" l="H"/>
		<a id="21" s="H" t="H" l="H"/>
		<a id="22" s="H" t="H" l="H"/>
		<a id="23" s="H" t="H" l="H"/>
		<a id="24" s="H" t="H" l="H"/>
	</atoms>
	<bonds>
		<b id="1" c="1 2" t="1"/>
		<b id="2" c="2 3" t="1"/>
		<b id="3" c="3 4" t="am"/>
		<b id="4" c="4 5" t="2"/>
		<b id="5" c="4 6" t="1"/>
		<b id="6" c="6 7" t="ar"/>
		<b id="7" c="7 8" t="ar"/>
		<b id="8" c="8 9" t="ar"/>
		<b id="9" c="9 10" t="1"/>
		<b id="10" c="9 11" t="ar"/>
		<b id="11" c="11 12" t="ar"/>
		<b id="12" c="6 12" t="ar"/>
		<b id="13" c="1 13" t="1"/>
		<b id="14" c="1 14" t="1"/>
		<b id="15" c="1 15" t="1"/>
		<b id="16" c="2 16" t="1"/>
		<b id="17" c="2 17" t="1"/>
		<b id="18" c="3 18" t="1"/>
		<b id="19" c="7 19" t="1"/>
		<b id="20" c="8 20" t="1"/>
		<b id="21" c="10 21" t="1"/>
		<b id="22" c="10 22" t="1"/>
		<b id="23" c="11 23" t="1"/>
		<b id="24" c="12 24" t="1"/>
	</bonds>
	<geometry>
		<g u="A" t="cart/3d">#24,3:1.8433,0.6325,-1.0983;2.6324,-0.0051,0.0416;3.2009,0.9874,0.9227;4.5321,1.2558,0.9574;5.3421,0.6219,0.3060;4.9247,2.3781,1.8499;4.2133,2.7400,2.9915;4.6384,3.7870,3.7814;5.7847,4.5131,3.4488;6.1591,5.6097,4.1888;6.5075,4.1380,2.3134;6.0857,3.0831,1.5366;1.4348,-0.1388,-1.7452;2.4921,1.2751,-1.6883;1.0207,1.2305,-0.7093;3.4723,-0.5805,-0.3540;1.9836,-0.6712,0.6216;2.5610,1.6182,1.3773;3.3388,2.1813,3.2945;4.0856,4.0537,4.6714;5.7857,5.6834,5.1205;7.1066,5.9308,4.0789;7.4039,4.6828,2.0536;6.6482,2.7808,0.6662;</g>
	</geometry>
	<conformers/>
	<properties/>
</molecule>
