<?xml version="1.0" ?>
<!--MOLLI PACKAGE EXPERIMENTAL XML FORMAT-->
<molecule name="nuc1278">
	<atoms>
		<a id="1" s="C" t="C.3" l="C"/>
		<a id="2" s="O" t="O.3" l="O"/>
		<a id="3" s="C" t="C.ar" l="C"/>
		<a id="4" s="C" t="C.ar" l="C"/>
		<a id="5" s="C" t="C.ar" l="C"/>
		<a id="6" s="C" t="C.2" l="C"/>
		<a id="7" s="O" t="O.2" l="O"/>
		<a id="8" s="O" t="O.3" l="O"/>
		<a id="9" s="C" t="C.ar" l="C"/>
		<a id="10" s="C" t="C.ar" l="C"/>
		<a id="11" s="C" t="C.ar" l="C"/>
		<a id="12" s="N" t="N.pl3" l="N"/>
		<a id="13" s="H" t="H" l="H"/>
		<a id="14" s="H" t="H" l="H"/>
		<a id="15" s="H" t="H" l="H"/>
		<a id="16" s="H" t="H" l="H"/>
		<a id="17" s="H" t="H" l="H"/>
		<a id="18" s="H" t="H" l="H"/>
		<a id="19" s="H" t="H" l="H"/>
		<a id="20" s="H" t="H" l="H"/>
		<a id="21" s="H" t="H" l="H"/>
	</atoms>
	<bonds>
		<b id="1" c="1 2" t="1"/>
		<b id="2" c="2 3" t="1"/>
		<b id="3" c="3 4" t="ar"/>
		<b id="4" c="4 5" t="ar"/>
		<b id="5" c="5 6" t="1"/>
		<b id="6" c="6 7" t="2"/>
		<b id="7" c="6 8" t="1"/>
		<b id="8" c="5 9" t="ar"/>
		<b id="9" c="9 10" t="ar"/>
		<b id="10" c="10 11" t="ar"/>
		<b id="11" c="3 11" t="ar"/>
		<b id="12" c="11 12" t="1"/>
		<b id="13" c="1 13" t="1"/>
		<b id="14" c="1 14" t="1"/>
		<b id="15" c="1 15" t="1"/>
		<b id="16" c="4 16" t="1"/>
		<b id="17" c="8 17" t="1"/>
		<b id="18" c="9 18" t="1"/>
		<b id="19" c="10 19" t="1"/>
		<b id="20" c="12 20" t="1"/>
		<b id="21" c="12 21" t="1"/>
	</bonds>
	<geometry>
		<g u="A" t="cart/3d">#21,3:3.3532,0.8640,-0.5395;2.8307,-0.4063,-0.2312;3.3207,-1.0492,0.8754;4.2910,-0.5559,1.7164;4.7297,-1.2931,2.8244;5.7806,-0.6702,3.6609;6.4228,0.2849,3.3076;6.0003,-1.2162,4.8762;4.1885,-2.5532,3.0579;3.2220,-3.0595,2.2103;2.7621,-2.3266,1.1206;1.7541,-2.7822,0.3162;2.8328,1.1852,-1.4407;4.4288,0.8178,-0.7365;3.1625,1.5806,0.2651;4.7474,0.4078,1.5588;5.3872,-1.9384,5.0631;4.5279,-3.1772,3.8742;2.8091,-4.0418,2.3873;1.5486,-3.7661,0.3278;1.6358,-2.3017,-0.5599;</g>
	</geometry>
	<conformers/>
	<properties/>
</molecule>
