<?xml version="1.0" ?>
<!--MOLLI PACKAGE EXPERIMENTAL XML FORMAT-->
<molecule name="nuc1281">
	<atoms>
		<a id="1" s="C" t="C.3" l="C"/>
		<a id="2" s="C" t="C.ar" l="C"/>
		<a id="3" s="C" t="C.ar" l="C"/>
		<a id="4" s="C" t="C.ar" l="C"/>
		<a id="5" s="C" t="C.ar" l="C"/>
		<a id="6" s="C" t="C.ar" l="C"/>
		<a id="7" s="C" t="C.ar" l="C"/>
		<a id="8" s="C" t="C.2" l="C"/>
		<a id="9" s="N" t="N.am" l="N"/>
		<a id="10" s="O" t="O.2" l="O"/>
		<a id="11" s="H" t="H" l="H"/>
		<a id="12" s="H" t="H" l="H"/>
		<a id="13" s="H" t="H" l="H"/>
		<a id="14" s="H" t="H" l="H"/>
		<a id="15" s="H" t="H" l="H"/>
		<a id="16" s="H" t="H" l="H"/>
		<a id="17" s="H" t="H" l="H"/>
		<a id="18" s="H" t="H" l="H"/>
		<a id="19" s="H" t="H" l="H"/>
	</atoms>
	<bonds>
		<b id="1" c="1 2" t="1"/>
		<b id="2" c="2 3" t="ar"/>
		<b id="3" c="3 4" t="ar"/>
		<b id="4" c="4 5" t="ar"/>
		<b id="5" c="5 6" t="ar"/>
		<b id="6" c="6 7" t="ar"/>
		<b id="7" c="2 7" t="ar"/>
		<b id="8" c="7 8" t="1"/>
		<b id="9" c="8 9" t="am"/>
		<b id="10" c="8 10" t="2"/>
		<b id="11" c="1 11" t="1"/>
		<b id="12" c="1 12" t="1"/>
		<b id="13" c="1 13" t="1"/>
		<b id="14" c="3 14" t="1"/>
		<b id="15" c="4 15" t="1"/>
		<b id="16" c="5 16" t="1"/>
		<b id="17" c="6 17" t="1"/>
		<b id="18" c="9 18" t="1"/>
		<b id="19" c="9 19" t="1"/>
	</bonds>
	<geometry>
		<g u="A" t="cart/3d">#19,3:2.4858,-0.0354,0.0411;0.9903,-0.0409,0.0015;0.2775,1.1493,0.0647;-1.1058,1.1626,0.0392;-1.8065,-0.0273,-0.0512;-1.1145,-1.2235,-0.1042;0.2763,-1.2412,-0.0747;0.9826,-2.5563,-0.1708;0.5021,-3.4956,0.6822;1.8857,-2.7951,-0.9430;2.8708,0.9782,-0.0360;2.8837,-0.6358,-0.7731;2.8407,-0.4727,0.9742;0.8183,2.0826,0.1299;-1.6368,2.1022,0.0838;-2.8859,-0.0251,-0.0806;-1.6578,-2.1538,-0.1941;-0.2146,-3.2892,1.3537;0.9140,-4.4139,0.6755;</g>
	</geometry>
	<conformers/>
	<properties/>
</molecule>
