<?xml version="1.0" ?>
<!--MOLLI PACKAGE EXPERIMENTAL XML FORMAT-->
<molecule name="nuc1284">
	<atoms>
		<a id="1" s="C" t="C.3" l="C"/>
		<a id="2" s="Si" t="Si" l="SI"/>
		<a id="3" s="C" t="C.3" l="C"/>
		<a id="4" s="C" t="C.3" l="C"/>
		<a id="5" s="C" t="C.3" l="C"/>
		<a id="6" s="N" t="N.3" l="N"/>
		<a id="7" s="Si" t="Si" l="SI"/>
		<a id="8" s="C" t="C.3" l="C"/>
		<a id="9" s="C" t="C.3" l="C"/>
		<a id="10" s="C" t="C.3" l="C"/>
		<a id="11" s="H" t="H" l="H"/>
		<a id="12" s="H" t="H" l="H"/>
		<a id="13" s="H" t="H" l="H"/>
		<a id="14" s="H" t="H" l="H"/>
		<a id="15" s="H" t="H" l="H"/>
		<a id="16" s="H" t="H" l="H"/>
		<a id="17" s="H" t="H" l="H"/>
		<a id="18" s="H" t="H" l="H"/>
		<a id="19" s="H" t="H" l="H"/>
		<a id="20" s="H" t="H" l="H"/>
		<a id="21" s="H" t="H" l="H"/>
		<a id="22" s="H" t="H" l="H"/>
		<a id="23" s="H" t="H" l="H"/>
		<a id="24" s="H" t="H" l="H"/>
		<a id="25" s="H" t="H" l="H"/>
		<a id="26" s="H" t="H" l="H"/>
		<a id="27" s="H" t="H" l="H"/>
		<a id="28" s="H" t="H" l="H"/>
		<a id="29" s="H" t="H" l="H"/>
		<a id="30" s="H" t="H" l="H"/>
		<a id="31" s="H" t="H" l="H"/>
	</atoms>
	<bonds>
		<b id="1" c="1 2" t="1"/>
		<b id="2" c="2 3" t="1"/>
		<b id="3" c="2 4" t="1"/>
		<b id="4" c="2 5" t="1"/>
		<b id="5" c="5 6" t="1"/>
		<b id="6" c="5 7" t="1"/>
		<b id="7" c="7 8" t="1"/>
		<b id="8" c="7 9" t="1"/>
		<b id="9" c="7 10" t="1"/>
		<b id="10" c="1 11" t="1"/>
		<b id="11" c="1 12" t="1"/>
		<b id="12" c="1 13" t="1"/>
		<b id="13" c="3 14" t="1"/>
		<b id="14" c="3 15" t="1"/>
		<b id="15" c="3 16" t="1"/>
		<b id="16" c="4 17" t="1"/>
		<b id="17" c="4 18" t="1"/>
		<b id="18" c="4 19" t="1"/>
		<b id="19" c="5 20" t="1"/>
		<b id="20" c="6 21" t="1"/>
		<b id="21" c="6 22" t="1"/>
		<b id="22" c="8 23" t="1"/>
		<b id="23" c="8 24" t="1"/>
		<b id="24" c="8 25" t="1"/>
		<b id="25" c="9 26" t="1"/>
		<b id="26" c="9 27" t="1"/>
		<b id="27" c="9 28" t="1"/>
		<b id="28" c="10 29" t="1"/>
		<b id="29" c="10 30" t="1"/>
		<b id="30" c="10 31" t="1"/>
	</bonds>
	<geometry>
		<g u="A" t="cart/3d">#31,3:0.9022,-0.1060,-0.2307;2.7988,-0.1316,0.0311;3.1632,0.7271,1.6975;3.3816,-1.9419,0.1072;3.5993,0.8401,-1.4319;3.1414,2.2428,-1.4854;5.5162,0.9086,-1.6141;6.3208,1.6945,-0.0711;6.2513,-0.8342,-1.8695;5.9116,1.9852,-3.1377;0.3965,-0.7148,0.5130;0.6301,-0.4933,-1.2083;0.4955,0.8985,-0.1521;2.6030,0.2583,2.5015;2.8862,1.7775,1.6828;4.2151,0.6703,1.9567;2.7347,-2.5267,0.7538;4.3894,-2.0182,0.5004;3.3742,-2.4070,-0.8728;3.2320,0.3821,-2.3573;3.3912,2.7127,-0.6231;2.1307,2.2800,-1.5665;6.2504,1.0442,0.7948;5.8531,2.6398,0.1845;7.3744,1.8908,-0.2450;6.1986,-1.4335,-0.9675;7.2961,-0.7692,-2.1563;5.7307,-1.3747,-2.6532;5.3597,2.9186,-3.0989;5.6365,1.4806,-4.0588;6.9704,2.2219,-3.1957;</g>
	</geometry>
	<conformers/>
	<properties/>
</molecule>
