<?xml version="1.0" ?>
<!--MOLLI PACKAGE EXPERIMENTAL XML FORMAT-->
<molecule name="nuc1294">
	<atoms>
		<a id="1" s="C" t="C.3" l="C"/>
		<a id="2" s="N" t="N.am" l="N"/>
		<a id="3" s="N" t="N.3" l="N"/>
		<a id="4" s="C" t="C.2" l="C"/>
		<a id="5" s="O" t="O.2" l="O"/>
		<a id="6" s="O" t="O.3" l="O"/>
		<a id="7" s="C" t="C.3" l="C"/>
		<a id="8" s="C" t="C.3" l="C"/>
		<a id="9" s="C" t="C.3" l="C"/>
		<a id="10" s="C" t="C.3" l="C"/>
		<a id="11" s="H" t="H" l="H"/>
		<a id="12" s="H" t="H" l="H"/>
		<a id="13" s="H" t="H" l="H"/>
		<a id="14" s="H" t="H" l="H"/>
		<a id="15" s="H" t="H" l="H"/>
		<a id="16" s="H" t="H" l="H"/>
		<a id="17" s="H" t="H" l="H"/>
		<a id="18" s="H" t="H" l="H"/>
		<a id="19" s="H" t="H" l="H"/>
		<a id="20" s="H" t="H" l="H"/>
		<a id="21" s="H" t="H" l="H"/>
		<a id="22" s="H" t="H" l="H"/>
		<a id="23" s="H" t="H" l="H"/>
		<a id="24" s="H" t="H" l="H"/>
	</atoms>
	<bonds>
		<b id="1" c="1 2" t="1"/>
		<b id="2" c="2 3" t="1"/>
		<b id="3" c="2 4" t="am"/>
		<b id="4" c="4 5" t="2"/>
		<b id="5" c="4 6" t="1"/>
		<b id="6" c="6 7" t="1"/>
		<b id="7" c="7 8" t="1"/>
		<b id="8" c="7 9" t="1"/>
		<b id="9" c="7 10" t="1"/>
		<b id="10" c="1 11" t="1"/>
		<b id="11" c="1 12" t="1"/>
		<b id="12" c="1 13" t="1"/>
		<b id="13" c="3 14" t="1"/>
		<b id="14" c="3 15" t="1"/>
		<b id="15" c="8 16" t="1"/>
		<b id="16" c="8 17" t="1"/>
		<b id="17" c="8 18" t="1"/>
		<b id="18" c="9 19" t="1"/>
		<b id="19" c="9 20" t="1"/>
		<b id="20" c="9 21" t="1"/>
		<b id="21" c="10 22" t="1"/>
		<b id="22" c="10 23" t="1"/>
		<b id="23" c="10 24" t="1"/>
	</bonds>
	<geometry>
		<g u="A" t="cart/3d">#24,3:3.9857,-1.8705,1.7643;4.0069,-0.9090,0.6881;3.1658,0.2036,0.8533;4.7618,-1.1006,-0.4232;5.4839,-2.0564,-0.5852;4.5788,-0.0733,-1.2801;5.2917,-0.0394,-2.5379;4.9129,-1.2463,-3.3958;4.8175,1.2566,-3.1984;6.7992,0.0066,-2.2912;2.9837,-2.2894,1.8747;4.2755,-1.3866,2.6978;4.6922,-2.6588,1.5159;2.4502,0.2136,0.1266;3.7072,1.0610,0.7579;3.8345,-1.2817,-3.5381;5.2345,-2.1640,-2.9113;5.3945,-1.1700,-4.3665;3.7399,1.2323,-3.3405;5.2990,1.3763,-4.1641;5.0646,2.1093,-2.5711;7.1259,-0.9088,-1.8056;7.0494,0.8523,-1.6536;7.3218,0.1116,-3.2377;</g>
	</geometry>
	<conformers/>
	<properties/>
</molecule>
