<?xml version="1.0" ?>
<!--MOLLI PACKAGE EXPERIMENTAL XML FORMAT-->
<molecule name="nuc1013">
	<atoms>
		<a id="1" s="C" t="C.3" l="C"/>
		<a id="2" s="C" t="C.3" l="C"/>
		<a id="3" s="C" t="C.3" l="C"/>
		<a id="4" s="C" t="C.3" l="C"/>
		<a id="5" s="C" t="C.3" l="C"/>
		<a id="6" s="O" t="O.2" l="O"/>
		<a id="7" s="C" t="C.2" l="C"/>
		<a id="8" s="C" t="C.ar" l="C"/>
		<a id="9" s="C" t="C.ar" l="C"/>
		<a id="10" s="C" t="C.ar" l="C"/>
		<a id="11" s="C" t="C.ar" l="C"/>
		<a id="12" s="C" t="C.ar" l="C"/>
		<a id="13" s="C" t="C.ar" l="C"/>
		<a id="14" s="N" t="N.pl3" l="N"/>
		<a id="15" s="N" t="N.2" l="N"/>
		<a id="16" s="H" t="H" l="H"/>
		<a id="17" s="H" t="H" l="H"/>
		<a id="18" s="H" t="H" l="H"/>
		<a id="19" s="H" t="H" l="H"/>
		<a id="20" s="H" t="H" l="H"/>
		<a id="21" s="H" t="H" l="H"/>
		<a id="22" s="H" t="H" l="H"/>
		<a id="23" s="H" t="H" l="H"/>
		<a id="24" s="H" t="H" l="H"/>
		<a id="25" s="H" t="H" l="H"/>
		<a id="26" s="H" t="H" l="H"/>
		<a id="27" s="H" t="H" l="H"/>
		<a id="28" s="H" t="H" l="H"/>
		<a id="29" s="H" t="H" l="H"/>
		<a id="30" s="H" t="H" l="H"/>
		<a id="31" s="H" t="H" l="H"/>
	</atoms>
	<bonds>
		<b id="1" c="1 2" t="1"/>
		<b id="2" c="2 3" t="1"/>
		<b id="3" c="4 5" t="1"/>
		<b id="4" c="5 6" t="1"/>
		<b id="5" c="6 7" t="1"/>
		<b id="6" c="7 8" t="1"/>
		<b id="7" c="8 9" t="ar"/>
		<b id="8" c="9 10" t="ar"/>
		<b id="9" c="10 11" t="ar"/>
		<b id="10" c="11 12" t="ar"/>
		<b id="11" c="12 13" t="ar"/>
		<b id="12" c="8 13" t="ar"/>
		<b id="13" c="13 14" t="1"/>
		<b id="14" c="7 15" t="2"/>
		<b id="15" c="4 15" t="1"/>
		<b id="16" c="4 2" t="1"/>
		<b id="17" c="1 16" t="1"/>
		<b id="18" c="1 17" t="1"/>
		<b id="19" c="1 18" t="1"/>
		<b id="20" c="2 19" t="1"/>
		<b id="21" c="3 20" t="1"/>
		<b id="22" c="3 21" t="1"/>
		<b id="23" c="3 22" t="1"/>
		<b id="24" c="4 23" t="1"/>
		<b id="25" c="5 24" t="1"/>
		<b id="26" c="5 25" t="1"/>
		<b id="27" c="9 26" t="1"/>
		<b id="28" c="10 27" t="1"/>
		<b id="29" c="11 28" t="1"/>
		<b id="30" c="12 29" t="1"/>
		<b id="31" c="14 30" t="1"/>
		<b id="32" c="14 31" t="1"/>
	</bonds>
	<geometry>
		<g u="A" t="cart/3d">#31,3:1.0471,0.7124,-2.1034;2.5720,0.7783,-2.1113;3.1565,-0.5039,-2.6971;3.0996,1.0085,-0.6857;4.6111,1.3572,-0.6309;4.6613,2.6438,-0.0342;3.3789,3.0055,0.2374;3.1589,4.2902,0.8676;4.2530,5.1097,1.1505;4.0882,6.3274,1.7729;2.8108,6.7437,2.1315;1.7171,5.9535,1.8610;1.8573,4.7163,1.2176;0.7724,3.9697,0.9012;2.4751,2.1604,-0.0754;0.6718,0.5706,-3.1143;0.6350,1.6330,-1.7005;0.7087,-0.1177,-1.4873;2.8808,1.6319,-2.7259;2.8478,-1.3628,-2.1046;4.2434,-0.4740,-2.7153;2.8010,-0.6446,-3.7152;2.8661,0.1235,-0.0804;5.0618,1.4199,-1.6258;5.1877,0.6613,-0.0155;5.2365,4.7641,0.8716;4.9426,6.9517,1.9843;2.6741,7.6942,2.6268;0.7256,6.2812,2.1403;-0.1124,4.1881,1.3244;0.9602,3.0371,0.5515;</g>
	</geometry>
	<conformers/>
	<properties/>
</molecule>
