<?xml version="1.0" ?>
<!--MOLLI PACKAGE EXPERIMENTAL XML FORMAT-->
<molecule name="nuc1295">
	<atoms>
		<a id="1" s="H" t="H" l="H"/>
		<a id="2" s="C" t="C.3" l="C"/>
		<a id="3" s="H" t="H" l="H"/>
		<a id="4" s="H" t="H" l="H"/>
		<a id="5" s="N" t="N.am" l="N"/>
		<a id="6" s="N" t="N.3" l="N"/>
		<a id="7" s="C" t="C.2" l="C"/>
		<a id="8" s="O" t="O.2" l="O"/>
		<a id="9" s="O" t="O.3" l="O"/>
		<a id="10" s="C" t="C.3" l="C"/>
		<a id="11" s="C" t="C.3" l="C"/>
		<a id="12" s="C" t="C.3" l="C"/>
		<a id="13" s="C" t="C.3" l="C"/>
		<a id="14" s="H" t="H" l="H"/>
		<a id="15" s="H" t="H" l="H"/>
		<a id="16" s="H" t="H" l="H"/>
		<a id="17" s="H" t="H" l="H"/>
		<a id="18" s="H" t="H" l="H"/>
		<a id="19" s="H" t="H" l="H"/>
		<a id="20" s="H" t="H" l="H"/>
		<a id="21" s="H" t="H" l="H"/>
		<a id="22" s="H" t="H" l="H"/>
		<a id="23" s="H" t="H" l="H"/>
		<a id="24" s="H" t="H" l="H"/>
	</atoms>
	<bonds>
		<b id="1" c="1 2" t="1"/>
		<b id="2" c="2 3" t="1"/>
		<b id="3" c="2 4" t="1"/>
		<b id="4" c="2 5" t="1"/>
		<b id="5" c="5 6" t="1"/>
		<b id="6" c="5 7" t="am"/>
		<b id="7" c="7 8" t="2"/>
		<b id="8" c="7 9" t="1"/>
		<b id="9" c="9 10" t="1"/>
		<b id="10" c="10 11" t="1"/>
		<b id="11" c="10 12" t="1"/>
		<b id="12" c="10 13" t="1"/>
		<b id="13" c="6 14" t="1"/>
		<b id="14" c="6 15" t="1"/>
		<b id="15" c="11 16" t="1"/>
		<b id="16" c="11 17" t="1"/>
		<b id="17" c="11 18" t="1"/>
		<b id="18" c="12 19" t="1"/>
		<b id="19" c="12 20" t="1"/>
		<b id="20" c="12 21" t="1"/>
		<b id="21" c="13 22" t="1"/>
		<b id="22" c="13 23" t="1"/>
		<b id="23" c="13 24" t="1"/>
	</bonds>
	<geometry>
		<g u="A" t="cart/3d">#24,3:1.0942,1.1749,0.8939;1.9538,1.8052,1.1122;2.7836,1.5482,0.4576;1.6830,2.8531,0.9513;2.3345,1.5654,2.4824;1.2849,1.2245,3.3558;3.5718,1.7877,2.9958;3.8102,1.6322,4.1751;4.4350,2.1559,2.0378;5.8306,2.3686,2.3576;6.4519,1.0860,2.9100;6.4632,2.7352,1.0140;5.9772,3.5211,3.3511;1.0348,2.0283,3.9354;1.6184,0.5000,3.9898;6.2940,0.2646,2.2134;5.9979,0.8307,3.8634;7.5195,1.2278,3.0526;6.3363,1.9192,0.3071;7.5233,2.9309,1.1439;5.9843,3.6220,0.6071;5.4998,3.2644,4.2927;5.5111,4.4200,2.9524;7.0302,3.7186,3.5304;</g>
	</geometry>
	<conformers/>
	<properties/>
</molecule>
