<?xml version="1.0" ?>
<!--MOLLI PACKAGE EXPERIMENTAL XML FORMAT-->
<molecule name="nuc1296">
	<atoms>
		<a id="1" s="C" t="C.3" l="C"/>
		<a id="2" s="C" t="C.3" l="C"/>
		<a id="3" s="C" t="C.3" l="C"/>
		<a id="4" s="C" t="C.3" l="C"/>
		<a id="5" s="C" t="C.3" l="C"/>
		<a id="6" s="C" t="C.ar" l="C"/>
		<a id="7" s="C" t="C.ar" l="C"/>
		<a id="8" s="C" t="C.ar" l="C"/>
		<a id="9" s="C" t="C.ar" l="C"/>
		<a id="10" s="N" t="N.pl3" l="N"/>
		<a id="11" s="C" t="C.ar" l="C"/>
		<a id="12" s="C" t="C.ar" l="C"/>
		<a id="13" s="H" t="H" l="H"/>
		<a id="14" s="H" t="H" l="H"/>
		<a id="15" s="H" t="H" l="H"/>
		<a id="16" s="H" t="H" l="H"/>
		<a id="17" s="H" t="H" l="H"/>
		<a id="18" s="H" t="H" l="H"/>
		<a id="19" s="H" t="H" l="H"/>
		<a id="20" s="H" t="H" l="H"/>
		<a id="21" s="H" t="H" l="H"/>
		<a id="22" s="H" t="H" l="H"/>
		<a id="23" s="H" t="H" l="H"/>
		<a id="24" s="H" t="H" l="H"/>
		<a id="25" s="H" t="H" l="H"/>
		<a id="26" s="H" t="H" l="H"/>
		<a id="27" s="H" t="H" l="H"/>
		<a id="28" s="H" t="H" l="H"/>
		<a id="29" s="H" t="H" l="H"/>
	</atoms>
	<bonds>
		<b id="1" c="1 2" t="1"/>
		<b id="2" c="2 3" t="1"/>
		<b id="3" c="2 4" t="1"/>
		<b id="4" c="2 5" t="1"/>
		<b id="5" c="5 6" t="1"/>
		<b id="6" c="6 7" t="ar"/>
		<b id="7" c="7 8" t="ar"/>
		<b id="8" c="8 9" t="ar"/>
		<b id="9" c="9 10" t="1"/>
		<b id="10" c="9 11" t="ar"/>
		<b id="11" c="11 12" t="ar"/>
		<b id="12" c="6 12" t="ar"/>
		<b id="13" c="1 13" t="1"/>
		<b id="14" c="1 14" t="1"/>
		<b id="15" c="1 15" t="1"/>
		<b id="16" c="3 16" t="1"/>
		<b id="17" c="3 17" t="1"/>
		<b id="18" c="3 18" t="1"/>
		<b id="19" c="4 19" t="1"/>
		<b id="20" c="4 20" t="1"/>
		<b id="21" c="4 21" t="1"/>
		<b id="22" c="5 22" t="1"/>
		<b id="23" c="5 23" t="1"/>
		<b id="24" c="7 24" t="1"/>
		<b id="25" c="8 25" t="1"/>
		<b id="26" c="10 26" t="1"/>
		<b id="27" c="10 27" t="1"/>
		<b id="28" c="11 28" t="1"/>
		<b id="29" c="12 29" t="1"/>
	</bonds>
	<geometry>
		<g u="A" t="cart/3d">#29,3:2.9890,0.1520,1.5711;2.5817,-0.1222,0.1232;3.0472,-1.5227,-0.2761;1.0568,-0.0450,0.0046;3.1923,0.9400,-0.8205;4.6930,0.9869,-0.8113;5.4402,0.2125,-1.6912;6.8201,0.2474,-1.6836;7.5030,1.0683,-0.7878;8.8861,1.0534,-0.7260;6.7587,1.8565,0.0884;5.3791,1.8132,0.0713;2.5321,-0.5786,2.2357;2.6650,1.1434,1.8808;4.0686,0.0893,1.6829;2.5891,-2.2699,0.3688;4.1273,-1.6073,-0.1852;2.7673,-1.7428,-1.3042;0.5864,-0.7779,0.6565;0.7396,-0.2439,-1.0170;0.6982,0.9427,0.2871;2.8020,1.9179,-0.5285;2.8470,0.7306,-1.8358;4.9341,-0.4225,-2.4043;7.3829,-0.3611,-2.3780;9.3575,0.7265,-1.5547;9.3140,1.8630,-0.3049;7.2734,2.5077,0.7812;4.8247,2.4437,0.7517;</g>
	</geometry>
	<conformers/>
	<properties/>
</molecule>
