<?xml version="1.0" ?>
<!--MOLLI PACKAGE EXPERIMENTAL XML FORMAT-->
<molecule name="nuc1307">
	<atoms>
		<a id="1" s="N" t="N.3" l="N"/>
		<a id="2" s="C" t="C.3" l="C"/>
		<a id="3" s="C" t="C.ar" l="C"/>
		<a id="4" s="C" t="C.ar" l="C"/>
		<a id="5" s="C" t="C.ar" l="C"/>
		<a id="6" s="C" t="C.ar" l="C"/>
		<a id="7" s="F" t="F" l="F"/>
		<a id="8" s="C" t="C.ar" l="C"/>
		<a id="9" s="F" t="F" l="F"/>
		<a id="10" s="C" t="C.ar" l="C"/>
		<a id="11" s="H" t="H" l="H"/>
		<a id="12" s="H" t="H" l="H"/>
		<a id="13" s="H" t="H" l="H"/>
		<a id="14" s="H" t="H" l="H"/>
		<a id="15" s="H" t="H" l="H"/>
		<a id="16" s="H" t="H" l="H"/>
		<a id="17" s="H" t="H" l="H"/>
	</atoms>
	<bonds>
		<b id="1" c="1 2" t="1"/>
		<b id="2" c="2 3" t="1"/>
		<b id="3" c="3 4" t="ar"/>
		<b id="4" c="4 5" t="ar"/>
		<b id="5" c="5 6" t="ar"/>
		<b id="6" c="6 7" t="1"/>
		<b id="7" c="6 8" t="ar"/>
		<b id="8" c="8 9" t="1"/>
		<b id="9" c="8 10" t="ar"/>
		<b id="10" c="3 10" t="ar"/>
		<b id="11" c="1 11" t="1"/>
		<b id="12" c="1 12" t="1"/>
		<b id="13" c="2 13" t="1"/>
		<b id="14" c="2 14" t="1"/>
		<b id="15" c="4 15" t="1"/>
		<b id="16" c="5 16" t="1"/>
		<b id="17" c="10 17" t="1"/>
	</bonds>
	<geometry>
		<g u="A" t="cart/3d">#17,3:3.4354,-1.0437,0.1704;2.4510,0.0241,0.1042;2.8218,1.0269,-0.9572;3.4981,0.6169,-2.0995;3.8370,1.5240,-3.0858;3.4947,2.8563,-2.9371;3.8244,3.7406,-3.8957;2.8152,3.2733,-1.8009;2.4782,4.5664,-1.6469;2.4829,2.3650,-0.8129;3.1554,-1.7398,0.8513;4.3375,-0.6722,0.4513;2.3031,0.5516,1.0620;1.4927,-0.4337,-0.1690;3.7588,-0.4242,-2.2003;4.3638,1.2161,-3.9748;1.9579,2.7188,0.0609;</g>
	</geometry>
	<conformers/>
	<properties/>
</molecule>
