<?xml version="1.0" ?>
<!--MOLLI PACKAGE EXPERIMENTAL XML FORMAT-->
<molecule name="nuc1311">
	<atoms>
		<a id="1" s="C" t="C.3" l="C"/>
		<a id="2" s="N" t="N.pl3" l="N"/>
		<a id="3" s="C" t="C.3" l="C"/>
		<a id="4" s="C" t="C.ar" l="C"/>
		<a id="5" s="C" t="C.ar" l="C"/>
		<a id="6" s="C" t="C.ar" l="C"/>
		<a id="7" s="C" t="C.ar" l="C"/>
		<a id="8" s="C" t="C.3" l="C"/>
		<a id="9" s="N" t="N.3" l="N"/>
		<a id="10" s="C" t="C.ar" l="C"/>
		<a id="11" s="C" t="C.ar" l="C"/>
		<a id="12" s="H" t="H" l="H"/>
		<a id="13" s="H" t="H" l="H"/>
		<a id="14" s="H" t="H" l="H"/>
		<a id="15" s="H" t="H" l="H"/>
		<a id="16" s="H" t="H" l="H"/>
		<a id="17" s="H" t="H" l="H"/>
		<a id="18" s="H" t="H" l="H"/>
		<a id="19" s="H" t="H" l="H"/>
		<a id="20" s="H" t="H" l="H"/>
		<a id="21" s="H" t="H" l="H"/>
		<a id="22" s="H" t="H" l="H"/>
		<a id="23" s="H" t="H" l="H"/>
		<a id="24" s="H" t="H" l="H"/>
		<a id="25" s="H" t="H" l="H"/>
	</atoms>
	<bonds>
		<b id="1" c="1 2" t="1"/>
		<b id="2" c="2 3" t="1"/>
		<b id="3" c="2 4" t="1"/>
		<b id="4" c="4 5" t="ar"/>
		<b id="5" c="5 6" t="ar"/>
		<b id="6" c="6 7" t="ar"/>
		<b id="7" c="7 8" t="1"/>
		<b id="8" c="8 9" t="1"/>
		<b id="9" c="7 10" t="ar"/>
		<b id="10" c="10 11" t="ar"/>
		<b id="11" c="4 11" t="ar"/>
		<b id="12" c="1 12" t="1"/>
		<b id="13" c="1 13" t="1"/>
		<b id="14" c="1 14" t="1"/>
		<b id="15" c="3 15" t="1"/>
		<b id="16" c="3 16" t="1"/>
		<b id="17" c="3 17" t="1"/>
		<b id="18" c="5 18" t="1"/>
		<b id="19" c="6 19" t="1"/>
		<b id="20" c="8 20" t="1"/>
		<b id="21" c="8 21" t="1"/>
		<b id="22" c="9 22" t="1"/>
		<b id="23" c="9 23" t="1"/>
		<b id="24" c="10 24" t="1"/>
		<b id="25" c="11 25" t="1"/>
	</bonds>
	<geometry>
		<g u="A" t="cart/3d">#25,3:1.2499,-0.5417,0.1988;2.5231,0.1021,-0.0077;3.2214,-0.1839,-1.2389;3.2345,0.5794,1.0735;2.7044,0.5692,2.3690;3.4112,1.0937,3.4339;4.6692,1.6495,3.2620;5.4507,2.2206,4.4140;6.8029,1.6726,4.4249;5.2068,1.6538,1.9815;4.5136,1.1306,0.9110;0.7931,-0.7497,-0.7670;0.5796,0.1230,0.7461;1.3376,-1.4862,0.7522;2.5527,-0.7009,-1.9234;4.1005,-0.8173,-1.0741;3.5452,0.7423,-1.7212;1.7344,0.1413,2.5641;2.9677,1.0639,4.4203;4.8992,2.0389,5.3531;5.5462,3.3062,4.2901;6.7637,0.6620,4.5122;7.3248,2.0350,5.2155;6.1920,2.0689,1.8332;4.9742,1.1629,-0.0626;</g>
	</geometry>
	<conformers/>
	<properties/>
</molecule>
