<?xml version="1.0" ?>
<!--MOLLI PACKAGE EXPERIMENTAL XML FORMAT-->
<molecule name="nuc1313">
	<atoms>
		<a id="1" s="C" t="C.3" l="C"/>
		<a id="2" s="O" t="O.3" l="O"/>
		<a id="3" s="C" t="C.ar" l="C"/>
		<a id="4" s="C" t="C.ar" l="C"/>
		<a id="5" s="C" t="C.ar" l="C"/>
		<a id="6" s="C" t="C.ar" l="C"/>
		<a id="7" s="C" t="C.3" l="C"/>
		<a id="8" s="N" t="N.3" l="N"/>
		<a id="9" s="C" t="C.ar" l="C"/>
		<a id="10" s="C" t="C.ar" l="C"/>
		<a id="11" s="F" t="F" l="F"/>
		<a id="12" s="H" t="H" l="H"/>
		<a id="13" s="H" t="H" l="H"/>
		<a id="14" s="H" t="H" l="H"/>
		<a id="15" s="H" t="H" l="H"/>
		<a id="16" s="H" t="H" l="H"/>
		<a id="17" s="H" t="H" l="H"/>
		<a id="18" s="H" t="H" l="H"/>
		<a id="19" s="H" t="H" l="H"/>
		<a id="20" s="H" t="H" l="H"/>
		<a id="21" s="H" t="H" l="H"/>
	</atoms>
	<bonds>
		<b id="1" c="1 2" t="1"/>
		<b id="2" c="2 3" t="1"/>
		<b id="3" c="3 4" t="ar"/>
		<b id="4" c="4 5" t="ar"/>
		<b id="5" c="5 6" t="ar"/>
		<b id="6" c="6 7" t="1"/>
		<b id="7" c="7 8" t="1"/>
		<b id="8" c="6 9" t="ar"/>
		<b id="9" c="9 10" t="ar"/>
		<b id="10" c="3 10" t="ar"/>
		<b id="11" c="10 11" t="1"/>
		<b id="12" c="1 12" t="1"/>
		<b id="13" c="1 13" t="1"/>
		<b id="14" c="1 14" t="1"/>
		<b id="15" c="4 15" t="1"/>
		<b id="16" c="5 16" t="1"/>
		<b id="17" c="7 17" t="1"/>
		<b id="18" c="7 18" t="1"/>
		<b id="19" c="8 19" t="1"/>
		<b id="20" c="8 20" t="1"/>
		<b id="21" c="9 21" t="1"/>
	</bonds>
	<geometry>
		<g u="A" t="cart/3d">#21,3:1.3241,0.2915,0.6722;2.4932,0.0432,-0.0790;3.1683,1.0751,-0.6474;4.3041,0.7156,-1.3786;5.0863,1.6552,-2.0143;4.7714,3.0070,-1.9431;5.6251,4.0483,-2.6177;4.8241,5.1923,-3.0253;3.6518,3.3830,-1.2204;2.8672,2.4352,-0.5901;1.7841,2.8961,0.0930;0.9813,-0.6882,1.0020;0.5457,0.7618,0.0658;1.5291,0.9159,1.5455;4.5450,-0.3343,-1.4299;5.9535,1.3331,-2.5714;6.1735,3.5748,-3.4507;6.3707,4.4128,-1.9004;4.1304,4.9065,-3.7086;5.4108,5.9008,-3.4508;3.3803,4.4237,-1.1479;</g>
	</geometry>
	<conformers/>
	<properties/>
</molecule>
