<?xml version="1.0" ?>
<!--MOLLI PACKAGE EXPERIMENTAL XML FORMAT-->
<molecule name="nuc1316">
	<atoms>
		<a id="1" s="C" t="C.3" l="C"/>
		<a id="2" s="C" t="C.3" l="C"/>
		<a id="3" s="C" t="C.3" l="C"/>
		<a id="4" s="C" t="C.3" l="C"/>
		<a id="5" s="O" t="O.3" l="O"/>
		<a id="6" s="C" t="C.2" l="C"/>
		<a id="7" s="O" t="O.2" l="O"/>
		<a id="8" s="N" t="N.am" l="N"/>
		<a id="9" s="C" t="C.3" l="C"/>
		<a id="10" s="C" t="C.3" l="C"/>
		<a id="11" s="O" t="O.3" l="O"/>
		<a id="12" s="C" t="C.3" l="C"/>
		<a id="13" s="C" t="C.3" l="C"/>
		<a id="14" s="C" t="C.3" l="C"/>
		<a id="15" s="O" t="O.3" l="O"/>
		<a id="16" s="C" t="C.3" l="C"/>
		<a id="17" s="C" t="C.3" l="C"/>
		<a id="18" s="C" t="C.3" l="C"/>
		<a id="19" s="N" t="N.3" l="N"/>
		<a id="20" s="H" t="H" l="H"/>
		<a id="21" s="H" t="H" l="H"/>
		<a id="22" s="H" t="H" l="H"/>
		<a id="23" s="H" t="H" l="H"/>
		<a id="24" s="H" t="H" l="H"/>
		<a id="25" s="H" t="H" l="H"/>
		<a id="26" s="H" t="H" l="H"/>
		<a id="27" s="H" t="H" l="H"/>
		<a id="28" s="H" t="H" l="H"/>
		<a id="29" s="H" t="H" l="H"/>
		<a id="30" s="H" t="H" l="H"/>
		<a id="31" s="H" t="H" l="H"/>
		<a id="32" s="H" t="H" l="H"/>
		<a id="33" s="H" t="H" l="H"/>
		<a id="34" s="H" t="H" l="H"/>
		<a id="35" s="H" t="H" l="H"/>
		<a id="36" s="H" t="H" l="H"/>
		<a id="37" s="H" t="H" l="H"/>
		<a id="38" s="H" t="H" l="H"/>
		<a id="39" s="H" t="H" l="H"/>
		<a id="40" s="H" t="H" l="H"/>
		<a id="41" s="H" t="H" l="H"/>
		<a id="42" s="H" t="H" l="H"/>
		<a id="43" s="H" t="H" l="H"/>
	</atoms>
	<bonds>
		<b id="1" c="1 2" t="1"/>
		<b id="2" c="2 3" t="1"/>
		<b id="3" c="2 4" t="1"/>
		<b id="4" c="2 5" t="1"/>
		<b id="5" c="5 6" t="1"/>
		<b id="6" c="6 7" t="2"/>
		<b id="7" c="6 8" t="am"/>
		<b id="8" c="8 9" t="1"/>
		<b id="9" c="9 10" t="1"/>
		<b id="10" c="10 11" t="1"/>
		<b id="11" c="11 12" t="1"/>
		<b id="12" c="12 13" t="1"/>
		<b id="13" c="12 14" t="1"/>
		<b id="14" c="12 15" t="1"/>
		<b id="15" c="15 16" t="1"/>
		<b id="16" c="10 16" t="1"/>
		<b id="17" c="16 17" t="1"/>
		<b id="18" c="8 17" t="1"/>
		<b id="19" c="17 18" t="1"/>
		<b id="20" c="18 19" t="1"/>
		<b id="21" c="1 20" t="1"/>
		<b id="22" c="1 21" t="1"/>
		<b id="23" c="1 22" t="1"/>
		<b id="24" c="3 23" t="1"/>
		<b id="25" c="3 24" t="1"/>
		<b id="26" c="3 25" t="1"/>
		<b id="27" c="4 26" t="1"/>
		<b id="28" c="4 27" t="1"/>
		<b id="29" c="4 28" t="1"/>
		<b id="30" c="9 29" t="1"/>
		<b id="31" c="9 30" t="1"/>
		<b id="32" c="10 31" t="1"/>
		<b id="33" c="13 32" t="1"/>
		<b id="34" c="13 33" t="1"/>
		<b id="35" c="13 34" t="1"/>
		<b id="36" c="14 35" t="1"/>
		<b id="37" c="14 36" t="1"/>
		<b id="38" c="14 37" t="1"/>
		<b id="39" c="16 38" t="1"/>
		<b id="40" c="17 39" t="1"/>
		<b id="41" c="18 40" t="1"/>
		<b id="42" c="18 41" t="1"/>
		<b id="43" c="19 42" t="1"/>
		<b id="44" c="19 43" t="1"/>
	</bonds>
	<geometry>
		<g u="A" t="cart/3d">#43,3:4.1107,0.8749,1.2507;3.0052,0.7004,0.2100;2.4001,-0.7014,0.2841;1.9208,1.7629,0.3991;3.5143,0.9574,-1.1200;4.5178,0.2102,-1.6179;5.0622,-0.7184,-1.0673;4.8433,0.6243,-2.8648;5.9292,0.0288,-3.6104;6.5175,1.1807,-4.4345;7.6579,1.7224,-3.8151;7.5002,3.1246,-3.6882;8.0522,3.5698,-2.3368;8.2037,3.8460,-4.8469;6.1077,3.3754,-3.7262;5.4638,2.3121,-4.3879;4.2951,1.7742,-3.5480;3.0906,1.3787,-4.4137;2.6440,2.5174,-5.1966;3.6941,0.7686,2.2486;4.5592,1.8620,1.1578;4.8813,0.1230,1.1059;1.9542,-0.8570,1.2625;3.1721,-1.4485,0.1226;1.6318,-0.8185,-0.4776;1.4620,1.6557,1.3774;1.1559,1.6550,-0.3655;2.3542,2.7563,0.3167;5.5592,-0.7689,-4.2641;6.6660,-0.3861,-2.9211;6.7626,0.8632,-5.4554;9.1153,3.3574,-2.2916;7.5443,3.0239,-1.5467;7.8790,4.6334,-2.2086;9.2644,3.6151,-4.8274;8.0579,4.9173,-4.7488;7.7855,3.5168,-5.7951;5.1126,2.6329,-5.3747;3.9916,2.5315,-2.8196;2.3193,0.9661,-3.7432;3.3916,0.5911,-5.1111;2.3926,3.2852,-4.5826;1.8239,2.2716,-5.7400;</g>
	</geometry>
	<conformers/>
	<properties/>
</molecule>
