<?xml version="1.0" ?>
<!--MOLLI PACKAGE EXPERIMENTAL XML FORMAT-->
<molecule name="nuc1318">
	<atoms>
		<a id="1" s="C" t="C.3" l="C"/>
		<a id="2" s="C" t="C.3" l="C"/>
		<a id="3" s="C" t="C.3" l="C"/>
		<a id="4" s="C" t="C.3" l="C"/>
		<a id="5" s="O" t="O.3" l="O"/>
		<a id="6" s="C" t="C.2" l="C"/>
		<a id="7" s="O" t="O.2" l="O"/>
		<a id="8" s="N" t="N.am" l="N"/>
		<a id="9" s="C" t="C.3" l="C"/>
		<a id="10" s="C" t="C.3" l="C"/>
		<a id="11" s="C" t="C.3" l="C"/>
		<a id="12" s="N" t="N.pl3" l="N"/>
		<a id="13" s="C" t="C.ar" l="C"/>
		<a id="14" s="N" t="N.ar" l="N"/>
		<a id="15" s="C" t="C.ar" l="C"/>
		<a id="16" s="N" t="N.pl3" l="N"/>
		<a id="17" s="N" t="N.ar" l="N"/>
		<a id="18" s="C" t="C.ar" l="C"/>
		<a id="19" s="C" t="C.ar" l="C"/>
		<a id="20" s="C" t="C.3" l="C"/>
		<a id="21" s="F" t="F" l="F"/>
		<a id="22" s="F" t="F" l="F"/>
		<a id="23" s="F" t="F" l="F"/>
		<a id="24" s="C" t="C.3" l="C"/>
		<a id="25" s="C" t="C.3" l="C"/>
		<a id="26" s="H" t="H" l="H"/>
		<a id="27" s="H" t="H" l="H"/>
		<a id="28" s="H" t="H" l="H"/>
		<a id="29" s="H" t="H" l="H"/>
		<a id="30" s="H" t="H" l="H"/>
		<a id="31" s="H" t="H" l="H"/>
		<a id="32" s="H" t="H" l="H"/>
		<a id="33" s="H" t="H" l="H"/>
		<a id="34" s="H" t="H" l="H"/>
		<a id="35" s="H" t="H" l="H"/>
		<a id="36" s="H" t="H" l="H"/>
		<a id="37" s="H" t="H" l="H"/>
		<a id="38" s="H" t="H" l="H"/>
		<a id="39" s="H" t="H" l="H"/>
		<a id="40" s="H" t="H" l="H"/>
		<a id="41" s="H" t="H" l="H"/>
		<a id="42" s="H" t="H" l="H"/>
		<a id="43" s="H" t="H" l="H"/>
		<a id="44" s="H" t="H" l="H"/>
		<a id="45" s="H" t="H" l="H"/>
		<a id="46" s="H" t="H" l="H"/>
		<a id="47" s="H" t="H" l="H"/>
	</atoms>
	<bonds>
		<b id="1" c="1 2" t="1"/>
		<b id="2" c="2 3" t="1"/>
		<b id="3" c="2 4" t="1"/>
		<b id="4" c="2 5" t="1"/>
		<b id="5" c="5 6" t="1"/>
		<b id="6" c="6 7" t="2"/>
		<b id="7" c="6 8" t="am"/>
		<b id="8" c="8 9" t="1"/>
		<b id="9" c="9 10" t="1"/>
		<b id="10" c="10 11" t="1"/>
		<b id="11" c="11 12" t="1"/>
		<b id="12" c="12 13" t="1"/>
		<b id="13" c="13 14" t="ar"/>
		<b id="14" c="14 15" t="ar"/>
		<b id="15" c="15 16" t="1"/>
		<b id="16" c="15 17" t="ar"/>
		<b id="17" c="17 18" t="ar"/>
		<b id="18" c="18 19" t="ar"/>
		<b id="19" c="13 19" t="ar"/>
		<b id="20" c="19 20" t="1"/>
		<b id="21" c="20 21" t="1"/>
		<b id="22" c="20 22" t="1"/>
		<b id="23" c="20 23" t="1"/>
		<b id="24" c="12 24" t="1"/>
		<b id="25" c="24 25" t="1"/>
		<b id="26" c="9 25" t="1"/>
		<b id="27" c="1 26" t="1"/>
		<b id="28" c="1 27" t="1"/>
		<b id="29" c="1 28" t="1"/>
		<b id="30" c="3 29" t="1"/>
		<b id="31" c="3 30" t="1"/>
		<b id="32" c="3 31" t="1"/>
		<b id="33" c="4 32" t="1"/>
		<b id="34" c="4 33" t="1"/>
		<b id="35" c="4 34" t="1"/>
		<b id="36" c="8 35" t="1"/>
		<b id="37" c="9 36" t="1"/>
		<b id="38" c="10 37" t="1"/>
		<b id="39" c="10 38" t="1"/>
		<b id="40" c="11 39" t="1"/>
		<b id="41" c="11 40" t="1"/>
		<b id="42" c="16 41" t="1"/>
		<b id="43" c="16 42" t="1"/>
		<b id="44" c="18 43" t="1"/>
		<b id="45" c="24 44" t="1"/>
		<b id="46" c="24 45" t="1"/>
		<b id="47" c="25 46" t="1"/>
		<b id="48" c="25 47" t="1"/>
	</bonds>
	<geometry>
		<g u="A" t="cart/3d">#47,3:2.5399,1.2291,1.6136;2.4276,0.5448,0.2516;2.8877,-0.9105,0.3302;0.9928,0.6242,-0.2721;3.2033,1.2660,-0.7367;4.5375,1.3812,-0.6014;5.2137,0.9446,0.2976;5.0302,2.0789,-1.6533;6.4383,2.3674,-1.8057;6.7418,3.8527,-1.5718;6.2327,4.7200,-2.7218;6.8277,4.2690,-3.9648;7.4073,5.1637,-4.7915;7.1785,6.4466,-4.4867;7.6459,7.4047,-5.2728;7.4081,8.6759,-4.9098;8.3268,7.2170,-6.4125;8.6308,5.9689,-6.6841;8.2433,4.8770,-5.9098;8.8281,3.5572,-6.2750;9.1777,2.8072,-5.2110;8.0144,2.7713,-7.0272;9.9495,3.6821,-7.0030;6.4471,2.9096,-4.2716;6.9460,1.9511,-3.1892;1.8939,0.7286,2.3292;2.2390,2.2718,1.5345;3.5652,1.1843,1.9702;2.2419,-1.4623,1.0072;3.9095,-0.9607,0.6956;2.8429,-1.3705,-0.6548;0.3221,0.1044,0.4053;0.9292,0.1662,-1.2556;0.6814,1.6623,-0.3534;4.3735,2.4105,-2.3396;6.9330,1.7710,-1.0314;7.8218,3.9763,-1.4850;6.2820,4.1770,-0.6380;6.5109,5.7617,-2.5707;5.1400,4.6594,-2.7915;6.8814,8.8652,-4.0784;7.7232,9.4149,-5.5099;9.2339,5.8201,-7.5699;6.8109,2.6001,-5.2444;5.3486,2.8707,-4.3183;8.0355,1.9569,-3.1817;6.6101,0.9399,-3.4194;</g>
	</geometry>
	<conformers/>
	<properties/>
</molecule>
