<?xml version="1.0" ?>
<!--MOLLI PACKAGE EXPERIMENTAL XML FORMAT-->
<molecule name="nuc1319">
	<atoms>
		<a id="1" s="C" t="C.3" l="C"/>
		<a id="2" s="C" t="C.3" l="C"/>
		<a id="3" s="C" t="C.3" l="C"/>
		<a id="4" s="C" t="C.ar" l="C"/>
		<a id="5" s="C" t="C.ar" l="C"/>
		<a id="6" s="C" t="C.ar" l="C"/>
		<a id="7" s="C" t="C.ar" l="C"/>
		<a id="8" s="C" t="C.ar" l="C"/>
		<a id="9" s="C" t="C.ar" l="C"/>
		<a id="10" s="C" t="C.ar" l="C"/>
		<a id="11" s="C" t="C.3" l="C"/>
		<a id="12" s="C" t="C.3" l="C"/>
		<a id="13" s="C" t="C.3" l="C"/>
		<a id="14" s="C" t="C.ar" l="C"/>
		<a id="15" s="C" t="C.ar" l="C"/>
		<a id="16" s="N" t="N.pl3" l="N"/>
		<a id="17" s="C" t="C.3" l="C"/>
		<a id="18" s="C" t="C.ar" l="C"/>
		<a id="19" s="C" t="C.ar" l="C"/>
		<a id="20" s="C" t="C.ar" l="C"/>
		<a id="21" s="C" t="C.ar" l="C"/>
		<a id="22" s="C" t="C.ar" l="C"/>
		<a id="23" s="C" t="C.ar" l="C"/>
		<a id="24" s="C" t="C.3" l="C"/>
		<a id="25" s="N" t="N.3" l="N"/>
		<a id="26" s="C" t="C.ar" l="C"/>
		<a id="27" s="C" t="C.ar" l="C"/>
		<a id="28" s="C" t="C.ar" l="C"/>
		<a id="29" s="C" t="C.ar" l="C"/>
		<a id="30" s="C" t="C.ar" l="C"/>
		<a id="31" s="C" t="C.ar" l="C"/>
		<a id="32" s="C" t="C.ar" l="C"/>
		<a id="33" s="C" t="C.ar" l="C"/>
		<a id="34" s="C" t="C.3" l="C"/>
		<a id="35" s="C" t="C.3" l="C"/>
		<a id="36" s="C" t="C.3" l="C"/>
		<a id="37" s="C" t="C.ar" l="C"/>
		<a id="38" s="H" t="H" l="H"/>
		<a id="39" s="H" t="H" l="H"/>
		<a id="40" s="H" t="H" l="H"/>
		<a id="41" s="H" t="H" l="H"/>
		<a id="42" s="H" t="H" l="H"/>
		<a id="43" s="H" t="H" l="H"/>
		<a id="44" s="H" t="H" l="H"/>
		<a id="45" s="H" t="H" l="H"/>
		<a id="46" s="H" t="H" l="H"/>
		<a id="47" s="H" t="H" l="H"/>
		<a id="48" s="H" t="H" l="H"/>
		<a id="49" s="H" t="H" l="H"/>
		<a id="50" s="H" t="H" l="H"/>
		<a id="51" s="H" t="H" l="H"/>
		<a id="52" s="H" t="H" l="H"/>
		<a id="53" s="H" t="H" l="H"/>
		<a id="54" s="H" t="H" l="H"/>
		<a id="55" s="H" t="H" l="H"/>
		<a id="56" s="H" t="H" l="H"/>
		<a id="57" s="H" t="H" l="H"/>
		<a id="58" s="H" t="H" l="H"/>
		<a id="59" s="H" t="H" l="H"/>
		<a id="60" s="H" t="H" l="H"/>
		<a id="61" s="H" t="H" l="H"/>
		<a id="62" s="H" t="H" l="H"/>
		<a id="63" s="H" t="H" l="H"/>
		<a id="64" s="H" t="H" l="H"/>
		<a id="65" s="H" t="H" l="H"/>
		<a id="66" s="H" t="H" l="H"/>
		<a id="67" s="H" t="H" l="H"/>
		<a id="68" s="H" t="H" l="H"/>
		<a id="69" s="H" t="H" l="H"/>
		<a id="70" s="H" t="H" l="H"/>
		<a id="71" s="H" t="H" l="H"/>
		<a id="72" s="H" t="H" l="H"/>
		<a id="73" s="H" t="H" l="H"/>
		<a id="74" s="H" t="H" l="H"/>
		<a id="75" s="H" t="H" l="H"/>
		<a id="76" s="H" t="H" l="H"/>
		<a id="77" s="H" t="H" l="H"/>
		<a id="78" s="H" t="H" l="H"/>
		<a id="79" s="H" t="H" l="H"/>
	</atoms>
	<bonds>
		<b id="1" c="1 2" t="1"/>
		<b id="2" c="2 3" t="1"/>
		<b id="3" c="2 4" t="1"/>
		<b id="4" c="4 5" t="ar"/>
		<b id="5" c="5 6" t="ar"/>
		<b id="6" c="6 7" t="1"/>
		<b id="7" c="7 8" t="ar"/>
		<b id="8" c="8 9" t="ar"/>
		<b id="9" c="9 10" t="ar"/>
		<b id="10" c="10 11" t="1"/>
		<b id="11" c="11 12" t="1"/>
		<b id="12" c="11 13" t="1"/>
		<b id="13" c="10 14" t="ar"/>
		<b id="14" c="14 15" t="ar"/>
		<b id="15" c="7 15" t="ar"/>
		<b id="16" c="15 16" t="1"/>
		<b id="17" c="16 17" t="1"/>
		<b id="18" c="17 18" t="1"/>
		<b id="19" c="18 19" t="ar"/>
		<b id="20" c="19 20" t="ar"/>
		<b id="21" c="20 21" t="ar"/>
		<b id="22" c="21 22" t="ar"/>
		<b id="23" c="22 23" t="ar"/>
		<b id="24" c="18 23" t="ar"/>
		<b id="25" c="17 24" t="1"/>
		<b id="26" c="24 25" t="1"/>
		<b id="27" c="24 26" t="1"/>
		<b id="28" c="26 27" t="ar"/>
		<b id="29" c="27 28" t="ar"/>
		<b id="30" c="28 29" t="ar"/>
		<b id="31" c="29 30" t="ar"/>
		<b id="32" c="30 31" t="ar"/>
		<b id="33" c="26 31" t="ar"/>
		<b id="34" c="6 32" t="ar"/>
		<b id="35" c="32 33" t="ar"/>
		<b id="36" c="33 34" t="1"/>
		<b id="37" c="34 35" t="1"/>
		<b id="38" c="34 36" t="1"/>
		<b id="39" c="33 37" t="ar"/>
		<b id="40" c="4 37" t="ar"/>
		<b id="41" c="1 38" t="1"/>
		<b id="42" c="1 39" t="1"/>
		<b id="43" c="1 40" t="1"/>
		<b id="44" c="2 41" t="1"/>
		<b id="45" c="3 42" t="1"/>
		<b id="46" c="3 43" t="1"/>
		<b id="47" c="3 44" t="1"/>
		<b id="48" c="5 45" t="1"/>
		<b id="49" c="8 46" t="1"/>
		<b id="50" c="9 47" t="1"/>
		<b id="51" c="11 48" t="1"/>
		<b id="52" c="12 49" t="1"/>
		<b id="53" c="12 50" t="1"/>
		<b id="54" c="12 51" t="1"/>
		<b id="55" c="13 52" t="1"/>
		<b id="56" c="13 53" t="1"/>
		<b id="57" c="13 54" t="1"/>
		<b id="58" c="14 55" t="1"/>
		<b id="59" c="16 56" t="1"/>
		<b id="60" c="17 57" t="1"/>
		<b id="61" c="19 58" t="1"/>
		<b id="62" c="20 59" t="1"/>
		<b id="63" c="21 60" t="1"/>
		<b id="64" c="22 61" t="1"/>
		<b id="65" c="23 62" t="1"/>
		<b id="66" c="24 63" t="1"/>
		<b id="67" c="25 64" t="1"/>
		<b id="68" c="25 65" t="1"/>
		<b id="69" c="27 66" t="1"/>
		<b id="70" c="28 67" t="1"/>
		<b id="71" c="29 68" t="1"/>
		<b id="72" c="30 69" t="1"/>
		<b id="73" c="31 70" t="1"/>
		<b id="74" c="32 71" t="1"/>
		<b id="75" c="34 72" t="1"/>
		<b id="76" c="35 73" t="1"/>
		<b id="77" c="35 74" t="1"/>
		<b id="78" c="35 75" t="1"/>
		<b id="79" c="36 76" t="1"/>
		<b id="80" c="36 77" t="1"/>
		<b id="81" c="36 78" t="1"/>
		<b id="82" c="37 79" t="1"/>
	</bonds>
	<geometry>
		<g u="A" t="cart/3d">#79,3:1.8368,0.6477,-0.0966;2.8615,-0.1861,0.6736;2.3922,-0.4301,2.1099;3.1389,-1.4973,-0.0216;4.4163,-1.7945,-0.4681;4.6994,-3.0129,-1.0769;6.0730,-3.3159,-1.5204;7.1245,-3.2090,-0.6226;8.4242,-3.4967,-0.9978;8.7043,-3.8938,-2.2979;10.1154,-4.2258,-2.7173;10.2206,-5.6927,-3.1405;10.5847,-3.3042,-3.8448;7.6623,-3.9836,-3.2075;6.3486,-3.7023,-2.8445;5.3109,-3.8179,-3.7524;5.5393,-3.6408,-5.1697;6.1028,-4.8829,-5.8145;5.8641,-6.1409,-5.2751;6.3557,-7.2751,-5.8964;7.0850,-7.1660,-7.0679;7.3234,-5.9159,-7.6146;6.8339,-4.7820,-6.9925;4.1681,-3.2894,-5.8408;3.1899,-4.3513,-5.7310;3.6721,-1.9967,-5.2332;4.2729,-0.7989,-5.6050;3.8933,0.3936,-5.0186;2.9064,0.4070,-4.0468;2.2967,-0.7772,-3.6757;2.6773,-1.9705,-4.2649;3.6786,-3.9455,-1.2260;2.3900,-3.6703,-0.7900;1.2949,-4.7066,-0.8835;1.1404,-5.2750,-2.2945;1.5720,-5.8304,0.1195;2.1348,-2.4413,-0.1994;1.6685,1.5969,0.4082;0.8857,0.1252,-0.1670;2.1974,0.8489,-1.1024;3.7986,0.3808,0.7137;1.4359,-0.9472,2.1219;2.2767,0.5158,2.6351;3.1172,-1.0382,2.6466;5.2116,-1.0723,-0.3474;6.9112,-2.9088,0.3937;9.2224,-3.4147,-0.2741;10.7728,-4.0707,-1.8542;9.5924,-5.8904,-4.0061;9.8997,-6.3430,-2.3296;11.2489,-5.9393,-3.3971;9.9903,-3.4597,-4.7419;11.6270,-3.5029,-4.0858;10.4904,-2.2624,-3.5455;7.8682,-4.2892,-4.2209;4.4665,-3.3612,-3.4271;6.2289,-2.7996,-5.3557;5.3108,-6.2224,-4.3516;6.1702,-8.2471,-5.4633;7.4705,-8.0512,-7.5518;7.8949,-5.8240,-8.5267;7.0266,-3.8065,-7.4179;4.3556,-3.1243,-6.9083;3.1474,-4.6900,-4.7756;3.4606,-5.1339,-6.3159;5.0416,-0.8017,-6.3654;4.3678,1.3159,-5.3207;2.6106,1.3405,-3.5907;1.5225,-0.7809,-2.9234;2.1764,-2.8822,-3.9821;3.9140,-4.9081,-1.6562;0.3482,-4.2287,-0.6063;2.0461,-5.7867,-2.6112;0.9176,-4.4834,-3.0067;0.3229,-5.9925,-2.3192;2.4987,-6.3428,-0.1281;0.7617,-6.5564,0.1105;1.6645,-5.4256,1.1250;1.1328,-2.2270,0.1448;</g>
	</geometry>
	<conformers/>
	<properties/>
</molecule>
