<?xml version="1.0" ?>
<!--MOLLI PACKAGE EXPERIMENTAL XML FORMAT-->
<molecule name="nuc1321">
	<atoms>
		<a id="1" s="N" t="N.3" l="N"/>
		<a id="2" s="C" t="C.3" l="C"/>
		<a id="3" s="C" t="C.ar" l="C"/>
		<a id="4" s="C" t="C.ar" l="C"/>
		<a id="5" s="C" t="C.ar" l="C"/>
		<a id="6" s="C" t="C.ar" l="C"/>
		<a id="7" s="C" t="C.ar" l="C"/>
		<a id="8" s="C" t="C.ar" l="C"/>
		<a id="9" s="C" t="C.3" l="C"/>
		<a id="10" s="N" t="N.3" l="N"/>
		<a id="11" s="C" t="C.3" l="C"/>
		<a id="12" s="C" t="C.3" l="C"/>
		<a id="13" s="C" t="C.3" l="C"/>
		<a id="14" s="C" t="C.3" l="C"/>
		<a id="15" s="C" t="C.3" l="C"/>
		<a id="16" s="C" t="C.3" l="C"/>
		<a id="17" s="C" t="C.3" l="C"/>
		<a id="18" s="C" t="C.3" l="C"/>
		<a id="19" s="C" t="C.3" l="C"/>
		<a id="20" s="C" t="C.3" l="C"/>
		<a id="21" s="C" t="C.ar" l="C"/>
		<a id="22" s="C" t="C.ar" l="C"/>
		<a id="23" s="C" t="C.ar" l="C"/>
		<a id="24" s="C" t="C.ar" l="C"/>
		<a id="25" s="C" t="C.ar" l="C"/>
		<a id="26" s="C" t="C.ar" l="C"/>
		<a id="27" s="H" t="H" l="H"/>
		<a id="28" s="H" t="H" l="H"/>
		<a id="29" s="H" t="H" l="H"/>
		<a id="30" s="H" t="H" l="H"/>
		<a id="31" s="H" t="H" l="H"/>
		<a id="32" s="H" t="H" l="H"/>
		<a id="33" s="H" t="H" l="H"/>
		<a id="34" s="H" t="H" l="H"/>
		<a id="35" s="H" t="H" l="H"/>
		<a id="36" s="H" t="H" l="H"/>
		<a id="37" s="H" t="H" l="H"/>
		<a id="38" s="H" t="H" l="H"/>
		<a id="39" s="H" t="H" l="H"/>
		<a id="40" s="H" t="H" l="H"/>
		<a id="41" s="H" t="H" l="H"/>
		<a id="42" s="H" t="H" l="H"/>
		<a id="43" s="H" t="H" l="H"/>
		<a id="44" s="H" t="H" l="H"/>
		<a id="45" s="H" t="H" l="H"/>
		<a id="46" s="H" t="H" l="H"/>
		<a id="47" s="H" t="H" l="H"/>
		<a id="48" s="H" t="H" l="H"/>
		<a id="49" s="H" t="H" l="H"/>
		<a id="50" s="H" t="H" l="H"/>
		<a id="51" s="H" t="H" l="H"/>
		<a id="52" s="H" t="H" l="H"/>
		<a id="53" s="H" t="H" l="H"/>
		<a id="54" s="H" t="H" l="H"/>
		<a id="55" s="H" t="H" l="H"/>
		<a id="56" s="H" t="H" l="H"/>
	</atoms>
	<bonds>
		<b id="1" c="1 2" t="1"/>
		<b id="2" c="2 3" t="1"/>
		<b id="3" c="3 4" t="ar"/>
		<b id="4" c="4 5" t="ar"/>
		<b id="5" c="5 6" t="ar"/>
		<b id="6" c="6 7" t="ar"/>
		<b id="7" c="7 8" t="ar"/>
		<b id="8" c="3 8" t="ar"/>
		<b id="9" c="2 9" t="1"/>
		<b id="10" c="9 10" t="1"/>
		<b id="11" c="10 11" t="1"/>
		<b id="12" c="11 12" t="1"/>
		<b id="13" c="12 13" t="1"/>
		<b id="14" c="13 14" t="1"/>
		<b id="15" c="14 15" t="1"/>
		<b id="16" c="15 16" t="1"/>
		<b id="17" c="16 17" t="1"/>
		<b id="18" c="17 18" t="1"/>
		<b id="19" c="13 18" t="1"/>
		<b id="20" c="17 19" t="1"/>
		<b id="21" c="11 19" t="1"/>
		<b id="22" c="15 20" t="1"/>
		<b id="23" c="11 20" t="1"/>
		<b id="24" c="9 21" t="1"/>
		<b id="25" c="21 22" t="ar"/>
		<b id="26" c="22 23" t="ar"/>
		<b id="27" c="23 24" t="ar"/>
		<b id="28" c="24 25" t="ar"/>
		<b id="29" c="25 26" t="ar"/>
		<b id="30" c="21 26" t="ar"/>
		<b id="31" c="1 27" t="1"/>
		<b id="32" c="1 28" t="1"/>
		<b id="33" c="2 29" t="1"/>
		<b id="34" c="4 30" t="1"/>
		<b id="35" c="5 31" t="1"/>
		<b id="36" c="6 32" t="1"/>
		<b id="37" c="7 33" t="1"/>
		<b id="38" c="8 34" t="1"/>
		<b id="39" c="9 35" t="1"/>
		<b id="40" c="10 36" t="1"/>
		<b id="41" c="12 37" t="1"/>
		<b id="42" c="12 38" t="1"/>
		<b id="43" c="13 39" t="1"/>
		<b id="44" c="14 40" t="1"/>
		<b id="45" c="14 41" t="1"/>
		<b id="46" c="15 42" t="1"/>
		<b id="47" c="16 43" t="1"/>
		<b id="48" c="16 44" t="1"/>
		<b id="49" c="17 45" t="1"/>
		<b id="50" c="18 46" t="1"/>
		<b id="51" c="18 47" t="1"/>
		<b id="52" c="19 48" t="1"/>
		<b id="53" c="19 49" t="1"/>
		<b id="54" c="20 50" t="1"/>
		<b id="55" c="20 51" t="1"/>
		<b id="56" c="22 52" t="1"/>
		<b id="57" c="23 53" t="1"/>
		<b id="58" c="24 54" t="1"/>
		<b id="59" c="25 55" t="1"/>
		<b id="60" c="26 56" t="1"/>
	</bonds>
	<geometry>
		<g u="A" t="cart/3d">#56,3:3.3771,-1.4320,-0.3604;2.7465,-0.1539,-0.6319;1.2572,-0.2092,-0.9202;0.4550,-1.2651,-0.5090;-0.9065,-1.2640,-0.7615;-1.4889,-0.2060,-1.4341;-0.6978,0.8486,-1.8608;0.6602,0.8446,-1.6069;2.9864,0.9088,0.4942;2.3130,0.7121,1.7607;2.6680,-0.1644,2.8768;4.1351,-0.5925,2.9026;4.4139,-1.4358,4.1486;4.1450,-0.6024,5.3999;2.6809,-0.1685,5.4048;1.7840,-1.4045,5.4236;2.0601,-2.2413,4.1769;3.5239,-2.6764,4.1615;1.7708,-1.4146,2.9260;2.3908,0.6557,4.1529;4.4351,1.3052,0.6779;5.5030,0.6276,0.1084;6.7995,1.0774,0.3003;7.0466,2.2060,1.0599;5.9851,2.8910,1.6291;4.6917,2.4471,1.4325;3.0285,-1.8256,0.5049;3.1717,-2.0847,-1.1099;3.2406,0.2519,-1.5261;0.8843,-2.1109,0.0092;-1.5111,-2.0960,-0.4302;-2.5506,-0.2046,-1.6310;-1.1418,1.6748,-2.3968;1.2727,1.6663,-1.9517;2.4956,1.8117,0.0907;1.3116,0.6841,1.6164;4.7705,0.2921,2.9272;4.3876,-1.1580,2.0057;5.4658,-1.7429,4.1343;4.7935,0.2763,5.4057;4.3642,-1.1889,6.2953;2.4814,0.4409,6.2939;0.7338,-1.1040,5.4453;1.9817,-1.9970,6.3198;1.4131,-3.1272,4.1808;3.7243,-3.2879,3.2780;3.7416,-3.2831,5.0435;0.7210,-1.1058,2.9160;1.9378,-2.0407,2.0474;3.0172,1.5486,4.1354;1.3479,0.9807,4.1505;5.3255,-0.2664,-0.4666;7.6219,0.5381,-0.1475;8.0591,2.5525,1.2085;6.1677,3.7756,2.2225;3.8605,2.9770,1.8743;</g>
	</geometry>
	<conformers/>
	<properties/>
</molecule>
