<?xml version="1.0" ?>
<!--MOLLI PACKAGE EXPERIMENTAL XML FORMAT-->
<molecule name="nuc1324">
	<atoms>
		<a id="1" s="C" t="C.3" l="C"/>
		<a id="2" s="C" t="C.ar" l="C"/>
		<a id="3" s="N" t="N.ar" l="N"/>
		<a id="4" s="C" t="C.ar" l="C"/>
		<a id="5" s="C" t="C.ar" l="C"/>
		<a id="6" s="N" t="N.pl3" l="N"/>
		<a id="7" s="C" t="C.ar" l="C"/>
		<a id="8" s="C" t="C.ar" l="C"/>
		<a id="9" s="C" t="C.3" l="C"/>
		<a id="10" s="F" t="F" l="F"/>
		<a id="11" s="F" t="F" l="F"/>
		<a id="12" s="F" t="F" l="F"/>
		<a id="13" s="C" t="C.ar" l="C"/>
		<a id="14" s="C" t="C.ar" l="C"/>
		<a id="15" s="C" t="C.ar" l="C"/>
		<a id="16" s="C" t="C.ar" l="C"/>
		<a id="17" s="C" t="C.ar" l="C"/>
		<a id="18" s="C" t="C.ar" l="C"/>
		<a id="19" s="C" t="C.ar" l="C"/>
		<a id="20" s="C" t="C.ar" l="C"/>
		<a id="21" s="H" t="H" l="H"/>
		<a id="22" s="H" t="H" l="H"/>
		<a id="23" s="H" t="H" l="H"/>
		<a id="24" s="H" t="H" l="H"/>
		<a id="25" s="H" t="H" l="H"/>
		<a id="26" s="H" t="H" l="H"/>
		<a id="27" s="H" t="H" l="H"/>
		<a id="28" s="H" t="H" l="H"/>
		<a id="29" s="H" t="H" l="H"/>
		<a id="30" s="H" t="H" l="H"/>
		<a id="31" s="H" t="H" l="H"/>
	</atoms>
	<bonds>
		<b id="1" c="1 2" t="1"/>
		<b id="2" c="2 3" t="ar"/>
		<b id="3" c="3 4" t="ar"/>
		<b id="4" c="4 5" t="ar"/>
		<b id="5" c="5 6" t="1"/>
		<b id="6" c="5 7" t="ar"/>
		<b id="7" c="7 8" t="ar"/>
		<b id="8" c="8 9" t="1"/>
		<b id="9" c="9 10" t="1"/>
		<b id="10" c="9 11" t="1"/>
		<b id="11" c="9 12" t="1"/>
		<b id="12" c="8 13" t="ar"/>
		<b id="13" c="13 14" t="ar"/>
		<b id="14" c="4 14" t="ar"/>
		<b id="15" c="14 15" t="ar"/>
		<b id="16" c="15 16" t="ar"/>
		<b id="17" c="16 17" t="ar"/>
		<b id="18" c="17 18" t="ar"/>
		<b id="19" c="18 19" t="ar"/>
		<b id="20" c="19 20" t="ar"/>
		<b id="21" c="2 20" t="ar"/>
		<b id="22" c="15 20" t="ar"/>
		<b id="23" c="1 21" t="1"/>
		<b id="24" c="1 22" t="1"/>
		<b id="25" c="1 23" t="1"/>
		<b id="26" c="6 24" t="1"/>
		<b id="27" c="6 25" t="1"/>
		<b id="28" c="7 26" t="1"/>
		<b id="29" c="13 27" t="1"/>
		<b id="30" c="16 28" t="1"/>
		<b id="31" c="17 29" t="1"/>
		<b id="32" c="18 30" t="1"/>
		<b id="33" c="19 31" t="1"/>
	</bonds>
	<geometry>
		<g u="A" t="cart/3d">#31,3:1.1208,0.2299,0.0332;2.6142,0.1301,0.0139;3.2657,1.2498,0.0067;4.6235,1.2545,-0.0080;5.2478,2.5343,-0.0198;4.4559,3.6344,-0.1023;6.6316,2.6094,0.0033;7.3826,1.4372,0.0182;8.8805,1.5022,0.0437;9.3695,2.7503,0.0258;9.3989,0.9141,1.1418;9.4396,0.8655,-1.0048;6.7949,0.1888,0.0141;5.3987,0.0763,0.0041;4.6880,-1.1776,0.0100;5.3327,-2.4239,0.0181;4.6123,-3.5921,0.0241;3.2171,-3.5606,0.0202;2.5586,-2.3576,0.0121;3.2721,-1.1477,0.0086;0.8357,1.2780,0.0388;0.7152,-0.2537,0.9203;0.6941,-0.2484,-0.8467;3.4728,3.4642,0.0370;4.8337,4.5352,0.1286;7.1215,3.5704,0.0049;7.4250,-0.6851,0.0217;6.4097,-2.4706,0.0193;5.1258,-4.5422,0.0315;2.6594,-4.4854,0.0241;1.4800,-2.3391,0.0085;</g>
	</geometry>
	<conformers/>
	<properties/>
</molecule>
