<?xml version="1.0" ?>
<!--MOLLI PACKAGE EXPERIMENTAL XML FORMAT-->
<molecule name="nuc1328">
	<atoms>
		<a id="1" s="C" t="C.3" l="C"/>
		<a id="2" s="C" t="C.3" l="C"/>
		<a id="3" s="C" t="C.3" l="C"/>
		<a id="4" s="C" t="C.3" l="C"/>
		<a id="5" s="O" t="O.3" l="O"/>
		<a id="6" s="C" t="C.2" l="C"/>
		<a id="7" s="O" t="O.2" l="O"/>
		<a id="8" s="C" t="C.3" l="C"/>
		<a id="9" s="C" t="C.3" l="C"/>
		<a id="10" s="N" t="N.3" l="N"/>
		<a id="11" s="H" t="H" l="H"/>
		<a id="12" s="H" t="H" l="H"/>
		<a id="13" s="H" t="H" l="H"/>
		<a id="14" s="H" t="H" l="H"/>
		<a id="15" s="H" t="H" l="H"/>
		<a id="16" s="H" t="H" l="H"/>
		<a id="17" s="H" t="H" l="H"/>
		<a id="18" s="H" t="H" l="H"/>
		<a id="19" s="H" t="H" l="H"/>
		<a id="20" s="H" t="H" l="H"/>
		<a id="21" s="H" t="H" l="H"/>
		<a id="22" s="H" t="H" l="H"/>
		<a id="23" s="H" t="H" l="H"/>
		<a id="24" s="H" t="H" l="H"/>
		<a id="25" s="H" t="H" l="H"/>
	</atoms>
	<bonds>
		<b id="1" c="1 2" t="1"/>
		<b id="2" c="2 3" t="1"/>
		<b id="3" c="2 4" t="1"/>
		<b id="4" c="2 5" t="1"/>
		<b id="5" c="5 6" t="1"/>
		<b id="6" c="6 7" t="2"/>
		<b id="7" c="6 8" t="1"/>
		<b id="8" c="8 9" t="1"/>
		<b id="9" c="9 10" t="1"/>
		<b id="10" c="1 11" t="1"/>
		<b id="11" c="1 12" t="1"/>
		<b id="12" c="1 13" t="1"/>
		<b id="13" c="3 14" t="1"/>
		<b id="14" c="3 15" t="1"/>
		<b id="15" c="3 16" t="1"/>
		<b id="16" c="4 17" t="1"/>
		<b id="17" c="4 18" t="1"/>
		<b id="18" c="4 19" t="1"/>
		<b id="19" c="8 20" t="1"/>
		<b id="20" c="8 21" t="1"/>
		<b id="21" c="9 22" t="1"/>
		<b id="22" c="9 23" t="1"/>
		<b id="23" c="10 24" t="1"/>
		<b id="24" c="10 25" t="1"/>
	</bonds>
	<geometry>
		<g u="A" t="cart/3d">#25,3:0.9598,-0.0478,0.0967;2.4834,0.0503,0.0373;2.9324,0.9714,-1.0965;3.0442,0.5327,1.3753;3.0649,-1.2696,-0.1336;2.8021,-2.0130,-1.2039;2.0932,-1.6982,-2.1247;3.5267,-3.3392,-1.1000;3.7912,-3.9446,-2.4773;4.3390,-5.2825,-2.3252;0.5400,0.9292,0.3192;0.6603,-0.7462,0.8752;0.5657,-0.3925,-0.8552;2.5777,1.9809,-0.9094;2.5309,0.6263,-2.0451;4.0186,0.9849,-1.1585;2.6728,1.5288,1.5969;4.1300,0.5590,1.3364;2.7443,-0.1438,2.1711;2.8961,-4.0256,-0.5306;4.4533,-3.1964,-0.5427;4.4433,-3.2634,-3.0499;2.8432,-4.0247,-3.0143;5.2489,-5.2400,-1.8770;4.4618,-5.7178,-3.2323;</g>
	</geometry>
	<conformers/>
	<properties/>
</molecule>
