<?xml version="1.0" ?>
<!--MOLLI PACKAGE EXPERIMENTAL XML FORMAT-->
<molecule name="nuc1329">
	<atoms>
		<a id="1" s="C" t="C.2" l="C"/>
		<a id="2" s="C" t="C.2" l="C"/>
		<a id="3" s="C" t="C.3" l="C"/>
		<a id="4" s="C" t="C.3" l="C"/>
		<a id="5" s="C" t="C.3" l="C"/>
		<a id="6" s="C" t="C.3" l="C"/>
		<a id="7" s="C" t="C.3" l="C"/>
		<a id="8" s="C" t="C.3" l="C"/>
		<a id="9" s="C" t="C.3" l="C"/>
		<a id="10" s="C" t="C.3" l="C"/>
		<a id="11" s="C" t="C.2" l="C"/>
		<a id="12" s="N" t="N.am" l="N"/>
		<a id="13" s="O" t="O.2" l="O"/>
		<a id="14" s="H" t="H" l="H"/>
		<a id="15" s="H" t="H" l="H"/>
		<a id="16" s="H" t="H" l="H"/>
		<a id="17" s="H" t="H" l="H"/>
		<a id="18" s="H" t="H" l="H"/>
		<a id="19" s="H" t="H" l="H"/>
		<a id="20" s="H" t="H" l="H"/>
		<a id="21" s="H" t="H" l="H"/>
		<a id="22" s="H" t="H" l="H"/>
		<a id="23" s="H" t="H" l="H"/>
		<a id="24" s="H" t="H" l="H"/>
		<a id="25" s="H" t="H" l="H"/>
		<a id="26" s="H" t="H" l="H"/>
		<a id="27" s="H" t="H" l="H"/>
		<a id="28" s="H" t="H" l="H"/>
		<a id="29" s="H" t="H" l="H"/>
		<a id="30" s="H" t="H" l="H"/>
		<a id="31" s="H" t="H" l="H"/>
		<a id="32" s="H" t="H" l="H"/>
		<a id="33" s="H" t="H" l="H"/>
		<a id="34" s="H" t="H" l="H"/>
	</atoms>
	<bonds>
		<b id="1" c="1 2" t="2"/>
		<b id="2" c="2 3" t="1"/>
		<b id="3" c="3 4" t="1"/>
		<b id="4" c="4 5" t="1"/>
		<b id="5" c="5 6" t="1"/>
		<b id="6" c="6 7" t="1"/>
		<b id="7" c="7 8" t="1"/>
		<b id="8" c="8 9" t="1"/>
		<b id="9" c="9 10" t="1"/>
		<b id="10" c="10 11" t="1"/>
		<b id="11" c="11 12" t="am"/>
		<b id="12" c="11 13" t="2"/>
		<b id="13" c="1 14" t="1"/>
		<b id="14" c="1 15" t="1"/>
		<b id="15" c="2 16" t="1"/>
		<b id="16" c="3 17" t="1"/>
		<b id="17" c="3 18" t="1"/>
		<b id="18" c="4 19" t="1"/>
		<b id="19" c="4 20" t="1"/>
		<b id="20" c="5 21" t="1"/>
		<b id="21" c="5 22" t="1"/>
		<b id="22" c="6 23" t="1"/>
		<b id="23" c="6 24" t="1"/>
		<b id="24" c="7 25" t="1"/>
		<b id="25" c="7 26" t="1"/>
		<b id="26" c="8 27" t="1"/>
		<b id="27" c="8 28" t="1"/>
		<b id="28" c="9 29" t="1"/>
		<b id="29" c="9 30" t="1"/>
		<b id="30" c="10 31" t="1"/>
		<b id="31" c="10 32" t="1"/>
		<b id="32" c="12 33" t="1"/>
		<b id="33" c="12 34" t="1"/>
	</bonds>
	<geometry>
		<g u="A" t="cart/3d">#34,3:1.3331,0.1735,1.0556;2.1783,-0.0065,0.0584;2.9551,1.0853,-0.6038;4.4639,0.8575,-0.4702;5.2656,1.9716,-1.1376;6.7720,1.7581,-1.0093;7.5611,2.8846,-1.6722;9.0703,2.6881,-1.5529;9.8375,3.8251,-2.2212;11.3484,3.6456,-2.1124;12.0959,4.7865,-2.7837;13.4458,4.6666,-2.7124;11.5654,5.7219,-3.3344;0.7972,-0.6438,1.5080;1.1365,1.1533,1.4601;2.3600,-1.0016,-0.3280;2.6901,2.0486,-0.1634;2.6964,1.1161,-1.6667;4.7268,-0.1014,-0.9233;4.7243,0.8054,0.5897;4.9992,2.9289,-0.6833;4.9989,2.0243,-2.1961;7.0433,0.8049,-1.4698;7.0401,1.7008,0.0485;7.2864,3.8360,-1.2113;7.2896,2.9413,-2.7287;9.3486,1.7377,-2.0158;9.3449,2.6333,-0.4963;9.5621,4.7764,-1.7630;9.5651,3.8850,-3.2762;11.6523,2.7077,-2.5845;11.6493,3.6052,-1.0623;13.8934,3.8928,-2.2559;14.0205,5.3789,-3.1307;</g>
	</geometry>
	<conformers/>
	<properties/>
</molecule>
