<?xml version="1.0" ?>
<!--MOLLI PACKAGE EXPERIMENTAL XML FORMAT-->
<molecule name="nuc1336">
	<atoms>
		<a id="1" s="N" t="N.3" l="N"/>
		<a id="2" s="C" t="C.3" l="C"/>
		<a id="3" s="C" t="C.3" l="C"/>
		<a id="4" s="C" t="C.3" l="C"/>
		<a id="5" s="C" t="C.3" l="C"/>
		<a id="6" s="C" t="C.3" l="C"/>
		<a id="7" s="C" t="C.3" l="C"/>
		<a id="8" s="C" t="C.3" l="C"/>
		<a id="9" s="H" t="H" l="H"/>
		<a id="10" s="H" t="H" l="H"/>
		<a id="11" s="H" t="H" l="H"/>
		<a id="12" s="H" t="H" l="H"/>
		<a id="13" s="H" t="H" l="H"/>
		<a id="14" s="H" t="H" l="H"/>
		<a id="15" s="H" t="H" l="H"/>
		<a id="16" s="H" t="H" l="H"/>
		<a id="17" s="H" t="H" l="H"/>
		<a id="18" s="H" t="H" l="H"/>
		<a id="19" s="H" t="H" l="H"/>
		<a id="20" s="H" t="H" l="H"/>
		<a id="21" s="H" t="H" l="H"/>
	</atoms>
	<bonds>
		<b id="1" c="1 2" t="1"/>
		<b id="2" c="2 3" t="1"/>
		<b id="3" c="3 4" t="1"/>
		<b id="4" c="4 5" t="1"/>
		<b id="5" c="3 5" t="1"/>
		<b id="6" c="2 6" t="1"/>
		<b id="7" c="6 7" t="1"/>
		<b id="8" c="7 8" t="1"/>
		<b id="9" c="6 8" t="1"/>
		<b id="10" c="1 9" t="1"/>
		<b id="11" c="1 10" t="1"/>
		<b id="12" c="2 11" t="1"/>
		<b id="13" c="3 12" t="1"/>
		<b id="14" c="4 13" t="1"/>
		<b id="15" c="4 14" t="1"/>
		<b id="16" c="5 15" t="1"/>
		<b id="17" c="5 16" t="1"/>
		<b id="18" c="6 17" t="1"/>
		<b id="19" c="7 18" t="1"/>
		<b id="20" c="7 19" t="1"/>
		<b id="21" c="8 20" t="1"/>
		<b id="22" c="8 21" t="1"/>
	</bonds>
	<geometry>
		<g u="A" t="cart/3d">#21,3:0.9267,-0.0036,0.1921;2.3772,0.1259,0.0692;2.7913,0.9799,-1.1180;2.7676,0.3697,-2.4893;4.0755,0.7098,-1.8428;2.9050,0.6206,1.4048;2.9144,2.0727,1.7797;4.2052,1.3500,1.5427;0.5285,-0.3100,-0.6895;0.5204,0.8988,0.4179;2.7644,-0.8903,-0.0913;2.4740,2.0146,-1.0507;2.4291,0.9721,-3.3194;2.5044,-0.6748,-2.5771;4.6385,1.5473,-2.2278;4.6927,-0.1042,-1.4918;2.6469,-0.0687,2.1998;2.6491,2.3377,2.7919;2.6023,2.8059,1.0525;4.8320,1.1218,2.3914;4.7560,1.5851,0.6466;</g>
	</geometry>
	<conformers/>
	<properties/>
</molecule>
