<?xml version="1.0" ?>
<!--MOLLI PACKAGE EXPERIMENTAL XML FORMAT-->
<molecule name="nuc1338">
	<atoms>
		<a id="1" s="N" t="N.pl3" l="N"/>
		<a id="2" s="C" t="C.ar" l="C"/>
		<a id="3" s="C" t="C.ar" l="C"/>
		<a id="4" s="N" t="N.ar" l="N"/>
		<a id="5" s="N" t="N.ar" l="N"/>
		<a id="6" s="C" t="C.ar" l="C"/>
		<a id="7" s="H" t="H" l="H"/>
		<a id="8" s="H" t="H" l="H"/>
		<a id="9" s="H" t="H" l="H"/>
		<a id="10" s="H" t="H" l="H"/>
		<a id="11" s="H" t="H" l="H"/>
	</atoms>
	<bonds>
		<b id="1" c="1 2" t="1"/>
		<b id="2" c="2 3" t="ar"/>
		<b id="3" c="3 4" t="ar"/>
		<b id="4" c="4 5" t="ar"/>
		<b id="5" c="5 6" t="ar"/>
		<b id="6" c="2 6" t="ar"/>
		<b id="7" c="1 7" t="1"/>
		<b id="8" c="1 8" t="1"/>
		<b id="9" c="3 9" t="1"/>
		<b id="10" c="5 10" t="1"/>
		<b id="11" c="6 11" t="1"/>
	</bonds>
	<geometry>
		<g u="A" t="cart/3d">#11,3:2.1781,-0.0554,-0.2007;0.7974,0.0101,-0.0576;-0.1064,-1.0715,-0.0235;-1.3545,-0.6472,0.0298;-1.2876,0.6758,0.0325;-0.0098,1.1293,-0.0190;2.5762,-0.9169,0.1441;2.6661,0.7563,0.1489;0.1151,-2.1198,-0.0359;-2.1306,1.2252,0.0633;0.2277,2.1731,-0.0264;</g>
	</geometry>
	<conformers/>
	<properties/>
</molecule>
