<?xml version="1.0" ?>
<!--MOLLI PACKAGE EXPERIMENTAL XML FORMAT-->
<molecule name="nuc1342">
	<atoms>
		<a id="1" s="C" t="C.3" l="C"/>
		<a id="2" s="O" t="O.3" l="O"/>
		<a id="3" s="C" t="C.ar" l="C"/>
		<a id="4" s="C" t="C.ar" l="C"/>
		<a id="5" s="C" t="C.ar" l="C"/>
		<a id="6" s="N" t="N.pl3" l="N"/>
		<a id="7" s="C" t="C.3" l="C"/>
		<a id="8" s="C" t="C.3" l="C"/>
		<a id="9" s="C" t="C.3" l="C"/>
		<a id="10" s="N" t="N.3" l="N"/>
		<a id="11" s="C" t="C.3" l="C"/>
		<a id="12" s="C" t="C.3" l="C"/>
		<a id="13" s="O" t="O.3" l="O"/>
		<a id="14" s="C" t="C.3" l="C"/>
		<a id="15" s="C" t="C.3" l="C"/>
		<a id="16" s="C" t="C.3" l="C"/>
		<a id="17" s="C" t="C.3" l="C"/>
		<a id="18" s="C" t="C.ar" l="C"/>
		<a id="19" s="C" t="C.ar" l="C"/>
		<a id="20" s="C" t="C.ar" l="C"/>
		<a id="21" s="N" t="N.pl3" l="N"/>
		<a id="22" s="H" t="H" l="H"/>
		<a id="23" s="H" t="H" l="H"/>
		<a id="24" s="H" t="H" l="H"/>
		<a id="25" s="H" t="H" l="H"/>
		<a id="26" s="H" t="H" l="H"/>
		<a id="27" s="H" t="H" l="H"/>
		<a id="28" s="H" t="H" l="H"/>
		<a id="29" s="H" t="H" l="H"/>
		<a id="30" s="H" t="H" l="H"/>
		<a id="31" s="H" t="H" l="H"/>
		<a id="32" s="H" t="H" l="H"/>
		<a id="33" s="H" t="H" l="H"/>
		<a id="34" s="H" t="H" l="H"/>
		<a id="35" s="H" t="H" l="H"/>
		<a id="36" s="H" t="H" l="H"/>
		<a id="37" s="H" t="H" l="H"/>
		<a id="38" s="H" t="H" l="H"/>
		<a id="39" s="H" t="H" l="H"/>
		<a id="40" s="H" t="H" l="H"/>
		<a id="41" s="H" t="H" l="H"/>
		<a id="42" s="H" t="H" l="H"/>
		<a id="43" s="H" t="H" l="H"/>
		<a id="44" s="H" t="H" l="H"/>
		<a id="45" s="H" t="H" l="H"/>
		<a id="46" s="H" t="H" l="H"/>
	</atoms>
	<bonds>
		<b id="1" c="1 2" t="1"/>
		<b id="2" c="2 3" t="1"/>
		<b id="3" c="3 4" t="ar"/>
		<b id="4" c="4 5" t="ar"/>
		<b id="5" c="5 6" t="1"/>
		<b id="6" c="6 7" t="1"/>
		<b id="7" c="7 8" t="1"/>
		<b id="8" c="8 9" t="1"/>
		<b id="9" c="9 10" t="1"/>
		<b id="10" c="10 11" t="1"/>
		<b id="11" c="11 12" t="1"/>
		<b id="12" c="12 13" t="1"/>
		<b id="13" c="13 14" t="1"/>
		<b id="14" c="14 15" t="1"/>
		<b id="15" c="10 15" t="1"/>
		<b id="16" c="9 16" t="1"/>
		<b id="17" c="16 17" t="1"/>
		<b id="18" c="6 17" t="1"/>
		<b id="19" c="5 18" t="ar"/>
		<b id="20" c="18 19" t="ar"/>
		<b id="21" c="19 20" t="ar"/>
		<b id="22" c="3 20" t="ar"/>
		<b id="23" c="20 21" t="1"/>
		<b id="24" c="1 22" t="1"/>
		<b id="25" c="1 23" t="1"/>
		<b id="26" c="1 24" t="1"/>
		<b id="27" c="4 25" t="1"/>
		<b id="28" c="7 26" t="1"/>
		<b id="29" c="7 27" t="1"/>
		<b id="30" c="8 28" t="1"/>
		<b id="31" c="8 29" t="1"/>
		<b id="32" c="9 30" t="1"/>
		<b id="33" c="11 31" t="1"/>
		<b id="34" c="11 32" t="1"/>
		<b id="35" c="12 33" t="1"/>
		<b id="36" c="12 34" t="1"/>
		<b id="37" c="14 35" t="1"/>
		<b id="38" c="14 36" t="1"/>
		<b id="39" c="15 37" t="1"/>
		<b id="40" c="15 38" t="1"/>
		<b id="41" c="16 39" t="1"/>
		<b id="42" c="16 40" t="1"/>
		<b id="43" c="17 41" t="1"/>
		<b id="44" c="17 42" t="1"/>
		<b id="45" c="18 43" t="1"/>
		<b id="46" c="19 44" t="1"/>
		<b id="47" c="21 45" t="1"/>
		<b id="48" c="21 46" t="1"/>
	</bonds>
	<geometry>
		<g u="A" t="cart/3d">#46,3:1.6563,0.2799,-1.1104;2.8681,0.3085,-0.4050;3.2818,-0.8419,0.2337;2.5820,-2.0345,0.2296;3.0824,-3.1669,0.8786;2.4250,-4.4053,0.8480;1.3659,-4.6089,-0.1098;1.1553,-6.1064,-0.3496;0.7877,-6.8087,0.9563;0.6440,-8.2613,0.8405;0.2088,-8.8284,-0.4240;-1.3002,-8.6758,-0.6577;-2.0340,-9.2702,0.3925;-1.6724,-8.7109,1.6373;-0.1652,-8.8463,1.8995;1.9180,-6.5182,1.9537;2.1063,-5.0147,2.1227;4.3074,-3.0643,1.5316;4.9983,-1.8685,1.5530;4.5072,-0.7384,0.9140;5.1555,0.4878,0.9912;1.5357,1.2773,-1.5319;0.8091,0.0645,-0.4505;1.6782,-0.4545,-1.9236;1.6313,-2.0883,-0.2736;1.6549,-4.1444,-1.0549;0.4121,-4.1616,0.2266;2.0800,-6.5334,-0.7395;0.3676,-6.2212,-1.0958;-0.1410,-6.3463,1.3369;0.4389,-9.8987,-0.3788;0.7708,-8.3960,-1.2490;-1.6079,-9.1903,-1.5698;-1.5672,-7.6096,-0.7385;-2.2455,-9.2530,2.3913;-1.9665,-7.6492,1.6636;0.0873,-9.9101,1.9512;0.0829,-8.3844,2.8549;2.8359,-6.9644,1.5711;1.7014,-6.9647,2.9241;1.1779,-4.5795,2.5372;2.9113,-4.8152,2.8292;4.7325,-3.9301,2.0146;5.9463,-1.8044,2.0673;6.1541,0.4347,1.1215;4.8682,1.1403,0.2781;</g>
	</geometry>
	<conformers/>
	<properties/>
</molecule>
