<?xml version="1.0" ?>
<!--MOLLI PACKAGE EXPERIMENTAL XML FORMAT-->
<molecule name="nuc1346">
	<atoms>
		<a id="1" s="C" t="C.3" l="C"/>
		<a id="2" s="C" t="C.3" l="C"/>
		<a id="3" s="C" t="C.3" l="C"/>
		<a id="4" s="C" t="C.3" l="C"/>
		<a id="5" s="O" t="O.3" l="O"/>
		<a id="6" s="C" t="C.2" l="C"/>
		<a id="7" s="O" t="O.2" l="O"/>
		<a id="8" s="C" t="C.ar" l="C"/>
		<a id="9" s="C" t="C.ar" l="C"/>
		<a id="10" s="C" t="C.ar" l="C"/>
		<a id="11" s="C" t="C.ar" l="C"/>
		<a id="12" s="N" t="N.pl3" l="N"/>
		<a id="13" s="C" t="C.ar" l="C"/>
		<a id="14" s="C" t="C.ar" l="C"/>
		<a id="15" s="H" t="H" l="H"/>
		<a id="16" s="H" t="H" l="H"/>
		<a id="17" s="H" t="H" l="H"/>
		<a id="18" s="H" t="H" l="H"/>
		<a id="19" s="H" t="H" l="H"/>
		<a id="20" s="H" t="H" l="H"/>
		<a id="21" s="H" t="H" l="H"/>
		<a id="22" s="H" t="H" l="H"/>
		<a id="23" s="H" t="H" l="H"/>
		<a id="24" s="H" t="H" l="H"/>
		<a id="25" s="H" t="H" l="H"/>
		<a id="26" s="H" t="H" l="H"/>
		<a id="27" s="H" t="H" l="H"/>
		<a id="28" s="H" t="H" l="H"/>
		<a id="29" s="H" t="H" l="H"/>
	</atoms>
	<bonds>
		<b id="1" c="1 2" t="1"/>
		<b id="2" c="2 3" t="1"/>
		<b id="3" c="3 4" t="1"/>
		<b id="4" c="4 5" t="1"/>
		<b id="5" c="5 6" t="1"/>
		<b id="6" c="6 7" t="2"/>
		<b id="7" c="6 8" t="1"/>
		<b id="8" c="8 9" t="ar"/>
		<b id="9" c="9 10" t="ar"/>
		<b id="10" c="10 11" t="ar"/>
		<b id="11" c="11 12" t="1"/>
		<b id="12" c="11 13" t="ar"/>
		<b id="13" c="13 14" t="ar"/>
		<b id="14" c="8 14" t="ar"/>
		<b id="15" c="1 15" t="1"/>
		<b id="16" c="1 16" t="1"/>
		<b id="17" c="1 17" t="1"/>
		<b id="18" c="2 18" t="1"/>
		<b id="19" c="2 19" t="1"/>
		<b id="20" c="3 20" t="1"/>
		<b id="21" c="3 21" t="1"/>
		<b id="22" c="4 22" t="1"/>
		<b id="23" c="4 23" t="1"/>
		<b id="24" c="9 24" t="1"/>
		<b id="25" c="10 25" t="1"/>
		<b id="26" c="12 26" t="1"/>
		<b id="27" c="12 27" t="1"/>
		<b id="28" c="13 28" t="1"/>
		<b id="29" c="14 29" t="1"/>
	</bonds>
	<geometry>
		<g u="A" t="cart/3d">#29,3:2.4654,0.4048,-0.7500;3.2741,1.5204,-0.0997;3.9068,1.0613,1.2102;4.7282,2.1741,1.8567;5.2177,1.7920,3.1371;6.3333,1.0382,3.1593;6.9239,0.7027,2.1583;6.7490,0.6889,4.5281;7.8870,-0.1004,4.7017;8.3170,-0.4449,5.9614;7.6183,-0.0082,7.0920;8.0079,-0.3974,8.3465;6.4768,0.7816,6.9149;6.0482,1.1233,5.6532;2.0230,0.7466,-1.6826;1.6652,0.0784,-0.0894;3.1021,-0.4503,-0.9644;2.6243,2.3776,0.0925;4.0601,1.8461,-0.7838;4.5620,0.2082,1.0245;3.1284,0.7464,1.9091;4.1124,3.0585,2.0378;5.5745,2.4372,1.2125;8.4223,-0.4306,3.8247;9.1985,-1.0560,6.0904;8.9397,-0.7598,8.4554;7.6393,0.1134,9.1306;5.9332,1.1213,7.7850;5.1693,1.7346,5.5248;</g>
	</geometry>
	<conformers/>
	<properties/>
</molecule>
