<?xml version="1.0" ?>
<!--MOLLI PACKAGE EXPERIMENTAL XML FORMAT-->
<molecule name="nuc1348">
	<atoms>
		<a id="1" s="C" t="C.3" l="C"/>
		<a id="2" s="O" t="O.3" l="O"/>
		<a id="3" s="C" t="C.ar" l="C"/>
		<a id="4" s="C" t="C.ar" l="C"/>
		<a id="5" s="C" t="C.ar" l="C"/>
		<a id="6" s="C" t="C.ar" l="C"/>
		<a id="7" s="C" t="C.3" l="C"/>
		<a id="8" s="F" t="F" l="F"/>
		<a id="9" s="F" t="F" l="F"/>
		<a id="10" s="F" t="F" l="F"/>
		<a id="11" s="C" t="C.ar" l="C"/>
		<a id="12" s="C" t="C.ar" l="C"/>
		<a id="13" s="N" t="N.pl3" l="N"/>
		<a id="14" s="H" t="H" l="H"/>
		<a id="15" s="H" t="H" l="H"/>
		<a id="16" s="H" t="H" l="H"/>
		<a id="17" s="H" t="H" l="H"/>
		<a id="18" s="H" t="H" l="H"/>
		<a id="19" s="H" t="H" l="H"/>
		<a id="20" s="H" t="H" l="H"/>
		<a id="21" s="H" t="H" l="H"/>
	</atoms>
	<bonds>
		<b id="1" c="1 2" t="1"/>
		<b id="2" c="2 3" t="1"/>
		<b id="3" c="3 4" t="ar"/>
		<b id="4" c="4 5" t="ar"/>
		<b id="5" c="5 6" t="ar"/>
		<b id="6" c="6 7" t="1"/>
		<b id="7" c="7 8" t="1"/>
		<b id="8" c="7 9" t="1"/>
		<b id="9" c="7 10" t="1"/>
		<b id="10" c="6 11" t="ar"/>
		<b id="11" c="11 12" t="ar"/>
		<b id="12" c="3 12" t="ar"/>
		<b id="13" c="12 13" t="1"/>
		<b id="14" c="1 14" t="1"/>
		<b id="15" c="1 15" t="1"/>
		<b id="16" c="1 16" t="1"/>
		<b id="17" c="4 17" t="1"/>
		<b id="18" c="5 18" t="1"/>
		<b id="19" c="11 19" t="1"/>
		<b id="20" c="13 20" t="1"/>
		<b id="21" c="13 21" t="1"/>
	</bonds>
	<geometry>
		<g u="A" t="cart/3d">#21,3:2.9677,-0.8688,0.8640;2.5726,0.4240,0.4729;3.3242,1.0787,-0.4637;4.4660,0.5779,-1.0597;5.1688,1.3324,-1.9907;4.7182,2.5974,-2.3174;5.4499,3.4548,-3.3025;6.5060,2.8498,-3.8639;4.6635,3.8589,-4.3204;5.9230,4.5890,-2.7423;3.5710,3.1183,-1.7270;2.8573,2.3720,-0.8016;1.6839,2.8272,-0.2567;2.2334,-1.1904,1.6012;3.9617,-0.8638,1.3217;2.9585,-1.5631,0.0185;4.8313,-0.4050,-0.8109;6.0576,0.9312,-2.4494;3.2308,4.1077,-1.9929;1.5180,3.8186,-0.2838;1.3659,2.3409,0.5650;</g>
	</geometry>
	<conformers/>
	<properties/>
</molecule>
