<?xml version="1.0" ?>
<!--MOLLI PACKAGE EXPERIMENTAL XML FORMAT-->
<molecule name="nuc1350">
	<atoms>
		<a id="1" s="N" t="N.3" l="N"/>
		<a id="2" s="C" t="C.3" l="C"/>
		<a id="3" s="C" t="C.3" l="C"/>
		<a id="4" s="N" t="N.pl3" l="N"/>
		<a id="5" s="C" t="C.ar" l="C"/>
		<a id="6" s="C" t="C.ar" l="C"/>
		<a id="7" s="C" t="C.ar" l="C"/>
		<a id="8" s="C" t="C.ar" l="C"/>
		<a id="9" s="C" t="C.3" l="C"/>
		<a id="10" s="F" t="F" l="F"/>
		<a id="11" s="F" t="F" l="F"/>
		<a id="12" s="F" t="F" l="F"/>
		<a id="13" s="C" t="C.ar" l="C"/>
		<a id="14" s="C" t="C.ar" l="C"/>
		<a id="15" s="H" t="H" l="H"/>
		<a id="16" s="H" t="H" l="H"/>
		<a id="17" s="H" t="H" l="H"/>
		<a id="18" s="H" t="H" l="H"/>
		<a id="19" s="H" t="H" l="H"/>
		<a id="20" s="H" t="H" l="H"/>
		<a id="21" s="H" t="H" l="H"/>
		<a id="22" s="H" t="H" l="H"/>
		<a id="23" s="H" t="H" l="H"/>
		<a id="24" s="H" t="H" l="H"/>
		<a id="25" s="H" t="H" l="H"/>
	</atoms>
	<bonds>
		<b id="1" c="1 2" t="1"/>
		<b id="2" c="2 3" t="1"/>
		<b id="3" c="3 4" t="1"/>
		<b id="4" c="4 5" t="1"/>
		<b id="5" c="5 6" t="ar"/>
		<b id="6" c="6 7" t="ar"/>
		<b id="7" c="7 8" t="ar"/>
		<b id="8" c="8 9" t="1"/>
		<b id="9" c="9 10" t="1"/>
		<b id="10" c="9 11" t="1"/>
		<b id="11" c="9 12" t="1"/>
		<b id="12" c="8 13" t="ar"/>
		<b id="13" c="13 14" t="ar"/>
		<b id="14" c="5 14" t="ar"/>
		<b id="15" c="1 15" t="1"/>
		<b id="16" c="1 16" t="1"/>
		<b id="17" c="2 17" t="1"/>
		<b id="18" c="2 18" t="1"/>
		<b id="19" c="3 19" t="1"/>
		<b id="20" c="3 20" t="1"/>
		<b id="21" c="4 21" t="1"/>
		<b id="22" c="6 22" t="1"/>
		<b id="23" c="7 23" t="1"/>
		<b id="24" c="13 24" t="1"/>
		<b id="25" c="14 25" t="1"/>
	</bonds>
	<geometry>
		<g u="A" t="cart/3d">#25,3:3.2255,0.3938,-0.8453;2.3359,0.2471,0.2973;2.9061,-0.8097,1.2428;4.2499,-0.4268,1.5952;5.0769,-1.1603,2.3868;4.6167,-2.2283,3.1691;5.4757,-2.9126,4.0017;6.8159,-2.5545,4.0720;7.7567,-3.2702,4.9849;7.2945,-4.4582,5.4067;8.9535,-3.5139,4.4151;8.0312,-2.5637,6.1060;7.2901,-1.4939,3.3027;6.4349,-0.8119,2.4716;2.9124,1.1446,-1.4495;3.2390,-0.4606,-1.3934;1.3055,-0.0338,0.0273;2.3035,1.2095,0.8151;2.8882,-1.7935,0.7479;2.2847,-0.8661,2.1424;4.6830,0.1685,0.9030;3.5812,-2.5235,3.1244;5.1085,-3.7353,4.5962;8.3324,-1.2191,3.3587;6.8029,0.0072,1.8718;</g>
	</geometry>
	<conformers/>
	<properties/>
</molecule>
