<?xml version="1.0" ?>
<!--MOLLI PACKAGE EXPERIMENTAL XML FORMAT-->
<molecule name="nuc1355">
	<atoms>
		<a id="1" s="C" t="C.3" l="C"/>
		<a id="2" s="C" t="C.3" l="C"/>
		<a id="3" s="N" t="N.3" l="N"/>
		<a id="4" s="C" t="C.3" l="C"/>
		<a id="5" s="C" t="C.3" l="C"/>
		<a id="6" s="N" t="N.3" l="N"/>
		<a id="7" s="C" t="C.3" l="C"/>
		<a id="8" s="C" t="C.3" l="C"/>
		<a id="9" s="C" t="C.3" l="C"/>
		<a id="10" s="C" t="C.3" l="C"/>
		<a id="11" s="C" t="C.3" l="C"/>
		<a id="12" s="C" t="C.3" l="C"/>
		<a id="13" s="C" t="C.3" l="C"/>
		<a id="14" s="C" t="C.3" l="C"/>
		<a id="15" s="C" t="C.3" l="C"/>
		<a id="16" s="C" t="C.3" l="C"/>
		<a id="17" s="C" t="C.3" l="C"/>
		<a id="18" s="C" t="C.3" l="C"/>
		<a id="19" s="H" t="H" l="H"/>
		<a id="20" s="H" t="H" l="H"/>
		<a id="21" s="H" t="H" l="H"/>
		<a id="22" s="H" t="H" l="H"/>
		<a id="23" s="H" t="H" l="H"/>
		<a id="24" s="H" t="H" l="H"/>
		<a id="25" s="H" t="H" l="H"/>
		<a id="26" s="H" t="H" l="H"/>
		<a id="27" s="H" t="H" l="H"/>
		<a id="28" s="H" t="H" l="H"/>
		<a id="29" s="H" t="H" l="H"/>
		<a id="30" s="H" t="H" l="H"/>
		<a id="31" s="H" t="H" l="H"/>
		<a id="32" s="H" t="H" l="H"/>
		<a id="33" s="H" t="H" l="H"/>
		<a id="34" s="H" t="H" l="H"/>
		<a id="35" s="H" t="H" l="H"/>
		<a id="36" s="H" t="H" l="H"/>
		<a id="37" s="H" t="H" l="H"/>
		<a id="38" s="H" t="H" l="H"/>
		<a id="39" s="H" t="H" l="H"/>
		<a id="40" s="H" t="H" l="H"/>
		<a id="41" s="H" t="H" l="H"/>
		<a id="42" s="H" t="H" l="H"/>
		<a id="43" s="H" t="H" l="H"/>
		<a id="44" s="H" t="H" l="H"/>
		<a id="45" s="H" t="H" l="H"/>
		<a id="46" s="H" t="H" l="H"/>
		<a id="47" s="H" t="H" l="H"/>
		<a id="48" s="H" t="H" l="H"/>
	</atoms>
	<bonds>
		<b id="1" c="1 2" t="1"/>
		<b id="2" c="2 3" t="1"/>
		<b id="3" c="2 4" t="1"/>
		<b id="4" c="4 5" t="1"/>
		<b id="5" c="5 6" t="1"/>
		<b id="6" c="6 7" t="1"/>
		<b id="7" c="7 8" t="1"/>
		<b id="8" c="8 9" t="1"/>
		<b id="9" c="9 10" t="1"/>
		<b id="10" c="10 11" t="1"/>
		<b id="11" c="11 12" t="1"/>
		<b id="12" c="12 13" t="1"/>
		<b id="13" c="13 14" t="1"/>
		<b id="14" c="14 15" t="1"/>
		<b id="15" c="15 16" t="1"/>
		<b id="16" c="11 16" t="1"/>
		<b id="17" c="15 17" t="1"/>
		<b id="18" c="9 17" t="1"/>
		<b id="19" c="13 18" t="1"/>
		<b id="20" c="9 18" t="1"/>
		<b id="21" c="1 19" t="1"/>
		<b id="22" c="1 20" t="1"/>
		<b id="23" c="1 21" t="1"/>
		<b id="24" c="2 22" t="1"/>
		<b id="25" c="3 23" t="1"/>
		<b id="26" c="3 24" t="1"/>
		<b id="27" c="4 25" t="1"/>
		<b id="28" c="4 26" t="1"/>
		<b id="29" c="5 27" t="1"/>
		<b id="30" c="5 28" t="1"/>
		<b id="31" c="6 29" t="1"/>
		<b id="32" c="7 30" t="1"/>
		<b id="33" c="7 31" t="1"/>
		<b id="34" c="8 32" t="1"/>
		<b id="35" c="8 33" t="1"/>
		<b id="36" c="10 34" t="1"/>
		<b id="37" c="10 35" t="1"/>
		<b id="38" c="11 36" t="1"/>
		<b id="39" c="12 37" t="1"/>
		<b id="40" c="12 38" t="1"/>
		<b id="41" c="13 39" t="1"/>
		<b id="42" c="14 40" t="1"/>
		<b id="43" c="14 41" t="1"/>
		<b id="44" c="15 42" t="1"/>
		<b id="45" c="16 43" t="1"/>
		<b id="46" c="16 44" t="1"/>
		<b id="47" c="17 45" t="1"/>
		<b id="48" c="17 46" t="1"/>
		<b id="49" c="18 47" t="1"/>
		<b id="50" c="18 48" t="1"/>
	</bonds>
	<geometry>
		<g u="A" t="cart/3d">#48,3:0.6226,-1.9825,6.3018;2.1543,-2.0506,6.3782;2.6685,-3.4119,6.3693;2.7827,-1.2717,5.2199;4.3029,-1.2224,5.3279;4.8782,-0.6327,4.1319;6.3182,-0.4357,4.2010;7.0480,-1.7633,3.9871;8.5835,-1.6929,3.9240;9.1753,-1.1851,5.2431;10.7026,-1.1934,5.1770;11.2030,-2.6148,4.9300;10.6341,-3.1230,3.6071;11.0989,-2.2193,2.4674;10.5978,-0.7992,2.7193;11.1679,-0.2852,4.0402;9.0702,-0.7901,2.7860;9.1087,-3.1138,3.6727;0.1759,-2.5397,7.1241;0.2730,-2.4105,5.3634;0.2800,-0.9526,6.3601;2.4804,-1.6006,7.3248;2.4130,-3.8701,5.5000;2.2647,-3.9461,7.1310;2.3789,-0.2567,5.2083;2.5193,-1.7502,4.2747;4.6736,-2.2436,5.4274;4.5885,-0.6694,6.2421;4.4273,0.2629,3.9654;6.6197,0.0104,5.1645;6.5867,0.2588,3.4024;6.6732,-2.1927,3.0557;6.7749,-2.4442,4.7950;8.8360,-1.8186,6.0662;8.8322,-0.1675,5.4389;11.1067,-0.8246,6.1272;10.8870,-3.2683,5.7464;12.2951,-2.6250,4.8960;10.9833,-4.1468,3.4280;10.7086,-2.5890,1.5163;12.1899,-2.2245,2.4068;10.9263,-0.1462,1.9020;10.8291,0.7381,4.2189;12.2595,-0.2734,3.9956;8.6539,-1.1375,1.8376;8.7294,0.2341,2.9480;8.7711,-3.7753,4.4740;8.6981,-3.4933,2.7340;</g>
	</geometry>
	<conformers/>
	<properties/>
</molecule>
