<?xml version="1.0" ?>
<!--MOLLI PACKAGE EXPERIMENTAL XML FORMAT-->
<molecule name="nuc1359">
	<atoms>
		<a id="1" s="C" t="C.3" l="C"/>
		<a id="2" s="C" t="C.ar" l="C"/>
		<a id="3" s="C" t="C.ar" l="C"/>
		<a id="4" s="C" t="C.ar" l="C"/>
		<a id="5" s="C" t="C.ar" l="C"/>
		<a id="6" s="C" t="C.ar" l="C"/>
		<a id="7" s="N" t="N.am" l="N"/>
		<a id="8" s="C" t="C.2" l="C"/>
		<a id="9" s="O" t="O.2" l="O"/>
		<a id="10" s="O" t="O.3" l="O"/>
		<a id="11" s="C" t="C.3" l="C"/>
		<a id="12" s="C" t="C.3" l="C"/>
		<a id="13" s="C" t="C.3" l="C"/>
		<a id="14" s="C" t="C.3" l="C"/>
		<a id="15" s="C" t="C.ar" l="C"/>
		<a id="16" s="N" t="N.pl3" l="N"/>
		<a id="17" s="H" t="H" l="H"/>
		<a id="18" s="H" t="H" l="H"/>
		<a id="19" s="H" t="H" l="H"/>
		<a id="20" s="H" t="H" l="H"/>
		<a id="21" s="H" t="H" l="H"/>
		<a id="22" s="H" t="H" l="H"/>
		<a id="23" s="H" t="H" l="H"/>
		<a id="24" s="H" t="H" l="H"/>
		<a id="25" s="H" t="H" l="H"/>
		<a id="26" s="H" t="H" l="H"/>
		<a id="27" s="H" t="H" l="H"/>
		<a id="28" s="H" t="H" l="H"/>
		<a id="29" s="H" t="H" l="H"/>
		<a id="30" s="H" t="H" l="H"/>
		<a id="31" s="H" t="H" l="H"/>
		<a id="32" s="H" t="H" l="H"/>
		<a id="33" s="H" t="H" l="H"/>
		<a id="34" s="H" t="H" l="H"/>
	</atoms>
	<bonds>
		<b id="1" c="1 2" t="1"/>
		<b id="2" c="2 3" t="ar"/>
		<b id="3" c="3 4" t="ar"/>
		<b id="4" c="4 5" t="ar"/>
		<b id="5" c="5 6" t="ar"/>
		<b id="6" c="6 7" t="1"/>
		<b id="7" c="7 8" t="am"/>
		<b id="8" c="8 9" t="2"/>
		<b id="9" c="8 10" t="1"/>
		<b id="10" c="10 11" t="1"/>
		<b id="11" c="11 12" t="1"/>
		<b id="12" c="11 13" t="1"/>
		<b id="13" c="11 14" t="1"/>
		<b id="14" c="6 15" t="ar"/>
		<b id="15" c="2 15" t="ar"/>
		<b id="16" c="15 16" t="1"/>
		<b id="17" c="1 17" t="1"/>
		<b id="18" c="1 18" t="1"/>
		<b id="19" c="1 19" t="1"/>
		<b id="20" c="3 20" t="1"/>
		<b id="21" c="4 21" t="1"/>
		<b id="22" c="5 22" t="1"/>
		<b id="23" c="7 23" t="1"/>
		<b id="24" c="12 24" t="1"/>
		<b id="25" c="12 25" t="1"/>
		<b id="26" c="12 26" t="1"/>
		<b id="27" c="13 27" t="1"/>
		<b id="28" c="13 28" t="1"/>
		<b id="29" c="13 29" t="1"/>
		<b id="30" c="14 30" t="1"/>
		<b id="31" c="14 31" t="1"/>
		<b id="32" c="14 32" t="1"/>
		<b id="33" c="16 33" t="1"/>
		<b id="34" c="16 34" t="1"/>
	</bonds>
	<geometry>
		<g u="A" t="cart/3d">#34,3:1.9421,1.1345,-0.7561;0.6021,0.6035,-0.3309;-0.3882,1.4699,0.1083;-1.6303,1.0004,0.4931;-1.8921,-0.3573,0.4759;-0.9139,-1.2425,0.0532;-1.1141,-2.6349,0.0684;-2.2971,-3.3058,0.0317;-3.3854,-2.8157,-0.1317;-2.0290,-4.6213,0.1815;-3.1007,-5.5938,0.1715;-3.8147,-5.5808,-1.1799;-2.3888,-6.9296,0.3905;-4.0804,-5.3183,1.3118;0.3343,-0.7682,-0.3835;1.3061,-1.6844,-0.7968;1.9703,2.2146,-0.6414;2.1437,0.9024,-1.8036;2.7394,0.7053,-0.1492;-0.1826,2.5302,0.1387;-2.3928,1.6898,0.8208;-2.8509,-0.7389,0.7829;-0.2918,-3.2034,0.2150;-3.0997,-5.7482,-1.9825;-4.3008,-4.6220,-1.3368;-4.5643,-6.3662,-1.2056;-1.6770,-7.1090,-0.4110;-3.1130,-7.7379,0.4091;-1.8499,-6.9133,1.3339;-4.5839,-4.3694,1.1523;-3.5486,-5.2793,2.2600;-4.8228,-6.1098,1.3559;0.9375,-2.4601,-1.3289;2.0928,-1.2568,-1.2607;</g>
	</geometry>
	<conformers/>
	<properties/>
</molecule>
