<?xml version="1.0" ?>
<!--MOLLI PACKAGE EXPERIMENTAL XML FORMAT-->
<molecule name="nuc1363">
	<atoms>
		<a id="1" s="C" t="C.3" l="C"/>
		<a id="2" s="O" t="O.3" l="O"/>
		<a id="3" s="C" t="C.2" l="C"/>
		<a id="4" s="O" t="O.2" l="O"/>
		<a id="5" s="C" t="C.3" l="C"/>
		<a id="6" s="C" t="C.3" l="C"/>
		<a id="7" s="C" t="C.3" l="C"/>
		<a id="8" s="C" t="C.3" l="C"/>
		<a id="9" s="C" t="C.3" l="C"/>
		<a id="10" s="C" t="C.3" l="C"/>
		<a id="11" s="C" t="C.2" l="C"/>
		<a id="12" s="O" t="O.2" l="O"/>
		<a id="13" s="N" t="N.am" l="N"/>
		<a id="14" s="C" t="C.ar" l="C"/>
		<a id="15" s="C" t="C.ar" l="C"/>
		<a id="16" s="C" t="C.ar" l="C"/>
		<a id="17" s="C" t="C.ar" l="C"/>
		<a id="18" s="N" t="N.pl3" l="N"/>
		<a id="19" s="C" t="C.ar" l="C"/>
		<a id="20" s="C" t="C.ar" l="C"/>
		<a id="21" s="H" t="H" l="H"/>
		<a id="22" s="H" t="H" l="H"/>
		<a id="23" s="H" t="H" l="H"/>
		<a id="24" s="H" t="H" l="H"/>
		<a id="25" s="H" t="H" l="H"/>
		<a id="26" s="H" t="H" l="H"/>
		<a id="27" s="H" t="H" l="H"/>
		<a id="28" s="H" t="H" l="H"/>
		<a id="29" s="H" t="H" l="H"/>
		<a id="30" s="H" t="H" l="H"/>
		<a id="31" s="H" t="H" l="H"/>
		<a id="32" s="H" t="H" l="H"/>
		<a id="33" s="H" t="H" l="H"/>
		<a id="34" s="H" t="H" l="H"/>
		<a id="35" s="H" t="H" l="H"/>
		<a id="36" s="H" t="H" l="H"/>
		<a id="37" s="H" t="H" l="H"/>
		<a id="38" s="H" t="H" l="H"/>
		<a id="39" s="H" t="H" l="H"/>
		<a id="40" s="H" t="H" l="H"/>
		<a id="41" s="H" t="H" l="H"/>
		<a id="42" s="H" t="H" l="H"/>
	</atoms>
	<bonds>
		<b id="1" c="1 2" t="1"/>
		<b id="2" c="2 3" t="1"/>
		<b id="3" c="3 4" t="2"/>
		<b id="4" c="3 5" t="1"/>
		<b id="5" c="5 6" t="1"/>
		<b id="6" c="6 7" t="1"/>
		<b id="7" c="7 8" t="1"/>
		<b id="8" c="8 9" t="1"/>
		<b id="9" c="9 10" t="1"/>
		<b id="10" c="10 11" t="1"/>
		<b id="11" c="11 12" t="2"/>
		<b id="12" c="11 13" t="am"/>
		<b id="13" c="13 14" t="1"/>
		<b id="14" c="14 15" t="ar"/>
		<b id="15" c="15 16" t="ar"/>
		<b id="16" c="16 17" t="ar"/>
		<b id="17" c="17 18" t="1"/>
		<b id="18" c="17 19" t="ar"/>
		<b id="19" c="19 20" t="ar"/>
		<b id="20" c="14 20" t="ar"/>
		<b id="21" c="1 21" t="1"/>
		<b id="22" c="1 22" t="1"/>
		<b id="23" c="1 23" t="1"/>
		<b id="24" c="5 24" t="1"/>
		<b id="25" c="5 25" t="1"/>
		<b id="26" c="6 26" t="1"/>
		<b id="27" c="6 27" t="1"/>
		<b id="28" c="7 28" t="1"/>
		<b id="29" c="7 29" t="1"/>
		<b id="30" c="8 30" t="1"/>
		<b id="31" c="8 31" t="1"/>
		<b id="32" c="9 32" t="1"/>
		<b id="33" c="9 33" t="1"/>
		<b id="34" c="10 34" t="1"/>
		<b id="35" c="10 35" t="1"/>
		<b id="36" c="13 36" t="1"/>
		<b id="37" c="15 37" t="1"/>
		<b id="38" c="16 38" t="1"/>
		<b id="39" c="18 39" t="1"/>
		<b id="40" c="18 40" t="1"/>
		<b id="41" c="19 41" t="1"/>
		<b id="42" c="20 42" t="1"/>
	</bonds>
	<geometry>
		<g u="A" t="cart/3d">#42,3:1.0050,0.4533,-0.2316;2.4195,0.3236,-0.2772;2.9053,-0.5275,-1.1942;2.2092,-1.1540,-1.9469;4.4133,-0.5738,-1.1352;4.9950,-1.5264,-2.1749;6.5177,-1.5878,-2.0966;7.1065,-2.5148,-3.1570;8.6257,-2.6031,-3.0488;9.2297,-3.4779,-4.1429;10.7417,-3.6001,-3.9843;11.3454,-3.1641,-3.0301;11.3135,-4.2574,-5.0312;12.6645,-4.5670,-5.2532;13.6647,-4.3118,-4.3205;14.9745,-4.6410,-4.6023;15.3265,-5.2328,-5.8152;16.6286,-5.6275,-6.0600;14.3186,-5.4847,-6.7461;13.0084,-5.1579,-6.4664;0.7911,1.1844,0.5436;0.5442,-0.5071,0.0083;0.6242,0.7931,-1.1969;4.7011,-0.8780,-0.1264;4.7880,0.4412,-1.2850;4.6876,-1.1979,-3.1694;4.5754,-2.5217,-2.0189;6.8172,-1.9386,-1.1065;6.9293,-0.5846,-2.2294;6.8317,-2.1462,-4.1485;6.6743,-3.5120,-3.0446;8.9067,-3.0120,-2.0772;9.0603,-1.6042,-3.1167;9.0046,-3.0576,-5.1266;8.7978,-4.4819,-4.0986;10.6954,-4.5567,-5.7727;13.4110,-3.8513,-3.3810;15.7433,-4.4392,-3.8704;17.3381,-5.1767,-5.5050;16.8785,-5.7577,-7.0271;14.5703,-5.9413,-7.6926;12.2406,-5.3606,-7.2012;</g>
	</geometry>
	<conformers/>
	<properties/>
</molecule>
