<?xml version="1.0" ?>
<!--MOLLI PACKAGE EXPERIMENTAL XML FORMAT-->
<molecule name="nuc1364">
	<atoms>
		<a id="1" s="C" t="C.3" l="C"/>
		<a id="2" s="O" t="O.3" l="O"/>
		<a id="3" s="C" t="C.2" l="C"/>
		<a id="4" s="O" t="O.2" l="O"/>
		<a id="5" s="C" t="C.3" l="C"/>
		<a id="6" s="C" t="C.3" l="C"/>
		<a id="7" s="C" t="C.3" l="C"/>
		<a id="8" s="C" t="C.3" l="C"/>
		<a id="9" s="N" t="N.am" l="N"/>
		<a id="10" s="C" t="C.2" l="C"/>
		<a id="11" s="O" t="O.2" l="O"/>
		<a id="12" s="C" t="C.ar" l="C"/>
		<a id="13" s="C" t="C.ar" l="C"/>
		<a id="14" s="C" t="C.ar" l="C"/>
		<a id="15" s="C" t="C.ar" l="C"/>
		<a id="16" s="N" t="N.pl3" l="N"/>
		<a id="17" s="C" t="C.ar" l="C"/>
		<a id="18" s="C" t="C.ar" l="C"/>
		<a id="19" s="H" t="H" l="H"/>
		<a id="20" s="H" t="H" l="H"/>
		<a id="21" s="H" t="H" l="H"/>
		<a id="22" s="H" t="H" l="H"/>
		<a id="23" s="H" t="H" l="H"/>
		<a id="24" s="H" t="H" l="H"/>
		<a id="25" s="H" t="H" l="H"/>
		<a id="26" s="H" t="H" l="H"/>
		<a id="27" s="H" t="H" l="H"/>
		<a id="28" s="H" t="H" l="H"/>
		<a id="29" s="H" t="H" l="H"/>
		<a id="30" s="H" t="H" l="H"/>
		<a id="31" s="H" t="H" l="H"/>
		<a id="32" s="H" t="H" l="H"/>
		<a id="33" s="H" t="H" l="H"/>
		<a id="34" s="H" t="H" l="H"/>
		<a id="35" s="H" t="H" l="H"/>
		<a id="36" s="H" t="H" l="H"/>
	</atoms>
	<bonds>
		<b id="1" c="1 2" t="1"/>
		<b id="2" c="2 3" t="1"/>
		<b id="3" c="3 4" t="2"/>
		<b id="4" c="3 5" t="1"/>
		<b id="5" c="5 6" t="1"/>
		<b id="6" c="6 7" t="1"/>
		<b id="7" c="7 8" t="1"/>
		<b id="8" c="8 9" t="1"/>
		<b id="9" c="9 10" t="am"/>
		<b id="10" c="10 11" t="2"/>
		<b id="11" c="10 12" t="1"/>
		<b id="12" c="12 13" t="ar"/>
		<b id="13" c="13 14" t="ar"/>
		<b id="14" c="14 15" t="ar"/>
		<b id="15" c="15 16" t="1"/>
		<b id="16" c="15 17" t="ar"/>
		<b id="17" c="17 18" t="ar"/>
		<b id="18" c="12 18" t="ar"/>
		<b id="19" c="1 19" t="1"/>
		<b id="20" c="1 20" t="1"/>
		<b id="21" c="1 21" t="1"/>
		<b id="22" c="5 22" t="1"/>
		<b id="23" c="5 23" t="1"/>
		<b id="24" c="6 24" t="1"/>
		<b id="25" c="6 25" t="1"/>
		<b id="26" c="7 26" t="1"/>
		<b id="27" c="7 27" t="1"/>
		<b id="28" c="8 28" t="1"/>
		<b id="29" c="8 29" t="1"/>
		<b id="30" c="9 30" t="1"/>
		<b id="31" c="13 31" t="1"/>
		<b id="32" c="14 32" t="1"/>
		<b id="33" c="16 33" t="1"/>
		<b id="34" c="16 34" t="1"/>
		<b id="35" c="17 35" t="1"/>
		<b id="36" c="18 36" t="1"/>
	</bonds>
	<geometry>
		<g u="A" t="cart/3d">#36,3:7.3876,-4.1970,0.4701;6.8922,-2.8651,0.4433;7.4514,-2.0070,1.3075;8.3205,-2.3150,2.0790;6.8471,-0.6298,1.1645;7.3553,0.3220,2.2427;6.8344,1.7414,2.0363;7.2855,2.6952,3.1478;8.7199,2.8389,3.2019;9.3663,3.8522,2.5711;8.7651,4.7523,2.0110;10.8502,3.8112,2.6456;11.5906,2.6414,2.8035;12.9684,2.6803,2.8350;13.6527,3.8921,2.7145;15.0224,3.9371,2.8195;12.9109,5.0639,2.5434;11.5364,5.0171,2.5035;6.8860,-4.7246,-0.3368;7.1643,-4.6648,1.4310;8.4691,-4.2022,0.3202;5.7602,-0.7246,1.1988;7.1086,-0.2557,0.1716;8.4461,0.3167,2.2176;7.0454,-0.0492,3.2220;5.7431,1.7325,2.0106;7.1922,2.1300,1.0811;6.9275,2.3406,4.1185;6.8793,3.6912,2.9537;9.2489,2.1094,3.6478;11.1035,1.6785,2.8694;13.5327,1.7655,2.9496;15.5224,3.0751,2.6788;15.4804,4.7624,2.4704;13.4286,6.0066,2.4383;10.9584,5.9171,2.3578;</g>
	</geometry>
	<conformers/>
	<properties/>
</molecule>
