<?xml version="1.0" ?>
<!--MOLLI PACKAGE EXPERIMENTAL XML FORMAT-->
<molecule name="nuc1021">
	<atoms>
		<a id="1" s="C" t="C.3" l="C"/>
		<a id="2" s="C" t="C.3" l="C"/>
		<a id="3" s="C" t="C.3" l="C"/>
		<a id="4" s="C" t="C.3" l="C"/>
		<a id="5" s="C" t="C.3" l="C"/>
		<a id="6" s="C" t="C.3" l="C"/>
		<a id="7" s="C" t="C.3" l="C"/>
		<a id="8" s="C" t="C.3" l="C"/>
		<a id="9" s="S" t="S.O2" l="S"/>
		<a id="10" s="N" t="N.3" l="N"/>
		<a id="11" s="O" t="O.2" l="O"/>
		<a id="12" s="O" t="O.2" l="O"/>
		<a id="13" s="H" t="H" l="H"/>
		<a id="14" s="H" t="H" l="H"/>
		<a id="15" s="H" t="H" l="H"/>
		<a id="16" s="H" t="H" l="H"/>
		<a id="17" s="H" t="H" l="H"/>
		<a id="18" s="H" t="H" l="H"/>
		<a id="19" s="H" t="H" l="H"/>
		<a id="20" s="H" t="H" l="H"/>
		<a id="21" s="H" t="H" l="H"/>
		<a id="22" s="H" t="H" l="H"/>
		<a id="23" s="H" t="H" l="H"/>
		<a id="24" s="H" t="H" l="H"/>
		<a id="25" s="H" t="H" l="H"/>
		<a id="26" s="H" t="H" l="H"/>
		<a id="27" s="H" t="H" l="H"/>
		<a id="28" s="H" t="H" l="H"/>
		<a id="29" s="H" t="H" l="H"/>
		<a id="30" s="H" t="H" l="H"/>
		<a id="31" s="H" t="H" l="H"/>
	</atoms>
	<bonds>
		<b id="1" c="1 2" t="1"/>
		<b id="2" c="2 3" t="1"/>
		<b id="3" c="3 4" t="1"/>
		<b id="4" c="4 5" t="1"/>
		<b id="5" c="5 6" t="1"/>
		<b id="6" c="6 7" t="1"/>
		<b id="7" c="7 8" t="1"/>
		<b id="8" c="8 9" t="1"/>
		<b id="9" c="9 10" t="1"/>
		<b id="10" c="9 11" t="2"/>
		<b id="11" c="9 12" t="2"/>
		<b id="12" c="1 13" t="1"/>
		<b id="13" c="1 14" t="1"/>
		<b id="14" c="1 15" t="1"/>
		<b id="15" c="2 16" t="1"/>
		<b id="16" c="2 17" t="1"/>
		<b id="17" c="3 18" t="1"/>
		<b id="18" c="3 19" t="1"/>
		<b id="19" c="4 20" t="1"/>
		<b id="20" c="4 21" t="1"/>
		<b id="21" c="5 22" t="1"/>
		<b id="22" c="5 23" t="1"/>
		<b id="23" c="6 24" t="1"/>
		<b id="24" c="6 25" t="1"/>
		<b id="25" c="7 26" t="1"/>
		<b id="26" c="7 27" t="1"/>
		<b id="27" c="8 28" t="1"/>
		<b id="28" c="8 29" t="1"/>
		<b id="29" c="10 30" t="1"/>
		<b id="30" c="10 31" t="1"/>
	</bonds>
	<geometry>
		<g u="A" t="cart/3d">#31,3:0.8368,0.0527,-0.0470;2.3603,0.0586,-0.0429;2.9235,1.3663,0.5089;4.4501,1.3744,0.5141;5.0194,2.6801,1.0649;6.5461,2.6762,1.0653;7.1209,3.9813,1.6158;8.6362,3.9925,1.6221;9.1367,5.6033,2.3017;10.8046,5.5912,2.2950;8.7298,6.6281,1.3926;8.7314,5.6663,3.6706;0.4580,-0.8867,-0.4433;0.4538,0.8641,-0.6621;0.4522,0.1791,0.9627;2.7262,-0.0897,-1.0616;2.7246,-0.7745,0.5628;2.5578,1.5148,1.5275;2.5597,2.1994,-0.0969;4.8139,1.2240,-0.5052;4.8120,0.5396,1.1191;4.6587,2.8316,2.0843;4.6609,3.5157,0.4604;6.9059,2.5244,0.0449;6.9038,1.8398,1.6705;6.7744,4.1408,2.6385;6.7761,4.8248,1.0148;9.0504,3.9191,0.6204;9.0487,3.2240,2.2699;11.2247,5.6014,1.3825;11.2267,4.9414,2.9344;</g>
	</geometry>
	<conformers/>
	<properties/>
</molecule>
