<?xml version="1.0" ?>
<!--MOLLI PACKAGE EXPERIMENTAL XML FORMAT-->
<molecule name="nuc1365">
	<atoms>
		<a id="1" s="C" t="C.3" l="C"/>
		<a id="2" s="O" t="O.3" l="O"/>
		<a id="3" s="C" t="C.2" l="C"/>
		<a id="4" s="O" t="O.2" l="O"/>
		<a id="5" s="C" t="C.3" l="C"/>
		<a id="6" s="C" t="C.3" l="C"/>
		<a id="7" s="C" t="C.3" l="C"/>
		<a id="8" s="C" t="C.3" l="C"/>
		<a id="9" s="C" t="C.3" l="C"/>
		<a id="10" s="N" t="N.am" l="N"/>
		<a id="11" s="C" t="C.2" l="C"/>
		<a id="12" s="O" t="O.2" l="O"/>
		<a id="13" s="C" t="C.ar" l="C"/>
		<a id="14" s="C" t="C.ar" l="C"/>
		<a id="15" s="C" t="C.ar" l="C"/>
		<a id="16" s="C" t="C.ar" l="C"/>
		<a id="17" s="N" t="N.pl3" l="N"/>
		<a id="18" s="C" t="C.ar" l="C"/>
		<a id="19" s="C" t="C.ar" l="C"/>
		<a id="20" s="H" t="H" l="H"/>
		<a id="21" s="H" t="H" l="H"/>
		<a id="22" s="H" t="H" l="H"/>
		<a id="23" s="H" t="H" l="H"/>
		<a id="24" s="H" t="H" l="H"/>
		<a id="25" s="H" t="H" l="H"/>
		<a id="26" s="H" t="H" l="H"/>
		<a id="27" s="H" t="H" l="H"/>
		<a id="28" s="H" t="H" l="H"/>
		<a id="29" s="H" t="H" l="H"/>
		<a id="30" s="H" t="H" l="H"/>
		<a id="31" s="H" t="H" l="H"/>
		<a id="32" s="H" t="H" l="H"/>
		<a id="33" s="H" t="H" l="H"/>
		<a id="34" s="H" t="H" l="H"/>
		<a id="35" s="H" t="H" l="H"/>
		<a id="36" s="H" t="H" l="H"/>
		<a id="37" s="H" t="H" l="H"/>
		<a id="38" s="H" t="H" l="H"/>
		<a id="39" s="H" t="H" l="H"/>
	</atoms>
	<bonds>
		<b id="1" c="1 2" t="1"/>
		<b id="2" c="2 3" t="1"/>
		<b id="3" c="3 4" t="2"/>
		<b id="4" c="3 5" t="1"/>
		<b id="5" c="5 6" t="1"/>
		<b id="6" c="6 7" t="1"/>
		<b id="7" c="7 8" t="1"/>
		<b id="8" c="8 9" t="1"/>
		<b id="9" c="9 10" t="1"/>
		<b id="10" c="10 11" t="am"/>
		<b id="11" c="11 12" t="2"/>
		<b id="12" c="11 13" t="1"/>
		<b id="13" c="13 14" t="ar"/>
		<b id="14" c="14 15" t="ar"/>
		<b id="15" c="15 16" t="ar"/>
		<b id="16" c="16 17" t="1"/>
		<b id="17" c="16 18" t="ar"/>
		<b id="18" c="18 19" t="ar"/>
		<b id="19" c="13 19" t="ar"/>
		<b id="20" c="1 20" t="1"/>
		<b id="21" c="1 21" t="1"/>
		<b id="22" c="1 22" t="1"/>
		<b id="23" c="5 23" t="1"/>
		<b id="24" c="5 24" t="1"/>
		<b id="25" c="6 25" t="1"/>
		<b id="26" c="6 26" t="1"/>
		<b id="27" c="7 27" t="1"/>
		<b id="28" c="7 28" t="1"/>
		<b id="29" c="8 29" t="1"/>
		<b id="30" c="8 30" t="1"/>
		<b id="31" c="9 31" t="1"/>
		<b id="32" c="9 32" t="1"/>
		<b id="33" c="10 33" t="1"/>
		<b id="34" c="14 34" t="1"/>
		<b id="35" c="15 35" t="1"/>
		<b id="36" c="17 36" t="1"/>
		<b id="37" c="17 37" t="1"/>
		<b id="38" c="18 38" t="1"/>
		<b id="39" c="19 39" t="1"/>
	</bonds>
	<geometry>
		<g u="A" t="cart/3d">#39,3:1.0627,0.1578,0.0022;2.4725,-0.0147,0.0461;2.9557,-0.6724,1.1111;2.2631,-1.0993,1.9951;4.4602,-0.7824,1.0327;5.0223,-1.6722,2.1366;6.5432,-1.7714,2.0652;7.0976,-2.7019,3.1395;8.6190,-2.8373,3.0383;9.1405,-3.7843,3.9931;9.5245,-5.0366,3.6358;9.5652,-5.3945,2.4726;9.9337,-5.9208,4.7580;9.4163,-5.8234,6.0476;9.8238,-6.6941,7.0359;10.7683,-7.6878,6.7676;11.2299,-8.5048,7.7712;11.2757,-7.7950,5.4700;10.8561,-6.9302,4.4854;0.8580,0.7709,-0.8715;0.7119,0.6514,0.9108;0.5658,-0.8107,-0.0846;4.8717,0.2274,1.1040;4.7218,-1.1697,0.0463;4.5857,-2.6681,2.0463;4.7189,-1.2717,3.1053;6.9811,-0.7774,2.1838;6.8361,-2.1480,1.0830;6.6530,-3.6926,3.0275;6.8283,-2.3224,4.1285;9.0972,-1.8645,3.1933;8.8923,-3.2162,2.0506;9.1073,-3.5340,4.9674;8.6597,-5.0884,6.2858;9.4089,-6.6165,8.0310;10.6696,-8.5735,8.6046;11.6978,-9.3514,7.4945;11.9977,-8.5674,5.2469;11.2338,-7.0171,3.4781;</g>
	</geometry>
	<conformers/>
	<properties/>
</molecule>
