<?xml version="1.0" ?>
<!--MOLLI PACKAGE EXPERIMENTAL XML FORMAT-->
<molecule name="nuc1366">
	<atoms>
		<a id="1" s="C" t="C.3" l="C"/>
		<a id="2" s="O" t="O.3" l="O"/>
		<a id="3" s="C" t="C.2" l="C"/>
		<a id="4" s="O" t="O.2" l="O"/>
		<a id="5" s="C" t="C.3" l="C"/>
		<a id="6" s="C" t="C.3" l="C"/>
		<a id="7" s="C" t="C.3" l="C"/>
		<a id="8" s="C" t="C.3" l="C"/>
		<a id="9" s="C" t="C.3" l="C"/>
		<a id="10" s="C" t="C.3" l="C"/>
		<a id="11" s="N" t="N.am" l="N"/>
		<a id="12" s="C" t="C.2" l="C"/>
		<a id="13" s="O" t="O.2" l="O"/>
		<a id="14" s="C" t="C.ar" l="C"/>
		<a id="15" s="C" t="C.ar" l="C"/>
		<a id="16" s="C" t="C.ar" l="C"/>
		<a id="17" s="C" t="C.ar" l="C"/>
		<a id="18" s="N" t="N.pl3" l="N"/>
		<a id="19" s="C" t="C.ar" l="C"/>
		<a id="20" s="C" t="C.ar" l="C"/>
		<a id="21" s="H" t="H" l="H"/>
		<a id="22" s="H" t="H" l="H"/>
		<a id="23" s="H" t="H" l="H"/>
		<a id="24" s="H" t="H" l="H"/>
		<a id="25" s="H" t="H" l="H"/>
		<a id="26" s="H" t="H" l="H"/>
		<a id="27" s="H" t="H" l="H"/>
		<a id="28" s="H" t="H" l="H"/>
		<a id="29" s="H" t="H" l="H"/>
		<a id="30" s="H" t="H" l="H"/>
		<a id="31" s="H" t="H" l="H"/>
		<a id="32" s="H" t="H" l="H"/>
		<a id="33" s="H" t="H" l="H"/>
		<a id="34" s="H" t="H" l="H"/>
		<a id="35" s="H" t="H" l="H"/>
		<a id="36" s="H" t="H" l="H"/>
		<a id="37" s="H" t="H" l="H"/>
		<a id="38" s="H" t="H" l="H"/>
		<a id="39" s="H" t="H" l="H"/>
		<a id="40" s="H" t="H" l="H"/>
		<a id="41" s="H" t="H" l="H"/>
		<a id="42" s="H" t="H" l="H"/>
	</atoms>
	<bonds>
		<b id="1" c="1 2" t="1"/>
		<b id="2" c="2 3" t="1"/>
		<b id="3" c="3 4" t="2"/>
		<b id="4" c="3 5" t="1"/>
		<b id="5" c="5 6" t="1"/>
		<b id="6" c="6 7" t="1"/>
		<b id="7" c="7 8" t="1"/>
		<b id="8" c="8 9" t="1"/>
		<b id="9" c="9 10" t="1"/>
		<b id="10" c="10 11" t="1"/>
		<b id="11" c="11 12" t="am"/>
		<b id="12" c="12 13" t="2"/>
		<b id="13" c="12 14" t="1"/>
		<b id="14" c="14 15" t="ar"/>
		<b id="15" c="15 16" t="ar"/>
		<b id="16" c="16 17" t="ar"/>
		<b id="17" c="17 18" t="1"/>
		<b id="18" c="17 19" t="ar"/>
		<b id="19" c="19 20" t="ar"/>
		<b id="20" c="14 20" t="ar"/>
		<b id="21" c="1 21" t="1"/>
		<b id="22" c="1 22" t="1"/>
		<b id="23" c="1 23" t="1"/>
		<b id="24" c="5 24" t="1"/>
		<b id="25" c="5 25" t="1"/>
		<b id="26" c="6 26" t="1"/>
		<b id="27" c="6 27" t="1"/>
		<b id="28" c="7 28" t="1"/>
		<b id="29" c="7 29" t="1"/>
		<b id="30" c="8 30" t="1"/>
		<b id="31" c="8 31" t="1"/>
		<b id="32" c="9 32" t="1"/>
		<b id="33" c="9 33" t="1"/>
		<b id="34" c="10 34" t="1"/>
		<b id="35" c="10 35" t="1"/>
		<b id="36" c="11 36" t="1"/>
		<b id="37" c="15 37" t="1"/>
		<b id="38" c="16 38" t="1"/>
		<b id="39" c="18 39" t="1"/>
		<b id="40" c="18 40" t="1"/>
		<b id="41" c="19 41" t="1"/>
		<b id="42" c="20 42" t="1"/>
	</bonds>
	<geometry>
		<g u="A" t="cart/3d">#42,3:1.1118,-0.1052,-0.1649;2.5281,-0.1999,-0.0928;3.0154,-1.2147,0.6376;2.3200,-2.0113,1.2080;4.5259,-1.1986,0.6366;5.1044,-2.4599,1.2699;6.6300,-2.4409,1.2934;7.1965,-3.7353,1.8718;8.7224,-3.7434,1.8852;9.2644,-5.0753,2.4087;10.7061,-5.1288,2.3921;11.3939,-5.7993,1.4300;10.8362,-6.4445,0.5609;12.8738,-5.7006,1.5270;13.5530,-5.5175,2.7295;14.9307,-5.4697,2.7580;15.6738,-5.5951,1.5815;17.0436,-5.4733,1.6018;14.9920,-5.7873,0.3769;13.6171,-5.8477,0.3568;0.8953,0.7884,-0.7442;0.6853,-0.0277,0.8373;0.6982,-0.9895,-0.6542;4.8483,-0.3100,1.1853;4.8658,-1.0841,-0.3945;4.7582,-3.3294,0.7085;4.7182,-2.5561,2.2859;6.9760,-1.5926,1.8889;7.0068,-2.3072,0.2768;6.8421,-4.5783,1.2757;6.8236,-3.8703,2.8896;9.0906,-2.9262,2.5117;9.0996,-3.5868,0.8726;8.9195,-5.8907,1.7688;8.9107,-5.2491,3.4306;11.2007,-4.4925,2.9953;13.0102,-5.4484,3.6618;15.4490,-5.3402,3.6980;17.5011,-5.6104,2.4881;17.5433,-5.8301,0.8038;15.5564,-5.8951,-0.5385;13.0874,-6.0135,-0.5692;</g>
	</geometry>
	<conformers/>
	<properties/>
</molecule>
