<?xml version="1.0" ?>
<!--MOLLI PACKAGE EXPERIMENTAL XML FORMAT-->
<molecule name="nuc1368">
	<atoms>
		<a id="1" s="C" t="C.3" l="C"/>
		<a id="2" s="C" t="C.3" l="C"/>
		<a id="3" s="C" t="C.3" l="C"/>
		<a id="4" s="C" t="C.3" l="C"/>
		<a id="5" s="C" t="C.3" l="C"/>
		<a id="6" s="C" t="C.2" l="C"/>
		<a id="7" s="O" t="O.2" l="O"/>
		<a id="8" s="N" t="N.am" l="N"/>
		<a id="9" s="C" t="C.ar" l="C"/>
		<a id="10" s="C" t="C.ar" l="C"/>
		<a id="11" s="C" t="C.ar" l="C"/>
		<a id="12" s="C" t="C.ar" l="C"/>
		<a id="13" s="N" t="N.pl3" l="N"/>
		<a id="14" s="C" t="C.ar" l="C"/>
		<a id="15" s="C" t="C.ar" l="C"/>
		<a id="16" s="H" t="H" l="H"/>
		<a id="17" s="H" t="H" l="H"/>
		<a id="18" s="H" t="H" l="H"/>
		<a id="19" s="H" t="H" l="H"/>
		<a id="20" s="H" t="H" l="H"/>
		<a id="21" s="H" t="H" l="H"/>
		<a id="22" s="H" t="H" l="H"/>
		<a id="23" s="H" t="H" l="H"/>
		<a id="24" s="H" t="H" l="H"/>
		<a id="25" s="H" t="H" l="H"/>
		<a id="26" s="H" t="H" l="H"/>
		<a id="27" s="H" t="H" l="H"/>
		<a id="28" s="H" t="H" l="H"/>
		<a id="29" s="H" t="H" l="H"/>
		<a id="30" s="H" t="H" l="H"/>
		<a id="31" s="H" t="H" l="H"/>
		<a id="32" s="H" t="H" l="H"/>
		<a id="33" s="H" t="H" l="H"/>
	</atoms>
	<bonds>
		<b id="1" c="1 2" t="1"/>
		<b id="2" c="2 3" t="1"/>
		<b id="3" c="3 4" t="1"/>
		<b id="4" c="4 5" t="1"/>
		<b id="5" c="5 6" t="1"/>
		<b id="6" c="6 7" t="2"/>
		<b id="7" c="6 8" t="am"/>
		<b id="8" c="8 9" t="1"/>
		<b id="9" c="9 10" t="ar"/>
		<b id="10" c="10 11" t="ar"/>
		<b id="11" c="11 12" t="ar"/>
		<b id="12" c="12 13" t="1"/>
		<b id="13" c="12 14" t="ar"/>
		<b id="14" c="14 15" t="ar"/>
		<b id="15" c="9 15" t="ar"/>
		<b id="16" c="1 16" t="1"/>
		<b id="17" c="1 17" t="1"/>
		<b id="18" c="1 18" t="1"/>
		<b id="19" c="2 19" t="1"/>
		<b id="20" c="2 20" t="1"/>
		<b id="21" c="3 21" t="1"/>
		<b id="22" c="3 22" t="1"/>
		<b id="23" c="4 23" t="1"/>
		<b id="24" c="4 24" t="1"/>
		<b id="25" c="5 25" t="1"/>
		<b id="26" c="5 26" t="1"/>
		<b id="27" c="8 27" t="1"/>
		<b id="28" c="10 28" t="1"/>
		<b id="29" c="11 29" t="1"/>
		<b id="30" c="13 30" t="1"/>
		<b id="31" c="13 31" t="1"/>
		<b id="32" c="14 32" t="1"/>
		<b id="33" c="15 33" t="1"/>
	</bonds>
	<geometry>
		<g u="A" t="cart/3d">#33,3:0.8331,-0.0739,-0.0228;2.3558,-0.0668,-0.0823;2.9491,-1.4036,0.3556;4.4744,-1.3846,0.3319;5.0701,-2.7317,0.7292;6.5934,-2.6778,0.7767;7.2245,-1.6486,0.6910;7.1427,-3.9143,0.9375;8.4939,-4.2798,1.0397;9.5306,-3.3529,1.0799;10.8382,-3.7808,1.1821;11.1518,-5.1382,1.2482;12.4577,-5.5565,1.4260;10.1076,-6.0619,1.2057;8.7996,-5.6369,1.1051;0.4326,0.8833,-0.3484;0.4915,-0.2607,0.9932;0.4288,-0.8519,-0.6673;2.7410,0.7256,0.5630;2.6787,0.1524,-1.1024;2.5840,-2.1925,-0.3073;2.6043,-1.6361,1.3665;4.8478,-0.6204,1.0151;4.8255,-1.1238,-0.6681;4.7568,-3.5047,0.0225;4.7107,-3.0178,1.7223;6.5019,-4.6948,0.9802;9.3059,-2.3014,1.0253;11.6357,-3.0527,1.2140;13.1713,-4.8956,1.1638;12.6579,-6.5080,1.1620;10.3291,-7.1184,1.2540;8.0029,-6.3682,1.0733;</g>
	</geometry>
	<conformers/>
	<properties/>
</molecule>
