<?xml version="1.0" ?>
<!--MOLLI PACKAGE EXPERIMENTAL XML FORMAT-->
<molecule name="nuc1373">
	<atoms>
		<a id="1" s="C" t="C.3" l="C"/>
		<a id="2" s="O" t="O.3" l="O"/>
		<a id="3" s="C" t="C.2" l="C"/>
		<a id="4" s="O" t="O.2" l="O"/>
		<a id="5" s="C" t="C.3" l="C"/>
		<a id="6" s="C" t="C.3" l="C"/>
		<a id="7" s="C" t="C.3" l="C"/>
		<a id="8" s="C" t="C.3" l="C"/>
		<a id="9" s="C" t="C.3" l="C"/>
		<a id="10" s="C" t="C.3" l="C"/>
		<a id="11" s="C" t="C.2" l="C"/>
		<a id="12" s="O" t="O.2" l="O"/>
		<a id="13" s="N" t="N.am" l="N"/>
		<a id="14" s="C" t="C.ar" l="C"/>
		<a id="15" s="C" t="C.ar" l="C"/>
		<a id="16" s="C" t="C.ar" l="C"/>
		<a id="17" s="C" t="C.ar" l="C"/>
		<a id="18" s="N" t="N.pl3" l="N"/>
		<a id="19" s="C" t="C.ar" l="C"/>
		<a id="20" s="N" t="N.ar" l="N"/>
		<a id="21" s="H" t="H" l="H"/>
		<a id="22" s="H" t="H" l="H"/>
		<a id="23" s="H" t="H" l="H"/>
		<a id="24" s="H" t="H" l="H"/>
		<a id="25" s="H" t="H" l="H"/>
		<a id="26" s="H" t="H" l="H"/>
		<a id="27" s="H" t="H" l="H"/>
		<a id="28" s="H" t="H" l="H"/>
		<a id="29" s="H" t="H" l="H"/>
		<a id="30" s="H" t="H" l="H"/>
		<a id="31" s="H" t="H" l="H"/>
		<a id="32" s="H" t="H" l="H"/>
		<a id="33" s="H" t="H" l="H"/>
		<a id="34" s="H" t="H" l="H"/>
		<a id="35" s="H" t="H" l="H"/>
		<a id="36" s="H" t="H" l="H"/>
		<a id="37" s="H" t="H" l="H"/>
		<a id="38" s="H" t="H" l="H"/>
		<a id="39" s="H" t="H" l="H"/>
		<a id="40" s="H" t="H" l="H"/>
		<a id="41" s="H" t="H" l="H"/>
	</atoms>
	<bonds>
		<b id="1" c="1 2" t="1"/>
		<b id="2" c="2 3" t="1"/>
		<b id="3" c="3 4" t="2"/>
		<b id="4" c="3 5" t="1"/>
		<b id="5" c="5 6" t="1"/>
		<b id="6" c="6 7" t="1"/>
		<b id="7" c="7 8" t="1"/>
		<b id="8" c="8 9" t="1"/>
		<b id="9" c="9 10" t="1"/>
		<b id="10" c="10 11" t="1"/>
		<b id="11" c="11 12" t="2"/>
		<b id="12" c="11 13" t="am"/>
		<b id="13" c="13 14" t="1"/>
		<b id="14" c="14 15" t="ar"/>
		<b id="15" c="15 16" t="ar"/>
		<b id="16" c="16 17" t="ar"/>
		<b id="17" c="17 18" t="1"/>
		<b id="18" c="17 19" t="ar"/>
		<b id="19" c="19 20" t="ar"/>
		<b id="20" c="14 20" t="ar"/>
		<b id="21" c="1 21" t="1"/>
		<b id="22" c="1 22" t="1"/>
		<b id="23" c="1 23" t="1"/>
		<b id="24" c="5 24" t="1"/>
		<b id="25" c="5 25" t="1"/>
		<b id="26" c="6 26" t="1"/>
		<b id="27" c="6 27" t="1"/>
		<b id="28" c="7 28" t="1"/>
		<b id="29" c="7 29" t="1"/>
		<b id="30" c="8 30" t="1"/>
		<b id="31" c="8 31" t="1"/>
		<b id="32" c="9 32" t="1"/>
		<b id="33" c="9 33" t="1"/>
		<b id="34" c="10 34" t="1"/>
		<b id="35" c="10 35" t="1"/>
		<b id="36" c="13 36" t="1"/>
		<b id="37" c="15 37" t="1"/>
		<b id="38" c="16 38" t="1"/>
		<b id="39" c="18 39" t="1"/>
		<b id="40" c="18 40" t="1"/>
		<b id="41" c="19 41" t="1"/>
	</bonds>
	<geometry>
		<g u="A" t="cart/3d">#41,3:0.9992,0.2079,0.2513;2.3926,0.2480,-0.0245;2.9727,1.4566,0.0351;2.3749,2.4631,0.3057;4.4467,1.3587,-0.2791;5.1563,2.6957,-0.0911;6.6511,2.5939,-0.3807;7.3612,3.9247,-0.1468;8.8618,3.8272,-0.4048;9.5737,5.1413,-0.0969;11.0683,5.0486,-0.3663;11.5899,4.1173,-0.9362;11.7431,6.1380,0.1015;13.1085,6.4191,0.0525;14.0532,5.6057,-0.5710;15.3732,6.0036,-0.5403;15.7290,7.1933,0.1024;17.0256,7.6616,0.0907;14.6955,7.9250,0.6911;13.4318,7.5520,0.6666;0.7109,-0.8391,0.2118;0.4487,0.7858,-0.4937;0.7964,0.6261,1.2391;4.5466,1.0091,-1.3092;4.8804,0.5918,0.3658;5.0029,3.0363,0.9345;4.6999,3.4366,-0.7494;6.8037,2.2785,-1.4151;7.0946,1.8327,0.2652;7.1919,4.2418,0.8851;6.9272,4.6849,-0.8002;9.0472,3.5582,-1.4455;9.2928,3.0391,0.2151;9.4148,5.4176,0.9482;9.1656,5.9414,-0.7207;11.2233,6.8639,0.5768;13.7486,4.6940,-1.0549;16.1360,5.4007,-1.0122;17.7459,6.9784,-0.0797;17.2569,8.3503,0.7878;14.9003,8.8550,1.2062;</g>
	</geometry>
	<conformers/>
	<properties/>
</molecule>
