<?xml version="1.0" ?>
<!--MOLLI PACKAGE EXPERIMENTAL XML FORMAT-->
<molecule name="nuc1374">
	<atoms>
		<a id="1" s="C" t="C.3" l="C"/>
		<a id="2" s="O" t="O.3" l="O"/>
		<a id="3" s="C" t="C.2" l="C"/>
		<a id="4" s="O" t="O.2" l="O"/>
		<a id="5" s="C" t="C.3" l="C"/>
		<a id="6" s="C" t="C.3" l="C"/>
		<a id="7" s="C" t="C.3" l="C"/>
		<a id="8" s="C" t="C.3" l="C"/>
		<a id="9" s="C" t="C.3" l="C"/>
		<a id="10" s="C" t="C.3" l="C"/>
		<a id="11" s="C" t="C.2" l="C"/>
		<a id="12" s="O" t="O.2" l="O"/>
		<a id="13" s="N" t="N.am" l="N"/>
		<a id="14" s="C" t="C.ar" l="C"/>
		<a id="15" s="C" t="C.ar" l="C"/>
		<a id="16" s="C" t="C.ar" l="C"/>
		<a id="17" s="C" t="C.ar" l="C"/>
		<a id="18" s="C" t="C.ar" l="C"/>
		<a id="19" s="C" t="C.ar" l="C"/>
		<a id="20" s="N" t="N.pl3" l="N"/>
		<a id="21" s="H" t="H" l="H"/>
		<a id="22" s="H" t="H" l="H"/>
		<a id="23" s="H" t="H" l="H"/>
		<a id="24" s="H" t="H" l="H"/>
		<a id="25" s="H" t="H" l="H"/>
		<a id="26" s="H" t="H" l="H"/>
		<a id="27" s="H" t="H" l="H"/>
		<a id="28" s="H" t="H" l="H"/>
		<a id="29" s="H" t="H" l="H"/>
		<a id="30" s="H" t="H" l="H"/>
		<a id="31" s="H" t="H" l="H"/>
		<a id="32" s="H" t="H" l="H"/>
		<a id="33" s="H" t="H" l="H"/>
		<a id="34" s="H" t="H" l="H"/>
		<a id="35" s="H" t="H" l="H"/>
		<a id="36" s="H" t="H" l="H"/>
		<a id="37" s="H" t="H" l="H"/>
		<a id="38" s="H" t="H" l="H"/>
		<a id="39" s="H" t="H" l="H"/>
		<a id="40" s="H" t="H" l="H"/>
		<a id="41" s="H" t="H" l="H"/>
		<a id="42" s="H" t="H" l="H"/>
	</atoms>
	<bonds>
		<b id="1" c="1 2" t="1"/>
		<b id="2" c="2 3" t="1"/>
		<b id="3" c="3 4" t="2"/>
		<b id="4" c="3 5" t="1"/>
		<b id="5" c="5 6" t="1"/>
		<b id="6" c="6 7" t="1"/>
		<b id="7" c="7 8" t="1"/>
		<b id="8" c="8 9" t="1"/>
		<b id="9" c="9 10" t="1"/>
		<b id="10" c="10 11" t="1"/>
		<b id="11" c="11 12" t="2"/>
		<b id="12" c="11 13" t="am"/>
		<b id="13" c="13 14" t="1"/>
		<b id="14" c="14 15" t="ar"/>
		<b id="15" c="15 16" t="ar"/>
		<b id="16" c="16 17" t="ar"/>
		<b id="17" c="17 18" t="ar"/>
		<b id="18" c="18 19" t="ar"/>
		<b id="19" c="14 19" t="ar"/>
		<b id="20" c="19 20" t="1"/>
		<b id="21" c="1 21" t="1"/>
		<b id="22" c="1 22" t="1"/>
		<b id="23" c="1 23" t="1"/>
		<b id="24" c="5 24" t="1"/>
		<b id="25" c="5 25" t="1"/>
		<b id="26" c="6 26" t="1"/>
		<b id="27" c="6 27" t="1"/>
		<b id="28" c="7 28" t="1"/>
		<b id="29" c="7 29" t="1"/>
		<b id="30" c="8 30" t="1"/>
		<b id="31" c="8 31" t="1"/>
		<b id="32" c="9 32" t="1"/>
		<b id="33" c="9 33" t="1"/>
		<b id="34" c="10 34" t="1"/>
		<b id="35" c="10 35" t="1"/>
		<b id="36" c="13 36" t="1"/>
		<b id="37" c="15 37" t="1"/>
		<b id="38" c="16 38" t="1"/>
		<b id="39" c="17 39" t="1"/>
		<b id="40" c="18 40" t="1"/>
		<b id="41" c="20 41" t="1"/>
		<b id="42" c="20 42" t="1"/>
	</bonds>
	<geometry>
		<g u="A" t="cart/3d">#42,3:1.0977,-0.2347,-0.0112;2.5134,-0.1288,0.0534;3.0001,0.7401,0.9527;2.3038,1.4011,1.6754;4.5096,0.7596,0.9166;5.0893,1.7198,1.9502;6.6138,1.7586,1.8978;7.1942,2.7022,2.9482;8.7148,2.7842,2.8561;9.3081,3.6885,3.9326;10.8077,3.8779,3.7303;11.3813,3.5847,2.7065;11.4066,4.4419,4.8162;12.7692,4.7174,5.0214;13.7734,4.1421,4.2577;15.1036,4.3948,4.5467;15.4396,5.2139,5.6086;14.4435,5.8103,6.3612;13.1035,5.5901,6.0719;12.0903,6.1649,6.8525;0.8825,-0.9798,-0.7724;0.6576,0.7278,-0.2801;0.6963,-0.5452,0.9556;4.8177,1.0435,-0.0922;4.8650,-0.2589,1.0877;4.7602,1.4128,2.9446;4.6875,2.7186,1.7705;6.9355,2.0840,0.9060;7.0096,0.7534,2.0596;6.9061,2.3537,3.9431;6.7673,3.6986,2.8112;9.0084,3.1684,1.8782;9.1455,1.7861,2.9552;9.1212,3.2710,4.9248;8.8351,4.6742,3.8867;10.8268,4.6389,5.6201;13.5038,3.4957,3.4399;15.8747,3.9394,3.9447;16.4754,5.4023,5.8478;14.7012,6.4640,7.1833;12.4516,6.8209,7.5309;11.3394,6.5799,6.3170;</g>
	</geometry>
	<conformers/>
	<properties/>
</molecule>
