<?xml version="1.0" ?>
<!--MOLLI PACKAGE EXPERIMENTAL XML FORMAT-->
<molecule name="nuc1022">
	<atoms>
		<a id="1" s="C" t="C.3" l="C"/>
		<a id="2" s="C" t="C.3" l="C"/>
		<a id="3" s="S" t="S.O2" l="S"/>
		<a id="4" s="N" t="N.3" l="N"/>
		<a id="5" s="O" t="O.2" l="O"/>
		<a id="6" s="O" t="O.2" l="O"/>
		<a id="7" s="H" t="H" l="H"/>
		<a id="8" s="H" t="H" l="H"/>
		<a id="9" s="H" t="H" l="H"/>
		<a id="10" s="H" t="H" l="H"/>
		<a id="11" s="H" t="H" l="H"/>
		<a id="12" s="H" t="H" l="H"/>
		<a id="13" s="H" t="H" l="H"/>
	</atoms>
	<bonds>
		<b id="1" c="1 2" t="1"/>
		<b id="2" c="2 3" t="1"/>
		<b id="3" c="3 4" t="1"/>
		<b id="4" c="3 5" t="2"/>
		<b id="5" c="3 6" t="2"/>
		<b id="6" c="1 7" t="1"/>
		<b id="7" c="1 8" t="1"/>
		<b id="8" c="1 9" t="1"/>
		<b id="9" c="2 10" t="1"/>
		<b id="10" c="2 11" t="1"/>
		<b id="11" c="4 12" t="1"/>
		<b id="12" c="4 13" t="1"/>
	</bonds>
	<geometry>
		<g u="A" t="cart/3d">#13,3:1.0740,0.0325,-0.0570;2.5838,0.0276,-0.1280;3.1763,0.3980,1.5541;4.8404,0.3756,1.4534;2.8015,1.7369,1.8841;2.8017,-0.6774,2.4171;0.6286,-0.1720,-1.0288;0.7345,1.0037,0.2942;0.7444,-0.7221,0.6530;2.9688,0.8045,-0.7819;2.9816,-0.9448,-0.4029;5.2443,1.1178,0.9102;5.2440,-0.5279,1.2804;</g>
	</geometry>
	<conformers/>
	<properties/>
</molecule>
