<?xml version="1.0" ?>
<!--MOLLI PACKAGE EXPERIMENTAL XML FORMAT-->
<molecule name="nuc1378">
	<atoms>
		<a id="1" s="C" t="C.3" l="C"/>
		<a id="2" s="O" t="O.3" l="O"/>
		<a id="3" s="C" t="C.ar" l="C"/>
		<a id="4" s="C" t="C.ar" l="C"/>
		<a id="5" s="C" t="C.ar" l="C"/>
		<a id="6" s="C" t="C.ar" l="C"/>
		<a id="7" s="C" t="C.ar" l="C"/>
		<a id="8" s="N" t="N.pl3" l="N"/>
		<a id="9" s="C" t="C.ar" l="C"/>
		<a id="10" s="N" t="N.pl3" l="N"/>
		<a id="11" s="O" t="O.2" l="O"/>
		<a id="12" s="O" t="O.co2" l="O"/>
		<a id="13" s="H" t="H" l="H"/>
		<a id="14" s="H" t="H" l="H"/>
		<a id="15" s="H" t="H" l="H"/>
		<a id="16" s="H" t="H" l="H"/>
		<a id="17" s="H" t="H" l="H"/>
		<a id="18" s="H" t="H" l="H"/>
		<a id="19" s="H" t="H" l="H"/>
		<a id="20" s="H" t="H" l="H"/>
	</atoms>
	<bonds>
		<b id="1" c="1 2" t="1"/>
		<b id="2" c="2 3" t="1"/>
		<b id="3" c="3 4" t="ar"/>
		<b id="4" c="4 5" t="ar"/>
		<b id="5" c="5 6" t="ar"/>
		<b id="6" c="6 7" t="ar"/>
		<b id="7" c="7 8" t="1"/>
		<b id="8" c="7 9" t="ar"/>
		<b id="9" c="3 9" t="ar"/>
		<b id="10" c="9 10" t="1"/>
		<b id="11" c="10 11" t="2"/>
		<b id="12" c="10 12" t="1"/>
		<b id="13" c="1 13" t="1"/>
		<b id="14" c="1 14" t="1"/>
		<b id="15" c="1 15" t="1"/>
		<b id="16" c="4 16" t="1"/>
		<b id="17" c="5 17" t="1"/>
		<b id="18" c="6 18" t="1"/>
		<b id="19" c="8 19" t="1"/>
		<b id="20" c="8 20" t="1"/>
	</bonds>
	<geometry>
		<g u="A" t="cart/3d">#20,3:1.3088,0.4413,0.5047;2.3758,-0.1272,-0.2151;2.9796,0.5853,-1.1809;2.5938,1.8665,-1.5462;3.2924,2.5529,-2.5306;4.3877,1.9979,-3.1404;4.8331,0.7120,-2.7930;5.9102,0.1996,-3.4161;4.0993,-0.0145,-1.8194;4.4511,-1.3484,-1.4970;3.6277,-2.0810,-0.9920;5.5898,-1.7325,-1.7645;1.0236,-0.3137,1.2350;0.4553,0.6559,-0.1454;1.6151,1.3548,1.0239;1.7491,2.3390,-1.0754;2.9689,3.5443,-2.8091;4.9331,2.5442,-3.8944;6.3790,0.7408,-4.1185;6.2786,-0.6892,-3.1054;</g>
	</geometry>
	<conformers/>
	<properties/>
</molecule>
