<?xml version="1.0" ?>
<!--MOLLI PACKAGE EXPERIMENTAL XML FORMAT-->
<molecule name="nuc1379">
	<atoms>
		<a id="1" s="C" t="C.2" l="C"/>
		<a id="2" s="C" t="C.2" l="C"/>
		<a id="3" s="C" t="C.3" l="C"/>
		<a id="4" s="C" t="C.3" l="C"/>
		<a id="5" s="N" t="N.3" l="N"/>
		<a id="6" s="H" t="H" l="H"/>
		<a id="7" s="H" t="H" l="H"/>
		<a id="8" s="H" t="H" l="H"/>
		<a id="9" s="H" t="H" l="H"/>
		<a id="10" s="H" t="H" l="H"/>
		<a id="11" s="H" t="H" l="H"/>
		<a id="12" s="H" t="H" l="H"/>
		<a id="13" s="H" t="H" l="H"/>
		<a id="14" s="H" t="H" l="H"/>
	</atoms>
	<bonds>
		<b id="1" c="1 2" t="2"/>
		<b id="2" c="2 3" t="1"/>
		<b id="3" c="2 4" t="1"/>
		<b id="4" c="4 5" t="1"/>
		<b id="5" c="1 6" t="1"/>
		<b id="6" c="1 7" t="1"/>
		<b id="7" c="3 8" t="1"/>
		<b id="8" c="3 9" t="1"/>
		<b id="9" c="3 10" t="1"/>
		<b id="10" c="4 11" t="1"/>
		<b id="11" c="4 12" t="1"/>
		<b id="12" c="5 13" t="1"/>
		<b id="13" c="5 14" t="1"/>
	</bonds>
	<geometry>
		<g u="A" t="cart/3d">#14,3:1.0327,0.1087,0.0271;2.3549,0.0759,0.0358;3.1549,-0.5099,1.1554;3.1756,0.6530,-1.0881;4.0231,1.7261,-0.5748;0.4495,-0.3008,0.8347;0.4756,0.5355,-0.7906;2.5235,-0.7604,2.0029;3.9170,0.2027,1.4626;3.6625,-1.4118,0.8157;2.5085,0.9780,-1.9035;3.8423,-0.1214,-1.4833;3.4443,2.4760,-0.2098;4.5932,2.1095,-1.3209;</g>
	</geometry>
	<conformers/>
	<properties/>
</molecule>
