<?xml version="1.0" ?>
<!--MOLLI PACKAGE EXPERIMENTAL XML FORMAT-->
<molecule name="nuc1384">
	<atoms>
		<a id="1" s="N" t="N.3" l="N"/>
		<a id="2" s="C" t="C.3" l="C"/>
		<a id="3" s="C" t="C.3" l="C"/>
		<a id="4" s="C" t="C.ar" l="C"/>
		<a id="5" s="C" t="C.ar" l="C"/>
		<a id="6" s="C" t="C.ar" l="C"/>
		<a id="7" s="C" t="C.ar" l="C"/>
		<a id="8" s="N" t="N.ar" l="N"/>
		<a id="9" s="C" t="C.ar" l="C"/>
		<a id="10" s="H" t="H" l="H"/>
		<a id="11" s="H" t="H" l="H"/>
		<a id="12" s="H" t="H" l="H"/>
		<a id="13" s="H" t="H" l="H"/>
		<a id="14" s="H" t="H" l="H"/>
		<a id="15" s="H" t="H" l="H"/>
		<a id="16" s="H" t="H" l="H"/>
		<a id="17" s="H" t="H" l="H"/>
		<a id="18" s="H" t="H" l="H"/>
		<a id="19" s="H" t="H" l="H"/>
	</atoms>
	<bonds>
		<b id="1" c="1 2" t="1"/>
		<b id="2" c="2 3" t="1"/>
		<b id="3" c="3 4" t="1"/>
		<b id="4" c="4 5" t="ar"/>
		<b id="5" c="5 6" t="ar"/>
		<b id="6" c="6 7" t="ar"/>
		<b id="7" c="7 8" t="ar"/>
		<b id="8" c="8 9" t="ar"/>
		<b id="9" c="4 9" t="ar"/>
		<b id="10" c="1 10" t="1"/>
		<b id="11" c="1 11" t="1"/>
		<b id="12" c="2 12" t="1"/>
		<b id="13" c="2 13" t="1"/>
		<b id="14" c="3 14" t="1"/>
		<b id="15" c="3 15" t="1"/>
		<b id="16" c="5 16" t="1"/>
		<b id="17" c="6 17" t="1"/>
		<b id="18" c="7 18" t="1"/>
		<b id="19" c="9 19" t="1"/>
	</bonds>
	<geometry>
		<g u="A" t="cart/3d">#19,3:1.0060,-0.2342,-0.9215;2.4558,-0.2270,-1.0095;2.9683,1.2190,-0.9724;4.4655,1.2423,-0.9757;5.1905,1.2484,-2.1619;6.5742,1.2243,-2.1136;7.1870,1.1913,-0.8705;6.5124,1.1857,0.2663;5.1938,1.2100,0.2103;0.6562,-1.1851,-0.8850;0.6008,0.2148,-1.7367;2.8458,-0.7224,-1.9164;2.8446,-0.7680,-0.1419;2.5789,1.6956,-0.0724;2.5818,1.7549,-1.8425;4.6751,1.2766,-3.1125;7.1624,1.2304,-3.0186;8.2647,1.1682,-0.7755;4.6862,1.2083,1.1669;</g>
	</geometry>
	<conformers/>
	<properties/>
</molecule>
