<?xml version="1.0" ?>
<!--MOLLI PACKAGE EXPERIMENTAL XML FORMAT-->
<molecule name="nuc1385">
	<atoms>
		<a id="1" s="C" t="C.3" l="C"/>
		<a id="2" s="C" t="C.ar" l="C"/>
		<a id="3" s="N" t="N.ar" l="N"/>
		<a id="4" s="C" t="C.ar" l="C"/>
		<a id="5" s="C" t="C.ar" l="C"/>
		<a id="6" s="C" t="C.ar" l="C"/>
		<a id="7" s="C" t="C.ar" l="C"/>
		<a id="8" s="C" t="C.ar" l="C"/>
		<a id="9" s="C" t="C.ar" l="C"/>
		<a id="10" s="C" t="C.ar" l="C"/>
		<a id="11" s="C" t="C.3" l="C"/>
		<a id="12" s="C" t="C.3" l="C"/>
		<a id="13" s="N" t="N.am" l="N"/>
		<a id="14" s="C" t="C.2" l="C"/>
		<a id="15" s="O" t="O.2" l="O"/>
		<a id="16" s="C" t="C.ar" l="C"/>
		<a id="17" s="C" t="C.ar" l="C"/>
		<a id="18" s="N" t="N.ar" l="N"/>
		<a id="19" s="C" t="C.ar" l="C"/>
		<a id="20" s="N" t="N.pl3" l="N"/>
		<a id="21" s="N" t="N.ar" l="N"/>
		<a id="22" s="C" t="C.ar" l="C"/>
		<a id="23" s="H" t="H" l="H"/>
		<a id="24" s="H" t="H" l="H"/>
		<a id="25" s="H" t="H" l="H"/>
		<a id="26" s="H" t="H" l="H"/>
		<a id="27" s="H" t="H" l="H"/>
		<a id="28" s="H" t="H" l="H"/>
		<a id="29" s="H" t="H" l="H"/>
		<a id="30" s="H" t="H" l="H"/>
		<a id="31" s="H" t="H" l="H"/>
		<a id="32" s="H" t="H" l="H"/>
		<a id="33" s="H" t="H" l="H"/>
		<a id="34" s="H" t="H" l="H"/>
		<a id="35" s="H" t="H" l="H"/>
		<a id="36" s="H" t="H" l="H"/>
		<a id="37" s="H" t="H" l="H"/>
		<a id="38" s="H" t="H" l="H"/>
		<a id="39" s="H" t="H" l="H"/>
	</atoms>
	<bonds>
		<b id="1" c="1 2" t="1"/>
		<b id="2" c="2 3" t="ar"/>
		<b id="3" c="3 4" t="ar"/>
		<b id="4" c="4 5" t="ar"/>
		<b id="5" c="5 6" t="ar"/>
		<b id="6" c="6 7" t="ar"/>
		<b id="7" c="7 8" t="ar"/>
		<b id="8" c="8 9" t="ar"/>
		<b id="9" c="4 9" t="ar"/>
		<b id="10" c="9 10" t="ar"/>
		<b id="11" c="2 10" t="ar"/>
		<b id="12" c="10 11" t="1"/>
		<b id="13" c="11 12" t="1"/>
		<b id="14" c="12 13" t="1"/>
		<b id="15" c="13 14" t="am"/>
		<b id="16" c="14 15" t="2"/>
		<b id="17" c="14 16" t="1"/>
		<b id="18" c="16 17" t="ar"/>
		<b id="19" c="17 18" t="ar"/>
		<b id="20" c="18 19" t="ar"/>
		<b id="21" c="19 20" t="1"/>
		<b id="22" c="19 21" t="ar"/>
		<b id="23" c="21 22" t="ar"/>
		<b id="24" c="16 22" t="ar"/>
		<b id="25" c="1 23" t="1"/>
		<b id="26" c="1 24" t="1"/>
		<b id="27" c="1 25" t="1"/>
		<b id="28" c="3 26" t="1"/>
		<b id="29" c="5 27" t="1"/>
		<b id="30" c="6 28" t="1"/>
		<b id="31" c="7 29" t="1"/>
		<b id="32" c="8 30" t="1"/>
		<b id="33" c="11 31" t="1"/>
		<b id="34" c="11 32" t="1"/>
		<b id="35" c="12 33" t="1"/>
		<b id="36" c="12 34" t="1"/>
		<b id="37" c="13 35" t="1"/>
		<b id="38" c="17 36" t="1"/>
		<b id="39" c="20 37" t="1"/>
		<b id="40" c="20 38" t="1"/>
		<b id="41" c="22 39" t="1"/>
	</bonds>
	<geometry>
		<g u="A" t="cart/3d">#39,3:-1.6185,-0.8698,2.3905;-1.2756,-0.5185,0.9858;-0.7454,0.7083,0.6691;-0.5229,0.7767,-0.6764;-0.0178,1.8054,-1.4593;0.0844,1.5835,-2.8166;-0.3035,0.3667,-3.3835;-0.8039,-0.6575,-2.6112;-0.9223,-0.4618,-1.2355;-1.3881,-1.2694,-0.1539;-1.9581,-2.6445,-0.2609;-3.4712,-2.5707,-0.5214;-4.0869,-3.8764,-0.5134;-4.8221,-4.3212,0.5331;-5.0992,-3.6247,1.4926;-5.3049,-5.7200,0.3992;-4.6032,-6.7460,-0.2336;-5.0662,-7.9755,-0.3248;-6.2620,-8.2130,0.2284;-6.7744,-9.4483,0.0813;-6.9959,-7.3216,0.9066;-6.5131,-6.1016,0.9901;-1.7549,0.0302,2.9863;-0.8239,-1.4635,2.8453;-2.5354,-1.4535,2.4254;-0.5588,1.4428,1.3307;0.2822,2.7462,-1.0201;0.4705,2.3635,-3.4566;-0.2074,0.2336,-4.4516;-1.1001,-1.5937,-3.0622;-1.7873,-3.1953,0.6664;-1.4726,-3.1846,-1.0777;-3.6604,-2.0822,-1.4818;-3.9529,-1.9946,0.2718;-3.8640,-4.4998,-1.2721;-3.6193,-6.5961,-0.6600;-6.1968,-10.1674,-0.3156;-7.6120,-9.6839,0.5834;-7.1022,-5.3821,1.5412;</g>
	</geometry>
	<conformers/>
	<properties/>
</molecule>
