<?xml version="1.0" ?>
<!--MOLLI PACKAGE EXPERIMENTAL XML FORMAT-->
<molecule name="nuc1023">
	<atoms>
		<a id="1" s="C" t="C.3" l="C"/>
		<a id="2" s="C" t="C.3" l="C"/>
		<a id="3" s="C" t="C.3" l="C"/>
		<a id="4" s="S" t="S.O2" l="S"/>
		<a id="5" s="N" t="N.3" l="N"/>
		<a id="6" s="O" t="O.2" l="O"/>
		<a id="7" s="O" t="O.2" l="O"/>
		<a id="8" s="H" t="H" l="H"/>
		<a id="9" s="H" t="H" l="H"/>
		<a id="10" s="H" t="H" l="H"/>
		<a id="11" s="H" t="H" l="H"/>
		<a id="12" s="H" t="H" l="H"/>
		<a id="13" s="H" t="H" l="H"/>
		<a id="14" s="H" t="H" l="H"/>
		<a id="15" s="H" t="H" l="H"/>
		<a id="16" s="H" t="H" l="H"/>
	</atoms>
	<bonds>
		<b id="1" c="1 2" t="1"/>
		<b id="2" c="2 3" t="1"/>
		<b id="3" c="3 4" t="1"/>
		<b id="4" c="4 5" t="1"/>
		<b id="5" c="4 6" t="2"/>
		<b id="6" c="4 7" t="2"/>
		<b id="7" c="1 8" t="1"/>
		<b id="8" c="1 9" t="1"/>
		<b id="9" c="1 10" t="1"/>
		<b id="10" c="2 11" t="1"/>
		<b id="11" c="2 12" t="1"/>
		<b id="12" c="3 13" t="1"/>
		<b id="13" c="3 14" t="1"/>
		<b id="14" c="5 15" t="1"/>
		<b id="15" c="5 16" t="1"/>
	</bonds>
	<geometry>
		<g u="A" t="cart/3d">#16,3:0.9244,-0.0591,-0.0349;2.4447,0.0584,-0.0714;2.9122,1.4941,-0.2052;4.7293,1.4362,-0.2321;5.2285,3.0199,-0.3735;5.1875,0.9737,1.0398;5.1441,0.7671,-1.4245;0.6307,-1.1006,0.0619;0.4872,0.3375,-0.9484;0.5175,0.4923,0.8097;2.8454,-0.5086,-0.9132;2.8757,-0.3548,0.8420;2.6169,2.1018,0.6455;2.5860,1.9456,-1.1379;5.0486,3.5973,0.4286;5.0176,3.4572,-1.2528;</g>
	</geometry>
	<conformers/>
	<properties/>
</molecule>
