<?xml version="1.0" ?>
<!--MOLLI PACKAGE EXPERIMENTAL XML FORMAT-->
<molecule name="nuc1388">
	<atoms>
		<a id="1" s="C" t="C.3" l="C"/>
		<a id="2" s="C" t="C.ar" l="C"/>
		<a id="3" s="N" t="N.ar" l="N"/>
		<a id="4" s="S" t="S.2" l="S"/>
		<a id="5" s="C" t="C.ar" l="C"/>
		<a id="6" s="N" t="N.pl3" l="N"/>
		<a id="7" s="C" t="C.3" l="C"/>
		<a id="8" s="C" t="C.3" l="C"/>
		<a id="9" s="C" t="C.3" l="C"/>
		<a id="10" s="C" t="C.3" l="C"/>
		<a id="11" s="C" t="C.3" l="C"/>
		<a id="12" s="C" t="C.3" l="C"/>
		<a id="13" s="C" t="C.3" l="C"/>
		<a id="14" s="N" t="N.3" l="N"/>
		<a id="15" s="N" t="N.ar" l="N"/>
		<a id="16" s="H" t="H" l="H"/>
		<a id="17" s="H" t="H" l="H"/>
		<a id="18" s="H" t="H" l="H"/>
		<a id="19" s="H" t="H" l="H"/>
		<a id="20" s="H" t="H" l="H"/>
		<a id="21" s="H" t="H" l="H"/>
		<a id="22" s="H" t="H" l="H"/>
		<a id="23" s="H" t="H" l="H"/>
		<a id="24" s="H" t="H" l="H"/>
		<a id="25" s="H" t="H" l="H"/>
		<a id="26" s="H" t="H" l="H"/>
		<a id="27" s="H" t="H" l="H"/>
		<a id="28" s="H" t="H" l="H"/>
		<a id="29" s="H" t="H" l="H"/>
		<a id="30" s="H" t="H" l="H"/>
		<a id="31" s="H" t="H" l="H"/>
	</atoms>
	<bonds>
		<b id="1" c="1 2" t="1"/>
		<b id="2" c="2 3" t="ar"/>
		<b id="3" c="3 4" t="ar"/>
		<b id="4" c="4 5" t="ar"/>
		<b id="5" c="5 6" t="1"/>
		<b id="6" c="6 7" t="1"/>
		<b id="7" c="7 8" t="1"/>
		<b id="8" c="8 9" t="1"/>
		<b id="9" c="9 10" t="1"/>
		<b id="10" c="10 11" t="1"/>
		<b id="11" c="11 12" t="1"/>
		<b id="12" c="6 12" t="1"/>
		<b id="13" c="11 13" t="1"/>
		<b id="14" c="8 13" t="1"/>
		<b id="15" c="5 15" t="ar"/>
		<b id="16" c="2 15" t="ar"/>
		<b id="17" c="13 14" t="1"/>
		<b id="18" c="1 16" t="1"/>
		<b id="19" c="1 17" t="1"/>
		<b id="20" c="1 18" t="1"/>
		<b id="21" c="7 19" t="1"/>
		<b id="22" c="7 20" t="1"/>
		<b id="23" c="8 21" t="1"/>
		<b id="24" c="9 22" t="1"/>
		<b id="25" c="9 23" t="1"/>
		<b id="26" c="10 24" t="1"/>
		<b id="27" c="10 25" t="1"/>
		<b id="28" c="11 26" t="1"/>
		<b id="29" c="12 27" t="1"/>
		<b id="30" c="12 28" t="1"/>
		<b id="31" c="13 29" t="1"/>
		<b id="32" c="14 30" t="1"/>
		<b id="33" c="14 31" t="1"/>
	</bonds>
	<geometry>
		<g u="A" t="cart/3d">#31,3:-1.0937,-0.8466,1.6884;-0.2294,-0.1615,0.6929;0.4777,-0.8401,-0.1627;1.3223,0.1826,-1.1384;0.6361,1.5785,-0.2859;0.8932,2.8446,-0.6166;0.3997,3.9205,0.2170;1.5755,4.7152,0.7968;2.5829,3.7612,1.4552;3.5221,3.3175,0.3148;2.9995,4.0356,-0.9381;1.8908,3.2036,-1.5957;2.3669,5.3168,-0.3821;3.3716,6.3047,-0.0516;-0.1691,1.1904,0.6605;-1.0237,-1.9211,1.5515;-2.1244,-0.5221,1.5590;-0.7772,-0.5797,2.6949;-0.2045,3.4736,1.0073;-0.2353,4.5804,-0.3868;1.1980,5.4727,1.4875;2.0707,2.9146,1.9105;3.1373,4.2723,2.2430;3.5104,2.2366,0.1788;4.5518,3.6112,0.5172;3.7855,4.2475,-1.6626;2.3049,2.2926,-2.0315;1.4169,3.7857,-2.3959;1.6976,5.7839,-1.1128;4.0259,5.9384,0.6296;2.9397,7.1329,0.3424;</g>
	</geometry>
	<conformers/>
	<properties/>
</molecule>
