<?xml version="1.0" ?>
<!--MOLLI PACKAGE EXPERIMENTAL XML FORMAT-->
<molecule name="nuc1390">
	<atoms>
		<a id="1" s="C" t="C.3" l="C"/>
		<a id="2" s="C" t="C.3" l="C"/>
		<a id="3" s="C" t="C.3" l="C"/>
		<a id="4" s="C" t="C.3" l="C"/>
		<a id="5" s="O" t="O.3" l="O"/>
		<a id="6" s="C" t="C.2" l="C"/>
		<a id="7" s="O" t="O.2" l="O"/>
		<a id="8" s="N" t="N.am" l="N"/>
		<a id="9" s="C" t="C.3" l="C"/>
		<a id="10" s="C" t="C.3" l="C"/>
		<a id="11" s="C" t="C.3" l="C"/>
		<a id="12" s="C" t="C.3" l="C"/>
		<a id="13" s="C" t="C.3" l="C"/>
		<a id="14" s="C" t="C.2" l="C"/>
		<a id="15" s="N" t="N.am" l="N"/>
		<a id="16" s="O" t="O.2" l="O"/>
		<a id="17" s="C" t="C.3" l="C"/>
		<a id="18" s="H" t="H" l="H"/>
		<a id="19" s="H" t="H" l="H"/>
		<a id="20" s="H" t="H" l="H"/>
		<a id="21" s="H" t="H" l="H"/>
		<a id="22" s="H" t="H" l="H"/>
		<a id="23" s="H" t="H" l="H"/>
		<a id="24" s="H" t="H" l="H"/>
		<a id="25" s="H" t="H" l="H"/>
		<a id="26" s="H" t="H" l="H"/>
		<a id="27" s="H" t="H" l="H"/>
		<a id="28" s="H" t="H" l="H"/>
		<a id="29" s="H" t="H" l="H"/>
		<a id="30" s="H" t="H" l="H"/>
		<a id="31" s="H" t="H" l="H"/>
		<a id="32" s="H" t="H" l="H"/>
		<a id="33" s="H" t="H" l="H"/>
		<a id="34" s="H" t="H" l="H"/>
		<a id="35" s="H" t="H" l="H"/>
		<a id="36" s="H" t="H" l="H"/>
		<a id="37" s="H" t="H" l="H"/>
		<a id="38" s="H" t="H" l="H"/>
		<a id="39" s="H" t="H" l="H"/>
	</atoms>
	<bonds>
		<b id="1" c="1 2" t="1"/>
		<b id="2" c="2 3" t="1"/>
		<b id="3" c="2 4" t="1"/>
		<b id="4" c="2 5" t="1"/>
		<b id="5" c="5 6" t="1"/>
		<b id="6" c="6 7" t="2"/>
		<b id="7" c="6 8" t="am"/>
		<b id="8" c="8 9" t="1"/>
		<b id="9" c="9 10" t="1"/>
		<b id="10" c="10 11" t="1"/>
		<b id="11" c="11 12" t="1"/>
		<b id="12" c="12 13" t="1"/>
		<b id="13" c="14 15" t="am"/>
		<b id="14" c="14 16" t="2"/>
		<b id="15" c="13 17" t="1"/>
		<b id="16" c="9 17" t="1"/>
		<b id="17" c="13 14" t="1"/>
		<b id="18" c="1 18" t="1"/>
		<b id="19" c="1 19" t="1"/>
		<b id="20" c="1 20" t="1"/>
		<b id="21" c="3 21" t="1"/>
		<b id="22" c="3 22" t="1"/>
		<b id="23" c="3 23" t="1"/>
		<b id="24" c="4 24" t="1"/>
		<b id="25" c="4 25" t="1"/>
		<b id="26" c="4 26" t="1"/>
		<b id="27" c="8 27" t="1"/>
		<b id="28" c="9 28" t="1"/>
		<b id="29" c="10 29" t="1"/>
		<b id="30" c="10 30" t="1"/>
		<b id="31" c="11 31" t="1"/>
		<b id="32" c="11 32" t="1"/>
		<b id="33" c="12 33" t="1"/>
		<b id="34" c="12 34" t="1"/>
		<b id="35" c="13 35" t="1"/>
		<b id="36" c="15 36" t="1"/>
		<b id="37" c="15 37" t="1"/>
		<b id="38" c="17 38" t="1"/>
		<b id="39" c="17 39" t="1"/>
	</bonds>
	<geometry>
		<g u="A" t="cart/3d">#39,3:1.5580,-3.3068,-4.2513;1.5065,-1.8939,-3.6699;1.4315,-0.8472,-4.7811;0.3182,-1.7503,-2.7179;2.6607,-1.6571,-2.8292;3.9036,-1.7146,-3.3444;4.1976,-1.9329,-4.4953;4.8029,-1.4708,-2.3622;6.2310,-1.5784,-2.5573;6.8039,-2.7748,-1.7945;8.3065,-2.8800,-2.0330;9.0099,-1.5975,-1.6043;8.4423,-0.3892,-2.3501;9.0820,0.8929,-1.8302;9.3483,1.8148,-2.7850;9.3143,1.0947,-0.6604;6.9296,-0.2904,-2.1180;0.6460,-3.5090,-4.8059;1.6539,-4.0366,-3.4501;2.4087,-3.4045,-4.9197;0.5188,-0.9863,-5.3538;2.2856,-0.9462,-5.4449;1.4319,0.1529,-4.3528;-0.6104,-1.9168,-3.2555;0.3054,-0.7534,-2.2856;0.3973,-2.4749,-1.9117;4.4511,-1.3435,-1.4268;6.3696,-1.7282,-3.6336;6.3038,-3.6876,-2.1232;6.6108,-2.6448,-0.7270;8.4906,-3.0608,-3.0945;8.7110,-3.7258,-1.4746;10.0813,-1.6751,-1.8000;8.8798,-1.4343,-0.5334;8.6357,-0.4950,-3.4221;9.7400,2.7001,-2.5084;9.1409,1.6628,-3.7552;6.5174,0.5561,-2.6713;6.7482,-0.1218,-1.0541;</g>
	</geometry>
	<conformers/>
	<properties/>
</molecule>
