<?xml version="1.0" ?>
<!--MOLLI PACKAGE EXPERIMENTAL XML FORMAT-->
<molecule name="nuc1394">
	<atoms>
		<a id="1" s="N" t="N.pl3" l="N"/>
		<a id="2" s="C" t="C.ar" l="C"/>
		<a id="3" s="C" t="C.ar" l="C"/>
		<a id="4" s="C" t="C.ar" l="C"/>
		<a id="5" s="C" t="C.3" l="C"/>
		<a id="6" s="F" t="F" l="F"/>
		<a id="7" s="F" t="F" l="F"/>
		<a id="8" s="F" t="F" l="F"/>
		<a id="9" s="C" t="C.ar" l="C"/>
		<a id="10" s="C" t="C.ar" l="C"/>
		<a id="11" s="C" t="C.ar" l="C"/>
		<a id="12" s="C" t="C.ar" l="C"/>
		<a id="13" s="C" t="C.ar" l="C"/>
		<a id="14" s="N" t="N.ar" l="N"/>
		<a id="15" s="C" t="C.ar" l="C"/>
		<a id="16" s="C" t="C.ar" l="C"/>
		<a id="17" s="C" t="C.ar" l="C"/>
		<a id="18" s="C" t="C.ar" l="C"/>
		<a id="19" s="C" t="C.ar" l="C"/>
		<a id="20" s="N" t="N.ar" l="N"/>
		<a id="21" s="H" t="H" l="H"/>
		<a id="22" s="H" t="H" l="H"/>
		<a id="23" s="H" t="H" l="H"/>
		<a id="24" s="H" t="H" l="H"/>
		<a id="25" s="H" t="H" l="H"/>
		<a id="26" s="H" t="H" l="H"/>
		<a id="27" s="H" t="H" l="H"/>
		<a id="28" s="H" t="H" l="H"/>
		<a id="29" s="H" t="H" l="H"/>
		<a id="30" s="H" t="H" l="H"/>
	</atoms>
	<bonds>
		<b id="1" c="1 2" t="1"/>
		<b id="2" c="2 3" t="ar"/>
		<b id="3" c="3 4" t="ar"/>
		<b id="4" c="4 5" t="1"/>
		<b id="5" c="5 6" t="1"/>
		<b id="6" c="5 7" t="1"/>
		<b id="7" c="5 8" t="1"/>
		<b id="8" c="4 9" t="ar"/>
		<b id="9" c="9 10" t="ar"/>
		<b id="10" c="10 11" t="ar"/>
		<b id="11" c="2 11" t="ar"/>
		<b id="12" c="11 12" t="1"/>
		<b id="13" c="12 13" t="ar"/>
		<b id="14" c="13 14" t="ar"/>
		<b id="15" c="14 15" t="ar"/>
		<b id="16" c="15 16" t="ar"/>
		<b id="17" c="16 17" t="ar"/>
		<b id="18" c="17 18" t="ar"/>
		<b id="19" c="18 19" t="ar"/>
		<b id="20" c="19 20" t="ar"/>
		<b id="21" c="12 20" t="ar"/>
		<b id="22" c="15 20" t="ar"/>
		<b id="23" c="1 21" t="1"/>
		<b id="24" c="1 22" t="1"/>
		<b id="25" c="3 23" t="1"/>
		<b id="26" c="9 24" t="1"/>
		<b id="27" c="10 25" t="1"/>
		<b id="28" c="13 26" t="1"/>
		<b id="29" c="16 27" t="1"/>
		<b id="30" c="17 28" t="1"/>
		<b id="31" c="18 29" t="1"/>
		<b id="32" c="19 30" t="1"/>
	</bonds>
	<geometry>
		<g u="A" t="cart/3d">#30,3:2.3241,-0.0663,-0.2116;0.9621,-0.0611,-0.0912;0.2666,1.1484,-0.1070;-1.1057,1.1716,0.0678;-1.8563,2.4684,0.0292;-1.0633,3.5497,0.0392;-2.6205,2.5777,-1.0790;-2.6996,2.6074,1.0680;-1.8214,-0.0038,0.2598;-1.1393,-1.2049,0.2718;0.2394,-1.2600,0.0923;0.9314,-2.5413,0.1134;2.0666,-2.9435,0.8001;2.3457,-4.2376,0.5854;1.4109,-4.6791,-0.2379;1.2274,-5.9514,-0.7966;0.1829,-6.1566,-1.6524;-0.6859,-5.0931,-1.9793;-0.5076,-3.8617,-1.4298;0.5079,-3.6604,-0.5559;2.7608,0.7694,-0.5613;2.7669,-0.9388,-0.4523;0.8099,2.0695,-0.2530;-2.8893,0.0280,0.4047;-1.6850,-2.1194,0.4511;2.6680,-2.3555,1.4660;1.9242,-6.7289,-0.5322;0.0178,-7.1268,-2.0932;-1.4954,-5.2530,-2.6723;-1.1322,-3.0131,-1.6641;</g>
	</geometry>
	<conformers/>
	<properties/>
</molecule>
