<?xml version="1.0" ?>
<!--MOLLI PACKAGE EXPERIMENTAL XML FORMAT-->
<molecule name="nuc1397">
	<atoms>
		<a id="1" s="C" t="C.3" l="C"/>
		<a id="2" s="C" t="C.3" l="C"/>
		<a id="3" s="C" t="C.3" l="C"/>
		<a id="4" s="C" t="C.3" l="C"/>
		<a id="5" s="C" t="C.3" l="C"/>
		<a id="6" s="C" t="C.3" l="C"/>
		<a id="7" s="C" t="C.ar" l="C"/>
		<a id="8" s="C" t="C.ar" l="C"/>
		<a id="9" s="C" t="C.ar" l="C"/>
		<a id="10" s="C" t="C.ar" l="C"/>
		<a id="11" s="C" t="C.ar" l="C"/>
		<a id="12" s="N" t="N.pl3" l="N"/>
		<a id="13" s="C" t="C.ar" l="C"/>
		<a id="14" s="H" t="H" l="H"/>
		<a id="15" s="H" t="H" l="H"/>
		<a id="16" s="H" t="H" l="H"/>
		<a id="17" s="H" t="H" l="H"/>
		<a id="18" s="H" t="H" l="H"/>
		<a id="19" s="H" t="H" l="H"/>
		<a id="20" s="H" t="H" l="H"/>
		<a id="21" s="H" t="H" l="H"/>
		<a id="22" s="H" t="H" l="H"/>
		<a id="23" s="H" t="H" l="H"/>
		<a id="24" s="H" t="H" l="H"/>
		<a id="25" s="H" t="H" l="H"/>
		<a id="26" s="H" t="H" l="H"/>
		<a id="27" s="H" t="H" l="H"/>
		<a id="28" s="H" t="H" l="H"/>
		<a id="29" s="H" t="H" l="H"/>
		<a id="30" s="H" t="H" l="H"/>
		<a id="31" s="H" t="H" l="H"/>
		<a id="32" s="H" t="H" l="H"/>
	</atoms>
	<bonds>
		<b id="1" c="1 2" t="1"/>
		<b id="2" c="2 3" t="1"/>
		<b id="3" c="3 4" t="1"/>
		<b id="4" c="4 5" t="1"/>
		<b id="5" c="5 6" t="1"/>
		<b id="6" c="6 7" t="1"/>
		<b id="7" c="7 8" t="ar"/>
		<b id="8" c="8 9" t="ar"/>
		<b id="9" c="9 10" t="ar"/>
		<b id="10" c="10 11" t="ar"/>
		<b id="11" c="11 12" t="1"/>
		<b id="12" c="11 13" t="ar"/>
		<b id="13" c="7 13" t="ar"/>
		<b id="14" c="1 14" t="1"/>
		<b id="15" c="1 15" t="1"/>
		<b id="16" c="1 16" t="1"/>
		<b id="17" c="2 17" t="1"/>
		<b id="18" c="2 18" t="1"/>
		<b id="19" c="3 19" t="1"/>
		<b id="20" c="3 20" t="1"/>
		<b id="21" c="4 21" t="1"/>
		<b id="22" c="4 22" t="1"/>
		<b id="23" c="5 23" t="1"/>
		<b id="24" c="5 24" t="1"/>
		<b id="25" c="6 25" t="1"/>
		<b id="26" c="6 26" t="1"/>
		<b id="27" c="8 27" t="1"/>
		<b id="28" c="9 28" t="1"/>
		<b id="29" c="10 29" t="1"/>
		<b id="30" c="12 30" t="1"/>
		<b id="31" c="12 31" t="1"/>
		<b id="32" c="13 32" t="1"/>
	</bonds>
	<geometry>
		<g u="A" t="cart/3d">#32,3:1.0102,-0.0650,-0.1523;2.5329,-0.0161,-0.1142;3.0698,1.3086,-0.6508;4.5948,1.3726,-0.6196;5.1152,2.7031,-1.1560;6.6460,2.7820,-1.1326;7.1007,4.1114,-1.6628;7.2395,5.2006,-0.8112;7.6082,6.4347,-1.3166;7.8403,6.6004,-2.6675;7.7045,5.5189,-3.5373;7.8627,5.6880,-4.9005;7.3354,4.2800,-3.0171;0.6461,-1.0145,0.2332;0.6508,0.0521,-1.1725;0.5883,0.7355,0.4516;2.9375,-0.8376,-0.7099;2.8749,-0.1542,0.9141;2.6633,2.1291,-0.0546;2.7249,1.4465,-1.6784;5.0039,0.5547,-1.2181;4.9420,1.2348,0.4074;4.7094,3.5218,-0.5574;4.7685,2.8440,-2.1824;7.0567,1.9735,-1.7411;6.9963,2.6492,-0.1069;7.0620,5.0797,0.2473;7.7192,7.2779,-0.6501;8.1273,7.5656,-3.0603;8.4008,6.4899,-5.1870;8.0488,4.8524,-5.4315;7.2314,3.4384,-3.6888;</g>
	</geometry>
	<conformers/>
	<properties/>
</molecule>
