<?xml version="1.0" ?>
<!--MOLLI PACKAGE EXPERIMENTAL XML FORMAT-->
<molecule name="nuc1400">
	<atoms>
		<a id="1" s="N" t="N.3" l="N"/>
		<a id="2" s="C" t="C.3" l="C"/>
		<a id="3" s="C" t="C.ar" l="C"/>
		<a id="4" s="C" t="C.ar" l="C"/>
		<a id="5" s="C" t="C.ar" l="C"/>
		<a id="6" s="C" t="C.ar" l="C"/>
		<a id="7" s="F" t="F" l="F"/>
		<a id="8" s="C" t="C.ar" l="C"/>
		<a id="9" s="C" t="C.3" l="C"/>
		<a id="10" s="F" t="F" l="F"/>
		<a id="11" s="F" t="F" l="F"/>
		<a id="12" s="F" t="F" l="F"/>
		<a id="13" s="C" t="C.ar" l="C"/>
		<a id="14" s="H" t="H" l="H"/>
		<a id="15" s="H" t="H" l="H"/>
		<a id="16" s="H" t="H" l="H"/>
		<a id="17" s="H" t="H" l="H"/>
		<a id="18" s="H" t="H" l="H"/>
		<a id="19" s="H" t="H" l="H"/>
		<a id="20" s="H" t="H" l="H"/>
	</atoms>
	<bonds>
		<b id="1" c="1 2" t="1"/>
		<b id="2" c="2 3" t="1"/>
		<b id="3" c="3 4" t="ar"/>
		<b id="4" c="4 5" t="ar"/>
		<b id="5" c="5 6" t="ar"/>
		<b id="6" c="6 7" t="1"/>
		<b id="7" c="6 8" t="ar"/>
		<b id="8" c="8 9" t="1"/>
		<b id="9" c="9 10" t="1"/>
		<b id="10" c="9 11" t="1"/>
		<b id="11" c="9 12" t="1"/>
		<b id="12" c="8 13" t="ar"/>
		<b id="13" c="3 13" t="ar"/>
		<b id="14" c="1 14" t="1"/>
		<b id="15" c="1 15" t="1"/>
		<b id="16" c="2 16" t="1"/>
		<b id="17" c="2 17" t="1"/>
		<b id="18" c="4 18" t="1"/>
		<b id="19" c="5 19" t="1"/>
		<b id="20" c="13 20" t="1"/>
	</bonds>
	<geometry>
		<g u="A" t="cart/3d">#20,3:1.0733,0.0224,0.1098;2.5150,0.0061,0.2910;2.9923,-1.3744,0.6573;4.1279,-1.5589,1.4379;4.5663,-2.8292,1.7578;3.8638,-3.9318,1.3008;4.3098,-5.1521,1.6295;2.7235,-3.7722,0.5232;1.9087,-4.9185,-0.0112;2.3186,-6.1291,0.3633;0.6196,-4.8179,0.3697;1.8928,-4.9198,-1.3589;2.2996,-2.4871,0.2047;0.7643,0.9337,-0.2065;0.6032,-0.1834,0.9846;2.8761,0.7226,1.0487;2.9692,0.2852,-0.6674;4.6765,-0.7018,1.7998;5.4455,-2.9860,2.3621;1.4160,-2.3442,-0.3978;</g>
	</geometry>
	<conformers/>
	<properties/>
</molecule>
