<?xml version="1.0" ?>
<!--MOLLI PACKAGE EXPERIMENTAL XML FORMAT-->
<molecule name="nuc1401">
	<atoms>
		<a id="1" s="N" t="N.3" l="N"/>
		<a id="2" s="C" t="C.3" l="C"/>
		<a id="3" s="C" t="C.ar" l="C"/>
		<a id="4" s="C" t="C.ar" l="C"/>
		<a id="5" s="C" t="C.ar" l="C"/>
		<a id="6" s="C" t="C.ar" l="C"/>
		<a id="7" s="C" t="C.ar" l="C"/>
		<a id="8" s="C" t="C.ar" l="C"/>
		<a id="9" s="C" t="C.3" l="C"/>
		<a id="10" s="O" t="O.3" l="O"/>
		<a id="11" s="H" t="H" l="H"/>
		<a id="12" s="H" t="H" l="H"/>
		<a id="13" s="H" t="H" l="H"/>
		<a id="14" s="H" t="H" l="H"/>
		<a id="15" s="H" t="H" l="H"/>
		<a id="16" s="H" t="H" l="H"/>
		<a id="17" s="H" t="H" l="H"/>
		<a id="18" s="H" t="H" l="H"/>
		<a id="19" s="H" t="H" l="H"/>
		<a id="20" s="H" t="H" l="H"/>
		<a id="21" s="H" t="H" l="H"/>
	</atoms>
	<bonds>
		<b id="1" c="1 2" t="1"/>
		<b id="2" c="2 3" t="1"/>
		<b id="3" c="3 4" t="ar"/>
		<b id="4" c="4 5" t="ar"/>
		<b id="5" c="5 6" t="ar"/>
		<b id="6" c="6 7" t="ar"/>
		<b id="7" c="7 8" t="ar"/>
		<b id="8" c="3 8" t="ar"/>
		<b id="9" c="8 9" t="1"/>
		<b id="10" c="9 10" t="1"/>
		<b id="11" c="1 11" t="1"/>
		<b id="12" c="1 12" t="1"/>
		<b id="13" c="2 13" t="1"/>
		<b id="14" c="2 14" t="1"/>
		<b id="15" c="4 15" t="1"/>
		<b id="16" c="5 16" t="1"/>
		<b id="17" c="6 17" t="1"/>
		<b id="18" c="7 18" t="1"/>
		<b id="19" c="9 19" t="1"/>
		<b id="20" c="9 20" t="1"/>
		<b id="21" c="10 21" t="1"/>
	</bonds>
	<geometry>
		<g u="A" t="cart/3d">#21,3:3.3504,-0.6767,0.8606;2.3569,0.0986,0.1131;2.9170,0.6170,-1.1899;2.7903,1.9810,-1.4404;3.2617,2.5591,-2.6019;3.8837,1.7636,-3.5478;4.0123,0.4096,-3.3139;3.5376,-0.1889,-2.1483;3.7968,-1.6787,-2.0245;2.9476,-2.4222,-1.2024;2.9863,-0.9222,1.7753;4.1917,-0.1258,0.9962;1.9795,0.9556,0.6920;1.5084,-0.5634,-0.0909;2.3052,2.6046,-0.7019;3.1458,3.6200,-2.7659;4.2616,2.1945,-4.4629;4.4949,-0.2124,-4.0547;4.8465,-1.8013,-1.7017;3.7074,-2.1244,-3.0205;3.0809,-2.0934,-0.2940;</g>
	</geometry>
	<conformers/>
	<properties/>
</molecule>
