<?xml version="1.0" ?>
<!--MOLLI PACKAGE EXPERIMENTAL XML FORMAT-->
<molecule name="nuc1409">
	<atoms>
		<a id="1" s="C" t="C.3" l="C"/>
		<a id="2" s="C" t="C.3" l="C"/>
		<a id="3" s="C" t="C.3" l="C"/>
		<a id="4" s="C" t="C.3" l="C"/>
		<a id="5" s="N" t="N.3" l="N"/>
		<a id="6" s="C" t="C.3" l="C"/>
		<a id="7" s="C" t="C.2" l="C"/>
		<a id="8" s="O" t="O.2" l="O"/>
		<a id="9" s="O" t="O.3" l="O"/>
		<a id="10" s="C" t="C.3" l="C"/>
		<a id="11" s="H" t="H" l="H"/>
		<a id="12" s="H" t="H" l="H"/>
		<a id="13" s="H" t="H" l="H"/>
		<a id="14" s="H" t="H" l="H"/>
		<a id="15" s="H" t="H" l="H"/>
		<a id="16" s="H" t="H" l="H"/>
		<a id="17" s="H" t="H" l="H"/>
		<a id="18" s="H" t="H" l="H"/>
		<a id="19" s="H" t="H" l="H"/>
		<a id="20" s="H" t="H" l="H"/>
		<a id="21" s="H" t="H" l="H"/>
		<a id="22" s="H" t="H" l="H"/>
		<a id="23" s="H" t="H" l="H"/>
		<a id="24" s="H" t="H" l="H"/>
		<a id="25" s="H" t="H" l="H"/>
	</atoms>
	<bonds>
		<b id="1" c="1 2" t="1"/>
		<b id="2" c="2 3" t="1"/>
		<b id="3" c="4 6" t="1"/>
		<b id="4" c="6 7" t="1"/>
		<b id="5" c="7 8" t="2"/>
		<b id="6" c="7 9" t="1"/>
		<b id="7" c="9 10" t="1"/>
		<b id="8" c="4 5" t="1"/>
		<b id="9" c="4 3" t="1"/>
		<b id="10" c="1 11" t="1"/>
		<b id="11" c="1 12" t="1"/>
		<b id="12" c="1 13" t="1"/>
		<b id="13" c="2 14" t="1"/>
		<b id="14" c="2 15" t="1"/>
		<b id="15" c="3 16" t="1"/>
		<b id="16" c="3 17" t="1"/>
		<b id="17" c="4 18" t="1"/>
		<b id="18" c="5 19" t="1"/>
		<b id="19" c="5 20" t="1"/>
		<b id="20" c="6 21" t="1"/>
		<b id="21" c="6 22" t="1"/>
		<b id="22" c="10 23" t="1"/>
		<b id="23" c="10 24" t="1"/>
		<b id="24" c="10 25" t="1"/>
	</bonds>
	<geometry>
		<g u="A" t="cart/3d">#25,3:6.6850,2.3469,-1.6017;6.4629,1.6060,-0.2883;4.9858,1.5903,0.0951;4.6768,0.7875,1.3638;3.2643,0.4766,1.3818;5.1545,1.5538,2.6319;4.9705,0.6765,3.8380;3.9067,0.3358,4.2927;6.1456,0.2689,4.3329;6.0883,-0.6156,5.4433;7.7390,2.3448,-1.8690;6.3546,3.3799,-1.5180;6.1257,1.8737,-2.4053;7.0504,2.0881,0.4954;6.8195,0.5787,-0.3867;4.4138,1.1357,-0.7159;4.6284,2.6152,0.2209;5.2150,-0.1678,1.3187;2.7191,1.3330,1.3668;3.0192,-0.0190,2.2334;4.5463,2.4533,2.7455;6.2048,1.8224,2.5430;7.1143,-0.7620,5.7705;5.6418,-1.5667,5.1463;5.4865,-0.1803,6.2436;</g>
	</geometry>
	<conformers/>
	<properties/>
</molecule>
