<?xml version="1.0" ?>
<!--MOLLI PACKAGE EXPERIMENTAL XML FORMAT-->
<molecule name="nuc1411">
	<atoms>
		<a id="1" s="N" t="N.am" l="N"/>
		<a id="2" s="C" t="C.2" l="C"/>
		<a id="3" s="O" t="O.2" l="O"/>
		<a id="4" s="C" t="C.3" l="C"/>
		<a id="5" s="C" t="C.3" l="C"/>
		<a id="6" s="C" t="C.3" l="C"/>
		<a id="7" s="C" t="C.3" l="C"/>
		<a id="8" s="C" t="C.3" l="C"/>
		<a id="9" s="C" t="C.3" l="C"/>
		<a id="10" s="O" t="O.3" l="O"/>
		<a id="11" s="C" t="C.3" l="C"/>
		<a id="12" s="C" t="C.ar" l="C"/>
		<a id="13" s="C" t="C.ar" l="C"/>
		<a id="14" s="C" t="C.ar" l="C"/>
		<a id="15" s="C" t="C.ar" l="C"/>
		<a id="16" s="C" t="C.ar" l="C"/>
		<a id="17" s="C" t="C.ar" l="C"/>
		<a id="18" s="H" t="H" l="H"/>
		<a id="19" s="H" t="H" l="H"/>
		<a id="20" s="H" t="H" l="H"/>
		<a id="21" s="H" t="H" l="H"/>
		<a id="22" s="H" t="H" l="H"/>
		<a id="23" s="H" t="H" l="H"/>
		<a id="24" s="H" t="H" l="H"/>
		<a id="25" s="H" t="H" l="H"/>
		<a id="26" s="H" t="H" l="H"/>
		<a id="27" s="H" t="H" l="H"/>
		<a id="28" s="H" t="H" l="H"/>
		<a id="29" s="H" t="H" l="H"/>
		<a id="30" s="H" t="H" l="H"/>
		<a id="31" s="H" t="H" l="H"/>
		<a id="32" s="H" t="H" l="H"/>
		<a id="33" s="H" t="H" l="H"/>
		<a id="34" s="H" t="H" l="H"/>
		<a id="35" s="H" t="H" l="H"/>
		<a id="36" s="H" t="H" l="H"/>
		<a id="37" s="H" t="H" l="H"/>
		<a id="38" s="H" t="H" l="H"/>
	</atoms>
	<bonds>
		<b id="1" c="1 2" t="am"/>
		<b id="2" c="2 3" t="2"/>
		<b id="3" c="2 4" t="1"/>
		<b id="4" c="4 5" t="1"/>
		<b id="5" c="5 6" t="1"/>
		<b id="6" c="6 7" t="1"/>
		<b id="7" c="7 8" t="1"/>
		<b id="8" c="8 9" t="1"/>
		<b id="9" c="9 10" t="1"/>
		<b id="10" c="10 11" t="1"/>
		<b id="11" c="11 12" t="1"/>
		<b id="12" c="12 13" t="ar"/>
		<b id="13" c="13 14" t="ar"/>
		<b id="14" c="14 15" t="ar"/>
		<b id="15" c="15 16" t="ar"/>
		<b id="16" c="16 17" t="ar"/>
		<b id="17" c="12 17" t="ar"/>
		<b id="18" c="1 18" t="1"/>
		<b id="19" c="1 19" t="1"/>
		<b id="20" c="4 20" t="1"/>
		<b id="21" c="4 21" t="1"/>
		<b id="22" c="5 22" t="1"/>
		<b id="23" c="5 23" t="1"/>
		<b id="24" c="6 24" t="1"/>
		<b id="25" c="6 25" t="1"/>
		<b id="26" c="7 26" t="1"/>
		<b id="27" c="7 27" t="1"/>
		<b id="28" c="8 28" t="1"/>
		<b id="29" c="8 29" t="1"/>
		<b id="30" c="9 30" t="1"/>
		<b id="31" c="9 31" t="1"/>
		<b id="32" c="11 32" t="1"/>
		<b id="33" c="11 33" t="1"/>
		<b id="34" c="13 34" t="1"/>
		<b id="35" c="14 35" t="1"/>
		<b id="36" c="15 36" t="1"/>
		<b id="37" c="16 37" t="1"/>
		<b id="38" c="17 38" t="1"/>
	</bonds>
	<geometry>
		<g u="A" t="cart/3d">#38,3:0.9945,-0.1644,0.1345;2.3363,-0.0376,-0.0244;2.8170,0.7867,-0.7654;3.1423,-1.0220,0.8071;4.6413,-0.7687,0.6810;5.4613,-1.7622,1.4984;6.9591,-1.4929,1.3775;7.7838,-2.4651,2.2158;9.2765,-2.1785,2.1068;9.9749,-3.0821,2.9292;11.3649,-2.8635,2.9298;12.0508,-3.8455,3.8404;11.5400,-5.1252,4.0075;12.1828,-6.0321,4.8312;13.3458,-5.6718,5.4900;13.8613,-4.3976,5.3251;13.2153,-3.4880,4.5069;0.3853,0.4432,-0.3872;0.5861,-0.8508,0.7422;2.9025,-2.0330,0.4672;2.8306,-0.9371,1.8509;4.8557,0.2487,1.0121;4.9215,-0.8310,-0.3714;5.2489,-2.7785,1.1581;5.1688,-1.6978,2.5492;7.1670,-0.4705,1.7011;7.2568,-1.5731,0.3298;7.6007,-3.4909,1.8919;7.4964,-2.3929,3.2660;9.4863,-1.1430,2.4225;9.6110,-2.2824,1.0610;11.5864,-1.8324,3.2518;11.7618,-2.9777,1.9033;10.6298,-5.3943,3.4952;11.7756,-7.0246,4.9582;13.8483,-6.3803,6.1321;14.7665,-4.1090,5.8393;13.6183,-2.4924,4.3844;</g>
	</geometry>
	<conformers/>
	<properties/>
</molecule>
