<?xml version="1.0" ?>
<!--MOLLI PACKAGE EXPERIMENTAL XML FORMAT-->
<molecule name="nuc1412">
	<atoms>
		<a id="1" s="C" t="C.3" l="C"/>
		<a id="2" s="O" t="O.3" l="O"/>
		<a id="3" s="C" t="C.2" l="C"/>
		<a id="4" s="O" t="O.2" l="O"/>
		<a id="5" s="C" t="C.3" l="C"/>
		<a id="6" s="C" t="C.3" l="C"/>
		<a id="7" s="C" t="C.3" l="C"/>
		<a id="8" s="C" t="C.3" l="C"/>
		<a id="9" s="C" t="C.2" l="C"/>
		<a id="10" s="N" t="N.am" l="N"/>
		<a id="11" s="O" t="O.2" l="O"/>
		<a id="12" s="H" t="H" l="H"/>
		<a id="13" s="H" t="H" l="H"/>
		<a id="14" s="H" t="H" l="H"/>
		<a id="15" s="H" t="H" l="H"/>
		<a id="16" s="H" t="H" l="H"/>
		<a id="17" s="H" t="H" l="H"/>
		<a id="18" s="H" t="H" l="H"/>
		<a id="19" s="H" t="H" l="H"/>
		<a id="20" s="H" t="H" l="H"/>
		<a id="21" s="H" t="H" l="H"/>
		<a id="22" s="H" t="H" l="H"/>
		<a id="23" s="H" t="H" l="H"/>
		<a id="24" s="H" t="H" l="H"/>
	</atoms>
	<bonds>
		<b id="1" c="1 2" t="1"/>
		<b id="2" c="2 3" t="1"/>
		<b id="3" c="3 4" t="2"/>
		<b id="4" c="3 5" t="1"/>
		<b id="5" c="5 6" t="1"/>
		<b id="6" c="6 7" t="1"/>
		<b id="7" c="7 8" t="1"/>
		<b id="8" c="8 9" t="1"/>
		<b id="9" c="9 10" t="am"/>
		<b id="10" c="9 11" t="2"/>
		<b id="11" c="1 12" t="1"/>
		<b id="12" c="1 13" t="1"/>
		<b id="13" c="1 14" t="1"/>
		<b id="14" c="5 15" t="1"/>
		<b id="15" c="5 16" t="1"/>
		<b id="16" c="6 17" t="1"/>
		<b id="17" c="6 18" t="1"/>
		<b id="18" c="7 19" t="1"/>
		<b id="19" c="7 20" t="1"/>
		<b id="20" c="8 21" t="1"/>
		<b id="21" c="8 22" t="1"/>
		<b id="22" c="10 23" t="1"/>
		<b id="23" c="10 24" t="1"/>
	</bonds>
	<geometry>
		<g u="A" t="cart/3d">#24,3:1.1746,-0.4590,0.4963;2.5924,-0.5263,0.4274;3.1045,-1.2411,-0.5843;2.4290,-1.8146,-1.3968;4.6141,-1.2119,-0.5552;5.2094,-2.4769,-1.1691;6.7327,-2.4238,-1.2026;7.3293,-3.7023,-1.7826;8.8491,-3.6737,-1.7531;9.4212,-4.7988,-2.2499;9.5069,-2.7522,-1.3312;0.9407,0.1438,1.3696;0.7531,-1.4613,0.5966;0.7719,0.0015,-0.4080;4.9433,-1.0735,0.4748;4.9349,-0.3376,-1.1281;4.8140,-2.5955,-2.1795;4.8850,-3.3420,-0.5862;7.1228,-2.2812,-0.1933;7.0655,-1.5744,-1.8011;7.0026,-3.8365,-2.8166;6.9898,-4.5687,-1.2093;8.8801,-5.5665,-2.6037;10.4250,-4.8659,-2.2683;</g>
	</geometry>
	<conformers/>
	<properties/>
</molecule>
