<?xml version="1.0" ?>
<!--MOLLI PACKAGE EXPERIMENTAL XML FORMAT-->
<molecule name="nuc1413">
	<atoms>
		<a id="1" s="C" t="C.3" l="C"/>
		<a id="2" s="C" t="C.3" l="C"/>
		<a id="3" s="C" t="C.3" l="C"/>
		<a id="4" s="C" t="C.3" l="C"/>
		<a id="5" s="C" t="C.3" l="C"/>
		<a id="6" s="C" t="C.3" l="C"/>
		<a id="7" s="C" t="C.3" l="C"/>
		<a id="8" s="C" t="C.3" l="C"/>
		<a id="9" s="C" t="C.3" l="C"/>
		<a id="10" s="C" t="C.3" l="C"/>
		<a id="11" s="C" t="C.3" l="C"/>
		<a id="12" s="C" t="C.2" l="C"/>
		<a id="13" s="N" t="N.am" l="N"/>
		<a id="14" s="O" t="O.2" l="O"/>
		<a id="15" s="H" t="H" l="H"/>
		<a id="16" s="H" t="H" l="H"/>
		<a id="17" s="H" t="H" l="H"/>
		<a id="18" s="H" t="H" l="H"/>
		<a id="19" s="H" t="H" l="H"/>
		<a id="20" s="H" t="H" l="H"/>
		<a id="21" s="H" t="H" l="H"/>
		<a id="22" s="H" t="H" l="H"/>
		<a id="23" s="H" t="H" l="H"/>
		<a id="24" s="H" t="H" l="H"/>
		<a id="25" s="H" t="H" l="H"/>
		<a id="26" s="H" t="H" l="H"/>
		<a id="27" s="H" t="H" l="H"/>
		<a id="28" s="H" t="H" l="H"/>
		<a id="29" s="H" t="H" l="H"/>
		<a id="30" s="H" t="H" l="H"/>
		<a id="31" s="H" t="H" l="H"/>
		<a id="32" s="H" t="H" l="H"/>
		<a id="33" s="H" t="H" l="H"/>
		<a id="34" s="H" t="H" l="H"/>
		<a id="35" s="H" t="H" l="H"/>
		<a id="36" s="H" t="H" l="H"/>
		<a id="37" s="H" t="H" l="H"/>
		<a id="38" s="H" t="H" l="H"/>
		<a id="39" s="H" t="H" l="H"/>
	</atoms>
	<bonds>
		<b id="1" c="1 2" t="1"/>
		<b id="2" c="2 3" t="1"/>
		<b id="3" c="3 4" t="1"/>
		<b id="4" c="4 5" t="1"/>
		<b id="5" c="5 6" t="1"/>
		<b id="6" c="6 7" t="1"/>
		<b id="7" c="7 8" t="1"/>
		<b id="8" c="8 9" t="1"/>
		<b id="9" c="9 10" t="1"/>
		<b id="10" c="10 11" t="1"/>
		<b id="11" c="11 12" t="1"/>
		<b id="12" c="12 13" t="am"/>
		<b id="13" c="12 14" t="2"/>
		<b id="14" c="1 15" t="1"/>
		<b id="15" c="1 16" t="1"/>
		<b id="16" c="1 17" t="1"/>
		<b id="17" c="2 18" t="1"/>
		<b id="18" c="2 19" t="1"/>
		<b id="19" c="3 20" t="1"/>
		<b id="20" c="3 21" t="1"/>
		<b id="21" c="4 22" t="1"/>
		<b id="22" c="4 23" t="1"/>
		<b id="23" c="5 24" t="1"/>
		<b id="24" c="5 25" t="1"/>
		<b id="25" c="6 26" t="1"/>
		<b id="26" c="6 27" t="1"/>
		<b id="27" c="7 28" t="1"/>
		<b id="28" c="7 29" t="1"/>
		<b id="29" c="8 30" t="1"/>
		<b id="30" c="8 31" t="1"/>
		<b id="31" c="9 32" t="1"/>
		<b id="32" c="9 33" t="1"/>
		<b id="33" c="10 34" t="1"/>
		<b id="34" c="10 35" t="1"/>
		<b id="35" c="11 36" t="1"/>
		<b id="36" c="11 37" t="1"/>
		<b id="37" c="13 38" t="1"/>
		<b id="38" c="13 39" t="1"/>
	</bonds>
	<geometry>
		<g u="A" t="cart/3d">#39,3:0.9535,-0.0539,0.0182;2.4770,-0.0576,-0.0068;3.0215,-0.3003,-1.4123;4.5477,-0.3053,-1.4476;5.0876,-0.5477,-2.8551;6.6138,-0.5538,-2.8926;7.1546,-0.7969,-4.2996;8.6810,-0.8022,-4.3305;9.2329,-1.0450,-5.7332;10.7587,-1.0469,-5.7437;11.3266,-1.2885,-7.1388;12.8464,-1.2872,-7.1308;13.3966,-1.4988,-8.3534;13.5260,-1.1168,-6.1464;0.5862,0.1203,1.0270;0.5641,-1.0088,-0.3286;0.5633,0.7287,-0.6290;2.8491,-0.8361,0.6633;2.8483,0.9010,0.3629;2.6479,0.4780,-2.0822;2.6493,-1.2590,-1.7817;4.9220,-1.0837,-0.7784;4.9207,0.6530,-1.0781;4.7133,0.2312,-3.5238;4.7138,-1.5059,-3.2243;6.9880,-1.3322,-2.2235;6.9875,0.4043,-2.5237;6.7813,-0.0182,-4.9692;6.7814,-1.7553,-4.6690;9.0524,-1.5800,-3.6596;9.0523,0.1558,-3.9600;8.8640,-0.2665,-6.4060;8.8639,-2.0044,-6.1051;11.1320,-1.8219,-5.0724;11.1321,-0.0914,-5.3720;10.9833,-0.5108,-7.8260;10.9833,-2.2519,-7.5246;12.8399,-1.6413,-9.1764;14.3989,-1.5138,-8.4398;</g>
	</geometry>
	<conformers/>
	<properties/>
</molecule>
