<?xml version="1.0" ?>
<!--MOLLI PACKAGE EXPERIMENTAL XML FORMAT-->
<molecule name="nuc1026">
	<atoms>
		<a id="1" s="C" t="C.3" l="C"/>
		<a id="2" s="C" t="C.3" l="C"/>
		<a id="3" s="C" t="C.3" l="C"/>
		<a id="4" s="C" t="C.3" l="C"/>
		<a id="5" s="C" t="C.ar" l="C"/>
		<a id="6" s="C" t="C.ar" l="C"/>
		<a id="7" s="C" t="C.ar" l="C"/>
		<a id="8" s="N" t="N.pl3" l="N"/>
		<a id="9" s="C" t="C.ar" l="C"/>
		<a id="10" s="N" t="N.ar" l="N"/>
		<a id="11" s="C" t="C.ar" l="C"/>
		<a id="12" s="C" t="C.ar" l="C"/>
		<a id="13" s="C" t="C.ar" l="C"/>
		<a id="14" s="C" t="C.ar" l="C"/>
		<a id="15" s="C" t="C.ar" l="C"/>
		<a id="16" s="C" t="C.ar" l="C"/>
		<a id="17" s="C" t="C.ar" l="C"/>
		<a id="18" s="C" t="C.ar" l="C"/>
		<a id="19" s="C" t="C.ar" l="C"/>
		<a id="20" s="H" t="H" l="H"/>
		<a id="21" s="H" t="H" l="H"/>
		<a id="22" s="H" t="H" l="H"/>
		<a id="23" s="H" t="H" l="H"/>
		<a id="24" s="H" t="H" l="H"/>
		<a id="25" s="H" t="H" l="H"/>
		<a id="26" s="H" t="H" l="H"/>
		<a id="27" s="H" t="H" l="H"/>
		<a id="28" s="H" t="H" l="H"/>
		<a id="29" s="H" t="H" l="H"/>
		<a id="30" s="H" t="H" l="H"/>
		<a id="31" s="H" t="H" l="H"/>
		<a id="32" s="H" t="H" l="H"/>
		<a id="33" s="H" t="H" l="H"/>
		<a id="34" s="H" t="H" l="H"/>
		<a id="35" s="H" t="H" l="H"/>
		<a id="36" s="H" t="H" l="H"/>
		<a id="37" s="H" t="H" l="H"/>
	</atoms>
	<bonds>
		<b id="1" c="1 2" t="1"/>
		<b id="2" c="2 3" t="1"/>
		<b id="3" c="2 4" t="1"/>
		<b id="4" c="2 5" t="1"/>
		<b id="5" c="5 6" t="ar"/>
		<b id="6" c="6 7" t="ar"/>
		<b id="7" c="7 8" t="1"/>
		<b id="8" c="7 9" t="ar"/>
		<b id="9" c="9 10" t="ar"/>
		<b id="10" c="10 11" t="ar"/>
		<b id="11" c="11 12" t="ar"/>
		<b id="12" c="12 13" t="ar"/>
		<b id="13" c="13 14" t="ar"/>
		<b id="14" c="14 15" t="ar"/>
		<b id="15" c="15 16" t="ar"/>
		<b id="16" c="16 17" t="ar"/>
		<b id="17" c="12 17" t="ar"/>
		<b id="18" c="17 18" t="ar"/>
		<b id="19" c="9 18" t="ar"/>
		<b id="20" c="18 19" t="ar"/>
		<b id="21" c="5 19" t="ar"/>
		<b id="22" c="1 20" t="1"/>
		<b id="23" c="1 21" t="1"/>
		<b id="24" c="1 22" t="1"/>
		<b id="25" c="3 23" t="1"/>
		<b id="26" c="3 24" t="1"/>
		<b id="27" c="3 25" t="1"/>
		<b id="28" c="4 26" t="1"/>
		<b id="29" c="4 27" t="1"/>
		<b id="30" c="4 28" t="1"/>
		<b id="31" c="6 29" t="1"/>
		<b id="32" c="8 30" t="1"/>
		<b id="33" c="8 31" t="1"/>
		<b id="34" c="11 32" t="1"/>
		<b id="35" c="13 33" t="1"/>
		<b id="36" c="14 34" t="1"/>
		<b id="37" c="15 35" t="1"/>
		<b id="38" c="16 36" t="1"/>
		<b id="39" c="19 37" t="1"/>
	</bonds>
	<geometry>
		<g u="A" t="cart/3d">#37,3:3.2368,-0.0963,1.2527;2.4343,0.0109,-0.0518;0.9328,-0.0936,0.2503;2.6947,1.3914,-0.6613;2.8471,-1.1290,-0.9718;2.5882,-2.4426,-0.5702;2.9332,-3.5262,-1.3558;2.6049,-4.8110,-1.0192;3.5997,-3.3032,-2.5892;3.9601,-4.4047,-3.3009;4.5713,-4.2452,-4.4266;4.9045,-2.9776,-4.9852;5.5723,-2.8705,-6.2150;5.8962,-1.6399,-6.7241;5.5584,-0.4855,-6.0137;4.9030,-0.5683,-4.8102;4.5567,-1.8128,-4.2608;3.8735,-1.9808,-3.0026;3.4807,-0.9167,-2.1804;2.9645,0.7113,1.9291;4.3026,-0.0285,1.0441;3.0483,-1.0413,1.7547;0.6191,0.7392,0.8764;0.6924,-1.0160,0.7706;0.3612,-0.0653,-0.6749;2.3565,2.1615,0.0294;2.1497,1.5140,-1.5946;3.7555,1.5486,-0.8420;2.1002,-2.6385,0.3731;2.4394,-5.0228,-0.0504;3.0653,-5.5139,-1.5764;4.8443,-5.1482,-4.9611;5.8258,-3.7751,-6.7496;6.4115,-1.5561,-7.6698;5.8178,0.4822,-6.4187;4.6548,0.3405,-4.2847;3.6876,0.0862,-2.5077;</g>
	</geometry>
	<conformers/>
	<properties/>
</molecule>
