<?xml version="1.0" ?>
<!--MOLLI PACKAGE EXPERIMENTAL XML FORMAT-->
<molecule name="nuc1419">
	<atoms>
		<a id="1" s="C" t="C.2" l="C"/>
		<a id="2" s="C" t="C.2" l="C"/>
		<a id="3" s="C" t="C.3" l="C"/>
		<a id="4" s="C" t="C.3" l="C"/>
		<a id="5" s="O" t="O.3" l="O"/>
		<a id="6" s="N" t="N.3" l="N"/>
		<a id="7" s="C" t="C.ar" l="C"/>
		<a id="8" s="C" t="C.ar" l="C"/>
		<a id="9" s="C" t="C.ar" l="C"/>
		<a id="10" s="C" t="C.ar" l="C"/>
		<a id="11" s="O" t="O.3" l="O"/>
		<a id="12" s="C" t="C.3" l="C"/>
		<a id="13" s="C" t="C.ar" l="C"/>
		<a id="14" s="C" t="C.ar" l="C"/>
		<a id="15" s="H" t="H" l="H"/>
		<a id="16" s="H" t="H" l="H"/>
		<a id="17" s="H" t="H" l="H"/>
		<a id="18" s="H" t="H" l="H"/>
		<a id="19" s="H" t="H" l="H"/>
		<a id="20" s="H" t="H" l="H"/>
		<a id="21" s="H" t="H" l="H"/>
		<a id="22" s="H" t="H" l="H"/>
		<a id="23" s="H" t="H" l="H"/>
		<a id="24" s="H" t="H" l="H"/>
		<a id="25" s="H" t="H" l="H"/>
		<a id="26" s="H" t="H" l="H"/>
		<a id="27" s="H" t="H" l="H"/>
		<a id="28" s="H" t="H" l="H"/>
		<a id="29" s="H" t="H" l="H"/>
	</atoms>
	<bonds>
		<b id="1" c="1 2" t="2"/>
		<b id="2" c="2 3" t="1"/>
		<b id="3" c="3 4" t="1"/>
		<b id="4" c="4 5" t="1"/>
		<b id="5" c="5 6" t="1"/>
		<b id="6" c="4 7" t="1"/>
		<b id="7" c="7 8" t="ar"/>
		<b id="8" c="8 9" t="ar"/>
		<b id="9" c="9 10" t="ar"/>
		<b id="10" c="10 11" t="1"/>
		<b id="11" c="11 12" t="1"/>
		<b id="12" c="10 13" t="ar"/>
		<b id="13" c="13 14" t="ar"/>
		<b id="14" c="7 14" t="ar"/>
		<b id="15" c="1 15" t="1"/>
		<b id="16" c="1 16" t="1"/>
		<b id="17" c="2 17" t="1"/>
		<b id="18" c="3 18" t="1"/>
		<b id="19" c="3 19" t="1"/>
		<b id="20" c="4 20" t="1"/>
		<b id="21" c="6 21" t="1"/>
		<b id="22" c="6 22" t="1"/>
		<b id="23" c="8 23" t="1"/>
		<b id="24" c="9 24" t="1"/>
		<b id="25" c="12 25" t="1"/>
		<b id="26" c="12 26" t="1"/>
		<b id="27" c="12 27" t="1"/>
		<b id="28" c="13 28" t="1"/>
		<b id="29" c="14 29" t="1"/>
	</bonds>
	<geometry>
		<g u="A" t="cart/3d">#29,3:4.7921,2.0721,1.3713;4.2113,1.5824,0.2924;4.9387,0.9568,-0.8521;4.4201,-0.4662,-1.1286;3.0792,-0.4602,-1.6126;2.9482,0.2544,-2.8467;5.3456,-1.2403,-2.0390;5.7610,-0.7233,-3.2573;6.5785,-1.4513,-4.1058;7.0027,-2.7234,-3.7418;7.8056,-3.5277,-4.4946;8.2514,-3.0536,-5.7410;6.5900,-3.2482,-2.5165;5.7717,-2.5165,-1.6836;4.2269,2.5112,2.1757;5.8634,2.0611,1.4917;3.1340,1.5998,0.1935;6.0091,0.9099,-0.6489;4.7738,1.5493,-1.7549;4.3123,-1.0055,-0.1805;2.1225,0.8373,-2.7267;2.7417,-0.4438,-3.5604;5.4338,0.2581,-3.5624;6.8755,-1.0129,-5.0457;8.8672,-3.8497,-6.1565;8.8567,-2.1473,-5.6344;7.4148,-2.8538,-6.4189;6.9236,-4.2370,-2.2439;5.4570,-2.9412,-0.7414;</g>
	</geometry>
	<conformers/>
	<properties/>
</molecule>
