<?xml version="1.0" ?>
<!--MOLLI PACKAGE EXPERIMENTAL XML FORMAT-->
<molecule name="nuc1420">
	<atoms>
		<a id="1" s="C" t="C.3" l="C"/>
		<a id="2" s="N" t="N.3" l="N"/>
		<a id="3" s="C" t="C.3" l="C"/>
		<a id="4" s="C" t="C.3" l="C"/>
		<a id="5" s="C" t="C.3" l="C"/>
		<a id="6" s="C" t="C.3" l="C"/>
		<a id="7" s="C" t="C.3" l="C"/>
		<a id="8" s="C" t="C.3" l="C"/>
		<a id="9" s="N" t="N.pl3" l="N"/>
		<a id="10" s="C" t="C.ar" l="C"/>
		<a id="11" s="N" t="N.ar" l="N"/>
		<a id="12" s="C" t="C.ar" l="C"/>
		<a id="13" s="N" t="N.pl3" l="N"/>
		<a id="14" s="N" t="N.ar" l="N"/>
		<a id="15" s="C" t="C.ar" l="C"/>
		<a id="16" s="C" t="C.ar" l="C"/>
		<a id="17" s="C" t="C.3" l="C"/>
		<a id="18" s="F" t="F" l="F"/>
		<a id="19" s="F" t="F" l="F"/>
		<a id="20" s="F" t="F" l="F"/>
		<a id="21" s="H" t="H" l="H"/>
		<a id="22" s="H" t="H" l="H"/>
		<a id="23" s="H" t="H" l="H"/>
		<a id="24" s="H" t="H" l="H"/>
		<a id="25" s="H" t="H" l="H"/>
		<a id="26" s="H" t="H" l="H"/>
		<a id="27" s="H" t="H" l="H"/>
		<a id="28" s="H" t="H" l="H"/>
		<a id="29" s="H" t="H" l="H"/>
		<a id="30" s="H" t="H" l="H"/>
		<a id="31" s="H" t="H" l="H"/>
		<a id="32" s="H" t="H" l="H"/>
		<a id="33" s="H" t="H" l="H"/>
		<a id="34" s="H" t="H" l="H"/>
		<a id="35" s="H" t="H" l="H"/>
		<a id="36" s="H" t="H" l="H"/>
		<a id="37" s="H" t="H" l="H"/>
		<a id="38" s="H" t="H" l="H"/>
	</atoms>
	<bonds>
		<b id="1" c="1 2" t="1"/>
		<b id="2" c="2 3" t="1"/>
		<b id="3" c="2 4" t="1"/>
		<b id="4" c="4 5" t="1"/>
		<b id="5" c="5 6" t="1"/>
		<b id="6" c="6 7" t="1"/>
		<b id="7" c="7 8" t="1"/>
		<b id="8" c="4 8" t="1"/>
		<b id="9" c="9 10" t="1"/>
		<b id="10" c="10 11" t="ar"/>
		<b id="11" c="11 12" t="ar"/>
		<b id="12" c="12 13" t="1"/>
		<b id="13" c="12 14" t="ar"/>
		<b id="14" c="14 15" t="ar"/>
		<b id="15" c="15 16" t="ar"/>
		<b id="16" c="10 16" t="ar"/>
		<b id="17" c="16 17" t="1"/>
		<b id="18" c="17 18" t="1"/>
		<b id="19" c="17 19" t="1"/>
		<b id="20" c="17 20" t="1"/>
		<b id="21" c="8 9" t="1"/>
		<b id="22" c="1 21" t="1"/>
		<b id="23" c="1 22" t="1"/>
		<b id="24" c="1 23" t="1"/>
		<b id="25" c="3 24" t="1"/>
		<b id="26" c="3 25" t="1"/>
		<b id="27" c="3 26" t="1"/>
		<b id="28" c="4 27" t="1"/>
		<b id="29" c="5 28" t="1"/>
		<b id="30" c="5 29" t="1"/>
		<b id="31" c="6 30" t="1"/>
		<b id="32" c="6 31" t="1"/>
		<b id="33" c="7 32" t="1"/>
		<b id="34" c="7 33" t="1"/>
		<b id="35" c="8 34" t="1"/>
		<b id="36" c="9 35" t="1"/>
		<b id="37" c="13 36" t="1"/>
		<b id="38" c="13 37" t="1"/>
		<b id="39" c="15 38" t="1"/>
	</bonds>
	<geometry>
		<g u="A" t="cart/3d">#38,3:0.8834,-0.6516,-0.1764;2.3334,-0.5843,-0.2069;2.7706,0.7703,0.0754;2.9339,-1.5470,0.7040;4.4660,-1.5126,0.6982;4.8594,-2.8950,1.2052;3.8874,-3.8220,0.4796;2.5881,-3.0060,0.3132;1.5214,-3.5289,1.1322;0.3855,-4.0518,0.6515;0.2431,-4.1444,-0.6698;-0.8819,-4.6731,-1.1437;-1.0111,-4.7244,-2.4799;-1.9042,-5.1421,-0.4150;-1.7775,-5.0443,0.8920;-0.6590,-4.5019,1.5058;-0.5529,-4.3881,2.9811;0.4915,-5.0867,3.4937;-0.3430,-3.1138,3.3986;-1.6396,-4.8155,3.6310;0.4852,0.0995,-0.8567;0.4747,-0.4634,0.8293;0.5440,-1.6277,-0.5138;2.2818,1.4475,-0.6231;3.8446,0.8524,-0.0686;2.5233,1.0903,1.0992;2.5791,-1.3730,1.7414;4.8700,-0.7175,1.3223;4.8118,-1.3752,-0.3265;4.7077,-2.9511,2.2842;5.9002,-3.1347,0.9943;3.7027,-4.7448,1.0278;4.2831,-4.0839,-0.5010;2.2364,-3.0462,-0.7175;1.6523,-3.4626,2.1289;-0.2310,-4.4570,-3.0503;-1.8049,-5.1952,-2.8738;-2.6075,-5.4152,1.4786;</g>
	</geometry>
	<conformers/>
	<properties/>
</molecule>
