<?xml version="1.0" ?>
<!--MOLLI PACKAGE EXPERIMENTAL XML FORMAT-->
<molecule name="nuc1421">
	<atoms>
		<a id="1" s="C" t="C.3" l="C"/>
		<a id="2" s="C" t="C.ar" l="C"/>
		<a id="3" s="N" t="N.ar" l="N"/>
		<a id="4" s="C" t="C.ar" l="C"/>
		<a id="5" s="C" t="C.ar" l="C"/>
		<a id="6" s="C" t="C.ar" l="C"/>
		<a id="7" s="C" t="C.ar" l="C"/>
		<a id="8" s="C" t="C.ar" l="C"/>
		<a id="9" s="N" t="N.ar" l="N"/>
		<a id="10" s="C" t="C.ar" l="C"/>
		<a id="11" s="C" t="C.ar" l="C"/>
		<a id="12" s="C" t="C.ar" l="C"/>
		<a id="13" s="C" t="C.ar" l="C"/>
		<a id="14" s="N" t="N.ar" l="N"/>
		<a id="15" s="C" t="C.ar" l="C"/>
		<a id="16" s="N" t="N.pl3" l="N"/>
		<a id="17" s="N" t="N.ar" l="N"/>
		<a id="18" s="H" t="H" l="H"/>
		<a id="19" s="H" t="H" l="H"/>
		<a id="20" s="H" t="H" l="H"/>
		<a id="21" s="H" t="H" l="H"/>
		<a id="22" s="H" t="H" l="H"/>
		<a id="23" s="H" t="H" l="H"/>
		<a id="24" s="H" t="H" l="H"/>
		<a id="25" s="H" t="H" l="H"/>
		<a id="26" s="H" t="H" l="H"/>
		<a id="27" s="H" t="H" l="H"/>
		<a id="28" s="H" t="H" l="H"/>
	</atoms>
	<bonds>
		<b id="1" c="1 2" t="1"/>
		<b id="2" c="2 3" t="ar"/>
		<b id="3" c="3 4" t="ar"/>
		<b id="4" c="4 5" t="ar"/>
		<b id="5" c="5 6" t="ar"/>
		<b id="6" c="6 7" t="ar"/>
		<b id="7" c="7 8" t="ar"/>
		<b id="8" c="8 9" t="ar"/>
		<b id="9" c="4 9" t="ar"/>
		<b id="10" c="9 10" t="ar"/>
		<b id="11" c="2 10" t="ar"/>
		<b id="12" c="10 11" t="1"/>
		<b id="13" c="11 12" t="ar"/>
		<b id="14" c="12 13" t="ar"/>
		<b id="15" c="13 14" t="ar"/>
		<b id="16" c="14 15" t="ar"/>
		<b id="17" c="15 16" t="1"/>
		<b id="18" c="15 17" t="ar"/>
		<b id="19" c="11 17" t="ar"/>
		<b id="20" c="1 18" t="1"/>
		<b id="21" c="1 19" t="1"/>
		<b id="22" c="1 20" t="1"/>
		<b id="23" c="5 21" t="1"/>
		<b id="24" c="6 22" t="1"/>
		<b id="25" c="7 23" t="1"/>
		<b id="26" c="8 24" t="1"/>
		<b id="27" c="12 25" t="1"/>
		<b id="28" c="13 26" t="1"/>
		<b id="29" c="16 27" t="1"/>
		<b id="30" c="16 28" t="1"/>
	</bonds>
	<geometry>
		<g u="A" t="cart/3d">#28,3:0.9293,0.1659,0.0398;2.4072,0.0066,0.0316;3.1864,1.0977,0.0372;4.4393,0.6697,-0.0110;5.6338,1.3988,-0.0122;6.8215,0.7227,-0.0667;6.8290,-0.6849,-0.1195;5.6595,-1.3847,-0.1202;4.4849,-0.7193,-0.0677;3.1820,-1.1593,-0.0254;2.7995,-2.5495,-0.0764;1.5379,-2.9947,0.3450;1.2857,-4.3485,0.2324;2.1643,-5.2126,-0.2474;3.3427,-4.7013,-0.6139;4.2530,-5.5656,-1.1090;3.6992,-3.4209,-0.5437;0.6948,1.1905,-0.2367;0.5264,-0.0182,1.0360;0.4589,-0.5193,-0.6626;5.5770,2.4734,0.0315;7.7573,1.2593,-0.0699;7.7652,-1.2174,-0.1624;5.5942,-2.4597,-0.1702;0.8102,-2.3266,0.7653;0.3385,-4.7727,0.5423;4.0308,-6.5430,-1.1235;5.1652,-5.2388,-1.3643;</g>
	</geometry>
	<conformers/>
	<properties/>
</molecule>
