<?xml version="1.0" ?>
<!--MOLLI PACKAGE EXPERIMENTAL XML FORMAT-->
<molecule name="nuc1424">
	<atoms>
		<a id="1" s="N" t="N.pl3" l="N"/>
		<a id="2" s="C" t="C.ar" l="C"/>
		<a id="3" s="N" t="N.ar" l="N"/>
		<a id="4" s="C" t="C.ar" l="C"/>
		<a id="5" s="C" t="C.ar" l="C"/>
		<a id="6" s="C" t="C.ar" l="C"/>
		<a id="7" s="C" t="C.ar" l="C"/>
		<a id="8" s="C" t="C.ar" l="C"/>
		<a id="9" s="C" t="C.ar" l="C"/>
		<a id="10" s="N" t="N.ar" l="N"/>
		<a id="11" s="C" t="C.3" l="C"/>
		<a id="12" s="C" t="C.ar" l="C"/>
		<a id="13" s="C" t="C.ar" l="C"/>
		<a id="14" s="C" t="C.ar" l="C"/>
		<a id="15" s="C" t="C.ar" l="C"/>
		<a id="16" s="C" t="C.ar" l="C"/>
		<a id="17" s="C" t="C.ar" l="C"/>
		<a id="18" s="H" t="H" l="H"/>
		<a id="19" s="H" t="H" l="H"/>
		<a id="20" s="H" t="H" l="H"/>
		<a id="21" s="H" t="H" l="H"/>
		<a id="22" s="H" t="H" l="H"/>
		<a id="23" s="H" t="H" l="H"/>
		<a id="24" s="H" t="H" l="H"/>
		<a id="25" s="H" t="H" l="H"/>
		<a id="26" s="H" t="H" l="H"/>
		<a id="27" s="H" t="H" l="H"/>
		<a id="28" s="H" t="H" l="H"/>
		<a id="29" s="H" t="H" l="H"/>
		<a id="30" s="H" t="H" l="H"/>
	</atoms>
	<bonds>
		<b id="1" c="1 2" t="1"/>
		<b id="2" c="2 3" t="ar"/>
		<b id="3" c="3 4" t="ar"/>
		<b id="4" c="4 5" t="ar"/>
		<b id="5" c="5 6" t="ar"/>
		<b id="6" c="6 7" t="ar"/>
		<b id="7" c="7 8" t="ar"/>
		<b id="8" c="8 9" t="ar"/>
		<b id="9" c="4 9" t="ar"/>
		<b id="10" c="9 10" t="ar"/>
		<b id="11" c="2 10" t="ar"/>
		<b id="12" c="10 11" t="1"/>
		<b id="13" c="11 12" t="1"/>
		<b id="14" c="12 13" t="ar"/>
		<b id="15" c="13 14" t="ar"/>
		<b id="16" c="14 15" t="ar"/>
		<b id="17" c="15 16" t="ar"/>
		<b id="18" c="16 17" t="ar"/>
		<b id="19" c="12 17" t="ar"/>
		<b id="20" c="1 18" t="1"/>
		<b id="21" c="1 19" t="1"/>
		<b id="22" c="5 20" t="1"/>
		<b id="23" c="6 21" t="1"/>
		<b id="24" c="7 22" t="1"/>
		<b id="25" c="8 23" t="1"/>
		<b id="26" c="11 24" t="1"/>
		<b id="27" c="11 25" t="1"/>
		<b id="28" c="13 26" t="1"/>
		<b id="29" c="14 27" t="1"/>
		<b id="30" c="15 28" t="1"/>
		<b id="31" c="16 29" t="1"/>
		<b id="32" c="17 30" t="1"/>
	</bonds>
	<geometry>
		<g u="A" t="cart/3d">#30,3:1.2764,-0.5084,0.1111;2.6153,-0.2368,0.0257;3.1314,0.9592,-0.0021;4.4925,0.7670,-0.0045;5.5288,1.6890,-0.0329;6.8226,1.2044,-0.0422;7.0919,-0.1620,-0.0246;6.0734,-1.0980,0.0044;4.7774,-0.6191,0.0167;3.5482,-1.2450,0.0453;3.2668,-2.6553,0.0736;2.5472,-3.1061,-1.1759;2.9848,-2.6740,-2.4225;2.3224,-3.0686,-3.5709;1.2192,-3.9019,-3.4860;0.7807,-4.3396,-2.2480;1.4391,-3.9400,-1.0978;0.7072,0.3051,-0.0644;0.9670,-1.3415,-0.3684;5.3188,2.7463,-0.0475;7.6494,1.8993,-0.0641;8.1180,-0.4991,-0.0339;6.2921,-2.1566,0.0164;2.6640,-2.8907,0.9593;4.2219,-3.1824,0.1608;3.8445,-2.0225,-2.4890;2.6684,-2.7248,-4.5341;0.7025,-4.2097,-4.3826;-0.0790,-4.9893,-2.1757;1.0920,-4.2790,-0.1315;</g>
	</geometry>
	<conformers/>
	<properties/>
</molecule>
