<?xml version="1.0" ?>
<!--MOLLI PACKAGE EXPERIMENTAL XML FORMAT-->
<molecule name="nuc1426">
	<atoms>
		<a id="1" s="C" t="C.3" l="C"/>
		<a id="2" s="O" t="O.3" l="O"/>
		<a id="3" s="C" t="C.ar" l="C"/>
		<a id="4" s="C" t="C.ar" l="C"/>
		<a id="5" s="C" t="C.ar" l="C"/>
		<a id="6" s="C" t="C.ar" l="C"/>
		<a id="7" s="C" t="C.ar" l="C"/>
		<a id="8" s="C" t="C.ar" l="C"/>
		<a id="9" s="C" t="C.2" l="C"/>
		<a id="10" s="N" t="N.2" l="N"/>
		<a id="11" s="N" t="N.pl3" l="N"/>
		<a id="12" s="H" t="H" l="H"/>
		<a id="13" s="H" t="H" l="H"/>
		<a id="14" s="H" t="H" l="H"/>
		<a id="15" s="H" t="H" l="H"/>
		<a id="16" s="H" t="H" l="H"/>
		<a id="17" s="H" t="H" l="H"/>
		<a id="18" s="H" t="H" l="H"/>
		<a id="19" s="H" t="H" l="H"/>
		<a id="20" s="H" t="H" l="H"/>
		<a id="21" s="H" t="H" l="H"/>
	</atoms>
	<bonds>
		<b id="1" c="1 2" t="1"/>
		<b id="2" c="2 3" t="1"/>
		<b id="3" c="3 4" t="ar"/>
		<b id="4" c="4 5" t="ar"/>
		<b id="5" c="5 6" t="ar"/>
		<b id="6" c="6 7" t="ar"/>
		<b id="7" c="7 8" t="ar"/>
		<b id="8" c="3 8" t="ar"/>
		<b id="9" c="8 9" t="1"/>
		<b id="10" c="9 10" t="2"/>
		<b id="11" c="10 11" t="1"/>
		<b id="12" c="1 12" t="1"/>
		<b id="13" c="1 13" t="1"/>
		<b id="14" c="1 14" t="1"/>
		<b id="15" c="4 15" t="1"/>
		<b id="16" c="5 16" t="1"/>
		<b id="17" c="6 17" t="1"/>
		<b id="18" c="7 18" t="1"/>
		<b id="19" c="9 19" t="1"/>
		<b id="20" c="11 20" t="1"/>
		<b id="21" c="11 21" t="1"/>
	</bonds>
	<geometry>
		<g u="A" t="cart/3d">#21,3:1.1634,0.5579,-0.1005;2.2616,-0.3083,-0.2382;3.0406,-0.2081,-1.3565;2.8064,0.6895,-2.3894;3.6448,0.7247,-3.4919;4.7268,-0.1337,-3.5783;4.9692,-1.0284,-2.5553;4.1420,-1.0849,-1.4357;4.3978,-2.0252,-0.3667;5.3800,-2.8361,-0.4169;5.6435,-3.6341,0.6281;0.7098,0.3069,0.8576;0.4273,0.4075,-0.8977;1.4761,1.6075,-0.0868;1.9704,1.3704,-2.3481;3.4444,1.4309,-4.2842;5.3771,-0.1025,-4.4394;5.8056,-1.7075,-2.5932;3.7104,-2.0067,0.4848;6.1607,-4.4610,0.3712;4.9092,-3.7708,1.3231;</g>
	</geometry>
	<conformers/>
	<properties/>
</molecule>
