<?xml version="1.0" ?>
<!--MOLLI PACKAGE EXPERIMENTAL XML FORMAT-->
<molecule name="nuc1431">
	<atoms>
		<a id="1" s="C" t="C.3" l="C"/>
		<a id="2" s="C" t="C.3" l="C"/>
		<a id="3" s="C" t="C.3" l="C"/>
		<a id="4" s="C" t="C.3" l="C"/>
		<a id="5" s="C" t="C.3" l="C"/>
		<a id="6" s="C" t="C.3" l="C"/>
		<a id="7" s="C" t="C.3" l="C"/>
		<a id="8" s="C" t="C.ar" l="C"/>
		<a id="9" s="C" t="C.ar" l="C"/>
		<a id="10" s="C" t="C.ar" l="C"/>
		<a id="11" s="C" t="C.ar" l="C"/>
		<a id="12" s="N" t="N.pl3" l="N"/>
		<a id="13" s="C" t="C.ar" l="C"/>
		<a id="14" s="C" t="C.ar" l="C"/>
		<a id="15" s="H" t="H" l="H"/>
		<a id="16" s="H" t="H" l="H"/>
		<a id="17" s="H" t="H" l="H"/>
		<a id="18" s="H" t="H" l="H"/>
		<a id="19" s="H" t="H" l="H"/>
		<a id="20" s="H" t="H" l="H"/>
		<a id="21" s="H" t="H" l="H"/>
		<a id="22" s="H" t="H" l="H"/>
		<a id="23" s="H" t="H" l="H"/>
		<a id="24" s="H" t="H" l="H"/>
		<a id="25" s="H" t="H" l="H"/>
		<a id="26" s="H" t="H" l="H"/>
		<a id="27" s="H" t="H" l="H"/>
		<a id="28" s="H" t="H" l="H"/>
		<a id="29" s="H" t="H" l="H"/>
		<a id="30" s="H" t="H" l="H"/>
		<a id="31" s="H" t="H" l="H"/>
		<a id="32" s="H" t="H" l="H"/>
		<a id="33" s="H" t="H" l="H"/>
		<a id="34" s="H" t="H" l="H"/>
		<a id="35" s="H" t="H" l="H"/>
	</atoms>
	<bonds>
		<b id="1" c="1 2" t="1"/>
		<b id="2" c="2 3" t="1"/>
		<b id="3" c="3 4" t="1"/>
		<b id="4" c="4 5" t="1"/>
		<b id="5" c="5 6" t="1"/>
		<b id="6" c="6 7" t="1"/>
		<b id="7" c="7 8" t="1"/>
		<b id="8" c="8 9" t="ar"/>
		<b id="9" c="9 10" t="ar"/>
		<b id="10" c="10 11" t="ar"/>
		<b id="11" c="11 12" t="1"/>
		<b id="12" c="11 13" t="ar"/>
		<b id="13" c="13 14" t="ar"/>
		<b id="14" c="8 14" t="ar"/>
		<b id="15" c="1 15" t="1"/>
		<b id="16" c="1 16" t="1"/>
		<b id="17" c="1 17" t="1"/>
		<b id="18" c="2 18" t="1"/>
		<b id="19" c="2 19" t="1"/>
		<b id="20" c="3 20" t="1"/>
		<b id="21" c="3 21" t="1"/>
		<b id="22" c="4 22" t="1"/>
		<b id="23" c="4 23" t="1"/>
		<b id="24" c="5 24" t="1"/>
		<b id="25" c="5 25" t="1"/>
		<b id="26" c="6 26" t="1"/>
		<b id="27" c="6 27" t="1"/>
		<b id="28" c="7 28" t="1"/>
		<b id="29" c="7 29" t="1"/>
		<b id="30" c="9 30" t="1"/>
		<b id="31" c="10 31" t="1"/>
		<b id="32" c="12 32" t="1"/>
		<b id="33" c="12 33" t="1"/>
		<b id="34" c="13 34" t="1"/>
		<b id="35" c="14 35" t="1"/>
	</bonds>
	<geometry>
		<g u="A" t="cart/3d">#35,3:0.9192,0.0012,-0.0506;2.4426,-0.0203,-0.0702;2.9902,-0.4476,-1.4298;4.5165,-0.4690,-1.4516;5.0698,-0.8949,-2.8092;6.5960,-0.9055,-2.8244;7.1565,-1.3310,-4.1861;8.6582,-1.3085,-4.1740;9.3874,-2.4327,-3.8086;10.7668,-2.4063,-3.7636;11.4631,-1.2408,-4.0802;12.8412,-1.1880,-3.9682;10.7342,-0.1094,-4.4440;9.3552,-0.1481,-4.4856;0.5524,0.3077,0.9264;0.5208,-0.9866,-0.2724;0.5379,0.6978,-0.7943;2.8056,-0.7090,0.6963;2.8226,0.9745,0.1740;2.6273,0.2410,-2.1969;2.6109,-1.4427,-1.6746;4.8786,-1.1567,-0.6834;4.8944,0.5264,-1.2054;4.7053,-0.2098,-3.5787;4.6979,-1.8929,-3.0544;6.9648,-1.5903,-2.0572;6.9702,0.0918,-2.5813;6.7812,-0.6508,-4.9542;6.8009,-2.3369,-4.4206;8.8669,-3.3475,-3.5619;11.3185,-3.2924,-3.4815;13.3210,-2.0730,-4.0013;13.2977,-0.4507,-4.4806;11.2603,0.8015,-4.6942;8.8089,0.7394,-4.7733;</g>
	</geometry>
	<conformers/>
	<properties/>
</molecule>
