<?xml version="1.0" ?>
<!--MOLLI PACKAGE EXPERIMENTAL XML FORMAT-->
<molecule name="nuc1434">
	<atoms>
		<a id="1" s="C" t="C.3" l="C"/>
		<a id="2" s="O" t="O.3" l="O"/>
		<a id="3" s="C" t="C.ar" l="C"/>
		<a id="4" s="C" t="C.ar" l="C"/>
		<a id="5" s="C" t="C.ar" l="C"/>
		<a id="6" s="C" t="C.ar" l="C"/>
		<a id="7" s="C" t="C.ar" l="C"/>
		<a id="8" s="C" t="C.ar" l="C"/>
		<a id="9" s="C" t="C.ar" l="C"/>
		<a id="10" s="C" t="C.ar" l="C"/>
		<a id="11" s="C" t="C.ar" l="C"/>
		<a id="12" s="C" t="C.ar" l="C"/>
		<a id="13" s="C" t="C.ar" l="C"/>
		<a id="14" s="F" t="F" l="F"/>
		<a id="15" s="C" t="C.ar" l="C"/>
		<a id="16" s="N" t="N.pl3" l="N"/>
		<a id="17" s="C" t="C.3" l="C"/>
		<a id="18" s="C" t="C.ar" l="C"/>
		<a id="19" s="C" t="C.ar" l="C"/>
		<a id="20" s="C" t="C.ar" l="C"/>
		<a id="21" s="C" t="C.ar" l="C"/>
		<a id="22" s="C" t="C.ar" l="C"/>
		<a id="23" s="C" t="C.ar" l="C"/>
		<a id="24" s="C" t="C.3" l="C"/>
		<a id="25" s="N" t="N.3" l="N"/>
		<a id="26" s="C" t="C.ar" l="C"/>
		<a id="27" s="C" t="C.ar" l="C"/>
		<a id="28" s="C" t="C.ar" l="C"/>
		<a id="29" s="C" t="C.ar" l="C"/>
		<a id="30" s="C" t="C.ar" l="C"/>
		<a id="31" s="C" t="C.ar" l="C"/>
		<a id="32" s="H" t="H" l="H"/>
		<a id="33" s="H" t="H" l="H"/>
		<a id="34" s="H" t="H" l="H"/>
		<a id="35" s="H" t="H" l="H"/>
		<a id="36" s="H" t="H" l="H"/>
		<a id="37" s="H" t="H" l="H"/>
		<a id="38" s="H" t="H" l="H"/>
		<a id="39" s="H" t="H" l="H"/>
		<a id="40" s="H" t="H" l="H"/>
		<a id="41" s="H" t="H" l="H"/>
		<a id="42" s="H" t="H" l="H"/>
		<a id="43" s="H" t="H" l="H"/>
		<a id="44" s="H" t="H" l="H"/>
		<a id="45" s="H" t="H" l="H"/>
		<a id="46" s="H" t="H" l="H"/>
		<a id="47" s="H" t="H" l="H"/>
		<a id="48" s="H" t="H" l="H"/>
		<a id="49" s="H" t="H" l="H"/>
		<a id="50" s="H" t="H" l="H"/>
		<a id="51" s="H" t="H" l="H"/>
		<a id="52" s="H" t="H" l="H"/>
		<a id="53" s="H" t="H" l="H"/>
		<a id="54" s="H" t="H" l="H"/>
		<a id="55" s="H" t="H" l="H"/>
		<a id="56" s="H" t="H" l="H"/>
	</atoms>
	<bonds>
		<b id="1" c="1 2" t="1"/>
		<b id="2" c="2 3" t="1"/>
		<b id="3" c="3 4" t="ar"/>
		<b id="4" c="4 5" t="ar"/>
		<b id="5" c="5 6" t="ar"/>
		<b id="6" c="6 7" t="ar"/>
		<b id="7" c="7 8" t="ar"/>
		<b id="8" c="3 8" t="ar"/>
		<b id="9" c="8 9" t="1"/>
		<b id="10" c="9 10" t="ar"/>
		<b id="11" c="10 11" t="ar"/>
		<b id="12" c="11 12" t="ar"/>
		<b id="13" c="12 13" t="ar"/>
		<b id="14" c="13 14" t="1"/>
		<b id="15" c="13 15" t="ar"/>
		<b id="16" c="9 15" t="ar"/>
		<b id="17" c="15 16" t="1"/>
		<b id="18" c="16 17" t="1"/>
		<b id="19" c="17 18" t="1"/>
		<b id="20" c="18 19" t="ar"/>
		<b id="21" c="19 20" t="ar"/>
		<b id="22" c="20 21" t="ar"/>
		<b id="23" c="21 22" t="ar"/>
		<b id="24" c="22 23" t="ar"/>
		<b id="25" c="18 23" t="ar"/>
		<b id="26" c="17 24" t="1"/>
		<b id="27" c="24 25" t="1"/>
		<b id="28" c="24 26" t="1"/>
		<b id="29" c="26 27" t="ar"/>
		<b id="30" c="27 28" t="ar"/>
		<b id="31" c="28 29" t="ar"/>
		<b id="32" c="29 30" t="ar"/>
		<b id="33" c="30 31" t="ar"/>
		<b id="34" c="26 31" t="ar"/>
		<b id="35" c="1 32" t="1"/>
		<b id="36" c="1 33" t="1"/>
		<b id="37" c="1 34" t="1"/>
		<b id="38" c="4 35" t="1"/>
		<b id="39" c="5 36" t="1"/>
		<b id="40" c="6 37" t="1"/>
		<b id="41" c="7 38" t="1"/>
		<b id="42" c="10 39" t="1"/>
		<b id="43" c="11 40" t="1"/>
		<b id="44" c="12 41" t="1"/>
		<b id="45" c="16 42" t="1"/>
		<b id="46" c="17 43" t="1"/>
		<b id="47" c="19 44" t="1"/>
		<b id="48" c="20 45" t="1"/>
		<b id="49" c="21 46" t="1"/>
		<b id="50" c="22 47" t="1"/>
		<b id="51" c="23 48" t="1"/>
		<b id="52" c="24 49" t="1"/>
		<b id="53" c="25 50" t="1"/>
		<b id="54" c="25 51" t="1"/>
		<b id="55" c="27 52" t="1"/>
		<b id="56" c="28 53" t="1"/>
		<b id="57" c="29 54" t="1"/>
		<b id="58" c="30 55" t="1"/>
		<b id="59" c="31 56" t="1"/>
	</bonds>
	<geometry>
		<g u="A" t="cart/3d">#56,3:7.0224,-3.9081,-4.9581;7.3265,-2.6434,-4.4265;8.1980,-2.5636,-3.3841;8.8362,-3.6510,-2.7996;9.6968,-3.4651,-1.7296;9.9335,-2.1984,-1.2309;9.3002,-1.1111,-1.8092;8.4311,-1.2732,-2.8797;7.7673,-0.1006,-3.4947;8.0773,0.2583,-4.7955;7.5217,1.3832,-5.3783;6.6402,2.1565,-4.6445;6.3117,1.7847,-3.3585;5.4343,2.5875,-2.6893;6.8484,0.6534,-2.7322;6.4631,0.1807,-1.5010;6.0927,0.9756,-0.3543;5.4179,0.1166,0.6821;6.0074,-1.0562,1.1400;5.4037,-1.8057,2.1335;4.2071,-1.3897,2.6905;3.6153,-0.2209,2.2448;4.2162,0.5242,1.2468;7.3472,1.6604,0.3031;8.0390,2.5884,-0.5656;6.8956,2.3345,1.5732;7.2329,1.7980,2.8086;6.7727,2.3743,3.9783;5.9686,3.4994,3.9285;5.6286,4.0430,2.7021;6.0855,3.4625,1.5331;6.3097,-3.7239,-5.7604;6.5615,-4.5604,-4.2089;7.9107,-4.3982,-5.3703;8.6699,-4.6503,-3.1700;10.1840,-4.3220,-1.2889;10.6085,-2.0535,-0.4012;9.4915,-0.1148,-1.4350;8.7790,-0.3485,-5.3470;7.7741,1.6600,-6.3892;6.1881,3.0446,-5.0576;6.9357,-0.6785,-1.2547;5.4019,1.7602,-0.6685;6.9498,-1.3934,0.7297;5.8731,-2.7160,2.4775;3.7394,-1.9735,3.4694;2.6824,0.1121,2.6752;3.7499,1.4364,0.9044;8.0620,0.8665,0.5553;7.4405,3.3687,-0.8119;8.3278,2.1343,-1.4258;7.8578,0.9178,2.8547;7.0424,1.9433,4.9314;5.6081,3.9506,4.8411;5.0005,4.9208,2.6553;5.8014,3.8944,0.5842;</g>
	</geometry>
	<conformers/>
	<properties/>
</molecule>
