<?xml version="1.0" ?>
<!--MOLLI PACKAGE EXPERIMENTAL XML FORMAT-->
<molecule name="nuc1435">
	<atoms>
		<a id="1" s="C" t="C.3" l="C"/>
		<a id="2" s="O" t="O.3" l="O"/>
		<a id="3" s="C" t="C.2" l="C"/>
		<a id="4" s="O" t="O.2" l="O"/>
		<a id="5" s="C" t="C.3" l="C"/>
		<a id="6" s="N" t="N.3" l="N"/>
		<a id="7" s="C" t="C.3" l="C"/>
		<a id="8" s="O" t="O.3" l="O"/>
		<a id="9" s="C" t="C.3" l="C"/>
		<a id="10" s="C" t="C.3" l="C"/>
		<a id="11" s="C" t="C.3" l="C"/>
		<a id="12" s="C" t="C.3" l="C"/>
		<a id="13" s="H" t="H" l="H"/>
		<a id="14" s="H" t="H" l="H"/>
		<a id="15" s="H" t="H" l="H"/>
		<a id="16" s="H" t="H" l="H"/>
		<a id="17" s="H" t="H" l="H"/>
		<a id="18" s="H" t="H" l="H"/>
		<a id="19" s="H" t="H" l="H"/>
		<a id="20" s="H" t="H" l="H"/>
		<a id="21" s="H" t="H" l="H"/>
		<a id="22" s="H" t="H" l="H"/>
		<a id="23" s="H" t="H" l="H"/>
		<a id="24" s="H" t="H" l="H"/>
		<a id="25" s="H" t="H" l="H"/>
		<a id="26" s="H" t="H" l="H"/>
		<a id="27" s="H" t="H" l="H"/>
		<a id="28" s="H" t="H" l="H"/>
		<a id="29" s="H" t="H" l="H"/>
	</atoms>
	<bonds>
		<b id="1" c="1 2" t="1"/>
		<b id="2" c="2 3" t="1"/>
		<b id="3" c="3 4" t="2"/>
		<b id="4" c="3 5" t="1"/>
		<b id="5" c="5 6" t="1"/>
		<b id="6" c="5 7" t="1"/>
		<b id="7" c="7 8" t="1"/>
		<b id="8" c="8 9" t="1"/>
		<b id="9" c="9 10" t="1"/>
		<b id="10" c="9 11" t="1"/>
		<b id="11" c="9 12" t="1"/>
		<b id="12" c="1 13" t="1"/>
		<b id="13" c="1 14" t="1"/>
		<b id="14" c="1 15" t="1"/>
		<b id="15" c="5 16" t="1"/>
		<b id="16" c="6 17" t="1"/>
		<b id="17" c="6 18" t="1"/>
		<b id="18" c="7 19" t="1"/>
		<b id="19" c="7 20" t="1"/>
		<b id="20" c="10 21" t="1"/>
		<b id="21" c="10 22" t="1"/>
		<b id="22" c="10 23" t="1"/>
		<b id="23" c="11 24" t="1"/>
		<b id="24" c="11 25" t="1"/>
		<b id="25" c="11 26" t="1"/>
		<b id="26" c="12 27" t="1"/>
		<b id="27" c="12 28" t="1"/>
		<b id="28" c="12 29" t="1"/>
	</bonds>
	<geometry>
		<g u="A" t="cart/3d">#29,3:6.2958,2.5043,0.4139;5.7731,1.2226,0.0843;4.7302,1.1721,-0.7370;4.1464,2.1336,-1.1712;4.3298,-0.2679,-1.0583;2.8934,-0.4658,-1.0200;4.8389,-0.5717,-2.4771;6.2388,-0.4499,-2.4672;6.9071,-0.3500,-3.7279;6.5908,0.9823,-4.4214;8.3926,-0.3981,-3.3588;6.5614,-1.5245,-4.6499;6.5800,2.4777,1.4643;5.5408,3.2731,0.2375;7.1729,2.7028,-0.2042;4.8201,-0.9414,-0.3516;2.4470,0.2420,-1.5971;2.5479,-0.3450,-0.0735;4.3717,0.1403,-3.1690;4.5210,-1.5877,-2.7469;6.7160,1.8027,-3.7185;5.5714,1.0031,-4.7994;7.2664,1.1300,-5.2595;8.6276,0.4196,-2.6835;9.0101,-0.3171,-4.2486;8.6141,-1.3332,-2.8523;5.5279,-1.4702,-4.9836;6.7114,-2.4651,-4.1252;7.2063,-1.5046,-5.5242;</g>
	</geometry>
	<conformers/>
	<properties/>
</molecule>
