<?xml version="1.0" ?>
<!--MOLLI PACKAGE EXPERIMENTAL XML FORMAT-->
<molecule name="nuc1437">
	<atoms>
		<a id="1" s="C" t="C.3" l="C"/>
		<a id="2" s="C" t="C.3" l="C"/>
		<a id="3" s="C" t="C.3" l="C"/>
		<a id="4" s="C" t="C.3" l="C"/>
		<a id="5" s="O" t="O.3" l="O"/>
		<a id="6" s="S" t="S.O2" l="S"/>
		<a id="7" s="O" t="O.2" l="O"/>
		<a id="8" s="O" t="O.2" l="O"/>
		<a id="9" s="C" t="C.ar" l="C"/>
		<a id="10" s="C" t="C.ar" l="C"/>
		<a id="11" s="C" t="C.ar" l="C"/>
		<a id="12" s="C" t="C.ar" l="C"/>
		<a id="13" s="C" t="C.ar" l="C"/>
		<a id="14" s="C" t="C.ar" l="C"/>
		<a id="15" s="N" t="N.pl3" l="N"/>
		<a id="16" s="C" t="C.3" l="C"/>
		<a id="17" s="C" t="C.ar" l="C"/>
		<a id="18" s="C" t="C.ar" l="C"/>
		<a id="19" s="C" t="C.ar" l="C"/>
		<a id="20" s="C" t="C.ar" l="C"/>
		<a id="21" s="C" t="C.ar" l="C"/>
		<a id="22" s="C" t="C.ar" l="C"/>
		<a id="23" s="C" t="C.3" l="C"/>
		<a id="24" s="N" t="N.3" l="N"/>
		<a id="25" s="C" t="C.ar" l="C"/>
		<a id="26" s="C" t="C.ar" l="C"/>
		<a id="27" s="C" t="C.ar" l="C"/>
		<a id="28" s="C" t="C.ar" l="C"/>
		<a id="29" s="C" t="C.ar" l="C"/>
		<a id="30" s="C" t="C.ar" l="C"/>
		<a id="31" s="H" t="H" l="H"/>
		<a id="32" s="H" t="H" l="H"/>
		<a id="33" s="H" t="H" l="H"/>
		<a id="34" s="H" t="H" l="H"/>
		<a id="35" s="H" t="H" l="H"/>
		<a id="36" s="H" t="H" l="H"/>
		<a id="37" s="H" t="H" l="H"/>
		<a id="38" s="H" t="H" l="H"/>
		<a id="39" s="H" t="H" l="H"/>
		<a id="40" s="H" t="H" l="H"/>
		<a id="41" s="H" t="H" l="H"/>
		<a id="42" s="H" t="H" l="H"/>
		<a id="43" s="H" t="H" l="H"/>
		<a id="44" s="H" t="H" l="H"/>
		<a id="45" s="H" t="H" l="H"/>
		<a id="46" s="H" t="H" l="H"/>
		<a id="47" s="H" t="H" l="H"/>
		<a id="48" s="H" t="H" l="H"/>
		<a id="49" s="H" t="H" l="H"/>
		<a id="50" s="H" t="H" l="H"/>
		<a id="51" s="H" t="H" l="H"/>
		<a id="52" s="H" t="H" l="H"/>
		<a id="53" s="H" t="H" l="H"/>
		<a id="54" s="H" t="H" l="H"/>
		<a id="55" s="H" t="H" l="H"/>
		<a id="56" s="H" t="H" l="H"/>
		<a id="57" s="H" t="H" l="H"/>
		<a id="58" s="H" t="H" l="H"/>
	</atoms>
	<bonds>
		<b id="1" c="1 2" t="1"/>
		<b id="2" c="2 3" t="1"/>
		<b id="3" c="2 4" t="1"/>
		<b id="4" c="4 5" t="1"/>
		<b id="5" c="5 6" t="1"/>
		<b id="6" c="6 7" t="2"/>
		<b id="7" c="6 8" t="2"/>
		<b id="8" c="6 9" t="1"/>
		<b id="9" c="9 10" t="ar"/>
		<b id="10" c="10 11" t="ar"/>
		<b id="11" c="11 12" t="ar"/>
		<b id="12" c="12 13" t="ar"/>
		<b id="13" c="13 14" t="ar"/>
		<b id="14" c="9 14" t="ar"/>
		<b id="15" c="14 15" t="1"/>
		<b id="16" c="15 16" t="1"/>
		<b id="17" c="16 17" t="1"/>
		<b id="18" c="17 18" t="ar"/>
		<b id="19" c="18 19" t="ar"/>
		<b id="20" c="19 20" t="ar"/>
		<b id="21" c="20 21" t="ar"/>
		<b id="22" c="21 22" t="ar"/>
		<b id="23" c="17 22" t="ar"/>
		<b id="24" c="16 23" t="1"/>
		<b id="25" c="23 24" t="1"/>
		<b id="26" c="23 25" t="1"/>
		<b id="27" c="25 26" t="ar"/>
		<b id="28" c="26 27" t="ar"/>
		<b id="29" c="27 28" t="ar"/>
		<b id="30" c="28 29" t="ar"/>
		<b id="31" c="29 30" t="ar"/>
		<b id="32" c="25 30" t="ar"/>
		<b id="33" c="1 31" t="1"/>
		<b id="34" c="1 32" t="1"/>
		<b id="35" c="1 33" t="1"/>
		<b id="36" c="2 34" t="1"/>
		<b id="37" c="3 35" t="1"/>
		<b id="38" c="3 36" t="1"/>
		<b id="39" c="3 37" t="1"/>
		<b id="40" c="4 38" t="1"/>
		<b id="41" c="4 39" t="1"/>
		<b id="42" c="10 40" t="1"/>
		<b id="43" c="11 41" t="1"/>
		<b id="44" c="12 42" t="1"/>
		<b id="45" c="13 43" t="1"/>
		<b id="46" c="15 44" t="1"/>
		<b id="47" c="16 45" t="1"/>
		<b id="48" c="18 46" t="1"/>
		<b id="49" c="19 47" t="1"/>
		<b id="50" c="20 48" t="1"/>
		<b id="51" c="21 49" t="1"/>
		<b id="52" c="22 50" t="1"/>
		<b id="53" c="23 51" t="1"/>
		<b id="54" c="24 52" t="1"/>
		<b id="55" c="24 53" t="1"/>
		<b id="56" c="26 54" t="1"/>
		<b id="57" c="27 55" t="1"/>
		<b id="58" c="28 56" t="1"/>
		<b id="59" c="29 57" t="1"/>
		<b id="60" c="30 58" t="1"/>
	</bonds>
	<geometry>
		<g u="A" t="cart/3d">#58,3:3.9741,-3.1781,-4.2468;3.2232,-4.1074,-3.2966;3.7301,-5.5418,-3.4204;3.3538,-3.6114,-1.8552;4.7230,-3.5768,-1.4739;4.9746,-2.7505,-0.1105;4.4123,-1.4420,-0.3008;4.4431,-3.5138,0.9837;6.7589,-2.7245,-0.0964;7.3635,-3.7120,-0.8556;8.7339,-3.7540,-1.0200;9.5108,-2.7725,-0.4192;8.9211,-1.8099,0.3652;7.5298,-1.7695,0.5802;7.0332,-0.7752,1.3757;5.9251,-0.9391,2.3010;6.3749,-1.4826,3.6345;7.3602,-0.8471,4.3807;7.7398,-1.3469,5.6135;7.1360,-2.4864,6.1158;6.1546,-3.1261,5.3773;5.7777,-2.6295,4.1424;5.2005,0.4312,2.4825;4.8403,1.0654,1.2326;3.9879,0.1859,3.3469;3.9492,0.6466,4.6552;2.8590,0.3802,5.4646;1.7929,-0.3512,4.9721;1.8245,-0.8151,3.6678;2.9157,-0.5521,2.8600;3.8604,-3.5143,-5.2745;5.0312,-3.1691,-3.9941;3.5933,-2.1628,-4.1676;2.1551,-4.0833,-3.5399;4.7787,-5.5882,-3.1392;3.6267,-5.8927,-4.4445;3.1671,-6.2050,-2.7680;2.8196,-4.2704,-1.1611;2.9509,-2.5974,-1.7558;6.7320,-4.4438,-1.3282;9.1893,-4.5309,-1.6126;10.5824,-2.7722,-0.5508;9.5346,-1.0632,0.8498;7.7616,-0.1852,1.7608;5.2152,-1.6374,1.8660;7.8347,0.0506,4.0069;8.5066,-0.8435,6.1846;7.4310,-2.8745,7.0795;5.6824,-4.0168,5.7642;5.0205,-3.1299,3.5572;5.8808,1.1156,3.0069;4.2499,0.4446,0.6880;5.6766,1.2166,0.6777;4.7806,1.2157,5.0465;2.8430,0.7434,6.4820;0.9414,-0.5610,5.6030;0.9965,-1.3902,3.2797;2.9376,-0.9309,1.8491;</g>
	</geometry>
	<conformers/>
	<properties/>
</molecule>
