<?xml version="1.0" ?>
<!--MOLLI PACKAGE EXPERIMENTAL XML FORMAT-->
<molecule name="nuc1438">
	<atoms>
		<a id="1" s="C" t="C.3" l="C"/>
		<a id="2" s="C" t="C.3" l="C"/>
		<a id="3" s="O" t="O.3" l="O"/>
		<a id="4" s="C" t="C.ar" l="C"/>
		<a id="5" s="C" t="C.ar" l="C"/>
		<a id="6" s="C" t="C.ar" l="C"/>
		<a id="7" s="C" t="C.3" l="C"/>
		<a id="8" s="N" t="N.3" l="N"/>
		<a id="9" s="C" t="C.2" l="C"/>
		<a id="10" s="O" t="O.2" l="O"/>
		<a id="11" s="O" t="O.3" l="O"/>
		<a id="12" s="C" t="C.3" l="C"/>
		<a id="13" s="C" t="C.ar" l="C"/>
		<a id="14" s="C" t="C.ar" l="C"/>
		<a id="15" s="C" t="C.ar" l="C"/>
		<a id="16" s="O" t="O.3" l="O"/>
		<a id="17" s="C" t="C.3" l="C"/>
		<a id="18" s="C" t="C.3" l="C"/>
		<a id="19" s="C" t="C.3" l="C"/>
		<a id="20" s="H" t="H" l="H"/>
		<a id="21" s="H" t="H" l="H"/>
		<a id="22" s="H" t="H" l="H"/>
		<a id="23" s="H" t="H" l="H"/>
		<a id="24" s="H" t="H" l="H"/>
		<a id="25" s="H" t="H" l="H"/>
		<a id="26" s="H" t="H" l="H"/>
		<a id="27" s="H" t="H" l="H"/>
		<a id="28" s="H" t="H" l="H"/>
		<a id="29" s="H" t="H" l="H"/>
		<a id="30" s="H" t="H" l="H"/>
		<a id="31" s="H" t="H" l="H"/>
		<a id="32" s="H" t="H" l="H"/>
		<a id="33" s="H" t="H" l="H"/>
		<a id="34" s="H" t="H" l="H"/>
		<a id="35" s="H" t="H" l="H"/>
		<a id="36" s="H" t="H" l="H"/>
		<a id="37" s="H" t="H" l="H"/>
		<a id="38" s="H" t="H" l="H"/>
		<a id="39" s="H" t="H" l="H"/>
		<a id="40" s="H" t="H" l="H"/>
	</atoms>
	<bonds>
		<b id="1" c="1 2" t="1"/>
		<b id="2" c="2 3" t="1"/>
		<b id="3" c="3 4" t="1"/>
		<b id="4" c="4 5" t="ar"/>
		<b id="5" c="5 6" t="ar"/>
		<b id="6" c="6 7" t="1"/>
		<b id="7" c="7 8" t="1"/>
		<b id="8" c="7 9" t="1"/>
		<b id="9" c="9 10" t="2"/>
		<b id="10" c="9 11" t="1"/>
		<b id="11" c="11 12" t="1"/>
		<b id="12" c="6 13" t="ar"/>
		<b id="13" c="13 14" t="ar"/>
		<b id="14" c="14 15" t="ar"/>
		<b id="15" c="4 15" t="ar"/>
		<b id="16" c="15 16" t="1"/>
		<b id="17" c="16 17" t="1"/>
		<b id="18" c="17 18" t="1"/>
		<b id="19" c="17 19" t="1"/>
		<b id="20" c="1 20" t="1"/>
		<b id="21" c="1 21" t="1"/>
		<b id="22" c="1 22" t="1"/>
		<b id="23" c="2 23" t="1"/>
		<b id="24" c="2 24" t="1"/>
		<b id="25" c="5 25" t="1"/>
		<b id="26" c="7 26" t="1"/>
		<b id="27" c="8 27" t="1"/>
		<b id="28" c="8 28" t="1"/>
		<b id="29" c="12 29" t="1"/>
		<b id="30" c="12 30" t="1"/>
		<b id="31" c="12 31" t="1"/>
		<b id="32" c="13 32" t="1"/>
		<b id="33" c="14 33" t="1"/>
		<b id="34" c="17 34" t="1"/>
		<b id="35" c="18 35" t="1"/>
		<b id="36" c="18 36" t="1"/>
		<b id="37" c="18 37" t="1"/>
		<b id="38" c="19 38" t="1"/>
		<b id="39" c="19 39" t="1"/>
		<b id="40" c="19 40" t="1"/>
	</bonds>
	<geometry>
		<g u="A" t="cart/3d">#40,3:0.8967,-0.3155,-0.8175;2.3767,-0.6597,-0.8763;3.0829,0.5400,-1.1171;4.4376,0.4969,-1.2035;5.2050,-0.6461,-1.0833;6.5948,-0.5918,-1.1889;7.4029,-1.8684,-1.0205;7.1933,-2.5514,0.2451;6.9684,-2.7740,-2.1596;6.0406,-3.5393,-2.1024;7.7038,-2.5711,-3.2525;7.3263,-3.3131,-4.4058;7.2079,0.6218,-1.4218;6.4509,1.7800,-1.5439;5.0713,1.7425,-1.4353;4.2291,2.8034,-1.5151;4.7314,4.1047,-1.7799;5.0445,4.2805,-3.2667;3.6431,5.0754,-1.3309;0.3146,-1.2130,-0.6290;0.5819,0.1254,-1.7590;0.7164,0.4033,-0.0232;2.5679,-1.3822,-1.6823;2.6997,-1.1050,0.0755;4.7363,-1.6043,-0.9217;8.4685,-1.6400,-1.1305;6.3543,-3.1208,0.1851;7.0687,-1.8768,0.9920;8.0491,-3.0638,-5.1780;6.3181,-3.0358,-4.7198;7.3466,-4.3829,-4.1893;8.2821,0.6787,-1.5101;6.9636,2.7118,-1.7208;5.6374,4.2827,-1.1816;4.1379,4.1317,-3.8482;5.7855,3.5562,-3.5960;5.4239,5.2821,-3.4512;2.7308,4.8844,-1.8892;3.9613,6.1001,-1.5009;3.4348,4.9368,-0.2735;</g>
	</geometry>
	<conformers/>
	<properties/>
</molecule>
