<?xml version="1.0" ?>
<!--MOLLI PACKAGE EXPERIMENTAL XML FORMAT-->
<molecule name="nuc1441">
	<atoms>
		<a id="1" s="N" t="N.pl3" l="N"/>
		<a id="2" s="C" t="C.ar" l="C"/>
		<a id="3" s="N" t="N.ar" l="N"/>
		<a id="4" s="C" t="C.ar" l="C"/>
		<a id="5" s="C" t="C.ar" l="C"/>
		<a id="6" s="C" t="C.ar" l="C"/>
		<a id="7" s="C" t="C.ar" l="C"/>
		<a id="8" s="C" t="C.ar" l="C"/>
		<a id="9" s="C" t="C.ar" l="C"/>
		<a id="10" s="C" t="C.ar" l="C"/>
		<a id="11" s="C" t="C.ar" l="C"/>
		<a id="12" s="S" t="S.2" l="S"/>
		<a id="13" s="H" t="H" l="H"/>
		<a id="14" s="H" t="H" l="H"/>
		<a id="15" s="H" t="H" l="H"/>
		<a id="16" s="H" t="H" l="H"/>
		<a id="17" s="H" t="H" l="H"/>
		<a id="18" s="H" t="H" l="H"/>
		<a id="19" s="H" t="H" l="H"/>
		<a id="20" s="H" t="H" l="H"/>
	</atoms>
	<bonds>
		<b id="1" c="1 2" t="1"/>
		<b id="2" c="2 3" t="ar"/>
		<b id="3" c="3 4" t="ar"/>
		<b id="4" c="4 5" t="1"/>
		<b id="5" c="5 6" t="ar"/>
		<b id="6" c="6 7" t="ar"/>
		<b id="7" c="7 8" t="ar"/>
		<b id="8" c="8 9" t="ar"/>
		<b id="9" c="9 10" t="ar"/>
		<b id="10" c="5 10" t="ar"/>
		<b id="11" c="4 11" t="ar"/>
		<b id="12" c="11 12" t="ar"/>
		<b id="13" c="2 12" t="ar"/>
		<b id="14" c="1 13" t="1"/>
		<b id="15" c="1 14" t="1"/>
		<b id="16" c="6 15" t="1"/>
		<b id="17" c="7 16" t="1"/>
		<b id="18" c="8 17" t="1"/>
		<b id="19" c="9 18" t="1"/>
		<b id="20" c="10 19" t="1"/>
		<b id="21" c="11 20" t="1"/>
	</bonds>
	<geometry>
		<g u="A" t="cart/3d">#20,3:1.8556,0.1258,1.0308;0.6699,-0.1531,0.4357;0.0107,-1.2416,0.5771;-1.1885,-1.2164,-0.0877;-2.0578,-2.3843,-0.0276;-1.7986,-3.3788,0.9152;-2.6057,-4.4968,0.9952;-3.6815,-4.6427,0.1346;-3.9435,-3.6624,-0.8087;-3.1403,-2.5412,-0.8922;-1.4355,-0.0534,-0.7552;-0.1368,1.0691,-0.5617;2.3526,-0.6670,1.4039;2.4160,0.8590,0.6304;-0.9574,-3.2537,1.5789;-2.3963,-5.2592,1.7316;-4.3118,-5.5178,0.1954;-4.7776,-3.7750,-1.4863;-3.3479,-1.7902,-1.6394;-2.2920,0.2309,-1.3302;</g>
	</geometry>
	<conformers/>
	<properties/>
</molecule>
