<?xml version="1.0" ?>
<!--MOLLI PACKAGE EXPERIMENTAL XML FORMAT-->
<molecule name="nuc1443">
	<atoms>
		<a id="1" s="N" t="N.pl3" l="N"/>
		<a id="2" s="C" t="C.ar" l="C"/>
		<a id="3" s="N" t="N.ar" l="N"/>
		<a id="4" s="C" t="C.ar" l="C"/>
		<a id="5" s="C" t="C.ar" l="C"/>
		<a id="6" s="C" t="C.ar" l="C"/>
		<a id="7" s="C" t="C.ar" l="C"/>
		<a id="8" s="C" t="C.ar" l="C"/>
		<a id="9" s="N" t="N.pl3" l="N"/>
		<a id="10" s="O" t="O.2" l="O"/>
		<a id="11" s="O" t="O.co2" l="O"/>
		<a id="12" s="C" t="C.ar" l="C"/>
		<a id="13" s="C" t="C.ar" l="C"/>
		<a id="14" s="C" t="C.ar" l="C"/>
		<a id="15" s="S" t="S.2" l="S"/>
		<a id="16" s="H" t="H" l="H"/>
		<a id="17" s="H" t="H" l="H"/>
		<a id="18" s="H" t="H" l="H"/>
		<a id="19" s="H" t="H" l="H"/>
		<a id="20" s="H" t="H" l="H"/>
		<a id="21" s="H" t="H" l="H"/>
		<a id="22" s="H" t="H" l="H"/>
	</atoms>
	<bonds>
		<b id="1" c="1 2" t="1"/>
		<b id="2" c="2 3" t="ar"/>
		<b id="3" c="3 4" t="ar"/>
		<b id="4" c="4 5" t="1"/>
		<b id="5" c="5 6" t="ar"/>
		<b id="6" c="6 7" t="ar"/>
		<b id="7" c="7 8" t="ar"/>
		<b id="8" c="8 9" t="1"/>
		<b id="9" c="9 10" t="2"/>
		<b id="10" c="9 11" t="1"/>
		<b id="11" c="8 12" t="ar"/>
		<b id="12" c="12 13" t="ar"/>
		<b id="13" c="5 13" t="ar"/>
		<b id="14" c="4 14" t="ar"/>
		<b id="15" c="14 15" t="ar"/>
		<b id="16" c="2 15" t="ar"/>
		<b id="17" c="1 16" t="1"/>
		<b id="18" c="1 17" t="1"/>
		<b id="19" c="6 18" t="1"/>
		<b id="20" c="7 19" t="1"/>
		<b id="21" c="12 20" t="1"/>
		<b id="22" c="13 21" t="1"/>
		<b id="23" c="14 22" t="1"/>
	</bonds>
	<geometry>
		<g u="A" t="cart/3d">#22,3:1.7921,0.1080,1.1318;0.6524,-0.1859,0.4707;-0.0308,-1.2596,0.6157;-1.1807,-1.2534,-0.1305;-2.0651,-2.4036,-0.0664;-1.7573,-3.4402,0.8223;-2.5685,-4.5479,0.9187;-3.7041,-4.6331,0.1182;-4.5540,-5.7854,0.2117;-4.2704,-6.6330,1.0343;-5.5085,-5.8478,-0.5374;-4.0251,-3.6138,-0.7737;-3.2102,-2.5072,-0.8631;-1.3629,-0.1196,-0.8725;-0.0689,0.9932,-0.6436;2.2469,-0.6564,1.6030;2.3764,0.8449,0.7770;-0.8709,-3.3482,1.4287;-2.3440,-5.3536,1.6008;-4.9114,-3.7094,-1.3823;-3.4606,-1.7207,-1.5567;-2.1680,0.1404,-1.5276;</g>
	</geometry>
	<conformers/>
	<properties/>
</molecule>
