<?xml version="1.0" ?>
<!--MOLLI PACKAGE EXPERIMENTAL XML FORMAT-->
<molecule name="nuc1447">
	<atoms>
		<a id="1" s="C" t="C.3" l="C"/>
		<a id="2" s="C" t="C.ar" l="C"/>
		<a id="3" s="C" t="C.ar" l="C"/>
		<a id="4" s="C" t="C.ar" l="C"/>
		<a id="5" s="C" t="C.ar" l="C"/>
		<a id="6" s="C" t="C.3" l="C"/>
		<a id="7" s="C" t="C.3" l="C"/>
		<a id="8" s="N" t="N.3" l="N"/>
		<a id="9" s="C" t="C.ar" l="C"/>
		<a id="10" s="C" t="C.ar" l="C"/>
		<a id="11" s="H" t="H" l="H"/>
		<a id="12" s="H" t="H" l="H"/>
		<a id="13" s="H" t="H" l="H"/>
		<a id="14" s="H" t="H" l="H"/>
		<a id="15" s="H" t="H" l="H"/>
		<a id="16" s="H" t="H" l="H"/>
		<a id="17" s="H" t="H" l="H"/>
		<a id="18" s="H" t="H" l="H"/>
		<a id="19" s="H" t="H" l="H"/>
		<a id="20" s="H" t="H" l="H"/>
		<a id="21" s="H" t="H" l="H"/>
		<a id="22" s="H" t="H" l="H"/>
		<a id="23" s="H" t="H" l="H"/>
	</atoms>
	<bonds>
		<b id="1" c="1 2" t="1"/>
		<b id="2" c="2 3" t="ar"/>
		<b id="3" c="3 4" t="ar"/>
		<b id="4" c="4 5" t="ar"/>
		<b id="5" c="6 8" t="1"/>
		<b id="6" c="5 9" t="ar"/>
		<b id="7" c="9 10" t="ar"/>
		<b id="8" c="2 10" t="ar"/>
		<b id="9" c="6 7" t="1"/>
		<b id="10" c="6 5" t="1"/>
		<b id="11" c="1 11" t="1"/>
		<b id="12" c="1 12" t="1"/>
		<b id="13" c="1 13" t="1"/>
		<b id="14" c="3 14" t="1"/>
		<b id="15" c="4 15" t="1"/>
		<b id="16" c="6 16" t="1"/>
		<b id="17" c="7 17" t="1"/>
		<b id="18" c="7 18" t="1"/>
		<b id="19" c="7 19" t="1"/>
		<b id="20" c="8 20" t="1"/>
		<b id="21" c="8 21" t="1"/>
		<b id="22" c="9 22" t="1"/>
		<b id="23" c="10 23" t="1"/>
	</bonds>
	<geometry>
		<g u="A" t="cart/3d">#23,3:-5.0485,-2.8335,4.7364;-4.5888,-2.1009,3.5124;-3.9657,-2.7621,2.4642;-3.5494,-2.0731,1.3384;-3.7411,-0.7033,1.2292;-3.3072,0.0466,-0.0152;-2.2107,1.0602,0.3143;-4.4025,0.7356,-0.6902;-4.3674,-0.0411,2.2796;-4.7833,-0.7286,3.4025;-4.8069,-3.8914,4.6713;-6.1264,-2.7302,4.8580;-4.5734,-2.4220,5.6262;-3.8045,-3.8292,2.5254;-3.0667,-2.6089,0.5327;-2.9075,-0.6765,-0.7371;-2.5718,1.7957,1.0293;-1.9101,1.5775,-0.5926;-1.3489,0.5542,0.7421;-4.8103,1.4313,-0.0740;-5.1335,0.0752,-0.9328;-4.5327,1.0264,2.2234;-5.2662,-0.1947,4.2092;</g>
	</geometry>
	<conformers/>
	<properties/>
</molecule>
