<?xml version="1.0" ?>
<!--MOLLI PACKAGE EXPERIMENTAL XML FORMAT-->
<molecule name="nuc1448">
	<atoms>
		<a id="1" s="C" t="C.3" l="C"/>
		<a id="2" s="C" t="C.3" l="C"/>
		<a id="3" s="C" t="C.3" l="C"/>
		<a id="4" s="C" t="C.3" l="C"/>
		<a id="5" s="N" t="N.3" l="N"/>
		<a id="6" s="C" t="C.ar" l="C"/>
		<a id="7" s="C" t="C.ar" l="C"/>
		<a id="8" s="C" t="C.ar" l="C"/>
		<a id="9" s="C" t="C.ar" l="C"/>
		<a id="10" s="C" t="C.ar" l="C"/>
		<a id="11" s="C" t="C.ar" l="C"/>
		<a id="12" s="H" t="H" l="H"/>
		<a id="13" s="H" t="H" l="H"/>
		<a id="14" s="H" t="H" l="H"/>
		<a id="15" s="H" t="H" l="H"/>
		<a id="16" s="H" t="H" l="H"/>
		<a id="17" s="H" t="H" l="H"/>
		<a id="18" s="H" t="H" l="H"/>
		<a id="19" s="H" t="H" l="H"/>
		<a id="20" s="H" t="H" l="H"/>
		<a id="21" s="H" t="H" l="H"/>
		<a id="22" s="H" t="H" l="H"/>
		<a id="23" s="H" t="H" l="H"/>
		<a id="24" s="H" t="H" l="H"/>
		<a id="25" s="H" t="H" l="H"/>
		<a id="26" s="H" t="H" l="H"/>
	</atoms>
	<bonds>
		<b id="1" c="1 2" t="1"/>
		<b id="2" c="2 3" t="1"/>
		<b id="3" c="2 4" t="1"/>
		<b id="4" c="4 5" t="1"/>
		<b id="5" c="2 6" t="1"/>
		<b id="6" c="6 7" t="ar"/>
		<b id="7" c="7 8" t="ar"/>
		<b id="8" c="8 9" t="ar"/>
		<b id="9" c="9 10" t="ar"/>
		<b id="10" c="10 11" t="ar"/>
		<b id="11" c="6 11" t="ar"/>
		<b id="12" c="1 12" t="1"/>
		<b id="13" c="1 13" t="1"/>
		<b id="14" c="1 14" t="1"/>
		<b id="15" c="3 15" t="1"/>
		<b id="16" c="3 16" t="1"/>
		<b id="17" c="3 17" t="1"/>
		<b id="18" c="4 18" t="1"/>
		<b id="19" c="4 19" t="1"/>
		<b id="20" c="5 20" t="1"/>
		<b id="21" c="5 21" t="1"/>
		<b id="22" c="7 22" t="1"/>
		<b id="23" c="8 23" t="1"/>
		<b id="24" c="9 24" t="1"/>
		<b id="25" c="10 25" t="1"/>
		<b id="26" c="11 26" t="1"/>
	</bonds>
	<geometry>
		<g u="A" t="cart/3d">#26,3:1.0462,0.0666,0.0989;2.5719,-0.0086,0.0174;3.1031,1.3798,-0.3698;3.1016,-0.4335,1.4068;2.6335,0.4618,2.4537;3.0647,-1.0201,-1.0062;2.2031,-1.7992,-1.7688;2.6878,-2.7060,-2.6967;4.0487,-2.8570,-2.8852;4.9212,-2.0867,-2.1368;4.4330,-1.1814,-1.2133;0.7755,0.7555,0.8940;0.6206,-0.9032,0.3423;0.6237,0.4232,-0.8371;2.6607,2.1445,0.2640;2.8388,1.5992,-1.4023;4.1851,1.4340,-0.2778;4.2006,-0.5085,1.3719;2.7113,-1.4315,1.6283;3.0772,1.3694,2.3617;2.8804,0.0904,3.3639;1.1355,-1.7075,-1.6531;1.9931,-3.2976,-3.2758;4.4267,-3.5650,-3.6081;5.9882,-2.1896,-2.2735;5.1395,-0.5911,-0.6487;</g>
	</geometry>
	<conformers/>
	<properties/>
</molecule>
