<?xml version="1.0" ?>
<!--MOLLI PACKAGE EXPERIMENTAL XML FORMAT-->
<molecule name="nuc1451">
	<atoms>
		<a id="1" s="C" t="C.3" l="C"/>
		<a id="2" s="C" t="C.3" l="C"/>
		<a id="3" s="O" t="O.3" l="O"/>
		<a id="4" s="C" t="C.2" l="C"/>
		<a id="5" s="O" t="O.2" l="O"/>
		<a id="6" s="C" t="C.3" l="C"/>
		<a id="7" s="C" t="C.ar" l="C"/>
		<a id="8" s="C" t="C.ar" l="C"/>
		<a id="9" s="S" t="S.2" l="S"/>
		<a id="10" s="C" t="C.ar" l="C"/>
		<a id="11" s="N" t="N.pl3" l="N"/>
		<a id="12" s="N" t="N.ar" l="N"/>
		<a id="13" s="H" t="H" l="H"/>
		<a id="14" s="H" t="H" l="H"/>
		<a id="15" s="H" t="H" l="H"/>
		<a id="16" s="H" t="H" l="H"/>
		<a id="17" s="H" t="H" l="H"/>
		<a id="18" s="H" t="H" l="H"/>
		<a id="19" s="H" t="H" l="H"/>
		<a id="20" s="H" t="H" l="H"/>
		<a id="21" s="H" t="H" l="H"/>
		<a id="22" s="H" t="H" l="H"/>
	</atoms>
	<bonds>
		<b id="1" c="1 2" t="1"/>
		<b id="2" c="2 3" t="1"/>
		<b id="3" c="3 4" t="1"/>
		<b id="4" c="4 5" t="2"/>
		<b id="5" c="4 6" t="1"/>
		<b id="6" c="6 7" t="1"/>
		<b id="7" c="7 8" t="ar"/>
		<b id="8" c="8 9" t="ar"/>
		<b id="9" c="9 10" t="ar"/>
		<b id="10" c="10 11" t="1"/>
		<b id="11" c="10 12" t="ar"/>
		<b id="12" c="7 12" t="ar"/>
		<b id="13" c="1 13" t="1"/>
		<b id="14" c="1 14" t="1"/>
		<b id="15" c="1 15" t="1"/>
		<b id="16" c="2 16" t="1"/>
		<b id="17" c="2 17" t="1"/>
		<b id="18" c="6 18" t="1"/>
		<b id="19" c="6 19" t="1"/>
		<b id="20" c="8 20" t="1"/>
		<b id="21" c="11 21" t="1"/>
		<b id="22" c="11 22" t="1"/>
	</bonds>
	<geometry>
		<g u="A" t="cart/3d">#22,3:5.0103,-0.8353,-2.1678;3.7513,-0.1383,-1.6727;4.0210,1.2182,-1.3120;4.5057,1.4399,-0.0910;4.6838,0.5859,0.7369;4.8208,2.9114,0.1093;6.3113,3.0607,0.1379;7.1152,2.7054,1.1702;8.7758,2.9983,0.7785;8.2279,3.5885,-0.7941;9.1121,4.1006,-1.6842;6.9540,3.5478,-0.9634;4.7672,-1.8421,-2.4948;5.7416,-0.8911,-1.3649;5.4407,-0.2835,-3.0002;3.3455,-0.6624,-0.8007;2.9960,-0.0795,-2.4591;4.3941,3.2326,1.0598;4.4152,3.4909,-0.7173;6.8434,2.2878,2.1166;10.0775,3.8360,-1.5872;8.7665,4.2255,-2.6217;</g>
	</geometry>
	<conformers/>
	<properties/>
</molecule>
