<?xml version="1.0" ?>
<!--MOLLI PACKAGE EXPERIMENTAL XML FORMAT-->
<molecule name="nuc1461">
	<atoms>
		<a id="1" s="C" t="C.3" l="C"/>
		<a id="2" s="C" t="C.3" l="C"/>
		<a id="3" s="C" t="C.3" l="C"/>
		<a id="4" s="C" t="C.3" l="C"/>
		<a id="5" s="N" t="N.3" l="N"/>
		<a id="6" s="H" t="H" l="H"/>
		<a id="7" s="H" t="H" l="H"/>
		<a id="8" s="H" t="H" l="H"/>
		<a id="9" s="H" t="H" l="H"/>
		<a id="10" s="H" t="H" l="H"/>
		<a id="11" s="H" t="H" l="H"/>
		<a id="12" s="H" t="H" l="H"/>
		<a id="13" s="H" t="H" l="H"/>
		<a id="14" s="H" t="H" l="H"/>
		<a id="15" s="H" t="H" l="H"/>
		<a id="16" s="H" t="H" l="H"/>
	</atoms>
	<bonds>
		<b id="1" c="1 2" t="1"/>
		<b id="2" c="3 5" t="1"/>
		<b id="3" c="3 4" t="1"/>
		<b id="4" c="3 2" t="1"/>
		<b id="5" c="1 6" t="1"/>
		<b id="6" c="1 7" t="1"/>
		<b id="7" c="1 8" t="1"/>
		<b id="8" c="2 9" t="1"/>
		<b id="9" c="2 10" t="1"/>
		<b id="10" c="3 11" t="1"/>
		<b id="11" c="4 12" t="1"/>
		<b id="12" c="4 13" t="1"/>
		<b id="13" c="4 14" t="1"/>
		<b id="14" c="5 15" t="1"/>
		<b id="15" c="5 16" t="1"/>
	</bonds>
	<geometry>
		<g u="A" t="cart/3d">#16,3:2.8221,-1.0235,-3.7324;2.4602,-0.2969,-2.4415;3.0664,-0.9556,-1.1872;2.5579,-0.2592,0.0734;4.5204,-0.9541,-1.1530;2.3221,-0.5605,-4.5803;2.5159,-2.0666,-3.6806;3.8945,-0.9888,-3.9173;1.3739,-0.2812,-2.3327;2.8035,0.7403,-2.4980;2.7555,-2.0076,-1.1605;2.8165,0.7976,0.0507;3.0189,-0.7075,0.9488;1.4781,-0.3515,0.1543;4.8669,-0.0012,-1.2056;4.8975,-1.4669,-1.9417;</g>
	</geometry>
	<conformers/>
	<properties/>
</molecule>
