<?xml version="1.0" ?>
<!--MOLLI PACKAGE EXPERIMENTAL XML FORMAT-->
<molecule name="nuc1464">
	<atoms>
		<a id="1" s="C" t="C.3" l="C"/>
		<a id="2" s="C" t="C.ar" l="C"/>
		<a id="3" s="C" t="C.ar" l="C"/>
		<a id="4" s="C" t="C.ar" l="C"/>
		<a id="5" s="C" t="C.ar" l="C"/>
		<a id="6" s="N" t="N.pl3" l="N"/>
		<a id="7" s="C" t="C.ar" l="C"/>
		<a id="8" s="C" t="C.ar" l="C"/>
		<a id="9" s="N" t="N.pl3" l="N"/>
		<a id="10" s="C" t="C.3" l="C"/>
		<a id="11" s="C" t="C.3" l="C"/>
		<a id="12" s="O" t="O.3" l="O"/>
		<a id="13" s="C" t="C.3" l="C"/>
		<a id="14" s="C" t="C.3" l="C"/>
		<a id="15" s="H" t="H" l="H"/>
		<a id="16" s="H" t="H" l="H"/>
		<a id="17" s="H" t="H" l="H"/>
		<a id="18" s="H" t="H" l="H"/>
		<a id="19" s="H" t="H" l="H"/>
		<a id="20" s="H" t="H" l="H"/>
		<a id="21" s="H" t="H" l="H"/>
		<a id="22" s="H" t="H" l="H"/>
		<a id="23" s="H" t="H" l="H"/>
		<a id="24" s="H" t="H" l="H"/>
		<a id="25" s="H" t="H" l="H"/>
		<a id="26" s="H" t="H" l="H"/>
		<a id="27" s="H" t="H" l="H"/>
		<a id="28" s="H" t="H" l="H"/>
		<a id="29" s="H" t="H" l="H"/>
		<a id="30" s="H" t="H" l="H"/>
	</atoms>
	<bonds>
		<b id="1" c="1 2" t="1"/>
		<b id="2" c="2 3" t="ar"/>
		<b id="3" c="3 4" t="ar"/>
		<b id="4" c="4 5" t="ar"/>
		<b id="5" c="5 6" t="1"/>
		<b id="6" c="5 7" t="ar"/>
		<b id="7" c="7 8" t="ar"/>
		<b id="8" c="2 8" t="ar"/>
		<b id="9" c="8 9" t="1"/>
		<b id="10" c="9 10" t="1"/>
		<b id="11" c="10 11" t="1"/>
		<b id="12" c="11 12" t="1"/>
		<b id="13" c="12 13" t="1"/>
		<b id="14" c="13 14" t="1"/>
		<b id="15" c="9 14" t="1"/>
		<b id="16" c="1 15" t="1"/>
		<b id="17" c="1 16" t="1"/>
		<b id="18" c="1 17" t="1"/>
		<b id="19" c="3 18" t="1"/>
		<b id="20" c="4 19" t="1"/>
		<b id="21" c="6 20" t="1"/>
		<b id="22" c="6 21" t="1"/>
		<b id="23" c="7 22" t="1"/>
		<b id="24" c="10 23" t="1"/>
		<b id="25" c="10 24" t="1"/>
		<b id="26" c="11 25" t="1"/>
		<b id="27" c="11 26" t="1"/>
		<b id="28" c="13 27" t="1"/>
		<b id="29" c="13 28" t="1"/>
		<b id="30" c="14 29" t="1"/>
		<b id="31" c="14 30" t="1"/>
	</bonds>
	<geometry>
		<g u="A" t="cart/3d">#30,3:-2.9599,0.1933,0.4156;-1.4877,0.0792,0.1477;-0.7387,1.2220,-0.0892;0.6271,1.1750,-0.2841;1.2913,-0.0477,-0.2343;2.6707,-0.1103,-0.3366;0.5481,-1.2041,-0.0151;-0.8286,-1.1580,0.1671;-1.5843,-2.3234,0.4203;-2.4309,-2.7847,-0.6660;-3.4610,-3.7624,-0.0985;-2.8363,-4.8511,0.5421;-1.9797,-4.4014,1.5667;-0.9074,-3.4537,1.0220;-3.1695,1.1149,0.9551;-3.2997,-0.6506,1.0102;-3.5328,0.2167,-0.5128;-1.2403,2.1795,-0.1089;1.1868,2.0820,-0.4610;3.1118,0.6719,-0.7935;3.0531,-1.0058,-0.5955;1.0664,-2.1516,0.0066;-1.8329,-3.3048,-1.4353;-2.9332,-1.9388,-1.1318;-4.0744,-4.1877,-0.8946;-4.1079,-3.2317,0.6169;-1.5257,-5.2949,1.9985;-2.5636,-3.8776,2.3388;-0.2908,-4.0101,0.2949;-0.2751,-3.1016,1.8386;</g>
	</geometry>
	<conformers/>
	<properties/>
</molecule>
