<?xml version="1.0" ?>
<!--MOLLI PACKAGE EXPERIMENTAL XML FORMAT-->
<molecule name="nuc1465">
	<atoms>
		<a id="1" s="C" t="C.3" l="C"/>
		<a id="2" s="O" t="O.3" l="O"/>
		<a id="3" s="C" t="C.2" l="C"/>
		<a id="4" s="O" t="O.2" l="O"/>
		<a id="5" s="C" t="C.3" l="C"/>
		<a id="6" s="C" t="C.3" l="C"/>
		<a id="7" s="C" t="C.3" l="C"/>
		<a id="8" s="C" t="C.3" l="C"/>
		<a id="9" s="C" t="C.3" l="C"/>
		<a id="10" s="C" t="C.2" l="C"/>
		<a id="11" s="O" t="O.2" l="O"/>
		<a id="12" s="N" t="N.am" l="N"/>
		<a id="13" s="C" t="C.ar" l="C"/>
		<a id="14" s="C" t="C.ar" l="C"/>
		<a id="15" s="C" t="C.ar" l="C"/>
		<a id="16" s="C" t="C.ar" l="C"/>
		<a id="17" s="N" t="N.pl3" l="N"/>
		<a id="18" s="C" t="C.ar" l="C"/>
		<a id="19" s="C" t="C.ar" l="C"/>
		<a id="20" s="H" t="H" l="H"/>
		<a id="21" s="H" t="H" l="H"/>
		<a id="22" s="H" t="H" l="H"/>
		<a id="23" s="H" t="H" l="H"/>
		<a id="24" s="H" t="H" l="H"/>
		<a id="25" s="H" t="H" l="H"/>
		<a id="26" s="H" t="H" l="H"/>
		<a id="27" s="H" t="H" l="H"/>
		<a id="28" s="H" t="H" l="H"/>
		<a id="29" s="H" t="H" l="H"/>
		<a id="30" s="H" t="H" l="H"/>
		<a id="31" s="H" t="H" l="H"/>
		<a id="32" s="H" t="H" l="H"/>
		<a id="33" s="H" t="H" l="H"/>
		<a id="34" s="H" t="H" l="H"/>
		<a id="35" s="H" t="H" l="H"/>
		<a id="36" s="H" t="H" l="H"/>
		<a id="37" s="H" t="H" l="H"/>
		<a id="38" s="H" t="H" l="H"/>
		<a id="39" s="H" t="H" l="H"/>
	</atoms>
	<bonds>
		<b id="1" c="1 2" t="1"/>
		<b id="2" c="2 3" t="1"/>
		<b id="3" c="3 4" t="2"/>
		<b id="4" c="3 5" t="1"/>
		<b id="5" c="5 6" t="1"/>
		<b id="6" c="6 7" t="1"/>
		<b id="7" c="7 8" t="1"/>
		<b id="8" c="8 9" t="1"/>
		<b id="9" c="9 10" t="1"/>
		<b id="10" c="10 11" t="2"/>
		<b id="11" c="10 12" t="am"/>
		<b id="12" c="12 13" t="1"/>
		<b id="13" c="13 14" t="ar"/>
		<b id="14" c="14 15" t="ar"/>
		<b id="15" c="15 16" t="ar"/>
		<b id="16" c="16 17" t="1"/>
		<b id="17" c="16 18" t="ar"/>
		<b id="18" c="18 19" t="ar"/>
		<b id="19" c="13 19" t="ar"/>
		<b id="20" c="1 20" t="1"/>
		<b id="21" c="1 21" t="1"/>
		<b id="22" c="1 22" t="1"/>
		<b id="23" c="5 23" t="1"/>
		<b id="24" c="5 24" t="1"/>
		<b id="25" c="6 25" t="1"/>
		<b id="26" c="6 26" t="1"/>
		<b id="27" c="7 27" t="1"/>
		<b id="28" c="7 28" t="1"/>
		<b id="29" c="8 29" t="1"/>
		<b id="30" c="8 30" t="1"/>
		<b id="31" c="9 31" t="1"/>
		<b id="32" c="9 32" t="1"/>
		<b id="33" c="12 33" t="1"/>
		<b id="34" c="14 34" t="1"/>
		<b id="35" c="15 35" t="1"/>
		<b id="36" c="17 36" t="1"/>
		<b id="37" c="17 37" t="1"/>
		<b id="38" c="18 38" t="1"/>
		<b id="39" c="19 39" t="1"/>
	</bonds>
	<geometry>
		<g u="A" t="cart/3d">#39,3:1.0747,0.1408,0.0974;2.4824,0.0260,-0.0608;2.9313,-1.1529,-0.5208;2.2094,-2.0729,-0.7936;4.4378,-1.1428,-0.6295;4.9728,-2.4120,-1.2852;6.4979,-2.4260,-1.3311;7.0279,-3.6769,-2.0250;8.5529,-3.7282,-2.0303;9.0625,-4.9617,-2.7693;8.3461,-5.6792,-3.4299;10.4020,-5.1431,-2.6021;11.2294,-6.1560,-3.1127;10.7761,-7.1357,-3.9903;11.6416,-8.1052,-4.4526;12.9793,-8.1279,-4.0585;13.8569,-9.0574,-4.5837;13.4267,-7.1432,-3.1777;12.5638,-6.1722,-2.7147;0.8938,1.1338,0.5004;0.7062,-0.6256,0.7822;0.5742,0.0200,-0.8654;4.8404,-1.0330,0.3806;4.7319,-0.2551,-1.1930;4.5734,-2.4883,-2.2974;4.6118,-3.2783,-0.7291;6.8903,-2.3819,-0.3116;6.8534,-1.5384,-1.8608;6.6715,-3.7107,-3.0552;6.6467,-4.5672,-1.5224;8.9329,-3.7365,-1.0055;8.9539,-2.8421,-2.5313;10.8839,-4.4756,-2.0158;9.7454,-7.1351,-4.3009;11.2793,-8.8612,-5.1341;13.4406,-9.8884,-4.9715;14.7000,-9.2210,-4.0577;14.4592,-7.1438,-2.8587;12.9293,-5.4171,-2.0315;</g>
	</geometry>
	<conformers/>
	<properties/>
</molecule>
