<?xml version="1.0" ?>
<!--MOLLI PACKAGE EXPERIMENTAL XML FORMAT-->
<molecule name="nuc1466">
	<atoms>
		<a id="1" s="C" t="C.3" l="C"/>
		<a id="2" s="O" t="O.3" l="O"/>
		<a id="3" s="C" t="C.2" l="C"/>
		<a id="4" s="O" t="O.2" l="O"/>
		<a id="5" s="C" t="C.3" l="C"/>
		<a id="6" s="C" t="C.3" l="C"/>
		<a id="7" s="C" t="C.3" l="C"/>
		<a id="8" s="C" t="C.3" l="C"/>
		<a id="9" s="C" t="C.3" l="C"/>
		<a id="10" s="C" t="C.3" l="C"/>
		<a id="11" s="C" t="C.3" l="C"/>
		<a id="12" s="C" t="C.2" l="C"/>
		<a id="13" s="O" t="O.2" l="O"/>
		<a id="14" s="N" t="N.am" l="N"/>
		<a id="15" s="C" t="C.ar" l="C"/>
		<a id="16" s="C" t="C.ar" l="C"/>
		<a id="17" s="C" t="C.ar" l="C"/>
		<a id="18" s="C" t="C.ar" l="C"/>
		<a id="19" s="N" t="N.pl3" l="N"/>
		<a id="20" s="C" t="C.ar" l="C"/>
		<a id="21" s="C" t="C.ar" l="C"/>
		<a id="22" s="H" t="H" l="H"/>
		<a id="23" s="H" t="H" l="H"/>
		<a id="24" s="H" t="H" l="H"/>
		<a id="25" s="H" t="H" l="H"/>
		<a id="26" s="H" t="H" l="H"/>
		<a id="27" s="H" t="H" l="H"/>
		<a id="28" s="H" t="H" l="H"/>
		<a id="29" s="H" t="H" l="H"/>
		<a id="30" s="H" t="H" l="H"/>
		<a id="31" s="H" t="H" l="H"/>
		<a id="32" s="H" t="H" l="H"/>
		<a id="33" s="H" t="H" l="H"/>
		<a id="34" s="H" t="H" l="H"/>
		<a id="35" s="H" t="H" l="H"/>
		<a id="36" s="H" t="H" l="H"/>
		<a id="37" s="H" t="H" l="H"/>
		<a id="38" s="H" t="H" l="H"/>
		<a id="39" s="H" t="H" l="H"/>
		<a id="40" s="H" t="H" l="H"/>
		<a id="41" s="H" t="H" l="H"/>
		<a id="42" s="H" t="H" l="H"/>
		<a id="43" s="H" t="H" l="H"/>
		<a id="44" s="H" t="H" l="H"/>
		<a id="45" s="H" t="H" l="H"/>
	</atoms>
	<bonds>
		<b id="1" c="1 2" t="1"/>
		<b id="2" c="2 3" t="1"/>
		<b id="3" c="3 4" t="2"/>
		<b id="4" c="3 5" t="1"/>
		<b id="5" c="5 6" t="1"/>
		<b id="6" c="6 7" t="1"/>
		<b id="7" c="7 8" t="1"/>
		<b id="8" c="8 9" t="1"/>
		<b id="9" c="9 10" t="1"/>
		<b id="10" c="10 11" t="1"/>
		<b id="11" c="11 12" t="1"/>
		<b id="12" c="12 13" t="2"/>
		<b id="13" c="12 14" t="am"/>
		<b id="14" c="14 15" t="1"/>
		<b id="15" c="15 16" t="ar"/>
		<b id="16" c="16 17" t="ar"/>
		<b id="17" c="17 18" t="ar"/>
		<b id="18" c="18 19" t="1"/>
		<b id="19" c="18 20" t="ar"/>
		<b id="20" c="20 21" t="ar"/>
		<b id="21" c="15 21" t="ar"/>
		<b id="22" c="1 22" t="1"/>
		<b id="23" c="1 23" t="1"/>
		<b id="24" c="1 24" t="1"/>
		<b id="25" c="5 25" t="1"/>
		<b id="26" c="5 26" t="1"/>
		<b id="27" c="6 27" t="1"/>
		<b id="28" c="6 28" t="1"/>
		<b id="29" c="7 29" t="1"/>
		<b id="30" c="7 30" t="1"/>
		<b id="31" c="8 31" t="1"/>
		<b id="32" c="8 32" t="1"/>
		<b id="33" c="9 33" t="1"/>
		<b id="34" c="9 34" t="1"/>
		<b id="35" c="10 35" t="1"/>
		<b id="36" c="10 36" t="1"/>
		<b id="37" c="11 37" t="1"/>
		<b id="38" c="11 38" t="1"/>
		<b id="39" c="14 39" t="1"/>
		<b id="40" c="16 40" t="1"/>
		<b id="41" c="17 41" t="1"/>
		<b id="42" c="19 42" t="1"/>
		<b id="43" c="19 43" t="1"/>
		<b id="44" c="20 44" t="1"/>
		<b id="45" c="21 45" t="1"/>
	</bonds>
	<geometry>
		<g u="A" t="cart/3d">#45,3:1.2057,-0.4286,-0.1279;2.6153,-0.2782,-0.2283;3.0648,0.3721,-1.3135;2.3416,0.8125,-2.1654;4.5728,0.4565,-1.2978;5.1125,1.2449,-2.4869;6.6378,1.2953,-2.4914;7.1730,2.1190,-3.6604;8.6992,2.1464,-3.6980;9.2180,2.9992,-4.8519;10.7418,2.9984,-4.9312;11.2360,3.8864,-6.0687;10.5071,4.6129,-6.7056;12.5784,3.7660,-6.2673;13.3951,4.4022,-7.2155;12.9215,5.3652,-8.1011;13.7769,5.9477,-9.0132;15.1244,5.5926,-9.0700;15.9902,6.2333,-9.9369;15.5926,4.6272,-8.1788;14.7397,4.0436,-7.2655;1.0231,-0.9769,0.7926;0.8210,-0.9812,-0.9874;0.7215,0.5494,-0.0952;4.9640,-0.5636,-1.2999;4.8752,0.9164,-0.3545;4.7103,2.2588,-2.4542;4.7552,0.7850,-3.4096;7.0341,0.2787,-2.5536;6.9899,1.7298,-1.5526;6.7968,3.1410,-3.5831;6.7981,1.7011,-4.5968;9.0753,1.1251,-3.8014;9.0776,2.5434,-2.7525;8.8729,4.0278,-4.7384;8.8164,2.6262,-5.7957;11.1101,1.9804,-5.0829;11.1649,3.3739,-3.9949;13.0712,3.1154,-5.6710;11.8831,5.6477,-8.0732;13.3986,6.6941,-9.6966;15.5651,6.6847,-10.7306;16.8479,5.7483,-10.1462;16.6333,4.3374,-8.2065;15.1214,3.2957,-6.5832;</g>
	</geometry>
	<conformers/>
	<properties/>
</molecule>
