<?xml version="1.0" ?>
<!--MOLLI PACKAGE EXPERIMENTAL XML FORMAT-->
<molecule name="nuc1467">
	<atoms>
		<a id="1" s="C" t="C.3" l="C"/>
		<a id="2" s="C" t="C.3" l="C"/>
		<a id="3" s="C" t="C.3" l="C"/>
		<a id="4" s="C" t="C.3" l="C"/>
		<a id="5" s="O" t="O.3" l="O"/>
		<a id="6" s="C" t="C.2" l="C"/>
		<a id="7" s="O" t="O.2" l="O"/>
		<a id="8" s="N" t="N.am" l="N"/>
		<a id="9" s="C" t="C.3" l="C"/>
		<a id="10" s="C" t="C.3" l="C"/>
		<a id="11" s="C" t="C.3" l="C"/>
		<a id="12" s="C" t="C.3" l="C"/>
		<a id="13" s="C" t="C.3" l="C"/>
		<a id="14" s="C" t="C.3" l="C"/>
		<a id="15" s="C" t="C.3" l="C"/>
		<a id="16" s="N" t="N.3" l="N"/>
		<a id="17" s="H" t="H" l="H"/>
		<a id="18" s="H" t="H" l="H"/>
		<a id="19" s="H" t="H" l="H"/>
		<a id="20" s="H" t="H" l="H"/>
		<a id="21" s="H" t="H" l="H"/>
		<a id="22" s="H" t="H" l="H"/>
		<a id="23" s="H" t="H" l="H"/>
		<a id="24" s="H" t="H" l="H"/>
		<a id="25" s="H" t="H" l="H"/>
		<a id="26" s="H" t="H" l="H"/>
		<a id="27" s="H" t="H" l="H"/>
		<a id="28" s="H" t="H" l="H"/>
		<a id="29" s="H" t="H" l="H"/>
		<a id="30" s="H" t="H" l="H"/>
		<a id="31" s="H" t="H" l="H"/>
		<a id="32" s="H" t="H" l="H"/>
		<a id="33" s="H" t="H" l="H"/>
		<a id="34" s="H" t="H" l="H"/>
		<a id="35" s="H" t="H" l="H"/>
		<a id="36" s="H" t="H" l="H"/>
		<a id="37" s="H" t="H" l="H"/>
		<a id="38" s="H" t="H" l="H"/>
	</atoms>
	<bonds>
		<b id="1" c="1 2" t="1"/>
		<b id="2" c="2 3" t="1"/>
		<b id="3" c="2 4" t="1"/>
		<b id="4" c="2 5" t="1"/>
		<b id="5" c="5 6" t="1"/>
		<b id="6" c="6 7" t="2"/>
		<b id="7" c="6 8" t="am"/>
		<b id="8" c="8 9" t="1"/>
		<b id="9" c="9 10" t="1"/>
		<b id="10" c="10 11" t="1"/>
		<b id="11" c="11 12" t="1"/>
		<b id="12" c="12 13" t="1"/>
		<b id="13" c="13 14" t="1"/>
		<b id="14" c="8 14" t="1"/>
		<b id="15" c="13 15" t="1"/>
		<b id="16" c="10 15" t="1"/>
		<b id="17" c="15 16" t="1"/>
		<b id="18" c="1 17" t="1"/>
		<b id="19" c="1 18" t="1"/>
		<b id="20" c="1 19" t="1"/>
		<b id="21" c="3 20" t="1"/>
		<b id="22" c="3 21" t="1"/>
		<b id="23" c="3 22" t="1"/>
		<b id="24" c="4 23" t="1"/>
		<b id="25" c="4 24" t="1"/>
		<b id="26" c="4 25" t="1"/>
		<b id="27" c="9 26" t="1"/>
		<b id="28" c="9 27" t="1"/>
		<b id="29" c="10 28" t="1"/>
		<b id="30" c="11 29" t="1"/>
		<b id="31" c="11 30" t="1"/>
		<b id="32" c="12 31" t="1"/>
		<b id="33" c="12 32" t="1"/>
		<b id="34" c="13 33" t="1"/>
		<b id="35" c="14 34" t="1"/>
		<b id="36" c="14 35" t="1"/>
		<b id="37" c="15 36" t="1"/>
		<b id="38" c="16 37" t="1"/>
		<b id="39" c="16 38" t="1"/>
	</bonds>
	<geometry>
		<g u="A" t="cart/3d">#38,3:2.8238,1.4225,2.1275;4.1516,1.2267,1.3962;3.9786,1.3995,-0.1130;5.2026,2.2029,1.9278;4.7063,-0.0763,1.6922;4.0402,-1.1918,1.3385;2.9476,-1.2255,0.8128;4.7532,-2.3065,1.6317;4.1323,-3.5928,1.3771;5.1372,-4.6602,0.9211;5.6431,-5.4948,2.1010;6.7677,-4.6474,2.7252;6.9436,-3.4437,1.7871;6.0810,-2.2455,2.2073;6.4467,-3.9934,0.4412;6.3998,-3.0199,-0.6228;2.4602,2.4327,1.9614;2.9596,1.2659,3.1957;2.0871,0.7144,1.7589;3.6485,2.4115,-0.3305;3.2375,0.6982,-0.4862;4.9243,1.2191,-0.6207;4.8802,3.2252,1.7539;6.1526,2.0394,1.4255;5.3456,2.0514,2.9946;3.3721,-3.4176,0.6108;3.6115,-3.9353,2.2810;4.6763,-5.2868,0.1545;6.0362,-6.4453,1.7388;4.8487,-5.7149,2.8130;7.6936,-5.2195,2.7820;6.5167,-4.3255,3.7351;7.9841,-3.1218,1.7400;6.5442,-1.3200,1.8599;6.0160,-2.1946,3.3023;7.1332,-4.7825,0.1106;5.7496,-2.2730,-0.4100;6.0976,-3.4587,-1.4851;</g>
	</geometry>
	<conformers/>
	<properties/>
</molecule>
