<?xml version="1.0" ?>
<!--MOLLI PACKAGE EXPERIMENTAL XML FORMAT-->
<molecule name="nuc1471">
	<atoms>
		<a id="1" s="C" t="C.3" l="C"/>
		<a id="2" s="C" t="C.3" l="C"/>
		<a id="3" s="C" t="C.3" l="C"/>
		<a id="4" s="C" t="C.ar" l="C"/>
		<a id="5" s="C" t="C.ar" l="C"/>
		<a id="6" s="C" t="C.ar" l="C"/>
		<a id="7" s="C" t="C.ar" l="C"/>
		<a id="8" s="C" t="C.ar" l="C"/>
		<a id="9" s="C" t="C.ar" l="C"/>
		<a id="10" s="C" t="C.ar" l="C"/>
		<a id="11" s="C" t="C.ar" l="C"/>
		<a id="12" s="C" t="C.ar" l="C"/>
		<a id="13" s="N" t="N.pl3" l="N"/>
		<a id="14" s="C" t="C.3" l="C"/>
		<a id="15" s="C" t="C.ar" l="C"/>
		<a id="16" s="C" t="C.ar" l="C"/>
		<a id="17" s="C" t="C.ar" l="C"/>
		<a id="18" s="C" t="C.ar" l="C"/>
		<a id="19" s="C" t="C.ar" l="C"/>
		<a id="20" s="C" t="C.ar" l="C"/>
		<a id="21" s="C" t="C.3" l="C"/>
		<a id="22" s="N" t="N.3" l="N"/>
		<a id="23" s="C" t="C.ar" l="C"/>
		<a id="24" s="C" t="C.ar" l="C"/>
		<a id="25" s="C" t="C.ar" l="C"/>
		<a id="26" s="C" t="C.ar" l="C"/>
		<a id="27" s="C" t="C.ar" l="C"/>
		<a id="28" s="C" t="C.ar" l="C"/>
		<a id="29" s="C" t="C.ar" l="C"/>
		<a id="30" s="C" t="C.ar" l="C"/>
		<a id="31" s="C" t="C.3" l="C"/>
		<a id="32" s="C" t="C.3" l="C"/>
		<a id="33" s="C" t="C.3" l="C"/>
		<a id="34" s="C" t="C.ar" l="C"/>
		<a id="35" s="H" t="H" l="H"/>
		<a id="36" s="H" t="H" l="H"/>
		<a id="37" s="H" t="H" l="H"/>
		<a id="38" s="H" t="H" l="H"/>
		<a id="39" s="H" t="H" l="H"/>
		<a id="40" s="H" t="H" l="H"/>
		<a id="41" s="H" t="H" l="H"/>
		<a id="42" s="H" t="H" l="H"/>
		<a id="43" s="H" t="H" l="H"/>
		<a id="44" s="H" t="H" l="H"/>
		<a id="45" s="H" t="H" l="H"/>
		<a id="46" s="H" t="H" l="H"/>
		<a id="47" s="H" t="H" l="H"/>
		<a id="48" s="H" t="H" l="H"/>
		<a id="49" s="H" t="H" l="H"/>
		<a id="50" s="H" t="H" l="H"/>
		<a id="51" s="H" t="H" l="H"/>
		<a id="52" s="H" t="H" l="H"/>
		<a id="53" s="H" t="H" l="H"/>
		<a id="54" s="H" t="H" l="H"/>
		<a id="55" s="H" t="H" l="H"/>
		<a id="56" s="H" t="H" l="H"/>
		<a id="57" s="H" t="H" l="H"/>
		<a id="58" s="H" t="H" l="H"/>
		<a id="59" s="H" t="H" l="H"/>
		<a id="60" s="H" t="H" l="H"/>
		<a id="61" s="H" t="H" l="H"/>
		<a id="62" s="H" t="H" l="H"/>
		<a id="63" s="H" t="H" l="H"/>
		<a id="64" s="H" t="H" l="H"/>
		<a id="65" s="H" t="H" l="H"/>
		<a id="66" s="H" t="H" l="H"/>
		<a id="67" s="H" t="H" l="H"/>
		<a id="68" s="H" t="H" l="H"/>
		<a id="69" s="H" t="H" l="H"/>
		<a id="70" s="H" t="H" l="H"/>
	</atoms>
	<bonds>
		<b id="1" c="1 2" t="1"/>
		<b id="2" c="2 3" t="1"/>
		<b id="3" c="2 4" t="1"/>
		<b id="4" c="4 5" t="ar"/>
		<b id="5" c="5 6" t="ar"/>
		<b id="6" c="6 7" t="1"/>
		<b id="7" c="7 8" t="ar"/>
		<b id="8" c="8 9" t="ar"/>
		<b id="9" c="9 10" t="ar"/>
		<b id="10" c="10 11" t="ar"/>
		<b id="11" c="11 12" t="ar"/>
		<b id="12" c="7 12" t="ar"/>
		<b id="13" c="12 13" t="1"/>
		<b id="14" c="13 14" t="1"/>
		<b id="15" c="14 15" t="1"/>
		<b id="16" c="15 16" t="ar"/>
		<b id="17" c="16 17" t="ar"/>
		<b id="18" c="17 18" t="ar"/>
		<b id="19" c="18 19" t="ar"/>
		<b id="20" c="19 20" t="ar"/>
		<b id="21" c="15 20" t="ar"/>
		<b id="22" c="14 21" t="1"/>
		<b id="23" c="21 22" t="1"/>
		<b id="24" c="21 23" t="1"/>
		<b id="25" c="23 24" t="ar"/>
		<b id="26" c="24 25" t="ar"/>
		<b id="27" c="25 26" t="ar"/>
		<b id="28" c="26 27" t="ar"/>
		<b id="29" c="27 28" t="ar"/>
		<b id="30" c="23 28" t="ar"/>
		<b id="31" c="6 29" t="ar"/>
		<b id="32" c="29 30" t="ar"/>
		<b id="33" c="30 31" t="1"/>
		<b id="34" c="31 32" t="1"/>
		<b id="35" c="31 33" t="1"/>
		<b id="36" c="30 34" t="ar"/>
		<b id="37" c="4 34" t="ar"/>
		<b id="38" c="1 35" t="1"/>
		<b id="39" c="1 36" t="1"/>
		<b id="40" c="1 37" t="1"/>
		<b id="41" c="2 38" t="1"/>
		<b id="42" c="3 39" t="1"/>
		<b id="43" c="3 40" t="1"/>
		<b id="44" c="3 41" t="1"/>
		<b id="45" c="5 42" t="1"/>
		<b id="46" c="8 43" t="1"/>
		<b id="47" c="9 44" t="1"/>
		<b id="48" c="10 45" t="1"/>
		<b id="49" c="11 46" t="1"/>
		<b id="50" c="13 47" t="1"/>
		<b id="51" c="14 48" t="1"/>
		<b id="52" c="16 49" t="1"/>
		<b id="53" c="17 50" t="1"/>
		<b id="54" c="18 51" t="1"/>
		<b id="55" c="19 52" t="1"/>
		<b id="56" c="20 53" t="1"/>
		<b id="57" c="21 54" t="1"/>
		<b id="58" c="22 55" t="1"/>
		<b id="59" c="22 56" t="1"/>
		<b id="60" c="24 57" t="1"/>
		<b id="61" c="25 58" t="1"/>
		<b id="62" c="26 59" t="1"/>
		<b id="63" c="27 60" t="1"/>
		<b id="64" c="28 61" t="1"/>
		<b id="65" c="29 62" t="1"/>
		<b id="66" c="31 63" t="1"/>
		<b id="67" c="32 64" t="1"/>
		<b id="68" c="32 65" t="1"/>
		<b id="69" c="32 66" t="1"/>
		<b id="70" c="33 67" t="1"/>
		<b id="71" c="33 68" t="1"/>
		<b id="72" c="33 69" t="1"/>
		<b id="73" c="34 70" t="1"/>
	</bonds>
	<geometry>
		<g u="A" t="cart/3d">#70,3:0.0756,-0.1595,0.4488;1.5814,-0.1561,0.1630;2.1263,1.2700,0.2118;2.2626,-1.0930,1.1323;2.7022,-0.6724,2.3779;3.2682,-1.5707,3.2747;3.6688,-1.1153,4.6177;2.7047,-0.4556,5.3748;2.9380,-0.0585,6.6764;4.1691,-0.3265,7.2505;5.1483,-0.9507,6.5081;4.9330,-1.3453,5.1836;5.9799,-1.9830,4.5287;6.2814,-1.7833,3.1221;6.2902,-0.3381,2.6897;6.7793,0.6577,3.5245;6.8299,1.9723,3.0968;6.4112,2.3043,1.8208;5.9264,1.3161,0.9807;5.8539,0.0066,1.4163;7.6772,-2.4218,2.8427;7.7463,-3.8259,3.1997;8.0275,-2.2140,1.3910;9.0152,-1.3093,1.0279;9.3089,-1.0820,-0.3046;8.6182,-1.7594,-1.2940;7.6315,-2.6636,-0.9427;7.3373,-2.8858,0.3899;3.3789,-2.9102,2.9153;2.9550,-3.3529,1.6705;3.0658,-4.8166,1.3138;1.6903,-5.4780,1.4349;3.6435,-5.0356,-0.0853;2.3980,-2.4332,0.7929;-0.4475,0.4809,-0.2583;-0.1147,0.2068,1.4554;-0.3270,-1.1670,0.3703;1.7377,-0.5472,-0.8495;1.8215,1.7744,1.1255;1.7428,1.8427,-0.6302;3.2124,1.2667,0.1664;2.6241,0.3643,2.6658;1.7370,-0.2804,4.9265;2.1666,0.4439,7.2400;4.3721,-0.0370,8.2712;6.1156,-1.1416,6.9561;6.8220,-1.9542,5.0934;5.5445,-2.3256,2.5203;7.1198,0.4136,4.5207;7.2044,2.7379,3.7608;6.4612,3.3286,1.4821;5.6077,1.5682,-0.0207;5.4608,-0.7587,0.7624;8.4167,-1.8975,3.4640;7.1741,-4.3811,2.5734;7.3922,-3.9642,4.1404;9.5553,-0.7738,1.7953;10.0787,-0.3724,-0.5710;8.8462,-1.5826,-2.3348;7.0859,-3.1950,-1.7093;6.5561,-3.5874,0.6485;3.7907,-3.6127,3.6275;3.7366,-5.2923,2.0396;0.9887,-5.0216,0.7401;1.3003,-5.3579,2.4433;1.7581,-6.5407,1.2119;2.9395,-4.7218,-0.8519;3.8607,-6.0907,-0.2394;4.5641,-4.4704,-0.2165;2.0518,-2.7603,-0.1769;</g>
	</geometry>
	<conformers/>
	<properties/>
</molecule>
