<?xml version="1.0" ?>
<!--MOLLI PACKAGE EXPERIMENTAL XML FORMAT-->
<molecule name="nuc1489">
	<atoms>
		<a id="1" s="C" t="C.3" l="C"/>
		<a id="2" s="C" t="C.3" l="C"/>
		<a id="3" s="O" t="O.3" l="O"/>
		<a id="4" s="C" t="C.2" l="C"/>
		<a id="5" s="O" t="O.2" l="O"/>
		<a id="6" s="C" t="C.ar" l="C"/>
		<a id="7" s="C" t="C.ar" l="C"/>
		<a id="8" s="C" t="C.ar" l="C"/>
		<a id="9" s="C" t="C.ar" l="C"/>
		<a id="10" s="C" t="C.3" l="C"/>
		<a id="11" s="N" t="N.3" l="N"/>
		<a id="12" s="C" t="C.ar" l="C"/>
		<a id="13" s="C" t="C.ar" l="C"/>
		<a id="14" s="H" t="H" l="H"/>
		<a id="15" s="H" t="H" l="H"/>
		<a id="16" s="H" t="H" l="H"/>
		<a id="17" s="H" t="H" l="H"/>
		<a id="18" s="H" t="H" l="H"/>
		<a id="19" s="H" t="H" l="H"/>
		<a id="20" s="H" t="H" l="H"/>
		<a id="21" s="H" t="H" l="H"/>
		<a id="22" s="H" t="H" l="H"/>
		<a id="23" s="H" t="H" l="H"/>
		<a id="24" s="H" t="H" l="H"/>
		<a id="25" s="H" t="H" l="H"/>
		<a id="26" s="H" t="H" l="H"/>
	</atoms>
	<bonds>
		<b id="1" c="1 2" t="1"/>
		<b id="2" c="2 3" t="1"/>
		<b id="3" c="3 4" t="1"/>
		<b id="4" c="4 5" t="2"/>
		<b id="5" c="4 6" t="1"/>
		<b id="6" c="6 7" t="ar"/>
		<b id="7" c="7 8" t="ar"/>
		<b id="8" c="8 9" t="ar"/>
		<b id="9" c="9 10" t="1"/>
		<b id="10" c="10 11" t="1"/>
		<b id="11" c="9 12" t="ar"/>
		<b id="12" c="12 13" t="ar"/>
		<b id="13" c="6 13" t="ar"/>
		<b id="14" c="1 14" t="1"/>
		<b id="15" c="1 15" t="1"/>
		<b id="16" c="1 16" t="1"/>
		<b id="17" c="2 17" t="1"/>
		<b id="18" c="2 18" t="1"/>
		<b id="19" c="7 19" t="1"/>
		<b id="20" c="8 20" t="1"/>
		<b id="21" c="10 21" t="1"/>
		<b id="22" c="10 22" t="1"/>
		<b id="23" c="11 23" t="1"/>
		<b id="24" c="11 24" t="1"/>
		<b id="25" c="12 25" t="1"/>
		<b id="26" c="13 26" t="1"/>
	</bonds>
	<geometry>
		<g u="A" t="cart/3d">#26,3:1.5243,0.3080,0.2282;2.6095,-0.6966,0.5894;3.2608,-0.3437,1.8076;4.2824,0.5230,1.7199;4.6755,0.9846,0.6752;4.8757,0.8330,3.0409;4.3593,0.3133,4.2250;4.9502,0.6311,5.4320;6.0573,1.4712,5.4822;6.6903,1.8288,6.8008;8.1163,2.0706,6.6476;6.5682,1.9910,4.2980;5.9851,1.6751,3.0882;1.0102,-0.0183,-0.6713;1.9692,1.2831,0.0464;0.8050,0.3934,1.0393;3.3562,-0.7484,-0.2101;2.1851,-1.6871,0.7680;3.5006,-0.3385,4.1901;4.5481,0.2233,6.3490;6.4531,1.0431,7.5394;6.2393,2.7618,7.1610;8.5828,1.2252,6.3354;8.5258,2.3466,7.5327;7.4279,2.6407,4.3463;6.3720,2.0711,2.1615;</g>
	</geometry>
	<conformers/>
	<properties/>
</molecule>
