<?xml version="1.0" ?>
<!--MOLLI PACKAGE EXPERIMENTAL XML FORMAT-->
<molecule name="nuc986">
	<atoms>
		<a id="1" s="C" t="C.3" l="C"/>
		<a id="2" s="O" t="O.3" l="O"/>
		<a id="3" s="C" t="C.2" l="C"/>
		<a id="4" s="N" t="N.am" l="N"/>
		<a id="5" s="O" t="O.2" l="O"/>
		<a id="6" s="H" t="H" l="H"/>
		<a id="7" s="H" t="H" l="H"/>
		<a id="8" s="H" t="H" l="H"/>
		<a id="9" s="H" t="H" l="H"/>
		<a id="10" s="H" t="H" l="H"/>
	</atoms>
	<bonds>
		<b id="1" c="1 2" t="1"/>
		<b id="2" c="2 3" t="1"/>
		<b id="3" c="3 4" t="am"/>
		<b id="4" c="3 5" t="2"/>
		<b id="5" c="1 6" t="1"/>
		<b id="6" c="1 7" t="1"/>
		<b id="7" c="1 8" t="1"/>
		<b id="8" c="4 9" t="1"/>
		<b id="9" c="4 10" t="1"/>
	</bonds>
	<geometry>
		<g u="A" t="cart/3d">#10,3:3.0507,-0.8065,-0.6295;2.3710,0.1872,0.1220;3.1703,1.0584,0.7810;2.4241,1.9582,1.4612;4.3722,1.0319,0.7602;2.2773,-1.4163,-1.0893;3.6809,-1.4144,0.0230;3.6793,-0.3443,-1.3935;1.4224,1.9171,1.4291;2.8858,2.6693,1.9973;</g>
	</geometry>
	<conformers/>
	<properties/>
</molecule>
