<?xml version="1.0" ?>
<!--MOLLI PACKAGE EXPERIMENTAL XML FORMAT-->
<molecule name="nuc1035">
	<atoms>
		<a id="1" s="C" t="C.3" l="C"/>
		<a id="2" s="C" t="C.3" l="C"/>
		<a id="3" s="C" t="C.ar" l="C"/>
		<a id="4" s="C" t="C.ar" l="C"/>
		<a id="5" s="C" t="C.ar" l="C"/>
		<a id="6" s="N" t="N.pl3" l="N"/>
		<a id="7" s="C" t="C.ar" l="C"/>
		<a id="8" s="O" t="O.3" l="O"/>
		<a id="9" s="C" t="C.3" l="C"/>
		<a id="10" s="C" t="C.ar" l="C"/>
		<a id="11" s="C" t="C.ar" l="C"/>
		<a id="12" s="N" t="N.pl3" l="N"/>
		<a id="13" s="C" t="C.3" l="C"/>
		<a id="14" s="C" t="C.3" l="C"/>
		<a id="15" s="C" t="C.3" l="C"/>
		<a id="16" s="C" t="C.3" l="C"/>
		<a id="17" s="N" t="N.3" l="N"/>
		<a id="18" s="C" t="C.3" l="C"/>
		<a id="19" s="C" t="C.3" l="C"/>
		<a id="20" s="C" t="C.3" l="C"/>
		<a id="21" s="C" t="C.3" l="C"/>
		<a id="22" s="H" t="H" l="H"/>
		<a id="23" s="H" t="H" l="H"/>
		<a id="24" s="H" t="H" l="H"/>
		<a id="25" s="H" t="H" l="H"/>
		<a id="26" s="H" t="H" l="H"/>
		<a id="27" s="H" t="H" l="H"/>
		<a id="28" s="H" t="H" l="H"/>
		<a id="29" s="H" t="H" l="H"/>
		<a id="30" s="H" t="H" l="H"/>
		<a id="31" s="H" t="H" l="H"/>
		<a id="32" s="H" t="H" l="H"/>
		<a id="33" s="H" t="H" l="H"/>
		<a id="34" s="H" t="H" l="H"/>
		<a id="35" s="H" t="H" l="H"/>
		<a id="36" s="H" t="H" l="H"/>
		<a id="37" s="H" t="H" l="H"/>
		<a id="38" s="H" t="H" l="H"/>
		<a id="39" s="H" t="H" l="H"/>
		<a id="40" s="H" t="H" l="H"/>
		<a id="41" s="H" t="H" l="H"/>
		<a id="42" s="H" t="H" l="H"/>
		<a id="43" s="H" t="H" l="H"/>
		<a id="44" s="H" t="H" l="H"/>
		<a id="45" s="H" t="H" l="H"/>
		<a id="46" s="H" t="H" l="H"/>
		<a id="47" s="H" t="H" l="H"/>
		<a id="48" s="H" t="H" l="H"/>
	</atoms>
	<bonds>
		<b id="1" c="1 2" t="1"/>
		<b id="2" c="2 3" t="1"/>
		<b id="3" c="3 4" t="ar"/>
		<b id="4" c="4 5" t="ar"/>
		<b id="5" c="5 6" t="1"/>
		<b id="6" c="5 7" t="ar"/>
		<b id="7" c="7 8" t="1"/>
		<b id="8" c="8 9" t="1"/>
		<b id="9" c="7 10" t="ar"/>
		<b id="10" c="10 11" t="ar"/>
		<b id="11" c="3 11" t="ar"/>
		<b id="12" c="11 12" t="1"/>
		<b id="13" c="12 13" t="1"/>
		<b id="14" c="13 14" t="1"/>
		<b id="15" c="14 15" t="1"/>
		<b id="16" c="15 16" t="1"/>
		<b id="17" c="16 17" t="1"/>
		<b id="18" c="17 18" t="1"/>
		<b id="19" c="17 19" t="1"/>
		<b id="20" c="19 20" t="1"/>
		<b id="21" c="14 20" t="1"/>
		<b id="22" c="14 21" t="1"/>
		<b id="23" c="12 21" t="1"/>
		<b id="24" c="1 22" t="1"/>
		<b id="25" c="1 23" t="1"/>
		<b id="26" c="1 24" t="1"/>
		<b id="27" c="2 25" t="1"/>
		<b id="28" c="2 26" t="1"/>
		<b id="29" c="4 27" t="1"/>
		<b id="30" c="6 28" t="1"/>
		<b id="31" c="6 29" t="1"/>
		<b id="32" c="9 30" t="1"/>
		<b id="33" c="9 31" t="1"/>
		<b id="34" c="9 32" t="1"/>
		<b id="35" c="10 33" t="1"/>
		<b id="36" c="13 34" t="1"/>
		<b id="37" c="13 35" t="1"/>
		<b id="38" c="15 36" t="1"/>
		<b id="39" c="15 37" t="1"/>
		<b id="40" c="16 38" t="1"/>
		<b id="41" c="16 39" t="1"/>
		<b id="42" c="18 40" t="1"/>
		<b id="43" c="18 41" t="1"/>
		<b id="44" c="18 42" t="1"/>
		<b id="45" c="19 43" t="1"/>
		<b id="46" c="19 44" t="1"/>
		<b id="47" c="20 45" t="1"/>
		<b id="48" c="20 46" t="1"/>
		<b id="49" c="21 47" t="1"/>
		<b id="50" c="21 48" t="1"/>
	</bonds>
	<geometry>
		<g u="A" t="cart/3d">#48,3:0.8986,0.9977,-0.6976;0.7406,-0.3451,-1.4135;2.0704,-0.9567,-1.7757;2.7164,-0.4271,-2.8837;3.9222,-0.9153,-3.3680;4.5096,-0.4192,-4.5269;4.4885,-2.0038,-2.6981;5.7047,-2.5140,-3.1492;5.5936,-3.7523,-3.8132;3.8685,-2.5351,-1.5847;2.6706,-2.0185,-1.0800;2.1090,-2.6424,0.0247;1.3792,-2.0362,1.1328;1.9766,-3.0870,2.0871;0.9823,-4.1460,2.5527;0.0721,-3.5774,3.6514;0.7907,-3.0327,4.7857;1.3534,-4.0338,5.6653;1.7390,-2.0282,4.3497;2.7304,-2.5290,3.2890;2.8605,-3.5259,0.9052;-0.0760,1.4246,-0.4697;1.4444,1.6975,-1.3256;1.4502,0.8827,0.2322;0.1804,-0.1760,-2.3368;0.1576,-1.0284,-0.8019;2.2488,0.3928,-3.4119;4.3208,0.5532,-4.7183;5.4879,-0.6615,-4.6022;5.1570,-4.5202,-3.1661;6.6051,-4.0459,-4.0907;4.9781,-3.6602,-4.7157;4.3372,-3.3789,-1.1031;0.2937,-2.0807,1.0201;1.6792,-1.0093,1.3605;1.5322,-5.0074,2.9395;0.3760,-4.4847,1.7115;-0.6092,-4.3512,4.0120;-0.5297,-2.7642,3.2326;0.5494,-4.6816,6.0131;1.7879,-3.5320,6.5294;2.1287,-4.6628,5.2060;2.2795,-1.6587,5.2240;1.1602,-1.1981,3.9313;3.3613,-3.3140,3.7132;3.3807,-1.7080,2.9813;2.7941,-4.5793,0.6194;3.9133,-3.2493,1.0337;</g>
	</geometry>
	<conformers/>
	<properties/>
</molecule>
