<?xml version="1.0" ?>
<!--MOLLI PACKAGE EXPERIMENTAL XML FORMAT-->
<molecule name="nuc1037">
	<atoms>
		<a id="1" s="C" t="C.3" l="C"/>
		<a id="2" s="N" t="N.3" l="N"/>
		<a id="3" s="C" t="C.3" l="C"/>
		<a id="4" s="C" t="C.3" l="C"/>
		<a id="5" s="C" t="C.3" l="C"/>
		<a id="6" s="C" t="C.3" l="C"/>
		<a id="7" s="C" t="C.3" l="C"/>
		<a id="8" s="C" t="C.3" l="C"/>
		<a id="9" s="N" t="N.pl3" l="N"/>
		<a id="10" s="C" t="C.ar" l="C"/>
		<a id="11" s="C" t="C.ar" l="C"/>
		<a id="12" s="C" t="C.ar" l="C"/>
		<a id="13" s="C" t="C.ar" l="C"/>
		<a id="14" s="C" t="C.ar" l="C"/>
		<a id="15" s="N" t="N.pl3" l="N"/>
		<a id="16" s="C" t="C.ar" l="C"/>
		<a id="17" s="C" t="C.ar" l="C"/>
		<a id="18" s="N" t="N.ar" l="N"/>
		<a id="19" s="N" t="N.ar" l="N"/>
		<a id="20" s="C" t="C.3" l="C"/>
		<a id="21" s="C" t="C.3" l="C"/>
		<a id="22" s="H" t="H" l="H"/>
		<a id="23" s="H" t="H" l="H"/>
		<a id="24" s="H" t="H" l="H"/>
		<a id="25" s="H" t="H" l="H"/>
		<a id="26" s="H" t="H" l="H"/>
		<a id="27" s="H" t="H" l="H"/>
		<a id="28" s="H" t="H" l="H"/>
		<a id="29" s="H" t="H" l="H"/>
		<a id="30" s="H" t="H" l="H"/>
		<a id="31" s="H" t="H" l="H"/>
		<a id="32" s="H" t="H" l="H"/>
		<a id="33" s="H" t="H" l="H"/>
		<a id="34" s="H" t="H" l="H"/>
		<a id="35" s="H" t="H" l="H"/>
		<a id="36" s="H" t="H" l="H"/>
		<a id="37" s="H" t="H" l="H"/>
		<a id="38" s="H" t="H" l="H"/>
		<a id="39" s="H" t="H" l="H"/>
		<a id="40" s="H" t="H" l="H"/>
		<a id="41" s="H" t="H" l="H"/>
		<a id="42" s="H" t="H" l="H"/>
		<a id="43" s="H" t="H" l="H"/>
		<a id="44" s="H" t="H" l="H"/>
	</atoms>
	<bonds>
		<b id="1" c="1 2" t="1"/>
		<b id="2" c="2 3" t="1"/>
		<b id="3" c="3 4" t="1"/>
		<b id="4" c="4 5" t="1"/>
		<b id="5" c="5 6" t="1"/>
		<b id="6" c="6 7" t="1"/>
		<b id="7" c="2 7" t="1"/>
		<b id="8" c="5 8" t="1"/>
		<b id="9" c="8 9" t="1"/>
		<b id="10" c="9 10" t="1"/>
		<b id="11" c="10 11" t="ar"/>
		<b id="12" c="11 12" t="ar"/>
		<b id="13" c="12 13" t="ar"/>
		<b id="14" c="13 14" t="ar"/>
		<b id="15" c="14 15" t="1"/>
		<b id="16" c="14 16" t="ar"/>
		<b id="17" c="16 17" t="ar"/>
		<b id="18" c="11 17" t="ar"/>
		<b id="19" c="17 18" t="ar"/>
		<b id="20" c="18 19" t="ar"/>
		<b id="21" c="10 19" t="ar"/>
		<b id="22" c="19 20" t="1"/>
		<b id="23" c="9 21" t="1"/>
		<b id="24" c="5 21" t="1"/>
		<b id="25" c="1 22" t="1"/>
		<b id="26" c="1 23" t="1"/>
		<b id="27" c="1 24" t="1"/>
		<b id="28" c="3 25" t="1"/>
		<b id="29" c="3 26" t="1"/>
		<b id="30" c="4 27" t="1"/>
		<b id="31" c="4 28" t="1"/>
		<b id="32" c="6 29" t="1"/>
		<b id="33" c="6 30" t="1"/>
		<b id="34" c="7 31" t="1"/>
		<b id="35" c="7 32" t="1"/>
		<b id="36" c="8 33" t="1"/>
		<b id="37" c="8 34" t="1"/>
		<b id="38" c="12 35" t="1"/>
		<b id="39" c="13 36" t="1"/>
		<b id="40" c="15 37" t="1"/>
		<b id="41" c="15 38" t="1"/>
		<b id="42" c="16 39" t="1"/>
		<b id="43" c="20 40" t="1"/>
		<b id="44" c="20 41" t="1"/>
		<b id="45" c="20 42" t="1"/>
		<b id="46" c="21 43" t="1"/>
		<b id="47" c="21 44" t="1"/>
	</bonds>
	<geometry>
		<g u="A" t="cart/3d">#44,3:0.9847,-0.5902,-0.7815;2.1526,-0.0475,-0.1230;3.2318,-0.9979,0.0510;2.9869,-2.0207,1.1710;2.6924,-1.3046,2.4851;1.5466,-0.3195,2.2876;1.8671,0.6311,1.1240;3.9408,-0.7342,3.1858;3.8785,-1.8228,4.1545;4.2441,-1.6615,5.4704;5.0100,-0.6627,6.0941;5.6763,0.5083,5.6988;6.3331,1.2412,6.6436;6.3711,0.8496,8.0077;6.9864,1.6952,8.9206;5.7588,-0.3099,8.4180;5.0737,-1.0801,7.4660;4.4255,-2.2291,7.6441;3.9410,-2.5595,6.4317;3.2583,-3.8141,6.2941;2.5566,-2.2499,3.6956;1.2854,-0.9873,-1.7504;0.2733,0.2180,-0.9480;0.4750,-1.3889,-0.2245;4.1330,-0.4219,0.2843;3.3960,-1.5139,-0.8974;3.8635,-2.6603,1.2821;2.1362,-2.6552,0.9107;1.3823,0.2611,3.1974;0.6289,-0.8725,2.0726;2.7527,1.2211,1.3820;1.0352,1.3199,0.9624;3.7743,0.2547,3.6229;4.8710,-0.7316,2.6144;5.6886,0.8230,4.6659;6.8487,2.1487,6.3611;7.6994,2.2996,8.5436;7.2379,1.2685,9.7985;5.7960,-0.6337,9.4464;3.4010,-4.3526,7.2290;3.6838,-4.3894,5.4709;2.1886,-3.6765,6.1249;1.7381,-1.9724,4.3685;2.4982,-3.3160,3.4656;</g>
	</geometry>
	<conformers/>
	<properties/>
</molecule>
