<?xml version="1.0" ?>
<!--MOLLI PACKAGE EXPERIMENTAL XML FORMAT-->
<molecule name="nuc1038">
	<atoms>
		<a id="1" s="C" t="C.3" l="C"/>
		<a id="2" s="O" t="O.3" l="O"/>
		<a id="3" s="C" t="C.ar" l="C"/>
		<a id="4" s="C" t="C.ar" l="C"/>
		<a id="5" s="C" t="C.ar" l="C"/>
		<a id="6" s="C" t="C.ar" l="C"/>
		<a id="7" s="C" t="C.ar" l="C"/>
		<a id="8" s="C" t="C.ar" l="C"/>
		<a id="9" s="N" t="N.ar" l="N"/>
		<a id="10" s="C" t="C.ar" l="C"/>
		<a id="11" s="N" t="N.pl3" l="N"/>
		<a id="12" s="N" t="N.ar" l="N"/>
		<a id="13" s="C" t="C.3" l="C"/>
		<a id="14" s="H" t="H" l="H"/>
		<a id="15" s="H" t="H" l="H"/>
		<a id="16" s="H" t="H" l="H"/>
		<a id="17" s="H" t="H" l="H"/>
		<a id="18" s="H" t="H" l="H"/>
		<a id="19" s="H" t="H" l="H"/>
		<a id="20" s="H" t="H" l="H"/>
		<a id="21" s="H" t="H" l="H"/>
		<a id="22" s="H" t="H" l="H"/>
		<a id="23" s="H" t="H" l="H"/>
		<a id="24" s="H" t="H" l="H"/>
	</atoms>
	<bonds>
		<b id="1" c="1 2" t="1"/>
		<b id="2" c="2 3" t="1"/>
		<b id="3" c="3 4" t="ar"/>
		<b id="4" c="4 5" t="ar"/>
		<b id="5" c="5 6" t="ar"/>
		<b id="6" c="6 7" t="ar"/>
		<b id="7" c="7 8" t="ar"/>
		<b id="8" c="3 8" t="ar"/>
		<b id="9" c="7 9" t="ar"/>
		<b id="10" c="9 10" t="ar"/>
		<b id="11" c="10 11" t="1"/>
		<b id="12" c="10 12" t="ar"/>
		<b id="13" c="6 12" t="ar"/>
		<b id="14" c="12 13" t="1"/>
		<b id="15" c="1 14" t="1"/>
		<b id="16" c="1 15" t="1"/>
		<b id="17" c="1 16" t="1"/>
		<b id="18" c="4 17" t="1"/>
		<b id="19" c="5 18" t="1"/>
		<b id="20" c="8 19" t="1"/>
		<b id="21" c="11 20" t="1"/>
		<b id="22" c="11 21" t="1"/>
		<b id="23" c="13 22" t="1"/>
		<b id="24" c="13 23" t="1"/>
		<b id="25" c="13 24" t="1"/>
	</bonds>
	<geometry>
		<g u="A" t="cart/3d">#24,3:1.4478,0.0282,0.7487;2.5408,0.0731,-0.1303;3.1072,1.2880,-0.4181;2.6740,2.4993,0.1281;3.2896,3.6969,-0.1998;4.3437,3.6570,-1.0866;4.7931,2.4362,-1.6451;4.1732,1.2456,-1.3109;5.8582,2.6765,-2.4793;6.0436,3.9663,-2.4374;6.9712,4.6424,-3.1879;5.1654,4.6315,-1.6208;5.0963,6.0474,-1.4032;1.1672,-1.0224,0.8163;0.5962,0.6030,0.3677;1.7132,0.3931,1.7472;1.8481,2.5220,0.8209;2.9426,4.6223,0.2363;4.4961,0.3047,-1.7219;7.6247,4.0177,-3.6348;7.4080,5.4333,-2.7388;5.2725,6.5752,-2.3419;5.8357,6.3745,-0.6631;4.1027,6.3024,-1.0384;</g>
	</geometry>
	<conformers/>
	<properties/>
</molecule>
