<?xml version="1.0" ?>
<!--MOLLI PACKAGE EXPERIMENTAL XML FORMAT-->
<molecule name="nuc1045">
	<atoms>
		<a id="1" s="C" t="C.2" l="C"/>
		<a id="2" s="C" t="C.2" l="C"/>
		<a id="3" s="C" t="C.3" l="C"/>
		<a id="4" s="N" t="N.3" l="N"/>
		<a id="5" s="H" t="H" l="H"/>
		<a id="6" s="H" t="H" l="H"/>
		<a id="7" s="H" t="H" l="H"/>
		<a id="8" s="H" t="H" l="H"/>
		<a id="9" s="H" t="H" l="H"/>
		<a id="10" s="H" t="H" l="H"/>
		<a id="11" s="H" t="H" l="H"/>
	</atoms>
	<bonds>
		<b id="1" c="1 2" t="2"/>
		<b id="2" c="2 3" t="1"/>
		<b id="3" c="3 4" t="1"/>
		<b id="4" c="1 5" t="1"/>
		<b id="5" c="1 6" t="1"/>
		<b id="6" c="2 7" t="1"/>
		<b id="7" c="3 8" t="1"/>
		<b id="8" c="3 9" t="1"/>
		<b id="9" c="4 10" t="1"/>
		<b id="10" c="4 11" t="1"/>
	</bonds>
	<geometry>
		<g u="A" t="cart/3d">#11,3:1.5020,-0.5981,0.6973;2.4293,0.0834,0.0527;3.1903,1.2369,0.6298;4.6165,1.0501,0.3884;0.9768,-1.4202,0.2416;1.2174,-0.3541,1.7086;2.7124,-0.1746,-0.9581;2.9338,1.3557,1.6963;2.8943,2.1547,0.1077;4.9385,0.2054,0.8495;5.1446,1.8302,0.7638;</g>
	</geometry>
	<conformers/>
	<properties/>
</molecule>
