<?xml version="1.0" ?>
<!--MOLLI PACKAGE EXPERIMENTAL XML FORMAT-->
<molecule name="nuc1046">
	<atoms>
		<a id="1" s="C" t="C.3" l="C"/>
		<a id="2" s="C" t="C.3" l="C"/>
		<a id="3" s="C" t="C.3" l="C"/>
		<a id="4" s="N" t="N.3" l="N"/>
		<a id="5" s="C" t="C.3" l="C"/>
		<a id="6" s="C" t="C.3" l="C"/>
		<a id="7" s="N" t="N.3" l="N"/>
		<a id="8" s="H" t="H" l="H"/>
		<a id="9" s="H" t="H" l="H"/>
		<a id="10" s="H" t="H" l="H"/>
		<a id="11" s="H" t="H" l="H"/>
		<a id="12" s="H" t="H" l="H"/>
		<a id="13" s="H" t="H" l="H"/>
		<a id="14" s="H" t="H" l="H"/>
		<a id="15" s="H" t="H" l="H"/>
		<a id="16" s="H" t="H" l="H"/>
		<a id="17" s="H" t="H" l="H"/>
		<a id="18" s="H" t="H" l="H"/>
		<a id="19" s="H" t="H" l="H"/>
		<a id="20" s="H" t="H" l="H"/>
		<a id="21" s="H" t="H" l="H"/>
	</atoms>
	<bonds>
		<b id="1" c="1 2" t="1"/>
		<b id="2" c="2 3" t="1"/>
		<b id="3" c="3 4" t="1"/>
		<b id="4" c="4 5" t="1"/>
		<b id="5" c="5 6" t="1"/>
		<b id="6" c="6 7" t="1"/>
		<b id="7" c="1 8" t="1"/>
		<b id="8" c="1 9" t="1"/>
		<b id="9" c="1 10" t="1"/>
		<b id="10" c="2 11" t="1"/>
		<b id="11" c="2 12" t="1"/>
		<b id="12" c="3 13" t="1"/>
		<b id="13" c="3 14" t="1"/>
		<b id="14" c="4 15" t="1"/>
		<b id="15" c="5 16" t="1"/>
		<b id="16" c="5 17" t="1"/>
		<b id="17" c="6 18" t="1"/>
		<b id="18" c="6 19" t="1"/>
		<b id="19" c="7 20" t="1"/>
		<b id="20" c="7 21" t="1"/>
	</bonds>
	<geometry>
		<g u="A" t="cart/3d">#21,3:0.9696,0.0714,-0.1239;2.4905,0.0777,-0.0396;3.0112,-1.0521,0.8436;4.4614,-1.0872,0.8277;5.0139,-2.0968,1.7118;6.5384,-2.1440,1.6139;7.1324,-0.9719,2.2425;0.6183,0.8918,-0.7449;0.5325,0.1783,0.8667;0.6157,-0.8625,-0.5545;2.8293,1.0350,0.3645;2.9200,-0.0338,-1.0364;2.6562,-2.0131,0.4564;2.6069,-0.9362,1.8665;4.8123,-0.1749,1.1075;4.6106,-3.0638,1.3962;4.7321,-1.9344,2.7661;6.8152,-2.2566,0.5537;6.8940,-3.0227,2.1585;6.9206,-0.1425,1.6972;8.1422,-1.0642,2.2665;</g>
	</geometry>
	<conformers/>
	<properties/>
</molecule>
