<?xml version="1.0" ?>
<!--MOLLI PACKAGE EXPERIMENTAL XML FORMAT-->
<molecule name="nuc1047">
	<atoms>
		<a id="1" s="N" t="N.pl3" l="N"/>
		<a id="2" s="C" t="C.ar" l="C"/>
		<a id="3" s="N" t="N.ar" l="N"/>
		<a id="4" s="N" t="N.ar" l="N"/>
		<a id="5" s="C" t="C.ar" l="C"/>
		<a id="6" s="S" t="S.2" l="S"/>
		<a id="7" s="H" t="H" l="H"/>
		<a id="8" s="H" t="H" l="H"/>
		<a id="9" s="H" t="H" l="H"/>
	</atoms>
	<bonds>
		<b id="1" c="1 2" t="1"/>
		<b id="2" c="2 3" t="ar"/>
		<b id="3" c="3 4" t="ar"/>
		<b id="4" c="4 5" t="ar"/>
		<b id="5" c="5 6" t="ar"/>
		<b id="6" c="2 6" t="ar"/>
		<b id="7" c="1 7" t="1"/>
		<b id="8" c="1 8" t="1"/>
		<b id="9" c="5 9" t="1"/>
	</bonds>
	<geometry>
		<g u="A" t="cart/3d">#9,3:-2.1586,0.1819,0.1266;-0.8150,0.2371,0.0270;-0.1213,1.3250,-0.0026;1.1895,1.1184,-0.0282;1.5294,-0.1091,-0.0245;0.1821,-1.2275,0.0171;-2.6498,1.0451,-0.0388;-2.6254,-0.6713,-0.1271;2.5409,-0.4577,-0.0440;</g>
	</geometry>
	<conformers/>
	<properties/>
</molecule>
