<?xml version="1.0" ?>
<!--MOLLI PACKAGE EXPERIMENTAL XML FORMAT-->
<molecule name="nuc1050">
	<atoms>
		<a id="1" s="C" t="C.3" l="C"/>
		<a id="2" s="C" t="C.3" l="C"/>
		<a id="3" s="C" t="C.3" l="C"/>
		<a id="4" s="C" t="C.ar" l="C"/>
		<a id="5" s="C" t="C.ar" l="C"/>
		<a id="6" s="C" t="C.ar" l="C"/>
		<a id="7" s="C" t="C.3" l="C"/>
		<a id="8" s="C" t="C.3" l="C"/>
		<a id="9" s="C" t="C.3" l="C"/>
		<a id="10" s="C" t="C.ar" l="C"/>
		<a id="11" s="S" t="S.O2" l="S"/>
		<a id="12" s="N" t="N.3" l="N"/>
		<a id="13" s="O" t="O.2" l="O"/>
		<a id="14" s="O" t="O.2" l="O"/>
		<a id="15" s="C" t="C.ar" l="C"/>
		<a id="16" s="C" t="C.3" l="C"/>
		<a id="17" s="C" t="C.3" l="C"/>
		<a id="18" s="C" t="C.3" l="C"/>
		<a id="19" s="C" t="C.ar" l="C"/>
		<a id="20" s="H" t="H" l="H"/>
		<a id="21" s="H" t="H" l="H"/>
		<a id="22" s="H" t="H" l="H"/>
		<a id="23" s="H" t="H" l="H"/>
		<a id="24" s="H" t="H" l="H"/>
		<a id="25" s="H" t="H" l="H"/>
		<a id="26" s="H" t="H" l="H"/>
		<a id="27" s="H" t="H" l="H"/>
		<a id="28" s="H" t="H" l="H"/>
		<a id="29" s="H" t="H" l="H"/>
		<a id="30" s="H" t="H" l="H"/>
		<a id="31" s="H" t="H" l="H"/>
		<a id="32" s="H" t="H" l="H"/>
		<a id="33" s="H" t="H" l="H"/>
		<a id="34" s="H" t="H" l="H"/>
		<a id="35" s="H" t="H" l="H"/>
		<a id="36" s="H" t="H" l="H"/>
		<a id="37" s="H" t="H" l="H"/>
		<a id="38" s="H" t="H" l="H"/>
		<a id="39" s="H" t="H" l="H"/>
		<a id="40" s="H" t="H" l="H"/>
		<a id="41" s="H" t="H" l="H"/>
		<a id="42" s="H" t="H" l="H"/>
		<a id="43" s="H" t="H" l="H"/>
		<a id="44" s="H" t="H" l="H"/>
	</atoms>
	<bonds>
		<b id="1" c="1 2" t="1"/>
		<b id="2" c="2 3" t="1"/>
		<b id="3" c="2 4" t="1"/>
		<b id="4" c="4 5" t="ar"/>
		<b id="5" c="5 6" t="ar"/>
		<b id="6" c="6 7" t="1"/>
		<b id="7" c="7 8" t="1"/>
		<b id="8" c="7 9" t="1"/>
		<b id="9" c="6 10" t="ar"/>
		<b id="10" c="10 11" t="1"/>
		<b id="11" c="11 12" t="1"/>
		<b id="12" c="11 13" t="2"/>
		<b id="13" c="11 14" t="2"/>
		<b id="14" c="10 15" t="ar"/>
		<b id="15" c="15 16" t="1"/>
		<b id="16" c="16 17" t="1"/>
		<b id="17" c="16 18" t="1"/>
		<b id="18" c="15 19" t="ar"/>
		<b id="19" c="4 19" t="ar"/>
		<b id="20" c="1 20" t="1"/>
		<b id="21" c="1 21" t="1"/>
		<b id="22" c="1 22" t="1"/>
		<b id="23" c="2 23" t="1"/>
		<b id="24" c="3 24" t="1"/>
		<b id="25" c="3 25" t="1"/>
		<b id="26" c="3 26" t="1"/>
		<b id="27" c="5 27" t="1"/>
		<b id="28" c="7 28" t="1"/>
		<b id="29" c="8 29" t="1"/>
		<b id="30" c="8 30" t="1"/>
		<b id="31" c="8 31" t="1"/>
		<b id="32" c="9 32" t="1"/>
		<b id="33" c="9 33" t="1"/>
		<b id="34" c="9 34" t="1"/>
		<b id="35" c="12 35" t="1"/>
		<b id="36" c="12 36" t="1"/>
		<b id="37" c="16 37" t="1"/>
		<b id="38" c="17 38" t="1"/>
		<b id="39" c="17 39" t="1"/>
		<b id="40" c="17 40" t="1"/>
		<b id="41" c="18 41" t="1"/>
		<b id="42" c="18 42" t="1"/>
		<b id="43" c="18 43" t="1"/>
		<b id="44" c="19 44" t="1"/>
	</bonds>
	<geometry>
		<g u="A" t="cart/3d">#44,3:3.6468,-0.7251,-0.7432;2.5641,-0.0047,0.0638;1.2253,-0.7361,-0.0481;2.9873,0.1340,1.5052;3.2149,1.3823,2.0585;3.5986,1.5408,3.3851;3.8537,2.9405,3.8895;4.9108,3.6412,3.0301;2.5511,3.7438,3.9151;3.7413,0.4006,4.1754;4.0945,0.6693,5.9196;2.7901,1.6654,6.3585;3.9715,-0.5231,6.7129;5.2997,1.4316,6.0793;3.5771,-0.8756,3.6353;3.7868,-2.1498,4.4184;2.4317,-2.6596,4.9198;4.4971,-3.2313,3.5991;3.1873,-0.9793,2.3049;3.3677,-0.7670,-1.7936;3.7845,-1.7414,-0.3833;4.5952,-0.1998,-0.6569;2.4394,1.0004,-0.3538;1.3094,-1.7576,0.3134;0.9010,-0.7668,-1.0859;0.4643,-0.2256,0.5378;3.0871,2.2572,1.4395;4.2500,2.8856,4.8997;4.5666,3.7942,2.0104;5.8226,3.0501,3.0055;5.1441,4.6127,3.4594;2.1295,3.8349,2.9167;2.7387,4.7432,4.3002;1.8246,3.2528,4.5573;2.1060,1.1147,6.8540;3.0987,2.4335,6.9348;4.4061,-1.9303,5.2862;1.7379,-2.7907,4.0912;2.0097,-1.9498,5.6259;2.5580,-3.6129,5.4263;3.8342,-3.6866,2.8669;4.8419,-4.0182,4.2658;5.3599,-2.8174,3.0822;3.0376,-1.9599,1.8849;</g>
	</geometry>
	<conformers/>
	<properties/>
</molecule>
