<?xml version="1.0" ?>
<!--MOLLI PACKAGE EXPERIMENTAL XML FORMAT-->
<molecule name="nuc988">
	<atoms>
		<a id="1" s="C" t="C.3" l="C"/>
		<a id="2" s="O" t="O.3" l="O"/>
		<a id="3" s="C" t="C.3" l="C"/>
		<a id="4" s="O" t="O.3" l="O"/>
		<a id="5" s="C" t="C.3" l="C"/>
		<a id="6" s="C" t="C.3" l="C"/>
		<a id="7" s="O" t="O.3" l="O"/>
		<a id="8" s="C" t="C.3" l="C"/>
		<a id="9" s="C" t="C.ar" l="C"/>
		<a id="10" s="C" t="C.ar" l="C"/>
		<a id="11" s="C" t="C.ar" l="C"/>
		<a id="12" s="C" t="C.ar" l="C"/>
		<a id="13" s="C" t="C.ar" l="C"/>
		<a id="14" s="C" t="C.ar" l="C"/>
		<a id="15" s="C" t="C.3" l="C"/>
		<a id="16" s="N" t="N.3" l="N"/>
		<a id="17" s="C" t="C.3" l="C"/>
		<a id="18" s="O" t="O.3" l="O"/>
		<a id="19" s="C" t="C.3" l="C"/>
		<a id="20" s="C" t="C.ar" l="C"/>
		<a id="21" s="C" t="C.ar" l="C"/>
		<a id="22" s="C" t="C.ar" l="C"/>
		<a id="23" s="C" t="C.ar" l="C"/>
		<a id="24" s="C" t="C.ar" l="C"/>
		<a id="25" s="C" t="C.ar" l="C"/>
		<a id="26" s="C" t="C.3" l="C"/>
		<a id="27" s="O" t="O.3" l="O"/>
		<a id="28" s="C" t="C.3" l="C"/>
		<a id="29" s="C" t="C.ar" l="C"/>
		<a id="30" s="C" t="C.ar" l="C"/>
		<a id="31" s="C" t="C.ar" l="C"/>
		<a id="32" s="C" t="C.ar" l="C"/>
		<a id="33" s="C" t="C.ar" l="C"/>
		<a id="34" s="C" t="C.ar" l="C"/>
		<a id="35" s="H" t="H" l="H"/>
		<a id="36" s="H" t="H" l="H"/>
		<a id="37" s="H" t="H" l="H"/>
		<a id="38" s="H" t="H" l="H"/>
		<a id="39" s="H" t="H" l="H"/>
		<a id="40" s="H" t="H" l="H"/>
		<a id="41" s="H" t="H" l="H"/>
		<a id="42" s="H" t="H" l="H"/>
		<a id="43" s="H" t="H" l="H"/>
		<a id="44" s="H" t="H" l="H"/>
		<a id="45" s="H" t="H" l="H"/>
		<a id="46" s="H" t="H" l="H"/>
		<a id="47" s="H" t="H" l="H"/>
		<a id="48" s="H" t="H" l="H"/>
		<a id="49" s="H" t="H" l="H"/>
		<a id="50" s="H" t="H" l="H"/>
		<a id="51" s="H" t="H" l="H"/>
		<a id="52" s="H" t="H" l="H"/>
		<a id="53" s="H" t="H" l="H"/>
		<a id="54" s="H" t="H" l="H"/>
		<a id="55" s="H" t="H" l="H"/>
		<a id="56" s="H" t="H" l="H"/>
		<a id="57" s="H" t="H" l="H"/>
		<a id="58" s="H" t="H" l="H"/>
		<a id="59" s="H" t="H" l="H"/>
		<a id="60" s="H" t="H" l="H"/>
		<a id="61" s="H" t="H" l="H"/>
		<a id="62" s="H" t="H" l="H"/>
		<a id="63" s="H" t="H" l="H"/>
		<a id="64" s="H" t="H" l="H"/>
		<a id="65" s="H" t="H" l="H"/>
		<a id="66" s="H" t="H" l="H"/>
		<a id="67" s="H" t="H" l="H"/>
	</atoms>
	<bonds>
		<b id="1" c="1 2" t="1"/>
		<b id="2" c="3 4" t="1"/>
		<b id="3" c="4 5" t="1"/>
		<b id="4" c="6 7" t="1"/>
		<b id="5" c="7 8" t="1"/>
		<b id="6" c="8 9" t="1"/>
		<b id="7" c="9 10" t="ar"/>
		<b id="8" c="10 11" t="ar"/>
		<b id="9" c="11 12" t="ar"/>
		<b id="10" c="12 13" t="ar"/>
		<b id="11" c="13 14" t="ar"/>
		<b id="12" c="9 14" t="ar"/>
		<b id="13" c="5 15" t="1"/>
		<b id="14" c="15 16" t="1"/>
		<b id="15" c="15 17" t="1"/>
		<b id="16" c="18 19" t="1"/>
		<b id="17" c="19 20" t="1"/>
		<b id="18" c="20 21" t="ar"/>
		<b id="19" c="21 22" t="ar"/>
		<b id="20" c="22 23" t="ar"/>
		<b id="21" c="23 24" t="ar"/>
		<b id="22" c="24 25" t="ar"/>
		<b id="23" c="20 25" t="ar"/>
		<b id="24" c="17 26" t="1"/>
		<b id="25" c="3 26" t="1"/>
		<b id="26" c="27 28" t="1"/>
		<b id="27" c="28 29" t="1"/>
		<b id="28" c="29 30" t="ar"/>
		<b id="29" c="30 31" t="ar"/>
		<b id="30" c="31 32" t="ar"/>
		<b id="31" c="32 33" t="ar"/>
		<b id="32" c="33 34" t="ar"/>
		<b id="33" c="29 34" t="ar"/>
		<b id="34" c="5 6" t="1"/>
		<b id="35" c="17 18" t="1"/>
		<b id="36" c="26 27" t="1"/>
		<b id="37" c="3 2" t="1"/>
		<b id="38" c="1 35" t="1"/>
		<b id="39" c="1 36" t="1"/>
		<b id="40" c="1 37" t="1"/>
		<b id="41" c="3 38" t="1"/>
		<b id="42" c="5 39" t="1"/>
		<b id="43" c="6 40" t="1"/>
		<b id="44" c="6 41" t="1"/>
		<b id="45" c="8 42" t="1"/>
		<b id="46" c="8 43" t="1"/>
		<b id="47" c="10 44" t="1"/>
		<b id="48" c="11 45" t="1"/>
		<b id="49" c="12 46" t="1"/>
		<b id="50" c="13 47" t="1"/>
		<b id="51" c="14 48" t="1"/>
		<b id="52" c="15 49" t="1"/>
		<b id="53" c="16 50" t="1"/>
		<b id="54" c="16 51" t="1"/>
		<b id="55" c="17 52" t="1"/>
		<b id="56" c="19 53" t="1"/>
		<b id="57" c="19 54" t="1"/>
		<b id="58" c="21 55" t="1"/>
		<b id="59" c="22 56" t="1"/>
		<b id="60" c="23 57" t="1"/>
		<b id="61" c="24 58" t="1"/>
		<b id="62" c="25 59" t="1"/>
		<b id="63" c="26 60" t="1"/>
		<b id="64" c="28 61" t="1"/>
		<b id="65" c="28 62" t="1"/>
		<b id="66" c="30 63" t="1"/>
		<b id="67" c="31 64" t="1"/>
		<b id="68" c="32 65" t="1"/>
		<b id="69" c="33 66" t="1"/>
		<b id="70" c="34 67" t="1"/>
	</bonds>
	<geometry>
		<g u="A" t="cart/3d">#67,3:1.9787,0.5175,-2.1493;3.0300,-0.2287,-1.5627;2.6129,-1.0361,-0.5144;1.7038,-1.9921,-1.0043;1.1152,-2.8070,-0.0156;0.0971,-2.0551,0.8563;-0.9069,-1.5340,0.0255;-1.8786,-0.8037,0.7325;-2.9759,-0.3477,-0.1916;-4.1752,0.1138,0.3370;-5.1900,0.5402,-0.5007;-5.0174,0.5056,-1.8746;-3.8243,0.0464,-2.4051;-2.8058,-0.3761,-1.5682;2.1657,-3.5404,0.8553;2.7869,-4.6819,0.2133;3.2786,-2.5781,1.3175;2.8342,-1.6840,2.3189;2.9733,-2.1784,3.6424;4.4125,-2.4310,4.0173;5.3557,-1.4283,3.8258;6.6859,-1.6517,4.1287;7.0858,-2.8787,4.6325;6.1509,-3.8796,4.8307;4.8202,-3.6588,4.5192;3.8166,-1.7363,0.1461;4.5063,-2.5990,-0.7161;5.4591,-1.9771,-1.5674;5.9648,-3.0089,-2.5369;5.0552,-3.7508,-3.2808;5.4974,-4.7045,-4.1794;6.8549,-4.9197,-4.3515;7.7659,-4.1821,-3.6155;7.3231,-3.2352,-2.7076;2.4419,1.1402,-2.9098;1.4875,1.1455,-1.3983;1.2363,-0.1442,-2.6001;2.1292,-0.4113,0.2651;0.5524,-3.5443,-0.6030;-0.3389,-2.7658,1.5777;0.5885,-1.2565,1.4292;-1.4131,0.0750,1.2161;-2.3069,-1.4265,1.5371;-4.3123,0.1360,1.4093;-6.1197,0.8957,-0.0809;-5.8126,0.8339,-2.5281;-3.6861,0.0158,-3.4762;-1.8739,-0.7410,-1.9692;1.6457,-3.9149,1.7489;3.4472,-4.3560,-0.4862;2.0839,-5.2464,-0.2526;4.1086,-3.1929,1.6916;2.3821,-3.0944,3.7756;2.5476,-1.3906,4.2722;5.0345,-0.4770,3.4271;7.4133,-0.8685,3.9729;8.1252,-3.0546,4.8666;6.4583,-4.8387,5.2205;4.0942,-4.4461,4.6639;4.4903,-0.9633,0.5464;6.2828,-1.5717,-0.9599;4.9869,-1.1509,-2.1127;3.9992,-3.5722,-3.1443;4.7827,-5.2789,-4.7511;7.2021,-5.6605,-5.0569;8.8256,-4.3486,-3.7446;8.0380,-2.6662,-2.1302;</g>
	</geometry>
	<conformers/>
	<properties/>
</molecule>
