<?xml version="1.0" ?>
<!--MOLLI PACKAGE EXPERIMENTAL XML FORMAT-->
<molecule name="nuc1056">
	<atoms>
		<a id="1" s="N" t="N.am" l="N"/>
		<a id="2" s="C" t="C.2" l="C"/>
		<a id="3" s="O" t="O.2" l="O"/>
		<a id="4" s="C" t="C.ar" l="C"/>
		<a id="5" s="C" t="C.ar" l="C"/>
		<a id="6" s="C" t="C.ar" l="C"/>
		<a id="7" s="C" t="C.ar" l="C"/>
		<a id="8" s="C" t="C.3" l="C"/>
		<a id="9" s="F" t="F" l="F"/>
		<a id="10" s="F" t="F" l="F"/>
		<a id="11" s="F" t="F" l="F"/>
		<a id="12" s="C" t="C.ar" l="C"/>
		<a id="13" s="C" t="C.ar" l="C"/>
		<a id="14" s="H" t="H" l="H"/>
		<a id="15" s="H" t="H" l="H"/>
		<a id="16" s="H" t="H" l="H"/>
		<a id="17" s="H" t="H" l="H"/>
		<a id="18" s="H" t="H" l="H"/>
		<a id="19" s="H" t="H" l="H"/>
	</atoms>
	<bonds>
		<b id="1" c="1 2" t="am"/>
		<b id="2" c="2 3" t="2"/>
		<b id="3" c="2 4" t="1"/>
		<b id="4" c="4 5" t="ar"/>
		<b id="5" c="5 6" t="ar"/>
		<b id="6" c="6 7" t="ar"/>
		<b id="7" c="7 8" t="1"/>
		<b id="8" c="8 9" t="1"/>
		<b id="9" c="8 10" t="1"/>
		<b id="10" c="8 11" t="1"/>
		<b id="11" c="7 12" t="ar"/>
		<b id="12" c="12 13" t="ar"/>
		<b id="13" c="4 13" t="ar"/>
		<b id="14" c="1 14" t="1"/>
		<b id="15" c="1 15" t="1"/>
		<b id="16" c="5 16" t="1"/>
		<b id="17" c="6 17" t="1"/>
		<b id="18" c="12 18" t="1"/>
		<b id="19" c="13 19" t="1"/>
	</bonds>
	<geometry>
		<g u="A" t="cart/3d">#19,3:1.1136,-0.0481,0.1217;2.4466,-0.1301,-0.1039;3.0084,-1.1848,-0.2994;3.1795,1.1767,-0.0938;2.7862,2.2549,0.6917;3.5148,3.4309,0.6769;4.6392,3.5296,-0.1302;5.4478,4.7953,-0.1757;4.9464,5.7753,0.5881;6.7144,4.6035,0.2348;5.5343,5.2938,-1.4231;5.0511,2.4535,-0.9080;4.3233,1.2805,-0.8807;0.5758,-0.8985,0.0903;0.6267,0.8277,0.1715;1.9282,2.1787,1.3427;3.2142,4.2668,1.2894;5.9346,2.5405,-1.5217;4.6286,0.4257,-1.4641;</g>
	</geometry>
	<conformers/>
	<properties/>
</molecule>
