<?xml version="1.0" ?>
<!--MOLLI PACKAGE EXPERIMENTAL XML FORMAT-->
<molecule name="nuc1058">
	<atoms>
		<a id="1" s="N" t="N.pl3" l="N"/>
		<a id="2" s="C" t="C.ar" l="C"/>
		<a id="3" s="C" t="C.ar" l="C"/>
		<a id="4" s="C" t="C.ar" l="C"/>
		<a id="5" s="C" t="C.ar" l="C"/>
		<a id="6" s="C" t="C.ar" l="C"/>
		<a id="7" s="C" t="C.ar" l="C"/>
		<a id="8" s="C" t="C.2" l="C"/>
		<a id="9" s="N" t="N.2" l="N"/>
		<a id="10" s="C" t="C.3" l="C"/>
		<a id="11" s="C" t="C.3" l="C"/>
		<a id="12" s="C" t="C.ar" l="C"/>
		<a id="13" s="C" t="C.ar" l="C"/>
		<a id="14" s="C" t="C.ar" l="C"/>
		<a id="15" s="C" t="C.ar" l="C"/>
		<a id="16" s="C" t="C.ar" l="C"/>
		<a id="17" s="C" t="C.ar" l="C"/>
		<a id="18" s="C" t="C.3" l="C"/>
		<a id="19" s="O" t="O.2" l="O"/>
		<a id="20" s="H" t="H" l="H"/>
		<a id="21" s="H" t="H" l="H"/>
		<a id="22" s="H" t="H" l="H"/>
		<a id="23" s="H" t="H" l="H"/>
		<a id="24" s="H" t="H" l="H"/>
		<a id="25" s="H" t="H" l="H"/>
		<a id="26" s="H" t="H" l="H"/>
		<a id="27" s="H" t="H" l="H"/>
		<a id="28" s="H" t="H" l="H"/>
		<a id="29" s="H" t="H" l="H"/>
		<a id="30" s="H" t="H" l="H"/>
		<a id="31" s="H" t="H" l="H"/>
		<a id="32" s="H" t="H" l="H"/>
		<a id="33" s="H" t="H" l="H"/>
		<a id="34" s="H" t="H" l="H"/>
		<a id="35" s="H" t="H" l="H"/>
	</atoms>
	<bonds>
		<b id="1" c="1 2" t="1"/>
		<b id="2" c="2 3" t="ar"/>
		<b id="3" c="3 4" t="ar"/>
		<b id="4" c="4 5" t="ar"/>
		<b id="5" c="5 6" t="ar"/>
		<b id="6" c="6 7" t="ar"/>
		<b id="7" c="2 7" t="ar"/>
		<b id="8" c="7 8" t="1"/>
		<b id="9" c="8 9" t="2"/>
		<b id="10" c="9 10" t="1"/>
		<b id="11" c="11 12" t="1"/>
		<b id="12" c="12 13" t="ar"/>
		<b id="13" c="13 14" t="ar"/>
		<b id="14" c="14 15" t="ar"/>
		<b id="15" c="15 16" t="ar"/>
		<b id="16" c="16 17" t="ar"/>
		<b id="17" c="12 17" t="ar"/>
		<b id="18" c="10 18" t="1"/>
		<b id="19" c="18 19" t="1"/>
		<b id="20" c="8 19" t="1"/>
		<b id="21" c="10 11" t="1"/>
		<b id="22" c="1 20" t="1"/>
		<b id="23" c="1 21" t="1"/>
		<b id="24" c="3 22" t="1"/>
		<b id="25" c="4 23" t="1"/>
		<b id="26" c="5 24" t="1"/>
		<b id="27" c="6 25" t="1"/>
		<b id="28" c="10 26" t="1"/>
		<b id="29" c="11 27" t="1"/>
		<b id="30" c="11 28" t="1"/>
		<b id="31" c="13 29" t="1"/>
		<b id="32" c="14 30" t="1"/>
		<b id="33" c="15 31" t="1"/>
		<b id="34" c="16 32" t="1"/>
		<b id="35" c="17 33" t="1"/>
		<b id="36" c="18 34" t="1"/>
		<b id="37" c="18 35" t="1"/>
	</bonds>
	<geometry>
		<g u="A" t="cart/3d">#35,3:-1.5599,-2.1945,-0.9281;-0.9529,-1.1526,-0.3157;-1.6105,0.0759,-0.1618;-0.9804,1.1538,0.4163;0.3319,1.0475,0.8647;0.9964,-0.1515,0.7329;0.3766,-1.2603,0.1530;1.1013,-2.5096,0.0625;0.6486,-3.6066,-0.4113;1.6809,-4.6123,-0.3188;2.0337,-5.1600,-1.7117;3.1124,-6.1976,-1.6150;2.8333,-7.4506,-1.0807;3.8308,-8.3979,-0.9427;5.1255,-8.1068,-1.3390;5.4129,-6.8664,-1.8804;4.4125,-5.9193,-2.0160;2.8551,-3.8615,0.3596;2.3736,-2.5385,0.5397;-2.5456,-2.1543,-1.1128;-1.0652,-3.0782,-0.9145;-2.6302,0.1630,-0.5099;-1.5110,2.0889,0.5227;0.8228,1.8961,1.3154;2.0121,-0.2577,1.0814;1.3185,-5.4383,0.3044;1.1257,-5.5882,-2.1408;2.3522,-4.3294,-2.3449;1.8231,-7.6850,-0.7761;3.5985,-9.3672,-0.5260;5.9056,-8.8455,-1.2297;6.4190,-6.6342,-2.1980;4.6444,-4.9553,-2.4474;3.7498,-3.8313,-0.2681;3.1170,-4.2791,1.3354;</g>
	</geometry>
	<conformers/>
	<properties/>
</molecule>
