<?xml version="1.0" ?>
<!--MOLLI PACKAGE EXPERIMENTAL XML FORMAT-->
<molecule name="nuc989">
	<atoms>
		<a id="1" s="C" t="C.3" l="C"/>
		<a id="2" s="C" t="C.3" l="C"/>
		<a id="3" s="C" t="C.3" l="C"/>
		<a id="4" s="C" t="C.3" l="C"/>
		<a id="5" s="O" t="O.3" l="O"/>
		<a id="6" s="C" t="C.2" l="C"/>
		<a id="7" s="O" t="O.2" l="O"/>
		<a id="8" s="N" t="N.am" l="N"/>
		<a id="9" s="N" t="N.3" l="N"/>
		<a id="10" s="C" t="C.ar" l="C"/>
		<a id="11" s="C" t="C.ar" l="C"/>
		<a id="12" s="C" t="C.ar" l="C"/>
		<a id="13" s="C" t="C.ar" l="C"/>
		<a id="14" s="N" t="N.pl3" l="N"/>
		<a id="15" s="O" t="O.2" l="O"/>
		<a id="16" s="O" t="O.co2" l="O"/>
		<a id="17" s="C" t="C.ar" l="C"/>
		<a id="18" s="C" t="C.ar" l="C"/>
		<a id="19" s="H" t="H" l="H"/>
		<a id="20" s="H" t="H" l="H"/>
		<a id="21" s="H" t="H" l="H"/>
		<a id="22" s="H" t="H" l="H"/>
		<a id="23" s="H" t="H" l="H"/>
		<a id="24" s="H" t="H" l="H"/>
		<a id="25" s="H" t="H" l="H"/>
		<a id="26" s="H" t="H" l="H"/>
		<a id="27" s="H" t="H" l="H"/>
		<a id="28" s="H" t="H" l="H"/>
		<a id="29" s="H" t="H" l="H"/>
		<a id="30" s="H" t="H" l="H"/>
		<a id="31" s="H" t="H" l="H"/>
		<a id="32" s="H" t="H" l="H"/>
		<a id="33" s="H" t="H" l="H"/>
	</atoms>
	<bonds>
		<b id="1" c="1 2" t="1"/>
		<b id="2" c="2 3" t="1"/>
		<b id="3" c="2 4" t="1"/>
		<b id="4" c="2 5" t="1"/>
		<b id="5" c="5 6" t="1"/>
		<b id="6" c="6 7" t="2"/>
		<b id="7" c="6 8" t="am"/>
		<b id="8" c="8 9" t="1"/>
		<b id="9" c="8 10" t="1"/>
		<b id="10" c="10 11" t="ar"/>
		<b id="11" c="11 12" t="ar"/>
		<b id="12" c="12 13" t="ar"/>
		<b id="13" c="13 14" t="1"/>
		<b id="14" c="14 15" t="2"/>
		<b id="15" c="14 16" t="1"/>
		<b id="16" c="13 17" t="ar"/>
		<b id="17" c="17 18" t="ar"/>
		<b id="18" c="10 18" t="ar"/>
		<b id="19" c="1 19" t="1"/>
		<b id="20" c="1 20" t="1"/>
		<b id="21" c="1 21" t="1"/>
		<b id="22" c="3 22" t="1"/>
		<b id="23" c="3 23" t="1"/>
		<b id="24" c="3 24" t="1"/>
		<b id="25" c="4 25" t="1"/>
		<b id="26" c="4 26" t="1"/>
		<b id="27" c="4 27" t="1"/>
		<b id="28" c="9 28" t="1"/>
		<b id="29" c="9 29" t="1"/>
		<b id="30" c="11 30" t="1"/>
		<b id="31" c="12 31" t="1"/>
		<b id="32" c="17 32" t="1"/>
		<b id="33" c="18 33" t="1"/>
	</bonds>
	<geometry>
		<g u="A" t="cart/3d">#33,3:3.1469,-0.1711,-1.4931;2.6012,0.0160,-0.0792;2.6871,1.4759,0.3599;1.1613,-0.4900,0.0153;3.3260,-0.8343,0.8502;4.6404,-0.6667,1.0465;5.3383,0.1570,0.5155;5.0732,-1.6107,1.9641;4.1410,-2.5445,2.4612;6.3803,-1.7485,2.4379;7.3935,-0.8357,2.1300;8.6645,-1.0202,2.6288;8.9445,-2.1142,3.4400;10.2681,-2.3036,3.9534;11.1099,-1.4734,3.6743;10.4753,-3.2871,4.6363;7.9428,-3.0266,3.7566;6.6732,-2.8428,3.2613;2.5381,0.3919,-2.1943;3.1208,-1.2230,-1.7708;4.1721,0.1836,-1.5534;2.0534,2.0834,-0.2795;3.7095,1.8354,0.2860;2.3502,1.5798,1.3894;0.5266,0.0775,-0.6579;0.7890,-0.3770,1.0303;1.1132,-1.5413,-0.2571;3.7325,-3.0686,1.6903;3.3858,-2.0552,2.9364;7.1861,0.0107,1.5001;9.4539,-0.3216,2.3987;8.1780,-3.8688,4.3885;5.8876,-3.5386,3.5021;</g>
	</geometry>
	<conformers/>
	<properties/>
</molecule>
