<?xml version="1.0" ?>
<!--MOLLI PACKAGE EXPERIMENTAL XML FORMAT-->
<molecule name="nuc1063">
	<atoms>
		<a id="1" s="N" t="N.am" l="N"/>
		<a id="2" s="C" t="C.2" l="C"/>
		<a id="3" s="O" t="O.2" l="O"/>
		<a id="4" s="H" t="H" l="H"/>
		<a id="5" s="H" t="H" l="H"/>
		<a id="6" s="H" t="H" l="H"/>
	</atoms>
	<bonds>
		<b id="1" c="1 2" t="am"/>
		<b id="2" c="2 3" t="2"/>
		<b id="3" c="1 4" t="1"/>
		<b id="4" c="1 5" t="1"/>
		<b id="5" c="2 6" t="1"/>
	</bonds>
	<geometry>
		<g u="A" t="cart/3d">#6,3:1.0450,-0.0116,-0.0937;2.3895,-0.0309,-0.1650;3.0193,-0.2972,-1.1528;0.5519,0.2161,0.7502;0.5138,-0.2346,-0.9205;2.8617,0.2298,0.8004;</g>
	</geometry>
	<conformers/>
	<properties/>
</molecule>
