<?xml version="1.0" ?>
<!--MOLLI PACKAGE EXPERIMENTAL XML FORMAT-->
<molecule name="nuc1064">
	<atoms>
		<a id="1" s="C" t="C.3" l="C"/>
		<a id="2" s="C" t="C.3" l="C"/>
		<a id="3" s="C" t="C.3" l="C"/>
		<a id="4" s="C" t="C.3" l="C"/>
		<a id="5" s="C" t="C.3" l="C"/>
		<a id="6" s="S" t="S.O2" l="S"/>
		<a id="7" s="N" t="N.3" l="N"/>
		<a id="8" s="O" t="O.2" l="O"/>
		<a id="9" s="O" t="O.2" l="O"/>
		<a id="10" s="H" t="H" l="H"/>
		<a id="11" s="H" t="H" l="H"/>
		<a id="12" s="H" t="H" l="H"/>
		<a id="13" s="H" t="H" l="H"/>
		<a id="14" s="H" t="H" l="H"/>
		<a id="15" s="H" t="H" l="H"/>
		<a id="16" s="H" t="H" l="H"/>
		<a id="17" s="H" t="H" l="H"/>
		<a id="18" s="H" t="H" l="H"/>
		<a id="19" s="H" t="H" l="H"/>
		<a id="20" s="H" t="H" l="H"/>
		<a id="21" s="H" t="H" l="H"/>
		<a id="22" s="H" t="H" l="H"/>
	</atoms>
	<bonds>
		<b id="1" c="1 2" t="1"/>
		<b id="2" c="2 3" t="1"/>
		<b id="3" c="3 4" t="1"/>
		<b id="4" c="4 5" t="1"/>
		<b id="5" c="5 6" t="1"/>
		<b id="6" c="6 7" t="1"/>
		<b id="7" c="6 8" t="2"/>
		<b id="8" c="6 9" t="2"/>
		<b id="9" c="1 10" t="1"/>
		<b id="10" c="1 11" t="1"/>
		<b id="11" c="1 12" t="1"/>
		<b id="12" c="2 13" t="1"/>
		<b id="13" c="2 14" t="1"/>
		<b id="14" c="3 15" t="1"/>
		<b id="15" c="3 16" t="1"/>
		<b id="16" c="4 17" t="1"/>
		<b id="17" c="4 18" t="1"/>
		<b id="18" c="5 19" t="1"/>
		<b id="19" c="5 20" t="1"/>
		<b id="20" c="7 21" t="1"/>
		<b id="21" c="7 22" t="1"/>
	</bonds>
	<geometry>
		<g u="A" t="cart/3d">#22,3:1.0254,0.1165,0.1379;2.5468,0.0584,0.0714;3.0307,-0.9240,-0.9926;4.5570,-0.9814,-1.0581;5.0642,-1.9504,-2.1067;6.8790,-1.8772,-2.0319;7.4181,-2.9457,-3.1930;7.3009,-0.5758,-2.4440;7.3049,-2.3933,-0.7695;0.7038,0.8207,0.9008;0.6156,-0.8616,0.3795;0.6128,0.4337,-0.8172;2.9422,-0.2424,1.0434;2.9394,1.0519,-0.1528;2.6369,-0.6235,-1.9664;2.6396,-1.9193,-0.7688;4.9610,-1.2856,-0.0908;4.9583,0.0076,-1.2871;4.7684,-1.6607,-3.1109;4.7715,-2.9748,-1.8951;7.2284,-2.6716,-4.1403;7.2301,-3.9126,-2.9979;</g>
	</geometry>
	<conformers/>
	<properties/>
</molecule>
