<?xml version="1.0" ?>
<!--MOLLI PACKAGE EXPERIMENTAL XML FORMAT-->
<molecule name="nuc1065">
	<atoms>
		<a id="1" s="C" t="C.3" l="C"/>
		<a id="2" s="C" t="C.3" l="C"/>
		<a id="3" s="C" t="C.3" l="C"/>
		<a id="4" s="C" t="C.3" l="C"/>
		<a id="5" s="C" t="C.3" l="C"/>
		<a id="6" s="S" t="S.O2" l="S"/>
		<a id="7" s="N" t="N.3" l="N"/>
		<a id="8" s="O" t="O.2" l="O"/>
		<a id="9" s="O" t="O.2" l="O"/>
		<a id="10" s="H" t="H" l="H"/>
		<a id="11" s="H" t="H" l="H"/>
		<a id="12" s="H" t="H" l="H"/>
		<a id="13" s="H" t="H" l="H"/>
		<a id="14" s="H" t="H" l="H"/>
		<a id="15" s="H" t="H" l="H"/>
		<a id="16" s="H" t="H" l="H"/>
		<a id="17" s="H" t="H" l="H"/>
		<a id="18" s="H" t="H" l="H"/>
		<a id="19" s="H" t="H" l="H"/>
		<a id="20" s="H" t="H" l="H"/>
		<a id="21" s="H" t="H" l="H"/>
		<a id="22" s="H" t="H" l="H"/>
	</atoms>
	<bonds>
		<b id="1" c="1 2" t="1"/>
		<b id="2" c="2 3" t="1"/>
		<b id="3" c="3 4" t="1"/>
		<b id="4" c="4 5" t="1"/>
		<b id="5" c="4 6" t="1"/>
		<b id="6" c="6 7" t="1"/>
		<b id="7" c="6 8" t="2"/>
		<b id="8" c="6 9" t="2"/>
		<b id="9" c="1 10" t="1"/>
		<b id="10" c="1 11" t="1"/>
		<b id="11" c="1 12" t="1"/>
		<b id="12" c="2 13" t="1"/>
		<b id="13" c="2 14" t="1"/>
		<b id="14" c="3 15" t="1"/>
		<b id="15" c="3 16" t="1"/>
		<b id="16" c="4 17" t="1"/>
		<b id="17" c="5 18" t="1"/>
		<b id="18" c="5 19" t="1"/>
		<b id="19" c="5 20" t="1"/>
		<b id="20" c="7 21" t="1"/>
		<b id="21" c="7 22" t="1"/>
	</bonds>
	<geometry>
		<g u="A" t="cart/3d">#22,3:0.6217,-0.6303,-0.1520;1.9901,-0.0009,-0.3824;2.9857,-0.3932,0.7071;4.3567,0.2406,0.4733;5.3644,-0.1227,1.5453;6.9023,0.7182,1.1210;7.9093,0.2319,2.3859;7.4237,0.1730,-0.0976;6.7135,2.1354,1.2219;-0.0707,-0.3380,-0.9377;0.2106,-0.3115,0.8033;0.6962,-1.7155,-0.1469;1.8914,1.0862,-0.4037;2.3771,-0.3169,-1.3532;3.0874,-1.4805,0.7292;2.6007,-0.0759,1.6789;4.7546,-0.0788,-0.4920;4.2638,1.3283,0.4482;5.5878,-1.1843,1.5708;5.0779,0.2340,2.5292;8.6965,-0.2971,2.0463;8.2126,1.0188,2.9369;</g>
	</geometry>
	<conformers/>
	<properties/>
</molecule>
