<?xml version="1.0" ?>
<!--MOLLI PACKAGE EXPERIMENTAL XML FORMAT-->
<molecule name="nuc1067">
	<atoms>
		<a id="1" s="N" t="N.3" l="N"/>
		<a id="2" s="S" t="S.O2" l="S"/>
		<a id="3" s="O" t="O.2" l="O"/>
		<a id="4" s="O" t="O.2" l="O"/>
		<a id="5" s="C" t="C.3" l="C"/>
		<a id="6" s="C" t="C.3" l="C"/>
		<a id="7" s="C" t="C.3" l="C"/>
		<a id="8" s="H" t="H" l="H"/>
		<a id="9" s="H" t="H" l="H"/>
		<a id="10" s="H" t="H" l="H"/>
		<a id="11" s="H" t="H" l="H"/>
		<a id="12" s="H" t="H" l="H"/>
		<a id="13" s="H" t="H" l="H"/>
		<a id="14" s="H" t="H" l="H"/>
	</atoms>
	<bonds>
		<b id="1" c="1 2" t="1"/>
		<b id="2" c="2 3" t="2"/>
		<b id="3" c="2 4" t="2"/>
		<b id="4" c="2 5" t="1"/>
		<b id="5" c="5 6" t="1"/>
		<b id="6" c="6 7" t="1"/>
		<b id="7" c="5 7" t="1"/>
		<b id="8" c="1 8" t="1"/>
		<b id="9" c="1 9" t="1"/>
		<b id="10" c="5 10" t="1"/>
		<b id="11" c="6 11" t="1"/>
		<b id="12" c="6 12" t="1"/>
		<b id="13" c="7 13" t="1"/>
		<b id="14" c="7 14" t="1"/>
	</bonds>
	<geometry>
		<g u="A" t="cart/3d">#14,3:3.9748,1.0058,-0.2497;2.6784,-0.0694,-0.1575;1.6235,0.5773,0.5660;2.4222,-0.5687,-1.4766;3.3819,-1.3671,0.8433;4.3844,-2.2201,0.1423;3.0230,-2.7583,0.4377;3.7527,1.8870,0.1850;4.2799,1.1376,-1.2006;3.4862,-1.0790,1.8746;5.2312,-2.5870,0.7022;4.6024,-1.9562,-0.8808;2.9050,-3.5036,1.2097;2.3347,-2.8513,-0.3881;</g>
	</geometry>
	<conformers/>
	<properties/>
</molecule>
