<?xml version="1.0" ?>
<!--MOLLI PACKAGE EXPERIMENTAL XML FORMAT-->
<molecule name="nuc1068">
	<atoms>
		<a id="1" s="C" t="C.3" l="C"/>
		<a id="2" s="C" t="C.3" l="C"/>
		<a id="3" s="S" t="S.O2" l="S"/>
		<a id="4" s="N" t="N.3" l="N"/>
		<a id="5" s="O" t="O.2" l="O"/>
		<a id="6" s="O" t="O.2" l="O"/>
		<a id="7" s="C" t="C.3" l="C"/>
		<a id="8" s="C" t="C.3" l="C"/>
		<a id="9" s="H" t="H" l="H"/>
		<a id="10" s="H" t="H" l="H"/>
		<a id="11" s="H" t="H" l="H"/>
		<a id="12" s="H" t="H" l="H"/>
		<a id="13" s="H" t="H" l="H"/>
		<a id="14" s="H" t="H" l="H"/>
		<a id="15" s="H" t="H" l="H"/>
		<a id="16" s="H" t="H" l="H"/>
		<a id="17" s="H" t="H" l="H"/>
	</atoms>
	<bonds>
		<b id="1" c="1 2" t="1"/>
		<b id="2" c="2 3" t="1"/>
		<b id="3" c="3 4" t="1"/>
		<b id="4" c="3 5" t="2"/>
		<b id="5" c="3 6" t="2"/>
		<b id="6" c="2 7" t="1"/>
		<b id="7" c="7 8" t="1"/>
		<b id="8" c="2 8" t="1"/>
		<b id="9" c="1 9" t="1"/>
		<b id="10" c="1 10" t="1"/>
		<b id="11" c="1 11" t="1"/>
		<b id="12" c="4 12" t="1"/>
		<b id="13" c="4 13" t="1"/>
		<b id="14" c="7 14" t="1"/>
		<b id="15" c="7 15" t="1"/>
		<b id="16" c="8 16" t="1"/>
		<b id="17" c="8 17" t="1"/>
	</bonds>
	<geometry>
		<g u="A" t="cart/3d">#17,3:0.7554,-0.0559,-0.3551;2.2249,0.0575,-0.0842;2.6076,-0.0408,1.6789;2.0311,1.3831,2.3298;1.8340,-1.0900,2.2675;4.0269,-0.0245,1.8511;3.1510,0.9421,-0.8514;3.2752,-0.5471,-0.9564;0.2339,0.8625,-0.0847;0.3530,-0.8726,0.2413;0.5661,-0.2608,-1.4074;1.0288,1.4509,2.3556;2.4862,2.2138,1.9941;3.9133,1.4616,-0.2904;2.7555,1.4938,-1.6921;4.1121,-1.0121,-0.4591;2.9645,-1.0351,-1.8683;</g>
	</geometry>
	<conformers/>
	<properties/>
</molecule>
