<?xml version="1.0" ?>
<!--MOLLI PACKAGE EXPERIMENTAL XML FORMAT-->
<molecule name="nuc1069">
	<atoms>
		<a id="1" s="N" t="N.3" l="N"/>
		<a id="2" s="S" t="S.O2" l="S"/>
		<a id="3" s="O" t="O.2" l="O"/>
		<a id="4" s="O" t="O.2" l="O"/>
		<a id="5" s="C" t="C.3" l="C"/>
		<a id="6" s="C" t="C.3" l="C"/>
		<a id="7" s="C" t="C.3" l="C"/>
		<a id="8" s="C" t="C.3" l="C"/>
		<a id="9" s="C" t="C.3" l="C"/>
		<a id="10" s="H" t="H" l="H"/>
		<a id="11" s="H" t="H" l="H"/>
		<a id="12" s="H" t="H" l="H"/>
		<a id="13" s="H" t="H" l="H"/>
		<a id="14" s="H" t="H" l="H"/>
		<a id="15" s="H" t="H" l="H"/>
		<a id="16" s="H" t="H" l="H"/>
		<a id="17" s="H" t="H" l="H"/>
		<a id="18" s="H" t="H" l="H"/>
		<a id="19" s="H" t="H" l="H"/>
		<a id="20" s="H" t="H" l="H"/>
	</atoms>
	<bonds>
		<b id="1" c="1 2" t="1"/>
		<b id="2" c="2 3" t="2"/>
		<b id="3" c="2 4" t="2"/>
		<b id="4" c="2 5" t="1"/>
		<b id="5" c="5 6" t="1"/>
		<b id="6" c="6 7" t="1"/>
		<b id="7" c="7 8" t="1"/>
		<b id="8" c="8 9" t="1"/>
		<b id="9" c="5 9" t="1"/>
		<b id="10" c="1 10" t="1"/>
		<b id="11" c="1 11" t="1"/>
		<b id="12" c="5 12" t="1"/>
		<b id="13" c="6 13" t="1"/>
		<b id="14" c="6 14" t="1"/>
		<b id="15" c="7 15" t="1"/>
		<b id="16" c="7 16" t="1"/>
		<b id="17" c="8 17" t="1"/>
		<b id="18" c="8 18" t="1"/>
		<b id="19" c="9 19" t="1"/>
		<b id="20" c="9 20" t="1"/>
	</bonds>
	<geometry>
		<g u="A" t="cart/3d">#20,3:2.7174,1.4039,-0.4891;2.4264,-0.2318,-0.1528;2.8578,-0.5023,1.1901;1.0598,-0.4977,-0.4931;3.5625,-1.0355,-1.3180;3.0667,-0.7634,-2.7281;2.1609,-1.9575,-3.0217;2.9222,-3.1242,-2.3974;3.4717,-2.5450,-1.0879;3.2691,1.8244,0.2423;1.8540,1.9086,-0.6149;4.5298,-0.5995,-1.0879;3.9046,-0.7376,-3.4274;2.5396,0.1876,-2.7744;1.9781,-2.0951,-4.0861;1.2101,-1.8181,-2.5086;3.7468,-3.4189,-3.0496;2.2905,-3.9937,-2.2293;4.4347,-2.9768,-0.8194;2.7800,-2.7280,-0.2641;</g>
	</geometry>
	<conformers/>
	<properties/>
</molecule>
