<?xml version="1.0" ?>
<!--MOLLI PACKAGE EXPERIMENTAL XML FORMAT-->
<molecule name="nuc1072">
	<atoms>
		<a id="1" s="N" t="N.3" l="N"/>
		<a id="2" s="S" t="S.O2" l="S"/>
		<a id="3" s="O" t="O.2" l="O"/>
		<a id="4" s="O" t="O.2" l="O"/>
		<a id="5" s="C" t="C.3" l="C"/>
		<a id="6" s="C" t="C.3" l="C"/>
		<a id="7" s="C" t="C.ar" l="C"/>
		<a id="8" s="C" t="C.ar" l="C"/>
		<a id="9" s="C" t="C.ar" l="C"/>
		<a id="10" s="C" t="C.ar" l="C"/>
		<a id="11" s="C" t="C.ar" l="C"/>
		<a id="12" s="C" t="C.ar" l="C"/>
		<a id="13" s="H" t="H" l="H"/>
		<a id="14" s="H" t="H" l="H"/>
		<a id="15" s="H" t="H" l="H"/>
		<a id="16" s="H" t="H" l="H"/>
		<a id="17" s="H" t="H" l="H"/>
		<a id="18" s="H" t="H" l="H"/>
		<a id="19" s="H" t="H" l="H"/>
		<a id="20" s="H" t="H" l="H"/>
		<a id="21" s="H" t="H" l="H"/>
		<a id="22" s="H" t="H" l="H"/>
		<a id="23" s="H" t="H" l="H"/>
	</atoms>
	<bonds>
		<b id="1" c="1 2" t="1"/>
		<b id="2" c="2 3" t="2"/>
		<b id="3" c="2 4" t="2"/>
		<b id="4" c="2 5" t="1"/>
		<b id="5" c="5 6" t="1"/>
		<b id="6" c="6 7" t="1"/>
		<b id="7" c="7 8" t="ar"/>
		<b id="8" c="8 9" t="ar"/>
		<b id="9" c="9 10" t="ar"/>
		<b id="10" c="10 11" t="ar"/>
		<b id="11" c="11 12" t="ar"/>
		<b id="12" c="7 12" t="ar"/>
		<b id="13" c="1 13" t="1"/>
		<b id="14" c="1 14" t="1"/>
		<b id="15" c="5 15" t="1"/>
		<b id="16" c="5 16" t="1"/>
		<b id="17" c="6 17" t="1"/>
		<b id="18" c="6 18" t="1"/>
		<b id="19" c="8 19" t="1"/>
		<b id="20" c="9 20" t="1"/>
		<b id="21" c="10 21" t="1"/>
		<b id="22" c="11 22" t="1"/>
		<b id="23" c="12 23" t="1"/>
	</bonds>
	<geometry>
		<g u="A" t="cart/3d">#23,3:1.1628,0.0709,-0.3376;2.8216,-0.1229,-0.0987;3.0129,-0.9630,1.0467;3.4120,-0.5069,-1.3471;3.3254,1.5611,0.3073;4.8221,1.5158,0.5726;5.3572,2.8774,0.9263;5.2849,3.3427,2.2331;5.7492,4.6048,2.5580;6.2908,5.4187,1.5776;6.3650,4.9642,0.2721;5.8987,3.7018,-0.0509;0.6293,-0.4711,0.3230;0.9007,-0.1500,-1.2847;2.7559,1.8576,1.1820;3.0714,2.1816,-0.5459;5.3139,1.1308,-0.3226;4.9987,0.8113,1.3880;4.8679,2.7069,3.0009;5.6911,4.9534,3.5787;6.6567,6.4026,1.8308;6.7896,5.5936,-0.4961;5.9611,3.3482,-1.0701;</g>
	</geometry>
	<conformers/>
	<properties/>
</molecule>
