<?xml version="1.0" ?>
<!--MOLLI PACKAGE EXPERIMENTAL XML FORMAT-->
<molecule name="nuc1073">
	<atoms>
		<a id="1" s="N" t="N.3" l="N"/>
		<a id="2" s="S" t="S.O2" l="S"/>
		<a id="3" s="O" t="O.2" l="O"/>
		<a id="4" s="O" t="O.2" l="O"/>
		<a id="5" s="C" t="C.2" l="C"/>
		<a id="6" s="C" t="C.2" l="C"/>
		<a id="7" s="C" t="C.ar" l="C"/>
		<a id="8" s="C" t="C.ar" l="C"/>
		<a id="9" s="C" t="C.ar" l="C"/>
		<a id="10" s="C" t="C.ar" l="C"/>
		<a id="11" s="C" t="C.ar" l="C"/>
		<a id="12" s="C" t="C.ar" l="C"/>
		<a id="13" s="H" t="H" l="H"/>
		<a id="14" s="H" t="H" l="H"/>
		<a id="15" s="H" t="H" l="H"/>
		<a id="16" s="H" t="H" l="H"/>
		<a id="17" s="H" t="H" l="H"/>
		<a id="18" s="H" t="H" l="H"/>
		<a id="19" s="H" t="H" l="H"/>
		<a id="20" s="H" t="H" l="H"/>
		<a id="21" s="H" t="H" l="H"/>
	</atoms>
	<bonds>
		<b id="1" c="1 2" t="1"/>
		<b id="2" c="2 3" t="2"/>
		<b id="3" c="2 4" t="2"/>
		<b id="4" c="2 5" t="1"/>
		<b id="5" c="5 6" t="2"/>
		<b id="6" c="6 7" t="1"/>
		<b id="7" c="7 8" t="ar"/>
		<b id="8" c="8 9" t="ar"/>
		<b id="9" c="9 10" t="ar"/>
		<b id="10" c="10 11" t="ar"/>
		<b id="11" c="11 12" t="ar"/>
		<b id="12" c="7 12" t="ar"/>
		<b id="13" c="1 13" t="1"/>
		<b id="14" c="1 14" t="1"/>
		<b id="15" c="5 15" t="1"/>
		<b id="16" c="6 16" t="1"/>
		<b id="17" c="8 17" t="1"/>
		<b id="18" c="9 18" t="1"/>
		<b id="19" c="10 19" t="1"/>
		<b id="20" c="11 20" t="1"/>
		<b id="21" c="12 21" t="1"/>
	</bonds>
	<geometry>
		<g u="A" t="cart/3d">#21,3:3.5962,0.4815,1.8351;2.9651,0.1475,0.3077;3.6538,-0.9910,-0.2304;1.5371,0.1102,0.4332;3.4436,1.6081,-0.5724;4.3836,1.5164,-1.5020;4.9227,2.5806,-2.3344;4.3904,3.8718,-2.3399;4.9329,4.8511,-3.1487;6.0166,4.5642,-3.9642;6.5545,3.2875,-3.9692;6.0112,2.3041,-3.1648;4.3548,-0.1392,2.0659;2.8794,0.4665,2.5425;2.9087,2.4878,-0.2723;4.8032,0.5299,-1.6578;3.5427,4.1031,-1.7143;4.5089,5.8445,-3.1465;6.4376,5.3327,-4.5952;7.3975,3.0588,-4.6044;6.4303,1.3085,-3.1715;</g>
	</geometry>
	<conformers/>
	<properties/>
</molecule>
