<?xml version="1.0" ?>
<!--MOLLI PACKAGE EXPERIMENTAL XML FORMAT-->
<molecule name="nuc1074">
	<atoms>
		<a id="1" s="C" t="C.3" l="C"/>
		<a id="2" s="C" t="C.ar" l="C"/>
		<a id="3" s="C" t="C.ar" l="C"/>
		<a id="4" s="C" t="C.ar" l="C"/>
		<a id="5" s="C" t="C.ar" l="C"/>
		<a id="6" s="C" t="C.ar" l="C"/>
		<a id="7" s="C" t="C.ar" l="C"/>
		<a id="8" s="S" t="S.O2" l="S"/>
		<a id="9" s="N" t="N.3" l="N"/>
		<a id="10" s="O" t="O.2" l="O"/>
		<a id="11" s="O" t="O.2" l="O"/>
		<a id="12" s="H" t="H" l="H"/>
		<a id="13" s="H" t="H" l="H"/>
		<a id="14" s="H" t="H" l="H"/>
		<a id="15" s="H" t="H" l="H"/>
		<a id="16" s="H" t="H" l="H"/>
		<a id="17" s="H" t="H" l="H"/>
		<a id="18" s="H" t="H" l="H"/>
		<a id="19" s="H" t="H" l="H"/>
		<a id="20" s="H" t="H" l="H"/>
	</atoms>
	<bonds>
		<b id="1" c="1 2" t="1"/>
		<b id="2" c="2 3" t="ar"/>
		<b id="3" c="3 4" t="ar"/>
		<b id="4" c="4 5" t="ar"/>
		<b id="5" c="5 6" t="ar"/>
		<b id="6" c="6 7" t="ar"/>
		<b id="7" c="2 7" t="ar"/>
		<b id="8" c="7 8" t="1"/>
		<b id="9" c="8 9" t="1"/>
		<b id="10" c="8 10" t="2"/>
		<b id="11" c="8 11" t="2"/>
		<b id="12" c="1 12" t="1"/>
		<b id="13" c="1 13" t="1"/>
		<b id="14" c="1 14" t="1"/>
		<b id="15" c="3 15" t="1"/>
		<b id="16" c="4 16" t="1"/>
		<b id="17" c="5 17" t="1"/>
		<b id="18" c="6 18" t="1"/>
		<b id="19" c="9 19" t="1"/>
		<b id="20" c="9 20" t="1"/>
	</bonds>
	<geometry>
		<g u="A" t="cart/3d">#20,3:2.4242,-0.0699,0.2434;0.9431,-0.0148,0.0751;0.2616,1.1979,0.0281;-1.1152,1.2411,-0.1086;-1.8473,0.0685,-0.2024;-1.1860,-1.1469,-0.1600;0.1875,-1.1753,-0.0230;0.9641,-2.7808,0.0221;1.6540,-2.7817,1.5666;-0.0546,-3.7909,-0.0224;2.0449,-2.8593,-0.9185;2.8754,0.8926,0.0152;2.8435,-0.8354,-0.4037;2.6651,-0.3353,1.2723;0.8220,2.1188,0.0990;-1.6192,2.1956,-0.1431;-2.9205,0.1004,-0.3095;-1.7111,-2.0859,-0.2331;1.0943,-3.3246,2.2049;2.6014,-3.1251,1.5397;</g>
	</geometry>
	<conformers/>
	<properties/>
</molecule>
