<?xml version="1.0" ?>
<!--MOLLI PACKAGE EXPERIMENTAL XML FORMAT-->
<molecule name="nuc1079">
	<atoms>
		<a id="1" s="N" t="N.3" l="N"/>
		<a id="2" s="S" t="S.O2" l="S"/>
		<a id="3" s="O" t="O.2" l="O"/>
		<a id="4" s="O" t="O.2" l="O"/>
		<a id="5" s="C" t="C.3" l="C"/>
		<a id="6" s="C" t="C.3" l="C"/>
		<a id="7" s="C" t="C.3" l="C"/>
		<a id="8" s="C" t="C.3" l="C"/>
		<a id="9" s="F" t="F" l="F"/>
		<a id="10" s="F" t="F" l="F"/>
		<a id="11" s="F" t="F" l="F"/>
		<a id="12" s="H" t="H" l="H"/>
		<a id="13" s="H" t="H" l="H"/>
		<a id="14" s="H" t="H" l="H"/>
		<a id="15" s="H" t="H" l="H"/>
		<a id="16" s="H" t="H" l="H"/>
		<a id="17" s="H" t="H" l="H"/>
		<a id="18" s="H" t="H" l="H"/>
		<a id="19" s="H" t="H" l="H"/>
	</atoms>
	<bonds>
		<b id="1" c="1 2" t="1"/>
		<b id="2" c="2 3" t="2"/>
		<b id="3" c="2 4" t="2"/>
		<b id="4" c="2 5" t="1"/>
		<b id="5" c="5 6" t="1"/>
		<b id="6" c="6 7" t="1"/>
		<b id="7" c="7 8" t="1"/>
		<b id="8" c="8 9" t="1"/>
		<b id="9" c="8 10" t="1"/>
		<b id="10" c="8 11" t="1"/>
		<b id="11" c="1 12" t="1"/>
		<b id="12" c="1 13" t="1"/>
		<b id="13" c="5 14" t="1"/>
		<b id="14" c="5 15" t="1"/>
		<b id="15" c="6 16" t="1"/>
		<b id="16" c="6 17" t="1"/>
		<b id="17" c="7 18" t="1"/>
		<b id="18" c="7 19" t="1"/>
	</bonds>
	<geometry>
		<g u="A" t="cart/3d">#19,3:1.1366,-0.0059,-0.0616;2.8097,0.1556,0.0031;3.1678,1.4190,-0.5653;3.2478,-0.1694,1.3262;3.3234,-1.1591,-1.1290;4.8358,-1.1065,-1.1963;5.4041,-2.1744,-2.1342;6.9162,-2.0882,-2.2071;7.5002,-2.2725,-1.0159;7.4260,-3.0211,-3.0287;7.3422,-0.9047,-2.6671;0.6957,0.8183,-0.4378;0.7479,-0.2514,0.8350;2.8540,-0.9454,-2.0836;2.9526,-2.0914,-0.7163;5.2339,-1.2454,-0.1889;5.1324,-0.1131,-1.5398;5.0198,-2.0462,-3.1482;5.1500,-3.1765,-1.7829;</g>
	</geometry>
	<conformers/>
	<properties/>
</molecule>
