<?xml version="1.0" ?>
<!--MOLLI PACKAGE EXPERIMENTAL XML FORMAT-->
<molecule name="nuc1080">
	<atoms>
		<a id="1" s="N" t="N.3" l="N"/>
		<a id="2" s="S" t="S.O2" l="S"/>
		<a id="3" s="O" t="O.2" l="O"/>
		<a id="4" s="O" t="O.2" l="O"/>
		<a id="5" s="C" t="C.3" l="C"/>
		<a id="6" s="C" t="C.3" l="C"/>
		<a id="7" s="C" t="C.3" l="C"/>
		<a id="8" s="F" t="F" l="F"/>
		<a id="9" s="F" t="F" l="F"/>
		<a id="10" s="F" t="F" l="F"/>
		<a id="11" s="H" t="H" l="H"/>
		<a id="12" s="H" t="H" l="H"/>
		<a id="13" s="H" t="H" l="H"/>
		<a id="14" s="H" t="H" l="H"/>
		<a id="15" s="H" t="H" l="H"/>
		<a id="16" s="H" t="H" l="H"/>
	</atoms>
	<bonds>
		<b id="1" c="1 2" t="1"/>
		<b id="2" c="2 3" t="2"/>
		<b id="3" c="2 4" t="2"/>
		<b id="4" c="2 5" t="1"/>
		<b id="5" c="5 6" t="1"/>
		<b id="6" c="6 7" t="1"/>
		<b id="7" c="7 8" t="1"/>
		<b id="8" c="7 9" t="1"/>
		<b id="9" c="7 10" t="1"/>
		<b id="10" c="1 11" t="1"/>
		<b id="11" c="1 12" t="1"/>
		<b id="12" c="5 13" t="1"/>
		<b id="13" c="5 14" t="1"/>
		<b id="14" c="6 15" t="1"/>
		<b id="15" c="6 16" t="1"/>
	</bonds>
	<geometry>
		<g u="A" t="cart/3d">#16,3:1.1255,-0.1307,-0.0198;2.7841,-0.1807,0.2010;3.3137,1.1397,0.0536;3.0726,-0.9232,1.3897;3.3001,-1.1712,-1.2276;4.8030,-1.3225,-1.1053;5.3735,-2.1865,-2.2157;4.8462,-3.4199,-2.2211;5.1403,-1.6722,-3.4321;6.6991,-2.3359,-2.1096;0.7811,0.8065,-0.1507;0.6302,-0.6092,0.7151;3.0072,-0.6306,-2.1221;2.7833,-2.1237,-1.1620;5.0473,-1.7875,-0.1474;5.2807,-0.3414,-1.1508;</g>
	</geometry>
	<conformers/>
	<properties/>
</molecule>
