<?xml version="1.0" ?>
<!--MOLLI PACKAGE EXPERIMENTAL XML FORMAT-->
<molecule name="nuc1082">
	<atoms>
		<a id="1" s="C" t="C.3" l="C"/>
		<a id="2" s="C" t="C.3" l="C"/>
		<a id="3" s="C" t="C.3" l="C"/>
		<a id="4" s="C" t="C.3" l="C"/>
		<a id="5" s="S" t="S.O2" l="S"/>
		<a id="6" s="N" t="N.3" l="N"/>
		<a id="7" s="O" t="O.2" l="O"/>
		<a id="8" s="O" t="O.2" l="O"/>
		<a id="9" s="H" t="H" l="H"/>
		<a id="10" s="H" t="H" l="H"/>
		<a id="11" s="H" t="H" l="H"/>
		<a id="12" s="H" t="H" l="H"/>
		<a id="13" s="H" t="H" l="H"/>
		<a id="14" s="H" t="H" l="H"/>
		<a id="15" s="H" t="H" l="H"/>
		<a id="16" s="H" t="H" l="H"/>
		<a id="17" s="H" t="H" l="H"/>
		<a id="18" s="H" t="H" l="H"/>
		<a id="19" s="H" t="H" l="H"/>
	</atoms>
	<bonds>
		<b id="1" c="1 2" t="1"/>
		<b id="2" c="2 3" t="1"/>
		<b id="3" c="2 4" t="1"/>
		<b id="4" c="2 5" t="1"/>
		<b id="5" c="5 6" t="1"/>
		<b id="6" c="5 7" t="2"/>
		<b id="7" c="5 8" t="2"/>
		<b id="8" c="1 9" t="1"/>
		<b id="9" c="1 10" t="1"/>
		<b id="10" c="1 11" t="1"/>
		<b id="11" c="3 12" t="1"/>
		<b id="12" c="3 13" t="1"/>
		<b id="13" c="3 14" t="1"/>
		<b id="14" c="4 15" t="1"/>
		<b id="15" c="4 16" t="1"/>
		<b id="16" c="4 17" t="1"/>
		<b id="17" c="6 18" t="1"/>
		<b id="18" c="6 19" t="1"/>
	</bonds>
	<geometry>
		<g u="A" t="cart/3d">#19,3:1.0323,-0.0594,-0.0287;2.5442,-0.0058,0.0464;3.1065,1.3944,0.1789;3.1000,-0.9485,1.0971;3.1928,-0.7049,-1.5346;2.6375,0.2659,-2.7747;4.6190,-0.5792,-1.5415;2.6023,-1.9922,-1.7444;0.5924,0.1308,0.9486;0.7276,-1.0484,-0.3629;0.6446,0.6812,-0.7254;2.9453,1.7795,1.1851;2.6355,2.0772,-0.5263;4.1764,1.3679,-0.0191;2.7902,-0.6479,2.0970;4.1861,-0.9511,1.0452;2.7474,-1.9584,0.9023;3.0232,1.1933,-2.7924;1.6459,0.2279,-2.9312;</g>
	</geometry>
	<conformers/>
	<properties/>
</molecule>
