<?xml version="1.0" ?>
<!--MOLLI PACKAGE EXPERIMENTAL XML FORMAT-->
<molecule name="el601">
	<atoms>
		<a id="1" s="C" t="C.3" l="C"/>
		<a id="2" s="C" t="C.3" l="C"/>
		<a id="3" s="C" t="C.3" l="C"/>
		<a id="4" s="C" t="C.3" l="C"/>
		<a id="5" s="O" t="O.3" l="O"/>
		<a id="6" s="C" t="C.ar" l="C"/>
		<a id="7" s="N" t="N.ar" l="N"/>
		<a id="8" s="C" t="C.ar" l="C"/>
		<a id="9" s="Br" t="Br" l="BR"/>
		<a id="10" s="C" t="C.ar" l="C"/>
		<a id="11" s="N" t="N.ar" l="N"/>
		<a id="12" s="C" t="C.ar" l="C"/>
		<a id="13" s="N" t="N.am" l="N"/>
		<a id="14" s="C" t="C.2" l="C"/>
		<a id="15" s="O" t="O.2" l="O"/>
		<a id="16" s="O" t="O.3" l="O"/>
		<a id="17" s="C" t="C.3" l="C"/>
		<a id="18" s="C" t="C.3" l="C"/>
		<a id="19" s="C" t="C.3" l="C"/>
		<a id="20" s="C" t="C.3" l="C"/>
		<a id="21" s="C" t="C.2" l="C"/>
		<a id="22" s="O" t="O.2" l="O"/>
		<a id="23" s="O" t="O.3" l="O"/>
		<a id="24" s="C" t="C.3" l="C"/>
		<a id="25" s="C" t="C.3" l="C"/>
		<a id="26" s="C" t="C.3" l="C"/>
		<a id="27" s="C" t="C.3" l="C"/>
		<a id="28" s="H" t="H" l="H"/>
		<a id="29" s="H" t="H" l="H"/>
		<a id="30" s="H" t="H" l="H"/>
		<a id="31" s="H" t="H" l="H"/>
		<a id="32" s="H" t="H" l="H"/>
		<a id="33" s="H" t="H" l="H"/>
		<a id="34" s="H" t="H" l="H"/>
		<a id="35" s="H" t="H" l="H"/>
		<a id="36" s="H" t="H" l="H"/>
		<a id="37" s="H" t="H" l="H"/>
		<a id="38" s="H" t="H" l="H"/>
		<a id="39" s="H" t="H" l="H"/>
		<a id="40" s="H" t="H" l="H"/>
		<a id="41" s="H" t="H" l="H"/>
		<a id="42" s="H" t="H" l="H"/>
		<a id="43" s="H" t="H" l="H"/>
		<a id="44" s="H" t="H" l="H"/>
		<a id="45" s="H" t="H" l="H"/>
		<a id="46" s="H" t="H" l="H"/>
		<a id="47" s="H" t="H" l="H"/>
		<a id="48" s="H" t="H" l="H"/>
		<a id="49" s="H" t="H" l="H"/>
		<a id="50" s="H" t="H" l="H"/>
		<a id="51" s="H" t="H" l="H"/>
		<a id="52" s="H" t="H" l="H"/>
		<a id="53" s="H" t="H" l="H"/>
		<a id="54" s="H" t="H" l="H"/>
		<a id="55" s="H" t="H" l="H"/>
	</atoms>
	<bonds>
		<b id="1" c="1 2" t="1"/>
		<b id="2" c="2 3" t="1"/>
		<b id="3" c="2 4" t="1"/>
		<b id="4" c="4 5" t="1"/>
		<b id="5" c="5 6" t="1"/>
		<b id="6" c="6 7" t="ar"/>
		<b id="7" c="7 8" t="ar"/>
		<b id="8" c="8 9" t="1"/>
		<b id="9" c="8 10" t="ar"/>
		<b id="10" c="10 11" t="ar"/>
		<b id="11" c="11 12" t="ar"/>
		<b id="12" c="6 12" t="ar"/>
		<b id="13" c="12 13" t="1"/>
		<b id="14" c="13 14" t="am"/>
		<b id="15" c="14 15" t="2"/>
		<b id="16" c="14 16" t="1"/>
		<b id="17" c="16 17" t="1"/>
		<b id="18" c="17 18" t="1"/>
		<b id="19" c="17 19" t="1"/>
		<b id="20" c="17 20" t="1"/>
		<b id="21" c="13 21" t="am"/>
		<b id="22" c="21 22" t="2"/>
		<b id="23" c="21 23" t="1"/>
		<b id="24" c="23 24" t="1"/>
		<b id="25" c="24 25" t="1"/>
		<b id="26" c="24 26" t="1"/>
		<b id="27" c="24 27" t="1"/>
		<b id="28" c="1 28" t="1"/>
		<b id="29" c="1 29" t="1"/>
		<b id="30" c="1 30" t="1"/>
		<b id="31" c="2 31" t="1"/>
		<b id="32" c="3 32" t="1"/>
		<b id="33" c="3 33" t="1"/>
		<b id="34" c="3 34" t="1"/>
		<b id="35" c="4 35" t="1"/>
		<b id="36" c="4 36" t="1"/>
		<b id="37" c="10 37" t="1"/>
		<b id="38" c="18 38" t="1"/>
		<b id="39" c="18 39" t="1"/>
		<b id="40" c="18 40" t="1"/>
		<b id="41" c="19 41" t="1"/>
		<b id="42" c="19 42" t="1"/>
		<b id="43" c="19 43" t="1"/>
		<b id="44" c="20 44" t="1"/>
		<b id="45" c="20 45" t="1"/>
		<b id="46" c="20 46" t="1"/>
		<b id="47" c="25 47" t="1"/>
		<b id="48" c="25 48" t="1"/>
		<b id="49" c="25 49" t="1"/>
		<b id="50" c="26 50" t="1"/>
		<b id="51" c="26 51" t="1"/>
		<b id="52" c="26 52" t="1"/>
		<b id="53" c="27 53" t="1"/>
		<b id="54" c="27 54" t="1"/>
		<b id="55" c="27 55" t="1"/>
	</bonds>
	<geometry>
		<g u="A" t="cart/3d">#55,3:1.9055,1.1791,-1.5617;1.9212,0.9925,-0.0470;2.5740,-0.3311,0.3442;2.6590,2.1546,0.6208;3.9853,2.2268,0.0930;4.9328,2.7045,0.8724;4.6516,3.1650,2.0793;5.6349,3.6588,2.8099;5.1491,4.3072,4.5176;6.9368,3.7237,2.3611;7.2308,3.2636,1.1516;6.2754,2.7628,0.4032;6.6130,2.2939,-0.8758;7.5425,3.0308,-1.6466;8.2891,2.5258,-2.4331;7.4169,4.3092,-1.3487;8.3836,5.2842,-1.8317;8.3268,5.3771,-3.3547;7.9268,6.5927,-1.1880;9.7798,4.9031,-1.3457;6.2100,0.9941,-1.2398;5.8553,0.1920,-0.4187;6.2674,0.8549,-2.5430;6.2017,-0.4594,-3.1670;4.8196,-1.0774,-2.9732;6.4698,-0.1654,-4.6418;7.2966,-1.3523,-2.5881;1.3925,0.3486,-2.0402;2.9243,1.2259,-1.9355;1.3949,2.1016,-1.8295;0.8913,1.0108,0.3267;3.6329,-0.3126,0.0986;2.1044,-1.1574,-0.1836;2.4735,-0.5045,1.4134;2.7093,2.0134,1.7038;2.1583,3.1078,0.4145;7.7455,4.1322,2.9469;7.3141,5.6059,-3.6789;8.6346,4.4366,-3.8028;8.9921,6.1655,-3.6952;6.9157,6.8324,-1.5059;8.5908,7.4017,-1.4769;7.9345,6.4942,-0.1058;10.1148,3.9897,-1.8291;9.7638,4.7441,-0.2699;10.4790,5.7013,-1.5777;4.0515,-0.4100,-3.3569;4.6313,-1.2654,-1.9203;4.7665,-2.0186,-3.5134;5.6889,0.4742,-5.0440;6.4989,-1.0916,-5.2077;7.4215,0.3488,-4.7416;7.1029,-1.5633,-1.5396;8.2598,-0.8546,-2.6756;7.3304,-2.2909,-3.1341;</g>
	</geometry>
	<conformers/>
	<properties/>
</molecule>
