<?xml version="1.0" ?>
<!--MOLLI PACKAGE EXPERIMENTAL XML FORMAT-->
<molecule name="el704">
	<atoms>
		<a id="1" s="Br" t="Br" l="BR"/>
		<a id="2" s="C" t="C.ar" l="C"/>
		<a id="3" s="S" t="S.2" l="S"/>
		<a id="4" s="C" t="C.ar" l="C"/>
		<a id="5" s="C" t="C.ar" l="C"/>
		<a id="6" s="C" t="C.ar" l="C"/>
		<a id="7" s="C" t="C.ar" l="C"/>
		<a id="8" s="N" t="N.ar" l="N"/>
		<a id="9" s="C" t="C.ar" l="C"/>
		<a id="10" s="C" t="C.ar" l="C"/>
		<a id="11" s="N" t="N.ar" l="N"/>
		<a id="12" s="C" t="C.ar" l="C"/>
		<a id="13" s="C" t="C.ar" l="C"/>
		<a id="14" s="C" t="C.ar" l="C"/>
		<a id="15" s="C" t="C.ar" l="C"/>
		<a id="16" s="C" t="C.ar" l="C"/>
		<a id="17" s="C" t="C.ar" l="C"/>
		<a id="18" s="N" t="N.ar" l="N"/>
		<a id="19" s="H" t="H" l="H"/>
		<a id="20" s="H" t="H" l="H"/>
		<a id="21" s="H" t="H" l="H"/>
		<a id="22" s="H" t="H" l="H"/>
		<a id="23" s="H" t="H" l="H"/>
		<a id="24" s="H" t="H" l="H"/>
		<a id="25" s="H" t="H" l="H"/>
		<a id="26" s="H" t="H" l="H"/>
	</atoms>
	<bonds>
		<b id="1" c="1 2" t="1"/>
		<b id="2" c="2 3" t="ar"/>
		<b id="3" c="3 4" t="ar"/>
		<b id="4" c="4 5" t="1"/>
		<b id="5" c="5 6" t="ar"/>
		<b id="6" c="6 7" t="ar"/>
		<b id="7" c="7 8" t="ar"/>
		<b id="8" c="8 9" t="ar"/>
		<b id="9" c="9 10" t="ar"/>
		<b id="10" c="5 10" t="ar"/>
		<b id="11" c="4 11" t="ar"/>
		<b id="12" c="11 12" t="ar"/>
		<b id="13" c="2 12" t="ar"/>
		<b id="14" c="12 13" t="1"/>
		<b id="15" c="13 14" t="ar"/>
		<b id="16" c="14 15" t="ar"/>
		<b id="17" c="15 16" t="ar"/>
		<b id="18" c="16 17" t="ar"/>
		<b id="19" c="17 18" t="ar"/>
		<b id="20" c="13 18" t="ar"/>
		<b id="21" c="6 19" t="1"/>
		<b id="22" c="7 20" t="1"/>
		<b id="23" c="9 21" t="1"/>
		<b id="24" c="10 22" t="1"/>
		<b id="25" c="14 23" t="1"/>
		<b id="26" c="15 24" t="1"/>
		<b id="27" c="16 25" t="1"/>
		<b id="28" c="17 26" t="1"/>
	</bonds>
	<geometry>
		<g u="A" t="cart/3d">#26,3:-1.6021,-0.1483,-0.0187;0.2405,0.1134,0.0160;1.3104,-1.2427,0.0026;2.6529,-0.1033,0.0579;4.0280,-0.5465,0.0604;5.0650,0.3882,0.0021;6.3681,-0.0772,0.0011;6.6869,-1.3598,0.0548;5.7059,-2.2442,0.1117;4.3652,-1.8991,0.1164;2.2820,1.1305,0.0861;0.9418,1.2997,0.0648;0.3694,2.6380,0.0988;1.1936,3.7497,0.2872;0.6077,5.0012,0.3196;-0.7670,5.1049,0.1616;-1.4954,3.9384,-0.0225;-0.9475,2.7405,-0.0527;4.8362,1.4399,-0.0444;7.2033,0.6089,-0.0458;6.0129,-3.2807,0.1552;3.5966,-2.6560,0.1639;2.2556,3.6102,0.4054;1.2125,5.8844,0.4671;-1.2608,6.0636,0.1810;-2.5692,3.9581,-0.1533;</g>
	</geometry>
	<conformers/>
	<properties/>
</molecule>
