<?xml version="1.0" ?>
<!--MOLLI PACKAGE EXPERIMENTAL XML FORMAT-->
<molecule name="el708">
	<atoms>
		<a id="1" s="C" t="C.3" l="C"/>
		<a id="2" s="O" t="O.3" l="O"/>
		<a id="3" s="C" t="C.ar" l="C"/>
		<a id="4" s="C" t="C.ar" l="C"/>
		<a id="5" s="C" t="C.ar" l="C"/>
		<a id="6" s="N" t="N.ar" l="N"/>
		<a id="7" s="C" t="C.ar" l="C"/>
		<a id="8" s="O" t="O.2" l="O"/>
		<a id="9" s="C" t="C.ar" l="C"/>
		<a id="10" s="C" t="C.ar" l="C"/>
		<a id="11" s="C" t="C.ar" l="C"/>
		<a id="12" s="C" t="C.ar" l="C"/>
		<a id="13" s="Br" t="Br" l="BR"/>
		<a id="14" s="C" t="C.ar" l="C"/>
		<a id="15" s="C" t="C.ar" l="C"/>
		<a id="16" s="C" t="C.ar" l="C"/>
		<a id="17" s="O" t="O.3" l="O"/>
		<a id="18" s="C" t="C.3" l="C"/>
		<a id="19" s="H" t="H" l="H"/>
		<a id="20" s="H" t="H" l="H"/>
		<a id="21" s="H" t="H" l="H"/>
		<a id="22" s="H" t="H" l="H"/>
		<a id="23" s="H" t="H" l="H"/>
		<a id="24" s="H" t="H" l="H"/>
		<a id="25" s="H" t="H" l="H"/>
		<a id="26" s="H" t="H" l="H"/>
		<a id="27" s="H" t="H" l="H"/>
		<a id="28" s="H" t="H" l="H"/>
	</atoms>
	<bonds>
		<b id="1" c="1 2" t="1"/>
		<b id="2" c="2 3" t="1"/>
		<b id="3" c="3 4" t="ar"/>
		<b id="4" c="4 5" t="ar"/>
		<b id="5" c="5 6" t="ar"/>
		<b id="6" c="6 7" t="ar"/>
		<b id="7" c="7 8" t="ar"/>
		<b id="8" c="8 9" t="ar"/>
		<b id="9" c="9 10" t="ar"/>
		<b id="10" c="10 11" t="ar"/>
		<b id="11" c="7 11" t="ar"/>
		<b id="12" c="11 12" t="ar"/>
		<b id="13" c="12 13" t="1"/>
		<b id="14" c="12 14" t="ar"/>
		<b id="15" c="5 14" t="ar"/>
		<b id="16" c="14 15" t="ar"/>
		<b id="17" c="15 16" t="ar"/>
		<b id="18" c="3 16" t="ar"/>
		<b id="19" c="16 17" t="1"/>
		<b id="20" c="17 18" t="1"/>
		<b id="21" c="1 19" t="1"/>
		<b id="22" c="1 20" t="1"/>
		<b id="23" c="1 21" t="1"/>
		<b id="24" c="4 22" t="1"/>
		<b id="25" c="9 23" t="1"/>
		<b id="26" c="10 24" t="1"/>
		<b id="27" c="15 25" t="1"/>
		<b id="28" c="18 26" t="1"/>
		<b id="29" c="18 27" t="1"/>
		<b id="30" c="18 28" t="1"/>
	</bonds>
	<geometry>
		<g u="A" t="cart/3d">#28,3:3.1108,0.8049,-0.9845;2.6339,-0.4300,-0.5035;3.3147,-1.0484,0.5013;4.4486,-0.5298,1.0735;5.1515,-1.1925,2.0964;6.2514,-0.5948,2.5851;6.8792,-1.2375,3.5282;7.9940,-0.7915,4.1330;8.3393,-1.7329,5.0495;7.4911,-2.7847,5.0700;6.5046,-2.5037,4.0780;5.3774,-3.1091,3.5705;4.8220,-4.7944,4.2557;4.6609,-2.4587,2.5520;3.4930,-2.9673,1.9603;2.8115,-2.3071,0.9658;1.7117,-2.9573,0.5132;0.7956,-2.3617,-0.3790;2.4220,1.0910,-1.7780;4.1205,0.7116,-1.3954;3.1034,1.5696,-0.2022;4.8593,0.4146,0.7593;9.2198,-1.5274,5.6268;7.5398,-3.6521,5.6959;3.0961,-3.9167,2.2864;-0.0205,-3.0791,-0.4594;1.2349,-2.1992,-1.3649;0.4108,-1.4159,0.0066;</g>
	</geometry>
	<conformers/>
	<properties/>
</molecule>
