<?xml version="1.0" ?>
<!--MOLLI PACKAGE EXPERIMENTAL XML FORMAT-->
<molecule name="el611">
	<atoms>
		<a id="1" s="Br" t="Br" l="BR"/>
		<a id="2" s="C" t="C.ar" l="C"/>
		<a id="3" s="C" t="C.ar" l="C"/>
		<a id="4" s="N" t="N.ar" l="N"/>
		<a id="5" s="C" t="C.ar" l="C"/>
		<a id="6" s="C" t="C.ar" l="C"/>
		<a id="7" s="C" t="C.ar" l="C"/>
		<a id="8" s="C" t="C.ar" l="C"/>
		<a id="9" s="C" t="C.ar" l="C"/>
		<a id="10" s="C" t="C.ar" l="C"/>
		<a id="11" s="C" t="C.ar" l="C"/>
		<a id="12" s="C" t="C.ar" l="C"/>
		<a id="13" s="N" t="N.ar" l="N"/>
		<a id="14" s="C" t="C.ar" l="C"/>
		<a id="15" s="C" t="C.ar" l="C"/>
		<a id="16" s="H" t="H" l="H"/>
		<a id="17" s="H" t="H" l="H"/>
		<a id="18" s="H" t="H" l="H"/>
		<a id="19" s="H" t="H" l="H"/>
		<a id="20" s="H" t="H" l="H"/>
		<a id="21" s="H" t="H" l="H"/>
		<a id="22" s="H" t="H" l="H"/>
	</atoms>
	<bonds>
		<b id="1" c="1 2" t="1"/>
		<b id="2" c="2 3" t="ar"/>
		<b id="3" c="3 4" t="ar"/>
		<b id="4" c="4 5" t="ar"/>
		<b id="5" c="5 6" t="ar"/>
		<b id="6" c="6 7" t="ar"/>
		<b id="7" c="7 8" t="ar"/>
		<b id="8" c="8 9" t="ar"/>
		<b id="9" c="9 10" t="ar"/>
		<b id="10" c="10 11" t="ar"/>
		<b id="11" c="11 12" t="ar"/>
		<b id="12" c="12 13" t="ar"/>
		<b id="13" c="13 14" t="ar"/>
		<b id="14" c="9 14" t="ar"/>
		<b id="15" c="5 14" t="ar"/>
		<b id="16" c="6 15" t="ar"/>
		<b id="17" c="2 15" t="ar"/>
		<b id="18" c="3 16" t="1"/>
		<b id="19" c="7 17" t="1"/>
		<b id="20" c="8 18" t="1"/>
		<b id="21" c="10 19" t="1"/>
		<b id="22" c="11 20" t="1"/>
		<b id="23" c="12 21" t="1"/>
		<b id="24" c="15 22" t="1"/>
	</bonds>
	<geometry>
		<g u="A" t="cart/3d">#22,3:1.1549,0.0933,0.0482;3.0529,-0.0398,0.0478;3.8325,1.1262,0.0486;5.1347,1.0953,0.0483;5.7697,-0.0819,0.0472;5.0710,-1.3144,0.0463;5.7873,-2.5445,0.0449;7.1409,-2.5542,0.0444;7.8828,-1.3393,0.0454;9.2879,-1.3153,0.0449;9.9392,-0.1072,0.0461;9.1685,1.0635,0.0478;7.8616,1.0731,0.0481;7.2088,-0.0937,0.0469;3.6673,-1.2672,0.0466;3.3671,2.1026,0.0494;5.2219,-3.4653,0.0443;7.6890,-3.4858,0.0433;9.8346,-2.2485,0.0436;11.0167,-0.0506,0.0457;9.6448,2.0354,0.0488;3.0942,-2.1834,0.0460;</g>
	</geometry>
	<conformers/>
	<properties/>
</molecule>
