<?xml version="1.0" ?>
<!--MOLLI PACKAGE EXPERIMENTAL XML FORMAT-->
<molecule name="el710">
	<atoms>
		<a id="1" s="C" t="C.2" l="C"/>
		<a id="2" s="C" t="C.2" l="C"/>
		<a id="3" s="C" t="C.ar" l="C"/>
		<a id="4" s="C" t="C.ar" l="C"/>
		<a id="5" s="C" t="C.ar" l="C"/>
		<a id="6" s="C" t="C.ar" l="C"/>
		<a id="7" s="C" t="C.3" l="C"/>
		<a id="8" s="N" t="N.ar" l="N"/>
		<a id="9" s="C" t="C.ar" l="C"/>
		<a id="10" s="C" t="C.ar" l="C"/>
		<a id="11" s="C" t="C.ar" l="C"/>
		<a id="12" s="C" t="C.ar" l="C"/>
		<a id="13" s="C" t="C.ar" l="C"/>
		<a id="14" s="C" t="C.ar" l="C"/>
		<a id="15" s="C" t="C.ar" l="C"/>
		<a id="16" s="C" t="C.ar" l="C"/>
		<a id="17" s="C" t="C.ar" l="C"/>
		<a id="18" s="Br" t="Br" l="BR"/>
		<a id="19" s="C" t="C.ar" l="C"/>
		<a id="20" s="C" t="C.ar" l="C"/>
		<a id="21" s="C" t="C.ar" l="C"/>
		<a id="22" s="C" t="C.ar" l="C"/>
		<a id="23" s="C" t="C.ar" l="C"/>
		<a id="24" s="H" t="H" l="H"/>
		<a id="25" s="H" t="H" l="H"/>
		<a id="26" s="H" t="H" l="H"/>
		<a id="27" s="H" t="H" l="H"/>
		<a id="28" s="H" t="H" l="H"/>
		<a id="29" s="H" t="H" l="H"/>
		<a id="30" s="H" t="H" l="H"/>
		<a id="31" s="H" t="H" l="H"/>
		<a id="32" s="H" t="H" l="H"/>
		<a id="33" s="H" t="H" l="H"/>
		<a id="34" s="H" t="H" l="H"/>
		<a id="35" s="H" t="H" l="H"/>
		<a id="36" s="H" t="H" l="H"/>
		<a id="37" s="H" t="H" l="H"/>
		<a id="38" s="H" t="H" l="H"/>
		<a id="39" s="H" t="H" l="H"/>
	</atoms>
	<bonds>
		<b id="1" c="1 2" t="2"/>
		<b id="2" c="2 3" t="1"/>
		<b id="3" c="3 4" t="ar"/>
		<b id="4" c="4 5" t="ar"/>
		<b id="5" c="5 6" t="ar"/>
		<b id="6" c="6 7" t="1"/>
		<b id="7" c="7 8" t="1"/>
		<b id="8" c="8 9" t="ar"/>
		<b id="9" c="9 10" t="ar"/>
		<b id="10" c="10 11" t="ar"/>
		<b id="11" c="11 12" t="ar"/>
		<b id="12" c="12 13" t="ar"/>
		<b id="13" c="13 14" t="ar"/>
		<b id="14" c="9 14" t="ar"/>
		<b id="15" c="14 15" t="ar"/>
		<b id="16" c="15 16" t="ar"/>
		<b id="17" c="16 17" t="ar"/>
		<b id="18" c="17 18" t="1"/>
		<b id="19" c="17 19" t="ar"/>
		<b id="20" c="19 20" t="ar"/>
		<b id="21" c="20 21" t="ar"/>
		<b id="22" c="15 21" t="ar"/>
		<b id="23" c="8 21" t="ar"/>
		<b id="24" c="6 22" t="ar"/>
		<b id="25" c="22 23" t="ar"/>
		<b id="26" c="3 23" t="ar"/>
		<b id="27" c="1 24" t="1"/>
		<b id="28" c="1 25" t="1"/>
		<b id="29" c="2 26" t="1"/>
		<b id="30" c="4 27" t="1"/>
		<b id="31" c="5 28" t="1"/>
		<b id="32" c="7 29" t="1"/>
		<b id="33" c="7 30" t="1"/>
		<b id="34" c="10 31" t="1"/>
		<b id="35" c="11 32" t="1"/>
		<b id="36" c="12 33" t="1"/>
		<b id="37" c="13 34" t="1"/>
		<b id="38" c="16 35" t="1"/>
		<b id="39" c="19 36" t="1"/>
		<b id="40" c="20 37" t="1"/>
		<b id="41" c="22 38" t="1"/>
		<b id="42" c="23 39" t="1"/>
	</bonds>
	<geometry>
		<g u="A" t="cart/3d">#39,3:0.8151,-0.2239,-0.4458;1.2113,0.3857,-1.5565;2.4156,0.0938,-2.3248;3.4377,-0.7293,-1.8523;4.5567,-0.9800,-2.6212;4.6941,-0.4151,-3.8819;5.9182,-0.6853,-4.7245;5.5805,-0.9638,-6.0953;5.0101,-2.1372,-6.5311;4.6778,-3.2760,-5.8111;4.1261,-4.3359,-6.5038;3.9033,-4.2721,-7.8783;4.2214,-3.1389,-8.5987;4.7775,-2.0595,-7.9239;5.2153,-0.7556,-8.3303;5.2331,-0.0992,-9.5527;5.7283,1.1882,-9.5802;5.7706,2.1326,-11.2413;6.1976,1.8325,-8.4383;6.1849,1.1892,-7.2170;5.6954,-0.1101,-7.1615;3.6840,0.4110,-4.3586;2.5657,0.6626,-3.5906;-0.0974,0.0572,0.0512;1.3700,-1.0269,0.0086;0.5938,1.1730,-1.9722;3.3625,-1.1727,-0.8716;5.3382,-1.6199,-2.2346;6.4725,-1.5368,-4.3144;6.5806,0.1858,-4.7046;4.8344,-3.3331,-4.7449;3.8588,-5.2348,-5.9683;3.4716,-5.1238,-8.3821;4.0435,-3.0880,-9.6621;4.8710,-0.5782,-10.4487;6.5709,2.8421,-8.5133;6.5448,1.7004,-6.3370;3.7744,0.8584,-5.3384;1.7891,1.3073,-3.9771;</g>
	</geometry>
	<conformers/>
	<properties/>
</molecule>
