<?xml version="1.0" ?>
<!--MOLLI PACKAGE EXPERIMENTAL XML FORMAT-->
<molecule name="el711">
	<atoms>
		<a id="1" s="C" t="C.3" l="C"/>
		<a id="2" s="O" t="O.3" l="O"/>
		<a id="3" s="C" t="C.ar" l="C"/>
		<a id="4" s="C" t="C.ar" l="C"/>
		<a id="5" s="C" t="C.ar" l="C"/>
		<a id="6" s="C" t="C.ar" l="C"/>
		<a id="7" s="C" t="C.ar" l="C"/>
		<a id="8" s="C" t="C.ar" l="C"/>
		<a id="9" s="N" t="N.ar" l="N"/>
		<a id="10" s="C" t="C.ar" l="C"/>
		<a id="11" s="C" t="C.ar" l="C"/>
		<a id="12" s="C" t="C.ar" l="C"/>
		<a id="13" s="Br" t="Br" l="BR"/>
		<a id="14" s="C" t="C.ar" l="C"/>
		<a id="15" s="C" t="C.ar" l="C"/>
		<a id="16" s="N" t="N.ar" l="N"/>
		<a id="17" s="C" t="C.ar" l="C"/>
		<a id="18" s="O" t="O.3" l="O"/>
		<a id="19" s="C" t="C.3" l="C"/>
		<a id="20" s="C" t="C.ar" l="C"/>
		<a id="21" s="H" t="H" l="H"/>
		<a id="22" s="H" t="H" l="H"/>
		<a id="23" s="H" t="H" l="H"/>
		<a id="24" s="H" t="H" l="H"/>
		<a id="25" s="H" t="H" l="H"/>
		<a id="26" s="H" t="H" l="H"/>
		<a id="27" s="H" t="H" l="H"/>
		<a id="28" s="H" t="H" l="H"/>
		<a id="29" s="H" t="H" l="H"/>
		<a id="30" s="H" t="H" l="H"/>
		<a id="31" s="H" t="H" l="H"/>
		<a id="32" s="H" t="H" l="H"/>
		<a id="33" s="H" t="H" l="H"/>
	</atoms>
	<bonds>
		<b id="1" c="1 2" t="1"/>
		<b id="2" c="2 3" t="1"/>
		<b id="3" c="3 4" t="ar"/>
		<b id="4" c="4 5" t="ar"/>
		<b id="5" c="5 6" t="ar"/>
		<b id="6" c="6 7" t="1"/>
		<b id="7" c="7 8" t="ar"/>
		<b id="8" c="8 9" t="ar"/>
		<b id="9" c="9 10" t="ar"/>
		<b id="10" c="10 11" t="ar"/>
		<b id="11" c="11 12" t="ar"/>
		<b id="12" c="12 13" t="1"/>
		<b id="13" c="12 14" t="ar"/>
		<b id="14" c="14 15" t="ar"/>
		<b id="15" c="9 15" t="ar"/>
		<b id="16" c="15 16" t="ar"/>
		<b id="17" c="7 16" t="ar"/>
		<b id="18" c="6 17" t="ar"/>
		<b id="19" c="17 18" t="1"/>
		<b id="20" c="18 19" t="1"/>
		<b id="21" c="17 20" t="ar"/>
		<b id="22" c="3 20" t="ar"/>
		<b id="23" c="1 21" t="1"/>
		<b id="24" c="1 22" t="1"/>
		<b id="25" c="1 23" t="1"/>
		<b id="26" c="4 24" t="1"/>
		<b id="27" c="5 25" t="1"/>
		<b id="28" c="8 26" t="1"/>
		<b id="29" c="10 27" t="1"/>
		<b id="30" c="11 28" t="1"/>
		<b id="31" c="14 29" t="1"/>
		<b id="32" c="19 30" t="1"/>
		<b id="33" c="19 31" t="1"/>
		<b id="34" c="19 32" t="1"/>
		<b id="35" c="20 33" t="1"/>
	</bonds>
	<geometry>
		<g u="A" t="cart/3d">#33,3:1.2486,0.3309,-0.5081;2.4984,0.0179,0.0573;3.1281,-1.1162,-0.3507;2.6428,-2.0023,-1.3105;3.3794,-3.1265,-1.6123;4.6001,-3.4294,-1.0041;5.1811,-4.7194,-1.3742;5.2738,-5.2258,-2.6610;5.7573,-6.4876,-2.5465;6.0487,-7.4324,-3.4688;6.5246,-8.6431,-3.0687;6.7081,-8.8967,-1.6939;7.3710,-10.6015,-1.1713;6.4228,-7.9532,-0.7460;5.9339,-6.7136,-1.1749;5.5865,-5.6521,-0.4776;5.1097,-2.5083,-0.0731;6.3041,-2.5357,0.5650;7.3150,-3.4430,0.1987;4.3550,-1.3784,0.2388;0.9334,1.2577,-0.0312;0.5078,-0.4494,-0.3049;1.3230,0.4890,-1.5893;1.7025,-1.8364,-1.8106;2.9841,-3.8278,-2.3329;5.0572,-4.7742,-3.6068;5.8867,-7.1788,-4.5054;6.7601,-9.4039,-3.7937;6.5537,-8.1273,0.3084;8.2142,-3.0934,0.7055;7.4824,-3.4380,-0.8831;7.0757,-4.4598,0.5219;4.7509,-0.6846,0.9620;</g>
	</geometry>
	<conformers/>
	<properties/>
</molecule>
