<?xml version="1.0" ?>
<!--MOLLI PACKAGE EXPERIMENTAL XML FORMAT-->
<molecule name="el715">
	<atoms>
		<a id="1" s="F" t="F" l="F"/>
		<a id="2" s="C" t="C.3" l="C"/>
		<a id="3" s="F" t="F" l="F"/>
		<a id="4" s="F" t="F" l="F"/>
		<a id="5" s="O" t="O.3" l="O"/>
		<a id="6" s="C" t="C.ar" l="C"/>
		<a id="7" s="C" t="C.ar" l="C"/>
		<a id="8" s="C" t="C.ar" l="C"/>
		<a id="9" s="C" t="C.ar" l="C"/>
		<a id="10" s="C" t="C.ar" l="C"/>
		<a id="11" s="C" t="C.ar" l="C"/>
		<a id="12" s="Br" t="Br" l="BR"/>
		<a id="13" s="C" t="C.ar" l="C"/>
		<a id="14" s="C" t="C.ar" l="C"/>
		<a id="15" s="C" t="C.3" l="C"/>
		<a id="16" s="F" t="F" l="F"/>
		<a id="17" s="F" t="F" l="F"/>
		<a id="18" s="F" t="F" l="F"/>
		<a id="19" s="N" t="N.ar" l="N"/>
		<a id="20" s="C" t="C.ar" l="C"/>
		<a id="21" s="H" t="H" l="H"/>
		<a id="22" s="H" t="H" l="H"/>
		<a id="23" s="H" t="H" l="H"/>
		<a id="24" s="H" t="H" l="H"/>
	</atoms>
	<bonds>
		<b id="1" c="1 2" t="1"/>
		<b id="2" c="2 3" t="1"/>
		<b id="3" c="2 4" t="1"/>
		<b id="4" c="2 5" t="1"/>
		<b id="5" c="5 6" t="1"/>
		<b id="6" c="6 7" t="ar"/>
		<b id="7" c="7 8" t="ar"/>
		<b id="8" c="8 9" t="ar"/>
		<b id="9" c="9 10" t="ar"/>
		<b id="10" c="10 11" t="ar"/>
		<b id="11" c="11 12" t="1"/>
		<b id="12" c="11 13" t="ar"/>
		<b id="13" c="13 14" t="ar"/>
		<b id="14" c="14 15" t="1"/>
		<b id="15" c="15 16" t="1"/>
		<b id="16" c="15 17" t="1"/>
		<b id="17" c="15 18" t="1"/>
		<b id="18" c="14 19" t="ar"/>
		<b id="19" c="19 20" t="ar"/>
		<b id="20" c="6 20" t="ar"/>
		<b id="21" c="10 20" t="ar"/>
		<b id="22" c="7 21" t="1"/>
		<b id="23" c="8 22" t="1"/>
		<b id="24" c="9 23" t="1"/>
		<b id="25" c="13 24" t="1"/>
	</bonds>
	<geometry>
		<g u="A" t="cart/3d">#24,3:2.1476,-1.2972,-2.2369;2.0203,-0.3561,-1.2834;0.7335,-0.0627,-1.1963;2.3633,-0.9654,-0.1344;2.6997,0.7509,-1.5286;4.0798,0.7162,-1.6728;4.8559,-0.4070,-1.5676;6.2470,-0.3141,-1.7323;6.8533,0.8811,-1.9982;6.0831,2.0527,-2.1124;6.6100,3.3373,-2.3841;8.4724,3.5761,-2.6229;5.7842,4.4282,-2.4774;4.4071,4.2138,-2.2957;3.4418,5.3791,-2.3617;4.0050,6.4679,-2.9100;2.3550,5.1030,-3.0820;3.0280,5.7432,-1.1394;3.8712,3.0535,-2.0422;4.6675,1.9811,-1.9485;4.4267,-1.3739,-1.3591;6.8372,-1.2123,-1.6443;7.9240,0.9378,-2.1223;6.1665,5.4148,-2.6851;</g>
	</geometry>
	<conformers/>
	<properties/>
</molecule>
