<?xml version="1.0" ?>
<!--MOLLI PACKAGE EXPERIMENTAL XML FORMAT-->
<molecule name="el721">
	<atoms>
		<a id="1" s="C" t="C.3" l="C"/>
		<a id="2" s="O" t="O.3" l="O"/>
		<a id="3" s="C" t="C.ar" l="C"/>
		<a id="4" s="C" t="C.ar" l="C"/>
		<a id="5" s="C" t="C.ar" l="C"/>
		<a id="6" s="C" t="C.2" l="C"/>
		<a id="7" s="O" t="O.2" l="O"/>
		<a id="8" s="C" t="C.ar" l="C"/>
		<a id="9" s="S" t="S.2" l="S"/>
		<a id="10" s="C" t="C.ar" l="C"/>
		<a id="11" s="C" t="C.ar" l="C"/>
		<a id="12" s="C" t="C.ar" l="C"/>
		<a id="13" s="C" t="C.ar" l="C"/>
		<a id="14" s="C" t="C.ar" l="C"/>
		<a id="15" s="C" t="C.ar" l="C"/>
		<a id="16" s="C" t="C.ar" l="C"/>
		<a id="17" s="Br" t="Br" l="BR"/>
		<a id="18" s="C" t="C.ar" l="C"/>
		<a id="19" s="C" t="C.ar" l="C"/>
		<a id="20" s="O" t="O.3" l="O"/>
		<a id="21" s="C" t="C.3" l="C"/>
		<a id="22" s="C" t="C.ar" l="C"/>
		<a id="23" s="O" t="O.3" l="O"/>
		<a id="24" s="C" t="C.3" l="C"/>
		<a id="25" s="H" t="H" l="H"/>
		<a id="26" s="H" t="H" l="H"/>
		<a id="27" s="H" t="H" l="H"/>
		<a id="28" s="H" t="H" l="H"/>
		<a id="29" s="H" t="H" l="H"/>
		<a id="30" s="H" t="H" l="H"/>
		<a id="31" s="H" t="H" l="H"/>
		<a id="32" s="H" t="H" l="H"/>
		<a id="33" s="H" t="H" l="H"/>
		<a id="34" s="H" t="H" l="H"/>
		<a id="35" s="H" t="H" l="H"/>
		<a id="36" s="H" t="H" l="H"/>
		<a id="37" s="H" t="H" l="H"/>
		<a id="38" s="H" t="H" l="H"/>
		<a id="39" s="H" t="H" l="H"/>
	</atoms>
	<bonds>
		<b id="1" c="1 2" t="1"/>
		<b id="2" c="2 3" t="1"/>
		<b id="3" c="3 4" t="ar"/>
		<b id="4" c="4 5" t="ar"/>
		<b id="5" c="5 6" t="1"/>
		<b id="6" c="6 7" t="2"/>
		<b id="7" c="6 8" t="1"/>
		<b id="8" c="8 9" t="ar"/>
		<b id="9" c="9 10" t="ar"/>
		<b id="10" c="10 11" t="ar"/>
		<b id="11" c="11 12" t="ar"/>
		<b id="12" c="12 13" t="ar"/>
		<b id="13" c="13 14" t="ar"/>
		<b id="14" c="14 15" t="ar"/>
		<b id="15" c="10 15" t="ar"/>
		<b id="16" c="15 16" t="ar"/>
		<b id="17" c="8 16" t="ar"/>
		<b id="18" c="16 17" t="1"/>
		<b id="19" c="5 18" t="ar"/>
		<b id="20" c="18 19" t="ar"/>
		<b id="21" c="19 20" t="1"/>
		<b id="22" c="20 21" t="1"/>
		<b id="23" c="19 22" t="ar"/>
		<b id="24" c="3 22" t="ar"/>
		<b id="25" c="22 23" t="1"/>
		<b id="26" c="23 24" t="1"/>
		<b id="27" c="1 25" t="1"/>
		<b id="28" c="1 26" t="1"/>
		<b id="29" c="1 27" t="1"/>
		<b id="30" c="4 28" t="1"/>
		<b id="31" c="11 29" t="1"/>
		<b id="32" c="12 30" t="1"/>
		<b id="33" c="13 31" t="1"/>
		<b id="34" c="14 32" t="1"/>
		<b id="35" c="18 33" t="1"/>
		<b id="36" c="21 34" t="1"/>
		<b id="37" c="21 35" t="1"/>
		<b id="38" c="21 36" t="1"/>
		<b id="39" c="24 37" t="1"/>
		<b id="40" c="24 38" t="1"/>
		<b id="41" c="24 39" t="1"/>
	</bonds>
	<geometry>
		<g u="A" t="cart/3d">#39,3:1.0823,1.1431,0.5504;2.0570,0.6263,-0.3228;3.0565,1.4586,-0.7559;3.0542,2.8240,-0.5081;4.0752,3.6380,-0.9868;4.0919,5.0885,-0.7481;4.6561,5.8761,-1.4836;3.3800,5.5809,0.4533;2.4866,7.0729,0.3010;2.0957,7.0564,1.9965;1.3335,7.9869,2.6896;1.1508,7.8060,4.0442;1.7152,6.7144,4.7073;2.4679,5.7861,4.0259;2.6641,5.9491,2.6533;3.3906,5.1285,1.7392;4.3407,3.6086,2.3404;5.0996,3.0901,-1.7575;5.1283,1.7321,-2.0017;6.0908,1.0912,-2.7129;7.1312,1.8618,-3.2658;4.1128,0.8889,-1.4892;4.2796,-0.4148,-1.8099;3.5624,-1.4350,-1.1514;0.4611,0.2921,0.8254;0.4581,1.8976,0.0610;1.5350,1.5671,1.4520;2.2365,3.2705,0.0339;0.9030,8.8299,2.1724;0.5654,8.5205,4.6025;1.5579,6.6003,5.7689;2.9078,4.9400,4.5316;5.8627,3.7547,-2.1269;7.7714,1.1535,-3.7891;7.7123,2.3706,-2.4896;6.7497,2.6013,-3.9771;4.0200,-2.3638,-1.4918;2.5048,-1.4280,-1.4212;3.6590,-1.3584,-0.0663;</g>
	</geometry>
	<conformers/>
	<properties/>
</molecule>
