<?xml version="1.0" ?>
<!--MOLLI PACKAGE EXPERIMENTAL XML FORMAT-->
<molecule name="el722">
	<atoms>
		<a id="1" s="C" t="C.3" l="C"/>
		<a id="2" s="N" t="N.ar" l="N"/>
		<a id="3" s="C" t="C.ar" l="C"/>
		<a id="4" s="Br" t="Br" l="BR"/>
		<a id="5" s="C" t="C.ar" l="C"/>
		<a id="6" s="C" t="C.ar" l="C"/>
		<a id="7" s="C" t="C.ar" l="C"/>
		<a id="8" s="C" t="C.ar" l="C"/>
		<a id="9" s="C" t="C.ar" l="C"/>
		<a id="10" s="C" t="C.ar" l="C"/>
		<a id="11" s="C" t="C.ar" l="C"/>
		<a id="12" s="C" t="C.ar" l="C"/>
		<a id="13" s="C" t="C.ar" l="C"/>
		<a id="14" s="C" t="C.ar" l="C"/>
		<a id="15" s="C" t="C.ar" l="C"/>
		<a id="16" s="C" t="C.ar" l="C"/>
		<a id="17" s="C" t="C.ar" l="C"/>
		<a id="18" s="H" t="H" l="H"/>
		<a id="19" s="H" t="H" l="H"/>
		<a id="20" s="H" t="H" l="H"/>
		<a id="21" s="H" t="H" l="H"/>
		<a id="22" s="H" t="H" l="H"/>
		<a id="23" s="H" t="H" l="H"/>
		<a id="24" s="H" t="H" l="H"/>
		<a id="25" s="H" t="H" l="H"/>
		<a id="26" s="H" t="H" l="H"/>
		<a id="27" s="H" t="H" l="H"/>
		<a id="28" s="H" t="H" l="H"/>
		<a id="29" s="H" t="H" l="H"/>
	</atoms>
	<bonds>
		<b id="1" c="1 2" t="1"/>
		<b id="2" c="2 3" t="ar"/>
		<b id="3" c="3 4" t="1"/>
		<b id="4" c="3 5" t="ar"/>
		<b id="5" c="5 6" t="1"/>
		<b id="6" c="6 7" t="ar"/>
		<b id="7" c="7 8" t="ar"/>
		<b id="8" c="8 9" t="ar"/>
		<b id="9" c="9 10" t="ar"/>
		<b id="10" c="10 11" t="ar"/>
		<b id="11" c="6 11" t="ar"/>
		<b id="12" c="5 12" t="ar"/>
		<b id="13" c="12 13" t="ar"/>
		<b id="14" c="13 14" t="ar"/>
		<b id="15" c="14 15" t="ar"/>
		<b id="16" c="15 16" t="ar"/>
		<b id="17" c="16 17" t="ar"/>
		<b id="18" c="12 17" t="ar"/>
		<b id="19" c="2 17" t="ar"/>
		<b id="20" c="1 18" t="1"/>
		<b id="21" c="1 19" t="1"/>
		<b id="22" c="1 20" t="1"/>
		<b id="23" c="7 21" t="1"/>
		<b id="24" c="8 22" t="1"/>
		<b id="25" c="9 23" t="1"/>
		<b id="26" c="10 24" t="1"/>
		<b id="27" c="11 25" t="1"/>
		<b id="28" c="13 26" t="1"/>
		<b id="29" c="14 27" t="1"/>
		<b id="30" c="15 28" t="1"/>
		<b id="31" c="16 29" t="1"/>
	</bonds>
	<geometry>
		<g u="A" t="cart/3d">#29,3:0.2944,2.2506,0.0981;-0.1664,0.8931,0.0384;0.5836,-0.2535,0.0252;2.4585,-0.1733,0.1655;-0.2015,-1.3776,-0.0307;0.2321,-2.7709,-0.0529;-0.4013,-3.7116,0.7573;-0.0022,-5.0343,0.7373;1.0353,-5.4376,-0.0872;1.6709,-4.5097,-0.8944;1.2718,-3.1863,-0.8816;-1.5488,-0.8946,-0.0611;-2.7913,-1.5216,-0.1540;-3.9221,-0.7376,-0.1753;-3.8435,0.6566,-0.1161;-2.6293,1.3038,-0.0434;-1.4830,0.5183,-0.0190;1.3820,2.2760,0.0667;-0.0430,2.7270,1.0222;-0.0957,2.8151,-0.7520;-1.1959,-3.3937,1.4164;-0.4995,-5.7542,1.3715;1.3471,-6.4716,-0.1001;2.4792,-4.8182,-1.5411;1.7582,-2.4744,-1.5320;-2.8577,-2.5970,-0.2144;-4.8940,-1.2036,-0.2419;-4.7542,1.2363,-0.1344;-2.5716,2.3810,-0.0084;</g>
	</geometry>
	<conformers/>
	<properties/>
</molecule>
