<?xml version="1.0" ?>
<!--MOLLI PACKAGE EXPERIMENTAL XML FORMAT-->
<molecule name="el727">
	<atoms>
		<a id="1" s="C" t="C.3" l="C"/>
		<a id="2" s="C" t="C.3" l="C"/>
		<a id="3" s="C" t="C.3" l="C"/>
		<a id="4" s="C" t="C.3" l="C"/>
		<a id="5" s="Si" t="Si" l="SI"/>
		<a id="6" s="C" t="C.3" l="C"/>
		<a id="7" s="C" t="C.3" l="C"/>
		<a id="8" s="O" t="O.3" l="O"/>
		<a id="9" s="C" t="C.3" l="C"/>
		<a id="10" s="C" t="C.3" l="C"/>
		<a id="11" s="O" t="O.3" l="O"/>
		<a id="12" s="C" t="C.3" l="C"/>
		<a id="13" s="N" t="N.ar" l="N"/>
		<a id="14" s="C" t="C.ar" l="C"/>
		<a id="15" s="Br" t="Br" l="BR"/>
		<a id="16" s="N" t="N.ar" l="N"/>
		<a id="17" s="C" t="C.ar" l="C"/>
		<a id="18" s="C" t="C.ar" l="C"/>
		<a id="19" s="N" t="N.pl3" l="N"/>
		<a id="20" s="N" t="N.ar" l="N"/>
		<a id="21" s="C" t="C.ar" l="C"/>
		<a id="22" s="N" t="N.ar" l="N"/>
		<a id="23" s="C" t="C.ar" l="C"/>
		<a id="24" s="C" t="C.3" l="C"/>
		<a id="25" s="C" t="C.3" l="C"/>
		<a id="26" s="O" t="O.3" l="O"/>
		<a id="27" s="Si" t="Si" l="SI"/>
		<a id="28" s="C" t="C.3" l="C"/>
		<a id="29" s="C" t="C.3" l="C"/>
		<a id="30" s="C" t="C.3" l="C"/>
		<a id="31" s="C" t="C.3" l="C"/>
		<a id="32" s="C" t="C.3" l="C"/>
		<a id="33" s="C" t="C.3" l="C"/>
		<a id="34" s="H" t="H" l="H"/>
		<a id="35" s="H" t="H" l="H"/>
		<a id="36" s="H" t="H" l="H"/>
		<a id="37" s="H" t="H" l="H"/>
		<a id="38" s="H" t="H" l="H"/>
		<a id="39" s="H" t="H" l="H"/>
		<a id="40" s="H" t="H" l="H"/>
		<a id="41" s="H" t="H" l="H"/>
		<a id="42" s="H" t="H" l="H"/>
		<a id="43" s="H" t="H" l="H"/>
		<a id="44" s="H" t="H" l="H"/>
		<a id="45" s="H" t="H" l="H"/>
		<a id="46" s="H" t="H" l="H"/>
		<a id="47" s="H" t="H" l="H"/>
		<a id="48" s="H" t="H" l="H"/>
		<a id="49" s="H" t="H" l="H"/>
		<a id="50" s="H" t="H" l="H"/>
		<a id="51" s="H" t="H" l="H"/>
		<a id="52" s="H" t="H" l="H"/>
		<a id="53" s="H" t="H" l="H"/>
		<a id="54" s="H" t="H" l="H"/>
		<a id="55" s="H" t="H" l="H"/>
		<a id="56" s="H" t="H" l="H"/>
		<a id="57" s="H" t="H" l="H"/>
		<a id="58" s="H" t="H" l="H"/>
		<a id="59" s="H" t="H" l="H"/>
		<a id="60" s="H" t="H" l="H"/>
		<a id="61" s="H" t="H" l="H"/>
		<a id="62" s="H" t="H" l="H"/>
		<a id="63" s="H" t="H" l="H"/>
		<a id="64" s="H" t="H" l="H"/>
		<a id="65" s="H" t="H" l="H"/>
		<a id="66" s="H" t="H" l="H"/>
		<a id="67" s="H" t="H" l="H"/>
		<a id="68" s="H" t="H" l="H"/>
		<a id="69" s="H" t="H" l="H"/>
		<a id="70" s="H" t="H" l="H"/>
		<a id="71" s="H" t="H" l="H"/>
		<a id="72" s="H" t="H" l="H"/>
		<a id="73" s="H" t="H" l="H"/>
	</atoms>
	<bonds>
		<b id="1" c="1 2" t="1"/>
		<b id="2" c="2 3" t="1"/>
		<b id="3" c="2 4" t="1"/>
		<b id="4" c="2 5" t="1"/>
		<b id="5" c="5 6" t="1"/>
		<b id="6" c="5 7" t="1"/>
		<b id="7" c="5 8" t="1"/>
		<b id="8" c="8 9" t="1"/>
		<b id="9" c="9 10" t="1"/>
		<b id="10" c="10 11" t="1"/>
		<b id="11" c="11 12" t="1"/>
		<b id="12" c="13 14" t="ar"/>
		<b id="13" c="14 15" t="1"/>
		<b id="14" c="14 16" t="ar"/>
		<b id="15" c="16 17" t="ar"/>
		<b id="16" c="17 18" t="ar"/>
		<b id="17" c="18 19" t="1"/>
		<b id="18" c="18 20" t="ar"/>
		<b id="19" c="20 21" t="ar"/>
		<b id="20" c="21 22" t="ar"/>
		<b id="21" c="22 23" t="ar"/>
		<b id="22" c="17 23" t="ar"/>
		<b id="23" c="13 23" t="ar"/>
		<b id="24" c="12 24" t="1"/>
		<b id="25" c="24 25" t="1"/>
		<b id="26" c="10 25" t="1"/>
		<b id="27" c="25 26" t="1"/>
		<b id="28" c="26 27" t="1"/>
		<b id="29" c="27 28" t="1"/>
		<b id="30" c="27 29" t="1"/>
		<b id="31" c="27 30" t="1"/>
		<b id="32" c="30 31" t="1"/>
		<b id="33" c="30 32" t="1"/>
		<b id="34" c="30 33" t="1"/>
		<b id="35" c="12 13" t="1"/>
		<b id="36" c="1 34" t="1"/>
		<b id="37" c="1 35" t="1"/>
		<b id="38" c="1 36" t="1"/>
		<b id="39" c="3 37" t="1"/>
		<b id="40" c="3 38" t="1"/>
		<b id="41" c="3 39" t="1"/>
		<b id="42" c="4 40" t="1"/>
		<b id="43" c="4 41" t="1"/>
		<b id="44" c="4 42" t="1"/>
		<b id="45" c="6 43" t="1"/>
		<b id="46" c="6 44" t="1"/>
		<b id="47" c="6 45" t="1"/>
		<b id="48" c="7 46" t="1"/>
		<b id="49" c="7 47" t="1"/>
		<b id="50" c="7 48" t="1"/>
		<b id="51" c="9 49" t="1"/>
		<b id="52" c="9 50" t="1"/>
		<b id="53" c="10 51" t="1"/>
		<b id="54" c="12 52" t="1"/>
		<b id="55" c="19 53" t="1"/>
		<b id="56" c="19 54" t="1"/>
		<b id="57" c="21 55" t="1"/>
		<b id="58" c="24 56" t="1"/>
		<b id="59" c="24 57" t="1"/>
		<b id="60" c="25 58" t="1"/>
		<b id="61" c="28 59" t="1"/>
		<b id="62" c="28 60" t="1"/>
		<b id="63" c="28 61" t="1"/>
		<b id="64" c="29 62" t="1"/>
		<b id="65" c="29 63" t="1"/>
		<b id="66" c="29 64" t="1"/>
		<b id="67" c="31 65" t="1"/>
		<b id="68" c="31 66" t="1"/>
		<b id="69" c="31 67" t="1"/>
		<b id="70" c="32 68" t="1"/>
		<b id="71" c="32 69" t="1"/>
		<b id="72" c="32 70" t="1"/>
		<b id="73" c="33 71" t="1"/>
		<b id="74" c="33 72" t="1"/>
		<b id="75" c="33 73" t="1"/>
	</bonds>
	<geometry>
		<g u="A" t="cart/3d">#73,3:5.7396,-1.2396,0.8814;4.6750,-2.3421,0.8741;4.4570,-2.8037,2.3178;3.3664,-1.7383,0.3548;5.1956,-3.8428,-0.2385;6.8001,-4.6287,0.4300;3.8208,-5.1515,-0.3121;5.2596,-3.4398,-1.8280;6.0196,-2.5357,-2.5494;7.4961,-2.4941,-2.1541;8.1342,-3.7485,-2.3667;9.0832,-3.6325,-3.3854;8.4713,-3.9648,-4.6681;7.8769,-5.1738,-4.9386;7.9285,-6.5676,-3.7223;7.3099,-5.2593,-6.0998;7.5135,-4.0288,-6.6685;7.1551,-3.4746,-7.9114;6.4725,-4.1561,-8.8418;7.5130,-2.2124,-8.1634;8.1872,-1.5413,-7.2474;8.5849,-1.9455,-6.0547;8.2309,-3.2043,-5.7844;9.5686,-2.1929,-3.3431;8.2778,-1.4498,-2.9774;8.4853,-0.2915,-2.2457;8.7450,1.1903,-2.9179;10.3257,1.1984,-3.9877;7.2772,1.6518,-4.0477;8.8831,2.3131,-1.3694;10.0294,1.8477,-0.4696;9.1556,3.7520,-1.8061;7.5857,2.2846,-0.5587;5.4289,-0.4193,1.5294;5.8938,-0.8368,-0.1176;6.6912,-1.6146,1.2528;4.1447,-1.9673,2.9425;5.3722,-3.2177,2.7335;3.6865,-3.5687,2.3638;3.0899,-0.8626,0.9417;2.5577,-2.4615,0.4213;3.4653,-1.4349,-0.6851;6.5805,-5.4059,1.1548;7.4619,-3.9150,0.9121;7.3532,-5.0848,-0.3854;3.5645,-5.5033,0.6809;4.1455,-6.0096,-0.8906;2.9186,-4.7672,-0.7752;5.6165,-1.5201,-2.4336;5.9359,-2.8195,-3.6069;7.5735,-2.2686,-1.0866;9.8672,-4.3765,-3.1911;6.2148,-5.1107,-8.6667;6.2647,-3.7138,-9.7183;8.4502,-0.5248,-7.5090;9.9861,-1.8536,-4.2849;10.2912,-2.0723,-2.5370;7.7278,-1.2153,-3.8961;10.1858,0.5820,-4.8717;11.1802,0.8044,-3.4450;10.5835,2.1964,-4.3263;7.2360,0.9828,-4.9037;7.3578,2.6620,-4.4340;6.3281,1.5721,-3.5247;10.9805,1.9077,-0.9932;9.8707,0.8193,-0.1569;10.0911,2.4734,0.4205;10.0859,3.8175,-2.3642;9.2339,4.4049,-0.9375;8.3526,4.1230,-2.4378;7.3609,1.2711,-0.2377;6.7515,2.6547,-1.1499;7.6788,2.9131,0.3268;</g>
	</geometry>
	<conformers/>
	<properties/>
</molecule>
