<?xml version="1.0" ?>
<!--MOLLI PACKAGE EXPERIMENTAL XML FORMAT-->
<molecule name="el733">
	<atoms>
		<a id="1" s="Br" t="Br" l="BR"/>
		<a id="2" s="C" t="C.ar" l="C"/>
		<a id="3" s="C" t="C.ar" l="C"/>
		<a id="4" s="C" t="C.ar" l="C"/>
		<a id="5" s="C" t="C.ar" l="C"/>
		<a id="6" s="C" t="C.ar" l="C"/>
		<a id="7" s="C" t="C.ar" l="C"/>
		<a id="8" s="C" t="C.1" l="C"/>
		<a id="9" s="C" t="C.1" l="C"/>
		<a id="10" s="C" t="C.ar" l="C"/>
		<a id="11" s="C" t="C.ar" l="C"/>
		<a id="12" s="C" t="C.ar" l="C"/>
		<a id="13" s="C" t="C.ar" l="C"/>
		<a id="14" s="C" t="C.ar" l="C"/>
		<a id="15" s="N" t="N.ar" l="N"/>
		<a id="16" s="H" t="H" l="H"/>
		<a id="17" s="H" t="H" l="H"/>
		<a id="18" s="H" t="H" l="H"/>
		<a id="19" s="H" t="H" l="H"/>
		<a id="20" s="H" t="H" l="H"/>
		<a id="21" s="H" t="H" l="H"/>
		<a id="22" s="H" t="H" l="H"/>
		<a id="23" s="H" t="H" l="H"/>
	</atoms>
	<bonds>
		<b id="1" c="1 2" t="1"/>
		<b id="2" c="2 3" t="ar"/>
		<b id="3" c="3 4" t="ar"/>
		<b id="4" c="4 5" t="ar"/>
		<b id="5" c="5 6" t="ar"/>
		<b id="6" c="6 7" t="ar"/>
		<b id="7" c="2 7" t="ar"/>
		<b id="8" c="7 8" t="1"/>
		<b id="9" c="8 9" t="3"/>
		<b id="10" c="9 10" t="1"/>
		<b id="11" c="10 11" t="ar"/>
		<b id="12" c="11 12" t="ar"/>
		<b id="13" c="12 13" t="ar"/>
		<b id="14" c="13 14" t="ar"/>
		<b id="15" c="14 15" t="ar"/>
		<b id="16" c="10 15" t="ar"/>
		<b id="17" c="3 16" t="1"/>
		<b id="18" c="4 17" t="1"/>
		<b id="19" c="5 18" t="1"/>
		<b id="20" c="6 19" t="1"/>
		<b id="21" c="11 20" t="1"/>
		<b id="22" c="12 21" t="1"/>
		<b id="23" c="13 22" t="1"/>
		<b id="24" c="14 23" t="1"/>
	</bonds>
	<geometry>
		<g u="A" t="cart/3d">#23,3:1.0082,-0.2027,0.1590;2.9106,-0.1733,0.0457;3.5710,1.0404,0.1038;4.9531,1.0731,0.0268;5.6714,-0.1058,-0.1053;5.0117,-1.3173,-0.1613;3.6171,-1.3728,-0.0887;2.9494,-2.6110,-0.1543;2.3597,-3.6632,-0.2162;1.6958,-4.9098,-0.2851;2.3980,-6.0918,-0.0223;1.7142,-7.2905,-0.1005;0.3679,-7.2751,-0.4357;-0.2339,-6.0468,-0.6770;0.4027,-4.8967,-0.6058;3.0036,1.9524,0.2080;5.4666,2.0213,0.0703;6.7489,-0.0785,-0.1650;5.5616,-2.2409,-0.2657;3.4456,-6.0542,0.2361;2.2221,-8.2241,0.0964;-0.1995,-8.1898,-0.5079;-1.2814,-5.9799,-0.9419;</g>
	</geometry>
	<conformers/>
	<properties/>
</molecule>
