<?xml version="1.0" ?>
<!--MOLLI PACKAGE EXPERIMENTAL XML FORMAT-->
<molecule name="el738">
	<atoms>
		<a id="1" s="N" t="N.1" l="N"/>
		<a id="2" s="C" t="C.1" l="C"/>
		<a id="3" s="C" t="C.ar" l="C"/>
		<a id="4" s="C" t="C.ar" l="C"/>
		<a id="5" s="C" t="C.ar" l="C"/>
		<a id="6" s="N" t="N.ar" l="N"/>
		<a id="7" s="C" t="C.ar" l="C"/>
		<a id="8" s="C" t="C.ar" l="C"/>
		<a id="9" s="C" t="C.ar" l="C"/>
		<a id="10" s="C" t="C.ar" l="C"/>
		<a id="11" s="C" t="C.ar" l="C"/>
		<a id="12" s="C" t="C.ar" l="C"/>
		<a id="13" s="C" t="C.ar" l="C"/>
		<a id="14" s="C" t="C.ar" l="C"/>
		<a id="15" s="C" t="C.ar" l="C"/>
		<a id="16" s="C" t="C.ar" l="C"/>
		<a id="17" s="C" t="C.ar" l="C"/>
		<a id="18" s="C" t="C.ar" l="C"/>
		<a id="19" s="C" t="C.ar" l="C"/>
		<a id="20" s="C" t="C.ar" l="C"/>
		<a id="21" s="C" t="C.ar" l="C"/>
		<a id="22" s="Br" t="Br" l="BR"/>
		<a id="23" s="H" t="H" l="H"/>
		<a id="24" s="H" t="H" l="H"/>
		<a id="25" s="H" t="H" l="H"/>
		<a id="26" s="H" t="H" l="H"/>
		<a id="27" s="H" t="H" l="H"/>
		<a id="28" s="H" t="H" l="H"/>
		<a id="29" s="H" t="H" l="H"/>
		<a id="30" s="H" t="H" l="H"/>
		<a id="31" s="H" t="H" l="H"/>
		<a id="32" s="H" t="H" l="H"/>
		<a id="33" s="H" t="H" l="H"/>
	</atoms>
	<bonds>
		<b id="1" c="1 2" t="3"/>
		<b id="2" c="2 3" t="1"/>
		<b id="3" c="3 4" t="ar"/>
		<b id="4" c="4 5" t="ar"/>
		<b id="5" c="5 6" t="1"/>
		<b id="6" c="6 7" t="ar"/>
		<b id="7" c="7 8" t="ar"/>
		<b id="8" c="8 9" t="ar"/>
		<b id="9" c="9 10" t="ar"/>
		<b id="10" c="10 11" t="ar"/>
		<b id="11" c="11 12" t="ar"/>
		<b id="12" c="7 12" t="ar"/>
		<b id="13" c="12 13" t="ar"/>
		<b id="14" c="13 14" t="ar"/>
		<b id="15" c="14 15" t="ar"/>
		<b id="16" c="15 16" t="ar"/>
		<b id="17" c="16 17" t="ar"/>
		<b id="18" c="17 18" t="ar"/>
		<b id="19" c="13 18" t="ar"/>
		<b id="20" c="6 18" t="ar"/>
		<b id="21" c="5 19" t="ar"/>
		<b id="22" c="19 20" t="ar"/>
		<b id="23" c="20 21" t="ar"/>
		<b id="24" c="3 21" t="ar"/>
		<b id="25" c="21 22" t="1"/>
		<b id="26" c="4 23" t="1"/>
		<b id="27" c="8 24" t="1"/>
		<b id="28" c="9 25" t="1"/>
		<b id="29" c="10 26" t="1"/>
		<b id="30" c="11 27" t="1"/>
		<b id="31" c="14 28" t="1"/>
		<b id="32" c="15 29" t="1"/>
		<b id="33" c="16 30" t="1"/>
		<b id="34" c="17 31" t="1"/>
		<b id="35" c="19 32" t="1"/>
		<b id="36" c="20 33" t="1"/>
	</bonds>
	<geometry>
		<g u="A" t="cart/3d">#33,3:-0.2076,3.7375,1.0420;0.3337,2.7685,0.7603;1.0228,1.5794,0.4213;2.4143,1.5970,0.3667;3.1196,0.4412,0.0454;4.5110,0.4563,0.0062;5.3017,-0.0730,-1.0020;4.9311,-0.6561,-2.2042;5.9370,-1.0722,-3.0567;7.2808,-0.9058,-2.7324;7.6548,-0.2995,-1.5496;6.6617,0.1260,-0.6778;6.6887,0.7997,0.5916;7.7183,1.2301,1.4175;7.3953,1.8345,2.6161;6.0669,1.9950,3.0007;5.0255,1.5735,2.1949;5.3439,0.9911,0.9775;2.4156,-0.7338,-0.2324;1.0356,-0.7526,-0.1929;0.3348,0.3965,0.1369;-1.5660,0.3520,0.2024;2.9392,2.5206,0.5590;3.8937,-0.7709,-2.4806;5.6729,-1.5324,-3.9972;8.0367,-1.2466,-3.4237;8.6956,-0.1512,-1.3054;8.7476,1.0871,1.1260;8.1800,2.1792,3.2725;5.8429,2.4554,3.9513;4.0017,1.6855,2.5190;2.9589,-1.6380,-0.4592;0.4961,-1.6630,-0.4045;</g>
	</geometry>
	<conformers/>
	<properties/>
</molecule>
