<?xml version="1.0" ?>
<!--MOLLI PACKAGE EXPERIMENTAL XML FORMAT-->
<molecule name="el741">
	<atoms>
		<a id="1" s="C" t="C.3" l="C"/>
		<a id="2" s="C" t="C.3" l="C"/>
		<a id="3" s="O" t="O.3" l="O"/>
		<a id="4" s="C" t="C.2" l="C"/>
		<a id="5" s="O" t="O.2" l="O"/>
		<a id="6" s="C" t="C.ar" l="C"/>
		<a id="7" s="N" t="N.ar" l="N"/>
		<a id="8" s="C" t="C.ar" l="C"/>
		<a id="9" s="N" t="N.ar" l="N"/>
		<a id="10" s="C" t="C.ar" l="C"/>
		<a id="11" s="C" t="C.ar" l="C"/>
		<a id="12" s="Br" t="Br" l="BR"/>
		<a id="13" s="H" t="H" l="H"/>
		<a id="14" s="H" t="H" l="H"/>
		<a id="15" s="H" t="H" l="H"/>
		<a id="16" s="H" t="H" l="H"/>
		<a id="17" s="H" t="H" l="H"/>
		<a id="18" s="H" t="H" l="H"/>
		<a id="19" s="H" t="H" l="H"/>
	</atoms>
	<bonds>
		<b id="1" c="1 2" t="1"/>
		<b id="2" c="2 3" t="1"/>
		<b id="3" c="3 4" t="1"/>
		<b id="4" c="4 5" t="2"/>
		<b id="5" c="4 6" t="1"/>
		<b id="6" c="6 7" t="ar"/>
		<b id="7" c="7 8" t="ar"/>
		<b id="8" c="8 9" t="ar"/>
		<b id="9" c="9 10" t="ar"/>
		<b id="10" c="10 11" t="ar"/>
		<b id="11" c="6 11" t="ar"/>
		<b id="12" c="11 12" t="1"/>
		<b id="13" c="1 13" t="1"/>
		<b id="14" c="1 14" t="1"/>
		<b id="15" c="1 15" t="1"/>
		<b id="16" c="2 16" t="1"/>
		<b id="17" c="2 17" t="1"/>
		<b id="18" c="8 18" t="1"/>
		<b id="19" c="10 19" t="1"/>
	</bonds>
	<geometry>
		<g u="A" t="cart/3d">#19,3:2.6220,-2.2935,0.7586;2.5413,-1.0324,-0.0890;3.0816,-1.2495,-1.3965;4.3933,-1.1619,-1.5235;5.1739,-0.9137,-0.6411;4.8167,-1.3996,-2.9469;3.9916,-0.9955,-3.9031;4.3718,-1.1605,-5.1530;5.5123,-1.6968,-5.5546;6.3434,-2.1129,-4.6218;6.0430,-1.9869,-3.2658;7.2487,-2.6206,-1.9676;2.1438,-2.1164,1.7174;3.6613,-2.5641,0.9297;2.1189,-3.1168,0.2572;3.0914,-0.2165,0.3907;1.5051,-0.7364,-0.2617;3.6886,-0.8250,-5.9208;7.2739,-2.5551,-4.9527;</g>
	</geometry>
	<conformers/>
	<properties/>
</molecule>
