<?xml version="1.0" ?>
<!--MOLLI PACKAGE EXPERIMENTAL XML FORMAT-->
<molecule name="el742">
	<atoms>
		<a id="1" s="F" t="F" l="F"/>
		<a id="2" s="C" t="C.3" l="C"/>
		<a id="3" s="F" t="F" l="F"/>
		<a id="4" s="F" t="F" l="F"/>
		<a id="5" s="C" t="C.ar" l="C"/>
		<a id="6" s="C" t="C.ar" l="C"/>
		<a id="7" s="C" t="C.ar" l="C"/>
		<a id="8" s="C" t="C.ar" l="C"/>
		<a id="9" s="C" t="C.ar" l="C"/>
		<a id="10" s="C" t="C.ar" l="C"/>
		<a id="11" s="C" t="C.ar" l="C"/>
		<a id="12" s="C" t="C.ar" l="C"/>
		<a id="13" s="C" t="C.ar" l="C"/>
		<a id="14" s="C" t="C.ar" l="C"/>
		<a id="15" s="C" t="C.ar" l="C"/>
		<a id="16" s="C" t="C.ar" l="C"/>
		<a id="17" s="Br" t="Br" l="BR"/>
		<a id="18" s="C" t="C.ar" l="C"/>
		<a id="19" s="N" t="N.ar" l="N"/>
		<a id="20" s="C" t="C.ar" l="C"/>
		<a id="21" s="C" t="C.ar" l="C"/>
		<a id="22" s="H" t="H" l="H"/>
		<a id="23" s="H" t="H" l="H"/>
		<a id="24" s="H" t="H" l="H"/>
		<a id="25" s="H" t="H" l="H"/>
		<a id="26" s="H" t="H" l="H"/>
		<a id="27" s="H" t="H" l="H"/>
		<a id="28" s="H" t="H" l="H"/>
		<a id="29" s="H" t="H" l="H"/>
		<a id="30" s="H" t="H" l="H"/>
	</atoms>
	<bonds>
		<b id="1" c="1 2" t="1"/>
		<b id="2" c="2 3" t="1"/>
		<b id="3" c="2 4" t="1"/>
		<b id="4" c="2 5" t="1"/>
		<b id="5" c="5 6" t="ar"/>
		<b id="6" c="6 7" t="ar"/>
		<b id="7" c="7 8" t="ar"/>
		<b id="8" c="8 9" t="1"/>
		<b id="9" c="9 10" t="ar"/>
		<b id="10" c="10 11" t="ar"/>
		<b id="11" c="11 12" t="ar"/>
		<b id="12" c="12 13" t="ar"/>
		<b id="13" c="13 14" t="ar"/>
		<b id="14" c="14 15" t="ar"/>
		<b id="15" c="15 16" t="ar"/>
		<b id="16" c="16 17" t="1"/>
		<b id="17" c="16 18" t="ar"/>
		<b id="18" c="12 18" t="ar"/>
		<b id="19" c="18 19" t="ar"/>
		<b id="20" c="9 19" t="ar"/>
		<b id="21" c="8 20" t="ar"/>
		<b id="22" c="20 21" t="ar"/>
		<b id="23" c="5 21" t="ar"/>
		<b id="24" c="6 22" t="1"/>
		<b id="25" c="7 23" t="1"/>
		<b id="26" c="10 24" t="1"/>
		<b id="27" c="11 25" t="1"/>
		<b id="28" c="13 26" t="1"/>
		<b id="29" c="14 27" t="1"/>
		<b id="30" c="15 28" t="1"/>
		<b id="31" c="20 29" t="1"/>
		<b id="32" c="21 30" t="1"/>
	</bonds>
	<geometry>
		<g u="A" t="cart/3d">#30,3:0.8762,0.2706,0.3890;2.0959,-0.2673,0.2667;1.9899,-1.2425,-0.6575;2.8759,0.6795,-0.2890;2.6593,-0.7785,1.5613;1.9580,-0.6469,2.7524;2.5078,-1.1369,3.9201;3.7522,-1.7672,3.9124;4.2933,-2.2783,5.1792;5.2283,-3.3411,5.2259;5.6955,-3.7671,6.4374;5.2460,-3.1462,7.6225;5.6763,-3.5050,8.9137;5.1794,-2.8571,10.0121;4.2312,-1.8316,9.8745;3.7993,-1.4694,8.6286;2.5173,-0.0966,8.4013;4.2908,-2.1041,7.4657;3.8447,-1.7052,6.2713;4.4516,-1.8774,2.7117;3.9097,-1.3850,1.5410;0.9925,-0.1656,2.7619;1.9833,-1.0374,4.8570;5.5460,-3.8226,4.3150;6.4049,-4.5801,6.5072;6.4028,-4.2974,9.0190;5.5092,-3.1297,11.0027;3.8450,-1.3325,10.7500;5.4325,-2.3262,2.6877;4.4507,-1.4659,0.6101;</g>
	</geometry>
	<conformers/>
	<properties/>
</molecule>
