<?xml version="1.0" ?>
<!--MOLLI PACKAGE EXPERIMENTAL XML FORMAT-->
<molecule name="el743">
	<atoms>
		<a id="1" s="C" t="C.3" l="C"/>
		<a id="2" s="C" t="C.3" l="C"/>
		<a id="3" s="C" t="C.3" l="C"/>
		<a id="4" s="C" t="C.3" l="C"/>
		<a id="5" s="C" t="C.3" l="C"/>
		<a id="6" s="C" t="C.3" l="C"/>
		<a id="7" s="N" t="N.pl3" l="N"/>
		<a id="8" s="C" t="C.3" l="C"/>
		<a id="9" s="C" t="C.3" l="C"/>
		<a id="10" s="C" t="C.3" l="C"/>
		<a id="11" s="C" t="C.3" l="C"/>
		<a id="12" s="C" t="C.3" l="C"/>
		<a id="13" s="C" t="C.3" l="C"/>
		<a id="14" s="C" t="C.ar" l="C"/>
		<a id="15" s="C" t="C.ar" l="C"/>
		<a id="16" s="C" t="C.ar" l="C"/>
		<a id="17" s="C" t="C.ar" l="C"/>
		<a id="18" s="Br" t="Br" l="BR"/>
		<a id="19" s="C" t="C.ar" l="C"/>
		<a id="20" s="N" t="N.ar" l="N"/>
		<a id="21" s="H" t="H" l="H"/>
		<a id="22" s="H" t="H" l="H"/>
		<a id="23" s="H" t="H" l="H"/>
		<a id="24" s="H" t="H" l="H"/>
		<a id="25" s="H" t="H" l="H"/>
		<a id="26" s="H" t="H" l="H"/>
		<a id="27" s="H" t="H" l="H"/>
		<a id="28" s="H" t="H" l="H"/>
		<a id="29" s="H" t="H" l="H"/>
		<a id="30" s="H" t="H" l="H"/>
		<a id="31" s="H" t="H" l="H"/>
		<a id="32" s="H" t="H" l="H"/>
		<a id="33" s="H" t="H" l="H"/>
		<a id="34" s="H" t="H" l="H"/>
		<a id="35" s="H" t="H" l="H"/>
		<a id="36" s="H" t="H" l="H"/>
		<a id="37" s="H" t="H" l="H"/>
		<a id="38" s="H" t="H" l="H"/>
		<a id="39" s="H" t="H" l="H"/>
		<a id="40" s="H" t="H" l="H"/>
		<a id="41" s="H" t="H" l="H"/>
		<a id="42" s="H" t="H" l="H"/>
		<a id="43" s="H" t="H" l="H"/>
		<a id="44" s="H" t="H" l="H"/>
		<a id="45" s="H" t="H" l="H"/>
		<a id="46" s="H" t="H" l="H"/>
		<a id="47" s="H" t="H" l="H"/>
		<a id="48" s="H" t="H" l="H"/>
		<a id="49" s="H" t="H" l="H"/>
	</atoms>
	<bonds>
		<b id="1" c="1 2" t="1"/>
		<b id="2" c="2 3" t="1"/>
		<b id="3" c="3 4" t="1"/>
		<b id="4" c="4 5" t="1"/>
		<b id="5" c="5 6" t="1"/>
		<b id="6" c="6 7" t="1"/>
		<b id="7" c="7 8" t="1"/>
		<b id="8" c="8 9" t="1"/>
		<b id="9" c="9 10" t="1"/>
		<b id="10" c="10 11" t="1"/>
		<b id="11" c="11 12" t="1"/>
		<b id="12" c="12 13" t="1"/>
		<b id="13" c="7 14" t="1"/>
		<b id="14" c="14 15" t="ar"/>
		<b id="15" c="15 16" t="ar"/>
		<b id="16" c="16 17" t="ar"/>
		<b id="17" c="17 18" t="1"/>
		<b id="18" c="17 19" t="ar"/>
		<b id="19" c="19 20" t="ar"/>
		<b id="20" c="14 20" t="ar"/>
		<b id="21" c="1 21" t="1"/>
		<b id="22" c="1 22" t="1"/>
		<b id="23" c="1 23" t="1"/>
		<b id="24" c="2 24" t="1"/>
		<b id="25" c="2 25" t="1"/>
		<b id="26" c="3 26" t="1"/>
		<b id="27" c="3 27" t="1"/>
		<b id="28" c="4 28" t="1"/>
		<b id="29" c="4 29" t="1"/>
		<b id="30" c="5 30" t="1"/>
		<b id="31" c="5 31" t="1"/>
		<b id="32" c="6 32" t="1"/>
		<b id="33" c="6 33" t="1"/>
		<b id="34" c="8 34" t="1"/>
		<b id="35" c="8 35" t="1"/>
		<b id="36" c="9 36" t="1"/>
		<b id="37" c="9 37" t="1"/>
		<b id="38" c="10 38" t="1"/>
		<b id="39" c="10 39" t="1"/>
		<b id="40" c="11 40" t="1"/>
		<b id="41" c="11 41" t="1"/>
		<b id="42" c="12 42" t="1"/>
		<b id="43" c="12 43" t="1"/>
		<b id="44" c="13 44" t="1"/>
		<b id="45" c="13 45" t="1"/>
		<b id="46" c="13 46" t="1"/>
		<b id="47" c="15 47" t="1"/>
		<b id="48" c="16 48" t="1"/>
		<b id="49" c="19 49" t="1"/>
	</bonds>
	<geometry>
		<g u="A" t="cart/3d">#49,3:2.8179,-3.1413,3.7192;4.0169,-3.3270,2.7973;3.9085,-2.4591,1.5461;5.1023,-2.6372,0.6111;4.9656,-1.7833,-0.6470;6.1581,-1.9423,-1.5926;6.3928,-3.3224,-1.9781;5.3547,-3.9665,-2.7510;5.1709,-3.3543,-4.1514;6.4647,-3.2757,-4.9626;6.9646,-4.6343,-5.4475;8.2947,-4.5155,-6.1879;8.8037,-5.8725,-6.6575;7.6587,-3.8148,-1.9056;7.9743,-5.1785,-2.0968;9.2848,-5.5845,-2.0156;10.2652,-4.6398,-1.7303;12.0998,-5.1453,-1.6307;9.8770,-3.3341,-1.4999;8.6247,-2.9408,-1.5867;2.9108,-3.7699,4.6017;1.8964,-3.4063,3.2048;2.7421,-2.1053,4.0422;4.0894,-4.3767,2.5030;4.9323,-3.0713,3.3354;3.8351,-1.4097,1.8416;2.9897,-2.7148,1.0117;5.1881,-3.6889,0.3293;6.0208,-2.3626,1.1338;4.9050,-0.7300,-0.3660;4.0341,-2.0336,-1.1593;7.0655,-1.6020,-1.0936;6.0055,-1.3181,-2.4803;4.4094,-3.8851,-2.2073;5.5773,-5.0260,-2.8518;4.7554,-2.3501,-4.0494;4.4370,-3.9591,-4.6879;7.2423,-2.8015,-4.3595;6.2925,-2.6366,-5.8319;6.2184,-5.0814,-6.1093;7.1024,-5.3042,-4.5979;9.0338,-4.0619,-5.5228;8.1736,-3.8533,-7.0484;8.9638,-6.5335,-5.8083;9.7457,-5.7655,-7.1899;8.0829,-6.3409,-7.3247;7.2113,-5.9192,-2.2721;9.5502,-6.6211,-2.1607;10.5958,-2.5672,-1.2427;</g>
	</geometry>
	<conformers/>
	<properties/>
</molecule>
