<?xml version="1.0" ?>
<!--MOLLI PACKAGE EXPERIMENTAL XML FORMAT-->
<molecule name="el744">
	<atoms>
		<a id="1" s="C" t="C.3" l="C"/>
		<a id="2" s="C" t="C.3" l="C"/>
		<a id="3" s="C" t="C.3" l="C"/>
		<a id="4" s="C" t="C.3" l="C"/>
		<a id="5" s="N" t="N.ar" l="N"/>
		<a id="6" s="C" t="C.ar" l="C"/>
		<a id="7" s="C" t="C.ar" l="C"/>
		<a id="8" s="C" t="C.1" l="C"/>
		<a id="9" s="N" t="N.1" l="N"/>
		<a id="10" s="C" t="C.ar" l="C"/>
		<a id="11" s="C" t="C.ar" l="C"/>
		<a id="12" s="C" t="C.ar" l="C"/>
		<a id="13" s="C" t="C.3" l="C"/>
		<a id="14" s="C" t="C.ar" l="C"/>
		<a id="15" s="C" t="C.ar" l="C"/>
		<a id="16" s="C" t="C.ar" l="C"/>
		<a id="17" s="C" t="C.ar" l="C"/>
		<a id="18" s="Br" t="Br" l="BR"/>
		<a id="19" s="C" t="C.ar" l="C"/>
		<a id="20" s="C" t="C.ar" l="C"/>
		<a id="21" s="C" t="C.ar" l="C"/>
		<a id="22" s="C" t="C.ar" l="C"/>
		<a id="23" s="C" t="C.ar" l="C"/>
		<a id="24" s="H" t="H" l="H"/>
		<a id="25" s="H" t="H" l="H"/>
		<a id="26" s="H" t="H" l="H"/>
		<a id="27" s="H" t="H" l="H"/>
		<a id="28" s="H" t="H" l="H"/>
		<a id="29" s="H" t="H" l="H"/>
		<a id="30" s="H" t="H" l="H"/>
		<a id="31" s="H" t="H" l="H"/>
		<a id="32" s="H" t="H" l="H"/>
		<a id="33" s="H" t="H" l="H"/>
		<a id="34" s="H" t="H" l="H"/>
		<a id="35" s="H" t="H" l="H"/>
		<a id="36" s="H" t="H" l="H"/>
		<a id="37" s="H" t="H" l="H"/>
		<a id="38" s="H" t="H" l="H"/>
		<a id="39" s="H" t="H" l="H"/>
		<a id="40" s="H" t="H" l="H"/>
		<a id="41" s="H" t="H" l="H"/>
		<a id="42" s="H" t="H" l="H"/>
	</atoms>
	<bonds>
		<b id="1" c="1 2" t="1"/>
		<b id="2" c="2 3" t="1"/>
		<b id="3" c="2 4" t="1"/>
		<b id="4" c="4 5" t="1"/>
		<b id="5" c="5 6" t="ar"/>
		<b id="6" c="6 7" t="ar"/>
		<b id="7" c="7 8" t="1"/>
		<b id="8" c="8 9" t="3"/>
		<b id="9" c="7 10" t="ar"/>
		<b id="10" c="10 11" t="ar"/>
		<b id="11" c="11 12" t="ar"/>
		<b id="12" c="12 13" t="1"/>
		<b id="13" c="13 14" t="1"/>
		<b id="14" c="14 15" t="ar"/>
		<b id="15" c="15 16" t="ar"/>
		<b id="16" c="16 17" t="ar"/>
		<b id="17" c="17 18" t="1"/>
		<b id="18" c="17 19" t="ar"/>
		<b id="19" c="19 20" t="ar"/>
		<b id="20" c="14 20" t="ar"/>
		<b id="21" c="12 21" t="ar"/>
		<b id="22" c="21 22" t="ar"/>
		<b id="23" c="22 23" t="ar"/>
		<b id="24" c="10 23" t="ar"/>
		<b id="25" c="5 23" t="ar"/>
		<b id="26" c="1 24" t="1"/>
		<b id="27" c="1 25" t="1"/>
		<b id="28" c="1 26" t="1"/>
		<b id="29" c="2 27" t="1"/>
		<b id="30" c="3 28" t="1"/>
		<b id="31" c="3 29" t="1"/>
		<b id="32" c="3 30" t="1"/>
		<b id="33" c="4 31" t="1"/>
		<b id="34" c="4 32" t="1"/>
		<b id="35" c="6 33" t="1"/>
		<b id="36" c="11 34" t="1"/>
		<b id="37" c="13 35" t="1"/>
		<b id="38" c="13 36" t="1"/>
		<b id="39" c="15 37" t="1"/>
		<b id="40" c="16 38" t="1"/>
		<b id="41" c="19 39" t="1"/>
		<b id="42" c="20 40" t="1"/>
		<b id="43" c="21 41" t="1"/>
		<b id="44" c="22 42" t="1"/>
	</bonds>
	<geometry>
		<g u="A" t="cart/3d">#42,3:3.0807,0.6877,1.3801;2.6759,0.0219,0.0684;1.1607,-0.1361,-0.0147;3.1749,0.8423,-1.1338;4.6094,0.8801,-1.2139;5.3993,1.8961,-0.7866;6.7268,1.5808,-0.9672;7.8341,2.3750,-0.6584;8.7573,3.0124,-0.4125;6.7584,0.2687,-1.5441;7.7876,-0.5688,-1.9623;7.4663,-1.7961,-2.5062;8.5562,-2.7413,-2.9501;8.9140,-3.6581,-1.8105;8.3111,-4.9030,-1.6826;8.6134,-5.7348,-0.6197;9.5290,-5.3103,0.3261;9.9597,-6.4536,1.7917;10.1407,-4.0733,0.2253;9.8267,-3.2542,-0.8432;6.1246,-2.1856,-2.6200;5.0880,-1.3736,-2.2157;5.4106,-0.1348,-1.6749;2.7485,0.0892,2.2242;2.6284,1.6741,1.4623;4.1613,0.7937,1.4458;3.1408,-0.9687,0.0213;0.6746,0.8368,0.0113;0.7965,-0.7226,0.8245;0.8722,-0.6399,-0.9346;2.8064,1.8684,-1.0535;2.7861,0.4084,-2.0604;4.9773,2.7981,-0.3852;8.8146,-0.2485,-1.8687;9.4352,-2.1690,-3.2508;8.2114,-3.3288,-3.8026;7.6003,-5.2353,-2.4248;8.1455,-6.7032,-0.5286;10.8544,-3.7557,0.9699;10.3035,-2.2890,-0.9252;5.8981,-3.1517,-3.0465;4.0627,-1.6934,-2.3228;</g>
	</geometry>
	<conformers/>
	<properties/>
</molecule>
