<?xml version="1.0" ?>
<!--MOLLI PACKAGE EXPERIMENTAL XML FORMAT-->
<molecule name="el749">
	<atoms>
		<a id="1" s="Br" t="Br" l="BR"/>
		<a id="2" s="C" t="C.ar" l="C"/>
		<a id="3" s="C" t="C.ar" l="C"/>
		<a id="4" s="C" t="C.ar" l="C"/>
		<a id="5" s="C" t="C.ar" l="C"/>
		<a id="6" s="C" t="C.3" l="C"/>
		<a id="7" s="C" t="C.ar" l="C"/>
		<a id="8" s="C" t="C.ar" l="C"/>
		<a id="9" s="C" t="C.ar" l="C"/>
		<a id="10" s="C" t="C.ar" l="C"/>
		<a id="11" s="C" t="C.ar" l="C"/>
		<a id="12" s="C" t="C.ar" l="C"/>
		<a id="13" s="C" t="C.ar" l="C"/>
		<a id="14" s="N" t="N.ar" l="N"/>
		<a id="15" s="N" t="N.ar" l="N"/>
		<a id="16" s="C" t="C.ar" l="C"/>
		<a id="17" s="C" t="C.ar" l="C"/>
		<a id="18" s="C" t="C.ar" l="C"/>
		<a id="19" s="C" t="C.ar" l="C"/>
		<a id="20" s="C" t="C.ar" l="C"/>
		<a id="21" s="C" t="C.ar" l="C"/>
		<a id="22" s="C" t="C.ar" l="C"/>
		<a id="23" s="C" t="C.ar" l="C"/>
		<a id="24" s="C" t="C.ar" l="C"/>
		<a id="25" s="H" t="H" l="H"/>
		<a id="26" s="H" t="H" l="H"/>
		<a id="27" s="H" t="H" l="H"/>
		<a id="28" s="H" t="H" l="H"/>
		<a id="29" s="H" t="H" l="H"/>
		<a id="30" s="H" t="H" l="H"/>
		<a id="31" s="H" t="H" l="H"/>
		<a id="32" s="H" t="H" l="H"/>
		<a id="33" s="H" t="H" l="H"/>
		<a id="34" s="H" t="H" l="H"/>
		<a id="35" s="H" t="H" l="H"/>
		<a id="36" s="H" t="H" l="H"/>
		<a id="37" s="H" t="H" l="H"/>
		<a id="38" s="H" t="H" l="H"/>
		<a id="39" s="H" t="H" l="H"/>
	</atoms>
	<bonds>
		<b id="1" c="1 2" t="1"/>
		<b id="2" c="2 3" t="ar"/>
		<b id="3" c="3 4" t="ar"/>
		<b id="4" c="4 5" t="ar"/>
		<b id="5" c="5 6" t="1"/>
		<b id="6" c="6 7" t="1"/>
		<b id="7" c="7 8" t="ar"/>
		<b id="8" c="8 9" t="ar"/>
		<b id="9" c="9 10" t="ar"/>
		<b id="10" c="10 11" t="ar"/>
		<b id="11" c="11 12" t="ar"/>
		<b id="12" c="7 12" t="ar"/>
		<b id="13" c="6 13" t="1"/>
		<b id="14" c="13 14" t="ar"/>
		<b id="15" c="14 15" t="ar"/>
		<b id="16" c="15 16" t="ar"/>
		<b id="17" c="16 17" t="ar"/>
		<b id="18" c="17 18" t="ar"/>
		<b id="19" c="18 19" t="ar"/>
		<b id="20" c="19 20" t="ar"/>
		<b id="21" c="20 21" t="ar"/>
		<b id="22" c="21 22" t="ar"/>
		<b id="23" c="13 22" t="ar"/>
		<b id="24" c="17 22" t="ar"/>
		<b id="25" c="5 23" t="ar"/>
		<b id="26" c="23 24" t="ar"/>
		<b id="27" c="2 24" t="ar"/>
		<b id="28" c="3 25" t="1"/>
		<b id="29" c="4 26" t="1"/>
		<b id="30" c="6 27" t="1"/>
		<b id="31" c="8 28" t="1"/>
		<b id="32" c="9 29" t="1"/>
		<b id="33" c="10 30" t="1"/>
		<b id="34" c="11 31" t="1"/>
		<b id="35" c="12 32" t="1"/>
		<b id="36" c="16 33" t="1"/>
		<b id="37" c="18 34" t="1"/>
		<b id="38" c="19 35" t="1"/>
		<b id="39" c="20 36" t="1"/>
		<b id="40" c="21 37" t="1"/>
		<b id="41" c="23 38" t="1"/>
		<b id="42" c="24 39" t="1"/>
	</bonds>
	<geometry>
		<g u="A" t="cart/3d">#39,3:-1.5065,-0.3236,-0.0872;0.3989,-0.3229,-0.0435;1.0985,0.3193,-1.0476;2.4817,0.3137,-1.0087;3.1635,-0.3212,0.0196;4.6744,-0.3062,0.0516;5.1377,0.3701,1.3261;5.4721,-0.3599,2.4586;5.8694,0.2861,3.6163;5.9310,1.6679,3.6574;5.5899,2.4031,2.5349;5.1957,1.7575,1.3774;5.2580,-1.6905,-0.0909;4.4294,-2.6968,-0.0813;4.8473,-3.9442,-0.2119;6.1110,-4.2017,-0.3638;7.1146,-3.1992,-0.3882;8.4860,-3.4715,-0.5413;9.3872,-2.4422,-0.5389;8.9515,-1.1177,-0.3840;7.6218,-0.8252,-0.2372;6.6706,-1.8628,-0.2378;2.4375,-0.9521,1.0221;1.0563,-0.9607,0.9940;0.5729,0.8144,-1.8499;3.0293,0.8103,-1.7973;5.0263,0.2864,-0.8022;5.4291,-1.4395,2.4372;6.1312,-0.2935,4.4890;6.2423,2.1707,4.5607;5.6327,3.4820,2.5598;4.9295,2.3347,0.5029;6.3745,-5.2456,-0.4686;8.8060,-4.4965,-0.6568;10.4423,-2.6413,-0.6544;9.6805,-0.3208,-0.3811;7.3026,0.1973,-0.1105;2.9531,-1.4477,1.8282;0.4944,-1.4591,1.7689;</g>
	</geometry>
	<conformers/>
	<properties/>
</molecule>
