<?xml version="1.0" ?>
<!--MOLLI PACKAGE EXPERIMENTAL XML FORMAT-->
<molecule name="el750">
	<atoms>
		<a id="1" s="C" t="C.2" l="C"/>
		<a id="2" s="C" t="C.2" l="C"/>
		<a id="3" s="C" t="C.3" l="C"/>
		<a id="4" s="C" t="C.ar" l="C"/>
		<a id="5" s="N" t="N.ar" l="N"/>
		<a id="6" s="N" t="N.ar" l="N"/>
		<a id="7" s="C" t="C.3" l="C"/>
		<a id="8" s="C" t="C.3" l="C"/>
		<a id="9" s="C" t="C.3" l="C"/>
		<a id="10" s="C" t="C.ar" l="C"/>
		<a id="11" s="C" t="C.ar" l="C"/>
		<a id="12" s="C" t="C.ar" l="C"/>
		<a id="13" s="Br" t="Br" l="BR"/>
		<a id="14" s="N" t="N.ar" l="N"/>
		<a id="15" s="C" t="C.ar" l="C"/>
		<a id="16" s="C" t="C.ar" l="C"/>
		<a id="17" s="H" t="H" l="H"/>
		<a id="18" s="H" t="H" l="H"/>
		<a id="19" s="H" t="H" l="H"/>
		<a id="20" s="H" t="H" l="H"/>
		<a id="21" s="H" t="H" l="H"/>
		<a id="22" s="H" t="H" l="H"/>
		<a id="23" s="H" t="H" l="H"/>
		<a id="24" s="H" t="H" l="H"/>
		<a id="25" s="H" t="H" l="H"/>
		<a id="26" s="H" t="H" l="H"/>
		<a id="27" s="H" t="H" l="H"/>
		<a id="28" s="H" t="H" l="H"/>
		<a id="29" s="H" t="H" l="H"/>
		<a id="30" s="H" t="H" l="H"/>
	</atoms>
	<bonds>
		<b id="1" c="1 2" t="2"/>
		<b id="2" c="2 3" t="1"/>
		<b id="3" c="2 4" t="1"/>
		<b id="4" c="4 5" t="ar"/>
		<b id="5" c="5 6" t="ar"/>
		<b id="6" c="6 7" t="1"/>
		<b id="7" c="7 8" t="1"/>
		<b id="8" c="7 9" t="1"/>
		<b id="9" c="6 10" t="ar"/>
		<b id="10" c="10 11" t="ar"/>
		<b id="11" c="11 12" t="ar"/>
		<b id="12" c="12 13" t="1"/>
		<b id="13" c="12 14" t="ar"/>
		<b id="14" c="14 15" t="ar"/>
		<b id="15" c="15 16" t="ar"/>
		<b id="16" c="4 16" t="ar"/>
		<b id="17" c="10 16" t="ar"/>
		<b id="18" c="1 17" t="1"/>
		<b id="19" c="1 18" t="1"/>
		<b id="20" c="3 19" t="1"/>
		<b id="21" c="3 20" t="1"/>
		<b id="22" c="3 21" t="1"/>
		<b id="23" c="7 22" t="1"/>
		<b id="24" c="8 23" t="1"/>
		<b id="25" c="8 24" t="1"/>
		<b id="26" c="8 25" t="1"/>
		<b id="27" c="9 26" t="1"/>
		<b id="28" c="9 27" t="1"/>
		<b id="29" c="9 28" t="1"/>
		<b id="30" c="11 29" t="1"/>
		<b id="31" c="15 30" t="1"/>
	</bonds>
	<geometry>
		<g u="A" t="cart/3d">#30,3:1.1703,0.0756,0.1641;2.4728,0.0743,-0.1063;3.3056,-1.1706,-0.0794;3.1822,1.2875,-0.4839;4.2805,1.2374,-1.2069;4.7188,2.4841,-1.4199;5.9003,2.7086,-2.2237;7.0870,1.9860,-1.5909;5.6428,2.2219,-3.6484;3.9122,3.3901,-0.8261;3.9536,4.7817,-0.7457;2.9391,5.3393,-0.0009;2.8648,7.2323,0.1924;1.9794,4.6805,0.6320;1.9358,3.3707,0.5570;2.8750,2.6546,-0.1828;0.6563,-0.8313,0.4324;0.5695,0.9653,0.1027;2.6910,-2.0447,0.1167;4.0691,-1.0912,0.6932;3.8151,-1.2873,-1.0334;6.0820,3.7883,-2.2280;6.8735,0.9222,-1.5305;7.2720,2.3629,-0.5874;7.9797,2.1372,-2.1907;5.4024,1.1620,-3.6321;6.5251,2.3773,-4.2624;4.8090,2.7622,-4.0915;4.7129,5.3857,-1.2145;1.1410,2.8953,1.1132;</g>
	</geometry>
	<conformers/>
	<properties/>
</molecule>
