<?xml version="1.0" ?>
<!--MOLLI PACKAGE EXPERIMENTAL XML FORMAT-->
<molecule name="el751">
	<atoms>
		<a id="1" s="Br" t="Br" l="BR"/>
		<a id="2" s="C" t="C.ar" l="C"/>
		<a id="3" s="C" t="C.ar" l="C"/>
		<a id="4" s="C" t="C.ar" l="C"/>
		<a id="5" s="C" t="C.ar" l="C"/>
		<a id="6" s="C" t="C.ar" l="C"/>
		<a id="7" s="N" t="N.pl3" l="N"/>
		<a id="8" s="C" t="C.3" l="C"/>
		<a id="9" s="C" t="C.3" l="C"/>
		<a id="10" s="N" t="N.2" l="N"/>
		<a id="11" s="C" t="C.2" l="C"/>
		<a id="12" s="C" t="C.ar" l="C"/>
		<a id="13" s="C" t="C.ar" l="C"/>
		<a id="14" s="C" t="C.ar" l="C"/>
		<a id="15" s="N" t="N.ar" l="N"/>
		<a id="16" s="C" t="C.ar" l="C"/>
		<a id="17" s="C" t="C.ar" l="C"/>
		<a id="18" s="C" t="C.ar" l="C"/>
		<a id="19" s="C" t="C.ar" l="C"/>
		<a id="20" s="C" t="C.ar" l="C"/>
		<a id="21" s="C" t="C.ar" l="C"/>
		<a id="22" s="N" t="N.ar" l="N"/>
		<a id="23" s="H" t="H" l="H"/>
		<a id="24" s="H" t="H" l="H"/>
		<a id="25" s="H" t="H" l="H"/>
		<a id="26" s="H" t="H" l="H"/>
		<a id="27" s="H" t="H" l="H"/>
		<a id="28" s="H" t="H" l="H"/>
		<a id="29" s="H" t="H" l="H"/>
		<a id="30" s="H" t="H" l="H"/>
		<a id="31" s="H" t="H" l="H"/>
		<a id="32" s="H" t="H" l="H"/>
		<a id="33" s="H" t="H" l="H"/>
		<a id="34" s="H" t="H" l="H"/>
		<a id="35" s="H" t="H" l="H"/>
	</atoms>
	<bonds>
		<b id="1" c="1 2" t="1"/>
		<b id="2" c="2 3" t="ar"/>
		<b id="3" c="3 4" t="ar"/>
		<b id="4" c="4 5" t="ar"/>
		<b id="5" c="5 6" t="ar"/>
		<b id="6" c="6 7" t="1"/>
		<b id="7" c="7 8" t="1"/>
		<b id="8" c="8 9" t="1"/>
		<b id="9" c="9 10" t="1"/>
		<b id="10" c="10 11" t="2"/>
		<b id="11" c="7 11" t="1"/>
		<b id="12" c="11 12" t="1"/>
		<b id="13" c="12 13" t="ar"/>
		<b id="14" c="13 14" t="ar"/>
		<b id="15" c="14 15" t="ar"/>
		<b id="16" c="15 16" t="ar"/>
		<b id="17" c="16 17" t="ar"/>
		<b id="18" c="17 18" t="ar"/>
		<b id="19" c="18 19" t="ar"/>
		<b id="20" c="19 20" t="ar"/>
		<b id="21" c="20 21" t="ar"/>
		<b id="22" c="12 21" t="ar"/>
		<b id="23" c="16 21" t="ar"/>
		<b id="24" c="6 22" t="ar"/>
		<b id="25" c="2 22" t="ar"/>
		<b id="26" c="3 23" t="1"/>
		<b id="27" c="4 24" t="1"/>
		<b id="28" c="5 25" t="1"/>
		<b id="29" c="8 26" t="1"/>
		<b id="30" c="8 27" t="1"/>
		<b id="31" c="9 28" t="1"/>
		<b id="32" c="9 29" t="1"/>
		<b id="33" c="13 30" t="1"/>
		<b id="34" c="14 31" t="1"/>
		<b id="35" c="17 32" t="1"/>
		<b id="36" c="18 33" t="1"/>
		<b id="37" c="19 34" t="1"/>
		<b id="38" c="20 35" t="1"/>
	</bonds>
	<geometry>
		<g u="A" t="cart/3d">#35,3:0.5720,-0.3513,2.5450;-0.6401,-0.3475,1.0797;-0.6349,0.6920,0.1675;-1.5480,0.5996,-0.8763;-2.4062,-0.4785,-0.9562;-2.3306,-1.4641,0.0413;-3.1559,-2.5485,0.0530;-3.9791,-2.9725,-1.0679;-4.4801,-4.3556,-0.5872;-3.9675,-4.5173,0.7522;-3.2530,-3.5137,1.0534;-2.6335,-3.3099,2.3700;-3.1080,-2.3278,3.2073;-2.5046,-2.1609,4.4636;-1.5164,-2.8875,4.8995;-1.0388,-3.8670,4.1081;0.0292,-4.6553,4.5860;0.5382,-5.6649,3.8193;0.0083,-5.9306,2.5460;-1.0214,-5.1806,2.0503;-1.5726,-4.1349,2.8162;-1.4386,-1.3828,1.0265;0.0447,1.5213,0.2662;-1.5882,1.3778,-1.6239;-3.1227,-0.5555,-1.7567;-3.3820,-3.0374,-1.9816;-4.8054,-2.2727,-1.2284;-4.1111,-5.1758,-1.2086;-5.5695,-4.4198,-0.5582;-3.9222,-1.6851,2.9062;-2.8548,-1.3861,5.1345;0.4201,-4.4306,5.5657;1.3543,-6.2696,4.1872;0.4237,-6.7365,1.9584;-1.4367,-5.3867,1.0752;</g>
	</geometry>
	<conformers/>
	<properties/>
</molecule>
