<?xml version="1.0" ?>
<!--MOLLI PACKAGE EXPERIMENTAL XML FORMAT-->
<molecule name="el752">
	<atoms>
		<a id="1" s="Br" t="Br" l="BR"/>
		<a id="2" s="C" t="C.ar" l="C"/>
		<a id="3" s="C" t="C.ar" l="C"/>
		<a id="4" s="C" t="C.ar" l="C"/>
		<a id="5" s="C" t="C.ar" l="C"/>
		<a id="6" s="C" t="C.ar" l="C"/>
		<a id="7" s="C" t="C.ar" l="C"/>
		<a id="8" s="N" t="N.ar" l="N"/>
		<a id="9" s="N" t="N.ar" l="N"/>
		<a id="10" s="C" t="C.ar" l="C"/>
		<a id="11" s="C" t="C.ar" l="C"/>
		<a id="12" s="C" t="C.ar" l="C"/>
		<a id="13" s="C" t="C.ar" l="C"/>
		<a id="14" s="C" t="C.ar" l="C"/>
		<a id="15" s="C" t="C.3" l="C"/>
		<a id="16" s="C" t="C.3" l="C"/>
		<a id="17" s="C" t="C.3" l="C"/>
		<a id="18" s="C" t="C.ar" l="C"/>
		<a id="19" s="C" t="C.ar" l="C"/>
		<a id="20" s="C" t="C.ar" l="C"/>
		<a id="21" s="C" t="C.ar" l="C"/>
		<a id="22" s="C" t="C.ar" l="C"/>
		<a id="23" s="C" t="C.ar" l="C"/>
		<a id="24" s="C" t="C.ar" l="C"/>
		<a id="25" s="C" t="C.3" l="C"/>
		<a id="26" s="C" t="C.3" l="C"/>
		<a id="27" s="C" t="C.3" l="C"/>
		<a id="28" s="C" t="C.ar" l="C"/>
		<a id="29" s="C" t="C.ar" l="C"/>
		<a id="30" s="N" t="N.ar" l="N"/>
		<a id="31" s="N" t="N.ar" l="N"/>
		<a id="32" s="H" t="H" l="H"/>
		<a id="33" s="H" t="H" l="H"/>
		<a id="34" s="H" t="H" l="H"/>
		<a id="35" s="H" t="H" l="H"/>
		<a id="36" s="H" t="H" l="H"/>
		<a id="37" s="H" t="H" l="H"/>
		<a id="38" s="H" t="H" l="H"/>
		<a id="39" s="H" t="H" l="H"/>
		<a id="40" s="H" t="H" l="H"/>
		<a id="41" s="H" t="H" l="H"/>
		<a id="42" s="H" t="H" l="H"/>
		<a id="43" s="H" t="H" l="H"/>
		<a id="44" s="H" t="H" l="H"/>
		<a id="45" s="H" t="H" l="H"/>
		<a id="46" s="H" t="H" l="H"/>
		<a id="47" s="H" t="H" l="H"/>
		<a id="48" s="H" t="H" l="H"/>
		<a id="49" s="H" t="H" l="H"/>
		<a id="50" s="H" t="H" l="H"/>
		<a id="51" s="H" t="H" l="H"/>
		<a id="52" s="H" t="H" l="H"/>
	</atoms>
	<bonds>
		<b id="1" c="1 2" t="1"/>
		<b id="2" c="2 3" t="ar"/>
		<b id="3" c="3 4" t="ar"/>
		<b id="4" c="4 5" t="ar"/>
		<b id="5" c="5 6" t="ar"/>
		<b id="6" c="6 7" t="1"/>
		<b id="7" c="7 8" t="ar"/>
		<b id="8" c="8 9" t="ar"/>
		<b id="9" c="9 10" t="ar"/>
		<b id="10" c="10 11" t="1"/>
		<b id="11" c="11 12" t="ar"/>
		<b id="12" c="12 13" t="ar"/>
		<b id="13" c="13 14" t="ar"/>
		<b id="14" c="14 15" t="1"/>
		<b id="15" c="15 16" t="1"/>
		<b id="16" c="16 17" t="1"/>
		<b id="17" c="15 17" t="1"/>
		<b id="18" c="14 18" t="ar"/>
		<b id="19" c="18 19" t="ar"/>
		<b id="20" c="11 19" t="ar"/>
		<b id="21" c="10 20" t="ar"/>
		<b id="22" c="20 21" t="1"/>
		<b id="23" c="21 22" t="ar"/>
		<b id="24" c="22 23" t="ar"/>
		<b id="25" c="23 24" t="ar"/>
		<b id="26" c="24 25" t="1"/>
		<b id="27" c="25 26" t="1"/>
		<b id="28" c="26 27" t="1"/>
		<b id="29" c="25 27" t="1"/>
		<b id="30" c="24 28" t="ar"/>
		<b id="31" c="28 29" t="ar"/>
		<b id="32" c="21 29" t="ar"/>
		<b id="33" c="20 30" t="ar"/>
		<b id="34" c="7 30" t="ar"/>
		<b id="35" c="6 31" t="ar"/>
		<b id="36" c="2 31" t="ar"/>
		<b id="37" c="3 32" t="1"/>
		<b id="38" c="4 33" t="1"/>
		<b id="39" c="5 34" t="1"/>
		<b id="40" c="12 35" t="1"/>
		<b id="41" c="13 36" t="1"/>
		<b id="42" c="15 37" t="1"/>
		<b id="43" c="16 38" t="1"/>
		<b id="44" c="16 39" t="1"/>
		<b id="45" c="17 40" t="1"/>
		<b id="46" c="17 41" t="1"/>
		<b id="47" c="18 42" t="1"/>
		<b id="48" c="19 43" t="1"/>
		<b id="49" c="22 44" t="1"/>
		<b id="50" c="23 45" t="1"/>
		<b id="51" c="25 46" t="1"/>
		<b id="52" c="26 47" t="1"/>
		<b id="53" c="26 48" t="1"/>
		<b id="54" c="27 49" t="1"/>
		<b id="55" c="27 50" t="1"/>
		<b id="56" c="28 51" t="1"/>
		<b id="57" c="29 52" t="1"/>
	</bonds>
	<geometry>
		<g u="A" t="cart/3d">#52,3:-1.6993,1.3257,-2.8778;-1.6809,0.4120,-1.2103;-0.9024,0.8999,-0.1697;-0.9348,0.1883,1.0197;-1.7195,-0.9489,1.1111;-2.4594,-1.3395,-0.0064;-3.3066,-2.5269,0.0355;-3.4347,-3.1882,1.1977;-3.8432,-4.4052,1.1132;-4.3203,-4.9397,0.0053;-4.4792,-6.3830,-0.0600;-4.6806,-7.1176,1.1085;-4.8387,-8.4871,1.0502;-4.7872,-9.1570,-0.1676;-4.9648,-10.6327,-0.2412;-6.1226,-11.2019,-1.0091;-6.0940,-11.2966,0.4865;-4.5544,-8.4244,-1.3282;-4.4040,-7.0544,-1.2814;-4.6593,-4.0173,-1.0388;-5.7028,-4.2178,-2.0310;-6.7745,-5.0810,-1.8001;-7.7449,-5.2527,-2.7657;-7.6723,-4.5753,-3.9789;-8.7068,-4.7771,-5.0291;-9.5321,-3.6149,-5.4981;-10.1634,-4.7037,-4.6839;-6.6089,-3.7046,-4.2000;-5.6384,-3.5192,-3.2380;-3.9931,-2.8812,-1.0344;-2.4293,-0.6568,-1.1479;-0.3066,1.7899,-0.2912;-0.3508,0.5217,1.8651;-1.7796,-1.5353,2.0130;-4.7221,-6.5934,2.0508;-5.0019,-9.0489,1.9583;-4.0281,-11.1779,-0.2997;-5.9698,-12.0995,-1.5891;-6.8172,-10.5065,-1.4566;-5.9219,-12.2610,0.9397;-6.7760,-10.6700,1.0415;-4.4958,-8.9401,-2.2756;-4.2164,-6.4993,-2.1891;-6.8557,-5.6002,-0.8563;-8.5726,-5.9218,-2.5806;-8.4167,-5.5024,-5.7830;-9.7774,-3.5433,-6.5468;-9.3702,-2.6597,-5.0217;-10.8459,-5.3839,-5.1707;-10.4301,-4.4755,-3.6630;-6.5513,-3.1680,-5.1358;-4.8146,-2.8416,-3.4016;</g>
	</geometry>
	<conformers/>
	<properties/>
</molecule>
