<?xml version="1.0" ?>
<!--MOLLI PACKAGE EXPERIMENTAL XML FORMAT-->
<molecule name="el754">
	<atoms>
		<a id="1" s="C" t="C.3" l="C"/>
		<a id="2" s="O" t="O.3" l="O"/>
		<a id="3" s="C" t="C.ar" l="C"/>
		<a id="4" s="C" t="C.ar" l="C"/>
		<a id="5" s="C" t="C.ar" l="C"/>
		<a id="6" s="C" t="C.ar" l="C"/>
		<a id="7" s="C" t="C.3" l="C"/>
		<a id="8" s="N" t="N.ar" l="N"/>
		<a id="9" s="C" t="C.ar" l="C"/>
		<a id="10" s="Br" t="Br" l="BR"/>
		<a id="11" s="N" t="N.ar" l="N"/>
		<a id="12" s="C" t="C.ar" l="C"/>
		<a id="13" s="C" t="C.ar" l="C"/>
		<a id="14" s="N" t="N.pl3" l="N"/>
		<a id="15" s="C" t="C.3" l="C"/>
		<a id="16" s="C" t="C.3" l="C"/>
		<a id="17" s="N" t="N.3" l="N"/>
		<a id="18" s="C" t="C.3" l="C"/>
		<a id="19" s="C" t="C.3" l="C"/>
		<a id="20" s="C" t="C.3" l="C"/>
		<a id="21" s="C" t="C.ar" l="C"/>
		<a id="22" s="C" t="C.ar" l="C"/>
		<a id="23" s="C" t="C.3" l="C"/>
		<a id="24" s="N" t="N.ar" l="N"/>
		<a id="25" s="C" t="C.ar" l="C"/>
		<a id="26" s="C" t="C.ar" l="C"/>
		<a id="27" s="O" t="O.3" l="O"/>
		<a id="28" s="C" t="C.3" l="C"/>
		<a id="29" s="C" t="C.ar" l="C"/>
		<a id="30" s="H" t="H" l="H"/>
		<a id="31" s="H" t="H" l="H"/>
		<a id="32" s="H" t="H" l="H"/>
		<a id="33" s="H" t="H" l="H"/>
		<a id="34" s="H" t="H" l="H"/>
		<a id="35" s="H" t="H" l="H"/>
		<a id="36" s="H" t="H" l="H"/>
		<a id="37" s="H" t="H" l="H"/>
		<a id="38" s="H" t="H" l="H"/>
		<a id="39" s="H" t="H" l="H"/>
		<a id="40" s="H" t="H" l="H"/>
		<a id="41" s="H" t="H" l="H"/>
		<a id="42" s="H" t="H" l="H"/>
		<a id="43" s="H" t="H" l="H"/>
		<a id="44" s="H" t="H" l="H"/>
		<a id="45" s="H" t="H" l="H"/>
		<a id="46" s="H" t="H" l="H"/>
		<a id="47" s="H" t="H" l="H"/>
		<a id="48" s="H" t="H" l="H"/>
		<a id="49" s="H" t="H" l="H"/>
		<a id="50" s="H" t="H" l="H"/>
		<a id="51" s="H" t="H" l="H"/>
		<a id="52" s="H" t="H" l="H"/>
		<a id="53" s="H" t="H" l="H"/>
		<a id="54" s="H" t="H" l="H"/>
		<a id="55" s="H" t="H" l="H"/>
	</atoms>
	<bonds>
		<b id="1" c="1 2" t="1"/>
		<b id="2" c="2 3" t="1"/>
		<b id="3" c="3 4" t="ar"/>
		<b id="4" c="4 5" t="ar"/>
		<b id="5" c="5 6" t="ar"/>
		<b id="6" c="6 7" t="1"/>
		<b id="7" c="7 8" t="1"/>
		<b id="8" c="8 9" t="ar"/>
		<b id="9" c="9 10" t="1"/>
		<b id="10" c="9 11" t="ar"/>
		<b id="11" c="11 12" t="ar"/>
		<b id="12" c="12 13" t="ar"/>
		<b id="13" c="13 14" t="1"/>
		<b id="14" c="14 15" t="1"/>
		<b id="15" c="15 16" t="1"/>
		<b id="16" c="16 17" t="1"/>
		<b id="17" c="17 18" t="1"/>
		<b id="18" c="17 19" t="1"/>
		<b id="19" c="19 20" t="1"/>
		<b id="20" c="14 20" t="1"/>
		<b id="21" c="13 21" t="ar"/>
		<b id="22" c="21 22" t="ar"/>
		<b id="23" c="22 23" t="1"/>
		<b id="24" c="22 24" t="ar"/>
		<b id="25" c="24 25" t="ar"/>
		<b id="26" c="12 25" t="ar"/>
		<b id="27" c="8 25" t="ar"/>
		<b id="28" c="6 26" t="ar"/>
		<b id="29" c="26 27" t="1"/>
		<b id="30" c="27 28" t="1"/>
		<b id="31" c="26 29" t="ar"/>
		<b id="32" c="3 29" t="ar"/>
		<b id="33" c="1 30" t="1"/>
		<b id="34" c="1 31" t="1"/>
		<b id="35" c="1 32" t="1"/>
		<b id="36" c="4 33" t="1"/>
		<b id="37" c="5 34" t="1"/>
		<b id="38" c="7 35" t="1"/>
		<b id="39" c="7 36" t="1"/>
		<b id="40" c="15 37" t="1"/>
		<b id="41" c="15 38" t="1"/>
		<b id="42" c="16 39" t="1"/>
		<b id="43" c="16 40" t="1"/>
		<b id="44" c="18 41" t="1"/>
		<b id="45" c="18 42" t="1"/>
		<b id="46" c="18 43" t="1"/>
		<b id="47" c="19 44" t="1"/>
		<b id="48" c="19 45" t="1"/>
		<b id="49" c="20 46" t="1"/>
		<b id="50" c="20 47" t="1"/>
		<b id="51" c="21 48" t="1"/>
		<b id="52" c="23 49" t="1"/>
		<b id="53" c="23 50" t="1"/>
		<b id="54" c="23 51" t="1"/>
		<b id="55" c="28 52" t="1"/>
		<b id="56" c="28 53" t="1"/>
		<b id="57" c="28 54" t="1"/>
		<b id="58" c="29 55" t="1"/>
	</bonds>
	<geometry>
		<g u="A" t="cart/3d">#55,3:0.3370,1.2361,-0.1696;1.5770,1.6660,-0.6782;2.4224,2.3324,0.1520;2.1663,2.6386,1.4822;3.1153,3.3255,2.2201;4.3279,3.7195,1.6813;5.3388,4.5117,2.4807;4.8138,5.0428,3.7054;4.7315,4.4501,4.9269;5.3850,2.7291,5.2184;4.1832,5.1767,5.8503;3.8562,6.3599,5.2252;3.2654,7.5563,5.6927;2.9575,7.7641,6.9990;2.7391,6.6613,7.9095;1.2380,6.3854,8.0317;0.5545,7.5778,8.5029;-0.8516,7.3420,8.7420;0.7736,8.6797,7.5847;2.2774,8.9444,7.4771;3.1127,8.5217,4.6854;3.5309,8.3219,3.3719;3.3295,9.3979,2.3492;4.1092,7.2068,2.9401;4.2421,6.2789,3.8742;4.5889,3.3969,0.3425;5.7368,3.7741,-0.3169;6.9663,3.2591,0.1601;3.6419,2.7153,-0.4023;-0.1572,0.7239,-0.9936;-0.2802,2.0811,0.1528;0.4645,0.5390,0.6649;1.2389,2.3601,1.9560;2.8796,3.5672,3.2464;5.6687,5.3664,1.8814;6.2039,3.8839,2.7257;3.1300,6.9471,8.8908;3.2627,5.7769,7.5528;1.0719,5.5832,8.7536;0.8500,6.0563,7.0491;-0.9584,6.5397,9.4703;-1.3998,7.0623,7.8280;-1.2988,8.2467,9.1520;0.2683,9.5656,7.9768;0.3687,8.4625,6.5778;2.6639,9.1629,8.4780;2.4765,9.8016,6.8374;2.6526,9.4708,4.9076;2.2670,9.5879,2.2073;3.7621,9.0815,1.4049;3.8003,10.3249,2.6712;7.5738,3.0415,-0.7198;6.8239,2.3380,0.7295;7.4954,3.9927,0.7762;3.8485,2.4826,-1.4342;</g>
	</geometry>
	<conformers/>
	<properties/>
</molecule>
