<?xml version="1.0" ?>
<!--MOLLI PACKAGE EXPERIMENTAL XML FORMAT-->
<molecule name="el758">
	<atoms>
		<a id="1" s="F" t="F" l="F"/>
		<a id="2" s="C" t="C.3" l="C"/>
		<a id="3" s="F" t="F" l="F"/>
		<a id="4" s="F" t="F" l="F"/>
		<a id="5" s="C" t="C.ar" l="C"/>
		<a id="6" s="C" t="C.ar" l="C"/>
		<a id="7" s="C" t="C.ar" l="C"/>
		<a id="8" s="N" t="N.ar" l="N"/>
		<a id="9" s="C" t="C.ar" l="C"/>
		<a id="10" s="C" t="C.ar" l="C"/>
		<a id="11" s="C" t="C.ar" l="C"/>
		<a id="12" s="C" t="C.ar" l="C"/>
		<a id="13" s="C" t="C.ar" l="C"/>
		<a id="14" s="Br" t="Br" l="BR"/>
		<a id="15" s="N" t="N.ar" l="N"/>
		<a id="16" s="N" t="N.ar" l="N"/>
		<a id="17" s="H" t="H" l="H"/>
		<a id="18" s="H" t="H" l="H"/>
		<a id="19" s="H" t="H" l="H"/>
		<a id="20" s="H" t="H" l="H"/>
		<a id="21" s="H" t="H" l="H"/>
	</atoms>
	<bonds>
		<b id="1" c="1 2" t="1"/>
		<b id="2" c="2 3" t="1"/>
		<b id="3" c="2 4" t="1"/>
		<b id="4" c="2 5" t="1"/>
		<b id="5" c="5 6" t="ar"/>
		<b id="6" c="6 7" t="ar"/>
		<b id="7" c="7 8" t="ar"/>
		<b id="8" c="8 9" t="1"/>
		<b id="9" c="9 10" t="ar"/>
		<b id="10" c="10 11" t="ar"/>
		<b id="11" c="11 12" t="ar"/>
		<b id="12" c="12 13" t="ar"/>
		<b id="13" c="13 14" t="1"/>
		<b id="14" c="13 15" t="ar"/>
		<b id="15" c="9 15" t="ar"/>
		<b id="16" c="8 16" t="ar"/>
		<b id="17" c="5 16" t="ar"/>
		<b id="18" c="6 17" t="1"/>
		<b id="19" c="7 18" t="1"/>
		<b id="20" c="10 19" t="1"/>
		<b id="21" c="11 20" t="1"/>
		<b id="22" c="12 21" t="1"/>
	</bonds>
	<geometry>
		<g u="A" t="cart/3d">#21,3:1.5553,0.1746,-0.9937;2.5246,0.0911,-0.0697;2.1686,-0.8942,0.7694;3.6258,-0.3344,-0.7091;2.7301,1.3928,0.6270;2.0563,2.6101,0.3978;2.6139,3.4776,1.2994;3.5487,2.7784,1.9919;4.3569,3.2568,3.0180;5.2950,2.4311,3.6327;6.0582,2.9758,4.6516;5.8689,4.2997,5.0212;4.9045,5.0164,4.3295;4.5697,6.8309,4.7589;4.1689,4.5227,3.3600;3.6247,1.5148,1.5893;1.2866,2.7948,-0.3213;2.4325,4.5113,1.5064;5.4000,1.4103,3.3071;6.7977,2.3750,5.1584;6.4400,4.7610,5.8100;</g>
	</geometry>
	<conformers/>
	<properties/>
</molecule>
