<?xml version="1.0" ?>
<!--MOLLI PACKAGE EXPERIMENTAL XML FORMAT-->
<molecule name="el760">
	<atoms>
		<a id="1" s="N" t="N.3" l="N"/>
		<a id="2" s="C" t="C.3" l="CA"/>
		<a id="3" s="C" t="C.3" l="C"/>
		<a id="4" s="C" t="C.ar" l="C"/>
		<a id="5" s="C" t="C.ar" l="C"/>
		<a id="6" s="N" t="N.ar" l="N"/>
		<a id="7" s="C" t="C.ar" l="C"/>
		<a id="8" s="C" t="C.ar" l="C"/>
		<a id="9" s="Br" t="Br" l="BR"/>
		<a id="10" s="C" t="C.ar" l="C"/>
		<a id="11" s="C" t="C.ar" l="C"/>
		<a id="12" s="C" t="C.ar" l="C"/>
		<a id="13" s="C" t="C.ar" l="C"/>
		<a id="14" s="C" t="C.2" l="C"/>
		<a id="15" s="O" t="O.2" l="O"/>
		<a id="16" s="O" t="O.3" l="OXT"/>
		<a id="17" s="H" t="H" l="H1"/>
		<a id="18" s="H" t="H" l="H2"/>
		<a id="19" s="H" t="H" l="HA"/>
		<a id="20" s="H" t="H" l="H"/>
		<a id="21" s="H" t="H" l="H"/>
		<a id="22" s="H" t="H" l="H"/>
		<a id="23" s="H" t="H" l="H"/>
		<a id="24" s="H" t="H" l="H"/>
		<a id="25" s="H" t="H" l="H"/>
		<a id="26" s="H" t="H" l="H"/>
		<a id="27" s="H" t="H" l="HXT"/>
	</atoms>
	<bonds>
		<b id="1" c="1 2" t="1"/>
		<b id="2" c="2 3" t="1"/>
		<b id="3" c="3 4" t="1"/>
		<b id="4" c="4 5" t="ar"/>
		<b id="5" c="5 6" t="ar"/>
		<b id="6" c="6 7" t="ar"/>
		<b id="7" c="7 8" t="ar"/>
		<b id="8" c="8 9" t="1"/>
		<b id="9" c="8 10" t="ar"/>
		<b id="10" c="10 11" t="ar"/>
		<b id="11" c="11 12" t="ar"/>
		<b id="12" c="12 13" t="ar"/>
		<b id="13" c="4 13" t="ar"/>
		<b id="14" c="7 13" t="ar"/>
		<b id="15" c="2 14" t="1"/>
		<b id="16" c="14 15" t="2"/>
		<b id="17" c="14 16" t="1"/>
		<b id="18" c="1 17" t="1"/>
		<b id="19" c="1 18" t="1"/>
		<b id="20" c="2 19" t="1"/>
		<b id="21" c="3 20" t="1"/>
		<b id="22" c="3 21" t="1"/>
		<b id="23" c="5 22" t="1"/>
		<b id="24" c="6 23" t="1"/>
		<b id="25" c="10 24" t="1"/>
		<b id="26" c="11 25" t="1"/>
		<b id="27" c="12 26" t="1"/>
		<b id="28" c="16 27" t="1"/>
	</bonds>
	<geometry>
		<g u="A" t="cart/3d">#27,3:0.5492,-0.6954,-0.4216;1.7639,-1.3318,-0.9183;2.9317,-1.4031,0.0870;2.5208,-2.1233,1.3291;2.5583,-3.4736,1.5358;2.0522,-3.7756,2.7670;1.6749,-2.6255,3.3840;1.1115,-2.3945,4.6317;0.7517,-3.8737,5.7901;0.8234,-1.1041,5.0136;1.1019,-0.0385,4.1529;1.6611,-0.2402,2.9119;1.9527,-1.5449,2.5061;1.3949,-2.7514,-1.3936;2.2074,-3.6029,-1.6192;0.0892,-2.9285,-1.5465;0.6271,0.3142,-0.4397;0.3871,-0.9727,0.5436;2.0947,-0.7900,-1.8129;3.2647,-0.3919,0.3302;3.7493,-1.9398,-0.3944;2.9108,-4.2390,0.8731;1.9720,-4.6979,3.1629;0.3853,-0.9136,5.9806;0.8699,0.9627,4.4823;1.8772,0.5981,2.2662;-0.3546,-2.0904,-1.2814;</g>
	</geometry>
	<conformers/>
	<properties/>
</molecule>
