<?xml version="1.0" ?>
<!--MOLLI PACKAGE EXPERIMENTAL XML FORMAT-->
<molecule name="el765">
	<atoms>
		<a id="1" s="C" t="C.3" l="C"/>
		<a id="2" s="C" t="C.3" l="C"/>
		<a id="3" s="O" t="O.3" l="O"/>
		<a id="4" s="C" t="C.ar" l="C"/>
		<a id="5" s="C" t="C.ar" l="C"/>
		<a id="6" s="C" t="C.ar" l="C"/>
		<a id="7" s="C" t="C.ar" l="C"/>
		<a id="8" s="N" t="N.ar" l="N"/>
		<a id="9" s="N" t="N.ar" l="N"/>
		<a id="10" s="C" t="C.ar" l="C"/>
		<a id="11" s="Br" t="Br" l="BR"/>
		<a id="12" s="N" t="N.ar" l="N"/>
		<a id="13" s="C" t="C.ar" l="C"/>
		<a id="14" s="C" t="C.3" l="C"/>
		<a id="15" s="F" t="F" l="F"/>
		<a id="16" s="F" t="F" l="F"/>
		<a id="17" s="F" t="F" l="F"/>
		<a id="18" s="H" t="H" l="H"/>
		<a id="19" s="H" t="H" l="H"/>
		<a id="20" s="H" t="H" l="H"/>
		<a id="21" s="H" t="H" l="H"/>
		<a id="22" s="H" t="H" l="H"/>
		<a id="23" s="H" t="H" l="H"/>
		<a id="24" s="H" t="H" l="H"/>
	</atoms>
	<bonds>
		<b id="1" c="3 4" t="1"/>
		<b id="2" c="4 5" t="ar"/>
		<b id="3" c="5 6" t="ar"/>
		<b id="4" c="6 7" t="ar"/>
		<b id="5" c="7 8" t="ar"/>
		<b id="6" c="8 9" t="ar"/>
		<b id="7" c="9 10" t="ar"/>
		<b id="8" c="10 11" t="1"/>
		<b id="9" c="10 12" t="ar"/>
		<b id="10" c="12 13" t="ar"/>
		<b id="11" c="4 13" t="ar"/>
		<b id="12" c="8 13" t="ar"/>
		<b id="13" c="2 14" t="1"/>
		<b id="14" c="14 15" t="1"/>
		<b id="15" c="14 16" t="1"/>
		<b id="16" c="14 17" t="1"/>
		<b id="17" c="2 3" t="1"/>
		<b id="18" c="2 1" t="1"/>
		<b id="19" c="1 18" t="1"/>
		<b id="20" c="1 19" t="1"/>
		<b id="21" c="1 20" t="1"/>
		<b id="22" c="2 21" t="1"/>
		<b id="23" c="5 22" t="1"/>
		<b id="24" c="6 23" t="1"/>
		<b id="25" c="7 24" t="1"/>
	</bonds>
	<geometry>
		<g u="A" t="cart/3d">#24,3:2.6615,1.9076,-0.1790;2.4080,0.4498,-0.5453;1.0381,0.2101,-0.3492;0.4539,-0.8989,-0.8650;1.0536,-1.9074,-1.5821;0.3006,-3.0007,-2.0504;-1.0358,-3.0949,-1.8096;-1.6218,-2.1008,-1.1113;-2.9031,-1.9950,-0.7787;-2.9479,-0.8493,-0.1160;-4.5269,-0.1938,0.5855;-1.7883,-0.2059,0.0030;-0.9354,-1.0032,-0.6301;3.2681,-0.5056,0.3301;4.0357,0.1348,1.2140;2.5269,-1.3755,1.0193;4.1054,-1.2348,-0.4325;3.7090,2.1588,-0.3152;2.3782,2.0813,0.8554;2.0497,2.5388,-0.8163;2.6930,0.2649,-1.5926;2.1105,-1.8970,-1.7917;0.7983,-3.7788,-2.6039;-1.6699,-3.9035,-2.1305;</g>
	</geometry>
	<conformers/>
	<properties/>
</molecule>
