<?xml version="1.0" ?>
<!--MOLLI PACKAGE EXPERIMENTAL XML FORMAT-->
<molecule name="el617">
	<atoms>
		<a id="1" s="C" t="C.3" l="C"/>
		<a id="2" s="C" t="C.3" l="C"/>
		<a id="3" s="O" t="O.3" l="O"/>
		<a id="4" s="C" t="C.2" l="C"/>
		<a id="5" s="O" t="O.2" l="O"/>
		<a id="6" s="C" t="C.3" l="C"/>
		<a id="7" s="C" t="C.3" l="C"/>
		<a id="8" s="C" t="C.3" l="C"/>
		<a id="9" s="C" t="C.2" l="C"/>
		<a id="10" s="O" t="O.2" l="O"/>
		<a id="11" s="C" t="C.ar" l="C"/>
		<a id="12" s="N" t="N.ar" l="N"/>
		<a id="13" s="C" t="C.ar" l="C"/>
		<a id="14" s="C" t="C.ar" l="C"/>
		<a id="15" s="Br" t="Br" l="BR"/>
		<a id="16" s="C" t="C.ar" l="C"/>
		<a id="17" s="C" t="C.ar" l="C"/>
		<a id="18" s="O" t="O.3" l="O"/>
		<a id="19" s="C" t="C.3" l="C"/>
		<a id="20" s="H" t="H" l="H"/>
		<a id="21" s="H" t="H" l="H"/>
		<a id="22" s="H" t="H" l="H"/>
		<a id="23" s="H" t="H" l="H"/>
		<a id="24" s="H" t="H" l="H"/>
		<a id="25" s="H" t="H" l="H"/>
		<a id="26" s="H" t="H" l="H"/>
		<a id="27" s="H" t="H" l="H"/>
		<a id="28" s="H" t="H" l="H"/>
		<a id="29" s="H" t="H" l="H"/>
		<a id="30" s="H" t="H" l="H"/>
		<a id="31" s="H" t="H" l="H"/>
		<a id="32" s="H" t="H" l="H"/>
		<a id="33" s="H" t="H" l="H"/>
	</atoms>
	<bonds>
		<b id="1" c="1 2" t="1"/>
		<b id="2" c="2 3" t="1"/>
		<b id="3" c="3 4" t="1"/>
		<b id="4" c="4 5" t="2"/>
		<b id="5" c="6 7" t="1"/>
		<b id="6" c="7 8" t="1"/>
		<b id="7" c="6 8" t="1"/>
		<b id="8" c="8 9" t="1"/>
		<b id="9" c="9 10" t="2"/>
		<b id="10" c="9 11" t="1"/>
		<b id="11" c="11 12" t="ar"/>
		<b id="12" c="12 13" t="ar"/>
		<b id="13" c="13 14" t="ar"/>
		<b id="14" c="14 15" t="1"/>
		<b id="15" c="14 16" t="ar"/>
		<b id="16" c="16 17" t="ar"/>
		<b id="17" c="11 17" t="ar"/>
		<b id="18" c="17 18" t="1"/>
		<b id="19" c="18 19" t="1"/>
		<b id="20" c="6 4" t="1"/>
		<b id="21" c="1 20" t="1"/>
		<b id="22" c="1 21" t="1"/>
		<b id="23" c="1 22" t="1"/>
		<b id="24" c="2 23" t="1"/>
		<b id="25" c="2 24" t="1"/>
		<b id="26" c="6 25" t="1"/>
		<b id="27" c="7 26" t="1"/>
		<b id="28" c="7 27" t="1"/>
		<b id="29" c="8 28" t="1"/>
		<b id="30" c="13 29" t="1"/>
		<b id="31" c="16 30" t="1"/>
		<b id="32" c="19 31" t="1"/>
		<b id="33" c="19 32" t="1"/>
		<b id="34" c="19 33" t="1"/>
	</bonds>
	<geometry>
		<g u="A" t="cart/3d">#33,3:1.8552,-0.6627,4.8662;3.1964,-0.1026,4.4145;3.5809,-0.6421,3.1484;4.1989,-1.8294,3.1555;4.4836,-2.4428,4.1523;4.4805,-2.2778,1.7681;5.6452,-3.1785,1.5164;4.2633,-3.7600,1.4791;3.6642,-4.0811,0.1609;3.9680,-3.4972,-0.8558;2.6465,-5.1710,0.1931;2.5808,-5.8972,1.2994;1.7220,-6.8829,1.4123;0.8467,-7.1963,0.3796;-0.3859,-8.6266,0.5712;0.8696,-6.4608,-0.7904;1.7893,-5.4136,-0.9110;1.8970,-4.6267,-1.9814;1.0350,-4.8219,-3.0810;1.5575,-0.1915,5.7983;1.9359,-1.7355,5.0234;1.0956,-0.4722,4.1118;3.9726,-0.3373,5.1501;3.1420,0.9767,4.2595;4.1885,-1.5796,0.9955;6.2642,-3.4404,2.3606;6.1594,-3.0650,0.5742;3.9468,-4.3798,2.3048;1.7301,-7.4334,2.3416;0.1867,-6.7029,-1.5896;1.3151,-4.0585,-3.8040;-0.0133,-4.6869,-2.7972;1.1719,-5.8113,-3.5275;</g>
	</geometry>
	<conformers/>
	<properties/>
</molecule>
