<?xml version="1.0" ?>
<!--MOLLI PACKAGE EXPERIMENTAL XML FORMAT-->
<molecule name="el773">
	<atoms>
		<a id="1" s="C" t="C.3" l="C"/>
		<a id="2" s="O" t="O.3" l="O"/>
		<a id="3" s="C" t="C.ar" l="C"/>
		<a id="4" s="C" t="C.ar" l="C"/>
		<a id="5" s="C" t="C.ar" l="C"/>
		<a id="6" s="C" t="C.ar" l="C"/>
		<a id="7" s="C" t="C.ar" l="C"/>
		<a id="8" s="C" t="C.ar" l="C"/>
		<a id="9" s="N" t="N.ar" l="N"/>
		<a id="10" s="C" t="C.ar" l="C"/>
		<a id="11" s="C" t="C.ar" l="C"/>
		<a id="12" s="C" t="C.ar" l="C"/>
		<a id="13" s="Br" t="Br" l="BR"/>
		<a id="14" s="C" t="C.ar" l="C"/>
		<a id="15" s="C" t="C.ar" l="C"/>
		<a id="16" s="N" t="N.ar" l="N"/>
		<a id="17" s="C" t="C.ar" l="C"/>
		<a id="18" s="C" t="C.ar" l="C"/>
		<a id="19" s="H" t="H" l="H"/>
		<a id="20" s="H" t="H" l="H"/>
		<a id="21" s="H" t="H" l="H"/>
		<a id="22" s="H" t="H" l="H"/>
		<a id="23" s="H" t="H" l="H"/>
		<a id="24" s="H" t="H" l="H"/>
		<a id="25" s="H" t="H" l="H"/>
		<a id="26" s="H" t="H" l="H"/>
		<a id="27" s="H" t="H" l="H"/>
		<a id="28" s="H" t="H" l="H"/>
		<a id="29" s="H" t="H" l="H"/>
	</atoms>
	<bonds>
		<b id="1" c="1 2" t="1"/>
		<b id="2" c="2 3" t="1"/>
		<b id="3" c="3 4" t="ar"/>
		<b id="4" c="4 5" t="ar"/>
		<b id="5" c="5 6" t="ar"/>
		<b id="6" c="6 7" t="1"/>
		<b id="7" c="7 8" t="ar"/>
		<b id="8" c="8 9" t="ar"/>
		<b id="9" c="9 10" t="ar"/>
		<b id="10" c="10 11" t="ar"/>
		<b id="11" c="11 12" t="ar"/>
		<b id="12" c="12 13" t="1"/>
		<b id="13" c="12 14" t="ar"/>
		<b id="14" c="14 15" t="ar"/>
		<b id="15" c="9 15" t="ar"/>
		<b id="16" c="15 16" t="ar"/>
		<b id="17" c="7 16" t="ar"/>
		<b id="18" c="6 17" t="ar"/>
		<b id="19" c="17 18" t="ar"/>
		<b id="20" c="3 18" t="ar"/>
		<b id="21" c="1 19" t="1"/>
		<b id="22" c="1 20" t="1"/>
		<b id="23" c="1 21" t="1"/>
		<b id="24" c="4 22" t="1"/>
		<b id="25" c="5 23" t="1"/>
		<b id="26" c="8 24" t="1"/>
		<b id="27" c="10 25" t="1"/>
		<b id="28" c="11 26" t="1"/>
		<b id="29" c="14 27" t="1"/>
		<b id="30" c="17 28" t="1"/>
		<b id="31" c="18 29" t="1"/>
	</bonds>
	<geometry>
		<g u="A" t="cart/3d">#29,3:1.1035,-0.4344,-0.3438;2.4260,-0.1092,0.0103;3.1580,-1.0231,0.7028;2.7073,-2.2820,1.0896;3.5434,-3.1263,1.7931;4.8405,-2.7456,2.1280;5.6816,-3.6657,2.8692;7.0024,-3.5124,3.2653;7.3395,-4.6459,3.9281;8.4887,-5.0377,4.5231;8.5554,-6.2541,5.1306;7.4208,-7.0924,5.1316;7.5507,-8.7842,5.9915;6.2500,-6.7159,4.5353;6.1975,-5.4615,3.9137;5.2106,-4.8713,3.2791;5.2862,-1.4815,1.7363;4.4583,-0.6349,1.0356;0.7187,0.4342,-0.8758;0.4848,-0.6202,0.5402;1.0665,-1.3073,-1.0036;1.7097,-2.6133,0.8483;3.2039,-4.1032,2.0976;7.6968,-2.7105,3.1245;9.3229,-4.3535,4.4904;9.4653,-6.5768,5.6080;5.3731,-7.3400,4.5246;6.2859,-1.1587,1.9838;4.7916,0.3441,0.7292;</g>
	</geometry>
	<conformers/>
	<properties/>
</molecule>
