<?xml version="1.0" ?>
<!--MOLLI PACKAGE EXPERIMENTAL XML FORMAT-->
<molecule name="el779">
	<atoms>
		<a id="1" s="N" t="N.1" l="N"/>
		<a id="2" s="C" t="C.1" l="C"/>
		<a id="3" s="C" t="C.ar" l="C"/>
		<a id="4" s="C" t="C.ar" l="C"/>
		<a id="5" s="C" t="C.ar" l="C"/>
		<a id="6" s="C" t="C.ar" l="C"/>
		<a id="7" s="N" t="N.ar" l="N"/>
		<a id="8" s="C" t="C.ar" l="C"/>
		<a id="9" s="C" t="C.ar" l="C"/>
		<a id="10" s="C" t="C.ar" l="C"/>
		<a id="11" s="Br" t="Br" l="BR"/>
		<a id="12" s="C" t="C.ar" l="C"/>
		<a id="13" s="C" t="C.ar" l="C"/>
		<a id="14" s="H" t="H" l="H"/>
		<a id="15" s="H" t="H" l="H"/>
		<a id="16" s="H" t="H" l="H"/>
		<a id="17" s="H" t="H" l="H"/>
		<a id="18" s="H" t="H" l="H"/>
	</atoms>
	<bonds>
		<b id="1" c="1 2" t="3"/>
		<b id="2" c="2 3" t="1"/>
		<b id="3" c="3 4" t="ar"/>
		<b id="4" c="4 5" t="ar"/>
		<b id="5" c="5 6" t="ar"/>
		<b id="6" c="6 7" t="ar"/>
		<b id="7" c="7 8" t="ar"/>
		<b id="8" c="8 9" t="ar"/>
		<b id="9" c="9 10" t="ar"/>
		<b id="10" c="10 11" t="1"/>
		<b id="11" c="10 12" t="ar"/>
		<b id="12" c="6 12" t="ar"/>
		<b id="13" c="12 13" t="ar"/>
		<b id="14" c="3 13" t="ar"/>
		<b id="15" c="4 14" t="1"/>
		<b id="16" c="5 15" t="1"/>
		<b id="17" c="8 16" t="1"/>
		<b id="18" c="9 17" t="1"/>
		<b id="19" c="13 18" t="1"/>
	</bonds>
	<geometry>
		<g u="A" t="cart/3d">#18,3:1.1605,0.1508,-0.0420;2.3042,0.1215,0.0191;3.7175,0.0925,0.0921;4.4338,1.3107,0.1143;5.7958,1.2990,0.1843;6.5067,0.0802,0.2346;7.8485,0.1277,0.3028;8.5151,-0.9883,0.3482;7.9175,-2.2620,0.3302;6.5527,-2.3326,0.2621;5.7042,-4.0420,0.2359;5.7797,-1.1493,0.2110;4.3785,-1.1158,0.1398;3.8852,2.2398,0.0750;6.3703,2.2111,0.2031;9.5919,-0.9007,0.4026;8.5257,-3.1512,0.3694;3.8187,-2.0400,0.1221;</g>
	</geometry>
	<conformers/>
	<properties/>
</molecule>
