<?xml version="1.0" ?>
<!--MOLLI PACKAGE EXPERIMENTAL XML FORMAT-->
<molecule name="el781">
	<atoms>
		<a id="1" s="C" t="C.3" l="C"/>
		<a id="2" s="O" t="O.3" l="O"/>
		<a id="3" s="C" t="C.ar" l="C"/>
		<a id="4" s="C" t="C.ar" l="C"/>
		<a id="5" s="C" t="C.ar" l="C"/>
		<a id="6" s="Br" t="Br" l="BR"/>
		<a id="7" s="C" t="C.ar" l="C"/>
		<a id="8" s="C" t="C.ar" l="C"/>
		<a id="9" s="N" t="N.ar" l="N"/>
		<a id="10" s="H" t="H" l="H"/>
		<a id="11" s="H" t="H" l="H"/>
		<a id="12" s="H" t="H" l="H"/>
		<a id="13" s="H" t="H" l="H"/>
		<a id="14" s="H" t="H" l="H"/>
		<a id="15" s="H" t="H" l="H"/>
	</atoms>
	<bonds>
		<b id="1" c="1 2" t="1"/>
		<b id="2" c="2 3" t="1"/>
		<b id="3" c="3 4" t="ar"/>
		<b id="4" c="4 5" t="ar"/>
		<b id="5" c="5 6" t="1"/>
		<b id="6" c="5 7" t="ar"/>
		<b id="7" c="7 8" t="ar"/>
		<b id="8" c="8 9" t="ar"/>
		<b id="9" c="3 9" t="ar"/>
		<b id="10" c="1 10" t="1"/>
		<b id="11" c="1 11" t="1"/>
		<b id="12" c="1 12" t="1"/>
		<b id="13" c="4 13" t="1"/>
		<b id="14" c="7 14" t="1"/>
		<b id="15" c="8 15" t="1"/>
	</bonds>
	<geometry>
		<g u="A" t="cart/3d">#15,3:2.8685,0.8453,1.0230;2.4237,-0.0239,-0.0038;3.0717,-1.1866,-0.1189;2.6488,-2.0691,-1.1262;3.3223,-3.2625,-1.2390;2.8092,-4.5126,-2.5805;4.3764,-3.5644,-0.3830;4.7009,-2.6183,0.5689;4.0713,-1.4611,0.7043;2.2720,1.7496,0.9260;3.9299,1.0713,0.9035;2.7148,0.3905,2.0041;1.8286,-1.7967,-1.7688;4.9138,-4.4947,-0.4605;5.5089,-2.7866,1.2674;</g>
	</geometry>
	<conformers/>
	<properties/>
</molecule>
