<?xml version="1.0" ?>
<!--MOLLI PACKAGE EXPERIMENTAL XML FORMAT-->
<molecule name="el784">
	<atoms>
		<a id="1" s="F" t="F" l="F"/>
		<a id="2" s="C" t="C.ar" l="C"/>
		<a id="3" s="C" t="C.ar" l="C"/>
		<a id="4" s="C" t="C.ar" l="C"/>
		<a id="5" s="C" t="C.ar" l="C"/>
		<a id="6" s="Br" t="Br" l="BR"/>
		<a id="7" s="C" t="C.ar" l="C"/>
		<a id="8" s="C" t="C.ar" l="C"/>
		<a id="9" s="H" t="H" l="H"/>
		<a id="10" s="H" t="H" l="H"/>
		<a id="11" s="H" t="H" l="H"/>
		<a id="12" s="H" t="H" l="H"/>
	</atoms>
	<bonds>
		<b id="1" c="1 2" t="1"/>
		<b id="2" c="2 3" t="ar"/>
		<b id="3" c="3 4" t="ar"/>
		<b id="4" c="4 5" t="ar"/>
		<b id="5" c="5 6" t="1"/>
		<b id="6" c="5 7" t="ar"/>
		<b id="7" c="7 8" t="ar"/>
		<b id="8" c="2 8" t="ar"/>
		<b id="9" c="3 9" t="1"/>
		<b id="10" c="4 10" t="1"/>
		<b id="11" c="7 11" t="1"/>
		<b id="12" c="8 12" t="1"/>
	</bonds>
	<geometry>
		<g u="A" t="cart/3d">#12,3:3.9384,0.0367,0.0097;2.5927,0.0116,0.0002;1.9451,-1.2118,-0.0026;0.5623,-1.2357,-0.0136;-0.1367,-0.0393,-0.0217;-2.0397,-0.0748,-0.0334;0.5172,1.1823,-0.0178;1.9000,1.2100,-0.0068;2.5185,-2.1249,0.0032;0.0319,-2.1751,-0.0156;-0.0479,2.1013,-0.0231;2.4390,2.1438,-0.0043;</g>
	</geometry>
	<conformers/>
	<properties/>
</molecule>
