<?xml version="1.0" ?>
<!--MOLLI PACKAGE EXPERIMENTAL XML FORMAT-->
<molecule name="el785">
	<atoms>
		<a id="1" s="Br" t="Br" l="BR"/>
		<a id="2" s="C" t="C.ar" l="C"/>
		<a id="3" s="C" t="C.ar" l="C"/>
		<a id="4" s="C" t="C.ar" l="C"/>
		<a id="5" s="C" t="C.ar" l="C"/>
		<a id="6" s="C" t="C.ar" l="C"/>
		<a id="7" s="C" t="C.ar" l="C"/>
		<a id="8" s="C" t="C.ar" l="C"/>
		<a id="9" s="C" t="C.ar" l="C"/>
		<a id="10" s="N" t="N.ar" l="N"/>
		<a id="11" s="C" t="C.3" l="C"/>
		<a id="12" s="C" t="C.ar" l="C"/>
		<a id="13" s="C" t="C.ar" l="C"/>
		<a id="14" s="C" t="C.ar" l="C"/>
		<a id="15" s="C" t="C.ar" l="C"/>
		<a id="16" s="C" t="C.ar" l="C"/>
		<a id="17" s="C" t="C.ar" l="C"/>
		<a id="18" s="H" t="H" l="H"/>
		<a id="19" s="H" t="H" l="H"/>
		<a id="20" s="H" t="H" l="H"/>
		<a id="21" s="H" t="H" l="H"/>
		<a id="22" s="H" t="H" l="H"/>
		<a id="23" s="H" t="H" l="H"/>
		<a id="24" s="H" t="H" l="H"/>
		<a id="25" s="H" t="H" l="H"/>
		<a id="26" s="H" t="H" l="H"/>
		<a id="27" s="H" t="H" l="H"/>
		<a id="28" s="H" t="H" l="H"/>
		<a id="29" s="H" t="H" l="H"/>
	</atoms>
	<bonds>
		<b id="1" c="1 2" t="1"/>
		<b id="2" c="2 3" t="ar"/>
		<b id="3" c="3 4" t="ar"/>
		<b id="4" c="4 5" t="ar"/>
		<b id="5" c="5 6" t="ar"/>
		<b id="6" c="6 7" t="ar"/>
		<b id="7" c="2 7" t="ar"/>
		<b id="8" c="7 8" t="ar"/>
		<b id="9" c="8 9" t="ar"/>
		<b id="10" c="9 10" t="ar"/>
		<b id="11" c="6 10" t="ar"/>
		<b id="12" c="10 11" t="1"/>
		<b id="13" c="11 12" t="1"/>
		<b id="14" c="12 13" t="ar"/>
		<b id="15" c="13 14" t="ar"/>
		<b id="16" c="14 15" t="ar"/>
		<b id="17" c="15 16" t="ar"/>
		<b id="18" c="16 17" t="ar"/>
		<b id="19" c="12 17" t="ar"/>
		<b id="20" c="3 18" t="1"/>
		<b id="21" c="4 19" t="1"/>
		<b id="22" c="5 20" t="1"/>
		<b id="23" c="8 21" t="1"/>
		<b id="24" c="9 22" t="1"/>
		<b id="25" c="11 23" t="1"/>
		<b id="26" c="11 24" t="1"/>
		<b id="27" c="13 25" t="1"/>
		<b id="28" c="14 26" t="1"/>
		<b id="29" c="15 27" t="1"/>
		<b id="30" c="16 28" t="1"/>
		<b id="31" c="17 29" t="1"/>
	</bonds>
	<geometry>
		<g u="A" t="cart/3d">#29,3:0.9715,-0.1315,-0.1716;2.8773,-0.1172,-0.1163;3.5614,1.0746,-0.1564;4.9577,1.0827,-0.1080;5.6857,-0.0836,-0.0215;4.9899,-1.2876,0.0154;3.5707,-1.3227,-0.0303;3.1904,-2.6871,0.0369;4.3435,-3.4056,0.1194;5.4298,-2.5761,0.1198;6.8046,-3.0165,0.0995;7.2606,-3.2792,-1.3175;7.9347,-2.3053,-2.0408;8.3054,-2.5372,-3.3538;8.0010,-3.7444,-3.9585;7.3274,-4.7206,-3.2443;6.9594,-4.4883,-1.9314;3.0221,2.0068,-0.2235;5.4701,2.0321,-0.1387;6.7635,-0.0535,0.0206;2.1892,-3.0688,0.0277;4.4722,-4.4684,0.1947;6.8801,-3.9321,0.6941;7.4251,-2.2463,0.5643;8.1759,-1.3604,-1.5763;8.8317,-1.7727,-3.9059;8.2893,-3.9251,-4.9832;7.0892,-5.6654,-3.7098;6.4372,-5.2553,-1.3776;</g>
	</geometry>
	<conformers/>
	<properties/>
</molecule>
