<?xml version="1.0" ?>
<!--MOLLI PACKAGE EXPERIMENTAL XML FORMAT-->
<molecule name="el797">
	<atoms>
		<a id="1" s="C" t="C.3" l="C"/>
		<a id="2" s="C" t="C.ar" l="C"/>
		<a id="3" s="C" t="C.ar" l="C"/>
		<a id="4" s="C" t="C.ar" l="C"/>
		<a id="5" s="C" t="C.ar" l="C"/>
		<a id="6" s="N" t="N.ar" l="N"/>
		<a id="7" s="C" t="C.ar" l="C"/>
		<a id="8" s="Br" t="Br" l="BR"/>
		<a id="9" s="H" t="H" l="H"/>
		<a id="10" s="H" t="H" l="H"/>
		<a id="11" s="H" t="H" l="H"/>
		<a id="12" s="H" t="H" l="H"/>
		<a id="13" s="H" t="H" l="H"/>
		<a id="14" s="H" t="H" l="H"/>
	</atoms>
	<bonds>
		<b id="1" c="1 2" t="1"/>
		<b id="2" c="2 3" t="ar"/>
		<b id="3" c="3 4" t="ar"/>
		<b id="4" c="4 5" t="ar"/>
		<b id="5" c="5 6" t="ar"/>
		<b id="6" c="6 7" t="ar"/>
		<b id="7" c="2 7" t="ar"/>
		<b id="8" c="7 8" t="1"/>
		<b id="9" c="1 9" t="1"/>
		<b id="10" c="1 10" t="1"/>
		<b id="11" c="1 11" t="1"/>
		<b id="12" c="3 12" t="1"/>
		<b id="13" c="4 13" t="1"/>
		<b id="14" c="5 14" t="1"/>
	</bonds>
	<geometry>
		<g u="A" t="cart/3d">#14,3:0.9237,-0.0915,-0.0716;2.4086,-0.0567,0.0546;3.1339,1.1291,0.0549;4.5154,1.1071,0.1767;5.1455,-0.1203,0.2961;4.4745,-1.2590,0.2992;3.1710,-1.2180,0.1845;2.3142,-2.9209,0.2016;0.5245,0.9098,-0.2113;0.4796,-0.5279,0.8234;0.6290,-0.7135,-0.9162;2.6096,2.0696,-0.0404;5.0858,2.0222,0.1787;6.2179,-0.2109,0.3945;</g>
	</geometry>
	<conformers/>
	<properties/>
</molecule>
