<?xml version="1.0" ?>
<!--MOLLI PACKAGE EXPERIMENTAL XML FORMAT-->
<molecule name="el798">
	<atoms>
		<a id="1" s="C" t="C.3" l="C"/>
		<a id="2" s="C" t="C.3" l="C"/>
		<a id="3" s="C" t="C.3" l="C"/>
		<a id="4" s="N" t="N.ar" l="N"/>
		<a id="5" s="N" t="N.ar" l="N"/>
		<a id="6" s="C" t="C.ar" l="C"/>
		<a id="7" s="N" t="N.2" l="N"/>
		<a id="8" s="C" t="C.2" l="C"/>
		<a id="9" s="C" t="C.ar" l="C"/>
		<a id="10" s="C" t="C.ar" l="C"/>
		<a id="11" s="C" t="C.ar" l="C"/>
		<a id="12" s="C" t="C.ar" l="C"/>
		<a id="13" s="C" t="C.ar" l="C"/>
		<a id="14" s="C" t="C.ar" l="C"/>
		<a id="15" s="C" t="C.ar" l="C"/>
		<a id="16" s="C" t="C.ar" l="C"/>
		<a id="17" s="C" t="C.ar" l="C"/>
		<a id="18" s="C" t="C.ar" l="C"/>
		<a id="19" s="C" t="C.ar" l="C"/>
		<a id="20" s="C" t="C.ar" l="C"/>
		<a id="21" s="C" t="C.ar" l="C"/>
		<a id="22" s="C" t="C.ar" l="C"/>
		<a id="23" s="N" t="N.ar" l="N"/>
		<a id="24" s="C" t="C.ar" l="C"/>
		<a id="25" s="Br" t="Br" l="BR"/>
		<a id="26" s="C" t="C.ar" l="C"/>
		<a id="27" s="C" t="C.ar" l="C"/>
		<a id="28" s="H" t="H" l="H"/>
		<a id="29" s="H" t="H" l="H"/>
		<a id="30" s="H" t="H" l="H"/>
		<a id="31" s="H" t="H" l="H"/>
		<a id="32" s="H" t="H" l="H"/>
		<a id="33" s="H" t="H" l="H"/>
		<a id="34" s="H" t="H" l="H"/>
		<a id="35" s="H" t="H" l="H"/>
		<a id="36" s="H" t="H" l="H"/>
		<a id="37" s="H" t="H" l="H"/>
		<a id="38" s="H" t="H" l="H"/>
		<a id="39" s="H" t="H" l="H"/>
		<a id="40" s="H" t="H" l="H"/>
		<a id="41" s="H" t="H" l="H"/>
		<a id="42" s="H" t="H" l="H"/>
		<a id="43" s="H" t="H" l="H"/>
		<a id="44" s="H" t="H" l="H"/>
		<a id="45" s="H" t="H" l="H"/>
		<a id="46" s="H" t="H" l="H"/>
	</atoms>
	<bonds>
		<b id="1" c="1 2" t="1"/>
		<b id="2" c="2 3" t="1"/>
		<b id="3" c="2 4" t="1"/>
		<b id="4" c="4 5" t="ar"/>
		<b id="5" c="5 6" t="ar"/>
		<b id="6" c="6 7" t="1"/>
		<b id="7" c="7 8" t="2"/>
		<b id="8" c="8 9" t="1"/>
		<b id="9" c="9 10" t="ar"/>
		<b id="10" c="10 11" t="ar"/>
		<b id="11" c="11 12" t="ar"/>
		<b id="12" c="12 13" t="ar"/>
		<b id="13" c="13 14" t="ar"/>
		<b id="14" c="9 14" t="ar"/>
		<b id="15" c="8 15" t="1"/>
		<b id="16" c="15 16" t="ar"/>
		<b id="17" c="16 17" t="ar"/>
		<b id="18" c="17 18" t="ar"/>
		<b id="19" c="18 19" t="ar"/>
		<b id="20" c="19 20" t="ar"/>
		<b id="21" c="15 20" t="ar"/>
		<b id="22" c="6 21" t="ar"/>
		<b id="23" c="21 22" t="ar"/>
		<b id="24" c="22 23" t="ar"/>
		<b id="25" c="23 24" t="ar"/>
		<b id="26" c="24 25" t="1"/>
		<b id="27" c="24 26" t="ar"/>
		<b id="28" c="26 27" t="ar"/>
		<b id="29" c="21 27" t="ar"/>
		<b id="30" c="4 27" t="ar"/>
		<b id="31" c="1 28" t="1"/>
		<b id="32" c="1 29" t="1"/>
		<b id="33" c="1 30" t="1"/>
		<b id="34" c="2 31" t="1"/>
		<b id="35" c="3 32" t="1"/>
		<b id="36" c="3 33" t="1"/>
		<b id="37" c="3 34" t="1"/>
		<b id="38" c="10 35" t="1"/>
		<b id="39" c="11 36" t="1"/>
		<b id="40" c="12 37" t="1"/>
		<b id="41" c="13 38" t="1"/>
		<b id="42" c="14 39" t="1"/>
		<b id="43" c="16 40" t="1"/>
		<b id="44" c="17 41" t="1"/>
		<b id="45" c="18 42" t="1"/>
		<b id="46" c="19 43" t="1"/>
		<b id="47" c="20 44" t="1"/>
		<b id="48" c="22 45" t="1"/>
		<b id="49" c="26 46" t="1"/>
	</bonds>
	<geometry>
		<g u="A" t="cart/3d">#46,3:0.4662,-0.3135,1.4522;1.8673,-0.5318,0.8907;2.0345,0.1525,-0.4668;2.8420,0.0030,1.8148;2.6692,1.2321,2.3253;3.7150,1.5221,3.0763;3.8506,2.6452,3.8271;3.3734,3.7803,3.4700;2.7578,4.0085,2.1422;1.4187,4.3707,2.0456;0.8276,4.5185,0.8039;1.5686,4.3174,-0.3487;2.9064,3.9681,-0.2574;3.4985,3.8096,0.9816;3.4610,4.8981,4.4062;3.2312,6.2092,3.9860;3.3154,7.2535,4.8871;3.6278,7.0071,6.2144;3.8651,5.7084,6.6395;3.7851,4.6613,5.7441;4.6393,0.4275,3.0598;5.8796,0.1270,3.6108;6.4750,-1.0157,3.3523;5.8819,-1.8878,2.5497;6.8672,-3.4916,2.2606;4.6622,-1.7355,1.9281;4.0232,-0.5257,2.2010;-0.2760,-0.7104,0.7656;0.2961,0.7510,1.5909;0.3586,-0.8113,2.4132;2.0709,-1.6042,0.7954;1.8724,1.2225,-0.3558;1.3162,-0.2446,-1.1785;3.0378,-0.0103,-0.8553;0.8419,4.5192,2.9471;-0.2154,4.7918,0.7353;1.1051,4.4320,-1.3176;3.4885,3.8145,-1.1547;4.5413,3.5334,1.0572;2.9967,6.4080,2.9503;3.1374,8.2653,4.5533;3.6889,7.8260,6.9159;4.1122,5.5165,7.6733;3.9659,3.6446,6.0558;6.3997,0.8081,4.2687;4.2529,-2.4964,1.2839;</g>
	</geometry>
	<conformers/>
	<properties/>
</molecule>
