<?xml version="1.0" ?>
<!--MOLLI PACKAGE EXPERIMENTAL XML FORMAT-->
<molecule name="el602">
	<atoms>
		<a id="1" s="C" t="C.3" l="C"/>
		<a id="2" s="O" t="O.3" l="O"/>
		<a id="3" s="C" t="C.ar" l="C"/>
		<a id="4" s="C" t="C.ar" l="C"/>
		<a id="5" s="C" t="C.ar" l="C"/>
		<a id="6" s="F" t="F" l="F"/>
		<a id="7" s="C" t="C.ar" l="C"/>
		<a id="8" s="N" t="N.pl3" l="N"/>
		<a id="9" s="O" t="O.2" l="O"/>
		<a id="10" s="O" t="O.co2" l="O"/>
		<a id="11" s="C" t="C.ar" l="C"/>
		<a id="12" s="C" t="C.ar" l="C"/>
		<a id="13" s="N" t="N.pl3" l="N"/>
		<a id="14" s="C" t="C.ar" l="C"/>
		<a id="15" s="N" t="N.ar" l="N"/>
		<a id="16" s="N" t="N.ar" l="N"/>
		<a id="17" s="C" t="C.3" l="C"/>
		<a id="18" s="C" t="C.3" l="C"/>
		<a id="19" s="C" t="C.3" l="C"/>
		<a id="20" s="C" t="C.3" l="C"/>
		<a id="21" s="C" t="C.3" l="C"/>
		<a id="22" s="O" t="O.3" l="O"/>
		<a id="23" s="C" t="C.ar" l="C"/>
		<a id="24" s="C" t="C.ar" l="C"/>
		<a id="25" s="C" t="C.ar" l="C"/>
		<a id="26" s="Br" t="Br" l="BR"/>
		<a id="27" s="C" t="C.ar" l="C"/>
		<a id="28" s="C" t="C.ar" l="C"/>
		<a id="29" s="C" t="C.ar" l="C"/>
		<a id="30" s="H" t="H" l="H"/>
		<a id="31" s="H" t="H" l="H"/>
		<a id="32" s="H" t="H" l="H"/>
		<a id="33" s="H" t="H" l="H"/>
		<a id="34" s="H" t="H" l="H"/>
		<a id="35" s="H" t="H" l="H"/>
		<a id="36" s="H" t="H" l="H"/>
		<a id="37" s="H" t="H" l="H"/>
		<a id="38" s="H" t="H" l="H"/>
		<a id="39" s="H" t="H" l="H"/>
		<a id="40" s="H" t="H" l="H"/>
		<a id="41" s="H" t="H" l="H"/>
		<a id="42" s="H" t="H" l="H"/>
		<a id="43" s="H" t="H" l="H"/>
		<a id="44" s="H" t="H" l="H"/>
		<a id="45" s="H" t="H" l="H"/>
		<a id="46" s="H" t="H" l="H"/>
		<a id="47" s="H" t="H" l="H"/>
	</atoms>
	<bonds>
		<b id="1" c="1 2" t="1"/>
		<b id="2" c="2 3" t="1"/>
		<b id="3" c="3 4" t="ar"/>
		<b id="4" c="4 5" t="ar"/>
		<b id="5" c="5 6" t="1"/>
		<b id="6" c="5 7" t="ar"/>
		<b id="7" c="7 8" t="1"/>
		<b id="8" c="8 9" t="2"/>
		<b id="9" c="8 10" t="1"/>
		<b id="10" c="7 11" t="ar"/>
		<b id="11" c="11 12" t="ar"/>
		<b id="12" c="3 12" t="ar"/>
		<b id="13" c="12 13" t="1"/>
		<b id="14" c="13 14" t="1"/>
		<b id="15" c="14 15" t="ar"/>
		<b id="16" c="15 16" t="ar"/>
		<b id="17" c="16 17" t="1"/>
		<b id="18" c="17 18" t="1"/>
		<b id="19" c="18 19" t="1"/>
		<b id="20" c="19 20" t="1"/>
		<b id="21" c="20 21" t="1"/>
		<b id="22" c="21 22" t="1"/>
		<b id="23" c="17 22" t="1"/>
		<b id="24" c="16 23" t="ar"/>
		<b id="25" c="23 24" t="ar"/>
		<b id="26" c="24 25" t="ar"/>
		<b id="27" c="25 26" t="1"/>
		<b id="28" c="25 27" t="ar"/>
		<b id="29" c="27 28" t="ar"/>
		<b id="30" c="28 29" t="ar"/>
		<b id="31" c="14 29" t="ar"/>
		<b id="32" c="23 29" t="ar"/>
		<b id="33" c="1 30" t="1"/>
		<b id="34" c="1 31" t="1"/>
		<b id="35" c="1 32" t="1"/>
		<b id="36" c="4 33" t="1"/>
		<b id="37" c="11 34" t="1"/>
		<b id="38" c="13 35" t="1"/>
		<b id="39" c="17 36" t="1"/>
		<b id="40" c="18 37" t="1"/>
		<b id="41" c="18 38" t="1"/>
		<b id="42" c="19 39" t="1"/>
		<b id="43" c="19 40" t="1"/>
		<b id="44" c="20 41" t="1"/>
		<b id="45" c="20 42" t="1"/>
		<b id="46" c="21 43" t="1"/>
		<b id="47" c="21 44" t="1"/>
		<b id="48" c="24 45" t="1"/>
		<b id="49" c="27 46" t="1"/>
		<b id="50" c="28 47" t="1"/>
	</bonds>
	<geometry>
		<g u="A" t="cart/3d">#47,3:6.0141,3.5738,3.8269;5.6041,3.1921,2.5313;6.5352,2.7137,1.6674;7.8829,2.5830,1.9507;8.7580,2.0829,0.9952;10.0445,1.9781,1.3422;8.2918,1.6981,-0.2580;9.1506,1.1743,-1.2854;10.3457,1.1748,-1.0962;8.6160,0.7627,-2.2960;6.9318,1.8245,-0.5425;6.0449,2.3292,0.3910;4.7024,2.4824,0.1501;4.0141,2.1853,-0.9960;4.5545,1.6980,-2.0920;3.5716,1.5366,-3.0032;3.8176,0.9958,-4.3288;5.3022,0.6799,-4.5231;6.1176,1.9594,-4.6941;5.4941,2.8049,-5.8008;4.0320,3.0653,-5.4528;3.3017,1.8568,-5.3067;2.3745,1.9247,-2.4997;1.1016,1.9415,-3.0674;0.0878,2.4047,-2.2632;-1.6846,2.4582,-2.9606;0.2892,2.8438,-0.9468;1.5465,2.8288,-0.3934;2.6060,2.3650,-1.1724;5.1095,3.9026,4.3355;6.7306,4.3987,3.7904;6.4499,2.7307,4.3698;8.2941,2.8611,2.9067;6.5668,1.5213,-1.5105;4.1605,2.8542,0.9159;3.2169,0.0786,-4.4325;5.3914,0.0681,-5.4221;5.6639,0.1081,-3.6706;7.1500,1.7030,-4.9296;6.1142,2.5202,-3.7587;5.5449,2.2700,-6.7511;6.0167,3.7555,-5.9080;3.5182,3.6075,-6.2488;3.9680,3.6535,-4.5256;0.9336,1.6205,-4.0821;-0.5565,3.1946,-0.3766;1.7031,3.1689,0.6193;</g>
	</geometry>
	<conformers/>
	<properties/>
</molecule>
