<?xml version="1.0" ?>
<!--MOLLI PACKAGE EXPERIMENTAL XML FORMAT-->
<molecule name="el803">
	<atoms>
		<a id="1" s="C" t="C.3" l="C"/>
		<a id="2" s="N" t="N.3" l="N"/>
		<a id="3" s="C" t="C.3" l="C"/>
		<a id="4" s="C" t="C.3" l="C"/>
		<a id="5" s="N" t="N.pl3" l="N"/>
		<a id="6" s="C" t="C.ar" l="C"/>
		<a id="7" s="C" t="C.ar" l="C"/>
		<a id="8" s="C" t="C.ar" l="C"/>
		<a id="9" s="C" t="C.ar" l="C"/>
		<a id="10" s="Br" t="Br" l="BR"/>
		<a id="11" s="N" t="N.ar" l="N"/>
		<a id="12" s="C" t="C.ar" l="C"/>
		<a id="13" s="C" t="C.3" l="C"/>
		<a id="14" s="C" t="C.3" l="C"/>
		<a id="15" s="H" t="H" l="H"/>
		<a id="16" s="H" t="H" l="H"/>
		<a id="17" s="H" t="H" l="H"/>
		<a id="18" s="H" t="H" l="H"/>
		<a id="19" s="H" t="H" l="H"/>
		<a id="20" s="H" t="H" l="H"/>
		<a id="21" s="H" t="H" l="H"/>
		<a id="22" s="H" t="H" l="H"/>
		<a id="23" s="H" t="H" l="H"/>
		<a id="24" s="H" t="H" l="H"/>
		<a id="25" s="H" t="H" l="H"/>
		<a id="26" s="H" t="H" l="H"/>
		<a id="27" s="H" t="H" l="H"/>
		<a id="28" s="H" t="H" l="H"/>
	</atoms>
	<bonds>
		<b id="1" c="1 2" t="1"/>
		<b id="2" c="2 3" t="1"/>
		<b id="3" c="3 4" t="1"/>
		<b id="4" c="4 5" t="1"/>
		<b id="5" c="5 6" t="1"/>
		<b id="6" c="6 7" t="ar"/>
		<b id="7" c="7 8" t="ar"/>
		<b id="8" c="8 9" t="ar"/>
		<b id="9" c="9 10" t="1"/>
		<b id="10" c="9 11" t="ar"/>
		<b id="11" c="11 12" t="ar"/>
		<b id="12" c="6 12" t="ar"/>
		<b id="13" c="5 13" t="1"/>
		<b id="14" c="13 14" t="1"/>
		<b id="15" c="2 14" t="1"/>
		<b id="16" c="1 15" t="1"/>
		<b id="17" c="1 16" t="1"/>
		<b id="18" c="1 17" t="1"/>
		<b id="19" c="3 18" t="1"/>
		<b id="20" c="3 19" t="1"/>
		<b id="21" c="4 20" t="1"/>
		<b id="22" c="4 21" t="1"/>
		<b id="23" c="7 22" t="1"/>
		<b id="24" c="8 23" t="1"/>
		<b id="25" c="12 24" t="1"/>
		<b id="26" c="13 25" t="1"/>
		<b id="27" c="13 26" t="1"/>
		<b id="28" c="14 27" t="1"/>
		<b id="29" c="14 28" t="1"/>
	</bonds>
	<geometry>
		<g u="A" t="cart/3d">#28,3:2.4322,-0.0467,-0.0722;1.0017,0.0201,-0.2706;0.3330,-1.1839,0.1806;-1.1547,-1.1329,-0.1713;-1.7492,0.0385,0.4329;-3.0611,0.0550,0.8328;-3.5765,1.1056,1.6140;-4.8831,1.0757,2.0522;-5.6543,-0.0196,1.6937;-7.4731,-0.1306,2.2389;-5.2040,-1.0199,0.9761;-3.9566,-0.9941,0.5571;-1.0683,1.2455,0.0123;0.4092,1.1690,0.3853;2.8277,-0.8965,-0.6261;2.7118,-0.1560,0.9872;2.8866,0.8635,-0.4603;0.4382,-1.3174,1.2735;0.7867,-2.0440,-0.3165;-1.6284,-2.0323,0.2205;-1.2649,-1.1102,-1.2651;-2.9514,1.9393,1.8969;-5.2935,1.8706,2.6551;-3.6733,-1.8481,-0.0399;-1.5213,2.1230,0.4687;-1.1425,1.3436,-1.0815;0.5090,1.1078,1.4847;0.9175,2.0719,0.0400;</g>
	</geometry>
	<conformers/>
	<properties/>
</molecule>
