<?xml version="1.0" ?>
<!--MOLLI PACKAGE EXPERIMENTAL XML FORMAT-->
<molecule name="el807">
	<atoms>
		<a id="1" s="C" t="C.3" l="C"/>
		<a id="2" s="N" t="N.ar" l="N"/>
		<a id="3" s="C" t="C.ar" l="C"/>
		<a id="4" s="C" t="C.ar" l="C"/>
		<a id="5" s="C" t="C.ar" l="C"/>
		<a id="6" s="C" t="C.ar" l="C"/>
		<a id="7" s="C" t="C.ar" l="C"/>
		<a id="8" s="C" t="C.ar" l="C"/>
		<a id="9" s="O" t="O.2" l="O"/>
		<a id="10" s="N" t="N.ar" l="N"/>
		<a id="11" s="C" t="C.3" l="C"/>
		<a id="12" s="C" t="C.3" l="C"/>
		<a id="13" s="O" t="O.3" l="O"/>
		<a id="14" s="C" t="C.ar" l="C"/>
		<a id="15" s="C" t="C.ar" l="C"/>
		<a id="16" s="C" t="C.ar" l="C"/>
		<a id="17" s="N" t="N.ar" l="N"/>
		<a id="18" s="C" t="C.ar" l="C"/>
		<a id="19" s="C" t="C.ar" l="C"/>
		<a id="20" s="C" t="C.ar" l="C"/>
		<a id="21" s="Br" t="Br" l="BR"/>
		<a id="22" s="C" t="C.ar" l="C"/>
		<a id="23" s="C" t="C.ar" l="C"/>
		<a id="24" s="C" t="C.ar" l="C"/>
		<a id="25" s="N" t="N.ar" l="N"/>
		<a id="26" s="C" t="C.ar" l="C"/>
		<a id="27" s="N" t="N.ar" l="N"/>
		<a id="28" s="H" t="H" l="H"/>
		<a id="29" s="H" t="H" l="H"/>
		<a id="30" s="H" t="H" l="H"/>
		<a id="31" s="H" t="H" l="H"/>
		<a id="32" s="H" t="H" l="H"/>
		<a id="33" s="H" t="H" l="H"/>
		<a id="34" s="H" t="H" l="H"/>
		<a id="35" s="H" t="H" l="H"/>
		<a id="36" s="H" t="H" l="H"/>
		<a id="37" s="H" t="H" l="H"/>
		<a id="38" s="H" t="H" l="H"/>
		<a id="39" s="H" t="H" l="H"/>
		<a id="40" s="H" t="H" l="H"/>
		<a id="41" s="H" t="H" l="H"/>
		<a id="42" s="H" t="H" l="H"/>
		<a id="43" s="H" t="H" l="H"/>
	</atoms>
	<bonds>
		<b id="1" c="1 2" t="1"/>
		<b id="2" c="2 3" t="ar"/>
		<b id="3" c="3 4" t="ar"/>
		<b id="4" c="4 5" t="1"/>
		<b id="5" c="5 6" t="ar"/>
		<b id="6" c="6 7" t="ar"/>
		<b id="7" c="7 8" t="ar"/>
		<b id="8" c="8 9" t="2"/>
		<b id="9" c="8 10" t="ar"/>
		<b id="10" c="10 11" t="1"/>
		<b id="11" c="11 12" t="1"/>
		<b id="12" c="12 13" t="1"/>
		<b id="13" c="13 14" t="1"/>
		<b id="14" c="14 15" t="ar"/>
		<b id="15" c="15 16" t="ar"/>
		<b id="16" c="16 17" t="ar"/>
		<b id="17" c="17 18" t="ar"/>
		<b id="18" c="18 19" t="ar"/>
		<b id="19" c="19 20" t="ar"/>
		<b id="20" c="20 21" t="1"/>
		<b id="21" c="20 22" t="ar"/>
		<b id="22" c="22 23" t="ar"/>
		<b id="23" c="23 24" t="ar"/>
		<b id="24" c="14 24" t="ar"/>
		<b id="25" c="18 24" t="ar"/>
		<b id="26" c="10 25" t="ar"/>
		<b id="27" c="5 25" t="ar"/>
		<b id="28" c="4 26" t="ar"/>
		<b id="29" c="26 27" t="ar"/>
		<b id="30" c="2 27" t="ar"/>
		<b id="31" c="1 28" t="1"/>
		<b id="32" c="1 29" t="1"/>
		<b id="33" c="1 30" t="1"/>
		<b id="34" c="3 31" t="1"/>
		<b id="35" c="6 32" t="1"/>
		<b id="36" c="7 33" t="1"/>
		<b id="37" c="11 34" t="1"/>
		<b id="38" c="11 35" t="1"/>
		<b id="39" c="12 36" t="1"/>
		<b id="40" c="12 37" t="1"/>
		<b id="41" c="15 38" t="1"/>
		<b id="42" c="16 39" t="1"/>
		<b id="43" c="19 40" t="1"/>
		<b id="44" c="22 41" t="1"/>
		<b id="45" c="23 42" t="1"/>
		<b id="46" c="26 43" t="1"/>
	</bonds>
	<geometry>
		<g u="A" t="cart/3d">#43,3:0.5065,-4.5078,4.9293;0.9930,-4.4487,3.5816;1.5354,-3.3943,2.9501;1.8831,-3.8201,1.6762;2.5148,-3.0750,0.6091;2.7412,-1.6659,0.7059;3.3483,-1.0286,-0.3177;3.7704,-1.7529,-1.4983;4.3266,-1.2740,-2.4723;3.4834,-3.1108,-1.4473;3.8848,-3.9490,-2.5580;3.1058,-3.6060,-3.8289;3.4773,-4.5528,-4.8168;2.9295,-4.4127,-6.0266;1.9176,-3.4797,-6.4517;0.6592,-4.1883,-6.8391;1.5942,-3.8530,-7.8327;2.5047,-4.8313,-8.2501;2.6509,-5.4083,-9.4851;3.6416,-6.3825,-9.6110;3.8585,-7.2469,-11.2904;4.4732,-6.7435,-8.5593;4.3258,-6.1528,-7.3169;3.3200,-5.2042,-7.1483;2.8840,-3.7383,-0.4511;1.4926,-5.1779,1.6578;0.9621,-5.5292,2.8068;-0.1826,-3.6834,5.1253;1.3336,-4.4563,5.6429;-0.0126,-5.4572,5.0509;1.6376,-2.4468,3.4392;2.4225,-1.1335,1.5886;3.5474,0.0321,-0.3087;3.7026,-4.9852,-2.2709;4.9503,-3.7939,-2.7502;3.3665,-2.5912,-4.1499;2.0238,-3.6622,-3.6484;1.8628,-2.4479,-6.1367;0.4762,-5.2470,-6.6781;2.0278,-5.1246,-10.3182;5.2405,-7.4863,-8.7176;4.9915,-6.3936,-6.5028;1.5831,-5.8732,0.8497;</g>
	</geometry>
	<conformers/>
	<properties/>
</molecule>
