<?xml version="1.0" ?>
<!--MOLLI PACKAGE EXPERIMENTAL XML FORMAT-->
<molecule name="el621">
	<atoms>
		<a id="1" s="C" t="C.3" l="C"/>
		<a id="2" s="C" t="C.3" l="C"/>
		<a id="3" s="O" t="O.3" l="O"/>
		<a id="4" s="C" t="C.2" l="C"/>
		<a id="5" s="O" t="O.2" l="O"/>
		<a id="6" s="C" t="C.ar" l="C"/>
		<a id="7" s="C" t="C.ar" l="C"/>
		<a id="8" s="C" t="C.ar" l="C"/>
		<a id="9" s="C" t="C.ar" l="C"/>
		<a id="10" s="Br" t="Br" l="BR"/>
		<a id="11" s="C" t="C.ar" l="C"/>
		<a id="12" s="C" t="C.ar" l="C"/>
		<a id="13" s="C" t="C.ar" l="C"/>
		<a id="14" s="C" t="C.ar" l="C"/>
		<a id="15" s="N" t="N.ar" l="N"/>
		<a id="16" s="H" t="H" l="H"/>
		<a id="17" s="H" t="H" l="H"/>
		<a id="18" s="H" t="H" l="H"/>
		<a id="19" s="H" t="H" l="H"/>
		<a id="20" s="H" t="H" l="H"/>
		<a id="21" s="H" t="H" l="H"/>
		<a id="22" s="H" t="H" l="H"/>
		<a id="23" s="H" t="H" l="H"/>
		<a id="24" s="H" t="H" l="H"/>
		<a id="25" s="H" t="H" l="H"/>
	</atoms>
	<bonds>
		<b id="1" c="1 2" t="1"/>
		<b id="2" c="2 3" t="1"/>
		<b id="3" c="3 4" t="1"/>
		<b id="4" c="4 5" t="2"/>
		<b id="5" c="4 6" t="1"/>
		<b id="6" c="6 7" t="ar"/>
		<b id="7" c="7 8" t="ar"/>
		<b id="8" c="8 9" t="ar"/>
		<b id="9" c="9 10" t="1"/>
		<b id="10" c="9 11" t="ar"/>
		<b id="11" c="11 12" t="ar"/>
		<b id="12" c="12 13" t="ar"/>
		<b id="13" c="13 14" t="ar"/>
		<b id="14" c="8 14" t="ar"/>
		<b id="15" c="14 15" t="ar"/>
		<b id="16" c="6 15" t="ar"/>
		<b id="17" c="1 16" t="1"/>
		<b id="18" c="1 17" t="1"/>
		<b id="19" c="1 18" t="1"/>
		<b id="20" c="2 19" t="1"/>
		<b id="21" c="2 20" t="1"/>
		<b id="22" c="7 21" t="1"/>
		<b id="23" c="11 22" t="1"/>
		<b id="24" c="12 23" t="1"/>
		<b id="25" c="13 24" t="1"/>
		<b id="26" c="15 25" t="1"/>
	</bonds>
	<geometry>
		<g u="A" t="cart/3d">#25,3:1.5831,-0.3906,-1.3308;2.4088,0.3949,-0.3218;3.0928,1.4842,-0.9432;4.2481,1.2028,-1.5495;4.7631,0.1066,-1.5838;4.8498,2.3828,-2.1715;4.4195,3.6854,-2.2555;5.4076,4.3904,-2.9800;5.5582,5.7172,-3.3930;4.2132,6.9907,-2.9634;6.6711,6.0929,-4.1056;7.6596,5.1535,-4.4222;7.5569,3.8358,-4.0381;6.4278,3.4575,-3.3165;6.0570,2.2548,-2.8129;1.0296,-1.1720,-0.8181;2.2367,-0.8491,-2.0691;0.8830,0.2688,-1.8385;3.1448,-0.2596,0.1571;1.7721,0.8579,0.4347;3.5117,4.0828,-1.8489;6.7872,7.1170,-4.4245;8.5212,5.4827,-4.9823;8.3229,3.1175,-4.2853;6.5568,1.3821,-2.8730;</g>
	</geometry>
	<conformers/>
	<properties/>
</molecule>
