<?xml version="1.0" ?>
<!--MOLLI PACKAGE EXPERIMENTAL XML FORMAT-->
<molecule name="el810">
	<atoms>
		<a id="1" s="C" t="C.3" l="C"/>
		<a id="2" s="C" t="C.3" l="C"/>
		<a id="3" s="C" t="C.ar" l="C"/>
		<a id="4" s="C" t="C.ar" l="C"/>
		<a id="5" s="C" t="C.ar" l="C"/>
		<a id="6" s="C" t="C.ar" l="C"/>
		<a id="7" s="C" t="C.ar" l="C"/>
		<a id="8" s="Br" t="Br" l="BR"/>
		<a id="9" s="C" t="C.ar" l="C"/>
		<a id="10" s="N" t="N.am" l="N"/>
		<a id="11" s="C" t="C.2" l="C"/>
		<a id="12" s="O" t="O.2" l="O"/>
		<a id="13" s="N" t="N.am" l="N"/>
		<a id="14" s="C" t="C.3" l="C"/>
		<a id="15" s="C" t="C.2" l="C"/>
		<a id="16" s="O" t="O.2" l="O"/>
		<a id="17" s="C" t="C.ar" l="C"/>
		<a id="18" s="C" t="C.ar" l="C"/>
		<a id="19" s="C" t="C.ar" l="C"/>
		<a id="20" s="C" t="C.ar" l="C"/>
		<a id="21" s="F" t="F" l="F"/>
		<a id="22" s="C" t="C.ar" l="C"/>
		<a id="23" s="C" t="C.ar" l="C"/>
		<a id="24" s="F" t="F" l="F"/>
		<a id="25" s="C" t="C.2" l="C"/>
		<a id="26" s="O" t="O.2" l="O"/>
		<a id="27" s="H" t="H" l="H"/>
		<a id="28" s="H" t="H" l="H"/>
		<a id="29" s="H" t="H" l="H"/>
		<a id="30" s="H" t="H" l="H"/>
		<a id="31" s="H" t="H" l="H"/>
		<a id="32" s="H" t="H" l="H"/>
		<a id="33" s="H" t="H" l="H"/>
		<a id="34" s="H" t="H" l="H"/>
		<a id="35" s="H" t="H" l="H"/>
		<a id="36" s="H" t="H" l="H"/>
		<a id="37" s="H" t="H" l="H"/>
		<a id="38" s="H" t="H" l="H"/>
		<a id="39" s="H" t="H" l="H"/>
	</atoms>
	<bonds>
		<b id="1" c="1 2" t="1"/>
		<b id="2" c="2 3" t="1"/>
		<b id="3" c="3 4" t="ar"/>
		<b id="4" c="4 5" t="ar"/>
		<b id="5" c="5 6" t="ar"/>
		<b id="6" c="6 7" t="ar"/>
		<b id="7" c="7 8" t="1"/>
		<b id="8" c="7 9" t="ar"/>
		<b id="9" c="3 9" t="ar"/>
		<b id="10" c="2 10" t="1"/>
		<b id="11" c="10 11" t="am"/>
		<b id="12" c="11 12" t="2"/>
		<b id="13" c="11 13" t="am"/>
		<b id="14" c="13 14" t="1"/>
		<b id="15" c="14 15" t="1"/>
		<b id="16" c="15 16" t="2"/>
		<b id="17" c="15 17" t="1"/>
		<b id="18" c="17 18" t="ar"/>
		<b id="19" c="18 19" t="ar"/>
		<b id="20" c="19 20" t="ar"/>
		<b id="21" c="20 21" t="1"/>
		<b id="22" c="20 22" t="ar"/>
		<b id="23" c="22 23" t="ar"/>
		<b id="24" c="17 23" t="ar"/>
		<b id="25" c="23 24" t="1"/>
		<b id="26" c="13 25" t="am"/>
		<b id="27" c="2 25" t="1"/>
		<b id="28" c="25 26" t="2"/>
		<b id="29" c="1 27" t="1"/>
		<b id="30" c="1 28" t="1"/>
		<b id="31" c="1 29" t="1"/>
		<b id="32" c="4 30" t="1"/>
		<b id="33" c="5 31" t="1"/>
		<b id="34" c="6 32" t="1"/>
		<b id="35" c="9 33" t="1"/>
		<b id="36" c="10 34" t="1"/>
		<b id="37" c="14 35" t="1"/>
		<b id="38" c="14 36" t="1"/>
		<b id="39" c="18 37" t="1"/>
		<b id="40" c="19 38" t="1"/>
		<b id="41" c="22 39" t="1"/>
	</bonds>
	<geometry>
		<g u="A" t="cart/3d">#39,3:1.7717,0.8423,0.4278;3.0537,0.3058,-0.2209;2.8983,0.1252,-1.7167;2.5629,1.2177,-2.5096;2.4247,1.0714,-3.8780;2.6159,-0.1612,-4.4782;2.9612,-1.2380,-3.6819;3.2446,-2.9440,-4.4838;3.1098,-1.1104,-2.3121;3.5189,-0.8855,0.4509;4.6763,-0.7018,1.1270;5.2605,-1.4718,1.8394;5.1213,0.5894,0.7966;6.2221,1.2098,1.4833;5.6915,1.9367,2.7122;4.5147,1.9076,2.9841;6.6619,2.6799,3.5555;6.1403,3.4021,4.6345;6.9450,4.1263,5.4870;8.3126,4.1288,5.2616;9.1131,4.8240,6.0787;8.8789,3.4301,4.2103;8.0450,2.7161,3.3696;8.6279,2.0506,2.3594;4.2106,1.2808,0.0565;4.3107,2.4196,-0.3169;0.9416,0.1679,0.2283;1.5358,1.8249,0.0316;1.9180,0.9295,1.5026;2.4368,2.1880,-2.0584;2.1667,1.9247,-4.4861;2.5064,-0.2832,-5.5443;3.3954,-1.9668,-1.7212;2.9191,-1.6706,0.6429;6.7162,1.9149,0.8101;6.9211,0.4233,1.7808;5.0709,3.3740,4.7791;6.5353,4.6819,6.3148;9.9443,3.4381,4.0456;</g>
	</geometry>
	<conformers/>
	<properties/>
</molecule>
