<?xml version="1.0" ?>
<!--MOLLI PACKAGE EXPERIMENTAL XML FORMAT-->
<molecule name="el812">
	<atoms>
		<a id="1" s="F" t="F" l="F"/>
		<a id="2" s="C" t="C.ar" l="C"/>
		<a id="3" s="C" t="C.ar" l="C"/>
		<a id="4" s="C" t="C.ar" l="C"/>
		<a id="5" s="C" t="C.ar" l="C"/>
		<a id="6" s="C" t="C.ar" l="C"/>
		<a id="7" s="C" t="C.ar" l="C"/>
		<a id="8" s="N" t="N.ar" l="N"/>
		<a id="9" s="C" t="C.ar" l="C"/>
		<a id="10" s="C" t="C.ar" l="C"/>
		<a id="11" s="C" t="C.ar" l="C"/>
		<a id="12" s="C" t="C.ar" l="C"/>
		<a id="13" s="Br" t="Br" l="BR"/>
		<a id="14" s="C" t="C.ar" l="C"/>
		<a id="15" s="N" t="N.ar" l="N"/>
		<a id="16" s="C" t="C.ar" l="C"/>
		<a id="17" s="C" t="C.ar" l="C"/>
		<a id="18" s="H" t="H" l="H"/>
		<a id="19" s="H" t="H" l="H"/>
		<a id="20" s="H" t="H" l="H"/>
		<a id="21" s="H" t="H" l="H"/>
		<a id="22" s="H" t="H" l="H"/>
		<a id="23" s="H" t="H" l="H"/>
		<a id="24" s="H" t="H" l="H"/>
		<a id="25" s="H" t="H" l="H"/>
	</atoms>
	<bonds>
		<b id="1" c="1 2" t="1"/>
		<b id="2" c="2 3" t="ar"/>
		<b id="3" c="3 4" t="ar"/>
		<b id="4" c="4 5" t="ar"/>
		<b id="5" c="5 6" t="1"/>
		<b id="6" c="6 7" t="ar"/>
		<b id="7" c="7 8" t="ar"/>
		<b id="8" c="8 9" t="ar"/>
		<b id="9" c="9 10" t="ar"/>
		<b id="10" c="10 11" t="ar"/>
		<b id="11" c="11 12" t="ar"/>
		<b id="12" c="12 13" t="1"/>
		<b id="13" c="12 14" t="ar"/>
		<b id="14" c="8 14" t="ar"/>
		<b id="15" c="14 15" t="ar"/>
		<b id="16" c="6 15" t="ar"/>
		<b id="17" c="5 16" t="ar"/>
		<b id="18" c="16 17" t="ar"/>
		<b id="19" c="2 17" t="ar"/>
		<b id="20" c="3 18" t="1"/>
		<b id="21" c="4 19" t="1"/>
		<b id="22" c="7 20" t="1"/>
		<b id="23" c="9 21" t="1"/>
		<b id="24" c="10 22" t="1"/>
		<b id="25" c="11 23" t="1"/>
		<b id="26" c="16 24" t="1"/>
		<b id="27" c="17 25" t="1"/>
	</bonds>
	<geometry>
		<g u="A" t="cart/3d">#25,3:2.0703,0.0374,-0.2134;0.7236,0.0247,-0.1232;-0.0302,0.3392,-1.2404;-1.4063,0.3210,-1.1376;-2.0263,-0.0107,0.0679;-3.4772,-0.0296,0.1306;-4.3037,-0.4488,1.1620;-5.5783,-0.2804,0.7284;-6.7738,-0.5293,1.3148;-7.9219,-0.2606,0.6343;-7.8795,0.2739,-0.6698;-6.6702,0.5216,-1.2584;-6.5390,1.2346,-3.0008;-5.4801,0.2443,-0.5654;-4.2255,0.3906,-0.9205;-1.2405,-0.3186,1.1780;0.1377,-0.3017,1.0872;0.4624,0.5915,-2.1661;-2.0285,0.5623,-1.9844;-4.0846,-0.8473,2.1305;-6.7560,-0.9376,2.3134;-8.8758,-0.4570,1.0944;-8.7958,0.4837,-1.1970;-1.7055,-0.5679,2.1190;0.7599,-0.5359,1.9367;</g>
	</geometry>
	<conformers/>
	<properties/>
</molecule>
