<?xml version="1.0" ?>
<!--MOLLI PACKAGE EXPERIMENTAL XML FORMAT-->
<molecule name="el813">
	<atoms>
		<a id="1" s="O" t="O.2" l="O"/>
		<a id="2" s="S" t="S.O2" l="S"/>
		<a id="3" s="O" t="O.2" l="O"/>
		<a id="4" s="O" t="O.3" l="O"/>
		<a id="5" s="C" t="C.ar" l="C"/>
		<a id="6" s="C" t="C.ar" l="C"/>
		<a id="7" s="C" t="C.ar" l="C"/>
		<a id="8" s="C" t="C.ar" l="C"/>
		<a id="9" s="C" t="C.ar" l="C"/>
		<a id="10" s="C" t="C.ar" l="C"/>
		<a id="11" s="Br" t="Br" l="BR"/>
		<a id="12" s="C" t="C.ar" l="C"/>
		<a id="13" s="C" t="C.ar" l="C"/>
		<a id="14" s="C" t="C.ar" l="C"/>
		<a id="15" s="C" t="C.ar" l="C"/>
		<a id="16" s="C" t="C.3" l="C"/>
		<a id="17" s="F" t="F" l="F"/>
		<a id="18" s="F" t="F" l="F"/>
		<a id="19" s="F" t="F" l="F"/>
		<a id="20" s="H" t="H" l="H"/>
		<a id="21" s="H" t="H" l="H"/>
		<a id="22" s="H" t="H" l="H"/>
		<a id="23" s="H" t="H" l="H"/>
		<a id="24" s="H" t="H" l="H"/>
		<a id="25" s="H" t="H" l="H"/>
	</atoms>
	<bonds>
		<b id="1" c="1 2" t="2"/>
		<b id="2" c="2 3" t="2"/>
		<b id="3" c="2 4" t="1"/>
		<b id="4" c="4 5" t="1"/>
		<b id="5" c="5 6" t="ar"/>
		<b id="6" c="6 7" t="ar"/>
		<b id="7" c="7 8" t="ar"/>
		<b id="8" c="8 9" t="ar"/>
		<b id="9" c="9 10" t="ar"/>
		<b id="10" c="10 11" t="1"/>
		<b id="11" c="10 12" t="ar"/>
		<b id="12" c="12 13" t="ar"/>
		<b id="13" c="13 14" t="ar"/>
		<b id="14" c="8 14" t="ar"/>
		<b id="15" c="14 15" t="ar"/>
		<b id="16" c="5 15" t="ar"/>
		<b id="17" c="2 16" t="1"/>
		<b id="18" c="16 17" t="1"/>
		<b id="19" c="16 18" t="1"/>
		<b id="20" c="16 19" t="1"/>
		<b id="21" c="6 20" t="1"/>
		<b id="22" c="7 21" t="1"/>
		<b id="23" c="9 22" t="1"/>
		<b id="24" c="12 23" t="1"/>
		<b id="25" c="13 24" t="1"/>
		<b id="26" c="15 25" t="1"/>
	</bonds>
	<geometry>
		<g u="A" t="cart/3d">#25,3:0.8424,0.5990,1.2498;1.8313,0.2384,0.3008;1.4497,-0.3661,-0.9238;2.8816,1.4068,0.0643;2.6353,2.3916,-0.8896;1.3189,2.6988,-1.2693;1.0969,3.6769,-2.1982;2.1711,4.3874,-2.7746;1.9626,5.4013,-3.7318;3.0338,6.0654,-4.2613;2.7524,7.4344,-5.5521;4.3503,5.7659,-3.8768;4.5726,4.7867,-2.9510;3.4984,4.0729,-2.3764;3.7071,3.0542,-1.4253;3.0808,-0.8670,1.1542;3.5776,-0.2587,2.2206;2.5072,-2.0005,1.5361;4.0730,-1.1494,0.3209;0.5066,2.1534,-0.8156;0.0893,3.9192,-2.4999;0.9560,5.6433,-4.0376;5.1700,6.3125,-4.3170;5.5802,4.5467,-2.6473;4.7080,2.7998,-1.1149;</g>
	</geometry>
	<conformers/>
	<properties/>
</molecule>
