<?xml version="1.0" ?>
<!--MOLLI PACKAGE EXPERIMENTAL XML FORMAT-->
<molecule name="el815">
	<atoms>
		<a id="1" s="C" t="C.3" l="C"/>
		<a id="2" s="C" t="C.3" l="C"/>
		<a id="3" s="O" t="O.3" l="O"/>
		<a id="4" s="C" t="C.ar" l="C"/>
		<a id="5" s="C" t="C.ar" l="C"/>
		<a id="6" s="C" t="C.ar" l="C"/>
		<a id="7" s="C" t="C.ar" l="C"/>
		<a id="8" s="N" t="N.ar" l="N"/>
		<a id="9" s="N" t="N.ar" l="N"/>
		<a id="10" s="C" t="C.ar" l="C"/>
		<a id="11" s="Br" t="Br" l="BR"/>
		<a id="12" s="N" t="N.ar" l="N"/>
		<a id="13" s="C" t="C.ar" l="C"/>
		<a id="14" s="C" t="C.3" l="C"/>
		<a id="15" s="F" t="F" l="F"/>
		<a id="16" s="F" t="F" l="F"/>
		<a id="17" s="F" t="F" l="F"/>
		<a id="18" s="H" t="H" l="H"/>
		<a id="19" s="H" t="H" l="H"/>
		<a id="20" s="H" t="H" l="H"/>
		<a id="21" s="H" t="H" l="H"/>
		<a id="22" s="H" t="H" l="H"/>
		<a id="23" s="H" t="H" l="H"/>
		<a id="24" s="H" t="H" l="H"/>
	</atoms>
	<bonds>
		<b id="1" c="1 2" t="1"/>
		<b id="2" c="2 3" t="1"/>
		<b id="3" c="3 4" t="1"/>
		<b id="4" c="4 5" t="ar"/>
		<b id="5" c="5 6" t="ar"/>
		<b id="6" c="6 7" t="ar"/>
		<b id="7" c="7 8" t="ar"/>
		<b id="8" c="8 9" t="ar"/>
		<b id="9" c="9 10" t="ar"/>
		<b id="10" c="10 11" t="1"/>
		<b id="11" c="10 12" t="ar"/>
		<b id="12" c="12 13" t="ar"/>
		<b id="13" c="4 13" t="ar"/>
		<b id="14" c="8 13" t="ar"/>
		<b id="15" c="2 14" t="1"/>
		<b id="16" c="14 15" t="1"/>
		<b id="17" c="14 16" t="1"/>
		<b id="18" c="14 17" t="1"/>
		<b id="19" c="1 18" t="1"/>
		<b id="20" c="1 19" t="1"/>
		<b id="21" c="1 20" t="1"/>
		<b id="22" c="2 21" t="1"/>
		<b id="23" c="5 22" t="1"/>
		<b id="24" c="6 23" t="1"/>
		<b id="25" c="7 24" t="1"/>
	</bonds>
	<geometry>
		<g u="A" t="cart/3d">#24,3:2.4921,-1.9755,-2.0661;1.8137,-1.7712,-0.7163;2.7650,-2.0772,0.2707;2.3816,-2.2757,1.5553;1.1130,-2.1832,2.0779;0.8815,-2.4194,3.4463;1.8984,-2.7442,4.2907;3.1399,-2.8417,3.7735;4.2594,-3.1545,4.4153;5.1750,-3.1165,3.4599;6.9532,-3.4849,3.8024;4.7285,-2.8024,2.2455;3.4272,-2.6236,2.4401;1.3056,-0.3096,-0.5599;1.5401,0.4492,-1.6327;-0.0277,-0.2799,-0.3683;1.8540,0.3148,0.4841;2.8158,-3.0089,-2.1420;3.3646,-1.3324,-2.1386;1.8060,-1.7490,-2.8765;0.9324,-2.4256,-0.6294;0.2686,-1.9173,1.4638;-0.1216,-2.3329,3.8283;1.7940,-2.9305,5.3458;</g>
	</geometry>
	<conformers/>
	<properties/>
</molecule>
