<?xml version="1.0" ?>
<!--MOLLI PACKAGE EXPERIMENTAL XML FORMAT-->
<molecule name="el816">
	<atoms>
		<a id="1" s="C" t="C.3" l="C"/>
		<a id="2" s="C" t="C.3" l="C"/>
		<a id="3" s="N" t="N.ar" l="N"/>
		<a id="4" s="C" t="C.ar" l="C"/>
		<a id="5" s="C" t="C.ar" l="C"/>
		<a id="6" s="C" t="C.ar" l="C"/>
		<a id="7" s="C" t="C.ar" l="C"/>
		<a id="8" s="C" t="C.ar" l="C"/>
		<a id="9" s="C" t="C.ar" l="C"/>
		<a id="10" s="C" t="C.ar" l="C"/>
		<a id="11" s="C" t="C.ar" l="C"/>
		<a id="12" s="C" t="C.ar" l="C"/>
		<a id="13" s="C" t="C.ar" l="C"/>
		<a id="14" s="Br" t="Br" l="BR"/>
		<a id="15" s="C" t="C.ar" l="C"/>
		<a id="16" s="C" t="C.ar" l="C"/>
		<a id="17" s="H" t="H" l="H"/>
		<a id="18" s="H" t="H" l="H"/>
		<a id="19" s="H" t="H" l="H"/>
		<a id="20" s="H" t="H" l="H"/>
		<a id="21" s="H" t="H" l="H"/>
		<a id="22" s="H" t="H" l="H"/>
		<a id="23" s="H" t="H" l="H"/>
		<a id="24" s="H" t="H" l="H"/>
		<a id="25" s="H" t="H" l="H"/>
		<a id="26" s="H" t="H" l="H"/>
		<a id="27" s="H" t="H" l="H"/>
		<a id="28" s="H" t="H" l="H"/>
	</atoms>
	<bonds>
		<b id="1" c="1 2" t="1"/>
		<b id="2" c="2 3" t="1"/>
		<b id="3" c="3 4" t="ar"/>
		<b id="4" c="4 5" t="ar"/>
		<b id="5" c="5 6" t="ar"/>
		<b id="6" c="6 7" t="ar"/>
		<b id="7" c="7 8" t="ar"/>
		<b id="8" c="8 9" t="ar"/>
		<b id="9" c="4 9" t="ar"/>
		<b id="10" c="9 10" t="ar"/>
		<b id="11" c="10 11" t="ar"/>
		<b id="12" c="11 12" t="ar"/>
		<b id="13" c="12 13" t="ar"/>
		<b id="14" c="13 14" t="1"/>
		<b id="15" c="13 15" t="ar"/>
		<b id="16" c="15 16" t="ar"/>
		<b id="17" c="10 16" t="ar"/>
		<b id="18" c="3 16" t="ar"/>
		<b id="19" c="1 17" t="1"/>
		<b id="20" c="1 18" t="1"/>
		<b id="21" c="1 19" t="1"/>
		<b id="22" c="2 20" t="1"/>
		<b id="23" c="2 21" t="1"/>
		<b id="24" c="5 22" t="1"/>
		<b id="25" c="6 23" t="1"/>
		<b id="26" c="7 24" t="1"/>
		<b id="27" c="8 25" t="1"/>
		<b id="28" c="11 26" t="1"/>
		<b id="29" c="12 27" t="1"/>
		<b id="30" c="15 28" t="1"/>
	</bonds>
	<geometry>
		<g u="A" t="cart/3d">#28,3:3.7257,0.2206,-1.0087;2.5916,0.0086,-0.0074;2.9223,-0.9979,0.9663;3.5904,-0.7802,2.1499;4.0429,0.4083,2.7062;4.6840,0.3466,3.9281;4.8754,-0.8644,4.5905;4.4328,-2.0509,4.0426;3.7884,-2.0150,2.8124;3.2267,-3.0238,1.9621;3.1236,-4.4051,2.0531;2.5230,-5.1014,1.0238;2.0324,-4.4141,-0.0829;1.2184,-5.4137,-1.4920;2.1124,-3.0417,-0.2123;2.7153,-2.3453,0.8266;3.4554,0.9933,-1.7230;3.9294,-0.7004,-1.5498;4.6327,0.5229,-0.4907;1.6816,-0.2994,-0.5294;2.3779,0.9413,0.5214;3.9068,1.3551,2.2055;5.0475,1.2578,4.3798;5.3805,-0.8694,5.5448;4.5832,-2.9896,4.5541;3.5087,-4.9292,2.9138;2.4324,-6.1753,1.0671;1.7242,-2.5478,-1.0891;</g>
	</geometry>
	<conformers/>
	<properties/>
</molecule>
