<?xml version="1.0" ?>
<!--MOLLI PACKAGE EXPERIMENTAL XML FORMAT-->
<molecule name="el818">
	<atoms>
		<a id="1" s="Br" t="Br" l="BR"/>
		<a id="2" s="C" t="C.ar" l="C"/>
		<a id="3" s="C" t="C.ar" l="C"/>
		<a id="4" s="C" t="C.ar" l="C"/>
		<a id="5" s="C" t="C.ar" l="C"/>
		<a id="6" s="C" t="C.ar" l="C"/>
		<a id="7" s="C" t="C.ar" l="C"/>
		<a id="8" s="C" t="C.ar" l="C"/>
		<a id="9" s="C" t="C.ar" l="C"/>
		<a id="10" s="C" t="C.ar" l="C"/>
		<a id="11" s="C" t="C.ar" l="C"/>
		<a id="12" s="C" t="C.ar" l="C"/>
		<a id="13" s="C" t="C.ar" l="C"/>
		<a id="14" s="C" t="C.ar" l="C"/>
		<a id="15" s="C" t="C.ar" l="C"/>
		<a id="16" s="C" t="C.ar" l="C"/>
		<a id="17" s="C" t="C.ar" l="C"/>
		<a id="18" s="C" t="C.ar" l="C"/>
		<a id="19" s="C" t="C.ar" l="C"/>
		<a id="20" s="H" t="H" l="H"/>
		<a id="21" s="H" t="H" l="H"/>
		<a id="22" s="H" t="H" l="H"/>
		<a id="23" s="H" t="H" l="H"/>
		<a id="24" s="H" t="H" l="H"/>
		<a id="25" s="H" t="H" l="H"/>
		<a id="26" s="H" t="H" l="H"/>
		<a id="27" s="H" t="H" l="H"/>
		<a id="28" s="H" t="H" l="H"/>
		<a id="29" s="H" t="H" l="H"/>
		<a id="30" s="H" t="H" l="H"/>
	</atoms>
	<bonds>
		<b id="1" c="1 2" t="1"/>
		<b id="2" c="2 3" t="ar"/>
		<b id="3" c="3 4" t="ar"/>
		<b id="4" c="4 5" t="ar"/>
		<b id="5" c="5 6" t="ar"/>
		<b id="6" c="6 7" t="ar"/>
		<b id="7" c="7 8" t="ar"/>
		<b id="8" c="8 9" t="ar"/>
		<b id="9" c="9 10" t="ar"/>
		<b id="10" c="10 11" t="ar"/>
		<b id="11" c="11 12" t="ar"/>
		<b id="12" c="12 13" t="ar"/>
		<b id="13" c="13 14" t="ar"/>
		<b id="14" c="14 15" t="ar"/>
		<b id="15" c="15 16" t="ar"/>
		<b id="16" c="11 16" t="ar"/>
		<b id="17" c="16 17" t="ar"/>
		<b id="18" c="8 17" t="ar"/>
		<b id="19" c="17 18" t="ar"/>
		<b id="20" c="5 18" t="ar"/>
		<b id="21" c="18 19" t="ar"/>
		<b id="22" c="2 19" t="ar"/>
		<b id="23" c="3 20" t="1"/>
		<b id="24" c="4 21" t="1"/>
		<b id="25" c="6 22" t="1"/>
		<b id="26" c="7 23" t="1"/>
		<b id="27" c="9 24" t="1"/>
		<b id="28" c="10 25" t="1"/>
		<b id="29" c="12 26" t="1"/>
		<b id="30" c="13 27" t="1"/>
		<b id="31" c="14 28" t="1"/>
		<b id="32" c="15 29" t="1"/>
		<b id="33" c="19 30" t="1"/>
	</bonds>
	<geometry>
		<g u="A" t="cart/3d">#30,3:1.1087,-0.0837,0.2737;3.0099,-0.0812,0.0879;3.6611,-1.2878,-0.1775;5.0296,-1.2960,-0.2026;5.7716,-0.1154,-0.0197;7.1838,-0.1606,0.1055;7.8736,0.9538,0.4514;7.2312,2.2166,0.5346;7.9699,3.3623,0.9304;7.3814,4.5811,0.9966;6.0605,4.7682,0.5121;5.5074,6.0573,0.4200;4.2933,6.2613,-0.1800;3.6228,5.1812,-0.7599;4.1252,3.9093,-0.6517;5.3181,3.6508,0.0505;5.8645,2.3340,0.2271;5.0962,1.1259,0.1137;3.6946,1.0969,0.2370;3.0908,-2.1932,-0.3152;5.5610,-2.2266,-0.3390;7.6829,-1.1106,-0.0178;8.9362,0.9094,0.6419;9.0056,3.2300,1.2086;7.9241,5.4424,1.3585;6.0749,6.8910,0.8086;3.8741,7.2542,-0.2480;2.7090,5.3527,-1.3095;3.6270,3.1050,-1.1698;3.1574,1.9906,0.5104;</g>
	</geometry>
	<conformers/>
	<properties/>
</molecule>
