<?xml version="1.0" ?>
<!--MOLLI PACKAGE EXPERIMENTAL XML FORMAT-->
<molecule name="el823">
	<atoms>
		<a id="1" s="C" t="C.3" l="C"/>
		<a id="2" s="C" t="C.3" l="C"/>
		<a id="3" s="C" t="C.3" l="C"/>
		<a id="4" s="C" t="C.3" l="C"/>
		<a id="5" s="C" t="C.2" l="C"/>
		<a id="6" s="O" t="O.2" l="O"/>
		<a id="7" s="C" t="C.ar" l="C"/>
		<a id="8" s="C" t="C.ar" l="C"/>
		<a id="9" s="C" t="C.3" l="C"/>
		<a id="10" s="F" t="F" l="F"/>
		<a id="11" s="F" t="F" l="F"/>
		<a id="12" s="F" t="F" l="F"/>
		<a id="13" s="N" t="N.ar" l="N"/>
		<a id="14" s="N" t="N.ar" l="N"/>
		<a id="15" s="C" t="C.ar" l="C"/>
		<a id="16" s="C" t="C.ar" l="C"/>
		<a id="17" s="C" t="C.ar" l="C"/>
		<a id="18" s="C" t="C.ar" l="C"/>
		<a id="19" s="C" t="C.1" l="C"/>
		<a id="20" s="N" t="N.1" l="N"/>
		<a id="21" s="C" t="C.ar" l="C"/>
		<a id="22" s="Br" t="Br" l="BR"/>
		<a id="23" s="C" t="C.ar" l="C"/>
		<a id="24" s="C" t="C.ar" l="C"/>
		<a id="25" s="C" t="C.3" l="C"/>
		<a id="26" s="H" t="H" l="H"/>
		<a id="27" s="H" t="H" l="H"/>
		<a id="28" s="H" t="H" l="H"/>
		<a id="29" s="H" t="H" l="H"/>
		<a id="30" s="H" t="H" l="H"/>
		<a id="31" s="H" t="H" l="H"/>
		<a id="32" s="H" t="H" l="H"/>
		<a id="33" s="H" t="H" l="H"/>
		<a id="34" s="H" t="H" l="H"/>
		<a id="35" s="H" t="H" l="H"/>
		<a id="36" s="H" t="H" l="H"/>
		<a id="37" s="H" t="H" l="H"/>
		<a id="38" s="H" t="H" l="H"/>
	</atoms>
	<bonds>
		<b id="1" c="1 2" t="1"/>
		<b id="2" c="2 3" t="1"/>
		<b id="3" c="2 4" t="1"/>
		<b id="4" c="4 5" t="1"/>
		<b id="5" c="5 6" t="2"/>
		<b id="6" c="5 7" t="1"/>
		<b id="7" c="7 8" t="ar"/>
		<b id="8" c="8 9" t="1"/>
		<b id="9" c="9 10" t="1"/>
		<b id="10" c="9 11" t="1"/>
		<b id="11" c="9 12" t="1"/>
		<b id="12" c="8 13" t="ar"/>
		<b id="13" c="13 14" t="ar"/>
		<b id="14" c="14 15" t="1"/>
		<b id="15" c="15 16" t="ar"/>
		<b id="16" c="16 17" t="ar"/>
		<b id="17" c="17 18" t="ar"/>
		<b id="18" c="18 19" t="1"/>
		<b id="19" c="19 20" t="3"/>
		<b id="20" c="18 21" t="ar"/>
		<b id="21" c="21 22" t="1"/>
		<b id="22" c="21 23" t="ar"/>
		<b id="23" c="15 23" t="ar"/>
		<b id="24" c="14 24" t="ar"/>
		<b id="25" c="7 24" t="ar"/>
		<b id="26" c="24 25" t="1"/>
		<b id="27" c="2 25" t="1"/>
		<b id="28" c="1 26" t="1"/>
		<b id="29" c="1 27" t="1"/>
		<b id="30" c="1 28" t="1"/>
		<b id="31" c="3 29" t="1"/>
		<b id="32" c="3 30" t="1"/>
		<b id="33" c="3 31" t="1"/>
		<b id="34" c="4 32" t="1"/>
		<b id="35" c="4 33" t="1"/>
		<b id="36" c="16 34" t="1"/>
		<b id="37" c="17 35" t="1"/>
		<b id="38" c="23 36" t="1"/>
		<b id="39" c="25 37" t="1"/>
		<b id="40" c="25 38" t="1"/>
	</bonds>
	<geometry>
		<g u="A" t="cart/3d">#38,3:0.9731,-0.0779,0.2378;2.4936,0.0416,0.1106;2.9781,1.2368,0.9331;2.8793,0.2493,-1.3620;2.4915,-0.8946,-2.2800;2.1298,-0.7390,-3.4192;2.6354,-2.2020,-1.6345;2.5428,-3.5212,-2.1371;2.2753,-3.9542,-3.5403;3.1295,-3.3950,-4.4084;2.3955,-5.2803,-3.6895;1.0375,-3.6339,-3.9403;2.7478,-4.3973,-1.1791;2.9462,-3.6981,-0.0539;3.1928,-4.4159,1.1267;3.9848,-5.5603,1.0494;4.2404,-6.2962,2.1864;3.7127,-5.9021,3.4181;4.0020,-6.6561,4.5801;4.2461,-7.2680,5.5167;2.8957,-4.7700,3.4764;2.1288,-4.2205,5.1264;2.6252,-4.0342,2.3359;2.8984,-2.3640,-0.2810;3.1679,-1.2390,0.6454;0.4938,0.8172,-0.1497;0.6840,-0.1923,1.2805;0.5953,-0.9301,-0.3224;2.5100,2.1521,0.5812;4.0567,1.3529,0.8538;2.7231,1.1065,1.9823;3.9661,0.3554,-1.4418;2.4303,1.1653,-1.7485;4.3785,-5.8601,0.0918;4.8545,-7.1824,2.1395;1.9513,-3.1955,2.3965;4.2522,-1.0834,0.6914;2.8280,-1.4385,1.6603;</g>
	</geometry>
	<conformers/>
	<properties/>
</molecule>
