<?xml version="1.0" ?>
<!--MOLLI PACKAGE EXPERIMENTAL XML FORMAT-->
<molecule name="el826">
	<atoms>
		<a id="1" s="C" t="C.3" l="C"/>
		<a id="2" s="C" t="C.3" l="C"/>
		<a id="3" s="N" t="N.am" l="N"/>
		<a id="4" s="C" t="C.3" l="C"/>
		<a id="5" s="C" t="C.3" l="C"/>
		<a id="6" s="C" t="C.2" l="C"/>
		<a id="7" s="O" t="O.2" l="O"/>
		<a id="8" s="C" t="C.ar" l="C"/>
		<a id="9" s="C" t="C.ar" l="C"/>
		<a id="10" s="C" t="C.ar" l="C"/>
		<a id="11" s="C" t="C.ar" l="C"/>
		<a id="12" s="Br" t="Br" l="BR"/>
		<a id="13" s="C" t="C.ar" l="C"/>
		<a id="14" s="C" t="C.ar" l="C"/>
		<a id="15" s="H" t="H" l="H"/>
		<a id="16" s="H" t="H" l="H"/>
		<a id="17" s="H" t="H" l="H"/>
		<a id="18" s="H" t="H" l="H"/>
		<a id="19" s="H" t="H" l="H"/>
		<a id="20" s="H" t="H" l="H"/>
		<a id="21" s="H" t="H" l="H"/>
		<a id="22" s="H" t="H" l="H"/>
		<a id="23" s="H" t="H" l="H"/>
		<a id="24" s="H" t="H" l="H"/>
		<a id="25" s="H" t="H" l="H"/>
		<a id="26" s="H" t="H" l="H"/>
		<a id="27" s="H" t="H" l="H"/>
		<a id="28" s="H" t="H" l="H"/>
	</atoms>
	<bonds>
		<b id="1" c="1 2" t="1"/>
		<b id="2" c="2 3" t="1"/>
		<b id="3" c="3 4" t="1"/>
		<b id="4" c="4 5" t="1"/>
		<b id="5" c="3 6" t="am"/>
		<b id="6" c="6 7" t="2"/>
		<b id="7" c="6 8" t="1"/>
		<b id="8" c="8 9" t="ar"/>
		<b id="9" c="9 10" t="ar"/>
		<b id="10" c="10 11" t="ar"/>
		<b id="11" c="11 12" t="1"/>
		<b id="12" c="11 13" t="ar"/>
		<b id="13" c="13 14" t="ar"/>
		<b id="14" c="8 14" t="ar"/>
		<b id="15" c="1 15" t="1"/>
		<b id="16" c="1 16" t="1"/>
		<b id="17" c="1 17" t="1"/>
		<b id="18" c="2 18" t="1"/>
		<b id="19" c="2 19" t="1"/>
		<b id="20" c="4 20" t="1"/>
		<b id="21" c="4 21" t="1"/>
		<b id="22" c="5 22" t="1"/>
		<b id="23" c="5 23" t="1"/>
		<b id="24" c="5 24" t="1"/>
		<b id="25" c="9 25" t="1"/>
		<b id="26" c="10 26" t="1"/>
		<b id="27" c="13 27" t="1"/>
		<b id="28" c="14 28" t="1"/>
	</bonds>
	<geometry>
		<g u="A" t="cart/3d">#28,3:2.6154,-1.1590,-0.5151;2.3836,0.0974,0.3193;2.8148,1.3075,-0.3627;1.8130,2.1684,-0.9501;1.2685,1.6396,-2.2758;4.1425,1.5562,-0.4128;4.9693,0.8369,0.1151;4.5642,2.7858,-1.1686;4.7862,3.9835,-0.4990;5.2414,5.0949,-1.1853;5.4836,4.9948,-2.5447;6.0971,6.5267,-3.4997;5.2888,3.8053,-3.2252;4.8311,2.7005,-2.5298;2.2827,-2.0325,0.0393;3.6763,-1.2635,-0.7242;2.0735,-1.1147,-1.4563;2.9635,0.0141,1.2436;1.3266,0.2055,0.5695;2.2532,3.1554,-1.1092;0.9903,2.2765,-0.2346;2.0787,1.4948,-2.9861;0.5653,2.3559,-2.6930;0.7520,0.6941,-2.1341;4.6013,4.0467,0.5630;5.4095,6.0281,-0.6699;5.4940,3.7428,-4.2833;4.6891,1.7634,-3.0475;</g>
	</geometry>
	<conformers/>
	<properties/>
</molecule>
