<?xml version="1.0" ?>
<!--MOLLI PACKAGE EXPERIMENTAL XML FORMAT-->
<molecule name="el827">
	<atoms>
		<a id="1" s="C" t="C.3" l="C"/>
		<a id="2" s="C" t="C.3" l="C"/>
		<a id="3" s="C" t="C.3" l="C"/>
		<a id="4" s="C" t="C.3" l="C"/>
		<a id="5" s="C" t="C.ar" l="C"/>
		<a id="6" s="C" t="C.ar" l="C"/>
		<a id="7" s="C" t="C.ar" l="C"/>
		<a id="8" s="C" t="C.ar" l="C"/>
		<a id="9" s="C" t="C.ar" l="C"/>
		<a id="10" s="Br" t="Br" l="BR"/>
		<a id="11" s="C" t="C.ar" l="C"/>
		<a id="12" s="H" t="H" l="H"/>
		<a id="13" s="H" t="H" l="H"/>
		<a id="14" s="H" t="H" l="H"/>
		<a id="15" s="H" t="H" l="H"/>
		<a id="16" s="H" t="H" l="H"/>
		<a id="17" s="H" t="H" l="H"/>
		<a id="18" s="H" t="H" l="H"/>
		<a id="19" s="H" t="H" l="H"/>
		<a id="20" s="H" t="H" l="H"/>
		<a id="21" s="H" t="H" l="H"/>
		<a id="22" s="H" t="H" l="H"/>
		<a id="23" s="H" t="H" l="H"/>
		<a id="24" s="H" t="H" l="H"/>
	</atoms>
	<bonds>
		<b id="1" c="1 2" t="1"/>
		<b id="2" c="2 3" t="1"/>
		<b id="3" c="2 4" t="1"/>
		<b id="4" c="2 5" t="1"/>
		<b id="5" c="5 6" t="ar"/>
		<b id="6" c="6 7" t="ar"/>
		<b id="7" c="7 8" t="ar"/>
		<b id="8" c="8 9" t="ar"/>
		<b id="9" c="9 10" t="1"/>
		<b id="10" c="9 11" t="ar"/>
		<b id="11" c="5 11" t="ar"/>
		<b id="12" c="1 12" t="1"/>
		<b id="13" c="1 13" t="1"/>
		<b id="14" c="1 14" t="1"/>
		<b id="15" c="3 15" t="1"/>
		<b id="16" c="3 16" t="1"/>
		<b id="17" c="3 17" t="1"/>
		<b id="18" c="4 18" t="1"/>
		<b id="19" c="4 19" t="1"/>
		<b id="20" c="4 20" t="1"/>
		<b id="21" c="6 21" t="1"/>
		<b id="22" c="7 22" t="1"/>
		<b id="23" c="8 23" t="1"/>
		<b id="24" c="11 24" t="1"/>
	</bonds>
	<geometry>
		<g u="A" t="cart/3d">#24,3:0.9988,0.1072,-0.0007;2.5341,0.1080,0.0033;3.0609,-0.4459,-1.3283;3.0112,1.5558,0.1437;3.0269,-0.7841,1.1312;2.6641,-2.1298,1.1568;3.0963,-2.9750,2.1612;3.9094,-2.5031,3.1770;4.2689,-1.1702,3.1519;5.3923,-0.4802,4.5371;3.8421,-0.3132,2.1526;0.6286,0.7609,-0.7873;0.6193,0.4669,0.9535;0.6008,-0.8889,-0.1725;2.7403,0.1905,-2.1500;2.6936,-1.4515,-1.5135;4.1486,-0.4761,-1.3196;2.6267,2.1446,-0.6865;4.0969,1.6163,0.1204;2.6467,2.0014,1.0665;2.0326,-2.5327,0.3802;2.7999,-4.0133,2.1566;4.2540,-3.1536,3.9655;4.1559,0.7166,2.1877;</g>
	</geometry>
	<conformers/>
	<properties/>
</molecule>
