<?xml version="1.0" ?>
<!--MOLLI PACKAGE EXPERIMENTAL XML FORMAT-->
<molecule name="el828">
	<atoms>
		<a id="1" s="F" t="F" l="F"/>
		<a id="2" s="C" t="C.3" l="C"/>
		<a id="3" s="F" t="F" l="F"/>
		<a id="4" s="F" t="F" l="F"/>
		<a id="5" s="O" t="O.3" l="O"/>
		<a id="6" s="C" t="C.ar" l="C"/>
		<a id="7" s="C" t="C.ar" l="C"/>
		<a id="8" s="C" t="C.ar" l="C"/>
		<a id="9" s="C" t="C.ar" l="C"/>
		<a id="10" s="C" t="C.ar" l="C"/>
		<a id="11" s="Br" t="Br" l="BR"/>
		<a id="12" s="C" t="C.ar" l="C"/>
		<a id="13" s="H" t="H" l="H"/>
		<a id="14" s="H" t="H" l="H"/>
		<a id="15" s="H" t="H" l="H"/>
		<a id="16" s="H" t="H" l="H"/>
	</atoms>
	<bonds>
		<b id="1" c="1 2" t="1"/>
		<b id="2" c="2 3" t="1"/>
		<b id="3" c="2 4" t="1"/>
		<b id="4" c="2 5" t="1"/>
		<b id="5" c="5 6" t="1"/>
		<b id="6" c="6 7" t="ar"/>
		<b id="7" c="7 8" t="ar"/>
		<b id="8" c="8 9" t="ar"/>
		<b id="9" c="9 10" t="ar"/>
		<b id="10" c="10 11" t="1"/>
		<b id="11" c="10 12" t="ar"/>
		<b id="12" c="6 12" t="ar"/>
		<b id="13" c="7 13" t="1"/>
		<b id="14" c="8 14" t="1"/>
		<b id="15" c="9 15" t="1"/>
		<b id="16" c="12 16" t="1"/>
	</bonds>
	<geometry>
		<g u="A" t="cart/3d">#16,3:2.6127,-0.7777,-2.6927;2.2089,-0.0556,-1.6333;0.9044,0.1396,-1.7734;2.3693,-0.8597,-0.5677;2.8047,1.1159,-1.5206;4.1997,1.1984,-1.4097;5.0458,0.1060,-1.3227;6.4116,0.3245,-1.2122;6.9314,1.6042,-1.1876;6.0617,2.6800,-1.2753;6.7502,4.4464,-1.2448;4.6967,2.4943,-1.3868;4.6728,-0.9050,-1.3381;7.0757,-0.5227,-1.1446;7.9938,1.7691,-1.1021;4.0139,3.3252,-1.4554;</g>
	</geometry>
	<conformers/>
	<properties/>
</molecule>
