<?xml version="1.0" ?>
<!--MOLLI PACKAGE EXPERIMENTAL XML FORMAT-->
<molecule name="el837">
	<atoms>
		<a id="1" s="N" t="N.1" l="N"/>
		<a id="2" s="C" t="C.1" l="C"/>
		<a id="3" s="C" t="C.ar" l="C"/>
		<a id="4" s="C" t="C.ar" l="C"/>
		<a id="5" s="C" t="C.ar" l="C"/>
		<a id="6" s="C" t="C.ar" l="C"/>
		<a id="7" s="N" t="N.ar" l="N"/>
		<a id="8" s="C" t="C.ar" l="C"/>
		<a id="9" s="C" t="C.ar" l="C"/>
		<a id="10" s="C" t="C.ar" l="C"/>
		<a id="11" s="C" t="C.ar" l="C"/>
		<a id="12" s="C" t="C.ar" l="C"/>
		<a id="13" s="C" t="C.ar" l="C"/>
		<a id="14" s="C" t="C.ar" l="C"/>
		<a id="15" s="C" t="C.ar" l="C"/>
		<a id="16" s="C" t="C.ar" l="C"/>
		<a id="17" s="C" t="C.ar" l="C"/>
		<a id="18" s="C" t="C.ar" l="C"/>
		<a id="19" s="C" t="C.ar" l="C"/>
		<a id="20" s="C" t="C.ar" l="C"/>
		<a id="21" s="C" t="C.ar" l="C"/>
		<a id="22" s="Br" t="Br" l="BR"/>
		<a id="23" s="H" t="H" l="H"/>
		<a id="24" s="H" t="H" l="H"/>
		<a id="25" s="H" t="H" l="H"/>
		<a id="26" s="H" t="H" l="H"/>
		<a id="27" s="H" t="H" l="H"/>
		<a id="28" s="H" t="H" l="H"/>
		<a id="29" s="H" t="H" l="H"/>
		<a id="30" s="H" t="H" l="H"/>
		<a id="31" s="H" t="H" l="H"/>
		<a id="32" s="H" t="H" l="H"/>
		<a id="33" s="H" t="H" l="H"/>
	</atoms>
	<bonds>
		<b id="1" c="1 2" t="3"/>
		<b id="2" c="2 3" t="1"/>
		<b id="3" c="3 4" t="ar"/>
		<b id="4" c="4 5" t="ar"/>
		<b id="5" c="5 6" t="ar"/>
		<b id="6" c="6 7" t="1"/>
		<b id="7" c="7 8" t="ar"/>
		<b id="8" c="8 9" t="ar"/>
		<b id="9" c="9 10" t="ar"/>
		<b id="10" c="10 11" t="ar"/>
		<b id="11" c="11 12" t="ar"/>
		<b id="12" c="12 13" t="ar"/>
		<b id="13" c="8 13" t="ar"/>
		<b id="14" c="13 14" t="ar"/>
		<b id="15" c="14 15" t="ar"/>
		<b id="16" c="15 16" t="ar"/>
		<b id="17" c="16 17" t="ar"/>
		<b id="18" c="17 18" t="ar"/>
		<b id="19" c="18 19" t="ar"/>
		<b id="20" c="14 19" t="ar"/>
		<b id="21" c="7 19" t="ar"/>
		<b id="22" c="6 20" t="ar"/>
		<b id="23" c="20 21" t="ar"/>
		<b id="24" c="3 21" t="ar"/>
		<b id="25" c="21 22" t="1"/>
		<b id="26" c="4 23" t="1"/>
		<b id="27" c="5 24" t="1"/>
		<b id="28" c="9 25" t="1"/>
		<b id="29" c="10 26" t="1"/>
		<b id="30" c="11 27" t="1"/>
		<b id="31" c="12 28" t="1"/>
		<b id="32" c="15 29" t="1"/>
		<b id="33" c="16 30" t="1"/>
		<b id="34" c="17 31" t="1"/>
		<b id="35" c="18 32" t="1"/>
		<b id="36" c="20 33" t="1"/>
	</bonds>
	<geometry>
		<g u="A" t="cart/3d">#33,3:-0.2776,-2.9480,0.0017;0.3184,-1.9693,0.0115;1.0367,-0.7536,0.0253;0.3750,0.4382,0.3343;1.0516,1.6372,0.3385;2.4174,1.6770,0.0415;3.1046,2.8835,0.0348;3.9815,3.3135,-0.9518;4.3409,2.7056,-2.1450;5.2164,3.3805,-2.9758;5.7165,4.6354,-2.6401;5.3372,5.2590,-1.4679;4.4604,4.5990,-0.6179;3.8507,4.9548,0.6346;3.9551,6.0661,1.4596;3.2398,6.0820,2.6407;2.4464,4.9995,3.0101;2.3281,3.8820,2.2041;3.0182,3.8751,1.0015;3.0894,0.4899,-0.2548;2.4029,-0.7071,-0.2677;3.3461,-2.3098,-0.6804;-0.6811,0.4046,0.5558;0.5250,2.5555,0.5452;3.9442,1.7445,-2.4342;5.5142,2.9236,-3.9075;6.4002,5.1288,-3.3141;5.7064,6.2412,-1.2157;4.5885,6.8947,1.1819;3.3037,6.9376,3.2958;1.9144,5.0293,3.9492;1.7287,3.0406,2.5173;4.1499,0.5046,-0.4523;</g>
	</geometry>
	<conformers/>
	<properties/>
</molecule>
