<?xml version="1.0" ?>
<!--MOLLI PACKAGE EXPERIMENTAL XML FORMAT-->
<molecule name="el624">
	<atoms>
		<a id="1" s="C" t="C.3" l="C"/>
		<a id="2" s="O" t="O.3" l="O"/>
		<a id="3" s="C" t="C.ar" l="C"/>
		<a id="4" s="N" t="N.ar" l="N"/>
		<a id="5" s="C" t="C.ar" l="C"/>
		<a id="6" s="C" t="C.ar" l="C"/>
		<a id="7" s="C" t="C.ar" l="C"/>
		<a id="8" s="C" t="C.ar" l="C"/>
		<a id="9" s="Br" t="Br" l="BR"/>
		<a id="10" s="H" t="H" l="H"/>
		<a id="11" s="H" t="H" l="H"/>
		<a id="12" s="H" t="H" l="H"/>
		<a id="13" s="H" t="H" l="H"/>
		<a id="14" s="H" t="H" l="H"/>
		<a id="15" s="H" t="H" l="H"/>
	</atoms>
	<bonds>
		<b id="1" c="1 2" t="1"/>
		<b id="2" c="2 3" t="1"/>
		<b id="3" c="3 4" t="ar"/>
		<b id="4" c="4 5" t="ar"/>
		<b id="5" c="5 6" t="ar"/>
		<b id="6" c="6 7" t="ar"/>
		<b id="7" c="7 8" t="ar"/>
		<b id="8" c="3 8" t="ar"/>
		<b id="9" c="8 9" t="1"/>
		<b id="10" c="1 10" t="1"/>
		<b id="11" c="1 11" t="1"/>
		<b id="12" c="1 12" t="1"/>
		<b id="13" c="5 13" t="1"/>
		<b id="14" c="6 14" t="1"/>
		<b id="15" c="7 15" t="1"/>
	</bonds>
	<geometry>
		<g u="A" t="cart/3d">#15,3:3.2696,0.6346,0.7588;2.8324,0.3604,-0.5578;3.2987,-0.7564,-1.1196;4.1251,-1.5397,-0.4529;4.5730,-2.6455,-1.0345;4.2194,-3.0292,-2.3116;3.3468,-2.2134,-3.0267;2.8822,-1.0656,-2.4255;1.6913,0.1126,-3.3089;2.7810,1.5628,1.0462;4.3553,0.7489,0.7868;2.9845,-0.1746,1.4344;5.2472,-3.2348,-0.4288;4.6066,-3.9345,-2.7489;3.0384,-2.4673,-4.0292;</g>
	</geometry>
	<conformers/>
	<properties/>
</molecule>
