<?xml version="1.0" ?>
<!--MOLLI PACKAGE EXPERIMENTAL XML FORMAT-->
<molecule name="el841">
	<atoms>
		<a id="1" s="C" t="C.3" l="C"/>
		<a id="2" s="C" t="C.ar" l="C"/>
		<a id="3" s="C" t="C.ar" l="C"/>
		<a id="4" s="C" t="C.ar" l="C"/>
		<a id="5" s="C" t="C.3" l="C"/>
		<a id="6" s="C" t="C.3" l="C"/>
		<a id="7" s="C" t="C.3" l="C"/>
		<a id="8" s="C" t="C.3" l="C"/>
		<a id="9" s="C" t="C.3" l="C"/>
		<a id="10" s="C" t="C.3" l="C"/>
		<a id="11" s="C" t="C.ar" l="C"/>
		<a id="12" s="C" t="C.ar" l="C"/>
		<a id="13" s="C" t="C.3" l="C"/>
		<a id="14" s="C" t="C.3" l="C"/>
		<a id="15" s="C" t="C.3" l="C"/>
		<a id="16" s="C" t="C.3" l="C"/>
		<a id="17" s="C" t="C.3" l="C"/>
		<a id="18" s="C" t="C.3" l="C"/>
		<a id="19" s="C" t="C.ar" l="C"/>
		<a id="20" s="Br" t="Br" l="BR"/>
		<a id="21" s="H" t="H" l="H"/>
		<a id="22" s="H" t="H" l="H"/>
		<a id="23" s="H" t="H" l="H"/>
		<a id="24" s="H" t="H" l="H"/>
		<a id="25" s="H" t="H" l="H"/>
		<a id="26" s="H" t="H" l="H"/>
		<a id="27" s="H" t="H" l="H"/>
		<a id="28" s="H" t="H" l="H"/>
		<a id="29" s="H" t="H" l="H"/>
		<a id="30" s="H" t="H" l="H"/>
		<a id="31" s="H" t="H" l="H"/>
		<a id="32" s="H" t="H" l="H"/>
		<a id="33" s="H" t="H" l="H"/>
		<a id="34" s="H" t="H" l="H"/>
		<a id="35" s="H" t="H" l="H"/>
		<a id="36" s="H" t="H" l="H"/>
		<a id="37" s="H" t="H" l="H"/>
		<a id="38" s="H" t="H" l="H"/>
		<a id="39" s="H" t="H" l="H"/>
		<a id="40" s="H" t="H" l="H"/>
		<a id="41" s="H" t="H" l="H"/>
		<a id="42" s="H" t="H" l="H"/>
		<a id="43" s="H" t="H" l="H"/>
		<a id="44" s="H" t="H" l="H"/>
		<a id="45" s="H" t="H" l="H"/>
		<a id="46" s="H" t="H" l="H"/>
		<a id="47" s="H" t="H" l="H"/>
	</atoms>
	<bonds>
		<b id="1" c="1 2" t="1"/>
		<b id="2" c="2 3" t="ar"/>
		<b id="3" c="3 4" t="ar"/>
		<b id="4" c="4 5" t="1"/>
		<b id="5" c="5 6" t="1"/>
		<b id="6" c="6 7" t="1"/>
		<b id="7" c="7 8" t="1"/>
		<b id="8" c="8 9" t="1"/>
		<b id="9" c="9 10" t="1"/>
		<b id="10" c="5 10" t="1"/>
		<b id="11" c="4 11" t="ar"/>
		<b id="12" c="11 12" t="ar"/>
		<b id="13" c="12 13" t="1"/>
		<b id="14" c="13 14" t="1"/>
		<b id="15" c="14 15" t="1"/>
		<b id="16" c="15 16" t="1"/>
		<b id="17" c="16 17" t="1"/>
		<b id="18" c="17 18" t="1"/>
		<b id="19" c="13 18" t="1"/>
		<b id="20" c="12 19" t="ar"/>
		<b id="21" c="2 19" t="ar"/>
		<b id="22" c="19 20" t="1"/>
		<b id="23" c="1 21" t="1"/>
		<b id="24" c="1 22" t="1"/>
		<b id="25" c="1 23" t="1"/>
		<b id="26" c="3 24" t="1"/>
		<b id="27" c="5 25" t="1"/>
		<b id="28" c="6 26" t="1"/>
		<b id="29" c="6 27" t="1"/>
		<b id="30" c="7 28" t="1"/>
		<b id="31" c="7 29" t="1"/>
		<b id="32" c="8 30" t="1"/>
		<b id="33" c="8 31" t="1"/>
		<b id="34" c="9 32" t="1"/>
		<b id="35" c="9 33" t="1"/>
		<b id="36" c="10 34" t="1"/>
		<b id="37" c="10 35" t="1"/>
		<b id="38" c="11 36" t="1"/>
		<b id="39" c="13 37" t="1"/>
		<b id="40" c="14 38" t="1"/>
		<b id="41" c="14 39" t="1"/>
		<b id="42" c="15 40" t="1"/>
		<b id="43" c="15 41" t="1"/>
		<b id="44" c="16 42" t="1"/>
		<b id="45" c="16 43" t="1"/>
		<b id="46" c="17 44" t="1"/>
		<b id="47" c="17 45" t="1"/>
		<b id="48" c="18 46" t="1"/>
		<b id="49" c="18 47" t="1"/>
	</bonds>
	<geometry>
		<g u="A" t="cart/3d">#47,3:0.3714,-2.3700,-0.0687;1.0452,-1.0351,-0.0278;2.4287,-0.9427,-0.0255;3.0779,0.2827,0.0137;4.5822,0.3501,0.0083;5.1231,1.0882,1.2378;6.6485,1.0996,1.2240;7.1672,1.7580,-0.0512;6.6249,1.0388,-1.2827;5.0996,1.0252,-1.2675;2.3073,1.4340,0.0480;0.9179,1.4000,0.0470;0.1450,2.6913,0.1007;0.4908,3.6087,-1.0775;-0.3362,4.8888,-1.0095;-0.0897,5.6145,0.3098;-0.4251,4.7051,1.4881;0.3972,3.4219,1.4254;0.3127,0.1485,0.0104;-1.5990,-0.0009,0.0142;1.1062,-3.1703,-0.0979;-0.2675,-2.4495,-0.9484;-0.2601,-2.5070,0.8093;3.0100,-1.8533,-0.0539;4.9717,-0.6741,0.0305;4.7587,0.6012,2.1452;4.7569,2.1163,1.2417;7.0201,0.0736,1.2793;7.0212,1.6369,2.0987;8.2587,1.7397,-0.0611;6.8503,2.8033,-0.0736;6.9963,0.0114,-1.2948;6.9805,1.5328,-2.1894;4.7203,0.4910,-2.1417;4.7266,2.0500,-1.3165;2.7958,2.3950,0.0783;-0.9256,2.4762,0.0428;0.2950,3.0855,-2.0165;1.5515,3.8656,-1.0543;-1.3968,4.6413,-1.0942;-0.0768,5.5395,-1.8476;-0.6972,6.5206,0.3550;0.9600,5.9129,0.3692;-1.4883,4.4556,1.4617;-0.2265,5.2236,2.4286;0.1312,2.7671,2.2586;1.4579,3.6645,1.5185;</g>
	</geometry>
	<conformers/>
	<properties/>
</molecule>
