<?xml version="1.0" ?>
<!--MOLLI PACKAGE EXPERIMENTAL XML FORMAT-->
<molecule name="el844">
	<atoms>
		<a id="1" s="C" t="C.3" l="C"/>
		<a id="2" s="C" t="C.3" l="C"/>
		<a id="3" s="N" t="N.am" l="N"/>
		<a id="4" s="C" t="C.3" l="C"/>
		<a id="5" s="C" t="C.3" l="C"/>
		<a id="6" s="C" t="C.2" l="C"/>
		<a id="7" s="O" t="O.2" l="O"/>
		<a id="8" s="C" t="C.ar" l="C"/>
		<a id="9" s="C" t="C.ar" l="C"/>
		<a id="10" s="C" t="C.ar" l="C"/>
		<a id="11" s="C" t="C.ar" l="C"/>
		<a id="12" s="C" t="C.ar" l="C"/>
		<a id="13" s="C" t="C.ar" l="C"/>
		<a id="14" s="C" t="C.ar" l="C"/>
		<a id="15" s="Br" t="Br" l="BR"/>
		<a id="16" s="N" t="N.ar" l="N"/>
		<a id="17" s="N" t="N.ar" l="N"/>
		<a id="18" s="C" t="C.3" l="C"/>
		<a id="19" s="C" t="C.3" l="C"/>
		<a id="20" s="C" t="C.3" l="C"/>
		<a id="21" s="C" t="C.3" l="C"/>
		<a id="22" s="C" t="C.3" l="C"/>
		<a id="23" s="H" t="H" l="H"/>
		<a id="24" s="H" t="H" l="H"/>
		<a id="25" s="H" t="H" l="H"/>
		<a id="26" s="H" t="H" l="H"/>
		<a id="27" s="H" t="H" l="H"/>
		<a id="28" s="H" t="H" l="H"/>
		<a id="29" s="H" t="H" l="H"/>
		<a id="30" s="H" t="H" l="H"/>
		<a id="31" s="H" t="H" l="H"/>
		<a id="32" s="H" t="H" l="H"/>
		<a id="33" s="H" t="H" l="H"/>
		<a id="34" s="H" t="H" l="H"/>
		<a id="35" s="H" t="H" l="H"/>
		<a id="36" s="H" t="H" l="H"/>
		<a id="37" s="H" t="H" l="H"/>
		<a id="38" s="H" t="H" l="H"/>
		<a id="39" s="H" t="H" l="H"/>
		<a id="40" s="H" t="H" l="H"/>
		<a id="41" s="H" t="H" l="H"/>
		<a id="42" s="H" t="H" l="H"/>
		<a id="43" s="H" t="H" l="H"/>
		<a id="44" s="H" t="H" l="H"/>
		<a id="45" s="H" t="H" l="H"/>
		<a id="46" s="H" t="H" l="H"/>
	</atoms>
	<bonds>
		<b id="1" c="1 2" t="1"/>
		<b id="2" c="2 3" t="1"/>
		<b id="3" c="3 4" t="1"/>
		<b id="4" c="4 5" t="1"/>
		<b id="5" c="3 6" t="am"/>
		<b id="6" c="6 7" t="2"/>
		<b id="7" c="6 8" t="1"/>
		<b id="8" c="8 9" t="ar"/>
		<b id="9" c="9 10" t="ar"/>
		<b id="10" c="10 11" t="ar"/>
		<b id="11" c="11 12" t="ar"/>
		<b id="12" c="12 13" t="ar"/>
		<b id="13" c="8 13" t="ar"/>
		<b id="14" c="12 14" t="ar"/>
		<b id="15" c="14 15" t="1"/>
		<b id="16" c="14 16" t="ar"/>
		<b id="17" c="16 17" t="ar"/>
		<b id="18" c="11 17" t="ar"/>
		<b id="19" c="17 18" t="1"/>
		<b id="20" c="18 19" t="1"/>
		<b id="21" c="19 20" t="1"/>
		<b id="22" c="20 21" t="1"/>
		<b id="23" c="20 22" t="1"/>
		<b id="24" c="1 23" t="1"/>
		<b id="25" c="1 24" t="1"/>
		<b id="26" c="1 25" t="1"/>
		<b id="27" c="2 26" t="1"/>
		<b id="28" c="2 27" t="1"/>
		<b id="29" c="4 28" t="1"/>
		<b id="30" c="4 29" t="1"/>
		<b id="31" c="5 30" t="1"/>
		<b id="32" c="5 31" t="1"/>
		<b id="33" c="5 32" t="1"/>
		<b id="34" c="9 33" t="1"/>
		<b id="35" c="10 34" t="1"/>
		<b id="36" c="13 35" t="1"/>
		<b id="37" c="18 36" t="1"/>
		<b id="38" c="18 37" t="1"/>
		<b id="39" c="19 38" t="1"/>
		<b id="40" c="19 39" t="1"/>
		<b id="41" c="20 40" t="1"/>
		<b id="42" c="21 41" t="1"/>
		<b id="43" c="21 42" t="1"/>
		<b id="44" c="21 43" t="1"/>
		<b id="45" c="22 44" t="1"/>
		<b id="46" c="22 45" t="1"/>
		<b id="47" c="22 46" t="1"/>
	</bonds>
	<geometry>
		<g u="A" t="cart/3d">#46,3:2.6235,0.0765,-0.8473;2.0503,-0.5495,0.4218;2.6478,0.0056,1.6255;1.8494,0.8871,2.4483;1.6843,2.2841,1.8514;3.9048,-0.3868,1.9372;4.5160,-1.2159,1.2855;4.5316,0.2633,3.1373;4.6362,-0.4717,4.3337;5.2679,0.0304,5.4450;5.8194,1.3082,5.3486;5.7404,2.0435,4.1378;5.0931,1.5159,3.0213;6.4257,3.2458,4.4459;6.7050,4.7062,3.3103;6.8644,3.2448,5.6805;6.5063,2.0800,6.2318;6.8028,1.8213,7.6152;6.0968,2.8263,8.5302;4.5678,2.8295,8.4046;3.9482,1.5223,8.8989;4.0025,4.0078,9.1971;2.1386,-0.3532,-1.7201;3.6896,-0.1309,-0.9028;2.4738,1.1540,-0.8573;2.2582,-1.6247,0.4080;0.9703,-0.3955,0.4743;2.3209,0.9651,3.4306;0.8614,0.4306,2.5833;2.6528,2.7547,1.7046;1.0982,2.9020,2.5290;1.1692,2.2380,0.8955;4.2064,-1.4618,4.3632;5.3446,-0.5511,6.3504;5.0506,2.0708,2.0965;7.8848,1.9081,7.7610;6.4996,0.7979,7.8382;6.4702,3.8212,8.2780;6.3782,2.6080,9.5624;4.3013,2.9663,7.3495;4.2689,1.3110,9.9176;4.2257,0.6831,8.2654;2.8623,1.5984,8.8903;4.2436,3.9028,10.2535;2.9202,4.0543,9.0939;4.4202,4.9475,8.8408;</g>
	</geometry>
	<conformers/>
	<properties/>
</molecule>
