<?xml version="1.0" ?>
<!--MOLLI PACKAGE EXPERIMENTAL XML FORMAT-->
<molecule name="el848">
	<atoms>
		<a id="1" s="O" t="O.2" l="O"/>
		<a id="2" s="N" t="N.pl3" l="N"/>
		<a id="3" s="O" t="O.co2" l="O"/>
		<a id="4" s="C" t="C.ar" l="C"/>
		<a id="5" s="C" t="C.ar" l="C"/>
		<a id="6" s="C" t="C.ar" l="C"/>
		<a id="7" s="Br" t="Br" l="BR"/>
		<a id="8" s="N" t="N.ar" l="N"/>
		<a id="9" s="C" t="C.ar" l="C"/>
		<a id="10" s="C" t="C.ar" l="C"/>
		<a id="11" s="C" t="C.ar" l="C"/>
		<a id="12" s="C" t="C.ar" l="C"/>
		<a id="13" s="C" t="C.ar" l="C"/>
		<a id="14" s="C" t="C.ar" l="C"/>
		<a id="15" s="H" t="H" l="H"/>
		<a id="16" s="H" t="H" l="H"/>
		<a id="17" s="H" t="H" l="H"/>
		<a id="18" s="H" t="H" l="H"/>
		<a id="19" s="H" t="H" l="H"/>
	</atoms>
	<bonds>
		<b id="1" c="1 2" t="2"/>
		<b id="2" c="2 3" t="1"/>
		<b id="3" c="2 4" t="1"/>
		<b id="4" c="4 5" t="ar"/>
		<b id="5" c="5 6" t="ar"/>
		<b id="6" c="6 7" t="1"/>
		<b id="7" c="6 8" t="ar"/>
		<b id="8" c="8 9" t="ar"/>
		<b id="9" c="9 10" t="ar"/>
		<b id="10" c="10 11" t="ar"/>
		<b id="11" c="11 12" t="ar"/>
		<b id="12" c="12 13" t="ar"/>
		<b id="13" c="13 14" t="ar"/>
		<b id="14" c="4 14" t="ar"/>
		<b id="15" c="9 14" t="ar"/>
		<b id="16" c="5 15" t="1"/>
		<b id="17" c="10 16" t="1"/>
		<b id="18" c="11 17" t="1"/>
		<b id="19" c="12 18" t="1"/>
		<b id="20" c="13 19" t="1"/>
	</bonds>
	<geometry>
		<g u="A" t="cart/3d">#19,3:0.9933,0.2850,0.1991;2.1742,0.0338,0.1298;2.6913,-0.9997,0.4863;3.0270,1.0752,-0.4180;2.6292,2.3723,-0.2096;3.4559,3.3896,-0.7164;2.9676,5.1965,-0.4296;4.5524,3.1796,-1.3712;4.9504,1.9181,-1.6070;6.1372,1.7259,-2.3410;6.5782,0.4603,-2.6114;5.8520,-0.6544,-2.1655;4.6950,-0.5040,-1.4478;4.2146,0.7830,-1.1393;1.7230,2.5988,0.3308;6.6664,2.6029,-2.6771;7.4869,0.3103,-3.1745;6.2124,-1.6458,-2.3932;4.1553,-1.3728,-1.1055;</g>
	</geometry>
	<conformers/>
	<properties/>
</molecule>
