<?xml version="1.0" ?>
<!--MOLLI PACKAGE EXPERIMENTAL XML FORMAT-->
<molecule name="el849">
	<atoms>
		<a id="1" s="F" t="F" l="F"/>
		<a id="2" s="C" t="C.ar" l="C"/>
		<a id="3" s="C" t="C.ar" l="C"/>
		<a id="4" s="C" t="C.ar" l="C"/>
		<a id="5" s="Br" t="Br" l="BR"/>
		<a id="6" s="C" t="C.ar" l="C"/>
		<a id="7" s="C" t="C.ar" l="C"/>
		<a id="8" s="N" t="N.ar" l="N"/>
		<a id="9" s="H" t="H" l="H"/>
		<a id="10" s="H" t="H" l="H"/>
		<a id="11" s="H" t="H" l="H"/>
	</atoms>
	<bonds>
		<b id="1" c="1 2" t="1"/>
		<b id="2" c="2 3" t="ar"/>
		<b id="3" c="3 4" t="ar"/>
		<b id="4" c="4 5" t="1"/>
		<b id="5" c="4 6" t="ar"/>
		<b id="6" c="6 7" t="ar"/>
		<b id="7" c="7 8" t="ar"/>
		<b id="8" c="2 8" t="ar"/>
		<b id="9" c="3 9" t="1"/>
		<b id="10" c="6 10" t="1"/>
		<b id="11" c="7 11" t="1"/>
	</bonds>
	<geometry>
		<g u="A" t="cart/3d">#11,3:1.1577,0.0114,0.3255;2.4786,0.0769,0.1514;3.0713,1.3283,0.0269;4.4432,1.3343,-0.1515;5.3629,2.9860,-0.3349;5.1472,0.1379,-0.1981;4.4258,-1.0365,-0.0602;3.1149,-1.0684,0.1118;2.4835,2.2302,0.0689;6.2157,0.1255,-0.3364;4.9162,-1.9988,-0.0871;</g>
	</geometry>
	<conformers/>
	<properties/>
</molecule>
