<?xml version="1.0" ?>
<!--MOLLI PACKAGE EXPERIMENTAL XML FORMAT-->
<molecule name="el625">
	<atoms>
		<a id="1" s="H" t="H" l="H"/>
		<a id="2" s="C" t="C.3" l="C"/>
		<a id="3" s="H" t="H" l="H"/>
		<a id="4" s="H" t="H" l="H"/>
		<a id="5" s="O" t="O.3" l="O"/>
		<a id="6" s="C" t="C.ar" l="C"/>
		<a id="7" s="N" t="N.ar" l="N"/>
		<a id="8" s="C" t="C.ar" l="C"/>
		<a id="9" s="C" t="C.ar" l="C"/>
		<a id="10" s="C" t="C.ar" l="C"/>
		<a id="11" s="C" t="C.ar" l="C"/>
		<a id="12" s="Br" t="Br" l="BR"/>
		<a id="13" s="H" t="H" l="H"/>
		<a id="14" s="H" t="H" l="H"/>
		<a id="15" s="H" t="H" l="H"/>
	</atoms>
	<bonds>
		<b id="1" c="1 2" t="1"/>
		<b id="2" c="2 3" t="1"/>
		<b id="3" c="2 4" t="1"/>
		<b id="4" c="2 5" t="1"/>
		<b id="5" c="5 6" t="1"/>
		<b id="6" c="6 7" t="ar"/>
		<b id="7" c="7 8" t="ar"/>
		<b id="8" c="8 9" t="ar"/>
		<b id="9" c="9 10" t="ar"/>
		<b id="10" c="10 11" t="ar"/>
		<b id="11" c="6 11" t="ar"/>
		<b id="12" c="11 12" t="1"/>
		<b id="13" c="8 13" t="1"/>
		<b id="14" c="9 14" t="1"/>
		<b id="15" c="10 15" t="1"/>
	</bonds>
	<geometry>
		<g u="A" t="cart/3d">#15,3:0.7986,0.1356,-1.7085;1.8014,0.2110,-2.1224;1.8555,-0.2927,-3.0894;2.0832,1.2575,-2.2548;2.6546,-0.4182,-1.1865;3.9527,-0.4523,-1.4932;4.3829,0.0822,-2.6204;5.6788,0.0353,-2.9026;6.6154,-0.5478,-2.0742;6.1772,-1.1158,-0.8812;4.8333,-1.0679,-0.5874;4.1343,-1.8103,1.0088;5.9555,0.4924,-3.8421;7.6598,-0.5657,-2.3395;6.8686,-1.5845,-0.1976;</g>
	</geometry>
	<conformers/>
	<properties/>
</molecule>
