<?xml version="1.0" ?>
<!--MOLLI PACKAGE EXPERIMENTAL XML FORMAT-->
<molecule name="el853">
	<atoms>
		<a id="1" s="N" t="N.3" l="N"/>
		<a id="2" s="C" t="C.3" l="CA"/>
		<a id="3" s="C" t="C.3" l="C"/>
		<a id="4" s="C" t="C.ar" l="C"/>
		<a id="5" s="C" t="C.ar" l="C"/>
		<a id="6" s="N" t="N.ar" l="N"/>
		<a id="7" s="C" t="C.ar" l="C"/>
		<a id="8" s="C" t="C.ar" l="C"/>
		<a id="9" s="C" t="C.ar" l="C"/>
		<a id="10" s="Br" t="Br" l="BR"/>
		<a id="11" s="C" t="C.ar" l="C"/>
		<a id="12" s="C" t="C.ar" l="C"/>
		<a id="13" s="C" t="C.ar" l="C"/>
		<a id="14" s="C" t="C.2" l="C"/>
		<a id="15" s="O" t="O.2" l="O"/>
		<a id="16" s="O" t="O.3" l="OXT"/>
		<a id="17" s="H" t="H" l="H1"/>
		<a id="18" s="H" t="H" l="H2"/>
		<a id="19" s="H" t="H" l="HA"/>
		<a id="20" s="H" t="H" l="H"/>
		<a id="21" s="H" t="H" l="H"/>
		<a id="22" s="H" t="H" l="H"/>
		<a id="23" s="H" t="H" l="H"/>
		<a id="24" s="H" t="H" l="H"/>
		<a id="25" s="H" t="H" l="H"/>
		<a id="26" s="H" t="H" l="H"/>
		<a id="27" s="H" t="H" l="HXT"/>
	</atoms>
	<bonds>
		<b id="1" c="1 2" t="1"/>
		<b id="2" c="2 3" t="1"/>
		<b id="3" c="3 4" t="1"/>
		<b id="4" c="4 5" t="ar"/>
		<b id="5" c="5 6" t="ar"/>
		<b id="6" c="6 7" t="ar"/>
		<b id="7" c="7 8" t="ar"/>
		<b id="8" c="8 9" t="ar"/>
		<b id="9" c="9 10" t="1"/>
		<b id="10" c="9 11" t="ar"/>
		<b id="11" c="11 12" t="ar"/>
		<b id="12" c="12 13" t="ar"/>
		<b id="13" c="4 13" t="ar"/>
		<b id="14" c="7 13" t="ar"/>
		<b id="15" c="2 14" t="1"/>
		<b id="16" c="14 15" t="2"/>
		<b id="17" c="14 16" t="1"/>
		<b id="18" c="1 17" t="1"/>
		<b id="19" c="1 18" t="1"/>
		<b id="20" c="2 19" t="1"/>
		<b id="21" c="3 20" t="1"/>
		<b id="22" c="3 21" t="1"/>
		<b id="23" c="5 22" t="1"/>
		<b id="24" c="6 23" t="1"/>
		<b id="25" c="8 24" t="1"/>
		<b id="26" c="11 25" t="1"/>
		<b id="27" c="12 26" t="1"/>
		<b id="28" c="16 27" t="1"/>
	</bonds>
	<geometry>
		<g u="A" t="cart/3d">#27,3:5.2417,1.0886,0.0550;3.9942,0.3381,0.1382;2.9498,0.9011,1.1245;2.6014,2.3119,0.7801;1.6537,2.7188,-0.1151;1.6541,4.0819,-0.2162;2.6061,4.5895,0.6136;2.9811,5.9047,0.8555;3.9951,6.1019,1.7673;4.5609,7.8863,2.1434;4.6280,5.0489,2.4327;4.2529,3.7482,2.1890;3.2346,3.4969,1.2670;3.3900,0.2646,-1.2780;2.2595,-0.0673,-1.4965;4.2526,0.5884,-2.2327;5.8546,0.8730,0.8319;5.0440,2.0861,0.0883;4.2315,-0.6952,0.4201;3.3445,0.8474,2.1412;2.0594,0.2758,1.0562;0.9810,2.1161,-0.6930;1.0443,4.6206,-0.8074;2.5025,6.7332,0.3571;5.4118,5.2683,3.1408;4.7392,2.9385,2.7128;5.0986,0.8345,-1.7936;</g>
	</geometry>
	<conformers/>
	<properties/>
</molecule>
