<?xml version="1.0" ?>
<!--MOLLI PACKAGE EXPERIMENTAL XML FORMAT-->
<molecule name="el856">
	<atoms>
		<a id="1" s="O" t="O.2" l="O"/>
		<a id="2" s="S" t="S.O2" l="S"/>
		<a id="3" s="O" t="O.2" l="O"/>
		<a id="4" s="C" t="C.ar" l="C"/>
		<a id="5" s="C" t="C.ar" l="C"/>
		<a id="6" s="C" t="C.ar" l="C"/>
		<a id="7" s="C" t="C.ar" l="C"/>
		<a id="8" s="Br" t="Br" l="BR"/>
		<a id="9" s="N" t="N.ar" l="N"/>
		<a id="10" s="N" t="N.ar" l="N"/>
		<a id="11" s="C" t="C.3" l="C"/>
		<a id="12" s="C" t="C.3" l="C"/>
		<a id="13" s="C" t="C.3" l="C"/>
		<a id="14" s="C" t="C.ar" l="C"/>
		<a id="15" s="C" t="C.ar" l="C"/>
		<a id="16" s="N" t="N.ar" l="N"/>
		<a id="17" s="N" t="N.3" l="N"/>
		<a id="18" s="C" t="C.3" l="C"/>
		<a id="19" s="C" t="C.3" l="C"/>
		<a id="20" s="O" t="O.3" l="O"/>
		<a id="21" s="C" t="C.3" l="C"/>
		<a id="22" s="C" t="C.3" l="C"/>
		<a id="23" s="H" t="H" l="H"/>
		<a id="24" s="H" t="H" l="H"/>
		<a id="25" s="H" t="H" l="H"/>
		<a id="26" s="H" t="H" l="H"/>
		<a id="27" s="H" t="H" l="H"/>
		<a id="28" s="H" t="H" l="H"/>
		<a id="29" s="H" t="H" l="H"/>
		<a id="30" s="H" t="H" l="H"/>
		<a id="31" s="H" t="H" l="H"/>
		<a id="32" s="H" t="H" l="H"/>
		<a id="33" s="H" t="H" l="H"/>
		<a id="34" s="H" t="H" l="H"/>
		<a id="35" s="H" t="H" l="H"/>
		<a id="36" s="H" t="H" l="H"/>
		<a id="37" s="H" t="H" l="H"/>
	</atoms>
	<bonds>
		<b id="1" c="1 2" t="2"/>
		<b id="2" c="2 3" t="2"/>
		<b id="3" c="2 4" t="1"/>
		<b id="4" c="4 5" t="ar"/>
		<b id="5" c="5 6" t="ar"/>
		<b id="6" c="6 7" t="ar"/>
		<b id="7" c="7 8" t="1"/>
		<b id="8" c="7 9" t="ar"/>
		<b id="9" c="9 10" t="ar"/>
		<b id="10" c="10 11" t="1"/>
		<b id="11" c="11 12" t="1"/>
		<b id="12" c="12 13" t="1"/>
		<b id="13" c="11 13" t="1"/>
		<b id="14" c="10 14" t="ar"/>
		<b id="15" c="6 14" t="ar"/>
		<b id="16" c="14 15" t="ar"/>
		<b id="17" c="15 16" t="ar"/>
		<b id="18" c="4 16" t="ar"/>
		<b id="19" c="2 17" t="1"/>
		<b id="20" c="17 18" t="1"/>
		<b id="21" c="18 19" t="1"/>
		<b id="22" c="19 20" t="1"/>
		<b id="23" c="20 21" t="1"/>
		<b id="24" c="21 22" t="1"/>
		<b id="25" c="17 22" t="1"/>
		<b id="26" c="5 23" t="1"/>
		<b id="27" c="11 24" t="1"/>
		<b id="28" c="12 25" t="1"/>
		<b id="29" c="12 26" t="1"/>
		<b id="30" c="13 27" t="1"/>
		<b id="31" c="13 28" t="1"/>
		<b id="32" c="15 29" t="1"/>
		<b id="33" c="18 30" t="1"/>
		<b id="34" c="18 31" t="1"/>
		<b id="35" c="19 32" t="1"/>
		<b id="36" c="19 33" t="1"/>
		<b id="37" c="21 34" t="1"/>
		<b id="38" c="21 35" t="1"/>
		<b id="39" c="22 36" t="1"/>
		<b id="40" c="22 37" t="1"/>
	</bonds>
	<geometry>
		<g u="A" t="cart/3d">#37,3:2.9038,-0.6538,0.8149;2.0962,0.3426,0.1744;0.7055,0.4113,0.5183;2.8573,1.9464,0.4971;4.0221,1.9886,1.2235;4.5418,3.2607,1.4618;5.6585,3.8090,2.1420;6.9976,2.8840,3.0461;5.6547,5.1179,2.0659;4.5846,5.4912,1.3603;4.3843,6.8850,1.1669;3.0094,7.4830,1.1553;3.8129,7.4257,-0.1096;3.8618,4.4100,0.9591;2.6889,4.2165,0.2181;2.2208,3.0115,0.0079;2.3520,0.2277,-1.4788;1.3567,0.9159,-2.2816;0.1176,0.0398,-2.4929;0.4691,-1.2210,-3.0252;1.3605,-1.9032,-2.1707;2.6505,-1.1024,-1.9774;4.4798,1.0823,1.5828;5.1877,7.4233,1.6527;2.8771,8.4376,1.6396;2.1653,6.8210,1.2645;4.2339,8.3409,-0.4950;3.5245,6.7249,-0.8767;2.1145,5.0241,-0.2109;1.8186,1.1537,-3.2456;1.0928,1.8353,-1.7601;-0.5593,0.4954,-3.2178;-0.3963,-0.0856,-1.5303;1.5624,-2.8651,-2.6453;0.8932,-2.0650,-1.1874;3.1751,-0.9930,-2.9318;3.2994,-1.5850,-1.2477;</g>
	</geometry>
	<conformers/>
	<properties/>
</molecule>
