<?xml version="1.0" ?>
<!--MOLLI PACKAGE EXPERIMENTAL XML FORMAT-->
<molecule name="el857">
	<atoms>
		<a id="1" s="O" t="O.2" l="O"/>
		<a id="2" s="S" t="S.O2" l="S"/>
		<a id="3" s="O" t="O.2" l="O"/>
		<a id="4" s="C" t="C.ar" l="C"/>
		<a id="5" s="C" t="C.ar" l="C"/>
		<a id="6" s="C" t="C.ar" l="C"/>
		<a id="7" s="C" t="C.ar" l="C"/>
		<a id="8" s="C" t="C.ar" l="C"/>
		<a id="9" s="C" t="C.ar" l="C"/>
		<a id="10" s="C" t="C.ar" l="C"/>
		<a id="11" s="Br" t="Br" l="BR"/>
		<a id="12" s="N" t="N.ar" l="N"/>
		<a id="13" s="N" t="N.ar" l="N"/>
		<a id="14" s="C" t="C.3" l="C"/>
		<a id="15" s="F" t="F" l="F"/>
		<a id="16" s="F" t="F" l="F"/>
		<a id="17" s="N" t="N.3" l="N"/>
		<a id="18" s="C" t="C.3" l="C"/>
		<a id="19" s="C" t="C.3" l="C"/>
		<a id="20" s="O" t="O.3" l="O"/>
		<a id="21" s="C" t="C.3" l="C"/>
		<a id="22" s="C" t="C.3" l="C"/>
		<a id="23" s="H" t="H" l="H"/>
		<a id="24" s="H" t="H" l="H"/>
		<a id="25" s="H" t="H" l="H"/>
		<a id="26" s="H" t="H" l="H"/>
		<a id="27" s="H" t="H" l="H"/>
		<a id="28" s="H" t="H" l="H"/>
		<a id="29" s="H" t="H" l="H"/>
		<a id="30" s="H" t="H" l="H"/>
		<a id="31" s="H" t="H" l="H"/>
		<a id="32" s="H" t="H" l="H"/>
		<a id="33" s="H" t="H" l="H"/>
		<a id="34" s="H" t="H" l="H"/>
	</atoms>
	<bonds>
		<b id="1" c="1 2" t="2"/>
		<b id="2" c="2 3" t="2"/>
		<b id="3" c="2 4" t="1"/>
		<b id="4" c="4 5" t="ar"/>
		<b id="5" c="5 6" t="ar"/>
		<b id="6" c="6 7" t="ar"/>
		<b id="7" c="7 8" t="ar"/>
		<b id="8" c="8 9" t="ar"/>
		<b id="9" c="4 9" t="ar"/>
		<b id="10" c="8 10" t="ar"/>
		<b id="11" c="10 11" t="1"/>
		<b id="12" c="10 12" t="ar"/>
		<b id="13" c="12 13" t="ar"/>
		<b id="14" c="7 13" t="ar"/>
		<b id="15" c="13 14" t="1"/>
		<b id="16" c="14 15" t="1"/>
		<b id="17" c="14 16" t="1"/>
		<b id="18" c="2 17" t="1"/>
		<b id="19" c="17 18" t="1"/>
		<b id="20" c="18 19" t="1"/>
		<b id="21" c="19 20" t="1"/>
		<b id="22" c="20 21" t="1"/>
		<b id="23" c="21 22" t="1"/>
		<b id="24" c="17 22" t="1"/>
		<b id="25" c="5 23" t="1"/>
		<b id="26" c="6 24" t="1"/>
		<b id="27" c="9 25" t="1"/>
		<b id="28" c="14 26" t="1"/>
		<b id="29" c="18 27" t="1"/>
		<b id="30" c="18 28" t="1"/>
		<b id="31" c="19 29" t="1"/>
		<b id="32" c="19 30" t="1"/>
		<b id="33" c="21 31" t="1"/>
		<b id="34" c="21 32" t="1"/>
		<b id="35" c="22 33" t="1"/>
		<b id="36" c="22 34" t="1"/>
	</bonds>
	<geometry>
		<g u="A" t="cart/3d">#34,3:1.4961,-0.1589,-1.0007;2.8230,-0.0591,-0.4735;3.8750,-0.8049,-1.1042;3.3065,1.6668,-0.4347;2.3576,2.5856,0.0204;2.6456,3.9293,0.1049;3.9262,4.3151,-0.2809;4.8870,3.3856,-0.7427;4.5712,2.0299,-0.8242;6.0293,4.1930,-1.0241;7.6728,3.6113,-1.6625;5.8028,5.4522,-0.7695;4.5328,5.5449,-0.3201;4.0074,6.7994,0.0483;2.8864,7.0816,-0.6487;3.6363,6.8081,1.3482;2.7392,-0.3378,1.1786;4.0171,-0.6407,1.7951;4.3542,-2.1297,1.6608;3.3088,-2.9319,2.1652;2.1011,-2.6854,1.4789;1.6787,-1.2222,1.6270;1.3863,2.2057,0.2916;1.9203,4.6486,0.4487;5.2699,1.2918,-1.1851;4.7576,7.5856,-0.1240;3.9511,-0.3625,2.8519;4.7785,-0.0335,1.3055;5.2401,-2.3806,2.2464;4.5307,-2.3583,0.6007;1.3591,-3.3541,1.9180;2.2206,-2.9141,0.4090;1.4716,-0.9910,2.6765;0.8014,-1.0115,1.0170;</g>
	</geometry>
	<conformers/>
	<properties/>
</molecule>
