<?xml version="1.0" ?>
<!--MOLLI PACKAGE EXPERIMENTAL XML FORMAT-->
<molecule name="el859">
	<atoms>
		<a id="1" s="O" t="O.2" l="O"/>
		<a id="2" s="S" t="S.O2" l="S"/>
		<a id="3" s="O" t="O.2" l="O"/>
		<a id="4" s="C" t="C.ar" l="C"/>
		<a id="5" s="C" t="C.ar" l="C"/>
		<a id="6" s="C" t="C.ar" l="C"/>
		<a id="7" s="C" t="C.ar" l="C"/>
		<a id="8" s="C" t="C.ar" l="C"/>
		<a id="9" s="C" t="C.ar" l="C"/>
		<a id="10" s="C" t="C.ar" l="C"/>
		<a id="11" s="Br" t="Br" l="BR"/>
		<a id="12" s="N" t="N.ar" l="N"/>
		<a id="13" s="N" t="N.ar" l="N"/>
		<a id="14" s="C" t="C.3" l="C"/>
		<a id="15" s="C" t="C.3" l="C"/>
		<a id="16" s="C" t="C.3" l="C"/>
		<a id="17" s="N" t="N.3" l="N"/>
		<a id="18" s="C" t="C.3" l="C"/>
		<a id="19" s="C" t="C.3" l="C"/>
		<a id="20" s="C" t="C.3" l="C"/>
		<a id="21" s="O" t="O.3" l="O"/>
		<a id="22" s="C" t="C.3" l="C"/>
		<a id="23" s="C" t="C.3" l="C"/>
		<a id="24" s="H" t="H" l="H"/>
		<a id="25" s="H" t="H" l="H"/>
		<a id="26" s="H" t="H" l="H"/>
		<a id="27" s="H" t="H" l="H"/>
		<a id="28" s="H" t="H" l="H"/>
		<a id="29" s="H" t="H" l="H"/>
		<a id="30" s="H" t="H" l="H"/>
		<a id="31" s="H" t="H" l="H"/>
		<a id="32" s="H" t="H" l="H"/>
		<a id="33" s="H" t="H" l="H"/>
		<a id="34" s="H" t="H" l="H"/>
		<a id="35" s="H" t="H" l="H"/>
		<a id="36" s="H" t="H" l="H"/>
		<a id="37" s="H" t="H" l="H"/>
		<a id="38" s="H" t="H" l="H"/>
		<a id="39" s="H" t="H" l="H"/>
		<a id="40" s="H" t="H" l="H"/>
		<a id="41" s="H" t="H" l="H"/>
	</atoms>
	<bonds>
		<b id="1" c="1 2" t="2"/>
		<b id="2" c="2 3" t="2"/>
		<b id="3" c="2 4" t="1"/>
		<b id="4" c="4 5" t="ar"/>
		<b id="5" c="5 6" t="ar"/>
		<b id="6" c="6 7" t="ar"/>
		<b id="7" c="7 8" t="ar"/>
		<b id="8" c="8 9" t="ar"/>
		<b id="9" c="4 9" t="ar"/>
		<b id="10" c="8 10" t="ar"/>
		<b id="11" c="10 11" t="1"/>
		<b id="12" c="10 12" t="ar"/>
		<b id="13" c="12 13" t="ar"/>
		<b id="14" c="7 13" t="ar"/>
		<b id="15" c="13 14" t="1"/>
		<b id="16" c="14 15" t="1"/>
		<b id="17" c="15 16" t="1"/>
		<b id="18" c="14 16" t="1"/>
		<b id="19" c="2 17" t="1"/>
		<b id="20" c="17 18" t="1"/>
		<b id="21" c="18 19" t="1"/>
		<b id="22" c="19 20" t="1"/>
		<b id="23" c="20 21" t="1"/>
		<b id="24" c="20 22" t="1"/>
		<b id="25" c="22 23" t="1"/>
		<b id="26" c="17 23" t="1"/>
		<b id="27" c="5 24" t="1"/>
		<b id="28" c="6 25" t="1"/>
		<b id="29" c="9 26" t="1"/>
		<b id="30" c="14 27" t="1"/>
		<b id="31" c="15 28" t="1"/>
		<b id="32" c="15 29" t="1"/>
		<b id="33" c="16 30" t="1"/>
		<b id="34" c="16 31" t="1"/>
		<b id="35" c="18 32" t="1"/>
		<b id="36" c="18 33" t="1"/>
		<b id="37" c="19 34" t="1"/>
		<b id="38" c="19 35" t="1"/>
		<b id="39" c="20 36" t="1"/>
		<b id="40" c="21 37" t="1"/>
		<b id="41" c="22 38" t="1"/>
		<b id="42" c="22 39" t="1"/>
		<b id="43" c="23 40" t="1"/>
		<b id="44" c="23 41" t="1"/>
	</bonds>
	<geometry>
		<g u="A" t="cart/3d">#41,3:3.0548,-0.7723,1.0476;2.5349,0.0400,-0.0098;2.7949,1.4537,0.0260;3.0733,-0.6176,-1.5828;3.7050,0.2274,-2.5020;4.1286,-0.2376,-3.7239;3.8991,-1.5864,-4.0088;3.2549,-2.4374,-3.0666;2.8375,-1.9444,-1.8312;3.2163,-3.6891,-3.7321;2.4938,-5.2838,-3.0902;3.7637,-3.6128,-4.9200;4.1780,-2.3535,-5.0941;4.8136,-1.9694,-6.3068;4.3402,-2.5842,-7.5916;5.6677,-2.9752,-7.0204;0.8828,-0.2603,-0.1166;0.2278,0.6476,-1.0326;-1.1951,0.1681,-1.3091;-1.9929,0.0185,-0.0040;-2.3328,1.2622,0.5578;-1.2059,-0.8704,0.9710;0.2125,-0.3423,1.1665;3.8480,1.2561,-2.2115;4.6175,0.4148,-4.4295;2.3549,-2.5653,-1.0946;5.1130,-0.9310,-6.2908;4.3090,-1.9632,-8.4728;3.5396,-3.3029,-7.5189;6.5690,-2.6282,-7.5002;5.7445,-3.9518,-6.5700;0.8126,0.6582,-1.9556;0.2275,1.6720,-0.6289;-1.1548,-0.8005,-1.8074;-1.6991,0.8809,-1.9630;-2.9588,-0.4497,-0.2243;-1.5216,1.7242,0.7992;-1.1605,-1.8809,0.5656;-1.7192,-0.8990,1.9326;0.8022,-1.0173,1.7874;0.1946,0.6430,1.6595;</g>
	</geometry>
	<conformers/>
	<properties/>
</molecule>
