<?xml version="1.0" ?>
<!--MOLLI PACKAGE EXPERIMENTAL XML FORMAT-->
<molecule name="el860">
	<atoms>
		<a id="1" s="O" t="O.2" l="O"/>
		<a id="2" s="S" t="S.O2" l="S"/>
		<a id="3" s="O" t="O.2" l="O"/>
		<a id="4" s="C" t="C.ar" l="C"/>
		<a id="5" s="C" t="C.ar" l="C"/>
		<a id="6" s="C" t="C.ar" l="C"/>
		<a id="7" s="F" t="F" l="F"/>
		<a id="8" s="C" t="C.ar" l="C"/>
		<a id="9" s="C" t="C.ar" l="C"/>
		<a id="10" s="C" t="C.ar" l="C"/>
		<a id="11" s="C" t="C.ar" l="C"/>
		<a id="12" s="Br" t="Br" l="BR"/>
		<a id="13" s="N" t="N.ar" l="N"/>
		<a id="14" s="N" t="N.ar" l="N"/>
		<a id="15" s="C" t="C.3" l="C"/>
		<a id="16" s="C" t="C.3" l="C"/>
		<a id="17" s="C" t="C.3" l="C"/>
		<a id="18" s="N" t="N.3" l="N"/>
		<a id="19" s="C" t="C.3" l="C"/>
		<a id="20" s="C" t="C.3" l="C"/>
		<a id="21" s="C" t="C.3" l="C"/>
		<a id="22" s="O" t="O.3" l="O"/>
		<a id="23" s="C" t="C.3" l="C"/>
		<a id="24" s="C" t="C.3" l="C"/>
		<a id="25" s="H" t="H" l="H"/>
		<a id="26" s="H" t="H" l="H"/>
		<a id="27" s="H" t="H" l="H"/>
		<a id="28" s="H" t="H" l="H"/>
		<a id="29" s="H" t="H" l="H"/>
		<a id="30" s="H" t="H" l="H"/>
		<a id="31" s="H" t="H" l="H"/>
		<a id="32" s="H" t="H" l="H"/>
		<a id="33" s="H" t="H" l="H"/>
		<a id="34" s="H" t="H" l="H"/>
		<a id="35" s="H" t="H" l="H"/>
		<a id="36" s="H" t="H" l="H"/>
		<a id="37" s="H" t="H" l="H"/>
		<a id="38" s="H" t="H" l="H"/>
		<a id="39" s="H" t="H" l="H"/>
		<a id="40" s="H" t="H" l="H"/>
		<a id="41" s="H" t="H" l="H"/>
	</atoms>
	<bonds>
		<b id="1" c="1 2" t="2"/>
		<b id="2" c="2 3" t="2"/>
		<b id="3" c="2 4" t="1"/>
		<b id="4" c="4 5" t="ar"/>
		<b id="5" c="5 6" t="ar"/>
		<b id="6" c="6 7" t="1"/>
		<b id="7" c="6 8" t="ar"/>
		<b id="8" c="8 9" t="ar"/>
		<b id="9" c="9 10" t="ar"/>
		<b id="10" c="4 10" t="ar"/>
		<b id="11" c="9 11" t="ar"/>
		<b id="12" c="11 12" t="1"/>
		<b id="13" c="11 13" t="ar"/>
		<b id="14" c="13 14" t="ar"/>
		<b id="15" c="8 14" t="ar"/>
		<b id="16" c="14 15" t="1"/>
		<b id="17" c="15 16" t="1"/>
		<b id="18" c="16 17" t="1"/>
		<b id="19" c="15 17" t="1"/>
		<b id="20" c="2 18" t="1"/>
		<b id="21" c="18 19" t="1"/>
		<b id="22" c="19 20" t="1"/>
		<b id="23" c="20 21" t="1"/>
		<b id="24" c="21 22" t="1"/>
		<b id="25" c="21 23" t="1"/>
		<b id="26" c="23 24" t="1"/>
		<b id="27" c="18 24" t="1"/>
		<b id="28" c="5 25" t="1"/>
		<b id="29" c="10 26" t="1"/>
		<b id="30" c="15 27" t="1"/>
		<b id="31" c="16 28" t="1"/>
		<b id="32" c="16 29" t="1"/>
		<b id="33" c="17 30" t="1"/>
		<b id="34" c="17 31" t="1"/>
		<b id="35" c="19 32" t="1"/>
		<b id="36" c="19 33" t="1"/>
		<b id="37" c="20 34" t="1"/>
		<b id="38" c="20 35" t="1"/>
		<b id="39" c="21 36" t="1"/>
		<b id="40" c="22 37" t="1"/>
		<b id="41" c="23 38" t="1"/>
		<b id="42" c="23 39" t="1"/>
		<b id="43" c="24 40" t="1"/>
		<b id="44" c="24 41" t="1"/>
	</bonds>
	<geometry>
		<g u="A" t="cart/3d">#41,3:3.1333,-0.6902,0.7938;2.3478,0.0211,-0.1670;0.9221,0.0550,0.0041;2.9539,1.7032,-0.2913;2.0725,2.7585,-0.0337;2.5084,4.0569,-0.1111;1.6588,5.0735,0.1358;3.8409,4.3124,-0.4549;4.7128,3.2166,-0.7166;4.2665,1.8970,-0.6295;5.9398,3.8554,-1.0303;7.5442,3.0316,-1.4971;5.8275,5.1594,-0.9653;4.5711,5.4444,-0.6195;4.1552,6.7970,-0.4653;4.7430,7.8313,-1.3804;5.1497,7.7909,0.0590;2.7627,-0.5473,-1.6896;1.8964,-0.0264,-2.7244;2.5044,-0.3124,-4.0955;2.7614,-1.8160,-4.2847;1.5705,-2.5409,-4.4669;3.5934,-2.3413,-3.1045;2.9393,-1.9841,-1.7726;1.0518,2.5291,0.2259;4.9169,1.0589,-0.8158;3.1192,6.8735,-0.1704;4.1009,8.6269,-1.7233;5.4601,7.4858,-2.1080;4.7937,8.5580,0.7281;6.1359,7.4178,0.2851;1.8058,1.0503,-2.5631;0.8880,-0.4598,-2.6414;3.4525,0.2182,-4.1832;1.8287,0.0410,-4.8752;3.3157,-1.9714,-5.2171;1.0369,-2.4674,-3.6673;4.5864,-1.8949,-3.1491;3.6906,-3.4246,-3.1826;3.5715,-2.2732,-0.9326;1.9731,-2.5020,-1.6645;</g>
	</geometry>
	<conformers/>
	<properties/>
</molecule>
