<?xml version="1.0" ?>
<!--MOLLI PACKAGE EXPERIMENTAL XML FORMAT-->
<molecule name="el861">
	<atoms>
		<a id="1" s="O" t="O.2" l="O"/>
		<a id="2" s="S" t="S.O2" l="S"/>
		<a id="3" s="O" t="O.2" l="O"/>
		<a id="4" s="C" t="C.ar" l="C"/>
		<a id="5" s="C" t="C.ar" l="C"/>
		<a id="6" s="C" t="C.ar" l="C"/>
		<a id="7" s="C" t="C.ar" l="C"/>
		<a id="8" s="Br" t="Br" l="BR"/>
		<a id="9" s="N" t="N.ar" l="N"/>
		<a id="10" s="N" t="N.ar" l="N"/>
		<a id="11" s="C" t="C.3" l="C"/>
		<a id="12" s="C" t="C.3" l="C"/>
		<a id="13" s="C" t="C.3" l="C"/>
		<a id="14" s="C" t="C.ar" l="C"/>
		<a id="15" s="C" t="C.ar" l="C"/>
		<a id="16" s="C" t="C.ar" l="C"/>
		<a id="17" s="F" t="F" l="F"/>
		<a id="18" s="N" t="N.3" l="N"/>
		<a id="19" s="C" t="C.3" l="C"/>
		<a id="20" s="C" t="C.3" l="C"/>
		<a id="21" s="C" t="C.3" l="C"/>
		<a id="22" s="O" t="O.3" l="O"/>
		<a id="23" s="C" t="C.3" l="C"/>
		<a id="24" s="C" t="C.3" l="C"/>
		<a id="25" s="H" t="H" l="H"/>
		<a id="26" s="H" t="H" l="H"/>
		<a id="27" s="H" t="H" l="H"/>
		<a id="28" s="H" t="H" l="H"/>
		<a id="29" s="H" t="H" l="H"/>
		<a id="30" s="H" t="H" l="H"/>
		<a id="31" s="H" t="H" l="H"/>
		<a id="32" s="H" t="H" l="H"/>
		<a id="33" s="H" t="H" l="H"/>
		<a id="34" s="H" t="H" l="H"/>
		<a id="35" s="H" t="H" l="H"/>
		<a id="36" s="H" t="H" l="H"/>
		<a id="37" s="H" t="H" l="H"/>
		<a id="38" s="H" t="H" l="H"/>
		<a id="39" s="H" t="H" l="H"/>
		<a id="40" s="H" t="H" l="H"/>
		<a id="41" s="H" t="H" l="H"/>
	</atoms>
	<bonds>
		<b id="1" c="1 2" t="2"/>
		<b id="2" c="2 3" t="2"/>
		<b id="3" c="2 4" t="1"/>
		<b id="4" c="4 5" t="ar"/>
		<b id="5" c="5 6" t="ar"/>
		<b id="6" c="6 7" t="ar"/>
		<b id="7" c="7 8" t="1"/>
		<b id="8" c="7 9" t="ar"/>
		<b id="9" c="9 10" t="ar"/>
		<b id="10" c="10 11" t="1"/>
		<b id="11" c="11 12" t="1"/>
		<b id="12" c="12 13" t="1"/>
		<b id="13" c="11 13" t="1"/>
		<b id="14" c="10 14" t="ar"/>
		<b id="15" c="6 14" t="ar"/>
		<b id="16" c="14 15" t="ar"/>
		<b id="17" c="15 16" t="ar"/>
		<b id="18" c="4 16" t="ar"/>
		<b id="19" c="16 17" t="1"/>
		<b id="20" c="2 18" t="1"/>
		<b id="21" c="18 19" t="1"/>
		<b id="22" c="19 20" t="1"/>
		<b id="23" c="20 21" t="1"/>
		<b id="24" c="21 22" t="1"/>
		<b id="25" c="21 23" t="1"/>
		<b id="26" c="23 24" t="1"/>
		<b id="27" c="18 24" t="1"/>
		<b id="28" c="5 25" t="1"/>
		<b id="29" c="11 26" t="1"/>
		<b id="30" c="12 27" t="1"/>
		<b id="31" c="12 28" t="1"/>
		<b id="32" c="13 29" t="1"/>
		<b id="33" c="13 30" t="1"/>
		<b id="34" c="15 31" t="1"/>
		<b id="35" c="19 32" t="1"/>
		<b id="36" c="19 33" t="1"/>
		<b id="37" c="20 34" t="1"/>
		<b id="38" c="20 35" t="1"/>
		<b id="39" c="21 36" t="1"/>
		<b id="40" c="22 37" t="1"/>
		<b id="41" c="23 38" t="1"/>
		<b id="42" c="23 39" t="1"/>
		<b id="43" c="24 40" t="1"/>
		<b id="44" c="24 41" t="1"/>
	</bonds>
	<geometry>
		<g u="A" t="cart/3d">#41,3:3.0576,-0.3783,-1.3502;2.9193,-0.3293,0.0715;3.7280,-1.1985,0.8773;3.2482,1.3490,0.6213;4.2944,1.5949,1.4723;4.5439,2.9192,1.8312;5.4862,3.5971,2.6475;6.8646,2.8397,3.6460;5.2795,4.8907,2.6341;4.2307,5.1267,1.8384;3.7714,6.4573,1.6330;4.7765,7.5711,1.6328;3.8293,7.4211,2.7822;3.7371,3.9751,1.3206;2.6699,3.7155,0.4574;2.4583,2.3975,0.1305;1.4380,2.0993,-0.6879;1.3112,-0.4798,0.4635;1.0421,-0.8455,1.8336;-0.3781,-0.4196,2.2025;-1.4064,-1.0204,1.2300;-1.5763,-2.4030,1.4236;-1.0072,-0.6755,-0.2134;0.4306,-1.1015,-0.4990;4.8912,0.7733,1.8356;2.9363,6.4917,0.9480;4.6345,8.3831,0.9373;5.8054,7.2955,1.7994;3.0226,8.1278,2.8953;4.2322,7.0455,3.7093;2.0371,4.4883,0.0539;1.7747,-0.3334,2.4600;1.1773,-1.9272,1.9842;-0.4500,0.6671,2.1563;-0.6055,-0.7456,3.2181;-2.3938,-0.5964,1.4446;-0.7434,-2.8464,1.2263;-1.0927,0.4010,-0.3557;-1.6813,-1.1785,-0.9069;0.7514,-0.7640,-1.4842;0.5248,-2.1986,-0.4647;</g>
	</geometry>
	<conformers/>
	<properties/>
</molecule>
