<?xml version="1.0" ?>
<!--MOLLI PACKAGE EXPERIMENTAL XML FORMAT-->
<molecule name="el864">
	<atoms>
		<a id="1" s="O" t="O.2" l="O"/>
		<a id="2" s="S" t="S.O2" l="S"/>
		<a id="3" s="O" t="O.2" l="O"/>
		<a id="4" s="C" t="C.ar" l="C"/>
		<a id="5" s="C" t="C.ar" l="C"/>
		<a id="6" s="C" t="C.ar" l="C"/>
		<a id="7" s="C" t="C.ar" l="C"/>
		<a id="8" s="Br" t="Br" l="BR"/>
		<a id="9" s="N" t="N.ar" l="N"/>
		<a id="10" s="N" t="N.ar" l="N"/>
		<a id="11" s="C" t="C.3" l="C"/>
		<a id="12" s="C" t="C.3" l="C"/>
		<a id="13" s="C" t="C.3" l="C"/>
		<a id="14" s="C" t="C.ar" l="C"/>
		<a id="15" s="C" t="C.ar" l="C"/>
		<a id="16" s="N" t="N.ar" l="N"/>
		<a id="17" s="N" t="N.3" l="N"/>
		<a id="18" s="C" t="C.3" l="C"/>
		<a id="19" s="C" t="C.3" l="C"/>
		<a id="20" s="C" t="C.3" l="C"/>
		<a id="21" s="O" t="O.3" l="O"/>
		<a id="22" s="C" t="C.3" l="C"/>
		<a id="23" s="C" t="C.3" l="C"/>
		<a id="24" s="H" t="H" l="H"/>
		<a id="25" s="H" t="H" l="H"/>
		<a id="26" s="H" t="H" l="H"/>
		<a id="27" s="H" t="H" l="H"/>
		<a id="28" s="H" t="H" l="H"/>
		<a id="29" s="H" t="H" l="H"/>
		<a id="30" s="H" t="H" l="H"/>
		<a id="31" s="H" t="H" l="H"/>
		<a id="32" s="H" t="H" l="H"/>
		<a id="33" s="H" t="H" l="H"/>
		<a id="34" s="H" t="H" l="H"/>
		<a id="35" s="H" t="H" l="H"/>
		<a id="36" s="H" t="H" l="H"/>
		<a id="37" s="H" t="H" l="H"/>
		<a id="38" s="H" t="H" l="H"/>
		<a id="39" s="H" t="H" l="H"/>
		<a id="40" s="H" t="H" l="H"/>
	</atoms>
	<bonds>
		<b id="1" c="1 2" t="2"/>
		<b id="2" c="2 3" t="2"/>
		<b id="3" c="2 4" t="1"/>
		<b id="4" c="4 5" t="ar"/>
		<b id="5" c="5 6" t="ar"/>
		<b id="6" c="6 7" t="ar"/>
		<b id="7" c="7 8" t="1"/>
		<b id="8" c="7 9" t="ar"/>
		<b id="9" c="9 10" t="ar"/>
		<b id="10" c="10 11" t="1"/>
		<b id="11" c="11 12" t="1"/>
		<b id="12" c="12 13" t="1"/>
		<b id="13" c="11 13" t="1"/>
		<b id="14" c="10 14" t="ar"/>
		<b id="15" c="6 14" t="ar"/>
		<b id="16" c="14 15" t="ar"/>
		<b id="17" c="15 16" t="ar"/>
		<b id="18" c="4 16" t="ar"/>
		<b id="19" c="2 17" t="1"/>
		<b id="20" c="17 18" t="1"/>
		<b id="21" c="18 19" t="1"/>
		<b id="22" c="19 20" t="1"/>
		<b id="23" c="20 21" t="1"/>
		<b id="24" c="20 22" t="1"/>
		<b id="25" c="22 23" t="1"/>
		<b id="26" c="17 23" t="1"/>
		<b id="27" c="5 24" t="1"/>
		<b id="28" c="11 25" t="1"/>
		<b id="29" c="12 26" t="1"/>
		<b id="30" c="12 27" t="1"/>
		<b id="31" c="13 28" t="1"/>
		<b id="32" c="13 29" t="1"/>
		<b id="33" c="15 30" t="1"/>
		<b id="34" c="18 31" t="1"/>
		<b id="35" c="18 32" t="1"/>
		<b id="36" c="19 33" t="1"/>
		<b id="37" c="19 34" t="1"/>
		<b id="38" c="20 35" t="1"/>
		<b id="39" c="21 36" t="1"/>
		<b id="40" c="22 37" t="1"/>
		<b id="41" c="22 38" t="1"/>
		<b id="42" c="23 39" t="1"/>
		<b id="43" c="23 40" t="1"/>
	</bonds>
	<geometry>
		<g u="A" t="cart/3d">#40,3:3.4156,-1.6951,0.4466;2.9242,-0.3629,0.2522;1.5420,-0.1847,-0.0791;3.2260,0.5283,1.8043;2.8160,-0.0600,2.9756;3.0543,0.6724,4.1381;2.8415,0.5204,5.5327;2.0504,-0.9241,6.4095;3.2834,1.5653,6.1913;3.7871,2.4286,5.3078;4.3725,3.6496,5.7425;5.3092,3.6130,6.9172;3.9451,4.2135,7.0647;3.6860,1.9472,4.0420;4.0588,2.4272,2.7844;3.8253,1.7173,1.7053;3.8348,0.3628,-0.9121;5.2649,0.2534,-0.7472;5.9580,0.5071,-2.0844;5.5437,1.8693,-2.6627;6.0733,2.9438,-1.9227;4.0115,1.9292,-2.7579;3.3747,1.6430,-1.3991;2.3494,-1.0304,2.9702;4.5771,4.3145,4.9139;6.1723,4.2607,6.9006;5.4797,2.6498,7.3740;3.8494,5.2848,7.1521;3.2095,3.6479,7.6159;4.5484,3.3799,2.6401;5.4623,-0.7590,-0.3924;5.6250,0.9657,0.0119;5.6745,-0.2733,-2.7894;7.0395,0.4816,-1.9458;5.9781,1.9879,-3.6616;5.6990,2.9085,-1.0344;3.6768,1.1828,-3.4772;3.7037,2.9163,-3.1047;2.2900,1.5738,-1.4815;3.6177,2.4411,-0.6820;</g>
	</geometry>
	<conformers/>
	<properties/>
</molecule>
