<?xml version="1.0" ?>
<!--MOLLI PACKAGE EXPERIMENTAL XML FORMAT-->
<molecule name="el866">
	<atoms>
		<a id="1" s="O" t="O.2" l="O"/>
		<a id="2" s="S" t="S.O2" l="S"/>
		<a id="3" s="O" t="O.2" l="O"/>
		<a id="4" s="C" t="C.ar" l="C"/>
		<a id="5" s="C" t="C.ar" l="C"/>
		<a id="6" s="C" t="C.ar" l="C"/>
		<a id="7" s="C" t="C.ar" l="C"/>
		<a id="8" s="C" t="C.ar" l="C"/>
		<a id="9" s="C" t="C.ar" l="C"/>
		<a id="10" s="C" t="C.ar" l="C"/>
		<a id="11" s="Br" t="Br" l="BR"/>
		<a id="12" s="N" t="N.ar" l="N"/>
		<a id="13" s="N" t="N.ar" l="N"/>
		<a id="14" s="C" t="C.3" l="C"/>
		<a id="15" s="C" t="C.3" l="C"/>
		<a id="16" s="O" t="O.3" l="O"/>
		<a id="17" s="C" t="C.3" l="C"/>
		<a id="18" s="N" t="N.3" l="N"/>
		<a id="19" s="C" t="C.3" l="C"/>
		<a id="20" s="C" t="C.3" l="C"/>
		<a id="21" s="C" t="C.3" l="C"/>
		<a id="22" s="O" t="O.3" l="O"/>
		<a id="23" s="C" t="C.3" l="C"/>
		<a id="24" s="C" t="C.3" l="C"/>
		<a id="25" s="H" t="H" l="H"/>
		<a id="26" s="H" t="H" l="H"/>
		<a id="27" s="H" t="H" l="H"/>
		<a id="28" s="H" t="H" l="H"/>
		<a id="29" s="H" t="H" l="H"/>
		<a id="30" s="H" t="H" l="H"/>
		<a id="31" s="H" t="H" l="H"/>
		<a id="32" s="H" t="H" l="H"/>
		<a id="33" s="H" t="H" l="H"/>
		<a id="34" s="H" t="H" l="H"/>
		<a id="35" s="H" t="H" l="H"/>
		<a id="36" s="H" t="H" l="H"/>
		<a id="37" s="H" t="H" l="H"/>
		<a id="38" s="H" t="H" l="H"/>
		<a id="39" s="H" t="H" l="H"/>
		<a id="40" s="H" t="H" l="H"/>
		<a id="41" s="H" t="H" l="H"/>
		<a id="42" s="H" t="H" l="H"/>
	</atoms>
	<bonds>
		<b id="1" c="1 2" t="2"/>
		<b id="2" c="2 3" t="2"/>
		<b id="3" c="2 4" t="1"/>
		<b id="4" c="4 5" t="ar"/>
		<b id="5" c="5 6" t="ar"/>
		<b id="6" c="6 7" t="ar"/>
		<b id="7" c="7 8" t="ar"/>
		<b id="8" c="8 9" t="ar"/>
		<b id="9" c="4 9" t="ar"/>
		<b id="10" c="8 10" t="ar"/>
		<b id="11" c="10 11" t="1"/>
		<b id="12" c="10 12" t="ar"/>
		<b id="13" c="12 13" t="ar"/>
		<b id="14" c="7 13" t="ar"/>
		<b id="15" c="13 14" t="1"/>
		<b id="16" c="14 15" t="1"/>
		<b id="17" c="15 16" t="1"/>
		<b id="18" c="16 17" t="1"/>
		<b id="19" c="14 17" t="1"/>
		<b id="20" c="2 18" t="1"/>
		<b id="21" c="18 19" t="1"/>
		<b id="22" c="19 20" t="1"/>
		<b id="23" c="20 21" t="1"/>
		<b id="24" c="21 22" t="1"/>
		<b id="25" c="21 23" t="1"/>
		<b id="26" c="23 24" t="1"/>
		<b id="27" c="18 24" t="1"/>
		<b id="28" c="5 25" t="1"/>
		<b id="29" c="6 26" t="1"/>
		<b id="30" c="9 27" t="1"/>
		<b id="31" c="14 28" t="1"/>
		<b id="32" c="15 29" t="1"/>
		<b id="33" c="15 30" t="1"/>
		<b id="34" c="17 31" t="1"/>
		<b id="35" c="17 32" t="1"/>
		<b id="36" c="19 33" t="1"/>
		<b id="37" c="19 34" t="1"/>
		<b id="38" c="20 35" t="1"/>
		<b id="39" c="20 36" t="1"/>
		<b id="40" c="21 37" t="1"/>
		<b id="41" c="22 38" t="1"/>
		<b id="42" c="23 39" t="1"/>
		<b id="43" c="23 40" t="1"/>
		<b id="44" c="24 41" t="1"/>
		<b id="45" c="24 42" t="1"/>
	</bonds>
	<geometry>
		<g u="A" t="cart/3d">#42,3:3.5301,-0.5814,0.4431;2.3649,0.0800,-0.0588;1.3246,0.4234,0.8722;2.8616,1.5520,-0.9486;2.3886,2.7985,-0.5271;2.7534,3.9569,-1.1727;3.6116,3.8331,-2.2670;4.0838,2.5609,-2.6898;3.7079,1.4000,-2.0162;4.8994,2.8703,-3.8114;5.8371,1.6671,-4.8794;4.9236,4.1574,-4.0410;4.1559,4.7495,-3.1142;3.9733,6.1663,-3.1340;3.4316,6.7883,-4.4344;4.5317,7.6931,-4.4940;5.2125,7.0266,-3.4313;1.7552,-0.8456,-1.3241;0.4893,-0.3303,-1.7995;0.0921,-1.0399,-3.0915;0.0301,-2.5620,-2.8890;-1.0785,-2.9519,-2.1168;1.3606,-3.0454,-2.2924;1.7074,-2.2653,-1.0276;1.7254,2.8150,0.3233;2.3879,4.9163,-0.8436;4.0574,0.4240,-2.3097;3.4282,6.4592,-2.2372;2.4709,7.3031,-4.3731;3.4383,6.0912,-5.2778;5.5347,7.7145,-2.6476;6.0585,6.4404,-3.8009;0.6188,0.7404,-1.9765;-0.2896,-0.4467,-1.0301;0.8308,-0.8192,-3.8621;-0.8819,-0.6769,-3.4216;-0.1327,-3.0481,-3.8574;-0.9877,-2.5771,-1.2330;2.1488,-2.9026,-3.0312;1.2887,-4.1072,-2.0549;2.6936,-2.5415,-0.6531;0.9731,-2.4703,-0.2322;</g>
	</geometry>
	<conformers/>
	<properties/>
</molecule>
