<?xml version="1.0" ?>
<!--MOLLI PACKAGE EXPERIMENTAL XML FORMAT-->
<molecule name="el870">
	<atoms>
		<a id="1" s="O" t="O.2" l="O"/>
		<a id="2" s="S" t="S.O2" l="S"/>
		<a id="3" s="O" t="O.2" l="O"/>
		<a id="4" s="C" t="C.ar" l="C"/>
		<a id="5" s="C" t="C.ar" l="C"/>
		<a id="6" s="C" t="C.ar" l="C"/>
		<a id="7" s="C" t="C.ar" l="C"/>
		<a id="8" s="C" t="C.ar" l="C"/>
		<a id="9" s="C" t="C.ar" l="C"/>
		<a id="10" s="C" t="C.ar" l="C"/>
		<a id="11" s="Br" t="Br" l="BR"/>
		<a id="12" s="N" t="N.ar" l="N"/>
		<a id="13" s="N" t="N.ar" l="N"/>
		<a id="14" s="C" t="C.3" l="C"/>
		<a id="15" s="C" t="C.3" l="C"/>
		<a id="16" s="C" t="C.3" l="C"/>
		<a id="17" s="N" t="N.3" l="N"/>
		<a id="18" s="C" t="C.3" l="C"/>
		<a id="19" s="C" t="C.3" l="C"/>
		<a id="20" s="O" t="O.3" l="O"/>
		<a id="21" s="C" t="C.3" l="C"/>
		<a id="22" s="C" t="C.3" l="C"/>
		<a id="23" s="H" t="H" l="H"/>
		<a id="24" s="H" t="H" l="H"/>
		<a id="25" s="H" t="H" l="H"/>
		<a id="26" s="H" t="H" l="H"/>
		<a id="27" s="H" t="H" l="H"/>
		<a id="28" s="H" t="H" l="H"/>
		<a id="29" s="H" t="H" l="H"/>
		<a id="30" s="H" t="H" l="H"/>
		<a id="31" s="H" t="H" l="H"/>
		<a id="32" s="H" t="H" l="H"/>
		<a id="33" s="H" t="H" l="H"/>
		<a id="34" s="H" t="H" l="H"/>
		<a id="35" s="H" t="H" l="H"/>
		<a id="36" s="H" t="H" l="H"/>
		<a id="37" s="H" t="H" l="H"/>
		<a id="38" s="H" t="H" l="H"/>
	</atoms>
	<bonds>
		<b id="1" c="1 2" t="2"/>
		<b id="2" c="2 3" t="2"/>
		<b id="3" c="2 4" t="1"/>
		<b id="4" c="4 5" t="ar"/>
		<b id="5" c="5 6" t="ar"/>
		<b id="6" c="6 7" t="ar"/>
		<b id="7" c="7 8" t="ar"/>
		<b id="8" c="8 9" t="ar"/>
		<b id="9" c="4 9" t="ar"/>
		<b id="10" c="8 10" t="ar"/>
		<b id="11" c="10 11" t="1"/>
		<b id="12" c="10 12" t="ar"/>
		<b id="13" c="12 13" t="ar"/>
		<b id="14" c="7 13" t="ar"/>
		<b id="15" c="13 14" t="1"/>
		<b id="16" c="14 15" t="1"/>
		<b id="17" c="15 16" t="1"/>
		<b id="18" c="14 16" t="1"/>
		<b id="19" c="2 17" t="1"/>
		<b id="20" c="17 18" t="1"/>
		<b id="21" c="18 19" t="1"/>
		<b id="22" c="19 20" t="1"/>
		<b id="23" c="20 21" t="1"/>
		<b id="24" c="21 22" t="1"/>
		<b id="25" c="17 22" t="1"/>
		<b id="26" c="5 23" t="1"/>
		<b id="27" c="6 24" t="1"/>
		<b id="28" c="9 25" t="1"/>
		<b id="29" c="14 26" t="1"/>
		<b id="30" c="15 27" t="1"/>
		<b id="31" c="15 28" t="1"/>
		<b id="32" c="16 29" t="1"/>
		<b id="33" c="16 30" t="1"/>
		<b id="34" c="18 31" t="1"/>
		<b id="35" c="18 32" t="1"/>
		<b id="36" c="19 33" t="1"/>
		<b id="37" c="19 34" t="1"/>
		<b id="38" c="21 35" t="1"/>
		<b id="39" c="21 36" t="1"/>
		<b id="40" c="22 37" t="1"/>
		<b id="41" c="22 38" t="1"/>
	</bonds>
	<geometry>
		<g u="A" t="cart/3d">#38,3:1.3733,-0.1259,-0.0742;2.7884,0.0564,0.0520;3.3535,1.3011,-0.3953;3.2651,-0.1939,1.7587;3.8385,0.8691,2.4657;4.2044,0.7353,3.7839;3.9807,-0.5066,4.3825;3.4055,-1.5847,3.6547;3.0348,-1.4225,2.3204;3.3735,-2.6367,4.6060;2.7556,-4.3755,4.3391;3.8584,-2.2503,5.7600;4.2196,-0.9686,5.6376;4.8033,-0.2596,6.7235;6.1444,-0.7003,7.2457;4.9058,-0.9391,8.0522;3.5314,-1.2771,-0.6467;4.9574,-1.1121,-0.8503;5.2479,-0.3859,-2.1676;4.6183,-1.0329,-3.2520;3.2192,-1.0813,-3.0715;2.8599,-1.8499,-1.7988;3.9840,1.7961,1.9344;4.6494,1.5517,4.3294;2.5887,-2.2177,1.7460;4.5780,0.7983,6.6816;6.8403,0.0603,7.5628;6.6044,-1.5521,6.7700;4.7353,-0.3468,8.9372;4.5318,-1.9484,8.1077;5.4103,-2.1090,-0.8613;5.3504,-0.5426,-0.0071;6.3168,-0.3943,-2.3876;4.8916,0.6503,-2.0863;2.8155,-1.5766,-3.9559;2.8135,-0.0608,-2.9993;3.1751,-2.8947,-1.8851;1.7893,-1.7980,-1.6042;</g>
	</geometry>
	<conformers/>
	<properties/>
</molecule>
