<?xml version="1.0" ?>
<!--MOLLI PACKAGE EXPERIMENTAL XML FORMAT-->
<molecule name="el871">
	<atoms>
		<a id="1" s="O" t="O.2" l="O"/>
		<a id="2" s="S" t="S.O2" l="S"/>
		<a id="3" s="O" t="O.2" l="O"/>
		<a id="4" s="C" t="C.ar" l="C"/>
		<a id="5" s="C" t="C.ar" l="C"/>
		<a id="6" s="C" t="C.ar" l="C"/>
		<a id="7" s="C" t="C.ar" l="C"/>
		<a id="8" s="C" t="C.ar" l="C"/>
		<a id="9" s="C" t="C.ar" l="C"/>
		<a id="10" s="C" t="C.ar" l="C"/>
		<a id="11" s="Br" t="Br" l="BR"/>
		<a id="12" s="N" t="N.ar" l="N"/>
		<a id="13" s="N" t="N.ar" l="N"/>
		<a id="14" s="C" t="C.3" l="C"/>
		<a id="15" s="C" t="C.3" l="C"/>
		<a id="16" s="C" t="C.3" l="C"/>
		<a id="17" s="N" t="N.3" l="N"/>
		<a id="18" s="C" t="C.3" l="C"/>
		<a id="19" s="C" t="C.3" l="C"/>
		<a id="20" s="C" t="C.3" l="C"/>
		<a id="21" s="C" t="C.3" l="C"/>
		<a id="22" s="O" t="O.3" l="O"/>
		<a id="23" s="C" t="C.3" l="C"/>
		<a id="24" s="H" t="H" l="H"/>
		<a id="25" s="H" t="H" l="H"/>
		<a id="26" s="H" t="H" l="H"/>
		<a id="27" s="H" t="H" l="H"/>
		<a id="28" s="H" t="H" l="H"/>
		<a id="29" s="H" t="H" l="H"/>
		<a id="30" s="H" t="H" l="H"/>
		<a id="31" s="H" t="H" l="H"/>
		<a id="32" s="H" t="H" l="H"/>
		<a id="33" s="H" t="H" l="H"/>
		<a id="34" s="H" t="H" l="H"/>
		<a id="35" s="H" t="H" l="H"/>
		<a id="36" s="H" t="H" l="H"/>
		<a id="37" s="H" t="H" l="H"/>
		<a id="38" s="H" t="H" l="H"/>
		<a id="39" s="H" t="H" l="H"/>
		<a id="40" s="H" t="H" l="H"/>
		<a id="41" s="H" t="H" l="H"/>
	</atoms>
	<bonds>
		<b id="1" c="1 2" t="2"/>
		<b id="2" c="2 3" t="2"/>
		<b id="3" c="2 4" t="1"/>
		<b id="4" c="4 5" t="ar"/>
		<b id="5" c="5 6" t="ar"/>
		<b id="6" c="6 7" t="ar"/>
		<b id="7" c="7 8" t="ar"/>
		<b id="8" c="8 9" t="ar"/>
		<b id="9" c="4 9" t="ar"/>
		<b id="10" c="8 10" t="ar"/>
		<b id="11" c="10 11" t="1"/>
		<b id="12" c="10 12" t="ar"/>
		<b id="13" c="12 13" t="ar"/>
		<b id="14" c="7 13" t="ar"/>
		<b id="15" c="13 14" t="1"/>
		<b id="16" c="14 15" t="1"/>
		<b id="17" c="15 16" t="1"/>
		<b id="18" c="14 16" t="1"/>
		<b id="19" c="2 17" t="1"/>
		<b id="20" c="17 18" t="1"/>
		<b id="21" c="18 19" t="1"/>
		<b id="22" c="19 20" t="1"/>
		<b id="23" c="20 21" t="1"/>
		<b id="24" c="21 22" t="1"/>
		<b id="25" c="21 23" t="1"/>
		<b id="26" c="17 23" t="1"/>
		<b id="27" c="5 24" t="1"/>
		<b id="28" c="6 25" t="1"/>
		<b id="29" c="9 26" t="1"/>
		<b id="30" c="14 27" t="1"/>
		<b id="31" c="15 28" t="1"/>
		<b id="32" c="15 29" t="1"/>
		<b id="33" c="16 30" t="1"/>
		<b id="34" c="16 31" t="1"/>
		<b id="35" c="18 32" t="1"/>
		<b id="36" c="18 33" t="1"/>
		<b id="37" c="19 34" t="1"/>
		<b id="38" c="19 35" t="1"/>
		<b id="39" c="20 36" t="1"/>
		<b id="40" c="20 37" t="1"/>
		<b id="41" c="21 38" t="1"/>
		<b id="42" c="22 39" t="1"/>
		<b id="43" c="23 40" t="1"/>
		<b id="44" c="23 41" t="1"/>
	</bonds>
	<geometry>
		<g u="A" t="cart/3d">#41,3:2.7219,-0.0200,1.1512;2.4651,0.0449,-0.2547;3.0398,1.1325,-0.9998;2.9787,-1.4919,-1.0174;3.8620,-1.4506,-2.1023;4.2919,-2.6010,-2.7185;3.8081,-3.8121,-2.2170;2.9107,-3.8449,-1.1126;2.4919,-2.6640,-0.5006;2.6706,-5.2309,-0.9309;1.5671,-6.0257,0.3448;3.3325,-5.9473,-1.8059;4.0200,-5.1029,-2.5818;4.8363,-5.5974,-3.6358;4.3719,-6.8026,-4.4004;5.5263,-6.9169,-3.4535;0.8025,-0.0778,-0.4662;0.3751,0.1084,-1.8373;0.2707,1.5836,-2.2239;-0.6317,2.3151,-1.2344;-0.0922,2.1372,0.1897;-0.8692,2.8200,1.1428;0.0044,0.6356,0.5069;4.1938,-0.4789,-2.4324;4.9746,-2.5656,-3.5522;1.8203,-2.6577,0.3421;5.3435,-4.7981,-4.1574;4.5572,-6.8347,-5.4625;3.4351,-7.2399,-4.0934;6.5228,-7.0293,-3.8505;5.3522,-7.4293,-2.5207;-0.5967,-0.3859,-1.9500;1.1020,-0.4057,-2.4701;-0.1248,1.6695,-3.2374;1.2695,2.0201,-2.1973;-1.6475,1.9077,-1.2849;-0.6802,3.3785,-1.4741;0.9090,2.5749,0.2616;-1.7643,2.4606,1.1298;-0.9982,0.1892,0.5195;0.4759,0.4848,1.4786;</g>
	</geometry>
	<conformers/>
	<properties/>
</molecule>
