<?xml version="1.0" ?>
<!--MOLLI PACKAGE EXPERIMENTAL XML FORMAT-->
<molecule name="el872">
	<atoms>
		<a id="1" s="O" t="O.2" l="O"/>
		<a id="2" s="C" t="C.2" l="C"/>
		<a id="3" s="O" t="O.3" l="O"/>
		<a id="4" s="C" t="C.3" l="C"/>
		<a id="5" s="C" t="C.3" l="C"/>
		<a id="6" s="C" t="C.3" l="C"/>
		<a id="7" s="N" t="N.3" l="N"/>
		<a id="8" s="S" t="S.O2" l="S"/>
		<a id="9" s="O" t="O.2" l="O"/>
		<a id="10" s="O" t="O.2" l="O"/>
		<a id="11" s="C" t="C.ar" l="C"/>
		<a id="12" s="C" t="C.ar" l="C"/>
		<a id="13" s="C" t="C.ar" l="C"/>
		<a id="14" s="C" t="C.ar" l="C"/>
		<a id="15" s="C" t="C.ar" l="C"/>
		<a id="16" s="C" t="C.ar" l="C"/>
		<a id="17" s="C" t="C.ar" l="C"/>
		<a id="18" s="Br" t="Br" l="BR"/>
		<a id="19" s="N" t="N.ar" l="N"/>
		<a id="20" s="N" t="N.ar" l="N"/>
		<a id="21" s="C" t="C.3" l="C"/>
		<a id="22" s="C" t="C.3" l="C"/>
		<a id="23" s="C" t="C.3" l="C"/>
		<a id="24" s="C" t="C.3" l="C"/>
		<a id="25" s="H" t="H" l="H"/>
		<a id="26" s="H" t="H" l="H"/>
		<a id="27" s="H" t="H" l="H"/>
		<a id="28" s="H" t="H" l="H"/>
		<a id="29" s="H" t="H" l="H"/>
		<a id="30" s="H" t="H" l="H"/>
		<a id="31" s="H" t="H" l="H"/>
		<a id="32" s="H" t="H" l="H"/>
		<a id="33" s="H" t="H" l="H"/>
		<a id="34" s="H" t="H" l="H"/>
		<a id="35" s="H" t="H" l="H"/>
		<a id="36" s="H" t="H" l="H"/>
		<a id="37" s="H" t="H" l="H"/>
		<a id="38" s="H" t="H" l="H"/>
		<a id="39" s="H" t="H" l="H"/>
		<a id="40" s="H" t="H" l="H"/>
	</atoms>
	<bonds>
		<b id="1" c="1 2" t="2"/>
		<b id="2" c="2 3" t="1"/>
		<b id="3" c="2 4" t="1"/>
		<b id="4" c="4 5" t="1"/>
		<b id="5" c="5 6" t="1"/>
		<b id="6" c="6 7" t="1"/>
		<b id="7" c="7 8" t="1"/>
		<b id="8" c="8 9" t="2"/>
		<b id="9" c="8 10" t="2"/>
		<b id="10" c="8 11" t="1"/>
		<b id="11" c="11 12" t="ar"/>
		<b id="12" c="12 13" t="ar"/>
		<b id="13" c="13 14" t="ar"/>
		<b id="14" c="14 15" t="ar"/>
		<b id="15" c="15 16" t="ar"/>
		<b id="16" c="11 16" t="ar"/>
		<b id="17" c="15 17" t="ar"/>
		<b id="18" c="17 18" t="1"/>
		<b id="19" c="17 19" t="ar"/>
		<b id="20" c="19 20" t="ar"/>
		<b id="21" c="14 20" t="ar"/>
		<b id="22" c="20 21" t="1"/>
		<b id="23" c="21 22" t="1"/>
		<b id="24" c="22 23" t="1"/>
		<b id="25" c="21 23" t="1"/>
		<b id="26" c="7 24" t="1"/>
		<b id="27" c="4 24" t="1"/>
		<b id="28" c="3 25" t="1"/>
		<b id="29" c="4 26" t="1"/>
		<b id="30" c="5 27" t="1"/>
		<b id="31" c="5 28" t="1"/>
		<b id="32" c="6 29" t="1"/>
		<b id="33" c="6 30" t="1"/>
		<b id="34" c="12 31" t="1"/>
		<b id="35" c="13 32" t="1"/>
		<b id="36" c="16 33" t="1"/>
		<b id="37" c="21 34" t="1"/>
		<b id="38" c="22 35" t="1"/>
		<b id="39" c="22 36" t="1"/>
		<b id="40" c="23 37" t="1"/>
		<b id="41" c="23 38" t="1"/>
		<b id="42" c="24 39" t="1"/>
		<b id="43" c="24 40" t="1"/>
	</bonds>
	<geometry>
		<g u="A" t="cart/3d">#40,3:0.3102,-4.9621,-0.1297;0.7281,-3.8563,0.0476;-0.0056,-2.9345,0.6925;2.0693,-3.3508,-0.4616;1.8697,-2.5838,-1.7933;2.7010,-3.3815,-2.8134;3.7034,-4.0862,-2.0415;5.0557,-3.1111,-1.7363;4.6907,-1.7306,-1.5496;5.8155,-3.7427,-0.7012;5.9094,-3.2791,-3.2974;6.1603,-2.1377,-4.0673;6.8101,-2.2207,-5.2752;7.2070,-3.4913,-5.7003;6.9452,-4.6467,-4.9104;6.2863,-4.5379,-3.6868;7.4944,-5.7010,-5.6847;7.5092,-7.5177,-5.2664;8.0209,-5.2489,-6.7961;7.8541,-3.9224,-6.8131;8.3279,-3.1536,-7.9115;8.2087,-3.7251,-9.2945;9.5518,-3.6216,-8.6412;3.0273,-4.4997,-0.8282;0.4470,-2.0835,0.7719;2.5314,-2.6981,0.2843;2.2676,-1.5738,-1.7094;0.8213,-2.5373,-2.0886;3.1907,-2.7433,-3.5484;2.0857,-4.1242,-3.3275;5.8290,-1.1901,-3.6729;7.0042,-1.3398,-5.8657;6.0798,-5.3923,-3.0637;8.1712,-2.0954,-7.7568;7.9636,-3.0551,-10.1035;7.7733,-4.7083,-9.3772;10.2510,-2.8787,-8.9908;10.0031,-4.5361,-8.2910;3.7730,-4.7029,-0.0622;2.4500,-5.4062,-1.0339;</g>
	</geometry>
	<conformers/>
	<properties/>
</molecule>
