<?xml version="1.0" ?>
<!--MOLLI PACKAGE EXPERIMENTAL XML FORMAT-->
<molecule name="el873">
	<atoms>
		<a id="1" s="O" t="O.2" l="O"/>
		<a id="2" s="S" t="S.O2" l="S"/>
		<a id="3" s="O" t="O.2" l="O"/>
		<a id="4" s="C" t="C.ar" l="C"/>
		<a id="5" s="C" t="C.ar" l="C"/>
		<a id="6" s="C" t="C.ar" l="C"/>
		<a id="7" s="C" t="C.ar" l="C"/>
		<a id="8" s="C" t="C.ar" l="C"/>
		<a id="9" s="C" t="C.ar" l="C"/>
		<a id="10" s="C" t="C.ar" l="C"/>
		<a id="11" s="Br" t="Br" l="BR"/>
		<a id="12" s="N" t="N.ar" l="N"/>
		<a id="13" s="N" t="N.ar" l="N"/>
		<a id="14" s="C" t="C.3" l="C"/>
		<a id="15" s="C" t="C.3" l="C"/>
		<a id="16" s="C" t="C.3" l="C"/>
		<a id="17" s="N" t="N.3" l="N"/>
		<a id="18" s="C" t="C.3" l="C"/>
		<a id="19" s="C" t="C.3" l="C"/>
		<a id="20" s="C" t="C.3" l="C"/>
		<a id="21" s="O" t="O.3" l="O"/>
		<a id="22" s="C" t="C.3" l="C"/>
		<a id="23" s="H" t="H" l="H"/>
		<a id="24" s="H" t="H" l="H"/>
		<a id="25" s="H" t="H" l="H"/>
		<a id="26" s="H" t="H" l="H"/>
		<a id="27" s="H" t="H" l="H"/>
		<a id="28" s="H" t="H" l="H"/>
		<a id="29" s="H" t="H" l="H"/>
		<a id="30" s="H" t="H" l="H"/>
		<a id="31" s="H" t="H" l="H"/>
		<a id="32" s="H" t="H" l="H"/>
		<a id="33" s="H" t="H" l="H"/>
		<a id="34" s="H" t="H" l="H"/>
		<a id="35" s="H" t="H" l="H"/>
		<a id="36" s="H" t="H" l="H"/>
		<a id="37" s="H" t="H" l="H"/>
		<a id="38" s="H" t="H" l="H"/>
	</atoms>
	<bonds>
		<b id="1" c="1 2" t="2"/>
		<b id="2" c="2 3" t="2"/>
		<b id="3" c="2 4" t="1"/>
		<b id="4" c="4 5" t="ar"/>
		<b id="5" c="5 6" t="ar"/>
		<b id="6" c="6 7" t="ar"/>
		<b id="7" c="7 8" t="ar"/>
		<b id="8" c="8 9" t="ar"/>
		<b id="9" c="4 9" t="ar"/>
		<b id="10" c="8 10" t="ar"/>
		<b id="11" c="10 11" t="1"/>
		<b id="12" c="10 12" t="ar"/>
		<b id="13" c="12 13" t="ar"/>
		<b id="14" c="7 13" t="ar"/>
		<b id="15" c="13 14" t="1"/>
		<b id="16" c="14 15" t="1"/>
		<b id="17" c="15 16" t="1"/>
		<b id="18" c="14 16" t="1"/>
		<b id="19" c="2 17" t="1"/>
		<b id="20" c="17 18" t="1"/>
		<b id="21" c="18 19" t="1"/>
		<b id="22" c="19 20" t="1"/>
		<b id="23" c="20 21" t="1"/>
		<b id="24" c="20 22" t="1"/>
		<b id="25" c="17 22" t="1"/>
		<b id="26" c="5 23" t="1"/>
		<b id="27" c="6 24" t="1"/>
		<b id="28" c="9 25" t="1"/>
		<b id="29" c="14 26" t="1"/>
		<b id="30" c="15 27" t="1"/>
		<b id="31" c="15 28" t="1"/>
		<b id="32" c="16 29" t="1"/>
		<b id="33" c="16 30" t="1"/>
		<b id="34" c="18 31" t="1"/>
		<b id="35" c="18 32" t="1"/>
		<b id="36" c="19 33" t="1"/>
		<b id="37" c="19 34" t="1"/>
		<b id="38" c="20 35" t="1"/>
		<b id="39" c="21 36" t="1"/>
		<b id="40" c="22 37" t="1"/>
		<b id="41" c="22 38" t="1"/>
	</bonds>
	<geometry>
		<g u="A" t="cart/3d">#38,3:2.5441,-0.6794,1.1302;2.4511,0.0804,-0.0773;1.1834,0.1398,-0.7530;3.0386,1.7451,0.2018;2.2296,2.8237,-0.1675;2.6396,4.1234,0.0107;3.9049,4.3311,0.5710;4.7197,3.2211,0.9386;4.2798,1.9108,0.7569;5.8950,3.8278,1.4490;7.4110,2.9649,2.1049;5.8107,5.1333,1.4013;4.6197,5.4483,0.8772;4.3247,6.8332,0.7443;2.9421,7.3706,0.9609;3.5392,7.3677,-0.4155;3.6554,-0.4834,-1.1080;3.6318,0.1375,-2.4308;3.9657,-0.9776,-3.4324;4.4509,-2.1451,-2.5529;5.8316,-2.1079,-2.3214;3.6443,-1.9334,-1.2694;1.2658,2.5959,-0.5944;1.9970,4.9388,-0.2753;4.8767,1.0599,1.0417;5.1700,7.4022,1.1093;2.8476,8.3115,1.4796;2.1534,6.6713,1.1877;3.8555,8.3069,-0.8414;3.1640,6.6678,-1.1446;4.3716,0.9442,-2.4459;2.6435,0.5668,-2.6223;4.7375,-0.6805,-4.1398;3.0776,-1.2780,-3.9853;4.2581,-3.1176,-3.0102;6.0271,-1.3183,-1.8026;4.1026,-2.3953,-0.3954;2.6211,-2.3105,-1.3827;</g>
	</geometry>
	<conformers/>
	<properties/>
</molecule>
