<?xml version="1.0" ?>
<!--MOLLI PACKAGE EXPERIMENTAL XML FORMAT-->
<molecule name="el875">
	<atoms>
		<a id="1" s="O" t="O.2" l="O"/>
		<a id="2" s="S" t="S.O2" l="S"/>
		<a id="3" s="O" t="O.2" l="O"/>
		<a id="4" s="C" t="C.ar" l="C"/>
		<a id="5" s="C" t="C.ar" l="C"/>
		<a id="6" s="C" t="C.ar" l="C"/>
		<a id="7" s="C" t="C.ar" l="C"/>
		<a id="8" s="C" t="C.ar" l="C"/>
		<a id="9" s="C" t="C.ar" l="C"/>
		<a id="10" s="C" t="C.ar" l="C"/>
		<a id="11" s="Br" t="Br" l="BR"/>
		<a id="12" s="N" t="N.ar" l="N"/>
		<a id="13" s="N" t="N.ar" l="N"/>
		<a id="14" s="C" t="C.3" l="C"/>
		<a id="15" s="C" t="C.3" l="C"/>
		<a id="16" s="C" t="C.3" l="C"/>
		<a id="17" s="N" t="N.3" l="N"/>
		<a id="18" s="C" t="C.3" l="C"/>
		<a id="19" s="C" t="C.3" l="C"/>
		<a id="20" s="C" t="C.3" l="C"/>
		<a id="21" s="C" t="C.3" l="C"/>
		<a id="22" s="C" t="C.3" l="C"/>
		<a id="23" s="O" t="O.3" l="O"/>
		<a id="24" s="C" t="C.3" l="C"/>
		<a id="25" s="C" t="C.3" l="C"/>
		<a id="26" s="O" t="O.3" l="O"/>
		<a id="27" s="H" t="H" l="H"/>
		<a id="28" s="H" t="H" l="H"/>
		<a id="29" s="H" t="H" l="H"/>
		<a id="30" s="H" t="H" l="H"/>
		<a id="31" s="H" t="H" l="H"/>
		<a id="32" s="H" t="H" l="H"/>
		<a id="33" s="H" t="H" l="H"/>
		<a id="34" s="H" t="H" l="H"/>
		<a id="35" s="H" t="H" l="H"/>
		<a id="36" s="H" t="H" l="H"/>
		<a id="37" s="H" t="H" l="H"/>
		<a id="38" s="H" t="H" l="H"/>
		<a id="39" s="H" t="H" l="H"/>
		<a id="40" s="H" t="H" l="H"/>
		<a id="41" s="H" t="H" l="H"/>
		<a id="42" s="H" t="H" l="H"/>
		<a id="43" s="H" t="H" l="H"/>
		<a id="44" s="H" t="H" l="H"/>
		<a id="45" s="H" t="H" l="H"/>
		<a id="46" s="H" t="H" l="H"/>
	</atoms>
	<bonds>
		<b id="1" c="1 2" t="2"/>
		<b id="2" c="2 3" t="2"/>
		<b id="3" c="2 4" t="1"/>
		<b id="4" c="4 5" t="ar"/>
		<b id="5" c="5 6" t="ar"/>
		<b id="6" c="6 7" t="ar"/>
		<b id="7" c="7 8" t="ar"/>
		<b id="8" c="8 9" t="ar"/>
		<b id="9" c="4 9" t="ar"/>
		<b id="10" c="8 10" t="ar"/>
		<b id="11" c="10 11" t="1"/>
		<b id="12" c="10 12" t="ar"/>
		<b id="13" c="12 13" t="ar"/>
		<b id="14" c="7 13" t="ar"/>
		<b id="15" c="13 14" t="1"/>
		<b id="16" c="14 15" t="1"/>
		<b id="17" c="15 16" t="1"/>
		<b id="18" c="14 16" t="1"/>
		<b id="19" c="2 17" t="1"/>
		<b id="20" c="17 18" t="1"/>
		<b id="21" c="18 19" t="1"/>
		<b id="22" c="19 20" t="1"/>
		<b id="23" c="20 21" t="1"/>
		<b id="24" c="21 22" t="1"/>
		<b id="25" c="17 22" t="1"/>
		<b id="26" c="20 23" t="1"/>
		<b id="27" c="23 24" t="1"/>
		<b id="28" c="24 25" t="1"/>
		<b id="29" c="25 26" t="1"/>
		<b id="30" c="20 26" t="1"/>
		<b id="31" c="5 27" t="1"/>
		<b id="32" c="6 28" t="1"/>
		<b id="33" c="9 29" t="1"/>
		<b id="34" c="14 30" t="1"/>
		<b id="35" c="15 31" t="1"/>
		<b id="36" c="15 32" t="1"/>
		<b id="37" c="16 33" t="1"/>
		<b id="38" c="16 34" t="1"/>
		<b id="39" c="18 35" t="1"/>
		<b id="40" c="18 36" t="1"/>
		<b id="41" c="19 37" t="1"/>
		<b id="42" c="19 38" t="1"/>
		<b id="43" c="21 39" t="1"/>
		<b id="44" c="21 40" t="1"/>
		<b id="45" c="22 41" t="1"/>
		<b id="46" c="22 42" t="1"/>
		<b id="47" c="24 43" t="1"/>
		<b id="48" c="24 44" t="1"/>
		<b id="49" c="25 45" t="1"/>
		<b id="50" c="25 46" t="1"/>
	</bonds>
	<geometry>
		<g u="A" t="cart/3d">#46,3:1.1790,-0.4540,0.1110;2.5900,-0.2722,-0.0608;3.0380,0.6161,-1.0971;3.3007,0.2612,1.4920;2.9390,-0.4604,2.6359;3.4406,-0.1358,3.8720;4.3276,0.9432,3.9385;4.6887,1.6720,2.7712;4.1637,1.3243,1.5257;5.5824,2.6556,3.2651;6.4677,3.9717,2.2840;5.7454,2.5422,4.5605;4.9923,1.5177,4.9739;4.9789,1.1439,6.3456;5.2353,2.1983,7.3800;6.2734,1.1545,7.1067;3.2795,-1.8025,-0.1606;4.6760,-1.7939,-0.5335;4.8847,-1.6202,-2.0379;4.0883,-2.6839,-2.8065;2.6117,-2.6173,-2.3888;2.4962,-2.7868,-0.8753;4.1797,-2.4786,-4.2066;4.9862,-3.4956,-4.7557;4.8084,-4.6417,-3.7591;4.6419,-3.9653,-2.5340;2.2456,-1.2752,2.5085;3.1609,-0.6911,4.7528;4.4100,1.8602,0.6227;4.2516,0.3688,6.5422;4.6757,2.1538,8.3010;5.4276,3.1952,7.0167;6.4431,0.3773,7.8352;7.1533,1.4615,6.5640;5.1105,-2.7454,-0.2109;5.1542,-0.9776,0.0119;5.9439,-1.7162,-2.2797;4.5286,-0.6388,-2.3504;2.0540,-3.4015,-2.9023;2.2175,-1.6461,-2.6884;2.8588,-3.7773,-0.5835;1.4623,-2.6606,-0.5534;6.0352,-3.1725,-4.8019;4.6228,-3.7197,-5.7582;5.6759,-5.2962,-3.6757;3.9144,-5.2343,-3.9968;</g>
	</geometry>
	<conformers/>
	<properties/>
</molecule>
