<?xml version="1.0" ?>
<!--MOLLI PACKAGE EXPERIMENTAL XML FORMAT-->
<molecule name="el876">
	<atoms>
		<a id="1" s="O" t="O.2" l="O"/>
		<a id="2" s="S" t="S.O2" l="S"/>
		<a id="3" s="O" t="O.2" l="O"/>
		<a id="4" s="C" t="C.ar" l="C"/>
		<a id="5" s="C" t="C.ar" l="C"/>
		<a id="6" s="C" t="C.ar" l="C"/>
		<a id="7" s="C" t="C.ar" l="C"/>
		<a id="8" s="Br" t="Br" l="BR"/>
		<a id="9" s="N" t="N.ar" l="N"/>
		<a id="10" s="N" t="N.ar" l="N"/>
		<a id="11" s="C" t="C.3" l="C"/>
		<a id="12" s="C" t="C.3" l="C"/>
		<a id="13" s="C" t="C.3" l="C"/>
		<a id="14" s="C" t="C.ar" l="C"/>
		<a id="15" s="C" t="C.ar" l="C"/>
		<a id="16" s="C" t="C.ar" l="C"/>
		<a id="17" s="F" t="F" l="F"/>
		<a id="18" s="N" t="N.3" l="N"/>
		<a id="19" s="C" t="C.3" l="C"/>
		<a id="20" s="C" t="C.3" l="C"/>
		<a id="21" s="O" t="O.3" l="O"/>
		<a id="22" s="C" t="C.3" l="C"/>
		<a id="23" s="C" t="C.3" l="C"/>
		<a id="24" s="H" t="H" l="H"/>
		<a id="25" s="H" t="H" l="H"/>
		<a id="26" s="H" t="H" l="H"/>
		<a id="27" s="H" t="H" l="H"/>
		<a id="28" s="H" t="H" l="H"/>
		<a id="29" s="H" t="H" l="H"/>
		<a id="30" s="H" t="H" l="H"/>
		<a id="31" s="H" t="H" l="H"/>
		<a id="32" s="H" t="H" l="H"/>
		<a id="33" s="H" t="H" l="H"/>
		<a id="34" s="H" t="H" l="H"/>
		<a id="35" s="H" t="H" l="H"/>
		<a id="36" s="H" t="H" l="H"/>
		<a id="37" s="H" t="H" l="H"/>
		<a id="38" s="H" t="H" l="H"/>
	</atoms>
	<bonds>
		<b id="1" c="1 2" t="2"/>
		<b id="2" c="2 3" t="2"/>
		<b id="3" c="2 4" t="1"/>
		<b id="4" c="4 5" t="ar"/>
		<b id="5" c="5 6" t="ar"/>
		<b id="6" c="6 7" t="ar"/>
		<b id="7" c="7 8" t="1"/>
		<b id="8" c="7 9" t="ar"/>
		<b id="9" c="9 10" t="ar"/>
		<b id="10" c="10 11" t="1"/>
		<b id="11" c="11 12" t="1"/>
		<b id="12" c="12 13" t="1"/>
		<b id="13" c="11 13" t="1"/>
		<b id="14" c="10 14" t="ar"/>
		<b id="15" c="6 14" t="ar"/>
		<b id="16" c="14 15" t="ar"/>
		<b id="17" c="15 16" t="ar"/>
		<b id="18" c="4 16" t="ar"/>
		<b id="19" c="16 17" t="1"/>
		<b id="20" c="2 18" t="1"/>
		<b id="21" c="18 19" t="1"/>
		<b id="22" c="19 20" t="1"/>
		<b id="23" c="20 21" t="1"/>
		<b id="24" c="21 22" t="1"/>
		<b id="25" c="22 23" t="1"/>
		<b id="26" c="18 23" t="1"/>
		<b id="27" c="5 24" t="1"/>
		<b id="28" c="11 25" t="1"/>
		<b id="29" c="12 26" t="1"/>
		<b id="30" c="12 27" t="1"/>
		<b id="31" c="13 28" t="1"/>
		<b id="32" c="13 29" t="1"/>
		<b id="33" c="15 30" t="1"/>
		<b id="34" c="19 31" t="1"/>
		<b id="35" c="19 32" t="1"/>
		<b id="36" c="20 33" t="1"/>
		<b id="37" c="20 34" t="1"/>
		<b id="38" c="22 35" t="1"/>
		<b id="39" c="22 36" t="1"/>
		<b id="40" c="23 37" t="1"/>
		<b id="41" c="23 38" t="1"/>
	</bonds>
	<geometry>
		<g u="A" t="cart/3d">#38,3:3.4136,0.4353,-0.6023;2.2497,-0.0228,0.0907;1.3717,-0.9440,-0.5723;2.7718,-0.8176,1.6148;2.4466,-2.1280,1.8507;2.9019,-2.7079,3.0344;2.8034,-3.9808,3.6528;1.9100,-5.4821,3.0059;3.4390,-4.0010,4.7982;3.9717,-2.7891,4.9888;4.7223,-2.5133,6.1653;5.5014,-3.6297,6.7948;4.2657,-3.1135,7.4634;3.6825,-1.9572,3.9583;4.0069,-0.6210,3.7119;3.5367,-0.0887,2.5357;3.8134,1.1941,2.2583;1.4111,1.2844,0.7078;-0.0226,1.0965,0.8100;-0.7053,1.4152,-0.5236;-0.3612,2.7063,-0.9761;1.0343,2.8365,-1.1426;1.7683,2.5858,0.1750;1.8599,-2.6718,1.1275;5.1335,-1.5140,6.1538;6.4651,-3.4002,7.2212;5.4386,-4.5932,6.3147;4.3607,-2.5209,8.3595;3.3860,-3.7362,7.4267;4.5920,-0.0221,4.3897;-0.3920,1.7637,1.5953;-0.2068,0.0597,1.0890;-1.7910,1.4107,-0.4156;-0.4016,0.6591,-1.2614;1.2042,3.8529,-1.5005;1.3953,2.1139,-1.8903;1.4909,3.3391,0.9182;2.8461,2.5920,0.0248;</g>
	</geometry>
	<conformers/>
	<properties/>
</molecule>
