<?xml version="1.0" ?>
<!--MOLLI PACKAGE EXPERIMENTAL XML FORMAT-->
<molecule name="el879">
	<atoms>
		<a id="1" s="O" t="O.2" l="O"/>
		<a id="2" s="S" t="S.O2" l="S"/>
		<a id="3" s="O" t="O.2" l="O"/>
		<a id="4" s="C" t="C.ar" l="C"/>
		<a id="5" s="C" t="C.ar" l="C"/>
		<a id="6" s="C" t="C.ar" l="C"/>
		<a id="7" s="C" t="C.ar" l="C"/>
		<a id="8" s="C" t="C.ar" l="C"/>
		<a id="9" s="C" t="C.ar" l="C"/>
		<a id="10" s="C" t="C.ar" l="C"/>
		<a id="11" s="Br" t="Br" l="BR"/>
		<a id="12" s="N" t="N.ar" l="N"/>
		<a id="13" s="N" t="N.ar" l="N"/>
		<a id="14" s="C" t="C.3" l="C"/>
		<a id="15" s="C" t="C.3" l="C"/>
		<a id="16" s="C" t="C.3" l="C"/>
		<a id="17" s="N" t="N.3" l="N"/>
		<a id="18" s="C" t="C.3" l="C"/>
		<a id="19" s="C" t="C.3" l="C"/>
		<a id="20" s="C" t="C.3" l="C"/>
		<a id="21" s="C" t="C.3" l="C"/>
		<a id="22" s="C" t="C.3" l="C"/>
		<a id="23" s="O" t="O.3" l="O"/>
		<a id="24" s="H" t="H" l="H"/>
		<a id="25" s="H" t="H" l="H"/>
		<a id="26" s="H" t="H" l="H"/>
		<a id="27" s="H" t="H" l="H"/>
		<a id="28" s="H" t="H" l="H"/>
		<a id="29" s="H" t="H" l="H"/>
		<a id="30" s="H" t="H" l="H"/>
		<a id="31" s="H" t="H" l="H"/>
		<a id="32" s="H" t="H" l="H"/>
		<a id="33" s="H" t="H" l="H"/>
		<a id="34" s="H" t="H" l="H"/>
		<a id="35" s="H" t="H" l="H"/>
		<a id="36" s="H" t="H" l="H"/>
		<a id="37" s="H" t="H" l="H"/>
		<a id="38" s="H" t="H" l="H"/>
		<a id="39" s="H" t="H" l="H"/>
	</atoms>
	<bonds>
		<b id="1" c="1 2" t="2"/>
		<b id="2" c="2 3" t="2"/>
		<b id="3" c="2 4" t="1"/>
		<b id="4" c="4 5" t="ar"/>
		<b id="5" c="5 6" t="ar"/>
		<b id="6" c="6 7" t="ar"/>
		<b id="7" c="7 8" t="ar"/>
		<b id="8" c="8 9" t="ar"/>
		<b id="9" c="4 9" t="ar"/>
		<b id="10" c="8 10" t="ar"/>
		<b id="11" c="10 11" t="1"/>
		<b id="12" c="10 12" t="ar"/>
		<b id="13" c="12 13" t="ar"/>
		<b id="14" c="7 13" t="ar"/>
		<b id="15" c="13 14" t="1"/>
		<b id="16" c="14 15" t="1"/>
		<b id="17" c="15 16" t="1"/>
		<b id="18" c="14 16" t="1"/>
		<b id="19" c="2 17" t="1"/>
		<b id="20" c="17 18" t="1"/>
		<b id="21" c="18 19" t="1"/>
		<b id="22" c="19 20" t="1"/>
		<b id="23" c="20 21" t="1"/>
		<b id="24" c="17 21" t="1"/>
		<b id="25" c="21 22" t="1"/>
		<b id="26" c="22 23" t="1"/>
		<b id="27" c="19 23" t="1"/>
		<b id="28" c="5 24" t="1"/>
		<b id="29" c="6 25" t="1"/>
		<b id="30" c="9 26" t="1"/>
		<b id="31" c="14 27" t="1"/>
		<b id="32" c="15 28" t="1"/>
		<b id="33" c="15 29" t="1"/>
		<b id="34" c="16 30" t="1"/>
		<b id="35" c="16 31" t="1"/>
		<b id="36" c="18 32" t="1"/>
		<b id="37" c="18 33" t="1"/>
		<b id="38" c="19 34" t="1"/>
		<b id="39" c="20 35" t="1"/>
		<b id="40" c="20 36" t="1"/>
		<b id="41" c="21 37" t="1"/>
		<b id="42" c="22 38" t="1"/>
		<b id="43" c="22 39" t="1"/>
	</bonds>
	<geometry>
		<g u="A" t="cart/3d">#39,3:2.9184,0.8597,-0.7894;2.3715,0.0030,0.2197;0.9435,-0.0389,0.3814;2.9847,-1.6587,-0.0014;4.3658,-1.8007,-0.1808;4.9419,-3.0389,-0.3199;4.0913,-4.1481,-0.2743;2.6880,-3.9929,-0.0967;2.1253,-2.7237,0.0444;2.2087,-5.3273,-0.1100;0.4422,-5.8944,0.0778;3.1887,-6.1823,-0.2727;4.3229,-5.4820,-0.3742;5.5674,-6.1499,-0.5388;5.5929,-7.4546,-1.2777;5.7976,-7.4334,0.2053;3.1494,0.3870,1.6634;2.4955,-0.1502,2.8587;2.3067,1.1050,3.7306;1.9813,2.1518,2.6645;3.2767,1.8217,1.9200;4.2951,1.9531,3.0586;3.5799,1.5050,4.2088;4.9562,-0.8997,-0.2118;6.0055,-3.1486,-0.4584;1.0661,-2.5718,0.1782;6.3831,-5.4515,-0.6616;6.4346,-7.6573,-1.9210;4.6476,-7.8236,-1.6423;6.7818,-7.6224,0.6041;4.9868,-7.7883,0.8215;3.1443,-0.8837,3.3424;1.5414,-0.6104,2.5926;1.6345,0.9838,4.5756;1.9482,3.1634,3.0602;1.0935,1.9228,2.0817;3.5100,2.3507,1.0020;4.6117,2.9896,3.2116;5.1730,1.3223,2.8939;</g>
	</geometry>
	<conformers/>
	<properties/>
</molecule>
