<?xml version="1.0" ?>
<!--MOLLI PACKAGE EXPERIMENTAL XML FORMAT-->
<molecule name="el880">
	<atoms>
		<a id="1" s="O" t="O.2" l="O"/>
		<a id="2" s="S" t="S.O2" l="S"/>
		<a id="3" s="O" t="O.2" l="O"/>
		<a id="4" s="C" t="C.ar" l="C"/>
		<a id="5" s="C" t="C.ar" l="C"/>
		<a id="6" s="C" t="C.ar" l="C"/>
		<a id="7" s="C" t="C.ar" l="C"/>
		<a id="8" s="N" t="N.ar" l="N"/>
		<a id="9" s="N" t="N.ar" l="N"/>
		<a id="10" s="C" t="C.ar" l="C"/>
		<a id="11" s="Br" t="Br" l="BR"/>
		<a id="12" s="C" t="C.ar" l="C"/>
		<a id="13" s="C" t="C.ar" l="C"/>
		<a id="14" s="N" t="N.3" l="N"/>
		<a id="15" s="C" t="C.3" l="C"/>
		<a id="16" s="C" t="C.3" l="C"/>
		<a id="17" s="O" t="O.3" l="O"/>
		<a id="18" s="C" t="C.3" l="C"/>
		<a id="19" s="C" t="C.3" l="C"/>
		<a id="20" s="H" t="H" l="H"/>
		<a id="21" s="H" t="H" l="H"/>
		<a id="22" s="H" t="H" l="H"/>
		<a id="23" s="H" t="H" l="H"/>
		<a id="24" s="H" t="H" l="H"/>
		<a id="25" s="H" t="H" l="H"/>
		<a id="26" s="H" t="H" l="H"/>
		<a id="27" s="H" t="H" l="H"/>
		<a id="28" s="H" t="H" l="H"/>
		<a id="29" s="H" t="H" l="H"/>
		<a id="30" s="H" t="H" l="H"/>
		<a id="31" s="H" t="H" l="H"/>
	</atoms>
	<bonds>
		<b id="1" c="1 2" t="2"/>
		<b id="2" c="2 3" t="2"/>
		<b id="3" c="2 4" t="1"/>
		<b id="4" c="4 5" t="ar"/>
		<b id="5" c="5 6" t="ar"/>
		<b id="6" c="6 7" t="ar"/>
		<b id="7" c="7 8" t="ar"/>
		<b id="8" c="8 9" t="ar"/>
		<b id="9" c="9 10" t="ar"/>
		<b id="10" c="10 11" t="1"/>
		<b id="11" c="10 12" t="ar"/>
		<b id="12" c="7 12" t="ar"/>
		<b id="13" c="12 13" t="ar"/>
		<b id="14" c="4 13" t="ar"/>
		<b id="15" c="2 14" t="1"/>
		<b id="16" c="14 15" t="1"/>
		<b id="17" c="15 16" t="1"/>
		<b id="18" c="16 17" t="1"/>
		<b id="19" c="17 18" t="1"/>
		<b id="20" c="18 19" t="1"/>
		<b id="21" c="14 19" t="1"/>
		<b id="22" c="5 20" t="1"/>
		<b id="23" c="6 21" t="1"/>
		<b id="24" c="8 22" t="1"/>
		<b id="25" c="13 23" t="1"/>
		<b id="26" c="15 24" t="1"/>
		<b id="27" c="15 25" t="1"/>
		<b id="28" c="16 26" t="1"/>
		<b id="29" c="16 27" t="1"/>
		<b id="30" c="18 28" t="1"/>
		<b id="31" c="18 29" t="1"/>
		<b id="32" c="19 30" t="1"/>
		<b id="33" c="19 31" t="1"/>
	</bonds>
	<geometry>
		<g u="A" t="cart/3d">#31,3:1.0759,-0.0100,-0.0799;2.4889,-0.0360,-0.3123;2.9762,-0.6628,-1.5092;3.1233,1.6357,-0.2474;2.6947,2.4358,0.8173;3.1329,3.7311,0.9564;4.0225,4.2046,-0.0094;4.6368,5.4032,-0.1725;5.4203,5.4219,-1.2582;5.3298,4.2418,-1.8172;6.2707,3.8183,-3.3673;4.4545,3.3883,-1.0882;3.9937,2.0771,-1.2104;3.2133,-0.6490,1.0763;4.5994,-1.0374,0.8970;4.7089,-2.4513,0.3157;3.9867,-3.3766,1.0998;2.6214,-3.0267,1.1697;2.4464,-1.6446,1.8029;2.0001,2.0008,1.5169;2.8059,4.3586,1.7701;4.5649,6.2298,0.3985;4.2899,1.4316,-2.0220;5.0849,-0.9957,1.8776;5.0670,-0.3138,0.2287;5.7456,-2.7922,0.3203;4.3231,-2.4433,-0.7127;2.1393,-3.7983,1.7722;2.1821,-3.0140,0.1608;2.8047,-1.6539,2.8373;1.4024,-1.3351,1.7714;</g>
	</geometry>
	<conformers/>
	<properties/>
</molecule>
