<?xml version="1.0" ?>
<!--MOLLI PACKAGE EXPERIMENTAL XML FORMAT-->
<molecule name="el884">
	<atoms>
		<a id="1" s="C" t="C.3" l="C"/>
		<a id="2" s="C" t="C.2" l="C"/>
		<a id="3" s="O" t="O.2" l="O"/>
		<a id="4" s="O" t="O.3" l="O"/>
		<a id="5" s="C" t="C.3" l="C"/>
		<a id="6" s="C" t="C.ar" l="C"/>
		<a id="7" s="C" t="C.ar" l="C"/>
		<a id="8" s="C" t="C.ar" l="C"/>
		<a id="9" s="Br" t="Br" l="BR"/>
		<a id="10" s="C" t="C.ar" l="C"/>
		<a id="11" s="C" t="C.ar" l="C"/>
		<a id="12" s="C" t="C.ar" l="C"/>
		<a id="13" s="C" t="C.1" l="C"/>
		<a id="14" s="N" t="N.1" l="N"/>
		<a id="15" s="S" t="S.2" l="S"/>
		<a id="16" s="C" t="C.ar" l="C"/>
		<a id="17" s="C" t="C.ar" l="C"/>
		<a id="18" s="H" t="H" l="H"/>
		<a id="19" s="H" t="H" l="H"/>
		<a id="20" s="H" t="H" l="H"/>
		<a id="21" s="H" t="H" l="H"/>
		<a id="22" s="H" t="H" l="H"/>
		<a id="23" s="H" t="H" l="H"/>
		<a id="24" s="H" t="H" l="H"/>
		<a id="25" s="H" t="H" l="H"/>
	</atoms>
	<bonds>
		<b id="1" c="1 2" t="1"/>
		<b id="2" c="2 3" t="2"/>
		<b id="3" c="2 4" t="1"/>
		<b id="4" c="4 5" t="1"/>
		<b id="5" c="5 6" t="1"/>
		<b id="6" c="6 7" t="ar"/>
		<b id="7" c="7 8" t="ar"/>
		<b id="8" c="8 9" t="1"/>
		<b id="9" c="8 10" t="ar"/>
		<b id="10" c="10 11" t="ar"/>
		<b id="11" c="11 12" t="ar"/>
		<b id="12" c="12 13" t="1"/>
		<b id="13" c="13 14" t="3"/>
		<b id="14" c="12 15" t="ar"/>
		<b id="15" c="15 16" t="ar"/>
		<b id="16" c="10 16" t="ar"/>
		<b id="17" c="16 17" t="ar"/>
		<b id="18" c="6 17" t="ar"/>
		<b id="19" c="1 18" t="1"/>
		<b id="20" c="1 19" t="1"/>
		<b id="21" c="1 20" t="1"/>
		<b id="22" c="5 21" t="1"/>
		<b id="23" c="5 22" t="1"/>
		<b id="24" c="7 23" t="1"/>
		<b id="25" c="11 24" t="1"/>
		<b id="26" c="17 25" t="1"/>
	</bonds>
	<geometry>
		<g u="A" t="cart/3d">#25,3:7.1447,-1.2908,-1.4143;6.5024,-0.7756,-0.1566;7.0542,-0.1602,0.7142;5.1978,-1.0929,-0.1241;4.4747,-0.6721,1.0333;4.8863,-1.4593,2.2487;4.7388,-2.8522,2.2233;5.1393,-3.6181,3.2915;4.9305,-5.5068,3.2300;5.7011,-3.0203,4.4268;6.1795,-3.6080,5.6233;6.6642,-2.6817,6.4996;7.2052,-2.9342,7.7652;7.6416,-3.1512,8.8034;6.5572,-1.0414,5.8975;5.8398,-1.6146,4.4256;5.4412,-0.8354,3.3488;8.1764,-0.9571,-1.4599;6.5934,-0.9323,-2.2796;7.1079,-2.3777,-1.4156;3.4253,-0.8496,0.7862;4.6466,0.3959,1.2000;4.3136,-3.3214,1.3490;6.1654,-4.6648,5.8236;5.5799,0.2334,3.3684;</g>
	</geometry>
	<conformers/>
	<properties/>
</molecule>
