<?xml version="1.0" ?>
<!--MOLLI PACKAGE EXPERIMENTAL XML FORMAT-->
<molecule name="el885">
	<atoms>
		<a id="1" s="Br" t="Br" l="BR"/>
		<a id="2" s="C" t="C.ar" l="C"/>
		<a id="3" s="C" t="C.ar" l="C"/>
		<a id="4" s="C" t="C.3" l="C"/>
		<a id="5" s="C" t="C.3" l="C"/>
		<a id="6" s="C" t="C.3" l="C"/>
		<a id="7" s="C" t="C.3" l="C"/>
		<a id="8" s="C" t="C.3" l="C"/>
		<a id="9" s="C" t="C.3" l="C"/>
		<a id="10" s="C" t="C.ar" l="C"/>
		<a id="11" s="C" t="C.ar" l="C"/>
		<a id="12" s="C" t="C.3" l="C"/>
		<a id="13" s="C" t="C.3" l="C"/>
		<a id="14" s="C" t="C.3" l="C"/>
		<a id="15" s="C" t="C.3" l="C"/>
		<a id="16" s="C" t="C.3" l="C"/>
		<a id="17" s="C" t="C.3" l="C"/>
		<a id="18" s="C" t="C.ar" l="C"/>
		<a id="19" s="C" t="C.ar" l="C"/>
		<a id="20" s="C" t="C.3" l="C"/>
		<a id="21" s="C" t="C.3" l="C"/>
		<a id="22" s="C" t="C.3" l="C"/>
		<a id="23" s="C" t="C.3" l="C"/>
		<a id="24" s="C" t="C.3" l="C"/>
		<a id="25" s="C" t="C.3" l="C"/>
		<a id="26" s="H" t="H" l="H"/>
		<a id="27" s="H" t="H" l="H"/>
		<a id="28" s="H" t="H" l="H"/>
		<a id="29" s="H" t="H" l="H"/>
		<a id="30" s="H" t="H" l="H"/>
		<a id="31" s="H" t="H" l="H"/>
		<a id="32" s="H" t="H" l="H"/>
		<a id="33" s="H" t="H" l="H"/>
		<a id="34" s="H" t="H" l="H"/>
		<a id="35" s="H" t="H" l="H"/>
		<a id="36" s="H" t="H" l="H"/>
		<a id="37" s="H" t="H" l="H"/>
		<a id="38" s="H" t="H" l="H"/>
		<a id="39" s="H" t="H" l="H"/>
		<a id="40" s="H" t="H" l="H"/>
		<a id="41" s="H" t="H" l="H"/>
		<a id="42" s="H" t="H" l="H"/>
		<a id="43" s="H" t="H" l="H"/>
		<a id="44" s="H" t="H" l="H"/>
		<a id="45" s="H" t="H" l="H"/>
		<a id="46" s="H" t="H" l="H"/>
		<a id="47" s="H" t="H" l="H"/>
		<a id="48" s="H" t="H" l="H"/>
		<a id="49" s="H" t="H" l="H"/>
		<a id="50" s="H" t="H" l="H"/>
		<a id="51" s="H" t="H" l="H"/>
		<a id="52" s="H" t="H" l="H"/>
		<a id="53" s="H" t="H" l="H"/>
		<a id="54" s="H" t="H" l="H"/>
		<a id="55" s="H" t="H" l="H"/>
		<a id="56" s="H" t="H" l="H"/>
		<a id="57" s="H" t="H" l="H"/>
		<a id="58" s="H" t="H" l="H"/>
		<a id="59" s="H" t="H" l="H"/>
		<a id="60" s="H" t="H" l="H"/>
	</atoms>
	<bonds>
		<b id="1" c="1 2" t="1"/>
		<b id="2" c="2 3" t="ar"/>
		<b id="3" c="3 4" t="1"/>
		<b id="4" c="4 5" t="1"/>
		<b id="5" c="5 6" t="1"/>
		<b id="6" c="6 7" t="1"/>
		<b id="7" c="7 8" t="1"/>
		<b id="8" c="8 9" t="1"/>
		<b id="9" c="4 9" t="1"/>
		<b id="10" c="3 10" t="ar"/>
		<b id="11" c="10 11" t="ar"/>
		<b id="12" c="11 12" t="1"/>
		<b id="13" c="12 13" t="1"/>
		<b id="14" c="13 14" t="1"/>
		<b id="15" c="14 15" t="1"/>
		<b id="16" c="15 16" t="1"/>
		<b id="17" c="16 17" t="1"/>
		<b id="18" c="12 17" t="1"/>
		<b id="19" c="11 18" t="ar"/>
		<b id="20" c="18 19" t="ar"/>
		<b id="21" c="2 19" t="ar"/>
		<b id="22" c="19 20" t="1"/>
		<b id="23" c="20 21" t="1"/>
		<b id="24" c="21 22" t="1"/>
		<b id="25" c="22 23" t="1"/>
		<b id="26" c="23 24" t="1"/>
		<b id="27" c="24 25" t="1"/>
		<b id="28" c="20 25" t="1"/>
		<b id="29" c="4 26" t="1"/>
		<b id="30" c="5 27" t="1"/>
		<b id="31" c="5 28" t="1"/>
		<b id="32" c="6 29" t="1"/>
		<b id="33" c="6 30" t="1"/>
		<b id="34" c="7 31" t="1"/>
		<b id="35" c="7 32" t="1"/>
		<b id="36" c="8 33" t="1"/>
		<b id="37" c="8 34" t="1"/>
		<b id="38" c="9 35" t="1"/>
		<b id="39" c="9 36" t="1"/>
		<b id="40" c="10 37" t="1"/>
		<b id="41" c="12 38" t="1"/>
		<b id="42" c="13 39" t="1"/>
		<b id="43" c="13 40" t="1"/>
		<b id="44" c="14 41" t="1"/>
		<b id="45" c="14 42" t="1"/>
		<b id="46" c="15 43" t="1"/>
		<b id="47" c="15 44" t="1"/>
		<b id="48" c="16 45" t="1"/>
		<b id="49" c="16 46" t="1"/>
		<b id="50" c="17 47" t="1"/>
		<b id="51" c="17 48" t="1"/>
		<b id="52" c="18 49" t="1"/>
		<b id="53" c="20 50" t="1"/>
		<b id="54" c="21 51" t="1"/>
		<b id="55" c="21 52" t="1"/>
		<b id="56" c="22 53" t="1"/>
		<b id="57" c="22 54" t="1"/>
		<b id="58" c="23 55" t="1"/>
		<b id="59" c="23 56" t="1"/>
		<b id="60" c="24 57" t="1"/>
		<b id="61" c="24 58" t="1"/>
		<b id="62" c="25 59" t="1"/>
		<b id="63" c="25 60" t="1"/>
	</bonds>
	<geometry>
		<g u="A" t="cart/3d">#60,3:-1.6171,0.0216,-0.1324;0.3006,-0.0225,-0.0491;0.9444,-1.2588,-0.0355;0.2135,-2.5758,-0.0852;0.5529,-3.4640,1.1170;-0.2452,-4.7623,1.0506;0.0505,-5.5048,-0.2491;-0.2734,-4.6234,-1.4516;0.5185,-3.3213,-1.3903;2.3320,-1.2596,0.0106;3.0697,-0.0868,0.0469;4.5747,-0.1067,0.0976;5.1733,-0.8132,-1.1238;6.6971,-0.7684,-1.0692;7.2059,-1.4199,0.2134;6.6054,-0.7322,1.4360;5.0815,-0.7758,1.3805;2.3851,1.1169,0.0387;0.9980,1.1824,-0.0090;0.3301,2.5329,-0.0176;0.7212,3.3394,-1.2616;-0.0097,4.6782,-1.2714;0.3075,5.4711,-0.0070;-0.0699,4.6683,1.2343;0.6628,3.3307,1.2488;-0.8644,-2.3970,-0.0575;0.3232,-2.9295,2.0419;1.6190,-3.6986,1.1241;-1.3123,-4.5355,1.1034;0.0049,-5.3930,1.9063;-0.5355,-6.4250,-0.2939;1.1077,-5.7806,-0.2763;-1.3419,-4.3968,-1.4568;-0.0399,-5.1537,-2.3773;0.2593,-2.6868,-2.2413;1.5866,-3.5405,-1.4522;2.8458,-2.2078,0.0153;4.9309,0.9299,0.0951;4.8149,-0.3310,-2.0362;4.8439,-1.8535,-1.1456;7.0311,0.2712,-1.1045;7.1133,-1.2819,-1.9385;8.2957,-1.3633,0.2525;6.9260,-2.4760,0.2186;6.9374,0.3083,1.4656;6.9560,-1.2200,2.3480;4.6589,-0.2658,2.2492;4.7473,-1.8145,1.4094;2.9478,2.0380,0.0676;-0.7550,2.4044,-0.0426;0.4698,2.7697,-2.1595;1.7989,3.5147,-1.2692;-1.0864,4.5026,-1.3282;0.2823,5.2510,-2.1542;-0.2349,6.4186,-0.0164;1.3762,5.6983,0.0196;-1.1478,4.4914,1.2373;0.1782,5.2345,2.1347;0.3718,2.7540,2.1300;1.7383,3.5087,1.3076;</g>
	</geometry>
	<conformers/>
	<properties/>
</molecule>
