<?xml version="1.0" ?>
<!--MOLLI PACKAGE EXPERIMENTAL XML FORMAT-->
<molecule name="el892">
	<atoms>
		<a id="1" s="C" t="C.3" l="C"/>
		<a id="2" s="O" t="O.3" l="O"/>
		<a id="3" s="C" t="C.ar" l="C"/>
		<a id="4" s="C" t="C.ar" l="C"/>
		<a id="5" s="C" t="C.ar" l="C"/>
		<a id="6" s="C" t="C.ar" l="C"/>
		<a id="7" s="C" t="C.ar" l="C"/>
		<a id="8" s="N" t="N.ar" l="N"/>
		<a id="9" s="C" t="C.ar" l="C"/>
		<a id="10" s="C" t="C.ar" l="C"/>
		<a id="11" s="C" t="C.ar" l="C"/>
		<a id="12" s="Br" t="Br" l="BR"/>
		<a id="13" s="C" t="C.ar" l="C"/>
		<a id="14" s="C" t="C.ar" l="C"/>
		<a id="15" s="N" t="N.ar" l="N"/>
		<a id="16" s="C" t="C.ar" l="C"/>
		<a id="17" s="C" t="C.ar" l="C"/>
		<a id="18" s="O" t="O.3" l="O"/>
		<a id="19" s="C" t="C.3" l="C"/>
		<a id="20" s="F" t="F" l="F"/>
		<a id="21" s="F" t="F" l="F"/>
		<a id="22" s="C" t="C.ar" l="C"/>
		<a id="23" s="C" t="C.2" l="C"/>
		<a id="24" s="O" t="O.2" l="O"/>
		<a id="25" s="N" t="N.am" l="N"/>
		<a id="26" s="C" t="C.3" l="C"/>
		<a id="27" s="C" t="C.3" l="C"/>
		<a id="28" s="C" t="C.3" l="C"/>
		<a id="29" s="H" t="H" l="H"/>
		<a id="30" s="H" t="H" l="H"/>
		<a id="31" s="H" t="H" l="H"/>
		<a id="32" s="H" t="H" l="H"/>
		<a id="33" s="H" t="H" l="H"/>
		<a id="34" s="H" t="H" l="H"/>
		<a id="35" s="H" t="H" l="H"/>
		<a id="36" s="H" t="H" l="H"/>
		<a id="37" s="H" t="H" l="H"/>
		<a id="38" s="H" t="H" l="H"/>
		<a id="39" s="H" t="H" l="H"/>
		<a id="40" s="H" t="H" l="H"/>
		<a id="41" s="H" t="H" l="H"/>
		<a id="42" s="H" t="H" l="H"/>
		<a id="43" s="H" t="H" l="H"/>
		<a id="44" s="H" t="H" l="H"/>
	</atoms>
	<bonds>
		<b id="1" c="1 2" t="1"/>
		<b id="2" c="2 3" t="1"/>
		<b id="3" c="3 4" t="ar"/>
		<b id="4" c="4 5" t="ar"/>
		<b id="5" c="5 6" t="1"/>
		<b id="6" c="6 7" t="ar"/>
		<b id="7" c="7 8" t="ar"/>
		<b id="8" c="8 9" t="ar"/>
		<b id="9" c="9 10" t="ar"/>
		<b id="10" c="10 11" t="ar"/>
		<b id="11" c="11 12" t="1"/>
		<b id="12" c="11 13" t="ar"/>
		<b id="13" c="13 14" t="ar"/>
		<b id="14" c="14 15" t="ar"/>
		<b id="15" c="6 15" t="ar"/>
		<b id="16" c="9 15" t="ar"/>
		<b id="17" c="5 16" t="ar"/>
		<b id="18" c="16 17" t="ar"/>
		<b id="19" c="17 18" t="1"/>
		<b id="20" c="18 19" t="1"/>
		<b id="21" c="19 20" t="1"/>
		<b id="22" c="19 21" t="1"/>
		<b id="23" c="17 22" t="ar"/>
		<b id="24" c="3 22" t="ar"/>
		<b id="25" c="22 23" t="1"/>
		<b id="26" c="23 24" t="2"/>
		<b id="27" c="23 25" t="am"/>
		<b id="28" c="25 26" t="1"/>
		<b id="29" c="26 27" t="1"/>
		<b id="30" c="27 28" t="1"/>
		<b id="31" c="26 28" t="1"/>
		<b id="32" c="1 29" t="1"/>
		<b id="33" c="1 30" t="1"/>
		<b id="34" c="1 31" t="1"/>
		<b id="35" c="4 32" t="1"/>
		<b id="36" c="7 33" t="1"/>
		<b id="37" c="10 34" t="1"/>
		<b id="38" c="13 35" t="1"/>
		<b id="39" c="14 36" t="1"/>
		<b id="40" c="16 37" t="1"/>
		<b id="41" c="19 38" t="1"/>
		<b id="42" c="25 39" t="1"/>
		<b id="43" c="26 40" t="1"/>
		<b id="44" c="27 41" t="1"/>
		<b id="45" c="27 42" t="1"/>
		<b id="46" c="28 43" t="1"/>
		<b id="47" c="28 44" t="1"/>
	</bonds>
	<geometry>
		<g u="A" t="cart/3d">#44,3:0.7539,-0.3375,0.1650;2.0309,-0.0597,0.6947;2.8716,-1.0951,0.9630;2.5975,-2.4153,0.6340;3.5103,-3.4236,0.9326;3.1913,-4.7935,0.5760;2.5697,-5.2865,-0.5611;2.4870,-6.6231,-0.5445;3.0336,-7.0048,0.5955;3.1892,-8.2930,1.1218;3.7666,-8.4213,2.3535;4.0072,-10.1417,3.1205;4.1790,-7.2904,3.0912;4.0259,-6.0471,2.5626;3.4907,-5.9012,1.3264;4.7250,-3.1041,1.5352;4.9805,-1.7927,1.8915;6.1638,-1.3864,2.5003;6.9566,-2.2727,3.1001;6.2973,-3.1194,3.9295;7.6004,-3.0970,2.2217;4.0661,-0.7734,1.6280;4.3375,0.6074,2.1553;4.6976,0.8046,3.2969;4.1602,1.5896,1.2454;4.2894,2.9699,1.5754;3.2507,3.9435,1.1033;4.6266,3.9525,0.4982;0.2483,0.6253,0.1074;0.1846,-1.0054,0.8175;0.8205,-0.7722,-0.8375;1.6713,-2.6887,0.1563;2.2056,-4.7268,-1.4002;2.8445,-9.1347,0.5454;4.6079,-7.4124,4.0716;4.3003,-5.1549,3.1029;5.4627,-3.8746,1.6865;7.7221,-1.7344,3.6780;3.7741,1.3651,0.3430;4.7172,3.0879,2.5620;2.9674,4.7512,1.7594;2.4375,3.5616,0.5045;5.2909,4.7679,0.7366;4.7380,3.5816,-0.5098;</g>
	</geometry>
	<conformers/>
	<properties/>
</molecule>
