<?xml version="1.0" ?>
<!--MOLLI PACKAGE EXPERIMENTAL XML FORMAT-->
<molecule name="el899">
	<atoms>
		<a id="1" s="Br" t="Br" l="BR"/>
		<a id="2" s="C" t="C.ar" l="C"/>
		<a id="3" s="C" t="C.ar" l="C"/>
		<a id="4" s="C" t="C.ar" l="C"/>
		<a id="5" s="C" t="C.ar" l="C"/>
		<a id="6" s="C" t="C.ar" l="C"/>
		<a id="7" s="N" t="N.pl3" l="N"/>
		<a id="8" s="C" t="C.3" l="C"/>
		<a id="9" s="C" t="C.3" l="C"/>
		<a id="10" s="C" t="C.3" l="C"/>
		<a id="11" s="C" t="C.3" l="C"/>
		<a id="12" s="C" t="C.3" l="C"/>
		<a id="13" s="N" t="N.ar" l="N"/>
		<a id="14" s="H" t="H" l="H"/>
		<a id="15" s="H" t="H" l="H"/>
		<a id="16" s="H" t="H" l="H"/>
		<a id="17" s="H" t="H" l="H"/>
		<a id="18" s="H" t="H" l="H"/>
		<a id="19" s="H" t="H" l="H"/>
		<a id="20" s="H" t="H" l="H"/>
		<a id="21" s="H" t="H" l="H"/>
		<a id="22" s="H" t="H" l="H"/>
		<a id="23" s="H" t="H" l="H"/>
		<a id="24" s="H" t="H" l="H"/>
		<a id="25" s="H" t="H" l="H"/>
		<a id="26" s="H" t="H" l="H"/>
	</atoms>
	<bonds>
		<b id="1" c="1 2" t="1"/>
		<b id="2" c="2 3" t="ar"/>
		<b id="3" c="3 4" t="ar"/>
		<b id="4" c="4 5" t="ar"/>
		<b id="5" c="5 6" t="ar"/>
		<b id="6" c="6 7" t="1"/>
		<b id="7" c="7 8" t="1"/>
		<b id="8" c="8 9" t="1"/>
		<b id="9" c="9 10" t="1"/>
		<b id="10" c="10 11" t="1"/>
		<b id="11" c="11 12" t="1"/>
		<b id="12" c="7 12" t="1"/>
		<b id="13" c="6 13" t="ar"/>
		<b id="14" c="2 13" t="ar"/>
		<b id="15" c="3 14" t="1"/>
		<b id="16" c="4 15" t="1"/>
		<b id="17" c="5 16" t="1"/>
		<b id="18" c="8 17" t="1"/>
		<b id="19" c="8 18" t="1"/>
		<b id="20" c="9 19" t="1"/>
		<b id="21" c="9 20" t="1"/>
		<b id="22" c="10 21" t="1"/>
		<b id="23" c="10 22" t="1"/>
		<b id="24" c="11 23" t="1"/>
		<b id="25" c="11 24" t="1"/>
		<b id="26" c="12 25" t="1"/>
		<b id="27" c="12 26" t="1"/>
	</bonds>
	<geometry>
		<g u="A" t="cart/3d">#26,3:-0.7551,0.9045,2.7413;-1.4093,0.3078,1.0483;-1.0500,0.9801,-0.1004;-1.5764,0.4691,-1.2836;-2.3955,-0.6370,-1.2639;-2.6945,-1.2484,-0.0278;-3.5318,-2.3040,0.1173;-3.6463,-2.9608,1.4041;-2.7689,-4.2132,1.4403;-3.1528,-5.1529,0.2993;-3.0825,-4.4108,-1.0335;-3.9574,-3.1550,-0.9685;-2.1797,-0.7470,1.1028;-0.4041,1.8411,-0.0778;-1.3388,0.9457,-2.2234;-2.7959,-1.0149,-2.1894;-4.6962,-3.2359,1.5512;-3.3464,-2.2557,2.1775;-2.8851,-4.7141,2.4019;-1.7240,-3.9140,1.3362;-4.1717,-5.5164,0.4559;-2.4872,-6.0177,0.2826;-3.4209,-5.0534,-1.8477;-2.0506,-4.1153,-1.2364;-4.9965,-3.4462,-0.7753;-3.9320,-2.6184,-1.9150;</g>
	</geometry>
	<conformers/>
	<properties/>
</molecule>
