<?xml version="1.0" ?>
<!--MOLLI PACKAGE EXPERIMENTAL XML FORMAT-->
<molecule name="el630">
	<atoms>
		<a id="1" s="C" t="C.3" l="C"/>
		<a id="2" s="C" t="C.3" l="C"/>
		<a id="3" s="C" t="C.3" l="C"/>
		<a id="4" s="C" t="C.3" l="C"/>
		<a id="5" s="C" t="C.3" l="C"/>
		<a id="6" s="C" t="C.3" l="C"/>
		<a id="7" s="C" t="C.3" l="C"/>
		<a id="8" s="C" t="C.3" l="C"/>
		<a id="9" s="N" t="N.pl3" l="N"/>
		<a id="10" s="C" t="C.3" l="C"/>
		<a id="11" s="C" t="C.3" l="C"/>
		<a id="12" s="C" t="C.3" l="C"/>
		<a id="13" s="C" t="C.3" l="C"/>
		<a id="14" s="C" t="C.3" l="C"/>
		<a id="15" s="C" t="C.3" l="C"/>
		<a id="16" s="C" t="C.3" l="C"/>
		<a id="17" s="C" t="C.3" l="C"/>
		<a id="18" s="C" t="C.ar" l="C"/>
		<a id="19" s="N" t="N.ar" l="N"/>
		<a id="20" s="C" t="C.ar" l="C"/>
		<a id="21" s="C" t="C.ar" l="C"/>
		<a id="22" s="Br" t="Br" l="BR"/>
		<a id="23" s="C" t="C.ar" l="C"/>
		<a id="24" s="N" t="N.ar" l="N"/>
		<a id="25" s="H" t="H" l="H"/>
		<a id="26" s="H" t="H" l="H"/>
		<a id="27" s="H" t="H" l="H"/>
		<a id="28" s="H" t="H" l="H"/>
		<a id="29" s="H" t="H" l="H"/>
		<a id="30" s="H" t="H" l="H"/>
		<a id="31" s="H" t="H" l="H"/>
		<a id="32" s="H" t="H" l="H"/>
		<a id="33" s="H" t="H" l="H"/>
		<a id="34" s="H" t="H" l="H"/>
		<a id="35" s="H" t="H" l="H"/>
		<a id="36" s="H" t="H" l="H"/>
		<a id="37" s="H" t="H" l="H"/>
		<a id="38" s="H" t="H" l="H"/>
		<a id="39" s="H" t="H" l="H"/>
		<a id="40" s="H" t="H" l="H"/>
		<a id="41" s="H" t="H" l="H"/>
		<a id="42" s="H" t="H" l="H"/>
		<a id="43" s="H" t="H" l="H"/>
		<a id="44" s="H" t="H" l="H"/>
		<a id="45" s="H" t="H" l="H"/>
		<a id="46" s="H" t="H" l="H"/>
		<a id="47" s="H" t="H" l="H"/>
		<a id="48" s="H" t="H" l="H"/>
		<a id="49" s="H" t="H" l="H"/>
		<a id="50" s="H" t="H" l="H"/>
		<a id="51" s="H" t="H" l="H"/>
		<a id="52" s="H" t="H" l="H"/>
		<a id="53" s="H" t="H" l="H"/>
		<a id="54" s="H" t="H" l="H"/>
		<a id="55" s="H" t="H" l="H"/>
		<a id="56" s="H" t="H" l="H"/>
		<a id="57" s="H" t="H" l="H"/>
		<a id="58" s="H" t="H" l="H"/>
		<a id="59" s="H" t="H" l="H"/>
		<a id="60" s="H" t="H" l="H"/>
	</atoms>
	<bonds>
		<b id="1" c="1 2" t="1"/>
		<b id="2" c="2 3" t="1"/>
		<b id="3" c="3 4" t="1"/>
		<b id="4" c="4 5" t="1"/>
		<b id="5" c="5 6" t="1"/>
		<b id="6" c="6 7" t="1"/>
		<b id="7" c="7 8" t="1"/>
		<b id="8" c="8 9" t="1"/>
		<b id="9" c="9 10" t="1"/>
		<b id="10" c="10 11" t="1"/>
		<b id="11" c="11 12" t="1"/>
		<b id="12" c="12 13" t="1"/>
		<b id="13" c="13 14" t="1"/>
		<b id="14" c="14 15" t="1"/>
		<b id="15" c="15 16" t="1"/>
		<b id="16" c="16 17" t="1"/>
		<b id="17" c="9 18" t="1"/>
		<b id="18" c="18 19" t="ar"/>
		<b id="19" c="19 20" t="ar"/>
		<b id="20" c="20 21" t="ar"/>
		<b id="21" c="21 22" t="1"/>
		<b id="22" c="21 23" t="ar"/>
		<b id="23" c="23 24" t="ar"/>
		<b id="24" c="18 24" t="ar"/>
		<b id="25" c="1 25" t="1"/>
		<b id="26" c="1 26" t="1"/>
		<b id="27" c="1 27" t="1"/>
		<b id="28" c="2 28" t="1"/>
		<b id="29" c="2 29" t="1"/>
		<b id="30" c="3 30" t="1"/>
		<b id="31" c="3 31" t="1"/>
		<b id="32" c="4 32" t="1"/>
		<b id="33" c="4 33" t="1"/>
		<b id="34" c="5 34" t="1"/>
		<b id="35" c="5 35" t="1"/>
		<b id="36" c="6 36" t="1"/>
		<b id="37" c="6 37" t="1"/>
		<b id="38" c="7 38" t="1"/>
		<b id="39" c="7 39" t="1"/>
		<b id="40" c="8 40" t="1"/>
		<b id="41" c="8 41" t="1"/>
		<b id="42" c="10 42" t="1"/>
		<b id="43" c="10 43" t="1"/>
		<b id="44" c="11 44" t="1"/>
		<b id="45" c="11 45" t="1"/>
		<b id="46" c="12 46" t="1"/>
		<b id="47" c="12 47" t="1"/>
		<b id="48" c="13 48" t="1"/>
		<b id="49" c="13 49" t="1"/>
		<b id="50" c="14 50" t="1"/>
		<b id="51" c="14 51" t="1"/>
		<b id="52" c="15 52" t="1"/>
		<b id="53" c="15 53" t="1"/>
		<b id="54" c="16 54" t="1"/>
		<b id="55" c="16 55" t="1"/>
		<b id="56" c="17 56" t="1"/>
		<b id="57" c="17 57" t="1"/>
		<b id="58" c="17 58" t="1"/>
		<b id="59" c="20 59" t="1"/>
		<b id="60" c="23 60" t="1"/>
	</bonds>
	<geometry>
		<g u="A" t="cart/3d">#60,3:9.7653,8.7320,4.4329;10.2197,7.2797,4.5145;9.0423,6.3144,4.4098;9.4756,4.8516,4.4772;8.2851,3.9107,4.3159;8.6809,2.4359,4.3401;7.4718,1.5469,4.0635;7.8065,0.0549,4.0796;8.2937,-0.4161,5.3597;7.4754,-0.2364,6.5423;6.0548,-0.7808,6.3920;6.0133,-2.2767,6.0892;4.5763,-2.7507,5.8823;4.4871,-4.2239,5.4950;3.0403,-4.6598,5.2765;2.9294,-6.1236,4.8581;1.4792,-6.5409,4.6445;9.4989,-0.9923,5.4552;9.9036,-1.4177,6.6676;11.0850,-1.9807,6.7565;11.9072,-2.1351,5.6477;13.6210,-2.9421,5.7858;11.4170,-1.6732,4.4332;10.2344,-1.1150,4.3331;10.6160,9.4055,4.5023;9.0777,8.9628,5.2435;9.2557,8.9192,3.4902;10.7410,7.1137,5.4597;10.9261,7.0748,3.7070;8.5206,6.4893,3.4656;8.3360,6.5189,5.2179;9.9677,4.6597,5.4333;10.2024,4.6530,3.6863;7.7882,4.1286,3.3674;7.5645,4.1033,5.1146;9.1111,2.1858,5.3121;9.4467,2.2487,3.5846;7.0741,1.7832,3.0744;6.6876,1.7645,4.7907;8.5899,-0.1541,3.3504;6.9136,-0.5159,3.8031;7.4265,0.8305,6.7887;7.9854,-0.7536,7.3557;5.5271,-0.2383,5.6054;5.5273,-0.5883,7.3286;6.4697,-2.8283,6.9134;6.5980,-2.4879,5.1912;4.1115,-2.1498,5.0960;4.0076,-2.5845,6.8000;4.9377,-4.8352,6.2799;5.0570,-4.3915,4.5781;2.5893,-4.0319,4.5044;2.4746,-4.5046,6.1982;3.3793,-6.7541,5.6281;3.4919,-6.2784,3.9347;0.9060,-6.4121,5.5603;1.4199,-7.5851,4.3469;1.0182,-5.9353,3.8664;11.3843,-2.3167,7.7407;11.9895,-1.7556,3.5183;</g>
	</geometry>
	<conformers/>
	<properties/>
</molecule>
