<?xml version="1.0" ?>
<!--MOLLI PACKAGE EXPERIMENTAL XML FORMAT-->
<molecule name="el906">
	<atoms>
		<a id="1" s="C" t="C.3" l="C"/>
		<a id="2" s="N" t="N.3" l="N"/>
		<a id="3" s="C" t="C.3" l="C"/>
		<a id="4" s="S" t="S.O2" l="S"/>
		<a id="5" s="O" t="O.2" l="O"/>
		<a id="6" s="O" t="O.2" l="O"/>
		<a id="7" s="N" t="N.ar" l="N"/>
		<a id="8" s="C" t="C.ar" l="C"/>
		<a id="9" s="C" t="C.ar" l="C"/>
		<a id="10" s="C" t="C.ar" l="C"/>
		<a id="11" s="C" t="C.ar" l="C"/>
		<a id="12" s="C" t="C.ar" l="C"/>
		<a id="13" s="C" t="C.ar" l="C"/>
		<a id="14" s="C" t="C.ar" l="C"/>
		<a id="15" s="C" t="C.ar" l="C"/>
		<a id="16" s="Br" t="Br" l="BR"/>
		<a id="17" s="C" t="C.ar" l="C"/>
		<a id="18" s="C" t="C.2" l="C"/>
		<a id="19" s="O" t="O.2" l="O"/>
		<a id="20" s="N" t="N.am" l="N"/>
		<a id="21" s="C" t="C.ar" l="C"/>
		<a id="22" s="C" t="C.ar" l="C"/>
		<a id="23" s="C" t="C.ar" l="C"/>
		<a id="24" s="C" t="C.ar" l="C"/>
		<a id="25" s="C" t="C.ar" l="C"/>
		<a id="26" s="C" t="C.ar" l="C"/>
		<a id="27" s="N" t="N.ar" l="N"/>
		<a id="28" s="C" t="C.ar" l="C"/>
		<a id="29" s="C" t="C.ar" l="C"/>
		<a id="30" s="H" t="H" l="H"/>
		<a id="31" s="H" t="H" l="H"/>
		<a id="32" s="H" t="H" l="H"/>
		<a id="33" s="H" t="H" l="H"/>
		<a id="34" s="H" t="H" l="H"/>
		<a id="35" s="H" t="H" l="H"/>
		<a id="36" s="H" t="H" l="H"/>
		<a id="37" s="H" t="H" l="H"/>
		<a id="38" s="H" t="H" l="H"/>
		<a id="39" s="H" t="H" l="H"/>
		<a id="40" s="H" t="H" l="H"/>
		<a id="41" s="H" t="H" l="H"/>
		<a id="42" s="H" t="H" l="H"/>
		<a id="43" s="H" t="H" l="H"/>
		<a id="44" s="H" t="H" l="H"/>
		<a id="45" s="H" t="H" l="H"/>
		<a id="46" s="H" t="H" l="H"/>
	</atoms>
	<bonds>
		<b id="1" c="1 2" t="1"/>
		<b id="2" c="2 3" t="1"/>
		<b id="3" c="2 4" t="1"/>
		<b id="4" c="4 5" t="2"/>
		<b id="5" c="4 6" t="2"/>
		<b id="6" c="4 7" t="1"/>
		<b id="7" c="7 8" t="ar"/>
		<b id="8" c="8 9" t="ar"/>
		<b id="9" c="9 10" t="ar"/>
		<b id="10" c="10 11" t="ar"/>
		<b id="11" c="11 12" t="ar"/>
		<b id="12" c="12 13" t="ar"/>
		<b id="13" c="8 13" t="ar"/>
		<b id="14" c="13 14" t="ar"/>
		<b id="15" c="14 15" t="ar"/>
		<b id="16" c="15 16" t="1"/>
		<b id="17" c="15 17" t="ar"/>
		<b id="18" c="17 18" t="1"/>
		<b id="19" c="18 19" t="2"/>
		<b id="20" c="18 20" t="am"/>
		<b id="21" c="20 21" t="1"/>
		<b id="22" c="21 22" t="ar"/>
		<b id="23" c="22 23" t="ar"/>
		<b id="24" c="23 24" t="ar"/>
		<b id="25" c="24 25" t="ar"/>
		<b id="26" c="25 26" t="ar"/>
		<b id="27" c="21 26" t="ar"/>
		<b id="28" c="17 27" t="ar"/>
		<b id="29" c="27 28" t="ar"/>
		<b id="30" c="28 29" t="ar"/>
		<b id="31" c="14 29" t="ar"/>
		<b id="32" c="7 29" t="ar"/>
		<b id="33" c="1 30" t="1"/>
		<b id="34" c="1 31" t="1"/>
		<b id="35" c="1 32" t="1"/>
		<b id="36" c="3 33" t="1"/>
		<b id="37" c="3 34" t="1"/>
		<b id="38" c="3 35" t="1"/>
		<b id="39" c="9 36" t="1"/>
		<b id="40" c="10 37" t="1"/>
		<b id="41" c="11 38" t="1"/>
		<b id="42" c="12 39" t="1"/>
		<b id="43" c="20 40" t="1"/>
		<b id="44" c="22 41" t="1"/>
		<b id="45" c="23 42" t="1"/>
		<b id="46" c="24 43" t="1"/>
		<b id="47" c="25 44" t="1"/>
		<b id="48" c="26 45" t="1"/>
		<b id="49" c="28 46" t="1"/>
	</bonds>
	<geometry>
		<g u="A" t="cart/3d">#46,3:3.1246,-1.3926,-3.9635;2.7336,-0.3806,-3.0080;1.4100,0.1677,-3.2230;3.0221,-0.8627,-1.4368;2.4580,0.0952,-0.5510;2.7513,-2.2483,-1.2351;4.6973,-0.6792,-1.4130;5.3307,0.5457,-1.5849;4.7536,1.8001,-1.6666;5.6005,2.8794,-1.8424;6.9800,2.7103,-1.9367;7.5589,1.4597,-1.8555;6.7282,0.3565,-1.6783;6.9490,-1.0626,-1.5607;8.0658,-1.8996,-1.5739;9.7872,-1.1624,-1.7751;7.8566,-3.2712,-1.4324;8.9813,-4.2679,-1.4413;10.1395,-3.9529,-1.6242;8.5243,-5.5248,-1.2265;9.2307,-6.7237,-1.1584;10.6114,-6.7982,-1.3214;11.2455,-8.0243,-1.2384;10.5234,-9.1802,-0.9949;9.1492,-9.1072,-0.8335;8.5042,-7.8889,-0.9145;6.6347,-3.7922,-1.2833;5.5612,-3.0341,-1.2642;5.6710,-1.6568,-1.4041;3.0788,-0.9682,-4.9653;2.4793,-2.2754,-3.9071;4.1479,-1.6931,-3.7497;1.4229,0.7715,-4.1301;1.1713,0.7954,-2.3686;0.6514,-0.6162,-3.3171;3.6871,1.9170,-1.5774;5.1839,3.8731,-1.9064;7.6098,3.5757,-2.0736;8.6274,1.3434,-1.9268;7.5168,-5.5765,-1.1031;11.1754,-5.9003,-1.5101;12.3166,-8.0743,-1.3657;11.0267,-10.1332,-0.9310;8.5772,-10.0034,-0.6434;7.4321,-7.8302,-0.7885;4.6089,-3.5254,-1.1367;</g>
	</geometry>
	<conformers/>
	<properties/>
</molecule>
