<?xml version="1.0" ?>
<!--MOLLI PACKAGE EXPERIMENTAL XML FORMAT-->
<molecule name="el907">
	<atoms>
		<a id="1" s="C" t="C.3" l="C"/>
		<a id="2" s="C" t="C.3" l="C"/>
		<a id="3" s="N" t="N.am" l="N"/>
		<a id="4" s="C" t="C.3" l="C"/>
		<a id="5" s="C" t="C.3" l="C"/>
		<a id="6" s="C" t="C.2" l="C"/>
		<a id="7" s="O" t="O.2" l="O"/>
		<a id="8" s="C" t="C.ar" l="C"/>
		<a id="9" s="C" t="C.ar" l="C"/>
		<a id="10" s="C" t="C.ar" l="C"/>
		<a id="11" s="C" t="C.ar" l="C"/>
		<a id="12" s="N" t="N.pl3" l="N"/>
		<a id="13" s="C" t="C.ar" l="C"/>
		<a id="14" s="C" t="C.ar" l="C"/>
		<a id="15" s="C" t="C.ar" l="C"/>
		<a id="16" s="C" t="C.ar" l="C"/>
		<a id="17" s="C" t="C.ar" l="C"/>
		<a id="18" s="Br" t="Br" l="BR"/>
		<a id="19" s="C" t="C.ar" l="C"/>
		<a id="20" s="C" t="C.3" l="C"/>
		<a id="21" s="C" t="C.3" l="C"/>
		<a id="22" s="C" t="C.3" l="C"/>
		<a id="23" s="N" t="N.3" l="N"/>
		<a id="24" s="C" t="C.3" l="C"/>
		<a id="25" s="C" t="C.ar" l="C"/>
		<a id="26" s="C" t="C.ar" l="C"/>
		<a id="27" s="C" t="C.ar" l="C"/>
		<a id="28" s="C" t="C.ar" l="C"/>
		<a id="29" s="C" t="C.ar" l="C"/>
		<a id="30" s="C" t="C.ar" l="C"/>
		<a id="31" s="C" t="C.3" l="C"/>
		<a id="32" s="C" t="C.3" l="C"/>
		<a id="33" s="C" t="C.ar" l="C"/>
		<a id="34" s="C" t="C.ar" l="C"/>
		<a id="35" s="H" t="H" l="H"/>
		<a id="36" s="H" t="H" l="H"/>
		<a id="37" s="H" t="H" l="H"/>
		<a id="38" s="H" t="H" l="H"/>
		<a id="39" s="H" t="H" l="H"/>
		<a id="40" s="H" t="H" l="H"/>
		<a id="41" s="H" t="H" l="H"/>
		<a id="42" s="H" t="H" l="H"/>
		<a id="43" s="H" t="H" l="H"/>
		<a id="44" s="H" t="H" l="H"/>
		<a id="45" s="H" t="H" l="H"/>
		<a id="46" s="H" t="H" l="H"/>
		<a id="47" s="H" t="H" l="H"/>
		<a id="48" s="H" t="H" l="H"/>
		<a id="49" s="H" t="H" l="H"/>
		<a id="50" s="H" t="H" l="H"/>
		<a id="51" s="H" t="H" l="H"/>
		<a id="52" s="H" t="H" l="H"/>
		<a id="53" s="H" t="H" l="H"/>
		<a id="54" s="H" t="H" l="H"/>
		<a id="55" s="H" t="H" l="H"/>
		<a id="56" s="H" t="H" l="H"/>
		<a id="57" s="H" t="H" l="H"/>
		<a id="58" s="H" t="H" l="H"/>
		<a id="59" s="H" t="H" l="H"/>
		<a id="60" s="H" t="H" l="H"/>
		<a id="61" s="H" t="H" l="H"/>
		<a id="62" s="H" t="H" l="H"/>
		<a id="63" s="H" t="H" l="H"/>
		<a id="64" s="H" t="H" l="H"/>
		<a id="65" s="H" t="H" l="H"/>
		<a id="66" s="H" t="H" l="H"/>
		<a id="67" s="H" t="H" l="H"/>
		<a id="68" s="H" t="H" l="H"/>
	</atoms>
	<bonds>
		<b id="1" c="1 2" t="1"/>
		<b id="2" c="2 3" t="1"/>
		<b id="3" c="3 4" t="1"/>
		<b id="4" c="4 5" t="1"/>
		<b id="5" c="3 6" t="am"/>
		<b id="6" c="6 7" t="2"/>
		<b id="7" c="6 8" t="1"/>
		<b id="8" c="8 9" t="ar"/>
		<b id="9" c="9 10" t="ar"/>
		<b id="10" c="10 11" t="ar"/>
		<b id="11" c="11 12" t="1"/>
		<b id="12" c="12 13" t="1"/>
		<b id="13" c="13 14" t="ar"/>
		<b id="14" c="14 15" t="ar"/>
		<b id="15" c="15 16" t="ar"/>
		<b id="16" c="16 17" t="ar"/>
		<b id="17" c="17 18" t="1"/>
		<b id="18" c="17 19" t="ar"/>
		<b id="19" c="13 19" t="ar"/>
		<b id="20" c="12 20" t="1"/>
		<b id="21" c="20 21" t="1"/>
		<b id="22" c="21 22" t="1"/>
		<b id="23" c="22 23" t="1"/>
		<b id="24" c="23 24" t="1"/>
		<b id="25" c="24 25" t="1"/>
		<b id="26" c="25 26" t="ar"/>
		<b id="27" c="26 27" t="ar"/>
		<b id="28" c="27 28" t="ar"/>
		<b id="29" c="28 29" t="ar"/>
		<b id="30" c="29 30" t="ar"/>
		<b id="31" c="25 30" t="ar"/>
		<b id="32" c="23 31" t="1"/>
		<b id="33" c="31 32" t="1"/>
		<b id="34" c="20 32" t="1"/>
		<b id="35" c="11 33" t="ar"/>
		<b id="36" c="33 34" t="ar"/>
		<b id="37" c="8 34" t="ar"/>
		<b id="38" c="1 35" t="1"/>
		<b id="39" c="1 36" t="1"/>
		<b id="40" c="1 37" t="1"/>
		<b id="41" c="2 38" t="1"/>
		<b id="42" c="2 39" t="1"/>
		<b id="43" c="4 40" t="1"/>
		<b id="44" c="4 41" t="1"/>
		<b id="45" c="5 42" t="1"/>
		<b id="46" c="5 43" t="1"/>
		<b id="47" c="5 44" t="1"/>
		<b id="48" c="9 45" t="1"/>
		<b id="49" c="10 46" t="1"/>
		<b id="50" c="14 47" t="1"/>
		<b id="51" c="15 48" t="1"/>
		<b id="52" c="16 49" t="1"/>
		<b id="53" c="19 50" t="1"/>
		<b id="54" c="20 51" t="1"/>
		<b id="55" c="21 52" t="1"/>
		<b id="56" c="21 53" t="1"/>
		<b id="57" c="22 54" t="1"/>
		<b id="58" c="22 55" t="1"/>
		<b id="59" c="24 56" t="1"/>
		<b id="60" c="24 57" t="1"/>
		<b id="61" c="26 58" t="1"/>
		<b id="62" c="27 59" t="1"/>
		<b id="63" c="28 60" t="1"/>
		<b id="64" c="29 61" t="1"/>
		<b id="65" c="30 62" t="1"/>
		<b id="66" c="31 63" t="1"/>
		<b id="67" c="31 64" t="1"/>
		<b id="68" c="32 65" t="1"/>
		<b id="69" c="32 66" t="1"/>
		<b id="70" c="33 67" t="1"/>
		<b id="71" c="34 68" t="1"/>
	</bonds>
	<geometry>
		<g u="A" t="cart/3d">#68,3:2.0350,0.0831,0.4991;2.9182,1.3193,0.6502;3.3394,1.8769,-0.6233;2.5280,2.9004,-1.2473;1.5308,2.3575,-2.2720;4.4388,1.3394,-1.2063;5.0744,0.4324,-0.7027;4.8468,1.9449,-2.5171;5.5276,3.1551,-2.5543;5.9045,3.7055,-3.7660;5.5877,3.0615,-4.9572;5.9030,3.6656,-6.2008;7.0154,3.2308,-6.8812;7.8274,2.2199,-6.3398;8.9415,1.7613,-7.0079;9.3127,2.2895,-8.2346;8.5294,3.3014,-8.7526;9.0079,4.0849,-10.4310;7.4022,3.7766,-8.1128;5.0739,4.7447,-6.7306;4.1539,5.4189,-5.7071;2.9004,4.6160,-5.3700;2.1617,4.3021,-6.5781;0.8902,3.6695,-6.2809;-0.0571,4.6099,-5.5862;-0.1003,5.9501,-5.9524;-0.9810,6.8176,-5.3339;-1.8342,6.3556,-4.3447;-1.8030,5.0212,-3.9803;-0.9186,4.1534,-4.5985;2.9792,3.4916,-7.4587;4.2052,4.2749,-7.9121;4.9809,1.8085,-4.9127;4.6153,1.2542,-3.7010;1.8056,-0.3229,1.4808;2.5644,-0.6741,-0.0748;1.1002,0.3216,-0.0041;3.8268,1.0374,1.1908;2.3956,2.0980,1.2125;3.1803,3.6260,-1.7422;1.9835,3.4229,-0.4557;2.0537,1.8228,-3.0620;0.9843,3.1871,-2.7142;0.8196,1.6797,-1.8071;5.7697,3.6631,-1.6317;6.4551,4.6345,-3.7913;7.5820,1.7944,-5.3796;9.5386,0.9782,-6.5653;10.1807,1.9307,-8.7626;6.8456,4.5703,-8.5808;5.7641,5.5203,-7.0920;3.8316,6.3627,-6.1516;4.6935,5.6498,-4.7893;2.2580,5.2216,-4.7245;3.1642,3.6985,-4.8157;1.0196,2.7527,-5.6742;0.4402,3.3719,-7.2355;0.5700,6.2985,-6.7230;-1.0067,7.8577,-5.6252;-2.5234,7.0334,-3.8633;-2.4683,4.6526,-3.2128;-0.9036,3.1092,-4.3177;2.3832,3.2290,-8.3374;3.2903,2.5527,-6.9683;3.8677,5.1570,-8.4582;4.7896,3.6511,-8.5883;4.8027,1.2738,-5.8347;4.1441,0.2824,-3.6660;</g>
	</geometry>
	<conformers/>
	<properties/>
</molecule>
