<?xml version="1.0" ?>
<!--MOLLI PACKAGE EXPERIMENTAL XML FORMAT-->
<molecule name="el631">
	<atoms>
		<a id="1" s="C" t="C.3" l="C"/>
		<a id="2" s="C" t="C.3" l="C"/>
		<a id="3" s="C" t="C.3" l="C"/>
		<a id="4" s="C" t="C.3" l="C"/>
		<a id="5" s="N" t="N.pl3" l="N"/>
		<a id="6" s="C" t="C.3" l="C"/>
		<a id="7" s="C" t="C.3" l="C"/>
		<a id="8" s="C" t="C.3" l="C"/>
		<a id="9" s="C" t="C.3" l="C"/>
		<a id="10" s="C" t="C.ar" l="C"/>
		<a id="11" s="N" t="N.ar" l="N"/>
		<a id="12" s="C" t="C.ar" l="C"/>
		<a id="13" s="C" t="C.ar" l="C"/>
		<a id="14" s="Br" t="Br" l="BR"/>
		<a id="15" s="C" t="C.ar" l="C"/>
		<a id="16" s="N" t="N.ar" l="N"/>
		<a id="17" s="H" t="H" l="H"/>
		<a id="18" s="H" t="H" l="H"/>
		<a id="19" s="H" t="H" l="H"/>
		<a id="20" s="H" t="H" l="H"/>
		<a id="21" s="H" t="H" l="H"/>
		<a id="22" s="H" t="H" l="H"/>
		<a id="23" s="H" t="H" l="H"/>
		<a id="24" s="H" t="H" l="H"/>
		<a id="25" s="H" t="H" l="H"/>
		<a id="26" s="H" t="H" l="H"/>
		<a id="27" s="H" t="H" l="H"/>
		<a id="28" s="H" t="H" l="H"/>
		<a id="29" s="H" t="H" l="H"/>
		<a id="30" s="H" t="H" l="H"/>
		<a id="31" s="H" t="H" l="H"/>
		<a id="32" s="H" t="H" l="H"/>
		<a id="33" s="H" t="H" l="H"/>
		<a id="34" s="H" t="H" l="H"/>
		<a id="35" s="H" t="H" l="H"/>
		<a id="36" s="H" t="H" l="H"/>
	</atoms>
	<bonds>
		<b id="1" c="1 2" t="1"/>
		<b id="2" c="2 3" t="1"/>
		<b id="3" c="3 4" t="1"/>
		<b id="4" c="4 5" t="1"/>
		<b id="5" c="5 6" t="1"/>
		<b id="6" c="6 7" t="1"/>
		<b id="7" c="7 8" t="1"/>
		<b id="8" c="8 9" t="1"/>
		<b id="9" c="5 10" t="1"/>
		<b id="10" c="10 11" t="ar"/>
		<b id="11" c="11 12" t="ar"/>
		<b id="12" c="12 13" t="ar"/>
		<b id="13" c="13 14" t="1"/>
		<b id="14" c="13 15" t="ar"/>
		<b id="15" c="15 16" t="ar"/>
		<b id="16" c="10 16" t="ar"/>
		<b id="17" c="1 17" t="1"/>
		<b id="18" c="1 18" t="1"/>
		<b id="19" c="1 19" t="1"/>
		<b id="20" c="2 20" t="1"/>
		<b id="21" c="2 21" t="1"/>
		<b id="22" c="3 22" t="1"/>
		<b id="23" c="3 23" t="1"/>
		<b id="24" c="4 24" t="1"/>
		<b id="25" c="4 25" t="1"/>
		<b id="26" c="6 26" t="1"/>
		<b id="27" c="6 27" t="1"/>
		<b id="28" c="7 28" t="1"/>
		<b id="29" c="7 29" t="1"/>
		<b id="30" c="8 30" t="1"/>
		<b id="31" c="8 31" t="1"/>
		<b id="32" c="9 32" t="1"/>
		<b id="33" c="9 33" t="1"/>
		<b id="34" c="9 34" t="1"/>
		<b id="35" c="12 35" t="1"/>
		<b id="36" c="15 36" t="1"/>
	</bonds>
	<geometry>
		<g u="A" t="cart/3d">#36,3:4.1584,2.4925,-3.0732;3.8344,1.5688,-1.9061;4.2344,2.1894,-0.5710;3.8926,1.2728,0.6068;4.2341,1.8812,1.8736;3.2300,2.6625,2.5599;2.2563,1.7916,3.3600;2.9519,1.0250,4.4814;1.9608,0.2121,5.3046;5.4823,1.7876,2.3475;6.3647,1.0582,1.6373;7.5832,0.9499,2.1106;7.9657,1.5685,3.2945;9.7340,1.4090,3.9703;6.9980,2.3097,3.9596;5.7738,2.4187,3.4991;3.8733,2.0330,-4.0163;5.2234,2.7076,-3.1039;3.6226,3.4339,-2.9746;4.3617,0.6216,-2.0339;2.7631,1.3548,-1.9000;3.7229,3.1470,-0.4462;5.3091,2.3781,-0.5611;4.4503,0.3388,0.5118;2.8231,1.0509,0.6108;2.6776,3.2441,1.8158;3.7469,3.3447,3.2360;1.7588,1.0837,2.6931;1.4899,2.4423,3.7853;3.4750,1.7322,5.1269;3.7004,0.3569,4.0511;1.2165,0.8633,5.7581;2.4740,-0.3257,6.0977;1.4450,-0.5123,4.6776;8.2755,0.3556,1.5283;7.2120,2.8279,4.8855;</g>
	</geometry>
	<conformers/>
	<properties/>
</molecule>
