<?xml version="1.0" ?>
<!--MOLLI PACKAGE EXPERIMENTAL XML FORMAT-->
<molecule name="el913">
	<atoms>
		<a id="1" s="C" t="C.3" l="C"/>
		<a id="2" s="C" t="C.3" l="C"/>
		<a id="3" s="C" t="C.3" l="C"/>
		<a id="4" s="C" t="C.3" l="C"/>
		<a id="5" s="O" t="O.3" l="O"/>
		<a id="6" s="C" t="C.2" l="C"/>
		<a id="7" s="O" t="O.2" l="O"/>
		<a id="8" s="N" t="N.ar" l="N"/>
		<a id="9" s="C" t="C.ar" l="C"/>
		<a id="10" s="C" t="C.ar" l="C"/>
		<a id="11" s="C" t="C.ar" l="C"/>
		<a id="12" s="N" t="N.ar" l="N"/>
		<a id="13" s="N" t="N.ar" l="N"/>
		<a id="14" s="C" t="C.3" l="C"/>
		<a id="15" s="F" t="F" l="F"/>
		<a id="16" s="F" t="F" l="F"/>
		<a id="17" s="C" t="C.ar" l="C"/>
		<a id="18" s="C" t="C.ar" l="C"/>
		<a id="19" s="C" t="C.ar" l="C"/>
		<a id="20" s="C" t="C.ar" l="C"/>
		<a id="21" s="N" t="N.ar" l="N"/>
		<a id="22" s="C" t="C.ar" l="C"/>
		<a id="23" s="Br" t="Br" l="BR"/>
		<a id="24" s="C" t="C.ar" l="C"/>
		<a id="25" s="C" t="C.ar" l="C"/>
		<a id="26" s="H" t="H" l="H"/>
		<a id="27" s="H" t="H" l="H"/>
		<a id="28" s="H" t="H" l="H"/>
		<a id="29" s="H" t="H" l="H"/>
		<a id="30" s="H" t="H" l="H"/>
		<a id="31" s="H" t="H" l="H"/>
		<a id="32" s="H" t="H" l="H"/>
		<a id="33" s="H" t="H" l="H"/>
		<a id="34" s="H" t="H" l="H"/>
		<a id="35" s="H" t="H" l="H"/>
		<a id="36" s="H" t="H" l="H"/>
		<a id="37" s="H" t="H" l="H"/>
		<a id="38" s="H" t="H" l="H"/>
		<a id="39" s="H" t="H" l="H"/>
		<a id="40" s="H" t="H" l="H"/>
	</atoms>
	<bonds>
		<b id="1" c="1 2" t="1"/>
		<b id="2" c="2 3" t="1"/>
		<b id="3" c="2 4" t="1"/>
		<b id="4" c="2 5" t="1"/>
		<b id="5" c="5 6" t="1"/>
		<b id="6" c="6 7" t="2"/>
		<b id="7" c="6 8" t="am"/>
		<b id="8" c="8 9" t="ar"/>
		<b id="9" c="9 10" t="1"/>
		<b id="10" c="10 11" t="ar"/>
		<b id="11" c="11 12" t="ar"/>
		<b id="12" c="12 13" t="ar"/>
		<b id="13" c="13 14" t="1"/>
		<b id="14" c="14 15" t="1"/>
		<b id="15" c="14 16" t="1"/>
		<b id="16" c="13 17" t="ar"/>
		<b id="17" c="10 17" t="ar"/>
		<b id="18" c="9 18" t="ar"/>
		<b id="19" c="18 19" t="ar"/>
		<b id="20" c="19 20" t="ar"/>
		<b id="21" c="20 21" t="ar"/>
		<b id="22" c="21 22" t="ar"/>
		<b id="23" c="22 23" t="1"/>
		<b id="24" c="22 24" t="ar"/>
		<b id="25" c="24 25" t="ar"/>
		<b id="26" c="19 25" t="ar"/>
		<b id="27" c="8 25" t="ar"/>
		<b id="28" c="1 26" t="1"/>
		<b id="29" c="1 27" t="1"/>
		<b id="30" c="1 28" t="1"/>
		<b id="31" c="3 29" t="1"/>
		<b id="32" c="3 30" t="1"/>
		<b id="33" c="3 31" t="1"/>
		<b id="34" c="4 32" t="1"/>
		<b id="35" c="4 33" t="1"/>
		<b id="36" c="4 34" t="1"/>
		<b id="37" c="11 35" t="1"/>
		<b id="38" c="14 36" t="1"/>
		<b id="39" c="17 37" t="1"/>
		<b id="40" c="18 38" t="1"/>
		<b id="41" c="20 39" t="1"/>
		<b id="42" c="24 40" t="1"/>
	</bonds>
	<geometry>
		<g u="A" t="cart/3d">#40,3:3.4506,-1.6072,0.8681;2.6265,-0.3885,0.4608;2.5871,-0.2239,-1.0568;1.2116,-0.4716,1.0320;3.1807,0.8116,1.0781;4.4090,1.2097,0.8033;5.1911,0.7082,0.0440;4.7243,2.3559,1.5514;5.8041,3.2007,1.2739;6.5026,3.1965,0.0087;5.9702,3.0569,-1.2991;6.9011,3.1888,-2.2067;8.0421,3.4066,-1.5392;9.2490,3.6003,-2.2425;9.7658,4.8265,-1.9926;10.1949,2.7226,-1.8446;7.8438,3.4293,-0.1956;5.9988,4.0575,2.3156;5.0159,3.7638,3.3022;4.7058,4.2741,4.5601;3.7106,3.7881,5.2703;2.9970,2.7951,4.7767;1.5911,2.1773,5.8954;3.1826,2.1867,3.5464;4.2261,2.7002,2.7932;2.9747,-2.5080,0.4917;3.5154,-1.6725,1.9525;4.4549,-1.5436,0.4579;2.0930,-1.0832,-1.5005;3.5938,-0.1528,-1.4602;2.0339,0.6746,-1.3227;0.6853,-1.3127,0.5917;0.6652,0.4417,0.8109;1.2426,-0.6055,2.1103;4.9543,2.8814,-1.5889;9.0764,3.4921,-3.3242;8.6522,3.5827,0.4892;6.7384,4.8306,2.3677;5.2630,5.0840,5.0090;2.5480,1.3842,3.2141;</g>
	</geometry>
	<conformers/>
	<properties/>
</molecule>
