<?xml version="1.0" ?>
<!--MOLLI PACKAGE EXPERIMENTAL XML FORMAT-->
<molecule name="el914">
	<atoms>
		<a id="1" s="C" t="C.3" l="C"/>
		<a id="2" s="C" t="C.3" l="C"/>
		<a id="3" s="C" t="C.ar" l="C"/>
		<a id="4" s="C" t="C.ar" l="C"/>
		<a id="5" s="C" t="C.ar" l="C"/>
		<a id="6" s="C" t="C.3" l="C"/>
		<a id="7" s="C" t="C.3" l="C"/>
		<a id="8" s="C" t="C.3" l="C"/>
		<a id="9" s="C" t="C.3" l="C"/>
		<a id="10" s="C" t="C.3" l="C"/>
		<a id="11" s="C" t="C.3" l="C"/>
		<a id="12" s="C" t="C.ar" l="C"/>
		<a id="13" s="C" t="C.ar" l="C"/>
		<a id="14" s="C" t="C.3" l="C"/>
		<a id="15" s="C" t="C.3" l="C"/>
		<a id="16" s="C" t="C.3" l="C"/>
		<a id="17" s="C" t="C.3" l="C"/>
		<a id="18" s="C" t="C.3" l="C"/>
		<a id="19" s="C" t="C.3" l="C"/>
		<a id="20" s="C" t="C.ar" l="C"/>
		<a id="21" s="Br" t="Br" l="BR"/>
		<a id="22" s="H" t="H" l="H"/>
		<a id="23" s="H" t="H" l="H"/>
		<a id="24" s="H" t="H" l="H"/>
		<a id="25" s="H" t="H" l="H"/>
		<a id="26" s="H" t="H" l="H"/>
		<a id="27" s="H" t="H" l="H"/>
		<a id="28" s="H" t="H" l="H"/>
		<a id="29" s="H" t="H" l="H"/>
		<a id="30" s="H" t="H" l="H"/>
		<a id="31" s="H" t="H" l="H"/>
		<a id="32" s="H" t="H" l="H"/>
		<a id="33" s="H" t="H" l="H"/>
		<a id="34" s="H" t="H" l="H"/>
		<a id="35" s="H" t="H" l="H"/>
		<a id="36" s="H" t="H" l="H"/>
		<a id="37" s="H" t="H" l="H"/>
		<a id="38" s="H" t="H" l="H"/>
		<a id="39" s="H" t="H" l="H"/>
		<a id="40" s="H" t="H" l="H"/>
		<a id="41" s="H" t="H" l="H"/>
		<a id="42" s="H" t="H" l="H"/>
		<a id="43" s="H" t="H" l="H"/>
		<a id="44" s="H" t="H" l="H"/>
		<a id="45" s="H" t="H" l="H"/>
		<a id="46" s="H" t="H" l="H"/>
		<a id="47" s="H" t="H" l="H"/>
		<a id="48" s="H" t="H" l="H"/>
		<a id="49" s="H" t="H" l="H"/>
		<a id="50" s="H" t="H" l="H"/>
	</atoms>
	<bonds>
		<b id="1" c="1 2" t="1"/>
		<b id="2" c="2 3" t="1"/>
		<b id="3" c="3 4" t="ar"/>
		<b id="4" c="4 5" t="ar"/>
		<b id="5" c="5 6" t="1"/>
		<b id="6" c="6 7" t="1"/>
		<b id="7" c="7 8" t="1"/>
		<b id="8" c="8 9" t="1"/>
		<b id="9" c="9 10" t="1"/>
		<b id="10" c="10 11" t="1"/>
		<b id="11" c="6 11" t="1"/>
		<b id="12" c="5 12" t="ar"/>
		<b id="13" c="12 13" t="ar"/>
		<b id="14" c="13 14" t="1"/>
		<b id="15" c="14 15" t="1"/>
		<b id="16" c="15 16" t="1"/>
		<b id="17" c="16 17" t="1"/>
		<b id="18" c="17 18" t="1"/>
		<b id="19" c="18 19" t="1"/>
		<b id="20" c="14 19" t="1"/>
		<b id="21" c="13 20" t="ar"/>
		<b id="22" c="3 20" t="ar"/>
		<b id="23" c="20 21" t="1"/>
		<b id="24" c="1 22" t="1"/>
		<b id="25" c="1 23" t="1"/>
		<b id="26" c="1 24" t="1"/>
		<b id="27" c="2 25" t="1"/>
		<b id="28" c="2 26" t="1"/>
		<b id="29" c="4 27" t="1"/>
		<b id="30" c="6 28" t="1"/>
		<b id="31" c="7 29" t="1"/>
		<b id="32" c="7 30" t="1"/>
		<b id="33" c="8 31" t="1"/>
		<b id="34" c="8 32" t="1"/>
		<b id="35" c="9 33" t="1"/>
		<b id="36" c="9 34" t="1"/>
		<b id="37" c="10 35" t="1"/>
		<b id="38" c="10 36" t="1"/>
		<b id="39" c="11 37" t="1"/>
		<b id="40" c="11 38" t="1"/>
		<b id="41" c="12 39" t="1"/>
		<b id="42" c="14 40" t="1"/>
		<b id="43" c="15 41" t="1"/>
		<b id="44" c="15 42" t="1"/>
		<b id="45" c="16 43" t="1"/>
		<b id="46" c="16 44" t="1"/>
		<b id="47" c="17 45" t="1"/>
		<b id="48" c="17 46" t="1"/>
		<b id="49" c="18 47" t="1"/>
		<b id="50" c="18 48" t="1"/>
		<b id="51" c="19 49" t="1"/>
		<b id="52" c="19 50" t="1"/>
	</bonds>
	<geometry>
		<g u="A" t="cart/3d">#50,3:1.2768,-0.5050,0.5475;2.5073,0.1489,-0.0847;2.9439,1.3413,0.7163;2.4925,2.6034,0.3568;2.8330,3.7366,1.0788;2.3205,5.0905,0.6635;3.4665,6.0634,0.3645;2.9167,7.4121,-0.0896;1.9952,8.0004,0.9747;0.8543,7.0356,1.2836;1.4021,5.6861,1.7373;3.6467,3.5843,2.1908;4.1228,2.3450,2.5999;5.0127,2.2589,3.8120;4.3379,2.8377,5.0605;5.2534,2.6808,6.2709;6.5869,3.3806,6.0254;7.2600,2.8218,4.7753;6.3472,2.9723,3.5626;3.7549,1.2365,1.8419;4.3805,-0.5068,2.3420;0.9561,-1.3565,-0.0476;0.4575,0.2090,0.6065;1.5010,-0.8546,1.5526;2.2626,0.4692,-1.0995;3.3127,-0.5850,-0.1489;1.8588,2.6957,-0.5140;1.7332,4.9683,-0.2537;4.1111,5.6402,-0.4094;4.0723,6.2060,1.2612;2.3589,7.2826,-1.0202;3.7424,8.0987,-0.2885;1.5923,8.9555,0.6316;2.5678,8.1876,1.8863;0.2448,6.8972,0.3874;0.2125,7.4537,2.0622;0.5798,4.9950,1.9371;1.9608,5.8154,2.6663;3.9258,4.4545,2.7634;5.2375,1.2100,4.0234;3.3912,2.3218,5.2367;4.1182,3.8967,4.9130;5.4301,1.6189,6.4574;4.7695,3.0996,7.1560;7.2408,3.2488,6.8899;6.4157,4.4523,5.8966;7.4865,1.7641,4.9282;8.2027,3.3426,4.5941;6.8283,2.5477,2.6786;6.1704,4.0320,3.3685;</g>
	</geometry>
	<conformers/>
	<properties/>
</molecule>
