<?xml version="1.0" ?>
<!--MOLLI PACKAGE EXPERIMENTAL XML FORMAT-->
<molecule name="el921">
	<atoms>
		<a id="1" s="N" t="N.3" l="NZ"/>
		<a id="2" s="C" t="C.3" l="CE"/>
		<a id="3" s="C" t="C.3" l="CD"/>
		<a id="4" s="C" t="C.3" l="CG"/>
		<a id="5" s="C" t="C.3" l="CB"/>
		<a id="6" s="C" t="C.3" l="CA"/>
		<a id="7" s="N" t="N.am" l="N"/>
		<a id="8" s="C" t="C.2" l="C"/>
		<a id="9" s="O" t="O.2" l="O"/>
		<a id="10" s="C" t="C.3" l="CA"/>
		<a id="11" s="N" t="N.3" l="N"/>
		<a id="12" s="C" t="C.3" l="CB"/>
		<a id="13" s="C" t="C.3" l="CG"/>
		<a id="14" s="C" t="C.2" l="CD"/>
		<a id="15" s="O" t="O.2" l="OE1"/>
		<a id="16" s="O" t="O.3" l="OE2"/>
		<a id="17" s="C" t="C.2" l="C"/>
		<a id="18" s="O" t="O.2" l="O"/>
		<a id="19" s="N" t="N.am" l="N"/>
		<a id="20" s="C" t="C.3" l="C"/>
		<a id="21" s="C" t="C.3" l="C"/>
		<a id="22" s="C" t="C.ar" l="C"/>
		<a id="23" s="C" t="C.ar" l="C"/>
		<a id="24" s="N" t="N.ar" l="N"/>
		<a id="25" s="C" t="C.ar" l="C"/>
		<a id="26" s="C" t="C.ar" l="C"/>
		<a id="27" s="Br" t="Br" l="BR"/>
		<a id="28" s="C" t="C.ar" l="C"/>
		<a id="29" s="C" t="C.ar" l="C"/>
		<a id="30" s="C" t="C.ar" l="C"/>
		<a id="31" s="C" t="C.ar" l="C"/>
		<a id="32" s="C" t="C.2" l="C"/>
		<a id="33" s="O" t="O.2" l="O"/>
		<a id="34" s="O" t="O.3" l="O"/>
		<a id="35" s="H" t="H" l="HZ1"/>
		<a id="36" s="H" t="H" l="HZ2"/>
		<a id="37" s="H" t="H" l="HE1"/>
		<a id="38" s="H" t="H" l="HE2"/>
		<a id="39" s="H" t="H" l="HD1"/>
		<a id="40" s="H" t="H" l="HD2"/>
		<a id="41" s="H" t="H" l="HG1"/>
		<a id="42" s="H" t="H" l="HG2"/>
		<a id="43" s="H" t="H" l="HB1"/>
		<a id="44" s="H" t="H" l="HB2"/>
		<a id="45" s="H" t="H" l="HA"/>
		<a id="46" s="H" t="H" l="H"/>
		<a id="47" s="H" t="H" l="HA"/>
		<a id="48" s="H" t="H" l="H1"/>
		<a id="49" s="H" t="H" l="H2"/>
		<a id="50" s="H" t="H" l="HB1"/>
		<a id="51" s="H" t="H" l="HB2"/>
		<a id="52" s="H" t="H" l="HG1"/>
		<a id="53" s="H" t="H" l="HG2"/>
		<a id="54" s="H" t="H" l="HE2"/>
		<a id="55" s="H" t="H" l="H"/>
		<a id="56" s="H" t="H" l="H"/>
		<a id="57" s="H" t="H" l="H"/>
		<a id="58" s="H" t="H" l="H"/>
		<a id="59" s="H" t="H" l="H"/>
		<a id="60" s="H" t="H" l="H"/>
		<a id="61" s="H" t="H" l="H"/>
		<a id="62" s="H" t="H" l="H"/>
		<a id="63" s="H" t="H" l="H"/>
		<a id="64" s="H" t="H" l="H"/>
	</atoms>
	<bonds>
		<b id="1" c="1 2" t="1"/>
		<b id="2" c="2 3" t="1"/>
		<b id="3" c="3 4" t="1"/>
		<b id="4" c="4 5" t="1"/>
		<b id="5" c="7 8" t="am"/>
		<b id="6" c="8 9" t="2"/>
		<b id="7" c="8 10" t="1"/>
		<b id="8" c="10 11" t="1"/>
		<b id="9" c="10 12" t="1"/>
		<b id="10" c="12 13" t="1"/>
		<b id="11" c="13 14" t="1"/>
		<b id="12" c="14 15" t="2"/>
		<b id="13" c="14 16" t="1"/>
		<b id="14" c="6 17" t="1"/>
		<b id="15" c="17 18" t="2"/>
		<b id="16" c="17 19" t="am"/>
		<b id="17" c="19 20" t="1"/>
		<b id="18" c="20 21" t="1"/>
		<b id="19" c="21 22" t="1"/>
		<b id="20" c="22 23" t="ar"/>
		<b id="21" c="23 24" t="ar"/>
		<b id="22" c="24 25" t="ar"/>
		<b id="23" c="25 26" t="ar"/>
		<b id="24" c="26 27" t="1"/>
		<b id="25" c="26 28" t="ar"/>
		<b id="26" c="28 29" t="ar"/>
		<b id="27" c="29 30" t="ar"/>
		<b id="28" c="30 31" t="ar"/>
		<b id="29" c="22 31" t="ar"/>
		<b id="30" c="25 31" t="ar"/>
		<b id="31" c="20 32" t="1"/>
		<b id="32" c="32 33" t="2"/>
		<b id="33" c="32 34" t="1"/>
		<b id="34" c="6 7" t="1"/>
		<b id="35" c="6 5" t="1"/>
		<b id="36" c="1 35" t="1"/>
		<b id="37" c="1 36" t="1"/>
		<b id="38" c="2 37" t="1"/>
		<b id="39" c="2 38" t="1"/>
		<b id="40" c="3 39" t="1"/>
		<b id="41" c="3 40" t="1"/>
		<b id="42" c="4 41" t="1"/>
		<b id="43" c="4 42" t="1"/>
		<b id="44" c="5 43" t="1"/>
		<b id="45" c="5 44" t="1"/>
		<b id="46" c="6 45" t="1"/>
		<b id="47" c="7 46" t="1"/>
		<b id="48" c="10 47" t="1"/>
		<b id="49" c="11 48" t="1"/>
		<b id="50" c="11 49" t="1"/>
		<b id="51" c="12 50" t="1"/>
		<b id="52" c="12 51" t="1"/>
		<b id="53" c="13 52" t="1"/>
		<b id="54" c="13 53" t="1"/>
		<b id="55" c="16 54" t="1"/>
		<b id="56" c="19 55" t="1"/>
		<b id="57" c="20 56" t="1"/>
		<b id="58" c="21 57" t="1"/>
		<b id="59" c="21 58" t="1"/>
		<b id="60" c="23 59" t="1"/>
		<b id="61" c="24 60" t="1"/>
		<b id="62" c="28 61" t="1"/>
		<b id="63" c="29 62" t="1"/>
		<b id="64" c="30 63" t="1"/>
		<b id="65" c="34 64" t="1"/>
	</bonds>
	<geometry>
		<g u="A" t="cart/3d">#64,3:11.5011,-1.3045,0.3692;10.9223,-0.1017,0.9481;9.4202,-0.2939,1.1455;8.7896,0.8939,1.8676;7.2621,0.8715,1.8461;6.6720,-0.3684,2.5326;5.2182,-0.3206,2.5390;4.4645,-0.6550,1.4742;4.8997,-0.8233,0.3540;2.9728,-0.8006,1.8061;2.1323,-0.3704,0.7005;2.6536,-2.2836,2.0771;3.6352,-3.0496,2.9704;3.7994,-2.5264,4.3821;3.6842,-1.3773,4.7143;4.1465,-3.4439,5.2947;7.1356,-0.5116,3.9791;7.7987,-1.4428,4.3843;6.6999,0.4854,4.7724;6.9213,0.5217,6.1952;8.3752,0.9425,6.5200;8.8339,2.0899,5.6754;8.1695,3.2478,5.3812;8.9174,4.0171,4.5365;10.0846,3.3761,4.2708;11.1619,3.7290,3.4695;11.1189,5.3851,2.5161;12.2366,2.8764,3.3737;12.2352,1.6670,4.0747;11.1763,1.2900,4.8688;10.0789,2.1460,4.9754;5.9087,1.4926,6.7975;5.2321,2.2204,6.1282;5.8390,1.4968,8.1293;12.4963,-1.1844,0.2186;11.0730,-1.4964,-0.5306;11.0960,0.8017,0.3369;11.3979,0.0595,1.9201;9.2742,-1.2063,1.7228;8.9455,-0.4250,0.1704;9.1239,1.8191,1.3909;9.1406,0.9094,2.9004;6.9049,0.8716,0.8146;6.8799,1.7712,2.3352;6.9874,-1.2581,1.9747;4.7511,-0.2497,3.4348;2.7271,-0.2069,2.6902;2.5244,-0.7425,-0.1607;2.1483,0.6423,0.6230;2.6310,-2.7852,1.1074;1.6510,-2.3356,2.5023;4.6345,-3.0364,2.5186;3.3051,-4.0935,3.0078;4.2441,-4.3342,4.9327;6.1192,1.2323,4.4152;6.7450,-0.4840,6.6039;9.0174,0.0855,6.3111;8.4679,1.1857,7.5842;7.2045,3.5859,5.7031;8.6514,4.9171,4.1723;13.0808,3.1399,2.7561;13.0928,1.0191,3.9830;11.1915,0.3465,5.3907;6.4109,0.8363,8.5437;</g>
	</geometry>
	<conformers/>
	<properties/>
</molecule>
