<?xml version="1.0" ?>
<!--MOLLI PACKAGE EXPERIMENTAL XML FORMAT-->
<molecule name="el924">
	<atoms>
		<a id="1" s="Br" t="Br" l="BR"/>
		<a id="2" s="C" t="C.ar" l="C"/>
		<a id="3" s="C" t="C.ar" l="C"/>
		<a id="4" s="C" t="C.ar" l="C"/>
		<a id="5" s="C" t="C.ar" l="C"/>
		<a id="6" s="C" t="C.ar" l="C"/>
		<a id="7" s="C" t="C.ar" l="C"/>
		<a id="8" s="C" t="C.3" l="C"/>
		<a id="9" s="C" t="C.3" l="C"/>
		<a id="10" s="C" t="C.3" l="C"/>
		<a id="11" s="C" t="C.3" l="C"/>
		<a id="12" s="C" t="C.3" l="C"/>
		<a id="13" s="C" t="C.3" l="C"/>
		<a id="14" s="C" t="C.3" l="C"/>
		<a id="15" s="C" t="C.3" l="C"/>
		<a id="16" s="C" t="C.3" l="C"/>
		<a id="17" s="C" t="C.3" l="C"/>
		<a id="18" s="H" t="H" l="H"/>
		<a id="19" s="H" t="H" l="H"/>
		<a id="20" s="H" t="H" l="H"/>
		<a id="21" s="H" t="H" l="H"/>
		<a id="22" s="H" t="H" l="H"/>
		<a id="23" s="H" t="H" l="H"/>
		<a id="24" s="H" t="H" l="H"/>
		<a id="25" s="H" t="H" l="H"/>
		<a id="26" s="H" t="H" l="H"/>
		<a id="27" s="H" t="H" l="H"/>
		<a id="28" s="H" t="H" l="H"/>
		<a id="29" s="H" t="H" l="H"/>
		<a id="30" s="H" t="H" l="H"/>
		<a id="31" s="H" t="H" l="H"/>
		<a id="32" s="H" t="H" l="H"/>
		<a id="33" s="H" t="H" l="H"/>
		<a id="34" s="H" t="H" l="H"/>
		<a id="35" s="H" t="H" l="H"/>
		<a id="36" s="H" t="H" l="H"/>
	</atoms>
	<bonds>
		<b id="1" c="1 2" t="1"/>
		<b id="2" c="2 3" t="ar"/>
		<b id="3" c="3 4" t="ar"/>
		<b id="4" c="4 5" t="ar"/>
		<b id="5" c="5 6" t="ar"/>
		<b id="6" c="6 7" t="ar"/>
		<b id="7" c="2 7" t="ar"/>
		<b id="8" c="7 8" t="1"/>
		<b id="9" c="8 9" t="1"/>
		<b id="10" c="9 10" t="1"/>
		<b id="11" c="10 11" t="1"/>
		<b id="12" c="11 12" t="1"/>
		<b id="13" c="12 13" t="1"/>
		<b id="14" c="8 13" t="1"/>
		<b id="15" c="12 14" t="1"/>
		<b id="16" c="14 15" t="1"/>
		<b id="17" c="15 16" t="1"/>
		<b id="18" c="8 16" t="1"/>
		<b id="19" c="15 17" t="1"/>
		<b id="20" c="10 17" t="1"/>
		<b id="21" c="3 18" t="1"/>
		<b id="22" c="4 19" t="1"/>
		<b id="23" c="5 20" t="1"/>
		<b id="24" c="6 21" t="1"/>
		<b id="25" c="9 22" t="1"/>
		<b id="26" c="9 23" t="1"/>
		<b id="27" c="10 24" t="1"/>
		<b id="28" c="11 25" t="1"/>
		<b id="29" c="11 26" t="1"/>
		<b id="30" c="12 27" t="1"/>
		<b id="31" c="13 28" t="1"/>
		<b id="32" c="13 29" t="1"/>
		<b id="33" c="14 30" t="1"/>
		<b id="34" c="14 31" t="1"/>
		<b id="35" c="15 32" t="1"/>
		<b id="36" c="16 33" t="1"/>
		<b id="37" c="16 34" t="1"/>
		<b id="38" c="17 35" t="1"/>
		<b id="39" c="17 36" t="1"/>
	</bonds>
	<geometry>
		<g u="A" t="cart/3d">#36,3:3.3888,-3.4314,0.8024;2.0369,-2.1502,0.3279;2.5196,-0.8517,0.2741;1.6813,0.1994,-0.0381;0.3500,-0.0705,-0.2891;-0.1158,-1.3709,-0.2363;0.6997,-2.4652,0.0637;0.1218,-3.8698,0.1380;0.8136,-4.8132,-0.9127;0.2514,-6.2683,-0.9514;0.4425,-6.9001,0.4615;-0.3767,-5.8963,1.3024;0.2557,-4.5226,1.5719;-1.9123,-5.9578,1.1695;-2.0631,-5.3218,-0.2432;-1.4133,-3.9008,-0.2112;-1.2738,-6.2011,-1.2572;3.5633,-0.6677,0.4805;2.0655,1.2066,-0.0793;-0.3340,0.7296,-0.5292;-1.1611,-1.5259,-0.4401;1.8831,-4.8775,-0.7246;0.6802,-4.3613,-1.9001;0.7588,-6.8182,-1.7544;1.4928,-6.9225,0.7507;0.0399,-7.9116,0.5075;-0.4813,-5.4606,0.3485;1.2872,-4.6095,1.8993;-0.3006,-3.9394,2.3065;-2.2945,-6.9780,1.1950;-2.4232,-5.3717,1.9338;-3.1043,-5.2245,-0.5806;-1.5529,-3.4607,-1.2015;-1.9604,-3.2977,0.5180;-1.6888,-7.2120,-1.2580;-1.4113,-5.7889,-2.2603;</g>
	</geometry>
	<conformers/>
	<properties/>
</molecule>
