<?xml version="1.0" ?>
<!--MOLLI PACKAGE EXPERIMENTAL XML FORMAT-->
<molecule name="el928">
	<atoms>
		<a id="1" s="C" t="C.3" l="C"/>
		<a id="2" s="C" t="C.ar" l="C"/>
		<a id="3" s="C" t="C.ar" l="C"/>
		<a id="4" s="C" t="C.ar" l="C"/>
		<a id="5" s="C" t="C.ar" l="C"/>
		<a id="6" s="S" t="S.O2" l="S"/>
		<a id="7" s="O" t="O.2" l="O"/>
		<a id="8" s="O" t="O.2" l="O"/>
		<a id="9" s="N" t="N.ar" l="N"/>
		<a id="10" s="C" t="C.ar" l="C"/>
		<a id="11" s="C" t="C.ar" l="C"/>
		<a id="12" s="C" t="C.ar" l="C"/>
		<a id="13" s="C" t="C.ar" l="C"/>
		<a id="14" s="C" t="C.ar" l="C"/>
		<a id="15" s="Br" t="Br" l="BR"/>
		<a id="16" s="C" t="C.ar" l="C"/>
		<a id="17" s="N" t="N.ar" l="N"/>
		<a id="18" s="C" t="C.ar" l="C"/>
		<a id="19" s="C" t="C.ar" l="C"/>
		<a id="20" s="C" t="C.ar" l="C"/>
		<a id="21" s="H" t="H" l="H"/>
		<a id="22" s="H" t="H" l="H"/>
		<a id="23" s="H" t="H" l="H"/>
		<a id="24" s="H" t="H" l="H"/>
		<a id="25" s="H" t="H" l="H"/>
		<a id="26" s="H" t="H" l="H"/>
		<a id="27" s="H" t="H" l="H"/>
		<a id="28" s="H" t="H" l="H"/>
		<a id="29" s="H" t="H" l="H"/>
		<a id="30" s="H" t="H" l="H"/>
		<a id="31" s="H" t="H" l="H"/>
	</atoms>
	<bonds>
		<b id="1" c="1 2" t="1"/>
		<b id="2" c="2 3" t="ar"/>
		<b id="3" c="3 4" t="ar"/>
		<b id="4" c="4 5" t="ar"/>
		<b id="5" c="5 6" t="1"/>
		<b id="6" c="6 7" t="2"/>
		<b id="7" c="6 8" t="2"/>
		<b id="8" c="6 9" t="1"/>
		<b id="9" c="9 10" t="ar"/>
		<b id="10" c="10 11" t="ar"/>
		<b id="11" c="11 12" t="ar"/>
		<b id="12" c="12 13" t="ar"/>
		<b id="13" c="13 14" t="ar"/>
		<b id="14" c="14 15" t="1"/>
		<b id="15" c="14 16" t="ar"/>
		<b id="16" c="16 17" t="ar"/>
		<b id="17" c="17 18" t="ar"/>
		<b id="18" c="12 18" t="ar"/>
		<b id="19" c="9 18" t="ar"/>
		<b id="20" c="5 19" t="ar"/>
		<b id="21" c="19 20" t="ar"/>
		<b id="22" c="2 20" t="ar"/>
		<b id="23" c="1 21" t="1"/>
		<b id="24" c="1 22" t="1"/>
		<b id="25" c="1 23" t="1"/>
		<b id="26" c="3 24" t="1"/>
		<b id="27" c="4 25" t="1"/>
		<b id="28" c="10 26" t="1"/>
		<b id="29" c="11 27" t="1"/>
		<b id="30" c="13 28" t="1"/>
		<b id="31" c="16 29" t="1"/>
		<b id="32" c="19 30" t="1"/>
		<b id="33" c="20 31" t="1"/>
	</bonds>
	<geometry>
		<g u="A" t="cart/3d">#31,3:2.2924,0.5257,0.0760;0.8046,0.3652,0.0586;0.1285,0.0722,-1.1214;-1.2482,-0.0673,-1.1318;-1.9414,0.0868,0.0507;-3.7104,-0.0502,0.0532;-4.1896,-0.6611,-1.1432;-4.1945,-0.5183,1.3145;-4.1698,1.6120,0.0110;-5.1465,2.1973,0.7840;-5.3469,3.4900,0.4168;-4.4513,3.7526,-0.6595;-4.1460,4.8407,-1.4695;-3.1620,4.6389,-2.4196;-2.6634,6.0607,-3.5786;-2.5111,3.4104,-2.5465;-2.7851,2.3673,-1.7875;-3.7328,2.5438,-0.8836;-1.2989,0.3772,1.2384;0.0766,0.5145,1.2376;2.7271,0.2557,-0.8822;2.7337,-0.0979,0.8512;2.5540,1.5602,0.2954;0.6850,-0.0470,-2.0390;-1.7963,-0.2904,-2.0317;-5.6113,1.6041,1.5464;-6.0450,4.1792,0.8479;-4.6468,5.7915,-1.3649;-1.7382,3.2673,-3.2877;-1.8810,0.4772,2.1408;0.5959,0.7390,2.1576;</g>
	</geometry>
	<conformers/>
	<properties/>
</molecule>
