<?xml version="1.0" ?>
<!--MOLLI PACKAGE EXPERIMENTAL XML FORMAT-->
<molecule name="el929">
	<atoms>
		<a id="1" s="Br" t="Br" l="BR"/>
		<a id="2" s="C" t="C.ar" l="C"/>
		<a id="3" s="C" t="C.ar" l="C"/>
		<a id="4" s="C" t="C.ar" l="C"/>
		<a id="5" s="C" t="C.ar" l="C"/>
		<a id="6" s="C" t="C.ar" l="C"/>
		<a id="7" s="C" t="C.ar" l="C"/>
		<a id="8" s="C" t="C.ar" l="C"/>
		<a id="9" s="C" t="C.ar" l="C"/>
		<a id="10" s="C" t="C.ar" l="C"/>
		<a id="11" s="C" t="C.ar" l="C"/>
		<a id="12" s="C" t="C.ar" l="C"/>
		<a id="13" s="C" t="C.ar" l="C"/>
		<a id="14" s="C" t="C.ar" l="C"/>
		<a id="15" s="C" t="C.ar" l="C"/>
		<a id="16" s="H" t="H" l="H"/>
		<a id="17" s="H" t="H" l="H"/>
		<a id="18" s="H" t="H" l="H"/>
		<a id="19" s="H" t="H" l="H"/>
		<a id="20" s="H" t="H" l="H"/>
		<a id="21" s="H" t="H" l="H"/>
		<a id="22" s="H" t="H" l="H"/>
		<a id="23" s="H" t="H" l="H"/>
		<a id="24" s="H" t="H" l="H"/>
	</atoms>
	<bonds>
		<b id="1" c="1 2" t="1"/>
		<b id="2" c="2 3" t="ar"/>
		<b id="3" c="3 4" t="ar"/>
		<b id="4" c="4 5" t="ar"/>
		<b id="5" c="5 6" t="ar"/>
		<b id="6" c="6 7" t="ar"/>
		<b id="7" c="2 7" t="ar"/>
		<b id="8" c="7 8" t="ar"/>
		<b id="9" c="8 9" t="ar"/>
		<b id="10" c="9 10" t="ar"/>
		<b id="11" c="10 11" t="ar"/>
		<b id="12" c="11 12" t="ar"/>
		<b id="13" c="12 13" t="ar"/>
		<b id="14" c="13 14" t="ar"/>
		<b id="15" c="14 15" t="ar"/>
		<b id="16" c="10 15" t="ar"/>
		<b id="17" c="6 15" t="ar"/>
		<b id="18" c="3 16" t="1"/>
		<b id="19" c="4 17" t="1"/>
		<b id="20" c="5 18" t="1"/>
		<b id="21" c="8 19" t="1"/>
		<b id="22" c="9 20" t="1"/>
		<b id="23" c="11 21" t="1"/>
		<b id="24" c="12 22" t="1"/>
		<b id="25" c="13 23" t="1"/>
		<b id="26" c="14 24" t="1"/>
	</bonds>
	<geometry>
		<g u="A" t="cart/3d">#24,3:0.9871,0.0681,0.0704;2.8987,0.0226,0.0719;3.5553,1.2272,0.0730;4.9480,1.2385,0.0741;5.6517,0.0601,0.0742;5.0009,-1.1839,0.0733;3.5815,-1.2080,0.0719;2.8978,-2.4553,0.0705;3.5770,-3.6240,0.0706;4.9988,-3.6509,0.0724;5.6873,-4.8750,0.0730;7.0572,-4.9120,0.0751;7.7774,-3.7168,0.0765;7.1249,-2.5087,0.0758;5.7219,-2.4350,0.0738;3.0003,2.1526,0.0731;5.4687,2.1840,0.0748;6.7283,0.1047,0.0751;1.8184,-2.4554,0.0692;3.0473,-4.5656,0.0694;5.1134,-5.7907,0.0719;7.5806,-5.8565,0.0756;8.8571,-3.7434,0.0781;7.7160,-1.6069,0.0770;</g>
	</geometry>
	<conformers/>
	<properties/>
</molecule>
