<?xml version="1.0" ?>
<!--MOLLI PACKAGE EXPERIMENTAL XML FORMAT-->
<molecule name="el932">
	<atoms>
		<a id="1" s="C" t="C.3" l="C"/>
		<a id="2" s="C" t="C.3" l="C"/>
		<a id="3" s="C" t="C.3" l="C"/>
		<a id="4" s="C" t="C.3" l="C"/>
		<a id="5" s="O" t="O.3" l="O"/>
		<a id="6" s="C" t="C.2" l="C"/>
		<a id="7" s="O" t="O.2" l="O"/>
		<a id="8" s="N" t="N.am" l="N"/>
		<a id="9" s="C" t="C.3" l="C"/>
		<a id="10" s="C" t="C.3" l="C"/>
		<a id="11" s="C" t="C.3" l="C"/>
		<a id="12" s="N" t="N.am" l="N"/>
		<a id="13" s="C" t="C.2" l="C"/>
		<a id="14" s="O" t="O.2" l="O"/>
		<a id="15" s="C" t="C.1" l="C"/>
		<a id="16" s="C" t="C.1" l="C"/>
		<a id="17" s="C" t="C.ar" l="C"/>
		<a id="18" s="C" t="C.ar" l="C"/>
		<a id="19" s="C" t="C.ar" l="C"/>
		<a id="20" s="C" t="C.ar" l="C"/>
		<a id="21" s="Br" t="Br" l="BR"/>
		<a id="22" s="C" t="C.ar" l="C"/>
		<a id="23" s="C" t="C.ar" l="C"/>
		<a id="24" s="C" t="C.3" l="C"/>
		<a id="25" s="F" t="F" l="F"/>
		<a id="26" s="F" t="F" l="F"/>
		<a id="27" s="F" t="F" l="F"/>
		<a id="28" s="C" t="C.3" l="C"/>
		<a id="29" s="C" t="C.3" l="C"/>
		<a id="30" s="H" t="H" l="H"/>
		<a id="31" s="H" t="H" l="H"/>
		<a id="32" s="H" t="H" l="H"/>
		<a id="33" s="H" t="H" l="H"/>
		<a id="34" s="H" t="H" l="H"/>
		<a id="35" s="H" t="H" l="H"/>
		<a id="36" s="H" t="H" l="H"/>
		<a id="37" s="H" t="H" l="H"/>
		<a id="38" s="H" t="H" l="H"/>
		<a id="39" s="H" t="H" l="H"/>
		<a id="40" s="H" t="H" l="H"/>
		<a id="41" s="H" t="H" l="H"/>
		<a id="42" s="H" t="H" l="H"/>
		<a id="43" s="H" t="H" l="H"/>
		<a id="44" s="H" t="H" l="H"/>
		<a id="45" s="H" t="H" l="H"/>
		<a id="46" s="H" t="H" l="H"/>
		<a id="47" s="H" t="H" l="H"/>
		<a id="48" s="H" t="H" l="H"/>
		<a id="49" s="H" t="H" l="H"/>
		<a id="50" s="H" t="H" l="H"/>
		<a id="51" s="H" t="H" l="H"/>
	</atoms>
	<bonds>
		<b id="1" c="1 2" t="1"/>
		<b id="2" c="2 3" t="1"/>
		<b id="3" c="2 4" t="1"/>
		<b id="4" c="2 5" t="1"/>
		<b id="5" c="5 6" t="1"/>
		<b id="6" c="6 7" t="2"/>
		<b id="7" c="6 8" t="am"/>
		<b id="8" c="8 9" t="1"/>
		<b id="9" c="9 10" t="1"/>
		<b id="10" c="10 11" t="1"/>
		<b id="11" c="11 12" t="1"/>
		<b id="12" c="12 13" t="am"/>
		<b id="13" c="13 14" t="2"/>
		<b id="14" c="13 15" t="1"/>
		<b id="15" c="15 16" t="3"/>
		<b id="16" c="16 17" t="1"/>
		<b id="17" c="17 18" t="ar"/>
		<b id="18" c="18 19" t="ar"/>
		<b id="19" c="19 20" t="ar"/>
		<b id="20" c="20 21" t="1"/>
		<b id="21" c="20 22" t="ar"/>
		<b id="22" c="22 23" t="ar"/>
		<b id="23" c="17 23" t="ar"/>
		<b id="24" c="12 24" t="1"/>
		<b id="25" c="24 25" t="1"/>
		<b id="26" c="24 26" t="1"/>
		<b id="27" c="24 27" t="1"/>
		<b id="28" c="11 28" t="1"/>
		<b id="29" c="28 29" t="1"/>
		<b id="30" c="8 29" t="1"/>
		<b id="31" c="1 30" t="1"/>
		<b id="32" c="1 31" t="1"/>
		<b id="33" c="1 32" t="1"/>
		<b id="34" c="3 33" t="1"/>
		<b id="35" c="3 34" t="1"/>
		<b id="36" c="3 35" t="1"/>
		<b id="37" c="4 36" t="1"/>
		<b id="38" c="4 37" t="1"/>
		<b id="39" c="4 38" t="1"/>
		<b id="40" c="9 39" t="1"/>
		<b id="41" c="9 40" t="1"/>
		<b id="42" c="10 41" t="1"/>
		<b id="43" c="10 42" t="1"/>
		<b id="44" c="11 43" t="1"/>
		<b id="45" c="18 44" t="1"/>
		<b id="46" c="19 45" t="1"/>
		<b id="47" c="22 46" t="1"/>
		<b id="48" c="23 47" t="1"/>
		<b id="49" c="28 48" t="1"/>
		<b id="50" c="28 49" t="1"/>
		<b id="51" c="29 50" t="1"/>
		<b id="52" c="29 51" t="1"/>
	</bonds>
	<geometry>
		<g u="A" t="cart/3d">#51,3:4.3355,1.1423,0.6711;3.0918,0.7290,-0.1156;2.2314,-0.2443,0.6891;2.2756,1.9601,-0.5136;3.4715,0.1412,-1.3826;4.1909,-0.9931,-1.4156;4.6066,-1.5990,-0.4531;4.3833,-1.4192,-2.6906;5.2487,-2.5464,-2.9406;6.5789,-2.0539,-3.5077;6.3672,-1.2802,-4.8190;6.1050,-2.2330,-5.9242;4.9013,-2.4017,-6.6205;3.9948,-1.6083,-6.6075;4.8302,-3.6332,-7.3476;4.6483,-4.6638,-7.9507;4.5019,-5.8882,-8.6319;3.6461,-5.9858,-9.7315;3.5114,-7.1873,-10.3972;4.2268,-8.2910,-9.9572;4.0369,-9.9483,-10.8718;5.0779,-8.2119,-8.8645;5.2184,-7.0088,-8.2035;7.1752,-3.0642,-6.2820;8.3431,-2.6646,-5.7773;7.0281,-4.3474,-5.8770;7.3657,-3.1265,-7.6105;5.3075,-0.1936,-4.6089;4.0470,-0.6685,-3.8755;4.0392,1.6537,1.5825;4.9504,1.8127,0.0738;4.9202,0.2645,0.9315;1.8737,0.2438,1.5913;2.8141,-1.1184,0.9655;1.3767,-0.5640,0.0966;1.9411,2.4868,0.3749;1.4088,1.6595,-1.0962;2.8816,2.6310,-1.1171;4.7565,-3.2227,-3.6486;5.4067,-3.0675,-1.9952;7.2557,-2.8963,-3.6492;7.0372,-1.3753,-2.7865;7.3009,-0.7698,-5.0890;3.0965,-5.1166,-10.0591;2.8561,-7.2711,-11.2505;5.6245,-9.0836,-8.5388;5.8772,-6.9250,-7.3526;5.0194,0.2497,-5.5599;5.7893,0.5765,-4.0022;3.4468,-1.3021,-4.5344;3.4491,0.1956,-3.5910;</g>
	</geometry>
	<conformers/>
	<properties/>
</molecule>
