<?xml version="1.0" ?>
<!--MOLLI PACKAGE EXPERIMENTAL XML FORMAT-->
<molecule name="el936">
	<atoms>
		<a id="1" s="O" t="O.2" l="O"/>
		<a id="2" s="C" t="C.2" l="C"/>
		<a id="3" s="C" t="C.ar" l="C"/>
		<a id="4" s="C" t="C.ar" l="C"/>
		<a id="5" s="C" t="C.ar" l="C"/>
		<a id="6" s="C" t="C.ar" l="C"/>
		<a id="7" s="C" t="C.ar" l="C"/>
		<a id="8" s="C" t="C.ar" l="C"/>
		<a id="9" s="C" t="C.2" l="C"/>
		<a id="10" s="O" t="O.2" l="O"/>
		<a id="11" s="N" t="N.am" l="N"/>
		<a id="12" s="C" t="C.3" l="C"/>
		<a id="13" s="C" t="C.3" l="C"/>
		<a id="14" s="C" t="C.3" l="C"/>
		<a id="15" s="C" t="C.3" l="C"/>
		<a id="16" s="S" t="S.O2" l="S"/>
		<a id="17" s="O" t="O.2" l="O"/>
		<a id="18" s="O" t="O.2" l="O"/>
		<a id="19" s="C" t="C.ar" l="C"/>
		<a id="20" s="C" t="C.ar" l="C"/>
		<a id="21" s="C" t="C.ar" l="C"/>
		<a id="22" s="C" t="C.ar" l="C"/>
		<a id="23" s="C" t="C.ar" l="C"/>
		<a id="24" s="Br" t="Br" l="BR"/>
		<a id="25" s="N" t="N.ar" l="N"/>
		<a id="26" s="H" t="H" l="H"/>
		<a id="27" s="H" t="H" l="H"/>
		<a id="28" s="H" t="H" l="H"/>
		<a id="29" s="H" t="H" l="H"/>
		<a id="30" s="H" t="H" l="H"/>
		<a id="31" s="H" t="H" l="H"/>
		<a id="32" s="H" t="H" l="H"/>
		<a id="33" s="H" t="H" l="H"/>
		<a id="34" s="H" t="H" l="H"/>
		<a id="35" s="H" t="H" l="H"/>
		<a id="36" s="H" t="H" l="H"/>
		<a id="37" s="H" t="H" l="H"/>
		<a id="38" s="H" t="H" l="H"/>
		<a id="39" s="H" t="H" l="H"/>
		<a id="40" s="H" t="H" l="H"/>
	</atoms>
	<bonds>
		<b id="1" c="1 2" t="2"/>
		<b id="2" c="2 3" t="1"/>
		<b id="3" c="3 4" t="ar"/>
		<b id="4" c="4 5" t="ar"/>
		<b id="5" c="5 6" t="ar"/>
		<b id="6" c="6 7" t="ar"/>
		<b id="7" c="7 8" t="ar"/>
		<b id="8" c="3 8" t="ar"/>
		<b id="9" c="8 9" t="1"/>
		<b id="10" c="9 10" t="2"/>
		<b id="11" c="9 11" t="am"/>
		<b id="12" c="2 11" t="am"/>
		<b id="13" c="11 12" t="1"/>
		<b id="14" c="12 13" t="1"/>
		<b id="15" c="13 14" t="1"/>
		<b id="16" c="14 15" t="1"/>
		<b id="17" c="15 16" t="1"/>
		<b id="18" c="16 17" t="2"/>
		<b id="19" c="16 18" t="2"/>
		<b id="20" c="16 19" t="1"/>
		<b id="21" c="19 20" t="ar"/>
		<b id="22" c="20 21" t="ar"/>
		<b id="23" c="21 22" t="ar"/>
		<b id="24" c="22 23" t="ar"/>
		<b id="25" c="23 24" t="1"/>
		<b id="26" c="23 25" t="ar"/>
		<b id="27" c="19 25" t="ar"/>
		<b id="28" c="4 26" t="1"/>
		<b id="29" c="5 27" t="1"/>
		<b id="30" c="6 28" t="1"/>
		<b id="31" c="7 29" t="1"/>
		<b id="32" c="12 30" t="1"/>
		<b id="33" c="12 31" t="1"/>
		<b id="34" c="13 32" t="1"/>
		<b id="35" c="13 33" t="1"/>
		<b id="36" c="14 34" t="1"/>
		<b id="37" c="14 35" t="1"/>
		<b id="38" c="15 36" t="1"/>
		<b id="39" c="15 37" t="1"/>
		<b id="40" c="20 38" t="1"/>
		<b id="41" c="21 39" t="1"/>
		<b id="42" c="22 40" t="1"/>
	</bonds>
	<geometry>
		<g u="A" t="cart/3d">#40,3:1.4089,-0.0617,-2.2607;1.0680,-0.0563,-1.1058;-0.2939,-0.0483,-0.5184;-1.5340,-0.0476,-1.1213;-2.6541,-0.0328,-0.2953;-2.5271,-0.0208,1.0850;-1.2750,-0.0234,1.6928;-0.1658,-0.0366,0.8737;1.2804,-0.0374,1.2027;1.8263,-0.0245,2.2759;1.9356,-0.0607,-0.0215;3.3744,-0.0235,-0.1534;3.8857,1.4182,-0.1624;5.4057,1.4677,-0.2989;5.9266,2.8910,-0.2790;7.7358,2.8017,-0.3879;8.2623,2.1149,0.7597;8.1297,2.3167,-1.6821;8.2919,4.5303,-0.2707;9.6375,4.8405,-0.3358;9.9997,6.1779,-0.2308;9.0103,7.1348,-0.0677;7.6965,6.6909,-0.0189;6.2799,7.9215,0.1989;7.3389,5.4271,-0.1163;-1.6254,-0.0572,-2.1962;-3.6389,-0.0301,-0.7378;-3.4146,-0.0087,1.6997;-1.1686,-0.0145,2.7663;3.6337,-0.5246,-1.0890;3.8008,-0.5694,0.6917;3.5842,1.9040,0.7682;3.4223,1.9531,-0.9943;5.7133,0.9960,-1.2343;5.8718,0.9193,0.5222;5.6984,3.4047,0.6498;5.5914,3.4736,-1.1314;10.3574,4.0499,-0.4636;11.0371,6.4733,-0.2743;9.2400,8.1848,0.0191;</g>
	</geometry>
	<conformers/>
	<properties/>
</molecule>
