<?xml version="1.0" ?>
<!--MOLLI PACKAGE EXPERIMENTAL XML FORMAT-->
<molecule name="el937">
	<atoms>
		<a id="1" s="C" t="C.3" l="C"/>
		<a id="2" s="C" t="C.3" l="C"/>
		<a id="3" s="C" t="C.3" l="C"/>
		<a id="4" s="C" t="C.3" l="C"/>
		<a id="5" s="O" t="O.3" l="O"/>
		<a id="6" s="C" t="C.2" l="C"/>
		<a id="7" s="O" t="O.2" l="O"/>
		<a id="8" s="N" t="N.am" l="N"/>
		<a id="9" s="C" t="C.3" l="C"/>
		<a id="10" s="C" t="C.3" l="C"/>
		<a id="11" s="C" t="C.3" l="C"/>
		<a id="12" s="N" t="N.3" l="N"/>
		<a id="13" s="S" t="S.O2" l="S"/>
		<a id="14" s="O" t="O.2" l="O"/>
		<a id="15" s="O" t="O.2" l="O"/>
		<a id="16" s="C" t="C.ar" l="C"/>
		<a id="17" s="C" t="C.ar" l="C"/>
		<a id="18" s="C" t="C.ar" l="C"/>
		<a id="19" s="C" t="C.ar" l="C"/>
		<a id="20" s="C" t="C.ar" l="C"/>
		<a id="21" s="Br" t="Br" l="BR"/>
		<a id="22" s="N" t="N.ar" l="N"/>
		<a id="23" s="H" t="H" l="H"/>
		<a id="24" s="H" t="H" l="H"/>
		<a id="25" s="H" t="H" l="H"/>
		<a id="26" s="H" t="H" l="H"/>
		<a id="27" s="H" t="H" l="H"/>
		<a id="28" s="H" t="H" l="H"/>
		<a id="29" s="H" t="H" l="H"/>
		<a id="30" s="H" t="H" l="H"/>
		<a id="31" s="H" t="H" l="H"/>
		<a id="32" s="H" t="H" l="H"/>
		<a id="33" s="H" t="H" l="H"/>
		<a id="34" s="H" t="H" l="H"/>
		<a id="35" s="H" t="H" l="H"/>
		<a id="36" s="H" t="H" l="H"/>
		<a id="37" s="H" t="H" l="H"/>
		<a id="38" s="H" t="H" l="H"/>
		<a id="39" s="H" t="H" l="H"/>
		<a id="40" s="H" t="H" l="H"/>
		<a id="41" s="H" t="H" l="H"/>
		<a id="42" s="H" t="H" l="H"/>
	</atoms>
	<bonds>
		<b id="1" c="1 2" t="1"/>
		<b id="2" c="2 3" t="1"/>
		<b id="3" c="2 4" t="1"/>
		<b id="4" c="2 5" t="1"/>
		<b id="5" c="5 6" t="1"/>
		<b id="6" c="6 7" t="2"/>
		<b id="7" c="6 8" t="am"/>
		<b id="8" c="8 9" t="1"/>
		<b id="9" c="9 10" t="1"/>
		<b id="10" c="10 11" t="1"/>
		<b id="11" c="11 12" t="1"/>
		<b id="12" c="12 13" t="1"/>
		<b id="13" c="13 14" t="2"/>
		<b id="14" c="13 15" t="2"/>
		<b id="15" c="13 16" t="1"/>
		<b id="16" c="16 17" t="ar"/>
		<b id="17" c="17 18" t="ar"/>
		<b id="18" c="18 19" t="ar"/>
		<b id="19" c="19 20" t="ar"/>
		<b id="20" c="20 21" t="1"/>
		<b id="21" c="20 22" t="ar"/>
		<b id="22" c="16 22" t="ar"/>
		<b id="23" c="1 23" t="1"/>
		<b id="24" c="1 24" t="1"/>
		<b id="25" c="1 25" t="1"/>
		<b id="26" c="3 26" t="1"/>
		<b id="27" c="3 27" t="1"/>
		<b id="28" c="3 28" t="1"/>
		<b id="29" c="4 29" t="1"/>
		<b id="30" c="4 30" t="1"/>
		<b id="31" c="4 31" t="1"/>
		<b id="32" c="8 32" t="1"/>
		<b id="33" c="9 33" t="1"/>
		<b id="34" c="9 34" t="1"/>
		<b id="35" c="10 35" t="1"/>
		<b id="36" c="10 36" t="1"/>
		<b id="37" c="11 37" t="1"/>
		<b id="38" c="11 38" t="1"/>
		<b id="39" c="12 39" t="1"/>
		<b id="40" c="17 40" t="1"/>
		<b id="41" c="18 41" t="1"/>
		<b id="42" c="19 42" t="1"/>
	</bonds>
	<geometry>
		<g u="A" t="cart/3d">#42,3:2.2691,2.2333,-1.4673;2.0559,3.4666,-0.5898;2.4468,4.7431,-1.3351;0.6000,3.5353,-0.1251;2.8144,3.3458,0.6376;4.1522,3.1650,0.5876;4.8453,3.2397,-0.3984;4.6091,2.8537,1.8220;6.0129,2.8090,2.1470;6.4876,4.1164,2.7901;6.5909,5.2462,1.7594;6.2944,6.5258,2.3601;5.4075,7.6088,1.4995;5.5418,8.8834,2.1408;5.6394,7.5163,0.0884;3.7045,7.0628,1.7662;2.6982,7.7883,1.1536;1.3830,7.4117,1.3928;1.1359,6.3270,2.2201;2.2365,5.6729,2.7532;1.9890,4.1871,3.8838;3.4872,6.0254,2.5464;1.6283,2.2917,-2.3425;2.0255,1.3321,-0.9084;3.3044,2.1781,-1.7913;1.8012,4.8745,-2.1989;3.4788,4.6820,-1.6681;2.3449,5.6094,-0.6838;-0.0630,3.5520,-0.9851;0.4348,4.4331,0.4647;0.3667,2.6689,0.4886;3.9496,2.8910,2.5839;6.5532,2.6270,1.2155;6.1812,1.9722,2.8304;7.4524,3.9568,3.2724;5.7688,4.4148,3.5552;5.8443,5.1094,0.9770;7.5747,5.2430,1.2777;7.0047,6.9454,2.9344;2.9625,8.6181,0.5199;0.5625,7.9517,0.9444;0.1338,6.0003,2.4510;</g>
	</geometry>
	<conformers/>
	<properties/>
</molecule>
