<?xml version="1.0" ?>
<!--MOLLI PACKAGE EXPERIMENTAL XML FORMAT-->
<molecule name="el938">
	<atoms>
		<a id="1" s="Br" t="Br" l="BR"/>
		<a id="2" s="C" t="C.ar" l="C"/>
		<a id="3" s="C" t="C.ar" l="C"/>
		<a id="4" s="C" t="C.ar" l="C"/>
		<a id="5" s="C" t="C.ar" l="C"/>
		<a id="6" s="C" t="C.ar" l="C"/>
		<a id="7" s="C" t="C.ar" l="C"/>
		<a id="8" s="O" t="O.2" l="O"/>
		<a id="9" s="C" t="C.ar" l="C"/>
		<a id="10" s="C" t="C.ar" l="C"/>
		<a id="11" s="C" t="C.ar" l="C"/>
		<a id="12" s="C" t="C.ar" l="C"/>
		<a id="13" s="C" t="C.ar" l="C"/>
		<a id="14" s="C" t="C.ar" l="C"/>
		<a id="15" s="H" t="H" l="H"/>
		<a id="16" s="H" t="H" l="H"/>
		<a id="17" s="H" t="H" l="H"/>
		<a id="18" s="H" t="H" l="H"/>
		<a id="19" s="H" t="H" l="H"/>
		<a id="20" s="H" t="H" l="H"/>
		<a id="21" s="H" t="H" l="H"/>
	</atoms>
	<bonds>
		<b id="1" c="1 2" t="1"/>
		<b id="2" c="2 3" t="ar"/>
		<b id="3" c="3 4" t="ar"/>
		<b id="4" c="4 5" t="ar"/>
		<b id="5" c="5 6" t="ar"/>
		<b id="6" c="6 7" t="ar"/>
		<b id="7" c="2 7" t="ar"/>
		<b id="8" c="7 8" t="ar"/>
		<b id="9" c="8 9" t="ar"/>
		<b id="10" c="9 10" t="ar"/>
		<b id="11" c="10 11" t="ar"/>
		<b id="12" c="11 12" t="ar"/>
		<b id="13" c="12 13" t="ar"/>
		<b id="14" c="13 14" t="ar"/>
		<b id="15" c="9 14" t="ar"/>
		<b id="16" c="6 14" t="ar"/>
		<b id="17" c="3 15" t="1"/>
		<b id="18" c="4 16" t="1"/>
		<b id="19" c="5 17" t="1"/>
		<b id="20" c="10 18" t="1"/>
		<b id="21" c="11 19" t="1"/>
		<b id="22" c="12 20" t="1"/>
		<b id="23" c="13 21" t="1"/>
	</bonds>
	<geometry>
		<g u="A" t="cart/3d">#21,3:1.1125,0.1902,-0.0627;3.0108,0.1158,-0.0629;3.6797,-1.0955,-0.0632;5.0706,-1.1362,-0.0634;5.8255,0.0207,-0.0633;5.1637,1.2417,-0.0631;3.7539,1.2835,-0.0629;3.2812,2.5520,-0.0627;4.3738,3.3647,-0.0628;4.3693,4.7478,-0.0627;5.5983,5.3826,-0.0628;6.7906,4.6621,-0.0630;6.7937,3.2813,-0.0631;5.5710,2.6221,-0.0630;3.1112,-2.0122,-0.0632;5.5606,-2.0975,-0.0636;6.9033,-0.0170,-0.0635;3.4424,5.2980,-0.0626;5.6339,6.4614,-0.0628;7.7283,5.1970,-0.0631;7.7175,2.7237,-0.0632;</g>
	</geometry>
	<conformers/>
	<properties/>
</molecule>
