<?xml version="1.0" ?>
<!--MOLLI PACKAGE EXPERIMENTAL XML FORMAT-->
<molecule name="el939">
	<atoms>
		<a id="1" s="C" t="C.3" l="C"/>
		<a id="2" s="C" t="C.3" l="C"/>
		<a id="3" s="C" t="C.3" l="C"/>
		<a id="4" s="C" t="C.3" l="C"/>
		<a id="5" s="O" t="O.3" l="O"/>
		<a id="6" s="C" t="C.2" l="C"/>
		<a id="7" s="O" t="O.2" l="O"/>
		<a id="8" s="N" t="N.am" l="N"/>
		<a id="9" s="C" t="C.3" l="C"/>
		<a id="10" s="C" t="C.3" l="C"/>
		<a id="11" s="C" t="C.3" l="C"/>
		<a id="12" s="C" t="C.3" l="C"/>
		<a id="13" s="N" t="N.am" l="N"/>
		<a id="14" s="C" t="C.2" l="C"/>
		<a id="15" s="O" t="O.2" l="O"/>
		<a id="16" s="C" t="C.ar" l="C"/>
		<a id="17" s="C" t="C.ar" l="C"/>
		<a id="18" s="C" t="C.ar" l="C"/>
		<a id="19" s="C" t="C.ar" l="C"/>
		<a id="20" s="C" t="C.ar" l="C"/>
		<a id="21" s="C" t="C.ar" l="C"/>
		<a id="22" s="Br" t="Br" l="BR"/>
		<a id="23" s="C" t="C.ar" l="C"/>
		<a id="24" s="C" t="C.ar" l="C"/>
		<a id="25" s="S" t="S.2" l="S"/>
		<a id="26" s="C" t="C.3" l="C"/>
		<a id="27" s="C" t="C.3" l="C"/>
		<a id="28" s="H" t="H" l="H"/>
		<a id="29" s="H" t="H" l="H"/>
		<a id="30" s="H" t="H" l="H"/>
		<a id="31" s="H" t="H" l="H"/>
		<a id="32" s="H" t="H" l="H"/>
		<a id="33" s="H" t="H" l="H"/>
		<a id="34" s="H" t="H" l="H"/>
		<a id="35" s="H" t="H" l="H"/>
		<a id="36" s="H" t="H" l="H"/>
		<a id="37" s="H" t="H" l="H"/>
		<a id="38" s="H" t="H" l="H"/>
		<a id="39" s="H" t="H" l="H"/>
		<a id="40" s="H" t="H" l="H"/>
		<a id="41" s="H" t="H" l="H"/>
		<a id="42" s="H" t="H" l="H"/>
		<a id="43" s="H" t="H" l="H"/>
		<a id="44" s="H" t="H" l="H"/>
		<a id="45" s="H" t="H" l="H"/>
		<a id="46" s="H" t="H" l="H"/>
		<a id="47" s="H" t="H" l="H"/>
		<a id="48" s="H" t="H" l="H"/>
		<a id="49" s="H" t="H" l="H"/>
		<a id="50" s="H" t="H" l="H"/>
		<a id="51" s="H" t="H" l="H"/>
		<a id="52" s="H" t="H" l="H"/>
	</atoms>
	<bonds>
		<b id="1" c="1 2" t="1"/>
		<b id="2" c="2 3" t="1"/>
		<b id="3" c="2 4" t="1"/>
		<b id="4" c="2 5" t="1"/>
		<b id="5" c="5 6" t="1"/>
		<b id="6" c="6 7" t="2"/>
		<b id="7" c="6 8" t="am"/>
		<b id="8" c="8 9" t="1"/>
		<b id="9" c="9 10" t="1"/>
		<b id="10" c="10 11" t="1"/>
		<b id="11" c="11 12" t="1"/>
		<b id="12" c="12 13" t="1"/>
		<b id="13" c="13 14" t="am"/>
		<b id="14" c="14 15" t="2"/>
		<b id="15" c="14 16" t="1"/>
		<b id="16" c="16 17" t="ar"/>
		<b id="17" c="17 18" t="ar"/>
		<b id="18" c="18 19" t="ar"/>
		<b id="19" c="19 20" t="ar"/>
		<b id="20" c="20 21" t="ar"/>
		<b id="21" c="21 22" t="1"/>
		<b id="22" c="21 23" t="ar"/>
		<b id="23" c="23 24" t="ar"/>
		<b id="24" c="18 24" t="ar"/>
		<b id="25" c="24 25" t="ar"/>
		<b id="26" c="16 25" t="ar"/>
		<b id="27" c="11 26" t="1"/>
		<b id="28" c="26 27" t="1"/>
		<b id="29" c="8 27" t="1"/>
		<b id="30" c="1 28" t="1"/>
		<b id="31" c="1 29" t="1"/>
		<b id="32" c="1 30" t="1"/>
		<b id="33" c="3 31" t="1"/>
		<b id="34" c="3 32" t="1"/>
		<b id="35" c="3 33" t="1"/>
		<b id="36" c="4 34" t="1"/>
		<b id="37" c="4 35" t="1"/>
		<b id="38" c="4 36" t="1"/>
		<b id="39" c="9 37" t="1"/>
		<b id="40" c="9 38" t="1"/>
		<b id="41" c="10 39" t="1"/>
		<b id="42" c="10 40" t="1"/>
		<b id="43" c="11 41" t="1"/>
		<b id="44" c="12 42" t="1"/>
		<b id="45" c="12 43" t="1"/>
		<b id="46" c="13 44" t="1"/>
		<b id="47" c="17 45" t="1"/>
		<b id="48" c="19 46" t="1"/>
		<b id="49" c="20 47" t="1"/>
		<b id="50" c="23 48" t="1"/>
		<b id="51" c="26 49" t="1"/>
		<b id="52" c="26 50" t="1"/>
		<b id="53" c="27 51" t="1"/>
		<b id="54" c="27 52" t="1"/>
	</bonds>
	<geometry>
		<g u="A" t="cart/3d">#52,3:3.9003,0.0617,-1.4687;2.8001,-0.5138,-0.5774;2.0323,0.5991,0.1351;1.8439,-1.3797,-1.3999;3.3623,-1.4365,0.3854;4.2557,-1.0061,1.2946;4.6765,0.1256,1.3924;4.6276,-2.0034,2.1352;5.6488,-1.7582,3.1278;6.8981,-2.5835,2.8199;6.5746,-4.0773,2.6947;6.2237,-4.7270,4.0432;7.3351,-4.7115,4.9624;8.0988,-5.8029,5.1920;7.8766,-6.8942,4.7035;9.2341,-5.5908,6.1142;10.0862,-6.5631,6.5316;11.0945,-6.0902,7.4136;12.1288,-6.7936,8.0373;13.0049,-6.1293,8.8630;12.8590,-4.7572,9.0756;14.0894,-3.8698,10.2248;11.8527,-4.0242,8.4809;10.9756,-4.7045,7.6507;9.6328,-4.0237,6.7873;5.4434,-4.2611,1.6770;4.2314,-3.3862,2.0059;3.4574,0.6802,-2.2442;4.4615,-0.7445,-1.9369;4.5807,0.6674,-0.8768;1.5419,1.2328,-0.5984;2.7140,1.2033,0.7269;1.2790,0.1708,0.7932;1.3596,-0.7766,-2.1618;1.0847,-1.8129,-0.7541;2.3906,-2.1870,-1.8803;5.2497,-2.0107,4.1167;5.8795,-0.6919,3.1054;7.6500,-2.4124,3.5917;7.3132,-2.2372,1.8714;7.4648,-4.5954,2.3201;5.9759,-5.7790,3.8798;5.3738,-4.2286,4.5136;7.5940,-3.8284,5.3730;9.9890,-7.5855,6.2143;12.2321,-7.8538,7.8665;13.8078,-6.6589,9.3516;11.7512,-2.9645,8.6534;5.1364,-5.3070,1.6413;5.8134,-3.9822,0.6885;3.7752,-3.7095,2.9488;3.4853,-3.4652,1.2168;</g>
	</geometry>
	<conformers/>
	<properties/>
</molecule>
