<?xml version="1.0" ?>
<!--MOLLI PACKAGE EXPERIMENTAL XML FORMAT-->
<molecule name="el942">
	<atoms>
		<a id="1" s="F" t="F" l="F"/>
		<a id="2" s="C" t="C.3" l="C"/>
		<a id="3" s="C" t="C.3" l="C"/>
		<a id="4" s="C" t="C.3" l="C"/>
		<a id="5" s="N" t="N.pl3" l="N"/>
		<a id="6" s="C" t="C.ar" l="C"/>
		<a id="7" s="C" t="C.ar" l="C"/>
		<a id="8" s="C" t="C.ar" l="C"/>
		<a id="9" s="C" t="C.ar" l="C"/>
		<a id="10" s="C" t="C.ar" l="C"/>
		<a id="11" s="C" t="C.ar" l="C"/>
		<a id="12" s="C" t="C.ar" l="C"/>
		<a id="13" s="C" t="C.ar" l="C"/>
		<a id="14" s="S" t="S.2" l="S"/>
		<a id="15" s="C" t="C.ar" l="C"/>
		<a id="16" s="Br" t="Br" l="BR"/>
		<a id="17" s="C" t="C.ar" l="C"/>
		<a id="18" s="C" t="C.ar" l="C"/>
		<a id="19" s="N" t="N.ar" l="N"/>
		<a id="20" s="C" t="C.ar" l="C"/>
		<a id="21" s="N" t="N.ar" l="N"/>
		<a id="22" s="C" t="C.3" l="C"/>
		<a id="23" s="C" t="C.3" l="C"/>
		<a id="24" s="H" t="H" l="H"/>
		<a id="25" s="H" t="H" l="H"/>
		<a id="26" s="H" t="H" l="H"/>
		<a id="27" s="H" t="H" l="H"/>
		<a id="28" s="H" t="H" l="H"/>
		<a id="29" s="H" t="H" l="H"/>
		<a id="30" s="H" t="H" l="H"/>
		<a id="31" s="H" t="H" l="H"/>
		<a id="32" s="H" t="H" l="H"/>
		<a id="33" s="H" t="H" l="H"/>
		<a id="34" s="H" t="H" l="H"/>
		<a id="35" s="H" t="H" l="H"/>
		<a id="36" s="H" t="H" l="H"/>
		<a id="37" s="H" t="H" l="H"/>
		<a id="38" s="H" t="H" l="H"/>
	</atoms>
	<bonds>
		<b id="1" c="1 2" t="1"/>
		<b id="2" c="2 3" t="1"/>
		<b id="3" c="3 4" t="1"/>
		<b id="4" c="4 5" t="1"/>
		<b id="5" c="5 6" t="1"/>
		<b id="6" c="6 7" t="ar"/>
		<b id="7" c="7 8" t="ar"/>
		<b id="8" c="8 9" t="ar"/>
		<b id="9" c="9 10" t="1"/>
		<b id="10" c="10 11" t="ar"/>
		<b id="11" c="11 12" t="ar"/>
		<b id="12" c="12 13" t="ar"/>
		<b id="13" c="13 14" t="ar"/>
		<b id="14" c="14 15" t="ar"/>
		<b id="15" c="15 16" t="1"/>
		<b id="16" c="15 17" t="ar"/>
		<b id="17" c="17 18" t="ar"/>
		<b id="18" c="13 18" t="ar"/>
		<b id="19" c="18 19" t="ar"/>
		<b id="20" c="10 19" t="ar"/>
		<b id="21" c="9 20" t="ar"/>
		<b id="22" c="20 21" t="ar"/>
		<b id="23" c="6 21" t="ar"/>
		<b id="24" c="5 22" t="1"/>
		<b id="25" c="22 23" t="1"/>
		<b id="26" c="2 23" t="1"/>
		<b id="27" c="2 24" t="1"/>
		<b id="28" c="3 25" t="1"/>
		<b id="29" c="3 26" t="1"/>
		<b id="30" c="4 27" t="1"/>
		<b id="31" c="4 28" t="1"/>
		<b id="32" c="7 29" t="1"/>
		<b id="33" c="8 30" t="1"/>
		<b id="34" c="11 31" t="1"/>
		<b id="35" c="12 32" t="1"/>
		<b id="36" c="17 33" t="1"/>
		<b id="37" c="20 34" t="1"/>
		<b id="38" c="22 35" t="1"/>
		<b id="39" c="22 36" t="1"/>
		<b id="40" c="23 37" t="1"/>
		<b id="41" c="23 38" t="1"/>
	</bonds>
	<geometry>
		<g u="A" t="cart/3d">#38,3:1.3110,0.3626,0.0713;1.8778,0.8312,-1.1038;1.3059,0.0441,-2.2800;1.8000,-1.4052,-2.2429;3.2456,-1.4433,-2.2089;3.9430,-1.6173,-3.3634;5.3465,-1.5140,-3.4516;5.9570,-1.7722,-4.6519;5.1957,-2.1255,-5.7764;5.8514,-2.4145,-7.0475;5.1495,-2.4103,-8.2699;5.8065,-2.7057,-9.4445;7.1603,-2.9977,-9.3635;8.2629,-3.4115,-10.6390;9.5558,-3.5336,-9.4712;11.2775,-3.9918,-10.0621;9.1887,-3.2792,-8.1962;7.7994,-2.9657,-8.1028;7.1512,-2.6785,-6.9842;3.8198,-2.2089,-5.5804;3.2190,-1.9638,-4.4363;3.7723,-0.8060,-1.0276;3.3945,0.6802,-1.0100;1.5919,1.8900,-1.1616;1.6303,0.5176,-3.2073;0.2166,0.0655,-2.2370;1.4637,-1.9453,-3.1263;1.4219,-1.8968,-1.3415;5.9465,-1.2404,-2.5994;7.0289,-1.7040,-4.7542;4.1015,-2.1601,-8.2917;5.2916,-2.7075,-10.3935;9.8507,-3.3105,-7.3515;3.1489,-2.5060,-6.3763;4.8523,-0.9238,-0.9660;3.3268,-1.2952,-0.1547;3.8498,1.1904,-1.8600;3.7500,1.1433,-0.0885;</g>
	</geometry>
	<conformers/>
	<properties/>
</molecule>
