<?xml version="1.0" ?>
<!--MOLLI PACKAGE EXPERIMENTAL XML FORMAT-->
<molecule name="el946">
	<atoms>
		<a id="1" s="C" t="C.3" l="C"/>
		<a id="2" s="C" t="C.ar" l="C"/>
		<a id="3" s="C" t="C.ar" l="C"/>
		<a id="4" s="C" t="C.ar" l="C"/>
		<a id="5" s="O" t="O.3" l="O"/>
		<a id="6" s="C" t="C.3" l="C"/>
		<a id="7" s="C" t="C.3" l="C"/>
		<a id="8" s="C" t="C.3" l="C"/>
		<a id="9" s="O" t="O.3" l="O"/>
		<a id="10" s="C" t="C.3" l="C"/>
		<a id="11" s="C" t="C.ar" l="C"/>
		<a id="12" s="C" t="C.ar" l="C"/>
		<a id="13" s="C" t="C.ar" l="C"/>
		<a id="14" s="C" t="C.ar" l="C"/>
		<a id="15" s="C" t="C.ar" l="C"/>
		<a id="16" s="C" t="C.ar" l="C"/>
		<a id="17" s="C" t="C.ar" l="C"/>
		<a id="18" s="C" t="C.ar" l="C"/>
		<a id="19" s="C" t="C.ar" l="C"/>
		<a id="20" s="C" t="C.ar" l="C"/>
		<a id="21" s="C" t="C.ar" l="C"/>
		<a id="22" s="C" t="C.ar" l="C"/>
		<a id="23" s="C" t="C.ar" l="C"/>
		<a id="24" s="C" t="C.ar" l="C"/>
		<a id="25" s="C" t="C.ar" l="C"/>
		<a id="26" s="C" t="C.ar" l="C"/>
		<a id="27" s="C" t="C.3" l="C"/>
		<a id="28" s="C" t="C.ar" l="C"/>
		<a id="29" s="Br" t="Br" l="BR"/>
		<a id="30" s="H" t="H" l="H"/>
		<a id="31" s="H" t="H" l="H"/>
		<a id="32" s="H" t="H" l="H"/>
		<a id="33" s="H" t="H" l="H"/>
		<a id="34" s="H" t="H" l="H"/>
		<a id="35" s="H" t="H" l="H"/>
		<a id="36" s="H" t="H" l="H"/>
		<a id="37" s="H" t="H" l="H"/>
		<a id="38" s="H" t="H" l="H"/>
		<a id="39" s="H" t="H" l="H"/>
		<a id="40" s="H" t="H" l="H"/>
		<a id="41" s="H" t="H" l="H"/>
		<a id="42" s="H" t="H" l="H"/>
		<a id="43" s="H" t="H" l="H"/>
		<a id="44" s="H" t="H" l="H"/>
		<a id="45" s="H" t="H" l="H"/>
		<a id="46" s="H" t="H" l="H"/>
		<a id="47" s="H" t="H" l="H"/>
		<a id="48" s="H" t="H" l="H"/>
		<a id="49" s="H" t="H" l="H"/>
		<a id="50" s="H" t="H" l="H"/>
		<a id="51" s="H" t="H" l="H"/>
		<a id="52" s="H" t="H" l="H"/>
		<a id="53" s="H" t="H" l="H"/>
		<a id="54" s="H" t="H" l="H"/>
	</atoms>
	<bonds>
		<b id="1" c="1 2" t="1"/>
		<b id="2" c="2 3" t="ar"/>
		<b id="3" c="3 4" t="ar"/>
		<b id="4" c="4 5" t="1"/>
		<b id="5" c="5 6" t="1"/>
		<b id="6" c="6 7" t="1"/>
		<b id="7" c="7 8" t="1"/>
		<b id="8" c="8 9" t="1"/>
		<b id="9" c="9 10" t="1"/>
		<b id="10" c="10 11" t="1"/>
		<b id="11" c="11 12" t="ar"/>
		<b id="12" c="12 13" t="ar"/>
		<b id="13" c="13 14" t="ar"/>
		<b id="14" c="14 15" t="ar"/>
		<b id="15" c="15 16" t="ar"/>
		<b id="16" c="16 17" t="ar"/>
		<b id="17" c="12 17" t="ar"/>
		<b id="18" c="17 18" t="ar"/>
		<b id="19" c="18 19" t="ar"/>
		<b id="20" c="19 20" t="ar"/>
		<b id="21" c="20 21" t="ar"/>
		<b id="22" c="21 22" t="ar"/>
		<b id="23" c="22 23" t="ar"/>
		<b id="24" c="23 24" t="ar"/>
		<b id="25" c="11 24" t="ar"/>
		<b id="26" c="19 24" t="ar"/>
		<b id="27" c="4 25" t="ar"/>
		<b id="28" c="25 26" t="ar"/>
		<b id="29" c="26 27" t="1"/>
		<b id="30" c="26 28" t="ar"/>
		<b id="31" c="2 28" t="ar"/>
		<b id="32" c="28 29" t="1"/>
		<b id="33" c="1 30" t="1"/>
		<b id="34" c="1 31" t="1"/>
		<b id="35" c="1 32" t="1"/>
		<b id="36" c="3 33" t="1"/>
		<b id="37" c="6 34" t="1"/>
		<b id="38" c="6 35" t="1"/>
		<b id="39" c="7 36" t="1"/>
		<b id="40" c="7 37" t="1"/>
		<b id="41" c="8 38" t="1"/>
		<b id="42" c="8 39" t="1"/>
		<b id="43" c="10 40" t="1"/>
		<b id="44" c="10 41" t="1"/>
		<b id="45" c="13 42" t="1"/>
		<b id="46" c="14 43" t="1"/>
		<b id="47" c="15 44" t="1"/>
		<b id="48" c="16 45" t="1"/>
		<b id="49" c="18 46" t="1"/>
		<b id="50" c="20 47" t="1"/>
		<b id="51" c="21 48" t="1"/>
		<b id="52" c="22 49" t="1"/>
		<b id="53" c="23 50" t="1"/>
		<b id="54" c="25 51" t="1"/>
		<b id="55" c="27 52" t="1"/>
		<b id="56" c="27 53" t="1"/>
		<b id="57" c="27 54" t="1"/>
	</bonds>
	<geometry>
		<g u="A" t="cart/3d">#54,3:9.0407,2.5725,-5.3344;7.9895,2.7542,-4.2857;7.7974,1.7871,-3.3069;6.8188,1.9452,-2.3332;6.5516,1.0510,-1.3468;7.2769,-0.1617,-1.3187;6.7271,-1.0216,-0.1861;7.4943,-2.3462,-0.1088;8.8819,-2.1735,0.0447;9.3072,-1.9441,1.3807;10.7192,-1.4117,1.3744;11.0053,-0.0903,1.7579;10.0158,0.8809,2.0739;10.3460,2.1424,2.4652;11.6947,2.5347,2.5771;12.6781,1.6505,2.2640;12.3736,0.3319,1.8371;13.3902,-0.5513,1.4945;13.1129,-1.8376,1.0477;14.1523,-2.7207,0.6580;13.8749,-3.9748,0.2115;12.5367,-4.4105,0.1315;11.5131,-3.5946,0.5068;11.7540,-2.2782,0.9826;6.0282,3.0944,-2.3407;6.1952,4.0771,-3.2987;5.3411,5.3045,-3.2979;7.1819,3.8831,-4.2627;7.4328,5.2224,-5.6028;9.5676,1.6323,-5.1957;9.7631,3.3877,-5.2951;8.5923,2.5802,-6.3279;8.4291,0.9134,-3.3210;8.3443,0.0298,-1.1471;7.1640,-0.6949,-2.2727;5.6702,-1.2263,-0.3583;6.8130,-0.4681,0.7499;7.3763,-2.8873,-1.0527;7.0885,-2.9664,0.7030;9.2741,-2.8922,1.9445;8.6289,-1.2514,1.8841;8.9703,0.6322,1.9850;9.5691,2.8581,2.6915;11.9321,3.5370,2.9014;13.7189,1.9347,2.3277;14.4190,-0.2258,1.5667;15.1716,-2.3661,0.7184;14.6693,-4.6420,-0.0893;12.3298,-5.4048,-0.2372;10.4974,-3.9397,0.4095;5.2745,3.2007,-1.5768;4.6229,5.2725,-2.4835;4.8008,5.3934,-4.2402;5.9576,6.1967,-3.1883;</g>
	</geometry>
	<conformers/>
	<properties/>
</molecule>
