<?xml version="1.0" ?>
<!--MOLLI PACKAGE EXPERIMENTAL XML FORMAT-->
<molecule name="el952">
	<atoms>
		<a id="1" s="C" t="C.3" l="C"/>
		<a id="2" s="O" t="O.3" l="O"/>
		<a id="3" s="C" t="C.2" l="C"/>
		<a id="4" s="O" t="O.2" l="O"/>
		<a id="5" s="C" t="C.ar" l="C"/>
		<a id="6" s="N" t="N.ar" l="N"/>
		<a id="7" s="C" t="C.ar" l="C"/>
		<a id="8" s="Br" t="Br" l="BR"/>
		<a id="9" s="C" t="C.ar" l="C"/>
		<a id="10" s="N" t="N.pl3" l="N"/>
		<a id="11" s="C" t="C.3" l="C"/>
		<a id="12" s="C" t="C.3" l="C"/>
		<a id="13" s="C" t="C.3" l="C"/>
		<a id="14" s="C" t="C.3" l="C"/>
		<a id="15" s="C" t="C.3" l="C"/>
		<a id="16" s="C" t="C.3" l="C"/>
		<a id="17" s="N" t="N.ar" l="N"/>
		<a id="18" s="C" t="C.ar" l="C"/>
		<a id="19" s="N" t="N.am" l="N"/>
		<a id="20" s="C" t="C.2" l="C"/>
		<a id="21" s="O" t="O.2" l="O"/>
		<a id="22" s="O" t="O.3" l="O"/>
		<a id="23" s="C" t="C.3" l="C"/>
		<a id="24" s="C" t="C.3" l="C"/>
		<a id="25" s="C" t="C.3" l="C"/>
		<a id="26" s="C" t="C.3" l="C"/>
		<a id="27" s="H" t="H" l="H"/>
		<a id="28" s="H" t="H" l="H"/>
		<a id="29" s="H" t="H" l="H"/>
		<a id="30" s="H" t="H" l="H"/>
		<a id="31" s="H" t="H" l="H"/>
		<a id="32" s="H" t="H" l="H"/>
		<a id="33" s="H" t="H" l="H"/>
		<a id="34" s="H" t="H" l="H"/>
		<a id="35" s="H" t="H" l="H"/>
		<a id="36" s="H" t="H" l="H"/>
		<a id="37" s="H" t="H" l="H"/>
		<a id="38" s="H" t="H" l="H"/>
		<a id="39" s="H" t="H" l="H"/>
		<a id="40" s="H" t="H" l="H"/>
		<a id="41" s="H" t="H" l="H"/>
		<a id="42" s="H" t="H" l="H"/>
		<a id="43" s="H" t="H" l="H"/>
		<a id="44" s="H" t="H" l="H"/>
		<a id="45" s="H" t="H" l="H"/>
		<a id="46" s="H" t="H" l="H"/>
		<a id="47" s="H" t="H" l="H"/>
		<a id="48" s="H" t="H" l="H"/>
		<a id="49" s="H" t="H" l="H"/>
		<a id="50" s="H" t="H" l="H"/>
		<a id="51" s="H" t="H" l="H"/>
	</atoms>
	<bonds>
		<b id="1" c="1 2" t="1"/>
		<b id="2" c="2 3" t="1"/>
		<b id="3" c="3 4" t="2"/>
		<b id="4" c="3 5" t="1"/>
		<b id="5" c="5 6" t="ar"/>
		<b id="6" c="6 7" t="ar"/>
		<b id="7" c="7 8" t="1"/>
		<b id="8" c="7 9" t="ar"/>
		<b id="9" c="9 10" t="1"/>
		<b id="10" c="10 11" t="1"/>
		<b id="11" c="11 12" t="1"/>
		<b id="12" c="12 13" t="1"/>
		<b id="13" c="13 14" t="1"/>
		<b id="14" c="14 15" t="1"/>
		<b id="15" c="15 16" t="1"/>
		<b id="16" c="10 16" t="1"/>
		<b id="17" c="9 17" t="ar"/>
		<b id="18" c="17 18" t="ar"/>
		<b id="19" c="5 18" t="ar"/>
		<b id="20" c="18 19" t="1"/>
		<b id="21" c="19 20" t="am"/>
		<b id="22" c="20 21" t="2"/>
		<b id="23" c="20 22" t="1"/>
		<b id="24" c="22 23" t="1"/>
		<b id="25" c="23 24" t="1"/>
		<b id="26" c="23 25" t="1"/>
		<b id="27" c="23 26" t="1"/>
		<b id="28" c="1 27" t="1"/>
		<b id="29" c="1 28" t="1"/>
		<b id="30" c="1 29" t="1"/>
		<b id="31" c="11 30" t="1"/>
		<b id="32" c="11 31" t="1"/>
		<b id="33" c="12 32" t="1"/>
		<b id="34" c="12 33" t="1"/>
		<b id="35" c="13 34" t="1"/>
		<b id="36" c="13 35" t="1"/>
		<b id="37" c="14 36" t="1"/>
		<b id="38" c="14 37" t="1"/>
		<b id="39" c="15 38" t="1"/>
		<b id="40" c="15 39" t="1"/>
		<b id="41" c="16 40" t="1"/>
		<b id="42" c="16 41" t="1"/>
		<b id="43" c="19 42" t="1"/>
		<b id="44" c="24 43" t="1"/>
		<b id="45" c="24 44" t="1"/>
		<b id="46" c="24 45" t="1"/>
		<b id="47" c="25 46" t="1"/>
		<b id="48" c="25 47" t="1"/>
		<b id="49" c="25 48" t="1"/>
		<b id="50" c="26 49" t="1"/>
		<b id="51" c="26 50" t="1"/>
		<b id="52" c="26 51" t="1"/>
	</bonds>
	<geometry>
		<g u="A" t="cart/3d">#51,3:1.6944,-1.6338,0.2948;3.0765,-1.3473,0.1570;3.4988,-1.0800,-1.0751;2.7645,-1.0863,-2.0500;4.9297,-0.7810,-1.1425;5.6320,-0.7087,-0.0118;6.9069,-0.4838,-0.0229;7.5936,-0.1493,1.7376;7.6459,-0.3719,-1.2400;8.9718,-0.2908,-1.4146;9.4458,0.0140,-2.7520;9.6256,-1.2379,-3.6122;10.8996,-2.0153,-3.3004;11.0240,-2.4183,-1.8322;11.2341,-1.2220,-0.9007;9.9321,-0.6140,-0.3784;6.9114,-0.3174,-2.3558;5.6053,-0.4855,-2.3529;4.9182,-0.3746,-3.5280;5.4427,-0.0327,-4.7597;6.5908,0.2386,-4.9792;4.4384,-0.0576,-5.6405;4.6724,0.2418,-7.0403;5.6432,-0.7759,-7.6380;3.2901,0.1085,-7.6793;5.2026,1.6663,-7.1977;1.5293,-1.8220,1.3522;1.4257,-2.5106,-0.2989;1.0939,-0.7862,-0.0433;10.3806,0.5691,-2.6688;8.6913,0.6419,-3.2283;9.6383,-0.9314,-4.6583;8.7497,-1.8719,-3.4718;11.7686,-1.4120,-3.5756;10.9189,-2.9159,-3.9178;11.8780,-3.0921,-1.7352;10.1341,-2.9714,-1.5254;11.8431,-0.4703,-1.4037;11.7896,-1.5420,-0.0169;10.1699,0.2831,0.2076;9.4804,-1.3466,0.2927;3.9176,-0.5726,-3.4615;5.2720,-1.7855,-7.4752;6.6208,-0.6815,-7.1736;5.7409,-0.6044,-8.7062;2.9064,-0.8969,-7.5295;3.3511,0.3118,-8.7441;2.5998,0.8116,-7.2212;6.1805,1.7584,-6.7335;4.5217,2.3724,-6.7275;5.2882,1.9088,-8.2532;</g>
	</geometry>
	<conformers/>
	<properties/>
</molecule>
