<?xml version="1.0" ?>
<!--MOLLI PACKAGE EXPERIMENTAL XML FORMAT-->
<molecule name="el955">
	<atoms>
		<a id="1" s="O" t="O.2" l="O"/>
		<a id="2" s="C" t="C.2" l="C"/>
		<a id="3" s="C" t="C.ar" l="C"/>
		<a id="4" s="C" t="C.ar" l="C"/>
		<a id="5" s="C" t="C.ar" l="C"/>
		<a id="6" s="C" t="C.ar" l="C"/>
		<a id="7" s="C" t="C.ar" l="C"/>
		<a id="8" s="C" t="C.ar" l="C"/>
		<a id="9" s="C" t="C.ar" l="C"/>
		<a id="10" s="C" t="C.ar" l="C"/>
		<a id="11" s="C" t="C.ar" l="C"/>
		<a id="12" s="N" t="N.ar" l="N"/>
		<a id="13" s="C" t="C.ar" l="C"/>
		<a id="14" s="C" t="C.ar" l="C"/>
		<a id="15" s="Br" t="Br" l="BR"/>
		<a id="16" s="C" t="C.ar" l="C"/>
		<a id="17" s="C" t="C.ar" l="C"/>
		<a id="18" s="C" t="C.ar" l="C"/>
		<a id="19" s="C" t="C.ar" l="C"/>
		<a id="20" s="N" t="N.am" l="N"/>
		<a id="21" s="C" t="C.3" l="C"/>
		<a id="22" s="C" t="C.3" l="C"/>
		<a id="23" s="O" t="O.3" l="O"/>
		<a id="24" s="C" t="C.3" l="C"/>
		<a id="25" s="C" t="C.3" l="C"/>
		<a id="26" s="H" t="H" l="H"/>
		<a id="27" s="H" t="H" l="H"/>
		<a id="28" s="H" t="H" l="H"/>
		<a id="29" s="H" t="H" l="H"/>
		<a id="30" s="H" t="H" l="H"/>
		<a id="31" s="H" t="H" l="H"/>
		<a id="32" s="H" t="H" l="H"/>
		<a id="33" s="H" t="H" l="H"/>
		<a id="34" s="H" t="H" l="H"/>
		<a id="35" s="H" t="H" l="H"/>
		<a id="36" s="H" t="H" l="H"/>
		<a id="37" s="H" t="H" l="H"/>
		<a id="38" s="H" t="H" l="H"/>
		<a id="39" s="H" t="H" l="H"/>
		<a id="40" s="H" t="H" l="H"/>
		<a id="41" s="H" t="H" l="H"/>
		<a id="42" s="H" t="H" l="H"/>
	</atoms>
	<bonds>
		<b id="1" c="1 2" t="2"/>
		<b id="2" c="2 3" t="1"/>
		<b id="3" c="3 4" t="ar"/>
		<b id="4" c="4 5" t="ar"/>
		<b id="5" c="5 6" t="1"/>
		<b id="6" c="6 7" t="ar"/>
		<b id="7" c="7 8" t="ar"/>
		<b id="8" c="8 9" t="ar"/>
		<b id="9" c="9 10" t="ar"/>
		<b id="10" c="10 11" t="ar"/>
		<b id="11" c="6 11" t="ar"/>
		<b id="12" c="5 12" t="ar"/>
		<b id="13" c="12 13" t="ar"/>
		<b id="14" c="13 14" t="ar"/>
		<b id="15" c="14 15" t="1"/>
		<b id="16" c="14 16" t="ar"/>
		<b id="17" c="16 17" t="ar"/>
		<b id="18" c="17 18" t="ar"/>
		<b id="19" c="18 19" t="ar"/>
		<b id="20" c="3 19" t="ar"/>
		<b id="21" c="13 19" t="ar"/>
		<b id="22" c="2 20" t="am"/>
		<b id="23" c="20 21" t="1"/>
		<b id="24" c="21 22" t="1"/>
		<b id="25" c="22 23" t="1"/>
		<b id="26" c="23 24" t="1"/>
		<b id="27" c="24 25" t="1"/>
		<b id="28" c="20 25" t="1"/>
		<b id="29" c="4 26" t="1"/>
		<b id="30" c="7 27" t="1"/>
		<b id="31" c="8 28" t="1"/>
		<b id="32" c="9 29" t="1"/>
		<b id="33" c="10 30" t="1"/>
		<b id="34" c="11 31" t="1"/>
		<b id="35" c="16 32" t="1"/>
		<b id="36" c="17 33" t="1"/>
		<b id="37" c="18 34" t="1"/>
		<b id="38" c="21 35" t="1"/>
		<b id="39" c="21 36" t="1"/>
		<b id="40" c="22 37" t="1"/>
		<b id="41" c="22 38" t="1"/>
		<b id="42" c="24 39" t="1"/>
		<b id="43" c="24 40" t="1"/>
		<b id="44" c="25 41" t="1"/>
		<b id="45" c="25 42" t="1"/>
	</bonds>
	<geometry>
		<g u="A" t="cart/3d">#42,3:2.4556,0.8021,1.5855;1.8593,0.7350,0.5283;2.4574,1.2514,-0.7491;2.2926,2.5586,-1.1222;2.8923,3.0280,-2.3176;2.7491,4.4173,-2.7639;2.4828,5.4551,-1.8724;2.3584,6.7530,-2.3318;2.4946,7.0329,-3.6815;2.7716,6.0088,-4.5733;2.9023,4.7114,-4.1194;3.5800,2.2270,-3.0985;3.7709,0.9515,-2.7480;4.5262,0.1130,-3.5980;5.1909,0.8643,-5.2013;4.7709,-1.1943,-3.2795;4.2665,-1.7254,-2.0835;3.5169,-0.9550,-1.2360;3.2487,0.3900,-1.5512;0.6160,0.2176,0.4158;-0.0336,-0.3879,1.5613;-0.2686,-1.8734,1.2723;-1.0056,-2.0517,0.0822;-0.3445,-1.4828,-1.0215;-0.1152,0.0208,-0.8141;1.6854,3.2178,-0.5222;2.4002,5.2585,-0.8140;2.1570,7.5510,-1.6323;2.3921,8.0481,-4.0354;2.8880,6.2246,-5.6248;3.1248,3.9059,-4.8012;5.3546,-1.8150,-3.9419;4.4796,-2.7551,-1.8401;3.1415,-1.3588,-0.3072;-0.9930,0.1115,1.7336;0.6145,-0.2554,2.4285;-0.8573,-2.3334,2.0667;0.7007,-2.3890,1.1931;-0.9842,-1.6585,-1.8872;0.6263,-1.9784,-1.1806;-1.0863,0.5231,-0.7296;0.4321,0.4398,-1.6582;</g>
	</geometry>
	<conformers/>
	<properties/>
</molecule>
