<?xml version="1.0" ?>
<!--MOLLI PACKAGE EXPERIMENTAL XML FORMAT-->
<molecule name="el957">
	<atoms>
		<a id="1" s="C" t="C.3" l="C"/>
		<a id="2" s="C" t="C.ar" l="C"/>
		<a id="3" s="C" t="C.ar" l="C"/>
		<a id="4" s="C" t="C.ar" l="C"/>
		<a id="5" s="F" t="F" l="F"/>
		<a id="6" s="C" t="C.ar" l="C"/>
		<a id="7" s="N" t="N.am" l="N"/>
		<a id="8" s="C" t="C.2" l="C"/>
		<a id="9" s="O" t="O.2" l="O"/>
		<a id="10" s="N" t="N.am" l="N"/>
		<a id="11" s="C" t="C.3" l="C"/>
		<a id="12" s="C" t="C.3" l="C"/>
		<a id="13" s="C" t="C.3" l="C"/>
		<a id="14" s="C" t="C.3" l="C"/>
		<a id="15" s="C" t="C.3" l="C"/>
		<a id="16" s="C" t="C.3" l="C"/>
		<a id="17" s="C" t="C.ar" l="C"/>
		<a id="18" s="C" t="C.ar" l="C"/>
		<a id="19" s="Br" t="Br" l="BR"/>
		<a id="20" s="H" t="H" l="H"/>
		<a id="21" s="H" t="H" l="H"/>
		<a id="22" s="H" t="H" l="H"/>
		<a id="23" s="H" t="H" l="H"/>
		<a id="24" s="H" t="H" l="H"/>
		<a id="25" s="H" t="H" l="H"/>
		<a id="26" s="H" t="H" l="H"/>
		<a id="27" s="H" t="H" l="H"/>
		<a id="28" s="H" t="H" l="H"/>
		<a id="29" s="H" t="H" l="H"/>
		<a id="30" s="H" t="H" l="H"/>
		<a id="31" s="H" t="H" l="H"/>
		<a id="32" s="H" t="H" l="H"/>
		<a id="33" s="H" t="H" l="H"/>
		<a id="34" s="H" t="H" l="H"/>
		<a id="35" s="H" t="H" l="H"/>
		<a id="36" s="H" t="H" l="H"/>
		<a id="37" s="H" t="H" l="H"/>
		<a id="38" s="H" t="H" l="H"/>
		<a id="39" s="H" t="H" l="H"/>
	</atoms>
	<bonds>
		<b id="1" c="1 2" t="1"/>
		<b id="2" c="2 3" t="ar"/>
		<b id="3" c="3 4" t="ar"/>
		<b id="4" c="4 5" t="1"/>
		<b id="5" c="4 6" t="ar"/>
		<b id="6" c="6 7" t="1"/>
		<b id="7" c="7 8" t="am"/>
		<b id="8" c="8 9" t="2"/>
		<b id="9" c="8 10" t="am"/>
		<b id="10" c="10 11" t="1"/>
		<b id="11" c="11 12" t="1"/>
		<b id="12" c="12 13" t="1"/>
		<b id="13" c="13 14" t="1"/>
		<b id="14" c="13 15" t="1"/>
		<b id="15" c="13 16" t="1"/>
		<b id="16" c="6 17" t="ar"/>
		<b id="17" c="17 18" t="ar"/>
		<b id="18" c="2 18" t="ar"/>
		<b id="19" c="18 19" t="1"/>
		<b id="20" c="1 20" t="1"/>
		<b id="21" c="1 21" t="1"/>
		<b id="22" c="1 22" t="1"/>
		<b id="23" c="3 23" t="1"/>
		<b id="24" c="7 24" t="1"/>
		<b id="25" c="10 25" t="1"/>
		<b id="26" c="11 26" t="1"/>
		<b id="27" c="11 27" t="1"/>
		<b id="28" c="12 28" t="1"/>
		<b id="29" c="12 29" t="1"/>
		<b id="30" c="14 30" t="1"/>
		<b id="31" c="14 31" t="1"/>
		<b id="32" c="14 32" t="1"/>
		<b id="33" c="15 33" t="1"/>
		<b id="34" c="15 34" t="1"/>
		<b id="35" c="15 35" t="1"/>
		<b id="36" c="16 36" t="1"/>
		<b id="37" c="16 37" t="1"/>
		<b id="38" c="16 38" t="1"/>
		<b id="39" c="17 39" t="1"/>
	</bonds>
	<geometry>
		<g u="A" t="cart/3d">#39,3:1.5855,0.5288,1.3102;2.8704,0.1819,0.6312;3.4427,1.0320,-0.3077;4.6261,0.6935,-0.9240;5.1618,1.5451,-1.8404;5.3086,-0.4951,-0.6523;6.4939,-0.7464,-1.3247;7.2879,-1.8809,-1.2506;7.0680,-2.8149,-0.5134;8.3283,-1.8413,-2.1257;9.3607,-2.8558,-2.1221;10.6636,-2.3157,-1.5290;11.8122,-3.3351,-1.4232;12.2066,-3.8592,-2.8063;13.0166,-2.6163,-0.8045;11.4171,-4.5061,-0.5211;4.7415,-1.3485,0.2899;3.5522,-1.0010,0.9037;2.8329,-2.2156,2.1803;1.2080,1.4834,0.9548;1.7290,0.5859,2.3892;0.8356,-0.2393,1.1215;2.9671,1.9651,-0.5654;6.7562,-0.0293,-1.9872;8.5264,-0.9949,-2.6351;9.5141,-3.1981,-3.1492;8.9716,-3.6772,-1.5198;10.4449,-1.9329,-0.5288;11.0020,-1.4732,-2.1404;12.4332,-3.0355,-3.4804;11.4109,-4.4578,-3.2423;13.0919,-4.4862,-2.7277;13.3264,-1.7775,-1.4244;13.8588,-3.2979,-0.7098;12.7708,-2.2388,0.1857;10.6294,-5.1035,-0.9731;11.0660,-4.1456,0.4435;12.2753,-5.1530,-0.3533;5.2391,-2.2750,0.5257;</g>
	</geometry>
	<conformers/>
	<properties/>
</molecule>
