<?xml version="1.0" ?>
<!--MOLLI PACKAGE EXPERIMENTAL XML FORMAT-->
<molecule name="el958">
	<atoms>
		<a id="1" s="O" t="O.2" l="O"/>
		<a id="2" s="S" t="S.O2" l="S"/>
		<a id="3" s="O" t="O.2" l="O"/>
		<a id="4" s="C" t="C.2" l="C"/>
		<a id="5" s="C" t="C.2" l="C"/>
		<a id="6" s="Br" t="Br" l="BR"/>
		<a id="7" s="C" t="C.ar" l="C"/>
		<a id="8" s="C" t="C.ar" l="C"/>
		<a id="9" s="C" t="C.ar" l="C"/>
		<a id="10" s="C" t="C.ar" l="C"/>
		<a id="11" s="C" t="C.ar" l="C"/>
		<a id="12" s="C" t="C.ar" l="C"/>
		<a id="13" s="H" t="H" l="H"/>
		<a id="14" s="H" t="H" l="H"/>
		<a id="15" s="H" t="H" l="H"/>
		<a id="16" s="H" t="H" l="H"/>
		<a id="17" s="H" t="H" l="H"/>
	</atoms>
	<bonds>
		<b id="1" c="1 2" t="2"/>
		<b id="2" c="2 3" t="2"/>
		<b id="3" c="2 4" t="1"/>
		<b id="4" c="4 5" t="2"/>
		<b id="5" c="5 6" t="1"/>
		<b id="6" c="5 7" t="1"/>
		<b id="7" c="7 8" t="ar"/>
		<b id="8" c="8 9" t="ar"/>
		<b id="9" c="9 10" t="ar"/>
		<b id="10" c="10 11" t="ar"/>
		<b id="11" c="11 12" t="ar"/>
		<b id="12" c="7 12" t="ar"/>
		<b id="13" c="2 12" t="1"/>
		<b id="14" c="4 13" t="1"/>
		<b id="15" c="8 14" t="1"/>
		<b id="16" c="9 15" t="1"/>
		<b id="17" c="10 16" t="1"/>
		<b id="18" c="11 17" t="1"/>
	</bonds>
	<geometry>
		<g u="A" t="cart/3d">#17,3:0.9914,0.1680,0.0615;2.4188,0.1109,0.1838;2.9872,0.1698,1.4988;3.1898,1.3382,-0.8888;3.8710,0.7087,-1.8355;4.8457,1.5887,-3.1916;3.8511,-0.7510,-1.8066;4.4830,-1.6193,-2.6847;4.3430,-2.9857,-2.4886;3.5878,-3.4814,-1.4377;2.9522,-2.6133,-0.5544;3.0955,-1.2632,-0.7550;3.0773,2.3921,-0.7331;5.0725,-1.2372,-3.5050;4.8306,-3.6694,-3.1663;3.4906,-4.5473,-1.3015;2.3608,-2.9811,0.2685;</g>
	</geometry>
	<conformers/>
	<properties/>
</molecule>
