<?xml version="1.0" ?>
<!--MOLLI PACKAGE EXPERIMENTAL XML FORMAT-->
<molecule name="el959">
	<atoms>
		<a id="1" s="C" t="C.3" l="C"/>
		<a id="2" s="C" t="C.3" l="C"/>
		<a id="3" s="C" t="C.ar" l="C"/>
		<a id="4" s="N" t="N.ar" l="N"/>
		<a id="5" s="N" t="N.ar" l="N"/>
		<a id="6" s="C" t="C.ar" l="C"/>
		<a id="7" s="C" t="C.ar" l="C"/>
		<a id="8" s="C" t="C.3" l="C"/>
		<a id="9" s="C" t="C.ar" l="C"/>
		<a id="10" s="C" t="C.ar" l="C"/>
		<a id="11" s="Br" t="Br" l="BR"/>
		<a id="12" s="C" t="C.ar" l="C"/>
		<a id="13" s="N" t="N.ar" l="N"/>
		<a id="14" s="H" t="H" l="H"/>
		<a id="15" s="H" t="H" l="H"/>
		<a id="16" s="H" t="H" l="H"/>
		<a id="17" s="H" t="H" l="H"/>
		<a id="18" s="H" t="H" l="H"/>
		<a id="19" s="H" t="H" l="H"/>
		<a id="20" s="H" t="H" l="H"/>
		<a id="21" s="H" t="H" l="H"/>
		<a id="22" s="H" t="H" l="H"/>
		<a id="23" s="H" t="H" l="H"/>
	</atoms>
	<bonds>
		<b id="1" c="1 2" t="1"/>
		<b id="2" c="2 3" t="1"/>
		<b id="3" c="3 4" t="ar"/>
		<b id="4" c="4 5" t="ar"/>
		<b id="5" c="5 6" t="ar"/>
		<b id="6" c="6 7" t="ar"/>
		<b id="7" c="7 8" t="1"/>
		<b id="8" c="7 9" t="ar"/>
		<b id="9" c="9 10" t="ar"/>
		<b id="10" c="10 11" t="1"/>
		<b id="11" c="10 12" t="ar"/>
		<b id="12" c="12 13" t="ar"/>
		<b id="13" c="3 13" t="ar"/>
		<b id="14" c="6 13" t="ar"/>
		<b id="15" c="1 14" t="1"/>
		<b id="16" c="1 15" t="1"/>
		<b id="17" c="1 16" t="1"/>
		<b id="18" c="2 17" t="1"/>
		<b id="19" c="2 18" t="1"/>
		<b id="20" c="8 19" t="1"/>
		<b id="21" c="8 20" t="1"/>
		<b id="22" c="8 21" t="1"/>
		<b id="23" c="9 22" t="1"/>
		<b id="24" c="12 23" t="1"/>
	</bonds>
	<geometry>
		<g u="A" t="cart/3d">#23,3:1.2273,0.5337,-0.1330;2.6308,-0.0699,-0.0392;3.0593,-0.6443,-1.3381;3.0101,-1.9060,-1.6789;3.4515,-2.0557,-2.9227;3.7856,-0.8686,-3.3791;4.3140,-0.4735,-4.6293;4.5623,-1.5106,-5.6724;4.5742,0.8557,-4.8120;4.3176,1.7861,-3.7768;4.6978,3.6260,-4.0737;3.8081,1.4064,-2.5756;3.5480,0.0871,-2.3877;0.9292,0.9350,0.8321;0.5135,-0.2315,-0.4269;1.1927,1.3370,-0.8666;2.6339,-0.8753,0.6952;3.3464,0.6939,0.2774;4.2817,-2.4856,-5.2861;5.6145,-1.5211,-5.9519;3.9804,-1.2948,-6.5668;4.9797,1.2120,-5.7460;3.6044,2.0906,-1.7675;</g>
	</geometry>
	<conformers/>
	<properties/>
</molecule>
