<?xml version="1.0" ?>
<!--MOLLI PACKAGE EXPERIMENTAL XML FORMAT-->
<molecule name="el636">
	<atoms>
		<a id="1" s="C" t="C.3" l="C"/>
		<a id="2" s="C" t="C.3" l="C"/>
		<a id="3" s="C" t="C.ar" l="C"/>
		<a id="4" s="C" t="C.ar" l="C"/>
		<a id="5" s="C" t="C.ar" l="C"/>
		<a id="6" s="Br" t="Br" l="BR"/>
		<a id="7" s="C" t="C.ar" l="C"/>
		<a id="8" s="C" t="C.ar" l="C"/>
		<a id="9" s="C" t="C.3" l="C"/>
		<a id="10" s="C" t="C.3" l="C"/>
		<a id="11" s="C" t="C.ar" l="C"/>
		<a id="12" s="N" t="N.am" l="N"/>
		<a id="13" s="C" t="C.2" l="C"/>
		<a id="14" s="O" t="O.2" l="O"/>
		<a id="15" s="O" t="O.3" l="O"/>
		<a id="16" s="C" t="C.3" l="C"/>
		<a id="17" s="C" t="C.3" l="C"/>
		<a id="18" s="C" t="C.3" l="C"/>
		<a id="19" s="C" t="C.3" l="C"/>
		<a id="20" s="H" t="H" l="H"/>
		<a id="21" s="H" t="H" l="H"/>
		<a id="22" s="H" t="H" l="H"/>
		<a id="23" s="H" t="H" l="H"/>
		<a id="24" s="H" t="H" l="H"/>
		<a id="25" s="H" t="H" l="H"/>
		<a id="26" s="H" t="H" l="H"/>
		<a id="27" s="H" t="H" l="H"/>
		<a id="28" s="H" t="H" l="H"/>
		<a id="29" s="H" t="H" l="H"/>
		<a id="30" s="H" t="H" l="H"/>
		<a id="31" s="H" t="H" l="H"/>
		<a id="32" s="H" t="H" l="H"/>
		<a id="33" s="H" t="H" l="H"/>
		<a id="34" s="H" t="H" l="H"/>
		<a id="35" s="H" t="H" l="H"/>
		<a id="36" s="H" t="H" l="H"/>
		<a id="37" s="H" t="H" l="H"/>
		<a id="38" s="H" t="H" l="H"/>
		<a id="39" s="H" t="H" l="H"/>
		<a id="40" s="H" t="H" l="H"/>
		<a id="41" s="H" t="H" l="H"/>
	</atoms>
	<bonds>
		<b id="1" c="1 2" t="1"/>
		<b id="2" c="2 3" t="1"/>
		<b id="3" c="3 4" t="ar"/>
		<b id="4" c="4 5" t="ar"/>
		<b id="5" c="5 6" t="1"/>
		<b id="6" c="5 7" t="ar"/>
		<b id="7" c="7 8" t="ar"/>
		<b id="8" c="8 9" t="1"/>
		<b id="9" c="9 10" t="1"/>
		<b id="10" c="8 11" t="ar"/>
		<b id="11" c="3 11" t="ar"/>
		<b id="12" c="11 12" t="1"/>
		<b id="13" c="12 13" t="am"/>
		<b id="14" c="13 14" t="2"/>
		<b id="15" c="13 15" t="1"/>
		<b id="16" c="15 16" t="1"/>
		<b id="17" c="16 17" t="1"/>
		<b id="18" c="16 18" t="1"/>
		<b id="19" c="16 19" t="1"/>
		<b id="20" c="1 20" t="1"/>
		<b id="21" c="1 21" t="1"/>
		<b id="22" c="1 22" t="1"/>
		<b id="23" c="2 23" t="1"/>
		<b id="24" c="2 24" t="1"/>
		<b id="25" c="4 25" t="1"/>
		<b id="26" c="7 26" t="1"/>
		<b id="27" c="9 27" t="1"/>
		<b id="28" c="9 28" t="1"/>
		<b id="29" c="10 29" t="1"/>
		<b id="30" c="10 30" t="1"/>
		<b id="31" c="10 31" t="1"/>
		<b id="32" c="12 32" t="1"/>
		<b id="33" c="17 33" t="1"/>
		<b id="34" c="17 34" t="1"/>
		<b id="35" c="17 35" t="1"/>
		<b id="36" c="18 36" t="1"/>
		<b id="37" c="18 37" t="1"/>
		<b id="38" c="18 38" t="1"/>
		<b id="39" c="19 39" t="1"/>
		<b id="40" c="19 40" t="1"/>
		<b id="41" c="19 41" t="1"/>
	</bonds>
	<geometry>
		<g u="A" t="cart/3d">#41,3:1.1515,-0.6403,1.0712;2.2453,-0.0684,0.1662;2.7790,1.2165,0.7350;2.2858,2.4258,0.2705;2.7329,3.6077,0.8304;2.0480,5.2635,0.1805;3.6719,3.6127,1.8409;4.1854,2.4136,2.3195;5.2115,2.4540,3.4151;4.5620,2.7719,4.7630;3.7257,1.2171,1.7655;4.2417,-0.0182,2.2312;3.9066,-0.5772,3.4277;3.2199,-0.0480,4.2643;4.4697,-1.7958,3.5028;4.3243,-2.5960,4.7021;2.8514,-2.9235,4.9455;5.1122,-3.8699,4.3946;4.9312,-1.8658,5.8996;0.7861,-1.5839,0.6728;0.3185,0.0553,1.1376;1.5312,-0.8081,2.0759;1.8295,0.1196,-0.8254;3.0469,-0.8027,0.0589;1.5512,2.4425,-0.5203;4.0180,4.5471,2.2559;5.9512,3.2234,3.1785;5.7246,1.4939,3.4792;4.0654,3.7387,4.7311;5.3157,2.7934,5.5466;3.8249,2.0108,5.0033;4.6705,-0.6365,1.5583;2.4253,-3.4078,4.0691;2.2932,-2.0145,5.1522;2.7621,-3.5931,5.7962;4.6989,-4.3618,3.5180;5.0617,-4.5496,5.2396;6.1526,-3.6266,4.1958;4.3715,-0.9587,6.1102;5.9658,-1.6011,5.6908;4.9015,-2.5098,6.7739;</g>
	</geometry>
	<conformers/>
	<properties/>
</molecule>
