<?xml version="1.0" ?>
<!--MOLLI PACKAGE EXPERIMENTAL XML FORMAT-->
<molecule name="el961">
	<atoms>
		<a id="1" s="Br" t="Br" l="BR"/>
		<a id="2" s="C" t="C.ar" l="C"/>
		<a id="3" s="C" t="C.ar" l="C"/>
		<a id="4" s="C" t="C.ar" l="C"/>
		<a id="5" s="C" t="C.ar" l="C"/>
		<a id="6" s="O" t="O.2" l="O"/>
		<a id="7" s="N" t="N.ar" l="N"/>
		<a id="8" s="C" t="C.ar" l="C"/>
		<a id="9" s="C" t="C.3" l="C"/>
		<a id="10" s="C" t="C.3" l="C"/>
		<a id="11" s="C" t="C.3" l="C"/>
		<a id="12" s="C" t="C.3" l="C"/>
		<a id="13" s="C" t="C.ar" l="C"/>
		<a id="14" s="C" t="C.ar" l="C"/>
		<a id="15" s="H" t="H" l="H"/>
		<a id="16" s="H" t="H" l="H"/>
		<a id="17" s="H" t="H" l="H"/>
		<a id="18" s="H" t="H" l="H"/>
		<a id="19" s="H" t="H" l="H"/>
		<a id="20" s="H" t="H" l="H"/>
		<a id="21" s="H" t="H" l="H"/>
		<a id="22" s="H" t="H" l="H"/>
		<a id="23" s="H" t="H" l="H"/>
		<a id="24" s="H" t="H" l="H"/>
	</atoms>
	<bonds>
		<b id="1" c="1 2" t="1"/>
		<b id="2" c="2 3" t="ar"/>
		<b id="3" c="3 4" t="ar"/>
		<b id="4" c="4 5" t="ar"/>
		<b id="5" c="5 6" t="ar"/>
		<b id="6" c="6 7" t="ar"/>
		<b id="7" c="7 8" t="ar"/>
		<b id="8" c="8 9" t="1"/>
		<b id="9" c="9 10" t="1"/>
		<b id="10" c="10 11" t="1"/>
		<b id="11" c="11 12" t="1"/>
		<b id="12" c="10 12" t="1"/>
		<b id="13" c="8 13" t="ar"/>
		<b id="14" c="5 13" t="ar"/>
		<b id="15" c="13 14" t="ar"/>
		<b id="16" c="2 14" t="ar"/>
		<b id="17" c="3 15" t="1"/>
		<b id="18" c="4 16" t="1"/>
		<b id="19" c="9 17" t="1"/>
		<b id="20" c="9 18" t="1"/>
		<b id="21" c="10 19" t="1"/>
		<b id="22" c="11 20" t="1"/>
		<b id="23" c="11 21" t="1"/>
		<b id="24" c="12 22" t="1"/>
		<b id="25" c="12 23" t="1"/>
		<b id="26" c="14 24" t="1"/>
	</bonds>
	<geometry>
		<g u="A" t="cart/3d">#24,3:0.9653,0.2652,-0.1509;2.8701,0.1882,-0.0952;3.5809,1.3936,-0.1091;4.9571,1.4044,-0.0660;5.5933,0.1701,-0.0134;6.9097,-0.0940,0.0393;7.0770,-1.4504,0.0804;5.9171,-2.0317,0.0547;5.7707,-3.5113,0.0313;5.7910,-4.0074,-1.4030;4.5327,-4.0259,-2.2156;5.1428,-5.3129,-1.7486;4.8775,-1.0430,-0.0061;3.4861,-1.0413,-0.0427;3.0349,2.3232,-0.1506;5.5192,2.3230,-0.0710;4.8317,-3.7934,0.5101;6.6026,-3.9574,0.5795;6.7091,-3.7561,-1.9196;4.5920,-3.7764,-3.2637;3.6142,-3.7034,-1.7498;5.6239,-5.9501,-2.4740;4.6414,-5.8555,-0.9618;2.9169,-1.9567,-0.0262;</g>
	</geometry>
	<conformers/>
	<properties/>
</molecule>
