<?xml version="1.0" ?>
<!--MOLLI PACKAGE EXPERIMENTAL XML FORMAT-->
<molecule name="el962">
	<atoms>
		<a id="1" s="Br" t="Br" l="BR"/>
		<a id="2" s="C" t="C.ar" l="C"/>
		<a id="3" s="C" t="C.ar" l="C"/>
		<a id="4" s="C" t="C.ar" l="C"/>
		<a id="5" s="C" t="C.ar" l="C"/>
		<a id="6" s="C" t="C.ar" l="C"/>
		<a id="7" s="C" t="C.ar" l="C"/>
		<a id="8" s="C" t="C.ar" l="C"/>
		<a id="9" s="C" t="C.ar" l="C"/>
		<a id="10" s="C" t="C.ar" l="C"/>
		<a id="11" s="C" t="C.ar" l="C"/>
		<a id="12" s="C" t="C.ar" l="C"/>
		<a id="13" s="C" t="C.ar" l="C"/>
		<a id="14" s="C" t="C.ar" l="C"/>
		<a id="15" s="N" t="N.ar" l="N"/>
		<a id="16" s="N" t="N.ar" l="N"/>
		<a id="17" s="C" t="C.ar" l="C"/>
		<a id="18" s="H" t="H" l="H"/>
		<a id="19" s="H" t="H" l="H"/>
		<a id="20" s="H" t="H" l="H"/>
		<a id="21" s="H" t="H" l="H"/>
		<a id="22" s="H" t="H" l="H"/>
		<a id="23" s="H" t="H" l="H"/>
		<a id="24" s="H" t="H" l="H"/>
		<a id="25" s="H" t="H" l="H"/>
		<a id="26" s="H" t="H" l="H"/>
	</atoms>
	<bonds>
		<b id="1" c="1 2" t="1"/>
		<b id="2" c="2 3" t="ar"/>
		<b id="3" c="3 4" t="ar"/>
		<b id="4" c="4 5" t="ar"/>
		<b id="5" c="5 6" t="ar"/>
		<b id="6" c="6 7" t="ar"/>
		<b id="7" c="7 8" t="ar"/>
		<b id="8" c="8 9" t="ar"/>
		<b id="9" c="9 10" t="1"/>
		<b id="10" c="10 11" t="ar"/>
		<b id="11" c="11 12" t="ar"/>
		<b id="12" c="12 13" t="ar"/>
		<b id="13" c="13 14" t="ar"/>
		<b id="14" c="14 15" t="ar"/>
		<b id="15" c="10 15" t="ar"/>
		<b id="16" c="9 16" t="ar"/>
		<b id="17" c="16 17" t="ar"/>
		<b id="18" c="2 17" t="ar"/>
		<b id="19" c="6 17" t="ar"/>
		<b id="20" c="3 18" t="1"/>
		<b id="21" c="4 19" t="1"/>
		<b id="22" c="5 20" t="1"/>
		<b id="23" c="7 21" t="1"/>
		<b id="24" c="8 22" t="1"/>
		<b id="25" c="11 23" t="1"/>
		<b id="26" c="12 24" t="1"/>
		<b id="27" c="13 25" t="1"/>
		<b id="28" c="14 26" t="1"/>
	</bonds>
	<geometry>
		<g u="A" t="cart/3d">#26,3:1.1170,0.1867,0.2641;2.9977,0.0366,0.1241;3.6013,-1.1878,0.0485;4.9982,-1.2672,-0.0545;5.7647,-0.1337,-0.0816;5.1625,1.1360,-0.0031;5.8801,2.3530,-0.0205;5.2058,3.5361,0.0714;3.7941,3.5188,0.1811;3.0444,4.7752,0.2984;1.6498,4.7686,0.3580;0.9884,5.9766,0.4834;1.7338,7.1447,0.5450;3.1165,7.0440,0.4729;3.7578,5.8991,0.3528;3.1040,2.4028,0.1915;3.7476,1.2333,0.1041;3.0087,-2.0897,0.0678;5.4605,-2.2410,-0.1128;6.8403,-0.1955,-0.1615;6.9577,2.3256,-0.1047;5.7051,4.4909,0.0658;1.1237,3.8292,0.3075;-0.0904,6.0087,0.5333;1.2584,8.1080,0.6461;3.7445,7.9250,0.5154;</g>
	</geometry>
	<conformers/>
	<properties/>
</molecule>
