<?xml version="1.0" ?>
<!--MOLLI PACKAGE EXPERIMENTAL XML FORMAT-->
<molecule name="el963">
	<atoms>
		<a id="1" s="C" t="C.3" l="C"/>
		<a id="2" s="N" t="N.ar" l="N"/>
		<a id="3" s="C" t="C.ar" l="C"/>
		<a id="4" s="C" t="C.ar" l="C"/>
		<a id="5" s="N" t="N.ar" l="N"/>
		<a id="6" s="C" t="C.ar" l="C"/>
		<a id="7" s="N" t="N.2" l="N"/>
		<a id="8" s="N" t="N.2" l="N"/>
		<a id="9" s="C" t="C.ar" l="C"/>
		<a id="10" s="C" t="C.ar" l="C"/>
		<a id="11" s="C" t="C.ar" l="C"/>
		<a id="12" s="C" t="C.ar" l="C"/>
		<a id="13" s="Br" t="Br" l="BR"/>
		<a id="14" s="C" t="C.ar" l="C"/>
		<a id="15" s="C" t="C.ar" l="C"/>
		<a id="16" s="H" t="H" l="H"/>
		<a id="17" s="H" t="H" l="H"/>
		<a id="18" s="H" t="H" l="H"/>
		<a id="19" s="H" t="H" l="H"/>
		<a id="20" s="H" t="H" l="H"/>
		<a id="21" s="H" t="H" l="H"/>
		<a id="22" s="H" t="H" l="H"/>
		<a id="23" s="H" t="H" l="H"/>
		<a id="24" s="H" t="H" l="H"/>
	</atoms>
	<bonds>
		<b id="1" c="1 2" t="1"/>
		<b id="2" c="2 3" t="ar"/>
		<b id="3" c="3 4" t="ar"/>
		<b id="4" c="4 5" t="ar"/>
		<b id="5" c="5 6" t="ar"/>
		<b id="6" c="2 6" t="ar"/>
		<b id="7" c="6 7" t="1"/>
		<b id="8" c="7 8" t="2"/>
		<b id="9" c="8 9" t="1"/>
		<b id="10" c="9 10" t="ar"/>
		<b id="11" c="10 11" t="ar"/>
		<b id="12" c="11 12" t="ar"/>
		<b id="13" c="12 13" t="1"/>
		<b id="14" c="12 14" t="ar"/>
		<b id="15" c="14 15" t="ar"/>
		<b id="16" c="9 15" t="ar"/>
		<b id="17" c="1 16" t="1"/>
		<b id="18" c="1 17" t="1"/>
		<b id="19" c="1 18" t="1"/>
		<b id="20" c="3 19" t="1"/>
		<b id="21" c="4 20" t="1"/>
		<b id="22" c="10 21" t="1"/>
		<b id="23" c="11 22" t="1"/>
		<b id="24" c="14 23" t="1"/>
		<b id="25" c="15 24" t="1"/>
	</bonds>
	<geometry>
		<g u="A" t="cart/3d">#24,3:-2.3829,1.7138,0.2610;-1.2980,0.7883,0.1067;-1.3621,-0.5588,0.0747;-0.0627,-1.0052,-0.0777;0.7798,0.0291,-0.1379;0.0308,1.1191,-0.0258;0.3536,2.4274,-0.0052;1.5764,2.7455,-0.1814;1.8947,4.0728,-0.0481;1.1353,4.9856,0.7006;1.5693,6.2815,0.8696;2.7613,6.6784,0.2808;3.3589,8.4699,0.5104;3.5310,5.7952,-0.4636;3.1040,4.4946,-0.6171;-3.3291,1.1801,0.1886;-2.3302,2.4761,-0.5171;-2.3210,2.2090,1.2321;-2.2864,-1.0942,0.1578;0.2919,-2.0146,-0.1445;0.2174,4.6451,1.1548;0.9930,6.9849,1.4517;4.4568,6.1275,-0.9079;3.6814,3.7845,-1.1873;</g>
	</geometry>
	<conformers/>
	<properties/>
</molecule>
