<?xml version="1.0" ?>
<!--MOLLI PACKAGE EXPERIMENTAL XML FORMAT-->
<molecule name="el975">
	<atoms>
		<a id="1" s="C" t="C.3" l="C"/>
		<a id="2" s="O" t="O.3" l="O"/>
		<a id="3" s="C" t="C.2" l="C"/>
		<a id="4" s="O" t="O.2" l="O"/>
		<a id="5" s="C" t="C.ar" l="C"/>
		<a id="6" s="C" t="C.ar" l="C"/>
		<a id="7" s="C" t="C.ar" l="C"/>
		<a id="8" s="C" t="C.ar" l="C"/>
		<a id="9" s="S" t="S.O2" l="S"/>
		<a id="10" s="C" t="C.3" l="C"/>
		<a id="11" s="O" t="O.2" l="O"/>
		<a id="12" s="O" t="O.2" l="O"/>
		<a id="13" s="C" t="C.ar" l="C"/>
		<a id="14" s="C" t="C.ar" l="C"/>
		<a id="15" s="Br" t="Br" l="BR"/>
		<a id="16" s="H" t="H" l="H"/>
		<a id="17" s="H" t="H" l="H"/>
		<a id="18" s="H" t="H" l="H"/>
		<a id="19" s="H" t="H" l="H"/>
		<a id="20" s="H" t="H" l="H"/>
		<a id="21" s="H" t="H" l="H"/>
		<a id="22" s="H" t="H" l="H"/>
		<a id="23" s="H" t="H" l="H"/>
		<a id="24" s="H" t="H" l="H"/>
	</atoms>
	<bonds>
		<b id="1" c="1 2" t="1"/>
		<b id="2" c="2 3" t="1"/>
		<b id="3" c="3 4" t="2"/>
		<b id="4" c="3 5" t="1"/>
		<b id="5" c="5 6" t="ar"/>
		<b id="6" c="6 7" t="ar"/>
		<b id="7" c="7 8" t="ar"/>
		<b id="8" c="8 9" t="1"/>
		<b id="9" c="9 10" t="1"/>
		<b id="10" c="9 11" t="2"/>
		<b id="11" c="9 12" t="2"/>
		<b id="12" c="8 13" t="ar"/>
		<b id="13" c="13 14" t="ar"/>
		<b id="14" c="5 14" t="ar"/>
		<b id="15" c="14 15" t="1"/>
		<b id="16" c="1 16" t="1"/>
		<b id="17" c="1 17" t="1"/>
		<b id="18" c="1 18" t="1"/>
		<b id="19" c="6 19" t="1"/>
		<b id="20" c="7 20" t="1"/>
		<b id="21" c="10 21" t="1"/>
		<b id="22" c="10 22" t="1"/>
		<b id="23" c="10 23" t="1"/>
		<b id="24" c="13 24" t="1"/>
	</bonds>
	<geometry>
		<g u="A" t="cart/3d">#24,3:1.1784,-0.0006,0.2413;2.5969,0.0428,0.3006;3.2024,-1.0086,0.8426;2.6301,-1.9859,1.2531;4.6916,-0.8763,0.8508;5.4143,-2.0664,0.7569;6.7960,-2.0592,0.7358;7.4569,-0.8481,0.8195;9.2586,-0.8133,0.8038;9.6813,-0.9895,2.5602;9.7261,-1.9736,0.1007;9.6825,0.4825,0.3565;6.7723,0.3427,0.9316;5.3840,0.3311,0.9466;4.5089,1.9899,1.1634;0.8663,0.9515,-0.1796;0.7622,-0.1354,1.2412;0.8540,-0.8288,-0.3917;4.8582,-2.9898,0.6983;7.3694,-2.9668,0.6365;9.2801,-1.9313,2.9108;9.2563,-0.1509,3.0958;10.7615,-0.9831,2.6397;7.3261,1.2675,0.9862;</g>
	</geometry>
	<conformers/>
	<properties/>
</molecule>
