<?xml version="1.0" ?>
<!--MOLLI PACKAGE EXPERIMENTAL XML FORMAT-->
<molecule name="el976">
	<atoms>
		<a id="1" s="C" t="C.3" l="C"/>
		<a id="2" s="C" t="C.ar" l="C"/>
		<a id="3" s="C" t="C.ar" l="C"/>
		<a id="4" s="C" t="C.ar" l="C"/>
		<a id="5" s="C" t="C.3" l="C"/>
		<a id="6" s="C" t="C.3" l="C"/>
		<a id="7" s="C" t="C.3" l="C"/>
		<a id="8" s="C" t="C.3" l="C"/>
		<a id="9" s="C" t="C.ar" l="C"/>
		<a id="10" s="C" t="C.ar" l="C"/>
		<a id="11" s="C" t="C.3" l="C"/>
		<a id="12" s="C" t="C.3" l="C"/>
		<a id="13" s="C" t="C.3" l="C"/>
		<a id="14" s="C" t="C.3" l="C"/>
		<a id="15" s="C" t="C.ar" l="C"/>
		<a id="16" s="Br" t="Br" l="BR"/>
		<a id="17" s="H" t="H" l="H"/>
		<a id="18" s="H" t="H" l="H"/>
		<a id="19" s="H" t="H" l="H"/>
		<a id="20" s="H" t="H" l="H"/>
		<a id="21" s="H" t="H" l="H"/>
		<a id="22" s="H" t="H" l="H"/>
		<a id="23" s="H" t="H" l="H"/>
		<a id="24" s="H" t="H" l="H"/>
		<a id="25" s="H" t="H" l="H"/>
		<a id="26" s="H" t="H" l="H"/>
		<a id="27" s="H" t="H" l="H"/>
		<a id="28" s="H" t="H" l="H"/>
		<a id="29" s="H" t="H" l="H"/>
		<a id="30" s="H" t="H" l="H"/>
		<a id="31" s="H" t="H" l="H"/>
		<a id="32" s="H" t="H" l="H"/>
		<a id="33" s="H" t="H" l="H"/>
		<a id="34" s="H" t="H" l="H"/>
		<a id="35" s="H" t="H" l="H"/>
		<a id="36" s="H" t="H" l="H"/>
		<a id="37" s="H" t="H" l="H"/>
		<a id="38" s="H" t="H" l="H"/>
		<a id="39" s="H" t="H" l="H"/>
	</atoms>
	<bonds>
		<b id="1" c="1 2" t="1"/>
		<b id="2" c="2 3" t="ar"/>
		<b id="3" c="3 4" t="ar"/>
		<b id="4" c="4 5" t="1"/>
		<b id="5" c="5 6" t="1"/>
		<b id="6" c="5 7" t="1"/>
		<b id="7" c="5 8" t="1"/>
		<b id="8" c="4 9" t="ar"/>
		<b id="9" c="9 10" t="ar"/>
		<b id="10" c="10 11" t="1"/>
		<b id="11" c="11 12" t="1"/>
		<b id="12" c="11 13" t="1"/>
		<b id="13" c="11 14" t="1"/>
		<b id="14" c="10 15" t="ar"/>
		<b id="15" c="2 15" t="ar"/>
		<b id="16" c="15 16" t="1"/>
		<b id="17" c="1 17" t="1"/>
		<b id="18" c="1 18" t="1"/>
		<b id="19" c="1 19" t="1"/>
		<b id="20" c="3 20" t="1"/>
		<b id="21" c="6 21" t="1"/>
		<b id="22" c="6 22" t="1"/>
		<b id="23" c="6 23" t="1"/>
		<b id="24" c="7 24" t="1"/>
		<b id="25" c="7 25" t="1"/>
		<b id="26" c="7 26" t="1"/>
		<b id="27" c="8 27" t="1"/>
		<b id="28" c="8 28" t="1"/>
		<b id="29" c="8 29" t="1"/>
		<b id="30" c="9 30" t="1"/>
		<b id="31" c="12 31" t="1"/>
		<b id="32" c="12 32" t="1"/>
		<b id="33" c="12 33" t="1"/>
		<b id="34" c="13 34" t="1"/>
		<b id="35" c="13 35" t="1"/>
		<b id="36" c="13 36" t="1"/>
		<b id="37" c="14 37" t="1"/>
		<b id="38" c="14 38" t="1"/>
		<b id="39" c="14 39" t="1"/>
	</bonds>
	<geometry>
		<g u="A" t="cart/3d">#39,3:0.3439,-2.4436,0.0135;1.0096,-1.1019,0.0168;2.3949,-1.0346,0.0040;3.0523,0.1828,0.0075;4.5676,0.3095,0.0016;5.2698,-1.0510,-0.0005;5.0027,1.0740,-1.2565;5.0120,1.0740,1.2565;2.2747,1.3342,0.0162;0.8834,1.3386,0.0269;0.1356,2.6736,0.0313;1.0888,3.8784,0.0026;-0.7453,2.7942,-1.2216;-0.6958,2.8120,1.3154;0.2738,0.0811,0.0324;-1.6327,-0.1726,0.0647;1.0862,-3.2376,-0.0044;-0.3013,-2.5524,-0.8584;-0.2770,-2.5695,0.9006;2.9426,-1.9622,-0.0072;5.0102,-1.6246,-0.8872;5.0121,-1.6258,0.8861;6.3476,-0.9018,-0.0017;4.6672,0.5505,-2.1494;6.0872,1.1527,-1.2894;4.5893,2.0785,-1.2751;4.6784,0.5534,2.1518;4.6037,2.0805,1.2757;6.0970,1.1477,1.2842;2.7888,2.2771,0.0154;1.7017,3.8831,-0.8962;1.7285,3.9060,0.8821;0.4961,4.7910,0.0004;-0.1396,2.6542,-2.1155;-1.1899,3.7863,-1.2605;-1.5537,2.0733,-1.2386;-0.0511,2.7096,2.1869;-1.4861,2.0741,1.3857;-1.1599,3.7954,1.3454;</g>
	</geometry>
	<conformers/>
	<properties/>
</molecule>
