<?xml version="1.0" ?>
<!--MOLLI PACKAGE EXPERIMENTAL XML FORMAT-->
<molecule name="el982">
	<atoms>
		<a id="1" s="N" t="N.3" l="N"/>
		<a id="2" s="C" t="C.3" l="C"/>
		<a id="3" s="C" t="C.3" l="C"/>
		<a id="4" s="C" t="C.3" l="C"/>
		<a id="5" s="C" t="C.3" l="C"/>
		<a id="6" s="C" t="C.3" l="C"/>
		<a id="7" s="C" t="C.ar" l="C"/>
		<a id="8" s="C" t="C.ar" l="C"/>
		<a id="9" s="C" t="C.ar" l="C"/>
		<a id="10" s="Br" t="Br" l="BR"/>
		<a id="11" s="C" t="C.ar" l="C"/>
		<a id="12" s="C" t="C.ar" l="C"/>
		<a id="13" s="C" t="C.ar" l="C"/>
		<a id="14" s="H" t="H" l="H"/>
		<a id="15" s="H" t="H" l="H"/>
		<a id="16" s="H" t="H" l="H"/>
		<a id="17" s="H" t="H" l="H"/>
		<a id="18" s="H" t="H" l="H"/>
		<a id="19" s="H" t="H" l="H"/>
		<a id="20" s="H" t="H" l="H"/>
		<a id="21" s="H" t="H" l="H"/>
		<a id="22" s="H" t="H" l="H"/>
		<a id="23" s="H" t="H" l="H"/>
		<a id="24" s="H" t="H" l="H"/>
		<a id="25" s="H" t="H" l="H"/>
		<a id="26" s="H" t="H" l="H"/>
		<a id="27" s="H" t="H" l="H"/>
	</atoms>
	<bonds>
		<b id="1" c="1 2" t="1"/>
		<b id="2" c="3 4" t="1"/>
		<b id="3" c="4 5" t="1"/>
		<b id="4" c="5 6" t="1"/>
		<b id="5" c="6 7" t="1"/>
		<b id="6" c="7 8" t="ar"/>
		<b id="7" c="8 9" t="ar"/>
		<b id="8" c="9 10" t="1"/>
		<b id="9" c="9 11" t="ar"/>
		<b id="10" c="11 12" t="ar"/>
		<b id="11" c="12 13" t="ar"/>
		<b id="12" c="7 13" t="ar"/>
		<b id="13" c="3 13" t="1"/>
		<b id="14" c="3 2" t="1"/>
		<b id="15" c="1 14" t="1"/>
		<b id="16" c="1 15" t="1"/>
		<b id="17" c="2 16" t="1"/>
		<b id="18" c="2 17" t="1"/>
		<b id="19" c="3 18" t="1"/>
		<b id="20" c="4 19" t="1"/>
		<b id="21" c="4 20" t="1"/>
		<b id="22" c="5 21" t="1"/>
		<b id="23" c="5 22" t="1"/>
		<b id="24" c="6 23" t="1"/>
		<b id="25" c="6 24" t="1"/>
		<b id="26" c="8 25" t="1"/>
		<b id="27" c="11 26" t="1"/>
		<b id="28" c="12 27" t="1"/>
	</bonds>
	<geometry>
		<g u="A" t="cart/3d">#27,3:4.4772,0.4846,2.1311;4.4218,-0.7856,1.4418;3.0415,-1.1535,0.8347;1.9866,-1.1908,1.9487;0.8038,-2.0738,1.5803;1.2987,-3.5048,1.4150;2.3579,-3.5614,0.3532;2.5234,-4.7325,-0.3764;3.4534,-4.7919,-1.3940;3.6699,-6.4142,-2.3763;4.2136,-3.6851,-1.7264;4.0454,-2.5246,-0.9977;3.1444,-2.4467,0.0619;4.1992,1.2388,1.5126;3.8565,0.4918,2.9319;4.7137,-1.5648,2.1516;5.1762,-0.7548,0.6527;2.7731,-0.3652,0.1177;1.6417,-0.1760,2.1596;2.4409,-1.5868,2.8616;0.3567,-1.7294,0.6452;0.0418,-2.0256,2.3602;0.4761,-4.1713,1.1490;1.7141,-3.8579,2.3641;1.9154,-5.5953,-0.1476;4.9194,-3.7287,-2.5412;4.6252,-1.6553,-1.2701;</g>
	</geometry>
	<conformers/>
	<properties/>
</molecule>
