<?xml version="1.0" ?>
<!--MOLLI PACKAGE EXPERIMENTAL XML FORMAT-->
<molecule name="el983">
	<atoms>
		<a id="1" s="C" t="C.3" l="C"/>
		<a id="2" s="O" t="O.3" l="O"/>
		<a id="3" s="C" t="C.ar" l="C"/>
		<a id="4" s="C" t="C.ar" l="C"/>
		<a id="5" s="C" t="C.ar" l="C"/>
		<a id="6" s="N" t="N.ar" l="N"/>
		<a id="7" s="C" t="C.ar" l="C"/>
		<a id="8" s="C" t="C.ar" l="C"/>
		<a id="9" s="F" t="F" l="F"/>
		<a id="10" s="C" t="C.ar" l="C"/>
		<a id="11" s="C" t="C.ar" l="C"/>
		<a id="12" s="Br" t="Br" l="BR"/>
		<a id="13" s="C" t="C.ar" l="C"/>
		<a id="14" s="C" t="C.ar" l="C"/>
		<a id="15" s="H" t="H" l="H"/>
		<a id="16" s="H" t="H" l="H"/>
		<a id="17" s="H" t="H" l="H"/>
		<a id="18" s="H" t="H" l="H"/>
		<a id="19" s="H" t="H" l="H"/>
		<a id="20" s="H" t="H" l="H"/>
		<a id="21" s="H" t="H" l="H"/>
	</atoms>
	<bonds>
		<b id="1" c="1 2" t="1"/>
		<b id="2" c="2 3" t="1"/>
		<b id="3" c="3 4" t="ar"/>
		<b id="4" c="4 5" t="ar"/>
		<b id="5" c="5 6" t="ar"/>
		<b id="6" c="6 7" t="ar"/>
		<b id="7" c="7 8" t="ar"/>
		<b id="8" c="8 9" t="1"/>
		<b id="9" c="8 10" t="ar"/>
		<b id="10" c="10 11" t="ar"/>
		<b id="11" c="11 12" t="1"/>
		<b id="12" c="11 13" t="ar"/>
		<b id="13" c="13 14" t="ar"/>
		<b id="14" c="3 14" t="ar"/>
		<b id="15" c="7 14" t="ar"/>
		<b id="16" c="1 15" t="1"/>
		<b id="17" c="1 16" t="1"/>
		<b id="18" c="1 17" t="1"/>
		<b id="19" c="4 18" t="1"/>
		<b id="20" c="5 19" t="1"/>
		<b id="21" c="10 20" t="1"/>
		<b id="22" c="13 21" t="1"/>
	</bonds>
	<geometry>
		<g u="A" t="cart/3d">#21,3:1.2717,0.6985,-0.1451;2.4178,-0.1003,0.0482;3.0441,-0.6057,-1.0322;2.6571,-0.4340,-2.3435;3.4241,-1.0239,-3.3592;4.4977,-1.7330,-3.1597;4.9016,-1.9201,-1.8908;6.0657,-2.6833,-1.6318;6.7422,-3.2010,-2.6643;6.5220,-2.9086,-0.3622;5.8120,-2.3663,0.7163;6.4535,-2.6901,2.4749;4.6815,-1.6178,0.5339;4.2130,-1.3835,-0.7707;0.9552,1.0029,0.8508;0.4681,0.1329,-0.6254;1.5022,1.5863,-0.7409;1.7846,0.1390,-2.6107;3.1307,-0.8983,-4.3928;7.4133,-3.4944,-0.2011;4.1404,-1.2029,1.3690;</g>
	</geometry>
	<conformers/>
	<properties/>
</molecule>
