<?xml version="1.0" ?>
<!--MOLLI PACKAGE EXPERIMENTAL XML FORMAT-->
<molecule name="el985">
	<atoms>
		<a id="1" s="N" t="N.pl3" l="NH1"/>
		<a id="2" s="C" t="C.cat" l="CZ"/>
		<a id="3" s="N" t="N.pl3" l="NH2"/>
		<a id="4" s="N" t="N.pl3" l="NE"/>
		<a id="5" s="C" t="C.3" l="CD"/>
		<a id="6" s="C" t="C.3" l="CG"/>
		<a id="7" s="C" t="C.3" l="CB"/>
		<a id="8" s="C" t="C.3" l="CA"/>
		<a id="9" s="N" t="N.am" l="N"/>
		<a id="10" s="C" t="C.2" l="C"/>
		<a id="11" s="O" t="O.2" l="O"/>
		<a id="12" s="C" t="C.2" l="C"/>
		<a id="13" s="C" t="C.2" l="C"/>
		<a id="14" s="C" t="C.ar" l="C"/>
		<a id="15" s="C" t="C.ar" l="C"/>
		<a id="16" s="N" t="N.ar" l="N"/>
		<a id="17" s="C" t="C.ar" l="C"/>
		<a id="18" s="C" t="C.ar" l="C"/>
		<a id="19" s="C" t="C.ar" l="C"/>
		<a id="20" s="Br" t="Br" l="BR"/>
		<a id="21" s="C" t="C.ar" l="C"/>
		<a id="22" s="C" t="C.ar" l="C"/>
		<a id="23" s="C" t="C.ar" l="C"/>
		<a id="24" s="N" t="N.am" l="N"/>
		<a id="25" s="C" t="C.2" l="C"/>
		<a id="26" s="O" t="O.2" l="O"/>
		<a id="27" s="H" t="H" l="HH1"/>
		<a id="28" s="H" t="H" l="HH21"/>
		<a id="29" s="H" t="H" l="HH22"/>
		<a id="30" s="H" t="H" l="HE"/>
		<a id="31" s="H" t="H" l="HD1"/>
		<a id="32" s="H" t="H" l="HD2"/>
		<a id="33" s="H" t="H" l="HG1"/>
		<a id="34" s="H" t="H" l="HG2"/>
		<a id="35" s="H" t="H" l="HB1"/>
		<a id="36" s="H" t="H" l="HB2"/>
		<a id="37" s="H" t="H" l="HA"/>
		<a id="38" s="H" t="H" l="H"/>
		<a id="39" s="H" t="H" l="H"/>
		<a id="40" s="H" t="H" l="H"/>
		<a id="41" s="H" t="H" l="H"/>
		<a id="42" s="H" t="H" l="H"/>
		<a id="43" s="H" t="H" l="H"/>
		<a id="44" s="H" t="H" l="H"/>
		<a id="45" s="H" t="H" l="H"/>
	</atoms>
	<bonds>
		<b id="1" c="1 2" t="2"/>
		<b id="2" c="2 3" t="1"/>
		<b id="3" c="2 4" t="1"/>
		<b id="4" c="4 5" t="1"/>
		<b id="5" c="5 6" t="1"/>
		<b id="6" c="6 7" t="1"/>
		<b id="7" c="8 9" t="1"/>
		<b id="8" c="9 10" t="am"/>
		<b id="9" c="10 11" t="2"/>
		<b id="10" c="10 12" t="1"/>
		<b id="11" c="12 13" t="2"/>
		<b id="12" c="13 14" t="1"/>
		<b id="13" c="14 15" t="ar"/>
		<b id="14" c="15 16" t="ar"/>
		<b id="15" c="16 17" t="ar"/>
		<b id="16" c="17 18" t="ar"/>
		<b id="17" c="18 19" t="ar"/>
		<b id="18" c="19 20" t="1"/>
		<b id="19" c="19 21" t="ar"/>
		<b id="20" c="21 22" t="ar"/>
		<b id="21" c="22 23" t="ar"/>
		<b id="22" c="14 23" t="ar"/>
		<b id="23" c="17 23" t="ar"/>
		<b id="24" c="12 24" t="1"/>
		<b id="25" c="24 25" t="am"/>
		<b id="26" c="8 25" t="1"/>
		<b id="27" c="25 26" t="2"/>
		<b id="28" c="8 7" t="1"/>
		<b id="29" c="1 27" t="1"/>
		<b id="30" c="3 28" t="1"/>
		<b id="31" c="3 29" t="1"/>
		<b id="32" c="4 30" t="1"/>
		<b id="33" c="5 31" t="1"/>
		<b id="34" c="5 32" t="1"/>
		<b id="35" c="6 33" t="1"/>
		<b id="36" c="6 34" t="1"/>
		<b id="37" c="7 35" t="1"/>
		<b id="38" c="7 36" t="1"/>
		<b id="39" c="8 37" t="1"/>
		<b id="40" c="9 38" t="1"/>
		<b id="41" c="13 39" t="1"/>
		<b id="42" c="15 40" t="1"/>
		<b id="43" c="16 41" t="1"/>
		<b id="44" c="18 42" t="1"/>
		<b id="45" c="21 43" t="1"/>
		<b id="46" c="22 44" t="1"/>
		<b id="47" c="24 45" t="1"/>
	</bonds>
	<geometry>
		<g u="A" t="cart/3d">#45,3:8.5362,0.2054,3.6580;7.5360,0.6367,4.3099;7.3325,0.4942,5.6787;6.5304,1.3168,3.6683;6.7590,1.8084,2.3288;7.6695,3.0404,2.3101;8.0207,3.5102,0.9022;6.8112,3.9869,0.0609;7.2541,4.4346,-1.2384;7.7380,5.6731,-1.5050;8.3727,5.9154,-2.5133;7.3571,6.7189,-0.5235;7.8452,7.9650,-0.6776;7.5797,9.1404,0.1081;6.4555,9.5091,0.8115;6.6395,10.7313,1.3911;7.8872,11.1903,1.0865;8.5248,12.3666,1.4583;9.8072,12.5459,0.9860;10.7425,14.1389,1.4600;10.4520,11.6078,0.1765;9.8135,10.4424,-0.1834;8.5141,10.2216,0.2683;6.4752,6.3507,0.4867;6.0928,5.0941,0.8118;5.2763,4.8848,1.6846;9.1841,-0.3445,4.2116;7.8601,-0.2432,6.1201;6.3819,0.5624,6.0073;5.9968,1.9425,4.2549;5.7836,2.0465,1.9003;7.2291,0.9953,1.7736;8.5947,2.7732,2.8235;7.1872,3.8474,2.8651;8.5035,2.6929,0.3620;8.7331,4.3378,0.9644;6.1133,3.1548,-0.0744;7.5400,3.7168,-1.8907;8.5531,8.0854,-1.4862;5.4999,9.0258,0.8935;5.9534,11.2233,1.9382;8.0454,13.1026,2.0846;11.4571,11.8069,-0.1610;10.3129,9.7159,-0.8046;6.1130,7.0929,1.0707;</g>
	</geometry>
	<conformers/>
	<properties/>
</molecule>
