<?xml version="1.0" ?>
<!--MOLLI PACKAGE EXPERIMENTAL XML FORMAT-->
<molecule name="el986">
	<atoms>
		<a id="1" s="C" t="C.3" l="C"/>
		<a id="2" s="C" t="C.3" l="C"/>
		<a id="3" s="C" t="C.3" l="C"/>
		<a id="4" s="C" t="C.3" l="C"/>
		<a id="5" s="O" t="O.3" l="O"/>
		<a id="6" s="C" t="C.2" l="C"/>
		<a id="7" s="O" t="O.2" l="O"/>
		<a id="8" s="C" t="C.ar" l="C"/>
		<a id="9" s="C" t="C.ar" l="C"/>
		<a id="10" s="C" t="C.ar" l="C"/>
		<a id="11" s="N" t="N.ar" l="N"/>
		<a id="12" s="N" t="N.ar" l="N"/>
		<a id="13" s="C" t="C.ar" l="C"/>
		<a id="14" s="C" t="C.ar" l="C"/>
		<a id="15" s="C" t="C.ar" l="C"/>
		<a id="16" s="C" t="C.ar" l="C"/>
		<a id="17" s="Br" t="Br" l="BR"/>
		<a id="18" s="C" t="C.ar" l="C"/>
		<a id="19" s="F" t="F" l="F"/>
		<a id="20" s="C" t="C.ar" l="C"/>
		<a id="21" s="C" t="C.ar" l="C"/>
		<a id="22" s="C" t="C.ar" l="C"/>
		<a id="23" s="S" t="S.2" l="S"/>
		<a id="24" s="H" t="H" l="H"/>
		<a id="25" s="H" t="H" l="H"/>
		<a id="26" s="H" t="H" l="H"/>
		<a id="27" s="H" t="H" l="H"/>
		<a id="28" s="H" t="H" l="H"/>
		<a id="29" s="H" t="H" l="H"/>
		<a id="30" s="H" t="H" l="H"/>
		<a id="31" s="H" t="H" l="H"/>
		<a id="32" s="H" t="H" l="H"/>
		<a id="33" s="H" t="H" l="H"/>
		<a id="34" s="H" t="H" l="H"/>
		<a id="35" s="H" t="H" l="H"/>
		<a id="36" s="H" t="H" l="H"/>
		<a id="37" s="H" t="H" l="H"/>
	</atoms>
	<bonds>
		<b id="1" c="1 2" t="1"/>
		<b id="2" c="2 3" t="1"/>
		<b id="3" c="2 4" t="1"/>
		<b id="4" c="2 5" t="1"/>
		<b id="5" c="5 6" t="1"/>
		<b id="6" c="6 7" t="2"/>
		<b id="7" c="6 8" t="1"/>
		<b id="8" c="8 9" t="ar"/>
		<b id="9" c="9 10" t="ar"/>
		<b id="10" c="10 11" t="1"/>
		<b id="11" c="11 12" t="ar"/>
		<b id="12" c="12 13" t="ar"/>
		<b id="13" c="13 14" t="ar"/>
		<b id="14" c="14 15" t="ar"/>
		<b id="15" c="15 16" t="ar"/>
		<b id="16" c="16 17" t="1"/>
		<b id="17" c="16 18" t="ar"/>
		<b id="18" c="18 19" t="1"/>
		<b id="19" c="18 20" t="ar"/>
		<b id="20" c="20 21" t="ar"/>
		<b id="21" c="14 21" t="ar"/>
		<b id="22" c="11 21" t="ar"/>
		<b id="23" c="10 22" t="ar"/>
		<b id="24" c="22 23" t="ar"/>
		<b id="25" c="8 23" t="ar"/>
		<b id="26" c="1 24" t="1"/>
		<b id="27" c="1 25" t="1"/>
		<b id="28" c="1 26" t="1"/>
		<b id="29" c="3 27" t="1"/>
		<b id="30" c="3 28" t="1"/>
		<b id="31" c="3 29" t="1"/>
		<b id="32" c="4 30" t="1"/>
		<b id="33" c="4 31" t="1"/>
		<b id="34" c="4 32" t="1"/>
		<b id="35" c="9 33" t="1"/>
		<b id="36" c="13 34" t="1"/>
		<b id="37" c="15 35" t="1"/>
		<b id="38" c="20 36" t="1"/>
		<b id="39" c="22 37" t="1"/>
	</bonds>
	<geometry>
		<g u="A" t="cart/3d">#37,3:4.2557,-0.2931,-1.5609;3.1627,-0.6386,-0.5512;2.5069,0.6235,0.0064;2.1152,-1.5569,-1.1809;3.7176,-1.4335,0.5310;4.6645,-0.9446,1.3274;5.1694,0.1502,1.2619;5.0435,-1.9379,2.3424;4.5622,-3.2061,2.5238;5.1806,-3.8550,3.6138;4.8855,-5.1445,4.0494;5.0205,-5.4564,5.3495;4.6773,-6.7051,5.5058;4.3025,-7.2809,4.2635;3.8766,-8.5413,3.8444;3.6334,-8.7218,2.5038;3.0494,-10.4098,1.8518;3.8240,-7.6716,1.5883;3.5984,-7.9046,0.2855;4.2376,-6.4180,1.9693;4.4609,-6.2225,3.3308;6.1038,-3.0587,4.2432;6.2427,-1.5222,3.5147;3.8171,0.2263,-2.4080;4.7387,-1.2013,-1.9159;5.0047,0.3483,-1.1044;2.0067,1.1578,-0.7961;3.2539,1.2752,0.4509;1.7732,0.3598,0.7655;1.6274,-1.0507,-2.0079;1.3668,-1.8306,-0.4419;2.5859,-2.4645,-1.5497;3.7813,-3.6221,1.9164;4.7018,-7.1618,6.4743;3.7471,-9.3492,4.5462;4.3936,-5.6551,1.2257;6.6843,-3.3189,5.1051;</g>
	</geometry>
	<conformers/>
	<properties/>
</molecule>
