<?xml version="1.0" ?>
<!--MOLLI PACKAGE EXPERIMENTAL XML FORMAT-->
<molecule name="el989">
	<atoms>
		<a id="1" s="C" t="C.3" l="C"/>
		<a id="2" s="C" t="C.3" l="C"/>
		<a id="3" s="C" t="C.3" l="C"/>
		<a id="4" s="C" t="C.3" l="C"/>
		<a id="5" s="O" t="O.3" l="O"/>
		<a id="6" s="C" t="C.2" l="C"/>
		<a id="7" s="O" t="O.2" l="O"/>
		<a id="8" s="C" t="C.ar" l="C"/>
		<a id="9" s="C" t="C.ar" l="C"/>
		<a id="10" s="C" t="C.ar" l="C"/>
		<a id="11" s="N" t="N.ar" l="N"/>
		<a id="12" s="N" t="N.ar" l="N"/>
		<a id="13" s="C" t="C.ar" l="C"/>
		<a id="14" s="C" t="C.ar" l="C"/>
		<a id="15" s="N" t="N.ar" l="N"/>
		<a id="16" s="C" t="C.ar" l="C"/>
		<a id="17" s="Br" t="Br" l="BR"/>
		<a id="18" s="C" t="C.ar" l="C"/>
		<a id="19" s="C" t="C.ar" l="C"/>
		<a id="20" s="C" t="C.ar" l="C"/>
		<a id="21" s="C" t="C.ar" l="C"/>
		<a id="22" s="S" t="S.2" l="S"/>
		<a id="23" s="H" t="H" l="H"/>
		<a id="24" s="H" t="H" l="H"/>
		<a id="25" s="H" t="H" l="H"/>
		<a id="26" s="H" t="H" l="H"/>
		<a id="27" s="H" t="H" l="H"/>
		<a id="28" s="H" t="H" l="H"/>
		<a id="29" s="H" t="H" l="H"/>
		<a id="30" s="H" t="H" l="H"/>
		<a id="31" s="H" t="H" l="H"/>
		<a id="32" s="H" t="H" l="H"/>
		<a id="33" s="H" t="H" l="H"/>
		<a id="34" s="H" t="H" l="H"/>
		<a id="35" s="H" t="H" l="H"/>
		<a id="36" s="H" t="H" l="H"/>
	</atoms>
	<bonds>
		<b id="1" c="1 2" t="1"/>
		<b id="2" c="2 3" t="1"/>
		<b id="3" c="2 4" t="1"/>
		<b id="4" c="2 5" t="1"/>
		<b id="5" c="5 6" t="1"/>
		<b id="6" c="6 7" t="2"/>
		<b id="7" c="6 8" t="1"/>
		<b id="8" c="8 9" t="ar"/>
		<b id="9" c="9 10" t="ar"/>
		<b id="10" c="10 11" t="1"/>
		<b id="11" c="11 12" t="ar"/>
		<b id="12" c="12 13" t="ar"/>
		<b id="13" c="13 14" t="ar"/>
		<b id="14" c="14 15" t="ar"/>
		<b id="15" c="15 16" t="ar"/>
		<b id="16" c="16 17" t="1"/>
		<b id="17" c="16 18" t="ar"/>
		<b id="18" c="18 19" t="ar"/>
		<b id="19" c="19 20" t="ar"/>
		<b id="20" c="14 20" t="ar"/>
		<b id="21" c="11 20" t="ar"/>
		<b id="22" c="10 21" t="ar"/>
		<b id="23" c="21 22" t="ar"/>
		<b id="24" c="8 22" t="ar"/>
		<b id="25" c="1 23" t="1"/>
		<b id="26" c="1 24" t="1"/>
		<b id="27" c="1 25" t="1"/>
		<b id="28" c="3 26" t="1"/>
		<b id="29" c="3 27" t="1"/>
		<b id="30" c="3 28" t="1"/>
		<b id="31" c="4 29" t="1"/>
		<b id="32" c="4 30" t="1"/>
		<b id="33" c="4 31" t="1"/>
		<b id="34" c="9 32" t="1"/>
		<b id="35" c="13 33" t="1"/>
		<b id="36" c="18 34" t="1"/>
		<b id="37" c="19 35" t="1"/>
		<b id="38" c="21 36" t="1"/>
	</bonds>
	<geometry>
		<g u="A" t="cart/3d">#36,3:4.1781,-0.4087,-1.6533;3.0686,-0.6638,-0.6345;2.4088,0.6432,-0.1982;2.0270,-1.6300,-1.1988;3.6050,-1.3645,0.5201;4.5398,-0.8081,1.2865;5.0466,0.2771,1.1340;4.9021,-1.7071,2.3913;4.4271,-2.9593,2.6736;5.0234,-3.5006,3.8324;4.7283,-4.7490,4.3745;4.8617,-4.9496,5.6966;4.5215,-6.1813,5.9676;4.1488,-6.8570,4.7789;3.7469,-8.1061,4.5499;3.5119,-8.4068,3.3050;2.9313,-10.1870,2.9796;3.6653,-7.5431,2.2072;4.0753,-6.2472,2.4242;4.3050,-5.8832,3.7508;5.9252,-2.6424,4.4093;6.0697,-1.1766,3.5490;3.7546,0.0410,-2.5470;4.6611,-1.3454,-1.9247;4.9241,0.2653,-1.2403;1.9246,1.1081,-1.0522;3.1509,1.3287,0.2015;1.6611,0.4478,0.5679;1.5534,-1.1949,-2.0733;1.2666,-1.8375,-0.4506;2.4997,-2.5670,-1.4820;3.6669,-3.4378,2.0860;4.5453,-6.5535,6.9707;3.4683,-7.9088,1.2123;4.2265,-5.5672,1.6004;6.4866,-2.8199,5.3042;</g>
	</geometry>
	<conformers/>
	<properties/>
</molecule>
