<?xml version="1.0" ?>
<!--MOLLI PACKAGE EXPERIMENTAL XML FORMAT-->
<molecule name="el994">
	<atoms>
		<a id="1" s="C" t="C.3" l="C"/>
		<a id="2" s="C" t="C.3" l="C"/>
		<a id="3" s="C" t="C.3" l="C"/>
		<a id="4" s="C" t="C.3" l="C"/>
		<a id="5" s="O" t="O.3" l="O"/>
		<a id="6" s="C" t="C.2" l="C"/>
		<a id="7" s="O" t="O.2" l="O"/>
		<a id="8" s="N" t="N.am" l="N"/>
		<a id="9" s="C" t="C.3" l="C"/>
		<a id="10" s="C" t="C.3" l="C"/>
		<a id="11" s="C" t="C.3" l="C"/>
		<a id="12" s="N" t="N.am" l="N"/>
		<a id="13" s="C" t="C.2" l="C"/>
		<a id="14" s="O" t="O.2" l="O"/>
		<a id="15" s="C" t="C.ar" l="C"/>
		<a id="16" s="C" t="C.ar" l="C"/>
		<a id="17" s="C" t="C.ar" l="C"/>
		<a id="18" s="C" t="C.ar" l="C"/>
		<a id="19" s="C" t="C.ar" l="C"/>
		<a id="20" s="Br" t="Br" l="BR"/>
		<a id="21" s="N" t="N.ar" l="N"/>
		<a id="22" s="H" t="H" l="H"/>
		<a id="23" s="H" t="H" l="H"/>
		<a id="24" s="H" t="H" l="H"/>
		<a id="25" s="H" t="H" l="H"/>
		<a id="26" s="H" t="H" l="H"/>
		<a id="27" s="H" t="H" l="H"/>
		<a id="28" s="H" t="H" l="H"/>
		<a id="29" s="H" t="H" l="H"/>
		<a id="30" s="H" t="H" l="H"/>
		<a id="31" s="H" t="H" l="H"/>
		<a id="32" s="H" t="H" l="H"/>
		<a id="33" s="H" t="H" l="H"/>
		<a id="34" s="H" t="H" l="H"/>
		<a id="35" s="H" t="H" l="H"/>
		<a id="36" s="H" t="H" l="H"/>
		<a id="37" s="H" t="H" l="H"/>
		<a id="38" s="H" t="H" l="H"/>
		<a id="39" s="H" t="H" l="H"/>
		<a id="40" s="H" t="H" l="H"/>
		<a id="41" s="H" t="H" l="H"/>
	</atoms>
	<bonds>
		<b id="1" c="1 2" t="1"/>
		<b id="2" c="2 3" t="1"/>
		<b id="3" c="2 4" t="1"/>
		<b id="4" c="2 5" t="1"/>
		<b id="5" c="5 6" t="1"/>
		<b id="6" c="6 7" t="2"/>
		<b id="7" c="6 8" t="am"/>
		<b id="8" c="8 9" t="1"/>
		<b id="9" c="9 10" t="1"/>
		<b id="10" c="10 11" t="1"/>
		<b id="11" c="11 12" t="1"/>
		<b id="12" c="12 13" t="am"/>
		<b id="13" c="13 14" t="2"/>
		<b id="14" c="13 15" t="1"/>
		<b id="15" c="15 16" t="ar"/>
		<b id="16" c="16 17" t="ar"/>
		<b id="17" c="17 18" t="ar"/>
		<b id="18" c="18 19" t="ar"/>
		<b id="19" c="19 20" t="1"/>
		<b id="20" c="19 21" t="ar"/>
		<b id="21" c="15 21" t="ar"/>
		<b id="22" c="1 22" t="1"/>
		<b id="23" c="1 23" t="1"/>
		<b id="24" c="1 24" t="1"/>
		<b id="25" c="3 25" t="1"/>
		<b id="26" c="3 26" t="1"/>
		<b id="27" c="3 27" t="1"/>
		<b id="28" c="4 28" t="1"/>
		<b id="29" c="4 29" t="1"/>
		<b id="30" c="4 30" t="1"/>
		<b id="31" c="8 31" t="1"/>
		<b id="32" c="9 32" t="1"/>
		<b id="33" c="9 33" t="1"/>
		<b id="34" c="10 34" t="1"/>
		<b id="35" c="10 35" t="1"/>
		<b id="36" c="11 36" t="1"/>
		<b id="37" c="11 37" t="1"/>
		<b id="38" c="12 38" t="1"/>
		<b id="39" c="16 39" t="1"/>
		<b id="40" c="17 40" t="1"/>
		<b id="41" c="18 41" t="1"/>
	</bonds>
	<geometry>
		<g u="A" t="cart/3d">#41,3:2.4089,1.7603,-1.9986;2.1509,2.9476,-1.0716;2.2376,4.2693,-1.8348;0.7869,2.8112,-0.3930;3.0937,2.9375,0.0277;4.4133,3.0308,-0.2119;4.9460,3.1635,-1.2863;5.0882,2.9296,0.9612;6.5139,3.1194,1.0434;6.8834,4.4817,1.6361;8.3980,4.6786,1.6486;8.7611,5.9501,2.2211;9.5428,6.0797,3.3047;10.0639,5.1574,3.9036;9.7384,7.5103,3.7198;10.6090,7.8270,4.7557;10.7711,9.1596,5.1039;10.0587,10.1280,4.4185;9.2130,9.6910,3.4083;8.1894,10.9504,2.4206;9.0534,8.4385,3.0590;1.6274,1.7059,-2.7499;2.4143,0.8359,-1.4261;3.3694,1.8713,-2.4933;1.4564,4.3063,-2.5887;3.2040,4.3571,-2.3214;2.1092,5.1057,-1.1513;-0.0008,2.8206,-1.1408;0.6307,3.6349,0.2983;0.7379,1.8789,0.1634;4.5492,2.8886,1.8105;6.8909,3.0438,0.0211;6.9524,2.3186,1.6458;6.4993,4.5566,2.6557;6.4176,5.2667,1.0370;8.7855,4.6106,0.6263;8.8800,3.9120,2.2598;8.3648,6.7957,1.8330;11.1340,7.0312,5.2548;11.4437,9.4448,5.8980;10.1485,11.1770,4.6496;</g>
	</geometry>
	<conformers/>
	<properties/>
</molecule>
