<?xml version="1.0" ?>
<!--MOLLI PACKAGE EXPERIMENTAL XML FORMAT-->
<molecule name="el999">
	<atoms>
		<a id="1" s="C" t="C.3" l="C"/>
		<a id="2" s="C" t="C.3" l="C"/>
		<a id="3" s="C" t="C.ar" l="C"/>
		<a id="4" s="C" t="C.ar" l="C"/>
		<a id="5" s="C" t="C.ar" l="C"/>
		<a id="6" s="C" t="C.ar" l="C"/>
		<a id="7" s="C" t="C.ar" l="C"/>
		<a id="8" s="C" t="C.3" l="C"/>
		<a id="9" s="C" t="C.3" l="C"/>
		<a id="10" s="C" t="C.ar" l="C"/>
		<a id="11" s="N" t="N.pl3" l="N"/>
		<a id="12" s="C" t="C.ar" l="C"/>
		<a id="13" s="C" t="C.ar" l="C"/>
		<a id="14" s="C" t="C.ar" l="C"/>
		<a id="15" s="C" t="C.ar" l="C"/>
		<a id="16" s="C" t="C.ar" l="C"/>
		<a id="17" s="Br" t="Br" l="BR"/>
		<a id="18" s="N" t="N.ar" l="N"/>
		<a id="19" s="H" t="H" l="H"/>
		<a id="20" s="H" t="H" l="H"/>
		<a id="21" s="H" t="H" l="H"/>
		<a id="22" s="H" t="H" l="H"/>
		<a id="23" s="H" t="H" l="H"/>
		<a id="24" s="H" t="H" l="H"/>
		<a id="25" s="H" t="H" l="H"/>
		<a id="26" s="H" t="H" l="H"/>
		<a id="27" s="H" t="H" l="H"/>
		<a id="28" s="H" t="H" l="H"/>
		<a id="29" s="H" t="H" l="H"/>
		<a id="30" s="H" t="H" l="H"/>
		<a id="31" s="H" t="H" l="H"/>
		<a id="32" s="H" t="H" l="H"/>
		<a id="33" s="H" t="H" l="H"/>
		<a id="34" s="H" t="H" l="H"/>
		<a id="35" s="H" t="H" l="H"/>
	</atoms>
	<bonds>
		<b id="1" c="1 2" t="1"/>
		<b id="2" c="2 3" t="1"/>
		<b id="3" c="3 4" t="ar"/>
		<b id="4" c="4 5" t="ar"/>
		<b id="5" c="5 6" t="ar"/>
		<b id="6" c="6 7" t="ar"/>
		<b id="7" c="7 8" t="1"/>
		<b id="8" c="8 9" t="1"/>
		<b id="9" c="7 10" t="ar"/>
		<b id="10" c="3 10" t="ar"/>
		<b id="11" c="10 11" t="1"/>
		<b id="12" c="11 12" t="1"/>
		<b id="13" c="12 13" t="ar"/>
		<b id="14" c="13 14" t="ar"/>
		<b id="15" c="14 15" t="ar"/>
		<b id="16" c="15 16" t="ar"/>
		<b id="17" c="16 17" t="1"/>
		<b id="18" c="16 18" t="ar"/>
		<b id="19" c="12 18" t="ar"/>
		<b id="20" c="1 19" t="1"/>
		<b id="21" c="1 20" t="1"/>
		<b id="22" c="1 21" t="1"/>
		<b id="23" c="2 22" t="1"/>
		<b id="24" c="2 23" t="1"/>
		<b id="25" c="4 24" t="1"/>
		<b id="26" c="5 25" t="1"/>
		<b id="27" c="6 26" t="1"/>
		<b id="28" c="8 27" t="1"/>
		<b id="29" c="8 28" t="1"/>
		<b id="30" c="9 29" t="1"/>
		<b id="31" c="9 30" t="1"/>
		<b id="32" c="9 31" t="1"/>
		<b id="33" c="11 32" t="1"/>
		<b id="34" c="13 33" t="1"/>
		<b id="35" c="14 34" t="1"/>
		<b id="36" c="15 35" t="1"/>
	</bonds>
	<geometry>
		<g u="A" t="cart/3d">#35,3:3.0293,1.8814,-0.8865;2.9497,0.5114,-0.2213;2.9703,0.5379,1.2820;2.5391,1.6471,1.9981;2.6032,1.6710,3.3771;3.0980,0.5835,4.0743;3.5153,-0.5520,3.3991;4.0382,-1.7767,4.1103;3.8633,-1.7756,5.6239;3.4398,-0.5648,2.0004;3.8936,-1.7175,1.3147;3.1113,-2.5314,0.5625;3.6282,-3.7182,0.0087;2.8019,-4.5018,-0.7639;1.4826,-4.1133,-0.9852;1.0878,-2.9346,-0.3870;-0.6935,-2.2971,-0.6267;1.8457,-2.1696,0.3593;3.1713,1.7585,-1.9581;3.8664,2.4537,-0.4919;2.1147,2.4487,-0.7363;3.7866,-0.1016,-0.5677;2.0329,0.0096,-0.5425;2.1549,2.5069,1.4743;2.2683,2.5449,3.9162;3.1443,0.6244,5.1502;5.1062,-1.8867,3.8848;3.5271,-2.6544,3.7012;4.4462,-0.9826,6.0865;4.2046,-2.7256,6.0307;2.8166,-1.6471,5.8895;4.7688,-2.1097,1.6300;4.6543,-3.9971,0.1932;3.1711,-5.4177,-1.2011;0.8052,-4.6957,-1.5862;</g>
	</geometry>
	<conformers/>
	<properties/>
</molecule>
