<?xml version="1.0" ?>
<!--MOLLI PACKAGE EXPERIMENTAL XML FORMAT-->
<molecule name="el1000">
	<atoms>
		<a id="1" s="C" t="C.3" l="C"/>
		<a id="2" s="N" t="N.pl3" l="N"/>
		<a id="3" s="C" t="C.ar" l="C"/>
		<a id="4" s="C" t="C.ar" l="C"/>
		<a id="5" s="C" t="C.ar" l="C"/>
		<a id="6" s="C" t="C.ar" l="C"/>
		<a id="7" s="C" t="C.ar" l="C"/>
		<a id="8" s="Br" t="Br" l="BR"/>
		<a id="9" s="N" t="N.ar" l="N"/>
		<a id="10" s="H" t="H" l="H"/>
		<a id="11" s="H" t="H" l="H"/>
		<a id="12" s="H" t="H" l="H"/>
		<a id="13" s="H" t="H" l="H"/>
		<a id="14" s="H" t="H" l="H"/>
		<a id="15" s="H" t="H" l="H"/>
		<a id="16" s="H" t="H" l="H"/>
	</atoms>
	<bonds>
		<b id="1" c="1 2" t="1"/>
		<b id="2" c="2 3" t="1"/>
		<b id="3" c="3 4" t="ar"/>
		<b id="4" c="4 5" t="ar"/>
		<b id="5" c="5 6" t="ar"/>
		<b id="6" c="6 7" t="ar"/>
		<b id="7" c="7 8" t="1"/>
		<b id="8" c="7 9" t="ar"/>
		<b id="9" c="3 9" t="ar"/>
		<b id="10" c="1 10" t="1"/>
		<b id="11" c="1 11" t="1"/>
		<b id="12" c="1 12" t="1"/>
		<b id="13" c="2 13" t="1"/>
		<b id="14" c="4 14" t="1"/>
		<b id="15" c="5 15" t="1"/>
		<b id="16" c="6 16" t="1"/>
	</bonds>
	<geometry>
		<g u="A" t="cart/3d">#16,3:1.1365,-0.2039,0.4205;2.4287,0.2236,-0.0456;3.0924,1.3081,0.4146;2.6881,2.0545,1.5353;3.4672,3.1203,1.9310;4.6246,3.4402,1.2282;4.9187,2.6381,0.1435;6.4790,2.9879,-0.8949;4.2015,1.6205,-0.2625;0.8591,-1.1185,-0.0967;0.3645,0.5512,0.2347;1.1686,-0.4116,1.4920;2.7757,-0.1437,-0.9173;1.7885,1.7999,2.0700;3.1806,3.7131,2.7870;5.2570,4.2663,1.5064;</g>
	</geometry>
	<conformers/>
	<properties/>
</molecule>
