<?xml version="1.0" ?>
<!--MOLLI PACKAGE EXPERIMENTAL XML FORMAT-->
<molecule name="el1004">
	<atoms>
		<a id="1" s="C" t="C.3" l="C"/>
		<a id="2" s="C" t="C.3" l="C"/>
		<a id="3" s="C" t="C.ar" l="C"/>
		<a id="4" s="C" t="C.ar" l="C"/>
		<a id="5" s="C" t="C.ar" l="C"/>
		<a id="6" s="C" t="C.ar" l="C"/>
		<a id="7" s="C" t="C.ar" l="C"/>
		<a id="8" s="C" t="C.3" l="C"/>
		<a id="9" s="C" t="C.3" l="C"/>
		<a id="10" s="C" t="C.ar" l="C"/>
		<a id="11" s="N" t="N.pl3" l="N"/>
		<a id="12" s="C" t="C.ar" l="C"/>
		<a id="13" s="C" t="C.ar" l="C"/>
		<a id="14" s="C" t="C.ar" l="C"/>
		<a id="15" s="C" t="C.ar" l="C"/>
		<a id="16" s="O" t="O.3" l="O"/>
		<a id="17" s="C" t="C.3" l="C"/>
		<a id="18" s="C" t="C.ar" l="C"/>
		<a id="19" s="Br" t="Br" l="BR"/>
		<a id="20" s="N" t="N.ar" l="N"/>
		<a id="21" s="H" t="H" l="H"/>
		<a id="22" s="H" t="H" l="H"/>
		<a id="23" s="H" t="H" l="H"/>
		<a id="24" s="H" t="H" l="H"/>
		<a id="25" s="H" t="H" l="H"/>
		<a id="26" s="H" t="H" l="H"/>
		<a id="27" s="H" t="H" l="H"/>
		<a id="28" s="H" t="H" l="H"/>
		<a id="29" s="H" t="H" l="H"/>
		<a id="30" s="H" t="H" l="H"/>
		<a id="31" s="H" t="H" l="H"/>
		<a id="32" s="H" t="H" l="H"/>
		<a id="33" s="H" t="H" l="H"/>
		<a id="34" s="H" t="H" l="H"/>
		<a id="35" s="H" t="H" l="H"/>
		<a id="36" s="H" t="H" l="H"/>
		<a id="37" s="H" t="H" l="H"/>
		<a id="38" s="H" t="H" l="H"/>
		<a id="39" s="H" t="H" l="H"/>
	</atoms>
	<bonds>
		<b id="1" c="1 2" t="1"/>
		<b id="2" c="2 3" t="1"/>
		<b id="3" c="3 4" t="ar"/>
		<b id="4" c="4 5" t="ar"/>
		<b id="5" c="5 6" t="ar"/>
		<b id="6" c="6 7" t="ar"/>
		<b id="7" c="7 8" t="1"/>
		<b id="8" c="8 9" t="1"/>
		<b id="9" c="7 10" t="ar"/>
		<b id="10" c="3 10" t="ar"/>
		<b id="11" c="10 11" t="1"/>
		<b id="12" c="11 12" t="1"/>
		<b id="13" c="12 13" t="ar"/>
		<b id="14" c="13 14" t="ar"/>
		<b id="15" c="14 15" t="ar"/>
		<b id="16" c="15 16" t="1"/>
		<b id="17" c="16 17" t="1"/>
		<b id="18" c="15 18" t="ar"/>
		<b id="19" c="18 19" t="1"/>
		<b id="20" c="18 20" t="ar"/>
		<b id="21" c="12 20" t="ar"/>
		<b id="22" c="1 21" t="1"/>
		<b id="23" c="1 22" t="1"/>
		<b id="24" c="1 23" t="1"/>
		<b id="25" c="2 24" t="1"/>
		<b id="26" c="2 25" t="1"/>
		<b id="27" c="4 26" t="1"/>
		<b id="28" c="5 27" t="1"/>
		<b id="29" c="6 28" t="1"/>
		<b id="30" c="8 29" t="1"/>
		<b id="31" c="8 30" t="1"/>
		<b id="32" c="9 31" t="1"/>
		<b id="33" c="9 32" t="1"/>
		<b id="34" c="9 33" t="1"/>
		<b id="35" c="11 34" t="1"/>
		<b id="36" c="13 35" t="1"/>
		<b id="37" c="14 36" t="1"/>
		<b id="38" c="17 37" t="1"/>
		<b id="39" c="17 38" t="1"/>
		<b id="40" c="17 39" t="1"/>
	</bonds>
	<geometry>
		<g u="A" t="cart/3d">#39,3:1.7574,-1.1481,0.3547;2.7474,-0.0128,0.0856;2.6979,1.0206,1.1798;2.0178,2.2101,0.9671;1.9082,3.1487,1.9752;2.5028,2.9177,3.2010;3.2125,1.7499,3.4462;3.9051,1.5142,4.7601;4.3686,2.7825,5.4701;3.2793,0.7898,2.4307;3.9830,-0.4168,2.6478;3.6083,-1.3713,3.5455;4.2634,-2.6151,3.6016;3.8575,-3.5153,4.5504;2.8157,-3.2254,5.4548;2.5607,-4.2400,6.3238;1.6547,-4.1091,7.3960;2.2355,-1.9747,5.2882;0.7810,-1.2547,6.3189;2.6148,-1.1039,4.3778;1.7948,-1.8842,-0.4458;0.7465,-0.7520,0.4156;1.9807,-1.6470,1.2948;2.4916,0.4625,-0.8633;3.7561,-0.4237,-0.0204;1.5607,2.3935,0.0053;1.3625,4.0646,1.8038;2.4164,3.6629,3.9750;4.7702,0.8698,4.5834;3.2248,0.9638,5.4152;4.9410,3.4142,4.7938;5.0030,2.5178,6.3134;3.5278,3.3536,5.8543;4.5310,-0.7528,1.8688;5.0622,-2.8495,2.9156;4.3227,-4.4843,4.6414;1.7537,-5.0387,7.9561;0.6227,-4.0077,7.0524;1.9093,-3.2698,8.0473;</g>
	</geometry>
	<conformers/>
	<properties/>
</molecule>
