<?xml version="1.0" ?>
<!--MOLLI PACKAGE EXPERIMENTAL XML FORMAT-->
<molecule name="el1009">
	<atoms>
		<a id="1" s="C" t="C.3" l="C"/>
		<a id="2" s="O" t="O.3" l="O"/>
		<a id="3" s="C" t="C.ar" l="C"/>
		<a id="4" s="C" t="C.ar" l="C"/>
		<a id="5" s="N" t="N.ar" l="N"/>
		<a id="6" s="C" t="C.ar" l="C"/>
		<a id="7" s="C" t="C.1" l="C"/>
		<a id="8" s="N" t="N.1" l="N"/>
		<a id="9" s="C" t="C.ar" l="C"/>
		<a id="10" s="Br" t="Br" l="BR"/>
		<a id="11" s="C" t="C.ar" l="C"/>
		<a id="12" s="H" t="H" l="H"/>
		<a id="13" s="H" t="H" l="H"/>
		<a id="14" s="H" t="H" l="H"/>
		<a id="15" s="H" t="H" l="H"/>
		<a id="16" s="H" t="H" l="H"/>
	</atoms>
	<bonds>
		<b id="1" c="1 2" t="1"/>
		<b id="2" c="2 3" t="1"/>
		<b id="3" c="3 4" t="ar"/>
		<b id="4" c="4 5" t="ar"/>
		<b id="5" c="5 6" t="ar"/>
		<b id="6" c="6 7" t="1"/>
		<b id="7" c="7 8" t="3"/>
		<b id="8" c="6 9" t="ar"/>
		<b id="9" c="9 10" t="1"/>
		<b id="10" c="9 11" t="ar"/>
		<b id="11" c="3 11" t="ar"/>
		<b id="12" c="1 12" t="1"/>
		<b id="13" c="1 13" t="1"/>
		<b id="14" c="1 14" t="1"/>
		<b id="15" c="4 15" t="1"/>
		<b id="16" c="11 16" t="1"/>
	</bonds>
	<geometry>
		<g u="A" t="cart/3d">#16,3:1.1209,-0.3951,0.5217;2.2656,0.2760,0.0387;2.9335,1.0960,0.8680;2.6008,1.3613,2.2035;3.2941,2.1801,2.9609;4.3629,2.7978,2.4762;5.0632,3.6734,3.3456;5.6382,4.3863,4.0329;4.7827,2.5939,1.1522;6.3161,3.4753,0.4668;4.0618,1.7384,0.3453;0.7535,-0.9837,-0.3170;0.3477,0.3112,0.8370;1.3703,-1.0616,1.3520;1.7497,0.9066,2.6886;4.3478,1.5542,-0.6783;</g>
	</geometry>
	<conformers/>
	<properties/>
</molecule>
