<?xml version="1.0" ?>
<!--MOLLI PACKAGE EXPERIMENTAL XML FORMAT-->
<molecule name="el1018">
	<atoms>
		<a id="1" s="C" t="C.3" l="C"/>
		<a id="2" s="C" t="C.3" l="C"/>
		<a id="3" s="N" t="N.pl3" l="N"/>
		<a id="4" s="C" t="C.ar" l="C"/>
		<a id="5" s="C" t="C.ar" l="C"/>
		<a id="6" s="C" t="C.ar" l="C"/>
		<a id="7" s="C" t="C.ar" l="C"/>
		<a id="8" s="C" t="C.ar" l="C"/>
		<a id="9" s="Br" t="Br" l="BR"/>
		<a id="10" s="N" t="N.ar" l="N"/>
		<a id="11" s="C" t="C.ar" l="C"/>
		<a id="12" s="C" t="C.ar" l="C"/>
		<a id="13" s="C" t="C.ar" l="C"/>
		<a id="14" s="C" t="C.ar" l="C"/>
		<a id="15" s="C" t="C.ar" l="C"/>
		<a id="16" s="C" t="C.ar" l="C"/>
		<a id="17" s="H" t="H" l="H"/>
		<a id="18" s="H" t="H" l="H"/>
		<a id="19" s="H" t="H" l="H"/>
		<a id="20" s="H" t="H" l="H"/>
		<a id="21" s="H" t="H" l="H"/>
		<a id="22" s="H" t="H" l="H"/>
		<a id="23" s="H" t="H" l="H"/>
		<a id="24" s="H" t="H" l="H"/>
		<a id="25" s="H" t="H" l="H"/>
		<a id="26" s="H" t="H" l="H"/>
		<a id="27" s="H" t="H" l="H"/>
		<a id="28" s="H" t="H" l="H"/>
		<a id="29" s="H" t="H" l="H"/>
	</atoms>
	<bonds>
		<b id="1" c="3 4" t="1"/>
		<b id="2" c="4 5" t="ar"/>
		<b id="3" c="5 6" t="ar"/>
		<b id="4" c="6 7" t="ar"/>
		<b id="5" c="7 8" t="ar"/>
		<b id="6" c="8 9" t="1"/>
		<b id="7" c="8 10" t="ar"/>
		<b id="8" c="4 10" t="ar"/>
		<b id="9" c="2 11" t="1"/>
		<b id="10" c="11 12" t="ar"/>
		<b id="11" c="12 13" t="ar"/>
		<b id="12" c="13 14" t="ar"/>
		<b id="13" c="14 15" t="ar"/>
		<b id="14" c="15 16" t="ar"/>
		<b id="15" c="11 16" t="ar"/>
		<b id="16" c="2 3" t="1"/>
		<b id="17" c="2 1" t="1"/>
		<b id="18" c="1 17" t="1"/>
		<b id="19" c="1 18" t="1"/>
		<b id="20" c="1 19" t="1"/>
		<b id="21" c="2 20" t="1"/>
		<b id="22" c="3 21" t="1"/>
		<b id="23" c="5 22" t="1"/>
		<b id="24" c="6 23" t="1"/>
		<b id="25" c="7 24" t="1"/>
		<b id="26" c="12 25" t="1"/>
		<b id="27" c="13 26" t="1"/>
		<b id="28" c="14 27" t="1"/>
		<b id="29" c="15 28" t="1"/>
		<b id="30" c="16 29" t="1"/>
	</bonds>
	<geometry>
		<g u="A" t="cart/3d">#29,3:2.8067,-0.6107,-1.6798;2.6220,-0.2083,-0.2174;1.2069,-0.1469,0.0740;0.6741,0.1802,1.2725;1.4231,0.2972,2.4564;0.7610,0.6006,3.6251;-0.6185,0.7829,3.6224;-1.2461,0.6453,2.4017;-3.1343,0.8822,2.2779;-0.6499,0.3621,1.2706;3.3190,1.1111,0.0509;4.5836,1.1344,0.6228;5.2270,2.3366,0.8576;4.6099,3.5295,0.5236;3.3498,3.5143,-0.0492;2.7086,2.3118,-0.2859;3.8647,-0.7161,-1.9040;2.3914,0.1520,-2.3349;2.3103,-1.5579,-1.8768;3.0726,-0.9828,0.4205;0.5637,-0.1065,-0.7013;2.4910,0.1621,2.4454;1.3114,0.7000,4.5491;-1.1697,1.0221,4.5159;5.0668,0.2039,0.8882;6.2093,2.3416,1.3065;5.1092,4.4685,0.7106;2.8636,4.4421,-0.3123;1.7225,2.3077,-0.7269;</g>
	</geometry>
	<conformers/>
	<properties/>
</molecule>
