<?xml version="1.0" ?>
<!--MOLLI PACKAGE EXPERIMENTAL XML FORMAT-->
<molecule name="el1020">
	<atoms>
		<a id="1" s="C" t="C.3" l="C"/>
		<a id="2" s="C" t="C.3" l="C"/>
		<a id="3" s="C" t="C.3" l="C"/>
		<a id="4" s="C" t="C.3" l="C"/>
		<a id="5" s="O" t="O.3" l="O"/>
		<a id="6" s="C" t="C.2" l="C"/>
		<a id="7" s="O" t="O.2" l="O"/>
		<a id="8" s="N" t="N.am" l="N"/>
		<a id="9" s="C" t="C.3" l="C"/>
		<a id="10" s="C" t="C.3" l="C"/>
		<a id="11" s="O" t="O.3" l="O"/>
		<a id="12" s="C" t="C.ar" l="C"/>
		<a id="13" s="C" t="C.ar" l="C"/>
		<a id="14" s="N" t="N.ar" l="N"/>
		<a id="15" s="C" t="C.ar" l="C"/>
		<a id="16" s="C" t="C.ar" l="C"/>
		<a id="17" s="Br" t="Br" l="BR"/>
		<a id="18" s="C" t="C.ar" l="C"/>
		<a id="19" s="C" t="C.3" l="C"/>
		<a id="20" s="C" t="C.ar" l="C"/>
		<a id="21" s="C" t="C.ar" l="C"/>
		<a id="22" s="C" t="C.ar" l="C"/>
		<a id="23" s="C" t="C.ar" l="C"/>
		<a id="24" s="C" t="C.ar" l="C"/>
		<a id="25" s="C" t="C.ar" l="C"/>
		<a id="26" s="H" t="H" l="H"/>
		<a id="27" s="H" t="H" l="H"/>
		<a id="28" s="H" t="H" l="H"/>
		<a id="29" s="H" t="H" l="H"/>
		<a id="30" s="H" t="H" l="H"/>
		<a id="31" s="H" t="H" l="H"/>
		<a id="32" s="H" t="H" l="H"/>
		<a id="33" s="H" t="H" l="H"/>
		<a id="34" s="H" t="H" l="H"/>
		<a id="35" s="H" t="H" l="H"/>
		<a id="36" s="H" t="H" l="H"/>
		<a id="37" s="H" t="H" l="H"/>
		<a id="38" s="H" t="H" l="H"/>
		<a id="39" s="H" t="H" l="H"/>
		<a id="40" s="H" t="H" l="H"/>
		<a id="41" s="H" t="H" l="H"/>
		<a id="42" s="H" t="H" l="H"/>
		<a id="43" s="H" t="H" l="H"/>
		<a id="44" s="H" t="H" l="H"/>
		<a id="45" s="H" t="H" l="H"/>
		<a id="46" s="H" t="H" l="H"/>
		<a id="47" s="H" t="H" l="H"/>
		<a id="48" s="H" t="H" l="H"/>
	</atoms>
	<bonds>
		<b id="1" c="1 2" t="1"/>
		<b id="2" c="2 3" t="1"/>
		<b id="3" c="2 4" t="1"/>
		<b id="4" c="2 5" t="1"/>
		<b id="5" c="5 6" t="1"/>
		<b id="6" c="6 7" t="2"/>
		<b id="7" c="6 8" t="am"/>
		<b id="8" c="10 11" t="1"/>
		<b id="9" c="11 12" t="1"/>
		<b id="10" c="12 13" t="ar"/>
		<b id="11" c="13 14" t="ar"/>
		<b id="12" c="14 15" t="ar"/>
		<b id="13" c="15 16" t="ar"/>
		<b id="14" c="16 17" t="1"/>
		<b id="15" c="16 18" t="ar"/>
		<b id="16" c="12 18" t="ar"/>
		<b id="17" c="9 19" t="1"/>
		<b id="18" c="19 20" t="1"/>
		<b id="19" c="20 21" t="ar"/>
		<b id="20" c="21 22" t="ar"/>
		<b id="21" c="22 23" t="ar"/>
		<b id="22" c="23 24" t="ar"/>
		<b id="23" c="24 25" t="ar"/>
		<b id="24" c="20 25" t="ar"/>
		<b id="25" c="9 10" t="1"/>
		<b id="26" c="9 8" t="1"/>
		<b id="27" c="1 26" t="1"/>
		<b id="28" c="1 27" t="1"/>
		<b id="29" c="1 28" t="1"/>
		<b id="30" c="3 29" t="1"/>
		<b id="31" c="3 30" t="1"/>
		<b id="32" c="3 31" t="1"/>
		<b id="33" c="4 32" t="1"/>
		<b id="34" c="4 33" t="1"/>
		<b id="35" c="4 34" t="1"/>
		<b id="36" c="8 35" t="1"/>
		<b id="37" c="9 36" t="1"/>
		<b id="38" c="10 37" t="1"/>
		<b id="39" c="10 38" t="1"/>
		<b id="40" c="13 39" t="1"/>
		<b id="41" c="15 40" t="1"/>
		<b id="42" c="18 41" t="1"/>
		<b id="43" c="19 42" t="1"/>
		<b id="44" c="19 43" t="1"/>
		<b id="45" c="21 44" t="1"/>
		<b id="46" c="22 45" t="1"/>
		<b id="47" c="23 46" t="1"/>
		<b id="48" c="24 47" t="1"/>
		<b id="49" c="25 48" t="1"/>
	</bonds>
	<geometry>
		<g u="A" t="cart/3d">#48,3:7.9172,-6.2719,-1.4051;7.3881,-5.3567,-0.3014;5.9500,-5.7173,0.0695;8.2926,-5.4247,0.9297;7.4652,-3.9699,-0.7159;6.7949,-3.5410,-1.7970;6.0757,-4.2041,-2.5067;7.0709,-2.2251,-1.9927;6.4008,-1.4081,-2.9853;4.8831,-1.4207,-2.7720;4.6233,-0.8088,-1.5191;3.3450,-0.7060,-1.1073;3.1196,-0.0897,0.1336;1.9246,0.0836,0.6497;0.8620,-0.3356,-0.0141;0.9821,-0.9581,-1.2451;-0.5700,-1.5474,-2.1725;2.2310,-1.1544,-1.8139;6.7529,-1.8888,-4.4051;6.1442,-1.0016,-5.4531;6.6655,0.2643,-5.6927;6.0866,1.0995,-6.6315;4.9773,0.6786,-7.3462;4.4546,-0.5832,-7.1205;5.0345,-1.4162,-6.1795;7.9494,-7.2965,-1.0457;8.9208,-5.9669,-1.6939;7.2706,-6.2229,-2.2767;5.9157,-6.7305,0.4597;5.3102,-5.6551,-0.8064;5.5766,-5.0332,0.8288;8.2975,-6.4334,1.3311;7.9341,-4.7399,1.6938;9.3076,-5.1435,0.6623;7.5851,-1.7688,-1.2576;6.7535,-0.3819,-2.8458;4.3978,-0.8574,-3.5783;4.5281,-2.4569,-2.7788;3.9566,0.2710,0.7133;-0.0990,-0.1687,0.4497;2.3192,-1.6405,-2.7725;6.3980,-2.9131,-4.5163;7.8407,-1.8875,-4.4976;7.5346,0.5957,-5.1423;6.5024,2.0808,-6.8075;4.5241,1.3303,-8.0782;3.5928,-0.9194,-7.6779;4.6254,-2.4011,-6.0060;</g>
	</geometry>
	<conformers/>
	<properties/>
</molecule>
