<?xml version="1.0" ?>
<!--MOLLI PACKAGE EXPERIMENTAL XML FORMAT-->
<molecule name="el1023">
	<atoms>
		<a id="1" s="N" t="N.1" l="N"/>
		<a id="2" s="C" t="C.1" l="C"/>
		<a id="3" s="C" t="C.ar" l="C"/>
		<a id="4" s="C" t="C.ar" l="C"/>
		<a id="5" s="C" t="C.ar" l="C"/>
		<a id="6" s="C" t="C.ar" l="C"/>
		<a id="7" s="N" t="N.ar" l="N"/>
		<a id="8" s="C" t="C.ar" l="C"/>
		<a id="9" s="C" t="C.ar" l="C"/>
		<a id="10" s="C" t="C.ar" l="C"/>
		<a id="11" s="C" t="C.ar" l="C"/>
		<a id="12" s="C" t="C.ar" l="C"/>
		<a id="13" s="C" t="C.ar" l="C"/>
		<a id="14" s="C" t="C.ar" l="C"/>
		<a id="15" s="C" t="C.ar" l="C"/>
		<a id="16" s="C" t="C.2" l="C"/>
		<a id="17" s="O" t="O.2" l="O"/>
		<a id="18" s="C" t="C.3" l="C"/>
		<a id="19" s="C" t="C.3" l="C"/>
		<a id="20" s="C" t="C.3" l="C"/>
		<a id="21" s="C" t="C.ar" l="C"/>
		<a id="22" s="C" t="C.ar" l="C"/>
		<a id="23" s="Br" t="Br" l="BR"/>
		<a id="24" s="H" t="H" l="H"/>
		<a id="25" s="H" t="H" l="H"/>
		<a id="26" s="H" t="H" l="H"/>
		<a id="27" s="H" t="H" l="H"/>
		<a id="28" s="H" t="H" l="H"/>
		<a id="29" s="H" t="H" l="H"/>
		<a id="30" s="H" t="H" l="H"/>
		<a id="31" s="H" t="H" l="H"/>
		<a id="32" s="H" t="H" l="H"/>
		<a id="33" s="H" t="H" l="H"/>
		<a id="34" s="H" t="H" l="H"/>
		<a id="35" s="H" t="H" l="H"/>
		<a id="36" s="H" t="H" l="H"/>
	</atoms>
	<bonds>
		<b id="1" c="1 2" t="3"/>
		<b id="2" c="2 3" t="1"/>
		<b id="3" c="3 4" t="ar"/>
		<b id="4" c="4 5" t="ar"/>
		<b id="5" c="5 6" t="ar"/>
		<b id="6" c="6 7" t="1"/>
		<b id="7" c="7 8" t="ar"/>
		<b id="8" c="8 9" t="ar"/>
		<b id="9" c="9 10" t="ar"/>
		<b id="10" c="10 11" t="ar"/>
		<b id="11" c="11 12" t="ar"/>
		<b id="12" c="12 13" t="ar"/>
		<b id="13" c="13 14" t="ar"/>
		<b id="14" c="14 15" t="ar"/>
		<b id="15" c="10 15" t="ar"/>
		<b id="16" c="7 15" t="ar"/>
		<b id="17" c="9 16" t="1"/>
		<b id="18" c="16 17" t="2"/>
		<b id="19" c="16 18" t="1"/>
		<b id="20" c="18 19" t="1"/>
		<b id="21" c="19 20" t="1"/>
		<b id="22" c="8 20" t="1"/>
		<b id="23" c="6 21" t="ar"/>
		<b id="24" c="21 22" t="ar"/>
		<b id="25" c="3 22" t="ar"/>
		<b id="26" c="22 23" t="1"/>
		<b id="27" c="4 24" t="1"/>
		<b id="28" c="5 25" t="1"/>
		<b id="29" c="11 26" t="1"/>
		<b id="30" c="12 27" t="1"/>
		<b id="31" c="13 28" t="1"/>
		<b id="32" c="14 29" t="1"/>
		<b id="33" c="18 30" t="1"/>
		<b id="34" c="18 31" t="1"/>
		<b id="35" c="19 32" t="1"/>
		<b id="36" c="19 33" t="1"/>
		<b id="37" c="20 34" t="1"/>
		<b id="38" c="20 35" t="1"/>
		<b id="39" c="21 36" t="1"/>
	</bonds>
	<geometry>
		<g u="A" t="cart/3d">#36,3:-0.0029,-2.9951,-0.0039;0.4940,-1.9627,-0.0018;1.1265,-0.6989,-0.0039;2.5002,-0.6138,-0.2470;3.1387,0.6066,-0.2465;2.4146,1.7783,-0.0118;3.0631,3.0122,-0.0140;2.9505,3.9951,0.9356;3.8003,5.0356,0.6365;4.4729,4.6958,-0.5861;5.4045,5.3560,-1.3787;5.8257,4.7387,-2.5378;5.3218,3.4956,-2.9196;4.3960,2.8224,-2.1457;3.9921,3.4249,-0.9640;3.9435,6.2182,1.4664;4.6938,7.1387,1.2204;3.0311,6.2170,2.6858;2.7692,4.8143,3.2274;2.1122,3.9339,2.1610;1.0435,1.7043,0.2271;0.4097,0.4768,0.2357;-1.4621,0.4056,0.5751;3.0556,-1.5225,-0.4246;4.2036,0.6628,-0.4061;5.7693,6.3261,-1.0821;6.5495,5.2275,-3.1724;5.6582,3.0498,-3.8436;3.9968,1.8709,-2.4641;2.0871,6.6785,2.3792;3.4760,6.8540,3.4514;2.1237,4.8714,4.1055;3.7161,4.3638,3.5330;1.1090,4.3208,1.9498;2.0077,2.9059,2.5167;0.4687,2.6031,0.3837;</g>
	</geometry>
	<conformers/>
	<properties/>
</molecule>
