<?xml version="1.0" ?>
<!--MOLLI PACKAGE EXPERIMENTAL XML FORMAT-->
<molecule name="el1027">
	<atoms>
		<a id="1" s="Br" t="Br" l="BR"/>
		<a id="2" s="C" t="C.ar" l="C"/>
		<a id="3" s="C" t="C.ar" l="C"/>
		<a id="4" s="C" t="C.ar" l="C"/>
		<a id="5" s="C" t="C.ar" l="C"/>
		<a id="6" s="C" t="C.ar" l="C"/>
		<a id="7" s="N" t="N.ar" l="N"/>
		<a id="8" s="C" t="C.ar" l="C"/>
		<a id="9" s="C" t="C.ar" l="C"/>
		<a id="10" s="C" t="C.ar" l="C"/>
		<a id="11" s="C" t="C.ar" l="C"/>
		<a id="12" s="C" t="C.ar" l="C"/>
		<a id="13" s="C" t="C.ar" l="C"/>
		<a id="14" s="C" t="C.ar" l="C"/>
		<a id="15" s="C" t="C.ar" l="C"/>
		<a id="16" s="N" t="N.ar" l="N"/>
		<a id="17" s="H" t="H" l="H"/>
		<a id="18" s="H" t="H" l="H"/>
		<a id="19" s="H" t="H" l="H"/>
		<a id="20" s="H" t="H" l="H"/>
		<a id="21" s="H" t="H" l="H"/>
		<a id="22" s="H" t="H" l="H"/>
		<a id="23" s="H" t="H" l="H"/>
		<a id="24" s="H" t="H" l="H"/>
		<a id="25" s="H" t="H" l="H"/>
	</atoms>
	<bonds>
		<b id="1" c="1 2" t="1"/>
		<b id="2" c="2 3" t="ar"/>
		<b id="3" c="3 4" t="ar"/>
		<b id="4" c="4 5" t="ar"/>
		<b id="5" c="5 6" t="ar"/>
		<b id="6" c="6 7" t="1"/>
		<b id="7" c="7 8" t="ar"/>
		<b id="8" c="8 9" t="ar"/>
		<b id="9" c="9 10" t="ar"/>
		<b id="10" c="10 11" t="ar"/>
		<b id="11" c="11 12" t="ar"/>
		<b id="12" c="12 13" t="ar"/>
		<b id="13" c="13 14" t="ar"/>
		<b id="14" c="14 15" t="ar"/>
		<b id="15" c="10 15" t="ar"/>
		<b id="16" c="7 15" t="ar"/>
		<b id="17" c="6 16" t="ar"/>
		<b id="18" c="2 16" t="ar"/>
		<b id="19" c="3 17" t="1"/>
		<b id="20" c="4 18" t="1"/>
		<b id="21" c="5 19" t="1"/>
		<b id="22" c="8 20" t="1"/>
		<b id="23" c="9 21" t="1"/>
		<b id="24" c="11 22" t="1"/>
		<b id="25" c="12 23" t="1"/>
		<b id="26" c="13 24" t="1"/>
		<b id="27" c="14 25" t="1"/>
	</bonds>
	<geometry>
		<g u="A" t="cart/3d">#25,3:-2.7352,1.9573,-2.3036;-2.1088,0.7889,-0.9376;-1.1105,1.2025,-0.0760;-0.7113,0.2782,0.8812;-1.3062,-0.9662,0.9368;-2.3206,-1.2714,0.0149;-2.9762,-2.4804,0.0039;-2.8214,-3.4879,0.9417;-3.6170,-4.5408,0.6488;-4.3307,-4.2112,-0.5440;-5.2721,-4.9006,-1.3014;-5.7821,-4.2907,-2.4273;-5.3632,-3.0148,-2.8007;-4.4301,-2.3109,-2.0638;-3.9151,-2.9160,-0.9265;-2.6920,-0.3819,-0.9020;-0.6709,2.1828,-0.1505;0.0692,0.5344,1.5818;-0.9824,-1.6806,1.6737;-2.1539,-3.3767,1.7724;-3.7006,-5.4522,1.2068;-5.5895,-5.8896,-1.0069;-6.5150,-4.8046,-3.0315;-5.7789,-2.5627,-3.6886;-4.1185,-1.3259,-2.3638;</g>
	</geometry>
	<conformers/>
	<properties/>
</molecule>
