<?xml version="1.0" ?>
<!--MOLLI PACKAGE EXPERIMENTAL XML FORMAT-->
<molecule name="el643">
	<atoms>
		<a id="1" s="C" t="C.3" l="C"/>
		<a id="2" s="C" t="C.3" l="C"/>
		<a id="3" s="C" t="C.3" l="C"/>
		<a id="4" s="C" t="C.3" l="C"/>
		<a id="5" s="C" t="C.3" l="C"/>
		<a id="6" s="O" t="O.3" l="O"/>
		<a id="7" s="C" t="C.3" l="C"/>
		<a id="8" s="C" t="C.ar" l="C"/>
		<a id="9" s="N" t="N.ar" l="N"/>
		<a id="10" s="C" t="C.ar" l="C"/>
		<a id="11" s="C" t="C.ar" l="C"/>
		<a id="12" s="C" t="C.ar" l="C"/>
		<a id="13" s="C" t="C.ar" l="C"/>
		<a id="14" s="Br" t="Br" l="BR"/>
		<a id="15" s="C" t="C.3" l="C"/>
		<a id="16" s="C" t="C.3" l="C"/>
		<a id="17" s="H" t="H" l="H"/>
		<a id="18" s="H" t="H" l="H"/>
		<a id="19" s="H" t="H" l="H"/>
		<a id="20" s="H" t="H" l="H"/>
		<a id="21" s="H" t="H" l="H"/>
		<a id="22" s="H" t="H" l="H"/>
		<a id="23" s="H" t="H" l="H"/>
		<a id="24" s="H" t="H" l="H"/>
		<a id="25" s="H" t="H" l="H"/>
		<a id="26" s="H" t="H" l="H"/>
		<a id="27" s="H" t="H" l="H"/>
		<a id="28" s="H" t="H" l="H"/>
		<a id="29" s="H" t="H" l="H"/>
		<a id="30" s="H" t="H" l="H"/>
		<a id="31" s="H" t="H" l="H"/>
		<a id="32" s="H" t="H" l="H"/>
		<a id="33" s="H" t="H" l="H"/>
		<a id="34" s="H" t="H" l="H"/>
	</atoms>
	<bonds>
		<b id="1" c="1 2" t="1"/>
		<b id="2" c="2 3" t="1"/>
		<b id="3" c="3 4" t="1"/>
		<b id="4" c="4 5" t="1"/>
		<b id="5" c="5 6" t="1"/>
		<b id="6" c="6 7" t="1"/>
		<b id="7" c="7 8" t="1"/>
		<b id="8" c="8 9" t="ar"/>
		<b id="9" c="9 10" t="ar"/>
		<b id="10" c="10 11" t="ar"/>
		<b id="11" c="11 12" t="ar"/>
		<b id="12" c="12 13" t="ar"/>
		<b id="13" c="8 13" t="ar"/>
		<b id="14" c="13 14" t="1"/>
		<b id="15" c="5 15" t="1"/>
		<b id="16" c="15 16" t="1"/>
		<b id="17" c="2 16" t="1"/>
		<b id="18" c="1 17" t="1"/>
		<b id="19" c="1 18" t="1"/>
		<b id="20" c="1 19" t="1"/>
		<b id="21" c="2 20" t="1"/>
		<b id="22" c="3 21" t="1"/>
		<b id="23" c="3 22" t="1"/>
		<b id="24" c="4 23" t="1"/>
		<b id="25" c="4 24" t="1"/>
		<b id="26" c="5 25" t="1"/>
		<b id="27" c="7 26" t="1"/>
		<b id="28" c="7 27" t="1"/>
		<b id="29" c="10 28" t="1"/>
		<b id="30" c="11 29" t="1"/>
		<b id="31" c="12 30" t="1"/>
		<b id="32" c="15 31" t="1"/>
		<b id="33" c="15 32" t="1"/>
		<b id="34" c="16 33" t="1"/>
		<b id="35" c="16 34" t="1"/>
	</bonds>
	<geometry>
		<g u="A" t="cart/3d">#34,3:2.5848,0.0679,0.1646;1.0883,0.0853,0.4628;0.3994,1.2327,-0.2757;-1.0978,1.2581,0.0154;-1.7469,-0.0713,-0.3726;-1.6404,-0.1876,-1.7808;-2.4693,-1.1543,-2.3717;-2.4220,-0.9540,-3.8605;-2.0942,-1.9987,-4.6003;-2.0066,-1.8696,-5.9125;-2.2293,-0.6716,-6.5725;-2.5840,0.4334,-5.8160;-2.6882,0.2848,-4.4426;-3.2219,1.7628,-3.3889;-1.0574,-1.2248,0.3650;0.4366,-1.2363,0.0563;3.0464,1.0050,0.4678;2.7566,-0.0695,-0.9009;3.0733,-0.7445,0.6983;0.9472,0.2272,1.5413;0.5432,1.1055,-1.3496;0.8437,2.1861,0.0175;-1.5726,2.0606,-0.5506;-1.2727,1.4338,1.0785;-2.8166,-0.0507,-0.0981;-3.5084,-1.0374,-2.0148;-2.1393,-2.1778,-2.1525;-1.7400,-2.7699,-6.4488;-2.1336,-0.5988,-7.6443;-2.7804,1.3895,-6.2784;-1.5078,-2.1773,0.0777;-1.2187,-1.0897,1.4363;0.5757,-1.3865,-1.0164;0.9144,-2.0671,0.5806;</g>
	</geometry>
	<conformers/>
	<properties/>
</molecule>
