<?xml version="1.0" ?>
<!--MOLLI PACKAGE EXPERIMENTAL XML FORMAT-->
<molecule name="el1035">
	<atoms>
		<a id="1" s="O" t="O.2" l="O"/>
		<a id="2" s="N" t="N.pl3" l="N"/>
		<a id="3" s="O" t="O.co2" l="O"/>
		<a id="4" s="C" t="C.ar" l="C"/>
		<a id="5" s="S" t="S.2" l="S"/>
		<a id="6" s="C" t="C.ar" l="C"/>
		<a id="7" s="C" t="C.ar" l="C"/>
		<a id="8" s="C" t="C.ar" l="C"/>
		<a id="9" s="C" t="C.ar" l="C"/>
		<a id="10" s="C" t="C.ar" l="C"/>
		<a id="11" s="C" t="C.ar" l="C"/>
		<a id="12" s="C" t="C.ar" l="C"/>
		<a id="13" s="Br" t="Br" l="BR"/>
		<a id="14" s="H" t="H" l="H"/>
		<a id="15" s="H" t="H" l="H"/>
		<a id="16" s="H" t="H" l="H"/>
		<a id="17" s="H" t="H" l="H"/>
	</atoms>
	<bonds>
		<b id="1" c="1 2" t="2"/>
		<b id="2" c="2 3" t="1"/>
		<b id="3" c="2 4" t="1"/>
		<b id="4" c="4 5" t="ar"/>
		<b id="5" c="5 6" t="ar"/>
		<b id="6" c="6 7" t="ar"/>
		<b id="7" c="7 8" t="ar"/>
		<b id="8" c="8 9" t="ar"/>
		<b id="9" c="9 10" t="ar"/>
		<b id="10" c="10 11" t="ar"/>
		<b id="11" c="6 11" t="ar"/>
		<b id="12" c="11 12" t="ar"/>
		<b id="13" c="4 12" t="ar"/>
		<b id="14" c="12 13" t="1"/>
		<b id="15" c="7 14" t="1"/>
		<b id="16" c="8 15" t="1"/>
		<b id="17" c="9 16" t="1"/>
		<b id="18" c="10 17" t="1"/>
	</bonds>
	<geometry>
		<g u="A" t="cart/3d">#17,3:1.1776,0.5651,-0.2235;2.2178,0.0280,0.0917;2.6984,0.0120,1.2085;2.9500,-0.6439,-0.9067;4.4315,-1.4009,-0.4002;4.7022,-1.9477,-2.0297;5.7812,-2.6954,-2.4831;5.8273,-3.0413,-3.8168;4.8162,-2.6516,-4.6994;3.7447,-1.9106,-4.2612;3.6763,-1.5492,-2.9123;2.6710,-0.7943,-2.2402;1.1624,-0.1059,-3.1059;6.5594,-2.9934,-1.7988;6.6579,-3.6227,-4.1863;4.8810,-2.9380,-5.7374;2.9580,-1.6029,-4.9327;</g>
	</geometry>
	<conformers/>
	<properties/>
</molecule>
