<?xml version="1.0" ?>
<!--MOLLI PACKAGE EXPERIMENTAL XML FORMAT-->
<molecule name="el1037">
	<atoms>
		<a id="1" s="C" t="C.3" l="C"/>
		<a id="2" s="O" t="O.3" l="O"/>
		<a id="3" s="C" t="C.2" l="C"/>
		<a id="4" s="O" t="O.2" l="O"/>
		<a id="5" s="C" t="C.ar" l="C"/>
		<a id="6" s="C" t="C.ar" l="C"/>
		<a id="7" s="C" t="C.ar" l="C"/>
		<a id="8" s="N" t="N.ar" l="N"/>
		<a id="9" s="C" t="C.ar" l="C"/>
		<a id="10" s="C" t="C.2" l="C"/>
		<a id="11" s="O" t="O.2" l="O"/>
		<a id="12" s="O" t="O.3" l="O"/>
		<a id="13" s="C" t="C.3" l="C"/>
		<a id="14" s="C" t="C.ar" l="C"/>
		<a id="15" s="Br" t="Br" l="BR"/>
		<a id="16" s="H" t="H" l="H"/>
		<a id="17" s="H" t="H" l="H"/>
		<a id="18" s="H" t="H" l="H"/>
		<a id="19" s="H" t="H" l="H"/>
		<a id="20" s="H" t="H" l="H"/>
		<a id="21" s="H" t="H" l="H"/>
		<a id="22" s="H" t="H" l="H"/>
		<a id="23" s="H" t="H" l="H"/>
	</atoms>
	<bonds>
		<b id="1" c="1 2" t="1"/>
		<b id="2" c="2 3" t="1"/>
		<b id="3" c="3 4" t="2"/>
		<b id="4" c="3 5" t="1"/>
		<b id="5" c="5 6" t="ar"/>
		<b id="6" c="6 7" t="ar"/>
		<b id="7" c="7 8" t="ar"/>
		<b id="8" c="8 9" t="ar"/>
		<b id="9" c="9 10" t="1"/>
		<b id="10" c="10 11" t="2"/>
		<b id="11" c="10 12" t="1"/>
		<b id="12" c="12 13" t="1"/>
		<b id="13" c="9 14" t="ar"/>
		<b id="14" c="5 14" t="ar"/>
		<b id="15" c="14 15" t="1"/>
		<b id="16" c="1 16" t="1"/>
		<b id="17" c="1 17" t="1"/>
		<b id="18" c="1 18" t="1"/>
		<b id="19" c="6 19" t="1"/>
		<b id="20" c="7 20" t="1"/>
		<b id="21" c="13 21" t="1"/>
		<b id="22" c="13 22" t="1"/>
		<b id="23" c="13 23" t="1"/>
	</bonds>
	<geometry>
		<g u="A" t="cart/3d">#23,3:1.2163,2.0890,-1.7386;2.6254,1.9639,-1.5935;3.0473,0.8516,-0.9845;2.3167,-0.0047,-0.5668;4.5378,0.8351,-0.8690;5.2329,2.0356,-0.7586;6.6106,1.9968,-0.6108;7.2911,0.8693,-0.5587;6.6517,-0.2835,-0.6605;7.5056,-1.5131,-0.5454;7.1536,-2.5356,-0.0192;8.7007,-1.3120,-1.0856;9.6104,-2.4014,-1.0023;5.2622,-0.3602,-0.8230;4.4142,-2.0187,-1.0610;1.0503,3.0036,-2.3012;0.7395,2.1471,-0.7581;0.8137,1.2272,-2.2741;4.6966,2.9703,-0.7866;7.1964,2.9009,-0.5248;10.5547,-2.0368,-1.3977;9.2453,-3.2443,-1.5940;9.7226,-2.7238,0.0350;</g>
	</geometry>
	<conformers/>
	<properties/>
</molecule>
