<?xml version="1.0" ?>
<!--MOLLI PACKAGE EXPERIMENTAL XML FORMAT-->
<molecule name="el644">
	<atoms>
		<a id="1" s="Br" t="Br" l="BR"/>
		<a id="2" s="C" t="C.ar" l="C"/>
		<a id="3" s="N" t="N.ar" l="N"/>
		<a id="4" s="C" t="C.ar" l="C"/>
		<a id="5" s="C" t="C.ar" l="C"/>
		<a id="6" s="C" t="C.ar" l="C"/>
		<a id="7" s="C" t="C.ar" l="C"/>
		<a id="8" s="C" t="C.3" l="C"/>
		<a id="9" s="O" t="O.3" l="O"/>
		<a id="10" s="C" t="C.3" l="C"/>
		<a id="11" s="C" t="C.3" l="C"/>
		<a id="12" s="O" t="O.3" l="O"/>
		<a id="13" s="H" t="H" l="H"/>
		<a id="14" s="H" t="H" l="H"/>
		<a id="15" s="H" t="H" l="H"/>
		<a id="16" s="H" t="H" l="H"/>
		<a id="17" s="H" t="H" l="H"/>
		<a id="18" s="H" t="H" l="H"/>
		<a id="19" s="H" t="H" l="H"/>
		<a id="20" s="H" t="H" l="H"/>
	</atoms>
	<bonds>
		<b id="1" c="1 2" t="1"/>
		<b id="2" c="2 3" t="ar"/>
		<b id="3" c="3 4" t="ar"/>
		<b id="4" c="4 5" t="ar"/>
		<b id="5" c="5 6" t="ar"/>
		<b id="6" c="6 7" t="ar"/>
		<b id="7" c="2 7" t="ar"/>
		<b id="8" c="7 8" t="1"/>
		<b id="9" c="8 9" t="1"/>
		<b id="10" c="9 10" t="1"/>
		<b id="11" c="10 11" t="1"/>
		<b id="12" c="11 12" t="1"/>
		<b id="13" c="8 12" t="1"/>
		<b id="14" c="4 13" t="1"/>
		<b id="15" c="5 14" t="1"/>
		<b id="16" c="6 15" t="1"/>
		<b id="17" c="8 16" t="1"/>
		<b id="18" c="10 17" t="1"/>
		<b id="19" c="10 18" t="1"/>
		<b id="20" c="11 19" t="1"/>
		<b id="21" c="11 20" t="1"/>
	</bonds>
	<geometry>
		<g u="A" t="cart/3d">#20,3:1.4232,0.1807,0.7682;-0.4200,0.1151,0.3467;-0.9815,-1.0592,0.5004;-2.2661,-1.1882,0.2183;-3.0414,-0.1318,-0.2316;-2.4384,1.1076,-0.3864;-1.0886,1.2521,-0.0992;-0.3870,2.5749,-0.2199;-0.1357,3.0979,1.0598;0.0519,4.4826,0.8733;-0.7304,4.7951,-0.4240;-1.1744,3.5314,-0.8789;-2.6730,-2.1793,0.3628;-4.0877,-0.2693,-0.4520;-2.9899,1.9683,-0.7317;0.5742,2.4455,-0.7671;1.1186,4.7095,0.7542;-0.3393,4.9953,1.7519;-0.0858,5.2648,-1.1761;-1.6103,5.4189,-0.2549;</g>
	</geometry>
	<conformers/>
	<properties/>
</molecule>
