<?xml version="1.0" ?>
<!--MOLLI PACKAGE EXPERIMENTAL XML FORMAT-->
<molecule name="el1041">
	<atoms>
		<a id="1" s="C" t="C.3" l="C"/>
		<a id="2" s="C" t="C.3" l="C"/>
		<a id="3" s="C" t="C.3" l="C"/>
		<a id="4" s="C" t="C.3" l="C"/>
		<a id="5" s="O" t="O.3" l="O"/>
		<a id="6" s="C" t="C.2" l="C"/>
		<a id="7" s="O" t="O.2" l="O"/>
		<a id="8" s="C" t="C.3" l="C"/>
		<a id="9" s="C" t="C.3" l="C"/>
		<a id="10" s="C" t="C.ar" l="C"/>
		<a id="11" s="C" t="C.ar" l="C"/>
		<a id="12" s="C" t="C.ar" l="C"/>
		<a id="13" s="C" t="C.ar" l="C"/>
		<a id="14" s="F" t="F" l="F"/>
		<a id="15" s="C" t="C.ar" l="C"/>
		<a id="16" s="Br" t="Br" l="BR"/>
		<a id="17" s="C" t="C.ar" l="C"/>
		<a id="18" s="C" t="C.3" l="C"/>
		<a id="19" s="C" t="C.3" l="C"/>
		<a id="20" s="H" t="H" l="H"/>
		<a id="21" s="H" t="H" l="H"/>
		<a id="22" s="H" t="H" l="H"/>
		<a id="23" s="H" t="H" l="H"/>
		<a id="24" s="H" t="H" l="H"/>
		<a id="25" s="H" t="H" l="H"/>
		<a id="26" s="H" t="H" l="H"/>
		<a id="27" s="H" t="H" l="H"/>
		<a id="28" s="H" t="H" l="H"/>
		<a id="29" s="H" t="H" l="H"/>
		<a id="30" s="H" t="H" l="H"/>
		<a id="31" s="H" t="H" l="H"/>
		<a id="32" s="H" t="H" l="H"/>
		<a id="33" s="H" t="H" l="H"/>
		<a id="34" s="H" t="H" l="H"/>
		<a id="35" s="H" t="H" l="H"/>
		<a id="36" s="H" t="H" l="H"/>
		<a id="37" s="H" t="H" l="H"/>
	</atoms>
	<bonds>
		<b id="1" c="1 2" t="1"/>
		<b id="2" c="2 3" t="1"/>
		<b id="3" c="2 4" t="1"/>
		<b id="4" c="2 5" t="1"/>
		<b id="5" c="5 6" t="1"/>
		<b id="6" c="6 7" t="2"/>
		<b id="7" c="6 8" t="1"/>
		<b id="8" c="8 9" t="1"/>
		<b id="9" c="9 10" t="1"/>
		<b id="10" c="10 11" t="ar"/>
		<b id="11" c="11 12" t="ar"/>
		<b id="12" c="12 13" t="ar"/>
		<b id="13" c="13 14" t="1"/>
		<b id="14" c="13 15" t="ar"/>
		<b id="15" c="15 16" t="1"/>
		<b id="16" c="15 17" t="ar"/>
		<b id="17" c="10 17" t="ar"/>
		<b id="18" c="8 18" t="1"/>
		<b id="19" c="18 19" t="1"/>
		<b id="20" c="8 19" t="1"/>
		<b id="21" c="1 20" t="1"/>
		<b id="22" c="1 21" t="1"/>
		<b id="23" c="1 22" t="1"/>
		<b id="24" c="3 23" t="1"/>
		<b id="25" c="3 24" t="1"/>
		<b id="26" c="3 25" t="1"/>
		<b id="27" c="4 26" t="1"/>
		<b id="28" c="4 27" t="1"/>
		<b id="29" c="4 28" t="1"/>
		<b id="30" c="9 29" t="1"/>
		<b id="31" c="9 30" t="1"/>
		<b id="32" c="11 31" t="1"/>
		<b id="33" c="12 32" t="1"/>
		<b id="34" c="17 33" t="1"/>
		<b id="35" c="18 34" t="1"/>
		<b id="36" c="18 35" t="1"/>
		<b id="37" c="19 36" t="1"/>
		<b id="38" c="19 37" t="1"/>
	</bonds>
	<geometry>
		<g u="A" t="cart/3d">#37,3:4.8494,0.9104,1.1114;3.6102,0.7713,0.2291;2.6916,-0.3372,0.7407;2.8609,2.1003,0.1430;3.9965,0.4935,-1.1440;4.7097,-0.5754,-1.4683;5.1121,-1.4225,-0.7130;5.0040,-0.5780,-2.9517;6.3951,-0.0245,-3.2328;6.5901,1.2841,-2.5184;7.5556,1.4283,-1.5304;7.6925,2.6199,-0.8398;6.8490,3.6753,-1.1323;6.9712,4.8277,-0.4512;5.8763,3.5468,-2.1137;4.7066,4.9967,-2.4921;5.7535,2.3560,-2.8057;3.8800,-0.3503,-3.9165;4.4764,-1.7192,-3.7699;4.5489,1.1975,2.1150;5.5122,1.6739,0.7093;5.3890,-0.0311,1.1610;2.3423,-0.0911,1.7393;3.2258,-1.2829,0.7780;1.8311,-0.4434,0.0832;2.5023,2.3892,1.1262;2.0138,2.0102,-0.5316;3.5185,2.8784,-0.2343;6.5130,0.1115,-4.3103;7.1424,-0.7440,-2.8909;8.2032,0.5997,-1.2883;8.4369,2.7424,-0.0692;4.9878,2.2604,-3.5585;4.0872,0.1974,-4.8241;2.8934,-0.1718,-3.5175;5.0981,-2.0978,-4.5673;3.9050,-2.4826,-3.2648;</g>
	</geometry>
	<conformers/>
	<properties/>
</molecule>
