<?xml version="1.0" ?>
<!--MOLLI PACKAGE EXPERIMENTAL XML FORMAT-->
<molecule name="el1049">
	<atoms>
		<a id="1" s="C" t="C.3" l="C"/>
		<a id="2" s="O" t="O.3" l="O"/>
		<a id="3" s="C" t="C.ar" l="C"/>
		<a id="4" s="C" t="C.ar" l="C"/>
		<a id="5" s="C" t="C.ar" l="C"/>
		<a id="6" s="N" t="N.ar" l="N"/>
		<a id="7" s="C" t="C.ar" l="C"/>
		<a id="8" s="C" t="C.3" l="C"/>
		<a id="9" s="C" t="C.3" l="C"/>
		<a id="10" s="C" t="C.3" l="C"/>
		<a id="11" s="C" t="C.3" l="C"/>
		<a id="12" s="C" t="C.2" l="C"/>
		<a id="13" s="O" t="O.2" l="O"/>
		<a id="14" s="O" t="O.3" l="O"/>
		<a id="15" s="C" t="C.3" l="C"/>
		<a id="16" s="C" t="C.3" l="C"/>
		<a id="17" s="C" t="C.3" l="C"/>
		<a id="18" s="S" t="S.2" l="S"/>
		<a id="19" s="C" t="C.ar" l="C"/>
		<a id="20" s="C" t="C.ar" l="C"/>
		<a id="21" s="C" t="C.ar" l="C"/>
		<a id="22" s="Br" t="Br" l="BR"/>
		<a id="23" s="H" t="H" l="H"/>
		<a id="24" s="H" t="H" l="H"/>
		<a id="25" s="H" t="H" l="H"/>
		<a id="26" s="H" t="H" l="H"/>
		<a id="27" s="H" t="H" l="H"/>
		<a id="28" s="H" t="H" l="H"/>
		<a id="29" s="H" t="H" l="H"/>
		<a id="30" s="H" t="H" l="H"/>
		<a id="31" s="H" t="H" l="H"/>
		<a id="32" s="H" t="H" l="H"/>
		<a id="33" s="H" t="H" l="H"/>
		<a id="34" s="H" t="H" l="H"/>
		<a id="35" s="H" t="H" l="H"/>
		<a id="36" s="H" t="H" l="H"/>
		<a id="37" s="H" t="H" l="H"/>
		<a id="38" s="H" t="H" l="H"/>
		<a id="39" s="H" t="H" l="H"/>
		<a id="40" s="H" t="H" l="H"/>
	</atoms>
	<bonds>
		<b id="1" c="1 2" t="1"/>
		<b id="2" c="2 3" t="1"/>
		<b id="3" c="3 4" t="ar"/>
		<b id="4" c="4 5" t="ar"/>
		<b id="5" c="5 6" t="ar"/>
		<b id="6" c="6 7" t="ar"/>
		<b id="7" c="8 9" t="1"/>
		<b id="8" c="9 10" t="1"/>
		<b id="9" c="10 11" t="1"/>
		<b id="10" c="12 13" t="2"/>
		<b id="11" c="12 14" t="1"/>
		<b id="12" c="14 15" t="1"/>
		<b id="13" c="11 16" t="1"/>
		<b id="14" c="16 17" t="1"/>
		<b id="15" c="8 17" t="1"/>
		<b id="16" c="7 18" t="ar"/>
		<b id="17" c="18 19" t="ar"/>
		<b id="18" c="5 19" t="ar"/>
		<b id="19" c="19 20" t="ar"/>
		<b id="20" c="20 21" t="ar"/>
		<b id="21" c="3 21" t="ar"/>
		<b id="22" c="21 22" t="1"/>
		<b id="23" c="11 12" t="1"/>
		<b id="24" c="8 7" t="1"/>
		<b id="25" c="1 23" t="1"/>
		<b id="26" c="1 24" t="1"/>
		<b id="27" c="1 25" t="1"/>
		<b id="28" c="4 26" t="1"/>
		<b id="29" c="8 27" t="1"/>
		<b id="30" c="9 28" t="1"/>
		<b id="31" c="9 29" t="1"/>
		<b id="32" c="10 30" t="1"/>
		<b id="33" c="10 31" t="1"/>
		<b id="34" c="11 32" t="1"/>
		<b id="35" c="15 33" t="1"/>
		<b id="36" c="15 34" t="1"/>
		<b id="37" c="15 35" t="1"/>
		<b id="38" c="16 36" t="1"/>
		<b id="39" c="16 37" t="1"/>
		<b id="40" c="17 38" t="1"/>
		<b id="41" c="17 39" t="1"/>
		<b id="42" c="20 40" t="1"/>
	</bonds>
	<geometry>
		<g u="A" t="cart/3d">#40,3:12.1077,5.9425,4.9363;11.3016,5.9498,3.7850;10.4395,4.9258,3.5856;10.2911,3.8284,4.4148;9.3576,2.8494,4.0820;9.1093,1.7224,4.8051;8.1988,0.9901,4.2857;7.7029,-0.3133,4.8025;8.7490,-1.4200,4.5881;9.9700,-1.2126,5.4744;9.5837,-1.1771,6.9614;9.1223,-2.5530,7.3943;8.0295,-3.0337,7.2422;10.1350,-3.2198,7.9676;9.8592,-4.5505,8.3831;8.5310,-0.0897,7.1952;7.3180,-0.2525,6.2865;7.5093,1.6160,2.7769;8.5750,2.9776,2.9140;8.7174,4.0712,2.0762;9.6459,5.0246,2.4261;9.8943,6.5495,1.3302;12.6906,6.8605,4.8899;12.7836,5.0820,4.9471;11.5019,5.9416,5.8479;10.8739,3.7048,5.3117;6.8102,-0.5705,4.2218;9.0529,-1.4435,3.5391;8.2760,-2.3732,4.8281;10.4376,-0.2580,5.2278;10.6965,-2.0089,5.2988;10.4796,-0.9508,7.5474;10.8121,-4.9838,8.6756;9.4114,-5.1182,7.5648;9.1662,-4.5459,9.2272;8.9982,0.8754,6.9956;8.2045,-0.1100,8.2369;6.6269,0.5764,6.4528;6.8063,-1.1821,6.5350;8.1241,4.1774,1.1824;</g>
	</geometry>
	<conformers/>
	<properties/>
</molecule>
