<?xml version="1.0" ?>
<!--MOLLI PACKAGE EXPERIMENTAL XML FORMAT-->
<molecule name="el1053">
	<atoms>
		<a id="1" s="C" t="C.3" l="C"/>
		<a id="2" s="C" t="C.3" l="C"/>
		<a id="3" s="C" t="C.ar" l="C"/>
		<a id="4" s="C" t="C.ar" l="C"/>
		<a id="5" s="Br" t="Br" l="BR"/>
		<a id="6" s="C" t="C.ar" l="C"/>
		<a id="7" s="C" t="C.ar" l="C"/>
		<a id="8" s="O" t="O.2" l="O"/>
		<a id="9" s="C" t="C.ar" l="C"/>
		<a id="10" s="C" t="C.ar" l="C"/>
		<a id="11" s="C" t="C.ar" l="C"/>
		<a id="12" s="C" t="C.ar" l="C"/>
		<a id="13" s="C" t="C.2" l="C"/>
		<a id="14" s="O" t="O.2" l="O"/>
		<a id="15" s="O" t="O.3" l="O"/>
		<a id="16" s="C" t="C.3" l="C"/>
		<a id="17" s="H" t="H" l="H"/>
		<a id="18" s="H" t="H" l="H"/>
		<a id="19" s="H" t="H" l="H"/>
		<a id="20" s="H" t="H" l="H"/>
		<a id="21" s="H" t="H" l="H"/>
		<a id="22" s="H" t="H" l="H"/>
		<a id="23" s="H" t="H" l="H"/>
		<a id="24" s="H" t="H" l="H"/>
		<a id="25" s="H" t="H" l="H"/>
		<a id="26" s="H" t="H" l="H"/>
		<a id="27" s="H" t="H" l="H"/>
	</atoms>
	<bonds>
		<b id="1" c="1 2" t="1"/>
		<b id="2" c="2 3" t="1"/>
		<b id="3" c="3 4" t="ar"/>
		<b id="4" c="4 5" t="1"/>
		<b id="5" c="4 6" t="ar"/>
		<b id="6" c="6 7" t="ar"/>
		<b id="7" c="7 8" t="ar"/>
		<b id="8" c="8 9" t="ar"/>
		<b id="9" c="9 10" t="ar"/>
		<b id="10" c="10 11" t="ar"/>
		<b id="11" c="7 11" t="ar"/>
		<b id="12" c="11 12" t="ar"/>
		<b id="13" c="3 12" t="ar"/>
		<b id="14" c="12 13" t="1"/>
		<b id="15" c="13 14" t="2"/>
		<b id="16" c="13 15" t="1"/>
		<b id="17" c="15 16" t="1"/>
		<b id="18" c="1 17" t="1"/>
		<b id="19" c="1 18" t="1"/>
		<b id="20" c="1 19" t="1"/>
		<b id="21" c="2 20" t="1"/>
		<b id="22" c="2 21" t="1"/>
		<b id="23" c="6 22" t="1"/>
		<b id="24" c="9 23" t="1"/>
		<b id="25" c="10 24" t="1"/>
		<b id="26" c="16 25" t="1"/>
		<b id="27" c="16 26" t="1"/>
		<b id="28" c="16 27" t="1"/>
	</bonds>
	<geometry>
		<g u="A" t="cart/3d">#27,3:1.2265,-0.3962,0.5007;2.4953,0.1319,-0.1729;2.9378,1.4290,0.4414;2.3601,2.6399,0.0231;1.0075,2.6375,-1.3193;2.7100,3.8800,0.5207;3.7050,3.9045,1.4807;4.2283,4.9784,2.1057;5.1766,4.5018,2.9464;5.2869,3.1535,2.8955;4.3274,2.7234,1.9304;3.9267,1.4791,1.4217;4.6345,0.2888,1.9695;5.8216,0.2484,2.1726;3.8064,-0.7219,2.2617;4.4085,-1.8818,2.8177;0.9238,-1.3310,0.0365;0.4101,0.3146,0.4011;1.4104,-0.5718,1.5569;2.2995,0.2805,-1.2372;3.2868,-0.6109,-0.0813;2.2381,4.7841,0.1714;5.7047,5.2321,3.5283;5.9634,2.5327,3.4438;3.6197,-2.6255,2.8957;4.8228,-1.6580,3.8028;5.2137,-2.2386,2.1723;</g>
	</geometry>
	<conformers/>
	<properties/>
</molecule>
