<?xml version="1.0" ?>
<!--MOLLI PACKAGE EXPERIMENTAL XML FORMAT-->
<molecule name="el1054">
	<atoms>
		<a id="1" s="C" t="C.3" l="C"/>
		<a id="2" s="C" t="C.3" l="C"/>
		<a id="3" s="O" t="O.3" l="O"/>
		<a id="4" s="C" t="C.2" l="C"/>
		<a id="5" s="O" t="O.2" l="O"/>
		<a id="6" s="N" t="N.am" l="N"/>
		<a id="7" s="C" t="C.3" l="C"/>
		<a id="8" s="C" t="C.3" l="C"/>
		<a id="9" s="C" t="C.3" l="C"/>
		<a id="10" s="N" t="N.3" l="N"/>
		<a id="11" s="S" t="S.O2" l="S"/>
		<a id="12" s="O" t="O.2" l="O"/>
		<a id="13" s="O" t="O.2" l="O"/>
		<a id="14" s="C" t="C.ar" l="C"/>
		<a id="15" s="C" t="C.ar" l="C"/>
		<a id="16" s="C" t="C.ar" l="C"/>
		<a id="17" s="C" t="C.ar" l="C"/>
		<a id="18" s="Br" t="Br" l="BR"/>
		<a id="19" s="C" t="C.ar" l="C"/>
		<a id="20" s="C" t="C.ar" l="C"/>
		<a id="21" s="C" t="C.ar" l="C"/>
		<a id="22" s="C" t="C.ar" l="C"/>
		<a id="23" s="C" t="C.ar" l="C"/>
		<a id="24" s="C" t="C.ar" l="C"/>
		<a id="25" s="C" t="C.3" l="C"/>
		<a id="26" s="C" t="C.3" l="C"/>
		<a id="27" s="H" t="H" l="H"/>
		<a id="28" s="H" t="H" l="H"/>
		<a id="29" s="H" t="H" l="H"/>
		<a id="30" s="H" t="H" l="H"/>
		<a id="31" s="H" t="H" l="H"/>
		<a id="32" s="H" t="H" l="H"/>
		<a id="33" s="H" t="H" l="H"/>
		<a id="34" s="H" t="H" l="H"/>
		<a id="35" s="H" t="H" l="H"/>
		<a id="36" s="H" t="H" l="H"/>
		<a id="37" s="H" t="H" l="H"/>
		<a id="38" s="H" t="H" l="H"/>
		<a id="39" s="H" t="H" l="H"/>
		<a id="40" s="H" t="H" l="H"/>
		<a id="41" s="H" t="H" l="H"/>
		<a id="42" s="H" t="H" l="H"/>
		<a id="43" s="H" t="H" l="H"/>
		<a id="44" s="H" t="H" l="H"/>
		<a id="45" s="H" t="H" l="H"/>
		<a id="46" s="H" t="H" l="H"/>
		<a id="47" s="H" t="H" l="H"/>
	</atoms>
	<bonds>
		<b id="1" c="1 2" t="1"/>
		<b id="2" c="2 3" t="1"/>
		<b id="3" c="3 4" t="1"/>
		<b id="4" c="4 5" t="2"/>
		<b id="5" c="4 6" t="am"/>
		<b id="6" c="6 7" t="1"/>
		<b id="7" c="7 8" t="1"/>
		<b id="8" c="8 9" t="1"/>
		<b id="9" c="9 10" t="1"/>
		<b id="10" c="10 11" t="1"/>
		<b id="11" c="11 12" t="2"/>
		<b id="12" c="11 13" t="2"/>
		<b id="13" c="11 14" t="1"/>
		<b id="14" c="14 15" t="ar"/>
		<b id="15" c="15 16" t="ar"/>
		<b id="16" c="16 17" t="ar"/>
		<b id="17" c="17 18" t="1"/>
		<b id="18" c="17 19" t="ar"/>
		<b id="19" c="19 20" t="ar"/>
		<b id="20" c="20 21" t="ar"/>
		<b id="21" c="21 22" t="ar"/>
		<b id="22" c="22 23" t="ar"/>
		<b id="23" c="23 24" t="ar"/>
		<b id="24" c="14 24" t="ar"/>
		<b id="25" c="19 24" t="ar"/>
		<b id="26" c="9 25" t="1"/>
		<b id="27" c="25 26" t="1"/>
		<b id="28" c="6 26" t="1"/>
		<b id="29" c="1 27" t="1"/>
		<b id="30" c="1 28" t="1"/>
		<b id="31" c="1 29" t="1"/>
		<b id="32" c="2 30" t="1"/>
		<b id="33" c="2 31" t="1"/>
		<b id="34" c="7 32" t="1"/>
		<b id="35" c="7 33" t="1"/>
		<b id="36" c="8 34" t="1"/>
		<b id="37" c="8 35" t="1"/>
		<b id="38" c="9 36" t="1"/>
		<b id="39" c="10 37" t="1"/>
		<b id="40" c="15 38" t="1"/>
		<b id="41" c="16 39" t="1"/>
		<b id="42" c="20 40" t="1"/>
		<b id="43" c="21 41" t="1"/>
		<b id="44" c="22 42" t="1"/>
		<b id="45" c="23 43" t="1"/>
		<b id="46" c="25 44" t="1"/>
		<b id="47" c="25 45" t="1"/>
		<b id="48" c="26 46" t="1"/>
		<b id="49" c="26 47" t="1"/>
	</bonds>
	<geometry>
		<g u="A" t="cart/3d">#47,3:1.3943,0.2254,0.7515;2.2952,-0.6379,-0.1201;3.0090,-1.6001,0.6545;4.1236,-1.1418,1.2728;4.5594,-0.0223,1.1361;4.6889,-2.0788,2.0663;5.9119,-1.7813,2.7771;7.0251,-2.7318,2.3394;6.5925,-4.1896,2.5104;6.3809,-4.4782,3.9220;7.7153,-4.4547,4.9403;7.4298,-5.4001,5.9802;8.9259,-4.6064,4.1852;7.6814,-2.7920,5.6070;8.7928,-2.0202,5.4268;8.8116,-0.6948,5.8779;7.6990,-0.1746,6.4837;7.7623,1.6362,7.0483;6.5273,-0.9396,6.6961;5.3656,-0.4294,7.3084;4.2665,-1.2214,7.4935;4.2850,-2.5650,7.0927;5.3941,-3.0940,6.4918;6.5343,-2.2984,6.2608;5.2870,-4.4204,1.7444;4.2171,-3.4339,2.2194;0.8228,0.9046,0.1255;2.0005,0.8070,1.4414;0.7085,-0.3983,1.3203;3.0130,-0.0095,-0.6569;1.7112,-1.2277,-0.8299;5.7290,-1.8927,3.8510;6.1776,-0.7455,2.5599;7.9278,-2.5484,2.9194;7.2527,-2.5616,1.2859;7.3858,-4.8412,2.1135;5.8891,-5.3492,4.0640;9.6500,-2.4456,4.9291;9.6931,-0.0887,5.7379;5.3514,0.6000,7.6334;3.3819,-0.8157,7.9601;3.4163,-3.1818,7.2661;5.4322,-4.1296,6.2003;4.9344,-5.4424,1.8920;5.4737,-4.2716,0.6802;4.0097,-3.6107,3.2815;3.2995,-3.5560,1.6461;</g>
	</geometry>
	<conformers/>
	<properties/>
</molecule>
