<?xml version="1.0" ?>
<!--MOLLI PACKAGE EXPERIMENTAL XML FORMAT-->
<molecule name="el1055">
	<atoms>
		<a id="1" s="C" t="C.3" l="C"/>
		<a id="2" s="O" t="O.3" l="O"/>
		<a id="3" s="C" t="C.ar" l="C"/>
		<a id="4" s="C" t="C.ar" l="C"/>
		<a id="5" s="C" t="C.3" l="C"/>
		<a id="6" s="C" t="C.3" l="C"/>
		<a id="7" s="C" t="C.3" l="C"/>
		<a id="8" s="C" t="C.3" l="C"/>
		<a id="9" s="C" t="C.ar" l="C"/>
		<a id="10" s="C" t="C.ar" l="C"/>
		<a id="11" s="Br" t="Br" l="BR"/>
		<a id="12" s="C" t="C.ar" l="C"/>
		<a id="13" s="C" t="C.ar" l="C"/>
		<a id="14" s="C" t="C.ar" l="C"/>
		<a id="15" s="C" t="C.ar" l="C"/>
		<a id="16" s="C" t="C.ar" l="C"/>
		<a id="17" s="C" t="C.ar" l="C"/>
		<a id="18" s="C" t="C.ar" l="C"/>
		<a id="19" s="C" t="C.ar" l="C"/>
		<a id="20" s="N" t="N.pl3" l="N"/>
		<a id="21" s="S" t="S.O2" l="S"/>
		<a id="22" s="C" t="C.3" l="C"/>
		<a id="23" s="O" t="O.2" l="O"/>
		<a id="24" s="O" t="O.2" l="O"/>
		<a id="25" s="C" t="C.ar" l="C"/>
		<a id="26" s="C" t="C.ar" l="C"/>
		<a id="27" s="C" t="C.ar" l="C"/>
		<a id="28" s="C" t="C.ar" l="C"/>
		<a id="29" s="H" t="H" l="H"/>
		<a id="30" s="H" t="H" l="H"/>
		<a id="31" s="H" t="H" l="H"/>
		<a id="32" s="H" t="H" l="H"/>
		<a id="33" s="H" t="H" l="H"/>
		<a id="34" s="H" t="H" l="H"/>
		<a id="35" s="H" t="H" l="H"/>
		<a id="36" s="H" t="H" l="H"/>
		<a id="37" s="H" t="H" l="H"/>
		<a id="38" s="H" t="H" l="H"/>
		<a id="39" s="H" t="H" l="H"/>
		<a id="40" s="H" t="H" l="H"/>
		<a id="41" s="H" t="H" l="H"/>
		<a id="42" s="H" t="H" l="H"/>
		<a id="43" s="H" t="H" l="H"/>
		<a id="44" s="H" t="H" l="H"/>
		<a id="45" s="H" t="H" l="H"/>
		<a id="46" s="H" t="H" l="H"/>
		<a id="47" s="H" t="H" l="H"/>
		<a id="48" s="H" t="H" l="H"/>
		<a id="49" s="H" t="H" l="H"/>
		<a id="50" s="H" t="H" l="H"/>
		<a id="51" s="H" t="H" l="H"/>
		<a id="52" s="H" t="H" l="H"/>
	</atoms>
	<bonds>
		<b id="1" c="1 2" t="1"/>
		<b id="2" c="2 3" t="1"/>
		<b id="3" c="3 4" t="ar"/>
		<b id="4" c="4 5" t="1"/>
		<b id="5" c="5 6" t="1"/>
		<b id="6" c="5 7" t="1"/>
		<b id="7" c="5 8" t="1"/>
		<b id="8" c="4 9" t="ar"/>
		<b id="9" c="9 10" t="ar"/>
		<b id="10" c="10 11" t="1"/>
		<b id="11" c="10 12" t="ar"/>
		<b id="12" c="12 13" t="ar"/>
		<b id="13" c="13 14" t="ar"/>
		<b id="14" c="14 15" t="ar"/>
		<b id="15" c="15 16" t="1"/>
		<b id="16" c="16 17" t="ar"/>
		<b id="17" c="17 18" t="ar"/>
		<b id="18" c="18 19" t="ar"/>
		<b id="19" c="19 20" t="1"/>
		<b id="20" c="20 21" t="1"/>
		<b id="21" c="21 22" t="1"/>
		<b id="22" c="21 23" t="2"/>
		<b id="23" c="21 24" t="2"/>
		<b id="24" c="19 25" t="ar"/>
		<b id="25" c="25 26" t="ar"/>
		<b id="26" c="16 26" t="ar"/>
		<b id="27" c="15 27" t="ar"/>
		<b id="28" c="27 28" t="ar"/>
		<b id="29" c="3 28" t="ar"/>
		<b id="30" c="12 28" t="ar"/>
		<b id="31" c="1 29" t="1"/>
		<b id="32" c="1 30" t="1"/>
		<b id="33" c="1 31" t="1"/>
		<b id="34" c="6 32" t="1"/>
		<b id="35" c="6 33" t="1"/>
		<b id="36" c="6 34" t="1"/>
		<b id="37" c="7 35" t="1"/>
		<b id="38" c="7 36" t="1"/>
		<b id="39" c="7 37" t="1"/>
		<b id="40" c="8 38" t="1"/>
		<b id="41" c="8 39" t="1"/>
		<b id="42" c="8 40" t="1"/>
		<b id="43" c="9 41" t="1"/>
		<b id="44" c="13 42" t="1"/>
		<b id="45" c="14 43" t="1"/>
		<b id="46" c="17 44" t="1"/>
		<b id="47" c="18 45" t="1"/>
		<b id="48" c="20 46" t="1"/>
		<b id="49" c="22 47" t="1"/>
		<b id="50" c="22 48" t="1"/>
		<b id="51" c="22 49" t="1"/>
		<b id="52" c="25 50" t="1"/>
		<b id="53" c="26 51" t="1"/>
		<b id="54" c="27 52" t="1"/>
	</bonds>
	<geometry>
		<g u="A" t="cart/3d">#52,3:3.6791,1.4671,-0.5910;2.7467,0.4023,-0.5130;3.2360,-0.8229,-0.9307;2.7603,-1.4262,-2.0838;1.5763,-0.8660,-2.8639;1.8872,0.5417,-3.3918;1.1928,-1.7411,-4.0623;0.3701,-0.8075,-1.9151;3.3904,-2.6151,-2.4968;4.4195,-3.1727,-1.7922;5.2497,-4.7357,-2.5116;4.8525,-2.6484,-0.5604;5.8486,-3.2320,0.2466;6.1752,-2.6961,1.4582;5.4893,-1.5684,1.9550;5.8041,-1.0345,3.2870;7.1240,-0.9159,3.7154;7.4305,-0.3938,4.9566;6.4133,0.0245,5.8088;6.7039,0.5187,7.0762;8.1355,1.2876,7.4969;9.1153,-0.0830,8.1480;8.7876,1.8356,6.3484;7.7874,2.1554,8.5800;5.0891,-0.0971,5.3911;4.7919,-0.6157,4.1479;4.5246,-0.9788,1.1727;4.2081,-1.4653,-0.1115;3.9460,1.6792,-1.6321;4.5967,1.2612,-0.0345;3.1788,2.3336,-0.1616;2.8453,0.5547,-3.9089;1.9070,1.2624,-2.5820;1.1156,0.8487,-4.0944;1.9907,-1.7763,-4.8007;0.3143,-1.3158,-4.5430;0.9413,-2.7526,-3.7517;0.5960,-0.1979,-1.0455;0.1071,-1.8087,-1.5782;-0.4870,-0.3789,-2.4298;3.0818,-3.0937,-3.4102;6.3474,-4.1242,-0.1020;6.9335,-3.1626,2.0686;7.9273,-1.2132,3.0578;8.4592,-0.2713,5.2501;5.9206,0.8858,7.5922;9.1196,-0.8849,7.4216;8.6561,-0.3957,9.0759;10.1198,0.2842,8.3199;4.2925,0.2194,6.0491;3.7594,-0.7122,3.8461;3.9741,-0.1326,1.5546;</g>
	</geometry>
	<conformers/>
	<properties/>
</molecule>
