<?xml version="1.0" ?>
<!--MOLLI PACKAGE EXPERIMENTAL XML FORMAT-->
<molecule name="el1056">
	<atoms>
		<a id="1" s="F" t="F" l="F"/>
		<a id="2" s="C" t="C.ar" l="C"/>
		<a id="3" s="C" t="C.ar" l="C"/>
		<a id="4" s="C" t="C.ar" l="C"/>
		<a id="5" s="C" t="C.ar" l="C"/>
		<a id="6" s="C" t="C.3" l="C"/>
		<a id="7" s="N" t="N.ar" l="N"/>
		<a id="8" s="C" t="C.ar" l="C"/>
		<a id="9" s="C" t="C.ar" l="C"/>
		<a id="10" s="C" t="C.ar" l="C"/>
		<a id="11" s="C" t="C.ar" l="C"/>
		<a id="12" s="C" t="C.ar" l="C"/>
		<a id="13" s="C" t="C.ar" l="C"/>
		<a id="14" s="Br" t="Br" l="BR"/>
		<a id="15" s="C" t="C.ar" l="C"/>
		<a id="16" s="N" t="N.ar" l="N"/>
		<a id="17" s="C" t="C.ar" l="C"/>
		<a id="18" s="C" t="C.ar" l="C"/>
		<a id="19" s="H" t="H" l="H"/>
		<a id="20" s="H" t="H" l="H"/>
		<a id="21" s="H" t="H" l="H"/>
		<a id="22" s="H" t="H" l="H"/>
		<a id="23" s="H" t="H" l="H"/>
		<a id="24" s="H" t="H" l="H"/>
		<a id="25" s="H" t="H" l="H"/>
		<a id="26" s="H" t="H" l="H"/>
		<a id="27" s="H" t="H" l="H"/>
		<a id="28" s="H" t="H" l="H"/>
	</atoms>
	<bonds>
		<b id="1" c="1 2" t="1"/>
		<b id="2" c="2 3" t="ar"/>
		<b id="3" c="3 4" t="ar"/>
		<b id="4" c="4 5" t="ar"/>
		<b id="5" c="5 6" t="1"/>
		<b id="6" c="6 7" t="1"/>
		<b id="7" c="7 8" t="ar"/>
		<b id="8" c="8 9" t="ar"/>
		<b id="9" c="9 10" t="ar"/>
		<b id="10" c="10 11" t="ar"/>
		<b id="11" c="11 12" t="ar"/>
		<b id="12" c="12 13" t="ar"/>
		<b id="13" c="13 14" t="1"/>
		<b id="14" c="13 15" t="ar"/>
		<b id="15" c="9 15" t="ar"/>
		<b id="16" c="15 16" t="ar"/>
		<b id="17" c="7 16" t="ar"/>
		<b id="18" c="5 17" t="ar"/>
		<b id="19" c="17 18" t="ar"/>
		<b id="20" c="2 18" t="ar"/>
		<b id="21" c="3 19" t="1"/>
		<b id="22" c="4 20" t="1"/>
		<b id="23" c="6 21" t="1"/>
		<b id="24" c="6 22" t="1"/>
		<b id="25" c="8 23" t="1"/>
		<b id="26" c="10 24" t="1"/>
		<b id="27" c="11 25" t="1"/>
		<b id="28" c="12 26" t="1"/>
		<b id="29" c="17 27" t="1"/>
		<b id="30" c="18 28" t="1"/>
	</bonds>
	<geometry>
		<g u="A" t="cart/3d">#28,3:2.1305,0.2763,-0.0394;0.7842,0.2290,-0.0013;0.1663,-0.3637,1.0842;-1.2165,-0.4093,1.1181;-1.9638,0.1213,0.0769;-3.4739,0.0893,0.1034;-4.0059,1.4288,0.1138;-4.2718,2.1810,1.1916;-4.7096,3.4160,0.7172;-5.1500,4.6215,1.2876;-5.5106,5.6383,0.4480;-5.4483,5.5051,-0.9541;-5.0229,4.3407,-1.5305;-4.9288,4.1527,-3.4178;-4.6464,3.2687,-0.7083;-4.2134,2.0495,-1.0341;-1.3181,0.7150,-1.0022;0.0616,0.7739,-1.0480;0.7620,-0.7765,1.8825;-1.7121,-0.8695,1.9605;-3.8349,-0.4451,0.9848;-3.8498,-0.3971,-0.8013;-4.1470,1.8124,2.1891;-5.1980,4.7307,2.3601;-5.8546,6.5779,0.8531;-5.7414,6.3370,-1.5760;-1.9072,1.1378,-1.8023;0.5780,1.2301,-1.8776;</g>
	</geometry>
	<conformers/>
	<properties/>
</molecule>
