<?xml version="1.0" ?>
<!--MOLLI PACKAGE EXPERIMENTAL XML FORMAT-->
<molecule name="el1058">
	<atoms>
		<a id="1" s="C" t="C.3" l="C"/>
		<a id="2" s="N" t="N.ar" l="N"/>
		<a id="3" s="C" t="C.ar" l="C"/>
		<a id="4" s="C" t="C.ar" l="C"/>
		<a id="5" s="C" t="C.ar" l="C"/>
		<a id="6" s="C" t="C.ar" l="C"/>
		<a id="7" s="N" t="N.ar" l="N"/>
		<a id="8" s="C" t="C.ar" l="C"/>
		<a id="9" s="C" t="C.ar" l="C"/>
		<a id="10" s="C" t="C.ar" l="C"/>
		<a id="11" s="C" t="C.ar" l="C"/>
		<a id="12" s="Br" t="Br" l="BR"/>
		<a id="13" s="C" t="C.ar" l="C"/>
		<a id="14" s="C" t="C.ar" l="C"/>
		<a id="15" s="N" t="N.ar" l="N"/>
		<a id="16" s="C" t="C.ar" l="C"/>
		<a id="17" s="N" t="N.ar" l="N"/>
		<a id="18" s="H" t="H" l="H"/>
		<a id="19" s="H" t="H" l="H"/>
		<a id="20" s="H" t="H" l="H"/>
		<a id="21" s="H" t="H" l="H"/>
		<a id="22" s="H" t="H" l="H"/>
		<a id="23" s="H" t="H" l="H"/>
		<a id="24" s="H" t="H" l="H"/>
		<a id="25" s="H" t="H" l="H"/>
		<a id="26" s="H" t="H" l="H"/>
	</atoms>
	<bonds>
		<b id="1" c="1 2" t="1"/>
		<b id="2" c="2 3" t="ar"/>
		<b id="3" c="3 4" t="ar"/>
		<b id="4" c="4 5" t="1"/>
		<b id="5" c="5 6" t="ar"/>
		<b id="6" c="6 7" t="ar"/>
		<b id="7" c="7 8" t="ar"/>
		<b id="8" c="8 9" t="ar"/>
		<b id="9" c="9 10" t="ar"/>
		<b id="10" c="10 11" t="ar"/>
		<b id="11" c="11 12" t="1"/>
		<b id="12" c="11 13" t="ar"/>
		<b id="13" c="13 14" t="ar"/>
		<b id="14" c="8 14" t="ar"/>
		<b id="15" c="14 15" t="ar"/>
		<b id="16" c="5 15" t="ar"/>
		<b id="17" c="4 16" t="ar"/>
		<b id="18" c="16 17" t="ar"/>
		<b id="19" c="2 17" t="ar"/>
		<b id="20" c="1 18" t="1"/>
		<b id="21" c="1 19" t="1"/>
		<b id="22" c="1 20" t="1"/>
		<b id="23" c="3 21" t="1"/>
		<b id="24" c="6 22" t="1"/>
		<b id="25" c="9 23" t="1"/>
		<b id="26" c="10 24" t="1"/>
		<b id="27" c="13 25" t="1"/>
		<b id="28" c="16 26" t="1"/>
	</bonds>
	<geometry>
		<g u="A" t="cart/3d">#26,3:-0.8311,1.6323,1.5115;-0.0800,0.6595,0.7724;1.1373,0.1770,1.0468;1.4467,-0.7419,0.0501;2.6656,-1.5050,-0.0689;2.8729,-2.4165,-1.1446;3.9666,-3.1047,-1.2830;4.9327,-2.9340,-0.3514;6.1408,-3.6489,-0.4512;7.1157,-3.4819,0.4926;6.9043,-2.5946,1.5606;8.2886,-2.3961,2.8537;5.7489,-1.8776,1.6968;4.7335,-2.0350,0.7325;3.5929,-1.3302,0.8515;0.3086,-0.7247,-0.7861;-0.5910,0.1200,-0.3340;-0.2177,2.0284,2.3177;-1.7306,1.1746,1.9272;-1.1342,2.4422,0.8470;1.7138,0.4849,1.8942;2.1105,-2.5670,-1.8964;6.2713,-4.3228,-1.2831;8.0474,-4.0230,0.4295;5.5879,-1.1952,2.5162;0.1160,-1.2829,-1.6799;</g>
	</geometry>
	<conformers/>
	<properties/>
</molecule>
