<?xml version="1.0" ?>
<!--MOLLI PACKAGE EXPERIMENTAL XML FORMAT-->
<molecule name="el646">
	<atoms>
		<a id="1" s="C" t="C.3" l="C"/>
		<a id="2" s="C" t="C.3" l="C"/>
		<a id="3" s="C" t="C.3" l="C"/>
		<a id="4" s="Si" t="Si" l="SI"/>
		<a id="5" s="O" t="O.3" l="O"/>
		<a id="6" s="C" t="C.ar" l="C"/>
		<a id="7" s="C" t="C.ar" l="C"/>
		<a id="8" s="C" t="C.ar" l="C"/>
		<a id="9" s="C" t="C.ar" l="C"/>
		<a id="10" s="C" t="C.ar" l="C"/>
		<a id="11" s="C" t="C.ar" l="C"/>
		<a id="12" s="Br" t="Br" l="BR"/>
		<a id="13" s="C" t="C.ar" l="C"/>
		<a id="14" s="C" t="C.ar" l="C"/>
		<a id="15" s="C" t="C.ar" l="C"/>
		<a id="16" s="C" t="C.ar" l="C"/>
		<a id="17" s="C" t="C.3" l="C"/>
		<a id="18" s="C" t="C.3" l="C"/>
		<a id="19" s="C" t="C.3" l="C"/>
		<a id="20" s="C" t="C.1" l="C"/>
		<a id="21" s="C" t="C.1" l="C"/>
		<a id="22" s="Si" t="Si" l="SI"/>
		<a id="23" s="C" t="C.3" l="C"/>
		<a id="24" s="C" t="C.3" l="C"/>
		<a id="25" s="C" t="C.3" l="C"/>
		<a id="26" s="C" t="C.3" l="C"/>
		<a id="27" s="C" t="C.3" l="C"/>
		<a id="28" s="C" t="C.3" l="C"/>
		<a id="29" s="C" t="C.3" l="C"/>
		<a id="30" s="C" t="C.3" l="C"/>
		<a id="31" s="C" t="C.3" l="C"/>
		<a id="32" s="H" t="H" l="H"/>
		<a id="33" s="H" t="H" l="H"/>
		<a id="34" s="H" t="H" l="H"/>
		<a id="35" s="H" t="H" l="H"/>
		<a id="36" s="H" t="H" l="H"/>
		<a id="37" s="H" t="H" l="H"/>
		<a id="38" s="H" t="H" l="H"/>
		<a id="39" s="H" t="H" l="H"/>
		<a id="40" s="H" t="H" l="H"/>
		<a id="41" s="H" t="H" l="H"/>
		<a id="42" s="H" t="H" l="H"/>
		<a id="43" s="H" t="H" l="H"/>
		<a id="44" s="H" t="H" l="H"/>
		<a id="45" s="H" t="H" l="H"/>
		<a id="46" s="H" t="H" l="H"/>
		<a id="47" s="H" t="H" l="H"/>
		<a id="48" s="H" t="H" l="H"/>
		<a id="49" s="H" t="H" l="H"/>
		<a id="50" s="H" t="H" l="H"/>
		<a id="51" s="H" t="H" l="H"/>
		<a id="52" s="H" t="H" l="H"/>
		<a id="53" s="H" t="H" l="H"/>
		<a id="54" s="H" t="H" l="H"/>
		<a id="55" s="H" t="H" l="H"/>
		<a id="56" s="H" t="H" l="H"/>
		<a id="57" s="H" t="H" l="H"/>
		<a id="58" s="H" t="H" l="H"/>
		<a id="59" s="H" t="H" l="H"/>
		<a id="60" s="H" t="H" l="H"/>
		<a id="61" s="H" t="H" l="H"/>
		<a id="62" s="H" t="H" l="H"/>
		<a id="63" s="H" t="H" l="H"/>
		<a id="64" s="H" t="H" l="H"/>
		<a id="65" s="H" t="H" l="H"/>
		<a id="66" s="H" t="H" l="H"/>
		<a id="67" s="H" t="H" l="H"/>
		<a id="68" s="H" t="H" l="H"/>
		<a id="69" s="H" t="H" l="H"/>
		<a id="70" s="H" t="H" l="H"/>
		<a id="71" s="H" t="H" l="H"/>
		<a id="72" s="H" t="H" l="H"/>
	</atoms>
	<bonds>
		<b id="1" c="1 2" t="1"/>
		<b id="2" c="2 3" t="1"/>
		<b id="3" c="2 4" t="1"/>
		<b id="4" c="4 5" t="1"/>
		<b id="5" c="5 6" t="1"/>
		<b id="6" c="6 7" t="ar"/>
		<b id="7" c="7 8" t="ar"/>
		<b id="8" c="8 9" t="ar"/>
		<b id="9" c="9 10" t="ar"/>
		<b id="10" c="10 11" t="ar"/>
		<b id="11" c="11 12" t="1"/>
		<b id="12" c="11 13" t="ar"/>
		<b id="13" c="13 14" t="ar"/>
		<b id="14" c="14 15" t="ar"/>
		<b id="15" c="9 15" t="ar"/>
		<b id="16" c="15 16" t="ar"/>
		<b id="17" c="6 16" t="ar"/>
		<b id="18" c="16 17" t="1"/>
		<b id="19" c="17 18" t="1"/>
		<b id="20" c="18 19" t="1"/>
		<b id="21" c="19 20" t="1"/>
		<b id="22" c="20 21" t="3"/>
		<b id="23" c="21 22" t="1"/>
		<b id="24" c="22 23" t="1"/>
		<b id="25" c="22 24" t="1"/>
		<b id="26" c="22 25" t="1"/>
		<b id="27" c="4 26" t="1"/>
		<b id="28" c="26 27" t="1"/>
		<b id="29" c="26 28" t="1"/>
		<b id="30" c="4 29" t="1"/>
		<b id="31" c="29 30" t="1"/>
		<b id="32" c="29 31" t="1"/>
		<b id="33" c="1 32" t="1"/>
		<b id="34" c="1 33" t="1"/>
		<b id="35" c="1 34" t="1"/>
		<b id="36" c="2 35" t="1"/>
		<b id="37" c="3 36" t="1"/>
		<b id="38" c="3 37" t="1"/>
		<b id="39" c="3 38" t="1"/>
		<b id="40" c="7 39" t="1"/>
		<b id="41" c="8 40" t="1"/>
		<b id="42" c="10 41" t="1"/>
		<b id="43" c="13 42" t="1"/>
		<b id="44" c="14 43" t="1"/>
		<b id="45" c="17 44" t="1"/>
		<b id="46" c="17 45" t="1"/>
		<b id="47" c="18 46" t="1"/>
		<b id="48" c="18 47" t="1"/>
		<b id="49" c="19 48" t="1"/>
		<b id="50" c="19 49" t="1"/>
		<b id="51" c="23 50" t="1"/>
		<b id="52" c="23 51" t="1"/>
		<b id="53" c="23 52" t="1"/>
		<b id="54" c="24 53" t="1"/>
		<b id="55" c="24 54" t="1"/>
		<b id="56" c="24 55" t="1"/>
		<b id="57" c="25 56" t="1"/>
		<b id="58" c="25 57" t="1"/>
		<b id="59" c="25 58" t="1"/>
		<b id="60" c="26 59" t="1"/>
		<b id="61" c="27 60" t="1"/>
		<b id="62" c="27 61" t="1"/>
		<b id="63" c="27 62" t="1"/>
		<b id="64" c="28 63" t="1"/>
		<b id="65" c="28 64" t="1"/>
		<b id="66" c="28 65" t="1"/>
		<b id="67" c="29 66" t="1"/>
		<b id="68" c="30 67" t="1"/>
		<b id="69" c="30 68" t="1"/>
		<b id="70" c="30 69" t="1"/>
		<b id="71" c="31 70" t="1"/>
		<b id="72" c="31 71" t="1"/>
		<b id="73" c="31 72" t="1"/>
	</bonds>
	<geometry>
		<g u="A" t="cart/3d">#72,3:5.4690,0.1822,0.6734;4.1911,-0.2215,-0.0631;4.5256,-1.1637,-1.2187;2.8617,-0.9459,1.1334;3.0395,-0.2915,2.6311;2.9723,0.9543,3.1508;2.6792,2.0588,2.3323;2.5976,3.3116,2.8632;2.8040,3.5188,4.2410;2.7161,4.8133,4.7918;2.9272,5.0009,6.1268;2.8101,6.7528,6.8735;3.2335,3.9250,6.9700;3.3194,2.6631,6.4545;3.1103,2.4085,5.0785;3.1933,1.1114,4.5102;3.5415,-0.1173,5.3047;5.0172,-0.4998,5.1271;5.9733,0.5153,5.7633;5.8069,0.5689,7.2017;5.6336,0.5932,8.3948;5.3266,0.6855,10.2225;3.6133,1.4824,10.4905;6.6886,1.7540,11.0174;5.3522,-1.0820,10.9353;1.1255,-0.5530,0.3877;0.6232,-1.6514,-0.5493;0.0814,-0.2791,1.4712;3.0926,-2.8100,1.5241;4.4925,-3.1415,2.0400;2.0607,-3.3184,2.5313;6.1757,0.6440,-0.0149;5.9498,-0.6837,1.1203;5.2503,0.8967,1.4640;3.7840,0.6927,-0.5122;4.9466,-2.0953,-0.8507;5.2522,-0.7041,-1.8873;3.6348,-1.3987,-1.7953;2.5239,1.8870,1.2796;2.3736,4.1600,2.2339;2.4817,5.6452,4.1447;3.4018,4.1008,8.0210;3.5713,1.8575,7.1237;2.9300,-0.9420,4.9325;3.3266,0.0125,6.3638;5.2392,-0.5718,4.0608;5.1846,-1.4791,5.5814;5.7913,1.5103,5.3458;7.0062,0.2343,5.5371;3.5926,2.5042,10.1239;3.3497,1.5087,11.5441;2.8332,0.9323,9.9721;6.7078,2.7503,10.5861;7.6696,1.3136,10.8668;6.5362,1.8610,12.0877;4.5857,-1.7024,10.4805;5.1800,-1.0797,12.0079;6.3099,-1.5616,10.7571;1.2067,0.3598,-0.2151;0.4729,-2.5818,-0.0087;1.3349,-1.8359,-1.3498;-0.3269,-1.3639,-0.9975;-0.0657,-1.1546,2.0977;-0.8757,-0.0204,1.0198;0.3889,0.5451,2.1106;2.9457,-3.3632,0.5918;4.6930,-2.6006,2.9606;5.2544,-2.8801,1.3109;4.5766,-4.2080,2.2468;2.1459,-2.7724,3.4672;2.2206,-4.3760,2.7377;1.0486,-3.1975,2.1559;</g>
	</geometry>
	<conformers/>
	<properties/>
</molecule>
