<?xml version="1.0" ?>
<!--MOLLI PACKAGE EXPERIMENTAL XML FORMAT-->
<molecule name="el1061">
	<atoms>
		<a id="1" s="Br" t="Br" l="BR"/>
		<a id="2" s="C" t="C.ar" l="C"/>
		<a id="3" s="C" t="C.ar" l="C"/>
		<a id="4" s="N" t="N.ar" l="N"/>
		<a id="5" s="N" t="N.ar" l="N"/>
		<a id="6" s="C" t="C.3" l="C"/>
		<a id="7" s="C" t="C.ar" l="C"/>
		<a id="8" s="C" t="C.ar" l="C"/>
		<a id="9" s="C" t="C.ar" l="C"/>
		<a id="10" s="C" t="C.ar" l="C"/>
		<a id="11" s="C" t="C.ar" l="C"/>
		<a id="12" s="C" t="C.ar" l="C"/>
		<a id="13" s="C" t="C.ar" l="C"/>
		<a id="14" s="C" t="C.ar" l="C"/>
		<a id="15" s="C" t="C.ar" l="C"/>
		<a id="16" s="C" t="C.ar" l="C"/>
		<a id="17" s="C" t="C.ar" l="C"/>
		<a id="18" s="C" t="C.ar" l="C"/>
		<a id="19" s="C" t="C.ar" l="C"/>
		<a id="20" s="C" t="C.ar" l="C"/>
		<a id="21" s="C" t="C.ar" l="C"/>
		<a id="22" s="C" t="C.ar" l="C"/>
		<a id="23" s="C" t="C.ar" l="C"/>
		<a id="24" s="C" t="C.ar" l="C"/>
		<a id="25" s="C" t="C.ar" l="C"/>
		<a id="26" s="H" t="H" l="H"/>
		<a id="27" s="H" t="H" l="H"/>
		<a id="28" s="H" t="H" l="H"/>
		<a id="29" s="H" t="H" l="H"/>
		<a id="30" s="H" t="H" l="H"/>
		<a id="31" s="H" t="H" l="H"/>
		<a id="32" s="H" t="H" l="H"/>
		<a id="33" s="H" t="H" l="H"/>
		<a id="34" s="H" t="H" l="H"/>
		<a id="35" s="H" t="H" l="H"/>
		<a id="36" s="H" t="H" l="H"/>
		<a id="37" s="H" t="H" l="H"/>
		<a id="38" s="H" t="H" l="H"/>
		<a id="39" s="H" t="H" l="H"/>
		<a id="40" s="H" t="H" l="H"/>
		<a id="41" s="H" t="H" l="H"/>
		<a id="42" s="H" t="H" l="H"/>
	</atoms>
	<bonds>
		<b id="1" c="1 2" t="1"/>
		<b id="2" c="2 3" t="ar"/>
		<b id="3" c="3 4" t="ar"/>
		<b id="4" c="4 5" t="ar"/>
		<b id="5" c="5 6" t="1"/>
		<b id="6" c="6 7" t="1"/>
		<b id="7" c="7 8" t="ar"/>
		<b id="8" c="8 9" t="ar"/>
		<b id="9" c="9 10" t="ar"/>
		<b id="10" c="10 11" t="ar"/>
		<b id="11" c="11 12" t="ar"/>
		<b id="12" c="7 12" t="ar"/>
		<b id="13" c="6 13" t="1"/>
		<b id="14" c="13 14" t="ar"/>
		<b id="15" c="14 15" t="ar"/>
		<b id="16" c="15 16" t="ar"/>
		<b id="17" c="16 17" t="ar"/>
		<b id="18" c="17 18" t="ar"/>
		<b id="19" c="13 18" t="ar"/>
		<b id="20" c="6 19" t="1"/>
		<b id="21" c="19 20" t="ar"/>
		<b id="22" c="20 21" t="ar"/>
		<b id="23" c="21 22" t="ar"/>
		<b id="24" c="22 23" t="ar"/>
		<b id="25" c="23 24" t="ar"/>
		<b id="26" c="19 24" t="ar"/>
		<b id="27" c="5 25" t="ar"/>
		<b id="28" c="2 25" t="ar"/>
		<b id="29" c="3 26" t="1"/>
		<b id="30" c="8 27" t="1"/>
		<b id="31" c="9 28" t="1"/>
		<b id="32" c="10 29" t="1"/>
		<b id="33" c="11 30" t="1"/>
		<b id="34" c="12 31" t="1"/>
		<b id="35" c="14 32" t="1"/>
		<b id="36" c="15 33" t="1"/>
		<b id="37" c="16 34" t="1"/>
		<b id="38" c="17 35" t="1"/>
		<b id="39" c="18 36" t="1"/>
		<b id="40" c="20 37" t="1"/>
		<b id="41" c="21 38" t="1"/>
		<b id="42" c="22 39" t="1"/>
		<b id="43" c="23 40" t="1"/>
		<b id="44" c="24 41" t="1"/>
		<b id="45" c="25 42" t="1"/>
	</bonds>
	<geometry>
		<g u="A" t="cart/3d">#42,3:1.9644,1.1639,1.7276;3.3464,0.4061,0.6959;3.6013,0.5835,-0.6700;4.6588,-0.1172,-1.0203;5.0924,-0.7355,0.0683;6.2495,-1.6265,0.0685;7.0761,-1.3541,-1.1861;8.3872,-0.9045,-1.1385;9.0995,-0.7008,-2.3092;8.5111,-0.9425,-3.5367;7.2067,-1.4042,-3.5894;6.4972,-1.6181,-2.4233;7.0197,-1.3211,1.3482;7.4207,-2.3048,2.2399;8.1007,-1.9648,3.3986;8.3846,-0.6414,3.6819;7.9872,0.3476,2.7967;7.3109,0.0104,1.6400;5.8043,-3.0846,0.0080;4.5056,-3.4881,0.2791;4.1578,-4.8276,0.2128;5.1028,-5.7801,-0.1201;6.4028,-5.3858,-0.3915;6.7498,-4.0497,-0.3308;4.3278,-0.4533,1.1417;3.0687,1.1791,-1.3828;8.8689,-0.7184,-0.1903;10.1205,-0.3525,-2.2559;9.0680,-0.7785,-4.4474;6.7408,-1.6043,-4.5427;5.4857,-1.9891,-2.4712;7.2007,-3.3424,2.0406;8.4043,-2.7430,4.0830;8.9109,-0.3797,4.5875;8.2030,1.3844,3.0080;7.0049,0.7860,0.9519;3.7466,-2.7657,0.5391;3.1408,-5.1227,0.4243;4.8294,-6.8233,-0.1700;7.1492,-6.1206,-0.6538;7.7638,-3.7463,-0.5476;4.5183,-0.8499,2.1179;</g>
	</geometry>
	<conformers/>
	<properties/>
</molecule>
