<?xml version="1.0" ?>
<!--MOLLI PACKAGE EXPERIMENTAL XML FORMAT-->
<molecule name="el1067">
	<atoms>
		<a id="1" s="C" t="C.3" l="C"/>
		<a id="2" s="C" t="C.3" l="C"/>
		<a id="3" s="C" t="C.ar" l="C"/>
		<a id="4" s="N" t="N.ar" l="N"/>
		<a id="5" s="C" t="C.ar" l="C"/>
		<a id="6" s="Br" t="Br" l="BR"/>
		<a id="7" s="C" t="C.ar" l="C"/>
		<a id="8" s="C" t="C.ar" l="C"/>
		<a id="9" s="C" t="C.ar" l="C"/>
		<a id="10" s="F" t="F" l="F"/>
		<a id="11" s="C" t="C.3" l="C"/>
		<a id="12" s="O" t="O.3" l="O"/>
		<a id="13" s="C" t="C.3" l="C"/>
		<a id="14" s="C" t="C.3" l="C"/>
		<a id="15" s="C" t="C.3" l="C"/>
		<a id="16" s="F" t="F" l="F"/>
		<a id="17" s="F" t="F" l="F"/>
		<a id="18" s="F" t="F" l="F"/>
		<a id="19" s="C" t="C.2" l="C"/>
		<a id="20" s="N" t="N.pl3" l="N"/>
		<a id="21" s="N" t="N.2" l="N"/>
		<a id="22" s="H" t="H" l="H"/>
		<a id="23" s="H" t="H" l="H"/>
		<a id="24" s="H" t="H" l="H"/>
		<a id="25" s="H" t="H" l="H"/>
		<a id="26" s="H" t="H" l="H"/>
		<a id="27" s="H" t="H" l="H"/>
		<a id="28" s="H" t="H" l="H"/>
		<a id="29" s="H" t="H" l="H"/>
		<a id="30" s="H" t="H" l="H"/>
		<a id="31" s="H" t="H" l="H"/>
		<a id="32" s="H" t="H" l="H"/>
		<a id="33" s="H" t="H" l="H"/>
	</atoms>
	<bonds>
		<b id="1" c="3 4" t="ar"/>
		<b id="2" c="4 5" t="ar"/>
		<b id="3" c="5 6" t="1"/>
		<b id="4" c="5 7" t="ar"/>
		<b id="5" c="7 8" t="ar"/>
		<b id="6" c="8 9" t="ar"/>
		<b id="7" c="3 9" t="ar"/>
		<b id="8" c="9 10" t="1"/>
		<b id="9" c="2 11" t="1"/>
		<b id="10" c="11 12" t="1"/>
		<b id="11" c="12 13" t="1"/>
		<b id="12" c="13 14" t="1"/>
		<b id="13" c="13 15" t="1"/>
		<b id="14" c="15 16" t="1"/>
		<b id="15" c="15 17" t="1"/>
		<b id="16" c="15 18" t="1"/>
		<b id="17" c="13 19" t="1"/>
		<b id="18" c="19 20" t="1"/>
		<b id="19" c="19 21" t="2"/>
		<b id="20" c="2 21" t="1"/>
		<b id="21" c="2 3" t="1"/>
		<b id="22" c="2 1" t="1"/>
		<b id="23" c="1 22" t="1"/>
		<b id="24" c="1 23" t="1"/>
		<b id="25" c="1 24" t="1"/>
		<b id="26" c="7 25" t="1"/>
		<b id="27" c="8 26" t="1"/>
		<b id="28" c="11 27" t="1"/>
		<b id="29" c="11 28" t="1"/>
		<b id="30" c="14 29" t="1"/>
		<b id="31" c="14 30" t="1"/>
		<b id="32" c="14 31" t="1"/>
		<b id="33" c="20 32" t="1"/>
		<b id="34" c="20 33" t="1"/>
	</bonds>
	<geometry>
		<g u="A" t="cart/3d">#33,3:3.2857,0.1005,1.1742;2.4804,0.0033,-0.1232;0.9970,-0.0900,0.1639;0.5760,0.1627,1.3911;-0.7015,0.0769,1.6745;-1.1630,0.4728,3.4673;-1.6898,-0.2729,0.7674;-1.2783,-0.5280,-0.5291;0.0715,-0.4285,-0.8256;0.4662,-0.6445,-2.0938;2.7419,1.2379,-1.0082;4.0608,1.2110,-1.5089;4.3478,0.0841,-2.3209;3.9692,0.3316,-3.7873;5.8745,-0.0400,-2.1954;6.5002,1.0867,-2.5361;6.2562,-0.3447,-0.9510;6.3870,-1.0034,-2.9889;3.6710,-1.1831,-1.7848;3.9086,-2.3284,-2.4757;2.8535,-1.2077,-0.8187;4.3321,0.2717,0.9343;3.1930,-0.8297,1.7269;2.9104,0.9159,1.7843;-2.7248,-0.3365,1.0612;-1.9804,-0.7975,-1.3027;2.6764,2.1569,-0.4258;2.0235,1.2774,-1.8371;4.3703,1.2931,-4.1018;2.8865,0.3449,-3.8838;4.3658,-0.4540,-4.4239;4.7624,-2.4472,-2.9922;3.5206,-3.1552,-2.0510;</g>
	</geometry>
	<conformers/>
	<properties/>
</molecule>
