<?xml version="1.0" ?>
<!--MOLLI PACKAGE EXPERIMENTAL XML FORMAT-->
<molecule name="el1070">
	<atoms>
		<a id="1" s="C" t="C.3" l="C"/>
		<a id="2" s="C" t="C.3" l="C"/>
		<a id="3" s="C" t="C.3" l="C"/>
		<a id="4" s="C" t="C.3" l="C"/>
		<a id="5" s="N" t="N.ar" l="N"/>
		<a id="6" s="C" t="C.ar" l="C"/>
		<a id="7" s="C" t="C.ar" l="C"/>
		<a id="8" s="C" t="C.ar" l="C"/>
		<a id="9" s="C" t="C.ar" l="C"/>
		<a id="10" s="C" t="C.ar" l="C"/>
		<a id="11" s="C" t="C.ar" l="C"/>
		<a id="12" s="C" t="C.ar" l="C"/>
		<a id="13" s="C" t="C.ar" l="C"/>
		<a id="14" s="C" t="C.ar" l="C"/>
		<a id="15" s="C" t="C.2" l="C"/>
		<a id="16" s="O" t="O.2" l="O"/>
		<a id="17" s="C" t="C.ar" l="C"/>
		<a id="18" s="Br" t="Br" l="BR"/>
		<a id="19" s="C" t="C.ar" l="C"/>
		<a id="20" s="C" t="C.ar" l="C"/>
		<a id="21" s="H" t="H" l="H"/>
		<a id="22" s="H" t="H" l="H"/>
		<a id="23" s="H" t="H" l="H"/>
		<a id="24" s="H" t="H" l="H"/>
		<a id="25" s="H" t="H" l="H"/>
		<a id="26" s="H" t="H" l="H"/>
		<a id="27" s="H" t="H" l="H"/>
		<a id="28" s="H" t="H" l="H"/>
		<a id="29" s="H" t="H" l="H"/>
		<a id="30" s="H" t="H" l="H"/>
		<a id="31" s="H" t="H" l="H"/>
		<a id="32" s="H" t="H" l="H"/>
		<a id="33" s="H" t="H" l="H"/>
		<a id="34" s="H" t="H" l="H"/>
		<a id="35" s="H" t="H" l="H"/>
		<a id="36" s="H" t="H" l="H"/>
	</atoms>
	<bonds>
		<b id="1" c="1 2" t="1"/>
		<b id="2" c="2 3" t="1"/>
		<b id="3" c="3 4" t="1"/>
		<b id="4" c="4 5" t="1"/>
		<b id="5" c="5 6" t="ar"/>
		<b id="6" c="6 7" t="ar"/>
		<b id="7" c="7 8" t="ar"/>
		<b id="8" c="8 9" t="ar"/>
		<b id="9" c="9 10" t="ar"/>
		<b id="10" c="10 11" t="ar"/>
		<b id="11" c="6 11" t="ar"/>
		<b id="12" c="11 12" t="ar"/>
		<b id="13" c="12 13" t="ar"/>
		<b id="14" c="13 14" t="ar"/>
		<b id="15" c="14 15" t="1"/>
		<b id="16" c="15 16" t="2"/>
		<b id="17" c="14 17" t="ar"/>
		<b id="18" c="17 18" t="1"/>
		<b id="19" c="17 19" t="ar"/>
		<b id="20" c="19 20" t="ar"/>
		<b id="21" c="12 20" t="ar"/>
		<b id="22" c="5 20" t="ar"/>
		<b id="23" c="1 21" t="1"/>
		<b id="24" c="1 22" t="1"/>
		<b id="25" c="1 23" t="1"/>
		<b id="26" c="2 24" t="1"/>
		<b id="27" c="2 25" t="1"/>
		<b id="28" c="3 26" t="1"/>
		<b id="29" c="3 27" t="1"/>
		<b id="30" c="4 28" t="1"/>
		<b id="31" c="4 29" t="1"/>
		<b id="32" c="7 30" t="1"/>
		<b id="33" c="8 31" t="1"/>
		<b id="34" c="9 32" t="1"/>
		<b id="35" c="10 33" t="1"/>
		<b id="36" c="13 34" t="1"/>
		<b id="37" c="15 35" t="1"/>
		<b id="38" c="19 36" t="1"/>
	</bonds>
	<geometry>
		<g u="A" t="cart/3d">#36,3:1.1790,0.1856,2.5423;2.2377,0.9721,1.7798;3.5531,0.2009,1.6996;4.6513,0.9829,0.9698;5.0208,2.1831,1.6736;4.5890,3.4647,1.3941;3.7823,3.9262,0.3639;3.5135,5.2806,0.3106;4.0287,6.1647,1.2559;4.8314,5.7148,2.2847;5.1156,4.3575,2.3568;5.8944,3.5608,3.2626;6.6386,3.8417,4.3889;7.2979,2.8129,5.0660;8.0703,3.1594,6.2593;8.1878,4.2777,6.6974;7.1898,1.5010,4.5733;8.0737,0.0546,5.4481;6.4527,1.1865,3.4511;5.7974,2.2222,2.7929;0.2484,0.7454,2.5888;1.5102,-0.0131,3.5592;0.9836,-0.7666,2.0538;2.4047,1.9291,2.2790;1.8767,1.1816,0.7703;3.3924,-0.7416,1.1726;3.8919,-0.0339,2.7107;4.3096,1.2621,-0.0288;5.5416,0.3549,0.8610;3.3704,3.2584,-0.3770;2.8883,5.6622,-0.4828;3.7943,7.2153,1.1780;5.2330,6.3963,3.0184;6.7331,4.8446,4.7770;8.5603,2.3052,6.7611;6.3971,0.1664,3.1050;</g>
	</geometry>
	<conformers/>
	<properties/>
</molecule>
