<?xml version="1.0" ?>
<!--MOLLI PACKAGE EXPERIMENTAL XML FORMAT-->
<molecule name="el1071">
	<atoms>
		<a id="1" s="C" t="C.3" l="C"/>
		<a id="2" s="C" t="C.3" l="C"/>
		<a id="3" s="N" t="N.ar" l="N"/>
		<a id="4" s="C" t="C.ar" l="C"/>
		<a id="5" s="C" t="C.ar" l="C"/>
		<a id="6" s="C" t="C.ar" l="C"/>
		<a id="7" s="C" t="C.ar" l="C"/>
		<a id="8" s="C" t="C.3" l="C"/>
		<a id="9" s="C" t="C.ar" l="C"/>
		<a id="10" s="C" t="C.ar" l="C"/>
		<a id="11" s="C" t="C.ar" l="C"/>
		<a id="12" s="C" t="C.ar" l="C"/>
		<a id="13" s="C" t="C.ar" l="C"/>
		<a id="14" s="C" t="C.2" l="C"/>
		<a id="15" s="O" t="O.2" l="O"/>
		<a id="16" s="C" t="C.ar" l="C"/>
		<a id="17" s="Br" t="Br" l="BR"/>
		<a id="18" s="C" t="C.ar" l="C"/>
		<a id="19" s="C" t="C.ar" l="C"/>
		<a id="20" s="H" t="H" l="H"/>
		<a id="21" s="H" t="H" l="H"/>
		<a id="22" s="H" t="H" l="H"/>
		<a id="23" s="H" t="H" l="H"/>
		<a id="24" s="H" t="H" l="H"/>
		<a id="25" s="H" t="H" l="H"/>
		<a id="26" s="H" t="H" l="H"/>
		<a id="27" s="H" t="H" l="H"/>
		<a id="28" s="H" t="H" l="H"/>
		<a id="29" s="H" t="H" l="H"/>
		<a id="30" s="H" t="H" l="H"/>
		<a id="31" s="H" t="H" l="H"/>
		<a id="32" s="H" t="H" l="H"/>
		<a id="33" s="H" t="H" l="H"/>
	</atoms>
	<bonds>
		<b id="1" c="1 2" t="1"/>
		<b id="2" c="2 3" t="1"/>
		<b id="3" c="3 4" t="ar"/>
		<b id="4" c="4 5" t="ar"/>
		<b id="5" c="5 6" t="ar"/>
		<b id="6" c="6 7" t="ar"/>
		<b id="7" c="7 8" t="1"/>
		<b id="8" c="7 9" t="ar"/>
		<b id="9" c="9 10" t="ar"/>
		<b id="10" c="4 10" t="ar"/>
		<b id="11" c="10 11" t="ar"/>
		<b id="12" c="11 12" t="ar"/>
		<b id="13" c="12 13" t="ar"/>
		<b id="14" c="13 14" t="1"/>
		<b id="15" c="14 15" t="2"/>
		<b id="16" c="13 16" t="ar"/>
		<b id="17" c="16 17" t="1"/>
		<b id="18" c="16 18" t="ar"/>
		<b id="19" c="18 19" t="ar"/>
		<b id="20" c="11 19" t="ar"/>
		<b id="21" c="3 19" t="ar"/>
		<b id="22" c="1 20" t="1"/>
		<b id="23" c="1 21" t="1"/>
		<b id="24" c="1 22" t="1"/>
		<b id="25" c="2 23" t="1"/>
		<b id="26" c="2 24" t="1"/>
		<b id="27" c="5 25" t="1"/>
		<b id="28" c="6 26" t="1"/>
		<b id="29" c="8 27" t="1"/>
		<b id="30" c="8 28" t="1"/>
		<b id="31" c="8 29" t="1"/>
		<b id="32" c="9 30" t="1"/>
		<b id="33" c="12 31" t="1"/>
		<b id="34" c="14 32" t="1"/>
		<b id="35" c="18 33" t="1"/>
	</bonds>
	<geometry>
		<g u="A" t="cart/3d">#33,3:3.6488,-0.2925,-1.0398;2.5980,0.0199,0.0243;2.9461,1.1916,0.7846;2.6111,2.4903,0.4517;1.8520,2.9699,-0.6036;1.6580,4.3358,-0.6919;2.1993,5.2287,0.2353;1.9592,6.7028,0.1039;2.9636,4.7443,1.2860;3.1722,3.3781,1.3975;3.8940,2.5627,2.3346;4.6404,2.8325,3.4615;5.2338,1.7879,4.1756;6.0110,2.1235,5.3679;6.1817,3.2448,5.7814;5.0559,0.4710,3.7182;5.8480,-0.9971,4.6435;4.3174,0.1672,2.5940;3.7278,1.2184,1.8992;3.3643,-1.1808,-1.5967;4.6169,-0.4655,-0.5759;3.7431,0.5407,-1.7324;2.4957,-0.8241,0.7116;1.6266,0.1928,-0.4457;1.4217,2.3091,-1.3406;1.0674,4.7265,-1.5079;1.3601,6.9249,-0.7752;2.9051,7.2368,0.0240;1.4385,7.0809,0.9828;3.3918,5.4219,2.0091;4.7879,3.8389,3.8229;6.4521,1.2578,5.8948;4.2103,-0.8576,2.2745;</g>
	</geometry>
	<conformers/>
	<properties/>
</molecule>
