<?xml version="1.0" ?>
<!--MOLLI PACKAGE EXPERIMENTAL XML FORMAT-->
<molecule name="el1073">
	<atoms>
		<a id="1" s="O" t="O.2" l="O"/>
		<a id="2" s="C" t="C.2" l="C"/>
		<a id="3" s="C" t="C.ar" l="CA"/>
		<a id="4" s="C" t="C.ar" l="C"/>
		<a id="5" s="C" t="C.ar" l="C"/>
		<a id="6" s="C" t="C.ar" l="C"/>
		<a id="7" s="C" t="C.ar" l="C"/>
		<a id="8" s="Br" t="Br" l="BR"/>
		<a id="9" s="N" t="N.ar" l="N"/>
		<a id="10" s="H" t="H" l="H"/>
		<a id="11" s="H" t="H" l="H"/>
		<a id="12" s="H" t="H" l="H"/>
		<a id="13" s="H" t="H" l="H"/>
	</atoms>
	<bonds>
		<b id="1" c="1 2" t="2"/>
		<b id="2" c="2 3" t="1"/>
		<b id="3" c="3 4" t="ar"/>
		<b id="4" c="4 5" t="ar"/>
		<b id="5" c="5 6" t="ar"/>
		<b id="6" c="6 7" t="ar"/>
		<b id="7" c="7 8" t="1"/>
		<b id="8" c="7 9" t="ar"/>
		<b id="9" c="3 9" t="ar"/>
		<b id="10" c="2 10" t="1"/>
		<b id="11" c="4 11" t="1"/>
		<b id="12" c="5 12" t="1"/>
		<b id="13" c="6 13" t="1"/>
	</bonds>
	<geometry>
		<g u="A" t="cart/3d">#13,3:1.3065,0.6252,-0.0640;2.2607,-0.1049,-0.0630;2.9621,-0.5654,-1.2821;2.5543,-0.1671,-2.5534;3.2584,-0.6376,-3.6526;4.3363,-1.4825,-3.4511;4.6504,-1.8116,-2.1355;6.1149,-2.9648,-1.7794;3.9987,-1.3778,-1.0878;2.7060,-0.5036,0.8645;1.7072,0.4927,-2.6526;2.9733,-0.3512,-4.6539;4.9169,-1.8762,-4.2700;</g>
	</geometry>
	<conformers/>
	<properties/>
</molecule>
