<?xml version="1.0" ?>
<!--MOLLI PACKAGE EXPERIMENTAL XML FORMAT-->
<molecule name="el1074">
	<atoms>
		<a id="1" s="C" t="C.3" l="C"/>
		<a id="2" s="C" t="C.3" l="C"/>
		<a id="3" s="N" t="N.3" l="N"/>
		<a id="4" s="C" t="C.3" l="C"/>
		<a id="5" s="C" t="C.3" l="C"/>
		<a id="6" s="N" t="N.3" l="N"/>
		<a id="7" s="C" t="C.3" l="C"/>
		<a id="8" s="C" t="C.ar" l="C"/>
		<a id="9" s="C" t="C.ar" l="C"/>
		<a id="10" s="C" t="C.ar" l="C"/>
		<a id="11" s="C" t="C.ar" l="C"/>
		<a id="12" s="Br" t="Br" l="BR"/>
		<a id="13" s="N" t="N.ar" l="N"/>
		<a id="14" s="C" t="C.ar" l="C"/>
		<a id="15" s="C" t="C.3" l="C"/>
		<a id="16" s="C" t="C.3" l="C"/>
		<a id="17" s="H" t="H" l="H"/>
		<a id="18" s="H" t="H" l="H"/>
		<a id="19" s="H" t="H" l="H"/>
		<a id="20" s="H" t="H" l="H"/>
		<a id="21" s="H" t="H" l="H"/>
		<a id="22" s="H" t="H" l="H"/>
		<a id="23" s="H" t="H" l="H"/>
		<a id="24" s="H" t="H" l="H"/>
		<a id="25" s="H" t="H" l="H"/>
		<a id="26" s="H" t="H" l="H"/>
		<a id="27" s="H" t="H" l="H"/>
		<a id="28" s="H" t="H" l="H"/>
		<a id="29" s="H" t="H" l="H"/>
		<a id="30" s="H" t="H" l="H"/>
		<a id="31" s="H" t="H" l="H"/>
		<a id="32" s="H" t="H" l="H"/>
		<a id="33" s="H" t="H" l="H"/>
		<a id="34" s="H" t="H" l="H"/>
	</atoms>
	<bonds>
		<b id="1" c="1 2" t="1"/>
		<b id="2" c="2 3" t="1"/>
		<b id="3" c="3 4" t="1"/>
		<b id="4" c="4 5" t="1"/>
		<b id="5" c="5 6" t="1"/>
		<b id="6" c="6 7" t="1"/>
		<b id="7" c="7 8" t="1"/>
		<b id="8" c="8 9" t="ar"/>
		<b id="9" c="9 10" t="ar"/>
		<b id="10" c="10 11" t="ar"/>
		<b id="11" c="11 12" t="1"/>
		<b id="12" c="11 13" t="ar"/>
		<b id="13" c="13 14" t="ar"/>
		<b id="14" c="8 14" t="ar"/>
		<b id="15" c="6 15" t="1"/>
		<b id="16" c="15 16" t="1"/>
		<b id="17" c="3 16" t="1"/>
		<b id="18" c="1 17" t="1"/>
		<b id="19" c="1 18" t="1"/>
		<b id="20" c="1 19" t="1"/>
		<b id="21" c="2 20" t="1"/>
		<b id="22" c="2 21" t="1"/>
		<b id="23" c="4 22" t="1"/>
		<b id="24" c="4 23" t="1"/>
		<b id="25" c="5 24" t="1"/>
		<b id="26" c="5 25" t="1"/>
		<b id="27" c="7 26" t="1"/>
		<b id="28" c="7 27" t="1"/>
		<b id="29" c="9 28" t="1"/>
		<b id="30" c="10 29" t="1"/>
		<b id="31" c="14 30" t="1"/>
		<b id="32" c="15 31" t="1"/>
		<b id="33" c="15 32" t="1"/>
		<b id="34" c="16 33" t="1"/>
		<b id="35" c="16 34" t="1"/>
	</bonds>
	<geometry>
		<g u="A" t="cart/3d">#34,3:0.9252,0.6869,-0.2431;2.2337,0.1962,0.3712;2.8549,-0.8041,-0.4808;2.3010,-2.1414,-0.3420;2.8190,-2.8887,0.8998;4.2731,-2.9295,0.9837;4.8784,-3.9063,0.0952;4.5665,-5.2983,0.5675;4.6503,-5.6248,1.9201;4.3651,-6.9123,2.3340;4.0057,-7.8234,1.3509;3.5942,-9.6170,1.8277;3.9186,-7.5402,0.0740;4.1902,-6.3057,-0.3116;4.8099,-1.5838,0.8516;4.3042,-0.8632,-0.4083;0.5294,1.5146,0.3402;0.1794,-0.1032,-0.2664;1.1015,1.0227,-1.2611;2.0424,-0.1678,1.3930;2.9205,1.0430,0.4452;2.5679,-2.7002,-1.2452;1.2138,-2.0762,-0.3014;2.4363,-3.9114,0.9061;2.4616,-2.3886,1.8056;5.9637,-3.7610,0.1396;4.5719,-3.8049,-0.9580;4.9278,-4.8615,2.6307;4.4168,-7.2065,3.3701;4.0995,-6.1249,-1.3749;5.9008,-1.6352,0.8493;4.4960,-1.0247,1.7393;4.6535,-1.3976,-1.2985;4.7053,0.1513,-0.4476;</g>
	</geometry>
	<conformers/>
	<properties/>
</molecule>
