<?xml version="1.0" ?>
<!--MOLLI PACKAGE EXPERIMENTAL XML FORMAT-->
<molecule name="el1079">
	<atoms>
		<a id="1" s="C" t="C.3" l="C"/>
		<a id="2" s="C" t="C.3" l="C"/>
		<a id="3" s="C" t="C.3" l="C"/>
		<a id="4" s="C" t="C.3" l="C"/>
		<a id="5" s="O" t="O.3" l="O"/>
		<a id="6" s="C" t="C.2" l="C"/>
		<a id="7" s="O" t="O.2" l="O"/>
		<a id="8" s="N" t="N.am" l="N"/>
		<a id="9" s="C" t="C.3" l="C"/>
		<a id="10" s="C" t="C.3" l="C"/>
		<a id="11" s="C" t="C.3" l="C"/>
		<a id="12" s="C" t="C.3" l="C"/>
		<a id="13" s="O" t="O.3" l="O"/>
		<a id="14" s="C" t="C.ar" l="C"/>
		<a id="15" s="C" t="C.ar" l="C"/>
		<a id="16" s="N" t="N.ar" l="N"/>
		<a id="17" s="C" t="C.ar" l="C"/>
		<a id="18" s="C" t="C.ar" l="C"/>
		<a id="19" s="Br" t="Br" l="BR"/>
		<a id="20" s="C" t="C.ar" l="C"/>
		<a id="21" s="C" t="C.3" l="C"/>
		<a id="22" s="C" t="C.3" l="C"/>
		<a id="23" s="H" t="H" l="H"/>
		<a id="24" s="H" t="H" l="H"/>
		<a id="25" s="H" t="H" l="H"/>
		<a id="26" s="H" t="H" l="H"/>
		<a id="27" s="H" t="H" l="H"/>
		<a id="28" s="H" t="H" l="H"/>
		<a id="29" s="H" t="H" l="H"/>
		<a id="30" s="H" t="H" l="H"/>
		<a id="31" s="H" t="H" l="H"/>
		<a id="32" s="H" t="H" l="H"/>
		<a id="33" s="H" t="H" l="H"/>
		<a id="34" s="H" t="H" l="H"/>
		<a id="35" s="H" t="H" l="H"/>
		<a id="36" s="H" t="H" l="H"/>
		<a id="37" s="H" t="H" l="H"/>
		<a id="38" s="H" t="H" l="H"/>
		<a id="39" s="H" t="H" l="H"/>
		<a id="40" s="H" t="H" l="H"/>
		<a id="41" s="H" t="H" l="H"/>
		<a id="42" s="H" t="H" l="H"/>
		<a id="43" s="H" t="H" l="H"/>
		<a id="44" s="H" t="H" l="H"/>
		<a id="45" s="H" t="H" l="H"/>
	</atoms>
	<bonds>
		<b id="1" c="1 2" t="1"/>
		<b id="2" c="2 3" t="1"/>
		<b id="3" c="2 4" t="1"/>
		<b id="4" c="2 5" t="1"/>
		<b id="5" c="5 6" t="1"/>
		<b id="6" c="6 7" t="2"/>
		<b id="7" c="6 8" t="am"/>
		<b id="8" c="8 9" t="1"/>
		<b id="9" c="9 10" t="1"/>
		<b id="10" c="10 11" t="1"/>
		<b id="11" c="11 12" t="1"/>
		<b id="12" c="12 13" t="1"/>
		<b id="13" c="13 14" t="1"/>
		<b id="14" c="14 15" t="ar"/>
		<b id="15" c="15 16" t="ar"/>
		<b id="16" c="16 17" t="ar"/>
		<b id="17" c="17 18" t="ar"/>
		<b id="18" c="18 19" t="1"/>
		<b id="19" c="18 20" t="ar"/>
		<b id="20" c="14 20" t="ar"/>
		<b id="21" c="11 21" t="1"/>
		<b id="22" c="21 22" t="1"/>
		<b id="23" c="8 22" t="1"/>
		<b id="24" c="1 23" t="1"/>
		<b id="25" c="1 24" t="1"/>
		<b id="26" c="1 25" t="1"/>
		<b id="27" c="3 26" t="1"/>
		<b id="28" c="3 27" t="1"/>
		<b id="29" c="3 28" t="1"/>
		<b id="30" c="4 29" t="1"/>
		<b id="31" c="4 30" t="1"/>
		<b id="32" c="4 31" t="1"/>
		<b id="33" c="9 32" t="1"/>
		<b id="34" c="9 33" t="1"/>
		<b id="35" c="10 34" t="1"/>
		<b id="36" c="10 35" t="1"/>
		<b id="37" c="11 36" t="1"/>
		<b id="38" c="12 37" t="1"/>
		<b id="39" c="12 38" t="1"/>
		<b id="40" c="15 39" t="1"/>
		<b id="41" c="17 40" t="1"/>
		<b id="42" c="20 41" t="1"/>
		<b id="43" c="21 42" t="1"/>
		<b id="44" c="21 43" t="1"/>
		<b id="45" c="22 44" t="1"/>
		<b id="46" c="22 45" t="1"/>
	</bonds>
	<geometry>
		<g u="A" t="cart/3d">#45,3:3.9993,1.5111,0.0393;2.9303,0.5325,-0.4458;2.4208,-0.3383,0.7021;1.7706,1.2876,-1.0981;3.4497,-0.2951,-1.5138;4.4848,-1.1241,-1.2851;5.0862,-1.2338,-0.2402;4.7779,-1.8645,-2.3835;5.9051,-2.7692,-2.3610;6.9703,-2.3280,-3.3641;6.3909,-2.1441,-4.7717;6.0702,-3.4881,-5.4318;7.2946,-4.1803,-5.6100;7.2684,-5.4310,-6.1079;8.4959,-6.1054,-6.2088;8.6132,-7.3289,-6.6700;7.5360,-7.9822,-7.0681;6.2813,-7.4000,-7.0141;4.7499,-8.3637,-7.6037;6.1273,-6.1094,-6.5310;5.1598,-1.2344,-4.7106;4.1449,-1.7189,-3.6719;3.5722,2.1825,0.7787;4.3756,2.0981,-0.7961;4.8255,0.9675,0.4887;1.9470,0.2868,1.4536;3.2469,-0.8766,1.1579;1.6939,-1.0577,0.3304;1.3020,1.9455,-0.3726;1.0298,0.5844,-1.4699;2.1337,1.8812,-1.9331;5.5521,-3.7813,-2.5895;6.3106,-2.7640,-1.3482;7.7739,-3.0638,-3.3931;7.3891,-1.3767,-3.0321;7.1534,-1.6682,-5.3978;5.5914,-3.3176,-6.4062;5.3955,-4.0845,-4.8071;9.4047,-5.6129,-5.8959;7.6835,-8.9870,-7.4356;5.1466,-5.6616,-6.4964;4.6795,-1.1767,-5.6888;5.4856,-0.2306,-4.4330;3.7290,-2.6885,-3.9715;3.3270,-1.0054,-3.5841;</g>
	</geometry>
	<conformers/>
	<properties/>
</molecule>
