<?xml version="1.0" ?>
<!--MOLLI PACKAGE EXPERIMENTAL XML FORMAT-->
<molecule name="el1084">
	<atoms>
		<a id="1" s="C" t="C.3" l="C"/>
		<a id="2" s="O" t="O.3" l="O"/>
		<a id="3" s="C" t="C.ar" l="C"/>
		<a id="4" s="C" t="C.ar" l="C"/>
		<a id="5" s="C" t="C.ar" l="C"/>
		<a id="6" s="N" t="N.ar" l="N"/>
		<a id="7" s="N" t="N.ar" l="N"/>
		<a id="8" s="C" t="C.3" l="C"/>
		<a id="9" s="C" t="C.3" l="C"/>
		<a id="10" s="C" t="C.3" l="C"/>
		<a id="11" s="C" t="C.3" l="C"/>
		<a id="12" s="C" t="C.3" l="C"/>
		<a id="13" s="O" t="O.3" l="O"/>
		<a id="14" s="C" t="C.3" l="C"/>
		<a id="15" s="C" t="C.3" l="C"/>
		<a id="16" s="C" t="C.ar" l="C"/>
		<a id="17" s="C" t="C.ar" l="C"/>
		<a id="18" s="C" t="C.ar" l="C"/>
		<a id="19" s="C" t="C.ar" l="C"/>
		<a id="20" s="Br" t="Br" l="BR"/>
		<a id="21" s="H" t="H" l="H"/>
		<a id="22" s="H" t="H" l="H"/>
		<a id="23" s="H" t="H" l="H"/>
		<a id="24" s="H" t="H" l="H"/>
		<a id="25" s="H" t="H" l="H"/>
		<a id="26" s="H" t="H" l="H"/>
		<a id="27" s="H" t="H" l="H"/>
		<a id="28" s="H" t="H" l="H"/>
		<a id="29" s="H" t="H" l="H"/>
		<a id="30" s="H" t="H" l="H"/>
		<a id="31" s="H" t="H" l="H"/>
		<a id="32" s="H" t="H" l="H"/>
		<a id="33" s="H" t="H" l="H"/>
		<a id="34" s="H" t="H" l="H"/>
		<a id="35" s="H" t="H" l="H"/>
		<a id="36" s="H" t="H" l="H"/>
		<a id="37" s="H" t="H" l="H"/>
		<a id="38" s="H" t="H" l="H"/>
		<a id="39" s="H" t="H" l="H"/>
	</atoms>
	<bonds>
		<b id="1" c="1 2" t="1"/>
		<b id="2" c="2 3" t="1"/>
		<b id="3" c="3 4" t="ar"/>
		<b id="4" c="4 5" t="ar"/>
		<b id="5" c="5 6" t="ar"/>
		<b id="6" c="6 7" t="ar"/>
		<b id="7" c="8 9" t="1"/>
		<b id="8" c="9 10" t="1"/>
		<b id="9" c="10 11" t="1"/>
		<b id="10" c="12 13" t="1"/>
		<b id="11" c="11 14" t="1"/>
		<b id="12" c="14 15" t="1"/>
		<b id="13" c="8 15" t="1"/>
		<b id="14" c="7 16" t="ar"/>
		<b id="15" c="16 17" t="ar"/>
		<b id="16" c="5 17" t="ar"/>
		<b id="17" c="17 18" t="ar"/>
		<b id="18" c="18 19" t="ar"/>
		<b id="19" c="3 19" t="ar"/>
		<b id="20" c="19 20" t="1"/>
		<b id="21" c="8 7" t="1"/>
		<b id="22" c="11 12" t="1"/>
		<b id="23" c="1 21" t="1"/>
		<b id="24" c="1 22" t="1"/>
		<b id="25" c="1 23" t="1"/>
		<b id="26" c="4 24" t="1"/>
		<b id="27" c="8 25" t="1"/>
		<b id="28" c="9 26" t="1"/>
		<b id="29" c="9 27" t="1"/>
		<b id="30" c="10 28" t="1"/>
		<b id="31" c="10 29" t="1"/>
		<b id="32" c="11 30" t="1"/>
		<b id="33" c="12 31" t="1"/>
		<b id="34" c="12 32" t="1"/>
		<b id="35" c="13 33" t="1"/>
		<b id="36" c="14 34" t="1"/>
		<b id="37" c="14 35" t="1"/>
		<b id="38" c="15 36" t="1"/>
		<b id="39" c="15 37" t="1"/>
		<b id="40" c="16 38" t="1"/>
		<b id="41" c="18 39" t="1"/>
	</bonds>
	<geometry>
		<g u="A" t="cart/3d">#39,3:10.5413,7.1280,-8.5570;9.1715,6.9181,-8.7779;8.5701,5.8610,-8.1746;9.1896,4.9453,-7.3634;8.4083,3.9084,-6.8248;8.7893,2.9111,-6.0231;7.6977,2.1961,-5.7925;7.7124,0.9959,-4.9796;7.5749,-0.2475,-5.8679;8.8319,-0.4881,-6.6962;10.0821,-0.6243,-5.8228;10.0849,-1.9345,-5.0220;10.0218,-3.0756,-5.8444;10.2288,0.6044,-4.9244;8.9695,0.9069,-4.1143;6.6055,2.6771,-6.4069;7.0087,3.8090,-7.1082;6.3904,4.7571,-7.9389;7.1764,5.7472,-8.4472;6.4240,7.0717,-9.5824;10.7972,8.0208,-9.1254;11.1390,6.2844,-8.9160;10.7533,7.2972,-7.4962;10.2397,4.9928,-7.1296;6.8334,1.0575,-4.3229;6.7179,-0.1278,-6.5344;7.3794,-1.1094,-5.2299;8.9760,0.3477,-7.3842;8.7008,-1.3972,-7.2860;10.9543,-0.6601,-6.4900;10.9861,-1.9669,-4.3909;9.2133,-2.0057,-4.3705;10.7628,-3.0527,-6.4607;10.4410,1.4709,-5.5503;11.0660,0.4628,-4.2379;9.1077,1.8538,-3.5903;8.8076,0.1270,-3.3687;5.6443,2.2157,-6.3087;5.3373,4.7042,-8.1663;</g>
	</geometry>
	<conformers/>
	<properties/>
</molecule>
