<?xml version="1.0" ?>
<!--MOLLI PACKAGE EXPERIMENTAL XML FORMAT-->
<molecule name="el1085">
	<atoms>
		<a id="1" s="C" t="C.3" l="C"/>
		<a id="2" s="C" t="C.3" l="C"/>
		<a id="3" s="C" t="C.3" l="C"/>
		<a id="4" s="C" t="C.3" l="C"/>
		<a id="5" s="O" t="O.3" l="O"/>
		<a id="6" s="C" t="C.2" l="C"/>
		<a id="7" s="O" t="O.2" l="O"/>
		<a id="8" s="N" t="N.am" l="N"/>
		<a id="9" s="C" t="C.3" l="C"/>
		<a id="10" s="C" t="C.3" l="C"/>
		<a id="11" s="C" t="C.3" l="C"/>
		<a id="12" s="C" t="C.3" l="C"/>
		<a id="13" s="O" t="O.3" l="O"/>
		<a id="14" s="C" t="C.ar" l="C"/>
		<a id="15" s="C" t="C.ar" l="C"/>
		<a id="16" s="C" t="C.ar" l="C"/>
		<a id="17" s="C" t="C.ar" l="C"/>
		<a id="18" s="C" t="C.ar" l="C"/>
		<a id="19" s="Br" t="Br" l="BR"/>
		<a id="20" s="C" t="C.ar" l="C"/>
		<a id="21" s="C" t="C.3" l="C"/>
		<a id="22" s="C" t="C.3" l="C"/>
		<a id="23" s="H" t="H" l="H"/>
		<a id="24" s="H" t="H" l="H"/>
		<a id="25" s="H" t="H" l="H"/>
		<a id="26" s="H" t="H" l="H"/>
		<a id="27" s="H" t="H" l="H"/>
		<a id="28" s="H" t="H" l="H"/>
		<a id="29" s="H" t="H" l="H"/>
		<a id="30" s="H" t="H" l="H"/>
		<a id="31" s="H" t="H" l="H"/>
		<a id="32" s="H" t="H" l="H"/>
		<a id="33" s="H" t="H" l="H"/>
		<a id="34" s="H" t="H" l="H"/>
		<a id="35" s="H" t="H" l="H"/>
		<a id="36" s="H" t="H" l="H"/>
		<a id="37" s="H" t="H" l="H"/>
		<a id="38" s="H" t="H" l="H"/>
		<a id="39" s="H" t="H" l="H"/>
		<a id="40" s="H" t="H" l="H"/>
		<a id="41" s="H" t="H" l="H"/>
		<a id="42" s="H" t="H" l="H"/>
		<a id="43" s="H" t="H" l="H"/>
		<a id="44" s="H" t="H" l="H"/>
		<a id="45" s="H" t="H" l="H"/>
		<a id="46" s="H" t="H" l="H"/>
	</atoms>
	<bonds>
		<b id="1" c="1 2" t="1"/>
		<b id="2" c="2 3" t="1"/>
		<b id="3" c="2 4" t="1"/>
		<b id="4" c="2 5" t="1"/>
		<b id="5" c="5 6" t="1"/>
		<b id="6" c="6 7" t="2"/>
		<b id="7" c="6 8" t="am"/>
		<b id="8" c="8 9" t="1"/>
		<b id="9" c="9 10" t="1"/>
		<b id="10" c="10 11" t="1"/>
		<b id="11" c="11 12" t="1"/>
		<b id="12" c="12 13" t="1"/>
		<b id="13" c="13 14" t="1"/>
		<b id="14" c="14 15" t="ar"/>
		<b id="15" c="15 16" t="ar"/>
		<b id="16" c="16 17" t="ar"/>
		<b id="17" c="17 18" t="ar"/>
		<b id="18" c="18 19" t="1"/>
		<b id="19" c="18 20" t="ar"/>
		<b id="20" c="14 20" t="ar"/>
		<b id="21" c="11 21" t="1"/>
		<b id="22" c="21 22" t="1"/>
		<b id="23" c="8 22" t="1"/>
		<b id="24" c="1 23" t="1"/>
		<b id="25" c="1 24" t="1"/>
		<b id="26" c="1 25" t="1"/>
		<b id="27" c="3 26" t="1"/>
		<b id="28" c="3 27" t="1"/>
		<b id="29" c="3 28" t="1"/>
		<b id="30" c="4 29" t="1"/>
		<b id="31" c="4 30" t="1"/>
		<b id="32" c="4 31" t="1"/>
		<b id="33" c="9 32" t="1"/>
		<b id="34" c="9 33" t="1"/>
		<b id="35" c="10 34" t="1"/>
		<b id="36" c="10 35" t="1"/>
		<b id="37" c="11 36" t="1"/>
		<b id="38" c="12 37" t="1"/>
		<b id="39" c="12 38" t="1"/>
		<b id="40" c="15 39" t="1"/>
		<b id="41" c="16 40" t="1"/>
		<b id="42" c="17 41" t="1"/>
		<b id="43" c="20 42" t="1"/>
		<b id="44" c="21 43" t="1"/>
		<b id="45" c="21 44" t="1"/>
		<b id="46" c="22 45" t="1"/>
		<b id="47" c="22 46" t="1"/>
	</bonds>
	<geometry>
		<g u="A" t="cart/3d">#46,3:4.1578,1.4769,-0.2032;3.0412,0.4747,-0.4940;2.4569,-0.0879,0.8013;1.9433,1.1274,-1.3364;3.5299,-0.5974,-1.3339;4.5113,-1.4089,-0.8968;5.0849,-1.3156,0.1652;4.7745,-2.3923,-1.7936;5.8772,-3.2988,-1.5624;6.9864,-3.0725,-2.5899;6.4594,-3.1377,-4.0284;6.1260,-4.5728,-4.4474;7.3382,-5.3011,-4.4772;7.3043,-6.6175,-4.7923;6.1594,-7.3361,-5.1260;6.2532,-8.6844,-5.4297;7.4688,-9.3406,-5.4101;8.6009,-8.6137,-5.0783;10.2918,-9.4893,-5.0447;8.5383,-7.2722,-4.7706;5.2521,-2.2073,-4.1798;4.1910,-2.4799,-3.1108;3.7580,2.3179,0.3563;4.5841,1.8427,-1.1352;4.9414,1.0024,0.3807;2.0029,0.7138,1.3769;3.2407,-0.5511,1.3941;1.6986,-0.8349,0.5751;1.5076,1.9622,-0.7959;1.1639,0.4032,-1.5595;2.3579,1.4888,-2.2739;5.5043,-4.3276,-1.6142;6.2498,-3.1139,-0.5538;7.7692,-3.8185,-2.4545;7.4206,-2.0855,-2.4214;7.2549,-2.7993,-4.7012;5.6664,-4.5678,-5.4460;5.4287,-5.0399,-3.7424;5.1933,-6.8585,-5.1559;5.3589,-9.2313,-5.6871;7.5399,-10.3899,-5.6471;9.4215,-6.7104,-4.5124;4.8082,-2.3164,-5.1707;5.5928,-1.1760,-4.0722;3.7720,-3.4847,-3.2403;3.3820,-1.7551,-3.1877;</g>
	</geometry>
	<conformers/>
	<properties/>
</molecule>
