<?xml version="1.0" ?>
<!--MOLLI PACKAGE EXPERIMENTAL XML FORMAT-->
<molecule name="el1087">
	<atoms>
		<a id="1" s="C" t="C.3" l="C"/>
		<a id="2" s="C" t="C.3" l="C"/>
		<a id="3" s="O" t="O.3" l="O"/>
		<a id="4" s="C" t="C.2" l="C"/>
		<a id="5" s="O" t="O.2" l="O"/>
		<a id="6" s="C" t="C.ar" l="C"/>
		<a id="7" s="C" t="C.ar" l="C"/>
		<a id="8" s="N" t="N.ar" l="N"/>
		<a id="9" s="C" t="C.ar" l="C"/>
		<a id="10" s="C" t="C.ar" l="C"/>
		<a id="11" s="C" t="C.ar" l="C"/>
		<a id="12" s="C" t="C.ar" l="C"/>
		<a id="13" s="C" t="C.ar" l="C"/>
		<a id="14" s="C" t="C.ar" l="C"/>
		<a id="15" s="O" t="O.3" l="O"/>
		<a id="16" s="C" t="C.3" l="C"/>
		<a id="17" s="C" t="C.ar" l="C"/>
		<a id="18" s="Br" t="Br" l="BR"/>
		<a id="19" s="C" t="C.ar" l="C"/>
		<a id="20" s="C" t="C.ar" l="C"/>
		<a id="21" s="O" t="O.2" l="O"/>
		<a id="22" s="O" t="O.2" l="O"/>
		<a id="23" s="H" t="H" l="H"/>
		<a id="24" s="H" t="H" l="H"/>
		<a id="25" s="H" t="H" l="H"/>
		<a id="26" s="H" t="H" l="H"/>
		<a id="27" s="H" t="H" l="H"/>
		<a id="28" s="H" t="H" l="H"/>
		<a id="29" s="H" t="H" l="H"/>
		<a id="30" s="H" t="H" l="H"/>
		<a id="31" s="H" t="H" l="H"/>
		<a id="32" s="H" t="H" l="H"/>
		<a id="33" s="H" t="H" l="H"/>
		<a id="34" s="H" t="H" l="H"/>
	</atoms>
	<bonds>
		<b id="1" c="1 2" t="1"/>
		<b id="2" c="2 3" t="1"/>
		<b id="3" c="3 4" t="1"/>
		<b id="4" c="4 5" t="2"/>
		<b id="5" c="4 6" t="1"/>
		<b id="6" c="6 7" t="ar"/>
		<b id="7" c="7 8" t="ar"/>
		<b id="8" c="8 9" t="ar"/>
		<b id="9" c="9 10" t="1"/>
		<b id="10" c="10 11" t="ar"/>
		<b id="11" c="11 12" t="ar"/>
		<b id="12" c="12 13" t="ar"/>
		<b id="13" c="13 14" t="ar"/>
		<b id="14" c="14 15" t="1"/>
		<b id="15" c="15 16" t="1"/>
		<b id="16" c="14 17" t="ar"/>
		<b id="17" c="17 18" t="1"/>
		<b id="18" c="17 19" t="ar"/>
		<b id="19" c="19 20" t="ar"/>
		<b id="20" c="12 20" t="ar"/>
		<b id="21" c="20 21" t="ar"/>
		<b id="22" c="10 21" t="ar"/>
		<b id="23" c="9 22" t="ar"/>
		<b id="24" c="6 22" t="ar"/>
		<b id="25" c="1 23" t="1"/>
		<b id="26" c="1 24" t="1"/>
		<b id="27" c="1 25" t="1"/>
		<b id="28" c="2 26" t="1"/>
		<b id="29" c="2 27" t="1"/>
		<b id="30" c="7 28" t="1"/>
		<b id="31" c="11 29" t="1"/>
		<b id="32" c="13 30" t="1"/>
		<b id="33" c="16 31" t="1"/>
		<b id="34" c="16 32" t="1"/>
		<b id="35" c="16 33" t="1"/>
		<b id="36" c="19 34" t="1"/>
	</bonds>
	<geometry>
		<g u="A" t="cart/3d">#34,3:3.6397,4.3357,-5.6554;4.7857,4.0768,-4.6883;5.1532,2.6967,-4.6816;4.4461,1.8883,-3.8923;3.5484,2.2351,-3.1641;4.8985,0.4974,-4.0006;4.4751,-0.6401,-3.3522;5.1945,-1.6910,-3.7960;6.0204,-1.1894,-4.6836;6.9807,-1.9412,-5.4334;7.2392,-3.2851,-5.3908;8.2736,-3.5108,-6.3392;8.9780,-4.6172,-6.7892;9.9621,-4.4880,-7.7703;10.5345,-5.6799,-8.0699;11.4832,-5.8778,-9.0956;10.2225,-3.2014,-8.2861;11.5461,-2.8000,-9.6118;9.5277,-2.0800,-7.8546;8.5578,-2.2407,-6.8874;7.7706,-1.2940,-6.3334;5.8888,0.1331,-4.8504;3.4249,5.3998,-5.6904;2.7485,3.8073,-5.3252;3.9057,3.9933,-6.6528;4.5008,4.3726,-3.6733;5.6892,4.6079,-4.9944;3.7105,-0.7446,-2.6112;6.7462,-3.9962,-4.7627;8.7883,-5.6032,-6.3982;11.6507,-6.9548,-9.1052;12.4299,-5.3753,-8.8855;11.1050,-5.5696,-10.0727;9.7466,-1.1085,-8.2674;</g>
	</geometry>
	<conformers/>
	<properties/>
</molecule>
