<?xml version="1.0" ?>
<!--MOLLI PACKAGE EXPERIMENTAL XML FORMAT-->
<molecule name="el1088">
	<atoms>
		<a id="1" s="C" t="C.3" l="C"/>
		<a id="2" s="C" t="C.2" l="C"/>
		<a id="3" s="O" t="O.2" l="O"/>
		<a id="4" s="N" t="N.am" l="N"/>
		<a id="5" s="C" t="C.ar" l="C"/>
		<a id="6" s="C" t="C.ar" l="C"/>
		<a id="7" s="C" t="C.ar" l="C"/>
		<a id="8" s="C" t="C.ar" l="C"/>
		<a id="9" s="C" t="C.ar" l="C"/>
		<a id="10" s="C" t="C.ar" l="C"/>
		<a id="11" s="C" t="C.ar" l="C"/>
		<a id="12" s="N" t="N.ar" l="N"/>
		<a id="13" s="C" t="C.ar" l="C"/>
		<a id="14" s="N" t="N.am" l="N"/>
		<a id="15" s="C" t="C.2" l="C"/>
		<a id="16" s="C" t="C.3" l="C"/>
		<a id="17" s="O" t="O.2" l="O"/>
		<a id="18" s="C" t="C.ar" l="C"/>
		<a id="19" s="Br" t="Br" l="BR"/>
		<a id="20" s="N" t="N.ar" l="N"/>
		<a id="21" s="C" t="C.ar" l="C"/>
		<a id="22" s="H" t="H" l="H"/>
		<a id="23" s="H" t="H" l="H"/>
		<a id="24" s="H" t="H" l="H"/>
		<a id="25" s="H" t="H" l="H"/>
		<a id="26" s="H" t="H" l="H"/>
		<a id="27" s="H" t="H" l="H"/>
		<a id="28" s="H" t="H" l="H"/>
		<a id="29" s="H" t="H" l="H"/>
		<a id="30" s="H" t="H" l="H"/>
		<a id="31" s="H" t="H" l="H"/>
		<a id="32" s="H" t="H" l="H"/>
		<a id="33" s="H" t="H" l="H"/>
		<a id="34" s="H" t="H" l="H"/>
	</atoms>
	<bonds>
		<b id="1" c="1 2" t="1"/>
		<b id="2" c="2 3" t="2"/>
		<b id="3" c="2 4" t="am"/>
		<b id="4" c="4 5" t="1"/>
		<b id="5" c="5 6" t="ar"/>
		<b id="6" c="6 7" t="ar"/>
		<b id="7" c="7 8" t="ar"/>
		<b id="8" c="8 9" t="ar"/>
		<b id="9" c="9 10" t="1"/>
		<b id="10" c="10 11" t="ar"/>
		<b id="11" c="11 12" t="ar"/>
		<b id="12" c="12 13" t="ar"/>
		<b id="13" c="13 14" t="1"/>
		<b id="14" c="14 15" t="am"/>
		<b id="15" c="15 16" t="1"/>
		<b id="16" c="15 17" t="2"/>
		<b id="17" c="13 18" t="ar"/>
		<b id="18" c="18 19" t="1"/>
		<b id="19" c="18 20" t="ar"/>
		<b id="20" c="10 20" t="ar"/>
		<b id="21" c="9 21" t="ar"/>
		<b id="22" c="5 21" t="ar"/>
		<b id="23" c="1 22" t="1"/>
		<b id="24" c="1 23" t="1"/>
		<b id="25" c="1 24" t="1"/>
		<b id="26" c="4 25" t="1"/>
		<b id="27" c="6 26" t="1"/>
		<b id="28" c="7 27" t="1"/>
		<b id="29" c="8 28" t="1"/>
		<b id="30" c="11 29" t="1"/>
		<b id="31" c="14 30" t="1"/>
		<b id="32" c="16 31" t="1"/>
		<b id="33" c="16 32" t="1"/>
		<b id="34" c="16 33" t="1"/>
		<b id="35" c="21 34" t="1"/>
	</bonds>
	<geometry>
		<g u="A" t="cart/3d">#34,3:1.1391,-0.1269,0.5429;2.5189,0.0333,-0.0608;2.7641,-0.1702,-1.2257;3.4411,0.4345,0.8674;4.8031,0.6895,0.7023;5.4593,0.5538,-0.5196;6.8145,0.8205,-0.5994;7.5324,1.2260,0.5100;6.8841,1.3717,1.7366;7.5892,1.7949,2.9441;8.8582,2.3744,2.9712;9.4576,2.7200,4.0970;8.8426,2.5252,5.2575;9.4379,2.8537,6.4414;10.6874,3.3887,6.7272;11.5901,3.6699,5.5686;10.9672,3.5904,7.8825;7.5438,1.9728,5.2171;6.5362,1.6990,6.8212;6.9559,1.6254,4.1138;5.5221,1.0970,1.8201;0.4484,-0.4537,-0.2285;0.7958,0.8216,0.9511;1.1602,-0.8661,1.3410;3.1054,0.5681,1.8118;4.9081,0.2392,-1.3895;7.3183,0.7061,-1.5472;8.5914,1.4097,0.4232;9.4206,2.5885,2.0750;8.8774,2.6823,7.2735;11.7825,2.7543,5.0159;12.5223,4.0832,5.9434;11.1160,4.3707,4.8870;5.0312,1.2078,2.7757;</g>
	</geometry>
	<conformers/>
	<properties/>
</molecule>
