<?xml version="1.0" ?>
<!--MOLLI PACKAGE EXPERIMENTAL XML FORMAT-->
<molecule name="el1090">
	<atoms>
		<a id="1" s="N" t="N.am" l="N"/>
		<a id="2" s="C" t="C.2" l="C"/>
		<a id="3" s="O" t="O.2" l="O"/>
		<a id="4" s="C" t="C.ar" l="C"/>
		<a id="5" s="C" t="C.ar" l="C"/>
		<a id="6" s="C" t="C.ar" l="C"/>
		<a id="7" s="C" t="C.ar" l="C"/>
		<a id="8" s="Br" t="Br" l="BR"/>
		<a id="9" s="C" t="C.ar" l="C"/>
		<a id="10" s="C" t="C.ar" l="C"/>
		<a id="11" s="H" t="H" l="H"/>
		<a id="12" s="H" t="H" l="H"/>
		<a id="13" s="H" t="H" l="H"/>
		<a id="14" s="H" t="H" l="H"/>
		<a id="15" s="H" t="H" l="H"/>
		<a id="16" s="H" t="H" l="H"/>
	</atoms>
	<bonds>
		<b id="1" c="1 2" t="am"/>
		<b id="2" c="2 3" t="2"/>
		<b id="3" c="2 4" t="1"/>
		<b id="4" c="4 5" t="ar"/>
		<b id="5" c="5 6" t="ar"/>
		<b id="6" c="6 7" t="ar"/>
		<b id="7" c="7 8" t="1"/>
		<b id="8" c="7 9" t="ar"/>
		<b id="9" c="9 10" t="ar"/>
		<b id="10" c="4 10" t="ar"/>
		<b id="11" c="1 11" t="1"/>
		<b id="12" c="1 12" t="1"/>
		<b id="13" c="5 13" t="1"/>
		<b id="14" c="6 14" t="1"/>
		<b id="15" c="9 15" t="1"/>
		<b id="16" c="10 16" t="1"/>
	</bonds>
	<geometry>
		<g u="A" t="cart/3d">#16,3:1.0838,-0.1057,0.0387;2.4173,0.1314,0.1049;2.9328,1.0826,-0.4413;3.2068,-0.8642,0.8923;2.8332,-2.1991,1.0148;3.6144,-3.0789,1.7417;4.7694,-2.6160,2.3501;5.8352,-3.8254,3.3626;5.1674,-1.2947,2.2278;4.3852,-0.4268,1.4913;0.5074,0.5645,-0.4425;0.6352,-0.8043,0.6023;1.9482,-2.5725,0.5212;3.3312,-4.1162,1.8339;6.0766,-0.9540,2.6984;4.6755,0.6052,1.3673;</g>
	</geometry>
	<conformers/>
	<properties/>
</molecule>
