<?xml version="1.0" ?>
<!--MOLLI PACKAGE EXPERIMENTAL XML FORMAT-->
<molecule name="el1091">
	<atoms>
		<a id="1" s="C" t="C.3" l="C"/>
		<a id="2" s="O" t="O.3" l="O"/>
		<a id="3" s="C" t="C.ar" l="C"/>
		<a id="4" s="C" t="C.ar" l="C"/>
		<a id="5" s="C" t="C.ar" l="C"/>
		<a id="6" s="C" t="C.ar" l="C"/>
		<a id="7" s="S" t="S.2" l="S"/>
		<a id="8" s="C" t="C.ar" l="C"/>
		<a id="9" s="C" t="C.3" l="C"/>
		<a id="10" s="N" t="N.pl3" l="N"/>
		<a id="11" s="C" t="C.ar" l="C"/>
		<a id="12" s="N" t="N.ar" l="N"/>
		<a id="13" s="N" t="N.ar" l="N"/>
		<a id="14" s="C" t="C.ar" l="C"/>
		<a id="15" s="C" t="C.ar" l="C"/>
		<a id="16" s="C" t="C.ar" l="C"/>
		<a id="17" s="C" t="C.ar" l="C"/>
		<a id="18" s="C" t="C.3" l="C"/>
		<a id="19" s="C" t="C.ar" l="C"/>
		<a id="20" s="C" t="C.ar" l="C"/>
		<a id="21" s="Br" t="Br" l="BR"/>
		<a id="22" s="C" t="C.ar" l="C"/>
		<a id="23" s="C" t="C.ar" l="C"/>
		<a id="24" s="C" t="C.3" l="C"/>
		<a id="25" s="N" t="N.ar" l="N"/>
		<a id="26" s="N" t="N.ar" l="N"/>
		<a id="27" s="C" t="C.ar" l="C"/>
		<a id="28" s="C" t="C.ar" l="C"/>
		<a id="29" s="H" t="H" l="H"/>
		<a id="30" s="H" t="H" l="H"/>
		<a id="31" s="H" t="H" l="H"/>
		<a id="32" s="H" t="H" l="H"/>
		<a id="33" s="H" t="H" l="H"/>
		<a id="34" s="H" t="H" l="H"/>
		<a id="35" s="H" t="H" l="H"/>
		<a id="36" s="H" t="H" l="H"/>
		<a id="37" s="H" t="H" l="H"/>
		<a id="38" s="H" t="H" l="H"/>
		<a id="39" s="H" t="H" l="H"/>
		<a id="40" s="H" t="H" l="H"/>
		<a id="41" s="H" t="H" l="H"/>
		<a id="42" s="H" t="H" l="H"/>
		<a id="43" s="H" t="H" l="H"/>
		<a id="44" s="H" t="H" l="H"/>
		<a id="45" s="H" t="H" l="H"/>
		<a id="46" s="H" t="H" l="H"/>
	</atoms>
	<bonds>
		<b id="1" c="1 2" t="1"/>
		<b id="2" c="2 3" t="1"/>
		<b id="3" c="3 4" t="ar"/>
		<b id="4" c="4 5" t="ar"/>
		<b id="5" c="5 6" t="ar"/>
		<b id="6" c="6 7" t="ar"/>
		<b id="7" c="7 8" t="ar"/>
		<b id="8" c="8 9" t="1"/>
		<b id="9" c="9 10" t="1"/>
		<b id="10" c="10 11" t="1"/>
		<b id="11" c="11 12" t="ar"/>
		<b id="12" c="12 13" t="ar"/>
		<b id="13" c="13 14" t="ar"/>
		<b id="14" c="14 15" t="ar"/>
		<b id="15" c="15 16" t="1"/>
		<b id="16" c="16 17" t="ar"/>
		<b id="17" c="17 18" t="1"/>
		<b id="18" c="17 19" t="ar"/>
		<b id="19" c="19 20" t="ar"/>
		<b id="20" c="20 21" t="1"/>
		<b id="21" c="20 22" t="ar"/>
		<b id="22" c="22 23" t="ar"/>
		<b id="23" c="16 23" t="ar"/>
		<b id="24" c="23 24" t="1"/>
		<b id="25" c="15 25" t="ar"/>
		<b id="26" c="11 25" t="ar"/>
		<b id="27" c="8 26" t="ar"/>
		<b id="28" c="26 27" t="ar"/>
		<b id="29" c="6 27" t="ar"/>
		<b id="30" c="27 28" t="ar"/>
		<b id="31" c="3 28" t="ar"/>
		<b id="32" c="1 29" t="1"/>
		<b id="33" c="1 30" t="1"/>
		<b id="34" c="1 31" t="1"/>
		<b id="35" c="4 32" t="1"/>
		<b id="36" c="5 33" t="1"/>
		<b id="37" c="9 34" t="1"/>
		<b id="38" c="9 35" t="1"/>
		<b id="39" c="10 36" t="1"/>
		<b id="40" c="14 37" t="1"/>
		<b id="41" c="18 38" t="1"/>
		<b id="42" c="18 39" t="1"/>
		<b id="43" c="18 40" t="1"/>
		<b id="44" c="19 41" t="1"/>
		<b id="45" c="22 42" t="1"/>
		<b id="46" c="24 43" t="1"/>
		<b id="47" c="24 44" t="1"/>
		<b id="48" c="24 45" t="1"/>
		<b id="49" c="28 46" t="1"/>
	</bonds>
	<geometry>
		<g u="A" t="cart/3d">#46,3:1.1885,-0.0765,-1.8634;2.5618,0.1701,-2.0486;3.3879,-0.8725,-2.3289;2.9706,-2.2050,-2.4357;3.8709,-3.2130,-2.7246;5.2004,-2.8866,-2.9098;6.5523,-3.9139,-3.2864;7.5734,-2.4685,-3.2752;9.0185,-2.5716,-3.6320;9.1734,-2.8074,-5.0494;9.4011,-4.0277,-5.5659;9.2605,-4.1564,-6.8926;9.4919,-5.3107,-7.4314;9.8837,-6.3246,-6.6859;10.0668,-6.1696,-5.3017;10.5518,-7.2823,-4.4607;11.9021,-7.6356,-4.5108;12.8610,-6.8667,-5.3680;12.3477,-8.6991,-3.7398;11.4524,-9.3881,-2.9433;12.0782,-10.8512,-1.8919;10.1159,-9.0397,-2.8889;9.6522,-7.9756,-3.6486;8.2091,-7.5790,-3.6057;9.8022,-5.0066,-4.7371;6.9727,-1.3711,-3.0259;5.6366,-1.5450,-2.8061;4.7259,-0.5425,-2.5140;0.7423,0.8959,-1.6606;1.0086,-0.7398,-1.0112;0.7308,-0.5026,-2.7618;1.9345,-2.4670,-2.2944;3.5380,-4.2358,-2.8053;9.4871,-3.4133,-3.1158;9.5139,-1.6354,-3.3601;8.7937,-2.1246,-5.6881;10.0481,-7.2633,-7.1917;12.8017,-5.8024,-5.1430;12.6222,-6.9959,-6.4233;13.8809,-7.2027,-5.2019;13.3881,-8.9859,-3.7609;9.4367,-9.5914,-2.2569;7.6407,-8.2529,-2.9705;7.7785,-7.5942,-4.6064;8.1091,-6.5652,-3.2202;5.0457,0.4825,-2.4333;</g>
	</geometry>
	<conformers/>
	<properties/>
</molecule>
