<?xml version="1.0" ?>
<!--MOLLI PACKAGE EXPERIMENTAL XML FORMAT-->
<molecule name="el1098">
	<atoms>
		<a id="1" s="C" t="C.3" l="C"/>
		<a id="2" s="O" t="O.3" l="O"/>
		<a id="3" s="C" t="C.2" l="C"/>
		<a id="4" s="O" t="O.2" l="O"/>
		<a id="5" s="C" t="C.ar" l="C"/>
		<a id="6" s="N" t="N.ar" l="N"/>
		<a id="7" s="C" t="C.ar" l="C"/>
		<a id="8" s="C" t="C.ar" l="C"/>
		<a id="9" s="Br" t="Br" l="BR"/>
		<a id="10" s="C" t="C.ar" l="C"/>
		<a id="11" s="C" t="C.ar" l="C"/>
		<a id="12" s="O" t="O.3" l="O"/>
		<a id="13" s="C" t="C.3" l="C"/>
		<a id="14" s="C" t="C.ar" l="C"/>
		<a id="15" s="C" t="C.ar" l="C"/>
		<a id="16" s="C" t="C.ar" l="C"/>
		<a id="17" s="C" t="C.ar" l="C"/>
		<a id="18" s="C" t="C.ar" l="C"/>
		<a id="19" s="C" t="C.ar" l="C"/>
		<a id="20" s="H" t="H" l="H"/>
		<a id="21" s="H" t="H" l="H"/>
		<a id="22" s="H" t="H" l="H"/>
		<a id="23" s="H" t="H" l="H"/>
		<a id="24" s="H" t="H" l="H"/>
		<a id="25" s="H" t="H" l="H"/>
		<a id="26" s="H" t="H" l="H"/>
		<a id="27" s="H" t="H" l="H"/>
		<a id="28" s="H" t="H" l="H"/>
		<a id="29" s="H" t="H" l="H"/>
		<a id="30" s="H" t="H" l="H"/>
		<a id="31" s="H" t="H" l="H"/>
	</atoms>
	<bonds>
		<b id="1" c="1 2" t="1"/>
		<b id="2" c="2 3" t="1"/>
		<b id="3" c="3 4" t="2"/>
		<b id="4" c="3 5" t="1"/>
		<b id="5" c="5 6" t="ar"/>
		<b id="6" c="6 7" t="ar"/>
		<b id="7" c="7 8" t="ar"/>
		<b id="8" c="8 9" t="1"/>
		<b id="9" c="8 10" t="ar"/>
		<b id="10" c="10 11" t="ar"/>
		<b id="11" c="5 11" t="ar"/>
		<b id="12" c="11 12" t="1"/>
		<b id="13" c="12 13" t="1"/>
		<b id="14" c="13 14" t="1"/>
		<b id="15" c="14 15" t="ar"/>
		<b id="16" c="15 16" t="ar"/>
		<b id="17" c="16 17" t="ar"/>
		<b id="18" c="17 18" t="ar"/>
		<b id="19" c="18 19" t="ar"/>
		<b id="20" c="14 19" t="ar"/>
		<b id="21" c="1 20" t="1"/>
		<b id="22" c="1 21" t="1"/>
		<b id="23" c="1 22" t="1"/>
		<b id="24" c="7 23" t="1"/>
		<b id="25" c="10 24" t="1"/>
		<b id="26" c="13 25" t="1"/>
		<b id="27" c="13 26" t="1"/>
		<b id="28" c="15 27" t="1"/>
		<b id="29" c="16 28" t="1"/>
		<b id="30" c="17 29" t="1"/>
		<b id="31" c="18 30" t="1"/>
		<b id="32" c="19 31" t="1"/>
	</bonds>
	<geometry>
		<g u="A" t="cart/3d">#31,3:1.2293,-2.5229,0.9405;2.6003,-2.2136,0.7299;3.0209,-1.0526,1.2206;2.3069,-0.2509,1.7720;4.5022,-0.9019,1.0636;5.1708,-1.9614,1.5116;6.4779,-1.9603,1.5784;7.2173,-0.8447,1.1920;9.1063,-0.8506,1.3422;6.5643,0.2565,0.6879;5.1628,0.2481,0.5928;4.6404,1.3377,0.0184;3.2730,1.3976,-0.3696;3.1296,2.5456,-1.3324;2.7598,2.3305,-2.6519;2.6375,3.3971,-3.5262;2.8946,4.6850,-3.0898;3.2726,4.9045,-1.7754;3.3869,3.8404,-0.8996;1.0691,-3.5021,0.4977;0.5923,-1.7749,0.4625;1.0062,-2.5421,2.0088;6.9480,-2.8556,1.9572;7.0957,1.1336,0.3525;2.6412,1.5556,0.5140;2.9790,0.4535,-0.8461;2.5624,1.3258,-2.9981;2.3449,3.2203,-4.5506;2.8017,5.5162,-3.7729;3.4754,5.9080,-1.4318;3.6812,4.0073,0.1256;</g>
	</geometry>
	<conformers/>
	<properties/>
</molecule>
