<?xml version="1.0" ?>
<!--MOLLI PACKAGE EXPERIMENTAL XML FORMAT-->
<molecule name="el1100">
	<atoms>
		<a id="1" s="C" t="C.3" l="C"/>
		<a id="2" s="O" t="O.3" l="O"/>
		<a id="3" s="C" t="C.2" l="C"/>
		<a id="4" s="O" t="O.2" l="O"/>
		<a id="5" s="C" t="C.ar" l="C"/>
		<a id="6" s="C" t="C.ar" l="C"/>
		<a id="7" s="C" t="C.ar" l="C"/>
		<a id="8" s="C" t="C.ar" l="C"/>
		<a id="9" s="C" t="C.ar" l="C"/>
		<a id="10" s="C" t="C.3" l="C"/>
		<a id="11" s="O" t="O.3" l="O"/>
		<a id="12" s="C" t="C.ar" l="C"/>
		<a id="13" s="C" t="C.ar" l="C"/>
		<a id="14" s="C" t="C.ar" l="C"/>
		<a id="15" s="C" t="C.ar" l="C"/>
		<a id="16" s="C" t="C.ar" l="C"/>
		<a id="17" s="C" t="C.ar" l="C"/>
		<a id="18" s="C" t="C.ar" l="C"/>
		<a id="19" s="F" t="F" l="F"/>
		<a id="20" s="C" t="C.ar" l="C"/>
		<a id="21" s="F" t="F" l="F"/>
		<a id="22" s="C" t="C.ar" l="C"/>
		<a id="23" s="C" t="C.ar" l="C"/>
		<a id="24" s="O" t="O.3" l="O"/>
		<a id="25" s="C" t="C.3" l="C"/>
		<a id="26" s="C" t="C.ar" l="C"/>
		<a id="27" s="C" t="C.ar" l="C"/>
		<a id="28" s="C" t="C.ar" l="C"/>
		<a id="29" s="Br" t="Br" l="BR"/>
		<a id="30" s="H" t="H" l="H"/>
		<a id="31" s="H" t="H" l="H"/>
		<a id="32" s="H" t="H" l="H"/>
		<a id="33" s="H" t="H" l="H"/>
		<a id="34" s="H" t="H" l="H"/>
		<a id="35" s="H" t="H" l="H"/>
		<a id="36" s="H" t="H" l="H"/>
		<a id="37" s="H" t="H" l="H"/>
		<a id="38" s="H" t="H" l="H"/>
		<a id="39" s="H" t="H" l="H"/>
		<a id="40" s="H" t="H" l="H"/>
		<a id="41" s="H" t="H" l="H"/>
		<a id="42" s="H" t="H" l="H"/>
		<a id="43" s="H" t="H" l="H"/>
		<a id="44" s="H" t="H" l="H"/>
		<a id="45" s="H" t="H" l="H"/>
		<a id="46" s="H" t="H" l="H"/>
	</atoms>
	<bonds>
		<b id="1" c="1 2" t="1"/>
		<b id="2" c="2 3" t="1"/>
		<b id="3" c="3 4" t="2"/>
		<b id="4" c="3 5" t="1"/>
		<b id="5" c="5 6" t="ar"/>
		<b id="6" c="6 7" t="ar"/>
		<b id="7" c="7 8" t="ar"/>
		<b id="8" c="8 9" t="ar"/>
		<b id="9" c="9 10" t="1"/>
		<b id="10" c="10 11" t="1"/>
		<b id="11" c="11 12" t="1"/>
		<b id="12" c="12 13" t="ar"/>
		<b id="13" c="13 14" t="ar"/>
		<b id="14" c="14 15" t="ar"/>
		<b id="15" c="15 16" t="1"/>
		<b id="16" c="16 17" t="ar"/>
		<b id="17" c="17 18" t="ar"/>
		<b id="18" c="18 19" t="1"/>
		<b id="19" c="18 20" t="ar"/>
		<b id="20" c="20 21" t="1"/>
		<b id="21" c="20 22" t="ar"/>
		<b id="22" c="22 23" t="ar"/>
		<b id="23" c="16 23" t="ar"/>
		<b id="24" c="23 24" t="1"/>
		<b id="25" c="24 25" t="1"/>
		<b id="26" c="15 26" t="ar"/>
		<b id="27" c="26 27" t="ar"/>
		<b id="28" c="12 27" t="ar"/>
		<b id="29" c="9 28" t="ar"/>
		<b id="30" c="5 28" t="ar"/>
		<b id="31" c="28 29" t="1"/>
		<b id="32" c="1 30" t="1"/>
		<b id="33" c="1 31" t="1"/>
		<b id="34" c="1 32" t="1"/>
		<b id="35" c="6 33" t="1"/>
		<b id="36" c="7 34" t="1"/>
		<b id="37" c="8 35" t="1"/>
		<b id="38" c="10 36" t="1"/>
		<b id="39" c="10 37" t="1"/>
		<b id="40" c="13 38" t="1"/>
		<b id="41" c="14 39" t="1"/>
		<b id="42" c="17 40" t="1"/>
		<b id="43" c="22 41" t="1"/>
		<b id="44" c="25 42" t="1"/>
		<b id="45" c="25 43" t="1"/>
		<b id="46" c="25 44" t="1"/>
		<b id="47" c="26 45" t="1"/>
		<b id="48" c="27 46" t="1"/>
	</bonds>
	<geometry>
		<g u="A" t="cart/3d">#46,3:8.6191,-1.3646,-6.6660;7.8620,-1.3681,-5.4646;8.4009,-2.0531,-4.4459;9.4542,-2.6302,-4.5263;7.5270,-2.0278,-3.2429;6.1605,-1.7955,-3.3942;5.3210,-1.8228,-2.2991;5.8325,-2.0892,-1.0402;7.1883,-2.3187,-0.8583;7.7471,-2.6146,0.5072;6.6984,-2.7472,1.4357;6.9890,-3.2359,2.6746;8.2696,-3.4607,3.1662;8.4358,-3.9800,4.4380;7.3449,-4.2955,5.2392;7.5525,-4.8719,6.5779;8.4739,-4.3009,7.4427;8.6971,-4.8327,8.7003;9.5925,-4.2505,9.5209;7.9961,-5.9568,9.1010;8.1940,-6.4956,10.3178;7.0772,-6.5514,8.2529;6.8447,-6.0192,6.9905;5.9805,-6.5557,6.0947;5.3141,-7.7521,6.4223;6.0654,-4.0479,4.7451;5.8896,-3.5210,3.4856;8.0308,-2.2806,-1.9682;9.8891,-2.5380,-1.6939;8.0800,-0.7284,-7.3627;8.7082,-2.3790,-7.0607;9.6212,-0.9722,-6.4814;5.7746,-1.6019,-4.3821;4.2647,-1.6415,-2.4235;5.1878,-2.1231,-0.1770;8.4289,-1.8013,0.8030;8.3341,-3.5439,0.4591;9.1438,-3.2383,2.5748;9.4353,-4.1657,4.8023;9.0198,-3.4195,7.1463;6.5624,-7.4288,8.6079;4.7247,-8.0057,5.5427;4.6458,-7.6199,7.2791;6.0198,-8.5621,6.6303;5.2052,-4.2643,5.3580;4.9017,-3.3260,3.0987;</g>
	</geometry>
	<conformers/>
	<properties/>
</molecule>
