<?xml version="1.0" ?>
<!--MOLLI PACKAGE EXPERIMENTAL XML FORMAT-->
<molecule name="el651">
	<atoms>
		<a id="1" s="C" t="C.3" l="C"/>
		<a id="2" s="C" t="C.3" l="C"/>
		<a id="3" s="N" t="N.am" l="N"/>
		<a id="4" s="C" t="C.2" l="C"/>
		<a id="5" s="O" t="O.2" l="O"/>
		<a id="6" s="C" t="C.ar" l="C"/>
		<a id="7" s="C" t="C.ar" l="C"/>
		<a id="8" s="C" t="C.ar" l="C"/>
		<a id="9" s="C" t="C.ar" l="C"/>
		<a id="10" s="C" t="C.ar" l="C"/>
		<a id="11" s="C" t="C.ar" l="C"/>
		<a id="12" s="C" t="C.ar" l="C"/>
		<a id="13" s="C" t="C.ar" l="C"/>
		<a id="14" s="C" t="C.ar" l="C"/>
		<a id="15" s="C" t="C.ar" l="C"/>
		<a id="16" s="C" t="C.ar" l="C"/>
		<a id="17" s="C" t="C.ar" l="C"/>
		<a id="18" s="C" t="C.ar" l="C"/>
		<a id="19" s="C" t="C.ar" l="C"/>
		<a id="20" s="C" t="C.ar" l="C"/>
		<a id="21" s="C" t="C.ar" l="C"/>
		<a id="22" s="C" t="C.ar" l="C"/>
		<a id="23" s="C" t="C.ar" l="C"/>
		<a id="24" s="C" t="C.ar" l="C"/>
		<a id="25" s="C" t="C.ar" l="C"/>
		<a id="26" s="C" t="C.ar" l="C"/>
		<a id="27" s="Br" t="Br" l="BR"/>
		<a id="28" s="N" t="N.ar" l="N"/>
		<a id="29" s="H" t="H" l="H"/>
		<a id="30" s="H" t="H" l="H"/>
		<a id="31" s="H" t="H" l="H"/>
		<a id="32" s="H" t="H" l="H"/>
		<a id="33" s="H" t="H" l="H"/>
		<a id="34" s="H" t="H" l="H"/>
		<a id="35" s="H" t="H" l="H"/>
		<a id="36" s="H" t="H" l="H"/>
		<a id="37" s="H" t="H" l="H"/>
		<a id="38" s="H" t="H" l="H"/>
		<a id="39" s="H" t="H" l="H"/>
		<a id="40" s="H" t="H" l="H"/>
		<a id="41" s="H" t="H" l="H"/>
		<a id="42" s="H" t="H" l="H"/>
		<a id="43" s="H" t="H" l="H"/>
		<a id="44" s="H" t="H" l="H"/>
		<a id="45" s="H" t="H" l="H"/>
		<a id="46" s="H" t="H" l="H"/>
		<a id="47" s="H" t="H" l="H"/>
	</atoms>
	<bonds>
		<b id="1" c="3 4" t="am"/>
		<b id="2" c="4 5" t="2"/>
		<b id="3" c="4 6" t="1"/>
		<b id="4" c="6 7" t="ar"/>
		<b id="5" c="7 8" t="ar"/>
		<b id="6" c="8 9" t="ar"/>
		<b id="7" c="9 10" t="ar"/>
		<b id="8" c="10 11" t="1"/>
		<b id="9" c="11 12" t="ar"/>
		<b id="10" c="12 13" t="ar"/>
		<b id="11" c="13 14" t="ar"/>
		<b id="12" c="14 15" t="ar"/>
		<b id="13" c="15 16" t="ar"/>
		<b id="14" c="11 16" t="ar"/>
		<b id="15" c="10 17" t="ar"/>
		<b id="16" c="17 18" t="ar"/>
		<b id="17" c="18 19" t="ar"/>
		<b id="18" c="19 20" t="ar"/>
		<b id="19" c="9 20" t="ar"/>
		<b id="20" c="20 21" t="ar"/>
		<b id="21" c="6 21" t="ar"/>
		<b id="22" c="2 22" t="1"/>
		<b id="23" c="22 23" t="ar"/>
		<b id="24" c="23 24" t="ar"/>
		<b id="25" c="24 25" t="ar"/>
		<b id="26" c="25 26" t="ar"/>
		<b id="27" c="26 27" t="1"/>
		<b id="28" c="26 28" t="ar"/>
		<b id="29" c="22 28" t="ar"/>
		<b id="30" c="2 3" t="1"/>
		<b id="31" c="2 1" t="1"/>
		<b id="32" c="1 29" t="1"/>
		<b id="33" c="1 30" t="1"/>
		<b id="34" c="1 31" t="1"/>
		<b id="35" c="2 32" t="1"/>
		<b id="36" c="3 33" t="1"/>
		<b id="37" c="7 34" t="1"/>
		<b id="38" c="8 35" t="1"/>
		<b id="39" c="12 36" t="1"/>
		<b id="40" c="13 37" t="1"/>
		<b id="41" c="14 38" t="1"/>
		<b id="42" c="15 39" t="1"/>
		<b id="43" c="16 40" t="1"/>
		<b id="44" c="17 41" t="1"/>
		<b id="45" c="18 42" t="1"/>
		<b id="46" c="19 43" t="1"/>
		<b id="47" c="21 44" t="1"/>
		<b id="48" c="23 45" t="1"/>
		<b id="49" c="24 46" t="1"/>
		<b id="50" c="25 47" t="1"/>
	</bonds>
	<geometry>
		<g u="A" t="cart/3d">#47,3:3.0865,-1.1397,-0.9077;2.5380,-0.0712,0.0354;1.0916,-0.1269,0.0534;0.3910,0.1812,1.1753;0.9375,0.4408,2.2318;-1.0910,0.1367,1.0302;-1.7349,-0.6883,0.0852;-3.0984,-0.7366,0.0227;-3.9010,0.0337,0.8924;-5.3210,-0.0007,0.8597;-6.0490,-0.9285,-0.0252;-5.8305,-2.3020,0.0482;-6.5448,-3.1692,-0.7581;-7.4848,-2.6779,-1.6485;-7.7132,-1.3140,-1.7237;-7.0040,-0.4453,-0.9146;-6.0372,0.8348,1.6850;-5.3962,1.6929,2.5872;-4.0322,1.7145,2.6659;-3.2555,0.8945,1.8210;-1.8491,0.9075,1.8771;2.9974,1.3003,-0.4043;3.8534,2.0841,0.3596;4.2205,3.3330,-0.1191;3.7265,3.7668,-1.3385;2.8748,2.9022,-2.0068;2.1358,3.4073,-3.6872;2.5191,1.7196,-1.5701;4.1726,-1.1493,-0.8707;2.7737,-0.9245,-1.9268;2.7150,-2.1188,-0.6174;2.8675,-0.2502,1.0638;0.6379,-0.1002,-0.8460;-1.1491,-1.3103,-0.5757;-3.5800,-1.3684,-0.7088;-5.1106,-2.6879,0.7556;-6.3693,-4.2323,-0.6904;-8.0404,-3.3560,-2.2793;-8.4477,-0.9262,-2.4146;-7.1772,0.6194,-0.9772;-7.1172,0.8089,1.6543;-5.9921,2.3269,3.2271;-3.5274,2.3589,3.3706;-1.3501,1.5381,2.5986;4.2135,1.7246,1.3098;4.8835,3.9662,0.4513;3.9827,4.7282,-1.7534;</g>
	</geometry>
	<conformers/>
	<properties/>
</molecule>
