<?xml version="1.0" ?>
<!--MOLLI PACKAGE EXPERIMENTAL XML FORMAT-->
<molecule name="el652">
	<atoms>
		<a id="1" s="C" t="C.3" l="C"/>
		<a id="2" s="C" t="C.3" l="C"/>
		<a id="3" s="N" t="N.am" l="N"/>
		<a id="4" s="C" t="C.2" l="C"/>
		<a id="5" s="O" t="O.2" l="O"/>
		<a id="6" s="C" t="C.ar" l="C"/>
		<a id="7" s="C" t="C.ar" l="C"/>
		<a id="8" s="C" t="C.ar" l="C"/>
		<a id="9" s="C" t="C.ar" l="C"/>
		<a id="10" s="C" t="C.ar" l="C"/>
		<a id="11" s="C" t="C.ar" l="C"/>
		<a id="12" s="C" t="C.ar" l="C"/>
		<a id="13" s="C" t="C.ar" l="C"/>
		<a id="14" s="C" t="C.ar" l="C"/>
		<a id="15" s="C" t="C.ar" l="C"/>
		<a id="16" s="C" t="C.ar" l="C"/>
		<a id="17" s="C" t="C.ar" l="C"/>
		<a id="18" s="C" t="C.ar" l="C"/>
		<a id="19" s="C" t="C.ar" l="C"/>
		<a id="20" s="C" t="C.ar" l="C"/>
		<a id="21" s="Br" t="Br" l="BR"/>
		<a id="22" s="N" t="N.ar" l="N"/>
		<a id="23" s="H" t="H" l="H"/>
		<a id="24" s="H" t="H" l="H"/>
		<a id="25" s="H" t="H" l="H"/>
		<a id="26" s="H" t="H" l="H"/>
		<a id="27" s="H" t="H" l="H"/>
		<a id="28" s="H" t="H" l="H"/>
		<a id="29" s="H" t="H" l="H"/>
		<a id="30" s="H" t="H" l="H"/>
		<a id="31" s="H" t="H" l="H"/>
		<a id="32" s="H" t="H" l="H"/>
		<a id="33" s="H" t="H" l="H"/>
		<a id="34" s="H" t="H" l="H"/>
		<a id="35" s="H" t="H" l="H"/>
		<a id="36" s="H" t="H" l="H"/>
		<a id="37" s="H" t="H" l="H"/>
	</atoms>
	<bonds>
		<b id="1" c="3 4" t="am"/>
		<b id="2" c="4 5" t="2"/>
		<b id="3" c="4 6" t="1"/>
		<b id="4" c="6 7" t="ar"/>
		<b id="5" c="7 8" t="ar"/>
		<b id="6" c="8 9" t="ar"/>
		<b id="7" c="9 10" t="ar"/>
		<b id="8" c="10 11" t="ar"/>
		<b id="9" c="11 12" t="ar"/>
		<b id="10" c="12 13" t="ar"/>
		<b id="11" c="13 14" t="ar"/>
		<b id="12" c="9 14" t="ar"/>
		<b id="13" c="14 15" t="ar"/>
		<b id="14" c="6 15" t="ar"/>
		<b id="15" c="2 16" t="1"/>
		<b id="16" c="16 17" t="ar"/>
		<b id="17" c="17 18" t="ar"/>
		<b id="18" c="18 19" t="ar"/>
		<b id="19" c="19 20" t="ar"/>
		<b id="20" c="20 21" t="1"/>
		<b id="21" c="20 22" t="ar"/>
		<b id="22" c="16 22" t="ar"/>
		<b id="23" c="2 3" t="1"/>
		<b id="24" c="2 1" t="1"/>
		<b id="25" c="1 23" t="1"/>
		<b id="26" c="1 24" t="1"/>
		<b id="27" c="1 25" t="1"/>
		<b id="28" c="2 26" t="1"/>
		<b id="29" c="3 27" t="1"/>
		<b id="30" c="7 28" t="1"/>
		<b id="31" c="8 29" t="1"/>
		<b id="32" c="10 30" t="1"/>
		<b id="33" c="11 31" t="1"/>
		<b id="34" c="12 32" t="1"/>
		<b id="35" c="13 33" t="1"/>
		<b id="36" c="15 34" t="1"/>
		<b id="37" c="17 35" t="1"/>
		<b id="38" c="18 36" t="1"/>
		<b id="39" c="19 37" t="1"/>
	</bonds>
	<geometry>
		<g u="A" t="cart/3d">#37,3:2.8393,1.5161,0.3251;2.4497,0.1377,-0.1898;1.0030,0.0177,-0.2383;0.3770,-0.7137,-1.1926;0.9922,-1.3141,-2.0555;-1.1115,-0.7122,-1.1266;-1.8433,0.3559,-0.5648;-3.2083,0.3321,-0.5642;-3.9194,-0.7534,-1.1190;-5.3283,-0.7985,-1.1375;-5.9841,-1.8580,-1.6997;-5.2624,-2.9209,-2.2663;-3.8959,-2.9082,-2.2618;-3.1890,-1.8279,-1.6923;-1.7829,-1.7736,-1.6848;3.0098,-0.9737,0.6718;3.2939,-2.2249,0.1328;3.7705,-3.2190,0.9730;3.9500,-2.9448,2.3199;3.6193,-1.6681,2.7425;3.8143,-1.1947,4.5774;3.1654,-0.7172,1.9635;3.9187,1.6328,0.2881;2.5176,1.6321,1.3567;2.3798,2.2870,-0.2882;2.7968,-0.0110,-1.2188;0.4931,0.3586,0.5606;-1.3247,1.2149,-0.1638;-3.7677,1.1555,-0.1431;-5.8802,0.0220,-0.7014;-7.0638,-1.8850,-1.7137;-5.7989,-3.7484,-2.7068;-3.3344,-3.7220,-2.6973;-1.2134,-2.5765,-2.1302;3.1302,-2.4050,-0.9175;4.0048,-4.1994,0.5858;4.3246,-3.6813,3.0123;</g>
	</geometry>
	<conformers/>
	<properties/>
</molecule>
