<?xml version="1.0" ?>
<!--MOLLI PACKAGE EXPERIMENTAL XML FORMAT-->
<molecule name="el653">
	<atoms>
		<a id="1" s="C" t="C.3" l="C"/>
		<a id="2" s="C" t="C.3" l="C"/>
		<a id="3" s="C" t="C.ar" l="C"/>
		<a id="4" s="C" t="C.ar" l="C"/>
		<a id="5" s="C" t="C.ar" l="C"/>
		<a id="6" s="C" t="C.3" l="C"/>
		<a id="7" s="C" t="C.ar" l="C"/>
		<a id="8" s="C" t="C.ar" l="C"/>
		<a id="9" s="C" t="C.3" l="C"/>
		<a id="10" s="C" t="C.3" l="C"/>
		<a id="11" s="C" t="C.ar" l="C"/>
		<a id="12" s="Br" t="Br" l="BR"/>
		<a id="13" s="H" t="H" l="H"/>
		<a id="14" s="H" t="H" l="H"/>
		<a id="15" s="H" t="H" l="H"/>
		<a id="16" s="H" t="H" l="H"/>
		<a id="17" s="H" t="H" l="H"/>
		<a id="18" s="H" t="H" l="H"/>
		<a id="19" s="H" t="H" l="H"/>
		<a id="20" s="H" t="H" l="H"/>
		<a id="21" s="H" t="H" l="H"/>
		<a id="22" s="H" t="H" l="H"/>
		<a id="23" s="H" t="H" l="H"/>
		<a id="24" s="H" t="H" l="H"/>
		<a id="25" s="H" t="H" l="H"/>
		<a id="26" s="H" t="H" l="H"/>
		<a id="27" s="H" t="H" l="H"/>
	</atoms>
	<bonds>
		<b id="1" c="1 2" t="1"/>
		<b id="2" c="2 3" t="1"/>
		<b id="3" c="3 4" t="ar"/>
		<b id="4" c="4 5" t="ar"/>
		<b id="5" c="5 6" t="1"/>
		<b id="6" c="5 7" t="ar"/>
		<b id="7" c="7 8" t="ar"/>
		<b id="8" c="8 9" t="1"/>
		<b id="9" c="9 10" t="1"/>
		<b id="10" c="8 11" t="ar"/>
		<b id="11" c="3 11" t="ar"/>
		<b id="12" c="11 12" t="1"/>
		<b id="13" c="1 13" t="1"/>
		<b id="14" c="1 14" t="1"/>
		<b id="15" c="1 15" t="1"/>
		<b id="16" c="2 16" t="1"/>
		<b id="17" c="2 17" t="1"/>
		<b id="18" c="4 18" t="1"/>
		<b id="19" c="6 19" t="1"/>
		<b id="20" c="6 20" t="1"/>
		<b id="21" c="6 21" t="1"/>
		<b id="22" c="7 22" t="1"/>
		<b id="23" c="9 23" t="1"/>
		<b id="24" c="9 24" t="1"/>
		<b id="25" c="10 25" t="1"/>
		<b id="26" c="10 26" t="1"/>
		<b id="27" c="10 27" t="1"/>
	</bonds>
	<geometry>
		<g u="A" t="cart/3d">#27,3:1.1789,-0.4056,-0.3392;2.5159,0.1907,0.1057;2.9218,1.3175,-0.7990;2.5880,2.6226,-0.4587;2.9073,3.6956,-1.2745;2.5462,5.0986,-0.8935;3.5790,3.4452,-2.4632;3.9300,2.1604,-2.8506;4.6908,1.9516,-4.1275;6.1948,1.8860,-3.8557;3.5898,1.1121,-2.0006;4.0571,-0.6763,-2.5059;0.8810,-1.2045,0.3353;1.2568,-0.8161,-1.3432;0.4045,0.3589,-0.3391;3.2771,-0.5918,0.1042;2.4208,0.5664,1.1265;2.0644,2.7958,0.4707;1.9870,5.1182,0.0382;1.9422,5.5600,-1.6735;3.4464,5.6999,-0.7711;3.8379,4.2719,-3.1094;4.4838,2.7796,-4.8083;4.3721,1.0277,-4.6138;6.5345,2.8043,-3.3809;6.7390,1.7526,-4.7872;6.4310,1.0524,-3.1993;</g>
	</geometry>
	<conformers/>
	<properties/>
</molecule>
