<?xml version="1.0" ?>
<!--MOLLI PACKAGE EXPERIMENTAL XML FORMAT-->
<molecule name="el661">
	<atoms>
		<a id="1" s="C" t="C.3" l="C"/>
		<a id="2" s="C" t="C.ar" l="C"/>
		<a id="3" s="C" t="C.ar" l="C"/>
		<a id="4" s="C" t="C.ar" l="C"/>
		<a id="5" s="C" t="C.ar" l="C"/>
		<a id="6" s="Br" t="Br" l="BR"/>
		<a id="7" s="C" t="C.ar" l="C"/>
		<a id="8" s="C" t="C.1" l="C"/>
		<a id="9" s="N" t="N.1" l="N"/>
		<a id="10" s="C" t="C.ar" l="C"/>
		<a id="11" s="H" t="H" l="H"/>
		<a id="12" s="H" t="H" l="H"/>
		<a id="13" s="H" t="H" l="H"/>
		<a id="14" s="H" t="H" l="H"/>
		<a id="15" s="H" t="H" l="H"/>
		<a id="16" s="H" t="H" l="H"/>
	</atoms>
	<bonds>
		<b id="1" c="1 2" t="1"/>
		<b id="2" c="2 3" t="ar"/>
		<b id="3" c="3 4" t="ar"/>
		<b id="4" c="4 5" t="ar"/>
		<b id="5" c="5 6" t="1"/>
		<b id="6" c="5 7" t="ar"/>
		<b id="7" c="7 8" t="1"/>
		<b id="8" c="8 9" t="3"/>
		<b id="9" c="7 10" t="ar"/>
		<b id="10" c="2 10" t="ar"/>
		<b id="11" c="1 11" t="1"/>
		<b id="12" c="1 12" t="1"/>
		<b id="13" c="1 13" t="1"/>
		<b id="14" c="3 14" t="1"/>
		<b id="15" c="4 15" t="1"/>
		<b id="16" c="10 16" t="1"/>
	</bonds>
	<geometry>
		<g u="A" t="cart/3d">#16,3:0.9865,-0.1170,0.1148;2.4776,-0.1338,-0.0072;3.2161,1.0449,-0.0352;4.5954,1.0261,-0.1485;5.2610,-0.1831,-0.2364;7.1589,-0.2051,-0.3983;4.5430,-1.3812,-0.2075;5.1930,-2.6342,-0.2954;5.6962,-3.6611,-0.3652;3.1544,-1.3423,-0.0923;0.6044,0.8996,0.0913;0.6802,-0.5822,1.0511;0.5336,-0.6816,-0.6986;2.7077,1.9952,0.0315;5.1569,1.9472,-0.1703;2.6087,-2.2747,-0.0712;</g>
	</geometry>
	<conformers/>
	<properties/>
</molecule>
