<?xml version="1.0" ?>
<!--MOLLI PACKAGE EXPERIMENTAL XML FORMAT-->
<molecule name="el665">
	<atoms>
		<a id="1" s="C" t="C.3" l="C"/>
		<a id="2" s="N" t="N.ar" l="N"/>
		<a id="3" s="C" t="C.ar" l="C"/>
		<a id="4" s="N" t="N.ar" l="N"/>
		<a id="5" s="C" t="C.ar" l="C"/>
		<a id="6" s="Br" t="Br" l="BR"/>
		<a id="7" s="C" t="C.ar" l="C"/>
		<a id="8" s="H" t="H" l="H"/>
		<a id="9" s="H" t="H" l="H"/>
		<a id="10" s="H" t="H" l="H"/>
		<a id="11" s="H" t="H" l="H"/>
		<a id="12" s="H" t="H" l="H"/>
	</atoms>
	<bonds>
		<b id="1" c="1 2" t="1"/>
		<b id="2" c="2 3" t="ar"/>
		<b id="3" c="3 4" t="ar"/>
		<b id="4" c="4 5" t="ar"/>
		<b id="5" c="5 6" t="1"/>
		<b id="6" c="5 7" t="ar"/>
		<b id="7" c="2 7" t="ar"/>
		<b id="8" c="1 8" t="1"/>
		<b id="9" c="1 9" t="1"/>
		<b id="10" c="1 10" t="1"/>
		<b id="11" c="3 11" t="1"/>
		<b id="12" c="7 12" t="1"/>
	</bonds>
	<geometry>
		<g u="A" t="cart/3d">#12,3:0.9301,0.0063,-0.0450;2.3643,-0.0362,-0.0399;3.2193,1.0107,-0.0352;4.4686,0.6335,-0.0308;4.4276,-0.7176,-0.0325;5.9846,-1.7567,-0.0277;3.1343,-1.1656,-0.0382;0.6032,1.0447,-0.0467;0.5313,-0.4918,0.8410;0.5376,-0.4927,-0.9333;2.8986,2.0330,-0.0353;2.7272,-2.1548,-0.0411;</g>
	</geometry>
	<conformers/>
	<properties/>
</molecule>
