<?xml version="1.0" ?>
<!--MOLLI PACKAGE EXPERIMENTAL XML FORMAT-->
<molecule name="el670">
	<atoms>
		<a id="1" s="C" t="C.3" l="C"/>
		<a id="2" s="C" t="C.ar" l="C"/>
		<a id="3" s="C" t="C.ar" l="C"/>
		<a id="4" s="C" t="C.ar" l="C"/>
		<a id="5" s="N" t="N.ar" l="N"/>
		<a id="6" s="N" t="N.ar" l="N"/>
		<a id="7" s="C" t="C.ar" l="C"/>
		<a id="8" s="C" t="C.ar" l="C"/>
		<a id="9" s="C" t="C.ar" l="C"/>
		<a id="10" s="C" t="C.ar" l="C"/>
		<a id="11" s="Br" t="Br" l="BR"/>
		<a id="12" s="C" t="C.ar" l="C"/>
		<a id="13" s="C" t="C.1" l="C"/>
		<a id="14" s="N" t="N.1" l="N"/>
		<a id="15" s="C" t="C.ar" l="C"/>
		<a id="16" s="C" t="C.3" l="C"/>
		<a id="17" s="C" t="C.3" l="C"/>
		<a id="18" s="C" t="C.3" l="C"/>
		<a id="19" s="C" t="C.3" l="C"/>
		<a id="20" s="C" t="C.3" l="C"/>
		<a id="21" s="C" t="C.2" l="C"/>
		<a id="22" s="O" t="O.2" l="O"/>
		<a id="23" s="H" t="H" l="H"/>
		<a id="24" s="H" t="H" l="H"/>
		<a id="25" s="H" t="H" l="H"/>
		<a id="26" s="H" t="H" l="H"/>
		<a id="27" s="H" t="H" l="H"/>
		<a id="28" s="H" t="H" l="H"/>
		<a id="29" s="H" t="H" l="H"/>
		<a id="30" s="H" t="H" l="H"/>
		<a id="31" s="H" t="H" l="H"/>
		<a id="32" s="H" t="H" l="H"/>
		<a id="33" s="H" t="H" l="H"/>
		<a id="34" s="H" t="H" l="H"/>
		<a id="35" s="H" t="H" l="H"/>
		<a id="36" s="H" t="H" l="H"/>
		<a id="37" s="H" t="H" l="H"/>
		<a id="38" s="H" t="H" l="H"/>
	</atoms>
	<bonds>
		<b id="1" c="1 2" t="1"/>
		<b id="2" c="2 3" t="ar"/>
		<b id="3" c="3 4" t="ar"/>
		<b id="4" c="4 5" t="ar"/>
		<b id="5" c="5 6" t="ar"/>
		<b id="6" c="2 6" t="ar"/>
		<b id="7" c="6 7" t="1"/>
		<b id="8" c="7 8" t="ar"/>
		<b id="9" c="8 9" t="ar"/>
		<b id="10" c="9 10" t="ar"/>
		<b id="11" c="10 11" t="1"/>
		<b id="12" c="10 12" t="ar"/>
		<b id="13" c="12 13" t="1"/>
		<b id="14" c="13 14" t="3"/>
		<b id="15" c="12 15" t="ar"/>
		<b id="16" c="7 15" t="ar"/>
		<b id="17" c="4 16" t="1"/>
		<b id="18" c="16 17" t="1"/>
		<b id="19" c="17 18" t="1"/>
		<b id="20" c="17 19" t="1"/>
		<b id="21" c="17 20" t="1"/>
		<b id="22" c="20 21" t="1"/>
		<b id="23" c="3 21" t="1"/>
		<b id="24" c="21 22" t="2"/>
		<b id="25" c="1 23" t="1"/>
		<b id="26" c="1 24" t="1"/>
		<b id="27" c="1 25" t="1"/>
		<b id="28" c="8 26" t="1"/>
		<b id="29" c="9 27" t="1"/>
		<b id="30" c="15 28" t="1"/>
		<b id="31" c="16 29" t="1"/>
		<b id="32" c="16 30" t="1"/>
		<b id="33" c="18 31" t="1"/>
		<b id="34" c="18 32" t="1"/>
		<b id="35" c="18 33" t="1"/>
		<b id="36" c="19 34" t="1"/>
		<b id="37" c="19 35" t="1"/>
		<b id="38" c="19 36" t="1"/>
		<b id="39" c="20 37" t="1"/>
		<b id="40" c="20 38" t="1"/>
	</bonds>
	<geometry>
		<g u="A" t="cart/3d">#38,3:0.7221,-0.0582,-0.1528;2.1817,0.1618,-0.2640;2.8653,1.3698,-0.2462;4.2408,1.0240,-0.3026;4.3862,-0.2761,-0.3403;3.1375,-0.8027,-0.3362;3.0142,-2.1925,-0.3660;1.9356,-2.8325,-0.9752;1.8622,-4.2129,-0.9839;2.8642,-4.9693,-0.3995;2.7396,-6.8657,-0.4194;3.9651,-4.3393,0.1893;5.0087,-5.0916,0.7809;5.8536,-5.6940,1.2649;4.0337,-2.9502,0.2017;5.3275,2.0311,-0.3002;4.8440,3.3200,0.3888;5.8804,4.4244,0.1735;4.6698,3.0774,1.8899;3.5048,3.7611,-0.2251;2.3910,2.7365,-0.1207;1.2268,3.0445,0.0316;0.2822,0.8273,0.3017;0.4968,-0.9347,0.4522;0.2666,-0.1792,-1.1363;1.1659,-2.2625,-1.4665;1.0278,-4.7083,-1.4553;4.8814,-2.4495,0.6426;5.6036,2.2523,-1.3362;6.2114,1.6286,0.1962;6.8426,4.1257,0.5834;5.5687,5.3415,0.6675;6.0100,4.6339,-0.8862;5.6184,2.7952,2.3413;3.9515,2.2824,2.0770;4.3122,3.9800,2.3799;3.6450,3.9541,-1.2941;3.1614,4.6902,0.2333;</g>
	</geometry>
	<conformers/>
	<properties/>
</molecule>
