<?xml version="1.0" ?>
<!--MOLLI PACKAGE EXPERIMENTAL XML FORMAT-->
<molecule name="el671">
	<atoms>
		<a id="1" s="C" t="C.3" l="C"/>
		<a id="2" s="C" t="C.ar" l="C"/>
		<a id="3" s="C" t="C.ar" l="C"/>
		<a id="4" s="C" t="C.ar" l="C"/>
		<a id="5" s="N" t="N.ar" l="N"/>
		<a id="6" s="N" t="N.ar" l="N"/>
		<a id="7" s="C" t="C.ar" l="C"/>
		<a id="8" s="C" t="C.ar" l="C"/>
		<a id="9" s="C" t="C.ar" l="C"/>
		<a id="10" s="C" t="C.ar" l="C"/>
		<a id="11" s="C" t="C.1" l="C"/>
		<a id="12" s="N" t="N.1" l="N"/>
		<a id="13" s="C" t="C.ar" l="C"/>
		<a id="14" s="Br" t="Br" l="BR"/>
		<a id="15" s="C" t="C.ar" l="C"/>
		<a id="16" s="C" t="C.3" l="C"/>
		<a id="17" s="C" t="C.3" l="C"/>
		<a id="18" s="C" t="C.3" l="C"/>
		<a id="19" s="C" t="C.3" l="C"/>
		<a id="20" s="C" t="C.3" l="C"/>
		<a id="21" s="C" t="C.2" l="C"/>
		<a id="22" s="O" t="O.2" l="O"/>
		<a id="23" s="H" t="H" l="H"/>
		<a id="24" s="H" t="H" l="H"/>
		<a id="25" s="H" t="H" l="H"/>
		<a id="26" s="H" t="H" l="H"/>
		<a id="27" s="H" t="H" l="H"/>
		<a id="28" s="H" t="H" l="H"/>
		<a id="29" s="H" t="H" l="H"/>
		<a id="30" s="H" t="H" l="H"/>
		<a id="31" s="H" t="H" l="H"/>
		<a id="32" s="H" t="H" l="H"/>
		<a id="33" s="H" t="H" l="H"/>
		<a id="34" s="H" t="H" l="H"/>
		<a id="35" s="H" t="H" l="H"/>
		<a id="36" s="H" t="H" l="H"/>
		<a id="37" s="H" t="H" l="H"/>
		<a id="38" s="H" t="H" l="H"/>
	</atoms>
	<bonds>
		<b id="1" c="1 2" t="1"/>
		<b id="2" c="2 3" t="ar"/>
		<b id="3" c="3 4" t="ar"/>
		<b id="4" c="4 5" t="ar"/>
		<b id="5" c="5 6" t="ar"/>
		<b id="6" c="2 6" t="ar"/>
		<b id="7" c="6 7" t="1"/>
		<b id="8" c="7 8" t="ar"/>
		<b id="9" c="8 9" t="ar"/>
		<b id="10" c="9 10" t="ar"/>
		<b id="11" c="10 11" t="1"/>
		<b id="12" c="11 12" t="3"/>
		<b id="13" c="10 13" t="ar"/>
		<b id="14" c="13 14" t="1"/>
		<b id="15" c="13 15" t="ar"/>
		<b id="16" c="7 15" t="ar"/>
		<b id="17" c="4 16" t="1"/>
		<b id="18" c="16 17" t="1"/>
		<b id="19" c="17 18" t="1"/>
		<b id="20" c="17 19" t="1"/>
		<b id="21" c="17 20" t="1"/>
		<b id="22" c="20 21" t="1"/>
		<b id="23" c="3 21" t="1"/>
		<b id="24" c="21 22" t="2"/>
		<b id="25" c="1 23" t="1"/>
		<b id="26" c="1 24" t="1"/>
		<b id="27" c="1 25" t="1"/>
		<b id="28" c="8 26" t="1"/>
		<b id="29" c="9 27" t="1"/>
		<b id="30" c="15 28" t="1"/>
		<b id="31" c="16 29" t="1"/>
		<b id="32" c="16 30" t="1"/>
		<b id="33" c="18 31" t="1"/>
		<b id="34" c="18 32" t="1"/>
		<b id="35" c="18 33" t="1"/>
		<b id="36" c="19 34" t="1"/>
		<b id="37" c="19 35" t="1"/>
		<b id="38" c="19 36" t="1"/>
		<b id="39" c="20 37" t="1"/>
		<b id="40" c="20 38" t="1"/>
	</bonds>
	<geometry>
		<g u="A" t="cart/3d">#38,3:0.5640,-0.1966,-0.1994;2.0273,0.0212,-0.2477;2.7079,1.2299,-0.2278;4.0858,0.8861,-0.2113;4.2345,-0.4136,-0.2092;2.9878,-0.9443,-0.2518;2.8727,-2.3325,-0.2608;3.8882,-3.0832,0.3377;3.8223,-4.4576,0.3430;2.7426,-5.1193,-0.2495;2.6863,-6.5311,-0.2270;2.6525,-7.6762,-0.2011;1.7444,-4.3603,-0.8646;0.2752,-5.2205,-1.7163;1.8059,-2.9791,-0.8792;5.1713,1.8944,-0.1852;4.6543,3.2063,0.4326;5.6991,4.3050,0.2291;4.4057,3.0178,1.9310;3.3463,3.6203,-0.2626;2.2285,2.6000,-0.1613;1.0608,2.9109,-0.0527;0.1024,0.7069,0.1941;0.3085,-1.0455,0.4323;0.1569,-0.3615,-1.1975;4.7198,-2.5622,0.7831;4.6009,-5.0425,0.8086;1.0403,-2.4263,-1.3955;5.5017,2.0800,-1.2125;6.0280,1.5097,0.3701;6.6414,4.0225,0.6932;5.3638,5.2373,0.6774;5.8778,4.4797,-0.8298;5.3311,2.7562,2.4396;3.6804,2.2275,2.1112;4.0220,3.9366,2.3687;3.5370,3.7630,-1.3317;2.9845,4.5697,0.1365;</g>
	</geometry>
	<conformers/>
	<properties/>
</molecule>
