<?xml version="1.0" ?>
<!--MOLLI PACKAGE EXPERIMENTAL XML FORMAT-->
<molecule name="el672">
	<atoms>
		<a id="1" s="C" t="C.3" l="C"/>
		<a id="2" s="C" t="C.3" l="C"/>
		<a id="3" s="C" t="C.3" l="C"/>
		<a id="4" s="C" t="C.3" l="C"/>
		<a id="5" s="C" t="C.3" l="C"/>
		<a id="6" s="C" t="C.3" l="C"/>
		<a id="7" s="C" t="C.3" l="C"/>
		<a id="8" s="C" t="C.ar" l="C"/>
		<a id="9" s="N" t="N.ar" l="N"/>
		<a id="10" s="C" t="C.ar" l="C"/>
		<a id="11" s="C" t="C.ar" l="C"/>
		<a id="12" s="Br" t="Br" l="BR"/>
		<a id="13" s="C" t="C.ar" l="C"/>
		<a id="14" s="N" t="N.ar" l="N"/>
		<a id="15" s="H" t="H" l="H"/>
		<a id="16" s="H" t="H" l="H"/>
		<a id="17" s="H" t="H" l="H"/>
		<a id="18" s="H" t="H" l="H"/>
		<a id="19" s="H" t="H" l="H"/>
		<a id="20" s="H" t="H" l="H"/>
		<a id="21" s="H" t="H" l="H"/>
		<a id="22" s="H" t="H" l="H"/>
		<a id="23" s="H" t="H" l="H"/>
		<a id="24" s="H" t="H" l="H"/>
		<a id="25" s="H" t="H" l="H"/>
		<a id="26" s="H" t="H" l="H"/>
		<a id="27" s="H" t="H" l="H"/>
		<a id="28" s="H" t="H" l="H"/>
		<a id="29" s="H" t="H" l="H"/>
		<a id="30" s="H" t="H" l="H"/>
		<a id="31" s="H" t="H" l="H"/>
	</atoms>
	<bonds>
		<b id="1" c="1 2" t="1"/>
		<b id="2" c="2 3" t="1"/>
		<b id="3" c="3 4" t="1"/>
		<b id="4" c="4 5" t="1"/>
		<b id="5" c="5 6" t="1"/>
		<b id="6" c="6 7" t="1"/>
		<b id="7" c="7 8" t="1"/>
		<b id="8" c="8 9" t="ar"/>
		<b id="9" c="9 10" t="ar"/>
		<b id="10" c="10 11" t="ar"/>
		<b id="11" c="11 12" t="1"/>
		<b id="12" c="11 13" t="ar"/>
		<b id="13" c="13 14" t="ar"/>
		<b id="14" c="8 14" t="ar"/>
		<b id="15" c="1 15" t="1"/>
		<b id="16" c="1 16" t="1"/>
		<b id="17" c="1 17" t="1"/>
		<b id="18" c="2 18" t="1"/>
		<b id="19" c="2 19" t="1"/>
		<b id="20" c="3 20" t="1"/>
		<b id="21" c="3 21" t="1"/>
		<b id="22" c="4 22" t="1"/>
		<b id="23" c="4 23" t="1"/>
		<b id="24" c="5 24" t="1"/>
		<b id="25" c="5 25" t="1"/>
		<b id="26" c="6 26" t="1"/>
		<b id="27" c="6 27" t="1"/>
		<b id="28" c="7 28" t="1"/>
		<b id="29" c="7 29" t="1"/>
		<b id="30" c="10 30" t="1"/>
		<b id="31" c="13 31" t="1"/>
	</bonds>
	<geometry>
		<g u="A" t="cart/3d">#31,3:1.0153,0.1116,-0.0001;2.5390,0.0936,0.0081;3.0873,-0.6335,1.2333;4.6137,-0.6624,1.2587;5.1423,-1.3918,2.4916;6.6671,-1.4301,2.5291;7.1730,-2.1678,3.7769;8.6634,-2.1919,3.7876;9.2943,-1.1814,4.3766;10.6113,-1.1805,4.3650;11.3249,-2.2045,3.7547;13.2199,-2.2181,3.7390;10.5868,-3.2203,3.1601;9.2699,-3.2066,3.1804;0.6416,0.6326,-0.8784;0.6354,0.6161,0.8857;0.6223,-0.9028,-0.0096;2.9146,1.1193,-0.0015;2.9014,-0.3994,-0.8969;2.7079,-1.6582,1.2419;2.7218,-0.1395,2.1368;4.9958,0.3610,1.2510;4.9818,-1.1588,0.3579;4.7564,-2.4137,2.4974;4.7725,-0.8930,3.3902;7.0615,-0.4118,2.5330;7.0452,-1.9363,1.6385;6.8016,-3.1925,3.7660;6.8200,-1.6518,4.6697;11.1040,-0.3500,4.8539;11.0593,-4.0580,2.6639;</g>
	</geometry>
	<conformers/>
	<properties/>
</molecule>
