<?xml version="1.0" ?>
<!--MOLLI PACKAGE EXPERIMENTAL XML FORMAT-->
<molecule name="el677">
	<atoms>
		<a id="1" s="C" t="C.3" l="C"/>
		<a id="2" s="C" t="C.ar" l="C"/>
		<a id="3" s="N" t="N.ar" l="N"/>
		<a id="4" s="O" t="O.2" l="O"/>
		<a id="5" s="C" t="C.ar" l="C"/>
		<a id="6" s="C" t="C.3" l="C"/>
		<a id="7" s="C" t="C.ar" l="C"/>
		<a id="8" s="C" t="C.ar" l="C"/>
		<a id="9" s="C" t="C.ar" l="C"/>
		<a id="10" s="C" t="C.ar" l="C"/>
		<a id="11" s="C" t="C.ar" l="C"/>
		<a id="12" s="N" t="N.ar" l="N"/>
		<a id="13" s="C" t="C.ar" l="C"/>
		<a id="14" s="Br" t="Br" l="BR"/>
		<a id="15" s="C" t="C.ar" l="C"/>
		<a id="16" s="C" t="C.ar" l="C"/>
		<a id="17" s="N" t="N.ar" l="N"/>
		<a id="18" s="C" t="C.2" l="C"/>
		<a id="19" s="O" t="O.2" l="O"/>
		<a id="20" s="O" t="O.3" l="O"/>
		<a id="21" s="C" t="C.3" l="C"/>
		<a id="22" s="C" t="C.3" l="C"/>
		<a id="23" s="C" t="C.3" l="C"/>
		<a id="24" s="C" t="C.3" l="C"/>
		<a id="25" s="H" t="H" l="H"/>
		<a id="26" s="H" t="H" l="H"/>
		<a id="27" s="H" t="H" l="H"/>
		<a id="28" s="H" t="H" l="H"/>
		<a id="29" s="H" t="H" l="H"/>
		<a id="30" s="H" t="H" l="H"/>
		<a id="31" s="H" t="H" l="H"/>
		<a id="32" s="H" t="H" l="H"/>
		<a id="33" s="H" t="H" l="H"/>
		<a id="34" s="H" t="H" l="H"/>
		<a id="35" s="H" t="H" l="H"/>
		<a id="36" s="H" t="H" l="H"/>
		<a id="37" s="H" t="H" l="H"/>
		<a id="38" s="H" t="H" l="H"/>
		<a id="39" s="H" t="H" l="H"/>
		<a id="40" s="H" t="H" l="H"/>
		<a id="41" s="H" t="H" l="H"/>
		<a id="42" s="H" t="H" l="H"/>
	</atoms>
	<bonds>
		<b id="1" c="1 2" t="1"/>
		<b id="2" c="2 3" t="ar"/>
		<b id="3" c="3 4" t="ar"/>
		<b id="4" c="4 5" t="ar"/>
		<b id="5" c="5 6" t="1"/>
		<b id="6" c="5 7" t="ar"/>
		<b id="7" c="2 7" t="ar"/>
		<b id="8" c="7 8" t="1"/>
		<b id="9" c="8 9" t="ar"/>
		<b id="10" c="9 10" t="ar"/>
		<b id="11" c="10 11" t="ar"/>
		<b id="12" c="11 12" t="ar"/>
		<b id="13" c="12 13" t="ar"/>
		<b id="14" c="13 14" t="1"/>
		<b id="15" c="13 15" t="ar"/>
		<b id="16" c="15 16" t="ar"/>
		<b id="17" c="10 16" t="ar"/>
		<b id="18" c="16 17" t="ar"/>
		<b id="19" c="8 17" t="ar"/>
		<b id="20" c="17 18" t="am"/>
		<b id="21" c="18 19" t="2"/>
		<b id="22" c="18 20" t="1"/>
		<b id="23" c="20 21" t="1"/>
		<b id="24" c="21 22" t="1"/>
		<b id="25" c="21 23" t="1"/>
		<b id="26" c="21 24" t="1"/>
		<b id="27" c="1 25" t="1"/>
		<b id="28" c="1 26" t="1"/>
		<b id="29" c="1 27" t="1"/>
		<b id="30" c="6 28" t="1"/>
		<b id="31" c="6 29" t="1"/>
		<b id="32" c="6 30" t="1"/>
		<b id="33" c="9 31" t="1"/>
		<b id="34" c="11 32" t="1"/>
		<b id="35" c="15 33" t="1"/>
		<b id="36" c="22 34" t="1"/>
		<b id="37" c="22 35" t="1"/>
		<b id="38" c="22 36" t="1"/>
		<b id="39" c="23 37" t="1"/>
		<b id="40" c="23 38" t="1"/>
		<b id="41" c="23 39" t="1"/>
		<b id="42" c="24 40" t="1"/>
		<b id="43" c="24 41" t="1"/>
		<b id="44" c="24 42" t="1"/>
	</bonds>
	<geometry>
		<g u="A" t="cart/3d">#42,3:0.7884,0.7053,2.4184;0.3605,0.2740,1.0663;0.3018,-0.9815,0.7217;-0.1249,-1.0393,-0.5626;-0.3197,0.1993,-1.0291;-0.8035,0.3604,-2.4206;-0.0274,1.1023,-0.0340;-0.1360,2.5441,-0.0308;-0.7856,3.3116,0.8867;-0.6959,4.6660,0.4583;-1.1515,5.8818,0.9595;-0.9129,7.0144,0.3328;-0.2257,6.9888,-0.7914;0.0580,8.6836,-1.6047;0.2885,5.8620,-1.4120;0.0362,4.6672,-0.7572;0.3857,3.3600,-1.0453;1.2933,2.9226,-2.0191;1.8548,1.8639,-1.9479;1.4148,3.8316,-2.9712;2.3367,3.6343,-4.0833;1.9344,2.3948,-4.8796;2.1644,4.8975,-4.9263;3.7668,3.5197,-3.5619;1.3324,-0.1016,2.9000;-0.0820,0.9483,3.0265;1.4172,1.5902,2.3498;-1.4820,-0.4524,-2.6686;0.0407,0.3236,-3.1083;-1.3114,1.3146,-2.5362;-1.2992,2.9577,1.7573;-1.7167,5.9533,1.8778;0.8328,5.9315,-2.3367;0.8890,2.4606,-5.1747;2.0820,1.4973,-4.2851;2.5469,2.3246,-5.7736;1.1232,5.0157,-5.2151;2.7732,4.8290,-5.8224;2.4714,5.7750,-4.3630;3.8865,2.6172,-2.9685;4.0131,4.3821,-2.9459;4.4552,3.4814,-4.4011;</g>
	</geometry>
	<conformers/>
	<properties/>
</molecule>
