<?xml version="1.0" ?>
<!--MOLLI PACKAGE EXPERIMENTAL XML FORMAT-->
<molecule name="el678">
	<atoms>
		<a id="1" s="C" t="C.3" l="C"/>
		<a id="2" s="C" t="C.3" l="C"/>
		<a id="3" s="C" t="C.3" l="C"/>
		<a id="4" s="C" t="C.3" l="C"/>
		<a id="5" s="O" t="O.3" l="O"/>
		<a id="6" s="C" t="C.2" l="C"/>
		<a id="7" s="O" t="O.2" l="O"/>
		<a id="8" s="N" t="N.ar" l="N"/>
		<a id="9" s="C" t="C.ar" l="C"/>
		<a id="10" s="C" t="C.ar" l="C"/>
		<a id="11" s="C" t="C.ar" l="C"/>
		<a id="12" s="N" t="N.ar" l="N"/>
		<a id="13" s="C" t="C.ar" l="C"/>
		<a id="14" s="O" t="O.2" l="O"/>
		<a id="15" s="C" t="C.ar" l="C"/>
		<a id="16" s="C" t="C.ar" l="C"/>
		<a id="17" s="C" t="C.ar" l="C"/>
		<a id="18" s="N" t="N.ar" l="N"/>
		<a id="19" s="C" t="C.ar" l="C"/>
		<a id="20" s="Br" t="Br" l="BR"/>
		<a id="21" s="C" t="C.ar" l="C"/>
		<a id="22" s="C" t="C.ar" l="C"/>
		<a id="23" s="H" t="H" l="H"/>
		<a id="24" s="H" t="H" l="H"/>
		<a id="25" s="H" t="H" l="H"/>
		<a id="26" s="H" t="H" l="H"/>
		<a id="27" s="H" t="H" l="H"/>
		<a id="28" s="H" t="H" l="H"/>
		<a id="29" s="H" t="H" l="H"/>
		<a id="30" s="H" t="H" l="H"/>
		<a id="31" s="H" t="H" l="H"/>
		<a id="32" s="H" t="H" l="H"/>
		<a id="33" s="H" t="H" l="H"/>
		<a id="34" s="H" t="H" l="H"/>
		<a id="35" s="H" t="H" l="H"/>
		<a id="36" s="H" t="H" l="H"/>
	</atoms>
	<bonds>
		<b id="1" c="1 2" t="1"/>
		<b id="2" c="2 3" t="1"/>
		<b id="3" c="2 4" t="1"/>
		<b id="4" c="2 5" t="1"/>
		<b id="5" c="5 6" t="1"/>
		<b id="6" c="6 7" t="2"/>
		<b id="7" c="6 8" t="am"/>
		<b id="8" c="8 9" t="ar"/>
		<b id="9" c="9 10" t="1"/>
		<b id="10" c="10 11" t="ar"/>
		<b id="11" c="11 12" t="ar"/>
		<b id="12" c="12 13" t="ar"/>
		<b id="13" c="13 14" t="ar"/>
		<b id="14" c="10 14" t="ar"/>
		<b id="15" c="9 15" t="ar"/>
		<b id="16" c="15 16" t="ar"/>
		<b id="17" c="16 17" t="ar"/>
		<b id="18" c="17 18" t="ar"/>
		<b id="19" c="18 19" t="ar"/>
		<b id="20" c="19 20" t="1"/>
		<b id="21" c="19 21" t="ar"/>
		<b id="22" c="21 22" t="ar"/>
		<b id="23" c="16 22" t="ar"/>
		<b id="24" c="8 22" t="ar"/>
		<b id="25" c="1 23" t="1"/>
		<b id="26" c="1 24" t="1"/>
		<b id="27" c="1 25" t="1"/>
		<b id="28" c="3 26" t="1"/>
		<b id="29" c="3 27" t="1"/>
		<b id="30" c="3 28" t="1"/>
		<b id="31" c="4 29" t="1"/>
		<b id="32" c="4 30" t="1"/>
		<b id="33" c="4 31" t="1"/>
		<b id="34" c="11 32" t="1"/>
		<b id="35" c="13 33" t="1"/>
		<b id="36" c="15 34" t="1"/>
		<b id="37" c="17 35" t="1"/>
		<b id="38" c="21 36" t="1"/>
	</bonds>
	<geometry>
		<g u="A" t="cart/3d">#36,3:3.4088,-1.5352,-0.4945;2.7251,-0.3339,0.1533;2.8622,0.9186,-0.7091;1.2551,-0.6342,0.4419;3.2961,-0.0856,1.4731;4.5697,0.2261,1.6086;5.4015,0.3308,0.7525;4.8727,0.4149,2.9731;5.9607,1.1521,3.4451;6.6915,2.0795,2.6259;7.9781,2.5510,2.7240;8.1885,3.4545,1.7319;7.0684,3.5106,1.0888;6.1162,2.7129,1.5727;6.1354,0.9198,4.7803;5.1280,0.0025,5.1854;4.7834,-0.6123,6.3878;3.7683,-1.4444,6.4648;3.0653,-1.7036,5.3787;1.6297,-2.9227,5.6200;3.2822,-1.1713,4.1191;4.3462,-0.2874,4.0361;2.9111,-1.7717,-1.4304;3.3508,-2.4018,0.1610;4.4536,-1.3172,-0.6988;2.3592,0.7623,-1.6588;3.9093,1.1382,-0.8994;2.4090,1.7707,-0.2066;0.7192,-0.7787,-0.4910;0.8043,0.1929,0.9841;1.1601,-1.5352,1.0424;8.7468,2.2894,3.4199;6.8535,4.1225,0.2361;6.8764,1.3708,5.4079;5.3299,-0.4375,7.3034;2.6563,-1.4265,3.2819;</g>
	</geometry>
	<conformers/>
	<properties/>
</molecule>
