<?xml version="1.0" ?>
<!--MOLLI PACKAGE EXPERIMENTAL XML FORMAT-->
<molecule name="el679">
	<atoms>
		<a id="1" s="C" t="C.3" l="C"/>
		<a id="2" s="O" t="O.3" l="O"/>
		<a id="3" s="C" t="C.ar" l="C"/>
		<a id="4" s="C" t="C.ar" l="C"/>
		<a id="5" s="C" t="C.3" l="C"/>
		<a id="6" s="F" t="F" l="F"/>
		<a id="7" s="F" t="F" l="F"/>
		<a id="8" s="F" t="F" l="F"/>
		<a id="9" s="C" t="C.ar" l="C"/>
		<a id="10" s="C" t="C.ar" l="C"/>
		<a id="11" s="Br" t="Br" l="BR"/>
		<a id="12" s="C" t="C.ar" l="C"/>
		<a id="13" s="N" t="N.ar" l="N"/>
		<a id="14" s="C" t="C.ar" l="C"/>
		<a id="15" s="C" t="C.ar" l="C"/>
		<a id="16" s="C" t="C.ar" l="C"/>
		<a id="17" s="C" t="C.ar" l="C"/>
		<a id="18" s="C" t="C.ar" l="C"/>
		<a id="19" s="C" t="C.ar" l="C"/>
		<a id="20" s="N" t="N.pl3" l="N"/>
		<a id="21" s="S" t="S.O2" l="S"/>
		<a id="22" s="C" t="C.3" l="C"/>
		<a id="23" s="O" t="O.2" l="O"/>
		<a id="24" s="O" t="O.2" l="O"/>
		<a id="25" s="C" t="C.ar" l="C"/>
		<a id="26" s="C" t="C.ar" l="C"/>
		<a id="27" s="C" t="C.ar" l="C"/>
		<a id="28" s="C" t="C.ar" l="C"/>
		<a id="29" s="H" t="H" l="H"/>
		<a id="30" s="H" t="H" l="H"/>
		<a id="31" s="H" t="H" l="H"/>
		<a id="32" s="H" t="H" l="H"/>
		<a id="33" s="H" t="H" l="H"/>
		<a id="34" s="H" t="H" l="H"/>
		<a id="35" s="H" t="H" l="H"/>
		<a id="36" s="H" t="H" l="H"/>
		<a id="37" s="H" t="H" l="H"/>
		<a id="38" s="H" t="H" l="H"/>
		<a id="39" s="H" t="H" l="H"/>
		<a id="40" s="H" t="H" l="H"/>
		<a id="41" s="H" t="H" l="H"/>
		<a id="42" s="H" t="H" l="H"/>
	</atoms>
	<bonds>
		<b id="1" c="1 2" t="1"/>
		<b id="2" c="2 3" t="1"/>
		<b id="3" c="3 4" t="ar"/>
		<b id="4" c="4 5" t="1"/>
		<b id="5" c="5 6" t="1"/>
		<b id="6" c="5 7" t="1"/>
		<b id="7" c="5 8" t="1"/>
		<b id="8" c="4 9" t="ar"/>
		<b id="9" c="9 10" t="ar"/>
		<b id="10" c="10 11" t="1"/>
		<b id="11" c="10 12" t="ar"/>
		<b id="12" c="12 13" t="ar"/>
		<b id="13" c="13 14" t="ar"/>
		<b id="14" c="14 15" t="ar"/>
		<b id="15" c="15 16" t="1"/>
		<b id="16" c="16 17" t="ar"/>
		<b id="17" c="17 18" t="ar"/>
		<b id="18" c="18 19" t="ar"/>
		<b id="19" c="19 20" t="1"/>
		<b id="20" c="20 21" t="1"/>
		<b id="21" c="21 22" t="1"/>
		<b id="22" c="21 23" t="2"/>
		<b id="23" c="21 24" t="2"/>
		<b id="24" c="19 25" t="ar"/>
		<b id="25" c="25 26" t="ar"/>
		<b id="26" c="16 26" t="ar"/>
		<b id="27" c="15 27" t="ar"/>
		<b id="28" c="27 28" t="ar"/>
		<b id="29" c="3 28" t="ar"/>
		<b id="30" c="12 28" t="ar"/>
		<b id="31" c="1 29" t="1"/>
		<b id="32" c="1 30" t="1"/>
		<b id="33" c="1 31" t="1"/>
		<b id="34" c="9 32" t="1"/>
		<b id="35" c="14 33" t="1"/>
		<b id="36" c="17 34" t="1"/>
		<b id="37" c="18 35" t="1"/>
		<b id="38" c="20 36" t="1"/>
		<b id="39" c="22 37" t="1"/>
		<b id="40" c="22 38" t="1"/>
		<b id="41" c="22 39" t="1"/>
		<b id="42" c="25 40" t="1"/>
		<b id="43" c="26 41" t="1"/>
		<b id="44" c="27 42" t="1"/>
	</bonds>
	<geometry>
		<g u="A" t="cart/3d">#42,3:2.7784,0.2209,-1.0302;2.2961,-0.0086,0.2872;3.0884,-0.7756,1.0926;2.7215,-2.0738,1.3960;1.4613,-2.6314,0.7903;1.5118,-2.6520,-0.5555;1.2226,-3.8949,1.1682;0.3699,-1.9283,1.1190;3.4974,-2.8789,2.2461;4.6528,-2.3799,2.7807;5.7320,-3.4451,3.8957;5.0628,-1.0525,2.5286;6.1877,-0.5977,3.1009;6.5493,0.6348,2.9039;5.8096,1.5650,2.1340;6.2572,2.9529,1.9997;7.6089,3.2568,1.8465;8.0359,4.5617,1.7057;7.1129,5.6050,1.7199;7.5250,6.9229,1.6172;9.0047,7.4667,1.0450;10.0078,7.4645,2.5449;9.5562,6.5451,0.1025;8.7659,8.8169,0.6421;5.7585,5.3083,1.8785;5.3390,4.0022,2.0110;4.6561,1.1085,1.5323;4.2578,-0.2323,1.6922;2.6839,-0.6850,-1.6359;3.8215,0.5479,-1.0331;2.1430,1.0011,-1.4437;3.1827,-3.8883,2.4611;7.4584,0.9417,3.4037;8.3352,2.4590,1.8078;9.0785,4.7740,1.5409;6.7996,7.6169,1.5409;9.9143,6.4982,3.0212;9.6409,8.2547,3.1850;11.0339,7.6500,2.2556;5.0377,6.1126,1.8958;4.2881,3.7941,2.1470;4.0446,1.7741,0.9416;</g>
	</geometry>
	<conformers/>
	<properties/>
</molecule>
