<?xml version="1.0" ?>
<!--MOLLI PACKAGE EXPERIMENTAL XML FORMAT-->
<molecule name="el680">
	<atoms>
		<a id="1" s="C" t="C.3" l="C"/>
		<a id="2" s="C" t="C.3" l="C"/>
		<a id="3" s="C" t="C.3" l="C"/>
		<a id="4" s="C" t="C.3" l="C"/>
		<a id="5" s="C" t="C.2" l="C"/>
		<a id="6" s="O" t="O.2" l="O"/>
		<a id="7" s="C" t="C.ar" l="C"/>
		<a id="8" s="C" t="C.ar" l="C"/>
		<a id="9" s="N" t="N.ar" l="N"/>
		<a id="10" s="C" t="C.ar" l="C"/>
		<a id="11" s="C" t="C.ar" l="C"/>
		<a id="12" s="C" t="C.ar" l="C"/>
		<a id="13" s="C" t="C.ar" l="C"/>
		<a id="14" s="C" t="C.1" l="C"/>
		<a id="15" s="N" t="N.1" l="N"/>
		<a id="16" s="C" t="C.ar" l="C"/>
		<a id="17" s="Br" t="Br" l="BR"/>
		<a id="18" s="C" t="C.ar" l="C"/>
		<a id="19" s="C" t="C.ar" l="C"/>
		<a id="20" s="C" t="C.ar" l="C"/>
		<a id="21" s="C" t="C.ar" l="C"/>
		<a id="22" s="C" t="C.ar" l="C"/>
		<a id="23" s="C" t="C.ar" l="C"/>
		<a id="24" s="C" t="C.ar" l="C"/>
		<a id="25" s="C" t="C.3" l="C"/>
		<a id="26" s="H" t="H" l="H"/>
		<a id="27" s="H" t="H" l="H"/>
		<a id="28" s="H" t="H" l="H"/>
		<a id="29" s="H" t="H" l="H"/>
		<a id="30" s="H" t="H" l="H"/>
		<a id="31" s="H" t="H" l="H"/>
		<a id="32" s="H" t="H" l="H"/>
		<a id="33" s="H" t="H" l="H"/>
		<a id="34" s="H" t="H" l="H"/>
		<a id="35" s="H" t="H" l="H"/>
		<a id="36" s="H" t="H" l="H"/>
		<a id="37" s="H" t="H" l="H"/>
		<a id="38" s="H" t="H" l="H"/>
		<a id="39" s="H" t="H" l="H"/>
		<a id="40" s="H" t="H" l="H"/>
		<a id="41" s="H" t="H" l="H"/>
		<a id="42" s="H" t="H" l="H"/>
	</atoms>
	<bonds>
		<b id="1" c="1 2" t="1"/>
		<b id="2" c="2 3" t="1"/>
		<b id="3" c="2 4" t="1"/>
		<b id="4" c="4 5" t="1"/>
		<b id="5" c="5 6" t="2"/>
		<b id="6" c="5 7" t="1"/>
		<b id="7" c="7 8" t="ar"/>
		<b id="8" c="8 9" t="ar"/>
		<b id="9" c="9 10" t="1"/>
		<b id="10" c="10 11" t="ar"/>
		<b id="11" c="11 12" t="ar"/>
		<b id="12" c="12 13" t="ar"/>
		<b id="13" c="13 14" t="1"/>
		<b id="14" c="14 15" t="3"/>
		<b id="15" c="13 16" t="ar"/>
		<b id="16" c="16 17" t="1"/>
		<b id="17" c="16 18" t="ar"/>
		<b id="18" c="10 18" t="ar"/>
		<b id="19" c="9 19" t="ar"/>
		<b id="20" c="19 20" t="ar"/>
		<b id="21" c="20 21" t="ar"/>
		<b id="22" c="21 22" t="ar"/>
		<b id="23" c="22 23" t="ar"/>
		<b id="24" c="23 24" t="ar"/>
		<b id="25" c="7 24" t="ar"/>
		<b id="26" c="19 24" t="ar"/>
		<b id="27" c="8 25" t="1"/>
		<b id="28" c="2 25" t="1"/>
		<b id="29" c="1 26" t="1"/>
		<b id="30" c="1 27" t="1"/>
		<b id="31" c="1 28" t="1"/>
		<b id="32" c="3 29" t="1"/>
		<b id="33" c="3 30" t="1"/>
		<b id="34" c="3 31" t="1"/>
		<b id="35" c="4 32" t="1"/>
		<b id="36" c="4 33" t="1"/>
		<b id="37" c="11 34" t="1"/>
		<b id="38" c="12 35" t="1"/>
		<b id="39" c="18 36" t="1"/>
		<b id="40" c="20 37" t="1"/>
		<b id="41" c="21 38" t="1"/>
		<b id="42" c="22 39" t="1"/>
		<b id="43" c="23 40" t="1"/>
		<b id="44" c="25 41" t="1"/>
		<b id="45" c="25 42" t="1"/>
	</bonds>
	<geometry>
		<g u="A" t="cart/3d">#42,3:0.9184,0.1846,0.2592;2.4379,0.0333,0.1633;2.9325,-0.8294,1.3261;2.8158,-0.6354,-1.1656;2.4348,0.1644,-2.4026;2.1196,-0.3693,-3.4450;2.5150,1.6006,-2.2096;2.8353,2.1776,-1.0025;2.7723,3.5437,-1.1076;2.9725,4.4664,-0.0823;2.0586,5.5052,0.1137;2.2583,6.4224,1.1218;3.3675,6.3227,1.9660;3.5497,7.2733,2.9957;3.6842,8.0527,3.8245;4.2735,5.2765,1.7689;5.7966,5.1015,2.8975;4.0828,4.3593,0.7536;2.4220,3.8673,-2.4145;2.3031,5.1029,-3.0317;1.9701,5.1152,-4.3728;1.7717,3.9333,-5.0857;1.9194,2.7011,-4.4839;2.2547,2.6666,-3.1355;3.1142,1.4164,0.2405;0.4394,-0.7889,0.1891;0.5355,0.8084,-0.5451;0.6387,0.6345,1.2100;2.4596,-1.8079,1.2999;2.6928,-0.3604,2.2781;4.0102,-0.9704,1.2750;2.3567,-1.6223,-1.2412;3.9009,-0.7747,-1.2072;1.1866,5.5729,-0.5173;1.5549,7.2256,1.2785;4.8071,3.5762,0.5980;2.4763,6.0247,-2.4966;1.8663,6.0627,-4.8800;1.5102,3.9905,-6.1315;1.7900,1.7799,-5.0285;2.7621,1.9620,1.1200;4.1943,1.2681,0.3506;</g>
	</geometry>
	<conformers/>
	<properties/>
</molecule>
