<?xml version="1.0" ?>
<!--MOLLI PACKAGE EXPERIMENTAL XML FORMAT-->
<molecule name="el683">
	<atoms>
		<a id="1" s="C" t="C.3" l="C"/>
		<a id="2" s="C" t="C.3" l="C"/>
		<a id="3" s="C" t="C.3" l="C"/>
		<a id="4" s="C" t="C.3" l="C"/>
		<a id="5" s="C" t="C.3" l="C"/>
		<a id="6" s="C" t="C.3" l="C"/>
		<a id="7" s="N" t="N.pl3" l="N"/>
		<a id="8" s="C" t="C.3" l="C"/>
		<a id="9" s="C" t="C.3" l="C"/>
		<a id="10" s="C" t="C.3" l="C"/>
		<a id="11" s="C" t="C.3" l="C"/>
		<a id="12" s="C" t="C.3" l="C"/>
		<a id="13" s="C" t="C.3" l="C"/>
		<a id="14" s="C" t="C.ar" l="C"/>
		<a id="15" s="N" t="N.ar" l="N"/>
		<a id="16" s="C" t="C.ar" l="C"/>
		<a id="17" s="C" t="C.ar" l="C"/>
		<a id="18" s="Br" t="Br" l="BR"/>
		<a id="19" s="C" t="C.ar" l="C"/>
		<a id="20" s="N" t="N.ar" l="N"/>
		<a id="21" s="H" t="H" l="H"/>
		<a id="22" s="H" t="H" l="H"/>
		<a id="23" s="H" t="H" l="H"/>
		<a id="24" s="H" t="H" l="H"/>
		<a id="25" s="H" t="H" l="H"/>
		<a id="26" s="H" t="H" l="H"/>
		<a id="27" s="H" t="H" l="H"/>
		<a id="28" s="H" t="H" l="H"/>
		<a id="29" s="H" t="H" l="H"/>
		<a id="30" s="H" t="H" l="H"/>
		<a id="31" s="H" t="H" l="H"/>
		<a id="32" s="H" t="H" l="H"/>
		<a id="33" s="H" t="H" l="H"/>
		<a id="34" s="H" t="H" l="H"/>
		<a id="35" s="H" t="H" l="H"/>
		<a id="36" s="H" t="H" l="H"/>
		<a id="37" s="H" t="H" l="H"/>
		<a id="38" s="H" t="H" l="H"/>
		<a id="39" s="H" t="H" l="H"/>
		<a id="40" s="H" t="H" l="H"/>
		<a id="41" s="H" t="H" l="H"/>
		<a id="42" s="H" t="H" l="H"/>
		<a id="43" s="H" t="H" l="H"/>
		<a id="44" s="H" t="H" l="H"/>
		<a id="45" s="H" t="H" l="H"/>
		<a id="46" s="H" t="H" l="H"/>
		<a id="47" s="H" t="H" l="H"/>
		<a id="48" s="H" t="H" l="H"/>
	</atoms>
	<bonds>
		<b id="1" c="1 2" t="1"/>
		<b id="2" c="2 3" t="1"/>
		<b id="3" c="3 4" t="1"/>
		<b id="4" c="4 5" t="1"/>
		<b id="5" c="5 6" t="1"/>
		<b id="6" c="6 7" t="1"/>
		<b id="7" c="7 8" t="1"/>
		<b id="8" c="8 9" t="1"/>
		<b id="9" c="9 10" t="1"/>
		<b id="10" c="10 11" t="1"/>
		<b id="11" c="11 12" t="1"/>
		<b id="12" c="12 13" t="1"/>
		<b id="13" c="7 14" t="1"/>
		<b id="14" c="14 15" t="ar"/>
		<b id="15" c="15 16" t="ar"/>
		<b id="16" c="16 17" t="ar"/>
		<b id="17" c="17 18" t="1"/>
		<b id="18" c="17 19" t="ar"/>
		<b id="19" c="19 20" t="ar"/>
		<b id="20" c="14 20" t="ar"/>
		<b id="21" c="1 21" t="1"/>
		<b id="22" c="1 22" t="1"/>
		<b id="23" c="1 23" t="1"/>
		<b id="24" c="2 24" t="1"/>
		<b id="25" c="2 25" t="1"/>
		<b id="26" c="3 26" t="1"/>
		<b id="27" c="3 27" t="1"/>
		<b id="28" c="4 28" t="1"/>
		<b id="29" c="4 29" t="1"/>
		<b id="30" c="5 30" t="1"/>
		<b id="31" c="5 31" t="1"/>
		<b id="32" c="6 32" t="1"/>
		<b id="33" c="6 33" t="1"/>
		<b id="34" c="8 34" t="1"/>
		<b id="35" c="8 35" t="1"/>
		<b id="36" c="9 36" t="1"/>
		<b id="37" c="9 37" t="1"/>
		<b id="38" c="10 38" t="1"/>
		<b id="39" c="10 39" t="1"/>
		<b id="40" c="11 40" t="1"/>
		<b id="41" c="11 41" t="1"/>
		<b id="42" c="12 42" t="1"/>
		<b id="43" c="12 43" t="1"/>
		<b id="44" c="13 44" t="1"/>
		<b id="45" c="13 45" t="1"/>
		<b id="46" c="13 46" t="1"/>
		<b id="47" c="16 47" t="1"/>
		<b id="48" c="19 48" t="1"/>
	</bonds>
	<geometry>
		<g u="A" t="cart/3d">#48,3:7.1245,5.0524,-4.4582;7.4049,4.6756,-3.0087;6.2939,3.8074,-2.4233;6.5812,3.3993,-0.9807;5.4443,2.5706,-0.3895;5.7695,2.0435,1.0121;6.0125,3.1020,1.9672;4.8763,3.7760,2.5545;4.1631,2.9271,3.6160;5.0775,2.4684,4.7514;5.5251,3.6056,5.6657;6.4231,3.1011,6.7921;6.8954,4.2360,7.6920;7.2642,3.4515,2.2906;7.4371,4.4862,3.1351;8.6667,4.8258,3.4431;9.7633,4.1493,2.9261;11.5403,4.6492,3.3730;9.5002,3.0889,2.0673;8.2755,2.7442,1.7504;7.9185,5.6829,-4.8515;6.1849,5.5953,-4.5361;7.0558,4.1606,-5.0774;7.5056,5.5837,-2.4099;8.3525,4.1355,-2.9508;6.1792,2.9097,-3.0358;5.3499,4.3568,-2.4638;6.7299,4.2959,-0.3747;7.5052,2.8200,-0.9411;5.2493,1.7104,-1.0331;4.5337,3.1729,-0.3595;6.6692,1.4289,0.9669;4.9380,1.4335,1.3738;4.1659,4.0218,1.7596;5.2389,4.7016,2.9995;3.7252,2.0472,3.1389;3.3432,3.5210,4.0239;5.9573,1.9790,4.3279;4.5445,1.7234,5.3475;4.6474,4.0937,6.0946;6.0745,4.3443,5.0825;7.2906,2.5984,6.3589;5.8804,2.3654,7.3898;7.4605,4.9655,7.1175;7.5331,3.8560,8.4861;6.0467,4.7419,8.1461;8.7802,5.6619,4.1215;10.2954,2.5038,1.6225;</g>
	</geometry>
	<conformers/>
	<properties/>
</molecule>
