<?xml version="1.0" ?>
<!--MOLLI PACKAGE EXPERIMENTAL XML FORMAT-->
<molecule name="el691">
	<atoms>
		<a id="1" s="C" t="C.3" l="C"/>
		<a id="2" s="O" t="O.3" l="O"/>
		<a id="3" s="C" t="C.ar" l="C"/>
		<a id="4" s="C" t="C.ar" l="C"/>
		<a id="5" s="C" t="C.ar" l="C"/>
		<a id="6" s="C" t="C.ar" l="C"/>
		<a id="7" s="C" t="C.1" l="C"/>
		<a id="8" s="N" t="N.1" l="N"/>
		<a id="9" s="C" t="C.ar" l="C"/>
		<a id="10" s="Br" t="Br" l="BR"/>
		<a id="11" s="C" t="C.ar" l="C"/>
		<a id="12" s="H" t="H" l="H"/>
		<a id="13" s="H" t="H" l="H"/>
		<a id="14" s="H" t="H" l="H"/>
		<a id="15" s="H" t="H" l="H"/>
		<a id="16" s="H" t="H" l="H"/>
		<a id="17" s="H" t="H" l="H"/>
	</atoms>
	<bonds>
		<b id="1" c="1 2" t="1"/>
		<b id="2" c="2 3" t="1"/>
		<b id="3" c="3 4" t="ar"/>
		<b id="4" c="4 5" t="ar"/>
		<b id="5" c="5 6" t="ar"/>
		<b id="6" c="6 7" t="1"/>
		<b id="7" c="7 8" t="3"/>
		<b id="8" c="6 9" t="ar"/>
		<b id="9" c="9 10" t="1"/>
		<b id="10" c="9 11" t="ar"/>
		<b id="11" c="3 11" t="ar"/>
		<b id="12" c="1 12" t="1"/>
		<b id="13" c="1 13" t="1"/>
		<b id="14" c="1 14" t="1"/>
		<b id="15" c="4 15" t="1"/>
		<b id="16" c="5 16" t="1"/>
		<b id="17" c="11 17" t="1"/>
	</bonds>
	<geometry>
		<g u="A" t="cart/3d">#17,3:1.3817,0.0893,-0.7758;2.4695,-0.0445,0.1116;3.0879,-1.2384,0.2154;2.7273,-2.3946,-0.4785;3.4423,-3.5603,-0.2946;4.5289,-3.6105,0.5780;5.2462,-4.8165,0.7335;5.8176,-5.8046,0.8367;4.8793,-2.4482,1.2739;6.3498,-2.4679,2.4790;4.1725,-1.2802,1.0982;1.0682,1.1287,-0.6978;0.5499,-0.5619,-0.4913;1.6787,-0.1230,-1.8071;1.8937,-2.3945,-1.1618;3.1648,-4.4549,-0.8318;4.4411,-0.3828,1.6317;</g>
	</geometry>
	<conformers/>
	<properties/>
</molecule>
