<?xml version="1.0" ?>
<!--MOLLI PACKAGE EXPERIMENTAL XML FORMAT-->
<molecule name="el698">
	<atoms>
		<a id="1" s="F" t="F" l="F"/>
		<a id="2" s="C" t="C.ar" l="C"/>
		<a id="3" s="C" t="C.ar" l="C"/>
		<a id="4" s="N" t="N.ar" l="N"/>
		<a id="5" s="C" t="C.ar" l="C"/>
		<a id="6" s="N" t="N.ar" l="N"/>
		<a id="7" s="C" t="C.ar" l="C"/>
		<a id="8" s="C" t="C.ar" l="C"/>
		<a id="9" s="C" t="C.ar" l="C"/>
		<a id="10" s="C" t="C.ar" l="C"/>
		<a id="11" s="Br" t="Br" l="BR"/>
		<a id="12" s="H" t="H" l="H"/>
		<a id="13" s="H" t="H" l="H"/>
		<a id="14" s="H" t="H" l="H"/>
		<a id="15" s="H" t="H" l="H"/>
	</atoms>
	<bonds>
		<b id="1" c="1 2" t="1"/>
		<b id="2" c="2 3" t="ar"/>
		<b id="3" c="3 4" t="ar"/>
		<b id="4" c="4 5" t="ar"/>
		<b id="5" c="5 6" t="ar"/>
		<b id="6" c="6 7" t="ar"/>
		<b id="7" c="7 8" t="ar"/>
		<b id="8" c="8 9" t="ar"/>
		<b id="9" c="5 9" t="ar"/>
		<b id="10" c="9 10" t="ar"/>
		<b id="11" c="2 10" t="ar"/>
		<b id="12" c="10 11" t="1"/>
		<b id="13" c="3 12" t="1"/>
		<b id="14" c="6 13" t="1"/>
		<b id="15" c="7 14" t="1"/>
		<b id="16" c="8 15" t="1"/>
	</bonds>
	<geometry>
		<g u="A" t="cart/3d">#15,3:1.1398,-0.1563,0.1094;2.4777,-0.0394,0.0353;3.2476,-1.2041,-0.0392;4.5619,-1.2017,-0.1150;5.1365,-0.0093,-0.1174;6.4662,0.2490,-0.1874;6.6584,1.6026,-0.1634;5.4613,2.2485,-0.0780;4.4610,1.2449,-0.0460;3.0707,1.2110,0.0334;2.0421,2.8015,0.1332;2.7587,-2.1665,-0.0358;7.1820,-0.4554,-0.2468;7.6472,2.0157,-0.2097;5.2975,3.3066,-0.0414;</g>
	</geometry>
	<conformers/>
	<properties/>
</molecule>
