<?xml version="1.0" ?>
<!--MOLLI PACKAGE EXPERIMENTAL XML FORMAT-->
<molecule name="nuc2182">
	<atoms>
		<a id="1" s="C" t="C.3" l="C"/>
		<a id="2" s="C" t="C.3" l="C"/>
		<a id="3" s="C" t="C.3" l="C"/>
		<a id="4" s="C" t="C.3" l="C"/>
		<a id="5" s="O" t="O.3" l="O"/>
		<a id="6" s="C" t="C.2" l="C"/>
		<a id="7" s="O" t="O.2" l="O"/>
		<a id="8" s="N" t="N.am" l="N"/>
		<a id="9" s="C" t="C.3" l="C"/>
		<a id="10" s="C" t="C.3" l="C"/>
		<a id="11" s="C" t="C.3" l="C"/>
		<a id="12" s="C" t="C.3" l="C"/>
		<a id="13" s="N" t="N.am" l="N"/>
		<a id="14" s="C" t="C.2" l="C"/>
		<a id="15" s="O" t="O.2" l="O"/>
		<a id="16" s="C" t="C.ar" l="C"/>
		<a id="17" s="C" t="C.ar" l="C"/>
		<a id="18" s="C" t="C.ar" l="C"/>
		<a id="19" s="C" t="C.ar" l="C"/>
		<a id="20" s="C" t="C.ar" l="C"/>
		<a id="21" s="N" t="N.pl3" l="N"/>
		<a id="22" s="C" t="C.ar" l="C"/>
		<a id="23" s="C" t="C.3" l="C"/>
		<a id="24" s="H" t="H" l="H"/>
		<a id="25" s="H" t="H" l="H"/>
		<a id="26" s="H" t="H" l="H"/>
		<a id="27" s="H" t="H" l="H"/>
		<a id="28" s="H" t="H" l="H"/>
		<a id="29" s="H" t="H" l="H"/>
		<a id="30" s="H" t="H" l="H"/>
		<a id="31" s="H" t="H" l="H"/>
		<a id="32" s="H" t="H" l="H"/>
		<a id="33" s="H" t="H" l="H"/>
		<a id="34" s="H" t="H" l="H"/>
		<a id="35" s="H" t="H" l="H"/>
		<a id="36" s="H" t="H" l="H"/>
		<a id="37" s="H" t="H" l="H"/>
		<a id="38" s="H" t="H" l="H"/>
		<a id="39" s="H" t="H" l="H"/>
		<a id="40" s="H" t="H" l="H"/>
		<a id="41" s="H" t="H" l="H"/>
		<a id="42" s="H" t="H" l="H"/>
		<a id="43" s="H" t="H" l="H"/>
		<a id="44" s="H" t="H" l="H"/>
		<a id="45" s="H" t="H" l="H"/>
		<a id="46" s="H" t="H" l="H"/>
		<a id="47" s="H" t="H" l="H"/>
		<a id="48" s="H" t="H" l="H"/>
	</atoms>
	<bonds>
		<b id="1" c="1 2" t="1"/>
		<b id="2" c="2 3" t="1"/>
		<b id="3" c="2 4" t="1"/>
		<b id="4" c="2 5" t="1"/>
		<b id="5" c="5 6" t="1"/>
		<b id="6" c="6 7" t="2"/>
		<b id="7" c="6 8" t="am"/>
		<b id="8" c="8 9" t="1"/>
		<b id="9" c="9 10" t="1"/>
		<b id="10" c="10 11" t="1"/>
		<b id="11" c="11 12" t="1"/>
		<b id="12" c="12 13" t="1"/>
		<b id="13" c="13 14" t="am"/>
		<b id="14" c="14 15" t="2"/>
		<b id="15" c="14 16" t="1"/>
		<b id="16" c="16 17" t="ar"/>
		<b id="17" c="17 18" t="ar"/>
		<b id="18" c="18 19" t="ar"/>
		<b id="19" c="19 20" t="ar"/>
		<b id="20" c="20 21" t="1"/>
		<b id="21" c="20 22" t="ar"/>
		<b id="22" c="16 22" t="ar"/>
		<b id="23" c="12 23" t="1"/>
		<b id="24" c="8 23" t="1"/>
		<b id="25" c="1 24" t="1"/>
		<b id="26" c="1 25" t="1"/>
		<b id="27" c="1 26" t="1"/>
		<b id="28" c="3 27" t="1"/>
		<b id="29" c="3 28" t="1"/>
		<b id="30" c="3 29" t="1"/>
		<b id="31" c="4 30" t="1"/>
		<b id="32" c="4 31" t="1"/>
		<b id="33" c="4 32" t="1"/>
		<b id="34" c="9 33" t="1"/>
		<b id="35" c="9 34" t="1"/>
		<b id="36" c="10 35" t="1"/>
		<b id="37" c="10 36" t="1"/>
		<b id="38" c="11 37" t="1"/>
		<b id="39" c="11 38" t="1"/>
		<b id="40" c="12 39" t="1"/>
		<b id="41" c="13 40" t="1"/>
		<b id="42" c="17 41" t="1"/>
		<b id="43" c="18 42" t="1"/>
		<b id="44" c="19 43" t="1"/>
		<b id="45" c="21 44" t="1"/>
		<b id="46" c="21 45" t="1"/>
		<b id="47" c="22 46" t="1"/>
		<b id="48" c="23 47" t="1"/>
		<b id="49" c="23 48" t="1"/>
	</bonds>
	<geometry>
		<g u="A" t="cart/3d">#48,3:4.0129,1.2212,1.0550;2.9950,0.7962,-0.0037;2.5003,-0.6272,0.2520;1.8170,1.7724,-0.0335;3.5673,0.9019,-1.3272;4.6272,0.1417,-1.6694;5.2194,-0.6123,-0.9289;4.9449,0.2946,-2.9780;6.1598,-0.2994,-3.4923;7.2077,0.7861,-3.7366;6.6457,1.8511,-4.6741;5.3449,2.4256,-4.1008;4.7774,3.4270,-4.9861;4.3754,3.1793,-6.2567;4.4141,2.0748,-6.7679;3.8672,4.3743,-6.9912;4.3861,5.6526,-6.8006;3.8929,6.7048,-7.5528;2.8918,6.5024,-8.4822;2.3675,5.2247,-8.6892;1.3288,5.0212,-9.5692;2.8744,4.1670,-7.9365;4.3515,1.2742,-3.8539;3.5446,1.2181,2.0353;4.3792,2.2234,0.8413;4.8529,0.5325,1.0601;1.9850,-0.6702,1.2075;3.3399,-1.3163,0.2699;1.8134,-0.9301,-0.5356;1.3069,1.7680,0.9251;1.1145,1.4843,-0.8113;2.1706,2.7787,-0.2430;5.9248,-0.8102,-4.4315;6.5110,-1.0270,-2.7596;8.1032,0.3404,-4.1704;7.4798,1.2391,-2.7806;6.4248,1.4111,-5.6473;7.3705,2.6553,-4.8181;5.5545,2.9167,-3.1439;4.6421,4.3546,-4.6214;5.1938,5.8254,-6.1047;4.2996,7.6965,-7.4176;2.5138,7.3309,-9.0638;1.1929,5.7206,-10.2803;1.1789,4.0728,-9.8721;2.4996,3.1649,-8.0840;4.1243,0.8011,-4.8138;3.4312,1.6524,-3.4105;</g>
	</geometry>
	<conformers/>
	<properties/>
</molecule>
