<?xml version="1.0" ?>
<!--MOLLI PACKAGE EXPERIMENTAL XML FORMAT-->
<molecule name="nuc2281">
	<atoms>
		<a id="1" s="C" t="C.3" l="C"/>
		<a id="2" s="C" t="C.ar" l="C"/>
		<a id="3" s="N" t="N.ar" l="N"/>
		<a id="4" s="O" t="O.2" l="O"/>
		<a id="5" s="C" t="C.ar" l="C"/>
		<a id="6" s="C" t="C.3" l="C"/>
		<a id="7" s="C" t="C.ar" l="C"/>
		<a id="8" s="C" t="C.ar" l="C"/>
		<a id="9" s="C" t="C.ar" l="C"/>
		<a id="10" s="C" t="C.ar" l="C"/>
		<a id="11" s="C" t="C.ar" l="C"/>
		<a id="12" s="C" t="C.3" l="C"/>
		<a id="13" s="C" t="C.3" l="C"/>
		<a id="14" s="N" t="N.3" l="N"/>
		<a id="15" s="C" t="C.ar" l="C"/>
		<a id="16" s="C" t="C.ar" l="C"/>
		<a id="17" s="H" t="H" l="H"/>
		<a id="18" s="H" t="H" l="H"/>
		<a id="19" s="H" t="H" l="H"/>
		<a id="20" s="H" t="H" l="H"/>
		<a id="21" s="H" t="H" l="H"/>
		<a id="22" s="H" t="H" l="H"/>
		<a id="23" s="H" t="H" l="H"/>
		<a id="24" s="H" t="H" l="H"/>
		<a id="25" s="H" t="H" l="H"/>
		<a id="26" s="H" t="H" l="H"/>
		<a id="27" s="H" t="H" l="H"/>
		<a id="28" s="H" t="H" l="H"/>
		<a id="29" s="H" t="H" l="H"/>
		<a id="30" s="H" t="H" l="H"/>
		<a id="31" s="H" t="H" l="H"/>
		<a id="32" s="H" t="H" l="H"/>
	</atoms>
	<bonds>
		<b id="1" c="1 2" t="1"/>
		<b id="2" c="2 3" t="ar"/>
		<b id="3" c="3 4" t="ar"/>
		<b id="4" c="4 5" t="ar"/>
		<b id="5" c="5 6" t="1"/>
		<b id="6" c="5 7" t="ar"/>
		<b id="7" c="2 7" t="ar"/>
		<b id="8" c="7 8" t="1"/>
		<b id="9" c="8 9" t="ar"/>
		<b id="10" c="9 10" t="ar"/>
		<b id="11" c="10 11" t="ar"/>
		<b id="12" c="12 14" t="1"/>
		<b id="13" c="11 15" t="ar"/>
		<b id="14" c="15 16" t="ar"/>
		<b id="15" c="8 16" t="ar"/>
		<b id="16" c="12 13" t="1"/>
		<b id="17" c="12 11" t="1"/>
		<b id="18" c="1 17" t="1"/>
		<b id="19" c="1 18" t="1"/>
		<b id="20" c="1 19" t="1"/>
		<b id="21" c="6 20" t="1"/>
		<b id="22" c="6 21" t="1"/>
		<b id="23" c="6 22" t="1"/>
		<b id="24" c="9 23" t="1"/>
		<b id="25" c="10 24" t="1"/>
		<b id="26" c="12 25" t="1"/>
		<b id="27" c="13 26" t="1"/>
		<b id="28" c="13 27" t="1"/>
		<b id="29" c="13 28" t="1"/>
		<b id="30" c="14 29" t="1"/>
		<b id="31" c="14 30" t="1"/>
		<b id="32" c="15 31" t="1"/>
		<b id="33" c="16 32" t="1"/>
	</bonds>
	<geometry>
		<g u="A" t="cart/3d">#32,3:2.1845,6.5219,6.6684;2.6286,7.9012,6.3477;3.2509,8.6372,7.2278;3.5385,9.8265,6.6439;3.1014,9.8169,5.3736;3.3018,11.0377,4.5551;2.4995,8.6096,5.1118;1.8951,8.1507,3.8663;2.5129,8.4047,2.6444;1.9442,7.9637,1.4650;0.7460,7.2609,1.4670;0.1393,6.7560,0.1724;-1.1951,7.4490,-0.1068;-0.0623,5.3118,0.1476;0.1317,7.0090,2.6886;0.6944,7.4455,3.8714;2.7642,6.1423,7.5048;2.3099,5.8749,5.8029;1.1329,6.5201,6.9532;3.1953,11.9192,5.1833;2.5735,11.0674,3.7490;4.3041,11.0489,4.1263;3.4549,8.9317,2.6223;2.4398,8.1660,0.5256;0.8298,6.9846,-0.6490;-1.9032,7.2533,0.6950;-1.6111,7.0708,-1.0364;-1.0509,8.5233,-0.1885;-0.7161,5.0342,0.8722;0.8140,4.8310,0.3209;-0.8029,6.4657,2.7209;0.1890,7.2555,4.8060;</g>
	</geometry>
	<conformers/>
	<properties/>
</molecule>
