<?xml version="1.0" ?>
<!--MOLLI PACKAGE EXPERIMENTAL XML FORMAT-->
<molecule name="nuc2291">
	<atoms>
		<a id="1" s="C" t="C.3" l="C"/>
		<a id="2" s="O" t="O.3" l="O"/>
		<a id="3" s="C" t="C.ar" l="C"/>
		<a id="4" s="C" t="C.ar" l="C"/>
		<a id="5" s="C" t="C.ar" l="C"/>
		<a id="6" s="C" t="C.2" l="C"/>
		<a id="7" s="O" t="O.2" l="O"/>
		<a id="8" s="N" t="N.am" l="N"/>
		<a id="9" s="C" t="C.3" l="C"/>
		<a id="10" s="C" t="C.3" l="C"/>
		<a id="11" s="C" t="C.3" l="C"/>
		<a id="12" s="C" t="C.3" l="C"/>
		<a id="13" s="O" t="O.3" l="O"/>
		<a id="14" s="C" t="C.ar" l="C"/>
		<a id="15" s="C" t="C.ar" l="C"/>
		<a id="16" s="C" t="C.ar" l="C"/>
		<a id="17" s="N" t="N.pl3" l="N"/>
		<a id="18" s="H" t="H" l="H"/>
		<a id="19" s="H" t="H" l="H"/>
		<a id="20" s="H" t="H" l="H"/>
		<a id="21" s="H" t="H" l="H"/>
		<a id="22" s="H" t="H" l="H"/>
		<a id="23" s="H" t="H" l="H"/>
		<a id="24" s="H" t="H" l="H"/>
		<a id="25" s="H" t="H" l="H"/>
		<a id="26" s="H" t="H" l="H"/>
		<a id="27" s="H" t="H" l="H"/>
		<a id="28" s="H" t="H" l="H"/>
		<a id="29" s="H" t="H" l="H"/>
		<a id="30" s="H" t="H" l="H"/>
		<a id="31" s="H" t="H" l="H"/>
		<a id="32" s="H" t="H" l="H"/>
		<a id="33" s="H" t="H" l="H"/>
		<a id="34" s="H" t="H" l="H"/>
		<a id="35" s="H" t="H" l="H"/>
	</atoms>
	<bonds>
		<b id="1" c="1 2" t="1"/>
		<b id="2" c="2 3" t="1"/>
		<b id="3" c="3 4" t="ar"/>
		<b id="4" c="4 5" t="ar"/>
		<b id="5" c="5 6" t="1"/>
		<b id="6" c="6 7" t="2"/>
		<b id="7" c="6 8" t="am"/>
		<b id="8" c="8 9" t="1"/>
		<b id="9" c="9 10" t="1"/>
		<b id="10" c="10 11" t="1"/>
		<b id="11" c="10 12" t="1"/>
		<b id="12" c="10 13" t="1"/>
		<b id="13" c="5 14" t="ar"/>
		<b id="14" c="14 15" t="ar"/>
		<b id="15" c="15 16" t="ar"/>
		<b id="16" c="3 16" t="ar"/>
		<b id="17" c="16 17" t="1"/>
		<b id="18" c="1 18" t="1"/>
		<b id="19" c="1 19" t="1"/>
		<b id="20" c="1 20" t="1"/>
		<b id="21" c="4 21" t="1"/>
		<b id="22" c="8 22" t="1"/>
		<b id="23" c="9 23" t="1"/>
		<b id="24" c="9 24" t="1"/>
		<b id="25" c="11 25" t="1"/>
		<b id="26" c="11 26" t="1"/>
		<b id="27" c="11 27" t="1"/>
		<b id="28" c="12 28" t="1"/>
		<b id="29" c="12 29" t="1"/>
		<b id="30" c="12 30" t="1"/>
		<b id="31" c="13 31" t="1"/>
		<b id="32" c="14 32" t="1"/>
		<b id="33" c="15 33" t="1"/>
		<b id="34" c="17 34" t="1"/>
		<b id="35" c="17 35" t="1"/>
	</bonds>
	<geometry>
		<g u="A" t="cart/3d">#35,3:1.8373,1.5554,-0.4361;1.8044,0.5703,0.5680;2.8153,0.5701,1.4971;3.8607,1.4649,1.5317;4.8559,1.3814,2.5116;5.9370,2.3982,2.4349;6.1277,3.0702,1.4353;6.6999,2.5380,3.5485;7.7985,3.4690,3.6271;9.1735,2.7570,3.5658;9.3849,2.1470,2.1798;10.2777,3.7598,3.8928;9.2304,1.7463,4.5645;4.7935,0.3574,3.4476;3.7496,-0.5490,3.4166;2.7429,-0.4593,2.4622;1.6601,-1.3046,2.4675;0.9670,1.3663,-1.0628;2.7458,1.4804,-1.0417;1.7677,2.5615,-0.0115;3.9564,2.2580,0.8076;6.4725,2.0231,4.3817;7.7269,4.0301,4.5628;7.7038,4.1506,2.7800;9.4369,2.9289,1.4284;8.5583,1.4865,1.9226;10.3108,1.5760,2.1628;10.2256,4.6113,3.2213;11.2479,3.2814,3.7927;10.1689,4.1022,4.9182;8.7092,0.9960,4.2584;5.5605,0.2273,4.1973;3.7062,-1.3471,4.1434;1.7688,-2.1872,2.9377;1.1210,-1.3173,1.6174;</g>
	</geometry>
	<conformers/>
	<properties/>
</molecule>
