<?xml version="1.0" ?>
<!--MOLLI PACKAGE EXPERIMENTAL XML FORMAT-->
<molecule name="nuc2294">
	<atoms>
		<a id="1" s="C" t="C.3" l="C"/>
		<a id="2" s="C" t="C.3" l="C"/>
		<a id="3" s="C" t="C.3" l="C"/>
		<a id="4" s="C" t="C.3" l="C"/>
		<a id="5" s="C" t="C.3" l="C"/>
		<a id="6" s="N" t="N.ar" l="N"/>
		<a id="7" s="N" t="N.ar" l="N"/>
		<a id="8" s="C" t="C.ar" l="C"/>
		<a id="9" s="C" t="C.ar" l="C"/>
		<a id="10" s="N" t="N.pl3" l="N"/>
		<a id="11" s="C" t="C.ar" l="C"/>
		<a id="12" s="C" t="C.3" l="C"/>
		<a id="13" s="H" t="H" l="H"/>
		<a id="14" s="H" t="H" l="H"/>
		<a id="15" s="H" t="H" l="H"/>
		<a id="16" s="H" t="H" l="H"/>
		<a id="17" s="H" t="H" l="H"/>
		<a id="18" s="H" t="H" l="H"/>
		<a id="19" s="H" t="H" l="H"/>
		<a id="20" s="H" t="H" l="H"/>
		<a id="21" s="H" t="H" l="H"/>
		<a id="22" s="H" t="H" l="H"/>
		<a id="23" s="H" t="H" l="H"/>
		<a id="24" s="H" t="H" l="H"/>
		<a id="25" s="H" t="H" l="H"/>
		<a id="26" s="H" t="H" l="H"/>
		<a id="27" s="H" t="H" l="H"/>
	</atoms>
	<bonds>
		<b id="1" c="1 2" t="1"/>
		<b id="2" c="2 3" t="1"/>
		<b id="3" c="2 4" t="1"/>
		<b id="4" c="4 5" t="1"/>
		<b id="5" c="5 6" t="1"/>
		<b id="6" c="6 7" t="ar"/>
		<b id="7" c="7 8" t="ar"/>
		<b id="8" c="8 9" t="ar"/>
		<b id="9" c="9 10" t="1"/>
		<b id="10" c="9 11" t="ar"/>
		<b id="11" c="6 11" t="ar"/>
		<b id="12" c="11 12" t="1"/>
		<b id="13" c="2 12" t="1"/>
		<b id="14" c="1 13" t="1"/>
		<b id="15" c="1 14" t="1"/>
		<b id="16" c="1 15" t="1"/>
		<b id="17" c="3 16" t="1"/>
		<b id="18" c="3 17" t="1"/>
		<b id="19" c="3 18" t="1"/>
		<b id="20" c="4 19" t="1"/>
		<b id="21" c="4 20" t="1"/>
		<b id="22" c="5 21" t="1"/>
		<b id="23" c="5 22" t="1"/>
		<b id="24" c="8 23" t="1"/>
		<b id="25" c="10 24" t="1"/>
		<b id="26" c="10 25" t="1"/>
		<b id="27" c="12 26" t="1"/>
		<b id="28" c="12 27" t="1"/>
	</bonds>
	<geometry>
		<g u="A" t="cart/3d">#27,3:0.9014,0.0064,-0.0798;2.4298,-0.0250,-0.0120;2.8732,0.1258,1.4449;2.9962,1.1075,-0.8842;4.5190,1.1799,-0.8145;5.0824,-0.1330,-0.9627;6.3768,-0.3138,-1.1854;6.5657,-1.6237,-1.1969;5.3610,-2.3071,-0.9682;5.1732,-3.6860,-0.8318;4.4164,-1.3040,-0.8126;2.9465,-1.3580,-0.5741;0.5200,0.9210,0.3685;0.4793,-0.8400,0.4574;0.5582,-0.0373,-1.1115;2.6657,1.1303,1.8072;3.9358,-0.0739,1.5536;2.3350,-0.5811,2.0724;2.5820,2.0662,-0.5687;2.6912,0.9344,-1.9189;4.8405,1.6045,0.1442;4.9177,1.8194,-1.6079;7.5420,-2.0321,-1.3673;5.8914,-4.2203,-1.2999;4.2498,-3.9897,-1.1087;2.7213,-2.1721,0.1194;2.4300,-1.5771,-1.5170;</g>
	</geometry>
	<conformers/>
	<properties/>
</molecule>
