<?xml version="1.0" ?>
<!--MOLLI PACKAGE EXPERIMENTAL XML FORMAT-->
<molecule name="nuc2295">
	<atoms>
		<a id="1" s="C" t="C.3" l="C"/>
		<a id="2" s="C" t="C.ar" l="C"/>
		<a id="3" s="C" t="C.ar" l="C"/>
		<a id="4" s="C" t="C.ar" l="C"/>
		<a id="5" s="C" t="C.ar" l="C"/>
		<a id="6" s="C" t="C.ar" l="C"/>
		<a id="7" s="C" t="C.ar" l="C"/>
		<a id="8" s="C" t="C.ar" l="C"/>
		<a id="9" s="N" t="N.ar" l="N"/>
		<a id="10" s="N" t="N.ar" l="N"/>
		<a id="11" s="C" t="C.ar" l="C"/>
		<a id="12" s="N" t="N.pl3" l="N"/>
		<a id="13" s="O" t="O.2" l="O"/>
		<a id="14" s="H" t="H" l="H"/>
		<a id="15" s="H" t="H" l="H"/>
		<a id="16" s="H" t="H" l="H"/>
		<a id="17" s="H" t="H" l="H"/>
		<a id="18" s="H" t="H" l="H"/>
		<a id="19" s="H" t="H" l="H"/>
		<a id="20" s="H" t="H" l="H"/>
		<a id="21" s="H" t="H" l="H"/>
		<a id="22" s="H" t="H" l="H"/>
	</atoms>
	<bonds>
		<b id="1" c="1 2" t="1"/>
		<b id="2" c="2 3" t="ar"/>
		<b id="3" c="3 4" t="ar"/>
		<b id="4" c="4 5" t="ar"/>
		<b id="5" c="5 6" t="ar"/>
		<b id="6" c="6 7" t="ar"/>
		<b id="7" c="2 7" t="ar"/>
		<b id="8" c="7 8" t="1"/>
		<b id="9" c="8 9" t="ar"/>
		<b id="10" c="9 10" t="ar"/>
		<b id="11" c="10 11" t="ar"/>
		<b id="12" c="11 12" t="1"/>
		<b id="13" c="11 13" t="ar"/>
		<b id="14" c="8 13" t="ar"/>
		<b id="15" c="1 14" t="1"/>
		<b id="16" c="1 15" t="1"/>
		<b id="17" c="1 16" t="1"/>
		<b id="18" c="3 17" t="1"/>
		<b id="19" c="4 18" t="1"/>
		<b id="20" c="5 19" t="1"/>
		<b id="21" c="6 20" t="1"/>
		<b id="22" c="12 21" t="1"/>
		<b id="23" c="12 22" t="1"/>
	</bonds>
	<geometry>
		<g u="A" t="cart/3d">#22,3:2.4981,0.0114,0.0257;1.0075,-0.0177,0.0051;0.2830,1.1666,-0.0130;-1.1004,1.1733,-0.0319;-1.7965,-0.0244,-0.0338;-1.1013,-1.2158,-0.0174;0.2947,-1.2273,0.0025;0.9713,-2.5028,0.0182;2.2390,-2.7574,0.0687;2.3994,-4.0980,0.0634;1.2068,-4.6086,0.0078;0.8823,-5.9188,-0.0906;0.2392,-3.6693,-0.0189;2.8633,1.0350,0.0015;2.8991,-0.5392,-0.8224;2.8729,-0.4873,0.9171;0.8182,2.1053,-0.0128;-1.6351,2.1115,-0.0459;-2.8760,-0.0284,-0.0486;-1.6347,-2.1547,-0.0198;1.6167,-6.5575,0.1626;-0.0553,-6.1750,0.1706;</g>
	</geometry>
	<conformers/>
	<properties/>
</molecule>
