<?xml version="1.0" ?>
<!--MOLLI PACKAGE EXPERIMENTAL XML FORMAT-->
<molecule name="nuc2299">
	<atoms>
		<a id="1" s="C" t="C.3" l="C"/>
		<a id="2" s="C" t="C.3" l="C"/>
		<a id="3" s="C" t="C.3" l="C"/>
		<a id="4" s="C" t="C.3" l="C"/>
		<a id="5" s="O" t="O.3" l="O"/>
		<a id="6" s="C" t="C.2" l="C"/>
		<a id="7" s="O" t="O.2" l="O"/>
		<a id="8" s="N" t="N.am" l="N"/>
		<a id="9" s="C" t="C.3" l="C"/>
		<a id="10" s="C" t="C.3" l="C"/>
		<a id="11" s="C" t="C.3" l="C"/>
		<a id="12" s="C" t="C.3" l="C"/>
		<a id="13" s="C" t="C.3" l="C"/>
		<a id="14" s="N" t="N.am" l="N"/>
		<a id="15" s="C" t="C.2" l="C"/>
		<a id="16" s="O" t="O.2" l="O"/>
		<a id="17" s="C" t="C.ar" l="C"/>
		<a id="18" s="C" t="C.ar" l="C"/>
		<a id="19" s="C" t="C.ar" l="C"/>
		<a id="20" s="C" t="C.ar" l="C"/>
		<a id="21" s="N" t="N.pl3" l="N"/>
		<a id="22" s="N" t="N.ar" l="N"/>
		<a id="23" s="C" t="C.ar" l="C"/>
		<a id="24" s="H" t="H" l="H"/>
		<a id="25" s="H" t="H" l="H"/>
		<a id="26" s="H" t="H" l="H"/>
		<a id="27" s="H" t="H" l="H"/>
		<a id="28" s="H" t="H" l="H"/>
		<a id="29" s="H" t="H" l="H"/>
		<a id="30" s="H" t="H" l="H"/>
		<a id="31" s="H" t="H" l="H"/>
		<a id="32" s="H" t="H" l="H"/>
		<a id="33" s="H" t="H" l="H"/>
		<a id="34" s="H" t="H" l="H"/>
		<a id="35" s="H" t="H" l="H"/>
		<a id="36" s="H" t="H" l="H"/>
		<a id="37" s="H" t="H" l="H"/>
		<a id="38" s="H" t="H" l="H"/>
		<a id="39" s="H" t="H" l="H"/>
		<a id="40" s="H" t="H" l="H"/>
		<a id="41" s="H" t="H" l="H"/>
		<a id="42" s="H" t="H" l="H"/>
		<a id="43" s="H" t="H" l="H"/>
		<a id="44" s="H" t="H" l="H"/>
		<a id="45" s="H" t="H" l="H"/>
		<a id="46" s="H" t="H" l="H"/>
		<a id="47" s="H" t="H" l="H"/>
		<a id="48" s="H" t="H" l="H"/>
		<a id="49" s="H" t="H" l="H"/>
	</atoms>
	<bonds>
		<b id="1" c="1 2" t="1"/>
		<b id="2" c="2 3" t="1"/>
		<b id="3" c="2 4" t="1"/>
		<b id="4" c="2 5" t="1"/>
		<b id="5" c="5 6" t="1"/>
		<b id="6" c="6 7" t="2"/>
		<b id="7" c="6 8" t="am"/>
		<b id="8" c="8 9" t="1"/>
		<b id="9" c="9 10" t="1"/>
		<b id="10" c="10 11" t="1"/>
		<b id="11" c="11 12" t="1"/>
		<b id="12" c="12 13" t="1"/>
		<b id="13" c="13 14" t="1"/>
		<b id="14" c="14 15" t="am"/>
		<b id="15" c="15 16" t="2"/>
		<b id="16" c="15 17" t="1"/>
		<b id="17" c="17 18" t="ar"/>
		<b id="18" c="18 19" t="ar"/>
		<b id="19" c="19 20" t="ar"/>
		<b id="20" c="20 21" t="1"/>
		<b id="21" c="20 22" t="ar"/>
		<b id="22" c="22 23" t="ar"/>
		<b id="23" c="17 23" t="ar"/>
		<b id="24" c="1 24" t="1"/>
		<b id="25" c="1 25" t="1"/>
		<b id="26" c="1 26" t="1"/>
		<b id="27" c="3 27" t="1"/>
		<b id="28" c="3 28" t="1"/>
		<b id="29" c="3 29" t="1"/>
		<b id="30" c="4 30" t="1"/>
		<b id="31" c="4 31" t="1"/>
		<b id="32" c="4 32" t="1"/>
		<b id="33" c="8 33" t="1"/>
		<b id="34" c="9 34" t="1"/>
		<b id="35" c="9 35" t="1"/>
		<b id="36" c="10 36" t="1"/>
		<b id="37" c="10 37" t="1"/>
		<b id="38" c="11 38" t="1"/>
		<b id="39" c="11 39" t="1"/>
		<b id="40" c="12 40" t="1"/>
		<b id="41" c="12 41" t="1"/>
		<b id="42" c="13 42" t="1"/>
		<b id="43" c="13 43" t="1"/>
		<b id="44" c="14 44" t="1"/>
		<b id="45" c="18 45" t="1"/>
		<b id="46" c="19 46" t="1"/>
		<b id="47" c="21 47" t="1"/>
		<b id="48" c="21 48" t="1"/>
		<b id="49" c="23 49" t="1"/>
	</bonds>
	<geometry>
		<g u="A" t="cart/3d">#49,3:2.2466,4.1197,-2.3287;2.1726,2.7946,-1.5697;2.5071,2.9909,-0.0912;0.7873,2.1650,-1.7254;3.0680,1.8260,-2.1655;4.3965,2.0482,-2.1868;4.9704,3.0246,-1.7692;5.0173,0.9734,-2.7329;6.4247,0.9780,-3.0502;6.6891,1.2962,-4.5240;8.1821,1.2851,-4.8394;8.4565,1.6467,-6.2961;9.9526,1.6018,-6.6141;10.2293,1.9829,-7.9785;10.5035,1.0687,-8.9461;10.6180,-0.1195,-8.7114;10.6647,1.6348,-10.3097;11.1149,2.9327,-10.5722;11.2392,3.3538,-11.8754;10.9044,2.4600,-12.9063;10.9421,2.8360,-14.2129;10.4940,1.2152,-12.6616;10.3877,0.8247,-11.4081;1.5169,4.8154,-1.9241;2.0345,3.9583,-3.3837;3.2393,4.5502,-2.2306;1.7746,3.6506,0.3653;3.4949,3.4307,0.0135;2.4917,2.0333,0.4251;0.0308,2.8273,-1.3155;0.7492,1.2136,-1.2012;0.5739,1.9885,-2.7765;4.4317,0.2617,-3.1397;6.8479,0.0022,-2.7942;6.8821,1.7419,-2.4176;6.2720,2.2798,-4.7493;6.1780,0.5617,-5.1513;8.5892,0.2935,-4.6319;8.6922,1.9973,-4.1873;8.0724,2.6499,-6.5002;7.9371,0.9478,-6.9548;10.3304,0.5841,-6.4940;10.4995,2.2688,-5.9393;9.9960,2.9255,-8.2458;11.3977,3.5960,-9.7660;11.5946,4.3451,-12.1139;11.4647,3.6526,-14.4754;10.8435,2.1003,-14.8915;10.0609,-0.1947,-11.2532;</g>
	</geometry>
	<conformers/>
	<properties/>
</molecule>
