<?xml version="1.0" ?>
<!--MOLLI PACKAGE EXPERIMENTAL XML FORMAT-->
<molecule name="nuc2300">
	<atoms>
		<a id="1" s="C" t="C.3" l="C"/>
		<a id="2" s="C" t="C.3" l="C"/>
		<a id="3" s="C" t="C.3" l="C"/>
		<a id="4" s="C" t="C.3" l="C"/>
		<a id="5" s="O" t="O.3" l="O"/>
		<a id="6" s="C" t="C.2" l="C"/>
		<a id="7" s="O" t="O.2" l="O"/>
		<a id="8" s="N" t="N.am" l="N"/>
		<a id="9" s="C" t="C.3" l="C"/>
		<a id="10" s="C" t="C.3" l="C"/>
		<a id="11" s="C" t="C.3" l="C"/>
		<a id="12" s="C" t="C.3" l="C"/>
		<a id="13" s="N" t="N.am" l="N"/>
		<a id="14" s="C" t="C.2" l="C"/>
		<a id="15" s="O" t="O.2" l="O"/>
		<a id="16" s="C" t="C.ar" l="C"/>
		<a id="17" s="C" t="C.ar" l="C"/>
		<a id="18" s="C" t="C.ar" l="C"/>
		<a id="19" s="C" t="C.ar" l="C"/>
		<a id="20" s="N" t="N.pl3" l="N"/>
		<a id="21" s="C" t="C.ar" l="C"/>
		<a id="22" s="F" t="F" l="F"/>
		<a id="23" s="C" t="C.ar" l="C"/>
		<a id="24" s="H" t="H" l="H"/>
		<a id="25" s="H" t="H" l="H"/>
		<a id="26" s="H" t="H" l="H"/>
		<a id="27" s="H" t="H" l="H"/>
		<a id="28" s="H" t="H" l="H"/>
		<a id="29" s="H" t="H" l="H"/>
		<a id="30" s="H" t="H" l="H"/>
		<a id="31" s="H" t="H" l="H"/>
		<a id="32" s="H" t="H" l="H"/>
		<a id="33" s="H" t="H" l="H"/>
		<a id="34" s="H" t="H" l="H"/>
		<a id="35" s="H" t="H" l="H"/>
		<a id="36" s="H" t="H" l="H"/>
		<a id="37" s="H" t="H" l="H"/>
		<a id="38" s="H" t="H" l="H"/>
		<a id="39" s="H" t="H" l="H"/>
		<a id="40" s="H" t="H" l="H"/>
		<a id="41" s="H" t="H" l="H"/>
		<a id="42" s="H" t="H" l="H"/>
		<a id="43" s="H" t="H" l="H"/>
		<a id="44" s="H" t="H" l="H"/>
		<a id="45" s="H" t="H" l="H"/>
		<a id="46" s="H" t="H" l="H"/>
		<a id="47" s="H" t="H" l="H"/>
	</atoms>
	<bonds>
		<b id="1" c="1 2" t="1"/>
		<b id="2" c="2 3" t="1"/>
		<b id="3" c="2 4" t="1"/>
		<b id="4" c="2 5" t="1"/>
		<b id="5" c="5 6" t="1"/>
		<b id="6" c="6 7" t="2"/>
		<b id="7" c="6 8" t="am"/>
		<b id="8" c="8 9" t="1"/>
		<b id="9" c="9 10" t="1"/>
		<b id="10" c="10 11" t="1"/>
		<b id="11" c="11 12" t="1"/>
		<b id="12" c="12 13" t="1"/>
		<b id="13" c="13 14" t="am"/>
		<b id="14" c="14 15" t="2"/>
		<b id="15" c="14 16" t="1"/>
		<b id="16" c="16 17" t="ar"/>
		<b id="17" c="17 18" t="ar"/>
		<b id="18" c="18 19" t="ar"/>
		<b id="19" c="19 20" t="1"/>
		<b id="20" c="19 21" t="ar"/>
		<b id="21" c="21 22" t="1"/>
		<b id="22" c="21 23" t="ar"/>
		<b id="23" c="16 23" t="ar"/>
		<b id="24" c="1 24" t="1"/>
		<b id="25" c="1 25" t="1"/>
		<b id="26" c="1 26" t="1"/>
		<b id="27" c="3 27" t="1"/>
		<b id="28" c="3 28" t="1"/>
		<b id="29" c="3 29" t="1"/>
		<b id="30" c="4 30" t="1"/>
		<b id="31" c="4 31" t="1"/>
		<b id="32" c="4 32" t="1"/>
		<b id="33" c="8 33" t="1"/>
		<b id="34" c="9 34" t="1"/>
		<b id="35" c="9 35" t="1"/>
		<b id="36" c="10 36" t="1"/>
		<b id="37" c="10 37" t="1"/>
		<b id="38" c="11 38" t="1"/>
		<b id="39" c="11 39" t="1"/>
		<b id="40" c="12 40" t="1"/>
		<b id="41" c="12 41" t="1"/>
		<b id="42" c="13 42" t="1"/>
		<b id="43" c="17 43" t="1"/>
		<b id="44" c="18 44" t="1"/>
		<b id="45" c="20 45" t="1"/>
		<b id="46" c="20 46" t="1"/>
		<b id="47" c="23 47" t="1"/>
	</bonds>
	<geometry>
		<g u="A" t="cart/3d">#47,3:2.1460,-3.4009,3.4322;2.1645,-2.3965,2.2799;2.5246,-3.0812,0.9618;0.8127,-1.6906,2.1641;3.0983,-1.3263,2.5620;4.4099,-1.5893,2.7113;4.9376,-2.6743,2.6692;5.0804,-0.4242,2.8922;6.4773,-0.3916,3.2493;6.6895,-0.1474,4.7457;8.1708,-0.1591,5.1079;8.3835,0.1117,6.5994;9.7824,0.1069,6.9519;10.4599,1.2408,7.2592;9.9154,2.3260,7.3383;11.9128,1.0569,7.5292;12.6919,0.0668,6.9368;14.0411,-0.0322,7.2103;14.6671,0.8482,8.0953;15.9847,0.7229,8.4412;13.8650,1.8452,8.6658;14.4603,2.7285,9.5105;12.5263,1.9652,8.3916;1.3931,-4.1610,3.2436;1.9111,-2.8941,4.3660;3.1169,-3.8793,3.5252;1.7688,-3.8217,0.7150;3.4891,-3.5737,1.0476;2.5748,-2.3461,0.1612;0.0320,-2.4170,1.9588;0.8406,-0.9611,1.3589;0.5817,-1.1727,3.0912;4.5316,0.4129,3.0056;6.9755,0.3896,2.6672;6.8889,-1.3635,2.9675;6.1679,-0.9260,5.3061;6.2552,0.8163,5.0217;8.6965,0.6061,4.5334;8.5996,-1.1302,4.8486;7.8556,-0.6399,7.1955;8.0044,1.1032,6.8579;10.2725,-0.7708,6.9083;12.2596,-0.6204,6.2240;14.6352,-0.7997,6.7363;16.5793,0.1792,7.8404;16.4127,1.5056,8.9074;11.9443,2.7570,8.8357;</g>
	</geometry>
	<conformers/>
	<properties/>
</molecule>
