<?xml version="1.0" ?>
<!--MOLLI PACKAGE EXPERIMENTAL XML FORMAT-->
<molecule name="nuc2301">
	<atoms>
		<a id="1" s="C" t="C.3" l="C"/>
		<a id="2" s="C" t="C.3" l="C"/>
		<a id="3" s="C" t="C.3" l="C"/>
		<a id="4" s="C" t="C.3" l="C"/>
		<a id="5" s="O" t="O.3" l="O"/>
		<a id="6" s="C" t="C.2" l="C"/>
		<a id="7" s="O" t="O.2" l="O"/>
		<a id="8" s="N" t="N.am" l="N"/>
		<a id="9" s="C" t="C.3" l="C"/>
		<a id="10" s="C" t="C.3" l="C"/>
		<a id="11" s="C" t="C.3" l="C"/>
		<a id="12" s="C" t="C.3" l="C"/>
		<a id="13" s="C" t="C.3" l="C"/>
		<a id="14" s="N" t="N.am" l="N"/>
		<a id="15" s="C" t="C.2" l="C"/>
		<a id="16" s="O" t="O.2" l="O"/>
		<a id="17" s="C" t="C.ar" l="C"/>
		<a id="18" s="C" t="C.ar" l="C"/>
		<a id="19" s="C" t="C.ar" l="C"/>
		<a id="20" s="C" t="C.ar" l="C"/>
		<a id="21" s="N" t="N.pl3" l="N"/>
		<a id="22" s="C" t="C.ar" l="C"/>
		<a id="23" s="F" t="F" l="F"/>
		<a id="24" s="C" t="C.ar" l="C"/>
		<a id="25" s="H" t="H" l="H"/>
		<a id="26" s="H" t="H" l="H"/>
		<a id="27" s="H" t="H" l="H"/>
		<a id="28" s="H" t="H" l="H"/>
		<a id="29" s="H" t="H" l="H"/>
		<a id="30" s="H" t="H" l="H"/>
		<a id="31" s="H" t="H" l="H"/>
		<a id="32" s="H" t="H" l="H"/>
		<a id="33" s="H" t="H" l="H"/>
		<a id="34" s="H" t="H" l="H"/>
		<a id="35" s="H" t="H" l="H"/>
		<a id="36" s="H" t="H" l="H"/>
		<a id="37" s="H" t="H" l="H"/>
		<a id="38" s="H" t="H" l="H"/>
		<a id="39" s="H" t="H" l="H"/>
		<a id="40" s="H" t="H" l="H"/>
		<a id="41" s="H" t="H" l="H"/>
		<a id="42" s="H" t="H" l="H"/>
		<a id="43" s="H" t="H" l="H"/>
		<a id="44" s="H" t="H" l="H"/>
		<a id="45" s="H" t="H" l="H"/>
		<a id="46" s="H" t="H" l="H"/>
		<a id="47" s="H" t="H" l="H"/>
		<a id="48" s="H" t="H" l="H"/>
		<a id="49" s="H" t="H" l="H"/>
		<a id="50" s="H" t="H" l="H"/>
	</atoms>
	<bonds>
		<b id="1" c="1 2" t="1"/>
		<b id="2" c="2 3" t="1"/>
		<b id="3" c="2 4" t="1"/>
		<b id="4" c="2 5" t="1"/>
		<b id="5" c="5 6" t="1"/>
		<b id="6" c="6 7" t="2"/>
		<b id="7" c="6 8" t="am"/>
		<b id="8" c="8 9" t="1"/>
		<b id="9" c="9 10" t="1"/>
		<b id="10" c="10 11" t="1"/>
		<b id="11" c="11 12" t="1"/>
		<b id="12" c="12 13" t="1"/>
		<b id="13" c="13 14" t="1"/>
		<b id="14" c="14 15" t="am"/>
		<b id="15" c="15 16" t="2"/>
		<b id="16" c="15 17" t="1"/>
		<b id="17" c="17 18" t="ar"/>
		<b id="18" c="18 19" t="ar"/>
		<b id="19" c="19 20" t="ar"/>
		<b id="20" c="20 21" t="1"/>
		<b id="21" c="20 22" t="ar"/>
		<b id="22" c="22 23" t="1"/>
		<b id="23" c="22 24" t="ar"/>
		<b id="24" c="17 24" t="ar"/>
		<b id="25" c="1 25" t="1"/>
		<b id="26" c="1 26" t="1"/>
		<b id="27" c="1 27" t="1"/>
		<b id="28" c="3 28" t="1"/>
		<b id="29" c="3 29" t="1"/>
		<b id="30" c="3 30" t="1"/>
		<b id="31" c="4 31" t="1"/>
		<b id="32" c="4 32" t="1"/>
		<b id="33" c="4 33" t="1"/>
		<b id="34" c="8 34" t="1"/>
		<b id="35" c="9 35" t="1"/>
		<b id="36" c="9 36" t="1"/>
		<b id="37" c="10 37" t="1"/>
		<b id="38" c="10 38" t="1"/>
		<b id="39" c="11 39" t="1"/>
		<b id="40" c="11 40" t="1"/>
		<b id="41" c="12 41" t="1"/>
		<b id="42" c="12 42" t="1"/>
		<b id="43" c="13 43" t="1"/>
		<b id="44" c="13 44" t="1"/>
		<b id="45" c="14 45" t="1"/>
		<b id="46" c="18 46" t="1"/>
		<b id="47" c="19 47" t="1"/>
		<b id="48" c="21 48" t="1"/>
		<b id="49" c="21 49" t="1"/>
		<b id="50" c="24 50" t="1"/>
	</bonds>
	<geometry>
		<g u="A" t="cart/3d">#50,3:2.0563,4.3447,-1.7432;2.0337,2.9628,-1.0894;2.3975,3.0513,0.3925;0.6615,2.3099,-1.2642;2.9391,2.0698,-1.7805;4.2612,2.3265,-1.8082;4.8207,3.2774,-1.3188;4.8951,1.3180,-2.4566;6.2966,1.3835,-2.7927;6.5374,1.9027,-4.2129;8.0263,1.9358,-4.5459;8.2893,2.5058,-5.9368;9.7829,2.4905,-6.2708;10.0610,3.0555,-7.5698;10.2743,2.2815,-8.6648;10.3091,1.0670,-8.6120;10.4830,3.0320,-9.9341;11.0275,4.3122,-9.9896;11.2281,4.9451,-11.1994;10.8820,4.3300,-12.4045;11.0009,4.9668,-13.6097;10.3477,3.0376,-12.3224;10.0251,2.4117,-13.4855;10.1584,2.3892,-11.1280;1.3116,4.9835,-1.2771;1.8339,4.2585,-2.8050;3.0368,4.7973,-1.6242;1.6596,3.6538,0.9146;3.3763,3.5074,0.5110;2.4176,2.0562,0.8321;-0.0998,2.9118,-0.7771;0.6636,1.3156,-0.8253;0.4224,2.2205,-2.3206;4.3171,0.6341,-2.9181;6.7319,0.3866,-2.6779;6.7584,2.0596,-2.0698;6.1179,2.9075,-4.2930;6.0167,1.2614,-4.9281;8.4316,0.9234,-4.4905;8.5464,2.5434,-3.8023;7.9154,3.5318,-5.9875;7.7574,1.9160,-6.6856;10.1467,1.4610,-6.2952;10.3418,3.0503,-5.5140;9.8844,4.0392,-7.6911;11.3361,4.8149,-9.0848;11.6623,5.9337,-11.2288;11.6115,5.7635,-13.6614;10.9363,4.3973,-14.4371;9.7634,1.3859,-11.1062;</g>
	</geometry>
	<conformers/>
	<properties/>
</molecule>
