<?xml version="1.0" ?>
<!--MOLLI PACKAGE EXPERIMENTAL XML FORMAT-->
<molecule name="nuc2303">
	<atoms>
		<a id="1" s="C" t="C.3" l="C"/>
		<a id="2" s="C" t="C.3" l="C"/>
		<a id="3" s="C" t="C.3" l="C"/>
		<a id="4" s="C" t="C.3" l="C"/>
		<a id="5" s="O" t="O.3" l="O"/>
		<a id="6" s="C" t="C.2" l="C"/>
		<a id="7" s="O" t="O.2" l="O"/>
		<a id="8" s="N" t="N.am" l="N"/>
		<a id="9" s="C" t="C.3" l="C"/>
		<a id="10" s="C" t="C.3" l="C"/>
		<a id="11" s="C" t="C.3" l="C"/>
		<a id="12" s="C" t="C.3" l="C"/>
		<a id="13" s="C" t="C.3" l="C"/>
		<a id="14" s="N" t="N.am" l="N"/>
		<a id="15" s="C" t="C.2" l="C"/>
		<a id="16" s="O" t="O.2" l="O"/>
		<a id="17" s="C" t="C.ar" l="C"/>
		<a id="18" s="C" t="C.ar" l="C"/>
		<a id="19" s="C" t="C.ar" l="C"/>
		<a id="20" s="C" t="C.ar" l="C"/>
		<a id="21" s="N" t="N.pl3" l="N"/>
		<a id="22" s="C" t="C.ar" l="C"/>
		<a id="23" s="O" t="O.3" l="O"/>
		<a id="24" s="C" t="C.ar" l="C"/>
		<a id="25" s="H" t="H" l="H"/>
		<a id="26" s="H" t="H" l="H"/>
		<a id="27" s="H" t="H" l="H"/>
		<a id="28" s="H" t="H" l="H"/>
		<a id="29" s="H" t="H" l="H"/>
		<a id="30" s="H" t="H" l="H"/>
		<a id="31" s="H" t="H" l="H"/>
		<a id="32" s="H" t="H" l="H"/>
		<a id="33" s="H" t="H" l="H"/>
		<a id="34" s="H" t="H" l="H"/>
		<a id="35" s="H" t="H" l="H"/>
		<a id="36" s="H" t="H" l="H"/>
		<a id="37" s="H" t="H" l="H"/>
		<a id="38" s="H" t="H" l="H"/>
		<a id="39" s="H" t="H" l="H"/>
		<a id="40" s="H" t="H" l="H"/>
		<a id="41" s="H" t="H" l="H"/>
		<a id="42" s="H" t="H" l="H"/>
		<a id="43" s="H" t="H" l="H"/>
		<a id="44" s="H" t="H" l="H"/>
		<a id="45" s="H" t="H" l="H"/>
		<a id="46" s="H" t="H" l="H"/>
		<a id="47" s="H" t="H" l="H"/>
		<a id="48" s="H" t="H" l="H"/>
		<a id="49" s="H" t="H" l="H"/>
		<a id="50" s="H" t="H" l="H"/>
		<a id="51" s="H" t="H" l="H"/>
	</atoms>
	<bonds>
		<b id="1" c="1 2" t="1"/>
		<b id="2" c="2 3" t="1"/>
		<b id="3" c="2 4" t="1"/>
		<b id="4" c="2 5" t="1"/>
		<b id="5" c="5 6" t="1"/>
		<b id="6" c="6 7" t="2"/>
		<b id="7" c="6 8" t="am"/>
		<b id="8" c="8 9" t="1"/>
		<b id="9" c="9 10" t="1"/>
		<b id="10" c="10 11" t="1"/>
		<b id="11" c="11 12" t="1"/>
		<b id="12" c="12 13" t="1"/>
		<b id="13" c="13 14" t="1"/>
		<b id="14" c="14 15" t="am"/>
		<b id="15" c="15 16" t="2"/>
		<b id="16" c="15 17" t="1"/>
		<b id="17" c="17 18" t="ar"/>
		<b id="18" c="18 19" t="ar"/>
		<b id="19" c="19 20" t="ar"/>
		<b id="20" c="20 21" t="1"/>
		<b id="21" c="20 22" t="ar"/>
		<b id="22" c="22 23" t="1"/>
		<b id="23" c="22 24" t="ar"/>
		<b id="24" c="17 24" t="ar"/>
		<b id="25" c="1 25" t="1"/>
		<b id="26" c="1 26" t="1"/>
		<b id="27" c="1 27" t="1"/>
		<b id="28" c="3 28" t="1"/>
		<b id="29" c="3 29" t="1"/>
		<b id="30" c="3 30" t="1"/>
		<b id="31" c="4 31" t="1"/>
		<b id="32" c="4 32" t="1"/>
		<b id="33" c="4 33" t="1"/>
		<b id="34" c="8 34" t="1"/>
		<b id="35" c="9 35" t="1"/>
		<b id="36" c="9 36" t="1"/>
		<b id="37" c="10 37" t="1"/>
		<b id="38" c="10 38" t="1"/>
		<b id="39" c="11 39" t="1"/>
		<b id="40" c="11 40" t="1"/>
		<b id="41" c="12 41" t="1"/>
		<b id="42" c="12 42" t="1"/>
		<b id="43" c="13 43" t="1"/>
		<b id="44" c="13 44" t="1"/>
		<b id="45" c="14 45" t="1"/>
		<b id="46" c="18 46" t="1"/>
		<b id="47" c="19 47" t="1"/>
		<b id="48" c="21 48" t="1"/>
		<b id="49" c="21 49" t="1"/>
		<b id="50" c="23 50" t="1"/>
		<b id="51" c="24 51" t="1"/>
	</bonds>
	<geometry>
		<g u="A" t="cart/3d">#51,3:2.0580,-0.2364,4.6924;2.0157,-0.2231,3.1642;2.3756,-1.5949,2.5945;0.6359,0.2146,2.6701;2.9113,0.7905,2.6495;4.2374,0.7075,2.8745;4.8080,-0.1460,3.5089;4.8587,1.7323,2.2396;6.2602,2.0171,2.4317;6.5033,3.0596,3.5265;7.9901,3.3675,3.6803;8.2550,4.3522,4.8156;9.7435,4.6934,4.9216;10.0232,5.5888,6.0178;10.2162,6.9199,5.8382;10.2190,7.4375,4.7367;10.4335,7.6994,7.0885;10.1159,9.0530,7.0776;10.2848,9.8236,8.2104;10.7971,9.2696,9.3775;11.0193,10.0355,10.5264;11.1812,7.9185,9.3680;11.7503,7.3418,10.4714;10.9807,7.1426,8.2418;1.3212,-0.9374,5.0742;1.8367,0.7559,5.0804;3.0444,-0.5366,5.0349;1.6427,-2.3290,2.9176;3.3589,-1.8983,2.9423;2.3833,-1.5570,1.5072;-0.1192,-0.4895,3.0066;0.6256,0.2553,1.5841;0.3977,1.2027,3.0547;4.2708,2.4448,1.8375;6.6802,2.3626,1.4828;6.7348,1.0734,2.7093;6.1056,2.6758,4.4680;5.9634,3.9774,3.2812;8.3715,3.7850,2.7462;8.5304,2.4386,3.8745;7.9129,3.9208,5.7599;7.6962,5.2743,4.6448;10.0729,5.2020,4.0127;10.3290,3.7775,5.0520;9.8922,5.2339,6.9507;9.7238,9.4846,6.1702;10.0165,10.8705,8.2009;10.6446,10.9707,10.4576;10.7389,9.5901,11.3905;12.1089,8.0386,11.0346;11.3079,6.1151,8.2817;</g>
	</geometry>
	<conformers/>
	<properties/>
</molecule>
