<?xml version="1.0" ?>
<!--MOLLI PACKAGE EXPERIMENTAL XML FORMAT-->
<molecule name="nuc2306">
	<atoms>
		<a id="1" s="C" t="C.3" l="C"/>
		<a id="2" s="C" t="C.3" l="C"/>
		<a id="3" s="C" t="C.3" l="C"/>
		<a id="4" s="C" t="C.3" l="C"/>
		<a id="5" s="O" t="O.3" l="O"/>
		<a id="6" s="C" t="C.2" l="C"/>
		<a id="7" s="O" t="O.2" l="O"/>
		<a id="8" s="N" t="N.am" l="N"/>
		<a id="9" s="C" t="C.3" l="C"/>
		<a id="10" s="C" t="C.3" l="C"/>
		<a id="11" s="C" t="C.3" l="C"/>
		<a id="12" s="C" t="C.3" l="C"/>
		<a id="13" s="C" t="C.3" l="C"/>
		<a id="14" s="C" t="C.3" l="C"/>
		<a id="15" s="C" t="C.3" l="C"/>
		<a id="16" s="C" t="C.2" l="C"/>
		<a id="17" s="O" t="O.2" l="O"/>
		<a id="18" s="N" t="N.am" l="N"/>
		<a id="19" s="C" t="C.ar" l="C"/>
		<a id="20" s="C" t="C.ar" l="C"/>
		<a id="21" s="C" t="C.ar" l="C"/>
		<a id="22" s="C" t="C.ar" l="C"/>
		<a id="23" s="N" t="N.pl3" l="N"/>
		<a id="24" s="C" t="C.ar" l="C"/>
		<a id="25" s="C" t="C.ar" l="C"/>
		<a id="26" s="H" t="H" l="H"/>
		<a id="27" s="H" t="H" l="H"/>
		<a id="28" s="H" t="H" l="H"/>
		<a id="29" s="H" t="H" l="H"/>
		<a id="30" s="H" t="H" l="H"/>
		<a id="31" s="H" t="H" l="H"/>
		<a id="32" s="H" t="H" l="H"/>
		<a id="33" s="H" t="H" l="H"/>
		<a id="34" s="H" t="H" l="H"/>
		<a id="35" s="H" t="H" l="H"/>
		<a id="36" s="H" t="H" l="H"/>
		<a id="37" s="H" t="H" l="H"/>
		<a id="38" s="H" t="H" l="H"/>
		<a id="39" s="H" t="H" l="H"/>
		<a id="40" s="H" t="H" l="H"/>
		<a id="41" s="H" t="H" l="H"/>
		<a id="42" s="H" t="H" l="H"/>
		<a id="43" s="H" t="H" l="H"/>
		<a id="44" s="H" t="H" l="H"/>
		<a id="45" s="H" t="H" l="H"/>
		<a id="46" s="H" t="H" l="H"/>
		<a id="47" s="H" t="H" l="H"/>
		<a id="48" s="H" t="H" l="H"/>
		<a id="49" s="H" t="H" l="H"/>
		<a id="50" s="H" t="H" l="H"/>
		<a id="51" s="H" t="H" l="H"/>
		<a id="52" s="H" t="H" l="H"/>
		<a id="53" s="H" t="H" l="H"/>
		<a id="54" s="H" t="H" l="H"/>
		<a id="55" s="H" t="H" l="H"/>
		<a id="56" s="H" t="H" l="H"/>
	</atoms>
	<bonds>
		<b id="1" c="1 2" t="1"/>
		<b id="2" c="2 3" t="1"/>
		<b id="3" c="2 4" t="1"/>
		<b id="4" c="2 5" t="1"/>
		<b id="5" c="5 6" t="1"/>
		<b id="6" c="6 7" t="2"/>
		<b id="7" c="6 8" t="am"/>
		<b id="8" c="8 9" t="1"/>
		<b id="9" c="9 10" t="1"/>
		<b id="10" c="10 11" t="1"/>
		<b id="11" c="11 12" t="1"/>
		<b id="12" c="12 13" t="1"/>
		<b id="13" c="13 14" t="1"/>
		<b id="14" c="14 15" t="1"/>
		<b id="15" c="15 16" t="1"/>
		<b id="16" c="16 17" t="2"/>
		<b id="17" c="16 18" t="am"/>
		<b id="18" c="18 19" t="1"/>
		<b id="19" c="19 20" t="ar"/>
		<b id="20" c="20 21" t="ar"/>
		<b id="21" c="21 22" t="ar"/>
		<b id="22" c="22 23" t="1"/>
		<b id="23" c="22 24" t="ar"/>
		<b id="24" c="24 25" t="ar"/>
		<b id="25" c="19 25" t="ar"/>
		<b id="26" c="1 26" t="1"/>
		<b id="27" c="1 27" t="1"/>
		<b id="28" c="1 28" t="1"/>
		<b id="29" c="3 29" t="1"/>
		<b id="30" c="3 30" t="1"/>
		<b id="31" c="3 31" t="1"/>
		<b id="32" c="4 32" t="1"/>
		<b id="33" c="4 33" t="1"/>
		<b id="34" c="4 34" t="1"/>
		<b id="35" c="8 35" t="1"/>
		<b id="36" c="9 36" t="1"/>
		<b id="37" c="9 37" t="1"/>
		<b id="38" c="10 38" t="1"/>
		<b id="39" c="10 39" t="1"/>
		<b id="40" c="11 40" t="1"/>
		<b id="41" c="11 41" t="1"/>
		<b id="42" c="12 42" t="1"/>
		<b id="43" c="12 43" t="1"/>
		<b id="44" c="13 44" t="1"/>
		<b id="45" c="13 45" t="1"/>
		<b id="46" c="14 46" t="1"/>
		<b id="47" c="14 47" t="1"/>
		<b id="48" c="15 48" t="1"/>
		<b id="49" c="15 49" t="1"/>
		<b id="50" c="18 50" t="1"/>
		<b id="51" c="20 51" t="1"/>
		<b id="52" c="21 52" t="1"/>
		<b id="53" c="23 53" t="1"/>
		<b id="54" c="23 54" t="1"/>
		<b id="55" c="24 55" t="1"/>
		<b id="56" c="25 56" t="1"/>
	</bonds>
	<geometry>
		<g u="A" t="cart/3d">#56,3:1.9379,4.6684,-0.3974;1.9407,3.1530,-0.1946;2.2832,2.7942,1.2511;0.5869,2.5582,-0.5855;2.8765,2.5292,-1.1059;4.1913,2.8130,-1.0304;4.7183,3.5841,-0.2660;4.8612,2.0620,-1.9402;6.2588,2.2792,-2.2267;6.4755,3.1865,-3.4404;7.9596,3.4426,-3.6868;8.1918,4.3840,-4.8665;9.6771,4.6603,-5.0877;9.9144,5.6146,-6.2560;11.4081,5.8697,-6.4807;11.6140,6.8188,-7.6525;11.9078,6.4311,-8.7622;11.4075,8.1190,-7.3111;11.4771,9.2699,-8.1105;11.7765,9.2335,-9.4688;11.8388,10.4043,-10.1955;11.6047,11.6413,-9.5950;11.5986,12.8031,-10.3443;11.3038,11.6702,-8.2333;11.2402,10.5013,-7.5045;1.1663,5.1201,0.2195;1.7395,4.9041,-1.4409;2.9026,5.0836,-0.1200;1.5252,3.1965,1.9174;3.2498,3.2101,1.5209;2.3203,1.7131,1.3683;-0.1944,2.9677,0.0478;0.6079,1.4777,-0.4710;0.3623,2.7912,-1.6230;4.3067,1.5412,-2.6009;6.7398,1.3101,-2.3882;6.6872,2.7455,-1.3368;5.9653,4.1351,-3.2614;6.0295,2.7256,-4.3254;8.4645,2.4926,-3.8766;8.3997,3.8773,-2.7870;7.6719,5.3268,-4.6816;7.7674,3.9448,-5.7720;10.1947,3.7183,-5.2809;10.1022,5.0896,-4.1771;9.4012,6.5600,-6.0606;9.4882,5.1903,-7.1671;11.9035,4.9286,-6.7214;11.8588,6.2802,-5.5743;11.1681,8.3027,-6.3466;11.9633,8.2865,-9.9457;12.0725,10.3653,-11.2496;12.0936,12.7651,-11.2208;11.7265,13.6616,-9.8331;11.1188,12.6186,-7.7494;11.0070,10.5438,-6.4489;</g>
	</geometry>
	<conformers/>
	<properties/>
</molecule>
