<?xml version="1.0" ?>
<!--MOLLI PACKAGE EXPERIMENTAL XML FORMAT-->
<molecule name="nuc2309">
	<atoms>
		<a id="1" s="C" t="C.3" l="C"/>
		<a id="2" s="C" t="C.3" l="C"/>
		<a id="3" s="C" t="C.ar" l="C"/>
		<a id="4" s="C" t="C.ar" l="C"/>
		<a id="5" s="C" t="C.ar" l="C"/>
		<a id="6" s="C" t="C.ar" l="C"/>
		<a id="7" s="C" t="C.ar" l="C"/>
		<a id="8" s="C" t="C.3" l="C"/>
		<a id="9" s="C" t="C.3" l="C"/>
		<a id="10" s="C" t="C.ar" l="C"/>
		<a id="11" s="N" t="N.pl3" l="N"/>
		<a id="12" s="C" t="C.3" l="C"/>
		<a id="13" s="C" t="C.ar" l="C"/>
		<a id="14" s="C" t="C.ar" l="C"/>
		<a id="15" s="C" t="C.ar" l="C"/>
		<a id="16" s="C" t="C.ar" l="C"/>
		<a id="17" s="C" t="C.ar" l="C"/>
		<a id="18" s="C" t="C.ar" l="C"/>
		<a id="19" s="C" t="C.3" l="C"/>
		<a id="20" s="N" t="N.3" l="N"/>
		<a id="21" s="C" t="C.ar" l="C"/>
		<a id="22" s="C" t="C.ar" l="C"/>
		<a id="23" s="C" t="C.ar" l="C"/>
		<a id="24" s="C" t="C.ar" l="C"/>
		<a id="25" s="C" t="C.ar" l="C"/>
		<a id="26" s="C" t="C.ar" l="C"/>
		<a id="27" s="H" t="H" l="H"/>
		<a id="28" s="H" t="H" l="H"/>
		<a id="29" s="H" t="H" l="H"/>
		<a id="30" s="H" t="H" l="H"/>
		<a id="31" s="H" t="H" l="H"/>
		<a id="32" s="H" t="H" l="H"/>
		<a id="33" s="H" t="H" l="H"/>
		<a id="34" s="H" t="H" l="H"/>
		<a id="35" s="H" t="H" l="H"/>
		<a id="36" s="H" t="H" l="H"/>
		<a id="37" s="H" t="H" l="H"/>
		<a id="38" s="H" t="H" l="H"/>
		<a id="39" s="H" t="H" l="H"/>
		<a id="40" s="H" t="H" l="H"/>
		<a id="41" s="H" t="H" l="H"/>
		<a id="42" s="H" t="H" l="H"/>
		<a id="43" s="H" t="H" l="H"/>
		<a id="44" s="H" t="H" l="H"/>
		<a id="45" s="H" t="H" l="H"/>
		<a id="46" s="H" t="H" l="H"/>
		<a id="47" s="H" t="H" l="H"/>
		<a id="48" s="H" t="H" l="H"/>
		<a id="49" s="H" t="H" l="H"/>
		<a id="50" s="H" t="H" l="H"/>
		<a id="51" s="H" t="H" l="H"/>
		<a id="52" s="H" t="H" l="H"/>
		<a id="53" s="H" t="H" l="H"/>
		<a id="54" s="H" t="H" l="H"/>
	</atoms>
	<bonds>
		<b id="1" c="1 2" t="1"/>
		<b id="2" c="2 3" t="1"/>
		<b id="3" c="3 4" t="ar"/>
		<b id="4" c="4 5" t="ar"/>
		<b id="5" c="5 6" t="ar"/>
		<b id="6" c="6 7" t="ar"/>
		<b id="7" c="7 8" t="1"/>
		<b id="8" c="8 9" t="1"/>
		<b id="9" c="7 10" t="ar"/>
		<b id="10" c="3 10" t="ar"/>
		<b id="11" c="10 11" t="1"/>
		<b id="12" c="11 12" t="1"/>
		<b id="13" c="12 13" t="1"/>
		<b id="14" c="13 14" t="ar"/>
		<b id="15" c="14 15" t="ar"/>
		<b id="16" c="15 16" t="ar"/>
		<b id="17" c="16 17" t="ar"/>
		<b id="18" c="17 18" t="ar"/>
		<b id="19" c="13 18" t="ar"/>
		<b id="20" c="12 19" t="1"/>
		<b id="21" c="19 20" t="1"/>
		<b id="22" c="19 21" t="1"/>
		<b id="23" c="21 22" t="ar"/>
		<b id="24" c="22 23" t="ar"/>
		<b id="25" c="23 24" t="ar"/>
		<b id="26" c="24 25" t="ar"/>
		<b id="27" c="25 26" t="ar"/>
		<b id="28" c="21 26" t="ar"/>
		<b id="29" c="1 27" t="1"/>
		<b id="30" c="1 28" t="1"/>
		<b id="31" c="1 29" t="1"/>
		<b id="32" c="2 30" t="1"/>
		<b id="33" c="2 31" t="1"/>
		<b id="34" c="4 32" t="1"/>
		<b id="35" c="5 33" t="1"/>
		<b id="36" c="6 34" t="1"/>
		<b id="37" c="8 35" t="1"/>
		<b id="38" c="8 36" t="1"/>
		<b id="39" c="9 37" t="1"/>
		<b id="40" c="9 38" t="1"/>
		<b id="41" c="9 39" t="1"/>
		<b id="42" c="11 40" t="1"/>
		<b id="43" c="12 41" t="1"/>
		<b id="44" c="14 42" t="1"/>
		<b id="45" c="15 43" t="1"/>
		<b id="46" c="16 44" t="1"/>
		<b id="47" c="17 45" t="1"/>
		<b id="48" c="18 46" t="1"/>
		<b id="49" c="19 47" t="1"/>
		<b id="50" c="20 48" t="1"/>
		<b id="51" c="20 49" t="1"/>
		<b id="52" c="22 50" t="1"/>
		<b id="53" c="23 51" t="1"/>
		<b id="54" c="24 52" t="1"/>
		<b id="55" c="25 53" t="1"/>
		<b id="56" c="26 54" t="1"/>
	</bonds>
	<geometry>
		<g u="A" t="cart/3d">#54,3:1.2270,-2.4402,-3.5197;2.0081,-3.4135,-2.6336;3.0332,-2.6655,-1.8143;4.2838,-2.4911,-2.3972;5.2683,-1.7575,-1.7699;5.0093,-1.2260,-0.5174;3.7885,-1.4106,0.1225;3.6010,-0.8976,1.5328;4.8814,-0.7531,2.3566;2.7593,-2.1015,-0.5497;1.5281,-2.3628,0.0662;0.6498,-1.3555,0.6403;-0.2597,-0.6740,-0.3536;-1.0798,-1.4038,-1.2085;-1.9049,-0.7627,-2.1133;-1.9374,0.6201,-2.1652;-1.1438,1.3571,-1.3030;-0.3101,0.7126,-0.4069;-0.2193,-2.0565,1.7412;0.5552,-2.8863,2.6432;-0.9933,-0.9944,2.4772;-2.3582,-0.8478,2.2728;-3.0622,0.1582,2.9111;-2.4098,1.0313,3.7654;-1.0485,0.8945,3.9755;-0.3467,-0.1081,3.3320;0.4695,-2.9663,-4.0985;1.9042,-1.9383,-4.2079;0.7355,-1.6813,-2.9156;2.5322,-4.1301,-3.2702;1.3177,-3.9927,-2.0165;4.4795,-2.9389,-3.3623;6.2311,-1.6209,-2.2377;5.7876,-0.6680,-0.0226;2.9416,-1.5920,2.0550;3.1182,0.0866,1.5006;5.4508,-1.6813,2.3650;4.6189,-0.5027,3.3842;5.5109,0.0469,1.9781;0.9761,-3.0148,-0.4774;1.2525,-0.5859,1.1187;-1.0785,-2.4850,-1.1728;-2.5262,-1.3464,-2.7759;-2.5798,1.1183,-2.8754;-1.1686,2.4358,-1.3321;0.3070,1.2950,0.2638;-0.9209,-2.7301,1.2325;1.0948,-2.3196,3.2877;1.2053,-3.4457,2.0958;-2.8738,-1.5261,1.6066;-4.1239,0.2599,2.7412;-2.9580,1.8167,4.2652;-0.5298,1.5721,4.6391;0.7179,-0.1938,3.5009;</g>
	</geometry>
	<conformers/>
	<properties/>
</molecule>
