<?xml version="1.0" ?>
<!--MOLLI PACKAGE EXPERIMENTAL XML FORMAT-->
<molecule name="nuc2312">
	<atoms>
		<a id="1" s="C" t="C.3" l="C"/>
		<a id="2" s="N" t="N.3" l="N"/>
		<a id="3" s="C" t="C.3" l="C"/>
		<a id="4" s="C" t="C.3" l="C"/>
		<a id="5" s="C" t="C.3" l="C"/>
		<a id="6" s="N" t="N.3" l="N"/>
		<a id="7" s="C" t="C.3" l="C"/>
		<a id="8" s="C" t="C.3" l="C"/>
		<a id="9" s="N" t="N.pl3" l="N"/>
		<a id="10" s="C" t="C.ar" l="C"/>
		<a id="11" s="C" t="C.ar" l="C"/>
		<a id="12" s="C" t="C.ar" l="C"/>
		<a id="13" s="C" t="C.ar" l="C"/>
		<a id="14" s="N" t="N.pl3" l="N"/>
		<a id="15" s="C" t="C.ar" l="C"/>
		<a id="16" s="C" t="C.ar" l="C"/>
		<a id="17" s="F" t="F" l="F"/>
		<a id="18" s="C" t="C.3" l="C"/>
		<a id="19" s="C" t="C.3" l="C"/>
		<a id="20" s="C" t="C.3" l="C"/>
		<a id="21" s="C" t="C.3" l="C"/>
		<a id="22" s="H" t="H" l="H"/>
		<a id="23" s="H" t="H" l="H"/>
		<a id="24" s="H" t="H" l="H"/>
		<a id="25" s="H" t="H" l="H"/>
		<a id="26" s="H" t="H" l="H"/>
		<a id="27" s="H" t="H" l="H"/>
		<a id="28" s="H" t="H" l="H"/>
		<a id="29" s="H" t="H" l="H"/>
		<a id="30" s="H" t="H" l="H"/>
		<a id="31" s="H" t="H" l="H"/>
		<a id="32" s="H" t="H" l="H"/>
		<a id="33" s="H" t="H" l="H"/>
		<a id="34" s="H" t="H" l="H"/>
		<a id="35" s="H" t="H" l="H"/>
		<a id="36" s="H" t="H" l="H"/>
		<a id="37" s="H" t="H" l="H"/>
		<a id="38" s="H" t="H" l="H"/>
		<a id="39" s="H" t="H" l="H"/>
		<a id="40" s="H" t="H" l="H"/>
		<a id="41" s="H" t="H" l="H"/>
		<a id="42" s="H" t="H" l="H"/>
		<a id="43" s="H" t="H" l="H"/>
		<a id="44" s="H" t="H" l="H"/>
		<a id="45" s="H" t="H" l="H"/>
		<a id="46" s="H" t="H" l="H"/>
	</atoms>
	<bonds>
		<b id="1" c="1 2" t="1"/>
		<b id="2" c="2 3" t="1"/>
		<b id="3" c="3 4" t="1"/>
		<b id="4" c="4 5" t="1"/>
		<b id="5" c="5 6" t="1"/>
		<b id="6" c="6 7" t="1"/>
		<b id="7" c="7 8" t="1"/>
		<b id="8" c="8 9" t="1"/>
		<b id="9" c="9 10" t="1"/>
		<b id="10" c="10 11" t="ar"/>
		<b id="11" c="11 12" t="ar"/>
		<b id="12" c="12 13" t="ar"/>
		<b id="13" c="13 14" t="1"/>
		<b id="14" c="13 15" t="ar"/>
		<b id="15" c="15 16" t="ar"/>
		<b id="16" c="10 16" t="ar"/>
		<b id="17" c="16 17" t="1"/>
		<b id="18" c="9 18" t="1"/>
		<b id="19" c="18 19" t="1"/>
		<b id="20" c="6 19" t="1"/>
		<b id="21" c="5 20" t="1"/>
		<b id="22" c="20 21" t="1"/>
		<b id="23" c="2 21" t="1"/>
		<b id="24" c="1 22" t="1"/>
		<b id="25" c="1 23" t="1"/>
		<b id="26" c="1 24" t="1"/>
		<b id="27" c="3 25" t="1"/>
		<b id="28" c="3 26" t="1"/>
		<b id="29" c="4 27" t="1"/>
		<b id="30" c="4 28" t="1"/>
		<b id="31" c="5 29" t="1"/>
		<b id="32" c="7 30" t="1"/>
		<b id="33" c="7 31" t="1"/>
		<b id="34" c="8 32" t="1"/>
		<b id="35" c="8 33" t="1"/>
		<b id="36" c="11 34" t="1"/>
		<b id="37" c="12 35" t="1"/>
		<b id="38" c="14 36" t="1"/>
		<b id="39" c="14 37" t="1"/>
		<b id="40" c="15 38" t="1"/>
		<b id="41" c="18 39" t="1"/>
		<b id="42" c="18 40" t="1"/>
		<b id="43" c="19 41" t="1"/>
		<b id="44" c="19 42" t="1"/>
		<b id="45" c="20 43" t="1"/>
		<b id="46" c="20 44" t="1"/>
		<b id="47" c="21 45" t="1"/>
		<b id="48" c="21 46" t="1"/>
	</bonds>
	<geometry>
		<g u="A" t="cart/3d">#46,3:2.2327,4.1187,0.3588;2.0156,2.7023,0.5467;0.7501,2.2767,-0.0216;0.4966,0.8092,0.3082;1.6025,-0.0907,-0.2523;1.6832,-0.0863,-1.7149;0.4351,-0.1317,-2.4555;-0.2621,-1.4983,-2.4079;0.6393,-2.4851,-2.9649;0.1393,-3.6856,-3.4683;0.9236,-4.4311,-4.3571;0.4819,-5.6022,-4.9304;-0.7967,-6.0926,-4.6631;-1.2788,-7.2228,-5.2991;-1.6008,-5.3663,-3.7916;-1.1306,-4.2063,-3.2094;-1.9759,-3.5931,-2.3353;1.8966,-2.5197,-2.2433;2.5410,-1.1266,-2.2573;2.9138,0.4450,0.3428;3.0988,1.9149,-0.0137;1.4167,4.6702,0.8248;2.2875,4.4060,-0.7042;3.1657,4.4039,0.8434;0.7384,2.4242,-1.1160;-0.0438,2.8892,0.4160;-0.4892,0.5071,-0.0449;0.5046,0.6979,1.3942;1.4343,-1.1117,0.1359;0.6860,0.0871,-3.4991;-0.2458,0.6423,-2.1077;-1.1657,-1.4553,-3.0171;-0.5474,-1.7346,-1.3706;1.9083,-4.0652,-4.6056;1.1271,-6.1447,-5.6069;-0.5806,-7.8578,-5.6511;-2.0597,-7.6771,-4.8532;-2.5959,-5.7034,-3.5442;2.5710,-3.2379,-2.7090;1.7334,-2.8399,-1.1993;2.7576,-0.8536,-3.2949;3.4831,-1.1605,-1.7112;3.7756,-0.1218,-0.0076;2.8648,0.3468,1.4283;3.1446,2.0137,-1.1126;4.0393,2.2799,0.4081;</g>
	</geometry>
	<conformers/>
	<properties/>
</molecule>
