<?xml version="1.0" ?>
<!--MOLLI PACKAGE EXPERIMENTAL XML FORMAT-->
<molecule name="nuc2313">
	<atoms>
		<a id="1" s="C" t="C.3" l="C"/>
		<a id="2" s="N" t="N.3" l="N"/>
		<a id="3" s="C" t="C.3" l="C"/>
		<a id="4" s="C" t="C.3" l="C"/>
		<a id="5" s="C" t="C.3" l="C"/>
		<a id="6" s="C" t="C.3" l="C"/>
		<a id="7" s="N" t="N.pl3" l="N"/>
		<a id="8" s="C" t="C.ar" l="C"/>
		<a id="9" s="C" t="C.ar" l="C"/>
		<a id="10" s="C" t="C.ar" l="C"/>
		<a id="11" s="C" t="C.ar" l="C"/>
		<a id="12" s="N" t="N.pl3" l="N"/>
		<a id="13" s="C" t="C.ar" l="C"/>
		<a id="14" s="C" t="C.ar" l="C"/>
		<a id="15" s="F" t="F" l="F"/>
		<a id="16" s="C" t="C.3" l="C"/>
		<a id="17" s="C" t="C.3" l="C"/>
		<a id="18" s="H" t="H" l="H"/>
		<a id="19" s="H" t="H" l="H"/>
		<a id="20" s="H" t="H" l="H"/>
		<a id="21" s="H" t="H" l="H"/>
		<a id="22" s="H" t="H" l="H"/>
		<a id="23" s="H" t="H" l="H"/>
		<a id="24" s="H" t="H" l="H"/>
		<a id="25" s="H" t="H" l="H"/>
		<a id="26" s="H" t="H" l="H"/>
		<a id="27" s="H" t="H" l="H"/>
		<a id="28" s="H" t="H" l="H"/>
		<a id="29" s="H" t="H" l="H"/>
		<a id="30" s="H" t="H" l="H"/>
		<a id="31" s="H" t="H" l="H"/>
		<a id="32" s="H" t="H" l="H"/>
		<a id="33" s="H" t="H" l="H"/>
		<a id="34" s="H" t="H" l="H"/>
		<a id="35" s="H" t="H" l="H"/>
		<a id="36" s="H" t="H" l="H"/>
		<a id="37" s="H" t="H" l="H"/>
	</atoms>
	<bonds>
		<b id="1" c="1 2" t="1"/>
		<b id="2" c="2 3" t="1"/>
		<b id="3" c="2 4" t="1"/>
		<b id="4" c="4 5" t="1"/>
		<b id="5" c="5 6" t="1"/>
		<b id="6" c="6 7" t="1"/>
		<b id="7" c="7 8" t="1"/>
		<b id="8" c="8 9" t="ar"/>
		<b id="9" c="9 10" t="ar"/>
		<b id="10" c="10 11" t="ar"/>
		<b id="11" c="11 12" t="1"/>
		<b id="12" c="11 13" t="ar"/>
		<b id="13" c="13 14" t="ar"/>
		<b id="14" c="8 14" t="ar"/>
		<b id="15" c="14 15" t="1"/>
		<b id="16" c="7 16" t="1"/>
		<b id="17" c="16 17" t="1"/>
		<b id="18" c="4 17" t="1"/>
		<b id="19" c="1 18" t="1"/>
		<b id="20" c="1 19" t="1"/>
		<b id="21" c="1 20" t="1"/>
		<b id="22" c="3 21" t="1"/>
		<b id="23" c="3 22" t="1"/>
		<b id="24" c="3 23" t="1"/>
		<b id="25" c="4 24" t="1"/>
		<b id="26" c="5 25" t="1"/>
		<b id="27" c="5 26" t="1"/>
		<b id="28" c="6 27" t="1"/>
		<b id="29" c="6 28" t="1"/>
		<b id="30" c="9 29" t="1"/>
		<b id="31" c="10 30" t="1"/>
		<b id="32" c="12 31" t="1"/>
		<b id="33" c="12 32" t="1"/>
		<b id="34" c="13 33" t="1"/>
		<b id="35" c="16 34" t="1"/>
		<b id="36" c="16 35" t="1"/>
		<b id="37" c="17 36" t="1"/>
		<b id="38" c="17 37" t="1"/>
	</bonds>
	<geometry>
		<g u="A" t="cart/3d">#37,3:1.0892,-0.1262,0.0960;2.5389,-0.0758,0.1185;2.9762,1.3045,0.2141;3.1046,-0.9151,1.1781;4.6380,-0.8889,1.1720;5.1520,-1.4599,-0.1527;4.7054,-2.8149,-0.3816;5.4879,-3.9193,-0.0875;5.2049,-5.1469,-0.7064;5.9725,-6.2737,-0.5172;7.1032,-6.2427,0.2980;7.8464,-7.3876,0.5426;7.4170,-5.0386,0.9171;6.6211,-3.9257,0.7334;7.0072,-2.8091,1.4143;3.2630,-2.9126,-0.3389;2.7156,-2.3883,0.9945;0.7257,0.5753,-0.6535;0.6397,0.1390,1.0665;0.7483,-1.1184,-0.1887;2.4541,1.8896,-0.5417;4.0414,1.3792,0.0110;2.7694,1.7486,1.2008;2.7420,-0.5674,2.1685;4.9950,-1.5044,1.9989;5.0311,0.1144,1.3248;6.2389,-1.4156,-0.2004;4.7465,-0.8521,-0.9698;4.3619,-5.2039,-1.3772;5.7056,-7.1926,-1.0188;7.7744,-8.1050,-0.1617;8.7887,-7.2298,0.8638;8.2765,-4.9564,1.5650;2.9546,-3.9484,-0.4758;2.8544,-2.3052,-1.1529;3.1568,-2.9634,1.8121;1.6372,-2.5335,1.0393;</g>
	</geometry>
	<conformers/>
	<properties/>
</molecule>
