<?xml version="1.0" ?>
<!--MOLLI PACKAGE EXPERIMENTAL XML FORMAT-->
<molecule name="nuc2195">
	<atoms>
		<a id="1" s="N" t="N.3" l="N"/>
		<a id="2" s="C" t="C.3" l="C"/>
		<a id="3" s="C" t="C.3" l="C"/>
		<a id="4" s="C" t="C.3" l="C"/>
		<a id="5" s="C" t="C.3" l="C"/>
		<a id="6" s="N" t="N.pl3" l="N"/>
		<a id="7" s="C" t="C.ar" l="C"/>
		<a id="8" s="C" t="C.ar" l="C"/>
		<a id="9" s="C" t="C.ar" l="C"/>
		<a id="10" s="C" t="C.ar" l="C"/>
		<a id="11" s="C" t="C.ar" l="C"/>
		<a id="12" s="C" t="C.ar" l="C"/>
		<a id="13" s="H" t="H" l="H"/>
		<a id="14" s="H" t="H" l="H"/>
		<a id="15" s="H" t="H" l="H"/>
		<a id="16" s="H" t="H" l="H"/>
		<a id="17" s="H" t="H" l="H"/>
		<a id="18" s="H" t="H" l="H"/>
		<a id="19" s="H" t="H" l="H"/>
		<a id="20" s="H" t="H" l="H"/>
		<a id="21" s="H" t="H" l="H"/>
		<a id="22" s="H" t="H" l="H"/>
		<a id="23" s="H" t="H" l="H"/>
		<a id="24" s="H" t="H" l="H"/>
		<a id="25" s="H" t="H" l="H"/>
		<a id="26" s="H" t="H" l="H"/>
		<a id="27" s="H" t="H" l="H"/>
		<a id="28" s="H" t="H" l="H"/>
	</atoms>
	<bonds>
		<b id="1" c="1 2" t="1"/>
		<b id="2" c="2 3" t="1"/>
		<b id="3" c="3 4" t="1"/>
		<b id="4" c="4 5" t="1"/>
		<b id="5" c="5 6" t="1"/>
		<b id="6" c="6 7" t="1"/>
		<b id="7" c="7 8" t="ar"/>
		<b id="8" c="8 9" t="ar"/>
		<b id="9" c="9 10" t="ar"/>
		<b id="10" c="10 11" t="ar"/>
		<b id="11" c="11 12" t="ar"/>
		<b id="12" c="7 12" t="ar"/>
		<b id="13" c="1 13" t="1"/>
		<b id="14" c="1 14" t="1"/>
		<b id="15" c="2 15" t="1"/>
		<b id="16" c="2 16" t="1"/>
		<b id="17" c="3 17" t="1"/>
		<b id="18" c="3 18" t="1"/>
		<b id="19" c="4 19" t="1"/>
		<b id="20" c="4 20" t="1"/>
		<b id="21" c="5 21" t="1"/>
		<b id="22" c="5 22" t="1"/>
		<b id="23" c="6 23" t="1"/>
		<b id="24" c="8 24" t="1"/>
		<b id="25" c="9 25" t="1"/>
		<b id="26" c="10 26" t="1"/>
		<b id="27" c="11 27" t="1"/>
		<b id="28" c="12 28" t="1"/>
	</bonds>
	<geometry>
		<g u="A" t="cart/3d">#28,3:5.3410,1.1245,0.7320;4.5767,1.2481,-0.5011;4.8664,0.0608,-1.4170;4.4319,-1.2577,-0.7809;4.9455,-2.4617,-1.5645;6.3869,-2.5071,-1.5056;7.1559,-3.4068,-2.2040;6.6679,-4.1422,-3.2869;7.5055,-4.9798,-3.9987;8.8390,-5.1131,-3.6538;9.3316,-4.3938,-2.5763;8.5048,-3.5549,-1.8601;5.1200,1.8872,1.3623;6.3346,1.1714,0.5281;4.7890,2.1832,-1.0475;3.5167,1.2515,-0.2308;5.9377,0.0208,-1.6244;4.3469,0.2048,-2.3660;3.3426,-1.3003,-0.7340;4.8117,-1.2916,0.2418;4.6420,-2.3646,-2.6112;4.4962,-3.3849,-1.1629;6.7695,-2.2284,-0.6135;5.6312,-4.0629,-3.5744;7.1068,-5.5389,-4.8334;9.4862,-5.7711,-4.2135;10.3693,-4.4909,-2.2902;8.8953,-2.9975,-1.0191;</g>
	</geometry>
	<conformers/>
	<properties/>
</molecule>
