<?xml version="1.0" ?>
<!--MOLLI PACKAGE EXPERIMENTAL XML FORMAT-->
<molecule name="nuc2322">
	<atoms>
		<a id="1" s="C" t="C.3" l="C"/>
		<a id="2" s="N" t="N.3" l="N"/>
		<a id="3" s="C" t="C.3" l="C"/>
		<a id="4" s="C" t="C.3" l="C"/>
		<a id="5" s="N" t="N.3" l="N"/>
		<a id="6" s="C" t="C.3" l="C"/>
		<a id="7" s="C" t="C.3" l="C"/>
		<a id="8" s="C" t="C.3" l="C"/>
		<a id="9" s="N" t="N.pl3" l="N"/>
		<a id="10" s="C" t="C.ar" l="C"/>
		<a id="11" s="N" t="N.ar" l="N"/>
		<a id="12" s="C" t="C.ar" l="C"/>
		<a id="13" s="C" t="C.ar" l="C"/>
		<a id="14" s="N" t="N.pl3" l="N"/>
		<a id="15" s="C" t="C.ar" l="C"/>
		<a id="16" s="N" t="N.ar" l="N"/>
		<a id="17" s="C" t="C.3" l="C"/>
		<a id="18" s="C" t="C.3" l="C"/>
		<a id="19" s="C" t="C.3" l="C"/>
		<a id="20" s="C" t="C.3" l="C"/>
		<a id="21" s="H" t="H" l="H"/>
		<a id="22" s="H" t="H" l="H"/>
		<a id="23" s="H" t="H" l="H"/>
		<a id="24" s="H" t="H" l="H"/>
		<a id="25" s="H" t="H" l="H"/>
		<a id="26" s="H" t="H" l="H"/>
		<a id="27" s="H" t="H" l="H"/>
		<a id="28" s="H" t="H" l="H"/>
		<a id="29" s="H" t="H" l="H"/>
		<a id="30" s="H" t="H" l="H"/>
		<a id="31" s="H" t="H" l="H"/>
		<a id="32" s="H" t="H" l="H"/>
		<a id="33" s="H" t="H" l="H"/>
		<a id="34" s="H" t="H" l="H"/>
		<a id="35" s="H" t="H" l="H"/>
		<a id="36" s="H" t="H" l="H"/>
		<a id="37" s="H" t="H" l="H"/>
		<a id="38" s="H" t="H" l="H"/>
		<a id="39" s="H" t="H" l="H"/>
		<a id="40" s="H" t="H" l="H"/>
		<a id="41" s="H" t="H" l="H"/>
		<a id="42" s="H" t="H" l="H"/>
		<a id="43" s="H" t="H" l="H"/>
		<a id="44" s="H" t="H" l="H"/>
	</atoms>
	<bonds>
		<b id="1" c="1 2" t="1"/>
		<b id="2" c="2 3" t="1"/>
		<b id="3" c="3 4" t="1"/>
		<b id="4" c="4 5" t="1"/>
		<b id="5" c="5 6" t="1"/>
		<b id="6" c="6 7" t="1"/>
		<b id="7" c="7 8" t="1"/>
		<b id="8" c="8 9" t="1"/>
		<b id="9" c="9 10" t="1"/>
		<b id="10" c="10 11" t="ar"/>
		<b id="11" c="11 12" t="ar"/>
		<b id="12" c="12 13" t="ar"/>
		<b id="13" c="13 14" t="1"/>
		<b id="14" c="13 15" t="ar"/>
		<b id="15" c="15 16" t="ar"/>
		<b id="16" c="10 16" t="ar"/>
		<b id="17" c="9 17" t="1"/>
		<b id="18" c="17 18" t="1"/>
		<b id="19" c="6 18" t="1"/>
		<b id="20" c="5 19" t="1"/>
		<b id="21" c="19 20" t="1"/>
		<b id="22" c="2 20" t="1"/>
		<b id="23" c="1 21" t="1"/>
		<b id="24" c="1 22" t="1"/>
		<b id="25" c="1 23" t="1"/>
		<b id="26" c="3 24" t="1"/>
		<b id="27" c="3 25" t="1"/>
		<b id="28" c="4 26" t="1"/>
		<b id="29" c="4 27" t="1"/>
		<b id="30" c="6 28" t="1"/>
		<b id="31" c="7 29" t="1"/>
		<b id="32" c="7 30" t="1"/>
		<b id="33" c="8 31" t="1"/>
		<b id="34" c="8 32" t="1"/>
		<b id="35" c="12 33" t="1"/>
		<b id="36" c="14 34" t="1"/>
		<b id="37" c="14 35" t="1"/>
		<b id="38" c="15 36" t="1"/>
		<b id="39" c="17 37" t="1"/>
		<b id="40" c="17 38" t="1"/>
		<b id="41" c="18 39" t="1"/>
		<b id="42" c="18 40" t="1"/>
		<b id="43" c="19 41" t="1"/>
		<b id="44" c="19 42" t="1"/>
		<b id="45" c="20 43" t="1"/>
		<b id="46" c="20 44" t="1"/>
	</bonds>
	<geometry>
		<g u="A" t="cart/3d">#44,3:-2.1762,3.9753,-0.9313;-1.8222,2.5763,-0.8612;-0.7153,2.3368,0.0461;-0.3364,0.8525,0.0027;-1.4264,-0.0342,0.3735;-1.7659,-0.0918,1.7971;-0.5353,-0.3980,2.6640;0.0645,-1.7498,2.2700;-0.9201,-2.7928,2.4198;-0.8753,-3.6611,3.4530;0.2344,-3.6815,4.2061;0.2961,-4.5757,5.1701;-0.7305,-5.4839,5.4341;-0.6893,-6.3691,6.5032;-1.8406,-5.3695,4.5953;-1.9210,-4.4828,3.6261;-2.1343,-2.5722,1.6735;-2.7605,-1.2334,2.0677;-2.5354,0.2689,-0.5159;-2.9534,1.7440,-0.4958;-1.3096,4.5443,-1.2660;-2.5105,4.3826,0.0377;-2.9792,4.1025,-1.6560;-0.9650,2.6329,1.0828;0.1361,2.9390,-0.2811;0.5363,0.6728,0.6270;-0.0693,0.6029,-1.0290;-2.2142,0.8548,2.1527;-0.8581,-0.4456,3.7062;0.2180,0.3856,2.5947;0.9174,-1.9960,2.9018;0.3725,-1.7183,1.2205;1.2046,-4.5707,5.7619;0.2388,-6.6057,6.8202;-1.2942,-7.1711,6.4101;-2.6990,-6.0214,4.7119;-2.8144,-3.3975,1.8813;-1.8850,-2.5487,0.6082;-2.9888,-1.2457,3.1353;-3.6998,-1.0917,1.5358;-3.3939,-0.3587,-0.2840;-2.2016,0.0244,-1.5290;-3.3500,2.0109,0.5021;-3.7499,1.9029,-1.2270;</g>
	</geometry>
	<conformers/>
	<properties/>
</molecule>
