<?xml version="1.0" ?>
<!--MOLLI PACKAGE EXPERIMENTAL XML FORMAT-->
<molecule name="nuc2324">
	<atoms>
		<a id="1" s="N" t="N.pl3" l="N"/>
		<a id="2" s="C" t="C.ar" l="C"/>
		<a id="3" s="N" t="N.ar" l="N"/>
		<a id="4" s="N" t="N.ar" l="N"/>
		<a id="5" s="C" t="C.ar" l="C"/>
		<a id="6" s="C" t="C.ar" l="C"/>
		<a id="7" s="C" t="C.ar" l="C"/>
		<a id="8" s="C" t="C.ar" l="C"/>
		<a id="9" s="C" t="C.3" l="C"/>
		<a id="10" s="C" t="C.ar" l="C"/>
		<a id="11" s="C" t="C.ar" l="C"/>
		<a id="12" s="C" t="C.ar" l="C"/>
		<a id="13" s="F" t="F" l="F"/>
		<a id="14" s="C" t="C.ar" l="C"/>
		<a id="15" s="C" t="C.ar" l="C"/>
		<a id="16" s="F" t="F" l="F"/>
		<a id="17" s="C" t="C.ar" l="C"/>
		<a id="18" s="C" t="C.ar" l="C"/>
		<a id="19" s="C" t="C.ar" l="C"/>
		<a id="20" s="H" t="H" l="H"/>
		<a id="21" s="H" t="H" l="H"/>
		<a id="22" s="H" t="H" l="H"/>
		<a id="23" s="H" t="H" l="H"/>
		<a id="24" s="H" t="H" l="H"/>
		<a id="25" s="H" t="H" l="H"/>
		<a id="26" s="H" t="H" l="H"/>
		<a id="27" s="H" t="H" l="H"/>
		<a id="28" s="H" t="H" l="H"/>
		<a id="29" s="H" t="H" l="H"/>
		<a id="30" s="H" t="H" l="H"/>
	</atoms>
	<bonds>
		<b id="1" c="1 2" t="1"/>
		<b id="2" c="2 3" t="ar"/>
		<b id="3" c="3 4" t="ar"/>
		<b id="4" c="4 5" t="ar"/>
		<b id="5" c="5 6" t="ar"/>
		<b id="6" c="6 7" t="ar"/>
		<b id="7" c="7 8" t="ar"/>
		<b id="8" c="8 9" t="1"/>
		<b id="9" c="9 10" t="1"/>
		<b id="10" c="10 11" t="ar"/>
		<b id="11" c="11 12" t="ar"/>
		<b id="12" c="12 13" t="1"/>
		<b id="13" c="12 14" t="ar"/>
		<b id="14" c="14 15" t="ar"/>
		<b id="15" c="15 16" t="1"/>
		<b id="16" c="15 17" t="ar"/>
		<b id="17" c="10 17" t="ar"/>
		<b id="18" c="8 18" t="ar"/>
		<b id="19" c="18 19" t="ar"/>
		<b id="20" c="2 19" t="ar"/>
		<b id="21" c="5 19" t="ar"/>
		<b id="22" c="1 20" t="1"/>
		<b id="23" c="1 21" t="1"/>
		<b id="24" c="4 22" t="1"/>
		<b id="25" c="6 23" t="1"/>
		<b id="26" c="7 24" t="1"/>
		<b id="27" c="9 25" t="1"/>
		<b id="28" c="9 26" t="1"/>
		<b id="29" c="11 27" t="1"/>
		<b id="30" c="14 28" t="1"/>
		<b id="31" c="17 29" t="1"/>
		<b id="32" c="18 30" t="1"/>
	</bonds>
	<geometry>
		<g u="A" t="cart/3d">#30,3:2.4357,1.3675,0.2446;1.5370,0.3413,0.0872;1.9045,-0.9189,0.0247;0.7712,-1.6620,-0.0410;-0.3386,-0.8887,-0.0284;-1.6967,-1.1925,-0.0807;-2.5800,-0.1399,-0.0455;-2.1554,1.1963,0.0469;-3.1855,2.3032,0.0545;-3.4685,2.7157,-1.3637;-4.4756,2.0952,-2.0922;-4.6865,2.4559,-3.4095;-5.6707,1.8494,-4.1006;-3.9267,3.4204,-4.0454;-2.9297,4.0207,-3.2988;-2.1676,4.9679,-3.8796;-2.6894,3.6874,-1.9797;-0.8107,1.4974,0.0926;0.1087,0.4525,0.0563;3.3896,1.0991,0.0578;2.1647,2.2432,-0.1735;0.8410,-2.6638,-0.0728;-2.0393,-2.2139,-0.1438;-3.6401,-0.3436,-0.0812;-2.8036,3.1556,0.6175;-4.1022,1.9508,0.5282;-5.1002,1.3380,-1.6459;-4.1044,3.6925,-5.0722;-1.9011,4.1906,-1.4431;-0.4734,2.5207,0.1691;</g>
	</geometry>
	<conformers/>
	<properties/>
</molecule>
