<?xml version="1.0" ?>
<!--MOLLI PACKAGE EXPERIMENTAL XML FORMAT-->
<molecule name="nuc2325">
	<atoms>
		<a id="1" s="C" t="C.3" l="C"/>
		<a id="2" s="C" t="C.3" l="C"/>
		<a id="3" s="N" t="N.3" l="N"/>
		<a id="4" s="C" t="C.3" l="C"/>
		<a id="5" s="C" t="C.3" l="C"/>
		<a id="6" s="C" t="C.3" l="C"/>
		<a id="7" s="C" t="C.3" l="C"/>
		<a id="8" s="C" t="C.3" l="C"/>
		<a id="9" s="C" t="C.3" l="C"/>
		<a id="10" s="H" t="H" l="H"/>
		<a id="11" s="H" t="H" l="H"/>
		<a id="12" s="H" t="H" l="H"/>
		<a id="13" s="H" t="H" l="H"/>
		<a id="14" s="H" t="H" l="H"/>
		<a id="15" s="H" t="H" l="H"/>
		<a id="16" s="H" t="H" l="H"/>
		<a id="17" s="H" t="H" l="H"/>
		<a id="18" s="H" t="H" l="H"/>
		<a id="19" s="H" t="H" l="H"/>
		<a id="20" s="H" t="H" l="H"/>
		<a id="21" s="H" t="H" l="H"/>
		<a id="22" s="H" t="H" l="H"/>
		<a id="23" s="H" t="H" l="H"/>
		<a id="24" s="H" t="H" l="H"/>
		<a id="25" s="H" t="H" l="H"/>
		<a id="26" s="H" t="H" l="H"/>
	</atoms>
	<bonds>
		<b id="1" c="1 2" t="1"/>
		<b id="2" c="2 3" t="1"/>
		<b id="3" c="2 4" t="1"/>
		<b id="4" c="4 5" t="1"/>
		<b id="5" c="5 6" t="1"/>
		<b id="6" c="6 7" t="1"/>
		<b id="7" c="7 8" t="1"/>
		<b id="8" c="8 9" t="1"/>
		<b id="9" c="4 9" t="1"/>
		<b id="10" c="1 10" t="1"/>
		<b id="11" c="1 11" t="1"/>
		<b id="12" c="1 12" t="1"/>
		<b id="13" c="2 13" t="1"/>
		<b id="14" c="3 14" t="1"/>
		<b id="15" c="3 15" t="1"/>
		<b id="16" c="4 16" t="1"/>
		<b id="17" c="5 17" t="1"/>
		<b id="18" c="5 18" t="1"/>
		<b id="19" c="6 19" t="1"/>
		<b id="20" c="6 20" t="1"/>
		<b id="21" c="7 21" t="1"/>
		<b id="22" c="7 22" t="1"/>
		<b id="23" c="8 23" t="1"/>
		<b id="24" c="8 24" t="1"/>
		<b id="25" c="9 25" t="1"/>
		<b id="26" c="9 26" t="1"/>
	</bonds>
	<geometry>
		<g u="A" t="cart/3d">#26,3:1.8882,-1.4929,0.2440;2.6084,-0.1493,0.0582;3.6371,0.0883,1.0620;3.1976,0.0044,-1.3583;4.2985,-1.0082,-1.6799;4.8124,-0.8088,-3.1031;5.3601,0.6030,-3.2789;4.2774,1.6276,-2.9588;3.7436,1.4215,-1.5449;1.3651,-1.5076,1.1991;2.5993,-2.3168,0.2348;1.1608,-1.6526,-0.5477;1.8680,0.6519,0.1844;4.3028,-0.6777,1.0633;3.2170,0.1242,1.9844;2.3758,-0.1482,-2.0680;3.9191,-2.0264,-1.5745;5.1288,-0.8749,-0.9841;3.9951,-0.9711,-3.8101;5.5922,-1.5426,-3.3202;5.7173,0.7413,-4.3019;6.2068,0.7489,-2.6045;3.4584,1.5217,-3.6749;4.6786,2.6384,-3.0584;2.9527,2.1463,-1.3411;4.5384,1.5844,-0.8162;</g>
	</geometry>
	<conformers/>
	<properties/>
</molecule>
