<?xml version="1.0" ?>
<!--MOLLI PACKAGE EXPERIMENTAL XML FORMAT-->
<molecule name="nuc2327">
	<atoms>
		<a id="1" s="C" t="C.2" l="C"/>
		<a id="2" s="C" t="C.2" l="C"/>
		<a id="3" s="C" t="C.3" l="C"/>
		<a id="4" s="C" t="C.3" l="C"/>
		<a id="5" s="C" t="C.3" l="C"/>
		<a id="6" s="N" t="N.3" l="N"/>
		<a id="7" s="C" t="C.ar" l="C"/>
		<a id="8" s="C" t="C.ar" l="C"/>
		<a id="9" s="C" t="C.ar" l="C"/>
		<a id="10" s="C" t="C.ar" l="C"/>
		<a id="11" s="C" t="C.ar" l="C"/>
		<a id="12" s="C" t="C.ar" l="C"/>
		<a id="13" s="C" t="C.ar" l="C"/>
		<a id="14" s="C" t="C.ar" l="C"/>
		<a id="15" s="C" t="C.ar" l="C"/>
		<a id="16" s="C" t="C.ar" l="C"/>
		<a id="17" s="C" t="C.ar" l="C"/>
		<a id="18" s="C" t="C.ar" l="C"/>
		<a id="19" s="H" t="H" l="H"/>
		<a id="20" s="H" t="H" l="H"/>
		<a id="21" s="H" t="H" l="H"/>
		<a id="22" s="H" t="H" l="H"/>
		<a id="23" s="H" t="H" l="H"/>
		<a id="24" s="H" t="H" l="H"/>
		<a id="25" s="H" t="H" l="H"/>
		<a id="26" s="H" t="H" l="H"/>
		<a id="27" s="H" t="H" l="H"/>
		<a id="28" s="H" t="H" l="H"/>
		<a id="29" s="H" t="H" l="H"/>
		<a id="30" s="H" t="H" l="H"/>
		<a id="31" s="H" t="H" l="H"/>
		<a id="32" s="H" t="H" l="H"/>
		<a id="33" s="H" t="H" l="H"/>
		<a id="34" s="H" t="H" l="H"/>
		<a id="35" s="H" t="H" l="H"/>
		<a id="36" s="H" t="H" l="H"/>
		<a id="37" s="H" t="H" l="H"/>
	</atoms>
	<bonds>
		<b id="1" c="1 2" t="2"/>
		<b id="2" c="2 3" t="1"/>
		<b id="3" c="3 4" t="1"/>
		<b id="4" c="4 5" t="1"/>
		<b id="5" c="5 6" t="1"/>
		<b id="6" c="5 7" t="1"/>
		<b id="7" c="7 8" t="ar"/>
		<b id="8" c="8 9" t="ar"/>
		<b id="9" c="9 10" t="ar"/>
		<b id="10" c="10 11" t="1"/>
		<b id="11" c="11 12" t="ar"/>
		<b id="12" c="12 13" t="ar"/>
		<b id="13" c="13 14" t="ar"/>
		<b id="14" c="14 15" t="ar"/>
		<b id="15" c="15 16" t="ar"/>
		<b id="16" c="11 16" t="ar"/>
		<b id="17" c="10 17" t="ar"/>
		<b id="18" c="17 18" t="ar"/>
		<b id="19" c="7 18" t="ar"/>
		<b id="20" c="1 19" t="1"/>
		<b id="21" c="1 20" t="1"/>
		<b id="22" c="2 21" t="1"/>
		<b id="23" c="3 22" t="1"/>
		<b id="24" c="3 23" t="1"/>
		<b id="25" c="4 24" t="1"/>
		<b id="26" c="4 25" t="1"/>
		<b id="27" c="5 26" t="1"/>
		<b id="28" c="6 27" t="1"/>
		<b id="29" c="6 28" t="1"/>
		<b id="30" c="8 29" t="1"/>
		<b id="31" c="9 30" t="1"/>
		<b id="32" c="12 31" t="1"/>
		<b id="33" c="13 32" t="1"/>
		<b id="34" c="14 33" t="1"/>
		<b id="35" c="15 34" t="1"/>
		<b id="36" c="16 35" t="1"/>
		<b id="37" c="17 36" t="1"/>
		<b id="38" c="18 37" t="1"/>
	</bonds>
	<geometry>
		<g u="A" t="cart/3d">#37,3:2.4020,1.8170,-4.9161;2.9039,1.1333,-3.9055;3.3804,1.7400,-2.6250;4.8452,1.3849,-2.3513;5.3799,2.0453,-1.0604;4.7100,1.6224,0.1601;6.8621,1.7843,-0.9230;7.7734,2.8299,-0.9906;9.1283,2.6041,-0.8420;9.6148,1.3180,-0.6254;11.0532,1.0732,-0.4422;11.8199,1.9229,0.3517;13.1687,1.6847,0.5390;13.7753,0.5981,-0.0689;13.0239,-0.2498,-0.8651;11.6735,-0.0167,-1.0483;8.7026,0.2674,-0.5733;7.3489,0.4988,-0.7180;2.0687,1.3390,-5.8215;2.2978,2.8892,-4.8777;2.9980,0.0564,-3.9692;2.7572,1.3607,-1.8078;3.2662,2.8256,-2.6638;5.4594,1.7187,-3.1906;4.9492,0.2997,-2.2734;5.2230,3.1281,-1.1405;4.7832,0.6179,0.2781;3.7273,1.8674,0.1320;7.4163,3.8363,-1.1567;9.8203,3.4314,-0.9074;11.3474,2.7620,0.8417;13.7495,2.3474,1.1644;14.8292,0.4125,0.0779;13.4930,-1.0965,-1.3454;11.0946,-0.6731,-1.6820;9.0578,-0.7370,-0.3925;6.6668,-0.3377,-0.6621;</g>
	</geometry>
	<conformers/>
	<properties/>
</molecule>
