<?xml version="1.0" ?>
<!--MOLLI PACKAGE EXPERIMENTAL XML FORMAT-->
<molecule name="nuc2328">
	<atoms>
		<a id="1" s="N" t="N.am" l="N"/>
		<a id="2" s="C" t="C.2" l="C"/>
		<a id="3" s="O" t="O.2" l="O"/>
		<a id="4" s="C" t="C.3" l="C"/>
		<a id="5" s="N" t="N.am" l="N"/>
		<a id="6" s="C" t="C.2" l="C"/>
		<a id="7" s="O" t="O.2" l="O"/>
		<a id="8" s="O" t="O.3" l="O"/>
		<a id="9" s="C" t="C.3" l="C"/>
		<a id="10" s="C" t="C.3" l="C"/>
		<a id="11" s="C" t="C.ar" l="C"/>
		<a id="12" s="C" t="C.ar" l="C"/>
		<a id="13" s="C" t="C.ar" l="C"/>
		<a id="14" s="C" t="C.ar" l="C"/>
		<a id="15" s="C" t="C.ar" l="C"/>
		<a id="16" s="C" t="C.ar" l="C"/>
		<a id="17" s="C" t="C.ar" l="C"/>
		<a id="18" s="C" t="C.ar" l="C"/>
		<a id="19" s="C" t="C.ar" l="C"/>
		<a id="20" s="C" t="C.ar" l="C"/>
		<a id="21" s="C" t="C.ar" l="C"/>
		<a id="22" s="C" t="C.ar" l="C"/>
		<a id="23" s="H" t="H" l="H"/>
		<a id="24" s="H" t="H" l="H"/>
		<a id="25" s="H" t="H" l="H"/>
		<a id="26" s="H" t="H" l="H"/>
		<a id="27" s="H" t="H" l="H"/>
		<a id="28" s="H" t="H" l="H"/>
		<a id="29" s="H" t="H" l="H"/>
		<a id="30" s="H" t="H" l="H"/>
		<a id="31" s="H" t="H" l="H"/>
		<a id="32" s="H" t="H" l="H"/>
		<a id="33" s="H" t="H" l="H"/>
		<a id="34" s="H" t="H" l="H"/>
		<a id="35" s="H" t="H" l="H"/>
		<a id="36" s="H" t="H" l="H"/>
		<a id="37" s="H" t="H" l="H"/>
		<a id="38" s="H" t="H" l="H"/>
	</atoms>
	<bonds>
		<b id="1" c="1 2" t="am"/>
		<b id="2" c="2 3" t="2"/>
		<b id="3" c="2 4" t="1"/>
		<b id="4" c="4 5" t="1"/>
		<b id="5" c="5 6" t="am"/>
		<b id="6" c="6 7" t="2"/>
		<b id="7" c="6 8" t="1"/>
		<b id="8" c="8 9" t="1"/>
		<b id="9" c="9 10" t="1"/>
		<b id="10" c="10 11" t="1"/>
		<b id="11" c="11 12" t="ar"/>
		<b id="12" c="12 13" t="ar"/>
		<b id="13" c="13 14" t="ar"/>
		<b id="14" c="14 15" t="ar"/>
		<b id="15" c="15 16" t="ar"/>
		<b id="16" c="11 16" t="ar"/>
		<b id="17" c="16 17" t="1"/>
		<b id="18" c="17 18" t="ar"/>
		<b id="19" c="18 19" t="ar"/>
		<b id="20" c="19 20" t="ar"/>
		<b id="21" c="20 21" t="ar"/>
		<b id="22" c="21 22" t="ar"/>
		<b id="23" c="17 22" t="ar"/>
		<b id="24" c="10 22" t="1"/>
		<b id="25" c="1 23" t="1"/>
		<b id="26" c="1 24" t="1"/>
		<b id="27" c="4 25" t="1"/>
		<b id="28" c="4 26" t="1"/>
		<b id="29" c="5 27" t="1"/>
		<b id="30" c="9 28" t="1"/>
		<b id="31" c="9 29" t="1"/>
		<b id="32" c="10 30" t="1"/>
		<b id="33" c="12 31" t="1"/>
		<b id="34" c="13 32" t="1"/>
		<b id="35" c="14 33" t="1"/>
		<b id="36" c="15 34" t="1"/>
		<b id="37" c="18 35" t="1"/>
		<b id="38" c="19 36" t="1"/>
		<b id="39" c="20 37" t="1"/>
		<b id="40" c="21 38" t="1"/>
	</bonds>
	<geometry>
		<g u="A" t="cart/3d">#38,3:3.9418,-2.9307,-2.4987;4.0203,-1.5852,-2.4665;3.0547,-0.8610,-2.5060;5.4462,-1.0257,-2.3735;6.4752,-1.9342,-2.8108;7.2645,-2.6942,-2.0132;8.0504,-3.5036,-2.4418;7.0532,-2.4450,-0.7038;7.9110,-3.1248,0.2027;9.3221,-2.5205,0.2484;9.3310,-1.1104,0.7786;8.7455,0.0214,0.2531;8.8785,1.2215,0.9394;9.5901,1.2853,2.1272;10.1892,0.1537,2.6570;10.0568,-1.0462,1.9782;10.5804,-2.3707,2.2733;11.3644,-2.8267,3.3204;11.7372,-4.1609,3.3373;11.3393,-5.0232,2.3270;10.5523,-4.5717,1.2757;10.1751,-3.2464,1.2553;3.0338,-3.3644,-2.5145;4.7556,-3.5125,-2.4046;5.6278,-0.7708,-1.3262;5.4820,-0.1047,-2.9621;6.5656,-2.1088,-3.8000;7.9788,-4.1792,-0.0852;7.4257,-3.0320,1.1762;9.7467,-2.5804,-0.7592;8.1958,-0.0178,-0.6757;8.4247,2.1168,0.5405;9.6820,2.2302,2.6428;10.7491,0.2082,3.5786;11.6806,-2.1573,4.1063;12.3487,-4.5348,4.1454;11.6468,-6.0580,2.3570;10.2521,-5.2457,0.4870;</g>
	</geometry>
	<conformers/>
	<properties/>
</molecule>
