<?xml version="1.0" ?>
<!--MOLLI PACKAGE EXPERIMENTAL XML FORMAT-->
<molecule name="nuc2196">
	<atoms>
		<a id="1" s="N" t="N.pl3" l="N"/>
		<a id="2" s="C" t="C.ar" l="C"/>
		<a id="3" s="N" t="N.ar" l="N"/>
		<a id="4" s="C" t="C.ar" l="C"/>
		<a id="5" s="C" t="C.ar" l="C"/>
		<a id="6" s="C" t="C.ar" l="C"/>
		<a id="7" s="C" t="C.ar" l="C"/>
		<a id="8" s="C" t="C.ar" l="C"/>
		<a id="9" s="N" t="N.ar" l="N"/>
		<a id="10" s="C" t="C.ar" l="C"/>
		<a id="11" s="C" t="C.ar" l="C"/>
		<a id="12" s="N" t="N.ar" l="N"/>
		<a id="13" s="C" t="C.3" l="C"/>
		<a id="14" s="C" t="C.3" l="C"/>
		<a id="15" s="C" t="C.3" l="C"/>
		<a id="16" s="C" t="C.3" l="C"/>
		<a id="17" s="C" t="C.3" l="C"/>
		<a id="18" s="C" t="C.ar" l="C"/>
		<a id="19" s="N" t="N.ar" l="N"/>
		<a id="20" s="H" t="H" l="H"/>
		<a id="21" s="H" t="H" l="H"/>
		<a id="22" s="H" t="H" l="H"/>
		<a id="23" s="H" t="H" l="H"/>
		<a id="24" s="H" t="H" l="H"/>
		<a id="25" s="H" t="H" l="H"/>
		<a id="26" s="H" t="H" l="H"/>
		<a id="27" s="H" t="H" l="H"/>
		<a id="28" s="H" t="H" l="H"/>
		<a id="29" s="H" t="H" l="H"/>
		<a id="30" s="H" t="H" l="H"/>
		<a id="31" s="H" t="H" l="H"/>
		<a id="32" s="H" t="H" l="H"/>
		<a id="33" s="H" t="H" l="H"/>
		<a id="34" s="H" t="H" l="H"/>
	</atoms>
	<bonds>
		<b id="1" c="1 2" t="1"/>
		<b id="2" c="2 3" t="ar"/>
		<b id="3" c="3 4" t="ar"/>
		<b id="4" c="4 5" t="ar"/>
		<b id="5" c="5 6" t="ar"/>
		<b id="6" c="6 7" t="ar"/>
		<b id="7" c="7 8" t="ar"/>
		<b id="8" c="8 9" t="ar"/>
		<b id="9" c="9 10" t="ar"/>
		<b id="10" c="10 11" t="ar"/>
		<b id="11" c="6 11" t="ar"/>
		<b id="12" c="11 12" t="ar"/>
		<b id="13" c="12 13" t="1"/>
		<b id="14" c="13 14" t="1"/>
		<b id="15" c="14 15" t="1"/>
		<b id="16" c="15 16" t="1"/>
		<b id="17" c="16 17" t="1"/>
		<b id="18" c="13 17" t="1"/>
		<b id="19" c="12 18" t="ar"/>
		<b id="20" c="5 18" t="ar"/>
		<b id="21" c="18 19" t="ar"/>
		<b id="22" c="2 19" t="ar"/>
		<b id="23" c="1 20" t="1"/>
		<b id="24" c="1 21" t="1"/>
		<b id="25" c="4 22" t="1"/>
		<b id="26" c="7 23" t="1"/>
		<b id="27" c="8 24" t="1"/>
		<b id="28" c="10 25" t="1"/>
		<b id="29" c="13 26" t="1"/>
		<b id="30" c="14 27" t="1"/>
		<b id="31" c="14 28" t="1"/>
		<b id="32" c="15 29" t="1"/>
		<b id="33" c="15 30" t="1"/>
		<b id="34" c="16 31" t="1"/>
		<b id="35" c="16 32" t="1"/>
		<b id="36" c="17 33" t="1"/>
		<b id="37" c="17 34" t="1"/>
	</bonds>
	<geometry>
		<g u="A" t="cart/3d">#34,3:1.2543,-0.2655,0.1386;2.6028,-0.2085,0.0964;3.1429,1.0178,0.0450;4.4582,1.1172,0.0426;5.2606,-0.0110,0.0904;6.6565,-0.3212,0.0978;7.8272,0.4241,0.0628;9.0175,-0.2823,0.0822;9.1008,-1.6064,0.1322;7.9975,-2.3296,0.1665;6.7434,-1.7366,0.1508;5.4730,-2.2816,0.1755;5.1515,-3.6846,0.2291;4.3058,-4.1606,-0.9570;3.7083,-5.4901,-0.4835;3.7612,-5.4585,1.0580;4.2805,-4.0689,1.4284;4.5773,-1.2588,0.1382;3.2564,-1.3721,0.1378;0.7426,0.5807,-0.0320;0.8078,-1.1577,0.0322;4.8609,2.1211,-0.0016;7.8093,1.5018,0.0215;9.9684,0.2325,0.0552;8.1412,-3.4014,0.2064;6.0954,-4.2359,0.2623;4.8920,-4.2647,-1.8691;3.5192,-3.4257,-1.1266;4.2924,-6.3281,-0.8641;2.6886,-5.6086,-0.8461;4.4471,-6.2230,1.4249;2.7855,-5.6493,1.5014;4.8339,-4.0625,2.3665;3.4594,-3.3554,1.4958;</g>
	</geometry>
	<conformers/>
	<properties/>
</molecule>
