<?xml version="1.0" ?>
<!--MOLLI PACKAGE EXPERIMENTAL XML FORMAT-->
<molecule name="nuc2335">
	<atoms>
		<a id="1" s="C" t="C.3" l="C"/>
		<a id="2" s="O" t="O.3" l="O"/>
		<a id="3" s="C" t="C.ar" l="C"/>
		<a id="4" s="C" t="C.ar" l="C"/>
		<a id="5" s="C" t="C.ar" l="C"/>
		<a id="6" s="C" t="C.2" l="C"/>
		<a id="7" s="O" t="O.2" l="O"/>
		<a id="8" s="N" t="N.am" l="N"/>
		<a id="9" s="C" t="C.3" l="C"/>
		<a id="10" s="C" t="C.3" l="C"/>
		<a id="11" s="N" t="N.3" l="N"/>
		<a id="12" s="C" t="C.3" l="C"/>
		<a id="13" s="C" t="C.3" l="C"/>
		<a id="14" s="C" t="C.3" l="C"/>
		<a id="15" s="C" t="C.ar" l="C"/>
		<a id="16" s="C" t="C.ar" l="C"/>
		<a id="17" s="C" t="C.ar" l="C"/>
		<a id="18" s="N" t="N.pl3" l="N"/>
		<a id="19" s="H" t="H" l="H"/>
		<a id="20" s="H" t="H" l="H"/>
		<a id="21" s="H" t="H" l="H"/>
		<a id="22" s="H" t="H" l="H"/>
		<a id="23" s="H" t="H" l="H"/>
		<a id="24" s="H" t="H" l="H"/>
		<a id="25" s="H" t="H" l="H"/>
		<a id="26" s="H" t="H" l="H"/>
		<a id="27" s="H" t="H" l="H"/>
		<a id="28" s="H" t="H" l="H"/>
		<a id="29" s="H" t="H" l="H"/>
		<a id="30" s="H" t="H" l="H"/>
		<a id="31" s="H" t="H" l="H"/>
		<a id="32" s="H" t="H" l="H"/>
		<a id="33" s="H" t="H" l="H"/>
		<a id="34" s="H" t="H" l="H"/>
		<a id="35" s="H" t="H" l="H"/>
		<a id="36" s="H" t="H" l="H"/>
		<a id="37" s="H" t="H" l="H"/>
	</atoms>
	<bonds>
		<b id="1" c="1 2" t="1"/>
		<b id="2" c="2 3" t="1"/>
		<b id="3" c="3 4" t="ar"/>
		<b id="4" c="4 5" t="ar"/>
		<b id="5" c="5 6" t="1"/>
		<b id="6" c="6 7" t="2"/>
		<b id="7" c="6 8" t="am"/>
		<b id="8" c="8 9" t="1"/>
		<b id="9" c="9 10" t="1"/>
		<b id="10" c="10 11" t="1"/>
		<b id="11" c="11 12" t="1"/>
		<b id="12" c="11 13" t="1"/>
		<b id="13" c="13 14" t="1"/>
		<b id="14" c="8 14" t="1"/>
		<b id="15" c="5 15" t="ar"/>
		<b id="16" c="15 16" t="ar"/>
		<b id="17" c="16 17" t="ar"/>
		<b id="18" c="3 17" t="ar"/>
		<b id="19" c="17 18" t="1"/>
		<b id="20" c="1 19" t="1"/>
		<b id="21" c="1 20" t="1"/>
		<b id="22" c="1 21" t="1"/>
		<b id="23" c="4 22" t="1"/>
		<b id="24" c="9 23" t="1"/>
		<b id="25" c="9 24" t="1"/>
		<b id="26" c="10 25" t="1"/>
		<b id="27" c="10 26" t="1"/>
		<b id="28" c="12 27" t="1"/>
		<b id="29" c="12 28" t="1"/>
		<b id="30" c="12 29" t="1"/>
		<b id="31" c="13 30" t="1"/>
		<b id="32" c="13 31" t="1"/>
		<b id="33" c="14 32" t="1"/>
		<b id="34" c="14 33" t="1"/>
		<b id="35" c="15 34" t="1"/>
		<b id="36" c="16 35" t="1"/>
		<b id="37" c="18 36" t="1"/>
		<b id="38" c="18 37" t="1"/>
	</bonds>
	<geometry>
		<g u="A" t="cart/3d">#37,3:5.5270,0.2111,3.1347;4.2626,0.7280,2.8096;4.1405,1.4614,1.6508;5.1775,1.7537,0.7880;4.9547,2.5284,-0.3523;6.0592,2.7855,-1.3229;5.9999,2.3995,-2.4780;7.1347,3.4669,-0.8553;8.2961,3.6597,-1.6990;9.5357,3.1041,-0.9831;9.7360,3.6668,0.3406;10.2818,5.0070,0.3387;8.5329,3.5154,1.1345;7.2760,4.0763,0.4449;3.6776,2.9888,-0.6266;2.6367,2.7086,0.2401;2.8419,1.9448,1.3825;1.8034,1.5892,2.2142;5.3930,-0.3307,4.0700;6.2633,1.0092,3.2829;5.8894,-0.4797,2.3669;6.1695,1.3715,0.9718;8.4231,4.7284,-1.9105;8.1184,3.1320,-2.6370;10.4281,3.2876,-1.5834;9.4160,2.0227,-0.8626;11.2298,4.9926,-0.1976;10.4750,5.3044,1.3689;9.6351,5.7648,-0.1244;8.6797,4.0048,2.0993;8.3932,2.4431,1.3071;7.3836,5.1619,0.3165;6.3884,3.8893,1.0482;3.5032,3.5715,-1.5176;1.6428,3.0757,0.0311;0.9859,2.1755,2.1946;2.0776,1.2465,3.1201;</g>
	</geometry>
	<conformers/>
	<properties/>
</molecule>
