<?xml version="1.0" ?>
<!--MOLLI PACKAGE EXPERIMENTAL XML FORMAT-->
<molecule name="nuc2336">
	<atoms>
		<a id="1" s="N" t="N.3" l="N"/>
		<a id="2" s="C" t="C.3" l="C"/>
		<a id="3" s="C" t="C.ar" l="C"/>
		<a id="4" s="C" t="C.ar" l="C"/>
		<a id="5" s="C" t="C.ar" l="C"/>
		<a id="6" s="C" t="C.ar" l="C"/>
		<a id="7" s="C" t="C.ar" l="C"/>
		<a id="8" s="C" t="C.ar" l="C"/>
		<a id="9" s="O" t="O.3" l="O"/>
		<a id="10" s="C" t="C.3" l="C"/>
		<a id="11" s="O" t="O.3" l="O"/>
		<a id="12" s="H" t="H" l="H"/>
		<a id="13" s="H" t="H" l="H"/>
		<a id="14" s="H" t="H" l="H"/>
		<a id="15" s="H" t="H" l="H"/>
		<a id="16" s="H" t="H" l="H"/>
		<a id="17" s="H" t="H" l="H"/>
		<a id="18" s="H" t="H" l="H"/>
		<a id="19" s="H" t="H" l="H"/>
		<a id="20" s="H" t="H" l="H"/>
	</atoms>
	<bonds>
		<b id="1" c="1 2" t="1"/>
		<b id="2" c="2 3" t="1"/>
		<b id="3" c="3 4" t="ar"/>
		<b id="4" c="4 5" t="ar"/>
		<b id="5" c="5 6" t="ar"/>
		<b id="6" c="6 7" t="ar"/>
		<b id="7" c="7 8" t="ar"/>
		<b id="8" c="3 8" t="ar"/>
		<b id="9" c="7 9" t="1"/>
		<b id="10" c="9 10" t="1"/>
		<b id="11" c="10 11" t="1"/>
		<b id="12" c="6 11" t="1"/>
		<b id="13" c="1 12" t="1"/>
		<b id="14" c="1 13" t="1"/>
		<b id="15" c="2 14" t="1"/>
		<b id="16" c="2 15" t="1"/>
		<b id="17" c="4 16" t="1"/>
		<b id="18" c="5 17" t="1"/>
		<b id="19" c="8 18" t="1"/>
		<b id="20" c="10 19" t="1"/>
		<b id="21" c="10 20" t="1"/>
	</bonds>
	<geometry>
		<g u="A" t="cart/3d">#20,3:1.0041,0.1934,0.3399;2.4312,0.0525,0.0914;2.8843,-1.3629,0.3445;2.0395,-2.4205,0.0444;2.4142,-3.7450,0.2518;3.6687,-3.9662,0.7647;4.5256,-2.9081,1.0669;4.1572,-1.6007,0.8700;5.7041,-3.4040,1.5642;5.5628,-4.8078,1.5617;4.2889,-5.1535,1.0649;0.7081,1.1458,0.1572;0.7963,-0.0195,1.3098;3.0511,0.7404,0.6908;2.5994,0.2954,-0.9644;1.0637,-2.1963,-0.3550;1.7547,-4.5643,0.0199;4.8298,-0.7940,1.1117;5.6745,-5.1911,2.5892;6.3421,-5.2556,0.9233;</g>
	</geometry>
	<conformers/>
	<properties/>
</molecule>
