<?xml version="1.0" ?>
<!--MOLLI PACKAGE EXPERIMENTAL XML FORMAT-->
<molecule name="nuc2337">
	<atoms>
		<a id="1" s="C" t="C.3" l="C"/>
		<a id="2" s="C" t="C.3" l="C"/>
		<a id="3" s="C" t="C.3" l="C"/>
		<a id="4" s="C" t="C.ar" l="C"/>
		<a id="5" s="C" t="C.ar" l="C"/>
		<a id="6" s="C" t="C.ar" l="C"/>
		<a id="7" s="C" t="C.ar" l="C"/>
		<a id="8" s="N" t="N.pl3" l="N"/>
		<a id="9" s="C" t="C.ar" l="C"/>
		<a id="10" s="C" t="C.ar" l="C"/>
		<a id="11" s="H" t="H" l="H"/>
		<a id="12" s="H" t="H" l="H"/>
		<a id="13" s="H" t="H" l="H"/>
		<a id="14" s="H" t="H" l="H"/>
		<a id="15" s="H" t="H" l="H"/>
		<a id="16" s="H" t="H" l="H"/>
		<a id="17" s="H" t="H" l="H"/>
		<a id="18" s="H" t="H" l="H"/>
		<a id="19" s="H" t="H" l="H"/>
		<a id="20" s="H" t="H" l="H"/>
		<a id="21" s="H" t="H" l="H"/>
		<a id="22" s="H" t="H" l="H"/>
		<a id="23" s="H" t="H" l="H"/>
	</atoms>
	<bonds>
		<b id="1" c="1 2" t="1"/>
		<b id="2" c="2 3" t="1"/>
		<b id="3" c="3 4" t="1"/>
		<b id="4" c="4 5" t="ar"/>
		<b id="5" c="5 6" t="ar"/>
		<b id="6" c="6 7" t="ar"/>
		<b id="7" c="7 8" t="1"/>
		<b id="8" c="7 9" t="ar"/>
		<b id="9" c="9 10" t="ar"/>
		<b id="10" c="4 10" t="ar"/>
		<b id="11" c="1 11" t="1"/>
		<b id="12" c="1 12" t="1"/>
		<b id="13" c="1 13" t="1"/>
		<b id="14" c="2 14" t="1"/>
		<b id="15" c="2 15" t="1"/>
		<b id="16" c="3 16" t="1"/>
		<b id="17" c="3 17" t="1"/>
		<b id="18" c="5 18" t="1"/>
		<b id="19" c="6 19" t="1"/>
		<b id="20" c="8 20" t="1"/>
		<b id="21" c="8 21" t="1"/>
		<b id="22" c="9 22" t="1"/>
		<b id="23" c="10 23" t="1"/>
	</bonds>
	<geometry>
		<g u="A" t="cart/3d">#23,3:2.8367,-2.0103,-1.9796;2.5115,-0.8842,-1.0072;3.0692,-1.1566,0.3958;4.5700,-1.2287,0.3920;5.3305,-0.0754,0.2387;6.7087,-0.1269,0.2034;7.3747,-1.3464,0.3221;8.7530,-1.4124,0.2128;6.6161,-2.5045,0.4816;5.2368,-2.4406,0.5120;2.4384,-1.7886,-2.9674;2.4035,-2.9479,-1.6372;3.9136,-2.1392,-2.0617;1.4277,-0.7607,-0.9412;2.9326,0.0502,-1.3841;2.6560,-2.0963,0.7682;2.7439,-0.3551,1.0646;4.8343,0.8811,0.1512;7.2841,0.7806,0.0833;9.2501,-0.5569,0.4032;9.1858,-2.2347,0.6025;7.1180,-3.4570,0.5800;4.6687,-3.3518,0.6368;</g>
	</geometry>
	<conformers/>
	<properties/>
</molecule>
