<?xml version="1.0" ?>
<!--MOLLI PACKAGE EXPERIMENTAL XML FORMAT-->
<molecule name="nuc2339">
	<atoms>
		<a id="1" s="C" t="C.3" l="C"/>
		<a id="2" s="N" t="N.3" l="N"/>
		<a id="3" s="C" t="C.3" l="C"/>
		<a id="4" s="C" t="C.3" l="C"/>
		<a id="5" s="C" t="C.3" l="C"/>
		<a id="6" s="N" t="N.3" l="N"/>
		<a id="7" s="S" t="S.O2" l="S"/>
		<a id="8" s="O" t="O.2" l="O"/>
		<a id="9" s="O" t="O.2" l="O"/>
		<a id="10" s="C" t="C.ar" l="C"/>
		<a id="11" s="C" t="C.ar" l="C"/>
		<a id="12" s="C" t="C.ar" l="C"/>
		<a id="13" s="C" t="C.ar" l="C"/>
		<a id="14" s="C" t="C.ar" l="C"/>
		<a id="15" s="C" t="C.ar" l="C"/>
		<a id="16" s="N" t="N.pl3" l="N"/>
		<a id="17" s="C" t="C.3" l="C"/>
		<a id="18" s="H" t="H" l="H"/>
		<a id="19" s="H" t="H" l="H"/>
		<a id="20" s="H" t="H" l="H"/>
		<a id="21" s="H" t="H" l="H"/>
		<a id="22" s="H" t="H" l="H"/>
		<a id="23" s="H" t="H" l="H"/>
		<a id="24" s="H" t="H" l="H"/>
		<a id="25" s="H" t="H" l="H"/>
		<a id="26" s="H" t="H" l="H"/>
		<a id="27" s="H" t="H" l="H"/>
		<a id="28" s="H" t="H" l="H"/>
		<a id="29" s="H" t="H" l="H"/>
		<a id="30" s="H" t="H" l="H"/>
		<a id="31" s="H" t="H" l="H"/>
		<a id="32" s="H" t="H" l="H"/>
		<a id="33" s="H" t="H" l="H"/>
		<a id="34" s="H" t="H" l="H"/>
	</atoms>
	<bonds>
		<b id="1" c="1 2" t="1"/>
		<b id="2" c="2 3" t="1"/>
		<b id="3" c="3 4" t="1"/>
		<b id="4" c="4 5" t="1"/>
		<b id="5" c="5 6" t="1"/>
		<b id="6" c="6 7" t="1"/>
		<b id="7" c="7 8" t="2"/>
		<b id="8" c="7 9" t="2"/>
		<b id="9" c="7 10" t="1"/>
		<b id="10" c="10 11" t="ar"/>
		<b id="11" c="11 12" t="ar"/>
		<b id="12" c="12 13" t="ar"/>
		<b id="13" c="13 14" t="ar"/>
		<b id="14" c="14 15" t="ar"/>
		<b id="15" c="10 15" t="ar"/>
		<b id="16" c="15 16" t="1"/>
		<b id="17" c="5 17" t="1"/>
		<b id="18" c="2 17" t="1"/>
		<b id="19" c="1 18" t="1"/>
		<b id="20" c="1 19" t="1"/>
		<b id="21" c="1 20" t="1"/>
		<b id="22" c="3 21" t="1"/>
		<b id="23" c="3 22" t="1"/>
		<b id="24" c="4 23" t="1"/>
		<b id="25" c="4 24" t="1"/>
		<b id="26" c="5 25" t="1"/>
		<b id="27" c="6 26" t="1"/>
		<b id="28" c="11 27" t="1"/>
		<b id="29" c="12 28" t="1"/>
		<b id="30" c="13 29" t="1"/>
		<b id="31" c="14 30" t="1"/>
		<b id="32" c="16 31" t="1"/>
		<b id="33" c="16 32" t="1"/>
		<b id="34" c="17 33" t="1"/>
		<b id="35" c="17 34" t="1"/>
	</bonds>
	<geometry>
		<g u="A" t="cart/3d">#34,3:1.1454,2.8917,2.7837;1.1604,2.2301,1.5036;-0.0708,1.5225,1.1903;0.3030,0.5621,0.0525;1.8446,0.5625,0.0333;2.3232,1.2978,-1.1181;3.9225,1.0652,-1.5459;4.2175,2.0617,-2.5304;4.7794,1.0162,-0.3784;3.8379,-0.5417,-2.3078;3.3740,-0.5701,-3.6094;3.2631,-1.7692,-4.2860;3.6315,-2.9436,-3.6404;4.0975,-2.9192,-2.3443;4.2075,-1.7115,-1.6373;4.5857,-1.6973,-0.3252;2.2115,1.2418,1.3559;0.3448,3.6302,2.7929;2.0957,3.4025,2.9287;0.9890,2.1923,3.6217;-0.8411,2.2401,0.9015;-0.4381,0.9553,2.0634;-0.0697,0.9080,-0.9093;-0.0871,-0.4374,0.2341;2.2640,-0.4413,-0.0485;2.0951,2.2803,-1.0632;3.1197,0.3710,-4.0692;2.9007,-1.7941,-5.3010;3.5570,-3.8879,-4.1592;4.3851,-3.8359,-1.8501;5.1055,-2.4933,0.0061;4.8637,-0.7894,0.0314;3.1922,1.7152,1.3106;2.2070,0.5030,2.1774;</g>
	</geometry>
	<conformers/>
	<properties/>
</molecule>
