<?xml version="1.0" ?>
<!--MOLLI PACKAGE EXPERIMENTAL XML FORMAT-->
<molecule name="nuc2197">
	<atoms>
		<a id="1" s="C" t="C.3" l="C"/>
		<a id="2" s="C" t="C.3" l="C"/>
		<a id="3" s="C" t="C.3" l="C"/>
		<a id="4" s="C" t="C.3" l="C"/>
		<a id="5" s="C" t="C.3" l="C"/>
		<a id="6" s="C" t="C.3" l="C"/>
		<a id="7" s="C" t="C.ar" l="C"/>
		<a id="8" s="C" t="C.ar" l="C"/>
		<a id="9" s="C" t="C.ar" l="C"/>
		<a id="10" s="C" t="C.3" l="C"/>
		<a id="11" s="F" t="F" l="F"/>
		<a id="12" s="F" t="F" l="F"/>
		<a id="13" s="F" t="F" l="F"/>
		<a id="14" s="C" t="C.ar" l="C"/>
		<a id="15" s="C" t="C.ar" l="C"/>
		<a id="16" s="C" t="C.ar" l="C"/>
		<a id="17" s="C" t="C.3" l="C"/>
		<a id="18" s="N" t="N.am" l="N"/>
		<a id="19" s="C" t="C.2" l="C"/>
		<a id="20" s="N" t="N.am" l="N"/>
		<a id="21" s="O" t="O.2" l="O"/>
		<a id="22" s="H" t="H" l="H"/>
		<a id="23" s="H" t="H" l="H"/>
		<a id="24" s="H" t="H" l="H"/>
		<a id="25" s="H" t="H" l="H"/>
		<a id="26" s="H" t="H" l="H"/>
		<a id="27" s="H" t="H" l="H"/>
		<a id="28" s="H" t="H" l="H"/>
		<a id="29" s="H" t="H" l="H"/>
		<a id="30" s="H" t="H" l="H"/>
		<a id="31" s="H" t="H" l="H"/>
		<a id="32" s="H" t="H" l="H"/>
		<a id="33" s="H" t="H" l="H"/>
		<a id="34" s="H" t="H" l="H"/>
		<a id="35" s="H" t="H" l="H"/>
		<a id="36" s="H" t="H" l="H"/>
		<a id="37" s="H" t="H" l="H"/>
		<a id="38" s="H" t="H" l="H"/>
		<a id="39" s="H" t="H" l="H"/>
		<a id="40" s="H" t="H" l="H"/>
		<a id="41" s="H" t="H" l="H"/>
		<a id="42" s="H" t="H" l="H"/>
	</atoms>
	<bonds>
		<b id="1" c="1 2" t="1"/>
		<b id="2" c="2 3" t="1"/>
		<b id="3" c="2 4" t="1"/>
		<b id="4" c="2 5" t="1"/>
		<b id="5" c="5 6" t="1"/>
		<b id="6" c="6 7" t="1"/>
		<b id="7" c="7 8" t="ar"/>
		<b id="8" c="8 9" t="ar"/>
		<b id="9" c="9 10" t="1"/>
		<b id="10" c="10 11" t="1"/>
		<b id="11" c="10 12" t="1"/>
		<b id="12" c="10 13" t="1"/>
		<b id="13" c="9 14" t="ar"/>
		<b id="14" c="14 15" t="ar"/>
		<b id="15" c="15 16" t="ar"/>
		<b id="16" c="7 16" t="ar"/>
		<b id="17" c="16 17" t="1"/>
		<b id="18" c="17 18" t="1"/>
		<b id="19" c="18 19" t="am"/>
		<b id="20" c="19 20" t="am"/>
		<b id="21" c="19 21" t="2"/>
		<b id="22" c="1 22" t="1"/>
		<b id="23" c="1 23" t="1"/>
		<b id="24" c="1 24" t="1"/>
		<b id="25" c="3 25" t="1"/>
		<b id="26" c="3 26" t="1"/>
		<b id="27" c="3 27" t="1"/>
		<b id="28" c="4 28" t="1"/>
		<b id="29" c="4 29" t="1"/>
		<b id="30" c="4 30" t="1"/>
		<b id="31" c="5 31" t="1"/>
		<b id="32" c="5 32" t="1"/>
		<b id="33" c="6 33" t="1"/>
		<b id="34" c="6 34" t="1"/>
		<b id="35" c="8 35" t="1"/>
		<b id="36" c="14 36" t="1"/>
		<b id="37" c="15 37" t="1"/>
		<b id="38" c="17 38" t="1"/>
		<b id="39" c="17 39" t="1"/>
		<b id="40" c="18 40" t="1"/>
		<b id="41" c="20 41" t="1"/>
		<b id="42" c="20 42" t="1"/>
	</bonds>
	<geometry>
		<g u="A" t="cart/3d">#42,3:4.4086,-1.5273,0.7865;5.2729,-0.2665,0.8565;4.4988,0.8512,1.5604;6.5389,-0.5729,1.6639;5.7118,0.1851,-0.5487;4.5823,0.2354,-1.5879;5.0778,0.8650,-2.8553;4.9630,2.2430,-3.0008;5.4348,2.8810,-4.1358;5.3049,4.3664,-4.3010;4.7551,4.9789,-3.2436;6.4946,4.9630,-4.5077;4.5421,4.6938,-5.3641;6.0341,2.1513,-5.1536;6.1535,0.7829,-5.0102;5.6902,0.1286,-3.8743;5.8350,-1.3703,-3.7944;4.5672,-2.0335,-4.0224;4.1311,-3.0291,-3.1961;3.0224,-3.6935,-3.6514;4.6807,-3.3125,-2.1530;4.3012,-1.9602,1.7787;4.8546,-2.2726,0.1324;3.4136,-1.2968,0.4135;4.1997,0.5309,2.5560;3.5990,1.1159,1.0100;5.1159,1.7421,1.6596;6.2853,-0.8133,2.6939;7.2099,0.2839,1.6683;7.0665,-1.4219,1.2355;6.4810,-0.5011,-0.9079;6.1677,1.1758,-0.4733;3.7569,0.8316,-1.1975;4.2233,-0.7730,-1.7742;4.4995,2.8228,-2.2165;6.3986,2.6513,-6.0374;6.6233,0.2102,-5.7966;6.1646,-1.6892,-2.8032;6.5748,-1.7060,-4.5318;4.1437,-1.9167,-4.9285;2.4392,-3.2934,-4.3651;2.5758,-4.3074,-2.9921;</g>
	</geometry>
	<conformers/>
	<properties/>
</molecule>
