<?xml version="1.0" ?>
<!--MOLLI PACKAGE EXPERIMENTAL XML FORMAT-->
<molecule name="nuc2343">
	<atoms>
		<a id="1" s="N" t="N.pl3" l="N"/>
		<a id="2" s="N" t="N.ar" l="N"/>
		<a id="3" s="C" t="C.ar" l="C"/>
		<a id="4" s="N" t="N.ar" l="N"/>
		<a id="5" s="N" t="N.ar" l="N"/>
		<a id="6" s="C" t="C.ar" l="C"/>
		<a id="7" s="H" t="H" l="H"/>
		<a id="8" s="H" t="H" l="H"/>
		<a id="9" s="H" t="H" l="H"/>
		<a id="10" s="H" t="H" l="H"/>
	</atoms>
	<bonds>
		<b id="1" c="1 2" t="1"/>
		<b id="2" c="2 3" t="ar"/>
		<b id="3" c="3 4" t="ar"/>
		<b id="4" c="4 5" t="ar"/>
		<b id="5" c="5 6" t="ar"/>
		<b id="6" c="2 6" t="ar"/>
		<b id="7" c="1 7" t="1"/>
		<b id="8" c="1 8" t="1"/>
		<b id="9" c="3 9" t="1"/>
		<b id="10" c="6 10" t="1"/>
	</bonds>
	<geometry>
		<g u="A" t="cart/3d">#10,3:2.1246,0.0211,-0.2326;0.7437,0.0101,-0.0634;-0.0865,-1.0653,-0.0128;-1.3239,-0.6682,0.0612;-1.3305,0.6678,0.0575;-0.0979,1.0775,-0.0235;2.5233,-0.8457,0.1162;2.5319,0.8141,0.2552;0.2489,-2.0815,-0.0290;0.2277,2.0964,-0.0467;</g>
	</geometry>
	<conformers/>
	<properties/>
</molecule>
