<?xml version="1.0" ?>
<!--MOLLI PACKAGE EXPERIMENTAL XML FORMAT-->
<molecule name="nuc2345">
	<atoms>
		<a id="1" s="C" t="C.3" l="C"/>
		<a id="2" s="C" t="C.3" l="C"/>
		<a id="3" s="N" t="N.3" l="N"/>
		<a id="4" s="C" t="C.ar" l="C"/>
		<a id="5" s="C" t="C.ar" l="C"/>
		<a id="6" s="C" t="C.ar" l="C"/>
		<a id="7" s="C" t="C.ar" l="C"/>
		<a id="8" s="C" t="C.ar" l="C"/>
		<a id="9" s="C" t="C.ar" l="C"/>
		<a id="10" s="C" t="C.ar" l="C"/>
		<a id="11" s="C" t="C.ar" l="C"/>
		<a id="12" s="F" t="F" l="F"/>
		<a id="13" s="C" t="C.ar" l="C"/>
		<a id="14" s="C" t="C.ar" l="C"/>
		<a id="15" s="C" t="C.ar" l="C"/>
		<a id="16" s="C" t="C.ar" l="C"/>
		<a id="17" s="H" t="H" l="H"/>
		<a id="18" s="H" t="H" l="H"/>
		<a id="19" s="H" t="H" l="H"/>
		<a id="20" s="H" t="H" l="H"/>
		<a id="21" s="H" t="H" l="H"/>
		<a id="22" s="H" t="H" l="H"/>
		<a id="23" s="H" t="H" l="H"/>
		<a id="24" s="H" t="H" l="H"/>
		<a id="25" s="H" t="H" l="H"/>
		<a id="26" s="H" t="H" l="H"/>
		<a id="27" s="H" t="H" l="H"/>
		<a id="28" s="H" t="H" l="H"/>
		<a id="29" s="H" t="H" l="H"/>
		<a id="30" s="H" t="H" l="H"/>
	</atoms>
	<bonds>
		<b id="1" c="2 4" t="1"/>
		<b id="2" c="4 5" t="ar"/>
		<b id="3" c="5 6" t="ar"/>
		<b id="4" c="6 7" t="ar"/>
		<b id="5" c="7 8" t="1"/>
		<b id="6" c="8 9" t="ar"/>
		<b id="7" c="9 10" t="ar"/>
		<b id="8" c="10 11" t="ar"/>
		<b id="9" c="11 12" t="1"/>
		<b id="10" c="11 13" t="ar"/>
		<b id="11" c="13 14" t="ar"/>
		<b id="12" c="8 14" t="ar"/>
		<b id="13" c="7 15" t="ar"/>
		<b id="14" c="15 16" t="ar"/>
		<b id="15" c="4 16" t="ar"/>
		<b id="16" c="2 3" t="1"/>
		<b id="17" c="2 1" t="1"/>
		<b id="18" c="1 17" t="1"/>
		<b id="19" c="1 18" t="1"/>
		<b id="20" c="1 19" t="1"/>
		<b id="21" c="2 20" t="1"/>
		<b id="22" c="3 21" t="1"/>
		<b id="23" c="3 22" t="1"/>
		<b id="24" c="5 23" t="1"/>
		<b id="25" c="6 24" t="1"/>
		<b id="26" c="9 25" t="1"/>
		<b id="27" c="10 26" t="1"/>
		<b id="28" c="13 27" t="1"/>
		<b id="29" c="14 28" t="1"/>
		<b id="30" c="15 29" t="1"/>
		<b id="31" c="16 30" t="1"/>
	</bonds>
	<geometry>
		<g u="A" t="cart/3d">#30,3:3.2917,-0.5451,1.0593;2.4286,0.0155,-0.0724;1.0264,-0.2425,0.2291;2.8837,-0.5418,-1.4072;3.4745,0.2816,-2.3571;3.8919,-0.2220,-3.5740;3.7205,-1.5691,-3.8821;4.1651,-2.1079,-5.1757;5.3806,-1.7083,-5.7285;5.8084,-2.2108,-6.9426;5.0041,-3.1179,-7.6078;5.4142,-3.6112,-8.7966;3.7920,-3.5344,-7.0886;3.3808,-3.0268,-5.8709;3.1195,-2.3935,-2.9338;2.7119,-1.8866,-1.7159;4.3345,-0.2815,0.9030;3.2098,-1.6289,1.0995;2.9559,-0.1359,2.0080;2.5439,1.1065,-0.0925;0.8573,-1.2402,0.3017;0.4333,0.1203,-0.5091;3.6102,1.3317,-2.1386;4.3346,0.4401,-4.3038;6.0064,-1.0112,-5.1921;6.7500,-1.9112,-7.3746;3.1884,-4.2411,-7.6358;2.4291,-3.3323,-5.4627;2.9943,-3.4458,-3.1443;2.2577,-2.5523,-0.9945;</g>
	</geometry>
	<conformers/>
	<properties/>
</molecule>
