<?xml version="1.0" ?>
<!--MOLLI PACKAGE EXPERIMENTAL XML FORMAT-->
<molecule name="nuc2346">
	<atoms>
		<a id="1" s="C" t="C.3" l="C"/>
		<a id="2" s="C" t="C.3" l="C"/>
		<a id="3" s="N" t="N.3" l="N"/>
		<a id="4" s="C" t="C.ar" l="C"/>
		<a id="5" s="C" t="C.ar" l="C"/>
		<a id="6" s="C" t="C.ar" l="C"/>
		<a id="7" s="C" t="C.ar" l="C"/>
		<a id="8" s="C" t="C.ar" l="C"/>
		<a id="9" s="C" t="C.ar" l="C"/>
		<a id="10" s="C" t="C.ar" l="C"/>
		<a id="11" s="C" t="C.ar" l="C"/>
		<a id="12" s="C" t="C.ar" l="C"/>
		<a id="13" s="F" t="F" l="F"/>
		<a id="14" s="C" t="C.ar" l="C"/>
		<a id="15" s="C" t="C.ar" l="C"/>
		<a id="16" s="C" t="C.ar" l="C"/>
		<a id="17" s="H" t="H" l="H"/>
		<a id="18" s="H" t="H" l="H"/>
		<a id="19" s="H" t="H" l="H"/>
		<a id="20" s="H" t="H" l="H"/>
		<a id="21" s="H" t="H" l="H"/>
		<a id="22" s="H" t="H" l="H"/>
		<a id="23" s="H" t="H" l="H"/>
		<a id="24" s="H" t="H" l="H"/>
		<a id="25" s="H" t="H" l="H"/>
		<a id="26" s="H" t="H" l="H"/>
		<a id="27" s="H" t="H" l="H"/>
		<a id="28" s="H" t="H" l="H"/>
		<a id="29" s="H" t="H" l="H"/>
		<a id="30" s="H" t="H" l="H"/>
	</atoms>
	<bonds>
		<b id="1" c="2 4" t="1"/>
		<b id="2" c="4 5" t="ar"/>
		<b id="3" c="5 6" t="ar"/>
		<b id="4" c="6 7" t="ar"/>
		<b id="5" c="7 8" t="1"/>
		<b id="6" c="8 9" t="ar"/>
		<b id="7" c="9 10" t="ar"/>
		<b id="8" c="10 11" t="ar"/>
		<b id="9" c="11 12" t="ar"/>
		<b id="10" c="12 13" t="1"/>
		<b id="11" c="12 14" t="ar"/>
		<b id="12" c="8 14" t="ar"/>
		<b id="13" c="7 15" t="ar"/>
		<b id="14" c="15 16" t="ar"/>
		<b id="15" c="4 16" t="ar"/>
		<b id="16" c="2 3" t="1"/>
		<b id="17" c="2 1" t="1"/>
		<b id="18" c="1 17" t="1"/>
		<b id="19" c="1 18" t="1"/>
		<b id="20" c="1 19" t="1"/>
		<b id="21" c="2 20" t="1"/>
		<b id="22" c="3 21" t="1"/>
		<b id="23" c="3 22" t="1"/>
		<b id="24" c="5 23" t="1"/>
		<b id="25" c="6 24" t="1"/>
		<b id="26" c="9 25" t="1"/>
		<b id="27" c="10 26" t="1"/>
		<b id="28" c="11 27" t="1"/>
		<b id="29" c="14 28" t="1"/>
		<b id="30" c="15 29" t="1"/>
		<b id="31" c="16 30" t="1"/>
	</bonds>
	<geometry>
		<g u="A" t="cart/3d">#30,3:3.5058,-0.8532,0.7085;2.4719,0.0106,-0.0142;1.2192,-0.7307,-0.1133;2.9949,0.4787,-1.3582;3.1211,1.8333,-1.6396;3.5632,2.2649,-2.8755;3.9019,1.3486,-3.8673;4.3821,1.8037,-5.1802;5.4581,1.1743,-5.8034;5.9145,1.6055,-7.0353;5.3042,2.6688,-7.6785;4.2352,3.2840,-7.0532;3.6244,4.3198,-7.6698;3.7673,2.8765,-5.8201;3.7759,-0.0096,-3.5869;3.3220,-0.4349,-2.3543;4.4230,-0.2908,0.8628;3.7368,-1.7432,0.1282;3.1081,-1.1627,1.6708;2.2605,0.8916,0.6044;1.3515,-1.5734,-0.6629;0.5133,-0.1680,-0.5761;2.8715,2.5594,-0.8786;3.6686,3.3225,-3.0679;5.9521,0.3535,-5.3055;6.7542,1.1120,-7.5010;5.6408,3.0197,-8.6408;2.9209,3.3782,-5.3775;4.0147,-0.7360,-4.3502;3.2223,-1.4954,-2.1678;</g>
	</geometry>
	<conformers/>
	<properties/>
</molecule>
