<?xml version="1.0" ?>
<!--MOLLI PACKAGE EXPERIMENTAL XML FORMAT-->
<molecule name="nuc2347">
	<atoms>
		<a id="1" s="C" t="C.3" l="C"/>
		<a id="2" s="C" t="C.3" l="C"/>
		<a id="3" s="N" t="N.3" l="N"/>
		<a id="4" s="C" t="C.ar" l="C"/>
		<a id="5" s="C" t="C.ar" l="C"/>
		<a id="6" s="C" t="C.ar" l="C"/>
		<a id="7" s="C" t="C.ar" l="C"/>
		<a id="8" s="C" t="C.ar" l="C"/>
		<a id="9" s="C" t="C.ar" l="C"/>
		<a id="10" s="C" t="C.ar" l="C"/>
		<a id="11" s="C" t="C.ar" l="C"/>
		<a id="12" s="C" t="C.ar" l="C"/>
		<a id="13" s="C" t="C.ar" l="C"/>
		<a id="14" s="F" t="F" l="F"/>
		<a id="15" s="C" t="C.ar" l="C"/>
		<a id="16" s="C" t="C.ar" l="C"/>
		<a id="17" s="H" t="H" l="H"/>
		<a id="18" s="H" t="H" l="H"/>
		<a id="19" s="H" t="H" l="H"/>
		<a id="20" s="H" t="H" l="H"/>
		<a id="21" s="H" t="H" l="H"/>
		<a id="22" s="H" t="H" l="H"/>
		<a id="23" s="H" t="H" l="H"/>
		<a id="24" s="H" t="H" l="H"/>
		<a id="25" s="H" t="H" l="H"/>
		<a id="26" s="H" t="H" l="H"/>
		<a id="27" s="H" t="H" l="H"/>
		<a id="28" s="H" t="H" l="H"/>
		<a id="29" s="H" t="H" l="H"/>
		<a id="30" s="H" t="H" l="H"/>
	</atoms>
	<bonds>
		<b id="1" c="2 4" t="1"/>
		<b id="2" c="4 5" t="ar"/>
		<b id="3" c="5 6" t="ar"/>
		<b id="4" c="6 7" t="ar"/>
		<b id="5" c="7 8" t="1"/>
		<b id="6" c="8 9" t="ar"/>
		<b id="7" c="9 10" t="ar"/>
		<b id="8" c="10 11" t="ar"/>
		<b id="9" c="11 12" t="ar"/>
		<b id="10" c="12 13" t="ar"/>
		<b id="11" c="8 13" t="ar"/>
		<b id="12" c="13 14" t="1"/>
		<b id="13" c="7 15" t="ar"/>
		<b id="14" c="15 16" t="ar"/>
		<b id="15" c="4 16" t="ar"/>
		<b id="16" c="2 3" t="1"/>
		<b id="17" c="2 1" t="1"/>
		<b id="18" c="1 17" t="1"/>
		<b id="19" c="1 18" t="1"/>
		<b id="20" c="1 19" t="1"/>
		<b id="21" c="2 20" t="1"/>
		<b id="22" c="3 21" t="1"/>
		<b id="23" c="3 22" t="1"/>
		<b id="24" c="5 23" t="1"/>
		<b id="25" c="6 24" t="1"/>
		<b id="26" c="9 25" t="1"/>
		<b id="27" c="10 26" t="1"/>
		<b id="28" c="11 27" t="1"/>
		<b id="29" c="12 28" t="1"/>
		<b id="30" c="15 29" t="1"/>
		<b id="31" c="16 30" t="1"/>
	</bonds>
	<geometry>
		<g u="A" t="cart/3d">#30,3:3.2247,-0.8134,1.1412;2.5150,-0.1028,-0.0125;1.0741,-0.1844,0.1950;2.9733,-0.6646,-1.3442;3.7328,0.1027,-2.2176;4.1297,-0.3956,-3.4439;3.7754,-1.6849,-3.8290;4.1824,-2.2343,-5.1315;4.6932,-3.5266,-5.2357;5.0685,-4.0554,-6.4565;4.9361,-3.3043,-7.6124;4.4280,-2.0193,-7.5417;4.0641,-1.5046,-6.3122;3.5496,-0.2542,-6.2790;3.0213,-2.4603,-2.9519;2.6251,-1.9542,-1.7305;4.2978,-0.6540,1.0775;3.0297,-1.8828,1.1081;2.8588,-0.4218,2.0860;2.7706,0.9635,0.0232;0.7743,-1.1536,0.2160;0.5837,0.2737,-0.5659;4.0168,1.1063,-1.9337;4.7255,0.2182,-4.1023;4.8095,-4.1122,-4.3358;5.4659,-5.0579,-6.5070;5.2248,-3.7159,-8.5673;4.3055,-1.4115,-8.4244;2.7259,-3.4585,-3.2417;2.0330,-2.5747,-1.0714;</g>
	</geometry>
	<conformers/>
	<properties/>
</molecule>
