<?xml version="1.0" ?>
<!--MOLLI PACKAGE EXPERIMENTAL XML FORMAT-->
<molecule name="nuc2348">
	<atoms>
		<a id="1" s="C" t="C.3" l="C"/>
		<a id="2" s="C" t="C.3" l="C"/>
		<a id="3" s="C" t="C.3" l="C"/>
		<a id="4" s="C" t="C.3" l="C"/>
		<a id="5" s="O" t="O.3" l="O"/>
		<a id="6" s="C" t="C.2" l="C"/>
		<a id="7" s="O" t="O.2" l="O"/>
		<a id="8" s="N" t="N.am" l="N"/>
		<a id="9" s="C" t="C.3" l="C"/>
		<a id="10" s="C" t="C.3" l="C"/>
		<a id="11" s="C" t="C.3" l="C"/>
		<a id="12" s="C" t="C.ar" l="C"/>
		<a id="13" s="C" t="C.ar" l="C"/>
		<a id="14" s="C" t="C.ar" l="C"/>
		<a id="15" s="C" t="C.ar" l="C"/>
		<a id="16" s="N" t="N.pl3" l="N"/>
		<a id="17" s="N" t="N.ar" l="N"/>
		<a id="18" s="C" t="C.ar" l="C"/>
		<a id="19" s="C" t="C.3" l="C"/>
		<a id="20" s="C" t="C.3" l="C"/>
		<a id="21" s="H" t="H" l="H"/>
		<a id="22" s="H" t="H" l="H"/>
		<a id="23" s="H" t="H" l="H"/>
		<a id="24" s="H" t="H" l="H"/>
		<a id="25" s="H" t="H" l="H"/>
		<a id="26" s="H" t="H" l="H"/>
		<a id="27" s="H" t="H" l="H"/>
		<a id="28" s="H" t="H" l="H"/>
		<a id="29" s="H" t="H" l="H"/>
		<a id="30" s="H" t="H" l="H"/>
		<a id="31" s="H" t="H" l="H"/>
		<a id="32" s="H" t="H" l="H"/>
		<a id="33" s="H" t="H" l="H"/>
		<a id="34" s="H" t="H" l="H"/>
		<a id="35" s="H" t="H" l="H"/>
		<a id="36" s="H" t="H" l="H"/>
		<a id="37" s="H" t="H" l="H"/>
		<a id="38" s="H" t="H" l="H"/>
		<a id="39" s="H" t="H" l="H"/>
		<a id="40" s="H" t="H" l="H"/>
		<a id="41" s="H" t="H" l="H"/>
		<a id="42" s="H" t="H" l="H"/>
		<a id="43" s="H" t="H" l="H"/>
	</atoms>
	<bonds>
		<b id="1" c="1 2" t="1"/>
		<b id="2" c="2 3" t="1"/>
		<b id="3" c="2 4" t="1"/>
		<b id="4" c="2 5" t="1"/>
		<b id="5" c="5 6" t="1"/>
		<b id="6" c="6 7" t="2"/>
		<b id="7" c="6 8" t="am"/>
		<b id="8" c="8 9" t="1"/>
		<b id="9" c="9 10" t="1"/>
		<b id="10" c="10 11" t="1"/>
		<b id="11" c="11 12" t="1"/>
		<b id="12" c="12 13" t="ar"/>
		<b id="13" c="13 14" t="ar"/>
		<b id="14" c="14 15" t="ar"/>
		<b id="15" c="15 16" t="1"/>
		<b id="16" c="15 17" t="ar"/>
		<b id="17" c="17 18" t="ar"/>
		<b id="18" c="12 18" t="ar"/>
		<b id="19" c="11 19" t="1"/>
		<b id="20" c="19 20" t="1"/>
		<b id="21" c="8 20" t="1"/>
		<b id="22" c="1 21" t="1"/>
		<b id="23" c="1 22" t="1"/>
		<b id="24" c="1 23" t="1"/>
		<b id="25" c="3 24" t="1"/>
		<b id="26" c="3 25" t="1"/>
		<b id="27" c="3 26" t="1"/>
		<b id="28" c="4 27" t="1"/>
		<b id="29" c="4 28" t="1"/>
		<b id="30" c="4 29" t="1"/>
		<b id="31" c="9 30" t="1"/>
		<b id="32" c="9 31" t="1"/>
		<b id="33" c="10 32" t="1"/>
		<b id="34" c="10 33" t="1"/>
		<b id="35" c="11 34" t="1"/>
		<b id="36" c="13 35" t="1"/>
		<b id="37" c="14 36" t="1"/>
		<b id="38" c="16 37" t="1"/>
		<b id="39" c="16 38" t="1"/>
		<b id="40" c="18 39" t="1"/>
		<b id="41" c="19 40" t="1"/>
		<b id="42" c="19 41" t="1"/>
		<b id="43" c="20 42" t="1"/>
		<b id="44" c="20 43" t="1"/>
	</bonds>
	<geometry>
		<g u="A" t="cart/3d">#43,3:3.9201,-0.1335,1.5655;2.8953,0.2643,0.5032;2.4549,-0.9495,-0.3152;1.6841,0.9350,1.1548;3.4353,1.2878,-0.3627;4.5172,1.0307,-1.1253;5.1430,-0.0073,-1.1329;4.8216,2.0816,-1.9207;5.9871,2.0329,-2.7741;6.9943,3.1133,-2.3742;6.3560,4.5085,-2.3513;5.9909,5.0613,-3.7132;6.3647,4.4773,-4.9247;5.9889,5.0533,-6.1192;5.2392,6.2351,-6.0908;4.8715,6.8829,-7.2362;4.9084,6.8223,-4.9431;5.2829,6.2549,-3.8117;5.1360,4.4400,-1.4175;4.1607,3.3649,-1.8946;3.4741,-0.8423,2.2576;4.2448,0.7453,2.1190;4.7845,-0.5926,1.0942;1.9644,-1.6702,0.3330;3.3175,-1.4186,-0.7800;1.7595,-0.6417,-1.0935;1.1985,0.2427,1.8360;0.9727,1.2412,0.3921;1.9981,1.8165,1.7079;5.6586,2.1750,-3.8092;6.4293,1.0402,-2.6733;7.8529,3.0868,-3.0455;7.3577,2.8888,-1.3689;7.0818,5.2056,-1.9094;6.9594,3.5774,-4.9513;6.2705,4.6113,-7.0632;4.8402,6.3595,-8.0934;4.1973,7.6210,-7.1243;4.9952,6.8077,-2.9264;4.6217,5.3985,-1.3686;5.4755,4.1866,-0.4107;3.8203,3.6050,-2.9099;3.2965,3.3064,-1.2350;</g>
	</geometry>
	<conformers/>
	<properties/>
</molecule>
