<?xml version="1.0" ?>
<!--MOLLI PACKAGE EXPERIMENTAL XML FORMAT-->
<molecule name="nuc2349">
	<atoms>
		<a id="1" s="C" t="C.3" l="C"/>
		<a id="2" s="C" t="C.3" l="C"/>
		<a id="3" s="C" t="C.3" l="C"/>
		<a id="4" s="C" t="C.3" l="C"/>
		<a id="5" s="O" t="O.3" l="O"/>
		<a id="6" s="C" t="C.2" l="C"/>
		<a id="7" s="O" t="O.2" l="O"/>
		<a id="8" s="N" t="N.am" l="N"/>
		<a id="9" s="C" t="C.3" l="C"/>
		<a id="10" s="C" t="C.3" l="C"/>
		<a id="11" s="C" t="C.3" l="C"/>
		<a id="12" s="C" t="C.3" l="C"/>
		<a id="13" s="C" t="C.2" l="C"/>
		<a id="14" s="N" t="N.am" l="N"/>
		<a id="15" s="O" t="O.2" l="O"/>
		<a id="16" s="H" t="H" l="H"/>
		<a id="17" s="H" t="H" l="H"/>
		<a id="18" s="H" t="H" l="H"/>
		<a id="19" s="H" t="H" l="H"/>
		<a id="20" s="H" t="H" l="H"/>
		<a id="21" s="H" t="H" l="H"/>
		<a id="22" s="H" t="H" l="H"/>
		<a id="23" s="H" t="H" l="H"/>
		<a id="24" s="H" t="H" l="H"/>
		<a id="25" s="H" t="H" l="H"/>
		<a id="26" s="H" t="H" l="H"/>
		<a id="27" s="H" t="H" l="H"/>
		<a id="28" s="H" t="H" l="H"/>
		<a id="29" s="H" t="H" l="H"/>
		<a id="30" s="H" t="H" l="H"/>
		<a id="31" s="H" t="H" l="H"/>
		<a id="32" s="H" t="H" l="H"/>
		<a id="33" s="H" t="H" l="H"/>
	</atoms>
	<bonds>
		<b id="1" c="1 2" t="1"/>
		<b id="2" c="2 3" t="1"/>
		<b id="3" c="2 4" t="1"/>
		<b id="4" c="2 5" t="1"/>
		<b id="5" c="5 6" t="1"/>
		<b id="6" c="6 7" t="2"/>
		<b id="7" c="6 8" t="am"/>
		<b id="8" c="8 9" t="1"/>
		<b id="9" c="9 10" t="1"/>
		<b id="10" c="10 11" t="1"/>
		<b id="11" c="11 12" t="1"/>
		<b id="12" c="8 12" t="1"/>
		<b id="13" c="12 13" t="1"/>
		<b id="14" c="13 14" t="am"/>
		<b id="15" c="13 15" t="2"/>
		<b id="16" c="1 16" t="1"/>
		<b id="17" c="1 17" t="1"/>
		<b id="18" c="1 18" t="1"/>
		<b id="19" c="3 19" t="1"/>
		<b id="20" c="3 20" t="1"/>
		<b id="21" c="3 21" t="1"/>
		<b id="22" c="4 22" t="1"/>
		<b id="23" c="4 23" t="1"/>
		<b id="24" c="4 24" t="1"/>
		<b id="25" c="9 25" t="1"/>
		<b id="26" c="9 26" t="1"/>
		<b id="27" c="10 27" t="1"/>
		<b id="28" c="10 28" t="1"/>
		<b id="29" c="11 29" t="1"/>
		<b id="30" c="11 30" t="1"/>
		<b id="31" c="12 31" t="1"/>
		<b id="32" c="14 32" t="1"/>
		<b id="33" c="14 33" t="1"/>
	</bonds>
	<geometry>
		<g u="A" t="cart/3d">#33,3:3.5397,-1.8572,-0.0901;4.8790,-1.1481,0.1077;4.8515,-0.2639,1.3544;6.0199,-2.1623,0.1912;5.2062,-0.3556,-1.0579;4.4027,0.6452,-1.4560;3.3702,1.0016,-0.9352;4.9374,1.2637,-2.5376;4.2022,2.2650,-3.2898;4.7200,2.0905,-4.7142;6.1749,1.6800,-4.4906;6.1017,0.7741,-3.2517;7.3963,0.8567,-2.4391;7.4095,1.8400,-1.5141;8.3478,0.1482,-2.6685;3.3524,-2.5255,0.7456;3.5586,-2.4387,-1.0095;2.7353,-1.1293,-0.1501;4.6606,-0.8750,2.2319;4.0658,0.4817,1.2663;5.8082,0.2399,1.4770;5.8913,-2.7968,1.0629;6.9733,-1.6454,0.2606;6.0345,-2.7808,-0.7020;4.4314,3.2673,-2.9075;3.1300,2.0937,-3.1815;4.6277,3.0002,-5.3031;4.1769,1.2892,-5.2154;6.7830,2.5585,-4.2683;6.6111,1.1635,-5.3415;5.9664,-0.2763,-3.5380;6.5620,2.3191,-1.2638;8.2086,1.9182,-0.9073;</g>
	</geometry>
	<conformers/>
	<properties/>
</molecule>
