<?xml version="1.0" ?>
<!--MOLLI PACKAGE EXPERIMENTAL XML FORMAT-->
<molecule name="nuc2350">
	<atoms>
		<a id="1" s="C" t="C.3" l="C"/>
		<a id="2" s="C" t="C.ar" l="C"/>
		<a id="3" s="C" t="C.ar" l="C"/>
		<a id="4" s="C" t="C.ar" l="C"/>
		<a id="5" s="N" t="N.pl3" l="N"/>
		<a id="6" s="N" t="N.ar" l="N"/>
		<a id="7" s="C" t="C.ar" l="C"/>
		<a id="8" s="C" t="C.ar" l="C"/>
		<a id="9" s="N" t="N.pl3" l="N"/>
		<a id="10" s="C" t="C.3" l="C"/>
		<a id="11" s="C" t="C.3" l="C"/>
		<a id="12" s="N" t="N.am" l="N"/>
		<a id="13" s="C" t="C.2" l="C"/>
		<a id="14" s="O" t="O.2" l="O"/>
		<a id="15" s="O" t="O.3" l="O"/>
		<a id="16" s="C" t="C.3" l="C"/>
		<a id="17" s="C" t="C.3" l="C"/>
		<a id="18" s="C" t="C.3" l="C"/>
		<a id="19" s="C" t="C.3" l="C"/>
		<a id="20" s="C" t="C.3" l="C"/>
		<a id="21" s="C" t="C.3" l="C"/>
		<a id="22" s="H" t="H" l="H"/>
		<a id="23" s="H" t="H" l="H"/>
		<a id="24" s="H" t="H" l="H"/>
		<a id="25" s="H" t="H" l="H"/>
		<a id="26" s="H" t="H" l="H"/>
		<a id="27" s="H" t="H" l="H"/>
		<a id="28" s="H" t="H" l="H"/>
		<a id="29" s="H" t="H" l="H"/>
		<a id="30" s="H" t="H" l="H"/>
		<a id="31" s="H" t="H" l="H"/>
		<a id="32" s="H" t="H" l="H"/>
		<a id="33" s="H" t="H" l="H"/>
		<a id="34" s="H" t="H" l="H"/>
		<a id="35" s="H" t="H" l="H"/>
		<a id="36" s="H" t="H" l="H"/>
		<a id="37" s="H" t="H" l="H"/>
		<a id="38" s="H" t="H" l="H"/>
		<a id="39" s="H" t="H" l="H"/>
		<a id="40" s="H" t="H" l="H"/>
		<a id="41" s="H" t="H" l="H"/>
		<a id="42" s="H" t="H" l="H"/>
		<a id="43" s="H" t="H" l="H"/>
		<a id="44" s="H" t="H" l="H"/>
		<a id="45" s="H" t="H" l="H"/>
	</atoms>
	<bonds>
		<b id="1" c="1 2" t="1"/>
		<b id="2" c="2 3" t="ar"/>
		<b id="3" c="3 4" t="ar"/>
		<b id="4" c="4 5" t="1"/>
		<b id="5" c="4 6" t="ar"/>
		<b id="6" c="6 7" t="ar"/>
		<b id="7" c="7 8" t="ar"/>
		<b id="8" c="2 8" t="ar"/>
		<b id="9" c="8 9" t="1"/>
		<b id="10" c="9 10" t="1"/>
		<b id="11" c="10 11" t="1"/>
		<b id="12" c="11 12" t="1"/>
		<b id="13" c="12 13" t="am"/>
		<b id="14" c="13 14" t="2"/>
		<b id="15" c="13 15" t="1"/>
		<b id="16" c="15 16" t="1"/>
		<b id="17" c="16 17" t="1"/>
		<b id="18" c="16 18" t="1"/>
		<b id="19" c="16 19" t="1"/>
		<b id="20" c="12 20" t="1"/>
		<b id="21" c="20 21" t="1"/>
		<b id="22" c="9 21" t="1"/>
		<b id="23" c="1 22" t="1"/>
		<b id="24" c="1 23" t="1"/>
		<b id="25" c="1 24" t="1"/>
		<b id="26" c="3 25" t="1"/>
		<b id="27" c="5 26" t="1"/>
		<b id="28" c="5 27" t="1"/>
		<b id="29" c="7 28" t="1"/>
		<b id="30" c="10 29" t="1"/>
		<b id="31" c="10 30" t="1"/>
		<b id="32" c="11 31" t="1"/>
		<b id="33" c="11 32" t="1"/>
		<b id="34" c="17 33" t="1"/>
		<b id="35" c="17 34" t="1"/>
		<b id="36" c="17 35" t="1"/>
		<b id="37" c="18 36" t="1"/>
		<b id="38" c="18 37" t="1"/>
		<b id="39" c="18 38" t="1"/>
		<b id="40" c="19 39" t="1"/>
		<b id="41" c="19 40" t="1"/>
		<b id="42" c="19 41" t="1"/>
		<b id="43" c="20 42" t="1"/>
		<b id="44" c="20 43" t="1"/>
		<b id="45" c="21 44" t="1"/>
		<b id="46" c="21 45" t="1"/>
	</bonds>
	<geometry>
		<g u="A" t="cart/3d">#45,3:2.6515,-0.9885,2.4008;3.2230,-0.5576,1.0856;4.1101,0.4978,1.0212;4.5989,0.9195,-0.2206;5.5423,1.9109,-0.3183;4.2103,0.3535,-1.3582;3.3710,-0.6670,-1.2968;2.8502,-1.1859,-0.1182;1.9195,-2.2455,-0.0829;1.0826,-2.4453,-1.2462;-0.1425,-3.2590,-0.8153;0.2816,-4.5091,-0.2308;-0.1326,-5.7389,-0.6180;0.2521,-6.7587,-0.0895;-1.0103,-5.6632,-1.6366;-1.6439,-6.8619,-2.1417;-2.4612,-7.5315,-1.0370;-2.5647,-6.3506,-3.2514;-0.6027,-7.8235,-2.7134;1.2231,-4.3672,0.8566;2.4126,-3.5220,0.4029;2.5599,-0.1347,3.0688;3.2992,-1.7204,2.8837;1.6735,-1.4387,2.2517;4.4186,1.0092,1.9217;5.5955,2.5775,0.4331;5.6761,2.2770,-1.2466;3.0993,-1.0818,-2.2584;1.6060,-2.9896,-2.0505;0.7595,-1.4745,-1.6259;-0.7875,-3.4614,-1.6683;-0.7013,-2.6870,-0.0637;-3.1697,-6.8216,-0.6148;-1.8030,-7.8833,-0.2475;-3.0082,-8.3764,-1.4457;-3.2811,-5.6416,-2.8445;-3.1022,-7.1809,-3.6993;-1.9811,-5.8497,-4.0195;0.0570,-8.1709,-1.9234;-0.0083,-7.3221,-3.4744;-1.1020,-8.6782,-3.1612;1.5413,-5.3655,1.1591;0.7255,-3.8721,1.6996;2.9576,-4.0610,-0.3910;3.0945,-3.3612,1.2366;</g>
	</geometry>
	<conformers/>
	<properties/>
</molecule>
