<?xml version="1.0" ?>
<!--MOLLI PACKAGE EXPERIMENTAL XML FORMAT-->
<molecule name="nuc2198">
	<atoms>
		<a id="1" s="C" t="C.3" l="C"/>
		<a id="2" s="N" t="N.3" l="N"/>
		<a id="3" s="C" t="C.3" l="C"/>
		<a id="4" s="C" t="C.3" l="C"/>
		<a id="5" s="N" t="N.3" l="N"/>
		<a id="6" s="H" t="H" l="H"/>
		<a id="7" s="H" t="H" l="H"/>
		<a id="8" s="H" t="H" l="H"/>
		<a id="9" s="H" t="H" l="H"/>
		<a id="10" s="H" t="H" l="H"/>
		<a id="11" s="H" t="H" l="H"/>
		<a id="12" s="H" t="H" l="H"/>
		<a id="13" s="H" t="H" l="H"/>
		<a id="14" s="H" t="H" l="H"/>
		<a id="15" s="H" t="H" l="H"/>
	</atoms>
	<bonds>
		<b id="1" c="1 2" t="1"/>
		<b id="2" c="2 3" t="1"/>
		<b id="3" c="3 4" t="1"/>
		<b id="4" c="4 5" t="1"/>
		<b id="5" c="1 6" t="1"/>
		<b id="6" c="1 7" t="1"/>
		<b id="7" c="1 8" t="1"/>
		<b id="8" c="2 9" t="1"/>
		<b id="9" c="3 10" t="1"/>
		<b id="10" c="3 11" t="1"/>
		<b id="11" c="4 12" t="1"/>
		<b id="12" c="4 13" t="1"/>
		<b id="13" c="5 14" t="1"/>
		<b id="14" c="5 15" t="1"/>
	</bonds>
	<geometry>
		<g u="A" t="cart/3d">#15,3:0.9892,-0.0970,-0.0338;2.4372,-0.1159,-0.0336;2.9805,-1.4610,-0.1047;4.5053,-1.4356,-0.2037;5.0988,-1.0406,1.0669;0.6485,0.9330,0.0554;0.5415,-0.6904,0.7787;0.6360,-0.4998,-0.9838;2.7723,0.3301,0.8165;2.5768,-1.9275,-1.0086;2.6920,-2.0800,0.7614;4.7876,-0.7765,-1.0400;4.8556,-2.4469,-0.4275;4.8954,-0.0640,1.2560;6.1081,-1.1329,1.0226;</g>
	</geometry>
	<conformers/>
	<properties/>
</molecule>
