<?xml version="1.0" ?>
<!--MOLLI PACKAGE EXPERIMENTAL XML FORMAT-->
<molecule name="nuc2351">
	<atoms>
		<a id="1" s="N" t="N.pl3" l="N"/>
		<a id="2" s="C" t="C.ar" l="C"/>
		<a id="3" s="C" t="C.ar" l="C"/>
		<a id="4" s="C" t="C.ar" l="C"/>
		<a id="5" s="C" t="C.ar" l="C"/>
		<a id="6" s="N" t="N.am" l="N"/>
		<a id="7" s="C" t="C.2" l="C"/>
		<a id="8" s="O" t="O.2" l="O"/>
		<a id="9" s="C" t="C.3" l="C"/>
		<a id="10" s="N" t="N.3" l="N"/>
		<a id="11" s="C" t="C.3" l="C"/>
		<a id="12" s="C" t="C.3" l="C"/>
		<a id="13" s="C" t="C.3" l="C"/>
		<a id="14" s="C" t="C.3" l="C"/>
		<a id="15" s="C" t="C.ar" l="C"/>
		<a id="16" s="C" t="C.ar" l="C"/>
		<a id="17" s="H" t="H" l="H"/>
		<a id="18" s="H" t="H" l="H"/>
		<a id="19" s="H" t="H" l="H"/>
		<a id="20" s="H" t="H" l="H"/>
		<a id="21" s="H" t="H" l="H"/>
		<a id="22" s="H" t="H" l="H"/>
		<a id="23" s="H" t="H" l="H"/>
		<a id="24" s="H" t="H" l="H"/>
		<a id="25" s="H" t="H" l="H"/>
		<a id="26" s="H" t="H" l="H"/>
		<a id="27" s="H" t="H" l="H"/>
		<a id="28" s="H" t="H" l="H"/>
		<a id="29" s="H" t="H" l="H"/>
		<a id="30" s="H" t="H" l="H"/>
		<a id="31" s="H" t="H" l="H"/>
		<a id="32" s="H" t="H" l="H"/>
		<a id="33" s="H" t="H" l="H"/>
	</atoms>
	<bonds>
		<b id="1" c="1 2" t="1"/>
		<b id="2" c="2 3" t="ar"/>
		<b id="3" c="3 4" t="ar"/>
		<b id="4" c="4 5" t="ar"/>
		<b id="5" c="5 6" t="1"/>
		<b id="6" c="6 7" t="am"/>
		<b id="7" c="7 8" t="2"/>
		<b id="8" c="7 9" t="1"/>
		<b id="9" c="9 10" t="1"/>
		<b id="10" c="10 11" t="1"/>
		<b id="11" c="11 12" t="1"/>
		<b id="12" c="12 13" t="1"/>
		<b id="13" c="13 14" t="1"/>
		<b id="14" c="10 14" t="1"/>
		<b id="15" c="5 15" t="ar"/>
		<b id="16" c="15 16" t="ar"/>
		<b id="17" c="2 16" t="ar"/>
		<b id="18" c="1 17" t="1"/>
		<b id="19" c="1 18" t="1"/>
		<b id="20" c="3 19" t="1"/>
		<b id="21" c="4 20" t="1"/>
		<b id="22" c="6 21" t="1"/>
		<b id="23" c="9 22" t="1"/>
		<b id="24" c="9 23" t="1"/>
		<b id="25" c="11 24" t="1"/>
		<b id="26" c="11 25" t="1"/>
		<b id="27" c="12 26" t="1"/>
		<b id="28" c="12 27" t="1"/>
		<b id="29" c="13 28" t="1"/>
		<b id="30" c="13 29" t="1"/>
		<b id="31" c="14 30" t="1"/>
		<b id="32" c="14 31" t="1"/>
		<b id="33" c="15 32" t="1"/>
		<b id="34" c="16 33" t="1"/>
	</bonds>
	<geometry>
		<g u="A" t="cart/3d">#33,3:2.1571,-0.1474,-0.2256;0.7886,0.0049,-0.1147;0.2150,1.2732,-0.0272;-1.1541,1.4374,0.0102;-1.9918,0.3278,-0.0360;-3.3928,0.4243,-0.0088;-4.1725,1.5125,0.2388;-3.7455,2.6264,0.4677;-5.6725,1.2283,0.1180;-6.2407,1.7434,-1.1120;-5.6662,1.2352,-2.3595;-5.3653,2.4633,-3.2220;-6.3552,3.4915,-2.6833;-6.3183,3.1997,-1.1888;-1.4266,-0.9419,-0.1258;-0.0578,-1.1031,-0.1626;2.7165,0.6259,0.0957;2.5252,-1.0545,0.0107;0.8565,2.1416,0.0101;-1.5803,2.4231,0.0856;-3.8658,-0.4617,-0.1237;-6.1860,1.7246,0.9453;-5.8802,0.1548,0.1682;-6.4185,0.5986,-2.8429;-4.7681,0.6328,-2.1956;-5.4862,2.2657,-4.2855;-4.3446,2.8044,-3.0421;-7.3519,3.2955,-3.0800;-6.0746,4.5168,-2.9143;-7.2169,3.5374,-0.6654;-5.4433,3.6793,-0.7319;-2.0672,-1.8129,-0.1635;0.3669,-2.0944,-0.2302;</g>
	</geometry>
	<conformers/>
	<properties/>
</molecule>
