<?xml version="1.0" ?>
<!--MOLLI PACKAGE EXPERIMENTAL XML FORMAT-->
<molecule name="nuc2352">
	<atoms>
		<a id="1" s="C" t="C.3" l="C"/>
		<a id="2" s="C" t="C.3" l="C"/>
		<a id="3" s="C" t="C.3" l="C"/>
		<a id="4" s="C" t="C.3" l="C"/>
		<a id="5" s="O" t="O.3" l="O"/>
		<a id="6" s="C" t="C.2" l="C"/>
		<a id="7" s="O" t="O.2" l="O"/>
		<a id="8" s="N" t="N.am" l="N"/>
		<a id="9" s="C" t="C.3" l="C"/>
		<a id="10" s="C" t="C.3" l="C"/>
		<a id="11" s="C" t="C.3" l="C"/>
		<a id="12" s="C" t="C.3" l="C"/>
		<a id="13" s="C" t="C.3" l="C"/>
		<a id="14" s="N" t="N.pl3" l="N"/>
		<a id="15" s="C" t="C.ar" l="C"/>
		<a id="16" s="C" t="C.ar" l="C"/>
		<a id="17" s="C" t="C.ar" l="C"/>
		<a id="18" s="C" t="C.ar" l="C"/>
		<a id="19" s="N" t="N.pl3" l="N"/>
		<a id="20" s="N" t="N.ar" l="N"/>
		<a id="21" s="C" t="C.ar" l="C"/>
		<a id="22" s="C" t="C.3" l="C"/>
		<a id="23" s="H" t="H" l="H"/>
		<a id="24" s="H" t="H" l="H"/>
		<a id="25" s="H" t="H" l="H"/>
		<a id="26" s="H" t="H" l="H"/>
		<a id="27" s="H" t="H" l="H"/>
		<a id="28" s="H" t="H" l="H"/>
		<a id="29" s="H" t="H" l="H"/>
		<a id="30" s="H" t="H" l="H"/>
		<a id="31" s="H" t="H" l="H"/>
		<a id="32" s="H" t="H" l="H"/>
		<a id="33" s="H" t="H" l="H"/>
		<a id="34" s="H" t="H" l="H"/>
		<a id="35" s="H" t="H" l="H"/>
		<a id="36" s="H" t="H" l="H"/>
		<a id="37" s="H" t="H" l="H"/>
		<a id="38" s="H" t="H" l="H"/>
		<a id="39" s="H" t="H" l="H"/>
		<a id="40" s="H" t="H" l="H"/>
		<a id="41" s="H" t="H" l="H"/>
		<a id="42" s="H" t="H" l="H"/>
		<a id="43" s="H" t="H" l="H"/>
		<a id="44" s="H" t="H" l="H"/>
		<a id="45" s="H" t="H" l="H"/>
		<a id="46" s="H" t="H" l="H"/>
	</atoms>
	<bonds>
		<b id="1" c="1 2" t="1"/>
		<b id="2" c="2 3" t="1"/>
		<b id="3" c="2 4" t="1"/>
		<b id="4" c="2 5" t="1"/>
		<b id="5" c="5 6" t="1"/>
		<b id="6" c="6 7" t="2"/>
		<b id="7" c="6 8" t="am"/>
		<b id="8" c="8 9" t="1"/>
		<b id="9" c="9 10" t="1"/>
		<b id="10" c="10 11" t="1"/>
		<b id="11" c="11 12" t="1"/>
		<b id="12" c="8 12" t="1"/>
		<b id="13" c="12 13" t="1"/>
		<b id="14" c="13 14" t="1"/>
		<b id="15" c="14 15" t="1"/>
		<b id="16" c="15 16" t="ar"/>
		<b id="17" c="16 17" t="ar"/>
		<b id="18" c="17 18" t="ar"/>
		<b id="19" c="18 19" t="1"/>
		<b id="20" c="18 20" t="ar"/>
		<b id="21" c="20 21" t="ar"/>
		<b id="22" c="15 21" t="ar"/>
		<b id="23" c="14 22" t="1"/>
		<b id="24" c="9 22" t="1"/>
		<b id="25" c="1 23" t="1"/>
		<b id="26" c="1 24" t="1"/>
		<b id="27" c="1 25" t="1"/>
		<b id="28" c="3 26" t="1"/>
		<b id="29" c="3 27" t="1"/>
		<b id="30" c="3 28" t="1"/>
		<b id="31" c="4 29" t="1"/>
		<b id="32" c="4 30" t="1"/>
		<b id="33" c="4 31" t="1"/>
		<b id="34" c="9 32" t="1"/>
		<b id="35" c="10 33" t="1"/>
		<b id="36" c="10 34" t="1"/>
		<b id="37" c="11 35" t="1"/>
		<b id="38" c="11 36" t="1"/>
		<b id="39" c="12 37" t="1"/>
		<b id="40" c="13 38" t="1"/>
		<b id="41" c="13 39" t="1"/>
		<b id="42" c="16 40" t="1"/>
		<b id="43" c="17 41" t="1"/>
		<b id="44" c="19 42" t="1"/>
		<b id="45" c="19 43" t="1"/>
		<b id="46" c="21 44" t="1"/>
		<b id="47" c="22 45" t="1"/>
		<b id="48" c="22 46" t="1"/>
	</bonds>
	<geometry>
		<g u="A" t="cart/3d">#46,3:4.3197,-0.9001,1.4372;4.7283,0.4894,1.9258;3.5154,1.4123,2.0330;5.4454,0.3977,3.2739;5.7210,1.0582,1.0431;5.4374,1.2789,-0.2544;4.3764,1.0868,-0.8030;6.5441,1.6984,-0.9097;7.7989,2.1106,-0.3212;8.7907,1.9307,-1.4893;7.9035,1.8618,-2.7466;6.5449,2.3231,-2.2146;6.5397,3.8676,-1.9924;6.5186,4.2019,-0.5881;5.2995,4.3732,0.0698;4.0540,4.1415,-0.5293;2.8967,4.4161,0.1640;2.9863,4.9129,1.4675;1.8659,5.2647,2.1869;4.1617,5.1255,2.0512;5.2663,4.8803,1.3704;7.6261,3.5927,0.1200;3.6377,-1.3540,2.1507;5.1982,-1.5342,1.3347;3.8255,-0.8250,0.4725;2.8082,1.0049,2.7506;3.0296,1.5041,1.0655;3.8277,2.4008,2.3631;4.7797,-0.0244,4.0206;5.7568,1.3884,3.5946;6.3271,-0.2322,3.1868;8.0466,1.4858,0.5366;9.3659,1.0147,-1.3663;9.4918,2.7628,-1.5344;7.8293,0.8373,-3.1097;8.2662,2.4905,-3.5572;5.6916,1.9817,-2.7996;5.6989,4.3441,-2.4928;7.4591,4.2953,-2.4079;3.9768,3.7218,-1.5193;1.9312,4.2373,-0.2839;1.0140,4.7777,1.9620;2.0347,5.4093,3.1695;6.1778,5.1098,1.9069;7.4310,3.6263,1.1898;8.5420,4.1597,-0.0856;</g>
	</geometry>
	<conformers/>
	<properties/>
</molecule>
