<?xml version="1.0" ?>
<!--MOLLI PACKAGE EXPERIMENTAL XML FORMAT-->
<molecule name="nuc2353">
	<atoms>
		<a id="1" s="C" t="C.3" l="C"/>
		<a id="2" s="C" t="C.3" l="C"/>
		<a id="3" s="C" t="C.3" l="C"/>
		<a id="4" s="O" t="O.3" l="O"/>
		<a id="5" s="C" t="C.ar" l="C"/>
		<a id="6" s="C" t="C.ar" l="C"/>
		<a id="7" s="C" t="C.ar" l="C"/>
		<a id="8" s="C" t="C.2" l="C"/>
		<a id="9" s="O" t="O.2" l="O"/>
		<a id="10" s="N" t="N.am" l="N"/>
		<a id="11" s="C" t="C.3" l="C"/>
		<a id="12" s="C" t="C.3" l="C"/>
		<a id="13" s="N" t="N.3" l="N"/>
		<a id="14" s="C" t="C.3" l="C"/>
		<a id="15" s="C" t="C.3" l="C"/>
		<a id="16" s="C" t="C.3" l="C"/>
		<a id="17" s="C" t="C.ar" l="C"/>
		<a id="18" s="C" t="C.ar" l="C"/>
		<a id="19" s="C" t="C.ar" l="C"/>
		<a id="20" s="N" t="N.pl3" l="N"/>
		<a id="21" s="H" t="H" l="H"/>
		<a id="22" s="H" t="H" l="H"/>
		<a id="23" s="H" t="H" l="H"/>
		<a id="24" s="H" t="H" l="H"/>
		<a id="25" s="H" t="H" l="H"/>
		<a id="26" s="H" t="H" l="H"/>
		<a id="27" s="H" t="H" l="H"/>
		<a id="28" s="H" t="H" l="H"/>
		<a id="29" s="H" t="H" l="H"/>
		<a id="30" s="H" t="H" l="H"/>
		<a id="31" s="H" t="H" l="H"/>
		<a id="32" s="H" t="H" l="H"/>
		<a id="33" s="H" t="H" l="H"/>
		<a id="34" s="H" t="H" l="H"/>
		<a id="35" s="H" t="H" l="H"/>
		<a id="36" s="H" t="H" l="H"/>
		<a id="37" s="H" t="H" l="H"/>
		<a id="38" s="H" t="H" l="H"/>
		<a id="39" s="H" t="H" l="H"/>
		<a id="40" s="H" t="H" l="H"/>
		<a id="41" s="H" t="H" l="H"/>
		<a id="42" s="H" t="H" l="H"/>
		<a id="43" s="H" t="H" l="H"/>
	</atoms>
	<bonds>
		<b id="1" c="1 2" t="1"/>
		<b id="2" c="2 3" t="1"/>
		<b id="3" c="2 4" t="1"/>
		<b id="4" c="4 5" t="1"/>
		<b id="5" c="5 6" t="ar"/>
		<b id="6" c="6 7" t="ar"/>
		<b id="7" c="7 8" t="1"/>
		<b id="8" c="8 9" t="2"/>
		<b id="9" c="8 10" t="am"/>
		<b id="10" c="10 11" t="1"/>
		<b id="11" c="11 12" t="1"/>
		<b id="12" c="12 13" t="1"/>
		<b id="13" c="13 14" t="1"/>
		<b id="14" c="13 15" t="1"/>
		<b id="15" c="15 16" t="1"/>
		<b id="16" c="10 16" t="1"/>
		<b id="17" c="7 17" t="ar"/>
		<b id="18" c="17 18" t="ar"/>
		<b id="19" c="18 19" t="ar"/>
		<b id="20" c="5 19" t="ar"/>
		<b id="21" c="19 20" t="1"/>
		<b id="22" c="1 21" t="1"/>
		<b id="23" c="1 22" t="1"/>
		<b id="24" c="1 23" t="1"/>
		<b id="25" c="2 24" t="1"/>
		<b id="26" c="3 25" t="1"/>
		<b id="27" c="3 26" t="1"/>
		<b id="28" c="3 27" t="1"/>
		<b id="29" c="6 28" t="1"/>
		<b id="30" c="11 29" t="1"/>
		<b id="31" c="11 30" t="1"/>
		<b id="32" c="12 31" t="1"/>
		<b id="33" c="12 32" t="1"/>
		<b id="34" c="14 33" t="1"/>
		<b id="35" c="14 34" t="1"/>
		<b id="36" c="14 35" t="1"/>
		<b id="37" c="15 36" t="1"/>
		<b id="38" c="15 37" t="1"/>
		<b id="39" c="16 38" t="1"/>
		<b id="40" c="16 39" t="1"/>
		<b id="41" c="17 40" t="1"/>
		<b id="42" c="18 41" t="1"/>
		<b id="43" c="20 42" t="1"/>
		<b id="44" c="20 43" t="1"/>
	</bonds>
	<geometry>
		<g u="A" t="cart/3d">#43,3:2.5117,-0.2023,-0.7377;2.8190,-0.0437,0.7505;1.5513,0.2284,1.5523;3.3922,-1.2367,1.2896;4.7024,-1.4786,0.9180;4.9949,-2.3660,-0.1005;6.3131,-2.6319,-0.4571;6.5817,-3.6617,-1.5045;6.1465,-4.7965,-1.4007;7.3270,-3.2814,-2.5710;7.7342,-4.2640,-3.5547;9.2668,-4.2711,-3.6517;9.8295,-2.9646,-3.9410;9.7005,-2.5552,-5.3229;9.3489,-1.9895,-2.9826;7.8136,-1.9556,-2.8668;7.3410,-2.0197,0.2514;7.0579,-1.1505,1.2862;5.7418,-0.8600,1.6370;5.4380,0.0450,2.6346;2.0550,0.7064,-1.1207;1.8279,-1.0345,-0.8870;3.4261,-0.3965,-1.2943;3.5294,0.7882,0.8822;0.8689,-0.6109,1.4493;1.0670,1.1313,1.1916;1.7880,0.3513,2.6061;4.1890,-2.8668,-0.6144;7.2899,-4.0162,-4.5261;7.3599,-5.2358,-3.2306;9.5897,-4.9737,-4.4215;9.6768,-4.5976,-2.6906;10.1731,-3.3088,-5.9517;10.2329,-1.6140,-5.4568;8.6658,-2.4190,-5.6663;9.7232,-1.0027,-3.2612;9.7706,-2.2575,-2.0085;7.3828,-1.6289,-3.8230;7.5021,-1.2558,-2.0923;8.3703,-2.2482,0.0166;7.8618,-0.6933,1.8456;6.1626,0.2049,3.3169;4.5171,-0.0794,3.0297;</g>
	</geometry>
	<conformers/>
	<properties/>
</molecule>
