<?xml version="1.0" ?>
<!--MOLLI PACKAGE EXPERIMENTAL XML FORMAT-->
<molecule name="nuc2358">
	<atoms>
		<a id="1" s="C" t="C.3" l="C"/>
		<a id="2" s="S" t="S.O2" l="S"/>
		<a id="3" s="O" t="O.2" l="O"/>
		<a id="4" s="O" t="O.2" l="O"/>
		<a id="5" s="N" t="N.3" l="N"/>
		<a id="6" s="C" t="C.3" l="C"/>
		<a id="7" s="C" t="C.3" l="C"/>
		<a id="8" s="N" t="N.ar" l="N"/>
		<a id="9" s="N" t="N.ar" l="N"/>
		<a id="10" s="C" t="C.ar" l="C"/>
		<a id="11" s="C" t="C.ar" l="C"/>
		<a id="12" s="N" t="N.pl3" l="N"/>
		<a id="13" s="C" t="C.ar" l="C"/>
		<a id="14" s="C" t="C.3" l="C"/>
		<a id="15" s="H" t="H" l="H"/>
		<a id="16" s="H" t="H" l="H"/>
		<a id="17" s="H" t="H" l="H"/>
		<a id="18" s="H" t="H" l="H"/>
		<a id="19" s="H" t="H" l="H"/>
		<a id="20" s="H" t="H" l="H"/>
		<a id="21" s="H" t="H" l="H"/>
		<a id="22" s="H" t="H" l="H"/>
		<a id="23" s="H" t="H" l="H"/>
		<a id="24" s="H" t="H" l="H"/>
		<a id="25" s="H" t="H" l="H"/>
		<a id="26" s="H" t="H" l="H"/>
	</atoms>
	<bonds>
		<b id="1" c="1 2" t="1"/>
		<b id="2" c="2 3" t="2"/>
		<b id="3" c="2 4" t="2"/>
		<b id="4" c="2 5" t="1"/>
		<b id="5" c="5 6" t="1"/>
		<b id="6" c="6 7" t="1"/>
		<b id="7" c="7 8" t="1"/>
		<b id="8" c="8 9" t="ar"/>
		<b id="9" c="9 10" t="ar"/>
		<b id="10" c="10 11" t="ar"/>
		<b id="11" c="11 12" t="1"/>
		<b id="12" c="11 13" t="ar"/>
		<b id="13" c="8 13" t="ar"/>
		<b id="14" c="13 14" t="1"/>
		<b id="15" c="5 14" t="1"/>
		<b id="16" c="1 15" t="1"/>
		<b id="17" c="1 16" t="1"/>
		<b id="18" c="1 17" t="1"/>
		<b id="19" c="6 18" t="1"/>
		<b id="20" c="6 19" t="1"/>
		<b id="21" c="7 20" t="1"/>
		<b id="22" c="7 21" t="1"/>
		<b id="23" c="10 22" t="1"/>
		<b id="24" c="12 23" t="1"/>
		<b id="25" c="12 24" t="1"/>
		<b id="26" c="14 25" t="1"/>
		<b id="27" c="14 26" t="1"/>
	</bonds>
	<geometry>
		<g u="A" t="cart/3d">#26,3:1.2752,-0.3614,-0.4832;2.8510,0.2401,0.1927;2.6835,0.4296,1.6008;3.8949,-0.6139,-0.2838;3.0942,1.7314,-0.4750;2.3095,2.8420,0.0009;3.1860,4.0953,-0.0336;3.7648,4.2025,-1.3446;4.2404,5.3378,-1.8304;4.7512,5.0458,-3.0144;4.6081,3.6768,-3.3036;4.9402,3.0100,-4.4808;3.9660,3.1589,-2.1898;3.4613,1.7922,-1.8679;1.1294,-1.3633,-0.1026;1.3454,-0.3764,-1.5624;0.4866,0.2940,-0.1389;2.0110,2.6087,1.0224;1.4166,2.9945,-0.6244;3.9818,4.0053,0.7148;2.6096,5.0003,0.1713;5.1961,5.8100,-3.6190;5.6669,3.4797,-5.0024;5.1563,2.0327,-4.3398;4.2287,1.0305,-2.0307;2.6006,1.5590,-2.5223;</g>
	</geometry>
	<conformers/>
	<properties/>
</molecule>
