<?xml version="1.0" ?>
<!--MOLLI PACKAGE EXPERIMENTAL XML FORMAT-->
<molecule name="nuc2359">
	<atoms>
		<a id="1" s="N" t="N.pl3" l="N"/>
		<a id="2" s="C" t="C.ar" l="C"/>
		<a id="3" s="C" t="C.ar" l="C"/>
		<a id="4" s="N" t="N.ar" l="N"/>
		<a id="5" s="N" t="N.ar" l="N"/>
		<a id="6" s="C" t="C.ar" l="C"/>
		<a id="7" s="C" t="C.3" l="C"/>
		<a id="8" s="O" t="O.3" l="O"/>
		<a id="9" s="C" t="C.3" l="C"/>
		<a id="10" s="C" t="C.3" l="C"/>
		<a id="11" s="C" t="C.3" l="C"/>
		<a id="12" s="H" t="H" l="H"/>
		<a id="13" s="H" t="H" l="H"/>
		<a id="14" s="H" t="H" l="H"/>
		<a id="15" s="H" t="H" l="H"/>
		<a id="16" s="H" t="H" l="H"/>
		<a id="17" s="H" t="H" l="H"/>
		<a id="18" s="H" t="H" l="H"/>
		<a id="19" s="H" t="H" l="H"/>
		<a id="20" s="H" t="H" l="H"/>
		<a id="21" s="H" t="H" l="H"/>
		<a id="22" s="H" t="H" l="H"/>
	</atoms>
	<bonds>
		<b id="1" c="1 2" t="1"/>
		<b id="2" c="2 3" t="ar"/>
		<b id="3" c="3 4" t="ar"/>
		<b id="4" c="4 5" t="ar"/>
		<b id="5" c="5 6" t="ar"/>
		<b id="6" c="2 6" t="ar"/>
		<b id="7" c="6 7" t="1"/>
		<b id="8" c="7 8" t="1"/>
		<b id="9" c="7 9" t="1"/>
		<b id="10" c="9 10" t="1"/>
		<b id="11" c="10 11" t="1"/>
		<b id="12" c="5 11" t="1"/>
		<b id="13" c="1 12" t="1"/>
		<b id="14" c="1 13" t="1"/>
		<b id="15" c="3 14" t="1"/>
		<b id="16" c="7 15" t="1"/>
		<b id="17" c="8 16" t="1"/>
		<b id="18" c="9 17" t="1"/>
		<b id="19" c="9 18" t="1"/>
		<b id="20" c="10 19" t="1"/>
		<b id="21" c="10 20" t="1"/>
		<b id="22" c="11 21" t="1"/>
		<b id="23" c="11 22" t="1"/>
	</bonds>
	<geometry>
		<g u="A" t="cart/3d">#22,3:0.9466,-0.0652,0.1824;2.3310,-0.0138,0.0732;3.2422,-1.0820,0.0218;4.4900,-0.6412,-0.0045;4.4163,0.6796,0.0231;3.1319,1.1200,0.0850;2.7685,2.5697,0.0665;2.1138,2.9170,-1.1467;4.0131,3.4359,0.3147;5.2206,2.9043,-0.4567;5.5845,1.5146,0.0576;0.5458,-0.9127,-0.1924;0.4905,0.7623,-0.1756;3.0364,-2.1333,-0.0009;2.0141,2.7752,0.8354;2.7132,2.7389,-1.8812;4.2379,3.4352,1.3827;3.7865,4.4599,0.0131;6.0725,3.5731,-0.3300;4.9920,2.8531,-1.5246;5.9556,1.5827,1.0888;6.3598,1.0429,-0.5517;</g>
	</geometry>
	<conformers/>
	<properties/>
</molecule>
