<?xml version="1.0" ?>
<!--MOLLI PACKAGE EXPERIMENTAL XML FORMAT-->
<molecule name="nuc2361">
	<atoms>
		<a id="1" s="C" t="C.3" l="C"/>
		<a id="2" s="C" t="C.3" l="C"/>
		<a id="3" s="C" t="C.3" l="C"/>
		<a id="4" s="C" t="C.3" l="C"/>
		<a id="5" s="C" t="C.ar" l="C"/>
		<a id="6" s="N" t="N.ar" l="N"/>
		<a id="7" s="N" t="N.ar" l="N"/>
		<a id="8" s="C" t="C.ar" l="C"/>
		<a id="9" s="N" t="N.pl3" l="N"/>
		<a id="10" s="O" t="O.2" l="O"/>
		<a id="11" s="H" t="H" l="H"/>
		<a id="12" s="H" t="H" l="H"/>
		<a id="13" s="H" t="H" l="H"/>
		<a id="14" s="H" t="H" l="H"/>
		<a id="15" s="H" t="H" l="H"/>
		<a id="16" s="H" t="H" l="H"/>
		<a id="17" s="H" t="H" l="H"/>
		<a id="18" s="H" t="H" l="H"/>
		<a id="19" s="H" t="H" l="H"/>
		<a id="20" s="H" t="H" l="H"/>
		<a id="21" s="H" t="H" l="H"/>
	</atoms>
	<bonds>
		<b id="1" c="1 2" t="1"/>
		<b id="2" c="2 3" t="1"/>
		<b id="3" c="2 4" t="1"/>
		<b id="4" c="2 5" t="1"/>
		<b id="5" c="5 6" t="ar"/>
		<b id="6" c="6 7" t="ar"/>
		<b id="7" c="7 8" t="ar"/>
		<b id="8" c="8 9" t="1"/>
		<b id="9" c="8 10" t="ar"/>
		<b id="10" c="5 10" t="ar"/>
		<b id="11" c="1 11" t="1"/>
		<b id="12" c="1 12" t="1"/>
		<b id="13" c="1 13" t="1"/>
		<b id="14" c="3 14" t="1"/>
		<b id="15" c="3 15" t="1"/>
		<b id="16" c="3 16" t="1"/>
		<b id="17" c="4 17" t="1"/>
		<b id="18" c="4 18" t="1"/>
		<b id="19" c="4 19" t="1"/>
		<b id="20" c="9 20" t="1"/>
		<b id="21" c="9 21" t="1"/>
	</bonds>
	<geometry>
		<g u="A" t="cart/3d">#21,3:1.0414,-0.0320,0.1189;2.5687,-0.0219,0.0883;3.1041,-1.3787,-0.3847;3.0781,1.0909,-0.8358;3.0772,0.2389,1.4656;2.4032,0.4547,2.5368;3.2846,0.6449,3.5519;4.4654,0.5363,3.0307;5.6589,0.7229,3.6467;4.4263,0.2727,1.7047;0.6516,-0.2143,-0.8796;0.6664,0.9206,0.4806;0.6829,-0.8080,0.7888;2.7546,-1.5820,-1.3942;2.7541,-2.1739,0.2701;4.1920,-1.3815,-0.3860;2.7276,0.9180,-1.8506;4.1657,1.1152,-0.8418;2.7104,2.0584,-0.5012;5.6212,0.6799,4.6511;6.4584,0.2966,3.2078;</g>
	</geometry>
	<conformers/>
	<properties/>
</molecule>
