<?xml version="1.0" ?>
<!--MOLLI PACKAGE EXPERIMENTAL XML FORMAT-->
<molecule name="nuc2364">
	<atoms>
		<a id="1" s="C" t="C.3" l="C"/>
		<a id="2" s="C" t="C.3" l="C"/>
		<a id="3" s="C" t="C.3" l="C"/>
		<a id="4" s="C" t="C.3" l="C"/>
		<a id="5" s="O" t="O.3" l="O"/>
		<a id="6" s="C" t="C.2" l="C"/>
		<a id="7" s="O" t="O.2" l="O"/>
		<a id="8" s="N" t="N.am" l="N"/>
		<a id="9" s="C" t="C.3" l="C"/>
		<a id="10" s="C" t="C.3" l="C"/>
		<a id="11" s="C" t="C.3" l="C"/>
		<a id="12" s="C" t="C.3" l="C"/>
		<a id="13" s="C" t="C.2" l="C"/>
		<a id="14" s="O" t="O.2" l="O"/>
		<a id="15" s="N" t="N.am" l="N"/>
		<a id="16" s="C" t="C.ar" l="C"/>
		<a id="17" s="C" t="C.ar" l="C"/>
		<a id="18" s="C" t="C.ar" l="C"/>
		<a id="19" s="C" t="C.ar" l="C"/>
		<a id="20" s="N" t="N.pl3" l="N"/>
		<a id="21" s="C" t="C.ar" l="C"/>
		<a id="22" s="C" t="C.ar" l="C"/>
		<a id="23" s="H" t="H" l="H"/>
		<a id="24" s="H" t="H" l="H"/>
		<a id="25" s="H" t="H" l="H"/>
		<a id="26" s="H" t="H" l="H"/>
		<a id="27" s="H" t="H" l="H"/>
		<a id="28" s="H" t="H" l="H"/>
		<a id="29" s="H" t="H" l="H"/>
		<a id="30" s="H" t="H" l="H"/>
		<a id="31" s="H" t="H" l="H"/>
		<a id="32" s="H" t="H" l="H"/>
		<a id="33" s="H" t="H" l="H"/>
		<a id="34" s="H" t="H" l="H"/>
		<a id="35" s="H" t="H" l="H"/>
		<a id="36" s="H" t="H" l="H"/>
		<a id="37" s="H" t="H" l="H"/>
		<a id="38" s="H" t="H" l="H"/>
		<a id="39" s="H" t="H" l="H"/>
		<a id="40" s="H" t="H" l="H"/>
		<a id="41" s="H" t="H" l="H"/>
		<a id="42" s="H" t="H" l="H"/>
		<a id="43" s="H" t="H" l="H"/>
		<a id="44" s="H" t="H" l="H"/>
		<a id="45" s="H" t="H" l="H"/>
		<a id="46" s="H" t="H" l="H"/>
		<a id="47" s="H" t="H" l="H"/>
	</atoms>
	<bonds>
		<b id="1" c="1 2" t="1"/>
		<b id="2" c="2 3" t="1"/>
		<b id="3" c="2 4" t="1"/>
		<b id="4" c="2 5" t="1"/>
		<b id="5" c="5 6" t="1"/>
		<b id="6" c="6 7" t="2"/>
		<b id="7" c="6 8" t="am"/>
		<b id="8" c="8 9" t="1"/>
		<b id="9" c="9 10" t="1"/>
		<b id="10" c="10 11" t="1"/>
		<b id="11" c="11 12" t="1"/>
		<b id="12" c="12 13" t="1"/>
		<b id="13" c="13 14" t="2"/>
		<b id="14" c="13 15" t="am"/>
		<b id="15" c="15 16" t="1"/>
		<b id="16" c="16 17" t="ar"/>
		<b id="17" c="17 18" t="ar"/>
		<b id="18" c="18 19" t="ar"/>
		<b id="19" c="19 20" t="1"/>
		<b id="20" c="19 21" t="ar"/>
		<b id="21" c="21 22" t="ar"/>
		<b id="22" c="16 22" t="ar"/>
		<b id="23" c="1 23" t="1"/>
		<b id="24" c="1 24" t="1"/>
		<b id="25" c="1 25" t="1"/>
		<b id="26" c="3 26" t="1"/>
		<b id="27" c="3 27" t="1"/>
		<b id="28" c="3 28" t="1"/>
		<b id="29" c="4 29" t="1"/>
		<b id="30" c="4 30" t="1"/>
		<b id="31" c="4 31" t="1"/>
		<b id="32" c="8 32" t="1"/>
		<b id="33" c="9 33" t="1"/>
		<b id="34" c="9 34" t="1"/>
		<b id="35" c="10 35" t="1"/>
		<b id="36" c="10 36" t="1"/>
		<b id="37" c="11 37" t="1"/>
		<b id="38" c="11 38" t="1"/>
		<b id="39" c="12 39" t="1"/>
		<b id="40" c="12 40" t="1"/>
		<b id="41" c="15 41" t="1"/>
		<b id="42" c="17 42" t="1"/>
		<b id="43" c="18 43" t="1"/>
		<b id="44" c="20 44" t="1"/>
		<b id="45" c="20 45" t="1"/>
		<b id="46" c="21 46" t="1"/>
		<b id="47" c="22 47" t="1"/>
	</bonds>
	<geometry>
		<g u="A" t="cart/3d">#47,3:2.3196,-2.8629,3.7571;2.3123,-2.1195,2.4211;2.7169,-3.0472,1.2761;0.9351,-1.5100,2.1552;3.1971,-0.9753,2.4821;4.5161,-1.1423,2.6922;5.0931,-2.1889,2.8613;5.1298,0.0684,2.6539;6.5073,0.2266,3.0557;6.6504,0.4403,4.5655;8.1124,0.5837,4.9790;8.2510,0.7117,6.4985;9.7115,0.8661,6.9035;10.1813,1.9259,7.2561;10.4018,-0.3003,6.8071;11.7554,-0.5563,7.0746;12.6203,0.4017,7.5940;13.9387,0.0812,7.8428;14.4332,-1.1971,7.5835;15.7339,-1.5327,7.9080;13.5614,-2.1509,7.0581;12.2425,-1.8339,6.8103;1.5962,-3.6728,3.7301;2.0583,-2.1824,4.5649;3.3061,-3.2756,3.9487;1.9951,-3.8543,1.1868;3.6996,-3.4696,1.4661;2.7469,-2.4937,0.3400;0.1859,-2.2943,2.1041;0.9442,-0.9648,1.2151;0.6729,-0.8192,2.9522;4.5340,0.8806,2.6382;6.9357,1.0693,2.5079;7.0264,-0.6898,2.7651;6.2069,-0.4173,5.0759;6.0955,1.3335,4.8618;8.5429,1.4685,4.5056;8.6698,-0.2863,4.6238;7.8194,-0.1648,6.9870;7.7168,1.5989,6.8402;9.8873,-1.1081,6.4845;12.2538,1.3935,7.7968;14.6021,0.8311,8.2488;16.3781,-0.7647,8.0056;16.1154,-2.3391,7.4405;13.9257,-3.1463,6.8478;11.5810,-2.5867,6.4030;</g>
	</geometry>
	<conformers/>
	<properties/>
</molecule>
