<?xml version="1.0" ?>
<!--MOLLI PACKAGE EXPERIMENTAL XML FORMAT-->
<molecule name="nuc2365">
	<atoms>
		<a id="1" s="C" t="C.3" l="C"/>
		<a id="2" s="C" t="C.3" l="C"/>
		<a id="3" s="C" t="C.3" l="C"/>
		<a id="4" s="C" t="C.2" l="C"/>
		<a id="5" s="N" t="N.am" l="N"/>
		<a id="6" s="O" t="O.2" l="O"/>
		<a id="7" s="H" t="H" l="H"/>
		<a id="8" s="H" t="H" l="H"/>
		<a id="9" s="H" t="H" l="H"/>
		<a id="10" s="H" t="H" l="H"/>
		<a id="11" s="H" t="H" l="H"/>
		<a id="12" s="H" t="H" l="H"/>
		<a id="13" s="H" t="H" l="H"/>
		<a id="14" s="H" t="H" l="H"/>
		<a id="15" s="H" t="H" l="H"/>
	</atoms>
	<bonds>
		<b id="1" c="1 2" t="1"/>
		<b id="2" c="2 3" t="1"/>
		<b id="3" c="3 4" t="1"/>
		<b id="4" c="4 5" t="am"/>
		<b id="5" c="4 6" t="2"/>
		<b id="6" c="1 7" t="1"/>
		<b id="7" c="1 8" t="1"/>
		<b id="8" c="1 9" t="1"/>
		<b id="9" c="2 10" t="1"/>
		<b id="10" c="2 11" t="1"/>
		<b id="11" c="3 12" t="1"/>
		<b id="12" c="3 13" t="1"/>
		<b id="13" c="5 14" t="1"/>
		<b id="14" c="5 15" t="1"/>
	</bonds>
	<geometry>
		<g u="A" t="cart/3d">#15,3:1.0558,0.0876,-0.0057;2.5780,0.0547,-0.0087;3.1744,1.4534,0.1185;4.6937,1.4198,0.1154;5.2630,2.6470,0.2270;5.3562,0.4136,0.0239;0.6544,-0.9185,-0.0971;0.6824,0.6817,-0.8376;0.6824,0.5219,0.9198;2.9396,-0.3999,-0.9321;2.9396,-0.5589,0.8177;2.8405,1.9216,1.0482;2.8404,2.0816,-0.7115;4.7204,3.4878,0.3035;6.2668,2.7174,0.2335;</g>
	</geometry>
	<conformers/>
	<properties/>
</molecule>
