<?xml version="1.0" ?>
<!--MOLLI PACKAGE EXPERIMENTAL XML FORMAT-->
<molecule name="nuc2371">
	<atoms>
		<a id="1" s="C" t="C.3" l="C"/>
		<a id="2" s="C" t="C.3" l="C"/>
		<a id="3" s="C" t="C.3" l="C"/>
		<a id="4" s="C" t="C.3" l="C"/>
		<a id="5" s="O" t="O.3" l="O"/>
		<a id="6" s="C" t="C.2" l="C"/>
		<a id="7" s="O" t="O.2" l="O"/>
		<a id="8" s="N" t="N.am" l="N"/>
		<a id="9" s="C" t="C.3" l="C"/>
		<a id="10" s="C" t="C.3" l="C"/>
		<a id="11" s="C" t="C.3" l="C"/>
		<a id="12" s="N" t="N.3" l="N"/>
		<a id="13" s="C" t="C.3" l="C"/>
		<a id="14" s="C" t="C.ar" l="C"/>
		<a id="15" s="C" t="C.ar" l="C"/>
		<a id="16" s="C" t="C.ar" l="C"/>
		<a id="17" s="C" t="C.ar" l="C"/>
		<a id="18" s="N" t="N.pl3" l="N"/>
		<a id="19" s="C" t="C.ar" l="C"/>
		<a id="20" s="C" t="C.ar" l="C"/>
		<a id="21" s="C" t="C.3" l="C"/>
		<a id="22" s="C" t="C.3" l="C"/>
		<a id="23" s="H" t="H" l="H"/>
		<a id="24" s="H" t="H" l="H"/>
		<a id="25" s="H" t="H" l="H"/>
		<a id="26" s="H" t="H" l="H"/>
		<a id="27" s="H" t="H" l="H"/>
		<a id="28" s="H" t="H" l="H"/>
		<a id="29" s="H" t="H" l="H"/>
		<a id="30" s="H" t="H" l="H"/>
		<a id="31" s="H" t="H" l="H"/>
		<a id="32" s="H" t="H" l="H"/>
		<a id="33" s="H" t="H" l="H"/>
		<a id="34" s="H" t="H" l="H"/>
		<a id="35" s="H" t="H" l="H"/>
		<a id="36" s="H" t="H" l="H"/>
		<a id="37" s="H" t="H" l="H"/>
		<a id="38" s="H" t="H" l="H"/>
		<a id="39" s="H" t="H" l="H"/>
		<a id="40" s="H" t="H" l="H"/>
		<a id="41" s="H" t="H" l="H"/>
		<a id="42" s="H" t="H" l="H"/>
		<a id="43" s="H" t="H" l="H"/>
		<a id="44" s="H" t="H" l="H"/>
		<a id="45" s="H" t="H" l="H"/>
		<a id="46" s="H" t="H" l="H"/>
		<a id="47" s="H" t="H" l="H"/>
		<a id="48" s="H" t="H" l="H"/>
		<a id="49" s="H" t="H" l="H"/>
	</atoms>
	<bonds>
		<b id="1" c="1 2" t="1"/>
		<b id="2" c="2 3" t="1"/>
		<b id="3" c="2 4" t="1"/>
		<b id="4" c="2 5" t="1"/>
		<b id="5" c="5 6" t="1"/>
		<b id="6" c="6 7" t="2"/>
		<b id="7" c="6 8" t="am"/>
		<b id="8" c="8 9" t="1"/>
		<b id="9" c="9 10" t="1"/>
		<b id="10" c="10 11" t="1"/>
		<b id="11" c="11 12" t="1"/>
		<b id="12" c="12 13" t="1"/>
		<b id="13" c="13 14" t="1"/>
		<b id="14" c="14 15" t="ar"/>
		<b id="15" c="15 16" t="ar"/>
		<b id="16" c="16 17" t="ar"/>
		<b id="17" c="17 18" t="1"/>
		<b id="18" c="17 19" t="ar"/>
		<b id="19" c="19 20" t="ar"/>
		<b id="20" c="14 20" t="ar"/>
		<b id="21" c="12 21" t="1"/>
		<b id="22" c="21 22" t="1"/>
		<b id="23" c="8 22" t="1"/>
		<b id="24" c="1 23" t="1"/>
		<b id="25" c="1 24" t="1"/>
		<b id="26" c="1 25" t="1"/>
		<b id="27" c="3 26" t="1"/>
		<b id="28" c="3 27" t="1"/>
		<b id="29" c="3 28" t="1"/>
		<b id="30" c="4 29" t="1"/>
		<b id="31" c="4 30" t="1"/>
		<b id="32" c="4 31" t="1"/>
		<b id="33" c="9 32" t="1"/>
		<b id="34" c="9 33" t="1"/>
		<b id="35" c="10 34" t="1"/>
		<b id="36" c="10 35" t="1"/>
		<b id="37" c="11 36" t="1"/>
		<b id="38" c="11 37" t="1"/>
		<b id="39" c="13 38" t="1"/>
		<b id="40" c="13 39" t="1"/>
		<b id="41" c="15 40" t="1"/>
		<b id="42" c="16 41" t="1"/>
		<b id="43" c="18 42" t="1"/>
		<b id="44" c="18 43" t="1"/>
		<b id="45" c="19 44" t="1"/>
		<b id="46" c="20 45" t="1"/>
		<b id="47" c="21 46" t="1"/>
		<b id="48" c="21 47" t="1"/>
		<b id="49" c="22 48" t="1"/>
		<b id="50" c="22 49" t="1"/>
	</bonds>
	<geometry>
		<g u="A" t="cart/3d">#49,3:4.6798,-0.8690,1.6290;3.4657,-0.2892,0.9031;3.3182,-0.9002,-0.4907;2.1945,-0.5189,1.7232;3.5663,1.1494,0.8121;4.5760,1.7152,0.1223;5.4965,1.1225,-0.3971;4.4263,3.0604,0.0507;3.3534,3.7725,0.7029;3.6496,4.1609,2.1625;5.1457,4.3417,2.4956;5.9631,5.1052,1.5804;5.4654,6.4281,1.2538;5.3435,7.2837,2.4865;6.4205,7.4086,3.3567;6.3379,8.2062,4.4781;5.1674,8.9118,4.7621;5.0593,9.6631,5.9176;4.0862,8.7843,3.8922;4.1772,7.9774,2.7746;6.4974,4.3519,0.4730;5.4743,3.8456,-0.5624;4.5526,-1.9406,1.7564;4.7864,-0.4060,2.6080;5.5812,-0.6843,1.0515;3.1537,-1.9708,-0.4070;4.2192,-0.7242,-1.0718;2.4723,-0.4514,-1.0078;2.0245,-1.5834,1.8542;1.3383,-0.0824,1.2153;2.2917,-0.0514,2.6996;2.4561,3.1512,0.6685;3.1637,4.6714,0.1082;3.2713,3.3837,2.8278;3.1134,5.0830,2.3915;5.6092,3.3564,2.5864;5.2019,4.8289,3.4758;4.4963,6.4144,0.7289;6.1978,6.8858,0.5780;7.3286,6.8657,3.1426;7.1830,8.2954,5.1462;5.9270,9.9576,6.3360;4.3376,10.3658,5.9226;3.1723,9.3231,4.1000;3.3264,7.8979,2.1112;7.0180,3.4829,0.8860;7.2342,4.9748,-0.0428;5.9877,3.2094,-1.2865;5.0134,4.6869,-1.0877;</g>
	</geometry>
	<conformers/>
	<properties/>
</molecule>
