<?xml version="1.0" ?>
<!--MOLLI PACKAGE EXPERIMENTAL XML FORMAT-->
<molecule name="nuc2375">
	<atoms>
		<a id="1" s="C" t="C.3" l="C"/>
		<a id="2" s="C" t="C.ar" l="C"/>
		<a id="3" s="C" t="C.ar" l="C"/>
		<a id="4" s="C" t="C.ar" l="C"/>
		<a id="5" s="C" t="C.3" l="C"/>
		<a id="6" s="C" t="C.3" l="C"/>
		<a id="7" s="O" t="O.3" l="O"/>
		<a id="8" s="C" t="C.ar" l="C"/>
		<a id="9" s="C" t="C.ar" l="C"/>
		<a id="10" s="N" t="N.pl3" l="N"/>
		<a id="11" s="O" t="O.2" l="O"/>
		<a id="12" s="O" t="O.co2" l="O"/>
		<a id="13" s="C" t="C.ar" l="C"/>
		<a id="14" s="N" t="N.pl3" l="N"/>
		<a id="15" s="H" t="H" l="H"/>
		<a id="16" s="H" t="H" l="H"/>
		<a id="17" s="H" t="H" l="H"/>
		<a id="18" s="H" t="H" l="H"/>
		<a id="19" s="H" t="H" l="H"/>
		<a id="20" s="H" t="H" l="H"/>
		<a id="21" s="H" t="H" l="H"/>
		<a id="22" s="H" t="H" l="H"/>
		<a id="23" s="H" t="H" l="H"/>
		<a id="24" s="H" t="H" l="H"/>
		<a id="25" s="H" t="H" l="H"/>
		<a id="26" s="H" t="H" l="H"/>
	</atoms>
	<bonds>
		<b id="1" c="1 2" t="1"/>
		<b id="2" c="2 3" t="ar"/>
		<b id="3" c="3 4" t="ar"/>
		<b id="4" c="4 5" t="1"/>
		<b id="5" c="5 6" t="1"/>
		<b id="6" c="6 7" t="1"/>
		<b id="7" c="4 8" t="ar"/>
		<b id="8" c="8 9" t="ar"/>
		<b id="9" c="9 10" t="1"/>
		<b id="10" c="10 11" t="2"/>
		<b id="11" c="10 12" t="1"/>
		<b id="12" c="9 13" t="ar"/>
		<b id="13" c="2 13" t="ar"/>
		<b id="14" c="13 14" t="1"/>
		<b id="15" c="1 15" t="1"/>
		<b id="16" c="1 16" t="1"/>
		<b id="17" c="1 17" t="1"/>
		<b id="18" c="3 18" t="1"/>
		<b id="19" c="5 19" t="1"/>
		<b id="20" c="5 20" t="1"/>
		<b id="21" c="6 21" t="1"/>
		<b id="22" c="6 22" t="1"/>
		<b id="23" c="7 23" t="1"/>
		<b id="24" c="8 24" t="1"/>
		<b id="25" c="14 25" t="1"/>
		<b id="26" c="14 26" t="1"/>
	</bonds>
	<geometry>
		<g u="A" t="cart/3d">#26,3:1.8592,1.4770,0.0515;0.5694,0.7096,0.0278;-0.6359,1.3696,-0.0045;-1.8635,0.6935,-0.0299;-3.1561,1.4550,-0.0009;-3.6151,1.6821,1.4508;-2.7352,2.5016,2.1780;-1.8441,-0.6798,-0.0178;-0.6374,-1.3908,0.0093;-0.7293,-2.8038,0.0040;-1.8353,-3.3108,-0.0181;0.3008,-3.4745,0.0211;0.6027,-0.7090,0.0356;1.7795,-1.3596,0.0721;1.6610,2.5449,0.0376;2.4713,1.2351,-0.8178;2.4314,1.2494,0.9515;-0.6386,2.4507,-0.0193;-3.9341,0.8989,-0.5240;-3.0309,2.4263,-0.4817;-3.7374,0.7092,1.9488;-4.5751,2.2025,1.4594;-1.8627,2.0903,2.1749;-2.7617,-1.2477,-0.0355;1.7672,-2.3712,0.0528;2.6418,-0.8493,0.0630;</g>
	</geometry>
	<conformers/>
	<properties/>
</molecule>
