<?xml version="1.0" ?>
<!--MOLLI PACKAGE EXPERIMENTAL XML FORMAT-->
<molecule name="nuc2378">
	<atoms>
		<a id="1" s="C" t="C.3" l="C"/>
		<a id="2" s="N" t="N.3" l="N"/>
		<a id="3" s="C" t="C.3" l="C"/>
		<a id="4" s="S" t="S.O2" l="S"/>
		<a id="5" s="O" t="O.2" l="O"/>
		<a id="6" s="O" t="O.2" l="O"/>
		<a id="7" s="C" t="C.ar" l="C"/>
		<a id="8" s="C" t="C.ar" l="C"/>
		<a id="9" s="C" t="C.ar" l="C"/>
		<a id="10" s="C" t="C.ar" l="C"/>
		<a id="11" s="N" t="N.pl3" l="N"/>
		<a id="12" s="C" t="C.ar" l="C"/>
		<a id="13" s="N" t="N.pl3" l="N"/>
		<a id="14" s="O" t="O.2" l="O"/>
		<a id="15" s="O" t="O.co2" l="O"/>
		<a id="16" s="C" t="C.ar" l="C"/>
		<a id="17" s="H" t="H" l="H"/>
		<a id="18" s="H" t="H" l="H"/>
		<a id="19" s="H" t="H" l="H"/>
		<a id="20" s="H" t="H" l="H"/>
		<a id="21" s="H" t="H" l="H"/>
		<a id="22" s="H" t="H" l="H"/>
		<a id="23" s="H" t="H" l="H"/>
		<a id="24" s="H" t="H" l="H"/>
		<a id="25" s="H" t="H" l="H"/>
		<a id="26" s="H" t="H" l="H"/>
		<a id="27" s="H" t="H" l="H"/>
	</atoms>
	<bonds>
		<b id="1" c="1 2" t="1"/>
		<b id="2" c="2 3" t="1"/>
		<b id="3" c="2 4" t="1"/>
		<b id="4" c="4 5" t="2"/>
		<b id="5" c="4 6" t="2"/>
		<b id="6" c="4 7" t="1"/>
		<b id="7" c="7 8" t="ar"/>
		<b id="8" c="8 9" t="ar"/>
		<b id="9" c="9 10" t="ar"/>
		<b id="10" c="10 11" t="1"/>
		<b id="11" c="10 12" t="ar"/>
		<b id="12" c="12 13" t="1"/>
		<b id="13" c="13 14" t="2"/>
		<b id="14" c="13 15" t="1"/>
		<b id="15" c="12 16" t="ar"/>
		<b id="16" c="7 16" t="ar"/>
		<b id="17" c="1 17" t="1"/>
		<b id="18" c="1 18" t="1"/>
		<b id="19" c="1 19" t="1"/>
		<b id="20" c="3 20" t="1"/>
		<b id="21" c="3 21" t="1"/>
		<b id="22" c="3 22" t="1"/>
		<b id="23" c="8 23" t="1"/>
		<b id="24" c="9 24" t="1"/>
		<b id="25" c="11 25" t="1"/>
		<b id="26" c="11 26" t="1"/>
		<b id="27" c="16 27" t="1"/>
	</bonds>
	<geometry>
		<g u="A" t="cart/3d">#27,3:3.1532,-3.5470,0.6425;2.8517,-2.1387,0.6041;3.2244,-1.3838,1.7726;3.1839,-1.3854,-0.8481;2.6841,-2.2219,-1.8934;2.7236,-0.0339,-0.7444;4.9774,-1.3566,-0.9352;5.6689,-0.2411,-0.4656;7.0386,-0.2288,-0.4763;7.7856,-1.3316,-0.9486;9.1255,-1.2853,-0.9338;7.0585,-2.4581,-1.4118;7.6998,-3.6342,-1.8932;8.9222,-3.6452,-1.9827;7.0056,-4.5842,-2.1868;5.6595,-2.4483,-1.4026;2.5693,-4.0188,1.4328;4.2188,-3.7399,0.8231;2.8631,-3.9669,-0.3167;2.6492,-1.7362,2.6289;2.9763,-0.3438,1.5777;4.2951,-1.4719,2.0016;5.0989,0.6062,-0.1193;7.5803,0.6365,-0.1246;9.5940,-0.4606,-0.6046;9.6451,-2.0701,-1.3057;5.1236,-3.3020,-1.7878;</g>
	</geometry>
	<conformers/>
	<properties/>
</molecule>
