<?xml version="1.0" ?>
<!--MOLLI PACKAGE EXPERIMENTAL XML FORMAT-->
<molecule name="nuc2379">
	<atoms>
		<a id="1" s="C" t="C.3" l="C"/>
		<a id="2" s="S" t="S.3" l="S"/>
		<a id="3" s="N" t="N.2" l="N"/>
		<a id="4" s="O" t="O.2" l="O"/>
		<a id="5" s="C" t="C.ar" l="C"/>
		<a id="6" s="C" t="C.ar" l="C"/>
		<a id="7" s="C" t="C.ar" l="C"/>
		<a id="8" s="C" t="C.ar" l="C"/>
		<a id="9" s="N" t="N.pl3" l="N"/>
		<a id="10" s="C" t="C.ar" l="C"/>
		<a id="11" s="N" t="N.pl3" l="N"/>
		<a id="12" s="O" t="O.2" l="O"/>
		<a id="13" s="O" t="O.co2" l="O"/>
		<a id="14" s="C" t="C.ar" l="C"/>
		<a id="15" s="H" t="H" l="H"/>
		<a id="16" s="H" t="H" l="H"/>
		<a id="17" s="H" t="H" l="H"/>
		<a id="18" s="H" t="H" l="H"/>
		<a id="19" s="H" t="H" l="H"/>
		<a id="20" s="H" t="H" l="H"/>
		<a id="21" s="H" t="H" l="H"/>
		<a id="22" s="H" t="H" l="H"/>
		<a id="23" s="H" t="H" l="H"/>
	</atoms>
	<bonds>
		<b id="1" c="1 2" t="1"/>
		<b id="2" c="2 3" t="2"/>
		<b id="3" c="2 4" t="2"/>
		<b id="4" c="2 5" t="1"/>
		<b id="5" c="5 6" t="ar"/>
		<b id="6" c="6 7" t="ar"/>
		<b id="7" c="7 8" t="ar"/>
		<b id="8" c="8 9" t="1"/>
		<b id="9" c="8 10" t="ar"/>
		<b id="10" c="10 11" t="1"/>
		<b id="11" c="11 12" t="2"/>
		<b id="12" c="11 13" t="1"/>
		<b id="13" c="10 14" t="ar"/>
		<b id="14" c="5 14" t="ar"/>
		<b id="15" c="1 15" t="1"/>
		<b id="16" c="1 16" t="1"/>
		<b id="17" c="1 17" t="1"/>
		<b id="18" c="3 18" t="1"/>
		<b id="19" c="6 19" t="1"/>
		<b id="20" c="7 20" t="1"/>
		<b id="21" c="9 21" t="1"/>
		<b id="22" c="9 22" t="1"/>
		<b id="23" c="14 23" t="1"/>
	</bonds>
	<geometry>
		<g u="A" t="cart/3d">#23,3:1.0872,0.2688,-0.5294;2.8383,-0.0075,-0.0599;3.7113,1.1800,-0.4527;2.8431,-0.5297,1.2877;3.2668,-1.3048,-1.2240;3.9885,-0.9871,-2.3735;4.3162,-1.9712,-3.2673;3.9420,-3.3177,-3.0577;4.2762,-4.2510,-3.9606;3.2091,-3.6146,-1.8802;2.7661,-4.9287,-1.5684;3.0785,-5.8511,-2.3140;2.0837,-5.0833,-0.5772;2.8870,-2.5967,-0.9761;0.6693,1.0073,0.1439;0.5618,-0.6720,-0.4288;1.0686,0.6276,-1.5502;3.9868,1.7732,0.3081;4.2833,0.0402,-2.5148;4.8786,-1.7356,-4.1584;4.8024,-3.9930,-4.7759;4.0221,-5.2146,-3.7829;2.3509,-2.8458,-0.0727;</g>
	</geometry>
	<conformers/>
	<properties/>
</molecule>
