<?xml version="1.0" ?>
<!--MOLLI PACKAGE EXPERIMENTAL XML FORMAT-->
<molecule name="nuc2380">
	<atoms>
		<a id="1" s="C" t="C.3" l="C"/>
		<a id="2" s="C" t="C.ar" l="C"/>
		<a id="3" s="C" t="C.ar" l="C"/>
		<a id="4" s="C" t="C.ar" l="C"/>
		<a id="5" s="S" t="S.3" l="S"/>
		<a id="6" s="C" t="C.3" l="C"/>
		<a id="7" s="N" t="N.2" l="N"/>
		<a id="8" s="O" t="O.2" l="O"/>
		<a id="9" s="C" t="C.ar" l="C"/>
		<a id="10" s="C" t="C.ar" l="C"/>
		<a id="11" s="N" t="N.pl3" l="N"/>
		<a id="12" s="O" t="O.2" l="O"/>
		<a id="13" s="O" t="O.co2" l="O"/>
		<a id="14" s="C" t="C.ar" l="C"/>
		<a id="15" s="N" t="N.pl3" l="N"/>
		<a id="16" s="H" t="H" l="H"/>
		<a id="17" s="H" t="H" l="H"/>
		<a id="18" s="H" t="H" l="H"/>
		<a id="19" s="H" t="H" l="H"/>
		<a id="20" s="H" t="H" l="H"/>
		<a id="21" s="H" t="H" l="H"/>
		<a id="22" s="H" t="H" l="H"/>
		<a id="23" s="H" t="H" l="H"/>
		<a id="24" s="H" t="H" l="H"/>
		<a id="25" s="H" t="H" l="H"/>
		<a id="26" s="H" t="H" l="H"/>
	</atoms>
	<bonds>
		<b id="1" c="1 2" t="1"/>
		<b id="2" c="2 3" t="ar"/>
		<b id="3" c="3 4" t="ar"/>
		<b id="4" c="4 5" t="1"/>
		<b id="5" c="5 6" t="1"/>
		<b id="6" c="5 7" t="2"/>
		<b id="7" c="5 8" t="2"/>
		<b id="8" c="4 9" t="ar"/>
		<b id="9" c="9 10" t="ar"/>
		<b id="10" c="10 11" t="1"/>
		<b id="11" c="11 12" t="2"/>
		<b id="12" c="11 13" t="1"/>
		<b id="13" c="10 14" t="ar"/>
		<b id="14" c="2 14" t="ar"/>
		<b id="15" c="14 15" t="1"/>
		<b id="16" c="1 16" t="1"/>
		<b id="17" c="1 17" t="1"/>
		<b id="18" c="1 18" t="1"/>
		<b id="19" c="3 19" t="1"/>
		<b id="20" c="6 20" t="1"/>
		<b id="21" c="6 21" t="1"/>
		<b id="22" c="6 22" t="1"/>
		<b id="23" c="7 23" t="1"/>
		<b id="24" c="9 24" t="1"/>
		<b id="25" c="15 25" t="1"/>
		<b id="26" c="15 26" t="1"/>
	</bonds>
	<geometry>
		<g u="A" t="cart/3d">#26,3:1.7780,1.5298,-0.0288;0.5050,0.7375,0.0037;-0.7129,1.3691,0.0558;-1.9045,0.6473,0.0922;-3.4698,1.5610,0.1853;-4.1769,1.1743,-1.4654;-4.3546,1.1644,1.3543;-3.1475,2.9584,0.2014;-1.8817,-0.7189,0.0762;-0.6590,-1.4004,0.0135;-0.7189,-2.8179,-0.0228;-1.8147,-3.3436,-0.0477;0.3252,-3.4618,-0.0349;0.5645,-0.6848,-0.0167;1.7519,-1.3077,-0.0669;1.5536,2.5919,-0.0085;2.3462,1.3184,-0.9352;2.4017,1.2976,0.8347;-0.7841,2.4458,0.0774;-4.3233,0.1052,-1.5517;-3.4727,1.5323,-2.2049;-5.1204,1.6993,-1.5526;-4.5929,0.1889,1.3841;-2.7882,-1.3033,0.1146;1.7659,-2.3197,-0.0692;2.6014,-0.7762,-0.0956;</g>
	</geometry>
	<conformers/>
	<properties/>
</molecule>
