<?xml version="1.0" ?>
<!--MOLLI PACKAGE EXPERIMENTAL XML FORMAT-->
<molecule name="nuc2381">
	<atoms>
		<a id="1" s="N" t="N.pl3" l="N"/>
		<a id="2" s="C" t="C.ar" l="C"/>
		<a id="3" s="C" t="C.ar" l="C"/>
		<a id="4" s="C" t="C.ar" l="C"/>
		<a id="5" s="N" t="N.ar" l="N"/>
		<a id="6" s="C" t="C.ar" l="C"/>
		<a id="7" s="C" t="C.3" l="C"/>
		<a id="8" s="O" t="O.3" l="O"/>
		<a id="9" s="C" t="C.3" l="C"/>
		<a id="10" s="C" t="C.3" l="C"/>
		<a id="11" s="C" t="C.3" l="C"/>
		<a id="12" s="O" t="O.3" l="O"/>
		<a id="13" s="C" t="C.3" l="C"/>
		<a id="14" s="F" t="F" l="F"/>
		<a id="15" s="F" t="F" l="F"/>
		<a id="16" s="F" t="F" l="F"/>
		<a id="17" s="C" t="C.3" l="C"/>
		<a id="18" s="C" t="C.3" l="C"/>
		<a id="19" s="C" t="C.ar" l="C"/>
		<a id="20" s="H" t="H" l="H"/>
		<a id="21" s="H" t="H" l="H"/>
		<a id="22" s="H" t="H" l="H"/>
		<a id="23" s="H" t="H" l="H"/>
		<a id="24" s="H" t="H" l="H"/>
		<a id="25" s="H" t="H" l="H"/>
		<a id="26" s="H" t="H" l="H"/>
		<a id="27" s="H" t="H" l="H"/>
		<a id="28" s="H" t="H" l="H"/>
		<a id="29" s="H" t="H" l="H"/>
		<a id="30" s="H" t="H" l="H"/>
		<a id="31" s="H" t="H" l="H"/>
		<a id="32" s="H" t="H" l="H"/>
		<a id="33" s="H" t="H" l="H"/>
		<a id="34" s="H" t="H" l="H"/>
	</atoms>
	<bonds>
		<b id="1" c="1 2" t="1"/>
		<b id="2" c="2 3" t="ar"/>
		<b id="3" c="3 4" t="ar"/>
		<b id="4" c="4 5" t="ar"/>
		<b id="5" c="5 6" t="ar"/>
		<b id="6" c="6 7" t="1"/>
		<b id="7" c="7 8" t="1"/>
		<b id="8" c="7 9" t="1"/>
		<b id="9" c="9 10" t="1"/>
		<b id="10" c="10 11" t="1"/>
		<b id="11" c="11 12" t="1"/>
		<b id="12" c="11 13" t="1"/>
		<b id="13" c="13 14" t="1"/>
		<b id="14" c="13 15" t="1"/>
		<b id="15" c="13 16" t="1"/>
		<b id="16" c="11 17" t="1"/>
		<b id="17" c="17 18" t="1"/>
		<b id="18" c="7 18" t="1"/>
		<b id="19" c="6 19" t="ar"/>
		<b id="20" c="2 19" t="ar"/>
		<b id="21" c="1 20" t="1"/>
		<b id="22" c="1 21" t="1"/>
		<b id="23" c="3 22" t="1"/>
		<b id="24" c="4 23" t="1"/>
		<b id="25" c="8 24" t="1"/>
		<b id="26" c="9 25" t="1"/>
		<b id="27" c="9 26" t="1"/>
		<b id="28" c="10 27" t="1"/>
		<b id="29" c="10 28" t="1"/>
		<b id="30" c="12 29" t="1"/>
		<b id="31" c="17 30" t="1"/>
		<b id="32" c="17 31" t="1"/>
		<b id="33" c="18 32" t="1"/>
		<b id="34" c="18 33" t="1"/>
		<b id="35" c="19 34" t="1"/>
	</bonds>
	<geometry>
		<g u="A" t="cart/3d">#34,3:-2.5146,0.7904,-3.4390;-1.7692,0.2192,-2.4502;-0.5651,0.7892,-2.0278;0.1734,0.1218,-1.0733;-0.1996,-1.0166,-0.5170;-1.3553,-1.5643,-0.8975;-1.6230,-2.8972,-0.2086;-0.6039,-3.7950,-0.6217;-2.9470,-3.5790,-0.5618;-4.1767,-2.8796,0.0115;-4.0806,-2.5523,1.5095;-5.0723,-1.6138,1.8714;-4.3484,-3.8075,2.3652;-3.5691,-4.8616,2.1070;-4.2344,-3.5612,3.6756;-5.6185,-4.2311,2.1735;-2.7312,-1.9149,1.8518;-1.5449,-2.7047,1.3186;-2.1574,-0.9931,-1.8665;-2.3149,1.7392,-3.7031;-3.4542,0.4655,-3.5848;-0.2212,1.7212,-2.4492;1.1195,0.5177,-0.7271;0.2395,-3.3467,-0.4780;-2.8752,-4.5975,-0.1791;-3.0381,-3.6536,-1.6460;-5.0610,-3.4972,-0.1712;-4.3298,-1.9187,-0.4835;-5.9514,-1.9855,1.7210;-2.6608,-1.7972,2.9341;-2.7420,-0.9170,1.4096;-1.4903,-3.6907,1.7812;-0.6260,-2.1640,1.5499;-3.0686,-1.4618,-2.2006;</g>
	</geometry>
	<conformers/>
	<properties/>
</molecule>
