<?xml version="1.0" ?>
<!--MOLLI PACKAGE EXPERIMENTAL XML FORMAT-->
<molecule name="nuc2382">
	<atoms>
		<a id="1" s="N" t="N.1" l="N"/>
		<a id="2" s="C" t="C.1" l="C"/>
		<a id="3" s="C" t="C.3" l="C"/>
		<a id="4" s="C" t="C.3" l="C"/>
		<a id="5" s="N" t="N.pl3" l="N"/>
		<a id="6" s="C" t="C.ar" l="C"/>
		<a id="7" s="C" t="C.ar" l="C"/>
		<a id="8" s="C" t="C.ar" l="C"/>
		<a id="9" s="N" t="N.pl3" l="N"/>
		<a id="10" s="C" t="C.ar" l="C"/>
		<a id="11" s="C" t="C.ar" l="C"/>
		<a id="12" s="C" t="C.ar" l="C"/>
		<a id="13" s="F" t="F" l="F"/>
		<a id="14" s="C" t="C.3" l="C"/>
		<a id="15" s="H" t="H" l="H"/>
		<a id="16" s="H" t="H" l="H"/>
		<a id="17" s="H" t="H" l="H"/>
		<a id="18" s="H" t="H" l="H"/>
		<a id="19" s="H" t="H" l="H"/>
		<a id="20" s="H" t="H" l="H"/>
		<a id="21" s="H" t="H" l="H"/>
		<a id="22" s="H" t="H" l="H"/>
		<a id="23" s="H" t="H" l="H"/>
		<a id="24" s="H" t="H" l="H"/>
	</atoms>
	<bonds>
		<b id="1" c="1 2" t="3"/>
		<b id="2" c="2 3" t="1"/>
		<b id="3" c="3 4" t="1"/>
		<b id="4" c="4 5" t="1"/>
		<b id="5" c="5 6" t="1"/>
		<b id="6" c="6 7" t="ar"/>
		<b id="7" c="7 8" t="ar"/>
		<b id="8" c="8 9" t="1"/>
		<b id="9" c="8 10" t="ar"/>
		<b id="10" c="10 11" t="ar"/>
		<b id="11" c="11 12" t="ar"/>
		<b id="12" c="6 12" t="ar"/>
		<b id="13" c="12 13" t="1"/>
		<b id="14" c="5 14" t="1"/>
		<b id="15" c="3 14" t="1"/>
		<b id="16" c="3 15" t="1"/>
		<b id="17" c="4 16" t="1"/>
		<b id="18" c="4 17" t="1"/>
		<b id="19" c="7 18" t="1"/>
		<b id="20" c="9 19" t="1"/>
		<b id="21" c="9 20" t="1"/>
		<b id="22" c="10 21" t="1"/>
		<b id="23" c="11 22" t="1"/>
		<b id="24" c="14 23" t="1"/>
		<b id="25" c="14 24" t="1"/>
	</bonds>
	<geometry>
		<g u="A" t="cart/3d">#24,3:3.3197,1.9531,-1.7217;3.5054,1.1990,-0.8826;3.7724,0.2626,0.1698;4.4732,0.8397,1.4184;5.5007,-0.1802,1.2779;6.8120,-0.0986,1.6769;7.7947,-0.8679,1.0573;9.1184,-0.8455,1.4886;10.0819,-1.5607,0.8056;9.4720,-0.0357,2.5684;8.5099,0.7275,3.2003;7.2045,0.6915,2.7614;6.2747,1.4439,3.4189;5.0294,-0.6132,-0.0241;2.8708,-0.3077,0.3969;3.9152,0.7755,2.3540;4.8345,1.8647,1.2840;7.5223,-1.4989,0.2245;9.7551,-2.3321,0.2475;10.9374,-1.7401,1.3056;10.4957,-0.0091,2.9077;8.7611,1.3552,4.0403;4.8508,-1.6890,-0.0938;5.6605,-0.2918,-0.8618;</g>
	</geometry>
	<conformers/>
	<properties/>
</molecule>
