<?xml version="1.0" ?>
<!--MOLLI PACKAGE EXPERIMENTAL XML FORMAT-->
<molecule name="nuc2383">
	<atoms>
		<a id="1" s="C" t="C.3" l="C"/>
		<a id="2" s="C" t="C.3" l="C"/>
		<a id="3" s="C" t="C.1" l="C"/>
		<a id="4" s="N" t="N.1" l="N"/>
		<a id="5" s="C" t="C.3" l="C"/>
		<a id="6" s="N" t="N.pl3" l="N"/>
		<a id="7" s="C" t="C.ar" l="C"/>
		<a id="8" s="C" t="C.ar" l="C"/>
		<a id="9" s="C" t="C.ar" l="C"/>
		<a id="10" s="N" t="N.pl3" l="N"/>
		<a id="11" s="C" t="C.ar" l="C"/>
		<a id="12" s="C" t="C.ar" l="C"/>
		<a id="13" s="N" t="N.ar" l="N"/>
		<a id="14" s="C" t="C.3" l="C"/>
		<a id="15" s="H" t="H" l="H"/>
		<a id="16" s="H" t="H" l="H"/>
		<a id="17" s="H" t="H" l="H"/>
		<a id="18" s="H" t="H" l="H"/>
		<a id="19" s="H" t="H" l="H"/>
		<a id="20" s="H" t="H" l="H"/>
		<a id="21" s="H" t="H" l="H"/>
		<a id="22" s="H" t="H" l="H"/>
		<a id="23" s="H" t="H" l="H"/>
		<a id="24" s="H" t="H" l="H"/>
		<a id="25" s="H" t="H" l="H"/>
		<a id="26" s="H" t="H" l="H"/>
	</atoms>
	<bonds>
		<b id="1" c="1 2" t="1"/>
		<b id="2" c="2 3" t="1"/>
		<b id="3" c="3 4" t="3"/>
		<b id="4" c="2 5" t="1"/>
		<b id="5" c="5 6" t="1"/>
		<b id="6" c="6 7" t="1"/>
		<b id="7" c="7 8" t="ar"/>
		<b id="8" c="8 9" t="ar"/>
		<b id="9" c="9 10" t="1"/>
		<b id="10" c="9 11" t="ar"/>
		<b id="11" c="11 12" t="ar"/>
		<b id="12" c="12 13" t="ar"/>
		<b id="13" c="7 13" t="ar"/>
		<b id="14" c="6 14" t="1"/>
		<b id="15" c="2 14" t="1"/>
		<b id="16" c="1 15" t="1"/>
		<b id="17" c="1 16" t="1"/>
		<b id="18" c="1 17" t="1"/>
		<b id="19" c="5 18" t="1"/>
		<b id="20" c="5 19" t="1"/>
		<b id="21" c="8 20" t="1"/>
		<b id="22" c="10 21" t="1"/>
		<b id="23" c="10 22" t="1"/>
		<b id="24" c="11 23" t="1"/>
		<b id="25" c="12 24" t="1"/>
		<b id="26" c="14 25" t="1"/>
		<b id="27" c="14 26" t="1"/>
	</bonds>
	<geometry>
		<g u="A" t="cart/3d">#26,3:1.0473,-0.0389,0.3991;2.5049,0.0592,-0.0332;2.6076,0.1750,-1.4639;2.7088,0.2597,-2.6002;3.4431,-1.0185,0.5648;4.0743,0.0094,1.3704;5.3796,0.0684,1.7698;6.1106,-1.0970,2.0063;7.4138,-0.9819,2.4741;8.1561,-2.0914,2.7898;7.9267,0.3077,2.6757;7.1157,1.3867,2.4031;5.8728,1.2931,1.9572;3.3513,1.1000,0.7406;0.5744,-0.9084,-0.0546;0.5027,0.8518,0.0915;0.9917,-0.1302,1.4815;4.1093,-1.4923,-0.1664;2.9388,-1.7912,1.1522;5.6683,-2.0673,1.8386;7.8566,-2.9736,2.4100;9.1505,-1.9692,2.8808;8.9342,0.4440,3.0365;7.4770,2.3980,2.5394;3.9830,1.7438,0.1214;2.7947,1.7154,1.4500;</g>
	</geometry>
	<conformers/>
	<properties/>
</molecule>
