<?xml version="1.0" ?>
<!--MOLLI PACKAGE EXPERIMENTAL XML FORMAT-->
<molecule name="nuc2384">
	<atoms>
		<a id="1" s="C" t="C.2" l="C"/>
		<a id="2" s="C" t="C.2" l="C"/>
		<a id="3" s="C" t="C.2" l="C"/>
		<a id="4" s="O" t="O.2" l="O"/>
		<a id="5" s="N" t="N.am" l="N"/>
		<a id="6" s="C" t="C.ar" l="C"/>
		<a id="7" s="C" t="C.ar" l="C"/>
		<a id="8" s="C" t="C.ar" l="C"/>
		<a id="9" s="N" t="N.pl3" l="N"/>
		<a id="10" s="C" t="C.ar" l="C"/>
		<a id="11" s="O" t="O.3" l="O"/>
		<a id="12" s="C" t="C.3" l="C"/>
		<a id="13" s="C" t="C.ar" l="C"/>
		<a id="14" s="C" t="C.ar" l="C"/>
		<a id="15" s="N" t="N.pl3" l="N"/>
		<a id="16" s="C" t="C.3" l="C"/>
		<a id="17" s="C" t="C.3" l="C"/>
		<a id="18" s="N" t="N.3" l="N"/>
		<a id="19" s="C" t="C.3" l="C"/>
		<a id="20" s="C" t="C.3" l="C"/>
		<a id="21" s="C" t="C.3" l="C"/>
		<a id="22" s="H" t="H" l="H"/>
		<a id="23" s="H" t="H" l="H"/>
		<a id="24" s="H" t="H" l="H"/>
		<a id="25" s="H" t="H" l="H"/>
		<a id="26" s="H" t="H" l="H"/>
		<a id="27" s="H" t="H" l="H"/>
		<a id="28" s="H" t="H" l="H"/>
		<a id="29" s="H" t="H" l="H"/>
		<a id="30" s="H" t="H" l="H"/>
		<a id="31" s="H" t="H" l="H"/>
		<a id="32" s="H" t="H" l="H"/>
		<a id="33" s="H" t="H" l="H"/>
		<a id="34" s="H" t="H" l="H"/>
		<a id="35" s="H" t="H" l="H"/>
		<a id="36" s="H" t="H" l="H"/>
		<a id="37" s="H" t="H" l="H"/>
		<a id="38" s="H" t="H" l="H"/>
		<a id="39" s="H" t="H" l="H"/>
		<a id="40" s="H" t="H" l="H"/>
		<a id="41" s="H" t="H" l="H"/>
		<a id="42" s="H" t="H" l="H"/>
		<a id="43" s="H" t="H" l="H"/>
	</atoms>
	<bonds>
		<b id="1" c="1 2" t="2"/>
		<b id="2" c="2 3" t="1"/>
		<b id="3" c="3 4" t="2"/>
		<b id="4" c="3 5" t="am"/>
		<b id="5" c="5 6" t="1"/>
		<b id="6" c="6 7" t="ar"/>
		<b id="7" c="7 8" t="ar"/>
		<b id="8" c="8 9" t="1"/>
		<b id="9" c="8 10" t="ar"/>
		<b id="10" c="10 11" t="1"/>
		<b id="11" c="11 12" t="1"/>
		<b id="12" c="10 13" t="ar"/>
		<b id="13" c="13 14" t="ar"/>
		<b id="14" c="6 14" t="ar"/>
		<b id="15" c="14 15" t="1"/>
		<b id="16" c="15 16" t="1"/>
		<b id="17" c="16 17" t="1"/>
		<b id="18" c="17 18" t="1"/>
		<b id="19" c="18 19" t="1"/>
		<b id="20" c="18 20" t="1"/>
		<b id="21" c="20 21" t="1"/>
		<b id="22" c="15 21" t="1"/>
		<b id="23" c="1 22" t="1"/>
		<b id="24" c="1 23" t="1"/>
		<b id="25" c="2 24" t="1"/>
		<b id="26" c="5 25" t="1"/>
		<b id="27" c="7 26" t="1"/>
		<b id="28" c="9 27" t="1"/>
		<b id="29" c="9 28" t="1"/>
		<b id="30" c="12 29" t="1"/>
		<b id="31" c="12 30" t="1"/>
		<b id="32" c="12 31" t="1"/>
		<b id="33" c="13 32" t="1"/>
		<b id="34" c="16 33" t="1"/>
		<b id="35" c="16 34" t="1"/>
		<b id="36" c="17 35" t="1"/>
		<b id="37" c="17 36" t="1"/>
		<b id="38" c="19 37" t="1"/>
		<b id="39" c="19 38" t="1"/>
		<b id="40" c="19 39" t="1"/>
		<b id="41" c="20 40" t="1"/>
		<b id="42" c="20 41" t="1"/>
		<b id="43" c="21 42" t="1"/>
		<b id="44" c="21 43" t="1"/>
	</bonds>
	<geometry>
		<g u="A" t="cart/3d">#43,3:1.3758,-3.1582,1.8543;2.5897,-2.7042,1.5808;2.8711,-1.2445,1.5419;2.0201,-0.4026,1.7545;4.1756,-0.9728,1.2594;4.8176,0.2575,1.1157;4.1417,1.4646,1.0665;4.8286,2.6588,0.8623;4.1768,3.8729,0.8791;6.2201,2.6151,0.6918;6.8904,3.8039,0.4194;7.7186,4.2610,1.4678;6.8964,1.4085,0.7592;6.2171,0.2204,0.9793;6.8461,-1.0523,1.0485;8.0538,-1.2239,0.2660;8.3766,-2.7143,0.2009;8.6097,-3.2150,1.5426;9.0483,-4.5917,1.5432;7.4223,-3.0204,2.3512;7.0747,-1.5353,2.4034;1.1408,-4.2081,1.8918;0.5767,-2.4616,2.0492;3.4147,-3.3743,1.3797;4.8095,-1.7461,1.0920;3.0713,1.4769,1.1880;3.1937,3.8522,0.6640;4.6962,4.6264,0.4548;8.5004,3.5333,1.7176;7.1308,4.4729,2.3708;8.1824,5.1790,1.1083;7.9675,1.4071,0.6270;8.9171,-0.7078,0.7151;7.8821,-0.8307,-0.7378;9.2816,-2.8677,-0.3910;7.5419,-3.2466,-0.2919;9.9637,-4.6727,0.9591;8.2995,-5.2802,1.1194;9.2602,-4.8966,2.5671;7.6240,-3.3836,3.3616;6.5616,-3.5859,1.9448;7.9088,-0.9943,2.8788;6.1761,-1.3786,3.0035;</g>
	</geometry>
	<conformers/>
	<properties/>
</molecule>
