<?xml version="1.0" ?>
<!--MOLLI PACKAGE EXPERIMENTAL XML FORMAT-->
<molecule name="nuc2385">
	<atoms>
		<a id="1" s="C" t="C.2" l="C"/>
		<a id="2" s="C" t="C.2" l="C"/>
		<a id="3" s="C" t="C.2" l="C"/>
		<a id="4" s="O" t="O.2" l="O"/>
		<a id="5" s="N" t="N.am" l="N"/>
		<a id="6" s="C" t="C.ar" l="C"/>
		<a id="7" s="C" t="C.ar" l="C"/>
		<a id="8" s="C" t="C.ar" l="C"/>
		<a id="9" s="N" t="N.pl3" l="N"/>
		<a id="10" s="C" t="C.ar" l="C"/>
		<a id="11" s="C" t="C.ar" l="C"/>
		<a id="12" s="C" t="C.ar" l="C"/>
		<a id="13" s="N" t="N.pl3" l="N"/>
		<a id="14" s="C" t="C.3" l="C"/>
		<a id="15" s="C" t="C.3" l="C"/>
		<a id="16" s="N" t="N.3" l="N"/>
		<a id="17" s="C" t="C.3" l="C"/>
		<a id="18" s="C" t="C.3" l="C"/>
		<a id="19" s="C" t="C.3" l="C"/>
		<a id="20" s="H" t="H" l="H"/>
		<a id="21" s="H" t="H" l="H"/>
		<a id="22" s="H" t="H" l="H"/>
		<a id="23" s="H" t="H" l="H"/>
		<a id="24" s="H" t="H" l="H"/>
		<a id="25" s="H" t="H" l="H"/>
		<a id="26" s="H" t="H" l="H"/>
		<a id="27" s="H" t="H" l="H"/>
		<a id="28" s="H" t="H" l="H"/>
		<a id="29" s="H" t="H" l="H"/>
		<a id="30" s="H" t="H" l="H"/>
		<a id="31" s="H" t="H" l="H"/>
		<a id="32" s="H" t="H" l="H"/>
		<a id="33" s="H" t="H" l="H"/>
		<a id="34" s="H" t="H" l="H"/>
		<a id="35" s="H" t="H" l="H"/>
		<a id="36" s="H" t="H" l="H"/>
		<a id="37" s="H" t="H" l="H"/>
		<a id="38" s="H" t="H" l="H"/>
		<a id="39" s="H" t="H" l="H"/>
	</atoms>
	<bonds>
		<b id="1" c="1 2" t="2"/>
		<b id="2" c="2 3" t="1"/>
		<b id="3" c="3 4" t="2"/>
		<b id="4" c="3 5" t="am"/>
		<b id="5" c="5 6" t="1"/>
		<b id="6" c="6 7" t="ar"/>
		<b id="7" c="7 8" t="ar"/>
		<b id="8" c="8 9" t="1"/>
		<b id="9" c="8 10" t="ar"/>
		<b id="10" c="10 11" t="ar"/>
		<b id="11" c="11 12" t="ar"/>
		<b id="12" c="6 12" t="ar"/>
		<b id="13" c="12 13" t="1"/>
		<b id="14" c="13 14" t="1"/>
		<b id="15" c="14 15" t="1"/>
		<b id="16" c="15 16" t="1"/>
		<b id="17" c="16 17" t="1"/>
		<b id="18" c="16 18" t="1"/>
		<b id="19" c="18 19" t="1"/>
		<b id="20" c="13 19" t="1"/>
		<b id="21" c="1 20" t="1"/>
		<b id="22" c="1 21" t="1"/>
		<b id="23" c="2 22" t="1"/>
		<b id="24" c="5 23" t="1"/>
		<b id="25" c="7 24" t="1"/>
		<b id="26" c="9 25" t="1"/>
		<b id="27" c="9 26" t="1"/>
		<b id="28" c="10 27" t="1"/>
		<b id="29" c="11 28" t="1"/>
		<b id="30" c="14 29" t="1"/>
		<b id="31" c="14 30" t="1"/>
		<b id="32" c="15 31" t="1"/>
		<b id="33" c="15 32" t="1"/>
		<b id="34" c="17 33" t="1"/>
		<b id="35" c="17 34" t="1"/>
		<b id="36" c="17 35" t="1"/>
		<b id="37" c="18 36" t="1"/>
		<b id="38" c="18 37" t="1"/>
		<b id="39" c="19 38" t="1"/>
		<b id="40" c="19 39" t="1"/>
	</bonds>
	<geometry>
		<g u="A" t="cart/3d">#39,3:1.4099,-3.0284,-1.1032;2.6490,-2.5667,-1.0343;3.1117,-1.8019,0.1544;2.3904,-1.5616,1.1038;4.4159,-1.4231,0.0602;5.1916,-0.6930,0.9624;4.6489,0.0188,2.0171;5.4675,0.7742,2.8558;4.9081,1.5436,3.8569;6.8394,0.8033,2.6141;7.3824,0.0799,1.5687;6.5801,-0.6825,0.7340;7.0636,-1.4425,-0.3660;8.2523,-0.9458,-1.0286;8.3991,-1.6732,-2.3627;8.5425,-3.0979,-2.1279;8.7948,-3.8252,-3.3510;7.3781,-3.6022,-1.4260;7.2195,-2.8650,-0.0994;1.0399,-3.5881,-1.9450;0.7288,-2.8451,-0.2880;3.3637,-2.7293,-1.8299;4.9495,-1.6987,-0.7565;3.5848,-0.0085,2.1827;3.9813,1.2758,4.1465;5.5222,1.8104,4.6091;7.4815,1.3918,3.2533;8.4495,0.1080,1.4086;9.1646,-1.1263,-0.4376;8.1405,0.1273,-1.1966;9.2932,-1.3147,-2.8780;7.5193,-1.4532,-2.9957;9.7045,-3.4419,-3.8109;7.9708,-3.7384,-4.0778;8.9405,-4.8785,-3.1154;7.5191,-4.6691,-1.2377;6.4581,-3.4756,-2.0294;8.1123,-3.0548,0.5188;6.3439,-3.2361,0.4373;</g>
	</geometry>
	<conformers/>
	<properties/>
</molecule>
