<?xml version="1.0" ?>
<!--MOLLI PACKAGE EXPERIMENTAL XML FORMAT-->
<molecule name="nuc2386">
	<atoms>
		<a id="1" s="C" t="C.3" l="C"/>
		<a id="2" s="N" t="N.3" l="N"/>
		<a id="3" s="C" t="C.3" l="C"/>
		<a id="4" s="C" t="C.3" l="C"/>
		<a id="5" s="C" t="C.3" l="C"/>
		<a id="6" s="N" t="N.pl3" l="N"/>
		<a id="7" s="C" t="C.3" l="C"/>
		<a id="8" s="C" t="C.ar" l="C"/>
		<a id="9" s="C" t="C.ar" l="C"/>
		<a id="10" s="C" t="C.ar" l="C"/>
		<a id="11" s="C" t="C.ar" l="C"/>
		<a id="12" s="N" t="N.pl3" l="N"/>
		<a id="13" s="C" t="C.ar" l="C"/>
		<a id="14" s="C" t="C.ar" l="C"/>
		<a id="15" s="H" t="H" l="H"/>
		<a id="16" s="H" t="H" l="H"/>
		<a id="17" s="H" t="H" l="H"/>
		<a id="18" s="H" t="H" l="H"/>
		<a id="19" s="H" t="H" l="H"/>
		<a id="20" s="H" t="H" l="H"/>
		<a id="21" s="H" t="H" l="H"/>
		<a id="22" s="H" t="H" l="H"/>
		<a id="23" s="H" t="H" l="H"/>
		<a id="24" s="H" t="H" l="H"/>
		<a id="25" s="H" t="H" l="H"/>
		<a id="26" s="H" t="H" l="H"/>
		<a id="27" s="H" t="H" l="H"/>
		<a id="28" s="H" t="H" l="H"/>
		<a id="29" s="H" t="H" l="H"/>
		<a id="30" s="H" t="H" l="H"/>
		<a id="31" s="H" t="H" l="H"/>
		<a id="32" s="H" t="H" l="H"/>
		<a id="33" s="H" t="H" l="H"/>
	</atoms>
	<bonds>
		<b id="1" c="1 2" t="1"/>
		<b id="2" c="2 3" t="1"/>
		<b id="3" c="2 4" t="1"/>
		<b id="4" c="4 5" t="1"/>
		<b id="5" c="5 6" t="1"/>
		<b id="6" c="6 7" t="1"/>
		<b id="7" c="6 8" t="1"/>
		<b id="8" c="8 9" t="ar"/>
		<b id="9" c="9 10" t="ar"/>
		<b id="10" c="10 11" t="ar"/>
		<b id="11" c="11 12" t="1"/>
		<b id="12" c="11 13" t="ar"/>
		<b id="13" c="13 14" t="ar"/>
		<b id="14" c="8 14" t="ar"/>
		<b id="15" c="1 15" t="1"/>
		<b id="16" c="1 16" t="1"/>
		<b id="17" c="1 17" t="1"/>
		<b id="18" c="3 18" t="1"/>
		<b id="19" c="3 19" t="1"/>
		<b id="20" c="3 20" t="1"/>
		<b id="21" c="4 21" t="1"/>
		<b id="22" c="4 22" t="1"/>
		<b id="23" c="5 23" t="1"/>
		<b id="24" c="5 24" t="1"/>
		<b id="25" c="7 25" t="1"/>
		<b id="26" c="7 26" t="1"/>
		<b id="27" c="7 27" t="1"/>
		<b id="28" c="9 28" t="1"/>
		<b id="29" c="10 29" t="1"/>
		<b id="30" c="12 30" t="1"/>
		<b id="31" c="12 31" t="1"/>
		<b id="32" c="13 32" t="1"/>
		<b id="33" c="14 33" t="1"/>
	</bonds>
	<geometry>
		<g u="A" t="cart/3d">#33,3:6.2316,-0.6436,1.5981;5.2085,-0.1510,0.6989;4.7988,1.1881,1.0678;5.6384,-0.2307,-0.6857;4.4599,-0.0635,-1.6624;4.7326,-0.5878,-2.9794;5.5065,0.2731,-3.8443;4.8148,-1.9634,-3.1740;4.3308,-2.8785,-2.2318;4.3572,-4.2378,-2.4681;4.8705,-4.7567,-3.6528;4.8216,-6.1221,-3.9216;5.3673,-3.8561,-4.5886;5.3424,-2.4954,-4.3556;5.8458,-0.6287,2.6166;7.1554,-0.0435,1.5651;6.4758,-1.6719,1.3351;4.4856,1.1881,2.1107;3.9522,1.4927,0.4568;5.6079,1.9269,0.9458;6.0614,-1.2263,-0.8446;6.4243,0.5124,-0.9157;4.2051,0.9930,-1.7764;3.5860,-0.5657,-1.2436;5.3897,1.3039,-3.5172;5.1374,0.2057,-4.8693;6.5759,0.0284,-3.8397;3.9285,-2.5429,-1.2903;3.9731,-4.9134,-1.7162;4.7719,-6.7122,-3.1051;5.4918,-6.4446,-4.6028;5.7812,-4.2281,-5.5159;5.7430,-1.8496,-5.1193;</g>
	</geometry>
	<conformers/>
	<properties/>
</molecule>
