<?xml version="1.0" ?>
<!--MOLLI PACKAGE EXPERIMENTAL XML FORMAT-->
<molecule name="nuc2390">
	<atoms>
		<a id="1" s="C" t="C.3" l="C"/>
		<a id="2" s="C" t="C.3" l="C"/>
		<a id="3" s="O" t="O.3" l="O"/>
		<a id="4" s="C" t="C.2" l="C"/>
		<a id="5" s="O" t="O.2" l="O"/>
		<a id="6" s="C" t="C.3" l="C"/>
		<a id="7" s="C" t="C.ar" l="C"/>
		<a id="8" s="C" t="C.ar" l="C"/>
		<a id="9" s="C" t="C.ar" l="C"/>
		<a id="10" s="C" t="C.ar" l="C"/>
		<a id="11" s="N" t="N.pl3" l="N"/>
		<a id="12" s="C" t="C.ar" l="C"/>
		<a id="13" s="C" t="C.ar" l="C"/>
		<a id="14" s="H" t="H" l="H"/>
		<a id="15" s="H" t="H" l="H"/>
		<a id="16" s="H" t="H" l="H"/>
		<a id="17" s="H" t="H" l="H"/>
		<a id="18" s="H" t="H" l="H"/>
		<a id="19" s="H" t="H" l="H"/>
		<a id="20" s="H" t="H" l="H"/>
		<a id="21" s="H" t="H" l="H"/>
		<a id="22" s="H" t="H" l="H"/>
		<a id="23" s="H" t="H" l="H"/>
		<a id="24" s="H" t="H" l="H"/>
		<a id="25" s="H" t="H" l="H"/>
		<a id="26" s="H" t="H" l="H"/>
	</atoms>
	<bonds>
		<b id="1" c="1 2" t="1"/>
		<b id="2" c="2 3" t="1"/>
		<b id="3" c="3 4" t="1"/>
		<b id="4" c="4 5" t="2"/>
		<b id="5" c="4 6" t="1"/>
		<b id="6" c="6 7" t="1"/>
		<b id="7" c="7 8" t="ar"/>
		<b id="8" c="8 9" t="ar"/>
		<b id="9" c="9 10" t="ar"/>
		<b id="10" c="10 11" t="1"/>
		<b id="11" c="10 12" t="ar"/>
		<b id="12" c="12 13" t="ar"/>
		<b id="13" c="7 13" t="ar"/>
		<b id="14" c="1 14" t="1"/>
		<b id="15" c="1 15" t="1"/>
		<b id="16" c="1 16" t="1"/>
		<b id="17" c="2 17" t="1"/>
		<b id="18" c="2 18" t="1"/>
		<b id="19" c="6 19" t="1"/>
		<b id="20" c="6 20" t="1"/>
		<b id="21" c="8 21" t="1"/>
		<b id="22" c="9 22" t="1"/>
		<b id="23" c="11 23" t="1"/>
		<b id="24" c="11 24" t="1"/>
		<b id="25" c="12 25" t="1"/>
		<b id="26" c="13 26" t="1"/>
	</bonds>
	<geometry>
		<g u="A" t="cart/3d">#26,3:2.5280,1.6212,1.9451;2.5442,0.4294,0.9993;3.1913,-0.6991,1.5902;4.5305,-0.7361,1.5266;5.2005,0.1038,0.9919;5.0479,-1.9880,2.2112;6.5483,-2.0408,2.2168;7.2751,-1.2501,3.0982;8.6541,-1.2743,3.1026;9.3513,-2.0943,2.2150;10.7313,-2.0725,2.1706;8.6223,-2.8844,1.3270;7.2422,-2.8506,1.3287;1.9772,2.4398,1.4910;3.5454,1.9488,2.1440;2.0521,1.3500,2.8846;3.0653,0.6899,0.0723;1.5306,0.0898,0.7753;4.6257,-2.8475,1.6869;4.6485,-1.9911,3.2279;6.7526,-0.6072,3.7919;9.2058,-0.6529,3.7940;11.1989,-1.7240,2.9916;11.1771,-2.8657,1.7391;9.1484,-3.5223,0.6310;6.6974,-3.4689,0.6292;</g>
	</geometry>
	<conformers/>
	<properties/>
</molecule>
