<?xml version="1.0" ?>
<!--MOLLI PACKAGE EXPERIMENTAL XML FORMAT-->
<molecule name="nuc2392">
	<atoms>
		<a id="1" s="C" t="C.3" l="C"/>
		<a id="2" s="O" t="O.3" l="O"/>
		<a id="3" s="C" t="C.2" l="C"/>
		<a id="4" s="O" t="O.2" l="O"/>
		<a id="5" s="C" t="C.3" l="C"/>
		<a id="6" s="C" t="C.3" l="C"/>
		<a id="7" s="C" t="C.3" l="C"/>
		<a id="8" s="C" t="C.3" l="C"/>
		<a id="9" s="C" t="C.3" l="C"/>
		<a id="10" s="N" t="N.3" l="N"/>
		<a id="11" s="H" t="H" l="H"/>
		<a id="12" s="H" t="H" l="H"/>
		<a id="13" s="H" t="H" l="H"/>
		<a id="14" s="H" t="H" l="H"/>
		<a id="15" s="H" t="H" l="H"/>
		<a id="16" s="H" t="H" l="H"/>
		<a id="17" s="H" t="H" l="H"/>
		<a id="18" s="H" t="H" l="H"/>
		<a id="19" s="H" t="H" l="H"/>
		<a id="20" s="H" t="H" l="H"/>
		<a id="21" s="H" t="H" l="H"/>
		<a id="22" s="H" t="H" l="H"/>
		<a id="23" s="H" t="H" l="H"/>
		<a id="24" s="H" t="H" l="H"/>
		<a id="25" s="H" t="H" l="H"/>
	</atoms>
	<bonds>
		<b id="1" c="1 2" t="1"/>
		<b id="2" c="2 3" t="1"/>
		<b id="3" c="3 4" t="2"/>
		<b id="4" c="3 5" t="1"/>
		<b id="5" c="5 6" t="1"/>
		<b id="6" c="6 7" t="1"/>
		<b id="7" c="7 8" t="1"/>
		<b id="8" c="8 9" t="1"/>
		<b id="9" c="9 10" t="1"/>
		<b id="10" c="1 11" t="1"/>
		<b id="11" c="1 12" t="1"/>
		<b id="12" c="1 13" t="1"/>
		<b id="13" c="5 14" t="1"/>
		<b id="14" c="5 15" t="1"/>
		<b id="15" c="6 16" t="1"/>
		<b id="16" c="6 17" t="1"/>
		<b id="17" c="7 18" t="1"/>
		<b id="18" c="7 19" t="1"/>
		<b id="19" c="8 20" t="1"/>
		<b id="20" c="8 21" t="1"/>
		<b id="21" c="9 22" t="1"/>
		<b id="22" c="9 23" t="1"/>
		<b id="23" c="10 24" t="1"/>
		<b id="24" c="10 25" t="1"/>
	</bonds>
	<geometry>
		<g u="A" t="cart/3d">#25,3:1.0186,-0.0213,-0.0287;2.4344,0.0829,0.0357;2.9216,1.2548,0.4731;2.2258,2.1789,0.7970;4.4316,1.2319,0.4900;5.0161,2.5520,0.9822;6.5419,2.5331,0.9772;7.1251,3.8578,1.4598;8.6521,3.8548,1.4403;9.1565,5.0898,2.0198;0.8040,-1.0155,-0.4113;0.6121,0.7431,-0.6940;0.5833,0.1111,0.9638;4.7744,1.0088,-0.5230;4.7487,0.4037,1.1276;4.6528,2.7487,1.9920;4.6537,3.3602,0.3448;6.8990,2.3284,-0.0354;6.8980,1.7264,1.6220;6.7944,4.0617,2.4788;6.7610,4.6687,0.8245;9.0010,3.6843,0.4061;9.0235,3.0301,2.0560;8.8408,5.8857,1.4747;10.1706,5.0957,2.0170;</g>
	</geometry>
	<conformers/>
	<properties/>
</molecule>
