<?xml version="1.0" ?>
<!--MOLLI PACKAGE EXPERIMENTAL XML FORMAT-->
<molecule name="nuc2394">
	<atoms>
		<a id="1" s="C" t="C.3" l="C"/>
		<a id="2" s="N" t="N.3" l="N"/>
		<a id="3" s="C" t="C.3" l="C"/>
		<a id="4" s="C" t="C.ar" l="C"/>
		<a id="5" s="C" t="C.ar" l="C"/>
		<a id="6" s="C" t="C.ar" l="C"/>
		<a id="7" s="C" t="C.ar" l="C"/>
		<a id="8" s="C" t="C.ar" l="C"/>
		<a id="9" s="C" t="C.ar" l="C"/>
		<a id="10" s="S" t="S.O2" l="S"/>
		<a id="11" s="N" t="N.3" l="N"/>
		<a id="12" s="O" t="O.2" l="O"/>
		<a id="13" s="O" t="O.2" l="O"/>
		<a id="14" s="H" t="H" l="H"/>
		<a id="15" s="H" t="H" l="H"/>
		<a id="16" s="H" t="H" l="H"/>
		<a id="17" s="H" t="H" l="H"/>
		<a id="18" s="H" t="H" l="H"/>
		<a id="19" s="H" t="H" l="H"/>
		<a id="20" s="H" t="H" l="H"/>
		<a id="21" s="H" t="H" l="H"/>
		<a id="22" s="H" t="H" l="H"/>
		<a id="23" s="H" t="H" l="H"/>
		<a id="24" s="H" t="H" l="H"/>
		<a id="25" s="H" t="H" l="H"/>
	</atoms>
	<bonds>
		<b id="1" c="1 2" t="1"/>
		<b id="2" c="2 3" t="1"/>
		<b id="3" c="3 4" t="1"/>
		<b id="4" c="4 5" t="ar"/>
		<b id="5" c="5 6" t="ar"/>
		<b id="6" c="6 7" t="ar"/>
		<b id="7" c="7 8" t="ar"/>
		<b id="8" c="8 9" t="ar"/>
		<b id="9" c="4 9" t="ar"/>
		<b id="10" c="2 10" t="1"/>
		<b id="11" c="10 11" t="1"/>
		<b id="12" c="10 12" t="2"/>
		<b id="13" c="10 13" t="2"/>
		<b id="14" c="1 14" t="1"/>
		<b id="15" c="1 15" t="1"/>
		<b id="16" c="1 16" t="1"/>
		<b id="17" c="3 17" t="1"/>
		<b id="18" c="3 18" t="1"/>
		<b id="19" c="5 19" t="1"/>
		<b id="20" c="6 20" t="1"/>
		<b id="21" c="7 21" t="1"/>
		<b id="22" c="8 22" t="1"/>
		<b id="23" c="9 23" t="1"/>
		<b id="24" c="11 24" t="1"/>
		<b id="25" c="11 25" t="1"/>
	</bonds>
	<geometry>
		<g u="A" t="cart/3d">#25,3:0.9861,-0.1592,-0.0488;2.4157,-0.1785,0.1611;2.8207,-0.8422,1.3930;2.5542,0.0576,2.5688;1.5410,-0.2235,3.4748;1.2901,0.6309,4.5359;2.0472,1.7780,4.6966;3.0576,2.0677,3.7936;3.3087,1.2128,2.7361;3.2289,-0.7563,-1.1969;3.2082,0.5538,-2.2108;4.5869,-0.9831,-0.8326;2.4817,-1.7893,-1.8403;0.5033,0.2381,0.8426;0.5997,-1.1603,-0.2668;0.7653,0.4916,-0.8923;3.8901,-1.0318,1.2895;2.2993,-1.8022,1.5102;0.9482,-1.1194,3.3544;0.5009,0.4003,5.2362;1.8525,2.4441,5.5241;3.6528,2.9602,3.9187;4.0958,1.4297,2.0294;3.6111,1.3759,-1.7966;2.3181,0.7210,-2.6462;</g>
	</geometry>
	<conformers/>
	<properties/>
</molecule>
