<?xml version="1.0" ?>
<!--MOLLI PACKAGE EXPERIMENTAL XML FORMAT-->
<molecule name="nuc2404">
	<atoms>
		<a id="1" s="C" t="C.3" l="C"/>
		<a id="2" s="C" t="C.ar" l="C"/>
		<a id="3" s="C" t="C.ar" l="C"/>
		<a id="4" s="C" t="C.ar" l="C"/>
		<a id="5" s="C" t="C.ar" l="C"/>
		<a id="6" s="C" t="C.ar" l="C"/>
		<a id="7" s="S" t="S.O2" l="S"/>
		<a id="8" s="N" t="N.3" l="N"/>
		<a id="9" s="O" t="O.2" l="O"/>
		<a id="10" s="O" t="O.2" l="O"/>
		<a id="11" s="C" t="C.ar" l="C"/>
		<a id="12" s="H" t="H" l="H"/>
		<a id="13" s="H" t="H" l="H"/>
		<a id="14" s="H" t="H" l="H"/>
		<a id="15" s="H" t="H" l="H"/>
		<a id="16" s="H" t="H" l="H"/>
		<a id="17" s="H" t="H" l="H"/>
		<a id="18" s="H" t="H" l="H"/>
		<a id="19" s="H" t="H" l="H"/>
		<a id="20" s="H" t="H" l="H"/>
	</atoms>
	<bonds>
		<b id="1" c="1 2" t="1"/>
		<b id="2" c="2 3" t="ar"/>
		<b id="3" c="3 4" t="ar"/>
		<b id="4" c="4 5" t="ar"/>
		<b id="5" c="5 6" t="ar"/>
		<b id="6" c="6 7" t="1"/>
		<b id="7" c="7 8" t="1"/>
		<b id="8" c="7 9" t="2"/>
		<b id="9" c="7 10" t="2"/>
		<b id="10" c="6 11" t="ar"/>
		<b id="11" c="2 11" t="ar"/>
		<b id="12" c="1 12" t="1"/>
		<b id="13" c="1 13" t="1"/>
		<b id="14" c="1 14" t="1"/>
		<b id="15" c="3 15" t="1"/>
		<b id="16" c="4 16" t="1"/>
		<b id="17" c="5 17" t="1"/>
		<b id="18" c="8 18" t="1"/>
		<b id="19" c="8 19" t="1"/>
		<b id="20" c="11 20" t="1"/>
	</bonds>
	<geometry>
		<g u="A" t="cart/3d">#20,3:2.4710,-0.0122,0.0117;0.9740,-0.0018,0.0101;0.2563,1.1888,0.0101;-1.1300,1.1935,-0.0025;-1.8265,-0.0030,-0.0124;-1.1111,-1.1831,-0.0089;-1.9917,-2.7291,0.0145;-2.2059,-2.9382,1.6768;-3.2886,-2.5618,-0.5748;-1.1381,-3.7826,-0.4548;0.2659,-1.2002,0.0022;2.8698,0.9982,0.0449;2.8434,-0.5050,-0.8849;2.8449,-0.5648,0.8720;0.7898,2.1284,0.0150;-1.6642,2.1315,-0.0075;-2.9032,-0.0414,-0.0366;-3.1826,-2.9622,1.9216;-1.7259,-3.7584,2.0097;0.7732,-2.1523,-0.0099;</g>
	</geometry>
	<conformers/>
	<properties/>
</molecule>
