<?xml version="1.0" ?>
<!--MOLLI PACKAGE EXPERIMENTAL XML FORMAT-->
<molecule name="nuc2407">
	<atoms>
		<a id="1" s="C" t="C.3" l="C"/>
		<a id="2" s="C" t="C.ar" l="C"/>
		<a id="3" s="N" t="N.ar" l="N"/>
		<a id="4" s="C" t="C.ar" l="C"/>
		<a id="5" s="C" t="C.ar" l="C"/>
		<a id="6" s="C" t="C.ar" l="C"/>
		<a id="7" s="C" t="C.ar" l="C"/>
		<a id="8" s="N" t="N.pl3" l="N"/>
		<a id="9" s="C" t="C.ar" l="C"/>
		<a id="10" s="C" t="C.ar" l="C"/>
		<a id="11" s="O" t="O.2" l="O"/>
		<a id="12" s="H" t="H" l="H"/>
		<a id="13" s="H" t="H" l="H"/>
		<a id="14" s="H" t="H" l="H"/>
		<a id="15" s="H" t="H" l="H"/>
		<a id="16" s="H" t="H" l="H"/>
		<a id="17" s="H" t="H" l="H"/>
		<a id="18" s="H" t="H" l="H"/>
		<a id="19" s="H" t="H" l="H"/>
	</atoms>
	<bonds>
		<b id="1" c="1 2" t="1"/>
		<b id="2" c="2 3" t="ar"/>
		<b id="3" c="3 4" t="ar"/>
		<b id="4" c="4 5" t="ar"/>
		<b id="5" c="5 6" t="ar"/>
		<b id="6" c="6 7" t="ar"/>
		<b id="7" c="7 8" t="1"/>
		<b id="8" c="7 9" t="ar"/>
		<b id="9" c="9 10" t="ar"/>
		<b id="10" c="4 10" t="ar"/>
		<b id="11" c="10 11" t="ar"/>
		<b id="12" c="2 11" t="ar"/>
		<b id="13" c="1 12" t="1"/>
		<b id="14" c="1 13" t="1"/>
		<b id="15" c="1 14" t="1"/>
		<b id="16" c="5 15" t="1"/>
		<b id="17" c="6 16" t="1"/>
		<b id="18" c="8 17" t="1"/>
		<b id="19" c="8 18" t="1"/>
		<b id="20" c="9 19" t="1"/>
	</bonds>
	<geometry>
		<g u="A" t="cart/3d">#19,3:1.1349,-0.0055,0.0897;2.6119,-0.0968,0.0783;3.3113,-1.1758,0.0902;4.6255,-0.7596,0.0719;5.8249,-1.4575,0.0757;6.9897,-0.7238,0.0573;6.9924,0.6822,0.0342;8.1924,1.3589,-0.0584;5.7923,1.3910,0.0331;4.6308,0.6485,0.0491;3.3369,1.0613,0.0540;0.7199,-1.0079,0.0954;0.7870,0.5331,-0.7904;0.8005,0.5366,0.9730;5.8360,-2.5348,0.0949;7.9418,-1.2347,0.0579;9.0130,0.8559,0.2370;8.1788,2.3309,0.2036;5.7766,2.4691,0.0159;</g>
	</geometry>
	<conformers/>
	<properties/>
</molecule>
