<?xml version="1.0" ?>
<!--MOLLI PACKAGE EXPERIMENTAL XML FORMAT-->
<molecule name="nuc2410">
	<atoms>
		<a id="1" s="N" t="N.pl3" l="N"/>
		<a id="2" s="C" t="C.ar" l="C"/>
		<a id="3" s="N" t="N.ar" l="N"/>
		<a id="4" s="C" t="C.ar" l="C"/>
		<a id="5" s="N" t="N.ar" l="N"/>
		<a id="6" s="C" t="C.ar" l="C"/>
		<a id="7" s="C" t="C.ar" l="C"/>
		<a id="8" s="C" t="C.ar" l="C"/>
		<a id="9" s="C" t="C.ar" l="C"/>
		<a id="10" s="C" t="C.ar" l="C"/>
		<a id="11" s="N" t="N.ar" l="N"/>
		<a id="12" s="C" t="C.ar" l="C"/>
		<a id="13" s="C" t="C.ar" l="C"/>
		<a id="14" s="C" t="C.ar" l="C"/>
		<a id="15" s="N" t="N.pl3" l="N"/>
		<a id="16" s="C" t="C.3" l="C"/>
		<a id="17" s="C" t="C.3" l="C"/>
		<a id="18" s="O" t="O.3" l="O"/>
		<a id="19" s="C" t="C.3" l="C"/>
		<a id="20" s="C" t="C.3" l="C"/>
		<a id="21" s="N" t="N.ar" l="N"/>
		<a id="22" s="C" t="C.ar" l="C"/>
		<a id="23" s="C" t="C.ar" l="C"/>
		<a id="24" s="H" t="H" l="H"/>
		<a id="25" s="H" t="H" l="H"/>
		<a id="26" s="H" t="H" l="H"/>
		<a id="27" s="H" t="H" l="H"/>
		<a id="28" s="H" t="H" l="H"/>
		<a id="29" s="H" t="H" l="H"/>
		<a id="30" s="H" t="H" l="H"/>
		<a id="31" s="H" t="H" l="H"/>
		<a id="32" s="H" t="H" l="H"/>
		<a id="33" s="H" t="H" l="H"/>
		<a id="34" s="H" t="H" l="H"/>
		<a id="35" s="H" t="H" l="H"/>
		<a id="36" s="H" t="H" l="H"/>
		<a id="37" s="H" t="H" l="H"/>
		<a id="38" s="H" t="H" l="H"/>
		<a id="39" s="H" t="H" l="H"/>
	</atoms>
	<bonds>
		<b id="1" c="1 2" t="1"/>
		<b id="2" c="2 3" t="ar"/>
		<b id="3" c="3 4" t="ar"/>
		<b id="4" c="4 5" t="ar"/>
		<b id="5" c="5 6" t="ar"/>
		<b id="6" c="6 7" t="ar"/>
		<b id="7" c="7 8" t="ar"/>
		<b id="8" c="8 9" t="ar"/>
		<b id="9" c="9 10" t="1"/>
		<b id="10" c="10 11" t="ar"/>
		<b id="11" c="11 12" t="ar"/>
		<b id="12" c="12 13" t="ar"/>
		<b id="13" c="13 14" t="ar"/>
		<b id="14" c="14 15" t="1"/>
		<b id="15" c="15 16" t="1"/>
		<b id="16" c="16 17" t="1"/>
		<b id="17" c="17 18" t="1"/>
		<b id="18" c="18 19" t="1"/>
		<b id="19" c="19 20" t="1"/>
		<b id="20" c="15 20" t="1"/>
		<b id="21" c="14 21" t="ar"/>
		<b id="22" c="10 21" t="ar"/>
		<b id="23" c="9 22" t="ar"/>
		<b id="24" c="22 23" t="ar"/>
		<b id="25" c="2 23" t="ar"/>
		<b id="26" c="6 23" t="ar"/>
		<b id="27" c="1 24" t="1"/>
		<b id="28" c="1 25" t="1"/>
		<b id="29" c="4 26" t="1"/>
		<b id="30" c="7 27" t="1"/>
		<b id="31" c="8 28" t="1"/>
		<b id="32" c="12 29" t="1"/>
		<b id="33" c="13 30" t="1"/>
		<b id="34" c="16 31" t="1"/>
		<b id="35" c="16 32" t="1"/>
		<b id="36" c="17 33" t="1"/>
		<b id="37" c="17 34" t="1"/>
		<b id="38" c="19 35" t="1"/>
		<b id="39" c="19 36" t="1"/>
		<b id="40" c="20 37" t="1"/>
		<b id="41" c="20 38" t="1"/>
		<b id="42" c="22 39" t="1"/>
	</bonds>
	<geometry>
		<g u="A" t="cart/3d">#39,3:-1.9571,-1.7805,3.0883;-1.1387,-1.6925,2.0241;-0.1347,-2.5521,1.9713;0.6834,-2.4774,0.9203;0.6240,-1.6456,-0.0785;-0.3900,-0.7494,-0.0645;-0.5086,0.1780,-1.1190;-1.5254,1.0892,-1.1257;-2.4758,1.1184,-0.0860;-3.5673,2.0967,-0.1021;-4.5057,1.9830,0.8351;-5.4861,2.8754,0.7936;-5.5633,3.8769,-0.1471;-4.5237,3.9267,-1.0987;-4.4120,4.8891,-2.0466;-5.4954,5.7369,-2.4867;-6.0377,5.2079,-3.8237;-5.0192,5.1387,-4.7929;-3.9598,4.3077,-4.3663;-3.3654,4.8085,-3.0461;-3.5415,3.0199,-1.0531;-2.3792,0.2189,0.9556;-1.3427,-0.7202,0.9887;-1.7442,-2.4653,3.7914;-2.7163,-1.1388,3.2205;1.4915,-3.1991,0.9102;0.2249,0.1383,-1.9088;-1.6277,1.8028,-1.9284;-6.2444,2.7714,1.5604;-6.3776,4.5805,-0.1303;-5.0988,6.7479,-2.6361;-6.2944,5.7782,-1.7498;-6.7985,5.8784,-4.2268;-6.4771,4.2097,-3.6651;-3.2162,4.3312,-5.1640;-4.3210,3.2764,-4.2328;-2.9498,5.8115,-3.1887;-2.5942,4.1305,-2.6858;-3.1262,0.2667,1.7333;</g>
	</geometry>
	<conformers/>
	<properties/>
</molecule>
