<?xml version="1.0" ?>
<!--MOLLI PACKAGE EXPERIMENTAL XML FORMAT-->
<molecule name="nuc2417">
	<atoms>
		<a id="1" s="C" t="C.3" l="C"/>
		<a id="2" s="C" t="C.3" l="C"/>
		<a id="3" s="C" t="C.3" l="C"/>
		<a id="4" s="C" t="C.3" l="C"/>
		<a id="5" s="O" t="O.3" l="O"/>
		<a id="6" s="C" t="C.2" l="C"/>
		<a id="7" s="O" t="O.2" l="O"/>
		<a id="8" s="N" t="N.am" l="N"/>
		<a id="9" s="C" t="C.3" l="C"/>
		<a id="10" s="C" t="C.3" l="C"/>
		<a id="11" s="C" t="C.3" l="C"/>
		<a id="12" s="C" t="C.3" l="C"/>
		<a id="13" s="N" t="N.am" l="N"/>
		<a id="14" s="C" t="C.2" l="C"/>
		<a id="15" s="O" t="O.2" l="O"/>
		<a id="16" s="C" t="C.ar" l="C"/>
		<a id="17" s="C" t="C.ar" l="C"/>
		<a id="18" s="C" t="C.ar" l="C"/>
		<a id="19" s="C" t="C.ar" l="C"/>
		<a id="20" s="N" t="N.pl3" l="N"/>
		<a id="21" s="C" t="C.ar" l="C"/>
		<a id="22" s="O" t="O.3" l="O"/>
		<a id="23" s="C" t="C.ar" l="C"/>
		<a id="24" s="H" t="H" l="H"/>
		<a id="25" s="H" t="H" l="H"/>
		<a id="26" s="H" t="H" l="H"/>
		<a id="27" s="H" t="H" l="H"/>
		<a id="28" s="H" t="H" l="H"/>
		<a id="29" s="H" t="H" l="H"/>
		<a id="30" s="H" t="H" l="H"/>
		<a id="31" s="H" t="H" l="H"/>
		<a id="32" s="H" t="H" l="H"/>
		<a id="33" s="H" t="H" l="H"/>
		<a id="34" s="H" t="H" l="H"/>
		<a id="35" s="H" t="H" l="H"/>
		<a id="36" s="H" t="H" l="H"/>
		<a id="37" s="H" t="H" l="H"/>
		<a id="38" s="H" t="H" l="H"/>
		<a id="39" s="H" t="H" l="H"/>
		<a id="40" s="H" t="H" l="H"/>
		<a id="41" s="H" t="H" l="H"/>
		<a id="42" s="H" t="H" l="H"/>
		<a id="43" s="H" t="H" l="H"/>
		<a id="44" s="H" t="H" l="H"/>
		<a id="45" s="H" t="H" l="H"/>
		<a id="46" s="H" t="H" l="H"/>
		<a id="47" s="H" t="H" l="H"/>
		<a id="48" s="H" t="H" l="H"/>
	</atoms>
	<bonds>
		<b id="1" c="1 2" t="1"/>
		<b id="2" c="2 3" t="1"/>
		<b id="3" c="2 4" t="1"/>
		<b id="4" c="2 5" t="1"/>
		<b id="5" c="5 6" t="1"/>
		<b id="6" c="6 7" t="2"/>
		<b id="7" c="6 8" t="am"/>
		<b id="8" c="8 9" t="1"/>
		<b id="9" c="9 10" t="1"/>
		<b id="10" c="10 11" t="1"/>
		<b id="11" c="11 12" t="1"/>
		<b id="12" c="12 13" t="1"/>
		<b id="13" c="13 14" t="am"/>
		<b id="14" c="14 15" t="2"/>
		<b id="15" c="14 16" t="1"/>
		<b id="16" c="16 17" t="ar"/>
		<b id="17" c="17 18" t="ar"/>
		<b id="18" c="18 19" t="ar"/>
		<b id="19" c="19 20" t="1"/>
		<b id="20" c="19 21" t="ar"/>
		<b id="21" c="21 22" t="1"/>
		<b id="22" c="21 23" t="ar"/>
		<b id="23" c="16 23" t="ar"/>
		<b id="24" c="1 24" t="1"/>
		<b id="25" c="1 25" t="1"/>
		<b id="26" c="1 26" t="1"/>
		<b id="27" c="3 27" t="1"/>
		<b id="28" c="3 28" t="1"/>
		<b id="29" c="3 29" t="1"/>
		<b id="30" c="4 30" t="1"/>
		<b id="31" c="4 31" t="1"/>
		<b id="32" c="4 32" t="1"/>
		<b id="33" c="8 33" t="1"/>
		<b id="34" c="9 34" t="1"/>
		<b id="35" c="9 35" t="1"/>
		<b id="36" c="10 36" t="1"/>
		<b id="37" c="10 37" t="1"/>
		<b id="38" c="11 38" t="1"/>
		<b id="39" c="11 39" t="1"/>
		<b id="40" c="12 40" t="1"/>
		<b id="41" c="12 41" t="1"/>
		<b id="42" c="13 42" t="1"/>
		<b id="43" c="17 43" t="1"/>
		<b id="44" c="18 44" t="1"/>
		<b id="45" c="20 45" t="1"/>
		<b id="46" c="20 46" t="1"/>
		<b id="47" c="22 47" t="1"/>
		<b id="48" c="23 48" t="1"/>
	</bonds>
	<geometry>
		<g u="A" t="cart/3d">#48,3:2.0971,-4.6930,0.1098;2.1399,-3.1689,-0.0014;2.5033,-2.7333,-1.4207;0.7988,-2.5641,0.4170;3.0851,-2.6224,0.9493;4.3923,-2.9348,0.8653;4.9041,-3.6863,0.0710;5.0774,-2.2424,1.8085;6.4735,-2.4854,2.0774;6.6836,-3.3492,3.3238;8.1638,-3.6194,3.5714;8.3757,-4.4649,4.8301;9.7736,-4.7167,5.0788;10.4590,-4.1072,6.0776;9.9184,-3.3825,6.8927;11.9123,-4.4272,6.1320;12.5479,-4.3600,7.3671;13.8885,-4.6655,7.4854;14.6378,-5.0243,6.3709;16.0053,-5.3011,6.4566;14.0130,-5.0226,5.1130;14.7199,-5.3039,3.9747;12.6631,-4.7459,5.0032;1.3392,-5.0879,-0.5608;1.8556,-4.9869,1.1293;3.0621,-5.1135,-0.1591;1.7391,-3.0717,-2.1148;3.4594,-3.1604,-1.7096;2.5725,-1.6487,-1.4716;0.0110,-2.9208,-0.2396;0.8450,-1.4798,0.3609;0.5646,-2.8472,1.4398;4.5401,-1.7142,2.4771;6.9857,-1.5256,2.1962;6.8718,-2.9952,1.1972;6.1545,-4.2949,3.1894;6.2561,-2.8432,4.1925;8.6961,-2.6736,3.6904;8.5872,-4.1388,2.7082;7.8458,-5.4184,4.7341;7.9979,-3.9330,5.7066;10.2669,-5.3016,4.4250;11.9676,-4.0788,8.2317;14.3707,-4.6328,8.4521;16.3402,-5.3575,7.4075;16.3105,-6.0962,5.9108;15.6588,-5.1654,4.1495;12.2389,-4.7440,4.0107;</g>
	</geometry>
	<conformers/>
	<properties/>
</molecule>
