<?xml version="1.0" ?>
<!--MOLLI PACKAGE EXPERIMENTAL XML FORMAT-->
<molecule name="nuc2420">
	<atoms>
		<a id="1" s="C" t="C.3" l="C"/>
		<a id="2" s="C" t="C.ar" l="C"/>
		<a id="3" s="C" t="C.ar" l="C"/>
		<a id="4" s="C" t="C.ar" l="C"/>
		<a id="5" s="C" t="C.2" l="C"/>
		<a id="6" s="O" t="O.2" l="O"/>
		<a id="7" s="N" t="N.am" l="N"/>
		<a id="8" s="C" t="C.3" l="C"/>
		<a id="9" s="C" t="C.3" l="C"/>
		<a id="10" s="C" t="C.3" l="C"/>
		<a id="11" s="N" t="N.am" l="N"/>
		<a id="12" s="C" t="C.2" l="C"/>
		<a id="13" s="O" t="O.2" l="O"/>
		<a id="14" s="O" t="O.3" l="O"/>
		<a id="15" s="C" t="C.3" l="C"/>
		<a id="16" s="C" t="C.3" l="C"/>
		<a id="17" s="C" t="C.3" l="C"/>
		<a id="18" s="C" t="C.3" l="C"/>
		<a id="19" s="C" t="C.3" l="C"/>
		<a id="20" s="C" t="C.3" l="C"/>
		<a id="21" s="C" t="C.ar" l="C"/>
		<a id="22" s="C" t="C.ar" l="C"/>
		<a id="23" s="C" t="C.ar" l="C"/>
		<a id="24" s="N" t="N.pl3" l="N"/>
		<a id="25" s="H" t="H" l="H"/>
		<a id="26" s="H" t="H" l="H"/>
		<a id="27" s="H" t="H" l="H"/>
		<a id="28" s="H" t="H" l="H"/>
		<a id="29" s="H" t="H" l="H"/>
		<a id="30" s="H" t="H" l="H"/>
		<a id="31" s="H" t="H" l="H"/>
		<a id="32" s="H" t="H" l="H"/>
		<a id="33" s="H" t="H" l="H"/>
		<a id="34" s="H" t="H" l="H"/>
		<a id="35" s="H" t="H" l="H"/>
		<a id="36" s="H" t="H" l="H"/>
		<a id="37" s="H" t="H" l="H"/>
		<a id="38" s="H" t="H" l="H"/>
		<a id="39" s="H" t="H" l="H"/>
		<a id="40" s="H" t="H" l="H"/>
		<a id="41" s="H" t="H" l="H"/>
		<a id="42" s="H" t="H" l="H"/>
		<a id="43" s="H" t="H" l="H"/>
		<a id="44" s="H" t="H" l="H"/>
		<a id="45" s="H" t="H" l="H"/>
		<a id="46" s="H" t="H" l="H"/>
		<a id="47" s="H" t="H" l="H"/>
		<a id="48" s="H" t="H" l="H"/>
		<a id="49" s="H" t="H" l="H"/>
		<a id="50" s="H" t="H" l="H"/>
		<a id="51" s="H" t="H" l="H"/>
	</atoms>
	<bonds>
		<b id="1" c="1 2" t="1"/>
		<b id="2" c="2 3" t="ar"/>
		<b id="3" c="3 4" t="ar"/>
		<b id="4" c="4 5" t="1"/>
		<b id="5" c="5 6" t="2"/>
		<b id="6" c="5 7" t="am"/>
		<b id="7" c="7 8" t="1"/>
		<b id="8" c="8 9" t="1"/>
		<b id="9" c="9 10" t="1"/>
		<b id="10" c="10 11" t="1"/>
		<b id="11" c="11 12" t="am"/>
		<b id="12" c="12 13" t="2"/>
		<b id="13" c="12 14" t="1"/>
		<b id="14" c="14 15" t="1"/>
		<b id="15" c="15 16" t="1"/>
		<b id="16" c="15 17" t="1"/>
		<b id="17" c="15 18" t="1"/>
		<b id="18" c="11 19" t="1"/>
		<b id="19" c="19 20" t="1"/>
		<b id="20" c="8 20" t="1"/>
		<b id="21" c="4 21" t="ar"/>
		<b id="22" c="21 22" t="ar"/>
		<b id="23" c="22 23" t="ar"/>
		<b id="24" c="2 23" t="ar"/>
		<b id="25" c="23 24" t="1"/>
		<b id="26" c="1 25" t="1"/>
		<b id="27" c="1 26" t="1"/>
		<b id="28" c="1 27" t="1"/>
		<b id="29" c="3 28" t="1"/>
		<b id="30" c="7 29" t="1"/>
		<b id="31" c="8 30" t="1"/>
		<b id="32" c="9 31" t="1"/>
		<b id="33" c="9 32" t="1"/>
		<b id="34" c="10 33" t="1"/>
		<b id="35" c="10 34" t="1"/>
		<b id="36" c="16 35" t="1"/>
		<b id="37" c="16 36" t="1"/>
		<b id="38" c="16 37" t="1"/>
		<b id="39" c="17 38" t="1"/>
		<b id="40" c="17 39" t="1"/>
		<b id="41" c="17 40" t="1"/>
		<b id="42" c="18 41" t="1"/>
		<b id="43" c="18 42" t="1"/>
		<b id="44" c="18 43" t="1"/>
		<b id="45" c="19 44" t="1"/>
		<b id="46" c="19 45" t="1"/>
		<b id="47" c="20 46" t="1"/>
		<b id="48" c="20 47" t="1"/>
		<b id="49" c="21 48" t="1"/>
		<b id="50" c="22 49" t="1"/>
		<b id="51" c="24 50" t="1"/>
		<b id="52" c="24 51" t="1"/>
	</bonds>
	<geometry>
		<g u="A" t="cart/3d">#51,3:1.6078,2.3747,-0.2771;0.5685,1.7034,0.5738;-0.7459,2.1300,0.5497;-1.7259,1.5297,1.3370;-3.1399,1.9846,1.3485;-3.8494,1.9204,2.3349;-3.5820,2.4833,0.1643;-4.9343,2.9556,-0.0260;-5.7886,1.9425,-0.8016;-5.3563,1.8590,-2.2654;-5.3738,3.1709,-2.8750;-6.3166,3.4647,-3.8058;-7.0784,2.6378,-4.2548;-6.2588,4.7594,-4.1702;-7.1478,5.2699,-5.1910;-8.6026,5.1432,-4.7396;-6.7535,6.7428,-5.3169;-6.9182,4.5410,-6.5146;-4.5365,4.1489,-2.2208;-4.9415,4.3055,-0.7524;-1.3593,0.4822,2.1766;-0.0578,0.0342,2.2046;0.9228,0.6307,1.4101;2.2055,0.1273,1.4068;1.1584,3.1602,-0.8791;2.0802,1.6549,-0.9454;2.3848,2.8276,0.3410;-0.9979,2.9780,-0.0731;-2.9978,2.3935,-0.6496;-5.3414,3.0708,0.9851;-6.8325,2.2560,-0.7563;-5.7042,0.9610,-0.3343;-6.0381,1.2232,-2.8322;-4.3434,1.4468,-2.3437;-8.7434,5.6482,-3.7861;-8.8671,4.0956,-4.6265;-9.2568,5.5961,-5.4792;-6.8743,7.2444,-4.3601;-7.3800,7.2328,-6.0560;-5.7134,6.8258,-5.6218;-7.1976,3.4956,-6.4189;-5.8688,4.6006,-6.7962;-7.5200,5.0000,-7.2940;-4.6286,5.0996,-2.7439;-3.4940,3.8144,-2.2945;-5.9488,4.7217,-0.7060;-4.2604,4.9973,-0.2552;-2.1138,0.0300,2.8015;0.2206,-0.7870,2.8498;2.4439,-0.4733,2.1794;2.9410,0.7496,1.1169;</g>
	</geometry>
	<conformers/>
	<properties/>
</molecule>
