<?xml version="1.0" ?>
<!--MOLLI PACKAGE EXPERIMENTAL XML FORMAT-->
<molecule name="nuc2421">
	<atoms>
		<a id="1" s="C" t="C.3" l="C"/>
		<a id="2" s="O" t="O.3" l="O"/>
		<a id="3" s="C" t="C.ar" l="C"/>
		<a id="4" s="C" t="C.ar" l="C"/>
		<a id="5" s="C" t="C.ar" l="C"/>
		<a id="6" s="C" t="C.2" l="C"/>
		<a id="7" s="O" t="O.2" l="O"/>
		<a id="8" s="N" t="N.am" l="N"/>
		<a id="9" s="C" t="C.3" l="C"/>
		<a id="10" s="C" t="C.3" l="C"/>
		<a id="11" s="C" t="C.3" l="C"/>
		<a id="12" s="N" t="N.am" l="N"/>
		<a id="13" s="C" t="C.2" l="C"/>
		<a id="14" s="O" t="O.2" l="O"/>
		<a id="15" s="O" t="O.3" l="O"/>
		<a id="16" s="C" t="C.3" l="C"/>
		<a id="17" s="C" t="C.3" l="C"/>
		<a id="18" s="C" t="C.3" l="C"/>
		<a id="19" s="C" t="C.3" l="C"/>
		<a id="20" s="C" t="C.3" l="C"/>
		<a id="21" s="C" t="C.3" l="C"/>
		<a id="22" s="C" t="C.ar" l="C"/>
		<a id="23" s="C" t="C.ar" l="C"/>
		<a id="24" s="C" t="C.ar" l="C"/>
		<a id="25" s="N" t="N.pl3" l="N"/>
		<a id="26" s="H" t="H" l="H"/>
		<a id="27" s="H" t="H" l="H"/>
		<a id="28" s="H" t="H" l="H"/>
		<a id="29" s="H" t="H" l="H"/>
		<a id="30" s="H" t="H" l="H"/>
		<a id="31" s="H" t="H" l="H"/>
		<a id="32" s="H" t="H" l="H"/>
		<a id="33" s="H" t="H" l="H"/>
		<a id="34" s="H" t="H" l="H"/>
		<a id="35" s="H" t="H" l="H"/>
		<a id="36" s="H" t="H" l="H"/>
		<a id="37" s="H" t="H" l="H"/>
		<a id="38" s="H" t="H" l="H"/>
		<a id="39" s="H" t="H" l="H"/>
		<a id="40" s="H" t="H" l="H"/>
		<a id="41" s="H" t="H" l="H"/>
		<a id="42" s="H" t="H" l="H"/>
		<a id="43" s="H" t="H" l="H"/>
		<a id="44" s="H" t="H" l="H"/>
		<a id="45" s="H" t="H" l="H"/>
		<a id="46" s="H" t="H" l="H"/>
		<a id="47" s="H" t="H" l="H"/>
		<a id="48" s="H" t="H" l="H"/>
		<a id="49" s="H" t="H" l="H"/>
		<a id="50" s="H" t="H" l="H"/>
		<a id="51" s="H" t="H" l="H"/>
		<a id="52" s="H" t="H" l="H"/>
	</atoms>
	<bonds>
		<b id="1" c="1 2" t="1"/>
		<b id="2" c="2 3" t="1"/>
		<b id="3" c="3 4" t="ar"/>
		<b id="4" c="4 5" t="ar"/>
		<b id="5" c="5 6" t="1"/>
		<b id="6" c="6 7" t="2"/>
		<b id="7" c="6 8" t="am"/>
		<b id="8" c="8 9" t="1"/>
		<b id="9" c="9 10" t="1"/>
		<b id="10" c="10 11" t="1"/>
		<b id="11" c="11 12" t="1"/>
		<b id="12" c="12 13" t="am"/>
		<b id="13" c="13 14" t="2"/>
		<b id="14" c="13 15" t="1"/>
		<b id="15" c="15 16" t="1"/>
		<b id="16" c="16 17" t="1"/>
		<b id="17" c="16 18" t="1"/>
		<b id="18" c="16 19" t="1"/>
		<b id="19" c="12 20" t="1"/>
		<b id="20" c="20 21" t="1"/>
		<b id="21" c="9 21" t="1"/>
		<b id="22" c="5 22" t="ar"/>
		<b id="23" c="22 23" t="ar"/>
		<b id="24" c="23 24" t="ar"/>
		<b id="25" c="3 24" t="ar"/>
		<b id="26" c="24 25" t="1"/>
		<b id="27" c="1 26" t="1"/>
		<b id="28" c="1 27" t="1"/>
		<b id="29" c="1 28" t="1"/>
		<b id="30" c="4 29" t="1"/>
		<b id="31" c="8 30" t="1"/>
		<b id="32" c="9 31" t="1"/>
		<b id="33" c="10 32" t="1"/>
		<b id="34" c="10 33" t="1"/>
		<b id="35" c="11 34" t="1"/>
		<b id="36" c="11 35" t="1"/>
		<b id="37" c="17 36" t="1"/>
		<b id="38" c="17 37" t="1"/>
		<b id="39" c="17 38" t="1"/>
		<b id="40" c="18 39" t="1"/>
		<b id="41" c="18 40" t="1"/>
		<b id="42" c="18 41" t="1"/>
		<b id="43" c="19 42" t="1"/>
		<b id="44" c="19 43" t="1"/>
		<b id="45" c="19 44" t="1"/>
		<b id="46" c="20 45" t="1"/>
		<b id="47" c="20 46" t="1"/>
		<b id="48" c="21 47" t="1"/>
		<b id="49" c="21 48" t="1"/>
		<b id="50" c="22 49" t="1"/>
		<b id="51" c="23 50" t="1"/>
		<b id="52" c="25 51" t="1"/>
		<b id="53" c="25 52" t="1"/>
	</bonds>
	<geometry>
		<g u="A" t="cart/3d">#52,3:1.1092,-0.6406,2.6285;1.3744,-1.1446,1.3423;2.5326,-1.8591,1.1594;3.4819,-2.0946,2.1295;4.6493,-2.8059,1.8371;5.6145,-3.0048,2.9487;5.2820,-2.9978,4.1204;6.9030,-3.1858,2.5608;7.9870,-3.3610,3.4994;8.9161,-2.1393,3.5221;9.7227,-2.0343,2.2278;10.4418,-3.2635,1.9760;11.7976,-3.2690,2.0176;12.4545,-2.2617,2.1606;12.2897,-4.5109,1.8537;13.7198,-4.7283,1.8130;14.3615,-4.3087,3.1353;13.8553,-6.2386,1.6090;14.3405,-3.9733,0.6380;9.6134,-4.4434,1.8914;8.7983,-4.6213,3.1749;4.8365,-3.3028,0.5543;3.8828,-3.0807,-0.4217;2.7270,-2.3582,-0.1481;1.7437,-2.1832,-1.0915;0.1499,-0.1305,2.5526;1.8761,0.0735,2.9456;1.0364,-1.4449,3.3662;3.3621,-1.7398,3.1405;7.1396,-3.0730,1.5902;7.5034,-3.4711,4.4768;9.6038,-2.2368,4.3632;8.3270,-1.2326,3.6632;10.4583,-1.2315,2.2968;9.0600,-1.8298,1.3780;13.8851,-4.8290,3.9638;14.2497,-3.2379,3.2805;15.4190,-4.5568,3.1236;13.3845,-6.7701,2.4321;14.9045,-6.5137,1.5629;13.3693,-6.5351,0.6830;14.2281,-2.9023,0.7814;13.8498,-4.2580,-0.2906;15.3978,-4.2126,0.5670;10.2506,-5.3103,1.7236;8.9422,-4.3364,1.0296;9.4793,-4.8204,4.0036;8.1278,-5.4748,3.0674;5.7041,-3.8969,0.3065;4.0240,-3.4761,-1.4172;2.0140,-2.2694,-2.0568;1.0650,-1.4701,-0.8820;</g>
	</geometry>
	<conformers/>
	<properties/>
</molecule>
