<?xml version="1.0" ?>
<!--MOLLI PACKAGE EXPERIMENTAL XML FORMAT-->
<molecule name="nuc2205">
	<atoms>
		<a id="1" s="C" t="C.3" l="C"/>
		<a id="2" s="N" t="N.3" l="N"/>
		<a id="3" s="C" t="C.3" l="C"/>
		<a id="4" s="C" t="C.3" l="C"/>
		<a id="5" s="C" t="C.3" l="C"/>
		<a id="6" s="C" t="C.3" l="C"/>
		<a id="7" s="N" t="N.3" l="N"/>
		<a id="8" s="S" t="S.O2" l="S"/>
		<a id="9" s="O" t="O.2" l="O"/>
		<a id="10" s="O" t="O.2" l="O"/>
		<a id="11" s="C" t="C.ar" l="C"/>
		<a id="12" s="C" t="C.ar" l="C"/>
		<a id="13" s="C" t="C.ar" l="C"/>
		<a id="14" s="C" t="C.ar" l="C"/>
		<a id="15" s="C" t="C.ar" l="C"/>
		<a id="16" s="C" t="C.ar" l="C"/>
		<a id="17" s="N" t="N.pl3" l="N"/>
		<a id="18" s="C" t="C.3" l="C"/>
		<a id="19" s="H" t="H" l="H"/>
		<a id="20" s="H" t="H" l="H"/>
		<a id="21" s="H" t="H" l="H"/>
		<a id="22" s="H" t="H" l="H"/>
		<a id="23" s="H" t="H" l="H"/>
		<a id="24" s="H" t="H" l="H"/>
		<a id="25" s="H" t="H" l="H"/>
		<a id="26" s="H" t="H" l="H"/>
		<a id="27" s="H" t="H" l="H"/>
		<a id="28" s="H" t="H" l="H"/>
		<a id="29" s="H" t="H" l="H"/>
		<a id="30" s="H" t="H" l="H"/>
		<a id="31" s="H" t="H" l="H"/>
		<a id="32" s="H" t="H" l="H"/>
		<a id="33" s="H" t="H" l="H"/>
		<a id="34" s="H" t="H" l="H"/>
		<a id="35" s="H" t="H" l="H"/>
		<a id="36" s="H" t="H" l="H"/>
		<a id="37" s="H" t="H" l="H"/>
	</atoms>
	<bonds>
		<b id="1" c="1 2" t="1"/>
		<b id="2" c="2 3" t="1"/>
		<b id="3" c="3 4" t="1"/>
		<b id="4" c="4 5" t="1"/>
		<b id="5" c="5 6" t="1"/>
		<b id="6" c="6 7" t="1"/>
		<b id="7" c="7 8" t="1"/>
		<b id="8" c="8 9" t="2"/>
		<b id="9" c="8 10" t="2"/>
		<b id="10" c="8 11" t="1"/>
		<b id="11" c="11 12" t="ar"/>
		<b id="12" c="12 13" t="ar"/>
		<b id="13" c="13 14" t="ar"/>
		<b id="14" c="14 15" t="ar"/>
		<b id="15" c="15 16" t="ar"/>
		<b id="16" c="11 16" t="ar"/>
		<b id="17" c="16 17" t="1"/>
		<b id="18" c="5 18" t="1"/>
		<b id="19" c="2 18" t="1"/>
		<b id="20" c="1 19" t="1"/>
		<b id="21" c="1 20" t="1"/>
		<b id="22" c="1 21" t="1"/>
		<b id="23" c="3 22" t="1"/>
		<b id="24" c="3 23" t="1"/>
		<b id="25" c="4 24" t="1"/>
		<b id="26" c="4 25" t="1"/>
		<b id="27" c="5 26" t="1"/>
		<b id="28" c="6 27" t="1"/>
		<b id="29" c="6 28" t="1"/>
		<b id="30" c="7 29" t="1"/>
		<b id="31" c="12 30" t="1"/>
		<b id="32" c="13 31" t="1"/>
		<b id="33" c="14 32" t="1"/>
		<b id="34" c="15 33" t="1"/>
		<b id="35" c="17 34" t="1"/>
		<b id="36" c="17 35" t="1"/>
		<b id="37" c="18 36" t="1"/>
		<b id="38" c="18 37" t="1"/>
	</bonds>
	<geometry>
		<g u="A" t="cart/3d">#37,3:-1.8277,-0.0046,0.4533;-0.5473,-0.0605,-0.2040;0.2348,-1.2405,0.1052;1.5924,-0.9123,-0.5089;1.7385,0.6063,-0.2882;2.2508,1.3247,-1.5340;3.6125,0.9297,-1.8413;4.2057,1.5866,-3.2707;5.4210,0.8596,-3.5457;3.1884,1.5976,-4.2840;4.5776,3.2484,-2.7700;3.7196,4.2597,-3.1557;3.9618,5.5630,-2.7641;5.0790,5.8358,-1.9838;5.9397,4.8291,-1.6031;5.7082,3.4992,-1.9867;6.5126,2.4848,-1.5659;0.3199,1.0647,0.0992;-2.4179,-0.8694,0.1537;-2.3487,0.8993,0.1410;-1.7427,0.0002,1.5532;-0.2287,-2.1250,-0.3344;0.3292,-1.3982,1.1953;1.5631,-1.1289,-1.5768;2.3994,-1.4830,-0.0535;2.4381,0.8085,0.5261;2.2786,2.4048,-1.3620;1.5821,1.1280,-2.3825;3.7238,-0.0744,-1.8681;2.8759,3.9961,-3.7740;3.2964,6.3569,-3.0632;5.2816,6.8509,-1.6756;6.8089,5.0529,-1.0019;7.4290,2.7337,-1.2325;6.4336,1.6219,-2.0879;-0.0034,1.9379,-0.4711;0.2843,1.3214,1.1724;</g>
	</geometry>
	<conformers/>
	<properties/>
</molecule>
