<?xml version="1.0" ?>
<!--MOLLI PACKAGE EXPERIMENTAL XML FORMAT-->
<molecule name="nuc2423">
	<atoms>
		<a id="1" s="C" t="C.3" l="C"/>
		<a id="2" s="C" t="C.ar" l="C"/>
		<a id="3" s="C" t="C.ar" l="C"/>
		<a id="4" s="C" t="C.ar" l="C"/>
		<a id="5" s="N" t="N.pl3" l="N"/>
		<a id="6" s="C" t="C.ar" l="C"/>
		<a id="7" s="C" t="C.ar" l="C"/>
		<a id="8" s="C" t="C.ar" l="C"/>
		<a id="9" s="C" t="C.2" l="C"/>
		<a id="10" s="O" t="O.2" l="O"/>
		<a id="11" s="N" t="N.am" l="N"/>
		<a id="12" s="C" t="C.3" l="C"/>
		<a id="13" s="C" t="C.3" l="C"/>
		<a id="14" s="C" t="C.3" l="C"/>
		<a id="15" s="N" t="N.am" l="N"/>
		<a id="16" s="C" t="C.2" l="C"/>
		<a id="17" s="O" t="O.2" l="O"/>
		<a id="18" s="O" t="O.3" l="O"/>
		<a id="19" s="C" t="C.3" l="C"/>
		<a id="20" s="C" t="C.3" l="C"/>
		<a id="21" s="C" t="C.3" l="C"/>
		<a id="22" s="C" t="C.3" l="C"/>
		<a id="23" s="C" t="C.3" l="C"/>
		<a id="24" s="C" t="C.3" l="C"/>
		<a id="25" s="H" t="H" l="H"/>
		<a id="26" s="H" t="H" l="H"/>
		<a id="27" s="H" t="H" l="H"/>
		<a id="28" s="H" t="H" l="H"/>
		<a id="29" s="H" t="H" l="H"/>
		<a id="30" s="H" t="H" l="H"/>
		<a id="31" s="H" t="H" l="H"/>
		<a id="32" s="H" t="H" l="H"/>
		<a id="33" s="H" t="H" l="H"/>
		<a id="34" s="H" t="H" l="H"/>
		<a id="35" s="H" t="H" l="H"/>
		<a id="36" s="H" t="H" l="H"/>
		<a id="37" s="H" t="H" l="H"/>
		<a id="38" s="H" t="H" l="H"/>
		<a id="39" s="H" t="H" l="H"/>
		<a id="40" s="H" t="H" l="H"/>
		<a id="41" s="H" t="H" l="H"/>
		<a id="42" s="H" t="H" l="H"/>
		<a id="43" s="H" t="H" l="H"/>
		<a id="44" s="H" t="H" l="H"/>
		<a id="45" s="H" t="H" l="H"/>
		<a id="46" s="H" t="H" l="H"/>
		<a id="47" s="H" t="H" l="H"/>
		<a id="48" s="H" t="H" l="H"/>
		<a id="49" s="H" t="H" l="H"/>
		<a id="50" s="H" t="H" l="H"/>
		<a id="51" s="H" t="H" l="H"/>
	</atoms>
	<bonds>
		<b id="1" c="1 2" t="1"/>
		<b id="2" c="2 3" t="ar"/>
		<b id="3" c="3 4" t="ar"/>
		<b id="4" c="4 5" t="1"/>
		<b id="5" c="4 6" t="ar"/>
		<b id="6" c="6 7" t="ar"/>
		<b id="7" c="7 8" t="ar"/>
		<b id="8" c="2 8" t="ar"/>
		<b id="9" c="8 9" t="1"/>
		<b id="10" c="9 10" t="2"/>
		<b id="11" c="9 11" t="am"/>
		<b id="12" c="11 12" t="1"/>
		<b id="13" c="12 13" t="1"/>
		<b id="14" c="13 14" t="1"/>
		<b id="15" c="14 15" t="1"/>
		<b id="16" c="15 16" t="am"/>
		<b id="17" c="16 17" t="2"/>
		<b id="18" c="16 18" t="1"/>
		<b id="19" c="18 19" t="1"/>
		<b id="20" c="19 20" t="1"/>
		<b id="21" c="19 21" t="1"/>
		<b id="22" c="19 22" t="1"/>
		<b id="23" c="15 23" t="1"/>
		<b id="24" c="23 24" t="1"/>
		<b id="25" c="12 24" t="1"/>
		<b id="26" c="1 25" t="1"/>
		<b id="27" c="1 26" t="1"/>
		<b id="28" c="1 27" t="1"/>
		<b id="29" c="3 28" t="1"/>
		<b id="30" c="5 29" t="1"/>
		<b id="31" c="5 30" t="1"/>
		<b id="32" c="6 31" t="1"/>
		<b id="33" c="7 32" t="1"/>
		<b id="34" c="11 33" t="1"/>
		<b id="35" c="12 34" t="1"/>
		<b id="36" c="13 35" t="1"/>
		<b id="37" c="13 36" t="1"/>
		<b id="38" c="14 37" t="1"/>
		<b id="39" c="14 38" t="1"/>
		<b id="40" c="20 39" t="1"/>
		<b id="41" c="20 40" t="1"/>
		<b id="42" c="20 41" t="1"/>
		<b id="43" c="21 42" t="1"/>
		<b id="44" c="21 43" t="1"/>
		<b id="45" c="21 44" t="1"/>
		<b id="46" c="22 45" t="1"/>
		<b id="47" c="22 46" t="1"/>
		<b id="48" c="22 47" t="1"/>
		<b id="49" c="23 48" t="1"/>
		<b id="50" c="23 49" t="1"/>
		<b id="51" c="24 50" t="1"/>
		<b id="52" c="24 51" t="1"/>
	</bonds>
	<geometry>
		<g u="A" t="cart/3d">#51,3:2.2247,0.7684,2.2740;1.2778,0.4154,1.1619;0.1975,-0.4063,1.4400;-0.7413,-0.7446,0.4664;-1.7540,-1.6333,0.7475;-0.5996,-0.2060,-0.8139;0.4639,0.6204,-1.0965;1.4247,0.9192,-0.1334;2.5505,1.8037,-0.5612;2.3580,2.8548,-1.1397;3.7679,1.2740,-0.2768;5.1146,1.7599,-0.5721;5.4307,3.1306,0.0518;4.9874,4.3173,-0.8075;5.4786,4.1604,-2.1580;6.6073,4.7984,-2.5438;7.1452,5.6619,-1.8844;7.0163,4.3735,-3.7593;8.1441,4.9972,-4.4090;9.4172,4.7777,-3.5906;8.2419,4.2716,-5.7530;7.8847,6.4876,-4.6274;4.9491,2.9840,-2.8069;5.4443,1.7344,-2.0754;1.6794,0.8591,3.2113;2.7324,1.7086,2.0765;2.9760,-0.0116,2.4071;0.0723,-0.7933,2.4422;-1.9787,-1.7740,1.7185;-2.5443,-1.6299,0.1240;-1.3306,-0.4377,-1.5746;0.5707,1.0507,-2.0810;3.7370,0.3573,0.1385;5.7690,1.0276,-0.0822;6.5135,3.1910,0.1831;4.9650,3.1968,1.0362;5.3924,5.2450,-0.4012;3.8983,4.3709,-0.8499;9.5775,3.7137,-3.4271;9.3277,5.2733,-2.6279;10.2719,5.1859,-4.1227;8.3870,3.2064,-5.5921;9.0772,4.6614,-6.3269;7.3247,4.4128,-6.3189;7.8136,6.9973,-3.6708;6.9520,6.6276,-5.1699;8.6982,6.9211,-5.2026;5.2691,2.9662,-3.8478;3.8598,3.0428,-2.7569;6.5301,1.6788,-2.1833;5.0089,0.8408,-2.5262;</g>
	</geometry>
	<conformers/>
	<properties/>
</molecule>
