<?xml version="1.0" ?>
<!--MOLLI PACKAGE EXPERIMENTAL XML FORMAT-->
<molecule name="nuc2424">
	<atoms>
		<a id="1" s="C" t="C.3" l="C"/>
		<a id="2" s="C" t="C.3" l="C"/>
		<a id="3" s="C" t="C.3" l="C"/>
		<a id="4" s="C" t="C.3" l="C"/>
		<a id="5" s="O" t="O.3" l="O"/>
		<a id="6" s="C" t="C.2" l="C"/>
		<a id="7" s="O" t="O.2" l="O"/>
		<a id="8" s="N" t="N.am" l="N"/>
		<a id="9" s="C" t="C.3" l="C"/>
		<a id="10" s="C" t="C.3" l="C"/>
		<a id="11" s="C" t="C.3" l="C"/>
		<a id="12" s="N" t="N.am" l="N"/>
		<a id="13" s="C" t="C.2" l="C"/>
		<a id="14" s="O" t="O.2" l="O"/>
		<a id="15" s="C" t="C.ar" l="C"/>
		<a id="16" s="C" t="C.ar" l="C"/>
		<a id="17" s="C" t="C.ar" l="C"/>
		<a id="18" s="F" t="F" l="F"/>
		<a id="19" s="C" t="C.ar" l="C"/>
		<a id="20" s="N" t="N.pl3" l="N"/>
		<a id="21" s="C" t="C.ar" l="C"/>
		<a id="22" s="C" t="C.ar" l="C"/>
		<a id="23" s="F" t="F" l="F"/>
		<a id="24" s="C" t="C.3" l="C"/>
		<a id="25" s="C" t="C.3" l="C"/>
		<a id="26" s="H" t="H" l="H"/>
		<a id="27" s="H" t="H" l="H"/>
		<a id="28" s="H" t="H" l="H"/>
		<a id="29" s="H" t="H" l="H"/>
		<a id="30" s="H" t="H" l="H"/>
		<a id="31" s="H" t="H" l="H"/>
		<a id="32" s="H" t="H" l="H"/>
		<a id="33" s="H" t="H" l="H"/>
		<a id="34" s="H" t="H" l="H"/>
		<a id="35" s="H" t="H" l="H"/>
		<a id="36" s="H" t="H" l="H"/>
		<a id="37" s="H" t="H" l="H"/>
		<a id="38" s="H" t="H" l="H"/>
		<a id="39" s="H" t="H" l="H"/>
		<a id="40" s="H" t="H" l="H"/>
		<a id="41" s="H" t="H" l="H"/>
		<a id="42" s="H" t="H" l="H"/>
		<a id="43" s="H" t="H" l="H"/>
		<a id="44" s="H" t="H" l="H"/>
		<a id="45" s="H" t="H" l="H"/>
		<a id="46" s="H" t="H" l="H"/>
		<a id="47" s="H" t="H" l="H"/>
		<a id="48" s="H" t="H" l="H"/>
	</atoms>
	<bonds>
		<b id="1" c="1 2" t="1"/>
		<b id="2" c="2 3" t="1"/>
		<b id="3" c="2 4" t="1"/>
		<b id="4" c="2 5" t="1"/>
		<b id="5" c="5 6" t="1"/>
		<b id="6" c="6 7" t="2"/>
		<b id="7" c="6 8" t="am"/>
		<b id="8" c="8 9" t="1"/>
		<b id="9" c="9 10" t="1"/>
		<b id="10" c="10 11" t="1"/>
		<b id="11" c="11 12" t="1"/>
		<b id="12" c="12 13" t="am"/>
		<b id="13" c="13 14" t="2"/>
		<b id="14" c="13 15" t="1"/>
		<b id="15" c="15 16" t="ar"/>
		<b id="16" c="16 17" t="ar"/>
		<b id="17" c="17 18" t="1"/>
		<b id="18" c="17 19" t="ar"/>
		<b id="19" c="19 20" t="1"/>
		<b id="20" c="19 21" t="ar"/>
		<b id="21" c="21 22" t="ar"/>
		<b id="22" c="15 22" t="ar"/>
		<b id="23" c="22 23" t="1"/>
		<b id="24" c="11 24" t="1"/>
		<b id="25" c="24 25" t="1"/>
		<b id="26" c="8 25" t="1"/>
		<b id="27" c="1 26" t="1"/>
		<b id="28" c="1 27" t="1"/>
		<b id="29" c="1 28" t="1"/>
		<b id="30" c="3 29" t="1"/>
		<b id="31" c="3 30" t="1"/>
		<b id="32" c="3 31" t="1"/>
		<b id="33" c="4 32" t="1"/>
		<b id="34" c="4 33" t="1"/>
		<b id="35" c="4 34" t="1"/>
		<b id="36" c="9 35" t="1"/>
		<b id="37" c="9 36" t="1"/>
		<b id="38" c="10 37" t="1"/>
		<b id="39" c="10 38" t="1"/>
		<b id="40" c="11 39" t="1"/>
		<b id="41" c="12 40" t="1"/>
		<b id="42" c="16 41" t="1"/>
		<b id="43" c="20 42" t="1"/>
		<b id="44" c="20 43" t="1"/>
		<b id="45" c="21 44" t="1"/>
		<b id="46" c="24 45" t="1"/>
		<b id="47" c="24 46" t="1"/>
		<b id="48" c="25 47" t="1"/>
		<b id="49" c="25 48" t="1"/>
	</bonds>
	<geometry>
		<g u="A" t="cart/3d">#48,3:3.9658,-1.0188,-1.1138;2.9739,-0.6001,-0.0289;2.5927,0.8730,-0.1727;1.7252,-1.4829,-0.0790;3.5232,-0.8503,1.2859;4.6454,-0.2224,1.6830;5.3033,0.5416,1.0117;4.9545,-0.5256,2.9684;6.1914,-0.0439,3.5406;7.1459,-1.2075,3.8202;6.4771,-2.2868,4.6759;6.2818,-1.8136,6.0298;6.4804,-2.6113,7.0996;6.8493,-3.7672,6.9903;6.2304,-2.0153,8.4493;6.4235,-2.8737,9.5373;6.2244,-2.4458,10.8224;6.4073,-3.3060,11.8556;5.8209,-1.1368,11.1301;5.6844,-0.7268,12.4201;5.6246,-0.2790,10.0481;5.8273,-0.7188,8.7557;5.6015,0.1965,7.7778;5.1455,-2.7099,4.0383;4.2541,-1.4945,3.7795;3.5060,-0.9073,-2.0918;4.2546,-2.0587,-0.9753;4.8550,-0.3967,-1.0664;2.1015,1.0331,-1.1283;3.4822,1.4947,-0.1225;1.9144,1.1628,0.6273;1.2259,-1.3649,-1.0359;1.0390,-1.2042,0.7166;2.0004,-2.5263,0.0518;5.9643,0.5033,4.4634;6.6362,0.6508,2.8261;8.0400,-0.8347,4.3214;7.4461,-1.6539,2.8713;7.1276,-3.1652,4.7571;5.9541,-0.8703,6.1370;6.7332,-3.8875,9.3362;5.6764,-1.4288,13.1401;5.2135,0.1397,12.6090;5.3139,0.7409,10.2122;4.6346,-3.4133,4.6965;5.3534,-3.2115,3.0922;3.9818,-1.0198,4.7301;3.3416,-1.7924,3.2656;</g>
	</geometry>
	<conformers/>
	<properties/>
</molecule>
