<?xml version="1.0" ?>
<!--MOLLI PACKAGE EXPERIMENTAL XML FORMAT-->
<molecule name="nuc2425">
	<atoms>
		<a id="1" s="N" t="N.pl3" l="N"/>
		<a id="2" s="C" t="C.ar" l="C"/>
		<a id="3" s="C" t="C.ar" l="C"/>
		<a id="4" s="C" t="C.ar" l="C"/>
		<a id="5" s="C" t="C.ar" l="C"/>
		<a id="6" s="C" t="C.2" l="C"/>
		<a id="7" s="O" t="O.2" l="O"/>
		<a id="8" s="N" t="N.am" l="N"/>
		<a id="9" s="C" t="C.3" l="C"/>
		<a id="10" s="C" t="C.3" l="C"/>
		<a id="11" s="C" t="C.3" l="C"/>
		<a id="12" s="O" t="O.3" l="O"/>
		<a id="13" s="C" t="C.3" l="C"/>
		<a id="14" s="C" t="C.3" l="C"/>
		<a id="15" s="C" t="C.ar" l="C"/>
		<a id="16" s="F" t="F" l="F"/>
		<a id="17" s="C" t="C.ar" l="C"/>
		<a id="18" s="H" t="H" l="H"/>
		<a id="19" s="H" t="H" l="H"/>
		<a id="20" s="H" t="H" l="H"/>
		<a id="21" s="H" t="H" l="H"/>
		<a id="22" s="H" t="H" l="H"/>
		<a id="23" s="H" t="H" l="H"/>
		<a id="24" s="H" t="H" l="H"/>
		<a id="25" s="H" t="H" l="H"/>
		<a id="26" s="H" t="H" l="H"/>
		<a id="27" s="H" t="H" l="H"/>
		<a id="28" s="H" t="H" l="H"/>
		<a id="29" s="H" t="H" l="H"/>
		<a id="30" s="H" t="H" l="H"/>
		<a id="31" s="H" t="H" l="H"/>
		<a id="32" s="H" t="H" l="H"/>
	</atoms>
	<bonds>
		<b id="1" c="1 2" t="1"/>
		<b id="2" c="2 3" t="ar"/>
		<b id="3" c="3 4" t="ar"/>
		<b id="4" c="4 5" t="ar"/>
		<b id="5" c="5 6" t="1"/>
		<b id="6" c="6 7" t="2"/>
		<b id="7" c="6 8" t="am"/>
		<b id="8" c="8 9" t="1"/>
		<b id="9" c="9 10" t="1"/>
		<b id="10" c="10 11" t="1"/>
		<b id="11" c="11 12" t="1"/>
		<b id="12" c="12 13" t="1"/>
		<b id="13" c="13 14" t="1"/>
		<b id="14" c="9 14" t="1"/>
		<b id="15" c="5 15" t="ar"/>
		<b id="16" c="15 16" t="1"/>
		<b id="17" c="15 17" t="ar"/>
		<b id="18" c="2 17" t="ar"/>
		<b id="19" c="1 18" t="1"/>
		<b id="20" c="1 19" t="1"/>
		<b id="21" c="3 20" t="1"/>
		<b id="22" c="4 21" t="1"/>
		<b id="23" c="8 22" t="1"/>
		<b id="24" c="9 23" t="1"/>
		<b id="25" c="10 24" t="1"/>
		<b id="26" c="10 25" t="1"/>
		<b id="27" c="11 26" t="1"/>
		<b id="28" c="11 27" t="1"/>
		<b id="29" c="13 28" t="1"/>
		<b id="30" c="13 29" t="1"/>
		<b id="31" c="14 30" t="1"/>
		<b id="32" c="14 31" t="1"/>
		<b id="33" c="17 32" t="1"/>
	</bonds>
	<geometry>
		<g u="A" t="cart/3d">#32,3:2.6359,0.8168,-0.0796;1.4727,0.0998,-0.0272;0.2477,0.7284,0.2233;-0.9197,0.0054,0.2113;-0.9467,-1.3715,-0.0351;-2.2902,-2.0199,-0.0165;-3.3079,-1.3491,-0.0039;-2.3213,-3.3716,0.0048;-3.5610,-4.1127,0.0427;-3.7331,-4.8428,1.3788;-5.0283,-5.6564,1.3431;-5.0390,-6.5784,0.2788;-4.9271,-5.9379,-0.9705;-3.6267,-5.1403,-1.0898;0.2832,-1.9723,-0.2875;0.3738,-3.3018,-0.5549;1.4697,-1.2713,-0.2878;2.6367,1.7392,0.3201;3.5054,0.3137,-0.0416;0.2288,1.7894,0.4224;-1.8684,0.4856,0.3966;-1.4734,-3.9122,0.0076;-4.3601,-3.3720,-0.0766;-3.7672,-4.1272,2.2005;-2.8888,-5.5183,1.5340;-5.8866,-4.9720,1.2547;-5.1407,-6.2507,2.2522;-5.7846,-5.2637,-1.1231;-4.9652,-6.7345,-1.7164;-3.5846,-4.6439,-2.0596;-2.7782,-5.8235,-1.0080;2.3898,-1.7952,-0.4964;</g>
	</geometry>
	<conformers/>
	<properties/>
</molecule>
