<?xml version="1.0" ?>
<!--MOLLI PACKAGE EXPERIMENTAL XML FORMAT-->
<molecule name="nuc2427">
	<atoms>
		<a id="1" s="C" t="C.3" l="C"/>
		<a id="2" s="C" t="C.3" l="C"/>
		<a id="3" s="C" t="C.3" l="C"/>
		<a id="4" s="C" t="C.3" l="C"/>
		<a id="5" s="O" t="O.3" l="O"/>
		<a id="6" s="C" t="C.2" l="C"/>
		<a id="7" s="O" t="O.2" l="O"/>
		<a id="8" s="N" t="N.am" l="N"/>
		<a id="9" s="C" t="C.3" l="C"/>
		<a id="10" s="C" t="C.3" l="C"/>
		<a id="11" s="C" t="C.3" l="C"/>
		<a id="12" s="N" t="N.am" l="N"/>
		<a id="13" s="C" t="C.2" l="C"/>
		<a id="14" s="O" t="O.2" l="O"/>
		<a id="15" s="C" t="C.ar" l="C"/>
		<a id="16" s="C" t="C.ar" l="C"/>
		<a id="17" s="C" t="C.ar" l="C"/>
		<a id="18" s="C" t="C.ar" l="C"/>
		<a id="19" s="N" t="N.pl3" l="N"/>
		<a id="20" s="C" t="C.ar" l="C"/>
		<a id="21" s="C" t="C.ar" l="C"/>
		<a id="22" s="F" t="F" l="F"/>
		<a id="23" s="C" t="C.3" l="C"/>
		<a id="24" s="H" t="H" l="H"/>
		<a id="25" s="H" t="H" l="H"/>
		<a id="26" s="H" t="H" l="H"/>
		<a id="27" s="H" t="H" l="H"/>
		<a id="28" s="H" t="H" l="H"/>
		<a id="29" s="H" t="H" l="H"/>
		<a id="30" s="H" t="H" l="H"/>
		<a id="31" s="H" t="H" l="H"/>
		<a id="32" s="H" t="H" l="H"/>
		<a id="33" s="H" t="H" l="H"/>
		<a id="34" s="H" t="H" l="H"/>
		<a id="35" s="H" t="H" l="H"/>
		<a id="36" s="H" t="H" l="H"/>
		<a id="37" s="H" t="H" l="H"/>
		<a id="38" s="H" t="H" l="H"/>
		<a id="39" s="H" t="H" l="H"/>
		<a id="40" s="H" t="H" l="H"/>
		<a id="41" s="H" t="H" l="H"/>
		<a id="42" s="H" t="H" l="H"/>
		<a id="43" s="H" t="H" l="H"/>
		<a id="44" s="H" t="H" l="H"/>
		<a id="45" s="H" t="H" l="H"/>
	</atoms>
	<bonds>
		<b id="1" c="1 2" t="1"/>
		<b id="2" c="2 3" t="1"/>
		<b id="3" c="2 4" t="1"/>
		<b id="4" c="2 5" t="1"/>
		<b id="5" c="5 6" t="1"/>
		<b id="6" c="6 7" t="2"/>
		<b id="7" c="6 8" t="am"/>
		<b id="8" c="8 9" t="1"/>
		<b id="9" c="9 10" t="1"/>
		<b id="10" c="10 11" t="1"/>
		<b id="11" c="12 13" t="am"/>
		<b id="12" c="13 14" t="2"/>
		<b id="13" c="13 15" t="1"/>
		<b id="14" c="15 16" t="ar"/>
		<b id="15" c="16 17" t="ar"/>
		<b id="16" c="17 18" t="ar"/>
		<b id="17" c="18 19" t="1"/>
		<b id="18" c="18 20" t="ar"/>
		<b id="19" c="20 21" t="ar"/>
		<b id="20" c="15 21" t="ar"/>
		<b id="21" c="21 22" t="1"/>
		<b id="22" c="11 23" t="1"/>
		<b id="23" c="8 23" t="1"/>
		<b id="24" c="11 12" t="1"/>
		<b id="25" c="1 24" t="1"/>
		<b id="26" c="1 25" t="1"/>
		<b id="27" c="1 26" t="1"/>
		<b id="28" c="3 27" t="1"/>
		<b id="29" c="3 28" t="1"/>
		<b id="30" c="3 29" t="1"/>
		<b id="31" c="4 30" t="1"/>
		<b id="32" c="4 31" t="1"/>
		<b id="33" c="4 32" t="1"/>
		<b id="34" c="9 33" t="1"/>
		<b id="35" c="9 34" t="1"/>
		<b id="36" c="10 35" t="1"/>
		<b id="37" c="10 36" t="1"/>
		<b id="38" c="11 37" t="1"/>
		<b id="39" c="12 38" t="1"/>
		<b id="40" c="16 39" t="1"/>
		<b id="41" c="17 40" t="1"/>
		<b id="42" c="19 41" t="1"/>
		<b id="43" c="19 42" t="1"/>
		<b id="44" c="20 43" t="1"/>
		<b id="45" c="23 44" t="1"/>
		<b id="46" c="23 45" t="1"/>
	</bonds>
	<geometry>
		<g u="A" t="cart/3d">#45,3:3.2024,0.9187,0.8308;4.7073,0.7268,0.6425;5.1674,1.2986,-0.6985;5.4785,1.3763,1.7932;5.0535,-0.6735,0.7375;4.5576,-1.5576,-0.1512;3.7857,-1.3202,-1.0530;5.0439,-2.7906,0.1015;4.6622,-3.9494,-0.6823;4.9726,-5.1198,0.2413;6.2047,-4.6288,1.0142;6.3987,-5.3116,2.2633;7.5799,-5.8869,2.5964;8.5549,-5.8287,1.8690;7.6412,-6.5809,3.9131;8.9170,-6.8623,4.4133;9.1106,-7.5099,5.6088;8.0157,-7.9321,6.3720;8.1928,-8.6328,7.5307;6.7324,-7.6740,5.8856;6.5686,-7.0140,4.6875;5.2869,-6.8081,4.2841;5.9382,-3.1221,1.1878;2.9660,1.9791,0.8399;2.8844,0.4772,1.7731;2.6625,0.4410,0.0181;4.9799,2.3683,-0.7254;4.6263,0.8225,-1.5114;6.2325,1.1222,-0.8336;5.2935,2.4462,1.8078;6.5441,1.2006,1.6722;5.1644,0.9476,2.7413;5.2633,-3.9986,-1.5983;3.6109,-3.8742,-0.9649;5.1632,-6.0428,-0.3005;4.1490,-5.2835,0.9386;7.1162,-4.7879,0.4307;5.6065,-5.3574,2.8825;9.7577,-6.5451,3.8157;10.1104,-7.7041,5.9667;9.1033,-8.6253,7.9557;7.4073,-8.7435,8.1480;5.8596,-7.9919,6.4350;6.8540,-2.5285,1.1374;5.4568,-2.9209,2.1529;</g>
	</geometry>
	<conformers/>
	<properties/>
</molecule>
