<?xml version="1.0" ?>
<!--MOLLI PACKAGE EXPERIMENTAL XML FORMAT-->
<molecule name="nuc2430">
	<atoms>
		<a id="1" s="C" t="C.3" l="C"/>
		<a id="2" s="C" t="C.3" l="C"/>
		<a id="3" s="C" t="C.3" l="C"/>
		<a id="4" s="C" t="C.3" l="C"/>
		<a id="5" s="O" t="O.3" l="O"/>
		<a id="6" s="C" t="C.2" l="C"/>
		<a id="7" s="O" t="O.2" l="O"/>
		<a id="8" s="N" t="N.am" l="N"/>
		<a id="9" s="C" t="C.3" l="C"/>
		<a id="10" s="C" t="C.3" l="C"/>
		<a id="11" s="C" t="C.3" l="C"/>
		<a id="12" s="C" t="C.3" l="C"/>
		<a id="13" s="C" t="C.3" l="C"/>
		<a id="14" s="N" t="N.am" l="N"/>
		<a id="15" s="C" t="C.2" l="C"/>
		<a id="16" s="O" t="O.2" l="O"/>
		<a id="17" s="C" t="C.ar" l="C"/>
		<a id="18" s="C" t="C.ar" l="C"/>
		<a id="19" s="C" t="C.ar" l="C"/>
		<a id="20" s="C" t="C.ar" l="C"/>
		<a id="21" s="N" t="N.pl3" l="N"/>
		<a id="22" s="C" t="C.ar" l="C"/>
		<a id="23" s="C" t="C.ar" l="C"/>
		<a id="24" s="F" t="F" l="F"/>
		<a id="25" s="C" t="C.3" l="C"/>
		<a id="26" s="H" t="H" l="H"/>
		<a id="27" s="H" t="H" l="H"/>
		<a id="28" s="H" t="H" l="H"/>
		<a id="29" s="H" t="H" l="H"/>
		<a id="30" s="H" t="H" l="H"/>
		<a id="31" s="H" t="H" l="H"/>
		<a id="32" s="H" t="H" l="H"/>
		<a id="33" s="H" t="H" l="H"/>
		<a id="34" s="H" t="H" l="H"/>
		<a id="35" s="H" t="H" l="H"/>
		<a id="36" s="H" t="H" l="H"/>
		<a id="37" s="H" t="H" l="H"/>
		<a id="38" s="H" t="H" l="H"/>
		<a id="39" s="H" t="H" l="H"/>
		<a id="40" s="H" t="H" l="H"/>
		<a id="41" s="H" t="H" l="H"/>
		<a id="42" s="H" t="H" l="H"/>
		<a id="43" s="H" t="H" l="H"/>
		<a id="44" s="H" t="H" l="H"/>
		<a id="45" s="H" t="H" l="H"/>
		<a id="46" s="H" t="H" l="H"/>
		<a id="47" s="H" t="H" l="H"/>
		<a id="48" s="H" t="H" l="H"/>
		<a id="49" s="H" t="H" l="H"/>
		<a id="50" s="H" t="H" l="H"/>
		<a id="51" s="H" t="H" l="H"/>
	</atoms>
	<bonds>
		<b id="1" c="1 2" t="1"/>
		<b id="2" c="2 3" t="1"/>
		<b id="3" c="2 4" t="1"/>
		<b id="4" c="2 5" t="1"/>
		<b id="5" c="5 6" t="1"/>
		<b id="6" c="6 7" t="2"/>
		<b id="7" c="6 8" t="am"/>
		<b id="8" c="8 9" t="1"/>
		<b id="9" c="9 10" t="1"/>
		<b id="10" c="10 11" t="1"/>
		<b id="11" c="11 12" t="1"/>
		<b id="12" c="13 14" t="1"/>
		<b id="13" c="14 15" t="am"/>
		<b id="14" c="15 16" t="2"/>
		<b id="15" c="15 17" t="1"/>
		<b id="16" c="17 18" t="ar"/>
		<b id="17" c="18 19" t="ar"/>
		<b id="18" c="19 20" t="ar"/>
		<b id="19" c="20 21" t="1"/>
		<b id="20" c="20 22" t="ar"/>
		<b id="21" c="22 23" t="ar"/>
		<b id="22" c="17 23" t="ar"/>
		<b id="23" c="23 24" t="1"/>
		<b id="24" c="12 25" t="1"/>
		<b id="25" c="8 25" t="1"/>
		<b id="26" c="12 13" t="1"/>
		<b id="27" c="1 26" t="1"/>
		<b id="28" c="1 27" t="1"/>
		<b id="29" c="1 28" t="1"/>
		<b id="30" c="3 29" t="1"/>
		<b id="31" c="3 30" t="1"/>
		<b id="32" c="3 31" t="1"/>
		<b id="33" c="4 32" t="1"/>
		<b id="34" c="4 33" t="1"/>
		<b id="35" c="4 34" t="1"/>
		<b id="36" c="9 35" t="1"/>
		<b id="37" c="9 36" t="1"/>
		<b id="38" c="10 37" t="1"/>
		<b id="39" c="10 38" t="1"/>
		<b id="40" c="11 39" t="1"/>
		<b id="41" c="11 40" t="1"/>
		<b id="42" c="12 41" t="1"/>
		<b id="43" c="13 42" t="1"/>
		<b id="44" c="13 43" t="1"/>
		<b id="45" c="14 44" t="1"/>
		<b id="46" c="18 45" t="1"/>
		<b id="47" c="19 46" t="1"/>
		<b id="48" c="21 47" t="1"/>
		<b id="49" c="21 48" t="1"/>
		<b id="50" c="22 49" t="1"/>
		<b id="51" c="25 50" t="1"/>
		<b id="52" c="25 51" t="1"/>
	</bonds>
	<geometry>
		<g u="A" t="cart/3d">#51,3:3.9183,1.1140,0.5078;2.8661,0.3406,-0.2873;2.3369,-0.8482,0.5146;1.7166,1.2656,-0.6915;3.4147,-0.1026,-1.5491;4.4490,-0.9644,-1.5768;5.0175,-1.4154,-0.6061;4.7770,-1.3026,-2.8477;5.9298,-2.1414,-3.0915;7.0488,-1.3332,-3.7475;6.5266,-0.6449,-5.0074;5.2816,0.2005,-4.7134;5.5826,1.4284,-3.8377;6.6082,2.2710,-4.4039;6.3084,3.2543,-5.2831;5.1619,3.5814,-5.5323;7.4672,3.9671,-5.8962;7.2500,5.2689,-6.3547;8.2415,6.0063,-6.9563;9.5151,5.4598,-7.1506;10.4909,6.1597,-7.8049;9.7471,4.1520,-6.7208;8.7368,3.4411,-6.1113;9.0316,2.1676,-5.7348;4.2283,-0.6814,-4.0302;3.4731,1.5096,1.4165;4.3023,1.9404,-0.0869;4.7411,0.4564,0.7740;1.8444,-0.4926,1.4152;3.1559,-1.5052,0.7934;1.6217,-1.4111,-0.0816;1.2302,1.6624,0.1944;0.9872,0.7168,-1.2816;2.0941,2.0905,-1.2900;5.6272,-2.9627,-3.7516;6.2513,-2.5518,-2.1333;7.8757,-1.9979,-4.0013;7.4210,-0.5937,-3.0372;6.2578,-1.4085,-5.7420;7.3084,-0.0268,-5.4515;4.8714,0.5661,-5.6601;4.6752,2.0326,-3.7597;5.8921,1.1226,-2.8365;7.5622,1.9846,-4.2653;6.2631,5.6826,-6.2163;8.0427,7.0133,-7.2913;10.3701,7.1523,-7.9059;11.4378,5.8297,-7.7346;10.7084,3.6842,-6.8672;3.9170,-1.4749,-4.7201;3.3554,-0.0937,-3.7515;</g>
	</geometry>
	<conformers/>
	<properties/>
</molecule>
