<?xml version="1.0" ?>
<!--MOLLI PACKAGE EXPERIMENTAL XML FORMAT-->
<molecule name="nuc2206">
	<atoms>
		<a id="1" s="C" t="C.3" l="C"/>
		<a id="2" s="C" t="C.3" l="C"/>
		<a id="3" s="O" t="O.3" l="O"/>
		<a id="4" s="C" t="C.2" l="C"/>
		<a id="5" s="O" t="O.2" l="O"/>
		<a id="6" s="C" t="C.3" l="C"/>
		<a id="7" s="O" t="O.3" l="O"/>
		<a id="8" s="C" t="C.ar" l="C"/>
		<a id="9" s="C" t="C.ar" l="C"/>
		<a id="10" s="C" t="C.ar" l="C"/>
		<a id="11" s="C" t="C.ar" l="C"/>
		<a id="12" s="C" t="C.ar" l="C"/>
		<a id="13" s="N" t="N.pl3" l="N"/>
		<a id="14" s="C" t="C.ar" l="C"/>
		<a id="15" s="H" t="H" l="H"/>
		<a id="16" s="H" t="H" l="H"/>
		<a id="17" s="H" t="H" l="H"/>
		<a id="18" s="H" t="H" l="H"/>
		<a id="19" s="H" t="H" l="H"/>
		<a id="20" s="H" t="H" l="H"/>
		<a id="21" s="H" t="H" l="H"/>
		<a id="22" s="H" t="H" l="H"/>
		<a id="23" s="H" t="H" l="H"/>
		<a id="24" s="H" t="H" l="H"/>
		<a id="25" s="H" t="H" l="H"/>
		<a id="26" s="H" t="H" l="H"/>
		<a id="27" s="H" t="H" l="H"/>
	</atoms>
	<bonds>
		<b id="1" c="1 2" t="1"/>
		<b id="2" c="2 3" t="1"/>
		<b id="3" c="3 4" t="1"/>
		<b id="4" c="4 5" t="2"/>
		<b id="5" c="4 6" t="1"/>
		<b id="6" c="6 7" t="1"/>
		<b id="7" c="7 8" t="1"/>
		<b id="8" c="8 9" t="ar"/>
		<b id="9" c="9 10" t="ar"/>
		<b id="10" c="10 11" t="ar"/>
		<b id="11" c="11 12" t="ar"/>
		<b id="12" c="12 13" t="1"/>
		<b id="13" c="12 14" t="ar"/>
		<b id="14" c="8 14" t="ar"/>
		<b id="15" c="1 15" t="1"/>
		<b id="16" c="1 16" t="1"/>
		<b id="17" c="1 17" t="1"/>
		<b id="18" c="2 18" t="1"/>
		<b id="19" c="2 19" t="1"/>
		<b id="20" c="6 20" t="1"/>
		<b id="21" c="6 21" t="1"/>
		<b id="22" c="9 22" t="1"/>
		<b id="23" c="10 23" t="1"/>
		<b id="24" c="11 24" t="1"/>
		<b id="25" c="13 25" t="1"/>
		<b id="26" c="13 26" t="1"/>
		<b id="27" c="14 27" t="1"/>
	</bonds>
	<geometry>
		<g u="A" t="cart/3d">#27,3:2.4324,-1.0204,1.5439;2.5340,-0.3798,0.1675;3.1164,-1.2785,-0.7829;4.4535,-1.3271,-0.8285;5.1840,-0.6559,-0.1603;4.8782,-2.3619,-1.8616;6.2730,-2.3602,-1.9600;6.8668,-3.2748,-2.7879;6.1867,-4.1912,-3.5813;6.9148,-5.0625,-4.3779;8.2918,-5.0350,-4.3990;8.9822,-4.1150,-3.6050;10.3611,-4.1222,-3.5595;8.2564,-3.2390,-2.8065;1.9255,-0.3421,2.2238;3.4267,-1.2293,1.9305;1.8723,-1.9504,1.4858;3.1442,0.5277,0.2149;1.5461,-0.1463,-0.2341;4.3992,-2.1081,-2.8188;4.4945,-3.3396,-1.5329;5.1099,-4.2388,-3.5944;6.3863,-5.7741,-4.9954;8.8447,-5.7209,-5.0236;10.8315,-4.5366,-4.3473;10.7970,-3.2887,-3.1999;8.7581,-2.5168,-2.1818;</g>
	</geometry>
	<conformers/>
	<properties/>
</molecule>
