<?xml version="1.0" ?>
<!--MOLLI PACKAGE EXPERIMENTAL XML FORMAT-->
<molecule name="nuc2432">
	<atoms>
		<a id="1" s="C" t="C.3" l="C"/>
		<a id="2" s="N" t="N.3" l="N"/>
		<a id="3" s="C" t="C.3" l="C"/>
		<a id="4" s="C" t="C.3" l="C"/>
		<a id="5" s="C" t="C.3" l="C"/>
		<a id="6" s="C" t="C.3" l="C"/>
		<a id="7" s="N" t="N.pl3" l="N"/>
		<a id="8" s="C" t="C.ar" l="C"/>
		<a id="9" s="C" t="C.ar" l="C"/>
		<a id="10" s="C" t="C.ar" l="C"/>
		<a id="11" s="C" t="C.ar" l="C"/>
		<a id="12" s="N" t="N.pl3" l="N"/>
		<a id="13" s="C" t="C.ar" l="C"/>
		<a id="14" s="C" t="C.ar" l="C"/>
		<a id="15" s="C" t="C.3" l="C"/>
		<a id="16" s="C" t="C.3" l="C"/>
		<a id="17" s="H" t="H" l="H"/>
		<a id="18" s="H" t="H" l="H"/>
		<a id="19" s="H" t="H" l="H"/>
		<a id="20" s="H" t="H" l="H"/>
		<a id="21" s="H" t="H" l="H"/>
		<a id="22" s="H" t="H" l="H"/>
		<a id="23" s="H" t="H" l="H"/>
		<a id="24" s="H" t="H" l="H"/>
		<a id="25" s="H" t="H" l="H"/>
		<a id="26" s="H" t="H" l="H"/>
		<a id="27" s="H" t="H" l="H"/>
		<a id="28" s="H" t="H" l="H"/>
		<a id="29" s="H" t="H" l="H"/>
		<a id="30" s="H" t="H" l="H"/>
		<a id="31" s="H" t="H" l="H"/>
		<a id="32" s="H" t="H" l="H"/>
		<a id="33" s="H" t="H" l="H"/>
		<a id="34" s="H" t="H" l="H"/>
		<a id="35" s="H" t="H" l="H"/>
		<a id="36" s="H" t="H" l="H"/>
		<a id="37" s="H" t="H" l="H"/>
	</atoms>
	<bonds>
		<b id="1" c="1 2" t="1"/>
		<b id="2" c="2 3" t="1"/>
		<b id="3" c="2 4" t="1"/>
		<b id="4" c="4 5" t="1"/>
		<b id="5" c="5 6" t="1"/>
		<b id="6" c="6 7" t="1"/>
		<b id="7" c="7 8" t="1"/>
		<b id="8" c="8 9" t="ar"/>
		<b id="9" c="9 10" t="ar"/>
		<b id="10" c="10 11" t="ar"/>
		<b id="11" c="11 12" t="1"/>
		<b id="12" c="11 13" t="ar"/>
		<b id="13" c="13 14" t="ar"/>
		<b id="14" c="8 14" t="ar"/>
		<b id="15" c="7 15" t="1"/>
		<b id="16" c="15 16" t="1"/>
		<b id="17" c="4 16" t="1"/>
		<b id="18" c="1 17" t="1"/>
		<b id="19" c="1 18" t="1"/>
		<b id="20" c="1 19" t="1"/>
		<b id="21" c="3 20" t="1"/>
		<b id="22" c="3 21" t="1"/>
		<b id="23" c="3 22" t="1"/>
		<b id="24" c="4 23" t="1"/>
		<b id="25" c="5 24" t="1"/>
		<b id="26" c="5 25" t="1"/>
		<b id="27" c="6 26" t="1"/>
		<b id="28" c="6 27" t="1"/>
		<b id="29" c="9 28" t="1"/>
		<b id="30" c="10 29" t="1"/>
		<b id="31" c="12 30" t="1"/>
		<b id="32" c="12 31" t="1"/>
		<b id="33" c="13 32" t="1"/>
		<b id="34" c="14 33" t="1"/>
		<b id="35" c="15 34" t="1"/>
		<b id="36" c="15 35" t="1"/>
		<b id="37" c="16 36" t="1"/>
		<b id="38" c="16 37" t="1"/>
	</bonds>
	<geometry>
		<g u="A" t="cart/3d">#37,3:3.4864,0.3685,0.9244;2.4286,-0.1127,0.0557;1.7062,1.0152,-0.5016;2.9291,-1.0188,-0.9811;1.7881,-1.5808,-1.8401;0.8260,-2.3971,-0.9672;1.5055,-3.5098,-0.3378;1.5800,-4.7323,-1.0033;2.7433,-5.5034,-1.0633;2.7499,-6.7524,-1.6541;1.5994,-7.2850,-2.2251;1.6260,-8.5057,-2.8934;0.4338,-6.5242,-2.1686;0.4240,-5.2849,-1.5668;2.6199,-3.0410,0.4537;3.6316,-2.2416,-0.3757;3.0679,1.1018,1.6122;4.3098,0.8447,0.3683;3.8893,-0.4476,1.5190;1.4323,1.6899,0.3082;0.7874,0.6799,-0.9760;2.3013,1.5796,-1.2374;3.6441,-0.4804,-1.6390;2.2213,-2.2378,-2.5985;1.2475,-0.7929,-2.3624;-0.0007,-2.7589,-1.5765;0.4287,-1.7536,-0.1764;3.6691,-5.1394,-0.6463;3.6681,-7.3234,-1.6805;2.3673,-9.1279,-2.6096;0.7313,-8.9654,-2.9693;-0.4784,-6.9203,-2.5934;-0.5099,-4.7462,-1.5138;3.0948,-3.8877,0.9508;2.2080,-2.3788,1.2226;4.0031,-2.8576,-1.1972;4.4877,-1.9594,0.2354;</g>
	</geometry>
	<conformers/>
	<properties/>
</molecule>
