<?xml version="1.0" ?>
<!--MOLLI PACKAGE EXPERIMENTAL XML FORMAT-->
<molecule name="nuc2439">
	<atoms>
		<a id="1" s="C" t="C.3" l="C"/>
		<a id="2" s="S" t="S.3" l="S"/>
		<a id="3" s="C" t="C.ar" l="C"/>
		<a id="4" s="C" t="C.ar" l="C"/>
		<a id="5" s="C" t="C.ar" l="C"/>
		<a id="6" s="C" t="C.ar" l="C"/>
		<a id="7" s="N" t="N.pl3" l="N"/>
		<a id="8" s="C" t="C.ar" l="C"/>
		<a id="9" s="N" t="N.pl3" l="N"/>
		<a id="10" s="O" t="O.2" l="O"/>
		<a id="11" s="O" t="O.co2" l="O"/>
		<a id="12" s="C" t="C.ar" l="C"/>
		<a id="13" s="H" t="H" l="H"/>
		<a id="14" s="H" t="H" l="H"/>
		<a id="15" s="H" t="H" l="H"/>
		<a id="16" s="H" t="H" l="H"/>
		<a id="17" s="H" t="H" l="H"/>
		<a id="18" s="H" t="H" l="H"/>
		<a id="19" s="H" t="H" l="H"/>
		<a id="20" s="H" t="H" l="H"/>
	</atoms>
	<bonds>
		<b id="1" c="1 2" t="1"/>
		<b id="2" c="2 3" t="1"/>
		<b id="3" c="3 4" t="ar"/>
		<b id="4" c="4 5" t="ar"/>
		<b id="5" c="5 6" t="ar"/>
		<b id="6" c="6 7" t="1"/>
		<b id="7" c="6 8" t="ar"/>
		<b id="8" c="8 9" t="1"/>
		<b id="9" c="9 10" t="2"/>
		<b id="10" c="9 11" t="1"/>
		<b id="11" c="8 12" t="ar"/>
		<b id="12" c="3 12" t="ar"/>
		<b id="13" c="1 13" t="1"/>
		<b id="14" c="1 14" t="1"/>
		<b id="15" c="1 15" t="1"/>
		<b id="16" c="4 16" t="1"/>
		<b id="17" c="5 17" t="1"/>
		<b id="18" c="7 18" t="1"/>
		<b id="19" c="7 19" t="1"/>
		<b id="20" c="12 20" t="1"/>
	</bonds>
	<geometry>
		<g u="A" t="cart/3d">#20,3:1.2324,-0.0831,-0.2920;2.4943,0.3645,0.9312;3.0742,-1.1976,1.5115;4.0596,-1.1705,2.5124;4.5713,-2.3305,3.0223;4.1398,-3.5969,2.5729;4.6707,-4.7142,3.1000;3.1479,-3.6108,1.5664;2.6277,-4.8126,1.0302;3.0511,-5.8862,1.4517;1.7739,-4.7389,0.1645;2.6303,-2.4132,1.0512;0.8392,0.8573,-0.6648;0.4398,-0.6519,0.1856;1.6837,-0.6424,-1.1061;4.4062,-0.2144,2.8733;5.3279,-2.2954,3.7920;5.3709,-4.6452,3.8156;4.3443,-5.6113,2.7666;1.8770,-2.5011,0.2856;</g>
	</geometry>
	<conformers/>
	<properties/>
</molecule>
