<?xml version="1.0" ?>
<!--MOLLI PACKAGE EXPERIMENTAL XML FORMAT-->
<molecule name="nuc2440">
	<atoms>
		<a id="1" s="C" t="C.3" l="C"/>
		<a id="2" s="C" t="C.ar" l="C"/>
		<a id="3" s="C" t="C.ar" l="C"/>
		<a id="4" s="C" t="C.ar" l="C"/>
		<a id="5" s="S" t="S.O2" l="S"/>
		<a id="6" s="C" t="C.3" l="C"/>
		<a id="7" s="O" t="O.2" l="O"/>
		<a id="8" s="O" t="O.2" l="O"/>
		<a id="9" s="C" t="C.ar" l="C"/>
		<a id="10" s="C" t="C.ar" l="C"/>
		<a id="11" s="N" t="N.pl3" l="N"/>
		<a id="12" s="O" t="O.2" l="O"/>
		<a id="13" s="O" t="O.co2" l="O"/>
		<a id="14" s="C" t="C.ar" l="C"/>
		<a id="15" s="N" t="N.pl3" l="N"/>
		<a id="16" s="H" t="H" l="H"/>
		<a id="17" s="H" t="H" l="H"/>
		<a id="18" s="H" t="H" l="H"/>
		<a id="19" s="H" t="H" l="H"/>
		<a id="20" s="H" t="H" l="H"/>
		<a id="21" s="H" t="H" l="H"/>
		<a id="22" s="H" t="H" l="H"/>
		<a id="23" s="H" t="H" l="H"/>
		<a id="24" s="H" t="H" l="H"/>
		<a id="25" s="H" t="H" l="H"/>
	</atoms>
	<bonds>
		<b id="1" c="1 2" t="1"/>
		<b id="2" c="2 3" t="ar"/>
		<b id="3" c="3 4" t="ar"/>
		<b id="4" c="4 5" t="1"/>
		<b id="5" c="5 6" t="1"/>
		<b id="6" c="5 7" t="2"/>
		<b id="7" c="5 8" t="2"/>
		<b id="8" c="4 9" t="ar"/>
		<b id="9" c="9 10" t="ar"/>
		<b id="10" c="10 11" t="1"/>
		<b id="11" c="11 12" t="2"/>
		<b id="12" c="11 13" t="1"/>
		<b id="13" c="10 14" t="ar"/>
		<b id="14" c="2 14" t="ar"/>
		<b id="15" c="14 15" t="1"/>
		<b id="16" c="1 16" t="1"/>
		<b id="17" c="1 17" t="1"/>
		<b id="18" c="1 18" t="1"/>
		<b id="19" c="3 19" t="1"/>
		<b id="20" c="6 20" t="1"/>
		<b id="21" c="6 21" t="1"/>
		<b id="22" c="6 22" t="1"/>
		<b id="23" c="9 23" t="1"/>
		<b id="24" c="15 24" t="1"/>
		<b id="25" c="15 25" t="1"/>
	</bonds>
	<geometry>
		<g u="A" t="cart/3d">#25,3:1.8486,1.5083,0.0724;0.5513,0.7562,0.0483;-0.6484,1.4230,0.0909;-1.8576,0.7323,0.0798;-3.3922,1.6586,0.1316;-3.9295,1.6585,-1.6041;-4.3550,0.9299,0.9069;-3.0872,3.0116,0.5112;-1.8806,-0.6329,0.0179;-0.6780,-1.3466,-0.0386;-0.7742,-2.7628,-0.1283;-1.8780,-3.2544,-0.2359;0.2526,-3.4336,-0.1021;0.5670,-0.6667,-0.0143;1.7361,-1.3226,-0.0580;1.6568,2.5757,0.1172;2.4346,1.3040,-0.8239;2.4408,1.2331,0.9450;-0.6876,2.4995,0.1543;-4.0775,0.6317,-1.9112;-3.1611,2.1432,-2.1921;-4.8591,2.2108,-1.6627;-2.8160,-1.1701,0.0315;1.7193,-2.3352,-0.0757;2.6017,-0.8172,-0.0323;</g>
	</geometry>
	<conformers/>
	<properties/>
</molecule>
