<?xml version="1.0" ?>
<!--MOLLI PACKAGE EXPERIMENTAL XML FORMAT-->
<molecule name="nuc2446">
	<atoms>
		<a id="1" s="C" t="C.3" l="C"/>
		<a id="2" s="O" t="O.3" l="O"/>
		<a id="3" s="C" t="C.ar" l="C"/>
		<a id="4" s="C" t="C.ar" l="C"/>
		<a id="5" s="C" t="C.ar" l="C"/>
		<a id="6" s="C" t="C.ar" l="C"/>
		<a id="7" s="C" t="C.ar" l="C"/>
		<a id="8" s="C" t="C.ar" l="C"/>
		<a id="9" s="C" t="C.ar" l="C"/>
		<a id="10" s="C" t="C.ar" l="C"/>
		<a id="11" s="C" t="C.ar" l="C"/>
		<a id="12" s="C" t="C.ar" l="C"/>
		<a id="13" s="N" t="N.ar" l="N"/>
		<a id="14" s="C" t="C.ar" l="C"/>
		<a id="15" s="N" t="N.pl3" l="N"/>
		<a id="16" s="N" t="N.ar" l="N"/>
		<a id="17" s="C" t="C.ar" l="C"/>
		<a id="18" s="C" t="C.ar" l="C"/>
		<a id="19" s="C" t="C.ar" l="C"/>
		<a id="20" s="H" t="H" l="H"/>
		<a id="21" s="H" t="H" l="H"/>
		<a id="22" s="H" t="H" l="H"/>
		<a id="23" s="H" t="H" l="H"/>
		<a id="24" s="H" t="H" l="H"/>
		<a id="25" s="H" t="H" l="H"/>
		<a id="26" s="H" t="H" l="H"/>
		<a id="27" s="H" t="H" l="H"/>
		<a id="28" s="H" t="H" l="H"/>
		<a id="29" s="H" t="H" l="H"/>
		<a id="30" s="H" t="H" l="H"/>
		<a id="31" s="H" t="H" l="H"/>
		<a id="32" s="H" t="H" l="H"/>
	</atoms>
	<bonds>
		<b id="1" c="1 2" t="1"/>
		<b id="2" c="2 3" t="1"/>
		<b id="3" c="3 4" t="ar"/>
		<b id="4" c="4 5" t="ar"/>
		<b id="5" c="5 6" t="ar"/>
		<b id="6" c="6 7" t="1"/>
		<b id="7" c="7 8" t="ar"/>
		<b id="8" c="8 9" t="ar"/>
		<b id="9" c="9 10" t="ar"/>
		<b id="10" c="10 11" t="ar"/>
		<b id="11" c="11 12" t="ar"/>
		<b id="12" c="12 13" t="ar"/>
		<b id="13" c="13 14" t="ar"/>
		<b id="14" c="14 15" t="1"/>
		<b id="15" c="14 16" t="ar"/>
		<b id="16" c="16 17" t="ar"/>
		<b id="17" c="7 17" t="ar"/>
		<b id="18" c="11 17" t="ar"/>
		<b id="19" c="6 18" t="ar"/>
		<b id="20" c="18 19" t="ar"/>
		<b id="21" c="3 19" t="ar"/>
		<b id="22" c="1 20" t="1"/>
		<b id="23" c="1 21" t="1"/>
		<b id="24" c="1 22" t="1"/>
		<b id="25" c="4 23" t="1"/>
		<b id="26" c="5 24" t="1"/>
		<b id="27" c="8 25" t="1"/>
		<b id="28" c="9 26" t="1"/>
		<b id="29" c="10 27" t="1"/>
		<b id="30" c="12 28" t="1"/>
		<b id="31" c="15 29" t="1"/>
		<b id="32" c="15 30" t="1"/>
		<b id="33" c="18 31" t="1"/>
		<b id="34" c="19 32" t="1"/>
	</bonds>
	<geometry>
		<g u="A" t="cart/3d">#32,3:1.3700,0.1272,-0.5292;2.2862,-0.2694,-1.5188;3.0481,0.6867,-2.1229;2.9697,2.0508,-1.8674;3.8009,2.9275,-2.5419;4.7195,2.4779,-3.4843;5.6010,3.4264,-4.1749;6.1935,4.4650,-3.4908;7.0421,5.3877,-4.1171;7.3087,5.2849,-5.4542;6.7214,4.2465,-6.1979;6.9164,4.0629,-7.5843;6.3612,3.1012,-8.2627;5.5591,2.2545,-7.5678;5.0259,1.2369,-8.2788;5.2871,2.3206,-6.2837;5.8632,3.3022,-5.5684;4.7861,1.1075,-3.7380;3.9676,0.2272,-3.0677;0.8999,-0.7900,-0.1773;0.6012,0.7935,-0.9343;1.8724,0.6206,0.3095;2.2653,2.4440,-1.1507;3.7130,3.9863,-2.3440;6.0165,4.5611,-2.4290;7.4867,6.1774,-3.5295;7.9629,5.9842,-5.9551;7.5510,4.7421,-8.1433;5.1033,1.2669,-9.2790;4.3159,0.6764,-7.8438;5.4944,0.7385,-4.4615;4.0195,-0.8342,-3.2539;</g>
	</geometry>
	<conformers/>
	<properties/>
</molecule>
