<?xml version="1.0" ?>
<!--MOLLI PACKAGE EXPERIMENTAL XML FORMAT-->
<molecule name="nuc2453">
	<atoms>
		<a id="1" s="C" t="C.3" l="C"/>
		<a id="2" s="C" t="C.2" l="C"/>
		<a id="3" s="O" t="O.2" l="O"/>
		<a id="4" s="O" t="O.3" l="O"/>
		<a id="5" s="C" t="C.3" l="C"/>
		<a id="6" s="C" t="C.3" l="C"/>
		<a id="7" s="C" t="C.ar" l="C"/>
		<a id="8" s="N" t="N.ar" l="N"/>
		<a id="9" s="C" t="C.ar" l="C"/>
		<a id="10" s="C" t="C.3" l="C"/>
		<a id="11" s="C" t="C.ar" l="C"/>
		<a id="12" s="C" t="C.ar" l="C"/>
		<a id="13" s="C" t="C.ar" l="C"/>
		<a id="14" s="S" t="S.2" l="S"/>
		<a id="15" s="C" t="C.ar" l="C"/>
		<a id="16" s="N" t="N.pl3" l="N"/>
		<a id="17" s="N" t="N.ar" l="N"/>
		<a id="18" s="S" t="S.2" l="S"/>
		<a id="19" s="H" t="H" l="H"/>
		<a id="20" s="H" t="H" l="H"/>
		<a id="21" s="H" t="H" l="H"/>
		<a id="22" s="H" t="H" l="H"/>
		<a id="23" s="H" t="H" l="H"/>
		<a id="24" s="H" t="H" l="H"/>
		<a id="25" s="H" t="H" l="H"/>
		<a id="26" s="H" t="H" l="H"/>
		<a id="27" s="H" t="H" l="H"/>
		<a id="28" s="H" t="H" l="H"/>
		<a id="29" s="H" t="H" l="H"/>
		<a id="30" s="H" t="H" l="H"/>
		<a id="31" s="H" t="H" l="H"/>
	</atoms>
	<bonds>
		<b id="1" c="1 2" t="1"/>
		<b id="2" c="2 3" t="2"/>
		<b id="3" c="2 4" t="1"/>
		<b id="4" c="4 5" t="1"/>
		<b id="5" c="5 6" t="1"/>
		<b id="6" c="5 7" t="1"/>
		<b id="7" c="7 8" t="ar"/>
		<b id="8" c="8 9" t="ar"/>
		<b id="9" c="9 10" t="1"/>
		<b id="10" c="9 11" t="ar"/>
		<b id="11" c="11 12" t="1"/>
		<b id="12" c="12 13" t="ar"/>
		<b id="13" c="13 14" t="ar"/>
		<b id="14" c="14 15" t="ar"/>
		<b id="15" c="15 16" t="1"/>
		<b id="16" c="15 17" t="ar"/>
		<b id="17" c="12 17" t="ar"/>
		<b id="18" c="11 18" t="ar"/>
		<b id="19" c="7 18" t="ar"/>
		<b id="20" c="1 19" t="1"/>
		<b id="21" c="1 20" t="1"/>
		<b id="22" c="1 21" t="1"/>
		<b id="23" c="5 22" t="1"/>
		<b id="24" c="6 23" t="1"/>
		<b id="25" c="6 24" t="1"/>
		<b id="26" c="6 25" t="1"/>
		<b id="27" c="10 26" t="1"/>
		<b id="28" c="10 27" t="1"/>
		<b id="29" c="10 28" t="1"/>
		<b id="30" c="13 29" t="1"/>
		<b id="31" c="16 30" t="1"/>
		<b id="32" c="16 31" t="1"/>
	</bonds>
	<geometry>
		<g u="A" t="cart/3d">#31,3:2.9538,-2.0951,-1.6955;4.0465,-1.5435,-0.8227;5.2225,-1.6335,-1.0474;3.5288,-0.9173,0.2455;4.4440,-0.4774,1.2432;3.7880,0.6483,2.0369;4.8062,-1.6395,2.1135;4.4441,-2.8520,1.9076;4.9147,-3.7159,2.8387;4.5815,-5.1610,2.7294;5.6806,-3.1314,3.8205;6.3092,-3.7455,4.9562;7.0475,-3.0831,5.8963;7.6204,-4.1686,7.1084;6.8013,-5.4701,6.2278;6.7905,-6.7299,6.7251;6.1901,-5.0944,5.1651;5.8072,-1.4199,3.5311;3.3295,-2.2401,-2.7045;2.0953,-1.4301,-1.6898;2.6520,-3.0587,-1.2879;5.3582,-0.1149,0.7463;2.8712,0.2869,2.4958;3.5471,1.4743,1.3736;4.4670,0.9951,2.8108;3.9635,-5.3162,1.8499;4.0523,-5.4949,3.6194;5.4923,-5.7502,2.6481;7.2807,-2.0388,5.9431;7.5093,-6.9771,7.3842;6.4960,-7.4506,6.0885;</g>
	</geometry>
	<conformers/>
	<properties/>
</molecule>
