<?xml version="1.0" ?>
<!--MOLLI PACKAGE EXPERIMENTAL XML FORMAT-->
<molecule name="nuc2455">
	<atoms>
		<a id="1" s="C" t="C.3" l="C"/>
		<a id="2" s="C" t="C.3" l="C"/>
		<a id="3" s="N" t="N.3" l="N"/>
		<a id="4" s="C" t="C.3" l="C"/>
		<a id="5" s="C" t="C.3" l="C"/>
		<a id="6" s="C" t="C.3" l="C"/>
		<a id="7" s="C" t="C.ar" l="C"/>
		<a id="8" s="C" t="C.ar" l="C"/>
		<a id="9" s="C" t="C.ar" l="C"/>
		<a id="10" s="C" t="C.ar" l="C"/>
		<a id="11" s="N" t="N.pl3" l="N"/>
		<a id="12" s="N" t="N.ar" l="N"/>
		<a id="13" s="C" t="C.ar" l="C"/>
		<a id="14" s="C" t="C.3" l="C"/>
		<a id="15" s="C" t="C.3" l="C"/>
		<a id="16" s="H" t="H" l="H"/>
		<a id="17" s="H" t="H" l="H"/>
		<a id="18" s="H" t="H" l="H"/>
		<a id="19" s="H" t="H" l="H"/>
		<a id="20" s="H" t="H" l="H"/>
		<a id="21" s="H" t="H" l="H"/>
		<a id="22" s="H" t="H" l="H"/>
		<a id="23" s="H" t="H" l="H"/>
		<a id="24" s="H" t="H" l="H"/>
		<a id="25" s="H" t="H" l="H"/>
		<a id="26" s="H" t="H" l="H"/>
		<a id="27" s="H" t="H" l="H"/>
		<a id="28" s="H" t="H" l="H"/>
		<a id="29" s="H" t="H" l="H"/>
		<a id="30" s="H" t="H" l="H"/>
		<a id="31" s="H" t="H" l="H"/>
		<a id="32" s="H" t="H" l="H"/>
		<a id="33" s="H" t="H" l="H"/>
		<a id="34" s="H" t="H" l="H"/>
	</atoms>
	<bonds>
		<b id="1" c="1 2" t="1"/>
		<b id="2" c="2 3" t="1"/>
		<b id="3" c="3 4" t="1"/>
		<b id="4" c="4 5" t="1"/>
		<b id="5" c="5 6" t="1"/>
		<b id="6" c="6 7" t="1"/>
		<b id="7" c="7 8" t="ar"/>
		<b id="8" c="8 9" t="ar"/>
		<b id="9" c="9 10" t="ar"/>
		<b id="10" c="10 11" t="1"/>
		<b id="11" c="10 12" t="ar"/>
		<b id="12" c="12 13" t="ar"/>
		<b id="13" c="7 13" t="ar"/>
		<b id="14" c="6 14" t="1"/>
		<b id="15" c="14 15" t="1"/>
		<b id="16" c="3 15" t="1"/>
		<b id="17" c="1 16" t="1"/>
		<b id="18" c="1 17" t="1"/>
		<b id="19" c="1 18" t="1"/>
		<b id="20" c="2 19" t="1"/>
		<b id="21" c="2 20" t="1"/>
		<b id="22" c="4 21" t="1"/>
		<b id="23" c="4 22" t="1"/>
		<b id="24" c="5 23" t="1"/>
		<b id="25" c="5 24" t="1"/>
		<b id="26" c="6 25" t="1"/>
		<b id="27" c="8 26" t="1"/>
		<b id="28" c="9 27" t="1"/>
		<b id="29" c="11 28" t="1"/>
		<b id="30" c="11 29" t="1"/>
		<b id="31" c="13 30" t="1"/>
		<b id="32" c="14 31" t="1"/>
		<b id="33" c="14 32" t="1"/>
		<b id="34" c="15 33" t="1"/>
		<b id="35" c="15 34" t="1"/>
	</bonds>
	<geometry>
		<g u="A" t="cart/3d">#34,3:0.7611,-0.0908,0.1694;2.2754,0.0546,0.0583;2.7940,1.0933,0.9308;4.2338,0.9909,1.0867;4.7317,1.9868,2.1318;4.3725,3.4287,1.7617;5.1373,3.9940,0.5841;6.2394,3.3743,-0.0066;6.8885,3.9716,-1.0662;6.4273,5.2098,-1.5261;7.0596,5.8850,-2.5354;5.3945,5.8246,-0.9558;4.7913,5.2356,0.0607;2.8547,3.4540,1.5337;2.4500,2.4298,0.4803;0.4469,-1.0133,-0.3117;0.2413,0.7344,-0.3097;0.4728,-0.1237,1.2159;2.5573,0.2315,-0.9969;2.7360,-0.8873,0.3707;4.7449,1.1611,0.1221;4.4715,-0.0240,1.4194;5.8071,1.8716,2.2743;4.2451,1.7502,3.0800;4.6003,4.0712,2.6239;6.6081,2.4274,0.3567;7.7427,3.5029,-1.5320;7.6204,5.3557,-3.1803;6.5538,6.6687,-2.9128;3.9771,5.8110,0.4824;2.5157,4.4426,1.2262;2.3563,3.1986,2.4706;2.9446,2.6709,-0.4803;1.3709,2.4811,0.3296;</g>
	</geometry>
	<conformers/>
	<properties/>
</molecule>
