<?xml version="1.0" ?>
<!--MOLLI PACKAGE EXPERIMENTAL XML FORMAT-->
<molecule name="nuc2459">
	<atoms>
		<a id="1" s="C" t="C.3" l="C"/>
		<a id="2" s="N" t="N.3" l="N"/>
		<a id="3" s="C" t="C.3" l="C"/>
		<a id="4" s="C" t="C.3" l="C"/>
		<a id="5" s="N" t="N.am" l="N"/>
		<a id="6" s="C" t="C.2" l="C"/>
		<a id="7" s="O" t="O.2" l="O"/>
		<a id="8" s="C" t="C.ar" l="C"/>
		<a id="9" s="C" t="C.ar" l="C"/>
		<a id="10" s="C" t="C.ar" l="C"/>
		<a id="11" s="C" t="C.ar" l="C"/>
		<a id="12" s="N" t="N.pl3" l="N"/>
		<a id="13" s="C" t="C.ar" l="C"/>
		<a id="14" s="F" t="F" l="F"/>
		<a id="15" s="C" t="C.ar" l="C"/>
		<a id="16" s="C" t="C.3" l="C"/>
		<a id="17" s="C" t="C.3" l="C"/>
		<a id="18" s="H" t="H" l="H"/>
		<a id="19" s="H" t="H" l="H"/>
		<a id="20" s="H" t="H" l="H"/>
		<a id="21" s="H" t="H" l="H"/>
		<a id="22" s="H" t="H" l="H"/>
		<a id="23" s="H" t="H" l="H"/>
		<a id="24" s="H" t="H" l="H"/>
		<a id="25" s="H" t="H" l="H"/>
		<a id="26" s="H" t="H" l="H"/>
		<a id="27" s="H" t="H" l="H"/>
		<a id="28" s="H" t="H" l="H"/>
		<a id="29" s="H" t="H" l="H"/>
		<a id="30" s="H" t="H" l="H"/>
		<a id="31" s="H" t="H" l="H"/>
		<a id="32" s="H" t="H" l="H"/>
		<a id="33" s="H" t="H" l="H"/>
	</atoms>
	<bonds>
		<b id="1" c="1 2" t="1"/>
		<b id="2" c="2 3" t="1"/>
		<b id="3" c="3 4" t="1"/>
		<b id="4" c="4 5" t="1"/>
		<b id="5" c="5 6" t="am"/>
		<b id="6" c="6 7" t="2"/>
		<b id="7" c="6 8" t="1"/>
		<b id="8" c="8 9" t="ar"/>
		<b id="9" c="9 10" t="ar"/>
		<b id="10" c="10 11" t="ar"/>
		<b id="11" c="11 12" t="1"/>
		<b id="12" c="11 13" t="ar"/>
		<b id="13" c="13 14" t="1"/>
		<b id="14" c="13 15" t="ar"/>
		<b id="15" c="8 15" t="ar"/>
		<b id="16" c="5 16" t="1"/>
		<b id="17" c="16 17" t="1"/>
		<b id="18" c="2 17" t="1"/>
		<b id="19" c="1 18" t="1"/>
		<b id="20" c="1 19" t="1"/>
		<b id="21" c="1 20" t="1"/>
		<b id="22" c="3 21" t="1"/>
		<b id="23" c="3 22" t="1"/>
		<b id="24" c="4 23" t="1"/>
		<b id="25" c="4 24" t="1"/>
		<b id="26" c="9 25" t="1"/>
		<b id="27" c="10 26" t="1"/>
		<b id="28" c="12 27" t="1"/>
		<b id="29" c="12 28" t="1"/>
		<b id="30" c="15 29" t="1"/>
		<b id="31" c="16 30" t="1"/>
		<b id="32" c="16 31" t="1"/>
		<b id="33" c="17 32" t="1"/>
		<b id="34" c="17 33" t="1"/>
	</bonds>
	<geometry>
		<g u="A" t="cart/3d">#33,3:2.2600,-0.0138,0.5980;0.9589,-0.0185,-0.0329;0.2022,-1.2131,0.2886;-1.0978,-1.2391,-0.5219;-1.8664,-0.0483,-0.2554;-3.0276,0.0114,0.4432;-3.4717,1.0605,0.8760;-3.7835,-1.2671,0.6027;-4.1584,-2.0351,-0.4961;-4.9470,-3.1571,-0.3405;-5.3908,-3.5579,0.9216;-6.2242,-4.6308,1.0955;-5.0041,-2.7643,2.0076;-5.4113,-3.1440,3.2488;-4.2321,-1.6356,1.8672;-1.1137,1.1645,-0.4966;0.1821,1.1599,0.3104;2.8193,-0.8878,0.2669;2.2017,-0.0288,1.6976;2.7987,0.8812,0.2908;-0.0438,-1.2621,1.3664;0.8038,-2.0883,0.0322;-1.6744,-2.1266,-0.2620;-0.8482,-1.2658,-1.5887;-3.8441,-1.7394,-1.4861;-5.2388,-3.7392,-1.2022;-6.2787,-5.3090,0.3562;-6.3390,-4.9757,2.0336;-3.9794,-1.0454,2.7337;-1.7412,2.0102,-0.2120;-0.8755,1.2183,-1.5639;-0.0598,1.1872,1.3883;0.7670,2.0485,0.0644;</g>
	</geometry>
	<conformers/>
	<properties/>
</molecule>
