<?xml version="1.0" ?>
<!--MOLLI PACKAGE EXPERIMENTAL XML FORMAT-->
<molecule name="nuc2460">
	<atoms>
		<a id="1" s="C" t="C.3" l="C"/>
		<a id="2" s="C" t="C.3" l="C"/>
		<a id="3" s="O" t="O.3" l="O"/>
		<a id="4" s="C" t="C.3" l="C"/>
		<a id="5" s="C" t="C.3" l="C"/>
		<a id="6" s="C" t="C.ar" l="C"/>
		<a id="7" s="C" t="C.ar" l="C"/>
		<a id="8" s="C" t="C.ar" l="C"/>
		<a id="9" s="N" t="N.ar" l="N"/>
		<a id="10" s="N" t="N.ar" l="N"/>
		<a id="11" s="C" t="C.3" l="C"/>
		<a id="12" s="C" t="C.3" l="C"/>
		<a id="13" s="C" t="C.3" l="C"/>
		<a id="14" s="C" t="C.3" l="C"/>
		<a id="15" s="N" t="N.3" l="N"/>
		<a id="16" s="H" t="H" l="H"/>
		<a id="17" s="H" t="H" l="H"/>
		<a id="18" s="H" t="H" l="H"/>
		<a id="19" s="H" t="H" l="H"/>
		<a id="20" s="H" t="H" l="H"/>
		<a id="21" s="H" t="H" l="H"/>
		<a id="22" s="H" t="H" l="H"/>
		<a id="23" s="H" t="H" l="H"/>
		<a id="24" s="H" t="H" l="H"/>
		<a id="25" s="H" t="H" l="H"/>
		<a id="26" s="H" t="H" l="H"/>
		<a id="27" s="H" t="H" l="H"/>
		<a id="28" s="H" t="H" l="H"/>
		<a id="29" s="H" t="H" l="H"/>
		<a id="30" s="H" t="H" l="H"/>
		<a id="31" s="H" t="H" l="H"/>
		<a id="32" s="H" t="H" l="H"/>
		<a id="33" s="H" t="H" l="H"/>
		<a id="34" s="H" t="H" l="H"/>
	</atoms>
	<bonds>
		<b id="1" c="1 2" t="1"/>
		<b id="2" c="2 3" t="1"/>
		<b id="3" c="3 4" t="1"/>
		<b id="4" c="4 5" t="1"/>
		<b id="5" c="5 6" t="1"/>
		<b id="6" c="6 7" t="ar"/>
		<b id="7" c="7 8" t="ar"/>
		<b id="8" c="8 9" t="ar"/>
		<b id="9" c="9 10" t="ar"/>
		<b id="10" c="6 10" t="ar"/>
		<b id="11" c="10 11" t="1"/>
		<b id="12" c="11 12" t="1"/>
		<b id="13" c="7 13" t="1"/>
		<b id="14" c="13 14" t="1"/>
		<b id="15" c="4 14" t="1"/>
		<b id="16" c="14 15" t="1"/>
		<b id="17" c="1 16" t="1"/>
		<b id="18" c="1 17" t="1"/>
		<b id="19" c="1 18" t="1"/>
		<b id="20" c="2 19" t="1"/>
		<b id="21" c="2 20" t="1"/>
		<b id="22" c="4 21" t="1"/>
		<b id="23" c="5 22" t="1"/>
		<b id="24" c="5 23" t="1"/>
		<b id="25" c="8 24" t="1"/>
		<b id="26" c="11 25" t="1"/>
		<b id="27" c="11 26" t="1"/>
		<b id="28" c="12 27" t="1"/>
		<b id="29" c="12 28" t="1"/>
		<b id="30" c="12 29" t="1"/>
		<b id="31" c="13 30" t="1"/>
		<b id="32" c="13 31" t="1"/>
		<b id="33" c="14 32" t="1"/>
		<b id="34" c="15 33" t="1"/>
		<b id="35" c="15 34" t="1"/>
	</bonds>
	<geometry>
		<g u="A" t="cart/3d">#34,3:0.8232,0.0922,-1.0689;2.2021,0.2158,-1.6968;3.0741,-0.6533,-1.0118;4.3954,-0.7033,-1.5007;5.2485,0.4802,-0.9982;5.5824,0.2490,0.4309;5.4677,-0.9507,1.1036;5.9319,-0.6696,2.3967;6.3017,0.5935,2.5002;6.0942,1.1465,1.3046;6.3418,2.5475,1.1020;5.0815,3.3779,1.3389;4.9227,-2.1883,0.4805;4.9872,-2.0662,-1.0464;6.3482,-2.2962,-1.4891;0.1206,0.7458,-1.5783;0.8731,0.3661,-0.0188;0.4765,-0.9346,-1.1406;2.5493,1.2587,-1.6297;2.1652,-0.0572,-2.7645;4.3778,-0.6780,-2.6063;4.6944,1.4124,-1.1316;6.1596,0.5547,-1.6036;6.0136,-1.3281,3.2381;6.7149,2.6991,0.0847;7.1156,2.8400,1.8152;4.2925,3.0880,0.6489;5.2980,4.4336,1.1992;4.7253,3.2218,2.3537;3.8806,-2.3205,0.7795;5.4895,-3.0677,0.7903;4.3639,-2.8505,-1.4928;6.9860,-1.6811,-0.9957;6.4418,-2.1259,-2.4843;</g>
	</geometry>
	<conformers/>
	<properties/>
</molecule>
