<?xml version="1.0" ?>
<!--MOLLI PACKAGE EXPERIMENTAL XML FORMAT-->
<molecule name="nuc2461">
	<atoms>
		<a id="1" s="C" t="C.3" l="C"/>
		<a id="2" s="C" t="C.ar" l="C"/>
		<a id="3" s="C" t="C.ar" l="C"/>
		<a id="4" s="N" t="N.pl3" l="N"/>
		<a id="5" s="C" t="C.ar" l="C"/>
		<a id="6" s="C" t="C.ar" l="C"/>
		<a id="7" s="C" t="C.ar" l="C"/>
		<a id="8" s="C" t="C.ar" l="C"/>
		<a id="9" s="C" t="C.1" l="C"/>
		<a id="10" s="N" t="N.1" l="N"/>
		<a id="11" s="H" t="H" l="H"/>
		<a id="12" s="H" t="H" l="H"/>
		<a id="13" s="H" t="H" l="H"/>
		<a id="14" s="H" t="H" l="H"/>
		<a id="15" s="H" t="H" l="H"/>
		<a id="16" s="H" t="H" l="H"/>
		<a id="17" s="H" t="H" l="H"/>
		<a id="18" s="H" t="H" l="H"/>
	</atoms>
	<bonds>
		<b id="1" c="1 2" t="1"/>
		<b id="2" c="2 3" t="ar"/>
		<b id="3" c="3 4" t="1"/>
		<b id="4" c="3 5" t="ar"/>
		<b id="5" c="5 6" t="ar"/>
		<b id="6" c="6 7" t="ar"/>
		<b id="7" c="7 8" t="ar"/>
		<b id="8" c="2 8" t="ar"/>
		<b id="9" c="8 9" t="1"/>
		<b id="10" c="9 10" t="3"/>
		<b id="11" c="1 11" t="1"/>
		<b id="12" c="1 12" t="1"/>
		<b id="13" c="1 13" t="1"/>
		<b id="14" c="4 14" t="1"/>
		<b id="15" c="4 15" t="1"/>
		<b id="16" c="5 16" t="1"/>
		<b id="17" c="6 17" t="1"/>
		<b id="18" c="7 18" t="1"/>
	</bonds>
	<geometry>
		<g u="A" t="cart/3d">#18,3:0.8477,-0.0168,-0.2085;2.3401,0.0282,-0.0456;3.0728,1.2185,0.0618;2.4734,2.4586,-0.0248;4.4642,1.1530,0.1889;5.1339,-0.0538,0.2148;4.4274,-1.2365,0.1212;3.0400,-1.1834,-0.0085;2.3263,-2.3997,-0.1080;1.7615,-3.3950,-0.1891;0.3928,0.9691,-0.1907;0.3996,-0.6216,0.5803;0.5934,-0.4846,-1.1596;1.5043,2.5263,0.2365;3.0371,3.2346,0.2813;5.0190,2.0777,0.2660;6.2086,-0.0702,0.3143;4.9276,-2.1925,0.1450;</g>
	</geometry>
	<conformers/>
	<properties/>
</molecule>
