<?xml version="1.0" ?>
<!--MOLLI PACKAGE EXPERIMENTAL XML FORMAT-->
<molecule name="nuc2468">
	<atoms>
		<a id="1" s="C" t="C.3" l="C"/>
		<a id="2" s="N" t="N.3" l="N"/>
		<a id="3" s="C" t="C.3" l="C"/>
		<a id="4" s="C" t="C.3" l="C"/>
		<a id="5" s="N" t="N.pl3" l="N"/>
		<a id="6" s="C" t="C.ar" l="C"/>
		<a id="7" s="C" t="C.ar" l="C"/>
		<a id="8" s="C" t="C.ar" l="C"/>
		<a id="9" s="C" t="C.ar" l="C"/>
		<a id="10" s="N" t="N.pl3" l="N"/>
		<a id="11" s="C" t="C.ar" l="C"/>
		<a id="12" s="C" t="C.ar" l="C"/>
		<a id="13" s="C" t="C.3" l="C"/>
		<a id="14" s="F" t="F" l="F"/>
		<a id="15" s="F" t="F" l="F"/>
		<a id="16" s="F" t="F" l="F"/>
		<a id="17" s="C" t="C.3" l="C"/>
		<a id="18" s="C" t="C.3" l="C"/>
		<a id="19" s="H" t="H" l="H"/>
		<a id="20" s="H" t="H" l="H"/>
		<a id="21" s="H" t="H" l="H"/>
		<a id="22" s="H" t="H" l="H"/>
		<a id="23" s="H" t="H" l="H"/>
		<a id="24" s="H" t="H" l="H"/>
		<a id="25" s="H" t="H" l="H"/>
		<a id="26" s="H" t="H" l="H"/>
		<a id="27" s="H" t="H" l="H"/>
		<a id="28" s="H" t="H" l="H"/>
		<a id="29" s="H" t="H" l="H"/>
		<a id="30" s="H" t="H" l="H"/>
		<a id="31" s="H" t="H" l="H"/>
		<a id="32" s="H" t="H" l="H"/>
		<a id="33" s="H" t="H" l="H"/>
		<a id="34" s="H" t="H" l="H"/>
	</atoms>
	<bonds>
		<b id="1" c="1 2" t="1"/>
		<b id="2" c="2 3" t="1"/>
		<b id="3" c="3 4" t="1"/>
		<b id="4" c="4 5" t="1"/>
		<b id="5" c="5 6" t="1"/>
		<b id="6" c="6 7" t="ar"/>
		<b id="7" c="7 8" t="ar"/>
		<b id="8" c="8 9" t="ar"/>
		<b id="9" c="9 10" t="1"/>
		<b id="10" c="9 11" t="ar"/>
		<b id="11" c="11 12" t="ar"/>
		<b id="12" c="6 12" t="ar"/>
		<b id="13" c="12 13" t="1"/>
		<b id="14" c="13 14" t="1"/>
		<b id="15" c="13 15" t="1"/>
		<b id="16" c="13 16" t="1"/>
		<b id="17" c="5 17" t="1"/>
		<b id="18" c="17 18" t="1"/>
		<b id="19" c="2 18" t="1"/>
		<b id="20" c="1 19" t="1"/>
		<b id="21" c="1 20" t="1"/>
		<b id="22" c="1 21" t="1"/>
		<b id="23" c="3 22" t="1"/>
		<b id="24" c="3 23" t="1"/>
		<b id="25" c="4 24" t="1"/>
		<b id="26" c="4 25" t="1"/>
		<b id="27" c="7 26" t="1"/>
		<b id="28" c="8 27" t="1"/>
		<b id="29" c="10 28" t="1"/>
		<b id="30" c="10 29" t="1"/>
		<b id="31" c="11 30" t="1"/>
		<b id="32" c="17 31" t="1"/>
		<b id="33" c="17 32" t="1"/>
		<b id="34" c="18 33" t="1"/>
		<b id="35" c="18 34" t="1"/>
	</bonds>
	<geometry>
		<g u="A" t="cart/3d">#34,3:2.4484,0.1449,-0.1122;1.0168,0.0369,-0.2849;0.4748,-1.1111,0.4173;-1.0159,-1.2485,0.1133;-1.6831,-0.0506,0.5734;-3.0492,-0.1068,0.8399;-3.8822,-1.0703,0.2596;-5.2281,-1.1380,0.5390;-5.8251,-0.2267,1.4119;-7.1878,-0.2214,1.6173;-5.0087,0.7197,2.0224;-3.6453,0.7684,1.7635;-2.8591,1.7773,2.5467;-1.5930,1.4265,2.8060;-2.7948,2.9901,1.9429;-3.4132,2.0211,3.7509;-1.1603,1.1079,-0.1270;0.3320,1.2398,0.1553;2.9220,-0.7620,-0.4862;2.7414,0.2870,0.9399;2.8124,0.9923,-0.6916;0.6082,-1.0170,1.5098;0.9988,-2.0076,0.0763;-1.4161,-2.1111,0.6487;-1.1399,-1.3981,-0.9712;-3.4616,-1.7736,-0.4411;-5.8376,-1.8934,0.0646;-7.6772,-1.0746,1.4028;-7.5139,0.2545,2.4429;-5.4410,1.4177,2.7239;-1.6800,2.0113,0.1847;-1.3044,0.9855,-1.2135;0.4812,1.4181,1.2333;0.7313,2.0912,-0.4005;</g>
	</geometry>
	<conformers/>
	<properties/>
</molecule>
