<?xml version="1.0" ?>
<!--MOLLI PACKAGE EXPERIMENTAL XML FORMAT-->
<molecule name="nuc2469">
	<atoms>
		<a id="1" s="C" t="C.3" l="C"/>
		<a id="2" s="C" t="C.3" l="C"/>
		<a id="3" s="N" t="N.3" l="N"/>
		<a id="4" s="C" t="C.3" l="C"/>
		<a id="5" s="C" t="C.3" l="C"/>
		<a id="6" s="N" t="N.pl3" l="N"/>
		<a id="7" s="C" t="C.ar" l="C"/>
		<a id="8" s="C" t="C.ar" l="C"/>
		<a id="9" s="C" t="C.ar" l="C"/>
		<a id="10" s="C" t="C.ar" l="C"/>
		<a id="11" s="N" t="N.pl3" l="N"/>
		<a id="12" s="C" t="C.ar" l="C"/>
		<a id="13" s="C" t="C.ar" l="C"/>
		<a id="14" s="C" t="C.3" l="C"/>
		<a id="15" s="F" t="F" l="F"/>
		<a id="16" s="F" t="F" l="F"/>
		<a id="17" s="F" t="F" l="F"/>
		<a id="18" s="C" t="C.3" l="C"/>
		<a id="19" s="C" t="C.3" l="C"/>
		<a id="20" s="H" t="H" l="H"/>
		<a id="21" s="H" t="H" l="H"/>
		<a id="22" s="H" t="H" l="H"/>
		<a id="23" s="H" t="H" l="H"/>
		<a id="24" s="H" t="H" l="H"/>
		<a id="25" s="H" t="H" l="H"/>
		<a id="26" s="H" t="H" l="H"/>
		<a id="27" s="H" t="H" l="H"/>
		<a id="28" s="H" t="H" l="H"/>
		<a id="29" s="H" t="H" l="H"/>
		<a id="30" s="H" t="H" l="H"/>
		<a id="31" s="H" t="H" l="H"/>
		<a id="32" s="H" t="H" l="H"/>
		<a id="33" s="H" t="H" l="H"/>
		<a id="34" s="H" t="H" l="H"/>
		<a id="35" s="H" t="H" l="H"/>
		<a id="36" s="H" t="H" l="H"/>
		<a id="37" s="H" t="H" l="H"/>
	</atoms>
	<bonds>
		<b id="1" c="1 2" t="1"/>
		<b id="2" c="2 3" t="1"/>
		<b id="3" c="3 4" t="1"/>
		<b id="4" c="4 5" t="1"/>
		<b id="5" c="5 6" t="1"/>
		<b id="6" c="6 7" t="1"/>
		<b id="7" c="7 8" t="ar"/>
		<b id="8" c="8 9" t="ar"/>
		<b id="9" c="9 10" t="ar"/>
		<b id="10" c="10 11" t="1"/>
		<b id="11" c="10 12" t="ar"/>
		<b id="12" c="12 13" t="ar"/>
		<b id="13" c="7 13" t="ar"/>
		<b id="14" c="13 14" t="1"/>
		<b id="15" c="14 15" t="1"/>
		<b id="16" c="14 16" t="1"/>
		<b id="17" c="14 17" t="1"/>
		<b id="18" c="6 18" t="1"/>
		<b id="19" c="18 19" t="1"/>
		<b id="20" c="3 19" t="1"/>
		<b id="21" c="1 20" t="1"/>
		<b id="22" c="1 21" t="1"/>
		<b id="23" c="1 22" t="1"/>
		<b id="24" c="2 23" t="1"/>
		<b id="25" c="2 24" t="1"/>
		<b id="26" c="4 25" t="1"/>
		<b id="27" c="4 26" t="1"/>
		<b id="28" c="5 27" t="1"/>
		<b id="29" c="5 28" t="1"/>
		<b id="30" c="8 29" t="1"/>
		<b id="31" c="9 30" t="1"/>
		<b id="32" c="11 31" t="1"/>
		<b id="33" c="11 32" t="1"/>
		<b id="34" c="12 33" t="1"/>
		<b id="35" c="18 34" t="1"/>
		<b id="36" c="18 35" t="1"/>
		<b id="37" c="19 36" t="1"/>
		<b id="38" c="19 37" t="1"/>
	</bonds>
	<geometry>
		<g u="A" t="cart/3d">#37,3:0.9697,-0.5961,-0.5391;2.3648,-0.0229,-0.3040;3.2887,-0.4803,-1.3292;3.8039,-1.8226,-1.1267;4.9205,-1.8770,-0.0687;5.9892,-0.9351,-0.3277;7.1625,-1.3454,-0.9349;7.2134,-2.4667,-1.7760;8.3802,-2.8888,-2.3685;9.5783,-2.2011,-2.1653;10.7604,-2.6476,-2.7200;9.5581,-1.1047,-1.3114;8.3869,-0.6976,-0.6836;8.5293,0.4311,0.2928;7.6477,0.4179,1.3024;9.7413,0.4388,0.8794;8.4173,1.6567,-0.2824;5.4822,0.4099,-0.5213;4.3911,0.4182,-1.6073;0.2659,-0.1546,0.1620;0.9568,-1.6742,-0.4028;0.6472,-0.3736,-1.5523;2.6939,-0.2754,0.7157;2.3087,1.0661,-0.3727;4.1895,-2.1655,-2.0924;2.9868,-2.4821,-0.8329;5.3319,-2.8833,0.0105;4.4978,-1.6112,0.9083;6.3058,-3.0109,-1.9827;8.3707,-3.7559,-3.0132;10.6775,-3.2275,-3.5388;11.5154,-1.9821,-2.7524;10.4772,-0.5751,-1.1092;6.2821,1.0786,-0.8294;5.0694,0.7689,0.4281;4.8386,0.0997,-2.5559;4.0042,1.4310,-1.7345;</g>
	</geometry>
	<conformers/>
	<properties/>
</molecule>
