<?xml version="1.0" ?>
<!--MOLLI PACKAGE EXPERIMENTAL XML FORMAT-->
<molecule name="nuc2471">
	<atoms>
		<a id="1" s="C" t="C.3" l="C"/>
		<a id="2" s="C" t="C.3" l="C"/>
		<a id="3" s="C" t="C.3" l="C"/>
		<a id="4" s="C" t="C.3" l="C"/>
		<a id="5" s="C" t="C.3" l="C"/>
		<a id="6" s="O" t="O.2" l="O"/>
		<a id="7" s="C" t="C.2" l="C"/>
		<a id="8" s="C" t="C.ar" l="C"/>
		<a id="9" s="C" t="C.ar" l="C"/>
		<a id="10" s="C" t="C.ar" l="C"/>
		<a id="11" s="F" t="F" l="F"/>
		<a id="12" s="C" t="C.ar" l="C"/>
		<a id="13" s="C" t="C.ar" l="C"/>
		<a id="14" s="C" t="C.ar" l="C"/>
		<a id="15" s="N" t="N.pl3" l="N"/>
		<a id="16" s="N" t="N.2" l="N"/>
		<a id="17" s="H" t="H" l="H"/>
		<a id="18" s="H" t="H" l="H"/>
		<a id="19" s="H" t="H" l="H"/>
		<a id="20" s="H" t="H" l="H"/>
		<a id="21" s="H" t="H" l="H"/>
		<a id="22" s="H" t="H" l="H"/>
		<a id="23" s="H" t="H" l="H"/>
		<a id="24" s="H" t="H" l="H"/>
		<a id="25" s="H" t="H" l="H"/>
		<a id="26" s="H" t="H" l="H"/>
		<a id="27" s="H" t="H" l="H"/>
		<a id="28" s="H" t="H" l="H"/>
		<a id="29" s="H" t="H" l="H"/>
		<a id="30" s="H" t="H" l="H"/>
		<a id="31" s="H" t="H" l="H"/>
	</atoms>
	<bonds>
		<b id="1" c="1 2" t="1"/>
		<b id="2" c="2 3" t="1"/>
		<b id="3" c="4 5" t="1"/>
		<b id="4" c="5 6" t="1"/>
		<b id="5" c="6 7" t="1"/>
		<b id="6" c="7 8" t="1"/>
		<b id="7" c="8 9" t="ar"/>
		<b id="8" c="9 10" t="ar"/>
		<b id="9" c="10 11" t="1"/>
		<b id="10" c="10 12" t="ar"/>
		<b id="11" c="12 13" t="ar"/>
		<b id="12" c="13 14" t="ar"/>
		<b id="13" c="8 14" t="ar"/>
		<b id="14" c="14 15" t="1"/>
		<b id="15" c="7 16" t="2"/>
		<b id="16" c="4 16" t="1"/>
		<b id="17" c="4 2" t="1"/>
		<b id="18" c="1 17" t="1"/>
		<b id="19" c="1 18" t="1"/>
		<b id="20" c="1 19" t="1"/>
		<b id="21" c="2 20" t="1"/>
		<b id="22" c="3 21" t="1"/>
		<b id="23" c="3 22" t="1"/>
		<b id="24" c="3 23" t="1"/>
		<b id="25" c="4 24" t="1"/>
		<b id="26" c="5 25" t="1"/>
		<b id="27" c="5 26" t="1"/>
		<b id="28" c="9 27" t="1"/>
		<b id="29" c="12 28" t="1"/>
		<b id="30" c="13 29" t="1"/>
		<b id="31" c="15 30" t="1"/>
		<b id="32" c="15 31" t="1"/>
	</bonds>
	<geometry>
		<g u="A" t="cart/3d">#31,3:1.0601,0.3487,-2.1835;2.5726,0.4341,-2.3708;3.1265,-0.9082,-2.8403;3.2451,0.8638,-1.0569;4.7425,1.2402,-1.2166;4.8167,2.5980,-0.8067;3.5625,2.9707,-0.4458;3.3698,4.3266,0.0277;4.4644,5.1909,0.0692;4.3010,6.4728,0.5389;5.3665,7.3087,0.5766;3.0690,6.9337,0.9821;1.9855,6.0868,0.9421;2.1000,4.7734,0.4620;1.0164,3.9679,0.3781;2.6554,2.0787,-0.5402;0.5823,0.0559,-3.1154;0.6657,1.3120,-1.8732;0.8156,-0.3878,-1.4213;2.7882,1.1995,-3.1253;2.9005,-1.6839,-2.1115;4.2049,-0.8690,-2.9748;2.6734,-1.1870,-3.7888;3.1040,0.0672,-0.3160;5.0817,1.1738,-2.2542;5.4029,0.6451,-0.5807;5.4305,4.8484,-0.2641;2.9772,7.9433,1.3504;1.0203,6.4318,1.2824;0.1703,4.2309,0.8507;1.1955,3.0018,0.1276;</g>
	</geometry>
	<conformers/>
	<properties/>
</molecule>
