<?xml version="1.0" ?>
<!--MOLLI PACKAGE EXPERIMENTAL XML FORMAT-->
<molecule name="nuc2472">
	<atoms>
		<a id="1" s="N" t="N.pl3" l="N"/>
		<a id="2" s="C" t="C.ar" l="C"/>
		<a id="3" s="C" t="C.ar" l="C"/>
		<a id="4" s="C" t="C.ar" l="C"/>
		<a id="5" s="C" t="C.ar" l="C"/>
		<a id="6" s="N" t="N.pl3" l="N"/>
		<a id="7" s="O" t="O.2" l="O"/>
		<a id="8" s="O" t="O.co2" l="O"/>
		<a id="9" s="C" t="C.ar" l="C"/>
		<a id="10" s="C" t="C.ar" l="C"/>
		<a id="11" s="C" t="C.2" l="C"/>
		<a id="12" s="N" t="N.2" l="N"/>
		<a id="13" s="C" t="C.3" l="C"/>
		<a id="14" s="C" t="C.ar" l="C"/>
		<a id="15" s="C" t="C.ar" l="C"/>
		<a id="16" s="C" t="C.ar" l="C"/>
		<a id="17" s="C" t="C.ar" l="C"/>
		<a id="18" s="C" t="C.ar" l="C"/>
		<a id="19" s="C" t="C.ar" l="C"/>
		<a id="20" s="C" t="C.3" l="C"/>
		<a id="21" s="O" t="O.2" l="O"/>
		<a id="22" s="H" t="H" l="H"/>
		<a id="23" s="H" t="H" l="H"/>
		<a id="24" s="H" t="H" l="H"/>
		<a id="25" s="H" t="H" l="H"/>
		<a id="26" s="H" t="H" l="H"/>
		<a id="27" s="H" t="H" l="H"/>
		<a id="28" s="H" t="H" l="H"/>
		<a id="29" s="H" t="H" l="H"/>
		<a id="30" s="H" t="H" l="H"/>
		<a id="31" s="H" t="H" l="H"/>
		<a id="32" s="H" t="H" l="H"/>
		<a id="33" s="H" t="H" l="H"/>
		<a id="34" s="H" t="H" l="H"/>
	</atoms>
	<bonds>
		<b id="1" c="1 2" t="1"/>
		<b id="2" c="2 3" t="ar"/>
		<b id="3" c="3 4" t="ar"/>
		<b id="4" c="4 5" t="ar"/>
		<b id="5" c="5 6" t="1"/>
		<b id="6" c="6 7" t="2"/>
		<b id="7" c="6 8" t="1"/>
		<b id="8" c="5 9" t="ar"/>
		<b id="9" c="9 10" t="ar"/>
		<b id="10" c="2 10" t="ar"/>
		<b id="11" c="10 11" t="1"/>
		<b id="12" c="11 12" t="2"/>
		<b id="13" c="12 13" t="1"/>
		<b id="14" c="14 15" t="ar"/>
		<b id="15" c="15 16" t="ar"/>
		<b id="16" c="16 17" t="ar"/>
		<b id="17" c="17 18" t="ar"/>
		<b id="18" c="18 19" t="ar"/>
		<b id="19" c="14 19" t="ar"/>
		<b id="20" c="13 20" t="1"/>
		<b id="21" c="20 21" t="1"/>
		<b id="22" c="11 21" t="1"/>
		<b id="23" c="13 14" t="1"/>
		<b id="24" c="1 22" t="1"/>
		<b id="25" c="1 23" t="1"/>
		<b id="26" c="3 24" t="1"/>
		<b id="27" c="4 25" t="1"/>
		<b id="28" c="9 26" t="1"/>
		<b id="29" c="13 27" t="1"/>
		<b id="30" c="15 28" t="1"/>
		<b id="31" c="16 29" t="1"/>
		<b id="32" c="17 30" t="1"/>
		<b id="33" c="18 31" t="1"/>
		<b id="34" c="19 32" t="1"/>
		<b id="35" c="20 33" t="1"/>
		<b id="36" c="20 34" t="1"/>
	</bonds>
	<geometry>
		<g u="A" t="cart/3d">#34,3:-1.2939,-2.2457,-1.3201;-0.7907,-1.1803,-0.6843;-1.4369,0.0710,-0.7360;-0.9246,1.1627,-0.0886;0.2626,1.0430,0.6422;0.7947,2.1807,1.3166;0.2025,3.2381,1.2019;1.8106,2.0345,1.9697;0.9242,-0.1749,0.7128;0.4159,-1.2861,0.0600;1.1296,-2.5487,0.1372;0.7504,-3.6431,-0.3990;1.7433,-4.6597,-0.1285;2.3521,-5.1974,-1.4000;2.6756,-4.3362,-2.4405;3.2663,-4.8229,-3.5925;3.5450,-6.1737,-3.7128;3.2264,-7.0366,-2.6781;2.6303,-6.5512,-1.5276;2.7866,-3.9072,0.7505;2.2907,-2.5784,0.8283;-2.1455,-2.1692,-1.8466;-0.7783,-3.1191,-1.2412;-2.3536,0.1544,-1.3004;-1.4173,2.1221,-0.1263;1.8398,-0.2518,1.2790;1.2680,-5.4796,0.4213;2.4568,-3.2818,-2.3483;3.5108,-4.1454,-4.3972;4.0084,-6.5533,-4.6112;3.4414,-8.0912,-2.7670;2.3810,-7.2271,-0.7221;3.7777,-3.8889,0.2885;2.8625,-4.3152,1.7613;</g>
	</geometry>
	<conformers/>
	<properties/>
</molecule>
