<?xml version="1.0" ?>
<!--MOLLI PACKAGE EXPERIMENTAL XML FORMAT-->
<molecule name="nuc2473">
	<atoms>
		<a id="1" s="C" t="C.3" l="C"/>
		<a id="2" s="O" t="O.3" l="O"/>
		<a id="3" s="C" t="C.ar" l="C"/>
		<a id="4" s="C" t="C.ar" l="C"/>
		<a id="5" s="C" t="C.ar" l="C"/>
		<a id="6" s="N" t="N.pl3" l="N"/>
		<a id="7" s="C" t="C.ar" l="C"/>
		<a id="8" s="N" t="N.ar" l="N"/>
		<a id="9" s="C" t="C.ar" l="C"/>
		<a id="10" s="N" t="N.pl3" l="N"/>
		<a id="11" s="C" t="C.3" l="C"/>
		<a id="12" s="C" t="C.3" l="C"/>
		<a id="13" s="C" t="C.3" l="C"/>
		<a id="14" s="N" t="N.3" l="N"/>
		<a id="15" s="C" t="C.3" l="C"/>
		<a id="16" s="C" t="C.3" l="C"/>
		<a id="17" s="N" t="N.3" l="N"/>
		<a id="18" s="C" t="C.3" l="C"/>
		<a id="19" s="C" t="C.3" l="C"/>
		<a id="20" s="C" t="C.3" l="C"/>
		<a id="21" s="C" t="C.3" l="C"/>
		<a id="22" s="C" t="C.3" l="C"/>
		<a id="23" s="H" t="H" l="H"/>
		<a id="24" s="H" t="H" l="H"/>
		<a id="25" s="H" t="H" l="H"/>
		<a id="26" s="H" t="H" l="H"/>
		<a id="27" s="H" t="H" l="H"/>
		<a id="28" s="H" t="H" l="H"/>
		<a id="29" s="H" t="H" l="H"/>
		<a id="30" s="H" t="H" l="H"/>
		<a id="31" s="H" t="H" l="H"/>
		<a id="32" s="H" t="H" l="H"/>
		<a id="33" s="H" t="H" l="H"/>
		<a id="34" s="H" t="H" l="H"/>
		<a id="35" s="H" t="H" l="H"/>
		<a id="36" s="H" t="H" l="H"/>
		<a id="37" s="H" t="H" l="H"/>
		<a id="38" s="H" t="H" l="H"/>
		<a id="39" s="H" t="H" l="H"/>
		<a id="40" s="H" t="H" l="H"/>
		<a id="41" s="H" t="H" l="H"/>
		<a id="42" s="H" t="H" l="H"/>
		<a id="43" s="H" t="H" l="H"/>
		<a id="44" s="H" t="H" l="H"/>
		<a id="45" s="H" t="H" l="H"/>
		<a id="46" s="H" t="H" l="H"/>
		<a id="47" s="H" t="H" l="H"/>
		<a id="48" s="H" t="H" l="H"/>
		<a id="49" s="H" t="H" l="H"/>
	</atoms>
	<bonds>
		<b id="1" c="1 2" t="1"/>
		<b id="2" c="2 3" t="1"/>
		<b id="3" c="3 4" t="ar"/>
		<b id="4" c="4 5" t="ar"/>
		<b id="5" c="5 6" t="1"/>
		<b id="6" c="5 7" t="ar"/>
		<b id="7" c="7 8" t="ar"/>
		<b id="8" c="8 9" t="ar"/>
		<b id="9" c="3 9" t="ar"/>
		<b id="10" c="9 10" t="1"/>
		<b id="11" c="10 11" t="1"/>
		<b id="12" c="11 12" t="1"/>
		<b id="13" c="12 13" t="1"/>
		<b id="14" c="13 14" t="1"/>
		<b id="15" c="14 15" t="1"/>
		<b id="16" c="15 16" t="1"/>
		<b id="17" c="16 17" t="1"/>
		<b id="18" c="17 18" t="1"/>
		<b id="19" c="17 19" t="1"/>
		<b id="20" c="19 20" t="1"/>
		<b id="21" c="14 20" t="1"/>
		<b id="22" c="13 21" t="1"/>
		<b id="23" c="21 22" t="1"/>
		<b id="24" c="10 22" t="1"/>
		<b id="25" c="1 23" t="1"/>
		<b id="26" c="1 24" t="1"/>
		<b id="27" c="1 25" t="1"/>
		<b id="28" c="4 26" t="1"/>
		<b id="29" c="6 27" t="1"/>
		<b id="30" c="6 28" t="1"/>
		<b id="31" c="7 29" t="1"/>
		<b id="32" c="11 30" t="1"/>
		<b id="33" c="11 31" t="1"/>
		<b id="34" c="12 32" t="1"/>
		<b id="35" c="12 33" t="1"/>
		<b id="36" c="13 34" t="1"/>
		<b id="37" c="15 35" t="1"/>
		<b id="38" c="15 36" t="1"/>
		<b id="39" c="16 37" t="1"/>
		<b id="40" c="16 38" t="1"/>
		<b id="41" c="18 39" t="1"/>
		<b id="42" c="18 40" t="1"/>
		<b id="43" c="18 41" t="1"/>
		<b id="44" c="19 42" t="1"/>
		<b id="45" c="19 43" t="1"/>
		<b id="46" c="20 44" t="1"/>
		<b id="47" c="20 45" t="1"/>
		<b id="48" c="21 46" t="1"/>
		<b id="49" c="21 47" t="1"/>
		<b id="50" c="22 48" t="1"/>
		<b id="51" c="22 49" t="1"/>
	</bonds>
	<geometry>
		<g u="A" t="cart/3d">#49,3:1.7741,2.6584,3.9698;2.7285,2.5061,2.9504;3.1705,1.2414,2.6504;2.7027,0.1031,3.2732;3.2464,-1.1496,2.9610;2.7270,-2.3099,3.5214;4.2718,-1.1723,2.0304;4.7129,-0.0896,1.4108;4.1946,1.1027,1.6714;4.7702,2.1825,1.0378;5.9511,1.9348,0.2383;6.8126,3.1955,0.2216;6.0519,4.3873,-0.3708;5.6732,4.1987,-1.7732;6.6704,3.6287,-2.6618;7.8049,4.6001,-3.0039;7.2493,5.7728,-3.6545;8.2763,6.6990,-4.0729;6.2709,6.4054,-2.7895;5.1720,5.4024,-2.4155;4.7896,4.5483,0.4913;3.9753,3.2579,0.4838;1.6001,3.7308,4.0487;2.1441,2.2819,4.9292;0.8317,2.1580,3.7220;1.9249,0.1543,4.0206;2.2776,-2.1913,4.4168;3.3456,-3.1055,3.4882;4.7623,-2.0975,1.7570;5.6698,1.6540,-0.7851;6.4963,1.1039,0.6861;7.7454,3.0074,-0.3095;7.0702,3.4515,1.2516;6.6798,5.2886,-0.2424;6.1504,3.3775,-3.5918;7.0757,2.7086,-2.2461;8.5018,4.1198,-3.6954;8.3619,4.8686,-2.0862;8.9562,6.1911,-4.7558;8.8618,7.0993,-3.2282;7.8114,7.5328,-4.5976;5.8231,7.2437,-3.3296;6.7423,6.8075,-1.8725;4.6684,5.0868,-3.3340;4.4383,5.8936,-1.7775;4.1658,5.3688,0.1392;5.0928,4.7739,1.5147;3.6999,3.0250,-0.5557;3.0714,3.3863,1.0732;</g>
	</geometry>
	<conformers/>
	<properties/>
</molecule>
