<?xml version="1.0" ?>
<!--MOLLI PACKAGE EXPERIMENTAL XML FORMAT-->
<molecule name="nuc2477">
	<atoms>
		<a id="1" s="C" t="C.3" l="C"/>
		<a id="2" s="C" t="C.3" l="C"/>
		<a id="3" s="C" t="C.3" l="C"/>
		<a id="4" s="C" t="C.3" l="C"/>
		<a id="5" s="C" t="C.3" l="C"/>
		<a id="6" s="N" t="N.3" l="N"/>
		<a id="7" s="C" t="C.3" l="C"/>
		<a id="8" s="C" t="C.3" l="C"/>
		<a id="9" s="N" t="N.pl3" l="N"/>
		<a id="10" s="C" t="C.ar" l="C"/>
		<a id="11" s="C" t="C.ar" l="C"/>
		<a id="12" s="C" t="C.ar" l="C"/>
		<a id="13" s="C" t="C.ar" l="C"/>
		<a id="14" s="N" t="N.pl3" l="N"/>
		<a id="15" s="C" t="C.ar" l="C"/>
		<a id="16" s="C" t="C.ar" l="C"/>
		<a id="17" s="C" t="C.3" l="C"/>
		<a id="18" s="C" t="C.3" l="C"/>
		<a id="19" s="H" t="H" l="H"/>
		<a id="20" s="H" t="H" l="H"/>
		<a id="21" s="H" t="H" l="H"/>
		<a id="22" s="H" t="H" l="H"/>
		<a id="23" s="H" t="H" l="H"/>
		<a id="24" s="H" t="H" l="H"/>
		<a id="25" s="H" t="H" l="H"/>
		<a id="26" s="H" t="H" l="H"/>
		<a id="27" s="H" t="H" l="H"/>
		<a id="28" s="H" t="H" l="H"/>
		<a id="29" s="H" t="H" l="H"/>
		<a id="30" s="H" t="H" l="H"/>
		<a id="31" s="H" t="H" l="H"/>
		<a id="32" s="H" t="H" l="H"/>
		<a id="33" s="H" t="H" l="H"/>
		<a id="34" s="H" t="H" l="H"/>
		<a id="35" s="H" t="H" l="H"/>
		<a id="36" s="H" t="H" l="H"/>
		<a id="37" s="H" t="H" l="H"/>
		<a id="38" s="H" t="H" l="H"/>
		<a id="39" s="H" t="H" l="H"/>
		<a id="40" s="H" t="H" l="H"/>
		<a id="41" s="H" t="H" l="H"/>
		<a id="42" s="H" t="H" l="H"/>
		<a id="43" s="H" t="H" l="H"/>
	</atoms>
	<bonds>
		<b id="1" c="1 2" t="1"/>
		<b id="2" c="2 3" t="1"/>
		<b id="3" c="2 4" t="1"/>
		<b id="4" c="4 5" t="1"/>
		<b id="5" c="5 6" t="1"/>
		<b id="6" c="6 7" t="1"/>
		<b id="7" c="7 8" t="1"/>
		<b id="8" c="8 9" t="1"/>
		<b id="9" c="9 10" t="1"/>
		<b id="10" c="10 11" t="ar"/>
		<b id="11" c="11 12" t="ar"/>
		<b id="12" c="12 13" t="ar"/>
		<b id="13" c="13 14" t="1"/>
		<b id="14" c="13 15" t="ar"/>
		<b id="15" c="15 16" t="ar"/>
		<b id="16" c="10 16" t="ar"/>
		<b id="17" c="9 17" t="1"/>
		<b id="18" c="17 18" t="1"/>
		<b id="19" c="6 18" t="1"/>
		<b id="20" c="1 19" t="1"/>
		<b id="21" c="1 20" t="1"/>
		<b id="22" c="1 21" t="1"/>
		<b id="23" c="2 22" t="1"/>
		<b id="24" c="3 23" t="1"/>
		<b id="25" c="3 24" t="1"/>
		<b id="26" c="3 25" t="1"/>
		<b id="27" c="4 26" t="1"/>
		<b id="28" c="4 27" t="1"/>
		<b id="29" c="5 28" t="1"/>
		<b id="30" c="5 29" t="1"/>
		<b id="31" c="7 30" t="1"/>
		<b id="32" c="7 31" t="1"/>
		<b id="33" c="8 32" t="1"/>
		<b id="34" c="8 33" t="1"/>
		<b id="35" c="11 34" t="1"/>
		<b id="36" c="12 35" t="1"/>
		<b id="37" c="14 36" t="1"/>
		<b id="38" c="14 37" t="1"/>
		<b id="39" c="15 38" t="1"/>
		<b id="40" c="16 39" t="1"/>
		<b id="41" c="17 40" t="1"/>
		<b id="42" c="17 41" t="1"/>
		<b id="43" c="18 42" t="1"/>
		<b id="44" c="18 43" t="1"/>
	</bonds>
	<geometry>
		<g u="A" t="cart/3d">#43,3:1.7312,-0.5547,-1.8997;2.2749,0.8664,-2.0172;1.1437,1.8752,-1.8299;3.3861,1.1362,-0.9980;4.6457,0.2945,-1.2305;5.0935,0.3845,-2.6093;5.8353,-0.7615,-3.0930;7.2828,-0.7933,-2.5892;7.9525,0.4272,-2.9973;9.3513,0.4171,-3.0578;9.9921,-0.5446,-3.8434;11.3629,-0.5621,-3.9785;12.1565,0.3923,-3.3439;13.5424,0.3316,-3.4216;11.5232,1.3611,-2.5723;10.1492,1.3699,-2.4256;7.2835,1.5900,-2.4562;5.8224,1.5939,-2.9357;0.9039,-0.6986,-2.5912;1.3703,-0.7445,-0.8903;2.4997,-1.2832,-2.1396;2.7037,0.9918,-3.0157;0.7059,1.7747,-0.8384;0.3607,1.7131,-2.5671;1.5105,2.8933,-1.9404;3.0180,0.9323,0.0103;3.6474,2.1957,-1.0423;4.4162,-0.7524,-1.0226;5.4141,0.6104,-0.5066;5.8481,-0.7019,-4.1862;5.3166,-1.6773,-2.8018;7.8011,-1.6572,-3.0029;7.2855,-0.8895,-1.4883;9.4044,-1.2804,-4.3714;11.8328,-1.3185,-4.5919;13.9050,-0.1568,-4.2258;14.0210,1.1979,-3.2296;12.1180,2.1126,-2.0717;9.7049,2.1309,-1.8028;7.7737,2.4900,-2.8312;7.3148,1.6063,-1.3524;5.8194,1.6889,-4.0261;5.3006,2.4533,-2.5135;</g>
	</geometry>
	<conformers/>
	<properties/>
</molecule>
