<?xml version="1.0" ?>
<!--MOLLI PACKAGE EXPERIMENTAL XML FORMAT-->
<molecule name="nuc2184">
	<atoms>
		<a id="1" s="N" t="N.pl3" l="N"/>
		<a id="2" s="C" t="C.ar" l="C"/>
		<a id="3" s="C" t="C.ar" l="C"/>
		<a id="4" s="C" t="C.ar" l="C"/>
		<a id="5" s="N" t="N.ar" l="N"/>
		<a id="6" s="C" t="C.ar" l="C"/>
		<a id="7" s="C" t="C.ar" l="C"/>
		<a id="8" s="C" t="C.ar" l="C"/>
		<a id="9" s="C" t="C.ar" l="C"/>
		<a id="10" s="N" t="N.ar" l="N"/>
		<a id="11" s="C" t="C.ar" l="C"/>
		<a id="12" s="C" t="C.3" l="C"/>
		<a id="13" s="F" t="F" l="F"/>
		<a id="14" s="F" t="F" l="F"/>
		<a id="15" s="F" t="F" l="F"/>
		<a id="16" s="C" t="C.ar" l="C"/>
		<a id="17" s="C" t="C.ar" l="C"/>
		<a id="18" s="H" t="H" l="H"/>
		<a id="19" s="H" t="H" l="H"/>
		<a id="20" s="H" t="H" l="H"/>
		<a id="21" s="H" t="H" l="H"/>
		<a id="22" s="H" t="H" l="H"/>
		<a id="23" s="H" t="H" l="H"/>
		<a id="24" s="H" t="H" l="H"/>
		<a id="25" s="H" t="H" l="H"/>
	</atoms>
	<bonds>
		<b id="1" c="1 2" t="1"/>
		<b id="2" c="2 3" t="ar"/>
		<b id="3" c="3 4" t="ar"/>
		<b id="4" c="4 5" t="ar"/>
		<b id="5" c="5 6" t="ar"/>
		<b id="6" c="6 7" t="1"/>
		<b id="7" c="7 8" t="ar"/>
		<b id="8" c="8 9" t="ar"/>
		<b id="9" c="9 10" t="ar"/>
		<b id="10" c="10 11" t="ar"/>
		<b id="11" c="11 12" t="1"/>
		<b id="12" c="12 13" t="1"/>
		<b id="13" c="12 14" t="1"/>
		<b id="14" c="12 15" t="1"/>
		<b id="15" c="11 16" t="ar"/>
		<b id="16" c="7 16" t="ar"/>
		<b id="17" c="6 17" t="ar"/>
		<b id="18" c="2 17" t="ar"/>
		<b id="19" c="1 18" t="1"/>
		<b id="20" c="1 19" t="1"/>
		<b id="21" c="3 20" t="1"/>
		<b id="22" c="4 21" t="1"/>
		<b id="23" c="8 22" t="1"/>
		<b id="24" c="9 23" t="1"/>
		<b id="25" c="16 24" t="1"/>
		<b id="26" c="17 25" t="1"/>
	</bonds>
	<geometry>
		<g u="A" t="cart/3d">#25,3:0.3625,1.3101,-2.2894;0.0221,0.6343,-1.1558;0.3591,1.1204,0.1121;-0.0461,0.4066,1.2228;-0.7424,-0.7131,1.1679;-1.0902,-1.1763,-0.0329;-1.8695,-2.4237,-0.0304;-2.7661,-2.7598,-1.0429;-3.4552,-3.9592,-0.9582;-3.3066,-4.8154,0.0355;-2.4633,-4.4898,1.0024;-2.3111,-5.4868,2.1265;-3.0528,-6.5825,1.9759;-1.0328,-5.8974,2.2515;-2.6414,-4.9528,3.3174;-1.7268,-3.3176,1.0320;-0.7273,-0.5451,-1.2147;1.0511,2.0391,-2.2245;0.2829,0.8390,-3.1738;0.9311,2.0298,0.2140;0.2048,0.7462,2.2192;-2.9429,-2.0939,-1.8728;-4.1630,-4.2563,-1.7196;-1.0584,-3.0847,1.8449;-0.9914,-0.9635,-2.1741;</g>
	</geometry>
	<conformers/>
	<properties/>
</molecule>
