<?xml version="1.0" ?>
<!--MOLLI PACKAGE EXPERIMENTAL XML FORMAT-->
<molecule name="nuc2482">
	<atoms>
		<a id="1" s="C" t="C.3" l="C"/>
		<a id="2" s="C" t="C.3" l="C"/>
		<a id="3" s="C" t="C.3" l="C"/>
		<a id="4" s="C" t="C.3" l="C"/>
		<a id="5" s="O" t="O.3" l="O"/>
		<a id="6" s="C" t="C.2" l="C"/>
		<a id="7" s="O" t="O.2" l="O"/>
		<a id="8" s="N" t="N.am" l="N"/>
		<a id="9" s="C" t="C.3" l="C"/>
		<a id="10" s="C" t="C.3" l="C"/>
		<a id="11" s="C" t="C.3" l="C"/>
		<a id="12" s="C" t="C.3" l="C"/>
		<a id="13" s="C" t="C.3" l="C"/>
		<a id="14" s="N" t="N.3" l="N"/>
		<a id="15" s="H" t="H" l="H"/>
		<a id="16" s="H" t="H" l="H"/>
		<a id="17" s="H" t="H" l="H"/>
		<a id="18" s="H" t="H" l="H"/>
		<a id="19" s="H" t="H" l="H"/>
		<a id="20" s="H" t="H" l="H"/>
		<a id="21" s="H" t="H" l="H"/>
		<a id="22" s="H" t="H" l="H"/>
		<a id="23" s="H" t="H" l="H"/>
		<a id="24" s="H" t="H" l="H"/>
		<a id="25" s="H" t="H" l="H"/>
		<a id="26" s="H" t="H" l="H"/>
		<a id="27" s="H" t="H" l="H"/>
		<a id="28" s="H" t="H" l="H"/>
		<a id="29" s="H" t="H" l="H"/>
		<a id="30" s="H" t="H" l="H"/>
		<a id="31" s="H" t="H" l="H"/>
		<a id="32" s="H" t="H" l="H"/>
		<a id="33" s="H" t="H" l="H"/>
		<a id="34" s="H" t="H" l="H"/>
		<a id="35" s="H" t="H" l="H"/>
		<a id="36" s="H" t="H" l="H"/>
	</atoms>
	<bonds>
		<b id="1" c="1 2" t="1"/>
		<b id="2" c="2 3" t="1"/>
		<b id="3" c="2 4" t="1"/>
		<b id="4" c="2 5" t="1"/>
		<b id="5" c="5 6" t="1"/>
		<b id="6" c="6 7" t="2"/>
		<b id="7" c="6 8" t="am"/>
		<b id="8" c="8 9" t="1"/>
		<b id="9" c="9 10" t="1"/>
		<b id="10" c="10 11" t="1"/>
		<b id="11" c="11 12" t="1"/>
		<b id="12" c="12 13" t="1"/>
		<b id="13" c="13 14" t="1"/>
		<b id="14" c="1 15" t="1"/>
		<b id="15" c="1 16" t="1"/>
		<b id="16" c="1 17" t="1"/>
		<b id="17" c="3 18" t="1"/>
		<b id="18" c="3 19" t="1"/>
		<b id="19" c="3 20" t="1"/>
		<b id="20" c="4 21" t="1"/>
		<b id="21" c="4 22" t="1"/>
		<b id="22" c="4 23" t="1"/>
		<b id="23" c="8 24" t="1"/>
		<b id="24" c="9 25" t="1"/>
		<b id="25" c="9 26" t="1"/>
		<b id="26" c="10 27" t="1"/>
		<b id="27" c="10 28" t="1"/>
		<b id="28" c="11 29" t="1"/>
		<b id="29" c="11 30" t="1"/>
		<b id="30" c="12 31" t="1"/>
		<b id="31" c="12 32" t="1"/>
		<b id="32" c="13 33" t="1"/>
		<b id="33" c="13 34" t="1"/>
		<b id="34" c="14 35" t="1"/>
		<b id="35" c="14 36" t="1"/>
	</bonds>
	<geometry>
		<g u="A" t="cart/3d">#36,3:2.7473,-0.1041,-1.6232;2.6105,0.0862,-0.1129;3.1479,1.4509,0.3176;1.1514,-0.0735,0.3165;3.3020,-0.9716,0.5926;4.6299,-1.1408,0.4378;5.3682,-0.4650,-0.2368;5.0228,-2.2285,1.1449;6.4124,-2.5721,1.3264;6.9369,-2.1591,2.7034;8.4074,-2.5280,2.8791;8.9325,-2.1187,4.2520;10.4016,-2.4906,4.4401;10.8216,-2.1694,5.7953;2.1569,0.6458,-2.1420;2.3942,-1.0928,-1.9086;3.7876,-0.0036,-1.9192;2.5764,2.2387,-0.1651;4.1924,1.5460,0.0339;3.0638,1.5629,1.3967;0.5398,0.6890,-0.1564;1.0681,0.0226,1.3958;0.7833,-1.0546,0.0281;4.3370,-2.6605,1.7434;6.9648,-2.0494,0.5426;6.5322,-3.6512,1.1871;6.3437,-2.6506,3.4788;6.8124,-1.0807,2.8181;8.9966,-2.0355,2.1025;8.5277,-3.6064,2.7524;8.3521,-2.6076,5.0358;8.8186,-1.0393,4.3786;11.0050,-1.9860,3.6652;10.5248,-3.5695,4.3070;10.7395,-1.1708,5.9578;11.7925,-2.4260,5.9362;</g>
	</geometry>
	<conformers/>
	<properties/>
</molecule>
