<?xml version="1.0" ?>
<!--MOLLI PACKAGE EXPERIMENTAL XML FORMAT-->
<molecule name="nuc2483">
	<atoms>
		<a id="1" s="C" t="C.3" l="C"/>
		<a id="2" s="C" t="C.3" l="C"/>
		<a id="3" s="C" t="C.3" l="C"/>
		<a id="4" s="C" t="C.3" l="C"/>
		<a id="5" s="O" t="O.3" l="O"/>
		<a id="6" s="C" t="C.2" l="C"/>
		<a id="7" s="O" t="O.2" l="O"/>
		<a id="8" s="N" t="N.am" l="N"/>
		<a id="9" s="C" t="C.3" l="C"/>
		<a id="10" s="C" t="C.3" l="C"/>
		<a id="11" s="C" t="C.3" l="C"/>
		<a id="12" s="C" t="C.3" l="C"/>
		<a id="13" s="C" t="C.3" l="C"/>
		<a id="14" s="C" t="C.3" l="C"/>
		<a id="15" s="N" t="N.3" l="N"/>
		<a id="16" s="H" t="H" l="H"/>
		<a id="17" s="H" t="H" l="H"/>
		<a id="18" s="H" t="H" l="H"/>
		<a id="19" s="H" t="H" l="H"/>
		<a id="20" s="H" t="H" l="H"/>
		<a id="21" s="H" t="H" l="H"/>
		<a id="22" s="H" t="H" l="H"/>
		<a id="23" s="H" t="H" l="H"/>
		<a id="24" s="H" t="H" l="H"/>
		<a id="25" s="H" t="H" l="H"/>
		<a id="26" s="H" t="H" l="H"/>
		<a id="27" s="H" t="H" l="H"/>
		<a id="28" s="H" t="H" l="H"/>
		<a id="29" s="H" t="H" l="H"/>
		<a id="30" s="H" t="H" l="H"/>
		<a id="31" s="H" t="H" l="H"/>
		<a id="32" s="H" t="H" l="H"/>
		<a id="33" s="H" t="H" l="H"/>
		<a id="34" s="H" t="H" l="H"/>
		<a id="35" s="H" t="H" l="H"/>
		<a id="36" s="H" t="H" l="H"/>
		<a id="37" s="H" t="H" l="H"/>
		<a id="38" s="H" t="H" l="H"/>
		<a id="39" s="H" t="H" l="H"/>
	</atoms>
	<bonds>
		<b id="1" c="1 2" t="1"/>
		<b id="2" c="2 3" t="1"/>
		<b id="3" c="2 4" t="1"/>
		<b id="4" c="2 5" t="1"/>
		<b id="5" c="5 6" t="1"/>
		<b id="6" c="6 7" t="2"/>
		<b id="7" c="6 8" t="am"/>
		<b id="8" c="8 9" t="1"/>
		<b id="9" c="9 10" t="1"/>
		<b id="10" c="10 11" t="1"/>
		<b id="11" c="11 12" t="1"/>
		<b id="12" c="12 13" t="1"/>
		<b id="13" c="13 14" t="1"/>
		<b id="14" c="14 15" t="1"/>
		<b id="15" c="1 16" t="1"/>
		<b id="16" c="1 17" t="1"/>
		<b id="17" c="1 18" t="1"/>
		<b id="18" c="3 19" t="1"/>
		<b id="19" c="3 20" t="1"/>
		<b id="20" c="3 21" t="1"/>
		<b id="21" c="4 22" t="1"/>
		<b id="22" c="4 23" t="1"/>
		<b id="23" c="4 24" t="1"/>
		<b id="24" c="8 25" t="1"/>
		<b id="25" c="9 26" t="1"/>
		<b id="26" c="9 27" t="1"/>
		<b id="27" c="10 28" t="1"/>
		<b id="28" c="10 29" t="1"/>
		<b id="29" c="11 30" t="1"/>
		<b id="30" c="11 31" t="1"/>
		<b id="31" c="12 32" t="1"/>
		<b id="32" c="12 33" t="1"/>
		<b id="33" c="13 34" t="1"/>
		<b id="34" c="13 35" t="1"/>
		<b id="35" c="14 36" t="1"/>
		<b id="36" c="14 37" t="1"/>
		<b id="37" c="15 38" t="1"/>
		<b id="38" c="15 39" t="1"/>
	</bonds>
	<geometry>
		<g u="A" t="cart/3d">#39,3:2.3334,0.3878,-2.9629;2.0157,1.8223,-2.5422;2.0499,2.7662,-3.7442;0.6533,1.8875,-1.8500;2.9470,2.2681,-1.5280;4.2670,2.3275,-1.7934;4.8034,2.0593,-2.8405;4.9263,2.7129,-0.6732;6.3285,3.0535,-0.6806;6.5572,4.5665,-0.6780;8.0438,4.9115,-0.6914;8.2773,6.4204,-0.6822;9.7627,6.7685,-0.7038;9.9985,8.2767,-0.6747;11.4182,8.5594,-0.8150;1.5777,0.0341,-3.6587;2.3449,-0.2630,-2.0911;3.3062,0.3467,-3.4447;1.2926,2.4700,-4.4646;3.0259,2.7286,-4.2200;1.8530,3.7872,-3.4234;-0.1275,1.5777,-2.5382;0.4525,2.9027,-1.5179;0.6439,1.2325,-0.9829;4.3652,2.9995,0.1130;6.7490,2.6124,-1.5868;6.8089,2.5994,0.1921;6.0894,5.0009,0.2096;6.0733,4.9970,-1.5569;8.5050,4.4801,-1.5817;8.5262,4.4648,0.1812;7.8176,6.8526,0.2103;7.7906,6.8658,-1.5525;10.2269,6.3651,-1.6043;10.2574,6.3127,0.1575;9.5604,8.6938,0.2493;9.4876,8.7409,-1.5230;11.9329,8.1590,-0.0377;11.5836,9.5597,-0.8128;</g>
	</geometry>
	<conformers/>
	<properties/>
</molecule>
