<?xml version="1.0" ?>
<!--MOLLI PACKAGE EXPERIMENTAL XML FORMAT-->
<molecule name="nuc2485">
	<atoms>
		<a id="1" s="C" t="C.3" l="C"/>
		<a id="2" s="C" t="C.3" l="C"/>
		<a id="3" s="N" t="N.3" l="N"/>
		<a id="4" s="C" t="C.ar" l="C"/>
		<a id="5" s="C" t="C.ar" l="C"/>
		<a id="6" s="C" t="C.ar" l="C"/>
		<a id="7" s="C" t="C.ar" l="C"/>
		<a id="8" s="N" t="N.pl3" l="N"/>
		<a id="9" s="O" t="O.2" l="O"/>
		<a id="10" s="O" t="O.co2" l="O"/>
		<a id="11" s="C" t="C.ar" l="C"/>
		<a id="12" s="C" t="C.ar" l="C"/>
		<a id="13" s="H" t="H" l="H"/>
		<a id="14" s="H" t="H" l="H"/>
		<a id="15" s="H" t="H" l="H"/>
		<a id="16" s="H" t="H" l="H"/>
		<a id="17" s="H" t="H" l="H"/>
		<a id="18" s="H" t="H" l="H"/>
		<a id="19" s="H" t="H" l="H"/>
		<a id="20" s="H" t="H" l="H"/>
		<a id="21" s="H" t="H" l="H"/>
		<a id="22" s="H" t="H" l="H"/>
	</atoms>
	<bonds>
		<b id="1" c="2 4" t="1"/>
		<b id="2" c="4 5" t="ar"/>
		<b id="3" c="5 6" t="ar"/>
		<b id="4" c="6 7" t="ar"/>
		<b id="5" c="7 8" t="1"/>
		<b id="6" c="8 9" t="2"/>
		<b id="7" c="8 10" t="1"/>
		<b id="8" c="7 11" t="ar"/>
		<b id="9" c="11 12" t="ar"/>
		<b id="10" c="4 12" t="ar"/>
		<b id="11" c="2 3" t="1"/>
		<b id="12" c="2 1" t="1"/>
		<b id="13" c="1 13" t="1"/>
		<b id="14" c="1 14" t="1"/>
		<b id="15" c="1 15" t="1"/>
		<b id="16" c="2 16" t="1"/>
		<b id="17" c="3 17" t="1"/>
		<b id="18" c="3 18" t="1"/>
		<b id="19" c="5 19" t="1"/>
		<b id="20" c="6 20" t="1"/>
		<b id="21" c="11 21" t="1"/>
		<b id="22" c="12 22" t="1"/>
	</bonds>
	<geometry>
		<g u="A" t="cart/3d">#22,3:1.4645,-0.7209,0.6471;2.5988,0.1006,0.0335;3.7640,-0.7524,-0.1485;2.8904,1.3304,0.8715;2.7224,2.6060,0.3388;3.0210,3.7299,1.0824;3.4967,3.5780,2.3791;3.8131,4.7431,3.1612;3.6547,5.8296,2.6446;4.2212,4.5703,4.2909;3.6723,2.3140,2.9306;3.3711,1.2013,2.1736;0.5594,-0.1232,0.7135;1.7308,-1.0625,1.6442;1.2755,-1.5896,0.0234;2.2925,0.4251,-0.9682;4.0818,-1.1257,0.7392;4.5290,-0.2331,-0.5645;2.3521,2.7162,-0.6697;2.8944,4.7230,0.6794;4.0406,2.2255,3.9411;3.5096,0.2197,2.6026;</g>
	</geometry>
	<conformers/>
	<properties/>
</molecule>
