<?xml version="1.0" ?>
<!--MOLLI PACKAGE EXPERIMENTAL XML FORMAT-->
<molecule name="nuc2486">
	<atoms>
		<a id="1" s="C" t="C.3" l="C"/>
		<a id="2" s="C" t="C.3" l="C"/>
		<a id="3" s="C" t="C.3" l="C"/>
		<a id="4" s="C" t="C.3" l="C"/>
		<a id="5" s="O" t="O.3" l="O"/>
		<a id="6" s="C" t="C.2" l="C"/>
		<a id="7" s="O" t="O.2" l="O"/>
		<a id="8" s="O" t="O.3" l="O"/>
		<a id="9" s="C" t="C.3" l="C"/>
		<a id="10" s="C" t="C.3" l="C"/>
		<a id="11" s="C" t="C.3" l="C"/>
		<a id="12" s="N" t="N.pl3" l="N"/>
		<a id="13" s="C" t="C.ar" l="C"/>
		<a id="14" s="C" t="C.ar" l="C"/>
		<a id="15" s="C" t="C.ar" l="C"/>
		<a id="16" s="C" t="C.ar" l="C"/>
		<a id="17" s="N" t="N.pl3" l="N"/>
		<a id="18" s="N" t="N.ar" l="N"/>
		<a id="19" s="C" t="C.ar" l="C"/>
		<a id="20" s="C" t="C.3" l="C"/>
		<a id="21" s="C" t="C.3" l="C"/>
		<a id="22" s="N" t="N.am" l="N"/>
		<a id="23" s="C" t="C.2" l="C"/>
		<a id="24" s="O" t="O.2" l="O"/>
		<a id="25" s="O" t="O.3" l="O"/>
		<a id="26" s="C" t="C.3" l="C"/>
		<a id="27" s="C" t="C.3" l="C"/>
		<a id="28" s="C" t="C.3" l="C"/>
		<a id="29" s="C" t="C.3" l="C"/>
		<a id="30" s="H" t="H" l="H"/>
		<a id="31" s="H" t="H" l="H"/>
		<a id="32" s="H" t="H" l="H"/>
		<a id="33" s="H" t="H" l="H"/>
		<a id="34" s="H" t="H" l="H"/>
		<a id="35" s="H" t="H" l="H"/>
		<a id="36" s="H" t="H" l="H"/>
		<a id="37" s="H" t="H" l="H"/>
		<a id="38" s="H" t="H" l="H"/>
		<a id="39" s="H" t="H" l="H"/>
		<a id="40" s="H" t="H" l="H"/>
		<a id="41" s="H" t="H" l="H"/>
		<a id="42" s="H" t="H" l="H"/>
		<a id="43" s="H" t="H" l="H"/>
		<a id="44" s="H" t="H" l="H"/>
		<a id="45" s="H" t="H" l="H"/>
		<a id="46" s="H" t="H" l="H"/>
		<a id="47" s="H" t="H" l="H"/>
		<a id="48" s="H" t="H" l="H"/>
		<a id="49" s="H" t="H" l="H"/>
		<a id="50" s="H" t="H" l="H"/>
		<a id="51" s="H" t="H" l="H"/>
		<a id="52" s="H" t="H" l="H"/>
		<a id="53" s="H" t="H" l="H"/>
		<a id="54" s="H" t="H" l="H"/>
		<a id="55" s="H" t="H" l="H"/>
		<a id="56" s="H" t="H" l="H"/>
		<a id="57" s="H" t="H" l="H"/>
		<a id="58" s="H" t="H" l="H"/>
		<a id="59" s="H" t="H" l="H"/>
		<a id="60" s="H" t="H" l="H"/>
		<a id="61" s="H" t="H" l="H"/>
	</atoms>
	<bonds>
		<b id="1" c="1 2" t="1"/>
		<b id="2" c="2 3" t="1"/>
		<b id="3" c="2 4" t="1"/>
		<b id="4" c="2 5" t="1"/>
		<b id="5" c="5 6" t="1"/>
		<b id="6" c="6 7" t="2"/>
		<b id="7" c="6 8" t="1"/>
		<b id="8" c="8 9" t="1"/>
		<b id="9" c="9 10" t="1"/>
		<b id="10" c="10 11" t="1"/>
		<b id="11" c="11 12" t="1"/>
		<b id="12" c="12 13" t="1"/>
		<b id="13" c="13 14" t="ar"/>
		<b id="14" c="14 15" t="ar"/>
		<b id="15" c="15 16" t="ar"/>
		<b id="16" c="16 17" t="1"/>
		<b id="17" c="16 18" t="ar"/>
		<b id="18" c="18 19" t="ar"/>
		<b id="19" c="13 19" t="ar"/>
		<b id="20" c="12 20" t="1"/>
		<b id="21" c="20 21" t="1"/>
		<b id="22" c="21 22" t="1"/>
		<b id="23" c="10 22" t="1"/>
		<b id="24" c="22 23" t="am"/>
		<b id="25" c="23 24" t="2"/>
		<b id="26" c="23 25" t="1"/>
		<b id="27" c="25 26" t="1"/>
		<b id="28" c="26 27" t="1"/>
		<b id="29" c="26 28" t="1"/>
		<b id="30" c="26 29" t="1"/>
		<b id="31" c="1 30" t="1"/>
		<b id="32" c="1 31" t="1"/>
		<b id="33" c="1 32" t="1"/>
		<b id="34" c="3 33" t="1"/>
		<b id="35" c="3 34" t="1"/>
		<b id="36" c="3 35" t="1"/>
		<b id="37" c="4 36" t="1"/>
		<b id="38" c="4 37" t="1"/>
		<b id="39" c="4 38" t="1"/>
		<b id="40" c="9 39" t="1"/>
		<b id="41" c="9 40" t="1"/>
		<b id="42" c="10 41" t="1"/>
		<b id="43" c="11 42" t="1"/>
		<b id="44" c="11 43" t="1"/>
		<b id="45" c="14 44" t="1"/>
		<b id="46" c="15 45" t="1"/>
		<b id="47" c="17 46" t="1"/>
		<b id="48" c="17 47" t="1"/>
		<b id="49" c="19 48" t="1"/>
		<b id="50" c="20 49" t="1"/>
		<b id="51" c="20 50" t="1"/>
		<b id="52" c="21 51" t="1"/>
		<b id="53" c="21 52" t="1"/>
		<b id="54" c="27 53" t="1"/>
		<b id="55" c="27 54" t="1"/>
		<b id="56" c="27 55" t="1"/>
		<b id="57" c="28 56" t="1"/>
		<b id="58" c="28 57" t="1"/>
		<b id="59" c="28 58" t="1"/>
		<b id="60" c="29 59" t="1"/>
		<b id="61" c="29 60" t="1"/>
		<b id="62" c="29 61" t="1"/>
	</bonds>
	<geometry>
		<g u="A" t="cart/3d">#61,3:8.7848,-0.5434,-6.1865;8.0261,0.4638,-5.3240;8.9865,1.3240,-4.5047;7.1186,1.3389,-6.1875;7.0997,-0.2300,-4.4432;7.5379,-1.0968,-3.5497;8.6717,-1.4196,-3.3263;6.4681,-1.5771,-2.8964;6.7204,-2.5629,-1.9007;6.8956,-3.9313,-2.5638;5.6005,-4.3687,-3.2713;5.8914,-5.5424,-4.0612;5.1039,-5.8334,-5.1767;5.5495,-6.7619,-6.1287;4.8078,-6.9949,-7.2627;3.6139,-6.2841,-7.4452;2.8684,-6.4115,-8.5924;3.1812,-5.4060,-6.5485;3.8995,-5.1914,-5.4591;6.3710,-6.6325,-3.2351;7.6398,-6.1956,-2.5006;7.3628,-5.0095,-1.7106;7.2471,-5.1657,-0.3638;7.5767,-6.1879,0.1961;6.7694,-4.0699,0.2449;6.7517,-3.9864,1.6928;8.1697,-4.1201,2.2459;6.1998,-2.5872,1.9720;5.8276,-5.0509,2.2829;9.3972,-0.0136,-6.9107;8.0835,-1.1828,-6.7182;9.4282,-1.1630,-5.5681;9.6124,1.9085,-5.1731;9.6220,0.6969,-3.8856;8.4269,2.0012,-3.8633;7.7149,1.9147,-6.8888;6.5512,2.0191,-5.5585;6.4193,0.7172,-6.7396;5.8501,-2.5355,-1.2475;7.6237,-2.3020,-1.3435;7.6692,-3.8088,-3.3361;5.2746,-3.5596,-3.9256;4.8228,-4.5556,-2.5112;6.4823,-7.2859,-5.9816;5.1379,-7.7032,-8.0077;2.9521,-7.2732,-9.1046;1.9419,-6.0214,-8.5362;3.4692,-4.4689,-4.7796;6.5821,-7.5045,-3.8521;5.6117,-6.9140,-2.4854;8.4283,-5.9610,-3.2214;7.9801,-6.9790,-1.8232;8.8233,-3.3883,1.7755;8.5569,-5.1155,2.0475;8.1623,-3.9498,3.3188;6.8439,-1.8350,1.5246;6.1473,-2.4180,3.0433;5.2038,-2.4856,1.5491;6.2136,-6.0424,2.0647;4.8304,-4.9585,1.8577;5.7651,-4.9231,3.3600;</g>
	</geometry>
	<conformers/>
	<properties/>
</molecule>
