<?xml version="1.0" ?>
<!--MOLLI PACKAGE EXPERIMENTAL XML FORMAT-->
<molecule name="nuc2212">
	<atoms>
		<a id="1" s="N" t="N.pl3" l="N"/>
		<a id="2" s="C" t="C.ar" l="C"/>
		<a id="3" s="C" t="C.ar" l="C"/>
		<a id="4" s="C" t="C.ar" l="C"/>
		<a id="5" s="C" t="C.ar" l="C"/>
		<a id="6" s="N" t="N.am" l="N"/>
		<a id="7" s="C" t="C.2" l="C"/>
		<a id="8" s="O" t="O.2" l="O"/>
		<a id="9" s="C" t="C.3" l="C"/>
		<a id="10" s="N" t="N.3" l="N"/>
		<a id="11" s="C" t="C.3" l="C"/>
		<a id="12" s="C" t="C.3" l="C"/>
		<a id="13" s="O" t="O.3" l="O"/>
		<a id="14" s="C" t="C.3" l="C"/>
		<a id="15" s="C" t="C.3" l="C"/>
		<a id="16" s="C" t="C.ar" l="C"/>
		<a id="17" s="C" t="C.ar" l="C"/>
		<a id="18" s="H" t="H" l="H"/>
		<a id="19" s="H" t="H" l="H"/>
		<a id="20" s="H" t="H" l="H"/>
		<a id="21" s="H" t="H" l="H"/>
		<a id="22" s="H" t="H" l="H"/>
		<a id="23" s="H" t="H" l="H"/>
		<a id="24" s="H" t="H" l="H"/>
		<a id="25" s="H" t="H" l="H"/>
		<a id="26" s="H" t="H" l="H"/>
		<a id="27" s="H" t="H" l="H"/>
		<a id="28" s="H" t="H" l="H"/>
		<a id="29" s="H" t="H" l="H"/>
		<a id="30" s="H" t="H" l="H"/>
		<a id="31" s="H" t="H" l="H"/>
		<a id="32" s="H" t="H" l="H"/>
		<a id="33" s="H" t="H" l="H"/>
		<a id="34" s="H" t="H" l="H"/>
	</atoms>
	<bonds>
		<b id="1" c="1 2" t="1"/>
		<b id="2" c="2 3" t="ar"/>
		<b id="3" c="3 4" t="ar"/>
		<b id="4" c="4 5" t="ar"/>
		<b id="5" c="5 6" t="1"/>
		<b id="6" c="6 7" t="am"/>
		<b id="7" c="7 8" t="2"/>
		<b id="8" c="7 9" t="1"/>
		<b id="9" c="9 10" t="1"/>
		<b id="10" c="10 11" t="1"/>
		<b id="11" c="11 12" t="1"/>
		<b id="12" c="12 13" t="1"/>
		<b id="13" c="13 14" t="1"/>
		<b id="14" c="14 15" t="1"/>
		<b id="15" c="10 15" t="1"/>
		<b id="16" c="5 16" t="ar"/>
		<b id="17" c="16 17" t="ar"/>
		<b id="18" c="2 17" t="ar"/>
		<b id="19" c="1 18" t="1"/>
		<b id="20" c="1 19" t="1"/>
		<b id="21" c="3 20" t="1"/>
		<b id="22" c="4 21" t="1"/>
		<b id="23" c="6 22" t="1"/>
		<b id="24" c="9 23" t="1"/>
		<b id="25" c="9 24" t="1"/>
		<b id="26" c="11 25" t="1"/>
		<b id="27" c="11 26" t="1"/>
		<b id="28" c="12 27" t="1"/>
		<b id="29" c="12 28" t="1"/>
		<b id="30" c="14 29" t="1"/>
		<b id="31" c="14 30" t="1"/>
		<b id="32" c="15 31" t="1"/>
		<b id="33" c="15 32" t="1"/>
		<b id="34" c="16 33" t="1"/>
		<b id="35" c="17 34" t="1"/>
	</bonds>
	<geometry>
		<g u="A" t="cart/3d">#34,3:2.1752,-0.3646,-0.0546;0.8134,-0.1571,0.0366;0.3017,1.1065,0.3333;-1.0573,1.3409,0.3520;-1.9466,0.3080,0.0736;-3.3421,0.4741,0.0836;-4.0719,1.5860,0.3615;-3.6030,2.6747,0.6253;-5.5873,1.3375,0.3406;-6.2064,1.0373,1.6151;-6.2686,2.1149,2.5880;-5.0410,2.1788,3.5055;-4.8123,0.9326,4.1371;-4.6114,-0.0813,3.1792;-5.8349,-0.2085,2.2590;-1.4445,-0.9570,-0.2202;-0.0854,-1.1883,-0.2386;2.7589,0.3061,0.4182;2.4885,-1.3186,0.0223;0.9845,1.9150,0.5502;-1.4351,2.3225,0.5821;-3.8551,-0.3690,-0.1353;-5.8273,0.5160,-0.3429;-6.0587,2.2496,-0.0360;-7.1566,1.9322,3.2048;-6.3874,3.0642,2.0663;-5.2043,2.8976,4.3099;-4.1536,2.4766,2.9318;-4.4586,-1.0055,3.7406;-3.7042,0.1363,2.5948;-6.6898,-0.5103,2.8759;-5.6669,-0.9780,1.5029;-2.1265,-1.7692,-0.4336;0.2905,-2.1747,-0.4691;</g>
	</geometry>
	<conformers/>
	<properties/>
</molecule>
