<?xml version="1.0" ?>
<!--MOLLI PACKAGE EXPERIMENTAL XML FORMAT-->
<molecule name="nuc2492">
	<atoms>
		<a id="1" s="C" t="C.3" l="C"/>
		<a id="2" s="O" t="O.3" l="O"/>
		<a id="3" s="C" t="C.ar" l="C"/>
		<a id="4" s="C" t="C.ar" l="C"/>
		<a id="5" s="N" t="N.ar" l="N"/>
		<a id="6" s="C" t="C.ar" l="C"/>
		<a id="7" s="C" t="C.ar" l="C"/>
		<a id="8" s="N" t="N.pl3" l="N"/>
		<a id="9" s="C" t="C.ar" l="C"/>
		<a id="10" s="H" t="H" l="H"/>
		<a id="11" s="H" t="H" l="H"/>
		<a id="12" s="H" t="H" l="H"/>
		<a id="13" s="H" t="H" l="H"/>
		<a id="14" s="H" t="H" l="H"/>
		<a id="15" s="H" t="H" l="H"/>
		<a id="16" s="H" t="H" l="H"/>
		<a id="17" s="H" t="H" l="H"/>
	</atoms>
	<bonds>
		<b id="1" c="1 2" t="1"/>
		<b id="2" c="2 3" t="1"/>
		<b id="3" c="3 4" t="ar"/>
		<b id="4" c="4 5" t="ar"/>
		<b id="5" c="5 6" t="ar"/>
		<b id="6" c="6 7" t="ar"/>
		<b id="7" c="7 8" t="1"/>
		<b id="8" c="7 9" t="ar"/>
		<b id="9" c="3 9" t="ar"/>
		<b id="10" c="1 10" t="1"/>
		<b id="11" c="1 11" t="1"/>
		<b id="12" c="1 12" t="1"/>
		<b id="13" c="4 13" t="1"/>
		<b id="14" c="6 14" t="1"/>
		<b id="15" c="8 15" t="1"/>
		<b id="16" c="8 16" t="1"/>
		<b id="17" c="9 17" t="1"/>
	</bonds>
	<geometry>
		<g u="A" t="cart/3d">#17,3:1.1674,0.3278,-0.3444;2.3172,-0.2338,0.2402;3.0207,-1.1544,-0.4711;4.1640,-1.6825,0.1443;4.9359,-2.5785,-0.4308;4.6311,-3.0082,-1.6400;3.5157,-2.5599,-2.3519;3.2694,-2.9815,-3.6387;2.6940,-1.6096,-1.7399;0.7803,1.0356,0.3865;0.4064,-0.4337,-0.5468;1.4058,0.8594,-1.2720;4.4427,-1.3546,1.1343;5.3001,-3.7425,-2.0683;3.7266,-3.8307,-3.9263;2.3308,-2.8686,-3.9852;1.8252,-1.2485,-2.2711;</g>
	</geometry>
	<conformers/>
	<properties/>
</molecule>
