<?xml version="1.0" ?>
<!--MOLLI PACKAGE EXPERIMENTAL XML FORMAT-->
<molecule name="nuc2499">
	<atoms>
		<a id="1" s="N" t="N.3" l="N"/>
		<a id="2" s="C" t="C.3" l="C"/>
		<a id="3" s="C" t="C.3" l="C"/>
		<a id="4" s="O" t="O.3" l="O"/>
		<a id="5" s="C" t="C.3" l="C"/>
		<a id="6" s="C" t="C.3" l="C"/>
		<a id="7" s="O" t="O.3" l="O"/>
		<a id="8" s="H" t="H" l="H"/>
		<a id="9" s="H" t="H" l="H"/>
		<a id="10" s="H" t="H" l="H"/>
		<a id="11" s="H" t="H" l="H"/>
		<a id="12" s="H" t="H" l="H"/>
		<a id="13" s="H" t="H" l="H"/>
		<a id="14" s="H" t="H" l="H"/>
		<a id="15" s="H" t="H" l="H"/>
		<a id="16" s="H" t="H" l="H"/>
	</atoms>
	<bonds>
		<b id="1" c="1 2" t="1"/>
		<b id="2" c="2 3" t="1"/>
		<b id="3" c="3 4" t="1"/>
		<b id="4" c="4 5" t="1"/>
		<b id="5" c="5 6" t="1"/>
		<b id="6" c="6 7" t="1"/>
		<b id="7" c="3 7" t="1"/>
		<b id="8" c="1 8" t="1"/>
		<b id="9" c="1 9" t="1"/>
		<b id="10" c="2 10" t="1"/>
		<b id="11" c="2 11" t="1"/>
		<b id="12" c="3 12" t="1"/>
		<b id="13" c="5 13" t="1"/>
		<b id="14" c="5 14" t="1"/>
		<b id="15" c="6 15" t="1"/>
		<b id="16" c="6 16" t="1"/>
	</bonds>
	<geometry>
		<g u="A" t="cart/3d">#16,3:2.6829,-1.2536,-0.1552;2.4540,0.1695,0.0146;3.0042,0.9097,-1.2062;4.4218,0.8737,-1.2327;4.8998,2.2018,-1.1895;3.6901,3.0189,-1.6483;2.6058,2.2544,-1.1697;2.4484,-1.7499,0.6978;3.6668,-1.4109,-0.3497;2.9295,0.5999,0.9110;1.3785,0.3538,0.0691;2.6431,0.4091,-2.1227;5.7632,2.2837,-1.8510;5.1903,2.4673,-0.1641;3.6580,3.0893,-2.7442;3.6299,4.0126,-1.2068;</g>
	</geometry>
	<conformers/>
	<properties/>
</molecule>
