<?xml version="1.0" ?>
<!--MOLLI PACKAGE EXPERIMENTAL XML FORMAT-->
<molecule name="nuc2507">
	<atoms>
		<a id="1" s="C" t="C.3" l="C"/>
		<a id="2" s="Si" t="Si" l="SI"/>
		<a id="3" s="C" t="C.3" l="C"/>
		<a id="4" s="C" t="C.3" l="C"/>
		<a id="5" s="C" t="C.3" l="C"/>
		<a id="6" s="C" t="C.3" l="C"/>
		<a id="7" s="S" t="S.O2" l="S"/>
		<a id="8" s="N" t="N.3" l="N"/>
		<a id="9" s="O" t="O.2" l="O"/>
		<a id="10" s="O" t="O.2" l="O"/>
		<a id="11" s="H" t="H" l="H"/>
		<a id="12" s="H" t="H" l="H"/>
		<a id="13" s="H" t="H" l="H"/>
		<a id="14" s="H" t="H" l="H"/>
		<a id="15" s="H" t="H" l="H"/>
		<a id="16" s="H" t="H" l="H"/>
		<a id="17" s="H" t="H" l="H"/>
		<a id="18" s="H" t="H" l="H"/>
		<a id="19" s="H" t="H" l="H"/>
		<a id="20" s="H" t="H" l="H"/>
		<a id="21" s="H" t="H" l="H"/>
		<a id="22" s="H" t="H" l="H"/>
		<a id="23" s="H" t="H" l="H"/>
		<a id="24" s="H" t="H" l="H"/>
		<a id="25" s="H" t="H" l="H"/>
	</atoms>
	<bonds>
		<b id="1" c="1 2" t="1"/>
		<b id="2" c="2 3" t="1"/>
		<b id="3" c="2 4" t="1"/>
		<b id="4" c="2 5" t="1"/>
		<b id="5" c="5 6" t="1"/>
		<b id="6" c="6 7" t="1"/>
		<b id="7" c="7 8" t="1"/>
		<b id="8" c="7 9" t="2"/>
		<b id="9" c="7 10" t="2"/>
		<b id="10" c="1 11" t="1"/>
		<b id="11" c="1 12" t="1"/>
		<b id="12" c="1 13" t="1"/>
		<b id="13" c="3 14" t="1"/>
		<b id="14" c="3 15" t="1"/>
		<b id="15" c="3 16" t="1"/>
		<b id="16" c="4 17" t="1"/>
		<b id="17" c="4 18" t="1"/>
		<b id="18" c="4 19" t="1"/>
		<b id="19" c="5 20" t="1"/>
		<b id="20" c="5 21" t="1"/>
		<b id="21" c="6 22" t="1"/>
		<b id="22" c="6 23" t="1"/>
		<b id="23" c="8 24" t="1"/>
		<b id="24" c="8 25" t="1"/>
	</bonds>
	<geometry>
		<g u="A" t="cart/3d">#25,3:0.9092,-0.0175,-0.1297;2.8179,-0.0208,-0.1123;3.4466,-1.7247,0.4752;3.5000,0.3798,-1.8446;3.4348,1.3264,1.1043;2.9608,1.1284,2.5224;3.6653,2.5050,3.4791;3.1430,2.2877,5.0543;5.0888,2.3677,3.5019;3.0809,3.7283,3.0234;0.5207,-0.7051,-0.8750;0.5179,0.9687,-0.3613;0.4985,-0.3168,0.8306;3.1952,-2.5047,-0.2372;3.0102,-2.0064,1.4295;4.5261,-1.7280,0.5941;3.1797,-0.3562,-2.5754;4.5856,0.3940,-1.8487;3.1601,1.3518,-2.1884;3.1062,2.3139,0.7803;4.5243,1.3564,1.1209;3.3347,0.2096,2.9636;1.8812,1.1953,2.6153;3.5213,1.4765,5.5110;2.1532,2.4015,5.1851;</g>
	</geometry>
	<conformers/>
	<properties/>
</molecule>
