<?xml version="1.0" ?>
<!--MOLLI PACKAGE EXPERIMENTAL XML FORMAT-->
<molecule name="nuc2511">
	<atoms>
		<a id="1" s="C" t="C.3" l="C"/>
		<a id="2" s="C" t="C.3" l="C"/>
		<a id="3" s="C" t="C.3" l="C"/>
		<a id="4" s="C" t="C.3" l="C"/>
		<a id="5" s="O" t="O.3" l="O"/>
		<a id="6" s="C" t="C.2" l="C"/>
		<a id="7" s="O" t="O.2" l="O"/>
		<a id="8" s="N" t="N.am" l="N"/>
		<a id="9" s="C" t="C.3" l="C"/>
		<a id="10" s="C" t="C.3" l="C"/>
		<a id="11" s="N" t="N.pl3" l="N"/>
		<a id="12" s="C" t="C.ar" l="C"/>
		<a id="13" s="C" t="C.ar" l="C"/>
		<a id="14" s="C" t="C.ar" l="C"/>
		<a id="15" s="C" t="C.ar" l="C"/>
		<a id="16" s="N" t="N.ar" l="N"/>
		<a id="17" s="C" t="C.ar" l="C"/>
		<a id="18" s="C" t="C.ar" l="C"/>
		<a id="19" s="C" t="C.ar" l="C"/>
		<a id="20" s="C" t="C.ar" l="C"/>
		<a id="21" s="N" t="N.ar" l="N"/>
		<a id="22" s="C" t="C.ar" l="C"/>
		<a id="23" s="N" t="N.pl3" l="N"/>
		<a id="24" s="N" t="N.ar" l="N"/>
		<a id="25" s="C" t="C.ar" l="C"/>
		<a id="26" s="N" t="N.ar" l="N"/>
		<a id="27" s="N" t="N.ar" l="N"/>
		<a id="28" s="C" t="C.3" l="C"/>
		<a id="29" s="C" t="C.3" l="C"/>
		<a id="30" s="H" t="H" l="H"/>
		<a id="31" s="H" t="H" l="H"/>
		<a id="32" s="H" t="H" l="H"/>
		<a id="33" s="H" t="H" l="H"/>
		<a id="34" s="H" t="H" l="H"/>
		<a id="35" s="H" t="H" l="H"/>
		<a id="36" s="H" t="H" l="H"/>
		<a id="37" s="H" t="H" l="H"/>
		<a id="38" s="H" t="H" l="H"/>
		<a id="39" s="H" t="H" l="H"/>
		<a id="40" s="H" t="H" l="H"/>
		<a id="41" s="H" t="H" l="H"/>
		<a id="42" s="H" t="H" l="H"/>
		<a id="43" s="H" t="H" l="H"/>
		<a id="44" s="H" t="H" l="H"/>
		<a id="45" s="H" t="H" l="H"/>
		<a id="46" s="H" t="H" l="H"/>
		<a id="47" s="H" t="H" l="H"/>
		<a id="48" s="H" t="H" l="H"/>
		<a id="49" s="H" t="H" l="H"/>
		<a id="50" s="H" t="H" l="H"/>
		<a id="51" s="H" t="H" l="H"/>
		<a id="52" s="H" t="H" l="H"/>
		<a id="53" s="H" t="H" l="H"/>
	</atoms>
	<bonds>
		<b id="1" c="1 2" t="1"/>
		<b id="2" c="2 3" t="1"/>
		<b id="3" c="2 4" t="1"/>
		<b id="4" c="2 5" t="1"/>
		<b id="5" c="5 6" t="1"/>
		<b id="6" c="6 7" t="2"/>
		<b id="7" c="6 8" t="am"/>
		<b id="8" c="8 9" t="1"/>
		<b id="9" c="9 10" t="1"/>
		<b id="10" c="10 11" t="1"/>
		<b id="11" c="11 12" t="1"/>
		<b id="12" c="12 13" t="ar"/>
		<b id="13" c="13 14" t="ar"/>
		<b id="14" c="14 15" t="ar"/>
		<b id="15" c="15 16" t="ar"/>
		<b id="16" c="16 17" t="ar"/>
		<b id="17" c="17 18" t="ar"/>
		<b id="18" c="18 19" t="1"/>
		<b id="19" c="19 20" t="ar"/>
		<b id="20" c="20 21" t="ar"/>
		<b id="21" c="21 22" t="ar"/>
		<b id="22" c="22 23" t="1"/>
		<b id="23" c="22 24" t="ar"/>
		<b id="24" c="24 25" t="ar"/>
		<b id="25" c="19 25" t="ar"/>
		<b id="26" c="18 26" t="ar"/>
		<b id="27" c="15 26" t="ar"/>
		<b id="28" c="26 27" t="ar"/>
		<b id="29" c="12 27" t="ar"/>
		<b id="30" c="11 28" t="1"/>
		<b id="31" c="28 29" t="1"/>
		<b id="32" c="8 29" t="1"/>
		<b id="33" c="1 30" t="1"/>
		<b id="34" c="1 31" t="1"/>
		<b id="35" c="1 32" t="1"/>
		<b id="36" c="3 33" t="1"/>
		<b id="37" c="3 34" t="1"/>
		<b id="38" c="3 35" t="1"/>
		<b id="39" c="4 36" t="1"/>
		<b id="40" c="4 37" t="1"/>
		<b id="41" c="4 38" t="1"/>
		<b id="42" c="9 39" t="1"/>
		<b id="43" c="9 40" t="1"/>
		<b id="44" c="10 41" t="1"/>
		<b id="45" c="10 42" t="1"/>
		<b id="46" c="13 43" t="1"/>
		<b id="47" c="14 44" t="1"/>
		<b id="48" c="17 45" t="1"/>
		<b id="49" c="20 46" t="1"/>
		<b id="50" c="23 47" t="1"/>
		<b id="51" c="23 48" t="1"/>
		<b id="52" c="25 49" t="1"/>
		<b id="53" c="28 50" t="1"/>
		<b id="54" c="28 51" t="1"/>
		<b id="55" c="29 52" t="1"/>
		<b id="56" c="29 53" t="1"/>
	</bonds>
	<geometry>
		<g u="A" t="cart/3d">#53,3:4.4762,-1.2430,-1.0126;3.3860,-0.8412,-0.0205;3.1844,0.6738,-0.0089;2.0728,-1.5527,-0.3519;3.7121,-1.3160,1.3085;4.8382,-0.9045,1.9175;5.6362,-0.1110,1.4741;5.0046,-1.5242,3.1170;3.9990,-2.3352,3.7610;3.4121,-1.5731,4.9618;4.4712,-1.1888,5.8689;4.8749,-1.9874,6.9038;3.9485,-2.8082,7.6199;4.3727,-3.5021,8.7136;5.7132,-3.3834,9.1021;6.3862,-3.9145,10.1134;7.6296,-3.4389,10.0057;7.7703,-2.5909,8.9075;8.9378,-1.8912,8.4304;9.0435,-1.3382,7.1491;10.1239,-0.7164,6.7245;11.1495,-0.6317,7.5766;12.2756,-0.0351,7.1342;11.1605,-1.1127,8.8249;10.0731,-1.7282,9.2347;6.5332,-2.5670,8.3367;6.1405,-1.8923,7.2604;5.4559,-0.3562,5.2032;6.0642,-1.0928,4.0050;4.1735,-0.9690,-2.0193;4.6398,-2.3180,-0.9725;5.4066,-0.7368,-0.7717;2.8620,1.0068,-0.9912;4.1155,1.1722,0.2461;2.4258,0.9455,0.7225;1.7322,-1.2598,-1.3403;1.3107,-1.2907,0.3777;2.2162,-2.6299,-0.3309;4.4716,-3.2589,4.1171;3.2188,-2.5827,3.0436;2.6671,-2.1884,5.4612;2.9267,-0.6585,4.6056;2.9161,-2.8579,7.3191;3.7135,-4.1258,9.2943;8.3849,-3.7293,10.7092;8.2280,-1.4018,6.4432;12.2497,0.4396,6.2506;13.0109,0.1484,7.7916;10.1008,-2.1001,10.2505;6.2288,-0.0838,5.9193;4.9457,0.5463,4.8528;6.6149,-1.9725,4.3531;6.7331,-0.4400,3.4442;</g>
	</geometry>
	<conformers/>
	<properties/>
</molecule>
