<?xml version="1.0" ?>
<!--MOLLI PACKAGE EXPERIMENTAL XML FORMAT-->
<molecule name="nuc2513">
	<atoms>
		<a id="1" s="N" t="N.pl3" l="N"/>
		<a id="2" s="C" t="C.ar" l="C"/>
		<a id="3" s="C" t="C.ar" l="C"/>
		<a id="4" s="C" t="C.ar" l="C"/>
		<a id="5" s="C" t="C.ar" l="C"/>
		<a id="6" s="C" t="C.ar" l="C"/>
		<a id="7" s="O" t="O.3" l="O"/>
		<a id="8" s="C" t="C.3" l="C"/>
		<a id="9" s="C" t="C.ar" l="C"/>
		<a id="10" s="C" t="C.ar" l="C"/>
		<a id="11" s="C" t="C.ar" l="C"/>
		<a id="12" s="C" t="C.ar" l="C"/>
		<a id="13" s="N" t="N.ar" l="N"/>
		<a id="14" s="C" t="C.ar" l="C"/>
		<a id="15" s="C" t="C.ar" l="C"/>
		<a id="16" s="H" t="H" l="H"/>
		<a id="17" s="H" t="H" l="H"/>
		<a id="18" s="H" t="H" l="H"/>
		<a id="19" s="H" t="H" l="H"/>
		<a id="20" s="H" t="H" l="H"/>
		<a id="21" s="H" t="H" l="H"/>
		<a id="22" s="H" t="H" l="H"/>
		<a id="23" s="H" t="H" l="H"/>
		<a id="24" s="H" t="H" l="H"/>
		<a id="25" s="H" t="H" l="H"/>
		<a id="26" s="H" t="H" l="H"/>
		<a id="27" s="H" t="H" l="H"/>
	</atoms>
	<bonds>
		<b id="1" c="1 2" t="1"/>
		<b id="2" c="2 3" t="ar"/>
		<b id="3" c="3 4" t="ar"/>
		<b id="4" c="4 5" t="ar"/>
		<b id="5" c="5 6" t="ar"/>
		<b id="6" c="6 7" t="1"/>
		<b id="7" c="7 8" t="1"/>
		<b id="8" c="8 9" t="1"/>
		<b id="9" c="9 10" t="ar"/>
		<b id="10" c="10 11" t="ar"/>
		<b id="11" c="11 12" t="ar"/>
		<b id="12" c="12 13" t="ar"/>
		<b id="13" c="13 14" t="ar"/>
		<b id="14" c="9 14" t="ar"/>
		<b id="15" c="6 15" t="ar"/>
		<b id="16" c="2 15" t="ar"/>
		<b id="17" c="1 16" t="1"/>
		<b id="18" c="1 17" t="1"/>
		<b id="19" c="3 18" t="1"/>
		<b id="20" c="4 19" t="1"/>
		<b id="21" c="5 20" t="1"/>
		<b id="22" c="8 21" t="1"/>
		<b id="23" c="8 22" t="1"/>
		<b id="24" c="10 23" t="1"/>
		<b id="25" c="11 24" t="1"/>
		<b id="26" c="12 25" t="1"/>
		<b id="27" c="14 26" t="1"/>
		<b id="28" c="15 27" t="1"/>
	</bonds>
	<geometry>
		<g u="A" t="cart/3d">#27,3:2.2911,-0.0989,-0.0529;0.9130,-0.0431,-0.0021;0.2503,1.1867,-0.0316;-1.1266,1.2234,-0.0525;-1.8806,0.0598,-0.0434;-1.2290,-1.1676,-0.0140;-1.8502,-2.3845,-0.0011;-3.2583,-2.4183,0.0102;-3.7240,-3.8477,0.0201;-2.9667,-4.8654,-0.5460;-3.4593,-6.1598,-0.5253;-4.6969,-6.3851,0.0572;-5.4265,-5.4236,0.5974;-4.9500,-4.1935,0.5811;0.1611,-1.2117,0.0089;2.7805,0.7316,0.2388;2.7126,-0.9616,0.2508;0.8240,2.1016,-0.0388;-1.6342,2.1767,-0.0732;-2.9562,0.1281,-0.0581;-3.6589,-1.9193,-0.8880;-3.6515,-1.8959,0.8945;-2.0072,-4.6374,-0.9847;-2.8955,-6.9742,-0.9534;-5.1282,-7.3766,0.0984;-5.5810,-3.4417,1.0393;0.6465,-2.1753,0.0342;</g>
	</geometry>
	<conformers/>
	<properties/>
</molecule>
