<?xml version="1.0" ?>
<!--MOLLI PACKAGE EXPERIMENTAL XML FORMAT-->
<molecule name="nuc2515">
	<atoms>
		<a id="1" s="N" t="N.3" l="N"/>
		<a id="2" s="C" t="C.3" l="C"/>
		<a id="3" s="C" t="C.3" l="C"/>
		<a id="4" s="C" t="C.3" l="C"/>
		<a id="5" s="C" t="C.3" l="C"/>
		<a id="6" s="C" t="C.3" l="C"/>
		<a id="7" s="C" t="C.3" l="C"/>
		<a id="8" s="N" t="N.am" l="N"/>
		<a id="9" s="C" t="C.2" l="C"/>
		<a id="10" s="O" t="O.2" l="O"/>
		<a id="11" s="C" t="C.ar" l="C"/>
		<a id="12" s="C" t="C.ar" l="C"/>
		<a id="13" s="C" t="C.ar" l="C"/>
		<a id="14" s="C" t="C.ar" l="C"/>
		<a id="15" s="C" t="C.ar" l="C"/>
		<a id="16" s="C" t="C.ar" l="C"/>
		<a id="17" s="C" t="C.2" l="C"/>
		<a id="18" s="O" t="O.2" l="O"/>
		<a id="19" s="H" t="H" l="H"/>
		<a id="20" s="H" t="H" l="H"/>
		<a id="21" s="H" t="H" l="H"/>
		<a id="22" s="H" t="H" l="H"/>
		<a id="23" s="H" t="H" l="H"/>
		<a id="24" s="H" t="H" l="H"/>
		<a id="25" s="H" t="H" l="H"/>
		<a id="26" s="H" t="H" l="H"/>
		<a id="27" s="H" t="H" l="H"/>
		<a id="28" s="H" t="H" l="H"/>
		<a id="29" s="H" t="H" l="H"/>
		<a id="30" s="H" t="H" l="H"/>
		<a id="31" s="H" t="H" l="H"/>
		<a id="32" s="H" t="H" l="H"/>
		<a id="33" s="H" t="H" l="H"/>
		<a id="34" s="H" t="H" l="H"/>
	</atoms>
	<bonds>
		<b id="1" c="1 2" t="1"/>
		<b id="2" c="2 3" t="1"/>
		<b id="3" c="3 4" t="1"/>
		<b id="4" c="4 5" t="1"/>
		<b id="5" c="5 6" t="1"/>
		<b id="6" c="6 7" t="1"/>
		<b id="7" c="2 7" t="1"/>
		<b id="8" c="7 8" t="1"/>
		<b id="9" c="8 9" t="am"/>
		<b id="10" c="9 10" t="2"/>
		<b id="11" c="9 11" t="1"/>
		<b id="12" c="11 12" t="ar"/>
		<b id="13" c="12 13" t="ar"/>
		<b id="14" c="13 14" t="ar"/>
		<b id="15" c="14 15" t="ar"/>
		<b id="16" c="15 16" t="ar"/>
		<b id="17" c="11 16" t="ar"/>
		<b id="18" c="16 17" t="1"/>
		<b id="19" c="8 17" t="am"/>
		<b id="20" c="17 18" t="2"/>
		<b id="21" c="1 19" t="1"/>
		<b id="22" c="1 20" t="1"/>
		<b id="23" c="2 21" t="1"/>
		<b id="24" c="3 22" t="1"/>
		<b id="25" c="3 23" t="1"/>
		<b id="26" c="4 24" t="1"/>
		<b id="27" c="4 25" t="1"/>
		<b id="28" c="5 26" t="1"/>
		<b id="29" c="5 27" t="1"/>
		<b id="30" c="6 28" t="1"/>
		<b id="31" c="6 29" t="1"/>
		<b id="32" c="7 30" t="1"/>
		<b id="33" c="12 31" t="1"/>
		<b id="34" c="13 32" t="1"/>
		<b id="35" c="14 33" t="1"/>
		<b id="36" c="15 34" t="1"/>
	</bonds>
	<geometry>
		<g u="A" t="cart/3d">#34,3:-2.3685,-0.1689,-0.0846;-0.9570,-0.0082,-0.3959;-0.2986,1.2184,0.2524;1.1797,1.2999,-0.1134;1.9086,0.0336,0.3245;1.2713,-1.1939,-0.3180;-0.2082,-1.2707,0.0563;-0.8376,-2.4513,-0.5040;-1.4941,-3.3798,0.2907;-1.5407,-3.3489,1.4950;-2.0739,-4.3700,-0.6476;-2.8124,-5.5109,-0.4145;-3.2294,-6.2473,-1.5195;-2.9128,-5.8474,-2.8084;-2.1653,-4.6968,-3.0417;-1.7530,-3.9683,-1.9461;-0.9582,-2.7174,-1.8582;-0.4884,-2.0597,-2.7530;-2.8916,0.6453,-0.3864;-2.4989,-0.2703,0.9176;-0.8767,0.0726,-1.4857;-0.4058,1.1480,1.3391;-0.8164,2.1226,-0.0784;1.6306,2.1734,0.3620;1.2766,1.4169,-1.1947;1.8598,-0.0578,1.4123;2.9604,0.0919,0.0397;1.7766,-2.1028,0.0163;1.3597,-1.1319,-1.4036;-0.3122,-1.3775,1.1438;-3.0557,-5.8162,0.5912;-3.8105,-7.1451,-1.3701;-3.2524,-6.4384,-3.6459;-1.9151,-4.3794,-4.0420;</g>
	</geometry>
	<conformers/>
	<properties/>
</molecule>
