<?xml version="1.0" ?>
<!--MOLLI PACKAGE EXPERIMENTAL XML FORMAT-->
<molecule name="nuc2522">
	<atoms>
		<a id="1" s="N" t="N.am" l="N"/>
		<a id="2" s="C" t="C.2" l="C"/>
		<a id="3" s="O" t="O.2" l="O"/>
		<a id="4" s="C" t="C.3" l="C"/>
		<a id="5" s="O" t="O.3" l="O"/>
		<a id="6" s="H" t="H" l="H"/>
		<a id="7" s="H" t="H" l="H"/>
		<a id="8" s="H" t="H" l="H"/>
		<a id="9" s="H" t="H" l="H"/>
		<a id="10" s="H" t="H" l="H"/>
	</atoms>
	<bonds>
		<b id="1" c="1 2" t="am"/>
		<b id="2" c="2 3" t="2"/>
		<b id="3" c="2 4" t="1"/>
		<b id="4" c="4 5" t="1"/>
		<b id="5" c="1 6" t="1"/>
		<b id="6" c="1 7" t="1"/>
		<b id="7" c="4 8" t="1"/>
		<b id="8" c="4 9" t="1"/>
		<b id="9" c="5 10" t="1"/>
	</bonds>
	<geometry>
		<g u="A" t="cart/3d">#10,3:1.1515,-0.0501,0.1190;2.4921,0.0371,0.0053;3.1015,1.0775,-0.0831;3.1852,-1.3294,0.0082;2.3931,-2.3639,0.5458;0.5872,0.7793,0.0508;0.7136,-0.9565,0.0885;4.1479,-1.2353,0.5227;3.3834,-1.6031,-1.0325;2.3374,-2.2471,1.5005;</g>
	</geometry>
	<conformers/>
	<properties/>
</molecule>
