<?xml version="1.0" ?>
<!--MOLLI PACKAGE EXPERIMENTAL XML FORMAT-->
<molecule name="nuc2523">
	<atoms>
		<a id="1" s="C" t="C.3" l="C"/>
		<a id="2" s="O" t="O.3" l="O"/>
		<a id="3" s="C" t="C.ar" l="C"/>
		<a id="4" s="C" t="C.ar" l="C"/>
		<a id="5" s="C" t="C.ar" l="C"/>
		<a id="6" s="C" t="C.ar" l="C"/>
		<a id="7" s="N" t="N.am" l="N"/>
		<a id="8" s="N" t="N.3" l="N"/>
		<a id="9" s="C" t="C.2" l="C"/>
		<a id="10" s="O" t="O.2" l="O"/>
		<a id="11" s="O" t="O.3" l="O"/>
		<a id="12" s="C" t="C.3" l="C"/>
		<a id="13" s="C" t="C.3" l="C"/>
		<a id="14" s="C" t="C.3" l="C"/>
		<a id="15" s="C" t="C.3" l="C"/>
		<a id="16" s="C" t="C.ar" l="C"/>
		<a id="17" s="C" t="C.ar" l="C"/>
		<a id="18" s="H" t="H" l="H"/>
		<a id="19" s="H" t="H" l="H"/>
		<a id="20" s="H" t="H" l="H"/>
		<a id="21" s="H" t="H" l="H"/>
		<a id="22" s="H" t="H" l="H"/>
		<a id="23" s="H" t="H" l="H"/>
		<a id="24" s="H" t="H" l="H"/>
		<a id="25" s="H" t="H" l="H"/>
		<a id="26" s="H" t="H" l="H"/>
		<a id="27" s="H" t="H" l="H"/>
		<a id="28" s="H" t="H" l="H"/>
		<a id="29" s="H" t="H" l="H"/>
		<a id="30" s="H" t="H" l="H"/>
		<a id="31" s="H" t="H" l="H"/>
		<a id="32" s="H" t="H" l="H"/>
		<a id="33" s="H" t="H" l="H"/>
		<a id="34" s="H" t="H" l="H"/>
		<a id="35" s="H" t="H" l="H"/>
	</atoms>
	<bonds>
		<b id="1" c="1 2" t="1"/>
		<b id="2" c="2 3" t="1"/>
		<b id="3" c="3 4" t="ar"/>
		<b id="4" c="4 5" t="ar"/>
		<b id="5" c="5 6" t="ar"/>
		<b id="6" c="6 7" t="1"/>
		<b id="7" c="7 8" t="1"/>
		<b id="8" c="7 9" t="am"/>
		<b id="9" c="9 10" t="2"/>
		<b id="10" c="9 11" t="1"/>
		<b id="11" c="11 12" t="1"/>
		<b id="12" c="12 13" t="1"/>
		<b id="13" c="12 14" t="1"/>
		<b id="14" c="12 15" t="1"/>
		<b id="15" c="6 16" t="ar"/>
		<b id="16" c="16 17" t="ar"/>
		<b id="17" c="3 17" t="ar"/>
		<b id="18" c="1 18" t="1"/>
		<b id="19" c="1 19" t="1"/>
		<b id="20" c="1 20" t="1"/>
		<b id="21" c="4 21" t="1"/>
		<b id="22" c="5 22" t="1"/>
		<b id="23" c="8 23" t="1"/>
		<b id="24" c="8 24" t="1"/>
		<b id="25" c="13 25" t="1"/>
		<b id="26" c="13 26" t="1"/>
		<b id="27" c="13 27" t="1"/>
		<b id="28" c="14 28" t="1"/>
		<b id="29" c="14 29" t="1"/>
		<b id="30" c="14 30" t="1"/>
		<b id="31" c="15 31" t="1"/>
		<b id="32" c="15 32" t="1"/>
		<b id="33" c="15 33" t="1"/>
		<b id="34" c="16 34" t="1"/>
		<b id="35" c="17 35" t="1"/>
	</bonds>
	<geometry>
		<g u="A" t="cart/3d">#35,3:1.4287,-0.3094,0.0593;2.8080,-0.0959,-0.1141;3.2852,1.1774,-0.0147;2.5151,2.3065,0.2400;3.1030,3.5566,0.3096;4.4744,3.7077,0.1427;5.0870,4.9802,0.1731;6.2695,5.1959,-0.5561;4.6552,6.0106,0.9752;3.6894,5.9383,1.6973;5.4695,7.0585,0.8413;5.2110,8.2827,1.5659;5.2942,8.0359,3.0725;6.3321,9.2191,1.1135;3.8480,8.8557,1.1778;5.2452,2.5735,-0.1136;4.6596,1.3290,-0.1916;1.2810,-1.3826,-0.0506;0.8413,0.2158,-0.7012;1.0953,0.0014,1.0546;1.4486,2.2316,0.3800;2.4920,4.4194,0.5099;6.1815,4.7736,-1.4758;7.0779,4.8033,-0.0773;6.2587,7.6010,3.3264;4.5080,7.3543,3.3846;5.1800,8.9761,3.6048;7.2982,8.7890,1.3626;6.2331,10.1830,1.6039;6.2862,9.3582,0.0370;3.0537,8.1916,1.5066;3.7874,8.9704,0.0976;3.7130,9.8274,1.6446;6.3147,2.6513,-0.2461;5.2543,0.4510,-0.3873;</g>
	</geometry>
	<conformers/>
	<properties/>
</molecule>
