<?xml version="1.0" ?>
<!--MOLLI PACKAGE EXPERIMENTAL XML FORMAT-->
<molecule name="nuc2526">
	<atoms>
		<a id="1" s="C" t="C.3" l="C"/>
		<a id="2" s="O" t="O.3" l="O"/>
		<a id="3" s="C" t="C.2" l="C"/>
		<a id="4" s="O" t="O.2" l="O"/>
		<a id="5" s="C" t="C.ar" l="C"/>
		<a id="6" s="C" t="C.ar" l="C"/>
		<a id="7" s="C" t="C.ar" l="C"/>
		<a id="8" s="N" t="N.pl3" l="N"/>
		<a id="9" s="C" t="C.ar" l="C"/>
		<a id="10" s="C" t="C.ar" l="C"/>
		<a id="11" s="C" t="C.ar" l="C"/>
		<a id="12" s="C" t="C.1" l="C"/>
		<a id="13" s="N" t="N.1" l="N"/>
		<a id="14" s="H" t="H" l="H"/>
		<a id="15" s="H" t="H" l="H"/>
		<a id="16" s="H" t="H" l="H"/>
		<a id="17" s="H" t="H" l="H"/>
		<a id="18" s="H" t="H" l="H"/>
		<a id="19" s="H" t="H" l="H"/>
		<a id="20" s="H" t="H" l="H"/>
		<a id="21" s="H" t="H" l="H"/>
	</atoms>
	<bonds>
		<b id="1" c="1 2" t="1"/>
		<b id="2" c="2 3" t="1"/>
		<b id="3" c="3 4" t="2"/>
		<b id="4" c="3 5" t="1"/>
		<b id="5" c="5 6" t="ar"/>
		<b id="6" c="6 7" t="ar"/>
		<b id="7" c="7 8" t="1"/>
		<b id="8" c="7 9" t="ar"/>
		<b id="9" c="9 10" t="ar"/>
		<b id="10" c="10 11" t="ar"/>
		<b id="11" c="5 11" t="ar"/>
		<b id="12" c="11 12" t="1"/>
		<b id="13" c="12 13" t="3"/>
		<b id="14" c="1 14" t="1"/>
		<b id="15" c="1 15" t="1"/>
		<b id="16" c="1 16" t="1"/>
		<b id="17" c="6 17" t="1"/>
		<b id="18" c="8 18" t="1"/>
		<b id="19" c="8 19" t="1"/>
		<b id="20" c="9 20" t="1"/>
		<b id="21" c="10 21" t="1"/>
	</bonds>
	<geometry>
		<g u="A" t="cart/3d">#21,3:1.0736,0.2150,0.3473;2.4921,0.1754,0.3080;3.0468,-1.0191,0.5790;2.3996,-2.0029,0.8311;4.5285,-0.9725,0.5289;5.2058,0.2348,0.5442;6.6022,0.2757,0.5197;7.2631,1.4692,0.5996;7.3096,-0.9324,0.4752;6.6430,-2.1358,0.4547;5.2466,-2.1781,0.4829;4.6163,-3.4415,0.4339;4.2166,-4.5145,0.3669;0.7843,1.1859,-0.0471;0.7209,0.0980,1.3744;0.6549,-0.5904,-0.2597;4.6439,1.1550,0.5827;6.7430,2.3116,0.4232;8.2412,1.4881,0.3672;8.3895,-0.9118,0.4571;7.1955,-3.0627,0.4145;</g>
	</geometry>
	<conformers/>
	<properties/>
</molecule>
