<?xml version="1.0" ?>
<!--MOLLI PACKAGE EXPERIMENTAL XML FORMAT-->
<molecule name="nuc2530">
	<atoms>
		<a id="1" s="C" t="C.3" l="C"/>
		<a id="2" s="C" t="C.3" l="C"/>
		<a id="3" s="C" t="C.3" l="C"/>
		<a id="4" s="C" t="C.3" l="C"/>
		<a id="5" s="O" t="O.3" l="O"/>
		<a id="6" s="C" t="C.2" l="C"/>
		<a id="7" s="O" t="O.2" l="O"/>
		<a id="8" s="N" t="N.am" l="N"/>
		<a id="9" s="C" t="C.3" l="C"/>
		<a id="10" s="C" t="C.3" l="C"/>
		<a id="11" s="N" t="N.3" l="N"/>
		<a id="12" s="S" t="S.O2" l="S"/>
		<a id="13" s="O" t="O.2" l="O"/>
		<a id="14" s="O" t="O.2" l="O"/>
		<a id="15" s="C" t="C.ar" l="C"/>
		<a id="16" s="C" t="C.ar" l="C"/>
		<a id="17" s="C" t="C.ar" l="C"/>
		<a id="18" s="C" t="C.ar" l="C"/>
		<a id="19" s="N" t="N.pl3" l="N"/>
		<a id="20" s="C" t="C.ar" l="C"/>
		<a id="21" s="C" t="C.ar" l="C"/>
		<a id="22" s="C" t="C.3" l="C"/>
		<a id="23" s="C" t="C.3" l="C"/>
		<a id="24" s="H" t="H" l="H"/>
		<a id="25" s="H" t="H" l="H"/>
		<a id="26" s="H" t="H" l="H"/>
		<a id="27" s="H" t="H" l="H"/>
		<a id="28" s="H" t="H" l="H"/>
		<a id="29" s="H" t="H" l="H"/>
		<a id="30" s="H" t="H" l="H"/>
		<a id="31" s="H" t="H" l="H"/>
		<a id="32" s="H" t="H" l="H"/>
		<a id="33" s="H" t="H" l="H"/>
		<a id="34" s="H" t="H" l="H"/>
		<a id="35" s="H" t="H" l="H"/>
		<a id="36" s="H" t="H" l="H"/>
		<a id="37" s="H" t="H" l="H"/>
		<a id="38" s="H" t="H" l="H"/>
		<a id="39" s="H" t="H" l="H"/>
		<a id="40" s="H" t="H" l="H"/>
		<a id="41" s="H" t="H" l="H"/>
		<a id="42" s="H" t="H" l="H"/>
		<a id="43" s="H" t="H" l="H"/>
		<a id="44" s="H" t="H" l="H"/>
		<a id="45" s="H" t="H" l="H"/>
		<a id="46" s="H" t="H" l="H"/>
	</atoms>
	<bonds>
		<b id="1" c="1 2" t="1"/>
		<b id="2" c="2 3" t="1"/>
		<b id="3" c="2 4" t="1"/>
		<b id="4" c="2 5" t="1"/>
		<b id="5" c="5 6" t="1"/>
		<b id="6" c="6 7" t="2"/>
		<b id="7" c="6 8" t="am"/>
		<b id="8" c="8 9" t="1"/>
		<b id="9" c="9 10" t="1"/>
		<b id="10" c="10 11" t="1"/>
		<b id="11" c="11 12" t="1"/>
		<b id="12" c="12 13" t="2"/>
		<b id="13" c="12 14" t="2"/>
		<b id="14" c="12 15" t="1"/>
		<b id="15" c="15 16" t="ar"/>
		<b id="16" c="16 17" t="ar"/>
		<b id="17" c="17 18" t="ar"/>
		<b id="18" c="18 19" t="1"/>
		<b id="19" c="18 20" t="ar"/>
		<b id="20" c="20 21" t="ar"/>
		<b id="21" c="15 21" t="ar"/>
		<b id="22" c="11 22" t="1"/>
		<b id="23" c="22 23" t="1"/>
		<b id="24" c="8 23" t="1"/>
		<b id="25" c="1 24" t="1"/>
		<b id="26" c="1 25" t="1"/>
		<b id="27" c="1 26" t="1"/>
		<b id="28" c="3 27" t="1"/>
		<b id="29" c="3 28" t="1"/>
		<b id="30" c="3 29" t="1"/>
		<b id="31" c="4 30" t="1"/>
		<b id="32" c="4 31" t="1"/>
		<b id="33" c="4 32" t="1"/>
		<b id="34" c="9 33" t="1"/>
		<b id="35" c="9 34" t="1"/>
		<b id="36" c="10 35" t="1"/>
		<b id="37" c="10 36" t="1"/>
		<b id="38" c="16 37" t="1"/>
		<b id="39" c="17 38" t="1"/>
		<b id="40" c="19 39" t="1"/>
		<b id="41" c="19 40" t="1"/>
		<b id="42" c="20 41" t="1"/>
		<b id="43" c="21 42" t="1"/>
		<b id="44" c="22 43" t="1"/>
		<b id="45" c="22 44" t="1"/>
		<b id="46" c="23 45" t="1"/>
		<b id="47" c="23 46" t="1"/>
	</bonds>
	<geometry>
		<g u="A" t="cart/3d">#46,3:3.8130,0.3845,1.3489;2.8943,0.7325,0.1780;2.0789,-0.4840,-0.2596;1.9666,1.8897,0.5540;3.6671,1.2528,-0.9293;4.6223,0.4952,-1.5018;4.8701,-0.6577,-1.2251;5.3072,1.1904,-2.4412;5.0198,2.5437,-2.8590;4.6500,2.5505,-4.3490;5.6476,1.8826,-5.1568;6.9888,2.8439,-5.5177;7.3320,3.7147,-4.4232;8.0052,1.9694,-6.0255;6.3286,3.8248,-6.8468;6.0754,5.1729,-6.6704;5.5743,5.9183,-7.7174;5.3235,5.3180,-8.9566;4.7773,6.0422,-9.9822;5.5849,3.9506,-9.1132;6.0837,3.2115,-8.0625;5.9494,0.5422,-4.6953;6.3429,0.5427,-3.2165;3.2168,0.0871,2.2071;4.4165,1.2486,1.6188;4.4732,-0.4334,1.0749;1.4406,-0.8089,0.5573;2.7434,-1.2973,-0.5365;1.4567,-0.2294,-1.1152;1.3351,1.6022,1.3892;1.3378,2.1544,-0.2922;2.5526,2.7608,0.8350;5.9180,3.1555,-2.7219;4.2037,2.9423,-2.2589;4.5655,3.5759,-4.7119;3.6956,2.0355,-4.5026;6.2925,5.6217,-5.7139;5.3771,6.9726,-7.5911;4.8214,7.0452,-9.9223;4.8299,5.6541,-10.9085;5.3957,3.4839,-10.0685;6.3049,2.1618,-8.1670;6.7716,0.1728,-5.3074;5.0617,-0.0784,-4.8534;7.2798,1.0990,-3.0982;6.4627,-0.4737,-2.8392;</g>
	</geometry>
	<conformers/>
	<properties/>
</molecule>
