<?xml version="1.0" ?>
<!--MOLLI PACKAGE EXPERIMENTAL XML FORMAT-->
<molecule name="nuc2531">
	<atoms>
		<a id="1" s="C" t="C.3" l="C"/>
		<a id="2" s="N" t="N.3" l="N"/>
		<a id="3" s="C" t="C.3" l="C"/>
		<a id="4" s="C" t="C.3" l="C"/>
		<a id="5" s="C" t="C.3" l="C"/>
		<a id="6" s="N" t="N.ar" l="N"/>
		<a id="7" s="C" t="C.ar" l="C"/>
		<a id="8" s="C" t="C.3" l="C"/>
		<a id="9" s="F" t="F" l="F"/>
		<a id="10" s="F" t="F" l="F"/>
		<a id="11" s="F" t="F" l="F"/>
		<a id="12" s="N" t="N.ar" l="N"/>
		<a id="13" s="C" t="C.ar" l="C"/>
		<a id="14" s="C" t="C.ar" l="C"/>
		<a id="15" s="C" t="C.ar" l="C"/>
		<a id="16" s="N" t="N.pl3" l="N"/>
		<a id="17" s="C" t="C.ar" l="C"/>
		<a id="18" s="C" t="C.ar" l="C"/>
		<a id="19" s="C" t="C.ar" l="C"/>
		<a id="20" s="H" t="H" l="H"/>
		<a id="21" s="H" t="H" l="H"/>
		<a id="22" s="H" t="H" l="H"/>
		<a id="23" s="H" t="H" l="H"/>
		<a id="24" s="H" t="H" l="H"/>
		<a id="25" s="H" t="H" l="H"/>
		<a id="26" s="H" t="H" l="H"/>
		<a id="27" s="H" t="H" l="H"/>
		<a id="28" s="H" t="H" l="H"/>
		<a id="29" s="H" t="H" l="H"/>
		<a id="30" s="H" t="H" l="H"/>
		<a id="31" s="H" t="H" l="H"/>
		<a id="32" s="H" t="H" l="H"/>
		<a id="33" s="H" t="H" l="H"/>
		<a id="34" s="H" t="H" l="H"/>
	</atoms>
	<bonds>
		<b id="1" c="1 2" t="1"/>
		<b id="2" c="2 3" t="1"/>
		<b id="3" c="2 4" t="1"/>
		<b id="4" c="4 5" t="1"/>
		<b id="5" c="5 6" t="1"/>
		<b id="6" c="6 7" t="ar"/>
		<b id="7" c="7 8" t="1"/>
		<b id="8" c="8 9" t="1"/>
		<b id="9" c="8 10" t="1"/>
		<b id="10" c="8 11" t="1"/>
		<b id="11" c="7 12" t="ar"/>
		<b id="12" c="12 13" t="ar"/>
		<b id="13" c="13 14" t="ar"/>
		<b id="14" c="14 15" t="ar"/>
		<b id="15" c="15 16" t="1"/>
		<b id="16" c="15 17" t="ar"/>
		<b id="17" c="17 18" t="ar"/>
		<b id="18" c="18 19" t="ar"/>
		<b id="19" c="13 19" t="ar"/>
		<b id="20" c="6 19" t="ar"/>
		<b id="21" c="1 20" t="1"/>
		<b id="22" c="1 21" t="1"/>
		<b id="23" c="1 22" t="1"/>
		<b id="24" c="3 23" t="1"/>
		<b id="25" c="3 24" t="1"/>
		<b id="26" c="3 25" t="1"/>
		<b id="27" c="4 26" t="1"/>
		<b id="28" c="4 27" t="1"/>
		<b id="29" c="5 28" t="1"/>
		<b id="30" c="5 29" t="1"/>
		<b id="31" c="14 30" t="1"/>
		<b id="32" c="16 31" t="1"/>
		<b id="33" c="16 32" t="1"/>
		<b id="34" c="17 33" t="1"/>
		<b id="35" c="18 34" t="1"/>
	</bonds>
	<geometry>
		<g u="A" t="cart/3d">#34,3:1.7874,-1.9499,0.8159;2.8593,-1.0637,0.4074;2.5697,-0.4638,-0.8808;3.1287,-0.0648,1.4246;4.4985,0.5970,1.2054;4.9225,1.2959,2.3884;4.7526,2.6130,2.7072;4.1524,3.5941,1.7603;2.9083,3.2355,1.3714;4.0554,4.8150,2.2730;4.8608,3.7036,0.6150;5.1710,2.9366,3.8985;5.6476,1.7730,4.4396;6.2062,1.5359,5.6886;6.6067,0.2407,5.9861;7.2361,-0.0388,7.1816;6.4395,-0.7924,5.0402;5.8877,-0.5713,3.7998;5.4908,0.7249,3.5037;1.6485,-2.7111,0.0502;0.8324,-1.4237,0.9648;2.0627,-2.4430,1.7471;2.3702,-1.2554,-1.6003;3.4326,0.1006,-1.2270;1.6991,0.2082,-0.8453;3.1541,-0.5707,2.3940;2.3457,0.7121,1.4654;4.4661,1.2972,0.3700;5.2315,-0.1817,0.9793;6.3256,2.3391,6.3971;7.1166,0.6390,7.9163;7.2274,-0.9981,7.4861;6.7624,-1.7876,5.3091;5.7680,-1.3773,3.0923;</g>
	</geometry>
	<conformers/>
	<properties/>
</molecule>
