<?xml version="1.0" ?>
<!--MOLLI PACKAGE EXPERIMENTAL XML FORMAT-->
<molecule name="nuc2537">
	<atoms>
		<a id="1" s="N" t="N.3" l="N"/>
		<a id="2" s="C" t="C.3" l="C"/>
		<a id="3" s="C" t="C.3" l="C"/>
		<a id="4" s="N" t="N.3" l="N"/>
		<a id="5" s="C" t="C.3" l="C"/>
		<a id="6" s="C" t="C.3" l="C"/>
		<a id="7" s="C" t="C.3" l="C"/>
		<a id="8" s="O" t="O.3" l="O"/>
		<a id="9" s="C" t="C.2" l="C"/>
		<a id="10" s="O" t="O.2" l="O"/>
		<a id="11" s="C" t="C.ar" l="C"/>
		<a id="12" s="C" t="C.ar" l="C"/>
		<a id="13" s="C" t="C.ar" l="C"/>
		<a id="14" s="C" t="C.ar" l="C"/>
		<a id="15" s="C" t="C.ar" l="C"/>
		<a id="16" s="C" t="C.ar" l="C"/>
		<a id="17" s="C" t="C.3" l="C"/>
		<a id="18" s="C" t="C.ar" l="C"/>
		<a id="19" s="C" t="C.ar" l="C"/>
		<a id="20" s="C" t="C.ar" l="C"/>
		<a id="21" s="C" t="C.ar" l="C"/>
		<a id="22" s="C" t="C.ar" l="C"/>
		<a id="23" s="C" t="C.ar" l="C"/>
		<a id="24" s="H" t="H" l="H"/>
		<a id="25" s="H" t="H" l="H"/>
		<a id="26" s="H" t="H" l="H"/>
		<a id="27" s="H" t="H" l="H"/>
		<a id="28" s="H" t="H" l="H"/>
		<a id="29" s="H" t="H" l="H"/>
		<a id="30" s="H" t="H" l="H"/>
		<a id="31" s="H" t="H" l="H"/>
		<a id="32" s="H" t="H" l="H"/>
		<a id="33" s="H" t="H" l="H"/>
		<a id="34" s="H" t="H" l="H"/>
		<a id="35" s="H" t="H" l="H"/>
		<a id="36" s="H" t="H" l="H"/>
		<a id="37" s="H" t="H" l="H"/>
		<a id="38" s="H" t="H" l="H"/>
		<a id="39" s="H" t="H" l="H"/>
		<a id="40" s="H" t="H" l="H"/>
		<a id="41" s="H" t="H" l="H"/>
		<a id="42" s="H" t="H" l="H"/>
		<a id="43" s="H" t="H" l="H"/>
		<a id="44" s="H" t="H" l="H"/>
		<a id="45" s="H" t="H" l="H"/>
	</atoms>
	<bonds>
		<b id="1" c="3 4" t="1"/>
		<b id="2" c="4 5" t="1"/>
		<b id="3" c="5 6" t="1"/>
		<b id="4" c="6 7" t="1"/>
		<b id="5" c="8 9" t="1"/>
		<b id="6" c="9 10" t="2"/>
		<b id="7" c="9 11" t="1"/>
		<b id="8" c="11 12" t="ar"/>
		<b id="9" c="12 13" t="ar"/>
		<b id="10" c="13 14" t="ar"/>
		<b id="11" c="14 15" t="ar"/>
		<b id="12" c="15 16" t="ar"/>
		<b id="13" c="11 16" t="ar"/>
		<b id="14" c="7 17" t="1"/>
		<b id="15" c="4 17" t="1"/>
		<b id="16" c="2 18" t="1"/>
		<b id="17" c="18 19" t="ar"/>
		<b id="18" c="19 20" t="ar"/>
		<b id="19" c="20 21" t="ar"/>
		<b id="20" c="21 22" t="ar"/>
		<b id="21" c="22 23" t="ar"/>
		<b id="22" c="18 23" t="ar"/>
		<b id="23" c="2 3" t="1"/>
		<b id="24" c="2 1" t="1"/>
		<b id="25" c="7 8" t="1"/>
		<b id="26" c="1 24" t="1"/>
		<b id="27" c="1 25" t="1"/>
		<b id="28" c="2 26" t="1"/>
		<b id="29" c="3 27" t="1"/>
		<b id="30" c="3 28" t="1"/>
		<b id="31" c="5 29" t="1"/>
		<b id="32" c="5 30" t="1"/>
		<b id="33" c="6 31" t="1"/>
		<b id="34" c="6 32" t="1"/>
		<b id="35" c="7 33" t="1"/>
		<b id="36" c="12 34" t="1"/>
		<b id="37" c="13 35" t="1"/>
		<b id="38" c="14 36" t="1"/>
		<b id="39" c="15 37" t="1"/>
		<b id="40" c="16 38" t="1"/>
		<b id="41" c="17 39" t="1"/>
		<b id="42" c="17 40" t="1"/>
		<b id="43" c="19 41" t="1"/>
		<b id="44" c="20 42" t="1"/>
		<b id="45" c="21 43" t="1"/>
		<b id="46" c="22 44" t="1"/>
		<b id="47" c="23 45" t="1"/>
	</bonds>
	<geometry>
		<g u="A" t="cart/3d">#45,3:1.3743,-1.1745,-1.8497;0.6927,-1.2347,-0.5669;0.8036,0.1237,0.1546;0.8053,1.2364,-0.7789;1.0749,2.5154,-0.1439;-0.2746,3.0388,0.3867;-1.3087,2.3662,-0.5313;-2.2264,1.5595,0.2106;-3.3454,2.1560,0.6393;-3.5964,3.3220,0.4484;-4.2462,1.2230,1.3606;-5.4677,1.7135,1.8166;-6.3445,0.8796,2.4834;-6.0064,-0.4471,2.7006;-4.7902,-0.9383,2.2520;-3.9089,-0.1094,1.5827;-0.4635,1.4536,-1.4465;1.2091,-2.3161,0.3635;0.3300,-3.1198,1.0773;0.8037,-4.1109,1.9190;2.1662,-4.3135,2.0562;3.0516,-3.5160,1.3514;2.5754,-2.5241,0.5136;1.5847,-2.1095,-2.1818;2.2381,-0.6521,-1.7699;-0.3632,-1.4503,-0.7819;-0.0007,0.1881,0.9039;1.7616,0.1531,0.6837;1.4554,3.1915,-0.9155;1.8275,2.4196,0.6376;-0.3407,4.1233,0.3516;-0.4389,2.7158,1.4154;-1.8918,3.0986,-1.0977;-5.7070,2.7503,1.6341;-7.2919,1.2613,2.8338;-6.6922,-1.1001,3.2204;-4.5312,-1.9727,2.4246;-2.9610,-0.4848,1.2293;-0.2655,1.9715,-2.3879;-0.9655,0.5149,-1.6612;-0.7352,-2.9693,0.9692;0.1077,-4.7299,2.4664;2.5372,-5.0902,2.7085;4.1166,-3.6670,1.4541;3.2754,-1.9058,-0.0321;</g>
	</geometry>
	<conformers/>
	<properties/>
</molecule>
