<?xml version="1.0" ?>
<!--MOLLI PACKAGE EXPERIMENTAL XML FORMAT-->
<molecule name="nuc2539">
	<atoms>
		<a id="1" s="N" t="N.3" l="N"/>
		<a id="2" s="N" t="N.am" l="N"/>
		<a id="3" s="C" t="C.2" l="C"/>
		<a id="4" s="O" t="O.2" l="O"/>
		<a id="5" s="C" t="C.2" l="C"/>
		<a id="6" s="C" t="C.2" l="C"/>
		<a id="7" s="C" t="C.ar" l="C"/>
		<a id="8" s="C" t="C.ar" l="C"/>
		<a id="9" s="C" t="C.ar" l="C"/>
		<a id="10" s="C" t="C.ar" l="C"/>
		<a id="11" s="C" t="C.ar" l="C"/>
		<a id="12" s="C" t="C.ar" l="C"/>
		<a id="13" s="H" t="H" l="H"/>
		<a id="14" s="H" t="H" l="H"/>
		<a id="15" s="H" t="H" l="H"/>
		<a id="16" s="H" t="H" l="H"/>
		<a id="17" s="H" t="H" l="H"/>
		<a id="18" s="H" t="H" l="H"/>
		<a id="19" s="H" t="H" l="H"/>
		<a id="20" s="H" t="H" l="H"/>
		<a id="21" s="H" t="H" l="H"/>
		<a id="22" s="H" t="H" l="H"/>
	</atoms>
	<bonds>
		<b id="1" c="1 2" t="1"/>
		<b id="2" c="2 3" t="am"/>
		<b id="3" c="3 4" t="2"/>
		<b id="4" c="3 5" t="1"/>
		<b id="5" c="5 6" t="2"/>
		<b id="6" c="6 7" t="1"/>
		<b id="7" c="7 8" t="ar"/>
		<b id="8" c="8 9" t="ar"/>
		<b id="9" c="9 10" t="ar"/>
		<b id="10" c="10 11" t="ar"/>
		<b id="11" c="11 12" t="ar"/>
		<b id="12" c="7 12" t="ar"/>
		<b id="13" c="1 13" t="1"/>
		<b id="14" c="1 14" t="1"/>
		<b id="15" c="2 15" t="1"/>
		<b id="16" c="5 16" t="1"/>
		<b id="17" c="6 17" t="1"/>
		<b id="18" c="8 18" t="1"/>
		<b id="19" c="9 19" t="1"/>
		<b id="20" c="10 20" t="1"/>
		<b id="21" c="11 21" t="1"/>
		<b id="22" c="12 22" t="1"/>
	</bonds>
	<geometry>
		<g u="A" t="cart/3d">#22,3:1.1359,0.1456,0.2922;2.5202,0.0212,0.5327;3.1637,-1.1560,0.2995;2.5381,-2.1676,0.0251;4.6258,-1.0824,0.4356;5.3724,-2.1792,0.2605;6.8140,-2.2949,0.3642;7.6364,-1.2339,0.7520;9.0051,-1.3967,0.8344;9.5846,-2.6189,0.5317;8.7832,-3.6815,0.1473;7.4136,-3.5219,0.0662;0.6327,0.0740,1.1790;0.8723,-0.6715,-0.2635;3.0138,0.8998,0.5903;5.0466,-0.1195,0.6840;4.8412,-3.0894,0.0067;7.2017,-0.2765,0.9953;9.6264,-0.5661,1.1368;10.6555,-2.7418,0.5972;9.2288,-4.6370,-0.0882;6.7916,-4.3530,-0.2338;</g>
	</geometry>
	<conformers/>
	<properties/>
</molecule>
