<?xml version="1.0" ?>
<!--MOLLI PACKAGE EXPERIMENTAL XML FORMAT-->
<molecule name="nuc2540">
	<atoms>
		<a id="1" s="C" t="C.3" l="C"/>
		<a id="2" s="C" t="C.ar" l="C"/>
		<a id="3" s="C" t="C.ar" l="C"/>
		<a id="4" s="C" t="C.ar" l="C"/>
		<a id="5" s="C" t="C.3" l="C"/>
		<a id="6" s="C" t="C.ar" l="C"/>
		<a id="7" s="C" t="C.2" l="C"/>
		<a id="8" s="O" t="O.2" l="O"/>
		<a id="9" s="N" t="N.am" l="N"/>
		<a id="10" s="N" t="N.3" l="N"/>
		<a id="11" s="C" t="C.ar" l="C"/>
		<a id="12" s="C" t="C.3" l="C"/>
		<a id="13" s="C" t="C.ar" l="C"/>
		<a id="14" s="H" t="H" l="H"/>
		<a id="15" s="H" t="H" l="H"/>
		<a id="16" s="H" t="H" l="H"/>
		<a id="17" s="H" t="H" l="H"/>
		<a id="18" s="H" t="H" l="H"/>
		<a id="19" s="H" t="H" l="H"/>
		<a id="20" s="H" t="H" l="H"/>
		<a id="21" s="H" t="H" l="H"/>
		<a id="22" s="H" t="H" l="H"/>
		<a id="23" s="H" t="H" l="H"/>
		<a id="24" s="H" t="H" l="H"/>
		<a id="25" s="H" t="H" l="H"/>
		<a id="26" s="H" t="H" l="H"/>
		<a id="27" s="H" t="H" l="H"/>
	</atoms>
	<bonds>
		<b id="1" c="1 2" t="1"/>
		<b id="2" c="2 3" t="ar"/>
		<b id="3" c="3 4" t="ar"/>
		<b id="4" c="4 5" t="1"/>
		<b id="5" c="4 6" t="ar"/>
		<b id="6" c="6 7" t="1"/>
		<b id="7" c="7 8" t="2"/>
		<b id="8" c="7 9" t="am"/>
		<b id="9" c="9 10" t="1"/>
		<b id="10" c="6 11" t="ar"/>
		<b id="11" c="11 12" t="1"/>
		<b id="12" c="11 13" t="ar"/>
		<b id="13" c="2 13" t="ar"/>
		<b id="14" c="1 14" t="1"/>
		<b id="15" c="1 15" t="1"/>
		<b id="16" c="1 16" t="1"/>
		<b id="17" c="3 17" t="1"/>
		<b id="18" c="5 18" t="1"/>
		<b id="19" c="5 19" t="1"/>
		<b id="20" c="5 20" t="1"/>
		<b id="21" c="9 21" t="1"/>
		<b id="22" c="10 22" t="1"/>
		<b id="23" c="10 23" t="1"/>
		<b id="24" c="12 24" t="1"/>
		<b id="25" c="12 25" t="1"/>
		<b id="26" c="12 26" t="1"/>
		<b id="27" c="13 27" t="1"/>
	</bonds>
	<geometry>
		<g u="A" t="cart/3d">#27,3:2.1069,1.8847,-0.3706;1.0450,0.8480,-0.1621;1.3770,-0.4812,0.0509;0.4007,-1.4441,0.2648;0.7788,-2.8774,0.4957;-0.9374,-1.0568,0.2618;-2.0085,-2.0719,0.5097;-2.5983,-2.2265,1.5620;-2.2803,-2.8351,-0.5768;-3.3491,-3.7580,-0.5885;-1.2959,0.2765,0.0580;-2.7403,0.6750,0.0649;-0.2957,1.2113,-0.1552;3.0618,1.4228,-0.6087;2.2306,2.4778,0.5358;1.8314,2.5620,-1.1765;2.4170,-0.7759,0.0559;1.8209,-2.9547,0.7968;0.6447,-3.4598,-0.4170;0.1556,-3.3171,1.2718;-1.8793,-2.6344,-1.4806;-3.9802,-3.4743,0.1633;-2.9982,-4.6856,-0.3414;-3.2651,0.2275,-0.7795;-2.8447,1.7548,0.0045;-3.2206,0.3240,0.9761;-0.5636,2.2462,-0.3146;</g>
	</geometry>
	<conformers/>
	<properties/>
</molecule>
