<?xml version="1.0" ?>
<!--MOLLI PACKAGE EXPERIMENTAL XML FORMAT-->
<molecule name="nuc2547">
	<atoms>
		<a id="1" s="N" t="N.am" l="N"/>
		<a id="2" s="C" t="C.2" l="C"/>
		<a id="3" s="O" t="O.2" l="O"/>
		<a id="4" s="N" t="N.am" l="N"/>
		<a id="5" s="C" t="C.3" l="C"/>
		<a id="6" s="C" t="C.3" l="C"/>
		<a id="7" s="C" t="C.3" l="C"/>
		<a id="8" s="C" t="C.3" l="C"/>
		<a id="9" s="C" t="C.ar" l="C"/>
		<a id="10" s="C" t="C.ar" l="C"/>
		<a id="11" s="C" t="C.ar" l="C"/>
		<a id="12" s="C" t="C.ar" l="C"/>
		<a id="13" s="C" t="C.ar" l="C"/>
		<a id="14" s="C" t="C.ar" l="C"/>
		<a id="15" s="C" t="C.3" l="C"/>
		<a id="16" s="F" t="F" l="F"/>
		<a id="17" s="F" t="F" l="F"/>
		<a id="18" s="F" t="F" l="F"/>
		<a id="19" s="C" t="C.3" l="C"/>
		<a id="20" s="C" t="C.3" l="C"/>
		<a id="21" s="C" t="C.3" l="C"/>
		<a id="22" s="H" t="H" l="H"/>
		<a id="23" s="H" t="H" l="H"/>
		<a id="24" s="H" t="H" l="H"/>
		<a id="25" s="H" t="H" l="H"/>
		<a id="26" s="H" t="H" l="H"/>
		<a id="27" s="H" t="H" l="H"/>
		<a id="28" s="H" t="H" l="H"/>
		<a id="29" s="H" t="H" l="H"/>
		<a id="30" s="H" t="H" l="H"/>
		<a id="31" s="H" t="H" l="H"/>
		<a id="32" s="H" t="H" l="H"/>
		<a id="33" s="H" t="H" l="H"/>
		<a id="34" s="H" t="H" l="H"/>
		<a id="35" s="H" t="H" l="H"/>
		<a id="36" s="H" t="H" l="H"/>
		<a id="37" s="H" t="H" l="H"/>
		<a id="38" s="H" t="H" l="H"/>
	</atoms>
	<bonds>
		<b id="1" c="1 2" t="am"/>
		<b id="2" c="2 3" t="2"/>
		<b id="3" c="2 4" t="am"/>
		<b id="4" c="4 5" t="1"/>
		<b id="5" c="5 6" t="1"/>
		<b id="6" c="6 7" t="1"/>
		<b id="7" c="7 8" t="1"/>
		<b id="8" c="9 10" t="ar"/>
		<b id="9" c="10 11" t="ar"/>
		<b id="10" c="11 12" t="ar"/>
		<b id="11" c="12 13" t="ar"/>
		<b id="12" c="13 14" t="ar"/>
		<b id="13" c="9 14" t="ar"/>
		<b id="14" c="14 15" t="1"/>
		<b id="15" c="15 16" t="1"/>
		<b id="16" c="15 17" t="1"/>
		<b id="17" c="15 18" t="1"/>
		<b id="18" c="8 19" t="1"/>
		<b id="19" c="19 20" t="1"/>
		<b id="20" c="6 20" t="1"/>
		<b id="21" c="20 21" t="1"/>
		<b id="22" c="4 21" t="1"/>
		<b id="23" c="8 9" t="1"/>
		<b id="24" c="1 22" t="1"/>
		<b id="25" c="1 23" t="1"/>
		<b id="26" c="5 24" t="1"/>
		<b id="27" c="5 25" t="1"/>
		<b id="28" c="6 26" t="1"/>
		<b id="29" c="7 27" t="1"/>
		<b id="30" c="7 28" t="1"/>
		<b id="31" c="8 29" t="1"/>
		<b id="32" c="10 30" t="1"/>
		<b id="33" c="11 31" t="1"/>
		<b id="34" c="12 32" t="1"/>
		<b id="35" c="13 33" t="1"/>
		<b id="36" c="19 34" t="1"/>
		<b id="37" c="19 35" t="1"/>
		<b id="38" c="20 36" t="1"/>
		<b id="39" c="21 37" t="1"/>
		<b id="40" c="21 38" t="1"/>
	</bonds>
	<geometry>
		<g u="A" t="cart/3d">#38,3:2.1113,-0.8166,-1.2725;2.9481,-0.2433,-0.3366;3.5354,0.7958,-0.5619;3.0413,-0.9236,0.8497;3.0124,-2.3704,0.9411;4.4926,-2.7630,1.0815;5.1820,-2.9223,-0.2772;6.5794,-2.3237,-0.0723;7.2585,-1.9797,-1.3684;6.7023,-1.0117,-2.2019;7.2941,-0.6640,-3.4006;8.4664,-1.2807,-3.8037;9.0336,-2.2519,-3.0024;8.4345,-2.6022,-1.7968;9.0844,-3.6765,-0.9695;8.2675,-4.7263,-0.7384;10.1797,-4.1941,-1.5435;9.4825,-3.2435,0.2447;6.3053,-1.1050,0.8201;5.1589,-1.5322,1.7474;4.0298,-0.4904,1.8227;1.8922,-0.2067,-2.0445;1.3462,-1.3851,-0.9510;2.5518,-2.8314,0.0700;2.4499,-2.6507,1.8383;4.6086,-3.6660,1.6813;4.6466,-2.3469,-1.0341;5.2284,-3.9611,-0.6015;7.1699,-3.0364,0.5040;5.7904,-0.5147,-1.9077;6.8395,0.0932,-4.0214;8.9368,-1.0108,-4.7362;9.9438,-2.7433,-3.3094;5.9886,-0.2585,0.2128;7.1946,-0.8100,1.3753;5.5337,-1.7680,2.7437;4.3589,0.5195,1.5845;3.5574,-0.4940,2.8099;</g>
	</geometry>
	<conformers/>
	<properties/>
</molecule>
