<?xml version="1.0" ?>
<!--MOLLI PACKAGE EXPERIMENTAL XML FORMAT-->
<molecule name="nuc2548">
	<atoms>
		<a id="1" s="C" t="C.3" l="C"/>
		<a id="2" s="C" t="C.3" l="C"/>
		<a id="3" s="O" t="O.3" l="O"/>
		<a id="4" s="Si" t="Si" l="SI"/>
		<a id="5" s="C" t="C.3" l="C"/>
		<a id="6" s="C" t="C.3" l="C"/>
		<a id="7" s="C" t="C.3" l="C"/>
		<a id="8" s="C" t="C.3" l="C"/>
		<a id="9" s="C" t="C.3" l="C"/>
		<a id="10" s="C" t="C.3" l="C"/>
		<a id="11" s="C" t="C.3" l="C"/>
		<a id="12" s="C" t="C.ar" l="C"/>
		<a id="13" s="C" t="C.ar" l="C"/>
		<a id="14" s="C" t="C.ar" l="C"/>
		<a id="15" s="C" t="C.ar" l="C"/>
		<a id="16" s="C" t="C.ar" l="C"/>
		<a id="17" s="C" t="C.ar" l="C"/>
		<a id="18" s="S" t="S.O2" l="S"/>
		<a id="19" s="N" t="N.3" l="N"/>
		<a id="20" s="O" t="O.2" l="O"/>
		<a id="21" s="O" t="O.2" l="O"/>
		<a id="22" s="H" t="H" l="H"/>
		<a id="23" s="H" t="H" l="H"/>
		<a id="24" s="H" t="H" l="H"/>
		<a id="25" s="H" t="H" l="H"/>
		<a id="26" s="H" t="H" l="H"/>
		<a id="27" s="H" t="H" l="H"/>
		<a id="28" s="H" t="H" l="H"/>
		<a id="29" s="H" t="H" l="H"/>
		<a id="30" s="H" t="H" l="H"/>
		<a id="31" s="H" t="H" l="H"/>
		<a id="32" s="H" t="H" l="H"/>
		<a id="33" s="H" t="H" l="H"/>
		<a id="34" s="H" t="H" l="H"/>
		<a id="35" s="H" t="H" l="H"/>
		<a id="36" s="H" t="H" l="H"/>
		<a id="37" s="H" t="H" l="H"/>
		<a id="38" s="H" t="H" l="H"/>
		<a id="39" s="H" t="H" l="H"/>
		<a id="40" s="H" t="H" l="H"/>
		<a id="41" s="H" t="H" l="H"/>
		<a id="42" s="H" t="H" l="H"/>
		<a id="43" s="H" t="H" l="H"/>
		<a id="44" s="H" t="H" l="H"/>
		<a id="45" s="H" t="H" l="H"/>
		<a id="46" s="H" t="H" l="H"/>
		<a id="47" s="H" t="H" l="H"/>
		<a id="48" s="H" t="H" l="H"/>
	</atoms>
	<bonds>
		<b id="1" c="3 4" t="1"/>
		<b id="2" c="4 5" t="1"/>
		<b id="3" c="4 6" t="1"/>
		<b id="4" c="4 7" t="1"/>
		<b id="5" c="7 8" t="1"/>
		<b id="6" c="7 9" t="1"/>
		<b id="7" c="7 10" t="1"/>
		<b id="8" c="2 11" t="1"/>
		<b id="9" c="11 12" t="1"/>
		<b id="10" c="12 13" t="ar"/>
		<b id="11" c="13 14" t="ar"/>
		<b id="12" c="14 15" t="ar"/>
		<b id="13" c="15 16" t="ar"/>
		<b id="14" c="16 17" t="ar"/>
		<b id="15" c="12 17" t="ar"/>
		<b id="16" c="11 18" t="1"/>
		<b id="17" c="18 19" t="1"/>
		<b id="18" c="18 20" t="2"/>
		<b id="19" c="18 21" t="2"/>
		<b id="20" c="2 3" t="1"/>
		<b id="21" c="2 1" t="1"/>
		<b id="22" c="1 22" t="1"/>
		<b id="23" c="1 23" t="1"/>
		<b id="24" c="1 24" t="1"/>
		<b id="25" c="2 25" t="1"/>
		<b id="26" c="5 26" t="1"/>
		<b id="27" c="5 27" t="1"/>
		<b id="28" c="5 28" t="1"/>
		<b id="29" c="6 29" t="1"/>
		<b id="30" c="6 30" t="1"/>
		<b id="31" c="6 31" t="1"/>
		<b id="32" c="8 32" t="1"/>
		<b id="33" c="8 33" t="1"/>
		<b id="34" c="8 34" t="1"/>
		<b id="35" c="9 35" t="1"/>
		<b id="36" c="9 36" t="1"/>
		<b id="37" c="9 37" t="1"/>
		<b id="38" c="10 38" t="1"/>
		<b id="39" c="10 39" t="1"/>
		<b id="40" c="10 40" t="1"/>
		<b id="41" c="11 41" t="1"/>
		<b id="42" c="13 42" t="1"/>
		<b id="43" c="14 43" t="1"/>
		<b id="44" c="15 44" t="1"/>
		<b id="45" c="16 45" t="1"/>
		<b id="46" c="17 46" t="1"/>
		<b id="47" c="19 47" t="1"/>
		<b id="48" c="19 48" t="1"/>
	</bonds>
	<geometry>
		<g u="A" t="cart/3d">#48,3:2.9466,-1.5487,-1.0293;2.5968,-0.2456,-0.3248;1.2134,-0.0523,-0.2348;0.0105,-0.0040,-1.3452;0.2324,1.3529,-2.6684;-0.2374,-1.6608,-2.2670;-1.5040,0.3616,-0.2160;-1.2475,1.5832,0.6681;-2.7371,0.6380,-1.0759;-1.7999,-0.8374,0.6881;3.2939,0.9326,-1.0058;2.7831,2.2979,-0.7037;2.2244,2.6202,0.5286;1.8104,3.9141,0.7955;1.9671,4.9069,-0.1559;2.5392,4.5986,-1.3792;2.9423,3.3042,-1.6514;5.0647,0.9970,-0.4920;5.0867,1.5532,1.0728;5.6203,-0.3223,-0.4531;5.7061,1.9919,-1.2920;4.0200,-1.7059,-0.9851;2.6251,-1.5060,-2.0657;2.4364,-2.3740,-0.5405;2.9530,-0.3075,0.7149;1.1144,1.1770,-3.2771;0.3389,2.3362,-2.2207;-0.6185,1.3871,-3.3407;0.4574,-1.7753,-3.0941;-1.2369,-1.7310,-2.6838;-0.1006,-2.5104,-1.6050;-1.0243,2.4609,0.0659;-0.4054,1.3998,1.3283;-2.1235,1.8004,1.2793;-2.5863,1.5184,-1.6948;-3.6090,0.8113,-0.4457;-2.9545,-0.2044,-1.7276;-0.9312,-1.0797,1.2945;-2.0613,-1.7111,0.0965;-2.6334,-0.6157,1.3543;3.3499,0.7750,-2.0822;2.0872,1.8554,1.2766;1.3643,4.1461,1.7512;1.6449,5.9155,0.0545;2.6689,5.3682,-2.1249;3.3929,3.0688,-2.6029;4.7364,0.9036,1.7548;4.7317,2.4879,1.1827;</g>
	</geometry>
	<conformers/>
	<properties/>
</molecule>
