<?xml version="1.0" ?>
<!--MOLLI PACKAGE EXPERIMENTAL XML FORMAT-->
<molecule name="nuc2550">
	<atoms>
		<a id="1" s="C" t="C.3" l="C"/>
		<a id="2" s="C" t="C.3" l="C"/>
		<a id="3" s="N" t="N.3" l="N"/>
		<a id="4" s="C" t="C.ar" l="C"/>
		<a id="5" s="C" t="C.ar" l="C"/>
		<a id="6" s="C" t="C.ar" l="C"/>
		<a id="7" s="C" t="C.ar" l="C"/>
		<a id="8" s="C" t="C.ar" l="C"/>
		<a id="9" s="C" t="C.ar" l="C"/>
		<a id="10" s="C" t="C.ar" l="C"/>
		<a id="11" s="C" t="C.ar" l="C"/>
		<a id="12" s="C" t="C.ar" l="C"/>
		<a id="13" s="C" t="C.ar" l="C"/>
		<a id="14" s="H" t="H" l="H"/>
		<a id="15" s="H" t="H" l="H"/>
		<a id="16" s="H" t="H" l="H"/>
		<a id="17" s="H" t="H" l="H"/>
		<a id="18" s="H" t="H" l="H"/>
		<a id="19" s="H" t="H" l="H"/>
		<a id="20" s="H" t="H" l="H"/>
		<a id="21" s="H" t="H" l="H"/>
		<a id="22" s="H" t="H" l="H"/>
		<a id="23" s="H" t="H" l="H"/>
		<a id="24" s="H" t="H" l="H"/>
		<a id="25" s="H" t="H" l="H"/>
		<a id="26" s="H" t="H" l="H"/>
	</atoms>
	<bonds>
		<b id="1" c="2 4" t="1"/>
		<b id="2" c="4 5" t="ar"/>
		<b id="3" c="5 6" t="ar"/>
		<b id="4" c="6 7" t="ar"/>
		<b id="5" c="7 8" t="ar"/>
		<b id="6" c="8 9" t="ar"/>
		<b id="7" c="9 10" t="ar"/>
		<b id="8" c="10 11" t="ar"/>
		<b id="9" c="11 12" t="ar"/>
		<b id="10" c="7 12" t="ar"/>
		<b id="11" c="12 13" t="ar"/>
		<b id="12" c="4 13" t="ar"/>
		<b id="13" c="2 3" t="1"/>
		<b id="14" c="2 1" t="1"/>
		<b id="15" c="1 14" t="1"/>
		<b id="16" c="1 15" t="1"/>
		<b id="17" c="1 16" t="1"/>
		<b id="18" c="2 17" t="1"/>
		<b id="19" c="3 18" t="1"/>
		<b id="20" c="3 19" t="1"/>
		<b id="21" c="5 20" t="1"/>
		<b id="22" c="6 21" t="1"/>
		<b id="23" c="8 22" t="1"/>
		<b id="24" c="9 23" t="1"/>
		<b id="25" c="10 24" t="1"/>
		<b id="26" c="11 25" t="1"/>
		<b id="27" c="13 26" t="1"/>
	</bonds>
	<geometry>
		<g u="A" t="cart/3d">#26,3:3.0101,0.9634,-0.9038;2.3012,0.0842,0.1267;0.8739,0.3869,0.1061;2.9283,0.2411,1.4996;3.5054,-0.8723,2.1409;4.0496,-0.7643,3.3889;4.0511,0.4688,4.0725;4.6065,0.6188,5.3599;4.5944,1.8325,5.9879;4.0259,2.9509,5.3577;3.4761,2.8367,4.1121;3.4723,1.5979,3.4368;2.9153,1.4479,2.1518;4.0640,0.7028,-0.9589;2.9256,2.0134,-0.6344;2.5527,0.8190,-1.8787;2.3975,-0.9634,-0.1846;0.7171,1.3542,0.3701;0.3817,-0.1977,0.7734;3.5121,-1.8235,1.6269;4.4884,-1.6264,3.8714;5.0434,-0.2455,5.8401;5.0227,1.9415,6.9737;4.0275,3.9034,5.8677;3.0374,3.6960,3.6242;2.4746,2.3192,1.6851;</g>
	</geometry>
	<conformers/>
	<properties/>
</molecule>
