<?xml version="1.0" ?>
<!--MOLLI PACKAGE EXPERIMENTAL XML FORMAT-->
<molecule name="nuc2551">
	<atoms>
		<a id="1" s="C" t="C.3" l="C"/>
		<a id="2" s="O" t="O.3" l="O"/>
		<a id="3" s="C" t="C.3" l="C"/>
		<a id="4" s="C" t="C.3" l="C"/>
		<a id="5" s="O" t="O.3" l="O"/>
		<a id="6" s="C" t="C.ar" l="C"/>
		<a id="7" s="C" t="C.ar" l="C"/>
		<a id="8" s="C" t="C.ar" l="C"/>
		<a id="9" s="C" t="C.ar" l="C"/>
		<a id="10" s="N" t="N.pl3" l="N"/>
		<a id="11" s="C" t="C.ar" l="C"/>
		<a id="12" s="O" t="O.3" l="O"/>
		<a id="13" s="C" t="C.3" l="C"/>
		<a id="14" s="C" t="C.ar" l="C"/>
		<a id="15" s="H" t="H" l="H"/>
		<a id="16" s="H" t="H" l="H"/>
		<a id="17" s="H" t="H" l="H"/>
		<a id="18" s="H" t="H" l="H"/>
		<a id="19" s="H" t="H" l="H"/>
		<a id="20" s="H" t="H" l="H"/>
		<a id="21" s="H" t="H" l="H"/>
		<a id="22" s="H" t="H" l="H"/>
		<a id="23" s="H" t="H" l="H"/>
		<a id="24" s="H" t="H" l="H"/>
		<a id="25" s="H" t="H" l="H"/>
		<a id="26" s="H" t="H" l="H"/>
		<a id="27" s="H" t="H" l="H"/>
		<a id="28" s="H" t="H" l="H"/>
		<a id="29" s="H" t="H" l="H"/>
	</atoms>
	<bonds>
		<b id="1" c="1 2" t="1"/>
		<b id="2" c="2 3" t="1"/>
		<b id="3" c="3 4" t="1"/>
		<b id="4" c="4 5" t="1"/>
		<b id="5" c="5 6" t="1"/>
		<b id="6" c="6 7" t="ar"/>
		<b id="7" c="7 8" t="ar"/>
		<b id="8" c="8 9" t="ar"/>
		<b id="9" c="9 10" t="1"/>
		<b id="10" c="9 11" t="ar"/>
		<b id="11" c="11 12" t="1"/>
		<b id="12" c="12 13" t="1"/>
		<b id="13" c="11 14" t="ar"/>
		<b id="14" c="6 14" t="ar"/>
		<b id="15" c="1 15" t="1"/>
		<b id="16" c="1 16" t="1"/>
		<b id="17" c="1 17" t="1"/>
		<b id="18" c="3 18" t="1"/>
		<b id="19" c="3 19" t="1"/>
		<b id="20" c="4 20" t="1"/>
		<b id="21" c="4 21" t="1"/>
		<b id="22" c="7 22" t="1"/>
		<b id="23" c="8 23" t="1"/>
		<b id="24" c="10 24" t="1"/>
		<b id="25" c="10 25" t="1"/>
		<b id="26" c="13 26" t="1"/>
		<b id="27" c="13 27" t="1"/>
		<b id="28" c="13 28" t="1"/>
		<b id="29" c="14 29" t="1"/>
	</bonds>
	<geometry>
		<g u="A" t="cart/3d">#29,3:1.0264,1.4331,-0.0394;2.4202,1.4888,-0.2138;3.1303,1.6567,0.9943;4.6177,1.6815,0.6533;5.3408,1.7804,1.8533;6.6909,2.0184,1.7719;7.4383,2.0118,0.6049;8.7975,2.2819,0.6611;9.4385,2.5617,1.8585;10.8065,2.7543,1.9277;8.6712,2.5649,3.0425;9.3486,2.9228,4.1924;8.9272,2.3595,5.4162;7.3194,2.2902,2.9882;0.5996,1.2506,-1.0226;0.6332,2.3755,0.3620;0.7434,0.6204,0.6374;2.9232,0.8265,1.6913;2.8457,2.5994,1.4921;4.8185,2.5388,-0.0027;4.8696,0.7609,0.1101;6.9875,1.7959,-0.3496;9.3778,2.2702,-0.2503;11.2441,3.1440,1.1093;11.1212,3.1415,2.8004;7.8680,2.5330,5.6408;9.5340,2.8435,6.1848;9.1193,1.2779,5.4252;6.7026,2.2951,3.8745;</g>
	</geometry>
	<conformers/>
	<properties/>
</molecule>
