<?xml version="1.0" ?>
<!--MOLLI PACKAGE EXPERIMENTAL XML FORMAT-->
<molecule name="nuc2218">
	<atoms>
		<a id="1" s="N" t="N.am" l="N"/>
		<a id="2" s="C" t="C.2" l="C"/>
		<a id="3" s="O" t="O.2" l="O"/>
		<a id="4" s="C" t="C.ar" l="C"/>
		<a id="5" s="C" t="C.ar" l="C"/>
		<a id="6" s="C" t="C.ar" l="C"/>
		<a id="7" s="C" t="C.ar" l="C"/>
		<a id="8" s="O" t="O.3" l="O"/>
		<a id="9" s="C" t="C.3" l="C"/>
		<a id="10" s="C" t="C.3" l="C"/>
		<a id="11" s="N" t="N.3" l="N"/>
		<a id="12" s="C" t="C.3" l="C"/>
		<a id="13" s="C" t="C.3" l="C"/>
		<a id="14" s="F" t="F" l="F"/>
		<a id="15" s="F" t="F" l="F"/>
		<a id="16" s="C" t="C.3" l="C"/>
		<a id="17" s="C" t="C.ar" l="C"/>
		<a id="18" s="C" t="C.ar" l="C"/>
		<a id="19" s="H" t="H" l="H"/>
		<a id="20" s="H" t="H" l="H"/>
		<a id="21" s="H" t="H" l="H"/>
		<a id="22" s="H" t="H" l="H"/>
		<a id="23" s="H" t="H" l="H"/>
		<a id="24" s="H" t="H" l="H"/>
		<a id="25" s="H" t="H" l="H"/>
		<a id="26" s="H" t="H" l="H"/>
		<a id="27" s="H" t="H" l="H"/>
		<a id="28" s="H" t="H" l="H"/>
		<a id="29" s="H" t="H" l="H"/>
		<a id="30" s="H" t="H" l="H"/>
		<a id="31" s="H" t="H" l="H"/>
		<a id="32" s="H" t="H" l="H"/>
	</atoms>
	<bonds>
		<b id="1" c="1 2" t="am"/>
		<b id="2" c="2 3" t="2"/>
		<b id="3" c="2 4" t="1"/>
		<b id="4" c="4 5" t="ar"/>
		<b id="5" c="5 6" t="ar"/>
		<b id="6" c="6 7" t="ar"/>
		<b id="7" c="7 8" t="1"/>
		<b id="8" c="8 9" t="1"/>
		<b id="9" c="9 10" t="1"/>
		<b id="10" c="10 11" t="1"/>
		<b id="11" c="11 12" t="1"/>
		<b id="12" c="12 13" t="1"/>
		<b id="13" c="13 14" t="1"/>
		<b id="14" c="13 15" t="1"/>
		<b id="15" c="13 16" t="1"/>
		<b id="16" c="11 16" t="1"/>
		<b id="17" c="7 17" t="ar"/>
		<b id="18" c="17 18" t="ar"/>
		<b id="19" c="4 18" t="ar"/>
		<b id="20" c="1 19" t="1"/>
		<b id="21" c="1 20" t="1"/>
		<b id="22" c="5 21" t="1"/>
		<b id="23" c="6 22" t="1"/>
		<b id="24" c="9 23" t="1"/>
		<b id="25" c="9 24" t="1"/>
		<b id="26" c="10 25" t="1"/>
		<b id="27" c="10 26" t="1"/>
		<b id="28" c="12 27" t="1"/>
		<b id="29" c="12 28" t="1"/>
		<b id="30" c="16 29" t="1"/>
		<b id="31" c="16 30" t="1"/>
		<b id="32" c="17 31" t="1"/>
		<b id="33" c="18 32" t="1"/>
	</bonds>
	<geometry>
		<g u="A" t="cart/3d">#32,3:1.1795,-0.0613,0.5396;2.5374,-0.0084,0.5448;3.1347,0.9609,0.9649;3.2311,-1.2062,-0.0042;2.6636,-2.0548,-0.9463;3.3642,-3.1432,-1.4371;4.6539,-3.4030,-0.9841;5.4313,-4.4403,-1.3924;4.9279,-5.3399,-2.3543;6.0257,-6.3663,-2.6281;5.5575,-7.3600,-3.5625;6.4732,-8.4641,-3.8849;6.1759,-8.2477,-5.3666;7.2532,-8.0891,-6.1748;5.4197,-9.2022,-5.9552;5.4361,-6.9710,-4.9755;5.2319,-2.5462,-0.0432;4.5319,-1.4618,0.4305;0.6788,0.7090,0.9508;0.6773,-0.9066,0.3405;1.6752,-1.8603,-1.3372;2.8971,-3.7781,-2.1737;4.6709,-4.8104,-3.2815;4.0335,-5.8555,-1.9821;6.2747,-6.8731,-1.6934;6.9256,-5.8387,-2.9866;6.1534,-9.4223,-3.4762;7.5242,-8.2772,-3.6448;4.4048,-6.9045,-5.3212;5.9942,-6.0719,-5.2558;6.2351,-2.7567,0.2915;4.9752,-0.7876,1.1471;</g>
	</geometry>
	<conformers/>
	<properties/>
</molecule>
