<?xml version="1.0" ?>
<!--MOLLI PACKAGE EXPERIMENTAL XML FORMAT-->
<molecule name="nuc2553">
	<atoms>
		<a id="1" s="C" t="C.3" l="C"/>
		<a id="2" s="C" t="C.3" l="C"/>
		<a id="3" s="C" t="C.3" l="C"/>
		<a id="4" s="C" t="C.3" l="C"/>
		<a id="5" s="O" t="O.3" l="O"/>
		<a id="6" s="C" t="C.2" l="C"/>
		<a id="7" s="O" t="O.2" l="O"/>
		<a id="8" s="C" t="C.3" l="C"/>
		<a id="9" s="C" t="C.3" l="C"/>
		<a id="10" s="C" t="C.3" l="C"/>
		<a id="11" s="N" t="N.3" l="N"/>
		<a id="12" s="O" t="O.3" l="O"/>
		<a id="13" s="C" t="C.3" l="C"/>
		<a id="14" s="C" t="C.3" l="C"/>
		<a id="15" s="C" t="C.3" l="C"/>
		<a id="16" s="C" t="C.3" l="C"/>
		<a id="17" s="C" t="C.3" l="C"/>
		<a id="18" s="O" t="O.3" l="O"/>
		<a id="19" s="H" t="H" l="H"/>
		<a id="20" s="H" t="H" l="H"/>
		<a id="21" s="H" t="H" l="H"/>
		<a id="22" s="H" t="H" l="H"/>
		<a id="23" s="H" t="H" l="H"/>
		<a id="24" s="H" t="H" l="H"/>
		<a id="25" s="H" t="H" l="H"/>
		<a id="26" s="H" t="H" l="H"/>
		<a id="27" s="H" t="H" l="H"/>
		<a id="28" s="H" t="H" l="H"/>
		<a id="29" s="H" t="H" l="H"/>
		<a id="30" s="H" t="H" l="H"/>
		<a id="31" s="H" t="H" l="H"/>
		<a id="32" s="H" t="H" l="H"/>
		<a id="33" s="H" t="H" l="H"/>
		<a id="34" s="H" t="H" l="H"/>
		<a id="35" s="H" t="H" l="H"/>
		<a id="36" s="H" t="H" l="H"/>
		<a id="37" s="H" t="H" l="H"/>
		<a id="38" s="H" t="H" l="H"/>
		<a id="39" s="H" t="H" l="H"/>
		<a id="40" s="H" t="H" l="H"/>
		<a id="41" s="H" t="H" l="H"/>
		<a id="42" s="H" t="H" l="H"/>
		<a id="43" s="H" t="H" l="H"/>
	</atoms>
	<bonds>
		<b id="1" c="1 2" t="1"/>
		<b id="2" c="2 3" t="1"/>
		<b id="3" c="2 4" t="1"/>
		<b id="4" c="2 5" t="1"/>
		<b id="5" c="5 6" t="1"/>
		<b id="6" c="6 7" t="2"/>
		<b id="7" c="6 8" t="1"/>
		<b id="8" c="8 9" t="1"/>
		<b id="9" c="9 10" t="1"/>
		<b id="10" c="10 11" t="1"/>
		<b id="11" c="8 12" t="1"/>
		<b id="12" c="12 13" t="1"/>
		<b id="13" c="13 14" t="1"/>
		<b id="14" c="14 15" t="1"/>
		<b id="15" c="15 16" t="1"/>
		<b id="16" c="16 17" t="1"/>
		<b id="17" c="17 18" t="1"/>
		<b id="18" c="13 18" t="1"/>
		<b id="19" c="1 19" t="1"/>
		<b id="20" c="1 20" t="1"/>
		<b id="21" c="1 21" t="1"/>
		<b id="22" c="3 22" t="1"/>
		<b id="23" c="3 23" t="1"/>
		<b id="24" c="3 24" t="1"/>
		<b id="25" c="4 25" t="1"/>
		<b id="26" c="4 26" t="1"/>
		<b id="27" c="4 27" t="1"/>
		<b id="28" c="8 28" t="1"/>
		<b id="29" c="9 29" t="1"/>
		<b id="30" c="9 30" t="1"/>
		<b id="31" c="10 31" t="1"/>
		<b id="32" c="10 32" t="1"/>
		<b id="33" c="11 33" t="1"/>
		<b id="34" c="11 34" t="1"/>
		<b id="35" c="13 35" t="1"/>
		<b id="36" c="14 36" t="1"/>
		<b id="37" c="14 37" t="1"/>
		<b id="38" c="15 38" t="1"/>
		<b id="39" c="15 39" t="1"/>
		<b id="40" c="16 40" t="1"/>
		<b id="41" c="16 41" t="1"/>
		<b id="42" c="17 42" t="1"/>
		<b id="43" c="17 43" t="1"/>
	</bonds>
	<geometry>
		<g u="A" t="cart/3d">#43,3:2.9538,-1.2975,-0.0026;2.7537,0.1288,-0.5122;3.3906,0.3197,-1.8876;1.2674,0.4842,-0.5541;3.3148,1.0762,0.4394;4.6081,1.0726,0.7368;5.4483,0.3572,0.2595;4.8838,2.1226,1.8191;4.3676,1.5857,3.1572;4.5144,2.6128,4.2785;4.0343,2.0437,5.5267;6.2643,2.3804,1.9376;6.8149,3.1179,0.8744;8.3357,3.1029,1.0442;8.7312,3.9307,2.2632;8.1454,5.3329,2.1177;6.6347,5.2193,1.9346;6.2931,4.4208,0.8117;2.4538,-1.9963,-0.6674;2.5358,-1.4000,0.9967;4.0121,-1.5410,0.0334;2.8870,-0.3139,-2.6125;4.4437,0.0542,-1.8581;3.2983,1.3575,-2.2014;0.7458,-0.1782,-1.2382;1.1394,1.5109,-0.8864;0.8321,0.3854,0.4368;4.3451,3.0438,1.5488;4.9361,0.6943,3.4229;3.3170,1.3141,3.0393;3.9874,3.5399,3.9890;5.5735,2.8469,4.4059;3.0412,1.8442,5.4637;4.1727,2.6955,6.2907;6.5348,2.6682,-0.0905;8.7830,3.5242,0.1425;8.6530,2.0672,1.1520;9.8180,3.9749,2.3520;8.3289,3.4554,3.1592;8.5781,5.8235,1.2433;8.3580,5.9396,2.9990;6.1809,6.1929,1.7361;6.1867,4.7911,2.8415;</g>
	</geometry>
	<conformers/>
	<properties/>
</molecule>
