<?xml version="1.0" ?>
<!--MOLLI PACKAGE EXPERIMENTAL XML FORMAT-->
<molecule name="nuc2556">
	<atoms>
		<a id="1" s="C" t="C.3" l="C"/>
		<a id="2" s="C" t="C.3" l="C"/>
		<a id="3" s="C" t="C.3" l="C"/>
		<a id="4" s="C" t="C.3" l="C"/>
		<a id="5" s="C" t="C.3" l="C"/>
		<a id="6" s="C" t="C.3" l="C"/>
		<a id="7" s="O" t="O.2" l="O"/>
		<a id="8" s="C" t="C.2" l="C"/>
		<a id="9" s="C" t="C.ar" l="C"/>
		<a id="10" s="C" t="C.ar" l="C"/>
		<a id="11" s="C" t="C.ar" l="C"/>
		<a id="12" s="F" t="F" l="F"/>
		<a id="13" s="C" t="C.ar" l="C"/>
		<a id="14" s="C" t="C.ar" l="C"/>
		<a id="15" s="C" t="C.ar" l="C"/>
		<a id="16" s="N" t="N.pl3" l="N"/>
		<a id="17" s="N" t="N.2" l="N"/>
		<a id="18" s="H" t="H" l="H"/>
		<a id="19" s="H" t="H" l="H"/>
		<a id="20" s="H" t="H" l="H"/>
		<a id="21" s="H" t="H" l="H"/>
		<a id="22" s="H" t="H" l="H"/>
		<a id="23" s="H" t="H" l="H"/>
		<a id="24" s="H" t="H" l="H"/>
		<a id="25" s="H" t="H" l="H"/>
		<a id="26" s="H" t="H" l="H"/>
		<a id="27" s="H" t="H" l="H"/>
		<a id="28" s="H" t="H" l="H"/>
		<a id="29" s="H" t="H" l="H"/>
		<a id="30" s="H" t="H" l="H"/>
		<a id="31" s="H" t="H" l="H"/>
		<a id="32" s="H" t="H" l="H"/>
		<a id="33" s="H" t="H" l="H"/>
		<a id="34" s="H" t="H" l="H"/>
	</atoms>
	<bonds>
		<b id="1" c="1 2" t="1"/>
		<b id="2" c="2 3" t="1"/>
		<b id="3" c="2 4" t="1"/>
		<b id="4" c="5 6" t="1"/>
		<b id="5" c="6 7" t="1"/>
		<b id="6" c="7 8" t="1"/>
		<b id="7" c="8 9" t="1"/>
		<b id="8" c="9 10" t="ar"/>
		<b id="9" c="10 11" t="ar"/>
		<b id="10" c="11 12" t="1"/>
		<b id="11" c="11 13" t="ar"/>
		<b id="12" c="13 14" t="ar"/>
		<b id="13" c="14 15" t="ar"/>
		<b id="14" c="9 15" t="ar"/>
		<b id="15" c="15 16" t="1"/>
		<b id="16" c="8 17" t="2"/>
		<b id="17" c="5 17" t="1"/>
		<b id="18" c="5 2" t="1"/>
		<b id="19" c="1 18" t="1"/>
		<b id="20" c="1 19" t="1"/>
		<b id="21" c="1 20" t="1"/>
		<b id="22" c="3 21" t="1"/>
		<b id="23" c="3 22" t="1"/>
		<b id="24" c="3 23" t="1"/>
		<b id="25" c="4 24" t="1"/>
		<b id="26" c="4 25" t="1"/>
		<b id="27" c="4 26" t="1"/>
		<b id="28" c="5 27" t="1"/>
		<b id="29" c="6 28" t="1"/>
		<b id="30" c="6 29" t="1"/>
		<b id="31" c="10 30" t="1"/>
		<b id="32" c="13 31" t="1"/>
		<b id="33" c="14 32" t="1"/>
		<b id="34" c="16 33" t="1"/>
		<b id="35" c="16 34" t="1"/>
	</bonds>
	<geometry>
		<g u="A" t="cart/3d">#34,3:3.3407,-0.6117,-2.7919;2.6934,0.6841,-2.3000;3.0140,1.8346,-3.2559;1.1748,0.4971,-2.2390;3.1905,1.0006,-0.8690;4.7108,1.2769,-0.7261;4.7891,2.6138,-0.2524;3.5152,3.0436,-0.0746;3.3188,4.3814,0.4470;4.4357,5.1725,0.7175;4.2658,6.4322,1.2421;5.3537,7.1970,1.5016;3.0046,6.9404,1.5205;1.8991,6.1660,1.2533;2.0208,4.8805,0.7050;0.9236,4.1522,0.3900;2.5893,2.2164,-0.3688;2.9527,-0.8675,-3.7752;3.1191,-1.4320,-2.1123;4.4209,-0.5147,-2.8687;2.6048,1.6223,-4.2408;4.0864,1.9816,-3.3616;2.5734,2.7596,-2.8900;0.7841,0.2711,-3.2283;0.7020,1.4045,-1.8742;0.9156,-0.3207,-1.5705;2.8833,0.1709,-0.2201;5.2566,1.2118,-1.6691;5.1852,0.6182,0.0071;5.4238,4.7913,0.5173;2.9074,7.9290,1.9406;0.9111,6.5482,1.4637;0.0317,4.4273,0.7608;1.0953,3.1903,0.1167;</g>
	</geometry>
	<conformers/>
	<properties/>
</molecule>
