<?xml version="1.0" ?>
<!--MOLLI PACKAGE EXPERIMENTAL XML FORMAT-->
<molecule name="nuc2558">
	<atoms>
		<a id="1" s="N" t="N.pl3" l="N"/>
		<a id="2" s="C" t="C.ar" l="C"/>
		<a id="3" s="C" t="C.ar" l="C"/>
		<a id="4" s="C" t="C.ar" l="C"/>
		<a id="5" s="C" t="C.ar" l="C"/>
		<a id="6" s="C" t="C.ar" l="C"/>
		<a id="7" s="C" t="C.ar" l="C"/>
		<a id="8" s="C" t="C.ar" l="C"/>
		<a id="9" s="S" t="S.2" l="S"/>
		<a id="10" s="C" t="C.ar" l="C"/>
		<a id="11" s="N" t="N.ar" l="N"/>
		<a id="12" s="C" t="C.ar" l="C"/>
		<a id="13" s="H" t="H" l="H"/>
		<a id="14" s="H" t="H" l="H"/>
		<a id="15" s="H" t="H" l="H"/>
		<a id="16" s="H" t="H" l="H"/>
		<a id="17" s="H" t="H" l="H"/>
		<a id="18" s="H" t="H" l="H"/>
		<a id="19" s="H" t="H" l="H"/>
		<a id="20" s="H" t="H" l="H"/>
	</atoms>
	<bonds>
		<b id="1" c="1 2" t="1"/>
		<b id="2" c="2 3" t="ar"/>
		<b id="3" c="3 4" t="ar"/>
		<b id="4" c="4 5" t="ar"/>
		<b id="5" c="5 6" t="1"/>
		<b id="6" c="6 7" t="ar"/>
		<b id="7" c="7 8" t="ar"/>
		<b id="8" c="8 9" t="ar"/>
		<b id="9" c="9 10" t="ar"/>
		<b id="10" c="6 10" t="ar"/>
		<b id="11" c="5 11" t="ar"/>
		<b id="12" c="11 12" t="ar"/>
		<b id="13" c="2 12" t="ar"/>
		<b id="14" c="1 13" t="1"/>
		<b id="15" c="1 14" t="1"/>
		<b id="16" c="3 15" t="1"/>
		<b id="17" c="4 16" t="1"/>
		<b id="18" c="7 17" t="1"/>
		<b id="19" c="8 18" t="1"/>
		<b id="20" c="10 19" t="1"/>
		<b id="21" c="12 20" t="1"/>
	</bonds>
	<geometry>
		<g u="A" t="cart/3d">#20,3:2.3262,-0.1160,0.2455;0.9653,-0.0008,0.0883;0.3584,1.2226,-0.2016;-1.0166,1.2970,-0.2776;-1.7791,0.1450,-0.0654;-3.2352,0.1415,-0.1307;-4.0617,1.2470,-0.4835;-5.3809,0.9466,-0.4576;-5.6653,-0.6909,-0.0054;-3.9832,-0.9680,0.1509;-1.1966,-1.0240,0.2115;0.1107,-1.0932,0.2848;2.8937,0.6121,-0.1572;2.7126,-1.0436,0.1863;0.9686,2.1010,-0.3629;-1.4902,2.2400,-0.4991;-3.6921,2.2209,-0.7485;-6.2133,1.5848,-0.6788;-3.6177,-1.9305,0.4433;0.5194,-2.0709,0.5117;</g>
	</geometry>
	<conformers/>
	<properties/>
</molecule>
