<?xml version="1.0" ?>
<!--MOLLI PACKAGE EXPERIMENTAL XML FORMAT-->
<molecule name="nuc2219">
	<atoms>
		<a id="1" s="C" t="C.3" l="C"/>
		<a id="2" s="C" t="C.3" l="C"/>
		<a id="3" s="O" t="O.3" l="O"/>
		<a id="4" s="C" t="C.2" l="C"/>
		<a id="5" s="O" t="O.2" l="O"/>
		<a id="6" s="C" t="C.3" l="C"/>
		<a id="7" s="C" t="C.3" l="C"/>
		<a id="8" s="C" t="C.3" l="C"/>
		<a id="9" s="C" t="C.3" l="C"/>
		<a id="10" s="C" t="C.3" l="C"/>
		<a id="11" s="O" t="O.3" l="O"/>
		<a id="12" s="C" t="C.ar" l="C"/>
		<a id="13" s="C" t="C.ar" l="C"/>
		<a id="14" s="C" t="C.ar" l="C"/>
		<a id="15" s="C" t="C.ar" l="C"/>
		<a id="16" s="C" t="C.ar" l="C"/>
		<a id="17" s="N" t="N.pl3" l="N"/>
		<a id="18" s="C" t="C.ar" l="C"/>
		<a id="19" s="H" t="H" l="H"/>
		<a id="20" s="H" t="H" l="H"/>
		<a id="21" s="H" t="H" l="H"/>
		<a id="22" s="H" t="H" l="H"/>
		<a id="23" s="H" t="H" l="H"/>
		<a id="24" s="H" t="H" l="H"/>
		<a id="25" s="H" t="H" l="H"/>
		<a id="26" s="H" t="H" l="H"/>
		<a id="27" s="H" t="H" l="H"/>
		<a id="28" s="H" t="H" l="H"/>
		<a id="29" s="H" t="H" l="H"/>
		<a id="30" s="H" t="H" l="H"/>
		<a id="31" s="H" t="H" l="H"/>
		<a id="32" s="H" t="H" l="H"/>
		<a id="33" s="H" t="H" l="H"/>
		<a id="34" s="H" t="H" l="H"/>
		<a id="35" s="H" t="H" l="H"/>
		<a id="36" s="H" t="H" l="H"/>
		<a id="37" s="H" t="H" l="H"/>
		<a id="38" s="H" t="H" l="H"/>
		<a id="39" s="H" t="H" l="H"/>
	</atoms>
	<bonds>
		<b id="1" c="1 2" t="1"/>
		<b id="2" c="2 3" t="1"/>
		<b id="3" c="3 4" t="1"/>
		<b id="4" c="4 5" t="2"/>
		<b id="5" c="4 6" t="1"/>
		<b id="6" c="6 7" t="1"/>
		<b id="7" c="7 8" t="1"/>
		<b id="8" c="8 9" t="1"/>
		<b id="9" c="9 10" t="1"/>
		<b id="10" c="10 11" t="1"/>
		<b id="11" c="11 12" t="1"/>
		<b id="12" c="12 13" t="ar"/>
		<b id="13" c="13 14" t="ar"/>
		<b id="14" c="14 15" t="ar"/>
		<b id="15" c="15 16" t="ar"/>
		<b id="16" c="16 17" t="1"/>
		<b id="17" c="16 18" t="ar"/>
		<b id="18" c="12 18" t="ar"/>
		<b id="19" c="1 19" t="1"/>
		<b id="20" c="1 20" t="1"/>
		<b id="21" c="1 21" t="1"/>
		<b id="22" c="2 22" t="1"/>
		<b id="23" c="2 23" t="1"/>
		<b id="24" c="6 24" t="1"/>
		<b id="25" c="6 25" t="1"/>
		<b id="26" c="7 26" t="1"/>
		<b id="27" c="7 27" t="1"/>
		<b id="28" c="8 28" t="1"/>
		<b id="29" c="8 29" t="1"/>
		<b id="30" c="9 30" t="1"/>
		<b id="31" c="9 31" t="1"/>
		<b id="32" c="10 32" t="1"/>
		<b id="33" c="10 33" t="1"/>
		<b id="34" c="13 34" t="1"/>
		<b id="35" c="14 35" t="1"/>
		<b id="36" c="15 36" t="1"/>
		<b id="37" c="17 37" t="1"/>
		<b id="38" c="17 38" t="1"/>
		<b id="39" c="18 39" t="1"/>
	</bonds>
	<geometry>
		<g u="A" t="cart/3d">#39,3:1.7768,-0.8350,8.4343;1.8224,0.0499,7.1972;2.6719,-0.5007,6.1878;3.9879,-0.2917,6.3167;4.4857,0.3330,7.2148;4.7407,-0.9329,5.1723;6.2476,-0.9253,5.4113;7.0028,-1.5722,4.2527;8.5203,-1.4767,4.3968;9.0579,-2.2639,5.5887;10.4668,-2.2684,5.4923;11.1877,-2.8822,6.4744;10.6422,-3.5420,7.5703;11.4898,-4.1301,8.4963;12.8589,-4.0760,8.3517;13.4159,-3.4153,7.2539;14.7860,-3.2882,7.1329;12.5697,-2.8269,6.3223;1.0788,-0.4181,9.1544;2.7630,-0.8865,8.8889;1.4562,-1.8392,8.1678;2.1876,1.0477,7.4605;0.8395,0.1237,6.7281;4.4936,-0.3784,4.2635;4.3667,-1.9503,5.0438;6.4561,-1.4566,6.3403;6.5805,0.1054,5.5417;6.7140,-1.0776,3.3225;6.7128,-2.6226,4.1719;8.8210,-0.4332,4.5004;8.9960,-1.8714,3.4969;8.6734,-3.2941,5.5609;8.7475,-1.7959,6.5315;9.5760,-3.6062,7.7140;11.0636,-4.6432,9.3462;13.5071,-4.5381,9.0817;15.3404,-3.9636,7.6336;15.1306,-3.0624,6.2140;12.9728,-2.3108,5.4644;</g>
	</geometry>
	<conformers/>
	<properties/>
</molecule>
