<?xml version="1.0" ?>
<!--MOLLI PACKAGE EXPERIMENTAL XML FORMAT-->
<molecule name="nuc2568">
	<atoms>
		<a id="1" s="C" t="C.3" l="C"/>
		<a id="2" s="O" t="O.3" l="O"/>
		<a id="3" s="C" t="C.2" l="C"/>
		<a id="4" s="O" t="O.2" l="O"/>
		<a id="5" s="C" t="C.3" l="C"/>
		<a id="6" s="C" t="C.3" l="C"/>
		<a id="7" s="N" t="N.3" l="N"/>
		<a id="8" s="H" t="H" l="H"/>
		<a id="9" s="H" t="H" l="H"/>
		<a id="10" s="H" t="H" l="H"/>
		<a id="11" s="H" t="H" l="H"/>
		<a id="12" s="H" t="H" l="H"/>
		<a id="13" s="H" t="H" l="H"/>
		<a id="14" s="H" t="H" l="H"/>
		<a id="15" s="H" t="H" l="H"/>
		<a id="16" s="H" t="H" l="H"/>
	</atoms>
	<bonds>
		<b id="1" c="1 2" t="1"/>
		<b id="2" c="2 3" t="1"/>
		<b id="3" c="3 4" t="2"/>
		<b id="4" c="3 5" t="1"/>
		<b id="5" c="5 6" t="1"/>
		<b id="6" c="6 7" t="1"/>
		<b id="7" c="1 8" t="1"/>
		<b id="8" c="1 9" t="1"/>
		<b id="9" c="1 10" t="1"/>
		<b id="10" c="5 11" t="1"/>
		<b id="11" c="5 12" t="1"/>
		<b id="12" c="6 13" t="1"/>
		<b id="13" c="6 14" t="1"/>
		<b id="14" c="7 15" t="1"/>
		<b id="15" c="7 16" t="1"/>
	</bonds>
	<geometry>
		<g u="A" t="cart/3d">#16,3:1.0398,0.6129,0.3559;2.4588,0.6914,0.3177;2.9961,1.1245,-0.8314;2.3415,1.4522,-1.7846;4.5028,1.1291,-0.7527;5.1142,2.1495,-1.7126;6.5547,1.9631,-1.7683;0.7809,0.2667,1.3529;0.6785,-0.0869,-0.4001;0.6014,1.5940,0.1628;4.8590,0.1345,-1.0315;4.8053,1.3152,0.2784;4.8116,3.1635,-1.4012;4.7104,1.9745,-2.7126;6.9732,2.1818,-0.8697;6.9635,2.5828,-2.4586;</g>
	</geometry>
	<conformers/>
	<properties/>
</molecule>
