<?xml version="1.0" ?>
<!--MOLLI PACKAGE EXPERIMENTAL XML FORMAT-->
<molecule name="nuc2573">
	<atoms>
		<a id="1" s="C" t="C.3" l="C"/>
		<a id="2" s="C" t="C.ar" l="C"/>
		<a id="3" s="C" t="C.ar" l="C"/>
		<a id="4" s="C" t="C.ar" l="C"/>
		<a id="5" s="N" t="N.pl3" l="N"/>
		<a id="6" s="C" t="C.ar" l="C"/>
		<a id="7" s="C" t="C.ar" l="C"/>
		<a id="8" s="C" t="C.3" l="C"/>
		<a id="9" s="C" t="C.ar" l="C"/>
		<a id="10" s="O" t="O.3" l="O"/>
		<a id="11" s="C" t="C.3" l="C"/>
		<a id="12" s="C" t="C.3" l="C"/>
		<a id="13" s="O" t="O.3" l="O"/>
		<a id="14" s="H" t="H" l="H"/>
		<a id="15" s="H" t="H" l="H"/>
		<a id="16" s="H" t="H" l="H"/>
		<a id="17" s="H" t="H" l="H"/>
		<a id="18" s="H" t="H" l="H"/>
		<a id="19" s="H" t="H" l="H"/>
		<a id="20" s="H" t="H" l="H"/>
		<a id="21" s="H" t="H" l="H"/>
		<a id="22" s="H" t="H" l="H"/>
		<a id="23" s="H" t="H" l="H"/>
		<a id="24" s="H" t="H" l="H"/>
		<a id="25" s="H" t="H" l="H"/>
		<a id="26" s="H" t="H" l="H"/>
		<a id="27" s="H" t="H" l="H"/>
		<a id="28" s="H" t="H" l="H"/>
	</atoms>
	<bonds>
		<b id="1" c="1 2" t="1"/>
		<b id="2" c="2 3" t="ar"/>
		<b id="3" c="3 4" t="ar"/>
		<b id="4" c="4 5" t="1"/>
		<b id="5" c="4 6" t="ar"/>
		<b id="6" c="6 7" t="ar"/>
		<b id="7" c="7 8" t="1"/>
		<b id="8" c="7 9" t="ar"/>
		<b id="9" c="2 9" t="ar"/>
		<b id="10" c="9 10" t="1"/>
		<b id="11" c="10 11" t="1"/>
		<b id="12" c="11 12" t="1"/>
		<b id="13" c="12 13" t="1"/>
		<b id="14" c="1 14" t="1"/>
		<b id="15" c="1 15" t="1"/>
		<b id="16" c="1 16" t="1"/>
		<b id="17" c="3 17" t="1"/>
		<b id="18" c="5 18" t="1"/>
		<b id="19" c="5 19" t="1"/>
		<b id="20" c="6 20" t="1"/>
		<b id="21" c="8 21" t="1"/>
		<b id="22" c="8 22" t="1"/>
		<b id="23" c="8 23" t="1"/>
		<b id="24" c="11 24" t="1"/>
		<b id="25" c="11 25" t="1"/>
		<b id="26" c="12 26" t="1"/>
		<b id="27" c="12 27" t="1"/>
		<b id="28" c="13 28" t="1"/>
	</bonds>
	<geometry>
		<g u="A" t="cart/3d">#28,3:-1.2831,-2.7314,-0.2666;-0.6733,-1.3707,-0.0977;0.6959,-1.2424,0.0679;1.2999,0.0060,0.1856;2.6571,0.1134,0.4273;0.4986,1.1433,0.1147;-0.8725,1.0463,-0.0380;-1.7241,2.2767,-0.1276;-1.4607,-0.2182,-0.1304;-2.8353,-0.2896,-0.3187;-3.5894,-0.8709,0.7356;-4.7198,0.0940,1.1107;-5.5219,0.3911,-0.0009;-0.5407,-3.4337,-0.6383;-2.1111,-2.6892,-0.9709;-1.6607,-3.1104,0.6836;1.3106,-2.1312,0.0968;3.2151,-0.6848,0.1694;3.0763,1.0008,0.2007;0.9591,2.1187,0.1854;-1.1223,3.1724,0.0021;-2.4995,2.2617,0.6364;-2.2177,2.3201,-1.0975;-2.9617,-1.0681,1.6099;-4.0284,-1.8129,0.3833;-4.2895,1.0171,1.5294;-5.3693,-0.3623,1.8619;-4.9209,0.5705,-0.7361;</g>
	</geometry>
	<conformers/>
	<properties/>
</molecule>
