<?xml version="1.0" ?>
<!--MOLLI PACKAGE EXPERIMENTAL XML FORMAT-->
<molecule name="nuc2576">
	<atoms>
		<a id="1" s="C" t="C.3" l="C"/>
		<a id="2" s="C" t="C.ar" l="C"/>
		<a id="3" s="C" t="C.ar" l="C"/>
		<a id="4" s="C" t="C.ar" l="C"/>
		<a id="5" s="N" t="N.ar" l="N"/>
		<a id="6" s="C" t="C.ar" l="C"/>
		<a id="7" s="C" t="C.ar" l="C"/>
		<a id="8" s="N" t="N.ar" l="N"/>
		<a id="9" s="N" t="N.ar" l="N"/>
		<a id="10" s="C" t="C.ar" l="C"/>
		<a id="11" s="C" t="C.ar" l="C"/>
		<a id="12" s="N" t="N.pl3" l="N"/>
		<a id="13" s="N" t="N.ar" l="N"/>
		<a id="14" s="C" t="C.ar" l="C"/>
		<a id="15" s="C" t="C.ar" l="C"/>
		<a id="16" s="C" t="C.ar" l="C"/>
		<a id="17" s="C" t="C.3" l="C"/>
		<a id="18" s="H" t="H" l="H"/>
		<a id="19" s="H" t="H" l="H"/>
		<a id="20" s="H" t="H" l="H"/>
		<a id="21" s="H" t="H" l="H"/>
		<a id="22" s="H" t="H" l="H"/>
		<a id="23" s="H" t="H" l="H"/>
		<a id="24" s="H" t="H" l="H"/>
		<a id="25" s="H" t="H" l="H"/>
		<a id="26" s="H" t="H" l="H"/>
		<a id="27" s="H" t="H" l="H"/>
		<a id="28" s="H" t="H" l="H"/>
		<a id="29" s="H" t="H" l="H"/>
		<a id="30" s="H" t="H" l="H"/>
	</atoms>
	<bonds>
		<b id="1" c="1 2" t="1"/>
		<b id="2" c="2 3" t="ar"/>
		<b id="3" c="3 4" t="ar"/>
		<b id="4" c="4 5" t="ar"/>
		<b id="5" c="5 6" t="ar"/>
		<b id="6" c="6 7" t="1"/>
		<b id="7" c="7 8" t="ar"/>
		<b id="8" c="8 9" t="ar"/>
		<b id="9" c="9 10" t="ar"/>
		<b id="10" c="10 11" t="ar"/>
		<b id="11" c="7 11" t="ar"/>
		<b id="12" c="11 12" t="1"/>
		<b id="13" c="6 13" t="ar"/>
		<b id="14" c="13 14" t="ar"/>
		<b id="15" c="4 14" t="ar"/>
		<b id="16" c="14 15" t="ar"/>
		<b id="17" c="15 16" t="ar"/>
		<b id="18" c="2 16" t="ar"/>
		<b id="19" c="16 17" t="1"/>
		<b id="20" c="1 18" t="1"/>
		<b id="21" c="1 19" t="1"/>
		<b id="22" c="1 20" t="1"/>
		<b id="23" c="3 21" t="1"/>
		<b id="24" c="9 22" t="1"/>
		<b id="25" c="10 23" t="1"/>
		<b id="26" c="12 24" t="1"/>
		<b id="27" c="12 25" t="1"/>
		<b id="28" c="13 26" t="1"/>
		<b id="29" c="15 27" t="1"/>
		<b id="30" c="17 28" t="1"/>
		<b id="31" c="17 29" t="1"/>
		<b id="32" c="17 30" t="1"/>
	</bonds>
	<geometry>
		<g u="A" t="cart/3d">#30,3:2.7774,1.4920,-0.2122;1.4891,0.7303,-0.1062;0.2892,1.4141,-0.1539;-0.8975,0.6976,-0.0547;-2.1989,1.1206,-0.0788;-2.9245,0.0344,0.0530;-4.3548,0.0129,0.0474;-5.0796,-1.1046,0.1173;-6.3400,-0.7166,0.0262;-6.4730,0.6312,-0.0986;-5.1951,1.1538,-0.0867;-4.7560,2.4523,-0.0910;-2.1668,-1.0998,0.1639;-0.8569,-0.7081,0.0973;0.3422,-1.3961,0.1436;1.5179,-0.6726,0.0393;2.8325,-1.3931,0.0806;2.5833,2.5571,-0.3075;3.3492,1.1663,-1.0810;3.3957,1.3313,0.6705;0.2652,2.4870,-0.2662;-7.0778,-1.4010,0.0622;-7.4314,1.0984,-0.1876;-5.3123,3.1144,-0.6078;-3.7537,2.5104,-0.2355;-2.5391,-2.0275,0.2688;0.3620,-2.4707,0.2565;2.6794,-2.4645,0.1844;3.4359,-1.0478,0.9198;3.4003,-1.2121,-0.8316;</g>
	</geometry>
	<conformers/>
	<properties/>
</molecule>
