<?xml version="1.0" ?>
<!--MOLLI PACKAGE EXPERIMENTAL XML FORMAT-->
<molecule name="nuc2581">
	<atoms>
		<a id="1" s="C" t="C.3" l="C"/>
		<a id="2" s="C" t="C.3" l="C"/>
		<a id="3" s="O" t="O.3" l="O"/>
		<a id="4" s="C" t="C.ar" l="C"/>
		<a id="5" s="C" t="C.ar" l="C"/>
		<a id="6" s="C" t="C.ar" l="C"/>
		<a id="7" s="C" t="C.3" l="C"/>
		<a id="8" s="N" t="N.3" l="N"/>
		<a id="9" s="C" t="C.3" l="C"/>
		<a id="10" s="C" t="C.3" l="C"/>
		<a id="11" s="C" t="C.3" l="C"/>
		<a id="12" s="C" t="C.3" l="C"/>
		<a id="13" s="C" t="C.3" l="C"/>
		<a id="14" s="N" t="N.3" l="N"/>
		<a id="15" s="C" t="C.3" l="C"/>
		<a id="16" s="C" t="C.3" l="C"/>
		<a id="17" s="C" t="C.ar" l="C"/>
		<a id="18" s="C" t="C.ar" l="C"/>
		<a id="19" s="O" t="O.3" l="O"/>
		<a id="20" s="C" t="C.3" l="C"/>
		<a id="21" s="C" t="C.3" l="C"/>
		<a id="22" s="C" t="C.ar" l="C"/>
		<a id="23" s="C" t="C.ar" l="C"/>
		<a id="24" s="C" t="C.ar" l="C"/>
		<a id="25" s="C" t="C.ar" l="C"/>
		<a id="26" s="C" t="C.ar" l="C"/>
		<a id="27" s="F" t="F" l="F"/>
		<a id="28" s="C" t="C.ar" l="C"/>
		<a id="29" s="C" t="C.ar" l="C"/>
		<a id="30" s="H" t="H" l="H"/>
		<a id="31" s="H" t="H" l="H"/>
		<a id="32" s="H" t="H" l="H"/>
		<a id="33" s="H" t="H" l="H"/>
		<a id="34" s="H" t="H" l="H"/>
		<a id="35" s="H" t="H" l="H"/>
		<a id="36" s="H" t="H" l="H"/>
		<a id="37" s="H" t="H" l="H"/>
		<a id="38" s="H" t="H" l="H"/>
		<a id="39" s="H" t="H" l="H"/>
		<a id="40" s="H" t="H" l="H"/>
		<a id="41" s="H" t="H" l="H"/>
		<a id="42" s="H" t="H" l="H"/>
		<a id="43" s="H" t="H" l="H"/>
		<a id="44" s="H" t="H" l="H"/>
		<a id="45" s="H" t="H" l="H"/>
		<a id="46" s="H" t="H" l="H"/>
		<a id="47" s="H" t="H" l="H"/>
		<a id="48" s="H" t="H" l="H"/>
		<a id="49" s="H" t="H" l="H"/>
		<a id="50" s="H" t="H" l="H"/>
		<a id="51" s="H" t="H" l="H"/>
		<a id="52" s="H" t="H" l="H"/>
		<a id="53" s="H" t="H" l="H"/>
		<a id="54" s="H" t="H" l="H"/>
		<a id="55" s="H" t="H" l="H"/>
		<a id="56" s="H" t="H" l="H"/>
		<a id="57" s="H" t="H" l="H"/>
		<a id="58" s="H" t="H" l="H"/>
		<a id="59" s="H" t="H" l="H"/>
		<a id="60" s="H" t="H" l="H"/>
		<a id="61" s="H" t="H" l="H"/>
		<a id="62" s="H" t="H" l="H"/>
	</atoms>
	<bonds>
		<b id="1" c="1 2" t="1"/>
		<b id="2" c="2 3" t="1"/>
		<b id="3" c="3 4" t="1"/>
		<b id="4" c="4 5" t="ar"/>
		<b id="5" c="5 6" t="ar"/>
		<b id="6" c="6 7" t="1"/>
		<b id="7" c="7 8" t="1"/>
		<b id="8" c="8 9" t="1"/>
		<b id="9" c="9 10" t="1"/>
		<b id="10" c="10 11" t="1"/>
		<b id="11" c="11 12" t="1"/>
		<b id="12" c="11 13" t="1"/>
		<b id="13" c="13 14" t="1"/>
		<b id="14" c="11 15" t="1"/>
		<b id="15" c="15 16" t="1"/>
		<b id="16" c="8 16" t="1"/>
		<b id="17" c="6 17" t="ar"/>
		<b id="18" c="17 18" t="ar"/>
		<b id="19" c="18 19" t="1"/>
		<b id="20" c="19 20" t="1"/>
		<b id="21" c="20 21" t="1"/>
		<b id="22" c="18 22" t="ar"/>
		<b id="23" c="4 22" t="ar"/>
		<b id="24" c="22 23" t="1"/>
		<b id="25" c="23 24" t="ar"/>
		<b id="26" c="24 25" t="ar"/>
		<b id="27" c="25 26" t="ar"/>
		<b id="28" c="26 27" t="1"/>
		<b id="29" c="26 28" t="ar"/>
		<b id="30" c="28 29" t="ar"/>
		<b id="31" c="23 29" t="ar"/>
		<b id="32" c="1 30" t="1"/>
		<b id="33" c="1 31" t="1"/>
		<b id="34" c="1 32" t="1"/>
		<b id="35" c="2 33" t="1"/>
		<b id="36" c="2 34" t="1"/>
		<b id="37" c="5 35" t="1"/>
		<b id="38" c="7 36" t="1"/>
		<b id="39" c="7 37" t="1"/>
		<b id="40" c="9 38" t="1"/>
		<b id="41" c="9 39" t="1"/>
		<b id="42" c="10 40" t="1"/>
		<b id="43" c="10 41" t="1"/>
		<b id="44" c="12 42" t="1"/>
		<b id="45" c="12 43" t="1"/>
		<b id="46" c="12 44" t="1"/>
		<b id="47" c="13 45" t="1"/>
		<b id="48" c="13 46" t="1"/>
		<b id="49" c="14 47" t="1"/>
		<b id="50" c="14 48" t="1"/>
		<b id="51" c="15 49" t="1"/>
		<b id="52" c="15 50" t="1"/>
		<b id="53" c="16 51" t="1"/>
		<b id="54" c="16 52" t="1"/>
		<b id="55" c="17 53" t="1"/>
		<b id="56" c="20 54" t="1"/>
		<b id="57" c="20 55" t="1"/>
		<b id="58" c="21 56" t="1"/>
		<b id="59" c="21 57" t="1"/>
		<b id="60" c="21 58" t="1"/>
		<b id="61" c="24 59" t="1"/>
		<b id="62" c="25 60" t="1"/>
		<b id="63" c="28 61" t="1"/>
		<b id="64" c="29 62" t="1"/>
	</bonds>
	<geometry>
		<g u="A" t="cart/3d">#62,3:1.2550,0.4296,1.6673;2.5698,0.3871,0.9040;3.2846,1.5591,1.2324;4.5013,1.7813,0.6636;5.1233,0.9028,-0.2171;6.3542,1.2204,-0.7678;7.0265,0.2921,-1.7435;7.1751,0.9508,-3.0325;5.9183,1.2240,-3.6975;5.2386,-0.0185,-4.2960;6.1603,-0.9067,-5.1523;5.5199,-2.3000,-5.2567;6.3005,-0.3979,-6.6030;6.9207,0.9117,-6.7355;7.5320,-1.0525,-4.4738;8.0753,0.2801,-3.9481;6.9724,2.4187,-0.4452;6.3635,3.3065,0.4318;6.9077,4.4901,0.8223;8.2068,4.8300,0.3833;8.5796,6.1457,1.0493;5.1177,2.9940,0.9955;4.4623,3.9341,1.9248;4.2518,5.2592,1.5548;3.6379,6.1466,2.4184;3.2341,5.6936,3.6602;2.6306,6.5570,4.5117;3.4289,4.3842,4.0574;4.0453,3.5093,3.1827;0.6670,-0.4563,1.4457;0.6929,1.3148,1.3837;1.4491,0.4738,2.7351;2.3799,0.3477,-0.1779;3.1457,-0.5040,1.1919;4.6557,-0.0322,-0.4830;6.4626,-0.6528,-1.7960;8.0336,0.0606,-1.3822;6.1332,1.9547,-4.4794;5.2414,1.6915,-2.9770;4.3771,0.2966,-4.8891;4.8555,-0.6244,-3.4711;4.5374,-2.2387,-5.7210;5.4021,-2.7446,-4.2707;6.1418,-2.9626,-5.8548;5.3006,-0.4355,-7.0705;6.9364,-1.1089,-7.1393;6.2572,1.6413,-6.4995;7.2031,1.0606,-7.6979;8.2456,-1.4751,-5.1822;7.4405,-1.7516,-3.6387;8.2368,0.9518,-4.7938;9.0294,0.1148,-3.4401;7.9209,2.6410,-0.9041;8.2232,4.9383,-0.7102;8.9203,4.0446,0.6681;7.8684,6.9175,0.7688;9.5767,6.4484,0.7426;8.5548,6.0326,2.1295;4.5674,5.5943,0.5794;3.4680,7.1756,2.1417;3.1027,4.0663,5.0355;4.2113,2.4857,3.4795;</g>
	</geometry>
	<conformers/>
	<properties/>
</molecule>
