<?xml version="1.0" ?>
<!--MOLLI PACKAGE EXPERIMENTAL XML FORMAT-->
<molecule name="nuc2185">
	<atoms>
		<a id="1" s="C" t="C.3" l="C"/>
		<a id="2" s="C" t="C.ar" l="C"/>
		<a id="3" s="C" t="C.ar" l="C"/>
		<a id="4" s="C" t="C.ar" l="C"/>
		<a id="5" s="N" t="N.pl3" l="N"/>
		<a id="6" s="C" t="C.ar" l="C"/>
		<a id="7" s="C" t="C.ar" l="C"/>
		<a id="8" s="C" t="C.ar" l="C"/>
		<a id="9" s="N" t="N.pl3" l="N"/>
		<a id="10" s="C" t="C.3" l="C"/>
		<a id="11" s="C" t="C.3" l="C"/>
		<a id="12" s="C" t="C.3" l="C"/>
		<a id="13" s="N" t="N.3" l="N"/>
		<a id="14" s="C" t="C.3" l="C"/>
		<a id="15" s="C" t="C.3" l="C"/>
		<a id="16" s="N" t="N.3" l="N"/>
		<a id="17" s="C" t="C.3" l="C"/>
		<a id="18" s="C" t="C.3" l="C"/>
		<a id="19" s="C" t="C.3" l="C"/>
		<a id="20" s="C" t="C.3" l="C"/>
		<a id="21" s="C" t="C.3" l="C"/>
		<a id="22" s="H" t="H" l="H"/>
		<a id="23" s="H" t="H" l="H"/>
		<a id="24" s="H" t="H" l="H"/>
		<a id="25" s="H" t="H" l="H"/>
		<a id="26" s="H" t="H" l="H"/>
		<a id="27" s="H" t="H" l="H"/>
		<a id="28" s="H" t="H" l="H"/>
		<a id="29" s="H" t="H" l="H"/>
		<a id="30" s="H" t="H" l="H"/>
		<a id="31" s="H" t="H" l="H"/>
		<a id="32" s="H" t="H" l="H"/>
		<a id="33" s="H" t="H" l="H"/>
		<a id="34" s="H" t="H" l="H"/>
		<a id="35" s="H" t="H" l="H"/>
		<a id="36" s="H" t="H" l="H"/>
		<a id="37" s="H" t="H" l="H"/>
		<a id="38" s="H" t="H" l="H"/>
		<a id="39" s="H" t="H" l="H"/>
		<a id="40" s="H" t="H" l="H"/>
		<a id="41" s="H" t="H" l="H"/>
		<a id="42" s="H" t="H" l="H"/>
		<a id="43" s="H" t="H" l="H"/>
		<a id="44" s="H" t="H" l="H"/>
		<a id="45" s="H" t="H" l="H"/>
		<a id="46" s="H" t="H" l="H"/>
		<a id="47" s="H" t="H" l="H"/>
		<a id="48" s="H" t="H" l="H"/>
		<a id="49" s="H" t="H" l="H"/>
	</atoms>
	<bonds>
		<b id="1" c="1 2" t="1"/>
		<b id="2" c="2 3" t="ar"/>
		<b id="3" c="3 4" t="ar"/>
		<b id="4" c="4 5" t="1"/>
		<b id="5" c="4 6" t="ar"/>
		<b id="6" c="6 7" t="ar"/>
		<b id="7" c="7 8" t="ar"/>
		<b id="8" c="2 8" t="ar"/>
		<b id="9" c="8 9" t="1"/>
		<b id="10" c="9 10" t="1"/>
		<b id="11" c="10 11" t="1"/>
		<b id="12" c="11 12" t="1"/>
		<b id="13" c="12 13" t="1"/>
		<b id="14" c="13 14" t="1"/>
		<b id="15" c="14 15" t="1"/>
		<b id="16" c="15 16" t="1"/>
		<b id="17" c="16 17" t="1"/>
		<b id="18" c="16 18" t="1"/>
		<b id="19" c="18 19" t="1"/>
		<b id="20" c="13 19" t="1"/>
		<b id="21" c="12 20" t="1"/>
		<b id="22" c="20 21" t="1"/>
		<b id="23" c="9 21" t="1"/>
		<b id="24" c="1 22" t="1"/>
		<b id="25" c="1 23" t="1"/>
		<b id="26" c="1 24" t="1"/>
		<b id="27" c="3 25" t="1"/>
		<b id="28" c="5 26" t="1"/>
		<b id="29" c="5 27" t="1"/>
		<b id="30" c="6 28" t="1"/>
		<b id="31" c="7 29" t="1"/>
		<b id="32" c="10 30" t="1"/>
		<b id="33" c="10 31" t="1"/>
		<b id="34" c="11 32" t="1"/>
		<b id="35" c="11 33" t="1"/>
		<b id="36" c="12 34" t="1"/>
		<b id="37" c="14 35" t="1"/>
		<b id="38" c="14 36" t="1"/>
		<b id="39" c="15 37" t="1"/>
		<b id="40" c="15 38" t="1"/>
		<b id="41" c="17 39" t="1"/>
		<b id="42" c="17 40" t="1"/>
		<b id="43" c="17 41" t="1"/>
		<b id="44" c="18 42" t="1"/>
		<b id="45" c="18 43" t="1"/>
		<b id="46" c="19 44" t="1"/>
		<b id="47" c="19 45" t="1"/>
		<b id="48" c="20 46" t="1"/>
		<b id="49" c="20 47" t="1"/>
		<b id="50" c="21 48" t="1"/>
		<b id="51" c="21 49" t="1"/>
	</bonds>
	<geometry>
		<g u="A" t="cart/3d">#49,3:0.5034,1.2157,-2.6582;0.4306,0.5766,-1.3031;-0.3854,-0.5247,-1.1118;-0.5270,-1.1276,0.1355;-1.4170,-2.1764,0.3189;0.1803,-0.5956,1.2093;1.0091,0.4930,1.0269;1.1574,1.0923,-0.2209;1.9675,2.2318,-0.4270;2.1613,3.1135,0.7029;2.6555,4.4647,0.1869;3.9879,4.3320,-0.5589;5.1024,3.8865,0.2812;5.1872,4.4093,1.6326;5.6368,5.8725,1.6953;6.9502,5.9928,1.0902;7.4719,7.3366,1.1892;6.9048,5.5287,-0.2837;6.4051,4.0788,-0.3343;3.7513,3.3064,-1.6804;3.2321,1.9952,-1.0991;-0.4599,1.1470,-3.1596;1.2426,0.7180,-3.2869;0.7840,2.2607,-2.5591;-0.9450,-0.9190,-1.9496;-1.6449,-2.7011,-0.5110;-1.2445,-2.7527,1.1277;0.0799,-1.0420,2.1888;1.5554,0.8768,1.8752;2.8942,2.7085,1.4196;1.2023,3.2434,1.2113;2.7233,5.1808,1.0060;1.9202,4.8483,-0.5238;4.2092,5.3104,-1.0240;5.9383,3.8045,2.1514;4.2400,4.2871,2.1540;5.7065,6.1888,2.7393;4.8945,6.5186,1.1887;7.5290,7.6188,2.2398;6.8493,8.0776,0.6604;8.4751,7.3613,0.7652;7.9152,5.5741,-0.6982;6.2549,6.1739,-0.9055;7.1140,3.4516,0.2143;6.3836,3.7433,-1.3709;4.6647,3.1148,-2.2421;3.0100,3.7131,-2.3706;3.9848,1.6013,-0.3960;3.0846,1.2620,-1.8923;</g>
	</geometry>
	<conformers/>
	<properties/>
</molecule>
