<?xml version="1.0" ?>
<!--MOLLI PACKAGE EXPERIMENTAL XML FORMAT-->
<molecule name="nuc2583">
	<atoms>
		<a id="1" s="C" t="C.3" l="C"/>
		<a id="2" s="C" t="C.3" l="C"/>
		<a id="3" s="O" t="O.3" l="O"/>
		<a id="4" s="C" t="C.ar" l="C"/>
		<a id="5" s="C" t="C.ar" l="C"/>
		<a id="6" s="C" t="C.ar" l="C"/>
		<a id="7" s="C" t="C.3" l="C"/>
		<a id="8" s="N" t="N.3" l="N"/>
		<a id="9" s="C" t="C.3" l="C"/>
		<a id="10" s="C" t="C.3" l="C"/>
		<a id="11" s="C" t="C.3" l="C"/>
		<a id="12" s="F" t="F" l="F"/>
		<a id="13" s="C" t="C.3" l="C"/>
		<a id="14" s="N" t="N.3" l="N"/>
		<a id="15" s="C" t="C.3" l="C"/>
		<a id="16" s="C" t="C.3" l="C"/>
		<a id="17" s="C" t="C.ar" l="C"/>
		<a id="18" s="C" t="C.ar" l="C"/>
		<a id="19" s="O" t="O.3" l="O"/>
		<a id="20" s="C" t="C.3" l="C"/>
		<a id="21" s="C" t="C.3" l="C"/>
		<a id="22" s="C" t="C.ar" l="C"/>
		<a id="23" s="C" t="C.ar" l="C"/>
		<a id="24" s="C" t="C.ar" l="C"/>
		<a id="25" s="C" t="C.ar" l="C"/>
		<a id="26" s="C" t="C.ar" l="C"/>
		<a id="27" s="F" t="F" l="F"/>
		<a id="28" s="C" t="C.ar" l="C"/>
		<a id="29" s="C" t="C.ar" l="C"/>
		<a id="30" s="H" t="H" l="H"/>
		<a id="31" s="H" t="H" l="H"/>
		<a id="32" s="H" t="H" l="H"/>
		<a id="33" s="H" t="H" l="H"/>
		<a id="34" s="H" t="H" l="H"/>
		<a id="35" s="H" t="H" l="H"/>
		<a id="36" s="H" t="H" l="H"/>
		<a id="37" s="H" t="H" l="H"/>
		<a id="38" s="H" t="H" l="H"/>
		<a id="39" s="H" t="H" l="H"/>
		<a id="40" s="H" t="H" l="H"/>
		<a id="41" s="H" t="H" l="H"/>
		<a id="42" s="H" t="H" l="H"/>
		<a id="43" s="H" t="H" l="H"/>
		<a id="44" s="H" t="H" l="H"/>
		<a id="45" s="H" t="H" l="H"/>
		<a id="46" s="H" t="H" l="H"/>
		<a id="47" s="H" t="H" l="H"/>
		<a id="48" s="H" t="H" l="H"/>
		<a id="49" s="H" t="H" l="H"/>
		<a id="50" s="H" t="H" l="H"/>
		<a id="51" s="H" t="H" l="H"/>
		<a id="52" s="H" t="H" l="H"/>
		<a id="53" s="H" t="H" l="H"/>
		<a id="54" s="H" t="H" l="H"/>
		<a id="55" s="H" t="H" l="H"/>
		<a id="56" s="H" t="H" l="H"/>
		<a id="57" s="H" t="H" l="H"/>
		<a id="58" s="H" t="H" l="H"/>
		<a id="59" s="H" t="H" l="H"/>
	</atoms>
	<bonds>
		<b id="1" c="1 2" t="1"/>
		<b id="2" c="2 3" t="1"/>
		<b id="3" c="3 4" t="1"/>
		<b id="4" c="4 5" t="ar"/>
		<b id="5" c="5 6" t="ar"/>
		<b id="6" c="6 7" t="1"/>
		<b id="7" c="7 8" t="1"/>
		<b id="8" c="8 9" t="1"/>
		<b id="9" c="9 10" t="1"/>
		<b id="10" c="10 11" t="1"/>
		<b id="11" c="11 12" t="1"/>
		<b id="12" c="11 13" t="1"/>
		<b id="13" c="13 14" t="1"/>
		<b id="14" c="11 15" t="1"/>
		<b id="15" c="15 16" t="1"/>
		<b id="16" c="8 16" t="1"/>
		<b id="17" c="6 17" t="ar"/>
		<b id="18" c="17 18" t="ar"/>
		<b id="19" c="18 19" t="1"/>
		<b id="20" c="19 20" t="1"/>
		<b id="21" c="20 21" t="1"/>
		<b id="22" c="18 22" t="ar"/>
		<b id="23" c="4 22" t="ar"/>
		<b id="24" c="22 23" t="1"/>
		<b id="25" c="23 24" t="ar"/>
		<b id="26" c="24 25" t="ar"/>
		<b id="27" c="25 26" t="ar"/>
		<b id="28" c="26 27" t="1"/>
		<b id="29" c="26 28" t="ar"/>
		<b id="30" c="28 29" t="ar"/>
		<b id="31" c="23 29" t="ar"/>
		<b id="32" c="1 30" t="1"/>
		<b id="33" c="1 31" t="1"/>
		<b id="34" c="1 32" t="1"/>
		<b id="35" c="2 33" t="1"/>
		<b id="36" c="2 34" t="1"/>
		<b id="37" c="5 35" t="1"/>
		<b id="38" c="7 36" t="1"/>
		<b id="39" c="7 37" t="1"/>
		<b id="40" c="9 38" t="1"/>
		<b id="41" c="9 39" t="1"/>
		<b id="42" c="10 40" t="1"/>
		<b id="43" c="10 41" t="1"/>
		<b id="44" c="13 42" t="1"/>
		<b id="45" c="13 43" t="1"/>
		<b id="46" c="14 44" t="1"/>
		<b id="47" c="14 45" t="1"/>
		<b id="48" c="15 46" t="1"/>
		<b id="49" c="15 47" t="1"/>
		<b id="50" c="16 48" t="1"/>
		<b id="51" c="16 49" t="1"/>
		<b id="52" c="17 50" t="1"/>
		<b id="53" c="20 51" t="1"/>
		<b id="54" c="20 52" t="1"/>
		<b id="55" c="21 53" t="1"/>
		<b id="56" c="21 54" t="1"/>
		<b id="57" c="21 55" t="1"/>
		<b id="58" c="24 56" t="1"/>
		<b id="59" c="25 57" t="1"/>
		<b id="60" c="28 58" t="1"/>
		<b id="61" c="29 59" t="1"/>
	</bonds>
	<geometry>
		<g u="A" t="cart/3d">#59,3:1.0916,0.7438,-0.9330;2.4846,0.3369,-0.4786;3.1538,-0.2018,-1.6003;4.3982,-0.7274,-1.4451;5.1140,-0.6998,-0.2527;6.3685,-1.2822,-0.1789;7.1502,-1.2631,1.1069;7.4327,-2.6222,1.5495;6.2452,-3.4006,1.8423;5.5378,-2.9944,3.1420;6.5021,-3.0183,4.3251;5.8815,-2.3297,5.3853;6.7697,-4.4355,4.8442;5.5146,-5.1301,5.0748;7.7891,-2.2607,3.9990;8.3712,-2.7002,2.6467;6.9135,-1.9086,-1.2895;6.2089,-1.9478,-2.4858;6.6715,-2.5231,-3.6270;7.9490,-3.1266,-3.6276;8.1916,-3.6712,-5.0271;4.9446,-1.3476,-2.5756;4.1974,-1.3644,-3.8480;3.9402,-2.5638,-4.5048;3.2431,-2.5813,-5.6983;2.8045,-1.3832,-6.2298;2.1213,-1.3925,-7.3988;3.0440,-0.1755,-5.6015;3.7423,-0.1747,-4.4089;0.5349,1.1584,-0.0975;0.5636,-0.1223,-1.3221;1.1612,1.4870,-1.7222;2.4176,-0.4147,0.3203;3.0287,1.2115,-0.0943;4.7035,-0.2233,0.6235;6.6066,-0.6672,1.8561;8.1157,-0.7773,0.9307;6.5485,-4.4490,1.9087;5.5545,-3.3004,1.0032;4.7129,-3.6776,3.3421;5.1369,-1.9832,3.0492;7.3945,-4.3455,5.7495;7.3342,-4.9936,4.0943;4.9578,-4.6067,5.7435;5.6883,-6.0485,5.4667;8.5246,-2.4164,4.7901;7.5527,-1.1949,3.9685;8.7059,-3.7402,2.7150;9.2417,-2.0835,2.4096;7.8834,-2.3661,-1.1910;7.9849,-3.9409,-2.8903;8.7187,-2.3860,-3.3698;7.4323,-4.4074,-5.2756;9.1721,-4.1357,-5.0807;8.1366,-2.8632,-5.7515;4.2844,-3.4905,-4.0733;3.0357,-3.5050,-6.2158;2.6886,0.7407,-6.0467;3.9436,0.7592,-3.9081;</g>
	</geometry>
	<conformers/>
	<properties/>
</molecule>
