<?xml version="1.0" ?>
<!--MOLLI PACKAGE EXPERIMENTAL XML FORMAT-->
<molecule name="nuc2585">
	<atoms>
		<a id="1" s="C" t="C.1" l="C"/>
		<a id="2" s="C" t="C.1" l="C"/>
		<a id="3" s="C" t="C.3" l="C"/>
		<a id="4" s="C" t="C.ar" l="C"/>
		<a id="5" s="C" t="C.ar" l="C"/>
		<a id="6" s="C" t="C.ar" l="C"/>
		<a id="7" s="C" t="C.ar" l="C"/>
		<a id="8" s="N" t="N.pl3" l="N"/>
		<a id="9" s="C" t="C.ar" l="C"/>
		<a id="10" s="C" t="C.ar" l="C"/>
		<a id="11" s="C" t="C.3" l="C"/>
		<a id="12" s="C" t="C.3" l="C"/>
		<a id="13" s="C" t="C.3" l="C"/>
		<a id="14" s="C" t="C.3" l="C"/>
		<a id="15" s="H" t="H" l="H"/>
		<a id="16" s="H" t="H" l="H"/>
		<a id="17" s="H" t="H" l="H"/>
		<a id="18" s="H" t="H" l="H"/>
		<a id="19" s="H" t="H" l="H"/>
		<a id="20" s="H" t="H" l="H"/>
		<a id="21" s="H" t="H" l="H"/>
		<a id="22" s="H" t="H" l="H"/>
		<a id="23" s="H" t="H" l="H"/>
		<a id="24" s="H" t="H" l="H"/>
		<a id="25" s="H" t="H" l="H"/>
		<a id="26" s="H" t="H" l="H"/>
		<a id="27" s="H" t="H" l="H"/>
		<a id="28" s="H" t="H" l="H"/>
		<a id="29" s="H" t="H" l="H"/>
	</atoms>
	<bonds>
		<b id="1" c="1 2" t="3"/>
		<b id="2" c="2 3" t="1"/>
		<b id="3" c="3 4" t="1"/>
		<b id="4" c="4 5" t="ar"/>
		<b id="5" c="5 6" t="ar"/>
		<b id="6" c="6 7" t="ar"/>
		<b id="7" c="7 8" t="1"/>
		<b id="8" c="7 9" t="ar"/>
		<b id="9" c="9 10" t="ar"/>
		<b id="10" c="4 10" t="ar"/>
		<b id="11" c="3 11" t="1"/>
		<b id="12" c="11 12" t="1"/>
		<b id="13" c="12 13" t="1"/>
		<b id="14" c="13 14" t="1"/>
		<b id="15" c="3 14" t="1"/>
		<b id="16" c="1 15" t="1"/>
		<b id="17" c="5 16" t="1"/>
		<b id="18" c="6 17" t="1"/>
		<b id="19" c="8 18" t="1"/>
		<b id="20" c="8 19" t="1"/>
		<b id="21" c="9 20" t="1"/>
		<b id="22" c="10 21" t="1"/>
		<b id="23" c="11 22" t="1"/>
		<b id="24" c="11 23" t="1"/>
		<b id="25" c="12 24" t="1"/>
		<b id="26" c="12 25" t="1"/>
		<b id="27" c="13 26" t="1"/>
		<b id="28" c="13 27" t="1"/>
		<b id="29" c="14 28" t="1"/>
		<b id="30" c="14 29" t="1"/>
	</bonds>
	<geometry>
		<g u="A" t="cart/3d">#29,3:1.4498,-0.5145,0.4108;2.6041,-0.2935,0.1836;4.0197,-0.0285,-0.0188;4.3482,0.1470,-1.4880;5.6269,0.5452,-1.8651;5.9656,0.6983,-3.1929;5.0283,0.4553,-4.1968;5.3397,0.6807,-5.5250;3.7491,0.0502,-3.8216;3.4187,-0.0998,-2.4891;4.8316,-1.1987,0.5974;5.1442,-0.7418,2.0175;5.4662,0.7376,1.8328;4.4151,1.2172,0.8289;0.4343,-0.7060,0.5921;6.3773,0.7374,-1.1114;6.9649,1.0101,-3.4649;6.3201,0.6768,-5.7564;4.7527,0.2175,-6.2003;3.0101,-0.1453,-4.5863;2.4206,-0.4152,-2.2231;5.7567,-1.3373,0.0356;4.2694,-2.1316,0.5667;5.9647,-1.3015,2.4655;4.2594,-0.8541,2.6466;6.4695,0.8448,1.4153;5.4265,1.2969,2.7670;4.7852,2.0230,0.1961;3.5343,1.5862,1.3567;</g>
	</geometry>
	<conformers/>
	<properties/>
</molecule>
