<?xml version="1.0" ?>
<!--MOLLI PACKAGE EXPERIMENTAL XML FORMAT-->
<molecule name="nuc2588">
	<atoms>
		<a id="1" s="C" t="C.3" l="C"/>
		<a id="2" s="O" t="O.3" l="O"/>
		<a id="3" s="C" t="C.3" l="C"/>
		<a id="4" s="C" t="C.ar" l="C"/>
		<a id="5" s="C" t="C.ar" l="C"/>
		<a id="6" s="C" t="C.ar" l="C"/>
		<a id="7" s="C" t="C.ar" l="C"/>
		<a id="8" s="C" t="C.ar" l="C"/>
		<a id="9" s="N" t="N.pl3" l="N"/>
		<a id="10" s="N" t="N.ar" l="N"/>
		<a id="11" s="C" t="C.3" l="C"/>
		<a id="12" s="C" t="C.3" l="C"/>
		<a id="13" s="C" t="C.3" l="C"/>
		<a id="14" s="C" t="C.3" l="C"/>
		<a id="15" s="C" t="C.3" l="C"/>
		<a id="16" s="C" t="C.3" l="C"/>
		<a id="17" s="C" t="C.3" l="C"/>
		<a id="18" s="C" t="C.3" l="C"/>
		<a id="19" s="C" t="C.3" l="C"/>
		<a id="20" s="H" t="H" l="H"/>
		<a id="21" s="H" t="H" l="H"/>
		<a id="22" s="H" t="H" l="H"/>
		<a id="23" s="H" t="H" l="H"/>
		<a id="24" s="H" t="H" l="H"/>
		<a id="25" s="H" t="H" l="H"/>
		<a id="26" s="H" t="H" l="H"/>
		<a id="27" s="H" t="H" l="H"/>
		<a id="28" s="H" t="H" l="H"/>
		<a id="29" s="H" t="H" l="H"/>
		<a id="30" s="H" t="H" l="H"/>
		<a id="31" s="H" t="H" l="H"/>
		<a id="32" s="H" t="H" l="H"/>
		<a id="33" s="H" t="H" l="H"/>
		<a id="34" s="H" t="H" l="H"/>
		<a id="35" s="H" t="H" l="H"/>
		<a id="36" s="H" t="H" l="H"/>
		<a id="37" s="H" t="H" l="H"/>
		<a id="38" s="H" t="H" l="H"/>
		<a id="39" s="H" t="H" l="H"/>
		<a id="40" s="H" t="H" l="H"/>
		<a id="41" s="H" t="H" l="H"/>
		<a id="42" s="H" t="H" l="H"/>
		<a id="43" s="H" t="H" l="H"/>
		<a id="44" s="H" t="H" l="H"/>
		<a id="45" s="H" t="H" l="H"/>
	</atoms>
	<bonds>
		<b id="1" c="1 2" t="1"/>
		<b id="2" c="2 3" t="1"/>
		<b id="3" c="3 4" t="1"/>
		<b id="4" c="4 5" t="ar"/>
		<b id="5" c="5 6" t="ar"/>
		<b id="6" c="6 7" t="ar"/>
		<b id="7" c="7 8" t="ar"/>
		<b id="8" c="8 9" t="1"/>
		<b id="9" c="8 10" t="ar"/>
		<b id="10" c="4 10" t="ar"/>
		<b id="11" c="3 11" t="1"/>
		<b id="12" c="11 12" t="1"/>
		<b id="13" c="12 13" t="1"/>
		<b id="14" c="12 14" t="1"/>
		<b id="15" c="14 15" t="1"/>
		<b id="16" c="15 16" t="1"/>
		<b id="17" c="3 16" t="1"/>
		<b id="18" c="17 18" t="1"/>
		<b id="19" c="17 19" t="1"/>
		<b id="20" c="16 17" t="1"/>
		<b id="21" c="1 20" t="1"/>
		<b id="22" c="1 21" t="1"/>
		<b id="23" c="1 22" t="1"/>
		<b id="24" c="5 23" t="1"/>
		<b id="25" c="6 24" t="1"/>
		<b id="26" c="7 25" t="1"/>
		<b id="27" c="9 26" t="1"/>
		<b id="28" c="9 27" t="1"/>
		<b id="29" c="11 28" t="1"/>
		<b id="30" c="11 29" t="1"/>
		<b id="31" c="12 30" t="1"/>
		<b id="32" c="13 31" t="1"/>
		<b id="33" c="13 32" t="1"/>
		<b id="34" c="13 33" t="1"/>
		<b id="35" c="14 34" t="1"/>
		<b id="36" c="14 35" t="1"/>
		<b id="37" c="15 36" t="1"/>
		<b id="38" c="15 37" t="1"/>
		<b id="39" c="16 38" t="1"/>
		<b id="40" c="17 39" t="1"/>
		<b id="41" c="18 40" t="1"/>
		<b id="42" c="18 41" t="1"/>
		<b id="43" c="18 42" t="1"/>
		<b id="44" c="19 43" t="1"/>
		<b id="45" c="19 44" t="1"/>
		<b id="46" c="19 45" t="1"/>
	</bonds>
	<geometry>
		<g u="A" t="cart/3d">#45,3:1.0539,-0.1045,0.5133;2.3500,-0.0691,-0.0236;2.8018,1.1143,-0.6961;4.3035,0.9247,-0.8580;4.9691,-0.1294,-0.2477;6.3426,-0.2394,-0.4187;7.0137,0.6984,-1.1728;6.2633,1.7351,-1.7391;6.8622,2.7513,-2.4379;4.9474,1.8297,-1.5876;2.5605,2.3319,0.2222;2.8813,3.6735,-0.4211;2.6391,4.8119,0.5658;2.0077,3.8098,-1.6614;2.3189,2.6910,-2.6472;2.0953,1.2858,-2.0737;2.5350,0.2152,-3.1008;1.8973,0.4475,-4.4741;2.1924,-1.2061,-2.6550;0.8224,-1.1619,0.6483;0.3026,0.3329,-0.1503;1.0006,0.3914,1.4903;4.4229,-0.8457,0.3394;6.8811,-1.0579,0.0368;8.0807,0.6491,-1.3275;7.7647,2.5731,-2.8437;6.2398,3.3359,-2.9706;3.1564,2.1864,1.1272;1.5069,2.3442,0.5100;3.9300,3.6799,-0.7284;1.5997,4.8244,0.8896;2.8639,5.7701,0.1029;3.2705,4.6987,1.4441;2.1847,4.7738,-2.1438;0.9534,3.7720,-1.3717;3.3614,2.7722,-2.9530;1.6826,2.8198,-3.5233;1.0197,1.1613,-1.8985;3.6217,0.2868,-3.2132;0.8170,0.5461,-4.3839;2.1054,-0.4029,-5.1205;2.2916,1.3347,-4.9609;1.1174,-1.3134,-2.5221;2.6838,-1.4523,-1.7208;2.5153,-1.9186,-3.4122;</g>
	</geometry>
	<conformers/>
	<properties/>
</molecule>
