<?xml version="1.0" ?>
<!--MOLLI PACKAGE EXPERIMENTAL XML FORMAT-->
<molecule name="nuc2590">
	<atoms>
		<a id="1" s="C" t="C.2" l="C"/>
		<a id="2" s="C" t="C.2" l="C"/>
		<a id="3" s="C" t="C.2" l="C"/>
		<a id="4" s="N" t="N.am" l="N"/>
		<a id="5" s="O" t="O.2" l="O"/>
		<a id="6" s="H" t="H" l="H"/>
		<a id="7" s="H" t="H" l="H"/>
		<a id="8" s="H" t="H" l="H"/>
		<a id="9" s="H" t="H" l="H"/>
		<a id="10" s="H" t="H" l="H"/>
	</atoms>
	<bonds>
		<b id="1" c="1 2" t="2"/>
		<b id="2" c="2 3" t="1"/>
		<b id="3" c="3 4" t="am"/>
		<b id="4" c="3 5" t="2"/>
		<b id="5" c="1 6" t="1"/>
		<b id="6" c="1 7" t="1"/>
		<b id="7" c="2 8" t="1"/>
		<b id="8" c="4 9" t="1"/>
		<b id="9" c="4 10" t="1"/>
	</bonds>
	<geometry>
		<g u="A" t="cart/3d">#10,3:2.8264,-0.2553,1.1657;2.3088,-0.0316,-0.0322;3.1837,0.1895,-1.2123;2.5092,0.4059,-2.3715;4.3956,0.1820,-1.1680;2.2229,-0.4200,2.0419;3.8976,-0.2778,1.2863;1.2411,-0.0007,-0.2011;1.5068,0.4145,-2.4212;3.0365,0.5636,-3.2136;</g>
	</geometry>
	<conformers/>
	<properties/>
</molecule>
