<?xml version="1.0" ?>
<!--MOLLI PACKAGE EXPERIMENTAL XML FORMAT-->
<molecule name="nuc2222">
	<atoms>
		<a id="1" s="C" t="C.3" l="C"/>
		<a id="2" s="C" t="C.3" l="C"/>
		<a id="3" s="O" t="O.3" l="O"/>
		<a id="4" s="C" t="C.2" l="C"/>
		<a id="5" s="O" t="O.2" l="O"/>
		<a id="6" s="C" t="C.3" l="C"/>
		<a id="7" s="C" t="C.3" l="C"/>
		<a id="8" s="C" t="C.3" l="C"/>
		<a id="9" s="C" t="C.3" l="C"/>
		<a id="10" s="C" t="C.3" l="C"/>
		<a id="11" s="C" t="C.3" l="C"/>
		<a id="12" s="O" t="O.3" l="O"/>
		<a id="13" s="C" t="C.ar" l="C"/>
		<a id="14" s="C" t="C.ar" l="C"/>
		<a id="15" s="C" t="C.ar" l="C"/>
		<a id="16" s="C" t="C.ar" l="C"/>
		<a id="17" s="N" t="N.pl3" l="N"/>
		<a id="18" s="C" t="C.ar" l="C"/>
		<a id="19" s="C" t="C.ar" l="C"/>
		<a id="20" s="H" t="H" l="H"/>
		<a id="21" s="H" t="H" l="H"/>
		<a id="22" s="H" t="H" l="H"/>
		<a id="23" s="H" t="H" l="H"/>
		<a id="24" s="H" t="H" l="H"/>
		<a id="25" s="H" t="H" l="H"/>
		<a id="26" s="H" t="H" l="H"/>
		<a id="27" s="H" t="H" l="H"/>
		<a id="28" s="H" t="H" l="H"/>
		<a id="29" s="H" t="H" l="H"/>
		<a id="30" s="H" t="H" l="H"/>
		<a id="31" s="H" t="H" l="H"/>
		<a id="32" s="H" t="H" l="H"/>
		<a id="33" s="H" t="H" l="H"/>
		<a id="34" s="H" t="H" l="H"/>
		<a id="35" s="H" t="H" l="H"/>
		<a id="36" s="H" t="H" l="H"/>
		<a id="37" s="H" t="H" l="H"/>
		<a id="38" s="H" t="H" l="H"/>
		<a id="39" s="H" t="H" l="H"/>
		<a id="40" s="H" t="H" l="H"/>
		<a id="41" s="H" t="H" l="H"/>
		<a id="42" s="H" t="H" l="H"/>
	</atoms>
	<bonds>
		<b id="1" c="1 2" t="1"/>
		<b id="2" c="2 3" t="1"/>
		<b id="3" c="3 4" t="1"/>
		<b id="4" c="4 5" t="2"/>
		<b id="5" c="4 6" t="1"/>
		<b id="6" c="6 7" t="1"/>
		<b id="7" c="7 8" t="1"/>
		<b id="8" c="8 9" t="1"/>
		<b id="9" c="9 10" t="1"/>
		<b id="10" c="10 11" t="1"/>
		<b id="11" c="11 12" t="1"/>
		<b id="12" c="12 13" t="1"/>
		<b id="13" c="13 14" t="ar"/>
		<b id="14" c="14 15" t="ar"/>
		<b id="15" c="15 16" t="ar"/>
		<b id="16" c="16 17" t="1"/>
		<b id="17" c="16 18" t="ar"/>
		<b id="18" c="18 19" t="ar"/>
		<b id="19" c="13 19" t="ar"/>
		<b id="20" c="1 20" t="1"/>
		<b id="21" c="1 21" t="1"/>
		<b id="22" c="1 22" t="1"/>
		<b id="23" c="2 23" t="1"/>
		<b id="24" c="2 24" t="1"/>
		<b id="25" c="6 25" t="1"/>
		<b id="26" c="6 26" t="1"/>
		<b id="27" c="7 27" t="1"/>
		<b id="28" c="7 28" t="1"/>
		<b id="29" c="8 29" t="1"/>
		<b id="30" c="8 30" t="1"/>
		<b id="31" c="9 31" t="1"/>
		<b id="32" c="9 32" t="1"/>
		<b id="33" c="10 33" t="1"/>
		<b id="34" c="10 34" t="1"/>
		<b id="35" c="11 35" t="1"/>
		<b id="36" c="11 36" t="1"/>
		<b id="37" c="14 37" t="1"/>
		<b id="38" c="15 38" t="1"/>
		<b id="39" c="17 39" t="1"/>
		<b id="40" c="17 40" t="1"/>
		<b id="41" c="18 41" t="1"/>
		<b id="42" c="19 42" t="1"/>
	</bonds>
	<geometry>
		<g u="A" t="cart/3d">#42,3:2.2460,-2.1722,-0.7333;2.4105,-0.7061,-0.3599;3.0030,0.0409,-1.4241;4.3383,0.0100,-1.5239;5.0563,-0.5753,-0.7581;4.7966,0.8071,-2.7236;6.3047,1.0358,-2.7147;6.7754,1.7582,-3.9741;8.2862,1.9846,-3.9614;8.8224,2.5672,-5.2675;8.3619,4.0002,-5.5189;9.0063,4.4518,-6.6897;8.7253,5.7108,-7.1462;7.8841,6.6217,-6.5206;7.6786,7.8740,-7.0738;8.3003,8.2486,-8.2600;8.0295,9.4744,-8.8507;9.1462,7.3289,-8.8818;9.3537,6.0825,-8.3347;1.7266,-2.6957,0.0641;3.2217,-2.6297,-0.8778;1.6721,-2.2639,-1.6523;3.0392,-0.6109,0.5315;1.4421,-0.2325,-0.1861;4.2505,1.7516,-2.7393;4.5042,0.2478,-3.6162;6.8069,0.0707,-2.6299;6.5734,1.6200,-1.8327;6.2573,2.7160,-4.0504;6.5098,1.1646,-4.8517;8.7799,1.0271,-3.7833;8.5465,2.6477,-3.1336;8.5095,1.9475,-6.1093;9.9136,2.5686,-5.2458;8.6346,4.6352,-4.6630;7.2724,4.0391,-5.6525;7.3826,6.3752,-5.5978;7.0213,8.5724,-6.5753;7.6875,10.1896,-8.2282;8.7247,9.8026,-9.5024;9.6395,7.6011,-9.8039;10.0078,5.3709,-8.8132;</g>
	</geometry>
	<conformers/>
	<properties/>
</molecule>
