<?xml version="1.0" ?>
<!--MOLLI PACKAGE EXPERIMENTAL XML FORMAT-->
<molecule name="nuc2592">
	<atoms>
		<a id="1" s="N" t="N.3" l="N"/>
		<a id="2" s="C" t="C.3" l="C"/>
		<a id="3" s="C" t="C.3" l="C"/>
		<a id="4" s="C" t="C.3" l="C"/>
		<a id="5" s="C" t="C.3" l="C"/>
		<a id="6" s="C" t="C.3" l="C"/>
		<a id="7" s="C" t="C.2" l="C"/>
		<a id="8" s="O" t="O.2" l="O"/>
		<a id="9" s="O" t="O.3" l="O"/>
		<a id="10" s="H" t="H" l="H"/>
		<a id="11" s="H" t="H" l="H"/>
		<a id="12" s="H" t="H" l="H"/>
		<a id="13" s="H" t="H" l="H"/>
		<a id="14" s="H" t="H" l="H"/>
		<a id="15" s="H" t="H" l="H"/>
		<a id="16" s="H" t="H" l="H"/>
		<a id="17" s="H" t="H" l="H"/>
		<a id="18" s="H" t="H" l="H"/>
		<a id="19" s="H" t="H" l="H"/>
		<a id="20" s="H" t="H" l="H"/>
		<a id="21" s="H" t="H" l="H"/>
		<a id="22" s="H" t="H" l="H"/>
	</atoms>
	<bonds>
		<b id="1" c="1 2" t="1"/>
		<b id="2" c="2 3" t="1"/>
		<b id="3" c="3 4" t="1"/>
		<b id="4" c="4 5" t="1"/>
		<b id="5" c="5 6" t="1"/>
		<b id="6" c="6 7" t="1"/>
		<b id="7" c="7 8" t="2"/>
		<b id="8" c="7 9" t="1"/>
		<b id="9" c="1 10" t="1"/>
		<b id="10" c="1 11" t="1"/>
		<b id="11" c="2 12" t="1"/>
		<b id="12" c="2 13" t="1"/>
		<b id="13" c="3 14" t="1"/>
		<b id="14" c="3 15" t="1"/>
		<b id="15" c="4 16" t="1"/>
		<b id="16" c="4 17" t="1"/>
		<b id="17" c="5 18" t="1"/>
		<b id="18" c="5 19" t="1"/>
		<b id="19" c="6 20" t="1"/>
		<b id="20" c="6 21" t="1"/>
		<b id="21" c="9 22" t="1"/>
	</bonds>
	<geometry>
		<g u="A" t="cart/3d">#22,3:0.9588,-0.0274,0.1182;2.4115,-0.1116,0.1413;2.8910,-1.0324,-0.9790;4.4119,-1.0259,-1.1100;4.9314,-2.0275,-2.1401;4.5325,-1.6704,-3.5698;5.1591,-2.6127,-4.5795;5.8979,-3.5120,-4.3109;4.8180,-2.3620,-5.8615;0.6290,0.6050,0.8393;0.5543,-0.9403,0.3024;2.8132,-0.4700,1.1050;2.7994,0.8975,-0.0259;2.4217,-0.6969,-1.9042;2.5476,-2.0499,-0.7777;4.8483,-1.2710,-0.1394;4.7481,-0.0211,-1.3761;4.5582,-3.0258,-1.9069;6.0206,-2.0692,-2.0881;4.8569,-0.6513,-3.8042;3.4464,-1.7156,-3.6873;4.2162,-1.6113,-5.9472;</g>
	</geometry>
	<conformers/>
	<properties/>
</molecule>
