<?xml version="1.0" ?>
<!--MOLLI PACKAGE EXPERIMENTAL XML FORMAT-->
<molecule name="nuc2597">
	<atoms>
		<a id="1" s="N" t="N.3" l="N"/>
		<a id="2" s="C" t="C.3" l="C"/>
		<a id="3" s="C" t="C.3" l="C"/>
		<a id="4" s="C" t="C.ar" l="C"/>
		<a id="5" s="C" t="C.ar" l="C"/>
		<a id="6" s="C" t="C.ar" l="C"/>
		<a id="7" s="C" t="C.ar" l="C"/>
		<a id="8" s="C" t="C.ar" l="C"/>
		<a id="9" s="C" t="C.ar" l="C"/>
		<a id="10" s="C" t="C.3" l="C"/>
		<a id="11" s="H" t="H" l="H"/>
		<a id="12" s="H" t="H" l="H"/>
		<a id="13" s="H" t="H" l="H"/>
		<a id="14" s="H" t="H" l="H"/>
		<a id="15" s="H" t="H" l="H"/>
		<a id="16" s="H" t="H" l="H"/>
		<a id="17" s="H" t="H" l="H"/>
		<a id="18" s="H" t="H" l="H"/>
		<a id="19" s="H" t="H" l="H"/>
		<a id="20" s="H" t="H" l="H"/>
		<a id="21" s="H" t="H" l="H"/>
	</atoms>
	<bonds>
		<b id="1" c="1 2" t="1"/>
		<b id="2" c="2 3" t="1"/>
		<b id="3" c="3 4" t="1"/>
		<b id="4" c="4 5" t="ar"/>
		<b id="5" c="5 6" t="ar"/>
		<b id="6" c="6 7" t="ar"/>
		<b id="7" c="7 8" t="ar"/>
		<b id="8" c="8 9" t="ar"/>
		<b id="9" c="4 9" t="ar"/>
		<b id="10" c="9 10" t="1"/>
		<b id="11" c="2 10" t="1"/>
		<b id="12" c="1 11" t="1"/>
		<b id="13" c="1 12" t="1"/>
		<b id="14" c="2 13" t="1"/>
		<b id="15" c="3 14" t="1"/>
		<b id="16" c="3 15" t="1"/>
		<b id="17" c="5 16" t="1"/>
		<b id="18" c="6 17" t="1"/>
		<b id="19" c="7 18" t="1"/>
		<b id="20" c="8 19" t="1"/>
		<b id="21" c="10 20" t="1"/>
		<b id="22" c="10 21" t="1"/>
	</bonds>
	<geometry>
		<g u="A" t="cart/3d">#21,3:1.1365,0.0352,0.5987;2.5198,0.0565,0.1573;3.3938,1.1170,0.8756;4.0006,0.3587,2.0182;4.6193,0.8482,3.1509;5.1175,-0.0521,4.0821;4.9946,-1.4163,3.8787;4.3708,-1.9082,2.7407;3.8752,-1.0136,1.8137;3.1716,-1.2923,0.5198;0.6780,0.9151,0.3890;1.0992,-0.1052,1.6035;2.5039,0.2203,-0.9243;2.8036,1.9754,1.2045;4.1794,1.4859,0.2107;4.7146,1.9126,3.3117;5.6037,0.3152,4.9741;5.3857,-2.1040,4.6140;4.2729,-2.9728,2.5853;2.4159,-2.0726,0.6054;3.8918,-1.5946,-0.2436;</g>
	</geometry>
	<conformers/>
	<properties/>
</molecule>
