<?xml version="1.0" ?>
<!--MOLLI PACKAGE EXPERIMENTAL XML FORMAT-->
<molecule name="nuc2598">
	<atoms>
		<a id="1" s="N" t="N.pl3" l="N"/>
		<a id="2" s="C" t="C.ar" l="C"/>
		<a id="3" s="C" t="C.ar" l="C"/>
		<a id="4" s="C" t="C.ar" l="C"/>
		<a id="5" s="C" t="C.ar" l="C"/>
		<a id="6" s="C" t="C.ar" l="C"/>
		<a id="7" s="C" t="C.ar" l="C"/>
		<a id="8" s="C" t="C.2" l="C"/>
		<a id="9" s="N" t="N.2" l="N"/>
		<a id="10" s="C" t="C.3" l="C"/>
		<a id="11" s="C" t="C.3" l="C"/>
		<a id="12" s="C" t="C.ar" l="C"/>
		<a id="13" s="C" t="C.ar" l="C"/>
		<a id="14" s="C" t="C.ar" l="C"/>
		<a id="15" s="C" t="C.ar" l="C"/>
		<a id="16" s="C" t="C.ar" l="C"/>
		<a id="17" s="C" t="C.ar" l="C"/>
		<a id="18" s="C" t="C.3" l="C"/>
		<a id="19" s="O" t="O.2" l="O"/>
		<a id="20" s="H" t="H" l="H"/>
		<a id="21" s="H" t="H" l="H"/>
		<a id="22" s="H" t="H" l="H"/>
		<a id="23" s="H" t="H" l="H"/>
		<a id="24" s="H" t="H" l="H"/>
		<a id="25" s="H" t="H" l="H"/>
		<a id="26" s="H" t="H" l="H"/>
		<a id="27" s="H" t="H" l="H"/>
		<a id="28" s="H" t="H" l="H"/>
		<a id="29" s="H" t="H" l="H"/>
		<a id="30" s="H" t="H" l="H"/>
		<a id="31" s="H" t="H" l="H"/>
		<a id="32" s="H" t="H" l="H"/>
		<a id="33" s="H" t="H" l="H"/>
		<a id="34" s="H" t="H" l="H"/>
		<a id="35" s="H" t="H" l="H"/>
	</atoms>
	<bonds>
		<b id="1" c="1 2" t="1"/>
		<b id="2" c="2 3" t="ar"/>
		<b id="3" c="3 4" t="ar"/>
		<b id="4" c="4 5" t="ar"/>
		<b id="5" c="5 6" t="ar"/>
		<b id="6" c="6 7" t="ar"/>
		<b id="7" c="2 7" t="ar"/>
		<b id="8" c="7 8" t="1"/>
		<b id="9" c="8 9" t="2"/>
		<b id="10" c="9 10" t="1"/>
		<b id="11" c="10 11" t="1"/>
		<b id="12" c="11 12" t="1"/>
		<b id="13" c="12 13" t="ar"/>
		<b id="14" c="13 14" t="ar"/>
		<b id="15" c="14 15" t="ar"/>
		<b id="16" c="15 16" t="ar"/>
		<b id="17" c="16 17" t="ar"/>
		<b id="18" c="12 17" t="ar"/>
		<b id="19" c="10 18" t="1"/>
		<b id="20" c="18 19" t="1"/>
		<b id="21" c="8 19" t="1"/>
		<b id="22" c="1 20" t="1"/>
		<b id="23" c="1 21" t="1"/>
		<b id="24" c="3 22" t="1"/>
		<b id="25" c="4 23" t="1"/>
		<b id="26" c="5 24" t="1"/>
		<b id="27" c="6 25" t="1"/>
		<b id="28" c="10 26" t="1"/>
		<b id="29" c="11 27" t="1"/>
		<b id="30" c="11 28" t="1"/>
		<b id="31" c="13 29" t="1"/>
		<b id="32" c="14 30" t="1"/>
		<b id="33" c="15 31" t="1"/>
		<b id="34" c="16 32" t="1"/>
		<b id="35" c="17 33" t="1"/>
		<b id="36" c="18 34" t="1"/>
		<b id="37" c="18 35" t="1"/>
	</bonds>
	<geometry>
		<g u="A" t="cart/3d">#35,3:-1.6991,-1.9733,-1.2482;-1.0108,-0.9635,-0.6659;-1.5144,0.3447,-0.6695;-0.8496,1.3661,-0.0309;0.3465,1.1215,0.6351;0.8670,-0.1535,0.6442;0.2118,-1.2055,0.0011;0.8085,-2.5242,0.0125;0.3375,-3.5652,-0.5591;1.2215,-4.6772,-0.2972;0.4777,-5.7801,0.4747;1.3739,-6.9532,0.7399;1.8760,-7.1985,2.0113;2.7283,-8.2645,2.2420;3.0920,-9.1002,1.2008;2.5931,-8.8681,-0.0702;1.7409,-7.8033,-0.2972;2.3767,-4.0353,0.5122;1.9865,-2.6798,0.6725;-2.4606,-1.7548,-1.8649;-1.2260,-2.8667,-1.3064;-2.4446,0.5382,-1.1851;-1.2608,2.3651,-0.0492;0.8637,1.9250,1.1360;1.7982,-0.3626,1.1478;1.5752,-5.0869,-1.2502;-0.3806,-6.0837,-0.1278;0.1056,-5.3601,1.4112;1.5900,-6.5560,2.8329;3.1075,-8.4434,3.2377;3.7571,-9.9322,1.3791;2.8680,-9.5208,-0.8860;1.3486,-7.6306,-1.2894;3.3324,-4.0674,-0.0186;2.5001,-4.4892,1.4987;</g>
	</geometry>
	<conformers/>
	<properties/>
</molecule>
