<?xml version="1.0" ?>
<!--MOLLI PACKAGE EXPERIMENTAL XML FORMAT-->
<molecule name="nuc2605">
	<atoms>
		<a id="1" s="N" t="N.pl3" l="N"/>
		<a id="2" s="C" t="C.ar" l="C"/>
		<a id="3" s="C" t="C.ar" l="C"/>
		<a id="4" s="C" t="C.ar" l="C"/>
		<a id="5" s="N" t="N.pl3" l="N"/>
		<a id="6" s="C" t="C.3" l="C"/>
		<a id="7" s="C" t="C.3" l="C"/>
		<a id="8" s="C" t="C.3" l="C"/>
		<a id="9" s="O" t="O.3" l="O"/>
		<a id="10" s="C" t="C.3" l="C"/>
		<a id="11" s="C" t="C.3" l="C"/>
		<a id="12" s="N" t="N.ar" l="N"/>
		<a id="13" s="C" t="C.ar" l="C"/>
		<a id="14" s="N" t="N.ar" l="N"/>
		<a id="15" s="H" t="H" l="H"/>
		<a id="16" s="H" t="H" l="H"/>
		<a id="17" s="H" t="H" l="H"/>
		<a id="18" s="H" t="H" l="H"/>
		<a id="19" s="H" t="H" l="H"/>
		<a id="20" s="H" t="H" l="H"/>
		<a id="21" s="H" t="H" l="H"/>
		<a id="22" s="H" t="H" l="H"/>
		<a id="23" s="H" t="H" l="H"/>
		<a id="24" s="H" t="H" l="H"/>
		<a id="25" s="H" t="H" l="H"/>
		<a id="26" s="H" t="H" l="H"/>
		<a id="27" s="H" t="H" l="H"/>
		<a id="28" s="H" t="H" l="H"/>
	</atoms>
	<bonds>
		<b id="1" c="1 2" t="1"/>
		<b id="2" c="2 3" t="ar"/>
		<b id="3" c="3 4" t="ar"/>
		<b id="4" c="4 5" t="1"/>
		<b id="5" c="5 6" t="1"/>
		<b id="6" c="6 7" t="1"/>
		<b id="7" c="7 8" t="1"/>
		<b id="8" c="8 9" t="1"/>
		<b id="9" c="8 10" t="1"/>
		<b id="10" c="10 11" t="1"/>
		<b id="11" c="5 11" t="1"/>
		<b id="12" c="4 12" t="ar"/>
		<b id="13" c="12 13" t="ar"/>
		<b id="14" c="13 14" t="ar"/>
		<b id="15" c="2 14" t="ar"/>
		<b id="16" c="1 15" t="1"/>
		<b id="17" c="1 16" t="1"/>
		<b id="18" c="3 17" t="1"/>
		<b id="19" c="6 18" t="1"/>
		<b id="20" c="6 19" t="1"/>
		<b id="21" c="7 20" t="1"/>
		<b id="22" c="7 21" t="1"/>
		<b id="23" c="8 22" t="1"/>
		<b id="24" c="9 23" t="1"/>
		<b id="25" c="10 24" t="1"/>
		<b id="26" c="10 25" t="1"/>
		<b id="27" c="11 26" t="1"/>
		<b id="28" c="11 27" t="1"/>
		<b id="29" c="13 28" t="1"/>
	</bonds>
	<geometry>
		<g u="A" t="cart/3d">#28,3:-0.1097,-1.5546,1.9819;-0.2191,-0.6244,0.9936;-0.9910,0.5243,1.1485;-1.0865,1.3825,0.0493;-1.7476,2.5707,0.0626;-1.9524,3.2905,-1.1761;-3.3664,3.0529,-1.7138;-4.4332,3.4129,-0.6694;-4.5726,4.8061,-0.5068;-4.1189,2.7060,0.6594;-2.6733,2.9715,1.0933;-0.4491,1.0771,-1.0989;0.2495,-0.0336,-1.1251;0.4122,-0.9075,-0.1551;-0.3253,-1.2905,2.9268;0.5924,-2.2612,1.8436;-1.4814,0.7095,2.0898;-1.2119,2.9371,-1.8927;-1.7843,4.3580,-0.9873;-3.4707,1.9995,-1.9763;-3.5252,3.6506,-2.6121;-5.4172,3.0863,-1.0251;-3.7175,5.1734,-0.2561;-4.2628,1.6322,0.5294;-4.8077,3.0604,1.4275;-2.4595,2.4505,2.0249;-2.5302,4.0442,1.2783;0.7544,-0.2545,-2.0580;</g>
	</geometry>
	<conformers/>
	<properties/>
</molecule>
