<?xml version="1.0" ?>
<!--MOLLI PACKAGE EXPERIMENTAL XML FORMAT-->
<molecule name="nuc2608">
	<atoms>
		<a id="1" s="C" t="C.3" l="C"/>
		<a id="2" s="C" t="C.ar" l="C"/>
		<a id="3" s="N" t="N.ar" l="N"/>
		<a id="4" s="C" t="C.ar" l="C"/>
		<a id="5" s="N" t="N.pl3" l="N"/>
		<a id="6" s="C" t="C.ar" l="C"/>
		<a id="7" s="C" t="C.ar" l="C"/>
		<a id="8" s="N" t="N.pl3" l="N"/>
		<a id="9" s="C" t="C.3" l="C"/>
		<a id="10" s="C" t="C.3" l="C"/>
		<a id="11" s="N" t="N.ar" l="N"/>
		<a id="12" s="H" t="H" l="H"/>
		<a id="13" s="H" t="H" l="H"/>
		<a id="14" s="H" t="H" l="H"/>
		<a id="15" s="H" t="H" l="H"/>
		<a id="16" s="H" t="H" l="H"/>
		<a id="17" s="H" t="H" l="H"/>
		<a id="18" s="H" t="H" l="H"/>
		<a id="19" s="H" t="H" l="H"/>
		<a id="20" s="H" t="H" l="H"/>
		<a id="21" s="H" t="H" l="H"/>
		<a id="22" s="H" t="H" l="H"/>
		<a id="23" s="H" t="H" l="H"/>
	</atoms>
	<bonds>
		<b id="1" c="1 2" t="1"/>
		<b id="2" c="2 3" t="ar"/>
		<b id="3" c="3 4" t="ar"/>
		<b id="4" c="4 5" t="1"/>
		<b id="5" c="4 6" t="ar"/>
		<b id="6" c="6 7" t="ar"/>
		<b id="7" c="7 8" t="1"/>
		<b id="8" c="8 9" t="1"/>
		<b id="9" c="8 10" t="1"/>
		<b id="10" c="7 11" t="ar"/>
		<b id="11" c="2 11" t="ar"/>
		<b id="12" c="1 12" t="1"/>
		<b id="13" c="1 13" t="1"/>
		<b id="14" c="1 14" t="1"/>
		<b id="15" c="5 15" t="1"/>
		<b id="16" c="5 16" t="1"/>
		<b id="17" c="6 17" t="1"/>
		<b id="18" c="9 18" t="1"/>
		<b id="19" c="9 19" t="1"/>
		<b id="20" c="9 20" t="1"/>
		<b id="21" c="10 21" t="1"/>
		<b id="22" c="10 22" t="1"/>
		<b id="23" c="10 23" t="1"/>
	</bonds>
	<geometry>
		<g u="A" t="cart/3d">#23,3:-2.3395,1.1175,-0.0616;-1.0804,0.3094,-0.0152;0.0582,0.9751,0.0751;1.1789,0.2443,0.1224;2.3407,0.9422,0.2902;1.1597,-1.1450,0.0653;-0.0974,-1.7515,-0.0324;-0.2625,-3.0951,-0.1243;-1.5809,-3.6729,-0.0508;0.8560,-3.9974,-0.0325;-1.2125,-1.0025,-0.0685;-2.0927,2.1724,-0.1269;-2.9230,0.9347,0.8384;-2.9389,0.8177,-0.9178;2.2745,1.9348,0.1405;3.2071,0.4976,0.0410;2.0793,-1.7025,0.1096;-2.3027,-2.8659,-0.1449;-1.7324,-4.1851,0.9048;-1.7222,-4.3895,-0.8630;1.6286,-3.7280,-0.7555;0.5114,-5.0033,-0.2632;1.2992,-4.0033,0.9700;</g>
	</geometry>
	<conformers/>
	<properties/>
</molecule>
