<?xml version="1.0" ?>
<!--MOLLI PACKAGE EXPERIMENTAL XML FORMAT-->
<molecule name="nuc2613">
	<atoms>
		<a id="1" s="C" t="C.3" l="C"/>
		<a id="2" s="C" t="C.ar" l="C"/>
		<a id="3" s="N" t="N.ar" l="N"/>
		<a id="4" s="C" t="C.ar" l="C"/>
		<a id="5" s="N" t="N.pl3" l="N"/>
		<a id="6" s="C" t="C.ar" l="C"/>
		<a id="7" s="C" t="C.ar" l="C"/>
		<a id="8" s="C" t="C.ar" l="C"/>
		<a id="9" s="C" t="C.3" l="C"/>
		<a id="10" s="N" t="N.3" l="N"/>
		<a id="11" s="C" t="C.3" l="C"/>
		<a id="12" s="C" t="C.3" l="C"/>
		<a id="13" s="N" t="N.3" l="N"/>
		<a id="14" s="C" t="C.3" l="C"/>
		<a id="15" s="C" t="C.3" l="C"/>
		<a id="16" s="C" t="C.3" l="C"/>
		<a id="17" s="H" t="H" l="H"/>
		<a id="18" s="H" t="H" l="H"/>
		<a id="19" s="H" t="H" l="H"/>
		<a id="20" s="H" t="H" l="H"/>
		<a id="21" s="H" t="H" l="H"/>
		<a id="22" s="H" t="H" l="H"/>
		<a id="23" s="H" t="H" l="H"/>
		<a id="24" s="H" t="H" l="H"/>
		<a id="25" s="H" t="H" l="H"/>
		<a id="26" s="H" t="H" l="H"/>
		<a id="27" s="H" t="H" l="H"/>
		<a id="28" s="H" t="H" l="H"/>
		<a id="29" s="H" t="H" l="H"/>
		<a id="30" s="H" t="H" l="H"/>
		<a id="31" s="H" t="H" l="H"/>
		<a id="32" s="H" t="H" l="H"/>
		<a id="33" s="H" t="H" l="H"/>
		<a id="34" s="H" t="H" l="H"/>
		<a id="35" s="H" t="H" l="H"/>
		<a id="36" s="H" t="H" l="H"/>
	</atoms>
	<bonds>
		<b id="1" c="1 2" t="1"/>
		<b id="2" c="2 3" t="ar"/>
		<b id="3" c="3 4" t="ar"/>
		<b id="4" c="4 5" t="1"/>
		<b id="5" c="4 6" t="ar"/>
		<b id="6" c="6 7" t="ar"/>
		<b id="7" c="7 8" t="ar"/>
		<b id="8" c="2 8" t="ar"/>
		<b id="9" c="8 9" t="1"/>
		<b id="10" c="9 10" t="1"/>
		<b id="11" c="10 11" t="1"/>
		<b id="12" c="11 12" t="1"/>
		<b id="13" c="12 13" t="1"/>
		<b id="14" c="13 14" t="1"/>
		<b id="15" c="13 15" t="1"/>
		<b id="16" c="15 16" t="1"/>
		<b id="17" c="10 16" t="1"/>
		<b id="18" c="1 17" t="1"/>
		<b id="19" c="1 18" t="1"/>
		<b id="20" c="1 19" t="1"/>
		<b id="21" c="5 20" t="1"/>
		<b id="22" c="5 21" t="1"/>
		<b id="23" c="6 22" t="1"/>
		<b id="24" c="7 23" t="1"/>
		<b id="25" c="9 24" t="1"/>
		<b id="26" c="9 25" t="1"/>
		<b id="27" c="11 26" t="1"/>
		<b id="28" c="11 27" t="1"/>
		<b id="29" c="12 28" t="1"/>
		<b id="30" c="12 29" t="1"/>
		<b id="31" c="14 30" t="1"/>
		<b id="32" c="14 31" t="1"/>
		<b id="33" c="14 32" t="1"/>
		<b id="34" c="15 33" t="1"/>
		<b id="35" c="15 34" t="1"/>
		<b id="36" c="16 35" t="1"/>
		<b id="37" c="16 36" t="1"/>
	</bonds>
	<geometry>
		<g u="A" t="cart/3d">#36,3:5.5861,-2.1359,-0.0171;4.5961,-1.0083,-0.0399;5.1342,0.2057,-0.0177;4.3513,1.2781,-0.0331;4.9823,2.4907,0.0642;2.9553,1.1797,-0.0857;2.4013,-0.0791,-0.1133;3.2180,-1.2099,-0.0871;2.5653,-2.5642,-0.1364;1.6936,-2.6590,-1.2982;2.4456,-2.6295,-2.5394;1.4753,-2.6073,-3.7248;0.5517,-3.7258,-3.7367;1.1386,-4.9741,-4.1753;-0.1174,-3.8042,-2.4527;0.8452,-3.8347,-1.2593;6.5889,-1.7194,0.0023;5.4788,-2.7623,-0.9013;5.4429,-2.7561,0.8661;5.9745,2.4715,-0.1030;4.4887,3.3031,-0.2638;2.3444,2.0693,-0.1036;1.3310,-0.2113,-0.1669;1.9375,-2.6884,0.7532;3.3196,-3.3685,-0.1310;3.1227,-3.5019,-2.6209;3.0581,-1.7250,-2.5527;2.0322,-2.5958,-4.6639;0.8759,-1.6942,-3.6620;1.5497,-4.8314,-5.1743;0.3513,-5.7255,-4.2312;1.9371,-5.3594,-3.5260;-0.7582,-4.6882,-2.4388;-0.7467,-2.9136,-2.3635;1.4395,-4.7681,-1.2755;0.2689,-3.8199,-0.3306;</g>
	</geometry>
	<conformers/>
	<properties/>
</molecule>
