<?xml version="1.0" ?>
<!--MOLLI PACKAGE EXPERIMENTAL XML FORMAT-->
<molecule name="nuc2618">
	<atoms>
		<a id="1" s="C" t="C.3" l="C"/>
		<a id="2" s="N" t="N.3" l="N"/>
		<a id="3" s="C" t="C.3" l="C"/>
		<a id="4" s="C" t="C.ar" l="C"/>
		<a id="5" s="C" t="C.ar" l="C"/>
		<a id="6" s="N" t="N.ar" l="N"/>
		<a id="7" s="C" t="C.ar" l="C"/>
		<a id="8" s="N" t="N.ar" l="N"/>
		<a id="9" s="C" t="C.ar" l="C"/>
		<a id="10" s="S" t="S.O2" l="S"/>
		<a id="11" s="O" t="O.2" l="O"/>
		<a id="12" s="O" t="O.2" l="O"/>
		<a id="13" s="C" t="C.ar" l="C"/>
		<a id="14" s="C" t="C.ar" l="C"/>
		<a id="15" s="C" t="C.ar" l="C"/>
		<a id="16" s="C" t="C.ar" l="C"/>
		<a id="17" s="C" t="C.ar" l="C"/>
		<a id="18" s="C" t="C.ar" l="C"/>
		<a id="19" s="N" t="N.pl3" l="N"/>
		<a id="20" s="H" t="H" l="H"/>
		<a id="21" s="H" t="H" l="H"/>
		<a id="22" s="H" t="H" l="H"/>
		<a id="23" s="H" t="H" l="H"/>
		<a id="24" s="H" t="H" l="H"/>
		<a id="25" s="H" t="H" l="H"/>
		<a id="26" s="H" t="H" l="H"/>
		<a id="27" s="H" t="H" l="H"/>
		<a id="28" s="H" t="H" l="H"/>
		<a id="29" s="H" t="H" l="H"/>
		<a id="30" s="H" t="H" l="H"/>
		<a id="31" s="H" t="H" l="H"/>
		<a id="32" s="H" t="H" l="H"/>
		<a id="33" s="H" t="H" l="H"/>
	</atoms>
	<bonds>
		<b id="1" c="1 2" t="1"/>
		<b id="2" c="2 3" t="1"/>
		<b id="3" c="3 4" t="1"/>
		<b id="4" c="4 5" t="ar"/>
		<b id="5" c="5 6" t="ar"/>
		<b id="6" c="6 7" t="ar"/>
		<b id="7" c="7 8" t="ar"/>
		<b id="8" c="8 9" t="ar"/>
		<b id="9" c="4 9" t="ar"/>
		<b id="10" c="2 10" t="1"/>
		<b id="11" c="10 11" t="2"/>
		<b id="12" c="10 12" t="2"/>
		<b id="13" c="10 13" t="1"/>
		<b id="14" c="13 14" t="ar"/>
		<b id="15" c="14 15" t="ar"/>
		<b id="16" c="15 16" t="ar"/>
		<b id="17" c="16 17" t="ar"/>
		<b id="18" c="17 18" t="ar"/>
		<b id="19" c="13 18" t="ar"/>
		<b id="20" c="18 19" t="1"/>
		<b id="21" c="1 20" t="1"/>
		<b id="22" c="1 21" t="1"/>
		<b id="23" c="1 22" t="1"/>
		<b id="24" c="3 23" t="1"/>
		<b id="25" c="3 24" t="1"/>
		<b id="26" c="5 25" t="1"/>
		<b id="27" c="7 26" t="1"/>
		<b id="28" c="9 27" t="1"/>
		<b id="29" c="14 28" t="1"/>
		<b id="30" c="15 29" t="1"/>
		<b id="31" c="16 30" t="1"/>
		<b id="32" c="17 31" t="1"/>
		<b id="33" c="19 32" t="1"/>
		<b id="34" c="19 33" t="1"/>
	</bonds>
	<geometry>
		<g u="A" t="cart/3d">#33,3:0.8279,-0.4220,-0.2262;2.2529,-0.3500,-0.0045;2.6466,-0.3204,1.3884;2.5023,1.0548,1.9670;2.1759,1.2754,3.3018;2.0707,2.4902,3.8145;2.2876,3.5027,2.9958;2.5927,3.4189,1.7128;2.6992,2.2038,1.2028;3.1043,-1.4772,-0.9365;4.4859,-1.3368,-0.5480;2.5114,-2.7797,-0.8335;2.8696,-0.8215,-2.5707;2.0635,-1.5053,-3.4609;1.8482,-0.9991,-4.7288;2.4516,0.2003,-5.0881;3.2626,0.8790,-4.2038;3.4963,0.3800,-2.9142;4.2473,1.0653,-2.0040;0.3444,0.4178,0.2720;0.4067,-1.3626,0.1468;0.6479,-0.3535,-1.2971;3.7013,-0.6138,1.4142;2.0767,-1.0472,1.9859;1.9933,0.4535,3.9837;2.2037,4.4965,3.4156;2.9434,2.1328,0.1507;1.6248,-2.4348,-3.1332;1.2222,-1.5280,-5.4292;2.2901,0.6049,-6.0761;3.7323,1.8066,-4.4963;4.8653,1.7720,-2.3697;4.6109,0.5084,-1.2419;</g>
	</geometry>
	<conformers/>
	<properties/>
</molecule>
