<?xml version="1.0" ?>
<!--MOLLI PACKAGE EXPERIMENTAL XML FORMAT-->
<molecule name="nuc2620">
	<atoms>
		<a id="1" s="C" t="C.3" l="C"/>
		<a id="2" s="C" t="C.3" l="C"/>
		<a id="3" s="C" t="C.3" l="C"/>
		<a id="4" s="C" t="C.3" l="C"/>
		<a id="5" s="O" t="O.3" l="O"/>
		<a id="6" s="C" t="C.2" l="C"/>
		<a id="7" s="O" t="O.2" l="O"/>
		<a id="8" s="N" t="N.am" l="N"/>
		<a id="9" s="C" t="C.3" l="C"/>
		<a id="10" s="C" t="C.3" l="C"/>
		<a id="11" s="C" t="C.3" l="C"/>
		<a id="12" s="F" t="F" l="F"/>
		<a id="13" s="C" t="C.3" l="C"/>
		<a id="14" s="N" t="N.3" l="N"/>
		<a id="15" s="C" t="C.3" l="C"/>
		<a id="16" s="C" t="C.3" l="C"/>
		<a id="17" s="H" t="H" l="H"/>
		<a id="18" s="H" t="H" l="H"/>
		<a id="19" s="H" t="H" l="H"/>
		<a id="20" s="H" t="H" l="H"/>
		<a id="21" s="H" t="H" l="H"/>
		<a id="22" s="H" t="H" l="H"/>
		<a id="23" s="H" t="H" l="H"/>
		<a id="24" s="H" t="H" l="H"/>
		<a id="25" s="H" t="H" l="H"/>
		<a id="26" s="H" t="H" l="H"/>
		<a id="27" s="H" t="H" l="H"/>
		<a id="28" s="H" t="H" l="H"/>
		<a id="29" s="H" t="H" l="H"/>
		<a id="30" s="H" t="H" l="H"/>
		<a id="31" s="H" t="H" l="H"/>
		<a id="32" s="H" t="H" l="H"/>
		<a id="33" s="H" t="H" l="H"/>
		<a id="34" s="H" t="H" l="H"/>
		<a id="35" s="H" t="H" l="H"/>
		<a id="36" s="H" t="H" l="H"/>
		<a id="37" s="H" t="H" l="H"/>
	</atoms>
	<bonds>
		<b id="1" c="1 2" t="1"/>
		<b id="2" c="2 3" t="1"/>
		<b id="3" c="2 4" t="1"/>
		<b id="4" c="2 5" t="1"/>
		<b id="5" c="5 6" t="1"/>
		<b id="6" c="6 7" t="2"/>
		<b id="7" c="6 8" t="am"/>
		<b id="8" c="8 9" t="1"/>
		<b id="9" c="9 10" t="1"/>
		<b id="10" c="10 11" t="1"/>
		<b id="11" c="11 12" t="1"/>
		<b id="12" c="11 13" t="1"/>
		<b id="13" c="13 14" t="1"/>
		<b id="14" c="11 15" t="1"/>
		<b id="15" c="15 16" t="1"/>
		<b id="16" c="8 16" t="1"/>
		<b id="17" c="1 17" t="1"/>
		<b id="18" c="1 18" t="1"/>
		<b id="19" c="1 19" t="1"/>
		<b id="20" c="3 20" t="1"/>
		<b id="21" c="3 21" t="1"/>
		<b id="22" c="3 22" t="1"/>
		<b id="23" c="4 23" t="1"/>
		<b id="24" c="4 24" t="1"/>
		<b id="25" c="4 25" t="1"/>
		<b id="26" c="9 26" t="1"/>
		<b id="27" c="9 27" t="1"/>
		<b id="28" c="10 28" t="1"/>
		<b id="29" c="10 29" t="1"/>
		<b id="30" c="13 30" t="1"/>
		<b id="31" c="13 31" t="1"/>
		<b id="32" c="14 32" t="1"/>
		<b id="33" c="14 33" t="1"/>
		<b id="34" c="15 34" t="1"/>
		<b id="35" c="15 35" t="1"/>
		<b id="36" c="16 36" t="1"/>
		<b id="37" c="16 37" t="1"/>
	</bonds>
	<geometry>
		<g u="A" t="cart/3d">#37,3:3.9465,-0.9738,-1.3374;2.9420,-0.8997,-0.1880;2.2897,0.4806,-0.1164;1.8759,-1.9867,-0.3378;3.5900,-1.2210,1.0658;4.6022,-0.4624,1.5203;5.0340,0.5357,0.9884;5.1287,-0.9726,2.6643;4.5898,-2.0993,3.3891;3.9710,-1.6456,4.7112;4.9716,-0.8430,5.5426;4.2517,-0.2401,6.5859;6.0341,-1.7208,6.2152;5.4028,-2.8338,6.9042;5.5798,0.2882,4.7110;6.1344,-0.2253,3.3815;3.4332,-0.8241,-2.2831;4.4306,-1.9483,-1.3475;4.7053,-0.2053,-1.2200;1.7351,0.6705,-1.0310;3.0501,1.2470,0.0031;1.6053,0.5274,0.7282;1.3226,-1.8388,-1.2602;1.1851,-1.9496,0.5006;2.3433,-2.9678,-0.3572;5.4015,-2.8080,3.5859;3.8381,-2.5894,2.7730;3.6473,-2.5133,5.2850;3.1080,-1.0072,4.5129;6.6265,-1.0703,6.8809;6.7035,-2.1285,5.4550;4.7554,-2.4763,7.6001;6.1001,-3.3891,7.3867;6.3679,0.7866,5.2774;4.7909,1.0168,4.5134;7.0019,-0.8721,3.5532;6.4375,0.6122,2.7509;</g>
	</geometry>
	<conformers/>
	<properties/>
</molecule>
