<?xml version="1.0" ?>
<!--MOLLI PACKAGE EXPERIMENTAL XML FORMAT-->
<molecule name="nuc2631">
	<atoms>
		<a id="1" s="C" t="C.3" l="C"/>
		<a id="2" s="O" t="O.3" l="O"/>
		<a id="3" s="C" t="C.ar" l="C"/>
		<a id="4" s="N" t="N.ar" l="N"/>
		<a id="5" s="C" t="C.ar" l="C"/>
		<a id="6" s="N" t="N.pl3" l="N"/>
		<a id="7" s="N" t="N.ar" l="N"/>
		<a id="8" s="C" t="C.ar" l="C"/>
		<a id="9" s="C" t="C.ar" l="C"/>
		<a id="10" s="C" t="C.ar" l="C"/>
		<a id="11" s="C" t="C.ar" l="C"/>
		<a id="12" s="N" t="N.ar" l="N"/>
		<a id="13" s="N" t="N.ar" l="N"/>
		<a id="14" s="C" t="C.3" l="C"/>
		<a id="15" s="C" t="C.ar" l="C"/>
		<a id="16" s="H" t="H" l="H"/>
		<a id="17" s="H" t="H" l="H"/>
		<a id="18" s="H" t="H" l="H"/>
		<a id="19" s="H" t="H" l="H"/>
		<a id="20" s="H" t="H" l="H"/>
		<a id="21" s="H" t="H" l="H"/>
		<a id="22" s="H" t="H" l="H"/>
		<a id="23" s="H" t="H" l="H"/>
		<a id="24" s="H" t="H" l="H"/>
		<a id="25" s="H" t="H" l="H"/>
		<a id="26" s="H" t="H" l="H"/>
	</atoms>
	<bonds>
		<b id="1" c="1 2" t="1"/>
		<b id="2" c="2 3" t="1"/>
		<b id="3" c="3 4" t="ar"/>
		<b id="4" c="4 5" t="ar"/>
		<b id="5" c="5 6" t="1"/>
		<b id="6" c="5 7" t="ar"/>
		<b id="7" c="7 8" t="ar"/>
		<b id="8" c="8 9" t="ar"/>
		<b id="9" c="3 9" t="ar"/>
		<b id="10" c="9 10" t="1"/>
		<b id="11" c="10 11" t="ar"/>
		<b id="12" c="11 12" t="ar"/>
		<b id="13" c="12 13" t="ar"/>
		<b id="14" c="13 14" t="1"/>
		<b id="15" c="13 15" t="ar"/>
		<b id="16" c="10 15" t="ar"/>
		<b id="17" c="1 16" t="1"/>
		<b id="18" c="1 17" t="1"/>
		<b id="19" c="1 18" t="1"/>
		<b id="20" c="6 19" t="1"/>
		<b id="21" c="6 20" t="1"/>
		<b id="22" c="8 21" t="1"/>
		<b id="23" c="11 22" t="1"/>
		<b id="24" c="14 23" t="1"/>
		<b id="25" c="14 24" t="1"/>
		<b id="26" c="14 25" t="1"/>
		<b id="27" c="15 26" t="1"/>
	</bonds>
	<geometry>
		<g u="A" t="cart/3d">#26,3:1.3754,-0.5462,-0.6563;2.4790,-0.0385,0.0666;3.2202,-0.9363,0.7264;2.8680,-2.2075,0.6672;3.6294,-3.0900,1.3206;3.2253,-4.3810,1.2995;4.7260,-2.7992,2.0129;5.0668,-1.5211,2.0646;4.3585,-0.5010,1.4431;4.7706,0.8869,1.5202;3.9989,2.0529,1.3330;4.7282,3.1364,1.5014;5.9570,2.7187,1.7884;7.0127,3.6611,2.0170;6.0341,1.3747,1.8157;0.8962,0.3169,-1.1137;0.6813,-1.0611,0.0114;1.7078,-1.2487,-1.4238;2.5069,-4.6411,0.6490;3.8698,-5.0737,1.6354;5.9557,-1.3050,2.6425;2.9586,2.1292,1.0955;6.5852,4.6586,1.9398;7.8018,3.5469,1.2706;7.4430,3.5260,3.0113;6.9567,0.8699,2.0201;</g>
	</geometry>
	<conformers/>
	<properties/>
</molecule>
