<?xml version="1.0" ?>
<!--MOLLI PACKAGE EXPERIMENTAL XML FORMAT-->
<molecule name="nuc2226">
	<atoms>
		<a id="1" s="N" t="N.pl3" l="N"/>
		<a id="2" s="C" t="C.ar" l="C"/>
		<a id="3" s="C" t="C.ar" l="C"/>
		<a id="4" s="C" t="C.ar" l="C"/>
		<a id="5" s="C" t="C.ar" l="C"/>
		<a id="6" s="C" t="C.ar" l="C"/>
		<a id="7" s="N" t="N.pl3" l="N"/>
		<a id="8" s="C" t="C.3" l="C"/>
		<a id="9" s="C" t="C.3" l="C"/>
		<a id="10" s="C" t="C.3" l="C"/>
		<a id="11" s="C" t="C.3" l="C"/>
		<a id="12" s="C" t="C.ar" l="C"/>
		<a id="13" s="H" t="H" l="H"/>
		<a id="14" s="H" t="H" l="H"/>
		<a id="15" s="H" t="H" l="H"/>
		<a id="16" s="H" t="H" l="H"/>
		<a id="17" s="H" t="H" l="H"/>
		<a id="18" s="H" t="H" l="H"/>
		<a id="19" s="H" t="H" l="H"/>
		<a id="20" s="H" t="H" l="H"/>
		<a id="21" s="H" t="H" l="H"/>
		<a id="22" s="H" t="H" l="H"/>
		<a id="23" s="H" t="H" l="H"/>
		<a id="24" s="H" t="H" l="H"/>
		<a id="25" s="H" t="H" l="H"/>
		<a id="26" s="H" t="H" l="H"/>
	</atoms>
	<bonds>
		<b id="1" c="1 2" t="1"/>
		<b id="2" c="2 3" t="ar"/>
		<b id="3" c="3 4" t="ar"/>
		<b id="4" c="4 5" t="ar"/>
		<b id="5" c="5 6" t="ar"/>
		<b id="6" c="6 7" t="1"/>
		<b id="7" c="7 8" t="1"/>
		<b id="8" c="8 9" t="1"/>
		<b id="9" c="9 10" t="1"/>
		<b id="10" c="10 11" t="1"/>
		<b id="11" c="7 11" t="1"/>
		<b id="12" c="6 12" t="ar"/>
		<b id="13" c="2 12" t="ar"/>
		<b id="14" c="1 13" t="1"/>
		<b id="15" c="1 14" t="1"/>
		<b id="16" c="3 15" t="1"/>
		<b id="17" c="4 16" t="1"/>
		<b id="18" c="5 17" t="1"/>
		<b id="19" c="8 18" t="1"/>
		<b id="20" c="8 19" t="1"/>
		<b id="21" c="9 20" t="1"/>
		<b id="22" c="9 21" t="1"/>
		<b id="23" c="10 22" t="1"/>
		<b id="24" c="10 23" t="1"/>
		<b id="25" c="11 24" t="1"/>
		<b id="26" c="11 25" t="1"/>
		<b id="27" c="12 26" t="1"/>
	</bonds>
	<geometry>
		<g u="A" t="cart/3d">#26,3:2.3193,-0.0356,-0.0453;0.9329,-0.0452,0.0123;0.2295,1.1415,0.2120;-1.1513,1.1195,0.1947;-1.8486,-0.0520,-0.0218;-1.1599,-1.2550,-0.2271;-1.8310,-2.4317,-0.4218;-1.1997,-3.6369,-0.9168;-2.3560,-4.4875,-1.4420;-3.5275,-4.0342,-0.5756;-3.2730,-2.5354,-0.4401;0.2369,-1.2295,-0.1961;2.7640,0.7425,0.4159;2.7687,-0.9209,0.1270;0.7661,2.0643,0.3785;-1.6994,2.0380,0.3527;-2.9261,-0.0303,-0.0362;-0.6743,-4.1557,-0.1023;-0.4732,-3.4079,-1.7036;-2.1560,-5.5541,-1.3621;-2.5527,-4.2463,-2.4875;-3.4749,-4.5116,0.4034;-4.4958,-4.2527,-1.0215;-3.7019,-2.1261,0.4790;-3.7015,-1.9920,-1.2960;0.8019,-2.1399,-0.3288;</g>
	</geometry>
	<conformers/>
	<properties/>
</molecule>
