<?xml version="1.0" ?>
<!--MOLLI PACKAGE EXPERIMENTAL XML FORMAT-->
<molecule name="nuc2638">
	<atoms>
		<a id="1" s="C" t="C.3" l="C"/>
		<a id="2" s="N" t="N.pl3" l="N"/>
		<a id="3" s="C" t="C.ar" l="C"/>
		<a id="4" s="N" t="N.ar" l="N"/>
		<a id="5" s="C" t="C.ar" l="C"/>
		<a id="6" s="N" t="N.pl3" l="N"/>
		<a id="7" s="N" t="N.ar" l="N"/>
		<a id="8" s="C" t="C.ar" l="C"/>
		<a id="9" s="C" t="C.ar" l="C"/>
		<a id="10" s="C" t="C.ar" l="C"/>
		<a id="11" s="C" t="C.ar" l="C"/>
		<a id="12" s="C" t="C.ar" l="C"/>
		<a id="13" s="C" t="C.ar" l="C"/>
		<a id="14" s="O" t="O.3" l="O"/>
		<a id="15" s="C" t="C.3" l="C"/>
		<a id="16" s="C" t="C.ar" l="C"/>
		<a id="17" s="C" t="C.ar" l="C"/>
		<a id="18" s="O" t="O.3" l="O"/>
		<a id="19" s="C" t="C.3" l="C"/>
		<a id="20" s="H" t="H" l="H"/>
		<a id="21" s="H" t="H" l="H"/>
		<a id="22" s="H" t="H" l="H"/>
		<a id="23" s="H" t="H" l="H"/>
		<a id="24" s="H" t="H" l="H"/>
		<a id="25" s="H" t="H" l="H"/>
		<a id="26" s="H" t="H" l="H"/>
		<a id="27" s="H" t="H" l="H"/>
		<a id="28" s="H" t="H" l="H"/>
		<a id="29" s="H" t="H" l="H"/>
		<a id="30" s="H" t="H" l="H"/>
		<a id="31" s="H" t="H" l="H"/>
		<a id="32" s="H" t="H" l="H"/>
		<a id="33" s="H" t="H" l="H"/>
		<a id="34" s="H" t="H" l="H"/>
		<a id="35" s="H" t="H" l="H"/>
	</atoms>
	<bonds>
		<b id="1" c="1 2" t="1"/>
		<b id="2" c="2 3" t="1"/>
		<b id="3" c="3 4" t="ar"/>
		<b id="4" c="4 5" t="ar"/>
		<b id="5" c="5 6" t="1"/>
		<b id="6" c="5 7" t="ar"/>
		<b id="7" c="7 8" t="ar"/>
		<b id="8" c="8 9" t="ar"/>
		<b id="9" c="3 9" t="ar"/>
		<b id="10" c="9 10" t="1"/>
		<b id="11" c="10 11" t="ar"/>
		<b id="12" c="11 12" t="ar"/>
		<b id="13" c="12 13" t="ar"/>
		<b id="14" c="13 14" t="1"/>
		<b id="15" c="14 15" t="1"/>
		<b id="16" c="13 16" t="ar"/>
		<b id="17" c="16 17" t="ar"/>
		<b id="18" c="10 17" t="ar"/>
		<b id="19" c="17 18" t="1"/>
		<b id="20" c="18 19" t="1"/>
		<b id="21" c="1 20" t="1"/>
		<b id="22" c="1 21" t="1"/>
		<b id="23" c="1 22" t="1"/>
		<b id="24" c="2 23" t="1"/>
		<b id="25" c="6 24" t="1"/>
		<b id="26" c="6 25" t="1"/>
		<b id="27" c="8 26" t="1"/>
		<b id="28" c="11 27" t="1"/>
		<b id="29" c="12 28" t="1"/>
		<b id="30" c="15 29" t="1"/>
		<b id="31" c="15 30" t="1"/>
		<b id="32" c="15 31" t="1"/>
		<b id="33" c="16 32" t="1"/>
		<b id="34" c="19 33" t="1"/>
		<b id="35" c="19 34" t="1"/>
		<b id="36" c="19 35" t="1"/>
	</bonds>
	<geometry>
		<g u="A" t="cart/3d">#35,3:0.7803,0.7483,-0.2768;2.0882,1.0170,-0.8117;2.9624,1.8626,-0.2167;2.5217,2.5912,0.8054;3.3832,3.4289,1.3783;2.9002,4.2206,2.3717;4.6620,3.5870,1.0474;5.0946,2.8577,0.0281;4.2990,1.9747,-0.6779;4.8072,1.2101,-1.8258;4.1873,1.2799,-3.0632;4.6654,0.5907,-4.1673;5.8007,-0.1936,-4.0349;6.3796,-0.9174,-5.0369;5.8098,-0.8531,-6.3208;6.4374,-0.2849,-2.7957;5.9562,0.4043,-1.6971;6.5097,0.3440,-0.4546;7.6598,-0.4410,-0.2655;0.0662,0.6300,-1.0933;0.4975,1.5978,0.3408;0.7685,-0.1575,0.3390;2.4777,0.3537,-1.4640;2.0209,3.9607,2.7819;3.5811,4.6876,2.9440;6.1325,3.0022,-0.2403;3.3161,1.9094,-3.1735;4.1501,0.6838,-5.1094;6.4374,-1.4783,-6.9540;5.8094,0.1701,-6.7099;4.7870,-1.2443,-6.3277;7.3132,-0.9096,-2.7387;7.9192,-0.3299,0.7862;8.4931,-0.0900,-0.8830;7.4680,-1.4972,-0.4821;</g>
	</geometry>
	<conformers/>
	<properties/>
</molecule>
