<?xml version="1.0" ?>
<!--MOLLI PACKAGE EXPERIMENTAL XML FORMAT-->
<molecule name="nuc2227">
	<atoms>
		<a id="1" s="C" t="C.3" l="C"/>
		<a id="2" s="O" t="O.3" l="O"/>
		<a id="3" s="C" t="C.ar" l="C"/>
		<a id="4" s="C" t="C.ar" l="C"/>
		<a id="5" s="C" t="C.ar" l="C"/>
		<a id="6" s="C" t="C.ar" l="C"/>
		<a id="7" s="S" t="S.O2" l="S"/>
		<a id="8" s="C" t="C.3" l="C"/>
		<a id="9" s="O" t="O.2" l="O"/>
		<a id="10" s="O" t="O.2" l="O"/>
		<a id="11" s="C" t="C.ar" l="C"/>
		<a id="12" s="C" t="C.ar" l="C"/>
		<a id="13" s="N" t="N.pl3" l="N"/>
		<a id="14" s="H" t="H" l="H"/>
		<a id="15" s="H" t="H" l="H"/>
		<a id="16" s="H" t="H" l="H"/>
		<a id="17" s="H" t="H" l="H"/>
		<a id="18" s="H" t="H" l="H"/>
		<a id="19" s="H" t="H" l="H"/>
		<a id="20" s="H" t="H" l="H"/>
		<a id="21" s="H" t="H" l="H"/>
		<a id="22" s="H" t="H" l="H"/>
		<a id="23" s="H" t="H" l="H"/>
		<a id="24" s="H" t="H" l="H"/>
	</atoms>
	<bonds>
		<b id="1" c="1 2" t="1"/>
		<b id="2" c="2 3" t="1"/>
		<b id="3" c="3 4" t="ar"/>
		<b id="4" c="4 5" t="ar"/>
		<b id="5" c="5 6" t="ar"/>
		<b id="6" c="6 7" t="1"/>
		<b id="7" c="7 8" t="1"/>
		<b id="8" c="7 9" t="2"/>
		<b id="9" c="7 10" t="2"/>
		<b id="10" c="6 11" t="ar"/>
		<b id="11" c="11 12" t="ar"/>
		<b id="12" c="3 12" t="ar"/>
		<b id="13" c="12 13" t="1"/>
		<b id="14" c="1 14" t="1"/>
		<b id="15" c="1 15" t="1"/>
		<b id="16" c="1 16" t="1"/>
		<b id="17" c="4 17" t="1"/>
		<b id="18" c="5 18" t="1"/>
		<b id="19" c="8 19" t="1"/>
		<b id="20" c="8 20" t="1"/>
		<b id="21" c="8 21" t="1"/>
		<b id="22" c="11 22" t="1"/>
		<b id="23" c="13 23" t="1"/>
		<b id="24" c="13 24" t="1"/>
	</bonds>
	<geometry>
		<g u="A" t="cart/3d">#24,3:3.2445,0.7906,0.7071;2.7478,0.1265,-0.4297;3.4213,-0.9737,-0.8879;4.5626,-1.5033,-0.3108;5.1805,-2.6151,-0.8708;4.6488,-3.1750,-2.0094;5.4149,-4.6183,-2.7320;4.5009,-5.9976,-1.9740;5.1516,-4.6377,-4.1470;6.7848,-4.7009,-2.2997;3.5102,-2.6649,-2.6039;2.8743,-1.5590,-2.0557;1.7023,-1.0625,-2.5759;2.5672,1.6258,0.8783;4.2561,1.1726,0.5389;3.2423,0.1382,1.5856;4.9890,-1.0579,0.5732;6.0784,-3.0313,-0.4453;3.4579,-5.8957,-2.2428;4.6408,-5.9415,-0.9026;4.9087,-6.9212,-2.3655;3.1407,-3.1215,-3.5084;1.5197,-1.2692,-3.5442;1.4615,-0.1322,-2.2741;</g>
	</geometry>
	<conformers/>
	<properties/>
</molecule>
