<?xml version="1.0" ?>
<!--MOLLI PACKAGE EXPERIMENTAL XML FORMAT-->
<molecule name="nuc2643">
	<atoms>
		<a id="1" s="C" t="C.3" l="C"/>
		<a id="2" s="N" t="N.pl3" l="N"/>
		<a id="3" s="C" t="C.ar" l="C"/>
		<a id="4" s="N" t="N.ar" l="N"/>
		<a id="5" s="C" t="C.ar" l="C"/>
		<a id="6" s="N" t="N.pl3" l="N"/>
		<a id="7" s="N" t="N.ar" l="N"/>
		<a id="8" s="C" t="C.ar" l="C"/>
		<a id="9" s="C" t="C.ar" l="C"/>
		<a id="10" s="C" t="C.ar" l="C"/>
		<a id="11" s="C" t="C.ar" l="C"/>
		<a id="12" s="C" t="C.ar" l="C"/>
		<a id="13" s="N" t="N.ar" l="N"/>
		<a id="14" s="N" t="N.ar" l="N"/>
		<a id="15" s="C" t="C.3" l="C"/>
		<a id="16" s="H" t="H" l="H"/>
		<a id="17" s="H" t="H" l="H"/>
		<a id="18" s="H" t="H" l="H"/>
		<a id="19" s="H" t="H" l="H"/>
		<a id="20" s="H" t="H" l="H"/>
		<a id="21" s="H" t="H" l="H"/>
		<a id="22" s="H" t="H" l="H"/>
		<a id="23" s="H" t="H" l="H"/>
		<a id="24" s="H" t="H" l="H"/>
		<a id="25" s="H" t="H" l="H"/>
		<a id="26" s="H" t="H" l="H"/>
		<a id="27" s="H" t="H" l="H"/>
	</atoms>
	<bonds>
		<b id="1" c="1 2" t="1"/>
		<b id="2" c="2 3" t="1"/>
		<b id="3" c="3 4" t="ar"/>
		<b id="4" c="4 5" t="ar"/>
		<b id="5" c="5 6" t="1"/>
		<b id="6" c="5 7" t="ar"/>
		<b id="7" c="7 8" t="ar"/>
		<b id="8" c="8 9" t="ar"/>
		<b id="9" c="3 9" t="ar"/>
		<b id="10" c="9 10" t="1"/>
		<b id="11" c="10 11" t="ar"/>
		<b id="12" c="11 12" t="ar"/>
		<b id="13" c="12 13" t="ar"/>
		<b id="14" c="13 14" t="ar"/>
		<b id="15" c="10 14" t="ar"/>
		<b id="16" c="14 15" t="1"/>
		<b id="17" c="1 16" t="1"/>
		<b id="18" c="1 17" t="1"/>
		<b id="19" c="1 18" t="1"/>
		<b id="20" c="2 19" t="1"/>
		<b id="21" c="6 20" t="1"/>
		<b id="22" c="6 21" t="1"/>
		<b id="23" c="8 22" t="1"/>
		<b id="24" c="11 23" t="1"/>
		<b id="25" c="12 24" t="1"/>
		<b id="26" c="15 25" t="1"/>
		<b id="27" c="15 26" t="1"/>
		<b id="28" c="15 27" t="1"/>
	</bonds>
	<geometry>
		<g u="A" t="cart/3d">#27,3:1.3282,0.0646,0.6204;2.4523,0.1622,-0.2715;3.1474,1.2992,-0.4692;2.7034,2.4119,0.1089;3.3970,3.5305,-0.0889;2.9666,4.6427,0.5528;4.5002,3.6498,-0.8273;4.9361,2.5420,-1.4077;4.3186,1.3097,-1.2780;4.8091,0.1092,-1.9343;4.1343,-0.8392,-2.6914;5.1130,-1.7653,-3.0614;6.2894,-1.4308,-2.5673;6.1027,-0.2990,-1.8934;7.2072,0.3092,-1.2101;0.5213,-0.4946,0.1434;0.9951,1.0759,0.8431;1.6026,-0.4359,1.5545;2.8501,-0.6908,-0.6339;2.0447,4.6318,0.9499;3.3698,5.5178,0.2695;5.8161,2.6628,-2.0265;3.0993,-0.8332,-2.9691;5.0065,-2.6512,-3.6553;7.8820,-0.4814,-0.8842;6.8468,0.8719,-0.3495;7.7562,0.9823,-1.8730;</g>
	</geometry>
	<conformers/>
	<properties/>
</molecule>
