<?xml version="1.0" ?>
<!--MOLLI PACKAGE EXPERIMENTAL XML FORMAT-->
<molecule name="nuc2644">
	<atoms>
		<a id="1" s="C" t="C.3" l="C"/>
		<a id="2" s="C" t="C.3" l="C"/>
		<a id="3" s="C" t="C.3" l="C"/>
		<a id="4" s="C" t="C.3" l="C"/>
		<a id="5" s="O" t="O.3" l="O"/>
		<a id="6" s="C" t="C.2" l="C"/>
		<a id="7" s="O" t="O.2" l="O"/>
		<a id="8" s="N" t="N.am" l="N"/>
		<a id="9" s="C" t="C.3" l="C"/>
		<a id="10" s="C" t="C.3" l="C"/>
		<a id="11" s="C" t="C.3" l="C"/>
		<a id="12" s="S" t="S.O2" l="S"/>
		<a id="13" s="N" t="N.3" l="N"/>
		<a id="14" s="O" t="O.2" l="O"/>
		<a id="15" s="O" t="O.2" l="O"/>
		<a id="16" s="C" t="C.3" l="C"/>
		<a id="17" s="C" t="C.3" l="C"/>
		<a id="18" s="H" t="H" l="H"/>
		<a id="19" s="H" t="H" l="H"/>
		<a id="20" s="H" t="H" l="H"/>
		<a id="21" s="H" t="H" l="H"/>
		<a id="22" s="H" t="H" l="H"/>
		<a id="23" s="H" t="H" l="H"/>
		<a id="24" s="H" t="H" l="H"/>
		<a id="25" s="H" t="H" l="H"/>
		<a id="26" s="H" t="H" l="H"/>
		<a id="27" s="H" t="H" l="H"/>
		<a id="28" s="H" t="H" l="H"/>
		<a id="29" s="H" t="H" l="H"/>
		<a id="30" s="H" t="H" l="H"/>
		<a id="31" s="H" t="H" l="H"/>
		<a id="32" s="H" t="H" l="H"/>
		<a id="33" s="H" t="H" l="H"/>
		<a id="34" s="H" t="H" l="H"/>
		<a id="35" s="H" t="H" l="H"/>
		<a id="36" s="H" t="H" l="H"/>
		<a id="37" s="H" t="H" l="H"/>
	</atoms>
	<bonds>
		<b id="1" c="1 2" t="1"/>
		<b id="2" c="2 3" t="1"/>
		<b id="3" c="2 4" t="1"/>
		<b id="4" c="2 5" t="1"/>
		<b id="5" c="5 6" t="1"/>
		<b id="6" c="6 7" t="2"/>
		<b id="7" c="6 8" t="am"/>
		<b id="8" c="8 9" t="1"/>
		<b id="9" c="9 10" t="1"/>
		<b id="10" c="10 11" t="1"/>
		<b id="11" c="11 12" t="1"/>
		<b id="12" c="12 13" t="1"/>
		<b id="13" c="12 14" t="2"/>
		<b id="14" c="12 15" t="2"/>
		<b id="15" c="11 16" t="1"/>
		<b id="16" c="16 17" t="1"/>
		<b id="17" c="8 17" t="1"/>
		<b id="18" c="1 18" t="1"/>
		<b id="19" c="1 19" t="1"/>
		<b id="20" c="1 20" t="1"/>
		<b id="21" c="3 21" t="1"/>
		<b id="22" c="3 22" t="1"/>
		<b id="23" c="3 23" t="1"/>
		<b id="24" c="4 24" t="1"/>
		<b id="25" c="4 25" t="1"/>
		<b id="26" c="4 26" t="1"/>
		<b id="27" c="9 27" t="1"/>
		<b id="28" c="9 28" t="1"/>
		<b id="29" c="10 29" t="1"/>
		<b id="30" c="10 30" t="1"/>
		<b id="31" c="11 31" t="1"/>
		<b id="32" c="13 32" t="1"/>
		<b id="33" c="13 33" t="1"/>
		<b id="34" c="16 34" t="1"/>
		<b id="35" c="16 35" t="1"/>
		<b id="36" c="17 36" t="1"/>
		<b id="37" c="17 37" t="1"/>
	</bonds>
	<geometry>
		<g u="A" t="cart/3d">#37,3:4.0392,0.9913,1.3081;2.9769,0.5965,0.2824;2.5170,-0.8450,0.4964;1.7852,1.5536,0.3528;3.4802,0.7676,-1.0635;4.5345,0.0466,-1.4905;5.1896,-0.7158,-0.8152;4.7786,0.2622,-2.8062;5.9285,-0.3407,-3.4406;6.9580,0.7372,-3.7855;6.3160,1.8357,-4.6168;6.0318,1.2050,-6.3023;5.6318,2.6480,-7.0936;7.2826,0.7307,-6.8214;4.8868,0.3472,-6.4033;5.0211,2.3614,-4.0247;4.0817,1.2132,-3.6389;3.6197,0.9344,2.3086;4.3776,2.0089,1.1241;4.8895,0.3190,1.2407;2.0545,-0.9411,1.4748;3.3658,-1.5203,0.4374;1.7927,-1.1226,-0.2667;1.3279,1.5045,1.3363;1.0457,1.2840,-0.3966;2.1130,2.5726,0.1642;5.6034,-0.8450,-4.3554;6.3497,-1.0700,-2.7467;7.7791,0.2971,-4.3526;7.3566,1.1647,-2.8619;7.0211,2.6456,-4.8045;6.3901,2.9648,-7.6772;4.7893,2.5408,-7.6365;4.5317,3.0099,-4.7519;5.2537,2.9496,-3.1329;3.7496,0.6989,-4.5453;3.2174,1.5953,-3.0975;</g>
	</geometry>
	<conformers/>
	<properties/>
</molecule>
