<?xml version="1.0" ?>
<!--MOLLI PACKAGE EXPERIMENTAL XML FORMAT-->
<molecule name="nuc2649">
	<atoms>
		<a id="1" s="C" t="C.3" l="C"/>
		<a id="2" s="N" t="N.ar" l="N"/>
		<a id="3" s="C" t="C.ar" l="C"/>
		<a id="4" s="C" t="C.ar" l="C"/>
		<a id="5" s="C" t="C.ar" l="C"/>
		<a id="6" s="N" t="N.ar" l="N"/>
		<a id="7" s="C" t="C.ar" l="C"/>
		<a id="8" s="C" t="C.ar" l="C"/>
		<a id="9" s="C" t="C.ar" l="C"/>
		<a id="10" s="C" t="C.ar" l="C"/>
		<a id="11" s="C" t="C.ar" l="C"/>
		<a id="12" s="C" t="C.ar" l="C"/>
		<a id="13" s="N" t="N.pl3" l="N"/>
		<a id="14" s="N" t="N.ar" l="N"/>
		<a id="15" s="C" t="C.ar" l="C"/>
		<a id="16" s="H" t="H" l="H"/>
		<a id="17" s="H" t="H" l="H"/>
		<a id="18" s="H" t="H" l="H"/>
		<a id="19" s="H" t="H" l="H"/>
		<a id="20" s="H" t="H" l="H"/>
		<a id="21" s="H" t="H" l="H"/>
		<a id="22" s="H" t="H" l="H"/>
		<a id="23" s="H" t="H" l="H"/>
		<a id="24" s="H" t="H" l="H"/>
		<a id="25" s="H" t="H" l="H"/>
	</atoms>
	<bonds>
		<b id="1" c="1 2" t="1"/>
		<b id="2" c="2 3" t="ar"/>
		<b id="3" c="3 4" t="ar"/>
		<b id="4" c="4 5" t="ar"/>
		<b id="5" c="5 6" t="ar"/>
		<b id="6" c="6 7" t="ar"/>
		<b id="7" c="7 8" t="ar"/>
		<b id="8" c="3 8" t="ar"/>
		<b id="9" c="8 9" t="ar"/>
		<b id="10" c="9 10" t="ar"/>
		<b id="11" c="10 11" t="ar"/>
		<b id="12" c="11 12" t="ar"/>
		<b id="13" c="12 13" t="1"/>
		<b id="14" c="12 14" t="ar"/>
		<b id="15" c="14 15" t="ar"/>
		<b id="16" c="9 15" t="ar"/>
		<b id="17" c="2 15" t="ar"/>
		<b id="18" c="1 16" t="1"/>
		<b id="19" c="1 17" t="1"/>
		<b id="20" c="1 18" t="1"/>
		<b id="21" c="4 19" t="1"/>
		<b id="22" c="5 20" t="1"/>
		<b id="23" c="7 21" t="1"/>
		<b id="24" c="10 22" t="1"/>
		<b id="25" c="11 23" t="1"/>
		<b id="26" c="13 24" t="1"/>
		<b id="27" c="13 25" t="1"/>
	</bonds>
	<geometry>
		<g u="A" t="cart/3d">#25,3:1.0998,-0.0646,-0.0346;2.5339,0.0108,-0.0280;3.3157,1.1369,-0.0192;2.9807,2.4834,-0.0056;4.0361,3.3801,0.0021;5.3208,3.0419,-0.0016;5.6445,1.7628,-0.0141;4.6861,0.7588,-0.0237;4.7085,-0.6724,-0.0370;5.6813,-1.6664,-0.0452;5.2554,-2.9761,-0.0562;3.8772,-3.2709,-0.0568;3.4432,-4.5643,-0.1294;2.9267,-2.3371,-0.0420;3.3552,-1.0841,-0.0388;0.6810,0.9385,-0.0605;0.7481,-0.5826,0.8600;0.7623,-0.6234,-0.9096;1.9591,2.8309,-0.0010;3.8452,4.4451,0.0123;6.7030,1.5379,-0.0160;6.7331,-1.4208,-0.0419;5.9638,-3.7900,-0.0663;4.0747,-5.2952,0.1460;2.4653,-4.7096,0.0551;</g>
	</geometry>
	<conformers/>
	<properties/>
</molecule>
