<?xml version="1.0" ?>
<!--MOLLI PACKAGE EXPERIMENTAL XML FORMAT-->
<molecule name="nuc2652">
	<atoms>
		<a id="1" s="C" t="C.3" l="C"/>
		<a id="2" s="O" t="O.3" l="O"/>
		<a id="3" s="C" t="C.2" l="C"/>
		<a id="4" s="O" t="O.2" l="O"/>
		<a id="5" s="C" t="C.ar" l="C"/>
		<a id="6" s="C" t="C.ar" l="C"/>
		<a id="7" s="N" t="N.ar" l="N"/>
		<a id="8" s="C" t="C.3" l="C"/>
		<a id="9" s="C" t="C.3" l="C"/>
		<a id="10" s="C" t="C.3" l="C"/>
		<a id="11" s="C" t="C.ar" l="C"/>
		<a id="12" s="C" t="C.ar" l="C"/>
		<a id="13" s="C" t="C.ar" l="C"/>
		<a id="14" s="N" t="N.pl3" l="N"/>
		<a id="15" s="C" t="C.ar" l="C"/>
		<a id="16" s="C" t="C.ar" l="C"/>
		<a id="17" s="C" t="C.ar" l="C"/>
		<a id="18" s="C" t="C.ar" l="C"/>
		<a id="19" s="O" t="O.2" l="O"/>
		<a id="20" s="H" t="H" l="H"/>
		<a id="21" s="H" t="H" l="H"/>
		<a id="22" s="H" t="H" l="H"/>
		<a id="23" s="H" t="H" l="H"/>
		<a id="24" s="H" t="H" l="H"/>
		<a id="25" s="H" t="H" l="H"/>
		<a id="26" s="H" t="H" l="H"/>
		<a id="27" s="H" t="H" l="H"/>
		<a id="28" s="H" t="H" l="H"/>
		<a id="29" s="H" t="H" l="H"/>
		<a id="30" s="H" t="H" l="H"/>
		<a id="31" s="H" t="H" l="H"/>
		<a id="32" s="H" t="H" l="H"/>
		<a id="33" s="H" t="H" l="H"/>
		<a id="34" s="H" t="H" l="H"/>
		<a id="35" s="H" t="H" l="H"/>
	</atoms>
	<bonds>
		<b id="1" c="1 2" t="1"/>
		<b id="2" c="2 3" t="1"/>
		<b id="3" c="3 4" t="2"/>
		<b id="4" c="3 5" t="1"/>
		<b id="5" c="5 6" t="ar"/>
		<b id="6" c="6 7" t="ar"/>
		<b id="7" c="7 8" t="1"/>
		<b id="8" c="8 9" t="1"/>
		<b id="9" c="8 10" t="1"/>
		<b id="10" c="7 11" t="ar"/>
		<b id="11" c="11 12" t="ar"/>
		<b id="12" c="12 13" t="ar"/>
		<b id="13" c="13 14" t="1"/>
		<b id="14" c="13 15" t="ar"/>
		<b id="15" c="15 16" t="ar"/>
		<b id="16" c="16 17" t="ar"/>
		<b id="17" c="11 17" t="ar"/>
		<b id="18" c="17 18" t="ar"/>
		<b id="19" c="5 18" t="ar"/>
		<b id="20" c="18 19" t="2"/>
		<b id="21" c="1 20" t="1"/>
		<b id="22" c="1 21" t="1"/>
		<b id="23" c="1 22" t="1"/>
		<b id="24" c="6 23" t="1"/>
		<b id="25" c="8 24" t="1"/>
		<b id="26" c="9 25" t="1"/>
		<b id="27" c="9 26" t="1"/>
		<b id="28" c="9 27" t="1"/>
		<b id="29" c="10 28" t="1"/>
		<b id="30" c="10 29" t="1"/>
		<b id="31" c="10 30" t="1"/>
		<b id="32" c="12 31" t="1"/>
		<b id="33" c="14 32" t="1"/>
		<b id="34" c="14 33" t="1"/>
		<b id="35" c="15 34" t="1"/>
		<b id="36" c="16 35" t="1"/>
	</bonds>
	<geometry>
		<g u="A" t="cart/3d">#35,3:0.9327,-0.6941,-1.9154;2.3458,-0.7333,-1.9875;2.9951,-0.7468,-0.8270;2.4353,-0.7072,0.2507;4.4630,-0.8049,-0.9692;5.1742,-0.7575,0.1916;6.5120,-0.8067,0.2915;7.1315,-0.7873,1.6157;7.3123,0.6581,2.0797;6.3428,-1.6033,2.6396;7.2713,-0.8000,-0.8711;8.6636,-0.7081,-0.8541;9.4061,-0.7260,-2.0300;10.7693,-0.5670,-1.9902;8.7434,-0.8351,-3.2602;7.3765,-0.9050,-3.2854;6.6142,-0.8847,-2.1132;5.1478,-0.9340,-2.2500;4.6041,-1.0649,-3.3343;0.5820,-0.5228,-2.9298;0.6059,0.1091,-1.2505;0.5458,-1.6422,-1.5339;4.6132,-0.6813,1.1110;8.1083,-1.2673,1.5147;6.3439,1.1464,2.1618;7.9186,1.2159,1.3697;7.7982,0.6829,3.0514;5.4611,-1.0757,2.9923;6.9787,-1.7981,3.4999;6.0370,-2.5567,2.2154;9.2111,-0.5996,0.0688;11.2367,-0.7462,-1.1176;11.2831,-0.8215,-2.8167;9.3180,-0.8524,-4.1741;6.8364,-0.9783,-4.2173;</g>
	</geometry>
	<conformers/>
	<properties/>
</molecule>
