<?xml version="1.0" ?>
<!--MOLLI PACKAGE EXPERIMENTAL XML FORMAT-->
<molecule name="nuc2655">
	<atoms>
		<a id="1" s="C" t="C.3" l="C"/>
		<a id="2" s="O" t="O.3" l="O"/>
		<a id="3" s="C" t="C.2" l="C"/>
		<a id="4" s="O" t="O.2" l="O"/>
		<a id="5" s="C" t="C.ar" l="C"/>
		<a id="6" s="C" t="C.ar" l="C"/>
		<a id="7" s="N" t="N.ar" l="N"/>
		<a id="8" s="C" t="C.3" l="C"/>
		<a id="9" s="C" t="C.3" l="C"/>
		<a id="10" s="C" t="C.3" l="C"/>
		<a id="11" s="C" t="C.3" l="C"/>
		<a id="12" s="C" t="C.3" l="C"/>
		<a id="13" s="C" t="C.3" l="C"/>
		<a id="14" s="C" t="C.ar" l="C"/>
		<a id="15" s="C" t="C.ar" l="C"/>
		<a id="16" s="C" t="C.ar" l="C"/>
		<a id="17" s="N" t="N.pl3" l="N"/>
		<a id="18" s="C" t="C.ar" l="C"/>
		<a id="19" s="C" t="C.ar" l="C"/>
		<a id="20" s="C" t="C.ar" l="C"/>
		<a id="21" s="C" t="C.ar" l="C"/>
		<a id="22" s="O" t="O.2" l="O"/>
		<a id="23" s="H" t="H" l="H"/>
		<a id="24" s="H" t="H" l="H"/>
		<a id="25" s="H" t="H" l="H"/>
		<a id="26" s="H" t="H" l="H"/>
		<a id="27" s="H" t="H" l="H"/>
		<a id="28" s="H" t="H" l="H"/>
		<a id="29" s="H" t="H" l="H"/>
		<a id="30" s="H" t="H" l="H"/>
		<a id="31" s="H" t="H" l="H"/>
		<a id="32" s="H" t="H" l="H"/>
		<a id="33" s="H" t="H" l="H"/>
		<a id="34" s="H" t="H" l="H"/>
		<a id="35" s="H" t="H" l="H"/>
		<a id="36" s="H" t="H" l="H"/>
		<a id="37" s="H" t="H" l="H"/>
		<a id="38" s="H" t="H" l="H"/>
		<a id="39" s="H" t="H" l="H"/>
		<a id="40" s="H" t="H" l="H"/>
		<a id="41" s="H" t="H" l="H"/>
		<a id="42" s="H" t="H" l="H"/>
	</atoms>
	<bonds>
		<b id="1" c="1 2" t="1"/>
		<b id="2" c="2 3" t="1"/>
		<b id="3" c="3 4" t="2"/>
		<b id="4" c="3 5" t="1"/>
		<b id="5" c="5 6" t="ar"/>
		<b id="6" c="6 7" t="ar"/>
		<b id="7" c="7 8" t="1"/>
		<b id="8" c="8 9" t="1"/>
		<b id="9" c="9 10" t="1"/>
		<b id="10" c="10 11" t="1"/>
		<b id="11" c="11 12" t="1"/>
		<b id="12" c="12 13" t="1"/>
		<b id="13" c="8 13" t="1"/>
		<b id="14" c="7 14" t="ar"/>
		<b id="15" c="14 15" t="ar"/>
		<b id="16" c="15 16" t="ar"/>
		<b id="17" c="16 17" t="1"/>
		<b id="18" c="16 18" t="ar"/>
		<b id="19" c="18 19" t="ar"/>
		<b id="20" c="19 20" t="ar"/>
		<b id="21" c="14 20" t="ar"/>
		<b id="22" c="20 21" t="ar"/>
		<b id="23" c="5 21" t="ar"/>
		<b id="24" c="21 22" t="2"/>
		<b id="25" c="1 23" t="1"/>
		<b id="26" c="1 24" t="1"/>
		<b id="27" c="1 25" t="1"/>
		<b id="28" c="6 26" t="1"/>
		<b id="29" c="8 27" t="1"/>
		<b id="30" c="9 28" t="1"/>
		<b id="31" c="9 29" t="1"/>
		<b id="32" c="10 30" t="1"/>
		<b id="33" c="10 31" t="1"/>
		<b id="34" c="11 32" t="1"/>
		<b id="35" c="11 33" t="1"/>
		<b id="36" c="12 34" t="1"/>
		<b id="37" c="12 35" t="1"/>
		<b id="38" c="13 36" t="1"/>
		<b id="39" c="13 37" t="1"/>
		<b id="40" c="15 38" t="1"/>
		<b id="41" c="17 39" t="1"/>
		<b id="42" c="17 40" t="1"/>
		<b id="43" c="18 41" t="1"/>
		<b id="44" c="19 42" t="1"/>
	</bonds>
	<geometry>
		<g u="A" t="cart/3d">#42,3:0.9810,2.0780,0.0862;2.3943,2.1480,0.1161;3.0452,1.1349,-0.4476;2.4857,0.1804,-0.9504;4.5138,1.2709,-0.3966;5.2250,0.2136,-0.8755;6.5643,0.1224,-0.9276;7.1348,-1.0798,-1.5279;6.6473,-1.2796,-2.9666;7.3241,-2.5076,-3.5709;7.0260,-3.7462,-2.7310;7.5018,-3.5461,-1.2950;6.8380,-2.3183,-0.6770;7.3261,1.1562,-0.3982;8.7190,1.1100,-0.3289;9.4587,2.1618,0.2004;10.8225,2.0586,0.3192;8.7934,3.3003,0.6749;7.4269,3.3512,0.6193;6.6676,2.3002,0.0950;5.2023,2.4543,0.1031;4.6617,3.4765,0.4926;0.6239,2.9024,0.6981;0.6367,1.1207,0.4859;0.6169,2.1787,-0.9395;4.6613,-0.6293,-1.2490;8.2169,-0.9554,-1.5745;6.8807,-0.3894,-3.5551;5.5668,-1.4231,-2.9907;8.4044,-2.3485,-3.6145;6.9681,-2.6549,-4.5917;7.5188,-4.6171,-3.1664;5.9505,-3.9341,-2.7331;8.5871,-3.4182,-1.2866;7.2664,-4.4283,-0.6977;7.2092,-2.1580,0.3379;5.7607,-2.4808,-0.6180;9.2756,0.2502,-0.6676;11.2929,1.3693,-0.2419;11.3329,2.9103,0.4794;9.3651,4.1198,1.0837;6.8828,4.2109,0.9804;</g>
	</geometry>
	<conformers/>
	<properties/>
</molecule>
