<?xml version="1.0" ?>
<!--MOLLI PACKAGE EXPERIMENTAL XML FORMAT-->
<molecule name="nuc2657">
	<atoms>
		<a id="1" s="N" t="N.pl3" l="N"/>
		<a id="2" s="C" t="C.ar" l="C"/>
		<a id="3" s="C" t="C.ar" l="C"/>
		<a id="4" s="C" t="C.ar" l="C"/>
		<a id="5" s="C" t="C.ar" l="C"/>
		<a id="6" s="C" t="C.ar" l="C"/>
		<a id="7" s="C" t="C.3" l="C"/>
		<a id="8" s="N" t="N.3" l="N"/>
		<a id="9" s="C" t="C.3" l="C"/>
		<a id="10" s="C" t="C.3" l="C"/>
		<a id="11" s="C" t="C.3" l="C"/>
		<a id="12" s="C" t="C.3" l="C"/>
		<a id="13" s="C" t="C.3" l="C"/>
		<a id="14" s="C" t="C.ar" l="C"/>
		<a id="15" s="H" t="H" l="H"/>
		<a id="16" s="H" t="H" l="H"/>
		<a id="17" s="H" t="H" l="H"/>
		<a id="18" s="H" t="H" l="H"/>
		<a id="19" s="H" t="H" l="H"/>
		<a id="20" s="H" t="H" l="H"/>
		<a id="21" s="H" t="H" l="H"/>
		<a id="22" s="H" t="H" l="H"/>
		<a id="23" s="H" t="H" l="H"/>
		<a id="24" s="H" t="H" l="H"/>
		<a id="25" s="H" t="H" l="H"/>
		<a id="26" s="H" t="H" l="H"/>
		<a id="27" s="H" t="H" l="H"/>
		<a id="28" s="H" t="H" l="H"/>
		<a id="29" s="H" t="H" l="H"/>
		<a id="30" s="H" t="H" l="H"/>
		<a id="31" s="H" t="H" l="H"/>
		<a id="32" s="H" t="H" l="H"/>
	</atoms>
	<bonds>
		<b id="1" c="1 2" t="1"/>
		<b id="2" c="2 3" t="ar"/>
		<b id="3" c="3 4" t="ar"/>
		<b id="4" c="4 5" t="ar"/>
		<b id="5" c="5 6" t="ar"/>
		<b id="6" c="6 7" t="1"/>
		<b id="7" c="7 8" t="1"/>
		<b id="8" c="8 9" t="1"/>
		<b id="9" c="9 10" t="1"/>
		<b id="10" c="10 11" t="1"/>
		<b id="11" c="11 12" t="1"/>
		<b id="12" c="12 13" t="1"/>
		<b id="13" c="8 13" t="1"/>
		<b id="14" c="6 14" t="ar"/>
		<b id="15" c="2 14" t="ar"/>
		<b id="16" c="1 15" t="1"/>
		<b id="17" c="1 16" t="1"/>
		<b id="18" c="3 17" t="1"/>
		<b id="19" c="4 18" t="1"/>
		<b id="20" c="5 19" t="1"/>
		<b id="21" c="7 20" t="1"/>
		<b id="22" c="7 21" t="1"/>
		<b id="23" c="9 22" t="1"/>
		<b id="24" c="9 23" t="1"/>
		<b id="25" c="10 24" t="1"/>
		<b id="26" c="10 25" t="1"/>
		<b id="27" c="11 26" t="1"/>
		<b id="28" c="11 27" t="1"/>
		<b id="29" c="12 28" t="1"/>
		<b id="30" c="12 29" t="1"/>
		<b id="31" c="13 30" t="1"/>
		<b id="32" c="13 31" t="1"/>
		<b id="33" c="14 32" t="1"/>
	</bonds>
	<geometry>
		<g u="A" t="cart/3d">#32,3:-1.0990,1.8485,2.1364;-0.7922,1.0031,1.0868;0.1998,1.3451,0.1666;0.5505,0.4621,-0.8343;-0.0758,-0.7686,-0.9405;-1.0620,-1.1243,-0.0305;-1.7548,-2.4578,-0.1106;-3.2003,-2.3070,-0.0847;-3.6827,-1.6272,-1.2732;-5.1733,-1.3330,-1.1463;-5.9445,-2.6330,-0.9496;-5.3744,-3.3630,0.2610;-3.8749,-3.5801,0.0823;-1.4144,-0.2379,0.9742;-0.8573,2.8184,2.0120;-1.9892,1.6938,2.5814;0.6899,2.3054,0.2454;1.3171,0.7376,-1.5441;0.2018,-1.4508,-1.7307;-1.4701,-3.0548,0.7630;-1.4177,-3.0010,-1.0131;-3.5040,-2.2362,-2.1805;-3.1249,-0.6934,-1.3787;-5.5196,-0.8103,-2.0397;-5.3309,-0.6838,-0.2837;-5.8370,-3.2600,-1.8385;-7.0077,-2.4299,-0.8068;-5.8684,-4.3267,0.3985;-5.5371,-2.7607,1.1561;-3.7014,-4.2462,-0.7850;-3.4659,-4.0711,0.9701;-2.1902,-0.5170,1.6716;</g>
	</geometry>
	<conformers/>
	<properties/>
</molecule>
