<?xml version="1.0" ?>
<!--MOLLI PACKAGE EXPERIMENTAL XML FORMAT-->
<molecule name="nuc2662">
	<atoms>
		<a id="1" s="N" t="N.1" l="N"/>
		<a id="2" s="C" t="C.1" l="C"/>
		<a id="3" s="C" t="C.ar" l="C"/>
		<a id="4" s="C" t="C.ar" l="C"/>
		<a id="5" s="C" t="C.ar" l="C"/>
		<a id="6" s="C" t="C.ar" l="C"/>
		<a id="7" s="C" t="C.ar" l="C"/>
		<a id="8" s="N" t="N.pl3" l="N"/>
		<a id="9" s="C" t="C.3" l="C"/>
		<a id="10" s="C" t="C.3" l="C"/>
		<a id="11" s="C" t="C.3" l="C"/>
		<a id="12" s="N" t="N.3" l="N"/>
		<a id="13" s="C" t="C.3" l="C"/>
		<a id="14" s="C" t="C.3" l="C"/>
		<a id="15" s="C" t="C.ar" l="C"/>
		<a id="16" s="H" t="H" l="H"/>
		<a id="17" s="H" t="H" l="H"/>
		<a id="18" s="H" t="H" l="H"/>
		<a id="19" s="H" t="H" l="H"/>
		<a id="20" s="H" t="H" l="H"/>
		<a id="21" s="H" t="H" l="H"/>
		<a id="22" s="H" t="H" l="H"/>
		<a id="23" s="H" t="H" l="H"/>
		<a id="24" s="H" t="H" l="H"/>
		<a id="25" s="H" t="H" l="H"/>
		<a id="26" s="H" t="H" l="H"/>
		<a id="27" s="H" t="H" l="H"/>
		<a id="28" s="H" t="H" l="H"/>
		<a id="29" s="H" t="H" l="H"/>
		<a id="30" s="H" t="H" l="H"/>
	</atoms>
	<bonds>
		<b id="1" c="1 2" t="3"/>
		<b id="2" c="2 3" t="1"/>
		<b id="3" c="3 4" t="ar"/>
		<b id="4" c="4 5" t="ar"/>
		<b id="5" c="5 6" t="ar"/>
		<b id="6" c="6 7" t="ar"/>
		<b id="7" c="7 8" t="1"/>
		<b id="8" c="8 9" t="1"/>
		<b id="9" c="9 10" t="1"/>
		<b id="10" c="10 11" t="1"/>
		<b id="11" c="11 12" t="1"/>
		<b id="12" c="11 13" t="1"/>
		<b id="13" c="13 14" t="1"/>
		<b id="14" c="8 14" t="1"/>
		<b id="15" c="7 15" t="ar"/>
		<b id="16" c="3 15" t="ar"/>
		<b id="17" c="4 16" t="1"/>
		<b id="18" c="5 17" t="1"/>
		<b id="19" c="6 18" t="1"/>
		<b id="20" c="9 19" t="1"/>
		<b id="21" c="9 20" t="1"/>
		<b id="22" c="10 21" t="1"/>
		<b id="23" c="10 22" t="1"/>
		<b id="24" c="11 23" t="1"/>
		<b id="25" c="12 24" t="1"/>
		<b id="26" c="12 25" t="1"/>
		<b id="27" c="13 26" t="1"/>
		<b id="28" c="13 27" t="1"/>
		<b id="29" c="14 28" t="1"/>
		<b id="30" c="14 29" t="1"/>
		<b id="31" c="15 30" t="1"/>
	</bonds>
	<geometry>
		<g u="A" t="cart/3d">#30,3:0.0073,-1.0604,-3.8816;0.2020,-0.7051,-2.8087;0.4442,-0.2605,-1.4885;-0.0761,-0.9695,-0.4079;0.1772,-0.5021,0.8694;0.9262,0.6391,1.0706;1.4499,1.3712,-0.0065;2.2362,2.4824,0.2324;3.0498,3.0454,-0.8219;4.2914,3.7021,-0.2157;3.9304,4.7817,0.8204;3.3469,5.9918,0.2688;2.9814,4.1638,1.8518;1.7913,3.4888,1.1764;1.1940,0.8969,-1.2951;-0.6591,-1.8619,-0.5733;-0.2066,-1.0424,1.7223;1.1299,0.9596,2.0809;2.4837,3.7813,-1.4185;3.3779,2.2454,-1.4877;4.8948,4.1365,-1.0164;4.8862,2.9320,0.2780;4.8494,5.0949,1.3313;2.4997,5.7828,-0.2468;3.9947,6.4397,-0.3691;2.6230,4.9448,2.5218;3.5289,3.4226,2.4351;1.1880,4.2485,0.6521;1.1514,3.0317,1.9302;1.5519,1.4237,-2.1663;</g>
	</geometry>
	<conformers/>
	<properties/>
</molecule>
