<?xml version="1.0" ?>
<!--MOLLI PACKAGE EXPERIMENTAL XML FORMAT-->
<molecule name="nuc2663">
	<atoms>
		<a id="1" s="N" t="N.3" l="N"/>
		<a id="2" s="C" t="C.3" l="C"/>
		<a id="3" s="C" t="C.3" l="C"/>
		<a id="4" s="C" t="C.3" l="C"/>
		<a id="5" s="N" t="N.pl3" l="N"/>
		<a id="6" s="C" t="C.ar" l="C"/>
		<a id="7" s="C" t="C.ar" l="C"/>
		<a id="8" s="C" t="C.ar" l="C"/>
		<a id="9" s="C" t="C.ar" l="C"/>
		<a id="10" s="N" t="N.pl3" l="N"/>
		<a id="11" s="O" t="O.2" l="O"/>
		<a id="12" s="O" t="O.co2" l="O"/>
		<a id="13" s="C" t="C.ar" l="C"/>
		<a id="14" s="C" t="C.ar" l="C"/>
		<a id="15" s="C" t="C.3" l="C"/>
		<a id="16" s="C" t="C.3" l="C"/>
		<a id="17" s="H" t="H" l="H"/>
		<a id="18" s="H" t="H" l="H"/>
		<a id="19" s="H" t="H" l="H"/>
		<a id="20" s="H" t="H" l="H"/>
		<a id="21" s="H" t="H" l="H"/>
		<a id="22" s="H" t="H" l="H"/>
		<a id="23" s="H" t="H" l="H"/>
		<a id="24" s="H" t="H" l="H"/>
		<a id="25" s="H" t="H" l="H"/>
		<a id="26" s="H" t="H" l="H"/>
		<a id="27" s="H" t="H" l="H"/>
		<a id="28" s="H" t="H" l="H"/>
		<a id="29" s="H" t="H" l="H"/>
		<a id="30" s="H" t="H" l="H"/>
		<a id="31" s="H" t="H" l="H"/>
	</atoms>
	<bonds>
		<b id="1" c="1 2" t="1"/>
		<b id="2" c="2 3" t="1"/>
		<b id="3" c="3 4" t="1"/>
		<b id="4" c="4 5" t="1"/>
		<b id="5" c="5 6" t="1"/>
		<b id="6" c="6 7" t="ar"/>
		<b id="7" c="7 8" t="ar"/>
		<b id="8" c="8 9" t="ar"/>
		<b id="9" c="9 10" t="1"/>
		<b id="10" c="10 11" t="2"/>
		<b id="11" c="10 12" t="1"/>
		<b id="12" c="9 13" t="ar"/>
		<b id="13" c="13 14" t="ar"/>
		<b id="14" c="6 14" t="ar"/>
		<b id="15" c="5 15" t="1"/>
		<b id="16" c="15 16" t="1"/>
		<b id="17" c="2 16" t="1"/>
		<b id="18" c="1 17" t="1"/>
		<b id="19" c="1 18" t="1"/>
		<b id="20" c="2 19" t="1"/>
		<b id="21" c="3 20" t="1"/>
		<b id="22" c="3 21" t="1"/>
		<b id="23" c="4 22" t="1"/>
		<b id="24" c="4 23" t="1"/>
		<b id="25" c="7 24" t="1"/>
		<b id="26" c="8 25" t="1"/>
		<b id="27" c="13 26" t="1"/>
		<b id="28" c="14 27" t="1"/>
		<b id="29" c="15 28" t="1"/>
		<b id="30" c="15 29" t="1"/>
		<b id="31" c="16 30" t="1"/>
		<b id="32" c="16 31" t="1"/>
	</bonds>
	<geometry>
		<g u="A" t="cart/3d">#31,3:1.4389,0.0327,0.2424;2.8416,-0.0403,-0.1451;3.0781,0.8889,-1.3411;2.2846,0.4034,-2.5594;2.6830,-0.9468,-2.8953;3.6505,-1.2222,-3.8137;4.4495,-2.3829,-3.7333;5.3804,-2.6816,-4.6956;5.5588,-1.8346,-5.7878;6.5232,-2.1418,-6.7818;7.1646,-3.1723,-6.6596;6.6615,-1.3600,-7.7079;4.7808,-0.6819,-5.8950;3.8528,-0.3839,-4.9317;2.3690,-1.8433,-1.8043;3.1724,-1.4806,-0.5535;1.1956,0.9787,0.5144;1.2584,-0.5740,1.0346;3.5212,0.2611,0.6752;4.1427,0.9010,-1.5827;2.7720,1.9052,-1.0891;2.4411,1.0820,-3.3939;1.2210,0.3934,-2.3076;4.3592,-3.0511,-2.8933;5.9946,-3.5656,-4.6162;4.9186,-0.0382,-6.7502;3.2535,0.5022,-5.0612;2.5305,-2.8785,-2.1002;1.3071,-1.7149,-1.5753;4.2413,-1.5609,-0.7586;2.9240,-2.1661,0.2580;</g>
	</geometry>
	<conformers/>
	<properties/>
</molecule>
