<?xml version="1.0" ?>
<!--MOLLI PACKAGE EXPERIMENTAL XML FORMAT-->
<molecule name="nuc2230">
	<atoms>
		<a id="1" s="C" t="C.3" l="C"/>
		<a id="2" s="C" t="C.ar" l="C"/>
		<a id="3" s="C" t="C.ar" l="C"/>
		<a id="4" s="C" t="C.ar" l="C"/>
		<a id="5" s="C" t="C.ar" l="C"/>
		<a id="6" s="C" t="C.ar" l="C"/>
		<a id="7" s="C" t="C.ar" l="C"/>
		<a id="8" s="N" t="N.ar" l="N"/>
		<a id="9" s="N" t="N.ar" l="N"/>
		<a id="10" s="C" t="C.ar" l="C"/>
		<a id="11" s="N" t="N.pl3" l="N"/>
		<a id="12" s="O" t="O.2" l="O"/>
		<a id="13" s="C" t="C.ar" l="C"/>
		<a id="14" s="H" t="H" l="H"/>
		<a id="15" s="H" t="H" l="H"/>
		<a id="16" s="H" t="H" l="H"/>
		<a id="17" s="H" t="H" l="H"/>
		<a id="18" s="H" t="H" l="H"/>
		<a id="19" s="H" t="H" l="H"/>
		<a id="20" s="H" t="H" l="H"/>
		<a id="21" s="H" t="H" l="H"/>
		<a id="22" s="H" t="H" l="H"/>
	</atoms>
	<bonds>
		<b id="1" c="1 2" t="1"/>
		<b id="2" c="2 3" t="ar"/>
		<b id="3" c="3 4" t="ar"/>
		<b id="4" c="4 5" t="ar"/>
		<b id="5" c="5 6" t="ar"/>
		<b id="6" c="6 7" t="1"/>
		<b id="7" c="7 8" t="ar"/>
		<b id="8" c="8 9" t="ar"/>
		<b id="9" c="9 10" t="ar"/>
		<b id="10" c="10 11" t="1"/>
		<b id="11" c="10 12" t="ar"/>
		<b id="12" c="7 12" t="ar"/>
		<b id="13" c="6 13" t="ar"/>
		<b id="14" c="2 13" t="ar"/>
		<b id="15" c="1 14" t="1"/>
		<b id="16" c="1 15" t="1"/>
		<b id="17" c="1 16" t="1"/>
		<b id="18" c="3 17" t="1"/>
		<b id="19" c="4 18" t="1"/>
		<b id="20" c="5 19" t="1"/>
		<b id="21" c="11 20" t="1"/>
		<b id="22" c="11 21" t="1"/>
		<b id="23" c="13 22" t="1"/>
	</bonds>
	<geometry>
		<g u="A" t="cart/3d">#22,3:2.4754,0.0073,0.0283;0.9767,-0.0021,0.0138;0.2481,1.1803,0.0045;-1.1385,1.1605,-0.0139;-1.8197,-0.0390,-0.0235;-1.1001,-1.2346,-0.0129;-1.8141,-2.4885,-0.0214;-3.0938,-2.6666,-0.0742;-3.3299,-3.9955,-0.0568;-2.1681,-4.5730,0.0054;-1.9127,-5.9023,-0.0252;-1.1481,-3.6894,0.0355;0.2911,-1.2089,0.0059;2.8586,1.0239,0.0580;2.8649,-0.4847,-0.8622;2.8507,-0.5322,0.8967;0.7695,2.1268,0.0112;-1.6870,2.0907,-0.0209;-2.8966,-0.0808,-0.0388;-2.7047,-6.4869,0.1799;-1.0221,-6.1993,0.3382;0.8405,-2.1392,0.0124;</g>
	</geometry>
	<conformers/>
	<properties/>
</molecule>
