<?xml version="1.0" ?>
<!--MOLLI PACKAGE EXPERIMENTAL XML FORMAT-->
<molecule name="nuc2231">
	<atoms>
		<a id="1" s="C" t="C.3" l="C"/>
		<a id="2" s="C" t="C.ar" l="C"/>
		<a id="3" s="C" t="C.ar" l="C"/>
		<a id="4" s="C" t="C.ar" l="C"/>
		<a id="5" s="N" t="N.pl3" l="N"/>
		<a id="6" s="C" t="C.ar" l="C"/>
		<a id="7" s="C" t="C.ar" l="C"/>
		<a id="8" s="C" t="C.ar" l="C"/>
		<a id="9" s="N" t="N.pl3" l="N"/>
		<a id="10" s="C" t="C.3" l="C"/>
		<a id="11" s="C" t="C.3" l="C"/>
		<a id="12" s="C" t="C.3" l="C"/>
		<a id="13" s="N" t="N.3" l="N"/>
		<a id="14" s="C" t="C.3" l="C"/>
		<a id="15" s="C" t="C.3" l="C"/>
		<a id="16" s="C" t="C.3" l="C"/>
		<a id="17" s="H" t="H" l="H"/>
		<a id="18" s="H" t="H" l="H"/>
		<a id="19" s="H" t="H" l="H"/>
		<a id="20" s="H" t="H" l="H"/>
		<a id="21" s="H" t="H" l="H"/>
		<a id="22" s="H" t="H" l="H"/>
		<a id="23" s="H" t="H" l="H"/>
		<a id="24" s="H" t="H" l="H"/>
		<a id="25" s="H" t="H" l="H"/>
		<a id="26" s="H" t="H" l="H"/>
		<a id="27" s="H" t="H" l="H"/>
		<a id="28" s="H" t="H" l="H"/>
		<a id="29" s="H" t="H" l="H"/>
		<a id="30" s="H" t="H" l="H"/>
		<a id="31" s="H" t="H" l="H"/>
		<a id="32" s="H" t="H" l="H"/>
		<a id="33" s="H" t="H" l="H"/>
		<a id="34" s="H" t="H" l="H"/>
		<a id="35" s="H" t="H" l="H"/>
		<a id="36" s="H" t="H" l="H"/>
		<a id="37" s="H" t="H" l="H"/>
	</atoms>
	<bonds>
		<b id="1" c="1 2" t="1"/>
		<b id="2" c="2 3" t="ar"/>
		<b id="3" c="3 4" t="ar"/>
		<b id="4" c="4 5" t="1"/>
		<b id="5" c="4 6" t="ar"/>
		<b id="6" c="6 7" t="ar"/>
		<b id="7" c="7 8" t="ar"/>
		<b id="8" c="2 8" t="ar"/>
		<b id="9" c="8 9" t="1"/>
		<b id="10" c="9 10" t="1"/>
		<b id="11" c="10 11" t="1"/>
		<b id="12" c="11 12" t="1"/>
		<b id="13" c="12 13" t="1"/>
		<b id="14" c="13 14" t="1"/>
		<b id="15" c="13 15" t="1"/>
		<b id="16" c="15 16" t="1"/>
		<b id="17" c="10 16" t="1"/>
		<b id="18" c="1 17" t="1"/>
		<b id="19" c="1 18" t="1"/>
		<b id="20" c="1 19" t="1"/>
		<b id="21" c="3 20" t="1"/>
		<b id="22" c="5 21" t="1"/>
		<b id="23" c="5 22" t="1"/>
		<b id="24" c="6 23" t="1"/>
		<b id="25" c="7 24" t="1"/>
		<b id="26" c="9 25" t="1"/>
		<b id="27" c="10 26" t="1"/>
		<b id="28" c="11 27" t="1"/>
		<b id="29" c="11 28" t="1"/>
		<b id="30" c="12 29" t="1"/>
		<b id="31" c="12 30" t="1"/>
		<b id="32" c="14 31" t="1"/>
		<b id="33" c="14 32" t="1"/>
		<b id="34" c="14 33" t="1"/>
		<b id="35" c="15 34" t="1"/>
		<b id="36" c="15 35" t="1"/>
		<b id="37" c="16 36" t="1"/>
		<b id="38" c="16 37" t="1"/>
	</bonds>
	<geometry>
		<g u="A" t="cart/3d">#37,3:1.2727,4.5337,-0.7143;0.2141,3.5625,-0.2818;-1.1180,3.8921,-0.4694;-2.1575,3.0772,-0.0307;-3.4844,3.4740,-0.1716;-1.8332,1.9003,0.6352;-0.5111,1.5489,0.8061;0.5340,2.3470,0.3404;1.8529,1.9420,0.5902;2.8203,1.7896,-0.4888;2.2285,1.2047,-1.7805;1.8326,-0.2540,-1.5925;2.9883,-1.0453,-1.2084;2.6750,-2.4561,-1.1707;3.5252,-0.5860,0.0581;3.9594,0.8756,-0.0319;0.8330,5.5108,-0.8968;1.7613,4.2076,-1.6321;2.0289,4.6293,0.0621;-1.3627,4.8249,-0.9595;-3.6681,4.0933,-0.9473;-4.1540,2.7228,-0.1006;-2.6188,1.2597,1.0102;-0.2773,0.6259,1.3216;1.8429,1.1111,1.1699;3.2406,2.7772,-0.7113;2.9820,1.2674,-2.5678;1.3527,1.7794,-2.0866;1.4491,-0.6516,-2.5360;1.0212,-0.3270,-0.8445;2.3147,-2.7679,-2.1500;1.9046,-2.7025,-0.4206;3.5783,-3.0195,-0.9365;4.3960,-1.2009,0.3005;2.7902,-0.7208,0.8764;4.7707,0.9491,-0.7571;4.3323,1.2060,0.9394;</g>
	</geometry>
	<conformers/>
	<properties/>
</molecule>
