<?xml version="1.0" ?>
<!--MOLLI PACKAGE EXPERIMENTAL XML FORMAT-->
<molecule name="nuc2234">
	<atoms>
		<a id="1" s="C" t="C.3" l="C"/>
		<a id="2" s="C" t="C.3" l="C"/>
		<a id="3" s="C" t="C.3" l="C"/>
		<a id="4" s="C" t="C.3" l="C"/>
		<a id="5" s="O" t="O.3" l="O"/>
		<a id="6" s="C" t="C.2" l="C"/>
		<a id="7" s="O" t="O.2" l="O"/>
		<a id="8" s="N" t="N.am" l="N"/>
		<a id="9" s="C" t="C.3" l="C"/>
		<a id="10" s="C" t="C.3" l="C"/>
		<a id="11" s="C" t="C.3" l="C"/>
		<a id="12" s="C" t="C.3" l="C"/>
		<a id="13" s="N" t="N.am" l="N"/>
		<a id="14" s="C" t="C.2" l="C"/>
		<a id="15" s="O" t="O.2" l="O"/>
		<a id="16" s="C" t="C.ar" l="C"/>
		<a id="17" s="C" t="C.ar" l="C"/>
		<a id="18" s="C" t="C.ar" l="C"/>
		<a id="19" s="C" t="C.ar" l="C"/>
		<a id="20" s="N" t="N.pl3" l="N"/>
		<a id="21" s="N" t="N.ar" l="N"/>
		<a id="22" s="C" t="C.ar" l="C"/>
		<a id="23" s="H" t="H" l="H"/>
		<a id="24" s="H" t="H" l="H"/>
		<a id="25" s="H" t="H" l="H"/>
		<a id="26" s="H" t="H" l="H"/>
		<a id="27" s="H" t="H" l="H"/>
		<a id="28" s="H" t="H" l="H"/>
		<a id="29" s="H" t="H" l="H"/>
		<a id="30" s="H" t="H" l="H"/>
		<a id="31" s="H" t="H" l="H"/>
		<a id="32" s="H" t="H" l="H"/>
		<a id="33" s="H" t="H" l="H"/>
		<a id="34" s="H" t="H" l="H"/>
		<a id="35" s="H" t="H" l="H"/>
		<a id="36" s="H" t="H" l="H"/>
		<a id="37" s="H" t="H" l="H"/>
		<a id="38" s="H" t="H" l="H"/>
		<a id="39" s="H" t="H" l="H"/>
		<a id="40" s="H" t="H" l="H"/>
		<a id="41" s="H" t="H" l="H"/>
		<a id="42" s="H" t="H" l="H"/>
		<a id="43" s="H" t="H" l="H"/>
		<a id="44" s="H" t="H" l="H"/>
		<a id="45" s="H" t="H" l="H"/>
		<a id="46" s="H" t="H" l="H"/>
	</atoms>
	<bonds>
		<b id="1" c="1 2" t="1"/>
		<b id="2" c="2 3" t="1"/>
		<b id="3" c="2 4" t="1"/>
		<b id="4" c="2 5" t="1"/>
		<b id="5" c="5 6" t="1"/>
		<b id="6" c="6 7" t="2"/>
		<b id="7" c="6 8" t="am"/>
		<b id="8" c="8 9" t="1"/>
		<b id="9" c="9 10" t="1"/>
		<b id="10" c="10 11" t="1"/>
		<b id="11" c="11 12" t="1"/>
		<b id="12" c="12 13" t="1"/>
		<b id="13" c="13 14" t="am"/>
		<b id="14" c="14 15" t="2"/>
		<b id="15" c="14 16" t="1"/>
		<b id="16" c="16 17" t="ar"/>
		<b id="17" c="17 18" t="ar"/>
		<b id="18" c="18 19" t="ar"/>
		<b id="19" c="19 20" t="1"/>
		<b id="20" c="19 21" t="ar"/>
		<b id="21" c="21 22" t="ar"/>
		<b id="22" c="16 22" t="ar"/>
		<b id="23" c="1 23" t="1"/>
		<b id="24" c="1 24" t="1"/>
		<b id="25" c="1 25" t="1"/>
		<b id="26" c="3 26" t="1"/>
		<b id="27" c="3 27" t="1"/>
		<b id="28" c="3 28" t="1"/>
		<b id="29" c="4 29" t="1"/>
		<b id="30" c="4 30" t="1"/>
		<b id="31" c="4 31" t="1"/>
		<b id="32" c="8 32" t="1"/>
		<b id="33" c="9 33" t="1"/>
		<b id="34" c="9 34" t="1"/>
		<b id="35" c="10 35" t="1"/>
		<b id="36" c="10 36" t="1"/>
		<b id="37" c="11 37" t="1"/>
		<b id="38" c="11 38" t="1"/>
		<b id="39" c="12 39" t="1"/>
		<b id="40" c="12 40" t="1"/>
		<b id="41" c="13 41" t="1"/>
		<b id="42" c="17 42" t="1"/>
		<b id="43" c="18 43" t="1"/>
		<b id="44" c="20 44" t="1"/>
		<b id="45" c="20 45" t="1"/>
		<b id="46" c="22 46" t="1"/>
	</bonds>
	<geometry>
		<g u="A" t="cart/3d">#46,3:2.1272,-4.6975,-0.1646;2.1477,-3.1690,-0.1773;2.5105,-2.6374,-1.5636;0.7960,-2.6123,0.2722;3.0803,-2.6715,0.8123;4.3916,-2.9607,0.7184;4.9203,-3.6491,-0.1209;5.0599,-2.3263,1.7133;6.4576,-2.5654,1.9750;6.6752,-3.4931,3.1732;8.1586,-3.7556,3.4098;8.3818,-4.6598,4.6245;9.7845,-4.8882,4.8714;10.4425,-4.3233,5.9159;9.8760,-3.6584,6.7628;11.8985,-4.6125,5.9673;12.7016,-4.8024,4.8387;14.0451,-5.0488,4.9987;14.5681,-5.1050,6.3012;15.8730,-5.4104,6.5311;13.8105,-4.9031,7.3797;12.5276,-4.6600,7.2089;1.3687,-5.0596,-0.8529;1.8991,-5.0596,0.8358;3.0955,-5.0857,-0.4677;1.7601,-2.9508,-2.2840;3.4788,-3.0230,-1.8698;2.5535,-1.5504,-1.5471;0.0161,-2.9372,-0.4101;0.8263,-1.5260,0.2865;0.5620,-2.9643,1.2734;4.5101,-1.8515,2.4112;6.9572,-1.6072,2.1482;6.8653,-3.0211,1.0697;6.1593,-4.4371,2.9867;6.2395,-3.0404,4.0668;8.6768,-2.8092,3.5773;8.5899,-4.2244,2.5218;7.8766,-5.6199,4.4761;7.9858,-4.1833,5.5245;10.2945,-5.4336,4.1965;12.2889,-4.7239,3.8417;14.6959,-5.1883,4.1487;16.5370,-5.3361,5.7813;16.2042,-5.2776,7.4710;11.9505,-4.4929,8.1082;</g>
	</geometry>
	<conformers/>
	<properties/>
</molecule>
