<?xml version="1.0" ?>
<!--MOLLI PACKAGE EXPERIMENTAL XML FORMAT-->
<molecule name="nuc2235">
	<atoms>
		<a id="1" s="C" t="C.3" l="C"/>
		<a id="2" s="C" t="C.ar" l="C"/>
		<a id="3" s="C" t="C.ar" l="C"/>
		<a id="4" s="C" t="C.ar" l="C"/>
		<a id="5" s="C" t="C.ar" l="C"/>
		<a id="6" s="C" t="C.ar" l="C"/>
		<a id="7" s="N" t="N.am" l="N"/>
		<a id="8" s="C" t="C.2" l="C"/>
		<a id="9" s="O" t="O.2" l="O"/>
		<a id="10" s="C" t="C.3" l="C"/>
		<a id="11" s="C" t="C.2" l="C"/>
		<a id="12" s="O" t="O.2" l="O"/>
		<a id="13" s="N" t="N.am" l="N"/>
		<a id="14" s="C" t="C.ar" l="C"/>
		<a id="15" s="C" t="C.ar" l="C"/>
		<a id="16" s="C" t="C.ar" l="C"/>
		<a id="17" s="C" t="C.ar" l="C"/>
		<a id="18" s="N" t="N.pl3" l="N"/>
		<a id="19" s="C" t="C.ar" l="C"/>
		<a id="20" s="C" t="C.ar" l="C"/>
		<a id="21" s="C" t="C.3" l="C"/>
		<a id="22" s="C" t="C.3" l="C"/>
		<a id="23" s="C" t="C.ar" l="C"/>
		<a id="24" s="H" t="H" l="H"/>
		<a id="25" s="H" t="H" l="H"/>
		<a id="26" s="H" t="H" l="H"/>
		<a id="27" s="H" t="H" l="H"/>
		<a id="28" s="H" t="H" l="H"/>
		<a id="29" s="H" t="H" l="H"/>
		<a id="30" s="H" t="H" l="H"/>
		<a id="31" s="H" t="H" l="H"/>
		<a id="32" s="H" t="H" l="H"/>
		<a id="33" s="H" t="H" l="H"/>
		<a id="34" s="H" t="H" l="H"/>
		<a id="35" s="H" t="H" l="H"/>
		<a id="36" s="H" t="H" l="H"/>
		<a id="37" s="H" t="H" l="H"/>
		<a id="38" s="H" t="H" l="H"/>
		<a id="39" s="H" t="H" l="H"/>
		<a id="40" s="H" t="H" l="H"/>
		<a id="41" s="H" t="H" l="H"/>
		<a id="42" s="H" t="H" l="H"/>
	</atoms>
	<bonds>
		<b id="1" c="1 2" t="1"/>
		<b id="2" c="2 3" t="ar"/>
		<b id="3" c="3 4" t="ar"/>
		<b id="4" c="4 5" t="ar"/>
		<b id="5" c="5 6" t="ar"/>
		<b id="6" c="6 7" t="1"/>
		<b id="7" c="7 8" t="am"/>
		<b id="8" c="8 9" t="2"/>
		<b id="9" c="8 10" t="1"/>
		<b id="10" c="10 11" t="1"/>
		<b id="11" c="11 12" t="2"/>
		<b id="12" c="11 13" t="am"/>
		<b id="13" c="13 14" t="1"/>
		<b id="14" c="14 15" t="ar"/>
		<b id="15" c="15 16" t="ar"/>
		<b id="16" c="16 17" t="ar"/>
		<b id="17" c="17 18" t="1"/>
		<b id="18" c="17 19" t="ar"/>
		<b id="19" c="19 20" t="ar"/>
		<b id="20" c="14 20" t="ar"/>
		<b id="21" c="10 21" t="1"/>
		<b id="22" c="21 22" t="1"/>
		<b id="23" c="10 22" t="1"/>
		<b id="24" c="6 23" t="ar"/>
		<b id="25" c="2 23" t="ar"/>
		<b id="26" c="1 24" t="1"/>
		<b id="27" c="1 25" t="1"/>
		<b id="28" c="1 26" t="1"/>
		<b id="29" c="3 27" t="1"/>
		<b id="30" c="4 28" t="1"/>
		<b id="31" c="5 29" t="1"/>
		<b id="32" c="7 30" t="1"/>
		<b id="33" c="13 31" t="1"/>
		<b id="34" c="15 32" t="1"/>
		<b id="35" c="16 33" t="1"/>
		<b id="36" c="18 34" t="1"/>
		<b id="37" c="18 35" t="1"/>
		<b id="38" c="19 36" t="1"/>
		<b id="39" c="20 37" t="1"/>
		<b id="40" c="21 38" t="1"/>
		<b id="41" c="21 39" t="1"/>
		<b id="42" c="22 40" t="1"/>
		<b id="43" c="22 41" t="1"/>
		<b id="44" c="23 42" t="1"/>
	</bonds>
	<geometry>
		<g u="A" t="cart/3d">#42,3:-3.5637,3.1976,-2.8325;-2.8776,1.8657,-2.7787;-1.7180,1.6207,-3.5027;-1.1025,0.3825,-3.4392;-1.6255,-0.6316,-2.6589;-2.7873,-0.3976,-1.9297;-3.3867,-1.3672,-1.1206;-2.9272,-2.5926,-0.7769;-1.8932,-3.1053,-1.1515;-3.8910,-3.3128,0.1524;-4.4201,-2.4470,1.2571;-5.1854,-1.5201,1.0182;-4.0407,-2.7053,2.5258;-3.0394,-3.5609,3.0254;-1.8199,-3.7333,2.3776;-0.8613,-4.5637,2.9181;-1.0825,-5.2310,4.1241;-0.1493,-6.1122,4.6218;-2.2974,-5.0298,4.7815;-3.2602,-4.2058,4.2382;-3.7611,-4.7994,0.2834;-4.8703,-4.2334,-0.5435;-3.4038,0.8482,-1.9973;-2.9827,3.9113,-3.4109;-3.7054,3.5939,-1.8282;-4.5465,3.0979,-3.2921;-1.2950,2.4019,-4.1173;-0.2008,0.2027,-4.0058;-1.1439,-1.5931,-2.6073;-4.2517,-1.0766,-0.6676;-4.5373,-2.1567,3.2190;-1.6113,-3.2163,1.4556;0.0798,-4.6949,2.4051;0.7905,-6.0189,4.2748;-0.2221,-6.3508,5.5969;-2.4828,-5.5287,5.7221;-4.1969,-4.0591,4.7573;-4.0043,-5.2611,1.2279;-2.9247,-5.2520,-0.2281;-5.8791,-4.2703,-0.1589;-4.8079,-4.3097,-1.6189;-4.3057,1.0224,-1.4261;</g>
	</geometry>
	<conformers/>
	<properties/>
</molecule>
