<?xml version="1.0" ?>
<!--MOLLI PACKAGE EXPERIMENTAL XML FORMAT-->
<molecule name="nuc2240">
	<atoms>
		<a id="1" s="N" t="N.pl3" l="N"/>
		<a id="2" s="C" t="C.ar" l="C"/>
		<a id="3" s="C" t="C.ar" l="C"/>
		<a id="4" s="C" t="C.ar" l="C"/>
		<a id="5" s="N" t="N.ar" l="N"/>
		<a id="6" s="C" t="C.ar" l="C"/>
		<a id="7" s="N" t="N.pl3" l="N"/>
		<a id="8" s="C" t="C.3" l="C"/>
		<a id="9" s="C" t="C.3" l="C"/>
		<a id="10" s="C" t="C.3" l="C"/>
		<a id="11" s="O" t="O.3" l="O"/>
		<a id="12" s="C" t="C.3" l="C"/>
		<a id="13" s="F" t="F" l="F"/>
		<a id="14" s="F" t="F" l="F"/>
		<a id="15" s="F" t="F" l="F"/>
		<a id="16" s="C" t="C.3" l="C"/>
		<a id="17" s="C" t="C.3" l="C"/>
		<a id="18" s="C" t="C.ar" l="C"/>
		<a id="19" s="H" t="H" l="H"/>
		<a id="20" s="H" t="H" l="H"/>
		<a id="21" s="H" t="H" l="H"/>
		<a id="22" s="H" t="H" l="H"/>
		<a id="23" s="H" t="H" l="H"/>
		<a id="24" s="H" t="H" l="H"/>
		<a id="25" s="H" t="H" l="H"/>
		<a id="26" s="H" t="H" l="H"/>
		<a id="27" s="H" t="H" l="H"/>
		<a id="28" s="H" t="H" l="H"/>
		<a id="29" s="H" t="H" l="H"/>
		<a id="30" s="H" t="H" l="H"/>
		<a id="31" s="H" t="H" l="H"/>
		<a id="32" s="H" t="H" l="H"/>
	</atoms>
	<bonds>
		<b id="1" c="1 2" t="1"/>
		<b id="2" c="2 3" t="ar"/>
		<b id="3" c="3 4" t="ar"/>
		<b id="4" c="4 5" t="ar"/>
		<b id="5" c="5 6" t="ar"/>
		<b id="6" c="6 7" t="1"/>
		<b id="7" c="7 8" t="1"/>
		<b id="8" c="8 9" t="1"/>
		<b id="9" c="9 10" t="1"/>
		<b id="10" c="10 11" t="1"/>
		<b id="11" c="10 12" t="1"/>
		<b id="12" c="12 13" t="1"/>
		<b id="13" c="12 14" t="1"/>
		<b id="14" c="12 15" t="1"/>
		<b id="15" c="10 16" t="1"/>
		<b id="16" c="16 17" t="1"/>
		<b id="17" c="7 17" t="1"/>
		<b id="18" c="6 18" t="ar"/>
		<b id="19" c="2 18" t="ar"/>
		<b id="20" c="1 19" t="1"/>
		<b id="21" c="1 20" t="1"/>
		<b id="22" c="3 21" t="1"/>
		<b id="23" c="4 22" t="1"/>
		<b id="24" c="8 23" t="1"/>
		<b id="25" c="8 24" t="1"/>
		<b id="26" c="9 25" t="1"/>
		<b id="27" c="9 26" t="1"/>
		<b id="28" c="11 27" t="1"/>
		<b id="29" c="16 28" t="1"/>
		<b id="30" c="16 29" t="1"/>
		<b id="31" c="17 30" t="1"/>
		<b id="32" c="17 31" t="1"/>
		<b id="33" c="18 32" t="1"/>
	</bonds>
	<geometry>
		<g u="A" t="cart/3d">#32,3:2.0540,0.1613,1.1639;0.8870,-0.0741,0.4811;0.5405,0.6985,-0.6349;-0.6102,0.3666,-1.3128;-1.4060,-0.6370,-0.9861;-1.0904,-1.3845,0.0768;-2.0045,-2.3610,0.4103;-3.0479,-2.6563,-0.5461;-2.5658,-3.6929,-1.5672;-2.1193,-4.9643,-0.8299;-3.1932,-5.6216,-0.2029;-1.4964,-5.9423,-1.8483;-0.4689,-5.4111,-2.5249;-1.0418,-7.0640,-1.2773;-2.4049,-6.3255,-2.7665;-1.0787,-4.6275,0.2447;-1.6377,-3.5342,1.1646;0.0529,-1.1275,0.8384;2.4847,1.0618,1.0368;2.1385,-0.2334,2.0858;1.1599,1.5244,-0.9470;-0.9261,0.9332,-2.1798;-3.3154,-1.7318,-1.0546;-3.9091,-3.0480,0.0027;-1.7231,-3.2769,-2.1210;-3.3637,-3.9320,-2.2738;-3.8770,-5.8249,-0.8537;-0.1659,-4.2756,-0.2389;-0.8604,-5.5274,0.8202;-0.9091,-3.2899,1.9344;-2.5391,-3.9154,1.6530;0.3075,-1.7191,1.7034;</g>
	</geometry>
	<conformers/>
	<properties/>
</molecule>
