<?xml version="1.0" ?>
<!--MOLLI PACKAGE EXPERIMENTAL XML FORMAT-->
<molecule name="nuc2243">
	<atoms>
		<a id="1" s="N" t="N.3" l="N"/>
		<a id="2" s="C" t="C.3" l="C"/>
		<a id="3" s="C" t="C.3" l="C"/>
		<a id="4" s="C" t="C.3" l="C"/>
		<a id="5" s="C" t="C.3" l="C"/>
		<a id="6" s="C" t="C.3" l="C"/>
		<a id="7" s="C" t="C.3" l="C"/>
		<a id="8" s="C" t="C.3" l="C"/>
		<a id="9" s="C" t="C.3" l="C"/>
		<a id="10" s="C" t="C.3" l="C"/>
		<a id="11" s="C" t="C.3" l="C"/>
		<a id="12" s="C" t="C.3" l="C"/>
		<a id="13" s="C" t="C.3" l="C"/>
		<a id="14" s="H" t="H" l="H"/>
		<a id="15" s="H" t="H" l="H"/>
		<a id="16" s="H" t="H" l="H"/>
		<a id="17" s="H" t="H" l="H"/>
		<a id="18" s="H" t="H" l="H"/>
		<a id="19" s="H" t="H" l="H"/>
		<a id="20" s="H" t="H" l="H"/>
		<a id="21" s="H" t="H" l="H"/>
		<a id="22" s="H" t="H" l="H"/>
		<a id="23" s="H" t="H" l="H"/>
		<a id="24" s="H" t="H" l="H"/>
		<a id="25" s="H" t="H" l="H"/>
		<a id="26" s="H" t="H" l="H"/>
		<a id="27" s="H" t="H" l="H"/>
		<a id="28" s="H" t="H" l="H"/>
		<a id="29" s="H" t="H" l="H"/>
		<a id="30" s="H" t="H" l="H"/>
		<a id="31" s="H" t="H" l="H"/>
		<a id="32" s="H" t="H" l="H"/>
		<a id="33" s="H" t="H" l="H"/>
		<a id="34" s="H" t="H" l="H"/>
	</atoms>
	<bonds>
		<b id="1" c="1 2" t="1"/>
		<b id="2" c="2 3" t="1"/>
		<b id="3" c="3 4" t="1"/>
		<b id="4" c="4 5" t="1"/>
		<b id="5" c="5 6" t="1"/>
		<b id="6" c="6 7" t="1"/>
		<b id="7" c="7 8" t="1"/>
		<b id="8" c="8 9" t="1"/>
		<b id="9" c="9 10" t="1"/>
		<b id="10" c="5 10" t="1"/>
		<b id="11" c="9 11" t="1"/>
		<b id="12" c="11 12" t="1"/>
		<b id="13" c="4 12" t="1"/>
		<b id="14" c="12 13" t="1"/>
		<b id="15" c="7 13" t="1"/>
		<b id="16" c="1 14" t="1"/>
		<b id="17" c="1 15" t="1"/>
		<b id="18" c="2 16" t="1"/>
		<b id="19" c="2 17" t="1"/>
		<b id="20" c="3 18" t="1"/>
		<b id="21" c="3 19" t="1"/>
		<b id="22" c="4 20" t="1"/>
		<b id="23" c="5 21" t="1"/>
		<b id="24" c="6 22" t="1"/>
		<b id="25" c="6 23" t="1"/>
		<b id="26" c="7 24" t="1"/>
		<b id="27" c="8 25" t="1"/>
		<b id="28" c="8 26" t="1"/>
		<b id="29" c="9 27" t="1"/>
		<b id="30" c="10 28" t="1"/>
		<b id="31" c="10 29" t="1"/>
		<b id="32" c="11 30" t="1"/>
		<b id="33" c="11 31" t="1"/>
		<b id="34" c="12 32" t="1"/>
		<b id="35" c="13 33" t="1"/>
		<b id="36" c="13 34" t="1"/>
	</bonds>
	<geometry>
		<g u="A" t="cart/3d">#34,3:2.7175,2.4948,2.8858;2.2337,1.1778,2.5013;2.7930,0.7825,1.1347;4.3253,0.7540,1.1178;4.9004,0.8303,-0.3024;6.4141,1.0285,-0.2156;7.0411,-0.1607,0.5099;6.7511,-1.4409,-0.2721;5.2397,-1.6425,-0.3672;4.6087,-0.4503,-1.0840;4.6551,-1.7569,1.0389;4.9334,-0.4701,1.8149;6.4473,-0.2731,1.9134;2.3563,2.7528,3.7970;2.3999,3.1897,2.2176;1.1312,1.1190,2.4604;2.5731,0.4704,3.2623;2.4513,1.5161,0.3990;2.3743,-0.1841,0.8558;4.6474,1.6473,1.6644;4.4555,1.6841,-0.8275;6.6374,1.9526,0.3224;6.8364,1.1148,-1.2199;8.1253,-0.0148,0.5824;7.2095,-2.2964,0.2298;7.1817,-1.3709,-1.2740;5.0283,-2.5606,-0.9283;3.5316,-0.5982,-1.1793;5.0215,-0.3647,-2.0924;5.1115,-2.6015,1.5615;3.5822,-1.9496,0.9830;4.5188,-0.5583,2.8243;6.8989,-1.1180,2.4393;6.6670,0.6322,2.4835;</g>
	</geometry>
	<conformers/>
	<properties/>
</molecule>
