<?xml version="1.0" ?>
<!--MOLLI PACKAGE EXPERIMENTAL XML FORMAT-->
<molecule name="nuc2246">
	<atoms>
		<a id="1" s="N" t="N.pl3" l="N"/>
		<a id="2" s="C" t="C.ar" l="C"/>
		<a id="3" s="C" t="C.ar" l="C"/>
		<a id="4" s="C" t="C.ar" l="C"/>
		<a id="5" s="C" t="C.ar" l="C"/>
		<a id="6" s="C" t="C.3" l="C"/>
		<a id="7" s="F" t="F" l="F"/>
		<a id="8" s="F" t="F" l="F"/>
		<a id="9" s="F" t="F" l="F"/>
		<a id="10" s="C" t="C.ar" l="C"/>
		<a id="11" s="N" t="N.pl3" l="N"/>
		<a id="12" s="C" t="C.3" l="C"/>
		<a id="13" s="C" t="C.3" l="C"/>
		<a id="14" s="S" t="S.O2" l="S"/>
		<a id="15" s="O" t="O.2" l="O"/>
		<a id="16" s="O" t="O.2" l="O"/>
		<a id="17" s="C" t="C.3" l="C"/>
		<a id="18" s="C" t="C.3" l="C"/>
		<a id="19" s="C" t="C.ar" l="C"/>
		<a id="20" s="H" t="H" l="H"/>
		<a id="21" s="H" t="H" l="H"/>
		<a id="22" s="H" t="H" l="H"/>
		<a id="23" s="H" t="H" l="H"/>
		<a id="24" s="H" t="H" l="H"/>
		<a id="25" s="H" t="H" l="H"/>
		<a id="26" s="H" t="H" l="H"/>
		<a id="27" s="H" t="H" l="H"/>
		<a id="28" s="H" t="H" l="H"/>
		<a id="29" s="H" t="H" l="H"/>
		<a id="30" s="H" t="H" l="H"/>
		<a id="31" s="H" t="H" l="H"/>
		<a id="32" s="H" t="H" l="H"/>
	</atoms>
	<bonds>
		<b id="1" c="1 2" t="1"/>
		<b id="2" c="2 3" t="ar"/>
		<b id="3" c="3 4" t="ar"/>
		<b id="4" c="4 5" t="ar"/>
		<b id="5" c="5 6" t="1"/>
		<b id="6" c="6 7" t="1"/>
		<b id="7" c="6 8" t="1"/>
		<b id="8" c="6 9" t="1"/>
		<b id="9" c="5 10" t="ar"/>
		<b id="10" c="10 11" t="1"/>
		<b id="11" c="11 12" t="1"/>
		<b id="12" c="12 13" t="1"/>
		<b id="13" c="13 14" t="1"/>
		<b id="14" c="14 15" t="2"/>
		<b id="15" c="14 16" t="2"/>
		<b id="16" c="14 17" t="1"/>
		<b id="17" c="17 18" t="1"/>
		<b id="18" c="11 18" t="1"/>
		<b id="19" c="10 19" t="ar"/>
		<b id="20" c="2 19" t="ar"/>
		<b id="21" c="1 20" t="1"/>
		<b id="22" c="1 21" t="1"/>
		<b id="23" c="3 22" t="1"/>
		<b id="24" c="4 23" t="1"/>
		<b id="25" c="12 24" t="1"/>
		<b id="26" c="12 25" t="1"/>
		<b id="27" c="13 26" t="1"/>
		<b id="28" c="13 27" t="1"/>
		<b id="29" c="17 28" t="1"/>
		<b id="30" c="17 29" t="1"/>
		<b id="31" c="18 30" t="1"/>
		<b id="32" c="18 31" t="1"/>
		<b id="33" c="19 32" t="1"/>
	</bonds>
	<geometry>
		<g u="A" t="cart/3d">#32,3:2.2632,-0.2334,0.1324;0.9030,-0.1085,0.1402;0.3014,1.1488,0.2586;-1.0669,1.2647,0.1922;-1.8765,0.1462,0.0154;-3.3494,0.3578,-0.1387;-3.6479,1.6056,-0.5344;-3.9225,-0.4564,-1.0429;-4.0506,0.1753,1.0084;-1.2961,-1.1327,-0.0635;-2.1080,-2.2625,-0.2247;-1.5866,-3.3695,-0.9993;-2.7287,-4.0451,-1.7396;-3.8328,-4.7473,-0.4784;-5.0164,-5.2695,-1.1024;-3.0668,-5.6452,0.3461;-4.2280,-3.2655,0.4896;-2.8966,-2.6791,0.9215;0.0885,-1.2308,-0.0111;2.8111,0.5403,0.4671;2.6577,-1.1491,0.2597;0.9153,2.0256,0.3927;-1.5239,2.2396,0.2628;-1.1003,-4.1268,-0.3649;-0.8626,-2.9801,-1.7189;-2.3822,-4.8578,-2.3710;-3.3188,-3.3376,-2.3137;-4.8299,-3.5663,1.3418;-4.7902,-2.6025,-0.1589;-2.3585,-3.4566,1.4871;-3.0513,-1.8264,1.5840;0.5537,-2.2031,-0.0649;</g>
	</geometry>
	<conformers/>
	<properties/>
</molecule>
