<?xml version="1.0" ?>
<!--MOLLI PACKAGE EXPERIMENTAL XML FORMAT-->
<molecule name="nuc2248">
	<atoms>
		<a id="1" s="C" t="C.3" l="C"/>
		<a id="2" s="C" t="C.3" l="C"/>
		<a id="3" s="C" t="C.3" l="C"/>
		<a id="4" s="O" t="O.3" l="O"/>
		<a id="5" s="C" t="C.ar" l="C"/>
		<a id="6" s="C" t="C.ar" l="C"/>
		<a id="7" s="C" t="C.ar" l="C"/>
		<a id="8" s="C" t="C.ar" l="C"/>
		<a id="9" s="C" t="C.ar" l="C"/>
		<a id="10" s="N" t="N.pl3" l="N"/>
		<a id="11" s="C" t="C.ar" l="C"/>
		<a id="12" s="C" t="C.ar" l="C"/>
		<a id="13" s="C" t="C.ar" l="C"/>
		<a id="14" s="C" t="C.ar" l="C"/>
		<a id="15" s="N" t="N.ar" l="N"/>
		<a id="16" s="H" t="H" l="H"/>
		<a id="17" s="H" t="H" l="H"/>
		<a id="18" s="H" t="H" l="H"/>
		<a id="19" s="H" t="H" l="H"/>
		<a id="20" s="H" t="H" l="H"/>
		<a id="21" s="H" t="H" l="H"/>
		<a id="22" s="H" t="H" l="H"/>
		<a id="23" s="H" t="H" l="H"/>
		<a id="24" s="H" t="H" l="H"/>
		<a id="25" s="H" t="H" l="H"/>
		<a id="26" s="H" t="H" l="H"/>
		<a id="27" s="H" t="H" l="H"/>
		<a id="28" s="H" t="H" l="H"/>
		<a id="29" s="H" t="H" l="H"/>
	</atoms>
	<bonds>
		<b id="1" c="1 2" t="1"/>
		<b id="2" c="2 3" t="1"/>
		<b id="3" c="2 4" t="1"/>
		<b id="4" c="2 5" t="1"/>
		<b id="5" c="5 6" t="ar"/>
		<b id="6" c="6 7" t="ar"/>
		<b id="7" c="7 8" t="ar"/>
		<b id="8" c="8 9" t="ar"/>
		<b id="9" c="9 10" t="1"/>
		<b id="10" c="9 11" t="ar"/>
		<b id="11" c="11 12" t="ar"/>
		<b id="12" c="12 13" t="ar"/>
		<b id="13" c="7 13" t="ar"/>
		<b id="14" c="13 14" t="ar"/>
		<b id="15" c="14 15" t="ar"/>
		<b id="16" c="5 15" t="ar"/>
		<b id="17" c="1 16" t="1"/>
		<b id="18" c="1 17" t="1"/>
		<b id="19" c="1 18" t="1"/>
		<b id="20" c="3 19" t="1"/>
		<b id="21" c="3 20" t="1"/>
		<b id="22" c="3 21" t="1"/>
		<b id="23" c="4 22" t="1"/>
		<b id="24" c="6 23" t="1"/>
		<b id="25" c="8 24" t="1"/>
		<b id="26" c="10 25" t="1"/>
		<b id="27" c="10 26" t="1"/>
		<b id="28" c="11 27" t="1"/>
		<b id="29" c="12 28" t="1"/>
		<b id="30" c="14 29" t="1"/>
	</bonds>
	<geometry>
		<g u="A" t="cart/3d">#29,3:0.9458,0.1282,0.2896;2.4403,-0.0537,-0.0079;2.6661,-0.1607,-1.5224;3.1861,1.0277,0.5277;2.9202,-1.3335,0.6463;3.9319,-1.3528,1.5685;4.3369,-2.5814,2.1325;5.3635,-2.6901,3.0826;5.7200,-3.9186,3.5988;6.7708,-4.0479,4.4759;5.0344,-5.0800,3.1656;4.0319,-4.9990,2.2465;3.6559,-3.7525,1.7050;2.6311,-3.5926,0.7522;2.2745,-2.4477,0.2419;0.5553,0.9965,-0.2393;0.8001,0.2712,1.3581;0.4052,-0.7583,-0.0262;2.2605,0.7131,-2.0308;2.1765,-1.0540,-1.8975;3.7321,-0.2263,-1.7298;2.8767,1.8343,0.1009;4.4149,-0.4340,1.8583;5.8783,-1.7966,3.4063;7.0831,-3.2130,4.9425;6.8146,-4.8914,5.0225;5.3253,-6.0350,3.5807;3.5109,-5.8883,1.9214;2.0844,-4.4597,0.3985;</g>
	</geometry>
	<conformers/>
	<properties/>
</molecule>
