<?xml version="1.0" ?>
<!--MOLLI PACKAGE EXPERIMENTAL XML FORMAT-->
<molecule name="nuc2249">
	<atoms>
		<a id="1" s="N" t="N.pl3" l="N"/>
		<a id="2" s="C" t="C.ar" l="C"/>
		<a id="3" s="C" t="C.ar" l="C"/>
		<a id="4" s="C" t="C.ar" l="C"/>
		<a id="5" s="N" t="N.ar" l="N"/>
		<a id="6" s="C" t="C.ar" l="C"/>
		<a id="7" s="N" t="N.pl3" l="N"/>
		<a id="8" s="C" t="C.ar" l="C"/>
		<a id="9" s="C" t="C.ar" l="C"/>
		<a id="10" s="C" t="C.ar" l="C"/>
		<a id="11" s="N" t="N.ar" l="N"/>
		<a id="12" s="C" t="C.ar" l="C"/>
		<a id="13" s="C" t="C.3" l="C"/>
		<a id="14" s="F" t="F" l="F"/>
		<a id="15" s="F" t="F" l="F"/>
		<a id="16" s="F" t="F" l="F"/>
		<a id="17" s="C" t="C.ar" l="C"/>
		<a id="18" s="C" t="C.ar" l="C"/>
		<a id="19" s="H" t="H" l="H"/>
		<a id="20" s="H" t="H" l="H"/>
		<a id="21" s="H" t="H" l="H"/>
		<a id="22" s="H" t="H" l="H"/>
		<a id="23" s="H" t="H" l="H"/>
		<a id="24" s="H" t="H" l="H"/>
		<a id="25" s="H" t="H" l="H"/>
		<a id="26" s="H" t="H" l="H"/>
		<a id="27" s="H" t="H" l="H"/>
	</atoms>
	<bonds>
		<b id="1" c="1 2" t="1"/>
		<b id="2" c="2 3" t="ar"/>
		<b id="3" c="3 4" t="ar"/>
		<b id="4" c="4 5" t="ar"/>
		<b id="5" c="5 6" t="ar"/>
		<b id="6" c="6 7" t="1"/>
		<b id="7" c="7 8" t="1"/>
		<b id="8" c="8 9" t="ar"/>
		<b id="9" c="9 10" t="ar"/>
		<b id="10" c="10 11" t="ar"/>
		<b id="11" c="11 12" t="ar"/>
		<b id="12" c="12 13" t="1"/>
		<b id="13" c="13 14" t="1"/>
		<b id="14" c="13 15" t="1"/>
		<b id="15" c="13 16" t="1"/>
		<b id="16" c="12 17" t="ar"/>
		<b id="17" c="8 17" t="ar"/>
		<b id="18" c="6 18" t="ar"/>
		<b id="19" c="2 18" t="ar"/>
		<b id="20" c="1 19" t="1"/>
		<b id="21" c="1 20" t="1"/>
		<b id="22" c="3 21" t="1"/>
		<b id="23" c="4 22" t="1"/>
		<b id="24" c="7 23" t="1"/>
		<b id="25" c="9 24" t="1"/>
		<b id="26" c="10 25" t="1"/>
		<b id="27" c="17 26" t="1"/>
		<b id="28" c="18 27" t="1"/>
	</bonds>
	<geometry>
		<g u="A" t="cart/3d">#27,3:1.3766,0.2105,2.4530;0.4455,0.1441,1.4574;0.1588,1.2616,0.6590;-0.7507,1.1206,-0.3634;-1.3818,-0.0088,-0.6486;-1.1149,-1.0739,0.0967;-1.7532,-2.2697,-0.1816;-2.7342,-2.5548,-1.0910;-3.2164,-3.8688,-1.1767;-4.2163,-4.1641,-2.0804;-4.7653,-3.2683,-2.8846;-4.3050,-2.0294,-2.8024;-4.9568,-1.0133,-3.7088;-5.7644,-1.5480,-4.6238;-5.6981,-0.1292,-3.0095;-4.0487,-0.2773,-4.3775;-3.3055,-1.6049,-1.9458;-0.2112,-1.0470,1.1590;1.6672,1.1198,2.7679;1.4050,-0.5302,3.1321;0.6433,2.2061,0.8484;-1.0039,1.9553,-1.0028;-1.4580,-3.0488,0.3913;-2.8100,-4.6419,-0.5412;-4.6083,-5.1674,-2.1714;-2.9639,-0.5840,-1.9243;-0.0214,-1.9346,1.7456;</g>
	</geometry>
	<conformers/>
	<properties/>
</molecule>
