<?xml version="1.0" ?>
<!--MOLLI PACKAGE EXPERIMENTAL XML FORMAT-->
<molecule name="nuc2250">
	<atoms>
		<a id="1" s="C" t="C.3" l="C"/>
		<a id="2" s="C" t="C.3" l="C"/>
		<a id="3" s="O" t="O.3" l="O"/>
		<a id="4" s="C" t="C.ar" l="C"/>
		<a id="5" s="C" t="C.ar" l="C"/>
		<a id="6" s="C" t="C.ar" l="C"/>
		<a id="7" s="N" t="N.pl3" l="N"/>
		<a id="8" s="C" t="C.ar" l="C"/>
		<a id="9" s="C" t="C.ar" l="C"/>
		<a id="10" s="C" t="C.ar" l="C"/>
		<a id="11" s="N" t="N.pl3" l="N"/>
		<a id="12" s="C" t="C.3" l="C"/>
		<a id="13" s="C" t="C.3" l="C"/>
		<a id="14" s="C" t="C.3" l="C"/>
		<a id="15" s="N" t="N.3" l="N"/>
		<a id="16" s="C" t="C.3" l="C"/>
		<a id="17" s="C" t="C.3" l="C"/>
		<a id="18" s="N" t="N.3" l="N"/>
		<a id="19" s="C" t="C.3" l="C"/>
		<a id="20" s="C" t="C.3" l="C"/>
		<a id="21" s="C" t="C.3" l="C"/>
		<a id="22" s="C" t="C.3" l="C"/>
		<a id="23" s="C" t="C.3" l="C"/>
		<a id="24" s="H" t="H" l="H"/>
		<a id="25" s="H" t="H" l="H"/>
		<a id="26" s="H" t="H" l="H"/>
		<a id="27" s="H" t="H" l="H"/>
		<a id="28" s="H" t="H" l="H"/>
		<a id="29" s="H" t="H" l="H"/>
		<a id="30" s="H" t="H" l="H"/>
		<a id="31" s="H" t="H" l="H"/>
		<a id="32" s="H" t="H" l="H"/>
		<a id="33" s="H" t="H" l="H"/>
		<a id="34" s="H" t="H" l="H"/>
		<a id="35" s="H" t="H" l="H"/>
		<a id="36" s="H" t="H" l="H"/>
		<a id="37" s="H" t="H" l="H"/>
		<a id="38" s="H" t="H" l="H"/>
		<a id="39" s="H" t="H" l="H"/>
		<a id="40" s="H" t="H" l="H"/>
		<a id="41" s="H" t="H" l="H"/>
		<a id="42" s="H" t="H" l="H"/>
		<a id="43" s="H" t="H" l="H"/>
		<a id="44" s="H" t="H" l="H"/>
		<a id="45" s="H" t="H" l="H"/>
		<a id="46" s="H" t="H" l="H"/>
		<a id="47" s="H" t="H" l="H"/>
		<a id="48" s="H" t="H" l="H"/>
		<a id="49" s="H" t="H" l="H"/>
		<a id="50" s="H" t="H" l="H"/>
		<a id="51" s="H" t="H" l="H"/>
		<a id="52" s="H" t="H" l="H"/>
		<a id="53" s="H" t="H" l="H"/>
	</atoms>
	<bonds>
		<b id="1" c="1 2" t="1"/>
		<b id="2" c="2 3" t="1"/>
		<b id="3" c="3 4" t="1"/>
		<b id="4" c="4 5" t="ar"/>
		<b id="5" c="5 6" t="ar"/>
		<b id="6" c="6 7" t="1"/>
		<b id="7" c="6 8" t="ar"/>
		<b id="8" c="8 9" t="ar"/>
		<b id="9" c="9 10" t="ar"/>
		<b id="10" c="4 10" t="ar"/>
		<b id="11" c="10 11" t="1"/>
		<b id="12" c="11 12" t="1"/>
		<b id="13" c="12 13" t="1"/>
		<b id="14" c="13 14" t="1"/>
		<b id="15" c="14 15" t="1"/>
		<b id="16" c="15 16" t="1"/>
		<b id="17" c="16 17" t="1"/>
		<b id="18" c="17 18" t="1"/>
		<b id="19" c="18 19" t="1"/>
		<b id="20" c="18 20" t="1"/>
		<b id="21" c="20 21" t="1"/>
		<b id="22" c="15 21" t="1"/>
		<b id="23" c="14 22" t="1"/>
		<b id="24" c="22 23" t="1"/>
		<b id="25" c="11 23" t="1"/>
		<b id="26" c="1 24" t="1"/>
		<b id="27" c="1 25" t="1"/>
		<b id="28" c="1 26" t="1"/>
		<b id="29" c="2 27" t="1"/>
		<b id="30" c="2 28" t="1"/>
		<b id="31" c="5 29" t="1"/>
		<b id="32" c="7 30" t="1"/>
		<b id="33" c="7 31" t="1"/>
		<b id="34" c="8 32" t="1"/>
		<b id="35" c="9 33" t="1"/>
		<b id="36" c="12 34" t="1"/>
		<b id="37" c="12 35" t="1"/>
		<b id="38" c="13 36" t="1"/>
		<b id="39" c="13 37" t="1"/>
		<b id="40" c="14 38" t="1"/>
		<b id="41" c="16 39" t="1"/>
		<b id="42" c="16 40" t="1"/>
		<b id="43" c="17 41" t="1"/>
		<b id="44" c="17 42" t="1"/>
		<b id="45" c="19 43" t="1"/>
		<b id="46" c="19 44" t="1"/>
		<b id="47" c="19 45" t="1"/>
		<b id="48" c="20 46" t="1"/>
		<b id="49" c="20 47" t="1"/>
		<b id="50" c="21 48" t="1"/>
		<b id="51" c="21 49" t="1"/>
		<b id="52" c="22 50" t="1"/>
		<b id="53" c="22 51" t="1"/>
		<b id="54" c="23 52" t="1"/>
		<b id="55" c="23 53" t="1"/>
	</bonds>
	<geometry>
		<g u="A" t="cart/3d">#53,3:3.1632,2.9874,-4.6903;4.0901,2.0556,-3.9232;4.2146,2.5642,-2.6149;5.0008,1.9021,-1.7072;5.6671,0.7231,-2.0028;6.4082,0.0420,-1.0386;6.9892,-1.1834,-1.3412;6.4852,0.5736,0.2425;5.8546,1.7669,0.5289;5.1080,2.4640,-0.4176;4.5511,3.6870,-0.0291;4.2856,4.7288,-0.9903;4.3715,6.0785,-0.2733;3.3710,6.1836,0.8831;1.9659,6.1515,0.4689;1.6006,6.8504,-0.7491;1.5944,8.3754,-0.5994;0.6427,8.7491,0.4307;0.5291,10.1829,0.5695;0.9970,8.1114,1.6852;1.0469,6.5884,1.5064;3.6554,4.9905,1.8111;3.5613,3.6850,1.0269;3.0362,2.6286,-5.7079;3.5807,3.9903,-4.7137;2.1936,3.0279,-4.2015;5.0741,2.0150,-4.4132;3.6678,1.0406,-3.9001;5.6015,0.2895,-2.9892;7.1838,-1.3394,-2.3181;7.7463,-1.4562,-0.7340;7.0498,0.0587,1.0059;5.9456,2.1894,1.5181;3.2952,4.6111,-1.4527;5.0439,4.6897,-1.7732;4.2450,6.8929,-0.9869;5.3716,6.1721,0.1564;3.5976,7.1146,1.4352;0.5818,6.5331,-0.9946;2.2507,6.5559,-1.5702;1.2822,8.8345,-1.5410;2.6130,8.7366,-0.3613;0.2175,10.6087,-0.3836;1.4758,10.6601,0.8739;-0.2291,10.4092,1.3182;0.2351,8.3610,2.4280;1.9703,8.4793,2.0624;0.0497,6.2435,1.2174;1.3066,6.1241,2.4575;2.9577,4.9630,2.6473;4.6639,5.0972,2.2143;2.5455,3.6054,0.6078;3.7352,2.8324,1.6842;</g>
	</geometry>
	<conformers/>
	<properties/>
</molecule>
