<?xml version="1.0" ?>
<!--MOLLI PACKAGE EXPERIMENTAL XML FORMAT-->
<molecule name="nuc2254">
	<atoms>
		<a id="1" s="C" t="C.2" l="C"/>
		<a id="2" s="C" t="C.2" l="C"/>
		<a id="3" s="C" t="C.3" l="C"/>
		<a id="4" s="N" t="N.3" l="N"/>
		<a id="5" s="C" t="C.3" l="C"/>
		<a id="6" s="C" t="C.ar" l="C"/>
		<a id="7" s="C" t="C.ar" l="C"/>
		<a id="8" s="C" t="C.ar" l="C"/>
		<a id="9" s="C" t="C.ar" l="C"/>
		<a id="10" s="C" t="C.ar" l="C"/>
		<a id="11" s="C" t="C.ar" l="C"/>
		<a id="12" s="C" t="C.3" l="C"/>
		<a id="13" s="C" t="C.3" l="C"/>
		<a id="14" s="N" t="N.3" l="N"/>
		<a id="15" s="C" t="C.3" l="C"/>
		<a id="16" s="O" t="O.3" l="O"/>
		<a id="17" s="C" t="C.3" l="C"/>
		<a id="18" s="C" t="C.ar" l="C"/>
		<a id="19" s="C" t="C.ar" l="C"/>
		<a id="20" s="C" t="C.ar" l="C"/>
		<a id="21" s="C" t="C.ar" l="C"/>
		<a id="22" s="C" t="C.ar" l="C"/>
		<a id="23" s="C" t="C.ar" l="C"/>
		<a id="24" s="H" t="H" l="H"/>
		<a id="25" s="H" t="H" l="H"/>
		<a id="26" s="H" t="H" l="H"/>
		<a id="27" s="H" t="H" l="H"/>
		<a id="28" s="H" t="H" l="H"/>
		<a id="29" s="H" t="H" l="H"/>
		<a id="30" s="H" t="H" l="H"/>
		<a id="31" s="H" t="H" l="H"/>
		<a id="32" s="H" t="H" l="H"/>
		<a id="33" s="H" t="H" l="H"/>
		<a id="34" s="H" t="H" l="H"/>
		<a id="35" s="H" t="H" l="H"/>
		<a id="36" s="H" t="H" l="H"/>
		<a id="37" s="H" t="H" l="H"/>
		<a id="38" s="H" t="H" l="H"/>
		<a id="39" s="H" t="H" l="H"/>
		<a id="40" s="H" t="H" l="H"/>
		<a id="41" s="H" t="H" l="H"/>
		<a id="42" s="H" t="H" l="H"/>
		<a id="43" s="H" t="H" l="H"/>
		<a id="44" s="H" t="H" l="H"/>
		<a id="45" s="H" t="H" l="H"/>
		<a id="46" s="H" t="H" l="H"/>
		<a id="47" s="H" t="H" l="H"/>
		<a id="48" s="H" t="H" l="H"/>
		<a id="49" s="H" t="H" l="H"/>
	</atoms>
	<bonds>
		<b id="1" c="1 2" t="2"/>
		<b id="2" c="2 3" t="1"/>
		<b id="3" c="3 4" t="1"/>
		<b id="4" c="4 5" t="1"/>
		<b id="5" c="5 6" t="1"/>
		<b id="6" c="6 7" t="ar"/>
		<b id="7" c="7 8" t="ar"/>
		<b id="8" c="8 9" t="ar"/>
		<b id="9" c="9 10" t="ar"/>
		<b id="10" c="10 11" t="ar"/>
		<b id="11" c="6 11" t="ar"/>
		<b id="12" c="4 12" t="1"/>
		<b id="13" c="12 13" t="1"/>
		<b id="14" c="13 14" t="1"/>
		<b id="15" c="13 15" t="1"/>
		<b id="16" c="15 16" t="1"/>
		<b id="17" c="16 17" t="1"/>
		<b id="18" c="17 18" t="1"/>
		<b id="19" c="18 19" t="ar"/>
		<b id="20" c="19 20" t="ar"/>
		<b id="21" c="20 21" t="ar"/>
		<b id="22" c="21 22" t="ar"/>
		<b id="23" c="22 23" t="ar"/>
		<b id="24" c="18 23" t="ar"/>
		<b id="25" c="1 24" t="1"/>
		<b id="26" c="1 25" t="1"/>
		<b id="27" c="2 26" t="1"/>
		<b id="28" c="3 27" t="1"/>
		<b id="29" c="3 28" t="1"/>
		<b id="30" c="5 29" t="1"/>
		<b id="31" c="5 30" t="1"/>
		<b id="32" c="7 31" t="1"/>
		<b id="33" c="8 32" t="1"/>
		<b id="34" c="9 33" t="1"/>
		<b id="35" c="10 34" t="1"/>
		<b id="36" c="11 35" t="1"/>
		<b id="37" c="12 36" t="1"/>
		<b id="38" c="12 37" t="1"/>
		<b id="39" c="13 38" t="1"/>
		<b id="40" c="14 39" t="1"/>
		<b id="41" c="14 40" t="1"/>
		<b id="42" c="15 41" t="1"/>
		<b id="43" c="15 42" t="1"/>
		<b id="44" c="17 43" t="1"/>
		<b id="45" c="17 44" t="1"/>
		<b id="46" c="19 45" t="1"/>
		<b id="47" c="20 46" t="1"/>
		<b id="48" c="21 47" t="1"/>
		<b id="49" c="22 48" t="1"/>
		<b id="50" c="23 49" t="1"/>
	</bonds>
	<geometry>
		<g u="A" t="cart/3d">#49,3:3.3243,1.1965,2.2690;4.0645,0.7514,1.2714;4.4014,1.5389,0.0438;4.1759,0.7492,-1.1571;2.7544,0.5070,-1.3729;2.5563,-0.5615,-2.4119;3.0991,-1.8251,-2.2107;2.9640,-2.8101,-3.1715;2.2787,-2.5458,-4.3462;1.7299,-1.2922,-4.5529;1.8713,-0.3055,-3.5918;4.8223,1.3223,-2.3283;6.2894,0.8623,-2.4159;6.4291,-0.5834,-2.3813;6.9311,1.3987,-3.6957;6.9068,2.8031,-3.6706;7.4781,3.3842,-4.8179;7.3586,4.8841,-4.7678;7.1374,5.5398,-3.5649;7.0436,6.9201,-3.5286;7.1765,7.6580,-4.6923;7.3983,7.0087,-5.8959;7.4864,5.6290,-5.9344;3.1238,0.6004,3.1429;2.8944,2.1853,2.2585;4.4868,-0.2442,1.2966;5.4659,1.7911,0.0774;3.8291,2.4837,0.0271;2.2230,1.4290,-1.6684;2.3369,0.1682,-0.4192;3.6298,-2.0282,-1.2923;3.3916,-3.7885,-3.0044;2.1730,-3.3145,-5.0977;1.1931,-1.0795,-5.4660;1.4453,0.6741,-3.7603;4.7808,2.4213,-2.3366;4.3041,0.9553,-3.2187;6.8511,1.2616,-1.5646;5.9456,-0.9896,-3.1782;5.9526,-0.9212,-1.5505;6.3783,1.0232,-4.5735;7.9647,1.0274,-3.7637;6.9801,3.0004,-5.7247;8.5453,3.1037,-4.8892;7.0341,4.9546,-2.6651;6.8690,7.4215,-2.5875;7.1064,8.7355,-4.6636;7.5010,7.5791,-6.8084;7.6557,5.1245,-6.8761;</g>
	</geometry>
	<conformers/>
	<properties/>
</molecule>
