<?xml version="1.0" ?>
<!--MOLLI PACKAGE EXPERIMENTAL XML FORMAT-->
<molecule name="nuc2255">
	<atoms>
		<a id="1" s="C" t="C.2" l="C"/>
		<a id="2" s="C" t="C.2" l="C"/>
		<a id="3" s="C" t="C.3" l="C"/>
		<a id="4" s="N" t="N.3" l="N"/>
		<a id="5" s="C" t="C.3" l="C"/>
		<a id="6" s="C" t="C.2" l="C"/>
		<a id="7" s="C" t="C.2" l="C"/>
		<a id="8" s="C" t="C.3" l="C"/>
		<a id="9" s="C" t="C.3" l="C"/>
		<a id="10" s="C" t="C.3" l="C"/>
		<a id="11" s="N" t="N.3" l="N"/>
		<a id="12" s="H" t="H" l="H"/>
		<a id="13" s="H" t="H" l="H"/>
		<a id="14" s="H" t="H" l="H"/>
		<a id="15" s="H" t="H" l="H"/>
		<a id="16" s="H" t="H" l="H"/>
		<a id="17" s="H" t="H" l="H"/>
		<a id="18" s="H" t="H" l="H"/>
		<a id="19" s="H" t="H" l="H"/>
		<a id="20" s="H" t="H" l="H"/>
		<a id="21" s="H" t="H" l="H"/>
		<a id="22" s="H" t="H" l="H"/>
		<a id="23" s="H" t="H" l="H"/>
		<a id="24" s="H" t="H" l="H"/>
		<a id="25" s="H" t="H" l="H"/>
		<a id="26" s="H" t="H" l="H"/>
		<a id="27" s="H" t="H" l="H"/>
		<a id="28" s="H" t="H" l="H"/>
		<a id="29" s="H" t="H" l="H"/>
	</atoms>
	<bonds>
		<b id="1" c="1 2" t="2"/>
		<b id="2" c="2 3" t="1"/>
		<b id="3" c="3 4" t="1"/>
		<b id="4" c="4 5" t="1"/>
		<b id="5" c="5 6" t="1"/>
		<b id="6" c="6 7" t="2"/>
		<b id="7" c="4 8" t="1"/>
		<b id="8" c="9 11" t="1"/>
		<b id="9" c="9 10" t="1"/>
		<b id="10" c="9 8" t="1"/>
		<b id="11" c="1 12" t="1"/>
		<b id="12" c="1 13" t="1"/>
		<b id="13" c="2 14" t="1"/>
		<b id="14" c="3 15" t="1"/>
		<b id="15" c="3 16" t="1"/>
		<b id="16" c="5 17" t="1"/>
		<b id="17" c="5 18" t="1"/>
		<b id="18" c="6 19" t="1"/>
		<b id="19" c="7 20" t="1"/>
		<b id="20" c="7 21" t="1"/>
		<b id="21" c="8 22" t="1"/>
		<b id="22" c="8 23" t="1"/>
		<b id="23" c="9 24" t="1"/>
		<b id="24" c="10 25" t="1"/>
		<b id="25" c="10 26" t="1"/>
		<b id="26" c="10 27" t="1"/>
		<b id="27" c="11 28" t="1"/>
		<b id="28" c="11 29" t="1"/>
	</bonds>
	<geometry>
		<g u="A" t="cart/3d">#29,3:3.2982,2.5708,-0.7113;4.1903,1.6295,-0.4673;4.8046,1.3646,0.8718;6.2497,1.2323,0.7606;6.8680,2.5009,0.3990;8.2759,2.2958,-0.0629;9.3136,2.9943,0.3582;6.8517,0.6522,1.9513;6.7210,-0.8844,1.9479;7.4807,-1.4834,3.1267;7.1991,-1.4738,0.7081;2.8687,2.7105,-1.6889;2.9481,3.2355,0.0620;4.5314,0.9706,-1.2546;4.4125,0.4140,1.2466;4.5191,2.1564,1.5878;6.8388,3.2269,1.2309;6.2855,2.9160,-0.4314;8.3974,1.5100,-0.7965;9.2079,3.7793,1.0898;10.3085,2.8244,-0.0166;6.4178,1.0678,2.8768;7.9170,0.9017,1.9369;5.6630,-1.1607,2.0350;8.5372,-1.2292,3.0634;7.3845,-2.5653,3.1111;7.0874,-1.1054,4.0671;8.1954,-1.2968,0.6135;6.7385,-1.0072,-0.0676;</g>
	</geometry>
	<conformers/>
	<properties/>
</molecule>
