<?xml version="1.0" ?>
<!--MOLLI PACKAGE EXPERIMENTAL XML FORMAT-->
<molecule name="nuc2256">
	<atoms>
		<a id="1" s="C" t="C.2" l="C"/>
		<a id="2" s="C" t="C.2" l="C"/>
		<a id="3" s="C" t="C.3" l="C"/>
		<a id="4" s="N" t="N.pl3" l="N"/>
		<a id="5" s="C" t="C.3" l="C"/>
		<a id="6" s="C" t="C.3" l="C"/>
		<a id="7" s="C" t="C.3" l="C"/>
		<a id="8" s="N" t="N.3" l="N"/>
		<a id="9" s="C" t="C.ar" l="C"/>
		<a id="10" s="C" t="C.ar" l="C"/>
		<a id="11" s="C" t="C.ar" l="C"/>
		<a id="12" s="C" t="C.ar" l="C"/>
		<a id="13" s="O" t="O.3" l="O"/>
		<a id="14" s="C" t="C.3" l="C"/>
		<a id="15" s="C" t="C.ar" l="C"/>
		<a id="16" s="C" t="C.ar" l="C"/>
		<a id="17" s="H" t="H" l="H"/>
		<a id="18" s="H" t="H" l="H"/>
		<a id="19" s="H" t="H" l="H"/>
		<a id="20" s="H" t="H" l="H"/>
		<a id="21" s="H" t="H" l="H"/>
		<a id="22" s="H" t="H" l="H"/>
		<a id="23" s="H" t="H" l="H"/>
		<a id="24" s="H" t="H" l="H"/>
		<a id="25" s="H" t="H" l="H"/>
		<a id="26" s="H" t="H" l="H"/>
		<a id="27" s="H" t="H" l="H"/>
		<a id="28" s="H" t="H" l="H"/>
		<a id="29" s="H" t="H" l="H"/>
		<a id="30" s="H" t="H" l="H"/>
		<a id="31" s="H" t="H" l="H"/>
		<a id="32" s="H" t="H" l="H"/>
		<a id="33" s="H" t="H" l="H"/>
		<a id="34" s="H" t="H" l="H"/>
		<a id="35" s="H" t="H" l="H"/>
		<a id="36" s="H" t="H" l="H"/>
	</atoms>
	<bonds>
		<b id="1" c="1 2" t="2"/>
		<b id="2" c="2 3" t="1"/>
		<b id="3" c="3 4" t="1"/>
		<b id="4" c="4 5" t="1"/>
		<b id="5" c="6 8" t="1"/>
		<b id="6" c="4 9" t="1"/>
		<b id="7" c="9 10" t="ar"/>
		<b id="8" c="10 11" t="ar"/>
		<b id="9" c="11 12" t="ar"/>
		<b id="10" c="12 13" t="1"/>
		<b id="11" c="13 14" t="1"/>
		<b id="12" c="12 15" t="ar"/>
		<b id="13" c="15 16" t="ar"/>
		<b id="14" c="9 16" t="ar"/>
		<b id="15" c="6 7" t="1"/>
		<b id="16" c="6 5" t="1"/>
		<b id="17" c="1 17" t="1"/>
		<b id="18" c="1 18" t="1"/>
		<b id="19" c="2 19" t="1"/>
		<b id="20" c="3 20" t="1"/>
		<b id="21" c="3 21" t="1"/>
		<b id="22" c="5 22" t="1"/>
		<b id="23" c="5 23" t="1"/>
		<b id="24" c="6 24" t="1"/>
		<b id="25" c="7 25" t="1"/>
		<b id="26" c="7 26" t="1"/>
		<b id="27" c="7 27" t="1"/>
		<b id="28" c="8 28" t="1"/>
		<b id="29" c="8 29" t="1"/>
		<b id="30" c="10 30" t="1"/>
		<b id="31" c="11 31" t="1"/>
		<b id="32" c="14 32" t="1"/>
		<b id="33" c="14 33" t="1"/>
		<b id="34" c="14 34" t="1"/>
		<b id="35" c="15 35" t="1"/>
		<b id="36" c="16 36" t="1"/>
	</bonds>
	<geometry>
		<g u="A" t="cart/3d">#36,3:0.9537,-1.9297,-3.0266;1.1347,-2.3637,-1.7940;1.5184,-1.5248,-0.6041;1.7678,-0.1280,-0.8597;3.1474,0.2950,-0.8312;3.8903,0.1041,-2.1793;5.3866,0.3358,-1.9796;3.4262,0.9700,-3.2492;0.7206,0.7348,-1.1190;-0.6035,0.2802,-1.1387;-1.6696,1.1314,-1.3684;-1.4601,2.4839,-1.5935;-2.4392,3.4157,-1.8263;-3.7753,2.9831,-1.8109;-0.1488,2.9509,-1.5938;0.9119,2.1022,-1.3672;0.6771,-2.5934,-3.8284;1.0710,-0.8921,-3.2906;1.0020,-3.4119,-1.5538;2.4277,-1.9574,-0.1723;0.7339,-1.6281,0.1610;3.6696,-0.2932,-0.0683;3.2101,1.3418,-0.5241;3.7235,-0.9276,-2.5162;5.5630,1.3426,-1.6003;5.9002,0.2305,-2.9315;5.8010,-0.3801,-1.2725;3.6239,1.9409,-3.0272;2.4238,0.8813,-3.3766;-0.8282,-0.7625,-0.9869;-2.6629,0.7113,-1.3736;-4.3775,3.8741,-1.9818;-4.0461,2.5440,-0.8445;-3.9723,2.2564,-2.6065;0.0252,3.9995,-1.7798;1.9004,2.5333,-1.3882;</g>
	</geometry>
	<conformers/>
	<properties/>
</molecule>
