<?xml version="1.0" ?>
<!--MOLLI PACKAGE EXPERIMENTAL XML FORMAT-->
<molecule name="nuc2189">
	<atoms>
		<a id="1" s="N" t="N.am" l="N"/>
		<a id="2" s="C" t="C.2" l="C"/>
		<a id="3" s="O" t="O.2" l="O"/>
		<a id="4" s="C" t="C.ar" l="C"/>
		<a id="5" s="C" t="C.ar" l="C"/>
		<a id="6" s="N" t="N.ar" l="N"/>
		<a id="7" s="C" t="C.ar" l="C"/>
		<a id="8" s="C" t="C.ar" l="C"/>
		<a id="9" s="N" t="N.pl3" l="N"/>
		<a id="10" s="C" t="C.3" l="C"/>
		<a id="11" s="C" t="C.3" l="C"/>
		<a id="12" s="N" t="N.3" l="N"/>
		<a id="13" s="C" t="C.3" l="C"/>
		<a id="14" s="C" t="C.3" l="C"/>
		<a id="15" s="C" t="C.ar" l="C"/>
		<a id="16" s="C" t="C.ar" l="C"/>
		<a id="17" s="C" t="C.ar" l="C"/>
		<a id="18" s="C" t="C.ar" l="C"/>
		<a id="19" s="F" t="F" l="F"/>
		<a id="20" s="C" t="C.ar" l="C"/>
		<a id="21" s="F" t="F" l="F"/>
		<a id="22" s="C" t="C.ar" l="C"/>
		<a id="23" s="C" t="C.3" l="C"/>
		<a id="24" s="C" t="C.3" l="C"/>
		<a id="25" s="N" t="N.ar" l="N"/>
		<a id="26" s="C" t="C.ar" l="C"/>
		<a id="27" s="N" t="N.ar" l="N"/>
		<a id="28" s="C" t="C.ar" l="C"/>
		<a id="29" s="C" t="C.3" l="C"/>
		<a id="30" s="C" t="C.3" l="C"/>
		<a id="31" s="C" t="C.3" l="C"/>
		<a id="32" s="C" t="C.3" l="C"/>
		<a id="33" s="H" t="H" l="H"/>
		<a id="34" s="H" t="H" l="H"/>
		<a id="35" s="H" t="H" l="H"/>
		<a id="36" s="H" t="H" l="H"/>
		<a id="37" s="H" t="H" l="H"/>
		<a id="38" s="H" t="H" l="H"/>
		<a id="39" s="H" t="H" l="H"/>
		<a id="40" s="H" t="H" l="H"/>
		<a id="41" s="H" t="H" l="H"/>
		<a id="42" s="H" t="H" l="H"/>
		<a id="43" s="H" t="H" l="H"/>
		<a id="44" s="H" t="H" l="H"/>
		<a id="45" s="H" t="H" l="H"/>
		<a id="46" s="H" t="H" l="H"/>
		<a id="47" s="H" t="H" l="H"/>
		<a id="48" s="H" t="H" l="H"/>
		<a id="49" s="H" t="H" l="H"/>
		<a id="50" s="H" t="H" l="H"/>
		<a id="51" s="H" t="H" l="H"/>
		<a id="52" s="H" t="H" l="H"/>
		<a id="53" s="H" t="H" l="H"/>
		<a id="54" s="H" t="H" l="H"/>
		<a id="55" s="H" t="H" l="H"/>
		<a id="56" s="H" t="H" l="H"/>
		<a id="57" s="H" t="H" l="H"/>
		<a id="58" s="H" t="H" l="H"/>
	</atoms>
	<bonds>
		<b id="1" c="1 2" t="am"/>
		<b id="2" c="2 3" t="2"/>
		<b id="3" c="2 4" t="1"/>
		<b id="4" c="4 5" t="ar"/>
		<b id="5" c="5 6" t="ar"/>
		<b id="6" c="6 7" t="ar"/>
		<b id="7" c="7 8" t="ar"/>
		<b id="8" c="8 9" t="1"/>
		<b id="9" c="9 10" t="1"/>
		<b id="10" c="10 11" t="1"/>
		<b id="11" c="11 12" t="1"/>
		<b id="12" c="12 13" t="1"/>
		<b id="13" c="13 14" t="1"/>
		<b id="14" c="14 15" t="1"/>
		<b id="15" c="15 16" t="ar"/>
		<b id="16" c="16 17" t="ar"/>
		<b id="17" c="17 18" t="ar"/>
		<b id="18" c="18 19" t="1"/>
		<b id="19" c="18 20" t="ar"/>
		<b id="20" c="20 21" t="1"/>
		<b id="21" c="20 22" t="ar"/>
		<b id="22" c="15 22" t="ar"/>
		<b id="23" c="12 23" t="1"/>
		<b id="24" c="23 24" t="1"/>
		<b id="25" c="9 24" t="1"/>
		<b id="26" c="8 25" t="ar"/>
		<b id="27" c="25 26" t="ar"/>
		<b id="28" c="26 27" t="ar"/>
		<b id="29" c="27 28" t="ar"/>
		<b id="30" c="4 28" t="ar"/>
		<b id="31" c="7 28" t="ar"/>
		<b id="32" c="6 29" t="1"/>
		<b id="33" c="29 30" t="1"/>
		<b id="34" c="30 31" t="1"/>
		<b id="35" c="31 32" t="1"/>
		<b id="36" c="5 32" t="1"/>
		<b id="37" c="1 33" t="1"/>
		<b id="38" c="1 34" t="1"/>
		<b id="39" c="10 35" t="1"/>
		<b id="40" c="10 36" t="1"/>
		<b id="41" c="11 37" t="1"/>
		<b id="42" c="11 38" t="1"/>
		<b id="43" c="13 39" t="1"/>
		<b id="44" c="13 40" t="1"/>
		<b id="45" c="14 41" t="1"/>
		<b id="46" c="14 42" t="1"/>
		<b id="47" c="16 43" t="1"/>
		<b id="48" c="17 44" t="1"/>
		<b id="49" c="22 45" t="1"/>
		<b id="50" c="23 46" t="1"/>
		<b id="51" c="23 47" t="1"/>
		<b id="52" c="24 48" t="1"/>
		<b id="53" c="24 49" t="1"/>
		<b id="54" c="26 50" t="1"/>
		<b id="55" c="29 51" t="1"/>
		<b id="56" c="29 52" t="1"/>
		<b id="57" c="30 53" t="1"/>
		<b id="58" c="30 54" t="1"/>
		<b id="59" c="31 55" t="1"/>
		<b id="60" c="31 56" t="1"/>
		<b id="61" c="32 57" t="1"/>
		<b id="62" c="32 58" t="1"/>
	</bonds>
	<geometry>
		<g u="A" t="cart/3d">#58,3:-0.1194,-0.9718,-1.1315;0.7614,-1.5535,-0.2897;0.5344,-1.7427,0.8942;2.0201,-1.9370,-0.9440;3.1215,-2.5074,-0.3310;4.1137,-2.7132,-1.2400;3.6850,-2.2698,-2.4719;4.2425,-2.1849,-3.7570;5.4738,-2.7079,-4.0910;6.1089,-2.2151,-5.3024;5.7430,-3.0564,-6.5315;6.0361,-4.4662,-6.3434;7.4447,-4.8105,-6.3915;7.6408,-6.2435,-6.9211;9.0758,-6.6463,-6.7636;9.9924,-6.4810,-7.7945;11.3272,-6.8004,-7.6198;11.7614,-7.2863,-6.3998;13.0589,-7.5934,-6.2269;10.8551,-7.4538,-5.3610;11.2644,-7.9240,-4.1689;9.5228,-7.1355,-5.5414;5.3506,-4.9341,-5.1561;5.6945,-4.1282,-3.8866;3.5786,-1.5007,-4.6894;2.3760,-1.0201,-4.4136;1.7001,-1.1440,-3.2962;2.3737,-1.7518,-2.3060;5.4513,-3.1150,-0.8733;5.7158,-2.7523,0.5843;4.6443,-3.4070,1.4498;3.2812,-2.8038,1.1172;-1.0044,-0.6554,-0.7748;0.1368,-0.8189,-2.0975;7.1917,-2.2494,-5.1353;5.7971,-1.1826,-5.4516;6.2772,-2.6912,-7.4099;4.6691,-2.9601,-6.7117;7.9416,-4.7315,-5.4126;7.9485,-4.1199,-7.0710;7.3371,-6.2790,-7.9665;7.0019,-6.9238,-6.3577;9.6589,-6.1012,-8.7479;12.0433,-6.6774,-8.4167;8.8403,-7.2797,-4.7178;5.5845,-5.9866,-4.9879;4.2761,-4.8469,-5.3453;6.7445,-4.2806,-3.6127;5.0608,-4.4845,-3.0764;1.8907,-0.4843,-5.2196;6.1585,-2.6186,-1.5425;5.5663,-4.2009,-0.9878;5.6804,-1.6685,0.7090;6.7107,-3.0998,0.8641;4.8633,-3.2592,2.5072;4.6383,-4.4825,1.2582;3.1344,-1.8655,1.6595;2.4664,-3.4569,1.4363;</g>
	</geometry>
	<conformers/>
	<properties/>
</molecule>
