<?xml version="1.0" ?>
<!--MOLLI PACKAGE EXPERIMENTAL XML FORMAT-->
<molecule name="nuc2262">
	<atoms>
		<a id="1" s="C" t="C.3" l="C"/>
		<a id="2" s="N" t="N.ar" l="N"/>
		<a id="3" s="C" t="C.ar" l="C"/>
		<a id="4" s="C" t="C.ar" l="C"/>
		<a id="5" s="C" t="C.ar" l="C"/>
		<a id="6" s="C" t="C.ar" l="C"/>
		<a id="7" s="C" t="C.ar" l="C"/>
		<a id="8" s="C" t="C.ar" l="C"/>
		<a id="9" s="O" t="O.2" l="O"/>
		<a id="10" s="N" t="N.ar" l="N"/>
		<a id="11" s="C" t="C.3" l="C"/>
		<a id="12" s="C" t="C.ar" l="C"/>
		<a id="13" s="C" t="C.ar" l="C"/>
		<a id="14" s="C" t="C.ar" l="C"/>
		<a id="15" s="C" t="C.ar" l="C"/>
		<a id="16" s="C" t="C.ar" l="C"/>
		<a id="17" s="N" t="N.pl3" l="N"/>
		<a id="18" s="C" t="C.ar" l="C"/>
		<a id="19" s="N" t="N.ar" l="N"/>
		<a id="20" s="C" t="C.ar" l="C"/>
		<a id="21" s="N" t="N.ar" l="N"/>
		<a id="22" s="H" t="H" l="H"/>
		<a id="23" s="H" t="H" l="H"/>
		<a id="24" s="H" t="H" l="H"/>
		<a id="25" s="H" t="H" l="H"/>
		<a id="26" s="H" t="H" l="H"/>
		<a id="27" s="H" t="H" l="H"/>
		<a id="28" s="H" t="H" l="H"/>
		<a id="29" s="H" t="H" l="H"/>
		<a id="30" s="H" t="H" l="H"/>
		<a id="31" s="H" t="H" l="H"/>
		<a id="32" s="H" t="H" l="H"/>
		<a id="33" s="H" t="H" l="H"/>
		<a id="34" s="H" t="H" l="H"/>
		<a id="35" s="H" t="H" l="H"/>
		<a id="36" s="H" t="H" l="H"/>
	</atoms>
	<bonds>
		<b id="1" c="1 2" t="1"/>
		<b id="2" c="2 3" t="ar"/>
		<b id="3" c="3 4" t="ar"/>
		<b id="4" c="4 5" t="1"/>
		<b id="5" c="5 6" t="ar"/>
		<b id="6" c="6 7" t="ar"/>
		<b id="7" c="7 8" t="ar"/>
		<b id="8" c="8 9" t="2"/>
		<b id="9" c="8 10" t="ar"/>
		<b id="10" c="10 11" t="1"/>
		<b id="11" c="11 12" t="1"/>
		<b id="12" c="12 13" t="ar"/>
		<b id="13" c="13 14" t="ar"/>
		<b id="14" c="14 15" t="ar"/>
		<b id="15" c="15 16" t="ar"/>
		<b id="16" c="16 17" t="1"/>
		<b id="17" c="16 18" t="ar"/>
		<b id="18" c="12 18" t="ar"/>
		<b id="19" c="10 19" t="ar"/>
		<b id="20" c="5 19" t="ar"/>
		<b id="21" c="4 20" t="ar"/>
		<b id="22" c="20 21" t="ar"/>
		<b id="23" c="2 21" t="ar"/>
		<b id="24" c="1 22" t="1"/>
		<b id="25" c="1 23" t="1"/>
		<b id="26" c="1 24" t="1"/>
		<b id="27" c="3 25" t="1"/>
		<b id="28" c="6 26" t="1"/>
		<b id="29" c="7 27" t="1"/>
		<b id="30" c="11 28" t="1"/>
		<b id="31" c="11 29" t="1"/>
		<b id="32" c="13 30" t="1"/>
		<b id="33" c="14 31" t="1"/>
		<b id="34" c="15 32" t="1"/>
		<b id="35" c="17 33" t="1"/>
		<b id="36" c="17 34" t="1"/>
		<b id="37" c="18 35" t="1"/>
		<b id="38" c="20 36" t="1"/>
	</bonds>
	<geometry>
		<g u="A" t="cart/3d">#36,3:-1.4739,0.5230,-1.4563;-0.3443,0.0677,-0.6994;0.6642,-0.7115,-1.1192;1.5309,-0.8694,-0.0468;2.7566,-1.6388,-0.0205;3.5764,-1.7239,1.1443;4.7069,-2.4623,1.0926;5.0812,-3.1729,-0.1120;6.0717,-3.8723,-0.2484;4.1900,-2.9851,-1.1607;4.4131,-3.6973,-2.4111;3.7461,-5.0475,-2.3414;2.3956,-5.1738,-2.6428;1.7797,-6.4065,-2.5151;2.4928,-7.5081,-2.0843;3.8476,-7.3914,-1.7709;4.5863,-8.4951,-1.4008;4.4630,-6.1465,-1.9038;3.0908,-2.2636,-1.1171;0.9262,-0.1214,0.9851;-0.1947,0.4304,0.5712;-1.9482,-0.3127,-1.9723;-1.1706,1.2705,-2.1935;-2.1798,0.9736,-0.7614;0.7194,-1.1035,-2.1132;3.2869,-1.2006,2.0425;5.3695,-2.5670,1.9382;5.4923,-3.8054,-2.5362;3.9861,-3.0907,-3.2109;1.8342,-4.3105,-2.9660;0.7298,-6.5100,-2.7485;2.0058,-8.4677,-1.9831;4.0720,-9.2799,-1.0362;5.4573,-8.3063,-0.9317;5.5060,-6.0365,-1.6465;1.2544,0.0315,1.9934;</g>
	</geometry>
	<conformers/>
	<properties/>
</molecule>
