<?xml version="1.0" ?>
<!--MOLLI PACKAGE EXPERIMENTAL XML FORMAT-->
<molecule name="nuc2264">
	<atoms>
		<a id="1" s="N" t="N.pl3" l="N"/>
		<a id="2" s="C" t="C.ar" l="C"/>
		<a id="3" s="C" t="C.ar" l="C"/>
		<a id="4" s="C" t="C.ar" l="C"/>
		<a id="5" s="C" t="C.ar" l="C"/>
		<a id="6" s="C" t="C.ar" l="C"/>
		<a id="7" s="C" t="C.ar" l="C"/>
		<a id="8" s="S" t="S.O2" l="S"/>
		<a id="9" s="O" t="O.2" l="O"/>
		<a id="10" s="O" t="O.2" l="O"/>
		<a id="11" s="N" t="N.3" l="N"/>
		<a id="12" s="C" t="C.3" l="C"/>
		<a id="13" s="C" t="C.ar" l="C"/>
		<a id="14" s="C" t="C.ar" l="C"/>
		<a id="15" s="N" t="N.ar" l="N"/>
		<a id="16" s="C" t="C.ar" l="C"/>
		<a id="17" s="N" t="N.ar" l="N"/>
		<a id="18" s="C" t="C.ar" l="C"/>
		<a id="19" s="H" t="H" l="H"/>
		<a id="20" s="H" t="H" l="H"/>
		<a id="21" s="H" t="H" l="H"/>
		<a id="22" s="H" t="H" l="H"/>
		<a id="23" s="H" t="H" l="H"/>
		<a id="24" s="H" t="H" l="H"/>
		<a id="25" s="H" t="H" l="H"/>
		<a id="26" s="H" t="H" l="H"/>
		<a id="27" s="H" t="H" l="H"/>
		<a id="28" s="H" t="H" l="H"/>
		<a id="29" s="H" t="H" l="H"/>
		<a id="30" s="H" t="H" l="H"/>
	</atoms>
	<bonds>
		<b id="1" c="1 2" t="1"/>
		<b id="2" c="2 3" t="ar"/>
		<b id="3" c="3 4" t="ar"/>
		<b id="4" c="4 5" t="ar"/>
		<b id="5" c="5 6" t="ar"/>
		<b id="6" c="6 7" t="ar"/>
		<b id="7" c="2 7" t="ar"/>
		<b id="8" c="7 8" t="1"/>
		<b id="9" c="8 9" t="2"/>
		<b id="10" c="8 10" t="2"/>
		<b id="11" c="8 11" t="1"/>
		<b id="12" c="11 12" t="1"/>
		<b id="13" c="12 13" t="1"/>
		<b id="14" c="13 14" t="ar"/>
		<b id="15" c="14 15" t="ar"/>
		<b id="16" c="15 16" t="ar"/>
		<b id="17" c="16 17" t="ar"/>
		<b id="18" c="17 18" t="ar"/>
		<b id="19" c="13 18" t="ar"/>
		<b id="20" c="1 19" t="1"/>
		<b id="21" c="1 20" t="1"/>
		<b id="22" c="3 21" t="1"/>
		<b id="23" c="4 22" t="1"/>
		<b id="24" c="5 23" t="1"/>
		<b id="25" c="6 24" t="1"/>
		<b id="26" c="11 25" t="1"/>
		<b id="27" c="12 26" t="1"/>
		<b id="28" c="12 27" t="1"/>
		<b id="29" c="14 28" t="1"/>
		<b id="30" c="16 29" t="1"/>
		<b id="31" c="18 30" t="1"/>
	</bonds>
	<geometry>
		<g u="A" t="cart/3d">#30,3:1.1757,-0.3838,-2.1477;0.3978,-0.2358,-1.0301;-0.3339,0.9356,-0.7928;-1.0481,1.0975,0.3758;-1.0667,0.1020,1.3445;-0.3510,-1.0609,1.1270;0.3686,-1.2216,-0.0403;1.3401,-2.7019,-0.2490;0.9894,-3.6579,0.7540;1.3320,-3.1011,-1.6316;2.9075,-2.2163,0.0698;3.1831,-1.8300,1.4336;4.6393,-1.9726,1.7642;5.2996,-1.1031,2.6263;6.5806,-1.2389,2.9263;7.2194,-2.2482,2.3641;6.7026,-3.1318,1.5291;5.4225,-2.9957,1.2318;0.9504,0.2193,-2.9233;1.3823,-1.3461,-2.3930;-0.3307,1.7128,-1.5430;-1.6042,2.0094,0.5341;-1.6328,0.2331,2.2525;-0.3415,-1.8683,1.8419;3.2636,-1.5838,-0.6303;2.6017,-2.5256,2.0486;2.8458,-0.8059,1.6569;4.7872,-0.2693,3.0920;8.2673,-2.3603,2.6092;4.9977,-3.7179,0.5475;</g>
	</geometry>
	<conformers/>
	<properties/>
</molecule>
