<?xml version="1.0" ?>
<!--MOLLI PACKAGE EXPERIMENTAL XML FORMAT-->
<molecule name="nuc2270">
	<atoms>
		<a id="1" s="C" t="C.3" l="C"/>
		<a id="2" s="O" t="O.3" l="O"/>
		<a id="3" s="C" t="C.ar" l="C"/>
		<a id="4" s="C" t="C.ar" l="C"/>
		<a id="5" s="C" t="C.ar" l="C"/>
		<a id="6" s="C" t="C.ar" l="C"/>
		<a id="7" s="N" t="N.am" l="N"/>
		<a id="8" s="C" t="C.2" l="C"/>
		<a id="9" s="O" t="O.2" l="O"/>
		<a id="10" s="C" t="C.3" l="C"/>
		<a id="11" s="C" t="C.2" l="C"/>
		<a id="12" s="O" t="O.2" l="O"/>
		<a id="13" s="N" t="N.am" l="N"/>
		<a id="14" s="C" t="C.ar" l="C"/>
		<a id="15" s="C" t="C.ar" l="C"/>
		<a id="16" s="C" t="C.ar" l="C"/>
		<a id="17" s="C" t="C.ar" l="C"/>
		<a id="18" s="N" t="N.pl3" l="N"/>
		<a id="19" s="C" t="C.ar" l="C"/>
		<a id="20" s="C" t="C.ar" l="C"/>
		<a id="21" s="C" t="C.3" l="C"/>
		<a id="22" s="C" t="C.3" l="C"/>
		<a id="23" s="C" t="C.ar" l="C"/>
		<a id="24" s="C" t="C.ar" l="C"/>
		<a id="25" s="H" t="H" l="H"/>
		<a id="26" s="H" t="H" l="H"/>
		<a id="27" s="H" t="H" l="H"/>
		<a id="28" s="H" t="H" l="H"/>
		<a id="29" s="H" t="H" l="H"/>
		<a id="30" s="H" t="H" l="H"/>
		<a id="31" s="H" t="H" l="H"/>
		<a id="32" s="H" t="H" l="H"/>
		<a id="33" s="H" t="H" l="H"/>
		<a id="34" s="H" t="H" l="H"/>
		<a id="35" s="H" t="H" l="H"/>
		<a id="36" s="H" t="H" l="H"/>
		<a id="37" s="H" t="H" l="H"/>
		<a id="38" s="H" t="H" l="H"/>
		<a id="39" s="H" t="H" l="H"/>
		<a id="40" s="H" t="H" l="H"/>
		<a id="41" s="H" t="H" l="H"/>
		<a id="42" s="H" t="H" l="H"/>
		<a id="43" s="H" t="H" l="H"/>
	</atoms>
	<bonds>
		<b id="1" c="1 2" t="1"/>
		<b id="2" c="2 3" t="1"/>
		<b id="3" c="3 4" t="ar"/>
		<b id="4" c="4 5" t="ar"/>
		<b id="5" c="5 6" t="ar"/>
		<b id="6" c="6 7" t="1"/>
		<b id="7" c="7 8" t="am"/>
		<b id="8" c="8 9" t="2"/>
		<b id="9" c="8 10" t="1"/>
		<b id="10" c="10 11" t="1"/>
		<b id="11" c="11 12" t="2"/>
		<b id="12" c="11 13" t="am"/>
		<b id="13" c="13 14" t="1"/>
		<b id="14" c="14 15" t="ar"/>
		<b id="15" c="15 16" t="ar"/>
		<b id="16" c="16 17" t="ar"/>
		<b id="17" c="17 18" t="1"/>
		<b id="18" c="17 19" t="ar"/>
		<b id="19" c="19 20" t="ar"/>
		<b id="20" c="14 20" t="ar"/>
		<b id="21" c="10 21" t="1"/>
		<b id="22" c="21 22" t="1"/>
		<b id="23" c="10 22" t="1"/>
		<b id="24" c="6 23" t="ar"/>
		<b id="25" c="23 24" t="ar"/>
		<b id="26" c="3 24" t="ar"/>
		<b id="27" c="1 25" t="1"/>
		<b id="28" c="1 26" t="1"/>
		<b id="29" c="1 27" t="1"/>
		<b id="30" c="4 28" t="1"/>
		<b id="31" c="5 29" t="1"/>
		<b id="32" c="7 30" t="1"/>
		<b id="33" c="13 31" t="1"/>
		<b id="34" c="15 32" t="1"/>
		<b id="35" c="16 33" t="1"/>
		<b id="36" c="18 34" t="1"/>
		<b id="37" c="18 35" t="1"/>
		<b id="38" c="19 36" t="1"/>
		<b id="39" c="20 37" t="1"/>
		<b id="40" c="21 38" t="1"/>
		<b id="41" c="21 39" t="1"/>
		<b id="42" c="22 40" t="1"/>
		<b id="43" c="22 41" t="1"/>
		<b id="44" c="23 42" t="1"/>
		<b id="45" c="24 43" t="1"/>
	</bonds>
	<geometry>
		<g u="A" t="cart/3d">#43,3:3.0634,-0.0143,-3.6651;4.0594,-0.0645,-2.6742;4.3364,-1.2680,-2.0925;3.7162,-2.4709,-2.4063;4.0761,-3.6380,-1.7535;5.0602,-3.6224,-0.7743;5.4763,-4.7654,-0.0847;5.0039,-6.0268,-0.1720;4.1185,-6.4174,-0.9054;5.7489,-6.9870,0.7478;6.0230,-6.4413,2.1245;6.6971,-5.4318,2.2756;5.4387,-7.1369,3.1221;5.4740,-6.9076,4.5077;6.1606,-5.8451,5.0861;6.1523,-5.6807,6.4554;5.4629,-6.5651,7.2857;5.3964,-6.3512,8.6461;4.7806,-7.6311,6.6973;4.7861,-7.7971,5.3290;6.8301,-7.7910,0.0600;5.5550,-8.4503,0.4773;5.6825,-2.4140,-0.4588;5.3266,-1.2543,-1.1082;3.0137,1.0268,-3.9806;2.0881,-0.3195,-3.2717;3.3194,-0.6404,-4.5262;2.9467,-2.5203,-3.1602;3.5884,-4.5651,-2.0041;6.1885,-4.6068,0.6273;4.8615,-7.9203,2.8466;6.6990,-5.1535,4.4611;6.6858,-4.8510,6.8957;6.1041,-5.7556,9.0424;5.1420,-7.1409,9.2156;4.2419,-8.3282,7.3227;4.2505,-8.6279,4.8901;7.7289,-7.9998,0.6219;7.0008,-7.6066,-0.9900;5.5929,-9.1589,1.2919;4.8386,-8.6968,-0.2926;6.4477,-2.3933,0.3035;5.8022,-0.3160,-0.8715;</g>
	</geometry>
	<conformers/>
	<properties/>
</molecule>
