<?xml version="1.0" ?>
<!--MOLLI PACKAGE EXPERIMENTAL XML FORMAT-->
<molecule name="nuc2271">
	<atoms>
		<a id="1" s="C" t="C.3" l="C"/>
		<a id="2" s="C" t="C.ar" l="C"/>
		<a id="3" s="C" t="C.ar" l="C"/>
		<a id="4" s="C" t="C.ar" l="C"/>
		<a id="5" s="O" t="O.3" l="O"/>
		<a id="6" s="C" t="C.ar" l="C"/>
		<a id="7" s="C" t="C.ar" l="C"/>
		<a id="8" s="N" t="N.ar" l="N"/>
		<a id="9" s="C" t="C.ar" l="C"/>
		<a id="10" s="N" t="N.ar" l="N"/>
		<a id="11" s="C" t="C.ar" l="C"/>
		<a id="12" s="O" t="O.3" l="O"/>
		<a id="13" s="C" t="C.3" l="C"/>
		<a id="14" s="C" t="C.ar" l="C"/>
		<a id="15" s="C" t="C.ar" l="C"/>
		<a id="16" s="C" t="C.ar" l="C"/>
		<a id="17" s="C" t="C.ar" l="C"/>
		<a id="18" s="C" t="C.ar" l="C"/>
		<a id="19" s="C" t="C.ar" l="C"/>
		<a id="20" s="C" t="C.ar" l="C"/>
		<a id="21" s="C" t="C.ar" l="C"/>
		<a id="22" s="C" t="C.2" l="C"/>
		<a id="23" s="N" t="N.am" l="N"/>
		<a id="24" s="O" t="O.2" l="O"/>
		<a id="25" s="N" t="N.ar" l="N"/>
		<a id="26" s="H" t="H" l="H"/>
		<a id="27" s="H" t="H" l="H"/>
		<a id="28" s="H" t="H" l="H"/>
		<a id="29" s="H" t="H" l="H"/>
		<a id="30" s="H" t="H" l="H"/>
		<a id="31" s="H" t="H" l="H"/>
		<a id="32" s="H" t="H" l="H"/>
		<a id="33" s="H" t="H" l="H"/>
		<a id="34" s="H" t="H" l="H"/>
		<a id="35" s="H" t="H" l="H"/>
		<a id="36" s="H" t="H" l="H"/>
		<a id="37" s="H" t="H" l="H"/>
		<a id="38" s="H" t="H" l="H"/>
		<a id="39" s="H" t="H" l="H"/>
		<a id="40" s="H" t="H" l="H"/>
		<a id="41" s="H" t="H" l="H"/>
	</atoms>
	<bonds>
		<b id="1" c="1 2" t="1"/>
		<b id="2" c="2 3" t="ar"/>
		<b id="3" c="3 4" t="ar"/>
		<b id="4" c="4 5" t="1"/>
		<b id="5" c="5 6" t="1"/>
		<b id="6" c="6 7" t="ar"/>
		<b id="7" c="7 8" t="ar"/>
		<b id="8" c="8 9" t="ar"/>
		<b id="9" c="9 10" t="ar"/>
		<b id="10" c="10 11" t="ar"/>
		<b id="11" c="6 11" t="ar"/>
		<b id="12" c="11 12" t="1"/>
		<b id="13" c="12 13" t="1"/>
		<b id="14" c="13 14" t="1"/>
		<b id="15" c="14 15" t="ar"/>
		<b id="16" c="15 16" t="ar"/>
		<b id="17" c="16 17" t="ar"/>
		<b id="18" c="17 18" t="ar"/>
		<b id="19" c="18 19" t="ar"/>
		<b id="20" c="14 19" t="ar"/>
		<b id="21" c="4 20" t="ar"/>
		<b id="22" c="20 21" t="ar"/>
		<b id="23" c="21 22" t="1"/>
		<b id="24" c="22 23" t="am"/>
		<b id="25" c="22 24" t="2"/>
		<b id="26" c="21 25" t="ar"/>
		<b id="27" c="2 25" t="ar"/>
		<b id="28" c="1 26" t="1"/>
		<b id="29" c="1 27" t="1"/>
		<b id="30" c="1 28" t="1"/>
		<b id="31" c="3 29" t="1"/>
		<b id="32" c="7 30" t="1"/>
		<b id="33" c="9 31" t="1"/>
		<b id="34" c="13 32" t="1"/>
		<b id="35" c="13 33" t="1"/>
		<b id="36" c="15 34" t="1"/>
		<b id="37" c="16 35" t="1"/>
		<b id="38" c="17 36" t="1"/>
		<b id="39" c="18 37" t="1"/>
		<b id="40" c="19 38" t="1"/>
		<b id="41" c="20 39" t="1"/>
		<b id="42" c="23 40" t="1"/>
		<b id="43" c="23 41" t="1"/>
	</bonds>
	<geometry>
		<g u="A" t="cart/3d">#41,3:-3.7678,-2.7787,4.6141;-3.1212,-2.0321,3.4903;-2.5582,-2.7035,2.4091;-1.9554,-1.9632,1.3971;-1.4098,-2.4978,0.2703;-0.9764,-3.7912,0.2373;-0.3234,-4.4510,1.2618;0.1206,-5.6988,1.1319;-0.0753,-6.2833,-0.0255;-0.6550,-5.7472,-1.0901;-1.1033,-4.5079,-0.9814;-1.6777,-3.9033,-2.0109;-1.7280,-4.6316,-3.2301;-2.2550,-3.7584,-4.3365;-2.3749,-2.3851,-4.1829;-2.8447,-1.6064,-5.2271;-3.1921,-2.1914,-6.4318;-3.0720,-3.5624,-6.5899;-2.6081,-4.3428,-5.5472;-1.9645,-0.5732,1.4947;-2.5570,-0.0014,2.6081;-2.5825,1.4940,2.7496;-3.2035,1.8990,3.8728;-2.0935,2.2419,1.9293;-3.1133,-0.7106,3.5861;-3.7466,-3.8499,4.4375;-4.7994,-2.4524,4.7286;-3.2489,-2.5590,5.5453;-2.6044,-3.7807,2.3577;-0.1359,-3.9743,2.2152;0.2729,-7.3010,-0.1328;-2.3632,-5.5164,-3.0973;-0.7189,-4.9901,-3.4744;-2.1036,-1.9302,-3.2434;-2.9366,-0.5383,-5.0975;-3.5561,-1.5826,-7.2461;-3.3427,-4.0251,-7.5276;-2.5157,-5.4124,-5.6700;-1.5262,0.0480,0.7318;-3.5688,1.1961,4.4941;-3.2818,2.8784,4.0849;</g>
	</geometry>
	<conformers/>
	<properties/>
</molecule>
