<?xml version="1.0" ?>
<!--MOLLI PACKAGE EXPERIMENTAL XML FORMAT-->
<molecule name="nuc2273">
	<atoms>
		<a id="1" s="C" t="C.3" l="C"/>
		<a id="2" s="O" t="O.3" l="O"/>
		<a id="3" s="C" t="C.ar" l="C"/>
		<a id="4" s="C" t="C.ar" l="C"/>
		<a id="5" s="C" t="C.ar" l="C"/>
		<a id="6" s="C" t="C.ar" l="C"/>
		<a id="7" s="C" t="C.ar" l="C"/>
		<a id="8" s="C" t="C.ar" l="C"/>
		<a id="9" s="C" t="C.ar" l="C"/>
		<a id="10" s="C" t="C.ar" l="C"/>
		<a id="11" s="C" t="C.3" l="C"/>
		<a id="12" s="C" t="C.3" l="C"/>
		<a id="13" s="N" t="N.3" l="N"/>
		<a id="14" s="C" t="C.ar" l="C"/>
		<a id="15" s="C" t="C.ar" l="C"/>
		<a id="16" s="C" t="C.ar" l="C"/>
		<a id="17" s="C" t="C.ar" l="C"/>
		<a id="18" s="H" t="H" l="H"/>
		<a id="19" s="H" t="H" l="H"/>
		<a id="20" s="H" t="H" l="H"/>
		<a id="21" s="H" t="H" l="H"/>
		<a id="22" s="H" t="H" l="H"/>
		<a id="23" s="H" t="H" l="H"/>
		<a id="24" s="H" t="H" l="H"/>
		<a id="25" s="H" t="H" l="H"/>
		<a id="26" s="H" t="H" l="H"/>
		<a id="27" s="H" t="H" l="H"/>
		<a id="28" s="H" t="H" l="H"/>
		<a id="29" s="H" t="H" l="H"/>
		<a id="30" s="H" t="H" l="H"/>
		<a id="31" s="H" t="H" l="H"/>
		<a id="32" s="H" t="H" l="H"/>
		<a id="33" s="H" t="H" l="H"/>
		<a id="34" s="H" t="H" l="H"/>
	</atoms>
	<bonds>
		<b id="1" c="1 2" t="1"/>
		<b id="2" c="2 3" t="1"/>
		<b id="3" c="3 4" t="ar"/>
		<b id="4" c="4 5" t="ar"/>
		<b id="5" c="5 6" t="ar"/>
		<b id="6" c="6 7" t="1"/>
		<b id="7" c="7 8" t="ar"/>
		<b id="8" c="8 9" t="ar"/>
		<b id="9" c="9 10" t="ar"/>
		<b id="10" c="11 13" t="1"/>
		<b id="11" c="10 14" t="ar"/>
		<b id="12" c="14 15" t="ar"/>
		<b id="13" c="7 15" t="ar"/>
		<b id="14" c="6 16" t="ar"/>
		<b id="15" c="16 17" t="ar"/>
		<b id="16" c="3 17" t="ar"/>
		<b id="17" c="11 12" t="1"/>
		<b id="18" c="11 10" t="1"/>
		<b id="19" c="1 18" t="1"/>
		<b id="20" c="1 19" t="1"/>
		<b id="21" c="1 20" t="1"/>
		<b id="22" c="4 21" t="1"/>
		<b id="23" c="5 22" t="1"/>
		<b id="24" c="8 23" t="1"/>
		<b id="25" c="9 24" t="1"/>
		<b id="26" c="11 25" t="1"/>
		<b id="27" c="12 26" t="1"/>
		<b id="28" c="12 27" t="1"/>
		<b id="29" c="12 28" t="1"/>
		<b id="30" c="13 29" t="1"/>
		<b id="31" c="13 30" t="1"/>
		<b id="32" c="14 31" t="1"/>
		<b id="33" c="15 32" t="1"/>
		<b id="34" c="16 33" t="1"/>
		<b id="35" c="17 34" t="1"/>
	</bonds>
	<geometry>
		<g u="A" t="cart/3d">#34,3:2.1711,16.7432,3.6203;1.9803,15.5802,2.8538;2.8494,14.5429,3.0157;3.9274,14.5308,3.8935;4.7421,13.4151,3.9722;4.5145,12.2931,3.1834;5.3873,11.1148,3.2704;5.8611,10.6615,4.4991;6.6729,9.5461,4.5760;7.0452,8.8523,3.4317;7.9226,7.6190,3.5205;9.2940,7.8908,2.9002;7.3431,6.4387,2.8895;6.5768,9.3077,2.2044;5.7601,10.4177,2.1231;3.4307,12.3173,2.3047;2.6097,13.4190,2.2230;1.3772,17.4264,3.3222;3.1417,17.2069,3.4148;2.0862,16.5380,4.6928;4.1455,15.3826,4.5189;5.5847,13.4296,4.6482;5.5706,11.1744,5.4045;7.0232,9.2054,5.5406;8.0617,7.3647,4.5790;9.1901,8.1752,1.8554;9.9021,6.9922,2.9574;9.7933,8.6972,3.4311;7.2348,6.5906,1.8920;6.4233,6.2512,3.2746;6.8543,8.7909,1.2954;5.4225,10.7632,1.1566;3.2193,11.4519,1.6942;1.7669,13.4384,1.5500;</g>
	</geometry>
	<conformers/>
	<properties/>
</molecule>
