<?xml version="1.0" ?>
<!--MOLLI PACKAGE EXPERIMENTAL XML FORMAT-->
<molecule name="nuc2278">
	<atoms>
		<a id="1" s="C" t="C.3" l="C"/>
		<a id="2" s="C" t="C.ar" l="C"/>
		<a id="3" s="C" t="C.ar" l="C"/>
		<a id="4" s="C" t="C.ar" l="C"/>
		<a id="5" s="C" t="C.ar" l="C"/>
		<a id="6" s="C" t="C.ar" l="C"/>
		<a id="7" s="C" t="C.ar" l="C"/>
		<a id="8" s="C" t="C.ar" l="C"/>
		<a id="9" s="C" t="C.ar" l="C"/>
		<a id="10" s="C" t="C.ar" l="C"/>
		<a id="11" s="C" t="C.ar" l="C"/>
		<a id="12" s="C" t="C.3" l="C"/>
		<a id="13" s="C" t="C.3" l="C"/>
		<a id="14" s="N" t="N.3" l="N"/>
		<a id="15" s="C" t="C.ar" l="C"/>
		<a id="16" s="C" t="C.ar" l="C"/>
		<a id="17" s="H" t="H" l="H"/>
		<a id="18" s="H" t="H" l="H"/>
		<a id="19" s="H" t="H" l="H"/>
		<a id="20" s="H" t="H" l="H"/>
		<a id="21" s="H" t="H" l="H"/>
		<a id="22" s="H" t="H" l="H"/>
		<a id="23" s="H" t="H" l="H"/>
		<a id="24" s="H" t="H" l="H"/>
		<a id="25" s="H" t="H" l="H"/>
		<a id="26" s="H" t="H" l="H"/>
		<a id="27" s="H" t="H" l="H"/>
		<a id="28" s="H" t="H" l="H"/>
		<a id="29" s="H" t="H" l="H"/>
		<a id="30" s="H" t="H" l="H"/>
		<a id="31" s="H" t="H" l="H"/>
		<a id="32" s="H" t="H" l="H"/>
		<a id="33" s="H" t="H" l="H"/>
	</atoms>
	<bonds>
		<b id="1" c="1 2" t="1"/>
		<b id="2" c="2 3" t="ar"/>
		<b id="3" c="3 4" t="ar"/>
		<b id="4" c="4 5" t="ar"/>
		<b id="5" c="5 6" t="ar"/>
		<b id="6" c="6 7" t="ar"/>
		<b id="7" c="2 7" t="ar"/>
		<b id="8" c="7 8" t="1"/>
		<b id="9" c="8 9" t="ar"/>
		<b id="10" c="9 10" t="ar"/>
		<b id="11" c="10 11" t="ar"/>
		<b id="12" c="12 14" t="1"/>
		<b id="13" c="11 15" t="ar"/>
		<b id="14" c="15 16" t="ar"/>
		<b id="15" c="8 16" t="ar"/>
		<b id="16" c="12 13" t="1"/>
		<b id="17" c="12 11" t="1"/>
		<b id="18" c="1 17" t="1"/>
		<b id="19" c="1 18" t="1"/>
		<b id="20" c="1 19" t="1"/>
		<b id="21" c="3 20" t="1"/>
		<b id="22" c="4 21" t="1"/>
		<b id="23" c="5 22" t="1"/>
		<b id="24" c="6 23" t="1"/>
		<b id="25" c="9 24" t="1"/>
		<b id="26" c="10 25" t="1"/>
		<b id="27" c="12 26" t="1"/>
		<b id="28" c="13 27" t="1"/>
		<b id="29" c="13 28" t="1"/>
		<b id="30" c="13 29" t="1"/>
		<b id="31" c="14 30" t="1"/>
		<b id="32" c="14 31" t="1"/>
		<b id="33" c="15 32" t="1"/>
		<b id="34" c="16 33" t="1"/>
	</bonds>
	<geometry>
		<g u="A" t="cart/3d">#33,3:6.0191,-4.0004,-5.4571;6.6685,-5.3353,-5.6763;7.4764,-5.5232,-6.7910;8.1158,-6.7267,-7.0236;7.9638,-7.7691,-6.1254;7.1667,-7.5970,-5.0105;6.5049,-6.3939,-4.7783;5.6577,-6.2823,-3.5754;6.1895,-6.5585,-2.3198;5.4021,-6.4767,-1.1868;4.0599,-6.1310,-1.2746;3.1998,-6.0306,-0.0297;2.1306,-7.1243,-0.0278;2.5515,-4.7345,0.1338;3.5275,-5.8663,-2.5312;4.3124,-5.9386,-3.6653;6.6495,-3.2060,-5.8517;5.8408,-3.8186,-4.4000;5.0616,-3.9522,-5.9765;7.6079,-4.7055,-7.4860;8.7365,-6.8485,-7.8992;8.4647,-8.7112,-6.2932;7.0353,-8.4085,-4.3085;7.2335,-6.8246,-2.2340;5.8347,-6.6867,-0.2183;3.8410,-6.1671,0.8502;1.4885,-7.0314,-0.9009;1.5185,-7.0314,0.8650;2.5973,-8.1059,-0.0432;1.9191,-4.5566,-0.6398;3.2447,-3.9936,0.1424;2.4832,-5.6017,-2.6301;3.8746,-5.7475,-4.6340;</g>
	</geometry>
	<conformers/>
	<properties/>
</molecule>
