<?xml version="1.0" ?>
<!--MOLLI PACKAGE EXPERIMENTAL XML FORMAT-->
<molecule name="nuc2280">
	<atoms>
		<a id="1" s="C" t="C.3" l="C"/>
		<a id="2" s="C" t="C.3" l="C"/>
		<a id="3" s="N" t="N.3" l="N"/>
		<a id="4" s="C" t="C.ar" l="C"/>
		<a id="5" s="C" t="C.ar" l="C"/>
		<a id="6" s="C" t="C.ar" l="C"/>
		<a id="7" s="C" t="C.ar" l="C"/>
		<a id="8" s="C" t="C.ar" l="C"/>
		<a id="9" s="C" t="C.ar" l="C"/>
		<a id="10" s="C" t="C.ar" l="C"/>
		<a id="11" s="C" t="C.ar" l="C"/>
		<a id="12" s="C" t="C.ar" l="C"/>
		<a id="13" s="C" t="C.ar" l="C"/>
		<a id="14" s="C" t="C.ar" l="C"/>
		<a id="15" s="C" t="C.ar" l="C"/>
		<a id="16" s="C" t="C.ar" l="C"/>
		<a id="17" s="C" t="C.ar" l="C"/>
		<a id="18" s="C" t="C.ar" l="C"/>
		<a id="19" s="C" t="C.ar" l="C"/>
		<a id="20" s="H" t="H" l="H"/>
		<a id="21" s="H" t="H" l="H"/>
		<a id="22" s="H" t="H" l="H"/>
		<a id="23" s="H" t="H" l="H"/>
		<a id="24" s="H" t="H" l="H"/>
		<a id="25" s="H" t="H" l="H"/>
		<a id="26" s="H" t="H" l="H"/>
		<a id="27" s="H" t="H" l="H"/>
		<a id="28" s="H" t="H" l="H"/>
		<a id="29" s="H" t="H" l="H"/>
		<a id="30" s="H" t="H" l="H"/>
		<a id="31" s="H" t="H" l="H"/>
		<a id="32" s="H" t="H" l="H"/>
		<a id="33" s="H" t="H" l="H"/>
		<a id="34" s="H" t="H" l="H"/>
		<a id="35" s="H" t="H" l="H"/>
		<a id="36" s="H" t="H" l="H"/>
	</atoms>
	<bonds>
		<b id="1" c="2 4" t="1"/>
		<b id="2" c="4 5" t="ar"/>
		<b id="3" c="5 6" t="ar"/>
		<b id="4" c="6 7" t="ar"/>
		<b id="5" c="7 8" t="1"/>
		<b id="6" c="8 9" t="ar"/>
		<b id="7" c="9 10" t="ar"/>
		<b id="8" c="10 11" t="ar"/>
		<b id="9" c="11 12" t="ar"/>
		<b id="10" c="12 13" t="ar"/>
		<b id="11" c="13 14" t="ar"/>
		<b id="12" c="14 15" t="ar"/>
		<b id="13" c="15 16" t="ar"/>
		<b id="14" c="11 16" t="ar"/>
		<b id="15" c="16 17" t="ar"/>
		<b id="16" c="8 17" t="ar"/>
		<b id="17" c="7 18" t="ar"/>
		<b id="18" c="18 19" t="ar"/>
		<b id="19" c="4 19" t="ar"/>
		<b id="20" c="2 3" t="1"/>
		<b id="21" c="2 1" t="1"/>
		<b id="22" c="1 20" t="1"/>
		<b id="23" c="1 21" t="1"/>
		<b id="24" c="1 22" t="1"/>
		<b id="25" c="2 23" t="1"/>
		<b id="26" c="3 24" t="1"/>
		<b id="27" c="3 25" t="1"/>
		<b id="28" c="5 26" t="1"/>
		<b id="29" c="6 27" t="1"/>
		<b id="30" c="9 28" t="1"/>
		<b id="31" c="10 29" t="1"/>
		<b id="32" c="12 30" t="1"/>
		<b id="33" c="13 31" t="1"/>
		<b id="34" c="14 32" t="1"/>
		<b id="35" c="15 33" t="1"/>
		<b id="36" c="17 34" t="1"/>
		<b id="37" c="18 35" t="1"/>
		<b id="38" c="19 36" t="1"/>
	</bonds>
	<geometry>
		<g u="A" t="cart/3d">#36,3:3.5307,-0.5432,0.7396;2.5502,-0.1325,-0.3602;2.5066,-1.1816,-1.3730;2.9090,1.2330,-0.9129;2.0718,2.3233,-0.7137;2.3886,3.5666,-1.2264;3.5530,3.7551,-1.9665;3.8903,5.0743,-2.5193;3.6785,6.2380,-1.7468;3.9872,7.4724,-2.2387;4.5220,7.6240,-3.5357;4.8502,8.8847,-4.0736;5.3687,8.9923,-5.3339;5.5813,7.8440,-6.1130;5.2721,6.6076,-5.6199;4.7373,6.4619,-4.3221;4.4128,5.2016,-3.7846;4.3904,2.6606,-2.1705;4.0733,1.4222,-1.6493;3.5067,0.1771,1.5535;4.5445,-0.5913,0.3484;3.2582,-1.5239,1.1198;1.5426,-0.0800,0.0716;3.4269,-1.3182,-1.7778;1.8752,-0.9195,-2.1228;1.1589,2.1953,-0.1484;1.7134,4.3960,-1.0721;3.2861,6.1347,-0.7454;3.8282,8.3567,-1.6373;4.6840,9.7659,-3.4695;5.6188,9.9616,-5.7402;5.9918,7.9474,-7.1072;5.4338,5.7212,-6.2173;4.5639,4.3249,-4.3991;5.3090,2.7891,-2.7248;4.7466,0.5921,-1.8170;</g>
	</geometry>
	<conformers/>
	<properties/>
</molecule>
