<?xml version="1.0" ?>
<!--MOLLI PACKAGE EXPERIMENTAL XML FORMAT-->
<molecule name="el2410">
	<atoms>
		<a id="1" s="C" t="C.3" l="C"/>
		<a id="2" s="C" t="C.3" l="C"/>
		<a id="3" s="C" t="C.3" l="C"/>
		<a id="4" s="C" t="C.3" l="C"/>
		<a id="5" s="C" t="C.ar" l="C"/>
		<a id="6" s="N" t="N.ar" l="N"/>
		<a id="7" s="C" t="C.ar" l="C"/>
		<a id="8" s="C" t="C.ar" l="C"/>
		<a id="9" s="N" t="N.pl3" l="N"/>
		<a id="10" s="C" t="C.3" l="C"/>
		<a id="11" s="C" t="C.3" l="C"/>
		<a id="12" s="C" t="C.3" l="C"/>
		<a id="13" s="C" t="C.3" l="C"/>
		<a id="14" s="C" t="C.3" l="C"/>
		<a id="15" s="C" t="C.3" l="C"/>
		<a id="16" s="C" t="C.3" l="C"/>
		<a id="17" s="C" t="C.3" l="C"/>
		<a id="18" s="N" t="N.ar" l="N"/>
		<a id="19" s="C" t="C.ar" l="C"/>
		<a id="20" s="Cl" t="Cl" l="CL"/>
		<a id="21" s="C" t="C.ar" l="C"/>
		<a id="22" s="C" t="C.ar" l="C"/>
		<a id="23" s="N" t="N.ar" l="N"/>
		<a id="24" s="C" t="C.3" l="C"/>
		<a id="25" s="C" t="C.ar" l="C"/>
		<a id="26" s="C" t="C.ar" l="C"/>
		<a id="27" s="C" t="C.ar" l="C"/>
		<a id="28" s="C" t="C.ar" l="C"/>
		<a id="29" s="C" t="C.ar" l="C"/>
		<a id="30" s="C" t="C.ar" l="C"/>
		<a id="31" s="H" t="H" l="H"/>
		<a id="32" s="H" t="H" l="H"/>
		<a id="33" s="H" t="H" l="H"/>
		<a id="34" s="H" t="H" l="H"/>
		<a id="35" s="H" t="H" l="H"/>
		<a id="36" s="H" t="H" l="H"/>
		<a id="37" s="H" t="H" l="H"/>
		<a id="38" s="H" t="H" l="H"/>
		<a id="39" s="H" t="H" l="H"/>
		<a id="40" s="H" t="H" l="H"/>
		<a id="41" s="H" t="H" l="H"/>
		<a id="42" s="H" t="H" l="H"/>
		<a id="43" s="H" t="H" l="H"/>
		<a id="44" s="H" t="H" l="H"/>
		<a id="45" s="H" t="H" l="H"/>
		<a id="46" s="H" t="H" l="H"/>
		<a id="47" s="H" t="H" l="H"/>
		<a id="48" s="H" t="H" l="H"/>
		<a id="49" s="H" t="H" l="H"/>
		<a id="50" s="H" t="H" l="H"/>
		<a id="51" s="H" t="H" l="H"/>
		<a id="52" s="H" t="H" l="H"/>
		<a id="53" s="H" t="H" l="H"/>
		<a id="54" s="H" t="H" l="H"/>
		<a id="55" s="H" t="H" l="H"/>
		<a id="56" s="H" t="H" l="H"/>
		<a id="57" s="H" t="H" l="H"/>
		<a id="58" s="H" t="H" l="H"/>
		<a id="59" s="H" t="H" l="H"/>
		<a id="60" s="H" t="H" l="H"/>
		<a id="61" s="H" t="H" l="H"/>
		<a id="62" s="H" t="H" l="H"/>
		<a id="63" s="H" t="H" l="H"/>
		<a id="64" s="H" t="H" l="H"/>
		<a id="65" s="H" t="H" l="H"/>
	</atoms>
	<bonds>
		<b id="1" c="1 2" t="1"/>
		<b id="2" c="2 3" t="1"/>
		<b id="3" c="3 4" t="1"/>
		<b id="4" c="4 5" t="1"/>
		<b id="5" c="5 6" t="ar"/>
		<b id="6" c="6 7" t="ar"/>
		<b id="7" c="7 8" t="ar"/>
		<b id="8" c="8 9" t="1"/>
		<b id="9" c="9 10" t="1"/>
		<b id="10" c="10 11" t="1"/>
		<b id="11" c="10 12" t="1"/>
		<b id="12" c="10 13" t="1"/>
		<b id="13" c="13 14" t="1"/>
		<b id="14" c="14 15" t="1"/>
		<b id="15" c="14 16" t="1"/>
		<b id="16" c="14 17" t="1"/>
		<b id="17" c="8 18" t="ar"/>
		<b id="18" c="18 19" t="ar"/>
		<b id="19" c="19 20" t="1"/>
		<b id="20" c="19 21" t="ar"/>
		<b id="21" c="21 22" t="ar"/>
		<b id="22" c="7 22" t="ar"/>
		<b id="23" c="22 23" t="ar"/>
		<b id="24" c="5 23" t="ar"/>
		<b id="25" c="23 24" t="1"/>
		<b id="26" c="24 25" t="1"/>
		<b id="27" c="25 26" t="ar"/>
		<b id="28" c="26 27" t="ar"/>
		<b id="29" c="27 28" t="ar"/>
		<b id="30" c="28 29" t="ar"/>
		<b id="31" c="29 30" t="ar"/>
		<b id="32" c="25 30" t="ar"/>
		<b id="33" c="1 31" t="1"/>
		<b id="34" c="1 32" t="1"/>
		<b id="35" c="1 33" t="1"/>
		<b id="36" c="2 34" t="1"/>
		<b id="37" c="2 35" t="1"/>
		<b id="38" c="3 36" t="1"/>
		<b id="39" c="3 37" t="1"/>
		<b id="40" c="4 38" t="1"/>
		<b id="41" c="4 39" t="1"/>
		<b id="42" c="9 40" t="1"/>
		<b id="43" c="11 41" t="1"/>
		<b id="44" c="11 42" t="1"/>
		<b id="45" c="11 43" t="1"/>
		<b id="46" c="12 44" t="1"/>
		<b id="47" c="12 45" t="1"/>
		<b id="48" c="12 46" t="1"/>
		<b id="49" c="13 47" t="1"/>
		<b id="50" c="13 48" t="1"/>
		<b id="51" c="15 49" t="1"/>
		<b id="52" c="15 50" t="1"/>
		<b id="53" c="15 51" t="1"/>
		<b id="54" c="16 52" t="1"/>
		<b id="55" c="16 53" t="1"/>
		<b id="56" c="16 54" t="1"/>
		<b id="57" c="17 55" t="1"/>
		<b id="58" c="17 56" t="1"/>
		<b id="59" c="17 57" t="1"/>
		<b id="60" c="21 58" t="1"/>
		<b id="61" c="24 59" t="1"/>
		<b id="62" c="24 60" t="1"/>
		<b id="63" c="26 61" t="1"/>
		<b id="64" c="27 62" t="1"/>
		<b id="65" c="28 63" t="1"/>
		<b id="66" c="29 64" t="1"/>
		<b id="67" c="30 65" t="1"/>
	</bonds>
	<geometry>
		<g u="A" t="cart/3d">#65,3:6.6751,-0.1891,2.7636;5.5963,-0.3219,1.6957;5.8171,-1.5519,0.8201;4.7354,-1.6775,-0.2609;4.9479,-2.8841,-1.1006;5.5941,-2.8888,-2.2315;5.5783,-4.1902,-2.6616;6.1126,-4.7832,-3.8256;6.7769,-4.0290,-4.7165;7.3814,-4.4702,-5.9743;8.0765,-3.2331,-6.5457;8.4175,-5.5452,-5.6461;6.2098,-4.9580,-6.8590;6.4034,-5.7701,-8.1582;6.7817,-7.2260,-7.8711;5.0335,-5.7752,-8.8545;7.4200,-5.1563,-9.1213;5.9402,-6.0898,-4.0172;5.2831,-6.8079,-3.1210;5.1436,-8.4845,-3.5243;4.7184,-6.3571,-1.9488;4.8884,-4.9870,-1.7352;4.5049,-4.1345,-0.7355;3.6964,-4.4694,0.4081;2.2740,-3.9849,0.2503;1.5946,-4.2020,-0.9418;0.2958,-3.7528,-1.0971;-0.3378,-3.0863,-0.0618;0.3323,-2.8707,1.1299;1.6339,-3.3153,1.2840;6.5017,0.6933,3.3748;7.6568,-0.1012,2.3038;6.6800,-1.0612,3.4143;5.5959,0.5706,1.0666;4.6161,-0.3892,2.1742;5.8222,-2.4459,1.4488;6.7923,-1.4874,0.3339;4.7809,-0.8047,-0.9130;3.7464,-1.7154,0.2012;6.8187,-3.0495,-4.4837;8.7777,-2.8347,-5.8142;7.3490,-2.4604,-6.7860;8.6303,-3.4750,-7.4450;9.0909,-5.1708,-4.8769;9.0069,-5.7971,-6.5215;7.9197,-6.4312,-5.2675;5.6323,-4.0636,-7.1104;5.5878,-5.5737,-6.2074;6.1329,-7.6449,-7.1066;7.8084,-7.3183,-7.5354;6.6728,-7.8216,-8.7759;4.2737,-6.1924,-8.1977;5.0675,-6.3764,-9.7606;4.7331,-4.7660,-9.1294;8.4320,-5.2363,-8.7345;7.1930,-4.1093,-9.3084;7.3880,-5.6846,-10.0726;4.1934,-7.0134,-1.2761;4.1404,-4.0396,1.3112;3.7061,-5.5594,0.5113;2.0865,-4.7211,-1.7519;-0.2225,-3.9253,-2.0285;-1.3516,-2.7356,-0.1840;-0.1567,-2.3513,1.9406;2.1556,-3.1426,2.2153;</g>
	</geometry>
	<conformers/>
	<properties/>
</molecule>
