<?xml version="1.0" ?>
<!--MOLLI PACKAGE EXPERIMENTAL XML FORMAT-->
<molecule name="el2500">
	<atoms>
		<a id="1" s="Cl" t="Cl" l="CL"/>
		<a id="2" s="C" t="C.ar" l="C"/>
		<a id="3" s="C" t="C.ar" l="C"/>
		<a id="4" s="C" t="C.ar" l="C"/>
		<a id="5" s="C" t="C.ar" l="C"/>
		<a id="6" s="N" t="N.pl3" l="N"/>
		<a id="7" s="C" t="C.3" l="C"/>
		<a id="8" s="C" t="C.3" l="C"/>
		<a id="9" s="O" t="O.3" l="O"/>
		<a id="10" s="C" t="C.3" l="C"/>
		<a id="11" s="C" t="C.3" l="C"/>
		<a id="12" s="N" t="N.ar" l="N"/>
		<a id="13" s="C" t="C.ar" l="C"/>
		<a id="14" s="O" t="O.3" l="O"/>
		<a id="15" s="C" t="C.3" l="C"/>
		<a id="16" s="C" t="C.3" l="C"/>
		<a id="17" s="C" t="C.3" l="C"/>
		<a id="18" s="C" t="C.3" l="C"/>
		<a id="19" s="O" t="O.3" l="O"/>
		<a id="20" s="C" t="C.3" l="C"/>
		<a id="21" s="C" t="C.3" l="C"/>
		<a id="22" s="N" t="N.ar" l="N"/>
		<a id="23" s="C" t="C.ar" l="C"/>
		<a id="24" s="C" t="C.ar" l="C"/>
		<a id="25" s="N" t="N.ar" l="N"/>
		<a id="26" s="H" t="H" l="H"/>
		<a id="27" s="H" t="H" l="H"/>
		<a id="28" s="H" t="H" l="H"/>
		<a id="29" s="H" t="H" l="H"/>
		<a id="30" s="H" t="H" l="H"/>
		<a id="31" s="H" t="H" l="H"/>
		<a id="32" s="H" t="H" l="H"/>
		<a id="33" s="H" t="H" l="H"/>
		<a id="34" s="H" t="H" l="H"/>
		<a id="35" s="H" t="H" l="H"/>
		<a id="36" s="H" t="H" l="H"/>
		<a id="37" s="H" t="H" l="H"/>
		<a id="38" s="H" t="H" l="H"/>
		<a id="39" s="H" t="H" l="H"/>
		<a id="40" s="H" t="H" l="H"/>
		<a id="41" s="H" t="H" l="H"/>
		<a id="42" s="H" t="H" l="H"/>
		<a id="43" s="H" t="H" l="H"/>
		<a id="44" s="H" t="H" l="H"/>
		<a id="45" s="H" t="H" l="H"/>
		<a id="46" s="H" t="H" l="H"/>
	</atoms>
	<bonds>
		<b id="1" c="1 2" t="1"/>
		<b id="2" c="2 3" t="ar"/>
		<b id="3" c="3 4" t="ar"/>
		<b id="4" c="4 5" t="ar"/>
		<b id="5" c="5 6" t="1"/>
		<b id="6" c="6 7" t="1"/>
		<b id="7" c="7 8" t="1"/>
		<b id="8" c="8 9" t="1"/>
		<b id="9" c="9 10" t="1"/>
		<b id="10" c="10 11" t="1"/>
		<b id="11" c="6 11" t="1"/>
		<b id="12" c="5 12" t="ar"/>
		<b id="13" c="12 13" t="ar"/>
		<b id="14" c="13 14" t="1"/>
		<b id="15" c="14 15" t="1"/>
		<b id="16" c="15 16" t="1"/>
		<b id="17" c="16 17" t="1"/>
		<b id="18" c="17 18" t="1"/>
		<b id="19" c="18 19" t="1"/>
		<b id="20" c="19 20" t="1"/>
		<b id="21" c="20 21" t="1"/>
		<b id="22" c="16 21" t="1"/>
		<b id="23" c="13 22" t="ar"/>
		<b id="24" c="22 23" t="ar"/>
		<b id="25" c="4 23" t="ar"/>
		<b id="26" c="23 24" t="ar"/>
		<b id="27" c="24 25" t="ar"/>
		<b id="28" c="2 25" t="ar"/>
		<b id="29" c="3 26" t="1"/>
		<b id="30" c="7 27" t="1"/>
		<b id="31" c="7 28" t="1"/>
		<b id="32" c="8 29" t="1"/>
		<b id="33" c="8 30" t="1"/>
		<b id="34" c="10 31" t="1"/>
		<b id="35" c="10 32" t="1"/>
		<b id="36" c="11 33" t="1"/>
		<b id="37" c="11 34" t="1"/>
		<b id="38" c="15 35" t="1"/>
		<b id="39" c="15 36" t="1"/>
		<b id="40" c="16 37" t="1"/>
		<b id="41" c="17 38" t="1"/>
		<b id="42" c="17 39" t="1"/>
		<b id="43" c="18 40" t="1"/>
		<b id="44" c="18 41" t="1"/>
		<b id="45" c="20 42" t="1"/>
		<b id="46" c="20 43" t="1"/>
		<b id="47" c="21 44" t="1"/>
		<b id="48" c="21 45" t="1"/>
		<b id="49" c="24 46" t="1"/>
	</bonds>
	<geometry>
		<g u="A" t="cart/3d">#46,3:0.9806,-0.3092,0.3559;2.6934,-0.1275,0.2631;3.2504,1.1288,0.3405;4.6470,1.2340,0.2570;5.4449,2.4338,0.2726;4.9648,3.6705,0.0400;5.7430,4.8469,0.3677;4.8479,5.7855,1.1881;3.6671,6.1174,0.4935;2.9265,4.9685,0.1540;3.7783,4.0253,-0.7041;6.7402,2.3496,0.5398;7.3191,1.1444,0.5984;8.6146,1.0871,0.8796;9.2897,2.3154,1.1037;10.7605,2.0031,1.3708;11.5341,3.2648,1.7575;13.0124,2.9144,1.9468;13.5695,2.3346,0.7926;12.9092,1.1407,0.4350;11.4270,1.3765,0.1443;6.7376,-0.0064,0.3567;5.4009,0.0253,0.2287;4.6854,-1.1886,0.1180;3.3828,-1.2552,0.1209;2.6141,1.9799,0.5157;6.0615,5.3518,-0.5515;6.6193,4.5440,0.9376;5.3582,6.7289,1.3856;4.5966,5.3000,2.1437;2.0537,5.3186,-0.3989;2.5970,4.4481,1.0669;4.0948,4.5767,-1.6007;3.2239,3.1466,-1.0210;8.8419,2.8298,1.9633;9.1778,2.9611,0.2245;10.8036,1.2854,2.1972;11.1408,3.6963,2.6789;11.4438,4.0049,0.9601;13.1176,2.2247,2.8000;13.6030,3.8118,2.1433;13.0138,0.4010,1.2447;13.4279,0.7704,-0.4513;10.9404,0.4347,-0.1064;11.3358,2.0566,-0.7051;5.2276,-2.1203,0.0545;</g>
	</geometry>
	<conformers/>
	<properties/>
</molecule>
