<?xml version="1.0" ?>
<!--MOLLI PACKAGE EXPERIMENTAL XML FORMAT-->
<molecule name="el2501">
	<atoms>
		<a id="1" s="O" t="O.3" l="O"/>
		<a id="2" s="C" t="C.3" l="C"/>
		<a id="3" s="C" t="C.3" l="C"/>
		<a id="4" s="C" t="C.3" l="C"/>
		<a id="5" s="C" t="C.3" l="C"/>
		<a id="6" s="N" t="N.pl3" l="N"/>
		<a id="7" s="C" t="C.ar" l="C"/>
		<a id="8" s="N" t="N.ar" l="N"/>
		<a id="9" s="C" t="C.ar" l="C"/>
		<a id="10" s="N" t="N.pl3" l="N"/>
		<a id="11" s="C" t="C.ar" l="C"/>
		<a id="12" s="C" t="C.ar" l="C"/>
		<a id="13" s="C" t="C.ar" l="C"/>
		<a id="14" s="C" t="C.ar" l="C"/>
		<a id="15" s="F" t="F" l="F"/>
		<a id="16" s="C" t="C.ar" l="C"/>
		<a id="17" s="C" t="C.ar" l="C"/>
		<a id="18" s="N" t="N.ar" l="N"/>
		<a id="19" s="C" t="C.ar" l="C"/>
		<a id="20" s="C" t="C.ar" l="C"/>
		<a id="21" s="N" t="N.ar" l="N"/>
		<a id="22" s="C" t="C.ar" l="C"/>
		<a id="23" s="Cl" t="Cl" l="CL"/>
		<a id="24" s="C" t="C.ar" l="C"/>
		<a id="25" s="C" t="C.ar" l="C"/>
		<a id="26" s="C" t="C.3" l="C"/>
		<a id="27" s="C" t="C.3" l="C"/>
		<a id="28" s="H" t="H" l="H"/>
		<a id="29" s="H" t="H" l="H"/>
		<a id="30" s="H" t="H" l="H"/>
		<a id="31" s="H" t="H" l="H"/>
		<a id="32" s="H" t="H" l="H"/>
		<a id="33" s="H" t="H" l="H"/>
		<a id="34" s="H" t="H" l="H"/>
		<a id="35" s="H" t="H" l="H"/>
		<a id="36" s="H" t="H" l="H"/>
		<a id="37" s="H" t="H" l="H"/>
		<a id="38" s="H" t="H" l="H"/>
		<a id="39" s="H" t="H" l="H"/>
		<a id="40" s="H" t="H" l="H"/>
		<a id="41" s="H" t="H" l="H"/>
		<a id="42" s="H" t="H" l="H"/>
		<a id="43" s="H" t="H" l="H"/>
		<a id="44" s="H" t="H" l="H"/>
		<a id="45" s="H" t="H" l="H"/>
		<a id="46" s="H" t="H" l="H"/>
	</atoms>
	<bonds>
		<b id="1" c="1 2" t="1"/>
		<b id="2" c="2 3" t="1"/>
		<b id="3" c="3 4" t="1"/>
		<b id="4" c="4 5" t="1"/>
		<b id="5" c="5 6" t="1"/>
		<b id="6" c="6 7" t="1"/>
		<b id="7" c="7 8" t="ar"/>
		<b id="8" c="8 9" t="ar"/>
		<b id="9" c="9 10" t="1"/>
		<b id="10" c="10 11" t="1"/>
		<b id="11" c="11 12" t="ar"/>
		<b id="12" c="12 13" t="ar"/>
		<b id="13" c="13 14" t="ar"/>
		<b id="14" c="14 15" t="1"/>
		<b id="15" c="14 16" t="ar"/>
		<b id="16" c="16 17" t="ar"/>
		<b id="17" c="11 17" t="ar"/>
		<b id="18" c="9 18" t="ar"/>
		<b id="19" c="18 19" t="ar"/>
		<b id="20" c="19 20" t="ar"/>
		<b id="21" c="20 21" t="ar"/>
		<b id="22" c="21 22" t="ar"/>
		<b id="23" c="22 23" t="1"/>
		<b id="24" c="22 24" t="ar"/>
		<b id="25" c="24 25" t="ar"/>
		<b id="26" c="7 25" t="ar"/>
		<b id="27" c="19 25" t="ar"/>
		<b id="28" c="6 26" t="1"/>
		<b id="29" c="26 27" t="1"/>
		<b id="30" c="3 27" t="1"/>
		<b id="31" c="1 28" t="1"/>
		<b id="32" c="2 29" t="1"/>
		<b id="33" c="2 30" t="1"/>
		<b id="34" c="3 31" t="1"/>
		<b id="35" c="4 32" t="1"/>
		<b id="36" c="4 33" t="1"/>
		<b id="37" c="5 34" t="1"/>
		<b id="38" c="5 35" t="1"/>
		<b id="39" c="10 36" t="1"/>
		<b id="40" c="12 37" t="1"/>
		<b id="41" c="13 38" t="1"/>
		<b id="42" c="16 39" t="1"/>
		<b id="43" c="17 40" t="1"/>
		<b id="44" c="20 41" t="1"/>
		<b id="45" c="24 42" t="1"/>
		<b id="46" c="26 43" t="1"/>
		<b id="47" c="26 44" t="1"/>
		<b id="48" c="27 45" t="1"/>
		<b id="49" c="27 46" t="1"/>
	</bonds>
	<geometry>
		<g u="A" t="cart/3d">#46,3:3.7136,1.1206,-0.2484;2.9320,-0.0166,0.0469;1.7866,-0.0806,-0.9693;0.7708,-1.1763,-0.6356;1.2933,-2.5791,-0.9534;1.6877,-2.6286,-2.3443;1.2561,-3.6227,-3.1448;0.7460,-4.6860,-2.5421;0.3980,-5.7510,-3.2749;-0.1563,-6.8365,-2.6672;-0.3881,-7.1196,-1.3322;-1.2035,-8.2125,-1.0264;-1.4655,-8.5538,0.2851;-0.9033,-7.7971,1.2974;-1.1580,-8.1237,2.5848;-0.0818,-6.7195,1.0232;0.1773,-6.3839,-0.2915;0.5552,-5.8816,-4.5796;0.9724,-4.7903,-5.2414;1.0539,-4.8205,-6.6518;1.3314,-3.7720,-7.3771;1.5197,-2.6115,-6.7575;1.7881,-1.2536,-7.7886;1.5106,-2.4388,-5.3917;1.2909,-3.5657,-4.5875;2.7611,-1.7063,-2.6368;2.3059,-0.2681,-2.3998;4.4072,1.2103,0.4122;2.5076,0.0600,1.0585;3.5511,-0.9231,0.0066;1.2881,0.8926,-0.9163;-0.1300,-1.0060,-1.2283;0.4942,-1.1276,0.4185;0.5066,-3.3152,-0.7927;2.1452,-2.8284,-0.3101;-0.4472,-7.5398,-3.3336;-1.6345,-8.7961,-1.8266;-2.0962,-9.3939,0.5287;0.3516,-6.1571,1.8351;0.8239,-5.5579,-0.5290;0.8602,-5.7440,-7.1773;1.6232,-1.4494,-4.9833;3.1253,-1.8488,-3.6520;3.5934,-1.9380,-1.9582;1.5042,-0.0216,-3.0987;3.1354,0.4172,-2.5709;</g>
	</geometry>
	<conformers/>
	<properties/>
</molecule>
