<?xml version="1.0" ?>
<!--MOLLI PACKAGE EXPERIMENTAL XML FORMAT-->
<molecule name="el2502">
	<atoms>
		<a id="1" s="C" t="C.3" l="C"/>
		<a id="2" s="N" t="N.pl3" l="N"/>
		<a id="3" s="C" t="C.3" l="C"/>
		<a id="4" s="C" t="C.3" l="C"/>
		<a id="5" s="C" t="C.3" l="C"/>
		<a id="6" s="O" t="O.3" l="O"/>
		<a id="7" s="C" t="C.ar" l="C"/>
		<a id="8" s="N" t="N.ar" l="N"/>
		<a id="9" s="C" t="C.ar" l="C"/>
		<a id="10" s="N" t="N.pl3" l="N"/>
		<a id="11" s="C" t="C.ar" l="C"/>
		<a id="12" s="C" t="C.ar" l="C"/>
		<a id="13" s="C" t="C.ar" l="C"/>
		<a id="14" s="C" t="C.ar" l="C"/>
		<a id="15" s="F" t="F" l="F"/>
		<a id="16" s="C" t="C.ar" l="C"/>
		<a id="17" s="C" t="C.ar" l="C"/>
		<a id="18" s="N" t="N.ar" l="N"/>
		<a id="19" s="C" t="C.ar" l="C"/>
		<a id="20" s="C" t="C.ar" l="C"/>
		<a id="21" s="N" t="N.ar" l="N"/>
		<a id="22" s="C" t="C.ar" l="C"/>
		<a id="23" s="Cl" t="Cl" l="CL"/>
		<a id="24" s="C" t="C.ar" l="C"/>
		<a id="25" s="C" t="C.ar" l="C"/>
		<a id="26" s="H" t="H" l="H"/>
		<a id="27" s="H" t="H" l="H"/>
		<a id="28" s="H" t="H" l="H"/>
		<a id="29" s="H" t="H" l="H"/>
		<a id="30" s="H" t="H" l="H"/>
		<a id="31" s="H" t="H" l="H"/>
		<a id="32" s="H" t="H" l="H"/>
		<a id="33" s="H" t="H" l="H"/>
		<a id="34" s="H" t="H" l="H"/>
		<a id="35" s="H" t="H" l="H"/>
		<a id="36" s="H" t="H" l="H"/>
		<a id="37" s="H" t="H" l="H"/>
		<a id="38" s="H" t="H" l="H"/>
		<a id="39" s="H" t="H" l="H"/>
		<a id="40" s="H" t="H" l="H"/>
		<a id="41" s="H" t="H" l="H"/>
		<a id="42" s="H" t="H" l="H"/>
	</atoms>
	<bonds>
		<b id="1" c="1 2" t="1"/>
		<b id="2" c="2 3" t="1"/>
		<b id="3" c="3 4" t="1"/>
		<b id="4" c="4 5" t="1"/>
		<b id="5" c="5 6" t="1"/>
		<b id="6" c="2 7" t="1"/>
		<b id="7" c="7 8" t="ar"/>
		<b id="8" c="8 9" t="ar"/>
		<b id="9" c="9 10" t="1"/>
		<b id="10" c="10 11" t="1"/>
		<b id="11" c="11 12" t="ar"/>
		<b id="12" c="12 13" t="ar"/>
		<b id="13" c="13 14" t="ar"/>
		<b id="14" c="14 15" t="1"/>
		<b id="15" c="14 16" t="ar"/>
		<b id="16" c="16 17" t="ar"/>
		<b id="17" c="11 17" t="ar"/>
		<b id="18" c="9 18" t="ar"/>
		<b id="19" c="18 19" t="ar"/>
		<b id="20" c="19 20" t="ar"/>
		<b id="21" c="20 21" t="ar"/>
		<b id="22" c="21 22" t="ar"/>
		<b id="23" c="22 23" t="1"/>
		<b id="24" c="22 24" t="ar"/>
		<b id="25" c="24 25" t="ar"/>
		<b id="26" c="7 25" t="ar"/>
		<b id="27" c="19 25" t="ar"/>
		<b id="28" c="1 26" t="1"/>
		<b id="29" c="1 27" t="1"/>
		<b id="30" c="1 28" t="1"/>
		<b id="31" c="3 29" t="1"/>
		<b id="32" c="3 30" t="1"/>
		<b id="33" c="4 31" t="1"/>
		<b id="34" c="4 32" t="1"/>
		<b id="35" c="5 33" t="1"/>
		<b id="36" c="5 34" t="1"/>
		<b id="37" c="6 35" t="1"/>
		<b id="38" c="10 36" t="1"/>
		<b id="39" c="12 37" t="1"/>
		<b id="40" c="13 38" t="1"/>
		<b id="41" c="16 39" t="1"/>
		<b id="42" c="17 40" t="1"/>
		<b id="43" c="20 41" t="1"/>
		<b id="44" c="24 42" t="1"/>
	</bonds>
	<geometry>
		<g u="A" t="cart/3d">#42,3:1.1510,0.3606,0.4807;2.4652,0.0221,-0.0235;3.2539,-0.8430,0.8292;3.4886,-0.2478,2.2250;4.3339,-1.2036,3.0719;3.6930,-2.4336,3.3014;3.0300,0.8901,-0.8993;2.4359,2.0620,-1.0422;3.0238,3.0001,-1.8003;2.4377,4.2171,-1.9645;1.2507,4.7494,-1.4931;0.9648,6.0810,-1.8070;-0.2012,6.6755,-1.3690;-1.0873,5.9304,-0.6121;-2.2306,6.5069,-0.1778;-0.8305,4.6109,-0.2897;0.3379,4.0211,-0.7318;4.1992,2.8899,-2.3939;4.7613,1.6705,-2.3861;5.9419,1.4356,-3.1261;6.4731,0.2525,-3.2685;5.8584,-0.7878,-2.7142;6.5738,-2.3257,-3.0279;4.7258,-0.7065,-1.9354;4.1833,0.5647,-1.7017;0.7442,-0.5066,0.9980;0.5080,0.6072,-0.3629;1.1733,1.2179,1.1589;4.2298,-1.0106,0.3801;2.7452,-1.8070,0.9294;2.5375,-0.0714,2.7315;4.0097,0.7066,2.1328;4.5934,-0.7181,4.0231;5.2600,-1.4525,2.5489;2.8952,-2.2801,3.8201;3.0133,4.8367,-2.5205;1.6654,6.6519,-2.3989;-0.4281,7.7026,-1.6067;-1.5432,4.0562,0.3002;0.5631,2.9974,-0.4933;6.4313,2.2575,-3.6275;4.2584,-1.6060,-1.5707;</g>
	</geometry>
	<conformers/>
	<properties/>
</molecule>
