<?xml version="1.0" ?>
<!--MOLLI PACKAGE EXPERIMENTAL XML FORMAT-->
<molecule name="el2503">
	<atoms>
		<a id="1" s="C" t="C.3" l="C"/>
		<a id="2" s="N" t="N.ar" l="N"/>
		<a id="3" s="C" t="C.ar" l="C"/>
		<a id="4" s="C" t="C.3" l="C"/>
		<a id="5" s="O" t="O.3" l="O"/>
		<a id="6" s="Si" t="Si" l="SI"/>
		<a id="7" s="C" t="C.3" l="C"/>
		<a id="8" s="C" t="C.3" l="C"/>
		<a id="9" s="C" t="C.3" l="C"/>
		<a id="10" s="C" t="C.3" l="C"/>
		<a id="11" s="C" t="C.3" l="C"/>
		<a id="12" s="C" t="C.3" l="C"/>
		<a id="13" s="C" t="C.ar" l="C"/>
		<a id="14" s="C" t="C.ar" l="C"/>
		<a id="15" s="C" t="C.ar" l="C"/>
		<a id="16" s="C" t="C.ar" l="C"/>
		<a id="17" s="C" t="C.2" l="C"/>
		<a id="18" s="O" t="O.2" l="O"/>
		<a id="19" s="C" t="C.ar" l="C"/>
		<a id="20" s="Cl" t="Cl" l="CL"/>
		<a id="21" s="C" t="C.ar" l="C"/>
		<a id="22" s="C" t="C.ar" l="C"/>
		<a id="23" s="H" t="H" l="H"/>
		<a id="24" s="H" t="H" l="H"/>
		<a id="25" s="H" t="H" l="H"/>
		<a id="26" s="H" t="H" l="H"/>
		<a id="27" s="H" t="H" l="H"/>
		<a id="28" s="H" t="H" l="H"/>
		<a id="29" s="H" t="H" l="H"/>
		<a id="30" s="H" t="H" l="H"/>
		<a id="31" s="H" t="H" l="H"/>
		<a id="32" s="H" t="H" l="H"/>
		<a id="33" s="H" t="H" l="H"/>
		<a id="34" s="H" t="H" l="H"/>
		<a id="35" s="H" t="H" l="H"/>
		<a id="36" s="H" t="H" l="H"/>
		<a id="37" s="H" t="H" l="H"/>
		<a id="38" s="H" t="H" l="H"/>
		<a id="39" s="H" t="H" l="H"/>
		<a id="40" s="H" t="H" l="H"/>
		<a id="41" s="H" t="H" l="H"/>
		<a id="42" s="H" t="H" l="H"/>
		<a id="43" s="H" t="H" l="H"/>
		<a id="44" s="H" t="H" l="H"/>
		<a id="45" s="H" t="H" l="H"/>
		<a id="46" s="H" t="H" l="H"/>
	</atoms>
	<bonds>
		<b id="1" c="1 2" t="1"/>
		<b id="2" c="2 3" t="ar"/>
		<b id="3" c="3 4" t="1"/>
		<b id="4" c="4 5" t="1"/>
		<b id="5" c="5 6" t="1"/>
		<b id="6" c="6 7" t="1"/>
		<b id="7" c="6 8" t="1"/>
		<b id="8" c="6 9" t="1"/>
		<b id="9" c="9 10" t="1"/>
		<b id="10" c="9 11" t="1"/>
		<b id="11" c="9 12" t="1"/>
		<b id="12" c="3 13" t="ar"/>
		<b id="13" c="13 14" t="ar"/>
		<b id="14" c="14 15" t="ar"/>
		<b id="15" c="15 16" t="ar"/>
		<b id="16" c="16 17" t="1"/>
		<b id="17" c="17 18" t="2"/>
		<b id="18" c="16 19" t="ar"/>
		<b id="19" c="19 20" t="1"/>
		<b id="20" c="19 21" t="ar"/>
		<b id="21" c="21 22" t="ar"/>
		<b id="22" c="14 22" t="ar"/>
		<b id="23" c="2 22" t="ar"/>
		<b id="24" c="1 23" t="1"/>
		<b id="25" c="1 24" t="1"/>
		<b id="26" c="1 25" t="1"/>
		<b id="27" c="4 26" t="1"/>
		<b id="28" c="4 27" t="1"/>
		<b id="29" c="7 28" t="1"/>
		<b id="30" c="7 29" t="1"/>
		<b id="31" c="7 30" t="1"/>
		<b id="32" c="8 31" t="1"/>
		<b id="33" c="8 32" t="1"/>
		<b id="34" c="8 33" t="1"/>
		<b id="35" c="10 34" t="1"/>
		<b id="36" c="10 35" t="1"/>
		<b id="37" c="10 36" t="1"/>
		<b id="38" c="11 37" t="1"/>
		<b id="39" c="11 38" t="1"/>
		<b id="40" c="11 39" t="1"/>
		<b id="41" c="12 40" t="1"/>
		<b id="42" c="12 41" t="1"/>
		<b id="43" c="12 42" t="1"/>
		<b id="44" c="13 43" t="1"/>
		<b id="45" c="15 44" t="1"/>
		<b id="46" c="17 45" t="1"/>
		<b id="47" c="21 46" t="1"/>
	</bonds>
	<geometry>
		<g u="A" t="cart/3d">#46,3:2.1855,0.5638,-1.9157;2.9700,0.3178,-0.7372;3.4186,1.2700,0.1500;3.1327,2.7223,-0.0410;1.7469,2.9594,-0.0311;0.9967,4.4188,0.0331;1.5675,5.4053,1.5622;1.4066,5.4418,-1.5283;-0.8517,3.9143,0.1163;-1.1420,3.1601,1.4153;-1.7236,5.1682,0.0711;-1.2283,3.0136,-1.0618;4.1327,0.6727,1.1495;4.1494,-0.7219,0.8774;4.7073,-1.8261,1.5014;4.5361,-3.0933,0.9523;5.1470,-4.2339,1.6388;5.7947,-4.1563,2.6545;3.7902,-3.2371,-0.2385;3.5651,-4.8014,-0.9424;3.2230,-2.1610,-0.8838;3.4046,-0.9000,-0.3216;1.6832,1.5234,-1.8196;1.4331,-0.2175,-2.0249;2.8167,0.5708,-2.8091;3.5497,3.0699,-0.9968;3.6156,3.2835,0.7641;2.6046,5.7145,1.4622;1.4909,4.8078,2.4661;0.9786,6.3040,1.7105;2.4655,5.6836,-1.5669;0.8628,6.3799,-1.5511;1.1636,4.9008,-2.4388;-0.9561,3.7935,2.2792;-0.5122,2.2775,1.4930;-2.1842,2.8430,1.4451;-1.4889,5.8338,0.8979;-2.7776,4.9008,0.1404;-1.5728,5.7120,-0.8581;-0.6467,2.0959,-1.0375;-1.0478,3.5159,-2.0095;-2.2845,2.7500,-1.0138;4.5981,1.1640,1.9795;5.2809,-1.7363,2.4115;4.9755,-5.2112,1.1536;2.6650,-2.3041,-1.7954;</g>
	</geometry>
	<conformers/>
	<properties/>
</molecule>
