<?xml version="1.0" ?>
<!--MOLLI PACKAGE EXPERIMENTAL XML FORMAT-->
<molecule name="el2505">
	<atoms>
		<a id="1" s="C" t="C.3" l="C"/>
		<a id="2" s="C" t="C.3" l="C"/>
		<a id="3" s="C" t="C.3" l="C"/>
		<a id="4" s="C" t="C.3" l="C"/>
		<a id="5" s="O" t="O.3" l="O"/>
		<a id="6" s="C" t="C.2" l="C"/>
		<a id="7" s="O" t="O.2" l="O"/>
		<a id="8" s="N" t="N.am" l="N"/>
		<a id="9" s="C" t="C.3" l="C"/>
		<a id="10" s="C" t="C.3" l="C"/>
		<a id="11" s="C" t="C.3" l="C"/>
		<a id="12" s="C" t="C.3" l="C"/>
		<a id="13" s="C" t="C.3" l="C"/>
		<a id="14" s="C" t="C.3" l="C"/>
		<a id="15" s="N" t="N.pl3" l="N"/>
		<a id="16" s="C" t="C.ar" l="C"/>
		<a id="17" s="C" t="C.ar" l="C"/>
		<a id="18" s="C" t="C.ar" l="C"/>
		<a id="19" s="N" t="N.ar" l="N"/>
		<a id="20" s="C" t="C.ar" l="C"/>
		<a id="21" s="Cl" t="Cl" l="CL"/>
		<a id="22" s="N" t="N.ar" l="N"/>
		<a id="23" s="H" t="H" l="H"/>
		<a id="24" s="H" t="H" l="H"/>
		<a id="25" s="H" t="H" l="H"/>
		<a id="26" s="H" t="H" l="H"/>
		<a id="27" s="H" t="H" l="H"/>
		<a id="28" s="H" t="H" l="H"/>
		<a id="29" s="H" t="H" l="H"/>
		<a id="30" s="H" t="H" l="H"/>
		<a id="31" s="H" t="H" l="H"/>
		<a id="32" s="H" t="H" l="H"/>
		<a id="33" s="H" t="H" l="H"/>
		<a id="34" s="H" t="H" l="H"/>
		<a id="35" s="H" t="H" l="H"/>
		<a id="36" s="H" t="H" l="H"/>
		<a id="37" s="H" t="H" l="H"/>
		<a id="38" s="H" t="H" l="H"/>
		<a id="39" s="H" t="H" l="H"/>
		<a id="40" s="H" t="H" l="H"/>
		<a id="41" s="H" t="H" l="H"/>
		<a id="42" s="H" t="H" l="H"/>
		<a id="43" s="H" t="H" l="H"/>
	</atoms>
	<bonds>
		<b id="1" c="1 2" t="1"/>
		<b id="2" c="2 3" t="1"/>
		<b id="3" c="2 4" t="1"/>
		<b id="4" c="2 5" t="1"/>
		<b id="5" c="5 6" t="1"/>
		<b id="6" c="6 7" t="2"/>
		<b id="7" c="6 8" t="am"/>
		<b id="8" c="8 9" t="1"/>
		<b id="9" c="9 10" t="1"/>
		<b id="10" c="10 11" t="1"/>
		<b id="11" c="11 12" t="1"/>
		<b id="12" c="12 13" t="1"/>
		<b id="13" c="8 13" t="1"/>
		<b id="14" c="13 14" t="1"/>
		<b id="15" c="14 15" t="1"/>
		<b id="16" c="10 15" t="1"/>
		<b id="17" c="15 16" t="1"/>
		<b id="18" c="16 17" t="ar"/>
		<b id="19" c="17 18" t="ar"/>
		<b id="20" c="18 19" t="ar"/>
		<b id="21" c="19 20" t="ar"/>
		<b id="22" c="20 21" t="1"/>
		<b id="23" c="20 22" t="ar"/>
		<b id="24" c="16 22" t="ar"/>
		<b id="25" c="1 23" t="1"/>
		<b id="26" c="1 24" t="1"/>
		<b id="27" c="1 25" t="1"/>
		<b id="28" c="3 26" t="1"/>
		<b id="29" c="3 27" t="1"/>
		<b id="30" c="3 28" t="1"/>
		<b id="31" c="4 29" t="1"/>
		<b id="32" c="4 30" t="1"/>
		<b id="33" c="4 31" t="1"/>
		<b id="34" c="9 32" t="1"/>
		<b id="35" c="9 33" t="1"/>
		<b id="36" c="10 34" t="1"/>
		<b id="37" c="11 35" t="1"/>
		<b id="38" c="11 36" t="1"/>
		<b id="39" c="12 37" t="1"/>
		<b id="40" c="12 38" t="1"/>
		<b id="41" c="13 39" t="1"/>
		<b id="42" c="14 40" t="1"/>
		<b id="43" c="14 41" t="1"/>
		<b id="44" c="17 42" t="1"/>
		<b id="45" c="18 43" t="1"/>
	</bonds>
	<geometry>
		<g u="A" t="cart/3d">#43,3:4.1367,0.5548,-1.4404;3.0290,-0.2386,-0.7484;2.4197,0.5617,0.4021;1.9484,-0.6406,-1.7532;3.5435,-1.5037,-0.2660;4.5175,-1.5319,0.6563;5.0617,-0.5790,1.1675;4.8277,-2.8143,0.9663;4.2271,-3.9656,0.3253;4.9149,-5.2081,0.8936;4.6977,-5.2781,2.4079;5.2457,-3.9867,3.0395;5.8588,-3.1311,1.9277;6.9576,-3.9212,1.2116;6.3378,-5.0988,0.6425;7.0220,-6.0391,-0.0247;8.4120,-5.9574,-0.2677;8.9791,-7.0000,-0.9586;8.2839,-8.0518,-1.3931;7.0001,-8.0238,-1.1168;6.0781,-9.3570,-1.6605;6.3292,-7.0998,-0.4705;3.7237,1.4647,-1.8663;4.5807,-0.0383,-2.2374;4.9100,0.8188,-0.7243;1.9616,1.4673,0.0149;3.1902,0.8329,1.1183;1.6597,-0.0299,0.9085;1.4945,0.2465,-2.1844;1.1798,-1.2288,-1.2589;2.3828,-1.2403,-2.5487;4.3676,-3.9093,-0.7599;3.1509,-3.9971,0.5256;4.5590,-6.1107,0.3953;5.2160,-6.1548,2.7968;3.6350,-5.3987,2.6154;6.0041,-4.2044,3.7913;4.4501,-3.4184,3.5208;6.2510,-2.1875,2.3141;7.7428,-4.2009,1.9240;7.4044,-3.3035,0.4230;9.0010,-5.1224,0.0673;10.0357,-7.0218,-1.1883;</g>
	</geometry>
	<conformers/>
	<properties/>
</molecule>
