<?xml version="1.0" ?>
<!--MOLLI PACKAGE EXPERIMENTAL XML FORMAT-->
<molecule name="el2506">
	<atoms>
		<a id="1" s="O" t="O.2" l="O"/>
		<a id="2" s="C" t="C.ar" l="C"/>
		<a id="3" s="C" t="C.ar" l="C"/>
		<a id="4" s="C" t="C.ar" l="C"/>
		<a id="5" s="C" t="C.ar" l="C"/>
		<a id="6" s="C" t="C.ar" l="C"/>
		<a id="7" s="C" t="C.ar" l="C"/>
		<a id="8" s="C" t="C.ar" l="C"/>
		<a id="9" s="Cl" t="Cl" l="CL"/>
		<a id="10" s="C" t="C.ar" l="C"/>
		<a id="11" s="C" t="C.ar" l="C"/>
		<a id="12" s="C" t="C.ar" l="C"/>
		<a id="13" s="C" t="C.ar" l="C"/>
		<a id="14" s="C" t="C.ar" l="C"/>
		<a id="15" s="C" t="C.ar" l="C"/>
		<a id="16" s="C" t="C.ar" l="C"/>
		<a id="17" s="C" t="C.ar" l="C"/>
		<a id="18" s="O" t="O.2" l="O"/>
		<a id="19" s="C" t="C.3" l="C"/>
		<a id="20" s="C" t="C.3" l="C"/>
		<a id="21" s="C" t="C.ar" l="C"/>
		<a id="22" s="C" t="C.ar" l="C"/>
		<a id="23" s="C" t="C.ar" l="C"/>
		<a id="24" s="C" t="C.ar" l="C"/>
		<a id="25" s="C" t="C.ar" l="C"/>
		<a id="26" s="C" t="C.ar" l="C"/>
		<a id="27" s="C" t="C.3" l="C"/>
		<a id="28" s="C" t="C.3" l="C"/>
		<a id="29" s="H" t="H" l="H"/>
		<a id="30" s="H" t="H" l="H"/>
		<a id="31" s="H" t="H" l="H"/>
		<a id="32" s="H" t="H" l="H"/>
		<a id="33" s="H" t="H" l="H"/>
		<a id="34" s="H" t="H" l="H"/>
		<a id="35" s="H" t="H" l="H"/>
		<a id="36" s="H" t="H" l="H"/>
		<a id="37" s="H" t="H" l="H"/>
		<a id="38" s="H" t="H" l="H"/>
		<a id="39" s="H" t="H" l="H"/>
		<a id="40" s="H" t="H" l="H"/>
		<a id="41" s="H" t="H" l="H"/>
		<a id="42" s="H" t="H" l="H"/>
		<a id="43" s="H" t="H" l="H"/>
		<a id="44" s="H" t="H" l="H"/>
		<a id="45" s="H" t="H" l="H"/>
		<a id="46" s="H" t="H" l="H"/>
		<a id="47" s="H" t="H" l="H"/>
	</atoms>
	<bonds>
		<b id="1" c="1 2" t="2"/>
		<b id="2" c="2 3" t="ar"/>
		<b id="3" c="3 4" t="ar"/>
		<b id="4" c="4 5" t="1"/>
		<b id="5" c="5 6" t="ar"/>
		<b id="6" c="6 7" t="ar"/>
		<b id="7" c="7 8" t="ar"/>
		<b id="8" c="8 9" t="1"/>
		<b id="9" c="8 10" t="ar"/>
		<b id="10" c="10 11" t="ar"/>
		<b id="11" c="5 11" t="ar"/>
		<b id="12" c="4 12" t="ar"/>
		<b id="13" c="12 13" t="ar"/>
		<b id="14" c="13 14" t="ar"/>
		<b id="15" c="14 15" t="ar"/>
		<b id="16" c="15 16" t="ar"/>
		<b id="17" c="16 17" t="ar"/>
		<b id="18" c="12 17" t="ar"/>
		<b id="19" c="17 18" t="ar"/>
		<b id="20" c="2 18" t="ar"/>
		<b id="21" c="16 19" t="1"/>
		<b id="22" c="19 20" t="1"/>
		<b id="23" c="20 21" t="1"/>
		<b id="24" c="21 22" t="ar"/>
		<b id="25" c="22 23" t="ar"/>
		<b id="26" c="23 24" t="ar"/>
		<b id="27" c="24 25" t="ar"/>
		<b id="28" c="25 26" t="ar"/>
		<b id="29" c="21 26" t="ar"/>
		<b id="30" c="24 27" t="1"/>
		<b id="31" c="27 28" t="1"/>
		<b id="32" c="13 28" t="1"/>
		<b id="33" c="3 29" t="1"/>
		<b id="34" c="6 30" t="1"/>
		<b id="35" c="7 31" t="1"/>
		<b id="36" c="10 32" t="1"/>
		<b id="37" c="11 33" t="1"/>
		<b id="38" c="14 34" t="1"/>
		<b id="39" c="15 35" t="1"/>
		<b id="40" c="19 36" t="1"/>
		<b id="41" c="19 37" t="1"/>
		<b id="42" c="20 38" t="1"/>
		<b id="43" c="20 39" t="1"/>
		<b id="44" c="22 40" t="1"/>
		<b id="45" c="23 41" t="1"/>
		<b id="46" c="25 42" t="1"/>
		<b id="47" c="26 43" t="1"/>
		<b id="48" c="27 44" t="1"/>
		<b id="49" c="27 45" t="1"/>
		<b id="50" c="28 46" t="1"/>
		<b id="51" c="28 47" t="1"/>
	</bonds>
	<geometry>
		<g u="A" t="cart/3d">#47,3:1.1104,1.7204,-0.3461;2.2608,1.3801,-0.4798;2.8998,1.0371,-1.7302;4.2130,0.7127,-1.8118;4.7299,0.2121,-3.0958;4.5108,0.9154,-4.2760;4.9506,0.4154,-5.4877;5.5971,-0.8100,-5.5243;6.1450,-1.4436,-7.0355;5.8069,-1.5357,-4.3609;5.3778,-1.0207,-3.1531;5.0329,0.7669,-0.6240;6.4458,0.7162,-0.6043;7.0582,0.5269,0.6225;6.3664,0.6809,1.8164;5.0402,1.0690,1.8142;4.3577,0.9953,0.5898;3.0324,1.2539,0.6387;4.3972,1.7523,2.9863;4.4523,3.3198,2.8349;5.1652,3.6986,1.5697;6.5544,3.6481,1.5025;7.1933,3.4924,0.2887;6.4550,3.3766,-0.8848;5.1067,3.7117,-0.8343;4.4671,3.8784,0.3809;7.0325,2.6781,-2.0834;7.2941,1.1671,-1.7635;2.2544,0.9982,-2.5937;4.0044,1.8685,-4.2435;4.7899,0.9683,-6.3995;6.3025,-2.4926,-4.4034;5.5388,-1.5788,-2.2425;8.1276,0.3795,0.6598;6.9052,0.6318,2.7506;4.9149,1.4610,3.9001;3.3549,1.4459,3.0636;4.9669,3.7361,3.7016;3.4345,3.7082,2.8178;7.1320,3.6306,2.4155;8.2647,3.3562,0.2616;4.5289,3.7459,-1.7476;3.3991,4.0419,0.4045;7.9770,3.1288,-2.3918;6.3318,2.7515,-2.9164;8.3388,1.0441,-1.4748;7.1310,0.5892,-2.6706;</g>
	</geometry>
	<conformers/>
	<properties/>
</molecule>
