<?xml version="1.0" ?>
<!--MOLLI PACKAGE EXPERIMENTAL XML FORMAT-->
<molecule name="el2507">
	<atoms>
		<a id="1" s="Cl" t="Cl" l="CL"/>
		<a id="2" s="C" t="C.ar" l="C"/>
		<a id="3" s="C" t="C.ar" l="C"/>
		<a id="4" s="C" t="C.ar" l="C"/>
		<a id="5" s="C" t="C.ar" l="C"/>
		<a id="6" s="N" t="N.ar" l="N"/>
		<a id="7" s="C" t="C.ar" l="C"/>
		<a id="8" s="C" t="C.ar" l="C"/>
		<a id="9" s="N" t="N.ar" l="N"/>
		<a id="10" s="C" t="C.ar" l="C"/>
		<a id="11" s="C" t="C.ar" l="C"/>
		<a id="12" s="H" t="H" l="H"/>
		<a id="13" s="H" t="H" l="H"/>
		<a id="14" s="H" t="H" l="H"/>
		<a id="15" s="H" t="H" l="H"/>
		<a id="16" s="H" t="H" l="H"/>
	</atoms>
	<bonds>
		<b id="1" c="1 2" t="1"/>
		<b id="2" c="2 3" t="ar"/>
		<b id="3" c="3 4" t="ar"/>
		<b id="4" c="4 5" t="ar"/>
		<b id="5" c="5 6" t="ar"/>
		<b id="6" c="6 7" t="ar"/>
		<b id="7" c="7 8" t="ar"/>
		<b id="8" c="8 9" t="ar"/>
		<b id="9" c="9 10" t="ar"/>
		<b id="10" c="5 10" t="ar"/>
		<b id="11" c="10 11" t="ar"/>
		<b id="12" c="2 11" t="ar"/>
		<b id="13" c="3 12" t="1"/>
		<b id="14" c="4 13" t="1"/>
		<b id="15" c="7 14" t="1"/>
		<b id="16" c="8 15" t="1"/>
		<b id="17" c="11 16" t="1"/>
	</bonds>
	<geometry>
		<g u="A" t="cart/3d">#16,3:-3.2510,0.3242,-0.0108;-1.5705,-0.0673,-0.0060;-1.2013,-1.4266,-0.0072;0.1177,-1.7788,-0.0032;1.1150,-0.7817,0.0020;2.4177,-1.1306,0.0067;3.2959,-0.1645,0.0111;2.9150,1.1944,0.0104;1.6636,1.5651,0.0064;0.7305,0.5892,0.0024;-0.6355,0.9318,-0.0014;-1.9757,-2.1779,-0.0112;0.4281,-2.8118,-0.0038;4.3378,-0.4553,0.0151;3.6546,1.9839,0.0131;-0.9095,1.9745,-0.0007;</g>
	</geometry>
	<conformers/>
	<properties/>
</molecule>
