<?xml version="1.0" ?>
<!--MOLLI PACKAGE EXPERIMENTAL XML FORMAT-->
<molecule name="el2509">
	<atoms>
		<a id="1" s="C" t="C.3" l="C"/>
		<a id="2" s="Si" t="Si" l="SI"/>
		<a id="3" s="C" t="C.3" l="C"/>
		<a id="4" s="C" t="C.3" l="C"/>
		<a id="5" s="C" t="C.3" l="C"/>
		<a id="6" s="C" t="C.3" l="C"/>
		<a id="7" s="O" t="O.3" l="O"/>
		<a id="8" s="C" t="C.3" l="C"/>
		<a id="9" s="N" t="N.ar" l="N"/>
		<a id="10" s="C" t="C.ar" l="C"/>
		<a id="11" s="C" t="C.ar" l="C"/>
		<a id="12" s="C" t="C.ar" l="C"/>
		<a id="13" s="C" t="C.ar" l="C"/>
		<a id="14" s="O" t="O.3" l="O"/>
		<a id="15" s="C" t="C.3" l="C"/>
		<a id="16" s="C" t="C.3" l="C"/>
		<a id="17" s="C" t="C.3" l="C"/>
		<a id="18" s="C" t="C.3" l="C"/>
		<a id="19" s="C" t="C.3" l="C"/>
		<a id="20" s="O" t="O.3" l="O"/>
		<a id="21" s="C" t="C.3" l="C"/>
		<a id="22" s="C" t="C.3" l="C"/>
		<a id="23" s="N" t="N.ar" l="N"/>
		<a id="24" s="C" t="C.ar" l="C"/>
		<a id="25" s="Cl" t="Cl" l="CL"/>
		<a id="26" s="N" t="N.ar" l="N"/>
		<a id="27" s="C" t="C.ar" l="C"/>
		<a id="28" s="H" t="H" l="H"/>
		<a id="29" s="H" t="H" l="H"/>
		<a id="30" s="H" t="H" l="H"/>
		<a id="31" s="H" t="H" l="H"/>
		<a id="32" s="H" t="H" l="H"/>
		<a id="33" s="H" t="H" l="H"/>
		<a id="34" s="H" t="H" l="H"/>
		<a id="35" s="H" t="H" l="H"/>
		<a id="36" s="H" t="H" l="H"/>
		<a id="37" s="H" t="H" l="H"/>
		<a id="38" s="H" t="H" l="H"/>
		<a id="39" s="H" t="H" l="H"/>
		<a id="40" s="H" t="H" l="H"/>
		<a id="41" s="H" t="H" l="H"/>
		<a id="42" s="H" t="H" l="H"/>
		<a id="43" s="H" t="H" l="H"/>
		<a id="44" s="H" t="H" l="H"/>
		<a id="45" s="H" t="H" l="H"/>
		<a id="46" s="H" t="H" l="H"/>
		<a id="47" s="H" t="H" l="H"/>
		<a id="48" s="H" t="H" l="H"/>
		<a id="49" s="H" t="H" l="H"/>
		<a id="50" s="H" t="H" l="H"/>
		<a id="51" s="H" t="H" l="H"/>
		<a id="52" s="H" t="H" l="H"/>
		<a id="53" s="H" t="H" l="H"/>
		<a id="54" s="H" t="H" l="H"/>
		<a id="55" s="H" t="H" l="H"/>
		<a id="56" s="H" t="H" l="H"/>
		<a id="57" s="H" t="H" l="H"/>
	</atoms>
	<bonds>
		<b id="1" c="1 2" t="1"/>
		<b id="2" c="2 3" t="1"/>
		<b id="3" c="2 4" t="1"/>
		<b id="4" c="2 5" t="1"/>
		<b id="5" c="5 6" t="1"/>
		<b id="6" c="6 7" t="1"/>
		<b id="7" c="7 8" t="1"/>
		<b id="8" c="8 9" t="1"/>
		<b id="9" c="9 10" t="ar"/>
		<b id="10" c="10 11" t="ar"/>
		<b id="11" c="11 12" t="ar"/>
		<b id="12" c="12 13" t="ar"/>
		<b id="13" c="13 14" t="1"/>
		<b id="14" c="15 16" t="1"/>
		<b id="15" c="16 17" t="1"/>
		<b id="16" c="17 18" t="1"/>
		<b id="17" c="18 19" t="1"/>
		<b id="18" c="18 20" t="1"/>
		<b id="19" c="18 21" t="1"/>
		<b id="20" c="21 22" t="1"/>
		<b id="21" c="15 22" t="1"/>
		<b id="22" c="13 23" t="ar"/>
		<b id="23" c="23 24" t="ar"/>
		<b id="24" c="24 25" t="1"/>
		<b id="25" c="24 26" t="ar"/>
		<b id="26" c="26 27" t="ar"/>
		<b id="27" c="12 27" t="ar"/>
		<b id="28" c="9 27" t="ar"/>
		<b id="29" c="15 14" t="1"/>
		<b id="30" c="1 28" t="1"/>
		<b id="31" c="1 29" t="1"/>
		<b id="32" c="1 30" t="1"/>
		<b id="33" c="3 31" t="1"/>
		<b id="34" c="3 32" t="1"/>
		<b id="35" c="3 33" t="1"/>
		<b id="36" c="4 34" t="1"/>
		<b id="37" c="4 35" t="1"/>
		<b id="38" c="4 36" t="1"/>
		<b id="39" c="5 37" t="1"/>
		<b id="40" c="5 38" t="1"/>
		<b id="41" c="6 39" t="1"/>
		<b id="42" c="6 40" t="1"/>
		<b id="43" c="8 41" t="1"/>
		<b id="44" c="8 42" t="1"/>
		<b id="45" c="10 43" t="1"/>
		<b id="46" c="11 44" t="1"/>
		<b id="47" c="15 45" t="1"/>
		<b id="48" c="16 46" t="1"/>
		<b id="49" c="16 47" t="1"/>
		<b id="50" c="17 48" t="1"/>
		<b id="51" c="17 49" t="1"/>
		<b id="52" c="19 50" t="1"/>
		<b id="53" c="19 51" t="1"/>
		<b id="54" c="19 52" t="1"/>
		<b id="55" c="20 53" t="1"/>
		<b id="56" c="21 54" t="1"/>
		<b id="57" c="21 55" t="1"/>
		<b id="58" c="22 56" t="1"/>
		<b id="59" c="22 57" t="1"/>
	</bonds>
	<geometry>
		<g u="A" t="cart/3d">#57,3:8.7958,-6.8329,11.2900;8.4644,-5.5777,9.8920;7.0335,-6.2072,8.7963;8.0197,-3.8737,10.6259;10.0422,-5.3694,8.8246;10.3919,-6.6426,8.0831;11.5592,-6.4265,7.2951;12.0822,-7.5852,6.7369;11.2175,-8.1676,5.7376;11.0756,-7.7575,4.4324;10.0773,-8.4490,3.8194;9.5446,-9.3362,4.7929;8.5353,-10.3108,4.8848;7.7979,-10.6070,3.8292;6.8128,-11.6382,3.9688;5.5670,-11.1189,4.6825;4.5230,-12.2276,4.7675;4.1404,-12.7440,3.3693;3.1378,-13.8981,3.4940;3.5806,-11.7027,2.5864;5.4022,-13.2158,2.6346;6.4502,-12.1101,2.5658;8.3361,-10.9359,6.0405;9.1033,-10.6252,7.0723;8.7552,-11.4684,8.5148;10.0801,-9.7561,7.1355;10.2828,-9.1166,5.9793;7.9515,-6.8993,11.9696;9.6662,-6.5559,11.8776;8.9711,-7.8281,10.8919;6.0864,-6.1814,9.3267;7.2031,-7.2336,8.4840;6.9221,-5.6046,7.8995;7.1402,-3.9402,11.2580;7.8089,-3.1466,9.8479;8.8286,-3.4788,11.2322;10.8936,-5.0851,9.4422;9.9108,-4.5733,8.0922;9.5600,-6.9394,7.4319;10.5811,-7.4651,8.7847;12.2432,-8.3599,7.5034;13.0302,-7.3005,6.2695;11.7173,-6.9911,4.0439;9.7484,-8.3533,2.8051;7.2524,-12.4556,4.5546;5.1674,-10.2754,4.1158;5.8341,-10.7781,5.6834;3.6310,-11.8502,5.2744;4.9177,-13.0573,5.3556;2.2495,-13.5729,4.0335;3.5796,-14.7337,4.0290;2.8382,-14.2334,2.5039;2.7739,-11.3981,3.0158;5.1245,-13.5130,1.6231;5.8096,-14.0842,3.1541;6.0471,-11.2659,2.0064;7.3442,-12.4691,2.0542;</g>
	</geometry>
	<conformers/>
	<properties/>
</molecule>
