<?xml version="1.0" ?>
<!--MOLLI PACKAGE EXPERIMENTAL XML FORMAT-->
<molecule name="el2510">
	<atoms>
		<a id="1" s="C" t="C.3" l="C"/>
		<a id="2" s="C" t="C.3" l="C"/>
		<a id="3" s="C" t="C.3" l="C"/>
		<a id="4" s="C" t="C.3" l="C"/>
		<a id="5" s="C" t="C.3" l="C"/>
		<a id="6" s="O" t="O.3" l="O"/>
		<a id="7" s="C" t="C.ar" l="C"/>
		<a id="8" s="N" t="N.ar" l="N"/>
		<a id="9" s="C" t="C.ar" l="C"/>
		<a id="10" s="Cl" t="Cl" l="CL"/>
		<a id="11" s="N" t="N.ar" l="N"/>
		<a id="12" s="C" t="C.ar" l="C"/>
		<a id="13" s="C" t="C.ar" l="C"/>
		<a id="14" s="C" t="C.ar" l="C"/>
		<a id="15" s="C" t="C.ar" l="C"/>
		<a id="16" s="N" t="N.ar" l="N"/>
		<a id="17" s="C" t="C.3" l="C"/>
		<a id="18" s="O" t="O.3" l="O"/>
		<a id="19" s="C" t="C.3" l="C"/>
		<a id="20" s="C" t="C.3" l="C"/>
		<a id="21" s="Si" t="Si" l="SI"/>
		<a id="22" s="C" t="C.3" l="C"/>
		<a id="23" s="C" t="C.3" l="C"/>
		<a id="24" s="C" t="C.3" l="C"/>
		<a id="25" s="C" t="C.3" l="C"/>
		<a id="26" s="C" t="C.3" l="C"/>
		<a id="27" s="O" t="O.3" l="O"/>
		<a id="28" s="H" t="H" l="H"/>
		<a id="29" s="H" t="H" l="H"/>
		<a id="30" s="H" t="H" l="H"/>
		<a id="31" s="H" t="H" l="H"/>
		<a id="32" s="H" t="H" l="H"/>
		<a id="33" s="H" t="H" l="H"/>
		<a id="34" s="H" t="H" l="H"/>
		<a id="35" s="H" t="H" l="H"/>
		<a id="36" s="H" t="H" l="H"/>
		<a id="37" s="H" t="H" l="H"/>
		<a id="38" s="H" t="H" l="H"/>
		<a id="39" s="H" t="H" l="H"/>
		<a id="40" s="H" t="H" l="H"/>
		<a id="41" s="H" t="H" l="H"/>
		<a id="42" s="H" t="H" l="H"/>
		<a id="43" s="H" t="H" l="H"/>
		<a id="44" s="H" t="H" l="H"/>
		<a id="45" s="H" t="H" l="H"/>
		<a id="46" s="H" t="H" l="H"/>
		<a id="47" s="H" t="H" l="H"/>
		<a id="48" s="H" t="H" l="H"/>
		<a id="49" s="H" t="H" l="H"/>
		<a id="50" s="H" t="H" l="H"/>
		<a id="51" s="H" t="H" l="H"/>
		<a id="52" s="H" t="H" l="H"/>
		<a id="53" s="H" t="H" l="H"/>
		<a id="54" s="H" t="H" l="H"/>
		<a id="55" s="H" t="H" l="H"/>
		<a id="56" s="H" t="H" l="H"/>
		<a id="57" s="H" t="H" l="H"/>
	</atoms>
	<bonds>
		<b id="1" c="1 2" t="1"/>
		<b id="2" c="2 3" t="1"/>
		<b id="3" c="2 4" t="1"/>
		<b id="4" c="4 5" t="1"/>
		<b id="5" c="5 6" t="1"/>
		<b id="6" c="6 7" t="1"/>
		<b id="7" c="7 8" t="ar"/>
		<b id="8" c="8 9" t="ar"/>
		<b id="9" c="9 10" t="1"/>
		<b id="10" c="9 11" t="ar"/>
		<b id="11" c="11 12" t="ar"/>
		<b id="12" c="12 13" t="ar"/>
		<b id="13" c="7 13" t="ar"/>
		<b id="14" c="13 14" t="ar"/>
		<b id="15" c="14 15" t="ar"/>
		<b id="16" c="15 16" t="ar"/>
		<b id="17" c="12 16" t="ar"/>
		<b id="18" c="16 17" t="1"/>
		<b id="19" c="17 18" t="1"/>
		<b id="20" c="18 19" t="1"/>
		<b id="21" c="19 20" t="1"/>
		<b id="22" c="20 21" t="1"/>
		<b id="23" c="21 22" t="1"/>
		<b id="24" c="21 23" t="1"/>
		<b id="25" c="21 24" t="1"/>
		<b id="26" c="5 25" t="1"/>
		<b id="27" c="25 26" t="1"/>
		<b id="28" c="26 27" t="1"/>
		<b id="29" c="2 27" t="1"/>
		<b id="30" c="1 28" t="1"/>
		<b id="31" c="1 29" t="1"/>
		<b id="32" c="1 30" t="1"/>
		<b id="33" c="3 31" t="1"/>
		<b id="34" c="3 32" t="1"/>
		<b id="35" c="3 33" t="1"/>
		<b id="36" c="4 34" t="1"/>
		<b id="37" c="4 35" t="1"/>
		<b id="38" c="5 36" t="1"/>
		<b id="39" c="14 37" t="1"/>
		<b id="40" c="15 38" t="1"/>
		<b id="41" c="17 39" t="1"/>
		<b id="42" c="17 40" t="1"/>
		<b id="43" c="19 41" t="1"/>
		<b id="44" c="19 42" t="1"/>
		<b id="45" c="20 43" t="1"/>
		<b id="46" c="20 44" t="1"/>
		<b id="47" c="22 45" t="1"/>
		<b id="48" c="22 46" t="1"/>
		<b id="49" c="22 47" t="1"/>
		<b id="50" c="23 48" t="1"/>
		<b id="51" c="23 49" t="1"/>
		<b id="52" c="23 50" t="1"/>
		<b id="53" c="24 51" t="1"/>
		<b id="54" c="24 52" t="1"/>
		<b id="55" c="24 53" t="1"/>
		<b id="56" c="25 54" t="1"/>
		<b id="57" c="25 55" t="1"/>
		<b id="58" c="26 56" t="1"/>
		<b id="59" c="26 57" t="1"/>
	</bonds>
	<geometry>
		<g u="A" t="cart/3d">#57,3:6.9702,2.3884,-0.8998;7.2272,1.8557,-2.3156;8.6070,2.3222,-2.7872;6.1529,2.3604,-3.2976;4.8120,1.6559,-3.0909;3.8962,2.0148,-4.1334;3.2953,3.1909,-4.0405;3.5072,3.9685,-2.9849;2.8947,5.1401,-2.9234;3.2259,6.0553,-1.5224;2.0844,5.6868,-3.7947;1.8671,4.9112,-4.8611;2.4294,3.6267,-5.0574;1.9415,3.1617,-6.3078;1.1467,4.1485,-6.8030;1.1032,5.2137,-5.9345;0.3535,6.4360,-6.1220;-1.0121,6.2219,-6.2246;-1.6506,5.8475,-5.0081;-3.1436,5.7820,-5.2606;-4.1689,5.3328,-3.7060;-6.0104,5.3614,-4.2035;-3.6892,3.5880,-3.0998;-3.8503,6.6138,-2.3283;5.0157,0.1472,-3.1457;6.0811,-0.2370,-2.1169;7.2966,0.4310,-2.3383;7.1169,3.4643,-0.8830;7.6700,1.9261,-0.2075;5.9589,2.1794,-0.5640;8.6293,3.4038,-2.8809;8.8378,1.8732,-3.7492;9.3631,2.0074,-2.0739;6.4826,2.1601,-4.3198;6.0227,3.4356,-3.1751;4.3696,1.9561,-2.1340;2.1649,2.2184,-6.7622;0.5874,4.1890,-7.7170;0.6553,6.9060,-7.0659;0.6095,7.0864,-5.2717;-1.4145,6.5911,-4.2349;-1.2702,4.8738,-4.6719;-3.3196,5.0560,-6.0541;-3.4585,6.7485,-5.6536;-6.2193,4.6551,-5.0010;-6.3134,6.3444,-4.5502;-6.6459,5.1018,-3.3629;-3.8077,2.8482,-3.8861;-4.3086,3.2770,-2.2640;-2.6554,3.5528,-2.7691;-3.9958,7.6281,-2.6886;-2.8361,6.5434,-1.9463;-4.5243,6.4666,-1.4897;5.3543,-0.1252,-4.1463;4.0827,-0.3755,-2.9366;6.3226,-1.2996,-2.1959;5.7029,-0.0409,-1.1033;</g>
	</geometry>
	<conformers/>
	<properties/>
</molecule>
