<?xml version="1.0" ?>
<!--MOLLI PACKAGE EXPERIMENTAL XML FORMAT-->
<molecule name="el2511">
	<atoms>
		<a id="1" s="Cl" t="Cl" l="CL"/>
		<a id="2" s="C" t="C.ar" l="C"/>
		<a id="3" s="C" t="C.ar" l="C"/>
		<a id="4" s="C" t="C.ar" l="C"/>
		<a id="5" s="C" t="C.ar" l="C"/>
		<a id="6" s="C" t="C.ar" l="C"/>
		<a id="7" s="C" t="C.ar" l="C"/>
		<a id="8" s="N" t="N.2" l="N"/>
		<a id="9" s="C" t="C.2" l="C"/>
		<a id="10" s="C" t="C.ar" l="C"/>
		<a id="11" s="C" t="C.ar" l="C"/>
		<a id="12" s="C" t="C.ar" l="C"/>
		<a id="13" s="C" t="C.ar" l="C"/>
		<a id="14" s="C" t="C.ar" l="C"/>
		<a id="15" s="C" t="C.ar" l="C"/>
		<a id="16" s="C" t="C.ar" l="C"/>
		<a id="17" s="C" t="C.ar" l="C"/>
		<a id="18" s="C" t="C.ar" l="C"/>
		<a id="19" s="C" t="C.ar" l="C"/>
		<a id="20" s="C" t="C.ar" l="C"/>
		<a id="21" s="C" t="C.ar" l="C"/>
		<a id="22" s="O" t="O.3" l="O"/>
		<a id="23" s="H" t="H" l="H"/>
		<a id="24" s="H" t="H" l="H"/>
		<a id="25" s="H" t="H" l="H"/>
		<a id="26" s="H" t="H" l="H"/>
		<a id="27" s="H" t="H" l="H"/>
		<a id="28" s="H" t="H" l="H"/>
		<a id="29" s="H" t="H" l="H"/>
		<a id="30" s="H" t="H" l="H"/>
		<a id="31" s="H" t="H" l="H"/>
		<a id="32" s="H" t="H" l="H"/>
		<a id="33" s="H" t="H" l="H"/>
		<a id="34" s="H" t="H" l="H"/>
	</atoms>
	<bonds>
		<b id="1" c="1 2" t="1"/>
		<b id="2" c="2 3" t="ar"/>
		<b id="3" c="3 4" t="ar"/>
		<b id="4" c="4 5" t="ar"/>
		<b id="5" c="5 6" t="ar"/>
		<b id="6" c="6 7" t="ar"/>
		<b id="7" c="2 7" t="ar"/>
		<b id="8" c="7 8" t="1"/>
		<b id="9" c="8 9" t="2"/>
		<b id="10" c="9 10" t="1"/>
		<b id="11" c="10 11" t="ar"/>
		<b id="12" c="11 12" t="ar"/>
		<b id="13" c="12 13" t="ar"/>
		<b id="14" c="13 14" t="ar"/>
		<b id="15" c="14 15" t="ar"/>
		<b id="16" c="10 15" t="ar"/>
		<b id="17" c="9 16" t="1"/>
		<b id="18" c="16 17" t="ar"/>
		<b id="19" c="17 18" t="ar"/>
		<b id="20" c="18 19" t="ar"/>
		<b id="21" c="19 20" t="ar"/>
		<b id="22" c="20 21" t="ar"/>
		<b id="23" c="16 21" t="ar"/>
		<b id="24" c="21 22" t="1"/>
		<b id="25" c="6 22" t="1"/>
		<b id="26" c="3 23" t="1"/>
		<b id="27" c="4 24" t="1"/>
		<b id="28" c="5 25" t="1"/>
		<b id="29" c="11 26" t="1"/>
		<b id="30" c="12 27" t="1"/>
		<b id="31" c="13 28" t="1"/>
		<b id="32" c="14 29" t="1"/>
		<b id="33" c="15 30" t="1"/>
		<b id="34" c="17 31" t="1"/>
		<b id="35" c="18 32" t="1"/>
		<b id="36" c="19 33" t="1"/>
		<b id="37" c="20 34" t="1"/>
	</bonds>
	<geometry>
		<g u="A" t="cart/3d">#34,3:1.1085,0.1532,0.1048;2.8265,0.0580,0.0296;3.4697,-1.0868,0.4597;4.8499,-1.1588,0.3886;5.5803,-0.0767,-0.0721;4.9359,1.0790,-0.4774;3.5316,1.1688,-0.4548;2.8162,2.1985,-1.0001;3.1454,3.4317,-1.0122;2.2656,4.3475,-1.7472;0.9207,4.0195,-1.9175;0.0801,4.8638,-2.6156;0.5719,6.0388,-3.1628;1.9109,6.3621,-3.0149;2.7559,5.5251,-2.3102;4.3088,3.9976,-0.3021;4.2072,5.2106,0.3771;5.2953,5.7457,1.0392;6.5099,5.0796,1.0255;6.6251,3.8644,0.3752;5.5307,3.3183,-0.2807;5.7142,2.1218,-0.9518;2.8894,-1.9164,0.8311;5.3585,-2.0578,0.6994;6.6571,-0.1125,-0.1284;0.5549,3.1009,-1.4862;-0.9622,4.6075,-2.7352;-0.0859,6.6996,-3.7079;2.2993,7.2705,-3.4518;3.8031,5.7731,-2.2137;3.2579,5.7259,0.3855;5.1980,6.6864,1.5596;7.3674,5.5021,1.5269;7.5604,3.3268,0.3541;</g>
	</geometry>
	<conformers/>
	<properties/>
</molecule>
