<?xml version="1.0" ?>
<!--MOLLI PACKAGE EXPERIMENTAL XML FORMAT-->
<molecule name="el2513">
	<atoms>
		<a id="1" s="C" t="C.3" l="C"/>
		<a id="2" s="C" t="C.ar" l="C"/>
		<a id="3" s="C" t="C.ar" l="C"/>
		<a id="4" s="N" t="N.ar" l="N"/>
		<a id="5" s="C" t="C.ar" l="C"/>
		<a id="6" s="C" t="C.ar" l="C"/>
		<a id="7" s="C" t="C.3" l="C"/>
		<a id="8" s="C" t="C.ar" l="C"/>
		<a id="9" s="Cl" t="Cl" l="CL"/>
		<a id="10" s="H" t="H" l="H"/>
		<a id="11" s="H" t="H" l="H"/>
		<a id="12" s="H" t="H" l="H"/>
		<a id="13" s="H" t="H" l="H"/>
		<a id="14" s="H" t="H" l="H"/>
		<a id="15" s="H" t="H" l="H"/>
		<a id="16" s="H" t="H" l="H"/>
		<a id="17" s="H" t="H" l="H"/>
	</atoms>
	<bonds>
		<b id="1" c="1 2" t="1"/>
		<b id="2" c="2 3" t="ar"/>
		<b id="3" c="3 4" t="ar"/>
		<b id="4" c="4 5" t="ar"/>
		<b id="5" c="5 6" t="ar"/>
		<b id="6" c="6 7" t="1"/>
		<b id="7" c="6 8" t="ar"/>
		<b id="8" c="2 8" t="ar"/>
		<b id="9" c="8 9" t="1"/>
		<b id="10" c="1 10" t="1"/>
		<b id="11" c="1 11" t="1"/>
		<b id="12" c="1 12" t="1"/>
		<b id="13" c="3 13" t="1"/>
		<b id="14" c="5 14" t="1"/>
		<b id="15" c="7 15" t="1"/>
		<b id="16" c="7 16" t="1"/>
		<b id="17" c="7 17" t="1"/>
	</bonds>
	<geometry>
		<g u="A" t="cart/3d">#17,3:1.0486,0.0235,0.0516;2.5410,0.0768,0.0509;3.3224,-1.0755,0.0513;4.6412,-1.0736,0.0507;5.2675,0.0870,0.0496;4.6228,1.3210,0.0491;5.3766,2.6102,0.0479;3.2310,1.2860,0.0498;2.3420,2.7735,0.0492;0.7014,-1.0059,0.0516;0.6533,0.5316,-0.8274;0.6542,0.5313,0.9313;2.8534,-2.0506,0.0520;6.3485,0.0382,0.0493;6.4477,2.4284,0.0494;5.1152,3.2000,0.9258;5.1173,3.1969,-0.8329;</g>
	</geometry>
	<conformers/>
	<properties/>
</molecule>
