<?xml version="1.0" ?>
<!--MOLLI PACKAGE EXPERIMENTAL XML FORMAT-->
<molecule name="el2514">
	<atoms>
		<a id="1" s="C" t="C.3" l="C"/>
		<a id="2" s="C" t="C.3" l="C"/>
		<a id="3" s="O" t="O.3" l="O"/>
		<a id="4" s="C" t="C.2" l="C"/>
		<a id="5" s="O" t="O.2" l="O"/>
		<a id="6" s="C" t="C.ar" l="C"/>
		<a id="7" s="C" t="C.ar" l="C"/>
		<a id="8" s="N" t="N.ar" l="N"/>
		<a id="9" s="C" t="C.ar" l="C"/>
		<a id="10" s="C" t="C.ar" l="C"/>
		<a id="11" s="C" t="C.3" l="C"/>
		<a id="12" s="C" t="C.ar" l="C"/>
		<a id="13" s="C" t="C.ar" l="C"/>
		<a id="14" s="C" t="C.ar" l="C"/>
		<a id="15" s="C" t="C.ar" l="C"/>
		<a id="16" s="C" t="C.ar" l="C"/>
		<a id="17" s="Cl" t="Cl" l="CL"/>
		<a id="18" s="H" t="H" l="H"/>
		<a id="19" s="H" t="H" l="H"/>
		<a id="20" s="H" t="H" l="H"/>
		<a id="21" s="H" t="H" l="H"/>
		<a id="22" s="H" t="H" l="H"/>
		<a id="23" s="H" t="H" l="H"/>
		<a id="24" s="H" t="H" l="H"/>
		<a id="25" s="H" t="H" l="H"/>
		<a id="26" s="H" t="H" l="H"/>
		<a id="27" s="H" t="H" l="H"/>
		<a id="28" s="H" t="H" l="H"/>
		<a id="29" s="H" t="H" l="H"/>
	</atoms>
	<bonds>
		<b id="1" c="1 2" t="1"/>
		<b id="2" c="2 3" t="1"/>
		<b id="3" c="3 4" t="1"/>
		<b id="4" c="4 5" t="2"/>
		<b id="5" c="4 6" t="1"/>
		<b id="6" c="6 7" t="ar"/>
		<b id="7" c="7 8" t="ar"/>
		<b id="8" c="8 9" t="ar"/>
		<b id="9" c="9 10" t="ar"/>
		<b id="10" c="10 11" t="1"/>
		<b id="11" c="10 12" t="ar"/>
		<b id="12" c="12 13" t="ar"/>
		<b id="13" c="13 14" t="ar"/>
		<b id="14" c="14 15" t="ar"/>
		<b id="15" c="9 15" t="ar"/>
		<b id="16" c="15 16" t="ar"/>
		<b id="17" c="6 16" t="ar"/>
		<b id="18" c="16 17" t="1"/>
		<b id="19" c="1 18" t="1"/>
		<b id="20" c="1 19" t="1"/>
		<b id="21" c="1 20" t="1"/>
		<b id="22" c="2 21" t="1"/>
		<b id="23" c="2 22" t="1"/>
		<b id="24" c="7 23" t="1"/>
		<b id="25" c="11 24" t="1"/>
		<b id="26" c="11 25" t="1"/>
		<b id="27" c="11 26" t="1"/>
		<b id="28" c="12 27" t="1"/>
		<b id="29" c="13 28" t="1"/>
		<b id="30" c="14 29" t="1"/>
	</bonds>
	<geometry>
		<g u="A" t="cart/3d">#29,3:1.7585,0.6508,1.0421;2.3029,-0.4343,0.1244;3.0873,-1.3828,0.8480;4.3586,-1.0452,1.1012;4.8667,-0.0171,0.7322;5.0489,-2.1168,1.8642;4.5924,-3.4539,1.7669;5.1324,-4.4581,2.3808;6.2030,-4.2481,3.1753;6.7765,-5.3588,3.8432;6.1874,-6.7218,3.6631;7.8688,-5.1541,4.6517;8.4204,-3.8801,4.8292;7.8819,-2.7930,4.1967;6.7644,-2.9499,3.3564;6.1471,-1.8766,2.6671;6.7535,-0.2849,2.8721;1.1119,1.3161,0.4770;2.5789,1.2290,1.4605;1.1893,0.2049,1.8546;2.9202,0.0103,-0.6634;1.4943,-1.0186,-0.3194;3.7402,-3.6731,1.1387;5.3747,-6.6780,2.9456;5.8056,-7.0935,4.6128;6.9456,-7.4189,3.3112;8.3126,-5.9962,5.1633;9.2788,-3.7604,5.4732;8.3016,-1.8086,4.3294;</g>
	</geometry>
	<conformers/>
	<properties/>
</molecule>
