<?xml version="1.0" ?>
<!--MOLLI PACKAGE EXPERIMENTAL XML FORMAT-->
<molecule name="el2517">
	<atoms>
		<a id="1" s="C" t="C.2" l="C"/>
		<a id="2" s="C" t="C.2" l="C"/>
		<a id="3" s="C" t="C.2" l="C"/>
		<a id="4" s="O" t="O.2" l="O"/>
		<a id="5" s="N" t="N.am" l="N"/>
		<a id="6" s="C" t="C.3" l="C"/>
		<a id="7" s="C" t="C.3" l="C"/>
		<a id="8" s="C" t="C.3" l="C"/>
		<a id="9" s="C" t="C.3" l="C"/>
		<a id="10" s="N" t="N.pl3" l="N"/>
		<a id="11" s="C" t="C.ar" l="C"/>
		<a id="12" s="N" t="N.ar" l="N"/>
		<a id="13" s="C" t="C.ar" l="C"/>
		<a id="14" s="Cl" t="Cl" l="CL"/>
		<a id="15" s="C" t="C.ar" l="C"/>
		<a id="16" s="C" t="C.ar" l="C"/>
		<a id="17" s="N" t="N.pl3" l="N"/>
		<a id="18" s="C" t="C.3" l="C"/>
		<a id="19" s="C" t="C.3" l="C"/>
		<a id="20" s="N" t="N.3" l="N"/>
		<a id="21" s="C" t="C.3" l="C"/>
		<a id="22" s="C" t="C.3" l="C"/>
		<a id="23" s="C" t="C.3" l="C"/>
		<a id="24" s="N" t="N.ar" l="N"/>
		<a id="25" s="C" t="C.3" l="C"/>
		<a id="26" s="C" t="C.3" l="C"/>
		<a id="27" s="C" t="C.3" l="C"/>
		<a id="28" s="H" t="H" l="H"/>
		<a id="29" s="H" t="H" l="H"/>
		<a id="30" s="H" t="H" l="H"/>
		<a id="31" s="H" t="H" l="H"/>
		<a id="32" s="H" t="H" l="H"/>
		<a id="33" s="H" t="H" l="H"/>
		<a id="34" s="H" t="H" l="H"/>
		<a id="35" s="H" t="H" l="H"/>
		<a id="36" s="H" t="H" l="H"/>
		<a id="37" s="H" t="H" l="H"/>
		<a id="38" s="H" t="H" l="H"/>
		<a id="39" s="H" t="H" l="H"/>
		<a id="40" s="H" t="H" l="H"/>
		<a id="41" s="H" t="H" l="H"/>
		<a id="42" s="H" t="H" l="H"/>
		<a id="43" s="H" t="H" l="H"/>
		<a id="44" s="H" t="H" l="H"/>
		<a id="45" s="H" t="H" l="H"/>
		<a id="46" s="H" t="H" l="H"/>
		<a id="47" s="H" t="H" l="H"/>
		<a id="48" s="H" t="H" l="H"/>
		<a id="49" s="H" t="H" l="H"/>
		<a id="50" s="H" t="H" l="H"/>
		<a id="51" s="H" t="H" l="H"/>
		<a id="52" s="H" t="H" l="H"/>
		<a id="53" s="H" t="H" l="H"/>
		<a id="54" s="H" t="H" l="H"/>
	</atoms>
	<bonds>
		<b id="1" c="1 2" t="2"/>
		<b id="2" c="2 3" t="1"/>
		<b id="3" c="3 4" t="2"/>
		<b id="4" c="3 5" t="am"/>
		<b id="5" c="5 6" t="1"/>
		<b id="6" c="6 7" t="1"/>
		<b id="7" c="7 8" t="1"/>
		<b id="8" c="8 9" t="1"/>
		<b id="9" c="9 10" t="1"/>
		<b id="10" c="10 11" t="1"/>
		<b id="11" c="11 12" t="ar"/>
		<b id="12" c="12 13" t="ar"/>
		<b id="13" c="13 14" t="1"/>
		<b id="14" c="13 15" t="ar"/>
		<b id="15" c="15 16" t="ar"/>
		<b id="16" c="16 17" t="1"/>
		<b id="17" c="17 18" t="1"/>
		<b id="18" c="18 19" t="1"/>
		<b id="19" c="19 20" t="1"/>
		<b id="20" c="20 21" t="1"/>
		<b id="21" c="20 22" t="1"/>
		<b id="22" c="22 23" t="1"/>
		<b id="23" c="17 23" t="1"/>
		<b id="24" c="16 24" t="ar"/>
		<b id="25" c="11 24" t="ar"/>
		<b id="26" c="10 25" t="1"/>
		<b id="27" c="25 26" t="1"/>
		<b id="28" c="7 26" t="1"/>
		<b id="29" c="7 27" t="1"/>
		<b id="30" c="5 27" t="1"/>
		<b id="31" c="1 28" t="1"/>
		<b id="32" c="1 29" t="1"/>
		<b id="33" c="2 30" t="1"/>
		<b id="34" c="6 31" t="1"/>
		<b id="35" c="6 32" t="1"/>
		<b id="36" c="8 33" t="1"/>
		<b id="37" c="8 34" t="1"/>
		<b id="38" c="9 35" t="1"/>
		<b id="39" c="9 36" t="1"/>
		<b id="40" c="15 37" t="1"/>
		<b id="41" c="18 38" t="1"/>
		<b id="42" c="18 39" t="1"/>
		<b id="43" c="19 40" t="1"/>
		<b id="44" c="19 41" t="1"/>
		<b id="45" c="21 42" t="1"/>
		<b id="46" c="21 43" t="1"/>
		<b id="47" c="21 44" t="1"/>
		<b id="48" c="22 45" t="1"/>
		<b id="49" c="22 46" t="1"/>
		<b id="50" c="23 47" t="1"/>
		<b id="51" c="23 48" t="1"/>
		<b id="52" c="25 49" t="1"/>
		<b id="53" c="25 50" t="1"/>
		<b id="54" c="26 51" t="1"/>
		<b id="55" c="26 52" t="1"/>
		<b id="56" c="27 53" t="1"/>
		<b id="57" c="27 54" t="1"/>
	</bonds>
	<geometry>
		<g u="A" t="cart/3d">#54,3:1.3616,1.9580,0.0276;2.6041,1.5053,-0.0348;3.3482,1.1561,1.2026;2.9084,1.3163,2.3280;4.5773,0.6436,0.9954;5.3488,0.2370,-0.1608;6.4097,-0.3576,0.7955;7.7907,0.2845,0.7086;8.5277,-0.1899,-0.5474;8.5902,-1.6298,-0.5784;9.7315,-2.2936,-0.3040;10.8526,-1.5648,-0.2130;11.9575,-2.2486,-0.0029;13.3984,-1.3074,0.1220;12.0293,-3.6160,0.1186;10.7981,-4.2987,0.0116;10.6783,-5.6381,0.1762;11.7727,-6.5677,0.0080;11.7289,-7.1555,-1.4168;10.4618,-7.7815,-1.7376;10.2866,-9.0980,-1.1635;9.3671,-6.8656,-1.4771;9.3991,-6.2785,-0.0567;9.6662,-3.6184,-0.1947;7.3063,-2.2818,-0.5421;6.5409,-1.8761,0.7206;5.5337,0.1455,1.9637;0.7914,2.2193,-0.8477;0.8843,2.0741,0.9868;3.1211,1.3735,-0.9747;5.6961,1.0780,-0.7688;4.8380,-0.4882,-0.8007;8.3702,-0.0012,1.5888;7.7034,1.3716,0.6954;9.5476,0.1921,-0.5647;7.9955,0.1512,-1.4429;12.9703,-4.1004,0.3000;11.6552,-7.3676,0.7471;12.7306,-6.0839,0.1814;12.5292,-7.8863,-1.5463;11.8829,-6.3398,-2.1315;11.1014,-9.7357,-1.5042;9.3495,-9.5139,-1.5314;10.2662,-9.1207,-0.0651;8.4226,-7.3834,-1.6519;9.4497,-6.0402,-2.1917;9.2732,-7.0714,0.6875;8.6149,-5.5349,0.0694;7.4716,-3.3579,-0.5683;6.7418,-1.9812,-1.4324;7.0892,-2.2291,1.5963;5.5545,-2.3424,0.7225;5.9743,0.9363,2.5750;5.1231,-0.6245,2.6208;</g>
	</geometry>
	<conformers/>
	<properties/>
</molecule>
