<?xml version="1.0" ?>
<!--MOLLI PACKAGE EXPERIMENTAL XML FORMAT-->
<molecule name="el2519">
	<atoms>
		<a id="1" s="O" t="O.2" l="O"/>
		<a id="2" s="C" t="C.ar" l="C"/>
		<a id="3" s="O" t="O.2" l="O"/>
		<a id="4" s="C" t="C.ar" l="C"/>
		<a id="5" s="C" t="C.ar" l="C"/>
		<a id="6" s="C" t="C.ar" l="C"/>
		<a id="7" s="C" t="C.ar" l="C"/>
		<a id="8" s="C" t="C.ar" l="C"/>
		<a id="9" s="C" t="C.ar" l="C"/>
		<a id="10" s="C" t="C.ar" l="C"/>
		<a id="11" s="C" t="C.ar" l="C"/>
		<a id="12" s="C" t="C.ar" l="C"/>
		<a id="13" s="C" t="C.ar" l="C"/>
		<a id="14" s="C" t="C.ar" l="C"/>
		<a id="15" s="C" t="C.ar" l="C"/>
		<a id="16" s="Cl" t="Cl" l="CL"/>
		<a id="17" s="C" t="C.ar" l="C"/>
		<a id="18" s="C" t="C.ar" l="C"/>
		<a id="19" s="H" t="H" l="H"/>
		<a id="20" s="H" t="H" l="H"/>
		<a id="21" s="H" t="H" l="H"/>
		<a id="22" s="H" t="H" l="H"/>
		<a id="23" s="H" t="H" l="H"/>
		<a id="24" s="H" t="H" l="H"/>
		<a id="25" s="H" t="H" l="H"/>
		<a id="26" s="H" t="H" l="H"/>
		<a id="27" s="H" t="H" l="H"/>
	</atoms>
	<bonds>
		<b id="1" c="1 2" t="2"/>
		<b id="2" c="2 3" t="ar"/>
		<b id="3" c="3 4" t="ar"/>
		<b id="4" c="4 5" t="ar"/>
		<b id="5" c="5 6" t="ar"/>
		<b id="6" c="6 7" t="ar"/>
		<b id="7" c="7 8" t="ar"/>
		<b id="8" c="8 9" t="ar"/>
		<b id="9" c="4 9" t="ar"/>
		<b id="10" c="9 10" t="ar"/>
		<b id="11" c="10 11" t="ar"/>
		<b id="12" c="2 11" t="ar"/>
		<b id="13" c="11 12" t="1"/>
		<b id="14" c="12 13" t="ar"/>
		<b id="15" c="13 14" t="ar"/>
		<b id="16" c="14 15" t="ar"/>
		<b id="17" c="15 16" t="1"/>
		<b id="18" c="15 17" t="ar"/>
		<b id="19" c="17 18" t="ar"/>
		<b id="20" c="12 18" t="ar"/>
		<b id="21" c="5 19" t="1"/>
		<b id="22" c="6 20" t="1"/>
		<b id="23" c="7 21" t="1"/>
		<b id="24" c="8 22" t="1"/>
		<b id="25" c="10 23" t="1"/>
		<b id="26" c="13 24" t="1"/>
		<b id="27" c="14 25" t="1"/>
		<b id="28" c="17 26" t="1"/>
		<b id="29" c="18 27" t="1"/>
	</bonds>
	<geometry>
		<g u="A" t="cart/3d">#27,3:-3.0284,0.4945,-1.0534;-1.9721,0.0339,-0.7001;-0.8985,0.8762,-0.6689;0.3375,0.4865,-0.2843;1.3594,1.4329,-0.2968;2.6302,1.0627,0.0893;2.8982,-0.2451,0.4878;1.8932,-1.1842,0.5007;0.5935,-0.8341,0.1157;-0.5026,-1.7495,0.0999;-1.7427,-1.3580,-0.2852;-2.8802,-2.2846,-0.2936;-3.0171,-3.2277,0.7253;-4.0674,-4.1236,0.7272;-4.9953,-4.0851,-0.3022;-6.3069,-5.2087,-0.3099;-4.8829,-3.1515,-1.3203;-3.8314,-2.2553,-1.3121;1.1326,2.4396,-0.6098;3.4241,1.7936,0.0817;3.8982,-0.5196,0.7865;2.0895,-2.2009,0.8070;-0.3156,-2.7755,0.3844;-2.3074,-3.2443,1.5392;-4.1709,-4.8462,1.5214;-5.6136,-3.1276,-2.1134;-3.7476,-1.5273,-2.1030;</g>
	</geometry>
	<conformers/>
	<properties/>
</molecule>
