<?xml version="1.0" ?>
<!--MOLLI PACKAGE EXPERIMENTAL XML FORMAT-->
<molecule name="el2522">
	<atoms>
		<a id="1" s="Cl" t="Cl" l="CL"/>
		<a id="2" s="C" t="C.ar" l="C"/>
		<a id="3" s="N" t="N.ar" l="N"/>
		<a id="4" s="C" t="C.ar" l="C"/>
		<a id="5" s="C" t="C.ar" l="C"/>
		<a id="6" s="C" t="C.ar" l="C"/>
		<a id="7" s="C" t="C.ar" l="C"/>
		<a id="8" s="S" t="S.2" l="S"/>
		<a id="9" s="C" t="C.ar" l="C"/>
		<a id="10" s="C" t="C.ar" l="C"/>
		<a id="11" s="N" t="N.ar" l="N"/>
		<a id="12" s="C" t="C.ar" l="C"/>
		<a id="13" s="N" t="N.ar" l="N"/>
		<a id="14" s="C" t="C.3" l="C"/>
		<a id="15" s="C" t="C.3" l="C"/>
		<a id="16" s="C" t="C.3" l="C"/>
		<a id="17" s="C" t="C.3" l="C"/>
		<a id="18" s="C" t="C.3" l="C"/>
		<a id="19" s="O" t="O.3" l="O"/>
		<a id="20" s="C" t="C.ar" l="C"/>
		<a id="21" s="N" t="N.ar" l="N"/>
		<a id="22" s="H" t="H" l="H"/>
		<a id="23" s="H" t="H" l="H"/>
		<a id="24" s="H" t="H" l="H"/>
		<a id="25" s="H" t="H" l="H"/>
		<a id="26" s="H" t="H" l="H"/>
		<a id="27" s="H" t="H" l="H"/>
		<a id="28" s="H" t="H" l="H"/>
		<a id="29" s="H" t="H" l="H"/>
		<a id="30" s="H" t="H" l="H"/>
		<a id="31" s="H" t="H" l="H"/>
		<a id="32" s="H" t="H" l="H"/>
		<a id="33" s="H" t="H" l="H"/>
		<a id="34" s="H" t="H" l="H"/>
	</atoms>
	<bonds>
		<b id="1" c="1 2" t="1"/>
		<b id="2" c="2 3" t="ar"/>
		<b id="3" c="3 4" t="ar"/>
		<b id="4" c="4 5" t="1"/>
		<b id="5" c="5 6" t="ar"/>
		<b id="6" c="6 7" t="ar"/>
		<b id="7" c="7 8" t="ar"/>
		<b id="8" c="8 9" t="ar"/>
		<b id="9" c="5 9" t="ar"/>
		<b id="10" c="4 10" t="ar"/>
		<b id="11" c="10 11" t="ar"/>
		<b id="12" c="11 12" t="ar"/>
		<b id="13" c="12 13" t="ar"/>
		<b id="14" c="13 14" t="1"/>
		<b id="15" c="14 15" t="1"/>
		<b id="16" c="15 16" t="1"/>
		<b id="17" c="16 17" t="1"/>
		<b id="18" c="17 18" t="1"/>
		<b id="19" c="18 19" t="1"/>
		<b id="20" c="14 19" t="1"/>
		<b id="21" c="13 20" t="ar"/>
		<b id="22" c="10 20" t="ar"/>
		<b id="23" c="20 21" t="ar"/>
		<b id="24" c="2 21" t="ar"/>
		<b id="25" c="6 22" t="1"/>
		<b id="26" c="7 23" t="1"/>
		<b id="27" c="9 24" t="1"/>
		<b id="28" c="12 25" t="1"/>
		<b id="29" c="14 26" t="1"/>
		<b id="30" c="15 27" t="1"/>
		<b id="31" c="15 28" t="1"/>
		<b id="32" c="16 29" t="1"/>
		<b id="33" c="16 30" t="1"/>
		<b id="34" c="17 31" t="1"/>
		<b id="35" c="17 32" t="1"/>
		<b id="36" c="18 33" t="1"/>
		<b id="37" c="18 34" t="1"/>
	</bonds>
	<geometry>
		<g u="A" t="cart/3d">#34,3:1.3518,-0.1990,0.3007;3.0539,-0.1936,0.1828;3.6167,-1.3728,0.0361;4.9473,-1.4634,-0.0601;5.5346,-2.7728,-0.2095;6.9365,-3.0138,-0.3043;7.2224,-4.3281,-0.4323;5.7984,-5.3079,-0.4436;4.8053,-3.9333,-0.2719;5.6894,-0.2762,-0.0027;7.0232,0.0352,-0.0590;7.0801,1.3250,0.0605;5.8595,1.9269,0.1929;5.5582,3.3238,0.3826;5.0013,3.5639,1.7919;4.7704,5.0598,1.9893;6.0660,5.8092,1.6847;6.5485,5.4334,0.2850;6.7424,4.0385,0.1532;4.9481,0.9194,0.1584;3.6257,0.9950,0.2575;7.6610,-2.2210,-0.2747;8.1809,-4.7988,-0.5225;3.7390,-4.0254,-0.2241;7.9848,1.8984,0.0517;4.7886,3.6080,-0.3614;5.7302,3.1985,2.5192;4.0748,3.0007,1.9022;4.4459,5.2563,3.0117;3.9824,5.3982,1.3123;6.8307,5.5296,2.4117;5.9136,6.8871,1.7381;7.5204,5.8784,0.0654;5.8193,5.7753,-0.4653;</g>
	</geometry>
	<conformers/>
	<properties/>
</molecule>
