<?xml version="1.0" ?>
<!--MOLLI PACKAGE EXPERIMENTAL XML FORMAT-->
<molecule name="el2523">
	<atoms>
		<a id="1" s="C" t="C.3" l="C"/>
		<a id="2" s="O" t="O.3" l="O"/>
		<a id="3" s="C" t="C.ar" l="C"/>
		<a id="4" s="C" t="C.ar" l="C"/>
		<a id="5" s="C" t="C.ar" l="C"/>
		<a id="6" s="N" t="N.am" l="N"/>
		<a id="7" s="C" t="C.2" l="C"/>
		<a id="8" s="O" t="O.2" l="O"/>
		<a id="9" s="C" t="C.ar" l="C"/>
		<a id="10" s="C" t="C.ar" l="C"/>
		<a id="11" s="N" t="N.ar" l="N"/>
		<a id="12" s="C" t="C.3" l="C"/>
		<a id="13" s="O" t="O.3" l="O"/>
		<a id="14" s="C" t="C.3" l="C"/>
		<a id="15" s="C" t="C.3" l="C"/>
		<a id="16" s="Si" t="Si" l="SI"/>
		<a id="17" s="C" t="C.3" l="C"/>
		<a id="18" s="C" t="C.3" l="C"/>
		<a id="19" s="C" t="C.3" l="C"/>
		<a id="20" s="C" t="C.ar" l="C"/>
		<a id="21" s="N" t="N.ar" l="N"/>
		<a id="22" s="C" t="C.ar" l="C"/>
		<a id="23" s="Cl" t="Cl" l="CL"/>
		<a id="24" s="C" t="C.ar" l="C"/>
		<a id="25" s="C" t="C.ar" l="C"/>
		<a id="26" s="C" t="C.ar" l="C"/>
		<a id="27" s="C" t="C.ar" l="C"/>
		<a id="28" s="C" t="C.ar" l="C"/>
		<a id="29" s="O" t="O.3" l="O"/>
		<a id="30" s="C" t="C.3" l="C"/>
		<a id="31" s="C" t="C.ar" l="C"/>
		<a id="32" s="H" t="H" l="H"/>
		<a id="33" s="H" t="H" l="H"/>
		<a id="34" s="H" t="H" l="H"/>
		<a id="35" s="H" t="H" l="H"/>
		<a id="36" s="H" t="H" l="H"/>
		<a id="37" s="H" t="H" l="H"/>
		<a id="38" s="H" t="H" l="H"/>
		<a id="39" s="H" t="H" l="H"/>
		<a id="40" s="H" t="H" l="H"/>
		<a id="41" s="H" t="H" l="H"/>
		<a id="42" s="H" t="H" l="H"/>
		<a id="43" s="H" t="H" l="H"/>
		<a id="44" s="H" t="H" l="H"/>
		<a id="45" s="H" t="H" l="H"/>
		<a id="46" s="H" t="H" l="H"/>
		<a id="47" s="H" t="H" l="H"/>
		<a id="48" s="H" t="H" l="H"/>
		<a id="49" s="H" t="H" l="H"/>
		<a id="50" s="H" t="H" l="H"/>
		<a id="51" s="H" t="H" l="H"/>
		<a id="52" s="H" t="H" l="H"/>
		<a id="53" s="H" t="H" l="H"/>
		<a id="54" s="H" t="H" l="H"/>
		<a id="55" s="H" t="H" l="H"/>
		<a id="56" s="H" t="H" l="H"/>
		<a id="57" s="H" t="H" l="H"/>
		<a id="58" s="H" t="H" l="H"/>
		<a id="59" s="H" t="H" l="H"/>
	</atoms>
	<bonds>
		<b id="1" c="1 2" t="1"/>
		<b id="2" c="2 3" t="1"/>
		<b id="3" c="3 4" t="ar"/>
		<b id="4" c="4 5" t="ar"/>
		<b id="5" c="5 6" t="1"/>
		<b id="6" c="6 7" t="am"/>
		<b id="7" c="7 8" t="2"/>
		<b id="8" c="7 9" t="1"/>
		<b id="9" c="9 10" t="ar"/>
		<b id="10" c="10 11" t="ar"/>
		<b id="11" c="11 12" t="1"/>
		<b id="12" c="12 13" t="1"/>
		<b id="13" c="13 14" t="1"/>
		<b id="14" c="14 15" t="1"/>
		<b id="15" c="15 16" t="1"/>
		<b id="16" c="16 17" t="1"/>
		<b id="17" c="16 18" t="1"/>
		<b id="18" c="16 19" t="1"/>
		<b id="19" c="11 20" t="ar"/>
		<b id="20" c="20 21" t="ar"/>
		<b id="21" c="21 22" t="ar"/>
		<b id="22" c="22 23" t="1"/>
		<b id="23" c="22 24" t="ar"/>
		<b id="24" c="24 25" t="ar"/>
		<b id="25" c="25 26" t="ar"/>
		<b id="26" c="9 26" t="ar"/>
		<b id="27" c="20 26" t="ar"/>
		<b id="28" c="5 27" t="ar"/>
		<b id="29" c="27 28" t="ar"/>
		<b id="30" c="28 29" t="1"/>
		<b id="31" c="29 30" t="1"/>
		<b id="32" c="28 31" t="ar"/>
		<b id="33" c="3 31" t="ar"/>
		<b id="34" c="1 32" t="1"/>
		<b id="35" c="1 33" t="1"/>
		<b id="36" c="1 34" t="1"/>
		<b id="37" c="4 35" t="1"/>
		<b id="38" c="6 36" t="1"/>
		<b id="39" c="10 37" t="1"/>
		<b id="40" c="12 38" t="1"/>
		<b id="41" c="12 39" t="1"/>
		<b id="42" c="14 40" t="1"/>
		<b id="43" c="14 41" t="1"/>
		<b id="44" c="15 42" t="1"/>
		<b id="45" c="15 43" t="1"/>
		<b id="46" c="17 44" t="1"/>
		<b id="47" c="17 45" t="1"/>
		<b id="48" c="17 46" t="1"/>
		<b id="49" c="18 47" t="1"/>
		<b id="50" c="18 48" t="1"/>
		<b id="51" c="18 49" t="1"/>
		<b id="52" c="19 50" t="1"/>
		<b id="53" c="19 51" t="1"/>
		<b id="54" c="19 52" t="1"/>
		<b id="55" c="24 53" t="1"/>
		<b id="56" c="25 54" t="1"/>
		<b id="57" c="27 55" t="1"/>
		<b id="58" c="30 56" t="1"/>
		<b id="59" c="30 57" t="1"/>
		<b id="60" c="30 58" t="1"/>
		<b id="61" c="31 59" t="1"/>
	</bonds>
	<geometry>
		<g u="A" t="cart/3d">#59,3:2.5866,1.1802,2.4933;1.8478,1.1511,1.2939;1.2746,-0.0207,0.9151;1.3678,-1.2052,1.6393;0.7437,-2.3460,1.1546;0.8055,-3.5708,1.8263;1.4055,-3.8777,3.0159;1.9843,-3.0744,3.7222;1.2950,-5.2996,3.3879;0.8329,-6.3787,2.6732;0.9288,-7.5266,3.4066;0.7091,-8.8712,2.9224;1.7345,-9.3086,2.0952;2.9726,-9.5147,2.7716;3.9904,-10.0645,1.7950;5.7129,-10.2957,2.6053;6.8992,-10.9796,1.2780;6.3455,-8.6099,3.2384;5.5762,-11.5201,4.0619;1.4887,-7.2144,4.6111;1.7617,-8.0733,5.5835;2.3076,-7.5415,6.6558;2.6832,-8.6478,7.9170;2.5971,-6.1838,6.8259;2.3017,-5.2986,5.8080;1.7290,-5.8209,4.6510;0.0278,-2.3171,-0.0409;-0.0629,-1.1313,-0.7581;-0.7346,-0.9881,-1.9347;-1.3967,-2.1050,-2.4734;0.5620,0.0136,-0.2779;2.9499,2.2024,2.5884;3.4379,0.4938,2.4578;1.9609,0.9348,3.3566;1.9090,-1.2644,2.5656;0.3312,-4.3250,1.3529;0.4454,-6.4423,1.6731;-0.2051,-8.8967,2.3203;0.6054,-9.5092,3.8132;2.8121,-10.2095,3.6060;3.3266,-8.5628,3.1871;4.0561,-9.3778,0.9514;3.6159,-11.0077,1.3988;6.9791,-10.3075,0.4293;6.5661,-11.9422,0.9030;7.8970,-11.1145,1.6825;6.3571,-7.8649,2.4481;7.3564,-8.6888,3.6264;5.7198,-8.2279,4.0401;5.1138,-12.4541,3.7563;4.9802,-11.1071,4.8704;6.5542,-11.7588,4.4687;3.0472,-5.8501,7.7462;2.5088,-4.2435,5.8890;-0.4462,-3.2214,-0.3907;-1.8552,-1.7581,-3.3980;-2.1782,-2.4739,-1.8006;-0.6986,-2.9175,-2.7012;0.4925,0.9322,-0.8348;</g>
	</geometry>
	<conformers/>
	<properties/>
</molecule>
