<?xml version="1.0" ?>
<!--MOLLI PACKAGE EXPERIMENTAL XML FORMAT-->
<molecule name="el2527">
	<atoms>
		<a id="1" s="C" t="C.3" l="C"/>
		<a id="2" s="C" t="C.3" l="C"/>
		<a id="3" s="O" t="O.3" l="O"/>
		<a id="4" s="C" t="C.2" l="C"/>
		<a id="5" s="O" t="O.2" l="O"/>
		<a id="6" s="C" t="C.ar" l="C"/>
		<a id="7" s="C" t="C.ar" l="C"/>
		<a id="8" s="C" t="C.ar" l="C"/>
		<a id="9" s="C" t="C.ar" l="C"/>
		<a id="10" s="N" t="N.pl3" l="N"/>
		<a id="11" s="C" t="C.ar" l="C"/>
		<a id="12" s="N" t="N.ar" l="N"/>
		<a id="13" s="C" t="C.ar" l="C"/>
		<a id="14" s="Cl" t="Cl" l="CL"/>
		<a id="15" s="N" t="N.ar" l="N"/>
		<a id="16" s="C" t="C.ar" l="C"/>
		<a id="17" s="C" t="C.ar" l="C"/>
		<a id="18" s="N" t="N.ar" l="N"/>
		<a id="19" s="C" t="C.ar" l="C"/>
		<a id="20" s="N" t="N.ar" l="N"/>
		<a id="21" s="C" t="C.3" l="C"/>
		<a id="22" s="C" t="C.3" l="C"/>
		<a id="23" s="C" t="C.3" l="C"/>
		<a id="24" s="C" t="C.3" l="C"/>
		<a id="25" s="C" t="C.ar" l="C"/>
		<a id="26" s="C" t="C.ar" l="C"/>
		<a id="27" s="H" t="H" l="H"/>
		<a id="28" s="H" t="H" l="H"/>
		<a id="29" s="H" t="H" l="H"/>
		<a id="30" s="H" t="H" l="H"/>
		<a id="31" s="H" t="H" l="H"/>
		<a id="32" s="H" t="H" l="H"/>
		<a id="33" s="H" t="H" l="H"/>
		<a id="34" s="H" t="H" l="H"/>
		<a id="35" s="H" t="H" l="H"/>
		<a id="36" s="H" t="H" l="H"/>
		<a id="37" s="H" t="H" l="H"/>
		<a id="38" s="H" t="H" l="H"/>
		<a id="39" s="H" t="H" l="H"/>
		<a id="40" s="H" t="H" l="H"/>
		<a id="41" s="H" t="H" l="H"/>
		<a id="42" s="H" t="H" l="H"/>
		<a id="43" s="H" t="H" l="H"/>
		<a id="44" s="H" t="H" l="H"/>
	</atoms>
	<bonds>
		<b id="1" c="1 2" t="1"/>
		<b id="2" c="2 3" t="1"/>
		<b id="3" c="3 4" t="1"/>
		<b id="4" c="4 5" t="2"/>
		<b id="5" c="4 6" t="1"/>
		<b id="6" c="6 7" t="ar"/>
		<b id="7" c="7 8" t="ar"/>
		<b id="8" c="8 9" t="ar"/>
		<b id="9" c="9 10" t="1"/>
		<b id="10" c="10 11" t="1"/>
		<b id="11" c="11 12" t="ar"/>
		<b id="12" c="12 13" t="ar"/>
		<b id="13" c="13 14" t="1"/>
		<b id="14" c="13 15" t="ar"/>
		<b id="15" c="15 16" t="ar"/>
		<b id="16" c="16 17" t="ar"/>
		<b id="17" c="11 17" t="ar"/>
		<b id="18" c="17 18" t="ar"/>
		<b id="19" c="18 19" t="ar"/>
		<b id="20" c="19 20" t="ar"/>
		<b id="21" c="16 20" t="ar"/>
		<b id="22" c="20 21" t="1"/>
		<b id="23" c="21 22" t="1"/>
		<b id="24" c="22 23" t="1"/>
		<b id="25" c="23 24" t="1"/>
		<b id="26" c="22 24" t="1"/>
		<b id="27" c="9 25" t="ar"/>
		<b id="28" c="25 26" t="ar"/>
		<b id="29" c="6 26" t="ar"/>
		<b id="30" c="1 27" t="1"/>
		<b id="31" c="1 28" t="1"/>
		<b id="32" c="1 29" t="1"/>
		<b id="33" c="2 30" t="1"/>
		<b id="34" c="2 31" t="1"/>
		<b id="35" c="7 32" t="1"/>
		<b id="36" c="8 33" t="1"/>
		<b id="37" c="10 34" t="1"/>
		<b id="38" c="19 35" t="1"/>
		<b id="39" c="21 36" t="1"/>
		<b id="40" c="21 37" t="1"/>
		<b id="41" c="22 38" t="1"/>
		<b id="42" c="23 39" t="1"/>
		<b id="43" c="23 40" t="1"/>
		<b id="44" c="24 41" t="1"/>
		<b id="45" c="24 42" t="1"/>
		<b id="46" c="25 43" t="1"/>
		<b id="47" c="26 44" t="1"/>
	</bonds>
	<geometry>
		<g u="A" t="cart/3d">#44,3:2.1212,0.5866,-0.6419;3.1365,-0.4493,-0.1791;3.5167,-0.2330,1.1778;4.4681,0.6862,1.4008;5.0297,1.2935,0.5195;4.7473,0.8691,2.8418;4.0882,0.1368,3.8268;4.3546,0.3550,5.1625;5.2887,1.3211,5.5371;5.5823,1.6148,6.8596;5.0653,1.1243,8.0074;4.1703,0.1357,8.0279;3.6998,-0.2849,9.1890;2.5685,-1.5574,9.0870;3.9736,0.1423,10.4011;4.8672,1.1348,10.3952;5.4672,1.6696,9.2416;6.3326,2.6695,9.5992;6.2510,2.7293,10.8953;5.3848,1.8269,11.4443;5.0246,1.6829,12.8281;3.8708,2.5836,13.2443;2.6399,2.6933,12.3978;3.5696,3.8629,12.5238;5.9610,2.0478,4.5496;5.6927,1.8228,3.2187;1.8043,0.3608,-1.6560;2.5703,1.5767,-0.6246;1.2532,0.5807,0.0133;4.0306,-0.4097,-0.8103;2.7104,-1.4547,-0.1982;3.3614,-0.6053,3.5375;3.8458,-0.2076,5.9263;6.2623,2.3508,7.0107;6.8151,3.4139,11.4984;5.9054,1.9115,13.4373;4.7406,0.6375,12.9845;3.7316,2.5774,14.3184;1.6817,2.7393,12.8916;2.6162,2.1536,11.4641;3.2526,4.7142,13.1067;4.1705,4.1308,11.6673;6.6893,2.7924,4.8385;6.2005,2.3808,2.4468;</g>
	</geometry>
	<conformers/>
	<properties/>
</molecule>
