<?xml version="1.0" ?>
<!--MOLLI PACKAGE EXPERIMENTAL XML FORMAT-->
<molecule name="el2528">
	<atoms>
		<a id="1" s="F" t="F" l="F"/>
		<a id="2" s="C" t="C.ar" l="C"/>
		<a id="3" s="C" t="C.ar" l="C"/>
		<a id="4" s="C" t="C.ar" l="C"/>
		<a id="5" s="C" t="C.ar" l="C"/>
		<a id="6" s="C" t="C.ar" l="C"/>
		<a id="7" s="N" t="N.pl3" l="N"/>
		<a id="8" s="C" t="C.ar" l="C"/>
		<a id="9" s="N" t="N.ar" l="N"/>
		<a id="10" s="C" t="C.ar" l="C"/>
		<a id="11" s="Cl" t="Cl" l="CL"/>
		<a id="12" s="N" t="N.ar" l="N"/>
		<a id="13" s="C" t="C.ar" l="C"/>
		<a id="14" s="C" t="C.ar" l="C"/>
		<a id="15" s="N" t="N.ar" l="N"/>
		<a id="16" s="C" t="C.ar" l="C"/>
		<a id="17" s="N" t="N.ar" l="N"/>
		<a id="18" s="C" t="C.3" l="C"/>
		<a id="19" s="C" t="C.3" l="C"/>
		<a id="20" s="C" t="C.3" l="C"/>
		<a id="21" s="C" t="C.3" l="C"/>
		<a id="22" s="C" t="C.ar" l="C"/>
		<a id="23" s="H" t="H" l="H"/>
		<a id="24" s="H" t="H" l="H"/>
		<a id="25" s="H" t="H" l="H"/>
		<a id="26" s="H" t="H" l="H"/>
		<a id="27" s="H" t="H" l="H"/>
		<a id="28" s="H" t="H" l="H"/>
		<a id="29" s="H" t="H" l="H"/>
		<a id="30" s="H" t="H" l="H"/>
		<a id="31" s="H" t="H" l="H"/>
		<a id="32" s="H" t="H" l="H"/>
		<a id="33" s="H" t="H" l="H"/>
		<a id="34" s="H" t="H" l="H"/>
		<a id="35" s="H" t="H" l="H"/>
	</atoms>
	<bonds>
		<b id="1" c="1 2" t="1"/>
		<b id="2" c="2 3" t="ar"/>
		<b id="3" c="3 4" t="ar"/>
		<b id="4" c="4 5" t="ar"/>
		<b id="5" c="5 6" t="ar"/>
		<b id="6" c="6 7" t="1"/>
		<b id="7" c="7 8" t="1"/>
		<b id="8" c="8 9" t="ar"/>
		<b id="9" c="9 10" t="ar"/>
		<b id="10" c="10 11" t="1"/>
		<b id="11" c="10 12" t="ar"/>
		<b id="12" c="12 13" t="ar"/>
		<b id="13" c="13 14" t="ar"/>
		<b id="14" c="8 14" t="ar"/>
		<b id="15" c="14 15" t="ar"/>
		<b id="16" c="15 16" t="ar"/>
		<b id="17" c="16 17" t="ar"/>
		<b id="18" c="13 17" t="ar"/>
		<b id="19" c="17 18" t="1"/>
		<b id="20" c="18 19" t="1"/>
		<b id="21" c="19 20" t="1"/>
		<b id="22" c="20 21" t="1"/>
		<b id="23" c="19 21" t="1"/>
		<b id="24" c="6 22" t="ar"/>
		<b id="25" c="2 22" t="ar"/>
		<b id="26" c="3 23" t="1"/>
		<b id="27" c="4 24" t="1"/>
		<b id="28" c="5 25" t="1"/>
		<b id="29" c="7 26" t="1"/>
		<b id="30" c="16 27" t="1"/>
		<b id="31" c="18 28" t="1"/>
		<b id="32" c="18 29" t="1"/>
		<b id="33" c="19 30" t="1"/>
		<b id="34" c="20 31" t="1"/>
		<b id="35" c="20 32" t="1"/>
		<b id="36" c="21 33" t="1"/>
		<b id="37" c="21 34" t="1"/>
		<b id="38" c="22 35" t="1"/>
	</bonds>
	<geometry>
		<g u="A" t="cart/3d">#35,3:2.2260,-0.0791,0.0970;1.0003,-0.2159,-0.4522;0.7626,0.3041,-1.7115;-0.5036,0.1495,-2.2507;-1.5040,-0.5044,-1.5552;-1.2449,-1.0217,-0.2872;-2.1972,-1.6892,0.4706;-3.4885,-1.9808,0.2046;-4.0839,-1.6355,-0.9382;-5.3507,-1.9610,-1.1284;-6.0011,-1.4666,-2.6263;-6.1738,-2.6048,-0.3320;-5.5914,-2.9528,0.8187;-4.2552,-2.6781,1.1579;-3.9875,-3.1816,2.4034;-5.1038,-3.7266,2.7863;-6.1163,-3.6293,1.8745;-7.4711,-4.0891,2.0122;-8.3866,-3.0747,2.6807;-8.3586,-1.6339,2.2732;-7.8579,-2.0398,3.6268;0.0258,-0.8739,0.2694;1.5506,0.8119,-2.2431;-0.7151,0.5471,-3.2311;-2.4865,-0.6216,-1.9785;-1.8917,-2.0204,1.3780;-5.2332,-4.2250,3.7272;-7.4608,-5.0144,2.5978;-7.8454,-4.3047,1.0066;-9.3540,-3.5049,2.9091;-9.2950,-1.1024,2.2064;-7.6387,-1.3320,1.5284;-8.4516,-1.7904,4.4931;-6.7944,-1.9986,3.8104;0.2564,-1.2637,1.2493;</g>
	</geometry>
	<conformers/>
	<properties/>
</molecule>
