<?xml version="1.0" ?>
<!--MOLLI PACKAGE EXPERIMENTAL XML FORMAT-->
<molecule name="el2413">
	<atoms>
		<a id="1" s="F" t="F" l="F"/>
		<a id="2" s="C" t="C.3" l="C"/>
		<a id="3" s="F" t="F" l="F"/>
		<a id="4" s="F" t="F" l="F"/>
		<a id="5" s="C" t="C.ar" l="C"/>
		<a id="6" s="C" t="C.ar" l="C"/>
		<a id="7" s="C" t="C.ar" l="C"/>
		<a id="8" s="C" t="C.ar" l="C"/>
		<a id="9" s="C" t="C.2" l="C"/>
		<a id="10" s="C" t="C.2" l="C"/>
		<a id="11" s="C" t="C.ar" l="C"/>
		<a id="12" s="N" t="N.ar" l="N"/>
		<a id="13" s="C" t="C.ar" l="C"/>
		<a id="14" s="C" t="C.ar" l="C"/>
		<a id="15" s="Cl" t="Cl" l="CL"/>
		<a id="16" s="N" t="N.ar" l="N"/>
		<a id="17" s="C" t="C.ar" l="C"/>
		<a id="18" s="N" t="N.ar" l="N"/>
		<a id="19" s="C" t="C.ar" l="C"/>
		<a id="20" s="N" t="N.ar" l="N"/>
		<a id="21" s="C" t="C.3" l="C"/>
		<a id="22" s="C" t="C.ar" l="C"/>
		<a id="23" s="C" t="C.ar" l="C"/>
		<a id="24" s="C" t="C.ar" l="C"/>
		<a id="25" s="C" t="C.ar" l="C"/>
		<a id="26" s="C" t="C.ar" l="C"/>
		<a id="27" s="C" t="C.ar" l="C"/>
		<a id="28" s="C" t="C.ar" l="C"/>
		<a id="29" s="C" t="C.ar" l="C"/>
		<a id="30" s="H" t="H" l="H"/>
		<a id="31" s="H" t="H" l="H"/>
		<a id="32" s="H" t="H" l="H"/>
		<a id="33" s="H" t="H" l="H"/>
		<a id="34" s="H" t="H" l="H"/>
		<a id="35" s="H" t="H" l="H"/>
		<a id="36" s="H" t="H" l="H"/>
		<a id="37" s="H" t="H" l="H"/>
		<a id="38" s="H" t="H" l="H"/>
		<a id="39" s="H" t="H" l="H"/>
		<a id="40" s="H" t="H" l="H"/>
		<a id="41" s="H" t="H" l="H"/>
		<a id="42" s="H" t="H" l="H"/>
		<a id="43" s="H" t="H" l="H"/>
	</atoms>
	<bonds>
		<b id="1" c="1 2" t="1"/>
		<b id="2" c="2 3" t="1"/>
		<b id="3" c="2 4" t="1"/>
		<b id="4" c="2 5" t="1"/>
		<b id="5" c="5 6" t="ar"/>
		<b id="6" c="6 7" t="ar"/>
		<b id="7" c="7 8" t="ar"/>
		<b id="8" c="8 9" t="1"/>
		<b id="9" c="9 10" t="2"/>
		<b id="10" c="10 11" t="1"/>
		<b id="11" c="11 12" t="ar"/>
		<b id="12" c="12 13" t="ar"/>
		<b id="13" c="13 14" t="ar"/>
		<b id="14" c="14 15" t="1"/>
		<b id="15" c="14 16" t="ar"/>
		<b id="16" c="16 17" t="ar"/>
		<b id="17" c="17 18" t="ar"/>
		<b id="18" c="18 19" t="ar"/>
		<b id="19" c="13 19" t="ar"/>
		<b id="20" c="19 20" t="ar"/>
		<b id="21" c="11 20" t="ar"/>
		<b id="22" c="20 21" t="1"/>
		<b id="23" c="21 22" t="1"/>
		<b id="24" c="22 23" t="ar"/>
		<b id="25" c="23 24" t="ar"/>
		<b id="26" c="24 25" t="ar"/>
		<b id="27" c="25 26" t="ar"/>
		<b id="28" c="26 27" t="ar"/>
		<b id="29" c="22 27" t="ar"/>
		<b id="30" c="8 28" t="ar"/>
		<b id="31" c="28 29" t="ar"/>
		<b id="32" c="5 29" t="ar"/>
		<b id="33" c="6 30" t="1"/>
		<b id="34" c="7 31" t="1"/>
		<b id="35" c="9 32" t="1"/>
		<b id="36" c="10 33" t="1"/>
		<b id="37" c="17 34" t="1"/>
		<b id="38" c="21 35" t="1"/>
		<b id="39" c="21 36" t="1"/>
		<b id="40" c="23 37" t="1"/>
		<b id="41" c="24 38" t="1"/>
		<b id="42" c="25 39" t="1"/>
		<b id="43" c="26 40" t="1"/>
		<b id="44" c="27 41" t="1"/>
		<b id="45" c="28 42" t="1"/>
		<b id="46" c="29 43" t="1"/>
	</bonds>
	<geometry>
		<g u="A" t="cart/3d">#43,3:2.6991,1.0436,-0.9443;2.2674,2.2901,-0.6813;2.9253,3.0959,-1.5393;0.9781,2.3298,-1.0430;2.4960,2.6819,0.7495;3.7236,2.3914,1.3344;3.9600,2.7470,2.6455;2.9782,3.4005,3.3974;3.1761,3.7738,4.7829;4.1324,3.2915,5.5925;4.2616,3.7218,6.9532;3.4694,4.5913,7.5394;3.9447,4.7305,8.8029;3.5955,5.4750,9.9274;2.2594,6.5362,9.9379;4.3056,5.3754,11.0334;5.3511,4.5602,11.0623;5.7986,3.7951,10.0861;5.0845,3.8950,8.9734;5.2595,3.2587,7.7904;6.3248,2.3305,7.4947;7.2040,2.8339,6.3769;7.7171,4.1237,6.4299;8.5031,4.6057,5.3992;8.7867,3.8021,4.3075;8.2852,2.5131,4.2522;7.4950,2.0316,5.2818;1.7614,3.7073,2.7806;1.5150,3.3492,1.4707;4.4835,1.8866,0.7572;4.9223,2.5336,3.0834;2.4760,4.4835,5.2017;4.8469,2.5594,5.2506;5.8955,4.5228,11.9947;5.9004,1.3534,7.2393;6.9016,2.2314,8.4199;7.4988,4.7497,7.2833;8.8965,5.6098,5.4490;9.3993,4.1790,3.5026;8.5064,1.8810,3.4050;7.1059,1.0234,5.2355;0.9999,4.2233,3.3449;0.5693,3.5824,1.0070;</g>
	</geometry>
	<conformers/>
	<properties/>
</molecule>
