<?xml version="1.0" ?>
<!--MOLLI PACKAGE EXPERIMENTAL XML FORMAT-->
<molecule name="el2531">
	<atoms>
		<a id="1" s="F" t="F" l="F"/>
		<a id="2" s="C" t="C.3" l="C"/>
		<a id="3" s="F" t="F" l="F"/>
		<a id="4" s="F" t="F" l="F"/>
		<a id="5" s="C" t="C.ar" l="C"/>
		<a id="6" s="C" t="C.ar" l="C"/>
		<a id="7" s="C" t="C.ar" l="C"/>
		<a id="8" s="C" t="C.ar" l="C"/>
		<a id="9" s="O" t="O.3" l="O"/>
		<a id="10" s="C" t="C.ar" l="C"/>
		<a id="11" s="C" t="C.ar" l="C"/>
		<a id="12" s="C" t="C.ar" l="C"/>
		<a id="13" s="C" t="C.ar" l="C"/>
		<a id="14" s="C" t="C.ar" l="C"/>
		<a id="15" s="C" t="C.ar" l="C"/>
		<a id="16" s="C" t="C.ar" l="C"/>
		<a id="17" s="C" t="C.ar" l="C"/>
		<a id="18" s="C" t="C.ar" l="C"/>
		<a id="19" s="C" t="C.ar" l="C"/>
		<a id="20" s="C" t="C.ar" l="C"/>
		<a id="21" s="Cl" t="Cl" l="CL"/>
		<a id="22" s="C" t="C.ar" l="C"/>
		<a id="23" s="C" t="C.ar" l="C"/>
		<a id="24" s="C" t="C.ar" l="C"/>
		<a id="25" s="H" t="H" l="H"/>
		<a id="26" s="H" t="H" l="H"/>
		<a id="27" s="H" t="H" l="H"/>
		<a id="28" s="H" t="H" l="H"/>
		<a id="29" s="H" t="H" l="H"/>
		<a id="30" s="H" t="H" l="H"/>
		<a id="31" s="H" t="H" l="H"/>
		<a id="32" s="H" t="H" l="H"/>
		<a id="33" s="H" t="H" l="H"/>
		<a id="34" s="H" t="H" l="H"/>
		<a id="35" s="H" t="H" l="H"/>
		<a id="36" s="H" t="H" l="H"/>
	</atoms>
	<bonds>
		<b id="1" c="1 2" t="1"/>
		<b id="2" c="2 3" t="1"/>
		<b id="3" c="2 4" t="1"/>
		<b id="4" c="2 5" t="1"/>
		<b id="5" c="5 6" t="ar"/>
		<b id="6" c="6 7" t="ar"/>
		<b id="7" c="7 8" t="ar"/>
		<b id="8" c="8 9" t="1"/>
		<b id="9" c="9 10" t="1"/>
		<b id="10" c="10 11" t="ar"/>
		<b id="11" c="11 12" t="ar"/>
		<b id="12" c="12 13" t="ar"/>
		<b id="13" c="13 14" t="ar"/>
		<b id="14" c="14 15" t="1"/>
		<b id="15" c="15 16" t="ar"/>
		<b id="16" c="16 17" t="ar"/>
		<b id="17" c="17 18" t="ar"/>
		<b id="18" c="18 19" t="ar"/>
		<b id="19" c="19 20" t="ar"/>
		<b id="20" c="15 20" t="ar"/>
		<b id="21" c="20 21" t="1"/>
		<b id="22" c="14 22" t="ar"/>
		<b id="23" c="10 22" t="ar"/>
		<b id="24" c="8 23" t="ar"/>
		<b id="25" c="23 24" t="ar"/>
		<b id="26" c="5 24" t="ar"/>
		<b id="27" c="6 25" t="1"/>
		<b id="28" c="7 26" t="1"/>
		<b id="29" c="11 27" t="1"/>
		<b id="30" c="12 28" t="1"/>
		<b id="31" c="13 29" t="1"/>
		<b id="32" c="16 30" t="1"/>
		<b id="33" c="17 31" t="1"/>
		<b id="34" c="18 32" t="1"/>
		<b id="35" c="19 33" t="1"/>
		<b id="36" c="22 34" t="1"/>
		<b id="37" c="23 35" t="1"/>
		<b id="38" c="24 36" t="1"/>
	</bonds>
	<geometry>
		<g u="A" t="cart/3d">#36,3:4.2185,0.1602,1.0443;4.4244,-0.9574,0.3337;5.5460,-1.5174,0.8257;3.4232,-1.8001,0.6590;4.5097,-0.7183,-1.1440;4.1837,0.5149,-1.6906;4.2737,0.7108,-3.0548;4.6955,-0.3285,-3.8819;4.7714,-0.2334,-5.2333;5.0213,0.9695,-5.8531;5.9005,1.9150,-5.3374;6.1698,3.0591,-6.0669;5.5835,3.2618,-7.3024;4.7080,2.3142,-7.8252;4.1043,2.5254,-9.1536;4.9243,2.7710,-10.2521;4.3926,2.9668,-11.5128;3.0206,2.9289,-11.6970;2.1846,2.7003,-10.6186;2.7262,2.4992,-9.3596;1.6497,2.2621,-8.0228;4.4301,1.1670,-7.0941;4.9966,-1.5740,-3.3276;4.9045,-1.7682,-1.9670;3.8587,1.3207,-1.0508;4.0048,1.6653,-3.4812;6.3795,1.7474,-4.3841;6.8517,3.7945,-5.6670;5.7935,4.1592,-7.8643;5.9940,2.7906,-10.1040;5.0479,3.1486,-12.3512;2.5979,3.0816,-12.6782;1.1137,2.6802,-10.7467;3.7723,0.4066,-7.4846;5.3009,-2.3731,-3.9841;5.1454,-2.7273,-1.5349;</g>
	</geometry>
	<conformers/>
	<properties/>
</molecule>
