<?xml version="1.0" ?>
<!--MOLLI PACKAGE EXPERIMENTAL XML FORMAT-->
<molecule name="el2533">
	<atoms>
		<a id="1" s="C" t="C.3" l="C"/>
		<a id="2" s="C" t="C.3" l="C"/>
		<a id="3" s="C" t="C.3" l="C"/>
		<a id="4" s="C" t="C.3" l="C"/>
		<a id="5" s="O" t="O.3" l="O"/>
		<a id="6" s="C" t="C.2" l="C"/>
		<a id="7" s="O" t="O.2" l="O"/>
		<a id="8" s="N" t="N.am" l="N"/>
		<a id="9" s="C" t="C.3" l="C"/>
		<a id="10" s="C" t="C.3" l="C"/>
		<a id="11" s="C" t="C.3" l="C"/>
		<a id="12" s="C" t="C.3" l="C"/>
		<a id="13" s="C" t="C.ar" l="C"/>
		<a id="14" s="C" t="C.ar" l="C"/>
		<a id="15" s="C" t="C.ar" l="C"/>
		<a id="16" s="C" t="C.ar" l="C"/>
		<a id="17" s="Cl" t="Cl" l="CL"/>
		<a id="18" s="N" t="N.ar" l="N"/>
		<a id="19" s="C" t="C.ar" l="C"/>
		<a id="20" s="C" t="C.3" l="C"/>
		<a id="21" s="C" t="C.3" l="C"/>
		<a id="22" s="H" t="H" l="H"/>
		<a id="23" s="H" t="H" l="H"/>
		<a id="24" s="H" t="H" l="H"/>
		<a id="25" s="H" t="H" l="H"/>
		<a id="26" s="H" t="H" l="H"/>
		<a id="27" s="H" t="H" l="H"/>
		<a id="28" s="H" t="H" l="H"/>
		<a id="29" s="H" t="H" l="H"/>
		<a id="30" s="H" t="H" l="H"/>
		<a id="31" s="H" t="H" l="H"/>
		<a id="32" s="H" t="H" l="H"/>
		<a id="33" s="H" t="H" l="H"/>
		<a id="34" s="H" t="H" l="H"/>
		<a id="35" s="H" t="H" l="H"/>
		<a id="36" s="H" t="H" l="H"/>
		<a id="37" s="H" t="H" l="H"/>
		<a id="38" s="H" t="H" l="H"/>
		<a id="39" s="H" t="H" l="H"/>
		<a id="40" s="H" t="H" l="H"/>
		<a id="41" s="H" t="H" l="H"/>
		<a id="42" s="H" t="H" l="H"/>
		<a id="43" s="H" t="H" l="H"/>
		<a id="44" s="H" t="H" l="H"/>
	</atoms>
	<bonds>
		<b id="1" c="1 2" t="1"/>
		<b id="2" c="2 3" t="1"/>
		<b id="3" c="2 4" t="1"/>
		<b id="4" c="2 5" t="1"/>
		<b id="5" c="5 6" t="1"/>
		<b id="6" c="6 7" t="2"/>
		<b id="7" c="6 8" t="am"/>
		<b id="8" c="8 9" t="1"/>
		<b id="9" c="9 10" t="1"/>
		<b id="10" c="10 11" t="1"/>
		<b id="11" c="11 12" t="1"/>
		<b id="12" c="11 13" t="1"/>
		<b id="13" c="13 14" t="ar"/>
		<b id="14" c="14 15" t="ar"/>
		<b id="15" c="15 16" t="ar"/>
		<b id="16" c="16 17" t="1"/>
		<b id="17" c="16 18" t="ar"/>
		<b id="18" c="18 19" t="ar"/>
		<b id="19" c="13 19" t="ar"/>
		<b id="20" c="11 20" t="1"/>
		<b id="21" c="20 21" t="1"/>
		<b id="22" c="8 21" t="1"/>
		<b id="23" c="1 22" t="1"/>
		<b id="24" c="1 23" t="1"/>
		<b id="25" c="1 24" t="1"/>
		<b id="26" c="3 25" t="1"/>
		<b id="27" c="3 26" t="1"/>
		<b id="28" c="3 27" t="1"/>
		<b id="29" c="4 28" t="1"/>
		<b id="30" c="4 29" t="1"/>
		<b id="31" c="4 30" t="1"/>
		<b id="32" c="9 31" t="1"/>
		<b id="33" c="9 32" t="1"/>
		<b id="34" c="10 33" t="1"/>
		<b id="35" c="10 34" t="1"/>
		<b id="36" c="12 35" t="1"/>
		<b id="37" c="12 36" t="1"/>
		<b id="38" c="12 37" t="1"/>
		<b id="39" c="14 38" t="1"/>
		<b id="40" c="15 39" t="1"/>
		<b id="41" c="19 40" t="1"/>
		<b id="42" c="20 41" t="1"/>
		<b id="43" c="20 42" t="1"/>
		<b id="44" c="21 43" t="1"/>
		<b id="45" c="21 44" t="1"/>
	</bonds>
	<geometry>
		<g u="A" t="cart/3d">#44,3:4.2575,-0.0282,1.7454;3.1360,0.5259,0.8672;2.4535,-0.5911,0.0785;2.1134,1.2797,1.7199;3.6539,1.5378,-0.0282;4.6086,1.2246,-0.9249;5.0704,0.1202,-1.1085;5.0134,2.3162,-1.6182;4.4783,3.6471,-1.4572;3.9360,4.1559,-2.7937;5.0399,4.1576,-3.8657;4.4604,4.6159,-5.2122;6.1661,5.1160,-3.5192;5.9198,6.3431,-2.9013;6.9570,7.2153,-2.6280;8.2356,6.8245,-3.0002;9.5829,7.8453,-2.6782;8.4940,5.6900,-3.6109;7.4921,4.8673,-3.8657;5.5173,2.6995,-3.9760;6.0360,2.1892,-2.6323;3.8455,-0.7228,2.4718;4.7539,0.7836,2.2733;4.9885,-0.5480,1.1326;2.0026,-1.3010,0.7661;3.1816,-1.1086,-0.5394;1.6774,-0.1769,-0.5618;1.6599,0.6041,2.4387;1.3356,1.6989,1.0867;2.5997,2.0921,2.2538;5.2777,4.3113,-1.1033;3.6873,3.6195,-0.7093;3.4994,5.1451,-2.6623;3.1372,3.4893,-3.1248;4.0802,5.6324,-5.1380;3.6457,3.9633,-5.5173;5.2289,4.5928,-5.9814;4.9175,6.6348,-2.6287;6.7862,8.1644,-2.1470;7.7921,3.9658,-4.3789;6.2867,2.5873,-4.7384;4.6676,2.0843,-4.2787;6.9180,2.7637,-2.3242;6.3048,1.1335,-2.6952;</g>
	</geometry>
	<conformers/>
	<properties/>
</molecule>
