<?xml version="1.0" ?>
<!--MOLLI PACKAGE EXPERIMENTAL XML FORMAT-->
<molecule name="el2535">
	<atoms>
		<a id="1" s="C" t="C.3" l="C"/>
		<a id="2" s="C" t="C.ar" l="C"/>
		<a id="3" s="C" t="C.ar" l="C"/>
		<a id="4" s="C" t="C.ar" l="C"/>
		<a id="5" s="C" t="C.ar" l="C"/>
		<a id="6" s="C" t="C.ar" l="C"/>
		<a id="7" s="C" t="C.ar" l="C"/>
		<a id="8" s="C" t="C.ar" l="C"/>
		<a id="9" s="C" t="C.ar" l="C"/>
		<a id="10" s="C" t="C.ar" l="C"/>
		<a id="11" s="F" t="F" l="F"/>
		<a id="12" s="C" t="C.ar" l="C"/>
		<a id="13" s="C" t="C.ar" l="C"/>
		<a id="14" s="N" t="N.ar" l="N"/>
		<a id="15" s="N" t="N.ar" l="N"/>
		<a id="16" s="C" t="C.ar" l="C"/>
		<a id="17" s="Cl" t="Cl" l="CL"/>
		<a id="18" s="C" t="C.ar" l="C"/>
		<a id="19" s="C" t="C.ar" l="C"/>
		<a id="20" s="C" t="C.ar" l="C"/>
		<a id="21" s="C" t="C.ar" l="C"/>
		<a id="22" s="N" t="N.ar" l="N"/>
		<a id="23" s="C" t="C.ar" l="C"/>
		<a id="24" s="N" t="N.pl3" l="N"/>
		<a id="25" s="C" t="C.3" l="C"/>
		<a id="26" s="C" t="C.3" l="C"/>
		<a id="27" s="C" t="C.3" l="C"/>
		<a id="28" s="C" t="C.3" l="C"/>
		<a id="29" s="C" t="C.3" l="C"/>
		<a id="30" s="N" t="N.ar" l="N"/>
		<a id="31" s="H" t="H" l="H"/>
		<a id="32" s="H" t="H" l="H"/>
		<a id="33" s="H" t="H" l="H"/>
		<a id="34" s="H" t="H" l="H"/>
		<a id="35" s="H" t="H" l="H"/>
		<a id="36" s="H" t="H" l="H"/>
		<a id="37" s="H" t="H" l="H"/>
		<a id="38" s="H" t="H" l="H"/>
		<a id="39" s="H" t="H" l="H"/>
		<a id="40" s="H" t="H" l="H"/>
		<a id="41" s="H" t="H" l="H"/>
		<a id="42" s="H" t="H" l="H"/>
		<a id="43" s="H" t="H" l="H"/>
		<a id="44" s="H" t="H" l="H"/>
		<a id="45" s="H" t="H" l="H"/>
		<a id="46" s="H" t="H" l="H"/>
		<a id="47" s="H" t="H" l="H"/>
		<a id="48" s="H" t="H" l="H"/>
		<a id="49" s="H" t="H" l="H"/>
		<a id="50" s="H" t="H" l="H"/>
		<a id="51" s="H" t="H" l="H"/>
	</atoms>
	<bonds>
		<b id="1" c="1 2" t="1"/>
		<b id="2" c="2 3" t="ar"/>
		<b id="3" c="3 4" t="ar"/>
		<b id="4" c="4 5" t="1"/>
		<b id="5" c="5 6" t="ar"/>
		<b id="6" c="6 7" t="1"/>
		<b id="7" c="7 8" t="ar"/>
		<b id="8" c="8 9" t="ar"/>
		<b id="9" c="9 10" t="ar"/>
		<b id="10" c="10 11" t="1"/>
		<b id="11" c="10 12" t="ar"/>
		<b id="12" c="12 13" t="ar"/>
		<b id="13" c="7 13" t="ar"/>
		<b id="14" c="6 14" t="ar"/>
		<b id="15" c="14 15" t="ar"/>
		<b id="16" c="15 16" t="ar"/>
		<b id="17" c="16 17" t="1"/>
		<b id="18" c="16 18" t="ar"/>
		<b id="19" c="18 19" t="ar"/>
		<b id="20" c="19 20" t="ar"/>
		<b id="21" c="20 21" t="ar"/>
		<b id="22" c="5 21" t="ar"/>
		<b id="23" c="15 21" t="ar"/>
		<b id="24" c="4 22" t="ar"/>
		<b id="25" c="22 23" t="ar"/>
		<b id="26" c="23 24" t="1"/>
		<b id="27" c="24 25" t="1"/>
		<b id="28" c="25 26" t="1"/>
		<b id="29" c="26 27" t="1"/>
		<b id="30" c="27 28" t="1"/>
		<b id="31" c="28 29" t="1"/>
		<b id="32" c="25 29" t="1"/>
		<b id="33" c="23 30" t="ar"/>
		<b id="34" c="2 30" t="ar"/>
		<b id="35" c="1 31" t="1"/>
		<b id="36" c="1 32" t="1"/>
		<b id="37" c="1 33" t="1"/>
		<b id="38" c="3 34" t="1"/>
		<b id="39" c="8 35" t="1"/>
		<b id="40" c="9 36" t="1"/>
		<b id="41" c="12 37" t="1"/>
		<b id="42" c="13 38" t="1"/>
		<b id="43" c="18 39" t="1"/>
		<b id="44" c="19 40" t="1"/>
		<b id="45" c="20 41" t="1"/>
		<b id="46" c="24 42" t="1"/>
		<b id="47" c="25 43" t="1"/>
		<b id="48" c="26 44" t="1"/>
		<b id="49" c="26 45" t="1"/>
		<b id="50" c="27 46" t="1"/>
		<b id="51" c="27 47" t="1"/>
		<b id="52" c="28 48" t="1"/>
		<b id="53" c="28 49" t="1"/>
		<b id="54" c="29 50" t="1"/>
		<b id="55" c="29 51" t="1"/>
	</bonds>
	<geometry>
		<g u="A" t="cart/3d">#51,3:-2.7019,0.0573,-0.0312;-1.2072,0.0497,-0.0850;-0.4859,-1.1346,0.0173;0.9039,-1.0420,-0.0634;1.7578,-2.2141,0.0321;1.4993,-3.5571,-0.3146;0.3587,-4.1359,-1.0162;-0.2688,-3.4501,-2.0550;-1.3304,-4.0199,-2.7309;-1.7559,-5.2835,-2.3601;-2.7971,-5.8417,-3.0146;-1.1421,-5.9937,-1.3437;-0.0788,-5.4149,-0.6778;2.5182,-4.3486,0.0294;3.4322,-3.5664,0.5744;4.6333,-3.9572,1.0628;4.9879,-5.6309,0.9622;5.4842,-3.0347,1.5971;5.1073,-1.6758,1.6414;3.8964,-1.2769,1.1508;3.0379,-2.2374,0.6007;1.5140,0.1355,-0.1906;0.7324,1.2162,-0.2684;1.3646,2.3970,-0.3955;0.7071,3.6717,-0.4987;1.1497,4.4659,-1.7517;1.7484,5.7777,-1.2318;1.0390,5.9931,0.1031;1.0193,4.5890,0.6991;-0.6046,1.2189,-0.2347;-3.1070,-0.5503,-0.8388;-3.0676,1.0756,-0.1260;-3.0440,-0.3645,0.9122;-0.9793,-2.0810,0.1609;0.0852,-2.4710,-2.3400;-1.8235,-3.5023,-3.5390;-1.4958,-6.9803,-1.0883;0.4257,-5.9467,0.1134;6.4376,-3.3555,1.9813;5.7927,-0.9614,2.0677;3.5646,-0.2517,1.1531;2.3724,2.3698,-0.4104;-0.3601,3.4444,-0.5400;0.2852,4.6683,-2.3853;1.8682,3.8926,-2.3403;1.6000,6.6051,-1.9244;2.8221,5.6657,-1.0614;0.0177,6.3383,-0.0682;1.5470,6.7148,0.7423;0.2932,4.4748,1.5022;2.0077,4.3412,1.0929;</g>
	</geometry>
	<conformers/>
	<properties/>
</molecule>
