<?xml version="1.0" ?>
<!--MOLLI PACKAGE EXPERIMENTAL XML FORMAT-->
<molecule name="el2538">
	<atoms>
		<a id="1" s="Cl" t="Cl" l="CL"/>
		<a id="2" s="C" t="C.ar" l="C"/>
		<a id="3" s="N" t="N.ar" l="N"/>
		<a id="4" s="C" t="C.ar" l="C"/>
		<a id="5" s="C" t="C.ar" l="C"/>
		<a id="6" s="C" t="C.ar" l="C"/>
		<a id="7" s="C" t="C.ar" l="C"/>
		<a id="8" s="C" t="C.ar" l="C"/>
		<a id="9" s="C" t="C.ar" l="C"/>
		<a id="10" s="C" t="C.ar" l="C"/>
		<a id="11" s="N" t="N.ar" l="N"/>
		<a id="12" s="C" t="C.ar" l="C"/>
		<a id="13" s="C" t="C.3" l="C"/>
		<a id="14" s="C" t="C.3" l="C"/>
		<a id="15" s="C" t="C.3" l="C"/>
		<a id="16" s="C" t="C.3" l="C"/>
		<a id="17" s="N" t="N.ar" l="N"/>
		<a id="18" s="C" t="C.ar" l="C"/>
		<a id="19" s="H" t="H" l="H"/>
		<a id="20" s="H" t="H" l="H"/>
		<a id="21" s="H" t="H" l="H"/>
		<a id="22" s="H" t="H" l="H"/>
		<a id="23" s="H" t="H" l="H"/>
		<a id="24" s="H" t="H" l="H"/>
		<a id="25" s="H" t="H" l="H"/>
		<a id="26" s="H" t="H" l="H"/>
		<a id="27" s="H" t="H" l="H"/>
		<a id="28" s="H" t="H" l="H"/>
		<a id="29" s="H" t="H" l="H"/>
		<a id="30" s="H" t="H" l="H"/>
	</atoms>
	<bonds>
		<b id="1" c="1 2" t="1"/>
		<b id="2" c="2 3" t="ar"/>
		<b id="3" c="3 4" t="ar"/>
		<b id="4" c="4 5" t="ar"/>
		<b id="5" c="5 6" t="ar"/>
		<b id="6" c="6 7" t="ar"/>
		<b id="7" c="7 8" t="ar"/>
		<b id="8" c="8 9" t="ar"/>
		<b id="9" c="4 9" t="ar"/>
		<b id="10" c="9 10" t="ar"/>
		<b id="11" c="10 11" t="ar"/>
		<b id="12" c="11 12" t="ar"/>
		<b id="13" c="12 13" t="1"/>
		<b id="14" c="13 14" t="1"/>
		<b id="15" c="14 15" t="1"/>
		<b id="16" c="15 16" t="1"/>
		<b id="17" c="13 16" t="1"/>
		<b id="18" c="12 17" t="ar"/>
		<b id="19" c="17 18" t="ar"/>
		<b id="20" c="2 18" t="ar"/>
		<b id="21" c="10 18" t="ar"/>
		<b id="22" c="5 19" t="1"/>
		<b id="23" c="6 20" t="1"/>
		<b id="24" c="7 21" t="1"/>
		<b id="25" c="8 22" t="1"/>
		<b id="26" c="11 23" t="1"/>
		<b id="27" c="13 24" t="1"/>
		<b id="28" c="14 25" t="1"/>
		<b id="29" c="14 26" t="1"/>
		<b id="30" c="15 27" t="1"/>
		<b id="31" c="15 28" t="1"/>
		<b id="32" c="16 29" t="1"/>
		<b id="33" c="16 30" t="1"/>
	</bonds>
	<geometry>
		<g u="A" t="cart/3d">#30,3:1.0816,-0.2165,0.0986;2.7919,-0.1716,0.0946;3.3626,0.9909,0.1221;4.7137,1.0958,0.1220;5.2761,2.3835,0.1575;6.6367,2.5478,0.1615;7.4907,1.4393,0.1287;6.9769,0.1689,0.0928;5.5874,-0.0290,0.0898;4.9323,-1.2768,0.0606;5.3719,-2.5688,0.0337;4.2577,-3.3727,0.0231;4.3348,-4.8470,-0.0122;3.6741,-5.5364,-1.2295;2.9697,-6.5132,-0.2797;3.3409,-5.6011,0.8967;3.1534,-2.6825,0.0396;3.5304,-1.3722,0.0638;4.6044,3.2266,0.1820;7.0610,3.5403,0.1903;8.5601,1.5898,0.1322;7.6362,-0.6877,0.0674;6.3306,-2.8751,0.0209;5.3675,-5.1709,0.1342;4.3568,-5.9672,-1.9587;2.9779,-4.8680,-1.7296;3.4641,-7.4818,-0.2325;1.9074,-6.6642,-0.4512;3.7696,-6.0811,1.7737;2.5225,-4.9515,1.1949;</g>
	</geometry>
	<conformers/>
	<properties/>
</molecule>
