<?xml version="1.0" ?>
<!--MOLLI PACKAGE EXPERIMENTAL XML FORMAT-->
<molecule name="el2539">
	<atoms>
		<a id="1" s="Cl" t="Cl" l="CL"/>
		<a id="2" s="C" t="C.ar" l="C"/>
		<a id="3" s="N" t="N.ar" l="N"/>
		<a id="4" s="C" t="C.ar" l="C"/>
		<a id="5" s="C" t="C.ar" l="C"/>
		<a id="6" s="C" t="C.ar" l="C"/>
		<a id="7" s="C" t="C.ar" l="C"/>
		<a id="8" s="C" t="C.ar" l="C"/>
		<a id="9" s="C" t="C.ar" l="C"/>
		<a id="10" s="C" t="C.ar" l="C"/>
		<a id="11" s="N" t="N.ar" l="N"/>
		<a id="12" s="C" t="C.ar" l="C"/>
		<a id="13" s="C" t="C.3" l="C"/>
		<a id="14" s="C" t="C.3" l="C"/>
		<a id="15" s="C" t="C.3" l="C"/>
		<a id="16" s="C" t="C.3" l="C"/>
		<a id="17" s="C" t="C.3" l="C"/>
		<a id="18" s="C" t="C.3" l="C"/>
		<a id="19" s="C" t="C.3" l="C"/>
		<a id="20" s="N" t="N.ar" l="N"/>
		<a id="21" s="C" t="C.ar" l="C"/>
		<a id="22" s="H" t="H" l="H"/>
		<a id="23" s="H" t="H" l="H"/>
		<a id="24" s="H" t="H" l="H"/>
		<a id="25" s="H" t="H" l="H"/>
		<a id="26" s="H" t="H" l="H"/>
		<a id="27" s="H" t="H" l="H"/>
		<a id="28" s="H" t="H" l="H"/>
		<a id="29" s="H" t="H" l="H"/>
		<a id="30" s="H" t="H" l="H"/>
		<a id="31" s="H" t="H" l="H"/>
		<a id="32" s="H" t="H" l="H"/>
		<a id="33" s="H" t="H" l="H"/>
		<a id="34" s="H" t="H" l="H"/>
		<a id="35" s="H" t="H" l="H"/>
		<a id="36" s="H" t="H" l="H"/>
		<a id="37" s="H" t="H" l="H"/>
		<a id="38" s="H" t="H" l="H"/>
		<a id="39" s="H" t="H" l="H"/>
	</atoms>
	<bonds>
		<b id="1" c="1 2" t="1"/>
		<b id="2" c="2 3" t="ar"/>
		<b id="3" c="3 4" t="ar"/>
		<b id="4" c="4 5" t="ar"/>
		<b id="5" c="5 6" t="ar"/>
		<b id="6" c="6 7" t="ar"/>
		<b id="7" c="7 8" t="ar"/>
		<b id="8" c="8 9" t="ar"/>
		<b id="9" c="4 9" t="ar"/>
		<b id="10" c="9 10" t="ar"/>
		<b id="11" c="10 11" t="ar"/>
		<b id="12" c="11 12" t="ar"/>
		<b id="13" c="12 13" t="1"/>
		<b id="14" c="13 14" t="1"/>
		<b id="15" c="14 15" t="1"/>
		<b id="16" c="15 16" t="1"/>
		<b id="17" c="16 17" t="1"/>
		<b id="18" c="17 18" t="1"/>
		<b id="19" c="18 19" t="1"/>
		<b id="20" c="13 19" t="1"/>
		<b id="21" c="12 20" t="ar"/>
		<b id="22" c="20 21" t="ar"/>
		<b id="23" c="2 21" t="ar"/>
		<b id="24" c="10 21" t="ar"/>
		<b id="25" c="5 22" t="1"/>
		<b id="26" c="6 23" t="1"/>
		<b id="27" c="7 24" t="1"/>
		<b id="28" c="8 25" t="1"/>
		<b id="29" c="11 26" t="1"/>
		<b id="30" c="13 27" t="1"/>
		<b id="31" c="14 28" t="1"/>
		<b id="32" c="14 29" t="1"/>
		<b id="33" c="15 30" t="1"/>
		<b id="34" c="15 31" t="1"/>
		<b id="35" c="16 32" t="1"/>
		<b id="36" c="16 33" t="1"/>
		<b id="37" c="17 34" t="1"/>
		<b id="38" c="17 35" t="1"/>
		<b id="39" c="18 36" t="1"/>
		<b id="40" c="18 37" t="1"/>
		<b id="41" c="19 38" t="1"/>
		<b id="42" c="19 39" t="1"/>
	</bonds>
	<geometry>
		<g u="A" t="cart/3d">#39,3:6.0546,0.1539,-2.1040;4.5324,-0.1170,-1.3709;3.7033,0.8777,-1.3248;2.4815,0.7315,-0.7573;1.6228,1.8443,-0.7403;0.3761,1.7516,-0.1788;-0.0648,0.5505,0.3886;0.7459,-0.5549,0.3894;2.0266,-0.4890,-0.1807;2.9531,-1.5488,-0.2517;2.9211,-2.8499,0.1566;4.1255,-3.4090,-0.1876;4.4569,-4.8408,0.0598;3.8574,-5.6731,-1.0872;3.9713,-7.1851,-0.8875;2.7645,-7.7854,-0.1687;2.6766,-7.4367,1.3142;2.6585,-5.9361,1.6069;4.0378,-5.2839,1.4741;4.9104,-2.5602,-0.7846;4.2161,-1.3860,-0.8455;1.9785,2.7614,-1.1813;-0.2785,2.6104,-0.1705;-1.0503,0.4982,0.8270;0.4050,-1.4827,0.8276;2.1689,-3.3070,0.6440;5.5462,-4.9110,-0.0132;4.3855,-5.3824,-1.9973;2.8072,-5.4095,-1.2314;4.8866,-7.4218,-0.3436;4.0438,-7.6575,-1.8696;2.8061,-8.8735,-0.2596;1.8531,-7.4532,-0.6729;3.5178,-7.8893,1.8439;1.7623,-7.8830,1.7138;2.3208,-5.8001,2.6380;1.9245,-5.4546,0.9580;4.7770,-5.9929,1.8506;4.0892,-4.4082,2.1271;</g>
	</geometry>
	<conformers/>
	<properties/>
</molecule>
