<?xml version="1.0" ?>
<!--MOLLI PACKAGE EXPERIMENTAL XML FORMAT-->
<molecule name="el2540">
	<atoms>
		<a id="1" s="Cl" t="Cl" l="CL"/>
		<a id="2" s="C" t="C.ar" l="C"/>
		<a id="3" s="N" t="N.ar" l="N"/>
		<a id="4" s="C" t="C.ar" l="C"/>
		<a id="5" s="C" t="C.ar" l="C"/>
		<a id="6" s="C" t="C.ar" l="C"/>
		<a id="7" s="C" t="C.ar" l="C"/>
		<a id="8" s="C" t="C.ar" l="C"/>
		<a id="9" s="C" t="C.ar" l="C"/>
		<a id="10" s="C" t="C.ar" l="C"/>
		<a id="11" s="N" t="N.ar" l="N"/>
		<a id="12" s="C" t="C.ar" l="C"/>
		<a id="13" s="C" t="C.3" l="C"/>
		<a id="14" s="C" t="C.3" l="C"/>
		<a id="15" s="C" t="C.3" l="C"/>
		<a id="16" s="C" t="C.3" l="C"/>
		<a id="17" s="C" t="C.3" l="C"/>
		<a id="18" s="N" t="N.ar" l="N"/>
		<a id="19" s="C" t="C.ar" l="C"/>
		<a id="20" s="H" t="H" l="H"/>
		<a id="21" s="H" t="H" l="H"/>
		<a id="22" s="H" t="H" l="H"/>
		<a id="23" s="H" t="H" l="H"/>
		<a id="24" s="H" t="H" l="H"/>
		<a id="25" s="H" t="H" l="H"/>
		<a id="26" s="H" t="H" l="H"/>
		<a id="27" s="H" t="H" l="H"/>
		<a id="28" s="H" t="H" l="H"/>
		<a id="29" s="H" t="H" l="H"/>
		<a id="30" s="H" t="H" l="H"/>
		<a id="31" s="H" t="H" l="H"/>
		<a id="32" s="H" t="H" l="H"/>
		<a id="33" s="H" t="H" l="H"/>
	</atoms>
	<bonds>
		<b id="1" c="1 2" t="1"/>
		<b id="2" c="2 3" t="ar"/>
		<b id="3" c="3 4" t="ar"/>
		<b id="4" c="4 5" t="ar"/>
		<b id="5" c="5 6" t="ar"/>
		<b id="6" c="6 7" t="ar"/>
		<b id="7" c="7 8" t="ar"/>
		<b id="8" c="8 9" t="ar"/>
		<b id="9" c="4 9" t="ar"/>
		<b id="10" c="9 10" t="ar"/>
		<b id="11" c="10 11" t="ar"/>
		<b id="12" c="11 12" t="ar"/>
		<b id="13" c="12 13" t="1"/>
		<b id="14" c="13 14" t="1"/>
		<b id="15" c="14 15" t="1"/>
		<b id="16" c="15 16" t="1"/>
		<b id="17" c="16 17" t="1"/>
		<b id="18" c="13 17" t="1"/>
		<b id="19" c="12 18" t="ar"/>
		<b id="20" c="18 19" t="ar"/>
		<b id="21" c="2 19" t="ar"/>
		<b id="22" c="10 19" t="ar"/>
		<b id="23" c="5 20" t="1"/>
		<b id="24" c="6 21" t="1"/>
		<b id="25" c="7 22" t="1"/>
		<b id="26" c="8 23" t="1"/>
		<b id="27" c="11 24" t="1"/>
		<b id="28" c="13 25" t="1"/>
		<b id="29" c="14 26" t="1"/>
		<b id="30" c="14 27" t="1"/>
		<b id="31" c="15 28" t="1"/>
		<b id="32" c="15 29" t="1"/>
		<b id="33" c="16 30" t="1"/>
		<b id="34" c="16 31" t="1"/>
		<b id="35" c="17 32" t="1"/>
		<b id="36" c="17 33" t="1"/>
	</bonds>
	<geometry>
		<g u="A" t="cart/3d">#33,3:1.0857,-0.0650,-0.0133;2.7963,-0.0874,-0.0456;3.4119,1.0524,-0.0467;4.7658,1.1040,-0.0711;5.3776,2.3696,-0.0658;6.7432,2.4814,-0.0869;7.5530,1.3399,-0.1154;6.9905,0.0898,-0.1224;5.5946,-0.0545,-0.1000;4.8909,-1.2760,-0.0992;5.2781,-2.5851,-0.1197;4.1337,-3.3437,-0.1015;4.1620,-4.8257,-0.0719;2.9815,-5.4578,-0.8162;2.8434,-6.8663,-0.2231;3.5936,-6.8409,1.1217;3.9796,-5.3797,1.3502;3.0583,-2.6112,-0.0705;3.4867,-1.3159,-0.0695;4.7381,3.2373,-0.0436;7.2063,3.4569,-0.0814;8.6273,1.4492,-0.1316;7.6166,-0.7914,-0.1443;6.2232,-2.9303,-0.1418;5.1122,-5.1830,-0.4839;3.1386,-5.4738,-1.8935;2.0959,-4.8590,-0.6083;3.2830,-7.6097,-0.8882;1.7948,-7.1257,-0.0884;4.4918,-7.4571,1.0640;2.9821,-7.2216,1.9377;4.8758,-5.2740,1.9612;3.1637,-4.8390,1.8302;</g>
	</geometry>
	<conformers/>
	<properties/>
</molecule>
