<?xml version="1.0" ?>
<!--MOLLI PACKAGE EXPERIMENTAL XML FORMAT-->
<molecule name="el2544">
	<atoms>
		<a id="1" s="O" t="O.2" l="O"/>
		<a id="2" s="C" t="C.2" l="C"/>
		<a id="3" s="C" t="C.3" l="C"/>
		<a id="4" s="C" t="C.3" l="C"/>
		<a id="5" s="C" t="C.ar" l="C"/>
		<a id="6" s="C" t="C.ar" l="C"/>
		<a id="7" s="O" t="O.3" l="O"/>
		<a id="8" s="C" t="C.ar" l="C"/>
		<a id="9" s="C" t="C.ar" l="C"/>
		<a id="10" s="N" t="N.ar" l="N"/>
		<a id="11" s="C" t="C.ar" l="C"/>
		<a id="12" s="C" t="C.ar" l="C"/>
		<a id="13" s="Cl" t="Cl" l="CL"/>
		<a id="14" s="N" t="N.ar" l="N"/>
		<a id="15" s="C" t="C.ar" l="C"/>
		<a id="16" s="C" t="C.ar" l="C"/>
		<a id="17" s="C" t="C.ar" l="C"/>
		<a id="18" s="C" t="C.ar" l="C"/>
		<a id="19" s="H" t="H" l="H"/>
		<a id="20" s="H" t="H" l="H"/>
		<a id="21" s="H" t="H" l="H"/>
		<a id="22" s="H" t="H" l="H"/>
		<a id="23" s="H" t="H" l="H"/>
		<a id="24" s="H" t="H" l="H"/>
		<a id="25" s="H" t="H" l="H"/>
		<a id="26" s="H" t="H" l="H"/>
		<a id="27" s="H" t="H" l="H"/>
	</atoms>
	<bonds>
		<b id="1" c="1 2" t="2"/>
		<b id="2" c="2 3" t="1"/>
		<b id="3" c="3 4" t="1"/>
		<b id="4" c="4 5" t="1"/>
		<b id="5" c="5 6" t="ar"/>
		<b id="6" c="6 7" t="1"/>
		<b id="7" c="7 8" t="1"/>
		<b id="8" c="8 9" t="ar"/>
		<b id="9" c="9 10" t="ar"/>
		<b id="10" c="10 11" t="ar"/>
		<b id="11" c="11 12" t="ar"/>
		<b id="12" c="12 13" t="1"/>
		<b id="13" c="12 14" t="ar"/>
		<b id="14" c="8 14" t="ar"/>
		<b id="15" c="6 15" t="ar"/>
		<b id="16" c="15 16" t="ar"/>
		<b id="17" c="16 17" t="ar"/>
		<b id="18" c="17 18" t="ar"/>
		<b id="19" c="5 18" t="ar"/>
		<b id="20" c="2 18" t="1"/>
		<b id="21" c="3 19" t="1"/>
		<b id="22" c="3 20" t="1"/>
		<b id="23" c="4 21" t="1"/>
		<b id="24" c="4 22" t="1"/>
		<b id="25" c="9 23" t="1"/>
		<b id="26" c="11 24" t="1"/>
		<b id="27" c="15 25" t="1"/>
		<b id="28" c="16 26" t="1"/>
		<b id="29" c="17 27" t="1"/>
	</bonds>
	<geometry>
		<g u="A" t="cart/3d">#27,3:-2.4596,-1.2112,-0.0277;-1.6413,-0.3259,-0.0415;-1.9412,1.1664,-0.0331;-0.5907,1.8921,-0.0508;0.4228,0.7914,-0.0748;1.8057,0.8923,-0.0948;2.3575,2.1651,-0.1611;3.4038,2.4904,0.6000;4.0004,3.7517,0.4270;5.0163,4.1249,1.1730;5.4678,3.2930,2.1007;4.8673,2.0528,2.2719;5.4109,0.9479,3.4648;3.8498,1.6552,1.5289;2.5704,-0.2681,-0.1224;1.9601,-1.5144,-0.1149;0.5820,-1.6305,-0.0868;-0.1746,-0.4672,-0.0709;-2.5312,1.4035,0.8527;-2.5550,1.4075,-0.9015;-0.4507,2.5214,0.8304;-0.4784,2.5336,-0.9268;3.6447,4.4448,-0.3197;6.3041,3.6218,2.6967;3.6460,-0.1952,-0.1491;2.5769,-2.3997,-0.1339;0.0930,-2.5920,-0.0781;</g>
	</geometry>
	<conformers/>
	<properties/>
</molecule>
