<?xml version="1.0" ?>
<!--MOLLI PACKAGE EXPERIMENTAL XML FORMAT-->
<molecule name="el2545">
	<atoms>
		<a id="1" s="O" t="O.2" l="O"/>
		<a id="2" s="C" t="C.2" l="C"/>
		<a id="3" s="C" t="C.3" l="C"/>
		<a id="4" s="C" t="C.3" l="C"/>
		<a id="5" s="C" t="C.ar" l="C"/>
		<a id="6" s="C" t="C.ar" l="C"/>
		<a id="7" s="C" t="C.ar" l="C"/>
		<a id="8" s="O" t="O.3" l="O"/>
		<a id="9" s="C" t="C.ar" l="C"/>
		<a id="10" s="C" t="C.ar" l="C"/>
		<a id="11" s="N" t="N.ar" l="N"/>
		<a id="12" s="C" t="C.ar" l="C"/>
		<a id="13" s="C" t="C.ar" l="C"/>
		<a id="14" s="Cl" t="Cl" l="CL"/>
		<a id="15" s="N" t="N.ar" l="N"/>
		<a id="16" s="C" t="C.ar" l="C"/>
		<a id="17" s="C" t="C.ar" l="C"/>
		<a id="18" s="C" t="C.ar" l="C"/>
		<a id="19" s="H" t="H" l="H"/>
		<a id="20" s="H" t="H" l="H"/>
		<a id="21" s="H" t="H" l="H"/>
		<a id="22" s="H" t="H" l="H"/>
		<a id="23" s="H" t="H" l="H"/>
		<a id="24" s="H" t="H" l="H"/>
		<a id="25" s="H" t="H" l="H"/>
		<a id="26" s="H" t="H" l="H"/>
		<a id="27" s="H" t="H" l="H"/>
	</atoms>
	<bonds>
		<b id="1" c="1 2" t="2"/>
		<b id="2" c="2 3" t="1"/>
		<b id="3" c="3 4" t="1"/>
		<b id="4" c="4 5" t="1"/>
		<b id="5" c="5 6" t="ar"/>
		<b id="6" c="6 7" t="ar"/>
		<b id="7" c="7 8" t="1"/>
		<b id="8" c="8 9" t="1"/>
		<b id="9" c="9 10" t="ar"/>
		<b id="10" c="10 11" t="ar"/>
		<b id="11" c="11 12" t="ar"/>
		<b id="12" c="12 13" t="ar"/>
		<b id="13" c="13 14" t="1"/>
		<b id="14" c="13 15" t="ar"/>
		<b id="15" c="9 15" t="ar"/>
		<b id="16" c="7 16" t="ar"/>
		<b id="17" c="16 17" t="ar"/>
		<b id="18" c="17 18" t="ar"/>
		<b id="19" c="5 18" t="ar"/>
		<b id="20" c="2 18" t="1"/>
		<b id="21" c="3 19" t="1"/>
		<b id="22" c="3 20" t="1"/>
		<b id="23" c="4 21" t="1"/>
		<b id="24" c="4 22" t="1"/>
		<b id="25" c="6 23" t="1"/>
		<b id="26" c="10 24" t="1"/>
		<b id="27" c="12 25" t="1"/>
		<b id="28" c="16 26" t="1"/>
		<b id="29" c="17 27" t="1"/>
	</bonds>
	<geometry>
		<g u="A" t="cart/3d">#27,3:-2.4871,-1.1567,-0.0536;-1.6702,-0.2697,-0.0247;-1.9754,1.2222,-0.0228;-0.6265,1.9516,0.0128;0.3944,0.8562,0.0477;1.7682,0.9679,0.0945;2.5309,-0.1978,0.1103;3.8977,-0.0169,0.2206;4.7650,-0.7859,-0.4424;6.1380,-0.6162,-0.1929;7.0348,-1.3183,-0.8493;6.6229,-2.1917,-1.7570;5.2652,-2.3522,-1.9995;4.6848,-3.4685,-3.1636;4.3481,-1.6582,-1.3496;1.9342,-1.4558,0.0957;0.5571,-1.5617,0.0483;-0.2064,-0.4032,0.0216;-2.5962,1.4530,0.8434;-2.5598,1.4656,-0.9105;-0.5324,2.5934,0.8905;-0.4819,2.5805,-0.8675;2.2639,1.9260,0.1176;6.4932,0.0915,0.5402;7.3784,-2.7555,-2.2807;2.5481,-2.3410,0.1226;0.0735,-2.5260,0.0354;</g>
	</geometry>
	<conformers/>
	<properties/>
</molecule>
