<?xml version="1.0" ?>
<!--MOLLI PACKAGE EXPERIMENTAL XML FORMAT-->
<molecule name="el2546">
	<atoms>
		<a id="1" s="C" t="C.3" l="C"/>
		<a id="2" s="C" t="C.1" l="C"/>
		<a id="3" s="C" t="C.1" l="C"/>
		<a id="4" s="C" t="C.ar" l="C"/>
		<a id="5" s="C" t="C.ar" l="C"/>
		<a id="6" s="C" t="C.ar" l="C"/>
		<a id="7" s="C" t="C.3" l="C"/>
		<a id="8" s="N" t="N.ar" l="N"/>
		<a id="9" s="C" t="C.ar" l="C"/>
		<a id="10" s="Cl" t="Cl" l="CL"/>
		<a id="11" s="N" t="N.ar" l="N"/>
		<a id="12" s="H" t="H" l="H"/>
		<a id="13" s="H" t="H" l="H"/>
		<a id="14" s="H" t="H" l="H"/>
		<a id="15" s="H" t="H" l="H"/>
		<a id="16" s="H" t="H" l="H"/>
		<a id="17" s="H" t="H" l="H"/>
		<a id="18" s="H" t="H" l="H"/>
	</atoms>
	<bonds>
		<b id="1" c="1 2" t="1"/>
		<b id="2" c="2 3" t="3"/>
		<b id="3" c="3 4" t="1"/>
		<b id="4" c="4 5" t="ar"/>
		<b id="5" c="5 6" t="ar"/>
		<b id="6" c="6 7" t="1"/>
		<b id="7" c="6 8" t="ar"/>
		<b id="8" c="8 9" t="ar"/>
		<b id="9" c="9 10" t="1"/>
		<b id="10" c="9 11" t="ar"/>
		<b id="11" c="4 11" t="ar"/>
		<b id="12" c="1 12" t="1"/>
		<b id="13" c="1 13" t="1"/>
		<b id="14" c="1 14" t="1"/>
		<b id="15" c="5 15" t="1"/>
		<b id="16" c="7 16" t="1"/>
		<b id="17" c="7 17" t="1"/>
		<b id="18" c="7 18" t="1"/>
	</bonds>
	<geometry>
		<g u="A" t="cart/3d">#18,3:1.1195,-0.0904,0.0328;2.5601,-0.0960,0.0332;3.7639,-0.1014,0.0327;5.1772,-0.1192,0.0301;5.8836,-1.3261,0.0336;7.2701,-1.2499,0.0351;8.1455,-2.4568,0.0397;7.8875,-0.0681,0.0328;7.1244,1.0032,0.0294;7.9374,2.5074,0.0257;5.8123,1.0560,0.0280;0.7402,-0.9769,0.5404;0.7536,-0.0866,-0.9939;0.7521,0.8002,0.5413;5.3632,-2.2700,0.0356;7.5561,-3.3692,0.0383;8.7865,-2.4363,0.9188;8.7938,-2.4379,-0.8341;</g>
	</geometry>
	<conformers/>
	<properties/>
</molecule>
