<?xml version="1.0" ?>
<!--MOLLI PACKAGE EXPERIMENTAL XML FORMAT-->
<molecule name="el2549">
	<atoms>
		<a id="1" s="C" t="C.3" l="C"/>
		<a id="2" s="C" t="C.2" l="C"/>
		<a id="3" s="O" t="O.2" l="O"/>
		<a id="4" s="O" t="O.3" l="O"/>
		<a id="5" s="C" t="C.3" l="C"/>
		<a id="6" s="C" t="C.3" l="C"/>
		<a id="7" s="O" t="O.3" l="O"/>
		<a id="8" s="C" t="C.3" l="C"/>
		<a id="9" s="N" t="N.ar" l="N"/>
		<a id="10" s="C" t="C.ar" l="C"/>
		<a id="11" s="N" t="N.ar" l="N"/>
		<a id="12" s="C" t="C.ar" l="C"/>
		<a id="13" s="C" t="C.ar" l="C"/>
		<a id="14" s="Cl" t="Cl" l="CL"/>
		<a id="15" s="N" t="N.ar" l="N"/>
		<a id="16" s="C" t="C.ar" l="C"/>
		<a id="17" s="N" t="N.ar" l="N"/>
		<a id="18" s="C" t="C.ar" l="C"/>
		<a id="19" s="C" t="C.3" l="C"/>
		<a id="20" s="O" t="O.3" l="O"/>
		<a id="21" s="C" t="C.2" l="C"/>
		<a id="22" s="C" t="C.3" l="C"/>
		<a id="23" s="O" t="O.2" l="O"/>
		<a id="24" s="C" t="C.3" l="C"/>
		<a id="25" s="O" t="O.3" l="O"/>
		<a id="26" s="C" t="C.2" l="C"/>
		<a id="27" s="C" t="C.3" l="C"/>
		<a id="28" s="O" t="O.2" l="O"/>
		<a id="29" s="H" t="H" l="H"/>
		<a id="30" s="H" t="H" l="H"/>
		<a id="31" s="H" t="H" l="H"/>
		<a id="32" s="H" t="H" l="H"/>
		<a id="33" s="H" t="H" l="H"/>
		<a id="34" s="H" t="H" l="H"/>
		<a id="35" s="H" t="H" l="H"/>
		<a id="36" s="H" t="H" l="H"/>
		<a id="37" s="H" t="H" l="H"/>
		<a id="38" s="H" t="H" l="H"/>
		<a id="39" s="H" t="H" l="H"/>
		<a id="40" s="H" t="H" l="H"/>
		<a id="41" s="H" t="H" l="H"/>
		<a id="42" s="H" t="H" l="H"/>
		<a id="43" s="H" t="H" l="H"/>
		<a id="44" s="H" t="H" l="H"/>
		<a id="45" s="H" t="H" l="H"/>
	</atoms>
	<bonds>
		<b id="1" c="1 2" t="1"/>
		<b id="2" c="2 3" t="2"/>
		<b id="3" c="2 4" t="1"/>
		<b id="4" c="4 5" t="1"/>
		<b id="5" c="5 6" t="1"/>
		<b id="6" c="6 7" t="1"/>
		<b id="7" c="7 8" t="1"/>
		<b id="8" c="9 10" t="ar"/>
		<b id="9" c="10 11" t="ar"/>
		<b id="10" c="11 12" t="ar"/>
		<b id="11" c="12 13" t="ar"/>
		<b id="12" c="13 14" t="1"/>
		<b id="13" c="13 15" t="ar"/>
		<b id="14" c="15 16" t="ar"/>
		<b id="15" c="16 17" t="ar"/>
		<b id="16" c="17 18" t="ar"/>
		<b id="17" c="12 18" t="ar"/>
		<b id="18" c="9 18" t="ar"/>
		<b id="19" c="8 19" t="1"/>
		<b id="20" c="19 20" t="1"/>
		<b id="21" c="20 21" t="1"/>
		<b id="22" c="21 22" t="1"/>
		<b id="23" c="21 23" t="2"/>
		<b id="24" c="19 24" t="1"/>
		<b id="25" c="6 24" t="1"/>
		<b id="26" c="24 25" t="1"/>
		<b id="27" c="25 26" t="1"/>
		<b id="28" c="26 27" t="1"/>
		<b id="29" c="26 28" t="2"/>
		<b id="30" c="8 9" t="1"/>
		<b id="31" c="1 29" t="1"/>
		<b id="32" c="1 30" t="1"/>
		<b id="33" c="1 31" t="1"/>
		<b id="34" c="5 32" t="1"/>
		<b id="35" c="5 33" t="1"/>
		<b id="36" c="6 34" t="1"/>
		<b id="37" c="8 35" t="1"/>
		<b id="38" c="10 36" t="1"/>
		<b id="39" c="16 37" t="1"/>
		<b id="40" c="19 38" t="1"/>
		<b id="41" c="22 39" t="1"/>
		<b id="42" c="22 40" t="1"/>
		<b id="43" c="22 41" t="1"/>
		<b id="44" c="24 42" t="1"/>
		<b id="45" c="27 43" t="1"/>
		<b id="46" c="27 44" t="1"/>
		<b id="47" c="27 45" t="1"/>
	</bonds>
	<geometry>
		<g u="A" t="cart/3d">#45,3:6.5317,1.4885,1.3116;6.1918,0.5101,0.2217;6.9329,-0.3171,-0.2343;4.9195,0.6751,-0.1785;4.4456,-0.1744,-1.2112;5.0722,0.1937,-2.5626;4.3955,-0.4792,-3.6130;3.9683,0.4003,-4.6135;2.5274,0.4801,-4.6587;1.7226,0.0735,-5.6949;0.4586,0.2350,-5.4852;0.3699,0.7803,-4.2343;-0.6700,1.1922,-3.4046;-2.3037,1.0741,-3.8640;-0.4026,1.6937,-2.2134;0.8578,1.7964,-1.8253;1.9385,1.4461,-2.4988;1.6757,0.9424,-3.6974;4.6086,1.7760,-4.3363;5.7899,1.9682,-5.0931;5.6216,2.2454,-6.4011;6.9348,2.5575,-7.0544;4.5468,2.2355,-6.9359;4.9772,1.6989,-2.8445;6.2164,2.3060,-2.5398;6.3102,3.6306,-2.7543;7.6923,4.1222,-2.4312;5.3987,4.3016,-3.1541;7.5830,1.4025,1.5676;5.9215,1.2745,2.1859;6.3027,2.4971,0.9784;3.3669,-0.0140,-1.2561;4.6742,-1.2188,-0.9787;6.1285,-0.1068,-2.5739;4.2855,0.0086,-5.5891;2.1339,-0.3300,-6.5991;1.0202,2.2135,-0.8418;3.9074,2.5878,-4.5562;7.7526,2.1440,-6.4731;7.0418,3.6398,-7.1026;6.9419,2.1697,-8.0689;4.1754,2.1610,-2.2558;8.2131,3.3969,-1.8147;7.6305,5.0859,-1.9332;8.2375,4.2568,-3.3635;</g>
	</geometry>
	<conformers/>
	<properties/>
</molecule>
