<?xml version="1.0" ?>
<!--MOLLI PACKAGE EXPERIMENTAL XML FORMAT-->
<molecule name="el2415">
	<atoms>
		<a id="1" s="O" t="O.2" l="O"/>
		<a id="2" s="N" t="N.pl3" l="N"/>
		<a id="3" s="O" t="O.co2" l="O"/>
		<a id="4" s="C" t="C.ar" l="C"/>
		<a id="5" s="C" t="C.ar" l="C"/>
		<a id="6" s="C" t="C.ar" l="C"/>
		<a id="7" s="C" t="C.ar" l="C"/>
		<a id="8" s="C" t="C.ar" l="C"/>
		<a id="9" s="C" t="C.ar" l="C"/>
		<a id="10" s="C" t="C.ar" l="C"/>
		<a id="11" s="C" t="C.ar" l="C"/>
		<a id="12" s="Cl" t="Cl" l="CL"/>
		<a id="13" s="N" t="N.ar" l="N"/>
		<a id="14" s="C" t="C.ar" l="C"/>
		<a id="15" s="C" t="C.ar" l="C"/>
		<a id="16" s="C" t="C.ar" l="C"/>
		<a id="17" s="C" t="C.ar" l="C"/>
		<a id="18" s="C" t="C.ar" l="C"/>
		<a id="19" s="C" t="C.ar" l="C"/>
		<a id="20" s="C" t="C.ar" l="C"/>
		<a id="21" s="O" t="O.3" l="O"/>
		<a id="22" s="C" t="C.ar" l="C"/>
		<a id="23" s="C" t="C.ar" l="C"/>
		<a id="24" s="H" t="H" l="H"/>
		<a id="25" s="H" t="H" l="H"/>
		<a id="26" s="H" t="H" l="H"/>
		<a id="27" s="H" t="H" l="H"/>
		<a id="28" s="H" t="H" l="H"/>
		<a id="29" s="H" t="H" l="H"/>
		<a id="30" s="H" t="H" l="H"/>
		<a id="31" s="H" t="H" l="H"/>
		<a id="32" s="H" t="H" l="H"/>
		<a id="33" s="H" t="H" l="H"/>
		<a id="34" s="H" t="H" l="H"/>
	</atoms>
	<bonds>
		<b id="1" c="1 2" t="2"/>
		<b id="2" c="2 3" t="1"/>
		<b id="3" c="2 4" t="1"/>
		<b id="4" c="4 5" t="ar"/>
		<b id="5" c="5 6" t="ar"/>
		<b id="6" c="6 7" t="ar"/>
		<b id="7" c="7 8" t="ar"/>
		<b id="8" c="8 9" t="1"/>
		<b id="9" c="9 10" t="ar"/>
		<b id="10" c="10 11" t="ar"/>
		<b id="11" c="11 12" t="1"/>
		<b id="12" c="11 13" t="ar"/>
		<b id="13" c="13 14" t="ar"/>
		<b id="14" c="14 15" t="1"/>
		<b id="15" c="15 16" t="ar"/>
		<b id="16" c="16 17" t="ar"/>
		<b id="17" c="17 18" t="ar"/>
		<b id="18" c="18 19" t="ar"/>
		<b id="19" c="19 20" t="ar"/>
		<b id="20" c="15 20" t="ar"/>
		<b id="21" c="20 21" t="1"/>
		<b id="22" c="14 22" t="ar"/>
		<b id="23" c="9 22" t="ar"/>
		<b id="24" c="8 23" t="ar"/>
		<b id="25" c="4 23" t="ar"/>
		<b id="26" c="5 24" t="1"/>
		<b id="27" c="6 25" t="1"/>
		<b id="28" c="7 26" t="1"/>
		<b id="29" c="10 27" t="1"/>
		<b id="30" c="16 28" t="1"/>
		<b id="31" c="17 29" t="1"/>
		<b id="32" c="18 30" t="1"/>
		<b id="33" c="19 31" t="1"/>
		<b id="34" c="21 32" t="1"/>
		<b id="35" c="22 33" t="1"/>
		<b id="36" c="23 34" t="1"/>
	</bonds>
	<geometry>
		<g u="A" t="cart/3d">#34,3:0.7764,0.7928,0.2299;1.8690,1.3108,0.1448;2.1960,2.0945,-0.7207;2.8493,0.9747,1.1497;2.4873,0.1451,2.2042;3.4351,-0.1630,3.1623;4.7190,0.3468,3.0641;5.0830,1.1798,2.0055;6.4434,1.7290,1.9051;7.5528,0.9751,2.2809;8.7958,1.5808,2.1686;10.2063,0.7106,2.6452;8.9973,2.7924,1.7142;7.9460,3.5178,1.3259;8.2552,4.8564,0.8125;9.4278,5.4791,1.2390;9.7865,6.7325,0.7874;8.9748,7.3889,-0.1232;7.8163,6.7847,-0.5724;7.4411,5.5265,-0.1147;6.3079,4.9352,-0.5798;6.6486,3.0214,1.4291;4.1309,1.4932,1.0415;1.4800,-0.2373,2.2566;3.1723,-0.8013,3.9916;5.4452,0.1128,3.8278;7.4646,-0.0413,2.6267;10.0500,4.9452,1.9394;10.6950,7.1965,1.1386;9.2428,8.3682,-0.4899;7.1858,7.2890,-1.2938;5.9060,5.4919,-1.2596;5.8110,3.6413,1.1625;4.3761,2.1204,0.1978;</g>
	</geometry>
	<conformers/>
	<properties/>
</molecule>
