<?xml version="1.0" ?>
<!--MOLLI PACKAGE EXPERIMENTAL XML FORMAT-->
<molecule name="el2557">
	<atoms>
		<a id="1" s="C" t="C.3" l="C"/>
		<a id="2" s="N" t="N.am" l="N"/>
		<a id="3" s="C" t="C.2" l="C"/>
		<a id="4" s="O" t="O.2" l="O"/>
		<a id="5" s="C" t="C.ar" l="C"/>
		<a id="6" s="C" t="C.ar" l="C"/>
		<a id="7" s="C" t="C.ar" l="C"/>
		<a id="8" s="C" t="C.ar" l="C"/>
		<a id="9" s="C" t="C.ar" l="C"/>
		<a id="10" s="C" t="C.ar" l="C"/>
		<a id="11" s="N" t="N.pl3" l="N"/>
		<a id="12" s="C" t="C.ar" l="C"/>
		<a id="13" s="N" t="N.ar" l="N"/>
		<a id="14" s="C" t="C.ar" l="C"/>
		<a id="15" s="Cl" t="Cl" l="CL"/>
		<a id="16" s="N" t="N.ar" l="N"/>
		<a id="17" s="C" t="C.ar" l="C"/>
		<a id="18" s="S" t="S.2" l="S"/>
		<a id="19" s="C" t="C.ar" l="C"/>
		<a id="20" s="C" t="C.ar" l="C"/>
		<a id="21" s="C" t="C.ar" l="C"/>
		<a id="22" s="H" t="H" l="H"/>
		<a id="23" s="H" t="H" l="H"/>
		<a id="24" s="H" t="H" l="H"/>
		<a id="25" s="H" t="H" l="H"/>
		<a id="26" s="H" t="H" l="H"/>
		<a id="27" s="H" t="H" l="H"/>
		<a id="28" s="H" t="H" l="H"/>
		<a id="29" s="H" t="H" l="H"/>
		<a id="30" s="H" t="H" l="H"/>
		<a id="31" s="H" t="H" l="H"/>
		<a id="32" s="H" t="H" l="H"/>
	</atoms>
	<bonds>
		<b id="1" c="1 2" t="1"/>
		<b id="2" c="2 3" t="am"/>
		<b id="3" c="3 4" t="2"/>
		<b id="4" c="3 5" t="1"/>
		<b id="5" c="5 6" t="ar"/>
		<b id="6" c="6 7" t="ar"/>
		<b id="7" c="7 8" t="ar"/>
		<b id="8" c="8 9" t="ar"/>
		<b id="9" c="9 10" t="ar"/>
		<b id="10" c="5 10" t="ar"/>
		<b id="11" c="10 11" t="1"/>
		<b id="12" c="11 12" t="1"/>
		<b id="13" c="12 13" t="ar"/>
		<b id="14" c="13 14" t="ar"/>
		<b id="15" c="14 15" t="1"/>
		<b id="16" c="14 16" t="ar"/>
		<b id="17" c="16 17" t="ar"/>
		<b id="18" c="17 18" t="ar"/>
		<b id="19" c="18 19" t="ar"/>
		<b id="20" c="19 20" t="ar"/>
		<b id="21" c="20 21" t="ar"/>
		<b id="22" c="12 21" t="ar"/>
		<b id="23" c="17 21" t="ar"/>
		<b id="24" c="1 22" t="1"/>
		<b id="25" c="1 23" t="1"/>
		<b id="26" c="1 24" t="1"/>
		<b id="27" c="2 25" t="1"/>
		<b id="28" c="6 26" t="1"/>
		<b id="29" c="7 27" t="1"/>
		<b id="30" c="8 28" t="1"/>
		<b id="31" c="9 29" t="1"/>
		<b id="32" c="11 30" t="1"/>
		<b id="33" c="19 31" t="1"/>
		<b id="34" c="20 32" t="1"/>
	</bonds>
	<geometry>
		<g u="A" t="cart/3d">#32,3:1.3795,2.5133,1.6956;2.7811,2.1845,1.5800;3.2192,1.1662,0.7836;2.4646,0.4081,0.2143;4.7103,1.0674,0.7030;5.2899,1.0355,-0.5583;6.6640,0.9754,-0.7016;7.4658,0.9322,0.4270;6.9064,0.9285,1.6917;5.5247,0.9903,1.8441;4.8979,0.9366,3.0896;5.4086,0.9954,4.3392;6.7129,1.1562,4.5406;7.1515,1.2277,5.7851;8.8344,1.4281,5.9576;6.4542,1.1668,6.8931;5.1466,1.0078,6.7104;3.9987,0.9022,7.9994;2.7127,0.7258,6.8510;3.1222,0.7459,5.5624;4.5300,0.9095,5.4522;1.1061,2.6362,2.7450;0.8154,1.6884,1.2627;1.1388,3.4314,1.1554;3.4451,2.8797,1.8851;4.6441,1.0662,-1.4228;7.1046,0.9614,-1.6863;8.5395,0.8874,0.3263;7.5274,0.8771,2.5692;3.8937,0.8197,3.0469;1.7108,0.6143,7.2158;2.4497,0.6416,4.7290;</g>
	</geometry>
	<conformers/>
	<properties/>
</molecule>
