<?xml version="1.0" ?>
<!--MOLLI PACKAGE EXPERIMENTAL XML FORMAT-->
<molecule name="el2558">
	<atoms>
		<a id="1" s="C" t="C.3" l="C"/>
		<a id="2" s="O" t="O.3" l="O"/>
		<a id="3" s="C" t="C.ar" l="C"/>
		<a id="4" s="C" t="C.ar" l="C"/>
		<a id="5" s="C" t="C.ar" l="C"/>
		<a id="6" s="C" t="C.ar" l="C"/>
		<a id="7" s="C" t="C.ar" l="C"/>
		<a id="8" s="C" t="C.ar" l="C"/>
		<a id="9" s="C" t="C.ar" l="C"/>
		<a id="10" s="C" t="C.ar" l="C"/>
		<a id="11" s="C" t="C.ar" l="C"/>
		<a id="12" s="C" t="C.ar" l="C"/>
		<a id="13" s="C" t="C.ar" l="C"/>
		<a id="14" s="C" t="C.ar" l="C"/>
		<a id="15" s="C" t="C.ar" l="C"/>
		<a id="16" s="C" t="C.ar" l="C"/>
		<a id="17" s="N" t="N.am" l="N"/>
		<a id="18" s="C" t="C.2" l="C"/>
		<a id="19" s="O" t="O.2" l="O"/>
		<a id="20" s="C" t="C.3" l="C"/>
		<a id="21" s="C" t="C.3" l="C"/>
		<a id="22" s="N" t="N.am" l="N"/>
		<a id="23" s="C" t="C.2" l="C"/>
		<a id="24" s="O" t="O.2" l="O"/>
		<a id="25" s="O" t="O.3" l="O"/>
		<a id="26" s="C" t="C.3" l="C"/>
		<a id="27" s="C" t="C.3" l="C"/>
		<a id="28" s="C" t="C.3" l="C"/>
		<a id="29" s="C" t="C.3" l="C"/>
		<a id="30" s="C" t="C.ar" l="C"/>
		<a id="31" s="C" t="C.ar" l="C"/>
		<a id="32" s="C" t="C.ar" l="C"/>
		<a id="33" s="Cl" t="Cl" l="CL"/>
		<a id="34" s="N" t="N.ar" l="N"/>
		<a id="35" s="H" t="H" l="H"/>
		<a id="36" s="H" t="H" l="H"/>
		<a id="37" s="H" t="H" l="H"/>
		<a id="38" s="H" t="H" l="H"/>
		<a id="39" s="H" t="H" l="H"/>
		<a id="40" s="H" t="H" l="H"/>
		<a id="41" s="H" t="H" l="H"/>
		<a id="42" s="H" t="H" l="H"/>
		<a id="43" s="H" t="H" l="H"/>
		<a id="44" s="H" t="H" l="H"/>
		<a id="45" s="H" t="H" l="H"/>
		<a id="46" s="H" t="H" l="H"/>
		<a id="47" s="H" t="H" l="H"/>
		<a id="48" s="H" t="H" l="H"/>
		<a id="49" s="H" t="H" l="H"/>
		<a id="50" s="H" t="H" l="H"/>
		<a id="51" s="H" t="H" l="H"/>
		<a id="52" s="H" t="H" l="H"/>
		<a id="53" s="H" t="H" l="H"/>
		<a id="54" s="H" t="H" l="H"/>
		<a id="55" s="H" t="H" l="H"/>
		<a id="56" s="H" t="H" l="H"/>
		<a id="57" s="H" t="H" l="H"/>
		<a id="58" s="H" t="H" l="H"/>
		<a id="59" s="H" t="H" l="H"/>
		<a id="60" s="H" t="H" l="H"/>
		<a id="61" s="H" t="H" l="H"/>
		<a id="62" s="H" t="H" l="H"/>
	</atoms>
	<bonds>
		<b id="1" c="1 2" t="1"/>
		<b id="2" c="2 3" t="1"/>
		<b id="3" c="3 4" t="ar"/>
		<b id="4" c="4 5" t="ar"/>
		<b id="5" c="5 6" t="ar"/>
		<b id="6" c="6 7" t="ar"/>
		<b id="7" c="7 8" t="ar"/>
		<b id="8" c="3 8" t="ar"/>
		<b id="9" c="8 9" t="1"/>
		<b id="10" c="9 10" t="ar"/>
		<b id="11" c="10 11" t="ar"/>
		<b id="12" c="11 12" t="1"/>
		<b id="13" c="12 13" t="ar"/>
		<b id="14" c="13 14" t="ar"/>
		<b id="15" c="14 15" t="ar"/>
		<b id="16" c="15 16" t="ar"/>
		<b id="17" c="16 17" t="1"/>
		<b id="18" c="17 18" t="am"/>
		<b id="19" c="18 19" t="2"/>
		<b id="20" c="18 20" t="1"/>
		<b id="21" c="20 21" t="1"/>
		<b id="22" c="21 22" t="1"/>
		<b id="23" c="22 23" t="am"/>
		<b id="24" c="23 24" t="2"/>
		<b id="25" c="23 25" t="1"/>
		<b id="26" c="25 26" t="1"/>
		<b id="27" c="26 27" t="1"/>
		<b id="28" c="26 28" t="1"/>
		<b id="29" c="26 29" t="1"/>
		<b id="30" c="16 30" t="ar"/>
		<b id="31" c="12 30" t="ar"/>
		<b id="32" c="11 31" t="ar"/>
		<b id="33" c="31 32" t="ar"/>
		<b id="34" c="32 33" t="1"/>
		<b id="35" c="32 34" t="ar"/>
		<b id="36" c="9 34" t="ar"/>
		<b id="37" c="1 35" t="1"/>
		<b id="38" c="1 36" t="1"/>
		<b id="39" c="1 37" t="1"/>
		<b id="40" c="4 38" t="1"/>
		<b id="41" c="5 39" t="1"/>
		<b id="42" c="6 40" t="1"/>
		<b id="43" c="7 41" t="1"/>
		<b id="44" c="10 42" t="1"/>
		<b id="45" c="13 43" t="1"/>
		<b id="46" c="14 44" t="1"/>
		<b id="47" c="15 45" t="1"/>
		<b id="48" c="17 46" t="1"/>
		<b id="49" c="20 47" t="1"/>
		<b id="50" c="20 48" t="1"/>
		<b id="51" c="21 49" t="1"/>
		<b id="52" c="21 50" t="1"/>
		<b id="53" c="22 51" t="1"/>
		<b id="54" c="27 52" t="1"/>
		<b id="55" c="27 53" t="1"/>
		<b id="56" c="27 54" t="1"/>
		<b id="57" c="28 55" t="1"/>
		<b id="58" c="28 56" t="1"/>
		<b id="59" c="28 57" t="1"/>
		<b id="60" c="29 58" t="1"/>
		<b id="61" c="29 59" t="1"/>
		<b id="62" c="29 60" t="1"/>
		<b id="63" c="30 61" t="1"/>
		<b id="64" c="31 62" t="1"/>
	</bonds>
	<geometry>
		<g u="A" t="cart/3d">#62,3:4.0979,-6.7595,3.1306;4.4806,-5.4101,3.0145;5.7602,-5.1172,2.6439;6.7453,-6.0826,2.4662;8.0210,-5.7276,2.0630;8.3317,-4.4039,1.8114;7.3588,-3.4386,1.9804;6.0754,-3.7654,2.4089;5.1113,-2.6712,2.5838;4.1048,-2.6831,3.5454;3.2643,-1.5802,3.6758;2.2158,-1.5494,4.7058;2.0093,-0.3995,5.4641;1.0427,-0.3888,6.4519;0.2591,-1.5030,6.6919;0.4451,-2.6515,5.9275;-0.3352,-3.8019,6.0915;-1.2877,-4.0579,7.0312;-1.5740,-3.3252,7.9504;-2.0096,-5.3727,6.7813;-3.0400,-5.1771,5.6561;-3.7371,-6.3961,5.3321;-3.1895,-7.3170,4.4970;-2.1565,-7.1408,3.8936;-3.9815,-8.3984,4.4507;-3.6813,-9.5011,3.5599;-2.3457,-10.1391,3.9403;-4.8308,-10.4834,3.7888;-3.6672,-9.0201,2.1093;1.4300,-2.6700,4.9440;3.4581,-0.4951,2.8235;4.4929,-0.5881,1.9071;4.7935,0.7279,0.8298;5.2947,-1.6168,1.7850;3.0366,-6.7430,3.3734;4.6422,-7.2666,3.9340;4.2431,-7.3024,2.1919;6.5274,-7.1241,2.6424;8.7690,-6.4970,1.9412;9.3231,-4.1268,1.4877;7.5720,-2.3995,1.7864;3.9996,-3.5236,4.2093;2.6242,0.4711,5.2940;0.8930,0.4999,7.0463;-0.4919,-1.4902,7.4629;-0.1748,-4.5207,5.3980;-2.5187,-5.6662,7.6998;-1.3087,-6.1567,6.4913;-2.5322,-4.8506,4.7442;-3.7712,-4.4211,5.9479;-4.5211,-6.6824,5.8954;-2.3613,-10.4470,4.9828;-1.5386,-9.4280,3.7944;-2.1657,-11.0110,3.3183;-4.8466,-10.8051,4.8278;-4.7090,-11.3525,3.1490;-5.7804,-10.0042,3.5612;-2.8545,-8.3157,1.9550;-4.6085,-8.5295,1.8692;-3.5316,-9.8679,1.4435;1.5723,-3.5568,4.3417;2.8268,0.3771,2.8631;</g>
	</geometry>
	<conformers/>
	<properties/>
</molecule>
