<?xml version="1.0" ?>
<!--MOLLI PACKAGE EXPERIMENTAL XML FORMAT-->
<molecule name="el2416">
	<atoms>
		<a id="1" s="C" t="C.3" l="C"/>
		<a id="2" s="C" t="C.3" l="C"/>
		<a id="3" s="C" t="C.3" l="C"/>
		<a id="4" s="C" t="C.3" l="C"/>
		<a id="5" s="O" t="O.3" l="O"/>
		<a id="6" s="C" t="C.2" l="C"/>
		<a id="7" s="O" t="O.2" l="O"/>
		<a id="8" s="N" t="N.am" l="N"/>
		<a id="9" s="C" t="C.3" l="C"/>
		<a id="10" s="C" t="C.3" l="C"/>
		<a id="11" s="C" t="C.2" l="C"/>
		<a id="12" s="O" t="O.2" l="O"/>
		<a id="13" s="N" t="N.am" l="N"/>
		<a id="14" s="C" t="C.ar" l="C"/>
		<a id="15" s="C" t="C.ar" l="C"/>
		<a id="16" s="C" t="C.ar" l="C"/>
		<a id="17" s="C" t="C.ar" l="C"/>
		<a id="18" s="C" t="C.ar" l="C"/>
		<a id="19" s="C" t="C.ar" l="C"/>
		<a id="20" s="C" t="C.ar" l="C"/>
		<a id="21" s="C" t="C.ar" l="C"/>
		<a id="22" s="Cl" t="Cl" l="CL"/>
		<a id="23" s="N" t="N.ar" l="N"/>
		<a id="24" s="C" t="C.ar" l="C"/>
		<a id="25" s="C" t="C.ar" l="C"/>
		<a id="26" s="C" t="C.ar" l="C"/>
		<a id="27" s="C" t="C.ar" l="C"/>
		<a id="28" s="C" t="C.ar" l="C"/>
		<a id="29" s="C" t="C.ar" l="C"/>
		<a id="30" s="C" t="C.ar" l="C"/>
		<a id="31" s="O" t="O.3" l="O"/>
		<a id="32" s="C" t="C.ar" l="C"/>
		<a id="33" s="C" t="C.ar" l="C"/>
		<a id="34" s="H" t="H" l="H"/>
		<a id="35" s="H" t="H" l="H"/>
		<a id="36" s="H" t="H" l="H"/>
		<a id="37" s="H" t="H" l="H"/>
		<a id="38" s="H" t="H" l="H"/>
		<a id="39" s="H" t="H" l="H"/>
		<a id="40" s="H" t="H" l="H"/>
		<a id="41" s="H" t="H" l="H"/>
		<a id="42" s="H" t="H" l="H"/>
		<a id="43" s="H" t="H" l="H"/>
		<a id="44" s="H" t="H" l="H"/>
		<a id="45" s="H" t="H" l="H"/>
		<a id="46" s="H" t="H" l="H"/>
		<a id="47" s="H" t="H" l="H"/>
		<a id="48" s="H" t="H" l="H"/>
		<a id="49" s="H" t="H" l="H"/>
		<a id="50" s="H" t="H" l="H"/>
		<a id="51" s="H" t="H" l="H"/>
		<a id="52" s="H" t="H" l="H"/>
		<a id="53" s="H" t="H" l="H"/>
		<a id="54" s="H" t="H" l="H"/>
		<a id="55" s="H" t="H" l="H"/>
		<a id="56" s="H" t="H" l="H"/>
		<a id="57" s="H" t="H" l="H"/>
		<a id="58" s="H" t="H" l="H"/>
		<a id="59" s="H" t="H" l="H"/>
	</atoms>
	<bonds>
		<b id="1" c="1 2" t="1"/>
		<b id="2" c="2 3" t="1"/>
		<b id="3" c="2 4" t="1"/>
		<b id="4" c="2 5" t="1"/>
		<b id="5" c="5 6" t="1"/>
		<b id="6" c="6 7" t="2"/>
		<b id="7" c="6 8" t="am"/>
		<b id="8" c="8 9" t="1"/>
		<b id="9" c="9 10" t="1"/>
		<b id="10" c="10 11" t="1"/>
		<b id="11" c="11 12" t="2"/>
		<b id="12" c="11 13" t="am"/>
		<b id="13" c="13 14" t="1"/>
		<b id="14" c="14 15" t="ar"/>
		<b id="15" c="15 16" t="ar"/>
		<b id="16" c="16 17" t="ar"/>
		<b id="17" c="17 18" t="ar"/>
		<b id="18" c="18 19" t="1"/>
		<b id="19" c="19 20" t="ar"/>
		<b id="20" c="20 21" t="ar"/>
		<b id="21" c="21 22" t="1"/>
		<b id="22" c="21 23" t="ar"/>
		<b id="23" c="23 24" t="ar"/>
		<b id="24" c="24 25" t="1"/>
		<b id="25" c="25 26" t="ar"/>
		<b id="26" c="26 27" t="ar"/>
		<b id="27" c="27 28" t="ar"/>
		<b id="28" c="28 29" t="ar"/>
		<b id="29" c="29 30" t="ar"/>
		<b id="30" c="25 30" t="ar"/>
		<b id="31" c="30 31" t="1"/>
		<b id="32" c="24 32" t="ar"/>
		<b id="33" c="19 32" t="ar"/>
		<b id="34" c="18 33" t="ar"/>
		<b id="35" c="14 33" t="ar"/>
		<b id="36" c="1 34" t="1"/>
		<b id="37" c="1 35" t="1"/>
		<b id="38" c="1 36" t="1"/>
		<b id="39" c="3 37" t="1"/>
		<b id="40" c="3 38" t="1"/>
		<b id="41" c="3 39" t="1"/>
		<b id="42" c="4 40" t="1"/>
		<b id="43" c="4 41" t="1"/>
		<b id="44" c="4 42" t="1"/>
		<b id="45" c="8 43" t="1"/>
		<b id="46" c="9 44" t="1"/>
		<b id="47" c="9 45" t="1"/>
		<b id="48" c="10 46" t="1"/>
		<b id="49" c="10 47" t="1"/>
		<b id="50" c="13 48" t="1"/>
		<b id="51" c="15 49" t="1"/>
		<b id="52" c="16 50" t="1"/>
		<b id="53" c="17 51" t="1"/>
		<b id="54" c="20 52" t="1"/>
		<b id="55" c="26 53" t="1"/>
		<b id="56" c="27 54" t="1"/>
		<b id="57" c="28 55" t="1"/>
		<b id="58" c="29 56" t="1"/>
		<b id="59" c="31 57" t="1"/>
		<b id="60" c="32 58" t="1"/>
		<b id="61" c="33 59" t="1"/>
	</bonds>
	<geometry>
		<g u="A" t="cart/3d">#59,3:2.3263,5.8461,-2.2974;2.5534,5.0066,-1.0408;3.1418,5.8533,0.0872;1.2484,4.3485,-0.5920;3.4283,3.8883,-1.3323;4.6927,4.0963,-1.7310;5.2190,5.1586,-1.9651;5.3366,2.9030,-1.8175;6.6733,2.8038,-2.3435;6.6868,2.5083,-3.8524;8.1258,2.3475,-4.3163;8.6377,1.2612,-4.4626;8.7580,3.5404,-4.4974;10.0951,3.7727,-4.8407;11.0440,2.7548,-4.8807;12.3525,3.0543,-5.2131;12.7292,4.3481,-5.5181;11.7881,5.3753,-5.4844;12.1858,6.7505,-5.8195;11.6907,7.8415,-5.1091;12.1435,9.0971,-5.4830;11.5803,10.4898,-4.6303;12.9917,9.3302,-6.4527;13.4646,8.2960,-7.1548;14.4273,8.6413,-8.2089;15.1245,9.8442,-8.0941;16.0545,10.2390,-9.0337;16.3034,9.4303,-10.1301;15.6137,8.2422,-10.2748;14.6790,7.8341,-9.3293;13.9997,6.6668,-9.5054;13.0838,6.9907,-6.8582;10.4759,5.0789,-5.1360;1.6112,6.6358,-2.0853;1.9364,5.2227,-3.0989;3.2613,6.2935,-2.6215;2.4391,6.6335,0.3654;4.0716,6.3134,-0.2351;3.3404,5.2294,0.9563;0.5214,5.1100,-0.3269;1.4291,3.7132,0.2710;0.8446,3.7353,-1.3929;4.7885,2.0654,-1.7074;7.2084,2.0149,-1.8100;7.1571,3.7634,-2.1458;6.1836,3.3145,-4.3874;6.1633,1.5705,-4.0421;8.1994,4.3758,-4.3849;10.7528,1.7434,-4.6561;13.0862,2.2626,-5.2334;13.7566,4.5712,-5.7616;11.0070,7.7233,-4.2848;14.9104,10.4622,-7.2369;16.5833,11.1720,-8.9152;17.0284,9.7221,-10.8752;15.7958,7.6117,-11.1365;14.2387,6.2830,-10.3585;13.4715,6.1686,-7.4334;9.7362,5.8674,-5.1188;</g>
	</geometry>
	<conformers/>
	<properties/>
</molecule>
