<?xml version="1.0" ?>
<!--MOLLI PACKAGE EXPERIMENTAL XML FORMAT-->
<molecule name="el2563">
	<atoms>
		<a id="1" s="Cl" t="Cl" l="CL"/>
		<a id="2" s="C" t="C.ar" l="C"/>
		<a id="3" s="N" t="N.ar" l="N"/>
		<a id="4" s="C" t="C.ar" l="C"/>
		<a id="5" s="C" t="C.ar" l="C"/>
		<a id="6" s="N" t="N.ar" l="N"/>
		<a id="7" s="C" t="C.ar" l="C"/>
		<a id="8" s="N" t="N.ar" l="N"/>
		<a id="9" s="C" t="C.3" l="C"/>
		<a id="10" s="C" t="C.3" l="C"/>
		<a id="11" s="C" t="C.3" l="C"/>
		<a id="12" s="C" t="C.3" l="C"/>
		<a id="13" s="C" t="C.3" l="C"/>
		<a id="14" s="C" t="C.ar" l="C"/>
		<a id="15" s="N" t="N.ar" l="N"/>
		<a id="16" s="H" t="H" l="H"/>
		<a id="17" s="H" t="H" l="H"/>
		<a id="18" s="H" t="H" l="H"/>
		<a id="19" s="H" t="H" l="H"/>
		<a id="20" s="H" t="H" l="H"/>
		<a id="21" s="H" t="H" l="H"/>
		<a id="22" s="H" t="H" l="H"/>
		<a id="23" s="H" t="H" l="H"/>
		<a id="24" s="H" t="H" l="H"/>
		<a id="25" s="H" t="H" l="H"/>
		<a id="26" s="H" t="H" l="H"/>
	</atoms>
	<bonds>
		<b id="1" c="1 2" t="1"/>
		<b id="2" c="2 3" t="ar"/>
		<b id="3" c="3 4" t="ar"/>
		<b id="4" c="4 5" t="ar"/>
		<b id="5" c="5 6" t="ar"/>
		<b id="6" c="6 7" t="ar"/>
		<b id="7" c="7 8" t="ar"/>
		<b id="8" c="8 9" t="1"/>
		<b id="9" c="9 10" t="1"/>
		<b id="10" c="10 11" t="1"/>
		<b id="11" c="11 12" t="1"/>
		<b id="12" c="12 13" t="1"/>
		<b id="13" c="9 13" t="1"/>
		<b id="14" c="8 14" t="ar"/>
		<b id="15" c="5 14" t="ar"/>
		<b id="16" c="14 15" t="ar"/>
		<b id="17" c="2 15" t="ar"/>
		<b id="18" c="4 16" t="1"/>
		<b id="19" c="7 17" t="1"/>
		<b id="20" c="9 18" t="1"/>
		<b id="21" c="10 19" t="1"/>
		<b id="22" c="10 20" t="1"/>
		<b id="23" c="11 21" t="1"/>
		<b id="24" c="11 22" t="1"/>
		<b id="25" c="12 23" t="1"/>
		<b id="26" c="12 24" t="1"/>
		<b id="27" c="13 25" t="1"/>
		<b id="28" c="13 26" t="1"/>
	</bonds>
	<geometry>
		<g u="A" t="cart/3d">#26,3:1.1859,-0.0666,0.2367;2.8889,-0.0868,0.2016;3.4782,1.0977,0.2444;4.7990,1.1562,0.2190;5.5327,-0.0185,0.1475;6.8646,-0.3370,0.1000;6.8994,-1.6310,0.0405;5.6710,-2.2366,0.0445;5.3509,-3.6393,-0.0118;5.9687,-4.4561,1.1280;5.9164,-5.9045,0.6249;5.7585,-5.8254,-0.9076;5.8784,-4.3433,-1.2648;4.7741,-1.2209,0.1110;3.4502,-1.2793,0.1372;5.2435,2.1400,0.2551;7.8136,-2.1902,-0.0090;4.2587,-3.7008,0.0234;5.4344,-4.3208,2.0669;7.0025,-4.1406,1.2775;5.0693,-6.4295,1.0642;6.8193,-6.4444,0.9059;4.7775,-6.1972,-1.2018;6.5082,-6.4212,-1.4248;5.3144,-4.0804,-2.1581;6.9228,-4.0699,-1.4233;</g>
	</geometry>
	<conformers/>
	<properties/>
</molecule>
