<?xml version="1.0" ?>
<!--MOLLI PACKAGE EXPERIMENTAL XML FORMAT-->
<molecule name="el2566">
	<atoms>
		<a id="1" s="C" t="C.3" l="C"/>
		<a id="2" s="C" t="C.3" l="C"/>
		<a id="3" s="C" t="C.ar" l="C"/>
		<a id="4" s="C" t="C.ar" l="C"/>
		<a id="5" s="O" t="O.2" l="O"/>
		<a id="6" s="C" t="C.ar" l="C"/>
		<a id="7" s="C" t="C.ar" l="C"/>
		<a id="8" s="Cl" t="Cl" l="CL"/>
		<a id="9" s="C" t="C.ar" l="C"/>
		<a id="10" s="C" t="C.ar" l="C"/>
		<a id="11" s="C" t="C.ar" l="C"/>
		<a id="12" s="C" t="C.ar" l="C"/>
		<a id="13" s="C" t="C.ar" l="C"/>
		<a id="14" s="C" t="C.ar" l="C"/>
		<a id="15" s="C" t="C.ar" l="C"/>
		<a id="16" s="C" t="C.ar" l="C"/>
		<a id="17" s="N" t="N.ar" l="N"/>
		<a id="18" s="C" t="C.ar" l="C"/>
		<a id="19" s="H" t="H" l="H"/>
		<a id="20" s="H" t="H" l="H"/>
		<a id="21" s="H" t="H" l="H"/>
		<a id="22" s="H" t="H" l="H"/>
		<a id="23" s="H" t="H" l="H"/>
		<a id="24" s="H" t="H" l="H"/>
		<a id="25" s="H" t="H" l="H"/>
		<a id="26" s="H" t="H" l="H"/>
		<a id="27" s="H" t="H" l="H"/>
		<a id="28" s="H" t="H" l="H"/>
		<a id="29" s="H" t="H" l="H"/>
		<a id="30" s="H" t="H" l="H"/>
	</atoms>
	<bonds>
		<b id="1" c="1 2" t="1"/>
		<b id="2" c="2 3" t="1"/>
		<b id="3" c="3 4" t="ar"/>
		<b id="4" c="4 5" t="ar"/>
		<b id="5" c="5 6" t="ar"/>
		<b id="6" c="6 7" t="ar"/>
		<b id="7" c="7 8" t="1"/>
		<b id="8" c="7 9" t="ar"/>
		<b id="9" c="9 10" t="ar"/>
		<b id="10" c="10 11" t="1"/>
		<b id="11" c="11 12" t="ar"/>
		<b id="12" c="12 13" t="ar"/>
		<b id="13" c="13 14" t="ar"/>
		<b id="14" c="14 15" t="ar"/>
		<b id="15" c="15 16" t="ar"/>
		<b id="16" c="11 16" t="ar"/>
		<b id="17" c="10 17" t="ar"/>
		<b id="18" c="17 18" t="ar"/>
		<b id="19" c="3 18" t="ar"/>
		<b id="20" c="6 18" t="ar"/>
		<b id="21" c="1 19" t="1"/>
		<b id="22" c="1 20" t="1"/>
		<b id="23" c="1 21" t="1"/>
		<b id="24" c="2 22" t="1"/>
		<b id="25" c="2 23" t="1"/>
		<b id="26" c="4 24" t="1"/>
		<b id="27" c="9 25" t="1"/>
		<b id="28" c="12 26" t="1"/>
		<b id="29" c="13 27" t="1"/>
		<b id="30" c="14 28" t="1"/>
		<b id="31" c="15 29" t="1"/>
		<b id="32" c="16 30" t="1"/>
	</bonds>
	<geometry>
		<g u="A" t="cart/3d">#30,3:0.8764,-0.0944,-0.0066;2.3975,0.0626,-0.0149;2.8362,0.9663,1.0847;3.4402,0.6493,2.2573;3.6698,1.7272,3.0508;3.1968,2.7917,2.3779;3.1603,4.1349,2.7215;3.7724,4.6977,4.2342;2.6055,4.9996,1.7983;2.1093,4.5109,0.5735;1.5240,5.4200,-0.4226;1.9027,6.7575,-0.5154;1.3345,7.5805,-1.4703;0.3826,7.0836,-2.3448;0.0076,5.7520,-2.2676;0.5753,4.9260,-1.3173;2.1246,3.2256,0.2532;2.6568,2.3894,1.1325;0.5573,-0.7275,-0.8306;0.4053,0.8796,-0.1095;0.5456,-0.5446,0.9269;2.7043,0.4972,-0.9680;2.8760,-0.9115,0.1004;3.7635,-0.2980,2.6440;2.5345,6.0481,2.0329;2.6621,7.1545,0.1413;1.6390,8.6150,-1.5350;-0.0602,7.7308,-3.0874;-0.7295,5.3584,-2.9520;0.2960,3.8866,-1.2482;</g>
	</geometry>
	<conformers/>
	<properties/>
</molecule>
