<?xml version="1.0" ?>
<!--MOLLI PACKAGE EXPERIMENTAL XML FORMAT-->
<molecule name="el2567">
	<atoms>
		<a id="1" s="C" t="C.3" l="C"/>
		<a id="2" s="C" t="C.3" l="C"/>
		<a id="3" s="O" t="O.3" l="O"/>
		<a id="4" s="C" t="C.2" l="C"/>
		<a id="5" s="O" t="O.2" l="O"/>
		<a id="6" s="C" t="C.3" l="C"/>
		<a id="7" s="C" t="C.ar" l="C"/>
		<a id="8" s="C" t="C.ar" l="C"/>
		<a id="9" s="N" t="N.ar" l="N"/>
		<a id="10" s="C" t="C.ar" l="C"/>
		<a id="11" s="Cl" t="Cl" l="CL"/>
		<a id="12" s="C" t="C.ar" l="C"/>
		<a id="13" s="C" t="C.ar" l="C"/>
		<a id="14" s="O" t="O.3" l="O"/>
		<a id="15" s="C" t="C.3" l="C"/>
		<a id="16" s="H" t="H" l="H"/>
		<a id="17" s="H" t="H" l="H"/>
		<a id="18" s="H" t="H" l="H"/>
		<a id="19" s="H" t="H" l="H"/>
		<a id="20" s="H" t="H" l="H"/>
		<a id="21" s="H" t="H" l="H"/>
		<a id="22" s="H" t="H" l="H"/>
		<a id="23" s="H" t="H" l="H"/>
		<a id="24" s="H" t="H" l="H"/>
		<a id="25" s="H" t="H" l="H"/>
		<a id="26" s="H" t="H" l="H"/>
		<a id="27" s="H" t="H" l="H"/>
	</atoms>
	<bonds>
		<b id="1" c="1 2" t="1"/>
		<b id="2" c="2 3" t="1"/>
		<b id="3" c="3 4" t="1"/>
		<b id="4" c="4 5" t="2"/>
		<b id="5" c="4 6" t="1"/>
		<b id="6" c="6 7" t="1"/>
		<b id="7" c="7 8" t="ar"/>
		<b id="8" c="8 9" t="ar"/>
		<b id="9" c="9 10" t="ar"/>
		<b id="10" c="10 11" t="1"/>
		<b id="11" c="10 12" t="ar"/>
		<b id="12" c="12 13" t="ar"/>
		<b id="13" c="7 13" t="ar"/>
		<b id="14" c="13 14" t="1"/>
		<b id="15" c="14 15" t="1"/>
		<b id="16" c="1 16" t="1"/>
		<b id="17" c="1 17" t="1"/>
		<b id="18" c="1 18" t="1"/>
		<b id="19" c="2 19" t="1"/>
		<b id="20" c="2 20" t="1"/>
		<b id="21" c="6 21" t="1"/>
		<b id="22" c="6 22" t="1"/>
		<b id="23" c="8 23" t="1"/>
		<b id="24" c="12 24" t="1"/>
		<b id="25" c="15 25" t="1"/>
		<b id="26" c="15 26" t="1"/>
		<b id="27" c="15 27" t="1"/>
	</bonds>
	<geometry>
		<g u="A" t="cart/3d">#27,3:2.6034,0.8711,1.3716;2.4660,0.2825,-0.0248;3.0694,1.1298,-1.0067;4.3900,1.0248,-1.1722;5.0910,0.2519,-0.5796;4.8623,2.0194,-2.2234;6.3559,2.0297,-2.3074;7.1231,3.0272,-1.7390;8.4479,3.0449,-1.7502;9.0583,2.0367,-2.3282;10.7767,2.0865,-2.3159;8.4194,0.9653,-2.9370;7.0282,0.9588,-2.9295;6.2584,0.0102,-3.4953;6.8858,-1.1070,-4.0848;2.0855,0.2390,2.0871;2.1741,1.8696,1.4029;3.6534,0.9281,1.6478;1.4180,0.2083,-0.3214;2.9388,-0.7039,-0.0692;4.4716,3.0038,-1.9649;4.4278,1.7102,-3.1766;6.6586,3.8698,-1.2451;9.0031,0.1798,-3.3854;6.0777,-1.7404,-4.4463;7.4802,-1.6597,-3.3524;7.5197,-0.8108,-4.9262;</g>
	</geometry>
	<conformers/>
	<properties/>
</molecule>
