<?xml version="1.0" ?>
<!--MOLLI PACKAGE EXPERIMENTAL XML FORMAT-->
<molecule name="el2568">
	<atoms>
		<a id="1" s="C" t="C.3" l="C"/>
		<a id="2" s="C" t="C.3" l="C"/>
		<a id="3" s="O" t="O.3" l="O"/>
		<a id="4" s="C" t="C.2" l="C"/>
		<a id="5" s="O" t="O.2" l="O"/>
		<a id="6" s="C" t="C.3" l="C"/>
		<a id="7" s="C" t="C.ar" l="C"/>
		<a id="8" s="C" t="C.ar" l="C"/>
		<a id="9" s="C" t="C.ar" l="C"/>
		<a id="10" s="C" t="C.ar" l="C"/>
		<a id="11" s="Cl" t="Cl" l="CL"/>
		<a id="12" s="N" t="N.ar" l="N"/>
		<a id="13" s="C" t="C.ar" l="C"/>
		<a id="14" s="H" t="H" l="H"/>
		<a id="15" s="H" t="H" l="H"/>
		<a id="16" s="H" t="H" l="H"/>
		<a id="17" s="H" t="H" l="H"/>
		<a id="18" s="H" t="H" l="H"/>
		<a id="19" s="H" t="H" l="H"/>
		<a id="20" s="H" t="H" l="H"/>
		<a id="21" s="H" t="H" l="H"/>
		<a id="22" s="H" t="H" l="H"/>
		<a id="23" s="H" t="H" l="H"/>
	</atoms>
	<bonds>
		<b id="1" c="1 2" t="1"/>
		<b id="2" c="2 3" t="1"/>
		<b id="3" c="3 4" t="1"/>
		<b id="4" c="4 5" t="2"/>
		<b id="5" c="4 6" t="1"/>
		<b id="6" c="6 7" t="1"/>
		<b id="7" c="7 8" t="ar"/>
		<b id="8" c="8 9" t="ar"/>
		<b id="9" c="9 10" t="ar"/>
		<b id="10" c="10 11" t="1"/>
		<b id="11" c="10 12" t="ar"/>
		<b id="12" c="12 13" t="ar"/>
		<b id="13" c="7 13" t="ar"/>
		<b id="14" c="1 14" t="1"/>
		<b id="15" c="1 15" t="1"/>
		<b id="16" c="1 16" t="1"/>
		<b id="17" c="2 17" t="1"/>
		<b id="18" c="2 18" t="1"/>
		<b id="19" c="6 19" t="1"/>
		<b id="20" c="6 20" t="1"/>
		<b id="21" c="8 21" t="1"/>
		<b id="22" c="9 22" t="1"/>
		<b id="23" c="13 23" t="1"/>
	</bonds>
	<geometry>
		<g u="A" t="cart/3d">#23,3:1.9713,-1.1038,-1.3769;3.0796,-0.4639,-0.5552;3.6099,0.6979,-1.2027;4.4821,0.5087,-2.1881;4.8780,-0.5622,-2.5609;4.9364,1.8451,-2.7609;6.4099,1.9979,-2.5189;7.3408,1.2691,-3.2563;8.6891,1.4180,-2.9900;9.0474,2.3023,-1.9791;10.7069,2.5483,-1.6001;8.1831,2.9896,-1.2647;6.8971,2.8378,-1.5254;1.5481,-1.9387,-0.8260;2.3711,-1.4698,-2.3199;1.1865,-0.3788,-1.5820;3.8924,-1.1779,-0.3884;2.6998,-0.0998,0.4015;4.3742,2.6452,-2.2814;4.7328,1.8348,-3.8335;7.0072,0.5868,-4.0231;9.4406,0.8752,-3.5386;6.2290,3.4225,-0.9075;</g>
	</geometry>
	<conformers/>
	<properties/>
</molecule>
