<?xml version="1.0" ?>
<!--MOLLI PACKAGE EXPERIMENTAL XML FORMAT-->
<molecule name="el2417">
	<atoms>
		<a id="1" s="O" t="O.2" l="O"/>
		<a id="2" s="C" t="C.2" l="C"/>
		<a id="3" s="N" t="N.am" l="N"/>
		<a id="4" s="C" t="C.ar" l="C"/>
		<a id="5" s="C" t="C.ar" l="C"/>
		<a id="6" s="C" t="C.ar" l="C"/>
		<a id="7" s="C" t="C.ar" l="C"/>
		<a id="8" s="F" t="F" l="F"/>
		<a id="9" s="C" t="C.ar" l="C"/>
		<a id="10" s="C" t="C.ar" l="C"/>
		<a id="11" s="C" t="C.3" l="C"/>
		<a id="12" s="C" t="C.2" l="C"/>
		<a id="13" s="O" t="O.2" l="O"/>
		<a id="14" s="N" t="N.am" l="N"/>
		<a id="15" s="C" t="C.ar" l="C"/>
		<a id="16" s="C" t="C.ar" l="C"/>
		<a id="17" s="C" t="C.ar" l="C"/>
		<a id="18" s="C" t="C.ar" l="C"/>
		<a id="19" s="O" t="O.3" l="O"/>
		<a id="20" s="C" t="C.ar" l="C"/>
		<a id="21" s="C" t="C.ar" l="C"/>
		<a id="22" s="C" t="C.ar" l="C"/>
		<a id="23" s="N" t="N.ar" l="N"/>
		<a id="24" s="C" t="C.ar" l="C"/>
		<a id="25" s="Cl" t="Cl" l="CL"/>
		<a id="26" s="N" t="N.ar" l="N"/>
		<a id="27" s="C" t="C.ar" l="C"/>
		<a id="28" s="F" t="F" l="F"/>
		<a id="29" s="C" t="C.ar" l="C"/>
		<a id="30" s="C" t="C.3" l="C"/>
		<a id="31" s="C" t="C.3" l="C"/>
		<a id="32" s="H" t="H" l="H"/>
		<a id="33" s="H" t="H" l="H"/>
		<a id="34" s="H" t="H" l="H"/>
		<a id="35" s="H" t="H" l="H"/>
		<a id="36" s="H" t="H" l="H"/>
		<a id="37" s="H" t="H" l="H"/>
		<a id="38" s="H" t="H" l="H"/>
		<a id="39" s="H" t="H" l="H"/>
		<a id="40" s="H" t="H" l="H"/>
		<a id="41" s="H" t="H" l="H"/>
		<a id="42" s="H" t="H" l="H"/>
		<a id="43" s="H" t="H" l="H"/>
		<a id="44" s="H" t="H" l="H"/>
		<a id="45" s="H" t="H" l="H"/>
		<a id="46" s="H" t="H" l="H"/>
	</atoms>
	<bonds>
		<b id="1" c="1 2" t="2"/>
		<b id="2" c="2 3" t="am"/>
		<b id="3" c="3 4" t="1"/>
		<b id="4" c="4 5" t="ar"/>
		<b id="5" c="5 6" t="ar"/>
		<b id="6" c="6 7" t="ar"/>
		<b id="7" c="7 8" t="1"/>
		<b id="8" c="7 9" t="ar"/>
		<b id="9" c="9 10" t="ar"/>
		<b id="10" c="4 10" t="ar"/>
		<b id="11" c="2 11" t="1"/>
		<b id="12" c="11 12" t="1"/>
		<b id="13" c="12 13" t="2"/>
		<b id="14" c="12 14" t="am"/>
		<b id="15" c="14 15" t="1"/>
		<b id="16" c="15 16" t="ar"/>
		<b id="17" c="16 17" t="ar"/>
		<b id="18" c="17 18" t="ar"/>
		<b id="19" c="18 19" t="1"/>
		<b id="20" c="19 20" t="1"/>
		<b id="21" c="20 21" t="ar"/>
		<b id="22" c="21 22" t="ar"/>
		<b id="23" c="22 23" t="ar"/>
		<b id="24" c="23 24" t="ar"/>
		<b id="25" c="24 25" t="1"/>
		<b id="26" c="24 26" t="ar"/>
		<b id="27" c="20 26" t="ar"/>
		<b id="28" c="18 27" t="ar"/>
		<b id="29" c="27 28" t="1"/>
		<b id="30" c="27 29" t="ar"/>
		<b id="31" c="15 29" t="ar"/>
		<b id="32" c="11 30" t="1"/>
		<b id="33" c="30 31" t="1"/>
		<b id="34" c="11 31" t="1"/>
		<b id="35" c="3 32" t="1"/>
		<b id="36" c="5 33" t="1"/>
		<b id="37" c="6 34" t="1"/>
		<b id="38" c="9 35" t="1"/>
		<b id="39" c="10 36" t="1"/>
		<b id="40" c="14 37" t="1"/>
		<b id="41" c="16 38" t="1"/>
		<b id="42" c="17 39" t="1"/>
		<b id="43" c="21 40" t="1"/>
		<b id="44" c="22 41" t="1"/>
		<b id="45" c="29 42" t="1"/>
		<b id="46" c="30 43" t="1"/>
		<b id="47" c="30 44" t="1"/>
		<b id="48" c="31 45" t="1"/>
		<b id="49" c="31 46" t="1"/>
	</bonds>
	<geometry>
		<g u="A" t="cart/3d">#46,3:2.6879,-3.0335,0.0553;2.2881,-1.9097,0.2678;1.0775,-1.4100,-0.0707;0.0106,-2.0591,-0.6968;0.0914,-3.3674,-1.1666;-0.9996,-3.9482,-1.7860;-2.1633,-3.2167,-1.9323;-3.2283,-3.7841,-2.5391;-2.2661,-1.9155,-1.4740;-1.1741,-1.3404,-0.8557;3.1794,-0.8700,0.9387;2.4820,-0.0163,1.9584;1.5313,0.6848,1.6572;2.9841,-0.1340,3.2151;2.5810,0.5122,4.3846;1.5623,1.4606,4.4181;1.2116,2.0581,5.6135;1.8682,1.7367,6.7914;1.5271,2.3876,7.9648;1.1928,1.6360,9.0180;1.0361,2.2467,10.2691;0.6742,1.4088,11.3021;0.4783,0.1049,11.1348;0.6449,-0.3534,9.9154;0.3913,-2.0166,9.6747;0.9868,0.3382,8.8453;2.9004,0.8024,6.7434;3.5895,0.5067,7.8592;3.2555,0.1893,5.5612;4.1761,-0.2146,0.0059;4.6404,-1.2057,1.0233;0.8868,-0.4563,0.2320;1.0051,-3.9242,-1.0432;-0.9522,-4.9606,-2.1543;-3.1877,-1.3714,-1.6031;-1.2341,-0.3263,-0.4897;3.7261,-0.8104,3.3393;1.0431,1.7191,3.5111;0.4178,2.7870,5.6467;1.2007,3.3021,10.3931;0.5337,1.7721,12.3105;4.0570,-0.5335,5.5699;4.3920,0.8318,0.1649;4.1551,-0.5061,-1.0332;5.2303,-0.8438,1.8525;4.9177,-2.1909,0.6782;</g>
	</geometry>
	<conformers/>
	<properties/>
</molecule>
