<?xml version="1.0" ?>
<!--MOLLI PACKAGE EXPERIMENTAL XML FORMAT-->
<molecule name="el2571">
	<atoms>
		<a id="1" s="Cl" t="Cl" l="CL"/>
		<a id="2" s="C" t="C.ar" l="C"/>
		<a id="3" s="N" t="N.ar" l="N"/>
		<a id="4" s="C" t="C.ar" l="C"/>
		<a id="5" s="C" t="C.ar" l="C"/>
		<a id="6" s="C" t="C.ar" l="C"/>
		<a id="7" s="C" t="C.ar" l="C"/>
		<a id="8" s="C" t="C.ar" l="C"/>
		<a id="9" s="C" t="C.ar" l="C"/>
		<a id="10" s="C" t="C.ar" l="C"/>
		<a id="11" s="C" t="C.ar" l="C"/>
		<a id="12" s="N" t="N.ar" l="N"/>
		<a id="13" s="N" t="N.ar" l="N"/>
		<a id="14" s="C" t="C.3" l="C"/>
		<a id="15" s="C" t="C.3" l="C"/>
		<a id="16" s="C" t="C.3" l="C"/>
		<a id="17" s="C" t="C.3" l="C"/>
		<a id="18" s="C" t="C.3" l="C"/>
		<a id="19" s="O" t="O.3" l="O"/>
		<a id="20" s="C" t="C.ar" l="C"/>
		<a id="21" s="C" t="C.ar" l="C"/>
		<a id="22" s="N" t="N.ar" l="N"/>
		<a id="23" s="H" t="H" l="H"/>
		<a id="24" s="H" t="H" l="H"/>
		<a id="25" s="H" t="H" l="H"/>
		<a id="26" s="H" t="H" l="H"/>
		<a id="27" s="H" t="H" l="H"/>
		<a id="28" s="H" t="H" l="H"/>
		<a id="29" s="H" t="H" l="H"/>
		<a id="30" s="H" t="H" l="H"/>
		<a id="31" s="H" t="H" l="H"/>
		<a id="32" s="H" t="H" l="H"/>
		<a id="33" s="H" t="H" l="H"/>
		<a id="34" s="H" t="H" l="H"/>
		<a id="35" s="H" t="H" l="H"/>
		<a id="36" s="H" t="H" l="H"/>
		<a id="37" s="H" t="H" l="H"/>
	</atoms>
	<bonds>
		<b id="1" c="1 2" t="1"/>
		<b id="2" c="2 3" t="ar"/>
		<b id="3" c="3 4" t="ar"/>
		<b id="4" c="4 5" t="ar"/>
		<b id="5" c="5 6" t="ar"/>
		<b id="6" c="6 7" t="1"/>
		<b id="7" c="7 8" t="ar"/>
		<b id="8" c="8 9" t="ar"/>
		<b id="9" c="9 10" t="ar"/>
		<b id="10" c="10 11" t="ar"/>
		<b id="11" c="11 12" t="ar"/>
		<b id="12" c="12 13" t="ar"/>
		<b id="13" c="13 14" t="1"/>
		<b id="14" c="14 15" t="1"/>
		<b id="15" c="15 16" t="1"/>
		<b id="16" c="16 17" t="1"/>
		<b id="17" c="17 18" t="1"/>
		<b id="18" c="18 19" t="1"/>
		<b id="19" c="14 19" t="1"/>
		<b id="20" c="13 20" t="ar"/>
		<b id="21" c="10 20" t="ar"/>
		<b id="22" c="20 21" t="ar"/>
		<b id="23" c="7 21" t="ar"/>
		<b id="24" c="6 22" t="ar"/>
		<b id="25" c="2 22" t="ar"/>
		<b id="26" c="4 23" t="1"/>
		<b id="27" c="5 24" t="1"/>
		<b id="28" c="8 25" t="1"/>
		<b id="29" c="9 26" t="1"/>
		<b id="30" c="11 27" t="1"/>
		<b id="31" c="14 28" t="1"/>
		<b id="32" c="15 29" t="1"/>
		<b id="33" c="15 30" t="1"/>
		<b id="34" c="16 31" t="1"/>
		<b id="35" c="16 32" t="1"/>
		<b id="36" c="17 33" t="1"/>
		<b id="37" c="17 34" t="1"/>
		<b id="38" c="18 35" t="1"/>
		<b id="39" c="18 36" t="1"/>
		<b id="40" c="21 37" t="1"/>
	</bonds>
	<geometry>
		<g u="A" t="cart/3d">#37,3:0.2046,0.8443,-2.4960;0.8185,0.3632,-0.9774;0.6378,1.2066,0.0202;1.1056,0.8098,1.1950;1.7525,-0.3999,1.3699;1.9056,-1.2100,0.2378;2.5628,-2.5175,0.2501;3.4289,-2.8913,1.3017;4.0398,-4.1177,1.3290;3.7820,-5.0119,0.2863;4.1774,-6.3283,-0.0496;3.6226,-6.7033,-1.1737;2.8571,-5.6985,-1.6217;2.1532,-5.7658,-2.8883;1.3481,-7.0668,-3.0175;2.2470,-8.2560,-3.3478;3.1074,-7.9065,-4.5588;3.8859,-6.6314,-4.2512;3.0170,-5.5445,-3.9672;2.9215,-4.6306,-0.7760;2.3133,-3.3834,-0.8043;1.4146,-0.8047,-0.9373;0.9458,1.4979,2.0144;2.1026,-0.7028,2.3414;3.6349,-2.1863,2.0917;4.7053,-4.3932,2.1327;4.8308,-6.9921,0.4807;1.4707,-4.9070,-2.8992;0.6245,-6.9234,-3.8226;0.8037,-7.2373,-2.0880;1.6329,-9.1346,-3.5520;2.8921,-8.4688,-2.4948;2.4730,-7.7398,-5.4322;3.8053,-8.7130,-4.7832;4.4721,-6.3007,-5.1104;4.5575,-6.8061,-3.4006;1.6642,-3.0689,-1.6049;</g>
	</geometry>
	<conformers/>
	<properties/>
</molecule>
