<?xml version="1.0" ?>
<!--MOLLI PACKAGE EXPERIMENTAL XML FORMAT-->
<molecule name="el2574">
	<atoms>
		<a id="1" s="C" t="C.3" l="C"/>
		<a id="2" s="C" t="C.ar" l="C"/>
		<a id="3" s="N" t="N.ar" l="N"/>
		<a id="4" s="C" t="C.ar" l="C"/>
		<a id="5" s="C" t="C.3" l="C"/>
		<a id="6" s="C" t="C.3" l="C"/>
		<a id="7" s="C" t="C.3" l="C"/>
		<a id="8" s="C" t="C.3" l="C"/>
		<a id="9" s="C" t="C.ar" l="C"/>
		<a id="10" s="C" t="C.ar" l="C"/>
		<a id="11" s="C" t="C.ar" l="C"/>
		<a id="12" s="C" t="C.ar" l="C"/>
		<a id="13" s="N" t="N.ar" l="N"/>
		<a id="14" s="C" t="C.ar" l="C"/>
		<a id="15" s="Cl" t="Cl" l="CL"/>
		<a id="16" s="C" t="C.ar" l="C"/>
		<a id="17" s="N" t="N.ar" l="N"/>
		<a id="18" s="C" t="C.3" l="C"/>
		<a id="19" s="O" t="O.3" l="O"/>
		<a id="20" s="C" t="C.3" l="C"/>
		<a id="21" s="C" t="C.3" l="C"/>
		<a id="22" s="Si" t="Si" l="SI"/>
		<a id="23" s="C" t="C.3" l="C"/>
		<a id="24" s="C" t="C.3" l="C"/>
		<a id="25" s="C" t="C.3" l="C"/>
		<a id="26" s="H" t="H" l="H"/>
		<a id="27" s="H" t="H" l="H"/>
		<a id="28" s="H" t="H" l="H"/>
		<a id="29" s="H" t="H" l="H"/>
		<a id="30" s="H" t="H" l="H"/>
		<a id="31" s="H" t="H" l="H"/>
		<a id="32" s="H" t="H" l="H"/>
		<a id="33" s="H" t="H" l="H"/>
		<a id="34" s="H" t="H" l="H"/>
		<a id="35" s="H" t="H" l="H"/>
		<a id="36" s="H" t="H" l="H"/>
		<a id="37" s="H" t="H" l="H"/>
		<a id="38" s="H" t="H" l="H"/>
		<a id="39" s="H" t="H" l="H"/>
		<a id="40" s="H" t="H" l="H"/>
		<a id="41" s="H" t="H" l="H"/>
		<a id="42" s="H" t="H" l="H"/>
		<a id="43" s="H" t="H" l="H"/>
		<a id="44" s="H" t="H" l="H"/>
		<a id="45" s="H" t="H" l="H"/>
		<a id="46" s="H" t="H" l="H"/>
		<a id="47" s="H" t="H" l="H"/>
		<a id="48" s="H" t="H" l="H"/>
		<a id="49" s="H" t="H" l="H"/>
		<a id="50" s="H" t="H" l="H"/>
		<a id="51" s="H" t="H" l="H"/>
		<a id="52" s="H" t="H" l="H"/>
		<a id="53" s="H" t="H" l="H"/>
	</atoms>
	<bonds>
		<b id="1" c="1 2" t="1"/>
		<b id="2" c="2 3" t="ar"/>
		<b id="3" c="3 4" t="ar"/>
		<b id="4" c="4 5" t="1"/>
		<b id="5" c="5 6" t="1"/>
		<b id="6" c="6 7" t="1"/>
		<b id="7" c="7 8" t="1"/>
		<b id="8" c="5 8" t="1"/>
		<b id="9" c="4 9" t="ar"/>
		<b id="10" c="9 10" t="1"/>
		<b id="11" c="10 11" t="ar"/>
		<b id="12" c="11 12" t="ar"/>
		<b id="13" c="12 13" t="ar"/>
		<b id="14" c="13 14" t="ar"/>
		<b id="15" c="14 15" t="1"/>
		<b id="16" c="14 16" t="ar"/>
		<b id="17" c="10 16" t="ar"/>
		<b id="18" c="9 17" t="ar"/>
		<b id="19" c="2 17" t="ar"/>
		<b id="20" c="17 18" t="1"/>
		<b id="21" c="18 19" t="1"/>
		<b id="22" c="19 20" t="1"/>
		<b id="23" c="20 21" t="1"/>
		<b id="24" c="21 22" t="1"/>
		<b id="25" c="22 23" t="1"/>
		<b id="26" c="22 24" t="1"/>
		<b id="27" c="22 25" t="1"/>
		<b id="28" c="1 26" t="1"/>
		<b id="29" c="1 27" t="1"/>
		<b id="30" c="1 28" t="1"/>
		<b id="31" c="5 29" t="1"/>
		<b id="32" c="6 30" t="1"/>
		<b id="33" c="6 31" t="1"/>
		<b id="34" c="7 32" t="1"/>
		<b id="35" c="7 33" t="1"/>
		<b id="36" c="8 34" t="1"/>
		<b id="37" c="8 35" t="1"/>
		<b id="38" c="11 36" t="1"/>
		<b id="39" c="12 37" t="1"/>
		<b id="40" c="16 38" t="1"/>
		<b id="41" c="18 39" t="1"/>
		<b id="42" c="18 40" t="1"/>
		<b id="43" c="20 41" t="1"/>
		<b id="44" c="20 42" t="1"/>
		<b id="45" c="21 43" t="1"/>
		<b id="46" c="21 44" t="1"/>
		<b id="47" c="23 45" t="1"/>
		<b id="48" c="23 46" t="1"/>
		<b id="49" c="23 47" t="1"/>
		<b id="50" c="24 48" t="1"/>
		<b id="51" c="24 49" t="1"/>
		<b id="52" c="24 50" t="1"/>
		<b id="53" c="25 51" t="1"/>
		<b id="54" c="25 52" t="1"/>
		<b id="55" c="25 53" t="1"/>
	</bonds>
	<geometry>
		<g u="A" t="cart/3d">#53,3:1.2666,-0.0451,-1.3079;2.6656,-0.1549,-0.8350;3.3310,-1.2709,-0.7050;4.5568,-0.9472,-0.2128;5.5774,-1.9857,0.0687;5.4463,-3.2981,-0.7271;5.5380,-4.0973,0.5797;5.3688,-2.7953,1.3728;4.6405,0.4228,-0.0509;5.7519,1.2295,0.4014;6.5158,0.8243,1.5036;7.5519,1.6293,1.9316;7.8694,2.7799,1.3558;7.1719,3.1423,0.3002;7.6340,4.6308,-0.4359;6.1182,2.4187,-0.2352;3.4186,0.9264,-0.4796;2.8821,2.2446,-0.2438;1.9880,2.2671,0.8292;2.5528,1.9780,2.1057;3.5160,3.0351,2.6218;4.0676,2.7391,4.4344;4.5655,0.9157,4.6957;5.5743,3.8605,4.7568;2.6232,3.1753,5.6021;0.8685,-1.0447,-1.4518;1.2238,0.4954,-2.2539;0.6622,0.4909,-0.5777;6.5772,-1.5500,0.0112;6.2258,-3.4838,-1.4626;4.4708,-3.3692,-1.2000;6.5125,-4.5581,0.7294;4.7652,-4.8469,0.7323;6.0951,-2.6178,2.1645;4.3642,-2.6714,1.7721;6.2760,-0.0929,2.0151;8.1599,1.3614,2.7850;5.6233,2.7592,-1.1307;2.2992,2.5600,-1.1158;3.7113,2.9439,-0.0863;3.0471,0.9990,2.0785;1.6823,1.9062,2.7590;3.0351,4.0095,2.5339;4.4037,3.0636,1.9895;5.4306,0.6544,4.0946;3.7607,0.2357,4.4329;4.8230,0.7293,5.7341;6.3721,3.6684,4.0448;5.9773,3.7001,5.7515;5.3125,4.9112,4.6770;1.7632,2.5351,5.4299;2.2991,4.2027,5.4669;2.9124,3.0587,6.6419;</g>
	</geometry>
	<conformers/>
	<properties/>
</molecule>
