<?xml version="1.0" ?>
<!--MOLLI PACKAGE EXPERIMENTAL XML FORMAT-->
<molecule name="el2578">
	<atoms>
		<a id="1" s="C" t="C.3" l="C"/>
		<a id="2" s="C" t="C.ar" l="C"/>
		<a id="3" s="C" t="C.ar" l="C"/>
		<a id="4" s="N" t="N.ar" l="N"/>
		<a id="5" s="C" t="C.ar" l="C"/>
		<a id="6" s="Cl" t="Cl" l="CL"/>
		<a id="7" s="N" t="N.ar" l="N"/>
		<a id="8" s="C" t="C.ar" l="C"/>
		<a id="9" s="C" t="C.ar" l="C"/>
		<a id="10" s="C" t="C.ar" l="C"/>
		<a id="11" s="N" t="N.ar" l="N"/>
		<a id="12" s="C" t="C.3" l="C"/>
		<a id="13" s="O" t="O.3" l="O"/>
		<a id="14" s="C" t="C.3" l="C"/>
		<a id="15" s="C" t="C.3" l="C"/>
		<a id="16" s="Si" t="Si" l="SI"/>
		<a id="17" s="C" t="C.3" l="C"/>
		<a id="18" s="C" t="C.3" l="C"/>
		<a id="19" s="C" t="C.3" l="C"/>
		<a id="20" s="C" t="C.ar" l="C"/>
		<a id="21" s="C" t="C.ar" l="C"/>
		<a id="22" s="N" t="N.pl3" l="N"/>
		<a id="23" s="O" t="O.2" l="O"/>
		<a id="24" s="O" t="O.co2" l="O"/>
		<a id="25" s="C" t="C.ar" l="C"/>
		<a id="26" s="C" t="C.ar" l="C"/>
		<a id="27" s="C" t="C.ar" l="C"/>
		<a id="28" s="C" t="C.ar" l="C"/>
		<a id="29" s="H" t="H" l="H"/>
		<a id="30" s="H" t="H" l="H"/>
		<a id="31" s="H" t="H" l="H"/>
		<a id="32" s="H" t="H" l="H"/>
		<a id="33" s="H" t="H" l="H"/>
		<a id="34" s="H" t="H" l="H"/>
		<a id="35" s="H" t="H" l="H"/>
		<a id="36" s="H" t="H" l="H"/>
		<a id="37" s="H" t="H" l="H"/>
		<a id="38" s="H" t="H" l="H"/>
		<a id="39" s="H" t="H" l="H"/>
		<a id="40" s="H" t="H" l="H"/>
		<a id="41" s="H" t="H" l="H"/>
		<a id="42" s="H" t="H" l="H"/>
		<a id="43" s="H" t="H" l="H"/>
		<a id="44" s="H" t="H" l="H"/>
		<a id="45" s="H" t="H" l="H"/>
		<a id="46" s="H" t="H" l="H"/>
		<a id="47" s="H" t="H" l="H"/>
		<a id="48" s="H" t="H" l="H"/>
		<a id="49" s="H" t="H" l="H"/>
		<a id="50" s="H" t="H" l="H"/>
		<a id="51" s="H" t="H" l="H"/>
	</atoms>
	<bonds>
		<b id="1" c="1 2" t="1"/>
		<b id="2" c="2 3" t="ar"/>
		<b id="3" c="3 4" t="ar"/>
		<b id="4" c="4 5" t="ar"/>
		<b id="5" c="5 6" t="1"/>
		<b id="6" c="5 7" t="ar"/>
		<b id="7" c="7 8" t="ar"/>
		<b id="8" c="2 8" t="ar"/>
		<b id="9" c="8 9" t="1"/>
		<b id="10" c="9 10" t="ar"/>
		<b id="11" c="10 11" t="ar"/>
		<b id="12" c="11 12" t="1"/>
		<b id="13" c="12 13" t="1"/>
		<b id="14" c="13 14" t="1"/>
		<b id="15" c="14 15" t="1"/>
		<b id="16" c="15 16" t="1"/>
		<b id="17" c="16 17" t="1"/>
		<b id="18" c="16 18" t="1"/>
		<b id="19" c="16 19" t="1"/>
		<b id="20" c="11 20" t="ar"/>
		<b id="21" c="20 21" t="ar"/>
		<b id="22" c="21 22" t="1"/>
		<b id="23" c="22 23" t="2"/>
		<b id="24" c="22 24" t="1"/>
		<b id="25" c="21 25" t="ar"/>
		<b id="26" c="25 26" t="ar"/>
		<b id="27" c="26 27" t="ar"/>
		<b id="28" c="27 28" t="ar"/>
		<b id="29" c="9 28" t="ar"/>
		<b id="30" c="20 28" t="ar"/>
		<b id="31" c="1 29" t="1"/>
		<b id="32" c="1 30" t="1"/>
		<b id="33" c="1 31" t="1"/>
		<b id="34" c="3 32" t="1"/>
		<b id="35" c="10 33" t="1"/>
		<b id="36" c="12 34" t="1"/>
		<b id="37" c="12 35" t="1"/>
		<b id="38" c="14 36" t="1"/>
		<b id="39" c="14 37" t="1"/>
		<b id="40" c="15 38" t="1"/>
		<b id="41" c="15 39" t="1"/>
		<b id="42" c="17 40" t="1"/>
		<b id="43" c="17 41" t="1"/>
		<b id="44" c="17 42" t="1"/>
		<b id="45" c="18 43" t="1"/>
		<b id="46" c="18 44" t="1"/>
		<b id="47" c="18 45" t="1"/>
		<b id="48" c="19 46" t="1"/>
		<b id="49" c="19 47" t="1"/>
		<b id="50" c="19 48" t="1"/>
		<b id="51" c="25 49" t="1"/>
		<b id="52" c="26 50" t="1"/>
		<b id="53" c="27 51" t="1"/>
	</bonds>
	<geometry>
		<g u="A" t="cart/3d">#51,3:4.5859,0.6669,2.0335;4.4079,0.9800,0.5848;5.5097,0.9908,-0.2612;5.4500,1.2836,-1.5515;4.2513,1.5924,-2.0020;4.1378,2.0067,-3.6574;3.1333,1.6182,-1.3201;3.1749,1.3016,-0.0209;1.8952,1.3406,0.6559;1.5138,0.7438,1.8334;0.2111,1.0152,2.1145;-0.4329,0.6143,3.3407;0.5371,0.1233,4.2115;-0.0148,-0.3667,5.4244;1.1115,-0.8607,6.3085;0.4906,-1.5936,7.9695;-0.6313,-0.3264,8.8504;-0.4819,-3.1981,7.6224;2.0228,-1.9701,9.0399;-0.3062,1.7908,1.1158;-1.5664,2.3688,0.9131;-2.7249,2.0597,1.6907;-2.8452,0.9156,2.0966;-3.5432,2.9383,1.8674;-1.7419,3.2285,-0.1658;-0.7160,3.4722,-1.0679;0.5172,2.8679,-0.9178;0.7321,2.0368,0.1763;5.6351,0.7609,2.3059;4.2739,-0.3553,2.2440;3.9967,1.3415,2.6504;6.4992,0.7559,0.1105;2.0538,0.1119,2.5064;-1.2037,-0.1498,3.1348;-0.9395,1.4927,3.7836;-0.7205,-1.1781,5.1980;-0.5725,0.4396,5.9206;1.7931,-0.0295,6.4882;1.6755,-1.6102,5.7534;-1.5430,-0.1450,8.2887;-0.1288,0.6282,8.9802;-0.9225,-0.6770,9.8359;-1.3796,-3.0037,7.0429;-0.7904,-3.6787,8.5461;0.1182,-3.9140,7.0677;2.5826,-1.0680,9.2671;2.6989,-2.6576,8.5407;1.7358,-2.4223,9.9837;-2.7144,3.6767,-0.3024;-0.8967,4.1288,-1.9043;1.3119,3.0242,-1.6279;</g>
	</geometry>
	<conformers/>
	<properties/>
</molecule>
