<?xml version="1.0" ?>
<!--MOLLI PACKAGE EXPERIMENTAL XML FORMAT-->
<molecule name="el2418">
	<atoms>
		<a id="1" s="O" t="O.2" l="O"/>
		<a id="2" s="C" t="C.2" l="C"/>
		<a id="3" s="N" t="N.am" l="N"/>
		<a id="4" s="C" t="C.ar" l="C"/>
		<a id="5" s="C" t="C.ar" l="C"/>
		<a id="6" s="C" t="C.ar" l="C"/>
		<a id="7" s="C" t="C.ar" l="C"/>
		<a id="8" s="F" t="F" l="F"/>
		<a id="9" s="C" t="C.ar" l="C"/>
		<a id="10" s="C" t="C.ar" l="C"/>
		<a id="11" s="C" t="C.3" l="C"/>
		<a id="12" s="C" t="C.2" l="C"/>
		<a id="13" s="O" t="O.2" l="O"/>
		<a id="14" s="N" t="N.am" l="N"/>
		<a id="15" s="C" t="C.ar" l="C"/>
		<a id="16" s="C" t="C.ar" l="C"/>
		<a id="17" s="C" t="C.ar" l="C"/>
		<a id="18" s="C" t="C.ar" l="C"/>
		<a id="19" s="O" t="O.3" l="O"/>
		<a id="20" s="C" t="C.ar" l="C"/>
		<a id="21" s="C" t="C.ar" l="C"/>
		<a id="22" s="C" t="C.ar" l="C"/>
		<a id="23" s="N" t="N.ar" l="N"/>
		<a id="24" s="C" t="C.ar" l="C"/>
		<a id="25" s="Cl" t="Cl" l="CL"/>
		<a id="26" s="C" t="C.ar" l="C"/>
		<a id="27" s="C" t="C.ar" l="C"/>
		<a id="28" s="F" t="F" l="F"/>
		<a id="29" s="C" t="C.ar" l="C"/>
		<a id="30" s="C" t="C.3" l="C"/>
		<a id="31" s="C" t="C.3" l="C"/>
		<a id="32" s="H" t="H" l="H"/>
		<a id="33" s="H" t="H" l="H"/>
		<a id="34" s="H" t="H" l="H"/>
		<a id="35" s="H" t="H" l="H"/>
		<a id="36" s="H" t="H" l="H"/>
		<a id="37" s="H" t="H" l="H"/>
		<a id="38" s="H" t="H" l="H"/>
		<a id="39" s="H" t="H" l="H"/>
		<a id="40" s="H" t="H" l="H"/>
		<a id="41" s="H" t="H" l="H"/>
		<a id="42" s="H" t="H" l="H"/>
		<a id="43" s="H" t="H" l="H"/>
		<a id="44" s="H" t="H" l="H"/>
		<a id="45" s="H" t="H" l="H"/>
		<a id="46" s="H" t="H" l="H"/>
		<a id="47" s="H" t="H" l="H"/>
	</atoms>
	<bonds>
		<b id="1" c="1 2" t="2"/>
		<b id="2" c="2 3" t="am"/>
		<b id="3" c="3 4" t="1"/>
		<b id="4" c="4 5" t="ar"/>
		<b id="5" c="5 6" t="ar"/>
		<b id="6" c="6 7" t="ar"/>
		<b id="7" c="7 8" t="1"/>
		<b id="8" c="7 9" t="ar"/>
		<b id="9" c="9 10" t="ar"/>
		<b id="10" c="4 10" t="ar"/>
		<b id="11" c="2 11" t="1"/>
		<b id="12" c="11 12" t="1"/>
		<b id="13" c="12 13" t="2"/>
		<b id="14" c="12 14" t="am"/>
		<b id="15" c="14 15" t="1"/>
		<b id="16" c="15 16" t="ar"/>
		<b id="17" c="16 17" t="ar"/>
		<b id="18" c="17 18" t="ar"/>
		<b id="19" c="18 19" t="1"/>
		<b id="20" c="19 20" t="1"/>
		<b id="21" c="20 21" t="ar"/>
		<b id="22" c="21 22" t="ar"/>
		<b id="23" c="22 23" t="ar"/>
		<b id="24" c="23 24" t="ar"/>
		<b id="25" c="24 25" t="1"/>
		<b id="26" c="24 26" t="ar"/>
		<b id="27" c="20 26" t="ar"/>
		<b id="28" c="18 27" t="ar"/>
		<b id="29" c="27 28" t="1"/>
		<b id="30" c="27 29" t="ar"/>
		<b id="31" c="15 29" t="ar"/>
		<b id="32" c="11 30" t="1"/>
		<b id="33" c="30 31" t="1"/>
		<b id="34" c="11 31" t="1"/>
		<b id="35" c="3 32" t="1"/>
		<b id="36" c="5 33" t="1"/>
		<b id="37" c="6 34" t="1"/>
		<b id="38" c="9 35" t="1"/>
		<b id="39" c="10 36" t="1"/>
		<b id="40" c="14 37" t="1"/>
		<b id="41" c="16 38" t="1"/>
		<b id="42" c="17 39" t="1"/>
		<b id="43" c="21 40" t="1"/>
		<b id="44" c="22 41" t="1"/>
		<b id="45" c="26 42" t="1"/>
		<b id="46" c="29 43" t="1"/>
		<b id="47" c="30 44" t="1"/>
		<b id="48" c="30 45" t="1"/>
		<b id="49" c="31 46" t="1"/>
		<b id="50" c="31 47" t="1"/>
	</bonds>
	<geometry>
		<g u="A" t="cart/3d">#47,3:2.8762,-3.1300,0.3688;2.3994,-2.0167,0.3950;1.2266,-1.6304,-0.1575;0.2891,-2.4057,-0.8443;0.5002,-3.7460,-1.1582;-0.4652,-4.4545,-1.8491;-1.6337,-3.8175,-2.2230;-2.5762,-4.5100,-2.8985;-1.8641,-2.4863,-1.9235;-0.8974,-1.7837,-1.2326;3.1389,-0.8573,1.0547;2.2707,0.0372,1.8916;1.3148,0.6234,1.4132;2.6308,0.0937,3.2002;2.0534,0.8294,4.2364;0.9785,1.6949,4.0508;0.4695,2.4075,5.1186;1.0073,2.2799,6.3933;0.4230,2.9559,7.4361;1.1939,3.6669,8.2991;0.6346,4.0008,9.5347;1.3870,4.7623,10.4054;2.6087,5.1944,10.1335;3.1185,4.8804,8.9635;4.6988,5.4725,8.6417;2.4710,4.1266,7.9954;2.0709,1.3938,6.5676;2.6035,1.2174,7.7934;2.5972,0.6814,5.5112;4.2002,-0.2219,0.1814;4.5961,-1.0781,1.3404;0.9473,-0.6664,0.0172;1.4153,-4.2274,-0.8575;-0.3171,-5.4931,-2.0983;-2.7860,-2.0178,-2.2291;-1.0589,-0.7442,-0.9871;3.3980,-0.5032,3.4804;0.5481,1.8089,3.0708;-0.3629,3.0784,4.9799;-0.3566,3.6610,9.7834;1.0052,5.0443,11.3762;2.9457,3.9183,7.0499;3.4210,0.0096,5.6981;4.3324,0.8474,0.2580;4.3229,-0.6090,-0.8187;5.0597,-0.5991,2.1902;4.9717,-2.0689,1.1314;</g>
	</geometry>
	<conformers/>
	<properties/>
</molecule>
