<?xml version="1.0" ?>
<!--MOLLI PACKAGE EXPERIMENTAL XML FORMAT-->
<molecule name="el2584">
	<atoms>
		<a id="1" s="F" t="F" l="F"/>
		<a id="2" s="C" t="C.ar" l="C"/>
		<a id="3" s="C" t="C.ar" l="C"/>
		<a id="4" s="C" t="C.ar" l="C"/>
		<a id="5" s="C" t="C.ar" l="C"/>
		<a id="6" s="C" t="C.ar" l="C"/>
		<a id="7" s="C" t="C.ar" l="C"/>
		<a id="8" s="Cl" t="Cl" l="CL"/>
		<a id="9" s="H" t="H" l="H"/>
		<a id="10" s="H" t="H" l="H"/>
		<a id="11" s="H" t="H" l="H"/>
		<a id="12" s="H" t="H" l="H"/>
	</atoms>
	<bonds>
		<b id="1" c="1 2" t="1"/>
		<b id="2" c="2 3" t="ar"/>
		<b id="3" c="3 4" t="ar"/>
		<b id="4" c="4 5" t="ar"/>
		<b id="5" c="5 6" t="ar"/>
		<b id="6" c="6 7" t="ar"/>
		<b id="7" c="2 7" t="ar"/>
		<b id="8" c="7 8" t="1"/>
		<b id="9" c="3 9" t="1"/>
		<b id="10" c="4 10" t="1"/>
		<b id="11" c="5 11" t="1"/>
		<b id="12" c="6 12" t="1"/>
	</bonds>
	<geometry>
		<g u="A" t="cart/3d">#12,3:0.4640,-1.9723,-0.0009;-0.3057,-0.8703,-0.0001;-1.6811,-1.0138,0.0061;-2.4808,0.1156,0.0070;-1.9027,1.3741,0.0016;-0.5255,1.5129,-0.0047;0.2855,0.3880,-0.0056;2.0045,0.5439,-0.0131;-2.1031,-2.0063,0.0104;-3.5544,0.0102,0.0125;-2.5249,2.2554,0.0031;-0.0697,2.4902,-0.0084;</g>
	</geometry>
	<conformers/>
	<properties/>
</molecule>
