<?xml version="1.0" ?>
<!--MOLLI PACKAGE EXPERIMENTAL XML FORMAT-->
<molecule name="el2586">
	<atoms>
		<a id="1" s="C" t="C.3" l="C"/>
		<a id="2" s="N" t="N.am" l="N"/>
		<a id="3" s="C" t="C.3" l="C"/>
		<a id="4" s="C" t="C.3" l="C"/>
		<a id="5" s="N" t="N.pl3" l="N"/>
		<a id="6" s="C" t="C.ar" l="C"/>
		<a id="7" s="N" t="N.ar" l="N"/>
		<a id="8" s="C" t="C.ar" l="C"/>
		<a id="9" s="N" t="N.ar" l="N"/>
		<a id="10" s="C" t="C.ar" l="C"/>
		<a id="11" s="C" t="C.ar" l="C"/>
		<a id="12" s="C" t="C.ar" l="C"/>
		<a id="13" s="Cl" t="Cl" l="CL"/>
		<a id="14" s="C" t="C.ar" l="C"/>
		<a id="15" s="C" t="C.ar" l="C"/>
		<a id="16" s="C" t="C.ar" l="C"/>
		<a id="17" s="C" t="C.3" l="C"/>
		<a id="18" s="C" t="C.2" l="C"/>
		<a id="19" s="O" t="O.2" l="O"/>
		<a id="20" s="H" t="H" l="H"/>
		<a id="21" s="H" t="H" l="H"/>
		<a id="22" s="H" t="H" l="H"/>
		<a id="23" s="H" t="H" l="H"/>
		<a id="24" s="H" t="H" l="H"/>
		<a id="25" s="H" t="H" l="H"/>
		<a id="26" s="H" t="H" l="H"/>
		<a id="27" s="H" t="H" l="H"/>
		<a id="28" s="H" t="H" l="H"/>
		<a id="29" s="H" t="H" l="H"/>
		<a id="30" s="H" t="H" l="H"/>
		<a id="31" s="H" t="H" l="H"/>
		<a id="32" s="H" t="H" l="H"/>
	</atoms>
	<bonds>
		<b id="1" c="1 2" t="1"/>
		<b id="2" c="2 3" t="1"/>
		<b id="3" c="3 4" t="1"/>
		<b id="4" c="4 5" t="1"/>
		<b id="5" c="5 6" t="1"/>
		<b id="6" c="6 7" t="ar"/>
		<b id="7" c="7 8" t="ar"/>
		<b id="8" c="8 9" t="ar"/>
		<b id="9" c="9 10" t="ar"/>
		<b id="10" c="10 11" t="ar"/>
		<b id="11" c="11 12" t="ar"/>
		<b id="12" c="12 13" t="1"/>
		<b id="13" c="12 14" t="ar"/>
		<b id="14" c="14 15" t="ar"/>
		<b id="15" c="15 16" t="ar"/>
		<b id="16" c="6 16" t="ar"/>
		<b id="17" c="10 16" t="ar"/>
		<b id="18" c="5 17" t="1"/>
		<b id="19" c="17 18" t="1"/>
		<b id="20" c="2 18" t="am"/>
		<b id="21" c="18 19" t="2"/>
		<b id="22" c="1 20" t="1"/>
		<b id="23" c="1 21" t="1"/>
		<b id="24" c="1 22" t="1"/>
		<b id="25" c="3 23" t="1"/>
		<b id="26" c="3 24" t="1"/>
		<b id="27" c="4 25" t="1"/>
		<b id="28" c="4 26" t="1"/>
		<b id="29" c="8 27" t="1"/>
		<b id="30" c="11 28" t="1"/>
		<b id="31" c="14 29" t="1"/>
		<b id="32" c="15 30" t="1"/>
		<b id="33" c="17 31" t="1"/>
		<b id="34" c="17 32" t="1"/>
	</bonds>
	<geometry>
		<g u="A" t="cart/3d">#32,3:1.7470,-0.0661,1.0967;2.7699,-0.0376,0.0764;3.6679,1.0964,0.0893;4.2728,1.2871,-1.2952;4.9380,0.0686,-1.6970;6.2610,-0.0704,-1.4172;6.8131,0.8894,-0.6857;8.0779,0.7382,-0.3011;8.8523,-0.2828,-0.5230;8.3718,-1.2305,-1.3599;9.2201,-2.2932,-1.7214;8.8027,-3.2026,-2.6557;9.8337,-4.5100,-3.1118;7.5587,-3.0742,-3.2880;6.7078,-2.0638,-2.9235;7.0638,-1.1511,-1.9156;4.0244,-1.0400,-1.8079;2.8796,-1.0657,-0.7847;2.1112,-2.0079,-0.7954;1.0833,0.7943,0.9903;2.2014,-0.0477,2.0892;1.1745,-0.9834,0.9746;4.4753,0.9417,0.8166;3.1012,1.9840,0.3847;5.0006,2.0969,-1.2821;3.4842,1.4963,-2.0249;8.4810,1.5445,0.2993;10.1960,-2.3442,-1.2677;7.2838,-3.7700,-4.0647;5.7782,-1.9473,-3.4569;4.5506,-1.9875,-1.6779;3.5467,-1.0503,-2.7972;</g>
	</geometry>
	<conformers/>
	<properties/>
</molecule>
