<?xml version="1.0" ?>
<!--MOLLI PACKAGE EXPERIMENTAL XML FORMAT-->
<molecule name="el2590">
	<atoms>
		<a id="1" s="C" t="C.3" l="C"/>
		<a id="2" s="C" t="C.3" l="C"/>
		<a id="3" s="C" t="C.3" l="C"/>
		<a id="4" s="C" t="C.3" l="C"/>
		<a id="5" s="C" t="C.3" l="C"/>
		<a id="6" s="C" t="C.3" l="C"/>
		<a id="7" s="C" t="C.3" l="C"/>
		<a id="8" s="O" t="O.3" l="O"/>
		<a id="9" s="C" t="C.ar" l="C"/>
		<a id="10" s="C" t="C.ar" l="C"/>
		<a id="11" s="C" t="C.ar" l="C"/>
		<a id="12" s="N" t="N.ar" l="N"/>
		<a id="13" s="C" t="C.ar" l="C"/>
		<a id="14" s="C" t="C.3" l="C"/>
		<a id="15" s="C" t="C.ar" l="C"/>
		<a id="16" s="C" t="C.ar" l="C"/>
		<a id="17" s="Cl" t="Cl" l="CL"/>
		<a id="18" s="C" t="C.ar" l="C"/>
		<a id="19" s="C" t="C.ar" l="C"/>
		<a id="20" s="C" t="C.ar" l="C"/>
		<a id="21" s="O" t="O.3" l="O"/>
		<a id="22" s="C" t="C.3" l="C"/>
		<a id="23" s="H" t="H" l="H"/>
		<a id="24" s="H" t="H" l="H"/>
		<a id="25" s="H" t="H" l="H"/>
		<a id="26" s="H" t="H" l="H"/>
		<a id="27" s="H" t="H" l="H"/>
		<a id="28" s="H" t="H" l="H"/>
		<a id="29" s="H" t="H" l="H"/>
		<a id="30" s="H" t="H" l="H"/>
		<a id="31" s="H" t="H" l="H"/>
		<a id="32" s="H" t="H" l="H"/>
		<a id="33" s="H" t="H" l="H"/>
		<a id="34" s="H" t="H" l="H"/>
		<a id="35" s="H" t="H" l="H"/>
		<a id="36" s="H" t="H" l="H"/>
		<a id="37" s="H" t="H" l="H"/>
		<a id="38" s="H" t="H" l="H"/>
		<a id="39" s="H" t="H" l="H"/>
		<a id="40" s="H" t="H" l="H"/>
		<a id="41" s="H" t="H" l="H"/>
		<a id="42" s="H" t="H" l="H"/>
		<a id="43" s="H" t="H" l="H"/>
		<a id="44" s="H" t="H" l="H"/>
		<a id="45" s="H" t="H" l="H"/>
		<a id="46" s="H" t="H" l="H"/>
	</atoms>
	<bonds>
		<b id="1" c="1 2" t="1"/>
		<b id="2" c="2 3" t="1"/>
		<b id="3" c="3 4" t="1"/>
		<b id="4" c="4 5" t="1"/>
		<b id="5" c="5 6" t="1"/>
		<b id="6" c="6 7" t="1"/>
		<b id="7" c="7 8" t="1"/>
		<b id="8" c="8 9" t="1"/>
		<b id="9" c="9 10" t="ar"/>
		<b id="10" c="10 11" t="ar"/>
		<b id="11" c="11 12" t="ar"/>
		<b id="12" c="12 13" t="ar"/>
		<b id="13" c="13 14" t="1"/>
		<b id="14" c="13 15" t="ar"/>
		<b id="15" c="15 16" t="ar"/>
		<b id="16" c="16 17" t="1"/>
		<b id="17" c="16 18" t="ar"/>
		<b id="18" c="11 18" t="ar"/>
		<b id="19" c="18 19" t="ar"/>
		<b id="20" c="19 20" t="ar"/>
		<b id="21" c="9 20" t="ar"/>
		<b id="22" c="20 21" t="1"/>
		<b id="23" c="21 22" t="1"/>
		<b id="24" c="1 23" t="1"/>
		<b id="25" c="1 24" t="1"/>
		<b id="26" c="1 25" t="1"/>
		<b id="27" c="2 26" t="1"/>
		<b id="28" c="2 27" t="1"/>
		<b id="29" c="3 28" t="1"/>
		<b id="30" c="3 29" t="1"/>
		<b id="31" c="4 30" t="1"/>
		<b id="32" c="4 31" t="1"/>
		<b id="33" c="5 32" t="1"/>
		<b id="34" c="5 33" t="1"/>
		<b id="35" c="6 34" t="1"/>
		<b id="36" c="6 35" t="1"/>
		<b id="37" c="7 36" t="1"/>
		<b id="38" c="7 37" t="1"/>
		<b id="39" c="10 38" t="1"/>
		<b id="40" c="14 39" t="1"/>
		<b id="41" c="14 40" t="1"/>
		<b id="42" c="14 41" t="1"/>
		<b id="43" c="15 42" t="1"/>
		<b id="44" c="19 43" t="1"/>
		<b id="45" c="22 44" t="1"/>
		<b id="46" c="22 45" t="1"/>
		<b id="47" c="22 46" t="1"/>
	</bonds>
	<geometry>
		<g u="A" t="cart/3d">#46,3:9.9428,-1.4873,4.3257;9.2706,-0.8065,3.1397;9.9441,-1.1701,1.8185;9.2868,-0.4741,0.6291;9.9467,-0.8528,-0.6948;9.3092,-0.1194,-1.8710;9.9447,-0.5138,-3.1998;9.3049,0.2331,-4.2151;9.6878,0.0511,-5.4972;10.6588,-0.8137,-5.9274;10.9783,-0.9296,-7.2965;11.9378,-1.7986,-7.6549;12.2505,-1.9263,-8.9184;13.3235,-2.9073,-9.2718;11.6187,-1.1824,-9.9364;10.6397,-0.2918,-9.5862;9.8478,0.6353,-10.8172;10.2749,-0.1274,-8.2359;9.2803,0.7615,-7.7814;8.9818,0.8597,-6.4496;8.0454,1.6795,-5.9109;7.3072,2.5065,-6.7766;9.4463,-1.2187,5.2549;10.9857,-1.1877,4.3955;9.9055,-2.5683,4.2167;9.3059,0.2770,3.2757;8.2191,-1.1001,3.1007;9.8965,-2.2527,1.6764;10.9994,-0.8895,1.8632;9.3484,0.6080,0.7657;8.2283,-0.7418,0.5935;9.8586,-1.9310,-0.8476;11.0114,-0.6118,-0.6507;9.4170,0.9586,-1.7422;8.2421,-0.3419,-1.9172;9.8130,-1.5895,-3.3807;11.0209,-0.2921,-3.1890;11.2130,-1.4364,-5.2458;13.6955,-3.3787,-8.3676;14.1436,-2.4026,-9.7796;12.9303,-3.6707,-9.9409;11.9071,-1.3189,-10.9665;8.7636,1.3591,-8.5147;6.6237,3.0639,-6.1386;6.7316,1.9195,-7.4997;7.9556,3.2067,-7.3133;</g>
	</geometry>
	<conformers/>
	<properties/>
</molecule>
