<?xml version="1.0" ?>
<!--MOLLI PACKAGE EXPERIMENTAL XML FORMAT-->
<molecule name="el2592">
	<atoms>
		<a id="1" s="F" t="F" l="F"/>
		<a id="2" s="C" t="C.3" l="C"/>
		<a id="3" s="F" t="F" l="F"/>
		<a id="4" s="F" t="F" l="F"/>
		<a id="5" s="C" t="C.ar" l="C"/>
		<a id="6" s="C" t="C.ar" l="C"/>
		<a id="7" s="C" t="C.ar" l="C"/>
		<a id="8" s="C" t="C.ar" l="C"/>
		<a id="9" s="C" t="C.ar" l="C"/>
		<a id="10" s="N" t="N.pl3" l="N"/>
		<a id="11" s="C" t="C.ar" l="C"/>
		<a id="12" s="N" t="N.ar" l="N"/>
		<a id="13" s="C" t="C.ar" l="C"/>
		<a id="14" s="Cl" t="Cl" l="CL"/>
		<a id="15" s="N" t="N.ar" l="N"/>
		<a id="16" s="C" t="C.ar" l="C"/>
		<a id="17" s="C" t="C.ar" l="C"/>
		<a id="18" s="N" t="N.ar" l="N"/>
		<a id="19" s="C" t="C.ar" l="C"/>
		<a id="20" s="N" t="N.ar" l="N"/>
		<a id="21" s="C" t="C.3" l="C"/>
		<a id="22" s="C" t="C.3" l="C"/>
		<a id="23" s="C" t="C.3" l="C"/>
		<a id="24" s="C" t="C.3" l="C"/>
		<a id="25" s="C" t="C.ar" l="C"/>
		<a id="26" s="H" t="H" l="H"/>
		<a id="27" s="H" t="H" l="H"/>
		<a id="28" s="H" t="H" l="H"/>
		<a id="29" s="H" t="H" l="H"/>
		<a id="30" s="H" t="H" l="H"/>
		<a id="31" s="H" t="H" l="H"/>
		<a id="32" s="H" t="H" l="H"/>
		<a id="33" s="H" t="H" l="H"/>
		<a id="34" s="H" t="H" l="H"/>
		<a id="35" s="H" t="H" l="H"/>
		<a id="36" s="H" t="H" l="H"/>
		<a id="37" s="H" t="H" l="H"/>
		<a id="38" s="H" t="H" l="H"/>
	</atoms>
	<bonds>
		<b id="1" c="1 2" t="1"/>
		<b id="2" c="2 3" t="1"/>
		<b id="3" c="2 4" t="1"/>
		<b id="4" c="2 5" t="1"/>
		<b id="5" c="5 6" t="ar"/>
		<b id="6" c="6 7" t="ar"/>
		<b id="7" c="7 8" t="ar"/>
		<b id="8" c="8 9" t="ar"/>
		<b id="9" c="9 10" t="1"/>
		<b id="10" c="10 11" t="1"/>
		<b id="11" c="11 12" t="ar"/>
		<b id="12" c="12 13" t="ar"/>
		<b id="13" c="13 14" t="1"/>
		<b id="14" c="13 15" t="ar"/>
		<b id="15" c="15 16" t="ar"/>
		<b id="16" c="16 17" t="ar"/>
		<b id="17" c="11 17" t="ar"/>
		<b id="18" c="17 18" t="ar"/>
		<b id="19" c="18 19" t="ar"/>
		<b id="20" c="19 20" t="ar"/>
		<b id="21" c="16 20" t="ar"/>
		<b id="22" c="20 21" t="1"/>
		<b id="23" c="21 22" t="1"/>
		<b id="24" c="22 23" t="1"/>
		<b id="25" c="23 24" t="1"/>
		<b id="26" c="22 24" t="1"/>
		<b id="27" c="9 25" t="ar"/>
		<b id="28" c="5 25" t="ar"/>
		<b id="29" c="6 26" t="1"/>
		<b id="30" c="7 27" t="1"/>
		<b id="31" c="8 28" t="1"/>
		<b id="32" c="10 29" t="1"/>
		<b id="33" c="19 30" t="1"/>
		<b id="34" c="21 31" t="1"/>
		<b id="35" c="21 32" t="1"/>
		<b id="36" c="22 33" t="1"/>
		<b id="37" c="23 34" t="1"/>
		<b id="38" c="23 35" t="1"/>
		<b id="39" c="24 36" t="1"/>
		<b id="40" c="24 37" t="1"/>
		<b id="41" c="25 38" t="1"/>
	</bonds>
	<geometry>
		<g u="A" t="cart/3d">#38,3:1.4431,0.8645,1.3487;1.5130,-0.0767,0.3973;0.2871,-0.1588,-0.1478;2.3117,0.4248,-0.5677;2.0102,-1.3986,0.9081;2.8024,-1.4545,2.0468;3.2697,-2.6863,2.4736;2.9629,-3.8436,1.7837;2.1692,-3.7835,0.6379;1.8201,-4.9012,-0.1015;2.1351,-6.2051,0.0755;2.9122,-6.6256,1.0736;3.1740,-7.9171,1.1869;4.1811,-8.3327,2.4990;2.7698,-8.9153,0.4348;1.9936,-8.5073,-0.5721;1.6335,-7.1696,-0.8173;0.8272,-7.1097,-1.9228;0.7121,-8.3437,-2.3149;1.3883,-9.2433,-1.5408;1.4881,-10.6650,-1.7281;2.6315,-11.0740,-2.6438;3.9906,-10.4641,-2.4908;3.1618,-10.1541,-3.7009;1.6940,-2.5470,0.2010;3.0407,-0.5519,2.5864;3.8844,-2.7447,3.3582;3.3283,-4.8005,2.1160;1.2257,-4.7393,-0.9058;0.1303,-8.6485,-3.1629;0.5404,-11.0221,-2.1441;1.6388,-11.1134,-0.7413;2.5878,-12.1294,-2.8834;4.8533,-11.1016,-2.6046;4.1202,-9.6946,-1.7458;3.4524,-10.5812,-4.6485;2.7379,-9.1646,-3.7893;1.0764,-2.4816,-0.6830;</g>
	</geometry>
	<conformers/>
	<properties/>
</molecule>
