<?xml version="1.0" ?>
<!--MOLLI PACKAGE EXPERIMENTAL XML FORMAT-->
<molecule name="el2593">
	<atoms>
		<a id="1" s="N" t="N.1" l="N"/>
		<a id="2" s="C" t="C.1" l="C"/>
		<a id="3" s="C" t="C.ar" l="C"/>
		<a id="4" s="C" t="C.ar" l="C"/>
		<a id="5" s="C" t="C.ar" l="C"/>
		<a id="6" s="C" t="C.ar" l="C"/>
		<a id="7" s="N" t="N.pl3" l="N"/>
		<a id="8" s="C" t="C.ar" l="C"/>
		<a id="9" s="N" t="N.ar" l="N"/>
		<a id="10" s="C" t="C.ar" l="C"/>
		<a id="11" s="Cl" t="Cl" l="CL"/>
		<a id="12" s="N" t="N.ar" l="N"/>
		<a id="13" s="C" t="C.ar" l="C"/>
		<a id="14" s="C" t="C.ar" l="C"/>
		<a id="15" s="N" t="N.ar" l="N"/>
		<a id="16" s="C" t="C.ar" l="C"/>
		<a id="17" s="N" t="N.ar" l="N"/>
		<a id="18" s="C" t="C.3" l="C"/>
		<a id="19" s="C" t="C.3" l="C"/>
		<a id="20" s="C" t="C.3" l="C"/>
		<a id="21" s="C" t="C.3" l="C"/>
		<a id="22" s="C" t="C.ar" l="C"/>
		<a id="23" s="C" t="C.ar" l="C"/>
		<a id="24" s="H" t="H" l="H"/>
		<a id="25" s="H" t="H" l="H"/>
		<a id="26" s="H" t="H" l="H"/>
		<a id="27" s="H" t="H" l="H"/>
		<a id="28" s="H" t="H" l="H"/>
		<a id="29" s="H" t="H" l="H"/>
		<a id="30" s="H" t="H" l="H"/>
		<a id="31" s="H" t="H" l="H"/>
		<a id="32" s="H" t="H" l="H"/>
		<a id="33" s="H" t="H" l="H"/>
		<a id="34" s="H" t="H" l="H"/>
		<a id="35" s="H" t="H" l="H"/>
		<a id="36" s="H" t="H" l="H"/>
	</atoms>
	<bonds>
		<b id="1" c="1 2" t="3"/>
		<b id="2" c="2 3" t="1"/>
		<b id="3" c="3 4" t="ar"/>
		<b id="4" c="4 5" t="ar"/>
		<b id="5" c="5 6" t="ar"/>
		<b id="6" c="6 7" t="1"/>
		<b id="7" c="7 8" t="1"/>
		<b id="8" c="8 9" t="ar"/>
		<b id="9" c="9 10" t="ar"/>
		<b id="10" c="10 11" t="1"/>
		<b id="11" c="10 12" t="ar"/>
		<b id="12" c="12 13" t="ar"/>
		<b id="13" c="13 14" t="ar"/>
		<b id="14" c="8 14" t="ar"/>
		<b id="15" c="14 15" t="ar"/>
		<b id="16" c="15 16" t="ar"/>
		<b id="17" c="16 17" t="ar"/>
		<b id="18" c="13 17" t="ar"/>
		<b id="19" c="17 18" t="1"/>
		<b id="20" c="18 19" t="1"/>
		<b id="21" c="19 20" t="1"/>
		<b id="22" c="20 21" t="1"/>
		<b id="23" c="19 21" t="1"/>
		<b id="24" c="6 22" t="ar"/>
		<b id="25" c="22 23" t="ar"/>
		<b id="26" c="3 23" t="ar"/>
		<b id="27" c="4 24" t="1"/>
		<b id="28" c="5 25" t="1"/>
		<b id="29" c="7 26" t="1"/>
		<b id="30" c="16 27" t="1"/>
		<b id="31" c="18 28" t="1"/>
		<b id="32" c="18 29" t="1"/>
		<b id="33" c="19 30" t="1"/>
		<b id="34" c="20 31" t="1"/>
		<b id="35" c="20 32" t="1"/>
		<b id="36" c="21 33" t="1"/>
		<b id="37" c="21 34" t="1"/>
		<b id="38" c="22 35" t="1"/>
		<b id="39" c="23 36" t="1"/>
	</bonds>
	<geometry>
		<g u="A" t="cart/3d">#36,3:-1.8766,1.7499,-3.1646;-1.0001,1.3401,-2.5486;0.0760,0.8375,-1.7857;0.7272,-0.3352,-2.1729;1.7768,-0.8301,-1.4289;2.1942,-0.1578,-0.2792;3.2369,-0.6012,0.5170;4.0589,-1.6665,0.3815;3.9660,-2.5176,-0.6407;4.8070,-3.5352,-0.7116;4.5917,-4.5522,-2.0639;5.7750,-3.8711,0.1111;5.8761,-3.0292,1.1424;5.0574,-1.9033,1.3441;5.4384,-1.2620,2.4930;6.4294,-1.9675,2.9517;6.7508,-3.0492,2.1821;7.7626,-4.0385,2.4352;7.2771,-5.1874,3.3063;5.9798,-5.8735,3.0066;6.1154,-5.0327,4.2404;1.5408,1.0170,0.1069;0.4934,1.5126,-0.6364;0.4028,-0.8551,-3.0619;2.2836,-1.7332,-1.7231;3.4394,-0.0432,1.3384;6.9666,-1.7294,3.8490;8.6107,-3.5439,2.9198;8.0826,-4.4318,1.4653;8.0997,-5.8081,3.6394;5.9298,-6.9457,3.1150;5.3852,-5.4953,2.1895;6.1639,-5.5275,5.1984;5.5961,-4.0863,4.2739;1.8635,1.5385,0.9969;-0.0092,2.4203,-0.3370;</g>
	</geometry>
	<conformers/>
	<properties/>
</molecule>
