<?xml version="1.0" ?>
<!--MOLLI PACKAGE EXPERIMENTAL XML FORMAT-->
<molecule name="el2595">
	<atoms>
		<a id="1" s="C" t="C.3" l="C"/>
		<a id="2" s="C" t="C.3" l="C"/>
		<a id="3" s="C" t="C.3" l="C"/>
		<a id="4" s="C" t="C.3" l="C"/>
		<a id="5" s="C" t="C.3" l="C"/>
		<a id="6" s="C" t="C.3" l="C"/>
		<a id="7" s="N" t="N.ar" l="N"/>
		<a id="8" s="C" t="C.ar" l="C"/>
		<a id="9" s="N" t="N.ar" l="N"/>
		<a id="10" s="C" t="C.ar" l="C"/>
		<a id="11" s="C" t="C.ar" l="C"/>
		<a id="12" s="N" t="N.pl3" l="N"/>
		<a id="13" s="C" t="C.ar" l="C"/>
		<a id="14" s="C" t="C.ar" l="C"/>
		<a id="15" s="C" t="C.ar" l="C"/>
		<a id="16" s="C" t="C.ar" l="C"/>
		<a id="17" s="C" t="C.ar" l="C"/>
		<a id="18" s="F" t="F" l="F"/>
		<a id="19" s="C" t="C.ar" l="C"/>
		<a id="20" s="N" t="N.ar" l="N"/>
		<a id="21" s="C" t="C.ar" l="C"/>
		<a id="22" s="Cl" t="Cl" l="CL"/>
		<a id="23" s="N" t="N.ar" l="N"/>
		<a id="24" s="C" t="C.ar" l="C"/>
		<a id="25" s="H" t="H" l="H"/>
		<a id="26" s="H" t="H" l="H"/>
		<a id="27" s="H" t="H" l="H"/>
		<a id="28" s="H" t="H" l="H"/>
		<a id="29" s="H" t="H" l="H"/>
		<a id="30" s="H" t="H" l="H"/>
		<a id="31" s="H" t="H" l="H"/>
		<a id="32" s="H" t="H" l="H"/>
		<a id="33" s="H" t="H" l="H"/>
		<a id="34" s="H" t="H" l="H"/>
		<a id="35" s="H" t="H" l="H"/>
		<a id="36" s="H" t="H" l="H"/>
		<a id="37" s="H" t="H" l="H"/>
		<a id="38" s="H" t="H" l="H"/>
		<a id="39" s="H" t="H" l="H"/>
		<a id="40" s="H" t="H" l="H"/>
		<a id="41" s="H" t="H" l="H"/>
		<a id="42" s="H" t="H" l="H"/>
		<a id="43" s="H" t="H" l="H"/>
	</atoms>
	<bonds>
		<b id="1" c="1 2" t="1"/>
		<b id="2" c="2 3" t="1"/>
		<b id="3" c="3 4" t="1"/>
		<b id="4" c="4 5" t="1"/>
		<b id="5" c="5 6" t="1"/>
		<b id="6" c="6 7" t="1"/>
		<b id="7" c="7 8" t="ar"/>
		<b id="8" c="8 9" t="ar"/>
		<b id="9" c="9 10" t="ar"/>
		<b id="10" c="10 11" t="ar"/>
		<b id="11" c="11 12" t="1"/>
		<b id="12" c="12 13" t="1"/>
		<b id="13" c="13 14" t="ar"/>
		<b id="14" c="14 15" t="ar"/>
		<b id="15" c="15 16" t="ar"/>
		<b id="16" c="16 17" t="ar"/>
		<b id="17" c="17 18" t="1"/>
		<b id="18" c="17 19" t="ar"/>
		<b id="19" c="13 19" t="ar"/>
		<b id="20" c="11 20" t="ar"/>
		<b id="21" c="20 21" t="ar"/>
		<b id="22" c="21 22" t="1"/>
		<b id="23" c="21 23" t="ar"/>
		<b id="24" c="23 24" t="ar"/>
		<b id="25" c="10 24" t="ar"/>
		<b id="26" c="7 24" t="ar"/>
		<b id="27" c="1 25" t="1"/>
		<b id="28" c="1 26" t="1"/>
		<b id="29" c="1 27" t="1"/>
		<b id="30" c="2 28" t="1"/>
		<b id="31" c="2 29" t="1"/>
		<b id="32" c="3 30" t="1"/>
		<b id="33" c="3 31" t="1"/>
		<b id="34" c="4 32" t="1"/>
		<b id="35" c="4 33" t="1"/>
		<b id="36" c="5 34" t="1"/>
		<b id="37" c="5 35" t="1"/>
		<b id="38" c="6 36" t="1"/>
		<b id="39" c="6 37" t="1"/>
		<b id="40" c="8 38" t="1"/>
		<b id="41" c="12 39" t="1"/>
		<b id="42" c="14 40" t="1"/>
		<b id="43" c="15 41" t="1"/>
		<b id="44" c="16 42" t="1"/>
		<b id="45" c="19 43" t="1"/>
	</bonds>
	<geometry>
		<g u="A" t="cart/3d">#43,3:3.0933,-2.8607,5.6090;4.3309,-3.1110,4.7563;4.1085,-2.7121,3.2998;5.3586,-2.9349,2.4533;5.1215,-2.5960,0.9829;6.4155,-2.6493,0.1662;7.0307,-3.9489,0.2308;6.6613,-5.0940,-0.4129;7.3721,-6.1361,-0.0966;8.2764,-5.6744,0.8230;9.3199,-6.2754,1.5519;9.5716,-7.5937,1.3948;10.5466,-8.4024,1.9609;10.5608,-9.7516,1.6015;11.5097,-10.6073,2.1254;12.4630,-10.1423,3.0155;12.4319,-8.8037,3.3609;13.3538,-8.3369,4.2261;11.4965,-7.9210,2.8567;10.0220,-5.5036,2.3821;9.7167,-4.2214,2.4847;10.6853,-3.3379,3.5766;8.7778,-3.5381,1.8696;8.0656,-4.3012,1.0373;3.2726,-3.1593,6.6389;2.2461,-3.4283,5.2296;2.8299,-1.8053,5.5986;4.5959,-4.1699,4.8025;5.1720,-2.5430,5.1597;3.8242,-1.6584,3.2540;3.2815,-3.2960,2.8885;5.6671,-3.9795,2.5423;6.1743,-2.3195,2.8382;4.7110,-1.5880,0.9002;4.3926,-3.2913,0.5593;7.1406,-1.9398,0.5713;6.2133,-2.4056,-0.8812;5.8586,-5.1135,-1.1237;8.9471,-8.0441,0.7370;9.8223,-10.1242,0.9065;11.5088,-11.6472,1.8385;13.2134,-10.7923,3.4350;11.5017,-6.8855,3.1487;</g>
	</geometry>
	<conformers/>
	<properties/>
</molecule>
