<?xml version="1.0" ?>
<!--MOLLI PACKAGE EXPERIMENTAL XML FORMAT-->
<molecule name="el2402">
	<atoms>
		<a id="1" s="C" t="C.3" l="C"/>
		<a id="2" s="C" t="C.ar" l="C"/>
		<a id="3" s="C" t="C.ar" l="C"/>
		<a id="4" s="C" t="C.ar" l="C"/>
		<a id="5" s="C" t="C.ar" l="C"/>
		<a id="6" s="N" t="N.am" l="N"/>
		<a id="7" s="C" t="C.2" l="C"/>
		<a id="8" s="O" t="O.2" l="O"/>
		<a id="9" s="C" t="C.ar" l="C"/>
		<a id="10" s="C" t="C.ar" l="C"/>
		<a id="11" s="C" t="C.ar" l="C"/>
		<a id="12" s="C" t="C.ar" l="C"/>
		<a id="13" s="C" t="C.ar" l="C"/>
		<a id="14" s="C" t="C.3" l="C"/>
		<a id="15" s="F" t="F" l="F"/>
		<a id="16" s="F" t="F" l="F"/>
		<a id="17" s="F" t="F" l="F"/>
		<a id="18" s="C" t="C.ar" l="C"/>
		<a id="19" s="C" t="C.ar" l="C"/>
		<a id="20" s="C" t="C.ar" l="C"/>
		<a id="21" s="C" t="C.2" l="C"/>
		<a id="22" s="C" t="C.2" l="C"/>
		<a id="23" s="N" t="N.ar" l="N"/>
		<a id="24" s="C" t="C.ar" l="C"/>
		<a id="25" s="N" t="N.ar" l="N"/>
		<a id="26" s="C" t="C.ar" l="C"/>
		<a id="27" s="C" t="C.ar" l="C"/>
		<a id="28" s="Cl" t="Cl" l="CL"/>
		<a id="29" s="N" t="N.ar" l="N"/>
		<a id="30" s="C" t="C.ar" l="C"/>
		<a id="31" s="N" t="N.ar" l="N"/>
		<a id="32" s="C" t="C.ar" l="C"/>
		<a id="33" s="H" t="H" l="H"/>
		<a id="34" s="H" t="H" l="H"/>
		<a id="35" s="H" t="H" l="H"/>
		<a id="36" s="H" t="H" l="H"/>
		<a id="37" s="H" t="H" l="H"/>
		<a id="38" s="H" t="H" l="H"/>
		<a id="39" s="H" t="H" l="H"/>
		<a id="40" s="H" t="H" l="H"/>
		<a id="41" s="H" t="H" l="H"/>
		<a id="42" s="H" t="H" l="H"/>
		<a id="43" s="H" t="H" l="H"/>
		<a id="44" s="H" t="H" l="H"/>
		<a id="45" s="H" t="H" l="H"/>
		<a id="46" s="H" t="H" l="H"/>
		<a id="47" s="H" t="H" l="H"/>
	</atoms>
	<bonds>
		<b id="1" c="1 2" t="1"/>
		<b id="2" c="2 3" t="ar"/>
		<b id="3" c="3 4" t="ar"/>
		<b id="4" c="4 5" t="ar"/>
		<b id="5" c="5 6" t="1"/>
		<b id="6" c="6 7" t="am"/>
		<b id="7" c="7 8" t="2"/>
		<b id="8" c="7 9" t="1"/>
		<b id="9" c="9 10" t="ar"/>
		<b id="10" c="10 11" t="ar"/>
		<b id="11" c="11 12" t="ar"/>
		<b id="12" c="12 13" t="ar"/>
		<b id="13" c="13 14" t="1"/>
		<b id="14" c="14 15" t="1"/>
		<b id="15" c="14 16" t="1"/>
		<b id="16" c="14 17" t="1"/>
		<b id="17" c="13 18" t="ar"/>
		<b id="18" c="9 18" t="ar"/>
		<b id="19" c="5 19" t="ar"/>
		<b id="20" c="19 20" t="ar"/>
		<b id="21" c="2 20" t="ar"/>
		<b id="22" c="20 21" t="1"/>
		<b id="23" c="21 22" t="2"/>
		<b id="24" c="22 23" t="1"/>
		<b id="25" c="23 24" t="ar"/>
		<b id="26" c="24 25" t="ar"/>
		<b id="27" c="25 26" t="ar"/>
		<b id="28" c="26 27" t="ar"/>
		<b id="29" c="27 28" t="1"/>
		<b id="30" c="27 29" t="ar"/>
		<b id="31" c="29 30" t="ar"/>
		<b id="32" c="30 31" t="ar"/>
		<b id="33" c="31 32" t="ar"/>
		<b id="34" c="26 32" t="ar"/>
		<b id="35" c="23 32" t="ar"/>
		<b id="36" c="1 33" t="1"/>
		<b id="37" c="1 34" t="1"/>
		<b id="38" c="1 35" t="1"/>
		<b id="39" c="3 36" t="1"/>
		<b id="40" c="4 37" t="1"/>
		<b id="41" c="6 38" t="1"/>
		<b id="42" c="10 39" t="1"/>
		<b id="43" c="11 40" t="1"/>
		<b id="44" c="12 41" t="1"/>
		<b id="45" c="18 42" t="1"/>
		<b id="46" c="19 43" t="1"/>
		<b id="47" c="21 44" t="1"/>
		<b id="48" c="22 45" t="1"/>
		<b id="49" c="24 46" t="1"/>
		<b id="50" c="30 47" t="1"/>
	</bonds>
	<geometry>
		<g u="A" t="cart/3d">#47,3:2.5336,0.0038,0.0524;1.0360,0.0639,0.0603;0.3916,1.2887,0.1512;-0.9858,1.3984,0.1454;-1.7619,0.2476,0.0473;-3.1613,0.2699,0.0426;-3.9936,1.3445,0.1438;-3.6331,2.4944,0.2690;-5.4495,0.9858,0.1055;-5.9631,-0.0633,-0.6516;-7.3240,-0.3156,-0.6622;-8.1897,0.4681,0.0815;-7.6794,1.5248,0.8229;-8.5854,2.4095,1.6345;-9.8759,2.0554,1.5601;-8.2635,2.3945,2.9411;-8.5206,3.6945,1.2482;-6.3191,1.7925,0.8307;-1.1330,-0.9881,-0.0485;0.2551,-1.0984,-0.0478;0.8953,-2.4032,-0.1479;0.3668,-3.4518,-0.7801;0.9670,-4.7001,-0.8900;2.1500,-5.1734,-0.3748;2.4206,-6.3988,-0.6945;1.3742,-6.8079,-1.4755;1.0234,-7.9765,-2.1463;2.0000,-9.3729,-2.1217;-0.1012,-8.0278,-2.8337;-0.8866,-6.9609,-2.8754;-0.6857,-5.7945,-2.2941;0.4462,-5.7422,-1.6056;2.9514,1.0070,0.0543;2.8970,-0.5193,-0.8310;2.9053,-0.5183,0.9344;0.9832,2.1890,0.2284;-1.4593,2.3619,0.2206;-3.5926,-0.6430,-0.0010;-5.3118,-0.6702,-1.2644;-7.7162,-1.1266,-1.2563;-9.2500,0.2692,0.0795;-5.9202,2.6236,1.3927;-1.7334,-1.8854,-0.1010;1.8691,-2.4912,0.3104;-0.5799,-3.4160,-1.2993;2.7905,-4.5764,0.2430;-1.7938,-7.0638,-3.4530;</g>
	</geometry>
	<conformers/>
	<properties/>
</molecule>
