<?xml version="1.0" ?>
<!--MOLLI PACKAGE EXPERIMENTAL XML FORMAT-->
<molecule name="el2420">
	<atoms>
		<a id="1" s="C" t="C.3" l="C"/>
		<a id="2" s="C" t="C.3" l="C"/>
		<a id="3" s="C" t="C.3" l="C"/>
		<a id="4" s="C" t="C.3" l="C"/>
		<a id="5" s="C" t="C.3" l="C"/>
		<a id="6" s="C" t="C.3" l="C"/>
		<a id="7" s="C" t="C.3" l="C"/>
		<a id="8" s="C" t="C.3" l="C"/>
		<a id="9" s="C" t="C.3" l="C"/>
		<a id="10" s="C" t="C.3" l="C"/>
		<a id="11" s="C" t="C.3" l="C"/>
		<a id="12" s="C" t="C.2" l="C"/>
		<a id="13" s="O" t="O.2" l="O"/>
		<a id="14" s="C" t="C.ar" l="C"/>
		<a id="15" s="C" t="C.ar" l="C"/>
		<a id="16" s="C" t="C.ar" l="C"/>
		<a id="17" s="C" t="C.ar" l="C"/>
		<a id="18" s="C" t="C.ar" l="C"/>
		<a id="19" s="C" t="C.ar" l="C"/>
		<a id="20" s="Cl" t="Cl" l="CL"/>
		<a id="21" s="C" t="C.ar" l="C"/>
		<a id="22" s="C" t="C.ar" l="C"/>
		<a id="23" s="C" t="C.ar" l="C"/>
		<a id="24" s="C" t="C.ar" l="C"/>
		<a id="25" s="H" t="H" l="H"/>
		<a id="26" s="H" t="H" l="H"/>
		<a id="27" s="H" t="H" l="H"/>
		<a id="28" s="H" t="H" l="H"/>
		<a id="29" s="H" t="H" l="H"/>
		<a id="30" s="H" t="H" l="H"/>
		<a id="31" s="H" t="H" l="H"/>
		<a id="32" s="H" t="H" l="H"/>
		<a id="33" s="H" t="H" l="H"/>
		<a id="34" s="H" t="H" l="H"/>
		<a id="35" s="H" t="H" l="H"/>
		<a id="36" s="H" t="H" l="H"/>
		<a id="37" s="H" t="H" l="H"/>
		<a id="38" s="H" t="H" l="H"/>
		<a id="39" s="H" t="H" l="H"/>
		<a id="40" s="H" t="H" l="H"/>
		<a id="41" s="H" t="H" l="H"/>
		<a id="42" s="H" t="H" l="H"/>
		<a id="43" s="H" t="H" l="H"/>
		<a id="44" s="H" t="H" l="H"/>
		<a id="45" s="H" t="H" l="H"/>
		<a id="46" s="H" t="H" l="H"/>
		<a id="47" s="H" t="H" l="H"/>
		<a id="48" s="H" t="H" l="H"/>
		<a id="49" s="H" t="H" l="H"/>
		<a id="50" s="H" t="H" l="H"/>
		<a id="51" s="H" t="H" l="H"/>
		<a id="52" s="H" t="H" l="H"/>
		<a id="53" s="H" t="H" l="H"/>
	</atoms>
	<bonds>
		<b id="1" c="1 2" t="1"/>
		<b id="2" c="2 3" t="1"/>
		<b id="3" c="3 4" t="1"/>
		<b id="4" c="4 5" t="1"/>
		<b id="5" c="5 6" t="1"/>
		<b id="6" c="6 7" t="1"/>
		<b id="7" c="7 8" t="1"/>
		<b id="8" c="8 9" t="1"/>
		<b id="9" c="9 10" t="1"/>
		<b id="10" c="10 11" t="1"/>
		<b id="11" c="11 12" t="1"/>
		<b id="12" c="12 13" t="2"/>
		<b id="13" c="12 14" t="1"/>
		<b id="14" c="14 15" t="ar"/>
		<b id="15" c="15 16" t="ar"/>
		<b id="16" c="16 17" t="ar"/>
		<b id="17" c="17 18" t="ar"/>
		<b id="18" c="18 19" t="ar"/>
		<b id="19" c="19 20" t="1"/>
		<b id="20" c="19 21" t="ar"/>
		<b id="21" c="21 22" t="ar"/>
		<b id="22" c="22 23" t="ar"/>
		<b id="23" c="17 23" t="ar"/>
		<b id="24" c="23 24" t="ar"/>
		<b id="25" c="14 24" t="ar"/>
		<b id="26" c="1 25" t="1"/>
		<b id="27" c="1 26" t="1"/>
		<b id="28" c="1 27" t="1"/>
		<b id="29" c="2 28" t="1"/>
		<b id="30" c="2 29" t="1"/>
		<b id="31" c="3 30" t="1"/>
		<b id="32" c="3 31" t="1"/>
		<b id="33" c="4 32" t="1"/>
		<b id="34" c="4 33" t="1"/>
		<b id="35" c="5 34" t="1"/>
		<b id="36" c="5 35" t="1"/>
		<b id="37" c="6 36" t="1"/>
		<b id="38" c="6 37" t="1"/>
		<b id="39" c="7 38" t="1"/>
		<b id="40" c="7 39" t="1"/>
		<b id="41" c="8 40" t="1"/>
		<b id="42" c="8 41" t="1"/>
		<b id="43" c="9 42" t="1"/>
		<b id="44" c="9 43" t="1"/>
		<b id="45" c="10 44" t="1"/>
		<b id="46" c="10 45" t="1"/>
		<b id="47" c="11 46" t="1"/>
		<b id="48" c="11 47" t="1"/>
		<b id="49" c="15 48" t="1"/>
		<b id="50" c="16 49" t="1"/>
		<b id="51" c="18 50" t="1"/>
		<b id="52" c="21 51" t="1"/>
		<b id="53" c="22 52" t="1"/>
		<b id="54" c="24 53" t="1"/>
	</bonds>
	<geometry>
		<g u="A" t="cart/3d">#53,3:0.8003,-0.0279,0.0122;2.3240,-0.0058,0.0175;2.8702,1.3848,0.3322;4.3964,1.4179,0.3399;4.9383,2.8097,0.6563;6.4644,2.8437,0.6643;7.0079,4.2345,0.9818;8.5341,4.2629,0.9884;9.0847,5.6513,1.3031;10.6100,5.6665,1.3052;11.1663,7.0536,1.6118;12.6797,7.0683,1.6120;13.3318,6.0726,1.3884;13.3414,8.3699,1.9014;12.6305,9.5644,2.1557;13.2971,10.7263,2.4170;14.7082,10.7700,2.4421;15.4139,11.9588,2.7125;16.7820,11.9509,2.7264;17.6514,13.4073,3.0591;17.5104,10.7751,2.4741;16.8441,9.6132,2.2099;15.4326,9.5752,2.1865;14.7196,8.3949,1.9196;0.4311,-1.0257,-0.2134;0.4118,0.6593,-0.7364;0.4116,0.2705,0.9836;2.6951,-0.3264,-0.9587;2.6948,-0.7154,0.7607;2.4978,1.7049,1.3084;2.4979,2.0940,-0.4110;4.7696,1.0988,-0.6363;4.7694,0.7082,1.0823;4.5651,3.1286,1.6326;4.5654,3.5194,-0.0863;6.8375,2.5256,-0.3121;6.8373,2.1335,1.4061;6.6356,4.5533,1.9585;6.6359,4.9454,0.2398;8.9051,3.9423,0.0123;8.9051,3.5524,1.7305;8.7155,5.9726,2.2805;8.7143,6.3625,0.5602;10.9843,5.3416,0.3328;10.9858,4.9611,2.0486;10.8169,7.3891,2.5918;10.8123,7.7710,0.8667;11.5521,9.5651,2.1444;12.7495,11.6374,2.6104;14.8666,12.8684,2.9075;18.5884,10.8086,2.4934;17.3906,8.7027,2.0143;15.2557,7.4773,1.7234;</g>
	</geometry>
	<conformers/>
	<properties/>
</molecule>
