<?xml version="1.0" ?>
<!--MOLLI PACKAGE EXPERIMENTAL XML FORMAT-->
<molecule name="el2600">
	<atoms>
		<a id="1" s="N" t="N.1" l="N"/>
		<a id="2" s="C" t="C.1" l="C"/>
		<a id="3" s="C" t="C.ar" l="C"/>
		<a id="4" s="C" t="C.ar" l="C"/>
		<a id="5" s="C" t="C.ar" l="C"/>
		<a id="6" s="C" t="C.ar" l="C"/>
		<a id="7" s="N" t="N.pl3" l="N"/>
		<a id="8" s="C" t="C.3" l="C"/>
		<a id="9" s="C" t="C.3" l="C"/>
		<a id="10" s="C" t="C.3" l="C"/>
		<a id="11" s="N" t="N.3" l="N"/>
		<a id="12" s="C" t="C.3" l="C"/>
		<a id="13" s="C" t="C.3" l="C"/>
		<a id="14" s="C" t="C.3" l="C"/>
		<a id="15" s="N" t="N.pl3" l="N"/>
		<a id="16" s="C" t="C.ar" l="C"/>
		<a id="17" s="N" t="N.ar" l="N"/>
		<a id="18" s="C" t="C.ar" l="C"/>
		<a id="19" s="N" t="N.ar" l="N"/>
		<a id="20" s="C" t="C.ar" l="C"/>
		<a id="21" s="C" t="C.ar" l="C"/>
		<a id="22" s="N" t="N.ar" l="N"/>
		<a id="23" s="C" t="C.ar" l="C"/>
		<a id="24" s="Cl" t="Cl" l="CL"/>
		<a id="25" s="C" t="C.ar" l="C"/>
		<a id="26" s="C" t="C.ar" l="C"/>
		<a id="27" s="C" t="C.3" l="C"/>
		<a id="28" s="C" t="C.3" l="C"/>
		<a id="29" s="C" t="C.3" l="C"/>
		<a id="30" s="C" t="C.ar" l="C"/>
		<a id="31" s="C" t="C.ar" l="C"/>
		<a id="32" s="H" t="H" l="H"/>
		<a id="33" s="H" t="H" l="H"/>
		<a id="34" s="H" t="H" l="H"/>
		<a id="35" s="H" t="H" l="H"/>
		<a id="36" s="H" t="H" l="H"/>
		<a id="37" s="H" t="H" l="H"/>
		<a id="38" s="H" t="H" l="H"/>
		<a id="39" s="H" t="H" l="H"/>
		<a id="40" s="H" t="H" l="H"/>
		<a id="41" s="H" t="H" l="H"/>
		<a id="42" s="H" t="H" l="H"/>
		<a id="43" s="H" t="H" l="H"/>
		<a id="44" s="H" t="H" l="H"/>
		<a id="45" s="H" t="H" l="H"/>
		<a id="46" s="H" t="H" l="H"/>
		<a id="47" s="H" t="H" l="H"/>
		<a id="48" s="H" t="H" l="H"/>
		<a id="49" s="H" t="H" l="H"/>
		<a id="50" s="H" t="H" l="H"/>
		<a id="51" s="H" t="H" l="H"/>
		<a id="52" s="H" t="H" l="H"/>
		<a id="53" s="H" t="H" l="H"/>
		<a id="54" s="H" t="H" l="H"/>
		<a id="55" s="H" t="H" l="H"/>
	</atoms>
	<bonds>
		<b id="1" c="1 2" t="3"/>
		<b id="2" c="2 3" t="1"/>
		<b id="3" c="3 4" t="ar"/>
		<b id="4" c="4 5" t="ar"/>
		<b id="5" c="5 6" t="ar"/>
		<b id="6" c="6 7" t="1"/>
		<b id="7" c="7 8" t="1"/>
		<b id="8" c="8 9" t="1"/>
		<b id="9" c="9 10" t="1"/>
		<b id="10" c="10 11" t="1"/>
		<b id="11" c="11 12" t="1"/>
		<b id="12" c="12 13" t="1"/>
		<b id="13" c="13 14" t="1"/>
		<b id="14" c="14 15" t="1"/>
		<b id="15" c="15 16" t="1"/>
		<b id="16" c="16 17" t="ar"/>
		<b id="17" c="17 18" t="ar"/>
		<b id="18" c="18 19" t="ar"/>
		<b id="19" c="19 20" t="ar"/>
		<b id="20" c="20 21" t="ar"/>
		<b id="21" c="21 22" t="ar"/>
		<b id="22" c="22 23" t="ar"/>
		<b id="23" c="23 24" t="1"/>
		<b id="24" c="23 25" t="ar"/>
		<b id="25" c="25 26" t="ar"/>
		<b id="26" c="16 26" t="ar"/>
		<b id="27" c="20 26" t="ar"/>
		<b id="28" c="14 27" t="1"/>
		<b id="29" c="27 28" t="1"/>
		<b id="30" c="11 28" t="1"/>
		<b id="31" c="9 29" t="1"/>
		<b id="32" c="7 29" t="1"/>
		<b id="33" c="6 30" t="ar"/>
		<b id="34" c="30 31" t="ar"/>
		<b id="35" c="3 31" t="ar"/>
		<b id="36" c="4 32" t="1"/>
		<b id="37" c="5 33" t="1"/>
		<b id="38" c="8 34" t="1"/>
		<b id="39" c="8 35" t="1"/>
		<b id="40" c="9 36" t="1"/>
		<b id="41" c="10 37" t="1"/>
		<b id="42" c="10 38" t="1"/>
		<b id="43" c="12 39" t="1"/>
		<b id="44" c="12 40" t="1"/>
		<b id="45" c="13 41" t="1"/>
		<b id="46" c="13 42" t="1"/>
		<b id="47" c="14 43" t="1"/>
		<b id="48" c="15 44" t="1"/>
		<b id="49" c="18 45" t="1"/>
		<b id="50" c="21 46" t="1"/>
		<b id="51" c="25 47" t="1"/>
		<b id="52" c="27 48" t="1"/>
		<b id="53" c="27 49" t="1"/>
		<b id="54" c="28 50" t="1"/>
		<b id="55" c="28 51" t="1"/>
		<b id="56" c="29 52" t="1"/>
		<b id="57" c="29 53" t="1"/>
		<b id="58" c="30 54" t="1"/>
		<b id="59" c="31 55" t="1"/>
	</bonds>
	<geometry>
		<g u="A" t="cart/3d">#55,3:2.8853,10.5975,0.5358;3.0162,9.4860,0.2782;3.1798,8.1229,-0.0330;3.8079,7.7406,-1.2225;3.9755,6.4103,-1.5226;3.5191,5.4169,-0.6423;3.6510,4.1062,-0.9574;4.5137,3.4683,-1.9317;4.3803,2.1532,-1.1439;5.6968,1.5872,-0.6242;6.6509,1.3787,-1.6982;8.0128,1.2686,-1.2126;8.9965,1.2893,-2.3812;8.7027,0.1774,-3.3863;9.0626,-1.1101,-2.8341;9.4871,-2.1351,-3.5838;9.6232,-1.9468,-4.8870;10.0692,-2.9630,-5.6255;10.3902,-4.1593,-5.2256;10.2624,-4.4011,-3.9020;10.5860,-5.6697,-3.3755;10.4812,-5.9635,-2.1079;10.0516,-5.0265,-1.2684;9.9441,-5.5060,0.3841;9.7036,-3.7468,-1.6361;9.8064,-3.4111,-2.9926;7.2208,0.2298,-3.7734;6.3255,0.2404,-2.5385;3.5432,2.9343,-0.1138;2.8827,5.8074,0.5460;2.7168,7.1384,0.8452;4.1624,8.5010,-1.9031;4.4577,6.1192,-2.4432;5.5344,3.8599,-1.9613;4.0990,3.4621,-2.9426;3.8023,1.3926,-1.6660;5.5001,0.6606,-0.0543;6.1357,2.3155,0.0634;8.1522,0.3519,-0.6063;8.2201,2.1219,-0.5620;10.0167,1.1990,-2.0049;8.9019,2.2461,-2.8941;9.3117,0.2985,-4.2876;8.8993,-1.2606,-1.8526;10.1670,-2.7567,-6.6839;10.9384,-6.4503,-4.0337;9.3688,-3.0459,-0.8874;6.9789,-0.6255,-4.4045;7.0443,1.1425,-4.3420;6.4302,-0.7118,-1.9840;5.2864,0.3264,-2.8574;4.0163,3.0425,0.8683;2.5145,2.5891,0.0217;2.5191,5.0514,1.2253;2.2290,7.4333,1.7629;</g>
	</geometry>
	<conformers/>
	<properties/>
</molecule>
