<?xml version="1.0" ?>
<!--MOLLI PACKAGE EXPERIMENTAL XML FORMAT-->
<molecule name="el2604">
	<atoms>
		<a id="1" s="C" t="C.3" l="C"/>
		<a id="2" s="N" t="N.3" l="N"/>
		<a id="3" s="C" t="C.3" l="C"/>
		<a id="4" s="C" t="C.3" l="C"/>
		<a id="5" s="N" t="N.3" l="N"/>
		<a id="6" s="C" t="C.3" l="C"/>
		<a id="7" s="C" t="C.3" l="C"/>
		<a id="8" s="C" t="C.3" l="C"/>
		<a id="9" s="N" t="N.pl3" l="N"/>
		<a id="10" s="C" t="C.ar" l="C"/>
		<a id="11" s="C" t="C.ar" l="C"/>
		<a id="12" s="C" t="C.ar" l="C"/>
		<a id="13" s="C" t="C.ar" l="C"/>
		<a id="14" s="N" t="N.ar" l="N"/>
		<a id="15" s="C" t="C.ar" l="C"/>
		<a id="16" s="Cl" t="Cl" l="CL"/>
		<a id="17" s="C" t="C.3" l="C"/>
		<a id="18" s="C" t="C.3" l="C"/>
		<a id="19" s="H" t="H" l="H"/>
		<a id="20" s="H" t="H" l="H"/>
		<a id="21" s="H" t="H" l="H"/>
		<a id="22" s="H" t="H" l="H"/>
		<a id="23" s="H" t="H" l="H"/>
		<a id="24" s="H" t="H" l="H"/>
		<a id="25" s="H" t="H" l="H"/>
		<a id="26" s="H" t="H" l="H"/>
		<a id="27" s="H" t="H" l="H"/>
		<a id="28" s="H" t="H" l="H"/>
		<a id="29" s="H" t="H" l="H"/>
		<a id="30" s="H" t="H" l="H"/>
		<a id="31" s="H" t="H" l="H"/>
		<a id="32" s="H" t="H" l="H"/>
		<a id="33" s="H" t="H" l="H"/>
		<a id="34" s="H" t="H" l="H"/>
		<a id="35" s="H" t="H" l="H"/>
		<a id="36" s="H" t="H" l="H"/>
		<a id="37" s="H" t="H" l="H"/>
		<a id="38" s="H" t="H" l="H"/>
		<a id="39" s="H" t="H" l="H"/>
	</atoms>
	<bonds>
		<b id="1" c="1 2" t="1"/>
		<b id="2" c="2 3" t="1"/>
		<b id="3" c="3 4" t="1"/>
		<b id="4" c="4 5" t="1"/>
		<b id="5" c="5 6" t="1"/>
		<b id="6" c="6 7" t="1"/>
		<b id="7" c="7 8" t="1"/>
		<b id="8" c="8 9" t="1"/>
		<b id="9" c="9 10" t="1"/>
		<b id="10" c="10 11" t="ar"/>
		<b id="11" c="11 12" t="ar"/>
		<b id="12" c="12 13" t="ar"/>
		<b id="13" c="13 14" t="ar"/>
		<b id="14" c="14 15" t="ar"/>
		<b id="15" c="10 15" t="ar"/>
		<b id="16" c="15 16" t="1"/>
		<b id="17" c="5 17" t="1"/>
		<b id="18" c="17 18" t="1"/>
		<b id="19" c="2 18" t="1"/>
		<b id="20" c="1 19" t="1"/>
		<b id="21" c="1 20" t="1"/>
		<b id="22" c="1 21" t="1"/>
		<b id="23" c="3 22" t="1"/>
		<b id="24" c="3 23" t="1"/>
		<b id="25" c="4 24" t="1"/>
		<b id="26" c="4 25" t="1"/>
		<b id="27" c="6 26" t="1"/>
		<b id="28" c="6 27" t="1"/>
		<b id="29" c="7 28" t="1"/>
		<b id="30" c="7 29" t="1"/>
		<b id="31" c="8 30" t="1"/>
		<b id="32" c="8 31" t="1"/>
		<b id="33" c="9 32" t="1"/>
		<b id="34" c="11 33" t="1"/>
		<b id="35" c="12 34" t="1"/>
		<b id="36" c="13 35" t="1"/>
		<b id="37" c="17 36" t="1"/>
		<b id="38" c="17 37" t="1"/>
		<b id="39" c="18 38" t="1"/>
		<b id="40" c="18 39" t="1"/>
	</bonds>
	<geometry>
		<g u="A" t="cart/3d">#39,3:-3.4854,3.8188,-1.1491;-3.0283,2.4511,-1.0553;-1.8306,2.3305,-0.2441;-1.3432,0.8782,-0.2778;-2.3333,-0.0688,0.1961;-2.5055,-0.1023,1.6385;-3.0054,-1.4740,2.1006;-2.0592,-2.5845,1.6611;-2.5759,-3.8660,2.0762;-1.9700,-5.0525,1.8315;-0.6720,-5.1842,1.3222;-0.1214,-6.4432,1.1561;-0.8694,-7.5580,1.4931;-2.1042,-7.4581,1.9666;-2.6180,-6.2702,2.1231;-4.2423,-6.2252,2.7373;-3.5597,0.1207,-0.5576;-4.0633,1.5686,-0.5490;-2.6913,4.4309,-1.5743;-3.7704,4.2427,-0.1719;-4.3502,3.8596,-1.8100;-2.0137,2.6408,0.8025;-1.0613,2.9839,-0.6621;-0.4320,0.7734,0.3145;-1.1170,0.6158,-1.3154;-3.1988,0.6676,2.0104;-1.5297,0.0825,2.0948;-3.9967,-1.6658,1.6856;-3.0910,-1.4711,3.1888;-1.0762,-2.4298,2.1205;-1.9383,-2.5332,0.5707;-3.5583,-3.9181,2.3023;-0.1082,-4.3031,1.0597;0.8782,-6.5526,0.7653;-0.4922,-8.5637,1.3856;-4.3333,-0.5409,-0.1665;-3.3488,-0.1656,-1.5918;-4.3737,1.8561,0.4739;-4.9375,1.6498,-1.1992;</g>
	</geometry>
	<conformers/>
	<properties/>
</molecule>
