<?xml version="1.0" ?>
<!--MOLLI PACKAGE EXPERIMENTAL XML FORMAT-->
<molecule name="el2609">
	<atoms>
		<a id="1" s="O" t="O.2" l="O"/>
		<a id="2" s="S" t="S.O2" l="S"/>
		<a id="3" s="O" t="O.2" l="O"/>
		<a id="4" s="C" t="C.ar" l="C"/>
		<a id="5" s="C" t="C.ar" l="C"/>
		<a id="6" s="C" t="C.ar" l="C"/>
		<a id="7" s="C" t="C.ar" l="C"/>
		<a id="8" s="C" t="C.ar" l="C"/>
		<a id="9" s="C" t="C.ar" l="C"/>
		<a id="10" s="N" t="N.ar" l="N"/>
		<a id="11" s="C" t="C.ar" l="C"/>
		<a id="12" s="Cl" t="Cl" l="CL"/>
		<a id="13" s="C" t="C.ar" l="C"/>
		<a id="14" s="C" t="C.ar" l="C"/>
		<a id="15" s="N" t="N.3" l="N"/>
		<a id="16" s="C" t="C.3" l="C"/>
		<a id="17" s="C" t="C.3" l="C"/>
		<a id="18" s="C" t="C.3" l="C"/>
		<a id="19" s="C" t="C.3" l="C"/>
		<a id="20" s="C" t="C.3" l="C"/>
		<a id="21" s="H" t="H" l="H"/>
		<a id="22" s="H" t="H" l="H"/>
		<a id="23" s="H" t="H" l="H"/>
		<a id="24" s="H" t="H" l="H"/>
		<a id="25" s="H" t="H" l="H"/>
		<a id="26" s="H" t="H" l="H"/>
		<a id="27" s="H" t="H" l="H"/>
		<a id="28" s="H" t="H" l="H"/>
		<a id="29" s="H" t="H" l="H"/>
		<a id="30" s="H" t="H" l="H"/>
		<a id="31" s="H" t="H" l="H"/>
		<a id="32" s="H" t="H" l="H"/>
		<a id="33" s="H" t="H" l="H"/>
		<a id="34" s="H" t="H" l="H"/>
		<a id="35" s="H" t="H" l="H"/>
	</atoms>
	<bonds>
		<b id="1" c="1 2" t="2"/>
		<b id="2" c="2 3" t="2"/>
		<b id="3" c="2 4" t="1"/>
		<b id="4" c="4 5" t="ar"/>
		<b id="5" c="5 6" t="ar"/>
		<b id="6" c="6 7" t="ar"/>
		<b id="7" c="7 8" t="ar"/>
		<b id="8" c="8 9" t="ar"/>
		<b id="9" c="9 10" t="ar"/>
		<b id="10" c="10 11" t="ar"/>
		<b id="11" c="11 12" t="1"/>
		<b id="12" c="11 13" t="ar"/>
		<b id="13" c="13 14" t="ar"/>
		<b id="14" c="4 14" t="ar"/>
		<b id="15" c="8 14" t="ar"/>
		<b id="16" c="2 15" t="1"/>
		<b id="17" c="15 16" t="1"/>
		<b id="18" c="16 17" t="1"/>
		<b id="19" c="17 18" t="1"/>
		<b id="20" c="18 19" t="1"/>
		<b id="21" c="19 20" t="1"/>
		<b id="22" c="15 20" t="1"/>
		<b id="23" c="5 21" t="1"/>
		<b id="24" c="6 22" t="1"/>
		<b id="25" c="7 23" t="1"/>
		<b id="26" c="9 24" t="1"/>
		<b id="27" c="13 25" t="1"/>
		<b id="28" c="16 26" t="1"/>
		<b id="29" c="16 27" t="1"/>
		<b id="30" c="17 28" t="1"/>
		<b id="31" c="17 29" t="1"/>
		<b id="32" c="18 30" t="1"/>
		<b id="33" c="18 31" t="1"/>
		<b id="34" c="19 32" t="1"/>
		<b id="35" c="19 33" t="1"/>
		<b id="36" c="20 34" t="1"/>
		<b id="37" c="20 35" t="1"/>
	</bonds>
	<geometry>
		<g u="A" t="cart/3d">#35,3:0.9317,-0.2424,-0.0933;2.3459,-0.0589,-0.2216;2.9133,0.0261,-1.5333;2.8990,1.3960,0.6934;4.0458,1.9829,0.2369;4.6434,3.0458,0.9335;4.0851,3.4965,2.0976;2.8992,2.9150,2.5899;2.2761,3.3473,3.7818;1.1792,2.8312,4.2560;0.5942,1.8463,3.5687;-0.8551,1.2363,4.2567;1.0764,1.3223,2.3943;2.2766,1.8478,1.8773;3.0862,-1.3282,0.5498;4.5243,-1.3877,0.4456;4.9967,-2.8166,0.7043;4.5077,-3.2843,2.0724;2.9878,-3.1605,2.1372;2.5687,-1.7226,1.8379;4.4740,1.6187,-0.6837;5.5445,3.4939,0.5444;4.5359,4.3044,2.6549;2.7092,4.1533,4.3604;0.5471,0.5541,1.8572;4.9969,-0.7027,1.1702;4.7802,-1.0690,-0.5650;6.0856,-2.8534,0.6501;4.5878,-3.4667,-0.0698;4.9586,-2.6663,2.8529;4.8080,-4.3187,2.2453;2.6191,-3.4453,3.1234;2.5378,-3.8193,1.3939;2.9419,-1.0541,2.6320;1.4834,-1.6409,1.7840;</g>
	</geometry>
	<conformers/>
	<properties/>
</molecule>
