<?xml version="1.0" ?>
<!--MOLLI PACKAGE EXPERIMENTAL XML FORMAT-->
<molecule name="el2618">
	<atoms>
		<a id="1" s="Cl" t="Cl" l="CL"/>
		<a id="2" s="C" t="C.ar" l="C"/>
		<a id="3" s="N" t="N.ar" l="N"/>
		<a id="4" s="C" t="C.ar" l="C"/>
		<a id="5" s="C" t="C.3" l="C"/>
		<a id="6" s="C" t="C.3" l="C"/>
		<a id="7" s="C" t="C.3" l="C"/>
		<a id="8" s="C" t="C.3" l="C"/>
		<a id="9" s="C" t="C.3" l="C"/>
		<a id="10" s="C" t="C.3" l="C"/>
		<a id="11" s="C" t="C.3" l="C"/>
		<a id="12" s="C" t="C.ar" l="C"/>
		<a id="13" s="N" t="N.ar" l="N"/>
		<a id="14" s="C" t="C.ar" l="C"/>
		<a id="15" s="N" t="N.ar" l="N"/>
		<a id="16" s="C" t="C.3" l="C"/>
		<a id="17" s="C" t="C.3" l="C"/>
		<a id="18" s="C" t="C.3" l="C"/>
		<a id="19" s="C" t="C.3" l="C"/>
		<a id="20" s="C" t="C.3" l="C"/>
		<a id="21" s="O" t="O.3" l="O"/>
		<a id="22" s="C" t="C.ar" l="C"/>
		<a id="23" s="N" t="N.ar" l="N"/>
		<a id="24" s="H" t="H" l="H"/>
		<a id="25" s="H" t="H" l="H"/>
		<a id="26" s="H" t="H" l="H"/>
		<a id="27" s="H" t="H" l="H"/>
		<a id="28" s="H" t="H" l="H"/>
		<a id="29" s="H" t="H" l="H"/>
		<a id="30" s="H" t="H" l="H"/>
		<a id="31" s="H" t="H" l="H"/>
		<a id="32" s="H" t="H" l="H"/>
		<a id="33" s="H" t="H" l="H"/>
		<a id="34" s="H" t="H" l="H"/>
		<a id="35" s="H" t="H" l="H"/>
		<a id="36" s="H" t="H" l="H"/>
		<a id="37" s="H" t="H" l="H"/>
		<a id="38" s="H" t="H" l="H"/>
		<a id="39" s="H" t="H" l="H"/>
		<a id="40" s="H" t="H" l="H"/>
		<a id="41" s="H" t="H" l="H"/>
		<a id="42" s="H" t="H" l="H"/>
		<a id="43" s="H" t="H" l="H"/>
		<a id="44" s="H" t="H" l="H"/>
		<a id="45" s="H" t="H" l="H"/>
		<a id="46" s="H" t="H" l="H"/>
	</atoms>
	<bonds>
		<b id="1" c="1 2" t="1"/>
		<b id="2" c="2 3" t="ar"/>
		<b id="3" c="3 4" t="ar"/>
		<b id="4" c="4 5" t="1"/>
		<b id="5" c="5 6" t="1"/>
		<b id="6" c="6 7" t="1"/>
		<b id="7" c="7 8" t="1"/>
		<b id="8" c="8 9" t="1"/>
		<b id="9" c="9 10" t="1"/>
		<b id="10" c="10 11" t="1"/>
		<b id="11" c="6 11" t="1"/>
		<b id="12" c="4 12" t="ar"/>
		<b id="13" c="12 13" t="ar"/>
		<b id="14" c="13 14" t="ar"/>
		<b id="15" c="14 15" t="ar"/>
		<b id="16" c="15 16" t="1"/>
		<b id="17" c="16 17" t="1"/>
		<b id="18" c="17 18" t="1"/>
		<b id="19" c="18 19" t="1"/>
		<b id="20" c="19 20" t="1"/>
		<b id="21" c="20 21" t="1"/>
		<b id="22" c="16 21" t="1"/>
		<b id="23" c="15 22" t="ar"/>
		<b id="24" c="12 22" t="ar"/>
		<b id="25" c="22 23" t="ar"/>
		<b id="26" c="2 23" t="ar"/>
		<b id="27" c="5 24" t="1"/>
		<b id="28" c="5 25" t="1"/>
		<b id="29" c="6 26" t="1"/>
		<b id="30" c="7 27" t="1"/>
		<b id="31" c="7 28" t="1"/>
		<b id="32" c="8 29" t="1"/>
		<b id="33" c="8 30" t="1"/>
		<b id="34" c="9 31" t="1"/>
		<b id="35" c="9 32" t="1"/>
		<b id="36" c="10 33" t="1"/>
		<b id="37" c="10 34" t="1"/>
		<b id="38" c="11 35" t="1"/>
		<b id="39" c="11 36" t="1"/>
		<b id="40" c="14 37" t="1"/>
		<b id="41" c="16 38" t="1"/>
		<b id="42" c="17 39" t="1"/>
		<b id="43" c="17 40" t="1"/>
		<b id="44" c="18 41" t="1"/>
		<b id="45" c="18 42" t="1"/>
		<b id="46" c="19 43" t="1"/>
		<b id="47" c="19 44" t="1"/>
		<b id="48" c="20 45" t="1"/>
		<b id="49" c="20 46" t="1"/>
	</bonds>
	<geometry>
		<g u="A" t="cart/3d">#46,3:1.2777,-0.1025,-0.4466;2.9678,-0.1641,-0.2202;3.4985,-1.3712,-0.2127;4.8104,-1.5142,-0.0490;5.3998,-2.8814,-0.0564;5.4915,-3.4778,-1.4753;6.2265,-2.5367,-2.4293;6.3694,-3.1803,-3.8053;4.9954,-3.5237,-4.3727;4.2452,-4.4516,-3.4226;4.1137,-3.8179,-2.0403;5.5744,-0.3594,0.1188;6.9079,-0.1121,0.3250;7.0038,1.1756,0.4239;5.8126,1.8386,0.2922;5.5491,3.2505,0.3985;4.9501,3.5847,1.7713;4.7456,5.0942,1.8709;6.0671,5.7983,1.5692;6.5965,5.3252,0.2166;6.7608,3.9210,0.1778;4.8770,0.8732,0.0992;3.5665,1.0028,-0.0701;4.7763,-3.5359,0.5546;6.4006,-2.8159,0.3719;6.0692,-4.4060,-1.3932;7.2083,-2.2860,-2.0222;5.6606,-1.6069,-2.5273;6.9655,-4.0920,-3.7200;6.8933,-2.5004,-4.4804;5.1028,-3.9984,-5.3505;4.4209,-2.6044,-4.5077;4.7885,-5.3963,-3.3382;3.2536,-4.6716,-3.8231;3.5982,-4.5052,-1.3667;3.5138,-2.9093,-2.1052;7.9192,1.7093,0.5816;4.8148,3.5104,-0.3876;5.6454,3.2487,2.5443;4.0075,3.0487,1.8835;4.3906,5.3588,2.8675;3.9887,5.4062,1.1473;6.7974,5.5536,2.3426;5.9341,6.8798,1.5472;7.5872,5.7346,0.0119;5.9074,5.6361,-0.5833;</g>
	</geometry>
	<conformers/>
	<properties/>
</molecule>
