<?xml version="1.0" ?>
<!--MOLLI PACKAGE EXPERIMENTAL XML FORMAT-->
<molecule name="el2623">
	<atoms>
		<a id="1" s="O" t="O.2" l="O"/>
		<a id="2" s="C" t="C.2" l="C"/>
		<a id="3" s="N" t="N.am" l="N"/>
		<a id="4" s="C" t="C.ar" l="C"/>
		<a id="5" s="C" t="C.ar" l="C"/>
		<a id="6" s="C" t="C.ar" l="C"/>
		<a id="7" s="C" t="C.ar" l="C"/>
		<a id="8" s="F" t="F" l="F"/>
		<a id="9" s="C" t="C.ar" l="C"/>
		<a id="10" s="C" t="C.ar" l="C"/>
		<a id="11" s="C" t="C.3" l="C"/>
		<a id="12" s="C" t="C.2" l="C"/>
		<a id="13" s="O" t="O.2" l="O"/>
		<a id="14" s="N" t="N.am" l="N"/>
		<a id="15" s="C" t="C.ar" l="C"/>
		<a id="16" s="C" t="C.ar" l="C"/>
		<a id="17" s="C" t="C.ar" l="C"/>
		<a id="18" s="C" t="C.ar" l="C"/>
		<a id="19" s="O" t="O.3" l="O"/>
		<a id="20" s="C" t="C.ar" l="C"/>
		<a id="21" s="C" t="C.ar" l="C"/>
		<a id="22" s="C" t="C.ar" l="C"/>
		<a id="23" s="Cl" t="Cl" l="CL"/>
		<a id="24" s="N" t="N.ar" l="N"/>
		<a id="25" s="C" t="C.ar" l="C"/>
		<a id="26" s="N" t="N.ar" l="N"/>
		<a id="27" s="C" t="C.ar" l="C"/>
		<a id="28" s="F" t="F" l="F"/>
		<a id="29" s="C" t="C.ar" l="C"/>
		<a id="30" s="C" t="C.3" l="C"/>
		<a id="31" s="C" t="C.3" l="C"/>
		<a id="32" s="H" t="H" l="H"/>
		<a id="33" s="H" t="H" l="H"/>
		<a id="34" s="H" t="H" l="H"/>
		<a id="35" s="H" t="H" l="H"/>
		<a id="36" s="H" t="H" l="H"/>
		<a id="37" s="H" t="H" l="H"/>
		<a id="38" s="H" t="H" l="H"/>
		<a id="39" s="H" t="H" l="H"/>
		<a id="40" s="H" t="H" l="H"/>
		<a id="41" s="H" t="H" l="H"/>
		<a id="42" s="H" t="H" l="H"/>
		<a id="43" s="H" t="H" l="H"/>
		<a id="44" s="H" t="H" l="H"/>
		<a id="45" s="H" t="H" l="H"/>
		<a id="46" s="H" t="H" l="H"/>
	</atoms>
	<bonds>
		<b id="1" c="1 2" t="2"/>
		<b id="2" c="2 3" t="am"/>
		<b id="3" c="3 4" t="1"/>
		<b id="4" c="4 5" t="ar"/>
		<b id="5" c="5 6" t="ar"/>
		<b id="6" c="6 7" t="ar"/>
		<b id="7" c="7 8" t="1"/>
		<b id="8" c="7 9" t="ar"/>
		<b id="9" c="9 10" t="ar"/>
		<b id="10" c="4 10" t="ar"/>
		<b id="11" c="2 11" t="1"/>
		<b id="12" c="11 12" t="1"/>
		<b id="13" c="12 13" t="2"/>
		<b id="14" c="12 14" t="am"/>
		<b id="15" c="14 15" t="1"/>
		<b id="16" c="15 16" t="ar"/>
		<b id="17" c="16 17" t="ar"/>
		<b id="18" c="17 18" t="ar"/>
		<b id="19" c="18 19" t="1"/>
		<b id="20" c="19 20" t="1"/>
		<b id="21" c="20 21" t="ar"/>
		<b id="22" c="21 22" t="ar"/>
		<b id="23" c="22 23" t="1"/>
		<b id="24" c="22 24" t="ar"/>
		<b id="25" c="24 25" t="ar"/>
		<b id="26" c="25 26" t="ar"/>
		<b id="27" c="20 26" t="ar"/>
		<b id="28" c="18 27" t="ar"/>
		<b id="29" c="27 28" t="1"/>
		<b id="30" c="27 29" t="ar"/>
		<b id="31" c="15 29" t="ar"/>
		<b id="32" c="11 30" t="1"/>
		<b id="33" c="30 31" t="1"/>
		<b id="34" c="11 31" t="1"/>
		<b id="35" c="3 32" t="1"/>
		<b id="36" c="5 33" t="1"/>
		<b id="37" c="6 34" t="1"/>
		<b id="38" c="9 35" t="1"/>
		<b id="39" c="10 36" t="1"/>
		<b id="40" c="14 37" t="1"/>
		<b id="41" c="16 38" t="1"/>
		<b id="42" c="17 39" t="1"/>
		<b id="43" c="21 40" t="1"/>
		<b id="44" c="25 41" t="1"/>
		<b id="45" c="29 42" t="1"/>
		<b id="46" c="30 43" t="1"/>
		<b id="47" c="30 44" t="1"/>
		<b id="48" c="31 45" t="1"/>
		<b id="49" c="31 46" t="1"/>
	</bonds>
	<geometry>
		<g u="A" t="cart/3d">#46,3:2.4568,-3.1060,-0.3622;2.1445,-1.9919,-0.0034;0.9602,-1.3772,-0.2262;-0.1704,-1.8726,-0.8801;-0.2016,-3.1209,-1.4971;-1.3509,-3.5478,-2.1358;-2.4601,-2.7230,-2.1555;-3.5823,-3.1403,-2.7805;-2.4515,-1.4784,-1.5507;-1.3018,-1.0575,-0.9130;3.1295,-1.0978,0.7423;2.5363,-0.3552,1.9048;1.6058,0.4181,1.7563;3.1037,-0.6563,3.1019;2.8090,-0.1431,4.3659;1.8646,0.8572,4.5800;1.6392,1.3347,5.8567;2.3370,0.8282,6.9428;2.0482,1.2911,8.2138;3.0594,1.7562,8.9570;2.8180,2.0309,10.3075;3.9005,2.5346,11.0042;3.7610,2.9147,12.6667;5.0836,2.7485,10.4479;5.1899,2.4567,9.1694;4.2407,1.9764,8.3919;3.2661,-0.1856,6.7200;3.9273,-0.7305,7.7561;3.5091,-0.6673,5.4514;4.1097,-0.3712,-0.1543;4.5714,-1.5127,0.6924;0.8466,-0.4597,0.2015;0.6711,-3.7513,-1.4715;-1.3909,-4.5121,-2.6168;-3.3330,-0.8582,-1.5833;-1.2754,-0.0902,-0.4327;3.8145,-1.3760,3.0920;1.3148,1.2599,3.7466;0.9122,2.1123,6.0274;1.8568,1.8526,10.7552;6.1517,2.6314,8.7076;4.2386,-1.4526,5.3242;4.3931,0.6319,0.1290;4.0161,-0.5170,-1.2198;5.2252,-1.2952,1.5241;4.7741,-2.4544,0.2039;</g>
	</geometry>
	<conformers/>
	<properties/>
</molecule>
