<?xml version="1.0" ?>
<!--MOLLI PACKAGE EXPERIMENTAL XML FORMAT-->
<molecule name="el2625">
	<atoms>
		<a id="1" s="C" t="C.3" l="C"/>
		<a id="2" s="C" t="C.ar" l="C"/>
		<a id="3" s="C" t="C.ar" l="C"/>
		<a id="4" s="C" t="C.ar" l="C"/>
		<a id="5" s="Cl" t="Cl" l="CL"/>
		<a id="6" s="N" t="N.ar" l="N"/>
		<a id="7" s="C" t="C.ar" l="C"/>
		<a id="8" s="C" t="C.ar" l="C"/>
		<a id="9" s="C" t="C.ar" l="C"/>
		<a id="10" s="C" t="C.ar" l="C"/>
		<a id="11" s="C" t="C.ar" l="C"/>
		<a id="12" s="C" t="C.ar" l="C"/>
		<a id="13" s="C" t="C.ar" l="C"/>
		<a id="14" s="N" t="N.ar" l="N"/>
		<a id="15" s="C" t="C.ar" l="C"/>
		<a id="16" s="C" t="C.ar" l="C"/>
		<a id="17" s="C" t="C.3" l="C"/>
		<a id="18" s="O" t="O.3" l="O"/>
		<a id="19" s="C" t="C.ar" l="C"/>
		<a id="20" s="C" t="C.ar" l="C"/>
		<a id="21" s="C" t="C.ar" l="C"/>
		<a id="22" s="C" t="C.ar" l="C"/>
		<a id="23" s="C" t="C.ar" l="C"/>
		<a id="24" s="O" t="O.2" l="O"/>
		<a id="25" s="N" t="N.ar" l="N"/>
		<a id="26" s="C" t="C.ar" l="C"/>
		<a id="27" s="C" t="C.ar" l="C"/>
		<a id="28" s="H" t="H" l="H"/>
		<a id="29" s="H" t="H" l="H"/>
		<a id="30" s="H" t="H" l="H"/>
		<a id="31" s="H" t="H" l="H"/>
		<a id="32" s="H" t="H" l="H"/>
		<a id="33" s="H" t="H" l="H"/>
		<a id="34" s="H" t="H" l="H"/>
		<a id="35" s="H" t="H" l="H"/>
		<a id="36" s="H" t="H" l="H"/>
		<a id="37" s="H" t="H" l="H"/>
		<a id="38" s="H" t="H" l="H"/>
		<a id="39" s="H" t="H" l="H"/>
		<a id="40" s="H" t="H" l="H"/>
		<a id="41" s="H" t="H" l="H"/>
		<a id="42" s="H" t="H" l="H"/>
		<a id="43" s="H" t="H" l="H"/>
	</atoms>
	<bonds>
		<b id="1" c="1 2" t="1"/>
		<b id="2" c="2 3" t="ar"/>
		<b id="3" c="3 4" t="ar"/>
		<b id="4" c="4 5" t="1"/>
		<b id="5" c="4 6" t="ar"/>
		<b id="6" c="6 7" t="ar"/>
		<b id="7" c="7 8" t="ar"/>
		<b id="8" c="2 8" t="ar"/>
		<b id="9" c="8 9" t="1"/>
		<b id="10" c="9 10" t="ar"/>
		<b id="11" c="10 11" t="ar"/>
		<b id="12" c="11 12" t="ar"/>
		<b id="13" c="12 13" t="1"/>
		<b id="14" c="13 14" t="ar"/>
		<b id="15" c="14 15" t="ar"/>
		<b id="16" c="15 16" t="ar"/>
		<b id="17" c="16 17" t="1"/>
		<b id="18" c="17 18" t="1"/>
		<b id="19" c="16 19" t="ar"/>
		<b id="20" c="19 20" t="ar"/>
		<b id="21" c="20 21" t="ar"/>
		<b id="22" c="21 22" t="ar"/>
		<b id="23" c="15 22" t="ar"/>
		<b id="24" c="22 23" t="ar"/>
		<b id="25" c="23 24" t="2"/>
		<b id="26" c="23 25" t="ar"/>
		<b id="27" c="13 25" t="ar"/>
		<b id="28" c="12 26" t="ar"/>
		<b id="29" c="26 27" t="ar"/>
		<b id="30" c="9 27" t="ar"/>
		<b id="31" c="1 28" t="1"/>
		<b id="32" c="1 29" t="1"/>
		<b id="33" c="1 30" t="1"/>
		<b id="34" c="3 31" t="1"/>
		<b id="35" c="7 32" t="1"/>
		<b id="36" c="10 33" t="1"/>
		<b id="37" c="11 34" t="1"/>
		<b id="38" c="17 35" t="1"/>
		<b id="39" c="17 36" t="1"/>
		<b id="40" c="18 37" t="1"/>
		<b id="41" c="19 38" t="1"/>
		<b id="42" c="20 39" t="1"/>
		<b id="43" c="21 40" t="1"/>
		<b id="44" c="25 41" t="1"/>
		<b id="45" c="26 42" t="1"/>
		<b id="46" c="27 43" t="1"/>
	</bonds>
	<geometry>
		<g u="A" t="cart/3d">#43,3:5.3622,-2.5992,0.3743;4.5818,-1.3384,0.1763;5.2431,-0.1166,0.1720;4.5089,1.0394,-0.0451;5.2961,2.5680,-0.0554;3.2098,1.0526,-0.2601;2.5775,-0.1038,-0.2567;3.1955,-1.3336,-0.0349;2.3662,-2.5483,-0.0309;1.5118,-2.8115,-1.1010;0.6863,-3.9150,-1.0852;0.6767,-4.7798,0.0105;-0.2468,-5.9182,0.0040;-0.6827,-6.3576,-1.1268;-1.5638,-7.4089,-1.1451;-2.0464,-7.8706,-2.3858;-1.6152,-7.1924,-3.6635;-0.2337,-6.9728,-3.7584;-2.9371,-8.9256,-2.3995;-3.3662,-9.5348,-1.2226;-2.9005,-9.0916,-0.0059;-1.9981,-8.0295,0.0416;-1.5067,-7.5331,1.3232;-1.7949,-7.9547,2.4219;-0.6293,-6.4602,1.1970;1.5401,-4.5248,1.0753;2.3748,-3.4254,1.0510;6.3473,-2.5041,-0.0766;4.8493,-3.4524,-0.0622;5.5032,-2.7895,1.4382;6.3091,-0.0638,0.3247;1.5104,-0.0481,-0.4252;1.5083,-2.1464,-1.9514;0.0245,-4.1183,-1.9119;-2.1591,-6.2336,-3.7396;-1.8903,-7.8068,-4.5246;0.0332,-6.5414,-2.9303;-3.3102,-9.2844,-3.3479;-4.0637,-10.3570,-1.2704;-3.2133,-9.5410,0.9241;-0.2942,-6.0626,2.0662;1.5876,-5.1944,1.9222;3.0234,-3.2301,1.8913;</g>
	</geometry>
	<conformers/>
	<properties/>
</molecule>
