<?xml version="1.0" ?>
<!--MOLLI PACKAGE EXPERIMENTAL XML FORMAT-->
<molecule name="el2626">
	<atoms>
		<a id="1" s="C" t="C.3" l="C"/>
		<a id="2" s="C" t="C.3" l="C"/>
		<a id="3" s="N" t="N.ar" l="N"/>
		<a id="4" s="C" t="C.ar" l="C"/>
		<a id="5" s="C" t="C.3" l="C"/>
		<a id="6" s="C" t="C.3" l="C"/>
		<a id="7" s="O" t="O.3" l="O"/>
		<a id="8" s="C" t="C.3" l="C"/>
		<a id="9" s="C" t="C.3" l="C"/>
		<a id="10" s="C" t="C.3" l="C"/>
		<a id="11" s="C" t="C.3" l="C"/>
		<a id="12" s="C" t="C.3" l="C"/>
		<a id="13" s="O" t="O.3" l="O"/>
		<a id="14" s="N" t="N.ar" l="N"/>
		<a id="15" s="C" t="C.ar" l="C"/>
		<a id="16" s="C" t="C.ar" l="C"/>
		<a id="17" s="N" t="N.ar" l="N"/>
		<a id="18" s="C" t="C.ar" l="C"/>
		<a id="19" s="Cl" t="Cl" l="CL"/>
		<a id="20" s="C" t="C.ar" l="C"/>
		<a id="21" s="C" t="C.ar" l="C"/>
		<a id="22" s="C" t="C.3" l="C"/>
		<a id="23" s="F" t="F" l="F"/>
		<a id="24" s="F" t="F" l="F"/>
		<a id="25" s="F" t="F" l="F"/>
		<a id="26" s="H" t="H" l="H"/>
		<a id="27" s="H" t="H" l="H"/>
		<a id="28" s="H" t="H" l="H"/>
		<a id="29" s="H" t="H" l="H"/>
		<a id="30" s="H" t="H" l="H"/>
		<a id="31" s="H" t="H" l="H"/>
		<a id="32" s="H" t="H" l="H"/>
		<a id="33" s="H" t="H" l="H"/>
		<a id="34" s="H" t="H" l="H"/>
		<a id="35" s="H" t="H" l="H"/>
		<a id="36" s="H" t="H" l="H"/>
		<a id="37" s="H" t="H" l="H"/>
		<a id="38" s="H" t="H" l="H"/>
		<a id="39" s="H" t="H" l="H"/>
		<a id="40" s="H" t="H" l="H"/>
		<a id="41" s="H" t="H" l="H"/>
		<a id="42" s="H" t="H" l="H"/>
		<a id="43" s="H" t="H" l="H"/>
		<a id="44" s="H" t="H" l="H"/>
	</atoms>
	<bonds>
		<b id="1" c="3 4" t="ar"/>
		<b id="2" c="4 5" t="1"/>
		<b id="3" c="5 6" t="1"/>
		<b id="4" c="5 7" t="1"/>
		<b id="5" c="7 8" t="1"/>
		<b id="6" c="8 9" t="1"/>
		<b id="7" c="9 10" t="1"/>
		<b id="8" c="10 11" t="1"/>
		<b id="9" c="11 12" t="1"/>
		<b id="10" c="12 13" t="1"/>
		<b id="11" c="8 13" t="1"/>
		<b id="12" c="4 14" t="ar"/>
		<b id="13" c="14 15" t="ar"/>
		<b id="14" c="15 16" t="ar"/>
		<b id="15" c="16 17" t="ar"/>
		<b id="16" c="17 18" t="ar"/>
		<b id="17" c="18 19" t="1"/>
		<b id="18" c="18 20" t="ar"/>
		<b id="19" c="20 21" t="ar"/>
		<b id="20" c="15 21" t="ar"/>
		<b id="21" c="3 21" t="ar"/>
		<b id="22" c="2 22" t="1"/>
		<b id="23" c="22 23" t="1"/>
		<b id="24" c="22 24" t="1"/>
		<b id="25" c="22 25" t="1"/>
		<b id="26" c="2 3" t="1"/>
		<b id="27" c="2 1" t="1"/>
		<b id="28" c="1 26" t="1"/>
		<b id="29" c="1 27" t="1"/>
		<b id="30" c="1 28" t="1"/>
		<b id="31" c="2 29" t="1"/>
		<b id="32" c="5 30" t="1"/>
		<b id="33" c="6 31" t="1"/>
		<b id="34" c="6 32" t="1"/>
		<b id="35" c="6 33" t="1"/>
		<b id="36" c="8 34" t="1"/>
		<b id="37" c="9 35" t="1"/>
		<b id="38" c="9 36" t="1"/>
		<b id="39" c="10 37" t="1"/>
		<b id="40" c="10 38" t="1"/>
		<b id="41" c="11 39" t="1"/>
		<b id="42" c="11 40" t="1"/>
		<b id="43" c="12 41" t="1"/>
		<b id="44" c="12 42" t="1"/>
		<b id="45" c="16 43" t="1"/>
		<b id="46" c="20 44" t="1"/>
	</bonds>
	<geometry>
		<g u="A" t="cart/3d">#44,3:3.3082,1.2896,0.0762;2.6057,-0.0651,0.1557;1.1699,0.0387,0.1148;0.3179,-0.5483,-0.8132;0.7781,-1.4167,-1.9483;0.6988,-2.8870,-1.5373;-0.0451,-1.2459,-3.0818;0.0124,0.0365,-3.6574;-1.0544,0.1012,-4.7513;-0.6519,-0.7750,-5.9339;0.7423,-0.3642,-6.4003;1.7049,-0.4730,-5.2224;1.3009,0.3406,-4.1287;-0.9282,-0.2755,-0.6011;-0.9638,0.5264,0.5060;-2.0269,1.1186,1.1745;-1.8187,1.8681,2.2363;-0.5824,2.0508,2.6699;-0.4333,3.0476,4.0632;0.5691,1.5220,2.1038;0.3565,0.7373,0.9810;3.0652,-0.8519,1.3960;3.0255,-0.1570,2.5338;2.3261,-1.9541,1.5813;4.3350,-1.2591,1.2427;4.3856,1.1430,0.0816;3.0358,1.9265,0.9124;3.0243,1.7848,-0.8491;2.9211,-0.6829,-0.6933;1.8116,-1.1510,-2.2256;-0.3368,-3.1304,-1.3199;1.3055,-3.0723,-0.6549;1.0440,-3.5135,-2.3548;-0.1844,0.8046,-2.8920;-1.1509,1.1403,-5.0697;-1.9967,-0.2304,-4.3187;-1.3756,-0.6673,-6.7431;-0.6401,-1.8185,-5.6153;0.7237,0.6681,-6.7556;1.0894,-1.0063,-7.2105;2.7034,-0.1168,-5.4844;1.7682,-1.5209,-4.8983;-3.0506,0.9915,0.8578;1.5302,1.7179,2.5458;</g>
	</geometry>
	<conformers/>
	<properties/>
</molecule>
