<?xml version="1.0" ?>
<!--MOLLI PACKAGE EXPERIMENTAL XML FORMAT-->
<molecule name="el2423">
	<atoms>
		<a id="1" s="Cl" t="Cl" l="CL"/>
		<a id="2" s="C" t="C.ar" l="C"/>
		<a id="3" s="C" t="C.ar" l="C"/>
		<a id="4" s="C" t="C.ar" l="C"/>
		<a id="5" s="C" t="C.ar" l="C"/>
		<a id="6" s="N" t="N.pl3" l="N"/>
		<a id="7" s="C" t="C.3" l="C"/>
		<a id="8" s="C" t="C.3" l="C"/>
		<a id="9" s="O" t="O.3" l="O"/>
		<a id="10" s="C" t="C.3" l="C"/>
		<a id="11" s="C" t="C.3" l="C"/>
		<a id="12" s="N" t="N.ar" l="N"/>
		<a id="13" s="C" t="C.ar" l="C"/>
		<a id="14" s="N" t="N.pl3" l="N"/>
		<a id="15" s="C" t="C.3" l="C"/>
		<a id="16" s="C" t="C.ar" l="C"/>
		<a id="17" s="C" t="C.ar" l="C"/>
		<a id="18" s="C" t="C.ar" l="C"/>
		<a id="19" s="C" t="C.ar" l="C"/>
		<a id="20" s="C" t="C.ar" l="C"/>
		<a id="21" s="C" t="C.ar" l="C"/>
		<a id="22" s="N" t="N.ar" l="N"/>
		<a id="23" s="C" t="C.ar" l="C"/>
		<a id="24" s="C" t="C.ar" l="C"/>
		<a id="25" s="N" t="N.ar" l="N"/>
		<a id="26" s="H" t="H" l="H"/>
		<a id="27" s="H" t="H" l="H"/>
		<a id="28" s="H" t="H" l="H"/>
		<a id="29" s="H" t="H" l="H"/>
		<a id="30" s="H" t="H" l="H"/>
		<a id="31" s="H" t="H" l="H"/>
		<a id="32" s="H" t="H" l="H"/>
		<a id="33" s="H" t="H" l="H"/>
		<a id="34" s="H" t="H" l="H"/>
		<a id="35" s="H" t="H" l="H"/>
		<a id="36" s="H" t="H" l="H"/>
		<a id="37" s="H" t="H" l="H"/>
		<a id="38" s="H" t="H" l="H"/>
		<a id="39" s="H" t="H" l="H"/>
		<a id="40" s="H" t="H" l="H"/>
		<a id="41" s="H" t="H" l="H"/>
		<a id="42" s="H" t="H" l="H"/>
		<a id="43" s="H" t="H" l="H"/>
	</atoms>
	<bonds>
		<b id="1" c="1 2" t="1"/>
		<b id="2" c="2 3" t="ar"/>
		<b id="3" c="3 4" t="ar"/>
		<b id="4" c="4 5" t="ar"/>
		<b id="5" c="5 6" t="1"/>
		<b id="6" c="6 7" t="1"/>
		<b id="7" c="7 8" t="1"/>
		<b id="8" c="8 9" t="1"/>
		<b id="9" c="9 10" t="1"/>
		<b id="10" c="10 11" t="1"/>
		<b id="11" c="6 11" t="1"/>
		<b id="12" c="5 12" t="ar"/>
		<b id="13" c="12 13" t="ar"/>
		<b id="14" c="13 14" t="1"/>
		<b id="15" c="14 15" t="1"/>
		<b id="16" c="15 16" t="1"/>
		<b id="17" c="16 17" t="ar"/>
		<b id="18" c="17 18" t="ar"/>
		<b id="19" c="18 19" t="ar"/>
		<b id="20" c="19 20" t="ar"/>
		<b id="21" c="20 21" t="ar"/>
		<b id="22" c="16 21" t="ar"/>
		<b id="23" c="13 22" t="ar"/>
		<b id="24" c="22 23" t="ar"/>
		<b id="25" c="4 23" t="ar"/>
		<b id="26" c="23 24" t="ar"/>
		<b id="27" c="24 25" t="ar"/>
		<b id="28" c="2 25" t="ar"/>
		<b id="29" c="3 26" t="1"/>
		<b id="30" c="7 27" t="1"/>
		<b id="31" c="7 28" t="1"/>
		<b id="32" c="8 29" t="1"/>
		<b id="33" c="8 30" t="1"/>
		<b id="34" c="10 31" t="1"/>
		<b id="35" c="10 32" t="1"/>
		<b id="36" c="11 33" t="1"/>
		<b id="37" c="11 34" t="1"/>
		<b id="38" c="14 35" t="1"/>
		<b id="39" c="15 36" t="1"/>
		<b id="40" c="15 37" t="1"/>
		<b id="41" c="17 38" t="1"/>
		<b id="42" c="18 39" t="1"/>
		<b id="43" c="19 40" t="1"/>
		<b id="44" c="20 41" t="1"/>
		<b id="45" c="21 42" t="1"/>
		<b id="46" c="24 43" t="1"/>
	</bonds>
	<geometry>
		<g u="A" t="cart/3d">#43,3:1.4233,-0.4191,-0.6452;3.1038,-0.1666,-0.3353;3.5558,1.0932,-0.0152;4.9261,1.2545,0.2295;5.6231,2.4772,0.5448;5.0900,3.7069,0.3610;5.6949,4.8711,0.9730;4.5659,5.7353,1.5488;3.6263,6.0942,0.5612;3.0617,4.9563,-0.0485;4.1594,4.0912,-0.6763;6.8306,2.4296,1.0715;7.4612,1.2422,1.1552;8.6612,1.2204,1.7667;9.4165,2.3986,2.1146;10.6132,2.5958,1.2172;10.4751,2.4749,-0.1602;11.5663,2.6446,-0.9924;12.8084,2.9422,-0.4566;12.9530,3.0690,0.9139;11.8613,2.8927,1.7465;7.0134,0.0934,0.6782;5.7400,0.0849,0.2564;5.1383,-1.1332,-0.1346;3.8724,-1.2465,-0.4302;2.8516,1.9018,0.0891;6.2577,5.4454,0.2268;6.3715,4.5439,1.7604;4.9616,6.6714,1.9450;4.0651,5.1803,2.3569;2.3727,5.3261,-0.8091;2.5034,4.3679,0.6961;4.6981,4.7069,-1.4119;3.7499,3.2252,-1.1889;9.1558,0.3438,1.7021;9.7409,2.3242,3.1585;8.7315,3.2453,2.0171;9.5052,2.2432,-0.5764;11.4485,2.5442,-2.0613;13.6612,3.0735,-1.1060;13.9195,3.3001,1.3371;11.9791,2.9882,2.8167;5.7333,-2.0339,-0.1718;</g>
	</geometry>
	<conformers/>
	<properties/>
</molecule>
