<?xml version="1.0" ?>
<!--MOLLI PACKAGE EXPERIMENTAL XML FORMAT-->
<molecule name="el2631">
	<atoms>
		<a id="1" s="C" t="C.3" l="C"/>
		<a id="2" s="O" t="O.3" l="O"/>
		<a id="3" s="C" t="C.2" l="C"/>
		<a id="4" s="O" t="O.2" l="O"/>
		<a id="5" s="C" t="C.ar" l="C"/>
		<a id="6" s="N" t="N.ar" l="N"/>
		<a id="7" s="C" t="C.ar" l="C"/>
		<a id="8" s="Cl" t="Cl" l="CL"/>
		<a id="9" s="C" t="C.ar" l="C"/>
		<a id="10" s="C" t="C.ar" l="C"/>
		<a id="11" s="N" t="N.ar" l="N"/>
		<a id="12" s="N" t="N.ar" l="N"/>
		<a id="13" s="C" t="C.ar" l="C"/>
		<a id="14" s="C" t="C.ar" l="C"/>
		<a id="15" s="C" t="C.ar" l="C"/>
		<a id="16" s="C" t="C.ar" l="C"/>
		<a id="17" s="C" t="C.ar" l="C"/>
		<a id="18" s="C" t="C.3" l="C"/>
		<a id="19" s="N" t="N.ar" l="N"/>
		<a id="20" s="O" t="O.2" l="O"/>
		<a id="21" s="C" t="C.ar" l="C"/>
		<a id="22" s="C" t="C.3" l="C"/>
		<a id="23" s="C" t="C.ar" l="C"/>
		<a id="24" s="O" t="O.3" l="O"/>
		<a id="25" s="C" t="C.3" l="C"/>
		<a id="26" s="C" t="C.ar" l="C"/>
		<a id="27" s="C" t="C.ar" l="C"/>
		<a id="28" s="H" t="H" l="H"/>
		<a id="29" s="H" t="H" l="H"/>
		<a id="30" s="H" t="H" l="H"/>
		<a id="31" s="H" t="H" l="H"/>
		<a id="32" s="H" t="H" l="H"/>
		<a id="33" s="H" t="H" l="H"/>
		<a id="34" s="H" t="H" l="H"/>
		<a id="35" s="H" t="H" l="H"/>
		<a id="36" s="H" t="H" l="H"/>
		<a id="37" s="H" t="H" l="H"/>
		<a id="38" s="H" t="H" l="H"/>
		<a id="39" s="H" t="H" l="H"/>
		<a id="40" s="H" t="H" l="H"/>
		<a id="41" s="H" t="H" l="H"/>
		<a id="42" s="H" t="H" l="H"/>
	</atoms>
	<bonds>
		<b id="1" c="1 2" t="1"/>
		<b id="2" c="2 3" t="1"/>
		<b id="3" c="3 4" t="2"/>
		<b id="4" c="3 5" t="1"/>
		<b id="5" c="5 6" t="ar"/>
		<b id="6" c="6 7" t="ar"/>
		<b id="7" c="7 8" t="1"/>
		<b id="8" c="7 9" t="ar"/>
		<b id="9" c="9 10" t="ar"/>
		<b id="10" c="10 11" t="ar"/>
		<b id="11" c="5 11" t="ar"/>
		<b id="12" c="10 12" t="ar"/>
		<b id="13" c="12 13" t="ar"/>
		<b id="14" c="13 14" t="ar"/>
		<b id="15" c="14 15" t="ar"/>
		<b id="16" c="15 16" t="1"/>
		<b id="17" c="16 17" t="ar"/>
		<b id="18" c="17 18" t="1"/>
		<b id="19" c="17 19" t="ar"/>
		<b id="20" c="19 20" t="ar"/>
		<b id="21" c="20 21" t="ar"/>
		<b id="22" c="16 21" t="ar"/>
		<b id="23" c="21 22" t="1"/>
		<b id="24" c="15 23" t="ar"/>
		<b id="25" c="23 24" t="1"/>
		<b id="26" c="24 25" t="1"/>
		<b id="27" c="23 26" t="ar"/>
		<b id="28" c="26 27" t="ar"/>
		<b id="29" c="13 27" t="ar"/>
		<b id="30" c="9 27" t="ar"/>
		<b id="31" c="1 28" t="1"/>
		<b id="32" c="1 29" t="1"/>
		<b id="33" c="1 30" t="1"/>
		<b id="34" c="12 31" t="1"/>
		<b id="35" c="14 32" t="1"/>
		<b id="36" c="18 33" t="1"/>
		<b id="37" c="18 34" t="1"/>
		<b id="38" c="18 35" t="1"/>
		<b id="39" c="22 36" t="1"/>
		<b id="40" c="22 37" t="1"/>
		<b id="41" c="22 38" t="1"/>
		<b id="42" c="25 39" t="1"/>
		<b id="43" c="25 40" t="1"/>
		<b id="44" c="25 41" t="1"/>
		<b id="45" c="26 42" t="1"/>
	</bonds>
	<geometry>
		<g u="A" t="cart/3d">#42,3:1.3628,0.5862,-0.5402;2.7813,0.6294,-0.4869;3.3031,1.2296,0.5795;2.6546,1.7209,1.4660;4.8002,1.2167,0.5380;5.3756,0.5951,-0.4881;6.6895,0.5627,-0.5507;7.3736,-0.2535,-1.8947;7.4792,1.1577,0.4213;6.7404,1.7930,1.4694;5.4219,1.8269,1.5353;7.6070,2.3338,2.3551;8.8976,2.0807,1.9342;10.1048,2.4349,2.5106;11.2794,2.0570,1.8782;12.5616,2.4267,2.4733;13.6479,3.1529,1.8920;13.7429,3.7198,0.5266;14.6020,3.3072,2.7674;14.2138,2.7046,3.9186;12.9876,2.1841,3.7553;12.3601,1.4695,4.8935;11.2460,1.3073,0.6757;12.4606,0.9512,0.1775;12.5051,0.1863,-1.0031;10.0383,0.9565,0.0973;8.8610,1.3472,0.7278;1.1101,0.0656,-1.4600;0.9517,1.5980,-0.5444;0.9662,0.0525,0.3263;7.3378,2.8404,3.1817;10.1447,3.0066,3.4247;12.8348,4.2692,0.2848;13.8581,2.9156,-0.1969;14.6020,4.3810,0.4689;13.0962,0.8342,5.3815;11.5306,0.8655,4.5360;11.9903,2.1817,5.6315;13.5619,0.0142,-1.2009;12.0602,0.7228,-1.8469;12.0000,-0.7761,-0.8773;9.9826,0.3884,-0.8157;</g>
	</geometry>
	<conformers/>
	<properties/>
</molecule>
