<?xml version="1.0" ?>
<!--MOLLI PACKAGE EXPERIMENTAL XML FORMAT-->
<molecule name="el2635">
	<atoms>
		<a id="1" s="C" t="C.3" l="C"/>
		<a id="2" s="O" t="O.3" l="O"/>
		<a id="3" s="C" t="C.ar" l="C"/>
		<a id="4" s="C" t="C.ar" l="C"/>
		<a id="5" s="C" t="C.ar" l="C"/>
		<a id="6" s="C" t="C.ar" l="C"/>
		<a id="7" s="C" t="C.ar" l="C"/>
		<a id="8" s="C" t="C.3" l="C"/>
		<a id="9" s="C" t="C.3" l="C"/>
		<a id="10" s="N" t="N.am" l="N"/>
		<a id="11" s="C" t="C.2" l="C"/>
		<a id="12" s="O" t="O.2" l="O"/>
		<a id="13" s="C" t="C.ar" l="C"/>
		<a id="14" s="C" t="C.ar" l="C"/>
		<a id="15" s="C" t="C.ar" l="C"/>
		<a id="16" s="C" t="C.ar" l="C"/>
		<a id="17" s="C" t="C.ar" l="C"/>
		<a id="18" s="C" t="C.ar" l="C"/>
		<a id="19" s="C" t="C.ar" l="C"/>
		<a id="20" s="N" t="N.ar" l="N"/>
		<a id="21" s="C" t="C.ar" l="C"/>
		<a id="22" s="Cl" t="Cl" l="CL"/>
		<a id="23" s="C" t="C.ar" l="C"/>
		<a id="24" s="C" t="C.ar" l="C"/>
		<a id="25" s="C" t="C.ar" l="C"/>
		<a id="26" s="C" t="C.ar" l="C"/>
		<a id="27" s="H" t="H" l="H"/>
		<a id="28" s="H" t="H" l="H"/>
		<a id="29" s="H" t="H" l="H"/>
		<a id="30" s="H" t="H" l="H"/>
		<a id="31" s="H" t="H" l="H"/>
		<a id="32" s="H" t="H" l="H"/>
		<a id="33" s="H" t="H" l="H"/>
		<a id="34" s="H" t="H" l="H"/>
		<a id="35" s="H" t="H" l="H"/>
		<a id="36" s="H" t="H" l="H"/>
		<a id="37" s="H" t="H" l="H"/>
		<a id="38" s="H" t="H" l="H"/>
		<a id="39" s="H" t="H" l="H"/>
		<a id="40" s="H" t="H" l="H"/>
		<a id="41" s="H" t="H" l="H"/>
		<a id="42" s="H" t="H" l="H"/>
		<a id="43" s="H" t="H" l="H"/>
		<a id="44" s="H" t="H" l="H"/>
		<a id="45" s="H" t="H" l="H"/>
	</atoms>
	<bonds>
		<b id="1" c="1 2" t="1"/>
		<b id="2" c="2 3" t="1"/>
		<b id="3" c="3 4" t="ar"/>
		<b id="4" c="4 5" t="ar"/>
		<b id="5" c="5 6" t="ar"/>
		<b id="6" c="6 7" t="ar"/>
		<b id="7" c="7 8" t="1"/>
		<b id="8" c="8 9" t="1"/>
		<b id="9" c="8 10" t="1"/>
		<b id="10" c="10 11" t="am"/>
		<b id="11" c="11 12" t="2"/>
		<b id="12" c="11 13" t="1"/>
		<b id="13" c="13 14" t="ar"/>
		<b id="14" c="14 15" t="ar"/>
		<b id="15" c="15 16" t="ar"/>
		<b id="16" c="16 17" t="1"/>
		<b id="17" c="17 18" t="ar"/>
		<b id="18" c="18 19" t="ar"/>
		<b id="19" c="19 20" t="ar"/>
		<b id="20" c="20 21" t="ar"/>
		<b id="21" c="21 22" t="1"/>
		<b id="22" c="21 23" t="ar"/>
		<b id="23" c="17 23" t="ar"/>
		<b id="24" c="16 24" t="ar"/>
		<b id="25" c="24 25" t="ar"/>
		<b id="26" c="13 25" t="ar"/>
		<b id="27" c="7 26" t="ar"/>
		<b id="28" c="3 26" t="ar"/>
		<b id="29" c="1 27" t="1"/>
		<b id="30" c="1 28" t="1"/>
		<b id="31" c="1 29" t="1"/>
		<b id="32" c="4 30" t="1"/>
		<b id="33" c="5 31" t="1"/>
		<b id="34" c="6 32" t="1"/>
		<b id="35" c="8 33" t="1"/>
		<b id="36" c="9 34" t="1"/>
		<b id="37" c="9 35" t="1"/>
		<b id="38" c="9 36" t="1"/>
		<b id="39" c="10 37" t="1"/>
		<b id="40" c="14 38" t="1"/>
		<b id="41" c="15 39" t="1"/>
		<b id="42" c="18 40" t="1"/>
		<b id="43" c="19 41" t="1"/>
		<b id="44" c="23 42" t="1"/>
		<b id="45" c="24 43" t="1"/>
		<b id="46" c="25 44" t="1"/>
		<b id="47" c="26 45" t="1"/>
	</bonds>
	<geometry>
		<g u="A" t="cart/3d">#45,3:1.5845,-2.6146,3.5470;2.6537,-1.7545,3.8571;3.4460,-1.3079,2.8424;3.2947,-1.6410,1.5018;4.1750,-1.1198,0.5682;5.2011,-0.2769,0.9493;5.3580,0.0665,2.2868;6.4614,1.0051,2.7156;5.8841,2.3453,3.1819;7.2629,0.3998,3.7611;8.6124,0.3467,3.7165;9.2714,0.8209,2.8118;9.2390,-0.3360,4.8903;8.6698,-1.4523,5.4954;9.2981,-2.0593,6.5653;10.5068,-1.5666,7.0536;11.1664,-2.2114,8.1966;12.5537,-2.3696,8.2431;13.1185,-2.9852,9.3441;12.4127,-3.4378,10.3679;11.1068,-3.2874,10.3209;10.2274,-3.8920,11.6731;10.4233,-2.6876,9.2741;11.0818,-0.4590,6.4332;10.4566,0.1443,5.3608;4.4778,-0.4505,3.2215;1.1036,-2.8409,4.4969;1.9357,-3.5450,3.0898;0.8612,-2.1329,2.8818;2.5041,-2.2975,1.1750;4.0537,-1.3822,-0.4721;5.8826,0.1170,0.2114;7.1486,1.1800,1.8813;5.2187,2.2015,4.0301;5.3209,2.8039,2.3738;6.6901,3.0140,3.4736;6.7763,0.0485,4.5695;7.7494,-1.8708,5.1135;8.8621,-2.9405,7.0122;13.1720,-2.0360,7.4253;14.1870,-3.1313,9.4228;9.3516,-2.5800,9.3105;12.0128,-0.0599,6.8069;10.8996,0.9976,4.8703;4.5554,-0.2022,4.2694;</g>
	</geometry>
	<conformers/>
	<properties/>
</molecule>
