<?xml version="1.0" ?>
<!--MOLLI PACKAGE EXPERIMENTAL XML FORMAT-->
<molecule name="el2637">
	<atoms>
		<a id="1" s="Cl" t="Cl" l="CL"/>
		<a id="2" s="C" t="C.ar" l="C"/>
		<a id="3" s="C" t="C.ar" l="C"/>
		<a id="4" s="C" t="C.ar" l="C"/>
		<a id="5" s="C" t="C.ar" l="C"/>
		<a id="6" s="O" t="O.2" l="O"/>
		<a id="7" s="C" t="C.ar" l="C"/>
		<a id="8" s="C" t="C.ar" l="C"/>
		<a id="9" s="C" t="C.ar" l="C"/>
		<a id="10" s="C" t="C.ar" l="C"/>
		<a id="11" s="C" t="C.ar" l="C"/>
		<a id="12" s="C" t="C.ar" l="C"/>
		<a id="13" s="C" t="C.ar" l="C"/>
		<a id="14" s="C" t="C.ar" l="C"/>
		<a id="15" s="C" t="C.ar" l="C"/>
		<a id="16" s="C" t="C.ar" l="C"/>
		<a id="17" s="C" t="C.ar" l="C"/>
		<a id="18" s="C" t="C.ar" l="C"/>
		<a id="19" s="C" t="C.ar" l="C"/>
		<a id="20" s="N" t="N.ar" l="N"/>
		<a id="21" s="H" t="H" l="H"/>
		<a id="22" s="H" t="H" l="H"/>
		<a id="23" s="H" t="H" l="H"/>
		<a id="24" s="H" t="H" l="H"/>
		<a id="25" s="H" t="H" l="H"/>
		<a id="26" s="H" t="H" l="H"/>
		<a id="27" s="H" t="H" l="H"/>
		<a id="28" s="H" t="H" l="H"/>
		<a id="29" s="H" t="H" l="H"/>
		<a id="30" s="H" t="H" l="H"/>
	</atoms>
	<bonds>
		<b id="1" c="1 2" t="1"/>
		<b id="2" c="2 3" t="ar"/>
		<b id="3" c="3 4" t="ar"/>
		<b id="4" c="4 5" t="ar"/>
		<b id="5" c="5 6" t="ar"/>
		<b id="6" c="6 7" t="ar"/>
		<b id="7" c="7 8" t="ar"/>
		<b id="8" c="8 9" t="1"/>
		<b id="9" c="9 10" t="ar"/>
		<b id="10" c="10 11" t="ar"/>
		<b id="11" c="11 12" t="ar"/>
		<b id="12" c="12 13" t="ar"/>
		<b id="13" c="13 14" t="ar"/>
		<b id="14" c="14 15" t="ar"/>
		<b id="15" c="15 16" t="ar"/>
		<b id="16" c="16 17" t="ar"/>
		<b id="17" c="12 17" t="ar"/>
		<b id="18" c="17 18" t="ar"/>
		<b id="19" c="9 18" t="ar"/>
		<b id="20" c="8 19" t="ar"/>
		<b id="21" c="5 19" t="ar"/>
		<b id="22" c="19 20" t="ar"/>
		<b id="23" c="2 20" t="ar"/>
		<b id="24" c="3 21" t="1"/>
		<b id="25" c="4 22" t="1"/>
		<b id="26" c="7 23" t="1"/>
		<b id="27" c="10 24" t="1"/>
		<b id="28" c="11 25" t="1"/>
		<b id="29" c="13 26" t="1"/>
		<b id="30" c="14 27" t="1"/>
		<b id="31" c="15 28" t="1"/>
		<b id="32" c="16 29" t="1"/>
		<b id="33" c="18 30" t="1"/>
	</bonds>
	<geometry>
		<g u="A" t="cart/3d">#30,3:6.0626,-0.4638,-4.5285;6.2020,-0.3001,-2.8213;6.4971,0.9606,-2.2874;6.6101,1.0968,-0.9175;6.4175,-0.0550,-0.1699;6.4667,-0.2238,1.1661;6.2139,-1.5343,1.3929;5.9948,-2.2520,0.2508;5.7003,-3.6710,0.1216;5.2726,-4.1793,-1.1263;4.9857,-5.5043,-1.2755;5.1110,-6.4041,-0.1957;4.8253,-7.7787,-0.3209;4.9655,-8.6215,0.7462;5.3975,-8.1276,1.9877;5.6811,-6.8000,2.1417;5.5464,-5.9031,1.0597;5.8329,-4.5317,1.1887;6.1223,-1.2829,-0.8054;6.0163,-1.3961,-2.1279;6.6315,1.8023,-2.9460;6.8358,2.0443,-0.4542;6.2072,-1.8325,2.4232;5.1839,-3.4964,-1.9556;4.6575,-5.8865,-2.2317;4.4939,-8.1541,-1.2787;4.7462,-9.6742,0.6430;5.5035,-8.8082,2.8200;6.0136,-6.4156,3.0957;6.1720,-4.1670,2.1472;</g>
	</geometry>
	<conformers/>
	<properties/>
</molecule>
