<?xml version="1.0" ?>
<!--MOLLI PACKAGE EXPERIMENTAL XML FORMAT-->
<molecule name="el2640">
	<atoms>
		<a id="1" s="Cl" t="Cl" l="CL"/>
		<a id="2" s="C" t="C.ar" l="C"/>
		<a id="3" s="N" t="N.ar" l="N"/>
		<a id="4" s="C" t="C.ar" l="C"/>
		<a id="5" s="C" t="C.ar" l="C"/>
		<a id="6" s="C" t="C.ar" l="C"/>
		<a id="7" s="C" t="C.ar" l="C"/>
		<a id="8" s="C" t="C.ar" l="C"/>
		<a id="9" s="C" t="C.3" l="C"/>
		<a id="10" s="C" t="C.3" l="C"/>
		<a id="11" s="C" t="C.3" l="C"/>
		<a id="12" s="N" t="N.ar" l="N"/>
		<a id="13" s="N" t="N.ar" l="N"/>
		<a id="14" s="N" t="N.ar" l="N"/>
		<a id="15" s="C" t="C.ar" l="C"/>
		<a id="16" s="N" t="N.pl3" l="N"/>
		<a id="17" s="C" t="C.3" l="C"/>
		<a id="18" s="C" t="C.3" l="C"/>
		<a id="19" s="O" t="O.3" l="O"/>
		<a id="20" s="C" t="C.3" l="C"/>
		<a id="21" s="C" t="C.3" l="C"/>
		<a id="22" s="C" t="C.ar" l="C"/>
		<a id="23" s="C" t="C.ar" l="C"/>
		<a id="24" s="C" t="C.ar" l="C"/>
		<a id="25" s="N" t="N.ar" l="N"/>
		<a id="26" s="H" t="H" l="H"/>
		<a id="27" s="H" t="H" l="H"/>
		<a id="28" s="H" t="H" l="H"/>
		<a id="29" s="H" t="H" l="H"/>
		<a id="30" s="H" t="H" l="H"/>
		<a id="31" s="H" t="H" l="H"/>
		<a id="32" s="H" t="H" l="H"/>
		<a id="33" s="H" t="H" l="H"/>
		<a id="34" s="H" t="H" l="H"/>
		<a id="35" s="H" t="H" l="H"/>
		<a id="36" s="H" t="H" l="H"/>
		<a id="37" s="H" t="H" l="H"/>
		<a id="38" s="H" t="H" l="H"/>
		<a id="39" s="H" t="H" l="H"/>
		<a id="40" s="H" t="H" l="H"/>
		<a id="41" s="H" t="H" l="H"/>
		<a id="42" s="H" t="H" l="H"/>
	</atoms>
	<bonds>
		<b id="1" c="1 2" t="1"/>
		<b id="2" c="2 3" t="ar"/>
		<b id="3" c="3 4" t="ar"/>
		<b id="4" c="4 5" t="ar"/>
		<b id="5" c="5 6" t="ar"/>
		<b id="6" c="6 7" t="1"/>
		<b id="7" c="7 8" t="ar"/>
		<b id="8" c="8 9" t="1"/>
		<b id="9" c="9 10" t="1"/>
		<b id="10" c="10 11" t="1"/>
		<b id="11" c="9 11" t="1"/>
		<b id="12" c="8 12" t="ar"/>
		<b id="13" c="12 13" t="ar"/>
		<b id="14" c="13 14" t="ar"/>
		<b id="15" c="14 15" t="ar"/>
		<b id="16" c="15 16" t="1"/>
		<b id="17" c="16 17" t="1"/>
		<b id="18" c="17 18" t="1"/>
		<b id="19" c="18 19" t="1"/>
		<b id="20" c="19 20" t="1"/>
		<b id="21" c="20 21" t="1"/>
		<b id="22" c="16 21" t="1"/>
		<b id="23" c="15 22" t="ar"/>
		<b id="24" c="22 23" t="ar"/>
		<b id="25" c="23 24" t="ar"/>
		<b id="26" c="7 24" t="ar"/>
		<b id="27" c="13 24" t="ar"/>
		<b id="28" c="6 25" t="ar"/>
		<b id="29" c="2 25" t="ar"/>
		<b id="30" c="4 26" t="1"/>
		<b id="31" c="5 27" t="1"/>
		<b id="32" c="9 28" t="1"/>
		<b id="33" c="10 29" t="1"/>
		<b id="34" c="10 30" t="1"/>
		<b id="35" c="11 31" t="1"/>
		<b id="36" c="11 32" t="1"/>
		<b id="37" c="17 33" t="1"/>
		<b id="38" c="17 34" t="1"/>
		<b id="39" c="18 35" t="1"/>
		<b id="40" c="18 36" t="1"/>
		<b id="41" c="20 37" t="1"/>
		<b id="42" c="20 38" t="1"/>
		<b id="43" c="21 39" t="1"/>
		<b id="44" c="21 40" t="1"/>
		<b id="45" c="22 41" t="1"/>
		<b id="46" c="23 42" t="1"/>
	</bonds>
	<geometry>
		<g u="A" t="cart/3d">#42,3:0.1929,0.9386,-2.7133;0.6747,0.4738,-1.1396;0.3472,1.2966,-0.1644;0.7066,0.9038,1.0530;1.3872,-0.2725,1.2853;1.7126,-1.0590,0.1663;2.4280,-2.3016,0.2634;2.4068,-3.3843,-0.6466;1.6740,-3.4870,-1.9040;1.1558,-4.8368,-2.3360;2.3112,-4.2332,-3.0518;3.1527,-4.3959,-0.1993;3.6681,-4.0060,0.9418;4.4808,-4.7825,1.6174;4.9816,-4.3282,2.7532;5.7219,-5.2064,3.4840;6.7279,-4.8029,4.4428;8.1024,-4.7759,3.7562;8.4147,-6.0307,3.2030;7.4385,-6.4392,2.2664;6.0498,-6.4998,2.9102;4.6911,-3.0052,3.2037;3.8492,-2.2197,2.4733;3.2770,-2.7368,1.3017;1.3280,-0.6592,-1.0529;0.4223,1.5703,1.8566;1.6281,-0.5883,2.2852;1.0884,-2.6101,-2.1379;0.1952,-4.8688,-2.8270;1.3545,-5.6665,-1.6763;2.1644,-3.8372,-4.0447;3.2869,-4.6565,-2.8733;6.7435,-5.5494,5.2437;6.5064,-3.8308,4.8764;8.8918,-4.5529,4.4759;8.0974,-4.0044,2.9689;7.7502,-7.4231,1.9152;7.4123,-5.7392,1.4184;6.0534,-7.2339,3.7214;5.2962,-6.7582,2.1697;5.1257,-2.6213,4.1103;3.6371,-1.2079,2.7800;</g>
	</geometry>
	<conformers/>
	<properties/>
</molecule>
