<?xml version="1.0" ?>
<!--MOLLI PACKAGE EXPERIMENTAL XML FORMAT-->
<molecule name="el2642">
	<atoms>
		<a id="1" s="C" t="C.3" l="C"/>
		<a id="2" s="N" t="N.3" l="N"/>
		<a id="3" s="C" t="C.3" l="C"/>
		<a id="4" s="C" t="C.3" l="C"/>
		<a id="5" s="N" t="N.pl3" l="N"/>
		<a id="6" s="C" t="C.ar" l="C"/>
		<a id="7" s="C" t="C.ar" l="C"/>
		<a id="8" s="C" t="C.ar" l="C"/>
		<a id="9" s="Cl" t="Cl" l="CL"/>
		<a id="10" s="N" t="N.ar" l="N"/>
		<a id="11" s="C" t="C.ar" l="C"/>
		<a id="12" s="C" t="C.2" l="C"/>
		<a id="13" s="C" t="C.2" l="C"/>
		<a id="14" s="C" t="C.ar" l="C"/>
		<a id="15" s="C" t="C.ar" l="C"/>
		<a id="16" s="C" t="C.ar" l="C"/>
		<a id="17" s="C" t="C.ar" l="C"/>
		<a id="18" s="N" t="N.pl3" l="N"/>
		<a id="19" s="O" t="O.2" l="O"/>
		<a id="20" s="O" t="O.co2" l="O"/>
		<a id="21" s="C" t="C.ar" l="C"/>
		<a id="22" s="C" t="C.ar" l="C"/>
		<a id="23" s="N" t="N.ar" l="N"/>
		<a id="24" s="C" t="C.3" l="C"/>
		<a id="25" s="C" t="C.3" l="C"/>
		<a id="26" s="H" t="H" l="H"/>
		<a id="27" s="H" t="H" l="H"/>
		<a id="28" s="H" t="H" l="H"/>
		<a id="29" s="H" t="H" l="H"/>
		<a id="30" s="H" t="H" l="H"/>
		<a id="31" s="H" t="H" l="H"/>
		<a id="32" s="H" t="H" l="H"/>
		<a id="33" s="H" t="H" l="H"/>
		<a id="34" s="H" t="H" l="H"/>
		<a id="35" s="H" t="H" l="H"/>
		<a id="36" s="H" t="H" l="H"/>
		<a id="37" s="H" t="H" l="H"/>
		<a id="38" s="H" t="H" l="H"/>
		<a id="39" s="H" t="H" l="H"/>
		<a id="40" s="H" t="H" l="H"/>
		<a id="41" s="H" t="H" l="H"/>
		<a id="42" s="H" t="H" l="H"/>
		<a id="43" s="H" t="H" l="H"/>
	</atoms>
	<bonds>
		<b id="1" c="1 2" t="1"/>
		<b id="2" c="2 3" t="1"/>
		<b id="3" c="3 4" t="1"/>
		<b id="4" c="4 5" t="1"/>
		<b id="5" c="5 6" t="1"/>
		<b id="6" c="6 7" t="ar"/>
		<b id="7" c="7 8" t="ar"/>
		<b id="8" c="8 9" t="1"/>
		<b id="9" c="8 10" t="ar"/>
		<b id="10" c="10 11" t="ar"/>
		<b id="11" c="11 12" t="1"/>
		<b id="12" c="12 13" t="2"/>
		<b id="13" c="13 14" t="1"/>
		<b id="14" c="14 15" t="ar"/>
		<b id="15" c="15 16" t="ar"/>
		<b id="16" c="16 17" t="ar"/>
		<b id="17" c="17 18" t="1"/>
		<b id="18" c="18 19" t="2"/>
		<b id="19" c="18 20" t="1"/>
		<b id="20" c="17 21" t="ar"/>
		<b id="21" c="21 22" t="ar"/>
		<b id="22" c="14 22" t="ar"/>
		<b id="23" c="11 23" t="ar"/>
		<b id="24" c="6 23" t="ar"/>
		<b id="25" c="5 24" t="1"/>
		<b id="26" c="24 25" t="1"/>
		<b id="27" c="2 25" t="1"/>
		<b id="28" c="1 26" t="1"/>
		<b id="29" c="1 27" t="1"/>
		<b id="30" c="1 28" t="1"/>
		<b id="31" c="3 29" t="1"/>
		<b id="32" c="3 30" t="1"/>
		<b id="33" c="4 31" t="1"/>
		<b id="34" c="4 32" t="1"/>
		<b id="35" c="7 33" t="1"/>
		<b id="36" c="12 34" t="1"/>
		<b id="37" c="13 35" t="1"/>
		<b id="38" c="15 36" t="1"/>
		<b id="39" c="16 37" t="1"/>
		<b id="40" c="21 38" t="1"/>
		<b id="41" c="22 39" t="1"/>
		<b id="42" c="24 40" t="1"/>
		<b id="43" c="24 41" t="1"/>
		<b id="44" c="25 42" t="1"/>
		<b id="45" c="25 43" t="1"/>
	</bonds>
	<geometry>
		<g u="A" t="cart/3d">#43,3:1.0737,-0.7840,-1.7330;0.3845,-0.0521,-0.6935;-0.8474,0.5496,-1.1718;-1.4513,1.4184,-0.0680;-1.6932,0.6129,1.1094;-2.9380,0.1896,1.4035;-3.2319,-0.7217,2.4441;-4.5660,-0.9948,2.6453;-5.0338,-2.0956,3.8846;-5.5483,-0.4644,1.9413;-5.1837,0.3839,0.9801;-6.2674,0.9703,0.2109;-6.0583,1.8141,-0.8088;-7.0701,2.4510,-1.6255;-8.4351,2.4089,-1.3129;-9.3622,3.0343,-2.1163;-8.9368,3.7140,-3.2541;-9.9026,4.3666,-4.0948;-11.0691,4.3112,-3.7636;-9.4946,4.9346,-5.0874;-7.5870,3.7731,-3.5855;-6.6674,3.1492,-2.7722;-3.9387,0.7209,0.6861;-0.4767,-0.0038,1.5801;0.1212,-0.8751,0.4716;1.2922,-0.1072,-2.5574;0.4867,-1.6316,-2.1198;2.0138,-1.1638,-1.3360;-1.5865,-0.2153,-1.4737;-0.6164,1.1692,-2.0406;-2.3958,1.8531,-0.3893;-0.7441,2.2093,0.1973;-2.4827,-1.1865,3.0582;-7.2503,0.6594,0.5289;-5.0316,2.0399,-1.0649;-8.7660,1.8910,-0.4275;-10.4157,3.0118,-1.8827;-7.2858,4.3094,-4.4723;-5.6178,3.1916,-3.0217;-0.6527,-0.5965,2.4746;0.2326,0.7943,1.8211;-0.5785,-1.7008,0.2419;1.0642,-1.3064,0.8141;</g>
	</geometry>
	<conformers/>
	<properties/>
</molecule>
