<?xml version="1.0" ?>
<!--MOLLI PACKAGE EXPERIMENTAL XML FORMAT-->
<molecule name="el2643">
	<atoms>
		<a id="1" s="C" t="C.3" l="C"/>
		<a id="2" s="O" t="O.3" l="O"/>
		<a id="3" s="C" t="C.ar" l="C"/>
		<a id="4" s="C" t="C.ar" l="C"/>
		<a id="5" s="C" t="C.ar" l="C"/>
		<a id="6" s="C" t="C.ar" l="C"/>
		<a id="7" s="Cl" t="Cl" l="CL"/>
		<a id="8" s="C" t="C.ar" l="C"/>
		<a id="9" s="C" t="C.ar" l="C"/>
		<a id="10" s="N" t="N.pl3" l="N"/>
		<a id="11" s="C" t="C.3" l="C"/>
		<a id="12" s="C" t="C.3" l="C"/>
		<a id="13" s="C" t="C.3" l="C"/>
		<a id="14" s="F" t="F" l="F"/>
		<a id="15" s="F" t="F" l="F"/>
		<a id="16" s="C" t="C.3" l="C"/>
		<a id="17" s="C" t="C.3" l="C"/>
		<a id="18" s="N" t="N.ar" l="N"/>
		<a id="19" s="C" t="C.ar" l="C"/>
		<a id="20" s="C" t="C.ar" l="C"/>
		<a id="21" s="C" t="C.ar" l="C"/>
		<a id="22" s="O" t="O.3" l="O"/>
		<a id="23" s="C" t="C.3" l="C"/>
		<a id="24" s="C" t="C.ar" l="C"/>
		<a id="25" s="C" t="C.ar" l="C"/>
		<a id="26" s="C" t="C.ar" l="C"/>
		<a id="27" s="C" t="C.ar" l="C"/>
		<a id="28" s="C" t="C.ar" l="C"/>
		<a id="29" s="C" t="C.ar" l="C"/>
		<a id="30" s="H" t="H" l="H"/>
		<a id="31" s="H" t="H" l="H"/>
		<a id="32" s="H" t="H" l="H"/>
		<a id="33" s="H" t="H" l="H"/>
		<a id="34" s="H" t="H" l="H"/>
		<a id="35" s="H" t="H" l="H"/>
		<a id="36" s="H" t="H" l="H"/>
		<a id="37" s="H" t="H" l="H"/>
		<a id="38" s="H" t="H" l="H"/>
		<a id="39" s="H" t="H" l="H"/>
		<a id="40" s="H" t="H" l="H"/>
		<a id="41" s="H" t="H" l="H"/>
		<a id="42" s="H" t="H" l="H"/>
		<a id="43" s="H" t="H" l="H"/>
		<a id="44" s="H" t="H" l="H"/>
		<a id="45" s="H" t="H" l="H"/>
		<a id="46" s="H" t="H" l="H"/>
		<a id="47" s="H" t="H" l="H"/>
		<a id="48" s="H" t="H" l="H"/>
		<a id="49" s="H" t="H" l="H"/>
		<a id="50" s="H" t="H" l="H"/>
	</atoms>
	<bonds>
		<b id="1" c="1 2" t="1"/>
		<b id="2" c="2 3" t="1"/>
		<b id="3" c="3 4" t="ar"/>
		<b id="4" c="4 5" t="ar"/>
		<b id="5" c="5 6" t="ar"/>
		<b id="6" c="6 7" t="1"/>
		<b id="7" c="6 8" t="ar"/>
		<b id="8" c="8 9" t="ar"/>
		<b id="9" c="9 10" t="1"/>
		<b id="10" c="10 11" t="1"/>
		<b id="11" c="11 12" t="1"/>
		<b id="12" c="12 13" t="1"/>
		<b id="13" c="13 14" t="1"/>
		<b id="14" c="13 15" t="1"/>
		<b id="15" c="13 16" t="1"/>
		<b id="16" c="16 17" t="1"/>
		<b id="17" c="10 17" t="1"/>
		<b id="18" c="9 18" t="ar"/>
		<b id="19" c="18 19" t="ar"/>
		<b id="20" c="5 19" t="ar"/>
		<b id="21" c="19 20" t="ar"/>
		<b id="22" c="20 21" t="ar"/>
		<b id="23" c="3 21" t="ar"/>
		<b id="24" c="21 22" t="1"/>
		<b id="25" c="22 23" t="1"/>
		<b id="26" c="23 24" t="1"/>
		<b id="27" c="24 25" t="ar"/>
		<b id="28" c="25 26" t="ar"/>
		<b id="29" c="26 27" t="ar"/>
		<b id="30" c="27 28" t="ar"/>
		<b id="31" c="28 29" t="ar"/>
		<b id="32" c="24 29" t="ar"/>
		<b id="33" c="1 30" t="1"/>
		<b id="34" c="1 31" t="1"/>
		<b id="35" c="1 32" t="1"/>
		<b id="36" c="4 33" t="1"/>
		<b id="37" c="8 34" t="1"/>
		<b id="38" c="11 35" t="1"/>
		<b id="39" c="11 36" t="1"/>
		<b id="40" c="12 37" t="1"/>
		<b id="41" c="12 38" t="1"/>
		<b id="42" c="16 39" t="1"/>
		<b id="43" c="16 40" t="1"/>
		<b id="44" c="17 41" t="1"/>
		<b id="45" c="17 42" t="1"/>
		<b id="46" c="20 43" t="1"/>
		<b id="47" c="23 44" t="1"/>
		<b id="48" c="23 45" t="1"/>
		<b id="49" c="25 46" t="1"/>
		<b id="50" c="26 47" t="1"/>
		<b id="51" c="27 48" t="1"/>
		<b id="52" c="28 49" t="1"/>
		<b id="53" c="29 50" t="1"/>
	</bonds>
	<geometry>
		<g u="A" t="cart/3d">#50,3:3.4683,0.8361,0.7553;2.9030,-0.0014,-0.2283;3.3749,-1.2576,-0.4580;2.9437,-1.8259,-1.6350;3.3216,-3.1178,-2.0212;2.9048,-3.7741,-3.1998;1.8158,-2.9836,-4.2843;3.3461,-5.0313,-3.4987;4.2465,-5.6688,-2.6027;4.6866,-6.9532,-2.8111;5.7282,-7.4544,-1.9400;7.1127,-7.0951,-2.4922;7.2414,-7.6111,-3.9190;8.4245,-7.1951,-4.4674;7.3363,-8.9778,-3.9075;6.0799,-7.1912,-4.8118;4.7566,-7.5527,-4.1220;4.6489,-5.0830,-1.4925;4.2020,-3.8550,-1.1869;4.6287,-3.2711,0.0191;4.2227,-2.0162,0.4064;4.5747,-1.4486,1.5927;5.3305,-2.2065,2.5198;5.4462,-1.4005,3.7865;5.0936,-1.9464,5.0122;5.2001,-1.1933,6.1689;5.6485,0.1147,6.1076;5.9972,0.6664,4.8861;5.9014,-0.0890,3.7320;3.0227,1.8155,0.5811;4.5524,0.9087,0.6466;3.2281,0.5021,1.7665;2.2898,-1.2442,-2.2652;2.9998,-5.5160,-4.3949;5.6261,-8.5413,-1.8742;5.5921,-7.0077,-0.9563;7.9012,-7.5349,-1.8810;7.2352,-6.0118,-2.5049;6.1677,-7.6971,-5.7745;6.1442,-6.1134,-4.9691;4.7034,-8.6391,-3.9955;3.9166,-7.2451,-4.7409;5.2840,-3.8647,0.6338;6.3321,-2.4089,2.1091;4.8341,-3.1642,2.7230;4.7356,-2.9648,5.0636;4.9261,-1.6278,7.1189;5.7249,0.7038,7.0094;6.3466,1.6870,4.8333;6.1724,0.3368,2.7779;</g>
	</geometry>
	<conformers/>
	<properties/>
</molecule>
