<?xml version="1.0" ?>
<!--MOLLI PACKAGE EXPERIMENTAL XML FORMAT-->
<molecule name="el2644">
	<atoms>
		<a id="1" s="H" t="H" l="H"/>
		<a id="2" s="C" t="C.3" l="C"/>
		<a id="3" s="H" t="H" l="H"/>
		<a id="4" s="H" t="H" l="H"/>
		<a id="5" s="N" t="N.am" l="N"/>
		<a id="6" s="C" t="C.2" l="C"/>
		<a id="7" s="O" t="O.2" l="O"/>
		<a id="8" s="C" t="C.ar" l="C"/>
		<a id="9" s="N" t="N.ar" l="N"/>
		<a id="10" s="N" t="N.ar" l="N"/>
		<a id="11" s="C" t="C.ar" l="C"/>
		<a id="12" s="Cl" t="Cl" l="CL"/>
		<a id="13" s="C" t="C.ar" l="C"/>
		<a id="14" s="C" t="C.ar" l="C"/>
		<a id="15" s="N" t="N.pl3" l="N"/>
		<a id="16" s="C" t="C.ar" l="C"/>
		<a id="17" s="C" t="C.ar" l="C"/>
		<a id="18" s="C" t="C.ar" l="C"/>
		<a id="19" s="F" t="F" l="F"/>
		<a id="20" s="C" t="C.ar" l="C"/>
		<a id="21" s="C" t="C.ar" l="C"/>
		<a id="22" s="C" t="C.ar" l="C"/>
		<a id="23" s="N" t="N.ar" l="N"/>
		<a id="24" s="C" t="C.ar" l="C"/>
		<a id="25" s="C" t="C.ar" l="C"/>
		<a id="26" s="C" t="C.2" l="C"/>
		<a id="27" s="C" t="C.2" l="C"/>
		<a id="28" s="O" t="O.2" l="O"/>
		<a id="29" s="C" t="C.3" l="C"/>
		<a id="30" s="C" t="C.3" l="C"/>
		<a id="31" s="C" t="C.ar" l="C"/>
		<a id="32" s="N" t="N.ar" l="N"/>
		<a id="33" s="C" t="C.ar" l="C"/>
		<a id="34" s="O" t="O.3" l="O"/>
		<a id="35" s="C" t="C.3" l="C"/>
		<a id="36" s="H" t="H" l="H"/>
		<a id="37" s="H" t="H" l="H"/>
		<a id="38" s="H" t="H" l="H"/>
		<a id="39" s="H" t="H" l="H"/>
		<a id="40" s="H" t="H" l="H"/>
		<a id="41" s="H" t="H" l="H"/>
		<a id="42" s="H" t="H" l="H"/>
		<a id="43" s="H" t="H" l="H"/>
		<a id="44" s="H" t="H" l="H"/>
		<a id="45" s="H" t="H" l="H"/>
		<a id="46" s="H" t="H" l="H"/>
		<a id="47" s="H" t="H" l="H"/>
		<a id="48" s="H" t="H" l="H"/>
		<a id="49" s="H" t="H" l="H"/>
		<a id="50" s="H" t="H" l="H"/>
		<a id="51" s="H" t="H" l="H"/>
		<a id="52" s="H" t="H" l="H"/>
	</atoms>
	<bonds>
		<b id="1" c="1 2" t="1"/>
		<b id="2" c="2 3" t="1"/>
		<b id="3" c="2 4" t="1"/>
		<b id="4" c="2 5" t="1"/>
		<b id="5" c="5 6" t="am"/>
		<b id="6" c="6 7" t="2"/>
		<b id="7" c="6 8" t="1"/>
		<b id="8" c="8 9" t="ar"/>
		<b id="9" c="9 10" t="ar"/>
		<b id="10" c="10 11" t="ar"/>
		<b id="11" c="11 12" t="1"/>
		<b id="12" c="11 13" t="ar"/>
		<b id="13" c="13 14" t="ar"/>
		<b id="14" c="8 14" t="ar"/>
		<b id="15" c="14 15" t="1"/>
		<b id="16" c="15 16" t="1"/>
		<b id="17" c="16 17" t="ar"/>
		<b id="18" c="17 18" t="ar"/>
		<b id="19" c="18 19" t="1"/>
		<b id="20" c="18 20" t="ar"/>
		<b id="21" c="20 21" t="ar"/>
		<b id="22" c="21 22" t="1"/>
		<b id="23" c="22 23" t="ar"/>
		<b id="24" c="23 24" t="ar"/>
		<b id="25" c="24 25" t="ar"/>
		<b id="26" c="25 26" t="1"/>
		<b id="27" c="26 27" t="2"/>
		<b id="28" c="26 28" t="1"/>
		<b id="29" c="28 29" t="1"/>
		<b id="30" c="29 30" t="1"/>
		<b id="31" c="25 31" t="ar"/>
		<b id="32" c="31 32" t="ar"/>
		<b id="33" c="22 32" t="ar"/>
		<b id="34" c="21 33" t="ar"/>
		<b id="35" c="16 33" t="ar"/>
		<b id="36" c="33 34" t="1"/>
		<b id="37" c="34 35" t="1"/>
		<b id="38" c="5 36" t="1"/>
		<b id="39" c="13 37" t="1"/>
		<b id="40" c="15 38" t="1"/>
		<b id="41" c="17 39" t="1"/>
		<b id="42" c="20 40" t="1"/>
		<b id="43" c="24 41" t="1"/>
		<b id="44" c="27 42" t="1"/>
		<b id="45" c="27 43" t="1"/>
		<b id="46" c="29 44" t="1"/>
		<b id="47" c="29 45" t="1"/>
		<b id="48" c="30 46" t="1"/>
		<b id="49" c="30 47" t="1"/>
		<b id="50" c="30 48" t="1"/>
		<b id="51" c="31 49" t="1"/>
		<b id="52" c="35 50" t="1"/>
		<b id="53" c="35 51" t="1"/>
		<b id="54" c="35 52" t="1"/>
	</bonds>
	<geometry>
		<g u="A" t="cart/3d">#52,3:7.0362,-1.9634,0.0289;6.8471,-2.4868,-0.9102;7.1192,-1.8413,-1.7444;7.4526,-3.3940,-0.9402;5.4513,-2.8105,-1.0392;4.6626,-2.3176,-1.9984;5.0508,-1.5477,-2.8770;3.2503,-2.7819,-1.9066;2.9428,-3.5017,-0.8452;1.7455,-3.9376,-0.6245;0.7817,-3.6143,-1.4778;-0.7876,-4.1768,-1.0799;0.9765,-2.8681,-2.6270;2.2842,-2.4409,-2.9014;2.6500,-1.7190,-3.9742;1.8809,-1.4250,-5.1084;1.1304,-2.4357,-5.6990;0.4313,-2.1794,-6.8619;-0.2896,-3.1735,-7.4187;0.4800,-0.9467,-7.4707;1.2340,0.0756,-6.8978;1.2360,1.3720,-7.5824;0.3056,1.5398,-8.5280;0.2908,2.6800,-9.1803;1.1939,3.7140,-8.9175;1.1490,4.9955,-9.6388;0.0034,5.6617,-9.7837;2.3046,5.5373,-10.1200;3.3638,4.6645,-10.4814;4.1902,5.3552,-11.5555;2.1007,3.4442,-7.8900;2.1281,2.2967,-7.2464;1.9360,-0.1415,-5.6927;2.6347,0.8994,-5.1970;2.8283,1.0752,-3.8052;5.0041,-3.4090,-0.3567;0.1500,-2.6164,-3.2707;3.6302,-1.4210,-3.9528;1.1243,-3.4277,-5.2757;-0.0583,-0.7547,-8.3836;-0.4647,2.7813,-9.9500;-0.9096,5.2952,-9.3548;-0.0192,6.6098,-10.2880;2.9640,3.7147,-10.8596;3.9935,4.4489,-9.6076;3.5769,5.5503,-12.4311;5.0285,4.7251,-11.8383;4.5649,6.3024,-11.1779;2.8185,4.1852,-7.5599;2.8923,2.1548,-3.6624;3.7627,0.6235,-3.4624;1.9900,0.6893,-3.2214;</g>
	</geometry>
	<conformers/>
	<properties/>
</molecule>
