<?xml version="1.0" ?>
<!--MOLLI PACKAGE EXPERIMENTAL XML FORMAT-->
<molecule name="el2645">
	<atoms>
		<a id="1" s="C" t="C.3" l="C"/>
		<a id="2" s="C" t="C.3" l="C"/>
		<a id="3" s="C" t="C.3" l="C"/>
		<a id="4" s="C" t="C.3" l="C"/>
		<a id="5" s="O" t="O.3" l="O"/>
		<a id="6" s="C" t="C.2" l="C"/>
		<a id="7" s="O" t="O.2" l="O"/>
		<a id="8" s="N" t="N.am" l="N"/>
		<a id="9" s="C" t="C.3" l="C"/>
		<a id="10" s="C" t="C.3" l="C"/>
		<a id="11" s="N" t="N.pl3" l="N"/>
		<a id="12" s="C" t="C.ar" l="C"/>
		<a id="13" s="C" t="C.ar" l="C"/>
		<a id="14" s="C" t="C.ar" l="C"/>
		<a id="15" s="Cl" t="Cl" l="CL"/>
		<a id="16" s="C" t="C.ar" l="C"/>
		<a id="17" s="C" t="C.ar" l="C"/>
		<a id="18" s="C" t="C.ar" l="C"/>
		<a id="19" s="C" t="C.ar" l="C"/>
		<a id="20" s="C" t="C.3" l="C"/>
		<a id="21" s="F" t="F" l="F"/>
		<a id="22" s="F" t="F" l="F"/>
		<a id="23" s="F" t="F" l="F"/>
		<a id="24" s="C" t="C.ar" l="C"/>
		<a id="25" s="C" t="C.ar" l="C"/>
		<a id="26" s="N" t="N.ar" l="N"/>
		<a id="27" s="C" t="C.3" l="C"/>
		<a id="28" s="C" t="C.3" l="C"/>
		<a id="29" s="H" t="H" l="H"/>
		<a id="30" s="H" t="H" l="H"/>
		<a id="31" s="H" t="H" l="H"/>
		<a id="32" s="H" t="H" l="H"/>
		<a id="33" s="H" t="H" l="H"/>
		<a id="34" s="H" t="H" l="H"/>
		<a id="35" s="H" t="H" l="H"/>
		<a id="36" s="H" t="H" l="H"/>
		<a id="37" s="H" t="H" l="H"/>
		<a id="38" s="H" t="H" l="H"/>
		<a id="39" s="H" t="H" l="H"/>
		<a id="40" s="H" t="H" l="H"/>
		<a id="41" s="H" t="H" l="H"/>
		<a id="42" s="H" t="H" l="H"/>
		<a id="43" s="H" t="H" l="H"/>
		<a id="44" s="H" t="H" l="H"/>
		<a id="45" s="H" t="H" l="H"/>
		<a id="46" s="H" t="H" l="H"/>
		<a id="47" s="H" t="H" l="H"/>
		<a id="48" s="H" t="H" l="H"/>
		<a id="49" s="H" t="H" l="H"/>
	</atoms>
	<bonds>
		<b id="1" c="1 2" t="1"/>
		<b id="2" c="2 3" t="1"/>
		<b id="3" c="2 4" t="1"/>
		<b id="4" c="2 5" t="1"/>
		<b id="5" c="5 6" t="1"/>
		<b id="6" c="6 7" t="2"/>
		<b id="7" c="6 8" t="am"/>
		<b id="8" c="8 9" t="1"/>
		<b id="9" c="9 10" t="1"/>
		<b id="10" c="10 11" t="1"/>
		<b id="11" c="11 12" t="1"/>
		<b id="12" c="12 13" t="ar"/>
		<b id="13" c="13 14" t="ar"/>
		<b id="14" c="14 15" t="1"/>
		<b id="15" c="14 16" t="ar"/>
		<b id="16" c="16 17" t="ar"/>
		<b id="17" c="17 18" t="ar"/>
		<b id="18" c="18 19" t="ar"/>
		<b id="19" c="19 20" t="1"/>
		<b id="20" c="20 21" t="1"/>
		<b id="21" c="20 22" t="1"/>
		<b id="22" c="20 23" t="1"/>
		<b id="23" c="19 24" t="ar"/>
		<b id="24" c="24 25" t="ar"/>
		<b id="25" c="16 25" t="ar"/>
		<b id="26" c="25 26" t="ar"/>
		<b id="27" c="12 26" t="ar"/>
		<b id="28" c="11 27" t="1"/>
		<b id="29" c="27 28" t="1"/>
		<b id="30" c="8 28" t="1"/>
		<b id="31" c="1 29" t="1"/>
		<b id="32" c="1 30" t="1"/>
		<b id="33" c="1 31" t="1"/>
		<b id="34" c="3 32" t="1"/>
		<b id="35" c="3 33" t="1"/>
		<b id="36" c="3 34" t="1"/>
		<b id="37" c="4 35" t="1"/>
		<b id="38" c="4 36" t="1"/>
		<b id="39" c="4 37" t="1"/>
		<b id="40" c="9 38" t="1"/>
		<b id="41" c="9 39" t="1"/>
		<b id="42" c="10 40" t="1"/>
		<b id="43" c="10 41" t="1"/>
		<b id="44" c="13 42" t="1"/>
		<b id="45" c="17 43" t="1"/>
		<b id="46" c="18 44" t="1"/>
		<b id="47" c="24 45" t="1"/>
		<b id="48" c="27 46" t="1"/>
		<b id="49" c="27 47" t="1"/>
		<b id="50" c="28 48" t="1"/>
		<b id="51" c="28 49" t="1"/>
	</bonds>
	<geometry>
		<g u="A" t="cart/3d">#49,3:3.7766,1.5264,-1.0123;2.9134,0.2711,-0.8977;2.8571,-0.2285,0.5455;1.5042,0.5405,-1.4276;3.4179,-0.7712,-1.7695;4.6617,-1.2459,-1.6082;5.4499,-0.9099,-0.7535;4.9691,-2.1622,-2.5678;4.0136,-2.7401,-3.4859;3.7382,-4.1973,-3.0912;4.9855,-4.9336,-3.0363;5.3384,-5.7169,-4.0848;6.6045,-6.3754,-4.1474;6.8652,-7.2040,-5.1953;8.3951,-8.0034,-5.2792;5.9017,-7.4206,-6.2141;6.0853,-8.2623,-7.3211;5.0948,-8.4112,-8.2542;3.8871,-7.7089,-8.1013;2.8206,-7.9142,-9.1391;3.2989,-7.8082,-10.3924;2.2678,-9.1416,-9.0594;1.8083,-7.0409,-9.0458;3.6709,-6.8798,-7.0317;4.6756,-6.7141,-6.0555;4.4279,-5.8949,-5.0269;5.9042,-4.3589,-2.0810;6.2056,-2.9025,-2.4672;3.3305,2.3303,-0.4337;3.8481,1.8367,-2.0527;4.7760,1.3304,-0.6344;2.4056,0.5306,1.1777;3.8596,-0.4393,0.9075;2.2608,-1.1369,0.6043;1.0240,1.3082,-0.8287;0.9086,-0.3677,-1.3840;1.5510,0.8740,-2.4610;4.4394,-2.7176,-4.4951;3.0966,-2.1551,-3.4679;3.0902,-4.6767,-3.8225;3.2761,-4.2289,-2.0998;7.3507,-6.2365,-3.3843;7.0182,-8.7941,-7.4277;5.2289,-9.0574,-9.1074;2.7448,-6.3413,-6.9106;6.8274,-4.9287,-2.0168;5.4222,-4.3727,-1.0974;6.7158,-2.8766,-3.4364;6.8267,-2.4210,-1.7108;</g>
	</geometry>
	<conformers/>
	<properties/>
</molecule>
