<?xml version="1.0" ?>
<!--MOLLI PACKAGE EXPERIMENTAL XML FORMAT-->
<molecule name="el2646">
	<atoms>
		<a id="1" s="C" t="C.3" l="C"/>
		<a id="2" s="O" t="O.3" l="O"/>
		<a id="3" s="C" t="C.ar" l="C"/>
		<a id="4" s="C" t="C.ar" l="C"/>
		<a id="5" s="C" t="C.ar" l="C"/>
		<a id="6" s="C" t="C.ar" l="C"/>
		<a id="7" s="C" t="C.3" l="C"/>
		<a id="8" s="N" t="N.pl3" l="N"/>
		<a id="9" s="C" t="C.ar" l="C"/>
		<a id="10" s="N" t="N.ar" l="N"/>
		<a id="11" s="C" t="C.ar" l="C"/>
		<a id="12" s="C" t="C.ar" l="C"/>
		<a id="13" s="N" t="N.ar" l="N"/>
		<a id="14" s="C" t="C.ar" l="C"/>
		<a id="15" s="S" t="S.3" l="S"/>
		<a id="16" s="C" t="C.3" l="C"/>
		<a id="17" s="N" t="N.ar" l="N"/>
		<a id="18" s="C" t="C.ar" l="C"/>
		<a id="19" s="C" t="C.ar" l="C"/>
		<a id="20" s="C" t="C.ar" l="C"/>
		<a id="21" s="Cl" t="Cl" l="CL"/>
		<a id="22" s="C" t="C.ar" l="C"/>
		<a id="23" s="O" t="O.3" l="O"/>
		<a id="24" s="C" t="C.3" l="C"/>
		<a id="25" s="C" t="C.ar" l="C"/>
		<a id="26" s="H" t="H" l="H"/>
		<a id="27" s="H" t="H" l="H"/>
		<a id="28" s="H" t="H" l="H"/>
		<a id="29" s="H" t="H" l="H"/>
		<a id="30" s="H" t="H" l="H"/>
		<a id="31" s="H" t="H" l="H"/>
		<a id="32" s="H" t="H" l="H"/>
		<a id="33" s="H" t="H" l="H"/>
		<a id="34" s="H" t="H" l="H"/>
		<a id="35" s="H" t="H" l="H"/>
		<a id="36" s="H" t="H" l="H"/>
		<a id="37" s="H" t="H" l="H"/>
		<a id="38" s="H" t="H" l="H"/>
		<a id="39" s="H" t="H" l="H"/>
		<a id="40" s="H" t="H" l="H"/>
		<a id="41" s="H" t="H" l="H"/>
		<a id="42" s="H" t="H" l="H"/>
	</atoms>
	<bonds>
		<b id="1" c="1 2" t="1"/>
		<b id="2" c="2 3" t="1"/>
		<b id="3" c="3 4" t="ar"/>
		<b id="4" c="4 5" t="ar"/>
		<b id="5" c="5 6" t="ar"/>
		<b id="6" c="6 7" t="1"/>
		<b id="7" c="7 8" t="1"/>
		<b id="8" c="8 9" t="1"/>
		<b id="9" c="9 10" t="ar"/>
		<b id="10" c="10 11" t="ar"/>
		<b id="11" c="11 12" t="ar"/>
		<b id="12" c="12 13" t="ar"/>
		<b id="13" c="13 14" t="ar"/>
		<b id="14" c="14 15" t="1"/>
		<b id="15" c="15 16" t="1"/>
		<b id="16" c="14 17" t="ar"/>
		<b id="17" c="17 18" t="ar"/>
		<b id="18" c="11 18" t="ar"/>
		<b id="19" c="18 19" t="ar"/>
		<b id="20" c="19 20" t="ar"/>
		<b id="21" c="9 20" t="ar"/>
		<b id="22" c="20 21" t="1"/>
		<b id="23" c="6 22" t="ar"/>
		<b id="24" c="22 23" t="1"/>
		<b id="25" c="23 24" t="1"/>
		<b id="26" c="22 25" t="ar"/>
		<b id="27" c="3 25" t="ar"/>
		<b id="28" c="1 26" t="1"/>
		<b id="29" c="1 27" t="1"/>
		<b id="30" c="1 28" t="1"/>
		<b id="31" c="4 29" t="1"/>
		<b id="32" c="5 30" t="1"/>
		<b id="33" c="7 31" t="1"/>
		<b id="34" c="7 32" t="1"/>
		<b id="35" c="8 33" t="1"/>
		<b id="36" c="12 34" t="1"/>
		<b id="37" c="16 35" t="1"/>
		<b id="38" c="16 36" t="1"/>
		<b id="39" c="16 37" t="1"/>
		<b id="40" c="19 38" t="1"/>
		<b id="41" c="24 39" t="1"/>
		<b id="42" c="24 40" t="1"/>
		<b id="43" c="24 41" t="1"/>
		<b id="44" c="25 42" t="1"/>
	</bonds>
	<geometry>
		<g u="A" t="cart/3d">#42,3:1.3584,-0.5735,-1.1768;2.5227,-0.5175,-0.3851;3.2095,-1.6705,-0.1538;2.8425,-2.9323,-0.6106;3.6320,-4.0263,-0.2966;4.7887,-3.9010,0.4556;5.6602,-5.0850,0.7750;4.9025,-6.3074,0.8778;5.4110,-7.5058,0.5447;6.5932,-7.5621,-0.0367;7.0999,-8.7552,-0.3833;8.3618,-8.8658,-1.0167;8.8775,-10.0189,-1.3358;8.1667,-11.1199,-1.0370;8.9443,-12.6162,-1.4657;7.7012,-13.8005,-0.8745;6.9845,-11.1629,-0.4689;6.4321,-9.9839,-0.1401;5.1546,-9.9244,0.4771;4.6562,-8.7034,0.8052;3.1042,-8.5645,1.5679;5.1641,-2.6236,0.9005;6.2977,-2.5218,1.6687;7.2194,-1.4995,1.3238;4.3708,-1.5278,0.6014;1.0040,0.4539,-1.2448;0.5861,-1.1961,-0.7126;1.5749,-0.9493,-2.1830;1.9532,-3.0761,-1.2028;3.3494,-5.0041,-0.6608;6.2050,-4.8866,1.7072;6.4015,-5.2434,-0.0165;4.0479,-6.2929,1.4169;8.9406,-7.9829,-1.2547;8.0832,-14.7909,-1.0950;6.7690,-13.6228,-1.3971;7.5648,-13.6686,0.1921;4.6195,-10.8404,0.6736;7.9320,-1.4329,2.1498;6.7428,-0.5216,1.1865;7.7527,-1.7770,0.4001;4.6228,-0.5401,0.9577;</g>
	</geometry>
	<conformers/>
	<properties/>
</molecule>
