<?xml version="1.0" ?>
<!--MOLLI PACKAGE EXPERIMENTAL XML FORMAT-->
<molecule name="el2647">
	<atoms>
		<a id="1" s="C" t="C.3" l="C"/>
		<a id="2" s="C" t="C.ar" l="C"/>
		<a id="3" s="C" t="C.ar" l="C"/>
		<a id="4" s="N" t="N.ar" l="N"/>
		<a id="5" s="C" t="C.3" l="C"/>
		<a id="6" s="N" t="N.ar" l="N"/>
		<a id="7" s="C" t="C.ar" l="C"/>
		<a id="8" s="N" t="N.pl3" l="N"/>
		<a id="9" s="C" t="C.ar" l="C"/>
		<a id="10" s="C" t="C.ar" l="C"/>
		<a id="11" s="C" t="C.ar" l="C"/>
		<a id="12" s="C" t="C.ar" l="C"/>
		<a id="13" s="C" t="C.ar" l="C"/>
		<a id="14" s="Cl" t="Cl" l="CL"/>
		<a id="15" s="N" t="N.ar" l="N"/>
		<a id="16" s="C" t="C.ar" l="C"/>
		<a id="17" s="C" t="C.1" l="C"/>
		<a id="18" s="N" t="N.1" l="N"/>
		<a id="19" s="C" t="C.ar" l="C"/>
		<a id="20" s="N" t="N.pl3" l="N"/>
		<a id="21" s="C" t="C.3" l="C"/>
		<a id="22" s="C" t="C.3" l="C"/>
		<a id="23" s="C" t="C.3" l="C"/>
		<a id="24" s="C" t="C.3" l="C"/>
		<a id="25" s="C" t="C.3" l="C"/>
		<a id="26" s="N" t="N.ar" l="N"/>
		<a id="27" s="C" t="C.3" l="C"/>
		<a id="28" s="H" t="H" l="H"/>
		<a id="29" s="H" t="H" l="H"/>
		<a id="30" s="H" t="H" l="H"/>
		<a id="31" s="H" t="H" l="H"/>
		<a id="32" s="H" t="H" l="H"/>
		<a id="33" s="H" t="H" l="H"/>
		<a id="34" s="H" t="H" l="H"/>
		<a id="35" s="H" t="H" l="H"/>
		<a id="36" s="H" t="H" l="H"/>
		<a id="37" s="H" t="H" l="H"/>
		<a id="38" s="H" t="H" l="H"/>
		<a id="39" s="H" t="H" l="H"/>
		<a id="40" s="H" t="H" l="H"/>
		<a id="41" s="H" t="H" l="H"/>
		<a id="42" s="H" t="H" l="H"/>
		<a id="43" s="H" t="H" l="H"/>
		<a id="44" s="H" t="H" l="H"/>
		<a id="45" s="H" t="H" l="H"/>
		<a id="46" s="H" t="H" l="H"/>
		<a id="47" s="H" t="H" l="H"/>
		<a id="48" s="H" t="H" l="H"/>
		<a id="49" s="H" t="H" l="H"/>
	</atoms>
	<bonds>
		<b id="1" c="1 2" t="1"/>
		<b id="2" c="2 3" t="ar"/>
		<b id="3" c="3 4" t="ar"/>
		<b id="4" c="4 5" t="1"/>
		<b id="5" c="4 6" t="ar"/>
		<b id="6" c="6 7" t="ar"/>
		<b id="7" c="2 7" t="ar"/>
		<b id="8" c="7 8" t="1"/>
		<b id="9" c="8 9" t="1"/>
		<b id="10" c="9 10" t="ar"/>
		<b id="11" c="10 11" t="ar"/>
		<b id="12" c="11 12" t="ar"/>
		<b id="13" c="12 13" t="ar"/>
		<b id="14" c="13 14" t="1"/>
		<b id="15" c="13 15" t="ar"/>
		<b id="16" c="9 15" t="ar"/>
		<b id="17" c="12 16" t="ar"/>
		<b id="18" c="16 17" t="1"/>
		<b id="19" c="17 18" t="3"/>
		<b id="20" c="16 19" t="ar"/>
		<b id="21" c="19 20" t="1"/>
		<b id="22" c="20 21" t="1"/>
		<b id="23" c="21 22" t="1"/>
		<b id="24" c="22 23" t="1"/>
		<b id="25" c="23 24" t="1"/>
		<b id="26" c="20 24" t="1"/>
		<b id="27" c="24 25" t="1"/>
		<b id="28" c="19 26" t="ar"/>
		<b id="29" c="11 26" t="ar"/>
		<b id="30" c="26 27" t="1"/>
		<b id="31" c="1 28" t="1"/>
		<b id="32" c="1 29" t="1"/>
		<b id="33" c="1 30" t="1"/>
		<b id="34" c="3 31" t="1"/>
		<b id="35" c="5 32" t="1"/>
		<b id="36" c="5 33" t="1"/>
		<b id="37" c="5 34" t="1"/>
		<b id="38" c="8 35" t="1"/>
		<b id="39" c="10 36" t="1"/>
		<b id="40" c="21 37" t="1"/>
		<b id="41" c="21 38" t="1"/>
		<b id="42" c="22 39" t="1"/>
		<b id="43" c="22 40" t="1"/>
		<b id="44" c="23 41" t="1"/>
		<b id="45" c="23 42" t="1"/>
		<b id="46" c="24 43" t="1"/>
		<b id="47" c="25 44" t="1"/>
		<b id="48" c="25 45" t="1"/>
		<b id="49" c="25 46" t="1"/>
		<b id="50" c="27 47" t="1"/>
		<b id="51" c="27 48" t="1"/>
		<b id="52" c="27 49" t="1"/>
	</bonds>
	<geometry>
		<g u="A" t="cart/3d">#49,3:-1.5513,1.7915,-0.3788;-0.9474,2.8527,0.4708;-1.5691,3.8210,1.2223;-0.6108,4.5426,1.8360;-0.7815,5.6842,2.6827;0.6167,4.1037,1.5200;0.4345,3.0772,0.6991;1.4296,2.3261,0.1284;2.7783,2.3563,0.3521;3.3930,3.2786,1.1955;4.7654,3.1439,1.3304;5.4812,2.1311,0.6403;4.7421,1.2976,-0.1923;5.5208,0.0607,-1.1044;3.4451,1.4058,-0.3260;6.8558,2.2702,1.0147;7.9471,1.5181,0.5783;8.8750,0.9298,0.2394;6.9159,3.3367,1.8993;7.9868,3.9082,2.5738;8.7398,4.9180,1.8307;10.0557,5.0078,2.5897;10.3142,3.5480,2.9527;8.9166,2.9983,3.2588;8.5851,3.0160,4.7494;5.6578,3.8564,2.0793;5.3310,4.9507,2.9473;-2.6358,1.8400,-0.3192;-1.2320,0.8037,-0.0460;-1.2562,1.9102,-1.4206;-2.6095,4.0384,1.3595;-1.6402,5.5364,3.3415;-0.9426,6.5908,2.0890;0.1220,5.8094,3.2783;1.1361,1.5852,-0.4923;2.8063,4.0267,1.6967;8.1865,5.8604,1.8093;8.9197,4.5946,0.7945;9.9297,5.6071,3.4910;10.8491,5.4401,1.9856;10.9893,3.4366,3.7995;10.7365,3.0220,2.0968;8.8152,1.9747,2.8824;8.6734,4.0282,5.1380;9.2598,2.3688,5.3045;7.5688,2.6694,4.9091;6.2004,5.1636,3.5645;4.4883,4.6802,3.5826;5.0656,5.8371,2.3707;</g>
	</geometry>
	<conformers/>
	<properties/>
</molecule>
