<?xml version="1.0" ?>
<!--MOLLI PACKAGE EXPERIMENTAL XML FORMAT-->
<molecule name="el2648">
	<atoms>
		<a id="1" s="C" t="C.3" l="C"/>
		<a id="2" s="O" t="O.3" l="O"/>
		<a id="3" s="C" t="C.3" l="C"/>
		<a id="4" s="C" t="C.3" l="C"/>
		<a id="5" s="C" t="C.3" l="C"/>
		<a id="6" s="N" t="N.pl3" l="N"/>
		<a id="7" s="C" t="C.ar" l="C"/>
		<a id="8" s="N" t="N.ar" l="N"/>
		<a id="9" s="C" t="C.ar" l="C"/>
		<a id="10" s="N" t="N.ar" l="N"/>
		<a id="11" s="C" t="C.ar" l="C"/>
		<a id="12" s="C" t="C.ar" l="C"/>
		<a id="13" s="C" t="C.ar" l="C"/>
		<a id="14" s="Cl" t="Cl" l="CL"/>
		<a id="15" s="C" t="C.ar" l="C"/>
		<a id="16" s="C" t="C.ar" l="C"/>
		<a id="17" s="C" t="C.ar" l="C"/>
		<a id="18" s="H" t="H" l="H"/>
		<a id="19" s="H" t="H" l="H"/>
		<a id="20" s="H" t="H" l="H"/>
		<a id="21" s="H" t="H" l="H"/>
		<a id="22" s="H" t="H" l="H"/>
		<a id="23" s="H" t="H" l="H"/>
		<a id="24" s="H" t="H" l="H"/>
		<a id="25" s="H" t="H" l="H"/>
		<a id="26" s="H" t="H" l="H"/>
		<a id="27" s="H" t="H" l="H"/>
		<a id="28" s="H" t="H" l="H"/>
		<a id="29" s="H" t="H" l="H"/>
		<a id="30" s="H" t="H" l="H"/>
		<a id="31" s="H" t="H" l="H"/>
	</atoms>
	<bonds>
		<b id="1" c="1 2" t="1"/>
		<b id="2" c="2 3" t="1"/>
		<b id="3" c="3 4" t="1"/>
		<b id="4" c="4 5" t="1"/>
		<b id="5" c="5 6" t="1"/>
		<b id="6" c="6 7" t="1"/>
		<b id="7" c="7 8" t="ar"/>
		<b id="8" c="8 9" t="ar"/>
		<b id="9" c="9 10" t="ar"/>
		<b id="10" c="10 11" t="ar"/>
		<b id="11" c="11 12" t="ar"/>
		<b id="12" c="12 13" t="ar"/>
		<b id="13" c="13 14" t="1"/>
		<b id="14" c="13 15" t="ar"/>
		<b id="15" c="15 16" t="ar"/>
		<b id="16" c="16 17" t="ar"/>
		<b id="17" c="7 17" t="ar"/>
		<b id="18" c="11 17" t="ar"/>
		<b id="19" c="1 18" t="1"/>
		<b id="20" c="1 19" t="1"/>
		<b id="21" c="1 20" t="1"/>
		<b id="22" c="3 21" t="1"/>
		<b id="23" c="3 22" t="1"/>
		<b id="24" c="4 23" t="1"/>
		<b id="25" c="4 24" t="1"/>
		<b id="26" c="5 25" t="1"/>
		<b id="27" c="5 26" t="1"/>
		<b id="28" c="6 27" t="1"/>
		<b id="29" c="9 28" t="1"/>
		<b id="30" c="12 29" t="1"/>
		<b id="31" c="15 30" t="1"/>
		<b id="32" c="16 31" t="1"/>
	</bonds>
	<geometry>
		<g u="A" t="cart/3d">#31,3:0.7992,2.0836,-1.9347;2.0944,1.7689,-2.3703;2.6828,0.7152,-1.6471;4.0855,0.4679,-2.1906;4.9960,1.6694,-1.9321;6.3104,1.4621,-2.4856;6.8718,2.2624,-3.4069;6.2057,3.3474,-3.7732;6.7727,4.1530,-4.6674;7.9324,4.0153,-5.2428;8.6486,2.9188,-4.9039;9.9077,2.7245,-5.5027;10.6462,1.6187,-5.1780;12.1936,1.3695,-5.9029;10.1751,0.6690,-4.2616;8.9526,0.8458,-3.6682;8.1638,1.9673,-3.9678;0.4507,2.9022,-2.5606;0.7972,2.4003,-0.8840;0.1223,1.2267,-2.0431;2.0741,-0.1979,-1.7488;2.7298,0.9714,-0.5758;4.0170,0.2955,-3.2653;4.4954,-0.4267,-1.7154;5.0787,1.8438,-0.8526;4.5808,2.5576,-2.4087;6.8004,0.6274,-2.2080;6.1918,5.0263,-4.9384;10.2579,3.4601,-6.2078;10.7811,-0.1933,-4.0323;8.6060,0.1021,-2.9648;</g>
	</geometry>
	<conformers/>
	<properties/>
</molecule>
