<?xml version="1.0" ?>
<!--MOLLI PACKAGE EXPERIMENTAL XML FORMAT-->
<molecule name="el2651">
	<atoms>
		<a id="1" s="C" t="C.3" l="C"/>
		<a id="2" s="O" t="O.3" l="O"/>
		<a id="3" s="C" t="C.2" l="C"/>
		<a id="4" s="O" t="O.2" l="O"/>
		<a id="5" s="C" t="C.ar" l="C"/>
		<a id="6" s="C" t="C.ar" l="C"/>
		<a id="7" s="C" t="C.ar" l="C"/>
		<a id="8" s="C" t="C.ar" l="C"/>
		<a id="9" s="C" t="C.ar" l="C"/>
		<a id="10" s="N" t="N.ar" l="N"/>
		<a id="11" s="C" t="C.ar" l="C"/>
		<a id="12" s="Cl" t="Cl" l="CL"/>
		<a id="13" s="N" t="N.ar" l="N"/>
		<a id="14" s="C" t="C.ar" l="C"/>
		<a id="15" s="C" t="C.ar" l="C"/>
		<a id="16" s="N" t="N.ar" l="N"/>
		<a id="17" s="C" t="C.ar" l="C"/>
		<a id="18" s="N" t="N.ar" l="N"/>
		<a id="19" s="C" t="C.3" l="C"/>
		<a id="20" s="C" t="C.3" l="C"/>
		<a id="21" s="C" t="C.3" l="C"/>
		<a id="22" s="C" t="C.3" l="C"/>
		<a id="23" s="C" t="C.3" l="C"/>
		<a id="24" s="O" t="O.3" l="O"/>
		<a id="25" s="C" t="C.ar" l="C"/>
		<a id="26" s="C" t="C.ar" l="C"/>
		<a id="27" s="H" t="H" l="H"/>
		<a id="28" s="H" t="H" l="H"/>
		<a id="29" s="H" t="H" l="H"/>
		<a id="30" s="H" t="H" l="H"/>
		<a id="31" s="H" t="H" l="H"/>
		<a id="32" s="H" t="H" l="H"/>
		<a id="33" s="H" t="H" l="H"/>
		<a id="34" s="H" t="H" l="H"/>
		<a id="35" s="H" t="H" l="H"/>
		<a id="36" s="H" t="H" l="H"/>
		<a id="37" s="H" t="H" l="H"/>
		<a id="38" s="H" t="H" l="H"/>
		<a id="39" s="H" t="H" l="H"/>
		<a id="40" s="H" t="H" l="H"/>
		<a id="41" s="H" t="H" l="H"/>
		<a id="42" s="H" t="H" l="H"/>
		<a id="43" s="H" t="H" l="H"/>
	</atoms>
	<bonds>
		<b id="1" c="1 2" t="1"/>
		<b id="2" c="2 3" t="1"/>
		<b id="3" c="3 4" t="2"/>
		<b id="4" c="3 5" t="1"/>
		<b id="5" c="5 6" t="ar"/>
		<b id="6" c="6 7" t="ar"/>
		<b id="7" c="7 8" t="ar"/>
		<b id="8" c="8 9" t="1"/>
		<b id="9" c="9 10" t="ar"/>
		<b id="10" c="10 11" t="ar"/>
		<b id="11" c="11 12" t="1"/>
		<b id="12" c="11 13" t="ar"/>
		<b id="13" c="13 14" t="ar"/>
		<b id="14" c="14 15" t="ar"/>
		<b id="15" c="9 15" t="ar"/>
		<b id="16" c="15 16" t="ar"/>
		<b id="17" c="16 17" t="ar"/>
		<b id="18" c="17 18" t="ar"/>
		<b id="19" c="14 18" t="ar"/>
		<b id="20" c="18 19" t="1"/>
		<b id="21" c="19 20" t="1"/>
		<b id="22" c="20 21" t="1"/>
		<b id="23" c="21 22" t="1"/>
		<b id="24" c="22 23" t="1"/>
		<b id="25" c="23 24" t="1"/>
		<b id="26" c="19 24" t="1"/>
		<b id="27" c="8 25" t="ar"/>
		<b id="28" c="25 26" t="ar"/>
		<b id="29" c="5 26" t="ar"/>
		<b id="30" c="1 27" t="1"/>
		<b id="31" c="1 28" t="1"/>
		<b id="32" c="1 29" t="1"/>
		<b id="33" c="6 30" t="1"/>
		<b id="34" c="7 31" t="1"/>
		<b id="35" c="17 32" t="1"/>
		<b id="36" c="19 33" t="1"/>
		<b id="37" c="20 34" t="1"/>
		<b id="38" c="20 35" t="1"/>
		<b id="39" c="21 36" t="1"/>
		<b id="40" c="21 37" t="1"/>
		<b id="41" c="22 38" t="1"/>
		<b id="42" c="22 39" t="1"/>
		<b id="43" c="23 40" t="1"/>
		<b id="44" c="23 41" t="1"/>
		<b id="45" c="25 42" t="1"/>
		<b id="46" c="26 43" t="1"/>
	</bonds>
	<geometry>
		<g u="A" t="cart/3d">#43,3:1.0442,-1.7786,-0.1179;2.4628,-1.7541,-0.1261;3.0276,-0.9693,-1.0568;2.3858,-0.3200,-1.8461;4.5095,-0.9880,-0.9969;5.2020,-1.7875,-0.0883;6.5798,-1.7623,-0.0627;7.2888,-0.9365,-0.9396;8.7457,-0.9110,-0.8808;9.3450,-1.7385,-0.0208;10.6558,-1.7450,0.0757;11.3132,-2.8477,1.1995;11.5342,-1.0077,-0.5773;10.9650,-0.1710,-1.4366;9.5630,-0.0739,-1.6517;9.3296,0.8750,-2.6119;10.4996,1.3127,-2.9509;11.5408,0.7345,-2.2738;12.9487,1.0585,-2.5058;13.8235,0.6879,-1.3065;13.5754,1.6431,-0.1419;13.7577,3.0780,-0.6294;12.8277,3.3193,-1.8138;13.0628,2.4005,-2.8730;6.5941,-0.1408,-1.8537;5.2155,-0.1713,-1.8793;0.7556,-2.4307,0.7023;0.6654,-2.1640,-1.0669;0.6481,-0.7720,0.0331;4.6517,-2.4202,0.5901;7.1357,-2.3716,0.6323;10.6698,2.0679,-3.6934;13.2749,0.4976,-3.3953;14.8634,0.7688,-1.6286;13.6189,-0.3399,-1.0130;14.2700,1.4217,0.6687;12.5615,1.5055,0.2403;14.7910,3.2288,-0.9476;13.5290,3.7930,0.1610;12.9923,4.3021,-2.2589;11.7807,3.2532,-1.4837;7.1456,0.4928,-2.5302;4.6584,0.4357,-2.5770;</g>
	</geometry>
	<conformers/>
	<properties/>
</molecule>
