<?xml version="1.0" ?>
<!--MOLLI PACKAGE EXPERIMENTAL XML FORMAT-->
<molecule name="el2652">
	<atoms>
		<a id="1" s="C" t="C.3" l="C"/>
		<a id="2" s="O" t="O.3" l="O"/>
		<a id="3" s="C" t="C.ar" l="C"/>
		<a id="4" s="C" t="C.ar" l="C"/>
		<a id="5" s="C" t="C.ar" l="C"/>
		<a id="6" s="C" t="C.3" l="C"/>
		<a id="7" s="C" t="C.ar" l="C"/>
		<a id="8" s="C" t="C.ar" l="C"/>
		<a id="9" s="N" t="N.ar" l="N"/>
		<a id="10" s="C" t="C.2" l="C"/>
		<a id="11" s="O" t="O.2" l="O"/>
		<a id="12" s="O" t="O.3" l="O"/>
		<a id="13" s="C" t="C.3" l="C"/>
		<a id="14" s="C" t="C.3" l="C"/>
		<a id="15" s="C" t="C.3" l="C"/>
		<a id="16" s="C" t="C.3" l="C"/>
		<a id="17" s="C" t="C.ar" l="C"/>
		<a id="18" s="N" t="N.ar" l="N"/>
		<a id="19" s="C" t="C.ar" l="C"/>
		<a id="20" s="Cl" t="Cl" l="CL"/>
		<a id="21" s="C" t="C.ar" l="C"/>
		<a id="22" s="C" t="C.ar" l="C"/>
		<a id="23" s="C" t="C.ar" l="C"/>
		<a id="24" s="C" t="C.ar" l="C"/>
		<a id="25" s="C" t="C.ar" l="C"/>
		<a id="26" s="O" t="O.3" l="O"/>
		<a id="27" s="C" t="C.3" l="C"/>
		<a id="28" s="C" t="C.ar" l="C"/>
		<a id="29" s="H" t="H" l="H"/>
		<a id="30" s="H" t="H" l="H"/>
		<a id="31" s="H" t="H" l="H"/>
		<a id="32" s="H" t="H" l="H"/>
		<a id="33" s="H" t="H" l="H"/>
		<a id="34" s="H" t="H" l="H"/>
		<a id="35" s="H" t="H" l="H"/>
		<a id="36" s="H" t="H" l="H"/>
		<a id="37" s="H" t="H" l="H"/>
		<a id="38" s="H" t="H" l="H"/>
		<a id="39" s="H" t="H" l="H"/>
		<a id="40" s="H" t="H" l="H"/>
		<a id="41" s="H" t="H" l="H"/>
		<a id="42" s="H" t="H" l="H"/>
		<a id="43" s="H" t="H" l="H"/>
		<a id="44" s="H" t="H" l="H"/>
		<a id="45" s="H" t="H" l="H"/>
		<a id="46" s="H" t="H" l="H"/>
		<a id="47" s="H" t="H" l="H"/>
		<a id="48" s="H" t="H" l="H"/>
		<a id="49" s="H" t="H" l="H"/>
		<a id="50" s="H" t="H" l="H"/>
		<a id="51" s="H" t="H" l="H"/>
	</atoms>
	<bonds>
		<b id="1" c="1 2" t="1"/>
		<b id="2" c="2 3" t="1"/>
		<b id="3" c="3 4" t="ar"/>
		<b id="4" c="4 5" t="ar"/>
		<b id="5" c="5 6" t="1"/>
		<b id="6" c="6 7" t="1"/>
		<b id="7" c="7 8" t="ar"/>
		<b id="8" c="8 9" t="ar"/>
		<b id="9" c="9 10" t="am"/>
		<b id="10" c="10 11" t="2"/>
		<b id="11" c="10 12" t="1"/>
		<b id="12" c="12 13" t="1"/>
		<b id="13" c="13 14" t="1"/>
		<b id="14" c="13 15" t="1"/>
		<b id="15" c="13 16" t="1"/>
		<b id="16" c="9 17" t="ar"/>
		<b id="17" c="17 18" t="ar"/>
		<b id="18" c="18 19" t="ar"/>
		<b id="19" c="19 20" t="1"/>
		<b id="20" c="19 21" t="ar"/>
		<b id="21" c="21 22" t="ar"/>
		<b id="22" c="22 23" t="ar"/>
		<b id="23" c="7 23" t="ar"/>
		<b id="24" c="17 23" t="ar"/>
		<b id="25" c="5 24" t="ar"/>
		<b id="26" c="24 25" t="ar"/>
		<b id="27" c="25 26" t="1"/>
		<b id="28" c="26 27" t="1"/>
		<b id="29" c="25 28" t="ar"/>
		<b id="30" c="3 28" t="ar"/>
		<b id="31" c="1 29" t="1"/>
		<b id="32" c="1 30" t="1"/>
		<b id="33" c="1 31" t="1"/>
		<b id="34" c="4 32" t="1"/>
		<b id="35" c="6 33" t="1"/>
		<b id="36" c="6 34" t="1"/>
		<b id="37" c="8 35" t="1"/>
		<b id="38" c="14 36" t="1"/>
		<b id="39" c="14 37" t="1"/>
		<b id="40" c="14 38" t="1"/>
		<b id="41" c="15 39" t="1"/>
		<b id="42" c="15 40" t="1"/>
		<b id="43" c="15 41" t="1"/>
		<b id="44" c="16 42" t="1"/>
		<b id="45" c="16 43" t="1"/>
		<b id="46" c="16 44" t="1"/>
		<b id="47" c="21 45" t="1"/>
		<b id="48" c="22 46" t="1"/>
		<b id="49" c="24 47" t="1"/>
		<b id="50" c="27 48" t="1"/>
		<b id="51" c="27 49" t="1"/>
		<b id="52" c="27 50" t="1"/>
		<b id="53" c="28 51" t="1"/>
	</bonds>
	<geometry>
		<g u="A" t="cart/3d">#51,3:0.1361,4.5915,1.1391;1.2381,4.0571,0.4464;2.1044,3.2559,1.1247;1.9795,2.9115,2.4655;2.9233,2.0859,3.0586;2.7442,1.7092,4.5108;1.4797,0.9300,4.6709;0.2883,1.3692,5.1479;-0.6720,0.3676,5.0870;-2.0052,0.5632,5.4720;-2.3867,1.6367,5.8597;-2.6883,-0.5488,5.3338;-4.1131,-0.6011,5.6084;-4.8546,0.3559,4.6765;-4.4820,-2.0518,5.3052;-4.3805,-0.2639,7.0738;-0.0750,-0.7485,4.5506;-0.6419,-1.9193,4.3256;0.1392,-2.8364,3.7974;-0.6018,-4.3607,3.5143;1.4833,-2.6554,3.4638;2.0677,-1.4263,3.7024;1.2776,-0.4313,4.2685;3.9926,1.5976,2.3261;4.1244,1.9415,0.9829;5.1351,1.5245,0.1703;6.1320,0.6908,0.7070;3.1783,2.7668,0.3894;-0.4085,5.1887,0.4095;0.4542,5.2343,1.9662;-0.5201,3.8039,1.5233;1.1570,3.2690,3.0637;2.6878,2.6128,5.1209;3.5924,1.1119,4.8493;0.0112,2.3246,5.5494;-4.6060,0.1336,3.6409;-4.5804,1.3853,4.8922;-5.9261,0.2421,4.8131;-4.2222,-2.2909,4.2780;-5.5466,-2.2063,5.4528;-3.9280,-2.7194,5.9588;-4.1025,0.7654,7.2842;-3.8054,-0.9237,7.7197;-5.4372,-0.3939,7.2897;2.0395,-3.4690,3.0284;3.1020,-1.2461,3.4532;4.7170,0.9620,2.8104;6.8261,0.4988,-0.1099;5.7174,-0.2604,1.0572;6.6682,1.1789,1.5276;3.2784,3.0311,-0.6496;</g>
	</geometry>
	<conformers/>
	<properties/>
</molecule>
