<?xml version="1.0" ?>
<!--MOLLI PACKAGE EXPERIMENTAL XML FORMAT-->
<molecule name="el2653">
	<atoms>
		<a id="1" s="O" t="O.2" l="O"/>
		<a id="2" s="N" t="N.pl3" l="N"/>
		<a id="3" s="O" t="O.co2" l="O"/>
		<a id="4" s="C" t="C.ar" l="C"/>
		<a id="5" s="C" t="C.ar" l="C"/>
		<a id="6" s="C" t="C.ar" l="C"/>
		<a id="7" s="C" t="C.ar" l="C"/>
		<a id="8" s="C" t="C.ar" l="C"/>
		<a id="9" s="N" t="N.pl3" l="N"/>
		<a id="10" s="C" t="C.ar" l="C"/>
		<a id="11" s="N" t="N.ar" l="N"/>
		<a id="12" s="C" t="C.ar" l="C"/>
		<a id="13" s="Cl" t="Cl" l="CL"/>
		<a id="14" s="N" t="N.ar" l="N"/>
		<a id="15" s="C" t="C.ar" l="C"/>
		<a id="16" s="C" t="C.ar" l="C"/>
		<a id="17" s="N" t="N.ar" l="N"/>
		<a id="18" s="C" t="C.ar" l="C"/>
		<a id="19" s="N" t="N.ar" l="N"/>
		<a id="20" s="C" t="C.3" l="C"/>
		<a id="21" s="C" t="C.3" l="C"/>
		<a id="22" s="C" t="C.3" l="C"/>
		<a id="23" s="C" t="C.3" l="C"/>
		<a id="24" s="C" t="C.ar" l="C"/>
		<a id="25" s="H" t="H" l="H"/>
		<a id="26" s="H" t="H" l="H"/>
		<a id="27" s="H" t="H" l="H"/>
		<a id="28" s="H" t="H" l="H"/>
		<a id="29" s="H" t="H" l="H"/>
		<a id="30" s="H" t="H" l="H"/>
		<a id="31" s="H" t="H" l="H"/>
		<a id="32" s="H" t="H" l="H"/>
		<a id="33" s="H" t="H" l="H"/>
		<a id="34" s="H" t="H" l="H"/>
		<a id="35" s="H" t="H" l="H"/>
		<a id="36" s="H" t="H" l="H"/>
		<a id="37" s="H" t="H" l="H"/>
	</atoms>
	<bonds>
		<b id="1" c="1 2" t="2"/>
		<b id="2" c="2 3" t="1"/>
		<b id="3" c="2 4" t="1"/>
		<b id="4" c="4 5" t="ar"/>
		<b id="5" c="5 6" t="ar"/>
		<b id="6" c="6 7" t="ar"/>
		<b id="7" c="7 8" t="ar"/>
		<b id="8" c="8 9" t="1"/>
		<b id="9" c="9 10" t="1"/>
		<b id="10" c="10 11" t="ar"/>
		<b id="11" c="11 12" t="ar"/>
		<b id="12" c="12 13" t="1"/>
		<b id="13" c="12 14" t="ar"/>
		<b id="14" c="14 15" t="ar"/>
		<b id="15" c="15 16" t="ar"/>
		<b id="16" c="10 16" t="ar"/>
		<b id="17" c="16 17" t="ar"/>
		<b id="18" c="17 18" t="ar"/>
		<b id="19" c="18 19" t="ar"/>
		<b id="20" c="15 19" t="ar"/>
		<b id="21" c="19 20" t="1"/>
		<b id="22" c="20 21" t="1"/>
		<b id="23" c="21 22" t="1"/>
		<b id="24" c="22 23" t="1"/>
		<b id="25" c="21 23" t="1"/>
		<b id="26" c="8 24" t="ar"/>
		<b id="27" c="4 24" t="ar"/>
		<b id="28" c="5 25" t="1"/>
		<b id="29" c="6 26" t="1"/>
		<b id="30" c="7 27" t="1"/>
		<b id="31" c="9 28" t="1"/>
		<b id="32" c="18 29" t="1"/>
		<b id="33" c="20 30" t="1"/>
		<b id="34" c="20 31" t="1"/>
		<b id="35" c="21 32" t="1"/>
		<b id="36" c="22 33" t="1"/>
		<b id="37" c="22 34" t="1"/>
		<b id="38" c="23 35" t="1"/>
		<b id="39" c="23 36" t="1"/>
		<b id="40" c="24 37" t="1"/>
	</bonds>
	<geometry>
		<g u="A" t="cart/3d">#37,3:6.0026,2.5940,-1.4374;6.4815,1.4794,-1.4649;7.4902,1.1785,-2.0614;5.7938,0.4416,-0.7320;4.6257,0.7598,-0.0507;3.9739,-0.2421,0.6459;4.4811,-1.5277,0.6576;5.6588,-1.8422,-0.0296;6.1094,-3.1486,0.0244;7.2074,-3.7235,-0.5251;8.0788,-3.0388,-1.2620;9.1336,-3.6634,-1.7636;10.1788,-2.6854,-2.6859;9.4767,-4.9275,-1.6455;8.6079,-5.6248,-0.9118;7.4498,-5.0922,-0.3160;6.7944,-6.0792,0.3719;7.5219,-7.1423,0.1956;8.6360,-6.9395,-0.5679;9.6106,-7.9126,-0.9790;9.2171,-8.6626,-2.2424;8.6432,-7.9346,-3.4185;7.7825,-8.8696,-2.6228;6.3222,-0.8406,-0.7337;4.2512,1.7705,-0.0761;3.0648,-0.0205,1.1830;3.9645,-2.3040,1.2037;5.5455,-3.7970,0.5604;7.2900,-8.1003,0.6186;9.7522,-8.6249,-0.1595;10.5482,-7.3768,-1.1556;9.9047,-9.4731,-2.4503;8.9541,-8.2332,-4.4073;8.4722,-6.8735,-3.3240;7.5040,-9.8150,-3.0628;7.0113,-8.4448,-1.9973;7.2316,-1.0568,-1.2710;</g>
	</geometry>
	<conformers/>
	<properties/>
</molecule>
