<?xml version="1.0" ?>
<!--MOLLI PACKAGE EXPERIMENTAL XML FORMAT-->
<molecule name="el2654">
	<atoms>
		<a id="1" s="F" t="F" l="F"/>
		<a id="2" s="C" t="C.3" l="C"/>
		<a id="3" s="F" t="F" l="F"/>
		<a id="4" s="F" t="F" l="F"/>
		<a id="5" s="O" t="O.3" l="O"/>
		<a id="6" s="C" t="C.ar" l="C"/>
		<a id="7" s="C" t="C.ar" l="C"/>
		<a id="8" s="C" t="C.ar" l="C"/>
		<a id="9" s="C" t="C.ar" l="C"/>
		<a id="10" s="N" t="N.pl3" l="N"/>
		<a id="11" s="C" t="C.ar" l="C"/>
		<a id="12" s="N" t="N.ar" l="N"/>
		<a id="13" s="C" t="C.ar" l="C"/>
		<a id="14" s="Cl" t="Cl" l="CL"/>
		<a id="15" s="N" t="N.ar" l="N"/>
		<a id="16" s="C" t="C.ar" l="C"/>
		<a id="17" s="C" t="C.ar" l="C"/>
		<a id="18" s="N" t="N.ar" l="N"/>
		<a id="19" s="C" t="C.ar" l="C"/>
		<a id="20" s="N" t="N.ar" l="N"/>
		<a id="21" s="C" t="C.3" l="C"/>
		<a id="22" s="C" t="C.3" l="C"/>
		<a id="23" s="C" t="C.3" l="C"/>
		<a id="24" s="C" t="C.3" l="C"/>
		<a id="25" s="C" t="C.ar" l="C"/>
		<a id="26" s="C" t="C.ar" l="C"/>
		<a id="27" s="H" t="H" l="H"/>
		<a id="28" s="H" t="H" l="H"/>
		<a id="29" s="H" t="H" l="H"/>
		<a id="30" s="H" t="H" l="H"/>
		<a id="31" s="H" t="H" l="H"/>
		<a id="32" s="H" t="H" l="H"/>
		<a id="33" s="H" t="H" l="H"/>
		<a id="34" s="H" t="H" l="H"/>
		<a id="35" s="H" t="H" l="H"/>
		<a id="36" s="H" t="H" l="H"/>
		<a id="37" s="H" t="H" l="H"/>
		<a id="38" s="H" t="H" l="H"/>
		<a id="39" s="H" t="H" l="H"/>
	</atoms>
	<bonds>
		<b id="1" c="1 2" t="1"/>
		<b id="2" c="2 3" t="1"/>
		<b id="3" c="2 4" t="1"/>
		<b id="4" c="2 5" t="1"/>
		<b id="5" c="5 6" t="1"/>
		<b id="6" c="6 7" t="ar"/>
		<b id="7" c="7 8" t="ar"/>
		<b id="8" c="8 9" t="ar"/>
		<b id="9" c="9 10" t="1"/>
		<b id="10" c="10 11" t="1"/>
		<b id="11" c="11 12" t="ar"/>
		<b id="12" c="12 13" t="ar"/>
		<b id="13" c="13 14" t="1"/>
		<b id="14" c="13 15" t="ar"/>
		<b id="15" c="15 16" t="ar"/>
		<b id="16" c="16 17" t="ar"/>
		<b id="17" c="11 17" t="ar"/>
		<b id="18" c="17 18" t="ar"/>
		<b id="19" c="18 19" t="ar"/>
		<b id="20" c="19 20" t="ar"/>
		<b id="21" c="16 20" t="ar"/>
		<b id="22" c="20 21" t="1"/>
		<b id="23" c="21 22" t="1"/>
		<b id="24" c="22 23" t="1"/>
		<b id="25" c="23 24" t="1"/>
		<b id="26" c="22 24" t="1"/>
		<b id="27" c="9 25" t="ar"/>
		<b id="28" c="25 26" t="ar"/>
		<b id="29" c="6 26" t="ar"/>
		<b id="30" c="7 27" t="1"/>
		<b id="31" c="8 28" t="1"/>
		<b id="32" c="10 29" t="1"/>
		<b id="33" c="19 30" t="1"/>
		<b id="34" c="21 31" t="1"/>
		<b id="35" c="21 32" t="1"/>
		<b id="36" c="22 33" t="1"/>
		<b id="37" c="23 34" t="1"/>
		<b id="38" c="23 35" t="1"/>
		<b id="39" c="24 36" t="1"/>
		<b id="40" c="24 37" t="1"/>
		<b id="41" c="25 38" t="1"/>
		<b id="42" c="26 39" t="1"/>
	</bonds>
	<geometry>
		<g u="A" t="cart/3d">#39,3:1.6679,-2.0194,-2.7820;1.9687,-1.4319,-3.9548;2.4802,-2.4105,-4.7243;0.8118,-1.0804,-4.5099;2.7300,-0.3659,-3.8507;4.0102,-0.4531,-3.2654;4.5852,-1.6243,-2.8054;5.8512,-1.5898,-2.2455;6.5463,-0.3882,-2.1434;7.8138,-0.2907,-1.5892;8.6194,-1.2403,-1.0634;8.2680,-2.5252,-1.0029;9.1102,-3.4002,-0.4798;8.5497,-5.0111,-0.4581;10.3079,-3.2026,0.0228;10.6702,-1.9183,-0.0268;9.8818,-0.8807,-0.5556;10.5608,0.3049,-0.4548;11.6921,-0.0089,0.1037;11.8279,-1.3384,0.3861;12.9307,-1.9932,1.0351;12.8224,-1.9948,2.5523;11.5274,-2.3260,3.2280;12.0695,-0.9294,3.2894;5.9508,0.7842,-2.6165;4.6912,0.7533,-3.1737;4.0742,-2.5713,-2.8694;6.3079,-2.4951,-1.8840;8.2208,0.6366,-1.5665;12.4685,0.6993,0.3191;13.8545,-1.4878,0.7345;12.9528,-3.0263,0.6746;13.7289,-2.3680,3.0127;11.5567,-2.9313,4.1205;10.6651,-2.5159,2.6082;12.4738,-0.5726,4.2245;11.5653,-0.1621,2.7204;6.4805,1.7227,-2.5445;4.2193,1.6491,-3.5416;</g>
	</geometry>
	<conformers/>
	<properties/>
</molecule>
