<?xml version="1.0" ?>
<!--MOLLI PACKAGE EXPERIMENTAL XML FORMAT-->
<molecule name="el2655">
	<atoms>
		<a id="1" s="O" t="O.2" l="O"/>
		<a id="2" s="N" t="N.pl3" l="N"/>
		<a id="3" s="O" t="O.co2" l="O"/>
		<a id="4" s="C" t="C.ar" l="C"/>
		<a id="5" s="C" t="C.ar" l="C"/>
		<a id="6" s="C" t="C.ar" l="C"/>
		<a id="7" s="N" t="N.pl3" l="N"/>
		<a id="8" s="C" t="C.ar" l="C"/>
		<a id="9" s="N" t="N.ar" l="N"/>
		<a id="10" s="C" t="C.ar" l="C"/>
		<a id="11" s="Cl" t="Cl" l="CL"/>
		<a id="12" s="N" t="N.ar" l="N"/>
		<a id="13" s="C" t="C.ar" l="C"/>
		<a id="14" s="C" t="C.ar" l="C"/>
		<a id="15" s="N" t="N.ar" l="N"/>
		<a id="16" s="C" t="C.ar" l="C"/>
		<a id="17" s="N" t="N.ar" l="N"/>
		<a id="18" s="C" t="C.3" l="C"/>
		<a id="19" s="C" t="C.3" l="C"/>
		<a id="20" s="C" t="C.3" l="C"/>
		<a id="21" s="C" t="C.3" l="C"/>
		<a id="22" s="C" t="C.ar" l="C"/>
		<a id="23" s="C" t="C.ar" l="C"/>
		<a id="24" s="C" t="C.ar" l="C"/>
		<a id="25" s="O" t="O.3" l="O"/>
		<a id="26" s="C" t="C.3" l="C"/>
		<a id="27" s="F" t="F" l="F"/>
		<a id="28" s="F" t="F" l="F"/>
		<a id="29" s="F" t="F" l="F"/>
		<a id="30" s="H" t="H" l="H"/>
		<a id="31" s="H" t="H" l="H"/>
		<a id="32" s="H" t="H" l="H"/>
		<a id="33" s="H" t="H" l="H"/>
		<a id="34" s="H" t="H" l="H"/>
		<a id="35" s="H" t="H" l="H"/>
		<a id="36" s="H" t="H" l="H"/>
		<a id="37" s="H" t="H" l="H"/>
		<a id="38" s="H" t="H" l="H"/>
		<a id="39" s="H" t="H" l="H"/>
		<a id="40" s="H" t="H" l="H"/>
		<a id="41" s="H" t="H" l="H"/>
	</atoms>
	<bonds>
		<b id="1" c="1 2" t="2"/>
		<b id="2" c="2 3" t="1"/>
		<b id="3" c="2 4" t="1"/>
		<b id="4" c="4 5" t="ar"/>
		<b id="5" c="5 6" t="ar"/>
		<b id="6" c="6 7" t="1"/>
		<b id="7" c="7 8" t="1"/>
		<b id="8" c="8 9" t="ar"/>
		<b id="9" c="9 10" t="ar"/>
		<b id="10" c="10 11" t="1"/>
		<b id="11" c="10 12" t="ar"/>
		<b id="12" c="12 13" t="ar"/>
		<b id="13" c="13 14" t="ar"/>
		<b id="14" c="8 14" t="ar"/>
		<b id="15" c="14 15" t="ar"/>
		<b id="16" c="15 16" t="ar"/>
		<b id="17" c="16 17" t="ar"/>
		<b id="18" c="13 17" t="ar"/>
		<b id="19" c="17 18" t="1"/>
		<b id="20" c="18 19" t="1"/>
		<b id="21" c="19 20" t="1"/>
		<b id="22" c="20 21" t="1"/>
		<b id="23" c="19 21" t="1"/>
		<b id="24" c="6 22" t="ar"/>
		<b id="25" c="22 23" t="ar"/>
		<b id="26" c="23 24" t="ar"/>
		<b id="27" c="4 24" t="ar"/>
		<b id="28" c="24 25" t="1"/>
		<b id="29" c="25 26" t="1"/>
		<b id="30" c="26 27" t="1"/>
		<b id="31" c="26 28" t="1"/>
		<b id="32" c="26 29" t="1"/>
		<b id="33" c="5 30" t="1"/>
		<b id="34" c="7 31" t="1"/>
		<b id="35" c="16 32" t="1"/>
		<b id="36" c="18 33" t="1"/>
		<b id="37" c="18 34" t="1"/>
		<b id="38" c="19 35" t="1"/>
		<b id="39" c="20 36" t="1"/>
		<b id="40" c="20 37" t="1"/>
		<b id="41" c="21 38" t="1"/>
		<b id="42" c="21 39" t="1"/>
		<b id="43" c="22 40" t="1"/>
		<b id="44" c="23 41" t="1"/>
	</bonds>
	<geometry>
		<g u="A" t="cart/3d">#41,3:4.7808,-2.6362,-4.0692;5.7212,-2.5750,-3.3145;6.8701,-2.3954,-3.6383;5.4323,-2.7477,-1.8989;4.2800,-3.4398,-1.5616;3.9476,-3.6406,-0.2222;2.8219,-4.3260,0.1736;1.8735,-4.9590,-0.5695;1.9217,-4.9974,-1.8973;0.9675,-5.6343,-2.5623;1.1387,-5.6238,-4.2550;-0.0831,-6.2656,-2.0861;-0.1419,-6.2322,-0.7550;0.8055,-5.6012,0.0760;0.4486,-5.7726,1.3871;-0.6506,-6.4657,1.3413;-1.0637,-6.7811,0.0784;-2.2551,-7.4871,-0.3074;-3.4772,-6.5879,-0.4165;-3.3928,-5.2601,-1.1040;-3.6026,-5.3243,0.3791;4.7907,-3.1197,0.7663;5.9319,-2.4234,0.4271;6.2720,-2.2398,-0.9057;7.4526,-1.5480,-1.2178;7.3373,-0.2370,-1.3311;6.3849,0.1515,-2.1941;7.0097,0.3648,-0.1651;8.4822,0.2877,-1.7246;3.6406,-3.8239,-2.3422;2.6582,-4.3953,1.1709;-1.1909,-6.7837,2.2117;-2.4435,-8.2734,0.4309;-2.0578,-7.9470,-1.2804;-4.3799,-7.1662,-0.5690;-4.2160,-4.9542,-1.7303;-2.4307,-4.9397,-1.4726;-4.5728,-5.0663,0.7749;-2.7864,-5.0299,1.0222;4.5444,-3.2601,1.8080;6.5747,-2.0148,1.1907;</g>
	</geometry>
	<conformers/>
	<properties/>
</molecule>
