<?xml version="1.0" ?>
<!--MOLLI PACKAGE EXPERIMENTAL XML FORMAT-->
<molecule name="el2656">
	<atoms>
		<a id="1" s="Cl" t="Cl" l="CL"/>
		<a id="2" s="C" t="C.ar" l="C"/>
		<a id="3" s="N" t="N.ar" l="N"/>
		<a id="4" s="C" t="C.ar" l="C"/>
		<a id="5" s="N" t="N.pl3" l="N"/>
		<a id="6" s="C" t="C.ar" l="C"/>
		<a id="7" s="C" t="C.ar" l="C"/>
		<a id="8" s="C" t="C.ar" l="C"/>
		<a id="9" s="C" t="C.ar" l="C"/>
		<a id="10" s="C" t="C.ar" l="C"/>
		<a id="11" s="C" t="C.ar" l="C"/>
		<a id="12" s="C" t="C.ar" l="C"/>
		<a id="13" s="C" t="C.ar" l="C"/>
		<a id="14" s="C" t="C.ar" l="C"/>
		<a id="15" s="N" t="N.ar" l="N"/>
		<a id="16" s="C" t="C.3" l="C"/>
		<a id="17" s="C" t="C.3" l="C"/>
		<a id="18" s="C" t="C.3" l="C"/>
		<a id="19" s="C" t="C.3" l="C"/>
		<a id="20" s="C" t="C.ar" l="C"/>
		<a id="21" s="N" t="N.ar" l="N"/>
		<a id="22" s="H" t="H" l="H"/>
		<a id="23" s="H" t="H" l="H"/>
		<a id="24" s="H" t="H" l="H"/>
		<a id="25" s="H" t="H" l="H"/>
		<a id="26" s="H" t="H" l="H"/>
		<a id="27" s="H" t="H" l="H"/>
		<a id="28" s="H" t="H" l="H"/>
		<a id="29" s="H" t="H" l="H"/>
		<a id="30" s="H" t="H" l="H"/>
		<a id="31" s="H" t="H" l="H"/>
		<a id="32" s="H" t="H" l="H"/>
		<a id="33" s="H" t="H" l="H"/>
		<a id="34" s="H" t="H" l="H"/>
		<a id="35" s="H" t="H" l="H"/>
		<a id="36" s="H" t="H" l="H"/>
	</atoms>
	<bonds>
		<b id="1" c="1 2" t="1"/>
		<b id="2" c="2 3" t="ar"/>
		<b id="3" c="3 4" t="ar"/>
		<b id="4" c="4 5" t="1"/>
		<b id="5" c="5 6" t="1"/>
		<b id="6" c="6 7" t="ar"/>
		<b id="7" c="7 8" t="ar"/>
		<b id="8" c="8 9" t="ar"/>
		<b id="9" c="9 10" t="ar"/>
		<b id="10" c="10 11" t="ar"/>
		<b id="11" c="6 11" t="ar"/>
		<b id="12" c="4 12" t="ar"/>
		<b id="13" c="12 13" t="ar"/>
		<b id="14" c="13 14" t="ar"/>
		<b id="15" c="14 15" t="ar"/>
		<b id="16" c="15 16" t="1"/>
		<b id="17" c="16 17" t="1"/>
		<b id="18" c="17 18" t="1"/>
		<b id="19" c="18 19" t="1"/>
		<b id="20" c="17 19" t="1"/>
		<b id="21" c="15 20" t="ar"/>
		<b id="22" c="12 20" t="ar"/>
		<b id="23" c="20 21" t="ar"/>
		<b id="24" c="2 21" t="ar"/>
		<b id="25" c="5 22" t="1"/>
		<b id="26" c="7 23" t="1"/>
		<b id="27" c="8 24" t="1"/>
		<b id="28" c="9 25" t="1"/>
		<b id="29" c="10 26" t="1"/>
		<b id="30" c="11 27" t="1"/>
		<b id="31" c="13 28" t="1"/>
		<b id="32" c="14 29" t="1"/>
		<b id="33" c="16 30" t="1"/>
		<b id="34" c="16 31" t="1"/>
		<b id="35" c="17 32" t="1"/>
		<b id="36" c="18 33" t="1"/>
		<b id="37" c="18 34" t="1"/>
		<b id="38" c="19 35" t="1"/>
		<b id="39" c="19 36" t="1"/>
	</bonds>
	<geometry>
		<g u="A" t="cart/3d">#36,3:1.6642,0.1885,1.5581;3.2667,0.1152,0.9658;3.7447,-1.1058,0.8052;4.9883,-1.2544,0.3514;5.5231,-2.4845,0.1667;4.9914,-3.7532,0.3834;5.7978,-4.8467,0.0660;5.3370,-6.1343,0.2571;4.0677,-6.3506,0.7676;3.2665,-5.2664,1.0834;3.7158,-3.9722,0.8958;5.7495,-0.1015,0.0593;7.0523,0.2153,-0.4075;7.1274,1.5759,-0.4522;5.9469,2.1359,-0.0389;5.6346,3.5378,0.0060;5.1408,4.0935,-1.3216;4.1546,3.3305,-2.1504;5.5641,3.5016,-2.6314;5.0967,1.1335,0.2752;3.8462,1.2667,0.7333;6.4688,-2.4787,-0.1914;6.7902,-4.6819,-0.3323;5.9720,-6.9714,0.0066;3.7080,-7.3573,0.9175;2.2760,-5.4269,1.4823;3.0936,-3.1288,1.1398;7.8337,-0.4701,-0.6719;7.9510,2.2015,-0.7383;6.5308,4.0843,0.3189;4.8527,3.6700,0.7599;5.0236,5.1697,-1.2827;3.3680,3.8776,-2.6461;3.8492,2.3567,-1.8012;5.7501,4.1716,-3.4573;6.2100,2.6367,-2.6245;</g>
	</geometry>
	<conformers/>
	<properties/>
</molecule>
