<?xml version="1.0" ?>
<!--MOLLI PACKAGE EXPERIMENTAL XML FORMAT-->
<molecule name="el2657">
	<atoms>
		<a id="1" s="C" t="C.3" l="C"/>
		<a id="2" s="O" t="O.3" l="O"/>
		<a id="3" s="C" t="C.ar" l="C"/>
		<a id="4" s="C" t="C.ar" l="C"/>
		<a id="5" s="C" t="C.ar" l="C"/>
		<a id="6" s="C" t="C.ar" l="C"/>
		<a id="7" s="C" t="C.3" l="C"/>
		<a id="8" s="N" t="N.pl3" l="N"/>
		<a id="9" s="C" t="C.ar" l="C"/>
		<a id="10" s="C" t="C.ar" l="C"/>
		<a id="11" s="C" t="C.ar" l="C"/>
		<a id="12" s="Cl" t="Cl" l="CL"/>
		<a id="13" s="C" t="C.ar" l="C"/>
		<a id="14" s="C" t="C.ar" l="C"/>
		<a id="15" s="C" t="C.ar" l="C"/>
		<a id="16" s="O" t="O.3" l="O"/>
		<a id="17" s="C" t="C.3" l="C"/>
		<a id="18" s="C" t="C.ar" l="C"/>
		<a id="19" s="O" t="O.3" l="O"/>
		<a id="20" s="C" t="C.3" l="C"/>
		<a id="21" s="C" t="C.3" l="C"/>
		<a id="22" s="C" t="C.3" l="C"/>
		<a id="23" s="N" t="N.3" l="N"/>
		<a id="24" s="C" t="C.3" l="C"/>
		<a id="25" s="C" t="C.3" l="C"/>
		<a id="26" s="C" t="C.3" l="C"/>
		<a id="27" s="C" t="C.3" l="C"/>
		<a id="28" s="C" t="C.ar" l="C"/>
		<a id="29" s="C" t="C.ar" l="C"/>
		<a id="30" s="N" t="N.ar" l="N"/>
		<a id="31" s="C" t="C.ar" l="C"/>
		<a id="32" s="C" t="C.ar" l="C"/>
		<a id="33" s="H" t="H" l="H"/>
		<a id="34" s="H" t="H" l="H"/>
		<a id="35" s="H" t="H" l="H"/>
		<a id="36" s="H" t="H" l="H"/>
		<a id="37" s="H" t="H" l="H"/>
		<a id="38" s="H" t="H" l="H"/>
		<a id="39" s="H" t="H" l="H"/>
		<a id="40" s="H" t="H" l="H"/>
		<a id="41" s="H" t="H" l="H"/>
		<a id="42" s="H" t="H" l="H"/>
		<a id="43" s="H" t="H" l="H"/>
		<a id="44" s="H" t="H" l="H"/>
		<a id="45" s="H" t="H" l="H"/>
		<a id="46" s="H" t="H" l="H"/>
		<a id="47" s="H" t="H" l="H"/>
		<a id="48" s="H" t="H" l="H"/>
		<a id="49" s="H" t="H" l="H"/>
		<a id="50" s="H" t="H" l="H"/>
		<a id="51" s="H" t="H" l="H"/>
		<a id="52" s="H" t="H" l="H"/>
		<a id="53" s="H" t="H" l="H"/>
		<a id="54" s="H" t="H" l="H"/>
		<a id="55" s="H" t="H" l="H"/>
		<a id="56" s="H" t="H" l="H"/>
		<a id="57" s="H" t="H" l="H"/>
		<a id="58" s="H" t="H" l="H"/>
		<a id="59" s="H" t="H" l="H"/>
		<a id="60" s="H" t="H" l="H"/>
		<a id="61" s="H" t="H" l="H"/>
		<a id="62" s="H" t="H" l="H"/>
	</atoms>
	<bonds>
		<b id="1" c="1 2" t="1"/>
		<b id="2" c="2 3" t="1"/>
		<b id="3" c="3 4" t="ar"/>
		<b id="4" c="4 5" t="ar"/>
		<b id="5" c="5 6" t="ar"/>
		<b id="6" c="6 7" t="1"/>
		<b id="7" c="7 8" t="1"/>
		<b id="8" c="8 9" t="1"/>
		<b id="9" c="9 10" t="ar"/>
		<b id="10" c="10 11" t="ar"/>
		<b id="11" c="11 12" t="1"/>
		<b id="12" c="11 13" t="ar"/>
		<b id="13" c="13 14" t="ar"/>
		<b id="14" c="14 15" t="ar"/>
		<b id="15" c="15 16" t="1"/>
		<b id="16" c="16 17" t="1"/>
		<b id="17" c="15 18" t="ar"/>
		<b id="18" c="18 19" t="1"/>
		<b id="19" c="19 20" t="1"/>
		<b id="20" c="20 21" t="1"/>
		<b id="21" c="21 22" t="1"/>
		<b id="22" c="22 23" t="1"/>
		<b id="23" c="23 24" t="1"/>
		<b id="24" c="24 25" t="1"/>
		<b id="25" c="25 26" t="1"/>
		<b id="26" c="26 27" t="1"/>
		<b id="27" c="23 27" t="1"/>
		<b id="28" c="18 28" t="ar"/>
		<b id="29" c="28 29" t="ar"/>
		<b id="30" c="13 29" t="ar"/>
		<b id="31" c="29 30" t="ar"/>
		<b id="32" c="9 30" t="ar"/>
		<b id="33" c="6 31" t="ar"/>
		<b id="34" c="31 32" t="ar"/>
		<b id="35" c="3 32" t="ar"/>
		<b id="36" c="1 33" t="1"/>
		<b id="37" c="1 34" t="1"/>
		<b id="38" c="1 35" t="1"/>
		<b id="39" c="4 36" t="1"/>
		<b id="40" c="5 37" t="1"/>
		<b id="41" c="7 38" t="1"/>
		<b id="42" c="7 39" t="1"/>
		<b id="43" c="8 40" t="1"/>
		<b id="44" c="10 41" t="1"/>
		<b id="45" c="14 42" t="1"/>
		<b id="46" c="17 43" t="1"/>
		<b id="47" c="17 44" t="1"/>
		<b id="48" c="17 45" t="1"/>
		<b id="49" c="20 46" t="1"/>
		<b id="50" c="20 47" t="1"/>
		<b id="51" c="21 48" t="1"/>
		<b id="52" c="21 49" t="1"/>
		<b id="53" c="22 50" t="1"/>
		<b id="54" c="22 51" t="1"/>
		<b id="55" c="24 52" t="1"/>
		<b id="56" c="24 53" t="1"/>
		<b id="57" c="25 54" t="1"/>
		<b id="58" c="25 55" t="1"/>
		<b id="59" c="26 56" t="1"/>
		<b id="60" c="26 57" t="1"/>
		<b id="61" c="27 58" t="1"/>
		<b id="62" c="27 59" t="1"/>
		<b id="63" c="28 60" t="1"/>
		<b id="64" c="31 61" t="1"/>
		<b id="65" c="32 62" t="1"/>
	</bonds>
	<geometry>
		<g u="A" t="cart/3d">#62,3:3.9389,-0.5590,-0.8288;2.8753,-1.1084,-0.0883;3.1296,-1.5843,1.1629;4.3748,-1.5815,1.7828;4.5071,-2.0820,3.0664;3.4172,-2.5895,3.7598;3.5801,-3.0918,5.1667;4.2991,-2.1214,5.9620;4.8459,-2.4397,7.1621;5.4101,-1.3995,7.9556;5.9829,-1.7346,9.1446;6.6741,-0.4917,10.1351;6.0119,-3.0798,9.5767;6.5712,-3.5086,10.7908;6.5626,-4.8295,11.1651;7.1278,-5.2879,12.3275;7.7525,-4.3602,13.1796;5.9541,-5.7922,10.3043;5.8789,-7.1276,10.5419;5.9073,-7.6392,11.8639;5.3233,-9.0481,11.8222;5.1732,-9.6206,13.2317;4.7982,-11.0242,13.1886;3.3901,-11.2464,12.8968;2.6309,-11.1915,14.2436;3.7201,-11.4437,15.2968;4.9820,-11.7171,14.4528;5.4207,-5.3782,9.1042;5.4290,-4.0344,8.6992;4.8629,-3.7034,7.5249;2.1774,-2.5948,3.1306;2.0323,-2.1045,1.8503;3.5008,-0.2254,-1.7685;4.7135,-1.3056,-1.0366;4.3871,0.2995,-0.3166;5.2471,-1.1951,1.2786;5.4782,-2.0763,3.5402;4.1647,-4.0168,5.1950;2.5970,-3.3101,5.6065;4.0922,-1.1510,5.7850;5.3776,-0.3781,7.6113;7.0204,-2.7607,11.4240;8.1294,-4.9438,14.0184;7.0445,-3.6116,13.5492;8.5885,-3.8576,12.6833;5.3062,-7.0059,12.5267;6.9345,-7.6641,12.2442;5.9742,-9.6983,11.2384;4.3577,-9.0044,11.3175;4.4570,-9.0056,13.8018;6.1425,-9.5543,13.7340;3.2997,-12.2444,12.4592;3.0189,-10.5216,12.1757;1.8455,-11.9443,14.2782;2.1661,-10.2157,14.3841;3.4847,-12.2847,15.9459;3.8695,-10.5637,15.9228;5.0547,-12.7862,14.2322;5.9011,-11.4027,14.9456;4.9749,-6.1135,8.4550;1.3155,-2.9883,3.6498;1.0728,-2.1056,1.3573;</g>
	</geometry>
	<conformers/>
	<properties/>
</molecule>
