<?xml version="1.0" ?>
<!--MOLLI PACKAGE EXPERIMENTAL XML FORMAT-->
<molecule name="el2662">
	<atoms>
		<a id="1" s="Cl" t="Cl" l="CL"/>
		<a id="2" s="C" t="C.ar" l="C"/>
		<a id="3" s="C" t="C.ar" l="C"/>
		<a id="4" s="C" t="C.ar" l="C"/>
		<a id="5" s="N" t="N.ar" l="N"/>
		<a id="6" s="C" t="C.ar" l="C"/>
		<a id="7" s="O" t="O.2" l="O"/>
		<a id="8" s="C" t="C.ar" l="C"/>
		<a id="9" s="C" t="C.ar" l="C"/>
		<a id="10" s="C" t="C.ar" l="C"/>
		<a id="11" s="C" t="C.ar" l="C"/>
		<a id="12" s="C" t="C.ar" l="C"/>
		<a id="13" s="C" t="C.ar" l="C"/>
		<a id="14" s="C" t="C.ar" l="C"/>
		<a id="15" s="C" t="C.ar" l="C"/>
		<a id="16" s="C" t="C.ar" l="C"/>
		<a id="17" s="C" t="C.ar" l="C"/>
		<a id="18" s="C" t="C.ar" l="C"/>
		<a id="19" s="C" t="C.ar" l="C"/>
		<a id="20" s="C" t="C.ar" l="C"/>
		<a id="21" s="C" t="C.ar" l="C"/>
		<a id="22" s="C" t="C.ar" l="C"/>
		<a id="23" s="H" t="H" l="H"/>
		<a id="24" s="H" t="H" l="H"/>
		<a id="25" s="H" t="H" l="H"/>
		<a id="26" s="H" t="H" l="H"/>
		<a id="27" s="H" t="H" l="H"/>
		<a id="28" s="H" t="H" l="H"/>
		<a id="29" s="H" t="H" l="H"/>
		<a id="30" s="H" t="H" l="H"/>
		<a id="31" s="H" t="H" l="H"/>
		<a id="32" s="H" t="H" l="H"/>
		<a id="33" s="H" t="H" l="H"/>
		<a id="34" s="H" t="H" l="H"/>
	</atoms>
	<bonds>
		<b id="1" c="1 2" t="1"/>
		<b id="2" c="2 3" t="ar"/>
		<b id="3" c="3 4" t="ar"/>
		<b id="4" c="4 5" t="ar"/>
		<b id="5" c="5 6" t="ar"/>
		<b id="6" c="6 7" t="ar"/>
		<b id="7" c="7 8" t="ar"/>
		<b id="8" c="8 9" t="1"/>
		<b id="9" c="9 10" t="ar"/>
		<b id="10" c="10 11" t="ar"/>
		<b id="11" c="11 12" t="ar"/>
		<b id="12" c="12 13" t="ar"/>
		<b id="13" c="13 14" t="ar"/>
		<b id="14" c="9 14" t="ar"/>
		<b id="15" c="8 15" t="ar"/>
		<b id="16" c="15 16" t="1"/>
		<b id="17" c="16 17" t="ar"/>
		<b id="18" c="17 18" t="ar"/>
		<b id="19" c="18 19" t="ar"/>
		<b id="20" c="19 20" t="ar"/>
		<b id="21" c="20 21" t="ar"/>
		<b id="22" c="16 21" t="ar"/>
		<b id="23" c="15 22" t="ar"/>
		<b id="24" c="2 22" t="ar"/>
		<b id="25" c="6 22" t="ar"/>
		<b id="26" c="3 23" t="1"/>
		<b id="27" c="4 24" t="1"/>
		<b id="28" c="10 25" t="1"/>
		<b id="29" c="11 26" t="1"/>
		<b id="30" c="12 27" t="1"/>
		<b id="31" c="13 28" t="1"/>
		<b id="32" c="14 29" t="1"/>
		<b id="33" c="17 30" t="1"/>
		<b id="34" c="18 31" t="1"/>
		<b id="35" c="19 32" t="1"/>
		<b id="36" c="20 33" t="1"/>
		<b id="37" c="21 34" t="1"/>
	</bonds>
	<geometry>
		<g u="A" t="cart/3d">#34,3:0.9744,0.1308,0.0507;2.6926,-0.0256,0.0400;3.5025,1.0968,0.0205;4.8875,0.9449,-0.0265;5.5119,-0.2181,-0.0675;4.7319,-1.2786,-0.0431;5.1866,-2.5340,-0.0939;4.0975,-3.3627,-0.0494;4.3469,-4.7932,-0.0704;3.4184,-5.7009,0.4414;3.6812,-7.0565,0.4048;4.8678,-7.5267,-0.1347;5.8007,-6.6307,-0.6310;5.5471,-5.2735,-0.5978;2.9258,-2.6482,0.0244;1.5503,-3.1535,0.0431;0.7052,-2.8505,1.1058;-0.5994,-3.3092,1.1098;-1.0733,-4.0685,0.0533;-0.2363,-4.3731,-1.0075;1.0695,-3.9196,-1.0149;3.3138,-1.2727,0.0290;3.0660,2.0817,0.0327;5.5307,1.8126,-0.0414;2.5006,-5.3408,0.8786;2.9568,-7.7507,0.8045;5.0670,-8.5877,-0.1623;6.7301,-6.9925,-1.0459;6.2702,-4.5711,-0.9831;1.0785,-2.2636,1.9326;-1.2486,-3.0709,1.9396;-2.0936,-4.4224,0.0564;-0.6031,-4.9635,-1.8341;1.7259,-4.1533,-1.8405;</g>
	</geometry>
	<conformers/>
	<properties/>
</molecule>
