<?xml version="1.0" ?>
<!--MOLLI PACKAGE EXPERIMENTAL XML FORMAT-->
<molecule name="el2671">
	<atoms>
		<a id="1" s="Cl" t="Cl" l="CL"/>
		<a id="2" s="C" t="C.ar" l="C"/>
		<a id="3" s="N" t="N.ar" l="N"/>
		<a id="4" s="C" t="C.ar" l="C"/>
		<a id="5" s="C" t="C.ar" l="C"/>
		<a id="6" s="C" t="C.ar" l="C"/>
		<a id="7" s="C" t="C.ar" l="C"/>
		<a id="8" s="C" t="C.ar" l="C"/>
		<a id="9" s="C" t="C.ar" l="C"/>
		<a id="10" s="C" t="C.ar" l="C"/>
		<a id="11" s="C" t="C.ar" l="C"/>
		<a id="12" s="N" t="N.ar" l="N"/>
		<a id="13" s="N" t="N.ar" l="N"/>
		<a id="14" s="N" t="N.ar" l="N"/>
		<a id="15" s="N" t="N.ar" l="N"/>
		<a id="16" s="C" t="C.ar" l="C"/>
		<a id="17" s="C" t="C.ar" l="C"/>
		<a id="18" s="N" t="N.ar" l="N"/>
		<a id="19" s="H" t="H" l="H"/>
		<a id="20" s="H" t="H" l="H"/>
		<a id="21" s="H" t="H" l="H"/>
		<a id="22" s="H" t="H" l="H"/>
		<a id="23" s="H" t="H" l="H"/>
		<a id="24" s="H" t="H" l="H"/>
		<a id="25" s="H" t="H" l="H"/>
	</atoms>
	<bonds>
		<b id="1" c="1 2" t="1"/>
		<b id="2" c="2 3" t="ar"/>
		<b id="3" c="3 4" t="ar"/>
		<b id="4" c="4 5" t="ar"/>
		<b id="5" c="5 6" t="ar"/>
		<b id="6" c="6 7" t="1"/>
		<b id="7" c="7 8" t="ar"/>
		<b id="8" c="8 9" t="ar"/>
		<b id="9" c="9 10" t="ar"/>
		<b id="10" c="10 11" t="1"/>
		<b id="11" c="11 12" t="ar"/>
		<b id="12" c="12 13" t="ar"/>
		<b id="13" c="13 14" t="ar"/>
		<b id="14" c="14 15" t="ar"/>
		<b id="15" c="11 15" t="ar"/>
		<b id="16" c="10 16" t="ar"/>
		<b id="17" c="16 17" t="ar"/>
		<b id="18" c="7 17" t="ar"/>
		<b id="19" c="6 18" t="ar"/>
		<b id="20" c="2 18" t="ar"/>
		<b id="21" c="4 19" t="1"/>
		<b id="22" c="5 20" t="1"/>
		<b id="23" c="8 21" t="1"/>
		<b id="24" c="9 22" t="1"/>
		<b id="25" c="15 23" t="1"/>
		<b id="26" c="16 24" t="1"/>
		<b id="27" c="17 25" t="1"/>
	</bonds>
	<geometry>
		<g u="A" t="cart/3d">#25,3:-1.6129,-0.0129,-1.5233;-0.1288,-0.0129,-0.6834;0.2564,1.1400,-0.1703;1.4157,1.1288,0.4693;2.1773,-0.0191,0.6090;1.6657,-1.1888,0.0376;2.3474,-2.4843,0.0979;3.2732,-2.7856,1.0978;3.8940,-4.0158,1.1240;3.6077,-4.9713,0.1473;4.2891,-6.2436,0.2116;5.1443,-6.6257,1.1411;5.5323,-7.8487,0.8269;4.9793,-8.2565,-0.2351;4.1788,-7.2780,-0.6692;2.6754,-4.6772,-0.8485;2.0506,-3.4487,-0.8662;0.5045,-1.1621,-0.6199;1.7315,2.0798,0.8767;3.1262,0.0005,1.1167;3.4916,-2.0670,1.8725;4.6068,-4.2658,1.8938;3.6315,-7.3738,-1.5090;2.4307,-5.4053,-1.6080;1.3232,-3.2102,-1.6258;</g>
	</geometry>
	<conformers/>
	<properties/>
</molecule>
