<?xml version="1.0" ?>
<!--MOLLI PACKAGE EXPERIMENTAL XML FORMAT-->
<molecule name="el2676">
	<atoms>
		<a id="1" s="Cl" t="Cl" l="CL"/>
		<a id="2" s="C" t="C.ar" l="C"/>
		<a id="3" s="N" t="N.ar" l="N"/>
		<a id="4" s="C" t="C.ar" l="C"/>
		<a id="5" s="C" t="C.ar" l="C"/>
		<a id="6" s="C" t="C.ar" l="C"/>
		<a id="7" s="C" t="C.ar" l="C"/>
		<a id="8" s="C" t="C.ar" l="C"/>
		<a id="9" s="C" t="C.ar" l="C"/>
		<a id="10" s="C" t="C.ar" l="C"/>
		<a id="11" s="C" t="C.ar" l="C"/>
		<a id="12" s="N" t="N.pl3" l="N"/>
		<a id="13" s="C" t="C.3" l="C"/>
		<a id="14" s="C" t="C.3" l="C"/>
		<a id="15" s="O" t="O.3" l="O"/>
		<a id="16" s="C" t="C.3" l="C"/>
		<a id="17" s="C" t="C.3" l="C"/>
		<a id="18" s="C" t="C.ar" l="C"/>
		<a id="19" s="N" t="N.ar" l="N"/>
		<a id="20" s="H" t="H" l="H"/>
		<a id="21" s="H" t="H" l="H"/>
		<a id="22" s="H" t="H" l="H"/>
		<a id="23" s="H" t="H" l="H"/>
		<a id="24" s="H" t="H" l="H"/>
		<a id="25" s="H" t="H" l="H"/>
		<a id="26" s="H" t="H" l="H"/>
		<a id="27" s="H" t="H" l="H"/>
		<a id="28" s="H" t="H" l="H"/>
		<a id="29" s="H" t="H" l="H"/>
		<a id="30" s="H" t="H" l="H"/>
		<a id="31" s="H" t="H" l="H"/>
		<a id="32" s="H" t="H" l="H"/>
		<a id="33" s="H" t="H" l="H"/>
	</atoms>
	<bonds>
		<b id="1" c="1 2" t="1"/>
		<b id="2" c="2 3" t="ar"/>
		<b id="3" c="3 4" t="ar"/>
		<b id="4" c="4 5" t="ar"/>
		<b id="5" c="5 6" t="ar"/>
		<b id="6" c="6 7" t="1"/>
		<b id="7" c="7 8" t="ar"/>
		<b id="8" c="8 9" t="ar"/>
		<b id="9" c="9 10" t="ar"/>
		<b id="10" c="10 11" t="ar"/>
		<b id="11" c="11 12" t="1"/>
		<b id="12" c="12 13" t="1"/>
		<b id="13" c="13 14" t="1"/>
		<b id="14" c="14 15" t="1"/>
		<b id="15" c="15 16" t="1"/>
		<b id="16" c="16 17" t="1"/>
		<b id="17" c="12 17" t="1"/>
		<b id="18" c="11 18" t="ar"/>
		<b id="19" c="7 18" t="ar"/>
		<b id="20" c="6 19" t="ar"/>
		<b id="21" c="2 19" t="ar"/>
		<b id="22" c="4 20" t="1"/>
		<b id="23" c="5 21" t="1"/>
		<b id="24" c="8 22" t="1"/>
		<b id="25" c="9 23" t="1"/>
		<b id="26" c="10 24" t="1"/>
		<b id="27" c="13 25" t="1"/>
		<b id="28" c="13 26" t="1"/>
		<b id="29" c="14 27" t="1"/>
		<b id="30" c="14 28" t="1"/>
		<b id="31" c="16 29" t="1"/>
		<b id="32" c="16 30" t="1"/>
		<b id="33" c="17 31" t="1"/>
		<b id="34" c="17 32" t="1"/>
		<b id="35" c="18 33" t="1"/>
	</bonds>
	<geometry>
		<g u="A" t="cart/3d">#33,3:-0.0085,0.4283,-3.0780;0.5490,0.1198,-1.4920;0.3584,1.0800,-0.6090;0.7840,0.8168,0.6189;1.3950,-0.3766,0.9561;1.5626,-1.3198,-0.0658;2.2003,-2.6238,0.1218;2.9703,-2.9176,1.2457;3.5488,-4.1693,1.3520;3.3718,-5.1237,0.3715;2.5960,-4.8575,-0.7674;2.4936,-5.8007,-1.7730;1.8332,-5.4921,-3.0264;0.3393,-5.8295,-2.9527;0.1580,-7.1922,-2.6268;0.7900,-7.5143,-1.4094;2.2940,-7.2012,-1.4530;2.0208,-3.5890,-0.8660;1.1175,-1.0457,-1.2964;0.6195,1.6021,1.3450;1.7132,-0.5673,1.9662;3.1422,-2.1817,2.0143;4.1596,-4.4038,2.2115;3.8657,-6.0767,0.4803;2.2941,-6.1224,-3.7955;1.9916,-4.4499,-3.2964;-0.1466,-5.6814,-3.9181;-0.1503,-5.1969,-2.1963;0.6195,-8.5807,-1.2520;0.3295,-6.9460,-0.5845;2.7663,-7.8027,-2.2369;2.7420,-7.4546,-0.4950;1.4065,-3.3101,-1.7052;</g>
	</geometry>
	<conformers/>
	<properties/>
</molecule>
