<?xml version="1.0" ?>
<!--MOLLI PACKAGE EXPERIMENTAL XML FORMAT-->
<molecule name="el2678">
	<atoms>
		<a id="1" s="N" t="N.3" l="N"/>
		<a id="2" s="C" t="C.3" l="C"/>
		<a id="3" s="C" t="C.3" l="C"/>
		<a id="4" s="N" t="N.pl3" l="N"/>
		<a id="5" s="C" t="C.ar" l="C"/>
		<a id="6" s="C" t="C.ar" l="C"/>
		<a id="7" s="C" t="C.ar" l="C"/>
		<a id="8" s="C" t="C.ar" l="C"/>
		<a id="9" s="C" t="C.ar" l="C"/>
		<a id="10" s="C" t="C.ar" l="C"/>
		<a id="11" s="C" t="C.ar" l="C"/>
		<a id="12" s="C" t="C.ar" l="C"/>
		<a id="13" s="N" t="N.ar" l="N"/>
		<a id="14" s="C" t="C.ar" l="C"/>
		<a id="15" s="Cl" t="Cl" l="CL"/>
		<a id="16" s="N" t="N.ar" l="N"/>
		<a id="17" s="C" t="C.ar" l="C"/>
		<a id="18" s="H" t="H" l="H"/>
		<a id="19" s="H" t="H" l="H"/>
		<a id="20" s="H" t="H" l="H"/>
		<a id="21" s="H" t="H" l="H"/>
		<a id="22" s="H" t="H" l="H"/>
		<a id="23" s="H" t="H" l="H"/>
		<a id="24" s="H" t="H" l="H"/>
		<a id="25" s="H" t="H" l="H"/>
		<a id="26" s="H" t="H" l="H"/>
		<a id="27" s="H" t="H" l="H"/>
		<a id="28" s="H" t="H" l="H"/>
		<a id="29" s="H" t="H" l="H"/>
		<a id="30" s="H" t="H" l="H"/>
	</atoms>
	<bonds>
		<b id="1" c="1 2" t="1"/>
		<b id="2" c="2 3" t="1"/>
		<b id="3" c="3 4" t="1"/>
		<b id="4" c="4 5" t="1"/>
		<b id="5" c="5 6" t="ar"/>
		<b id="6" c="6 7" t="ar"/>
		<b id="7" c="7 8" t="ar"/>
		<b id="8" c="8 9" t="ar"/>
		<b id="9" c="9 10" t="1"/>
		<b id="10" c="10 11" t="ar"/>
		<b id="11" c="11 12" t="ar"/>
		<b id="12" c="12 13" t="ar"/>
		<b id="13" c="13 14" t="ar"/>
		<b id="14" c="14 15" t="1"/>
		<b id="15" c="14 16" t="ar"/>
		<b id="16" c="10 16" t="ar"/>
		<b id="17" c="9 17" t="ar"/>
		<b id="18" c="5 17" t="ar"/>
		<b id="19" c="1 18" t="1"/>
		<b id="20" c="1 19" t="1"/>
		<b id="21" c="2 20" t="1"/>
		<b id="22" c="2 21" t="1"/>
		<b id="23" c="3 22" t="1"/>
		<b id="24" c="3 23" t="1"/>
		<b id="25" c="4 24" t="1"/>
		<b id="26" c="6 25" t="1"/>
		<b id="27" c="7 26" t="1"/>
		<b id="28" c="8 27" t="1"/>
		<b id="29" c="11 28" t="1"/>
		<b id="30" c="12 29" t="1"/>
		<b id="31" c="17 30" t="1"/>
	</bonds>
	<geometry>
		<g u="A" t="cart/3d">#30,3:3.3415,-0.5805,-0.5331;2.3713,0.4153,-0.1016;2.9501,1.2052,1.0713;4.2001,1.7929,0.6566;5.0368,2.4578,1.5140;4.6082,2.9382,2.7566;5.4739,3.6457,3.5699;6.7721,3.8999,3.1748;7.2142,3.4461,1.9300;8.5847,3.7453,1.5161;9.0017,3.7762,0.1786;10.3268,4.0863,-0.0606;11.1856,4.3510,0.9150;10.6878,4.3086,2.1349;11.7739,4.6623,3.4063;9.4567,4.0256,2.4883;6.3502,2.7246,1.1159;3.0116,-1.0682,-1.3579;3.4860,-1.2698,0.1983;1.4004,-0.0105,0.1992;2.2012,1.0956,-0.9405;3.0869,0.5324,1.9337;2.2466,1.9931,1.3593;4.6489,1.2590,-0.0759;3.5987,2.7526,3.0874;5.1268,4.0007,4.5292;7.4541,4.4475,3.8035;8.3191,3.5887,-0.6323;10.7343,4.1347,-1.0620;6.6884,2.3325,0.1677;</g>
	</geometry>
	<conformers/>
	<properties/>
</molecule>
