<?xml version="1.0" ?>
<!--MOLLI PACKAGE EXPERIMENTAL XML FORMAT-->
<molecule name="el2428">
	<atoms>
		<a id="1" s="C" t="C.3" l="C"/>
		<a id="2" s="S" t="S.O2" l="S"/>
		<a id="3" s="O" t="O.2" l="O"/>
		<a id="4" s="O" t="O.2" l="O"/>
		<a id="5" s="C" t="C.ar" l="C"/>
		<a id="6" s="C" t="C.ar" l="C"/>
		<a id="7" s="C" t="C.ar" l="C"/>
		<a id="8" s="C" t="C.ar" l="C"/>
		<a id="9" s="N" t="N.pl3" l="N"/>
		<a id="10" s="C" t="C.3" l="C"/>
		<a id="11" s="C" t="C.ar" l="C"/>
		<a id="12" s="C" t="C.ar" l="C"/>
		<a id="13" s="C" t="C.ar" l="C"/>
		<a id="14" s="C" t="C.ar" l="C"/>
		<a id="15" s="C" t="C.ar" l="C"/>
		<a id="16" s="N" t="N.ar" l="N"/>
		<a id="17" s="C" t="C.ar" l="C"/>
		<a id="18" s="C" t="C.ar" l="C"/>
		<a id="19" s="C" t="C.ar" l="C"/>
		<a id="20" s="C" t="C.ar" l="C"/>
		<a id="21" s="C" t="C.ar" l="C"/>
		<a id="22" s="Cl" t="Cl" l="CL"/>
		<a id="23" s="C" t="C.ar" l="C"/>
		<a id="24" s="F" t="F" l="F"/>
		<a id="25" s="C" t="C.ar" l="C"/>
		<a id="26" s="N" t="N.pl3" l="N"/>
		<a id="27" s="C" t="C.ar" l="C"/>
		<a id="28" s="H" t="H" l="H"/>
		<a id="29" s="H" t="H" l="H"/>
		<a id="30" s="H" t="H" l="H"/>
		<a id="31" s="H" t="H" l="H"/>
		<a id="32" s="H" t="H" l="H"/>
		<a id="33" s="H" t="H" l="H"/>
		<a id="34" s="H" t="H" l="H"/>
		<a id="35" s="H" t="H" l="H"/>
		<a id="36" s="H" t="H" l="H"/>
		<a id="37" s="H" t="H" l="H"/>
		<a id="38" s="H" t="H" l="H"/>
		<a id="39" s="H" t="H" l="H"/>
		<a id="40" s="H" t="H" l="H"/>
		<a id="41" s="H" t="H" l="H"/>
		<a id="42" s="H" t="H" l="H"/>
		<a id="43" s="H" t="H" l="H"/>
		<a id="44" s="H" t="H" l="H"/>
	</atoms>
	<bonds>
		<b id="1" c="1 2" t="1"/>
		<b id="2" c="2 3" t="2"/>
		<b id="3" c="2 4" t="2"/>
		<b id="4" c="2 5" t="1"/>
		<b id="5" c="5 6" t="ar"/>
		<b id="6" c="6 7" t="ar"/>
		<b id="7" c="7 8" t="ar"/>
		<b id="8" c="8 9" t="1"/>
		<b id="9" c="11 12" t="ar"/>
		<b id="10" c="12 13" t="ar"/>
		<b id="11" c="13 14" t="ar"/>
		<b id="12" c="14 15" t="ar"/>
		<b id="13" c="15 16" t="ar"/>
		<b id="14" c="11 16" t="ar"/>
		<b id="15" c="10 17" t="1"/>
		<b id="16" c="17 18" t="ar"/>
		<b id="17" c="18 19" t="ar"/>
		<b id="18" c="19 20" t="ar"/>
		<b id="19" c="20 21" t="ar"/>
		<b id="20" c="21 22" t="1"/>
		<b id="21" c="21 23" t="ar"/>
		<b id="22" c="17 23" t="ar"/>
		<b id="23" c="23 24" t="1"/>
		<b id="24" c="8 25" t="ar"/>
		<b id="25" c="25 26" t="1"/>
		<b id="26" c="25 27" t="ar"/>
		<b id="27" c="5 27" t="ar"/>
		<b id="28" c="10 11" t="1"/>
		<b id="29" c="10 9" t="1"/>
		<b id="30" c="1 28" t="1"/>
		<b id="31" c="1 29" t="1"/>
		<b id="32" c="1 30" t="1"/>
		<b id="33" c="6 31" t="1"/>
		<b id="34" c="7 32" t="1"/>
		<b id="35" c="9 33" t="1"/>
		<b id="36" c="10 34" t="1"/>
		<b id="37" c="12 35" t="1"/>
		<b id="38" c="13 36" t="1"/>
		<b id="39" c="14 37" t="1"/>
		<b id="40" c="15 38" t="1"/>
		<b id="41" c="18 39" t="1"/>
		<b id="42" c="19 40" t="1"/>
		<b id="43" c="20 41" t="1"/>
		<b id="44" c="26 42" t="1"/>
		<b id="45" c="26 43" t="1"/>
		<b id="46" c="27 44" t="1"/>
	</bonds>
	<geometry>
		<g u="A" t="cart/3d">#44,3:2.2284,-5.1286,7.4231;3.2284,-6.6513,7.4579;4.0753,-6.6003,8.6233;2.3268,-7.7687,7.3308;4.2141,-6.5013,5.9850;3.7649,-7.0467,4.8022;4.4813,-6.8289,3.6373;5.6422,-6.0625,3.6461;6.3961,-5.7723,2.5257;5.9947,-6.0991,1.1721;4.6662,-5.4930,0.7578;4.0918,-5.7764,-0.4809;2.8904,-5.1709,-0.8038;2.3146,-4.2932,0.1046;2.9842,-4.0544,1.2940;4.1266,-4.6357,1.6113;6.1109,-7.6025,0.9756;5.0512,-8.4685,0.7336;5.2635,-9.8318,0.6166;6.5366,-10.3634,0.7348;7.6136,-9.5170,0.9635;9.2164,-10.1413,1.0951;7.3873,-8.1527,1.0858;8.4337,-7.3331,1.2998;6.1331,-5.5771,4.8837;7.3217,-4.8402,4.8997;5.3968,-5.7830,6.0375;1.5698,-5.1381,8.2811;1.6576,-5.1290,6.5026;2.9043,-4.2842,7.4673;2.8595,-7.6329,4.8054;4.1128,-7.2408,2.7149;6.8735,-4.8832,2.6044;6.7586,-5.6457,0.5210;4.5810,-6.4495,-1.1700;2.4122,-5.3768,-1.7515;1.3778,-3.8037,-0.1092;2.5966,-3.3636,2.0330;4.0482,-8.0796,0.6294;4.4246,-10.4892,0.4376;6.7040,-11.4245,0.6481;8.0621,-5.2485,4.3474;7.6364,-4.6265,5.8373;5.7411,-5.4105,6.9916;</g>
	</geometry>
	<conformers/>
	<properties/>
</molecule>
