<?xml version="1.0" ?>
<!--MOLLI PACKAGE EXPERIMENTAL XML FORMAT-->
<molecule name="el2684">
	<atoms>
		<a id="1" s="C" t="C.3" l="C"/>
		<a id="2" s="C" t="C.3" l="C"/>
		<a id="3" s="C" t="C.3" l="C"/>
		<a id="4" s="C" t="C.ar" l="C"/>
		<a id="5" s="C" t="C.ar" l="C"/>
		<a id="6" s="C" t="C.ar" l="C"/>
		<a id="7" s="C" t="C.ar" l="C"/>
		<a id="8" s="C" t="C.ar" l="C"/>
		<a id="9" s="N" t="N.ar" l="N"/>
		<a id="10" s="C" t="C.ar" l="C"/>
		<a id="11" s="Cl" t="Cl" l="CL"/>
		<a id="12" s="N" t="N.ar" l="N"/>
		<a id="13" s="C" t="C.ar" l="C"/>
		<a id="14" s="C" t="C.3" l="C"/>
		<a id="15" s="F" t="F" l="F"/>
		<a id="16" s="F" t="F" l="F"/>
		<a id="17" s="F" t="F" l="F"/>
		<a id="18" s="N" t="N.ar" l="N"/>
		<a id="19" s="N" t="N.ar" l="N"/>
		<a id="20" s="S" t="S.O2" l="S"/>
		<a id="21" s="O" t="O.2" l="O"/>
		<a id="22" s="O" t="O.2" l="O"/>
		<a id="23" s="N" t="N.3" l="N"/>
		<a id="24" s="C" t="C.3" l="C"/>
		<a id="25" s="C" t="C.3" l="C"/>
		<a id="26" s="H" t="H" l="H"/>
		<a id="27" s="H" t="H" l="H"/>
		<a id="28" s="H" t="H" l="H"/>
		<a id="29" s="H" t="H" l="H"/>
		<a id="30" s="H" t="H" l="H"/>
		<a id="31" s="H" t="H" l="H"/>
		<a id="32" s="H" t="H" l="H"/>
		<a id="33" s="H" t="H" l="H"/>
		<a id="34" s="H" t="H" l="H"/>
		<a id="35" s="H" t="H" l="H"/>
		<a id="36" s="H" t="H" l="H"/>
		<a id="37" s="H" t="H" l="H"/>
		<a id="38" s="H" t="H" l="H"/>
		<a id="39" s="H" t="H" l="H"/>
		<a id="40" s="H" t="H" l="H"/>
	</atoms>
	<bonds>
		<b id="1" c="1 2" t="1"/>
		<b id="2" c="2 3" t="1"/>
		<b id="3" c="2 4" t="1"/>
		<b id="4" c="4 5" t="ar"/>
		<b id="5" c="5 6" t="1"/>
		<b id="6" c="6 7" t="ar"/>
		<b id="7" c="7 8" t="ar"/>
		<b id="8" c="8 9" t="ar"/>
		<b id="9" c="9 10" t="ar"/>
		<b id="10" c="10 11" t="1"/>
		<b id="11" c="10 12" t="ar"/>
		<b id="12" c="6 12" t="ar"/>
		<b id="13" c="5 13" t="ar"/>
		<b id="14" c="13 14" t="1"/>
		<b id="15" c="14 15" t="1"/>
		<b id="16" c="14 16" t="1"/>
		<b id="17" c="14 17" t="1"/>
		<b id="18" c="13 18" t="ar"/>
		<b id="19" c="18 19" t="ar"/>
		<b id="20" c="4 19" t="ar"/>
		<b id="21" c="19 20" t="1"/>
		<b id="22" c="20 21" t="2"/>
		<b id="23" c="20 22" t="2"/>
		<b id="24" c="20 23" t="1"/>
		<b id="25" c="23 24" t="1"/>
		<b id="26" c="23 25" t="1"/>
		<b id="27" c="1 26" t="1"/>
		<b id="28" c="1 27" t="1"/>
		<b id="29" c="1 28" t="1"/>
		<b id="30" c="2 29" t="1"/>
		<b id="31" c="3 30" t="1"/>
		<b id="32" c="3 31" t="1"/>
		<b id="33" c="3 32" t="1"/>
		<b id="34" c="7 33" t="1"/>
		<b id="35" c="8 34" t="1"/>
		<b id="36" c="24 35" t="1"/>
		<b id="37" c="24 36" t="1"/>
		<b id="38" c="24 37" t="1"/>
		<b id="39" c="25 38" t="1"/>
		<b id="40" c="25 39" t="1"/>
		<b id="41" c="25 40" t="1"/>
	</bonds>
	<geometry>
		<g u="A" t="cart/3d">#40,3:3.7750,0.9939,0.0633;2.5780,0.0611,-0.1205;1.4595,0.7616,-0.9020;2.9588,-1.2117,-0.7979;2.6569,-2.5209,-0.4289;1.9039,-3.0294,0.7081;0.7407,-2.4304,1.1975;0.1409,-3.0495,2.2825;0.6247,-4.1514,2.8314;1.7189,-4.6435,2.2801;2.3449,-6.0686,2.9592;2.3813,-4.1431,1.2594;3.2907,-3.3159,-1.4104;3.2749,-4.7990,-1.5678;2.0591,-5.3187,-1.3342;3.6013,-5.1592,-2.8213;4.1329,-5.4290,-0.7604;3.9021,-2.5593,-2.2984;3.7103,-1.2933,-1.9250;4.5153,-0.1406,-2.9993;3.5317,0.8456,-3.2929;5.7208,0.2386,-2.3523;4.8436,-0.9962,-4.3334;5.9825,-1.8853,-4.2977;3.7120,-1.4260,-5.1199;3.4823,1.8398,0.6806;4.1257,1.3668,-0.8935;4.5957,0.4749,0.5527;2.2016,-0.2143,0.8718;1.8289,1.0738,-1.8747;1.1265,1.6399,-0.3554;0.6091,0.0981,-1.0472;0.3163,-1.5525,0.7428;-0.7612,-2.6607,2.7357;6.6991,-1.4678,-3.5963;6.4274,-1.9254,-5.2919;5.6927,-2.8888,-3.9785;2.9331,-0.6758,-5.0111;3.3444,-2.4011,-4.7880;4.0108,-1.4874,-6.1662;</g>
	</geometry>
	<conformers/>
	<properties/>
</molecule>
