<?xml version="1.0" ?>
<!--MOLLI PACKAGE EXPERIMENTAL XML FORMAT-->
<molecule name="el2686">
	<atoms>
		<a id="1" s="C" t="C.3" l="C"/>
		<a id="2" s="N" t="N.am" l="N"/>
		<a id="3" s="C" t="C.2" l="C"/>
		<a id="4" s="O" t="O.2" l="O"/>
		<a id="5" s="C" t="C.ar" l="C"/>
		<a id="6" s="C" t="C.ar" l="C"/>
		<a id="7" s="C" t="C.ar" l="C"/>
		<a id="8" s="C" t="C.ar" l="C"/>
		<a id="9" s="F" t="F" l="F"/>
		<a id="10" s="C" t="C.ar" l="C"/>
		<a id="11" s="C" t="C.ar" l="C"/>
		<a id="12" s="N" t="N.pl3" l="N"/>
		<a id="13" s="C" t="C.ar" l="C"/>
		<a id="14" s="C" t="C.ar" l="C"/>
		<a id="15" s="C" t="C.ar" l="C"/>
		<a id="16" s="Cl" t="Cl" l="CL"/>
		<a id="17" s="N" t="N.ar" l="N"/>
		<a id="18" s="C" t="C.ar" l="C"/>
		<a id="19" s="C" t="C.ar" l="C"/>
		<a id="20" s="C" t="C.3" l="C"/>
		<a id="21" s="F" t="F" l="F"/>
		<a id="22" s="F" t="F" l="F"/>
		<a id="23" s="F" t="F" l="F"/>
		<a id="24" s="H" t="H" l="H"/>
		<a id="25" s="H" t="H" l="H"/>
		<a id="26" s="H" t="H" l="H"/>
		<a id="27" s="H" t="H" l="H"/>
		<a id="28" s="H" t="H" l="H"/>
		<a id="29" s="H" t="H" l="H"/>
		<a id="30" s="H" t="H" l="H"/>
		<a id="31" s="H" t="H" l="H"/>
		<a id="32" s="H" t="H" l="H"/>
		<a id="33" s="H" t="H" l="H"/>
	</atoms>
	<bonds>
		<b id="1" c="1 2" t="1"/>
		<b id="2" c="2 3" t="am"/>
		<b id="3" c="3 4" t="2"/>
		<b id="4" c="3 5" t="1"/>
		<b id="5" c="5 6" t="ar"/>
		<b id="6" c="6 7" t="ar"/>
		<b id="7" c="7 8" t="ar"/>
		<b id="8" c="8 9" t="1"/>
		<b id="9" c="8 10" t="ar"/>
		<b id="10" c="10 11" t="ar"/>
		<b id="11" c="5 11" t="ar"/>
		<b id="12" c="11 12" t="1"/>
		<b id="13" c="12 13" t="1"/>
		<b id="14" c="13 14" t="ar"/>
		<b id="15" c="14 15" t="ar"/>
		<b id="16" c="15 16" t="1"/>
		<b id="17" c="15 17" t="ar"/>
		<b id="18" c="17 18" t="ar"/>
		<b id="19" c="18 19" t="ar"/>
		<b id="20" c="13 19" t="ar"/>
		<b id="21" c="19 20" t="1"/>
		<b id="22" c="20 21" t="1"/>
		<b id="23" c="20 22" t="1"/>
		<b id="24" c="20 23" t="1"/>
		<b id="25" c="1 24" t="1"/>
		<b id="26" c="1 25" t="1"/>
		<b id="27" c="1 26" t="1"/>
		<b id="28" c="2 27" t="1"/>
		<b id="29" c="6 28" t="1"/>
		<b id="30" c="7 29" t="1"/>
		<b id="31" c="10 30" t="1"/>
		<b id="32" c="12 31" t="1"/>
		<b id="33" c="14 32" t="1"/>
		<b id="34" c="18 33" t="1"/>
	</bonds>
	<geometry>
		<g u="A" t="cart/3d">#33,3:1.2737,0.4240,-2.8534;2.6868,0.4848,-2.5516;3.1575,0.3159,-1.2849;2.4409,0.1714,-0.3207;4.6554,0.3583,-1.1909;5.3063,-0.7214,-0.6107;6.6844,-0.7532,-0.5023;7.3984,0.3226,-0.9980;8.7423,0.3019,-0.9436;6.7847,1.4277,-1.5561;5.3947,1.4683,-1.6312;4.7208,2.5497,-2.1870;5.1160,3.8522,-2.2735;6.0996,4.4183,-1.4553;6.4159,5.7544,-1.6303;7.6111,6.4717,-0.6378;5.8488,6.5514,-2.5198;4.9033,6.0407,-3.2803;4.4961,4.7165,-3.2072;3.4260,4.1998,-4.1149;3.8179,3.1067,-4.8100;2.3209,3.7975,-3.4420;3.0131,5.0908,-5.0143;0.9784,1.2984,-3.4340;0.7379,0.4192,-1.9060;1.0280,-0.4809,-3.4116;3.3229,0.3950,-3.3304;4.7134,-1.5451,-0.2448;7.1998,-1.5886,-0.0587;7.3929,2.2244,-1.9516;3.7710,2.3385,-2.4679;6.5728,3.8451,-0.6772;4.4523,6.7210,-3.9890;</g>
	</geometry>
	<conformers/>
	<properties/>
</molecule>
