<?xml version="1.0" ?>
<!--MOLLI PACKAGE EXPERIMENTAL XML FORMAT-->
<molecule name="el2698">
	<atoms>
		<a id="1" s="C" t="C.3" l="C"/>
		<a id="2" s="N" t="N.3" l="N"/>
		<a id="3" s="C" t="C.3" l="C"/>
		<a id="4" s="C" t="C.3" l="C"/>
		<a id="5" s="C" t="C.3" l="C"/>
		<a id="6" s="C" t="C.3" l="C"/>
		<a id="7" s="N" t="N.pl3" l="N"/>
		<a id="8" s="C" t="C.ar" l="C"/>
		<a id="9" s="N" t="N.ar" l="N"/>
		<a id="10" s="C" t="C.ar" l="C"/>
		<a id="11" s="C" t="C.ar" l="C"/>
		<a id="12" s="C" t="C.ar" l="C"/>
		<a id="13" s="C" t="C.ar" l="C"/>
		<a id="14" s="N" t="N.pl3" l="N"/>
		<a id="15" s="O" t="O.2" l="O"/>
		<a id="16" s="O" t="O.co2" l="O"/>
		<a id="17" s="C" t="C.ar" l="C"/>
		<a id="18" s="C" t="C.ar" l="C"/>
		<a id="19" s="N" t="N.ar" l="N"/>
		<a id="20" s="C" t="C.ar" l="C"/>
		<a id="21" s="Cl" t="Cl" l="CL"/>
		<a id="22" s="H" t="H" l="H"/>
		<a id="23" s="H" t="H" l="H"/>
		<a id="24" s="H" t="H" l="H"/>
		<a id="25" s="H" t="H" l="H"/>
		<a id="26" s="H" t="H" l="H"/>
		<a id="27" s="H" t="H" l="H"/>
		<a id="28" s="H" t="H" l="H"/>
		<a id="29" s="H" t="H" l="H"/>
		<a id="30" s="H" t="H" l="H"/>
		<a id="31" s="H" t="H" l="H"/>
		<a id="32" s="H" t="H" l="H"/>
		<a id="33" s="H" t="H" l="H"/>
		<a id="34" s="H" t="H" l="H"/>
		<a id="35" s="H" t="H" l="H"/>
		<a id="36" s="H" t="H" l="H"/>
		<a id="37" s="H" t="H" l="H"/>
	</atoms>
	<bonds>
		<b id="1" c="1 2" t="1"/>
		<b id="2" c="2 3" t="1"/>
		<b id="3" c="2 4" t="1"/>
		<b id="4" c="4 5" t="1"/>
		<b id="5" c="5 6" t="1"/>
		<b id="6" c="6 7" t="1"/>
		<b id="7" c="7 8" t="1"/>
		<b id="8" c="8 9" t="ar"/>
		<b id="9" c="9 10" t="ar"/>
		<b id="10" c="10 11" t="ar"/>
		<b id="11" c="11 12" t="ar"/>
		<b id="12" c="12 13" t="ar"/>
		<b id="13" c="13 14" t="1"/>
		<b id="14" c="14 15" t="2"/>
		<b id="15" c="14 16" t="1"/>
		<b id="16" c="13 17" t="ar"/>
		<b id="17" c="17 18" t="ar"/>
		<b id="18" c="10 18" t="ar"/>
		<b id="19" c="18 19" t="ar"/>
		<b id="20" c="19 20" t="ar"/>
		<b id="21" c="8 20" t="ar"/>
		<b id="22" c="20 21" t="1"/>
		<b id="23" c="1 22" t="1"/>
		<b id="24" c="1 23" t="1"/>
		<b id="25" c="1 24" t="1"/>
		<b id="26" c="3 25" t="1"/>
		<b id="27" c="3 26" t="1"/>
		<b id="28" c="3 27" t="1"/>
		<b id="29" c="4 28" t="1"/>
		<b id="30" c="4 29" t="1"/>
		<b id="31" c="5 30" t="1"/>
		<b id="32" c="5 31" t="1"/>
		<b id="33" c="6 32" t="1"/>
		<b id="34" c="6 33" t="1"/>
		<b id="35" c="7 34" t="1"/>
		<b id="36" c="11 35" t="1"/>
		<b id="37" c="12 36" t="1"/>
		<b id="38" c="17 37" t="1"/>
	</bonds>
	<geometry>
		<g u="A" t="cart/3d">#37,3:2.9598,-1.5961,0.2221;2.6567,-1.5197,-1.1915;1.2818,-1.8974,-1.4440;2.9867,-0.2195,-1.7547;4.4824,-0.1039,-2.0553;4.9153,-1.2182,-3.0095;6.3422,-1.2289,-3.2105;6.9374,-0.9187,-4.3641;6.2194,-0.6400,-5.4366;6.8578,-0.3622,-6.5884;6.1119,-0.0622,-7.7471;6.7527,0.2168,-8.9207;8.1580,0.2040,-8.9783;8.8065,0.4997,-10.2267;8.1038,0.7967,-11.1712;10.0176,0.4359,-10.2638;8.9240,-0.0820,-7.8683;8.2793,-0.3650,-6.6628;9.0127,-0.6395,-5.5496;8.3794,-0.9001,-4.4629;9.3228,-1.2346,-3.0554;2.7565,-2.6064,0.5746;2.3632,-0.8899,0.8213;4.0141,-1.3836,0.3881;1.1245,-2.9149,-1.0864;1.0928,-1.8764,-2.5167;0.5564,-1.2367,-0.9443;2.6819,0.6040,-1.0864;2.4406,-0.1072,-2.6938;5.0585,-0.1749,-1.1311;4.6835,0.8703,-2.5032;4.4557,-1.0824,-3.9885;4.5966,-2.1759,-2.5884;6.9399,-1.4000,-2.4143;5.0363,-0.0624,-7.6767;6.2051,0.4497,-9.8212;10.0015,-0.0884,-7.9214;</g>
	</geometry>
	<conformers/>
	<properties/>
</molecule>
