<?xml version="1.0" ?>
<!--MOLLI PACKAGE EXPERIMENTAL XML FORMAT-->
<molecule name="el2430">
	<atoms>
		<a id="1" s="C" t="C.3" l="C"/>
		<a id="2" s="S" t="S.O2" l="S"/>
		<a id="3" s="O" t="O.2" l="O"/>
		<a id="4" s="O" t="O.2" l="O"/>
		<a id="5" s="N" t="N.pl3" l="N"/>
		<a id="6" s="C" t="C.ar" l="C"/>
		<a id="7" s="C" t="C.ar" l="C"/>
		<a id="8" s="C" t="C.ar" l="C"/>
		<a id="9" s="C" t="C.ar" l="C"/>
		<a id="10" s="C" t="C.ar" l="C"/>
		<a id="11" s="C" t="C.ar" l="C"/>
		<a id="12" s="C" t="C.ar" l="C"/>
		<a id="13" s="S" t="S.2" l="S"/>
		<a id="14" s="C" t="C.ar" l="C"/>
		<a id="15" s="C" t="C.ar" l="C"/>
		<a id="16" s="N" t="N.ar" l="N"/>
		<a id="17" s="C" t="C.ar" l="C"/>
		<a id="18" s="Cl" t="Cl" l="CL"/>
		<a id="19" s="N" t="N.ar" l="N"/>
		<a id="20" s="C" t="C.ar" l="C"/>
		<a id="21" s="C" t="C.ar" l="C"/>
		<a id="22" s="H" t="H" l="H"/>
		<a id="23" s="H" t="H" l="H"/>
		<a id="24" s="H" t="H" l="H"/>
		<a id="25" s="H" t="H" l="H"/>
		<a id="26" s="H" t="H" l="H"/>
		<a id="27" s="H" t="H" l="H"/>
		<a id="28" s="H" t="H" l="H"/>
		<a id="29" s="H" t="H" l="H"/>
		<a id="30" s="H" t="H" l="H"/>
		<a id="31" s="H" t="H" l="H"/>
	</atoms>
	<bonds>
		<b id="1" c="1 2" t="1"/>
		<b id="2" c="2 3" t="2"/>
		<b id="3" c="2 4" t="2"/>
		<b id="4" c="2 5" t="1"/>
		<b id="5" c="5 6" t="1"/>
		<b id="6" c="6 7" t="ar"/>
		<b id="7" c="7 8" t="ar"/>
		<b id="8" c="8 9" t="ar"/>
		<b id="9" c="9 10" t="ar"/>
		<b id="10" c="10 11" t="1"/>
		<b id="11" c="11 12" t="ar"/>
		<b id="12" c="12 13" t="ar"/>
		<b id="13" c="13 14" t="ar"/>
		<b id="14" c="14 15" t="ar"/>
		<b id="15" c="15 16" t="ar"/>
		<b id="16" c="16 17" t="ar"/>
		<b id="17" c="17 18" t="1"/>
		<b id="18" c="17 19" t="ar"/>
		<b id="19" c="19 20" t="ar"/>
		<b id="20" c="11 20" t="ar"/>
		<b id="21" c="14 20" t="ar"/>
		<b id="22" c="10 21" t="ar"/>
		<b id="23" c="6 21" t="ar"/>
		<b id="24" c="1 22" t="1"/>
		<b id="25" c="1 23" t="1"/>
		<b id="26" c="1 24" t="1"/>
		<b id="27" c="5 25" t="1"/>
		<b id="28" c="7 26" t="1"/>
		<b id="29" c="8 27" t="1"/>
		<b id="30" c="9 28" t="1"/>
		<b id="31" c="12 29" t="1"/>
		<b id="32" c="15 30" t="1"/>
		<b id="33" c="21 31" t="1"/>
	</bonds>
	<geometry>
		<g u="A" t="cart/3d">#31,3:3.4723,1.3784,1.6287;2.6189,0.8440,0.1245;2.8683,-0.5486,-0.0751;1.2673,1.3071,0.1549;3.3567,1.7352,-1.0805;4.7258,1.7318,-1.3190;5.4771,0.5816,-1.0877;6.8377,0.5940,-1.3371;7.4628,1.7312,-1.8145;6.7170,2.8849,-2.0539;7.3582,4.1029,-2.5446;8.4824,4.1428,-3.3135;9.0343,5.7241,-3.7315;7.7239,6.4255,-2.8487;7.3846,7.7530,-2.6338;6.3266,8.0644,-1.9124;5.6155,7.0632,-1.4089;4.2549,7.5080,-0.4830;5.8341,5.7772,-1.5397;6.8957,5.4314,-2.2670;5.3492,2.8770,-1.8023;3.1231,0.7538,2.4399;3.2192,2.4146,1.8069;4.5362,1.2491,1.4785;2.8770,2.6025,-1.2623;4.9840,-0.3066,-0.7289;7.4178,-0.2979,-1.1541;8.5284,1.7318,-1.9829;9.0348,3.3042,-3.6910;7.9554,8.5786,-3.0354;4.7686,3.7676,-1.9811;</g>
	</geometry>
	<conformers/>
	<properties/>
</molecule>
