<?xml version="1.0" ?>
<!--MOLLI PACKAGE EXPERIMENTAL XML FORMAT-->
<molecule name="el2701">
	<atoms>
		<a id="1" s="F" t="F" l="F"/>
		<a id="2" s="C" t="C.ar" l="C"/>
		<a id="3" s="C" t="C.ar" l="C"/>
		<a id="4" s="C" t="C.ar" l="C"/>
		<a id="5" s="F" t="F" l="F"/>
		<a id="6" s="C" t="C.ar" l="C"/>
		<a id="7" s="C" t="C.ar" l="C"/>
		<a id="8" s="N" t="N.pl3" l="N"/>
		<a id="9" s="C" t="C.ar" l="C"/>
		<a id="10" s="N" t="N.ar" l="N"/>
		<a id="11" s="C" t="C.ar" l="C"/>
		<a id="12" s="Cl" t="Cl" l="CL"/>
		<a id="13" s="N" t="N.ar" l="N"/>
		<a id="14" s="C" t="C.ar" l="C"/>
		<a id="15" s="C" t="C.ar" l="C"/>
		<a id="16" s="F" t="F" l="F"/>
		<a id="17" s="C" t="C.ar" l="C"/>
		<a id="18" s="H" t="H" l="H"/>
		<a id="19" s="H" t="H" l="H"/>
		<a id="20" s="H" t="H" l="H"/>
		<a id="21" s="H" t="H" l="H"/>
		<a id="22" s="H" t="H" l="H"/>
	</atoms>
	<bonds>
		<b id="1" c="1 2" t="1"/>
		<b id="2" c="2 3" t="ar"/>
		<b id="3" c="3 4" t="ar"/>
		<b id="4" c="4 5" t="1"/>
		<b id="5" c="4 6" t="ar"/>
		<b id="6" c="6 7" t="ar"/>
		<b id="7" c="7 8" t="1"/>
		<b id="8" c="8 9" t="1"/>
		<b id="9" c="9 10" t="ar"/>
		<b id="10" c="10 11" t="ar"/>
		<b id="11" c="11 12" t="1"/>
		<b id="12" c="11 13" t="ar"/>
		<b id="13" c="13 14" t="ar"/>
		<b id="14" c="14 15" t="ar"/>
		<b id="15" c="9 15" t="ar"/>
		<b id="16" c="15 16" t="1"/>
		<b id="17" c="7 17" t="ar"/>
		<b id="18" c="2 17" t="ar"/>
		<b id="19" c="3 18" t="1"/>
		<b id="20" c="6 19" t="1"/>
		<b id="21" c="8 20" t="1"/>
		<b id="22" c="14 21" t="1"/>
		<b id="23" c="17 22" t="1"/>
	</bonds>
	<geometry>
		<g u="A" t="cart/3d">#22,3:2.1597,1.0825,-0.5258;1.0815,0.3270,-0.2667;-0.0750,0.9531,0.1637;-1.1654,0.1413,0.4198;-2.3112,0.7037,0.8396;-1.1214,-1.2295,0.2621;0.0624,-1.8284,-0.1715;0.0602,-3.2100,-0.3089;1.0506,-4.0532,-0.6806;2.2598,-3.6152,-1.0216;3.1640,-4.5130,-1.3695;4.6875,-3.8958,-1.7962;3.0179,-5.8185,-1.4209;1.8197,-6.2919,-1.0863;0.8052,-5.4474,-0.7113;-0.4180,-5.9094,-0.3689;1.1780,-1.0410,-0.4413;-0.1246,2.0209,0.2929;-2.0014,-1.8158,0.4770;-0.8170,-3.6614,-0.0775;1.6907,-7.3636,-1.1249;2.0984,-1.4856,-0.7781;</g>
	</geometry>
	<conformers/>
	<properties/>
</molecule>
