<?xml version="1.0" ?>
<!--MOLLI PACKAGE EXPERIMENTAL XML FORMAT-->
<molecule name="el2704">
	<atoms>
		<a id="1" s="C" t="C.3" l="C"/>
		<a id="2" s="N" t="N.3" l="N"/>
		<a id="3" s="C" t="C.3" l="C"/>
		<a id="4" s="C" t="C.3" l="C"/>
		<a id="5" s="N" t="N.pl3" l="N"/>
		<a id="6" s="C" t="C.ar" l="C"/>
		<a id="7" s="N" t="N.ar" l="N"/>
		<a id="8" s="C" t="C.ar" l="C"/>
		<a id="9" s="C" t="C.ar" l="C"/>
		<a id="10" s="C" t="C.ar" l="C"/>
		<a id="11" s="C" t="C.ar" l="C"/>
		<a id="12" s="C" t="C.ar" l="C"/>
		<a id="13" s="C" t="C.ar" l="C"/>
		<a id="14" s="C" t="C.ar" l="C"/>
		<a id="15" s="Cl" t="Cl" l="CL"/>
		<a id="16" s="C" t="C.ar" l="C"/>
		<a id="17" s="C" t="C.ar" l="C"/>
		<a id="18" s="N" t="N.ar" l="N"/>
		<a id="19" s="C" t="C.ar" l="C"/>
		<a id="20" s="C" t="C.ar" l="C"/>
		<a id="21" s="C" t="C.ar" l="C"/>
		<a id="22" s="N" t="N.ar" l="N"/>
		<a id="23" s="C" t="C.3" l="C"/>
		<a id="24" s="C" t="C.3" l="C"/>
		<a id="25" s="H" t="H" l="H"/>
		<a id="26" s="H" t="H" l="H"/>
		<a id="27" s="H" t="H" l="H"/>
		<a id="28" s="H" t="H" l="H"/>
		<a id="29" s="H" t="H" l="H"/>
		<a id="30" s="H" t="H" l="H"/>
		<a id="31" s="H" t="H" l="H"/>
		<a id="32" s="H" t="H" l="H"/>
		<a id="33" s="H" t="H" l="H"/>
		<a id="34" s="H" t="H" l="H"/>
		<a id="35" s="H" t="H" l="H"/>
		<a id="36" s="H" t="H" l="H"/>
		<a id="37" s="H" t="H" l="H"/>
		<a id="38" s="H" t="H" l="H"/>
		<a id="39" s="H" t="H" l="H"/>
		<a id="40" s="H" t="H" l="H"/>
		<a id="41" s="H" t="H" l="H"/>
		<a id="42" s="H" t="H" l="H"/>
	</atoms>
	<bonds>
		<b id="1" c="1 2" t="1"/>
		<b id="2" c="2 3" t="1"/>
		<b id="3" c="3 4" t="1"/>
		<b id="4" c="4 5" t="1"/>
		<b id="5" c="5 6" t="1"/>
		<b id="6" c="6 7" t="ar"/>
		<b id="7" c="7 8" t="ar"/>
		<b id="8" c="8 9" t="ar"/>
		<b id="9" c="9 10" t="1"/>
		<b id="10" c="10 11" t="ar"/>
		<b id="11" c="11 12" t="ar"/>
		<b id="12" c="12 13" t="ar"/>
		<b id="13" c="13 14" t="ar"/>
		<b id="14" c="14 15" t="1"/>
		<b id="15" c="14 16" t="ar"/>
		<b id="16" c="16 17" t="ar"/>
		<b id="17" c="17 18" t="ar"/>
		<b id="18" c="18 19" t="ar"/>
		<b id="19" c="13 19" t="ar"/>
		<b id="20" c="19 20" t="ar"/>
		<b id="21" c="10 20" t="ar"/>
		<b id="22" c="9 21" t="ar"/>
		<b id="23" c="21 22" t="ar"/>
		<b id="24" c="6 22" t="ar"/>
		<b id="25" c="5 23" t="1"/>
		<b id="26" c="23 24" t="1"/>
		<b id="27" c="2 24" t="1"/>
		<b id="28" c="1 25" t="1"/>
		<b id="29" c="1 26" t="1"/>
		<b id="30" c="1 27" t="1"/>
		<b id="31" c="3 28" t="1"/>
		<b id="32" c="3 29" t="1"/>
		<b id="33" c="4 30" t="1"/>
		<b id="34" c="4 31" t="1"/>
		<b id="35" c="8 32" t="1"/>
		<b id="36" c="11 33" t="1"/>
		<b id="37" c="12 34" t="1"/>
		<b id="38" c="16 35" t="1"/>
		<b id="39" c="17 36" t="1"/>
		<b id="40" c="20 37" t="1"/>
		<b id="41" c="21 38" t="1"/>
		<b id="42" c="23 39" t="1"/>
		<b id="43" c="23 40" t="1"/>
		<b id="44" c="24 41" t="1"/>
		<b id="45" c="24 42" t="1"/>
	</bonds>
	<geometry>
		<g u="A" t="cart/3d">#42,3:1.4217,-1.1925,-1.6963;0.5844,-0.3523,-0.8698;-0.6235,0.0642,-1.5596;-1.3789,1.0776,-0.6987;-1.6648,0.5004,0.5904;-2.9128,0.2961,1.0328;-3.9280,0.7441,0.2738;-5.1420,0.6056,0.7528;-5.4184,0.0177,1.9915;-6.7713,-0.0801,2.5320;-7.1614,-1.2138,3.2803;-8.4158,-1.3134,3.8086;-9.3574,-0.2824,3.6239;-10.6710,-0.2913,4.1398;-11.2271,-1.6367,5.0733;-11.5094,0.7669,3.9046;-11.0193,1.8408,3.1410;-9.8189,1.8957,2.6429;-8.9793,0.8651,2.8653;-7.6807,0.9350,2.3324;-4.2910,-0.4508,2.6722;-3.0660,-0.3223,2.2163;-0.5010,0.0033,1.2796;0.2405,-0.9926,0.3871;1.6848,-0.6497,-2.6029;0.9321,-2.1369,-1.9817;2.3363,-1.4257,-1.1530;-1.2849,-0.7948,-1.7761;-0.3421,0.5306,-2.5060;-2.3199,1.3640,-1.1667;-0.7489,1.9623,-0.5555;-5.9399,0.9584,0.1108;-6.4549,-2.0189,3.4183;-8.7037,-2.1861,4.3756;-12.5155,0.7823,4.2907;-11.6575,2.6909,2.9380;-7.4163,1.8239,1.7816;-4.3754,-0.9291,3.6406;-0.8221,-0.4667,2.2083;0.1632,0.8468,1.4981;-0.3942,-1.8839,0.2292;1.1615,-1.3076,0.8821;</g>
	</geometry>
	<conformers/>
	<properties/>
</molecule>
