<?xml version="1.0" ?>
<!--MOLLI PACKAGE EXPERIMENTAL XML FORMAT-->
<molecule name="el2706">
	<atoms>
		<a id="1" s="C" t="C.3" l="C"/>
		<a id="2" s="C" t="C.ar" l="C"/>
		<a id="3" s="C" t="C.ar" l="C"/>
		<a id="4" s="C" t="C.ar" l="C"/>
		<a id="5" s="C" t="C.1" l="C"/>
		<a id="6" s="N" t="N.1" l="N"/>
		<a id="7" s="C" t="C.ar" l="C"/>
		<a id="8" s="C" t="C.ar" l="C"/>
		<a id="9" s="C" t="C.3" l="C"/>
		<a id="10" s="C" t="C.ar" l="C"/>
		<a id="11" s="O" t="O.3" l="O"/>
		<a id="12" s="C" t="C.ar" l="C"/>
		<a id="13" s="N" t="N.ar" l="N"/>
		<a id="14" s="C" t="C.ar" l="C"/>
		<a id="15" s="Cl" t="Cl" l="CL"/>
		<a id="16" s="N" t="N.ar" l="N"/>
		<a id="17" s="C" t="C.ar" l="C"/>
		<a id="18" s="C" t="C.ar" l="C"/>
		<a id="19" s="C" t="C.ar" l="C"/>
		<a id="20" s="N" t="N.ar" l="N"/>
		<a id="21" s="S" t="S.O2" l="S"/>
		<a id="22" s="O" t="O.2" l="O"/>
		<a id="23" s="O" t="O.2" l="O"/>
		<a id="24" s="C" t="C.ar" l="C"/>
		<a id="25" s="C" t="C.ar" l="C"/>
		<a id="26" s="C" t="C.ar" l="C"/>
		<a id="27" s="C" t="C.ar" l="C"/>
		<a id="28" s="C" t="C.ar" l="C"/>
		<a id="29" s="C" t="C.ar" l="C"/>
		<a id="30" s="C" t="C.ar" l="C"/>
		<a id="31" s="H" t="H" l="H"/>
		<a id="32" s="H" t="H" l="H"/>
		<a id="33" s="H" t="H" l="H"/>
		<a id="34" s="H" t="H" l="H"/>
		<a id="35" s="H" t="H" l="H"/>
		<a id="36" s="H" t="H" l="H"/>
		<a id="37" s="H" t="H" l="H"/>
		<a id="38" s="H" t="H" l="H"/>
		<a id="39" s="H" t="H" l="H"/>
		<a id="40" s="H" t="H" l="H"/>
		<a id="41" s="H" t="H" l="H"/>
		<a id="42" s="H" t="H" l="H"/>
		<a id="43" s="H" t="H" l="H"/>
		<a id="44" s="H" t="H" l="H"/>
		<a id="45" s="H" t="H" l="H"/>
	</atoms>
	<bonds>
		<b id="1" c="1 2" t="1"/>
		<b id="2" c="2 3" t="ar"/>
		<b id="3" c="3 4" t="ar"/>
		<b id="4" c="4 5" t="1"/>
		<b id="5" c="5 6" t="3"/>
		<b id="6" c="4 7" t="ar"/>
		<b id="7" c="7 8" t="ar"/>
		<b id="8" c="8 9" t="1"/>
		<b id="9" c="8 10" t="ar"/>
		<b id="10" c="2 10" t="ar"/>
		<b id="11" c="10 11" t="1"/>
		<b id="12" c="11 12" t="1"/>
		<b id="13" c="12 13" t="ar"/>
		<b id="14" c="13 14" t="ar"/>
		<b id="15" c="14 15" t="1"/>
		<b id="16" c="14 16" t="ar"/>
		<b id="17" c="16 17" t="ar"/>
		<b id="18" c="17 18" t="ar"/>
		<b id="19" c="18 19" t="ar"/>
		<b id="20" c="19 20" t="ar"/>
		<b id="21" c="20 21" t="1"/>
		<b id="22" c="21 22" t="2"/>
		<b id="23" c="21 23" t="2"/>
		<b id="24" c="21 24" t="1"/>
		<b id="25" c="24 25" t="ar"/>
		<b id="26" c="25 26" t="ar"/>
		<b id="27" c="26 27" t="ar"/>
		<b id="28" c="27 28" t="ar"/>
		<b id="29" c="28 29" t="ar"/>
		<b id="30" c="24 29" t="ar"/>
		<b id="31" c="20 30" t="ar"/>
		<b id="32" c="12 30" t="ar"/>
		<b id="33" c="17 30" t="ar"/>
		<b id="34" c="1 31" t="1"/>
		<b id="35" c="1 32" t="1"/>
		<b id="36" c="1 33" t="1"/>
		<b id="37" c="3 34" t="1"/>
		<b id="38" c="7 35" t="1"/>
		<b id="39" c="9 36" t="1"/>
		<b id="40" c="9 37" t="1"/>
		<b id="41" c="9 38" t="1"/>
		<b id="42" c="18 39" t="1"/>
		<b id="43" c="19 40" t="1"/>
		<b id="44" c="25 41" t="1"/>
		<b id="45" c="26 42" t="1"/>
		<b id="46" c="27 43" t="1"/>
		<b id="47" c="28 44" t="1"/>
		<b id="48" c="29 45" t="1"/>
	</bonds>
	<geometry>
		<g u="A" t="cart/3d">#45,3:2.6609,-2.7341,0.7466;2.8657,-1.9437,2.0006;2.2526,-2.3021,3.1872;2.4802,-1.5662,4.3509;1.8170,-1.9099,5.5507;1.2778,-2.1798,6.5282;3.3879,-0.5073,4.3426;4.0276,-0.1326,3.1699;5.0387,0.9707,3.2095;3.7104,-0.8255,1.9977;4.2765,-0.4800,0.7692;4.0898,0.7478,0.3124;3.3266,1.6044,0.9764;3.2909,2.8716,0.5884;2.2620,3.8746,1.5032;3.9767,3.4456,-0.3646;4.7015,2.5935,-1.0987;5.5519,2.8217,-2.2192;5.9957,1.6018,-2.6179;5.5159,0.5937,-1.8072;5.0331,-0.8706,-2.5931;6.2054,-1.6026,-2.9530;4.0559,-1.4912,-1.7591;4.2423,-0.1746,-4.0389;4.7752,-0.4067,-5.2910;4.1618,0.1648,-6.3948;3.0410,0.9653,-6.2254;2.5178,1.1886,-4.9602;3.1190,0.6109,-3.8543;4.7194,1.2011,-0.8574;1.9369,-3.5309,0.9014;3.6092,-3.1694,0.4276;2.3313,-2.0965,-0.0711;1.5858,-3.1527,3.2142;3.5905,0.0306,5.2555;5.6006,0.9265,4.1418;4.5397,1.9362,3.1579;5.7365,0.8978,2.3736;5.7784,3.7725,-2.6550;6.6394,1.3386,-3.4345;5.6525,-1.0282,-5.3792;4.5599,-0.0083,-7.3827;2.5689,1.4165,-7.0848;1.6475,1.8159,-4.8319;2.7289,0.7594,-2.8587;</g>
	</geometry>
	<conformers/>
	<properties/>
</molecule>
