<?xml version="1.0" ?>
<!--MOLLI PACKAGE EXPERIMENTAL XML FORMAT-->
<molecule name="el2707">
	<atoms>
		<a id="1" s="C" t="C.3" l="C"/>
		<a id="2" s="C" t="C.ar" l="C"/>
		<a id="3" s="C" t="C.ar" l="C"/>
		<a id="4" s="C" t="C.ar" l="C"/>
		<a id="5" s="C" t="C.2" l="C"/>
		<a id="6" s="C" t="C.2" l="C"/>
		<a id="7" s="C" t="C.1" l="C"/>
		<a id="8" s="N" t="N.1" l="N"/>
		<a id="9" s="C" t="C.ar" l="C"/>
		<a id="10" s="C" t="C.ar" l="C"/>
		<a id="11" s="C" t="C.3" l="C"/>
		<a id="12" s="C" t="C.ar" l="C"/>
		<a id="13" s="O" t="O.3" l="O"/>
		<a id="14" s="C" t="C.ar" l="C"/>
		<a id="15" s="N" t="N.ar" l="N"/>
		<a id="16" s="C" t="C.ar" l="C"/>
		<a id="17" s="Cl" t="Cl" l="CL"/>
		<a id="18" s="N" t="N.ar" l="N"/>
		<a id="19" s="C" t="C.ar" l="C"/>
		<a id="20" s="C" t="C.ar" l="C"/>
		<a id="21" s="C" t="C.ar" l="C"/>
		<a id="22" s="S" t="S.2" l="S"/>
		<a id="23" s="C" t="C.ar" l="C"/>
		<a id="24" s="H" t="H" l="H"/>
		<a id="25" s="H" t="H" l="H"/>
		<a id="26" s="H" t="H" l="H"/>
		<a id="27" s="H" t="H" l="H"/>
		<a id="28" s="H" t="H" l="H"/>
		<a id="29" s="H" t="H" l="H"/>
		<a id="30" s="H" t="H" l="H"/>
		<a id="31" s="H" t="H" l="H"/>
		<a id="32" s="H" t="H" l="H"/>
		<a id="33" s="H" t="H" l="H"/>
		<a id="34" s="H" t="H" l="H"/>
		<a id="35" s="H" t="H" l="H"/>
	</atoms>
	<bonds>
		<b id="1" c="1 2" t="1"/>
		<b id="2" c="2 3" t="ar"/>
		<b id="3" c="3 4" t="ar"/>
		<b id="4" c="4 5" t="1"/>
		<b id="5" c="5 6" t="2"/>
		<b id="6" c="6 7" t="1"/>
		<b id="7" c="7 8" t="3"/>
		<b id="8" c="4 9" t="ar"/>
		<b id="9" c="9 10" t="ar"/>
		<b id="10" c="10 11" t="1"/>
		<b id="11" c="10 12" t="ar"/>
		<b id="12" c="2 12" t="ar"/>
		<b id="13" c="12 13" t="1"/>
		<b id="14" c="13 14" t="1"/>
		<b id="15" c="14 15" t="ar"/>
		<b id="16" c="15 16" t="ar"/>
		<b id="17" c="16 17" t="1"/>
		<b id="18" c="16 18" t="ar"/>
		<b id="19" c="18 19" t="ar"/>
		<b id="20" c="19 20" t="ar"/>
		<b id="21" c="20 21" t="ar"/>
		<b id="22" c="21 22" t="ar"/>
		<b id="23" c="22 23" t="ar"/>
		<b id="24" c="14 23" t="ar"/>
		<b id="25" c="19 23" t="ar"/>
		<b id="26" c="1 24" t="1"/>
		<b id="27" c="1 25" t="1"/>
		<b id="28" c="1 26" t="1"/>
		<b id="29" c="3 27" t="1"/>
		<b id="30" c="5 28" t="1"/>
		<b id="31" c="6 29" t="1"/>
		<b id="32" c="9 30" t="1"/>
		<b id="33" c="11 31" t="1"/>
		<b id="34" c="11 32" t="1"/>
		<b id="35" c="11 33" t="1"/>
		<b id="36" c="20 34" t="1"/>
		<b id="37" c="21 35" t="1"/>
	</bonds>
	<geometry>
		<g u="A" t="cart/3d">#35,3:2.9037,0.7659,-0.5062;1.5438,0.1857,-0.2738;1.3913,-1.1557,0.0354;0.1339,-1.7210,0.2473;-0.0592,-3.1215,0.5662;0.9025,-4.0411,0.7415;0.5991,-5.3775,1.0456;0.3590,-6.4725,1.2930;-0.9911,-0.9003,0.1372;-0.8784,0.4447,-0.1627;-2.0776,1.3346,-0.2661;0.3973,0.9737,-0.3609;0.4812,2.3201,-0.7250;1.0321,3.1694,0.1303;1.4269,2.7620,1.3248;1.9653,3.6593,2.1428;2.4607,3.0499,3.6547;2.1618,4.9305,1.9254;1.7672,5.3775,0.7259;1.8674,6.7084,0.2378;1.3784,6.8230,-1.0183;0.7735,5.3469,-1.6831;1.1841,4.5164,-0.2257;3.6144,-0.0156,-0.7620;3.2507,1.2644,0.3994;2.8812,1.5001,-1.3101;2.2782,-1.7660,0.1052;-1.0911,-3.4356,0.6710;1.9564,-3.8138,0.6635;-1.9728,-1.3228,0.2952;-2.9944,0.7587,-0.1780;-2.0765,1.8618,-1.2187;-2.0576,2.0826,0.5266;2.2851,7.5127,0.8127;1.3308,7.7085,-1.6220;</g>
	</geometry>
	<conformers/>
	<properties/>
</molecule>
