<?xml version="1.0" ?>
<!--MOLLI PACKAGE EXPERIMENTAL XML FORMAT-->
<molecule name="el2709">
	<atoms>
		<a id="1" s="F" t="F" l="F"/>
		<a id="2" s="C" t="C.3" l="C"/>
		<a id="3" s="F" t="F" l="F"/>
		<a id="4" s="F" t="F" l="F"/>
		<a id="5" s="C" t="C.ar" l="C"/>
		<a id="6" s="C" t="C.ar" l="C"/>
		<a id="7" s="C" t="C.ar" l="C"/>
		<a id="8" s="C" t="C.ar" l="C"/>
		<a id="9" s="C" t="C.ar" l="C"/>
		<a id="10" s="N" t="N.ar" l="N"/>
		<a id="11" s="N" t="N.ar" l="N"/>
		<a id="12" s="N" t="N.ar" l="N"/>
		<a id="13" s="C" t="C.ar" l="C"/>
		<a id="14" s="C" t="C.ar" l="C"/>
		<a id="15" s="C" t="C.ar" l="C"/>
		<a id="16" s="C" t="C.ar" l="C"/>
		<a id="17" s="C" t="C.ar" l="C"/>
		<a id="18" s="C" t="C.ar" l="C"/>
		<a id="19" s="C" t="C.ar" l="C"/>
		<a id="20" s="C" t="C.ar" l="C"/>
		<a id="21" s="N" t="N.ar" l="N"/>
		<a id="22" s="C" t="C.ar" l="C"/>
		<a id="23" s="Cl" t="Cl" l="CL"/>
		<a id="24" s="N" t="N.ar" l="N"/>
		<a id="25" s="C" t="C.ar" l="C"/>
		<a id="26" s="C" t="C.ar" l="C"/>
		<a id="27" s="H" t="H" l="H"/>
		<a id="28" s="H" t="H" l="H"/>
		<a id="29" s="H" t="H" l="H"/>
		<a id="30" s="H" t="H" l="H"/>
		<a id="31" s="H" t="H" l="H"/>
		<a id="32" s="H" t="H" l="H"/>
		<a id="33" s="H" t="H" l="H"/>
		<a id="34" s="H" t="H" l="H"/>
		<a id="35" s="H" t="H" l="H"/>
	</atoms>
	<bonds>
		<b id="1" c="1 2" t="1"/>
		<b id="2" c="2 3" t="1"/>
		<b id="3" c="2 4" t="1"/>
		<b id="4" c="2 5" t="1"/>
		<b id="5" c="5 6" t="ar"/>
		<b id="6" c="6 7" t="ar"/>
		<b id="7" c="7 8" t="ar"/>
		<b id="8" c="8 9" t="1"/>
		<b id="9" c="9 10" t="ar"/>
		<b id="10" c="10 11" t="ar"/>
		<b id="11" c="11 12" t="ar"/>
		<b id="12" c="12 13" t="ar"/>
		<b id="13" c="13 14" t="ar"/>
		<b id="14" c="14 15" t="ar"/>
		<b id="15" c="15 16" t="ar"/>
		<b id="16" c="11 16" t="ar"/>
		<b id="17" c="16 17" t="ar"/>
		<b id="18" c="9 17" t="ar"/>
		<b id="19" c="17 18" t="1"/>
		<b id="20" c="18 19" t="ar"/>
		<b id="21" c="19 20" t="ar"/>
		<b id="22" c="20 21" t="ar"/>
		<b id="23" c="21 22" t="ar"/>
		<b id="24" c="22 23" t="1"/>
		<b id="25" c="22 24" t="ar"/>
		<b id="26" c="18 24" t="ar"/>
		<b id="27" c="8 25" t="ar"/>
		<b id="28" c="25 26" t="ar"/>
		<b id="29" c="5 26" t="ar"/>
		<b id="30" c="6 27" t="1"/>
		<b id="31" c="7 28" t="1"/>
		<b id="32" c="13 29" t="1"/>
		<b id="33" c="14 30" t="1"/>
		<b id="34" c="15 31" t="1"/>
		<b id="35" c="19 32" t="1"/>
		<b id="36" c="20 33" t="1"/>
		<b id="37" c="25 34" t="1"/>
		<b id="38" c="26 35" t="1"/>
	</bonds>
	<geometry>
		<g u="A" t="cart/3d">#35,3:3.8190,-1.2269,-0.0974;3.0459,-0.1369,-0.0186;3.3173,0.6045,-1.1076;1.7751,-0.5626,-0.1708;3.2267,0.6359,1.2564;4.0233,0.1492,2.2837;4.1504,0.8796,3.4493;3.4774,2.0900,3.6019;3.6495,2.8524,4.8341;4.8533,2.8836,5.4083;4.7589,3.6917,6.4366;5.7746,3.9491,7.2220;5.5635,4.7740,8.2061;4.3203,5.3882,8.4645;3.2642,5.1081,7.6384;3.4912,4.2257,6.5760;2.7313,3.6667,5.5350;1.3111,3.8652,5.3653;0.4667,2.9503,4.7212;-0.8747,3.2761,4.6633;-1.3645,4.3884,5.1956;-0.4900,5.1646,5.8022;-1.1057,6.5820,6.5282;0.8042,4.9732,5.9175;2.6987,2.5794,2.5538;2.5699,1.8546,1.3863;4.5406,-0.7906,2.1676;4.7728,0.5247,4.2548;6.4235,4.9648,8.8297;4.2182,6.0635,9.2975;2.2837,5.5398,7.7582;0.8431,2.0315,4.3056;-1.5993,2.6340,4.1813;2.2081,3.5361,2.6480;1.9690,2.2294,0.5717;</g>
	</geometry>
	<conformers/>
	<properties/>
</molecule>
