<?xml version="1.0" ?>
<!--MOLLI PACKAGE EXPERIMENTAL XML FORMAT-->
<molecule name="el2431">
	<atoms>
		<a id="1" s="F" t="F" l="F"/>
		<a id="2" s="C" t="C.ar" l="C"/>
		<a id="3" s="C" t="C.ar" l="C"/>
		<a id="4" s="C" t="C.ar" l="C"/>
		<a id="5" s="C" t="C.ar" l="C"/>
		<a id="6" s="C" t="C.ar" l="C"/>
		<a id="7" s="N" t="N.ar" l="N"/>
		<a id="8" s="C" t="C.ar" l="C"/>
		<a id="9" s="Cl" t="Cl" l="CL"/>
		<a id="10" s="N" t="N.ar" l="N"/>
		<a id="11" s="C" t="C.ar" l="C"/>
		<a id="12" s="C" t="C.ar" l="C"/>
		<a id="13" s="N" t="N.ar" l="N"/>
		<a id="14" s="C" t="C.ar" l="C"/>
		<a id="15" s="N" t="N.ar" l="N"/>
		<a id="16" s="C" t="C.3" l="C"/>
		<a id="17" s="C" t="C.3" l="C"/>
		<a id="18" s="C" t="C.3" l="C"/>
		<a id="19" s="C" t="C.3" l="C"/>
		<a id="20" s="C" t="C.3" l="C"/>
		<a id="21" s="O" t="O.3" l="O"/>
		<a id="22" s="C" t="C.ar" l="C"/>
		<a id="23" s="C" t="C.ar" l="C"/>
		<a id="24" s="H" t="H" l="H"/>
		<a id="25" s="H" t="H" l="H"/>
		<a id="26" s="H" t="H" l="H"/>
		<a id="27" s="H" t="H" l="H"/>
		<a id="28" s="H" t="H" l="H"/>
		<a id="29" s="H" t="H" l="H"/>
		<a id="30" s="H" t="H" l="H"/>
		<a id="31" s="H" t="H" l="H"/>
		<a id="32" s="H" t="H" l="H"/>
		<a id="33" s="H" t="H" l="H"/>
		<a id="34" s="H" t="H" l="H"/>
		<a id="35" s="H" t="H" l="H"/>
		<a id="36" s="H" t="H" l="H"/>
		<a id="37" s="H" t="H" l="H"/>
	</atoms>
	<bonds>
		<b id="1" c="1 2" t="1"/>
		<b id="2" c="2 3" t="ar"/>
		<b id="3" c="3 4" t="ar"/>
		<b id="4" c="4 5" t="ar"/>
		<b id="5" c="5 6" t="1"/>
		<b id="6" c="6 7" t="ar"/>
		<b id="7" c="7 8" t="ar"/>
		<b id="8" c="8 9" t="1"/>
		<b id="9" c="8 10" t="ar"/>
		<b id="10" c="10 11" t="ar"/>
		<b id="11" c="11 12" t="ar"/>
		<b id="12" c="6 12" t="ar"/>
		<b id="13" c="12 13" t="ar"/>
		<b id="14" c="13 14" t="ar"/>
		<b id="15" c="14 15" t="ar"/>
		<b id="16" c="11 15" t="ar"/>
		<b id="17" c="15 16" t="1"/>
		<b id="18" c="16 17" t="1"/>
		<b id="19" c="17 18" t="1"/>
		<b id="20" c="18 19" t="1"/>
		<b id="21" c="19 20" t="1"/>
		<b id="22" c="20 21" t="1"/>
		<b id="23" c="16 21" t="1"/>
		<b id="24" c="5 22" t="ar"/>
		<b id="25" c="22 23" t="ar"/>
		<b id="26" c="2 23" t="ar"/>
		<b id="27" c="3 24" t="1"/>
		<b id="28" c="4 25" t="1"/>
		<b id="29" c="14 26" t="1"/>
		<b id="30" c="16 27" t="1"/>
		<b id="31" c="17 28" t="1"/>
		<b id="32" c="17 29" t="1"/>
		<b id="33" c="18 30" t="1"/>
		<b id="34" c="18 31" t="1"/>
		<b id="35" c="19 32" t="1"/>
		<b id="36" c="19 33" t="1"/>
		<b id="37" c="20 34" t="1"/>
		<b id="38" c="20 35" t="1"/>
		<b id="39" c="22 36" t="1"/>
		<b id="40" c="23 37" t="1"/>
	</bonds>
	<geometry>
		<g u="A" t="cart/3d">#37,3:2.1503,-0.0697,-0.0340;0.8039,-0.0484,0.0091;0.1168,0.7621,-0.8798;-1.2615,0.7803,-0.8292;-1.9464,-0.0031,0.1029;-3.4021,0.0411,0.1445;-4.0243,0.8122,-0.7511;-5.3365,0.8893,-0.7480;-6.0245,1.8994,-1.9388;-6.1959,0.2934,0.0564;-5.6031,-0.4766,0.9614;-4.1980,-0.6600,1.0606;-3.9376,-1.5236,2.0925;-5.0972,-1.8378,2.5749;-6.1552,-1.2347,1.9483;-7.5551,-1.4475,2.3168;-8.4507,-0.3070,1.8304;-8.1936,0.9609,2.6409;-8.3446,0.6400,4.1255;-7.4042,-0.5063,4.4835;-7.6459,-1.6636,3.6935;-1.2296,-0.8129,0.9864;0.1502,-0.8374,0.9405;0.6636,1.3607,-1.5912;-1.8330,1.3971,-1.5041;-5.2471,-2.5074,3.3993;-7.8762,-2.3982,1.8639;-9.4851,-0.6263,1.9710;-8.2712,-0.1310,0.7717;-8.8981,1.7372,2.3419;-7.1856,1.3301,2.4399;-9.3732,0.3389,4.3326;-8.1054,1.5079,4.7401;-7.5517,-0.8384,5.5126;-6.3602,-0.1816,4.3646;-1.7642,-1.4153,1.7037;0.7230,-1.4555,1.6136;</g>
	</geometry>
	<conformers/>
	<properties/>
</molecule>
