<?xml version="1.0" ?>
<!--MOLLI PACKAGE EXPERIMENTAL XML FORMAT-->
<molecule name="el2712">
	<atoms>
		<a id="1" s="F" t="F" l="F"/>
		<a id="2" s="C" t="C.3" l="C"/>
		<a id="3" s="F" t="F" l="F"/>
		<a id="4" s="F" t="F" l="F"/>
		<a id="5" s="C" t="C.3" l="C"/>
		<a id="6" s="N" t="N.pl3" l="N"/>
		<a id="7" s="C" t="C.ar" l="C"/>
		<a id="8" s="N" t="N.ar" l="N"/>
		<a id="9" s="C" t="C.ar" l="C"/>
		<a id="10" s="Cl" t="Cl" l="CL"/>
		<a id="11" s="N" t="N.ar" l="N"/>
		<a id="12" s="C" t="C.ar" l="C"/>
		<a id="13" s="N" t="N.ar" l="N"/>
		<a id="14" s="C" t="C.ar" l="C"/>
		<a id="15" s="N" t="N.ar" l="N"/>
		<a id="16" s="C" t="C.ar" l="C"/>
		<a id="17" s="H" t="H" l="H"/>
		<a id="18" s="H" t="H" l="H"/>
		<a id="19" s="H" t="H" l="H"/>
		<a id="20" s="H" t="H" l="H"/>
		<a id="21" s="H" t="H" l="H"/>
	</atoms>
	<bonds>
		<b id="1" c="1 2" t="1"/>
		<b id="2" c="2 3" t="1"/>
		<b id="3" c="2 4" t="1"/>
		<b id="4" c="2 5" t="1"/>
		<b id="5" c="5 6" t="1"/>
		<b id="6" c="6 7" t="1"/>
		<b id="7" c="7 8" t="ar"/>
		<b id="8" c="8 9" t="ar"/>
		<b id="9" c="9 10" t="1"/>
		<b id="10" c="9 11" t="ar"/>
		<b id="11" c="11 12" t="ar"/>
		<b id="12" c="12 13" t="ar"/>
		<b id="13" c="13 14" t="ar"/>
		<b id="14" c="14 15" t="ar"/>
		<b id="15" c="15 16" t="ar"/>
		<b id="16" c="7 16" t="ar"/>
		<b id="17" c="12 16" t="ar"/>
		<b id="18" c="5 17" t="1"/>
		<b id="19" c="5 18" t="1"/>
		<b id="20" c="6 19" t="1"/>
		<b id="21" c="13 20" t="1"/>
		<b id="22" c="14 21" t="1"/>
	</bonds>
	<geometry>
		<g u="A" t="cart/3d">#21,3:7.4957,-0.7798,1.1287;6.5557,-0.8459,0.1821;7.1811,-0.9611,-0.9953;5.8913,-1.9979,0.3825;5.6083,0.3566,0.2078;4.9578,0.4794,1.4787;5.3812,1.3602,2.4112;6.2723,2.2900,2.0674;6.6583,3.1758,2.9704;7.7919,4.3198,2.4207;6.2854,3.2905,4.2264;5.3942,2.3641,4.5768;4.7903,2.1603,5.7769;3.9662,1.0802,5.6094;3.9942,0.5835,4.4131;4.8857,1.3648,3.7249;4.8794,0.2228,-0.5975;6.1960,1.2656,0.0479;4.3606,-0.2675,1.8024;4.9337,2.7053,6.6105;3.3607,0.6927,6.4046;</g>
	</geometry>
	<conformers/>
	<properties/>
</molecule>
