<?xml version="1.0" ?>
<!--MOLLI PACKAGE EXPERIMENTAL XML FORMAT-->
<molecule name="el2715">
	<atoms>
		<a id="1" s="H" t="H" l="H"/>
		<a id="2" s="C" t="C.3" l="C"/>
		<a id="3" s="H" t="H" l="H"/>
		<a id="4" s="H" t="H" l="H"/>
		<a id="5" s="N" t="N.am" l="N"/>
		<a id="6" s="C" t="C.2" l="C"/>
		<a id="7" s="O" t="O.2" l="O"/>
		<a id="8" s="C" t="C.ar" l="C"/>
		<a id="9" s="N" t="N.ar" l="N"/>
		<a id="10" s="N" t="N.ar" l="N"/>
		<a id="11" s="C" t="C.ar" l="C"/>
		<a id="12" s="Cl" t="Cl" l="CL"/>
		<a id="13" s="C" t="C.ar" l="C"/>
		<a id="14" s="C" t="C.ar" l="C"/>
		<a id="15" s="N" t="N.pl3" l="N"/>
		<a id="16" s="C" t="C.ar" l="C"/>
		<a id="17" s="C" t="C.ar" l="C"/>
		<a id="18" s="C" t="C.ar" l="C"/>
		<a id="19" s="C" t="C.ar" l="C"/>
		<a id="20" s="C" t="C.ar" l="C"/>
		<a id="21" s="C" t="C.ar" l="C"/>
		<a id="22" s="N" t="N.ar" l="N"/>
		<a id="23" s="C" t="C.ar" l="C"/>
		<a id="24" s="C" t="C.ar" l="C"/>
		<a id="25" s="C" t="C.3" l="C"/>
		<a id="26" s="C" t="C.3" l="C"/>
		<a id="27" s="C" t="C.3" l="C"/>
		<a id="28" s="O" t="O.3" l="O"/>
		<a id="29" s="C" t="C.ar" l="C"/>
		<a id="30" s="N" t="N.ar" l="N"/>
		<a id="31" s="C" t="C.ar" l="C"/>
		<a id="32" s="O" t="O.3" l="O"/>
		<a id="33" s="C" t="C.3" l="C"/>
		<a id="34" s="H" t="H" l="H"/>
		<a id="35" s="H" t="H" l="H"/>
		<a id="36" s="H" t="H" l="H"/>
		<a id="37" s="H" t="H" l="H"/>
		<a id="38" s="H" t="H" l="H"/>
		<a id="39" s="H" t="H" l="H"/>
		<a id="40" s="H" t="H" l="H"/>
		<a id="41" s="H" t="H" l="H"/>
		<a id="42" s="H" t="H" l="H"/>
		<a id="43" s="H" t="H" l="H"/>
		<a id="44" s="H" t="H" l="H"/>
		<a id="45" s="H" t="H" l="H"/>
		<a id="46" s="H" t="H" l="H"/>
		<a id="47" s="H" t="H" l="H"/>
		<a id="48" s="H" t="H" l="H"/>
		<a id="49" s="H" t="H" l="H"/>
		<a id="50" s="H" t="H" l="H"/>
		<a id="51" s="H" t="H" l="H"/>
	</atoms>
	<bonds>
		<b id="1" c="1 2" t="1"/>
		<b id="2" c="2 3" t="1"/>
		<b id="3" c="2 4" t="1"/>
		<b id="4" c="2 5" t="1"/>
		<b id="5" c="5 6" t="am"/>
		<b id="6" c="6 7" t="2"/>
		<b id="7" c="6 8" t="1"/>
		<b id="8" c="8 9" t="ar"/>
		<b id="9" c="9 10" t="ar"/>
		<b id="10" c="10 11" t="ar"/>
		<b id="11" c="11 12" t="1"/>
		<b id="12" c="11 13" t="ar"/>
		<b id="13" c="13 14" t="ar"/>
		<b id="14" c="8 14" t="ar"/>
		<b id="15" c="14 15" t="1"/>
		<b id="16" c="15 16" t="1"/>
		<b id="17" c="16 17" t="ar"/>
		<b id="18" c="17 18" t="ar"/>
		<b id="19" c="18 19" t="ar"/>
		<b id="20" c="19 20" t="ar"/>
		<b id="21" c="20 21" t="1"/>
		<b id="22" c="21 22" t="ar"/>
		<b id="23" c="22 23" t="ar"/>
		<b id="24" c="23 24" t="ar"/>
		<b id="25" c="24 25" t="1"/>
		<b id="26" c="25 26" t="1"/>
		<b id="27" c="25 27" t="1"/>
		<b id="28" c="25 28" t="1"/>
		<b id="29" c="24 29" t="ar"/>
		<b id="30" c="29 30" t="ar"/>
		<b id="31" c="21 30" t="ar"/>
		<b id="32" c="20 31" t="ar"/>
		<b id="33" c="16 31" t="ar"/>
		<b id="34" c="31 32" t="1"/>
		<b id="35" c="32 33" t="1"/>
		<b id="36" c="5 34" t="1"/>
		<b id="37" c="13 35" t="1"/>
		<b id="38" c="15 36" t="1"/>
		<b id="39" c="17 37" t="1"/>
		<b id="40" c="18 38" t="1"/>
		<b id="41" c="19 39" t="1"/>
		<b id="42" c="23 40" t="1"/>
		<b id="43" c="26 41" t="1"/>
		<b id="44" c="26 42" t="1"/>
		<b id="45" c="26 43" t="1"/>
		<b id="46" c="27 44" t="1"/>
		<b id="47" c="27 45" t="1"/>
		<b id="48" c="27 46" t="1"/>
		<b id="49" c="28 47" t="1"/>
		<b id="50" c="29 48" t="1"/>
		<b id="51" c="33 49" t="1"/>
		<b id="52" c="33 50" t="1"/>
		<b id="53" c="33 51" t="1"/>
	</bonds>
	<geometry>
		<g u="A" t="cart/3d">#51,3:7.5058,0.3046,1.6911;7.2329,-0.4081,2.4713;7.5275,-1.4108,2.1640;7.7538,-0.1437,3.3930;5.8098,-0.4114,2.6805;5.0321,-1.4781,2.4693;5.4542,-2.5675,2.0829;3.5896,-1.2258,2.7392;3.2638,0.0152,3.0425;2.0425,0.3793,3.2655;1.0780,-0.5254,3.1474;-0.5181,0.0519,3.3990;1.2887,-1.8561,2.8395;2.6175,-2.2694,2.6491;2.9955,-3.5212,2.3555;2.1916,-4.6760,2.3662;1.3647,-4.9121,3.4601;0.6088,-6.0651,3.5487;0.7063,-7.0135,2.5519;1.5393,-6.8152,1.4549;1.6050,-7.8746,0.4432;0.5597,-8.7009,0.3790;0.5919,-9.6567,-0.5270;1.6547,-9.8287,-1.4107;1.6703,-10.9267,-2.4570;2.0204,-10.3414,-3.8326;2.6879,-11.9968,-2.0480;0.4161,-11.5842,-2.5224;2.7086,-8.9364,-1.2255;2.6865,-7.9802,-0.3211;2.2796,-5.6215,1.3276;3.0201,-5.4896,0.2056;3.3395,-4.2222,-0.3341;5.3354,0.4337,2.9720;0.4643,-2.5425,2.7381;3.9990,-3.6170,2.1760;1.3468,-4.1870,4.2602;-0.0306,-6.2276,4.4019;0.1432,-7.9315,2.5983;-0.2642,-10.3205,-0.5444;3.0372,-9.9618,-3.8482;1.3414,-9.5269,-4.0833;1.9270,-11.1203,-4.5865;3.6785,-11.5646,-1.9436;2.7098,-12.7792,-2.8018;2.3866,-12.4375,-1.1013;-0.2333,-10.9830,-2.9040;3.6149,-8.9902,-1.8165;3.4831,-4.3974,-1.4013;4.2682,-3.8205,0.0794;2.5286,-3.5020,-0.1995;</g>
	</geometry>
	<conformers/>
	<properties/>
</molecule>
