<?xml version="1.0" ?>
<!--MOLLI PACKAGE EXPERIMENTAL XML FORMAT-->
<molecule name="el2716">
	<atoms>
		<a id="1" s="C" t="C.3" l="C"/>
		<a id="2" s="O" t="O.3" l="O"/>
		<a id="3" s="C" t="C.ar" l="C"/>
		<a id="4" s="C" t="C.ar" l="C"/>
		<a id="5" s="C" t="C.ar" l="C"/>
		<a id="6" s="N" t="N.ar" l="N"/>
		<a id="7" s="C" t="C.ar" l="C"/>
		<a id="8" s="C" t="C.2" l="C"/>
		<a id="9" s="C" t="C.2" l="C"/>
		<a id="10" s="C" t="C.3" l="C"/>
		<a id="11" s="C" t="C.3" l="C"/>
		<a id="12" s="C" t="C.3" l="C"/>
		<a id="13" s="C" t="C.3" l="C"/>
		<a id="14" s="C" t="C.ar" l="C"/>
		<a id="15" s="C" t="C.ar" l="C"/>
		<a id="16" s="Cl" t="Cl" l="CL"/>
		<a id="17" s="C" t="C.ar" l="C"/>
		<a id="18" s="C" t="C.ar" l="C"/>
		<a id="19" s="C" t="C.ar" l="C"/>
		<a id="20" s="O" t="O.3" l="O"/>
		<a id="21" s="C" t="C.3" l="C"/>
		<a id="22" s="H" t="H" l="H"/>
		<a id="23" s="H" t="H" l="H"/>
		<a id="24" s="H" t="H" l="H"/>
		<a id="25" s="H" t="H" l="H"/>
		<a id="26" s="H" t="H" l="H"/>
		<a id="27" s="H" t="H" l="H"/>
		<a id="28" s="H" t="H" l="H"/>
		<a id="29" s="H" t="H" l="H"/>
		<a id="30" s="H" t="H" l="H"/>
		<a id="31" s="H" t="H" l="H"/>
		<a id="32" s="H" t="H" l="H"/>
		<a id="33" s="H" t="H" l="H"/>
		<a id="34" s="H" t="H" l="H"/>
		<a id="35" s="H" t="H" l="H"/>
		<a id="36" s="H" t="H" l="H"/>
		<a id="37" s="H" t="H" l="H"/>
		<a id="38" s="H" t="H" l="H"/>
		<a id="39" s="H" t="H" l="H"/>
	</atoms>
	<bonds>
		<b id="1" c="1 2" t="1"/>
		<b id="2" c="2 3" t="1"/>
		<b id="3" c="3 4" t="ar"/>
		<b id="4" c="4 5" t="ar"/>
		<b id="5" c="5 6" t="ar"/>
		<b id="6" c="6 7" t="ar"/>
		<b id="7" c="7 8" t="1"/>
		<b id="8" c="8 9" t="2"/>
		<b id="9" c="9 10" t="1"/>
		<b id="10" c="10 11" t="1"/>
		<b id="11" c="11 12" t="1"/>
		<b id="12" c="12 13" t="1"/>
		<b id="13" c="8 13" t="1"/>
		<b id="14" c="7 14" t="ar"/>
		<b id="15" c="14 15" t="ar"/>
		<b id="16" c="15 16" t="1"/>
		<b id="17" c="15 17" t="ar"/>
		<b id="18" c="5 17" t="ar"/>
		<b id="19" c="17 18" t="ar"/>
		<b id="20" c="18 19" t="ar"/>
		<b id="21" c="3 19" t="ar"/>
		<b id="22" c="19 20" t="1"/>
		<b id="23" c="20 21" t="1"/>
		<b id="24" c="1 22" t="1"/>
		<b id="25" c="1 23" t="1"/>
		<b id="26" c="1 24" t="1"/>
		<b id="27" c="4 25" t="1"/>
		<b id="28" c="9 26" t="1"/>
		<b id="29" c="10 27" t="1"/>
		<b id="30" c="10 28" t="1"/>
		<b id="31" c="11 29" t="1"/>
		<b id="32" c="11 30" t="1"/>
		<b id="33" c="12 31" t="1"/>
		<b id="34" c="12 32" t="1"/>
		<b id="35" c="13 33" t="1"/>
		<b id="36" c="13 34" t="1"/>
		<b id="37" c="14 35" t="1"/>
		<b id="38" c="18 36" t="1"/>
		<b id="39" c="21 37" t="1"/>
		<b id="40" c="21 38" t="1"/>
		<b id="41" c="21 39" t="1"/>
	</bonds>
	<geometry>
		<g u="A" t="cart/3d">#39,3:2.9799,-1.0949,0.5733;2.5895,0.2397,0.3586;3.3496,1.0054,-0.4602;4.4862,0.5976,-1.1032;5.2072,1.4771,-1.9416;6.3051,1.0141,-2.5486;6.9977,1.8033,-3.3446;8.1867,1.2326,-3.9859;8.7249,0.1101,-3.5032;9.9342,-0.5613,-4.0631;10.6848,0.3407,-5.0389;9.6894,1.0157,-5.9742;8.7730,1.9415,-5.1781;6.6192,3.1476,-3.5705;5.4991,3.6314,-2.9505;5.0292,5.2797,-3.2115;4.7307,2.8073,-2.1069;3.5594,3.2151,-1.4393;2.8733,2.3478,-0.6327;1.7383,2.6378,0.0504;1.1988,3.9309,-0.0745;2.2330,-1.5153,1.2446;3.9661,-1.1525,1.0443;2.9918,-1.6639,-0.3616;4.8754,-0.4013,-1.0024;8.2539,-0.3626,-2.6539;9.6132,-1.4759,-4.5744;10.5916,-0.8703,-3.2459;11.4094,-0.2442,-5.6087;11.2314,1.1056,-4.4832;9.0888,0.2518,-6.4723;10.2140,1.5876,-6.7423;7.9692,2.3032,-5.8236;9.3444,2.8114,-4.8375;7.2084,3.7892,-4.2040;3.2213,4.2282,-1.5846;0.3022,3.9362,0.5431;0.9267,4.1539,-1.1115;1.8948,4.6939,0.2894;</g>
	</geometry>
	<conformers/>
	<properties/>
</molecule>
