<?xml version="1.0" ?>
<!--MOLLI PACKAGE EXPERIMENTAL XML FORMAT-->
<molecule name="el2717">
	<atoms>
		<a id="1" s="C" t="C.3" l="C"/>
		<a id="2" s="O" t="O.3" l="O"/>
		<a id="3" s="C" t="C.ar" l="C"/>
		<a id="4" s="C" t="C.ar" l="C"/>
		<a id="5" s="C" t="C.ar" l="C"/>
		<a id="6" s="N" t="N.ar" l="N"/>
		<a id="7" s="C" t="C.ar" l="C"/>
		<a id="8" s="C" t="C.3" l="C"/>
		<a id="9" s="C" t="C.ar" l="C"/>
		<a id="10" s="C" t="C.ar" l="C"/>
		<a id="11" s="Cl" t="Cl" l="CL"/>
		<a id="12" s="C" t="C.ar" l="C"/>
		<a id="13" s="C" t="C.ar" l="C"/>
		<a id="14" s="C" t="C.ar" l="C"/>
		<a id="15" s="O" t="O.3" l="O"/>
		<a id="16" s="C" t="C.3" l="C"/>
		<a id="17" s="H" t="H" l="H"/>
		<a id="18" s="H" t="H" l="H"/>
		<a id="19" s="H" t="H" l="H"/>
		<a id="20" s="H" t="H" l="H"/>
		<a id="21" s="H" t="H" l="H"/>
		<a id="22" s="H" t="H" l="H"/>
		<a id="23" s="H" t="H" l="H"/>
		<a id="24" s="H" t="H" l="H"/>
		<a id="25" s="H" t="H" l="H"/>
		<a id="26" s="H" t="H" l="H"/>
		<a id="27" s="H" t="H" l="H"/>
		<a id="28" s="H" t="H" l="H"/>
	</atoms>
	<bonds>
		<b id="1" c="1 2" t="1"/>
		<b id="2" c="2 3" t="1"/>
		<b id="3" c="3 4" t="ar"/>
		<b id="4" c="4 5" t="ar"/>
		<b id="5" c="5 6" t="ar"/>
		<b id="6" c="6 7" t="ar"/>
		<b id="7" c="7 8" t="1"/>
		<b id="8" c="7 9" t="ar"/>
		<b id="9" c="9 10" t="ar"/>
		<b id="10" c="10 11" t="1"/>
		<b id="11" c="10 12" t="ar"/>
		<b id="12" c="5 12" t="ar"/>
		<b id="13" c="12 13" t="ar"/>
		<b id="14" c="13 14" t="ar"/>
		<b id="15" c="3 14" t="ar"/>
		<b id="16" c="14 15" t="1"/>
		<b id="17" c="15 16" t="1"/>
		<b id="18" c="1 17" t="1"/>
		<b id="19" c="1 18" t="1"/>
		<b id="20" c="1 19" t="1"/>
		<b id="21" c="4 20" t="1"/>
		<b id="22" c="8 21" t="1"/>
		<b id="23" c="8 22" t="1"/>
		<b id="24" c="8 23" t="1"/>
		<b id="25" c="9 24" t="1"/>
		<b id="26" c="13 25" t="1"/>
		<b id="27" c="16 26" t="1"/>
		<b id="28" c="16 27" t="1"/>
		<b id="29" c="16 28" t="1"/>
	</bonds>
	<geometry>
		<g u="A" t="cart/3d">#28,3:3.3385,-0.0571,1.1402;2.8463,0.3611,-0.1094;3.3837,-0.1841,-1.2260;4.3918,-1.1100,-1.2543;4.8797,-1.6200,-2.4759;5.8650,-2.5319,-2.4371;6.3326,-3.0213,-3.5561;7.4264,-4.0380,-3.4661;5.8458,-2.6268,-4.8195;4.8414,-1.6982,-4.8751;4.2250,-1.1967,-6.4141;4.3089,-1.1521,-3.6908;3.2716,-0.1995,-3.6485;2.8074,0.2814,-2.4541;1.8133,1.1911,-2.3047;1.1746,1.6752,-3.4610;2.7601,0.4920,1.8811;4.3996,0.1838,1.2547;3.1942,-1.1320,1.2879;4.8496,-1.4858,-0.3550;7.6509,-4.2385,-2.4232;8.3230,-3.6712,-3.9630;7.1231,-4.9622,-3.9553;6.2614,-3.0532,-5.7186;2.8554,0.1358,-4.5843;0.4118,2.3668,-3.1073;0.6983,0.8661,-4.0244;1.8735,2.2086,-4.1136;</g>
	</geometry>
	<conformers/>
	<properties/>
</molecule>
