<?xml version="1.0" ?>
<!--MOLLI PACKAGE EXPERIMENTAL XML FORMAT-->
<molecule name="el2432">
	<atoms>
		<a id="1" s="C" t="C.3" l="C"/>
		<a id="2" s="C" t="C.3" l="C"/>
		<a id="3" s="C" t="C.3" l="C"/>
		<a id="4" s="C" t="C.3" l="C"/>
		<a id="5" s="O" t="O.3" l="O"/>
		<a id="6" s="C" t="C.2" l="C"/>
		<a id="7" s="O" t="O.2" l="O"/>
		<a id="8" s="N" t="N.am" l="N"/>
		<a id="9" s="C" t="C.ar" l="C"/>
		<a id="10" s="C" t="C.ar" l="C"/>
		<a id="11" s="C" t="C.ar" l="C"/>
		<a id="12" s="C" t="C.ar" l="C"/>
		<a id="13" s="C" t="C.ar" l="C"/>
		<a id="14" s="N" t="N.ar" l="N"/>
		<a id="15" s="C" t="C.ar" l="C"/>
		<a id="16" s="Cl" t="Cl" l="CL"/>
		<a id="17" s="N" t="N.ar" l="N"/>
		<a id="18" s="C" t="C.ar" l="C"/>
		<a id="19" s="C" t="C.ar" l="C"/>
		<a id="20" s="N" t="N.ar" l="N"/>
		<a id="21" s="C" t="C.ar" l="C"/>
		<a id="22" s="N" t="N.ar" l="N"/>
		<a id="23" s="C" t="C.3" l="C"/>
		<a id="24" s="C" t="C.3" l="C"/>
		<a id="25" s="C" t="C.3" l="C"/>
		<a id="26" s="C" t="C.3" l="C"/>
		<a id="27" s="C" t="C.3" l="C"/>
		<a id="28" s="O" t="O.3" l="O"/>
		<a id="29" s="C" t="C.ar" l="C"/>
		<a id="30" s="C" t="C.ar" l="C"/>
		<a id="31" s="H" t="H" l="H"/>
		<a id="32" s="H" t="H" l="H"/>
		<a id="33" s="H" t="H" l="H"/>
		<a id="34" s="H" t="H" l="H"/>
		<a id="35" s="H" t="H" l="H"/>
		<a id="36" s="H" t="H" l="H"/>
		<a id="37" s="H" t="H" l="H"/>
		<a id="38" s="H" t="H" l="H"/>
		<a id="39" s="H" t="H" l="H"/>
		<a id="40" s="H" t="H" l="H"/>
		<a id="41" s="H" t="H" l="H"/>
		<a id="42" s="H" t="H" l="H"/>
		<a id="43" s="H" t="H" l="H"/>
		<a id="44" s="H" t="H" l="H"/>
		<a id="45" s="H" t="H" l="H"/>
		<a id="46" s="H" t="H" l="H"/>
		<a id="47" s="H" t="H" l="H"/>
		<a id="48" s="H" t="H" l="H"/>
		<a id="49" s="H" t="H" l="H"/>
		<a id="50" s="H" t="H" l="H"/>
		<a id="51" s="H" t="H" l="H"/>
		<a id="52" s="H" t="H" l="H"/>
		<a id="53" s="H" t="H" l="H"/>
		<a id="54" s="H" t="H" l="H"/>
	</atoms>
	<bonds>
		<b id="1" c="1 2" t="1"/>
		<b id="2" c="2 3" t="1"/>
		<b id="3" c="2 4" t="1"/>
		<b id="4" c="2 5" t="1"/>
		<b id="5" c="5 6" t="1"/>
		<b id="6" c="6 7" t="2"/>
		<b id="7" c="6 8" t="am"/>
		<b id="8" c="8 9" t="1"/>
		<b id="9" c="9 10" t="ar"/>
		<b id="10" c="10 11" t="ar"/>
		<b id="11" c="11 12" t="ar"/>
		<b id="12" c="12 13" t="1"/>
		<b id="13" c="13 14" t="ar"/>
		<b id="14" c="14 15" t="ar"/>
		<b id="15" c="15 16" t="1"/>
		<b id="16" c="15 17" t="ar"/>
		<b id="17" c="17 18" t="ar"/>
		<b id="18" c="18 19" t="ar"/>
		<b id="19" c="13 19" t="ar"/>
		<b id="20" c="19 20" t="ar"/>
		<b id="21" c="20 21" t="ar"/>
		<b id="22" c="21 22" t="ar"/>
		<b id="23" c="18 22" t="ar"/>
		<b id="24" c="22 23" t="1"/>
		<b id="25" c="23 24" t="1"/>
		<b id="26" c="24 25" t="1"/>
		<b id="27" c="25 26" t="1"/>
		<b id="28" c="26 27" t="1"/>
		<b id="29" c="27 28" t="1"/>
		<b id="30" c="23 28" t="1"/>
		<b id="31" c="12 29" t="ar"/>
		<b id="32" c="29 30" t="ar"/>
		<b id="33" c="9 30" t="ar"/>
		<b id="34" c="1 31" t="1"/>
		<b id="35" c="1 32" t="1"/>
		<b id="36" c="1 33" t="1"/>
		<b id="37" c="3 34" t="1"/>
		<b id="38" c="3 35" t="1"/>
		<b id="39" c="3 36" t="1"/>
		<b id="40" c="4 37" t="1"/>
		<b id="41" c="4 38" t="1"/>
		<b id="42" c="4 39" t="1"/>
		<b id="43" c="8 40" t="1"/>
		<b id="44" c="10 41" t="1"/>
		<b id="45" c="11 42" t="1"/>
		<b id="46" c="21 43" t="1"/>
		<b id="47" c="23 44" t="1"/>
		<b id="48" c="24 45" t="1"/>
		<b id="49" c="24 46" t="1"/>
		<b id="50" c="25 47" t="1"/>
		<b id="51" c="25 48" t="1"/>
		<b id="52" c="26 49" t="1"/>
		<b id="53" c="26 50" t="1"/>
		<b id="54" c="27 51" t="1"/>
		<b id="55" c="27 52" t="1"/>
		<b id="56" c="29 53" t="1"/>
		<b id="57" c="30 54" t="1"/>
	</bonds>
	<geometry>
		<g u="A" t="cart/3d">#54,3:2.6462,-0.8241,-1.0785;2.2012,0.4405,-0.3453;1.9228,1.5774,-1.3274;0.9673,0.1584,0.5127;3.2101,0.8410,0.6172;4.4469,1.1770,0.2153;4.8513,1.1993,-0.9172;5.1703,1.4902,1.3369;6.5008,1.8755,1.4469;7.3227,2.0867,0.3394;8.6352,2.4624,0.5218;9.1638,2.6347,1.8043;10.5549,3.0126,1.9721;11.2830,3.2191,0.8694;12.5486,3.5519,0.9742;13.3751,3.7994,-0.4997;13.2743,3.7181,2.0637;12.5757,3.5158,3.1764;11.2008,3.1690,3.2087;10.8045,3.0579,4.5165;11.8610,3.3214,5.2170;12.9789,3.5962,4.4751;14.2815,3.9412,5.0422;15.4219,3.6283,4.0713;15.6252,2.1202,3.9503;15.8179,1.5320,5.3455;14.6192,1.9088,6.2099;14.4329,3.3164,6.2825;8.3353,2.4288,2.9109;7.0226,2.0567,2.7305;1.8500,-1.1651,-1.7339;2.8757,-1.6109,-0.3629;3.5314,-0.6217,-1.6749;1.0997,1.3012,-1.9802;2.8023,1.7764,-1.9332;1.6558,2.4828,-0.7864;0.1419,-0.1576,-0.1178;0.6771,1.0544,1.0549;1.1845,-0.6263,1.2326;4.6617,1.3944,2.2061;6.9230,1.9499,-0.6511;9.2805,2.6281,-0.3259;11.8887,3.3286,6.2892;14.2699,5.0179,5.2729;16.3265,4.0877,4.4742;15.1988,4.0666,3.1004;16.4933,1.9151,3.3235;14.7535,1.6673,3.4725;16.7264,1.9395,5.7932;15.9064,0.4462,5.3049;14.7580,1.5949,7.2461;13.7119,1.4288,5.8148;8.7354,2.5625,3.9033;6.3853,1.8983,3.5893;</g>
	</geometry>
	<conformers/>
	<properties/>
</molecule>
