<?xml version="1.0" ?>
<!--MOLLI PACKAGE EXPERIMENTAL XML FORMAT-->
<molecule name="el2727">
	<atoms>
		<a id="1" s="C" t="C.3" l="C"/>
		<a id="2" s="C" t="C.3" l="C"/>
		<a id="3" s="C" t="C.3" l="C"/>
		<a id="4" s="C" t="C.3" l="C"/>
		<a id="5" s="C" t="C.3" l="C"/>
		<a id="6" s="N" t="N.ar" l="N"/>
		<a id="7" s="C" t="C.ar" l="C"/>
		<a id="8" s="N" t="N.ar" l="N"/>
		<a id="9" s="C" t="C.ar" l="C"/>
		<a id="10" s="C" t="C.ar" l="C"/>
		<a id="11" s="N" t="N.pl3" l="N"/>
		<a id="12" s="C" t="C.ar" l="C"/>
		<a id="13" s="C" t="C.ar" l="C"/>
		<a id="14" s="C" t="C.ar" l="C"/>
		<a id="15" s="C" t="C.ar" l="C"/>
		<a id="16" s="C" t="C.ar" l="C"/>
		<a id="17" s="F" t="F" l="F"/>
		<a id="18" s="C" t="C.ar" l="C"/>
		<a id="19" s="N" t="N.ar" l="N"/>
		<a id="20" s="C" t="C.ar" l="C"/>
		<a id="21" s="Cl" t="Cl" l="CL"/>
		<a id="22" s="N" t="N.ar" l="N"/>
		<a id="23" s="C" t="C.ar" l="C"/>
		<a id="24" s="H" t="H" l="H"/>
		<a id="25" s="H" t="H" l="H"/>
		<a id="26" s="H" t="H" l="H"/>
		<a id="27" s="H" t="H" l="H"/>
		<a id="28" s="H" t="H" l="H"/>
		<a id="29" s="H" t="H" l="H"/>
		<a id="30" s="H" t="H" l="H"/>
		<a id="31" s="H" t="H" l="H"/>
		<a id="32" s="H" t="H" l="H"/>
		<a id="33" s="H" t="H" l="H"/>
		<a id="34" s="H" t="H" l="H"/>
		<a id="35" s="H" t="H" l="H"/>
		<a id="36" s="H" t="H" l="H"/>
		<a id="37" s="H" t="H" l="H"/>
		<a id="38" s="H" t="H" l="H"/>
		<a id="39" s="H" t="H" l="H"/>
		<a id="40" s="H" t="H" l="H"/>
	</atoms>
	<bonds>
		<b id="1" c="1 2" t="1"/>
		<b id="2" c="2 3" t="1"/>
		<b id="3" c="3 4" t="1"/>
		<b id="4" c="4 5" t="1"/>
		<b id="5" c="5 6" t="1"/>
		<b id="6" c="6 7" t="ar"/>
		<b id="7" c="7 8" t="ar"/>
		<b id="8" c="8 9" t="ar"/>
		<b id="9" c="9 10" t="ar"/>
		<b id="10" c="10 11" t="1"/>
		<b id="11" c="11 12" t="1"/>
		<b id="12" c="12 13" t="ar"/>
		<b id="13" c="13 14" t="ar"/>
		<b id="14" c="14 15" t="ar"/>
		<b id="15" c="15 16" t="ar"/>
		<b id="16" c="16 17" t="1"/>
		<b id="17" c="16 18" t="ar"/>
		<b id="18" c="12 18" t="ar"/>
		<b id="19" c="10 19" t="ar"/>
		<b id="20" c="19 20" t="ar"/>
		<b id="21" c="20 21" t="1"/>
		<b id="22" c="20 22" t="ar"/>
		<b id="23" c="22 23" t="ar"/>
		<b id="24" c="9 23" t="ar"/>
		<b id="25" c="6 23" t="ar"/>
		<b id="26" c="1 24" t="1"/>
		<b id="27" c="1 25" t="1"/>
		<b id="28" c="1 26" t="1"/>
		<b id="29" c="2 27" t="1"/>
		<b id="30" c="2 28" t="1"/>
		<b id="31" c="3 29" t="1"/>
		<b id="32" c="3 30" t="1"/>
		<b id="33" c="4 31" t="1"/>
		<b id="34" c="4 32" t="1"/>
		<b id="35" c="5 33" t="1"/>
		<b id="36" c="5 34" t="1"/>
		<b id="37" c="7 35" t="1"/>
		<b id="38" c="11 36" t="1"/>
		<b id="39" c="13 37" t="1"/>
		<b id="40" c="14 38" t="1"/>
		<b id="41" c="15 39" t="1"/>
		<b id="42" c="18 40" t="1"/>
	</bonds>
	<geometry>
		<g u="A" t="cart/3d">#40,3:1.0523,-1.0292,5.5768;2.5687,-0.8810,5.5814;3.1372,-0.8567,4.1645;4.6532,-0.6828,4.1615;5.2104,-0.7012,2.7367;6.6369,-0.5113,2.7245;7.6141,-1.4382,2.9481;8.8222,-0.9588,2.9116;8.6587,0.3770,2.6548;9.5502,1.4513,2.4730;10.8817,1.2350,2.5485;11.9511,2.1012,2.3728;13.2395,1.5712,2.4738;14.3461,2.3796,2.3042;14.1972,3.7294,2.0324;12.9137,4.2366,1.9385;12.7534,5.5490,1.6759;11.7856,3.4564,2.1023;9.0308,2.6540,2.2241;7.7175,2.7870,2.1509;7.1740,4.3711,1.8291;6.7800,1.8758,2.2876;7.2878,0.6676,2.5420;0.6689,-1.0637,6.5937;0.7594,-1.9455,5.0681;0.5886,-0.1898,5.0633;3.0132,-1.7113,6.1350;2.8416,0.0432,6.0950;2.6801,-0.0372,3.6066;2.8777,-1.7889,3.6571;5.1176,-1.4835,4.7424;4.9152,0.2676,4.6302;4.7733,0.1148,2.1567;4.9790,-1.6543,2.2523;7.3876,-2.4712,3.1256;11.1192,0.2698,2.7434;13.3666,0.5193,2.6850;15.3355,1.9559,2.3835;15.0469,4.3778,1.8954;10.8017,3.8852,2.0210;</g>
	</geometry>
	<conformers/>
	<properties/>
</molecule>
