<?xml version="1.0" ?>
<!--MOLLI PACKAGE EXPERIMENTAL XML FORMAT-->
<molecule name="el2729">
	<atoms>
		<a id="1" s="C" t="C.3" l="C"/>
		<a id="2" s="N" t="N.am" l="N"/>
		<a id="3" s="C" t="C.2" l="C"/>
		<a id="4" s="O" t="O.2" l="O"/>
		<a id="5" s="C" t="C.ar" l="C"/>
		<a id="6" s="C" t="C.ar" l="C"/>
		<a id="7" s="N" t="N.ar" l="N"/>
		<a id="8" s="C" t="C.ar" l="C"/>
		<a id="9" s="Cl" t="Cl" l="CL"/>
		<a id="10" s="C" t="C.ar" l="C"/>
		<a id="11" s="C" t="C.ar" l="C"/>
		<a id="12" s="N" t="N.pl3" l="N"/>
		<a id="13" s="C" t="C.3" l="C"/>
		<a id="14" s="C" t="C.3" l="C"/>
		<a id="15" s="C" t="C.3" l="C"/>
		<a id="16" s="H" t="H" l="H"/>
		<a id="17" s="H" t="H" l="H"/>
		<a id="18" s="H" t="H" l="H"/>
		<a id="19" s="H" t="H" l="H"/>
		<a id="20" s="H" t="H" l="H"/>
		<a id="21" s="H" t="H" l="H"/>
		<a id="22" s="H" t="H" l="H"/>
		<a id="23" s="H" t="H" l="H"/>
		<a id="24" s="H" t="H" l="H"/>
		<a id="25" s="H" t="H" l="H"/>
		<a id="26" s="H" t="H" l="H"/>
		<a id="27" s="H" t="H" l="H"/>
		<a id="28" s="H" t="H" l="H"/>
		<a id="29" s="H" t="H" l="H"/>
	</atoms>
	<bonds>
		<b id="1" c="1 2" t="1"/>
		<b id="2" c="2 3" t="am"/>
		<b id="3" c="3 4" t="2"/>
		<b id="4" c="3 5" t="1"/>
		<b id="5" c="5 6" t="ar"/>
		<b id="6" c="6 7" t="ar"/>
		<b id="7" c="7 8" t="ar"/>
		<b id="8" c="8 9" t="1"/>
		<b id="9" c="8 10" t="ar"/>
		<b id="10" c="10 11" t="ar"/>
		<b id="11" c="5 11" t="ar"/>
		<b id="12" c="11 12" t="1"/>
		<b id="13" c="12 13" t="1"/>
		<b id="14" c="13 14" t="1"/>
		<b id="15" c="13 15" t="1"/>
		<b id="16" c="1 16" t="1"/>
		<b id="17" c="1 17" t="1"/>
		<b id="18" c="1 18" t="1"/>
		<b id="19" c="2 19" t="1"/>
		<b id="20" c="6 20" t="1"/>
		<b id="21" c="10 21" t="1"/>
		<b id="22" c="12 22" t="1"/>
		<b id="23" c="13 23" t="1"/>
		<b id="24" c="14 24" t="1"/>
		<b id="25" c="14 25" t="1"/>
		<b id="26" c="14 26" t="1"/>
		<b id="27" c="15 27" t="1"/>
		<b id="28" c="15 28" t="1"/>
		<b id="29" c="15 29" t="1"/>
	</bonds>
	<geometry>
		<g u="A" t="cart/3d">#29,3:1.0803,0.1644,-0.0295;2.5177,0.1029,-0.1549;3.1216,-0.2414,-1.3300;2.5023,-0.6244,-2.2986;4.6074,-0.1104,-1.2954;5.2307,0.6081,-2.3007;6.5336,0.8289,-2.3595;7.2670,0.3126,-1.3942;8.9555,0.6348,-1.4839;6.7855,-0.4496,-0.3478;5.4078,-0.7026,-0.2875;4.8467,-1.4858,0.6613;5.5370,-2.2239,1.6976;5.7252,-1.3505,2.9417;4.7319,-3.4776,2.0227;0.7570,-0.3593,0.8715;0.6577,-0.3230,-0.9066;0.7270,1.1968,0.0103;3.0622,0.5884,0.5417;4.6445,1.0412,-3.0988;7.4671,-0.8358,0.3898;3.8508,-1.6311,0.5984;6.5189,-2.5251,1.3158;4.7580,-1.0635,3.3488;6.2771,-0.4476,2.6921;6.2751,-1.8944,3.7044;3.7554,-3.2098,2.4220;5.2531,-4.0759,2.7646;4.5913,-4.0809,1.1290;</g>
	</geometry>
	<conformers/>
	<properties/>
</molecule>
