<?xml version="1.0" ?>
<!--MOLLI PACKAGE EXPERIMENTAL XML FORMAT-->
<molecule name="el2731">
	<atoms>
		<a id="1" s="Cl" t="Cl" l="CL"/>
		<a id="2" s="C" t="C.ar" l="C"/>
		<a id="3" s="N" t="N.ar" l="N"/>
		<a id="4" s="C" t="C.ar" l="C"/>
		<a id="5" s="C" t="C.ar" l="C"/>
		<a id="6" s="C" t="C.ar" l="C"/>
		<a id="7" s="C" t="C.ar" l="C"/>
		<a id="8" s="C" t="C.ar" l="C"/>
		<a id="9" s="C" t="C.ar" l="C"/>
		<a id="10" s="C" t="C.ar" l="C"/>
		<a id="11" s="C" t="C.ar" l="C"/>
		<a id="12" s="C" t="C.ar" l="C"/>
		<a id="13" s="C" t="C.ar" l="C"/>
		<a id="14" s="C" t="C.ar" l="C"/>
		<a id="15" s="S" t="S.2" l="S"/>
		<a id="16" s="N" t="N.ar" l="N"/>
		<a id="17" s="H" t="H" l="H"/>
		<a id="18" s="H" t="H" l="H"/>
		<a id="19" s="H" t="H" l="H"/>
		<a id="20" s="H" t="H" l="H"/>
		<a id="21" s="H" t="H" l="H"/>
		<a id="22" s="H" t="H" l="H"/>
		<a id="23" s="H" t="H" l="H"/>
	</atoms>
	<bonds>
		<b id="1" c="1 2" t="1"/>
		<b id="2" c="2 3" t="ar"/>
		<b id="3" c="3 4" t="ar"/>
		<b id="4" c="4 5" t="ar"/>
		<b id="5" c="5 6" t="ar"/>
		<b id="6" c="6 7" t="1"/>
		<b id="7" c="7 8" t="ar"/>
		<b id="8" c="8 9" t="ar"/>
		<b id="9" c="9 10" t="ar"/>
		<b id="10" c="10 11" t="ar"/>
		<b id="11" c="11 12" t="ar"/>
		<b id="12" c="12 13" t="ar"/>
		<b id="13" c="13 14" t="ar"/>
		<b id="14" c="9 14" t="ar"/>
		<b id="15" c="14 15" t="ar"/>
		<b id="16" c="7 15" t="ar"/>
		<b id="17" c="6 16" t="ar"/>
		<b id="18" c="2 16" t="ar"/>
		<b id="19" c="4 17" t="1"/>
		<b id="20" c="5 18" t="1"/>
		<b id="21" c="8 19" t="1"/>
		<b id="22" c="10 20" t="1"/>
		<b id="23" c="11 21" t="1"/>
		<b id="24" c="12 22" t="1"/>
		<b id="25" c="13 23" t="1"/>
	</bonds>
	<geometry>
		<g u="A" t="cart/3d">#23,3:-1.1867,0.2854,-1.9585;0.1120,0.1157,-0.8657;0.3878,1.1667,-0.1171;1.3995,1.0263,0.7286;2.1250,-0.1458,0.8275;1.7437,-1.1957,-0.0175;2.4096,-2.4738,-0.0342;2.0959,-3.5410,-0.8233;2.9435,-4.6581,-0.6147;2.9275,-5.9097,-1.2394;3.8596,-6.8552,-0.8812;4.8180,-6.5836,0.0980;4.8579,-5.3591,0.7314;3.9207,-4.4022,0.3708;3.7736,-2.7959,1.0148;0.7225,-1.0466,-0.8685;1.6211,1.8928,1.3366;2.9456,-0.2534,1.5166;1.2837,-3.5140,-1.5262;2.1853,-6.1161,-1.9955;3.8550,-7.8226,-1.3606;5.5386,-7.3427,0.3616;5.5961,-5.1429,1.4878;</g>
	</geometry>
	<conformers/>
	<properties/>
</molecule>
