<?xml version="1.0" ?>
<!--MOLLI PACKAGE EXPERIMENTAL XML FORMAT-->
<molecule name="el2737">
	<atoms>
		<a id="1" s="C" t="C.3" l="C"/>
		<a id="2" s="C" t="C.ar" l="C"/>
		<a id="3" s="C" t="C.ar" l="C"/>
		<a id="4" s="C" t="C.ar" l="C"/>
		<a id="5" s="C" t="C.ar" l="C"/>
		<a id="6" s="O" t="O.3" l="O"/>
		<a id="7" s="C" t="C.ar" l="C"/>
		<a id="8" s="C" t="C.ar" l="C"/>
		<a id="9" s="C" t="C.ar" l="C"/>
		<a id="10" s="N" t="N.ar" l="N"/>
		<a id="11" s="C" t="C.ar" l="C"/>
		<a id="12" s="Cl" t="Cl" l="CL"/>
		<a id="13" s="C" t="C.ar" l="C"/>
		<a id="14" s="C" t="C.ar" l="C"/>
		<a id="15" s="N" t="N.ar" l="N"/>
		<a id="16" s="H" t="H" l="H"/>
		<a id="17" s="H" t="H" l="H"/>
		<a id="18" s="H" t="H" l="H"/>
		<a id="19" s="H" t="H" l="H"/>
		<a id="20" s="H" t="H" l="H"/>
		<a id="21" s="H" t="H" l="H"/>
		<a id="22" s="H" t="H" l="H"/>
		<a id="23" s="H" t="H" l="H"/>
		<a id="24" s="H" t="H" l="H"/>
	</atoms>
	<bonds>
		<b id="1" c="1 2" t="1"/>
		<b id="2" c="2 3" t="ar"/>
		<b id="3" c="3 4" t="ar"/>
		<b id="4" c="4 5" t="ar"/>
		<b id="5" c="5 6" t="1"/>
		<b id="6" c="6 7" t="1"/>
		<b id="7" c="7 8" t="ar"/>
		<b id="8" c="8 9" t="ar"/>
		<b id="9" c="9 10" t="ar"/>
		<b id="10" c="10 11" t="ar"/>
		<b id="11" c="11 12" t="1"/>
		<b id="12" c="11 13" t="ar"/>
		<b id="13" c="7 13" t="ar"/>
		<b id="14" c="5 14" t="ar"/>
		<b id="15" c="14 15" t="ar"/>
		<b id="16" c="2 15" t="ar"/>
		<b id="17" c="1 16" t="1"/>
		<b id="18" c="1 17" t="1"/>
		<b id="19" c="1 18" t="1"/>
		<b id="20" c="3 19" t="1"/>
		<b id="21" c="4 20" t="1"/>
		<b id="22" c="8 21" t="1"/>
		<b id="23" c="9 22" t="1"/>
		<b id="24" c="13 23" t="1"/>
		<b id="25" c="14 24" t="1"/>
	</bonds>
	<geometry>
		<g u="A" t="cart/3d">#24,3:2.4447,0.0322,0.0574;0.9528,-0.0502,0.0070;0.2975,-1.2602,-0.2173;-1.0831,-1.2860,-0.2560;-1.7733,-0.0921,-0.0648;-3.1432,0.0091,-0.1517;-3.9419,-0.9232,0.4177;-5.2540,-1.0202,-0.0563;-6.0979,-1.9366,0.5367;-5.7346,-2.7306,1.5323;-4.5034,-2.6183,1.9807;-4.0752,-3.6531,3.2846;-3.5553,-1.7399,1.4776;-1.0331,1.0703,0.1311;0.2837,1.0836,0.1677;2.8577,-0.7889,0.6399;2.7418,0.9808,0.4946;2.8527,-0.0277,-0.9516;0.8634,-2.1676,-0.3631;-1.6187,-2.2067,-0.4399;-5.5780,-0.3873,-0.8652;-7.1189,-2.0549,0.2036;-2.5675,-1.6892,1.9063;-1.5316,2.0207,0.2617;</g>
	</geometry>
	<conformers/>
	<properties/>
</molecule>
