<?xml version="1.0" ?>
<!--MOLLI PACKAGE EXPERIMENTAL XML FORMAT-->
<molecule name="el2739">
	<atoms>
		<a id="1" s="C" t="C.3" l="C"/>
		<a id="2" s="C" t="C.ar" l="C"/>
		<a id="3" s="C" t="C.ar" l="C"/>
		<a id="4" s="C" t="C.ar" l="C"/>
		<a id="5" s="O" t="O.3" l="O"/>
		<a id="6" s="C" t="C.ar" l="C"/>
		<a id="7" s="C" t="C.ar" l="C"/>
		<a id="8" s="C" t="C.ar" l="C"/>
		<a id="9" s="N" t="N.ar" l="N"/>
		<a id="10" s="C" t="C.ar" l="C"/>
		<a id="11" s="Cl" t="Cl" l="CL"/>
		<a id="12" s="C" t="C.ar" l="C"/>
		<a id="13" s="C" t="C.ar" l="C"/>
		<a id="14" s="C" t="C.ar" l="C"/>
		<a id="15" s="C" t="C.ar" l="C"/>
		<a id="16" s="C" t="C.ar" l="C"/>
		<a id="17" s="C" t="C.ar" l="C"/>
		<a id="18" s="C" t="C.ar" l="C"/>
		<a id="19" s="N" t="N.ar" l="N"/>
		<a id="20" s="N" t="N.ar" l="N"/>
		<a id="21" s="C" t="C.ar" l="C"/>
		<a id="22" s="C" t="C.3" l="C"/>
		<a id="23" s="H" t="H" l="H"/>
		<a id="24" s="H" t="H" l="H"/>
		<a id="25" s="H" t="H" l="H"/>
		<a id="26" s="H" t="H" l="H"/>
		<a id="27" s="H" t="H" l="H"/>
		<a id="28" s="H" t="H" l="H"/>
		<a id="29" s="H" t="H" l="H"/>
		<a id="30" s="H" t="H" l="H"/>
		<a id="31" s="H" t="H" l="H"/>
		<a id="32" s="H" t="H" l="H"/>
		<a id="33" s="H" t="H" l="H"/>
		<a id="34" s="H" t="H" l="H"/>
		<a id="35" s="H" t="H" l="H"/>
		<a id="36" s="H" t="H" l="H"/>
	</atoms>
	<bonds>
		<b id="1" c="1 2" t="1"/>
		<b id="2" c="2 3" t="ar"/>
		<b id="3" c="3 4" t="ar"/>
		<b id="4" c="4 5" t="1"/>
		<b id="5" c="5 6" t="1"/>
		<b id="6" c="6 7" t="ar"/>
		<b id="7" c="7 8" t="ar"/>
		<b id="8" c="8 9" t="ar"/>
		<b id="9" c="9 10" t="ar"/>
		<b id="10" c="10 11" t="1"/>
		<b id="11" c="10 12" t="ar"/>
		<b id="12" c="6 12" t="ar"/>
		<b id="13" c="4 13" t="ar"/>
		<b id="14" c="13 14" t="1"/>
		<b id="15" c="14 15" t="ar"/>
		<b id="16" c="15 16" t="ar"/>
		<b id="17" c="16 17" t="ar"/>
		<b id="18" c="17 18" t="ar"/>
		<b id="19" c="18 19" t="ar"/>
		<b id="20" c="14 19" t="ar"/>
		<b id="21" c="13 20" t="ar"/>
		<b id="22" c="20 21" t="ar"/>
		<b id="23" c="2 21" t="ar"/>
		<b id="24" c="21 22" t="1"/>
		<b id="25" c="1 23" t="1"/>
		<b id="26" c="1 24" t="1"/>
		<b id="27" c="1 25" t="1"/>
		<b id="28" c="3 26" t="1"/>
		<b id="29" c="7 27" t="1"/>
		<b id="30" c="8 28" t="1"/>
		<b id="31" c="12 29" t="1"/>
		<b id="32" c="15 30" t="1"/>
		<b id="33" c="16 31" t="1"/>
		<b id="34" c="17 32" t="1"/>
		<b id="35" c="18 33" t="1"/>
		<b id="36" c="22 34" t="1"/>
		<b id="37" c="22 35" t="1"/>
		<b id="38" c="22 36" t="1"/>
	</bonds>
	<geometry>
		<g u="A" t="cart/3d">#36,3:0.6972,0.5903,-0.6233;2.1278,0.2262,-0.3927;2.5700,-1.0796,-0.5137;3.9085,-1.4015,-0.3068;4.2692,-2.7141,-0.5044;4.9176,-3.3973,0.4596;5.5460,-4.5931,0.0937;6.1436,-5.3479,1.0806;6.1391,-5.0187,2.3666;5.5282,-3.9017,2.6959;5.5238,-3.5148,4.3754;4.8922,-3.0478,1.8087;4.8016,-0.3606,-0.0055;6.2529,-0.5259,0.1561;7.0560,0.5924,0.4053;8.4177,0.4126,0.5468;8.9430,-0.8687,0.4419;8.0677,-1.9108,0.1803;6.7682,-1.7455,0.0334;4.3555,0.8880,0.1224;3.0861,1.1929,-0.0474;2.7240,2.6341,0.1220;0.1050,-0.2946,-0.8398;0.6163,1.2799,-1.4630;0.2810,1.0871,0.2520;1.8854,-1.8738,-0.7736;5.5668,-4.8891,-0.9420;6.6539,-6.2725,0.8477;4.4079,-2.1475,2.1518;6.5917,1.5623,0.4781;9.0654,1.2575,0.7373;9.9998,-1.0516,0.5565;8.4119,-2.9327,0.0843;3.5914,3.1823,0.4724;1.9112,2.7506,0.8324;2.4012,3.0506,-0.8301;</g>
	</geometry>
	<conformers/>
	<properties/>
</molecule>
