<?xml version="1.0" ?>
<!--MOLLI PACKAGE EXPERIMENTAL XML FORMAT-->
<molecule name="el2742">
	<atoms>
		<a id="1" s="C" t="C.3" l="C"/>
		<a id="2" s="C" t="C.2" l="C"/>
		<a id="3" s="O" t="O.2" l="O"/>
		<a id="4" s="N" t="N.am" l="N"/>
		<a id="5" s="C" t="C.ar" l="C"/>
		<a id="6" s="C" t="C.ar" l="C"/>
		<a id="7" s="C" t="C.ar" l="C"/>
		<a id="8" s="C" t="C.ar" l="C"/>
		<a id="9" s="C" t="C.ar" l="C"/>
		<a id="10" s="Cl" t="Cl" l="CL"/>
		<a id="11" s="C" t="C.ar" l="C"/>
		<a id="12" s="H" t="H" l="H"/>
		<a id="13" s="H" t="H" l="H"/>
		<a id="14" s="H" t="H" l="H"/>
		<a id="15" s="H" t="H" l="H"/>
		<a id="16" s="H" t="H" l="H"/>
		<a id="17" s="H" t="H" l="H"/>
		<a id="18" s="H" t="H" l="H"/>
		<a id="19" s="H" t="H" l="H"/>
	</atoms>
	<bonds>
		<b id="1" c="1 2" t="1"/>
		<b id="2" c="2 3" t="2"/>
		<b id="3" c="2 4" t="am"/>
		<b id="4" c="4 5" t="1"/>
		<b id="5" c="5 6" t="ar"/>
		<b id="6" c="6 7" t="ar"/>
		<b id="7" c="7 8" t="ar"/>
		<b id="8" c="8 9" t="ar"/>
		<b id="9" c="9 10" t="1"/>
		<b id="10" c="9 11" t="ar"/>
		<b id="11" c="5 11" t="ar"/>
		<b id="12" c="1 12" t="1"/>
		<b id="13" c="1 13" t="1"/>
		<b id="14" c="1 14" t="1"/>
		<b id="15" c="4 15" t="1"/>
		<b id="16" c="6 16" t="1"/>
		<b id="17" c="7 17" t="1"/>
		<b id="18" c="8 18" t="1"/>
		<b id="19" c="11 19" t="1"/>
	</bonds>
	<geometry>
		<g u="A" t="cart/3d">#19,3:0.9980,-0.2143,0.2382;2.4447,0.2130,0.3766;2.8060,1.3641,0.3263;3.2793,-0.8561,0.5651;4.6656,-0.8731,0.7230;5.4476,0.2787,0.6922;6.8177,0.1802,0.8489;7.4335,-1.0452,1.0378;6.6468,-2.1847,1.0699;7.3849,-3.7314,1.3067;5.2753,-2.1125,0.9150;0.3855,0.6619,0.0490;0.6599,-0.6930,1.1551;0.8864,-0.9147,-0.5867;2.8443,-1.7682,0.5972;4.9780,1.2364,0.5464;7.4181,1.0765,0.8225;8.5021,-1.1189,1.1582;4.6831,-3.0153,0.9431;</g>
	</geometry>
	<conformers/>
	<properties/>
</molecule>
