<?xml version="1.0" ?>
<!--MOLLI PACKAGE EXPERIMENTAL XML FORMAT-->
<molecule name="el2744">
	<atoms>
		<a id="1" s="O" t="O.3" l="O"/>
		<a id="2" s="C" t="C.ar" l="C"/>
		<a id="3" s="C" t="C.ar" l="C"/>
		<a id="4" s="C" t="C.ar" l="C"/>
		<a id="5" s="C" t="C.ar" l="C"/>
		<a id="6" s="Cl" t="Cl" l="CL"/>
		<a id="7" s="C" t="C.ar" l="C"/>
		<a id="8" s="C" t="C.ar" l="C"/>
		<a id="9" s="H" t="H" l="H"/>
		<a id="10" s="H" t="H" l="H"/>
		<a id="11" s="H" t="H" l="H"/>
		<a id="12" s="H" t="H" l="H"/>
		<a id="13" s="H" t="H" l="H"/>
	</atoms>
	<bonds>
		<b id="1" c="1 2" t="1"/>
		<b id="2" c="2 3" t="ar"/>
		<b id="3" c="3 4" t="ar"/>
		<b id="4" c="4 5" t="ar"/>
		<b id="5" c="5 6" t="1"/>
		<b id="6" c="5 7" t="ar"/>
		<b id="7" c="7 8" t="ar"/>
		<b id="8" c="2 8" t="ar"/>
		<b id="9" c="1 9" t="1"/>
		<b id="10" c="3 10" t="1"/>
		<b id="11" c="4 11" t="1"/>
		<b id="12" c="7 12" t="1"/>
		<b id="13" c="8 13" t="1"/>
	</bonds>
	<geometry>
		<g u="A" t="cart/3d">#13,3:-3.2828,-0.0450,-0.0010;-1.9263,-0.0006,-0.0023;-1.2228,1.1988,-0.0029;0.1603,1.1990,-0.0044;0.8421,-0.0060,-0.0052;2.5728,-0.0099,-0.0071;0.1527,-1.2092,-0.0045;-1.2274,-1.2055,-0.0030;-3.6440,0.8498,-0.0005;-1.7595,2.1382,-0.0022;0.7046,2.1301,-0.0048;0.6946,-2.1416,-0.0050;-1.7854,-2.1280,-0.0024;</g>
	</geometry>
	<conformers/>
	<properties/>
</molecule>
