<?xml version="1.0" ?>
<!--MOLLI PACKAGE EXPERIMENTAL XML FORMAT-->
<molecule name="el2435">
	<atoms>
		<a id="1" s="C" t="C.3" l="C"/>
		<a id="2" s="C" t="C.ar" l="C"/>
		<a id="3" s="C" t="C.ar" l="C"/>
		<a id="4" s="C" t="C.ar" l="C"/>
		<a id="5" s="C" t="C.ar" l="C"/>
		<a id="6" s="C" t="C.ar" l="C"/>
		<a id="7" s="N" t="N.pl3" l="N"/>
		<a id="8" s="C" t="C.ar" l="C"/>
		<a id="9" s="N" t="N.ar" l="N"/>
		<a id="10" s="C" t="C.ar" l="C"/>
		<a id="11" s="Cl" t="Cl" l="CL"/>
		<a id="12" s="N" t="N.ar" l="N"/>
		<a id="13" s="C" t="C.ar" l="C"/>
		<a id="14" s="C" t="C.ar" l="C"/>
		<a id="15" s="N" t="N.ar" l="N"/>
		<a id="16" s="C" t="C.ar" l="C"/>
		<a id="17" s="N" t="N.ar" l="N"/>
		<a id="18" s="C" t="C.3" l="C"/>
		<a id="19" s="C" t="C.3" l="C"/>
		<a id="20" s="C" t="C.3" l="C"/>
		<a id="21" s="C" t="C.3" l="C"/>
		<a id="22" s="C" t="C.ar" l="C"/>
		<a id="23" s="H" t="H" l="H"/>
		<a id="24" s="H" t="H" l="H"/>
		<a id="25" s="H" t="H" l="H"/>
		<a id="26" s="H" t="H" l="H"/>
		<a id="27" s="H" t="H" l="H"/>
		<a id="28" s="H" t="H" l="H"/>
		<a id="29" s="H" t="H" l="H"/>
		<a id="30" s="H" t="H" l="H"/>
		<a id="31" s="H" t="H" l="H"/>
		<a id="32" s="H" t="H" l="H"/>
		<a id="33" s="H" t="H" l="H"/>
		<a id="34" s="H" t="H" l="H"/>
		<a id="35" s="H" t="H" l="H"/>
		<a id="36" s="H" t="H" l="H"/>
		<a id="37" s="H" t="H" l="H"/>
		<a id="38" s="H" t="H" l="H"/>
	</atoms>
	<bonds>
		<b id="1" c="1 2" t="1"/>
		<b id="2" c="2 3" t="ar"/>
		<b id="3" c="3 4" t="ar"/>
		<b id="4" c="4 5" t="ar"/>
		<b id="5" c="5 6" t="ar"/>
		<b id="6" c="6 7" t="1"/>
		<b id="7" c="7 8" t="1"/>
		<b id="8" c="8 9" t="ar"/>
		<b id="9" c="9 10" t="ar"/>
		<b id="10" c="10 11" t="1"/>
		<b id="11" c="10 12" t="ar"/>
		<b id="12" c="12 13" t="ar"/>
		<b id="13" c="13 14" t="ar"/>
		<b id="14" c="8 14" t="ar"/>
		<b id="15" c="14 15" t="ar"/>
		<b id="16" c="15 16" t="ar"/>
		<b id="17" c="16 17" t="ar"/>
		<b id="18" c="13 17" t="ar"/>
		<b id="19" c="17 18" t="1"/>
		<b id="20" c="18 19" t="1"/>
		<b id="21" c="19 20" t="1"/>
		<b id="22" c="20 21" t="1"/>
		<b id="23" c="19 21" t="1"/>
		<b id="24" c="6 22" t="ar"/>
		<b id="25" c="2 22" t="ar"/>
		<b id="26" c="1 23" t="1"/>
		<b id="27" c="1 24" t="1"/>
		<b id="28" c="1 25" t="1"/>
		<b id="29" c="3 26" t="1"/>
		<b id="30" c="4 27" t="1"/>
		<b id="31" c="5 28" t="1"/>
		<b id="32" c="7 29" t="1"/>
		<b id="33" c="16 30" t="1"/>
		<b id="34" c="18 31" t="1"/>
		<b id="35" c="18 32" t="1"/>
		<b id="36" c="19 33" t="1"/>
		<b id="37" c="20 34" t="1"/>
		<b id="38" c="20 35" t="1"/>
		<b id="39" c="21 36" t="1"/>
		<b id="40" c="21 37" t="1"/>
		<b id="41" c="22 38" t="1"/>
	</bonds>
	<geometry>
		<g u="A" t="cart/3d">#38,3:2.4195,0.2529,0.2812;1.0880,0.0015,-0.3596;0.8276,0.4206,-1.6588;-0.4004,0.1637,-2.2429;-1.3905,-0.5106,-1.5524;-1.1416,-0.9347,-0.2506;-2.0798,-1.6165,0.5207;-3.3500,-1.9733,0.2539;-3.9441,-1.7111,-0.9134;-5.1942,-2.0921,-1.0993;-5.8424,-1.7016,-2.6302;-6.0074,-2.7210,-0.2807;-5.4264,-2.9879,0.8932;-4.1061,-2.6510,1.2322;-3.8378,-3.0790,2.5061;-4.9405,-3.6405,2.9051;-5.9437,-3.6246,1.9779;-7.2856,-4.1173,2.1226;-8.2375,-3.1013,2.7358;-8.2396,-1.6778,2.2705;-7.7508,-2.0156,3.6469;0.0968,-0.6755,0.3333;2.9298,1.0845,-0.1980;3.0506,-0.6316,0.1877;2.3051,0.4718,1.3407;1.5891,0.9503,-2.2120;-0.5928,0.4943,-3.2527;-2.3471,-0.7097,-2.0028;-1.7752,-1.8842,1.4493;-5.0657,-4.0936,3.8693;-7.2564,-5.0157,2.7484;-7.6419,-4.3869,1.1235;-9.1973,-3.5468,2.9671;-9.1879,-1.1738,2.1676;-7.5152,-1.3876,1.5255;-8.3645,-1.7473,4.4934;-6.6916,-1.9392,3.8441;0.2856,-1.0070,1.3459;</g>
	</geometry>
	<conformers/>
	<properties/>
</molecule>
