<?xml version="1.0" ?>
<!--MOLLI PACKAGE EXPERIMENTAL XML FORMAT-->
<molecule name="el2751">
	<atoms>
		<a id="1" s="C" t="C.3" l="C"/>
		<a id="2" s="C" t="C.ar" l="C"/>
		<a id="3" s="C" t="C.ar" l="C"/>
		<a id="4" s="C" t="C.ar" l="C"/>
		<a id="5" s="C" t="C.3" l="C"/>
		<a id="6" s="N" t="N.ar" l="N"/>
		<a id="7" s="C" t="C.ar" l="C"/>
		<a id="8" s="Cl" t="Cl" l="CL"/>
		<a id="9" s="C" t="C.ar" l="C"/>
		<a id="10" s="H" t="H" l="H"/>
		<a id="11" s="H" t="H" l="H"/>
		<a id="12" s="H" t="H" l="H"/>
		<a id="13" s="H" t="H" l="H"/>
		<a id="14" s="H" t="H" l="H"/>
		<a id="15" s="H" t="H" l="H"/>
		<a id="16" s="H" t="H" l="H"/>
		<a id="17" s="H" t="H" l="H"/>
	</atoms>
	<bonds>
		<b id="1" c="1 2" t="1"/>
		<b id="2" c="2 3" t="ar"/>
		<b id="3" c="3 4" t="ar"/>
		<b id="4" c="4 5" t="1"/>
		<b id="5" c="4 6" t="ar"/>
		<b id="6" c="6 7" t="ar"/>
		<b id="7" c="7 8" t="1"/>
		<b id="8" c="7 9" t="ar"/>
		<b id="9" c="2 9" t="ar"/>
		<b id="10" c="1 10" t="1"/>
		<b id="11" c="1 11" t="1"/>
		<b id="12" c="1 12" t="1"/>
		<b id="13" c="3 13" t="1"/>
		<b id="14" c="5 14" t="1"/>
		<b id="15" c="5 15" t="1"/>
		<b id="16" c="5 16" t="1"/>
		<b id="17" c="9 17" t="1"/>
	</bonds>
	<geometry>
		<g u="A" t="cart/3d">#17,3:1.0467,0.0266,-0.0740;2.5420,0.0240,-0.0729;3.2719,-1.1592,-0.0702;4.6610,-1.1137,-0.0691;5.4998,-2.3506,-0.0660;5.3205,0.0398,-0.0707;4.6291,1.1562,-0.0733;5.5531,2.6118,-0.0751;3.2457,1.2239,-0.0745;0.6538,-0.9866,-0.0753;0.6732,0.5498,-0.9530;0.6721,0.5478,0.8057;2.7631,-2.1113,-0.0689;4.8820,-3.2438,-0.0687;6.1402,-2.3554,0.8136;6.1477,-2.3549,-0.9400;2.7380,2.1746,-0.0767;</g>
	</geometry>
	<conformers/>
	<properties/>
</molecule>
