<?xml version="1.0" ?>
<!--MOLLI PACKAGE EXPERIMENTAL XML FORMAT-->
<molecule name="el2752">
	<atoms>
		<a id="1" s="C" t="C.3" l="C"/>
		<a id="2" s="O" t="O.3" l="O"/>
		<a id="3" s="C" t="C.ar" l="C"/>
		<a id="4" s="C" t="C.ar" l="C"/>
		<a id="5" s="C" t="C.ar" l="C"/>
		<a id="6" s="C" t="C.ar" l="C"/>
		<a id="7" s="C" t="C.3" l="C"/>
		<a id="8" s="C" t="C.ar" l="C"/>
		<a id="9" s="Cl" t="Cl" l="CL"/>
		<a id="10" s="C" t="C.ar" l="C"/>
		<a id="11" s="H" t="H" l="H"/>
		<a id="12" s="H" t="H" l="H"/>
		<a id="13" s="H" t="H" l="H"/>
		<a id="14" s="H" t="H" l="H"/>
		<a id="15" s="H" t="H" l="H"/>
		<a id="16" s="H" t="H" l="H"/>
		<a id="17" s="H" t="H" l="H"/>
		<a id="18" s="H" t="H" l="H"/>
		<a id="19" s="H" t="H" l="H"/>
	</atoms>
	<bonds>
		<b id="1" c="1 2" t="1"/>
		<b id="2" c="2 3" t="1"/>
		<b id="3" c="3 4" t="ar"/>
		<b id="4" c="4 5" t="ar"/>
		<b id="5" c="5 6" t="ar"/>
		<b id="6" c="6 7" t="1"/>
		<b id="7" c="6 8" t="ar"/>
		<b id="8" c="8 9" t="1"/>
		<b id="9" c="8 10" t="ar"/>
		<b id="10" c="3 10" t="ar"/>
		<b id="11" c="1 11" t="1"/>
		<b id="12" c="1 12" t="1"/>
		<b id="13" c="1 13" t="1"/>
		<b id="14" c="4 14" t="1"/>
		<b id="15" c="5 15" t="1"/>
		<b id="16" c="7 16" t="1"/>
		<b id="17" c="7 17" t="1"/>
		<b id="18" c="7 18" t="1"/>
		<b id="19" c="10 19" t="1"/>
	</bonds>
	<geometry>
		<g u="A" t="cart/3d">#19,3:1.2781,0.4166,-0.4155;2.3810,-0.3389,0.0238;3.0300,-1.1239,-0.8777;2.6965,-1.2503,-2.2207;3.4396,-2.0851,-3.0391;4.5204,-2.8131,-2.5680;5.3165,-3.7132,-3.4591;4.8358,-2.6712,-1.2173;6.1716,-3.5504,-0.5578;4.1142,-1.8474,-0.3795;0.9254,0.9584,0.4605;0.4748,-0.2256,-0.7910;1.5650,1.1329,-1.1922;1.8659,-0.7082,-2.6430;3.1665,-2.1709,-4.0807;4.9409,-3.6760,-4.4780;5.2651,-4.7411,-3.1014;6.3647,-3.4172,-3.4574;4.3718,-1.7490,0.6623;</g>
	</geometry>
	<conformers/>
	<properties/>
</molecule>
