<?xml version="1.0" ?>
<!--MOLLI PACKAGE EXPERIMENTAL XML FORMAT-->
<molecule name="el2754">
	<atoms>
		<a id="1" s="C" t="C.3" l="C"/>
		<a id="2" s="Si" t="Si" l="SI"/>
		<a id="3" s="C" t="C.3" l="C"/>
		<a id="4" s="C" t="C.3" l="C"/>
		<a id="5" s="C" t="C.3" l="C"/>
		<a id="6" s="C" t="C.3" l="C"/>
		<a id="7" s="O" t="O.3" l="O"/>
		<a id="8" s="C" t="C.3" l="C"/>
		<a id="9" s="N" t="N.ar" l="N"/>
		<a id="10" s="C" t="C.ar" l="C"/>
		<a id="11" s="C" t="C.ar" l="C"/>
		<a id="12" s="C" t="C.ar" l="C"/>
		<a id="13" s="C" t="C.ar" l="C"/>
		<a id="14" s="O" t="O.3" l="O"/>
		<a id="15" s="C" t="C.3" l="C"/>
		<a id="16" s="C" t="C.3" l="C"/>
		<a id="17" s="C" t="C.3" l="C"/>
		<a id="18" s="C" t="C.3" l="C"/>
		<a id="19" s="C" t="C.3" l="C"/>
		<a id="20" s="C" t="C.3" l="C"/>
		<a id="21" s="C" t="C.3" l="C"/>
		<a id="22" s="N" t="N.ar" l="N"/>
		<a id="23" s="C" t="C.ar" l="C"/>
		<a id="24" s="Cl" t="Cl" l="CL"/>
		<a id="25" s="N" t="N.ar" l="N"/>
		<a id="26" s="C" t="C.ar" l="C"/>
		<a id="27" s="H" t="H" l="H"/>
		<a id="28" s="H" t="H" l="H"/>
		<a id="29" s="H" t="H" l="H"/>
		<a id="30" s="H" t="H" l="H"/>
		<a id="31" s="H" t="H" l="H"/>
		<a id="32" s="H" t="H" l="H"/>
		<a id="33" s="H" t="H" l="H"/>
		<a id="34" s="H" t="H" l="H"/>
		<a id="35" s="H" t="H" l="H"/>
		<a id="36" s="H" t="H" l="H"/>
		<a id="37" s="H" t="H" l="H"/>
		<a id="38" s="H" t="H" l="H"/>
		<a id="39" s="H" t="H" l="H"/>
		<a id="40" s="H" t="H" l="H"/>
		<a id="41" s="H" t="H" l="H"/>
		<a id="42" s="H" t="H" l="H"/>
		<a id="43" s="H" t="H" l="H"/>
		<a id="44" s="H" t="H" l="H"/>
		<a id="45" s="H" t="H" l="H"/>
		<a id="46" s="H" t="H" l="H"/>
		<a id="47" s="H" t="H" l="H"/>
		<a id="48" s="H" t="H" l="H"/>
		<a id="49" s="H" t="H" l="H"/>
		<a id="50" s="H" t="H" l="H"/>
		<a id="51" s="H" t="H" l="H"/>
		<a id="52" s="H" t="H" l="H"/>
		<a id="53" s="H" t="H" l="H"/>
		<a id="54" s="H" t="H" l="H"/>
		<a id="55" s="H" t="H" l="H"/>
		<a id="56" s="H" t="H" l="H"/>
	</atoms>
	<bonds>
		<b id="1" c="1 2" t="1"/>
		<b id="2" c="2 3" t="1"/>
		<b id="3" c="2 4" t="1"/>
		<b id="4" c="2 5" t="1"/>
		<b id="5" c="5 6" t="1"/>
		<b id="6" c="6 7" t="1"/>
		<b id="7" c="7 8" t="1"/>
		<b id="8" c="8 9" t="1"/>
		<b id="9" c="9 10" t="ar"/>
		<b id="10" c="10 11" t="ar"/>
		<b id="11" c="11 12" t="ar"/>
		<b id="12" c="12 13" t="ar"/>
		<b id="13" c="13 14" t="1"/>
		<b id="14" c="14 15" t="1"/>
		<b id="15" c="15 16" t="1"/>
		<b id="16" c="16 17" t="1"/>
		<b id="17" c="17 18" t="1"/>
		<b id="18" c="18 19" t="1"/>
		<b id="19" c="19 20" t="1"/>
		<b id="20" c="20 21" t="1"/>
		<b id="21" c="16 21" t="1"/>
		<b id="22" c="13 22" t="ar"/>
		<b id="23" c="22 23" t="ar"/>
		<b id="24" c="23 24" t="1"/>
		<b id="25" c="23 25" t="ar"/>
		<b id="26" c="25 26" t="ar"/>
		<b id="27" c="12 26" t="ar"/>
		<b id="28" c="9 26" t="ar"/>
		<b id="29" c="1 27" t="1"/>
		<b id="30" c="1 28" t="1"/>
		<b id="31" c="1 29" t="1"/>
		<b id="32" c="3 30" t="1"/>
		<b id="33" c="3 31" t="1"/>
		<b id="34" c="3 32" t="1"/>
		<b id="35" c="4 33" t="1"/>
		<b id="36" c="4 34" t="1"/>
		<b id="37" c="4 35" t="1"/>
		<b id="38" c="5 36" t="1"/>
		<b id="39" c="5 37" t="1"/>
		<b id="40" c="6 38" t="1"/>
		<b id="41" c="6 39" t="1"/>
		<b id="42" c="8 40" t="1"/>
		<b id="43" c="8 41" t="1"/>
		<b id="44" c="10 42" t="1"/>
		<b id="45" c="11 43" t="1"/>
		<b id="46" c="15 44" t="1"/>
		<b id="47" c="15 45" t="1"/>
		<b id="48" c="16 46" t="1"/>
		<b id="49" c="17 47" t="1"/>
		<b id="50" c="17 48" t="1"/>
		<b id="51" c="18 49" t="1"/>
		<b id="52" c="18 50" t="1"/>
		<b id="53" c="19 51" t="1"/>
		<b id="54" c="19 52" t="1"/>
		<b id="55" c="20 53" t="1"/>
		<b id="56" c="20 54" t="1"/>
		<b id="57" c="21 55" t="1"/>
		<b id="58" c="21 56" t="1"/>
	</bonds>
	<geometry>
		<g u="A" t="cart/3d">#56,3:12.2195,1.4809,-0.2359;11.3097,2.9180,-1.1002;11.8040,4.5721,-0.2864;11.7492,2.9503,-2.9566;9.4164,2.6664,-0.9403;8.9521,2.7762,0.4970;7.5438,2.5653,0.5557;7.0435,2.4598,1.8457;7.1000,3.7058,2.5754;6.2262,4.7621,2.4667;6.6550,5.8166,3.2115;7.8761,5.4137,3.8153;8.8522,5.9480,4.6737;8.7263,7.1740,5.1554;9.7572,7.6296,6.0285;9.4622,9.0777,6.4091;9.5757,9.9941,5.1901;9.2765,11.4400,5.5731;10.2270,11.9070,6.6712;10.1186,10.9956,7.8897;10.4163,9.5485,7.5068;9.9106,5.2165,5.0016;10.0094,3.9900,4.5131;11.4091,3.1321,4.9790;9.1820,3.3552,3.7219;8.1193,4.0899,3.3791;13.2921,1.5418,-0.3931;11.8894,0.5166,-0.6109;12.0475,1.4934,0.8363;12.8466,4.8102,-0.4738;11.6680,4.5338,0.7906;11.2074,5.3974,-0.6646;12.8201,3.0511,-3.0995;11.2721,3.7813,-3.4664;11.4377,2.0381,-3.4554;9.1229,1.6891,-1.3223;8.8760,3.4052,-1.5315;9.1919,3.7696,0.8963;9.4511,2.0295,1.1282;7.6117,1.7238,2.4364;5.9977,2.1516,1.7465;5.3510,4.6664,1.8544;6.1752,6.7666,3.3277;10.7239,7.5416,5.5210;9.7828,6.9847,6.9142;8.4347,9.1213,6.7854;8.8821,9.6573,4.4181;10.5890,9.9287,4.7864;8.2466,11.5160,5.9290;9.3756,12.0827,4.6961;9.9936,12.9353,6.9543;11.2523,11.8877,6.2951;9.1086,11.0603,8.3006;10.8159,11.3230,8.6634;10.3206,8.9052,8.3840;11.4444,9.4712,7.1463;</g>
	</geometry>
	<conformers/>
	<properties/>
</molecule>
