<?xml version="1.0" ?>
<!--MOLLI PACKAGE EXPERIMENTAL XML FORMAT-->
<molecule name="el2759">
	<atoms>
		<a id="1" s="F" t="F" l="F"/>
		<a id="2" s="C" t="C.3" l="C"/>
		<a id="3" s="C" t="C.3" l="C"/>
		<a id="4" s="C" t="C.3" l="C"/>
		<a id="5" s="O" t="O.3" l="O"/>
		<a id="6" s="C" t="C.ar" l="C"/>
		<a id="7" s="C" t="C.ar" l="C"/>
		<a id="8" s="C" t="C.ar" l="C"/>
		<a id="9" s="C" t="C.ar" l="C"/>
		<a id="10" s="Cl" t="Cl" l="CL"/>
		<a id="11" s="N" t="N.ar" l="N"/>
		<a id="12" s="C" t="C.ar" l="C"/>
		<a id="13" s="H" t="H" l="H"/>
		<a id="14" s="H" t="H" l="H"/>
		<a id="15" s="H" t="H" l="H"/>
		<a id="16" s="H" t="H" l="H"/>
		<a id="17" s="H" t="H" l="H"/>
		<a id="18" s="H" t="H" l="H"/>
		<a id="19" s="H" t="H" l="H"/>
		<a id="20" s="H" t="H" l="H"/>
		<a id="21" s="H" t="H" l="H"/>
	</atoms>
	<bonds>
		<b id="1" c="1 2" t="1"/>
		<b id="2" c="2 3" t="1"/>
		<b id="3" c="3 4" t="1"/>
		<b id="4" c="4 5" t="1"/>
		<b id="5" c="5 6" t="1"/>
		<b id="6" c="6 7" t="ar"/>
		<b id="7" c="7 8" t="ar"/>
		<b id="8" c="8 9" t="ar"/>
		<b id="9" c="9 10" t="1"/>
		<b id="10" c="9 11" t="ar"/>
		<b id="11" c="11 12" t="ar"/>
		<b id="12" c="6 12" t="ar"/>
		<b id="13" c="2 13" t="1"/>
		<b id="14" c="2 14" t="1"/>
		<b id="15" c="3 15" t="1"/>
		<b id="16" c="3 16" t="1"/>
		<b id="17" c="4 17" t="1"/>
		<b id="18" c="4 18" t="1"/>
		<b id="19" c="7 19" t="1"/>
		<b id="20" c="8 20" t="1"/>
		<b id="21" c="12 21" t="1"/>
	</bonds>
	<geometry>
		<g u="A" t="cart/3d">#21,3:2.5509,-1.0606,-0.5626;2.1981,0.1265,0.0329;2.8155,1.2977,-0.7152;4.3404,1.2308,-0.6871;4.8300,2.3566,-1.3912;6.1670,2.4991,-1.5389;7.1399,1.6292,-1.0466;8.4754,1.9136,-1.2786;8.7827,3.0605,-1.9944;10.4234,3.4674,-2.3136;7.8744,3.8916,-2.4660;6.6061,3.6241,-2.2484;2.5547,0.0728,1.0670;1.1053,0.1740,0.0144;2.4824,2.2285,-0.2565;2.4834,1.2863,-1.7541;4.6774,0.3026,-1.1662;4.7008,1.2480,0.3513;6.8766,0.7421,-0.4922;9.2547,1.2643,-0.9148;5.8894,4.3259,-2.6489;</g>
	</geometry>
	<conformers/>
	<properties/>
</molecule>
