<?xml version="1.0" ?>
<!--MOLLI PACKAGE EXPERIMENTAL XML FORMAT-->
<molecule name="el2436">
	<atoms>
		<a id="1" s="C" t="C.3" l="C"/>
		<a id="2" s="C" t="C.3" l="C"/>
		<a id="3" s="C" t="C.3" l="C"/>
		<a id="4" s="C" t="C.3" l="C"/>
		<a id="5" s="C" t="C.3" l="C"/>
		<a id="6" s="N" t="N.ar" l="N"/>
		<a id="7" s="C" t="C.ar" l="C"/>
		<a id="8" s="N" t="N.ar" l="N"/>
		<a id="9" s="C" t="C.ar" l="C"/>
		<a id="10" s="C" t="C.ar" l="C"/>
		<a id="11" s="N" t="N.pl3" l="N"/>
		<a id="12" s="C" t="C.ar" l="C"/>
		<a id="13" s="C" t="C.ar" l="C"/>
		<a id="14" s="C" t="C.ar" l="C"/>
		<a id="15" s="C" t="C.ar" l="C"/>
		<a id="16" s="F" t="F" l="F"/>
		<a id="17" s="C" t="C.ar" l="C"/>
		<a id="18" s="F" t="F" l="F"/>
		<a id="19" s="C" t="C.ar" l="C"/>
		<a id="20" s="N" t="N.ar" l="N"/>
		<a id="21" s="C" t="C.ar" l="C"/>
		<a id="22" s="Cl" t="Cl" l="CL"/>
		<a id="23" s="N" t="N.ar" l="N"/>
		<a id="24" s="C" t="C.ar" l="C"/>
		<a id="25" s="H" t="H" l="H"/>
		<a id="26" s="H" t="H" l="H"/>
		<a id="27" s="H" t="H" l="H"/>
		<a id="28" s="H" t="H" l="H"/>
		<a id="29" s="H" t="H" l="H"/>
		<a id="30" s="H" t="H" l="H"/>
		<a id="31" s="H" t="H" l="H"/>
		<a id="32" s="H" t="H" l="H"/>
		<a id="33" s="H" t="H" l="H"/>
		<a id="34" s="H" t="H" l="H"/>
		<a id="35" s="H" t="H" l="H"/>
		<a id="36" s="H" t="H" l="H"/>
		<a id="37" s="H" t="H" l="H"/>
		<a id="38" s="H" t="H" l="H"/>
		<a id="39" s="H" t="H" l="H"/>
		<a id="40" s="H" t="H" l="H"/>
	</atoms>
	<bonds>
		<b id="1" c="1 2" t="1"/>
		<b id="2" c="2 3" t="1"/>
		<b id="3" c="3 4" t="1"/>
		<b id="4" c="4 5" t="1"/>
		<b id="5" c="5 6" t="1"/>
		<b id="6" c="6 7" t="ar"/>
		<b id="7" c="7 8" t="ar"/>
		<b id="8" c="8 9" t="ar"/>
		<b id="9" c="9 10" t="ar"/>
		<b id="10" c="10 11" t="1"/>
		<b id="11" c="11 12" t="1"/>
		<b id="12" c="12 13" t="ar"/>
		<b id="13" c="13 14" t="ar"/>
		<b id="14" c="14 15" t="ar"/>
		<b id="15" c="15 16" t="1"/>
		<b id="16" c="15 17" t="ar"/>
		<b id="17" c="17 18" t="1"/>
		<b id="18" c="17 19" t="ar"/>
		<b id="19" c="12 19" t="ar"/>
		<b id="20" c="10 20" t="ar"/>
		<b id="21" c="20 21" t="ar"/>
		<b id="22" c="21 22" t="1"/>
		<b id="23" c="21 23" t="ar"/>
		<b id="24" c="23 24" t="ar"/>
		<b id="25" c="9 24" t="ar"/>
		<b id="26" c="6 24" t="ar"/>
		<b id="27" c="1 25" t="1"/>
		<b id="28" c="1 26" t="1"/>
		<b id="29" c="1 27" t="1"/>
		<b id="30" c="2 28" t="1"/>
		<b id="31" c="2 29" t="1"/>
		<b id="32" c="3 30" t="1"/>
		<b id="33" c="3 31" t="1"/>
		<b id="34" c="4 32" t="1"/>
		<b id="35" c="4 33" t="1"/>
		<b id="36" c="5 34" t="1"/>
		<b id="37" c="5 35" t="1"/>
		<b id="38" c="7 36" t="1"/>
		<b id="39" c="11 37" t="1"/>
		<b id="40" c="13 38" t="1"/>
		<b id="41" c="14 39" t="1"/>
		<b id="42" c="19 40" t="1"/>
	</bonds>
	<geometry>
		<g u="A" t="cart/3d">#40,3:1.1265,-0.6842,0.9681;2.6434,-0.6240,0.8385;3.2057,-1.8976,0.2117;4.7223,-1.8350,0.0541;5.2704,-3.1325,-0.5436;6.6967,-3.0694,-0.7265;7.6783,-3.3068,0.1921;8.8851,-3.1314,-0.2588;8.7164,-2.7440,-1.5622;9.6016,-2.4208,-2.6065;10.9370,-2.4653,-2.3900;11.9968,-2.2289,-3.2498;13.2917,-2.3654,-2.7440;14.3894,-2.1476,-3.5518;14.2081,-1.7913,-4.8767;15.2800,-1.5813,-5.6618;12.9215,-1.6544,-5.3839;12.7396,-1.3103,-6.6681;11.8164,-1.8685,-4.5835;9.0781,-2.0835,-3.7847;7.7628,-2.0724,-3.9276;7.2133,-1.6225,-5.4772;6.8302,-2.3606,-3.0475;7.3428,-2.6963,-1.8619;0.7458,0.2246,1.4274;0.8288,-1.5305,1.5834;0.6647,-0.7938,-0.0104;3.0870,-0.4809,1.8263;2.9216,0.2337,0.2230;2.7488,-2.0486,-0.7684;2.9404,-2.7535,0.8370;5.1880,-1.6583,1.0270;4.9893,-1.0048,-0.6028;4.8271,-3.3023,-1.5277;5.0382,-3.9788,0.1093;7.4559,-3.6214,1.1930;11.1797,-2.7329,-1.4439;13.4371,-2.6449,-1.7116;15.3924,-2.2505,-3.1701;10.8251,-1.7581,-4.9897;</g>
	</geometry>
	<conformers/>
	<properties/>
</molecule>
