<?xml version="1.0" ?>
<!--MOLLI PACKAGE EXPERIMENTAL XML FORMAT-->
<molecule name="el2763">
	<atoms>
		<a id="1" s="C" t="C.3" l="C"/>
		<a id="2" s="C" t="C.3" l="C"/>
		<a id="3" s="N" t="N.am" l="N"/>
		<a id="4" s="C" t="C.2" l="C"/>
		<a id="5" s="O" t="O.2" l="O"/>
		<a id="6" s="C" t="C.ar" l="C"/>
		<a id="7" s="C" t="C.ar" l="C"/>
		<a id="8" s="C" t="C.ar" l="C"/>
		<a id="9" s="C" t="C.ar" l="C"/>
		<a id="10" s="Cl" t="Cl" l="CL"/>
		<a id="11" s="N" t="N.ar" l="N"/>
		<a id="12" s="C" t="C.ar" l="C"/>
		<a id="13" s="H" t="H" l="H"/>
		<a id="14" s="H" t="H" l="H"/>
		<a id="15" s="H" t="H" l="H"/>
		<a id="16" s="H" t="H" l="H"/>
		<a id="17" s="H" t="H" l="H"/>
		<a id="18" s="H" t="H" l="H"/>
		<a id="19" s="H" t="H" l="H"/>
		<a id="20" s="H" t="H" l="H"/>
		<a id="21" s="H" t="H" l="H"/>
	</atoms>
	<bonds>
		<b id="1" c="1 2" t="1"/>
		<b id="2" c="2 3" t="1"/>
		<b id="3" c="3 4" t="am"/>
		<b id="4" c="4 5" t="2"/>
		<b id="5" c="4 6" t="1"/>
		<b id="6" c="6 7" t="ar"/>
		<b id="7" c="7 8" t="ar"/>
		<b id="8" c="8 9" t="ar"/>
		<b id="9" c="9 10" t="1"/>
		<b id="10" c="9 11" t="ar"/>
		<b id="11" c="11 12" t="ar"/>
		<b id="12" c="6 12" t="ar"/>
		<b id="13" c="1 13" t="1"/>
		<b id="14" c="1 14" t="1"/>
		<b id="15" c="1 15" t="1"/>
		<b id="16" c="2 16" t="1"/>
		<b id="17" c="2 17" t="1"/>
		<b id="18" c="3 18" t="1"/>
		<b id="19" c="7 19" t="1"/>
		<b id="20" c="8 20" t="1"/>
		<b id="21" c="12 21" t="1"/>
	</bonds>
	<geometry>
		<g u="A" t="cart/3d">#21,3:2.1856,0.7133,1.3360;2.7249,0.0710,0.0624;3.2579,-1.2507,0.3097;4.5885,-1.4998,0.3332;5.4300,-0.6662,0.0691;4.9508,-2.9033,0.7006;4.2031,-4.0181,0.3247;4.6368,-5.2792,0.6903;5.8131,-5.3649,1.4278;6.4019,-6.9002,1.9225;6.5379,-4.3239,1.7811;6.1238,-3.1254,1.4190;1.7952,1.7024,1.1147;2.9799,0.8095,2.0720;1.3847,0.1119,1.7623;3.5478,0.6640,-0.3418;1.9326,-0.0026,-0.6895;2.6180,-1.9439,0.6640;3.3074,-3.9102,-0.2708;4.0959,-6.1690,0.4129;6.7494,-2.2942,1.7125;</g>
	</geometry>
	<conformers/>
	<properties/>
</molecule>
