<?xml version="1.0" ?>
<!--MOLLI PACKAGE EXPERIMENTAL XML FORMAT-->
<molecule name="el2768">
	<atoms>
		<a id="1" s="C" t="C.3" l="C"/>
		<a id="2" s="C" t="C.ar" l="C"/>
		<a id="3" s="C" t="C.ar" l="C"/>
		<a id="4" s="C" t="C.ar" l="C"/>
		<a id="5" s="C" t="C.1" l="C"/>
		<a id="6" s="N" t="N.1" l="N"/>
		<a id="7" s="C" t="C.ar" l="C"/>
		<a id="8" s="C" t="C.ar" l="C"/>
		<a id="9" s="C" t="C.3" l="C"/>
		<a id="10" s="C" t="C.ar" l="C"/>
		<a id="11" s="O" t="O.3" l="O"/>
		<a id="12" s="C" t="C.ar" l="C"/>
		<a id="13" s="N" t="N.ar" l="N"/>
		<a id="14" s="C" t="C.ar" l="C"/>
		<a id="15" s="Cl" t="Cl" l="CL"/>
		<a id="16" s="N" t="N.ar" l="N"/>
		<a id="17" s="C" t="C.ar" l="C"/>
		<a id="18" s="S" t="S.2" l="S"/>
		<a id="19" s="C" t="C.ar" l="C"/>
		<a id="20" s="N" t="N.ar" l="N"/>
		<a id="21" s="C" t="C.ar" l="C"/>
		<a id="22" s="H" t="H" l="H"/>
		<a id="23" s="H" t="H" l="H"/>
		<a id="24" s="H" t="H" l="H"/>
		<a id="25" s="H" t="H" l="H"/>
		<a id="26" s="H" t="H" l="H"/>
		<a id="27" s="H" t="H" l="H"/>
		<a id="28" s="H" t="H" l="H"/>
		<a id="29" s="H" t="H" l="H"/>
		<a id="30" s="H" t="H" l="H"/>
	</atoms>
	<bonds>
		<b id="1" c="1 2" t="1"/>
		<b id="2" c="2 3" t="ar"/>
		<b id="3" c="3 4" t="ar"/>
		<b id="4" c="4 5" t="1"/>
		<b id="5" c="5 6" t="3"/>
		<b id="6" c="4 7" t="ar"/>
		<b id="7" c="7 8" t="ar"/>
		<b id="8" c="8 9" t="1"/>
		<b id="9" c="8 10" t="ar"/>
		<b id="10" c="2 10" t="ar"/>
		<b id="11" c="10 11" t="1"/>
		<b id="12" c="11 12" t="1"/>
		<b id="13" c="12 13" t="ar"/>
		<b id="14" c="13 14" t="ar"/>
		<b id="15" c="14 15" t="1"/>
		<b id="16" c="14 16" t="ar"/>
		<b id="17" c="16 17" t="ar"/>
		<b id="18" c="17 18" t="ar"/>
		<b id="19" c="18 19" t="ar"/>
		<b id="20" c="19 20" t="ar"/>
		<b id="21" c="20 21" t="ar"/>
		<b id="22" c="12 21" t="ar"/>
		<b id="23" c="17 21" t="ar"/>
		<b id="24" c="1 22" t="1"/>
		<b id="25" c="1 23" t="1"/>
		<b id="26" c="1 24" t="1"/>
		<b id="27" c="3 25" t="1"/>
		<b id="28" c="7 26" t="1"/>
		<b id="29" c="9 27" t="1"/>
		<b id="30" c="9 28" t="1"/>
		<b id="31" c="9 29" t="1"/>
		<b id="32" c="19 30" t="1"/>
	</bonds>
	<geometry>
		<g u="A" t="cart/3d">#30,3:1.5386,2.8406,0.3200;0.9864,1.4636,0.1293;-0.3710,1.2671,-0.0743;-0.8832,-0.0157,-0.2470;-2.2718,-0.1974,-0.4469;-3.3972,-0.3473,-0.6043;-0.0376,-1.1231,-0.2147;1.3220,-0.9549,-0.0176;2.2634,-2.1173,0.0069;1.8137,0.3414,0.1474;3.1810,0.4719,0.4074;3.9431,1.0274,-0.5133;3.4254,1.4030,-1.6733;4.2207,1.9537,-2.5772;3.4734,2.4202,-4.0291;5.5086,2.1828,-2.4763;6.0461,1.8057,-1.3247;7.7072,1.9612,-0.8755;7.2829,1.2237,0.6600;6.0607,0.9005,0.8254;5.3215,1.2103,-0.2704;0.7609,3.5197,0.6590;1.9315,3.2128,-0.6268;2.3492,2.8376,1.0469;-1.0383,2.1158,-0.0969;-0.4470,-2.1134,-0.3474;1.7173,-3.0563,0.0095;2.9011,-2.0691,0.8878;2.9092,-2.0923,-0.8711;8.0392,1.0660,1.4032;</g>
	</geometry>
	<conformers/>
	<properties/>
</molecule>
