<?xml version="1.0" ?>
<!--MOLLI PACKAGE EXPERIMENTAL XML FORMAT-->
<molecule name="el2437">
	<atoms>
		<a id="1" s="H" t="H" l="H"/>
		<a id="2" s="C" t="C.3" l="C"/>
		<a id="3" s="H" t="H" l="H"/>
		<a id="4" s="H" t="H" l="H"/>
		<a id="5" s="N" t="N.am" l="N"/>
		<a id="6" s="C" t="C.2" l="C"/>
		<a id="7" s="O" t="O.2" l="O"/>
		<a id="8" s="C" t="C.ar" l="C"/>
		<a id="9" s="N" t="N.ar" l="N"/>
		<a id="10" s="N" t="N.ar" l="N"/>
		<a id="11" s="C" t="C.ar" l="C"/>
		<a id="12" s="Cl" t="Cl" l="CL"/>
		<a id="13" s="C" t="C.ar" l="C"/>
		<a id="14" s="C" t="C.ar" l="C"/>
		<a id="15" s="N" t="N.pl3" l="N"/>
		<a id="16" s="C" t="C.ar" l="C"/>
		<a id="17" s="C" t="C.ar" l="C"/>
		<a id="18" s="C" t="C.ar" l="C"/>
		<a id="19" s="F" t="F" l="F"/>
		<a id="20" s="C" t="C.ar" l="C"/>
		<a id="21" s="C" t="C.ar" l="C"/>
		<a id="22" s="C" t="C.2" l="C"/>
		<a id="23" s="O" t="O.2" l="O"/>
		<a id="24" s="O" t="O.3" l="O"/>
		<a id="25" s="C" t="C.ar" l="C"/>
		<a id="26" s="O" t="O.3" l="O"/>
		<a id="27" s="C" t="C.3" l="C"/>
		<a id="28" s="H" t="H" l="H"/>
		<a id="29" s="H" t="H" l="H"/>
		<a id="30" s="H" t="H" l="H"/>
		<a id="31" s="H" t="H" l="H"/>
		<a id="32" s="H" t="H" l="H"/>
		<a id="33" s="H" t="H" l="H"/>
		<a id="34" s="H" t="H" l="H"/>
		<a id="35" s="H" t="H" l="H"/>
		<a id="36" s="H" t="H" l="H"/>
	</atoms>
	<bonds>
		<b id="1" c="1 2" t="1"/>
		<b id="2" c="2 3" t="1"/>
		<b id="3" c="2 4" t="1"/>
		<b id="4" c="2 5" t="1"/>
		<b id="5" c="5 6" t="am"/>
		<b id="6" c="6 7" t="2"/>
		<b id="7" c="6 8" t="1"/>
		<b id="8" c="8 9" t="ar"/>
		<b id="9" c="9 10" t="ar"/>
		<b id="10" c="10 11" t="ar"/>
		<b id="11" c="11 12" t="1"/>
		<b id="12" c="11 13" t="ar"/>
		<b id="13" c="13 14" t="ar"/>
		<b id="14" c="8 14" t="ar"/>
		<b id="15" c="14 15" t="1"/>
		<b id="16" c="15 16" t="1"/>
		<b id="17" c="16 17" t="ar"/>
		<b id="18" c="17 18" t="ar"/>
		<b id="19" c="18 19" t="1"/>
		<b id="20" c="18 20" t="ar"/>
		<b id="21" c="20 21" t="ar"/>
		<b id="22" c="21 22" t="1"/>
		<b id="23" c="22 23" t="2"/>
		<b id="24" c="22 24" t="1"/>
		<b id="25" c="21 25" t="ar"/>
		<b id="26" c="16 25" t="ar"/>
		<b id="27" c="25 26" t="1"/>
		<b id="28" c="26 27" t="1"/>
		<b id="29" c="5 28" t="1"/>
		<b id="30" c="13 29" t="1"/>
		<b id="31" c="15 30" t="1"/>
		<b id="32" c="17 31" t="1"/>
		<b id="33" c="20 32" t="1"/>
		<b id="34" c="24 33" t="1"/>
		<b id="35" c="27 34" t="1"/>
		<b id="36" c="27 35" t="1"/>
		<b id="37" c="27 36" t="1"/>
	</bonds>
	<geometry>
		<g u="A" t="cart/3d">#36,3:4.4992,0.2023,1.4233;4.7716,0.8058,0.5555;3.9819,1.5291,0.3575;5.7033,1.3325,0.7663;4.9174,-0.0211,-0.6130;4.1297,0.0705,-1.6865;3.2031,0.8749,-1.7916;4.4660,-0.9066,-2.7610;5.4123,-1.7797,-2.4760;5.7754,-2.7047,-3.3032;5.1405,-2.8092,-4.4631;5.6330,-4.1023,-5.4722;4.1308,-1.9553,-4.8777;3.7789,-0.9111,-4.0124;2.8328,0.0175,-4.2551;2.1598,0.2765,-5.4467;2.8347,0.2401,-6.6639;2.1781,0.5792,-7.8301;2.8580,0.5484,-8.9921;0.8544,0.9707,-7.8307;0.1696,1.0007,-6.6215;-1.2990,1.3165,-6.6136;-2.1197,0.6476,-6.0604;-1.6474,2.3989,-7.3312;0.8015,0.6611,-5.4165;0.0630,0.8238,-4.2972;0.1593,-0.0929,-3.2161;5.6250,-0.7444,-0.6381;3.6300,-2.1114,-5.8184;2.6397,0.6163,-3.4430;3.8839,-0.0059,-6.6998;0.3639,1.2068,-8.7629;-0.8841,2.8614,-7.7021;-0.8570,-0.1991,-2.8354;0.7989,0.3001,-2.4214;0.5194,-1.0693,-3.5430;</g>
	</geometry>
	<conformers/>
	<properties/>
</molecule>
