<?xml version="1.0" ?>
<!--MOLLI PACKAGE EXPERIMENTAL XML FORMAT-->
<molecule name="el2773">
	<atoms>
		<a id="1" s="C" t="C.3" l="C"/>
		<a id="2" s="C" t="C.ar" l="C"/>
		<a id="3" s="C" t="C.ar" l="C"/>
		<a id="4" s="C" t="C.ar" l="C"/>
		<a id="5" s="C" t="C.ar" l="C"/>
		<a id="6" s="C" t="C.ar" l="C"/>
		<a id="7" s="C" t="C.ar" l="C"/>
		<a id="8" s="N" t="N.ar" l="N"/>
		<a id="9" s="C" t="C.ar" l="C"/>
		<a id="10" s="Cl" t="Cl" l="CL"/>
		<a id="11" s="N" t="N.ar" l="N"/>
		<a id="12" s="C" t="C.ar" l="C"/>
		<a id="13" s="C" t="C.ar" l="C"/>
		<a id="14" s="C" t="C.ar" l="C"/>
		<a id="15" s="C" t="C.3" l="C"/>
		<a id="16" s="N" t="N.am" l="N"/>
		<a id="17" s="C" t="C.2" l="C"/>
		<a id="18" s="O" t="O.2" l="O"/>
		<a id="19" s="C" t="C.ar" l="C"/>
		<a id="20" s="C" t="C.ar" l="C"/>
		<a id="21" s="N" t="N.ar" l="N"/>
		<a id="22" s="C" t="C.ar" l="C"/>
		<a id="23" s="C" t="C.3" l="C"/>
		<a id="24" s="C" t="C.3" l="C"/>
		<a id="25" s="C" t="C.3" l="C"/>
		<a id="26" s="C" t="C.3" l="C"/>
		<a id="27" s="S" t="S.2" l="S"/>
		<a id="28" s="H" t="H" l="H"/>
		<a id="29" s="H" t="H" l="H"/>
		<a id="30" s="H" t="H" l="H"/>
		<a id="31" s="H" t="H" l="H"/>
		<a id="32" s="H" t="H" l="H"/>
		<a id="33" s="H" t="H" l="H"/>
		<a id="34" s="H" t="H" l="H"/>
		<a id="35" s="H" t="H" l="H"/>
		<a id="36" s="H" t="H" l="H"/>
		<a id="37" s="H" t="H" l="H"/>
		<a id="38" s="H" t="H" l="H"/>
		<a id="39" s="H" t="H" l="H"/>
		<a id="40" s="H" t="H" l="H"/>
		<a id="41" s="H" t="H" l="H"/>
		<a id="42" s="H" t="H" l="H"/>
		<a id="43" s="H" t="H" l="H"/>
		<a id="44" s="H" t="H" l="H"/>
		<a id="45" s="H" t="H" l="H"/>
		<a id="46" s="H" t="H" l="H"/>
		<a id="47" s="H" t="H" l="H"/>
		<a id="48" s="H" t="H" l="H"/>
	</atoms>
	<bonds>
		<b id="1" c="1 2" t="1"/>
		<b id="2" c="2 3" t="ar"/>
		<b id="3" c="3 4" t="ar"/>
		<b id="4" c="4 5" t="1"/>
		<b id="5" c="5 6" t="ar"/>
		<b id="6" c="6 7" t="ar"/>
		<b id="7" c="7 8" t="ar"/>
		<b id="8" c="8 9" t="ar"/>
		<b id="9" c="9 10" t="1"/>
		<b id="10" c="9 11" t="ar"/>
		<b id="11" c="5 11" t="ar"/>
		<b id="12" c="4 12" t="ar"/>
		<b id="13" c="12 13" t="ar"/>
		<b id="14" c="13 14" t="ar"/>
		<b id="15" c="2 14" t="ar"/>
		<b id="16" c="14 15" t="1"/>
		<b id="17" c="15 16" t="1"/>
		<b id="18" c="16 17" t="am"/>
		<b id="19" c="17 18" t="2"/>
		<b id="20" c="17 19" t="1"/>
		<b id="21" c="19 20" t="ar"/>
		<b id="22" c="20 21" t="ar"/>
		<b id="23" c="21 22" t="ar"/>
		<b id="24" c="22 23" t="1"/>
		<b id="25" c="23 24" t="1"/>
		<b id="26" c="23 25" t="1"/>
		<b id="27" c="23 26" t="1"/>
		<b id="28" c="22 27" t="ar"/>
		<b id="29" c="19 27" t="ar"/>
		<b id="30" c="1 28" t="1"/>
		<b id="31" c="1 29" t="1"/>
		<b id="32" c="1 30" t="1"/>
		<b id="33" c="3 31" t="1"/>
		<b id="34" c="6 32" t="1"/>
		<b id="35" c="7 33" t="1"/>
		<b id="36" c="12 34" t="1"/>
		<b id="37" c="13 35" t="1"/>
		<b id="38" c="15 36" t="1"/>
		<b id="39" c="15 37" t="1"/>
		<b id="40" c="16 38" t="1"/>
		<b id="41" c="20 39" t="1"/>
		<b id="42" c="24 40" t="1"/>
		<b id="43" c="24 41" t="1"/>
		<b id="44" c="24 42" t="1"/>
		<b id="45" c="25 43" t="1"/>
		<b id="46" c="25 44" t="1"/>
		<b id="47" c="25 45" t="1"/>
		<b id="48" c="26 46" t="1"/>
		<b id="49" c="26 47" t="1"/>
		<b id="50" c="26 48" t="1"/>
	</bonds>
	<geometry>
		<g u="A" t="cart/3d">#48,3:1.0681,-0.8989,1.9177;0.3472,-0.4339,0.6910;-0.3244,0.7782,0.7190;-1.0056,1.2717,-0.3921;-1.6890,2.5614,-0.2899;-2.6815,2.9900,-1.1797;-3.2284,4.2406,-0.9561;-2.8511,5.0146,0.0513;-1.9209,4.5108,0.8390;-1.4325,5.4858,2.1531;-1.3259,3.3465,0.7282;-1.0025,0.5219,-1.5667;-0.3301,-0.6825,-1.6062;0.3429,-1.1775,-0.4948;1.0711,-2.4900,-0.6045;2.4942,-2.3297,-0.4045;3.1793,-3.0323,0.5269;2.6638,-3.8778,1.2346;4.6081,-2.7035,0.6293;5.5268,-3.3435,1.4163;6.7826,-2.8658,1.3538;6.9004,-1.8703,0.5496;8.1614,-1.0996,0.3253;9.3536,-2.0502,0.4656;8.1604,-0.4512,-1.0595;8.2324,-0.0124,1.4089;5.3953,-1.4181,-0.2326;0.6560,-0.4198,2.8019;2.1241,-0.6341,1.8549;1.0071,-1.9773,2.0404;-0.3322,1.3700,1.6212;-3.0216,2.3749,-1.9948;-3.9978,4.6527,-1.5955;-1.4976,0.8818,-2.4549;-0.3270,-1.2561,-2.5222;0.8865,-2.9343,-1.5896;0.7352,-3.1970,0.1613;2.9659,-1.6306,-0.9570;5.3011,-4.1780,2.0541;9.3252,-2.8114,-0.3103;9.3245,-2.5452,1.4315;10.2836,-1.4946,0.3764;8.0608,-1.2062,-1.8365;9.0925,0.0854,-1.2175;7.3373,0.2547,-1.1555;8.2323,-0.4661,2.3968;7.3800,0.6601,1.3336;9.1438,0.5681,1.2899;</g>
	</geometry>
	<conformers/>
	<properties/>
</molecule>
