<?xml version="1.0" ?>
<!--MOLLI PACKAGE EXPERIMENTAL XML FORMAT-->
<molecule name="el2775">
	<atoms>
		<a id="1" s="H" t="H" l="H"/>
		<a id="2" s="C" t="C.3" l="C"/>
		<a id="3" s="H" t="H" l="H"/>
		<a id="4" s="H" t="H" l="H"/>
		<a id="5" s="N" t="N.am" l="N"/>
		<a id="6" s="C" t="C.2" l="C"/>
		<a id="7" s="O" t="O.2" l="O"/>
		<a id="8" s="C" t="C.ar" l="C"/>
		<a id="9" s="N" t="N.ar" l="N"/>
		<a id="10" s="N" t="N.ar" l="N"/>
		<a id="11" s="C" t="C.ar" l="C"/>
		<a id="12" s="Cl" t="Cl" l="CL"/>
		<a id="13" s="C" t="C.ar" l="C"/>
		<a id="14" s="C" t="C.ar" l="C"/>
		<a id="15" s="N" t="N.pl3" l="N"/>
		<a id="16" s="C" t="C.ar" l="C"/>
		<a id="17" s="C" t="C.ar" l="C"/>
		<a id="18" s="C" t="C.ar" l="C"/>
		<a id="19" s="F" t="F" l="F"/>
		<a id="20" s="C" t="C.ar" l="C"/>
		<a id="21" s="C" t="C.ar" l="C"/>
		<a id="22" s="C" t="C.ar" l="C"/>
		<a id="23" s="N" t="N.ar" l="N"/>
		<a id="24" s="C" t="C.ar" l="C"/>
		<a id="25" s="C" t="C.ar" l="C"/>
		<a id="26" s="C" t="C.2" l="C"/>
		<a id="27" s="O" t="O.2" l="O"/>
		<a id="28" s="O" t="O.3" l="O"/>
		<a id="29" s="C" t="C.3" l="C"/>
		<a id="30" s="C" t="C.3" l="C"/>
		<a id="31" s="C" t="C.ar" l="C"/>
		<a id="32" s="N" t="N.ar" l="N"/>
		<a id="33" s="C" t="C.ar" l="C"/>
		<a id="34" s="O" t="O.3" l="O"/>
		<a id="35" s="C" t="C.3" l="C"/>
		<a id="36" s="H" t="H" l="H"/>
		<a id="37" s="H" t="H" l="H"/>
		<a id="38" s="H" t="H" l="H"/>
		<a id="39" s="H" t="H" l="H"/>
		<a id="40" s="H" t="H" l="H"/>
		<a id="41" s="H" t="H" l="H"/>
		<a id="42" s="H" t="H" l="H"/>
		<a id="43" s="H" t="H" l="H"/>
		<a id="44" s="H" t="H" l="H"/>
		<a id="45" s="H" t="H" l="H"/>
		<a id="46" s="H" t="H" l="H"/>
		<a id="47" s="H" t="H" l="H"/>
		<a id="48" s="H" t="H" l="H"/>
		<a id="49" s="H" t="H" l="H"/>
		<a id="50" s="H" t="H" l="H"/>
	</atoms>
	<bonds>
		<b id="1" c="1 2" t="1"/>
		<b id="2" c="2 3" t="1"/>
		<b id="3" c="2 4" t="1"/>
		<b id="4" c="2 5" t="1"/>
		<b id="5" c="5 6" t="am"/>
		<b id="6" c="6 7" t="2"/>
		<b id="7" c="6 8" t="1"/>
		<b id="8" c="8 9" t="ar"/>
		<b id="9" c="9 10" t="ar"/>
		<b id="10" c="10 11" t="ar"/>
		<b id="11" c="11 12" t="1"/>
		<b id="12" c="11 13" t="ar"/>
		<b id="13" c="13 14" t="ar"/>
		<b id="14" c="8 14" t="ar"/>
		<b id="15" c="14 15" t="1"/>
		<b id="16" c="15 16" t="1"/>
		<b id="17" c="16 17" t="ar"/>
		<b id="18" c="17 18" t="ar"/>
		<b id="19" c="18 19" t="1"/>
		<b id="20" c="18 20" t="ar"/>
		<b id="21" c="20 21" t="ar"/>
		<b id="22" c="21 22" t="1"/>
		<b id="23" c="22 23" t="ar"/>
		<b id="24" c="23 24" t="ar"/>
		<b id="25" c="24 25" t="ar"/>
		<b id="26" c="25 26" t="1"/>
		<b id="27" c="26 27" t="2"/>
		<b id="28" c="26 28" t="1"/>
		<b id="29" c="28 29" t="1"/>
		<b id="30" c="29 30" t="1"/>
		<b id="31" c="25 31" t="ar"/>
		<b id="32" c="31 32" t="ar"/>
		<b id="33" c="22 32" t="ar"/>
		<b id="34" c="21 33" t="ar"/>
		<b id="35" c="16 33" t="ar"/>
		<b id="36" c="33 34" t="1"/>
		<b id="37" c="34 35" t="1"/>
		<b id="38" c="5 36" t="1"/>
		<b id="39" c="13 37" t="1"/>
		<b id="40" c="15 38" t="1"/>
		<b id="41" c="17 39" t="1"/>
		<b id="42" c="20 40" t="1"/>
		<b id="43" c="24 41" t="1"/>
		<b id="44" c="29 42" t="1"/>
		<b id="45" c="29 43" t="1"/>
		<b id="46" c="30 44" t="1"/>
		<b id="47" c="30 45" t="1"/>
		<b id="48" c="30 46" t="1"/>
		<b id="49" c="31 47" t="1"/>
		<b id="50" c="35 48" t="1"/>
		<b id="51" c="35 49" t="1"/>
		<b id="52" c="35 50" t="1"/>
	</bonds>
	<geometry>
		<g u="A" t="cart/3d">#50,3:7.4691,0.1744,-3.5218;6.8403,0.3475,-2.6473;6.9469,-0.4935,-1.9600;7.1561,1.2632,-2.1494;5.4659,0.5098,-3.0408;4.7423,1.5991,-2.7700;5.1777,2.5783,-2.1634;3.3390,1.5231,-3.2641;2.9669,0.3703,-3.7854;1.7672,0.1590,-4.2189;0.8670,1.1275,-4.1032;-0.7139,0.7467,-4.6440;1.1342,2.3810,-3.5801;2.4464,2.6321,-3.1538;2.8771,3.7889,-2.6212;2.1961,5.0135,-2.5792;1.5466,5.4624,-3.7235;0.9345,6.7008,-3.7264;0.3100,7.1126,-4.8473;0.9768,7.5226,-2.6245;1.6332,7.0947,-1.4711;1.6376,8.0073,-0.3261;0.7784,9.0323,-0.3887;0.7453,9.8646,0.6255;1.5642,9.7092,1.7483;1.4744,10.6650,2.8758;0.7412,11.6227,2.8846;2.3046,10.3413,3.8723;2.2844,11.1826,5.0270;1.1420,10.8146,5.9627;2.4356,8.6204,1.7066;2.4717,7.7896,0.6871;2.2386,5.8186,-1.4198;2.8251,5.4769,-0.2585;2.9668,4.1298,0.1536;4.9845,-0.2388,-3.5224;0.3574,3.1225,-3.4924;3.8481,3.7487,-2.2940;1.5510,4.8639,-4.6209;0.5108,8.4934,-2.6347;0.0469,10.6897,0.5633;2.1887,12.2246,4.7045;3.2534,11.0267,5.5054;0.1879,10.9992,5.4751;1.1998,11.4201,6.8624;1.2028,9.7637,6.2360;3.1241,8.4173,2.5161;2.9916,4.1724,1.2433;3.9028,3.6887,-0.1980;2.1211,3.5132,-0.1587;</g>
	</geometry>
	<conformers/>
	<properties/>
</molecule>
