<?xml version="1.0" ?>
<!--MOLLI PACKAGE EXPERIMENTAL XML FORMAT-->
<molecule name="el2776">
	<atoms>
		<a id="1" s="H" t="H" l="H"/>
		<a id="2" s="C" t="C.3" l="C"/>
		<a id="3" s="H" t="H" l="H"/>
		<a id="4" s="H" t="H" l="H"/>
		<a id="5" s="N" t="N.am" l="N"/>
		<a id="6" s="C" t="C.2" l="C"/>
		<a id="7" s="O" t="O.2" l="O"/>
		<a id="8" s="C" t="C.ar" l="C"/>
		<a id="9" s="C" t="C.ar" l="C"/>
		<a id="10" s="N" t="N.ar" l="N"/>
		<a id="11" s="C" t="C.ar" l="C"/>
		<a id="12" s="Cl" t="Cl" l="CL"/>
		<a id="13" s="C" t="C.ar" l="C"/>
		<a id="14" s="C" t="C.ar" l="C"/>
		<a id="15" s="N" t="N.pl3" l="N"/>
		<a id="16" s="C" t="C.ar" l="C"/>
		<a id="17" s="C" t="C.ar" l="C"/>
		<a id="18" s="C" t="C.ar" l="C"/>
		<a id="19" s="C" t="C.ar" l="C"/>
		<a id="20" s="C" t="C.ar" l="C"/>
		<a id="21" s="C" t="C.ar" l="C"/>
		<a id="22" s="N" t="N.ar" l="N"/>
		<a id="23" s="C" t="C.ar" l="C"/>
		<a id="24" s="C" t="C.ar" l="C"/>
		<a id="25" s="C" t="C.ar" l="C"/>
		<a id="26" s="N" t="N.ar" l="N"/>
		<a id="27" s="C" t="C.ar" l="C"/>
		<a id="28" s="O" t="O.3" l="O"/>
		<a id="29" s="C" t="C.3" l="C"/>
		<a id="30" s="H" t="H" l="H"/>
		<a id="31" s="H" t="H" l="H"/>
		<a id="32" s="H" t="H" l="H"/>
		<a id="33" s="H" t="H" l="H"/>
		<a id="34" s="H" t="H" l="H"/>
		<a id="35" s="H" t="H" l="H"/>
		<a id="36" s="H" t="H" l="H"/>
		<a id="37" s="H" t="H" l="H"/>
		<a id="38" s="H" t="H" l="H"/>
		<a id="39" s="H" t="H" l="H"/>
		<a id="40" s="H" t="H" l="H"/>
		<a id="41" s="H" t="H" l="H"/>
		<a id="42" s="H" t="H" l="H"/>
	</atoms>
	<bonds>
		<b id="1" c="1 2" t="1"/>
		<b id="2" c="2 3" t="1"/>
		<b id="3" c="2 4" t="1"/>
		<b id="4" c="2 5" t="1"/>
		<b id="5" c="5 6" t="am"/>
		<b id="6" c="6 7" t="2"/>
		<b id="7" c="6 8" t="1"/>
		<b id="8" c="8 9" t="ar"/>
		<b id="9" c="9 10" t="ar"/>
		<b id="10" c="10 11" t="ar"/>
		<b id="11" c="11 12" t="1"/>
		<b id="12" c="11 13" t="ar"/>
		<b id="13" c="13 14" t="ar"/>
		<b id="14" c="8 14" t="ar"/>
		<b id="15" c="14 15" t="1"/>
		<b id="16" c="15 16" t="1"/>
		<b id="17" c="16 17" t="ar"/>
		<b id="18" c="17 18" t="ar"/>
		<b id="19" c="18 19" t="ar"/>
		<b id="20" c="19 20" t="ar"/>
		<b id="21" c="20 21" t="1"/>
		<b id="22" c="21 22" t="ar"/>
		<b id="23" c="22 23" t="ar"/>
		<b id="24" c="23 24" t="ar"/>
		<b id="25" c="24 25" t="ar"/>
		<b id="26" c="25 26" t="ar"/>
		<b id="27" c="21 26" t="ar"/>
		<b id="28" c="20 27" t="ar"/>
		<b id="29" c="16 27" t="ar"/>
		<b id="30" c="27 28" t="1"/>
		<b id="31" c="28 29" t="1"/>
		<b id="32" c="5 30" t="1"/>
		<b id="33" c="9 31" t="1"/>
		<b id="34" c="13 32" t="1"/>
		<b id="35" c="15 33" t="1"/>
		<b id="36" c="17 34" t="1"/>
		<b id="37" c="18 35" t="1"/>
		<b id="38" c="19 36" t="1"/>
		<b id="39" c="23 37" t="1"/>
		<b id="40" c="24 38" t="1"/>
		<b id="41" c="25 39" t="1"/>
		<b id="42" c="29 40" t="1"/>
		<b id="43" c="29 41" t="1"/>
		<b id="44" c="29 42" t="1"/>
	</bonds>
	<geometry>
		<g u="A" t="cart/3d">#42,3:7.3896,2.3021,-0.0221;7.0463,2.6904,0.9384;7.3476,2.0095,1.7327;7.4962,3.6697,1.1108;5.6074,2.7798,0.9633;4.8551,2.1193,1.8653;5.3659,1.4243,2.7415;3.3888,2.2944,1.7434;2.7756,2.6138,0.5388;1.4766,2.7743,0.3740;0.7069,2.5926,1.4348;-0.9796,2.8065,1.1764;1.1623,2.2338,2.6829;2.5463,2.0765,2.8715;3.0771,1.6995,4.0494;2.4098,1.5772,5.2800;1.6241,2.6328,5.7312;1.0010,2.5842,6.9636;1.1901,1.4829,7.7720;1.9855,0.4183,7.3570;2.1420,-0.7181,8.2701;1.1777,-0.8815,9.1801;1.2915,-1.8969,10.0125;2.3628,-2.7791,9.9674;3.3182,-2.5113,8.9969;3.2138,-1.4961,8.1619;2.5930,0.4364,6.0846;3.3135,-0.6528,5.7396;3.4413,-1.0606,4.3899;5.1654,3.3818,0.2884;3.3483,2.7254,-0.3730;0.4731,2.0527,3.4905;4.0728,1.4821,4.0141;1.5298,3.5085,5.1061;0.3907,3.4100,7.2937;0.7277,1.4189,8.7437;0.4933,-2.0032,10.7377;2.4488,-3.6115,10.6460;4.2036,-3.1250,8.8819;3.5871,-2.1409,4.4328;4.3118,-0.6117,3.9047;2.5404,-0.8469,3.8098;</g>
	</geometry>
	<conformers/>
	<properties/>
</molecule>
