<?xml version="1.0" ?>
<!--MOLLI PACKAGE EXPERIMENTAL XML FORMAT-->
<molecule name="el2777">
	<atoms>
		<a id="1" s="H" t="H" l="H"/>
		<a id="2" s="C" t="C.3" l="C"/>
		<a id="3" s="H" t="H" l="H"/>
		<a id="4" s="H" t="H" l="H"/>
		<a id="5" s="N" t="N.am" l="N"/>
		<a id="6" s="C" t="C.2" l="C"/>
		<a id="7" s="O" t="O.2" l="O"/>
		<a id="8" s="C" t="C.ar" l="C"/>
		<a id="9" s="C" t="C.ar" l="C"/>
		<a id="10" s="N" t="N.ar" l="N"/>
		<a id="11" s="C" t="C.ar" l="C"/>
		<a id="12" s="Cl" t="Cl" l="CL"/>
		<a id="13" s="C" t="C.ar" l="C"/>
		<a id="14" s="C" t="C.ar" l="C"/>
		<a id="15" s="N" t="N.pl3" l="N"/>
		<a id="16" s="C" t="C.ar" l="C"/>
		<a id="17" s="C" t="C.ar" l="C"/>
		<a id="18" s="C" t="C.ar" l="C"/>
		<a id="19" s="C" t="C.ar" l="C"/>
		<a id="20" s="C" t="C.ar" l="C"/>
		<a id="21" s="C" t="C.ar" l="C"/>
		<a id="22" s="C" t="C.ar" l="C"/>
		<a id="23" s="N" t="N.ar" l="N"/>
		<a id="24" s="C" t="C.ar" l="C"/>
		<a id="25" s="C" t="C.3" l="C"/>
		<a id="26" s="C" t="C.ar" l="C"/>
		<a id="27" s="N" t="N.ar" l="N"/>
		<a id="28" s="C" t="C.ar" l="C"/>
		<a id="29" s="O" t="O.3" l="O"/>
		<a id="30" s="C" t="C.3" l="C"/>
		<a id="31" s="H" t="H" l="H"/>
		<a id="32" s="H" t="H" l="H"/>
		<a id="33" s="H" t="H" l="H"/>
		<a id="34" s="H" t="H" l="H"/>
		<a id="35" s="H" t="H" l="H"/>
		<a id="36" s="H" t="H" l="H"/>
		<a id="37" s="H" t="H" l="H"/>
		<a id="38" s="H" t="H" l="H"/>
		<a id="39" s="H" t="H" l="H"/>
		<a id="40" s="H" t="H" l="H"/>
		<a id="41" s="H" t="H" l="H"/>
		<a id="42" s="H" t="H" l="H"/>
		<a id="43" s="H" t="H" l="H"/>
		<a id="44" s="H" t="H" l="H"/>
		<a id="45" s="H" t="H" l="H"/>
	</atoms>
	<bonds>
		<b id="1" c="1 2" t="1"/>
		<b id="2" c="2 3" t="1"/>
		<b id="3" c="2 4" t="1"/>
		<b id="4" c="2 5" t="1"/>
		<b id="5" c="5 6" t="am"/>
		<b id="6" c="6 7" t="2"/>
		<b id="7" c="6 8" t="1"/>
		<b id="8" c="8 9" t="ar"/>
		<b id="9" c="9 10" t="ar"/>
		<b id="10" c="10 11" t="ar"/>
		<b id="11" c="11 12" t="1"/>
		<b id="12" c="11 13" t="ar"/>
		<b id="13" c="13 14" t="ar"/>
		<b id="14" c="8 14" t="ar"/>
		<b id="15" c="14 15" t="1"/>
		<b id="16" c="15 16" t="1"/>
		<b id="17" c="16 17" t="ar"/>
		<b id="18" c="17 18" t="ar"/>
		<b id="19" c="18 19" t="ar"/>
		<b id="20" c="19 20" t="ar"/>
		<b id="21" c="20 21" t="1"/>
		<b id="22" c="21 22" t="ar"/>
		<b id="23" c="22 23" t="ar"/>
		<b id="24" c="23 24" t="ar"/>
		<b id="25" c="24 25" t="1"/>
		<b id="26" c="24 26" t="ar"/>
		<b id="27" c="26 27" t="ar"/>
		<b id="28" c="21 27" t="ar"/>
		<b id="29" c="20 28" t="ar"/>
		<b id="30" c="16 28" t="ar"/>
		<b id="31" c="28 29" t="1"/>
		<b id="32" c="29 30" t="1"/>
		<b id="33" c="5 31" t="1"/>
		<b id="34" c="9 32" t="1"/>
		<b id="35" c="13 33" t="1"/>
		<b id="36" c="15 34" t="1"/>
		<b id="37" c="17 35" t="1"/>
		<b id="38" c="18 36" t="1"/>
		<b id="39" c="19 37" t="1"/>
		<b id="40" c="22 38" t="1"/>
		<b id="41" c="25 39" t="1"/>
		<b id="42" c="25 40" t="1"/>
		<b id="43" c="25 41" t="1"/>
		<b id="44" c="26 42" t="1"/>
		<b id="45" c="30 43" t="1"/>
		<b id="46" c="30 44" t="1"/>
		<b id="47" c="30 45" t="1"/>
	</bonds>
	<geometry>
		<g u="A" t="cart/3d">#45,3:7.5867,0.5395,-1.8191;7.2681,1.5436,-2.1020;7.3355,2.2022,-1.2381;7.9205,1.9168,-2.8929;5.8937,1.5335,-2.5383;4.9391,2.2801,-1.9487;5.1960,3.0316,-1.0112;3.5733,2.1443,-2.5092;3.1463,0.9871,-3.1469;1.9436,0.8104,-3.6595;1.0802,1.8040,-3.5281;-0.4767,1.5319,-4.2045;1.3428,2.9928,-2.8850;2.6270,3.1971,-2.3527;2.9676,4.3170,-1.6855;2.2239,5.4960,-1.5578;1.6317,6.0806,-2.6744;0.9619,7.2843,-2.5744;0.8768,7.9233,-1.3519;1.4495,7.3555,-0.2202;1.3074,8.0206,1.0840;1.5275,9.3902,1.2389;1.3574,10.0018,2.3973;0.9761,9.2700,3.4388;0.7738,9.9682,4.7432;0.7768,7.8965,3.2867;0.9308,7.2850,2.1301;2.1383,6.1369,-0.3104;2.7591,5.6978,0.8179;2.6855,4.3260,1.1702;5.6645,0.9724,-3.3418;3.7922,0.1230,-3.2366;0.5721,3.7354,-2.7663;3.8591,4.2603,-1.1924;1.7354,5.5948,-3.6329;0.5156,7.7258,-3.4519;0.3416,8.8562,-1.2609;1.8578,10.0095,0.4156;0.9605,11.0308,4.6190;1.4538,9.5683,5.4938;-0.2449,9.8184,5.0976;0.4729,7.2739,4.1185;2.5667,4.3028,2.2545;3.6038,3.7965,0.9019;1.8258,3.8354,0.7105;</g>
	</geometry>
	<conformers/>
	<properties/>
</molecule>
