<?xml version="1.0" ?>
<!--MOLLI PACKAGE EXPERIMENTAL XML FORMAT-->
<molecule name="el2778">
	<atoms>
		<a id="1" s="H" t="H" l="H"/>
		<a id="2" s="C" t="C.3" l="C"/>
		<a id="3" s="H" t="H" l="H"/>
		<a id="4" s="H" t="H" l="H"/>
		<a id="5" s="N" t="N.am" l="N"/>
		<a id="6" s="C" t="C.2" l="C"/>
		<a id="7" s="O" t="O.2" l="O"/>
		<a id="8" s="C" t="C.ar" l="C"/>
		<a id="9" s="C" t="C.ar" l="C"/>
		<a id="10" s="N" t="N.ar" l="N"/>
		<a id="11" s="C" t="C.ar" l="C"/>
		<a id="12" s="Cl" t="Cl" l="CL"/>
		<a id="13" s="C" t="C.ar" l="C"/>
		<a id="14" s="C" t="C.ar" l="C"/>
		<a id="15" s="N" t="N.pl3" l="N"/>
		<a id="16" s="C" t="C.ar" l="C"/>
		<a id="17" s="C" t="C.ar" l="C"/>
		<a id="18" s="C" t="C.ar" l="C"/>
		<a id="19" s="C" t="C.ar" l="C"/>
		<a id="20" s="C" t="C.ar" l="C"/>
		<a id="21" s="C" t="C.ar" l="C"/>
		<a id="22" s="C" t="C.ar" l="C"/>
		<a id="23" s="N" t="N.ar" l="N"/>
		<a id="24" s="C" t="C.ar" l="C"/>
		<a id="25" s="O" t="O.3" l="O"/>
		<a id="26" s="C" t="C.3" l="C"/>
		<a id="27" s="C" t="C.ar" l="C"/>
		<a id="28" s="N" t="N.ar" l="N"/>
		<a id="29" s="C" t="C.ar" l="C"/>
		<a id="30" s="O" t="O.3" l="O"/>
		<a id="31" s="C" t="C.3" l="C"/>
		<a id="32" s="H" t="H" l="H"/>
		<a id="33" s="H" t="H" l="H"/>
		<a id="34" s="H" t="H" l="H"/>
		<a id="35" s="H" t="H" l="H"/>
		<a id="36" s="H" t="H" l="H"/>
		<a id="37" s="H" t="H" l="H"/>
		<a id="38" s="H" t="H" l="H"/>
		<a id="39" s="H" t="H" l="H"/>
		<a id="40" s="H" t="H" l="H"/>
		<a id="41" s="H" t="H" l="H"/>
		<a id="42" s="H" t="H" l="H"/>
		<a id="43" s="H" t="H" l="H"/>
		<a id="44" s="H" t="H" l="H"/>
		<a id="45" s="H" t="H" l="H"/>
		<a id="46" s="H" t="H" l="H"/>
	</atoms>
	<bonds>
		<b id="1" c="1 2" t="1"/>
		<b id="2" c="2 3" t="1"/>
		<b id="3" c="2 4" t="1"/>
		<b id="4" c="2 5" t="1"/>
		<b id="5" c="5 6" t="am"/>
		<b id="6" c="6 7" t="2"/>
		<b id="7" c="6 8" t="1"/>
		<b id="8" c="8 9" t="ar"/>
		<b id="9" c="9 10" t="ar"/>
		<b id="10" c="10 11" t="ar"/>
		<b id="11" c="11 12" t="1"/>
		<b id="12" c="11 13" t="ar"/>
		<b id="13" c="13 14" t="ar"/>
		<b id="14" c="8 14" t="ar"/>
		<b id="15" c="14 15" t="1"/>
		<b id="16" c="15 16" t="1"/>
		<b id="17" c="16 17" t="ar"/>
		<b id="18" c="17 18" t="ar"/>
		<b id="19" c="18 19" t="ar"/>
		<b id="20" c="19 20" t="ar"/>
		<b id="21" c="20 21" t="1"/>
		<b id="22" c="21 22" t="ar"/>
		<b id="23" c="22 23" t="ar"/>
		<b id="24" c="23 24" t="ar"/>
		<b id="25" c="24 25" t="1"/>
		<b id="26" c="25 26" t="1"/>
		<b id="27" c="24 27" t="ar"/>
		<b id="28" c="27 28" t="ar"/>
		<b id="29" c="21 28" t="ar"/>
		<b id="30" c="20 29" t="ar"/>
		<b id="31" c="16 29" t="ar"/>
		<b id="32" c="29 30" t="1"/>
		<b id="33" c="30 31" t="1"/>
		<b id="34" c="5 32" t="1"/>
		<b id="35" c="9 33" t="1"/>
		<b id="36" c="13 34" t="1"/>
		<b id="37" c="15 35" t="1"/>
		<b id="38" c="17 36" t="1"/>
		<b id="39" c="18 37" t="1"/>
		<b id="40" c="19 38" t="1"/>
		<b id="41" c="22 39" t="1"/>
		<b id="42" c="26 40" t="1"/>
		<b id="43" c="26 41" t="1"/>
		<b id="44" c="26 42" t="1"/>
		<b id="45" c="27 43" t="1"/>
		<b id="46" c="31 44" t="1"/>
		<b id="47" c="31 45" t="1"/>
		<b id="48" c="31 46" t="1"/>
	</bonds>
	<geometry>
		<g u="A" t="cart/3d">#46,3:7.9820,0.4947,2.0808;7.5416,-0.0682,2.9063;7.6559,-1.1345,2.7176;8.0544,0.1941,3.8330;6.1305,0.2072,3.0141;5.1890,-0.7440,2.8551;5.4903,-1.9151,2.6340;3.7846,-0.2928,2.9920;3.3939,1.0199,2.7609;2.1629,1.4742,2.8972;1.2357,0.6055,3.2678;-0.3512,1.2428,3.4494;1.4588,-0.7338,3.4886;2.7679,-1.2263,3.3450;3.0642,-2.5304,3.4859;2.2191,-3.5157,4.0363;1.6603,-3.2685,5.2893;0.8514,-4.1939,5.9139;0.6123,-5.4059,5.2930;1.1669,-5.6865,4.0534;0.9023,-6.9892,3.4234;-0.3796,-7.5260,3.3759;-0.6332,-8.7067,2.8282;0.3930,-9.3719,2.3156;0.1967,-10.5703,1.7529;-1.1376,-11.0457,1.7523;1.6923,-8.8352,2.3577;1.9312,-7.6696,2.9045;1.9659,-4.7338,3.3875;2.3708,-5.1122,2.1532;3.0252,-4.2406,1.2566;5.8543,1.1461,3.2464;4.0989,1.7664,2.4171;0.6490,-1.3968,3.7438;4.0262,-2.7712,3.2480;1.8883,-2.3288,5.7706;0.4270,-3.9797,6.8820;0.0062,-6.1557,5.7783;-1.2379,-6.9992,3.7699;-1.1057,-12.0250,1.2807;-1.7855,-10.3710,1.1885;-1.5184,-11.1246,2.7727;2.5306,-9.3767,1.9448;3.0255,-4.7745,0.3060;4.0600,-4.0478,1.5481;2.4892,-3.2962,1.1337;</g>
	</geometry>
	<conformers/>
	<properties/>
</molecule>
