<?xml version="1.0" ?>
<!--MOLLI PACKAGE EXPERIMENTAL XML FORMAT-->
<molecule name="el2779">
	<atoms>
		<a id="1" s="C" t="C.3" l="C"/>
		<a id="2" s="O" t="O.3" l="O"/>
		<a id="3" s="C" t="C.ar" l="C"/>
		<a id="4" s="C" t="C.ar" l="C"/>
		<a id="5" s="C" t="C.ar" l="C"/>
		<a id="6" s="N" t="N.ar" l="N"/>
		<a id="7" s="C" t="C.ar" l="C"/>
		<a id="8" s="C" t="C.ar" l="C"/>
		<a id="9" s="C" t="C.ar" l="C"/>
		<a id="10" s="C" t="C.ar" l="C"/>
		<a id="11" s="C" t="C.3" l="C"/>
		<a id="12" s="O" t="O.2" l="O"/>
		<a id="13" s="C" t="C.ar" l="C"/>
		<a id="14" s="C" t="C.3" l="C"/>
		<a id="15" s="C" t="C.ar" l="C"/>
		<a id="16" s="C" t="C.ar" l="C"/>
		<a id="17" s="Cl" t="Cl" l="CL"/>
		<a id="18" s="C" t="C.ar" l="C"/>
		<a id="19" s="C" t="C.ar" l="C"/>
		<a id="20" s="C" t="C.ar" l="C"/>
		<a id="21" s="O" t="O.3" l="O"/>
		<a id="22" s="C" t="C.3" l="C"/>
		<a id="23" s="H" t="H" l="H"/>
		<a id="24" s="H" t="H" l="H"/>
		<a id="25" s="H" t="H" l="H"/>
		<a id="26" s="H" t="H" l="H"/>
		<a id="27" s="H" t="H" l="H"/>
		<a id="28" s="H" t="H" l="H"/>
		<a id="29" s="H" t="H" l="H"/>
		<a id="30" s="H" t="H" l="H"/>
		<a id="31" s="H" t="H" l="H"/>
		<a id="32" s="H" t="H" l="H"/>
		<a id="33" s="H" t="H" l="H"/>
		<a id="34" s="H" t="H" l="H"/>
		<a id="35" s="H" t="H" l="H"/>
		<a id="36" s="H" t="H" l="H"/>
		<a id="37" s="H" t="H" l="H"/>
		<a id="38" s="H" t="H" l="H"/>
	</atoms>
	<bonds>
		<b id="1" c="1 2" t="1"/>
		<b id="2" c="2 3" t="1"/>
		<b id="3" c="3 4" t="ar"/>
		<b id="4" c="4 5" t="ar"/>
		<b id="5" c="5 6" t="ar"/>
		<b id="6" c="6 7" t="ar"/>
		<b id="7" c="7 8" t="1"/>
		<b id="8" c="8 9" t="ar"/>
		<b id="9" c="9 10" t="ar"/>
		<b id="10" c="10 11" t="1"/>
		<b id="11" c="10 12" t="ar"/>
		<b id="12" c="12 13" t="ar"/>
		<b id="13" c="8 13" t="ar"/>
		<b id="14" c="13 14" t="1"/>
		<b id="15" c="7 15" t="ar"/>
		<b id="16" c="15 16" t="ar"/>
		<b id="17" c="16 17" t="1"/>
		<b id="18" c="16 18" t="ar"/>
		<b id="19" c="5 18" t="ar"/>
		<b id="20" c="18 19" t="ar"/>
		<b id="21" c="19 20" t="ar"/>
		<b id="22" c="3 20" t="ar"/>
		<b id="23" c="20 21" t="1"/>
		<b id="24" c="21 22" t="1"/>
		<b id="25" c="1 23" t="1"/>
		<b id="26" c="1 24" t="1"/>
		<b id="27" c="1 25" t="1"/>
		<b id="28" c="4 26" t="1"/>
		<b id="29" c="9 27" t="1"/>
		<b id="30" c="11 28" t="1"/>
		<b id="31" c="11 29" t="1"/>
		<b id="32" c="11 30" t="1"/>
		<b id="33" c="14 31" t="1"/>
		<b id="34" c="14 32" t="1"/>
		<b id="35" c="14 33" t="1"/>
		<b id="36" c="15 34" t="1"/>
		<b id="37" c="19 35" t="1"/>
		<b id="38" c="22 36" t="1"/>
		<b id="39" c="22 37" t="1"/>
		<b id="40" c="22 38" t="1"/>
	</bonds>
	<geometry>
		<g u="A" t="cart/3d">#38,3:2.8468,1.0124,-0.4519;2.4820,-0.2681,0.0017;3.1413,-0.7815,1.0682;4.1461,-0.1584,1.7572;4.7757,-0.7830,2.8564;5.7579,-0.1220,3.4811;6.3672,-0.6811,4.5065;7.4284,0.0697,5.1476;8.3300,-0.3731,6.1655;9.1446,0.6753,6.4485;10.2719,0.8266,7.4057;8.8072,1.7413,5.6793;7.7768,1.3773,4.8934;7.2201,2.3753,3.9496;6.0123,-1.9663,4.9811;5.0105,-2.6473,4.3475;4.5601,-4.2222,4.9151;4.3433,-2.0815,3.2431;3.3071,-2.7113,2.5274;2.7096,-2.0908,1.4634;1.7074,-2.6091,0.7105;1.2318,-3.8936,1.0297;2.2034,1.2156,-1.3063;3.8940,1.0419,-0.7693;2.6808,1.7723,0.3182;4.4996,0.8234,1.4909;8.3742,-1.3422,6.6177;10.4465,-0.1150,7.9172;10.0460,1.5966,8.1427;11.1788,1.1219,6.8795;7.4962,3.3772,4.2688;6.1403,2.2690,3.9056;7.6083,2.2026,2.9468;6.5181,-2.3950,5.8295;3.0008,-3.6955,2.8428;0.4417,-4.1017,0.3101;0.8182,-3.9291,2.0428;2.0188,-4.6486,0.9332;</g>
	</geometry>
	<conformers/>
	<properties/>
</molecule>
