<?xml version="1.0" ?>
<!--MOLLI PACKAGE EXPERIMENTAL XML FORMAT-->
<molecule name="el2782">
	<atoms>
		<a id="1" s="C" t="C.3" l="C"/>
		<a id="2" s="N" t="N.3" l="N"/>
		<a id="3" s="C" t="C.3" l="C"/>
		<a id="4" s="C" t="C.3" l="C"/>
		<a id="5" s="N" t="N.pl3" l="N"/>
		<a id="6" s="C" t="C.ar" l="C"/>
		<a id="7" s="N" t="N.ar" l="N"/>
		<a id="8" s="C" t="C.ar" l="C"/>
		<a id="9" s="N" t="N.ar" l="N"/>
		<a id="10" s="C" t="C.ar" l="C"/>
		<a id="11" s="C" t="C.ar" l="C"/>
		<a id="12" s="C" t="C.ar" l="C"/>
		<a id="13" s="Cl" t="Cl" l="CL"/>
		<a id="14" s="C" t="C.ar" l="C"/>
		<a id="15" s="C" t="C.ar" l="C"/>
		<a id="16" s="C" t="C.ar" l="C"/>
		<a id="17" s="C" t="C.3" l="C"/>
		<a id="18" s="C" t="C.3" l="C"/>
		<a id="19" s="H" t="H" l="H"/>
		<a id="20" s="H" t="H" l="H"/>
		<a id="21" s="H" t="H" l="H"/>
		<a id="22" s="H" t="H" l="H"/>
		<a id="23" s="H" t="H" l="H"/>
		<a id="24" s="H" t="H" l="H"/>
		<a id="25" s="H" t="H" l="H"/>
		<a id="26" s="H" t="H" l="H"/>
		<a id="27" s="H" t="H" l="H"/>
		<a id="28" s="H" t="H" l="H"/>
		<a id="29" s="H" t="H" l="H"/>
		<a id="30" s="H" t="H" l="H"/>
		<a id="31" s="H" t="H" l="H"/>
		<a id="32" s="H" t="H" l="H"/>
		<a id="33" s="H" t="H" l="H"/>
	</atoms>
	<bonds>
		<b id="1" c="1 2" t="1"/>
		<b id="2" c="2 3" t="1"/>
		<b id="3" c="3 4" t="1"/>
		<b id="4" c="4 5" t="1"/>
		<b id="5" c="5 6" t="1"/>
		<b id="6" c="6 7" t="ar"/>
		<b id="7" c="7 8" t="ar"/>
		<b id="8" c="8 9" t="ar"/>
		<b id="9" c="9 10" t="ar"/>
		<b id="10" c="10 11" t="ar"/>
		<b id="11" c="11 12" t="ar"/>
		<b id="12" c="12 13" t="1"/>
		<b id="13" c="12 14" t="ar"/>
		<b id="14" c="14 15" t="ar"/>
		<b id="15" c="15 16" t="ar"/>
		<b id="16" c="6 16" t="ar"/>
		<b id="17" c="10 16" t="ar"/>
		<b id="18" c="5 17" t="1"/>
		<b id="19" c="17 18" t="1"/>
		<b id="20" c="2 18" t="1"/>
		<b id="21" c="1 19" t="1"/>
		<b id="22" c="1 20" t="1"/>
		<b id="23" c="1 21" t="1"/>
		<b id="24" c="3 22" t="1"/>
		<b id="25" c="3 23" t="1"/>
		<b id="26" c="4 24" t="1"/>
		<b id="27" c="4 25" t="1"/>
		<b id="28" c="8 26" t="1"/>
		<b id="29" c="11 27" t="1"/>
		<b id="30" c="14 28" t="1"/>
		<b id="31" c="15 29" t="1"/>
		<b id="32" c="17 30" t="1"/>
		<b id="33" c="17 31" t="1"/>
		<b id="34" c="18 32" t="1"/>
		<b id="35" c="18 33" t="1"/>
	</bonds>
	<geometry>
		<g u="A" t="cart/3d">#33,3:2.2094,-0.0265,0.7220;0.9572,-0.0438,-0.0013;0.1474,-1.2028,0.3295;-1.0840,-1.2208,-0.5731;-1.8623,-0.0062,-0.4317;-2.9436,-0.0101,0.3863;-3.1326,-1.0886,1.1375;-4.0994,-1.0583,2.0490;-4.8837,-0.0596,2.3377;-4.8291,1.0016,1.5006;-5.7574,2.0448,1.6774;-5.8111,3.0617,0.7625;-6.9473,4.3474,0.9646;-4.9897,3.0634,-0.3722;-4.0549,2.0745,-0.5378;-3.9043,1.0596,0.4213;-1.0595,1.1708,-0.6806;0.1852,1.1621,0.2171;2.7645,-0.9335,0.4885;2.0715,0.0307,1.8129;2.7948,0.8333,0.3994;-0.1780,-1.1901,1.3847;0.7386,-2.1044,0.1582;-1.7205,-2.0688,-0.3261;-0.7599,-1.2806,-1.6168;-4.2046,-1.9559,2.6462;-6.4292,1.9943,2.5177;-5.1082,3.8384,-1.1132;-3.4696,2.0499,-1.4445;-1.6252,2.0760,-0.4703;-0.7464,1.1643,-1.7294;-0.1369,1.2541,1.2724;0.8058,2.0267,-0.0296;</g>
	</geometry>
	<conformers/>
	<properties/>
</molecule>
