<?xml version="1.0" ?>
<!--MOLLI PACKAGE EXPERIMENTAL XML FORMAT-->
<molecule name="el2783">
	<atoms>
		<a id="1" s="C" t="C.3" l="C"/>
		<a id="2" s="C" t="C.3" l="C"/>
		<a id="3" s="C" t="C.3" l="C"/>
		<a id="4" s="C" t="C.3" l="C"/>
		<a id="5" s="O" t="O.3" l="O"/>
		<a id="6" s="C" t="C.2" l="C"/>
		<a id="7" s="O" t="O.2" l="O"/>
		<a id="8" s="N" t="N.am" l="N"/>
		<a id="9" s="C" t="C.3" l="C"/>
		<a id="10" s="C" t="C.3" l="C"/>
		<a id="11" s="C" t="C.3" l="C"/>
		<a id="12" s="C" t="C.ar" l="C"/>
		<a id="13" s="C" t="C.ar" l="C"/>
		<a id="14" s="C" t="C.ar" l="C"/>
		<a id="15" s="N" t="N.ar" l="N"/>
		<a id="16" s="C" t="C.ar" l="C"/>
		<a id="17" s="N" t="N.pl3" l="N"/>
		<a id="18" s="N" t="N.ar" l="N"/>
		<a id="19" s="C" t="C.ar" l="C"/>
		<a id="20" s="C" t="C.ar" l="C"/>
		<a id="21" s="C" t="C.ar" l="C"/>
		<a id="22" s="C" t="C.ar" l="C"/>
		<a id="23" s="Cl" t="Cl" l="CL"/>
		<a id="24" s="C" t="C.3" l="C"/>
		<a id="25" s="F" t="F" l="F"/>
		<a id="26" s="C" t="C.3" l="C"/>
		<a id="27" s="H" t="H" l="H"/>
		<a id="28" s="H" t="H" l="H"/>
		<a id="29" s="H" t="H" l="H"/>
		<a id="30" s="H" t="H" l="H"/>
		<a id="31" s="H" t="H" l="H"/>
		<a id="32" s="H" t="H" l="H"/>
		<a id="33" s="H" t="H" l="H"/>
		<a id="34" s="H" t="H" l="H"/>
		<a id="35" s="H" t="H" l="H"/>
		<a id="36" s="H" t="H" l="H"/>
		<a id="37" s="H" t="H" l="H"/>
		<a id="38" s="H" t="H" l="H"/>
		<a id="39" s="H" t="H" l="H"/>
		<a id="40" s="H" t="H" l="H"/>
		<a id="41" s="H" t="H" l="H"/>
		<a id="42" s="H" t="H" l="H"/>
		<a id="43" s="H" t="H" l="H"/>
		<a id="44" s="H" t="H" l="H"/>
		<a id="45" s="H" t="H" l="H"/>
		<a id="46" s="H" t="H" l="H"/>
		<a id="47" s="H" t="H" l="H"/>
		<a id="48" s="H" t="H" l="H"/>
	</atoms>
	<bonds>
		<b id="1" c="1 2" t="1"/>
		<b id="2" c="2 3" t="1"/>
		<b id="3" c="2 4" t="1"/>
		<b id="4" c="2 5" t="1"/>
		<b id="5" c="5 6" t="1"/>
		<b id="6" c="6 7" t="2"/>
		<b id="7" c="6 8" t="am"/>
		<b id="8" c="8 9" t="1"/>
		<b id="9" c="9 10" t="1"/>
		<b id="10" c="10 11" t="1"/>
		<b id="11" c="11 12" t="1"/>
		<b id="12" c="12 13" t="ar"/>
		<b id="13" c="13 14" t="ar"/>
		<b id="14" c="14 15" t="ar"/>
		<b id="15" c="15 16" t="ar"/>
		<b id="16" c="16 17" t="1"/>
		<b id="17" c="16 18" t="ar"/>
		<b id="18" c="18 19" t="ar"/>
		<b id="19" c="19 20" t="ar"/>
		<b id="20" c="14 20" t="ar"/>
		<b id="21" c="20 21" t="ar"/>
		<b id="22" c="21 22" t="ar"/>
		<b id="23" c="12 22" t="ar"/>
		<b id="24" c="22 23" t="1"/>
		<b id="25" c="11 24" t="1"/>
		<b id="26" c="24 26" t="1"/>
		<b id="27" c="8 26" t="1"/>
		<b id="28" c="24 25" t="1"/>
		<b id="29" c="1 27" t="1"/>
		<b id="30" c="1 28" t="1"/>
		<b id="31" c="1 29" t="1"/>
		<b id="32" c="3 30" t="1"/>
		<b id="33" c="3 31" t="1"/>
		<b id="34" c="3 32" t="1"/>
		<b id="35" c="4 33" t="1"/>
		<b id="36" c="4 34" t="1"/>
		<b id="37" c="4 35" t="1"/>
		<b id="38" c="9 36" t="1"/>
		<b id="39" c="9 37" t="1"/>
		<b id="40" c="10 38" t="1"/>
		<b id="41" c="10 39" t="1"/>
		<b id="42" c="11 40" t="1"/>
		<b id="43" c="13 41" t="1"/>
		<b id="44" c="17 42" t="1"/>
		<b id="45" c="17 43" t="1"/>
		<b id="46" c="19 44" t="1"/>
		<b id="47" c="21 45" t="1"/>
		<b id="48" c="24 46" t="1"/>
		<b id="49" c="26 47" t="1"/>
		<b id="50" c="26 48" t="1"/>
	</bonds>
	<geometry>
		<g u="A" t="cart/3d">#48,3:3.5836,-1.6052,-1.1782;2.6930,-0.8088,-0.2247;2.4893,0.6201,-0.7264;1.3442,-1.5080,-0.0426;3.2654,-0.8069,1.1050;4.4707,-0.2521,1.3181;5.1584,0.2951,0.4869;4.8611,-0.4016,2.6107;4.1253,-1.1019,3.6342;3.8439,-0.1913,4.8351;5.0607,0.5920,5.3513;6.0311,-0.1567,6.2323;6.0840,-1.5246,6.3061;7.0293,-2.1900,7.1138;7.0580,-3.5333,7.1320;7.9675,-4.1038,7.8967;8.0051,-5.4475,7.9517;8.8854,-3.4609,8.6666;8.8650,-2.1611,8.6548;7.9413,-1.4207,7.8832;7.8650,-0.0202,7.8392;6.9350,0.5850,7.0390;6.8618,2.3203,7.0589;5.8054,1.2235,4.1590;5.0197,2.2358,3.6463;6.0888,0.2059,3.0571;3.1023,-1.6870,-2.1487;3.7546,-2.6046,-0.7823;4.5410,-1.1055,-1.2976;1.9856,0.6008,-1.6890;3.4486,1.1174,-0.8369;1.8825,1.1820,-0.0195;0.8273,-1.5704,-0.9954;0.7285,-0.9515,0.6591;1.4930,-2.5117,0.3475;4.7102,-1.9812,3.9283;3.1805,-1.4434,3.2121;3.4139,-0.7804,5.6459;3.1022,0.5465,4.5221;4.6757,1.4294,5.9474;5.4023,-2.1504,5.7578;7.4071,-5.9784,7.3453;8.7422,-5.8895,8.4693;9.6033,-1.6594,9.2690;8.5383,0.5694,8.4429;6.7384,1.7008,4.4798;6.7706,-0.5574,3.4513;6.5434,0.7005,2.1963;</g>
	</geometry>
	<conformers/>
	<properties/>
</molecule>
