<?xml version="1.0" ?>
<!--MOLLI PACKAGE EXPERIMENTAL XML FORMAT-->
<molecule name="el2784">
	<atoms>
		<a id="1" s="N" t="N.am" l="N"/>
		<a id="2" s="C" t="C.2" l="C"/>
		<a id="3" s="O" t="O.2" l="O"/>
		<a id="4" s="C" t="C.3" l="C"/>
		<a id="5" s="C" t="C.3" l="C"/>
		<a id="6" s="N" t="N.pl3" l="N"/>
		<a id="7" s="C" t="C.ar" l="C"/>
		<a id="8" s="N" t="N.ar" l="N"/>
		<a id="9" s="C" t="C.ar" l="C"/>
		<a id="10" s="Cl" t="Cl" l="CL"/>
		<a id="11" s="N" t="N.ar" l="N"/>
		<a id="12" s="C" t="C.ar" l="C"/>
		<a id="13" s="C" t="C.ar" l="C"/>
		<a id="14" s="C" t="C.ar" l="C"/>
		<a id="15" s="C" t="C.ar" l="C"/>
		<a id="16" s="C" t="C.ar" l="C"/>
		<a id="17" s="C" t="C.ar" l="C"/>
		<a id="18" s="C" t="C.ar" l="C"/>
		<a id="19" s="F" t="F" l="F"/>
		<a id="20" s="C" t="C.ar" l="C"/>
		<a id="21" s="C" t="C.3" l="C"/>
		<a id="22" s="C" t="C.2" l="C"/>
		<a id="23" s="C" t="C.2" l="C"/>
		<a id="24" s="C" t="C.3" l="C"/>
		<a id="25" s="C" t="C.3" l="C"/>
		<a id="26" s="H" t="H" l="H"/>
		<a id="27" s="H" t="H" l="H"/>
		<a id="28" s="H" t="H" l="H"/>
		<a id="29" s="H" t="H" l="H"/>
		<a id="30" s="H" t="H" l="H"/>
		<a id="31" s="H" t="H" l="H"/>
		<a id="32" s="H" t="H" l="H"/>
		<a id="33" s="H" t="H" l="H"/>
		<a id="34" s="H" t="H" l="H"/>
		<a id="35" s="H" t="H" l="H"/>
		<a id="36" s="H" t="H" l="H"/>
		<a id="37" s="H" t="H" l="H"/>
		<a id="38" s="H" t="H" l="H"/>
		<a id="39" s="H" t="H" l="H"/>
		<a id="40" s="H" t="H" l="H"/>
		<a id="41" s="H" t="H" l="H"/>
	</atoms>
	<bonds>
		<b id="1" c="1 2" t="am"/>
		<b id="2" c="2 3" t="2"/>
		<b id="3" c="2 4" t="1"/>
		<b id="4" c="4 5" t="1"/>
		<b id="5" c="6 7" t="1"/>
		<b id="6" c="7 8" t="ar"/>
		<b id="7" c="8 9" t="ar"/>
		<b id="8" c="9 10" t="1"/>
		<b id="9" c="9 11" t="ar"/>
		<b id="10" c="11 12" t="ar"/>
		<b id="11" c="12 13" t="ar"/>
		<b id="12" c="7 13" t="ar"/>
		<b id="13" c="13 14" t="1"/>
		<b id="14" c="14 15" t="ar"/>
		<b id="15" c="15 16" t="ar"/>
		<b id="16" c="16 17" t="ar"/>
		<b id="17" c="17 18" t="ar"/>
		<b id="18" c="18 19" t="1"/>
		<b id="19" c="18 20" t="ar"/>
		<b id="20" c="14 20" t="ar"/>
		<b id="21" c="5 21" t="1"/>
		<b id="22" c="21 22" t="1"/>
		<b id="23" c="22 23" t="2"/>
		<b id="24" c="23 24" t="1"/>
		<b id="25" c="4 24" t="1"/>
		<b id="26" c="24 25" t="1"/>
		<b id="27" c="21 25" t="1"/>
		<b id="28" c="5 6" t="1"/>
		<b id="29" c="1 26" t="1"/>
		<b id="30" c="1 27" t="1"/>
		<b id="31" c="4 28" t="1"/>
		<b id="32" c="5 29" t="1"/>
		<b id="33" c="6 30" t="1"/>
		<b id="34" c="12 31" t="1"/>
		<b id="35" c="15 32" t="1"/>
		<b id="36" c="16 33" t="1"/>
		<b id="37" c="17 34" t="1"/>
		<b id="38" c="20 35" t="1"/>
		<b id="39" c="21 36" t="1"/>
		<b id="40" c="22 37" t="1"/>
		<b id="41" c="23 38" t="1"/>
		<b id="42" c="24 39" t="1"/>
		<b id="43" c="25 40" t="1"/>
		<b id="44" c="25 41" t="1"/>
	</bonds>
	<geometry>
		<g u="A" t="cart/3d">#41,3:5.5820,2.7947,1.6776;5.6967,1.7669,0.8121;6.3895,0.8006,1.0746;4.9574,1.9792,-0.4942;4.4820,0.7100,-1.2508;4.7293,-0.5149,-0.5440;4.1280,-1.6626,-0.8697;3.2695,-1.6460,-1.8972;2.6427,-2.7666,-2.1740;1.5628,-2.7012,-3.4974;2.7471,-3.9223,-1.5616;3.6001,-3.9516,-0.5375;4.3419,-2.8619,-0.1310;5.2527,-2.9286,1.0190;6.5787,-2.5085,0.9272;7.4132,-2.5675,2.0281;6.9468,-3.0462,3.2403;5.6343,-3.4752,3.3146;5.1662,-3.9503,4.4891;4.7816,-3.4290,2.2299;5.2830,0.7884,-2.5894;4.7122,1.9730,-3.3198;5.1100,3.0645,-2.6792;5.9569,2.6199,-1.5139;6.6115,1.3648,-2.0942;6.0885,2.7486,2.5471;5.0311,3.6114,1.4837;4.1168,2.6525,-0.3147;3.4089,0.7515,-1.4625;5.4503,-0.5047,0.1710;3.6914,-4.9080,-0.0403;6.9657,-2.1579,-0.0177;8.4356,-2.2339,1.9434;7.5780,-3.0932,4.1132;3.7607,-3.7626,2.3319;5.2960,-0.1536,-3.1276;4.0502,1.8963,-4.1613;4.8527,4.0887,-2.8761;6.6092,3.3717,-1.0750;7.1048,0.7516,-1.3428;7.3029,1.5897,-2.9042;</g>
	</geometry>
	<conformers/>
	<properties/>
</molecule>
