<?xml version="1.0" ?>
<!--MOLLI PACKAGE EXPERIMENTAL XML FORMAT-->
<molecule name="el2785">
	<atoms>
		<a id="1" s="C" t="C.3" l="C"/>
		<a id="2" s="C" t="C.3" l="C"/>
		<a id="3" s="C" t="C.3" l="C"/>
		<a id="4" s="C" t="C.3" l="C"/>
		<a id="5" s="O" t="O.3" l="O"/>
		<a id="6" s="C" t="C.2" l="C"/>
		<a id="7" s="O" t="O.2" l="O"/>
		<a id="8" s="N" t="N.am" l="N"/>
		<a id="9" s="C" t="C.ar" l="C"/>
		<a id="10" s="C" t="C.ar" l="C"/>
		<a id="11" s="C" t="C.ar" l="C"/>
		<a id="12" s="C" t="C.ar" l="C"/>
		<a id="13" s="C" t="C.ar" l="C"/>
		<a id="14" s="C" t="C.ar" l="C"/>
		<a id="15" s="N" t="N.ar" l="N"/>
		<a id="16" s="C" t="C.ar" l="C"/>
		<a id="17" s="Cl" t="Cl" l="CL"/>
		<a id="18" s="N" t="N.ar" l="N"/>
		<a id="19" s="C" t="C.ar" l="C"/>
		<a id="20" s="C" t="C.ar" l="C"/>
		<a id="21" s="N" t="N.ar" l="N"/>
		<a id="22" s="C" t="C.ar" l="C"/>
		<a id="23" s="N" t="N.ar" l="N"/>
		<a id="24" s="C" t="C.3" l="C"/>
		<a id="25" s="C" t="C.3" l="C"/>
		<a id="26" s="C" t="C.3" l="C"/>
		<a id="27" s="C" t="C.3" l="C"/>
		<a id="28" s="C" t="C.3" l="C"/>
		<a id="29" s="O" t="O.3" l="O"/>
		<a id="30" s="C" t="C.ar" l="C"/>
		<a id="31" s="H" t="H" l="H"/>
		<a id="32" s="H" t="H" l="H"/>
		<a id="33" s="H" t="H" l="H"/>
		<a id="34" s="H" t="H" l="H"/>
		<a id="35" s="H" t="H" l="H"/>
		<a id="36" s="H" t="H" l="H"/>
		<a id="37" s="H" t="H" l="H"/>
		<a id="38" s="H" t="H" l="H"/>
		<a id="39" s="H" t="H" l="H"/>
		<a id="40" s="H" t="H" l="H"/>
		<a id="41" s="H" t="H" l="H"/>
		<a id="42" s="H" t="H" l="H"/>
		<a id="43" s="H" t="H" l="H"/>
		<a id="44" s="H" t="H" l="H"/>
		<a id="45" s="H" t="H" l="H"/>
		<a id="46" s="H" t="H" l="H"/>
		<a id="47" s="H" t="H" l="H"/>
		<a id="48" s="H" t="H" l="H"/>
		<a id="49" s="H" t="H" l="H"/>
		<a id="50" s="H" t="H" l="H"/>
		<a id="51" s="H" t="H" l="H"/>
		<a id="52" s="H" t="H" l="H"/>
		<a id="53" s="H" t="H" l="H"/>
		<a id="54" s="H" t="H" l="H"/>
	</atoms>
	<bonds>
		<b id="1" c="1 2" t="1"/>
		<b id="2" c="2 3" t="1"/>
		<b id="3" c="2 4" t="1"/>
		<b id="4" c="2 5" t="1"/>
		<b id="5" c="5 6" t="1"/>
		<b id="6" c="6 7" t="2"/>
		<b id="7" c="6 8" t="am"/>
		<b id="8" c="8 9" t="1"/>
		<b id="9" c="9 10" t="ar"/>
		<b id="10" c="10 11" t="ar"/>
		<b id="11" c="11 12" t="ar"/>
		<b id="12" c="12 13" t="ar"/>
		<b id="13" c="13 14" t="1"/>
		<b id="14" c="14 15" t="ar"/>
		<b id="15" c="15 16" t="ar"/>
		<b id="16" c="16 17" t="1"/>
		<b id="17" c="16 18" t="ar"/>
		<b id="18" c="18 19" t="ar"/>
		<b id="19" c="19 20" t="ar"/>
		<b id="20" c="14 20" t="ar"/>
		<b id="21" c="20 21" t="ar"/>
		<b id="22" c="21 22" t="ar"/>
		<b id="23" c="22 23" t="ar"/>
		<b id="24" c="19 23" t="ar"/>
		<b id="25" c="23 24" t="1"/>
		<b id="26" c="24 25" t="1"/>
		<b id="27" c="25 26" t="1"/>
		<b id="28" c="26 27" t="1"/>
		<b id="29" c="27 28" t="1"/>
		<b id="30" c="28 29" t="1"/>
		<b id="31" c="24 29" t="1"/>
		<b id="32" c="13 30" t="ar"/>
		<b id="33" c="9 30" t="ar"/>
		<b id="34" c="1 31" t="1"/>
		<b id="35" c="1 32" t="1"/>
		<b id="36" c="1 33" t="1"/>
		<b id="37" c="3 34" t="1"/>
		<b id="38" c="3 35" t="1"/>
		<b id="39" c="3 36" t="1"/>
		<b id="40" c="4 37" t="1"/>
		<b id="41" c="4 38" t="1"/>
		<b id="42" c="4 39" t="1"/>
		<b id="43" c="8 40" t="1"/>
		<b id="44" c="10 41" t="1"/>
		<b id="45" c="11 42" t="1"/>
		<b id="46" c="12 43" t="1"/>
		<b id="47" c="22 44" t="1"/>
		<b id="48" c="24 45" t="1"/>
		<b id="49" c="25 46" t="1"/>
		<b id="50" c="25 47" t="1"/>
		<b id="51" c="26 48" t="1"/>
		<b id="52" c="26 49" t="1"/>
		<b id="53" c="27 50" t="1"/>
		<b id="54" c="27 51" t="1"/>
		<b id="55" c="28 52" t="1"/>
		<b id="56" c="28 53" t="1"/>
		<b id="57" c="30 54" t="1"/>
	</bonds>
	<geometry>
		<g u="A" t="cart/3d">#54,3:3.0489,0.6884,0.7991;2.6761,-0.3286,-0.2791;2.7251,-1.7543,0.2685;1.2912,-0.0206,-0.8501;3.5605,-0.1976,-1.4195;4.8837,-0.4020,-1.2894;5.4638,-0.6992,-0.2769;5.4519,-0.2110,-2.5172;6.7943,-0.2829,-2.8876;7.8102,-0.6084,-1.9911;9.1233,-0.6563,-2.4300;9.4440,-0.3839,-3.7449;8.4303,-0.0570,-4.6485;8.7582,0.2421,-6.0351;10.0446,0.2098,-6.3920;10.3880,0.4831,-7.6305;12.0579,0.4028,-7.9732;9.6160,0.8170,-8.6473;8.3291,0.8560,-8.3197;7.8210,0.5690,-7.0265;6.4545,0.6827,-7.0555;6.1648,1.0097,-8.2748;7.2497,1.1488,-9.0972;7.1789,1.4900,-10.5176;8.4575,2.1841,-10.9920;8.5429,3.5957,-10.4178;7.2645,4.3511,-10.7719;6.0654,3.5651,-10.2519;6.0267,2.2390,-10.7640;7.1083,-0.0103,-4.2143;2.3275,0.6421,1.6099;3.0475,1.6933,0.3818;4.0379,0.4728,1.1934;1.9885,-1.8673,1.0589;3.7111,-1.9693,0.6707;2.5052,-2.4667,-0.5239;0.5439,-0.0848,-0.0652;1.0446,-0.7310,-1.6347;1.2768,0.9804,-1.2734;4.8054,0.0339,-3.2553;7.5648,-0.8190,-0.9637;9.9037,-0.9097,-1.7283;10.4624,-0.4162,-4.0959;5.1665,1.1643,-8.6354;7.0293,0.5541,-11.0780;8.4140,2.2352,-12.0815;9.3205,1.5910,-10.6954;9.4161,4.1070,-10.8236;8.6581,3.5475,-9.3324;7.1870,4.4522,-11.8560;7.2613,5.3470,-10.3282;5.1235,4.0121,-10.5751;6.0864,3.5440,-9.1526;6.3302,0.2406,-4.9187;</g>
	</geometry>
	<conformers/>
	<properties/>
</molecule>
