<?xml version="1.0" ?>
<!--MOLLI PACKAGE EXPERIMENTAL XML FORMAT-->
<molecule name="el2787">
	<atoms>
		<a id="1" s="C" t="C.3" l="C"/>
		<a id="2" s="C" t="C.3" l="C"/>
		<a id="3" s="C" t="C.3" l="C"/>
		<a id="4" s="C" t="C.3" l="C"/>
		<a id="5" s="C" t="C.3" l="C"/>
		<a id="6" s="N" t="N.ar" l="N"/>
		<a id="7" s="C" t="C.ar" l="C"/>
		<a id="8" s="N" t="N.ar" l="N"/>
		<a id="9" s="C" t="C.ar" l="C"/>
		<a id="10" s="C" t="C.ar" l="C"/>
		<a id="11" s="N" t="N.pl3" l="N"/>
		<a id="12" s="C" t="C.ar" l="C"/>
		<a id="13" s="C" t="C.ar" l="C"/>
		<a id="14" s="C" t="C.ar" l="C"/>
		<a id="15" s="C" t="C.ar" l="C"/>
		<a id="16" s="C" t="C.ar" l="C"/>
		<a id="17" s="C" t="C.ar" l="C"/>
		<a id="18" s="N" t="N.ar" l="N"/>
		<a id="19" s="C" t="C.ar" l="C"/>
		<a id="20" s="Cl" t="Cl" l="CL"/>
		<a id="21" s="N" t="N.ar" l="N"/>
		<a id="22" s="C" t="C.ar" l="C"/>
		<a id="23" s="H" t="H" l="H"/>
		<a id="24" s="H" t="H" l="H"/>
		<a id="25" s="H" t="H" l="H"/>
		<a id="26" s="H" t="H" l="H"/>
		<a id="27" s="H" t="H" l="H"/>
		<a id="28" s="H" t="H" l="H"/>
		<a id="29" s="H" t="H" l="H"/>
		<a id="30" s="H" t="H" l="H"/>
		<a id="31" s="H" t="H" l="H"/>
		<a id="32" s="H" t="H" l="H"/>
		<a id="33" s="H" t="H" l="H"/>
		<a id="34" s="H" t="H" l="H"/>
		<a id="35" s="H" t="H" l="H"/>
		<a id="36" s="H" t="H" l="H"/>
		<a id="37" s="H" t="H" l="H"/>
		<a id="38" s="H" t="H" l="H"/>
		<a id="39" s="H" t="H" l="H"/>
		<a id="40" s="H" t="H" l="H"/>
	</atoms>
	<bonds>
		<b id="1" c="1 2" t="1"/>
		<b id="2" c="2 3" t="1"/>
		<b id="3" c="3 4" t="1"/>
		<b id="4" c="4 5" t="1"/>
		<b id="5" c="5 6" t="1"/>
		<b id="6" c="6 7" t="ar"/>
		<b id="7" c="7 8" t="ar"/>
		<b id="8" c="8 9" t="ar"/>
		<b id="9" c="9 10" t="ar"/>
		<b id="10" c="10 11" t="1"/>
		<b id="11" c="11 12" t="1"/>
		<b id="12" c="12 13" t="ar"/>
		<b id="13" c="13 14" t="ar"/>
		<b id="14" c="14 15" t="ar"/>
		<b id="15" c="15 16" t="ar"/>
		<b id="16" c="16 17" t="ar"/>
		<b id="17" c="12 17" t="ar"/>
		<b id="18" c="10 18" t="ar"/>
		<b id="19" c="18 19" t="ar"/>
		<b id="20" c="19 20" t="1"/>
		<b id="21" c="19 21" t="ar"/>
		<b id="22" c="21 22" t="ar"/>
		<b id="23" c="9 22" t="ar"/>
		<b id="24" c="6 22" t="ar"/>
		<b id="25" c="1 23" t="1"/>
		<b id="26" c="1 24" t="1"/>
		<b id="27" c="1 25" t="1"/>
		<b id="28" c="2 26" t="1"/>
		<b id="29" c="2 27" t="1"/>
		<b id="30" c="3 28" t="1"/>
		<b id="31" c="3 29" t="1"/>
		<b id="32" c="4 30" t="1"/>
		<b id="33" c="4 31" t="1"/>
		<b id="34" c="5 32" t="1"/>
		<b id="35" c="5 33" t="1"/>
		<b id="36" c="7 34" t="1"/>
		<b id="37" c="11 35" t="1"/>
		<b id="38" c="13 36" t="1"/>
		<b id="39" c="14 37" t="1"/>
		<b id="40" c="15 38" t="1"/>
		<b id="41" c="16 39" t="1"/>
		<b id="42" c="17 40" t="1"/>
	</bonds>
	<geometry>
		<g u="A" t="cart/3d">#40,3:5.2321,3.0015,1.6519;4.6793,1.8479,2.4792;5.1186,0.4945,1.9258;4.5842,-0.6620,2.7678;4.9697,-2.0256,2.1888;6.3980,-2.1914,2.1206;7.2826,-2.3433,3.1496;8.5261,-2.4156,2.7756;8.4866,-2.3023,1.4106;9.4726,-2.3060,0.4033;10.7708,-2.4343,0.7395;11.9173,-2.4809,-0.0486;13.1436,-2.5898,0.6075;14.3187,-2.6426,-0.1160;14.2874,-2.5894,-1.5003;13.0704,-2.4826,-2.1522;11.8865,-2.4271,-1.4394;9.0641,-2.1754,-0.8615;7.7737,-2.0484,-1.1119;7.3780,-1.8901,-2.7649;6.7584,-2.0267,-0.2779;7.1538,-2.1576,0.9919;4.9147,3.9555,2.0661;4.8796,2.9375,0.6252;6.3196,2.9765,1.6415;3.5881,1.8972,2.4882;5.0234,1.9443,3.5118;6.2104,0.4566,1.9030;4.7652,0.3874,0.8980;3.4950,-0.6086,2.8148;4.9680,-0.5784,3.7877;4.5977,-2.1195,1.1660;4.5476,-2.8276,2.8030;6.9633,-2.4051,4.1714;10.9197,-2.5122,1.7387;13.1687,-2.6323,1.6879;15.2621,-2.7256,0.4029;15.2063,-2.6318,-2.0652;13.0387,-2.4419,-3.2310;10.9394,-2.3423,-1.9437;</g>
	</geometry>
	<conformers/>
	<properties/>
</molecule>
