<?xml version="1.0" ?>
<!--MOLLI PACKAGE EXPERIMENTAL XML FORMAT-->
<molecule name="el2788">
	<atoms>
		<a id="1" s="C" t="C.3" l="C"/>
		<a id="2" s="C" t="C.3" l="C"/>
		<a id="3" s="C" t="C.3" l="C"/>
		<a id="4" s="C" t="C.3" l="C"/>
		<a id="5" s="C" t="C.3" l="C"/>
		<a id="6" s="C" t="C.3" l="C"/>
		<a id="7" s="N" t="N.ar" l="N"/>
		<a id="8" s="C" t="C.ar" l="C"/>
		<a id="9" s="N" t="N.ar" l="N"/>
		<a id="10" s="C" t="C.ar" l="C"/>
		<a id="11" s="C" t="C.ar" l="C"/>
		<a id="12" s="N" t="N.pl3" l="N"/>
		<a id="13" s="C" t="C.ar" l="C"/>
		<a id="14" s="C" t="C.ar" l="C"/>
		<a id="15" s="C" t="C.ar" l="C"/>
		<a id="16" s="C" t="C.ar" l="C"/>
		<a id="17" s="C" t="C.ar" l="C"/>
		<a id="18" s="C" t="C.ar" l="C"/>
		<a id="19" s="N" t="N.ar" l="N"/>
		<a id="20" s="C" t="C.ar" l="C"/>
		<a id="21" s="Cl" t="Cl" l="CL"/>
		<a id="22" s="N" t="N.ar" l="N"/>
		<a id="23" s="C" t="C.ar" l="C"/>
		<a id="24" s="H" t="H" l="H"/>
		<a id="25" s="H" t="H" l="H"/>
		<a id="26" s="H" t="H" l="H"/>
		<a id="27" s="H" t="H" l="H"/>
		<a id="28" s="H" t="H" l="H"/>
		<a id="29" s="H" t="H" l="H"/>
		<a id="30" s="H" t="H" l="H"/>
		<a id="31" s="H" t="H" l="H"/>
		<a id="32" s="H" t="H" l="H"/>
		<a id="33" s="H" t="H" l="H"/>
		<a id="34" s="H" t="H" l="H"/>
		<a id="35" s="H" t="H" l="H"/>
		<a id="36" s="H" t="H" l="H"/>
		<a id="37" s="H" t="H" l="H"/>
		<a id="38" s="H" t="H" l="H"/>
		<a id="39" s="H" t="H" l="H"/>
		<a id="40" s="H" t="H" l="H"/>
		<a id="41" s="H" t="H" l="H"/>
		<a id="42" s="H" t="H" l="H"/>
		<a id="43" s="H" t="H" l="H"/>
	</atoms>
	<bonds>
		<b id="1" c="1 2" t="1"/>
		<b id="2" c="2 3" t="1"/>
		<b id="3" c="3 4" t="1"/>
		<b id="4" c="4 5" t="1"/>
		<b id="5" c="5 6" t="1"/>
		<b id="6" c="6 7" t="1"/>
		<b id="7" c="7 8" t="ar"/>
		<b id="8" c="8 9" t="ar"/>
		<b id="9" c="9 10" t="ar"/>
		<b id="10" c="10 11" t="ar"/>
		<b id="11" c="11 12" t="1"/>
		<b id="12" c="12 13" t="1"/>
		<b id="13" c="13 14" t="ar"/>
		<b id="14" c="14 15" t="ar"/>
		<b id="15" c="15 16" t="ar"/>
		<b id="16" c="16 17" t="ar"/>
		<b id="17" c="17 18" t="ar"/>
		<b id="18" c="13 18" t="ar"/>
		<b id="19" c="11 19" t="ar"/>
		<b id="20" c="19 20" t="ar"/>
		<b id="21" c="20 21" t="1"/>
		<b id="22" c="20 22" t="ar"/>
		<b id="23" c="22 23" t="ar"/>
		<b id="24" c="10 23" t="ar"/>
		<b id="25" c="7 23" t="ar"/>
		<b id="26" c="1 24" t="1"/>
		<b id="27" c="1 25" t="1"/>
		<b id="28" c="1 26" t="1"/>
		<b id="29" c="2 27" t="1"/>
		<b id="30" c="2 28" t="1"/>
		<b id="31" c="3 29" t="1"/>
		<b id="32" c="3 30" t="1"/>
		<b id="33" c="4 31" t="1"/>
		<b id="34" c="4 32" t="1"/>
		<b id="35" c="5 33" t="1"/>
		<b id="36" c="5 34" t="1"/>
		<b id="37" c="6 35" t="1"/>
		<b id="38" c="6 36" t="1"/>
		<b id="39" c="8 37" t="1"/>
		<b id="40" c="12 38" t="1"/>
		<b id="41" c="14 39" t="1"/>
		<b id="42" c="15 40" t="1"/>
		<b id="43" c="16 41" t="1"/>
		<b id="44" c="17 42" t="1"/>
		<b id="45" c="18 43" t="1"/>
	</bonds>
	<geometry>
		<g u="A" t="cart/3d">#43,3:2.8618,-1.4340,-5.6555;3.2932,-2.3019,-4.4800;4.5569,-1.7635,-3.8140;5.0020,-2.6285,-2.6378;6.2644,-2.0748,-1.9818;6.7544,-2.9517,-0.8290;7.1366,-4.2597,-1.2949;6.6230,-5.4682,-0.9240;7.1581,-6.4855,-1.5318;8.0896,-5.9365,-2.3730;9.0043,-6.4807,-3.2972;9.0710,-7.8157,-3.4649;9.8804,-8.5915,-4.2900;9.7251,-9.9764,-4.2247;10.5001,-10.8027,-5.0145;11.4384,-10.2613,-5.8781;11.5922,-8.8868,-5.9446;10.8223,-8.0481,-5.1593;9.7778,-5.6296,-3.9755;9.6596,-4.3342,-3.7500;10.6943,-3.3476,-4.6836;8.8654,-3.6994,-2.9180;8.0807,-4.5385,-2.2341;1.9605,-1.8319,-6.1155;3.6450,-1.3977,-6.4094;2.6589,-0.4177,-5.3249;3.4757,-3.3208,-4.8289;2.4865,-2.3439,-3.7444;4.3737,-0.7449,-3.4640;5.3619,-1.7199,-4.5508;5.1902,-3.6447,-2.9939;4.1972,-2.6800,-1.8993;6.0692,-1.0741,-1.5936;7.0635,-2.0039,-2.7208;5.9705,-3.0817,-0.0783;7.6246,-2.4816,-0.3595;5.8461,-5.5529,-0.1892;8.4209,-8.3260,-2.8790;8.9932,-10.4003,-3.5503;10.3715,-11.8738,-4.9544;12.0447,-10.9080,-6.4942;12.3208,-8.4582,-6.6159;10.9405,-6.9795,-5.2089;</g>
	</geometry>
	<conformers/>
	<properties/>
</molecule>
