<?xml version="1.0" ?>
<!--MOLLI PACKAGE EXPERIMENTAL XML FORMAT-->
<molecule name="el2789">
	<atoms>
		<a id="1" s="C" t="C.3" l="C"/>
		<a id="2" s="C" t="C.3" l="C"/>
		<a id="3" s="C" t="C.3" l="C"/>
		<a id="4" s="C" t="C.3" l="C"/>
		<a id="5" s="C" t="C.3" l="C"/>
		<a id="6" s="C" t="C.3" l="C"/>
		<a id="7" s="C" t="C.3" l="C"/>
		<a id="8" s="C" t="C.3" l="C"/>
		<a id="9" s="N" t="N.ar" l="N"/>
		<a id="10" s="C" t="C.ar" l="C"/>
		<a id="11" s="N" t="N.ar" l="N"/>
		<a id="12" s="C" t="C.ar" l="C"/>
		<a id="13" s="C" t="C.ar" l="C"/>
		<a id="14" s="N" t="N.pl3" l="N"/>
		<a id="15" s="C" t="C.ar" l="C"/>
		<a id="16" s="C" t="C.ar" l="C"/>
		<a id="17" s="C" t="C.ar" l="C"/>
		<a id="18" s="C" t="C.ar" l="C"/>
		<a id="19" s="C" t="C.ar" l="C"/>
		<a id="20" s="F" t="F" l="F"/>
		<a id="21" s="C" t="C.ar" l="C"/>
		<a id="22" s="N" t="N.ar" l="N"/>
		<a id="23" s="C" t="C.ar" l="C"/>
		<a id="24" s="Cl" t="Cl" l="CL"/>
		<a id="25" s="N" t="N.ar" l="N"/>
		<a id="26" s="C" t="C.ar" l="C"/>
		<a id="27" s="H" t="H" l="H"/>
		<a id="28" s="H" t="H" l="H"/>
		<a id="29" s="H" t="H" l="H"/>
		<a id="30" s="H" t="H" l="H"/>
		<a id="31" s="H" t="H" l="H"/>
		<a id="32" s="H" t="H" l="H"/>
		<a id="33" s="H" t="H" l="H"/>
		<a id="34" s="H" t="H" l="H"/>
		<a id="35" s="H" t="H" l="H"/>
		<a id="36" s="H" t="H" l="H"/>
		<a id="37" s="H" t="H" l="H"/>
		<a id="38" s="H" t="H" l="H"/>
		<a id="39" s="H" t="H" l="H"/>
		<a id="40" s="H" t="H" l="H"/>
		<a id="41" s="H" t="H" l="H"/>
		<a id="42" s="H" t="H" l="H"/>
		<a id="43" s="H" t="H" l="H"/>
		<a id="44" s="H" t="H" l="H"/>
		<a id="45" s="H" t="H" l="H"/>
		<a id="46" s="H" t="H" l="H"/>
		<a id="47" s="H" t="H" l="H"/>
		<a id="48" s="H" t="H" l="H"/>
		<a id="49" s="H" t="H" l="H"/>
	</atoms>
	<bonds>
		<b id="1" c="1 2" t="1"/>
		<b id="2" c="2 3" t="1"/>
		<b id="3" c="3 4" t="1"/>
		<b id="4" c="4 5" t="1"/>
		<b id="5" c="5 6" t="1"/>
		<b id="6" c="6 7" t="1"/>
		<b id="7" c="7 8" t="1"/>
		<b id="8" c="8 9" t="1"/>
		<b id="9" c="9 10" t="ar"/>
		<b id="10" c="10 11" t="ar"/>
		<b id="11" c="11 12" t="ar"/>
		<b id="12" c="12 13" t="ar"/>
		<b id="13" c="13 14" t="1"/>
		<b id="14" c="14 15" t="1"/>
		<b id="15" c="15 16" t="ar"/>
		<b id="16" c="16 17" t="ar"/>
		<b id="17" c="17 18" t="ar"/>
		<b id="18" c="18 19" t="ar"/>
		<b id="19" c="19 20" t="1"/>
		<b id="20" c="19 21" t="ar"/>
		<b id="21" c="15 21" t="ar"/>
		<b id="22" c="13 22" t="ar"/>
		<b id="23" c="22 23" t="ar"/>
		<b id="24" c="23 24" t="1"/>
		<b id="25" c="23 25" t="ar"/>
		<b id="26" c="25 26" t="ar"/>
		<b id="27" c="12 26" t="ar"/>
		<b id="28" c="9 26" t="ar"/>
		<b id="29" c="1 27" t="1"/>
		<b id="30" c="1 28" t="1"/>
		<b id="31" c="1 29" t="1"/>
		<b id="32" c="2 30" t="1"/>
		<b id="33" c="2 31" t="1"/>
		<b id="34" c="3 32" t="1"/>
		<b id="35" c="3 33" t="1"/>
		<b id="36" c="4 34" t="1"/>
		<b id="37" c="4 35" t="1"/>
		<b id="38" c="5 36" t="1"/>
		<b id="39" c="5 37" t="1"/>
		<b id="40" c="6 38" t="1"/>
		<b id="41" c="6 39" t="1"/>
		<b id="42" c="7 40" t="1"/>
		<b id="43" c="7 41" t="1"/>
		<b id="44" c="8 42" t="1"/>
		<b id="45" c="8 43" t="1"/>
		<b id="46" c="10 44" t="1"/>
		<b id="47" c="14 45" t="1"/>
		<b id="48" c="16 46" t="1"/>
		<b id="49" c="17 47" t="1"/>
		<b id="50" c="18 48" t="1"/>
		<b id="51" c="21 49" t="1"/>
	</bonds>
	<geometry>
		<g u="A" t="cart/3d">#49,3:0.7920,5.6797,-3.9079;2.2994,5.8829,-3.8190;2.8908,5.2115,-2.5820;4.4041,5.3947,-2.4987;4.9969,4.7107,-1.2695;6.5168,4.8434,-1.2200;7.1020,4.1713,0.0204;8.6320,4.1583,0.0002;9.1823,5.4883,-0.0397;9.2182,6.4172,0.9601;9.7736,7.5432,0.6206;10.1356,7.3717,-0.6891;10.8063,8.1792,-1.6275;11.2274,9.4100,-1.2638;11.9325,10.3749,-1.9686;12.2540,11.5591,-1.3009;12.9607,12.5565,-1.9432;13.3609,12.3992,-3.2601;13.0326,11.2199,-3.9052;13.4171,11.0546,-5.1861;12.3273,10.2023,-3.2929;11.0107,7.6775,-2.8465;10.5920,6.4526,-3.1159;10.9134,5.9187,-4.7069;9.9774,5.5914,-2.3359;9.7611,6.0854,-1.1140;0.3907,6.1718,-4.7906;0.2987,6.0926,-3.0303;0.5526,4.6200,-3.9669;2.5214,6.9522,-3.7899;2.7739,5.4718,-4.7131;2.6578,4.1440,-2.6062;2.4249,5.6300,-1.6862;4.6392,6.4612,-2.4678;4.8673,4.9820,-3.3979;4.7293,3.6513,-1.2833;4.5634,5.1483,-0.3669;6.7863,5.9024,-1.2256;6.9509,4.3902,-2.1136;6.7564,3.1373,0.0730;6.7520,4.6875,0.9177;8.9908,3.6470,-0.8964;9.0165,3.6448,0.8880;8.8267,6.2172,1.9389;10.9950,9.6426,-0.3050;11.9478,11.6901,-0.2723;13.2033,13.4656,-1.4143;13.9137,13.1641,-3.7807;12.0897,9.2964,-3.8234;</g>
	</geometry>
	<conformers/>
	<properties/>
</molecule>
