<?xml version="1.0" ?>
<!--MOLLI PACKAGE EXPERIMENTAL XML FORMAT-->
<molecule name="el2439">
	<atoms>
		<a id="1" s="C" t="C.3" l="C"/>
		<a id="2" s="C" t="C.3" l="C"/>
		<a id="3" s="C" t="C.3" l="C"/>
		<a id="4" s="O" t="O.3" l="O"/>
		<a id="5" s="C" t="C.3" l="C"/>
		<a id="6" s="C" t="C.3" l="C"/>
		<a id="7" s="N" t="N.pl3" l="N"/>
		<a id="8" s="C" t="C.ar" l="C"/>
		<a id="9" s="N" t="N.ar" l="N"/>
		<a id="10" s="C" t="C.ar" l="C"/>
		<a id="11" s="Cl" t="Cl" l="CL"/>
		<a id="12" s="N" t="N.ar" l="N"/>
		<a id="13" s="C" t="C.ar" l="C"/>
		<a id="14" s="C" t="C.ar" l="C"/>
		<a id="15" s="S" t="S.O2" l="S"/>
		<a id="16" s="C" t="C.3" l="C"/>
		<a id="17" s="O" t="O.2" l="O"/>
		<a id="18" s="O" t="O.2" l="O"/>
		<a id="19" s="C" t="C.ar" l="C"/>
		<a id="20" s="S" t="S.2" l="S"/>
		<a id="21" s="C" t="C.ar" l="C"/>
		<a id="22" s="H" t="H" l="H"/>
		<a id="23" s="H" t="H" l="H"/>
		<a id="24" s="H" t="H" l="H"/>
		<a id="25" s="H" t="H" l="H"/>
		<a id="26" s="H" t="H" l="H"/>
		<a id="27" s="H" t="H" l="H"/>
		<a id="28" s="H" t="H" l="H"/>
		<a id="29" s="H" t="H" l="H"/>
		<a id="30" s="H" t="H" l="H"/>
		<a id="31" s="H" t="H" l="H"/>
		<a id="32" s="H" t="H" l="H"/>
		<a id="33" s="H" t="H" l="H"/>
		<a id="34" s="H" t="H" l="H"/>
		<a id="35" s="H" t="H" l="H"/>
	</atoms>
	<bonds>
		<b id="1" c="1 2" t="1"/>
		<b id="2" c="2 3" t="1"/>
		<b id="3" c="3 4" t="1"/>
		<b id="4" c="4 5" t="1"/>
		<b id="5" c="5 6" t="1"/>
		<b id="6" c="6 7" t="1"/>
		<b id="7" c="2 7" t="1"/>
		<b id="8" c="7 8" t="1"/>
		<b id="9" c="8 9" t="ar"/>
		<b id="10" c="9 10" t="ar"/>
		<b id="11" c="10 11" t="1"/>
		<b id="12" c="10 12" t="ar"/>
		<b id="13" c="12 13" t="ar"/>
		<b id="14" c="13 14" t="ar"/>
		<b id="15" c="14 15" t="1"/>
		<b id="16" c="15 16" t="1"/>
		<b id="17" c="15 17" t="2"/>
		<b id="18" c="15 18" t="2"/>
		<b id="19" c="14 19" t="ar"/>
		<b id="20" c="19 20" t="ar"/>
		<b id="21" c="20 21" t="ar"/>
		<b id="22" c="8 21" t="ar"/>
		<b id="23" c="13 21" t="ar"/>
		<b id="24" c="1 22" t="1"/>
		<b id="25" c="1 23" t="1"/>
		<b id="26" c="1 24" t="1"/>
		<b id="27" c="2 25" t="1"/>
		<b id="28" c="3 26" t="1"/>
		<b id="29" c="3 27" t="1"/>
		<b id="30" c="5 28" t="1"/>
		<b id="31" c="5 29" t="1"/>
		<b id="32" c="6 30" t="1"/>
		<b id="33" c="6 31" t="1"/>
		<b id="34" c="16 32" t="1"/>
		<b id="35" c="16 33" t="1"/>
		<b id="36" c="16 34" t="1"/>
		<b id="37" c="19 35" t="1"/>
	</bonds>
	<geometry>
		<g u="A" t="cart/3d">#35,3:3.4872,0.0021,-2.2988;3.0864,-1.4310,-1.9463;1.7209,-1.7964,-2.5616;0.6629,-1.0888,-1.9710;0.5838,-1.3756,-0.5942;1.8723,-0.9705,0.1219;3.0087,-1.6196,-0.5094;3.9075,-2.2730,0.2408;3.6205,-2.3692,1.5481;4.4378,-3.0087,2.3542;3.9448,-3.0878,3.9844;5.5713,-3.5935,2.0602;5.9213,-3.5037,0.7695;7.1199,-4.0351,0.2195;8.4443,-4.7896,1.1656;7.6138,-5.8200,2.3899;9.1790,-5.6198,0.2492;9.1569,-3.7312,1.8220;7.2306,-3.8078,-1.1061;5.8909,-2.9523,-1.7608;5.1191,-2.8676,-0.1989;3.7399,0.0603,-3.3533;4.3536,0.3052,-1.7165;2.6655,0.6860,-2.1046;3.8231,-2.1229,-2.3560;1.5562,-2.8799,-2.4508;1.7119,-1.5390,-3.6215;0.3998,-2.4502,-0.4448;-0.2626,-0.8069,-0.2073;1.8456,-1.2700,1.1679;1.9997,0.1144,0.0566;7.1459,-6.6436,1.8672;6.8860,-5.1937,2.8911;8.3667,-6.1782,3.0809;8.0397,-4.1086,-1.7416;</g>
	</geometry>
	<conformers/>
	<properties/>
</molecule>
