<?xml version="1.0" ?>
<!--MOLLI PACKAGE EXPERIMENTAL XML FORMAT-->
<molecule name="el2790">
	<atoms>
		<a id="1" s="Cl" t="Cl" l="CL"/>
		<a id="2" s="C" t="C.ar" l="C"/>
		<a id="3" s="N" t="N.ar" l="N"/>
		<a id="4" s="C" t="C.ar" l="C"/>
		<a id="5" s="N" t="N.ar" l="N"/>
		<a id="6" s="C" t="C.ar" l="C"/>
		<a id="7" s="C" t="C.ar" l="C"/>
		<a id="8" s="C" t="C.ar" l="C"/>
		<a id="9" s="C" t="C.ar" l="C"/>
		<a id="10" s="C" t="C.ar" l="C"/>
		<a id="11" s="C" t="C.ar" l="C"/>
		<a id="12" s="C" t="C.ar" l="C"/>
		<a id="13" s="C" t="C.ar" l="C"/>
		<a id="14" s="C" t="C.ar" l="C"/>
		<a id="15" s="C" t="C.ar" l="C"/>
		<a id="16" s="C" t="C.ar" l="C"/>
		<a id="17" s="C" t="C.ar" l="C"/>
		<a id="18" s="H" t="H" l="H"/>
		<a id="19" s="H" t="H" l="H"/>
		<a id="20" s="H" t="H" l="H"/>
		<a id="21" s="H" t="H" l="H"/>
		<a id="22" s="H" t="H" l="H"/>
		<a id="23" s="H" t="H" l="H"/>
		<a id="24" s="H" t="H" l="H"/>
		<a id="25" s="H" t="H" l="H"/>
		<a id="26" s="H" t="H" l="H"/>
	</atoms>
	<bonds>
		<b id="1" c="1 2" t="1"/>
		<b id="2" c="2 3" t="ar"/>
		<b id="3" c="3 4" t="ar"/>
		<b id="4" c="4 5" t="ar"/>
		<b id="5" c="5 6" t="ar"/>
		<b id="6" c="6 7" t="ar"/>
		<b id="7" c="7 8" t="ar"/>
		<b id="8" c="8 9" t="ar"/>
		<b id="9" c="4 9" t="ar"/>
		<b id="10" c="9 10" t="ar"/>
		<b id="11" c="10 11" t="ar"/>
		<b id="12" c="2 11" t="ar"/>
		<b id="13" c="11 12" t="1"/>
		<b id="14" c="12 13" t="ar"/>
		<b id="15" c="13 14" t="ar"/>
		<b id="16" c="14 15" t="ar"/>
		<b id="17" c="15 16" t="ar"/>
		<b id="18" c="16 17" t="ar"/>
		<b id="19" c="12 17" t="ar"/>
		<b id="20" c="6 18" t="1"/>
		<b id="21" c="7 19" t="1"/>
		<b id="22" c="8 20" t="1"/>
		<b id="23" c="10 21" t="1"/>
		<b id="24" c="13 22" t="1"/>
		<b id="25" c="14 23" t="1"/>
		<b id="26" c="15 24" t="1"/>
		<b id="27" c="16 25" t="1"/>
		<b id="28" c="17 26" t="1"/>
	</bonds>
	<geometry>
		<g u="A" t="cart/3d">#26,3:3.1058,-0.4494,-0.4714;1.4918,0.0882,-0.2154;0.5879,-0.8383,-0.2299;-0.7054,-0.5011,-0.0860;-1.5962,-1.5032,-0.0935;-2.8603,-1.2090,0.0275;-3.3592,0.0994,0.1654;-2.4710,1.1413,0.1809;-1.0964,0.8633,0.0561;-0.0823,1.8398,0.0702;1.2380,1.4771,-0.0496;2.3110,2.4822,-0.0253;3.3817,2.3669,0.8560;4.3727,3.3308,0.8746;4.3102,4.4136,0.0137;3.2449,4.5366,-0.8622;2.2467,3.5802,-0.8785;-3.5399,-2.0516,0.0161;-4.4212,0.2649,0.2578;-2.7992,2.1664,0.2879;-0.3484,2.8812,0.1937;3.4273,1.5308,1.5370;5.1982,3.2353,1.5640;5.0896,5.1610,0.0260;3.1913,5.3796,-1.5350;1.4201,3.6689,-1.5688;</g>
	</geometry>
	<conformers/>
	<properties/>
</molecule>
