<?xml version="1.0" ?>
<!--MOLLI PACKAGE EXPERIMENTAL XML FORMAT-->
<molecule name="el2792">
	<atoms>
		<a id="1" s="Cl" t="Cl" l="CL"/>
		<a id="2" s="C" t="C.ar" l="C"/>
		<a id="3" s="C" t="C.ar" l="C"/>
		<a id="4" s="C" t="C.ar" l="C"/>
		<a id="5" s="O" t="O.3" l="O"/>
		<a id="6" s="C" t="C.3" l="C"/>
		<a id="7" s="C" t="C.ar" l="C"/>
		<a id="8" s="C" t="C.ar" l="C"/>
		<a id="9" s="C" t="C.ar" l="C"/>
		<a id="10" s="C" t="C.ar" l="C"/>
		<a id="11" s="C" t="C.ar" l="C"/>
		<a id="12" s="C" t="C.ar" l="C"/>
		<a id="13" s="C" t="C.ar" l="C"/>
		<a id="14" s="C" t="C.ar" l="C"/>
		<a id="15" s="O" t="O.3" l="O"/>
		<a id="16" s="C" t="C.3" l="C"/>
		<a id="17" s="C" t="C.ar" l="C"/>
		<a id="18" s="C" t="C.ar" l="C"/>
		<a id="19" s="C" t="C.ar" l="C"/>
		<a id="20" s="C" t="C.ar" l="C"/>
		<a id="21" s="C" t="C.ar" l="C"/>
		<a id="22" s="C" t="C.ar" l="C"/>
		<a id="23" s="N" t="N.ar" l="N"/>
		<a id="24" s="H" t="H" l="H"/>
		<a id="25" s="H" t="H" l="H"/>
		<a id="26" s="H" t="H" l="H"/>
		<a id="27" s="H" t="H" l="H"/>
		<a id="28" s="H" t="H" l="H"/>
		<a id="29" s="H" t="H" l="H"/>
		<a id="30" s="H" t="H" l="H"/>
		<a id="31" s="H" t="H" l="H"/>
		<a id="32" s="H" t="H" l="H"/>
		<a id="33" s="H" t="H" l="H"/>
		<a id="34" s="H" t="H" l="H"/>
		<a id="35" s="H" t="H" l="H"/>
		<a id="36" s="H" t="H" l="H"/>
		<a id="37" s="H" t="H" l="H"/>
		<a id="38" s="H" t="H" l="H"/>
		<a id="39" s="H" t="H" l="H"/>
	</atoms>
	<bonds>
		<b id="1" c="1 2" t="1"/>
		<b id="2" c="2 3" t="ar"/>
		<b id="3" c="3 4" t="ar"/>
		<b id="4" c="4 5" t="1"/>
		<b id="5" c="5 6" t="1"/>
		<b id="6" c="6 7" t="1"/>
		<b id="7" c="7 8" t="ar"/>
		<b id="8" c="8 9" t="ar"/>
		<b id="9" c="9 10" t="ar"/>
		<b id="10" c="10 11" t="ar"/>
		<b id="11" c="11 12" t="ar"/>
		<b id="12" c="7 12" t="ar"/>
		<b id="13" c="4 13" t="ar"/>
		<b id="14" c="13 14" t="ar"/>
		<b id="15" c="14 15" t="1"/>
		<b id="16" c="15 16" t="1"/>
		<b id="17" c="16 17" t="1"/>
		<b id="18" c="17 18" t="ar"/>
		<b id="19" c="18 19" t="ar"/>
		<b id="20" c="19 20" t="ar"/>
		<b id="21" c="20 21" t="ar"/>
		<b id="22" c="21 22" t="ar"/>
		<b id="23" c="17 22" t="ar"/>
		<b id="24" c="14 23" t="ar"/>
		<b id="25" c="2 23" t="ar"/>
		<b id="26" c="3 24" t="1"/>
		<b id="27" c="6 25" t="1"/>
		<b id="28" c="6 26" t="1"/>
		<b id="29" c="8 27" t="1"/>
		<b id="30" c="9 28" t="1"/>
		<b id="31" c="10 29" t="1"/>
		<b id="32" c="11 30" t="1"/>
		<b id="33" c="12 31" t="1"/>
		<b id="34" c="13 32" t="1"/>
		<b id="35" c="16 33" t="1"/>
		<b id="36" c="16 34" t="1"/>
		<b id="37" c="18 35" t="1"/>
		<b id="38" c="19 36" t="1"/>
		<b id="39" c="20 37" t="1"/>
		<b id="40" c="21 38" t="1"/>
		<b id="41" c="22 39" t="1"/>
	</bonds>
	<geometry>
		<g u="A" t="cart/3d">#39,3:-1.9186,0.0218,-0.4784;-0.2492,-0.0008,-0.0766;0.4069,1.1766,0.1938;1.7721,1.0999,0.5180;2.3840,2.2693,0.7720;3.7610,2.2602,1.1099;4.2128,3.6794,1.3320;5.0597,3.9946,2.3852;5.4860,5.2981,2.5719;5.0618,6.2974,1.7132;4.2130,5.9884,0.6637;3.7938,4.6846,0.4703;2.3775,-0.1470,0.5496;1.5954,-1.2682,0.2526;2.1915,-2.4611,0.2883;1.3807,-3.5888,-0.0291;2.1796,-4.8414,0.1979;2.9725,-4.9653,1.3318;3.7045,-6.1181,1.5511;3.6440,-7.1627,0.6442;2.8520,-7.0471,-0.4852;2.1266,-5.8899,-0.7102;0.3098,-1.1988,-0.0553;-0.0886,2.1308,0.1639;4.3411,1.8116,0.2884;3.9243,1.6631,2.0165;5.3881,3.2179,3.0612;6.1462,5.5340,3.3934;5.3905,7.3150,1.8630;3.8782,6.7651,-0.0078;3.1299,4.4387,-0.3441;3.4154,-0.2996,0.7879;1.0454,-3.5146,-1.0696;0.4870,-3.5766,0.6094;3.0176,-4.1479,2.0352;4.3211,-6.2035,2.4338;4.2134,-8.0640,0.8167;2.8031,-7.8581,-1.1968;1.5141,-5.8005,-1.5957;</g>
	</geometry>
	<conformers/>
	<properties/>
</molecule>
