<?xml version="1.0" ?>
<!--MOLLI PACKAGE EXPERIMENTAL XML FORMAT-->
<molecule name="el2793">
	<atoms>
		<a id="1" s="C" t="C.3" l="C"/>
		<a id="2" s="O" t="O.3" l="O"/>
		<a id="3" s="C" t="C.ar" l="C"/>
		<a id="4" s="C" t="C.ar" l="C"/>
		<a id="5" s="C" t="C.ar" l="C"/>
		<a id="6" s="C" t="C.ar" l="C"/>
		<a id="7" s="C" t="C.3" l="C"/>
		<a id="8" s="O" t="O.3" l="O"/>
		<a id="9" s="C" t="C.ar" l="C"/>
		<a id="10" s="C" t="C.ar" l="C"/>
		<a id="11" s="C" t="C.ar" l="C"/>
		<a id="12" s="Cl" t="Cl" l="CL"/>
		<a id="13" s="N" t="N.ar" l="N"/>
		<a id="14" s="C" t="C.ar" l="C"/>
		<a id="15" s="O" t="O.3" l="O"/>
		<a id="16" s="C" t="C.3" l="C"/>
		<a id="17" s="C" t="C.ar" l="C"/>
		<a id="18" s="C" t="C.ar" l="C"/>
		<a id="19" s="C" t="C.ar" l="C"/>
		<a id="20" s="C" t="C.ar" l="C"/>
		<a id="21" s="O" t="O.3" l="O"/>
		<a id="22" s="C" t="C.3" l="C"/>
		<a id="23" s="C" t="C.ar" l="C"/>
		<a id="24" s="C" t="C.ar" l="C"/>
		<a id="25" s="C" t="C.ar" l="C"/>
		<a id="26" s="C" t="C.ar" l="C"/>
		<a id="27" s="C" t="C.ar" l="C"/>
		<a id="28" s="H" t="H" l="H"/>
		<a id="29" s="H" t="H" l="H"/>
		<a id="30" s="H" t="H" l="H"/>
		<a id="31" s="H" t="H" l="H"/>
		<a id="32" s="H" t="H" l="H"/>
		<a id="33" s="H" t="H" l="H"/>
		<a id="34" s="H" t="H" l="H"/>
		<a id="35" s="H" t="H" l="H"/>
		<a id="36" s="H" t="H" l="H"/>
		<a id="37" s="H" t="H" l="H"/>
		<a id="38" s="H" t="H" l="H"/>
		<a id="39" s="H" t="H" l="H"/>
		<a id="40" s="H" t="H" l="H"/>
		<a id="41" s="H" t="H" l="H"/>
		<a id="42" s="H" t="H" l="H"/>
		<a id="43" s="H" t="H" l="H"/>
		<a id="44" s="H" t="H" l="H"/>
		<a id="45" s="H" t="H" l="H"/>
		<a id="46" s="H" t="H" l="H"/>
		<a id="47" s="H" t="H" l="H"/>
	</atoms>
	<bonds>
		<b id="1" c="1 2" t="1"/>
		<b id="2" c="2 3" t="1"/>
		<b id="3" c="3 4" t="ar"/>
		<b id="4" c="4 5" t="ar"/>
		<b id="5" c="5 6" t="ar"/>
		<b id="6" c="6 7" t="1"/>
		<b id="7" c="7 8" t="1"/>
		<b id="8" c="8 9" t="1"/>
		<b id="9" c="9 10" t="ar"/>
		<b id="10" c="10 11" t="ar"/>
		<b id="11" c="11 12" t="1"/>
		<b id="12" c="11 13" t="ar"/>
		<b id="13" c="13 14" t="ar"/>
		<b id="14" c="14 15" t="1"/>
		<b id="15" c="15 16" t="1"/>
		<b id="16" c="16 17" t="1"/>
		<b id="17" c="17 18" t="ar"/>
		<b id="18" c="18 19" t="ar"/>
		<b id="19" c="19 20" t="ar"/>
		<b id="20" c="20 21" t="1"/>
		<b id="21" c="21 22" t="1"/>
		<b id="22" c="20 23" t="ar"/>
		<b id="23" c="23 24" t="ar"/>
		<b id="24" c="17 24" t="ar"/>
		<b id="25" c="14 25" t="ar"/>
		<b id="26" c="9 25" t="ar"/>
		<b id="27" c="6 26" t="ar"/>
		<b id="28" c="26 27" t="ar"/>
		<b id="29" c="3 27" t="ar"/>
		<b id="30" c="1 28" t="1"/>
		<b id="31" c="1 29" t="1"/>
		<b id="32" c="1 30" t="1"/>
		<b id="33" c="4 31" t="1"/>
		<b id="34" c="5 32" t="1"/>
		<b id="35" c="7 33" t="1"/>
		<b id="36" c="7 34" t="1"/>
		<b id="37" c="10 35" t="1"/>
		<b id="38" c="16 36" t="1"/>
		<b id="39" c="16 37" t="1"/>
		<b id="40" c="18 38" t="1"/>
		<b id="41" c="19 39" t="1"/>
		<b id="42" c="22 40" t="1"/>
		<b id="43" c="22 41" t="1"/>
		<b id="44" c="22 42" t="1"/>
		<b id="45" c="23 43" t="1"/>
		<b id="46" c="24 44" t="1"/>
		<b id="47" c="25 45" t="1"/>
		<b id="48" c="26 46" t="1"/>
		<b id="49" c="27 47" t="1"/>
	</bonds>
	<geometry>
		<g u="A" t="cart/3d">#47,3:6.0899,-0.5567,0.7643;5.1190,0.4370,0.5406;5.2109,1.1972,-0.5835;6.1936,1.0660,-1.5593;6.1917,1.9080,-2.6570;5.2186,2.8837,-2.8116;5.2470,3.7895,-4.0126;5.2951,2.9806,-5.1793;5.3939,3.5775,-6.3787;5.4491,2.7194,-7.4904;5.5579,3.2968,-8.7328;5.6295,2.3052,-10.1337;5.6184,4.5975,-8.9595;5.5651,5.4044,-7.9108;5.6267,6.7225,-8.1035;5.7644,7.1609,-9.4574;5.8473,8.6600,-9.4575;7.0041,9.3163,-9.8433;7.0819,10.6996,-9.8350;5.9885,11.4523,-9.4235;5.9488,12.8120,-9.3726;7.0928,13.5343,-9.7586;4.8226,10.7942,-9.0251;4.7557,9.4192,-9.0453;5.4489,4.9464,-6.5939;4.2311,3.0026,-1.8413;4.2276,2.1757,-0.7387;5.8260,-1.0169,1.7152;7.0946,-0.1277,0.8372;6.0752,-1.3183,-0.0218;6.9646,0.3165,-1.4757;6.9559,1.7990,-3.4117;6.1380,4.4343,-3.9752;4.3538,4.4269,-4.0327;5.4059,1.6535,-7.3529;4.8975,6.8103,-10.0308;6.6628,6.7102,-9.8914;7.8637,8.7445,-10.1618;7.9990,11.1735,-10.1474;6.8329,14.5846,-9.6362;7.3534,13.3463,-10.8052;7.9515,13.2983,-9.1218;3.9829,11.3914,-8.7066;3.8508,8.9202,-8.7335;5.4089,5.6752,-5.8037;3.4601,3.7518,-1.9470;3.4680,2.2631,0.0217;</g>
	</geometry>
	<conformers/>
	<properties/>
</molecule>
