<?xml version="1.0" ?>
<!--MOLLI PACKAGE EXPERIMENTAL XML FORMAT-->
<molecule name="el2799">
	<atoms>
		<a id="1" s="C" t="C.3" l="C"/>
		<a id="2" s="O" t="O.3" l="O"/>
		<a id="3" s="C" t="C.2" l="C"/>
		<a id="4" s="O" t="O.2" l="O"/>
		<a id="5" s="C" t="C.ar" l="C"/>
		<a id="6" s="C" t="C.ar" l="C"/>
		<a id="7" s="C" t="C.ar" l="C"/>
		<a id="8" s="C" t="C.ar" l="C"/>
		<a id="9" s="C" t="C.ar" l="C"/>
		<a id="10" s="C" t="C.ar" l="C"/>
		<a id="11" s="N" t="N.ar" l="N"/>
		<a id="12" s="C" t="C.ar" l="C"/>
		<a id="13" s="Cl" t="Cl" l="CL"/>
		<a id="14" s="N" t="N.ar" l="N"/>
		<a id="15" s="C" t="C.ar" l="C"/>
		<a id="16" s="S" t="S.2" l="S"/>
		<a id="17" s="H" t="H" l="H"/>
		<a id="18" s="H" t="H" l="H"/>
		<a id="19" s="H" t="H" l="H"/>
		<a id="20" s="H" t="H" l="H"/>
		<a id="21" s="H" t="H" l="H"/>
		<a id="22" s="H" t="H" l="H"/>
		<a id="23" s="H" t="H" l="H"/>
	</atoms>
	<bonds>
		<b id="1" c="1 2" t="1"/>
		<b id="2" c="2 3" t="1"/>
		<b id="3" c="3 4" t="2"/>
		<b id="4" c="3 5" t="1"/>
		<b id="5" c="5 6" t="ar"/>
		<b id="6" c="6 7" t="ar"/>
		<b id="7" c="7 8" t="1"/>
		<b id="8" c="8 9" t="ar"/>
		<b id="9" c="9 10" t="ar"/>
		<b id="10" c="10 11" t="ar"/>
		<b id="11" c="11 12" t="ar"/>
		<b id="12" c="12 13" t="1"/>
		<b id="13" c="12 14" t="ar"/>
		<b id="14" c="8 14" t="ar"/>
		<b id="15" c="7 15" t="ar"/>
		<b id="16" c="15 16" t="ar"/>
		<b id="17" c="5 16" t="ar"/>
		<b id="18" c="1 17" t="1"/>
		<b id="19" c="1 18" t="1"/>
		<b id="20" c="1 19" t="1"/>
		<b id="21" c="6 20" t="1"/>
		<b id="22" c="9 21" t="1"/>
		<b id="23" c="10 22" t="1"/>
		<b id="24" c="15 23" t="1"/>
	</bonds>
	<geometry>
		<g u="A" t="cart/3d">#23,3:1.0497,0.5205,0.8692;2.4697,0.5491,0.8247;3.0834,-0.5936,1.1737;2.5019,-1.5948,1.5103;4.5388,-0.4721,1.0851;5.2929,0.6132,0.7354;6.6805,0.3375,0.7507;7.7438,1.2721,0.4204;7.5202,2.6213,0.1225;8.6333,3.3851,-0.1804;9.8598,2.8846,-0.1923;9.9596,1.6037,0.1076;11.5320,0.9434,0.1003;8.9849,0.7775,0.4101;6.9323,-0.9661,1.1177;5.5218,-1.8539,1.4451;0.7138,1.4569,0.4319;0.7050,0.4345,1.9015;0.6701,-0.3304,0.3003;4.8505,1.5567,0.4762;6.5337,3.0507,0.1300;8.5582,4.4364,-0.4237;7.9020,-1.4152,1.2011;</g>
	</geometry>
	<conformers/>
	<properties/>
</molecule>
