<?xml version="1.0" ?>
<!--MOLLI PACKAGE EXPERIMENTAL XML FORMAT-->
<molecule name="el2800">
	<atoms>
		<a id="1" s="C" t="C.3" l="C"/>
		<a id="2" s="O" t="O.3" l="O"/>
		<a id="3" s="C" t="C.ar" l="C"/>
		<a id="4" s="C" t="C.ar" l="C"/>
		<a id="5" s="C" t="C.ar" l="C"/>
		<a id="6" s="C" t="C.ar" l="C"/>
		<a id="7" s="Cl" t="Cl" l="CL"/>
		<a id="8" s="C" t="C.ar" l="C"/>
		<a id="9" s="C" t="C.ar" l="C"/>
		<a id="10" s="N" t="N.pl3" l="N"/>
		<a id="11" s="C" t="C.3" l="C"/>
		<a id="12" s="C" t="C.3" l="C"/>
		<a id="13" s="N" t="N.3" l="N"/>
		<a id="14" s="C" t="C.3" l="C"/>
		<a id="15" s="C" t="C.3" l="C"/>
		<a id="16" s="N" t="N.ar" l="N"/>
		<a id="17" s="C" t="C.ar" l="C"/>
		<a id="18" s="C" t="C.ar" l="C"/>
		<a id="19" s="C" t="C.ar" l="C"/>
		<a id="20" s="O" t="O.3" l="O"/>
		<a id="21" s="C" t="C.3" l="C"/>
		<a id="22" s="C" t="C.3" l="C"/>
		<a id="23" s="C" t="C.3" l="C"/>
		<a id="24" s="N" t="N.3" l="N"/>
		<a id="25" s="C" t="C.3" l="C"/>
		<a id="26" s="C" t="C.ar" l="C"/>
		<a id="27" s="C" t="C.ar" l="C"/>
		<a id="28" s="C" t="C.ar" l="C"/>
		<a id="29" s="C" t="C.ar" l="C"/>
		<a id="30" s="C" t="C.ar" l="C"/>
		<a id="31" s="C" t="C.ar" l="C"/>
		<a id="32" s="C" t="C.3" l="C"/>
		<a id="33" s="H" t="H" l="H"/>
		<a id="34" s="H" t="H" l="H"/>
		<a id="35" s="H" t="H" l="H"/>
		<a id="36" s="H" t="H" l="H"/>
		<a id="37" s="H" t="H" l="H"/>
		<a id="38" s="H" t="H" l="H"/>
		<a id="39" s="H" t="H" l="H"/>
		<a id="40" s="H" t="H" l="H"/>
		<a id="41" s="H" t="H" l="H"/>
		<a id="42" s="H" t="H" l="H"/>
		<a id="43" s="H" t="H" l="H"/>
		<a id="44" s="H" t="H" l="H"/>
		<a id="45" s="H" t="H" l="H"/>
		<a id="46" s="H" t="H" l="H"/>
		<a id="47" s="H" t="H" l="H"/>
		<a id="48" s="H" t="H" l="H"/>
		<a id="49" s="H" t="H" l="H"/>
		<a id="50" s="H" t="H" l="H"/>
		<a id="51" s="H" t="H" l="H"/>
		<a id="52" s="H" t="H" l="H"/>
		<a id="53" s="H" t="H" l="H"/>
		<a id="54" s="H" t="H" l="H"/>
		<a id="55" s="H" t="H" l="H"/>
		<a id="56" s="H" t="H" l="H"/>
		<a id="57" s="H" t="H" l="H"/>
		<a id="58" s="H" t="H" l="H"/>
		<a id="59" s="H" t="H" l="H"/>
		<a id="60" s="H" t="H" l="H"/>
		<a id="61" s="H" t="H" l="H"/>
		<a id="62" s="H" t="H" l="H"/>
		<a id="63" s="H" t="H" l="H"/>
	</atoms>
	<bonds>
		<b id="1" c="1 2" t="1"/>
		<b id="2" c="2 3" t="1"/>
		<b id="3" c="3 4" t="ar"/>
		<b id="4" c="4 5" t="ar"/>
		<b id="5" c="5 6" t="ar"/>
		<b id="6" c="6 7" t="1"/>
		<b id="7" c="6 8" t="ar"/>
		<b id="8" c="8 9" t="ar"/>
		<b id="9" c="9 10" t="1"/>
		<b id="10" c="10 11" t="1"/>
		<b id="11" c="11 12" t="1"/>
		<b id="12" c="12 13" t="1"/>
		<b id="13" c="13 14" t="1"/>
		<b id="14" c="13 15" t="1"/>
		<b id="15" c="9 16" t="ar"/>
		<b id="16" c="16 17" t="ar"/>
		<b id="17" c="5 17" t="ar"/>
		<b id="18" c="17 18" t="ar"/>
		<b id="19" c="18 19" t="ar"/>
		<b id="20" c="3 19" t="ar"/>
		<b id="21" c="19 20" t="1"/>
		<b id="22" c="20 21" t="1"/>
		<b id="23" c="21 22" t="1"/>
		<b id="24" c="22 23" t="1"/>
		<b id="25" c="23 24" t="1"/>
		<b id="26" c="24 25" t="1"/>
		<b id="27" c="25 26" t="1"/>
		<b id="28" c="26 27" t="ar"/>
		<b id="29" c="27 28" t="ar"/>
		<b id="30" c="28 29" t="ar"/>
		<b id="31" c="29 30" t="ar"/>
		<b id="32" c="30 31" t="ar"/>
		<b id="33" c="26 31" t="ar"/>
		<b id="34" c="31 32" t="1"/>
		<b id="35" c="24 32" t="1"/>
		<b id="36" c="1 33" t="1"/>
		<b id="37" c="1 34" t="1"/>
		<b id="38" c="1 35" t="1"/>
		<b id="39" c="4 36" t="1"/>
		<b id="40" c="8 37" t="1"/>
		<b id="41" c="10 38" t="1"/>
		<b id="42" c="11 39" t="1"/>
		<b id="43" c="11 40" t="1"/>
		<b id="44" c="12 41" t="1"/>
		<b id="45" c="12 42" t="1"/>
		<b id="46" c="14 43" t="1"/>
		<b id="47" c="14 44" t="1"/>
		<b id="48" c="14 45" t="1"/>
		<b id="49" c="15 46" t="1"/>
		<b id="50" c="15 47" t="1"/>
		<b id="51" c="15 48" t="1"/>
		<b id="52" c="18 49" t="1"/>
		<b id="53" c="21 50" t="1"/>
		<b id="54" c="21 51" t="1"/>
		<b id="55" c="22 52" t="1"/>
		<b id="56" c="22 53" t="1"/>
		<b id="57" c="23 54" t="1"/>
		<b id="58" c="23 55" t="1"/>
		<b id="59" c="25 56" t="1"/>
		<b id="60" c="25 57" t="1"/>
		<b id="61" c="27 58" t="1"/>
		<b id="62" c="28 59" t="1"/>
		<b id="63" c="29 60" t="1"/>
		<b id="64" c="30 61" t="1"/>
		<b id="65" c="32 62" t="1"/>
		<b id="66" c="32 63" t="1"/>
	</bonds>
	<geometry>
		<g u="A" t="cart/3d">#63,3:1.7509,-1.6304,-0.8893;2.5708,-0.6445,-0.3133;3.0951,-0.8748,0.9360;2.8556,-2.0246,1.6476;3.4101,-2.2422,2.9180;3.1984,-3.4043,3.6939;2.1928,-4.6790,3.0850;3.7778,-3.5380,4.9181;4.6052,-2.4778,5.3921;5.1547,-2.5760,6.6237;6.1217,-1.6267,7.1127;6.3432,-1.8850,8.6025;6.6444,-3.2886,8.8513;7.9928,-3.6403,8.4527;6.4037,-3.6523,10.2329;4.8298,-1.3824,4.6972;4.2502,-1.2491,3.4914;4.4792,-0.0800,2.7512;3.9284,0.1331,1.5059;4.2643,1.3220,0.9436;3.7251,1.7613,-0.2886;4.2372,3.1789,-0.5216;3.6873,3.7532,-1.8248;4.2891,5.0266,-2.1366;3.9701,6.1071,-1.2087;4.0960,7.3419,-2.0453;4.1565,8.6673,-1.6679;4.2624,9.6330,-2.6597;4.3037,9.2735,-3.9966;4.2390,7.9393,-4.3750;4.1368,6.9812,-3.3880;4.0322,5.4922,-3.4961;1.4558,-1.2303,-1.8586;0.8560,-1.8147,-0.2865;2.2920,-2.5707,-1.0355;2.2279,-2.8000,1.2395;3.6265,-4.4158,5.5256;5.1740,-3.4703,7.0911;5.7308,-0.6197,6.9512;7.0632,-1.7046,6.5535;5.4176,-1.6485,9.1322;7.1360,-1.2176,8.9794;8.1279,-3.4382,7.3927;8.1452,-4.7056,8.6202;8.7573,-3.0842,9.0174;5.3639,-3.4481,10.4847;7.0499,-3.1066,10.9373;6.5854,-4.7194,10.3546;5.1114,0.6839,3.1719;2.6297,1.7606,-0.2509;4.0457,1.1039,-1.1048;5.3264,3.1684,-0.5647;3.9394,3.7993,0.3240;2.5830,3.8259,-1.7577;3.9266,3.0675,-2.6432;4.6682,6.0966,-0.3672;2.9435,6.0234,-0.8060;4.1247,8.9488,-0.6257;4.3147,10.6763,-2.3853;4.3870,10.0392,-4.7534;4.2701,7.6601,-5.4179;4.7685,5.0591,-4.1803;3.0249,5.2103,-3.8552;</g>
	</geometry>
	<conformers/>
	<properties/>
</molecule>
