<?xml version="1.0" ?>
<!--MOLLI PACKAGE EXPERIMENTAL XML FORMAT-->
<molecule name="el2802">
	<atoms>
		<a id="1" s="F" t="F" l="F"/>
		<a id="2" s="C" t="C.3" l="C"/>
		<a id="3" s="F" t="F" l="F"/>
		<a id="4" s="F" t="F" l="F"/>
		<a id="5" s="C" t="C.ar" l="C"/>
		<a id="6" s="C" t="C.ar" l="C"/>
		<a id="7" s="C" t="C.ar" l="C"/>
		<a id="8" s="C" t="C.ar" l="C"/>
		<a id="9" s="C" t="C.3" l="C"/>
		<a id="10" s="C" t="C.ar" l="C"/>
		<a id="11" s="C" t="C.ar" l="C"/>
		<a id="12" s="C" t="C.ar" l="C"/>
		<a id="13" s="N" t="N.ar" l="N"/>
		<a id="14" s="C" t="C.ar" l="C"/>
		<a id="15" s="Cl" t="Cl" l="CL"/>
		<a id="16" s="C" t="C.ar" l="C"/>
		<a id="17" s="C" t="C.ar" l="C"/>
		<a id="18" s="C" t="C.3" l="C"/>
		<a id="19" s="F" t="F" l="F"/>
		<a id="20" s="F" t="F" l="F"/>
		<a id="21" s="F" t="F" l="F"/>
		<a id="22" s="C" t="C.ar" l="C"/>
		<a id="23" s="H" t="H" l="H"/>
		<a id="24" s="H" t="H" l="H"/>
		<a id="25" s="H" t="H" l="H"/>
		<a id="26" s="H" t="H" l="H"/>
		<a id="27" s="H" t="H" l="H"/>
		<a id="28" s="H" t="H" l="H"/>
		<a id="29" s="H" t="H" l="H"/>
		<a id="30" s="H" t="H" l="H"/>
	</atoms>
	<bonds>
		<b id="1" c="1 2" t="1"/>
		<b id="2" c="2 3" t="1"/>
		<b id="3" c="2 4" t="1"/>
		<b id="4" c="2 5" t="1"/>
		<b id="5" c="5 6" t="ar"/>
		<b id="6" c="6 7" t="ar"/>
		<b id="7" c="7 8" t="ar"/>
		<b id="8" c="8 9" t="1"/>
		<b id="9" c="9 10" t="1"/>
		<b id="10" c="10 11" t="ar"/>
		<b id="11" c="11 12" t="ar"/>
		<b id="12" c="12 13" t="ar"/>
		<b id="13" c="13 14" t="ar"/>
		<b id="14" c="14 15" t="1"/>
		<b id="15" c="14 16" t="ar"/>
		<b id="16" c="10 16" t="ar"/>
		<b id="17" c="8 17" t="ar"/>
		<b id="18" c="17 18" t="1"/>
		<b id="19" c="18 19" t="1"/>
		<b id="20" c="18 20" t="1"/>
		<b id="21" c="18 21" t="1"/>
		<b id="22" c="17 22" t="ar"/>
		<b id="23" c="5 22" t="ar"/>
		<b id="24" c="6 23" t="1"/>
		<b id="25" c="7 24" t="1"/>
		<b id="26" c="9 25" t="1"/>
		<b id="27" c="9 26" t="1"/>
		<b id="28" c="11 27" t="1"/>
		<b id="29" c="12 28" t="1"/>
		<b id="30" c="16 29" t="1"/>
		<b id="31" c="22 30" t="1"/>
	</bonds>
	<geometry>
		<g u="A" t="cart/3d">#30,3:2.4715,1.0455,0.6082;2.3840,-0.0991,-0.0837;1.1528,-0.1445,-0.6050;3.2330,0.0234,-1.1219;2.7078,-1.3045,0.7564;3.6143,-1.1980,1.8015;3.9262,-2.3209,2.5425;3.3617,-3.5636,2.2685;3.7335,-4.7425,3.1226;2.5613,-5.2727,3.9102;2.3092,-6.6376,4.0027;1.2241,-7.0620,4.7507;0.4123,-6.2354,5.3861;0.6567,-4.9465,5.2951;-0.4231,-3.9072,6.1352;1.7128,-4.4000,4.5784;2.4532,-3.6493,1.2073;1.7587,-4.9405,0.8471;2.5683,-6.0111,0.8593;0.7457,-5.2218,1.6866;1.2245,-4.9042,-0.3793;2.1275,-2.5267,0.4572;4.0630,-0.2448,2.0343;4.6284,-2.2337,3.3577;4.5095,-4.4335,3.8280;4.1472,-5.5423,2.5061;2.9374,-7.3511,3.4936;0.9837,-8.1113,4.8486;1.8566,-3.3319,4.5426;1.4226,-2.6030,-0.3566;</g>
	</geometry>
	<conformers/>
	<properties/>
</molecule>
