<?xml version="1.0" ?>
<!--MOLLI PACKAGE EXPERIMENTAL XML FORMAT-->
<molecule name="el2809">
	<atoms>
		<a id="1" s="F" t="F" l="F"/>
		<a id="2" s="C" t="C.3" l="C"/>
		<a id="3" s="F" t="F" l="F"/>
		<a id="4" s="F" t="F" l="F"/>
		<a id="5" s="O" t="O.3" l="O"/>
		<a id="6" s="C" t="C.ar" l="C"/>
		<a id="7" s="C" t="C.ar" l="C"/>
		<a id="8" s="C" t="C.ar" l="C"/>
		<a id="9" s="C" t="C.ar" l="C"/>
		<a id="10" s="C" t="C.ar" l="C"/>
		<a id="11" s="C" t="C.3" l="C"/>
		<a id="12" s="C" t="C.ar" l="C"/>
		<a id="13" s="C" t="C.ar" l="C"/>
		<a id="14" s="C" t="C.ar" l="C"/>
		<a id="15" s="N" t="N.ar" l="N"/>
		<a id="16" s="C" t="C.ar" l="C"/>
		<a id="17" s="Cl" t="Cl" l="CL"/>
		<a id="18" s="C" t="C.ar" l="C"/>
		<a id="19" s="C" t="C.ar" l="C"/>
		<a id="20" s="H" t="H" l="H"/>
		<a id="21" s="H" t="H" l="H"/>
		<a id="22" s="H" t="H" l="H"/>
		<a id="23" s="H" t="H" l="H"/>
		<a id="24" s="H" t="H" l="H"/>
		<a id="25" s="H" t="H" l="H"/>
		<a id="26" s="H" t="H" l="H"/>
		<a id="27" s="H" t="H" l="H"/>
		<a id="28" s="H" t="H" l="H"/>
	</atoms>
	<bonds>
		<b id="1" c="1 2" t="1"/>
		<b id="2" c="2 3" t="1"/>
		<b id="3" c="2 4" t="1"/>
		<b id="4" c="2 5" t="1"/>
		<b id="5" c="5 6" t="1"/>
		<b id="6" c="6 7" t="ar"/>
		<b id="7" c="7 8" t="ar"/>
		<b id="8" c="8 9" t="ar"/>
		<b id="9" c="9 10" t="ar"/>
		<b id="10" c="10 11" t="1"/>
		<b id="11" c="11 12" t="1"/>
		<b id="12" c="12 13" t="ar"/>
		<b id="13" c="13 14" t="ar"/>
		<b id="14" c="14 15" t="ar"/>
		<b id="15" c="15 16" t="ar"/>
		<b id="16" c="16 17" t="1"/>
		<b id="17" c="16 18" t="ar"/>
		<b id="18" c="12 18" t="ar"/>
		<b id="19" c="10 19" t="ar"/>
		<b id="20" c="6 19" t="ar"/>
		<b id="21" c="7 20" t="1"/>
		<b id="22" c="8 21" t="1"/>
		<b id="23" c="9 22" t="1"/>
		<b id="24" c="11 23" t="1"/>
		<b id="25" c="11 24" t="1"/>
		<b id="26" c="13 25" t="1"/>
		<b id="27" c="14 26" t="1"/>
		<b id="28" c="18 27" t="1"/>
		<b id="29" c="19 28" t="1"/>
	</bonds>
	<geometry>
		<g u="A" t="cart/3d">#28,3:2.8740,0.9084,0.6819;2.2175,-0.0015,-0.0602;2.0575,-1.0697,0.7423;1.0032,0.4906,-0.2820;2.7858,-0.2683,-1.2165;4.1093,-0.7439,-1.2702;4.8625,-1.0795,-0.1608;6.1569,-1.5391,-0.3560;6.6837,-1.6568,-1.6265;5.9226,-1.3134,-2.7389;6.4878,-1.4694,-4.1274;6.4209,-2.9206,-4.5211;7.5272,-3.7580,-4.4082;7.3926,-5.0913,-4.7540;6.2606,-5.6176,-5.1887;5.2172,-4.8226,-5.2928;3.7672,-5.5479,-5.8664;5.2297,-3.4716,-4.9743;4.6272,-0.8604,-2.5519;4.4747,-0.9939,0.8411;6.7536,-1.8037,0.5029;7.6935,-2.0142,-1.7586;7.5251,-1.1323,-4.1434;5.9087,-0.8705,-4.8307;8.4764,-3.3769,-4.0655;8.2239,-5.7794,-4.6857;4.3379,-2.8759,-5.0808;4.0019,-0.5831,-3.3851;</g>
	</geometry>
	<conformers/>
	<properties/>
</molecule>
