<?xml version="1.0" ?>
<!--MOLLI PACKAGE EXPERIMENTAL XML FORMAT-->
<molecule name="el2811">
	<atoms>
		<a id="1" s="C" t="C.3" l="C"/>
		<a id="2" s="C" t="C.ar" l="C"/>
		<a id="3" s="C" t="C.ar" l="C"/>
		<a id="4" s="C" t="C.ar" l="C"/>
		<a id="5" s="C" t="C.1" l="C"/>
		<a id="6" s="N" t="N.1" l="N"/>
		<a id="7" s="N" t="N.ar" l="N"/>
		<a id="8" s="C" t="C.ar" l="C"/>
		<a id="9" s="C" t="C.ar" l="C"/>
		<a id="10" s="O" t="O.3" l="O"/>
		<a id="11" s="C" t="C.ar" l="C"/>
		<a id="12" s="C" t="C.ar" l="C"/>
		<a id="13" s="C" t="C.ar" l="C"/>
		<a id="14" s="Cl" t="Cl" l="CL"/>
		<a id="15" s="C" t="C.ar" l="C"/>
		<a id="16" s="N" t="N.ar" l="N"/>
		<a id="17" s="C" t="C.ar" l="C"/>
		<a id="18" s="N" t="N.ar" l="N"/>
		<a id="19" s="C" t="C.3" l="C"/>
		<a id="20" s="C" t="C.ar" l="C"/>
		<a id="21" s="N" t="N.ar" l="N"/>
		<a id="22" s="H" t="H" l="H"/>
		<a id="23" s="H" t="H" l="H"/>
		<a id="24" s="H" t="H" l="H"/>
		<a id="25" s="H" t="H" l="H"/>
		<a id="26" s="H" t="H" l="H"/>
		<a id="27" s="H" t="H" l="H"/>
		<a id="28" s="H" t="H" l="H"/>
		<a id="29" s="H" t="H" l="H"/>
		<a id="30" s="H" t="H" l="H"/>
		<a id="31" s="H" t="H" l="H"/>
	</atoms>
	<bonds>
		<b id="1" c="1 2" t="1"/>
		<b id="2" c="2 3" t="ar"/>
		<b id="3" c="3 4" t="ar"/>
		<b id="4" c="4 5" t="1"/>
		<b id="5" c="5 6" t="3"/>
		<b id="6" c="4 7" t="ar"/>
		<b id="7" c="7 8" t="ar"/>
		<b id="8" c="8 9" t="ar"/>
		<b id="9" c="2 9" t="ar"/>
		<b id="10" c="9 10" t="1"/>
		<b id="11" c="10 11" t="1"/>
		<b id="12" c="11 12" t="ar"/>
		<b id="13" c="12 13" t="ar"/>
		<b id="14" c="13 14" t="1"/>
		<b id="15" c="13 15" t="ar"/>
		<b id="16" c="15 16" t="ar"/>
		<b id="17" c="16 17" t="ar"/>
		<b id="18" c="17 18" t="ar"/>
		<b id="19" c="18 19" t="1"/>
		<b id="20" c="18 20" t="ar"/>
		<b id="21" c="15 20" t="ar"/>
		<b id="22" c="20 21" t="ar"/>
		<b id="23" c="11 21" t="ar"/>
		<b id="24" c="1 22" t="1"/>
		<b id="25" c="1 23" t="1"/>
		<b id="26" c="1 24" t="1"/>
		<b id="27" c="3 25" t="1"/>
		<b id="28" c="8 26" t="1"/>
		<b id="29" c="12 27" t="1"/>
		<b id="30" c="17 28" t="1"/>
		<b id="31" c="19 29" t="1"/>
		<b id="32" c="19 30" t="1"/>
		<b id="33" c="19 31" t="1"/>
	</bonds>
	<geometry>
		<g u="A" t="cart/3d">#31,3:4.1771,-1.6288,2.1487;3.4552,-2.9045,2.4299;3.8285,-3.7555,3.4562;3.1124,-4.9382,3.6523;3.4855,-5.8135,4.7065;3.8159,-6.4908,5.5695;2.0856,-5.2978,2.8865;1.7205,-4.4960,1.9108;2.3568,-3.2845,1.6410;2.0422,-2.4500,0.6033;0.7928,-2.3584,0.0964;0.6810,-1.6521,-1.1153;-0.5607,-1.4600,-1.6886;-0.7314,-0.6100,-3.1645;-1.6639,-1.9885,-1.0182;-3.0080,-2.0046,-1.2674;-3.5306,-2.6548,-0.2732;-2.6226,-3.0899,0.6494;-2.8665,-3.8300,1.8561;-1.4103,-2.6736,0.1952;-0.2274,-2.8673,0.7615;4.9289,-1.4323,2.9081;3.4719,-0.8000,2.1133;4.6612,-1.6853,1.1744;4.6611,-3.5115,4.0992;0.8874,-4.8343,1.3132;1.5749,-1.2705,-1.5780;-4.5814,-2.8432,-0.1701;-1.9086,-3.9981,2.3452;-3.3321,-4.7903,1.6276;-3.5215,-3.2669,2.5232;</g>
	</geometry>
	<conformers/>
	<properties/>
</molecule>
