<?xml version="1.0" ?>
<!--MOLLI PACKAGE EXPERIMENTAL XML FORMAT-->
<molecule name="el2812">
	<atoms>
		<a id="1" s="C" t="C.3" l="C"/>
		<a id="2" s="C" t="C.3" l="C"/>
		<a id="3" s="C" t="C.3" l="C"/>
		<a id="4" s="C" t="C.3" l="C"/>
		<a id="5" s="O" t="O.3" l="O"/>
		<a id="6" s="C" t="C.2" l="C"/>
		<a id="7" s="O" t="O.2" l="O"/>
		<a id="8" s="N" t="N.am" l="N"/>
		<a id="9" s="C" t="C.3" l="C"/>
		<a id="10" s="C" t="C.2" l="C"/>
		<a id="11" s="C" t="C.2" l="C"/>
		<a id="12" s="C" t="C.ar" l="C"/>
		<a id="13" s="C" t="C.ar" l="C"/>
		<a id="14" s="C" t="C.ar" l="C"/>
		<a id="15" s="C" t="C.ar" l="C"/>
		<a id="16" s="C" t="C.ar" l="C"/>
		<a id="17" s="C" t="C.ar" l="C"/>
		<a id="18" s="C" t="C.ar" l="C"/>
		<a id="19" s="C" t="C.ar" l="C"/>
		<a id="20" s="C" t="C.ar" l="C"/>
		<a id="21" s="N" t="N.ar" l="N"/>
		<a id="22" s="C" t="C.ar" l="C"/>
		<a id="23" s="Cl" t="Cl" l="CL"/>
		<a id="24" s="N" t="N.ar" l="N"/>
		<a id="25" s="C" t="C.3" l="C"/>
		<a id="26" s="C" t="C.3" l="C"/>
		<a id="27" s="H" t="H" l="H"/>
		<a id="28" s="H" t="H" l="H"/>
		<a id="29" s="H" t="H" l="H"/>
		<a id="30" s="H" t="H" l="H"/>
		<a id="31" s="H" t="H" l="H"/>
		<a id="32" s="H" t="H" l="H"/>
		<a id="33" s="H" t="H" l="H"/>
		<a id="34" s="H" t="H" l="H"/>
		<a id="35" s="H" t="H" l="H"/>
		<a id="36" s="H" t="H" l="H"/>
		<a id="37" s="H" t="H" l="H"/>
		<a id="38" s="H" t="H" l="H"/>
		<a id="39" s="H" t="H" l="H"/>
		<a id="40" s="H" t="H" l="H"/>
		<a id="41" s="H" t="H" l="H"/>
		<a id="42" s="H" t="H" l="H"/>
		<a id="43" s="H" t="H" l="H"/>
		<a id="44" s="H" t="H" l="H"/>
		<a id="45" s="H" t="H" l="H"/>
		<a id="46" s="H" t="H" l="H"/>
		<a id="47" s="H" t="H" l="H"/>
		<a id="48" s="H" t="H" l="H"/>
	</atoms>
	<bonds>
		<b id="1" c="1 2" t="1"/>
		<b id="2" c="2 3" t="1"/>
		<b id="3" c="2 4" t="1"/>
		<b id="4" c="2 5" t="1"/>
		<b id="5" c="5 6" t="1"/>
		<b id="6" c="6 7" t="2"/>
		<b id="7" c="6 8" t="am"/>
		<b id="8" c="8 9" t="1"/>
		<b id="9" c="9 10" t="1"/>
		<b id="10" c="10 11" t="2"/>
		<b id="11" c="11 12" t="1"/>
		<b id="12" c="12 13" t="ar"/>
		<b id="13" c="13 14" t="ar"/>
		<b id="14" c="14 15" t="1"/>
		<b id="15" c="15 16" t="ar"/>
		<b id="16" c="16 17" t="ar"/>
		<b id="17" c="17 18" t="ar"/>
		<b id="18" c="18 19" t="ar"/>
		<b id="19" c="19 20" t="ar"/>
		<b id="20" c="15 20" t="ar"/>
		<b id="21" c="14 21" t="ar"/>
		<b id="22" c="21 22" t="ar"/>
		<b id="23" c="22 23" t="1"/>
		<b id="24" c="22 24" t="ar"/>
		<b id="25" c="12 24" t="ar"/>
		<b id="26" c="11 25" t="1"/>
		<b id="27" c="25 26" t="1"/>
		<b id="28" c="8 26" t="1"/>
		<b id="29" c="1 27" t="1"/>
		<b id="30" c="1 28" t="1"/>
		<b id="31" c="1 29" t="1"/>
		<b id="32" c="3 30" t="1"/>
		<b id="33" c="3 31" t="1"/>
		<b id="34" c="3 32" t="1"/>
		<b id="35" c="4 33" t="1"/>
		<b id="36" c="4 34" t="1"/>
		<b id="37" c="4 35" t="1"/>
		<b id="38" c="9 36" t="1"/>
		<b id="39" c="9 37" t="1"/>
		<b id="40" c="10 38" t="1"/>
		<b id="41" c="13 39" t="1"/>
		<b id="42" c="16 40" t="1"/>
		<b id="43" c="17 41" t="1"/>
		<b id="44" c="18 42" t="1"/>
		<b id="45" c="19 43" t="1"/>
		<b id="46" c="20 44" t="1"/>
		<b id="47" c="25 45" t="1"/>
		<b id="48" c="25 46" t="1"/>
		<b id="49" c="26 47" t="1"/>
		<b id="50" c="26 48" t="1"/>
	</bonds>
	<geometry>
		<g u="A" t="cart/3d">#48,3:4.1617,-0.7976,-1.1254;3.0147,-0.7276,-0.1177;2.3558,0.6512,-0.1297;1.9802,-1.8163,-0.4095;3.4895,-1.0471,1.2123;4.4118,-0.2695,1.8065;4.9561,0.6918,1.3111;4.6583,-0.6768,3.0777;5.7256,-0.0507,3.8251;6.6485,-1.0481,4.4345;6.4543,-2.3706,4.3977;7.4356,-3.2693,5.0020;7.4505,-4.6457,4.7705;8.4370,-5.4042,5.4006;8.5589,-6.8563,5.2428;8.0287,-7.5270,4.1415;8.1595,-8.8987,4.0326;8.8159,-9.6184,5.0178;9.3550,-8.9583,6.1108;9.2322,-7.5873,6.2218;9.3229,-4.8205,6.2140;9.2241,-3.5189,6.3555;10.3726,-2.7880,7.3924;8.3520,-2.7107,5.8027;5.2334,-2.9501,3.7340;4.1366,-1.8837,3.6695;3.7768,-0.6394,-2.1288;4.6410,-1.7734,-1.0806;4.8998,-0.0322,-0.9041;1.9198,0.8396,-1.1066;3.0934,1.4197,0.0833;1.5713,0.6974,0.6230;1.5581,-1.6703,-1.3991;1.1808,-1.7792,0.3261;2.4468,-2.7970,-0.3641;5.3055,0.5809,4.6226;6.2685,0.6090,3.1403;7.5181,-0.6536,4.9372;6.7211,-5.1098,4.1304;7.5353,-6.9781,3.3537;7.7523,-9.4087,3.1726;8.9133,-10.6902,4.9291;9.8740,-9.5157,6.8766;9.6478,-7.0574,7.0640;4.8653,-3.8119,4.2934;5.4810,-3.2780,2.7202;3.8006,-1.6469,4.6853;3.2875,-2.2321,3.0837;</g>
	</geometry>
	<conformers/>
	<properties/>
</molecule>
