<?xml version="1.0" ?>
<!--MOLLI PACKAGE EXPERIMENTAL XML FORMAT-->
<molecule name="el2819">
	<atoms>
		<a id="1" s="Cl" t="Cl" l="CL"/>
		<a id="2" s="C" t="C.ar" l="C"/>
		<a id="3" s="C" t="C.ar" l="C"/>
		<a id="4" s="C" t="C.ar" l="C"/>
		<a id="5" s="N" t="N.ar" l="N"/>
		<a id="6" s="C" t="C.ar" l="C"/>
		<a id="7" s="C" t="C.ar" l="C"/>
		<a id="8" s="N" t="N.ar" l="N"/>
		<a id="9" s="C" t="C.ar" l="C"/>
		<a id="10" s="C" t="C.ar" l="C"/>
		<a id="11" s="C" t="C.ar" l="C"/>
		<a id="12" s="C" t="C.ar" l="C"/>
		<a id="13" s="C" t="C.ar" l="C"/>
		<a id="14" s="C" t="C.ar" l="C"/>
		<a id="15" s="C" t="C.ar" l="C"/>
		<a id="16" s="C" t="C.ar" l="C"/>
		<a id="17" s="C" t="C.ar" l="C"/>
		<a id="18" s="N" t="N.ar" l="N"/>
		<a id="19" s="H" t="H" l="H"/>
		<a id="20" s="H" t="H" l="H"/>
		<a id="21" s="H" t="H" l="H"/>
		<a id="22" s="H" t="H" l="H"/>
		<a id="23" s="H" t="H" l="H"/>
		<a id="24" s="H" t="H" l="H"/>
		<a id="25" s="H" t="H" l="H"/>
		<a id="26" s="H" t="H" l="H"/>
		<a id="27" s="H" t="H" l="H"/>
		<a id="28" s="H" t="H" l="H"/>
	</atoms>
	<bonds>
		<b id="1" c="1 2" t="1"/>
		<b id="2" c="2 3" t="ar"/>
		<b id="3" c="3 4" t="ar"/>
		<b id="4" c="4 5" t="1"/>
		<b id="5" c="5 6" t="ar"/>
		<b id="6" c="6 7" t="ar"/>
		<b id="7" c="7 8" t="ar"/>
		<b id="8" c="8 9" t="ar"/>
		<b id="9" c="5 9" t="ar"/>
		<b id="10" c="9 10" t="1"/>
		<b id="11" c="10 11" t="ar"/>
		<b id="12" c="11 12" t="ar"/>
		<b id="13" c="12 13" t="ar"/>
		<b id="14" c="13 14" t="ar"/>
		<b id="15" c="14 15" t="ar"/>
		<b id="16" c="10 15" t="ar"/>
		<b id="17" c="4 16" t="ar"/>
		<b id="18" c="16 17" t="ar"/>
		<b id="19" c="17 18" t="ar"/>
		<b id="20" c="2 18" t="ar"/>
		<b id="21" c="3 19" t="1"/>
		<b id="22" c="6 20" t="1"/>
		<b id="23" c="7 21" t="1"/>
		<b id="24" c="11 22" t="1"/>
		<b id="25" c="12 23" t="1"/>
		<b id="26" c="13 24" t="1"/>
		<b id="27" c="14 25" t="1"/>
		<b id="28" c="15 26" t="1"/>
		<b id="29" c="16 27" t="1"/>
		<b id="30" c="17 28" t="1"/>
	</bonds>
	<geometry>
		<g u="A" t="cart/3d">#28,3:2.3439,-2.6810,-0.3622;1.6097,-1.1628,-0.0413;2.3634,-0.0043,-0.1638;1.7230,1.2054,0.0928;2.4141,2.4117,-0.0083;2.3498,3.4346,0.9087;3.2642,4.3609,0.5095;3.8752,3.9516,-0.6308;3.3633,2.7874,-0.9350;3.6951,2.0430,-2.1407;5.0103,2.0636,-2.6017;5.3548,1.3815,-3.7528;4.3929,0.6780,-4.4596;3.0792,0.6740,-4.0203;2.7268,1.3553,-2.8706;0.3823,1.1855,0.4816;-0.2514,-0.0398,0.5777;0.3429,-1.1916,0.3172;3.4016,-0.0428,-0.4486;1.7066,3.3888,1.7631;3.5188,5.2969,0.9643;5.7456,2.6202,-2.0422;6.3770,1.3971,-4.1006;4.6636,0.1406,-5.3561;2.3233,0.1416,-4.5782;1.6942,1.3683,-2.5515;-0.1464,2.1029,0.6855;-1.2895,-0.1119,0.8705;</g>
	</geometry>
	<conformers/>
	<properties/>
</molecule>
