<?xml version="1.0" ?>
<!--MOLLI PACKAGE EXPERIMENTAL XML FORMAT-->
<molecule name="el2820">
	<atoms>
		<a id="1" s="C" t="C.3" l="C"/>
		<a id="2" s="Si" t="Si" l="SI"/>
		<a id="3" s="C" t="C.3" l="C"/>
		<a id="4" s="C" t="C.3" l="C"/>
		<a id="5" s="C" t="C.3" l="C"/>
		<a id="6" s="C" t="C.3" l="C"/>
		<a id="7" s="O" t="O.3" l="O"/>
		<a id="8" s="C" t="C.3" l="C"/>
		<a id="9" s="N" t="N.ar" l="N"/>
		<a id="10" s="C" t="C.ar" l="C"/>
		<a id="11" s="N" t="N.ar" l="N"/>
		<a id="12" s="C" t="C.ar" l="C"/>
		<a id="13" s="C" t="C.ar" l="C"/>
		<a id="14" s="Cl" t="Cl" l="CL"/>
		<a id="15" s="N" t="N.ar" l="N"/>
		<a id="16" s="C" t="C.ar" l="C"/>
		<a id="17" s="N" t="N.ar" l="N"/>
		<a id="18" s="C" t="C.ar" l="C"/>
		<a id="19" s="H" t="H" l="H"/>
		<a id="20" s="H" t="H" l="H"/>
		<a id="21" s="H" t="H" l="H"/>
		<a id="22" s="H" t="H" l="H"/>
		<a id="23" s="H" t="H" l="H"/>
		<a id="24" s="H" t="H" l="H"/>
		<a id="25" s="H" t="H" l="H"/>
		<a id="26" s="H" t="H" l="H"/>
		<a id="27" s="H" t="H" l="H"/>
		<a id="28" s="H" t="H" l="H"/>
		<a id="29" s="H" t="H" l="H"/>
		<a id="30" s="H" t="H" l="H"/>
		<a id="31" s="H" t="H" l="H"/>
		<a id="32" s="H" t="H" l="H"/>
		<a id="33" s="H" t="H" l="H"/>
		<a id="34" s="H" t="H" l="H"/>
		<a id="35" s="H" t="H" l="H"/>
	</atoms>
	<bonds>
		<b id="1" c="1 2" t="1"/>
		<b id="2" c="2 3" t="1"/>
		<b id="3" c="2 4" t="1"/>
		<b id="4" c="2 5" t="1"/>
		<b id="5" c="5 6" t="1"/>
		<b id="6" c="6 7" t="1"/>
		<b id="7" c="7 8" t="1"/>
		<b id="8" c="8 9" t="1"/>
		<b id="9" c="9 10" t="ar"/>
		<b id="10" c="10 11" t="ar"/>
		<b id="11" c="11 12" t="ar"/>
		<b id="12" c="12 13" t="ar"/>
		<b id="13" c="13 14" t="1"/>
		<b id="14" c="13 15" t="ar"/>
		<b id="15" c="15 16" t="ar"/>
		<b id="16" c="16 17" t="ar"/>
		<b id="17" c="17 18" t="ar"/>
		<b id="18" c="12 18" t="ar"/>
		<b id="19" c="9 18" t="ar"/>
		<b id="20" c="1 19" t="1"/>
		<b id="21" c="1 20" t="1"/>
		<b id="22" c="1 21" t="1"/>
		<b id="23" c="3 22" t="1"/>
		<b id="24" c="3 23" t="1"/>
		<b id="25" c="3 24" t="1"/>
		<b id="26" c="4 25" t="1"/>
		<b id="27" c="4 26" t="1"/>
		<b id="28" c="4 27" t="1"/>
		<b id="29" c="5 28" t="1"/>
		<b id="30" c="5 29" t="1"/>
		<b id="31" c="6 30" t="1"/>
		<b id="32" c="6 31" t="1"/>
		<b id="33" c="8 32" t="1"/>
		<b id="34" c="8 33" t="1"/>
		<b id="35" c="10 34" t="1"/>
		<b id="36" c="16 35" t="1"/>
	</bonds>
	<geometry>
		<g u="A" t="cart/3d">#35,3:3.5184,-0.0523,-2.0187;2.8987,-0.1541,-0.2168;3.3495,1.4528,0.7107;1.0110,-0.4160,-0.1833;3.7119,-1.6542,0.6576;5.2084,-1.5053,0.8395;5.7064,-2.6738,1.4712;7.0772,-2.6213,1.7280;7.4799,-3.8699,2.3029;6.9917,-4.4618,3.4377;7.5088,-5.6191,3.6994;8.4002,-5.8490,2.6875;9.2882,-6.8660,2.3499;9.4742,-8.2693,3.2996;10.0277,-6.7619,1.2628;9.9174,-5.6805,0.5048;9.1318,-4.6395,0.7005;8.3830,-4.7481,1.7888;3.0152,0.7412,-2.5629;3.3359,-0.9800,-2.5531;4.5849,0.1482,-2.0650;2.7772,2.2958,0.3358;4.4012,1.6983,0.5953;3.1457,1.3691,1.7741;0.4965,0.3907,-0.6954;0.6313,-0.4520,0.8331;0.7295,-1.3442,-0.6705;3.5314,-2.5662,0.0899;3.2657,-1.8095,1.6393;5.4391,-0.6291,1.4631;5.7099,-1.3740,-0.1298;7.3080,-1.7953,2.4284;7.6612,-2.4809,0.8038;6.2408,-3.9883,4.0379;10.5478,-5.6517,-0.3719;</g>
	</geometry>
	<conformers/>
	<properties/>
</molecule>
