<?xml version="1.0" ?>
<!--MOLLI PACKAGE EXPERIMENTAL XML FORMAT-->
<molecule name="el2823">
	<atoms>
		<a id="1" s="N" t="N.pl3" l="N"/>
		<a id="2" s="C" t="C.ar" l="C"/>
		<a id="3" s="C" t="C.ar" l="C"/>
		<a id="4" s="C" t="C.ar" l="C"/>
		<a id="5" s="C" t="C.ar" l="C"/>
		<a id="6" s="N" t="N.ar" l="N"/>
		<a id="7" s="C" t="C.ar" l="C"/>
		<a id="8" s="Cl" t="Cl" l="CL"/>
		<a id="9" s="H" t="H" l="H"/>
		<a id="10" s="H" t="H" l="H"/>
		<a id="11" s="H" t="H" l="H"/>
		<a id="12" s="H" t="H" l="H"/>
		<a id="13" s="H" t="H" l="H"/>
	</atoms>
	<bonds>
		<b id="1" c="1 2" t="1"/>
		<b id="2" c="2 3" t="ar"/>
		<b id="3" c="3 4" t="ar"/>
		<b id="4" c="4 5" t="ar"/>
		<b id="5" c="5 6" t="ar"/>
		<b id="6" c="6 7" t="ar"/>
		<b id="7" c="2 7" t="ar"/>
		<b id="8" c="7 8" t="1"/>
		<b id="9" c="1 9" t="1"/>
		<b id="10" c="1 10" t="1"/>
		<b id="11" c="3 11" t="1"/>
		<b id="12" c="4 12" t="1"/>
		<b id="13" c="5 13" t="1"/>
	</bonds>
	<geometry>
		<g u="A" t="cart/3d">#13,3:1.0268,-0.0530,-0.1091;2.3721,-0.0086,0.1092;3.0970,1.1856,0.1267;4.4714,1.1559,0.2858;5.1011,-0.0690,0.4299;4.4325,-1.2126,0.4214;3.1358,-1.1779,0.2678;2.3268,-2.7121,0.2790;0.4952,0.7876,0.0356;0.5679,-0.9278,0.0874;2.5720,2.1232,0.0126;5.0408,2.0716,0.2991;6.1696,-0.1567,0.5581;</g>
	</geometry>
	<conformers/>
	<properties/>
</molecule>
