<?xml version="1.0" ?>
<!--MOLLI PACKAGE EXPERIMENTAL XML FORMAT-->
<molecule name="el2824">
	<atoms>
		<a id="1" s="Cl" t="Cl" l="CL"/>
		<a id="2" s="C" t="C.ar" l="C"/>
		<a id="3" s="N" t="N.ar" l="N"/>
		<a id="4" s="C" t="C.ar" l="C"/>
		<a id="5" s="C" t="C.ar" l="C"/>
		<a id="6" s="N" t="N.ar" l="N"/>
		<a id="7" s="C" t="C.ar" l="C"/>
		<a id="8" s="C" t="C.ar" l="C"/>
		<a id="9" s="C" t="C.ar" l="C"/>
		<a id="10" s="C" t="C.ar" l="C"/>
		<a id="11" s="N" t="N.ar" l="N"/>
		<a id="12" s="H" t="H" l="H"/>
		<a id="13" s="H" t="H" l="H"/>
		<a id="14" s="H" t="H" l="H"/>
		<a id="15" s="H" t="H" l="H"/>
	</atoms>
	<bonds>
		<b id="1" c="1 2" t="1"/>
		<b id="2" c="2 3" t="ar"/>
		<b id="3" c="3 4" t="ar"/>
		<b id="4" c="4 5" t="ar"/>
		<b id="5" c="5 6" t="ar"/>
		<b id="6" c="6 7" t="ar"/>
		<b id="7" c="7 8" t="ar"/>
		<b id="8" c="8 9" t="ar"/>
		<b id="9" c="9 10" t="ar"/>
		<b id="10" c="5 10" t="ar"/>
		<b id="11" c="10 11" t="ar"/>
		<b id="12" c="2 11" t="ar"/>
		<b id="13" c="4 12" t="1"/>
		<b id="14" c="7 13" t="1"/>
		<b id="15" c="8 14" t="1"/>
		<b id="16" c="9 15" t="1"/>
	</bonds>
	<geometry>
		<g u="A" t="cart/3d">#15,3:1.1698,0.0959,0.1514;2.8684,0.0631,0.0405;3.4621,1.2652,0.0133;4.7632,1.2839,-0.0697;5.5258,0.0938,-0.1288;6.8681,0.1240,-0.2166;7.4974,-1.0155,-0.2656;6.8609,-2.2749,-0.2315;5.4973,-2.3346,-0.1429;4.7832,-1.1181,-0.0889;3.4379,-1.1052,-0.0028;5.2457,2.2515,-0.0935;8.5755,-0.9539,-0.3356;7.4573,-3.1732,-0.2757;4.9506,-3.2641,-0.1135;</g>
	</geometry>
	<conformers/>
	<properties/>
</molecule>
