<?xml version="1.0" ?>
<!--MOLLI PACKAGE EXPERIMENTAL XML FORMAT-->
<molecule name="el2830">
	<atoms>
		<a id="1" s="C" t="C.3" l="C"/>
		<a id="2" s="C" t="C.ar" l="C"/>
		<a id="3" s="C" t="C.ar" l="C"/>
		<a id="4" s="N" t="N.ar" l="N"/>
		<a id="5" s="C" t="C.ar" l="C"/>
		<a id="6" s="C" t="C.ar" l="C"/>
		<a id="7" s="C" t="C.ar" l="C"/>
		<a id="8" s="C" t="C.ar" l="C"/>
		<a id="9" s="C" t="C.ar" l="C"/>
		<a id="10" s="Cl" t="Cl" l="CL"/>
		<a id="11" s="N" t="N.ar" l="N"/>
		<a id="12" s="C" t="C.ar" l="C"/>
		<a id="13" s="C" t="C.ar" l="C"/>
		<a id="14" s="C" t="C.ar" l="C"/>
		<a id="15" s="C" t="C.1" l="C"/>
		<a id="16" s="N" t="N.1" l="N"/>
		<a id="17" s="C" t="C.ar" l="C"/>
		<a id="18" s="N" t="N.ar" l="N"/>
		<a id="19" s="C" t="C.3" l="C"/>
		<a id="20" s="O" t="O.3" l="O"/>
		<a id="21" s="C" t="C.3" l="C"/>
		<a id="22" s="C" t="C.3" l="C"/>
		<a id="23" s="Si" t="Si" l="SI"/>
		<a id="24" s="C" t="C.3" l="C"/>
		<a id="25" s="C" t="C.3" l="C"/>
		<a id="26" s="C" t="C.3" l="C"/>
		<a id="27" s="C" t="C.ar" l="C"/>
		<a id="28" s="H" t="H" l="H"/>
		<a id="29" s="H" t="H" l="H"/>
		<a id="30" s="H" t="H" l="H"/>
		<a id="31" s="H" t="H" l="H"/>
		<a id="32" s="H" t="H" l="H"/>
		<a id="33" s="H" t="H" l="H"/>
		<a id="34" s="H" t="H" l="H"/>
		<a id="35" s="H" t="H" l="H"/>
		<a id="36" s="H" t="H" l="H"/>
		<a id="37" s="H" t="H" l="H"/>
		<a id="38" s="H" t="H" l="H"/>
		<a id="39" s="H" t="H" l="H"/>
		<a id="40" s="H" t="H" l="H"/>
		<a id="41" s="H" t="H" l="H"/>
		<a id="42" s="H" t="H" l="H"/>
		<a id="43" s="H" t="H" l="H"/>
		<a id="44" s="H" t="H" l="H"/>
		<a id="45" s="H" t="H" l="H"/>
		<a id="46" s="H" t="H" l="H"/>
		<a id="47" s="H" t="H" l="H"/>
		<a id="48" s="H" t="H" l="H"/>
		<a id="49" s="H" t="H" l="H"/>
		<a id="50" s="H" t="H" l="H"/>
	</atoms>
	<bonds>
		<b id="1" c="1 2" t="1"/>
		<b id="2" c="2 3" t="ar"/>
		<b id="3" c="3 4" t="ar"/>
		<b id="4" c="4 5" t="ar"/>
		<b id="5" c="5 6" t="ar"/>
		<b id="6" c="6 7" t="1"/>
		<b id="7" c="7 8" t="ar"/>
		<b id="8" c="8 9" t="ar"/>
		<b id="9" c="9 10" t="1"/>
		<b id="10" c="9 11" t="ar"/>
		<b id="11" c="11 12" t="ar"/>
		<b id="12" c="12 13" t="ar"/>
		<b id="13" c="7 13" t="ar"/>
		<b id="14" c="13 14" t="ar"/>
		<b id="15" c="14 15" t="1"/>
		<b id="16" c="15 16" t="3"/>
		<b id="17" c="14 17" t="ar"/>
		<b id="18" c="17 18" t="ar"/>
		<b id="19" c="12 18" t="ar"/>
		<b id="20" c="18 19" t="1"/>
		<b id="21" c="19 20" t="1"/>
		<b id="22" c="20 21" t="1"/>
		<b id="23" c="21 22" t="1"/>
		<b id="24" c="22 23" t="1"/>
		<b id="25" c="23 24" t="1"/>
		<b id="26" c="23 25" t="1"/>
		<b id="27" c="23 26" t="1"/>
		<b id="28" c="6 27" t="ar"/>
		<b id="29" c="2 27" t="ar"/>
		<b id="30" c="1 28" t="1"/>
		<b id="31" c="1 29" t="1"/>
		<b id="32" c="1 30" t="1"/>
		<b id="33" c="3 31" t="1"/>
		<b id="34" c="5 32" t="1"/>
		<b id="35" c="8 33" t="1"/>
		<b id="36" c="17 34" t="1"/>
		<b id="37" c="19 35" t="1"/>
		<b id="38" c="19 36" t="1"/>
		<b id="39" c="21 37" t="1"/>
		<b id="40" c="21 38" t="1"/>
		<b id="41" c="22 39" t="1"/>
		<b id="42" c="22 40" t="1"/>
		<b id="43" c="24 41" t="1"/>
		<b id="44" c="24 42" t="1"/>
		<b id="45" c="24 43" t="1"/>
		<b id="46" c="25 44" t="1"/>
		<b id="47" c="25 45" t="1"/>
		<b id="48" c="25 46" t="1"/>
		<b id="49" c="26 47" t="1"/>
		<b id="50" c="26 48" t="1"/>
		<b id="51" c="26 49" t="1"/>
		<b id="52" c="27 50" t="1"/>
	</bonds>
	<geometry>
		<g u="A" t="cart/3d">#50,3:-1.9618,-2.5568,-0.0641;-1.1471,-1.3065,-0.0164;0.2441,-1.3269,-0.0366;0.9967,-0.2430,0.0353;0.4069,0.9287,0.1447;-0.9804,1.0855,0.1719;-1.5861,2.4098,0.3228;-1.1574,3.4928,-0.4358;-1.7597,4.7400,-0.2699;-1.2213,6.0667,-1.2202;-2.7334,5.0045,0.5748;-3.1288,3.9765,1.3127;-2.6100,2.6612,1.2479;-3.3130,1.9196,2.2553;-3.1386,0.5783,2.6195;-3.0100,-0.5187,2.9325;-4.1989,2.7949,2.8416;-4.1050,4.0238,2.2657;-4.7840,5.2276,2.6961;-4.2608,5.7423,3.8713;-2.9501,6.2875,3.7392;-2.5600,6.9486,5.0444;-0.7802,7.6602,5.0060;-0.4117,8.4001,6.7240;0.4538,6.2562,4.6194;-0.6569,9.0124,3.6656;-1.7588,-0.0627,0.0724;-1.3326,-3.4265,-0.2336;-2.7097,-2.4989,-0.8533;-2.4849,-2.6791,0.8840;0.7836,-2.2617,-0.1187;1.0635,1.7843,0.2335;-0.3747,3.3710,-1.1665;-4.8916,2.6133,3.6408;-5.8338,4.9938,2.9017;-4.6998,5.9433,1.8638;-2.9445,7.0112,2.9138;-2.2410,5.4867,3.4926;-2.6557,6.2092,5.8391;-3.2850,7.7321,5.2622;-0.4692,7.6467,7.5033;-1.1145,9.1875,6.9777;0.5847,8.8288,6.7573;0.3236,5.4143,5.2932;1.4805,6.5954,4.7171;0.3295,5.8877,3.6052;-1.4064,9.7853,3.8088;-0.7965,8.5992,2.6710;0.3156,9.4951,3.6828;-2.8369,0.0109,0.0482;</g>
	</geometry>
	<conformers/>
	<properties/>
</molecule>
