<?xml version="1.0" ?>
<!--MOLLI PACKAGE EXPERIMENTAL XML FORMAT-->
<molecule name="el2832">
	<atoms>
		<a id="1" s="C" t="C.3" l="C"/>
		<a id="2" s="C" t="C.3" l="C"/>
		<a id="3" s="C" t="C.3" l="C"/>
		<a id="4" s="C" t="C.3" l="C"/>
		<a id="5" s="O" t="O.3" l="O"/>
		<a id="6" s="C" t="C.2" l="C"/>
		<a id="7" s="O" t="O.2" l="O"/>
		<a id="8" s="N" t="N.am" l="N"/>
		<a id="9" s="C" t="C.3" l="C"/>
		<a id="10" s="C" t="C.2" l="C"/>
		<a id="11" s="C" t="C.2" l="C"/>
		<a id="12" s="C" t="C.ar" l="C"/>
		<a id="13" s="C" t="C.ar" l="C"/>
		<a id="14" s="C" t="C.ar" l="C"/>
		<a id="15" s="Cl" t="Cl" l="CL"/>
		<a id="16" s="N" t="N.ar" l="N"/>
		<a id="17" s="C" t="C.ar" l="C"/>
		<a id="18" s="N" t="N.pl3" l="N"/>
		<a id="19" s="C" t="C.3" l="C"/>
		<a id="20" s="C" t="C.3" l="C"/>
		<a id="21" s="C" t="C.3" l="C"/>
		<a id="22" s="F" t="F" l="F"/>
		<a id="23" s="F" t="F" l="F"/>
		<a id="24" s="C" t="C.3" l="C"/>
		<a id="25" s="C" t="C.ar" l="C"/>
		<a id="26" s="C" t="C.3" l="C"/>
		<a id="27" s="C" t="C.3" l="C"/>
		<a id="28" s="H" t="H" l="H"/>
		<a id="29" s="H" t="H" l="H"/>
		<a id="30" s="H" t="H" l="H"/>
		<a id="31" s="H" t="H" l="H"/>
		<a id="32" s="H" t="H" l="H"/>
		<a id="33" s="H" t="H" l="H"/>
		<a id="34" s="H" t="H" l="H"/>
		<a id="35" s="H" t="H" l="H"/>
		<a id="36" s="H" t="H" l="H"/>
		<a id="37" s="H" t="H" l="H"/>
		<a id="38" s="H" t="H" l="H"/>
		<a id="39" s="H" t="H" l="H"/>
		<a id="40" s="H" t="H" l="H"/>
		<a id="41" s="H" t="H" l="H"/>
		<a id="42" s="H" t="H" l="H"/>
		<a id="43" s="H" t="H" l="H"/>
		<a id="44" s="H" t="H" l="H"/>
		<a id="45" s="H" t="H" l="H"/>
		<a id="46" s="H" t="H" l="H"/>
		<a id="47" s="H" t="H" l="H"/>
		<a id="48" s="H" t="H" l="H"/>
		<a id="49" s="H" t="H" l="H"/>
		<a id="50" s="H" t="H" l="H"/>
		<a id="51" s="H" t="H" l="H"/>
	</atoms>
	<bonds>
		<b id="1" c="1 2" t="1"/>
		<b id="2" c="2 3" t="1"/>
		<b id="3" c="2 4" t="1"/>
		<b id="4" c="2 5" t="1"/>
		<b id="5" c="5 6" t="1"/>
		<b id="6" c="6 7" t="2"/>
		<b id="7" c="6 8" t="am"/>
		<b id="8" c="8 9" t="1"/>
		<b id="9" c="9 10" t="1"/>
		<b id="10" c="10 11" t="2"/>
		<b id="11" c="11 12" t="1"/>
		<b id="12" c="12 13" t="ar"/>
		<b id="13" c="13 14" t="ar"/>
		<b id="14" c="14 15" t="1"/>
		<b id="15" c="14 16" t="ar"/>
		<b id="16" c="16 17" t="ar"/>
		<b id="17" c="17 18" t="1"/>
		<b id="18" c="18 19" t="1"/>
		<b id="19" c="19 20" t="1"/>
		<b id="20" c="20 21" t="1"/>
		<b id="21" c="21 22" t="1"/>
		<b id="22" c="21 23" t="1"/>
		<b id="23" c="21 24" t="1"/>
		<b id="24" c="18 24" t="1"/>
		<b id="25" c="17 25" t="ar"/>
		<b id="26" c="12 25" t="ar"/>
		<b id="27" c="11 26" t="1"/>
		<b id="28" c="26 27" t="1"/>
		<b id="29" c="8 27" t="1"/>
		<b id="30" c="1 28" t="1"/>
		<b id="31" c="1 29" t="1"/>
		<b id="32" c="1 30" t="1"/>
		<b id="33" c="3 31" t="1"/>
		<b id="34" c="3 32" t="1"/>
		<b id="35" c="3 33" t="1"/>
		<b id="36" c="4 34" t="1"/>
		<b id="37" c="4 35" t="1"/>
		<b id="38" c="4 36" t="1"/>
		<b id="39" c="9 37" t="1"/>
		<b id="40" c="9 38" t="1"/>
		<b id="41" c="10 39" t="1"/>
		<b id="42" c="13 40" t="1"/>
		<b id="43" c="19 41" t="1"/>
		<b id="44" c="19 42" t="1"/>
		<b id="45" c="20 43" t="1"/>
		<b id="46" c="20 44" t="1"/>
		<b id="47" c="24 45" t="1"/>
		<b id="48" c="24 46" t="1"/>
		<b id="49" c="25 47" t="1"/>
		<b id="50" c="26 48" t="1"/>
		<b id="51" c="26 49" t="1"/>
		<b id="52" c="27 50" t="1"/>
		<b id="53" c="27 51" t="1"/>
	</bonds>
	<geometry>
		<g u="A" t="cart/3d">#51,3:3.8346,-1.1598,-1.4252;2.9746,-0.6948,-0.2506;2.7374,0.8139,-0.3071;1.6414,-1.4449,-0.2354;3.5927,-1.0591,1.0069;4.7938,-0.5538,1.3411;5.4805,0.1632,0.6468;5.1582,-0.9266,2.5930;6.4736,-0.5770,3.0778;7.1705,-1.7319,3.7192;6.6130,-2.9251,3.9265;7.3477,-4.0250,4.5644;8.3124,-3.7677,5.5473;8.9585,-4.8518,6.1040;10.1534,-4.6007,7.3204;8.7362,-6.1096,5.7901;7.8180,-6.3675,4.8545;7.6498,-7.6773,4.5475;8.3237,-8.7284,5.2833;8.1672,-9.9511,4.3863;6.8211,-9.7120,3.7085;6.7612,-10.2600,2.4659;5.8067,-10.3083,4.3951;6.6301,-8.1908,3.6681;7.0962,-5.3458,4.2202;5.1913,-3.1806,3.4966;4.4316,-1.8545,3.4242;3.3169,-0.9585,-2.3587;4.0249,-2.2283,-1.3498;4.7840,-0.6322,-1.4245;2.1948,1.0657,-1.2137;3.6870,1.3416,-0.3043;2.1543,1.1329,0.5545;1.0856,-1.2307,-1.1432;1.0502,-1.1379,0.6234;1.8155,-2.5157,-0.1702;6.3975,0.2427,3.8094;7.0515,-0.2010,2.2276;8.1918,-1.5370,4.0099;8.5290,-2.7676,5.8790;7.8411,-8.8884,6.2557;9.3609,-8.4427,5.4558;8.1701,-10.8908,4.9337;8.9350,-9.9790,3.6135;5.6171,-7.9350,4.0034;6.7672,-7.8345,2.6408;6.3712,-5.5860,3.4619;4.6993,-3.8536,4.2011;5.1808,-3.6510,2.5092;4.3495,-1.4249,4.4292;3.4336,-1.9972,3.0134;</g>
	</geometry>
	<conformers/>
	<properties/>
</molecule>
