<?xml version="1.0" ?>
<!--MOLLI PACKAGE EXPERIMENTAL XML FORMAT-->
<molecule name="el2842">
	<atoms>
		<a id="1" s="F" t="F" l="F"/>
		<a id="2" s="C" t="C.3" l="C"/>
		<a id="3" s="C" t="C.3" l="C"/>
		<a id="4" s="C" t="C.3" l="C"/>
		<a id="5" s="O" t="O.3" l="O"/>
		<a id="6" s="C" t="C.ar" l="C"/>
		<a id="7" s="C" t="C.ar" l="C"/>
		<a id="8" s="C" t="C.ar" l="C"/>
		<a id="9" s="C" t="C.ar" l="C"/>
		<a id="10" s="N" t="N.ar" l="N"/>
		<a id="11" s="C" t="C.ar" l="C"/>
		<a id="12" s="Cl" t="Cl" l="CL"/>
		<a id="13" s="C" t="C.ar" l="C"/>
		<a id="14" s="C" t="C.ar" l="C"/>
		<a id="15" s="C" t="C.ar" l="C"/>
		<a id="16" s="C" t="C.ar" l="C"/>
		<a id="17" s="H" t="H" l="H"/>
		<a id="18" s="H" t="H" l="H"/>
		<a id="19" s="H" t="H" l="H"/>
		<a id="20" s="H" t="H" l="H"/>
		<a id="21" s="H" t="H" l="H"/>
		<a id="22" s="H" t="H" l="H"/>
		<a id="23" s="H" t="H" l="H"/>
		<a id="24" s="H" t="H" l="H"/>
		<a id="25" s="H" t="H" l="H"/>
		<a id="26" s="H" t="H" l="H"/>
		<a id="27" s="H" t="H" l="H"/>
	</atoms>
	<bonds>
		<b id="1" c="1 2" t="1"/>
		<b id="2" c="2 3" t="1"/>
		<b id="3" c="3 4" t="1"/>
		<b id="4" c="4 5" t="1"/>
		<b id="5" c="5 6" t="1"/>
		<b id="6" c="6 7" t="ar"/>
		<b id="7" c="7 8" t="ar"/>
		<b id="8" c="8 9" t="ar"/>
		<b id="9" c="9 10" t="ar"/>
		<b id="10" c="10 11" t="ar"/>
		<b id="11" c="11 12" t="1"/>
		<b id="12" c="11 13" t="ar"/>
		<b id="13" c="13 14" t="ar"/>
		<b id="14" c="14 15" t="ar"/>
		<b id="15" c="9 15" t="ar"/>
		<b id="16" c="15 16" t="ar"/>
		<b id="17" c="6 16" t="ar"/>
		<b id="18" c="2 17" t="1"/>
		<b id="19" c="2 18" t="1"/>
		<b id="20" c="3 19" t="1"/>
		<b id="21" c="3 20" t="1"/>
		<b id="22" c="4 21" t="1"/>
		<b id="23" c="4 22" t="1"/>
		<b id="24" c="7 23" t="1"/>
		<b id="25" c="8 24" t="1"/>
		<b id="26" c="13 25" t="1"/>
		<b id="27" c="14 26" t="1"/>
		<b id="28" c="16 27" t="1"/>
	</bonds>
	<geometry>
		<g u="A" t="cart/3d">#27,3:2.3370,-0.2926,3.0544;2.1379,-0.3464,1.6956;2.8530,-1.5498,1.1025;4.3639,-1.4573,1.3048;4.9380,-2.6061,0.7151;6.2802,-2.7984,0.7959;7.1747,-1.9052,1.4211;8.5158,-2.1739,1.4571;9.0311,-3.3445,0.8726;10.3585,-3.5753,0.9290;10.8194,-4.6588,0.3876;12.5215,-4.9050,0.4884;10.0347,-5.6313,-0.2663;8.6881,-5.4166,-0.3356;8.1335,-4.2493,0.2399;6.7649,-3.9531,0.2148;2.5218,0.5948,1.2882;1.0567,-0.4096,1.5402;2.6313,-1.6052,0.0367;2.4914,-2.4625,1.5780;4.5891,-1.4200,2.3785;4.7526,-0.5471,0.8261;6.8071,-1.0002,1.8783;9.2063,-1.4966,1.9335;10.5025,-6.5053,-0.6889;8.0363,-6.1267,-0.8241;6.0726,-4.6304,-0.2611;</g>
	</geometry>
	<conformers/>
	<properties/>
</molecule>
