<?xml version="1.0" ?>
<!--MOLLI PACKAGE EXPERIMENTAL XML FORMAT-->
<molecule name="el2845">
	<atoms>
		<a id="1" s="C" t="C.3" l="C"/>
		<a id="2" s="C" t="C.ar" l="C"/>
		<a id="3" s="N" t="N.ar" l="N"/>
		<a id="4" s="C" t="C.ar" l="C"/>
		<a id="5" s="C" t="C.ar" l="C"/>
		<a id="6" s="F" t="F" l="F"/>
		<a id="7" s="C" t="C.ar" l="C"/>
		<a id="8" s="C" t="C.ar" l="C"/>
		<a id="9" s="C" t="C.ar" l="C"/>
		<a id="10" s="C" t="C.ar" l="C"/>
		<a id="11" s="C" t="C.ar" l="C"/>
		<a id="12" s="Cl" t="Cl" l="CL"/>
		<a id="13" s="N" t="N.ar" l="N"/>
		<a id="14" s="C" t="C.ar" l="C"/>
		<a id="15" s="C" t="C.ar" l="C"/>
		<a id="16" s="F" t="F" l="F"/>
		<a id="17" s="C" t="C.ar" l="C"/>
		<a id="18" s="C" t="C.ar" l="C"/>
		<a id="19" s="N" t="N.ar" l="N"/>
		<a id="20" s="C" t="C.3" l="C"/>
		<a id="21" s="C" t="C.3" l="C"/>
		<a id="22" s="C" t="C.3" l="C"/>
		<a id="23" s="H" t="H" l="H"/>
		<a id="24" s="H" t="H" l="H"/>
		<a id="25" s="H" t="H" l="H"/>
		<a id="26" s="H" t="H" l="H"/>
		<a id="27" s="H" t="H" l="H"/>
		<a id="28" s="H" t="H" l="H"/>
		<a id="29" s="H" t="H" l="H"/>
		<a id="30" s="H" t="H" l="H"/>
		<a id="31" s="H" t="H" l="H"/>
		<a id="32" s="H" t="H" l="H"/>
		<a id="33" s="H" t="H" l="H"/>
		<a id="34" s="H" t="H" l="H"/>
		<a id="35" s="H" t="H" l="H"/>
		<a id="36" s="H" t="H" l="H"/>
	</atoms>
	<bonds>
		<b id="1" c="1 2" t="1"/>
		<b id="2" c="2 3" t="ar"/>
		<b id="3" c="3 4" t="ar"/>
		<b id="4" c="4 5" t="ar"/>
		<b id="5" c="5 6" t="1"/>
		<b id="6" c="5 7" t="ar"/>
		<b id="7" c="7 8" t="ar"/>
		<b id="8" c="8 9" t="1"/>
		<b id="9" c="9 10" t="ar"/>
		<b id="10" c="10 11" t="ar"/>
		<b id="11" c="11 12" t="1"/>
		<b id="12" c="11 13" t="ar"/>
		<b id="13" c="13 14" t="ar"/>
		<b id="14" c="14 15" t="ar"/>
		<b id="15" c="9 15" t="ar"/>
		<b id="16" c="15 16" t="1"/>
		<b id="17" c="8 17" t="ar"/>
		<b id="18" c="17 18" t="ar"/>
		<b id="19" c="4 18" t="ar"/>
		<b id="20" c="18 19" t="ar"/>
		<b id="21" c="2 19" t="ar"/>
		<b id="22" c="19 20" t="1"/>
		<b id="23" c="20 21" t="1"/>
		<b id="24" c="20 22" t="1"/>
		<b id="25" c="1 23" t="1"/>
		<b id="26" c="1 24" t="1"/>
		<b id="27" c="1 25" t="1"/>
		<b id="28" c="7 26" t="1"/>
		<b id="29" c="10 27" t="1"/>
		<b id="30" c="14 28" t="1"/>
		<b id="31" c="17 29" t="1"/>
		<b id="32" c="20 30" t="1"/>
		<b id="33" c="21 31" t="1"/>
		<b id="34" c="21 32" t="1"/>
		<b id="35" c="21 33" t="1"/>
		<b id="36" c="22 34" t="1"/>
		<b id="37" c="22 35" t="1"/>
		<b id="38" c="22 36" t="1"/>
	</bonds>
	<geometry>
		<g u="A" t="cart/3d">#36,3:1.0797,-0.2302,-0.1480;2.5584,-0.1410,-0.0854;3.2983,-1.2118,-0.0153;4.5894,-0.7794,0.0295;5.8009,-1.4625,0.1048;5.8384,-2.8043,0.1652;6.9806,-0.7561,0.1153;6.9843,0.6470,0.0625;8.2700,1.3550,0.0664;9.3640,0.8722,-0.6498;10.5559,1.5817,-0.6137;11.9122,1.0110,-1.4981;10.7358,2.6976,0.0641;9.7142,3.1703,0.7546;8.4831,2.5408,0.7790;7.4979,3.0833,1.5227;5.7928,1.3572,-0.0057;4.6111,0.6362,-0.0204;3.2915,1.0204,-0.0842;2.8644,2.4044,-0.1841;2.4831,2.7482,-1.6246;1.7487,2.7484,0.8009;0.8214,-1.2693,-0.3323;0.6725,0.3876,-0.9447;0.6339,0.0729,0.7981;7.9100,-1.2973,0.1929;9.2811,-0.0264,-1.2386;9.8847,4.0818,1.3090;5.8009,2.4336,-0.0687;3.7426,2.9983,0.0912;1.6122,2.1824,-1.9452;3.3075,2.5218,-2.2974;2.2526,3.8074,-1.7005;0.7847,2.3852,0.4594;1.6851,3.8287,0.9037;1.9633,2.3245,1.7792;</g>
	</geometry>
	<conformers/>
	<properties/>
</molecule>
