<?xml version="1.0" ?>
<!--MOLLI PACKAGE EXPERIMENTAL XML FORMAT-->
<molecule name="el2852">
	<atoms>
		<a id="1" s="C" t="C.3" l="C"/>
		<a id="2" s="C" t="C.3" l="C"/>
		<a id="3" s="C" t="C.3" l="C"/>
		<a id="4" s="C" t="C.3" l="C"/>
		<a id="5" s="O" t="O.3" l="O"/>
		<a id="6" s="C" t="C.2" l="C"/>
		<a id="7" s="O" t="O.2" l="O"/>
		<a id="8" s="N" t="N.am" l="N"/>
		<a id="9" s="C" t="C.3" l="C"/>
		<a id="10" s="C" t="C.3" l="C"/>
		<a id="11" s="C" t="C.3" l="C"/>
		<a id="12" s="C" t="C.3" l="C"/>
		<a id="13" s="C" t="C.3" l="C"/>
		<a id="14" s="N" t="N.pl3" l="N"/>
		<a id="15" s="C" t="C.ar" l="C"/>
		<a id="16" s="C" t="C.ar" l="C"/>
		<a id="17" s="C" t="C.ar" l="C"/>
		<a id="18" s="N" t="N.ar" l="N"/>
		<a id="19" s="C" t="C.ar" l="C"/>
		<a id="20" s="Cl" t="Cl" l="CL"/>
		<a id="21" s="N" t="N.ar" l="N"/>
		<a id="22" s="C" t="C.3" l="C"/>
		<a id="23" s="H" t="H" l="H"/>
		<a id="24" s="H" t="H" l="H"/>
		<a id="25" s="H" t="H" l="H"/>
		<a id="26" s="H" t="H" l="H"/>
		<a id="27" s="H" t="H" l="H"/>
		<a id="28" s="H" t="H" l="H"/>
		<a id="29" s="H" t="H" l="H"/>
		<a id="30" s="H" t="H" l="H"/>
		<a id="31" s="H" t="H" l="H"/>
		<a id="32" s="H" t="H" l="H"/>
		<a id="33" s="H" t="H" l="H"/>
		<a id="34" s="H" t="H" l="H"/>
		<a id="35" s="H" t="H" l="H"/>
		<a id="36" s="H" t="H" l="H"/>
		<a id="37" s="H" t="H" l="H"/>
		<a id="38" s="H" t="H" l="H"/>
		<a id="39" s="H" t="H" l="H"/>
		<a id="40" s="H" t="H" l="H"/>
		<a id="41" s="H" t="H" l="H"/>
		<a id="42" s="H" t="H" l="H"/>
		<a id="43" s="H" t="H" l="H"/>
	</atoms>
	<bonds>
		<b id="1" c="1 2" t="1"/>
		<b id="2" c="2 3" t="1"/>
		<b id="3" c="2 4" t="1"/>
		<b id="4" c="2 5" t="1"/>
		<b id="5" c="5 6" t="1"/>
		<b id="6" c="6 7" t="2"/>
		<b id="7" c="6 8" t="am"/>
		<b id="8" c="8 9" t="1"/>
		<b id="9" c="9 10" t="1"/>
		<b id="10" c="10 11" t="1"/>
		<b id="11" c="11 12" t="1"/>
		<b id="12" c="8 12" t="1"/>
		<b id="13" c="12 13" t="1"/>
		<b id="14" c="13 14" t="1"/>
		<b id="15" c="14 15" t="1"/>
		<b id="16" c="15 16" t="ar"/>
		<b id="17" c="16 17" t="ar"/>
		<b id="18" c="17 18" t="ar"/>
		<b id="19" c="18 19" t="ar"/>
		<b id="20" c="19 20" t="1"/>
		<b id="21" c="19 21" t="ar"/>
		<b id="22" c="15 21" t="ar"/>
		<b id="23" c="14 22" t="1"/>
		<b id="24" c="9 22" t="1"/>
		<b id="25" c="1 23" t="1"/>
		<b id="26" c="1 24" t="1"/>
		<b id="27" c="1 25" t="1"/>
		<b id="28" c="3 26" t="1"/>
		<b id="29" c="3 27" t="1"/>
		<b id="30" c="3 28" t="1"/>
		<b id="31" c="4 29" t="1"/>
		<b id="32" c="4 30" t="1"/>
		<b id="33" c="4 31" t="1"/>
		<b id="34" c="9 32" t="1"/>
		<b id="35" c="10 33" t="1"/>
		<b id="36" c="10 34" t="1"/>
		<b id="37" c="11 35" t="1"/>
		<b id="38" c="11 36" t="1"/>
		<b id="39" c="12 37" t="1"/>
		<b id="40" c="13 38" t="1"/>
		<b id="41" c="13 39" t="1"/>
		<b id="42" c="16 40" t="1"/>
		<b id="43" c="17 41" t="1"/>
		<b id="44" c="22 42" t="1"/>
		<b id="45" c="22 43" t="1"/>
	</bonds>
	<geometry>
		<g u="A" t="cart/3d">#43,3:4.5904,-0.4690,1.5667;3.3761,-0.0658,0.7316;3.0329,-1.1448,-0.2955;2.1739,0.2175,1.6334;3.6164,1.1974,0.0652;4.6323,1.3251,-0.8041;5.4064,0.4600,-1.1447;4.7200,2.6056,-1.2452;5.5125,2.9810,-2.3953;5.7281,4.4831,-2.1693;4.5026,4.9170,-1.3400;3.6944,3.6241,-1.1624;2.7366,3.4171,-2.3473;3.4689,3.5449,-3.5919;3.1485,4.5073,-4.4755;3.7884,4.7026,-5.7214;3.3110,5.7154,-6.5167;2.2957,6.5058,-6.1674;1.7706,6.2409,-4.9930;0.4658,7.2319,-4.5021;2.1229,5.3101,-4.1397;4.6609,2.7314,-3.6570;4.3649,-1.3720,2.1270;4.8447,0.3263,2.2643;5.4438,-0.6566,0.9211;2.7720,-2.0672,0.2153;3.8857,-1.3289,-0.9433;2.1875,-0.8281,-0.9036;1.9008,-0.6800,2.1801;1.3258,0.5413,1.0352;2.4170,1.0050,2.3418;6.4293,2.3918,-2.4345;5.7941,5.0184,-3.1150;6.6505,4.6513,-1.6165;3.9100,5.6771,-1.8450;4.8098,5.3071,-0.3714;3.1558,3.5624,-0.2176;1.9382,4.1577,-2.3463;2.3060,2.4109,-2.2859;4.6026,4.0872,-6.0608;3.7432,5.9239,-7.4859;5.2416,2.9609,-4.5472;4.3815,1.6710,-3.6837;</g>
	</geometry>
	<conformers/>
	<properties/>
</molecule>
