<?xml version="1.0" ?>
<!--MOLLI PACKAGE EXPERIMENTAL XML FORMAT-->
<molecule name="el2855">
	<atoms>
		<a id="1" s="C" t="C.3" l="C"/>
		<a id="2" s="C" t="C.ar" l="C"/>
		<a id="3" s="N" t="N.ar" l="N"/>
		<a id="4" s="C" t="C.ar" l="C"/>
		<a id="5" s="C" t="C.3" l="C"/>
		<a id="6" s="C" t="C.3" l="C"/>
		<a id="7" s="C" t="C.3" l="C"/>
		<a id="8" s="C" t="C.3" l="C"/>
		<a id="9" s="C" t="C.3" l="C"/>
		<a id="10" s="C" t="C.ar" l="C"/>
		<a id="11" s="C" t="C.ar" l="C"/>
		<a id="12" s="C" t="C.ar" l="C"/>
		<a id="13" s="C" t="C.ar" l="C"/>
		<a id="14" s="N" t="N.ar" l="N"/>
		<a id="15" s="C" t="C.ar" l="C"/>
		<a id="16" s="Cl" t="Cl" l="CL"/>
		<a id="17" s="C" t="C.ar" l="C"/>
		<a id="18" s="N" t="N.ar" l="N"/>
		<a id="19" s="H" t="H" l="H"/>
		<a id="20" s="H" t="H" l="H"/>
		<a id="21" s="H" t="H" l="H"/>
		<a id="22" s="H" t="H" l="H"/>
		<a id="23" s="H" t="H" l="H"/>
		<a id="24" s="H" t="H" l="H"/>
		<a id="25" s="H" t="H" l="H"/>
		<a id="26" s="H" t="H" l="H"/>
		<a id="27" s="H" t="H" l="H"/>
		<a id="28" s="H" t="H" l="H"/>
		<a id="29" s="H" t="H" l="H"/>
		<a id="30" s="H" t="H" l="H"/>
		<a id="31" s="H" t="H" l="H"/>
		<a id="32" s="H" t="H" l="H"/>
		<a id="33" s="H" t="H" l="H"/>
		<a id="34" s="H" t="H" l="H"/>
	</atoms>
	<bonds>
		<b id="1" c="1 2" t="1"/>
		<b id="2" c="2 3" t="ar"/>
		<b id="3" c="3 4" t="ar"/>
		<b id="4" c="4 5" t="1"/>
		<b id="5" c="5 6" t="1"/>
		<b id="6" c="6 7" t="1"/>
		<b id="7" c="7 8" t="1"/>
		<b id="8" c="8 9" t="1"/>
		<b id="9" c="5 9" t="1"/>
		<b id="10" c="4 10" t="ar"/>
		<b id="11" c="10 11" t="1"/>
		<b id="12" c="11 12" t="ar"/>
		<b id="13" c="12 13" t="ar"/>
		<b id="14" c="13 14" t="ar"/>
		<b id="15" c="14 15" t="ar"/>
		<b id="16" c="15 16" t="1"/>
		<b id="17" c="15 17" t="ar"/>
		<b id="18" c="11 17" t="ar"/>
		<b id="19" c="10 18" t="ar"/>
		<b id="20" c="2 18" t="ar"/>
		<b id="21" c="1 19" t="1"/>
		<b id="22" c="1 20" t="1"/>
		<b id="23" c="1 21" t="1"/>
		<b id="24" c="5 22" t="1"/>
		<b id="25" c="6 23" t="1"/>
		<b id="26" c="6 24" t="1"/>
		<b id="27" c="7 25" t="1"/>
		<b id="28" c="7 26" t="1"/>
		<b id="29" c="8 27" t="1"/>
		<b id="30" c="8 28" t="1"/>
		<b id="31" c="9 29" t="1"/>
		<b id="32" c="9 30" t="1"/>
		<b id="33" c="12 31" t="1"/>
		<b id="34" c="13 32" t="1"/>
		<b id="35" c="17 33" t="1"/>
		<b id="36" c="18 34" t="1"/>
	</bonds>
	<geometry>
		<g u="A" t="cart/3d">#34,3:2.0928,-0.0054,0.1026;0.6133,0.0386,0.0218;-0.1189,1.1215,-0.0346;-1.4147,0.7264,-0.1264;-2.5166,1.7299,-0.1418;-2.0196,3.1743,-0.0564;-3.2392,3.9790,0.4103;-4.1962,2.9632,1.0646;-3.4394,1.6343,1.0809;-1.4775,-0.6599,-0.1159;-2.5661,-1.6062,-0.1587;-3.7954,-1.3075,-0.7615;-4.7892,-2.2644,-0.7691;-4.6532,-3.4703,-0.2366;-3.4976,-3.7514,0.3259;-3.3536,-5.3289,1.0070;-2.4244,-2.8807,0.4008;-0.1625,-1.0701,-0.0058;2.4736,1.0104,0.1268;2.5078,-0.5214,-0.7628;2.4133,-0.5301,1.0021;-3.1139,1.6131,-1.0530;-1.6236,3.5265,-1.0065;-1.2172,3.2212,0.6781;-3.7253,4.4650,-0.4360;-2.9456,4.7591,1.1113;-5.1047,2.8635,0.4693;-4.4906,3.2671,2.0681;-4.1050,0.7729,1.0457;-2.8255,1.5566,1.9795;-3.9566,-0.3533,-1.2318;-5.7500,-2.0720,-1.2265;-1.5219,-3.1873,0.9047;0.1542,-2.0257,-0.0084;</g>
	</geometry>
	<conformers/>
	<properties/>
</molecule>
