<?xml version="1.0" ?>
<!--MOLLI PACKAGE EXPERIMENTAL XML FORMAT-->
<molecule name="el2862">
	<atoms>
		<a id="1" s="C" t="C.3" l="C"/>
		<a id="2" s="C" t="C.ar" l="C"/>
		<a id="3" s="C" t="C.ar" l="C"/>
		<a id="4" s="C" t="C.ar" l="C"/>
		<a id="5" s="C" t="C.1" l="C"/>
		<a id="6" s="N" t="N.1" l="N"/>
		<a id="7" s="C" t="C.ar" l="C"/>
		<a id="8" s="C" t="C.ar" l="C"/>
		<a id="9" s="C" t="C.3" l="C"/>
		<a id="10" s="C" t="C.ar" l="C"/>
		<a id="11" s="O" t="O.3" l="O"/>
		<a id="12" s="C" t="C.ar" l="C"/>
		<a id="13" s="N" t="N.ar" l="N"/>
		<a id="14" s="C" t="C.ar" l="C"/>
		<a id="15" s="Cl" t="Cl" l="CL"/>
		<a id="16" s="N" t="N.ar" l="N"/>
		<a id="17" s="C" t="C.ar" l="C"/>
		<a id="18" s="C" t="C.ar" l="C"/>
		<a id="19" s="C" t="C.ar" l="C"/>
		<a id="20" s="C" t="C.ar" l="C"/>
		<a id="21" s="C" t="C.ar" l="C"/>
		<a id="22" s="C" t="C.ar" l="C"/>
		<a id="23" s="H" t="H" l="H"/>
		<a id="24" s="H" t="H" l="H"/>
		<a id="25" s="H" t="H" l="H"/>
		<a id="26" s="H" t="H" l="H"/>
		<a id="27" s="H" t="H" l="H"/>
		<a id="28" s="H" t="H" l="H"/>
		<a id="29" s="H" t="H" l="H"/>
		<a id="30" s="H" t="H" l="H"/>
		<a id="31" s="H" t="H" l="H"/>
		<a id="32" s="H" t="H" l="H"/>
		<a id="33" s="H" t="H" l="H"/>
		<a id="34" s="H" t="H" l="H"/>
	</atoms>
	<bonds>
		<b id="1" c="1 2" t="1"/>
		<b id="2" c="2 3" t="ar"/>
		<b id="3" c="3 4" t="ar"/>
		<b id="4" c="4 5" t="1"/>
		<b id="5" c="5 6" t="3"/>
		<b id="6" c="4 7" t="ar"/>
		<b id="7" c="7 8" t="ar"/>
		<b id="8" c="8 9" t="1"/>
		<b id="9" c="8 10" t="ar"/>
		<b id="10" c="2 10" t="ar"/>
		<b id="11" c="10 11" t="1"/>
		<b id="12" c="11 12" t="1"/>
		<b id="13" c="12 13" t="ar"/>
		<b id="14" c="13 14" t="ar"/>
		<b id="15" c="14 15" t="1"/>
		<b id="16" c="14 16" t="ar"/>
		<b id="17" c="16 17" t="ar"/>
		<b id="18" c="17 18" t="ar"/>
		<b id="19" c="18 19" t="ar"/>
		<b id="20" c="19 20" t="ar"/>
		<b id="21" c="20 21" t="ar"/>
		<b id="22" c="21 22" t="ar"/>
		<b id="23" c="12 22" t="ar"/>
		<b id="24" c="17 22" t="ar"/>
		<b id="25" c="1 23" t="1"/>
		<b id="26" c="1 24" t="1"/>
		<b id="27" c="1 25" t="1"/>
		<b id="28" c="3 26" t="1"/>
		<b id="29" c="7 27" t="1"/>
		<b id="30" c="9 28" t="1"/>
		<b id="31" c="9 29" t="1"/>
		<b id="32" c="9 30" t="1"/>
		<b id="33" c="18 31" t="1"/>
		<b id="34" c="19 32" t="1"/>
		<b id="35" c="20 33" t="1"/>
		<b id="36" c="21 34" t="1"/>
	</bonds>
	<geometry>
		<g u="A" t="cart/3d">#34,3:1.3814,2.8143,0.3926;0.8719,1.4287,0.1525;-0.4627,1.2095,-0.1527;-0.9371,-0.0806,-0.3724;-2.3035,-0.2856,-0.6750;-3.4120,-0.4540,-0.9131;-0.0758,-1.1729,-0.2857;1.2617,-0.9818,0.0133;2.2186,-2.1290,0.1021;1.7166,0.3215,0.2245;3.0566,0.4749,0.5848;3.8752,1.0599,-0.2809;3.4309,1.4220,-1.4609;4.3088,1.9981,-2.2888;3.6639,2.4546,-3.8013;5.5596,2.2486,-2.0741;6.0546,1.8849,-0.8658;7.4053,2.1289,-0.5631;7.9047,1.7632,0.6594;7.0898,1.1461,1.6190;5.7691,0.8961,1.3522;5.2337,1.2623,0.1082;0.5655,3.4792,0.6623;1.8505,3.1948,-0.5153;2.1255,2.8245,1.1872;-1.1418,2.0464,-0.2195;-0.4557,-2.1691,-0.4573;1.6994,-3.0747,-0.0248;2.7240,-2.1266,1.0667;2.9815,-2.0414,-0.6714;8.0173,2.6038,-1.3125;8.9421,1.9509,0.8938;7.5111,0.8687,2.5734;5.1262,0.4227,2.0786;</g>
	</geometry>
	<conformers/>
	<properties/>
</molecule>
