<?xml version="1.0" ?>
<!--MOLLI PACKAGE EXPERIMENTAL XML FORMAT-->
<molecule name="el2864">
	<atoms>
		<a id="1" s="C" t="C.3" l="C"/>
		<a id="2" s="O" t="O.3" l="O"/>
		<a id="3" s="C" t="C.ar" l="C"/>
		<a id="4" s="C" t="C.ar" l="C"/>
		<a id="5" s="C" t="C.ar" l="C"/>
		<a id="6" s="C" t="C.ar" l="C"/>
		<a id="7" s="C" t="C.ar" l="C"/>
		<a id="8" s="C" t="C.ar" l="C"/>
		<a id="9" s="C" t="C.ar" l="C"/>
		<a id="10" s="C" t="C.ar" l="C"/>
		<a id="11" s="N" t="N.ar" l="N"/>
		<a id="12" s="C" t="C.ar" l="C"/>
		<a id="13" s="Cl" t="Cl" l="CL"/>
		<a id="14" s="N" t="N.ar" l="N"/>
		<a id="15" s="C" t="C.ar" l="C"/>
		<a id="16" s="C" t="C.3" l="C"/>
		<a id="17" s="O" t="O.3" l="O"/>
		<a id="18" s="N" t="N.ar" l="N"/>
		<a id="19" s="N" t="N.ar" l="N"/>
		<a id="20" s="N" t="N.ar" l="N"/>
		<a id="21" s="H" t="H" l="H"/>
		<a id="22" s="H" t="H" l="H"/>
		<a id="23" s="H" t="H" l="H"/>
		<a id="24" s="H" t="H" l="H"/>
		<a id="25" s="H" t="H" l="H"/>
		<a id="26" s="H" t="H" l="H"/>
		<a id="27" s="H" t="H" l="H"/>
		<a id="28" s="H" t="H" l="H"/>
		<a id="29" s="H" t="H" l="H"/>
		<a id="30" s="H" t="H" l="H"/>
	</atoms>
	<bonds>
		<b id="1" c="1 2" t="1"/>
		<b id="2" c="2 3" t="1"/>
		<b id="3" c="3 4" t="ar"/>
		<b id="4" c="4 5" t="ar"/>
		<b id="5" c="5 6" t="ar"/>
		<b id="6" c="6 7" t="ar"/>
		<b id="7" c="7 8" t="1"/>
		<b id="8" c="8 9" t="ar"/>
		<b id="9" c="9 10" t="ar"/>
		<b id="10" c="10 11" t="ar"/>
		<b id="11" c="11 12" t="ar"/>
		<b id="12" c="12 13" t="1"/>
		<b id="13" c="12 14" t="ar"/>
		<b id="14" c="8 14" t="ar"/>
		<b id="15" c="7 15" t="ar"/>
		<b id="16" c="15 16" t="1"/>
		<b id="17" c="16 17" t="1"/>
		<b id="18" c="15 18" t="ar"/>
		<b id="19" c="18 19" t="ar"/>
		<b id="20" c="6 19" t="ar"/>
		<b id="21" c="19 20" t="ar"/>
		<b id="22" c="3 20" t="ar"/>
		<b id="23" c="1 21" t="1"/>
		<b id="24" c="1 22" t="1"/>
		<b id="25" c="1 23" t="1"/>
		<b id="26" c="4 24" t="1"/>
		<b id="27" c="5 25" t="1"/>
		<b id="28" c="9 26" t="1"/>
		<b id="29" c="10 27" t="1"/>
		<b id="30" c="16 28" t="1"/>
		<b id="31" c="16 29" t="1"/>
		<b id="32" c="17 30" t="1"/>
	</bonds>
	<geometry>
		<g u="A" t="cart/3d">#30,3:3.2360,-1.3653,-0.6558;2.6680,-0.1410,-0.2207;3.1330,0.9651,-0.7968;2.5889,2.2113,-0.3762;3.0408,3.3534,-0.9669;4.0175,3.2534,-1.9726;4.7616,4.1167,-2.7988;4.6726,5.5459,-2.9535;3.5461,6.3011,-2.5943;3.6125,7.6636,-2.8092;4.6758,8.2537,-3.3396;5.6698,7.4506,-3.6632;7.0370,8.1832,-4.3744;5.7332,6.1494,-3.5012;5.6342,3.2606,-3.5023;6.6737,3.6028,-4.5112;7.0604,2.5020,-5.2877;5.4405,1.9899,-3.1590;4.4893,1.9888,-2.2555;4.0693,0.8709,-1.7056;2.7384,-2.1439,-0.0828;4.3111,-1.3767,-0.4679;3.0670,-1.5070,-1.7248;1.8443,2.2141,0.4008;2.6745,4.3199,-0.6612;2.6579,5.8418,-2.1979;2.7929,8.3237,-2.5585;7.5402,4.0283,-3.9777;6.3032,4.3793,-5.1869;6.9763,1.7130,-4.7370;</g>
	</geometry>
	<conformers/>
	<properties/>
</molecule>
