<?xml version="1.0" ?>
<!--MOLLI PACKAGE EXPERIMENTAL XML FORMAT-->
<molecule name="el2865">
	<atoms>
		<a id="1" s="C" t="C.3" l="C"/>
		<a id="2" s="C" t="C.3" l="C"/>
		<a id="3" s="O" t="O.3" l="O"/>
		<a id="4" s="C" t="C.2" l="C"/>
		<a id="5" s="O" t="O.2" l="O"/>
		<a id="6" s="C" t="C.ar" l="C"/>
		<a id="7" s="C" t="C.ar" l="C"/>
		<a id="8" s="C" t="C.ar" l="C"/>
		<a id="9" s="C" t="C.ar" l="C"/>
		<a id="10" s="Cl" t="Cl" l="CL"/>
		<a id="11" s="C" t="C.ar" l="C"/>
		<a id="12" s="C" t="C.ar" l="C"/>
		<a id="13" s="C" t="C.ar" l="C"/>
		<a id="14" s="N" t="N.pl3" l="N"/>
		<a id="15" s="O" t="O.2" l="O"/>
		<a id="16" s="O" t="O.co2" l="O"/>
		<a id="17" s="C" t="C.ar" l="C"/>
		<a id="18" s="N" t="N.ar" l="N"/>
		<a id="19" s="C" t="C.3" l="C"/>
		<a id="20" s="H" t="H" l="H"/>
		<a id="21" s="H" t="H" l="H"/>
		<a id="22" s="H" t="H" l="H"/>
		<a id="23" s="H" t="H" l="H"/>
		<a id="24" s="H" t="H" l="H"/>
		<a id="25" s="H" t="H" l="H"/>
		<a id="26" s="H" t="H" l="H"/>
		<a id="27" s="H" t="H" l="H"/>
		<a id="28" s="H" t="H" l="H"/>
		<a id="29" s="H" t="H" l="H"/>
		<a id="30" s="H" t="H" l="H"/>
	</atoms>
	<bonds>
		<b id="1" c="1 2" t="1"/>
		<b id="2" c="2 3" t="1"/>
		<b id="3" c="3 4" t="1"/>
		<b id="4" c="4 5" t="2"/>
		<b id="5" c="4 6" t="1"/>
		<b id="6" c="6 7" t="ar"/>
		<b id="7" c="7 8" t="ar"/>
		<b id="8" c="8 9" t="ar"/>
		<b id="9" c="9 10" t="1"/>
		<b id="10" c="9 11" t="ar"/>
		<b id="11" c="11 12" t="ar"/>
		<b id="12" c="12 13" t="ar"/>
		<b id="13" c="13 14" t="1"/>
		<b id="14" c="14 15" t="2"/>
		<b id="15" c="14 16" t="1"/>
		<b id="16" c="13 17" t="ar"/>
		<b id="17" c="8 17" t="ar"/>
		<b id="18" c="17 18" t="ar"/>
		<b id="19" c="6 18" t="ar"/>
		<b id="20" c="18 19" t="1"/>
		<b id="21" c="1 20" t="1"/>
		<b id="22" c="1 21" t="1"/>
		<b id="23" c="1 22" t="1"/>
		<b id="24" c="2 23" t="1"/>
		<b id="25" c="2 24" t="1"/>
		<b id="26" c="7 25" t="1"/>
		<b id="27" c="11 26" t="1"/>
		<b id="28" c="12 27" t="1"/>
		<b id="29" c="19 28" t="1"/>
		<b id="30" c="19 29" t="1"/>
		<b id="31" c="19 30" t="1"/>
	</bonds>
	<geometry>
		<g u="A" t="cart/3d">#30,3:6.3303,0.8079,-0.8115;5.3581,0.7335,0.3570;5.4583,-0.5152,1.0446;4.7758,-1.5439,0.5321;4.0827,-1.4611,-0.4554;4.9965,-2.7498,1.3461;5.8800,-2.8461,2.3963;5.7936,-4.1650,2.8841;6.4900,-4.8577,3.8792;7.6630,-4.0357,4.8224;6.2349,-6.1990,4.0834;5.2574,-6.8401,3.3322;4.5090,-6.1748,2.3715;3.4164,-6.9036,1.7964;3.5866,-8.0816,1.5637;2.3694,-6.3088,1.6296;4.7976,-4.8256,2.1010;4.3511,-3.9546,1.1624;3.4542,-4.2637,0.0790;6.2759,1.7927,-1.2662;6.0729,0.0613,-1.5587;7.3463,0.6299,-0.4679;4.3300,0.8624,0.0030;5.5903,1.4873,1.1117;6.5216,-2.0684,2.7553;6.7778,-6.7455,4.8368;5.0384,-7.8814,3.5137;3.8526,-5.0955,-0.5060;3.3559,-3.3910,-0.5597;2.4727,-4.5500,0.4609;</g>
	</geometry>
	<conformers/>
	<properties/>
</molecule>
