<?xml version="1.0" ?>
<!--MOLLI PACKAGE EXPERIMENTAL XML FORMAT-->
<molecule name="el2867">
	<atoms>
		<a id="1" s="H" t="H" l="H"/>
		<a id="2" s="C" t="C.3" l="C"/>
		<a id="3" s="H" t="H" l="H"/>
		<a id="4" s="H" t="H" l="H"/>
		<a id="5" s="N" t="N.am" l="N"/>
		<a id="6" s="C" t="C.2" l="C"/>
		<a id="7" s="O" t="O.2" l="O"/>
		<a id="8" s="C" t="C.ar" l="C"/>
		<a id="9" s="N" t="N.ar" l="N"/>
		<a id="10" s="N" t="N.ar" l="N"/>
		<a id="11" s="C" t="C.ar" l="C"/>
		<a id="12" s="Cl" t="Cl" l="CL"/>
		<a id="13" s="C" t="C.ar" l="C"/>
		<a id="14" s="C" t="C.ar" l="C"/>
		<a id="15" s="N" t="N.pl3" l="N"/>
		<a id="16" s="C" t="C.ar" l="C"/>
		<a id="17" s="C" t="C.ar" l="C"/>
		<a id="18" s="C" t="C.ar" l="C"/>
		<a id="19" s="C" t="C.ar" l="C"/>
		<a id="20" s="C" t="C.ar" l="C"/>
		<a id="21" s="C" t="C.ar" l="C"/>
		<a id="22" s="N" t="N.ar" l="N"/>
		<a id="23" s="C" t="C.ar" l="C"/>
		<a id="24" s="C" t="C.ar" l="C"/>
		<a id="25" s="F" t="F" l="F"/>
		<a id="26" s="C" t="C.ar" l="C"/>
		<a id="27" s="N" t="N.ar" l="N"/>
		<a id="28" s="C" t="C.ar" l="C"/>
		<a id="29" s="O" t="O.3" l="O"/>
		<a id="30" s="C" t="C.3" l="C"/>
		<a id="31" s="H" t="H" l="H"/>
		<a id="32" s="H" t="H" l="H"/>
		<a id="33" s="H" t="H" l="H"/>
		<a id="34" s="H" t="H" l="H"/>
		<a id="35" s="H" t="H" l="H"/>
		<a id="36" s="H" t="H" l="H"/>
		<a id="37" s="H" t="H" l="H"/>
		<a id="38" s="H" t="H" l="H"/>
		<a id="39" s="H" t="H" l="H"/>
		<a id="40" s="H" t="H" l="H"/>
		<a id="41" s="H" t="H" l="H"/>
	</atoms>
	<bonds>
		<b id="1" c="1 2" t="1"/>
		<b id="2" c="2 3" t="1"/>
		<b id="3" c="2 4" t="1"/>
		<b id="4" c="2 5" t="1"/>
		<b id="5" c="5 6" t="am"/>
		<b id="6" c="6 7" t="2"/>
		<b id="7" c="6 8" t="1"/>
		<b id="8" c="8 9" t="ar"/>
		<b id="9" c="9 10" t="ar"/>
		<b id="10" c="10 11" t="ar"/>
		<b id="11" c="11 12" t="1"/>
		<b id="12" c="11 13" t="ar"/>
		<b id="13" c="13 14" t="ar"/>
		<b id="14" c="8 14" t="ar"/>
		<b id="15" c="14 15" t="1"/>
		<b id="16" c="15 16" t="1"/>
		<b id="17" c="16 17" t="ar"/>
		<b id="18" c="17 18" t="ar"/>
		<b id="19" c="18 19" t="ar"/>
		<b id="20" c="19 20" t="ar"/>
		<b id="21" c="20 21" t="1"/>
		<b id="22" c="21 22" t="ar"/>
		<b id="23" c="22 23" t="ar"/>
		<b id="24" c="23 24" t="ar"/>
		<b id="25" c="24 25" t="1"/>
		<b id="26" c="24 26" t="ar"/>
		<b id="27" c="26 27" t="ar"/>
		<b id="28" c="21 27" t="ar"/>
		<b id="29" c="20 28" t="ar"/>
		<b id="30" c="16 28" t="ar"/>
		<b id="31" c="28 29" t="1"/>
		<b id="32" c="29 30" t="1"/>
		<b id="33" c="5 31" t="1"/>
		<b id="34" c="13 32" t="1"/>
		<b id="35" c="15 33" t="1"/>
		<b id="36" c="17 34" t="1"/>
		<b id="37" c="18 35" t="1"/>
		<b id="38" c="19 36" t="1"/>
		<b id="39" c="23 37" t="1"/>
		<b id="40" c="26 38" t="1"/>
		<b id="41" c="30 39" t="1"/>
		<b id="42" c="30 40" t="1"/>
		<b id="43" c="30 41" t="1"/>
	</bonds>
	<geometry>
		<g u="A" t="cart/3d">#41,3:7.9335,1.7049,-2.9234;7.2842,1.6839,-2.0469;7.4892,0.7783,-1.4732;7.4840,2.5563,-1.4264;5.9027,1.7325,-2.4453;5.0391,2.6576,-2.0148;5.3389,3.5708,-1.2468;3.6594,2.4769,-2.5471;3.4527,1.3913,-3.2666;2.2941,1.0917,-3.7572;1.2649,1.8851,-3.4877;-0.2488,1.3842,-4.1189;1.3508,3.0491,-2.7458;2.6182,3.4132,-2.2646;2.8781,4.5189,-1.5494;2.0052,5.5844,-1.2838;1.2379,6.1259,-2.3110;0.4296,7.2258,-2.0941;0.3807,7.7980,-0.8395;1.1249,7.2672,0.2103;0.9912,7.8808,1.5362;0.6802,9.1780,1.5624;0.5345,9.7574,2.7360;0.6936,9.0336,3.9093;0.5520,9.6177,5.1109;0.9890,7.6815,3.7973;1.1339,7.1175,2.6169;1.9621,6.1561,0.0015;2.7409,5.7722,1.0400;2.9944,4.4008,1.2916;5.5234,1.0155,-3.0501;0.4746,3.6399,-2.5364;3.8381,4.5682,-1.1966;1.3175,5.6988,-3.2995;-0.1469,7.6377,-2.9073;-0.2380,8.6583,-0.6426;0.2864,10.8106,2.7421;1.1038,7.0479,4.6669;3.0257,4.3049,2.3779;3.9589,4.0882,0.8825;2.1993,3.7620,0.9037;</g>
	</geometry>
	<conformers/>
	<properties/>
</molecule>
