<?xml version="1.0" ?>
<!--MOLLI PACKAGE EXPERIMENTAL XML FORMAT-->
<molecule name="el2868">
	<atoms>
		<a id="1" s="H" t="H" l="H"/>
		<a id="2" s="C" t="C.3" l="C"/>
		<a id="3" s="H" t="H" l="H"/>
		<a id="4" s="H" t="H" l="H"/>
		<a id="5" s="N" t="N.am" l="N"/>
		<a id="6" s="C" t="C.2" l="C"/>
		<a id="7" s="O" t="O.2" l="O"/>
		<a id="8" s="C" t="C.ar" l="C"/>
		<a id="9" s="N" t="N.ar" l="N"/>
		<a id="10" s="N" t="N.ar" l="N"/>
		<a id="11" s="C" t="C.ar" l="C"/>
		<a id="12" s="Cl" t="Cl" l="CL"/>
		<a id="13" s="C" t="C.ar" l="C"/>
		<a id="14" s="C" t="C.ar" l="C"/>
		<a id="15" s="N" t="N.pl3" l="N"/>
		<a id="16" s="C" t="C.ar" l="C"/>
		<a id="17" s="C" t="C.ar" l="C"/>
		<a id="18" s="C" t="C.ar" l="C"/>
		<a id="19" s="C" t="C.ar" l="C"/>
		<a id="20" s="C" t="C.ar" l="C"/>
		<a id="21" s="C" t="C.ar" l="C"/>
		<a id="22" s="N" t="N.ar" l="N"/>
		<a id="23" s="C" t="C.ar" l="C"/>
		<a id="24" s="C" t="C.ar" l="C"/>
		<a id="25" s="O" t="O.3" l="O"/>
		<a id="26" s="C" t="C.3" l="C"/>
		<a id="27" s="C" t="C.ar" l="C"/>
		<a id="28" s="N" t="N.ar" l="N"/>
		<a id="29" s="C" t="C.ar" l="C"/>
		<a id="30" s="O" t="O.3" l="O"/>
		<a id="31" s="C" t="C.3" l="C"/>
		<a id="32" s="H" t="H" l="H"/>
		<a id="33" s="H" t="H" l="H"/>
		<a id="34" s="H" t="H" l="H"/>
		<a id="35" s="H" t="H" l="H"/>
		<a id="36" s="H" t="H" l="H"/>
		<a id="37" s="H" t="H" l="H"/>
		<a id="38" s="H" t="H" l="H"/>
		<a id="39" s="H" t="H" l="H"/>
		<a id="40" s="H" t="H" l="H"/>
		<a id="41" s="H" t="H" l="H"/>
		<a id="42" s="H" t="H" l="H"/>
		<a id="43" s="H" t="H" l="H"/>
		<a id="44" s="H" t="H" l="H"/>
		<a id="45" s="H" t="H" l="H"/>
	</atoms>
	<bonds>
		<b id="1" c="1 2" t="1"/>
		<b id="2" c="2 3" t="1"/>
		<b id="3" c="2 4" t="1"/>
		<b id="4" c="2 5" t="1"/>
		<b id="5" c="5 6" t="am"/>
		<b id="6" c="6 7" t="2"/>
		<b id="7" c="6 8" t="1"/>
		<b id="8" c="8 9" t="ar"/>
		<b id="9" c="9 10" t="ar"/>
		<b id="10" c="10 11" t="ar"/>
		<b id="11" c="11 12" t="1"/>
		<b id="12" c="11 13" t="ar"/>
		<b id="13" c="13 14" t="ar"/>
		<b id="14" c="8 14" t="ar"/>
		<b id="15" c="14 15" t="1"/>
		<b id="16" c="15 16" t="1"/>
		<b id="17" c="16 17" t="ar"/>
		<b id="18" c="17 18" t="ar"/>
		<b id="19" c="18 19" t="ar"/>
		<b id="20" c="19 20" t="ar"/>
		<b id="21" c="20 21" t="1"/>
		<b id="22" c="21 22" t="ar"/>
		<b id="23" c="22 23" t="ar"/>
		<b id="24" c="23 24" t="ar"/>
		<b id="25" c="24 25" t="1"/>
		<b id="26" c="25 26" t="1"/>
		<b id="27" c="24 27" t="ar"/>
		<b id="28" c="27 28" t="ar"/>
		<b id="29" c="21 28" t="ar"/>
		<b id="30" c="20 29" t="ar"/>
		<b id="31" c="16 29" t="ar"/>
		<b id="32" c="29 30" t="1"/>
		<b id="33" c="30 31" t="1"/>
		<b id="34" c="5 32" t="1"/>
		<b id="35" c="13 33" t="1"/>
		<b id="36" c="15 34" t="1"/>
		<b id="37" c="17 35" t="1"/>
		<b id="38" c="18 36" t="1"/>
		<b id="39" c="19 37" t="1"/>
		<b id="40" c="23 38" t="1"/>
		<b id="41" c="26 39" t="1"/>
		<b id="42" c="26 40" t="1"/>
		<b id="43" c="26 41" t="1"/>
		<b id="44" c="27 42" t="1"/>
		<b id="45" c="31 43" t="1"/>
		<b id="46" c="31 44" t="1"/>
		<b id="47" c="31 45" t="1"/>
	</bonds>
	<geometry>
		<g u="A" t="cart/3d">#45,3:7.8905,2.3083,-2.6803;7.2988,2.0871,-1.7911;7.5127,1.0673,-1.4655;7.5643,2.7817,-0.9955;5.8965,2.2502,-2.0682;5.0913,3.0530,-1.3645;5.4687,3.7415,-0.4172;3.6775,3.0351,-1.8316;3.3934,2.1806,-2.7949;2.1986,2.0414,-3.2716;1.2165,2.7646,-2.7468;-0.3453,2.4829,-3.3986;1.3836,3.6928,-1.7369;2.6867,3.8830,-1.2479;3.0169,4.7458,-0.2778;2.1726,5.7175,0.2979;1.4789,6.5760,-0.5499;0.6726,7.5787,-0.0489;0.5780,7.7456,1.3173;1.2717,6.9144,2.1909;1.1170,7.1512,3.6298;0.0112,7.7890,4.0092;-0.1723,8.0198,5.2943;0.7549,7.6174,6.2559;0.6593,7.7927,7.5941;-0.4890,8.4395,8.0963;1.8942,6.9747,5.7503;2.0682,6.7489,4.4705;2.0720,5.8636,1.6932;2.6696,5.0844,2.6190;3.0895,3.7644,2.3418;5.4581,1.7159,-2.8071;0.5465,4.2402,-1.3356;4.0021,4.7094,-0.0049;1.6030,6.4570,-1.6163;0.1395,8.2317,-0.7217;-0.0361,8.5232,1.7417;-1.0884,8.5395,5.5440;-0.3649,8.4604,9.1774;-1.4002,7.8879,7.8454;-0.5677,9.4638,7.7194;2.6773,6.6451,6.4197;3.1480,3.2802,3.3173;4.0789,3.7320,1.8785;2.3691,3.2253,1.7210;</g>
	</geometry>
	<conformers/>
	<properties/>
</molecule>
