<?xml version="1.0" ?>
<!--MOLLI PACKAGE EXPERIMENTAL XML FORMAT-->
<molecule name="el2869">
	<atoms>
		<a id="1" s="H" t="H" l="H"/>
		<a id="2" s="C" t="C.3" l="C"/>
		<a id="3" s="H" t="H" l="H"/>
		<a id="4" s="H" t="H" l="H"/>
		<a id="5" s="N" t="N.am" l="N"/>
		<a id="6" s="C" t="C.2" l="C"/>
		<a id="7" s="O" t="O.2" l="O"/>
		<a id="8" s="C" t="C.ar" l="C"/>
		<a id="9" s="N" t="N.ar" l="N"/>
		<a id="10" s="N" t="N.ar" l="N"/>
		<a id="11" s="C" t="C.ar" l="C"/>
		<a id="12" s="Cl" t="Cl" l="CL"/>
		<a id="13" s="C" t="C.ar" l="C"/>
		<a id="14" s="C" t="C.ar" l="C"/>
		<a id="15" s="N" t="N.pl3" l="N"/>
		<a id="16" s="C" t="C.ar" l="C"/>
		<a id="17" s="C" t="C.ar" l="C"/>
		<a id="18" s="C" t="C.ar" l="C"/>
		<a id="19" s="C" t="C.ar" l="C"/>
		<a id="20" s="C" t="C.ar" l="C"/>
		<a id="21" s="C" t="C.ar" l="C"/>
		<a id="22" s="C" t="C.ar" l="C"/>
		<a id="23" s="C" t="C.ar" l="C"/>
		<a id="24" s="C" t="C.ar" l="C"/>
		<a id="25" s="C" t="C.2" l="C"/>
		<a id="26" s="O" t="O.2" l="O"/>
		<a id="27" s="N" t="N.am" l="N"/>
		<a id="28" s="C" t="C.3" l="C"/>
		<a id="29" s="C" t="C.3" l="C"/>
		<a id="30" s="C" t="C.ar" l="C"/>
		<a id="31" s="N" t="N.ar" l="N"/>
		<a id="32" s="C" t="C.ar" l="C"/>
		<a id="33" s="O" t="O.3" l="O"/>
		<a id="34" s="C" t="C.3" l="C"/>
		<a id="35" s="H" t="H" l="H"/>
		<a id="36" s="H" t="H" l="H"/>
		<a id="37" s="H" t="H" l="H"/>
		<a id="38" s="H" t="H" l="H"/>
		<a id="39" s="H" t="H" l="H"/>
		<a id="40" s="H" t="H" l="H"/>
		<a id="41" s="H" t="H" l="H"/>
		<a id="42" s="H" t="H" l="H"/>
		<a id="43" s="H" t="H" l="H"/>
		<a id="44" s="H" t="H" l="H"/>
		<a id="45" s="H" t="H" l="H"/>
		<a id="46" s="H" t="H" l="H"/>
		<a id="47" s="H" t="H" l="H"/>
		<a id="48" s="H" t="H" l="H"/>
		<a id="49" s="H" t="H" l="H"/>
		<a id="50" s="H" t="H" l="H"/>
		<a id="51" s="H" t="H" l="H"/>
		<a id="52" s="H" t="H" l="H"/>
	</atoms>
	<bonds>
		<b id="1" c="1 2" t="1"/>
		<b id="2" c="2 3" t="1"/>
		<b id="3" c="2 4" t="1"/>
		<b id="4" c="2 5" t="1"/>
		<b id="5" c="5 6" t="am"/>
		<b id="6" c="6 7" t="2"/>
		<b id="7" c="6 8" t="1"/>
		<b id="8" c="8 9" t="ar"/>
		<b id="9" c="9 10" t="ar"/>
		<b id="10" c="10 11" t="ar"/>
		<b id="11" c="11 12" t="1"/>
		<b id="12" c="11 13" t="ar"/>
		<b id="13" c="13 14" t="ar"/>
		<b id="14" c="8 14" t="ar"/>
		<b id="15" c="14 15" t="1"/>
		<b id="16" c="15 16" t="1"/>
		<b id="17" c="16 17" t="ar"/>
		<b id="18" c="17 18" t="ar"/>
		<b id="19" c="18 19" t="ar"/>
		<b id="20" c="19 20" t="ar"/>
		<b id="21" c="20 21" t="1"/>
		<b id="22" c="21 22" t="ar"/>
		<b id="23" c="22 23" t="ar"/>
		<b id="24" c="23 24" t="ar"/>
		<b id="25" c="24 25" t="1"/>
		<b id="26" c="25 26" t="2"/>
		<b id="27" c="25 27" t="am"/>
		<b id="28" c="27 28" t="1"/>
		<b id="29" c="27 29" t="1"/>
		<b id="30" c="24 30" t="ar"/>
		<b id="31" c="30 31" t="ar"/>
		<b id="32" c="21 31" t="ar"/>
		<b id="33" c="20 32" t="ar"/>
		<b id="34" c="16 32" t="ar"/>
		<b id="35" c="32 33" t="1"/>
		<b id="36" c="33 34" t="1"/>
		<b id="37" c="5 35" t="1"/>
		<b id="38" c="13 36" t="1"/>
		<b id="39" c="15 37" t="1"/>
		<b id="40" c="17 38" t="1"/>
		<b id="41" c="18 39" t="1"/>
		<b id="42" c="19 40" t="1"/>
		<b id="43" c="22 41" t="1"/>
		<b id="44" c="23 42" t="1"/>
		<b id="45" c="28 43" t="1"/>
		<b id="46" c="28 44" t="1"/>
		<b id="47" c="28 45" t="1"/>
		<b id="48" c="29 46" t="1"/>
		<b id="49" c="29 47" t="1"/>
		<b id="50" c="29 48" t="1"/>
		<b id="51" c="30 49" t="1"/>
		<b id="52" c="34 50" t="1"/>
		<b id="53" c="34 51" t="1"/>
		<b id="54" c="34 52" t="1"/>
	</bonds>
	<geometry>
		<g u="A" t="cart/3d">#52,3:6.9282,-0.7886,0.1035;6.8396,-1.6460,-0.5669;7.0566,-1.3311,-1.5871;7.5564,-2.4111,-0.2629;5.5007,-2.1716,-0.5440;4.7059,-2.2197,-1.6183;5.0379,-1.8156,-2.7326;3.3676,-2.8111,-1.3431;3.1266,-3.1509,-0.0917;2.0015,-3.6673,0.2841;1.0459,-3.8398,-0.6220;-0.4270,-4.4934,-0.0331;1.1742,-3.5282,-1.9617;2.4051,-2.9979,-2.3827;2.6876,-2.6305,-3.6400;1.9101,-2.9333,-4.7775;1.5062,-4.2548,-4.9623;0.7234,-4.6266,-6.0351;0.3531,-3.6713,-6.9639;0.7723,-2.3573,-6.8251;0.4130,-1.3650,-7.8570;-0.9072,-1.2335,-8.2882;-1.1991,-0.3028,-9.2677;-0.1671,0.4674,-9.7957;-0.3977,1.4245,-10.9228;-0.0073,1.1685,-12.0476;-1.0647,2.5622,-10.6193;-1.4823,2.9470,-9.2962;-1.3730,3.5046,-11.6692;1.1196,0.2366,-9.3138;1.3987,-0.6382,-8.3715;1.5458,-1.9588,-5.7187;1.7726,-0.6230,-5.6457;2.8555,-0.0812,-4.9220;5.1091,-2.5270,0.3184;0.3604,-3.6769,-2.6523;3.6212,-2.2233,-3.7450;1.8247,-4.9924,-4.2403;0.4161,-5.6539,-6.1513;-0.2380,-3.9464,-7.8241;-1.6841,-1.8419,-7.8511;-2.2116,-0.1754,-9.6245;-1.0629,2.2763,-8.5501;-2.5737,2.9309,-9.2167;-1.1392,3.9634,-9.0861;-0.9963,3.0990,-12.6066;-0.8957,4.4674,-11.4710;-2.4536,3.6511,-11.7413;1.9608,0.7902,-9.7099;2.9082,0.9604,-5.2385;3.7994,-0.5706,-5.1712;2.6896,-0.1143,-3.8414;</g>
	</geometry>
	<conformers/>
	<properties/>
</molecule>
