<?xml version="1.0" ?>
<!--MOLLI PACKAGE EXPERIMENTAL XML FORMAT-->
<molecule name="el2870">
	<atoms>
		<a id="1" s="F" t="F" l="F"/>
		<a id="2" s="C" t="C.ar" l="C"/>
		<a id="3" s="C" t="C.ar" l="C"/>
		<a id="4" s="N" t="N.ar" l="N"/>
		<a id="5" s="C" t="C.ar" l="C"/>
		<a id="6" s="Cl" t="Cl" l="CL"/>
		<a id="7" s="N" t="N.ar" l="N"/>
		<a id="8" s="C" t="C.ar" l="C"/>
		<a id="9" s="C" t="C.ar" l="C"/>
		<a id="10" s="C" t="C.ar" l="C"/>
		<a id="11" s="N" t="N.ar" l="N"/>
		<a id="12" s="N" t="N.ar" l="N"/>
		<a id="13" s="C" t="C.3" l="C"/>
		<a id="14" s="C" t="C.3" l="C"/>
		<a id="15" s="C" t="C.3" l="C"/>
		<a id="16" s="C" t="C.3" l="C"/>
		<a id="17" s="C" t="C.ar" l="C"/>
		<a id="18" s="H" t="H" l="H"/>
		<a id="19" s="H" t="H" l="H"/>
		<a id="20" s="H" t="H" l="H"/>
		<a id="21" s="H" t="H" l="H"/>
		<a id="22" s="H" t="H" l="H"/>
		<a id="23" s="H" t="H" l="H"/>
		<a id="24" s="H" t="H" l="H"/>
		<a id="25" s="H" t="H" l="H"/>
		<a id="26" s="H" t="H" l="H"/>
		<a id="27" s="H" t="H" l="H"/>
	</atoms>
	<bonds>
		<b id="1" c="1 2" t="1"/>
		<b id="2" c="2 3" t="ar"/>
		<b id="3" c="3 4" t="ar"/>
		<b id="4" c="4 5" t="ar"/>
		<b id="5" c="5 6" t="1"/>
		<b id="6" c="5 7" t="ar"/>
		<b id="7" c="7 8" t="ar"/>
		<b id="8" c="2 8" t="ar"/>
		<b id="9" c="8 9" t="1"/>
		<b id="10" c="9 10" t="ar"/>
		<b id="11" c="10 11" t="ar"/>
		<b id="12" c="11 12" t="ar"/>
		<b id="13" c="12 13" t="1"/>
		<b id="14" c="13 14" t="1"/>
		<b id="15" c="14 15" t="1"/>
		<b id="16" c="15 16" t="1"/>
		<b id="17" c="13 16" t="1"/>
		<b id="18" c="12 17" t="ar"/>
		<b id="19" c="9 17" t="ar"/>
		<b id="20" c="3 18" t="1"/>
		<b id="21" c="10 19" t="1"/>
		<b id="22" c="13 20" t="1"/>
		<b id="23" c="14 21" t="1"/>
		<b id="24" c="14 22" t="1"/>
		<b id="25" c="15 23" t="1"/>
		<b id="26" c="15 24" t="1"/>
		<b id="27" c="16 25" t="1"/>
		<b id="28" c="16 26" t="1"/>
		<b id="29" c="17 27" t="1"/>
	</bonds>
	<geometry>
		<g u="A" t="cart/3d">#27,3:1.9582,0.4543,2.1414;2.7693,0.2589,1.0865;3.4751,-0.9230,0.9770;4.2843,-1.1529,-0.0471;4.3673,-0.1881,-0.9440;5.4069,-0.4710,-2.2629;3.7422,0.9667,-0.9361;2.9185,1.2321,0.0829;2.2474,2.5025,0.0684;1.3482,3.0740,0.9999;0.9688,4.2648,0.6041;1.5836,4.4968,-0.5588;1.3863,5.7399,-1.2441;1.7535,7.0114,-0.4542;0.4029,7.6265,-0.8486;-0.0663,6.2423,-1.3215;2.3625,3.4742,-0.9224;3.3945,-1.7038,1.7201;0.9797,2.6645,1.9181;1.8804,5.6742,-2.2147;2.6483,7.5352,-0.7818;1.8198,6.8035,0.6110;0.4880,8.3438,-1.6615;-0.1700,8.0704,-0.0395;-0.5390,6.1897,-2.2992;-0.6872,5.7399,-0.5839;2.9423,3.4624,-1.8216;</g>
	</geometry>
	<conformers/>
	<properties/>
</molecule>
