<?xml version="1.0" ?>
<!--MOLLI PACKAGE EXPERIMENTAL XML FORMAT-->
<molecule name="el2872">
	<atoms>
		<a id="1" s="C" t="C.3" l="C"/>
		<a id="2" s="C" t="C.3" l="C"/>
		<a id="3" s="C" t="C.3" l="C"/>
		<a id="4" s="C" t="C.3" l="C"/>
		<a id="5" s="C" t="C.3" l="C"/>
		<a id="6" s="N" t="N.pl3" l="N"/>
		<a id="7" s="C" t="C.ar" l="C"/>
		<a id="8" s="C" t="C.ar" l="C"/>
		<a id="9" s="C" t="C.1" l="C"/>
		<a id="10" s="N" t="N.1" l="N"/>
		<a id="11" s="C" t="C.ar" l="C"/>
		<a id="12" s="C" t="C.ar" l="C"/>
		<a id="13" s="Cl" t="Cl" l="CL"/>
		<a id="14" s="N" t="N.ar" l="N"/>
		<a id="15" s="C" t="C.ar" l="C"/>
		<a id="16" s="N" t="N.pl3" l="N"/>
		<a id="17" s="C" t="C.ar" l="C"/>
		<a id="18" s="C" t="C.ar" l="C"/>
		<a id="19" s="N" t="N.ar" l="N"/>
		<a id="20" s="C" t="C.3" l="C"/>
		<a id="21" s="H" t="H" l="H"/>
		<a id="22" s="H" t="H" l="H"/>
		<a id="23" s="H" t="H" l="H"/>
		<a id="24" s="H" t="H" l="H"/>
		<a id="25" s="H" t="H" l="H"/>
		<a id="26" s="H" t="H" l="H"/>
		<a id="27" s="H" t="H" l="H"/>
		<a id="28" s="H" t="H" l="H"/>
		<a id="29" s="H" t="H" l="H"/>
		<a id="30" s="H" t="H" l="H"/>
		<a id="31" s="H" t="H" l="H"/>
		<a id="32" s="H" t="H" l="H"/>
		<a id="33" s="H" t="H" l="H"/>
		<a id="34" s="H" t="H" l="H"/>
		<a id="35" s="H" t="H" l="H"/>
		<a id="36" s="H" t="H" l="H"/>
	</atoms>
	<bonds>
		<b id="1" c="1 2" t="1"/>
		<b id="2" c="2 3" t="1"/>
		<b id="3" c="3 4" t="1"/>
		<b id="4" c="4 5" t="1"/>
		<b id="5" c="5 6" t="1"/>
		<b id="6" c="2 6" t="1"/>
		<b id="7" c="6 7" t="1"/>
		<b id="8" c="7 8" t="ar"/>
		<b id="9" c="8 9" t="1"/>
		<b id="10" c="9 10" t="3"/>
		<b id="11" c="8 11" t="ar"/>
		<b id="12" c="11 12" t="ar"/>
		<b id="13" c="12 13" t="1"/>
		<b id="14" c="12 14" t="ar"/>
		<b id="15" c="14 15" t="ar"/>
		<b id="16" c="15 16" t="1"/>
		<b id="17" c="15 17" t="ar"/>
		<b id="18" c="17 18" t="ar"/>
		<b id="19" c="11 18" t="ar"/>
		<b id="20" c="18 19" t="ar"/>
		<b id="21" c="7 19" t="ar"/>
		<b id="22" c="19 20" t="1"/>
		<b id="23" c="1 21" t="1"/>
		<b id="24" c="1 22" t="1"/>
		<b id="25" c="1 23" t="1"/>
		<b id="26" c="2 24" t="1"/>
		<b id="27" c="3 25" t="1"/>
		<b id="28" c="3 26" t="1"/>
		<b id="29" c="4 27" t="1"/>
		<b id="30" c="4 28" t="1"/>
		<b id="31" c="5 29" t="1"/>
		<b id="32" c="5 30" t="1"/>
		<b id="33" c="16 31" t="1"/>
		<b id="34" c="16 32" t="1"/>
		<b id="35" c="17 33" t="1"/>
		<b id="36" c="20 34" t="1"/>
		<b id="37" c="20 35" t="1"/>
		<b id="38" c="20 36" t="1"/>
	</bonds>
	<geometry>
		<g u="A" t="cart/3d">#36,3:1.4815,0.7227,1.1411;1.0525,-0.2387,0.0370;0.3057,0.4836,-1.0959;-1.1517,0.5289,-0.6173;-1.2215,-0.5234,0.5063;0.0669,-1.2050,0.5378;0.1369,-2.4791,0.0101;-0.6868,-3.1650,-0.8704;-1.7967,-2.6672,-1.5531;-2.6895,-2.2250,-2.1276;-0.1314,-4.4799,-1.0097;-0.4431,-5.6308,-1.7226;-1.8202,-5.6750,-2.7534;0.2846,-6.7195,-1.6613;1.3720,-6.7554,-0.8806;2.0090,-7.9668,-0.8270;1.8056,-5.6664,-0.1226;1.0276,-4.5229,-0.1967;1.1638,-3.3056,0.4116;2.1472,-2.9865,1.4072;2.2516,1.3908,0.7636;1.8845,0.1786,1.9921;0.6404,1.3199,1.4797;1.9305,-0.7717,-0.3377;0.3807,-0.1024,-2.0127;0.7151,1.4734,-1.2852;-1.8381,0.2782,-1.4231;-1.4141,1.5153,-0.2385;-2.0305,-1.2361,0.3606;-1.3630,-0.0460,1.4807;1.7290,-8.6187,-1.5412;2.9804,-7.9773,-0.5669;2.6951,-5.7312,0.4823;2.3260,-3.8626,2.0312;1.7654,-2.1762,2.0262;3.0937,-2.6790,0.9535;</g>
	</geometry>
	<conformers/>
	<properties/>
</molecule>
