<?xml version="1.0" ?>
<!--MOLLI PACKAGE EXPERIMENTAL XML FORMAT-->
<molecule name="el2881">
	<atoms>
		<a id="1" s="F" t="F" l="F"/>
		<a id="2" s="C" t="C.ar" l="C"/>
		<a id="3" s="C" t="C.ar" l="C"/>
		<a id="4" s="N" t="N.ar" l="N"/>
		<a id="5" s="C" t="C.ar" l="C"/>
		<a id="6" s="Cl" t="Cl" l="CL"/>
		<a id="7" s="N" t="N.ar" l="N"/>
		<a id="8" s="C" t="C.ar" l="C"/>
		<a id="9" s="C" t="C.ar" l="C"/>
		<a id="10" s="C" t="C.ar" l="C"/>
		<a id="11" s="C" t="C.ar" l="C"/>
		<a id="12" s="C" t="C.ar" l="C"/>
		<a id="13" s="N" t="N.ar" l="N"/>
		<a id="14" s="C" t="C.ar" l="C"/>
		<a id="15" s="C" t="C.ar" l="C"/>
		<a id="16" s="N" t="N.ar" l="N"/>
		<a id="17" s="C" t="C.ar" l="C"/>
		<a id="18" s="C" t="C.ar" l="C"/>
		<a id="19" s="H" t="H" l="H"/>
		<a id="20" s="H" t="H" l="H"/>
		<a id="21" s="H" t="H" l="H"/>
		<a id="22" s="H" t="H" l="H"/>
		<a id="23" s="H" t="H" l="H"/>
		<a id="24" s="H" t="H" l="H"/>
	</atoms>
	<bonds>
		<b id="1" c="1 2" t="1"/>
		<b id="2" c="2 3" t="ar"/>
		<b id="3" c="3 4" t="ar"/>
		<b id="4" c="4 5" t="ar"/>
		<b id="5" c="5 6" t="1"/>
		<b id="6" c="5 7" t="ar"/>
		<b id="7" c="7 8" t="ar"/>
		<b id="8" c="2 8" t="ar"/>
		<b id="9" c="8 9" t="1"/>
		<b id="10" c="9 10" t="ar"/>
		<b id="11" c="10 11" t="ar"/>
		<b id="12" c="11 12" t="ar"/>
		<b id="13" c="12 13" t="ar"/>
		<b id="14" c="13 14" t="ar"/>
		<b id="15" c="14 15" t="ar"/>
		<b id="16" c="15 16" t="ar"/>
		<b id="17" c="16 17" t="ar"/>
		<b id="18" c="12 17" t="ar"/>
		<b id="19" c="17 18" t="ar"/>
		<b id="20" c="9 18" t="ar"/>
		<b id="21" c="3 19" t="1"/>
		<b id="22" c="10 20" t="1"/>
		<b id="23" c="11 21" t="1"/>
		<b id="24" c="14 22" t="1"/>
		<b id="25" c="15 23" t="1"/>
		<b id="26" c="18 24" t="1"/>
	</bonds>
	<geometry>
		<g u="A" t="cart/3d">#24,3:4.1447,2.5205,-2.0663;3.7130,1.3745,-1.5183;4.3081,0.1810,-1.8970;3.9395,-0.9730,-1.3699;2.9884,-0.9159,-0.4543;2.5187,-2.3906,0.2486;2.3677,0.1610,-0.0268;2.6968,1.3414,-0.5517;1.9665,2.5085,-0.0514;1.3931,2.4199,1.2417;0.6936,3.4609,1.7754;0.5179,4.6455,1.0297;-0.1751,5.6786,1.5526;-0.3168,6.7407,0.8079;0.2230,6.8227,-0.4947;0.9031,5.8449,-1.0256;1.0731,4.7328,-0.2776;1.8035,3.6508,-0.8026;5.0955,0.1529,-2.6369;1.5310,1.5010,1.7891;0.2587,3.4094,2.7610;-0.8722,7.5641,1.2368;0.0903,7.7084,-1.1015;2.1954,3.7554,-1.8012;</g>
	</geometry>
	<conformers/>
	<properties/>
</molecule>
