<?xml version="1.0" ?>
<!--MOLLI PACKAGE EXPERIMENTAL XML FORMAT-->
<molecule name="el2883">
	<atoms>
		<a id="1" s="C" t="C.3" l="C"/>
		<a id="2" s="N" t="N.pl3" l="N"/>
		<a id="3" s="C" t="C.3" l="C"/>
		<a id="4" s="C" t="C.ar" l="C"/>
		<a id="5" s="C" t="C.ar" l="C"/>
		<a id="6" s="N" t="N.ar" l="N"/>
		<a id="7" s="C" t="C.ar" l="C"/>
		<a id="8" s="C" t="C.ar" l="C"/>
		<a id="9" s="C" t="C.ar" l="C"/>
		<a id="10" s="C" t="C.ar" l="C"/>
		<a id="11" s="C" t="C.ar" l="C"/>
		<a id="12" s="N" t="N.ar" l="N"/>
		<a id="13" s="C" t="C.ar" l="C"/>
		<a id="14" s="Cl" t="Cl" l="CL"/>
		<a id="15" s="N" t="N.ar" l="N"/>
		<a id="16" s="C" t="C.ar" l="C"/>
		<a id="17" s="C" t="C.ar" l="C"/>
		<a id="18" s="F" t="F" l="F"/>
		<a id="19" s="C" t="C.ar" l="C"/>
		<a id="20" s="C" t="C.ar" l="C"/>
		<a id="21" s="N" t="N.ar" l="N"/>
		<a id="22" s="H" t="H" l="H"/>
		<a id="23" s="H" t="H" l="H"/>
		<a id="24" s="H" t="H" l="H"/>
		<a id="25" s="H" t="H" l="H"/>
		<a id="26" s="H" t="H" l="H"/>
		<a id="27" s="H" t="H" l="H"/>
		<a id="28" s="H" t="H" l="H"/>
		<a id="29" s="H" t="H" l="H"/>
		<a id="30" s="H" t="H" l="H"/>
		<a id="31" s="H" t="H" l="H"/>
		<a id="32" s="H" t="H" l="H"/>
	</atoms>
	<bonds>
		<b id="1" c="1 2" t="1"/>
		<b id="2" c="2 3" t="1"/>
		<b id="3" c="2 4" t="1"/>
		<b id="4" c="4 5" t="ar"/>
		<b id="5" c="5 6" t="ar"/>
		<b id="6" c="6 7" t="ar"/>
		<b id="7" c="7 8" t="ar"/>
		<b id="8" c="8 9" t="ar"/>
		<b id="9" c="9 10" t="ar"/>
		<b id="10" c="10 11" t="1"/>
		<b id="11" c="11 12" t="ar"/>
		<b id="12" c="12 13" t="ar"/>
		<b id="13" c="13 14" t="1"/>
		<b id="14" c="13 15" t="ar"/>
		<b id="15" c="15 16" t="ar"/>
		<b id="16" c="16 17" t="ar"/>
		<b id="17" c="11 17" t="ar"/>
		<b id="18" c="17 18" t="1"/>
		<b id="19" c="10 19" t="ar"/>
		<b id="20" c="19 20" t="ar"/>
		<b id="21" c="7 20" t="ar"/>
		<b id="22" c="20 21" t="ar"/>
		<b id="23" c="4 21" t="ar"/>
		<b id="24" c="1 22" t="1"/>
		<b id="25" c="1 23" t="1"/>
		<b id="26" c="1 24" t="1"/>
		<b id="27" c="3 25" t="1"/>
		<b id="28" c="3 26" t="1"/>
		<b id="29" c="3 27" t="1"/>
		<b id="30" c="5 28" t="1"/>
		<b id="31" c="8 29" t="1"/>
		<b id="32" c="9 30" t="1"/>
		<b id="33" c="16 31" t="1"/>
		<b id="34" c="19 32" t="1"/>
	</bonds>
	<geometry>
		<g u="A" t="cart/3d">#32,3:1.2301,0.6395,-0.5334;2.4292,-0.0804,-0.1802;2.8696,-0.0065,1.1913;3.1060,-0.8299,-1.0748;2.6766,-0.9462,-2.4405;3.3178,-1.6525,-3.3161;4.4350,-2.3062,-2.9138;5.1711,-3.0796,-3.8281;6.2899,-3.7433,-3.4146;6.7186,-3.6737,-2.0674;7.9218,-4.4203,-1.7030;8.7470,-4.7490,-2.6996;9.8394,-5.4232,-2.4249;10.8440,-5.8052,-3.7444;10.2436,-5.8376,-1.2376;9.4445,-5.5449,-0.2255;8.2685,-4.8368,-0.4072;7.4911,-4.5980,0.6621;6.0179,-2.9098,-1.1572;4.8663,-2.2115,-1.5640;4.1927,-1.4685,-0.6658;0.8881,1.1911,0.3393;0.4318,-0.0399,-0.8453;1.4183,1.3541,-1.3386;3.0720,1.0303,1.4699;3.7802,-0.5919,1.2853;2.1060,-0.4120,1.8594;1.7879,-0.4453,-2.7969;4.8277,-3.1287,-4.8496;6.8710,-4.3386,-4.0998;9.7500,-5.8873,0.7531;6.3239,-2.8023,-0.1297;</g>
	</geometry>
	<conformers/>
	<properties/>
</molecule>
