<?xml version="1.0" ?>
<!--MOLLI PACKAGE EXPERIMENTAL XML FORMAT-->
<molecule name="el2889">
	<atoms>
		<a id="1" s="C" t="C.3" l="C"/>
		<a id="2" s="N" t="N.3" l="N"/>
		<a id="3" s="C" t="C.3" l="C"/>
		<a id="4" s="C" t="C.3" l="C"/>
		<a id="5" s="C" t="C.3" l="C"/>
		<a id="6" s="N" t="N.am" l="N"/>
		<a id="7" s="C" t="C.2" l="C"/>
		<a id="8" s="O" t="O.2" l="O"/>
		<a id="9" s="C" t="C.ar" l="C"/>
		<a id="10" s="C" t="C.ar" l="C"/>
		<a id="11" s="C" t="C.ar" l="C"/>
		<a id="12" s="C" t="C.ar" l="C"/>
		<a id="13" s="C" t="C.ar" l="C"/>
		<a id="14" s="C" t="C.ar" l="C"/>
		<a id="15" s="C" t="C.ar" l="C"/>
		<a id="16" s="S" t="S.2" l="S"/>
		<a id="17" s="C" t="C.ar" l="C"/>
		<a id="18" s="C" t="C.ar" l="C"/>
		<a id="19" s="N" t="N.ar" l="N"/>
		<a id="20" s="C" t="C.ar" l="C"/>
		<a id="21" s="Cl" t="Cl" l="CL"/>
		<a id="22" s="N" t="N.ar" l="N"/>
		<a id="23" s="C" t="C.ar" l="C"/>
		<a id="24" s="C" t="C.ar" l="C"/>
		<a id="25" s="H" t="H" l="H"/>
		<a id="26" s="H" t="H" l="H"/>
		<a id="27" s="H" t="H" l="H"/>
		<a id="28" s="H" t="H" l="H"/>
		<a id="29" s="H" t="H" l="H"/>
		<a id="30" s="H" t="H" l="H"/>
		<a id="31" s="H" t="H" l="H"/>
		<a id="32" s="H" t="H" l="H"/>
		<a id="33" s="H" t="H" l="H"/>
		<a id="34" s="H" t="H" l="H"/>
		<a id="35" s="H" t="H" l="H"/>
		<a id="36" s="H" t="H" l="H"/>
		<a id="37" s="H" t="H" l="H"/>
		<a id="38" s="H" t="H" l="H"/>
		<a id="39" s="H" t="H" l="H"/>
		<a id="40" s="H" t="H" l="H"/>
		<a id="41" s="H" t="H" l="H"/>
	</atoms>
	<bonds>
		<b id="1" c="1 2" t="1"/>
		<b id="2" c="2 3" t="1"/>
		<b id="3" c="2 4" t="1"/>
		<b id="4" c="4 5" t="1"/>
		<b id="5" c="5 6" t="1"/>
		<b id="6" c="6 7" t="am"/>
		<b id="7" c="7 8" t="2"/>
		<b id="8" c="7 9" t="1"/>
		<b id="9" c="9 10" t="ar"/>
		<b id="10" c="10 11" t="ar"/>
		<b id="11" c="11 12" t="ar"/>
		<b id="12" c="12 13" t="ar"/>
		<b id="13" c="13 14" t="1"/>
		<b id="14" c="14 15" t="ar"/>
		<b id="15" c="15 16" t="ar"/>
		<b id="16" c="16 17" t="ar"/>
		<b id="17" c="17 18" t="ar"/>
		<b id="18" c="18 19" t="ar"/>
		<b id="19" c="19 20" t="ar"/>
		<b id="20" c="20 21" t="1"/>
		<b id="21" c="20 22" t="ar"/>
		<b id="22" c="22 23" t="ar"/>
		<b id="23" c="14 23" t="ar"/>
		<b id="24" c="17 23" t="ar"/>
		<b id="25" c="13 24" t="ar"/>
		<b id="26" c="9 24" t="ar"/>
		<b id="27" c="1 25" t="1"/>
		<b id="28" c="1 26" t="1"/>
		<b id="29" c="1 27" t="1"/>
		<b id="30" c="3 28" t="1"/>
		<b id="31" c="3 29" t="1"/>
		<b id="32" c="3 30" t="1"/>
		<b id="33" c="4 31" t="1"/>
		<b id="34" c="4 32" t="1"/>
		<b id="35" c="5 33" t="1"/>
		<b id="36" c="5 34" t="1"/>
		<b id="37" c="6 35" t="1"/>
		<b id="38" c="10 36" t="1"/>
		<b id="39" c="11 37" t="1"/>
		<b id="40" c="12 38" t="1"/>
		<b id="41" c="15 39" t="1"/>
		<b id="42" c="18 40" t="1"/>
		<b id="43" c="24 41" t="1"/>
	</bonds>
	<geometry>
		<g u="A" t="cart/3d">#41,3:9.0514,1.3685,-0.8545;9.2113,0.2071,-0.0017;10.3526,0.3732,0.8757;8.0108,-0.0966,0.7620;6.8628,-0.5444,-0.1361;7.3182,-1.5904,-1.0244;6.4517,-2.2307,-1.8356;5.2536,-2.0089,-1.8170;7.0517,-3.2445,-2.7570;6.4080,-3.4744,-3.9689;6.9052,-4.4144,-4.8528;8.0266,-5.1512,-4.5220;8.6635,-4.9557,-3.2957;9.8204,-5.7682,-2.9254;10.0630,-7.0278,-3.3872;11.5030,-7.7699,-2.7929;11.8541,-6.3582,-1.8599;12.9186,-6.0761,-1.0177;12.9895,-4.9161,-0.3964;12.0095,-4.0479,-0.6145;12.1410,-2.5628,0.2078;10.9573,-4.1969,-1.3824;10.8574,-5.3614,-2.0226;8.1753,-3.9873,-2.4212;9.9875,1.5469,-1.3816;8.7911,2.2759,-0.2872;8.2758,1.1832,-1.5944;11.2470,0.5148,0.2716;10.4832,-0.5254,1.4756;10.2447,1.2352,1.5520;7.6758,0.7633,1.3692;8.2607,-0.9152,1.4425;6.4623,0.2950,-0.7173;6.0394,-0.9339,0.4707;8.3179,-1.6510,-1.1498;5.5204,-2.9050,-4.1981;6.4157,-4.5777,-5.8014;8.4181,-5.8752,-5.2208;9.4481,-7.5990,-4.0554;13.7232,-6.7739,-0.8321;8.6659,-3.8433,-1.4724;</g>
	</geometry>
	<conformers/>
	<properties/>
</molecule>
