<?xml version="1.0" ?>
<!--MOLLI PACKAGE EXPERIMENTAL XML FORMAT-->
<molecule name="el2894">
	<atoms>
		<a id="1" s="N" t="N.pl3" l="N"/>
		<a id="2" s="C" t="C.ar" l="C"/>
		<a id="3" s="N" t="N.ar" l="N"/>
		<a id="4" s="C" t="C.ar" l="C"/>
		<a id="5" s="C" t="C.ar" l="C"/>
		<a id="6" s="C" t="C.ar" l="C"/>
		<a id="7" s="N" t="N.ar" l="N"/>
		<a id="8" s="C" t="C.ar" l="C"/>
		<a id="9" s="C" t="C.ar" l="C"/>
		<a id="10" s="C" t="C.ar" l="C"/>
		<a id="11" s="C" t="C.ar" l="C"/>
		<a id="12" s="Cl" t="Cl" l="CL"/>
		<a id="13" s="C" t="C.ar" l="C"/>
		<a id="14" s="C" t="C.ar" l="C"/>
		<a id="15" s="N" t="N.am" l="N"/>
		<a id="16" s="C" t="C.2" l="C"/>
		<a id="17" s="O" t="O.2" l="O"/>
		<a id="18" s="C" t="C.3" l="C"/>
		<a id="19" s="H" t="H" l="H"/>
		<a id="20" s="H" t="H" l="H"/>
		<a id="21" s="H" t="H" l="H"/>
		<a id="22" s="H" t="H" l="H"/>
		<a id="23" s="H" t="H" l="H"/>
		<a id="24" s="H" t="H" l="H"/>
		<a id="25" s="H" t="H" l="H"/>
		<a id="26" s="H" t="H" l="H"/>
		<a id="27" s="H" t="H" l="H"/>
	</atoms>
	<bonds>
		<b id="1" c="1 2" t="1"/>
		<b id="2" c="2 3" t="ar"/>
		<b id="3" c="3 4" t="ar"/>
		<b id="4" c="4 5" t="ar"/>
		<b id="5" c="5 6" t="ar"/>
		<b id="6" c="6 7" t="ar"/>
		<b id="7" c="2 7" t="ar"/>
		<b id="8" c="6 8" t="1"/>
		<b id="9" c="8 9" t="ar"/>
		<b id="10" c="9 10" t="ar"/>
		<b id="11" c="10 11" t="ar"/>
		<b id="12" c="11 12" t="1"/>
		<b id="13" c="11 13" t="ar"/>
		<b id="14" c="13 14" t="ar"/>
		<b id="15" c="8 14" t="ar"/>
		<b id="16" c="14 15" t="1"/>
		<b id="17" c="15 16" t="am"/>
		<b id="18" c="16 17" t="2"/>
		<b id="19" c="16 18" t="1"/>
		<b id="20" c="5 18" t="1"/>
		<b id="21" c="1 19" t="1"/>
		<b id="22" c="1 20" t="1"/>
		<b id="23" c="4 21" t="1"/>
		<b id="24" c="9 22" t="1"/>
		<b id="25" c="10 23" t="1"/>
		<b id="26" c="13 24" t="1"/>
		<b id="27" c="15 25" t="1"/>
		<b id="28" c="18 26" t="1"/>
		<b id="29" c="18 27" t="1"/>
	</bonds>
	<geometry>
		<g u="A" t="cart/3d">#27,3:1.2997,-0.1476,-0.3072;2.6371,-0.0375,-0.1647;3.1642,1.1863,-0.2962;4.4759,1.2731,-0.2270;5.2990,0.1711,-0.0193;4.6466,-1.0534,0.1604;3.3233,-1.1540,0.0684;5.3727,-2.2948,0.4444;4.8649,-3.4855,-0.0767;5.4537,-4.7037,0.1813;6.5707,-4.7435,1.0055;7.3224,-6.2560,1.3612;7.0861,-3.5858,1.5530;6.5060,-2.3476,1.2705;7.0463,-1.2343,1.9114;7.2316,0.0390,1.4500;7.7150,0.8905,2.1571;6.7899,0.2616,0.0190;0.7597,0.6987,-0.3250;0.8631,-1.0157,-0.0556;4.8909,2.2662,-0.3466;3.9800,-3.4240,-0.6900;5.0540,-5.6134,-0.2362;7.9451,-3.6341,2.2050;7.4918,-1.4163,2.8035;7.2340,-0.5104,-0.6151;7.1271,1.2465,-0.3029;</g>
	</geometry>
	<conformers/>
	<properties/>
</molecule>
