<?xml version="1.0" ?>
<!--MOLLI PACKAGE EXPERIMENTAL XML FORMAT-->
<molecule name="el2451">
	<atoms>
		<a id="1" s="C" t="C.3" l="C"/>
		<a id="2" s="C" t="C.2" l="C"/>
		<a id="3" s="O" t="O.2" l="O"/>
		<a id="4" s="C" t="C.ar" l="C"/>
		<a id="5" s="C" t="C.ar" l="C"/>
		<a id="6" s="C" t="C.ar" l="C"/>
		<a id="7" s="C" t="C.ar" l="C"/>
		<a id="8" s="O" t="O.3" l="O"/>
		<a id="9" s="C" t="C.ar" l="C"/>
		<a id="10" s="C" t="C.ar" l="C"/>
		<a id="11" s="N" t="N.ar" l="N"/>
		<a id="12" s="C" t="C.ar" l="C"/>
		<a id="13" s="C" t="C.ar" l="C"/>
		<a id="14" s="Cl" t="Cl" l="CL"/>
		<a id="15" s="N" t="N.ar" l="N"/>
		<a id="16" s="C" t="C.ar" l="C"/>
		<a id="17" s="C" t="C.ar" l="C"/>
		<a id="18" s="H" t="H" l="H"/>
		<a id="19" s="H" t="H" l="H"/>
		<a id="20" s="H" t="H" l="H"/>
		<a id="21" s="H" t="H" l="H"/>
		<a id="22" s="H" t="H" l="H"/>
		<a id="23" s="H" t="H" l="H"/>
		<a id="24" s="H" t="H" l="H"/>
		<a id="25" s="H" t="H" l="H"/>
		<a id="26" s="H" t="H" l="H"/>
	</atoms>
	<bonds>
		<b id="1" c="1 2" t="1"/>
		<b id="2" c="2 3" t="2"/>
		<b id="3" c="2 4" t="1"/>
		<b id="4" c="4 5" t="ar"/>
		<b id="5" c="5 6" t="ar"/>
		<b id="6" c="6 7" t="ar"/>
		<b id="7" c="7 8" t="1"/>
		<b id="8" c="8 9" t="1"/>
		<b id="9" c="9 10" t="ar"/>
		<b id="10" c="10 11" t="ar"/>
		<b id="11" c="11 12" t="ar"/>
		<b id="12" c="12 13" t="ar"/>
		<b id="13" c="13 14" t="1"/>
		<b id="14" c="13 15" t="ar"/>
		<b id="15" c="9 15" t="ar"/>
		<b id="16" c="7 16" t="ar"/>
		<b id="17" c="16 17" t="ar"/>
		<b id="18" c="4 17" t="ar"/>
		<b id="19" c="1 18" t="1"/>
		<b id="20" c="1 19" t="1"/>
		<b id="21" c="1 20" t="1"/>
		<b id="22" c="5 21" t="1"/>
		<b id="23" c="6 22" t="1"/>
		<b id="24" c="10 23" t="1"/>
		<b id="25" c="12 24" t="1"/>
		<b id="26" c="16 25" t="1"/>
		<b id="27" c="17 26" t="1"/>
	</bonds>
	<geometry>
		<g u="A" t="cart/3d">#26,3:1.3697,-0.5813,-0.3948;2.6175,0.2313,-0.1539;3.0768,0.9585,-1.0057;3.2614,0.1055,1.1808;2.7851,-0.7271,2.1914;3.4325,-0.8039,3.4098;4.5752,-0.0459,3.6305;5.2532,-0.0187,4.8344;5.4318,-1.1161,5.5727;6.0447,-0.9824,6.8316;6.2876,-2.0360,7.5789;5.9437,-3.2338,7.1264;5.3334,-3.3570,5.8858;4.8636,-4.8839,5.2631;5.0810,-2.3117,5.1188;5.0552,0.8031,2.6372;4.4027,0.8719,1.4264;1.0094,-0.3912,-1.4023;0.5992,-0.3032,0.3210;1.5843,-1.6416,-0.2836;1.9010,-1.3256,2.0410;3.0519,-1.4494,4.1844;6.3309,-0.0162,7.2176;6.1565,-4.0815,7.7584;5.9365,1.3935,2.8331;4.7643,1.5178,0.6405;</g>
	</geometry>
	<conformers/>
	<properties/>
</molecule>
