<?xml version="1.0" ?>
<!--MOLLI PACKAGE EXPERIMENTAL XML FORMAT-->
<molecule name="el2453">
	<atoms>
		<a id="1" s="C" t="C.3" l="C"/>
		<a id="2" s="C" t="C.3" l="C"/>
		<a id="3" s="C" t="C.3" l="C"/>
		<a id="4" s="C" t="C.3" l="C"/>
		<a id="5" s="O" t="O.3" l="O"/>
		<a id="6" s="C" t="C.2" l="C"/>
		<a id="7" s="O" t="O.2" l="O"/>
		<a id="8" s="N" t="N.am" l="N"/>
		<a id="9" s="C" t="C.2" l="C"/>
		<a id="10" s="O" t="O.2" l="O"/>
		<a id="11" s="O" t="O.3" l="O"/>
		<a id="12" s="C" t="C.3" l="C"/>
		<a id="13" s="C" t="C.3" l="C"/>
		<a id="14" s="C" t="C.3" l="C"/>
		<a id="15" s="C" t="C.3" l="C"/>
		<a id="16" s="C" t="C.ar" l="C"/>
		<a id="17" s="C" t="C.ar" l="C"/>
		<a id="18" s="C" t="C.ar" l="C"/>
		<a id="19" s="Cl" t="Cl" l="CL"/>
		<a id="20" s="N" t="N.ar" l="N"/>
		<a id="21" s="C" t="C.ar" l="C"/>
		<a id="22" s="N" t="N.pl3" l="N"/>
		<a id="23" s="C" t="C.3" l="C"/>
		<a id="24" s="C" t="C.3" l="C"/>
		<a id="25" s="O" t="O.3" l="O"/>
		<a id="26" s="C" t="C.3" l="C"/>
		<a id="27" s="C" t="C.3" l="C"/>
		<a id="28" s="N" t="N.ar" l="N"/>
		<a id="29" s="H" t="H" l="H"/>
		<a id="30" s="H" t="H" l="H"/>
		<a id="31" s="H" t="H" l="H"/>
		<a id="32" s="H" t="H" l="H"/>
		<a id="33" s="H" t="H" l="H"/>
		<a id="34" s="H" t="H" l="H"/>
		<a id="35" s="H" t="H" l="H"/>
		<a id="36" s="H" t="H" l="H"/>
		<a id="37" s="H" t="H" l="H"/>
		<a id="38" s="H" t="H" l="H"/>
		<a id="39" s="H" t="H" l="H"/>
		<a id="40" s="H" t="H" l="H"/>
		<a id="41" s="H" t="H" l="H"/>
		<a id="42" s="H" t="H" l="H"/>
		<a id="43" s="H" t="H" l="H"/>
		<a id="44" s="H" t="H" l="H"/>
		<a id="45" s="H" t="H" l="H"/>
		<a id="46" s="H" t="H" l="H"/>
		<a id="47" s="H" t="H" l="H"/>
		<a id="48" s="H" t="H" l="H"/>
		<a id="49" s="H" t="H" l="H"/>
		<a id="50" s="H" t="H" l="H"/>
		<a id="51" s="H" t="H" l="H"/>
		<a id="52" s="H" t="H" l="H"/>
		<a id="53" s="H" t="H" l="H"/>
		<a id="54" s="H" t="H" l="H"/>
		<a id="55" s="H" t="H" l="H"/>
	</atoms>
	<bonds>
		<b id="1" c="1 2" t="1"/>
		<b id="2" c="2 3" t="1"/>
		<b id="3" c="2 4" t="1"/>
		<b id="4" c="2 5" t="1"/>
		<b id="5" c="5 6" t="1"/>
		<b id="6" c="6 7" t="2"/>
		<b id="7" c="6 8" t="am"/>
		<b id="8" c="8 9" t="am"/>
		<b id="9" c="9 10" t="2"/>
		<b id="10" c="9 11" t="1"/>
		<b id="11" c="11 12" t="1"/>
		<b id="12" c="12 13" t="1"/>
		<b id="13" c="12 14" t="1"/>
		<b id="14" c="12 15" t="1"/>
		<b id="15" c="8 16" t="1"/>
		<b id="16" c="16 17" t="ar"/>
		<b id="17" c="17 18" t="ar"/>
		<b id="18" c="18 19" t="1"/>
		<b id="19" c="18 20" t="ar"/>
		<b id="20" c="20 21" t="ar"/>
		<b id="21" c="21 22" t="1"/>
		<b id="22" c="22 23" t="1"/>
		<b id="23" c="23 24" t="1"/>
		<b id="24" c="24 25" t="1"/>
		<b id="25" c="25 26" t="1"/>
		<b id="26" c="26 27" t="1"/>
		<b id="27" c="22 27" t="1"/>
		<b id="28" c="21 28" t="ar"/>
		<b id="29" c="16 28" t="ar"/>
		<b id="30" c="1 29" t="1"/>
		<b id="31" c="1 30" t="1"/>
		<b id="32" c="1 31" t="1"/>
		<b id="33" c="3 32" t="1"/>
		<b id="34" c="3 33" t="1"/>
		<b id="35" c="3 34" t="1"/>
		<b id="36" c="4 35" t="1"/>
		<b id="37" c="4 36" t="1"/>
		<b id="38" c="4 37" t="1"/>
		<b id="39" c="13 38" t="1"/>
		<b id="40" c="13 39" t="1"/>
		<b id="41" c="13 40" t="1"/>
		<b id="42" c="14 41" t="1"/>
		<b id="43" c="14 42" t="1"/>
		<b id="44" c="14 43" t="1"/>
		<b id="45" c="15 44" t="1"/>
		<b id="46" c="15 45" t="1"/>
		<b id="47" c="15 46" t="1"/>
		<b id="48" c="17 47" t="1"/>
		<b id="49" c="23 48" t="1"/>
		<b id="50" c="23 49" t="1"/>
		<b id="51" c="24 50" t="1"/>
		<b id="52" c="24 51" t="1"/>
		<b id="53" c="26 52" t="1"/>
		<b id="54" c="26 53" t="1"/>
		<b id="55" c="27 54" t="1"/>
		<b id="56" c="27 55" t="1"/>
	</bonds>
	<geometry>
		<g u="A" t="cart/3d">#55,3:3.2538,-0.8829,-1.1954;2.7164,-0.1920,0.0561;2.8313,1.3266,-0.0534;1.2721,-0.6044,0.3350;3.4344,-0.6558,1.2333;4.7146,-0.3998,1.3881;5.4798,0.0562,0.5831;5.1318,-0.7832,2.6757;4.2288,-0.8911,3.7547;3.1866,-0.3054,3.8095;4.7252,-1.7389,4.6385;4.0295,-2.0064,5.8857;2.6746,-2.6518,5.5999;4.9529,-2.9846,6.6113;3.8703,-0.7180,6.6900;6.5129,-0.8852,2.9325;7.3500,-1.5808,2.0640;8.6807,-1.6120,2.4540;9.8316,-2.4589,1.5068;9.1438,-1.0399,3.5397;8.2544,-0.3774,4.2954;8.7148,0.2693,5.3741;10.0740,0.1338,5.8434;10.0574,-0.5710,7.2058;9.2286,0.1086,8.1229;7.9026,0.1932,7.6543;7.8370,0.9303,6.3110;6.9458,-0.2911,4.0268;2.6534,-0.5960,-2.0542;3.2053,-1.9634,-1.0774;4.2858,-0.5935,-1.3736;2.1968,1.6843,-0.8595;3.8581,1.6171,-0.2586;2.5142,1.7872,0.8796;0.6220,-0.2494,-0.4589;0.9510,-0.1798,1.2820;1.1974,-1.6864,0.4007;2.8061,-3.5401,4.9860;2.0274,-1.9551,5.0745;2.2019,-2.9372,6.5354;5.0682,-3.8931,6.0264;4.5408,-3.2368,7.5837;5.9338,-2.5360,6.7439;3.2248,-0.0209,6.1633;4.8410,-0.2522,6.8448;3.4289,-0.9449,7.6564;6.9968,-2.0525,1.1667;10.5074,1.1335,5.9566;10.6424,-0.4387,5.1126;11.0540,-0.5828,7.6489;9.7032,-1.6050,7.0752;7.3418,0.7297,8.4214;7.4835,-0.8185,7.5350;8.1817,1.9612,6.4471;6.8275,0.9269,5.9033;</g>
	</geometry>
	<conformers/>
	<properties/>
</molecule>
