<?xml version="1.0" ?>
<!--MOLLI PACKAGE EXPERIMENTAL XML FORMAT-->
<molecule name="el2455">
	<atoms>
		<a id="1" s="N" t="N.1" l="N"/>
		<a id="2" s="C" t="C.1" l="C"/>
		<a id="3" s="C" t="C.ar" l="C"/>
		<a id="4" s="C" t="C.ar" l="C"/>
		<a id="5" s="C" t="C.ar" l="C"/>
		<a id="6" s="C" t="C.ar" l="C"/>
		<a id="7" s="C" t="C.ar" l="C"/>
		<a id="8" s="C" t="C.ar" l="C"/>
		<a id="9" s="N" t="N.ar" l="N"/>
		<a id="10" s="C" t="C.ar" l="C"/>
		<a id="11" s="N" t="N.ar" l="N"/>
		<a id="12" s="C" t="C.ar" l="C"/>
		<a id="13" s="Cl" t="Cl" l="CL"/>
		<a id="14" s="H" t="H" l="H"/>
		<a id="15" s="H" t="H" l="H"/>
		<a id="16" s="H" t="H" l="H"/>
		<a id="17" s="H" t="H" l="H"/>
	</atoms>
	<bonds>
		<b id="1" c="1 2" t="3"/>
		<b id="2" c="2 3" t="1"/>
		<b id="3" c="3 4" t="ar"/>
		<b id="4" c="4 5" t="ar"/>
		<b id="5" c="5 6" t="ar"/>
		<b id="6" c="6 7" t="ar"/>
		<b id="7" c="7 8" t="ar"/>
		<b id="8" c="8 9" t="ar"/>
		<b id="9" c="9 10" t="ar"/>
		<b id="10" c="5 10" t="ar"/>
		<b id="11" c="10 11" t="ar"/>
		<b id="12" c="11 12" t="ar"/>
		<b id="13" c="3 12" t="ar"/>
		<b id="14" c="12 13" t="1"/>
		<b id="15" c="4 14" t="1"/>
		<b id="16" c="6 15" t="1"/>
		<b id="17" c="7 16" t="1"/>
		<b id="18" c="8 17" t="1"/>
	</bonds>
	<geometry>
		<g u="A" t="cart/3d">#17,3:1.0153,0.1419,0.2533;2.1588,0.1089,0.1939;3.5679,0.0371,0.1181;4.2242,-1.1734,0.0951;5.6284,-1.1945,0.0151;6.4007,-2.3727,-0.0148;7.7629,-2.2656,-0.0970;8.3360,-0.9806,-0.1489;7.6527,0.1291,-0.1220;6.3175,0.0563,-0.0408;5.6516,1.2255,-0.0143;4.3607,1.2215,0.0610;3.5704,2.7419,0.0931;3.6689,-2.1006,0.1373;5.9068,-3.3337,0.0273;8.3946,-3.1393,-0.1226;9.4102,-0.8661,-0.2156;</g>
	</geometry>
	<conformers/>
	<properties/>
</molecule>
