<?xml version="1.0" ?>
<!--MOLLI PACKAGE EXPERIMENTAL XML FORMAT-->
<molecule name="el2458">
	<atoms>
		<a id="1" s="C" t="C.3" l="C"/>
		<a id="2" s="C" t="C.3" l="C"/>
		<a id="3" s="C" t="C.3" l="C"/>
		<a id="4" s="C" t="C.3" l="C"/>
		<a id="5" s="Si" t="Si" l="SI"/>
		<a id="6" s="C" t="C.3" l="C"/>
		<a id="7" s="C" t="C.3" l="C"/>
		<a id="8" s="O" t="O.3" l="O"/>
		<a id="9" s="C" t="C.3" l="C"/>
		<a id="10" s="C" t="C.3" l="C"/>
		<a id="11" s="O" t="O.3" l="O"/>
		<a id="12" s="C" t="C.3" l="C"/>
		<a id="13" s="N" t="N.ar" l="N"/>
		<a id="14" s="C" t="C.ar" l="C"/>
		<a id="15" s="N" t="N.ar" l="N"/>
		<a id="16" s="C" t="C.ar" l="C"/>
		<a id="17" s="C" t="C.ar" l="C"/>
		<a id="18" s="Cl" t="Cl" l="CL"/>
		<a id="19" s="N" t="N.ar" l="N"/>
		<a id="20" s="C" t="C.ar" l="C"/>
		<a id="21" s="N" t="N.ar" l="N"/>
		<a id="22" s="C" t="C.ar" l="C"/>
		<a id="23" s="C" t="C.3" l="C"/>
		<a id="24" s="C" t="C.3" l="C"/>
		<a id="25" s="O" t="O.3" l="O"/>
		<a id="26" s="Si" t="Si" l="SI"/>
		<a id="27" s="C" t="C.3" l="C"/>
		<a id="28" s="C" t="C.3" l="C"/>
		<a id="29" s="C" t="C.3" l="C"/>
		<a id="30" s="C" t="C.3" l="C"/>
		<a id="31" s="C" t="C.3" l="C"/>
		<a id="32" s="C" t="C.3" l="C"/>
		<a id="33" s="H" t="H" l="H"/>
		<a id="34" s="H" t="H" l="H"/>
		<a id="35" s="H" t="H" l="H"/>
		<a id="36" s="H" t="H" l="H"/>
		<a id="37" s="H" t="H" l="H"/>
		<a id="38" s="H" t="H" l="H"/>
		<a id="39" s="H" t="H" l="H"/>
		<a id="40" s="H" t="H" l="H"/>
		<a id="41" s="H" t="H" l="H"/>
		<a id="42" s="H" t="H" l="H"/>
		<a id="43" s="H" t="H" l="H"/>
		<a id="44" s="H" t="H" l="H"/>
		<a id="45" s="H" t="H" l="H"/>
		<a id="46" s="H" t="H" l="H"/>
		<a id="47" s="H" t="H" l="H"/>
		<a id="48" s="H" t="H" l="H"/>
		<a id="49" s="H" t="H" l="H"/>
		<a id="50" s="H" t="H" l="H"/>
		<a id="51" s="H" t="H" l="H"/>
		<a id="52" s="H" t="H" l="H"/>
		<a id="53" s="H" t="H" l="H"/>
		<a id="54" s="H" t="H" l="H"/>
		<a id="55" s="H" t="H" l="H"/>
		<a id="56" s="H" t="H" l="H"/>
		<a id="57" s="H" t="H" l="H"/>
		<a id="58" s="H" t="H" l="H"/>
		<a id="59" s="H" t="H" l="H"/>
		<a id="60" s="H" t="H" l="H"/>
		<a id="61" s="H" t="H" l="H"/>
		<a id="62" s="H" t="H" l="H"/>
		<a id="63" s="H" t="H" l="H"/>
		<a id="64" s="H" t="H" l="H"/>
		<a id="65" s="H" t="H" l="H"/>
		<a id="66" s="H" t="H" l="H"/>
		<a id="67" s="H" t="H" l="H"/>
		<a id="68" s="H" t="H" l="H"/>
		<a id="69" s="H" t="H" l="H"/>
		<a id="70" s="H" t="H" l="H"/>
		<a id="71" s="H" t="H" l="H"/>
	</atoms>
	<bonds>
		<b id="1" c="1 2" t="1"/>
		<b id="2" c="2 3" t="1"/>
		<b id="3" c="2 4" t="1"/>
		<b id="4" c="2 5" t="1"/>
		<b id="5" c="5 6" t="1"/>
		<b id="6" c="5 7" t="1"/>
		<b id="7" c="5 8" t="1"/>
		<b id="8" c="8 9" t="1"/>
		<b id="9" c="9 10" t="1"/>
		<b id="10" c="10 11" t="1"/>
		<b id="11" c="11 12" t="1"/>
		<b id="12" c="13 14" t="ar"/>
		<b id="13" c="14 15" t="ar"/>
		<b id="14" c="15 16" t="ar"/>
		<b id="15" c="16 17" t="ar"/>
		<b id="16" c="17 18" t="1"/>
		<b id="17" c="17 19" t="ar"/>
		<b id="18" c="19 20" t="ar"/>
		<b id="19" c="20 21" t="ar"/>
		<b id="20" c="21 22" t="ar"/>
		<b id="21" c="16 22" t="ar"/>
		<b id="22" c="13 22" t="ar"/>
		<b id="23" c="12 23" t="1"/>
		<b id="24" c="23 24" t="1"/>
		<b id="25" c="10 24" t="1"/>
		<b id="26" c="24 25" t="1"/>
		<b id="27" c="25 26" t="1"/>
		<b id="28" c="26 27" t="1"/>
		<b id="29" c="26 28" t="1"/>
		<b id="30" c="26 29" t="1"/>
		<b id="31" c="29 30" t="1"/>
		<b id="32" c="29 31" t="1"/>
		<b id="33" c="29 32" t="1"/>
		<b id="34" c="12 13" t="1"/>
		<b id="35" c="1 33" t="1"/>
		<b id="36" c="1 34" t="1"/>
		<b id="37" c="1 35" t="1"/>
		<b id="38" c="3 36" t="1"/>
		<b id="39" c="3 37" t="1"/>
		<b id="40" c="3 38" t="1"/>
		<b id="41" c="4 39" t="1"/>
		<b id="42" c="4 40" t="1"/>
		<b id="43" c="4 41" t="1"/>
		<b id="44" c="6 42" t="1"/>
		<b id="45" c="6 43" t="1"/>
		<b id="46" c="6 44" t="1"/>
		<b id="47" c="7 45" t="1"/>
		<b id="48" c="7 46" t="1"/>
		<b id="49" c="7 47" t="1"/>
		<b id="50" c="9 48" t="1"/>
		<b id="51" c="9 49" t="1"/>
		<b id="52" c="10 50" t="1"/>
		<b id="53" c="12 51" t="1"/>
		<b id="54" c="14 52" t="1"/>
		<b id="55" c="20 53" t="1"/>
		<b id="56" c="23 54" t="1"/>
		<b id="57" c="23 55" t="1"/>
		<b id="58" c="24 56" t="1"/>
		<b id="59" c="27 57" t="1"/>
		<b id="60" c="27 58" t="1"/>
		<b id="61" c="27 59" t="1"/>
		<b id="62" c="28 60" t="1"/>
		<b id="63" c="28 61" t="1"/>
		<b id="64" c="28 62" t="1"/>
		<b id="65" c="30 63" t="1"/>
		<b id="66" c="30 64" t="1"/>
		<b id="67" c="30 65" t="1"/>
		<b id="68" c="31 66" t="1"/>
		<b id="69" c="31 67" t="1"/>
		<b id="70" c="31 68" t="1"/>
		<b id="71" c="32 69" t="1"/>
		<b id="72" c="32 70" t="1"/>
		<b id="73" c="32 71" t="1"/>
	</bonds>
	<geometry>
		<g u="A" t="cart/3d">#71,3:4.7106,-5.2018,-2.0605;3.4436,-4.3830,-1.8001;2.2296,-5.3066,-1.8976;3.5171,-3.8143,-0.3821;3.3013,-2.9569,-3.0769;3.1866,-3.5768,-4.8775;1.7926,-1.8292,-2.7516;4.6834,-2.1253,-2.7818;5.3680,-1.2352,-3.5961;6.8033,-1.0662,-3.0806;7.4761,-2.3199,-2.9904;8.3888,-2.4223,-4.0377;7.7108,-2.9529,-5.2201;6.9163,-4.0704,-5.1799;6.3022,-4.3318,-6.2893;6.6874,-3.3397,-7.1502;6.3961,-3.0142,-8.4727;5.3334,-3.9443,-9.4243;6.9497,-1.9514,-9.0288;7.7734,-1.2059,-8.3091;8.1299,-1.3839,-7.0509;7.5788,-2.4527,-6.4820;8.9106,-1.0116,-4.2653;7.6509,-0.1702,-4.0158;7.9067,1.0590,-3.4334;8.5175,2.3768,-4.2126;10.3669,2.1572,-4.6389;7.5807,2.6619,-5.8493;8.2295,3.7616,-2.9164;8.9989,3.4559,-1.6296;8.7164,5.0997,-3.4715;6.7420,3.8839,-2.5767;4.8081,-5.9975,-1.3216;5.5875,-4.5618,-1.9948;4.6788,-5.6575,-3.0482;2.3012,-6.1080,-1.1627;2.1636,-5.7565,-2.8852;1.3105,-4.7565,-1.7108;3.6303,-4.6170,0.3458;2.6124,-3.2620,-0.1411;4.3669,-3.1426,-0.2907;2.3223,-4.2147,-5.0272;4.0648,-4.1418,-5.1789;3.0868,-2.7408,-5.5660;0.8614,-2.3853,-2.7664;1.7151,-1.0506,-3.5056;1.8685,-1.3389,-1.7857;4.8783,-0.2527,-3.5877;5.3805,-1.6035,-4.6297;6.7721,-0.6522,-2.0680;9.1572,-3.1460,-3.7380;6.8155,-4.6485,-4.2812;8.2030,-0.3524,-8.8137;9.3203,-0.8612,-5.2586;9.6521,-0.7685,-3.5054;7.1172,-0.0225,-4.9634;10.5021,1.4334,-5.4374;10.9397,1.8128,-3.7820;10.8098,3.0905,-4.9740;7.7290,1.8188,-6.5194;7.9248,3.5491,-6.3679;6.5120,2.7664,-5.6877;10.0693,3.4224,-1.8193;8.6896,2.4968,-1.2221;8.8100,4.2263,-0.8821;9.7799,5.0621,-3.6936;8.5496,5.8957,-2.7464;8.1864,5.3561,-4.3849;6.3627,2.9414,-2.1905;6.1649,4.1540,-3.4579;6.5879,4.6538,-1.8211;</g>
	</geometry>
	<conformers/>
	<properties/>
</molecule>
