<?xml version="1.0" ?>
<!--MOLLI PACKAGE EXPERIMENTAL XML FORMAT-->
<molecule name="el2459">
	<atoms>
		<a id="1" s="N" t="N.1" l="N"/>
		<a id="2" s="C" t="C.1" l="C"/>
		<a id="3" s="C" t="C.ar" l="C"/>
		<a id="4" s="C" t="C.ar" l="C"/>
		<a id="5" s="C" t="C.ar" l="C"/>
		<a id="6" s="C" t="C.ar" l="C"/>
		<a id="7" s="Cl" t="Cl" l="CL"/>
		<a id="8" s="C" t="C.ar" l="C"/>
		<a id="9" s="N" t="N.ar" l="N"/>
		<a id="10" s="H" t="H" l="H"/>
		<a id="11" s="H" t="H" l="H"/>
		<a id="12" s="H" t="H" l="H"/>
	</atoms>
	<bonds>
		<b id="1" c="1 2" t="3"/>
		<b id="2" c="2 3" t="1"/>
		<b id="3" c="3 4" t="ar"/>
		<b id="4" c="4 5" t="ar"/>
		<b id="5" c="5 6" t="ar"/>
		<b id="6" c="6 7" t="1"/>
		<b id="7" c="6 8" t="ar"/>
		<b id="8" c="8 9" t="ar"/>
		<b id="9" c="3 9" t="ar"/>
		<b id="10" c="4 10" t="1"/>
		<b id="11" c="5 11" t="1"/>
		<b id="12" c="8 12" t="1"/>
	</bonds>
	<geometry>
		<g u="A" t="cart/3d">#12,3:1.3104,-0.1250,0.2335;2.4500,-0.1171,0.1228;3.8634,-0.0534,-0.0162;4.4927,1.1921,-0.0921;5.8684,1.2220,-0.2293;6.5540,0.0147,-0.2843;8.2658,-0.0119,-0.4558;5.8338,-1.1770,-0.1987;4.5283,-1.2056,-0.0690;3.9141,2.1018,-0.0445;6.4018,2.1580,-0.2929;6.3315,-2.1357,-0.2369;</g>
	</geometry>
	<conformers/>
	<properties/>
</molecule>
