<?xml version="1.0" ?>
<!--MOLLI PACKAGE EXPERIMENTAL XML FORMAT-->
<molecule name="el2461">
	<atoms>
		<a id="1" s="C" t="C.3" l="C"/>
		<a id="2" s="C" t="C.3" l="C"/>
		<a id="3" s="C" t="C.3" l="C"/>
		<a id="4" s="C" t="C.ar" l="C"/>
		<a id="5" s="N" t="N.ar" l="N"/>
		<a id="6" s="C" t="C.ar" l="C"/>
		<a id="7" s="C" t="C.ar" l="C"/>
		<a id="8" s="C" t="C.ar" l="C"/>
		<a id="9" s="P" t="P.3" l="P"/>
		<a id="10" s="C" t="C.ar" l="C"/>
		<a id="11" s="C" t="C.ar" l="C"/>
		<a id="12" s="C" t="C.ar" l="C"/>
		<a id="13" s="C" t="C.ar" l="C"/>
		<a id="14" s="C" t="C.ar" l="C"/>
		<a id="15" s="C" t="C.ar" l="C"/>
		<a id="16" s="C" t="C.ar" l="C"/>
		<a id="17" s="C" t="C.ar" l="C"/>
		<a id="18" s="C" t="C.ar" l="C"/>
		<a id="19" s="C" t="C.ar" l="C"/>
		<a id="20" s="C" t="C.ar" l="C"/>
		<a id="21" s="C" t="C.ar" l="C"/>
		<a id="22" s="C" t="C.ar" l="C"/>
		<a id="23" s="C" t="C.ar" l="C"/>
		<a id="24" s="C" t="C.ar" l="C"/>
		<a id="25" s="C" t="C.ar" l="C"/>
		<a id="26" s="C" t="C.ar" l="C"/>
		<a id="27" s="C" t="C.ar" l="C"/>
		<a id="28" s="C" t="C.ar" l="C"/>
		<a id="29" s="C" t="C.ar" l="C"/>
		<a id="30" s="C" t="C.ar" l="C"/>
		<a id="31" s="C" t="C.ar" l="C"/>
		<a id="32" s="C" t="C.ar" l="C"/>
		<a id="33" s="C" t="C.ar" l="C"/>
		<a id="34" s="Cl" t="Cl" l="CL"/>
		<a id="35" s="C" t="C.ar" l="C"/>
		<a id="36" s="C" t="C.ar" l="C"/>
		<a id="37" s="N" t="N.ar" l="N"/>
		<a id="38" s="H" t="H" l="H"/>
		<a id="39" s="H" t="H" l="H"/>
		<a id="40" s="H" t="H" l="H"/>
		<a id="41" s="H" t="H" l="H"/>
		<a id="42" s="H" t="H" l="H"/>
		<a id="43" s="H" t="H" l="H"/>
		<a id="44" s="H" t="H" l="H"/>
		<a id="45" s="H" t="H" l="H"/>
		<a id="46" s="H" t="H" l="H"/>
		<a id="47" s="H" t="H" l="H"/>
		<a id="48" s="H" t="H" l="H"/>
		<a id="49" s="H" t="H" l="H"/>
		<a id="50" s="H" t="H" l="H"/>
		<a id="51" s="H" t="H" l="H"/>
		<a id="52" s="H" t="H" l="H"/>
		<a id="53" s="H" t="H" l="H"/>
		<a id="54" s="H" t="H" l="H"/>
		<a id="55" s="H" t="H" l="H"/>
		<a id="56" s="H" t="H" l="H"/>
		<a id="57" s="H" t="H" l="H"/>
		<a id="58" s="H" t="H" l="H"/>
		<a id="59" s="H" t="H" l="H"/>
		<a id="60" s="H" t="H" l="H"/>
		<a id="61" s="H" t="H" l="H"/>
		<a id="62" s="H" t="H" l="H"/>
		<a id="63" s="H" t="H" l="H"/>
	</atoms>
	<bonds>
		<b id="1" c="1 2" t="1"/>
		<b id="2" c="2 3" t="1"/>
		<b id="3" c="2 4" t="1"/>
		<b id="4" c="4 5" t="ar"/>
		<b id="5" c="5 6" t="ar"/>
		<b id="6" c="6 7" t="1"/>
		<b id="7" c="7 8" t="ar"/>
		<b id="8" c="8 9" t="1"/>
		<b id="9" c="9 10" t="1"/>
		<b id="10" c="10 11" t="ar"/>
		<b id="11" c="11 12" t="ar"/>
		<b id="12" c="12 13" t="ar"/>
		<b id="13" c="13 14" t="ar"/>
		<b id="14" c="14 15" t="ar"/>
		<b id="15" c="10 15" t="ar"/>
		<b id="16" c="9 16" t="1"/>
		<b id="17" c="16 17" t="ar"/>
		<b id="18" c="17 18" t="ar"/>
		<b id="19" c="18 19" t="ar"/>
		<b id="20" c="19 20" t="ar"/>
		<b id="21" c="20 21" t="ar"/>
		<b id="22" c="16 21" t="ar"/>
		<b id="23" c="8 22" t="ar"/>
		<b id="24" c="22 23" t="ar"/>
		<b id="25" c="23 24" t="ar"/>
		<b id="26" c="24 25" t="ar"/>
		<b id="27" c="25 26" t="ar"/>
		<b id="28" c="26 27" t="ar"/>
		<b id="29" c="27 28" t="ar"/>
		<b id="30" c="28 29" t="ar"/>
		<b id="31" c="7 29" t="ar"/>
		<b id="32" c="24 29" t="ar"/>
		<b id="33" c="6 30" t="ar"/>
		<b id="34" c="30 31" t="ar"/>
		<b id="35" c="31 32" t="ar"/>
		<b id="36" c="32 33" t="ar"/>
		<b id="37" c="33 34" t="1"/>
		<b id="38" c="33 35" t="ar"/>
		<b id="39" c="35 36" t="ar"/>
		<b id="40" c="30 36" t="ar"/>
		<b id="41" c="36 37" t="ar"/>
		<b id="42" c="4 37" t="ar"/>
		<b id="43" c="1 38" t="1"/>
		<b id="44" c="1 39" t="1"/>
		<b id="45" c="1 40" t="1"/>
		<b id="46" c="2 41" t="1"/>
		<b id="47" c="3 42" t="1"/>
		<b id="48" c="3 43" t="1"/>
		<b id="49" c="3 44" t="1"/>
		<b id="50" c="11 45" t="1"/>
		<b id="51" c="12 46" t="1"/>
		<b id="52" c="13 47" t="1"/>
		<b id="53" c="14 48" t="1"/>
		<b id="54" c="15 49" t="1"/>
		<b id="55" c="17 50" t="1"/>
		<b id="56" c="18 51" t="1"/>
		<b id="57" c="19 52" t="1"/>
		<b id="58" c="20 53" t="1"/>
		<b id="59" c="21 54" t="1"/>
		<b id="60" c="22 55" t="1"/>
		<b id="61" c="23 56" t="1"/>
		<b id="62" c="25 57" t="1"/>
		<b id="63" c="26 58" t="1"/>
		<b id="64" c="27 59" t="1"/>
		<b id="65" c="28 60" t="1"/>
		<b id="66" c="31 61" t="1"/>
		<b id="67" c="32 62" t="1"/>
		<b id="68" c="35 63" t="1"/>
	</bonds>
	<geometry>
		<g u="A" t="cart/3d">#63,3:0.5208,-1.2157,-2.7659;1.4055,-2.3960,-3.1774;2.0748,-2.1301,-4.5217;2.4245,-2.6194,-2.0984;2.0877,-3.4797,-1.1156;2.9528,-3.7223,-0.1403;2.4651,-4.6968,0.8176;1.0880,-4.6603,1.0262;0.0983,-3.5331,-0.0123;-0.4986,-4.6557,-1.3211;-1.5628,-4.2145,-2.1034;-2.0246,-4.9835,-3.1543;-1.4223,-6.1991,-3.4378;-0.3578,-6.6376,-2.6687;0.1075,-5.8698,-1.6156;-1.4238,-3.4772,1.0574;-1.3640,-2.5304,2.0770;-2.4195,-2.3604,2.9519;-3.5631,-3.1284,2.8047;-3.6385,-4.0643,1.7866;-2.5775,-4.2401,0.9154;0.5240,-5.4478,2.0464;1.3038,-6.2851,2.7901;2.6812,-6.4360,2.5174;3.4704,-7.3765,3.2096;4.7810,-7.5730,2.8744;5.3474,-6.8523,1.8136;4.6141,-5.9146,1.1393;3.2753,-5.6486,1.4963;4.1419,-2.9504,-0.0259;4.9960,-2.9115,1.0918;6.1225,-2.1357,1.0764;6.4300,-1.3682,-0.0585;7.8734,-0.4205,-0.0473;5.5995,-1.3375,-1.1468;4.4217,-2.1067,-1.1355;3.5661,-1.9974,-2.1731;-0.2591,-1.0602,-3.5072;1.1183,-0.3108,-2.6859;0.0527,-1.4141,-1.8024;0.7837,-3.2939,-3.2398;2.7220,-1.2612,-4.4477;1.3203,-1.9506,-5.2832;2.6781,-2.9831,-4.8219;-2.0239,-3.2612,-1.8798;-2.8518,-4.6349,-3.7564;-1.7814,-6.8020,-4.2593;0.1142,-7.5843,-2.8905;0.9446,-6.2123,-1.0238;-0.4666,-1.9310,2.1772;-2.3565,-1.6275,3.7436;-4.3953,-2.9964,3.4806;-4.5298,-4.6654,1.6716;-2.6450,-4.9819,0.1317;-0.5374,-5.3884,2.2359;0.8657,-6.8808,3.5786;3.0114,-7.9526,4.0003;5.3798,-8.2976,3.4059;6.3695,-7.0473,1.5244;5.0546,-5.3848,0.3081;4.7463,-3.4828,1.9725;6.7777,-2.0992,1.9324;5.8032,-0.7187,-2.0051;</g>
	</geometry>
	<conformers/>
	<properties/>
</molecule>
