<?xml version="1.0" ?>
<!--MOLLI PACKAGE EXPERIMENTAL XML FORMAT-->
<molecule name="el2462">
	<atoms>
		<a id="1" s="O" t="O.2" l="O"/>
		<a id="2" s="C" t="C.2" l="C"/>
		<a id="3" s="C" t="C.ar" l="C"/>
		<a id="4" s="C" t="C.ar" l="C"/>
		<a id="5" s="N" t="N.ar" l="N"/>
		<a id="6" s="C" t="C.ar" l="C"/>
		<a id="7" s="Cl" t="Cl" l="CL"/>
		<a id="8" s="C" t="C.ar" l="C"/>
		<a id="9" s="C" t="C.ar" l="C"/>
		<a id="10" s="C" t="C.ar" l="C"/>
		<a id="11" s="C" t="C.ar" l="C"/>
		<a id="12" s="C" t="C.ar" l="C"/>
		<a id="13" s="C" t="C.ar" l="C"/>
		<a id="14" s="N" t="N.am" l="N"/>
		<a id="15" s="C" t="C.3" l="C"/>
		<a id="16" s="C" t="C.3" l="C"/>
		<a id="17" s="O" t="O.3" l="O"/>
		<a id="18" s="C" t="C.3" l="C"/>
		<a id="19" s="C" t="C.3" l="C"/>
		<a id="20" s="H" t="H" l="H"/>
		<a id="21" s="H" t="H" l="H"/>
		<a id="22" s="H" t="H" l="H"/>
		<a id="23" s="H" t="H" l="H"/>
		<a id="24" s="H" t="H" l="H"/>
		<a id="25" s="H" t="H" l="H"/>
		<a id="26" s="H" t="H" l="H"/>
		<a id="27" s="H" t="H" l="H"/>
		<a id="28" s="H" t="H" l="H"/>
		<a id="29" s="H" t="H" l="H"/>
		<a id="30" s="H" t="H" l="H"/>
		<a id="31" s="H" t="H" l="H"/>
		<a id="32" s="H" t="H" l="H"/>
	</atoms>
	<bonds>
		<b id="1" c="1 2" t="2"/>
		<b id="2" c="2 3" t="1"/>
		<b id="3" c="3 4" t="ar"/>
		<b id="4" c="4 5" t="ar"/>
		<b id="5" c="5 6" t="ar"/>
		<b id="6" c="6 7" t="1"/>
		<b id="7" c="6 8" t="ar"/>
		<b id="8" c="8 9" t="ar"/>
		<b id="9" c="9 10" t="ar"/>
		<b id="10" c="10 11" t="ar"/>
		<b id="11" c="11 12" t="ar"/>
		<b id="12" c="12 13" t="ar"/>
		<b id="13" c="3 13" t="ar"/>
		<b id="14" c="8 13" t="ar"/>
		<b id="15" c="2 14" t="am"/>
		<b id="16" c="14 15" t="1"/>
		<b id="17" c="15 16" t="1"/>
		<b id="18" c="16 17" t="1"/>
		<b id="19" c="17 18" t="1"/>
		<b id="20" c="18 19" t="1"/>
		<b id="21" c="14 19" t="1"/>
		<b id="22" c="4 20" t="1"/>
		<b id="23" c="9 21" t="1"/>
		<b id="24" c="10 22" t="1"/>
		<b id="25" c="11 23" t="1"/>
		<b id="26" c="12 24" t="1"/>
		<b id="27" c="15 25" t="1"/>
		<b id="28" c="15 26" t="1"/>
		<b id="29" c="16 27" t="1"/>
		<b id="30" c="16 28" t="1"/>
		<b id="31" c="18 29" t="1"/>
		<b id="32" c="18 30" t="1"/>
		<b id="33" c="19 31" t="1"/>
		<b id="34" c="19 32" t="1"/>
	</bonds>
	<geometry>
		<g u="A" t="cart/3d">#32,3:0.8750,0.7463,0.6667;1.9946,0.3732,0.3766;2.8733,1.1674,-0.5442;3.7027,2.1430,-0.0508;4.4720,2.9170,-0.8264;4.4243,2.7586,-2.1146;5.4550,3.7873,-3.0286;3.6014,1.8146,-2.7806;3.5438,1.6592,-4.1783;2.7160,0.7211,-4.7312;1.9166,-0.0937,-3.9150;1.9545,0.0326,-2.5535;2.7949,0.9896,-1.9502;2.5276,-0.7772,0.8456;1.8144,-1.5680,1.8290;2.6334,-1.6094,3.1221;3.9336,-2.1041,2.8836;4.6214,-1.3066,1.9505;3.8721,-1.2496,0.6113;3.7845,2.3394,1.0092;4.1594,2.2933,-4.7972;2.6700,0.6041,-5.8033;1.2659,-0.8238,-4.3725;1.3331,-0.5836,-1.9213;1.6822,-2.5846,1.4429;0.8415,-1.1043,1.9964;2.1786,-2.2844,3.8479;2.6898,-0.5970,3.5500;5.6044,-1.7624,1.8227;4.7413,-0.2840,2.3414;3.8202,-2.2595,0.1862;4.3914,-0.5925,-0.0861;</g>
	</geometry>
	<conformers/>
	<properties/>
</molecule>
