<?xml version="1.0" ?>
<!--MOLLI PACKAGE EXPERIMENTAL XML FORMAT-->
<molecule name="el2473">
	<atoms>
		<a id="1" s="C" t="C.3" l="C"/>
		<a id="2" s="C" t="C.3" l="C"/>
		<a id="3" s="C" t="C.3" l="C"/>
		<a id="4" s="C" t="C.3" l="C"/>
		<a id="5" s="C" t="C.2" l="C"/>
		<a id="6" s="O" t="O.2" l="O"/>
		<a id="7" s="N" t="N.am" l="N"/>
		<a id="8" s="C" t="C.ar" l="C"/>
		<a id="9" s="C" t="C.ar" l="C"/>
		<a id="10" s="C" t="C.ar" l="C"/>
		<a id="11" s="C" t="C.ar" l="C"/>
		<a id="12" s="C" t="C.ar" l="C"/>
		<a id="13" s="C" t="C.ar" l="C"/>
		<a id="14" s="C" t="C.ar" l="C"/>
		<a id="15" s="Cl" t="Cl" l="CL"/>
		<a id="16" s="N" t="N.ar" l="N"/>
		<a id="17" s="C" t="C.ar" l="C"/>
		<a id="18" s="N" t="N.ar" l="N"/>
		<a id="19" s="H" t="H" l="H"/>
		<a id="20" s="H" t="H" l="H"/>
		<a id="21" s="H" t="H" l="H"/>
		<a id="22" s="H" t="H" l="H"/>
		<a id="23" s="H" t="H" l="H"/>
		<a id="24" s="H" t="H" l="H"/>
		<a id="25" s="H" t="H" l="H"/>
		<a id="26" s="H" t="H" l="H"/>
		<a id="27" s="H" t="H" l="H"/>
		<a id="28" s="H" t="H" l="H"/>
		<a id="29" s="H" t="H" l="H"/>
		<a id="30" s="H" t="H" l="H"/>
		<a id="31" s="H" t="H" l="H"/>
		<a id="32" s="H" t="H" l="H"/>
	</atoms>
	<bonds>
		<b id="1" c="1 2" t="1"/>
		<b id="2" c="2 3" t="1"/>
		<b id="3" c="3 4" t="1"/>
		<b id="4" c="4 5" t="1"/>
		<b id="5" c="5 6" t="2"/>
		<b id="6" c="5 7" t="am"/>
		<b id="7" c="7 8" t="1"/>
		<b id="8" c="8 9" t="ar"/>
		<b id="9" c="9 10" t="ar"/>
		<b id="10" c="10 11" t="ar"/>
		<b id="11" c="11 12" t="ar"/>
		<b id="12" c="12 13" t="ar"/>
		<b id="13" c="13 14" t="ar"/>
		<b id="14" c="14 15" t="1"/>
		<b id="15" c="14 16" t="ar"/>
		<b id="16" c="16 17" t="ar"/>
		<b id="17" c="11 17" t="ar"/>
		<b id="18" c="17 18" t="ar"/>
		<b id="19" c="8 18" t="ar"/>
		<b id="20" c="1 19" t="1"/>
		<b id="21" c="1 20" t="1"/>
		<b id="22" c="1 21" t="1"/>
		<b id="23" c="2 22" t="1"/>
		<b id="24" c="2 23" t="1"/>
		<b id="25" c="3 24" t="1"/>
		<b id="26" c="3 25" t="1"/>
		<b id="27" c="4 26" t="1"/>
		<b id="28" c="4 27" t="1"/>
		<b id="29" c="7 28" t="1"/>
		<b id="30" c="9 29" t="1"/>
		<b id="31" c="10 30" t="1"/>
		<b id="32" c="12 31" t="1"/>
		<b id="33" c="13 32" t="1"/>
	</bonds>
	<geometry>
		<g u="A" t="cart/3d">#32,3:5.8946,2.5121,1.7436;5.0269,2.4486,0.4931;5.1406,1.0932,-0.2012;4.2303,1.0012,-1.4317;4.6119,2.0156,-2.4907;3.9472,2.9883,-2.7566;5.7978,1.7055,-3.1092;6.4640,2.3646,-4.1247;5.9928,3.5698,-4.6987;6.7249,4.1299,-5.7056;7.9121,3.5043,-6.1401;8.7387,3.9896,-7.1709;9.8693,3.2977,-7.5105;10.1466,2.1174,-6.7940;11.5593,1.2262,-7.1958;9.4139,1.6328,-5.8384;8.2971,2.2946,-5.4884;7.5678,1.7595,-4.5027;5.7975,3.4814,2.2259;6.9418,2.3578,1.4921;5.5967,1.7441,2.4544;5.3247,3.2383,-0.1997;3.9843,2.6268,0.7642;4.8571,0.3053,0.5004;6.1806,0.9206,-0.4889;3.1995,1.2017,-1.1367;4.2842,-0.0021,-1.8594;6.2810,0.8617,-2.8255;5.0794,4.0098,-4.3369;6.4080,5.0486,-6.1789;8.4697,4.9033,-7.6826;10.5342,3.6259,-8.2921;</g>
	</geometry>
	<conformers/>
	<properties/>
</molecule>
