<?xml version="1.0" ?>
<!--MOLLI PACKAGE EXPERIMENTAL XML FORMAT-->
<molecule name="el2474">
	<atoms>
		<a id="1" s="C" t="C.3" l="C"/>
		<a id="2" s="C" t="C.3" l="C"/>
		<a id="3" s="C" t="C.3" l="C"/>
		<a id="4" s="C" t="C.3" l="C"/>
		<a id="5" s="O" t="O.3" l="O"/>
		<a id="6" s="C" t="C.2" l="C"/>
		<a id="7" s="O" t="O.2" l="O"/>
		<a id="8" s="N" t="N.am" l="N"/>
		<a id="9" s="C" t="C.3" l="C"/>
		<a id="10" s="C" t="C.3" l="C"/>
		<a id="11" s="C" t="C.3" l="C"/>
		<a id="12" s="C" t="C.3" l="C"/>
		<a id="13" s="C" t="C.1" l="C"/>
		<a id="14" s="N" t="N.1" l="N"/>
		<a id="15" s="C" t="C.ar" l="C"/>
		<a id="16" s="C" t="C.ar" l="C"/>
		<a id="17" s="C" t="C.ar" l="C"/>
		<a id="18" s="N" t="N.ar" l="N"/>
		<a id="19" s="C" t="C.ar" l="C"/>
		<a id="20" s="Cl" t="Cl" l="CL"/>
		<a id="21" s="C" t="C.ar" l="C"/>
		<a id="22" s="C" t="C.3" l="C"/>
		<a id="23" s="C" t="C.3" l="C"/>
		<a id="24" s="H" t="H" l="H"/>
		<a id="25" s="H" t="H" l="H"/>
		<a id="26" s="H" t="H" l="H"/>
		<a id="27" s="H" t="H" l="H"/>
		<a id="28" s="H" t="H" l="H"/>
		<a id="29" s="H" t="H" l="H"/>
		<a id="30" s="H" t="H" l="H"/>
		<a id="31" s="H" t="H" l="H"/>
		<a id="32" s="H" t="H" l="H"/>
		<a id="33" s="H" t="H" l="H"/>
		<a id="34" s="H" t="H" l="H"/>
		<a id="35" s="H" t="H" l="H"/>
		<a id="36" s="H" t="H" l="H"/>
		<a id="37" s="H" t="H" l="H"/>
		<a id="38" s="H" t="H" l="H"/>
		<a id="39" s="H" t="H" l="H"/>
		<a id="40" s="H" t="H" l="H"/>
		<a id="41" s="H" t="H" l="H"/>
		<a id="42" s="H" t="H" l="H"/>
		<a id="43" s="H" t="H" l="H"/>
		<a id="44" s="H" t="H" l="H"/>
		<a id="45" s="H" t="H" l="H"/>
	</atoms>
	<bonds>
		<b id="1" c="1 2" t="1"/>
		<b id="2" c="2 3" t="1"/>
		<b id="3" c="2 4" t="1"/>
		<b id="4" c="2 5" t="1"/>
		<b id="5" c="5 6" t="1"/>
		<b id="6" c="6 7" t="2"/>
		<b id="7" c="6 8" t="am"/>
		<b id="8" c="8 9" t="1"/>
		<b id="9" c="9 10" t="1"/>
		<b id="10" c="10 11" t="1"/>
		<b id="11" c="11 12" t="1"/>
		<b id="12" c="12 13" t="1"/>
		<b id="13" c="13 14" t="3"/>
		<b id="14" c="12 15" t="1"/>
		<b id="15" c="15 16" t="ar"/>
		<b id="16" c="16 17" t="ar"/>
		<b id="17" c="17 18" t="ar"/>
		<b id="18" c="18 19" t="ar"/>
		<b id="19" c="19 20" t="1"/>
		<b id="20" c="19 21" t="ar"/>
		<b id="21" c="15 21" t="ar"/>
		<b id="22" c="12 22" t="1"/>
		<b id="23" c="22 23" t="1"/>
		<b id="24" c="8 23" t="1"/>
		<b id="25" c="1 24" t="1"/>
		<b id="26" c="1 25" t="1"/>
		<b id="27" c="1 26" t="1"/>
		<b id="28" c="3 27" t="1"/>
		<b id="29" c="3 28" t="1"/>
		<b id="30" c="3 29" t="1"/>
		<b id="31" c="4 30" t="1"/>
		<b id="32" c="4 31" t="1"/>
		<b id="33" c="4 32" t="1"/>
		<b id="34" c="9 33" t="1"/>
		<b id="35" c="9 34" t="1"/>
		<b id="36" c="10 35" t="1"/>
		<b id="37" c="10 36" t="1"/>
		<b id="38" c="11 37" t="1"/>
		<b id="39" c="11 38" t="1"/>
		<b id="40" c="16 39" t="1"/>
		<b id="41" c="17 40" t="1"/>
		<b id="42" c="21 41" t="1"/>
		<b id="43" c="22 42" t="1"/>
		<b id="44" c="22 43" t="1"/>
		<b id="45" c="23 44" t="1"/>
		<b id="46" c="23 45" t="1"/>
	</bonds>
	<geometry>
		<g u="A" t="cart/3d">#45,3:4.3788,1.3172,-0.8120;3.1907,0.3975,-0.5327;2.7010,0.5536,0.9063;2.0537,0.6783,-1.5167;3.5468,-0.9814,-0.7991;4.5009,-1.5867,-0.0735;5.1832,-1.0611,0.7774;4.6132,-2.9033,-0.3997;3.8707,-3.5120,-1.4793;4.6848,-3.5213,-2.7795;5.5713,-4.7544,-2.9717;6.3261,-5.2612,-1.7112;5.4612,-6.1976,-1.0179;4.7765,-6.9547,-0.5018;7.5535,-6.0188,-2.2058;7.5743,-7.4074,-2.3104;8.7130,-8.0232,-2.8029;9.7891,-7.3614,-3.1890;9.7625,-6.0493,-3.0951;11.1778,-5.2219,-3.6147;8.6826,-5.3201,-2.6164;6.7466,-4.1417,-0.7313;5.6454,-3.6878,0.2342;4.0788,2.3527,-0.6791;4.7274,1.1790,-1.8336;5.1919,1.0935,-0.1272;2.3488,1.5690,1.0643;3.5093,0.3469,1.6019;1.8840,-0.1384,1.1003;1.7128,1.7033,-1.4059;1.2212,0.0056,-1.3274;2.3961,0.5261,-2.5370;2.9573,-2.9351,-1.6229;3.5975,-4.5293,-1.1860;5.2914,-2.6139,-2.7989;4.0050,-3.4717,-3.6316;6.3100,-4.5280,-3.7445;4.9605,-5.5819,-3.3431;6.7255,-8.0014,-2.0116;8.7724,-9.0984,-2.8972;8.7393,-4.2453,-2.5761;7.1011,-3.2774,-1.2925;7.5757,-4.5176,-0.1267;6.0902,-3.0494,1.0013;5.1895,-4.5559,0.7228;</g>
	</geometry>
	<conformers/>
	<properties/>
</molecule>
