<?xml version="1.0" ?>
<!--MOLLI PACKAGE EXPERIMENTAL XML FORMAT-->
<molecule name="el2408">
	<atoms>
		<a id="1" s="Cl" t="Cl" l="CL"/>
		<a id="2" s="C" t="C.ar" l="C"/>
		<a id="3" s="C" t="C.ar" l="C"/>
		<a id="4" s="N" t="N.ar" l="N"/>
		<a id="5" s="C" t="C.ar" l="C"/>
		<a id="6" s="N" t="N.ar" l="N"/>
		<a id="7" s="C" t="C.ar" l="C"/>
		<a id="8" s="C" t="C.ar" l="C"/>
		<a id="9" s="C" t="C.ar" l="C"/>
		<a id="10" s="C" t="C.ar" l="C"/>
		<a id="11" s="C" t="C.ar" l="C"/>
		<a id="12" s="C" t="C.ar" l="C"/>
		<a id="13" s="C" t="C.ar" l="C"/>
		<a id="14" s="C" t="C.ar" l="C"/>
		<a id="15" s="H" t="H" l="H"/>
		<a id="16" s="H" t="H" l="H"/>
		<a id="17" s="H" t="H" l="H"/>
		<a id="18" s="H" t="H" l="H"/>
		<a id="19" s="H" t="H" l="H"/>
		<a id="20" s="H" t="H" l="H"/>
		<a id="21" s="H" t="H" l="H"/>
	</atoms>
	<bonds>
		<b id="1" c="1 2" t="1"/>
		<b id="2" c="2 3" t="ar"/>
		<b id="3" c="3 4" t="ar"/>
		<b id="4" c="4 5" t="ar"/>
		<b id="5" c="5 6" t="ar"/>
		<b id="6" c="6 7" t="ar"/>
		<b id="7" c="7 8" t="ar"/>
		<b id="8" c="8 9" t="ar"/>
		<b id="9" c="9 10" t="ar"/>
		<b id="10" c="10 11" t="ar"/>
		<b id="11" c="11 12" t="ar"/>
		<b id="12" c="7 12" t="ar"/>
		<b id="13" c="12 13" t="ar"/>
		<b id="14" c="5 13" t="ar"/>
		<b id="15" c="13 14" t="ar"/>
		<b id="16" c="2 14" t="ar"/>
		<b id="17" c="3 15" t="1"/>
		<b id="18" c="6 16" t="1"/>
		<b id="19" c="8 17" t="1"/>
		<b id="20" c="9 18" t="1"/>
		<b id="21" c="10 19" t="1"/>
		<b id="22" c="11 20" t="1"/>
		<b id="23" c="14 21" t="1"/>
	</bonds>
	<geometry>
		<g u="A" t="cart/3d">#21,3:1.0612,0.1558,0.0722;2.7890,0.0617,0.0701;3.5356,1.2398,0.0694;4.8568,1.2639,0.0677;5.4589,0.0866,0.0668;6.8060,-0.1143,0.0650;7.0597,-1.4660,0.0644;8.2727,-2.1367,0.0625;8.2432,-3.5186,0.0622;7.0391,-4.2205,0.0638;5.8274,-3.5591,0.0657;5.8308,-2.1695,0.0660;4.7980,-1.1733,0.0675;3.4125,-1.1778,0.0692;3.0456,2.2026,0.0701;7.4936,0.6195,0.0641;9.2076,-1.5970,0.0612;9.1730,-4.0675,0.0607;7.0598,-5.2999,0.0636;4.8960,-4.1043,0.0670;2.8402,-2.0925,0.0698;</g>
	</geometry>
	<conformers/>
	<properties/>
</molecule>
