<?xml version="1.0" ?>
<!--MOLLI PACKAGE EXPERIMENTAL XML FORMAT-->
<molecule name="el2487">
	<atoms>
		<a id="1" s="C" t="C.3" l="C"/>
		<a id="2" s="C" t="C.3" l="C"/>
		<a id="3" s="C" t="C.3" l="C"/>
		<a id="4" s="C" t="C.3" l="C"/>
		<a id="5" s="O" t="O.3" l="O"/>
		<a id="6" s="C" t="C.2" l="C"/>
		<a id="7" s="O" t="O.2" l="O"/>
		<a id="8" s="N" t="N.ar" l="N"/>
		<a id="9" s="C" t="C.ar" l="C"/>
		<a id="10" s="C" t="C.ar" l="C"/>
		<a id="11" s="C" t="C.ar" l="C"/>
		<a id="12" s="C" t="C.ar" l="C"/>
		<a id="13" s="C" t="C.ar" l="C"/>
		<a id="14" s="C" t="C.ar" l="C"/>
		<a id="15" s="Cl" t="Cl" l="CL"/>
		<a id="16" s="C" t="C.ar" l="C"/>
		<a id="17" s="C" t="C.ar" l="C"/>
		<a id="18" s="H" t="H" l="H"/>
		<a id="19" s="H" t="H" l="H"/>
		<a id="20" s="H" t="H" l="H"/>
		<a id="21" s="H" t="H" l="H"/>
		<a id="22" s="H" t="H" l="H"/>
		<a id="23" s="H" t="H" l="H"/>
		<a id="24" s="H" t="H" l="H"/>
		<a id="25" s="H" t="H" l="H"/>
		<a id="26" s="H" t="H" l="H"/>
		<a id="27" s="H" t="H" l="H"/>
		<a id="28" s="H" t="H" l="H"/>
		<a id="29" s="H" t="H" l="H"/>
		<a id="30" s="H" t="H" l="H"/>
		<a id="31" s="H" t="H" l="H"/>
	</atoms>
	<bonds>
		<b id="1" c="1 2" t="1"/>
		<b id="2" c="2 3" t="1"/>
		<b id="3" c="2 4" t="1"/>
		<b id="4" c="2 5" t="1"/>
		<b id="5" c="5 6" t="1"/>
		<b id="6" c="6 7" t="2"/>
		<b id="7" c="6 8" t="am"/>
		<b id="8" c="8 9" t="ar"/>
		<b id="9" c="9 10" t="ar"/>
		<b id="10" c="10 11" t="ar"/>
		<b id="11" c="11 12" t="ar"/>
		<b id="12" c="12 13" t="ar"/>
		<b id="13" c="13 14" t="ar"/>
		<b id="14" c="14 15" t="1"/>
		<b id="15" c="14 16" t="ar"/>
		<b id="16" c="16 17" t="ar"/>
		<b id="17" c="11 17" t="ar"/>
		<b id="18" c="8 17" t="ar"/>
		<b id="19" c="1 18" t="1"/>
		<b id="20" c="1 19" t="1"/>
		<b id="21" c="1 20" t="1"/>
		<b id="22" c="3 21" t="1"/>
		<b id="23" c="3 22" t="1"/>
		<b id="24" c="3 23" t="1"/>
		<b id="25" c="4 24" t="1"/>
		<b id="26" c="4 25" t="1"/>
		<b id="27" c="4 26" t="1"/>
		<b id="28" c="9 27" t="1"/>
		<b id="29" c="10 28" t="1"/>
		<b id="30" c="12 29" t="1"/>
		<b id="31" c="13 30" t="1"/>
		<b id="32" c="16 31" t="1"/>
	</bonds>
	<geometry>
		<g u="A" t="cart/3d">#31,3:3.4283,-1.4244,0.0601;2.7773,-0.0434,0.0233;3.0033,0.6419,-1.3228;1.2835,-0.1417,0.3339;3.3018,0.7841,1.0987;4.5881,1.0967,1.1467;5.4493,0.7623,0.3758;4.8700,1.9056,2.2442;6.1524,2.3791,2.4838;6.1740,3.1397,3.5994;4.8414,3.1661,4.1191;4.2672,3.7755,5.2301;2.9200,3.6019,5.4636;2.1546,2.8261,4.5941;0.4669,2.6295,4.9203;2.6894,2.2057,3.4796;4.0446,2.3843,3.2496;2.9609,-2.0659,-0.6814;3.3016,-1.8722,1.0437;4.4900,-1.3491,-0.1584;2.5098,0.0747,-2.1066;4.0649,0.7004,-1.5457;2.5911,1.6486,-1.3037;0.7862,-0.7350,-0.4274;0.8394,0.8502,0.3540;1.1310,-0.6115,1.3023;6.9380,2.1115,1.8048;7.0260,3.6337,4.0215;4.8685,4.3734,5.8971;2.4464,4.0613,6.3168;2.0714,1.6135,2.8281;</g>
	</geometry>
	<conformers/>
	<properties/>
</molecule>
