<?xml version="1.0" ?>
<!--MOLLI PACKAGE EXPERIMENTAL XML FORMAT-->
<molecule name="el2492">
	<atoms>
		<a id="1" s="C" t="C.3" l="C"/>
		<a id="2" s="C" t="C.3" l="C"/>
		<a id="3" s="C" t="C.3" l="C"/>
		<a id="4" s="C" t="C.3" l="C"/>
		<a id="5" s="O" t="O.3" l="O"/>
		<a id="6" s="C" t="C.2" l="C"/>
		<a id="7" s="O" t="O.2" l="O"/>
		<a id="8" s="N" t="N.am" l="N"/>
		<a id="9" s="C" t="C.ar" l="C"/>
		<a id="10" s="C" t="C.ar" l="C"/>
		<a id="11" s="C" t="C.ar" l="C"/>
		<a id="12" s="C" t="C.ar" l="C"/>
		<a id="13" s="C" t="C.ar" l="C"/>
		<a id="14" s="O" t="O.3" l="O"/>
		<a id="15" s="C" t="C.ar" l="C"/>
		<a id="16" s="N" t="N.ar" l="N"/>
		<a id="17" s="C" t="C.ar" l="C"/>
		<a id="18" s="Cl" t="Cl" l="CL"/>
		<a id="19" s="N" t="N.ar" l="N"/>
		<a id="20" s="C" t="C.ar" l="C"/>
		<a id="21" s="C" t="C.ar" l="C"/>
		<a id="22" s="C" t="C.ar" l="C"/>
		<a id="23" s="C" t="C.ar" l="C"/>
		<a id="24" s="N" t="N.ar" l="N"/>
		<a id="25" s="C" t="C.3" l="C"/>
		<a id="26" s="O" t="O.3" l="O"/>
		<a id="27" s="C" t="C.3" l="C"/>
		<a id="28" s="C" t="C.3" l="C"/>
		<a id="29" s="Si" t="Si" l="SI"/>
		<a id="30" s="C" t="C.3" l="C"/>
		<a id="31" s="C" t="C.3" l="C"/>
		<a id="32" s="C" t="C.3" l="C"/>
		<a id="33" s="C" t="C.ar" l="C"/>
		<a id="34" s="H" t="H" l="H"/>
		<a id="35" s="H" t="H" l="H"/>
		<a id="36" s="H" t="H" l="H"/>
		<a id="37" s="H" t="H" l="H"/>
		<a id="38" s="H" t="H" l="H"/>
		<a id="39" s="H" t="H" l="H"/>
		<a id="40" s="H" t="H" l="H"/>
		<a id="41" s="H" t="H" l="H"/>
		<a id="42" s="H" t="H" l="H"/>
		<a id="43" s="H" t="H" l="H"/>
		<a id="44" s="H" t="H" l="H"/>
		<a id="45" s="H" t="H" l="H"/>
		<a id="46" s="H" t="H" l="H"/>
		<a id="47" s="H" t="H" l="H"/>
		<a id="48" s="H" t="H" l="H"/>
		<a id="49" s="H" t="H" l="H"/>
		<a id="50" s="H" t="H" l="H"/>
		<a id="51" s="H" t="H" l="H"/>
		<a id="52" s="H" t="H" l="H"/>
		<a id="53" s="H" t="H" l="H"/>
		<a id="54" s="H" t="H" l="H"/>
		<a id="55" s="H" t="H" l="H"/>
		<a id="56" s="H" t="H" l="H"/>
		<a id="57" s="H" t="H" l="H"/>
		<a id="58" s="H" t="H" l="H"/>
		<a id="59" s="H" t="H" l="H"/>
		<a id="60" s="H" t="H" l="H"/>
		<a id="61" s="H" t="H" l="H"/>
		<a id="62" s="H" t="H" l="H"/>
		<a id="63" s="H" t="H" l="H"/>
		<a id="64" s="H" t="H" l="H"/>
	</atoms>
	<bonds>
		<b id="1" c="1 2" t="1"/>
		<b id="2" c="2 3" t="1"/>
		<b id="3" c="2 4" t="1"/>
		<b id="4" c="2 5" t="1"/>
		<b id="5" c="5 6" t="1"/>
		<b id="6" c="6 7" t="2"/>
		<b id="7" c="6 8" t="am"/>
		<b id="8" c="8 9" t="1"/>
		<b id="9" c="9 10" t="ar"/>
		<b id="10" c="10 11" t="ar"/>
		<b id="11" c="11 12" t="ar"/>
		<b id="12" c="12 13" t="ar"/>
		<b id="13" c="13 14" t="1"/>
		<b id="14" c="14 15" t="1"/>
		<b id="15" c="15 16" t="ar"/>
		<b id="16" c="16 17" t="ar"/>
		<b id="17" c="17 18" t="1"/>
		<b id="18" c="17 19" t="ar"/>
		<b id="19" c="19 20" t="ar"/>
		<b id="20" c="20 21" t="ar"/>
		<b id="21" c="15 21" t="ar"/>
		<b id="22" c="21 22" t="ar"/>
		<b id="23" c="22 23" t="ar"/>
		<b id="24" c="23 24" t="ar"/>
		<b id="25" c="20 24" t="ar"/>
		<b id="26" c="24 25" t="1"/>
		<b id="27" c="25 26" t="1"/>
		<b id="28" c="26 27" t="1"/>
		<b id="29" c="27 28" t="1"/>
		<b id="30" c="28 29" t="1"/>
		<b id="31" c="29 30" t="1"/>
		<b id="32" c="29 31" t="1"/>
		<b id="33" c="29 32" t="1"/>
		<b id="34" c="13 33" t="ar"/>
		<b id="35" c="9 33" t="ar"/>
		<b id="36" c="1 34" t="1"/>
		<b id="37" c="1 35" t="1"/>
		<b id="38" c="1 36" t="1"/>
		<b id="39" c="3 37" t="1"/>
		<b id="40" c="3 38" t="1"/>
		<b id="41" c="3 39" t="1"/>
		<b id="42" c="4 40" t="1"/>
		<b id="43" c="4 41" t="1"/>
		<b id="44" c="4 42" t="1"/>
		<b id="45" c="8 43" t="1"/>
		<b id="46" c="10 44" t="1"/>
		<b id="47" c="11 45" t="1"/>
		<b id="48" c="12 46" t="1"/>
		<b id="49" c="22 47" t="1"/>
		<b id="50" c="23 48" t="1"/>
		<b id="51" c="25 49" t="1"/>
		<b id="52" c="25 50" t="1"/>
		<b id="53" c="27 51" t="1"/>
		<b id="54" c="27 52" t="1"/>
		<b id="55" c="28 53" t="1"/>
		<b id="56" c="28 54" t="1"/>
		<b id="57" c="30 55" t="1"/>
		<b id="58" c="30 56" t="1"/>
		<b id="59" c="30 57" t="1"/>
		<b id="60" c="31 58" t="1"/>
		<b id="61" c="31 59" t="1"/>
		<b id="62" c="31 60" t="1"/>
		<b id="63" c="32 61" t="1"/>
		<b id="64" c="32 62" t="1"/>
		<b id="65" c="32 63" t="1"/>
		<b id="66" c="33 64" t="1"/>
	</bonds>
	<geometry>
		<g u="A" t="cart/3d">#64,3:1.1583,-1.6860,-1.4480;1.2253,-2.1201,-2.9116;1.0540,-3.6325,-3.0452;0.1696,-1.3846,-3.7381;2.4820,-1.7029,-3.5021;3.6519,-2.1551,-3.0172;3.7974,-2.9160,-2.0963;4.6498,-1.5917,-3.7642;6.0304,-1.7199,-3.6241;6.6216,-2.5417,-2.6673;7.9991,-2.6051,-2.5868;8.8152,-1.8741,-3.4348;8.2231,-1.0639,-4.3926;8.8856,-0.2372,-5.2806;10.1771,-0.3037,-5.5838;10.9673,-1.2658,-5.1291;12.2409,-1.2706,-5.4885;13.1731,-2.5425,-4.8394;12.8759,-0.4232,-6.2584;12.0920,0.5582,-6.7125;10.7111,0.6862,-6.4292;10.2746,1.8640,-7.0928;11.3661,2.3821,-7.7183;12.4687,1.5883,-7.5061;13.8357,1.8943,-7.8606;14.4522,2.7351,-6.9438;14.6504,2.1434,-5.6619;15.5669,3.0149,-4.8297;15.8644,2.2588,-3.0928;16.9644,3.4648,-2.1058;14.1914,2.0257,-2.2036;16.7275,0.5669,-3.2698;6.8379,-0.9854,-4.4845;0.1790,-1.9227,-1.0418;1.3241,-0.6136,-1.3678;1.9163,-2.2033,-0.8667;0.0756,-3.9232,-2.6734;1.8177,-4.1496,-2.4711;1.1373,-3.9280,-4.0889;-0.8236,-1.6345,-3.3778;0.2501,-1.6690,-4.7839;0.3160,-0.3106,-3.6596;4.3320,-0.9713,-4.4964;6.0011,-3.1142,-1.9997;8.4552,-3.2392,-1.8421;9.8859,-1.9395,-3.3580;9.2799,2.2600,-7.0919;11.4561,3.2689,-8.3145;13.8481,2.4207,-8.8199;14.3652,0.9313,-7.9372;15.0793,1.1424,-5.7943;13.6822,2.0320,-5.1572;15.1211,4.0059,-4.7507;16.5074,3.1386,-5.3655;16.4880,4.4326,-1.9844;17.9172,3.6287,-2.5991;17.1727,3.0766,-1.1142;13.6118,2.9442,-2.1909;14.3319,1.7143,-1.1729;13.5909,1.2641,-2.6928;17.6432,0.6429,-3.8489;16.0834,-0.1539,-3.7654;16.9888,0.1543,-2.2999;6.4047,-0.3400,-5.2339;</g>
	</geometry>
	<conformers/>
	<properties/>
</molecule>
