<?xml version="1.0" ?>
<!--MOLLI PACKAGE EXPERIMENTAL XML FORMAT-->
<molecule name="el2493">
	<atoms>
		<a id="1" s="O" t="O.3" l="O"/>
		<a id="2" s="C" t="C.3" l="C"/>
		<a id="3" s="C" t="C.ar" l="CA"/>
		<a id="4" s="C" t="C.ar" l="C"/>
		<a id="5" s="C" t="C.ar" l="C"/>
		<a id="6" s="Cl" t="Cl" l="CL"/>
		<a id="7" s="C" t="C.ar" l="C"/>
		<a id="8" s="C" t="C.ar" l="C"/>
		<a id="9" s="N" t="N.ar" l="N"/>
		<a id="10" s="H" t="H" l="H"/>
		<a id="11" s="H" t="H" l="H1"/>
		<a id="12" s="H" t="H" l="H2"/>
		<a id="13" s="H" t="H" l="H"/>
		<a id="14" s="H" t="H" l="H"/>
		<a id="15" s="H" t="H" l="H"/>
	</atoms>
	<bonds>
		<b id="1" c="1 2" t="1"/>
		<b id="2" c="2 3" t="1"/>
		<b id="3" c="3 4" t="ar"/>
		<b id="4" c="4 5" t="ar"/>
		<b id="5" c="5 6" t="1"/>
		<b id="6" c="5 7" t="ar"/>
		<b id="7" c="7 8" t="ar"/>
		<b id="8" c="8 9" t="ar"/>
		<b id="9" c="3 9" t="ar"/>
		<b id="10" c="1 10" t="1"/>
		<b id="11" c="2 11" t="1"/>
		<b id="12" c="2 12" t="1"/>
		<b id="13" c="4 13" t="1"/>
		<b id="14" c="7 14" t="1"/>
		<b id="15" c="8 15" t="1"/>
	</bonds>
	<geometry>
		<g u="A" t="cart/3d">#15,3:2.5505,-1.1923,-0.8052;2.2001,-0.0485,-0.0636;2.6998,1.1980,-0.7418;3.4491,1.1330,-1.9104;3.8788,2.3247,-2.4698;4.8155,2.3109,-3.9197;3.5549,3.5276,-1.8608;2.8007,3.4679,-0.6987;2.3832,2.3428,-0.1506;2.2131,-1.9707,-0.3502;2.6352,-0.0823,0.9471;1.1091,0.0372,0.0487;3.6772,0.1776,-2.3509;3.8765,4.4692,-2.2740;2.5157,4.3721,-0.1779;</g>
	</geometry>
	<conformers/>
	<properties/>
</molecule>
