<?xml version="1.0" ?>
<!--MOLLI PACKAGE EXPERIMENTAL XML FORMAT-->
<molecule name="el2494">
	<atoms>
		<a id="1" s="C" t="C.3" l="C"/>
		<a id="2" s="C" t="C.3" l="C"/>
		<a id="3" s="C" t="C.3" l="C"/>
		<a id="4" s="C" t="C.3" l="C"/>
		<a id="5" s="C" t="C.3" l="C"/>
		<a id="6" s="C" t="C.3" l="C"/>
		<a id="7" s="N" t="N.pl3" l="N"/>
		<a id="8" s="C" t="C.ar" l="C"/>
		<a id="9" s="C" t="C.ar" l="C"/>
		<a id="10" s="C" t="C.ar" l="C"/>
		<a id="11" s="Cl" t="Cl" l="CL"/>
		<a id="12" s="C" t="C.ar" l="C"/>
		<a id="13" s="C" t="C.ar" l="C"/>
		<a id="14" s="C" t="C.ar" l="C"/>
		<a id="15" s="O" t="O.3" l="O"/>
		<a id="16" s="C" t="C.3" l="C"/>
		<a id="17" s="C" t="C.ar" l="C"/>
		<a id="18" s="O" t="O.3" l="O"/>
		<a id="19" s="C" t="C.3" l="C"/>
		<a id="20" s="C" t="C.ar" l="C"/>
		<a id="21" s="C" t="C.ar" l="C"/>
		<a id="22" s="N" t="N.ar" l="N"/>
		<a id="23" s="H" t="H" l="H"/>
		<a id="24" s="H" t="H" l="H"/>
		<a id="25" s="H" t="H" l="H"/>
		<a id="26" s="H" t="H" l="H"/>
		<a id="27" s="H" t="H" l="H"/>
		<a id="28" s="H" t="H" l="H"/>
		<a id="29" s="H" t="H" l="H"/>
		<a id="30" s="H" t="H" l="H"/>
		<a id="31" s="H" t="H" l="H"/>
		<a id="32" s="H" t="H" l="H"/>
		<a id="33" s="H" t="H" l="H"/>
		<a id="34" s="H" t="H" l="H"/>
		<a id="35" s="H" t="H" l="H"/>
		<a id="36" s="H" t="H" l="H"/>
		<a id="37" s="H" t="H" l="H"/>
		<a id="38" s="H" t="H" l="H"/>
		<a id="39" s="H" t="H" l="H"/>
		<a id="40" s="H" t="H" l="H"/>
		<a id="41" s="H" t="H" l="H"/>
		<a id="42" s="H" t="H" l="H"/>
		<a id="43" s="H" t="H" l="H"/>
		<a id="44" s="H" t="H" l="H"/>
		<a id="45" s="H" t="H" l="H"/>
	</atoms>
	<bonds>
		<b id="1" c="1 2" t="1"/>
		<b id="2" c="2 3" t="1"/>
		<b id="3" c="3 4" t="1"/>
		<b id="4" c="4 5" t="1"/>
		<b id="5" c="5 6" t="1"/>
		<b id="6" c="6 7" t="1"/>
		<b id="7" c="7 8" t="1"/>
		<b id="8" c="8 9" t="ar"/>
		<b id="9" c="9 10" t="ar"/>
		<b id="10" c="10 11" t="1"/>
		<b id="11" c="10 12" t="ar"/>
		<b id="12" c="12 13" t="ar"/>
		<b id="13" c="13 14" t="ar"/>
		<b id="14" c="14 15" t="1"/>
		<b id="15" c="15 16" t="1"/>
		<b id="16" c="14 17" t="ar"/>
		<b id="17" c="17 18" t="1"/>
		<b id="18" c="18 19" t="1"/>
		<b id="19" c="17 20" t="ar"/>
		<b id="20" c="20 21" t="ar"/>
		<b id="21" c="12 21" t="ar"/>
		<b id="22" c="21 22" t="ar"/>
		<b id="23" c="8 22" t="ar"/>
		<b id="24" c="1 23" t="1"/>
		<b id="25" c="1 24" t="1"/>
		<b id="26" c="1 25" t="1"/>
		<b id="27" c="2 26" t="1"/>
		<b id="28" c="2 27" t="1"/>
		<b id="29" c="3 28" t="1"/>
		<b id="30" c="3 29" t="1"/>
		<b id="31" c="4 30" t="1"/>
		<b id="32" c="4 31" t="1"/>
		<b id="33" c="5 32" t="1"/>
		<b id="34" c="5 33" t="1"/>
		<b id="35" c="6 34" t="1"/>
		<b id="36" c="6 35" t="1"/>
		<b id="37" c="7 36" t="1"/>
		<b id="38" c="9 37" t="1"/>
		<b id="39" c="13 38" t="1"/>
		<b id="40" c="16 39" t="1"/>
		<b id="41" c="16 40" t="1"/>
		<b id="42" c="16 41" t="1"/>
		<b id="43" c="19 42" t="1"/>
		<b id="44" c="19 43" t="1"/>
		<b id="45" c="19 44" t="1"/>
		<b id="46" c="20 45" t="1"/>
	</bonds>
	<geometry>
		<g u="A" t="cart/3d">#45,3:1.4084,0.9643,2.3754;2.8417,1.3467,2.7241;3.1285,2.8126,2.4085;4.5689,3.2049,2.7295;4.8364,4.6748,2.4125;6.2906,5.0694,2.6427;7.1610,4.3582,1.7354;8.5069,4.3524,1.9041;9.3267,3.7753,0.8912;10.6737,3.7500,1.0882;11.6979,3.0593,-0.1274;11.2398,4.2856,2.2670;12.6150,4.3172,2.5437;13.1126,4.8599,3.7032;14.4529,4.8985,3.9969;15.3618,4.3851,3.0556;12.2042,5.4093,4.6564;12.5231,5.9791,5.8482;13.8574,6.2182,6.2359;10.8525,5.3737,4.3912;10.3261,4.8259,3.2124;8.9961,4.8521,3.0179;1.2217,-0.0809,2.6103;1.2202,1.1162,1.3147;0.7037,1.5735,2.9372;3.5329,0.7147,2.1621;3.0182,1.1655,3.7865;2.4460,3.4440,2.9825;2.9317,2.9953,1.3489;5.2536,2.5789,2.1540;4.7692,3.0236,3.7872;4.2012,5.3028,3.0395;4.5709,4.8755,1.3706;6.6109,4.8189,3.6561;6.4071,6.1552,2.5157;6.8097,4.1986,0.8043;8.8792,3.3726,-0.0037;13.2802,3.8955,1.8079;16.3478,4.5348,3.4937;15.3034,4.9226,2.1037;15.2025,3.3163,2.8811;13.7825,6.7387,7.1910;14.3809,6.8528,5.5175;14.4155,5.2896,6.3709;10.1742,5.7901,5.1170;</g>
	</geometry>
	<conformers/>
	<properties/>
</molecule>
