<?xml version="1.0" ?>
<!--MOLLI PACKAGE EXPERIMENTAL XML FORMAT-->
<molecule name="el2495">
	<atoms>
		<a id="1" s="C" t="C.3" l="C"/>
		<a id="2" s="C" t="C.3" l="C"/>
		<a id="3" s="N" t="N.3" l="N"/>
		<a id="4" s="C" t="C.3" l="C"/>
		<a id="5" s="C" t="C.3" l="C"/>
		<a id="6" s="C" t="C.3" l="C"/>
		<a id="7" s="O" t="O.3" l="O"/>
		<a id="8" s="C" t="C.ar" l="C"/>
		<a id="9" s="C" t="C.ar" l="C"/>
		<a id="10" s="N" t="N.ar" l="N"/>
		<a id="11" s="C" t="C.ar" l="C"/>
		<a id="12" s="Cl" t="Cl" l="CL"/>
		<a id="13" s="C" t="C.ar" l="C"/>
		<a id="14" s="N" t="N.ar" l="N"/>
		<a id="15" s="C" t="C.3" l="C"/>
		<a id="16" s="C" t="C.3" l="C"/>
		<a id="17" s="H" t="H" l="H"/>
		<a id="18" s="H" t="H" l="H"/>
		<a id="19" s="H" t="H" l="H"/>
		<a id="20" s="H" t="H" l="H"/>
		<a id="21" s="H" t="H" l="H"/>
		<a id="22" s="H" t="H" l="H"/>
		<a id="23" s="H" t="H" l="H"/>
		<a id="24" s="H" t="H" l="H"/>
		<a id="25" s="H" t="H" l="H"/>
		<a id="26" s="H" t="H" l="H"/>
		<a id="27" s="H" t="H" l="H"/>
		<a id="28" s="H" t="H" l="H"/>
		<a id="29" s="H" t="H" l="H"/>
		<a id="30" s="H" t="H" l="H"/>
		<a id="31" s="H" t="H" l="H"/>
		<a id="32" s="H" t="H" l="H"/>
	</atoms>
	<bonds>
		<b id="1" c="1 2" t="1"/>
		<b id="2" c="2 3" t="1"/>
		<b id="3" c="3 4" t="1"/>
		<b id="4" c="4 5" t="1"/>
		<b id="5" c="5 6" t="1"/>
		<b id="6" c="6 7" t="1"/>
		<b id="7" c="7 8" t="1"/>
		<b id="8" c="8 9" t="ar"/>
		<b id="9" c="9 10" t="ar"/>
		<b id="10" c="10 11" t="ar"/>
		<b id="11" c="11 12" t="1"/>
		<b id="12" c="11 13" t="ar"/>
		<b id="13" c="13 14" t="ar"/>
		<b id="14" c="8 14" t="ar"/>
		<b id="15" c="6 15" t="1"/>
		<b id="16" c="15 16" t="1"/>
		<b id="17" c="3 16" t="1"/>
		<b id="18" c="1 17" t="1"/>
		<b id="19" c="1 18" t="1"/>
		<b id="20" c="1 19" t="1"/>
		<b id="21" c="2 20" t="1"/>
		<b id="22" c="2 21" t="1"/>
		<b id="23" c="4 22" t="1"/>
		<b id="24" c="4 23" t="1"/>
		<b id="25" c="5 24" t="1"/>
		<b id="26" c="5 25" t="1"/>
		<b id="27" c="6 26" t="1"/>
		<b id="28" c="9 27" t="1"/>
		<b id="29" c="13 28" t="1"/>
		<b id="30" c="15 29" t="1"/>
		<b id="31" c="15 30" t="1"/>
		<b id="32" c="16 31" t="1"/>
		<b id="33" c="16 32" t="1"/>
	</bonds>
	<geometry>
		<g u="A" t="cart/3d">#32,3:3.3519,-0.1985,1.3104;2.4439,-0.0299,0.0969;2.7895,1.1458,-0.6843;2.2188,1.1042,-2.0181;2.7972,2.2311,-2.8684;2.5025,3.5874,-2.2297;1.0937,3.8556,-2.2119;0.5281,4.2626,-3.3408;-0.8539,4.5351,-3.3476;-1.4569,4.9540,-4.4352;-0.7219,5.1142,-5.5271;-1.5370,5.6639,-6.9356;0.6386,4.8493,-5.5382;1.2519,4.4229,-4.4455;2.9819,3.5813,-0.7821;2.4083,2.3838,-0.0291;3.2092,-1.1870,1.7395;3.1372,0.5376,2.0799;4.3894,-0.0927,1.0064;1.3872,-0.0095,0.4198;2.5753,-0.8989,-0.5532;1.1169,1.1945,-1.9906;2.4697,0.1439,-2.4755;2.3777,2.1974,-3.8743;3.8784,2.1136,-2.9350;2.9919,4.3839,-2.8040;-1.4581,4.4092,-2.4618;1.2496,4.9723,-6.4200;2.6770,4.5043,-0.2879;4.0700,3.5208,-0.7815;1.3095,2.4848,0.0284;2.8071,2.3821,0.9857;</g>
	</geometry>
	<conformers/>
	<properties/>
</molecule>
