<?xml version="1.0" ?>
<!--MOLLI PACKAGE EXPERIMENTAL XML FORMAT-->
<molecule name="el2496">
	<atoms>
		<a id="1" s="C" t="C.3" l="C"/>
		<a id="2" s="C" t="C.2" l="C"/>
		<a id="3" s="O" t="O.2" l="O"/>
		<a id="4" s="C" t="C.ar" l="C"/>
		<a id="5" s="C" t="C.ar" l="C"/>
		<a id="6" s="N" t="N.ar" l="N"/>
		<a id="7" s="C" t="C.ar" l="C"/>
		<a id="8" s="Cl" t="Cl" l="CL"/>
		<a id="9" s="C" t="C.ar" l="C"/>
		<a id="10" s="N" t="N.ar" l="N"/>
		<a id="11" s="H" t="H" l="H"/>
		<a id="12" s="H" t="H" l="H"/>
		<a id="13" s="H" t="H" l="H"/>
		<a id="14" s="H" t="H" l="H"/>
		<a id="15" s="H" t="H" l="H"/>
	</atoms>
	<bonds>
		<b id="1" c="1 2" t="1"/>
		<b id="2" c="2 3" t="2"/>
		<b id="3" c="2 4" t="1"/>
		<b id="4" c="4 5" t="ar"/>
		<b id="5" c="5 6" t="ar"/>
		<b id="6" c="6 7" t="ar"/>
		<b id="7" c="7 8" t="1"/>
		<b id="8" c="7 9" t="ar"/>
		<b id="9" c="9 10" t="ar"/>
		<b id="10" c="4 10" t="ar"/>
		<b id="11" c="1 11" t="1"/>
		<b id="12" c="1 12" t="1"/>
		<b id="13" c="1 13" t="1"/>
		<b id="14" c="5 14" t="1"/>
		<b id="15" c="9 15" t="1"/>
	</bonds>
	<geometry>
		<g u="A" t="cart/3d">#15,3:1.1993,0.1608,0.7416;2.4606,-0.1092,-0.0199;2.8419,-1.2098,-0.3384;3.2446,1.1108,-0.3841;4.4120,1.0173,-1.1428;5.1130,2.0898,-1.4680;4.6627,3.2566,-1.0459;5.5735,4.6412,-1.4681;3.4927,3.3681,-0.2863;2.8008,2.2986,0.0345;0.7212,-0.7738,1.0193;0.5294,0.7519,0.1209;1.4282,0.7507,1.6250;4.7832,0.0635,-1.4897;3.1215,4.3218,0.0594;</g>
	</geometry>
	<conformers/>
	<properties/>
</molecule>
