<?xml version="1.0" ?>
<!--MOLLI PACKAGE EXPERIMENTAL XML FORMAT-->
<molecule name="el2498">
	<atoms>
		<a id="1" s="F" t="F" l="F"/>
		<a id="2" s="C" t="C.ar" l="C"/>
		<a id="3" s="C" t="C.ar" l="C"/>
		<a id="4" s="C" t="C.ar" l="C"/>
		<a id="5" s="C" t="C.ar" l="C"/>
		<a id="6" s="N" t="N.pl3" l="N"/>
		<a id="7" s="C" t="C.ar" l="C"/>
		<a id="8" s="N" t="N.ar" l="N"/>
		<a id="9" s="C" t="C.ar" l="C"/>
		<a id="10" s="N" t="N.pl3" l="N"/>
		<a id="11" s="C" t="C.3" l="C"/>
		<a id="12" s="C" t="C.3" l="C"/>
		<a id="13" s="O" t="O.3" l="O"/>
		<a id="14" s="C" t="C.3" l="C"/>
		<a id="15" s="C" t="C.3" l="C"/>
		<a id="16" s="C" t="C.ar" l="C"/>
		<a id="17" s="C" t="C.ar" l="C"/>
		<a id="18" s="C" t="C.ar" l="C"/>
		<a id="19" s="Cl" t="Cl" l="CL"/>
		<a id="20" s="N" t="N.ar" l="N"/>
		<a id="21" s="C" t="C.ar" l="C"/>
		<a id="22" s="C" t="C.ar" l="C"/>
		<a id="23" s="N" t="N.ar" l="N"/>
		<a id="24" s="C" t="C.ar" l="C"/>
		<a id="25" s="C" t="C.ar" l="C"/>
		<a id="26" s="H" t="H" l="H"/>
		<a id="27" s="H" t="H" l="H"/>
		<a id="28" s="H" t="H" l="H"/>
		<a id="29" s="H" t="H" l="H"/>
		<a id="30" s="H" t="H" l="H"/>
		<a id="31" s="H" t="H" l="H"/>
		<a id="32" s="H" t="H" l="H"/>
		<a id="33" s="H" t="H" l="H"/>
		<a id="34" s="H" t="H" l="H"/>
		<a id="35" s="H" t="H" l="H"/>
		<a id="36" s="H" t="H" l="H"/>
		<a id="37" s="H" t="H" l="H"/>
		<a id="38" s="H" t="H" l="H"/>
		<a id="39" s="H" t="H" l="H"/>
		<a id="40" s="H" t="H" l="H"/>
	</atoms>
	<bonds>
		<b id="1" c="1 2" t="1"/>
		<b id="2" c="2 3" t="ar"/>
		<b id="3" c="3 4" t="ar"/>
		<b id="4" c="4 5" t="ar"/>
		<b id="5" c="5 6" t="1"/>
		<b id="6" c="6 7" t="1"/>
		<b id="7" c="7 8" t="ar"/>
		<b id="8" c="8 9" t="ar"/>
		<b id="9" c="9 10" t="1"/>
		<b id="10" c="10 11" t="1"/>
		<b id="11" c="11 12" t="1"/>
		<b id="12" c="12 13" t="1"/>
		<b id="13" c="13 14" t="1"/>
		<b id="14" c="14 15" t="1"/>
		<b id="15" c="10 15" t="1"/>
		<b id="16" c="9 16" t="ar"/>
		<b id="17" c="16 17" t="ar"/>
		<b id="18" c="17 18" t="ar"/>
		<b id="19" c="18 19" t="1"/>
		<b id="20" c="18 20" t="ar"/>
		<b id="21" c="20 21" t="ar"/>
		<b id="22" c="21 22" t="ar"/>
		<b id="23" c="16 22" t="ar"/>
		<b id="24" c="22 23" t="ar"/>
		<b id="25" c="7 23" t="ar"/>
		<b id="26" c="5 24" t="ar"/>
		<b id="27" c="24 25" t="ar"/>
		<b id="28" c="2 25" t="ar"/>
		<b id="29" c="3 26" t="1"/>
		<b id="30" c="4 27" t="1"/>
		<b id="31" c="6 28" t="1"/>
		<b id="32" c="11 29" t="1"/>
		<b id="33" c="11 30" t="1"/>
		<b id="34" c="12 31" t="1"/>
		<b id="35" c="12 32" t="1"/>
		<b id="36" c="14 33" t="1"/>
		<b id="37" c="14 34" t="1"/>
		<b id="38" c="15 35" t="1"/>
		<b id="39" c="15 36" t="1"/>
		<b id="40" c="17 37" t="1"/>
		<b id="41" c="21 38" t="1"/>
		<b id="42" c="24 39" t="1"/>
		<b id="43" c="25 40" t="1"/>
	</bonds>
	<geometry>
		<g u="A" t="cart/3d">#40,3:1.0255,-1.3034,-3.0071;0.0472,-0.7807,-2.2353;-0.4819,0.4549,-2.5590;-1.4830,0.9893,-1.7709;-1.9564,0.2906,-0.6617;-2.9454,0.7795,0.1754;-3.7826,1.8459,0.0687;-3.7602,2.6098,-1.0348;-4.6061,3.6196,-1.1318;-4.5184,4.4030,-2.2359;-3.6884,3.9791,-3.3488;-2.3281,4.6799,-3.3098;-2.4985,6.0801,-3.3175;-3.2627,6.4955,-2.2146;-4.6581,5.8451,-2.1967;-5.6240,3.8115,-0.1293;-6.7554,4.6347,-0.2180;-7.5996,4.6843,0.8681;-9.0080,5.6786,0.8140;-7.4197,4.0085,1.9992;-6.4107,3.1858,2.0774;-5.4825,2.9962,1.0283;-4.5470,2.0388,1.1285;-1.3981,-0.9527,-0.3526;-0.3989,-1.4931,-1.1365;-0.1071,0.9898,-3.4174;-1.9040,1.9513,-2.0012;-3.1020,0.2615,1.0305;-4.2087,4.2642,-4.2693;-3.5721,2.8977,-3.3089;-1.7392,4.4367,-4.1948;-1.7797,4.3730,-2.4066;-3.3548,7.5798,-2.2935;-2.7401,6.2417,-1.2780;-5.2231,6.1681,-3.0772;-5.1695,6.1637,-1.2916;-6.9993,5.1791,-1.1148;-6.3104,2.6167,2.9900;-1.7539,-1.4971,0.5101;0.0345,-2.4532,-0.9056;</g>
	</geometry>
	<conformers/>
	<properties/>
</molecule>
