<?xml version="1.0" ?>
<!--MOLLI PACKAGE EXPERIMENTAL XML FORMAT-->
<molecule name="el3001">
	<atoms>
		<a id="1" s="H" t="H" l="H"/>
		<a id="2" s="C" t="C.3" l="C"/>
		<a id="3" s="H" t="H" l="H"/>
		<a id="4" s="H" t="H" l="H"/>
		<a id="5" s="N" t="N.am" l="N"/>
		<a id="6" s="C" t="C.2" l="C"/>
		<a id="7" s="O" t="O.2" l="O"/>
		<a id="8" s="C" t="C.ar" l="C"/>
		<a id="9" s="N" t="N.ar" l="N"/>
		<a id="10" s="N" t="N.ar" l="N"/>
		<a id="11" s="C" t="C.ar" l="C"/>
		<a id="12" s="Cl" t="Cl" l="CL"/>
		<a id="13" s="C" t="C.ar" l="C"/>
		<a id="14" s="C" t="C.ar" l="C"/>
		<a id="15" s="N" t="N.pl3" l="N"/>
		<a id="16" s="C" t="C.ar" l="C"/>
		<a id="17" s="C" t="C.ar" l="C"/>
		<a id="18" s="C" t="C.ar" l="C"/>
		<a id="19" s="C" t="C.ar" l="C"/>
		<a id="20" s="C" t="C.ar" l="C"/>
		<a id="21" s="C" t="C.ar" l="C"/>
		<a id="22" s="C" t="C.ar" l="C"/>
		<a id="23" s="C" t="C.ar" l="C"/>
		<a id="24" s="C" t="C.ar" l="C"/>
		<a id="25" s="N" t="N.ar" l="N"/>
		<a id="26" s="N" t="N.ar" l="N"/>
		<a id="27" s="C" t="C.ar" l="C"/>
		<a id="28" s="O" t="O.3" l="O"/>
		<a id="29" s="C" t="C.3" l="C"/>
		<a id="30" s="H" t="H" l="H"/>
		<a id="31" s="H" t="H" l="H"/>
		<a id="32" s="H" t="H" l="H"/>
		<a id="33" s="H" t="H" l="H"/>
		<a id="34" s="H" t="H" l="H"/>
		<a id="35" s="H" t="H" l="H"/>
		<a id="36" s="H" t="H" l="H"/>
		<a id="37" s="H" t="H" l="H"/>
		<a id="38" s="H" t="H" l="H"/>
		<a id="39" s="H" t="H" l="H"/>
		<a id="40" s="H" t="H" l="H"/>
		<a id="41" s="H" t="H" l="H"/>
	</atoms>
	<bonds>
		<b id="1" c="1 2" t="1"/>
		<b id="2" c="2 3" t="1"/>
		<b id="3" c="2 4" t="1"/>
		<b id="4" c="2 5" t="1"/>
		<b id="5" c="5 6" t="am"/>
		<b id="6" c="6 7" t="2"/>
		<b id="7" c="6 8" t="1"/>
		<b id="8" c="8 9" t="ar"/>
		<b id="9" c="9 10" t="ar"/>
		<b id="10" c="10 11" t="ar"/>
		<b id="11" c="11 12" t="1"/>
		<b id="12" c="11 13" t="ar"/>
		<b id="13" c="13 14" t="ar"/>
		<b id="14" c="8 14" t="ar"/>
		<b id="15" c="14 15" t="1"/>
		<b id="16" c="15 16" t="1"/>
		<b id="17" c="16 17" t="ar"/>
		<b id="18" c="17 18" t="ar"/>
		<b id="19" c="18 19" t="ar"/>
		<b id="20" c="19 20" t="ar"/>
		<b id="21" c="20 21" t="1"/>
		<b id="22" c="21 22" t="ar"/>
		<b id="23" c="22 23" t="ar"/>
		<b id="24" c="23 24" t="ar"/>
		<b id="25" c="24 25" t="ar"/>
		<b id="26" c="25 26" t="ar"/>
		<b id="27" c="21 26" t="ar"/>
		<b id="28" c="20 27" t="ar"/>
		<b id="29" c="16 27" t="ar"/>
		<b id="30" c="27 28" t="1"/>
		<b id="31" c="28 29" t="1"/>
		<b id="32" c="5 30" t="1"/>
		<b id="33" c="13 31" t="1"/>
		<b id="34" c="15 32" t="1"/>
		<b id="35" c="17 33" t="1"/>
		<b id="36" c="18 34" t="1"/>
		<b id="37" c="19 35" t="1"/>
		<b id="38" c="22 36" t="1"/>
		<b id="39" c="23 37" t="1"/>
		<b id="40" c="24 38" t="1"/>
		<b id="41" c="29 39" t="1"/>
		<b id="42" c="29 40" t="1"/>
		<b id="43" c="29 41" t="1"/>
	</bonds>
	<geometry>
		<g u="A" t="cart/3d">#41,3:7.5068,0.3206,1.7881;7.2152,-0.3181,2.6232;7.5233,-1.3424,2.4199;7.7086,0.0355,3.5296;5.7865,-0.3122,2.7903;5.0248,-1.4067,2.6954;5.4666,-2.5312,2.4607;3.5738,-1.1408,2.9010;3.2339,0.1196,3.0868;2.0077,0.4908,3.2667;1.0536,-0.4324,3.2380;-0.5482,0.1463,3.4447;1.2791,-1.7833,3.0558;2.6118,-2.1972,2.8953;3.0001,-3.4652,2.6975;2.1833,-4.6036,2.8492;1.4291,-4.7224,4.0157;0.5761,-5.7873,4.2184;0.4849,-6.7739,3.2539;1.2569,-6.7025,2.1042;1.1903,-7.7939,1.1171;-0.0438,-8.2675,0.6498;-0.0219,-9.3118,-0.2493;1.2315,-9.7991,-0.6170;2.3540,-9.3074,-0.1299;2.3370,-8.3323,0.7205;2.1115,-5.6085,1.8722;2.7044,-5.6077,0.6535;3.9299,-4.9493,0.4135;5.3000,0.5552,2.9765;0.4640,-2.4876,3.0281;4.0084,-3.5640,2.5470;1.5263,-3.9546,4.7690;-0.0053,-5.8513,5.1246;-0.1622,-7.6247,3.4050;-0.9672,-7.8143,0.9790;-0.9288,-9.7336,-0.6566;1.3446,-10.6103,-1.3220;4.2786,-5.3507,-0.5379;4.6710,-5.1770,1.1824;3.8058,-3.8669,0.3186;</g>
	</geometry>
	<conformers/>
	<properties/>
</molecule>
