<?xml version="1.0" ?>
<!--MOLLI PACKAGE EXPERIMENTAL XML FORMAT-->
<molecule name="el3100">
	<atoms>
		<a id="1" s="C" t="C.3" l="C"/>
		<a id="2" s="C" t="C.3" l="C"/>
		<a id="3" s="C" t="C.3" l="C"/>
		<a id="4" s="C" t="C.3" l="C"/>
		<a id="5" s="O" t="O.3" l="O"/>
		<a id="6" s="C" t="C.2" l="C"/>
		<a id="7" s="O" t="O.2" l="O"/>
		<a id="8" s="N" t="N.am" l="N"/>
		<a id="9" s="C" t="C.3" l="C"/>
		<a id="10" s="C" t="C.3" l="C"/>
		<a id="11" s="N" t="N.pl3" l="N"/>
		<a id="12" s="C" t="C.ar" l="C"/>
		<a id="13" s="C" t="C.ar" l="C"/>
		<a id="14" s="C" t="C.ar" l="C"/>
		<a id="15" s="O" t="O.2" l="O"/>
		<a id="16" s="N" t="N.ar" l="N"/>
		<a id="17" s="N" t="N.ar" l="N"/>
		<a id="18" s="C" t="C.ar" l="C"/>
		<a id="19" s="C" t="C.ar" l="C"/>
		<a id="20" s="C" t="C.ar" l="C"/>
		<a id="21" s="C" t="C.ar" l="C"/>
		<a id="22" s="N" t="N.ar" l="N"/>
		<a id="23" s="C" t="C.ar" l="C"/>
		<a id="24" s="Cl" t="Cl" l="CL"/>
		<a id="25" s="C" t="C.ar" l="C"/>
		<a id="26" s="S" t="S.2" l="S"/>
		<a id="27" s="C" t="C.ar" l="C"/>
		<a id="28" s="N" t="N.ar" l="N"/>
		<a id="29" s="C" t="C.3" l="C"/>
		<a id="30" s="C" t="C.3" l="C"/>
		<a id="31" s="H" t="H" l="H"/>
		<a id="32" s="H" t="H" l="H"/>
		<a id="33" s="H" t="H" l="H"/>
		<a id="34" s="H" t="H" l="H"/>
		<a id="35" s="H" t="H" l="H"/>
		<a id="36" s="H" t="H" l="H"/>
		<a id="37" s="H" t="H" l="H"/>
		<a id="38" s="H" t="H" l="H"/>
		<a id="39" s="H" t="H" l="H"/>
		<a id="40" s="H" t="H" l="H"/>
		<a id="41" s="H" t="H" l="H"/>
		<a id="42" s="H" t="H" l="H"/>
		<a id="43" s="H" t="H" l="H"/>
		<a id="44" s="H" t="H" l="H"/>
		<a id="45" s="H" t="H" l="H"/>
		<a id="46" s="H" t="H" l="H"/>
		<a id="47" s="H" t="H" l="H"/>
		<a id="48" s="H" t="H" l="H"/>
		<a id="49" s="H" t="H" l="H"/>
		<a id="50" s="H" t="H" l="H"/>
		<a id="51" s="H" t="H" l="H"/>
	</atoms>
	<bonds>
		<b id="1" c="1 2" t="1"/>
		<b id="2" c="2 3" t="1"/>
		<b id="3" c="2 4" t="1"/>
		<b id="4" c="2 5" t="1"/>
		<b id="5" c="5 6" t="1"/>
		<b id="6" c="6 7" t="2"/>
		<b id="7" c="6 8" t="am"/>
		<b id="8" c="8 9" t="1"/>
		<b id="9" c="9 10" t="1"/>
		<b id="10" c="10 11" t="1"/>
		<b id="11" c="11 12" t="1"/>
		<b id="12" c="12 13" t="ar"/>
		<b id="13" c="13 14" t="ar"/>
		<b id="14" c="14 15" t="2"/>
		<b id="15" c="14 16" t="ar"/>
		<b id="16" c="16 17" t="ar"/>
		<b id="17" c="17 18" t="ar"/>
		<b id="18" c="18 19" t="1"/>
		<b id="19" c="19 20" t="ar"/>
		<b id="20" c="20 21" t="ar"/>
		<b id="21" c="21 22" t="ar"/>
		<b id="22" c="22 23" t="ar"/>
		<b id="23" c="23 24" t="1"/>
		<b id="24" c="23 25" t="ar"/>
		<b id="25" c="19 25" t="ar"/>
		<b id="26" c="18 26" t="ar"/>
		<b id="27" c="26 27" t="ar"/>
		<b id="28" c="16 27" t="ar"/>
		<b id="29" c="27 28" t="ar"/>
		<b id="30" c="12 28" t="ar"/>
		<b id="31" c="11 29" t="1"/>
		<b id="32" c="29 30" t="1"/>
		<b id="33" c="8 30" t="1"/>
		<b id="34" c="1 31" t="1"/>
		<b id="35" c="1 32" t="1"/>
		<b id="36" c="1 33" t="1"/>
		<b id="37" c="3 34" t="1"/>
		<b id="38" c="3 35" t="1"/>
		<b id="39" c="3 36" t="1"/>
		<b id="40" c="4 37" t="1"/>
		<b id="41" c="4 38" t="1"/>
		<b id="42" c="4 39" t="1"/>
		<b id="43" c="9 40" t="1"/>
		<b id="44" c="9 41" t="1"/>
		<b id="45" c="10 42" t="1"/>
		<b id="46" c="10 43" t="1"/>
		<b id="47" c="13 44" t="1"/>
		<b id="48" c="20 45" t="1"/>
		<b id="49" c="21 46" t="1"/>
		<b id="50" c="25 47" t="1"/>
		<b id="51" c="29 48" t="1"/>
		<b id="52" c="29 49" t="1"/>
		<b id="53" c="30 50" t="1"/>
		<b id="54" c="30 51" t="1"/>
	</bonds>
	<geometry>
		<g u="A" t="cart/3d">#51,3:3.7790,1.1232,-1.2828;2.9382,-0.1041,-0.9355;2.6686,-0.1790,0.5669;1.6229,-0.0910,-1.7161;3.5957,-1.3147,-1.3862;4.8098,-1.6411,-0.9188;5.4512,-1.0207,-0.1021;5.2800,-2.7738,-1.5154;4.4646,-3.6694,-2.3033;4.1034,-4.9062,-1.4679;5.3137,-5.5314,-0.9799;5.7503,-6.7041,-1.4883;6.9667,-7.2929,-1.1958;7.3602,-8.5574,-1.6989;8.3872,-9.1647,-1.5120;6.3407,-9.1393,-2.5450;6.4701,-10.3262,-3.1228;5.4581,-10.6551,-3.8282;5.3484,-11.9019,-4.5536;4.2036,-12.2235,-5.2862;4.1720,-13.4373,-5.9489;5.1696,-14.3040,-5.9245;6.2474,-13.9942,-5.2323;7.5094,-15.1562,-5.2381;6.4050,-12.8118,-4.5224;4.1658,-9.4302,-3.8394;5.1748,-8.4749,-2.7880;4.8524,-7.3261,-2.3194;6.1098,-4.6338,-0.1766;6.4811,-3.3909,-0.9990;3.2277,2.0253,-1.0336;4.0078,1.1306,-2.3464;4.7100,1.1108,-0.7232;2.1123,0.6990,0.8826;3.6070,-0.2175,1.1134;2.0858,-1.0682,0.7998;1.0361,0.7791,-1.4385;1.0502,-0.9890,-1.4991;1.8230,-0.0581,-2.7839;5.0414,-3.9808,-3.1809;3.5657,-3.1495,-2.6283;3.5518,-5.6281,-2.0669;3.4982,-4.5990,-0.6083;7.6929,-6.8224,-0.5569;3.3684,-11.5421,-5.3297;3.3117,-13.7400,-6.5288;7.3006,-12.5934,-3.9658;7.0063,-5.1260,0.1905;5.5075,-4.3199,0.6838;7.1206,-3.6788,-1.8395;6.9975,-2.6591,-0.3770;</g>
	</geometry>
	<conformers/>
	<properties/>
</molecule>
