<?xml version="1.0" ?>
<!--MOLLI PACKAGE EXPERIMENTAL XML FORMAT-->
<molecule name="el3102">
	<atoms>
		<a id="1" s="C" t="C.3" l="C"/>
		<a id="2" s="C" t="C.ar" l="C"/>
		<a id="3" s="C" t="C.ar" l="C"/>
		<a id="4" s="N" t="N.ar" l="N"/>
		<a id="5" s="C" t="C.ar" l="C"/>
		<a id="6" s="Cl" t="Cl" l="CL"/>
		<a id="7" s="N" t="N.ar" l="N"/>
		<a id="8" s="C" t="C.ar" l="C"/>
		<a id="9" s="C" t="C.ar" l="C"/>
		<a id="10" s="C" t="C.ar" l="C"/>
		<a id="11" s="C" t="C.ar" l="C"/>
		<a id="12" s="C" t="C.ar" l="C"/>
		<a id="13" s="O" t="O.2" l="O"/>
		<a id="14" s="C" t="C.3" l="C"/>
		<a id="15" s="C" t="C.3" l="C"/>
		<a id="16" s="N" t="N.3" l="N"/>
		<a id="17" s="C" t="C.3" l="C"/>
		<a id="18" s="C" t="C.ar" l="C"/>
		<a id="19" s="C" t="C.ar" l="C"/>
		<a id="20" s="C" t="C.ar" l="C"/>
		<a id="21" s="C" t="C.ar" l="C"/>
		<a id="22" s="C" t="C.ar" l="C"/>
		<a id="23" s="C" t="C.ar" l="C"/>
		<a id="24" s="C" t="C.3" l="C"/>
		<a id="25" s="H" t="H" l="H"/>
		<a id="26" s="H" t="H" l="H"/>
		<a id="27" s="H" t="H" l="H"/>
		<a id="28" s="H" t="H" l="H"/>
		<a id="29" s="H" t="H" l="H"/>
		<a id="30" s="H" t="H" l="H"/>
		<a id="31" s="H" t="H" l="H"/>
		<a id="32" s="H" t="H" l="H"/>
		<a id="33" s="H" t="H" l="H"/>
		<a id="34" s="H" t="H" l="H"/>
		<a id="35" s="H" t="H" l="H"/>
		<a id="36" s="H" t="H" l="H"/>
		<a id="37" s="H" t="H" l="H"/>
		<a id="38" s="H" t="H" l="H"/>
		<a id="39" s="H" t="H" l="H"/>
		<a id="40" s="H" t="H" l="H"/>
		<a id="41" s="H" t="H" l="H"/>
		<a id="42" s="H" t="H" l="H"/>
	</atoms>
	<bonds>
		<b id="1" c="1 2" t="1"/>
		<b id="2" c="2 3" t="ar"/>
		<b id="3" c="3 4" t="ar"/>
		<b id="4" c="4 5" t="ar"/>
		<b id="5" c="5 6" t="1"/>
		<b id="6" c="5 7" t="ar"/>
		<b id="7" c="7 8" t="ar"/>
		<b id="8" c="2 8" t="ar"/>
		<b id="9" c="8 9" t="1"/>
		<b id="10" c="9 10" t="ar"/>
		<b id="11" c="10 11" t="ar"/>
		<b id="12" c="11 12" t="ar"/>
		<b id="13" c="12 13" t="ar"/>
		<b id="14" c="9 13" t="ar"/>
		<b id="15" c="12 14" t="1"/>
		<b id="16" c="14 15" t="1"/>
		<b id="17" c="15 16" t="1"/>
		<b id="18" c="16 17" t="1"/>
		<b id="19" c="17 18" t="1"/>
		<b id="20" c="18 19" t="ar"/>
		<b id="21" c="19 20" t="ar"/>
		<b id="22" c="20 21" t="ar"/>
		<b id="23" c="21 22" t="ar"/>
		<b id="24" c="22 23" t="ar"/>
		<b id="25" c="18 23" t="ar"/>
		<b id="26" c="16 24" t="1"/>
		<b id="27" c="11 24" t="1"/>
		<b id="28" c="1 25" t="1"/>
		<b id="29" c="1 26" t="1"/>
		<b id="30" c="1 27" t="1"/>
		<b id="31" c="3 28" t="1"/>
		<b id="32" c="10 29" t="1"/>
		<b id="33" c="14 30" t="1"/>
		<b id="34" c="14 31" t="1"/>
		<b id="35" c="15 32" t="1"/>
		<b id="36" c="15 33" t="1"/>
		<b id="37" c="17 34" t="1"/>
		<b id="38" c="17 35" t="1"/>
		<b id="39" c="19 36" t="1"/>
		<b id="40" c="20 37" t="1"/>
		<b id="41" c="21 38" t="1"/>
		<b id="42" c="22 39" t="1"/>
		<b id="43" c="23 40" t="1"/>
		<b id="44" c="24 41" t="1"/>
		<b id="45" c="24 42" t="1"/>
	</bonds>
	<geometry>
		<g u="A" t="cart/3d">#42,3:5.1519,2.2113,-1.4573;4.7461,1.2434,-0.3979;5.5624,0.1794,-0.0436;5.2479,-0.7130,0.8846;4.0824,-0.5342,1.4726;3.6485,-1.6755,2.6669;3.2159,0.4222,1.2443;3.5283,1.3290,0.3095;2.5310,2.3467,0.1131;1.3128,2.4757,0.7484;0.7060,3.6223,0.2037;1.5887,4.1135,-0.7220;2.6927,3.3551,-0.7863;1.3483,5.3198,-1.5504;-0.1611,5.5873,-1.5105;-0.6277,5.5955,-0.1340;-1.9300,6.2253,-0.0014;-1.8601,7.6973,-0.3077;-2.8450,8.3229,-1.0580;-2.7766,9.6823,-1.3127;-1.7178,10.4274,-0.8256;-0.7276,9.8083,-0.0798;-0.8006,8.4526,0.1806;-0.6113,4.2688,0.4606;6.1135,1.9272,-1.8781;5.2269,3.2167,-1.0459;4.4093,2.2388,-2.2529;6.5207,0.0255,-0.5238;0.9345,1.8165,1.5011;1.6938,5.1732,-2.5752;1.8826,6.1763,-1.1297;-0.6840,4.8205,-2.1101;-0.3712,6.5653,-1.9470;-2.2505,6.1006,1.0391;-2.6885,5.7411,-0.6438;-3.6741,7.7449,-1.4431;-3.5514,10.1592,-1.8951;-1.6629,11.4871,-1.0269;0.1004,10.3865,0.3024;-0.0365,7.9587,0.7592;-1.4172,3.6244,0.0551;-0.7794,4.3710,1.5374;</g>
	</geometry>
	<conformers/>
	<properties/>
</molecule>
