<?xml version="1.0" ?>
<!--MOLLI PACKAGE EXPERIMENTAL XML FORMAT-->
<molecule name="el3104">
	<atoms>
		<a id="1" s="C" t="C.3" l="C"/>
		<a id="2" s="P" t="P.3" l="P"/>
		<a id="3" s="C" t="C.3" l="C"/>
		<a id="4" s="O" t="O.2" l="O"/>
		<a id="5" s="C" t="C.ar" l="C"/>
		<a id="6" s="C" t="C.ar" l="C"/>
		<a id="7" s="C" t="C.ar" l="C"/>
		<a id="8" s="C" t="C.ar" l="C"/>
		<a id="9" s="C" t="C.ar" l="C"/>
		<a id="10" s="C" t="C.ar" l="C"/>
		<a id="11" s="N" t="N.pl3" l="N"/>
		<a id="12" s="C" t="C.ar" l="C"/>
		<a id="13" s="N" t="N.ar" l="N"/>
		<a id="14" s="C" t="C.ar" l="C"/>
		<a id="15" s="Cl" t="Cl" l="CL"/>
		<a id="16" s="N" t="N.ar" l="N"/>
		<a id="17" s="C" t="C.ar" l="C"/>
		<a id="18" s="C" t="C.ar" l="C"/>
		<a id="19" s="F" t="F" l="F"/>
		<a id="20" s="H" t="H" l="H"/>
		<a id="21" s="H" t="H" l="H"/>
		<a id="22" s="H" t="H" l="H"/>
		<a id="23" s="H" t="H" l="H"/>
		<a id="24" s="H" t="H" l="H"/>
		<a id="25" s="H" t="H" l="H"/>
		<a id="26" s="H" t="H" l="H"/>
		<a id="27" s="H" t="H" l="H"/>
		<a id="28" s="H" t="H" l="H"/>
		<a id="29" s="H" t="H" l="H"/>
		<a id="30" s="H" t="H" l="H"/>
		<a id="31" s="H" t="H" l="H"/>
	</atoms>
	<bonds>
		<b id="1" c="1 2" t="1"/>
		<b id="2" c="2 3" t="1"/>
		<b id="3" c="2 4" t="2"/>
		<b id="4" c="2 5" t="1"/>
		<b id="5" c="5 6" t="ar"/>
		<b id="6" c="6 7" t="ar"/>
		<b id="7" c="7 8" t="ar"/>
		<b id="8" c="8 9" t="ar"/>
		<b id="9" c="9 10" t="ar"/>
		<b id="10" c="5 10" t="ar"/>
		<b id="11" c="10 11" t="1"/>
		<b id="12" c="11 12" t="1"/>
		<b id="13" c="12 13" t="ar"/>
		<b id="14" c="13 14" t="ar"/>
		<b id="15" c="14 15" t="1"/>
		<b id="16" c="14 16" t="ar"/>
		<b id="17" c="16 17" t="ar"/>
		<b id="18" c="17 18" t="ar"/>
		<b id="19" c="12 18" t="ar"/>
		<b id="20" c="18 19" t="1"/>
		<b id="21" c="1 20" t="1"/>
		<b id="22" c="1 21" t="1"/>
		<b id="23" c="1 22" t="1"/>
		<b id="24" c="3 23" t="1"/>
		<b id="25" c="3 24" t="1"/>
		<b id="26" c="3 25" t="1"/>
		<b id="27" c="6 26" t="1"/>
		<b id="28" c="7 27" t="1"/>
		<b id="29" c="8 28" t="1"/>
		<b id="30" c="9 29" t="1"/>
		<b id="31" c="11 30" t="1"/>
		<b id="32" c="17 31" t="1"/>
	</bonds>
	<geometry>
		<g u="A" t="cart/3d">#31,3:1.8258,-0.6837,0.2934;2.9102,0.5972,-0.4781;2.6885,0.4345,-2.2973;2.5612,1.9420,-0.0102;4.6566,0.1912,-0.1177;5.3876,1.2269,0.4450;6.7313,1.0718,0.7328;7.3520,-0.1335,0.4484;6.6400,-1.1807,-0.1090;5.2870,-1.0281,-0.3930;4.5089,-2.0452,-0.9356;4.8358,-3.2779,-1.3656;6.0875,-3.7357,-1.3434;6.3008,-4.9563,-1.7961;7.9160,-5.4864,-1.7448;5.4192,-5.8033,-2.2785;4.1559,-5.3794,-2.3162;3.8200,-4.1281,-1.8722;2.5428,-3.6737,-1.9035;2.2655,-1.0169,1.2324;1.6119,-1.5401,-0.3417;0.8927,-0.1688,0.5155;1.6452,0.6676,-2.5068;2.9374,-0.5385,-2.7087;3.3107,1.1981,-2.7618;4.8729,2.1538,0.6505;7.2893,1.8841,1.1722;8.4016,-0.2660,0.6627;7.1200,-2.1186,-0.3305;3.5258,-1.8138,-1.0053;3.4227,-6.0673,-2.7108;</g>
	</geometry>
	<conformers/>
	<properties/>
</molecule>
