<?xml version="1.0" ?>
<!--MOLLI PACKAGE EXPERIMENTAL XML FORMAT-->
<molecule name="el3105">
	<atoms>
		<a id="1" s="C" t="C.3" l="C"/>
		<a id="2" s="O" t="O.3" l="O"/>
		<a id="3" s="C" t="C.ar" l="C"/>
		<a id="4" s="C" t="C.ar" l="C"/>
		<a id="5" s="C" t="C.ar" l="C"/>
		<a id="6" s="C" t="C.ar" l="C"/>
		<a id="7" s="C" t="C.ar" l="C"/>
		<a id="8" s="C" t="C.ar" l="C"/>
		<a id="9" s="C" t="C.ar" l="C"/>
		<a id="10" s="C" t="C.ar" l="C"/>
		<a id="11" s="S" t="S.2" l="S"/>
		<a id="12" s="C" t="C.ar" l="C"/>
		<a id="13" s="C" t="C.ar" l="C"/>
		<a id="14" s="N" t="N.ar" l="N"/>
		<a id="15" s="C" t="C.ar" l="C"/>
		<a id="16" s="Cl" t="Cl" l="CL"/>
		<a id="17" s="N" t="N.ar" l="N"/>
		<a id="18" s="C" t="C.ar" l="C"/>
		<a id="19" s="H" t="H" l="H"/>
		<a id="20" s="H" t="H" l="H"/>
		<a id="21" s="H" t="H" l="H"/>
		<a id="22" s="H" t="H" l="H"/>
		<a id="23" s="H" t="H" l="H"/>
		<a id="24" s="H" t="H" l="H"/>
		<a id="25" s="H" t="H" l="H"/>
		<a id="26" s="H" t="H" l="H"/>
		<a id="27" s="H" t="H" l="H"/>
	</atoms>
	<bonds>
		<b id="1" c="1 2" t="1"/>
		<b id="2" c="2 3" t="1"/>
		<b id="3" c="3 4" t="ar"/>
		<b id="4" c="4 5" t="ar"/>
		<b id="5" c="5 6" t="ar"/>
		<b id="6" c="6 7" t="ar"/>
		<b id="7" c="7 8" t="ar"/>
		<b id="8" c="3 8" t="ar"/>
		<b id="9" c="8 9" t="1"/>
		<b id="10" c="9 10" t="ar"/>
		<b id="11" c="10 11" t="ar"/>
		<b id="12" c="11 12" t="ar"/>
		<b id="13" c="12 13" t="ar"/>
		<b id="14" c="13 14" t="ar"/>
		<b id="15" c="14 15" t="ar"/>
		<b id="16" c="15 16" t="1"/>
		<b id="17" c="15 17" t="ar"/>
		<b id="18" c="17 18" t="ar"/>
		<b id="19" c="9 18" t="ar"/>
		<b id="20" c="12 18" t="ar"/>
		<b id="21" c="1 19" t="1"/>
		<b id="22" c="1 20" t="1"/>
		<b id="23" c="1 21" t="1"/>
		<b id="24" c="4 22" t="1"/>
		<b id="25" c="5 23" t="1"/>
		<b id="26" c="6 24" t="1"/>
		<b id="27" c="7 25" t="1"/>
		<b id="28" c="10 26" t="1"/>
		<b id="29" c="13 27" t="1"/>
	</bonds>
	<geometry>
		<g u="A" t="cart/3d">#27,3:1.0439,0.5094,-0.3596;2.2136,-0.1385,0.0807;2.9879,-0.7898,-0.8348;2.7735,-0.7340,-2.2062;3.5937,-1.4323,-3.0764;4.6316,-2.2046,-2.5899;4.8501,-2.2731,-1.2267;4.0468,-1.5721,-0.3338;4.3018,-1.6743,1.1019;4.1038,-0.6865,2.0179;4.4914,-1.1062,3.6481;4.9482,-2.6946,3.1427;5.4072,-3.7795,3.8731;5.6930,-4.9183,3.2732;5.5210,-4.9719,1.9579;5.9013,-6.4613,1.2201;5.0971,-4.0206,1.1626;4.8012,-2.8575,1.7407;0.5495,0.8647,0.5436;0.3778,-0.1782,-0.8892;1.2742,1.3643,-1.0033;1.9668,-0.1426,-2.6095;3.4109,-1.3692,-4.1387;5.2678,-2.7530,-3.2668;5.6504,-2.8804,-0.8369;3.7490,0.3057,1.8248;5.5497,-3.7488,4.9444;</g>
	</geometry>
	<conformers/>
	<properties/>
</molecule>
