<?xml version="1.0" ?>
<!--MOLLI PACKAGE EXPERIMENTAL XML FORMAT-->
<molecule name="el3109">
	<atoms>
		<a id="1" s="N" t="N.1" l="N"/>
		<a id="2" s="C" t="C.1" l="C"/>
		<a id="3" s="C" t="C.ar" l="C"/>
		<a id="4" s="C" t="C.ar" l="C"/>
		<a id="5" s="C" t="C.ar" l="C"/>
		<a id="6" s="C" t="C.ar" l="C"/>
		<a id="7" s="C" t="C.ar" l="C"/>
		<a id="8" s="C" t="C.ar" l="C"/>
		<a id="9" s="O" t="O.3" l="O"/>
		<a id="10" s="C" t="C.ar" l="C"/>
		<a id="11" s="C" t="C.ar" l="C"/>
		<a id="12" s="C" t="C.ar" l="C"/>
		<a id="13" s="C" t="C.ar" l="C"/>
		<a id="14" s="N" t="N.ar" l="N"/>
		<a id="15" s="C" t="C.ar" l="C"/>
		<a id="16" s="Cl" t="Cl" l="CL"/>
		<a id="17" s="H" t="H" l="H"/>
		<a id="18" s="H" t="H" l="H"/>
		<a id="19" s="H" t="H" l="H"/>
		<a id="20" s="H" t="H" l="H"/>
		<a id="21" s="H" t="H" l="H"/>
		<a id="22" s="H" t="H" l="H"/>
		<a id="23" s="H" t="H" l="H"/>
	</atoms>
	<bonds>
		<b id="1" c="1 2" t="3"/>
		<b id="2" c="2 3" t="1"/>
		<b id="3" c="3 4" t="ar"/>
		<b id="4" c="4 5" t="ar"/>
		<b id="5" c="5 6" t="ar"/>
		<b id="6" c="6 7" t="ar"/>
		<b id="7" c="7 8" t="ar"/>
		<b id="8" c="3 8" t="ar"/>
		<b id="9" c="8 9" t="1"/>
		<b id="10" c="9 10" t="1"/>
		<b id="11" c="10 11" t="ar"/>
		<b id="12" c="11 12" t="ar"/>
		<b id="13" c="12 13" t="ar"/>
		<b id="14" c="13 14" t="ar"/>
		<b id="15" c="14 15" t="ar"/>
		<b id="16" c="10 15" t="ar"/>
		<b id="17" c="15 16" t="1"/>
		<b id="18" c="4 17" t="1"/>
		<b id="19" c="5 18" t="1"/>
		<b id="20" c="6 19" t="1"/>
		<b id="21" c="7 20" t="1"/>
		<b id="22" c="11 21" t="1"/>
		<b id="23" c="12 22" t="1"/>
		<b id="24" c="13 23" t="1"/>
	</bonds>
	<geometry>
		<g u="A" t="cart/3d">#23,3:-2.9368,-0.4271,-0.6304;-1.8175,-0.2584,-0.4439;-0.4264,-0.1184,-0.2379;0.3641,-1.2705,-0.2800;1.7326,-1.1879,-0.1316;2.3328,0.0505,0.0500;1.5659,1.1977,0.1001;0.1821,1.1302,-0.0327;-0.4912,2.3157,-0.0362;-1.7623,2.4013,0.4499;-2.2050,1.7336,1.5855;-3.5006,1.9465,2.0288;-4.3044,2.8276,1.3261;-3.8833,3.4884,0.2607;-2.6601,3.2863,-0.1647;-2.1571,4.1657,-1.5486;-0.1194,-2.2231,-0.4377;2.3326,-2.0836,-0.1645;3.4043,0.1214,0.1575;2.0161,2.1680,0.2383;-1.5407,1.0612,2.1103;-3.8695,1.4352,2.9029;-5.3243,3.0280,1.6196;</g>
	</geometry>
	<conformers/>
	<properties/>
</molecule>
