<?xml version="1.0" ?>
<!--MOLLI PACKAGE EXPERIMENTAL XML FORMAT-->
<molecule name="el3011">
	<atoms>
		<a id="1" s="C" t="C.3" l="C"/>
		<a id="2" s="O" t="O.3" l="O"/>
		<a id="3" s="C" t="C.ar" l="C"/>
		<a id="4" s="C" t="C.ar" l="C"/>
		<a id="5" s="C" t="C.ar" l="C"/>
		<a id="6" s="C" t="C.ar" l="C"/>
		<a id="7" s="C" t="C.ar" l="C"/>
		<a id="8" s="N" t="N.pl3" l="N"/>
		<a id="9" s="C" t="C.ar" l="C"/>
		<a id="10" s="Cl" t="Cl" l="CL"/>
		<a id="11" s="H" t="H" l="H"/>
		<a id="12" s="H" t="H" l="H"/>
		<a id="13" s="H" t="H" l="H"/>
		<a id="14" s="H" t="H" l="H"/>
		<a id="15" s="H" t="H" l="H"/>
		<a id="16" s="H" t="H" l="H"/>
		<a id="17" s="H" t="H" l="H"/>
		<a id="18" s="H" t="H" l="H"/>
	</atoms>
	<bonds>
		<b id="1" c="1 2" t="1"/>
		<b id="2" c="2 3" t="1"/>
		<b id="3" c="3 4" t="ar"/>
		<b id="4" c="4 5" t="ar"/>
		<b id="5" c="5 6" t="ar"/>
		<b id="6" c="6 7" t="ar"/>
		<b id="7" c="7 8" t="1"/>
		<b id="8" c="7 9" t="ar"/>
		<b id="9" c="3 9" t="ar"/>
		<b id="10" c="9 10" t="1"/>
		<b id="11" c="1 11" t="1"/>
		<b id="12" c="1 12" t="1"/>
		<b id="13" c="1 13" t="1"/>
		<b id="14" c="4 14" t="1"/>
		<b id="15" c="5 15" t="1"/>
		<b id="16" c="6 16" t="1"/>
		<b id="17" c="8 17" t="1"/>
		<b id="18" c="8 18" t="1"/>
	</bonds>
	<geometry>
		<g u="A" t="cart/3d">#18,3:1.2735,0.6415,-0.5177;2.3247,-0.1324,0.0029;2.9986,-0.9613,-0.8401;2.7388,-1.1096,-2.1981;3.5052,-1.9850,-2.9508;4.5223,-2.7179,-2.3806;4.8052,-2.5953,-1.0168;5.7648,-3.3663,-0.4149;4.0312,-1.7064,-0.2703;4.3568,-1.5020,1.4228;0.8877,1.2150,0.3239;0.4745,0.0129,-0.9239;1.6263,1.3293,-1.2930;1.9496,-0.5501,-2.6720;3.2981,-2.0905,-4.0050;5.1109,-3.3983,-2.9765;6.4818,-3.7506,-1.0058;6.0551,-3.0684,0.5033;</g>
	</geometry>
	<conformers/>
	<properties/>
</molecule>
