<?xml version="1.0" ?>
<!--MOLLI PACKAGE EXPERIMENTAL XML FORMAT-->
<molecule name="el3110">
	<atoms>
		<a id="1" s="C" t="C.3" l="C"/>
		<a id="2" s="C" t="C.3" l="C"/>
		<a id="3" s="C" t="C.3" l="C"/>
		<a id="4" s="C" t="C.3" l="C"/>
		<a id="5" s="O" t="O.3" l="O"/>
		<a id="6" s="C" t="C.2" l="C"/>
		<a id="7" s="O" t="O.2" l="O"/>
		<a id="8" s="N" t="N.am" l="N"/>
		<a id="9" s="C" t="C.3" l="C"/>
		<a id="10" s="C" t="C.3" l="C"/>
		<a id="11" s="C" t="C.3" l="C"/>
		<a id="12" s="C" t="C.3" l="C"/>
		<a id="13" s="C" t="C.3" l="C"/>
		<a id="14" s="C" t="C.ar" l="C"/>
		<a id="15" s="C" t="C.ar" l="C"/>
		<a id="16" s="C" t="C.ar" l="C"/>
		<a id="17" s="C" t="C.ar" l="C"/>
		<a id="18" s="C" t="C.ar" l="C"/>
		<a id="19" s="C" t="C.ar" l="C"/>
		<a id="20" s="N" t="N.ar" l="N"/>
		<a id="21" s="C" t="C.ar" l="C"/>
		<a id="22" s="Cl" t="Cl" l="CL"/>
		<a id="23" s="N" t="N.ar" l="N"/>
		<a id="24" s="C" t="C.ar" l="C"/>
		<a id="25" s="C" t="C.ar" l="C"/>
		<a id="26" s="C" t="C.ar" l="C"/>
		<a id="27" s="H" t="H" l="H"/>
		<a id="28" s="H" t="H" l="H"/>
		<a id="29" s="H" t="H" l="H"/>
		<a id="30" s="H" t="H" l="H"/>
		<a id="31" s="H" t="H" l="H"/>
		<a id="32" s="H" t="H" l="H"/>
		<a id="33" s="H" t="H" l="H"/>
		<a id="34" s="H" t="H" l="H"/>
		<a id="35" s="H" t="H" l="H"/>
		<a id="36" s="H" t="H" l="H"/>
		<a id="37" s="H" t="H" l="H"/>
		<a id="38" s="H" t="H" l="H"/>
		<a id="39" s="H" t="H" l="H"/>
		<a id="40" s="H" t="H" l="H"/>
		<a id="41" s="H" t="H" l="H"/>
		<a id="42" s="H" t="H" l="H"/>
		<a id="43" s="H" t="H" l="H"/>
		<a id="44" s="H" t="H" l="H"/>
		<a id="45" s="H" t="H" l="H"/>
		<a id="46" s="H" t="H" l="H"/>
		<a id="47" s="H" t="H" l="H"/>
		<a id="48" s="H" t="H" l="H"/>
		<a id="49" s="H" t="H" l="H"/>
		<a id="50" s="H" t="H" l="H"/>
	</atoms>
	<bonds>
		<b id="1" c="1 2" t="1"/>
		<b id="2" c="2 3" t="1"/>
		<b id="3" c="2 4" t="1"/>
		<b id="4" c="2 5" t="1"/>
		<b id="5" c="5 6" t="1"/>
		<b id="6" c="6 7" t="2"/>
		<b id="7" c="6 8" t="am"/>
		<b id="8" c="8 9" t="1"/>
		<b id="9" c="9 10" t="1"/>
		<b id="10" c="10 11" t="1"/>
		<b id="11" c="11 12" t="1"/>
		<b id="12" c="12 13" t="1"/>
		<b id="13" c="13 14" t="1"/>
		<b id="14" c="14 15" t="ar"/>
		<b id="15" c="15 16" t="ar"/>
		<b id="16" c="16 17" t="1"/>
		<b id="17" c="17 18" t="ar"/>
		<b id="18" c="18 19" t="ar"/>
		<b id="19" c="19 20" t="ar"/>
		<b id="20" c="20 21" t="ar"/>
		<b id="21" c="21 22" t="1"/>
		<b id="22" c="21 23" t="ar"/>
		<b id="23" c="17 23" t="ar"/>
		<b id="24" c="16 24" t="ar"/>
		<b id="25" c="24 25" t="ar"/>
		<b id="26" c="25 26" t="ar"/>
		<b id="27" c="14 26" t="ar"/>
		<b id="28" c="9 26" t="1"/>
		<b id="29" c="1 27" t="1"/>
		<b id="30" c="1 28" t="1"/>
		<b id="31" c="1 29" t="1"/>
		<b id="32" c="3 30" t="1"/>
		<b id="33" c="3 31" t="1"/>
		<b id="34" c="3 32" t="1"/>
		<b id="35" c="4 33" t="1"/>
		<b id="36" c="4 34" t="1"/>
		<b id="37" c="4 35" t="1"/>
		<b id="38" c="8 36" t="1"/>
		<b id="39" c="9 37" t="1"/>
		<b id="40" c="10 38" t="1"/>
		<b id="41" c="10 39" t="1"/>
		<b id="42" c="11 40" t="1"/>
		<b id="43" c="11 41" t="1"/>
		<b id="44" c="12 42" t="1"/>
		<b id="45" c="12 43" t="1"/>
		<b id="46" c="13 44" t="1"/>
		<b id="47" c="13 45" t="1"/>
		<b id="48" c="15 46" t="1"/>
		<b id="49" c="18 47" t="1"/>
		<b id="50" c="19 48" t="1"/>
		<b id="51" c="24 49" t="1"/>
		<b id="52" c="25 50" t="1"/>
	</bonds>
	<geometry>
		<g u="A" t="cart/3d">#50,3:2.9612,0.5862,-0.9447;2.7228,-0.2562,0.3085;3.1793,0.4877,1.5631;1.2471,-0.6415,0.4216;3.4104,-1.5252,0.1967;4.7521,-1.5625,0.0734;5.5037,-0.6179,0.0611;5.1517,-2.8495,-0.0425;6.5524,-3.2009,-0.1862;7.0811,-2.8860,-1.6000;6.2087,-3.3932,-2.7424;6.1605,-4.9130,-2.8617;5.4251,-5.5886,-1.7004;6.2782,-5.7262,-0.4699;6.5908,-7.0028,-0.0294;7.3979,-7.2321,1.0836;7.6913,-8.6117,1.4728;8.2419,-8.9763,2.7076;8.4719,-10.3235,2.9204;8.1872,-11.2484,2.0150;7.6590,-10.8014,0.8923;7.2697,-11.9776,-0.2827;7.3988,-9.5558,0.5735;7.9076,-6.1328,1.7701;7.6039,-4.8582,1.3372;6.7973,-4.6294,0.2267;2.3749,1.4990,-0.8897;2.6656,0.0293,-1.8316;4.0131,0.8453,-1.0260;2.5978,1.3976,1.6812;4.2311,0.7471,1.4814;3.0380,-0.1391,2.4412;0.6363,0.2519,0.5091;1.0910,-1.2662,1.2971;0.9380,-1.1983,-0.4592;4.4565,-3.5735,0.0173;7.1037,-2.5431,0.4997;8.0875,-3.3008,-1.6851;7.1516,-1.7999,-1.6780;6.6033,-2.9830,-3.6751;5.1951,-3.0052,-2.6190;7.1753,-5.3114,-2.9273;5.6437,-5.1681,-3.7896;5.1194,-6.5888,-2.0133;4.5152,-5.0241,-1.4849;6.2097,-7.8641,-0.5563;8.4692,-8.2509,3.4693;8.8981,-10.6935,3.8434;8.5551,-6.2606,2.6233;8.0094,-4.0113,1.8716;</g>
	</geometry>
	<conformers/>
	<properties/>
</molecule>
