<?xml version="1.0" ?>
<!--MOLLI PACKAGE EXPERIMENTAL XML FORMAT-->
<molecule name="el3112">
	<atoms>
		<a id="1" s="Cl" t="Cl" l="CL"/>
		<a id="2" s="C" t="C.ar" l="C"/>
		<a id="3" s="C" t="C.ar" l="C"/>
		<a id="4" s="C" t="C.ar" l="C"/>
		<a id="5" s="O" t="O.3" l="O"/>
		<a id="6" s="C" t="C.ar" l="C"/>
		<a id="7" s="C" t="C.ar" l="C"/>
		<a id="8" s="N" t="N.ar" l="N"/>
		<a id="9" s="C" t="C.3" l="C"/>
		<a id="10" s="C" t="C.3" l="C"/>
		<a id="11" s="C" t="C.3" l="C"/>
		<a id="12" s="N" t="N.ar" l="N"/>
		<a id="13" s="C" t="C.ar" l="C"/>
		<a id="14" s="C" t="C.3" l="C"/>
		<a id="15" s="C" t="C.3" l="C"/>
		<a id="16" s="C" t="C.3" l="C"/>
		<a id="17" s="O" t="O.3" l="O"/>
		<a id="18" s="C" t="C.3" l="C"/>
		<a id="19" s="C" t="C.3" l="C"/>
		<a id="20" s="C" t="C.ar" l="C"/>
		<a id="21" s="C" t="C.ar" l="C"/>
		<a id="22" s="N" t="N.ar" l="N"/>
		<a id="23" s="H" t="H" l="H"/>
		<a id="24" s="H" t="H" l="H"/>
		<a id="25" s="H" t="H" l="H"/>
		<a id="26" s="H" t="H" l="H"/>
		<a id="27" s="H" t="H" l="H"/>
		<a id="28" s="H" t="H" l="H"/>
		<a id="29" s="H" t="H" l="H"/>
		<a id="30" s="H" t="H" l="H"/>
		<a id="31" s="H" t="H" l="H"/>
		<a id="32" s="H" t="H" l="H"/>
		<a id="33" s="H" t="H" l="H"/>
		<a id="34" s="H" t="H" l="H"/>
		<a id="35" s="H" t="H" l="H"/>
		<a id="36" s="H" t="H" l="H"/>
		<a id="37" s="H" t="H" l="H"/>
		<a id="38" s="H" t="H" l="H"/>
		<a id="39" s="H" t="H" l="H"/>
		<a id="40" s="H" t="H" l="H"/>
	</atoms>
	<bonds>
		<b id="1" c="1 2" t="1"/>
		<b id="2" c="2 3" t="ar"/>
		<b id="3" c="3 4" t="ar"/>
		<b id="4" c="4 5" t="1"/>
		<b id="5" c="5 6" t="1"/>
		<b id="6" c="6 7" t="ar"/>
		<b id="7" c="7 8" t="ar"/>
		<b id="8" c="8 9" t="1"/>
		<b id="9" c="9 10" t="1"/>
		<b id="10" c="10 11" t="1"/>
		<b id="11" c="9 11" t="1"/>
		<b id="12" c="8 12" t="ar"/>
		<b id="13" c="12 13" t="ar"/>
		<b id="14" c="6 13" t="ar"/>
		<b id="15" c="13 14" t="1"/>
		<b id="16" c="14 15" t="1"/>
		<b id="17" c="15 16" t="1"/>
		<b id="18" c="16 17" t="1"/>
		<b id="19" c="17 18" t="1"/>
		<b id="20" c="18 19" t="1"/>
		<b id="21" c="14 19" t="1"/>
		<b id="22" c="4 20" t="ar"/>
		<b id="23" c="20 21" t="ar"/>
		<b id="24" c="21 22" t="ar"/>
		<b id="25" c="2 22" t="ar"/>
		<b id="26" c="3 23" t="1"/>
		<b id="27" c="7 24" t="1"/>
		<b id="28" c="9 25" t="1"/>
		<b id="29" c="10 26" t="1"/>
		<b id="30" c="10 27" t="1"/>
		<b id="31" c="11 28" t="1"/>
		<b id="32" c="11 29" t="1"/>
		<b id="33" c="14 30" t="1"/>
		<b id="34" c="15 31" t="1"/>
		<b id="35" c="15 32" t="1"/>
		<b id="36" c="16 33" t="1"/>
		<b id="37" c="16 34" t="1"/>
		<b id="38" c="18 35" t="1"/>
		<b id="39" c="18 36" t="1"/>
		<b id="40" c="19 37" t="1"/>
		<b id="41" c="19 38" t="1"/>
		<b id="42" c="20 39" t="1"/>
		<b id="43" c="21 40" t="1"/>
	</bonds>
	<geometry>
		<g u="A" t="cart/3d">#40,3:-1.4820,-0.3407,1.6553;0.2034,-0.0239,1.5159;0.6172,1.2217,1.0711;1.9893,1.4415,0.9784;2.5574,2.5879,0.5531;1.7970,3.7211,0.3898;0.9129,4.3122,1.2742;0.4888,5.4455,0.6809;-0.4316,6.3905,1.2098;-1.2766,7.1799,0.2551;-0.1643,7.8525,0.9973;1.0464,5.6188,-0.5114;1.8478,4.5872,-0.7221;2.6485,4.4407,-1.9711;2.2756,3.1577,-2.7253;3.1672,3.0175,-3.9591;4.5343,2.9943,-3.6214;4.9290,4.1743,-2.9607;4.1506,4.3950,-1.6638;2.8553,0.3950,1.3173;2.3094,-0.7959,1.7441;1.0056,-1.0092,1.8519;-0.1018,1.9755,0.7966;0.5796,4.0103,2.2465;-0.8536,6.0582,2.1491;-2.2973,7.3917,0.5318;-1.1215,6.9843,-0.7937;-0.4033,8.5355,1.7972;0.7225,8.1038,0.4379;2.4321,5.3083,-2.6039;1.2278,3.1817,-3.0281;2.4347,2.2957,-2.0751;2.9684,3.8507,-4.6530;2.9729,2.0744,-4.4745;4.7851,5.0401,-3.6280;5.9961,4.0576,-2.7591;4.4726,5.3260,-1.1952;4.3502,3.5697,-0.9787;3.9201,0.5381,1.2399;2.9358,-1.6319,2.0213;</g>
	</geometry>
	<conformers/>
	<properties/>
</molecule>
