<?xml version="1.0" ?>
<!--MOLLI PACKAGE EXPERIMENTAL XML FORMAT-->
<molecule name="el3113">
	<atoms>
		<a id="1" s="C" t="C.3" l="C"/>
		<a id="2" s="C" t="C.ar" l="C"/>
		<a id="3" s="C" t="C.ar" l="C"/>
		<a id="4" s="C" t="C.ar" l="C"/>
		<a id="5" s="C" t="C.ar" l="C"/>
		<a id="6" s="N" t="N.ar" l="N"/>
		<a id="7" s="N" t="N.ar" l="N"/>
		<a id="8" s="C" t="C.3" l="C"/>
		<a id="9" s="C" t="C.ar" l="C"/>
		<a id="10" s="C" t="C.ar" l="C"/>
		<a id="11" s="C" t="C.ar" l="C"/>
		<a id="12" s="C" t="C.ar" l="C"/>
		<a id="13" s="C" t="C.ar" l="C"/>
		<a id="14" s="C" t="C.ar" l="C"/>
		<a id="15" s="C" t="C.ar" l="C"/>
		<a id="16" s="C" t="C.ar" l="C"/>
		<a id="17" s="C" t="C.ar" l="C"/>
		<a id="18" s="C" t="C.ar" l="C"/>
		<a id="19" s="C" t="C.ar" l="C"/>
		<a id="20" s="C" t="C.ar" l="C"/>
		<a id="21" s="C" t="C.ar" l="C"/>
		<a id="22" s="C" t="C.ar" l="C"/>
		<a id="23" s="C" t="C.ar" l="C"/>
		<a id="24" s="C" t="C.ar" l="C"/>
		<a id="25" s="C" t="C.ar" l="C"/>
		<a id="26" s="C" t="C.ar" l="C"/>
		<a id="27" s="C" t="C.ar" l="C"/>
		<a id="28" s="N" t="N.ar" l="N"/>
		<a id="29" s="C" t="C.ar" l="C"/>
		<a id="30" s="Cl" t="Cl" l="CL"/>
		<a id="31" s="N" t="N.ar" l="N"/>
		<a id="32" s="C" t="C.ar" l="C"/>
		<a id="33" s="C" t="C.ar" l="C"/>
		<a id="34" s="C" t="C.ar" l="C"/>
		<a id="35" s="C" t="C.ar" l="C"/>
		<a id="36" s="N" t="N.ar" l="N"/>
		<a id="37" s="H" t="H" l="H"/>
		<a id="38" s="H" t="H" l="H"/>
		<a id="39" s="H" t="H" l="H"/>
		<a id="40" s="H" t="H" l="H"/>
		<a id="41" s="H" t="H" l="H"/>
		<a id="42" s="H" t="H" l="H"/>
		<a id="43" s="H" t="H" l="H"/>
		<a id="44" s="H" t="H" l="H"/>
		<a id="45" s="H" t="H" l="H"/>
		<a id="46" s="H" t="H" l="H"/>
		<a id="47" s="H" t="H" l="H"/>
		<a id="48" s="H" t="H" l="H"/>
		<a id="49" s="H" t="H" l="H"/>
		<a id="50" s="H" t="H" l="H"/>
		<a id="51" s="H" t="H" l="H"/>
		<a id="52" s="H" t="H" l="H"/>
		<a id="53" s="H" t="H" l="H"/>
		<a id="54" s="H" t="H" l="H"/>
		<a id="55" s="H" t="H" l="H"/>
		<a id="56" s="H" t="H" l="H"/>
		<a id="57" s="H" t="H" l="H"/>
		<a id="58" s="H" t="H" l="H"/>
	</atoms>
	<bonds>
		<b id="1" c="1 2" t="1"/>
		<b id="2" c="2 3" t="ar"/>
		<b id="3" c="3 4" t="ar"/>
		<b id="4" c="4 5" t="1"/>
		<b id="5" c="5 6" t="ar"/>
		<b id="6" c="6 7" t="ar"/>
		<b id="7" c="7 8" t="1"/>
		<b id="8" c="8 9" t="1"/>
		<b id="9" c="9 10" t="ar"/>
		<b id="10" c="10 11" t="ar"/>
		<b id="11" c="11 12" t="ar"/>
		<b id="12" c="12 13" t="ar"/>
		<b id="13" c="13 14" t="ar"/>
		<b id="14" c="9 14" t="ar"/>
		<b id="15" c="8 15" t="1"/>
		<b id="16" c="15 16" t="ar"/>
		<b id="17" c="16 17" t="ar"/>
		<b id="18" c="17 18" t="ar"/>
		<b id="19" c="18 19" t="ar"/>
		<b id="20" c="19 20" t="ar"/>
		<b id="21" c="15 20" t="ar"/>
		<b id="22" c="8 21" t="1"/>
		<b id="23" c="21 22" t="ar"/>
		<b id="24" c="22 23" t="ar"/>
		<b id="25" c="23 24" t="ar"/>
		<b id="26" c="24 25" t="ar"/>
		<b id="27" c="25 26" t="ar"/>
		<b id="28" c="21 26" t="ar"/>
		<b id="29" c="7 27" t="ar"/>
		<b id="30" c="27 28" t="ar"/>
		<b id="31" c="28 29" t="ar"/>
		<b id="32" c="29 30" t="1"/>
		<b id="33" c="29 31" t="ar"/>
		<b id="34" c="31 32" t="ar"/>
		<b id="35" c="32 33" t="ar"/>
		<b id="36" c="5 33" t="ar"/>
		<b id="37" c="27 33" t="ar"/>
		<b id="38" c="4 34" t="ar"/>
		<b id="39" c="34 35" t="ar"/>
		<b id="40" c="35 36" t="ar"/>
		<b id="41" c="2 36" t="ar"/>
		<b id="42" c="1 37" t="1"/>
		<b id="43" c="1 38" t="1"/>
		<b id="44" c="1 39" t="1"/>
		<b id="45" c="3 40" t="1"/>
		<b id="46" c="10 41" t="1"/>
		<b id="47" c="11 42" t="1"/>
		<b id="48" c="12 43" t="1"/>
		<b id="49" c="13 44" t="1"/>
		<b id="50" c="14 45" t="1"/>
		<b id="51" c="16 46" t="1"/>
		<b id="52" c="17 47" t="1"/>
		<b id="53" c="18 48" t="1"/>
		<b id="54" c="19 49" t="1"/>
		<b id="55" c="20 50" t="1"/>
		<b id="56" c="22 51" t="1"/>
		<b id="57" c="23 52" t="1"/>
		<b id="58" c="24 53" t="1"/>
		<b id="59" c="25 54" t="1"/>
		<b id="60" c="26 55" t="1"/>
		<b id="61" c="32 56" t="1"/>
		<b id="62" c="34 57" t="1"/>
		<b id="63" c="35 58" t="1"/>
	</bonds>
	<geometry>
		<g u="A" t="cart/3d">#58,3:2.7078,-5.8672,0.0721;1.7844,-4.9357,0.7917;0.4866,-4.7135,0.3505;-0.3389,-3.8438,1.0634;-1.6951,-3.6049,0.6028;-2.2465,-4.3955,-0.2951;-3.4845,-3.9742,-0.5513;-4.4077,-4.6633,-1.4475;-3.8142,-6.0205,-1.8102;-4.4659,-7.2168,-1.5505;-3.8937,-8.4208,-1.9281;-2.6689,-8.4422,-2.5691;-2.0236,-7.2489,-2.8501;-2.5965,-6.0464,-2.4831;-5.7091,-4.7662,-0.6610;-6.9149,-4.2603,-1.1199;-8.0497,-4.3382,-0.3299;-7.9930,-4.9164,0.9249;-6.7902,-5.4191,1.3927;-5.6568,-5.3415,0.6065;-4.5715,-3.8995,-2.7541;-4.0434,-2.6358,-2.9675;-4.2135,-2.0018,-4.1878;-4.9105,-2.6225,-5.2075;-5.4364,-3.8881,-5.0041;-5.2648,-4.5226,-3.7891;-3.7786,-2.8892,0.1874;-4.9125,-2.1946,0.2043;-4.8863,-1.1766,1.0302;-6.3144,-0.2584,1.1292;-3.8775,-0.7646,1.7916;-2.7509,-1.4466,1.7660;-2.6277,-2.5840,0.9729;0.1807,-3.2402,2.2083;1.4885,-3.5276,2.5598;2.2712,-4.3418,1.8771;2.3353,-6.0951,-0.9227;2.7996,-6.7953,0.6353;3.6987,-5.4247,0.0047;0.1018,-5.2005,-0.5316;-5.4275,-7.2184,-1.0593;-4.4133,-9.3448,-1.7192;-2.2230,-9.3827,-2.8572;-1.0740,-7.2556,-3.3649;-2.0984,-5.1189,-2.7211;-6.9738,-3.7882,-2.0878;-8.9809,-3.9332,-0.6970;-8.8785,-4.9694,1.5406;-6.7321,-5.8675,2.3737;-4.7180,-5.7301,0.9789;-3.4925,-2.1279,-2.1904;-3.7959,-1.0169,-4.3372;-5.0416,-2.1255,-6.1570;-5.9796,-4.3839,-5.7950;-5.6697,-5.5125,-3.6348;-1.9553,-1.0525,2.3835;-0.4170,-2.5816,2.8163;1.9374,-3.0803,3.4377;</g>
	</geometry>
	<conformers/>
	<properties/>
</molecule>
