<?xml version="1.0" ?>
<!--MOLLI PACKAGE EXPERIMENTAL XML FORMAT-->
<molecule name="el3114">
	<atoms>
		<a id="1" s="C" t="C.3" l="C"/>
		<a id="2" s="N" t="N.ar" l="N"/>
		<a id="3" s="C" t="C.ar" l="C"/>
		<a id="4" s="C" t="C.ar" l="C"/>
		<a id="5" s="C" t="C.ar" l="C"/>
		<a id="6" s="N" t="N.ar" l="N"/>
		<a id="7" s="N" t="N.ar" l="N"/>
		<a id="8" s="C" t="C.3" l="C"/>
		<a id="9" s="C" t="C.ar" l="C"/>
		<a id="10" s="C" t="C.ar" l="C"/>
		<a id="11" s="C" t="C.ar" l="C"/>
		<a id="12" s="C" t="C.ar" l="C"/>
		<a id="13" s="C" t="C.ar" l="C"/>
		<a id="14" s="C" t="C.ar" l="C"/>
		<a id="15" s="C" t="C.ar" l="C"/>
		<a id="16" s="C" t="C.ar" l="C"/>
		<a id="17" s="C" t="C.ar" l="C"/>
		<a id="18" s="C" t="C.ar" l="C"/>
		<a id="19" s="C" t="C.ar" l="C"/>
		<a id="20" s="C" t="C.ar" l="C"/>
		<a id="21" s="C" t="C.ar" l="C"/>
		<a id="22" s="C" t="C.ar" l="C"/>
		<a id="23" s="C" t="C.ar" l="C"/>
		<a id="24" s="C" t="C.ar" l="C"/>
		<a id="25" s="C" t="C.ar" l="C"/>
		<a id="26" s="C" t="C.ar" l="C"/>
		<a id="27" s="C" t="C.ar" l="C"/>
		<a id="28" s="N" t="N.ar" l="N"/>
		<a id="29" s="C" t="C.ar" l="C"/>
		<a id="30" s="Cl" t="Cl" l="CL"/>
		<a id="31" s="N" t="N.ar" l="N"/>
		<a id="32" s="C" t="C.ar" l="C"/>
		<a id="33" s="C" t="C.ar" l="C"/>
		<a id="34" s="C" t="C.ar" l="C"/>
		<a id="35" s="N" t="N.ar" l="N"/>
		<a id="36" s="H" t="H" l="H"/>
		<a id="37" s="H" t="H" l="H"/>
		<a id="38" s="H" t="H" l="H"/>
		<a id="39" s="H" t="H" l="H"/>
		<a id="40" s="H" t="H" l="H"/>
		<a id="41" s="H" t="H" l="H"/>
		<a id="42" s="H" t="H" l="H"/>
		<a id="43" s="H" t="H" l="H"/>
		<a id="44" s="H" t="H" l="H"/>
		<a id="45" s="H" t="H" l="H"/>
		<a id="46" s="H" t="H" l="H"/>
		<a id="47" s="H" t="H" l="H"/>
		<a id="48" s="H" t="H" l="H"/>
		<a id="49" s="H" t="H" l="H"/>
		<a id="50" s="H" t="H" l="H"/>
		<a id="51" s="H" t="H" l="H"/>
		<a id="52" s="H" t="H" l="H"/>
		<a id="53" s="H" t="H" l="H"/>
		<a id="54" s="H" t="H" l="H"/>
		<a id="55" s="H" t="H" l="H"/>
		<a id="56" s="H" t="H" l="H"/>
	</atoms>
	<bonds>
		<b id="1" c="1 2" t="1"/>
		<b id="2" c="2 3" t="ar"/>
		<b id="3" c="3 4" t="ar"/>
		<b id="4" c="4 5" t="1"/>
		<b id="5" c="5 6" t="ar"/>
		<b id="6" c="6 7" t="ar"/>
		<b id="7" c="7 8" t="1"/>
		<b id="8" c="8 9" t="1"/>
		<b id="9" c="9 10" t="ar"/>
		<b id="10" c="10 11" t="ar"/>
		<b id="11" c="11 12" t="ar"/>
		<b id="12" c="12 13" t="ar"/>
		<b id="13" c="13 14" t="ar"/>
		<b id="14" c="9 14" t="ar"/>
		<b id="15" c="8 15" t="1"/>
		<b id="16" c="15 16" t="ar"/>
		<b id="17" c="16 17" t="ar"/>
		<b id="18" c="17 18" t="ar"/>
		<b id="19" c="18 19" t="ar"/>
		<b id="20" c="19 20" t="ar"/>
		<b id="21" c="15 20" t="ar"/>
		<b id="22" c="8 21" t="1"/>
		<b id="23" c="21 22" t="ar"/>
		<b id="24" c="22 23" t="ar"/>
		<b id="25" c="23 24" t="ar"/>
		<b id="26" c="24 25" t="ar"/>
		<b id="27" c="25 26" t="ar"/>
		<b id="28" c="21 26" t="ar"/>
		<b id="29" c="7 27" t="ar"/>
		<b id="30" c="27 28" t="ar"/>
		<b id="31" c="28 29" t="ar"/>
		<b id="32" c="29 30" t="1"/>
		<b id="33" c="29 31" t="ar"/>
		<b id="34" c="31 32" t="ar"/>
		<b id="35" c="32 33" t="ar"/>
		<b id="36" c="5 33" t="ar"/>
		<b id="37" c="27 33" t="ar"/>
		<b id="38" c="4 34" t="ar"/>
		<b id="39" c="34 35" t="ar"/>
		<b id="40" c="2 35" t="ar"/>
		<b id="41" c="1 36" t="1"/>
		<b id="42" c="1 37" t="1"/>
		<b id="43" c="1 38" t="1"/>
		<b id="44" c="3 39" t="1"/>
		<b id="45" c="10 40" t="1"/>
		<b id="46" c="11 41" t="1"/>
		<b id="47" c="12 42" t="1"/>
		<b id="48" c="13 43" t="1"/>
		<b id="49" c="14 44" t="1"/>
		<b id="50" c="16 45" t="1"/>
		<b id="51" c="17 46" t="1"/>
		<b id="52" c="18 47" t="1"/>
		<b id="53" c="19 48" t="1"/>
		<b id="54" c="20 49" t="1"/>
		<b id="55" c="22 50" t="1"/>
		<b id="56" c="23 51" t="1"/>
		<b id="57" c="24 52" t="1"/>
		<b id="58" c="25 53" t="1"/>
		<b id="59" c="26 54" t="1"/>
		<b id="60" c="32 55" t="1"/>
		<b id="61" c="34 56" t="1"/>
	</bonds>
	<geometry>
		<g u="A" t="cart/3d">#56,3:1.6550,2.0330,-3.2228;1.7847,0.7024,-2.7043;2.7492,0.2217,-1.9061;2.4388,-1.1073,-1.6503;3.1972,-2.0216,-0.8434;4.3268,-1.6528,-0.2763;4.8270,-2.6896,0.4118;6.0432,-2.6146,1.2147;6.4353,-1.1488,1.3719;6.5592,-0.5360,2.6097;6.9439,0.7919,2.6980;7.2112,1.5199,1.5535;7.1095,0.9069,0.3158;6.7348,-0.4200,0.2255;5.6831,-3.2790,2.5383;6.3886,-4.3473,3.0683;5.9772,-4.9363,4.2523;4.8583,-4.4694,4.9169;4.1457,-3.4044,4.3915;4.5545,-2.8159,3.2104;7.2041,-3.3060,0.5128;8.4833,-3.1309,1.0352;9.5765,-3.7281,0.4377;9.4102,-4.5055,-0.6968;8.1443,-4.6776,-1.2252;7.0468,-4.0817,-0.6252;4.0205,-3.7587,0.3108;4.1754,-4.9624,0.8578;3.1947,-5.7873,0.5813;3.3207,-7.3436,1.2608;2.1132,-5.5664,-0.1579;1.9655,-4.3771,-0.7096;2.9165,-3.3846,-0.5120;1.2396,-1.3173,-2.3618;0.8670,-0.2198,-2.9849;2.5969,2.5640,-3.1010;0.8644,2.5715,-2.6952;1.3915,1.9836,-4.2792;3.5776,0.8075,-1.5655;6.3638,-1.0912,3.5154;7.0359,1.2552,3.6697;7.5057,2.5565,1.6254;7.3307,1.4635,-0.5834;6.6700,-0.8950,-0.7410;7.2526,-4.7374,2.5535;6.5314,-5.7733,4.6501;4.5368,-4.9362,5.8360;3.2667,-3.0342,4.8986;3.9910,-1.9879,2.8010;8.6171,-2.5212,1.9172;10.5613,-3.5850,0.8577;10.2632,-4.9723,-1.1662;8.0040,-5.2796,-2.1108;6.0705,-4.2331,-1.0594;1.0733,-4.2430,-1.3053;0.6510,-2.2079,-2.4440;</g>
	</geometry>
	<conformers/>
	<properties/>
</molecule>
