<?xml version="1.0" ?>
<!--MOLLI PACKAGE EXPERIMENTAL XML FORMAT-->
<molecule name="el3116">
	<atoms>
		<a id="1" s="C" t="C.3" l="C"/>
		<a id="2" s="C" t="C.3" l="C"/>
		<a id="3" s="C" t="C.3" l="C"/>
		<a id="4" s="C" t="C.3" l="C"/>
		<a id="5" s="O" t="O.3" l="O"/>
		<a id="6" s="C" t="C.2" l="C"/>
		<a id="7" s="O" t="O.2" l="O"/>
		<a id="8" s="N" t="N.am" l="N"/>
		<a id="9" s="C" t="C.3" l="C"/>
		<a id="10" s="C" t="C.3" l="C"/>
		<a id="11" s="C" t="C.3" l="C"/>
		<a id="12" s="C" t="C.3" l="C"/>
		<a id="13" s="C" t="C.ar" l="C"/>
		<a id="14" s="C" t="C.ar" l="C"/>
		<a id="15" s="C" t="C.ar" l="C"/>
		<a id="16" s="C" t="C.ar" l="C"/>
		<a id="17" s="C" t="C.ar" l="C"/>
		<a id="18" s="N" t="N.ar" l="N"/>
		<a id="19" s="C" t="C.ar" l="C"/>
		<a id="20" s="Cl" t="Cl" l="CL"/>
		<a id="21" s="C" t="C.ar" l="C"/>
		<a id="22" s="C" t="C.ar" l="C"/>
		<a id="23" s="N" t="N.ar" l="N"/>
		<a id="24" s="C" t="C.3" l="C"/>
		<a id="25" s="C" t="C.3" l="C"/>
		<a id="26" s="H" t="H" l="H"/>
		<a id="27" s="H" t="H" l="H"/>
		<a id="28" s="H" t="H" l="H"/>
		<a id="29" s="H" t="H" l="H"/>
		<a id="30" s="H" t="H" l="H"/>
		<a id="31" s="H" t="H" l="H"/>
		<a id="32" s="H" t="H" l="H"/>
		<a id="33" s="H" t="H" l="H"/>
		<a id="34" s="H" t="H" l="H"/>
		<a id="35" s="H" t="H" l="H"/>
		<a id="36" s="H" t="H" l="H"/>
		<a id="37" s="H" t="H" l="H"/>
		<a id="38" s="H" t="H" l="H"/>
		<a id="39" s="H" t="H" l="H"/>
		<a id="40" s="H" t="H" l="H"/>
		<a id="41" s="H" t="H" l="H"/>
		<a id="42" s="H" t="H" l="H"/>
		<a id="43" s="H" t="H" l="H"/>
		<a id="44" s="H" t="H" l="H"/>
		<a id="45" s="H" t="H" l="H"/>
		<a id="46" s="H" t="H" l="H"/>
		<a id="47" s="H" t="H" l="H"/>
		<a id="48" s="H" t="H" l="H"/>
		<a id="49" s="H" t="H" l="H"/>
	</atoms>
	<bonds>
		<b id="1" c="1 2" t="1"/>
		<b id="2" c="2 3" t="1"/>
		<b id="3" c="2 4" t="1"/>
		<b id="4" c="2 5" t="1"/>
		<b id="5" c="5 6" t="1"/>
		<b id="6" c="6 7" t="2"/>
		<b id="7" c="6 8" t="am"/>
		<b id="8" c="8 9" t="1"/>
		<b id="9" c="9 10" t="1"/>
		<b id="10" c="10 11" t="1"/>
		<b id="11" c="11 12" t="1"/>
		<b id="12" c="12 13" t="1"/>
		<b id="13" c="13 14" t="ar"/>
		<b id="14" c="14 15" t="ar"/>
		<b id="15" c="15 16" t="ar"/>
		<b id="16" c="16 17" t="ar"/>
		<b id="17" c="17 18" t="ar"/>
		<b id="18" c="18 19" t="ar"/>
		<b id="19" c="19 20" t="1"/>
		<b id="20" c="19 21" t="ar"/>
		<b id="21" c="21 22" t="ar"/>
		<b id="22" c="16 22" t="ar"/>
		<b id="23" c="22 23" t="ar"/>
		<b id="24" c="13 23" t="ar"/>
		<b id="25" c="11 24" t="1"/>
		<b id="26" c="24 25" t="1"/>
		<b id="27" c="8 25" t="1"/>
		<b id="28" c="1 26" t="1"/>
		<b id="29" c="1 27" t="1"/>
		<b id="30" c="1 28" t="1"/>
		<b id="31" c="3 29" t="1"/>
		<b id="32" c="3 30" t="1"/>
		<b id="33" c="3 31" t="1"/>
		<b id="34" c="4 32" t="1"/>
		<b id="35" c="4 33" t="1"/>
		<b id="36" c="4 34" t="1"/>
		<b id="37" c="9 35" t="1"/>
		<b id="38" c="9 36" t="1"/>
		<b id="39" c="10 37" t="1"/>
		<b id="40" c="10 38" t="1"/>
		<b id="41" c="11 39" t="1"/>
		<b id="42" c="12 40" t="1"/>
		<b id="43" c="12 41" t="1"/>
		<b id="44" c="14 42" t="1"/>
		<b id="45" c="15 43" t="1"/>
		<b id="46" c="17 44" t="1"/>
		<b id="47" c="21 45" t="1"/>
		<b id="48" c="24 46" t="1"/>
		<b id="49" c="24 47" t="1"/>
		<b id="50" c="25 48" t="1"/>
		<b id="51" c="25 49" t="1"/>
	</bonds>
	<geometry>
		<g u="A" t="cart/3d">#49,3:3.8402,1.5664,-0.4037;2.8319,0.4195,-0.4683;2.3769,0.0099,0.9324;1.6278,0.8155,-1.3255;3.3953,-0.7160,-1.1645;4.4833,-1.3410,-0.6705;5.0996,-1.0052,0.3168;4.8131,-2.4241,-1.4129;5.9754,-3.2107,-1.0631;6.9813,-3.2199,-2.2119;6.3422,-3.6988,-3.5194;6.0035,-5.2019,-3.4928;7.2351,-6.0254,-3.2822;8.1092,-6.2918,-4.3649;9.2429,-7.0206,-4.1468;9.5133,-7.4829,-2.8414;10.6431,-8.2393,-2.4741;10.8699,-8.6481,-1.2570;9.9874,-8.3363,-0.3044;10.3802,-8.9151,1.2659;8.8408,-7.6112,-0.5098;8.5774,-7.1615,-1.8185;7.4640,-6.4465,-2.0657;5.0960,-2.8520,-3.8008;4.1310,-2.8453,-2.6131;3.3716,2.4404,0.0400;4.1840,1.8190,-1.4049;4.6957,1.2765,0.1998;1.8782,0.8455,1.4152;3.2341,-0.2855,1.5308;1.6851,-0.8278,0.8702;1.1206,1.6666,-0.8814;0.9310,-0.0158,-1.3964;1.9539,1.0800,-2.3282;5.6663,-4.2339,-0.8258;6.4177,-2.7638,-0.1717;7.8212,-3.8601,-1.9416;7.3586,-2.2057,-2.3583;7.0605,-3.5382,-4.3329;5.5392,-5.4723,-4.4436;5.3088,-5.4169,-2.6839;7.8636,-5.9193,-5.3478;9.9337,-7.2499,-4.9460;11.3843,-8.5144,-3.2138;8.1540,-7.3801,0.2864;4.5752,-3.2219,-4.6857;5.4108,-1.8251,-3.9977;3.7218,-3.8502,-2.4540;3.3042,-2.1633,-2.8062;</g>
	</geometry>
	<conformers/>
	<properties/>
</molecule>
