<?xml version="1.0" ?>
<!--MOLLI PACKAGE EXPERIMENTAL XML FORMAT-->
<molecule name="el3120">
	<atoms>
		<a id="1" s="F" t="F" l="F"/>
		<a id="2" s="C" t="C.3" l="C"/>
		<a id="3" s="F" t="F" l="F"/>
		<a id="4" s="F" t="F" l="F"/>
		<a id="5" s="C" t="C.ar" l="C"/>
		<a id="6" s="C" t="C.ar" l="C"/>
		<a id="7" s="C" t="C.ar" l="C"/>
		<a id="8" s="N" t="N.ar" l="N"/>
		<a id="9" s="C" t="C.ar" l="C"/>
		<a id="10" s="Cl" t="Cl" l="CL"/>
		<a id="11" s="N" t="N.ar" l="N"/>
		<a id="12" s="H" t="H" l="H"/>
		<a id="13" s="H" t="H" l="H"/>
	</atoms>
	<bonds>
		<b id="1" c="1 2" t="1"/>
		<b id="2" c="2 3" t="1"/>
		<b id="3" c="2 4" t="1"/>
		<b id="4" c="2 5" t="1"/>
		<b id="5" c="5 6" t="ar"/>
		<b id="6" c="6 7" t="ar"/>
		<b id="7" c="7 8" t="ar"/>
		<b id="8" c="8 9" t="ar"/>
		<b id="9" c="9 10" t="1"/>
		<b id="10" c="9 11" t="ar"/>
		<b id="11" c="5 11" t="ar"/>
		<b id="12" c="6 12" t="1"/>
		<b id="13" c="7 13" t="1"/>
	</bonds>
	<geometry>
		<g u="A" t="cart/3d">#13,3:2.1028,-1.2076,0.5966;2.3386,0.0034,0.0694;1.1941,0.6871,0.1472;3.2208,0.6068,0.8712;2.8460,-0.0948,-1.3569;3.0551,-1.3152,-1.9832;3.5251,-1.2372,-3.2918;3.7541,-0.0859,-3.8916;3.5177,1.0130,-3.1953;3.8121,2.4923,-3.9598;3.0735,1.0650,-1.9512;2.8661,-2.2530,-1.4899;3.7244,-2.1222,-3.8802;</g>
	</geometry>
	<conformers/>
	<properties/>
</molecule>
