<?xml version="1.0" ?>
<!--MOLLI PACKAGE EXPERIMENTAL XML FORMAT-->
<molecule name="el3122">
	<atoms>
		<a id="1" s="O" t="O.3" l="O"/>
		<a id="2" s="C" t="C.ar" l="C"/>
		<a id="3" s="C" t="C.ar" l="C"/>
		<a id="4" s="C" t="C.ar" l="C"/>
		<a id="5" s="C" t="C.ar" l="C"/>
		<a id="6" s="C" t="C.ar" l="C"/>
		<a id="7" s="N" t="N.ar" l="N"/>
		<a id="8" s="C" t="C.ar" l="C"/>
		<a id="9" s="C" t="C.ar" l="C"/>
		<a id="10" s="N" t="N.ar" l="N"/>
		<a id="11" s="C" t="C.ar" l="C"/>
		<a id="12" s="C" t="C.ar" l="C"/>
		<a id="13" s="Cl" t="Cl" l="CL"/>
		<a id="14" s="C" t="C.ar" l="C"/>
		<a id="15" s="C" t="C.ar" l="C"/>
		<a id="16" s="N" t="N.ar" l="N"/>
		<a id="17" s="C" t="C.ar" l="C"/>
		<a id="18" s="C" t="C.ar" l="C"/>
		<a id="19" s="H" t="H" l="H"/>
		<a id="20" s="H" t="H" l="H"/>
		<a id="21" s="H" t="H" l="H"/>
		<a id="22" s="H" t="H" l="H"/>
		<a id="23" s="H" t="H" l="H"/>
		<a id="24" s="H" t="H" l="H"/>
		<a id="25" s="H" t="H" l="H"/>
		<a id="26" s="H" t="H" l="H"/>
	</atoms>
	<bonds>
		<b id="1" c="1 2" t="1"/>
		<b id="2" c="2 3" t="ar"/>
		<b id="3" c="3 4" t="ar"/>
		<b id="4" c="4 5" t="ar"/>
		<b id="5" c="5 6" t="1"/>
		<b id="6" c="6 7" t="ar"/>
		<b id="7" c="7 8" t="ar"/>
		<b id="8" c="8 9" t="ar"/>
		<b id="9" c="9 10" t="ar"/>
		<b id="10" c="10 11" t="ar"/>
		<b id="11" c="11 12" t="ar"/>
		<b id="12" c="12 13" t="1"/>
		<b id="13" c="12 14" t="ar"/>
		<b id="14" c="14 15" t="ar"/>
		<b id="15" c="9 15" t="ar"/>
		<b id="16" c="15 16" t="ar"/>
		<b id="17" c="6 16" t="ar"/>
		<b id="18" c="5 17" t="ar"/>
		<b id="19" c="17 18" t="ar"/>
		<b id="20" c="2 18" t="ar"/>
		<b id="21" c="1 19" t="1"/>
		<b id="22" c="3 20" t="1"/>
		<b id="23" c="4 21" t="1"/>
		<b id="24" c="8 22" t="1"/>
		<b id="25" c="11 23" t="1"/>
		<b id="26" c="14 24" t="1"/>
		<b id="27" c="17 25" t="1"/>
		<b id="28" c="18 26" t="1"/>
	</bonds>
	<geometry>
		<g u="A" t="cart/3d">#26,3:2.1661,-0.0539,0.0101;0.8117,-0.0335,0.0170;0.0658,-0.6613,1.0118;-1.3117,-0.6157,0.9792;-1.9711,0.0571,-0.0495;-3.4269,0.1026,-0.0894;-4.0863,-0.5081,0.9281;-5.3853,-0.4869,0.9214;-6.1228,0.1461,-0.1069;-7.4682,0.1600,-0.1068;-8.0775,0.7589,-1.0858;-7.3960,1.3959,-2.1498;-8.3154,2.1561,-3.3936;-6.0277,1.4026,-2.1824;-5.3441,0.7567,-1.1272;-4.0035,0.7235,-1.0966;-1.2169,0.6855,-1.0441;0.1576,0.6429,-1.0133;2.4961,-0.5501,0.7696;0.5744,-1.1856,1.8105;-1.8972,-1.0989,1.7449;-5.8993,-0.9763,1.7389;-9.1586,0.7546,-1.0606;-5.4646,1.8743,-2.9718;-1.7352,1.2037,-1.8347;0.7530,1.1233,-1.7731;</g>
	</geometry>
	<conformers/>
	<properties/>
</molecule>
