<?xml version="1.0" ?>
<!--MOLLI PACKAGE EXPERIMENTAL XML FORMAT-->
<molecule name="el3124">
	<atoms>
		<a id="1" s="C" t="C.3" l="C"/>
		<a id="2" s="C" t="C.3" l="C"/>
		<a id="3" s="N" t="N.ar" l="N"/>
		<a id="4" s="C" t="C.ar" l="C"/>
		<a id="5" s="C" t="C.ar" l="C"/>
		<a id="6" s="C" t="C.ar" l="C"/>
		<a id="7" s="C" t="C.ar" l="C"/>
		<a id="8" s="C" t="C.ar" l="C"/>
		<a id="9" s="C" t="C.ar" l="C"/>
		<a id="10" s="C" t="C.ar" l="C"/>
		<a id="11" s="C" t="C.ar" l="C"/>
		<a id="12" s="C" t="C.ar" l="C"/>
		<a id="13" s="C" t="C.2" l="C"/>
		<a id="14" s="O" t="O.2" l="O"/>
		<a id="15" s="C" t="C.ar" l="C"/>
		<a id="16" s="Cl" t="Cl" l="CL"/>
		<a id="17" s="C" t="C.ar" l="C"/>
		<a id="18" s="C" t="C.ar" l="C"/>
		<a id="19" s="H" t="H" l="H"/>
		<a id="20" s="H" t="H" l="H"/>
		<a id="21" s="H" t="H" l="H"/>
		<a id="22" s="H" t="H" l="H"/>
		<a id="23" s="H" t="H" l="H"/>
		<a id="24" s="H" t="H" l="H"/>
		<a id="25" s="H" t="H" l="H"/>
		<a id="26" s="H" t="H" l="H"/>
		<a id="27" s="H" t="H" l="H"/>
		<a id="28" s="H" t="H" l="H"/>
		<a id="29" s="H" t="H" l="H"/>
		<a id="30" s="H" t="H" l="H"/>
	</atoms>
	<bonds>
		<b id="1" c="1 2" t="1"/>
		<b id="2" c="2 3" t="1"/>
		<b id="3" c="3 4" t="ar"/>
		<b id="4" c="4 5" t="ar"/>
		<b id="5" c="5 6" t="ar"/>
		<b id="6" c="6 7" t="ar"/>
		<b id="7" c="7 8" t="ar"/>
		<b id="8" c="8 9" t="ar"/>
		<b id="9" c="4 9" t="ar"/>
		<b id="10" c="9 10" t="ar"/>
		<b id="11" c="10 11" t="ar"/>
		<b id="12" c="11 12" t="ar"/>
		<b id="13" c="12 13" t="1"/>
		<b id="14" c="13 14" t="2"/>
		<b id="15" c="12 15" t="ar"/>
		<b id="16" c="15 16" t="1"/>
		<b id="17" c="15 17" t="ar"/>
		<b id="18" c="17 18" t="ar"/>
		<b id="19" c="10 18" t="ar"/>
		<b id="20" c="3 18" t="ar"/>
		<b id="21" c="1 19" t="1"/>
		<b id="22" c="1 20" t="1"/>
		<b id="23" c="1 21" t="1"/>
		<b id="24" c="2 22" t="1"/>
		<b id="25" c="2 23" t="1"/>
		<b id="26" c="5 24" t="1"/>
		<b id="27" c="6 25" t="1"/>
		<b id="28" c="7 26" t="1"/>
		<b id="29" c="8 27" t="1"/>
		<b id="30" c="11 28" t="1"/>
		<b id="31" c="13 29" t="1"/>
		<b id="32" c="17 30" t="1"/>
	</bonds>
	<geometry>
		<g u="A" t="cart/3d">#30,3:3.5733,-0.3114,-1.1037;2.5797,0.0482,-0.0003;2.9585,1.2593,0.6793;2.6007,2.5369,0.2973;1.7891,2.9541,-0.7472;1.5852,4.3127,-0.9023;2.1722,5.2402,-0.0452;2.9836,4.8327,0.9953;3.2021,3.4729,1.1700;3.9715,2.7081,2.1116;4.7675,3.0376,3.1879;5.4026,2.0320,3.9202;6.2315,2.4231,5.0603;6.4080,3.5622,5.4206;5.2196,0.6894,3.5367;6.0004,-0.5823,4.4098;4.4272,0.3303,2.4654;3.7947,1.3439,1.7526;3.2676,-1.2291,-1.5981;4.5667,-0.4529,-0.6849;3.6215,0.4855,-1.8421;2.5245,-0.7592,0.7345;1.5820,0.1890,-0.4239;1.3292,2.2503,-1.4243;0.9576,4.6626,-1.7084;1.9886,6.2923,-0.2019;3.4416,5.5491,1.6593;4.9210,4.0618,3.4922;6.7047,1.5820,5.5976;4.3158,-0.7093,2.2015;</g>
	</geometry>
	<conformers/>
	<properties/>
</molecule>
