<?xml version="1.0" ?>
<!--MOLLI PACKAGE EXPERIMENTAL XML FORMAT-->
<molecule name="el3126">
	<atoms>
		<a id="1" s="C" t="C.3" l="C"/>
		<a id="2" s="O" t="O.3" l="O"/>
		<a id="3" s="C" t="C.ar" l="C"/>
		<a id="4" s="C" t="C.ar" l="C"/>
		<a id="5" s="C" t="C.ar" l="C"/>
		<a id="6" s="C" t="C.ar" l="C"/>
		<a id="7" s="C" t="C.ar" l="C"/>
		<a id="8" s="N" t="N.ar" l="N"/>
		<a id="9" s="N" t="N.ar" l="N"/>
		<a id="10" s="C" t="C.3" l="C"/>
		<a id="11" s="C" t="C.ar" l="C"/>
		<a id="12" s="C" t="C.ar" l="C"/>
		<a id="13" s="C" t="C.ar" l="C"/>
		<a id="14" s="C" t="C.ar" l="C"/>
		<a id="15" s="N" t="N.pl3" l="N"/>
		<a id="16" s="C" t="C.ar" l="C"/>
		<a id="17" s="N" t="N.ar" l="N"/>
		<a id="18" s="C" t="C.ar" l="C"/>
		<a id="19" s="C" t="C.ar" l="C"/>
		<a id="20" s="C" t="C.ar" l="C"/>
		<a id="21" s="C" t="C.ar" l="C"/>
		<a id="22" s="N" t="N.ar" l="N"/>
		<a id="23" s="C" t="C.ar" l="C"/>
		<a id="24" s="Cl" t="Cl" l="CL"/>
		<a id="25" s="C" t="C.ar" l="C"/>
		<a id="26" s="N" t="N.ar" l="N"/>
		<a id="27" s="H" t="H" l="H"/>
		<a id="28" s="H" t="H" l="H"/>
		<a id="29" s="H" t="H" l="H"/>
		<a id="30" s="H" t="H" l="H"/>
		<a id="31" s="H" t="H" l="H"/>
		<a id="32" s="H" t="H" l="H"/>
		<a id="33" s="H" t="H" l="H"/>
		<a id="34" s="H" t="H" l="H"/>
		<a id="35" s="H" t="H" l="H"/>
		<a id="36" s="H" t="H" l="H"/>
		<a id="37" s="H" t="H" l="H"/>
		<a id="38" s="H" t="H" l="H"/>
		<a id="39" s="H" t="H" l="H"/>
		<a id="40" s="H" t="H" l="H"/>
		<a id="41" s="H" t="H" l="H"/>
	</atoms>
	<bonds>
		<b id="1" c="1 2" t="1"/>
		<b id="2" c="2 3" t="1"/>
		<b id="3" c="3 4" t="ar"/>
		<b id="4" c="4 5" t="ar"/>
		<b id="5" c="5 6" t="1"/>
		<b id="6" c="6 7" t="ar"/>
		<b id="7" c="7 8" t="ar"/>
		<b id="8" c="8 9" t="ar"/>
		<b id="9" c="9 10" t="1"/>
		<b id="10" c="9 11" t="ar"/>
		<b id="11" c="6 11" t="ar"/>
		<b id="12" c="5 12" t="ar"/>
		<b id="13" c="12 13" t="ar"/>
		<b id="14" c="13 14" t="ar"/>
		<b id="15" c="3 14" t="ar"/>
		<b id="16" c="14 15" t="1"/>
		<b id="17" c="15 16" t="1"/>
		<b id="18" c="16 17" t="ar"/>
		<b id="19" c="17 18" t="ar"/>
		<b id="20" c="18 19" t="ar"/>
		<b id="21" c="19 20" t="ar"/>
		<b id="22" c="20 21" t="ar"/>
		<b id="23" c="21 22" t="ar"/>
		<b id="24" c="22 23" t="ar"/>
		<b id="25" c="23 24" t="1"/>
		<b id="26" c="23 25" t="ar"/>
		<b id="27" c="19 25" t="ar"/>
		<b id="28" c="25 26" t="ar"/>
		<b id="29" c="16 26" t="ar"/>
		<b id="30" c="1 27" t="1"/>
		<b id="31" c="1 28" t="1"/>
		<b id="32" c="1 29" t="1"/>
		<b id="33" c="4 30" t="1"/>
		<b id="34" c="7 31" t="1"/>
		<b id="35" c="10 32" t="1"/>
		<b id="36" c="10 33" t="1"/>
		<b id="37" c="10 34" t="1"/>
		<b id="38" c="11 35" t="1"/>
		<b id="39" c="12 36" t="1"/>
		<b id="40" c="13 37" t="1"/>
		<b id="41" c="15 38" t="1"/>
		<b id="42" c="18 39" t="1"/>
		<b id="43" c="20 40" t="1"/>
		<b id="44" c="21 41" t="1"/>
	</bonds>
	<geometry>
		<g u="A" t="cart/3d">#41,3:1.3529,-0.3814,0.2312;2.3338,0.5395,-0.1776;2.9199,1.3370,0.7727;2.6337,1.2935,2.1226;3.2866,2.1419,3.0210;2.9780,2.0793,4.4391;1.8328,1.5419,5.0654;1.8999,1.6685,6.3742;3.0579,2.2676,6.6303;3.4535,2.5460,7.9799;3.7397,2.5390,5.5029;4.2305,3.0378,2.5302;4.5245,3.0918,1.1811;3.8816,2.2489,0.2862;4.1138,2.2287,-1.0838;4.9389,2.9503,-1.8633;5.7379,3.8985,-1.3104;6.5169,4.5712,-2.1018;6.5653,4.3575,-3.4994;7.3815,5.0459,-4.4153;7.2979,4.7059,-5.7387;6.4792,3.7499,-6.2041;5.7178,3.1014,-5.3768;4.6994,1.8912,-6.0252;5.6898,3.3414,-3.9726;4.8921,2.6535,-3.1564;1.0312,-0.8889,-0.6769;0.4953,0.1226,0.6876;1.7589,-1.1177,0.9323;1.9094,0.5937,2.5058;0.9683,1.0940,4.6181;2.6319,2.2555,8.6315;3.6612,3.6099,8.1079;4.3456,1.9753,8.2474;4.7020,3.0089,5.5307;4.7343,3.7097,3.2070;5.2538,3.7882,0.8048;3.5588,1.5487,-1.5906;7.1453,5.3218,-1.6359;8.0497,5.8186,-4.0678;7.8938,5.1932,-6.4968;</g>
	</geometry>
	<conformers/>
	<properties/>
</molecule>
