<?xml version="1.0" ?>
<!--MOLLI PACKAGE EXPERIMENTAL XML FORMAT-->
<molecule name="el3129">
	<atoms>
		<a id="1" s="H" t="H" l="H"/>
		<a id="2" s="C" t="C.3" l="C"/>
		<a id="3" s="H" t="H" l="H"/>
		<a id="4" s="H" t="H" l="H"/>
		<a id="5" s="N" t="N.am" l="N"/>
		<a id="6" s="C" t="C.2" l="C"/>
		<a id="7" s="O" t="O.2" l="O"/>
		<a id="8" s="C" t="C.ar" l="C"/>
		<a id="9" s="C" t="C.ar" l="C"/>
		<a id="10" s="N" t="N.ar" l="N"/>
		<a id="11" s="C" t="C.ar" l="C"/>
		<a id="12" s="Cl" t="Cl" l="CL"/>
		<a id="13" s="C" t="C.ar" l="C"/>
		<a id="14" s="C" t="C.ar" l="C"/>
		<a id="15" s="N" t="N.pl3" l="N"/>
		<a id="16" s="C" t="C.ar" l="C"/>
		<a id="17" s="C" t="C.ar" l="C"/>
		<a id="18" s="C" t="C.ar" l="C"/>
		<a id="19" s="C" t="C.ar" l="C"/>
		<a id="20" s="C" t="C.ar" l="C"/>
		<a id="21" s="C" t="C.ar" l="C"/>
		<a id="22" s="N" t="N.ar" l="N"/>
		<a id="23" s="C" t="C.ar" l="C"/>
		<a id="24" s="N" t="N.ar" l="N"/>
		<a id="25" s="C" t="C.3" l="C"/>
		<a id="26" s="N" t="N.ar" l="N"/>
		<a id="27" s="C" t="C.ar" l="C"/>
		<a id="28" s="O" t="O.3" l="O"/>
		<a id="29" s="C" t="C.3" l="C"/>
		<a id="30" s="H" t="H" l="H"/>
		<a id="31" s="H" t="H" l="H"/>
		<a id="32" s="H" t="H" l="H"/>
		<a id="33" s="H" t="H" l="H"/>
		<a id="34" s="H" t="H" l="H"/>
		<a id="35" s="H" t="H" l="H"/>
		<a id="36" s="H" t="H" l="H"/>
		<a id="37" s="H" t="H" l="H"/>
		<a id="38" s="H" t="H" l="H"/>
		<a id="39" s="H" t="H" l="H"/>
		<a id="40" s="H" t="H" l="H"/>
		<a id="41" s="H" t="H" l="H"/>
		<a id="42" s="H" t="H" l="H"/>
		<a id="43" s="H" t="H" l="H"/>
	</atoms>
	<bonds>
		<b id="1" c="1 2" t="1"/>
		<b id="2" c="2 3" t="1"/>
		<b id="3" c="2 4" t="1"/>
		<b id="4" c="2 5" t="1"/>
		<b id="5" c="5 6" t="am"/>
		<b id="6" c="6 7" t="2"/>
		<b id="7" c="6 8" t="1"/>
		<b id="8" c="8 9" t="ar"/>
		<b id="9" c="9 10" t="ar"/>
		<b id="10" c="10 11" t="ar"/>
		<b id="11" c="11 12" t="1"/>
		<b id="12" c="11 13" t="ar"/>
		<b id="13" c="13 14" t="ar"/>
		<b id="14" c="8 14" t="ar"/>
		<b id="15" c="14 15" t="1"/>
		<b id="16" c="15 16" t="1"/>
		<b id="17" c="16 17" t="ar"/>
		<b id="18" c="17 18" t="ar"/>
		<b id="19" c="18 19" t="ar"/>
		<b id="20" c="19 20" t="ar"/>
		<b id="21" c="20 21" t="1"/>
		<b id="22" c="21 22" t="ar"/>
		<b id="23" c="22 23" t="ar"/>
		<b id="24" c="23 24" t="ar"/>
		<b id="25" c="24 25" t="1"/>
		<b id="26" c="24 26" t="ar"/>
		<b id="27" c="21 26" t="ar"/>
		<b id="28" c="20 27" t="ar"/>
		<b id="29" c="16 27" t="ar"/>
		<b id="30" c="27 28" t="1"/>
		<b id="31" c="28 29" t="1"/>
		<b id="32" c="5 30" t="1"/>
		<b id="33" c="9 31" t="1"/>
		<b id="34" c="13 32" t="1"/>
		<b id="35" c="15 33" t="1"/>
		<b id="36" c="17 34" t="1"/>
		<b id="37" c="18 35" t="1"/>
		<b id="38" c="19 36" t="1"/>
		<b id="39" c="23 37" t="1"/>
		<b id="40" c="25 38" t="1"/>
		<b id="41" c="25 39" t="1"/>
		<b id="42" c="25 40" t="1"/>
		<b id="43" c="29 41" t="1"/>
		<b id="44" c="29 42" t="1"/>
		<b id="45" c="29 43" t="1"/>
	</bonds>
	<geometry>
		<g u="A" t="cart/3d">#43,3:7.2149,-1.4860,-2.0490;6.9199,-0.8177,-2.8595;7.1754,0.2066,-2.5950;7.4531,-1.1005,-3.7686;5.4942,-0.8715,-3.0669;4.7026,0.2147,-2.9605;5.1648,1.3255,-2.7107;3.2552,-0.0153,-3.1777;2.6546,-1.2441,-2.9375;1.3721,-1.5024,-3.1078;0.6062,-0.5041,-3.5179;-1.0593,-0.8808,-3.7243;1.0470,0.7765,-3.7591;2.4146,1.0576,-3.5924;2.9244,2.2882,-3.7768;2.2605,3.4049,-4.3158;1.5942,3.2785,-5.5312;0.9926,4.3688,-6.1299;1.0612,5.6034,-5.5178;1.7143,5.7568,-4.2982;1.7140,7.0747,-3.6896;1.1581,8.1484,-4.3198;1.3244,9.1282,-3.4715;1.9502,8.6861,-2.3649;2.3429,9.4018,-1.1878;2.2002,7.3815,-2.5007;2.3248,4.6528,-3.6733;2.9754,4.8959,-2.5098;3.0086,3.9276,-1.4783;5.0934,-1.7578,-3.3253;3.2222,-2.0824,-2.5538;0.3578,1.5535,-4.0443;3.8940,2.3978,-3.4827;1.5813,2.3131,-6.0153;0.4854,4.2533,-7.0751;0.6075,6.4755,-5.9600;1.0118,10.1421,-3.6174;1.9284,10.4074,-1.2242;3.4316,9.4553,-1.1271;1.9727,8.8806,-0.3044;3.0554,4.4991,-0.5503;3.8945,3.2899,-1.5421;2.1080,3.3094,-1.4695;</g>
	</geometry>
	<conformers/>
	<properties/>
</molecule>
