<?xml version="1.0" ?>
<!--MOLLI PACKAGE EXPERIMENTAL XML FORMAT-->
<molecule name="el3130">
	<atoms>
		<a id="1" s="C" t="C.3" l="C"/>
		<a id="2" s="C" t="C.ar" l="C"/>
		<a id="3" s="C" t="C.ar" l="C"/>
		<a id="4" s="C" t="C.ar" l="C"/>
		<a id="5" s="C" t="C.ar" l="C"/>
		<a id="6" s="C" t="C.ar" l="C"/>
		<a id="7" s="N" t="N.ar" l="N"/>
		<a id="8" s="C" t="C.ar" l="C"/>
		<a id="9" s="C" t="C.ar" l="C"/>
		<a id="10" s="Cl" t="Cl" l="CL"/>
		<a id="11" s="C" t="C.ar" l="C"/>
		<a id="12" s="C" t="C.ar" l="C"/>
		<a id="13" s="C" t="C.ar" l="C"/>
		<a id="14" s="C" t="C.ar" l="C"/>
		<a id="15" s="C" t="C.ar" l="C"/>
		<a id="16" s="C" t="C.ar" l="C"/>
		<a id="17" s="S" t="S.O2" l="S"/>
		<a id="18" s="C" t="C.3" l="C"/>
		<a id="19" s="O" t="O.2" l="O"/>
		<a id="20" s="O" t="O.2" l="O"/>
		<a id="21" s="C" t="C.ar" l="C"/>
		<a id="22" s="C" t="C.ar" l="C"/>
		<a id="23" s="C" t="C.ar" l="C"/>
		<a id="24" s="N" t="N.ar" l="N"/>
		<a id="25" s="H" t="H" l="H"/>
		<a id="26" s="H" t="H" l="H"/>
		<a id="27" s="H" t="H" l="H"/>
		<a id="28" s="H" t="H" l="H"/>
		<a id="29" s="H" t="H" l="H"/>
		<a id="30" s="H" t="H" l="H"/>
		<a id="31" s="H" t="H" l="H"/>
		<a id="32" s="H" t="H" l="H"/>
		<a id="33" s="H" t="H" l="H"/>
		<a id="34" s="H" t="H" l="H"/>
		<a id="35" s="H" t="H" l="H"/>
		<a id="36" s="H" t="H" l="H"/>
		<a id="37" s="H" t="H" l="H"/>
		<a id="38" s="H" t="H" l="H"/>
		<a id="39" s="H" t="H" l="H"/>
	</atoms>
	<bonds>
		<b id="1" c="1 2" t="1"/>
		<b id="2" c="2 3" t="ar"/>
		<b id="3" c="3 4" t="ar"/>
		<b id="4" c="4 5" t="ar"/>
		<b id="5" c="5 6" t="1"/>
		<b id="6" c="6 7" t="ar"/>
		<b id="7" c="7 8" t="ar"/>
		<b id="8" c="8 9" t="ar"/>
		<b id="9" c="9 10" t="1"/>
		<b id="10" c="9 11" t="ar"/>
		<b id="11" c="11 12" t="ar"/>
		<b id="12" c="6 12" t="ar"/>
		<b id="13" c="12 13" t="1"/>
		<b id="14" c="13 14" t="ar"/>
		<b id="15" c="14 15" t="ar"/>
		<b id="16" c="15 16" t="ar"/>
		<b id="17" c="16 17" t="1"/>
		<b id="18" c="17 18" t="1"/>
		<b id="19" c="17 19" t="2"/>
		<b id="20" c="17 20" t="2"/>
		<b id="21" c="16 21" t="ar"/>
		<b id="22" c="21 22" t="ar"/>
		<b id="23" c="13 22" t="ar"/>
		<b id="24" c="5 23" t="ar"/>
		<b id="25" c="23 24" t="ar"/>
		<b id="26" c="2 24" t="ar"/>
		<b id="27" c="1 25" t="1"/>
		<b id="28" c="1 26" t="1"/>
		<b id="29" c="1 27" t="1"/>
		<b id="30" c="3 28" t="1"/>
		<b id="31" c="4 29" t="1"/>
		<b id="32" c="8 30" t="1"/>
		<b id="33" c="11 31" t="1"/>
		<b id="34" c="14 32" t="1"/>
		<b id="35" c="15 33" t="1"/>
		<b id="36" c="18 34" t="1"/>
		<b id="37" c="18 35" t="1"/>
		<b id="38" c="18 36" t="1"/>
		<b id="39" c="21 37" t="1"/>
		<b id="40" c="22 38" t="1"/>
		<b id="41" c="23 39" t="1"/>
	</bonds>
	<geometry>
		<g u="A" t="cart/3d">#39,3:2.3307,-0.6852,-0.7178;0.8621,-0.4297,-0.6056;0.3136,0.8151,-0.9137;-1.0420,1.0108,-0.7456;-1.8281,-0.0402,-0.2722;-3.2699,0.1396,-0.0669;-3.9022,0.8550,-0.9904;-5.2057,1.0160,-0.9234;-5.9703,0.4446,0.0873;-7.6827,0.6452,0.1174;-5.3285,-0.2716,1.0861;-3.9475,-0.4207,1.0323;-3.2333,-1.1036,2.1226;-3.6399,-2.3656,2.5514;-2.9465,-3.0146,3.5573;-1.8599,-2.3921,4.1383;-0.9094,-3.2609,5.3863;0.3199,-4.1588,4.3934;-0.2191,-2.2990,6.2013;-1.7569,-4.2222,6.0378;-1.4616,-1.1273,3.7508;-2.1496,-0.4807,2.7423;-1.1895,-1.2596,-0.0495;0.1061,-1.4430,-0.2013;2.7127,-0.3198,-1.6679;2.5240,-1.7495,-0.6310;2.8600,-0.1662,0.0802;0.9475,1.6116,-1.2730;-1.5065,1.9603,-0.9645;-5.6563,1.6149,-1.7021;-5.8887,-0.6857,1.9109;-4.4843,-2.8435,2.0770;-3.2396,-3.9911,3.9097;0.8557,-3.4370,3.7906;-0.2057,-4.8753,3.7762;0.9934,-4.6630,5.0753;-0.6272,-0.6665,4.2552;-1.8572,0.5115,2.4334;-1.7500,-2.1367,0.2471;</g>
	</geometry>
	<conformers/>
	<properties/>
</molecule>
