<?xml version="1.0" ?>
<!--MOLLI PACKAGE EXPERIMENTAL XML FORMAT-->
<molecule name="el3133">
	<atoms>
		<a id="1" s="C" t="C.3" l="C"/>
		<a id="2" s="O" t="O.3" l="O"/>
		<a id="3" s="C" t="C.ar" l="C"/>
		<a id="4" s="N" t="N.ar" l="N"/>
		<a id="5" s="C" t="C.ar" l="C"/>
		<a id="6" s="Cl" t="Cl" l="CL"/>
		<a id="7" s="C" t="C.ar" l="C"/>
		<a id="8" s="F" t="F" l="F"/>
		<a id="9" s="C" t="C.ar" l="C"/>
		<a id="10" s="C" t="C.ar" l="C"/>
		<a id="11" s="C" t="C.3" l="C"/>
		<a id="12" s="N" t="N.am" l="N"/>
		<a id="13" s="C" t="C.2" l="C"/>
		<a id="14" s="O" t="O.2" l="O"/>
		<a id="15" s="C" t="C.3" l="C"/>
		<a id="16" s="C" t="C.3" l="C"/>
		<a id="17" s="C" t="C.3" l="C"/>
		<a id="18" s="C" t="C.3" l="C"/>
		<a id="19" s="N" t="N.am" l="N"/>
		<a id="20" s="C" t="C.2" l="C"/>
		<a id="21" s="O" t="O.2" l="O"/>
		<a id="22" s="O" t="O.3" l="O"/>
		<a id="23" s="C" t="C.3" l="C"/>
		<a id="24" s="C" t="C.3" l="C"/>
		<a id="25" s="C" t="C.3" l="C"/>
		<a id="26" s="C" t="C.3" l="C"/>
		<a id="27" s="H" t="H" l="H"/>
		<a id="28" s="H" t="H" l="H"/>
		<a id="29" s="H" t="H" l="H"/>
		<a id="30" s="H" t="H" l="H"/>
		<a id="31" s="H" t="H" l="H"/>
		<a id="32" s="H" t="H" l="H"/>
		<a id="33" s="H" t="H" l="H"/>
		<a id="34" s="H" t="H" l="H"/>
		<a id="35" s="H" t="H" l="H"/>
		<a id="36" s="H" t="H" l="H"/>
		<a id="37" s="H" t="H" l="H"/>
		<a id="38" s="H" t="H" l="H"/>
		<a id="39" s="H" t="H" l="H"/>
		<a id="40" s="H" t="H" l="H"/>
		<a id="41" s="H" t="H" l="H"/>
		<a id="42" s="H" t="H" l="H"/>
		<a id="43" s="H" t="H" l="H"/>
		<a id="44" s="H" t="H" l="H"/>
		<a id="45" s="H" t="H" l="H"/>
		<a id="46" s="H" t="H" l="H"/>
		<a id="47" s="H" t="H" l="H"/>
		<a id="48" s="H" t="H" l="H"/>
		<a id="49" s="H" t="H" l="H"/>
	</atoms>
	<bonds>
		<b id="1" c="1 2" t="1"/>
		<b id="2" c="2 3" t="1"/>
		<b id="3" c="3 4" t="ar"/>
		<b id="4" c="4 5" t="ar"/>
		<b id="5" c="5 6" t="1"/>
		<b id="6" c="5 7" t="ar"/>
		<b id="7" c="7 8" t="1"/>
		<b id="8" c="7 9" t="ar"/>
		<b id="9" c="9 10" t="ar"/>
		<b id="10" c="3 10" t="ar"/>
		<b id="11" c="10 11" t="1"/>
		<b id="12" c="11 12" t="1"/>
		<b id="13" c="12 13" t="am"/>
		<b id="14" c="13 14" t="2"/>
		<b id="15" c="13 15" t="1"/>
		<b id="16" c="15 16" t="1"/>
		<b id="17" c="16 17" t="1"/>
		<b id="18" c="17 18" t="1"/>
		<b id="19" c="18 19" t="1"/>
		<b id="20" c="15 19" t="1"/>
		<b id="21" c="19 20" t="am"/>
		<b id="22" c="20 21" t="2"/>
		<b id="23" c="20 22" t="1"/>
		<b id="24" c="22 23" t="1"/>
		<b id="25" c="23 24" t="1"/>
		<b id="26" c="23 25" t="1"/>
		<b id="27" c="23 26" t="1"/>
		<b id="28" c="1 27" t="1"/>
		<b id="29" c="1 28" t="1"/>
		<b id="30" c="1 29" t="1"/>
		<b id="31" c="9 30" t="1"/>
		<b id="32" c="11 31" t="1"/>
		<b id="33" c="11 32" t="1"/>
		<b id="34" c="12 33" t="1"/>
		<b id="35" c="15 34" t="1"/>
		<b id="36" c="16 35" t="1"/>
		<b id="37" c="16 36" t="1"/>
		<b id="38" c="17 37" t="1"/>
		<b id="39" c="17 38" t="1"/>
		<b id="40" c="18 39" t="1"/>
		<b id="41" c="18 40" t="1"/>
		<b id="42" c="24 41" t="1"/>
		<b id="43" c="24 42" t="1"/>
		<b id="44" c="24 43" t="1"/>
		<b id="45" c="25 44" t="1"/>
		<b id="46" c="25 45" t="1"/>
		<b id="47" c="25 46" t="1"/>
		<b id="48" c="26 47" t="1"/>
		<b id="49" c="26 48" t="1"/>
		<b id="50" c="26 49" t="1"/>
	</bonds>
	<geometry>
		<g u="A" t="cart/3d">#49,3:8.7660,1.4964,-2.4865;7.7760,1.8865,-1.5491;7.9354,3.0892,-0.9745;8.9786,3.8220,-1.3264;9.1569,5.0110,-0.7761;10.5382,5.8910,-1.2840;8.2694,5.5250,0.1595;8.4601,6.7371,0.7072;7.1665,4.7653,0.5326;6.9818,3.5144,-0.0263;5.7944,2.6456,0.3146;5.0454,2.2958,-0.8693;4.0799,3.1047,-1.3490;3.6963,4.1035,-0.7692;3.4645,2.6168,-2.6778;2.8015,3.7832,-3.4308;1.4054,3.2734,-3.7971;1.0921,2.3376,-2.6349;2.3720,1.6996,-2.3949;2.4767,0.3914,-2.0884;1.5210,-0.3281,-1.9159;3.7762,0.0132,-2.0140;4.1097,-1.3424,-1.6289;3.5588,-2.3415,-2.6469;5.6412,-1.3709,-1.6373;3.5773,-1.6374,-0.2265;8.5041,0.4844,-2.7895;9.7578,1.5142,-2.0297;8.7683,2.1678,-3.3481;6.4641,5.1645,1.2497;5.1260,3.1982,0.9819;6.1307,1.7267,0.8052;5.3470,1.4968,-1.4072;4.2314,2.1052,-3.2700;3.3820,4.0900,-4.3001;2.7251,4.6283,-2.7418;1.4371,2.7077,-4.7294;0.6805,4.0765,-3.8945;0.3417,1.5777,-2.8513;0.7918,2.9057,-1.7482;3.9356,-2.1101,-3.6416;2.4731,-2.2967,-2.6624;3.8680,-3.3473,-2.3767;6.0133,-1.0477,-2.6067;5.9896,-2.3815,-1.4470;6.0434,-0.7122,-0.8706;2.4904,-1.6344,-0.2332;3.9251,-0.8793,0.4739;3.9274,-2.6120,0.1027;</g>
	</geometry>
	<conformers/>
	<properties/>
</molecule>
