<?xml version="1.0" ?>
<!--MOLLI PACKAGE EXPERIMENTAL XML FORMAT-->
<molecule name="el3134">
	<atoms>
		<a id="1" s="O" t="O.2" l="O"/>
		<a id="2" s="N" t="N.pl3" l="N"/>
		<a id="3" s="O" t="O.co2" l="O"/>
		<a id="4" s="C" t="C.ar" l="C"/>
		<a id="5" s="C" t="C.ar" l="C"/>
		<a id="6" s="Cl" t="Cl" l="CL"/>
		<a id="7" s="N" t="N.ar" l="N"/>
		<a id="8" s="C" t="C.ar" l="C"/>
		<a id="9" s="N" t="N.ar" l="N"/>
		<a id="10" s="C" t="C.ar" l="C"/>
		<a id="11" s="N" t="N.pl3" l="N"/>
		<a id="12" s="C" t="C.3" l="C"/>
		<a id="13" s="C" t="C.3" l="C"/>
		<a id="14" s="O" t="O.3" l="O"/>
		<a id="15" s="C" t="C.3" l="C"/>
		<a id="16" s="C" t="C.3" l="C"/>
		<a id="17" s="H" t="H" l="H"/>
		<a id="18" s="H" t="H" l="H"/>
		<a id="19" s="H" t="H" l="H"/>
		<a id="20" s="H" t="H" l="H"/>
		<a id="21" s="H" t="H" l="H"/>
		<a id="22" s="H" t="H" l="H"/>
		<a id="23" s="H" t="H" l="H"/>
		<a id="24" s="H" t="H" l="H"/>
		<a id="25" s="H" t="H" l="H"/>
	</atoms>
	<bonds>
		<b id="1" c="1 2" t="2"/>
		<b id="2" c="2 3" t="1"/>
		<b id="3" c="2 4" t="1"/>
		<b id="4" c="4 5" t="ar"/>
		<b id="5" c="5 6" t="1"/>
		<b id="6" c="5 7" t="ar"/>
		<b id="7" c="7 8" t="ar"/>
		<b id="8" c="8 9" t="ar"/>
		<b id="9" c="9 10" t="ar"/>
		<b id="10" c="4 10" t="ar"/>
		<b id="11" c="10 11" t="1"/>
		<b id="12" c="11 12" t="1"/>
		<b id="13" c="12 13" t="1"/>
		<b id="14" c="13 14" t="1"/>
		<b id="15" c="14 15" t="1"/>
		<b id="16" c="15 16" t="1"/>
		<b id="17" c="11 16" t="1"/>
		<b id="18" c="8 17" t="1"/>
		<b id="19" c="12 18" t="1"/>
		<b id="20" c="12 19" t="1"/>
		<b id="21" c="13 20" t="1"/>
		<b id="22" c="13 21" t="1"/>
		<b id="23" c="15 22" t="1"/>
		<b id="24" c="15 23" t="1"/>
		<b id="25" c="16 24" t="1"/>
		<b id="26" c="16 25" t="1"/>
	</bonds>
	<geometry>
		<g u="A" t="cart/3d">#25,3:7.0441,0.8709,2.4037;6.2849,1.6168,1.8261;6.6110,2.6448,1.2594;4.8890,1.3077,1.8139;4.2187,0.9459,2.9869;5.0709,0.6096,4.4279;2.9017,0.9061,3.0652;2.2326,1.3095,1.9978;2.7353,1.6272,0.8350;4.0685,1.5526,0.6694;4.5323,1.6774,-0.5770;3.6995,2.2501,-1.6188;3.6397,1.3131,-2.8256;4.9366,1.0406,-3.3006;5.7037,0.4204,-2.3040;5.8446,1.2807,-1.0354;1.1575,1.3657,2.0971;4.1540,3.1979,-1.9293;2.7061,2.4264,-1.2109;3.1008,1.7847,-3.6479;3.1331,0.3773,-2.5454;6.6890,0.2396,-2.7358;5.2469,-0.5437,-2.0279;6.4525,2.1700,-1.2375;6.3505,0.6668,-0.2913;</g>
	</geometry>
	<conformers/>
	<properties/>
</molecule>
