<?xml version="1.0" ?>
<!--MOLLI PACKAGE EXPERIMENTAL XML FORMAT-->
<molecule name="el3138">
	<atoms>
		<a id="1" s="C" t="C.2" l="C"/>
		<a id="2" s="C" t="C.2" l="C"/>
		<a id="3" s="C" t="C.2" l="C"/>
		<a id="4" s="O" t="O.2" l="O"/>
		<a id="5" s="N" t="N.am" l="N"/>
		<a id="6" s="C" t="C.3" l="C"/>
		<a id="7" s="C" t="C.3" l="C"/>
		<a id="8" s="C" t="C.3" l="C"/>
		<a id="9" s="C" t="C.3" l="C"/>
		<a id="10" s="N" t="N.pl3" l="N"/>
		<a id="11" s="C" t="C.ar" l="C"/>
		<a id="12" s="N" t="N.ar" l="N"/>
		<a id="13" s="C" t="C.ar" l="C"/>
		<a id="14" s="Cl" t="Cl" l="CL"/>
		<a id="15" s="N" t="N.ar" l="N"/>
		<a id="16" s="C" t="C.ar" l="C"/>
		<a id="17" s="C" t="C.ar" l="C"/>
		<a id="18" s="C" t="C.ar" l="C"/>
		<a id="19" s="C" t="C.3" l="C"/>
		<a id="20" s="N" t="N.ar" l="N"/>
		<a id="21" s="N" t="N.ar" l="N"/>
		<a id="22" s="C" t="C.3" l="C"/>
		<a id="23" s="C" t="C.3" l="C"/>
		<a id="24" s="C" t="C.3" l="C"/>
		<a id="25" s="C" t="C.3" l="C"/>
		<a id="26" s="C" t="C.3" l="C"/>
		<a id="27" s="O" t="O.3" l="O"/>
		<a id="28" s="C" t="C.3" l="C"/>
		<a id="29" s="C" t="C.3" l="C"/>
		<a id="30" s="H" t="H" l="H"/>
		<a id="31" s="H" t="H" l="H"/>
		<a id="32" s="H" t="H" l="H"/>
		<a id="33" s="H" t="H" l="H"/>
		<a id="34" s="H" t="H" l="H"/>
		<a id="35" s="H" t="H" l="H"/>
		<a id="36" s="H" t="H" l="H"/>
		<a id="37" s="H" t="H" l="H"/>
		<a id="38" s="H" t="H" l="H"/>
		<a id="39" s="H" t="H" l="H"/>
		<a id="40" s="H" t="H" l="H"/>
		<a id="41" s="H" t="H" l="H"/>
		<a id="42" s="H" t="H" l="H"/>
		<a id="43" s="H" t="H" l="H"/>
		<a id="44" s="H" t="H" l="H"/>
		<a id="45" s="H" t="H" l="H"/>
		<a id="46" s="H" t="H" l="H"/>
		<a id="47" s="H" t="H" l="H"/>
		<a id="48" s="H" t="H" l="H"/>
		<a id="49" s="H" t="H" l="H"/>
		<a id="50" s="H" t="H" l="H"/>
		<a id="51" s="H" t="H" l="H"/>
		<a id="52" s="H" t="H" l="H"/>
		<a id="53" s="H" t="H" l="H"/>
		<a id="54" s="H" t="H" l="H"/>
		<a id="55" s="H" t="H" l="H"/>
		<a id="56" s="H" t="H" l="H"/>
	</atoms>
	<bonds>
		<b id="1" c="1 2" t="2"/>
		<b id="2" c="2 3" t="1"/>
		<b id="3" c="3 4" t="2"/>
		<b id="4" c="3 5" t="am"/>
		<b id="5" c="6 7" t="1"/>
		<b id="6" c="7 8" t="1"/>
		<b id="7" c="8 9" t="1"/>
		<b id="8" c="9 10" t="1"/>
		<b id="9" c="10 11" t="1"/>
		<b id="10" c="11 12" t="ar"/>
		<b id="11" c="12 13" t="ar"/>
		<b id="12" c="13 14" t="1"/>
		<b id="13" c="13 15" t="ar"/>
		<b id="14" c="15 16" t="ar"/>
		<b id="15" c="16 17" t="ar"/>
		<b id="16" c="11 17" t="ar"/>
		<b id="17" c="17 18" t="ar"/>
		<b id="18" c="18 19" t="1"/>
		<b id="19" c="18 20" t="ar"/>
		<b id="20" c="20 21" t="ar"/>
		<b id="21" c="16 21" t="ar"/>
		<b id="22" c="21 22" t="1"/>
		<b id="23" c="22 23" t="1"/>
		<b id="24" c="23 24" t="1"/>
		<b id="25" c="24 25" t="1"/>
		<b id="26" c="25 26" t="1"/>
		<b id="27" c="26 27" t="1"/>
		<b id="28" c="22 27" t="1"/>
		<b id="29" c="9 28" t="1"/>
		<b id="30" c="28 29" t="1"/>
		<b id="31" c="6 29" t="1"/>
		<b id="32" c="6 5" t="1"/>
		<b id="33" c="1 30" t="1"/>
		<b id="34" c="1 31" t="1"/>
		<b id="35" c="2 32" t="1"/>
		<b id="36" c="5 33" t="1"/>
		<b id="37" c="6 34" t="1"/>
		<b id="38" c="7 35" t="1"/>
		<b id="39" c="7 36" t="1"/>
		<b id="40" c="8 37" t="1"/>
		<b id="41" c="8 38" t="1"/>
		<b id="42" c="9 39" t="1"/>
		<b id="43" c="10 40" t="1"/>
		<b id="44" c="19 41" t="1"/>
		<b id="45" c="19 42" t="1"/>
		<b id="46" c="19 43" t="1"/>
		<b id="47" c="22 44" t="1"/>
		<b id="48" c="23 45" t="1"/>
		<b id="49" c="23 46" t="1"/>
		<b id="50" c="24 47" t="1"/>
		<b id="51" c="24 48" t="1"/>
		<b id="52" c="25 49" t="1"/>
		<b id="53" c="25 50" t="1"/>
		<b id="54" c="26 51" t="1"/>
		<b id="55" c="26 52" t="1"/>
		<b id="56" c="28 53" t="1"/>
		<b id="57" c="28 54" t="1"/>
		<b id="58" c="29 55" t="1"/>
		<b id="59" c="29 56" t="1"/>
	</bonds>
	<geometry>
		<g u="A" t="cart/3d">#56,3:3.0026,0.5758,3.9388;3.9975,0.0780,3.2206;5.1303,-0.6164,3.8804;5.3956,-0.4742,5.0610;5.9031,-1.4180,3.1036;5.6575,-1.9086,1.7642;6.8820,-2.6855,1.2719;7.0879,-3.9905,2.0397;5.8318,-4.8587,1.9774;6.0310,-6.0779,2.7277;5.6314,-7.2843,2.2995;5.1747,-7.4000,1.0503;4.7912,-8.5892,0.6209;4.2260,-8.6191,-0.9899;4.7715,-9.7360,1.2542;5.2309,-9.6330,2.5066;5.6876,-8.4387,3.1108;6.0371,-8.8320,4.4296;6.5873,-8.0000,5.5322;5.8057,-10.1144,4.5880;5.3184,-10.6079,3.4301;4.9556,-11.9996,3.2248;3.8458,-12.4267,4.1954;4.4016,-12.6421,5.6006;5.5729,-13.6167,5.5187;6.6110,-13.0499,4.5549;6.0684,-12.8403,3.2582;4.6265,-4.0825,2.5168;4.4132,-2.8086,1.7080;2.1731,1.0999,3.4956;3.0033,0.4638,5.0108;4.0287,0.1799,2.1462;6.6535,-1.8630,3.6132;5.5042,-1.0486,1.0984;7.7711,-2.0585,1.3621;6.7391,-2.9147,0.2149;7.3267,-3.7850,3.0868;7.9315,-4.5344,1.6116;5.6345,-5.1673,0.9470;6.2971,-5.9913,3.6963;7.5455,-7.5680,5.2431;6.7331,-8.6230,6.4101;5.8997,-7.1925,5.7845;4.5947,-12.0348,2.1888;3.4222,-13.3606,3.8210;3.0639,-11.6662,4.1938;3.6191,-13.0313,6.2542;4.7520,-11.6898,6.0014;5.2254,-14.5841,5.1497;6.0284,-13.7603,6.4987;7.4363,-13.7477,4.3997;7.0032,-12.1049,4.9511;4.7922,-3.8260,3.5665;3.7372,-4.7119,2.4584;3.5510,-2.2661,2.0992;4.2119,-3.0659,0.6669;</g>
	</geometry>
	<conformers/>
	<properties/>
</molecule>
