<?xml version="1.0" ?>
<!--MOLLI PACKAGE EXPERIMENTAL XML FORMAT-->
<molecule name="el3139">
	<atoms>
		<a id="1" s="C" t="C.2" l="C"/>
		<a id="2" s="C" t="C.2" l="C"/>
		<a id="3" s="C" t="C.2" l="C"/>
		<a id="4" s="O" t="O.2" l="O"/>
		<a id="5" s="N" t="N.am" l="N"/>
		<a id="6" s="C" t="C.3" l="C"/>
		<a id="7" s="C" t="C.3" l="C"/>
		<a id="8" s="C" t="C.3" l="C"/>
		<a id="9" s="C" t="C.3" l="C"/>
		<a id="10" s="N" t="N.pl3" l="N"/>
		<a id="11" s="C" t="C.ar" l="C"/>
		<a id="12" s="N" t="N.ar" l="N"/>
		<a id="13" s="C" t="C.ar" l="C"/>
		<a id="14" s="Cl" t="Cl" l="CL"/>
		<a id="15" s="N" t="N.ar" l="N"/>
		<a id="16" s="C" t="C.ar" l="C"/>
		<a id="17" s="C" t="C.ar" l="C"/>
		<a id="18" s="C" t="C.ar" l="C"/>
		<a id="19" s="N" t="N.ar" l="N"/>
		<a id="20" s="N" t="N.ar" l="N"/>
		<a id="21" s="C" t="C.3" l="C"/>
		<a id="22" s="C" t="C.3" l="C"/>
		<a id="23" s="C" t="C.3" l="C"/>
		<a id="24" s="C" t="C.3" l="C"/>
		<a id="25" s="C" t="C.3" l="C"/>
		<a id="26" s="O" t="O.3" l="O"/>
		<a id="27" s="C" t="C.3" l="C"/>
		<a id="28" s="C" t="C.3" l="C"/>
		<a id="29" s="H" t="H" l="H"/>
		<a id="30" s="H" t="H" l="H"/>
		<a id="31" s="H" t="H" l="H"/>
		<a id="32" s="H" t="H" l="H"/>
		<a id="33" s="H" t="H" l="H"/>
		<a id="34" s="H" t="H" l="H"/>
		<a id="35" s="H" t="H" l="H"/>
		<a id="36" s="H" t="H" l="H"/>
		<a id="37" s="H" t="H" l="H"/>
		<a id="38" s="H" t="H" l="H"/>
		<a id="39" s="H" t="H" l="H"/>
		<a id="40" s="H" t="H" l="H"/>
		<a id="41" s="H" t="H" l="H"/>
		<a id="42" s="H" t="H" l="H"/>
		<a id="43" s="H" t="H" l="H"/>
		<a id="44" s="H" t="H" l="H"/>
		<a id="45" s="H" t="H" l="H"/>
		<a id="46" s="H" t="H" l="H"/>
		<a id="47" s="H" t="H" l="H"/>
		<a id="48" s="H" t="H" l="H"/>
		<a id="49" s="H" t="H" l="H"/>
		<a id="50" s="H" t="H" l="H"/>
		<a id="51" s="H" t="H" l="H"/>
		<a id="52" s="H" t="H" l="H"/>
		<a id="53" s="H" t="H" l="H"/>
	</atoms>
	<bonds>
		<b id="1" c="1 2" t="2"/>
		<b id="2" c="2 3" t="1"/>
		<b id="3" c="3 4" t="2"/>
		<b id="4" c="3 5" t="am"/>
		<b id="5" c="6 7" t="1"/>
		<b id="6" c="7 8" t="1"/>
		<b id="7" c="8 9" t="1"/>
		<b id="8" c="9 10" t="1"/>
		<b id="9" c="10 11" t="1"/>
		<b id="10" c="11 12" t="ar"/>
		<b id="11" c="12 13" t="ar"/>
		<b id="12" c="13 14" t="1"/>
		<b id="13" c="13 15" t="ar"/>
		<b id="14" c="15 16" t="ar"/>
		<b id="15" c="16 17" t="ar"/>
		<b id="16" c="11 17" t="ar"/>
		<b id="17" c="17 18" t="ar"/>
		<b id="18" c="18 19" t="ar"/>
		<b id="19" c="19 20" t="ar"/>
		<b id="20" c="16 20" t="ar"/>
		<b id="21" c="20 21" t="1"/>
		<b id="22" c="21 22" t="1"/>
		<b id="23" c="22 23" t="1"/>
		<b id="24" c="23 24" t="1"/>
		<b id="25" c="24 25" t="1"/>
		<b id="26" c="25 26" t="1"/>
		<b id="27" c="21 26" t="1"/>
		<b id="28" c="9 27" t="1"/>
		<b id="29" c="27 28" t="1"/>
		<b id="30" c="6 28" t="1"/>
		<b id="31" c="6 5" t="1"/>
		<b id="32" c="1 29" t="1"/>
		<b id="33" c="1 30" t="1"/>
		<b id="34" c="2 31" t="1"/>
		<b id="35" c="5 32" t="1"/>
		<b id="36" c="6 33" t="1"/>
		<b id="37" c="7 34" t="1"/>
		<b id="38" c="7 35" t="1"/>
		<b id="39" c="8 36" t="1"/>
		<b id="40" c="8 37" t="1"/>
		<b id="41" c="9 38" t="1"/>
		<b id="42" c="10 39" t="1"/>
		<b id="43" c="18 40" t="1"/>
		<b id="44" c="21 41" t="1"/>
		<b id="45" c="22 42" t="1"/>
		<b id="46" c="22 43" t="1"/>
		<b id="47" c="23 44" t="1"/>
		<b id="48" c="23 45" t="1"/>
		<b id="49" c="24 46" t="1"/>
		<b id="50" c="24 47" t="1"/>
		<b id="51" c="25 48" t="1"/>
		<b id="52" c="25 49" t="1"/>
		<b id="53" c="27 50" t="1"/>
		<b id="54" c="27 51" t="1"/>
		<b id="55" c="28 52" t="1"/>
		<b id="56" c="28 53" t="1"/>
	</bonds>
	<geometry>
		<g u="A" t="cart/3d">#53,3:0.9981,5.8837,1.6040;1.9256,5.7817,0.6652;2.7866,4.5734,0.5794;2.6404,3.5961,1.2871;3.7552,4.6522,-0.3683;4.7070,3.5837,-0.5890;4.9790,3.3960,-2.0828;5.7893,4.5505,-2.6711;7.0941,4.7319,-1.8971;7.8739,5.8085,-2.4658;9.1867,5.7197,-2.7181;9.7953,4.5429,-2.5596;11.0920,4.4568,-2.8047;11.7619,2.9053,-2.5678;11.9295,5.3896,-3.1876;11.3300,6.5733,-3.3599;9.9537,6.8249,-3.1517;9.8166,8.2000,-3.4400;10.9726,8.7176,-3.7741;11.8961,7.7387,-3.7284;13.3035,7.9321,-4.0384;13.9397,8.9466,-3.0767;13.5267,10.3718,-3.4353;13.8491,10.6169,-4.9071;13.1249,9.5674,-5.7453;13.5032,8.2461,-5.3823;6.8000,4.9961,-0.4176;6.0141,3.8313,0.1753;0.3548,6.7415,1.6996;0.8734,5.0831,2.3156;2.0894,6.5604,-0.0685;3.8692,5.5007,-0.8987;4.2299,2.6852,-0.1808;4.0312,3.2984,-2.6153;5.5370,2.4681,-2.2163;5.2135,5.4802,-2.6348;6.0117,4.3441,-3.7196;7.7121,3.8343,-1.9891;7.4465,6.7197,-2.5268;8.9391,8.8168,-3.4191;13.7510,6.9390,-3.9002;15.0237,8.8463,-3.1634;13.6497,8.6965,-2.0552;14.0558,11.0834,-2.7987;12.4534,10.4910,-3.2770;14.9258,10.5313,-5.0696;13.5270,11.6119,-5.2154;13.3873,9.6485,-6.8021;12.0404,9.6898,-5.6301;6.2319,5.9253,-0.3148;7.7418,5.1191,0.1204;5.7781,4.0301,1.2220;6.6219,2.9264,0.1316;</g>
	</geometry>
	<conformers/>
	<properties/>
</molecule>
