<?xml version="1.0" ?>
<!--MOLLI PACKAGE EXPERIMENTAL XML FORMAT-->
<molecule name="el3144">
	<atoms>
		<a id="1" s="C" t="C.3" l="C"/>
		<a id="2" s="C" t="C.2" l="C"/>
		<a id="3" s="O" t="O.2" l="O"/>
		<a id="4" s="C" t="C.ar" l="C"/>
		<a id="5" s="C" t="C.ar" l="C"/>
		<a id="6" s="C" t="C.ar" l="C"/>
		<a id="7" s="C" t="C.ar" l="C"/>
		<a id="8" s="C" t="C.ar" l="C"/>
		<a id="9" s="C" t="C.ar" l="C"/>
		<a id="10" s="C" t="C.ar" l="C"/>
		<a id="11" s="S" t="S.2" l="S"/>
		<a id="12" s="C" t="C.ar" l="C"/>
		<a id="13" s="C" t="C.ar" l="C"/>
		<a id="14" s="N" t="N.ar" l="N"/>
		<a id="15" s="C" t="C.ar" l="C"/>
		<a id="16" s="Cl" t="Cl" l="CL"/>
		<a id="17" s="N" t="N.ar" l="N"/>
		<a id="18" s="C" t="C.ar" l="C"/>
		<a id="19" s="C" t="C.ar" l="C"/>
		<a id="20" s="H" t="H" l="H"/>
		<a id="21" s="H" t="H" l="H"/>
		<a id="22" s="H" t="H" l="H"/>
		<a id="23" s="H" t="H" l="H"/>
		<a id="24" s="H" t="H" l="H"/>
		<a id="25" s="H" t="H" l="H"/>
		<a id="26" s="H" t="H" l="H"/>
		<a id="27" s="H" t="H" l="H"/>
		<a id="28" s="H" t="H" l="H"/>
	</atoms>
	<bonds>
		<b id="1" c="1 2" t="1"/>
		<b id="2" c="2 3" t="2"/>
		<b id="3" c="2 4" t="1"/>
		<b id="4" c="4 5" t="ar"/>
		<b id="5" c="5 6" t="ar"/>
		<b id="6" c="6 7" t="ar"/>
		<b id="7" c="7 8" t="ar"/>
		<b id="8" c="8 9" t="1"/>
		<b id="9" c="9 10" t="ar"/>
		<b id="10" c="10 11" t="ar"/>
		<b id="11" c="11 12" t="ar"/>
		<b id="12" c="12 13" t="ar"/>
		<b id="13" c="13 14" t="ar"/>
		<b id="14" c="14 15" t="ar"/>
		<b id="15" c="15 16" t="1"/>
		<b id="16" c="15 17" t="ar"/>
		<b id="17" c="17 18" t="ar"/>
		<b id="18" c="9 18" t="ar"/>
		<b id="19" c="12 18" t="ar"/>
		<b id="20" c="8 19" t="ar"/>
		<b id="21" c="4 19" t="ar"/>
		<b id="22" c="1 20" t="1"/>
		<b id="23" c="1 21" t="1"/>
		<b id="24" c="1 22" t="1"/>
		<b id="25" c="5 23" t="1"/>
		<b id="26" c="6 24" t="1"/>
		<b id="27" c="7 25" t="1"/>
		<b id="28" c="10 26" t="1"/>
		<b id="29" c="13 27" t="1"/>
		<b id="30" c="19 28" t="1"/>
	</bonds>
	<geometry>
		<g u="A" t="cart/3d">#28,3:1.1011,-0.2263,-0.5718;2.3306,0.1310,0.2250;2.6113,1.2798,0.4842;3.1963,-0.9937,0.6710;2.8165,-2.3332,0.5991;3.6890,-3.3184,1.0249;4.9387,-2.9927,1.5211;5.3322,-1.6574,1.6088;6.6472,-1.2994,2.1362;6.9516,-0.1054,2.7196;8.5871,0.0654,3.2394;8.9454,-1.5263,2.6668;10.1318,-2.2445,2.6755;10.1792,-3.4634,2.1770;9.0557,-3.9610,1.6741;9.1590,-5.5412,1.0451;7.8811,-3.3826,1.6066;7.8017,-2.1491,2.1037;4.4507,-0.6708,1.1811;0.6267,0.6848,-0.9272;0.3982,-0.7683,0.0575;1.3681,-0.8546,-1.4180;1.8460,-2.6119,0.2199;3.3936,-4.3556,0.9688;5.6170,-3.7679,1.8378;6.2826,0.7144,2.8969;11.0541,-1.8514,3.0800;4.7267,0.3725,1.2116;</g>
	</geometry>
	<conformers/>
	<properties/>
</molecule>
