<?xml version="1.0" ?>
<!--MOLLI PACKAGE EXPERIMENTAL XML FORMAT-->
<molecule name="el3147">
	<atoms>
		<a id="1" s="C" t="C.3" l="C"/>
		<a id="2" s="N" t="N.pl3" l="N"/>
		<a id="3" s="C" t="C.ar" l="C"/>
		<a id="4" s="C" t="C.ar" l="C"/>
		<a id="5" s="C" t="C.ar" l="C"/>
		<a id="6" s="C" t="C.ar" l="C"/>
		<a id="7" s="C" t="C.ar" l="C"/>
		<a id="8" s="C" t="C.ar" l="C"/>
		<a id="9" s="C" t="C.ar" l="C"/>
		<a id="10" s="S" t="S.2" l="S"/>
		<a id="11" s="C" t="C.ar" l="C"/>
		<a id="12" s="C" t="C.ar" l="C"/>
		<a id="13" s="N" t="N.ar" l="N"/>
		<a id="14" s="C" t="C.ar" l="C"/>
		<a id="15" s="Cl" t="Cl" l="CL"/>
		<a id="16" s="N" t="N.ar" l="N"/>
		<a id="17" s="C" t="C.ar" l="C"/>
		<a id="18" s="C" t="C.ar" l="C"/>
		<a id="19" s="S" t="S.O2" l="S"/>
		<a id="20" s="C" t="C.3" l="C"/>
		<a id="21" s="O" t="O.2" l="O"/>
		<a id="22" s="O" t="O.2" l="O"/>
		<a id="23" s="H" t="H" l="H"/>
		<a id="24" s="H" t="H" l="H"/>
		<a id="25" s="H" t="H" l="H"/>
		<a id="26" s="H" t="H" l="H"/>
		<a id="27" s="H" t="H" l="H"/>
		<a id="28" s="H" t="H" l="H"/>
		<a id="29" s="H" t="H" l="H"/>
		<a id="30" s="H" t="H" l="H"/>
		<a id="31" s="H" t="H" l="H"/>
		<a id="32" s="H" t="H" l="H"/>
		<a id="33" s="H" t="H" l="H"/>
		<a id="34" s="H" t="H" l="H"/>
	</atoms>
	<bonds>
		<b id="1" c="1 2" t="1"/>
		<b id="2" c="2 3" t="1"/>
		<b id="3" c="3 4" t="ar"/>
		<b id="4" c="4 5" t="ar"/>
		<b id="5" c="5 6" t="ar"/>
		<b id="6" c="6 7" t="ar"/>
		<b id="7" c="7 8" t="1"/>
		<b id="8" c="8 9" t="ar"/>
		<b id="9" c="9 10" t="ar"/>
		<b id="10" c="10 11" t="ar"/>
		<b id="11" c="11 12" t="ar"/>
		<b id="12" c="12 13" t="ar"/>
		<b id="13" c="13 14" t="ar"/>
		<b id="14" c="14 15" t="1"/>
		<b id="15" c="14 16" t="ar"/>
		<b id="16" c="16 17" t="ar"/>
		<b id="17" c="8 17" t="ar"/>
		<b id="18" c="11 17" t="ar"/>
		<b id="19" c="7 18" t="ar"/>
		<b id="20" c="3 18" t="ar"/>
		<b id="21" c="2 19" t="1"/>
		<b id="22" c="19 20" t="1"/>
		<b id="23" c="19 21" t="2"/>
		<b id="24" c="19 22" t="2"/>
		<b id="25" c="1 23" t="1"/>
		<b id="26" c="1 24" t="1"/>
		<b id="27" c="1 25" t="1"/>
		<b id="28" c="4 26" t="1"/>
		<b id="29" c="5 27" t="1"/>
		<b id="30" c="6 28" t="1"/>
		<b id="31" c="9 29" t="1"/>
		<b id="32" c="12 30" t="1"/>
		<b id="33" c="18 31" t="1"/>
		<b id="34" c="20 32" t="1"/>
		<b id="35" c="20 33" t="1"/>
		<b id="36" c="20 34" t="1"/>
	</bonds>
	<geometry>
		<g u="A" t="cart/3d">#34,3:1.9046,-1.4906,-0.8131;2.6783,-0.4220,-0.2264;3.4311,-0.6709,0.9318;3.1781,-1.7557,1.7698;3.9652,-1.9586,2.8909;4.9907,-1.0896,3.2091;5.2526,-0.0012,2.3780;6.3224,0.9435,2.6901;6.3573,2.2347,2.2513;7.7355,3.1424,2.7495;8.3462,1.7687,3.6046;9.5072,1.6076,4.3452;9.7774,0.4546,4.9242;8.8983,-0.5271,4.7643;9.2810,-1.9989,5.5339;7.7752,-0.4987,4.0892;7.4741,0.6543,3.4928;4.4838,0.1847,1.2331;1.9778,1.0931,-0.3935;0.7171,1.1366,0.9124;2.9388,2.1127,-0.1061;1.3272,1.1220,-1.6666;2.5537,-2.3465,-0.9945;1.5239,-1.1162,-1.7603;1.0597,-1.8021,-0.1894;2.3800,-2.4471,1.5509;3.7661,-2.8065,3.5291;5.5963,-1.2527,4.0846;5.6173,2.7284,1.6504;10.2316,2.3983,4.4823;4.6927,0.9955,0.5585;1.2100,0.9276,1.8533;-0.0407,0.3996,0.6835;0.2908,2.1309,0.9170;</g>
	</geometry>
	<conformers/>
	<properties/>
</molecule>
