<?xml version="1.0" ?>
<!--MOLLI PACKAGE EXPERIMENTAL XML FORMAT-->
<molecule name="el3149">
	<atoms>
		<a id="1" s="F" t="F" l="F"/>
		<a id="2" s="C" t="C.3" l="C"/>
		<a id="3" s="F" t="F" l="F"/>
		<a id="4" s="C" t="C.3" l="C"/>
		<a id="5" s="C" t="C.3" l="C"/>
		<a id="6" s="C" t="C.ar" l="C"/>
		<a id="7" s="N" t="N.ar" l="N"/>
		<a id="8" s="N" t="N.ar" l="N"/>
		<a id="9" s="C" t="C.3" l="C"/>
		<a id="10" s="C" t="C.3" l="C"/>
		<a id="11" s="C" t="C.3" l="C"/>
		<a id="12" s="C" t="C.ar" l="C"/>
		<a id="13" s="C" t="C.ar" l="C"/>
		<a id="14" s="O" t="O.3" l="O"/>
		<a id="15" s="C" t="C.ar" l="C"/>
		<a id="16" s="C" t="C.ar" l="C"/>
		<a id="17" s="C" t="C.ar" l="C"/>
		<a id="18" s="N" t="N.ar" l="N"/>
		<a id="19" s="C" t="C.ar" l="C"/>
		<a id="20" s="Cl" t="Cl" l="CL"/>
		<a id="21" s="C" t="C.ar" l="C"/>
		<a id="22" s="C" t="C.3" l="C"/>
		<a id="23" s="H" t="H" l="H"/>
		<a id="24" s="H" t="H" l="H"/>
		<a id="25" s="H" t="H" l="H"/>
		<a id="26" s="H" t="H" l="H"/>
		<a id="27" s="H" t="H" l="H"/>
		<a id="28" s="H" t="H" l="H"/>
		<a id="29" s="H" t="H" l="H"/>
		<a id="30" s="H" t="H" l="H"/>
		<a id="31" s="H" t="H" l="H"/>
		<a id="32" s="H" t="H" l="H"/>
		<a id="33" s="H" t="H" l="H"/>
		<a id="34" s="H" t="H" l="H"/>
		<a id="35" s="H" t="H" l="H"/>
		<a id="36" s="H" t="H" l="H"/>
	</atoms>
	<bonds>
		<b id="1" c="1 2" t="1"/>
		<b id="2" c="2 3" t="1"/>
		<b id="3" c="2 4" t="1"/>
		<b id="4" c="4 5" t="1"/>
		<b id="5" c="5 6" t="1"/>
		<b id="6" c="6 7" t="ar"/>
		<b id="7" c="7 8" t="ar"/>
		<b id="8" c="8 9" t="1"/>
		<b id="9" c="9 10" t="1"/>
		<b id="10" c="10 11" t="1"/>
		<b id="11" c="9 11" t="1"/>
		<b id="12" c="8 12" t="ar"/>
		<b id="13" c="12 13" t="ar"/>
		<b id="14" c="6 13" t="ar"/>
		<b id="15" c="13 14" t="1"/>
		<b id="16" c="14 15" t="1"/>
		<b id="17" c="15 16" t="ar"/>
		<b id="18" c="16 17" t="ar"/>
		<b id="19" c="17 18" t="ar"/>
		<b id="20" c="18 19" t="ar"/>
		<b id="21" c="19 20" t="1"/>
		<b id="22" c="19 21" t="ar"/>
		<b id="23" c="15 21" t="ar"/>
		<b id="24" c="5 22" t="1"/>
		<b id="25" c="2 22" t="1"/>
		<b id="26" c="4 23" t="1"/>
		<b id="27" c="4 24" t="1"/>
		<b id="28" c="5 25" t="1"/>
		<b id="29" c="9 26" t="1"/>
		<b id="30" c="10 27" t="1"/>
		<b id="31" c="10 28" t="1"/>
		<b id="32" c="11 29" t="1"/>
		<b id="33" c="11 30" t="1"/>
		<b id="34" c="12 31" t="1"/>
		<b id="35" c="16 32" t="1"/>
		<b id="36" c="17 33" t="1"/>
		<b id="37" c="21 34" t="1"/>
		<b id="38" c="22 35" t="1"/>
		<b id="39" c="22 36" t="1"/>
	</bonds>
	<geometry>
		<g u="A" t="cart/3d">#36,3:1.1588,0.0387,1.6216;2.0904,0.0420,0.6304;1.3757,0.0834,-0.5228;3.1258,-1.0740,0.7412;4.1928,-0.0138,1.1194;5.4269,-0.0244,0.2972;5.4187,0.1908,-1.0108;6.6717,0.0980,-1.4281;7.0022,0.2807,-2.7986;6.2484,1.3127,-3.5863;6.0058,-0.1423,-3.8376;7.5232,-0.1717,-0.4188;6.7481,-0.2641,0.7245;7.1294,-0.4454,2.0297;8.0147,-1.4141,2.3507;8.5581,-1.3743,3.6398;9.4543,-2.3565,4.0042;9.8308,-3.3411,3.2011;9.3014,-3.3760,1.9987;9.8009,-4.6757,0.9892;8.3910,-2.4538,1.5049;3.1740,1.1041,0.7921;3.3133,-1.5432,-0.2213;2.9035,-1.8269,1.4927;4.4633,-0.0496,2.1747;8.0591,0.1375,-2.9802;6.7897,1.8909,-4.3183;5.4821,1.8567,-3.0577;6.3761,-0.5881,-4.7471;5.0792,-0.5571,-3.4740;8.5792,-0.2724,-0.5653;8.2724,-0.5849,4.3145;9.9068,-2.3662,4.9854;7.9865,-2.5575,0.5118;3.3898,1.6038,-0.1485;2.9832,1.8315,1.5765;</g>
	</geometry>
	<conformers/>
	<properties/>
</molecule>
