<?xml version="1.0" ?>
<!--MOLLI PACKAGE EXPERIMENTAL XML FORMAT-->
<molecule name="el3015">
	<atoms>
		<a id="1" s="C" t="C.3" l="C"/>
		<a id="2" s="O" t="O.3" l="O"/>
		<a id="3" s="C" t="C.ar" l="C"/>
		<a id="4" s="C" t="C.ar" l="C"/>
		<a id="5" s="C" t="C.ar" l="C"/>
		<a id="6" s="C" t="C.ar" l="C"/>
		<a id="7" s="C" t="C.ar" l="C"/>
		<a id="8" s="Cl" t="Cl" l="CL"/>
		<a id="9" s="C" t="C.ar" l="C"/>
		<a id="10" s="C" t="C.ar" l="C"/>
		<a id="11" s="C" t="C.3" l="C"/>
		<a id="12" s="N" t="N.ar" l="N"/>
		<a id="13" s="C" t="C.ar" l="C"/>
		<a id="14" s="C" t="C.ar" l="C"/>
		<a id="15" s="H" t="H" l="H"/>
		<a id="16" s="H" t="H" l="H"/>
		<a id="17" s="H" t="H" l="H"/>
		<a id="18" s="H" t="H" l="H"/>
		<a id="19" s="H" t="H" l="H"/>
		<a id="20" s="H" t="H" l="H"/>
		<a id="21" s="H" t="H" l="H"/>
		<a id="22" s="H" t="H" l="H"/>
		<a id="23" s="H" t="H" l="H"/>
		<a id="24" s="H" t="H" l="H"/>
	</atoms>
	<bonds>
		<b id="1" c="1 2" t="1"/>
		<b id="2" c="2 3" t="1"/>
		<b id="3" c="3 4" t="ar"/>
		<b id="4" c="4 5" t="ar"/>
		<b id="5" c="5 6" t="ar"/>
		<b id="6" c="6 7" t="ar"/>
		<b id="7" c="7 8" t="1"/>
		<b id="8" c="7 9" t="ar"/>
		<b id="9" c="9 10" t="ar"/>
		<b id="10" c="10 11" t="1"/>
		<b id="11" c="10 12" t="ar"/>
		<b id="12" c="12 13" t="ar"/>
		<b id="13" c="6 13" t="ar"/>
		<b id="14" c="13 14" t="ar"/>
		<b id="15" c="3 14" t="ar"/>
		<b id="16" c="1 15" t="1"/>
		<b id="17" c="1 16" t="1"/>
		<b id="18" c="1 17" t="1"/>
		<b id="19" c="4 18" t="1"/>
		<b id="20" c="5 19" t="1"/>
		<b id="21" c="9 20" t="1"/>
		<b id="22" c="11 21" t="1"/>
		<b id="23" c="11 22" t="1"/>
		<b id="24" c="11 23" t="1"/>
		<b id="25" c="14 24" t="1"/>
	</bonds>
	<geometry>
		<g u="A" t="cart/3d">#24,3:1.5375,-0.0352,0.8041;2.5081,-0.0925,-0.2142;3.0844,1.0591,-0.6453;2.7851,2.3355,-0.1267;3.4141,3.4468,-0.6163;4.3669,3.3481,-1.6432;5.0632,4.4375,-2.2083;4.7715,6.0435,-1.6326;5.9694,4.2318,-3.2117;6.1911,2.9121,-3.6666;7.1708,2.6480,-4.7663;5.5685,1.8801,-3.1644;4.6727,2.0597,-2.1755;4.0166,0.9355,-1.6547;1.2279,-1.0660,0.9700;0.6682,0.5569,0.5004;1.9498,0.3700,1.7337;2.0575,2.4481,0.6615;3.1793,4.4203,-0.2125;6.5072,5.0563,-3.6517;7.6189,3.5695,-5.1261;6.6679,2.1446,-5.5891;7.9527,1.9823,-4.4070;4.2499,-0.0362,-2.0564;</g>
	</geometry>
	<conformers/>
	<properties/>
</molecule>
