<?xml version="1.0" ?>
<!--MOLLI PACKAGE EXPERIMENTAL XML FORMAT-->
<molecule name="el3152">
	<atoms>
		<a id="1" s="Cl" t="Cl" l="CL"/>
		<a id="2" s="C" t="C.ar" l="C"/>
		<a id="3" s="C" t="C.ar" l="C"/>
		<a id="4" s="C" t="C.ar" l="C"/>
		<a id="5" s="C" t="C.ar" l="C"/>
		<a id="6" s="C" t="C.ar" l="C"/>
		<a id="7" s="N" t="N.pl3" l="N"/>
		<a id="8" s="C" t="C.3" l="C"/>
		<a id="9" s="C" t="C.3" l="C"/>
		<a id="10" s="C" t="C.3" l="C"/>
		<a id="11" s="C" t="C.3" l="C"/>
		<a id="12" s="C" t="C.3" l="C"/>
		<a id="13" s="N" t="N.ar" l="N"/>
		<a id="14" s="H" t="H" l="H"/>
		<a id="15" s="H" t="H" l="H"/>
		<a id="16" s="H" t="H" l="H"/>
		<a id="17" s="H" t="H" l="H"/>
		<a id="18" s="H" t="H" l="H"/>
		<a id="19" s="H" t="H" l="H"/>
		<a id="20" s="H" t="H" l="H"/>
		<a id="21" s="H" t="H" l="H"/>
		<a id="22" s="H" t="H" l="H"/>
		<a id="23" s="H" t="H" l="H"/>
		<a id="24" s="H" t="H" l="H"/>
		<a id="25" s="H" t="H" l="H"/>
		<a id="26" s="H" t="H" l="H"/>
	</atoms>
	<bonds>
		<b id="1" c="1 2" t="1"/>
		<b id="2" c="2 3" t="ar"/>
		<b id="3" c="3 4" t="ar"/>
		<b id="4" c="4 5" t="ar"/>
		<b id="5" c="5 6" t="ar"/>
		<b id="6" c="6 7" t="1"/>
		<b id="7" c="7 8" t="1"/>
		<b id="8" c="8 9" t="1"/>
		<b id="9" c="9 10" t="1"/>
		<b id="10" c="10 11" t="1"/>
		<b id="11" c="11 12" t="1"/>
		<b id="12" c="7 12" t="1"/>
		<b id="13" c="6 13" t="ar"/>
		<b id="14" c="2 13" t="ar"/>
		<b id="15" c="3 14" t="1"/>
		<b id="16" c="4 15" t="1"/>
		<b id="17" c="5 16" t="1"/>
		<b id="18" c="8 17" t="1"/>
		<b id="19" c="8 18" t="1"/>
		<b id="20" c="9 19" t="1"/>
		<b id="21" c="9 20" t="1"/>
		<b id="22" c="10 21" t="1"/>
		<b id="23" c="10 22" t="1"/>
		<b id="24" c="11 23" t="1"/>
		<b id="25" c="11 24" t="1"/>
		<b id="26" c="12 25" t="1"/>
		<b id="27" c="12 26" t="1"/>
	</bonds>
	<geometry>
		<g u="A" t="cart/3d">#26,3:-0.0797,-0.1786,-3.1734;0.4627,-0.2428,-1.5346;-0.0645,0.6289,-0.6010;0.4311,0.5054,0.6927;1.3871,-0.4405,0.9871;1.8548,-1.2821,-0.0422;2.8358,-2.2067,0.1190;3.1022,-3.1542,-0.9447;2.3504,-4.4612,-0.6873;2.7441,-5.0309,0.6738;2.5197,-3.9854,1.7642;3.2712,-2.7000,1.4044;1.3686,-1.1566,-1.2848;-0.8141,1.3543,-0.8651;0.0600,1.1548,1.4721;1.7601,-0.5208,1.9940;4.1807,-3.3412,-0.9697;2.7892,-2.7062,-1.8860;2.5740,-5.1772,-1.4788;1.2784,-4.2560,-0.7055;3.8000,-5.3124,0.6569;2.1620,-5.9286,0.8896;2.8667,-4.3586,2.7290;1.4538,-3.7619,1.8459;4.3432,-2.9155,1.3304;3.1359,-1.9440,2.1756;</g>
	</geometry>
	<conformers/>
	<properties/>
</molecule>
