<?xml version="1.0" ?>
<!--MOLLI PACKAGE EXPERIMENTAL XML FORMAT-->
<molecule name="el3153">
	<atoms>
		<a id="1" s="C" t="C.3" l="C"/>
		<a id="2" s="C" t="C.ar" l="C"/>
		<a id="3" s="C" t="C.ar" l="C"/>
		<a id="4" s="N" t="N.ar" l="N"/>
		<a id="5" s="C" t="C.ar" l="C"/>
		<a id="6" s="Cl" t="Cl" l="CL"/>
		<a id="7" s="C" t="C.ar" l="C"/>
		<a id="8" s="C" t="C.ar" l="C"/>
		<a id="9" s="S" t="S.O2" l="S"/>
		<a id="10" s="O" t="O.2" l="O"/>
		<a id="11" s="O" t="O.2" l="O"/>
		<a id="12" s="N" t="N.3" l="N"/>
		<a id="13" s="C" t="C.3" l="C"/>
		<a id="14" s="C" t="C.3" l="C"/>
		<a id="15" s="H" t="H" l="H"/>
		<a id="16" s="H" t="H" l="H"/>
		<a id="17" s="H" t="H" l="H"/>
		<a id="18" s="H" t="H" l="H"/>
		<a id="19" s="H" t="H" l="H"/>
		<a id="20" s="H" t="H" l="H"/>
		<a id="21" s="H" t="H" l="H"/>
		<a id="22" s="H" t="H" l="H"/>
		<a id="23" s="H" t="H" l="H"/>
		<a id="24" s="H" t="H" l="H"/>
		<a id="25" s="H" t="H" l="H"/>
	</atoms>
	<bonds>
		<b id="1" c="1 2" t="1"/>
		<b id="2" c="2 3" t="ar"/>
		<b id="3" c="3 4" t="ar"/>
		<b id="4" c="4 5" t="ar"/>
		<b id="5" c="5 6" t="1"/>
		<b id="6" c="5 7" t="ar"/>
		<b id="7" c="7 8" t="ar"/>
		<b id="8" c="2 8" t="ar"/>
		<b id="9" c="8 9" t="1"/>
		<b id="10" c="9 10" t="2"/>
		<b id="11" c="9 11" t="2"/>
		<b id="12" c="9 12" t="1"/>
		<b id="13" c="12 13" t="1"/>
		<b id="14" c="12 14" t="1"/>
		<b id="15" c="1 15" t="1"/>
		<b id="16" c="1 16" t="1"/>
		<b id="17" c="1 17" t="1"/>
		<b id="18" c="3 18" t="1"/>
		<b id="19" c="7 19" t="1"/>
		<b id="20" c="13 20" t="1"/>
		<b id="21" c="13 21" t="1"/>
		<b id="22" c="13 22" t="1"/>
		<b id="23" c="14 23" t="1"/>
		<b id="24" c="14 24" t="1"/>
		<b id="25" c="14 25" t="1"/>
	</bonds>
	<geometry>
		<g u="A" t="cart/3d">#25,3:-3.5110,-0.2864,0.5875;-2.0832,-0.1011,0.2112;-1.1264,-1.0994,0.3912;0.1484,-0.9638,0.0776;0.5519,0.1820,-0.4258;2.2198,0.3052,-0.8074;-0.2945,1.2639,-0.6549;-1.6254,1.0961,-0.3362;-2.8077,2.4388,-0.5930;-3.8397,1.9496,-1.4645;-3.1818,2.9385,0.6978;-1.8617,3.5883,-1.3708;-1.8246,3.4176,-2.8057;-2.0162,4.9539,-0.9210;-3.6714,-1.2631,1.0386;-4.1440,-0.1799,-0.2951;-3.8079,0.4946,1.2854;-1.3974,-2.0594,0.8091;0.0703,2.1936,-1.0566;-1.7513,2.3539,-3.0223;-0.9498,3.9335,-3.2041;-2.7275,3.8087,-3.2877;-2.2013,4.9263,0.1498;-2.8530,5.4577,-1.4176;-1.0953,5.5039,-1.1216;</g>
	</geometry>
	<conformers/>
	<properties/>
</molecule>
