<?xml version="1.0" ?>
<!--MOLLI PACKAGE EXPERIMENTAL XML FORMAT-->
<molecule name="el3156">
	<atoms>
		<a id="1" s="O" t="O.3" l="O"/>
		<a id="2" s="C" t="C.ar" l="C"/>
		<a id="3" s="C" t="C.ar" l="C"/>
		<a id="4" s="C" t="C.ar" l="C"/>
		<a id="5" s="C" t="C.ar" l="C"/>
		<a id="6" s="C" t="C.ar" l="C"/>
		<a id="7" s="Cl" t="Cl" l="CL"/>
		<a id="8" s="C" t="C.ar" l="C"/>
		<a id="9" s="H" t="H" l="H"/>
		<a id="10" s="H" t="H" l="H"/>
		<a id="11" s="H" t="H" l="H"/>
		<a id="12" s="H" t="H" l="H"/>
		<a id="13" s="H" t="H" l="H"/>
	</atoms>
	<bonds>
		<b id="1" c="1 2" t="1"/>
		<b id="2" c="2 3" t="ar"/>
		<b id="3" c="3 4" t="ar"/>
		<b id="4" c="4 5" t="ar"/>
		<b id="5" c="5 6" t="ar"/>
		<b id="6" c="6 7" t="1"/>
		<b id="7" c="6 8" t="ar"/>
		<b id="8" c="2 8" t="ar"/>
		<b id="9" c="1 9" t="1"/>
		<b id="10" c="3 10" t="1"/>
		<b id="11" c="4 11" t="1"/>
		<b id="12" c="5 12" t="1"/>
		<b id="13" c="8 13" t="1"/>
	</bonds>
	<geometry>
		<g u="A" t="cart/3d">#13,3:2.5923,-1.3991,-0.0013;1.6294,-0.4445,-0.0016;1.9279,0.9140,0.0007;0.9055,1.8456,0.0002;-0.4184,1.4446,-0.0025;-0.7039,0.0876,-0.0047;-2.3499,-0.4349,-0.0082;0.3011,-0.8610,-0.0043;3.4660,-0.9891,0.0007;2.9601,1.2372,0.0029;1.1440,2.8984,0.0020;-1.2175,2.1677,-0.0030;0.0798,-1.9156,-0.0060;</g>
	</geometry>
	<conformers/>
	<properties/>
</molecule>
