<?xml version="1.0" ?>
<!--MOLLI PACKAGE EXPERIMENTAL XML FORMAT-->
<molecule name="el3159">
	<atoms>
		<a id="1" s="C" t="C.3" l="C"/>
		<a id="2" s="C" t="C.ar" l="C"/>
		<a id="3" s="N" t="N.ar" l="N"/>
		<a id="4" s="C" t="C.ar" l="C"/>
		<a id="5" s="C" t="C.ar" l="C"/>
		<a id="6" s="Cl" t="Cl" l="CL"/>
		<a id="7" s="N" t="N.ar" l="N"/>
		<a id="8" s="C" t="C.ar" l="C"/>
		<a id="9" s="C" t="C.ar" l="C"/>
		<a id="10" s="C" t="C.ar" l="C"/>
		<a id="11" s="C" t="C.ar" l="C"/>
		<a id="12" s="C" t="C.3" l="C"/>
		<a id="13" s="H" t="H" l="H"/>
		<a id="14" s="H" t="H" l="H"/>
		<a id="15" s="H" t="H" l="H"/>
		<a id="16" s="H" t="H" l="H"/>
		<a id="17" s="H" t="H" l="H"/>
		<a id="18" s="H" t="H" l="H"/>
		<a id="19" s="H" t="H" l="H"/>
		<a id="20" s="H" t="H" l="H"/>
		<a id="21" s="H" t="H" l="H"/>
	</atoms>
	<bonds>
		<b id="1" c="1 2" t="1"/>
		<b id="2" c="2 3" t="ar"/>
		<b id="3" c="3 4" t="ar"/>
		<b id="4" c="4 5" t="ar"/>
		<b id="5" c="5 6" t="1"/>
		<b id="6" c="5 7" t="ar"/>
		<b id="7" c="7 8" t="ar"/>
		<b id="8" c="8 9" t="ar"/>
		<b id="9" c="9 10" t="ar"/>
		<b id="10" c="4 10" t="ar"/>
		<b id="11" c="10 11" t="ar"/>
		<b id="12" c="2 11" t="ar"/>
		<b id="13" c="11 12" t="1"/>
		<b id="14" c="1 13" t="1"/>
		<b id="15" c="1 14" t="1"/>
		<b id="16" c="1 15" t="1"/>
		<b id="17" c="3 16" t="1"/>
		<b id="18" c="8 17" t="1"/>
		<b id="19" c="9 18" t="1"/>
		<b id="20" c="12 19" t="1"/>
		<b id="21" c="12 20" t="1"/>
		<b id="22" c="12 21" t="1"/>
	</bonds>
	<geometry>
		<g u="A" t="cart/3d">#21,3:0.9589,0.0556,0.0624;2.4413,-0.0514,0.0622;3.2408,1.0604,0.0612;4.5431,0.6697,0.0612;5.7423,1.3677,0.0603;5.7344,3.0989,0.0593;6.9029,0.7687,0.0603;6.9395,-0.5682,0.0612;5.8268,-1.3774,0.0621;4.5755,-0.7513,0.0620;3.2201,-1.1835,0.0627;2.7270,-2.5908,0.0636;0.6468,1.0970,0.0619;0.5431,-0.4347,0.9421;0.5428,-0.4357,-0.8166;2.9268,2.0167,0.0608;7.9373,-0.9832,0.0611;5.9216,-2.4516,0.0627;3.5634,-3.2835,0.0637;2.1147,-2.7850,-0.8169;2.1154,-2.7840,0.9449;</g>
	</geometry>
	<conformers/>
	<properties/>
</molecule>
