<?xml version="1.0" ?>
<!--MOLLI PACKAGE EXPERIMENTAL XML FORMAT-->
<molecule name="el3016">
	<atoms>
		<a id="1" s="C" t="C.3" l="C"/>
		<a id="2" s="C" t="C.3" l="C"/>
		<a id="3" s="C" t="C.3" l="C"/>
		<a id="4" s="C" t="C.3" l="C"/>
		<a id="5" s="O" t="O.3" l="O"/>
		<a id="6" s="C" t="C.2" l="C"/>
		<a id="7" s="O" t="O.2" l="O"/>
		<a id="8" s="N" t="N.am" l="N"/>
		<a id="9" s="C" t="C.3" l="C"/>
		<a id="10" s="C" t="C.ar" l="C"/>
		<a id="11" s="C" t="C.ar" l="C"/>
		<a id="12" s="C" t="C.ar" l="C"/>
		<a id="13" s="C" t="C.ar" l="C"/>
		<a id="14" s="C" t="C.ar" l="C"/>
		<a id="15" s="N" t="N.ar" l="N"/>
		<a id="16" s="C" t="C.ar" l="C"/>
		<a id="17" s="Cl" t="Cl" l="CL"/>
		<a id="18" s="N" t="N.ar" l="N"/>
		<a id="19" s="C" t="C.ar" l="C"/>
		<a id="20" s="C" t="C.ar" l="C"/>
		<a id="21" s="N" t="N.ar" l="N"/>
		<a id="22" s="C" t="C.ar" l="C"/>
		<a id="23" s="N" t="N.ar" l="N"/>
		<a id="24" s="C" t="C.3" l="C"/>
		<a id="25" s="C" t="C.3" l="C"/>
		<a id="26" s="C" t="C.3" l="C"/>
		<a id="27" s="C" t="C.3" l="C"/>
		<a id="28" s="C" t="C.3" l="C"/>
		<a id="29" s="O" t="O.3" l="O"/>
		<a id="30" s="C" t="C.ar" l="C"/>
		<a id="31" s="C" t="C.ar" l="C"/>
		<a id="32" s="H" t="H" l="H"/>
		<a id="33" s="H" t="H" l="H"/>
		<a id="34" s="H" t="H" l="H"/>
		<a id="35" s="H" t="H" l="H"/>
		<a id="36" s="H" t="H" l="H"/>
		<a id="37" s="H" t="H" l="H"/>
		<a id="38" s="H" t="H" l="H"/>
		<a id="39" s="H" t="H" l="H"/>
		<a id="40" s="H" t="H" l="H"/>
		<a id="41" s="H" t="H" l="H"/>
		<a id="42" s="H" t="H" l="H"/>
		<a id="43" s="H" t="H" l="H"/>
		<a id="44" s="H" t="H" l="H"/>
		<a id="45" s="H" t="H" l="H"/>
		<a id="46" s="H" t="H" l="H"/>
		<a id="47" s="H" t="H" l="H"/>
		<a id="48" s="H" t="H" l="H"/>
		<a id="49" s="H" t="H" l="H"/>
		<a id="50" s="H" t="H" l="H"/>
		<a id="51" s="H" t="H" l="H"/>
		<a id="52" s="H" t="H" l="H"/>
		<a id="53" s="H" t="H" l="H"/>
		<a id="54" s="H" t="H" l="H"/>
		<a id="55" s="H" t="H" l="H"/>
		<a id="56" s="H" t="H" l="H"/>
		<a id="57" s="H" t="H" l="H"/>
	</atoms>
	<bonds>
		<b id="1" c="1 2" t="1"/>
		<b id="2" c="2 3" t="1"/>
		<b id="3" c="2 4" t="1"/>
		<b id="4" c="2 5" t="1"/>
		<b id="5" c="5 6" t="1"/>
		<b id="6" c="6 7" t="2"/>
		<b id="7" c="6 8" t="am"/>
		<b id="8" c="8 9" t="1"/>
		<b id="9" c="9 10" t="1"/>
		<b id="10" c="10 11" t="ar"/>
		<b id="11" c="11 12" t="ar"/>
		<b id="12" c="12 13" t="ar"/>
		<b id="13" c="13 14" t="1"/>
		<b id="14" c="14 15" t="ar"/>
		<b id="15" c="15 16" t="ar"/>
		<b id="16" c="16 17" t="1"/>
		<b id="17" c="16 18" t="ar"/>
		<b id="18" c="18 19" t="ar"/>
		<b id="19" c="19 20" t="ar"/>
		<b id="20" c="14 20" t="ar"/>
		<b id="21" c="20 21" t="ar"/>
		<b id="22" c="21 22" t="ar"/>
		<b id="23" c="22 23" t="ar"/>
		<b id="24" c="19 23" t="ar"/>
		<b id="25" c="23 24" t="1"/>
		<b id="26" c="24 25" t="1"/>
		<b id="27" c="25 26" t="1"/>
		<b id="28" c="26 27" t="1"/>
		<b id="29" c="27 28" t="1"/>
		<b id="30" c="28 29" t="1"/>
		<b id="31" c="24 29" t="1"/>
		<b id="32" c="13 30" t="ar"/>
		<b id="33" c="30 31" t="ar"/>
		<b id="34" c="10 31" t="ar"/>
		<b id="35" c="1 32" t="1"/>
		<b id="36" c="1 33" t="1"/>
		<b id="37" c="1 34" t="1"/>
		<b id="38" c="3 35" t="1"/>
		<b id="39" c="3 36" t="1"/>
		<b id="40" c="3 37" t="1"/>
		<b id="41" c="4 38" t="1"/>
		<b id="42" c="4 39" t="1"/>
		<b id="43" c="4 40" t="1"/>
		<b id="44" c="8 41" t="1"/>
		<b id="45" c="9 42" t="1"/>
		<b id="46" c="9 43" t="1"/>
		<b id="47" c="11 44" t="1"/>
		<b id="48" c="12 45" t="1"/>
		<b id="49" c="22 46" t="1"/>
		<b id="50" c="24 47" t="1"/>
		<b id="51" c="25 48" t="1"/>
		<b id="52" c="25 49" t="1"/>
		<b id="53" c="26 50" t="1"/>
		<b id="54" c="26 51" t="1"/>
		<b id="55" c="27 52" t="1"/>
		<b id="56" c="27 53" t="1"/>
		<b id="57" c="28 54" t="1"/>
		<b id="58" c="28 55" t="1"/>
		<b id="59" c="30 56" t="1"/>
		<b id="60" c="31 57" t="1"/>
	</bonds>
	<geometry>
		<g u="A" t="cart/3d">#57,3:8.3853,-0.9983,-1.0112;9.0916,-0.7594,0.3234;8.7351,-1.8445,1.3401;10.6068,-0.6909,0.1260;8.7443,0.5496,0.8389;7.4670,0.8431,1.1405;6.5135,0.1067,1.0521;7.3980,2.1229,1.5850;6.1505,2.7606,1.9339;6.2653,3.4988,3.2393;5.8782,4.8301,3.3440;6.0139,5.5086,4.5375;6.5474,4.8656,5.6558;6.7027,5.6034,6.9007;6.3318,6.8874,6.9096;6.4587,7.5960,8.0082;5.9543,9.2269,7.8994;6.9296,7.2247,9.1827;7.3125,5.9522,9.2013;7.2224,5.0732,8.0900;7.6943,3.8416,8.4621;8.0367,3.9681,9.7037;7.8449,5.2223,10.2199;8.1612,5.5967,11.5977;8.3548,7.1070,11.7435;9.6525,7.5451,11.0700;10.8054,6.7186,11.6339;10.4964,5.2372,11.4404;9.2633,4.8619,12.0397;6.9305,3.5258,5.5561;6.7883,2.8567,4.3580;8.7148,-1.9419,-1.4390;8.6186,-0.1931,-1.7053;7.3091,-1.0334,-0.8624;9.0904,-2.8088,0.9860;7.6578,-1.8925,1.4755;9.2022,-1.6253,2.2999;10.9658,-1.6198,-0.3064;11.1021,-0.5283,1.0802;10.8588,0.1318,-0.5390;8.2385,2.6761,1.5663;5.4101,1.9564,2.0071;5.8340,3.4475,1.1383;5.4683,5.3365,2.4816;5.7209,6.5424,4.6286;8.4453,3.1790,10.3050;7.3277,5.2592,12.2332;8.4065,7.3251,12.8115;7.5007,7.6249,11.3135;9.8190,8.6087,11.2450;9.5790,7.3924,9.9908;10.9178,6.9266,12.6998;11.7427,6.9588,11.1315;11.2426,4.6060,11.9272;10.4814,4.9982,10.3664;7.3356,3.0262,6.4217;7.0848,1.8212,4.2780;</g>
	</geometry>
	<conformers/>
	<properties/>
</molecule>
