<?xml version="1.0" ?>
<!--MOLLI PACKAGE EXPERIMENTAL XML FORMAT-->
<molecule name="el3161">
	<atoms>
		<a id="1" s="C" t="C.3" l="C"/>
		<a id="2" s="O" t="O.3" l="O"/>
		<a id="3" s="C" t="C.ar" l="C"/>
		<a id="4" s="C" t="C.ar" l="C"/>
		<a id="5" s="C" t="C.ar" l="C"/>
		<a id="6" s="C" t="C.ar" l="C"/>
		<a id="7" s="C" t="C.ar" l="C"/>
		<a id="8" s="C" t="C.ar" l="C"/>
		<a id="9" s="N" t="N.ar" l="N"/>
		<a id="10" s="C" t="C.ar" l="C"/>
		<a id="11" s="Cl" t="Cl" l="CL"/>
		<a id="12" s="C" t="C.ar" l="C"/>
		<a id="13" s="C" t="C.ar" l="C"/>
		<a id="14" s="N" t="N.pl3" l="N"/>
		<a id="15" s="C" t="C.3" l="C"/>
		<a id="16" s="C" t="C.3" l="C"/>
		<a id="17" s="C" t="C.3" l="C"/>
		<a id="18" s="N" t="N.am" l="N"/>
		<a id="19" s="C" t="C.2" l="C"/>
		<a id="20" s="O" t="O.2" l="O"/>
		<a id="21" s="O" t="O.3" l="O"/>
		<a id="22" s="C" t="C.3" l="C"/>
		<a id="23" s="C" t="C.3" l="C"/>
		<a id="24" s="C" t="C.3" l="C"/>
		<a id="25" s="C" t="C.3" l="C"/>
		<a id="26" s="C" t="C.3" l="C"/>
		<a id="27" s="C" t="C.3" l="C"/>
		<a id="28" s="O" t="O.3" l="O"/>
		<a id="29" s="C" t="C.ar" l="C"/>
		<a id="30" s="C" t="C.ar" l="C"/>
		<a id="31" s="H" t="H" l="H"/>
		<a id="32" s="H" t="H" l="H"/>
		<a id="33" s="H" t="H" l="H"/>
		<a id="34" s="H" t="H" l="H"/>
		<a id="35" s="H" t="H" l="H"/>
		<a id="36" s="H" t="H" l="H"/>
		<a id="37" s="H" t="H" l="H"/>
		<a id="38" s="H" t="H" l="H"/>
		<a id="39" s="H" t="H" l="H"/>
		<a id="40" s="H" t="H" l="H"/>
		<a id="41" s="H" t="H" l="H"/>
		<a id="42" s="H" t="H" l="H"/>
		<a id="43" s="H" t="H" l="H"/>
		<a id="44" s="H" t="H" l="H"/>
		<a id="45" s="H" t="H" l="H"/>
		<a id="46" s="H" t="H" l="H"/>
		<a id="47" s="H" t="H" l="H"/>
		<a id="48" s="H" t="H" l="H"/>
		<a id="49" s="H" t="H" l="H"/>
		<a id="50" s="H" t="H" l="H"/>
		<a id="51" s="H" t="H" l="H"/>
		<a id="52" s="H" t="H" l="H"/>
		<a id="53" s="H" t="H" l="H"/>
		<a id="54" s="H" t="H" l="H"/>
		<a id="55" s="H" t="H" l="H"/>
		<a id="56" s="H" t="H" l="H"/>
		<a id="57" s="H" t="H" l="H"/>
		<a id="58" s="H" t="H" l="H"/>
	</atoms>
	<bonds>
		<b id="1" c="1 2" t="1"/>
		<b id="2" c="2 3" t="1"/>
		<b id="3" c="3 4" t="ar"/>
		<b id="4" c="4 5" t="ar"/>
		<b id="5" c="5 6" t="ar"/>
		<b id="6" c="6 7" t="1"/>
		<b id="7" c="7 8" t="ar"/>
		<b id="8" c="8 9" t="ar"/>
		<b id="9" c="9 10" t="ar"/>
		<b id="10" c="10 11" t="1"/>
		<b id="11" c="10 12" t="ar"/>
		<b id="12" c="12 13" t="ar"/>
		<b id="13" c="7 13" t="ar"/>
		<b id="14" c="13 14" t="1"/>
		<b id="15" c="14 15" t="1"/>
		<b id="16" c="15 16" t="1"/>
		<b id="17" c="16 17" t="1"/>
		<b id="18" c="17 18" t="1"/>
		<b id="19" c="18 19" t="am"/>
		<b id="20" c="19 20" t="2"/>
		<b id="21" c="19 21" t="1"/>
		<b id="22" c="21 22" t="1"/>
		<b id="23" c="22 23" t="1"/>
		<b id="24" c="22 24" t="1"/>
		<b id="25" c="22 25" t="1"/>
		<b id="26" c="18 26" t="1"/>
		<b id="27" c="26 27" t="1"/>
		<b id="28" c="27 28" t="1"/>
		<b id="29" c="16 28" t="1"/>
		<b id="30" c="6 29" t="ar"/>
		<b id="31" c="29 30" t="ar"/>
		<b id="32" c="3 30" t="ar"/>
		<b id="33" c="1 31" t="1"/>
		<b id="34" c="1 32" t="1"/>
		<b id="35" c="1 33" t="1"/>
		<b id="36" c="4 34" t="1"/>
		<b id="37" c="5 35" t="1"/>
		<b id="38" c="8 36" t="1"/>
		<b id="39" c="12 37" t="1"/>
		<b id="40" c="14 38" t="1"/>
		<b id="41" c="15 39" t="1"/>
		<b id="42" c="15 40" t="1"/>
		<b id="43" c="16 41" t="1"/>
		<b id="44" c="17 42" t="1"/>
		<b id="45" c="17 43" t="1"/>
		<b id="46" c="23 44" t="1"/>
		<b id="47" c="23 45" t="1"/>
		<b id="48" c="23 46" t="1"/>
		<b id="49" c="24 47" t="1"/>
		<b id="50" c="24 48" t="1"/>
		<b id="51" c="24 49" t="1"/>
		<b id="52" c="25 50" t="1"/>
		<b id="53" c="25 51" t="1"/>
		<b id="54" c="25 52" t="1"/>
		<b id="55" c="26 53" t="1"/>
		<b id="56" c="26 54" t="1"/>
		<b id="57" c="27 55" t="1"/>
		<b id="58" c="27 56" t="1"/>
		<b id="59" c="29 57" t="1"/>
		<b id="60" c="30 58" t="1"/>
	</bonds>
	<geometry>
		<g u="A" t="cart/3d">#58,3:1.4598,0.7310,-1.1101;1.2761,-0.6547,-1.2667;2.3538,-1.4253,-1.5770;3.6481,-0.9530,-1.7628;4.6651,-1.8343,-2.0863;4.4249,-3.1963,-2.2336;5.5079,-4.1321,-2.5759;5.7123,-5.2754,-1.8237;6.6686,-6.1638,-2.0515;7.4680,-5.9309,-3.0693;8.7045,-7.1009,-3.3389;7.3746,-4.8445,-3.9189;6.3643,-3.9078,-3.6823;6.1977,-2.7976,-4.4486;6.8350,-2.5672,-5.7190;6.4840,-1.1456,-6.1657;7.0996,-0.1000,-5.2198;6.6067,1.2165,-5.5528;7.3296,2.1609,-6.2179;6.8375,3.1853,-6.6317;8.6222,1.8115,-6.3015;9.5903,2.7174,-6.8877;9.6439,4.0222,-6.0952;10.9149,1.9621,-6.7684;9.2526,2.9775,-8.3552;5.1615,1.2954,-5.5556;4.6123,0.2371,-6.5148;5.0692,-1.0509,-6.1633;3.1264,-3.6624,-2.0281;2.1074,-2.7937,-1.7088;0.4793,1.1316,-0.8582;1.8127,1.1977,-2.0359;2.1601,0.9558,-0.2991;3.8792,0.0950,-1.6510;5.6722,-1.4579,-2.1940;5.0801,-5.4895,-0.9729;8.0592,-4.7426,-4.7430;5.2916,-2.3521,-4.3783;6.4898,-3.2797,-6.4817;7.9198,-2.6552,-5.6175;6.8606,-0.9677,-7.1866;8.1848,-0.1119,-5.2960;6.8019,-0.3314,-4.1916;9.8355,3.8134,-5.0448;8.6998,4.5526,-6.1820;10.4406,4.6516,-6.4813;11.1339,1.7550,-5.7242;11.7199,2.5574,-7.1880;10.8566,1.0178,-7.3035;8.3012,3.4959,-8.4338;9.1888,2.0365,-8.8978;10.0279,3.5911,-8.8049;4.8717,2.2969,-5.8728;4.7984,1.1019,-4.5409;4.9251,0.4795,-7.5411;3.5235,0.1898,-6.4693;2.9197,-4.7164,-2.1354;1.1007,-3.1478,-1.5542;</g>
	</geometry>
	<conformers/>
	<properties/>
</molecule>
