<?xml version="1.0" ?>
<!--MOLLI PACKAGE EXPERIMENTAL XML FORMAT-->
<molecule name="el3164">
	<atoms>
		<a id="1" s="C" t="C.3" l="C"/>
		<a id="2" s="O" t="O.3" l="O"/>
		<a id="3" s="C" t="C.2" l="C"/>
		<a id="4" s="O" t="O.2" l="O"/>
		<a id="5" s="C" t="C.ar" l="C"/>
		<a id="6" s="C" t="C.ar" l="C"/>
		<a id="7" s="C" t="C.ar" l="C"/>
		<a id="8" s="C" t="C.ar" l="C"/>
		<a id="9" s="C" t="C.ar" l="C"/>
		<a id="10" s="N" t="N.pl3" l="N"/>
		<a id="11" s="C" t="C.ar" l="C"/>
		<a id="12" s="N" t="N.ar" l="N"/>
		<a id="13" s="C" t="C.ar" l="C"/>
		<a id="14" s="N" t="N.pl3" l="N"/>
		<a id="15" s="N" t="N.ar" l="N"/>
		<a id="16" s="C" t="C.ar" l="C"/>
		<a id="17" s="Cl" t="Cl" l="CL"/>
		<a id="18" s="N" t="N.ar" l="N"/>
		<a id="19" s="C" t="C.ar" l="C"/>
		<a id="20" s="H" t="H" l="H"/>
		<a id="21" s="H" t="H" l="H"/>
		<a id="22" s="H" t="H" l="H"/>
		<a id="23" s="H" t="H" l="H"/>
		<a id="24" s="H" t="H" l="H"/>
		<a id="25" s="H" t="H" l="H"/>
		<a id="26" s="H" t="H" l="H"/>
		<a id="27" s="H" t="H" l="H"/>
		<a id="28" s="H" t="H" l="H"/>
		<a id="29" s="H" t="H" l="H"/>
	</atoms>
	<bonds>
		<b id="1" c="1 2" t="1"/>
		<b id="2" c="2 3" t="1"/>
		<b id="3" c="3 4" t="2"/>
		<b id="4" c="3 5" t="1"/>
		<b id="5" c="5 6" t="ar"/>
		<b id="6" c="6 7" t="ar"/>
		<b id="7" c="7 8" t="ar"/>
		<b id="8" c="8 9" t="ar"/>
		<b id="9" c="9 10" t="1"/>
		<b id="10" c="10 11" t="1"/>
		<b id="11" c="11 12" t="ar"/>
		<b id="12" c="12 13" t="ar"/>
		<b id="13" c="13 14" t="1"/>
		<b id="14" c="13 15" t="ar"/>
		<b id="15" c="15 16" t="ar"/>
		<b id="16" c="16 17" t="1"/>
		<b id="17" c="16 18" t="ar"/>
		<b id="18" c="11 18" t="ar"/>
		<b id="19" c="9 19" t="ar"/>
		<b id="20" c="5 19" t="ar"/>
		<b id="21" c="1 20" t="1"/>
		<b id="22" c="1 21" t="1"/>
		<b id="23" c="1 22" t="1"/>
		<b id="24" c="6 23" t="1"/>
		<b id="25" c="7 24" t="1"/>
		<b id="26" c="8 25" t="1"/>
		<b id="27" c="10 26" t="1"/>
		<b id="28" c="14 27" t="1"/>
		<b id="29" c="14 28" t="1"/>
		<b id="30" c="19 29" t="1"/>
	</bonds>
	<geometry>
		<g u="A" t="cart/3d">#29,3:0.9817,0.6574,0.0148;2.3950,0.7370,-0.0873;3.0612,0.8282,1.0731;2.5134,0.8433,2.1485;4.5309,0.8981,0.8825;5.1125,0.9449,-0.3818;6.4897,1.0057,-0.4891;7.2938,1.0173,0.6373;6.7171,0.9700,1.9055;7.4602,0.9761,3.0789;8.7925,0.9923,3.2815;9.6589,1.0102,2.2758;10.9441,1.0239,2.6304;11.8638,1.0480,1.6606;11.3894,1.0189,3.8952;10.4360,0.9997,4.7991;10.9343,0.9887,6.4275;9.1431,0.9862,4.5821;5.3308,0.9138,2.0181;0.6137,0.4656,-0.9899;0.5758,1.5961,0.3981;0.6950,-0.1501,0.6917;4.4865,0.9352,-1.2592;6.9493,1.0452,-1.4654;8.3663,1.0611,0.5558;6.9324,0.9554,3.9430;11.5742,1.0344,0.7001;12.8342,1.0450,1.9164;4.8523,0.8785,2.9861;</g>
	</geometry>
	<conformers/>
	<properties/>
</molecule>
