<?xml version="1.0" ?>
<!--MOLLI PACKAGE EXPERIMENTAL XML FORMAT-->
<molecule name="el3165">
	<atoms>
		<a id="1" s="C" t="C.3" l="C"/>
		<a id="2" s="C" t="C.3" l="C"/>
		<a id="3" s="C" t="C.3" l="C"/>
		<a id="4" s="C" t="C.3" l="C"/>
		<a id="5" s="O" t="O.3" l="O"/>
		<a id="6" s="C" t="C.2" l="C"/>
		<a id="7" s="O" t="O.2" l="O"/>
		<a id="8" s="N" t="N.am" l="N"/>
		<a id="9" s="C" t="C.3" l="C"/>
		<a id="10" s="C" t="C.3" l="C"/>
		<a id="11" s="O" t="O.3" l="O"/>
		<a id="12" s="C" t="C.3" l="C"/>
		<a id="13" s="C" t="C.3" l="C"/>
		<a id="14" s="N" t="N.pl3" l="N"/>
		<a id="15" s="C" t="C.ar" l="C"/>
		<a id="16" s="C" t="C.ar" l="C"/>
		<a id="17" s="C" t="C.ar" l="C"/>
		<a id="18" s="Cl" t="Cl" l="CL"/>
		<a id="19" s="N" t="N.ar" l="N"/>
		<a id="20" s="C" t="C.ar" l="C"/>
		<a id="21" s="C" t="C.ar" l="C"/>
		<a id="22" s="C" t="C.3" l="C"/>
		<a id="23" s="F" t="F" l="F"/>
		<a id="24" s="F" t="F" l="F"/>
		<a id="25" s="F" t="F" l="F"/>
		<a id="26" s="C" t="C.3" l="C"/>
		<a id="27" s="H" t="H" l="H"/>
		<a id="28" s="H" t="H" l="H"/>
		<a id="29" s="H" t="H" l="H"/>
		<a id="30" s="H" t="H" l="H"/>
		<a id="31" s="H" t="H" l="H"/>
		<a id="32" s="H" t="H" l="H"/>
		<a id="33" s="H" t="H" l="H"/>
		<a id="34" s="H" t="H" l="H"/>
		<a id="35" s="H" t="H" l="H"/>
		<a id="36" s="H" t="H" l="H"/>
		<a id="37" s="H" t="H" l="H"/>
		<a id="38" s="H" t="H" l="H"/>
		<a id="39" s="H" t="H" l="H"/>
		<a id="40" s="H" t="H" l="H"/>
		<a id="41" s="H" t="H" l="H"/>
		<a id="42" s="H" t="H" l="H"/>
		<a id="43" s="H" t="H" l="H"/>
		<a id="44" s="H" t="H" l="H"/>
		<a id="45" s="H" t="H" l="H"/>
		<a id="46" s="H" t="H" l="H"/>
		<a id="47" s="H" t="H" l="H"/>
	</atoms>
	<bonds>
		<b id="1" c="1 2" t="1"/>
		<b id="2" c="2 3" t="1"/>
		<b id="3" c="2 4" t="1"/>
		<b id="4" c="2 5" t="1"/>
		<b id="5" c="5 6" t="1"/>
		<b id="6" c="6 7" t="2"/>
		<b id="7" c="6 8" t="am"/>
		<b id="8" c="8 9" t="1"/>
		<b id="9" c="9 10" t="1"/>
		<b id="10" c="10 11" t="1"/>
		<b id="11" c="11 12" t="1"/>
		<b id="12" c="13 14" t="1"/>
		<b id="13" c="14 15" t="1"/>
		<b id="14" c="15 16" t="ar"/>
		<b id="15" c="16 17" t="ar"/>
		<b id="16" c="17 18" t="1"/>
		<b id="17" c="17 19" t="ar"/>
		<b id="18" c="19 20" t="ar"/>
		<b id="19" c="20 21" t="ar"/>
		<b id="20" c="15 21" t="ar"/>
		<b id="21" c="21 22" t="1"/>
		<b id="22" c="22 23" t="1"/>
		<b id="23" c="22 24" t="1"/>
		<b id="24" c="22 25" t="1"/>
		<b id="25" c="12 26" t="1"/>
		<b id="26" c="8 26" t="1"/>
		<b id="27" c="12 13" t="1"/>
		<b id="28" c="1 27" t="1"/>
		<b id="29" c="1 28" t="1"/>
		<b id="30" c="1 29" t="1"/>
		<b id="31" c="3 30" t="1"/>
		<b id="32" c="3 31" t="1"/>
		<b id="33" c="3 32" t="1"/>
		<b id="34" c="4 33" t="1"/>
		<b id="35" c="4 34" t="1"/>
		<b id="36" c="4 35" t="1"/>
		<b id="37" c="9 36" t="1"/>
		<b id="38" c="9 37" t="1"/>
		<b id="39" c="10 38" t="1"/>
		<b id="40" c="10 39" t="1"/>
		<b id="41" c="12 40" t="1"/>
		<b id="42" c="13 41" t="1"/>
		<b id="43" c="13 42" t="1"/>
		<b id="44" c="14 43" t="1"/>
		<b id="45" c="16 44" t="1"/>
		<b id="46" c="20 45" t="1"/>
		<b id="47" c="26 46" t="1"/>
		<b id="48" c="26 47" t="1"/>
	</bonds>
	<geometry>
		<g u="A" t="cart/3d">#47,3:3.6705,-1.3492,0.8826;2.7504,-0.1514,0.6529;2.2947,-0.0779,-0.8036;1.5436,-0.2146,1.5902;3.4210,1.0770,1.0347;4.5530,1.4479,0.4212;5.0929,0.8748,-0.4973;5.0738,2.5728,0.9858;4.4031,3.3967,1.9670;4.0290,4.7345,1.3205;5.1641,5.3649,0.7698;5.7854,4.5620,-0.2206;6.9777,5.3499,-0.7622;6.5120,6.6462,-1.1887;7.2335,7.5305,-1.8998;8.5012,7.2229,-2.4219;9.1531,8.1725,-3.1819;10.6988,7.8102,-3.8302;8.6835,9.3765,-3.4599;7.4982,9.6855,-2.9731;6.7350,8.8233,-2.2030;5.3968,9.2494,-1.6923;4.3989,8.4314,-2.0955;5.3296,9.2443,-0.3410;5.0482,10.4799,-2.0767;6.2158,3.2154,0.3771;3.1293,-2.2692,0.6814;4.0177,-1.3613,1.9137;4.5311,-1.2933,0.2221;1.7185,-0.9649,-1.0505;3.1560,-0.0206,-1.4631;1.6721,0.8012,-0.9576;0.9690,-1.1144,1.3930;0.9063,0.6530,1.4396;1.8751,-0.2251,2.6252;5.0935,3.5764,2.7990;3.5165,2.8828,2.3311;3.6297,5.4292,2.0606;3.2785,4.5648,0.5339;5.0638,4.3759,-1.0342;7.7326,5.4478,0.0293;7.4108,4.8069,-1.6056;5.6989,6.9588,-0.6781;8.9671,6.2718,-2.2346;7.1396,10.6766,-3.2129;6.9784,3.3862,1.1451;6.6074,2.5519,-0.3947;</g>
	</geometry>
	<conformers/>
	<properties/>
</molecule>
