<?xml version="1.0" ?>
<!--MOLLI PACKAGE EXPERIMENTAL XML FORMAT-->
<molecule name="el3167">
	<atoms>
		<a id="1" s="Cl" t="Cl" l="CL"/>
		<a id="2" s="C" t="C.ar" l="C"/>
		<a id="3" s="C" t="C.ar" l="C"/>
		<a id="4" s="C" t="C.ar" l="C"/>
		<a id="5" s="C" t="C.ar" l="C"/>
		<a id="6" s="C" t="C.ar" l="C"/>
		<a id="7" s="N" t="N.ar" l="N"/>
		<a id="8" s="N" t="N.ar" l="N"/>
		<a id="9" s="C" t="C.ar" l="C"/>
		<a id="10" s="N" t="N.ar" l="N"/>
		<a id="11" s="C" t="C.3" l="C"/>
		<a id="12" s="C" t="C.3" l="C"/>
		<a id="13" s="C" t="C.3" l="C"/>
		<a id="14" s="O" t="O.3" l="O"/>
		<a id="15" s="C" t="C.3" l="C"/>
		<a id="16" s="C" t="C.3" l="C"/>
		<a id="17" s="H" t="H" l="H"/>
		<a id="18" s="H" t="H" l="H"/>
		<a id="19" s="H" t="H" l="H"/>
		<a id="20" s="H" t="H" l="H"/>
		<a id="21" s="H" t="H" l="H"/>
		<a id="22" s="H" t="H" l="H"/>
		<a id="23" s="H" t="H" l="H"/>
		<a id="24" s="H" t="H" l="H"/>
		<a id="25" s="H" t="H" l="H"/>
		<a id="26" s="H" t="H" l="H"/>
		<a id="27" s="H" t="H" l="H"/>
		<a id="28" s="H" t="H" l="H"/>
	</atoms>
	<bonds>
		<b id="1" c="1 2" t="1"/>
		<b id="2" c="2 3" t="ar"/>
		<b id="3" c="3 4" t="ar"/>
		<b id="4" c="4 5" t="ar"/>
		<b id="5" c="5 6" t="ar"/>
		<b id="6" c="6 7" t="ar"/>
		<b id="7" c="2 7" t="ar"/>
		<b id="8" c="5 8" t="ar"/>
		<b id="9" c="8 9" t="ar"/>
		<b id="10" c="9 10" t="ar"/>
		<b id="11" c="4 10" t="ar"/>
		<b id="12" c="10 11" t="1"/>
		<b id="13" c="11 12" t="1"/>
		<b id="14" c="12 13" t="1"/>
		<b id="15" c="13 14" t="1"/>
		<b id="16" c="14 15" t="1"/>
		<b id="17" c="15 16" t="1"/>
		<b id="18" c="11 16" t="1"/>
		<b id="19" c="3 17" t="1"/>
		<b id="20" c="6 18" t="1"/>
		<b id="21" c="9 19" t="1"/>
		<b id="22" c="11 20" t="1"/>
		<b id="23" c="12 21" t="1"/>
		<b id="24" c="12 22" t="1"/>
		<b id="25" c="13 23" t="1"/>
		<b id="26" c="13 24" t="1"/>
		<b id="27" c="15 25" t="1"/>
		<b id="28" c="15 26" t="1"/>
		<b id="29" c="16 27" t="1"/>
		<b id="30" c="16 28" t="1"/>
	</bonds>
	<geometry>
		<g u="A" t="cart/3d">#28,3:1.0431,0.2809,0.1071;2.7563,0.1018,0.0978;3.2961,-1.1726,0.0480;4.6822,-1.2099,0.0423;5.4381,-0.0070,0.0826;4.7571,1.2029,0.1327;3.4408,1.2343,0.1393;6.7735,-0.3138,0.0602;6.8247,-1.6054,0.0108;5.6021,-2.2205,0.0013;5.3333,-3.6382,-0.0606;6.0310,-4.3990,1.0710;5.7234,-5.8920,0.9229;6.1364,-6.3863,-0.3277;5.4840,-5.7393,-1.3929;5.7675,-4.2344,-1.4043;2.6681,-2.0478,0.0149;5.2663,2.1540,0.1674;7.7433,-2.1582,-0.0203;4.2486,-3.7592,0.0482;5.6883,-4.0414,2.0428;7.1100,-4.2528,1.0048;4.6428,-6.0607,1.0567;6.2671,-6.4740,1.6689;4.3971,-5.9077,-1.3260;5.8591,-6.2098,-2.3033;5.2281,-3.7607,-2.2256;6.8368,-4.0712,-1.5483;</g>
	</geometry>
	<conformers/>
	<properties/>
</molecule>
