<?xml version="1.0" ?>
<!--MOLLI PACKAGE EXPERIMENTAL XML FORMAT-->
<molecule name="el3168">
	<atoms>
		<a id="1" s="F" t="F" l="F"/>
		<a id="2" s="C" t="C.3" l="C"/>
		<a id="3" s="F" t="F" l="F"/>
		<a id="4" s="F" t="F" l="F"/>
		<a id="5" s="O" t="O.3" l="O"/>
		<a id="6" s="C" t="C.ar" l="C"/>
		<a id="7" s="C" t="C.ar" l="C"/>
		<a id="8" s="C" t="C.ar" l="C"/>
		<a id="9" s="C" t="C.ar" l="C"/>
		<a id="10" s="C" t="C.ar" l="C"/>
		<a id="11" s="N" t="N.ar" l="N"/>
		<a id="12" s="C" t="C.ar" l="C"/>
		<a id="13" s="Cl" t="Cl" l="CL"/>
		<a id="14" s="N" t="N.ar" l="N"/>
		<a id="15" s="C" t="C.ar" l="C"/>
		<a id="16" s="S" t="S.2" l="S"/>
		<a id="17" s="C" t="C.ar" l="C"/>
		<a id="18" s="C" t="C.ar" l="C"/>
		<a id="19" s="C" t="C.ar" l="C"/>
		<a id="20" s="C" t="C.ar" l="C"/>
		<a id="21" s="C" t="C.ar" l="C"/>
		<a id="22" s="H" t="H" l="H"/>
		<a id="23" s="H" t="H" l="H"/>
		<a id="24" s="H" t="H" l="H"/>
		<a id="25" s="H" t="H" l="H"/>
		<a id="26" s="H" t="H" l="H"/>
		<a id="27" s="H" t="H" l="H"/>
	</atoms>
	<bonds>
		<b id="1" c="1 2" t="1"/>
		<b id="2" c="2 3" t="1"/>
		<b id="3" c="2 4" t="1"/>
		<b id="4" c="2 5" t="1"/>
		<b id="5" c="5 6" t="1"/>
		<b id="6" c="6 7" t="ar"/>
		<b id="7" c="7 8" t="ar"/>
		<b id="8" c="8 9" t="ar"/>
		<b id="9" c="9 10" t="1"/>
		<b id="10" c="10 11" t="ar"/>
		<b id="11" c="11 12" t="ar"/>
		<b id="12" c="12 13" t="1"/>
		<b id="13" c="12 14" t="ar"/>
		<b id="14" c="14 15" t="ar"/>
		<b id="15" c="15 16" t="ar"/>
		<b id="16" c="16 17" t="ar"/>
		<b id="17" c="17 18" t="ar"/>
		<b id="18" c="18 19" t="ar"/>
		<b id="19" c="10 19" t="ar"/>
		<b id="20" c="15 19" t="ar"/>
		<b id="21" c="9 20" t="ar"/>
		<b id="22" c="20 21" t="ar"/>
		<b id="23" c="6 21" t="ar"/>
		<b id="24" c="7 22" t="1"/>
		<b id="25" c="8 23" t="1"/>
		<b id="26" c="17 24" t="1"/>
		<b id="27" c="18 25" t="1"/>
		<b id="28" c="20 26" t="1"/>
		<b id="29" c="21 27" t="1"/>
	</bonds>
	<geometry>
		<g u="A" t="cart/3d">#27,3:2.8014,0.7678,-0.7582;2.2522,0.1829,0.3218;2.3233,1.0998,1.3021;0.9635,0.0100,0.0520;2.7808,-0.9847,0.6295;4.1558,-1.1033,0.8841;5.0335,-0.0342,0.9562;6.3701,-0.2824,1.2127;6.8394,-1.5817,1.3806;8.2659,-1.7961,1.6430;8.8678,-0.8885,2.4016;10.1429,-1.0566,2.7010;10.8498,0.1414,3.6809;10.9238,-2.0488,2.3306;10.3512,-2.9402,1.5409;11.1757,-4.3050,0.8725;9.7359,-4.7593,0.0185;8.6811,-3.9441,0.2350;8.9972,-2.8825,1.1287;5.9359,-2.6420,1.3287;4.5994,-2.4044,1.0829;4.7033,0.9833,0.8218;7.0683,0.5361,1.2815;9.7692,-5.6271,-0.6110;7.7244,-4.0669,-0.2377;6.2704,-3.6503,1.5162;3.8834,-3.2089,1.0451;</g>
	</geometry>
	<conformers/>
	<properties/>
</molecule>
