<?xml version="1.0" ?>
<!--MOLLI PACKAGE EXPERIMENTAL XML FORMAT-->
<molecule name="el3169">
	<atoms>
		<a id="1" s="C" t="C.3" l="C"/>
		<a id="2" s="C" t="C.3" l="C"/>
		<a id="3" s="O" t="O.3" l="O"/>
		<a id="4" s="C" t="C.ar" l="C"/>
		<a id="5" s="N" t="N.ar" l="N"/>
		<a id="6" s="C" t="C.ar" l="C"/>
		<a id="7" s="Cl" t="Cl" l="CL"/>
		<a id="8" s="N" t="N.ar" l="N"/>
		<a id="9" s="C" t="C.ar" l="C"/>
		<a id="10" s="C" t="C.ar" l="C"/>
		<a id="11" s="C" t="C.ar" l="C"/>
		<a id="12" s="C" t="C.ar" l="C"/>
		<a id="13" s="N" t="N.ar" l="N"/>
		<a id="14" s="S" t="S.O2" l="S"/>
		<a id="15" s="O" t="O.2" l="O"/>
		<a id="16" s="O" t="O.2" l="O"/>
		<a id="17" s="C" t="C.ar" l="C"/>
		<a id="18" s="C" t="C.ar" l="C"/>
		<a id="19" s="C" t="C.ar" l="C"/>
		<a id="20" s="C" t="C.ar" l="C"/>
		<a id="21" s="C" t="C.3" l="C"/>
		<a id="22" s="C" t="C.ar" l="C"/>
		<a id="23" s="C" t="C.ar" l="C"/>
		<a id="24" s="H" t="H" l="H"/>
		<a id="25" s="H" t="H" l="H"/>
		<a id="26" s="H" t="H" l="H"/>
		<a id="27" s="H" t="H" l="H"/>
		<a id="28" s="H" t="H" l="H"/>
		<a id="29" s="H" t="H" l="H"/>
		<a id="30" s="H" t="H" l="H"/>
		<a id="31" s="H" t="H" l="H"/>
		<a id="32" s="H" t="H" l="H"/>
		<a id="33" s="H" t="H" l="H"/>
		<a id="34" s="H" t="H" l="H"/>
		<a id="35" s="H" t="H" l="H"/>
		<a id="36" s="H" t="H" l="H"/>
		<a id="37" s="H" t="H" l="H"/>
	</atoms>
	<bonds>
		<b id="1" c="1 2" t="1"/>
		<b id="2" c="2 3" t="1"/>
		<b id="3" c="3 4" t="1"/>
		<b id="4" c="4 5" t="ar"/>
		<b id="5" c="5 6" t="ar"/>
		<b id="6" c="6 7" t="1"/>
		<b id="7" c="6 8" t="ar"/>
		<b id="8" c="8 9" t="ar"/>
		<b id="9" c="9 10" t="ar"/>
		<b id="10" c="4 10" t="ar"/>
		<b id="11" c="10 11" t="ar"/>
		<b id="12" c="11 12" t="ar"/>
		<b id="13" c="12 13" t="ar"/>
		<b id="14" c="9 13" t="ar"/>
		<b id="15" c="13 14" t="1"/>
		<b id="16" c="14 15" t="2"/>
		<b id="17" c="14 16" t="2"/>
		<b id="18" c="14 17" t="1"/>
		<b id="19" c="17 18" t="ar"/>
		<b id="20" c="18 19" t="ar"/>
		<b id="21" c="19 20" t="ar"/>
		<b id="22" c="20 21" t="1"/>
		<b id="23" c="20 22" t="ar"/>
		<b id="24" c="22 23" t="ar"/>
		<b id="25" c="17 23" t="ar"/>
		<b id="26" c="1 24" t="1"/>
		<b id="27" c="1 25" t="1"/>
		<b id="28" c="1 26" t="1"/>
		<b id="29" c="2 27" t="1"/>
		<b id="30" c="2 28" t="1"/>
		<b id="31" c="11 29" t="1"/>
		<b id="32" c="12 30" t="1"/>
		<b id="33" c="18 31" t="1"/>
		<b id="34" c="19 32" t="1"/>
		<b id="35" c="21 33" t="1"/>
		<b id="36" c="21 34" t="1"/>
		<b id="37" c="21 35" t="1"/>
		<b id="38" c="22 36" t="1"/>
		<b id="39" c="23 37" t="1"/>
	</bonds>
	<geometry>
		<g u="A" t="cart/3d">#37,3:1.3902,-1.0354,-1.1691;2.8468,-1.0405,-1.5944;3.2226,0.3057,-1.8903;4.4653,0.5072,-2.2907;5.2929,-0.5252,-2.4153;6.5324,-0.2947,-2.8132;7.5206,-1.6678,-2.9814;7.0991,0.8502,-3.1059;6.2742,1.8895,-2.9886;4.9189,1.8031,-2.5917;4.4054,3.1305,-2.6306;5.4281,3.9282,-3.0351;6.5688,3.1842,-3.2558;8.1139,3.8107,-3.7331;7.7992,4.9696,-4.5087;8.8939,3.9712,-2.5490;8.7110,2.4765,-4.7350;8.1297,2.2649,-5.9677;8.5245,1.1672,-6.7128;9.4876,0.2896,-6.2260;9.8920,-0.9212,-7.0057;10.0676,0.5399,-4.9839;9.6803,1.6315,-4.2319;1.0770,-2.0464,-0.9266;0.7665,-0.6524,-1.9719;1.2581,-0.4027,-0.2958;3.0033,-1.6579,-2.4852;3.4951,-1.4234,-0.7992;3.4062,3.4293,-2.3877;5.4713,4.9853,-3.2038;7.3822,2.9556,-6.3253;8.0730,0.9849,-7.6768;9.4565,-0.9128,-8.0011;9.5577,-1.8194,-6.4877;10.9753,-0.9743,-7.0944;10.8148,-0.1391,-4.6019;10.0976,1.8367,-3.2600;</g>
	</geometry>
	<conformers/>
	<properties/>
</molecule>
