<?xml version="1.0" ?>
<!--MOLLI PACKAGE EXPERIMENTAL XML FORMAT-->
<molecule name="el3170">
	<atoms>
		<a id="1" s="Cl" t="Cl" l="CL"/>
		<a id="2" s="C" t="C.ar" l="C"/>
		<a id="3" s="C" t="C.ar" l="C"/>
		<a id="4" s="C" t="C.ar" l="C"/>
		<a id="5" s="C" t="C.ar" l="C"/>
		<a id="6" s="O" t="O.2" l="O"/>
		<a id="7" s="C" t="C.ar" l="C"/>
		<a id="8" s="C" t="C.ar" l="C"/>
		<a id="9" s="C" t="C.ar" l="C"/>
		<a id="10" s="C" t="C.ar" l="C"/>
		<a id="11" s="C" t="C.ar" l="C"/>
		<a id="12" s="C" t="C.ar" l="C"/>
		<a id="13" s="C" t="C.ar" l="C"/>
		<a id="14" s="C" t="C.ar" l="C"/>
		<a id="15" s="C" t="C.ar" l="C"/>
		<a id="16" s="N" t="N.ar" l="N"/>
		<a id="17" s="H" t="H" l="H"/>
		<a id="18" s="H" t="H" l="H"/>
		<a id="19" s="H" t="H" l="H"/>
		<a id="20" s="H" t="H" l="H"/>
		<a id="21" s="H" t="H" l="H"/>
		<a id="22" s="H" t="H" l="H"/>
		<a id="23" s="H" t="H" l="H"/>
		<a id="24" s="H" t="H" l="H"/>
	</atoms>
	<bonds>
		<b id="1" c="1 2" t="1"/>
		<b id="2" c="2 3" t="ar"/>
		<b id="3" c="3 4" t="ar"/>
		<b id="4" c="4 5" t="ar"/>
		<b id="5" c="5 6" t="ar"/>
		<b id="6" c="6 7" t="ar"/>
		<b id="7" c="7 8" t="ar"/>
		<b id="8" c="8 9" t="1"/>
		<b id="9" c="9 10" t="ar"/>
		<b id="10" c="10 11" t="ar"/>
		<b id="11" c="11 12" t="ar"/>
		<b id="12" c="12 13" t="ar"/>
		<b id="13" c="13 14" t="ar"/>
		<b id="14" c="9 14" t="ar"/>
		<b id="15" c="8 15" t="ar"/>
		<b id="16" c="5 15" t="ar"/>
		<b id="17" c="15 16" t="ar"/>
		<b id="18" c="2 16" t="ar"/>
		<b id="19" c="3 17" t="1"/>
		<b id="20" c="4 18" t="1"/>
		<b id="21" c="7 19" t="1"/>
		<b id="22" c="10 20" t="1"/>
		<b id="23" c="11 21" t="1"/>
		<b id="24" c="12 22" t="1"/>
		<b id="25" c="13 23" t="1"/>
		<b id="26" c="14 24" t="1"/>
	</bonds>
	<geometry>
		<g u="A" t="cart/3d">#24,3:1.1173,-0.2544,-0.4618;2.8252,-0.1449,-0.2822;3.4127,1.1237,-0.1955;4.7832,1.2178,-0.0513;5.4769,0.0182,-0.0023;6.7999,-0.1986,0.1346;6.9664,-1.5424,0.1348;5.7970,-2.2350,-0.0005;5.6033,-3.6770,-0.0373;6.6129,-4.5478,0.3730;6.4169,-5.9147,0.3295;5.2150,-6.4337,-0.1243;4.2058,-5.5756,-0.5284;4.3936,-4.2068,-0.4842;4.7890,-1.2132,-0.0985;3.4671,-1.2864,-0.2390;2.7937,2.0040,-0.2411;5.2864,2.1691,0.0204;7.9792,-1.8839,0.2252;7.5481,-4.1520,0.7390;7.2043,-6.5797,0.6538;5.0659,-7.5029,-0.1579;3.2660,-5.9761,-0.8793;3.6081,-3.5346,-0.7901;</g>
	</geometry>
	<conformers/>
	<properties/>
</molecule>
