<?xml version="1.0" ?>
<!--MOLLI PACKAGE EXPERIMENTAL XML FORMAT-->
<molecule name="el3173">
	<atoms>
		<a id="1" s="C" t="C.2" l="C"/>
		<a id="2" s="C" t="C.2" l="C"/>
		<a id="3" s="C" t="C.2" l="C"/>
		<a id="4" s="O" t="O.2" l="O"/>
		<a id="5" s="N" t="N.am" l="N"/>
		<a id="6" s="C" t="C.ar" l="C"/>
		<a id="7" s="C" t="C.ar" l="C"/>
		<a id="8" s="C" t="C.ar" l="C"/>
		<a id="9" s="C" t="C.ar" l="C"/>
		<a id="10" s="C" t="C.ar" l="C"/>
		<a id="11" s="N" t="N.pl3" l="N"/>
		<a id="12" s="C" t="C.ar" l="C"/>
		<a id="13" s="N" t="N.ar" l="N"/>
		<a id="14" s="C" t="C.ar" l="C"/>
		<a id="15" s="N" t="N.ar" l="N"/>
		<a id="16" s="C" t="C.ar" l="C"/>
		<a id="17" s="Cl" t="Cl" l="CL"/>
		<a id="18" s="N" t="N.ar" l="N"/>
		<a id="19" s="C" t="C.ar" l="C"/>
		<a id="20" s="H" t="H" l="H"/>
		<a id="21" s="H" t="H" l="H"/>
		<a id="22" s="H" t="H" l="H"/>
		<a id="23" s="H" t="H" l="H"/>
		<a id="24" s="H" t="H" l="H"/>
		<a id="25" s="H" t="H" l="H"/>
		<a id="26" s="H" t="H" l="H"/>
		<a id="27" s="H" t="H" l="H"/>
		<a id="28" s="H" t="H" l="H"/>
		<a id="29" s="H" t="H" l="H"/>
	</atoms>
	<bonds>
		<b id="1" c="1 2" t="2"/>
		<b id="2" c="2 3" t="1"/>
		<b id="3" c="3 4" t="2"/>
		<b id="4" c="3 5" t="am"/>
		<b id="5" c="5 6" t="1"/>
		<b id="6" c="6 7" t="ar"/>
		<b id="7" c="7 8" t="ar"/>
		<b id="8" c="8 9" t="ar"/>
		<b id="9" c="9 10" t="ar"/>
		<b id="10" c="10 11" t="1"/>
		<b id="11" c="11 12" t="1"/>
		<b id="12" c="12 13" t="ar"/>
		<b id="13" c="13 14" t="ar"/>
		<b id="14" c="14 15" t="ar"/>
		<b id="15" c="15 16" t="ar"/>
		<b id="16" c="16 17" t="1"/>
		<b id="17" c="16 18" t="ar"/>
		<b id="18" c="12 18" t="ar"/>
		<b id="19" c="10 19" t="ar"/>
		<b id="20" c="6 19" t="ar"/>
		<b id="21" c="1 20" t="1"/>
		<b id="22" c="1 21" t="1"/>
		<b id="23" c="2 22" t="1"/>
		<b id="24" c="5 23" t="1"/>
		<b id="25" c="7 24" t="1"/>
		<b id="26" c="8 25" t="1"/>
		<b id="27" c="9 26" t="1"/>
		<b id="28" c="11 27" t="1"/>
		<b id="29" c="14 28" t="1"/>
		<b id="30" c="19 29" t="1"/>
	</bonds>
	<geometry>
		<g u="A" t="cart/3d">#29,3:1.4073,-0.2075,-0.4673;2.5912,0.3552,-0.2736;3.1291,0.5289,1.1002;2.5394,0.1541,2.0907;4.3490,1.1550,1.1154;5.1364,1.5143,2.2097;4.7736,1.2431,3.5270;5.6060,1.6430,4.5555;6.7943,2.3086,4.3120;7.1614,2.5789,2.9977;8.3418,3.2411,2.6520;9.2853,3.8139,3.4109;10.2996,4.3802,2.7258;11.2245,4.9466,3.4591;11.2389,5.0080,4.7847;10.2011,4.4249,5.3562;10.1371,4.4595,7.0554;9.2082,3.8186,4.7472;6.3331,2.1781,1.9542;0.9823,-0.3473,-1.4462;0.8322,-0.5450,0.3797;3.1954,0.7067,-1.0992;4.7351,1.4168,0.2186;3.8506,0.7284,3.7302;5.3213,1.4314,5.5745;7.4324,2.6198,5.1198;8.5271,3.3333,1.6603;12.0548,5.4100,2.9427;6.6221,2.3894,0.9325;</g>
	</geometry>
	<conformers/>
	<properties/>
</molecule>
