<?xml version="1.0" ?>
<!--MOLLI PACKAGE EXPERIMENTAL XML FORMAT-->
<molecule name="el3174">
	<atoms>
		<a id="1" s="H" t="H" l="H"/>
		<a id="2" s="C" t="C.3" l="C"/>
		<a id="3" s="H" t="H" l="H"/>
		<a id="4" s="H" t="H" l="H"/>
		<a id="5" s="N" t="N.am" l="N"/>
		<a id="6" s="C" t="C.2" l="C"/>
		<a id="7" s="O" t="O.2" l="O"/>
		<a id="8" s="C" t="C.ar" l="C"/>
		<a id="9" s="N" t="N.ar" l="N"/>
		<a id="10" s="N" t="N.ar" l="N"/>
		<a id="11" s="C" t="C.ar" l="C"/>
		<a id="12" s="Cl" t="Cl" l="CL"/>
		<a id="13" s="C" t="C.ar" l="C"/>
		<a id="14" s="C" t="C.ar" l="C"/>
		<a id="15" s="N" t="N.pl3" l="N"/>
		<a id="16" s="C" t="C.ar" l="C"/>
		<a id="17" s="C" t="C.ar" l="C"/>
		<a id="18" s="C" t="C.ar" l="C"/>
		<a id="19" s="C" t="C.ar" l="C"/>
		<a id="20" s="C" t="C.ar" l="C"/>
		<a id="21" s="C" t="C.ar" l="C"/>
		<a id="22" s="N" t="N.ar" l="N"/>
		<a id="23" s="C" t="C.ar" l="C"/>
		<a id="24" s="C" t="C.ar" l="C"/>
		<a id="25" s="C" t="C.2" l="C"/>
		<a id="26" s="O" t="O.2" l="O"/>
		<a id="27" s="O" t="O.3" l="O"/>
		<a id="28" s="C" t="C.3" l="C"/>
		<a id="29" s="C" t="C.3" l="C"/>
		<a id="30" s="C" t="C.ar" l="C"/>
		<a id="31" s="N" t="N.ar" l="N"/>
		<a id="32" s="C" t="C.ar" l="C"/>
		<a id="33" s="O" t="O.3" l="O"/>
		<a id="34" s="C" t="C.3" l="C"/>
		<a id="35" s="H" t="H" l="H"/>
		<a id="36" s="H" t="H" l="H"/>
		<a id="37" s="H" t="H" l="H"/>
		<a id="38" s="H" t="H" l="H"/>
		<a id="39" s="H" t="H" l="H"/>
		<a id="40" s="H" t="H" l="H"/>
		<a id="41" s="H" t="H" l="H"/>
		<a id="42" s="H" t="H" l="H"/>
		<a id="43" s="H" t="H" l="H"/>
		<a id="44" s="H" t="H" l="H"/>
		<a id="45" s="H" t="H" l="H"/>
		<a id="46" s="H" t="H" l="H"/>
		<a id="47" s="H" t="H" l="H"/>
		<a id="48" s="H" t="H" l="H"/>
		<a id="49" s="H" t="H" l="H"/>
		<a id="50" s="H" t="H" l="H"/>
	</atoms>
	<bonds>
		<b id="1" c="1 2" t="1"/>
		<b id="2" c="2 3" t="1"/>
		<b id="3" c="2 4" t="1"/>
		<b id="4" c="2 5" t="1"/>
		<b id="5" c="5 6" t="am"/>
		<b id="6" c="6 7" t="2"/>
		<b id="7" c="6 8" t="1"/>
		<b id="8" c="8 9" t="ar"/>
		<b id="9" c="9 10" t="ar"/>
		<b id="10" c="10 11" t="ar"/>
		<b id="11" c="11 12" t="1"/>
		<b id="12" c="11 13" t="ar"/>
		<b id="13" c="13 14" t="ar"/>
		<b id="14" c="8 14" t="ar"/>
		<b id="15" c="14 15" t="1"/>
		<b id="16" c="15 16" t="1"/>
		<b id="17" c="16 17" t="ar"/>
		<b id="18" c="17 18" t="ar"/>
		<b id="19" c="18 19" t="ar"/>
		<b id="20" c="19 20" t="ar"/>
		<b id="21" c="20 21" t="1"/>
		<b id="22" c="21 22" t="ar"/>
		<b id="23" c="22 23" t="ar"/>
		<b id="24" c="23 24" t="ar"/>
		<b id="25" c="24 25" t="1"/>
		<b id="26" c="25 26" t="2"/>
		<b id="27" c="25 27" t="1"/>
		<b id="28" c="27 28" t="1"/>
		<b id="29" c="28 29" t="1"/>
		<b id="30" c="24 30" t="ar"/>
		<b id="31" c="30 31" t="ar"/>
		<b id="32" c="21 31" t="ar"/>
		<b id="33" c="20 32" t="ar"/>
		<b id="34" c="16 32" t="ar"/>
		<b id="35" c="32 33" t="1"/>
		<b id="36" c="33 34" t="1"/>
		<b id="37" c="5 35" t="1"/>
		<b id="38" c="13 36" t="1"/>
		<b id="39" c="15 37" t="1"/>
		<b id="40" c="17 38" t="1"/>
		<b id="41" c="18 39" t="1"/>
		<b id="42" c="19 40" t="1"/>
		<b id="43" c="23 41" t="1"/>
		<b id="44" c="28 42" t="1"/>
		<b id="45" c="28 43" t="1"/>
		<b id="46" c="29 44" t="1"/>
		<b id="47" c="29 45" t="1"/>
		<b id="48" c="29 46" t="1"/>
		<b id="49" c="30 47" t="1"/>
		<b id="50" c="34 48" t="1"/>
		<b id="51" c="34 49" t="1"/>
		<b id="52" c="34 50" t="1"/>
	</bonds>
	<geometry>
		<g u="A" t="cart/3d">#50,3:7.6062,-0.5409,-3.7203;7.0132,-0.1580,-2.8880;7.2002,-0.7722,-2.0055;7.3030,0.8712,-2.6808;5.6136,-0.1633,-3.2213;4.8550,0.9367,-3.2484;5.2753,2.0647,-2.9910;3.4349,0.6731,-3.6109;3.0978,-0.5925,-3.7640;1.8903,-0.9612,-4.0457;0.9482,-0.0314,-4.1486;-0.6358,-0.6069,-4.4666;1.1733,1.3259,-4.0123;2.4920,1.7359,-3.7589;2.8809,3.0105,-3.6091;2.1037,4.1599,-3.8470;1.4048,4.2560,-5.0457;0.6688,5.3833,-5.3590;0.6538,6.4424,-4.4775;1.3580,6.3863,-3.2759;1.2929,7.5516,-2.3946;0.2797,8.4001,-2.6112;0.1836,9.4483,-1.8270;1.0930,9.6972,-0.7945;0.9340,10.8852,0.0729;0.0918,11.7325,-0.0968;1.8382,10.9085,1.0583;1.7704,12.0063,1.9692;0.7072,11.7834,3.0352;2.1279,8.7688,-0.6726;2.2239,7.7186,-1.4580;2.0841,5.2252,-2.9259;2.6970,5.2442,-1.7273;3.0312,4.0642,-1.0231;5.1448,-1.0347,-3.4327;0.3658,2.0356,-4.0871;3.8689,3.1143,-3.3622;1.4703,3.4369,-5.7465;0.1309,5.4355,-6.2922;0.1008,7.3416,-4.6945;-0.6428,10.1243,-2.0078;1.5552,12.9208,1.4064;2.7670,12.0656,2.4116;-0.2772,11.7441,2.5751;0.7298,12.6031,3.7474;0.8905,10.8492,3.5608;2.9009,8.8820,0.0758;3.0959,4.3722,0.0211;4.0009,3.6620,-1.3273;2.2605,3.2956,-1.1192;</g>
	</geometry>
	<conformers/>
	<properties/>
</molecule>
