<?xml version="1.0" ?>
<!--MOLLI PACKAGE EXPERIMENTAL XML FORMAT-->
<molecule name="el3175">
	<atoms>
		<a id="1" s="C" t="C.3" l="C"/>
		<a id="2" s="C" t="C.ar" l="C"/>
		<a id="3" s="C" t="C.ar" l="C"/>
		<a id="4" s="C" t="C.ar" l="C"/>
		<a id="5" s="C" t="C.2" l="C"/>
		<a id="6" s="O" t="O.2" l="O"/>
		<a id="7" s="C" t="C.ar" l="C"/>
		<a id="8" s="C" t="C.ar" l="C"/>
		<a id="9" s="C" t="C.3" l="C"/>
		<a id="10" s="C" t="C.ar" l="C"/>
		<a id="11" s="O" t="O.3" l="O"/>
		<a id="12" s="C" t="C.ar" l="C"/>
		<a id="13" s="C" t="C.ar" l="C"/>
		<a id="14" s="C" t="C.ar" l="C"/>
		<a id="15" s="Cl" t="Cl" l="CL"/>
		<a id="16" s="C" t="C.ar" l="C"/>
		<a id="17" s="C" t="C.ar" l="C"/>
		<a id="18" s="C" t="C.ar" l="C"/>
		<a id="19" s="C" t="C.ar" l="C"/>
		<a id="20" s="C" t="C.ar" l="C"/>
		<a id="21" s="C" t="C.ar" l="C"/>
		<a id="22" s="N" t="N.ar" l="N"/>
		<a id="23" s="H" t="H" l="H"/>
		<a id="24" s="H" t="H" l="H"/>
		<a id="25" s="H" t="H" l="H"/>
		<a id="26" s="H" t="H" l="H"/>
		<a id="27" s="H" t="H" l="H"/>
		<a id="28" s="H" t="H" l="H"/>
		<a id="29" s="H" t="H" l="H"/>
		<a id="30" s="H" t="H" l="H"/>
		<a id="31" s="H" t="H" l="H"/>
		<a id="32" s="H" t="H" l="H"/>
		<a id="33" s="H" t="H" l="H"/>
		<a id="34" s="H" t="H" l="H"/>
		<a id="35" s="H" t="H" l="H"/>
		<a id="36" s="H" t="H" l="H"/>
	</atoms>
	<bonds>
		<b id="1" c="1 2" t="1"/>
		<b id="2" c="2 3" t="ar"/>
		<b id="3" c="3 4" t="ar"/>
		<b id="4" c="4 5" t="1"/>
		<b id="5" c="5 6" t="2"/>
		<b id="6" c="4 7" t="ar"/>
		<b id="7" c="7 8" t="ar"/>
		<b id="8" c="8 9" t="1"/>
		<b id="9" c="8 10" t="ar"/>
		<b id="10" c="2 10" t="ar"/>
		<b id="11" c="10 11" t="1"/>
		<b id="12" c="11 12" t="1"/>
		<b id="13" c="12 13" t="ar"/>
		<b id="14" c="13 14" t="ar"/>
		<b id="15" c="14 15" t="1"/>
		<b id="16" c="14 16" t="ar"/>
		<b id="17" c="16 17" t="ar"/>
		<b id="18" c="17 18" t="ar"/>
		<b id="19" c="18 19" t="ar"/>
		<b id="20" c="19 20" t="ar"/>
		<b id="21" c="20 21" t="ar"/>
		<b id="22" c="16 21" t="ar"/>
		<b id="23" c="21 22" t="ar"/>
		<b id="24" c="12 22" t="ar"/>
		<b id="25" c="1 23" t="1"/>
		<b id="26" c="1 24" t="1"/>
		<b id="27" c="1 25" t="1"/>
		<b id="28" c="3 26" t="1"/>
		<b id="29" c="5 27" t="1"/>
		<b id="30" c="7 28" t="1"/>
		<b id="31" c="9 29" t="1"/>
		<b id="32" c="9 30" t="1"/>
		<b id="33" c="9 31" t="1"/>
		<b id="34" c="13 32" t="1"/>
		<b id="35" c="17 33" t="1"/>
		<b id="36" c="18 34" t="1"/>
		<b id="37" c="19 35" t="1"/>
		<b id="38" c="20 36" t="1"/>
	</bonds>
	<geometry>
		<g u="A" t="cart/3d">#36,3:2.8384,0.3964,-0.7197;1.4625,-0.0382,-0.3241;1.1875,-1.3723,-0.0745;-0.0919,-1.7952,0.2783;-0.3479,-3.2162,0.5317;0.4700,-4.0984,0.4623;-1.1211,-0.8609,0.3773;-0.8811,0.4801,0.1402;-1.9654,1.5072,0.2452;0.4161,0.8784,-0.2001;0.5996,2.2232,-0.4930;1.4126,2.9485,0.2913;1.6216,4.2943,-0.1077;2.4232,5.0726,0.6734;2.7070,6.7158,0.2289;3.0250,4.5402,1.8423;3.8686,5.2637,2.7022;4.4102,4.6643,3.8077;4.1302,3.3219,4.0959;3.3105,2.5908,3.2793;2.7371,3.1781,2.1361;1.9374,2.4188,1.3594;3.3969,-0.4412,-1.1289;3.3693,0.7764,0.1534;2.7965,1.1932,-1.4604;1.9680,-2.1142,-0.1559;-1.4001,-3.4365,0.8046;-2.1158,-1.1872,0.6455;-2.9146,1.0424,0.4964;-2.0691,2.0419,-0.6975;-1.7161,2.2387,1.0133;1.1484,4.6602,-1.0032;4.0821,6.2974,2.4757;5.0578,5.2257,4.4641;4.5682,2.8657,4.9712;3.0806,1.5569,3.4825;</g>
	</geometry>
	<conformers/>
	<properties/>
</molecule>
