<?xml version="1.0" ?>
<!--MOLLI PACKAGE EXPERIMENTAL XML FORMAT-->
<molecule name="el3182">
	<atoms>
		<a id="1" s="C" t="C.3" l="C"/>
		<a id="2" s="C" t="C.ar" l="C"/>
		<a id="3" s="C" t="C.ar" l="C"/>
		<a id="4" s="C" t="C.ar" l="C"/>
		<a id="5" s="C" t="C.ar" l="C"/>
		<a id="6" s="S" t="S.O2" l="S"/>
		<a id="7" s="O" t="O.2" l="O"/>
		<a id="8" s="O" t="O.2" l="O"/>
		<a id="9" s="N" t="N.ar" l="N"/>
		<a id="10" s="C" t="C.ar" l="C"/>
		<a id="11" s="C" t="C.ar" l="C"/>
		<a id="12" s="C" t="C.ar" l="C"/>
		<a id="13" s="C" t="C.ar" l="C"/>
		<a id="14" s="N" t="N.pl3" l="N"/>
		<a id="15" s="C" t="C.3" l="C"/>
		<a id="16" s="C" t="C.3" l="C"/>
		<a id="17" s="F" t="F" l="F"/>
		<a id="18" s="F" t="F" l="F"/>
		<a id="19" s="F" t="F" l="F"/>
		<a id="20" s="N" t="N.ar" l="N"/>
		<a id="21" s="C" t="C.ar" l="C"/>
		<a id="22" s="Cl" t="Cl" l="CL"/>
		<a id="23" s="N" t="N.ar" l="N"/>
		<a id="24" s="C" t="C.ar" l="C"/>
		<a id="25" s="C" t="C.ar" l="C"/>
		<a id="26" s="C" t="C.ar" l="C"/>
		<a id="27" s="H" t="H" l="H"/>
		<a id="28" s="H" t="H" l="H"/>
		<a id="29" s="H" t="H" l="H"/>
		<a id="30" s="H" t="H" l="H"/>
		<a id="31" s="H" t="H" l="H"/>
		<a id="32" s="H" t="H" l="H"/>
		<a id="33" s="H" t="H" l="H"/>
		<a id="34" s="H" t="H" l="H"/>
		<a id="35" s="H" t="H" l="H"/>
		<a id="36" s="H" t="H" l="H"/>
		<a id="37" s="H" t="H" l="H"/>
		<a id="38" s="H" t="H" l="H"/>
	</atoms>
	<bonds>
		<b id="1" c="1 2" t="1"/>
		<b id="2" c="2 3" t="ar"/>
		<b id="3" c="3 4" t="ar"/>
		<b id="4" c="4 5" t="ar"/>
		<b id="5" c="5 6" t="1"/>
		<b id="6" c="6 7" t="2"/>
		<b id="7" c="6 8" t="2"/>
		<b id="8" c="6 9" t="1"/>
		<b id="9" c="9 10" t="ar"/>
		<b id="10" c="10 11" t="ar"/>
		<b id="11" c="11 12" t="ar"/>
		<b id="12" c="12 13" t="ar"/>
		<b id="13" c="13 14" t="1"/>
		<b id="14" c="14 15" t="1"/>
		<b id="15" c="15 16" t="1"/>
		<b id="16" c="16 17" t="1"/>
		<b id="17" c="16 18" t="1"/>
		<b id="18" c="16 19" t="1"/>
		<b id="19" c="13 20" t="ar"/>
		<b id="20" c="20 21" t="ar"/>
		<b id="21" c="21 22" t="1"/>
		<b id="22" c="21 23" t="ar"/>
		<b id="23" c="23 24" t="ar"/>
		<b id="24" c="12 24" t="ar"/>
		<b id="25" c="9 24" t="ar"/>
		<b id="26" c="5 25" t="ar"/>
		<b id="27" c="25 26" t="ar"/>
		<b id="28" c="2 26" t="ar"/>
		<b id="29" c="1 27" t="1"/>
		<b id="30" c="1 28" t="1"/>
		<b id="31" c="1 29" t="1"/>
		<b id="32" c="3 30" t="1"/>
		<b id="33" c="4 31" t="1"/>
		<b id="34" c="10 32" t="1"/>
		<b id="35" c="11 33" t="1"/>
		<b id="36" c="14 34" t="1"/>
		<b id="37" c="15 35" t="1"/>
		<b id="38" c="15 36" t="1"/>
		<b id="39" c="25 37" t="1"/>
		<b id="40" c="26 38" t="1"/>
	</bonds>
	<geometry>
		<g u="A" t="cart/3d">#38,3:1.9558,1.4073,-0.7749;0.5667,0.9528,-0.4572;-0.1489,0.1704,-1.3589;-1.4497,-0.2094,-1.0853;-2.0260,0.1950,0.1014;-3.7290,-0.1825,0.4084;-4.2603,-1.0615,-0.5826;-3.9836,-0.4649,1.7860;-4.4635,1.3727,0.1529;-5.6446,1.7933,0.7237;-5.9824,3.0300,0.2721;-4.9602,3.4225,-0.6394;-4.6286,4.5311,-1.4365;-5.4298,5.6213,-1.5423;-4.9764,6.8232,-2.1800;-4.5125,7.8540,-1.1476;-3.4845,7.4200,-0.4123;-4.1377,9.0035,-1.7191;-5.4993,8.1539,-0.2829;-3.5058,4.5149,-2.1547;-2.7384,3.4426,-2.0947;-1.3136,3.5024,-3.0207;-2.9204,2.3399,-1.4080;-4.0379,2.3499,-0.6829;-1.3368,0.9563,1.0240;-0.0373,1.3324,0.7392;2.4024,0.7879,-1.5480;2.5858,1.3813,0.1120;1.9281,2.4355,-1.1369;0.3120,-0.1277,-2.2883;-2.0328,-0.7973,-1.7751;-6.1333,1.1466,1.4242;-6.8495,3.5940,0.5525;-6.2109,5.6868,-0.9076;-5.7757,7.2796,-2.7721;-4.1270,6.5594,-2.8167;-1.8236,1.2435,1.9429;0.5140,1.9365,1.4448;</g>
	</geometry>
	<conformers/>
	<properties/>
</molecule>
