<?xml version="1.0" ?>
<!--MOLLI PACKAGE EXPERIMENTAL XML FORMAT-->
<molecule name="el3192">
	<atoms>
		<a id="1" s="C" t="C.3" l="C"/>
		<a id="2" s="O" t="O.3" l="O"/>
		<a id="3" s="C" t="C.2" l="C"/>
		<a id="4" s="O" t="O.2" l="O"/>
		<a id="5" s="C" t="C.ar" l="C"/>
		<a id="6" s="C" t="C.ar" l="C"/>
		<a id="7" s="C" t="C.ar" l="C"/>
		<a id="8" s="C" t="C.ar" l="C"/>
		<a id="9" s="C" t="C.ar" l="C"/>
		<a id="10" s="C" t="C.ar" l="C"/>
		<a id="11" s="C" t="C.ar" l="C"/>
		<a id="12" s="C" t="C.ar" l="C"/>
		<a id="13" s="O" t="O.2" l="O"/>
		<a id="14" s="C" t="C.ar" l="C"/>
		<a id="15" s="N" t="N.ar" l="N"/>
		<a id="16" s="C" t="C.ar" l="C"/>
		<a id="17" s="C" t="C.ar" l="C"/>
		<a id="18" s="Cl" t="Cl" l="CL"/>
		<a id="19" s="N" t="N.ar" l="N"/>
		<a id="20" s="C" t="C.ar" l="C"/>
		<a id="21" s="H" t="H" l="H"/>
		<a id="22" s="H" t="H" l="H"/>
		<a id="23" s="H" t="H" l="H"/>
		<a id="24" s="H" t="H" l="H"/>
		<a id="25" s="H" t="H" l="H"/>
		<a id="26" s="H" t="H" l="H"/>
		<a id="27" s="H" t="H" l="H"/>
		<a id="28" s="H" t="H" l="H"/>
		<a id="29" s="H" t="H" l="H"/>
	</atoms>
	<bonds>
		<b id="1" c="1 2" t="1"/>
		<b id="2" c="2 3" t="1"/>
		<b id="3" c="3 4" t="2"/>
		<b id="4" c="3 5" t="1"/>
		<b id="5" c="5 6" t="ar"/>
		<b id="6" c="6 7" t="1"/>
		<b id="7" c="7 8" t="ar"/>
		<b id="8" c="8 9" t="ar"/>
		<b id="9" c="9 10" t="ar"/>
		<b id="10" c="10 11" t="ar"/>
		<b id="11" c="11 12" t="ar"/>
		<b id="12" c="7 12" t="ar"/>
		<b id="13" c="6 13" t="ar"/>
		<b id="14" c="13 14" t="ar"/>
		<b id="15" c="14 15" t="ar"/>
		<b id="16" c="15 16" t="ar"/>
		<b id="17" c="16 17" t="ar"/>
		<b id="18" c="17 18" t="1"/>
		<b id="19" c="17 19" t="ar"/>
		<b id="20" c="19 20" t="ar"/>
		<b id="21" c="5 20" t="ar"/>
		<b id="22" c="14 20" t="ar"/>
		<b id="23" c="1 21" t="1"/>
		<b id="24" c="1 22" t="1"/>
		<b id="25" c="1 23" t="1"/>
		<b id="26" c="8 24" t="1"/>
		<b id="27" c="9 25" t="1"/>
		<b id="28" c="10 26" t="1"/>
		<b id="29" c="11 27" t="1"/>
		<b id="30" c="12 28" t="1"/>
		<b id="31" c="16 29" t="1"/>
	</bonds>
	<geometry>
		<g u="A" t="cart/3d">#29,3:1.2167,1.3245,2.4432;2.6160,1.3617,2.2162;3.0232,1.0307,0.9913;2.2742,0.7461,0.0883;4.4947,1.0349,0.9159;5.3283,1.0553,-0.1892;5.0771,1.1935,-1.6118;3.9438,1.8398,-2.1074;3.7556,1.9546,-3.4712;4.6865,1.4335,-4.3558;5.8213,0.8023,-3.8711;6.0215,0.6865,-2.5102;6.6357,0.9296,0.1724;6.6735,0.8273,1.5061;7.7620,0.6833,2.2368;7.5428,0.5937,3.5382;6.2469,0.6388,4.0738;6.0253,0.4978,5.7669;5.1555,0.7808,3.3506;5.3629,0.8872,2.0415;1.0611,1.7329,3.4380;0.8521,0.2963,2.3913;0.6913,1.9201,1.6929;3.2177,2.2507,-1.4276;2.8760,2.4550,-3.8468;4.5303,1.5222,-5.4205;6.5516,0.3992,-4.5566;6.9021,0.1934,-2.1283;8.4114,0.4773,4.1674;</g>
	</geometry>
	<conformers/>
	<properties/>
</molecule>
