<?xml version="1.0" ?>
<!--MOLLI PACKAGE EXPERIMENTAL XML FORMAT-->
<molecule name="el3195">
	<atoms>
		<a id="1" s="C" t="C.3" l="C"/>
		<a id="2" s="C" t="C.ar" l="C"/>
		<a id="3" s="C" t="C.ar" l="C"/>
		<a id="4" s="C" t="C.ar" l="C"/>
		<a id="5" s="Cl" t="Cl" l="CL"/>
		<a id="6" s="C" t="C.ar" l="C"/>
		<a id="7" s="O" t="O.2" l="O"/>
		<a id="8" s="C" t="C.ar" l="C"/>
		<a id="9" s="C" t="C.ar" l="C"/>
		<a id="10" s="C" t="C.ar" l="C"/>
		<a id="11" s="C" t="C.ar" l="C"/>
		<a id="12" s="C" t="C.ar" l="C"/>
		<a id="13" s="C" t="C.ar" l="C"/>
		<a id="14" s="C" t="C.ar" l="C"/>
		<a id="15" s="C" t="C.ar" l="C"/>
		<a id="16" s="C" t="C.ar" l="C"/>
		<a id="17" s="C" t="C.ar" l="C"/>
		<a id="18" s="H" t="H" l="H"/>
		<a id="19" s="H" t="H" l="H"/>
		<a id="20" s="H" t="H" l="H"/>
		<a id="21" s="H" t="H" l="H"/>
		<a id="22" s="H" t="H" l="H"/>
		<a id="23" s="H" t="H" l="H"/>
		<a id="24" s="H" t="H" l="H"/>
		<a id="25" s="H" t="H" l="H"/>
		<a id="26" s="H" t="H" l="H"/>
		<a id="27" s="H" t="H" l="H"/>
		<a id="28" s="H" t="H" l="H"/>
	</atoms>
	<bonds>
		<b id="1" c="1 2" t="1"/>
		<b id="2" c="2 3" t="ar"/>
		<b id="3" c="3 4" t="ar"/>
		<b id="4" c="4 5" t="1"/>
		<b id="5" c="4 6" t="ar"/>
		<b id="6" c="6 7" t="ar"/>
		<b id="7" c="7 8" t="ar"/>
		<b id="8" c="8 9" t="1"/>
		<b id="9" c="9 10" t="ar"/>
		<b id="10" c="10 11" t="ar"/>
		<b id="11" c="11 12" t="ar"/>
		<b id="12" c="12 13" t="ar"/>
		<b id="13" c="13 14" t="ar"/>
		<b id="14" c="9 14" t="ar"/>
		<b id="15" c="8 15" t="ar"/>
		<b id="16" c="15 16" t="ar"/>
		<b id="17" c="6 16" t="ar"/>
		<b id="18" c="16 17" t="ar"/>
		<b id="19" c="2 17" t="ar"/>
		<b id="20" c="1 18" t="1"/>
		<b id="21" c="1 19" t="1"/>
		<b id="22" c="1 20" t="1"/>
		<b id="23" c="3 21" t="1"/>
		<b id="24" c="10 22" t="1"/>
		<b id="25" c="11 23" t="1"/>
		<b id="26" c="12 24" t="1"/>
		<b id="27" c="13 25" t="1"/>
		<b id="28" c="14 26" t="1"/>
		<b id="29" c="15 27" t="1"/>
		<b id="30" c="17 28" t="1"/>
	</bonds>
	<geometry>
		<g u="A" t="cart/3d">#28,3:0.9817,0.0508,-0.0413;2.4777,-0.0581,-0.0219;3.2601,1.1024,-0.0118;4.6405,1.0466,0.0118;5.5929,2.4871,0.0249;5.2445,-0.2013,0.0269;6.5576,-0.4971,0.0569;6.6572,-1.8582,0.0674;7.9855,-2.4395,0.1090;9.1087,-1.6102,0.0961;10.3783,-2.1515,0.1416;10.5491,-3.5250,0.2009;9.4400,-4.3561,0.2136;8.1672,-3.8224,0.1680;5.4199,-2.4399,0.0409;4.4697,-1.3806,0.0149;3.0794,-1.3028,-0.0107;0.6658,1.0899,-0.0551;0.5569,-0.4296,0.8389;0.5765,-0.4478,-0.9203;2.7797,2.0681,-0.0215;8.9722,-0.5408,0.0508;11.2396,-1.4999,0.1311;11.5424,-3.9471,0.2370;9.5701,-5.4274,0.2603;7.3094,-4.4764,0.1809;5.1982,-3.4869,0.0388;2.4832,-2.2022,-0.0193;</g>
	</geometry>
	<conformers/>
	<properties/>
</molecule>
