<?xml version="1.0" ?>
<!--MOLLI PACKAGE EXPERIMENTAL XML FORMAT-->
<molecule name="el3196">
	<atoms>
		<a id="1" s="C" t="C.3" l="C"/>
		<a id="2" s="C" t="C.3" l="C"/>
		<a id="3" s="C" t="C.3" l="C"/>
		<a id="4" s="C" t="C.3" l="C"/>
		<a id="5" s="C" t="C.3" l="C"/>
		<a id="6" s="C" t="C.ar" l="C"/>
		<a id="7" s="C" t="C.ar" l="C"/>
		<a id="8" s="C" t="C.ar" l="C"/>
		<a id="9" s="C" t="C.ar" l="C"/>
		<a id="10" s="C" t="C.ar" l="C"/>
		<a id="11" s="C" t="C.ar" l="C"/>
		<a id="12" s="C" t="C.ar" l="C"/>
		<a id="13" s="C" t="C.ar" l="C"/>
		<a id="14" s="C" t="C.ar" l="C"/>
		<a id="15" s="C" t="C.ar" l="C"/>
		<a id="16" s="C" t="C.ar" l="C"/>
		<a id="17" s="C" t="C.ar" l="C"/>
		<a id="18" s="C" t="C.ar" l="C"/>
		<a id="19" s="Cl" t="Cl" l="CL"/>
		<a id="20" s="C" t="C.ar" l="C"/>
		<a id="21" s="O" t="O.2" l="O"/>
		<a id="22" s="H" t="H" l="H"/>
		<a id="23" s="H" t="H" l="H"/>
		<a id="24" s="H" t="H" l="H"/>
		<a id="25" s="H" t="H" l="H"/>
		<a id="26" s="H" t="H" l="H"/>
		<a id="27" s="H" t="H" l="H"/>
		<a id="28" s="H" t="H" l="H"/>
		<a id="29" s="H" t="H" l="H"/>
		<a id="30" s="H" t="H" l="H"/>
		<a id="31" s="H" t="H" l="H"/>
		<a id="32" s="H" t="H" l="H"/>
		<a id="33" s="H" t="H" l="H"/>
		<a id="34" s="H" t="H" l="H"/>
		<a id="35" s="H" t="H" l="H"/>
		<a id="36" s="H" t="H" l="H"/>
		<a id="37" s="H" t="H" l="H"/>
		<a id="38" s="H" t="H" l="H"/>
		<a id="39" s="H" t="H" l="H"/>
		<a id="40" s="H" t="H" l="H"/>
	</atoms>
	<bonds>
		<b id="1" c="1 2" t="1"/>
		<b id="2" c="2 3" t="1"/>
		<b id="3" c="3 4" t="1"/>
		<b id="4" c="4 5" t="1"/>
		<b id="5" c="5 6" t="1"/>
		<b id="6" c="6 7" t="ar"/>
		<b id="7" c="7 8" t="ar"/>
		<b id="8" c="8 9" t="ar"/>
		<b id="9" c="9 10" t="ar"/>
		<b id="10" c="10 11" t="1"/>
		<b id="11" c="11 12" t="ar"/>
		<b id="12" c="12 13" t="ar"/>
		<b id="13" c="13 14" t="ar"/>
		<b id="14" c="14 15" t="ar"/>
		<b id="15" c="15 16" t="ar"/>
		<b id="16" c="11 16" t="ar"/>
		<b id="17" c="10 17" t="ar"/>
		<b id="18" c="17 18" t="ar"/>
		<b id="19" c="18 19" t="1"/>
		<b id="20" c="18 20" t="ar"/>
		<b id="21" c="8 20" t="ar"/>
		<b id="22" c="20 21" t="ar"/>
		<b id="23" c="6 21" t="ar"/>
		<b id="24" c="1 22" t="1"/>
		<b id="25" c="1 23" t="1"/>
		<b id="26" c="1 24" t="1"/>
		<b id="27" c="2 25" t="1"/>
		<b id="28" c="2 26" t="1"/>
		<b id="29" c="3 27" t="1"/>
		<b id="30" c="3 28" t="1"/>
		<b id="31" c="4 29" t="1"/>
		<b id="32" c="4 30" t="1"/>
		<b id="33" c="5 31" t="1"/>
		<b id="34" c="5 32" t="1"/>
		<b id="35" c="7 33" t="1"/>
		<b id="36" c="9 34" t="1"/>
		<b id="37" c="12 35" t="1"/>
		<b id="38" c="13 36" t="1"/>
		<b id="39" c="14 37" t="1"/>
		<b id="40" c="15 38" t="1"/>
		<b id="41" c="16 39" t="1"/>
		<b id="42" c="17 40" t="1"/>
	</bonds>
	<geometry>
		<g u="A" t="cart/3d">#40,3:1.2900,-5.2769,2.2450;2.7873,-5.0915,2.4581;3.2523,-3.7024,2.0276;4.7519,-3.5131,2.2326;5.2152,-2.1238,1.7756;6.6816,-1.9593,1.9633;7.3933,-1.1622,2.8008;8.7725,-1.4459,2.5605;9.9786,-0.9769,3.0705;11.1622,-1.4962,2.5708;12.4585,-1.0080,3.0700;12.6580,-0.7822,4.4297;13.8733,-0.3141,4.8941;14.9066,-0.0595,4.0081;14.7184,-0.2792,2.6539;13.5057,-0.7520,2.1882;11.1379,-2.4858,1.5757;9.9491,-2.9639,1.0645;9.9286,-4.1873,-0.1545;8.7638,-2.4363,1.5566;7.4984,-2.7385,1.2024;0.9794,-6.2727,2.5520;1.0354,-5.1466,1.1954;0.7285,-4.5480,2.8254;3.3315,-5.8464,1.8863;3.0255,-5.2413,3.5136;2.7097,-2.9467,2.6009;3.0099,-3.5541,0.9727;5.2975,-4.2705,1.6668;4.9973,-3.6433,3.2892;4.6971,-1.3495,2.3426;4.9734,-2.0014,0.7168;6.9977,-0.4559,3.5013;9.9889,-0.2049,3.8239;11.8605,-0.9948,5.1265;14.0162,-0.1490,5.9522;15.8545,0.3093,4.3713;15.5196,-0.0791,1.9574;13.3582,-0.9049,1.1292;12.0668,-2.8974,1.2145;</g>
	</geometry>
	<conformers/>
	<properties/>
</molecule>
