<?xml version="1.0" ?>
<!--MOLLI PACKAGE EXPERIMENTAL XML FORMAT-->
<molecule name="el3020">
	<atoms>
		<a id="1" s="F" t="F" l="F"/>
		<a id="2" s="C" t="C.3" l="C"/>
		<a id="3" s="F" t="F" l="F"/>
		<a id="4" s="F" t="F" l="F"/>
		<a id="5" s="C" t="C.ar" l="C"/>
		<a id="6" s="N" t="N.ar" l="N"/>
		<a id="7" s="C" t="C.ar" l="C"/>
		<a id="8" s="C" t="C.ar" l="C"/>
		<a id="9" s="N" t="N.ar" l="N"/>
		<a id="10" s="C" t="C.ar" l="C"/>
		<a id="11" s="Cl" t="Cl" l="CL"/>
		<a id="12" s="N" t="N.ar" l="N"/>
		<a id="13" s="C" t="C.ar" l="C"/>
		<a id="14" s="N" t="N.ar" l="N"/>
		<a id="15" s="C" t="C.3" l="C"/>
		<a id="16" s="C" t="C.3" l="C"/>
		<a id="17" s="C" t="C.3" l="C"/>
		<a id="18" s="C" t="C.3" l="C"/>
		<a id="19" s="C" t="C.3" l="C"/>
		<a id="20" s="H" t="H" l="H"/>
		<a id="21" s="H" t="H" l="H"/>
		<a id="22" s="H" t="H" l="H"/>
		<a id="23" s="H" t="H" l="H"/>
		<a id="24" s="H" t="H" l="H"/>
		<a id="25" s="H" t="H" l="H"/>
		<a id="26" s="H" t="H" l="H"/>
		<a id="27" s="H" t="H" l="H"/>
		<a id="28" s="H" t="H" l="H"/>
		<a id="29" s="H" t="H" l="H"/>
	</atoms>
	<bonds>
		<b id="1" c="1 2" t="1"/>
		<b id="2" c="2 3" t="1"/>
		<b id="3" c="2 4" t="1"/>
		<b id="4" c="2 5" t="1"/>
		<b id="5" c="5 6" t="ar"/>
		<b id="6" c="6 7" t="ar"/>
		<b id="7" c="7 8" t="ar"/>
		<b id="8" c="8 9" t="ar"/>
		<b id="9" c="9 10" t="ar"/>
		<b id="10" c="10 11" t="1"/>
		<b id="11" c="10 12" t="ar"/>
		<b id="12" c="12 13" t="ar"/>
		<b id="13" c="7 13" t="ar"/>
		<b id="14" c="13 14" t="ar"/>
		<b id="15" c="5 14" t="ar"/>
		<b id="16" c="14 15" t="1"/>
		<b id="17" c="15 16" t="1"/>
		<b id="18" c="16 17" t="1"/>
		<b id="19" c="17 18" t="1"/>
		<b id="20" c="18 19" t="1"/>
		<b id="21" c="15 19" t="1"/>
		<b id="22" c="8 20" t="1"/>
		<b id="23" c="15 21" t="1"/>
		<b id="24" c="16 22" t="1"/>
		<b id="25" c="16 23" t="1"/>
		<b id="26" c="17 24" t="1"/>
		<b id="27" c="17 25" t="1"/>
		<b id="28" c="18 26" t="1"/>
		<b id="29" c="18 27" t="1"/>
		<b id="30" c="19 28" t="1"/>
		<b id="31" c="19 29" t="1"/>
	</bonds>
	<geometry>
		<g u="A" t="cart/3d">#29,3:2.4548,-1.5212,-0.0498;2.3379,-0.2117,0.1147;3.0442,0.3783,-0.8685;1.0495,0.1056,-0.1178;2.7864,0.2366,1.4691;3.2342,-0.5900,2.3678;3.5341,0.1920,3.4457;4.0422,-0.0461,4.7180;4.2174,0.9668,5.5424;3.9033,2.1905,5.1355;4.1628,3.4346,6.2617;3.4145,2.5596,3.9671;3.2354,1.5450,3.1316;2.7576,1.5523,1.8576;2.3072,2.7080,1.1156;3.3877,3.7883,0.9906;2.6080,5.0896,0.7417;1.1335,4.7758,1.0553;1.1590,3.4465,1.8055;4.3084,-1.0279,5.0808;1.9902,2.3757,0.1246;4.0953,3.5646,0.1938;3.9298,3.8477,1.9336;2.7182,5.4210,-0.2898;2.9832,5.8826,1.3858;0.5676,4.6628,0.1296;0.6634,5.5617,1.6427;0.2153,2.9054,1.7439;1.4184,3.6030,2.8533;</g>
	</geometry>
	<conformers/>
	<properties/>
</molecule>
