<?xml version="1.0" ?>
<!--MOLLI PACKAGE EXPERIMENTAL XML FORMAT-->
<molecule name="el3200">
	<atoms>
		<a id="1" s="C" t="C.3" l="C"/>
		<a id="2" s="C" t="C.3" l="C"/>
		<a id="3" s="O" t="O.3" l="O"/>
		<a id="4" s="C" t="C.2" l="C"/>
		<a id="5" s="O" t="O.2" l="O"/>
		<a id="6" s="C" t="C.ar" l="C"/>
		<a id="7" s="C" t="C.ar" l="C"/>
		<a id="8" s="N" t="N.ar" l="N"/>
		<a id="9" s="C" t="C.ar" l="C"/>
		<a id="10" s="Cl" t="Cl" l="CL"/>
		<a id="11" s="C" t="C.ar" l="C"/>
		<a id="12" s="C" t="C.ar" l="C"/>
		<a id="13" s="N" t="N.ar" l="N"/>
		<a id="14" s="C" t="C.ar" l="C"/>
		<a id="15" s="C" t="C.ar" l="C"/>
		<a id="16" s="N" t="N.ar" l="N"/>
		<a id="17" s="C" t="C.ar" l="C"/>
		<a id="18" s="H" t="H" l="H"/>
		<a id="19" s="H" t="H" l="H"/>
		<a id="20" s="H" t="H" l="H"/>
		<a id="21" s="H" t="H" l="H"/>
		<a id="22" s="H" t="H" l="H"/>
		<a id="23" s="H" t="H" l="H"/>
		<a id="24" s="H" t="H" l="H"/>
		<a id="25" s="H" t="H" l="H"/>
		<a id="26" s="H" t="H" l="H"/>
		<a id="27" s="H" t="H" l="H"/>
	</atoms>
	<bonds>
		<b id="1" c="1 2" t="1"/>
		<b id="2" c="2 3" t="1"/>
		<b id="3" c="3 4" t="1"/>
		<b id="4" c="4 5" t="2"/>
		<b id="5" c="4 6" t="1"/>
		<b id="6" c="6 7" t="ar"/>
		<b id="7" c="7 8" t="ar"/>
		<b id="8" c="8 9" t="ar"/>
		<b id="9" c="9 10" t="1"/>
		<b id="10" c="9 11" t="ar"/>
		<b id="11" c="11 12" t="ar"/>
		<b id="12" c="6 12" t="ar"/>
		<b id="13" c="12 13" t="1"/>
		<b id="14" c="13 14" t="ar"/>
		<b id="15" c="14 15" t="ar"/>
		<b id="16" c="15 16" t="ar"/>
		<b id="17" c="16 17" t="ar"/>
		<b id="18" c="13 17" t="ar"/>
		<b id="19" c="1 18" t="1"/>
		<b id="20" c="1 19" t="1"/>
		<b id="21" c="1 20" t="1"/>
		<b id="22" c="2 21" t="1"/>
		<b id="23" c="2 22" t="1"/>
		<b id="24" c="7 23" t="1"/>
		<b id="25" c="11 24" t="1"/>
		<b id="26" c="14 25" t="1"/>
		<b id="27" c="15 26" t="1"/>
		<b id="28" c="17 27" t="1"/>
	</bonds>
	<geometry>
		<g u="A" t="cart/3d">#27,3:4.8527,-1.0273,1.2388;5.1858,-0.5870,-0.1792;5.5207,0.8042,-0.2288;4.5048,1.6646,-0.2868;3.3415,1.3563,-0.3247;4.9910,3.0718,-0.3699;6.0524,3.3975,-1.2081;6.4465,4.6330,-1.4437;5.7908,5.6164,-0.8587;6.3334,7.2019,-1.2112;4.7265,5.4306,0.0132;4.3216,4.1251,0.2769;3.3173,3.8802,1.2031;2.1681,4.6109,1.3924;1.5252,4.0344,2.4434;2.2603,2.9930,2.9274;3.3080,2.9142,2.1723;4.6729,-2.0982,1.2516;3.9574,-0.5184,1.5890;5.6784,-0.7988,1.9087;4.3342,-0.7683,-0.8425;6.0718,-1.1014,-0.5560;6.6021,2.6236,-1.7244;4.2473,6.2707,0.4886;1.9011,5.4239,0.7497;0.5877,4.2972,2.8893;4.1128,2.2189,2.3029;</g>
	</geometry>
	<conformers/>
	<properties/>
</molecule>
