<?xml version="1.0" ?>
<!--MOLLI PACKAGE EXPERIMENTAL XML FORMAT-->
<molecule name="el3201">
	<atoms>
		<a id="1" s="C" t="C.3" l="C"/>
		<a id="2" s="O" t="O.3" l="O"/>
		<a id="3" s="C" t="C.ar" l="C"/>
		<a id="4" s="N" t="N.ar" l="N"/>
		<a id="5" s="C" t="C.ar" l="C"/>
		<a id="6" s="N" t="N.pl3" l="N"/>
		<a id="7" s="C" t="C.3" l="C"/>
		<a id="8" s="C" t="C.3" l="C"/>
		<a id="9" s="C" t="C.3" l="C"/>
		<a id="10" s="N" t="N.ar" l="N"/>
		<a id="11" s="C" t="C.ar" l="C"/>
		<a id="12" s="C" t="C.ar" l="C"/>
		<a id="13" s="C" t="C.ar" l="C"/>
		<a id="14" s="C" t="C.ar" l="C"/>
		<a id="15" s="C" t="C.ar" l="C"/>
		<a id="16" s="C" t="C.ar" l="C"/>
		<a id="17" s="O" t="O.3" l="O"/>
		<a id="18" s="C" t="C.ar" l="C"/>
		<a id="19" s="C" t="C.ar" l="C"/>
		<a id="20" s="C" t="C.ar" l="C"/>
		<a id="21" s="N" t="N.ar" l="N"/>
		<a id="22" s="C" t="C.ar" l="C"/>
		<a id="23" s="Cl" t="Cl" l="CL"/>
		<a id="24" s="C" t="C.ar" l="C"/>
		<a id="25" s="C" t="C.ar" l="C"/>
		<a id="26" s="C" t="C.3" l="C"/>
		<a id="27" s="N" t="N.ar" l="N"/>
		<a id="28" s="H" t="H" l="H"/>
		<a id="29" s="H" t="H" l="H"/>
		<a id="30" s="H" t="H" l="H"/>
		<a id="31" s="H" t="H" l="H"/>
		<a id="32" s="H" t="H" l="H"/>
		<a id="33" s="H" t="H" l="H"/>
		<a id="34" s="H" t="H" l="H"/>
		<a id="35" s="H" t="H" l="H"/>
		<a id="36" s="H" t="H" l="H"/>
		<a id="37" s="H" t="H" l="H"/>
		<a id="38" s="H" t="H" l="H"/>
		<a id="39" s="H" t="H" l="H"/>
		<a id="40" s="H" t="H" l="H"/>
		<a id="41" s="H" t="H" l="H"/>
		<a id="42" s="H" t="H" l="H"/>
		<a id="43" s="H" t="H" l="H"/>
		<a id="44" s="H" t="H" l="H"/>
		<a id="45" s="H" t="H" l="H"/>
		<a id="46" s="H" t="H" l="H"/>
		<a id="47" s="H" t="H" l="H"/>
	</atoms>
	<bonds>
		<b id="1" c="1 2" t="1"/>
		<b id="2" c="2 3" t="1"/>
		<b id="3" c="3 4" t="ar"/>
		<b id="4" c="4 5" t="ar"/>
		<b id="5" c="5 6" t="1"/>
		<b id="6" c="6 7" t="1"/>
		<b id="7" c="7 8" t="1"/>
		<b id="8" c="7 9" t="1"/>
		<b id="9" c="5 10" t="ar"/>
		<b id="10" c="10 11" t="ar"/>
		<b id="11" c="11 12" t="ar"/>
		<b id="12" c="3 12" t="ar"/>
		<b id="13" c="12 13" t="1"/>
		<b id="14" c="13 14" t="ar"/>
		<b id="15" c="14 15" t="ar"/>
		<b id="16" c="15 16" t="ar"/>
		<b id="17" c="16 17" t="1"/>
		<b id="18" c="17 18" t="1"/>
		<b id="19" c="18 19" t="ar"/>
		<b id="20" c="19 20" t="ar"/>
		<b id="21" c="20 21" t="ar"/>
		<b id="22" c="21 22" t="ar"/>
		<b id="23" c="22 23" t="1"/>
		<b id="24" c="22 24" t="ar"/>
		<b id="25" c="18 24" t="ar"/>
		<b id="26" c="16 25" t="ar"/>
		<b id="27" c="25 26" t="1"/>
		<b id="28" c="25 27" t="ar"/>
		<b id="29" c="13 27" t="ar"/>
		<b id="30" c="1 28" t="1"/>
		<b id="31" c="1 29" t="1"/>
		<b id="32" c="1 30" t="1"/>
		<b id="33" c="6 31" t="1"/>
		<b id="34" c="7 32" t="1"/>
		<b id="35" c="8 33" t="1"/>
		<b id="36" c="8 34" t="1"/>
		<b id="37" c="8 35" t="1"/>
		<b id="38" c="9 36" t="1"/>
		<b id="39" c="9 37" t="1"/>
		<b id="40" c="9 38" t="1"/>
		<b id="41" c="11 39" t="1"/>
		<b id="42" c="14 40" t="1"/>
		<b id="43" c="15 41" t="1"/>
		<b id="44" c="19 42" t="1"/>
		<b id="45" c="20 43" t="1"/>
		<b id="46" c="24 44" t="1"/>
		<b id="47" c="26 45" t="1"/>
		<b id="48" c="26 46" t="1"/>
		<b id="49" c="26 47" t="1"/>
	</bonds>
	<geometry>
		<g u="A" t="cart/3d">#47,3:3.5654,1.0778,0.4792;2.9201,0.2858,-0.5010;3.3490,-0.9784,-0.6214;4.3311,-1.3627,0.1705;4.7629,-2.6277,0.0744;5.7820,-2.9670,0.8761;6.3114,-4.3068,1.0004;7.8362,-4.2574,0.9712;5.8007,-4.9638,2.2833;4.2648,-3.5435,-0.7609;3.2863,-3.1465,-1.5452;2.7509,-1.8565,-1.5560;1.6664,-1.5391,-2.4789;1.1825,-0.2466,-2.7013;0.1489,-0.0708,-3.6006;-0.3767,-1.1747,-4.2574;-1.3714,-0.9824,-5.2069;-2.5836,-1.5380,-5.0126;-3.4752,-1.5381,-6.0912;-4.7270,-2.0842,-5.9051;-5.1357,-2.6123,-4.7602;-4.2923,-2.5968,-3.7517;-4.8619,-3.2813,-2.2798;-3.0080,-2.0774,-3.7999;0.1791,-2.4354,-4.0046;-0.2963,-3.6707,-4.7049;1.1605,-2.5841,-3.1385;3.0999,2.0595,0.4217;4.6353,1.1480,0.2731;3.4276,0.6468,1.4729;6.0874,-2.2665,1.5341;5.9345,-4.8571,0.1340;8.2156,-3.7021,1.8270;8.1812,-3.7736,0.0613;8.2433,-5.2639,1.0052;6.1428,-4.4120,3.1567;6.1652,-5.9846,2.3529;4.7140,-4.9819,2.2844;2.8842,-3.8881,-2.2202;1.6056,0.5967,-2.1855;-0.2563,0.9093,-3.8046;-3.1714,-1.1179,-7.0353;-5.4506,-2.1126,-6.7075;-2.3725,-2.0844,-2.9287;-0.5547,-3.4529,-5.7393;-1.1795,-4.0745,-4.2096;0.4881,-4.4209,-4.6711;</g>
	</geometry>
	<conformers/>
	<properties/>
</molecule>
