<?xml version="1.0" ?>
<!--MOLLI PACKAGE EXPERIMENTAL XML FORMAT-->
<molecule name="el3204">
	<atoms>
		<a id="1" s="N" t="N.pl3" l="N"/>
		<a id="2" s="C" t="C.ar" l="C"/>
		<a id="3" s="N" t="N.ar" l="N"/>
		<a id="4" s="N" t="N.ar" l="N"/>
		<a id="5" s="C" t="C.ar" l="C"/>
		<a id="6" s="Cl" t="Cl" l="CL"/>
		<a id="7" s="C" t="C.ar" l="C"/>
		<a id="8" s="C" t="C.ar" l="C"/>
		<a id="9" s="C" t="C.ar" l="C"/>
		<a id="10" s="C" t="C.ar" l="C"/>
		<a id="11" s="C" t="C.ar" l="C"/>
		<a id="12" s="C" t="C.ar" l="C"/>
		<a id="13" s="C" t="C.ar" l="C"/>
		<a id="14" s="O" t="O.3" l="O"/>
		<a id="15" s="C" t="C.ar" l="C"/>
		<a id="16" s="H" t="H" l="H"/>
		<a id="17" s="H" t="H" l="H"/>
		<a id="18" s="H" t="H" l="H"/>
		<a id="19" s="H" t="H" l="H"/>
		<a id="20" s="H" t="H" l="H"/>
		<a id="21" s="H" t="H" l="H"/>
		<a id="22" s="H" t="H" l="H"/>
		<a id="23" s="H" t="H" l="H"/>
	</atoms>
	<bonds>
		<b id="1" c="1 2" t="1"/>
		<b id="2" c="2 3" t="ar"/>
		<b id="3" c="3 4" t="ar"/>
		<b id="4" c="4 5" t="ar"/>
		<b id="5" c="5 6" t="1"/>
		<b id="6" c="5 7" t="ar"/>
		<b id="7" c="7 8" t="ar"/>
		<b id="8" c="2 8" t="ar"/>
		<b id="9" c="8 9" t="1"/>
		<b id="10" c="9 10" t="ar"/>
		<b id="11" c="10 11" t="ar"/>
		<b id="12" c="11 12" t="ar"/>
		<b id="13" c="12 13" t="ar"/>
		<b id="14" c="13 14" t="1"/>
		<b id="15" c="13 15" t="ar"/>
		<b id="16" c="9 15" t="ar"/>
		<b id="17" c="1 16" t="1"/>
		<b id="18" c="1 17" t="1"/>
		<b id="19" c="7 18" t="1"/>
		<b id="20" c="10 19" t="1"/>
		<b id="21" c="11 20" t="1"/>
		<b id="22" c="12 21" t="1"/>
		<b id="23" c="14 22" t="1"/>
		<b id="24" c="15 23" t="1"/>
	</bonds>
	<geometry>
		<g u="A" t="cart/3d">#23,3:5.0503,2.1979,-1.1600;4.4280,1.1847,-0.5027;5.0926,0.0348,-0.4474;4.5895,-1.0118,0.1328;3.4100,-0.9406,0.7011;2.8346,-2.3684,1.4678;2.6229,0.2165,0.7010;3.1296,1.3300,0.0651;2.3692,2.5859,-0.0014;2.2276,3.2781,-1.2040;1.4921,4.4477,-1.2429;0.9006,4.9472,-0.0961;1.0346,4.2611,1.1063;0.4730,4.7036,2.2598;1.7655,3.0794,1.1482;6.0209,2.0417,-1.3751;4.7474,3.1419,-0.9925;1.6479,0.2240,1.1615;2.6634,2.8804,-2.1075;1.3764,4.9785,-2.1758;0.3305,5.8659,-0.1313;-0.0132,5.5216,2.1004;1.8665,2.5659,2.0911;</g>
	</geometry>
	<conformers/>
	<properties/>
</molecule>
