<?xml version="1.0" ?>
<!--MOLLI PACKAGE EXPERIMENTAL XML FORMAT-->
<molecule name="el3206">
	<atoms>
		<a id="1" s="C" t="C.3" l="C"/>
		<a id="2" s="C" t="C.3" l="C"/>
		<a id="3" s="C" t="C.3" l="C"/>
		<a id="4" s="C" t="C.3" l="C"/>
		<a id="5" s="O" t="O.3" l="O"/>
		<a id="6" s="C" t="C.2" l="C"/>
		<a id="7" s="O" t="O.2" l="O"/>
		<a id="8" s="N" t="N.am" l="N"/>
		<a id="9" s="C" t="C.3" l="C"/>
		<a id="10" s="C" t="C.3" l="C"/>
		<a id="11" s="C" t="C.3" l="C"/>
		<a id="12" s="N" t="N.pl3" l="N"/>
		<a id="13" s="C" t="C.ar" l="C"/>
		<a id="14" s="C" t="C.ar" l="C"/>
		<a id="15" s="C" t="C.ar" l="C"/>
		<a id="16" s="Cl" t="Cl" l="CL"/>
		<a id="17" s="N" t="N.ar" l="N"/>
		<a id="18" s="C" t="C.ar" l="C"/>
		<a id="19" s="C" t="C.ar" l="C"/>
		<a id="20" s="C" t="C.2" l="C"/>
		<a id="21" s="N" t="N.am" l="N"/>
		<a id="22" s="O" t="O.2" l="O"/>
		<a id="23" s="C" t="C.3" l="C"/>
		<a id="24" s="C" t="C.3" l="C"/>
		<a id="25" s="H" t="H" l="H"/>
		<a id="26" s="H" t="H" l="H"/>
		<a id="27" s="H" t="H" l="H"/>
		<a id="28" s="H" t="H" l="H"/>
		<a id="29" s="H" t="H" l="H"/>
		<a id="30" s="H" t="H" l="H"/>
		<a id="31" s="H" t="H" l="H"/>
		<a id="32" s="H" t="H" l="H"/>
		<a id="33" s="H" t="H" l="H"/>
		<a id="34" s="H" t="H" l="H"/>
		<a id="35" s="H" t="H" l="H"/>
		<a id="36" s="H" t="H" l="H"/>
		<a id="37" s="H" t="H" l="H"/>
		<a id="38" s="H" t="H" l="H"/>
		<a id="39" s="H" t="H" l="H"/>
		<a id="40" s="H" t="H" l="H"/>
		<a id="41" s="H" t="H" l="H"/>
		<a id="42" s="H" t="H" l="H"/>
		<a id="43" s="H" t="H" l="H"/>
		<a id="44" s="H" t="H" l="H"/>
		<a id="45" s="H" t="H" l="H"/>
		<a id="46" s="H" t="H" l="H"/>
		<a id="47" s="H" t="H" l="H"/>
	</atoms>
	<bonds>
		<b id="1" c="1 2" t="1"/>
		<b id="2" c="2 3" t="1"/>
		<b id="3" c="2 4" t="1"/>
		<b id="4" c="2 5" t="1"/>
		<b id="5" c="5 6" t="1"/>
		<b id="6" c="6 7" t="2"/>
		<b id="7" c="6 8" t="am"/>
		<b id="8" c="8 9" t="1"/>
		<b id="9" c="9 10" t="1"/>
		<b id="10" c="10 11" t="1"/>
		<b id="11" c="11 12" t="1"/>
		<b id="12" c="12 13" t="1"/>
		<b id="13" c="13 14" t="ar"/>
		<b id="14" c="14 15" t="ar"/>
		<b id="15" c="15 16" t="1"/>
		<b id="16" c="15 17" t="ar"/>
		<b id="17" c="17 18" t="ar"/>
		<b id="18" c="18 19" t="ar"/>
		<b id="19" c="13 19" t="ar"/>
		<b id="20" c="19 20" t="1"/>
		<b id="21" c="20 21" t="am"/>
		<b id="22" c="20 22" t="2"/>
		<b id="23" c="11 23" t="1"/>
		<b id="24" c="23 24" t="1"/>
		<b id="25" c="8 24" t="1"/>
		<b id="26" c="1 25" t="1"/>
		<b id="27" c="1 26" t="1"/>
		<b id="28" c="1 27" t="1"/>
		<b id="29" c="3 28" t="1"/>
		<b id="30" c="3 29" t="1"/>
		<b id="31" c="3 30" t="1"/>
		<b id="32" c="4 31" t="1"/>
		<b id="33" c="4 32" t="1"/>
		<b id="34" c="4 33" t="1"/>
		<b id="35" c="9 34" t="1"/>
		<b id="36" c="9 35" t="1"/>
		<b id="37" c="10 36" t="1"/>
		<b id="38" c="10 37" t="1"/>
		<b id="39" c="11 38" t="1"/>
		<b id="40" c="12 39" t="1"/>
		<b id="41" c="14 40" t="1"/>
		<b id="42" c="18 41" t="1"/>
		<b id="43" c="21 42" t="1"/>
		<b id="44" c="21 43" t="1"/>
		<b id="45" c="23 44" t="1"/>
		<b id="46" c="23 45" t="1"/>
		<b id="47" c="24 46" t="1"/>
		<b id="48" c="24 47" t="1"/>
	</bonds>
	<geometry>
		<g u="A" t="cart/3d">#47,3:3.9429,-1.3847,0.1208;2.8570,-0.3898,0.5302;2.1758,0.2139,-0.6971;1.8274,-1.0672,1.4366;3.4146,0.6548,1.3613;4.3718,1.4691,0.8792;4.8681,1.4030,-0.2233;4.7128,2.4193,1.7852;5.8334,3.2931,1.5216;7.0136,2.9176,2.4188;6.5995,2.9643,3.9002;6.3141,4.3125,4.3238;7.1991,5.2690,4.6243;8.5839,5.0299,4.7163;9.4112,6.0731,5.0592;11.1040,5.8025,5.1990;9.0111,7.3145,5.2834;7.7167,7.5509,5.1986;6.7501,6.5970,4.9039;5.3117,6.9298,4.8289;4.9207,8.0997,5.3787;4.4768,6.1986,4.3026;5.3531,2.0985,4.1187;4.2309,2.4724,3.1450;3.4957,-2.2089,-0.4278;4.4426,-1.7779,1.0038;4.6778,-0.8947,-0.5114;1.6878,-0.5705,-1.2687;2.9114,0.7066,-1.3267;1.4302,0.9442,-0.3892;1.3452,-1.8830,0.9066;1.0727,-0.3486,1.7453;2.3143,-1.4599,2.3255;5.5271,4.3271,1.7119;6.1005,3.1855,0.4695;7.8413,3.6056,2.2420;7.3445,1.9074,2.1728;7.4155,2.5687,4.5184;5.3623,4.6542,4.1969;8.9979,4.0562,4.5207;7.4576,8.5896,5.3567;5.5403,8.7150,5.8715;3.9436,8.3352,5.3230;5.0009,2.2125,5.1447;5.6245,1.0532,3.9621;3.8718,3.4886,3.3438;3.3949,1.7832,3.2534;</g>
	</geometry>
	<conformers/>
	<properties/>
</molecule>
