<?xml version="1.0" ?>
<!--MOLLI PACKAGE EXPERIMENTAL XML FORMAT-->
<molecule name="el3208">
	<atoms>
		<a id="1" s="C" t="C.3" l="C"/>
		<a id="2" s="O" t="O.3" l="O"/>
		<a id="3" s="C" t="C.3" l="C"/>
		<a id="4" s="C" t="C.3" l="C"/>
		<a id="5" s="C" t="C.3" l="C"/>
		<a id="6" s="N" t="N.ar" l="N"/>
		<a id="7" s="C" t="C.ar" l="C"/>
		<a id="8" s="C" t="C.ar" l="C"/>
		<a id="9" s="C" t="C.ar" l="C"/>
		<a id="10" s="N" t="N.ar" l="N"/>
		<a id="11" s="C" t="C.ar" l="C"/>
		<a id="12" s="Cl" t="Cl" l="CL"/>
		<a id="13" s="N" t="N.ar" l="N"/>
		<a id="14" s="C" t="C.ar" l="C"/>
		<a id="15" s="C" t="C.ar" l="C"/>
		<a id="16" s="C" t="C.3" l="C"/>
		<a id="17" s="N" t="N.ar" l="N"/>
		<a id="18" s="C" t="C.ar" l="C"/>
		<a id="19" s="C" t="C.2" l="C"/>
		<a id="20" s="O" t="O.2" l="O"/>
		<a id="21" s="N" t="N.am" l="N"/>
		<a id="22" s="C" t="C.3" l="C"/>
		<a id="23" s="C" t="C.ar" l="C"/>
		<a id="24" s="C" t="C.ar" l="C"/>
		<a id="25" s="C" t="C.ar" l="C"/>
		<a id="26" s="C" t="C.ar" l="C"/>
		<a id="27" s="F" t="F" l="F"/>
		<a id="28" s="C" t="C.ar" l="C"/>
		<a id="29" s="F" t="F" l="F"/>
		<a id="30" s="C" t="C.ar" l="C"/>
		<a id="31" s="H" t="H" l="H"/>
		<a id="32" s="H" t="H" l="H"/>
		<a id="33" s="H" t="H" l="H"/>
		<a id="34" s="H" t="H" l="H"/>
		<a id="35" s="H" t="H" l="H"/>
		<a id="36" s="H" t="H" l="H"/>
		<a id="37" s="H" t="H" l="H"/>
		<a id="38" s="H" t="H" l="H"/>
		<a id="39" s="H" t="H" l="H"/>
		<a id="40" s="H" t="H" l="H"/>
		<a id="41" s="H" t="H" l="H"/>
		<a id="42" s="H" t="H" l="H"/>
		<a id="43" s="H" t="H" l="H"/>
		<a id="44" s="H" t="H" l="H"/>
		<a id="45" s="H" t="H" l="H"/>
		<a id="46" s="H" t="H" l="H"/>
		<a id="47" s="H" t="H" l="H"/>
		<a id="48" s="H" t="H" l="H"/>
	</atoms>
	<bonds>
		<b id="1" c="1 2" t="1"/>
		<b id="2" c="2 3" t="1"/>
		<b id="3" c="3 4" t="1"/>
		<b id="4" c="4 5" t="1"/>
		<b id="5" c="5 6" t="1"/>
		<b id="6" c="6 7" t="ar"/>
		<b id="7" c="7 8" t="ar"/>
		<b id="8" c="8 9" t="1"/>
		<b id="9" c="9 10" t="ar"/>
		<b id="10" c="10 11" t="ar"/>
		<b id="11" c="11 12" t="1"/>
		<b id="12" c="11 13" t="ar"/>
		<b id="13" c="13 14" t="ar"/>
		<b id="14" c="14 15" t="ar"/>
		<b id="15" c="9 15" t="ar"/>
		<b id="16" c="15 16" t="1"/>
		<b id="17" c="8 17" t="ar"/>
		<b id="18" c="17 18" t="ar"/>
		<b id="19" c="6 18" t="ar"/>
		<b id="20" c="18 19" t="1"/>
		<b id="21" c="19 20" t="2"/>
		<b id="22" c="19 21" t="am"/>
		<b id="23" c="4 21" t="1"/>
		<b id="24" c="21 22" t="1"/>
		<b id="25" c="22 23" t="1"/>
		<b id="26" c="23 24" t="ar"/>
		<b id="27" c="24 25" t="ar"/>
		<b id="28" c="25 26" t="ar"/>
		<b id="29" c="26 27" t="1"/>
		<b id="30" c="26 28" t="ar"/>
		<b id="31" c="28 29" t="1"/>
		<b id="32" c="28 30" t="ar"/>
		<b id="33" c="23 30" t="ar"/>
		<b id="34" c="1 31" t="1"/>
		<b id="35" c="1 32" t="1"/>
		<b id="36" c="1 33" t="1"/>
		<b id="37" c="3 34" t="1"/>
		<b id="38" c="3 35" t="1"/>
		<b id="39" c="4 36" t="1"/>
		<b id="40" c="5 37" t="1"/>
		<b id="41" c="5 38" t="1"/>
		<b id="42" c="7 39" t="1"/>
		<b id="43" c="14 40" t="1"/>
		<b id="44" c="16 41" t="1"/>
		<b id="45" c="16 42" t="1"/>
		<b id="46" c="16 43" t="1"/>
		<b id="47" c="22 44" t="1"/>
		<b id="48" c="22 45" t="1"/>
		<b id="49" c="24 46" t="1"/>
		<b id="50" c="25 47" t="1"/>
		<b id="51" c="30 48" t="1"/>
	</bonds>
	<geometry>
		<g u="A" t="cart/3d">#48,3:1.5786,2.2890,-0.3991;2.7263,1.4936,-0.2225;3.2218,1.5241,1.0916;4.4892,0.6501,1.1450;5.5610,1.2166,0.2096;6.0491,2.4314,0.7951;6.4898,3.5685,0.2217;6.8407,4.4126,1.2652;7.3622,5.7564,1.1330;7.4293,6.2110,-0.1221;7.8981,7.4238,-0.2976;7.9684,7.9816,-1.9112;8.3192,8.2565,0.6316;8.2563,7.8085,1.8766;7.7799,6.5483,2.2184;7.7264,6.0889,3.6319;6.6157,3.7853,2.4493;6.1409,2.6021,2.1491;5.7588,1.5302,3.0773;6.1060,1.4778,4.2389;4.9923,0.5549,2.4984;4.5735,-0.5790,3.3057;5.3829,-1.7992,2.9533;6.7312,-1.8443,3.2927;7.5100,-2.9322,2.9470;6.9415,-3.9879,2.2543;7.6961,-5.0457,1.9174;5.5965,-3.9494,1.9110;5.0371,-4.9676,1.2370;4.8192,-2.8575,2.2551;1.2947,2.1913,-1.4443;1.7875,3.3407,-0.1710;0.7561,1.9452,0.2386;2.4729,1.1341,1.7983;3.4615,2.5558,1.3945;4.2261,-0.3546,0.8006;5.1203,1.4158,-0.7691;6.3831,0.4988,0.0991;6.5354,3.7226,-0.8355;8.6069,8.4993,2.6329;8.1424,6.8445,4.2940;8.2743,5.1565,3.7470;6.6987,5.8777,3.9192;3.5066,-0.7601,3.1563;4.7547,-0.2980,4.3470;7.1647,-1.0196,3.8370;8.5547,-2.9816,3.2092;3.7754,-2.8590,1.9804;</g>
	</geometry>
	<conformers/>
	<properties/>
</molecule>
