<?xml version="1.0" ?>
<!--MOLLI PACKAGE EXPERIMENTAL XML FORMAT-->
<molecule name="el3209">
	<atoms>
		<a id="1" s="Cl" t="Cl" l="CL"/>
		<a id="2" s="C" t="C.ar" l="C"/>
		<a id="3" s="N" t="N.ar" l="N"/>
		<a id="4" s="C" t="C.ar" l="C"/>
		<a id="5" s="C" t="C.ar" l="C"/>
		<a id="6" s="N" t="N.ar" l="N"/>
		<a id="7" s="N" t="N.ar" l="N"/>
		<a id="8" s="N" t="N.ar" l="N"/>
		<a id="9" s="C" t="C.3" l="C"/>
		<a id="10" s="C" t="C.3" l="C"/>
		<a id="11" s="C" t="C.3" l="C"/>
		<a id="12" s="C" t="C.3" l="C"/>
		<a id="13" s="C" t="C.3" l="C"/>
		<a id="14" s="C" t="C.ar" l="C"/>
		<a id="15" s="N" t="N.ar" l="N"/>
		<a id="16" s="H" t="H" l="H"/>
		<a id="17" s="H" t="H" l="H"/>
		<a id="18" s="H" t="H" l="H"/>
		<a id="19" s="H" t="H" l="H"/>
		<a id="20" s="H" t="H" l="H"/>
		<a id="21" s="H" t="H" l="H"/>
		<a id="22" s="H" t="H" l="H"/>
		<a id="23" s="H" t="H" l="H"/>
		<a id="24" s="H" t="H" l="H"/>
		<a id="25" s="H" t="H" l="H"/>
	</atoms>
	<bonds>
		<b id="1" c="1 2" t="1"/>
		<b id="2" c="2 3" t="ar"/>
		<b id="3" c="3 4" t="ar"/>
		<b id="4" c="4 5" t="ar"/>
		<b id="5" c="5 6" t="ar"/>
		<b id="6" c="6 7" t="ar"/>
		<b id="7" c="7 8" t="ar"/>
		<b id="8" c="8 9" t="1"/>
		<b id="9" c="9 10" t="1"/>
		<b id="10" c="10 11" t="1"/>
		<b id="11" c="11 12" t="1"/>
		<b id="12" c="12 13" t="1"/>
		<b id="13" c="9 13" t="1"/>
		<b id="14" c="8 14" t="ar"/>
		<b id="15" c="5 14" t="ar"/>
		<b id="16" c="14 15" t="ar"/>
		<b id="17" c="2 15" t="ar"/>
		<b id="18" c="4 16" t="1"/>
		<b id="19" c="9 17" t="1"/>
		<b id="20" c="10 18" t="1"/>
		<b id="21" c="10 19" t="1"/>
		<b id="22" c="11 20" t="1"/>
		<b id="23" c="11 21" t="1"/>
		<b id="24" c="12 22" t="1"/>
		<b id="25" c="12 23" t="1"/>
		<b id="26" c="13 24" t="1"/>
		<b id="27" c="13 25" t="1"/>
	</bonds>
	<geometry>
		<g u="A" t="cart/3d">#25,3:1.2637,0.2507,0.2174;2.9581,0.1242,0.1783;3.6181,1.2800,0.2103;4.9334,1.2717,0.1835;5.6017,0.0514,0.1219;6.8927,-0.3827,0.0781;6.8918,-1.6460,0.0278;5.6422,-2.1384,0.0346;5.3589,-3.5451,-0.0223;6.0315,-4.3231,1.1122;6.0704,-5.7706,0.6087;5.9259,-5.6974,-0.9247;5.9350,-4.2091,-1.2749;4.7765,-1.1079,0.0928;3.4483,-1.0958,0.1204;5.4327,2.2293,0.2109;4.2701,-3.6443,0.0141;5.4986,-4.2231,2.0565;7.0418,-3.9318,1.2394;5.2503,-6.3454,1.0378;7.0004,-6.2553,0.9001;4.9818,-6.1456,-1.2343;6.7280,-6.2277,-1.4343;5.3581,-3.9850,-2.1708;6.9557,-3.8502,-1.4144;</g>
	</geometry>
	<conformers/>
	<properties/>
</molecule>
