<?xml version="1.0" ?>
<!--MOLLI PACKAGE EXPERIMENTAL XML FORMAT-->
<molecule name="el3210">
	<atoms>
		<a id="1" s="C" t="C.3" l="C"/>
		<a id="2" s="C" t="C.2" l="C"/>
		<a id="3" s="N" t="N.2" l="N"/>
		<a id="4" s="C" t="C.ar" l="C"/>
		<a id="5" s="C" t="C.ar" l="C"/>
		<a id="6" s="F" t="F" l="F"/>
		<a id="7" s="C" t="C.ar" l="C"/>
		<a id="8" s="C" t="C.ar" l="C"/>
		<a id="9" s="C" t="C.ar" l="C"/>
		<a id="10" s="N" t="N.ar" l="N"/>
		<a id="11" s="C" t="C.ar" l="C"/>
		<a id="12" s="Cl" t="Cl" l="CL"/>
		<a id="13" s="N" t="N.ar" l="N"/>
		<a id="14" s="C" t="C.ar" l="C"/>
		<a id="15" s="C" t="C.ar" l="C"/>
		<a id="16" s="F" t="F" l="F"/>
		<a id="17" s="C" t="C.ar" l="C"/>
		<a id="18" s="C" t="C.ar" l="C"/>
		<a id="19" s="C" t="C.3" l="C"/>
		<a id="20" s="C" t="C.3" l="C"/>
		<a id="21" s="C" t="C.3" l="C"/>
		<a id="22" s="C" t="C.3" l="C"/>
		<a id="23" s="C" t="C.3" l="C"/>
		<a id="24" s="H" t="H" l="H"/>
		<a id="25" s="H" t="H" l="H"/>
		<a id="26" s="H" t="H" l="H"/>
		<a id="27" s="H" t="H" l="H"/>
		<a id="28" s="H" t="H" l="H"/>
		<a id="29" s="H" t="H" l="H"/>
		<a id="30" s="H" t="H" l="H"/>
		<a id="31" s="H" t="H" l="H"/>
		<a id="32" s="H" t="H" l="H"/>
		<a id="33" s="H" t="H" l="H"/>
		<a id="34" s="H" t="H" l="H"/>
		<a id="35" s="H" t="H" l="H"/>
		<a id="36" s="H" t="H" l="H"/>
		<a id="37" s="H" t="H" l="H"/>
	</atoms>
	<bonds>
		<b id="1" c="1 2" t="1"/>
		<b id="2" c="2 3" t="2"/>
		<b id="3" c="3 4" t="1"/>
		<b id="4" c="4 5" t="ar"/>
		<b id="5" c="5 6" t="1"/>
		<b id="6" c="5 7" t="ar"/>
		<b id="7" c="7 8" t="ar"/>
		<b id="8" c="8 9" t="1"/>
		<b id="9" c="9 10" t="ar"/>
		<b id="10" c="10 11" t="ar"/>
		<b id="11" c="11 12" t="1"/>
		<b id="12" c="11 13" t="ar"/>
		<b id="13" c="13 14" t="ar"/>
		<b id="14" c="14 15" t="ar"/>
		<b id="15" c="9 15" t="ar"/>
		<b id="16" c="15 16" t="1"/>
		<b id="17" c="8 17" t="ar"/>
		<b id="18" c="17 18" t="ar"/>
		<b id="19" c="4 18" t="ar"/>
		<b id="20" c="18 19" t="1"/>
		<b id="21" c="2 19" t="1"/>
		<b id="22" c="19 20" t="1"/>
		<b id="23" c="20 21" t="1"/>
		<b id="24" c="21 22" t="1"/>
		<b id="25" c="22 23" t="1"/>
		<b id="26" c="19 23" t="1"/>
		<b id="27" c="1 24" t="1"/>
		<b id="28" c="1 25" t="1"/>
		<b id="29" c="1 26" t="1"/>
		<b id="30" c="7 27" t="1"/>
		<b id="31" c="14 28" t="1"/>
		<b id="32" c="17 29" t="1"/>
		<b id="33" c="20 30" t="1"/>
		<b id="34" c="20 31" t="1"/>
		<b id="35" c="21 32" t="1"/>
		<b id="36" c="21 33" t="1"/>
		<b id="37" c="22 34" t="1"/>
		<b id="38" c="22 35" t="1"/>
		<b id="39" c="23 36" t="1"/>
		<b id="40" c="23 37" t="1"/>
	</bonds>
	<geometry>
		<g u="A" t="cart/3d">#37,3:0.6843,0.2562,-0.6705;2.1261,0.0145,-0.4485;2.8709,0.8600,0.1630;4.1560,0.3362,0.2198;5.3041,0.8840,0.7740;5.2853,2.0888,1.3646;6.4908,0.1813,0.7161;6.5567,-1.0754,0.1029;7.8534,-1.7472,0.0817;8.8121,-1.2103,0.8428;10.0002,-1.7653,0.8658;11.1639,-1.0199,1.8569;10.3908,-2.8405,0.2028;9.4750,-3.3983,-0.5694;8.1910,-2.8883,-0.6660;7.3245,-3.5068,-1.4896;5.4004,-1.6395,-0.4532;4.2270,-0.9310,-0.3863;2.8497,-1.2490,-0.8933;2.2447,-2.5294,-0.2693;1.5079,-3.2229,-1.4117;2.4081,-2.9464,-2.6098;2.8038,-1.4813,-2.4245;0.4022,1.2044,-0.2224;0.0936,-0.5457,-0.2289;0.4607,0.2833,-1.7367;7.3849,0.6019,1.1463;9.7727,-4.2746,-1.1283;5.4124,-2.6104,-0.9189;1.6008,-2.3019,0.5797;3.0559,-3.1660,0.0871;0.5290,-2.7674,-1.5680;1.3676,-4.2858,-1.2225;3.2921,-3.5836,-2.5632;1.9110,-3.1177,-3.5633;2.0543,-0.8311,-2.8763;3.7647,-1.2514,-2.8830;</g>
	</geometry>
	<conformers/>
	<properties/>
</molecule>
