<?xml version="1.0" ?>
<!--MOLLI PACKAGE EXPERIMENTAL XML FORMAT-->
<molecule name="el3211">
	<atoms>
		<a id="1" s="C" t="C.3" l="C"/>
		<a id="2" s="C" t="C.3" l="C"/>
		<a id="3" s="C" t="C.3" l="C"/>
		<a id="4" s="C" t="C.3" l="C"/>
		<a id="5" s="O" t="O.3" l="O"/>
		<a id="6" s="C" t="C.2" l="C"/>
		<a id="7" s="O" t="O.2" l="O"/>
		<a id="8" s="N" t="N.am" l="N"/>
		<a id="9" s="C" t="C.3" l="C"/>
		<a id="10" s="C" t="C.3" l="C"/>
		<a id="11" s="C" t="C.3" l="C"/>
		<a id="12" s="C" t="C.3" l="C"/>
		<a id="13" s="N" t="N.pl3" l="N"/>
		<a id="14" s="C" t="C.ar" l="C"/>
		<a id="15" s="C" t="C.ar" l="C"/>
		<a id="16" s="N" t="N.ar" l="N"/>
		<a id="17" s="C" t="C.ar" l="C"/>
		<a id="18" s="C" t="C.ar" l="C"/>
		<a id="19" s="Cl" t="Cl" l="CL"/>
		<a id="20" s="C" t="C.ar" l="C"/>
		<a id="21" s="C" t="C.3" l="C"/>
		<a id="22" s="H" t="H" l="H"/>
		<a id="23" s="H" t="H" l="H"/>
		<a id="24" s="H" t="H" l="H"/>
		<a id="25" s="H" t="H" l="H"/>
		<a id="26" s="H" t="H" l="H"/>
		<a id="27" s="H" t="H" l="H"/>
		<a id="28" s="H" t="H" l="H"/>
		<a id="29" s="H" t="H" l="H"/>
		<a id="30" s="H" t="H" l="H"/>
		<a id="31" s="H" t="H" l="H"/>
		<a id="32" s="H" t="H" l="H"/>
		<a id="33" s="H" t="H" l="H"/>
		<a id="34" s="H" t="H" l="H"/>
		<a id="35" s="H" t="H" l="H"/>
		<a id="36" s="H" t="H" l="H"/>
		<a id="37" s="H" t="H" l="H"/>
		<a id="38" s="H" t="H" l="H"/>
		<a id="39" s="H" t="H" l="H"/>
		<a id="40" s="H" t="H" l="H"/>
		<a id="41" s="H" t="H" l="H"/>
	</atoms>
	<bonds>
		<b id="1" c="1 2" t="1"/>
		<b id="2" c="2 3" t="1"/>
		<b id="3" c="2 4" t="1"/>
		<b id="4" c="2 5" t="1"/>
		<b id="5" c="5 6" t="1"/>
		<b id="6" c="6 7" t="2"/>
		<b id="7" c="6 8" t="am"/>
		<b id="8" c="8 9" t="1"/>
		<b id="9" c="9 10" t="1"/>
		<b id="10" c="10 11" t="1"/>
		<b id="11" c="8 11" t="1"/>
		<b id="12" c="11 12" t="1"/>
		<b id="13" c="12 13" t="1"/>
		<b id="14" c="13 14" t="1"/>
		<b id="15" c="14 15" t="ar"/>
		<b id="16" c="15 16" t="ar"/>
		<b id="17" c="16 17" t="ar"/>
		<b id="18" c="17 18" t="ar"/>
		<b id="19" c="18 19" t="1"/>
		<b id="20" c="18 20" t="ar"/>
		<b id="21" c="14 20" t="ar"/>
		<b id="22" c="13 21" t="1"/>
		<b id="23" c="9 21" t="1"/>
		<b id="24" c="1 22" t="1"/>
		<b id="25" c="1 23" t="1"/>
		<b id="26" c="1 24" t="1"/>
		<b id="27" c="3 25" t="1"/>
		<b id="28" c="3 26" t="1"/>
		<b id="29" c="3 27" t="1"/>
		<b id="30" c="4 28" t="1"/>
		<b id="31" c="4 29" t="1"/>
		<b id="32" c="4 30" t="1"/>
		<b id="33" c="9 31" t="1"/>
		<b id="34" c="10 32" t="1"/>
		<b id="35" c="10 33" t="1"/>
		<b id="36" c="11 34" t="1"/>
		<b id="37" c="12 35" t="1"/>
		<b id="38" c="12 36" t="1"/>
		<b id="39" c="15 37" t="1"/>
		<b id="40" c="17 38" t="1"/>
		<b id="41" c="20 39" t="1"/>
		<b id="42" c="21 40" t="1"/>
		<b id="43" c="21 41" t="1"/>
	</bonds>
	<geometry>
		<g u="A" t="cart/3d">#41,3:5.7054,0.5844,-0.2207;4.2416,0.3935,-0.6161;3.3068,0.9804,0.4406;3.9670,1.0228,-1.9826;3.9515,-1.0127,-0.8128;4.0436,-1.8746,0.2133;4.4515,-1.6434,1.3262;3.5297,-3.0786,-0.1506;3.7880,-4.3872,0.4365;2.9845,-4.9911,-0.7227;3.3950,-3.7084,-1.4571;4.7806,-3.8986,-2.0642;5.6411,-4.6167,-1.1372;6.9086,-4.9561,-1.5209;7.8304,-5.5513,-0.6357;9.0357,-5.9436,-0.9816;9.4522,-5.7814,-2.2238;8.6377,-5.1840,-3.1743;9.2024,-4.9550,-4.7927;7.3657,-4.7622,-2.8339;5.2639,-4.7269,0.2638;5.9291,1.6452,-0.1503;6.3588,0.1357,-0.9664;5.8969,0.1183,0.7419;3.4660,2.0523,0.5159;3.5010,0.5256,1.4080;2.2702,0.7950,0.1665;4.1456,2.0929,-1.9399;2.9348,0.8460,-2.2734;4.6177,0.5848,-2.7351;3.4541,-4.5133,1.4653;1.9196,-5.0392,-0.5186;3.3450,-5.9297,-1.1330;2.7056,-3.2222,-2.1463;5.2032,-2.9141,-2.3105;4.6832,-4.4813,-2.9875;7.5912,-5.7172,0.4034;10.4484,-6.1260,-2.4549;6.7562,-4.2914,-3.5866;5.8608,-4.0474,0.8874;5.4328,-5.7556,0.6003;</g>
	</geometry>
	<conformers/>
	<properties/>
</molecule>
