<?xml version="1.0" ?>
<!--MOLLI PACKAGE EXPERIMENTAL XML FORMAT-->
<molecule name="el3213">
	<atoms>
		<a id="1" s="C" t="C.2" l="C"/>
		<a id="2" s="C" t="C.2" l="C"/>
		<a id="3" s="C" t="C.2" l="C"/>
		<a id="4" s="O" t="O.2" l="O"/>
		<a id="5" s="N" t="N.am" l="N"/>
		<a id="6" s="C" t="C.ar" l="C"/>
		<a id="7" s="C" t="C.ar" l="C"/>
		<a id="8" s="C" t="C.ar" l="C"/>
		<a id="9" s="C" t="C.ar" l="C"/>
		<a id="10" s="C" t="C.ar" l="C"/>
		<a id="11" s="N" t="N.pl3" l="N"/>
		<a id="12" s="C" t="C.ar" l="C"/>
		<a id="13" s="N" t="N.ar" l="N"/>
		<a id="14" s="C" t="C.ar" l="C"/>
		<a id="15" s="Cl" t="Cl" l="CL"/>
		<a id="16" s="N" t="N.ar" l="N"/>
		<a id="17" s="C" t="C.ar" l="C"/>
		<a id="18" s="C" t="C.ar" l="C"/>
		<a id="19" s="C" t="C.3" l="C"/>
		<a id="20" s="F" t="F" l="F"/>
		<a id="21" s="F" t="F" l="F"/>
		<a id="22" s="F" t="F" l="F"/>
		<a id="23" s="C" t="C.ar" l="C"/>
		<a id="24" s="H" t="H" l="H"/>
		<a id="25" s="H" t="H" l="H"/>
		<a id="26" s="H" t="H" l="H"/>
		<a id="27" s="H" t="H" l="H"/>
		<a id="28" s="H" t="H" l="H"/>
		<a id="29" s="H" t="H" l="H"/>
		<a id="30" s="H" t="H" l="H"/>
		<a id="31" s="H" t="H" l="H"/>
		<a id="32" s="H" t="H" l="H"/>
		<a id="33" s="H" t="H" l="H"/>
	</atoms>
	<bonds>
		<b id="1" c="1 2" t="2"/>
		<b id="2" c="2 3" t="1"/>
		<b id="3" c="3 4" t="2"/>
		<b id="4" c="3 5" t="am"/>
		<b id="5" c="5 6" t="1"/>
		<b id="6" c="6 7" t="ar"/>
		<b id="7" c="7 8" t="ar"/>
		<b id="8" c="8 9" t="ar"/>
		<b id="9" c="9 10" t="ar"/>
		<b id="10" c="10 11" t="1"/>
		<b id="11" c="11 12" t="1"/>
		<b id="12" c="12 13" t="ar"/>
		<b id="13" c="13 14" t="ar"/>
		<b id="14" c="14 15" t="1"/>
		<b id="15" c="14 16" t="ar"/>
		<b id="16" c="16 17" t="ar"/>
		<b id="17" c="17 18" t="ar"/>
		<b id="18" c="12 18" t="ar"/>
		<b id="19" c="18 19" t="1"/>
		<b id="20" c="19 20" t="1"/>
		<b id="21" c="19 21" t="1"/>
		<b id="22" c="19 22" t="1"/>
		<b id="23" c="10 23" t="ar"/>
		<b id="24" c="6 23" t="ar"/>
		<b id="25" c="1 24" t="1"/>
		<b id="26" c="1 25" t="1"/>
		<b id="27" c="2 26" t="1"/>
		<b id="28" c="5 27" t="1"/>
		<b id="29" c="7 28" t="1"/>
		<b id="30" c="8 29" t="1"/>
		<b id="31" c="9 30" t="1"/>
		<b id="32" c="11 31" t="1"/>
		<b id="33" c="17 32" t="1"/>
		<b id="34" c="23 33" t="1"/>
	</bonds>
	<geometry>
		<g u="A" t="cart/3d">#33,3:1.5502,0.8069,-0.1901;2.7527,0.2519,-0.1498;3.1834,-0.6991,-1.2058;2.4961,-0.9781,-2.1651;4.4300,-1.2198,-0.9708;5.1459,-2.1501,-1.7202;4.6781,-2.6823,-2.9188;5.4523,-3.6059,-3.5976;6.6793,-4.0065,-3.1054;7.1515,-3.4728,-1.9065;8.4021,-3.9273,-1.4639;9.1223,-3.5829,-0.3874;8.6625,-2.6564,0.4606;9.4012,-2.3439,1.4990;8.7568,-1.1604,2.5342;10.5780,-2.8368,1.8314;11.0617,-3.7609,1.0137;10.3881,-4.1849,-0.1155;10.9607,-5.2338,-1.0107;11.1329,-4.7933,-2.2773;12.1453,-5.6870,-0.6017;10.1525,-6.3117,-1.1219;6.3850,-2.5466,-1.2173;1.2037,1.4987,0.5580;0.8780,0.5676,-0.9979;3.4524,0.4686,0.6454;4.9027,-0.9153,-0.1302;3.7217,-2.3740,-3.3043;5.0907,-4.0198,-4.5261;7.2731,-4.7300,-3.6450;8.8024,-4.6227,-2.0801;12.0255,-4.1703,1.2829;6.7514,-2.1361,-0.2921;</g>
	</geometry>
	<conformers/>
	<properties/>
</molecule>
