<?xml version="1.0" ?>
<!--MOLLI PACKAGE EXPERIMENTAL XML FORMAT-->
<molecule name="el3214">
	<atoms>
		<a id="1" s="C" t="C.3" l="C"/>
		<a id="2" s="C" t="C.3" l="C"/>
		<a id="3" s="C" t="C.3" l="C"/>
		<a id="4" s="C" t="C.3" l="C"/>
		<a id="5" s="O" t="O.3" l="O"/>
		<a id="6" s="C" t="C.2" l="C"/>
		<a id="7" s="O" t="O.2" l="O"/>
		<a id="8" s="N" t="N.am" l="N"/>
		<a id="9" s="C" t="C.3" l="C"/>
		<a id="10" s="C" t="C.3" l="C"/>
		<a id="11" s="C" t="C.3" l="C"/>
		<a id="12" s="N" t="N.pl3" l="N"/>
		<a id="13" s="C" t="C.ar" l="C"/>
		<a id="14" s="N" t="N.ar" l="N"/>
		<a id="15" s="C" t="C.ar" l="C"/>
		<a id="16" s="Cl" t="Cl" l="CL"/>
		<a id="17" s="N" t="N.ar" l="N"/>
		<a id="18" s="C" t="C.ar" l="C"/>
		<a id="19" s="C" t="C.ar" l="C"/>
		<a id="20" s="C" t="C.ar" l="C"/>
		<a id="21" s="N" t="N.ar" l="N"/>
		<a id="22" s="N" t="N.ar" l="N"/>
		<a id="23" s="C" t="C.3" l="C"/>
		<a id="24" s="C" t="C.3" l="C"/>
		<a id="25" s="C" t="C.3" l="C"/>
		<a id="26" s="C" t="C.3" l="C"/>
		<a id="27" s="C" t="C.3" l="C"/>
		<a id="28" s="O" t="O.3" l="O"/>
		<a id="29" s="C" t="C.3" l="C"/>
		<a id="30" s="C" t="C.3" l="C"/>
		<a id="31" s="H" t="H" l="H"/>
		<a id="32" s="H" t="H" l="H"/>
		<a id="33" s="H" t="H" l="H"/>
		<a id="34" s="H" t="H" l="H"/>
		<a id="35" s="H" t="H" l="H"/>
		<a id="36" s="H" t="H" l="H"/>
		<a id="37" s="H" t="H" l="H"/>
		<a id="38" s="H" t="H" l="H"/>
		<a id="39" s="H" t="H" l="H"/>
		<a id="40" s="H" t="H" l="H"/>
		<a id="41" s="H" t="H" l="H"/>
		<a id="42" s="H" t="H" l="H"/>
		<a id="43" s="H" t="H" l="H"/>
		<a id="44" s="H" t="H" l="H"/>
		<a id="45" s="H" t="H" l="H"/>
		<a id="46" s="H" t="H" l="H"/>
		<a id="47" s="H" t="H" l="H"/>
		<a id="48" s="H" t="H" l="H"/>
		<a id="49" s="H" t="H" l="H"/>
		<a id="50" s="H" t="H" l="H"/>
		<a id="51" s="H" t="H" l="H"/>
		<a id="52" s="H" t="H" l="H"/>
		<a id="53" s="H" t="H" l="H"/>
		<a id="54" s="H" t="H" l="H"/>
		<a id="55" s="H" t="H" l="H"/>
		<a id="56" s="H" t="H" l="H"/>
		<a id="57" s="H" t="H" l="H"/>
		<a id="58" s="H" t="H" l="H"/>
		<a id="59" s="H" t="H" l="H"/>
	</atoms>
	<bonds>
		<b id="1" c="1 2" t="1"/>
		<b id="2" c="2 3" t="1"/>
		<b id="3" c="2 4" t="1"/>
		<b id="4" c="2 5" t="1"/>
		<b id="5" c="5 6" t="1"/>
		<b id="6" c="6 7" t="2"/>
		<b id="7" c="6 8" t="am"/>
		<b id="8" c="8 9" t="1"/>
		<b id="9" c="9 10" t="1"/>
		<b id="10" c="10 11" t="1"/>
		<b id="11" c="11 12" t="1"/>
		<b id="12" c="12 13" t="1"/>
		<b id="13" c="13 14" t="ar"/>
		<b id="14" c="14 15" t="ar"/>
		<b id="15" c="15 16" t="1"/>
		<b id="16" c="15 17" t="ar"/>
		<b id="17" c="17 18" t="ar"/>
		<b id="18" c="18 19" t="ar"/>
		<b id="19" c="13 19" t="ar"/>
		<b id="20" c="19 20" t="ar"/>
		<b id="21" c="20 21" t="ar"/>
		<b id="22" c="21 22" t="ar"/>
		<b id="23" c="18 22" t="ar"/>
		<b id="24" c="22 23" t="1"/>
		<b id="25" c="23 24" t="1"/>
		<b id="26" c="24 25" t="1"/>
		<b id="27" c="25 26" t="1"/>
		<b id="28" c="26 27" t="1"/>
		<b id="29" c="27 28" t="1"/>
		<b id="30" c="23 28" t="1"/>
		<b id="31" c="11 29" t="1"/>
		<b id="32" c="29 30" t="1"/>
		<b id="33" c="8 30" t="1"/>
		<b id="34" c="1 31" t="1"/>
		<b id="35" c="1 32" t="1"/>
		<b id="36" c="1 33" t="1"/>
		<b id="37" c="3 34" t="1"/>
		<b id="38" c="3 35" t="1"/>
		<b id="39" c="3 36" t="1"/>
		<b id="40" c="4 37" t="1"/>
		<b id="41" c="4 38" t="1"/>
		<b id="42" c="4 39" t="1"/>
		<b id="43" c="9 40" t="1"/>
		<b id="44" c="9 41" t="1"/>
		<b id="45" c="10 42" t="1"/>
		<b id="46" c="10 43" t="1"/>
		<b id="47" c="11 44" t="1"/>
		<b id="48" c="12 45" t="1"/>
		<b id="49" c="20 46" t="1"/>
		<b id="50" c="23 47" t="1"/>
		<b id="51" c="24 48" t="1"/>
		<b id="52" c="24 49" t="1"/>
		<b id="53" c="25 50" t="1"/>
		<b id="54" c="25 51" t="1"/>
		<b id="55" c="26 52" t="1"/>
		<b id="56" c="26 53" t="1"/>
		<b id="57" c="27 54" t="1"/>
		<b id="58" c="27 55" t="1"/>
		<b id="59" c="29 56" t="1"/>
		<b id="60" c="29 57" t="1"/>
		<b id="61" c="30 58" t="1"/>
		<b id="62" c="30 59" t="1"/>
	</bonds>
	<geometry>
		<g u="A" t="cart/3d">#59,3:4.2723,0.4436,1.1015;3.0348,0.7024,0.2428;2.1426,-0.5360,0.1765;2.2502,1.8988,0.7841;3.4250,1.1173,-1.0888;4.1397,0.2916,-1.8728;4.5220,-0.8157,-1.5724;4.3631,0.8411,-3.0970;5.2804,0.1897,-4.0071;6.6050,0.9501,-4.0550;6.3846,2.4260,-4.4176;5.9880,2.5772,-5.8015;6.8722,2.6559,-6.8043;8.1725,2.6768,-6.5073;9.0506,2.7829,-7.4898;10.6817,2.8138,-6.9907;8.8455,2.8648,-8.7818;7.5452,2.8373,-9.0933;6.4854,2.7443,-8.1615;5.3281,2.7762,-8.9693;5.6507,2.8795,-10.2346;6.9935,2.9167,-10.3197;7.7334,2.9844,-11.5691;7.3575,4.2385,-12.3691;5.9953,4.0745,-13.0382;6.0031,2.7857,-13.8555;6.3493,1.6244,-12.9289;7.6132,1.8053,-12.3056;5.3361,3.0509,-3.4940;4.0572,2.2086,-3.4419;3.9695,0.2101,2.1183;4.9090,1.3258,1.1165;4.8371,-0.3928,0.7000;1.7791,-0.7779,1.1713;2.7038,-1.3813,-0.2112;1.2918,-0.3491,-0.4753;1.9194,1.6961,1.7981;1.3817,2.0906,0.1593;2.8776,2.7865,0.7866;4.8215,0.1501,-5.0011;5.4349,-0.8286,-3.6486;7.2750,0.4962,-4.7851;7.0806,0.8976,-3.0751;7.3383,2.9552,-4.3238;5.0150,2.4716,-6.0375;4.2957,2.7313,-8.6821;8.7852,3.0268,-11.2581;8.1252,4.3825,-13.1317;7.3667,5.1005,-11.7010;5.7896,4.9356,-13.6762;5.2200,4.0119,-12.2732;6.7515,2.8527,-14.6481;5.0284,2.6082,-14.3102;6.4446,0.6868,-13.4800;5.5684,1.5186,-12.1650;5.0991,4.0620,-3.8278;5.7556,3.1120,-2.4893;3.5548,2.2097,-4.4172;3.3679,2.6148,-2.7030;</g>
	</geometry>
	<conformers/>
	<properties/>
</molecule>
