<?xml version="1.0" ?>
<!--MOLLI PACKAGE EXPERIMENTAL XML FORMAT-->
<molecule name="el3215">
	<atoms>
		<a id="1" s="F" t="F" l="F"/>
		<a id="2" s="C" t="C.ar" l="C"/>
		<a id="3" s="C" t="C.ar" l="C"/>
		<a id="4" s="C" t="C.ar" l="C"/>
		<a id="5" s="C" t="C.ar" l="C"/>
		<a id="6" s="N" t="N.pl3" l="N"/>
		<a id="7" s="C" t="C.ar" l="C"/>
		<a id="8" s="N" t="N.ar" l="N"/>
		<a id="9" s="C" t="C.ar" l="C"/>
		<a id="10" s="Cl" t="Cl" l="CL"/>
		<a id="11" s="N" t="N.ar" l="N"/>
		<a id="12" s="C" t="C.ar" l="C"/>
		<a id="13" s="C" t="C.ar" l="C"/>
		<a id="14" s="N" t="N.ar" l="N"/>
		<a id="15" s="C" t="C.ar" l="C"/>
		<a id="16" s="N" t="N.ar" l="N"/>
		<a id="17" s="C" t="C.3" l="C"/>
		<a id="18" s="C" t="C.3" l="C"/>
		<a id="19" s="C" t="C.3" l="C"/>
		<a id="20" s="C" t="C.3" l="C"/>
		<a id="21" s="C" t="C.ar" l="C"/>
		<a id="22" s="C" t="C.ar" l="C"/>
		<a id="23" s="H" t="H" l="H"/>
		<a id="24" s="H" t="H" l="H"/>
		<a id="25" s="H" t="H" l="H"/>
		<a id="26" s="H" t="H" l="H"/>
		<a id="27" s="H" t="H" l="H"/>
		<a id="28" s="H" t="H" l="H"/>
		<a id="29" s="H" t="H" l="H"/>
		<a id="30" s="H" t="H" l="H"/>
		<a id="31" s="H" t="H" l="H"/>
		<a id="32" s="H" t="H" l="H"/>
		<a id="33" s="H" t="H" l="H"/>
		<a id="34" s="H" t="H" l="H"/>
		<a id="35" s="H" t="H" l="H"/>
	</atoms>
	<bonds>
		<b id="1" c="1 2" t="1"/>
		<b id="2" c="2 3" t="ar"/>
		<b id="3" c="3 4" t="ar"/>
		<b id="4" c="4 5" t="ar"/>
		<b id="5" c="5 6" t="1"/>
		<b id="6" c="6 7" t="1"/>
		<b id="7" c="7 8" t="ar"/>
		<b id="8" c="8 9" t="ar"/>
		<b id="9" c="9 10" t="1"/>
		<b id="10" c="9 11" t="ar"/>
		<b id="11" c="11 12" t="ar"/>
		<b id="12" c="12 13" t="ar"/>
		<b id="13" c="7 13" t="ar"/>
		<b id="14" c="13 14" t="ar"/>
		<b id="15" c="14 15" t="ar"/>
		<b id="16" c="15 16" t="ar"/>
		<b id="17" c="12 16" t="ar"/>
		<b id="18" c="16 17" t="1"/>
		<b id="19" c="17 18" t="1"/>
		<b id="20" c="18 19" t="1"/>
		<b id="21" c="19 20" t="1"/>
		<b id="22" c="18 20" t="1"/>
		<b id="23" c="5 21" t="ar"/>
		<b id="24" c="21 22" t="ar"/>
		<b id="25" c="2 22" t="ar"/>
		<b id="26" c="3 23" t="1"/>
		<b id="27" c="4 24" t="1"/>
		<b id="28" c="6 25" t="1"/>
		<b id="29" c="15 26" t="1"/>
		<b id="30" c="17 27" t="1"/>
		<b id="31" c="17 28" t="1"/>
		<b id="32" c="18 29" t="1"/>
		<b id="33" c="19 30" t="1"/>
		<b id="34" c="19 31" t="1"/>
		<b id="35" c="20 32" t="1"/>
		<b id="36" c="20 33" t="1"/>
		<b id="37" c="21 34" t="1"/>
		<b id="38" c="22 35" t="1"/>
	</bonds>
	<geometry>
		<g u="A" t="cart/3d">#35,3:1.3990,-1.4316,-2.4032;0.3363,-0.9358,-1.7333;-0.2669,0.2246,-2.1829;-1.3542,0.7327,-1.4979;-1.8332,0.0773,-0.3648;-2.9186,0.5376,0.3713;-3.7247,1.6023,0.1775;-3.5731,2.4408,-0.8496;-4.4042,3.4600,-0.9785;-4.1091,4.4597,-2.3296;-5.4154,3.8111,-0.2168;-5.5759,2.9827,0.8190;-4.7742,1.8585,1.0813;-5.2203,1.2348,2.2168;-6.2326,1.9493,2.6102;-6.5077,3.0202,1.8080;-7.5258,4.0182,1.9912;-7.0759,5.1864,2.8558;-5.7710,5.8722,2.5894;-5.9479,5.0550,3.8340;-1.2077,-1.0926,0.0701;-0.1218,-1.6043,-0.6116;0.1147,0.7217,-3.0603;-1.8405,1.6336,-1.8303;-3.1665,-0.0093,1.1871;-6.8192,1.7264,3.4801;-8.3967,3.5376,2.4489;-7.8007,4.3889,0.9987;-7.9120,5.8106,3.1468;-5.7294,6.9467,2.6781;-5.1465,5.4806,1.8014;-6.0328,5.5677,4.7801;-5.4269,4.1112,3.9041;-1.5770,-1.6027,0.9480;0.3687,-2.5075,-0.2857;</g>
	</geometry>
	<conformers/>
	<properties/>
</molecule>
