<?xml version="1.0" ?>
<!--MOLLI PACKAGE EXPERIMENTAL XML FORMAT-->
<molecule name="el3222">
	<atoms>
		<a id="1" s="C" t="C.3" l="C"/>
		<a id="2" s="C" t="C.3" l="C"/>
		<a id="3" s="C" t="C.3" l="C"/>
		<a id="4" s="C" t="C.3" l="C"/>
		<a id="5" s="O" t="O.3" l="O"/>
		<a id="6" s="C" t="C.2" l="C"/>
		<a id="7" s="O" t="O.2" l="O"/>
		<a id="8" s="N" t="N.am" l="N"/>
		<a id="9" s="C" t="C.3" l="C"/>
		<a id="10" s="C" t="C.3" l="C"/>
		<a id="11" s="C" t="C.3" l="C"/>
		<a id="12" s="C" t="C.3" l="C"/>
		<a id="13" s="O" t="O.3" l="O"/>
		<a id="14" s="C" t="C.ar" l="C"/>
		<a id="15" s="C" t="C.ar" l="C"/>
		<a id="16" s="C" t="C.ar" l="C"/>
		<a id="17" s="C" t="C.ar" l="C"/>
		<a id="18" s="C" t="C.ar" l="C"/>
		<a id="19" s="N" t="N.ar" l="N"/>
		<a id="20" s="C" t="C.ar" l="C"/>
		<a id="21" s="Cl" t="Cl" l="CL"/>
		<a id="22" s="C" t="C.ar" l="C"/>
		<a id="23" s="C" t="C.ar" l="C"/>
		<a id="24" s="N" t="N.ar" l="N"/>
		<a id="25" s="C" t="C.3" l="C"/>
		<a id="26" s="C" t="C.3" l="C"/>
		<a id="27" s="H" t="H" l="H"/>
		<a id="28" s="H" t="H" l="H"/>
		<a id="29" s="H" t="H" l="H"/>
		<a id="30" s="H" t="H" l="H"/>
		<a id="31" s="H" t="H" l="H"/>
		<a id="32" s="H" t="H" l="H"/>
		<a id="33" s="H" t="H" l="H"/>
		<a id="34" s="H" t="H" l="H"/>
		<a id="35" s="H" t="H" l="H"/>
		<a id="36" s="H" t="H" l="H"/>
		<a id="37" s="H" t="H" l="H"/>
		<a id="38" s="H" t="H" l="H"/>
		<a id="39" s="H" t="H" l="H"/>
		<a id="40" s="H" t="H" l="H"/>
		<a id="41" s="H" t="H" l="H"/>
		<a id="42" s="H" t="H" l="H"/>
		<a id="43" s="H" t="H" l="H"/>
		<a id="44" s="H" t="H" l="H"/>
		<a id="45" s="H" t="H" l="H"/>
		<a id="46" s="H" t="H" l="H"/>
		<a id="47" s="H" t="H" l="H"/>
		<a id="48" s="H" t="H" l="H"/>
		<a id="49" s="H" t="H" l="H"/>
		<a id="50" s="H" t="H" l="H"/>
	</atoms>
	<bonds>
		<b id="1" c="1 2" t="1"/>
		<b id="2" c="2 3" t="1"/>
		<b id="3" c="2 4" t="1"/>
		<b id="4" c="2 5" t="1"/>
		<b id="5" c="5 6" t="1"/>
		<b id="6" c="6 7" t="2"/>
		<b id="7" c="6 8" t="am"/>
		<b id="8" c="8 9" t="1"/>
		<b id="9" c="9 10" t="1"/>
		<b id="10" c="10 11" t="1"/>
		<b id="11" c="11 12" t="1"/>
		<b id="12" c="12 13" t="1"/>
		<b id="13" c="12 14" t="1"/>
		<b id="14" c="14 15" t="ar"/>
		<b id="15" c="15 16" t="ar"/>
		<b id="16" c="16 17" t="ar"/>
		<b id="17" c="17 18" t="ar"/>
		<b id="18" c="18 19" t="ar"/>
		<b id="19" c="19 20" t="ar"/>
		<b id="20" c="20 21" t="1"/>
		<b id="21" c="20 22" t="ar"/>
		<b id="22" c="22 23" t="ar"/>
		<b id="23" c="17 23" t="ar"/>
		<b id="24" c="23 24" t="ar"/>
		<b id="25" c="14 24" t="ar"/>
		<b id="26" c="11 25" t="1"/>
		<b id="27" c="25 26" t="1"/>
		<b id="28" c="8 26" t="1"/>
		<b id="29" c="1 27" t="1"/>
		<b id="30" c="1 28" t="1"/>
		<b id="31" c="1 29" t="1"/>
		<b id="32" c="3 30" t="1"/>
		<b id="33" c="3 31" t="1"/>
		<b id="34" c="3 32" t="1"/>
		<b id="35" c="4 33" t="1"/>
		<b id="36" c="4 34" t="1"/>
		<b id="37" c="4 35" t="1"/>
		<b id="38" c="9 36" t="1"/>
		<b id="39" c="9 37" t="1"/>
		<b id="40" c="10 38" t="1"/>
		<b id="41" c="10 39" t="1"/>
		<b id="42" c="11 40" t="1"/>
		<b id="43" c="12 41" t="1"/>
		<b id="44" c="13 42" t="1"/>
		<b id="45" c="15 43" t="1"/>
		<b id="46" c="16 44" t="1"/>
		<b id="47" c="18 45" t="1"/>
		<b id="48" c="22 46" t="1"/>
		<b id="49" c="25 47" t="1"/>
		<b id="50" c="25 48" t="1"/>
		<b id="51" c="26 49" t="1"/>
		<b id="52" c="26 50" t="1"/>
	</bonds>
	<geometry>
		<g u="A" t="cart/3d">#50,3:4.0264,0.2520,-1.6637;2.9833,-0.3676,-0.7343;2.3691,0.6893,0.1835;1.8913,-1.0674,-1.5457;3.5710,-1.4334,0.0480;4.5667,-1.1694,0.9136;5.0798,-0.0863,1.0930;4.9401,-2.2804,1.5936;5.9832,-2.1955,2.5885;7.1175,-3.1648,2.2586;6.6086,-4.5981,2.0877;6.1498,-5.2680,3.4140;5.6499,-6.5553,3.1610;7.3114,-5.3329,4.3745;7.5513,-4.3106,5.3221;8.6266,-4.4202,6.1577;9.4626,-5.5512,6.0507;10.5945,-5.7919,6.8546;11.3419,-6.8538,6.7429;11.0242,-7.7651,5.8200;12.0677,-9.1286,5.7560;9.9556,-7.6684,4.9637;9.1356,-6.5287,5.0698;8.0708,-6.3924,4.2573;5.4702,-4.6078,1.0614;4.3765,-3.5981,1.4107;3.5548,0.9979,-2.2973;4.4706,-0.5168,-2.2925;4.8100,0.7263,-1.0798;1.8469,1.4329,-0.4119;3.1474,1.1800,0.7612;1.6626,0.2239,0.8679;1.3725,-0.3457,-2.1693;1.1755,-1.5391,-0.8774;2.3296,-1.8342,-2.1791;5.5563,-2.4230,3.5730;6.3475,-1.1665,2.5952;7.8833,-3.1123,3.0341;7.5736,-2.8511,1.3173;7.4273,-5.2200,1.7050;5.3275,-4.7010,3.8589;6.4159,-7.1452,3.1088;6.8786,-3.4697,5.3838;8.8442,-3.6666,6.9011;10.8888,-5.0803,7.6154;9.7350,-8.4278,4.2331;5.0319,-5.6049,1.0156;5.8820,-4.3611,0.0811;3.8701,-3.9022,2.3346;3.6380,-3.5556,0.6120;</g>
	</geometry>
	<conformers/>
	<properties/>
</molecule>
