<?xml version="1.0" ?>
<!--MOLLI PACKAGE EXPERIMENTAL XML FORMAT-->
<molecule name="el3232">
	<atoms>
		<a id="1" s="C" t="C.3" l="C"/>
		<a id="2" s="N" t="N.3" l="N"/>
		<a id="3" s="C" t="C.3" l="C"/>
		<a id="4" s="C" t="C.3" l="C"/>
		<a id="5" s="N" t="N.pl3" l="N"/>
		<a id="6" s="C" t="C.ar" l="C"/>
		<a id="7" s="C" t="C.ar" l="C"/>
		<a id="8" s="C" t="C.ar" l="C"/>
		<a id="9" s="N" t="N.ar" l="N"/>
		<a id="10" s="C" t="C.ar" l="C"/>
		<a id="11" s="Cl" t="Cl" l="CL"/>
		<a id="12" s="N" t="N.ar" l="N"/>
		<a id="13" s="C" t="C.3" l="C"/>
		<a id="14" s="C" t="C.3" l="C"/>
		<a id="15" s="H" t="H" l="H"/>
		<a id="16" s="H" t="H" l="H"/>
		<a id="17" s="H" t="H" l="H"/>
		<a id="18" s="H" t="H" l="H"/>
		<a id="19" s="H" t="H" l="H"/>
		<a id="20" s="H" t="H" l="H"/>
		<a id="21" s="H" t="H" l="H"/>
		<a id="22" s="H" t="H" l="H"/>
		<a id="23" s="H" t="H" l="H"/>
		<a id="24" s="H" t="H" l="H"/>
		<a id="25" s="H" t="H" l="H"/>
		<a id="26" s="H" t="H" l="H"/>
		<a id="27" s="H" t="H" l="H"/>
	</atoms>
	<bonds>
		<b id="1" c="1 2" t="1"/>
		<b id="2" c="2 3" t="1"/>
		<b id="3" c="3 4" t="1"/>
		<b id="4" c="4 5" t="1"/>
		<b id="5" c="5 6" t="1"/>
		<b id="6" c="6 7" t="ar"/>
		<b id="7" c="7 8" t="ar"/>
		<b id="8" c="8 9" t="ar"/>
		<b id="9" c="9 10" t="ar"/>
		<b id="10" c="10 11" t="1"/>
		<b id="11" c="10 12" t="ar"/>
		<b id="12" c="6 12" t="ar"/>
		<b id="13" c="5 13" t="1"/>
		<b id="14" c="13 14" t="1"/>
		<b id="15" c="2 14" t="1"/>
		<b id="16" c="1 15" t="1"/>
		<b id="17" c="1 16" t="1"/>
		<b id="18" c="1 17" t="1"/>
		<b id="19" c="3 18" t="1"/>
		<b id="20" c="3 19" t="1"/>
		<b id="21" c="4 20" t="1"/>
		<b id="22" c="4 21" t="1"/>
		<b id="23" c="7 22" t="1"/>
		<b id="24" c="8 23" t="1"/>
		<b id="25" c="13 24" t="1"/>
		<b id="26" c="13 25" t="1"/>
		<b id="27" c="14 26" t="1"/>
		<b id="28" c="14 27" t="1"/>
	</bonds>
	<geometry>
		<g u="A" t="cart/3d">#27,3:2.2992,-0.2138,0.2727;0.9444,0.0156,-0.1776;0.1079,-1.1623,-0.0286;-1.2577,-0.9007,-0.6627;-1.8709,0.2567,-0.0479;-2.9694,0.1398,0.7154;-3.5856,1.2070,1.4104;-4.7324,0.9184,2.1077;-5.2745,-0.2991,2.1570;-4.6232,-1.2181,1.4812;-5.2825,-2.7961,1.5193;-3.5258,-1.0835,0.7779;-1.0351,1.4268,-0.1488;0.3282,1.1455,0.4899;2.7265,-1.0369,-0.2976;2.3583,-0.4602,1.3441;2.8911,0.6815,0.0879;-0.0296,-1.4328,1.0341;0.5897,-1.9988,-0.5381;-1.9186,-1.7550,-0.5263;-1.1245,-0.6955,-1.7295;-3.1929,2.2085,1.4033;-5.2634,1.6799,2.6626;-1.5002,2.2873,0.3268;-0.8836,1.6484,-1.2111;0.1922,0.9594,1.5721;0.9728,2.0188,0.3682;</g>
	</geometry>
	<conformers/>
	<properties/>
</molecule>
