<?xml version="1.0" ?>
<!--MOLLI PACKAGE EXPERIMENTAL XML FORMAT-->
<molecule name="el3235">
	<atoms>
		<a id="1" s="C" t="C.3" l="C"/>
		<a id="2" s="C" t="C.ar" l="C"/>
		<a id="3" s="C" t="C.ar" l="C"/>
		<a id="4" s="C" t="C.ar" l="C"/>
		<a id="5" s="C" t="C.ar" l="C"/>
		<a id="6" s="O" t="O.3" l="O"/>
		<a id="7" s="C" t="C.ar" l="C"/>
		<a id="8" s="C" t="C.ar" l="C"/>
		<a id="9" s="C" t="C.ar" l="C"/>
		<a id="10" s="N" t="N.ar" l="N"/>
		<a id="11" s="C" t="C.ar" l="C"/>
		<a id="12" s="Cl" t="Cl" l="CL"/>
		<a id="13" s="C" t="C.ar" l="C"/>
		<a id="14" s="C" t="C.ar" l="C"/>
		<a id="15" s="C" t="C.ar" l="C"/>
		<a id="16" s="C" t="C.ar" l="C"/>
		<a id="17" s="C" t="C.ar" l="C"/>
		<a id="18" s="C" t="C.ar" l="C"/>
		<a id="19" s="C" t="C.ar" l="C"/>
		<a id="20" s="N" t="N.ar" l="N"/>
		<a id="21" s="N" t="N.ar" l="N"/>
		<a id="22" s="H" t="H" l="H"/>
		<a id="23" s="H" t="H" l="H"/>
		<a id="24" s="H" t="H" l="H"/>
		<a id="25" s="H" t="H" l="H"/>
		<a id="26" s="H" t="H" l="H"/>
		<a id="27" s="H" t="H" l="H"/>
		<a id="28" s="H" t="H" l="H"/>
		<a id="29" s="H" t="H" l="H"/>
		<a id="30" s="H" t="H" l="H"/>
		<a id="31" s="H" t="H" l="H"/>
		<a id="32" s="H" t="H" l="H"/>
		<a id="33" s="H" t="H" l="H"/>
	</atoms>
	<bonds>
		<b id="1" c="1 2" t="1"/>
		<b id="2" c="2 3" t="ar"/>
		<b id="3" c="3 4" t="ar"/>
		<b id="4" c="4 5" t="ar"/>
		<b id="5" c="5 6" t="1"/>
		<b id="6" c="6 7" t="1"/>
		<b id="7" c="7 8" t="ar"/>
		<b id="8" c="8 9" t="ar"/>
		<b id="9" c="9 10" t="ar"/>
		<b id="10" c="10 11" t="ar"/>
		<b id="11" c="11 12" t="1"/>
		<b id="12" c="11 13" t="ar"/>
		<b id="13" c="7 13" t="ar"/>
		<b id="14" c="5 14" t="ar"/>
		<b id="15" c="14 15" t="1"/>
		<b id="16" c="15 16" t="ar"/>
		<b id="17" c="16 17" t="ar"/>
		<b id="18" c="17 18" t="ar"/>
		<b id="19" c="18 19" t="ar"/>
		<b id="20" c="19 20" t="ar"/>
		<b id="21" c="15 20" t="ar"/>
		<b id="22" c="14 21" t="ar"/>
		<b id="23" c="2 21" t="ar"/>
		<b id="24" c="1 22" t="1"/>
		<b id="25" c="1 23" t="1"/>
		<b id="26" c="1 24" t="1"/>
		<b id="27" c="3 25" t="1"/>
		<b id="28" c="4 26" t="1"/>
		<b id="29" c="8 27" t="1"/>
		<b id="30" c="9 28" t="1"/>
		<b id="31" c="13 29" t="1"/>
		<b id="32" c="16 30" t="1"/>
		<b id="33" c="17 31" t="1"/>
		<b id="34" c="18 32" t="1"/>
		<b id="35" c="19 33" t="1"/>
	</bonds>
	<geometry>
		<g u="A" t="cart/3d">#33,3:2.6266,0.3341,0.0001;1.2072,-0.0652,-0.2496;0.8768,-1.3250,-0.7500;-0.4565,-1.6362,-0.9166;-1.4334,-0.6929,-0.6028;-2.7365,-1.0686,-0.8192;-3.6907,-0.8369,0.1071;-5.0243,-0.9168,-0.3051;-6.0138,-0.7268,0.6350;-5.7755,-0.4781,1.9139;-4.5169,-0.4378,2.2940;-4.2417,-0.1227,3.9641;-3.4291,-0.6303,1.4620;-1.0119,0.5737,-0.1644;-1.9180,1.7020,0.1013;-1.4383,2.8425,0.7538;-2.3071,3.8959,0.9681;-3.6222,3.7806,0.5383;-4.0028,2.6066,-0.0965;-3.1791,1.6020,-0.3190;0.2810,0.8354,0.0149;3.1168,-0.3901,0.6472;2.6524,1.3110,0.4701;3.1759,0.3763,-0.9374;1.6476,-2.0402,-0.9915;-0.7686,-2.6021,-1.2847;-5.2558,-1.0984,-1.3415;-7.0598,-0.7669,0.3636;-2.4224,-0.5877,1.8456;-0.4069,2.8738,1.0716;-1.9644,4.7949,1.4688;-4.3338,4.5758,0.6950;-5.0182,2.4555,-0.4511;</g>
	</geometry>
	<conformers/>
	<properties/>
</molecule>
