<?xml version="1.0" ?>
<!--MOLLI PACKAGE EXPERIMENTAL XML FORMAT-->
<molecule name="el3239">
	<atoms>
		<a id="1" s="C" t="C.3" l="C"/>
		<a id="2" s="O" t="O.3" l="O"/>
		<a id="3" s="C" t="C.2" l="C"/>
		<a id="4" s="O" t="O.2" l="O"/>
		<a id="5" s="C" t="C.ar" l="C"/>
		<a id="6" s="C" t="C.ar" l="C"/>
		<a id="7" s="C" t="C.ar" l="C"/>
		<a id="8" s="C" t="C.ar" l="C"/>
		<a id="9" s="C" t="C.ar" l="C"/>
		<a id="10" s="C" t="C.ar" l="C"/>
		<a id="11" s="C" t="C.ar" l="C"/>
		<a id="12" s="C" t="C.ar" l="C"/>
		<a id="13" s="O" t="O.2" l="O"/>
		<a id="14" s="C" t="C.ar" l="C"/>
		<a id="15" s="N" t="N.ar" l="N"/>
		<a id="16" s="C" t="C.ar" l="C"/>
		<a id="17" s="C" t="C.3" l="C"/>
		<a id="18" s="C" t="C.ar" l="C"/>
		<a id="19" s="Cl" t="Cl" l="CL"/>
		<a id="20" s="N" t="N.ar" l="N"/>
		<a id="21" s="C" t="C.ar" l="C"/>
		<a id="22" s="H" t="H" l="H"/>
		<a id="23" s="H" t="H" l="H"/>
		<a id="24" s="H" t="H" l="H"/>
		<a id="25" s="H" t="H" l="H"/>
		<a id="26" s="H" t="H" l="H"/>
		<a id="27" s="H" t="H" l="H"/>
		<a id="28" s="H" t="H" l="H"/>
		<a id="29" s="H" t="H" l="H"/>
		<a id="30" s="H" t="H" l="H"/>
		<a id="31" s="H" t="H" l="H"/>
		<a id="32" s="H" t="H" l="H"/>
	</atoms>
	<bonds>
		<b id="1" c="1 2" t="1"/>
		<b id="2" c="2 3" t="1"/>
		<b id="3" c="3 4" t="2"/>
		<b id="4" c="3 5" t="1"/>
		<b id="5" c="5 6" t="ar"/>
		<b id="6" c="6 7" t="1"/>
		<b id="7" c="7 8" t="ar"/>
		<b id="8" c="8 9" t="ar"/>
		<b id="9" c="9 10" t="ar"/>
		<b id="10" c="10 11" t="ar"/>
		<b id="11" c="11 12" t="ar"/>
		<b id="12" c="7 12" t="ar"/>
		<b id="13" c="6 13" t="ar"/>
		<b id="14" c="13 14" t="ar"/>
		<b id="15" c="14 15" t="ar"/>
		<b id="16" c="15 16" t="ar"/>
		<b id="17" c="16 17" t="1"/>
		<b id="18" c="16 18" t="ar"/>
		<b id="19" c="18 19" t="1"/>
		<b id="20" c="18 20" t="ar"/>
		<b id="21" c="20 21" t="ar"/>
		<b id="22" c="5 21" t="ar"/>
		<b id="23" c="14 21" t="ar"/>
		<b id="24" c="1 22" t="1"/>
		<b id="25" c="1 23" t="1"/>
		<b id="26" c="1 24" t="1"/>
		<b id="27" c="8 25" t="1"/>
		<b id="28" c="9 26" t="1"/>
		<b id="29" c="10 27" t="1"/>
		<b id="30" c="11 28" t="1"/>
		<b id="31" c="12 29" t="1"/>
		<b id="32" c="17 30" t="1"/>
		<b id="33" c="17 31" t="1"/>
		<b id="34" c="17 32" t="1"/>
	</bonds>
	<geometry>
		<g u="A" t="cart/3d">#32,3:0.7051,0.4247,0.0189;2.1169,0.3327,0.1133;2.5898,-0.5854,0.9570;1.8883,-1.3314,1.5965;4.0595,-0.5316,1.0138;4.9607,-1.4605,1.5036;4.8083,-2.8146,2.0040;3.7556,-3.6394,1.6064;3.6639,-4.9273,2.0978;4.6130,-5.4108,2.9844;5.6683,-4.6015,3.3744;5.7716,-3.3146,2.8857;6.2347,-0.9775,1.4793;6.1807,0.2614,0.9752;7.2142,1.0616,0.7972;6.9341,2.2548,0.2895;8.0649,3.1953,0.0632;5.5976,2.5993,-0.0115;5.2496,4.1545,-0.6501;4.5629,1.8097,0.1642;4.8476,0.6075,0.6593;0.5017,1.1740,-0.7416;0.2788,0.7264,0.9783;0.2777,-0.5401,-0.2650;3.0172,-3.2734,0.9142;2.8463,-5.5593,1.7854;4.5323,-6.4168,3.3686;6.4118,-4.9750,4.0624;6.5903,-2.6797,3.1877;8.9907,2.7205,0.3728;7.9113,4.1113,0.6308;8.1231,3.4651,-0.9900;</g>
	</geometry>
	<conformers/>
	<properties/>
</molecule>
