<?xml version="1.0" ?>
<!--MOLLI PACKAGE EXPERIMENTAL XML FORMAT-->
<molecule name="el3240">
	<atoms>
		<a id="1" s="C" t="C.3" l="C"/>
		<a id="2" s="C" t="C.3" l="C"/>
		<a id="3" s="C" t="C.3" l="C"/>
		<a id="4" s="C" t="C.3" l="C"/>
		<a id="5" s="N" t="N.pl3" l="N"/>
		<a id="6" s="C" t="C.2" l="C"/>
		<a id="7" s="C" t="C.2" l="C"/>
		<a id="8" s="N" t="N.pl3" l="N"/>
		<a id="9" s="C" t="C.ar" l="C"/>
		<a id="10" s="C" t="C.ar" l="C"/>
		<a id="11" s="C" t="C.ar" l="C"/>
		<a id="12" s="N" t="N.ar" l="N"/>
		<a id="13" s="C" t="C.ar" l="C"/>
		<a id="14" s="Cl" t="Cl" l="CL"/>
		<a id="15" s="N" t="N.ar" l="N"/>
		<a id="16" s="C" t="C.2" l="C"/>
		<a id="17" s="O" t="O.2" l="O"/>
		<a id="18" s="C" t="C.2" l="C"/>
		<a id="19" s="O" t="O.2" l="O"/>
		<a id="20" s="H" t="H" l="H"/>
		<a id="21" s="H" t="H" l="H"/>
		<a id="22" s="H" t="H" l="H"/>
		<a id="23" s="H" t="H" l="H"/>
		<a id="24" s="H" t="H" l="H"/>
		<a id="25" s="H" t="H" l="H"/>
		<a id="26" s="H" t="H" l="H"/>
		<a id="27" s="H" t="H" l="H"/>
		<a id="28" s="H" t="H" l="H"/>
		<a id="29" s="H" t="H" l="H"/>
		<a id="30" s="H" t="H" l="H"/>
		<a id="31" s="H" t="H" l="H"/>
		<a id="32" s="H" t="H" l="H"/>
	</atoms>
	<bonds>
		<b id="1" c="1 2" t="1"/>
		<b id="2" c="2 3" t="1"/>
		<b id="3" c="2 4" t="1"/>
		<b id="4" c="2 5" t="1"/>
		<b id="5" c="5 6" t="1"/>
		<b id="6" c="6 7" t="2"/>
		<b id="7" c="7 8" t="1"/>
		<b id="8" c="8 9" t="1"/>
		<b id="9" c="9 10" t="ar"/>
		<b id="10" c="10 11" t="ar"/>
		<b id="11" c="11 12" t="ar"/>
		<b id="12" c="12 13" t="ar"/>
		<b id="13" c="13 14" t="1"/>
		<b id="14" c="13 15" t="ar"/>
		<b id="15" c="9 15" t="ar"/>
		<b id="16" c="7 16" t="1"/>
		<b id="17" c="16 17" t="2"/>
		<b id="18" c="16 18" t="1"/>
		<b id="19" c="6 18" t="1"/>
		<b id="20" c="18 19" t="2"/>
		<b id="21" c="1 20" t="1"/>
		<b id="22" c="1 21" t="1"/>
		<b id="23" c="1 22" t="1"/>
		<b id="24" c="3 23" t="1"/>
		<b id="25" c="3 24" t="1"/>
		<b id="26" c="3 25" t="1"/>
		<b id="27" c="4 26" t="1"/>
		<b id="28" c="4 27" t="1"/>
		<b id="29" c="4 28" t="1"/>
		<b id="30" c="5 29" t="1"/>
		<b id="31" c="8 30" t="1"/>
		<b id="32" c="10 31" t="1"/>
		<b id="33" c="11 32" t="1"/>
	</bonds>
	<geometry>
		<g u="A" t="cart/3d">#32,3:3.5796,0.6853,-0.6576;2.5536,-0.1559,0.0941;1.5935,0.7370,0.8840;1.7619,-1.0080,-0.9044;3.2045,-1.0982,1.0145;4.4914,-1.2903,1.3011;5.7043,-0.6074,1.4005;6.1188,0.6964,1.4109;5.4897,1.7456,2.0105;4.3529,1.6075,2.8249;3.8475,2.7731,3.3601;4.3807,3.9669,3.1221;5.4526,3.9772,2.3574;6.1601,5.4961,2.0554;6.0403,2.9423,1.7955;6.4835,-1.8433,1.5656;7.6504,-2.1308,1.5139;5.1508,-2.5762,1.6687;4.7327,-3.6453,2.0245;3.0740,1.2596,-1.4292;4.3229,0.0499,-1.1344;4.0825,1.3845,0.0018;0.9902,1.3258,0.1989;2.1410,1.4178,1.5295;0.9294,0.1337,1.4984;1.2619,-0.3703,-1.6279;1.0047,-1.5993,-0.3926;2.4270,-1.6810,-1.4424;2.6484,-1.9312,1.1742;7.0660,0.8786,1.0995;3.9299,0.6427,3.0428;2.9830,2.7732,4.0098;</g>
	</geometry>
	<conformers/>
	<properties/>
</molecule>
