<?xml version="1.0" ?>
<!--MOLLI PACKAGE EXPERIMENTAL XML FORMAT-->
<molecule name="el3242">
	<atoms>
		<a id="1" s="O" t="O.2" l="O"/>
		<a id="2" s="N" t="N.pl3" l="N"/>
		<a id="3" s="O" t="O.co2" l="O"/>
		<a id="4" s="C" t="C.ar" l="C"/>
		<a id="5" s="C" t="C.ar" l="C"/>
		<a id="6" s="C" t="C.ar" l="C"/>
		<a id="7" s="C" t="C.ar" l="C"/>
		<a id="8" s="O" t="O.3" l="O"/>
		<a id="9" s="C" t="C.ar" l="C"/>
		<a id="10" s="C" t="C.ar" l="C"/>
		<a id="11" s="C" t="C.ar" l="C"/>
		<a id="12" s="Cl" t="Cl" l="CL"/>
		<a id="13" s="N" t="N.ar" l="N"/>
		<a id="14" s="C" t="C.ar" l="C"/>
		<a id="15" s="N" t="N.ar" l="N"/>
		<a id="16" s="C" t="C.ar" l="C"/>
		<a id="17" s="C" t="C.ar" l="C"/>
		<a id="18" s="H" t="H" l="H"/>
		<a id="19" s="H" t="H" l="H"/>
		<a id="20" s="H" t="H" l="H"/>
		<a id="21" s="H" t="H" l="H"/>
		<a id="22" s="H" t="H" l="H"/>
		<a id="23" s="H" t="H" l="H"/>
	</atoms>
	<bonds>
		<b id="1" c="1 2" t="2"/>
		<b id="2" c="2 3" t="1"/>
		<b id="3" c="2 4" t="1"/>
		<b id="4" c="4 5" t="ar"/>
		<b id="5" c="5 6" t="ar"/>
		<b id="6" c="6 7" t="ar"/>
		<b id="7" c="7 8" t="1"/>
		<b id="8" c="8 9" t="1"/>
		<b id="9" c="9 10" t="ar"/>
		<b id="10" c="10 11" t="ar"/>
		<b id="11" c="11 12" t="1"/>
		<b id="12" c="11 13" t="ar"/>
		<b id="13" c="13 14" t="ar"/>
		<b id="14" c="14 15" t="ar"/>
		<b id="15" c="9 15" t="ar"/>
		<b id="16" c="7 16" t="ar"/>
		<b id="17" c="16 17" t="ar"/>
		<b id="18" c="4 17" t="ar"/>
		<b id="19" c="5 18" t="1"/>
		<b id="20" c="6 19" t="1"/>
		<b id="21" c="10 20" t="1"/>
		<b id="22" c="14 21" t="1"/>
		<b id="23" c="16 22" t="1"/>
		<b id="24" c="17 23" t="1"/>
	</bonds>
	<geometry>
		<g u="A" t="cart/3d">#23,3:1.3882,-0.2956,0.4955;2.3201,-0.1263,-0.2613;2.7060,-0.9378,-1.0748;3.0182,1.1311,-0.1913;2.6305,2.0810,0.7441;3.2911,3.2917,0.8160;4.3442,3.5474,-0.0582;5.0535,4.7158,-0.1366;5.0600,5.6970,0.7727;5.7719,6.8541,0.4252;5.7930,7.8514,1.3825;6.6129,9.3225,1.0887;5.1923,7.7312,2.5578;4.5588,6.6013,2.7781;4.4561,5.5799,1.9486;4.7282,2.5870,-0.9998;4.0709,1.3803,-1.0667;1.8092,1.8598,1.4088;3.0010,4.0292,1.5446;6.2613,6.9436,-0.5280;4.0687,6.4948,3.7359;5.5441,2.8144,-1.6667;4.3528,0.6253,-1.7839;</g>
	</geometry>
	<conformers/>
	<properties/>
</molecule>
