<?xml version="1.0" ?>
<!--MOLLI PACKAGE EXPERIMENTAL XML FORMAT-->
<molecule name="el3243">
	<atoms>
		<a id="1" s="O" t="O.2" l="O"/>
		<a id="2" s="N" t="N.pl3" l="N"/>
		<a id="3" s="O" t="O.co2" l="O"/>
		<a id="4" s="C" t="C.ar" l="C"/>
		<a id="5" s="C" t="C.ar" l="C"/>
		<a id="6" s="Cl" t="Cl" l="CL"/>
		<a id="7" s="N" t="N.ar" l="N"/>
		<a id="8" s="C" t="C.ar" l="C"/>
		<a id="9" s="C" t="C.ar" l="C"/>
		<a id="10" s="C" t="C.ar" l="C"/>
		<a id="11" s="C" t="C.ar" l="C"/>
		<a id="12" s="C" t="C.ar" l="C"/>
		<a id="13" s="N" t="N.ar" l="N"/>
		<a id="14" s="H" t="H" l="H"/>
		<a id="15" s="H" t="H" l="H"/>
		<a id="16" s="H" t="H" l="H"/>
		<a id="17" s="H" t="H" l="H"/>
	</atoms>
	<bonds>
		<b id="1" c="1 2" t="2"/>
		<b id="2" c="2 3" t="1"/>
		<b id="3" c="2 4" t="1"/>
		<b id="4" c="4 5" t="ar"/>
		<b id="5" c="5 6" t="1"/>
		<b id="6" c="5 7" t="ar"/>
		<b id="7" c="7 8" t="ar"/>
		<b id="8" c="8 9" t="ar"/>
		<b id="9" c="9 10" t="ar"/>
		<b id="10" c="10 11" t="ar"/>
		<b id="11" c="11 12" t="ar"/>
		<b id="12" c="12 13" t="ar"/>
		<b id="13" c="4 13" t="ar"/>
		<b id="14" c="8 13" t="ar"/>
		<b id="15" c="9 14" t="1"/>
		<b id="16" c="10 15" t="1"/>
		<b id="17" c="11 16" t="1"/>
		<b id="18" c="12 17" t="1"/>
	</bonds>
	<geometry>
		<g u="A" t="cart/3d">#17,3:2.5521,0.9422,0.4263;2.1652,-0.0795,-0.1037;1.1908,-0.1521,-0.8395;2.8804,-1.2523,0.1486;4.0177,-1.4584,0.9563;4.8411,-0.2956,1.8494;4.3888,-2.7333,0.9379;3.5273,-3.3652,0.1407;3.4837,-4.7167,-0.2087;2.4956,-5.1456,-1.0568;1.5505,-4.2344,-1.5577;1.6015,-2.9151,-1.2078;2.5764,-2.4939,-0.3720;4.2306,-5.3742,0.2020;2.4375,-6.1831,-1.3450;0.7745,-4.5713,-2.2247;0.9026,-2.1726,-1.5604;</g>
	</geometry>
	<conformers/>
	<properties/>
</molecule>
