<?xml version="1.0" ?>
<!--MOLLI PACKAGE EXPERIMENTAL XML FORMAT-->
<molecule name="el3255">
	<atoms>
		<a id="1" s="C" t="C.3" l="C"/>
		<a id="2" s="C" t="C.ar" l="C"/>
		<a id="3" s="C" t="C.ar" l="C"/>
		<a id="4" s="C" t="C.ar" l="C"/>
		<a id="5" s="C" t="C.3" l="C"/>
		<a id="6" s="C" t="C.ar" l="C"/>
		<a id="7" s="O" t="O.3" l="O"/>
		<a id="8" s="C" t="C.ar" l="C"/>
		<a id="9" s="C" t="C.ar" l="C"/>
		<a id="10" s="C" t="C.ar" l="C"/>
		<a id="11" s="Cl" t="Cl" l="CL"/>
		<a id="12" s="N" t="N.ar" l="N"/>
		<a id="13" s="C" t="C.ar" l="C"/>
		<a id="14" s="N" t="N.pl3" l="N"/>
		<a id="15" s="C" t="C.ar" l="C"/>
		<a id="16" s="C" t="C.ar" l="C"/>
		<a id="17" s="C" t="C.ar" l="C"/>
		<a id="18" s="C" t="C.ar" l="C"/>
		<a id="19" s="C" t="C.1" l="C"/>
		<a id="20" s="N" t="N.1" l="N"/>
		<a id="21" s="C" t="C.ar" l="C"/>
		<a id="22" s="C" t="C.ar" l="C"/>
		<a id="23" s="C" t="C.ar" l="C"/>
		<a id="24" s="C" t="C.ar" l="C"/>
		<a id="25" s="C" t="C.3" l="C"/>
		<a id="26" s="C" t="C.ar" l="C"/>
		<a id="27" s="H" t="H" l="H"/>
		<a id="28" s="H" t="H" l="H"/>
		<a id="29" s="H" t="H" l="H"/>
		<a id="30" s="H" t="H" l="H"/>
		<a id="31" s="H" t="H" l="H"/>
		<a id="32" s="H" t="H" l="H"/>
		<a id="33" s="H" t="H" l="H"/>
		<a id="34" s="H" t="H" l="H"/>
		<a id="35" s="H" t="H" l="H"/>
		<a id="36" s="H" t="H" l="H"/>
		<a id="37" s="H" t="H" l="H"/>
		<a id="38" s="H" t="H" l="H"/>
		<a id="39" s="H" t="H" l="H"/>
		<a id="40" s="H" t="H" l="H"/>
		<a id="41" s="H" t="H" l="H"/>
		<a id="42" s="H" t="H" l="H"/>
		<a id="43" s="H" t="H" l="H"/>
		<a id="44" s="H" t="H" l="H"/>
	</atoms>
	<bonds>
		<b id="1" c="1 2" t="1"/>
		<b id="2" c="2 3" t="ar"/>
		<b id="3" c="3 4" t="ar"/>
		<b id="4" c="4 5" t="1"/>
		<b id="5" c="4 6" t="ar"/>
		<b id="6" c="6 7" t="1"/>
		<b id="7" c="7 8" t="1"/>
		<b id="8" c="8 9" t="ar"/>
		<b id="9" c="9 10" t="ar"/>
		<b id="10" c="10 11" t="1"/>
		<b id="11" c="10 12" t="ar"/>
		<b id="12" c="12 13" t="ar"/>
		<b id="13" c="13 14" t="1"/>
		<b id="14" c="14 15" t="1"/>
		<b id="15" c="15 16" t="ar"/>
		<b id="16" c="16 17" t="ar"/>
		<b id="17" c="17 18" t="ar"/>
		<b id="18" c="18 19" t="1"/>
		<b id="19" c="19 20" t="3"/>
		<b id="20" c="18 21" t="ar"/>
		<b id="21" c="21 22" t="ar"/>
		<b id="22" c="15 22" t="ar"/>
		<b id="23" c="13 23" t="ar"/>
		<b id="24" c="8 23" t="ar"/>
		<b id="25" c="6 24" t="ar"/>
		<b id="26" c="24 25" t="1"/>
		<b id="27" c="24 26" t="ar"/>
		<b id="28" c="2 26" t="ar"/>
		<b id="29" c="1 27" t="1"/>
		<b id="30" c="1 28" t="1"/>
		<b id="31" c="1 29" t="1"/>
		<b id="32" c="3 30" t="1"/>
		<b id="33" c="5 31" t="1"/>
		<b id="34" c="5 32" t="1"/>
		<b id="35" c="5 33" t="1"/>
		<b id="36" c="9 34" t="1"/>
		<b id="37" c="14 35" t="1"/>
		<b id="38" c="16 36" t="1"/>
		<b id="39" c="17 37" t="1"/>
		<b id="40" c="21 38" t="1"/>
		<b id="41" c="22 39" t="1"/>
		<b id="42" c="23 40" t="1"/>
		<b id="43" c="25 41" t="1"/>
		<b id="44" c="25 42" t="1"/>
		<b id="45" c="25 43" t="1"/>
		<b id="46" c="26 44" t="1"/>
	</bonds>
	<geometry>
		<g u="A" t="cart/3d">#44,3:0.5697,1.7286,3.6264;0.0947,0.7644,2.5827;0.9522,-0.1769,2.0347;0.5277,-1.0660,1.0570;1.4600,-2.0856,0.4766;-0.7972,-0.9941,0.6334;-1.2502,-1.8345,-0.3858;-1.5237,-3.1163,-0.0832;-1.5077,-3.6289,1.2194;-1.8176,-4.9653,1.3641;-1.8114,-5.6687,2.9360;-2.1277,-5.7863,0.3842;-2.1525,-5.3020,-0.8563;-2.4731,-6.1292,-1.8986;-2.7964,-7.4730,-1.9243;-2.8836,-8.2700,-0.7808;-3.2140,-9.6032,-0.8905;-3.4651,-10.1729,-2.1403;-3.8045,-11.5375,-2.2504;-4.0802,-12.6472,-2.3474;-3.3792,-9.3795,-3.2866;-3.0494,-8.0484,-3.1754;-1.8541,-3.9647,-1.1332;-1.6847,-0.0580,1.1629;-3.1032,-0.0238,0.6828;-1.2196,0.8125,2.1345;1.5404,1.4346,4.0164;-0.1395,1.7822,4.4501;0.6592,2.7272,3.1988;1.9777,-0.2248,2.3716;2.4939,-1.7993,0.6494;1.2942,-2.1902,-0.5942;1.2923,-3.0604,0.9376;-1.2702,-3.0106,2.0686;-2.4606,-5.6819,-2.8053;-2.6890,-7.8284,0.1808;-3.2810,-10.2170,-0.0045;-3.5723,-9.8164,-4.2552;-2.9842,-7.4379,-4.0657;-1.8741,-3.5797,-2.1399;-3.6054,-0.9631,0.9182;-3.1314,0.1032,-0.3987;-3.6490,0.7908,1.1515;-1.8965,1.5424,2.5545;</g>
	</geometry>
	<conformers/>
	<properties/>
</molecule>
