<?xml version="1.0" ?>
<!--MOLLI PACKAGE EXPERIMENTAL XML FORMAT-->
<molecule name="el3257">
	<atoms>
		<a id="1" s="C" t="C.3" l="C"/>
		<a id="2" s="C" t="C.ar" l="C"/>
		<a id="3" s="C" t="C.ar" l="C"/>
		<a id="4" s="C" t="C.ar" l="C"/>
		<a id="5" s="C" t="C.ar" l="C"/>
		<a id="6" s="C" t="C.ar" l="C"/>
		<a id="7" s="C" t="C.ar" l="C"/>
		<a id="8" s="C" t="C.ar" l="C"/>
		<a id="9" s="C" t="C.ar" l="C"/>
		<a id="10" s="C" t="C.ar" l="C"/>
		<a id="11" s="Cl" t="Cl" l="CL"/>
		<a id="12" s="N" t="N.ar" l="N"/>
		<a id="13" s="N" t="N.ar" l="N"/>
		<a id="14" s="C" t="C.ar" l="C"/>
		<a id="15" s="N" t="N.pl3" l="N"/>
		<a id="16" s="H" t="H" l="H"/>
		<a id="17" s="H" t="H" l="H"/>
		<a id="18" s="H" t="H" l="H"/>
		<a id="19" s="H" t="H" l="H"/>
		<a id="20" s="H" t="H" l="H"/>
		<a id="21" s="H" t="H" l="H"/>
		<a id="22" s="H" t="H" l="H"/>
		<a id="23" s="H" t="H" l="H"/>
		<a id="24" s="H" t="H" l="H"/>
		<a id="25" s="H" t="H" l="H"/>
	</atoms>
	<bonds>
		<b id="1" c="1 2" t="1"/>
		<b id="2" c="2 3" t="ar"/>
		<b id="3" c="3 4" t="ar"/>
		<b id="4" c="4 5" t="ar"/>
		<b id="5" c="5 6" t="ar"/>
		<b id="6" c="6 7" t="ar"/>
		<b id="7" c="2 7" t="ar"/>
		<b id="8" c="7 8" t="1"/>
		<b id="9" c="8 9" t="ar"/>
		<b id="10" c="9 10" t="ar"/>
		<b id="11" c="10 11" t="1"/>
		<b id="12" c="10 12" t="ar"/>
		<b id="13" c="12 13" t="ar"/>
		<b id="14" c="13 14" t="ar"/>
		<b id="15" c="8 14" t="ar"/>
		<b id="16" c="14 15" t="1"/>
		<b id="17" c="1 16" t="1"/>
		<b id="18" c="1 17" t="1"/>
		<b id="19" c="1 18" t="1"/>
		<b id="20" c="3 19" t="1"/>
		<b id="21" c="4 20" t="1"/>
		<b id="22" c="5 21" t="1"/>
		<b id="23" c="6 22" t="1"/>
		<b id="24" c="9 23" t="1"/>
		<b id="25" c="15 24" t="1"/>
		<b id="26" c="15 25" t="1"/>
	</bonds>
	<geometry>
		<g u="A" t="cart/3d">#25,3:2.3910,0.0397,-0.4743;0.9333,-0.0023,-0.1258;0.2093,1.1824,-0.0642;-1.1379,1.1892,0.2468;-1.7940,-0.0049,0.4940;-1.0939,-1.1942,0.4285;0.2672,-1.2049,0.1295;0.9719,-2.4994,0.0909;2.0342,-2.7897,0.9167;2.6145,-4.0585,0.7944;3.9471,-4.4882,1.7950;2.2017,-4.9640,-0.0578;1.2021,-4.7051,-0.8468;0.5752,-3.5340,-0.8048;-0.4846,-3.3871,-1.6392;2.5940,0.8704,-1.1466;2.7159,-0.8839,-0.9473;2.9898,0.1872,0.4245;0.7169,2.1152,-0.2638;-1.6755,2.1244,0.2931;-2.8458,-0.0107,0.7365;-1.5937,-2.1308,0.6302;2.4016,-2.0800,1.6400;-0.6024,-4.0966,-2.3411;-0.8384,-2.4641,-1.8203;</g>
	</geometry>
	<conformers/>
	<properties/>
</molecule>
