<?xml version="1.0" ?>
<!--MOLLI PACKAGE EXPERIMENTAL XML FORMAT-->
<molecule name="el3260">
	<atoms>
		<a id="1" s="O" t="O.2" l="O"/>
		<a id="2" s="N" t="N.pl3" l="N"/>
		<a id="3" s="O" t="O.co2" l="O"/>
		<a id="4" s="C" t="C.ar" l="C"/>
		<a id="5" s="N" t="N.ar" l="N"/>
		<a id="6" s="C" t="C.ar" l="C"/>
		<a id="7" s="C" t="C.ar" l="C"/>
		<a id="8" s="C" t="C.ar" l="C"/>
		<a id="9" s="C" t="C.ar" l="C"/>
		<a id="10" s="Cl" t="Cl" l="CL"/>
		<a id="11" s="H" t="H" l="H"/>
		<a id="12" s="H" t="H" l="H"/>
		<a id="13" s="H" t="H" l="H"/>
	</atoms>
	<bonds>
		<b id="1" c="1 2" t="2"/>
		<b id="2" c="2 3" t="1"/>
		<b id="3" c="2 4" t="1"/>
		<b id="4" c="4 5" t="ar"/>
		<b id="5" c="5 6" t="ar"/>
		<b id="6" c="6 7" t="ar"/>
		<b id="7" c="7 8" t="ar"/>
		<b id="8" c="8 9" t="ar"/>
		<b id="9" c="4 9" t="ar"/>
		<b id="10" c="9 10" t="1"/>
		<b id="11" c="6 11" t="1"/>
		<b id="12" c="7 12" t="1"/>
		<b id="13" c="8 13" t="1"/>
	</bonds>
	<geometry>
		<g u="A" t="cart/3d">#13,3:1.1410,0.1320,-0.0327;2.3293,-0.0546,0.0875;3.0434,0.4378,0.9223;2.9614,-0.9597,-0.8691;3.9320,-1.6904,-0.3593;4.5675,-2.5478,-1.1281;4.2589,-2.7067,-2.4755;3.2533,-1.9307,-3.0211;2.5686,-1.0272,-2.2079;1.3378,-0.0329,-2.8712;5.3447,-3.1227,-0.6464;4.7954,-3.4177,-3.0833;2.9872,-2.0100,-4.0633;</g>
	</geometry>
	<conformers/>
	<properties/>
</molecule>
