<?xml version="1.0" ?>
<!--MOLLI PACKAGE EXPERIMENTAL XML FORMAT-->
<molecule name="el3261">
	<atoms>
		<a id="1" s="C" t="C.3" l="C"/>
		<a id="2" s="C" t="C.ar" l="C"/>
		<a id="3" s="C" t="C.ar" l="C"/>
		<a id="4" s="N" t="N.ar" l="N"/>
		<a id="5" s="C" t="C.ar" l="C"/>
		<a id="6" s="Cl" t="Cl" l="CL"/>
		<a id="7" s="N" t="N.ar" l="N"/>
		<a id="8" s="C" t="C.ar" l="C"/>
		<a id="9" s="C" t="C.ar" l="C"/>
		<a id="10" s="C" t="C.ar" l="C"/>
		<a id="11" s="C" t="C.ar" l="C"/>
		<a id="12" s="C" t="C.ar" l="C"/>
		<a id="13" s="C" t="C.ar" l="C"/>
		<a id="14" s="C" t="C.1" l="C"/>
		<a id="15" s="N" t="N.1" l="N"/>
		<a id="16" s="C" t="C.ar" l="C"/>
		<a id="17" s="C" t="C.ar" l="C"/>
		<a id="18" s="C" t="C.ar" l="C"/>
		<a id="19" s="O" t="O.2" l="O"/>
		<a id="20" s="H" t="H" l="H"/>
		<a id="21" s="H" t="H" l="H"/>
		<a id="22" s="H" t="H" l="H"/>
		<a id="23" s="H" t="H" l="H"/>
		<a id="24" s="H" t="H" l="H"/>
		<a id="25" s="H" t="H" l="H"/>
		<a id="26" s="H" t="H" l="H"/>
		<a id="27" s="H" t="H" l="H"/>
	</atoms>
	<bonds>
		<b id="1" c="1 2" t="1"/>
		<b id="2" c="2 3" t="ar"/>
		<b id="3" c="3 4" t="ar"/>
		<b id="4" c="4 5" t="ar"/>
		<b id="5" c="5 6" t="1"/>
		<b id="6" c="5 7" t="ar"/>
		<b id="7" c="7 8" t="ar"/>
		<b id="8" c="2 8" t="ar"/>
		<b id="9" c="8 9" t="1"/>
		<b id="10" c="9 10" t="ar"/>
		<b id="11" c="10 11" t="ar"/>
		<b id="12" c="11 12" t="ar"/>
		<b id="13" c="12 13" t="ar"/>
		<b id="14" c="13 14" t="1"/>
		<b id="15" c="14 15" t="3"/>
		<b id="16" c="13 16" t="ar"/>
		<b id="17" c="16 17" t="ar"/>
		<b id="18" c="17 18" t="ar"/>
		<b id="19" c="11 18" t="ar"/>
		<b id="20" c="18 19" t="ar"/>
		<b id="21" c="9 19" t="ar"/>
		<b id="22" c="1 20" t="1"/>
		<b id="23" c="1 21" t="1"/>
		<b id="24" c="1 22" t="1"/>
		<b id="25" c="3 23" t="1"/>
		<b id="26" c="10 24" t="1"/>
		<b id="27" c="12 25" t="1"/>
		<b id="28" c="16 26" t="1"/>
		<b id="29" c="17 27" t="1"/>
	</bonds>
	<geometry>
		<g u="A" t="cart/3d">#27,3:2.4410,0.7043,2.1956;3.2037,0.7120,0.9152;4.1929,-0.2332,0.6612;4.9025,-0.2721,-0.4535;4.6241,0.6590,-1.3460;5.5275,0.6305,-2.7903;3.7230,1.6066,-1.2391;3.0003,1.6489,-0.1149;2.0314,2.7232,-0.0799;1.8308,3.6915,-1.0266;0.7772,4.5106,-0.5397;0.1124,5.6405,-1.0089;-0.8973,6.1695,-0.2182;-1.5958,7.3201,-0.6558;-2.1629,8.2521,-1.0067;-1.2503,5.5930,1.0176;-0.6006,4.4764,1.4937;0.4127,3.9467,0.7057;1.1765,2.8708,0.9737;2.7841,-0.1076,2.8329;1.3760,0.5797,2.0051;2.5713,1.6484,2.7228;4.4304,-0.9998,1.3877;2.3756,3.7893,-1.9419;0.3726,6.0905,-1.9543;-2.0453,6.0439,1.5920;-0.8625,4.0275,2.4380;</g>
	</geometry>
	<conformers/>
	<properties/>
</molecule>
