<?xml version="1.0" ?>
<!--MOLLI PACKAGE EXPERIMENTAL XML FORMAT-->
<molecule name="el3265">
	<atoms>
		<a id="1" s="C" t="C.3" l="C"/>
		<a id="2" s="C" t="C.ar" l="C"/>
		<a id="3" s="C" t="C.ar" l="C"/>
		<a id="4" s="C" t="C.ar" l="C"/>
		<a id="5" s="Cl" t="Cl" l="CL"/>
		<a id="6" s="N" t="N.ar" l="N"/>
		<a id="7" s="C" t="C.ar" l="C"/>
		<a id="8" s="C" t="C.3" l="C"/>
		<a id="9" s="C" t="C.3" l="C"/>
		<a id="10" s="C" t="C.3" l="C"/>
		<a id="11" s="C" t="C.3" l="C"/>
		<a id="12" s="N" t="N.am" l="N"/>
		<a id="13" s="C" t="C.2" l="C"/>
		<a id="14" s="O" t="O.2" l="O"/>
		<a id="15" s="O" t="O.3" l="O"/>
		<a id="16" s="C" t="C.3" l="C"/>
		<a id="17" s="C" t="C.3" l="C"/>
		<a id="18" s="C" t="C.3" l="C"/>
		<a id="19" s="C" t="C.3" l="C"/>
		<a id="20" s="N" t="N.ar" l="N"/>
		<a id="21" s="H" t="H" l="H"/>
		<a id="22" s="H" t="H" l="H"/>
		<a id="23" s="H" t="H" l="H"/>
		<a id="24" s="H" t="H" l="H"/>
		<a id="25" s="H" t="H" l="H"/>
		<a id="26" s="H" t="H" l="H"/>
		<a id="27" s="H" t="H" l="H"/>
		<a id="28" s="H" t="H" l="H"/>
		<a id="29" s="H" t="H" l="H"/>
		<a id="30" s="H" t="H" l="H"/>
		<a id="31" s="H" t="H" l="H"/>
		<a id="32" s="H" t="H" l="H"/>
		<a id="33" s="H" t="H" l="H"/>
		<a id="34" s="H" t="H" l="H"/>
		<a id="35" s="H" t="H" l="H"/>
		<a id="36" s="H" t="H" l="H"/>
		<a id="37" s="H" t="H" l="H"/>
		<a id="38" s="H" t="H" l="H"/>
		<a id="39" s="H" t="H" l="H"/>
		<a id="40" s="H" t="H" l="H"/>
	</atoms>
	<bonds>
		<b id="1" c="1 2" t="1"/>
		<b id="2" c="2 3" t="ar"/>
		<b id="3" c="3 4" t="ar"/>
		<b id="4" c="4 5" t="1"/>
		<b id="5" c="4 6" t="ar"/>
		<b id="6" c="6 7" t="ar"/>
		<b id="7" c="7 8" t="1"/>
		<b id="8" c="8 9" t="1"/>
		<b id="9" c="9 10" t="1"/>
		<b id="10" c="10 11" t="1"/>
		<b id="11" c="11 12" t="1"/>
		<b id="12" c="8 12" t="1"/>
		<b id="13" c="12 13" t="am"/>
		<b id="14" c="13 14" t="2"/>
		<b id="15" c="13 15" t="1"/>
		<b id="16" c="15 16" t="1"/>
		<b id="17" c="16 17" t="1"/>
		<b id="18" c="16 18" t="1"/>
		<b id="19" c="16 19" t="1"/>
		<b id="20" c="7 20" t="ar"/>
		<b id="21" c="2 20" t="ar"/>
		<b id="22" c="1 21" t="1"/>
		<b id="23" c="1 22" t="1"/>
		<b id="24" c="1 23" t="1"/>
		<b id="25" c="3 24" t="1"/>
		<b id="26" c="8 25" t="1"/>
		<b id="27" c="9 26" t="1"/>
		<b id="28" c="9 27" t="1"/>
		<b id="29" c="10 28" t="1"/>
		<b id="30" c="10 29" t="1"/>
		<b id="31" c="11 30" t="1"/>
		<b id="32" c="11 31" t="1"/>
		<b id="33" c="17 32" t="1"/>
		<b id="34" c="17 33" t="1"/>
		<b id="35" c="17 34" t="1"/>
		<b id="36" c="18 35" t="1"/>
		<b id="37" c="18 36" t="1"/>
		<b id="38" c="18 37" t="1"/>
		<b id="39" c="19 38" t="1"/>
		<b id="40" c="19 39" t="1"/>
		<b id="41" c="19 40" t="1"/>
	</bonds>
	<geometry>
		<g u="A" t="cart/3d">#40,3:1.4457,-0.4571,0.5843;2.9162,-0.2826,0.4093;3.7823,-1.3664,0.2924;5.1209,-1.0516,0.1070;6.2915,-2.2950,-0.0861;5.5687,0.1836,0.0674;4.6718,1.1481,0.2397;5.1859,2.5598,0.2552;5.6653,3.0183,-1.1306;6.8149,3.9706,-0.8079;7.4862,3.2851,0.3759;6.3705,2.6854,1.0819;6.5223,2.1330,2.3043;7.5535,2.1940,2.9338;5.3702,1.5593,2.7112;5.3187,0.8447,3.9666;5.5625,1.8036,5.1318;3.8938,0.2894,4.0190;6.3348,-0.2973,3.9728;3.3740,0.9661,0.3809;1.1679,-1.5066,0.5618;0.9207,0.0789,-0.2034;1.1413,-0.0193,1.5329;3.4411,-2.3867,0.3345;4.3821,3.2011,0.6382;4.8665,3.4848,-1.7027;6.0417,2.1543,-1.6794;6.4243,4.9435,-0.5081;7.4925,4.1058,-1.6478;8.0191,3.9683,1.0394;8.1843,2.5081,0.0441;4.8357,2.6128,5.1070;6.5614,2.2246,5.0609;5.4677,1.2699,6.0734;3.1778,1.0999,3.9110;3.7257,-0.2148,4.9660;3.7380,-0.4170,3.2071;7.3453,0.1011,3.9684;6.2011,-0.9194,3.0897;6.1953,-0.9086,4.8603;</g>
	</geometry>
	<conformers/>
	<properties/>
</molecule>
