<?xml version="1.0" ?>
<!--MOLLI PACKAGE EXPERIMENTAL XML FORMAT-->
<molecule name="el3266">
	<atoms>
		<a id="1" s="C" t="C.3" l="C"/>
		<a id="2" s="C" t="C.ar" l="C"/>
		<a id="3" s="C" t="C.ar" l="C"/>
		<a id="4" s="C" t="C.ar" l="C"/>
		<a id="5" s="Cl" t="Cl" l="CL"/>
		<a id="6" s="N" t="N.ar" l="N"/>
		<a id="7" s="C" t="C.ar" l="C"/>
		<a id="8" s="C" t="C.3" l="C"/>
		<a id="9" s="C" t="C.3" l="C"/>
		<a id="10" s="C" t="C.3" l="C"/>
		<a id="11" s="C" t="C.3" l="C"/>
		<a id="12" s="C" t="C.3" l="C"/>
		<a id="13" s="N" t="N.am" l="N"/>
		<a id="14" s="C" t="C.2" l="C"/>
		<a id="15" s="O" t="O.2" l="O"/>
		<a id="16" s="O" t="O.3" l="O"/>
		<a id="17" s="C" t="C.3" l="C"/>
		<a id="18" s="C" t="C.3" l="C"/>
		<a id="19" s="C" t="C.3" l="C"/>
		<a id="20" s="C" t="C.3" l="C"/>
		<a id="21" s="N" t="N.ar" l="N"/>
		<a id="22" s="H" t="H" l="H"/>
		<a id="23" s="H" t="H" l="H"/>
		<a id="24" s="H" t="H" l="H"/>
		<a id="25" s="H" t="H" l="H"/>
		<a id="26" s="H" t="H" l="H"/>
		<a id="27" s="H" t="H" l="H"/>
		<a id="28" s="H" t="H" l="H"/>
		<a id="29" s="H" t="H" l="H"/>
		<a id="30" s="H" t="H" l="H"/>
		<a id="31" s="H" t="H" l="H"/>
		<a id="32" s="H" t="H" l="H"/>
		<a id="33" s="H" t="H" l="H"/>
		<a id="34" s="H" t="H" l="H"/>
		<a id="35" s="H" t="H" l="H"/>
		<a id="36" s="H" t="H" l="H"/>
		<a id="37" s="H" t="H" l="H"/>
		<a id="38" s="H" t="H" l="H"/>
		<a id="39" s="H" t="H" l="H"/>
		<a id="40" s="H" t="H" l="H"/>
		<a id="41" s="H" t="H" l="H"/>
		<a id="42" s="H" t="H" l="H"/>
		<a id="43" s="H" t="H" l="H"/>
	</atoms>
	<bonds>
		<b id="1" c="1 2" t="1"/>
		<b id="2" c="2 3" t="ar"/>
		<b id="3" c="3 4" t="ar"/>
		<b id="4" c="4 5" t="1"/>
		<b id="5" c="4 6" t="ar"/>
		<b id="6" c="6 7" t="ar"/>
		<b id="7" c="7 8" t="1"/>
		<b id="8" c="8 9" t="1"/>
		<b id="9" c="9 10" t="1"/>
		<b id="10" c="10 11" t="1"/>
		<b id="11" c="11 12" t="1"/>
		<b id="12" c="12 13" t="1"/>
		<b id="13" c="8 13" t="1"/>
		<b id="14" c="13 14" t="am"/>
		<b id="15" c="14 15" t="2"/>
		<b id="16" c="14 16" t="1"/>
		<b id="17" c="16 17" t="1"/>
		<b id="18" c="17 18" t="1"/>
		<b id="19" c="17 19" t="1"/>
		<b id="20" c="17 20" t="1"/>
		<b id="21" c="7 21" t="ar"/>
		<b id="22" c="2 21" t="ar"/>
		<b id="23" c="1 22" t="1"/>
		<b id="24" c="1 23" t="1"/>
		<b id="25" c="1 24" t="1"/>
		<b id="26" c="3 25" t="1"/>
		<b id="27" c="8 26" t="1"/>
		<b id="28" c="9 27" t="1"/>
		<b id="29" c="9 28" t="1"/>
		<b id="30" c="10 29" t="1"/>
		<b id="31" c="10 30" t="1"/>
		<b id="32" c="11 31" t="1"/>
		<b id="33" c="11 32" t="1"/>
		<b id="34" c="12 33" t="1"/>
		<b id="35" c="12 34" t="1"/>
		<b id="36" c="18 35" t="1"/>
		<b id="37" c="18 36" t="1"/>
		<b id="38" c="18 37" t="1"/>
		<b id="39" c="19 38" t="1"/>
		<b id="40" c="19 39" t="1"/>
		<b id="41" c="19 40" t="1"/>
		<b id="42" c="20 41" t="1"/>
		<b id="43" c="20 42" t="1"/>
		<b id="44" c="20 43" t="1"/>
	</bonds>
	<geometry>
		<g u="A" t="cart/3d">#43,3:5.0641,-2.2872,-1.4286;4.4576,-1.1079,-0.7446;3.2342,-1.1932,-0.0845;2.7728,-0.0120,0.4726;1.2375,0.0464,1.2401;3.4461,1.1159,0.4362;4.6437,1.0685,-0.1395;5.4194,2.3599,-0.1455;6.6396,2.3213,-1.0672;7.3380,3.6795,-1.0486;7.6973,4.0761,0.3821;6.4483,4.0351,1.2646;5.8435,2.7223,1.1994;6.0681,1.7579,2.1231;5.7498,0.5976,1.9672;6.6460,2.2579,3.2286;6.8606,1.4123,4.3837;7.8149,0.2690,4.0390;7.5016,2.3501,5.4087;5.5276,0.8795,4.9068;5.1427,0.0285,-0.7809;4.2980,-2.9244,-1.8629;5.6240,-2.8701,-0.6981;5.7546,-1.9505,-2.1959;2.6723,-2.1097,-0.0259;4.7271,3.1478,-0.4734;6.3230,2.0618,-2.0768;7.3118,1.5389,-0.7140;6.6724,4.4339,-1.4754;8.2391,3.6427,-1.6630;8.1298,5.0775,0.4031;8.4338,3.3765,0.7817;5.7132,4.7644,0.9083;6.6942,4.2584,2.3014;8.7429,0.6661,3.6326;7.3603,-0.3872,3.3021;8.0383,-0.3035,4.9348;8.4309,2.7535,5.0150;7.7103,1.8092,6.3268;6.8313,3.1769,5.6280;5.0723,0.2226,4.1709;4.8483,1.7055,5.1061;5.6897,0.3240,5.8264;</g>
	</geometry>
	<conformers/>
	<properties/>
</molecule>
