<?xml version="1.0" ?>
<!--MOLLI PACKAGE EXPERIMENTAL XML FORMAT-->
<molecule name="el3271">
	<atoms>
		<a id="1" s="C" t="C.3" l="C"/>
		<a id="2" s="C" t="C.ar" l="C"/>
		<a id="3" s="N" t="N.ar" l="N"/>
		<a id="4" s="N" t="N.ar" l="N"/>
		<a id="5" s="C" t="C.3" l="C"/>
		<a id="6" s="C" t="C.3" l="C"/>
		<a id="7" s="C" t="C.3" l="C"/>
		<a id="8" s="C" t="C.3" l="C"/>
		<a id="9" s="C" t="C.3" l="C"/>
		<a id="10" s="O" t="O.3" l="O"/>
		<a id="11" s="C" t="C.ar" l="C"/>
		<a id="12" s="N" t="N.ar" l="N"/>
		<a id="13" s="C" t="C.ar" l="C"/>
		<a id="14" s="Cl" t="Cl" l="CL"/>
		<a id="15" s="N" t="N.ar" l="N"/>
		<a id="16" s="C" t="C.ar" l="C"/>
		<a id="17" s="N" t="N.pl3" l="N"/>
		<a id="18" s="C" t="C.ar" l="C"/>
		<a id="19" s="C" t="C.ar" l="C"/>
		<a id="20" s="C" t="C.ar" l="C"/>
		<a id="21" s="C" t="C.ar" l="C"/>
		<a id="22" s="N" t="N.pl3" l="N"/>
		<a id="23" s="C" t="C.3" l="C"/>
		<a id="24" s="C" t="C.3" l="C"/>
		<a id="25" s="O" t="O.3" l="O"/>
		<a id="26" s="C" t="C.3" l="C"/>
		<a id="27" s="C" t="C.3" l="C"/>
		<a id="28" s="C" t="C.ar" l="C"/>
		<a id="29" s="C" t="C.ar" l="C"/>
		<a id="30" s="C" t="C.ar" l="C"/>
		<a id="31" s="H" t="H" l="H"/>
		<a id="32" s="H" t="H" l="H"/>
		<a id="33" s="H" t="H" l="H"/>
		<a id="34" s="H" t="H" l="H"/>
		<a id="35" s="H" t="H" l="H"/>
		<a id="36" s="H" t="H" l="H"/>
		<a id="37" s="H" t="H" l="H"/>
		<a id="38" s="H" t="H" l="H"/>
		<a id="39" s="H" t="H" l="H"/>
		<a id="40" s="H" t="H" l="H"/>
		<a id="41" s="H" t="H" l="H"/>
		<a id="42" s="H" t="H" l="H"/>
		<a id="43" s="H" t="H" l="H"/>
		<a id="44" s="H" t="H" l="H"/>
		<a id="45" s="H" t="H" l="H"/>
		<a id="46" s="H" t="H" l="H"/>
		<a id="47" s="H" t="H" l="H"/>
		<a id="48" s="H" t="H" l="H"/>
		<a id="49" s="H" t="H" l="H"/>
		<a id="50" s="H" t="H" l="H"/>
		<a id="51" s="H" t="H" l="H"/>
		<a id="52" s="H" t="H" l="H"/>
		<a id="53" s="H" t="H" l="H"/>
		<a id="54" s="H" t="H" l="H"/>
		<a id="55" s="H" t="H" l="H"/>
	</atoms>
	<bonds>
		<b id="1" c="1 2" t="1"/>
		<b id="2" c="2 3" t="ar"/>
		<b id="3" c="3 4" t="ar"/>
		<b id="4" c="4 5" t="1"/>
		<b id="5" c="5 6" t="1"/>
		<b id="6" c="6 7" t="1"/>
		<b id="7" c="7 8" t="1"/>
		<b id="8" c="8 9" t="1"/>
		<b id="9" c="9 10" t="1"/>
		<b id="10" c="5 10" t="1"/>
		<b id="11" c="4 11" t="ar"/>
		<b id="12" c="11 12" t="ar"/>
		<b id="13" c="12 13" t="ar"/>
		<b id="14" c="13 14" t="1"/>
		<b id="15" c="13 15" t="ar"/>
		<b id="16" c="15 16" t="ar"/>
		<b id="17" c="16 17" t="1"/>
		<b id="18" c="17 18" t="1"/>
		<b id="19" c="18 19" t="ar"/>
		<b id="20" c="19 20" t="ar"/>
		<b id="21" c="20 21" t="ar"/>
		<b id="22" c="21 22" t="1"/>
		<b id="23" c="22 23" t="1"/>
		<b id="24" c="23 24" t="1"/>
		<b id="25" c="24 25" t="1"/>
		<b id="26" c="25 26" t="1"/>
		<b id="27" c="26 27" t="1"/>
		<b id="28" c="22 27" t="1"/>
		<b id="29" c="21 28" t="ar"/>
		<b id="30" c="28 29" t="ar"/>
		<b id="31" c="18 29" t="ar"/>
		<b id="32" c="16 30" t="ar"/>
		<b id="33" c="2 30" t="ar"/>
		<b id="34" c="11 30" t="ar"/>
		<b id="35" c="1 31" t="1"/>
		<b id="36" c="1 32" t="1"/>
		<b id="37" c="1 33" t="1"/>
		<b id="38" c="5 34" t="1"/>
		<b id="39" c="6 35" t="1"/>
		<b id="40" c="6 36" t="1"/>
		<b id="41" c="7 37" t="1"/>
		<b id="42" c="7 38" t="1"/>
		<b id="43" c="8 39" t="1"/>
		<b id="44" c="8 40" t="1"/>
		<b id="45" c="9 41" t="1"/>
		<b id="46" c="9 42" t="1"/>
		<b id="47" c="17 43" t="1"/>
		<b id="48" c="19 44" t="1"/>
		<b id="49" c="20 45" t="1"/>
		<b id="50" c="23 46" t="1"/>
		<b id="51" c="23 47" t="1"/>
		<b id="52" c="24 48" t="1"/>
		<b id="53" c="24 49" t="1"/>
		<b id="54" c="26 50" t="1"/>
		<b id="55" c="26 51" t="1"/>
		<b id="56" c="27 52" t="1"/>
		<b id="57" c="27 53" t="1"/>
		<b id="58" c="28 54" t="1"/>
		<b id="59" c="29 55" t="1"/>
	</bonds>
	<geometry>
		<g u="A" t="cart/3d">#55,3:1.4018,0.7939,0.0080;2.8183,0.3424,-0.0427;3.8057,1.1725,0.2033;4.9694,0.4984,0.0923;6.2788,1.1117,0.2221;6.4226,1.8483,1.5598;5.6639,3.1732,1.5446;6.1059,3.9804,0.3273;5.8670,3.1419,-0.9248;6.5809,1.9154,-0.8805;4.7349,-0.7867,-0.2339;5.6371,-1.7582,-0.4122;5.0776,-2.9044,-0.7136;6.1469,-4.2137,-0.9552;3.7993,-3.2029,-0.8591;2.8873,-2.2466,-0.6797;1.5727,-2.5014,-0.8239;0.9058,-3.6714,-1.1922;1.5469,-4.8810,-1.4472;0.8142,-5.9890,-1.8113;-0.5784,-5.9424,-1.9465;-1.2825,-7.0978,-2.2646;-2.7258,-7.1210,-2.1532;-3.1805,-8.5779,-2.0064;-2.7487,-9.3760,-3.0809;-1.3437,-9.3463,-3.1808;-0.8395,-7.9162,-3.3781;-1.2097,-4.7240,-1.6826;-0.4800,-3.6140,-1.3091;3.3338,-0.9481,-0.3343;1.3753,1.8461,0.2776;0.8434,0.2268,0.7533;0.9223,0.6696,-0.9635;6.9812,0.2704,0.1656;7.4865,2.0377,1.7158;6.0641,1.2009,2.3608;5.8621,3.7239,2.4657;4.5934,2.9751,1.4770;7.1687,4.2193,0.4049;5.5434,4.9112,0.2533;6.2351,3.6453,-1.8209;4.7926,2.9453,-1.0353;0.9671,-1.7067,-0.6680;2.6170,-4.9414,-1.3499;1.3374,-6.9178,-1.9762;-3.2095,-6.6795,-3.0398;-3.0326,-6.5734,-1.2617;-4.2702,-8.6383,-1.9977;-2.7849,-8.9805,-1.0611;-1.0834,-9.9696,-4.0375;-0.8953,-9.7686,-2.2687;-1.2516,-7.5254,-4.3235;0.2464,-7.9128,-3.4454;-2.2788,-4.6248,-1.7833;-0.9972,-2.6829,-1.1176;</g>
	</geometry>
	<conformers/>
	<properties/>
</molecule>
