<?xml version="1.0" ?>
<!--MOLLI PACKAGE EXPERIMENTAL XML FORMAT-->
<molecule name="el3272">
	<atoms>
		<a id="1" s="C" t="C.2" l="C"/>
		<a id="2" s="C" t="C.2" l="C"/>
		<a id="3" s="C" t="C.2" l="C"/>
		<a id="4" s="O" t="O.2" l="O"/>
		<a id="5" s="N" t="N.am" l="N"/>
		<a id="6" s="C" t="C.3" l="C"/>
		<a id="7" s="C" t="C.3" l="C"/>
		<a id="8" s="C" t="C.3" l="C"/>
		<a id="9" s="N" t="N.pl3" l="N"/>
		<a id="10" s="C" t="C.ar" l="C"/>
		<a id="11" s="N" t="N.ar" l="N"/>
		<a id="12" s="C" t="C.ar" l="C"/>
		<a id="13" s="Cl" t="Cl" l="CL"/>
		<a id="14" s="N" t="N.ar" l="N"/>
		<a id="15" s="C" t="C.ar" l="C"/>
		<a id="16" s="C" t="C.ar" l="C"/>
		<a id="17" s="C" t="C.ar" l="C"/>
		<a id="18" s="N" t="N.ar" l="N"/>
		<a id="19" s="N" t="N.ar" l="N"/>
		<a id="20" s="C" t="C.3" l="C"/>
		<a id="21" s="C" t="C.3" l="C"/>
		<a id="22" s="C" t="C.3" l="C"/>
		<a id="23" s="C" t="C.3" l="C"/>
		<a id="24" s="C" t="C.3" l="C"/>
		<a id="25" s="O" t="O.3" l="O"/>
		<a id="26" s="C" t="C.3" l="C"/>
		<a id="27" s="H" t="H" l="H"/>
		<a id="28" s="H" t="H" l="H"/>
		<a id="29" s="H" t="H" l="H"/>
		<a id="30" s="H" t="H" l="H"/>
		<a id="31" s="H" t="H" l="H"/>
		<a id="32" s="H" t="H" l="H"/>
		<a id="33" s="H" t="H" l="H"/>
		<a id="34" s="H" t="H" l="H"/>
		<a id="35" s="H" t="H" l="H"/>
		<a id="36" s="H" t="H" l="H"/>
		<a id="37" s="H" t="H" l="H"/>
		<a id="38" s="H" t="H" l="H"/>
		<a id="39" s="H" t="H" l="H"/>
		<a id="40" s="H" t="H" l="H"/>
		<a id="41" s="H" t="H" l="H"/>
		<a id="42" s="H" t="H" l="H"/>
		<a id="43" s="H" t="H" l="H"/>
		<a id="44" s="H" t="H" l="H"/>
		<a id="45" s="H" t="H" l="H"/>
		<a id="46" s="H" t="H" l="H"/>
		<a id="47" s="H" t="H" l="H"/>
	</atoms>
	<bonds>
		<b id="1" c="1 2" t="2"/>
		<b id="2" c="2 3" t="1"/>
		<b id="3" c="3 4" t="2"/>
		<b id="4" c="3 5" t="am"/>
		<b id="5" c="5 6" t="1"/>
		<b id="6" c="6 7" t="1"/>
		<b id="7" c="7 8" t="1"/>
		<b id="8" c="8 9" t="1"/>
		<b id="9" c="9 10" t="1"/>
		<b id="10" c="10 11" t="ar"/>
		<b id="11" c="11 12" t="ar"/>
		<b id="12" c="12 13" t="1"/>
		<b id="13" c="12 14" t="ar"/>
		<b id="14" c="14 15" t="ar"/>
		<b id="15" c="15 16" t="ar"/>
		<b id="16" c="10 16" t="ar"/>
		<b id="17" c="16 17" t="ar"/>
		<b id="18" c="17 18" t="ar"/>
		<b id="19" c="18 19" t="ar"/>
		<b id="20" c="15 19" t="ar"/>
		<b id="21" c="19 20" t="1"/>
		<b id="22" c="20 21" t="1"/>
		<b id="23" c="21 22" t="1"/>
		<b id="24" c="22 23" t="1"/>
		<b id="25" c="23 24" t="1"/>
		<b id="26" c="24 25" t="1"/>
		<b id="27" c="20 25" t="1"/>
		<b id="28" c="8 26" t="1"/>
		<b id="29" c="5 26" t="1"/>
		<b id="30" c="1 27" t="1"/>
		<b id="31" c="1 28" t="1"/>
		<b id="32" c="2 29" t="1"/>
		<b id="33" c="6 30" t="1"/>
		<b id="34" c="6 31" t="1"/>
		<b id="35" c="7 32" t="1"/>
		<b id="36" c="7 33" t="1"/>
		<b id="37" c="8 34" t="1"/>
		<b id="38" c="9 35" t="1"/>
		<b id="39" c="17 36" t="1"/>
		<b id="40" c="20 37" t="1"/>
		<b id="41" c="21 38" t="1"/>
		<b id="42" c="21 39" t="1"/>
		<b id="43" c="22 40" t="1"/>
		<b id="44" c="22 41" t="1"/>
		<b id="45" c="23 42" t="1"/>
		<b id="46" c="23 43" t="1"/>
		<b id="47" c="24 44" t="1"/>
		<b id="48" c="24 45" t="1"/>
		<b id="49" c="26 46" t="1"/>
		<b id="50" c="26 47" t="1"/>
	</bonds>
	<geometry>
		<g u="A" t="cart/3d">#47,3:1.5952,1.4839,-0.3445;2.7549,1.3333,-0.9689;3.9016,0.6960,-0.2732;3.9302,0.5264,0.9342;4.9449,0.3110,-1.0518;5.0530,0.3595,-2.4980;6.2573,-0.5293,-2.8162;7.1288,-0.4397,-1.5548;7.9841,0.7209,-1.5807;9.3165,0.6452,-1.7123;9.8814,-0.5603,-1.7973;11.1966,-0.6445,-1.9120;11.8057,-2.2354,-1.9979;12.0872,0.3150,-1.9692;11.5327,1.5302,-1.9012;10.1475,1.7865,-1.7628;10.0707,3.1959,-1.7254;11.2642,3.7247,-1.8266;12.1575,2.7230,-1.9302;13.5863,2.9185,-2.1069;14.1696,3.8010,-0.9970;13.7995,5.2676,-1.2106;14.2154,5.6770,-2.6208;13.5408,4.7409,-3.6198;13.8877,3.3827,-3.3901;6.0902,-0.3439,-0.4397;0.7385,1.9402,-0.8113;1.4854,1.1464,0.6749;2.8979,1.6661,-1.9863;5.2251,1.3911,-2.8346;4.1447,-0.0131,-2.9773;6.7935,-0.2041,-3.7051;5.9382,-1.5609,-2.9583;7.7922,-1.2986,-1.4471;7.5584,1.6323,-1.5239;9.2110,3.8302,-1.6310;14.0083,1.9060,-2.0607;15.2552,3.6901,-1.0290;13.8122,3.4419,-0.0313;14.2987,5.8877,-0.4644;12.7205,5.3882,-1.1026;15.2998,5.5983,-2.7262;13.9178,6.7047,-2.8315;13.8701,4.9412,-4.6417;12.4514,4.8642,-3.5599;6.4351,0.2348,0.4205;5.8057,-1.3390,-0.0803;</g>
	</geometry>
	<conformers/>
	<properties/>
</molecule>
