<?xml version="1.0" ?>
<!--MOLLI PACKAGE EXPERIMENTAL XML FORMAT-->
<molecule name="el3028">
	<atoms>
		<a id="1" s="C" t="C.3" l="C"/>
		<a id="2" s="C" t="C.3" l="C"/>
		<a id="3" s="C" t="C.3" l="C"/>
		<a id="4" s="N" t="N.pl3" l="N"/>
		<a id="5" s="C" t="C.ar" l="C"/>
		<a id="6" s="N" t="N.ar" l="N"/>
		<a id="7" s="C" t="C.ar" l="C"/>
		<a id="8" s="Cl" t="Cl" l="CL"/>
		<a id="9" s="N" t="N.ar" l="N"/>
		<a id="10" s="C" t="C.ar" l="C"/>
		<a id="11" s="C" t="C.ar" l="C"/>
		<a id="12" s="C" t="C.ar" l="C"/>
		<a id="13" s="C" t="C.ar" l="C"/>
		<a id="14" s="C" t="C.ar" l="C"/>
		<a id="15" s="C" t="C.ar" l="C"/>
		<a id="16" s="C" t="C.3" l="C"/>
		<a id="17" s="F" t="F" l="F"/>
		<a id="18" s="F" t="F" l="F"/>
		<a id="19" s="F" t="F" l="F"/>
		<a id="20" s="N" t="N.ar" l="N"/>
		<a id="21" s="N" t="N.ar" l="N"/>
		<a id="22" s="H" t="H" l="H"/>
		<a id="23" s="H" t="H" l="H"/>
		<a id="24" s="H" t="H" l="H"/>
		<a id="25" s="H" t="H" l="H"/>
		<a id="26" s="H" t="H" l="H"/>
		<a id="27" s="H" t="H" l="H"/>
		<a id="28" s="H" t="H" l="H"/>
		<a id="29" s="H" t="H" l="H"/>
		<a id="30" s="H" t="H" l="H"/>
		<a id="31" s="H" t="H" l="H"/>
		<a id="32" s="H" t="H" l="H"/>
	</atoms>
	<bonds>
		<b id="1" c="1 2" t="1"/>
		<b id="2" c="2 3" t="1"/>
		<b id="3" c="2 4" t="1"/>
		<b id="4" c="4 5" t="1"/>
		<b id="5" c="5 6" t="ar"/>
		<b id="6" c="6 7" t="ar"/>
		<b id="7" c="7 8" t="1"/>
		<b id="8" c="7 9" t="ar"/>
		<b id="9" c="9 10" t="ar"/>
		<b id="10" c="10 11" t="1"/>
		<b id="11" c="11 12" t="ar"/>
		<b id="12" c="12 13" t="ar"/>
		<b id="13" c="13 14" t="ar"/>
		<b id="14" c="14 15" t="ar"/>
		<b id="15" c="15 16" t="1"/>
		<b id="16" c="16 17" t="1"/>
		<b id="17" c="16 18" t="1"/>
		<b id="18" c="16 19" t="1"/>
		<b id="19" c="15 20" t="ar"/>
		<b id="20" c="11 20" t="ar"/>
		<b id="21" c="10 21" t="ar"/>
		<b id="22" c="5 21" t="ar"/>
		<b id="23" c="1 22" t="1"/>
		<b id="24" c="1 23" t="1"/>
		<b id="25" c="1 24" t="1"/>
		<b id="26" c="2 25" t="1"/>
		<b id="27" c="3 26" t="1"/>
		<b id="28" c="3 27" t="1"/>
		<b id="29" c="3 28" t="1"/>
		<b id="30" c="4 29" t="1"/>
		<b id="31" c="12 30" t="1"/>
		<b id="32" c="13 31" t="1"/>
		<b id="33" c="14 32" t="1"/>
	</bonds>
	<geometry>
		<g u="A" t="cart/3d">#32,3:1.6703,-0.0763,-0.5096;2.6954,0.9460,-0.0288;2.0480,2.3038,0.2345;3.3307,0.4627,1.1806;4.6426,0.3650,1.3661;5.4688,0.6833,0.3559;6.7443,0.5521,0.6329;7.8365,0.9350,-0.6113;7.2674,0.1558,1.7757;6.3760,-0.1402,2.7175;6.8824,-0.5927,4.0240;5.9955,-1.0298,5.0106;6.5075,-1.4487,6.2248;7.8806,-1.4191,6.4239;8.6694,-0.9641,5.3734;10.1743,-0.8755,5.5125;10.6168,-1.5110,6.6136;10.8238,-1.4134,4.4787;10.5918,0.3946,5.6245;8.1932,-0.5627,4.2113;5.0651,-0.0599,2.5692;1.2347,0.2489,-1.4498;0.8717,-0.1880,0.2208;2.1416,-1.0435,-0.6624;3.4944,1.0538,-0.7665;1.2729,2.2166,0.9928;1.5986,2.6856,-0.6776;2.7936,3.0157,0.5775;2.7466,0.2346,1.9713;4.9384,-1.0298,4.8023;5.8522,-1.7942,7.0103;8.3247,-1.7369,7.3536;</g>
	</geometry>
	<conformers/>
	<properties/>
</molecule>
