<?xml version="1.0" ?>
<!--MOLLI PACKAGE EXPERIMENTAL XML FORMAT-->
<molecule name="el3282">
	<atoms>
		<a id="1" s="H" t="H" l="H"/>
		<a id="2" s="C" t="C.3" l="C"/>
		<a id="3" s="H" t="H" l="H"/>
		<a id="4" s="H" t="H" l="H"/>
		<a id="5" s="N" t="N.am" l="N"/>
		<a id="6" s="C" t="C.2" l="C"/>
		<a id="7" s="O" t="O.2" l="O"/>
		<a id="8" s="C" t="C.ar" l="C"/>
		<a id="9" s="N" t="N.ar" l="N"/>
		<a id="10" s="N" t="N.ar" l="N"/>
		<a id="11" s="C" t="C.ar" l="C"/>
		<a id="12" s="Cl" t="Cl" l="CL"/>
		<a id="13" s="C" t="C.ar" l="C"/>
		<a id="14" s="C" t="C.ar" l="C"/>
		<a id="15" s="N" t="N.pl3" l="N"/>
		<a id="16" s="C" t="C.ar" l="C"/>
		<a id="17" s="C" t="C.ar" l="C"/>
		<a id="18" s="C" t="C.ar" l="C"/>
		<a id="19" s="C" t="C.ar" l="C"/>
		<a id="20" s="C" t="C.ar" l="C"/>
		<a id="21" s="C" t="C.ar" l="C"/>
		<a id="22" s="C" t="C.ar" l="C"/>
		<a id="23" s="N" t="N.ar" l="N"/>
		<a id="24" s="C" t="C.ar" l="C"/>
		<a id="25" s="C" t="C.2" l="C"/>
		<a id="26" s="O" t="O.2" l="O"/>
		<a id="27" s="N" t="N.am" l="N"/>
		<a id="28" s="C" t="C.3" l="C"/>
		<a id="29" s="C" t="C.3" l="C"/>
		<a id="30" s="C" t="C.ar" l="C"/>
		<a id="31" s="N" t="N.ar" l="N"/>
		<a id="32" s="C" t="C.ar" l="C"/>
		<a id="33" s="O" t="O.3" l="O"/>
		<a id="34" s="C" t="C.3" l="C"/>
		<a id="35" s="H" t="H" l="H"/>
		<a id="36" s="H" t="H" l="H"/>
		<a id="37" s="H" t="H" l="H"/>
		<a id="38" s="H" t="H" l="H"/>
		<a id="39" s="H" t="H" l="H"/>
		<a id="40" s="H" t="H" l="H"/>
		<a id="41" s="H" t="H" l="H"/>
		<a id="42" s="H" t="H" l="H"/>
		<a id="43" s="H" t="H" l="H"/>
		<a id="44" s="H" t="H" l="H"/>
		<a id="45" s="H" t="H" l="H"/>
		<a id="46" s="H" t="H" l="H"/>
		<a id="47" s="H" t="H" l="H"/>
		<a id="48" s="H" t="H" l="H"/>
		<a id="49" s="H" t="H" l="H"/>
		<a id="50" s="H" t="H" l="H"/>
		<a id="51" s="H" t="H" l="H"/>
	</atoms>
	<bonds>
		<b id="1" c="1 2" t="1"/>
		<b id="2" c="2 3" t="1"/>
		<b id="3" c="2 4" t="1"/>
		<b id="4" c="2 5" t="1"/>
		<b id="5" c="5 6" t="am"/>
		<b id="6" c="6 7" t="2"/>
		<b id="7" c="6 8" t="1"/>
		<b id="8" c="8 9" t="ar"/>
		<b id="9" c="9 10" t="ar"/>
		<b id="10" c="10 11" t="ar"/>
		<b id="11" c="11 12" t="1"/>
		<b id="12" c="11 13" t="ar"/>
		<b id="13" c="13 14" t="ar"/>
		<b id="14" c="8 14" t="ar"/>
		<b id="15" c="14 15" t="1"/>
		<b id="16" c="15 16" t="1"/>
		<b id="17" c="16 17" t="ar"/>
		<b id="18" c="17 18" t="ar"/>
		<b id="19" c="18 19" t="ar"/>
		<b id="20" c="19 20" t="ar"/>
		<b id="21" c="20 21" t="1"/>
		<b id="22" c="21 22" t="ar"/>
		<b id="23" c="22 23" t="ar"/>
		<b id="24" c="23 24" t="ar"/>
		<b id="25" c="24 25" t="1"/>
		<b id="26" c="25 26" t="2"/>
		<b id="27" c="25 27" t="am"/>
		<b id="28" c="27 28" t="1"/>
		<b id="29" c="27 29" t="1"/>
		<b id="30" c="24 30" t="ar"/>
		<b id="31" c="30 31" t="ar"/>
		<b id="32" c="21 31" t="ar"/>
		<b id="33" c="20 32" t="ar"/>
		<b id="34" c="16 32" t="ar"/>
		<b id="35" c="32 33" t="1"/>
		<b id="36" c="33 34" t="1"/>
		<b id="37" c="5 35" t="1"/>
		<b id="38" c="13 36" t="1"/>
		<b id="39" c="15 37" t="1"/>
		<b id="40" c="17 38" t="1"/>
		<b id="41" c="18 39" t="1"/>
		<b id="42" c="19 40" t="1"/>
		<b id="43" c="22 41" t="1"/>
		<b id="44" c="28 42" t="1"/>
		<b id="45" c="28 43" t="1"/>
		<b id="46" c="28 44" t="1"/>
		<b id="47" c="29 45" t="1"/>
		<b id="48" c="29 46" t="1"/>
		<b id="49" c="29 47" t="1"/>
		<b id="50" c="30 48" t="1"/>
		<b id="51" c="34 49" t="1"/>
		<b id="52" c="34 50" t="1"/>
		<b id="53" c="34 51" t="1"/>
	</bonds>
	<geometry>
		<g u="A" t="cart/3d">#51,3:8.0490,2.0196,2.4689;7.4418,1.1874,2.1091;7.6966,0.9852,1.0672;7.6477,0.3022,2.7095;6.0418,1.4918,2.2382;5.1871,0.7583,2.9578;5.5110,-0.2487,3.5876;3.7893,1.2706,2.9257;3.5726,2.3278,2.1679;2.4011,2.8603,2.0358;1.3731,2.3017,2.6637;-0.1522,3.0403,2.3984;1.4683,1.1951,3.4860;2.7449,0.6390,3.6684;3.0111,-0.4338,4.4269;2.1172,-1.0536,5.3242;1.4443,-0.2447,6.2387;0.5520,-0.7692,7.1503;0.3389,-2.1349,7.1741;1.0186,-2.9676,6.2979;0.7980,-4.4199,6.3621;-0.4913,-4.9562,6.4248;-0.7104,-6.2561,6.4866;0.3486,-7.0636,6.4884;0.2127,-8.5546,6.4541;1.0746,-9.1972,5.8701;-0.8278,-9.1507,7.0718;-1.8729,-8.5120,7.8284;-0.9290,-10.5918,7.0155;1.6380,-6.5250,6.4291;1.8569,-5.2281,6.3770;1.9110,-2.4422,5.3397;2.4156,-3.3691,4.4963;3.3721,-3.0814,3.5008;5.6483,2.2905,1.7575;0.5969,0.7725,3.9586;3.9941,-0.7193,4.3968;1.6463,0.8161,6.2258;0.0395,-0.1209,7.8431;-0.3372,-2.5683,7.8954;-1.3716,-4.3275,6.4048;-1.7316,-7.4368,7.8486;-1.8790,-8.9047,8.8496;-2.8427,-8.7254,7.3711;-0.0915,-10.9732,6.4353;-1.8671,-10.8840,6.5390;-0.8969,-11.0123,8.0232;2.5043,-7.1711,6.4293;3.5158,-4.0274,2.9789;4.3282,-2.7684,3.9265;3.0153,-2.3338,2.7879;</g>
	</geometry>
	<conformers/>
	<properties/>
</molecule>
