<?xml version="1.0" ?>
<!--MOLLI PACKAGE EXPERIMENTAL XML FORMAT-->
<molecule name="el3283">
	<atoms>
		<a id="1" s="H" t="H" l="H"/>
		<a id="2" s="C" t="C.3" l="C"/>
		<a id="3" s="H" t="H" l="H"/>
		<a id="4" s="H" t="H" l="H"/>
		<a id="5" s="N" t="N.am" l="N"/>
		<a id="6" s="C" t="C.2" l="C"/>
		<a id="7" s="O" t="O.2" l="O"/>
		<a id="8" s="C" t="C.ar" l="C"/>
		<a id="9" s="C" t="C.ar" l="C"/>
		<a id="10" s="N" t="N.ar" l="N"/>
		<a id="11" s="C" t="C.ar" l="C"/>
		<a id="12" s="Cl" t="Cl" l="CL"/>
		<a id="13" s="C" t="C.ar" l="C"/>
		<a id="14" s="C" t="C.ar" l="C"/>
		<a id="15" s="N" t="N.pl3" l="N"/>
		<a id="16" s="C" t="C.ar" l="C"/>
		<a id="17" s="C" t="C.ar" l="C"/>
		<a id="18" s="C" t="C.ar" l="C"/>
		<a id="19" s="F" t="F" l="F"/>
		<a id="20" s="C" t="C.ar" l="C"/>
		<a id="21" s="C" t="C.ar" l="C"/>
		<a id="22" s="C" t="C.ar" l="C"/>
		<a id="23" s="N" t="N.ar" l="N"/>
		<a id="24" s="C" t="C.ar" l="C"/>
		<a id="25" s="C" t="C.ar" l="C"/>
		<a id="26" s="C" t="C.ar" l="C"/>
		<a id="27" s="N" t="N.ar" l="N"/>
		<a id="28" s="C" t="C.ar" l="C"/>
		<a id="29" s="O" t="O.3" l="O"/>
		<a id="30" s="C" t="C.3" l="C"/>
		<a id="31" s="H" t="H" l="H"/>
		<a id="32" s="H" t="H" l="H"/>
		<a id="33" s="H" t="H" l="H"/>
		<a id="34" s="H" t="H" l="H"/>
		<a id="35" s="H" t="H" l="H"/>
		<a id="36" s="H" t="H" l="H"/>
		<a id="37" s="H" t="H" l="H"/>
		<a id="38" s="H" t="H" l="H"/>
		<a id="39" s="H" t="H" l="H"/>
		<a id="40" s="H" t="H" l="H"/>
		<a id="41" s="H" t="H" l="H"/>
		<a id="42" s="H" t="H" l="H"/>
	</atoms>
	<bonds>
		<b id="1" c="1 2" t="1"/>
		<b id="2" c="2 3" t="1"/>
		<b id="3" c="2 4" t="1"/>
		<b id="4" c="2 5" t="1"/>
		<b id="5" c="5 6" t="am"/>
		<b id="6" c="6 7" t="2"/>
		<b id="7" c="6 8" t="1"/>
		<b id="8" c="8 9" t="ar"/>
		<b id="9" c="9 10" t="ar"/>
		<b id="10" c="10 11" t="ar"/>
		<b id="11" c="11 12" t="1"/>
		<b id="12" c="11 13" t="ar"/>
		<b id="13" c="13 14" t="ar"/>
		<b id="14" c="8 14" t="ar"/>
		<b id="15" c="14 15" t="1"/>
		<b id="16" c="15 16" t="1"/>
		<b id="17" c="16 17" t="ar"/>
		<b id="18" c="17 18" t="ar"/>
		<b id="19" c="18 19" t="1"/>
		<b id="20" c="18 20" t="ar"/>
		<b id="21" c="20 21" t="ar"/>
		<b id="22" c="21 22" t="1"/>
		<b id="23" c="22 23" t="ar"/>
		<b id="24" c="23 24" t="ar"/>
		<b id="25" c="24 25" t="ar"/>
		<b id="26" c="25 26" t="ar"/>
		<b id="27" c="26 27" t="ar"/>
		<b id="28" c="22 27" t="ar"/>
		<b id="29" c="21 28" t="ar"/>
		<b id="30" c="16 28" t="ar"/>
		<b id="31" c="28 29" t="1"/>
		<b id="32" c="29 30" t="1"/>
		<b id="33" c="5 31" t="1"/>
		<b id="34" c="9 32" t="1"/>
		<b id="35" c="13 33" t="1"/>
		<b id="36" c="15 34" t="1"/>
		<b id="37" c="17 35" t="1"/>
		<b id="38" c="20 36" t="1"/>
		<b id="39" c="24 37" t="1"/>
		<b id="40" c="25 38" t="1"/>
		<b id="41" c="26 39" t="1"/>
		<b id="42" c="30 40" t="1"/>
		<b id="43" c="30 41" t="1"/>
		<b id="44" c="30 42" t="1"/>
	</bonds>
	<geometry>
		<g u="A" t="cart/3d">#42,3:6.8128,2.5782,-0.0617;6.5629,2.8214,0.9724;6.9414,2.0407,1.6299;7.0246,3.7739,1.2379;5.1327,2.8830,1.1454;4.4722,2.0939,2.0140;5.0639,1.2936,2.7363;2.9995,2.2596,2.0542;2.2742,2.7206,0.9629;0.9650,2.8784,0.9429;0.2987,2.5484,2.0368;-1.4048,2.7601,1.9657;0.8740,2.0416,3.1817;2.2689,1.8872,3.2180;2.9179,1.3642,4.2798;2.4145,1.1332,5.5636;1.6317,2.1054,6.1776;1.1970,1.9171,7.4745;0.4357,2.8719,8.0486;1.5485,0.7989,8.1956;2.3464,-0.1760,7.6018;2.6937,-1.3503,8.4105;1.9023,-1.5984,9.4571;2.1873,-2.6478,10.2015;3.2635,-3.4821,9.9282;4.0311,-3.1288,8.8273;3.7545,-2.0777,8.0798;2.7730,-0.0377,6.2655;3.5178,-1.0397,5.7513;3.4255,-1.3980,4.3829;4.6266,3.5671,0.6075;2.7581,2.9585,0.0243;0.2625,1.7433,4.0163;3.9025,1.1567,4.1036;1.3924,3.0195,5.6577;1.2161,0.6635,9.2110;1.5269,-2.8217,11.0427;3.4903,-4.3425,10.5356;4.9016,-3.7004,8.5296;3.6062,-2.4736,4.3563;4.1896,-0.9020,3.7792;2.4347,-1.1937,3.9712;</g>
	</geometry>
	<conformers/>
	<properties/>
</molecule>
