<?xml version="1.0" ?>
<!--MOLLI PACKAGE EXPERIMENTAL XML FORMAT-->
<molecule name="el3285">
	<atoms>
		<a id="1" s="C" t="C.3" l="C"/>
		<a id="2" s="O" t="O.3" l="O"/>
		<a id="3" s="C" t="C.2" l="C"/>
		<a id="4" s="O" t="O.2" l="O"/>
		<a id="5" s="C" t="C.3" l="C"/>
		<a id="6" s="N" t="N.pl3" l="N"/>
		<a id="7" s="C" t="C.ar" l="C"/>
		<a id="8" s="C" t="C.ar" l="C"/>
		<a id="9" s="C" t="C.ar" l="C"/>
		<a id="10" s="C" t="C.ar" l="C"/>
		<a id="11" s="C" t="C.ar" l="C"/>
		<a id="12" s="N" t="N.ar" l="N"/>
		<a id="13" s="C" t="C.ar" l="C"/>
		<a id="14" s="Cl" t="Cl" l="CL"/>
		<a id="15" s="C" t="C.ar" l="C"/>
		<a id="16" s="C" t="C.ar" l="C"/>
		<a id="17" s="N" t="N.ar" l="N"/>
		<a id="18" s="C" t="C.3" l="C"/>
		<a id="19" s="C" t="C.3" l="C"/>
		<a id="20" s="C" t="C.3" l="C"/>
		<a id="21" s="N" t="N.3" l="N"/>
		<a id="22" s="C" t="C.3" l="C"/>
		<a id="23" s="C" t="C.3" l="C"/>
		<a id="24" s="C" t="C.3" l="C"/>
		<a id="25" s="H" t="H" l="H"/>
		<a id="26" s="H" t="H" l="H"/>
		<a id="27" s="H" t="H" l="H"/>
		<a id="28" s="H" t="H" l="H"/>
		<a id="29" s="H" t="H" l="H"/>
		<a id="30" s="H" t="H" l="H"/>
		<a id="31" s="H" t="H" l="H"/>
		<a id="32" s="H" t="H" l="H"/>
		<a id="33" s="H" t="H" l="H"/>
		<a id="34" s="H" t="H" l="H"/>
		<a id="35" s="H" t="H" l="H"/>
		<a id="36" s="H" t="H" l="H"/>
		<a id="37" s="H" t="H" l="H"/>
		<a id="38" s="H" t="H" l="H"/>
		<a id="39" s="H" t="H" l="H"/>
		<a id="40" s="H" t="H" l="H"/>
		<a id="41" s="H" t="H" l="H"/>
		<a id="42" s="H" t="H" l="H"/>
		<a id="43" s="H" t="H" l="H"/>
		<a id="44" s="H" t="H" l="H"/>
		<a id="45" s="H" t="H" l="H"/>
	</atoms>
	<bonds>
		<b id="1" c="1 2" t="1"/>
		<b id="2" c="2 3" t="1"/>
		<b id="3" c="3 4" t="2"/>
		<b id="4" c="3 5" t="1"/>
		<b id="5" c="5 6" t="1"/>
		<b id="6" c="6 7" t="1"/>
		<b id="7" c="7 8" t="ar"/>
		<b id="8" c="8 9" t="ar"/>
		<b id="9" c="9 10" t="ar"/>
		<b id="10" c="10 11" t="ar"/>
		<b id="11" c="11 12" t="ar"/>
		<b id="12" c="12 13" t="ar"/>
		<b id="13" c="13 14" t="1"/>
		<b id="14" c="13 15" t="ar"/>
		<b id="15" c="15 16" t="ar"/>
		<b id="16" c="10 16" t="ar"/>
		<b id="17" c="16 17" t="ar"/>
		<b id="18" c="7 17" t="ar"/>
		<b id="19" c="6 18" t="1"/>
		<b id="20" c="18 19" t="1"/>
		<b id="21" c="19 20" t="1"/>
		<b id="22" c="20 21" t="1"/>
		<b id="23" c="21 22" t="1"/>
		<b id="24" c="21 23" t="1"/>
		<b id="25" c="23 24" t="1"/>
		<b id="26" c="18 24" t="1"/>
		<b id="27" c="1 25" t="1"/>
		<b id="28" c="1 26" t="1"/>
		<b id="29" c="1 27" t="1"/>
		<b id="30" c="5 28" t="1"/>
		<b id="31" c="5 29" t="1"/>
		<b id="32" c="8 30" t="1"/>
		<b id="33" c="9 31" t="1"/>
		<b id="34" c="11 32" t="1"/>
		<b id="35" c="15 33" t="1"/>
		<b id="36" c="18 34" t="1"/>
		<b id="37" c="19 35" t="1"/>
		<b id="38" c="19 36" t="1"/>
		<b id="39" c="20 37" t="1"/>
		<b id="40" c="20 38" t="1"/>
		<b id="41" c="22 39" t="1"/>
		<b id="42" c="22 40" t="1"/>
		<b id="43" c="22 41" t="1"/>
		<b id="44" c="23 42" t="1"/>
		<b id="45" c="23 43" t="1"/>
		<b id="46" c="24 44" t="1"/>
		<b id="47" c="24 45" t="1"/>
	</bonds>
	<geometry>
		<g u="A" t="cart/3d">#45,3:1.6237,-0.5887,1.0570;2.5108,0.3395,0.4442;3.5893,0.6644,1.1551;3.8883,0.1605,2.2071;4.4784,1.6596,0.4089;5.0420,2.5926,1.3581;4.1077,3.2144,2.1171;4.4152,4.2213,3.0832;3.4040,4.7752,3.8040;2.0684,4.3635,3.5786;0.9478,4.8566,4.2618;-0.2760,4.4583,4.0266;-0.4646,3.5424,3.0767;-2.1051,3.0788,2.8333;0.5266,2.9759,2.3176;1.8531,3.3810,2.5710;2.8601,2.8389,1.8762;6.4610,2.6713,1.6712;7.1368,3.8386,0.9350;7.5106,3.4668,-0.4943;8.4571,2.3684,-0.4623;9.0832,2.1416,-1.7453;7.8123,1.1695,0.0331;7.2522,1.3743,1.4437;0.8419,-0.7915,0.3297;1.2023,-0.1587,1.9673;2.1554,-1.5070,1.3169;3.8595,2.1883,-0.3237;5.2685,1.1137,-0.1006;5.4307,4.5498,3.2330;3.6025,5.5356,4.5467;1.0589,5.6068,5.0347;0.3208,2.2478,1.5515;6.5144,2.8655,2.7484;8.0543,4.0978,1.4663;6.4761,4.7071,0.9320;7.9917,4.3216,-0.9754;6.6039,3.2148,-1.0736;9.5854,3.0540,-2.0626;8.3644,1.8460,-2.5266;9.8271,1.3529,-1.6432;8.5621,0.3741,0.0779;7.0296,0.8309,-0.6735;8.1061,1.4149,2.1219;6.6395,0.5186,1.7321;</g>
	</geometry>
	<conformers/>
	<properties/>
</molecule>
