<?xml version="1.0" ?>
<!--MOLLI PACKAGE EXPERIMENTAL XML FORMAT-->
<molecule name="el3298">
	<atoms>
		<a id="1" s="C" t="C.3" l="C"/>
		<a id="2" s="O" t="O.3" l="O"/>
		<a id="3" s="C" t="C.2" l="C"/>
		<a id="4" s="O" t="O.2" l="O"/>
		<a id="5" s="C" t="C.3" l="C"/>
		<a id="6" s="C" t="C.3" l="C"/>
		<a id="7" s="N" t="N.am" l="N"/>
		<a id="8" s="C" t="C.2" l="C"/>
		<a id="9" s="O" t="O.2" l="O"/>
		<a id="10" s="C" t="C.ar" l="C"/>
		<a id="11" s="C" t="C.ar" l="C"/>
		<a id="12" s="C" t="C.ar" l="C"/>
		<a id="13" s="C" t="C.ar" l="C"/>
		<a id="14" s="C" t="C.ar" l="C"/>
		<a id="15" s="C" t="C.ar" l="C"/>
		<a id="16" s="C" t="C.ar" l="C"/>
		<a id="17" s="C" t="C.ar" l="C"/>
		<a id="18" s="O" t="O.2" l="O"/>
		<a id="19" s="C" t="C.ar" l="C"/>
		<a id="20" s="N" t="N.ar" l="N"/>
		<a id="21" s="C" t="C.ar" l="C"/>
		<a id="22" s="C" t="C.ar" l="C"/>
		<a id="23" s="Cl" t="Cl" l="CL"/>
		<a id="24" s="N" t="N.ar" l="N"/>
		<a id="25" s="C" t="C.ar" l="C"/>
		<a id="26" s="H" t="H" l="H"/>
		<a id="27" s="H" t="H" l="H"/>
		<a id="28" s="H" t="H" l="H"/>
		<a id="29" s="H" t="H" l="H"/>
		<a id="30" s="H" t="H" l="H"/>
		<a id="31" s="H" t="H" l="H"/>
		<a id="32" s="H" t="H" l="H"/>
		<a id="33" s="H" t="H" l="H"/>
		<a id="34" s="H" t="H" l="H"/>
		<a id="35" s="H" t="H" l="H"/>
		<a id="36" s="H" t="H" l="H"/>
		<a id="37" s="H" t="H" l="H"/>
		<a id="38" s="H" t="H" l="H"/>
		<a id="39" s="H" t="H" l="H"/>
	</atoms>
	<bonds>
		<b id="1" c="1 2" t="1"/>
		<b id="2" c="2 3" t="1"/>
		<b id="3" c="3 4" t="2"/>
		<b id="4" c="5 7" t="1"/>
		<b id="5" c="7 8" t="am"/>
		<b id="6" c="8 9" t="2"/>
		<b id="7" c="8 10" t="1"/>
		<b id="8" c="10 11" t="ar"/>
		<b id="9" c="11 12" t="1"/>
		<b id="10" c="12 13" t="ar"/>
		<b id="11" c="13 14" t="ar"/>
		<b id="12" c="14 15" t="ar"/>
		<b id="13" c="15 16" t="ar"/>
		<b id="14" c="16 17" t="ar"/>
		<b id="15" c="12 17" t="ar"/>
		<b id="16" c="11 18" t="ar"/>
		<b id="17" c="18 19" t="ar"/>
		<b id="18" c="19 20" t="ar"/>
		<b id="19" c="20 21" t="ar"/>
		<b id="20" c="21 22" t="ar"/>
		<b id="21" c="22 23" t="1"/>
		<b id="22" c="22 24" t="ar"/>
		<b id="23" c="24 25" t="ar"/>
		<b id="24" c="10 25" t="ar"/>
		<b id="25" c="19 25" t="ar"/>
		<b id="26" c="5 6" t="1"/>
		<b id="27" c="5 3" t="1"/>
		<b id="28" c="1 26" t="1"/>
		<b id="29" c="1 27" t="1"/>
		<b id="30" c="1 28" t="1"/>
		<b id="31" c="5 29" t="1"/>
		<b id="32" c="6 30" t="1"/>
		<b id="33" c="6 31" t="1"/>
		<b id="34" c="6 32" t="1"/>
		<b id="35" c="7 33" t="1"/>
		<b id="36" c="13 34" t="1"/>
		<b id="37" c="14 35" t="1"/>
		<b id="38" c="15 36" t="1"/>
		<b id="39" c="16 37" t="1"/>
		<b id="40" c="17 38" t="1"/>
		<b id="41" c="21 39" t="1"/>
	</bonds>
	<geometry>
		<g u="A" t="cart/3d">#39,3:10.7475,-0.6716,0.3592;9.5105,-0.0717,0.7198;8.6366,0.1163,-0.2697;8.8463,-0.1678,-1.4182;7.3340,0.7393,0.2341;6.9513,1.9210,-0.6553;7.4222,1.1313,1.6153;6.8481,0.4093,2.5998;6.1618,-0.5720,2.3797;7.1237,0.9677,3.9478;6.6261,0.6409,5.2016;5.6878,-0.3483,5.7013;5.3891,-1.5260,5.0135;4.5081,-2.4405,5.5594;3.9131,-2.2014,6.7874;4.2059,-1.0352,7.4783;5.0884,-0.1179,6.9467;7.1377,1.4652,6.1683;7.9683,2.3204,5.5720;8.6626,3.2692,6.1679;9.4156,3.9963,5.3578;9.4516,3.7664,3.9765;10.4331,4.7479,2.9690;8.7575,2.8201,3.3740;8.0016,2.0702,4.1789;11.3734,-0.6356,1.2470;11.2095,-0.1215,-0.4628;10.5879,-1.7048,0.0453;6.5650,-0.0433,0.1740;7.6680,2.7303,-0.5319;5.9615,2.2833,-0.3916;6.9543,1.6063,-1.6949;8.0554,1.8850,1.8562;5.8366,-1.7117,4.0521;4.2854,-3.3486,5.0197;3.2230,-2.9189,7.2060;3.7436,-0.8413,8.4349;5.3139,0.7899,7.4847;9.9994,4.7795,5.8152;</g>
	</geometry>
	<conformers/>
	<properties/>
</molecule>
