<?xml version="1.0" ?>
<!--MOLLI PACKAGE EXPERIMENTAL XML FORMAT-->
<molecule name="el3003">
	<atoms>
		<a id="1" s="H" t="H" l="H"/>
		<a id="2" s="C" t="C.3" l="C"/>
		<a id="3" s="H" t="H" l="H"/>
		<a id="4" s="H" t="H" l="H"/>
		<a id="5" s="N" t="N.am" l="N"/>
		<a id="6" s="C" t="C.2" l="C"/>
		<a id="7" s="O" t="O.2" l="O"/>
		<a id="8" s="C" t="C.ar" l="C"/>
		<a id="9" s="N" t="N.ar" l="N"/>
		<a id="10" s="N" t="N.ar" l="N"/>
		<a id="11" s="C" t="C.ar" l="C"/>
		<a id="12" s="Cl" t="Cl" l="CL"/>
		<a id="13" s="C" t="C.ar" l="C"/>
		<a id="14" s="C" t="C.ar" l="C"/>
		<a id="15" s="N" t="N.pl3" l="N"/>
		<a id="16" s="C" t="C.ar" l="C"/>
		<a id="17" s="C" t="C.ar" l="C"/>
		<a id="18" s="C" t="C.ar" l="C"/>
		<a id="19" s="C" t="C.ar" l="C"/>
		<a id="20" s="C" t="C.ar" l="C"/>
		<a id="21" s="C" t="C.ar" l="C"/>
		<a id="22" s="C" t="C.ar" l="C"/>
		<a id="23" s="C" t="C.ar" l="C"/>
		<a id="24" s="C" t="C.ar" l="C"/>
		<a id="25" s="C" t="C.3" l="C"/>
		<a id="26" s="C" t="C.3" l="C"/>
		<a id="27" s="C" t="C.3" l="C"/>
		<a id="28" s="O" t="O.3" l="O"/>
		<a id="29" s="C" t="C.ar" l="C"/>
		<a id="30" s="N" t="N.ar" l="N"/>
		<a id="31" s="C" t="C.ar" l="C"/>
		<a id="32" s="O" t="O.3" l="O"/>
		<a id="33" s="C" t="C.3" l="C"/>
		<a id="34" s="H" t="H" l="H"/>
		<a id="35" s="H" t="H" l="H"/>
		<a id="36" s="H" t="H" l="H"/>
		<a id="37" s="H" t="H" l="H"/>
		<a id="38" s="H" t="H" l="H"/>
		<a id="39" s="H" t="H" l="H"/>
		<a id="40" s="H" t="H" l="H"/>
		<a id="41" s="H" t="H" l="H"/>
		<a id="42" s="H" t="H" l="H"/>
		<a id="43" s="H" t="H" l="H"/>
		<a id="44" s="H" t="H" l="H"/>
		<a id="45" s="H" t="H" l="H"/>
		<a id="46" s="H" t="H" l="H"/>
		<a id="47" s="H" t="H" l="H"/>
		<a id="48" s="H" t="H" l="H"/>
		<a id="49" s="H" t="H" l="H"/>
		<a id="50" s="H" t="H" l="H"/>
		<a id="51" s="H" t="H" l="H"/>
		<a id="52" s="H" t="H" l="H"/>
	</atoms>
	<bonds>
		<b id="1" c="1 2" t="1"/>
		<b id="2" c="2 3" t="1"/>
		<b id="3" c="2 4" t="1"/>
		<b id="4" c="2 5" t="1"/>
		<b id="5" c="5 6" t="am"/>
		<b id="6" c="6 7" t="2"/>
		<b id="7" c="6 8" t="1"/>
		<b id="8" c="8 9" t="ar"/>
		<b id="9" c="9 10" t="ar"/>
		<b id="10" c="10 11" t="ar"/>
		<b id="11" c="11 12" t="1"/>
		<b id="12" c="11 13" t="ar"/>
		<b id="13" c="13 14" t="ar"/>
		<b id="14" c="8 14" t="ar"/>
		<b id="15" c="14 15" t="1"/>
		<b id="16" c="15 16" t="1"/>
		<b id="17" c="16 17" t="ar"/>
		<b id="18" c="17 18" t="ar"/>
		<b id="19" c="18 19" t="ar"/>
		<b id="20" c="19 20" t="ar"/>
		<b id="21" c="20 21" t="1"/>
		<b id="22" c="21 22" t="ar"/>
		<b id="23" c="22 23" t="ar"/>
		<b id="24" c="23 24" t="ar"/>
		<b id="25" c="24 25" t="1"/>
		<b id="26" c="25 26" t="1"/>
		<b id="27" c="25 27" t="1"/>
		<b id="28" c="25 28" t="1"/>
		<b id="29" c="24 29" t="ar"/>
		<b id="30" c="29 30" t="ar"/>
		<b id="31" c="21 30" t="ar"/>
		<b id="32" c="20 31" t="ar"/>
		<b id="33" c="16 31" t="ar"/>
		<b id="34" c="31 32" t="1"/>
		<b id="35" c="32 33" t="1"/>
		<b id="36" c="5 34" t="1"/>
		<b id="37" c="13 35" t="1"/>
		<b id="38" c="15 36" t="1"/>
		<b id="39" c="17 37" t="1"/>
		<b id="40" c="18 38" t="1"/>
		<b id="41" c="19 39" t="1"/>
		<b id="42" c="22 40" t="1"/>
		<b id="43" c="23 41" t="1"/>
		<b id="44" c="26 42" t="1"/>
		<b id="45" c="26 43" t="1"/>
		<b id="46" c="26 44" t="1"/>
		<b id="47" c="27 45" t="1"/>
		<b id="48" c="27 46" t="1"/>
		<b id="49" c="27 47" t="1"/>
		<b id="50" c="28 48" t="1"/>
		<b id="51" c="29 49" t="1"/>
		<b id="52" c="33 50" t="1"/>
		<b id="53" c="33 51" t="1"/>
		<b id="54" c="33 52" t="1"/>
	</bonds>
	<geometry>
		<g u="A" t="cart/3d">#52,3:7.3334,0.0162,1.4845;7.0614,-0.7311,2.2327;7.4049,-1.7110,1.9034;7.5391,-0.4768,3.1799;5.6332,-0.7963,2.3919;4.9013,-1.8694,2.0740;5.3764,-2.9118,1.6237;3.4438,-1.6891,2.3183;3.0693,-0.5070,2.7673;1.8325,-0.2157,3.0113;0.9042,-1.1370,2.7796;-0.7129,-0.6583,3.0966;1.1657,-2.4100,2.3120;2.5099,-2.7427,2.0741;2.9298,-3.9244,1.6051;2.1354,-5.0859,1.4815;1.4285,-5.5124,2.6048;0.6183,-6.6272,2.5653;0.5265,-7.3520,1.3908;1.2418,-6.9689,0.2673;1.1634,-7.7883,-0.9577;-0.0707,-8.1967,-1.4638;-0.1002,-8.9990,-2.5879;1.0956,-9.3847,-3.1863;1.1231,-10.2731,-4.4198;0.3186,-11.5566,-4.1631;0.5509,-9.5032,-5.6145;2.4504,-10.6152,-4.7803;2.2663,-8.9032,-2.6084;2.3051,-8.1415,-1.5342;2.0490,-5.8142,0.2859;2.5909,-5.4952,-0.9134;3.6718,-4.6008,-1.0488;5.1217,0.0048,2.7389;0.3718,-3.1152,2.1285;3.9428,-3.9722,1.4645;1.5322,-4.9457,3.5186;0.0747,-6.9346,3.4447;-0.0829,-8.2421,1.3476;-0.9859,-7.8750,-0.9902;-1.0492,-9.3176,-2.9947;-0.7369,-11.3408,-4.0314;0.6845,-12.0587,-3.2678;0.4332,-12.2266,-5.0125;-0.4704,-9.1910,-5.4193;0.5741,-10.1376,-6.4964;1.1642,-8.6262,-5.8025;2.8145,-11.2000,-4.1065;3.2306,-9.1403,-3.0395;3.9603,-4.6734,-2.0973;4.5236,-4.8909,-0.4299;3.3857,-3.5680,-0.8312;</g>
	</geometry>
	<conformers/>
	<properties/>
</molecule>
