<?xml version="1.0" ?>
<!--MOLLI PACKAGE EXPERIMENTAL XML FORMAT-->
<molecule name="el3301">
	<atoms>
		<a id="1" s="Cl" t="Cl" l="CL"/>
		<a id="2" s="C" t="C.ar" l="C"/>
		<a id="3" s="N" t="N.ar" l="N"/>
		<a id="4" s="C" t="C.ar" l="C"/>
		<a id="5" s="C" t="C.ar" l="C"/>
		<a id="6" s="N" t="N.ar" l="N"/>
		<a id="7" s="C" t="C.ar" l="C"/>
		<a id="8" s="N" t="N.2" l="N"/>
		<a id="9" s="P" t="P.3" l="P"/>
		<a id="10" s="C" t="C.ar" l="C"/>
		<a id="11" s="C" t="C.ar" l="C"/>
		<a id="12" s="C" t="C.ar" l="C"/>
		<a id="13" s="C" t="C.ar" l="C"/>
		<a id="14" s="C" t="C.ar" l="C"/>
		<a id="15" s="C" t="C.ar" l="C"/>
		<a id="16" s="C" t="C.ar" l="C"/>
		<a id="17" s="C" t="C.ar" l="C"/>
		<a id="18" s="C" t="C.ar" l="C"/>
		<a id="19" s="C" t="C.ar" l="C"/>
		<a id="20" s="C" t="C.ar" l="C"/>
		<a id="21" s="C" t="C.ar" l="C"/>
		<a id="22" s="C" t="C.ar" l="C"/>
		<a id="23" s="C" t="C.ar" l="C"/>
		<a id="24" s="C" t="C.ar" l="C"/>
		<a id="25" s="C" t="C.ar" l="C"/>
		<a id="26" s="C" t="C.ar" l="C"/>
		<a id="27" s="C" t="C.ar" l="C"/>
		<a id="28" s="H" t="H" l="H"/>
		<a id="29" s="H" t="H" l="H"/>
		<a id="30" s="H" t="H" l="H"/>
		<a id="31" s="H" t="H" l="H"/>
		<a id="32" s="H" t="H" l="H"/>
		<a id="33" s="H" t="H" l="H"/>
		<a id="34" s="H" t="H" l="H"/>
		<a id="35" s="H" t="H" l="H"/>
		<a id="36" s="H" t="H" l="H"/>
		<a id="37" s="H" t="H" l="H"/>
		<a id="38" s="H" t="H" l="H"/>
		<a id="39" s="H" t="H" l="H"/>
		<a id="40" s="H" t="H" l="H"/>
		<a id="41" s="H" t="H" l="H"/>
		<a id="42" s="H" t="H" l="H"/>
		<a id="43" s="H" t="H" l="H"/>
		<a id="44" s="H" t="H" l="H"/>
	</atoms>
	<bonds>
		<b id="1" c="1 2" t="1"/>
		<b id="2" c="2 3" t="ar"/>
		<b id="3" c="3 4" t="ar"/>
		<b id="4" c="4 5" t="ar"/>
		<b id="5" c="5 6" t="ar"/>
		<b id="6" c="6 7" t="ar"/>
		<b id="7" c="2 7" t="ar"/>
		<b id="8" c="7 8" t="1"/>
		<b id="9" c="8 9" t="2"/>
		<b id="10" c="9 10" t="1"/>
		<b id="11" c="10 11" t="ar"/>
		<b id="12" c="11 12" t="ar"/>
		<b id="13" c="12 13" t="ar"/>
		<b id="14" c="13 14" t="ar"/>
		<b id="15" c="14 15" t="ar"/>
		<b id="16" c="10 15" t="ar"/>
		<b id="17" c="9 16" t="1"/>
		<b id="18" c="16 17" t="ar"/>
		<b id="19" c="17 18" t="ar"/>
		<b id="20" c="18 19" t="ar"/>
		<b id="21" c="19 20" t="ar"/>
		<b id="22" c="20 21" t="ar"/>
		<b id="23" c="16 21" t="ar"/>
		<b id="24" c="9 22" t="1"/>
		<b id="25" c="22 23" t="ar"/>
		<b id="26" c="23 24" t="ar"/>
		<b id="27" c="24 25" t="ar"/>
		<b id="28" c="25 26" t="ar"/>
		<b id="29" c="26 27" t="ar"/>
		<b id="30" c="22 27" t="ar"/>
		<b id="31" c="4 28" t="1"/>
		<b id="32" c="5 29" t="1"/>
		<b id="33" c="11 30" t="1"/>
		<b id="34" c="12 31" t="1"/>
		<b id="35" c="13 32" t="1"/>
		<b id="36" c="14 33" t="1"/>
		<b id="37" c="15 34" t="1"/>
		<b id="38" c="17 35" t="1"/>
		<b id="39" c="18 36" t="1"/>
		<b id="40" c="19 37" t="1"/>
		<b id="41" c="20 38" t="1"/>
		<b id="42" c="21 39" t="1"/>
		<b id="43" c="23 40" t="1"/>
		<b id="44" c="24 41" t="1"/>
		<b id="45" c="25 42" t="1"/>
		<b id="46" c="26 43" t="1"/>
		<b id="47" c="27 44" t="1"/>
	</bonds>
	<geometry>
		<g u="A" t="cart/3d">#44,3:1.8956,-0.8467,1.9338;0.5741,-0.1494,1.0678;0.0355,0.9300,1.5563;-0.9705,1.4760,0.8729;-1.3945,0.9042,-0.3120;-0.8481,-0.1953,-0.8042;0.1517,-0.7763,-0.1316;0.6650,-1.8956,-0.6643;1.7735,-2.8889,-0.1239;1.4480,-3.8064,1.4205;0.1918,-4.4012,1.4605;-0.2031,-5.1077,2.5808;0.6590,-5.2227,3.6600;1.9090,-4.6264,3.6199;2.3080,-3.9120,2.5038;1.7351,-4.2105,-1.3711;1.2988,-3.8940,-2.6504;1.3025,-4.8600,-3.6401;1.7468,-6.1412,-3.3558;2.1818,-6.4590,-2.0792;2.1798,-5.4958,-1.0867;3.5186,-2.3647,-0.2197;3.7892,-1.0924,-0.7069;5.0981,-0.6773,-0.8685;6.1383,-1.5352,-0.5508;5.8694,-2.8128,-0.0864;4.5619,-3.2346,0.0720;-1.4060,2.3679,1.2964;-2.1972,1.3296,-0.8990;-0.4627,-4.2934,0.6043;-1.1802,-5.5669,2.6147;0.3541,-5.7742,4.5370;2.5761,-4.7131,4.4653;3.2763,-3.4319,2.4798;0.9420,-2.8929,-2.8413;0.9588,-4.6154,-4.6344;1.7502,-6.8963,-4.1282;2.5204,-7.4605,-1.8566;2.5044,-5.7485,-0.0858;2.9665,-0.4353,-0.9550;5.3073,0.3142,-1.2416;7.1612,-1.2107,-0.6714;6.6821,-3.4840,0.1502;4.3516,-4.2355,0.4194;</g>
	</geometry>
	<conformers/>
	<properties/>
</molecule>
