<?xml version="1.0" ?>
<!--MOLLI PACKAGE EXPERIMENTAL XML FORMAT-->
<molecule name="el3303">
	<atoms>
		<a id="1" s="C" t="C.3" l="C"/>
		<a id="2" s="C" t="C.3" l="C"/>
		<a id="3" s="N" t="N.am" l="N"/>
		<a id="4" s="C" t="C.2" l="C"/>
		<a id="5" s="O" t="O.2" l="O"/>
		<a id="6" s="N" t="N.am" l="N"/>
		<a id="7" s="C" t="C.ar" l="C"/>
		<a id="8" s="C" t="C.ar" l="C"/>
		<a id="9" s="C" t="C.ar" l="C"/>
		<a id="10" s="Cl" t="Cl" l="CL"/>
		<a id="11" s="C" t="C.ar" l="C"/>
		<a id="12" s="C" t="C.2" l="C"/>
		<a id="13" s="O" t="O.2" l="O"/>
		<a id="14" s="O" t="O.3" l="O"/>
		<a id="15" s="C" t="C.3" l="C"/>
		<a id="16" s="C" t="C.3" l="C"/>
		<a id="17" s="C" t="C.ar" l="C"/>
		<a id="18" s="N" t="N.ar" l="N"/>
		<a id="19" s="H" t="H" l="H"/>
		<a id="20" s="H" t="H" l="H"/>
		<a id="21" s="H" t="H" l="H"/>
		<a id="22" s="H" t="H" l="H"/>
		<a id="23" s="H" t="H" l="H"/>
		<a id="24" s="H" t="H" l="H"/>
		<a id="25" s="H" t="H" l="H"/>
		<a id="26" s="H" t="H" l="H"/>
		<a id="27" s="H" t="H" l="H"/>
		<a id="28" s="H" t="H" l="H"/>
		<a id="29" s="H" t="H" l="H"/>
		<a id="30" s="H" t="H" l="H"/>
		<a id="31" s="H" t="H" l="H"/>
		<a id="32" s="H" t="H" l="H"/>
	</atoms>
	<bonds>
		<b id="1" c="1 2" t="1"/>
		<b id="2" c="2 3" t="1"/>
		<b id="3" c="3 4" t="am"/>
		<b id="4" c="4 5" t="2"/>
		<b id="5" c="4 6" t="am"/>
		<b id="6" c="6 7" t="1"/>
		<b id="7" c="7 8" t="ar"/>
		<b id="8" c="8 9" t="ar"/>
		<b id="9" c="9 10" t="1"/>
		<b id="10" c="9 11" t="ar"/>
		<b id="11" c="11 12" t="1"/>
		<b id="12" c="12 13" t="2"/>
		<b id="13" c="12 14" t="1"/>
		<b id="14" c="14 15" t="1"/>
		<b id="15" c="15 16" t="1"/>
		<b id="16" c="11 17" t="ar"/>
		<b id="17" c="17 18" t="ar"/>
		<b id="18" c="7 18" t="ar"/>
		<b id="19" c="1 19" t="1"/>
		<b id="20" c="1 20" t="1"/>
		<b id="21" c="1 21" t="1"/>
		<b id="22" c="2 22" t="1"/>
		<b id="23" c="2 23" t="1"/>
		<b id="24" c="3 24" t="1"/>
		<b id="25" c="6 25" t="1"/>
		<b id="26" c="8 26" t="1"/>
		<b id="27" c="15 27" t="1"/>
		<b id="28" c="15 28" t="1"/>
		<b id="29" c="16 29" t="1"/>
		<b id="30" c="16 30" t="1"/>
		<b id="31" c="16 31" t="1"/>
		<b id="32" c="17 32" t="1"/>
	</bonds>
	<geometry>
		<g u="A" t="cart/3d">#32,3:1.5855,-0.0147,0.2005;2.5839,-0.3597,-0.8986;3.4307,-1.4725,-0.5283;4.7567,-1.3169,-0.2836;5.3470,-0.2721,-0.4273;5.3619,-2.5014,0.1273;6.6963,-2.7429,0.3546;7.6877,-1.7626,0.2929;8.9990,-2.1389,0.5223;10.2083,-0.9299,0.4043;9.2959,-3.4773,0.8145;10.6368,-4.0615,1.0586;10.8358,-5.2536,1.0640;11.5816,-3.1508,1.2938;12.9090,-3.6327,1.4989;13.6156,-3.8745,0.1728;8.2122,-4.3595,0.8548;6.9632,-4.0208,0.6387;0.9746,0.8287,-0.1079;2.1094,0.2510,1.1151;0.9305,-0.8595,0.4047;3.2504,0.4840,-1.0871;2.0545,-0.6087,-1.8244;2.9742,-2.3445,-0.3145;4.8018,-3.3403,0.2031;7.4284,-0.7443,0.0581;12.8647,-4.5591,2.0810;13.4073,-2.8506,2.0754;13.1083,-4.6625,-0.3787;14.6426,-4.1774,0.3556;13.6123,-2.9659,-0.4247;8.3971,-5.4022,1.0746;</g>
	</geometry>
	<conformers/>
	<properties/>
</molecule>
