<?xml version="1.0" ?>
<!--MOLLI PACKAGE EXPERIMENTAL XML FORMAT-->
<molecule name="el3307">
	<atoms>
		<a id="1" s="C" t="C.3" l="C"/>
		<a id="2" s="O" t="O.3" l="O"/>
		<a id="3" s="C" t="C.ar" l="C"/>
		<a id="4" s="C" t="C.ar" l="C"/>
		<a id="5" s="C" t="C.ar" l="C"/>
		<a id="6" s="O" t="O.3" l="O"/>
		<a id="7" s="C" t="C.ar" l="C"/>
		<a id="8" s="C" t="C.ar" l="C"/>
		<a id="9" s="C" t="C.ar" l="C"/>
		<a id="10" s="C" t="C.3" l="C"/>
		<a id="11" s="C" t="C.ar" l="C"/>
		<a id="12" s="C" t="C.ar" l="C"/>
		<a id="13" s="C" t="C.3" l="C"/>
		<a id="14" s="C" t="C.ar" l="C"/>
		<a id="15" s="C" t="C.ar" l="C"/>
		<a id="16" s="C" t="C.ar" l="C"/>
		<a id="17" s="Cl" t="Cl" l="CL"/>
		<a id="18" s="N" t="N.ar" l="N"/>
		<a id="19" s="H" t="H" l="H"/>
		<a id="20" s="H" t="H" l="H"/>
		<a id="21" s="H" t="H" l="H"/>
		<a id="22" s="H" t="H" l="H"/>
		<a id="23" s="H" t="H" l="H"/>
		<a id="24" s="H" t="H" l="H"/>
		<a id="25" s="H" t="H" l="H"/>
		<a id="26" s="H" t="H" l="H"/>
		<a id="27" s="H" t="H" l="H"/>
		<a id="28" s="H" t="H" l="H"/>
		<a id="29" s="H" t="H" l="H"/>
		<a id="30" s="H" t="H" l="H"/>
		<a id="31" s="H" t="H" l="H"/>
		<a id="32" s="H" t="H" l="H"/>
	</atoms>
	<bonds>
		<b id="1" c="1 2" t="1"/>
		<b id="2" c="2 3" t="1"/>
		<b id="3" c="3 4" t="ar"/>
		<b id="4" c="4 5" t="ar"/>
		<b id="5" c="5 6" t="1"/>
		<b id="6" c="6 7" t="1"/>
		<b id="7" c="7 8" t="ar"/>
		<b id="8" c="8 9" t="ar"/>
		<b id="9" c="9 10" t="1"/>
		<b id="10" c="9 11" t="ar"/>
		<b id="11" c="11 12" t="ar"/>
		<b id="12" c="12 13" t="1"/>
		<b id="13" c="12 14" t="ar"/>
		<b id="14" c="7 14" t="ar"/>
		<b id="15" c="5 15" t="ar"/>
		<b id="16" c="15 16" t="ar"/>
		<b id="17" c="16 17" t="1"/>
		<b id="18" c="16 18" t="ar"/>
		<b id="19" c="3 18" t="ar"/>
		<b id="20" c="1 19" t="1"/>
		<b id="21" c="1 20" t="1"/>
		<b id="22" c="1 21" t="1"/>
		<b id="23" c="4 22" t="1"/>
		<b id="24" c="8 23" t="1"/>
		<b id="25" c="10 24" t="1"/>
		<b id="26" c="10 25" t="1"/>
		<b id="27" c="10 26" t="1"/>
		<b id="28" c="11 27" t="1"/>
		<b id="29" c="13 28" t="1"/>
		<b id="30" c="13 29" t="1"/>
		<b id="31" c="13 30" t="1"/>
		<b id="32" c="14 31" t="1"/>
		<b id="33" c="15 32" t="1"/>
	</bonds>
	<geometry>
		<g u="A" t="cart/3d">#32,3:0.4535,1.5370,0.9768;0.4696,0.1694,1.3477;1.5043,-0.2295,2.0938;1.5605,-1.5660,2.4876;2.6321,-1.9801,3.2682;2.6875,-3.2876,3.5993;3.4625,-3.7087,4.6648;3.4424,-3.0544,5.8906;4.1843,-3.5505,6.9503;4.1858,-2.8557,8.2777;4.9324,-4.7086,6.7686;4.9451,-5.3784,5.5555;5.7396,-6.6348,5.3688;4.2030,-4.8672,4.4976;3.6168,-1.0470,3.6170;3.4400,0.2444,3.1687;4.6083,1.4439,3.5610;2.4269,0.6613,2.4355;-0.4657,1.6817,0.4137;1.3212,1.7785,0.3597;0.4653,2.1763,1.8616;0.7907,-2.2563,2.1911;2.8408,-2.1655,6.0137;3.5282,-1.9906,8.2672;5.1927,-2.5237,8.5278;3.8564,-3.5358,9.0618;5.5107,-5.0937,7.5962;6.3337,-6.8555,6.2515;6.4053,-6.5405,4.5126;5.0731,-7.4755,5.1800;4.1915,-5.3642,3.5400;4.4812,-1.3229,4.1970;</g>
	</geometry>
	<conformers/>
	<properties/>
</molecule>
