<?xml version="1.0" ?>
<!--MOLLI PACKAGE EXPERIMENTAL XML FORMAT-->
<molecule name="el3309">
	<atoms>
		<a id="1" s="F" t="F" l="F"/>
		<a id="2" s="C" t="C.3" l="C"/>
		<a id="3" s="F" t="F" l="F"/>
		<a id="4" s="F" t="F" l="F"/>
		<a id="5" s="O" t="O.3" l="O"/>
		<a id="6" s="C" t="C.ar" l="C"/>
		<a id="7" s="C" t="C.ar" l="C"/>
		<a id="8" s="C" t="C.ar" l="C"/>
		<a id="9" s="C" t="C.ar" l="C"/>
		<a id="10" s="C" t="C.ar" l="C"/>
		<a id="11" s="N" t="N.ar" l="N"/>
		<a id="12" s="C" t="C.ar" l="C"/>
		<a id="13" s="Cl" t="Cl" l="CL"/>
		<a id="14" s="N" t="N.ar" l="N"/>
		<a id="15" s="C" t="C.ar" l="C"/>
		<a id="16" s="C" t="C.ar" l="C"/>
		<a id="17" s="C" t="C.ar" l="C"/>
		<a id="18" s="O" t="O.2" l="O"/>
		<a id="19" s="C" t="C.ar" l="C"/>
		<a id="20" s="C" t="C.ar" l="C"/>
		<a id="21" s="C" t="C.ar" l="C"/>
		<a id="22" s="H" t="H" l="H"/>
		<a id="23" s="H" t="H" l="H"/>
		<a id="24" s="H" t="H" l="H"/>
		<a id="25" s="H" t="H" l="H"/>
		<a id="26" s="H" t="H" l="H"/>
		<a id="27" s="H" t="H" l="H"/>
	</atoms>
	<bonds>
		<b id="1" c="1 2" t="1"/>
		<b id="2" c="2 3" t="1"/>
		<b id="3" c="2 4" t="1"/>
		<b id="4" c="2 5" t="1"/>
		<b id="5" c="5 6" t="1"/>
		<b id="6" c="6 7" t="ar"/>
		<b id="7" c="7 8" t="ar"/>
		<b id="8" c="8 9" t="ar"/>
		<b id="9" c="9 10" t="1"/>
		<b id="10" c="10 11" t="ar"/>
		<b id="11" c="11 12" t="ar"/>
		<b id="12" c="12 13" t="1"/>
		<b id="13" c="12 14" t="ar"/>
		<b id="14" c="14 15" t="ar"/>
		<b id="15" c="15 16" t="ar"/>
		<b id="16" c="16 17" t="ar"/>
		<b id="17" c="17 18" t="ar"/>
		<b id="18" c="18 19" t="ar"/>
		<b id="19" c="10 19" t="ar"/>
		<b id="20" c="15 19" t="ar"/>
		<b id="21" c="9 20" t="ar"/>
		<b id="22" c="20 21" t="ar"/>
		<b id="23" c="6 21" t="ar"/>
		<b id="24" c="7 22" t="1"/>
		<b id="25" c="8 23" t="1"/>
		<b id="26" c="16 24" t="1"/>
		<b id="27" c="17 25" t="1"/>
		<b id="28" c="20 26" t="1"/>
		<b id="29" c="21 27" t="1"/>
	</bonds>
	<geometry>
		<g u="A" t="cart/3d">#27,3:2.8010,1.2172,0.3660;2.3129,-0.0053,0.6408;2.2824,-0.0880,1.9827;1.0508,-0.0153,0.2282;2.9591,-0.9922,0.0508;4.3213,-1.2115,0.3029;5.0899,-0.4532,1.1715;6.4244,-0.7742,1.3363;6.9997,-1.8388,0.6441;8.4137,-2.1424,0.8551;9.0672,-1.4226,1.7652;10.3466,-1.6578,1.9989;11.0642,-0.6698,3.1872;11.1275,-2.5509,1.4346;10.5152,-3.2928,0.5132;10.9886,-4.3457,-0.3209;9.9187,-4.7217,-1.0623;8.8053,-4.0103,-0.7805;9.1465,-3.1271,0.1835;6.2081,-2.5889,-0.2277;4.8757,-2.2769,-0.3960;4.6759,0.3770,1.7210;7.0448,-0.2026,2.0074;11.9797,-4.7448,-0.3468;9.8172,-5.4758,-1.8193;6.6313,-3.4171,-0.7721;4.2461,-2.8440,-1.0619;</g>
	</geometry>
	<conformers/>
	<properties/>
</molecule>
