<?xml version="1.0" ?>
<!--MOLLI PACKAGE EXPERIMENTAL XML FORMAT-->
<molecule name="el3314">
	<atoms>
		<a id="1" s="C" t="C.3" l="C"/>
		<a id="2" s="C" t="C.3" l="C"/>
		<a id="3" s="O" t="O.3" l="O"/>
		<a id="4" s="C" t="C.3" l="C"/>
		<a id="5" s="C" t="C.3" l="C"/>
		<a id="6" s="N" t="N.ar" l="N"/>
		<a id="7" s="N" t="N.ar" l="N"/>
		<a id="8" s="C" t="C.ar" l="C"/>
		<a id="9" s="C" t="C.ar" l="C"/>
		<a id="10" s="C" t="C.ar" l="C"/>
		<a id="11" s="N" t="N.pl3" l="N"/>
		<a id="12" s="C" t="C.ar" l="C"/>
		<a id="13" s="C" t="C.ar" l="C"/>
		<a id="14" s="C" t="C.ar" l="C"/>
		<a id="15" s="N" t="N.ar" l="N"/>
		<a id="16" s="C" t="C.ar" l="C"/>
		<a id="17" s="Cl" t="Cl" l="CL"/>
		<a id="18" s="N" t="N.ar" l="N"/>
		<a id="19" s="C" t="C.ar" l="C"/>
		<a id="20" s="C" t="C.ar" l="C"/>
		<a id="21" s="C" t="C.ar" l="C"/>
		<a id="22" s="C" t="C.ar" l="C"/>
		<a id="23" s="H" t="H" l="H"/>
		<a id="24" s="H" t="H" l="H"/>
		<a id="25" s="H" t="H" l="H"/>
		<a id="26" s="H" t="H" l="H"/>
		<a id="27" s="H" t="H" l="H"/>
		<a id="28" s="H" t="H" l="H"/>
		<a id="29" s="H" t="H" l="H"/>
		<a id="30" s="H" t="H" l="H"/>
		<a id="31" s="H" t="H" l="H"/>
		<a id="32" s="H" t="H" l="H"/>
		<a id="33" s="H" t="H" l="H"/>
		<a id="34" s="H" t="H" l="H"/>
		<a id="35" s="H" t="H" l="H"/>
		<a id="36" s="H" t="H" l="H"/>
		<a id="37" s="H" t="H" l="H"/>
		<a id="38" s="H" t="H" l="H"/>
	</atoms>
	<bonds>
		<b id="1" c="1 2" t="1"/>
		<b id="2" c="2 3" t="1"/>
		<b id="3" c="3 4" t="1"/>
		<b id="4" c="4 5" t="1"/>
		<b id="5" c="4 6" t="1"/>
		<b id="6" c="6 7" t="ar"/>
		<b id="7" c="7 8" t="ar"/>
		<b id="8" c="8 9" t="ar"/>
		<b id="9" c="9 10" t="ar"/>
		<b id="10" c="10 11" t="1"/>
		<b id="11" c="11 12" t="1"/>
		<b id="12" c="12 13" t="ar"/>
		<b id="13" c="13 14" t="ar"/>
		<b id="14" c="14 15" t="ar"/>
		<b id="15" c="15 16" t="ar"/>
		<b id="16" c="16 17" t="1"/>
		<b id="17" c="16 18" t="ar"/>
		<b id="18" c="12 18" t="ar"/>
		<b id="19" c="10 19" t="ar"/>
		<b id="20" c="19 20" t="ar"/>
		<b id="21" c="20 21" t="ar"/>
		<b id="22" c="21 22" t="ar"/>
		<b id="23" c="9 22" t="ar"/>
		<b id="24" c="6 22" t="ar"/>
		<b id="25" c="1 23" t="1"/>
		<b id="26" c="1 24" t="1"/>
		<b id="27" c="1 25" t="1"/>
		<b id="28" c="2 26" t="1"/>
		<b id="29" c="2 27" t="1"/>
		<b id="30" c="4 28" t="1"/>
		<b id="31" c="5 29" t="1"/>
		<b id="32" c="5 30" t="1"/>
		<b id="33" c="5 31" t="1"/>
		<b id="34" c="8 32" t="1"/>
		<b id="35" c="11 33" t="1"/>
		<b id="36" c="13 34" t="1"/>
		<b id="37" c="14 35" t="1"/>
		<b id="38" c="19 36" t="1"/>
		<b id="39" c="20 37" t="1"/>
		<b id="40" c="21 38" t="1"/>
	</bonds>
	<geometry>
		<g u="A" t="cart/3d">#38,3:6.3028,-1.5675,-1.4752;5.4469,-0.5177,-0.7859;5.2213,-0.9392,0.5440;4.5600,-0.0081,1.3647;3.0343,-0.1011,1.2511;4.9764,-0.2525,2.7203;5.3876,0.7619,3.4896;5.6523,0.2785,4.6775;5.4140,-1.1178,4.7161;5.5132,-2.1376,5.6837;5.9551,-1.7732,6.9531;6.0956,-2.5073,8.0788;6.5744,-1.8966,9.2596;6.6917,-2.6970,10.3690;6.3724,-3.9922,10.3602;5.9373,-4.4565,9.2115;5.5184,-6.1107,9.1699;5.7807,-3.8050,8.0797;5.1716,-3.4195,5.3017;4.7514,-3.6976,3.9953;4.6437,-2.7264,3.0283;4.9726,-1.4265,3.4074;6.4852,-1.2779,-2.5062;5.7947,-2.5274,-1.4570;7.2517,-1.6694,-0.9566;4.4909,-0.4010,-1.3176;5.9590,0.4568,-0.7852;4.8898,1.0179,1.1304;2.7050,-1.1012,1.5196;2.7213,0.1145,0.2334;2.5767,0.6199,1.9225;5.9970,0.9379,5.4507;6.1993,-0.7961,7.0413;6.8353,-0.8512,9.2814;7.0516,-2.3173,11.3152;5.2349,-4.2171,6.0208;4.5073,-4.7199,3.7486;4.3417,-2.9513,2.0193;</g>
	</geometry>
	<conformers/>
	<properties/>
</molecule>
