<?xml version="1.0" ?>
<!--MOLLI PACKAGE EXPERIMENTAL XML FORMAT-->
<molecule name="el3317">
	<atoms>
		<a id="1" s="C" t="C.3" l="C"/>
		<a id="2" s="C" t="C.3" l="C"/>
		<a id="3" s="C" t="C.3" l="C"/>
		<a id="4" s="S" t="S.O2" l="S"/>
		<a id="5" s="O" t="O.2" l="O"/>
		<a id="6" s="O" t="O.2" l="O"/>
		<a id="7" s="C" t="C.ar" l="C"/>
		<a id="8" s="C" t="C.ar" l="C"/>
		<a id="9" s="C" t="C.ar" l="C"/>
		<a id="10" s="C" t="C.ar" l="C"/>
		<a id="11" s="C" t="C.ar" l="C"/>
		<a id="12" s="C" t="C.ar" l="C"/>
		<a id="13" s="N" t="N.pl3" l="N"/>
		<a id="14" s="C" t="C.ar" l="C"/>
		<a id="15" s="N" t="N.ar" l="N"/>
		<a id="16" s="C" t="C.ar" l="C"/>
		<a id="17" s="Cl" t="Cl" l="CL"/>
		<a id="18" s="N" t="N.ar" l="N"/>
		<a id="19" s="C" t="C.ar" l="C"/>
		<a id="20" s="C" t="C.ar" l="C"/>
		<a id="21" s="C" t="C.ar" l="C"/>
		<a id="22" s="C" t="C.ar" l="C"/>
		<a id="23" s="N" t="N.ar" l="N"/>
		<a id="24" s="C" t="C.2" l="C"/>
		<a id="25" s="O" t="O.2" l="O"/>
		<a id="26" s="O" t="O.3" l="O"/>
		<a id="27" s="C" t="C.3" l="C"/>
		<a id="28" s="C" t="C.3" l="C"/>
		<a id="29" s="C" t="C.3" l="C"/>
		<a id="30" s="C" t="C.3" l="C"/>
		<a id="31" s="H" t="H" l="H"/>
		<a id="32" s="H" t="H" l="H"/>
		<a id="33" s="H" t="H" l="H"/>
		<a id="34" s="H" t="H" l="H"/>
		<a id="35" s="H" t="H" l="H"/>
		<a id="36" s="H" t="H" l="H"/>
		<a id="37" s="H" t="H" l="H"/>
		<a id="38" s="H" t="H" l="H"/>
		<a id="39" s="H" t="H" l="H"/>
		<a id="40" s="H" t="H" l="H"/>
		<a id="41" s="H" t="H" l="H"/>
		<a id="42" s="H" t="H" l="H"/>
		<a id="43" s="H" t="H" l="H"/>
		<a id="44" s="H" t="H" l="H"/>
		<a id="45" s="H" t="H" l="H"/>
		<a id="46" s="H" t="H" l="H"/>
		<a id="47" s="H" t="H" l="H"/>
		<a id="48" s="H" t="H" l="H"/>
		<a id="49" s="H" t="H" l="H"/>
		<a id="50" s="H" t="H" l="H"/>
		<a id="51" s="H" t="H" l="H"/>
		<a id="52" s="H" t="H" l="H"/>
		<a id="53" s="H" t="H" l="H"/>
	</atoms>
	<bonds>
		<b id="1" c="1 2" t="1"/>
		<b id="2" c="2 3" t="1"/>
		<b id="3" c="2 4" t="1"/>
		<b id="4" c="4 5" t="2"/>
		<b id="5" c="4 6" t="2"/>
		<b id="6" c="4 7" t="1"/>
		<b id="7" c="7 8" t="ar"/>
		<b id="8" c="8 9" t="ar"/>
		<b id="9" c="9 10" t="ar"/>
		<b id="10" c="10 11" t="ar"/>
		<b id="11" c="11 12" t="ar"/>
		<b id="12" c="7 12" t="ar"/>
		<b id="13" c="12 13" t="1"/>
		<b id="14" c="13 14" t="1"/>
		<b id="15" c="14 15" t="ar"/>
		<b id="16" c="15 16" t="ar"/>
		<b id="17" c="16 17" t="1"/>
		<b id="18" c="16 18" t="ar"/>
		<b id="19" c="18 19" t="ar"/>
		<b id="20" c="19 20" t="ar"/>
		<b id="21" c="14 20" t="ar"/>
		<b id="22" c="20 21" t="ar"/>
		<b id="23" c="21 22" t="ar"/>
		<b id="24" c="22 23" t="ar"/>
		<b id="25" c="19 23" t="ar"/>
		<b id="26" c="23 24" t="am"/>
		<b id="27" c="24 25" t="2"/>
		<b id="28" c="24 26" t="1"/>
		<b id="29" c="26 27" t="1"/>
		<b id="30" c="27 28" t="1"/>
		<b id="31" c="27 29" t="1"/>
		<b id="32" c="27 30" t="1"/>
		<b id="33" c="1 31" t="1"/>
		<b id="34" c="1 32" t="1"/>
		<b id="35" c="1 33" t="1"/>
		<b id="36" c="2 34" t="1"/>
		<b id="37" c="3 35" t="1"/>
		<b id="38" c="3 36" t="1"/>
		<b id="39" c="3 37" t="1"/>
		<b id="40" c="8 38" t="1"/>
		<b id="41" c="9 39" t="1"/>
		<b id="42" c="10 40" t="1"/>
		<b id="43" c="11 41" t="1"/>
		<b id="44" c="13 42" t="1"/>
		<b id="45" c="21 43" t="1"/>
		<b id="46" c="22 44" t="1"/>
		<b id="47" c="28 45" t="1"/>
		<b id="48" c="28 46" t="1"/>
		<b id="49" c="28 47" t="1"/>
		<b id="50" c="29 48" t="1"/>
		<b id="51" c="29 49" t="1"/>
		<b id="52" c="29 50" t="1"/>
		<b id="53" c="30 51" t="1"/>
		<b id="54" c="30 52" t="1"/>
		<b id="55" c="30 53" t="1"/>
	</bonds>
	<geometry>
		<g u="A" t="cart/3d">#53,3:8.5667,-5.7553,-0.3774;8.0993,-4.9608,-1.5792;6.8959,-5.5583,-2.2741;7.6337,-3.3027,-0.9369;6.4735,-3.4717,-0.0784;8.7968,-2.7063,-0.3425;7.1751,-2.3497,-2.3944;8.2260,-1.7833,-3.0917;7.9924,-1.0975,-4.2694;6.6919,-0.9934,-4.7438;5.6347,-1.5503,-4.0521;5.8578,-2.2391,-2.8556;4.8499,-2.8087,-2.1070;3.5238,-2.9212,-2.3512;2.9743,-2.4775,-3.4824;1.6741,-2.6379,-3.6530;1.0590,-2.0390,-5.1267;0.7964,-3.1918,-2.8499;1.3321,-3.6419,-1.7174;2.7001,-3.5459,-1.3927;2.8706,-4.1458,-0.1101;1.6462,-4.5700,0.2844;0.6946,-4.2719,-0.6809;-0.6715,-4.5749,-0.5357;-1.0759,-5.1519,0.4380;-1.3428,-4.1400,-1.5729;-2.7839,-4.3016,-1.6680;-3.4652,-3.5681,-0.5145;-3.1252,-3.6526,-3.0074;-3.1444,-5.7857,-1.6701;8.9077,-6.7460,-0.6712;7.7472,-5.8572,0.3310;9.3808,-5.2284,0.1146;8.9168,-4.7704,-2.2742;6.0619,-5.6138,-1.5775;7.1193,-6.5643,-2.6244;6.6000,-4.9545,-3.1297;9.2183,-1.8796,-2.6796;8.8112,-0.6517,-4.8113;6.4973,-0.4643,-5.6643;4.6245,-1.4676,-4.4162;5.1641,-3.1601,-1.1985;3.7900,-4.2307,0.4350;1.3328,-5.0685,1.1801;-3.1508,-2.5269,-0.4972;-3.2080,-4.0298,0.4352;-4.5431,-3.6076,-0.6431;-2.8137,-2.6121,-3.0031;-4.1940,-3.7076,-3.1897;-2.5962,-4.1599,-3.8089;-2.8863,-6.2417,-0.7180;-2.6075,-6.2989,-2.4647;-4.2118,-5.9004,-1.8362;</g>
	</geometry>
	<conformers/>
	<properties/>
</molecule>
