<?xml version="1.0" ?>
<!--MOLLI PACKAGE EXPERIMENTAL XML FORMAT-->
<molecule name="el3032">
	<atoms>
		<a id="1" s="C" t="C.3" l="C"/>
		<a id="2" s="C" t="C.3" l="C"/>
		<a id="3" s="C" t="C.3" l="C"/>
		<a id="4" s="C" t="C.3" l="C"/>
		<a id="5" s="C" t="C.3" l="C"/>
		<a id="6" s="N" t="N.3" l="N"/>
		<a id="7" s="C" t="C.3" l="C"/>
		<a id="8" s="C" t="C.ar" l="C"/>
		<a id="9" s="C" t="C.ar" l="C"/>
		<a id="10" s="C" t="C.ar" l="C"/>
		<a id="11" s="C" t="C.ar" l="C"/>
		<a id="12" s="N" t="N.ar" l="N"/>
		<a id="13" s="C" t="C.ar" l="C"/>
		<a id="14" s="Cl" t="Cl" l="CL"/>
		<a id="15" s="C" t="C.ar" l="C"/>
		<a id="16" s="C" t="C.ar" l="C"/>
		<a id="17" s="N" t="N.ar" l="N"/>
		<a id="18" s="C" t="C.2" l="C"/>
		<a id="19" s="O" t="O.2" l="O"/>
		<a id="20" s="O" t="O.3" l="O"/>
		<a id="21" s="C" t="C.3" l="C"/>
		<a id="22" s="C" t="C.3" l="C"/>
		<a id="23" s="C" t="C.3" l="C"/>
		<a id="24" s="C" t="C.3" l="C"/>
		<a id="25" s="H" t="H" l="H"/>
		<a id="26" s="H" t="H" l="H"/>
		<a id="27" s="H" t="H" l="H"/>
		<a id="28" s="H" t="H" l="H"/>
		<a id="29" s="H" t="H" l="H"/>
		<a id="30" s="H" t="H" l="H"/>
		<a id="31" s="H" t="H" l="H"/>
		<a id="32" s="H" t="H" l="H"/>
		<a id="33" s="H" t="H" l="H"/>
		<a id="34" s="H" t="H" l="H"/>
		<a id="35" s="H" t="H" l="H"/>
		<a id="36" s="H" t="H" l="H"/>
		<a id="37" s="H" t="H" l="H"/>
		<a id="38" s="H" t="H" l="H"/>
		<a id="39" s="H" t="H" l="H"/>
		<a id="40" s="H" t="H" l="H"/>
		<a id="41" s="H" t="H" l="H"/>
		<a id="42" s="H" t="H" l="H"/>
		<a id="43" s="H" t="H" l="H"/>
		<a id="44" s="H" t="H" l="H"/>
		<a id="45" s="H" t="H" l="H"/>
		<a id="46" s="H" t="H" l="H"/>
		<a id="47" s="H" t="H" l="H"/>
		<a id="48" s="H" t="H" l="H"/>
	</atoms>
	<bonds>
		<b id="1" c="1 2" t="1"/>
		<b id="2" c="2 3" t="1"/>
		<b id="3" c="3 4" t="1"/>
		<b id="4" c="4 5" t="1"/>
		<b id="5" c="5 6" t="1"/>
		<b id="6" c="2 6" t="1"/>
		<b id="7" c="6 7" t="1"/>
		<b id="8" c="7 8" t="1"/>
		<b id="9" c="8 9" t="ar"/>
		<b id="10" c="9 10" t="ar"/>
		<b id="11" c="10 11" t="ar"/>
		<b id="12" c="11 12" t="ar"/>
		<b id="13" c="12 13" t="ar"/>
		<b id="14" c="13 14" t="1"/>
		<b id="15" c="13 15" t="ar"/>
		<b id="16" c="15 16" t="ar"/>
		<b id="17" c="10 16" t="ar"/>
		<b id="18" c="16 17" t="ar"/>
		<b id="19" c="8 17" t="ar"/>
		<b id="20" c="17 18" t="am"/>
		<b id="21" c="18 19" t="2"/>
		<b id="22" c="18 20" t="1"/>
		<b id="23" c="20 21" t="1"/>
		<b id="24" c="21 22" t="1"/>
		<b id="25" c="21 23" t="1"/>
		<b id="26" c="21 24" t="1"/>
		<b id="27" c="1 25" t="1"/>
		<b id="28" c="1 26" t="1"/>
		<b id="29" c="1 27" t="1"/>
		<b id="30" c="2 28" t="1"/>
		<b id="31" c="3 29" t="1"/>
		<b id="32" c="3 30" t="1"/>
		<b id="33" c="4 31" t="1"/>
		<b id="34" c="4 32" t="1"/>
		<b id="35" c="5 33" t="1"/>
		<b id="36" c="5 34" t="1"/>
		<b id="37" c="7 35" t="1"/>
		<b id="38" c="7 36" t="1"/>
		<b id="39" c="9 37" t="1"/>
		<b id="40" c="11 38" t="1"/>
		<b id="41" c="15 39" t="1"/>
		<b id="42" c="22 40" t="1"/>
		<b id="43" c="22 41" t="1"/>
		<b id="44" c="22 42" t="1"/>
		<b id="45" c="23 43" t="1"/>
		<b id="46" c="23 44" t="1"/>
		<b id="47" c="23 45" t="1"/>
		<b id="48" c="24 46" t="1"/>
		<b id="49" c="24 47" t="1"/>
		<b id="50" c="24 48" t="1"/>
	</bonds>
	<geometry>
		<g u="A" t="cart/3d">#48,3:-1.2485,1.0783,-0.5398;-1.3368,-0.3189,0.0715;-1.5577,-1.3937,-1.0218;-0.1707,-2.0131,-1.2463;0.7535,-1.2028,-0.3168;-0.0856,-0.6656,0.7451;-0.3105,-1.6175,1.8333;0.9666,-2.0989,2.4333;1.4342,-3.3749,2.4005;2.7219,-3.3892,3.0114;3.6783,-4.3618,3.2813;4.8154,-4.0649,3.8745;5.0506,-2.8106,4.2230;6.5634,-2.5350,4.9947;4.1952,-1.7375,4.0174;3.0016,-2.0534,3.3885;1.9121,-1.2720,3.0441;1.8431,0.0957,3.3392;2.8324,0.7394,3.5648;0.5934,0.5155,3.3747;0.2951,1.9188,3.6095;0.9585,2.7783,2.5363;-1.2276,1.9887,3.4997;0.7524,2.3261,5.0091;-2.2089,1.3529,-0.9702;-0.4957,1.1138,-1.3219;-0.9895,1.8087,0.2216;-2.1511,-0.3224,0.8025;-1.9521,-0.9407,-1.9293;-2.2735,-2.1434,-0.6845;0.1509,-1.9427,-2.2833;-0.1618,-3.0656,-0.9627;1.1901,-0.3582,-0.8550;1.5677,-1.7993,0.0923;-0.8601,-2.5116,1.4962;-0.9133,-1.1078,2.5893;0.9288,-4.2228,1.9820;3.5349,-5.4008,3.0203;4.4525,-0.7371,4.3177;0.7307,2.3770,1.5515;2.0370,2.7858,2.6666;0.5886,3.7976,2.6027;-1.5438,1.6436,2.5197;-1.5644,3.0107,3.6444;-1.6860,1.3561,4.2557;1.8339,2.2604,5.0896;0.3034,1.6749,5.7563;0.4475,3.3498,5.2061;</g>
	</geometry>
	<conformers/>
	<properties/>
</molecule>
