<?xml version="1.0" ?>
<!--MOLLI PACKAGE EXPERIMENTAL XML FORMAT-->
<molecule name="el3320">
	<atoms>
		<a id="1" s="C" t="C.3" l="C"/>
		<a id="2" s="C" t="C.3" l="C"/>
		<a id="3" s="C" t="C.3" l="C"/>
		<a id="4" s="C" t="C.3" l="C"/>
		<a id="5" s="C" t="C.3" l="C"/>
		<a id="6" s="C" t="C.ar" l="C"/>
		<a id="7" s="N" t="N.ar" l="N"/>
		<a id="8" s="C" t="C.ar" l="C"/>
		<a id="9" s="C" t="C.ar" l="C"/>
		<a id="10" s="F" t="F" l="F"/>
		<a id="11" s="C" t="C.ar" l="C"/>
		<a id="12" s="C" t="C.ar" l="C"/>
		<a id="13" s="C" t="C.ar" l="C"/>
		<a id="14" s="N" t="N.ar" l="N"/>
		<a id="15" s="C" t="C.ar" l="C"/>
		<a id="16" s="Cl" t="Cl" l="CL"/>
		<a id="17" s="N" t="N.ar" l="N"/>
		<a id="18" s="C" t="C.ar" l="C"/>
		<a id="19" s="C" t="C.ar" l="C"/>
		<a id="20" s="F" t="F" l="F"/>
		<a id="21" s="C" t="C.ar" l="C"/>
		<a id="22" s="C" t="C.ar" l="C"/>
		<a id="23" s="N" t="N.ar" l="N"/>
		<a id="24" s="H" t="H" l="H"/>
		<a id="25" s="H" t="H" l="H"/>
		<a id="26" s="H" t="H" l="H"/>
		<a id="27" s="H" t="H" l="H"/>
		<a id="28" s="H" t="H" l="H"/>
		<a id="29" s="H" t="H" l="H"/>
		<a id="30" s="H" t="H" l="H"/>
		<a id="31" s="H" t="H" l="H"/>
		<a id="32" s="H" t="H" l="H"/>
		<a id="33" s="H" t="H" l="H"/>
		<a id="34" s="H" t="H" l="H"/>
		<a id="35" s="H" t="H" l="H"/>
		<a id="36" s="H" t="H" l="H"/>
	</atoms>
	<bonds>
		<b id="1" c="1 2" t="1"/>
		<b id="2" c="2 3" t="1"/>
		<b id="3" c="2 4" t="1"/>
		<b id="4" c="4 5" t="1"/>
		<b id="5" c="5 6" t="1"/>
		<b id="6" c="6 7" t="ar"/>
		<b id="7" c="7 8" t="ar"/>
		<b id="8" c="8 9" t="ar"/>
		<b id="9" c="9 10" t="1"/>
		<b id="10" c="9 11" t="ar"/>
		<b id="11" c="11 12" t="ar"/>
		<b id="12" c="12 13" t="1"/>
		<b id="13" c="13 14" t="ar"/>
		<b id="14" c="14 15" t="ar"/>
		<b id="15" c="15 16" t="1"/>
		<b id="16" c="15 17" t="ar"/>
		<b id="17" c="17 18" t="ar"/>
		<b id="18" c="18 19" t="ar"/>
		<b id="19" c="13 19" t="ar"/>
		<b id="20" c="19 20" t="1"/>
		<b id="21" c="12 21" t="ar"/>
		<b id="22" c="21 22" t="ar"/>
		<b id="23" c="8 22" t="ar"/>
		<b id="24" c="22 23" t="ar"/>
		<b id="25" c="6 23" t="ar"/>
		<b id="26" c="2 23" t="1"/>
		<b id="27" c="1 24" t="1"/>
		<b id="28" c="1 25" t="1"/>
		<b id="29" c="1 26" t="1"/>
		<b id="30" c="3 27" t="1"/>
		<b id="31" c="3 28" t="1"/>
		<b id="32" c="3 29" t="1"/>
		<b id="33" c="4 30" t="1"/>
		<b id="34" c="4 31" t="1"/>
		<b id="35" c="5 32" t="1"/>
		<b id="36" c="5 33" t="1"/>
		<b id="37" c="11 34" t="1"/>
		<b id="38" c="18 35" t="1"/>
		<b id="39" c="21 36" t="1"/>
	</bonds>
	<geometry>
		<g u="A" t="cart/3d">#36,3:0.9524,-0.1432,0.1730;2.4538,0.0760,0.0053;2.8711,-0.0988,-1.4563;3.2794,-0.8326,0.9556;4.4227,0.0315,1.5216;3.9244,1.4087,1.2911;4.2915,2.5994,1.6664;3.4103,3.4412,1.0442;3.2957,4.8295,1.0495;4.1453,5.5882,1.7604;2.3096,5.4441,0.3122;1.4104,4.6901,-0.4620;0.3779,5.3149,-1.2813;-0.1457,4.5574,-2.2513;-1.0703,5.0688,-3.0288;-1.6854,4.0445,-4.2419;-1.5745,6.2879,-2.9775;-1.0965,7.0633,-2.0183;-0.1208,6.6212,-1.1410;0.2945,7.4550,-0.1736;1.4966,3.2987,-0.4949;2.4802,2.6937,0.2587;2.8459,1.3938,0.4639;0.7112,-1.1870,-0.0106;0.3919,0.4677,-0.5293;0.6407,0.1159,1.1825;2.5991,-1.0907,-1.8071;3.9461,0.0294,-1.5619;2.3738,0.6393,-2.0814;3.6523,-1.7102,0.4316;2.6408,-1.1716,1.7718;5.3562,-0.1160,0.9742;4.6207,-0.1620,2.5742;2.2663,6.5198,0.3315;-1.5050,8.0623,-1.9477;0.8026,2.7435,-1.1027;</g>
	</geometry>
	<conformers/>
	<properties/>
</molecule>
