<?xml version="1.0" ?>
<!--MOLLI PACKAGE EXPERIMENTAL XML FORMAT-->
<molecule name="el3323">
	<atoms>
		<a id="1" s="C" t="C.3" l="C"/>
		<a id="2" s="N" t="N.pl3" l="N"/>
		<a id="3" s="C" t="C.ar" l="C"/>
		<a id="4" s="N" t="N.ar" l="N"/>
		<a id="5" s="C" t="C.ar" l="C"/>
		<a id="6" s="C" t="C.ar" l="C"/>
		<a id="7" s="C" t="C.ar" l="C"/>
		<a id="8" s="C" t="C.ar" l="C"/>
		<a id="9" s="C" t="C.3" l="C"/>
		<a id="10" s="N" t="N.pl3" l="N"/>
		<a id="11" s="C" t="C.ar" l="C"/>
		<a id="12" s="N" t="N.ar" l="N"/>
		<a id="13" s="C" t="C.ar" l="C"/>
		<a id="14" s="Cl" t="Cl" l="CL"/>
		<a id="15" s="N" t="N.ar" l="N"/>
		<a id="16" s="C" t="C.ar" l="C"/>
		<a id="17" s="N" t="N.ar" l="N"/>
		<a id="18" s="C" t="C.ar" l="C"/>
		<a id="19" s="C" t="C.ar" l="C"/>
		<a id="20" s="F" t="F" l="F"/>
		<a id="21" s="C" t="C.ar" l="C"/>
		<a id="22" s="S" t="S.O2" l="S"/>
		<a id="23" s="C" t="C.3" l="C"/>
		<a id="24" s="O" t="O.2" l="O"/>
		<a id="25" s="O" t="O.2" l="O"/>
		<a id="26" s="H" t="H" l="H"/>
		<a id="27" s="H" t="H" l="H"/>
		<a id="28" s="H" t="H" l="H"/>
		<a id="29" s="H" t="H" l="H"/>
		<a id="30" s="H" t="H" l="H"/>
		<a id="31" s="H" t="H" l="H"/>
		<a id="32" s="H" t="H" l="H"/>
		<a id="33" s="H" t="H" l="H"/>
		<a id="34" s="H" t="H" l="H"/>
		<a id="35" s="H" t="H" l="H"/>
		<a id="36" s="H" t="H" l="H"/>
		<a id="37" s="H" t="H" l="H"/>
		<a id="38" s="H" t="H" l="H"/>
		<a id="39" s="H" t="H" l="H"/>
	</atoms>
	<bonds>
		<b id="1" c="1 2" t="1"/>
		<b id="2" c="2 3" t="1"/>
		<b id="3" c="3 4" t="ar"/>
		<b id="4" c="4 5" t="ar"/>
		<b id="5" c="5 6" t="ar"/>
		<b id="6" c="6 7" t="ar"/>
		<b id="7" c="7 8" t="ar"/>
		<b id="8" c="3 8" t="ar"/>
		<b id="9" c="8 9" t="1"/>
		<b id="10" c="9 10" t="1"/>
		<b id="11" c="10 11" t="1"/>
		<b id="12" c="11 12" t="ar"/>
		<b id="13" c="12 13" t="ar"/>
		<b id="14" c="13 14" t="1"/>
		<b id="15" c="13 15" t="ar"/>
		<b id="16" c="15 16" t="ar"/>
		<b id="17" c="16 17" t="ar"/>
		<b id="18" c="17 18" t="ar"/>
		<b id="19" c="18 19" t="ar"/>
		<b id="20" c="19 20" t="1"/>
		<b id="21" c="19 21" t="ar"/>
		<b id="22" c="11 21" t="ar"/>
		<b id="23" c="16 21" t="ar"/>
		<b id="24" c="2 22" t="1"/>
		<b id="25" c="22 23" t="1"/>
		<b id="26" c="22 24" t="2"/>
		<b id="27" c="22 25" t="2"/>
		<b id="28" c="1 26" t="1"/>
		<b id="29" c="1 27" t="1"/>
		<b id="30" c="1 28" t="1"/>
		<b id="31" c="5 29" t="1"/>
		<b id="32" c="6 30" t="1"/>
		<b id="33" c="7 31" t="1"/>
		<b id="34" c="9 32" t="1"/>
		<b id="35" c="9 33" t="1"/>
		<b id="36" c="10 34" t="1"/>
		<b id="37" c="17 35" t="1"/>
		<b id="38" c="18 36" t="1"/>
		<b id="39" c="23 37" t="1"/>
		<b id="40" c="23 38" t="1"/>
		<b id="41" c="23 39" t="1"/>
	</bonds>
	<geometry>
		<g u="A" t="cart/3d">#39,3:1.3424,-0.9513,1.3581;1.5591,0.2878,0.6437;2.5023,1.2289,1.0245;3.3740,1.5477,0.0736;4.2684,2.4944,0.2869;4.3762,3.1720,1.4874;3.4806,2.8357,2.4898;2.5123,1.8628,2.2794;1.5426,1.5604,3.3913;2.1192,0.6110,4.3206;1.4827,-0.4532,4.8246;0.2493,-0.7412,4.4020;-0.3664,-1.8027,4.8947;-1.9272,-2.0845,4.2704;0.0638,-2.6630,5.7890;1.2966,-2.3910,6.2245;2.0053,-3.0892,7.1387;3.2309,-2.4930,7.3167;3.2974,-1.4029,6.5018;4.3360,-0.5556,6.3833;2.0800,-1.3008,5.7846;1.1225,0.3218,-0.9860;2.4855,-0.4380,-1.9033;-0.0150,-0.5411,-1.1086;0.9705,1.6890,-1.3674;2.2924,-1.4058,1.6569;0.8178,-1.6103,0.6694;0.7138,-0.8133,2.2386;4.9296,2.7018,-0.5438;5.1218,3.9363,1.6346;3.5133,3.3510,3.4403;0.6092,1.1457,3.0163;1.3201,2.4939,3.9247;3.0392,0.8162,4.6809;1.6753,-3.9118,7.6146;3.9556,-2.8830,8.0018;2.6311,-1.4347,-1.5097;3.3556,0.1869,-1.7620;2.1848,-0.4787,-2.9418;</g>
	</geometry>
	<conformers/>
	<properties/>
</molecule>
