<?xml version="1.0" ?>
<!--MOLLI PACKAGE EXPERIMENTAL XML FORMAT-->
<molecule name="el3324">
	<atoms>
		<a id="1" s="C" t="C.3" l="C"/>
		<a id="2" s="C" t="C.3" l="C"/>
		<a id="3" s="C" t="C.3" l="C"/>
		<a id="4" s="C" t="C.3" l="C"/>
		<a id="5" s="C" t="C.3" l="C"/>
		<a id="6" s="C" t="C.2" l="C"/>
		<a id="7" s="C" t="C.3" l="C"/>
		<a id="8" s="N" t="N.2" l="N"/>
		<a id="9" s="C" t="C.ar" l="C"/>
		<a id="10" s="C" t="C.ar" l="C"/>
		<a id="11" s="F" t="F" l="F"/>
		<a id="12" s="C" t="C.ar" l="C"/>
		<a id="13" s="C" t="C.ar" l="C"/>
		<a id="14" s="C" t="C.ar" l="C"/>
		<a id="15" s="N" t="N.ar" l="N"/>
		<a id="16" s="C" t="C.ar" l="C"/>
		<a id="17" s="Cl" t="Cl" l="CL"/>
		<a id="18" s="N" t="N.ar" l="N"/>
		<a id="19" s="C" t="C.ar" l="C"/>
		<a id="20" s="C" t="C.ar" l="C"/>
		<a id="21" s="F" t="F" l="F"/>
		<a id="22" s="C" t="C.ar" l="C"/>
		<a id="23" s="C" t="C.ar" l="C"/>
		<a id="24" s="H" t="H" l="H"/>
		<a id="25" s="H" t="H" l="H"/>
		<a id="26" s="H" t="H" l="H"/>
		<a id="27" s="H" t="H" l="H"/>
		<a id="28" s="H" t="H" l="H"/>
		<a id="29" s="H" t="H" l="H"/>
		<a id="30" s="H" t="H" l="H"/>
		<a id="31" s="H" t="H" l="H"/>
		<a id="32" s="H" t="H" l="H"/>
		<a id="33" s="H" t="H" l="H"/>
		<a id="34" s="H" t="H" l="H"/>
		<a id="35" s="H" t="H" l="H"/>
		<a id="36" s="H" t="H" l="H"/>
		<a id="37" s="H" t="H" l="H"/>
		<a id="38" s="H" t="H" l="H"/>
		<a id="39" s="H" t="H" l="H"/>
	</atoms>
	<bonds>
		<b id="1" c="1 2" t="1"/>
		<b id="2" c="2 3" t="1"/>
		<b id="3" c="3 4" t="1"/>
		<b id="4" c="4 5" t="1"/>
		<b id="5" c="3 6" t="1"/>
		<b id="6" c="6 7" t="1"/>
		<b id="7" c="6 8" t="2"/>
		<b id="8" c="8 9" t="1"/>
		<b id="9" c="9 10" t="ar"/>
		<b id="10" c="10 11" t="1"/>
		<b id="11" c="10 12" t="ar"/>
		<b id="12" c="12 13" t="ar"/>
		<b id="13" c="13 14" t="1"/>
		<b id="14" c="14 15" t="ar"/>
		<b id="15" c="15 16" t="ar"/>
		<b id="16" c="16 17" t="1"/>
		<b id="17" c="16 18" t="ar"/>
		<b id="18" c="18 19" t="ar"/>
		<b id="19" c="19 20" t="ar"/>
		<b id="20" c="14 20" t="ar"/>
		<b id="21" c="20 21" t="1"/>
		<b id="22" c="13 22" t="ar"/>
		<b id="23" c="22 23" t="ar"/>
		<b id="24" c="9 23" t="ar"/>
		<b id="25" c="3 23" t="1"/>
		<b id="26" c="1 24" t="1"/>
		<b id="27" c="1 25" t="1"/>
		<b id="28" c="1 26" t="1"/>
		<b id="29" c="2 27" t="1"/>
		<b id="30" c="2 28" t="1"/>
		<b id="31" c="4 29" t="1"/>
		<b id="32" c="4 30" t="1"/>
		<b id="33" c="5 31" t="1"/>
		<b id="34" c="5 32" t="1"/>
		<b id="35" c="5 33" t="1"/>
		<b id="36" c="7 34" t="1"/>
		<b id="37" c="7 35" t="1"/>
		<b id="38" c="7 36" t="1"/>
		<b id="39" c="12 37" t="1"/>
		<b id="40" c="19 38" t="1"/>
		<b id="41" c="22 39" t="1"/>
	</bonds>
	<geometry>
		<g u="A" t="cart/3d">#39,3:1.4046,0.3866,0.9566;2.5742,-0.1117,0.1154;3.1066,0.9483,-0.8660;4.2750,0.3614,-1.6793;4.8472,1.3418,-2.6967;3.5064,2.2342,-0.1522;4.5698,2.3003,0.8726;2.8394,3.2671,-0.5149;1.9254,2.8682,-1.4818;0.9918,3.6280,-2.1682;0.8747,4.9485,-1.9549;0.1594,3.0287,-3.0975;0.2560,1.6593,-3.3558;-0.5919,0.9830,-4.3327;-0.1882,-0.2297,-4.7251;-0.9069,-0.8881,-5.6032;-0.3284,-2.4241,-6.0531;-2.0293,-0.4905,-6.1755;-2.4710,0.6986,-5.8031;-1.7882,1.4751,-4.8813;-2.3120,2.6621,-4.5340;1.2076,0.8839,-2.6742;2.0191,1.4887,-1.7524;1.0835,-0.3921,1.6445;0.5615,0.6528,0.3231;1.6836,1.2639,1.5361;2.2570,-0.9827,-0.4621;3.3916,-0.4249,0.7688;3.9163,-0.5288,-2.2001;5.0595,0.0488,-0.9864;4.0941,1.6142,-3.4324;5.6865,0.8876,-3.2181;5.1946,2.2520,-2.2125;5.5169,1.9568,0.4578;4.3226,1.6534,1.7141;4.6775,3.3229,1.2230;-0.5444,3.6573,-3.6166;-3.3943,1.0404,-6.2495;1.2727,-0.1697,-2.8925;</g>
	</geometry>
	<conformers/>
	<properties/>
</molecule>
