<?xml version="1.0" ?>
<!--MOLLI PACKAGE EXPERIMENTAL XML FORMAT-->
<molecule name="el3325">
	<atoms>
		<a id="1" s="C" t="C.3" l="C"/>
		<a id="2" s="O" t="O.3" l="O"/>
		<a id="3" s="C" t="C.ar" l="C"/>
		<a id="4" s="C" t="C.ar" l="C"/>
		<a id="5" s="C" t="C.ar" l="C"/>
		<a id="6" s="C" t="C.ar" l="C"/>
		<a id="7" s="C" t="C.ar" l="C"/>
		<a id="8" s="C" t="C.ar" l="C"/>
		<a id="9" s="C" t="C.ar" l="C"/>
		<a id="10" s="C" t="C.ar" l="C"/>
		<a id="11" s="C" t="C.ar" l="C"/>
		<a id="12" s="C" t="C.ar" l="C"/>
		<a id="13" s="C" t="C.ar" l="C"/>
		<a id="14" s="O" t="O.3" l="O"/>
		<a id="15" s="C" t="C.3" l="C"/>
		<a id="16" s="C" t="C.ar" l="C"/>
		<a id="17" s="C" t="C.ar" l="C"/>
		<a id="18" s="N" t="N.ar" l="N"/>
		<a id="19" s="C" t="C.ar" l="C"/>
		<a id="20" s="Cl" t="Cl" l="CL"/>
		<a id="21" s="N" t="N.ar" l="N"/>
		<a id="22" s="C" t="C.ar" l="C"/>
		<a id="23" s="C" t="C.ar" l="C"/>
		<a id="24" s="H" t="H" l="H"/>
		<a id="25" s="H" t="H" l="H"/>
		<a id="26" s="H" t="H" l="H"/>
		<a id="27" s="H" t="H" l="H"/>
		<a id="28" s="H" t="H" l="H"/>
		<a id="29" s="H" t="H" l="H"/>
		<a id="30" s="H" t="H" l="H"/>
		<a id="31" s="H" t="H" l="H"/>
		<a id="32" s="H" t="H" l="H"/>
		<a id="33" s="H" t="H" l="H"/>
		<a id="34" s="H" t="H" l="H"/>
		<a id="35" s="H" t="H" l="H"/>
		<a id="36" s="H" t="H" l="H"/>
		<a id="37" s="H" t="H" l="H"/>
		<a id="38" s="H" t="H" l="H"/>
	</atoms>
	<bonds>
		<b id="1" c="1 2" t="1"/>
		<b id="2" c="2 3" t="1"/>
		<b id="3" c="3 4" t="ar"/>
		<b id="4" c="4 5" t="ar"/>
		<b id="5" c="5 6" t="ar"/>
		<b id="6" c="6 7" t="1"/>
		<b id="7" c="7 8" t="ar"/>
		<b id="8" c="8 9" t="ar"/>
		<b id="9" c="9 10" t="1"/>
		<b id="10" c="10 11" t="ar"/>
		<b id="11" c="11 12" t="ar"/>
		<b id="12" c="12 13" t="ar"/>
		<b id="13" c="13 14" t="1"/>
		<b id="14" c="14 15" t="1"/>
		<b id="15" c="13 16" t="ar"/>
		<b id="16" c="16 17" t="ar"/>
		<b id="17" c="10 17" t="ar"/>
		<b id="18" c="9 18" t="ar"/>
		<b id="19" c="18 19" t="ar"/>
		<b id="20" c="19 20" t="1"/>
		<b id="21" c="19 21" t="ar"/>
		<b id="22" c="7 21" t="ar"/>
		<b id="23" c="6 22" t="ar"/>
		<b id="24" c="22 23" t="ar"/>
		<b id="25" c="3 23" t="ar"/>
		<b id="26" c="1 24" t="1"/>
		<b id="27" c="1 25" t="1"/>
		<b id="28" c="1 26" t="1"/>
		<b id="29" c="4 27" t="1"/>
		<b id="30" c="5 28" t="1"/>
		<b id="31" c="8 29" t="1"/>
		<b id="32" c="11 30" t="1"/>
		<b id="33" c="12 31" t="1"/>
		<b id="34" c="15 32" t="1"/>
		<b id="35" c="15 33" t="1"/>
		<b id="36" c="15 34" t="1"/>
		<b id="37" c="16 35" t="1"/>
		<b id="38" c="17 36" t="1"/>
		<b id="39" c="22 37" t="1"/>
		<b id="40" c="23 38" t="1"/>
	</bonds>
	<geometry>
		<g u="A" t="cart/3d">#38,3:1.1446,-0.8889,0.6078;2.0193,-0.1151,-0.1790;2.7639,-0.7347,-1.1285;2.7295,-2.0982,-1.4108;3.5378,-2.6158,-2.4023;4.3885,-1.7992,-3.1455;5.2168,-2.4008,-4.1887;5.7915,-1.6751,-5.2323;6.5562,-2.3673,-6.1718;7.2035,-1.7349,-7.3194;8.1942,-2.4351,-8.0069;8.8356,-1.8884,-9.0993;8.4896,-0.6133,-9.5410;9.0445,0.0226,-10.6026;10.0408,-0.6399,-11.3446;7.4916,0.0921,-8.8619;6.8612,-0.4574,-7.7702;6.7374,-3.6894,-6.0483;6.1455,-4.2735,-5.0351;6.3815,-5.9648,-4.9038;5.3953,-3.7261,-4.1094;4.4217,-0.4337,-2.8525;3.6261,0.0883,-1.8595;0.6730,-0.1903,1.2972;1.6853,-1.6503,1.1783;0.3740,-1.3694,-0.0031;2.0792,-2.7621,-0.8636;3.5209,-3.6714,-2.6223;5.6436,-0.6126,-5.3111;8.4530,-3.4237,-7.6626;9.5999,-2.4610,-9.6006;10.3238,0.0495,-12.1386;9.6619,-1.5660,-11.7883;10.9185,-0.8627,-10.7298;7.2287,1.0744,-9.2215;6.0813,0.1058,-7.2814;5.0921,0.2237,-3.3847;3.6512,1.1396,-1.6199;</g>
	</geometry>
	<conformers/>
	<properties/>
</molecule>
