<?xml version="1.0" ?>
<!--MOLLI PACKAGE EXPERIMENTAL XML FORMAT-->
<molecule name="el3327">
	<atoms>
		<a id="1" s="Cl" t="Cl" l="CL"/>
		<a id="2" s="C" t="C.ar" l="C"/>
		<a id="3" s="C" t="C.ar" l="C"/>
		<a id="4" s="C" t="C.ar" l="C"/>
		<a id="5" s="C" t="C.ar" l="C"/>
		<a id="6" s="C" t="C.ar" l="C"/>
		<a id="7" s="C" t="C.ar" l="C"/>
		<a id="8" s="C" t="C.ar" l="C"/>
		<a id="9" s="C" t="C.ar" l="C"/>
		<a id="10" s="C" t="C.ar" l="C"/>
		<a id="11" s="C" t="C.ar" l="C"/>
		<a id="12" s="N" t="N.ar" l="N"/>
		<a id="13" s="C" t="C.ar" l="C"/>
		<a id="14" s="C" t="C.ar" l="C"/>
		<a id="15" s="N" t="N.ar" l="N"/>
		<a id="16" s="H" t="H" l="H"/>
		<a id="17" s="H" t="H" l="H"/>
		<a id="18" s="H" t="H" l="H"/>
		<a id="19" s="H" t="H" l="H"/>
		<a id="20" s="H" t="H" l="H"/>
		<a id="21" s="H" t="H" l="H"/>
		<a id="22" s="H" t="H" l="H"/>
	</atoms>
	<bonds>
		<b id="1" c="1 2" t="1"/>
		<b id="2" c="2 3" t="ar"/>
		<b id="3" c="3 4" t="ar"/>
		<b id="4" c="4 5" t="ar"/>
		<b id="5" c="5 6" t="ar"/>
		<b id="6" c="6 7" t="ar"/>
		<b id="7" c="7 8" t="ar"/>
		<b id="8" c="8 9" t="ar"/>
		<b id="9" c="9 10" t="ar"/>
		<b id="10" c="10 11" t="ar"/>
		<b id="11" c="11 12" t="ar"/>
		<b id="12" c="12 13" t="ar"/>
		<b id="13" c="8 13" t="ar"/>
		<b id="14" c="13 14" t="ar"/>
		<b id="15" c="5 14" t="ar"/>
		<b id="16" c="14 15" t="ar"/>
		<b id="17" c="2 15" t="ar"/>
		<b id="18" c="3 16" t="1"/>
		<b id="19" c="4 17" t="1"/>
		<b id="20" c="6 18" t="1"/>
		<b id="21" c="7 19" t="1"/>
		<b id="22" c="9 20" t="1"/>
		<b id="23" c="10 21" t="1"/>
		<b id="24" c="11 22" t="1"/>
	</bonds>
	<geometry>
		<g u="A" t="cart/3d">#22,3:1.1253,0.2019,0.0499;2.8385,0.0514,0.0500;3.4089,-1.2313,0.0496;4.7773,-1.3090,0.0496;5.5465,-0.1303,0.0498;6.9687,-0.1458,0.0495;7.6750,1.0098,0.0494;7.0146,2.2700,0.0498;7.7156,3.4885,0.0496;7.0140,4.6677,0.0504;5.6134,4.6080,0.0515;4.9341,3.4919,0.0515;5.5993,2.3321,0.0506;4.8518,1.1028,0.0503;3.5156,1.1622,0.0504;2.7820,-2.1077,0.0493;5.2764,-2.2680,0.0492;7.4688,-1.1039,0.0492;8.7558,1.0005,0.0489;8.7972,3.4782,0.0489;7.5191,5.6213,0.0502;5.0245,5.5162,0.0523;</g>
	</geometry>
	<conformers/>
	<properties/>
</molecule>
