<?xml version="1.0" ?>
<!--MOLLI PACKAGE EXPERIMENTAL XML FORMAT-->
<molecule name="el3329">
	<atoms>
		<a id="1" s="C" t="C.3" l="C"/>
		<a id="2" s="C" t="C.ar" l="C"/>
		<a id="3" s="N" t="N.ar" l="N"/>
		<a id="4" s="C" t="C.ar" l="C"/>
		<a id="5" s="Cl" t="Cl" l="CL"/>
		<a id="6" s="C" t="C.ar" l="C"/>
		<a id="7" s="C" t="C.ar" l="C"/>
		<a id="8" s="C" t="C.ar" l="C"/>
		<a id="9" s="C" t="C.ar" l="C"/>
		<a id="10" s="C" t="C.ar" l="C"/>
		<a id="11" s="C" t="C.ar" l="C"/>
		<a id="12" s="N" t="N.pl3" l="N"/>
		<a id="13" s="O" t="O.2" l="O"/>
		<a id="14" s="O" t="O.co2" l="O"/>
		<a id="15" s="C" t="C.ar" l="C"/>
		<a id="16" s="C" t="C.ar" l="C"/>
		<a id="17" s="N" t="N.ar" l="N"/>
		<a id="18" s="H" t="H" l="H"/>
		<a id="19" s="H" t="H" l="H"/>
		<a id="20" s="H" t="H" l="H"/>
		<a id="21" s="H" t="H" l="H"/>
		<a id="22" s="H" t="H" l="H"/>
		<a id="23" s="H" t="H" l="H"/>
		<a id="24" s="H" t="H" l="H"/>
		<a id="25" s="H" t="H" l="H"/>
	</atoms>
	<bonds>
		<b id="1" c="1 2" t="1"/>
		<b id="2" c="2 3" t="ar"/>
		<b id="3" c="3 4" t="ar"/>
		<b id="4" c="4 5" t="1"/>
		<b id="5" c="4 6" t="ar"/>
		<b id="6" c="6 7" t="ar"/>
		<b id="7" c="7 8" t="1"/>
		<b id="8" c="8 9" t="ar"/>
		<b id="9" c="9 10" t="ar"/>
		<b id="10" c="10 11" t="ar"/>
		<b id="11" c="11 12" t="1"/>
		<b id="12" c="12 13" t="2"/>
		<b id="13" c="12 14" t="1"/>
		<b id="14" c="11 15" t="ar"/>
		<b id="15" c="15 16" t="ar"/>
		<b id="16" c="8 16" t="ar"/>
		<b id="17" c="7 17" t="ar"/>
		<b id="18" c="2 17" t="ar"/>
		<b id="19" c="1 18" t="1"/>
		<b id="20" c="1 19" t="1"/>
		<b id="21" c="1 20" t="1"/>
		<b id="22" c="6 21" t="1"/>
		<b id="23" c="9 22" t="1"/>
		<b id="24" c="10 23" t="1"/>
		<b id="25" c="15 24" t="1"/>
		<b id="26" c="16 25" t="1"/>
	</bonds>
	<geometry>
		<g u="A" t="cart/3d">#25,3:1.5964,-0.1033,1.5085;2.8632,-0.0782,0.7276;3.2168,-1.1962,0.1004;4.3405,-1.1722,-0.5833;4.7927,-2.6300,-1.3696;5.1447,-0.0448,-0.6829;4.6851,1.0831,-0.0019;5.4155,2.3584,0.0006;6.2730,2.7146,-1.0410;6.9468,3.9183,-1.0062;6.7655,4.7698,0.0772;7.4772,6.0245,0.1183;8.1871,6.2985,-0.8253;7.3227,6.7256,1.0946;5.9058,4.4362,1.1176;5.2313,3.2347,1.0721;3.5552,1.0469,0.7026;1.1717,-1.1013,1.4855;0.8926,0.6082,1.0816;1.7910,0.1993,2.5347;6.0696,-0.0633,-1.2316;6.3979,2.0623,-1.8909;7.6117,4.2143,-1.8033;5.7809,5.1237,1.9402;4.5521,2.9494,1.8592;</g>
	</geometry>
	<conformers/>
	<properties/>
</molecule>
