<?xml version="1.0" ?>
<!--MOLLI PACKAGE EXPERIMENTAL XML FORMAT-->
<molecule name="el3033">
	<atoms>
		<a id="1" s="N" t="N.pl3" l="N"/>
		<a id="2" s="C" t="C.ar" l="C"/>
		<a id="3" s="N" t="N.ar" l="N"/>
		<a id="4" s="C" t="C.ar" l="C"/>
		<a id="5" s="Cl" t="Cl" l="CL"/>
		<a id="6" s="N" t="N.ar" l="N"/>
		<a id="7" s="C" t="C.ar" l="C"/>
		<a id="8" s="C" t="C.ar" l="C"/>
		<a id="9" s="N" t="N.ar" l="N"/>
		<a id="10" s="C" t="C.ar" l="C"/>
		<a id="11" s="N" t="N.ar" l="N"/>
		<a id="12" s="C" t="C.3" l="C"/>
		<a id="13" s="C" t="C.3" l="C"/>
		<a id="14" s="C" t="C.3" l="C"/>
		<a id="15" s="C" t="C.3" l="C"/>
		<a id="16" s="H" t="H" l="H"/>
		<a id="17" s="H" t="H" l="H"/>
		<a id="18" s="H" t="H" l="H"/>
		<a id="19" s="H" t="H" l="H"/>
		<a id="20" s="H" t="H" l="H"/>
		<a id="21" s="H" t="H" l="H"/>
		<a id="22" s="H" t="H" l="H"/>
		<a id="23" s="H" t="H" l="H"/>
		<a id="24" s="H" t="H" l="H"/>
		<a id="25" s="H" t="H" l="H"/>
	</atoms>
	<bonds>
		<b id="1" c="1 2" t="1"/>
		<b id="2" c="2 3" t="ar"/>
		<b id="3" c="3 4" t="ar"/>
		<b id="4" c="4 5" t="1"/>
		<b id="5" c="4 6" t="ar"/>
		<b id="6" c="6 7" t="ar"/>
		<b id="7" c="7 8" t="ar"/>
		<b id="8" c="2 8" t="ar"/>
		<b id="9" c="8 9" t="ar"/>
		<b id="10" c="9 10" t="ar"/>
		<b id="11" c="10 11" t="ar"/>
		<b id="12" c="7 11" t="ar"/>
		<b id="13" c="11 12" t="1"/>
		<b id="14" c="12 13" t="1"/>
		<b id="15" c="13 14" t="1"/>
		<b id="16" c="14 15" t="1"/>
		<b id="17" c="13 15" t="1"/>
		<b id="18" c="1 16" t="1"/>
		<b id="19" c="1 17" t="1"/>
		<b id="20" c="10 18" t="1"/>
		<b id="21" c="12 19" t="1"/>
		<b id="22" c="12 20" t="1"/>
		<b id="23" c="13 21" t="1"/>
		<b id="24" c="14 22" t="1"/>
		<b id="25" c="14 23" t="1"/>
		<b id="26" c="15 24" t="1"/>
		<b id="27" c="15 25" t="1"/>
	</bonds>
	<geometry>
		<g u="A" t="cart/3d">#25,3:1.1414,0.2239,0.3008;2.4725,0.2110,0.1475;3.0902,-0.9683,0.0371;4.4021,-0.9933,-0.1077;5.0862,-2.5515,-0.2374;5.2523,0.0077,-0.1631;4.6427,1.1914,-0.0537;3.2579,1.3769,0.1026;2.9829,2.7183,0.1764;4.1396,3.2990,0.0703;5.1895,2.4359,-0.0770;6.5853,2.7640,-0.1769;7.2808,2.8566,1.1736;7.1725,1.7323,2.1576;6.5099,3.0458,2.4446;0.6423,-0.6478,0.3084;0.6621,1.1030,0.3695;4.2793,4.3623,0.0854;6.6725,3.7217,-0.7007;7.0629,1.9827,-0.7767;8.2384,3.3567,1.0975;8.0492,1.4617,2.7250;6.5527,0.8904,1.8919;6.9327,3.6815,3.2072;5.4325,3.0956,2.3962;</g>
	</geometry>
	<conformers/>
	<properties/>
</molecule>
