<?xml version="1.0" ?>
<!--MOLLI PACKAGE EXPERIMENTAL XML FORMAT-->
<molecule name="el3331">
	<atoms>
		<a id="1" s="C" t="C.3" l="C"/>
		<a id="2" s="C" t="C.ar" l="C"/>
		<a id="3" s="C" t="C.ar" l="C"/>
		<a id="4" s="C" t="C.3" l="C"/>
		<a id="5" s="N" t="N.am" l="N"/>
		<a id="6" s="C" t="C.2" l="C"/>
		<a id="7" s="O" t="O.2" l="O"/>
		<a id="8" s="O" t="O.3" l="O"/>
		<a id="9" s="C" t="C.3" l="C"/>
		<a id="10" s="C" t="C.3" l="C"/>
		<a id="11" s="C" t="C.3" l="C"/>
		<a id="12" s="C" t="C.3" l="C"/>
		<a id="13" s="C" t="C.ar" l="C"/>
		<a id="14" s="N" t="N.ar" l="N"/>
		<a id="15" s="C" t="C.ar" l="C"/>
		<a id="16" s="Cl" t="Cl" l="CL"/>
		<a id="17" s="C" t="C.ar" l="C"/>
		<a id="18" s="C" t="C.ar" l="C"/>
		<a id="19" s="N" t="N.pl3" l="N"/>
		<a id="20" s="C" t="C.3" l="C"/>
		<a id="21" s="C" t="C.3" l="C"/>
		<a id="22" s="O" t="O.3" l="O"/>
		<a id="23" s="C" t="C.3" l="C"/>
		<a id="24" s="C" t="C.3" l="C"/>
		<a id="25" s="N" t="N.ar" l="N"/>
		<a id="26" s="C" t="C.ar" l="C"/>
		<a id="27" s="C" t="C.ar" l="C"/>
		<a id="28" s="C" t="C.ar" l="C"/>
		<a id="29" s="C" t="C.ar" l="C"/>
		<a id="30" s="C" t="C.ar" l="C"/>
		<a id="31" s="C" t="C.ar" l="C"/>
		<a id="32" s="C" t="C.ar" l="C"/>
		<a id="33" s="C" t="C.ar" l="C"/>
		<a id="34" s="C" t="C.ar" l="C"/>
		<a id="35" s="C" t="C.ar" l="C"/>
		<a id="36" s="H" t="H" l="H"/>
		<a id="37" s="H" t="H" l="H"/>
		<a id="38" s="H" t="H" l="H"/>
		<a id="39" s="H" t="H" l="H"/>
		<a id="40" s="H" t="H" l="H"/>
		<a id="41" s="H" t="H" l="H"/>
		<a id="42" s="H" t="H" l="H"/>
		<a id="43" s="H" t="H" l="H"/>
		<a id="44" s="H" t="H" l="H"/>
		<a id="45" s="H" t="H" l="H"/>
		<a id="46" s="H" t="H" l="H"/>
		<a id="47" s="H" t="H" l="H"/>
		<a id="48" s="H" t="H" l="H"/>
		<a id="49" s="H" t="H" l="H"/>
		<a id="50" s="H" t="H" l="H"/>
		<a id="51" s="H" t="H" l="H"/>
		<a id="52" s="H" t="H" l="H"/>
		<a id="53" s="H" t="H" l="H"/>
		<a id="54" s="H" t="H" l="H"/>
		<a id="55" s="H" t="H" l="H"/>
		<a id="56" s="H" t="H" l="H"/>
		<a id="57" s="H" t="H" l="H"/>
		<a id="58" s="H" t="H" l="H"/>
		<a id="59" s="H" t="H" l="H"/>
		<a id="60" s="H" t="H" l="H"/>
		<a id="61" s="H" t="H" l="H"/>
		<a id="62" s="H" t="H" l="H"/>
		<a id="63" s="H" t="H" l="H"/>
		<a id="64" s="H" t="H" l="H"/>
		<a id="65" s="H" t="H" l="H"/>
		<a id="66" s="H" t="H" l="H"/>
	</atoms>
	<bonds>
		<b id="1" c="1 2" t="1"/>
		<b id="2" c="2 3" t="ar"/>
		<b id="3" c="3 4" t="1"/>
		<b id="4" c="4 5" t="1"/>
		<b id="5" c="5 6" t="am"/>
		<b id="6" c="6 7" t="2"/>
		<b id="7" c="6 8" t="1"/>
		<b id="8" c="8 9" t="1"/>
		<b id="9" c="9 10" t="1"/>
		<b id="10" c="9 11" t="1"/>
		<b id="11" c="9 12" t="1"/>
		<b id="12" c="5 13" t="1"/>
		<b id="13" c="13 14" t="ar"/>
		<b id="14" c="14 15" t="ar"/>
		<b id="15" c="15 16" t="1"/>
		<b id="16" c="15 17" t="ar"/>
		<b id="17" c="17 18" t="ar"/>
		<b id="18" c="18 19" t="1"/>
		<b id="19" c="19 20" t="1"/>
		<b id="20" c="20 21" t="1"/>
		<b id="21" c="21 22" t="1"/>
		<b id="22" c="22 23" t="1"/>
		<b id="23" c="23 24" t="1"/>
		<b id="24" c="19 24" t="1"/>
		<b id="25" c="18 25" t="ar"/>
		<b id="26" c="13 25" t="ar"/>
		<b id="27" c="3 26" t="ar"/>
		<b id="28" c="26 27" t="ar"/>
		<b id="29" c="27 28" t="ar"/>
		<b id="30" c="28 29" t="ar"/>
		<b id="31" c="2 29" t="ar"/>
		<b id="32" c="29 30" t="1"/>
		<b id="33" c="30 31" t="ar"/>
		<b id="34" c="31 32" t="ar"/>
		<b id="35" c="32 33" t="ar"/>
		<b id="36" c="33 34" t="ar"/>
		<b id="37" c="34 35" t="ar"/>
		<b id="38" c="30 35" t="ar"/>
		<b id="39" c="1 36" t="1"/>
		<b id="40" c="1 37" t="1"/>
		<b id="41" c="1 38" t="1"/>
		<b id="42" c="4 39" t="1"/>
		<b id="43" c="4 40" t="1"/>
		<b id="44" c="10 41" t="1"/>
		<b id="45" c="10 42" t="1"/>
		<b id="46" c="10 43" t="1"/>
		<b id="47" c="11 44" t="1"/>
		<b id="48" c="11 45" t="1"/>
		<b id="49" c="11 46" t="1"/>
		<b id="50" c="12 47" t="1"/>
		<b id="51" c="12 48" t="1"/>
		<b id="52" c="12 49" t="1"/>
		<b id="53" c="17 50" t="1"/>
		<b id="54" c="20 51" t="1"/>
		<b id="55" c="20 52" t="1"/>
		<b id="56" c="21 53" t="1"/>
		<b id="57" c="21 54" t="1"/>
		<b id="58" c="23 55" t="1"/>
		<b id="59" c="23 56" t="1"/>
		<b id="60" c="24 57" t="1"/>
		<b id="61" c="24 58" t="1"/>
		<b id="62" c="26 59" t="1"/>
		<b id="63" c="27 60" t="1"/>
		<b id="64" c="28 61" t="1"/>
		<b id="65" c="31 62" t="1"/>
		<b id="66" c="32 63" t="1"/>
		<b id="67" c="33 64" t="1"/>
		<b id="68" c="34 65" t="1"/>
		<b id="69" c="35 66" t="1"/>
	</bonds>
	<geometry>
		<g u="A" t="cart/3d">#66,3:1.8366,2.5353,3.3066;0.8397,3.4046,2.5984;0.4253,3.1167,1.2945;1.1072,2.0555,0.4734;2.5568,2.2035,0.4984;3.4089,1.1191,0.4194;4.5918,1.2123,0.2339;2.7192,-0.0244,0.5312;3.4043,-1.3005,0.4444;4.4362,-1.4275,1.5634;2.2850,-2.3274,0.6262;4.0556,-1.4589,-0.9287;3.0877,3.4840,0.5419;4.1749,3.6484,1.2831;4.6493,4.8773,1.3384;6.0387,5.0954,2.3243;4.0850,5.9557,0.6977;2.9217,5.6810,-0.0522;2.2601,6.6129,-0.7643;2.5796,8.0199,-0.8193;1.4280,8.8222,-0.1970;0.2162,8.5515,-0.8583;-0.1003,7.1780,-0.7877;1.0011,6.3152,-1.4134;2.4381,4.4303,-0.1070;-0.6314,3.8177,0.7302;-1.2738,4.8200,1.4331;-0.8029,5.1790,2.6808;0.2597,4.4929,3.2598;0.7752,4.9780,4.5548;-0.0727,5.1493,5.6441;0.4103,5.6635,6.8340;1.7426,6.0240,6.9462;2.5924,5.8645,5.8640;2.1136,5.3431,4.6766;1.6644,1.4894,3.0576;1.7444,2.6582,4.3837;2.8613,2.7746,3.0256;0.7515,2.1112,-0.5614;0.8768,1.0614,0.8648;3.9611,-1.2746,2.5301;5.2198,-0.6861,1.4369;4.8788,-2.4194,1.5405;1.8090,-2.1952,1.5944;2.6911,-3.3325,0.5664;1.5334,-2.2018,-0.1489;4.8442,-0.7231,-1.0568;3.3138,-1.3210,-1.7128;4.4821,-2.4541,-1.0178;4.5211,6.9327,0.7928;2.6814,8.3088,-1.8729;3.5104,8.2398,-0.3037;1.6028,9.8943,-0.3015;1.3418,8.5663,0.8710;-1.0403,7.0549,-1.3268;-0.2357,6.8783,0.2620;1.0893,6.5486,-2.4806;0.7867,5.2573,-1.2753;-0.9614,3.5664,-0.2676;-2.1199,5.3326,0.9998;-1.2510,6.0036,3.2167;-1.1117,4.8647,5.5567;-0.2558,5.7864,7.6757;2.1174,6.4304,7.8740;3.6314,6.1485,5.9436;2.7745,5.2301,3.8293;</g>
	</geometry>
	<conformers/>
	<properties/>
</molecule>
