<?xml version="1.0" ?>
<!--MOLLI PACKAGE EXPERIMENTAL XML FORMAT-->
<molecule name="el3332">
	<atoms>
		<a id="1" s="C" t="C.3" l="C"/>
		<a id="2" s="C" t="C.3" l="C"/>
		<a id="3" s="C" t="C.3" l="C"/>
		<a id="4" s="C" t="C.ar" l="C"/>
		<a id="5" s="C" t="C.ar" l="C"/>
		<a id="6" s="F" t="F" l="F"/>
		<a id="7" s="C" t="C.ar" l="C"/>
		<a id="8" s="C" t="C.ar" l="C"/>
		<a id="9" s="N" t="N.ar" l="N"/>
		<a id="10" s="C" t="C.ar" l="C"/>
		<a id="11" s="Cl" t="Cl" l="CL"/>
		<a id="12" s="N" t="N.ar" l="N"/>
		<a id="13" s="C" t="C.ar" l="C"/>
		<a id="14" s="N" t="N.ar" l="N"/>
		<a id="15" s="C" t="C.ar" l="C"/>
		<a id="16" s="C" t="C.ar" l="C"/>
		<a id="17" s="C" t="C.ar" l="C"/>
		<a id="18" s="C" t="C.ar" l="C"/>
		<a id="19" s="C" t="C.ar" l="C"/>
		<a id="20" s="N" t="N.2" l="N"/>
		<a id="21" s="S" t="S.3" l="S"/>
		<a id="22" s="C" t="C.3" l="C"/>
		<a id="23" s="C" t="C.3" l="C"/>
		<a id="24" s="O" t="O.2" l="O"/>
		<a id="25" s="N" t="N.ar" l="N"/>
		<a id="26" s="H" t="H" l="H"/>
		<a id="27" s="H" t="H" l="H"/>
		<a id="28" s="H" t="H" l="H"/>
		<a id="29" s="H" t="H" l="H"/>
		<a id="30" s="H" t="H" l="H"/>
		<a id="31" s="H" t="H" l="H"/>
		<a id="32" s="H" t="H" l="H"/>
		<a id="33" s="H" t="H" l="H"/>
		<a id="34" s="H" t="H" l="H"/>
		<a id="35" s="H" t="H" l="H"/>
		<a id="36" s="H" t="H" l="H"/>
		<a id="37" s="H" t="H" l="H"/>
		<a id="38" s="H" t="H" l="H"/>
		<a id="39" s="H" t="H" l="H"/>
		<a id="40" s="H" t="H" l="H"/>
		<a id="41" s="H" t="H" l="H"/>
		<a id="42" s="H" t="H" l="H"/>
	</atoms>
	<bonds>
		<b id="1" c="1 2" t="1"/>
		<b id="2" c="2 3" t="1"/>
		<b id="3" c="3 4" t="1"/>
		<b id="4" c="4 5" t="ar"/>
		<b id="5" c="5 6" t="1"/>
		<b id="6" c="5 7" t="ar"/>
		<b id="7" c="7 8" t="ar"/>
		<b id="8" c="8 9" t="ar"/>
		<b id="9" c="9 10" t="ar"/>
		<b id="10" c="10 11" t="1"/>
		<b id="11" c="10 12" t="ar"/>
		<b id="12" c="12 13" t="ar"/>
		<b id="13" c="7 13" t="ar"/>
		<b id="14" c="13 14" t="ar"/>
		<b id="15" c="4 14" t="ar"/>
		<b id="16" c="14 15" t="1"/>
		<b id="17" c="15 16" t="ar"/>
		<b id="18" c="16 17" t="ar"/>
		<b id="19" c="17 18" t="ar"/>
		<b id="20" c="18 19" t="ar"/>
		<b id="21" c="19 20" t="1"/>
		<b id="22" c="20 21" t="2"/>
		<b id="23" c="21 22" t="1"/>
		<b id="24" c="21 23" t="1"/>
		<b id="25" c="21 24" t="2"/>
		<b id="26" c="19 25" t="ar"/>
		<b id="27" c="15 25" t="ar"/>
		<b id="28" c="1 26" t="1"/>
		<b id="29" c="1 27" t="1"/>
		<b id="30" c="1 28" t="1"/>
		<b id="31" c="2 29" t="1"/>
		<b id="32" c="2 30" t="1"/>
		<b id="33" c="3 31" t="1"/>
		<b id="34" c="3 32" t="1"/>
		<b id="35" c="8 33" t="1"/>
		<b id="36" c="16 34" t="1"/>
		<b id="37" c="17 35" t="1"/>
		<b id="38" c="18 36" t="1"/>
		<b id="39" c="22 37" t="1"/>
		<b id="40" c="22 38" t="1"/>
		<b id="41" c="22 39" t="1"/>
		<b id="42" c="23 40" t="1"/>
		<b id="43" c="23 41" t="1"/>
		<b id="44" c="23 42" t="1"/>
	</bonds>
	<geometry>
		<g u="A" t="cart/3d">#42,3:2.8089,0.8060,1.6252;2.3517,0.4006,0.2293;2.9734,1.2809,-0.8655;4.4605,1.2372,-0.8171;5.2588,0.1290,-0.8793;4.8296,-1.1357,-1.0319;6.6136,0.5227,-0.7750;7.8781,-0.0540,-0.7490;8.9536,0.6999,-0.6234;8.7837,2.0092,-0.5213;10.2065,2.9342,-0.3621;7.6570,2.6902,-0.5344;6.5684,1.9442,-0.6634;5.2718,2.3599,-0.6931;4.8836,3.7185,-0.6646;5.7117,4.6649,-1.2497;5.3126,5.9952,-1.1936;4.1323,6.3249,-0.5719;3.3590,5.2945,-0.0104;2.1954,5.6358,0.5939;1.3481,4.7185,1.5090;0.1971,3.6467,0.5828;0.2129,5.9213,2.2416;1.9609,3.9468,2.5559;3.7307,4.0141,-0.0749;2.2919,0.2124,2.3757;2.6133,1.8573,1.8192;3.8771,0.6364,1.7383;1.2633,0.4732,0.1580;2.6208,-0.6413,0.0473;2.6665,2.3180,-0.7371;2.6361,0.9232,-1.8439;8.0428,-1.1196,-0.8278;6.6346,4.3774,-1.7196;5.9317,6.7607,-1.6372;3.7822,7.3401,-0.4937;-0.3084,4.2556,-0.1551;-0.4977,3.2139,1.2912;0.7745,2.8663,0.1048;-0.2410,6.4861,1.4382;0.7974,6.5782,2.8746;-0.5285,5.3952,2.8309;</g>
	</geometry>
	<conformers/>
	<properties/>
</molecule>
