<?xml version="1.0" ?>
<!--MOLLI PACKAGE EXPERIMENTAL XML FORMAT-->
<molecule name="el3333">
	<atoms>
		<a id="1" s="C" t="C.3" l="C"/>
		<a id="2" s="C" t="C.ar" l="C"/>
		<a id="3" s="C" t="C.ar" l="C"/>
		<a id="4" s="C" t="C.ar" l="C"/>
		<a id="5" s="C" t="C.ar" l="C"/>
		<a id="6" s="N" t="N.ar" l="N"/>
		<a id="7" s="C" t="C.ar" l="C"/>
		<a id="8" s="Cl" t="Cl" l="CL"/>
		<a id="9" s="N" t="N.ar" l="N"/>
		<a id="10" s="C" t="C.ar" l="C"/>
		<a id="11" s="N" t="N.ar" l="N"/>
		<a id="12" s="C" t="C.ar" l="C"/>
		<a id="13" s="C" t="C.ar" l="C"/>
		<a id="14" s="C" t="C.ar" l="C"/>
		<a id="15" s="C" t="C.ar" l="C"/>
		<a id="16" s="C" t="C.ar" l="C"/>
		<a id="17" s="N" t="N.2" l="N"/>
		<a id="18" s="S" t="S.3" l="S"/>
		<a id="19" s="C" t="C.3" l="C"/>
		<a id="20" s="C" t="C.3" l="C"/>
		<a id="21" s="O" t="O.2" l="O"/>
		<a id="22" s="N" t="N.ar" l="N"/>
		<a id="23" s="H" t="H" l="H"/>
		<a id="24" s="H" t="H" l="H"/>
		<a id="25" s="H" t="H" l="H"/>
		<a id="26" s="H" t="H" l="H"/>
		<a id="27" s="H" t="H" l="H"/>
		<a id="28" s="H" t="H" l="H"/>
		<a id="29" s="H" t="H" l="H"/>
		<a id="30" s="H" t="H" l="H"/>
		<a id="31" s="H" t="H" l="H"/>
		<a id="32" s="H" t="H" l="H"/>
		<a id="33" s="H" t="H" l="H"/>
		<a id="34" s="H" t="H" l="H"/>
		<a id="35" s="H" t="H" l="H"/>
		<a id="36" s="H" t="H" l="H"/>
	</atoms>
	<bonds>
		<b id="1" c="1 2" t="1"/>
		<b id="2" c="2 3" t="ar"/>
		<b id="3" c="3 4" t="ar"/>
		<b id="4" c="4 5" t="ar"/>
		<b id="5" c="5 6" t="ar"/>
		<b id="6" c="6 7" t="ar"/>
		<b id="7" c="7 8" t="1"/>
		<b id="8" c="7 9" t="ar"/>
		<b id="9" c="9 10" t="ar"/>
		<b id="10" c="4 10" t="ar"/>
		<b id="11" c="10 11" t="ar"/>
		<b id="12" c="2 11" t="ar"/>
		<b id="13" c="11 12" t="1"/>
		<b id="14" c="12 13" t="ar"/>
		<b id="15" c="13 14" t="ar"/>
		<b id="16" c="14 15" t="ar"/>
		<b id="17" c="15 16" t="ar"/>
		<b id="18" c="16 17" t="1"/>
		<b id="19" c="17 18" t="2"/>
		<b id="20" c="18 19" t="1"/>
		<b id="21" c="18 20" t="1"/>
		<b id="22" c="18 21" t="2"/>
		<b id="23" c="16 22" t="ar"/>
		<b id="24" c="12 22" t="ar"/>
		<b id="25" c="1 23" t="1"/>
		<b id="26" c="1 24" t="1"/>
		<b id="27" c="1 25" t="1"/>
		<b id="28" c="3 26" t="1"/>
		<b id="29" c="5 27" t="1"/>
		<b id="30" c="13 28" t="1"/>
		<b id="31" c="14 29" t="1"/>
		<b id="32" c="15 30" t="1"/>
		<b id="33" c="19 31" t="1"/>
		<b id="34" c="19 32" t="1"/>
		<b id="35" c="19 33" t="1"/>
		<b id="36" c="20 34" t="1"/>
		<b id="37" c="20 35" t="1"/>
		<b id="38" c="20 36" t="1"/>
	</bonds>
	<geometry>
		<g u="A" t="cart/3d">#36,3:1.2474,-0.0946,-1.1791;2.5907,0.0558,-0.5720;3.3182,1.2031,-0.4642;4.5307,0.8803,0.1971;5.6883,1.5260,0.6070;6.6537,0.8600,1.2192;6.4740,-0.4329,1.4209;7.7474,-1.2495,2.2135;5.4368,-1.1769,1.0944;4.4644,-0.5152,0.4814;3.2804,-1.0034,0.0114;2.8925,-2.3545,0.0392;3.4575,-3.2324,0.9557;3.0652,-4.5637,0.8944;2.1569,-4.9714,-0.0565;1.6350,-4.0052,-0.9294;0.7429,-4.3921,-1.8791;0.1896,-3.4468,-2.9732;-1.3202,-2.5886,-2.4061;-0.4865,-4.6298,-4.1641;1.0177,-2.4969,-3.6695;1.9840,-2.7225,-0.8547;0.8607,0.8874,-1.4412;0.5712,-0.5761,-0.4740;1.3061,-0.7174,-2.0704;3.0276,2.1724,-0.8168;5.8641,2.5819,0.4530;4.1844,-2.8933,1.6709;3.4818,-5.2762,1.5911;1.8390,-5.9957,-0.1526;-1.9926,-3.3307,-1.9970;-1.7566,-2.0732,-3.2518;-1.0288,-1.8775,-1.6443;-1.1170,-5.3243,-3.6252;0.3493,-5.1551,-4.6110;-1.0392,-4.0905,-4.9237;</g>
	</geometry>
	<conformers/>
	<properties/>
</molecule>
