<?xml version="1.0" ?>
<!--MOLLI PACKAGE EXPERIMENTAL XML FORMAT-->
<molecule name="el3336">
	<atoms>
		<a id="1" s="C" t="C.3" l="C"/>
		<a id="2" s="C" t="C.3" l="C"/>
		<a id="3" s="N" t="N.ar" l="N"/>
		<a id="4" s="C" t="C.ar" l="C"/>
		<a id="5" s="C" t="C.ar" l="C"/>
		<a id="6" s="C" t="C.ar" l="C"/>
		<a id="7" s="N" t="N.ar" l="N"/>
		<a id="8" s="C" t="C.ar" l="C"/>
		<a id="9" s="Cl" t="Cl" l="CL"/>
		<a id="10" s="N" t="N.ar" l="N"/>
		<a id="11" s="C" t="C.ar" l="C"/>
		<a id="12" s="C" t="C.ar" l="C"/>
		<a id="13" s="F" t="F" l="F"/>
		<a id="14" s="C" t="C.ar" l="C"/>
		<a id="15" s="C" t="C.ar" l="C"/>
		<a id="16" s="C" t="C.ar" l="C"/>
		<a id="17" s="C" t="C.ar" l="C"/>
		<a id="18" s="N" t="N.ar" l="N"/>
		<a id="19" s="C" t="C.ar" l="C"/>
		<a id="20" s="H" t="H" l="H"/>
		<a id="21" s="H" t="H" l="H"/>
		<a id="22" s="H" t="H" l="H"/>
		<a id="23" s="H" t="H" l="H"/>
		<a id="24" s="H" t="H" l="H"/>
		<a id="25" s="H" t="H" l="H"/>
		<a id="26" s="H" t="H" l="H"/>
		<a id="27" s="H" t="H" l="H"/>
		<a id="28" s="H" t="H" l="H"/>
		<a id="29" s="H" t="H" l="H"/>
	</atoms>
	<bonds>
		<b id="1" c="1 2" t="1"/>
		<b id="2" c="2 3" t="1"/>
		<b id="3" c="3 4" t="ar"/>
		<b id="4" c="4 5" t="ar"/>
		<b id="5" c="5 6" t="1"/>
		<b id="6" c="6 7" t="ar"/>
		<b id="7" c="7 8" t="ar"/>
		<b id="8" c="8 9" t="1"/>
		<b id="9" c="8 10" t="ar"/>
		<b id="10" c="10 11" t="ar"/>
		<b id="11" c="11 12" t="ar"/>
		<b id="12" c="6 12" t="ar"/>
		<b id="13" c="12 13" t="1"/>
		<b id="14" c="5 14" t="ar"/>
		<b id="15" c="14 15" t="ar"/>
		<b id="16" c="15 16" t="ar"/>
		<b id="17" c="16 17" t="ar"/>
		<b id="18" c="17 18" t="ar"/>
		<b id="19" c="18 19" t="ar"/>
		<b id="20" c="14 19" t="ar"/>
		<b id="21" c="3 19" t="ar"/>
		<b id="22" c="1 20" t="1"/>
		<b id="23" c="1 21" t="1"/>
		<b id="24" c="1 22" t="1"/>
		<b id="25" c="2 23" t="1"/>
		<b id="26" c="2 24" t="1"/>
		<b id="27" c="4 25" t="1"/>
		<b id="28" c="11 26" t="1"/>
		<b id="29" c="15 27" t="1"/>
		<b id="30" c="16 28" t="1"/>
		<b id="31" c="17 29" t="1"/>
	</bonds>
	<geometry>
		<g u="A" t="cart/3d">#29,3:0.8950,0.4724,-0.1775;2.3051,-0.0812,0.0102;2.7400,-0.8117,-1.1529;3.1822,-0.2826,-2.3144;3.4645,-1.2800,-3.2317;3.9590,-1.1411,-4.5697;4.1866,-2.2620,-5.2647;4.6392,-2.1565,-6.4917;4.9120,-3.6213,-7.3182;4.9065,-1.0506,-7.1596;4.6923,0.0831,-6.5036;4.2215,0.0882,-5.2078;4.0190,1.2651,-4.5806;3.1634,-2.5196,-2.5719;3.2160,-3.8714,-2.8953;2.8174,-4.7631,-1.9162;2.3892,-4.2985,-0.6709;2.3278,-3.0227,-0.3338;2.7087,-2.1746,-1.2766;0.5864,1.0073,0.7161;0.1960,-0.3406,-0.3570;0.8604,1.1557,-1.0230;2.3240,-0.7819,0.8475;3.0090,0.7340,0.2010;3.2821,0.7806,-2.4207;4.9053,1.0002,-7.0344;3.5549,-4.1943,-3.8663;2.8351,-5.8251,-2.1049;2.0783,-4.9915,0.0988;</g>
	</geometry>
	<conformers/>
	<properties/>
</molecule>
