<?xml version="1.0" ?>
<!--MOLLI PACKAGE EXPERIMENTAL XML FORMAT-->
<molecule name="el3338">
	<atoms>
		<a id="1" s="C" t="C.3" l="C"/>
		<a id="2" s="O" t="O.3" l="O"/>
		<a id="3" s="C" t="C.ar" l="C"/>
		<a id="4" s="C" t="C.ar" l="C"/>
		<a id="5" s="C" t="C.ar" l="C"/>
		<a id="6" s="C" t="C.ar" l="C"/>
		<a id="7" s="C" t="C.3" l="C"/>
		<a id="8" s="N" t="N.ar" l="N"/>
		<a id="9" s="C" t="C.ar" l="C"/>
		<a id="10" s="C" t="C.ar" l="C"/>
		<a id="11" s="C" t="C.ar" l="C"/>
		<a id="12" s="C" t="C.ar" l="C"/>
		<a id="13" s="C" t="C.ar" l="C"/>
		<a id="14" s="C" t="C.ar" l="C"/>
		<a id="15" s="C" t="C.ar" l="C"/>
		<a id="16" s="C" t="C.ar" l="C"/>
		<a id="17" s="C" t="C.ar" l="C"/>
		<a id="18" s="C" t="C.ar" l="C"/>
		<a id="19" s="C" t="C.ar" l="C"/>
		<a id="20" s="N" t="N.ar" l="N"/>
		<a id="21" s="C" t="C.ar" l="C"/>
		<a id="22" s="Cl" t="Cl" l="CL"/>
		<a id="23" s="C" t="C.ar" l="C"/>
		<a id="24" s="C" t="C.ar" l="C"/>
		<a id="25" s="C" t="C.ar" l="C"/>
		<a id="26" s="H" t="H" l="H"/>
		<a id="27" s="H" t="H" l="H"/>
		<a id="28" s="H" t="H" l="H"/>
		<a id="29" s="H" t="H" l="H"/>
		<a id="30" s="H" t="H" l="H"/>
		<a id="31" s="H" t="H" l="H"/>
		<a id="32" s="H" t="H" l="H"/>
		<a id="33" s="H" t="H" l="H"/>
		<a id="34" s="H" t="H" l="H"/>
		<a id="35" s="H" t="H" l="H"/>
		<a id="36" s="H" t="H" l="H"/>
		<a id="37" s="H" t="H" l="H"/>
		<a id="38" s="H" t="H" l="H"/>
		<a id="39" s="H" t="H" l="H"/>
		<a id="40" s="H" t="H" l="H"/>
		<a id="41" s="H" t="H" l="H"/>
		<a id="42" s="H" t="H" l="H"/>
	</atoms>
	<bonds>
		<b id="1" c="1 2" t="1"/>
		<b id="2" c="2 3" t="1"/>
		<b id="3" c="3 4" t="ar"/>
		<b id="4" c="4 5" t="ar"/>
		<b id="5" c="5 6" t="ar"/>
		<b id="6" c="6 7" t="1"/>
		<b id="7" c="7 8" t="1"/>
		<b id="8" c="8 9" t="ar"/>
		<b id="9" c="9 10" t="ar"/>
		<b id="10" c="10 11" t="1"/>
		<b id="11" c="11 12" t="ar"/>
		<b id="12" c="12 13" t="ar"/>
		<b id="13" c="13 14" t="ar"/>
		<b id="14" c="14 15" t="ar"/>
		<b id="15" c="15 16" t="ar"/>
		<b id="16" c="11 16" t="ar"/>
		<b id="17" c="10 17" t="ar"/>
		<b id="18" c="17 18" t="ar"/>
		<b id="19" c="18 19" t="ar"/>
		<b id="20" c="19 20" t="ar"/>
		<b id="21" c="20 21" t="ar"/>
		<b id="22" c="21 22" t="1"/>
		<b id="23" c="21 23" t="ar"/>
		<b id="24" c="17 23" t="ar"/>
		<b id="25" c="8 23" t="ar"/>
		<b id="26" c="6 24" t="ar"/>
		<b id="27" c="24 25" t="ar"/>
		<b id="28" c="3 25" t="ar"/>
		<b id="29" c="1 26" t="1"/>
		<b id="30" c="1 27" t="1"/>
		<b id="31" c="1 28" t="1"/>
		<b id="32" c="4 29" t="1"/>
		<b id="33" c="5 30" t="1"/>
		<b id="34" c="7 31" t="1"/>
		<b id="35" c="7 32" t="1"/>
		<b id="36" c="9 33" t="1"/>
		<b id="37" c="12 34" t="1"/>
		<b id="38" c="13 35" t="1"/>
		<b id="39" c="14 36" t="1"/>
		<b id="40" c="15 37" t="1"/>
		<b id="41" c="16 38" t="1"/>
		<b id="42" c="18 39" t="1"/>
		<b id="43" c="19 40" t="1"/>
		<b id="44" c="24 41" t="1"/>
		<b id="45" c="25 42" t="1"/>
	</bonds>
	<geometry>
		<g u="A" t="cart/3d">#42,3:11.4381,5.7795,3.5885;10.7274,5.3772,2.4429;9.4358,4.9746,2.5871;8.7552,4.8894,3.7951;7.4362,4.4667,3.8187;6.7700,4.1342,2.6517;5.3260,3.6832,2.6611;4.6132,4.1245,3.8298;4.2388,3.3201,4.8609;3.6940,4.0459,5.8909;3.1917,3.5195,7.1543;3.4028,4.2053,8.3489;2.9251,3.6987,9.5430;2.2335,2.4993,9.5655;2.0275,1.8044,8.3851;2.5023,2.3084,7.1894;3.7322,5.4088,5.4685;3.3018,6.6194,6.0191;3.5128,7.7577,5.2775;4.0862,7.7667,4.0718;4.4695,6.6425,3.5289;5.1672,6.7787,1.9501;4.3225,5.4148,4.1718;7.4572,4.2158,1.4450;8.7710,4.6246,1.4097;12.4252,6.0728,3.2351;11.5409,4.9601,4.3074;10.9605,6.6346,4.0774;9.2342,5.1498,4.7256;6.9297,4.4076,4.7714;5.2825,2.5883,2.6409;4.8255,4.0602,1.7637;4.4034,2.2602,4.8068;3.9646,5.1274,8.3405;3.0967,4.2405,10.4619;1.8586,2.1064,10.4990;1.4906,0.8668,8.3973;2.3274,1.7715,6.2683;2.8143,6.6593,6.9795;3.2160,8.7321,5.6382;6.9517,3.9621,0.5250;9.3092,4.6938,0.4780;</g>
	</geometry>
	<conformers/>
	<properties/>
</molecule>
