<?xml version="1.0" ?>
<!--MOLLI PACKAGE EXPERIMENTAL XML FORMAT-->
<molecule name="el3339">
	<atoms>
		<a id="1" s="C" t="C.3" l="C"/>
		<a id="2" s="O" t="O.3" l="O"/>
		<a id="3" s="C" t="C.ar" l="C"/>
		<a id="4" s="C" t="C.ar" l="C"/>
		<a id="5" s="C" t="C.ar" l="C"/>
		<a id="6" s="C" t="C.ar" l="C"/>
		<a id="7" s="C" t="C.3" l="C"/>
		<a id="8" s="N" t="N.ar" l="N"/>
		<a id="9" s="C" t="C.ar" l="C"/>
		<a id="10" s="C" t="C.ar" l="C"/>
		<a id="11" s="C" t="C.ar" l="C"/>
		<a id="12" s="C" t="C.ar" l="C"/>
		<a id="13" s="C" t="C.ar" l="C"/>
		<a id="14" s="C" t="C.ar" l="C"/>
		<a id="15" s="C" t="C.ar" l="C"/>
		<a id="16" s="F" t="F" l="F"/>
		<a id="17" s="C" t="C.ar" l="C"/>
		<a id="18" s="C" t="C.ar" l="C"/>
		<a id="19" s="C" t="C.ar" l="C"/>
		<a id="20" s="C" t="C.ar" l="C"/>
		<a id="21" s="N" t="N.ar" l="N"/>
		<a id="22" s="C" t="C.ar" l="C"/>
		<a id="23" s="Cl" t="Cl" l="CL"/>
		<a id="24" s="C" t="C.ar" l="C"/>
		<a id="25" s="C" t="C.ar" l="C"/>
		<a id="26" s="C" t="C.ar" l="C"/>
		<a id="27" s="H" t="H" l="H"/>
		<a id="28" s="H" t="H" l="H"/>
		<a id="29" s="H" t="H" l="H"/>
		<a id="30" s="H" t="H" l="H"/>
		<a id="31" s="H" t="H" l="H"/>
		<a id="32" s="H" t="H" l="H"/>
		<a id="33" s="H" t="H" l="H"/>
		<a id="34" s="H" t="H" l="H"/>
		<a id="35" s="H" t="H" l="H"/>
		<a id="36" s="H" t="H" l="H"/>
		<a id="37" s="H" t="H" l="H"/>
		<a id="38" s="H" t="H" l="H"/>
		<a id="39" s="H" t="H" l="H"/>
		<a id="40" s="H" t="H" l="H"/>
		<a id="41" s="H" t="H" l="H"/>
		<a id="42" s="H" t="H" l="H"/>
	</atoms>
	<bonds>
		<b id="1" c="1 2" t="1"/>
		<b id="2" c="2 3" t="1"/>
		<b id="3" c="3 4" t="ar"/>
		<b id="4" c="4 5" t="ar"/>
		<b id="5" c="5 6" t="ar"/>
		<b id="6" c="6 7" t="1"/>
		<b id="7" c="7 8" t="1"/>
		<b id="8" c="8 9" t="ar"/>
		<b id="9" c="9 10" t="ar"/>
		<b id="10" c="10 11" t="1"/>
		<b id="11" c="11 12" t="ar"/>
		<b id="12" c="12 13" t="ar"/>
		<b id="13" c="13 14" t="ar"/>
		<b id="14" c="14 15" t="ar"/>
		<b id="15" c="15 16" t="1"/>
		<b id="16" c="15 17" t="ar"/>
		<b id="17" c="11 17" t="ar"/>
		<b id="18" c="10 18" t="ar"/>
		<b id="19" c="18 19" t="ar"/>
		<b id="20" c="19 20" t="ar"/>
		<b id="21" c="20 21" t="ar"/>
		<b id="22" c="21 22" t="ar"/>
		<b id="23" c="22 23" t="1"/>
		<b id="24" c="22 24" t="ar"/>
		<b id="25" c="18 24" t="ar"/>
		<b id="26" c="8 24" t="ar"/>
		<b id="27" c="6 25" t="ar"/>
		<b id="28" c="25 26" t="ar"/>
		<b id="29" c="3 26" t="ar"/>
		<b id="30" c="1 27" t="1"/>
		<b id="31" c="1 28" t="1"/>
		<b id="32" c="1 29" t="1"/>
		<b id="33" c="4 30" t="1"/>
		<b id="34" c="5 31" t="1"/>
		<b id="35" c="7 32" t="1"/>
		<b id="36" c="7 33" t="1"/>
		<b id="37" c="9 34" t="1"/>
		<b id="38" c="12 35" t="1"/>
		<b id="39" c="13 36" t="1"/>
		<b id="40" c="14 37" t="1"/>
		<b id="41" c="17 38" t="1"/>
		<b id="42" c="19 39" t="1"/>
		<b id="43" c="20 40" t="1"/>
		<b id="44" c="25 41" t="1"/>
		<b id="45" c="26 42" t="1"/>
	</bonds>
	<geometry>
		<g u="A" t="cart/3d">#42,3:11.3389,-3.4193,-5.7983;10.4480,-3.6885,-4.7433;9.2248,-3.0946,-4.7550;8.7767,-2.2048,-5.7228;7.5059,-1.6608,-5.6282;6.6601,-1.9951,-4.5847;5.2694,-1.4116,-4.4660;4.7431,-0.9553,-5.7246;4.5928,0.3478,-6.0744;4.1218,0.4712,-7.3596;3.8110,1.7192,-8.0429;2.7323,1.8136,-8.9218;2.4361,3.0076,-9.5526;3.2027,4.1372,-9.3214;4.2653,4.0348,-8.4423;5.0233,5.1278,-8.2007;4.5833,2.8547,-7.8025;3.9970,-0.8612,-7.8571;3.6411,-1.4226,-9.0868;3.6776,-2.7936,-9.1862;4.0267,-3.6054,-8.1861;4.3777,-3.1004,-7.0338;4.8153,-4.2512,-5.8190;4.4002,-1.7263,-6.7995;7.1140,-2.8849,-3.6168;8.3772,-3.4251,-3.6951;12.2334,-4.0027,-5.5854;11.6029,-2.3576,-5.8416;10.9252,-3.7314,-6.7627;9.4010,-1.9256,-6.5568;7.1816,-0.9693,-6.3931;5.2900,-0.5524,-3.7861;4.5982,-2.1646,-4.0422;4.8016,1.1256,-5.3642;2.1082,0.9497,-9.0890;1.5958,3.0641,-10.2281;2.9887,5.0780,-9.8023;5.4307,2.8202,-7.1363;3.3655,-0.8096,-9.9291;3.4177,-3.3014,-10.1037;6.4654,-3.1593,-2.7981;8.7345,-4.1187,-2.9506;</g>
	</geometry>
	<conformers/>
	<properties/>
</molecule>
