<?xml version="1.0" ?>
<!--MOLLI PACKAGE EXPERIMENTAL XML FORMAT-->
<molecule name="el3034">
	<atoms>
		<a id="1" s="Cl" t="Cl" l="CL"/>
		<a id="2" s="C" t="C.ar" l="C"/>
		<a id="3" s="N" t="N.ar" l="N"/>
		<a id="4" s="C" t="C.ar" l="C"/>
		<a id="5" s="N" t="N.pl3" l="N"/>
		<a id="6" s="C" t="C.3" l="C"/>
		<a id="7" s="C" t="C.3" l="C"/>
		<a id="8" s="C" t="C.3" l="C"/>
		<a id="9" s="C" t="C.3" l="C"/>
		<a id="10" s="C" t="C.3" l="C"/>
		<a id="11" s="C" t="C.3" l="C"/>
		<a id="12" s="C" t="C.ar" l="C"/>
		<a id="13" s="N" t="N.ar" l="N"/>
		<a id="14" s="C" t="C.ar" l="C"/>
		<a id="15" s="N" t="N.ar" l="N"/>
		<a id="16" s="C" t="C.3" l="C"/>
		<a id="17" s="C" t="C.3" l="C"/>
		<a id="18" s="C" t="C.3" l="C"/>
		<a id="19" s="C" t="C.3" l="C"/>
		<a id="20" s="C" t="C.ar" l="C"/>
		<a id="21" s="N" t="N.ar" l="N"/>
		<a id="22" s="H" t="H" l="H"/>
		<a id="23" s="H" t="H" l="H"/>
		<a id="24" s="H" t="H" l="H"/>
		<a id="25" s="H" t="H" l="H"/>
		<a id="26" s="H" t="H" l="H"/>
		<a id="27" s="H" t="H" l="H"/>
		<a id="28" s="H" t="H" l="H"/>
		<a id="29" s="H" t="H" l="H"/>
		<a id="30" s="H" t="H" l="H"/>
		<a id="31" s="H" t="H" l="H"/>
		<a id="32" s="H" t="H" l="H"/>
		<a id="33" s="H" t="H" l="H"/>
		<a id="34" s="H" t="H" l="H"/>
		<a id="35" s="H" t="H" l="H"/>
		<a id="36" s="H" t="H" l="H"/>
		<a id="37" s="H" t="H" l="H"/>
		<a id="38" s="H" t="H" l="H"/>
		<a id="39" s="H" t="H" l="H"/>
		<a id="40" s="H" t="H" l="H"/>
		<a id="41" s="H" t="H" l="H"/>
	</atoms>
	<bonds>
		<b id="1" c="1 2" t="1"/>
		<b id="2" c="2 3" t="ar"/>
		<b id="3" c="3 4" t="ar"/>
		<b id="4" c="4 5" t="1"/>
		<b id="5" c="5 6" t="1"/>
		<b id="6" c="6 7" t="1"/>
		<b id="7" c="7 8" t="1"/>
		<b id="8" c="8 9" t="1"/>
		<b id="9" c="9 10" t="1"/>
		<b id="10" c="10 11" t="1"/>
		<b id="11" c="6 11" t="1"/>
		<b id="12" c="4 12" t="ar"/>
		<b id="13" c="12 13" t="ar"/>
		<b id="14" c="13 14" t="ar"/>
		<b id="15" c="14 15" t="ar"/>
		<b id="16" c="15 16" t="1"/>
		<b id="17" c="16 17" t="1"/>
		<b id="18" c="17 18" t="1"/>
		<b id="19" c="18 19" t="1"/>
		<b id="20" c="17 19" t="1"/>
		<b id="21" c="15 20" t="ar"/>
		<b id="22" c="12 20" t="ar"/>
		<b id="23" c="20 21" t="ar"/>
		<b id="24" c="2 21" t="ar"/>
		<b id="25" c="5 22" t="1"/>
		<b id="26" c="6 23" t="1"/>
		<b id="27" c="7 24" t="1"/>
		<b id="28" c="7 25" t="1"/>
		<b id="29" c="8 26" t="1"/>
		<b id="30" c="8 27" t="1"/>
		<b id="31" c="9 28" t="1"/>
		<b id="32" c="9 29" t="1"/>
		<b id="33" c="10 30" t="1"/>
		<b id="34" c="10 31" t="1"/>
		<b id="35" c="11 32" t="1"/>
		<b id="36" c="11 33" t="1"/>
		<b id="37" c="14 34" t="1"/>
		<b id="38" c="16 35" t="1"/>
		<b id="39" c="16 36" t="1"/>
		<b id="40" c="17 37" t="1"/>
		<b id="41" c="18 38" t="1"/>
		<b id="42" c="18 39" t="1"/>
		<b id="43" c="19 40" t="1"/>
		<b id="44" c="19 41" t="1"/>
	</bonds>
	<geometry>
		<g u="A" t="cart/3d">#41,3:1.1507,0.0021,0.2104;2.8477,0.0237,0.0128;3.3972,-1.1583,-0.1811;4.7235,-1.2401,-0.3484;5.2966,-2.4325,-0.5307;4.5714,-3.6782,-0.6288;5.2266,-4.7437,0.2495;4.4452,-6.0517,0.1626;4.3654,-6.5332,-1.2828;3.7222,-5.4674,-2.1645;4.5043,-4.1602,-2.0809;5.4636,-0.0411,-0.3082;6.7939,0.2633,-0.4395;6.8538,1.5549,-0.3087;5.6422,2.1511,-0.1007;5.3531,3.5462,0.1230;5.9761,4.0383,1.4101;6.1813,5.5087,1.6132;7.3619,4.6120,1.3996;4.7351,1.1386,-0.0923;3.4102,1.2099,0.0735;6.2918,-2.4342,-0.6958;3.5597,-3.4665,-0.2712;5.2633,-4.3947,1.2831;6.2530,-4.9079,-0.0894;3.4360,-5.8938,0.5479;4.9265,-6.8102,0.7828;3.7856,-7.4565,-1.3340;5.3715,-6.7495,-1.6497;2.6964,-5.2933,-1.8336;3.6872,-5.8107,-3.2001;4.0257,-3.3943,-2.6934;5.5189,-4.3130,-2.4580;7.7642,2.1182,-0.3584;4.2628,3.6281,0.1669;5.7238,4.1342,-0.7237;5.6872,3.4526,2.2744;6.0137,5.9183,2.5969;5.8962,6.1741,0.8126;8.0125,4.4045,2.2352;7.8800,4.6785,0.4543;</g>
	</geometry>
	<conformers/>
	<properties/>
</molecule>
