<?xml version="1.0" ?>
<!--MOLLI PACKAGE EXPERIMENTAL XML FORMAT-->
<molecule name="el3344">
	<atoms>
		<a id="1" s="C" t="C.3" l="C"/>
		<a id="2" s="C" t="C.3" l="C"/>
		<a id="3" s="C" t="C.3" l="C"/>
		<a id="4" s="N" t="N.ar" l="N"/>
		<a id="5" s="N" t="N.ar" l="N"/>
		<a id="6" s="C" t="C.ar" l="C"/>
		<a id="7" s="C" t="C.ar" l="C"/>
		<a id="8" s="N" t="N.ar" l="N"/>
		<a id="9" s="C" t="C.ar" l="C"/>
		<a id="10" s="C" t="C.ar" l="C"/>
		<a id="11" s="C" t="C.ar" l="C"/>
		<a id="12" s="N" t="N.ar" l="N"/>
		<a id="13" s="C" t="C.ar" l="C"/>
		<a id="14" s="Cl" t="Cl" l="CL"/>
		<a id="15" s="N" t="N.ar" l="N"/>
		<a id="16" s="C" t="C.ar" l="C"/>
		<a id="17" s="C" t="C.ar" l="C"/>
		<a id="18" s="F" t="F" l="F"/>
		<a id="19" s="C" t="C.ar" l="C"/>
		<a id="20" s="C" t="C.ar" l="C"/>
		<a id="21" s="H" t="H" l="H"/>
		<a id="22" s="H" t="H" l="H"/>
		<a id="23" s="H" t="H" l="H"/>
		<a id="24" s="H" t="H" l="H"/>
		<a id="25" s="H" t="H" l="H"/>
		<a id="26" s="H" t="H" l="H"/>
		<a id="27" s="H" t="H" l="H"/>
		<a id="28" s="H" t="H" l="H"/>
		<a id="29" s="H" t="H" l="H"/>
		<a id="30" s="H" t="H" l="H"/>
		<a id="31" s="H" t="H" l="H"/>
	</atoms>
	<bonds>
		<b id="1" c="1 2" t="1"/>
		<b id="2" c="2 3" t="1"/>
		<b id="3" c="2 4" t="1"/>
		<b id="4" c="4 5" t="ar"/>
		<b id="5" c="5 6" t="ar"/>
		<b id="6" c="6 7" t="ar"/>
		<b id="7" c="7 8" t="ar"/>
		<b id="8" c="8 9" t="ar"/>
		<b id="9" c="9 10" t="ar"/>
		<b id="10" c="10 11" t="1"/>
		<b id="11" c="11 12" t="ar"/>
		<b id="12" c="12 13" t="ar"/>
		<b id="13" c="13 14" t="1"/>
		<b id="14" c="13 15" t="ar"/>
		<b id="15" c="15 16" t="ar"/>
		<b id="16" c="16 17" t="ar"/>
		<b id="17" c="11 17" t="ar"/>
		<b id="18" c="17 18" t="1"/>
		<b id="19" c="10 19" t="ar"/>
		<b id="20" c="19 20" t="ar"/>
		<b id="21" c="7 20" t="ar"/>
		<b id="22" c="4 20" t="ar"/>
		<b id="23" c="1 21" t="1"/>
		<b id="24" c="1 22" t="1"/>
		<b id="25" c="1 23" t="1"/>
		<b id="26" c="2 24" t="1"/>
		<b id="27" c="3 25" t="1"/>
		<b id="28" c="3 26" t="1"/>
		<b id="29" c="3 27" t="1"/>
		<b id="30" c="6 28" t="1"/>
		<b id="31" c="9 29" t="1"/>
		<b id="32" c="16 30" t="1"/>
		<b id="33" c="19 31" t="1"/>
	</bonds>
	<geometry>
		<g u="A" t="cart/3d">#31,3:0.9454,0.5145,0.3241;2.3886,0.0494,0.1273;3.3493,1.2279,0.0232;2.7803,-0.7948,1.2361;3.2261,-0.2731,2.3804;3.4377,-1.2468,3.2322;3.1062,-2.4892,2.6440;3.1333,-3.7426,3.0992;2.7517,-4.6751,2.2689;2.3170,-4.4404,0.9394;1.8788,-5.5215,0.0634;1.0253,-5.1874,-0.9080;0.5881,-6.1283,-1.7136;-0.4990,-5.6389,-2.9277;0.8978,-7.4119,-1.6820;1.7589,-7.7760,-0.7468;2.2836,-6.8625,0.1522;3.1804,-7.2830,1.0584;2.2628,-3.1383,0.4553;2.6702,-2.1420,1.3285;0.6327,1.1289,-0.5154;0.8688,1.0997,1.2371;0.2761,-0.3401,0.3986;2.4540,-0.5666,-0.7773;3.3193,1.8056,0.9422;3.0681,1.8642,-0.8106;4.3666,0.8763,-0.1303;3.8092,-1.0466,4.2159;2.7627,-5.6768,2.6723;2.0380,-8.8198,-0.7168;1.9227,-2.9492,-0.5510;</g>
	</geometry>
	<conformers/>
	<properties/>
</molecule>
