<?xml version="1.0" ?>
<!--MOLLI PACKAGE EXPERIMENTAL XML FORMAT-->
<molecule name="el3345">
	<atoms>
		<a id="1" s="C" t="C.3" l="C"/>
		<a id="2" s="C" t="C.3" l="C"/>
		<a id="3" s="N" t="N.ar" l="N"/>
		<a id="4" s="C" t="C.ar" l="C"/>
		<a id="5" s="C" t="C.ar" l="C"/>
		<a id="6" s="C" t="C.ar" l="C"/>
		<a id="7" s="C" t="C.ar" l="C"/>
		<a id="8" s="C" t="C.ar" l="C"/>
		<a id="9" s="C" t="C.ar" l="C"/>
		<a id="10" s="C" t="C.ar" l="C"/>
		<a id="11" s="C" t="C.ar" l="C"/>
		<a id="12" s="C" t="C.ar" l="C"/>
		<a id="13" s="C" t="C.ar" l="C"/>
		<a id="14" s="C" t="C.ar" l="C"/>
		<a id="15" s="C" t="C.ar" l="C"/>
		<a id="16" s="N" t="N.ar" l="N"/>
		<a id="17" s="C" t="C.ar" l="C"/>
		<a id="18" s="Cl" t="Cl" l="CL"/>
		<a id="19" s="C" t="C.ar" l="C"/>
		<a id="20" s="C" t="C.ar" l="C"/>
		<a id="21" s="C" t="C.ar" l="C"/>
		<a id="22" s="C" t="C.ar" l="C"/>
		<a id="23" s="C" t="C.ar" l="C"/>
		<a id="24" s="C" t="C.ar" l="C"/>
		<a id="25" s="H" t="H" l="H"/>
		<a id="26" s="H" t="H" l="H"/>
		<a id="27" s="H" t="H" l="H"/>
		<a id="28" s="H" t="H" l="H"/>
		<a id="29" s="H" t="H" l="H"/>
		<a id="30" s="H" t="H" l="H"/>
		<a id="31" s="H" t="H" l="H"/>
		<a id="32" s="H" t="H" l="H"/>
		<a id="33" s="H" t="H" l="H"/>
		<a id="34" s="H" t="H" l="H"/>
		<a id="35" s="H" t="H" l="H"/>
		<a id="36" s="H" t="H" l="H"/>
		<a id="37" s="H" t="H" l="H"/>
		<a id="38" s="H" t="H" l="H"/>
		<a id="39" s="H" t="H" l="H"/>
	</atoms>
	<bonds>
		<b id="1" c="1 2" t="1"/>
		<b id="2" c="2 3" t="1"/>
		<b id="3" c="3 4" t="ar"/>
		<b id="4" c="4 5" t="ar"/>
		<b id="5" c="5 6" t="ar"/>
		<b id="6" c="6 7" t="ar"/>
		<b id="7" c="7 8" t="ar"/>
		<b id="8" c="8 9" t="ar"/>
		<b id="9" c="4 9" t="ar"/>
		<b id="10" c="9 10" t="ar"/>
		<b id="11" c="10 11" t="ar"/>
		<b id="12" c="11 12" t="ar"/>
		<b id="13" c="12 13" t="ar"/>
		<b id="14" c="13 14" t="ar"/>
		<b id="15" c="14 15" t="ar"/>
		<b id="16" c="10 15" t="ar"/>
		<b id="17" c="3 15" t="ar"/>
		<b id="18" c="12 16" t="ar"/>
		<b id="19" c="16 17" t="ar"/>
		<b id="20" c="17 18" t="1"/>
		<b id="21" c="17 19" t="ar"/>
		<b id="22" c="19 20" t="ar"/>
		<b id="23" c="20 21" t="ar"/>
		<b id="24" c="21 22" t="ar"/>
		<b id="25" c="22 23" t="ar"/>
		<b id="26" c="23 24" t="ar"/>
		<b id="27" c="19 24" t="ar"/>
		<b id="28" c="11 24" t="ar"/>
		<b id="29" c="1 25" t="1"/>
		<b id="30" c="1 26" t="1"/>
		<b id="31" c="1 27" t="1"/>
		<b id="32" c="2 28" t="1"/>
		<b id="33" c="2 29" t="1"/>
		<b id="34" c="5 30" t="1"/>
		<b id="35" c="6 31" t="1"/>
		<b id="36" c="7 32" t="1"/>
		<b id="37" c="8 33" t="1"/>
		<b id="38" c="13 34" t="1"/>
		<b id="39" c="14 35" t="1"/>
		<b id="40" c="20 36" t="1"/>
		<b id="41" c="21 37" t="1"/>
		<b id="42" c="22 38" t="1"/>
		<b id="43" c="23 39" t="1"/>
	</bonds>
	<geometry>
		<g u="A" t="cart/3d">#39,3:4.2066,-0.2242,-0.7606;2.9211,-0.2464,0.0649;3.1602,-0.7042,1.4074;3.0625,-2.0020,1.8401;2.6865,-3.1338,1.1279;2.5532,-4.3200,1.8185;2.7562,-4.3729,3.1962;3.1525,-3.2584,3.9048;3.3642,-2.0595,3.2250;3.7210,-0.7209,3.6166;4.1377,-0.1100,4.8182;4.0781,1.3054,4.8733;3.8516,2.0737,3.7141;3.6282,1.4757,2.5047;3.5218,0.0817,2.4692;4.2235,1.9875,6.0389;4.4669,1.3440,7.1237;4.4969,2.2868,8.5684;4.7787,-0.0481,7.1890;5.2605,-0.6779,8.3454;5.6900,-1.9795,8.2960;5.7054,-2.6600,7.0763;5.2129,-2.0688,5.9392;4.6718,-0.7741,5.9756;3.9981,0.1217,-1.7695;4.6369,-1.2216,-0.8138;4.9358,0.4417,-0.3051;2.1879,-0.9102,-0.4005;2.4861,0.7557,0.1092;2.4891,-3.0912,0.0674;2.2627,-5.2153,1.2893;2.5946,-5.3045,3.7176;3.2633,-3.3147,4.9762;3.8670,3.1464,3.8179;3.4964,2.0686,1.6127;5.3077,-0.1135,9.2639;6.0546,-2.4663,9.1881;6.1195,-3.6565,7.0267;5.2846,-2.5782,4.9923;</g>
	</geometry>
	<conformers/>
	<properties/>
</molecule>
