<?xml version="1.0" ?>
<!--MOLLI PACKAGE EXPERIMENTAL XML FORMAT-->
<molecule name="el3347">
	<atoms>
		<a id="1" s="H" t="H" l="H"/>
		<a id="2" s="C" t="C.3" l="C"/>
		<a id="3" s="H" t="H" l="H"/>
		<a id="4" s="H" t="H" l="H"/>
		<a id="5" s="N" t="N.am" l="N"/>
		<a id="6" s="C" t="C.2" l="C"/>
		<a id="7" s="O" t="O.2" l="O"/>
		<a id="8" s="C" t="C.ar" l="C"/>
		<a id="9" s="N" t="N.ar" l="N"/>
		<a id="10" s="N" t="N.ar" l="N"/>
		<a id="11" s="C" t="C.ar" l="C"/>
		<a id="12" s="Cl" t="Cl" l="CL"/>
		<a id="13" s="C" t="C.ar" l="C"/>
		<a id="14" s="C" t="C.ar" l="C"/>
		<a id="15" s="N" t="N.pl3" l="N"/>
		<a id="16" s="C" t="C.ar" l="C"/>
		<a id="17" s="C" t="C.ar" l="C"/>
		<a id="18" s="C" t="C.ar" l="C"/>
		<a id="19" s="C" t="C.ar" l="C"/>
		<a id="20" s="C" t="C.ar" l="C"/>
		<a id="21" s="C" t="C.2" l="C"/>
		<a id="22" s="O" t="O.2" l="O"/>
		<a id="23" s="O" t="O.3" l="O"/>
		<a id="24" s="C" t="C.ar" l="C"/>
		<a id="25" s="O" t="O.3" l="O"/>
		<a id="26" s="C" t="C.3" l="C"/>
		<a id="27" s="H" t="H" l="H"/>
		<a id="28" s="H" t="H" l="H"/>
		<a id="29" s="H" t="H" l="H"/>
		<a id="30" s="H" t="H" l="H"/>
		<a id="31" s="H" t="H" l="H"/>
		<a id="32" s="H" t="H" l="H"/>
		<a id="33" s="H" t="H" l="H"/>
		<a id="34" s="H" t="H" l="H"/>
		<a id="35" s="H" t="H" l="H"/>
		<a id="36" s="H" t="H" l="H"/>
	</atoms>
	<bonds>
		<b id="1" c="1 2" t="1"/>
		<b id="2" c="2 3" t="1"/>
		<b id="3" c="2 4" t="1"/>
		<b id="4" c="2 5" t="1"/>
		<b id="5" c="5 6" t="am"/>
		<b id="6" c="6 7" t="2"/>
		<b id="7" c="6 8" t="1"/>
		<b id="8" c="8 9" t="ar"/>
		<b id="9" c="9 10" t="ar"/>
		<b id="10" c="10 11" t="ar"/>
		<b id="11" c="11 12" t="1"/>
		<b id="12" c="11 13" t="ar"/>
		<b id="13" c="13 14" t="ar"/>
		<b id="14" c="8 14" t="ar"/>
		<b id="15" c="14 15" t="1"/>
		<b id="16" c="15 16" t="1"/>
		<b id="17" c="16 17" t="ar"/>
		<b id="18" c="17 18" t="ar"/>
		<b id="19" c="18 19" t="ar"/>
		<b id="20" c="19 20" t="ar"/>
		<b id="21" c="20 21" t="1"/>
		<b id="22" c="21 22" t="2"/>
		<b id="23" c="21 23" t="1"/>
		<b id="24" c="20 24" t="ar"/>
		<b id="25" c="16 24" t="ar"/>
		<b id="26" c="24 25" t="1"/>
		<b id="27" c="25 26" t="1"/>
		<b id="28" c="5 27" t="1"/>
		<b id="29" c="13 28" t="1"/>
		<b id="30" c="15 29" t="1"/>
		<b id="31" c="17 30" t="1"/>
		<b id="32" c="18 31" t="1"/>
		<b id="33" c="19 32" t="1"/>
		<b id="34" c="23 33" t="1"/>
		<b id="35" c="26 34" t="1"/>
		<b id="36" c="26 35" t="1"/>
		<b id="37" c="26 36" t="1"/>
	</bonds>
	<geometry>
		<g u="A" t="cart/3d">#36,3:5.6670,-0.8682,-0.7128;5.9474,-1.0581,0.3249;5.3532,-1.8844,0.7136;7.0058,-1.3205,0.3655;5.6847,0.0977,1.1407;4.8068,0.1092,2.1474;4.1424,-0.8691,2.4890;4.6919,1.4319,2.8238;5.3858,2.4191,2.2922;5.3453,3.6259,2.7555;4.5394,3.8895,3.7762;4.4912,5.5249,4.2877;3.7614,2.9431,4.4198;3.8509,1.6201,3.9626;3.1827,0.5773,4.4841;2.4138,0.5557,5.6536;2.8958,1.1484,6.8177;2.1931,1.0801,8.0051;0.9897,0.4014,8.0473;0.4832,-0.1913,6.8969;-0.8728,-0.8292,6.9282;-1.7454,-0.5872,6.1479;-1.0726,-1.6786,7.9550;1.1832,-0.1282,5.6824;0.6373,-0.8181,4.6563;0.7420,-0.3552,3.3200;6.1493,0.9745,0.9427;3.1036,3.2217,5.2262;3.2901,-0.2879,3.9453;3.8583,1.6362,6.7898;2.5896,1.5440,8.8942;0.4222,0.3616,8.9661;-0.2772,-1.8018,8.4903;-0.1887,-0.6571,2.8386;1.5805,-0.8237,2.7977;0.8290,0.7317,3.2732;</g>
	</geometry>
	<conformers/>
	<properties/>
</molecule>
