<?xml version="1.0" ?>
<!--MOLLI PACKAGE EXPERIMENTAL XML FORMAT-->
<molecule name="el3349">
	<atoms>
		<a id="1" s="C" t="C.3" l="C"/>
		<a id="2" s="C" t="C.ar" l="C"/>
		<a id="3" s="C" t="C.ar" l="C"/>
		<a id="4" s="C" t="C.ar" l="C"/>
		<a id="5" s="C" t="C.ar" l="C"/>
		<a id="6" s="S" t="S.O2" l="S"/>
		<a id="7" s="O" t="O.2" l="O"/>
		<a id="8" s="O" t="O.2" l="O"/>
		<a id="9" s="N" t="N.ar" l="N"/>
		<a id="10" s="C" t="C.ar" l="C"/>
		<a id="11" s="C" t="C.ar" l="C"/>
		<a id="12" s="C" t="C.ar" l="C"/>
		<a id="13" s="C" t="C.ar" l="C"/>
		<a id="14" s="O" t="O.3" l="O"/>
		<a id="15" s="C" t="C.ar" l="C"/>
		<a id="16" s="C" t="C.ar" l="C"/>
		<a id="17" s="C" t="C.ar" l="C"/>
		<a id="18" s="C" t="C.ar" l="C"/>
		<a id="19" s="C" t="C.ar" l="C"/>
		<a id="20" s="C" t="C.ar" l="C"/>
		<a id="21" s="S" t="S.O2" l="S"/>
		<a id="22" s="C" t="C.3" l="C"/>
		<a id="23" s="O" t="O.2" l="O"/>
		<a id="24" s="O" t="O.2" l="O"/>
		<a id="25" s="N" t="N.ar" l="N"/>
		<a id="26" s="C" t="C.ar" l="C"/>
		<a id="27" s="Cl" t="Cl" l="CL"/>
		<a id="28" s="N" t="N.ar" l="N"/>
		<a id="29" s="C" t="C.ar" l="C"/>
		<a id="30" s="C" t="C.ar" l="C"/>
		<a id="31" s="C" t="C.ar" l="C"/>
		<a id="32" s="H" t="H" l="H"/>
		<a id="33" s="H" t="H" l="H"/>
		<a id="34" s="H" t="H" l="H"/>
		<a id="35" s="H" t="H" l="H"/>
		<a id="36" s="H" t="H" l="H"/>
		<a id="37" s="H" t="H" l="H"/>
		<a id="38" s="H" t="H" l="H"/>
		<a id="39" s="H" t="H" l="H"/>
		<a id="40" s="H" t="H" l="H"/>
		<a id="41" s="H" t="H" l="H"/>
		<a id="42" s="H" t="H" l="H"/>
		<a id="43" s="H" t="H" l="H"/>
		<a id="44" s="H" t="H" l="H"/>
		<a id="45" s="H" t="H" l="H"/>
		<a id="46" s="H" t="H" l="H"/>
		<a id="47" s="H" t="H" l="H"/>
	</atoms>
	<bonds>
		<b id="1" c="1 2" t="1"/>
		<b id="2" c="2 3" t="ar"/>
		<b id="3" c="3 4" t="ar"/>
		<b id="4" c="4 5" t="ar"/>
		<b id="5" c="5 6" t="1"/>
		<b id="6" c="6 7" t="2"/>
		<b id="7" c="6 8" t="2"/>
		<b id="8" c="6 9" t="1"/>
		<b id="9" c="9 10" t="ar"/>
		<b id="10" c="10 11" t="ar"/>
		<b id="11" c="11 12" t="ar"/>
		<b id="12" c="12 13" t="ar"/>
		<b id="13" c="13 14" t="1"/>
		<b id="14" c="14 15" t="1"/>
		<b id="15" c="15 16" t="ar"/>
		<b id="16" c="16 17" t="ar"/>
		<b id="17" c="17 18" t="ar"/>
		<b id="18" c="18 19" t="ar"/>
		<b id="19" c="19 20" t="ar"/>
		<b id="20" c="15 20" t="ar"/>
		<b id="21" c="20 21" t="1"/>
		<b id="22" c="21 22" t="1"/>
		<b id="23" c="21 23" t="2"/>
		<b id="24" c="21 24" t="2"/>
		<b id="25" c="13 25" t="ar"/>
		<b id="26" c="25 26" t="ar"/>
		<b id="27" c="26 27" t="1"/>
		<b id="28" c="26 28" t="ar"/>
		<b id="29" c="28 29" t="ar"/>
		<b id="30" c="12 29" t="ar"/>
		<b id="31" c="9 29" t="ar"/>
		<b id="32" c="5 30" t="ar"/>
		<b id="33" c="30 31" t="ar"/>
		<b id="34" c="2 31" t="ar"/>
		<b id="35" c="1 32" t="1"/>
		<b id="36" c="1 33" t="1"/>
		<b id="37" c="1 34" t="1"/>
		<b id="38" c="3 35" t="1"/>
		<b id="39" c="4 36" t="1"/>
		<b id="40" c="10 37" t="1"/>
		<b id="41" c="11 38" t="1"/>
		<b id="42" c="16 39" t="1"/>
		<b id="43" c="17 40" t="1"/>
		<b id="44" c="18 41" t="1"/>
		<b id="45" c="19 42" t="1"/>
		<b id="46" c="22 43" t="1"/>
		<b id="47" c="22 44" t="1"/>
		<b id="48" c="22 45" t="1"/>
		<b id="49" c="30 46" t="1"/>
		<b id="50" c="31 47" t="1"/>
	</bonds>
	<geometry>
		<g u="A" t="cart/3d">#47,3:1.8660,0.4970,-1.4983;0.5282,0.4372,-0.8301;-0.5537,-0.1766,-1.4549;-1.7880,-0.2336,-0.8334;-1.9295,0.3265,0.4201;-3.5281,0.3598,1.1865;-4.4563,-0.4945,0.5198;-3.4378,0.3093,2.6117;-3.9969,1.9975,0.8440;-4.6892,2.8497,1.6832;-4.9682,4.0242,1.0590;-4.4297,3.9119,-0.2531;-4.3511,4.6918,-1.4151;-4.8453,5.9291,-1.3518;-5.1646,6.7407,-2.4050;-4.9712,6.4663,-3.7537;-5.3803,7.3949,-4.6978;-5.9715,8.5900,-4.3209;-6.1612,8.8625,-2.9753;-5.7615,7.9426,-2.0301;-6.0197,8.2973,-0.2826;-4.3348,8.4907,0.3711;-6.6797,9.5708,-0.1953;-6.6424,7.1800,0.3711;-3.7578,4.2094,-2.4977;-3.2442,2.9892,-2.4396;-2.4796,2.4480,-3.8555;-3.2362,2.1522,-1.4298;-3.8426,2.6253,-0.3444;-0.8736,0.9347,1.0695;0.3570,0.9842,0.4400;1.7774,0.3180,-2.5668;2.5244,-0.2638,-1.0776;2.3338,1.4660,-1.3378;-0.4302,-0.6016,-2.4396;-2.6447,-0.6908,-1.2996;-4.9113,2.5075,2.6742;-5.5083,4.8692,1.4370;-4.5082,5.5401,-4.0505;-5.2329,7.1743,-5.7442;-6.2854,9.3013,-5.0684;-6.6240,9.7737,-2.6299;-3.8529,9.2799,-0.1900;-3.8173,7.5474,0.2644;-4.4192,8.7642,1.4155;-1.0282,1.3516,2.0524;1.1940,1.4571,0.9326;</g>
	</geometry>
	<conformers/>
	<properties/>
</molecule>
