<?xml version="1.0" ?>
<!--MOLLI PACKAGE EXPERIMENTAL XML FORMAT-->
<molecule name="el3035">
	<atoms>
		<a id="1" s="Cl" t="Cl" l="CL"/>
		<a id="2" s="C" t="C.ar" l="C"/>
		<a id="3" s="N" t="N.ar" l="N"/>
		<a id="4" s="C" t="C.ar" l="C"/>
		<a id="5" s="N" t="N.pl3" l="N"/>
		<a id="6" s="C" t="C.3" l="C"/>
		<a id="7" s="C" t="C.ar" l="C"/>
		<a id="8" s="C" t="C.ar" l="C"/>
		<a id="9" s="C" t="C.ar" l="C"/>
		<a id="10" s="C" t="C.ar" l="C"/>
		<a id="11" s="C" t="C.ar" l="C"/>
		<a id="12" s="C" t="C.ar" l="C"/>
		<a id="13" s="C" t="C.ar" l="C"/>
		<a id="14" s="N" t="N.ar" l="N"/>
		<a id="15" s="C" t="C.ar" l="C"/>
		<a id="16" s="N" t="N.ar" l="N"/>
		<a id="17" s="C" t="C.3" l="C"/>
		<a id="18" s="C" t="C.3" l="C"/>
		<a id="19" s="C" t="C.3" l="C"/>
		<a id="20" s="C" t="C.3" l="C"/>
		<a id="21" s="C" t="C.ar" l="C"/>
		<a id="22" s="N" t="N.ar" l="N"/>
		<a id="23" s="H" t="H" l="H"/>
		<a id="24" s="H" t="H" l="H"/>
		<a id="25" s="H" t="H" l="H"/>
		<a id="26" s="H" t="H" l="H"/>
		<a id="27" s="H" t="H" l="H"/>
		<a id="28" s="H" t="H" l="H"/>
		<a id="29" s="H" t="H" l="H"/>
		<a id="30" s="H" t="H" l="H"/>
		<a id="31" s="H" t="H" l="H"/>
		<a id="32" s="H" t="H" l="H"/>
		<a id="33" s="H" t="H" l="H"/>
		<a id="34" s="H" t="H" l="H"/>
		<a id="35" s="H" t="H" l="H"/>
		<a id="36" s="H" t="H" l="H"/>
		<a id="37" s="H" t="H" l="H"/>
		<a id="38" s="H" t="H" l="H"/>
	</atoms>
	<bonds>
		<b id="1" c="1 2" t="1"/>
		<b id="2" c="2 3" t="ar"/>
		<b id="3" c="3 4" t="ar"/>
		<b id="4" c="4 5" t="1"/>
		<b id="5" c="5 6" t="1"/>
		<b id="6" c="6 7" t="1"/>
		<b id="7" c="7 8" t="ar"/>
		<b id="8" c="8 9" t="ar"/>
		<b id="9" c="9 10" t="ar"/>
		<b id="10" c="10 11" t="ar"/>
		<b id="11" c="11 12" t="ar"/>
		<b id="12" c="7 12" t="ar"/>
		<b id="13" c="4 13" t="ar"/>
		<b id="14" c="13 14" t="ar"/>
		<b id="15" c="14 15" t="ar"/>
		<b id="16" c="15 16" t="ar"/>
		<b id="17" c="16 17" t="1"/>
		<b id="18" c="17 18" t="1"/>
		<b id="19" c="18 19" t="1"/>
		<b id="20" c="19 20" t="1"/>
		<b id="21" c="18 20" t="1"/>
		<b id="22" c="16 21" t="ar"/>
		<b id="23" c="13 21" t="ar"/>
		<b id="24" c="21 22" t="ar"/>
		<b id="25" c="2 22" t="ar"/>
		<b id="26" c="5 23" t="1"/>
		<b id="27" c="6 24" t="1"/>
		<b id="28" c="6 25" t="1"/>
		<b id="29" c="8 26" t="1"/>
		<b id="30" c="9 27" t="1"/>
		<b id="31" c="10 28" t="1"/>
		<b id="32" c="11 29" t="1"/>
		<b id="33" c="12 30" t="1"/>
		<b id="34" c="15 31" t="1"/>
		<b id="35" c="17 32" t="1"/>
		<b id="36" c="17 33" t="1"/>
		<b id="37" c="18 34" t="1"/>
		<b id="38" c="19 35" t="1"/>
		<b id="39" c="19 36" t="1"/>
		<b id="40" c="20 37" t="1"/>
		<b id="41" c="20 38" t="1"/>
	</bonds>
	<geometry>
		<g u="A" t="cart/3d">#38,3:1.6108,-0.0769,-1.1322;3.2647,-0.0954,-0.7040;3.8023,-1.2964,-0.6181;5.0954,-1.4090,-0.2901;5.6433,-2.6226,-0.1630;4.9586,-3.8488,-0.4934;5.5366,-4.5116,-1.7185;5.7938,-5.8753,-1.7352;6.3153,-6.4775,-2.8672;6.5930,-5.7193,-3.9913;6.3418,-4.3573,-3.9810;5.8143,-3.7576,-2.8522;5.8206,-0.2224,-0.0633;7.1220,0.0499,0.2695;7.1808,1.3462,0.3395;5.9969,1.9749,0.0826;5.7187,3.3890,0.0389;5.5029,3.8498,-1.3854;6.6883,4.1657,-2.2470;5.8037,5.2700,-1.7547;5.1087,0.9814,-0.1889;3.8148,1.0822,-0.5114;6.6356,-2.6521,0.0161;3.9142,-3.5752,-0.6710;5.0070,-4.5326,0.3607;5.5805,-6.4706,-0.8586;6.5077,-7.5404,-2.8699;7.0025,-6.1882,-4.8736;6.5546,-3.7616,-4.8565;5.6110,-2.6965,-2.8468;8.0715,1.8906,0.5859;6.5609,3.9164,0.4936;4.8137,3.5741,0.6268;4.6508,3.3740,-1.8533;6.6501,3.9004,-3.2920;7.6731,4.0711,-1.8140;5.1529,5.7634,-2.4593;6.1853,5.9250,-0.9861;</g>
	</geometry>
	<conformers/>
	<properties/>
</molecule>
