<?xml version="1.0" ?>
<!--MOLLI PACKAGE EXPERIMENTAL XML FORMAT-->
<molecule name="el3350">
	<atoms>
		<a id="1" s="C" t="C.3" l="C"/>
		<a id="2" s="O" t="O.3" l="O"/>
		<a id="3" s="C" t="C.ar" l="C"/>
		<a id="4" s="C" t="C.ar" l="C"/>
		<a id="5" s="C" t="C.ar" l="C"/>
		<a id="6" s="C" t="C.ar" l="C"/>
		<a id="7" s="C" t="C.3" l="C"/>
		<a id="8" s="N" t="N.pl3" l="N"/>
		<a id="9" s="C" t="C.ar" l="C"/>
		<a id="10" s="N" t="N.ar" l="N"/>
		<a id="11" s="C" t="C.ar" l="C"/>
		<a id="12" s="Cl" t="Cl" l="CL"/>
		<a id="13" s="N" t="N.ar" l="N"/>
		<a id="14" s="C" t="C.ar" l="C"/>
		<a id="15" s="C" t="C.ar" l="C"/>
		<a id="16" s="N" t="N.ar" l="N"/>
		<a id="17" s="C" t="C.ar" l="C"/>
		<a id="18" s="N" t="N.ar" l="N"/>
		<a id="19" s="C" t="C.3" l="C"/>
		<a id="20" s="C" t="C.3" l="C"/>
		<a id="21" s="C" t="C.3" l="C"/>
		<a id="22" s="C" t="C.ar" l="C"/>
		<a id="23" s="C" t="C.ar" l="C"/>
		<a id="24" s="H" t="H" l="H"/>
		<a id="25" s="H" t="H" l="H"/>
		<a id="26" s="H" t="H" l="H"/>
		<a id="27" s="H" t="H" l="H"/>
		<a id="28" s="H" t="H" l="H"/>
		<a id="29" s="H" t="H" l="H"/>
		<a id="30" s="H" t="H" l="H"/>
		<a id="31" s="H" t="H" l="H"/>
		<a id="32" s="H" t="H" l="H"/>
		<a id="33" s="H" t="H" l="H"/>
		<a id="34" s="H" t="H" l="H"/>
		<a id="35" s="H" t="H" l="H"/>
		<a id="36" s="H" t="H" l="H"/>
		<a id="37" s="H" t="H" l="H"/>
		<a id="38" s="H" t="H" l="H"/>
		<a id="39" s="H" t="H" l="H"/>
		<a id="40" s="H" t="H" l="H"/>
		<a id="41" s="H" t="H" l="H"/>
	</atoms>
	<bonds>
		<b id="1" c="1 2" t="1"/>
		<b id="2" c="2 3" t="1"/>
		<b id="3" c="3 4" t="ar"/>
		<b id="4" c="4 5" t="ar"/>
		<b id="5" c="5 6" t="ar"/>
		<b id="6" c="6 7" t="1"/>
		<b id="7" c="7 8" t="1"/>
		<b id="8" c="8 9" t="1"/>
		<b id="9" c="9 10" t="ar"/>
		<b id="10" c="10 11" t="ar"/>
		<b id="11" c="11 12" t="1"/>
		<b id="12" c="11 13" t="ar"/>
		<b id="13" c="13 14" t="ar"/>
		<b id="14" c="14 15" t="ar"/>
		<b id="15" c="9 15" t="ar"/>
		<b id="16" c="15 16" t="ar"/>
		<b id="17" c="16 17" t="ar"/>
		<b id="18" c="17 18" t="ar"/>
		<b id="19" c="14 18" t="ar"/>
		<b id="20" c="18 19" t="1"/>
		<b id="21" c="19 20" t="1"/>
		<b id="22" c="19 21" t="1"/>
		<b id="23" c="6 22" t="ar"/>
		<b id="24" c="22 23" t="ar"/>
		<b id="25" c="3 23" t="ar"/>
		<b id="26" c="1 24" t="1"/>
		<b id="27" c="1 25" t="1"/>
		<b id="28" c="1 26" t="1"/>
		<b id="29" c="4 27" t="1"/>
		<b id="30" c="5 28" t="1"/>
		<b id="31" c="7 29" t="1"/>
		<b id="32" c="7 30" t="1"/>
		<b id="33" c="8 31" t="1"/>
		<b id="34" c="17 32" t="1"/>
		<b id="35" c="19 33" t="1"/>
		<b id="36" c="20 34" t="1"/>
		<b id="37" c="20 35" t="1"/>
		<b id="38" c="20 36" t="1"/>
		<b id="39" c="21 37" t="1"/>
		<b id="40" c="21 38" t="1"/>
		<b id="41" c="21 39" t="1"/>
		<b id="42" c="22 40" t="1"/>
		<b id="43" c="23 41" t="1"/>
	</bonds>
	<geometry>
		<g u="A" t="cart/3d">#41,3:0.6837,0.6416,-0.8712;1.9780,0.1188,-0.7001;2.8708,0.2380,-1.7206;2.6151,0.8574,-2.9389;3.6035,0.9108,-3.9058;4.8573,0.3606,-3.6858;5.9150,0.4309,-4.7565;6.1022,1.7795,-5.2368;5.8963,2.1598,-6.5014;5.5394,1.2529,-7.4193;5.3604,1.6431,-8.6657;4.9030,0.4027,-9.7489;5.4803,2.8394,-9.1940;5.8317,3.7579,-8.2857;6.0536,3.4949,-6.9245;6.3933,4.6573,-6.2835;6.3750,5.5637,-7.2146;6.0433,5.0923,-8.4511;5.9383,5.8348,-9.6892;6.9730,5.3146,-10.6833;4.5230,5.7015,-10.2447;5.1092,-0.2492,-2.4629;4.1316,-0.3152,-1.4934;0.1535,0.4246,0.0544;0.1639,0.1619,-1.7059;0.7041,1.7241,-1.0292;1.6527,1.2963,-3.1484;3.3939,1.3875,-4.8518;5.6214,-0.1624,-5.6271;6.8646,0.0459,-4.3683;6.3393,2.5050,-4.5783;6.5982,6.5990,-7.0442;6.1479,6.8837,-9.4441;6.7724,4.2684,-10.8992;7.9766,5.4046,-10.2734;6.9205,5.8838,-11.6069;4.3207,4.6577,-10.4715;4.4235,6.2890,-11.1522;3.7929,6.0524,-9.5187;6.0795,-0.6822,-2.2697;4.3181,-0.7906,-0.5441;</g>
	</geometry>
	<conformers/>
	<properties/>
</molecule>
