<?xml version="1.0" ?>
<!--MOLLI PACKAGE EXPERIMENTAL XML FORMAT-->
<molecule name="el3352">
	<atoms>
		<a id="1" s="C" t="C.3" l="C"/>
		<a id="2" s="O" t="O.3" l="O"/>
		<a id="3" s="C" t="C.ar" l="C"/>
		<a id="4" s="C" t="C.ar" l="C"/>
		<a id="5" s="C" t="C.ar" l="C"/>
		<a id="6" s="Cl" t="Cl" l="CL"/>
		<a id="7" s="C" t="C.ar" l="C"/>
		<a id="8" s="N" t="N.ar" l="N"/>
		<a id="9" s="C" t="C.ar" l="C"/>
		<a id="10" s="C" t="C.ar" l="C"/>
		<a id="11" s="C" t="C.ar" l="C"/>
		<a id="12" s="N" t="N.ar" l="N"/>
		<a id="13" s="C" t="C.ar" l="C"/>
		<a id="14" s="C" t="C.ar" l="C"/>
		<a id="15" s="C" t="C.ar" l="C"/>
		<a id="16" s="C" t="C.ar" l="C"/>
		<a id="17" s="C" t="C.3" l="C"/>
		<a id="18" s="F" t="F" l="F"/>
		<a id="19" s="F" t="F" l="F"/>
		<a id="20" s="F" t="F" l="F"/>
		<a id="21" s="C" t="C.ar" l="C"/>
		<a id="22" s="C" t="C.ar" l="C"/>
		<a id="23" s="N" t="N.ar" l="N"/>
		<a id="24" s="H" t="H" l="H"/>
		<a id="25" s="H" t="H" l="H"/>
		<a id="26" s="H" t="H" l="H"/>
		<a id="27" s="H" t="H" l="H"/>
		<a id="28" s="H" t="H" l="H"/>
		<a id="29" s="H" t="H" l="H"/>
		<a id="30" s="H" t="H" l="H"/>
		<a id="31" s="H" t="H" l="H"/>
		<a id="32" s="H" t="H" l="H"/>
	</atoms>
	<bonds>
		<b id="1" c="1 2" t="1"/>
		<b id="2" c="2 3" t="1"/>
		<b id="3" c="3 4" t="ar"/>
		<b id="4" c="4 5" t="ar"/>
		<b id="5" c="5 6" t="1"/>
		<b id="6" c="5 7" t="ar"/>
		<b id="7" c="7 8" t="ar"/>
		<b id="8" c="8 9" t="ar"/>
		<b id="9" c="9 10" t="ar"/>
		<b id="10" c="10 11" t="1"/>
		<b id="11" c="11 12" t="ar"/>
		<b id="12" c="12 13" t="ar"/>
		<b id="13" c="13 14" t="ar"/>
		<b id="14" c="14 15" t="ar"/>
		<b id="15" c="15 16" t="ar"/>
		<b id="16" c="11 16" t="ar"/>
		<b id="17" c="16 17" t="1"/>
		<b id="18" c="17 18" t="1"/>
		<b id="19" c="17 19" t="1"/>
		<b id="20" c="17 20" t="1"/>
		<b id="21" c="10 21" t="ar"/>
		<b id="22" c="21 22" t="ar"/>
		<b id="23" c="7 22" t="ar"/>
		<b id="24" c="22 23" t="ar"/>
		<b id="25" c="3 23" t="ar"/>
		<b id="26" c="1 24" t="1"/>
		<b id="27" c="1 25" t="1"/>
		<b id="28" c="1 26" t="1"/>
		<b id="29" c="4 27" t="1"/>
		<b id="30" c="9 28" t="1"/>
		<b id="31" c="13 29" t="1"/>
		<b id="32" c="14 30" t="1"/>
		<b id="33" c="15 31" t="1"/>
		<b id="34" c="21 32" t="1"/>
	</bonds>
	<geometry>
		<g u="A" t="cart/3d">#32,3:3.0665,0.1161,1.0769;2.5573,-0.0136,-0.2395;3.2529,-0.7936,-1.0677;2.7314,-0.9409,-2.3832;3.4031,-1.7395,-3.2608;2.8434,-1.9714,-4.8611;4.5921,-2.3988,-2.8421;5.2688,-3.1901,-3.6875;6.3491,-3.7766,-3.2651;6.8641,-3.6344,-1.9544;8.1093,-4.3415,-1.6206;9.0649,-4.2503,-2.5393;10.2301,-4.8288,-2.3374;10.5336,-5.5486,-1.1905;9.5395,-5.6951,-0.2396;8.3018,-5.0970,-0.4530;7.2197,-5.3186,0.5674;5.9958,-5.4470,0.0363;7.4293,-6.4368,1.2829;7.1467,-4.3203,1.4700;6.1986,-2.8054,-1.0804;5.0185,-2.1674,-1.5066;4.3481,-1.3716,-0.6505;2.3717,0.7667,1.6030;4.0658,0.5552,1.0596;3.1224,-0.8598,1.5629;1.8252,-0.4233,-2.6483;6.8667,-4.4064,-3.9747;10.9514,-4.7067,-3.1342;11.5046,-5.9948,-1.0515;9.7101,-6.2765,0.6543;6.5530,-2.6041,-0.0816;</g>
	</geometry>
	<conformers/>
	<properties/>
</molecule>
