<?xml version="1.0" ?>
<!--MOLLI PACKAGE EXPERIMENTAL XML FORMAT-->
<molecule name="el3354">
	<atoms>
		<a id="1" s="F" t="F" l="F"/>
		<a id="2" s="C" t="C.3" l="C"/>
		<a id="3" s="F" t="F" l="F"/>
		<a id="4" s="F" t="F" l="F"/>
		<a id="5" s="C" t="C.ar" l="C"/>
		<a id="6" s="S" t="S.2" l="S"/>
		<a id="7" s="C" t="C.ar" l="C"/>
		<a id="8" s="N" t="N.ar" l="N"/>
		<a id="9" s="C" t="C.ar" l="C"/>
		<a id="10" s="C" t="C.ar" l="C"/>
		<a id="11" s="C" t="C.ar" l="C"/>
		<a id="12" s="C" t="C.ar" l="C"/>
		<a id="13" s="C" t="C.ar" l="C"/>
		<a id="14" s="C" t="C.ar" l="C"/>
		<a id="15" s="Cl" t="Cl" l="CL"/>
		<a id="16" s="C" t="C.ar" l="C"/>
		<a id="17" s="C" t="C.ar" l="C"/>
		<a id="18" s="N" t="N.ar" l="N"/>
		<a id="19" s="C" t="C.ar" l="C"/>
		<a id="20" s="N" t="N.ar" l="N"/>
		<a id="21" s="H" t="H" l="H"/>
		<a id="22" s="H" t="H" l="H"/>
		<a id="23" s="H" t="H" l="H"/>
		<a id="24" s="H" t="H" l="H"/>
		<a id="25" s="H" t="H" l="H"/>
	</atoms>
	<bonds>
		<b id="1" c="1 2" t="1"/>
		<b id="2" c="2 3" t="1"/>
		<b id="3" c="2 4" t="1"/>
		<b id="4" c="2 5" t="1"/>
		<b id="5" c="5 6" t="ar"/>
		<b id="6" c="6 7" t="ar"/>
		<b id="7" c="7 8" t="ar"/>
		<b id="8" c="8 9" t="ar"/>
		<b id="9" c="5 9" t="ar"/>
		<b id="10" c="9 10" t="1"/>
		<b id="11" c="10 11" t="ar"/>
		<b id="12" c="11 12" t="ar"/>
		<b id="13" c="12 13" t="ar"/>
		<b id="14" c="13 14" t="ar"/>
		<b id="15" c="14 15" t="1"/>
		<b id="16" c="14 16" t="ar"/>
		<b id="17" c="16 17" t="ar"/>
		<b id="18" c="17 18" t="ar"/>
		<b id="19" c="18 19" t="ar"/>
		<b id="20" c="13 19" t="ar"/>
		<b id="21" c="19 20" t="ar"/>
		<b id="22" c="10 20" t="ar"/>
		<b id="23" c="7 21" t="1"/>
		<b id="24" c="11 22" t="1"/>
		<b id="25" c="12 23" t="1"/>
		<b id="26" c="16 24" t="1"/>
		<b id="27" c="17 25" t="1"/>
	</bonds>
	<geometry>
		<g u="A" t="cart/3d">#25,3:0.7979,-0.8610,1.8516;0.8096,0.2417,1.0727;0.8126,-0.2038,-0.1886;-0.3569,0.8541,1.2899;1.9922,1.0958,1.3861;3.0268,0.6957,2.7038;3.9928,2.0697,2.2816;3.5834,2.7397,1.2714;2.4473,2.2244,0.7355;1.8323,2.8757,-0.4157;2.5435,3.8999,-1.0845;1.9575,4.5048,-2.1598;0.6712,4.0969,-2.5636;-0.0494,4.6364,-3.6498;0.6445,5.8960,-4.6091;-1.3006,4.1579,-3.9388;-1.8213,3.1328,-3.1269;-1.1948,2.6043,-2.1181;0.0326,3.0538,-1.8148;0.6348,2.4794,-0.7690;4.8701,2.3221,2.8436;3.5230,4.1743,-0.7297;2.4601,5.2902,-2.7056;-1.8749,4.5511,-4.7617;-2.8071,2.7370,-3.3312;</g>
	</geometry>
	<conformers/>
	<properties/>
</molecule>
