<?xml version="1.0" ?>
<!--MOLLI PACKAGE EXPERIMENTAL XML FORMAT-->
<molecule name="el3355">
	<atoms>
		<a id="1" s="C" t="C.3" l="C"/>
		<a id="2" s="N" t="N.3" l="N"/>
		<a id="3" s="C" t="C.3" l="C"/>
		<a id="4" s="C" t="C.3" l="C"/>
		<a id="5" s="N" t="N.pl3" l="N"/>
		<a id="6" s="C" t="C.ar" l="C"/>
		<a id="7" s="C" t="C.ar" l="C"/>
		<a id="8" s="C" t="C.ar" l="C"/>
		<a id="9" s="C" t="C.ar" l="C"/>
		<a id="10" s="C" t="C.1" l="C"/>
		<a id="11" s="N" t="N.1" l="N"/>
		<a id="12" s="C" t="C.ar" l="C"/>
		<a id="13" s="Cl" t="Cl" l="CL"/>
		<a id="14" s="C" t="C.ar" l="C"/>
		<a id="15" s="C" t="C.3" l="C"/>
		<a id="16" s="C" t="C.3" l="C"/>
		<a id="17" s="H" t="H" l="H"/>
		<a id="18" s="H" t="H" l="H"/>
		<a id="19" s="H" t="H" l="H"/>
		<a id="20" s="H" t="H" l="H"/>
		<a id="21" s="H" t="H" l="H"/>
		<a id="22" s="H" t="H" l="H"/>
		<a id="23" s="H" t="H" l="H"/>
		<a id="24" s="H" t="H" l="H"/>
		<a id="25" s="H" t="H" l="H"/>
		<a id="26" s="H" t="H" l="H"/>
		<a id="27" s="H" t="H" l="H"/>
		<a id="28" s="H" t="H" l="H"/>
		<a id="29" s="H" t="H" l="H"/>
		<a id="30" s="H" t="H" l="H"/>
	</atoms>
	<bonds>
		<b id="1" c="1 2" t="1"/>
		<b id="2" c="2 3" t="1"/>
		<b id="3" c="3 4" t="1"/>
		<b id="4" c="4 5" t="1"/>
		<b id="5" c="5 6" t="1"/>
		<b id="6" c="6 7" t="ar"/>
		<b id="7" c="7 8" t="ar"/>
		<b id="8" c="8 9" t="ar"/>
		<b id="9" c="9 10" t="1"/>
		<b id="10" c="10 11" t="3"/>
		<b id="11" c="9 12" t="ar"/>
		<b id="12" c="12 13" t="1"/>
		<b id="13" c="12 14" t="ar"/>
		<b id="14" c="6 14" t="ar"/>
		<b id="15" c="5 15" t="1"/>
		<b id="16" c="15 16" t="1"/>
		<b id="17" c="2 16" t="1"/>
		<b id="18" c="1 17" t="1"/>
		<b id="19" c="1 18" t="1"/>
		<b id="20" c="1 19" t="1"/>
		<b id="21" c="3 20" t="1"/>
		<b id="22" c="3 21" t="1"/>
		<b id="23" c="4 22" t="1"/>
		<b id="24" c="4 23" t="1"/>
		<b id="25" c="7 24" t="1"/>
		<b id="26" c="8 25" t="1"/>
		<b id="27" c="14 26" t="1"/>
		<b id="28" c="15 27" t="1"/>
		<b id="29" c="15 28" t="1"/>
		<b id="30" c="16 29" t="1"/>
		<b id="31" c="16 30" t="1"/>
	</bonds>
	<geometry>
		<g u="A" t="cart/3d">#30,3:2.4113,-0.0725,0.0361;0.9943,0.0216,-0.2338;0.2853,-1.1846,0.1429;-1.1805,-1.1016,-0.2904;-1.7935,0.0630,0.3061;-3.0864,0.0759,0.7482;-3.5650,1.1204,1.5623;-4.8495,1.1190,2.0451;-5.7320,0.0741,1.7516;-7.0468,0.0873,2.2548;-8.1154,0.1134,2.6716;-5.2638,-0.9681,0.9470;-6.3252,-2.2729,0.5436;-3.9779,-0.9692,0.4526;-1.0703,1.2678,-0.0366;0.3818,1.1601,0.4218;2.8242,-0.9090,-0.5252;2.6342,-0.2213,1.1040;2.8967,0.8435,-0.2968;0.3265,-1.3522,1.2355;0.7551,-2.0364,-0.3537;-1.6843,-2.0055,0.0481;-1.2270,-1.0463,-1.3869;-2.9135,1.9324,1.8420;-5.1934,1.9287,2.6717;-3.6869,-1.7821,-0.1906;-1.5400,2.1424,0.4070;-1.0745,1.3882,-1.1301;0.4159,1.0657,1.5229;0.9221,2.0644,0.1337;</g>
	</geometry>
	<conformers/>
	<properties/>
</molecule>
