<?xml version="1.0" ?>
<!--MOLLI PACKAGE EXPERIMENTAL XML FORMAT-->
<molecule name="el3036">
	<atoms>
		<a id="1" s="Cl" t="Cl" l="CL"/>
		<a id="2" s="C" t="C.ar" l="C"/>
		<a id="3" s="N" t="N.ar" l="N"/>
		<a id="4" s="C" t="C.ar" l="C"/>
		<a id="5" s="C" t="C.ar" l="C"/>
		<a id="6" s="C" t="C.ar" l="C"/>
		<a id="7" s="C" t="C.ar" l="C"/>
		<a id="8" s="C" t="C.ar" l="C"/>
		<a id="9" s="N" t="N.ar" l="N"/>
		<a id="10" s="C" t="C.ar" l="C"/>
		<a id="11" s="C" t="C.ar" l="C"/>
		<a id="12" s="C" t="C.ar" l="C"/>
		<a id="13" s="C" t="C.ar" l="C"/>
		<a id="14" s="C" t="C.ar" l="C"/>
		<a id="15" s="N" t="N.ar" l="N"/>
		<a id="16" s="N" t="N.ar" l="N"/>
		<a id="17" s="H" t="H" l="H"/>
		<a id="18" s="H" t="H" l="H"/>
		<a id="19" s="H" t="H" l="H"/>
		<a id="20" s="H" t="H" l="H"/>
		<a id="21" s="H" t="H" l="H"/>
		<a id="22" s="H" t="H" l="H"/>
		<a id="23" s="H" t="H" l="H"/>
	</atoms>
	<bonds>
		<b id="1" c="1 2" t="1"/>
		<b id="2" c="2 3" t="ar"/>
		<b id="3" c="3 4" t="ar"/>
		<b id="4" c="4 5" t="ar"/>
		<b id="5" c="5 6" t="ar"/>
		<b id="6" c="6 7" t="1"/>
		<b id="7" c="7 8" t="ar"/>
		<b id="8" c="8 9" t="ar"/>
		<b id="9" c="9 10" t="ar"/>
		<b id="10" c="10 11" t="ar"/>
		<b id="11" c="11 12" t="ar"/>
		<b id="12" c="12 13" t="ar"/>
		<b id="13" c="13 14" t="ar"/>
		<b id="14" c="14 15" t="ar"/>
		<b id="15" c="7 15" t="ar"/>
		<b id="16" c="10 15" t="ar"/>
		<b id="17" c="6 16" t="ar"/>
		<b id="18" c="2 16" t="ar"/>
		<b id="19" c="4 17" t="1"/>
		<b id="20" c="5 18" t="1"/>
		<b id="21" c="8 19" t="1"/>
		<b id="22" c="11 20" t="1"/>
		<b id="23" c="12 21" t="1"/>
		<b id="24" c="13 22" t="1"/>
		<b id="25" c="14 23" t="1"/>
	</bonds>
	<geometry>
		<g u="A" t="cart/3d">#23,3:1.3189,1.5901,2.6240;1.1745,0.6785,1.1840;0.4093,1.1870,0.2433;0.3163,0.4670,-0.8712;0.9701,-0.7341,-1.0377;1.7559,-1.1882,0.0379;2.4710,-2.4264,-0.0183;2.5423,-3.3674,-1.0485;3.3138,-4.3995,-0.7241;3.7542,-4.1542,0.5085;4.5985,-4.9199,1.3189;4.9153,-4.4545,2.5664;4.3940,-3.2259,3.0143;3.5714,-2.4875,2.2157;3.2591,-2.9466,0.9840;1.8438,-0.4511,1.1542;-0.3131,0.8900,-1.6420;0.8845,-1.3014,-1.9472;2.0633,-3.3306,-2.0073;4.9719,-5.8530,0.9319;5.5645,-5.0233,3.2132;4.6438,-2.8604,3.9966;3.1407,-1.5407,2.5000;</g>
	</geometry>
	<conformers/>
	<properties/>
</molecule>
