<?xml version="1.0" ?>
<!--MOLLI PACKAGE EXPERIMENTAL XML FORMAT-->
<molecule name="el3360">
	<atoms>
		<a id="1" s="C" t="C.3" l="C"/>
		<a id="2" s="N" t="N.ar" l="N"/>
		<a id="3" s="N" t="N.ar" l="N"/>
		<a id="4" s="C" t="C.ar" l="C"/>
		<a id="5" s="C" t="C.ar" l="C"/>
		<a id="6" s="C" t="C.ar" l="C"/>
		<a id="7" s="Cl" t="Cl" l="CL"/>
		<a id="8" s="C" t="C.ar" l="C"/>
		<a id="9" s="C" t="C.ar" l="C"/>
		<a id="10" s="C" t="C.ar" l="C"/>
		<a id="11" s="C" t="C.ar" l="C"/>
		<a id="12" s="H" t="H" l="H"/>
		<a id="13" s="H" t="H" l="H"/>
		<a id="14" s="H" t="H" l="H"/>
		<a id="15" s="H" t="H" l="H"/>
		<a id="16" s="H" t="H" l="H"/>
		<a id="17" s="H" t="H" l="H"/>
		<a id="18" s="H" t="H" l="H"/>
	</atoms>
	<bonds>
		<b id="1" c="1 2" t="1"/>
		<b id="2" c="2 3" t="ar"/>
		<b id="3" c="3 4" t="ar"/>
		<b id="4" c="4 5" t="ar"/>
		<b id="5" c="5 6" t="ar"/>
		<b id="6" c="6 7" t="1"/>
		<b id="7" c="6 8" t="ar"/>
		<b id="8" c="8 9" t="ar"/>
		<b id="9" c="9 10" t="ar"/>
		<b id="10" c="10 11" t="ar"/>
		<b id="11" c="5 11" t="ar"/>
		<b id="12" c="2 11" t="ar"/>
		<b id="13" c="1 12" t="1"/>
		<b id="14" c="1 13" t="1"/>
		<b id="15" c="1 14" t="1"/>
		<b id="16" c="4 15" t="1"/>
		<b id="17" c="8 16" t="1"/>
		<b id="18" c="9 17" t="1"/>
		<b id="19" c="10 18" t="1"/>
	</bonds>
	<geometry>
		<g u="A" t="cart/3d">#18,3:1.1713,-0.1039,0.0273;2.6033,-0.1478,0.0271;3.3222,0.9793,0.0269;4.5892,0.6510,0.0268;4.7364,-0.7576,0.0270;5.7917,-1.6741,0.0271;7.4227,-1.1108,0.0269;5.5079,-3.0193,0.0274;4.1814,-3.4733,0.0275;3.1138,-2.6078,0.0274;3.4027,-1.2437,0.0272;0.8739,0.9424,0.0277;0.7706,-0.5956,0.9164;0.7703,-0.5949,-0.8622;5.3513,1.4035,0.0266;6.3135,-3.7362,0.0275;4.0050,-4.5381,0.0277;2.0963,-2.9656,0.0276;</g>
	</geometry>
	<conformers/>
	<properties/>
</molecule>
