<?xml version="1.0" ?>
<!--MOLLI PACKAGE EXPERIMENTAL XML FORMAT-->
<molecule name="el3362">
	<atoms>
		<a id="1" s="C" t="C.3" l="C"/>
		<a id="2" s="C" t="C.3" l="C"/>
		<a id="3" s="C" t="C.3" l="C"/>
		<a id="4" s="C" t="C.3" l="C"/>
		<a id="5" s="O" t="O.3" l="O"/>
		<a id="6" s="C" t="C.2" l="C"/>
		<a id="7" s="O" t="O.2" l="O"/>
		<a id="8" s="N" t="N.am" l="N"/>
		<a id="9" s="C" t="C.3" l="C"/>
		<a id="10" s="C" t="C.3" l="C"/>
		<a id="11" s="N" t="N.pl3" l="N"/>
		<a id="12" s="C" t="C.ar" l="C"/>
		<a id="13" s="C" t="C.ar" l="C"/>
		<a id="14" s="C" t="C.ar" l="C"/>
		<a id="15" s="N" t="N.pl3" l="N"/>
		<a id="16" s="O" t="O.2" l="O"/>
		<a id="17" s="O" t="O.co2" l="O"/>
		<a id="18" s="C" t="C.ar" l="C"/>
		<a id="19" s="C" t="C.ar" l="C"/>
		<a id="20" s="C" t="C.ar" l="C"/>
		<a id="21" s="C" t="C.ar" l="C"/>
		<a id="22" s="C" t="C.ar" l="C"/>
		<a id="23" s="N" t="N.ar" l="N"/>
		<a id="24" s="C" t="C.ar" l="C"/>
		<a id="25" s="Cl" t="Cl" l="CL"/>
		<a id="26" s="C" t="C.ar" l="C"/>
		<a id="27" s="N" t="N.ar" l="N"/>
		<a id="28" s="C" t="C.3" l="C"/>
		<a id="29" s="C" t="C.3" l="C"/>
		<a id="30" s="H" t="H" l="H"/>
		<a id="31" s="H" t="H" l="H"/>
		<a id="32" s="H" t="H" l="H"/>
		<a id="33" s="H" t="H" l="H"/>
		<a id="34" s="H" t="H" l="H"/>
		<a id="35" s="H" t="H" l="H"/>
		<a id="36" s="H" t="H" l="H"/>
		<a id="37" s="H" t="H" l="H"/>
		<a id="38" s="H" t="H" l="H"/>
		<a id="39" s="H" t="H" l="H"/>
		<a id="40" s="H" t="H" l="H"/>
		<a id="41" s="H" t="H" l="H"/>
		<a id="42" s="H" t="H" l="H"/>
		<a id="43" s="H" t="H" l="H"/>
		<a id="44" s="H" t="H" l="H"/>
		<a id="45" s="H" t="H" l="H"/>
		<a id="46" s="H" t="H" l="H"/>
		<a id="47" s="H" t="H" l="H"/>
		<a id="48" s="H" t="H" l="H"/>
		<a id="49" s="H" t="H" l="H"/>
		<a id="50" s="H" t="H" l="H"/>
		<a id="51" s="H" t="H" l="H"/>
	</atoms>
	<bonds>
		<b id="1" c="1 2" t="1"/>
		<b id="2" c="2 3" t="1"/>
		<b id="3" c="2 4" t="1"/>
		<b id="4" c="2 5" t="1"/>
		<b id="5" c="5 6" t="1"/>
		<b id="6" c="6 7" t="2"/>
		<b id="7" c="6 8" t="am"/>
		<b id="8" c="8 9" t="1"/>
		<b id="9" c="9 10" t="1"/>
		<b id="10" c="10 11" t="1"/>
		<b id="11" c="11 12" t="1"/>
		<b id="12" c="12 13" t="ar"/>
		<b id="13" c="13 14" t="ar"/>
		<b id="14" c="14 15" t="1"/>
		<b id="15" c="15 16" t="2"/>
		<b id="16" c="15 17" t="1"/>
		<b id="17" c="14 18" t="ar"/>
		<b id="18" c="18 19" t="ar"/>
		<b id="19" c="19 20" t="1"/>
		<b id="20" c="20 21" t="ar"/>
		<b id="21" c="21 22" t="ar"/>
		<b id="22" c="22 23" t="ar"/>
		<b id="23" c="23 24" t="ar"/>
		<b id="24" c="24 25" t="1"/>
		<b id="25" c="24 26" t="ar"/>
		<b id="26" c="20 26" t="ar"/>
		<b id="27" c="19 27" t="ar"/>
		<b id="28" c="12 27" t="ar"/>
		<b id="29" c="11 28" t="1"/>
		<b id="30" c="28 29" t="1"/>
		<b id="31" c="8 29" t="1"/>
		<b id="32" c="1 30" t="1"/>
		<b id="33" c="1 31" t="1"/>
		<b id="34" c="1 32" t="1"/>
		<b id="35" c="3 33" t="1"/>
		<b id="36" c="3 34" t="1"/>
		<b id="37" c="3 35" t="1"/>
		<b id="38" c="4 36" t="1"/>
		<b id="39" c="4 37" t="1"/>
		<b id="40" c="4 38" t="1"/>
		<b id="41" c="9 39" t="1"/>
		<b id="42" c="9 40" t="1"/>
		<b id="43" c="10 41" t="1"/>
		<b id="44" c="10 42" t="1"/>
		<b id="45" c="13 43" t="1"/>
		<b id="46" c="18 44" t="1"/>
		<b id="47" c="21 45" t="1"/>
		<b id="48" c="22 46" t="1"/>
		<b id="49" c="26 47" t="1"/>
		<b id="50" c="28 48" t="1"/>
		<b id="51" c="28 49" t="1"/>
		<b id="52" c="29 50" t="1"/>
		<b id="53" c="29 51" t="1"/>
	</bonds>
	<geometry>
		<g u="A" t="cart/3d">#51,3:3.6474,-0.2885,-1.8446;2.9509,-0.6838,-0.5439;3.0018,0.4534,0.4757;1.5031,-1.0957,-0.8137;3.5544,-1.8810,0.0085;4.8499,-1.8894,0.3536;5.6156,-0.9555,0.2829;5.2386,-3.1235,0.7825;4.3346,-4.2165,1.0566;4.2272,-4.4338,2.5726;5.5491,-4.6349,3.1295;5.9615,-5.8758,3.4745;7.2910,-6.1743,3.8476;7.5710,-7.4660,4.2378;8.9255,-7.8015,4.6324;9.7536,-6.9182,4.5994;9.1424,-8.9438,4.9681;6.5912,-8.4526,4.2593;5.3118,-8.0671,3.8679;4.1889,-9.0182,3.8588;4.3735,-10.3892,3.6728;3.2612,-11.2123,3.6804;2.0277,-10.7693,3.8558;1.8589,-9.4749,4.0247;0.2373,-8.9452,4.2431;2.8904,-8.5481,4.0350;5.0226,-6.8282,3.4954;6.4224,-3.5124,2.8740;6.5524,-3.2905,1.3597;3.1229,0.5463,-2.3004;3.6475,-1.1270,-2.5381;4.6747,0.0041,-1.6467;2.4809,1.3208,0.0806;4.0333,0.7252,0.6822;2.5233,0.1471,1.4036;0.9471,-0.2527,-1.2126;1.0312,-1.4272,0.1077;1.4729,-1.9114,-1.5309;4.7333,-5.1248,0.5910;3.3588,-3.9927,0.6309;3.6216,-5.3116,2.7894;3.7838,-3.5490,3.0398;8.0860,-5.4488,3.8443;6.8288,-9.4491,4.5878;5.3540,-10.8048,3.5072;3.3503,-12.2806,3.5397;2.7040,-7.4979,4.1815;7.4024,-3.6583,3.3204;5.9686,-2.6223,3.3235;7.0381,-4.1571,0.8978;7.1312,-2.3904,1.1492;</g>
	</geometry>
	<conformers/>
	<properties/>
</molecule>
