<?xml version="1.0" ?>
<!--MOLLI PACKAGE EXPERIMENTAL XML FORMAT-->
<molecule name="el3368">
	<atoms>
		<a id="1" s="F" t="F" l="F"/>
		<a id="2" s="C" t="C.3" l="C"/>
		<a id="3" s="F" t="F" l="F"/>
		<a id="4" s="F" t="F" l="F"/>
		<a id="5" s="O" t="O.3" l="O"/>
		<a id="6" s="C" t="C.ar" l="C"/>
		<a id="7" s="C" t="C.ar" l="C"/>
		<a id="8" s="C" t="C.ar" l="C"/>
		<a id="9" s="C" t="C.ar" l="C"/>
		<a id="10" s="C" t="C.ar" l="C"/>
		<a id="11" s="N" t="N.ar" l="N"/>
		<a id="12" s="C" t="C.ar" l="C"/>
		<a id="13" s="Cl" t="Cl" l="CL"/>
		<a id="14" s="N" t="N.ar" l="N"/>
		<a id="15" s="C" t="C.ar" l="C"/>
		<a id="16" s="C" t="C.ar" l="C"/>
		<a id="17" s="C" t="C.ar" l="C"/>
		<a id="18" s="N" t="N.ar" l="N"/>
		<a id="19" s="C" t="C.ar" l="C"/>
		<a id="20" s="C" t="C.ar" l="C"/>
		<a id="21" s="C" t="C.ar" l="C"/>
		<a id="22" s="H" t="H" l="H"/>
		<a id="23" s="H" t="H" l="H"/>
		<a id="24" s="H" t="H" l="H"/>
		<a id="25" s="H" t="H" l="H"/>
		<a id="26" s="H" t="H" l="H"/>
		<a id="27" s="H" t="H" l="H"/>
		<a id="28" s="H" t="H" l="H"/>
	</atoms>
	<bonds>
		<b id="1" c="1 2" t="1"/>
		<b id="2" c="2 3" t="1"/>
		<b id="3" c="2 4" t="1"/>
		<b id="4" c="2 5" t="1"/>
		<b id="5" c="5 6" t="1"/>
		<b id="6" c="6 7" t="ar"/>
		<b id="7" c="7 8" t="ar"/>
		<b id="8" c="8 9" t="ar"/>
		<b id="9" c="9 10" t="1"/>
		<b id="10" c="10 11" t="ar"/>
		<b id="11" c="11 12" t="ar"/>
		<b id="12" c="12 13" t="1"/>
		<b id="13" c="12 14" t="ar"/>
		<b id="14" c="14 15" t="ar"/>
		<b id="15" c="15 16" t="ar"/>
		<b id="16" c="16 17" t="ar"/>
		<b id="17" c="17 18" t="ar"/>
		<b id="18" c="18 19" t="ar"/>
		<b id="19" c="10 19" t="ar"/>
		<b id="20" c="15 19" t="ar"/>
		<b id="21" c="9 20" t="ar"/>
		<b id="22" c="20 21" t="ar"/>
		<b id="23" c="6 21" t="ar"/>
		<b id="24" c="7 22" t="1"/>
		<b id="25" c="8 23" t="1"/>
		<b id="26" c="16 24" t="1"/>
		<b id="27" c="17 25" t="1"/>
		<b id="28" c="18 26" t="1"/>
		<b id="29" c="20 27" t="1"/>
		<b id="30" c="21 28" t="1"/>
	</bonds>
	<geometry>
		<g u="A" t="cart/3d">#28,3:2.7506,0.2605,0.9484;2.1882,-0.4623,-0.0368;2.2436,-1.7399,0.3761;0.9033,-0.1290,-0.0704;2.7124,-0.2510,-1.2276;4.0870,-0.4376,-1.4465;4.9620,-0.9746,-0.5170;6.2982,-1.1018,-0.8520;6.7703,-0.6897,-2.0944;8.1990,-0.8258,-2.3983;8.8430,-1.8422,-1.8340;10.1287,-2.0160,-2.0983;10.8529,-3.3573,-1.3263;10.9071,-1.2982,-2.8706;10.3084,-0.2459,-3.4297;10.8172,0.7742,-4.2697;9.7788,1.6242,-4.5147;8.6430,1.1894,-3.8954;8.9250,0.0417,-3.2164;5.8674,-0.1771,-3.0251;4.5312,-0.0524,-2.7046;4.6295,-1.2983,0.4561;6.9968,-1.5259,-0.1491;11.8227,0.8569,-4.6250;9.7666,2.5237,-5.1001;7.7640,1.6792,-3.8819;6.1974,0.0842,-4.0193;3.8161,0.3341,-3.4122;</g>
	</geometry>
	<conformers/>
	<properties/>
</molecule>
