<?xml version="1.0" ?>
<!--MOLLI PACKAGE EXPERIMENTAL XML FORMAT-->
<molecule name="el3037">
	<atoms>
		<a id="1" s="C" t="C.3" l="C"/>
		<a id="2" s="C" t="C.3" l="C"/>
		<a id="3" s="N" t="N.ar" l="N"/>
		<a id="4" s="C" t="C.ar" l="C"/>
		<a id="5" s="N" t="N.ar" l="N"/>
		<a id="6" s="C" t="C.ar" l="C"/>
		<a id="7" s="N" t="N.ar" l="N"/>
		<a id="8" s="C" t="C.ar" l="C"/>
		<a id="9" s="Cl" t="Cl" l="CL"/>
		<a id="10" s="N" t="N.ar" l="N"/>
		<a id="11" s="C" t="C.ar" l="C"/>
		<a id="12" s="N" t="N.pl3" l="N"/>
		<a id="13" s="C" t="C.3" l="C"/>
		<a id="14" s="C" t="C.ar" l="C"/>
		<a id="15" s="C" t="C.ar" l="C"/>
		<a id="16" s="C" t="C.ar" l="C"/>
		<a id="17" s="C" t="C.ar" l="C"/>
		<a id="18" s="O" t="O.3" l="O"/>
		<a id="19" s="C" t="C.3" l="C"/>
		<a id="20" s="C" t="C.ar" l="C"/>
		<a id="21" s="O" t="O.3" l="O"/>
		<a id="22" s="C" t="C.3" l="C"/>
		<a id="23" s="C" t="C.ar" l="C"/>
		<a id="24" s="C" t="C.ar" l="C"/>
		<a id="25" s="H" t="H" l="H"/>
		<a id="26" s="H" t="H" l="H"/>
		<a id="27" s="H" t="H" l="H"/>
		<a id="28" s="H" t="H" l="H"/>
		<a id="29" s="H" t="H" l="H"/>
		<a id="30" s="H" t="H" l="H"/>
		<a id="31" s="H" t="H" l="H"/>
		<a id="32" s="H" t="H" l="H"/>
		<a id="33" s="H" t="H" l="H"/>
		<a id="34" s="H" t="H" l="H"/>
		<a id="35" s="H" t="H" l="H"/>
		<a id="36" s="H" t="H" l="H"/>
		<a id="37" s="H" t="H" l="H"/>
		<a id="38" s="H" t="H" l="H"/>
		<a id="39" s="H" t="H" l="H"/>
		<a id="40" s="H" t="H" l="H"/>
		<a id="41" s="H" t="H" l="H"/>
		<a id="42" s="H" t="H" l="H"/>
	</atoms>
	<bonds>
		<b id="1" c="1 2" t="1"/>
		<b id="2" c="2 3" t="1"/>
		<b id="3" c="3 4" t="ar"/>
		<b id="4" c="4 5" t="ar"/>
		<b id="5" c="5 6" t="ar"/>
		<b id="6" c="6 7" t="ar"/>
		<b id="7" c="7 8" t="ar"/>
		<b id="8" c="8 9" t="1"/>
		<b id="9" c="8 10" t="ar"/>
		<b id="10" c="10 11" t="ar"/>
		<b id="11" c="11 12" t="1"/>
		<b id="12" c="12 13" t="1"/>
		<b id="13" c="13 14" t="1"/>
		<b id="14" c="14 15" t="ar"/>
		<b id="15" c="15 16" t="ar"/>
		<b id="16" c="16 17" t="ar"/>
		<b id="17" c="17 18" t="1"/>
		<b id="18" c="18 19" t="1"/>
		<b id="19" c="17 20" t="ar"/>
		<b id="20" c="20 21" t="1"/>
		<b id="21" c="21 22" t="1"/>
		<b id="22" c="20 23" t="ar"/>
		<b id="23" c="14 23" t="ar"/>
		<b id="24" c="11 24" t="ar"/>
		<b id="25" c="6 24" t="ar"/>
		<b id="26" c="3 24" t="ar"/>
		<b id="27" c="1 25" t="1"/>
		<b id="28" c="1 26" t="1"/>
		<b id="29" c="1 27" t="1"/>
		<b id="30" c="2 28" t="1"/>
		<b id="31" c="2 29" t="1"/>
		<b id="32" c="4 30" t="1"/>
		<b id="33" c="12 31" t="1"/>
		<b id="34" c="13 32" t="1"/>
		<b id="35" c="13 33" t="1"/>
		<b id="36" c="15 34" t="1"/>
		<b id="37" c="16 35" t="1"/>
		<b id="38" c="19 36" t="1"/>
		<b id="39" c="19 37" t="1"/>
		<b id="40" c="19 38" t="1"/>
		<b id="41" c="22 39" t="1"/>
		<b id="42" c="22 40" t="1"/>
		<b id="43" c="22 41" t="1"/>
		<b id="44" c="23 42" t="1"/>
	</bonds>
	<geometry>
		<g u="A" t="cart/3d">#42,3:5.1366,1.6049,0.7522;4.2241,0.5541,0.1228;2.9719,0.4471,0.8261;2.6217,-0.5475,1.6813;1.4561,-0.3988,2.2373;0.9763,0.7731,1.7442;-0.1972,1.3469,2.0228;-0.3839,2.4750,1.3914;-1.8669,3.2695,1.6886;0.4110,3.0974,0.5378;1.5886,2.5543,0.2312;2.4099,3.2452,-0.5963;1.9130,4.3705,-1.3713;1.3302,3.8914,-2.6744;-0.0168,3.5906,-2.7826;-0.5183,3.0755,-3.9645;0.2980,2.8368,-5.0643;-0.1658,2.3041,-6.2408;-1.5409,2.0414,-6.3690;1.6683,3.1456,-4.9647;2.6289,2.9712,-5.9177;2.2890,2.7187,-7.2630;2.1516,3.6614,-3.7669;1.9206,1.3369,0.8476;6.0563,1.6871,0.1795;5.3852,1.3208,1.7718;4.6491,2.5769,0.7777;4.7064,-0.4267,0.1620;4.0291,0.7878,-0.9298;3.2648,-1.3866,1.8661;3.1617,2.7312,-1.0288;2.7501,5.0515,-1.5442;1.1508,4.8589,-0.7650;-0.6742,3.7512,-1.9430;-1.5703,2.8478,-4.0194;-1.6685,1.6610,-7.3817;-2.1392,2.9496,-6.2462;-1.8764,1.2829,-5.6546;3.2321,2.7710,-7.8072;1.6028,3.4734,-7.6529;1.8478,1.7287,-7.3920;3.2066,3.8884,-3.7233;</g>
	</geometry>
	<conformers/>
	<properties/>
</molecule>
