<?xml version="1.0" ?>
<!--MOLLI PACKAGE EXPERIMENTAL XML FORMAT-->
<molecule name="el3372">
	<atoms>
		<a id="1" s="C" t="C.3" l="C"/>
		<a id="2" s="N" t="N.pl3" l="N"/>
		<a id="3" s="C" t="C.3" l="C"/>
		<a id="4" s="C" t="C.ar" l="C"/>
		<a id="5" s="C" t="C.ar" l="C"/>
		<a id="6" s="C" t="C.ar" l="C"/>
		<a id="7" s="C" t="C.ar" l="C"/>
		<a id="8" s="C" t="C.ar" l="C"/>
		<a id="9" s="C" t="C.ar" l="C"/>
		<a id="10" s="C" t="C.ar" l="C"/>
		<a id="11" s="C" t="C.ar" l="C"/>
		<a id="12" s="Cl" t="Cl" l="CL"/>
		<a id="13" s="N" t="N.ar" l="N"/>
		<a id="14" s="N" t="N.ar" l="N"/>
		<a id="15" s="C" t="C.ar" l="C"/>
		<a id="16" s="N" t="N.pl3" l="N"/>
		<a id="17" s="C" t="C.ar" l="C"/>
		<a id="18" s="H" t="H" l="H"/>
		<a id="19" s="H" t="H" l="H"/>
		<a id="20" s="H" t="H" l="H"/>
		<a id="21" s="H" t="H" l="H"/>
		<a id="22" s="H" t="H" l="H"/>
		<a id="23" s="H" t="H" l="H"/>
		<a id="24" s="H" t="H" l="H"/>
		<a id="25" s="H" t="H" l="H"/>
		<a id="26" s="H" t="H" l="H"/>
		<a id="27" s="H" t="H" l="H"/>
		<a id="28" s="H" t="H" l="H"/>
		<a id="29" s="H" t="H" l="H"/>
		<a id="30" s="H" t="H" l="H"/>
	</atoms>
	<bonds>
		<b id="1" c="1 2" t="1"/>
		<b id="2" c="2 3" t="1"/>
		<b id="3" c="2 4" t="1"/>
		<b id="4" c="4 5" t="ar"/>
		<b id="5" c="5 6" t="ar"/>
		<b id="6" c="6 7" t="ar"/>
		<b id="7" c="7 8" t="ar"/>
		<b id="8" c="8 9" t="1"/>
		<b id="9" c="9 10" t="ar"/>
		<b id="10" c="10 11" t="ar"/>
		<b id="11" c="11 12" t="1"/>
		<b id="12" c="11 13" t="ar"/>
		<b id="13" c="13 14" t="ar"/>
		<b id="14" c="14 15" t="ar"/>
		<b id="15" c="9 15" t="ar"/>
		<b id="16" c="15 16" t="1"/>
		<b id="17" c="8 17" t="ar"/>
		<b id="18" c="4 17" t="ar"/>
		<b id="19" c="1 18" t="1"/>
		<b id="20" c="1 19" t="1"/>
		<b id="21" c="1 20" t="1"/>
		<b id="22" c="3 21" t="1"/>
		<b id="23" c="3 22" t="1"/>
		<b id="24" c="3 23" t="1"/>
		<b id="25" c="5 24" t="1"/>
		<b id="26" c="6 25" t="1"/>
		<b id="27" c="7 26" t="1"/>
		<b id="28" c="10 27" t="1"/>
		<b id="29" c="16 28" t="1"/>
		<b id="30" c="16 29" t="1"/>
		<b id="31" c="17 30" t="1"/>
	</bonds>
	<geometry>
		<g u="A" t="cart/3d">#30,3:2.8623,1.4332,0.3098;2.4007,0.0898,0.0569;1.0183,-0.0923,-0.3158;3.1271,-0.9811,0.5146;2.6387,-2.2934,0.4128;3.3885,-3.3654,0.8517;4.6487,-3.1871,1.3938;5.1554,-1.8944,1.5035;6.4831,-1.6464,2.0830;6.6828,-0.6802,3.0458;7.9843,-0.5109,3.5303;8.3011,0.6764,4.7360;9.0091,-1.2138,3.1144;8.8431,-2.1167,2.1939;7.6459,-2.3604,1.6709;7.5919,-3.3460,0.7395;4.3985,-0.8113,1.0770;2.1737,2.1424,-0.1431;3.8447,1.5896,-0.1411;2.9289,1.6537,1.3820;0.5894,0.8669,-0.5946;0.4235,-0.5091,0.5051;0.9383,-0.7581,-1.1787;1.6659,-2.4847,-0.0077;2.9793,-4.3621,0.7708;5.2126,-4.0286,1.7653;5.8680,-0.0868,3.4290;8.4767,-3.6727,0.3915;6.7876,-3.4000,0.1384;4.8280,0.1718,1.1759;</g>
	</geometry>
	<conformers/>
	<properties/>
</molecule>
