<?xml version="1.0" ?>
<!--MOLLI PACKAGE EXPERIMENTAL XML FORMAT-->
<molecule name="el3373">
	<atoms>
		<a id="1" s="C" t="C.3" l="C"/>
		<a id="2" s="C" t="C.ar" l="C"/>
		<a id="3" s="C" t="C.ar" l="C"/>
		<a id="4" s="C" t="C.ar" l="C"/>
		<a id="5" s="C" t="C.1" l="C"/>
		<a id="6" s="N" t="N.1" l="N"/>
		<a id="7" s="C" t="C.ar" l="C"/>
		<a id="8" s="C" t="C.ar" l="C"/>
		<a id="9" s="C" t="C.3" l="C"/>
		<a id="10" s="C" t="C.ar" l="C"/>
		<a id="11" s="O" t="O.3" l="O"/>
		<a id="12" s="C" t="C.ar" l="C"/>
		<a id="13" s="C" t="C.ar" l="C"/>
		<a id="14" s="C" t="C.ar" l="C"/>
		<a id="15" s="Cl" t="Cl" l="CL"/>
		<a id="16" s="N" t="N.ar" l="N"/>
		<a id="17" s="C" t="C.ar" l="C"/>
		<a id="18" s="N" t="N.pl3" l="N"/>
		<a id="19" s="C" t="C.ar" l="C"/>
		<a id="20" s="C" t="C.ar" l="C"/>
		<a id="21" s="C" t="C.ar" l="C"/>
		<a id="22" s="C" t="C.ar" l="C"/>
		<a id="23" s="C" t="C.ar" l="C"/>
		<a id="24" s="C" t="C.1" l="C"/>
		<a id="25" s="N" t="N.1" l="N"/>
		<a id="26" s="C" t="C.ar" l="C"/>
		<a id="27" s="N" t="N.ar" l="N"/>
		<a id="28" s="H" t="H" l="H"/>
		<a id="29" s="H" t="H" l="H"/>
		<a id="30" s="H" t="H" l="H"/>
		<a id="31" s="H" t="H" l="H"/>
		<a id="32" s="H" t="H" l="H"/>
		<a id="33" s="H" t="H" l="H"/>
		<a id="34" s="H" t="H" l="H"/>
		<a id="35" s="H" t="H" l="H"/>
		<a id="36" s="H" t="H" l="H"/>
		<a id="37" s="H" t="H" l="H"/>
		<a id="38" s="H" t="H" l="H"/>
		<a id="39" s="H" t="H" l="H"/>
		<a id="40" s="H" t="H" l="H"/>
		<a id="41" s="H" t="H" l="H"/>
	</atoms>
	<bonds>
		<b id="1" c="1 2" t="1"/>
		<b id="2" c="2 3" t="ar"/>
		<b id="3" c="3 4" t="ar"/>
		<b id="4" c="4 5" t="1"/>
		<b id="5" c="5 6" t="3"/>
		<b id="6" c="4 7" t="ar"/>
		<b id="7" c="7 8" t="ar"/>
		<b id="8" c="8 9" t="1"/>
		<b id="9" c="8 10" t="ar"/>
		<b id="10" c="2 10" t="ar"/>
		<b id="11" c="10 11" t="1"/>
		<b id="12" c="11 12" t="1"/>
		<b id="13" c="12 13" t="ar"/>
		<b id="14" c="13 14" t="ar"/>
		<b id="15" c="14 15" t="1"/>
		<b id="16" c="14 16" t="ar"/>
		<b id="17" c="16 17" t="ar"/>
		<b id="18" c="17 18" t="1"/>
		<b id="19" c="18 19" t="1"/>
		<b id="20" c="19 20" t="ar"/>
		<b id="21" c="20 21" t="ar"/>
		<b id="22" c="21 22" t="ar"/>
		<b id="23" c="22 23" t="ar"/>
		<b id="24" c="23 24" t="1"/>
		<b id="25" c="24 25" t="3"/>
		<b id="26" c="23 26" t="ar"/>
		<b id="27" c="19 26" t="ar"/>
		<b id="28" c="17 27" t="ar"/>
		<b id="29" c="12 27" t="ar"/>
		<b id="30" c="1 28" t="1"/>
		<b id="31" c="1 29" t="1"/>
		<b id="32" c="1 30" t="1"/>
		<b id="33" c="3 31" t="1"/>
		<b id="34" c="7 32" t="1"/>
		<b id="35" c="9 33" t="1"/>
		<b id="36" c="9 34" t="1"/>
		<b id="37" c="9 35" t="1"/>
		<b id="38" c="13 36" t="1"/>
		<b id="39" c="18 37" t="1"/>
		<b id="40" c="20 38" t="1"/>
		<b id="41" c="21 39" t="1"/>
		<b id="42" c="22 40" t="1"/>
		<b id="43" c="26 41" t="1"/>
	</bonds>
	<geometry>
		<g u="A" t="cart/3d">#41,3:2.8016,-0.1812,-3.1481;3.5224,-1.2168,-2.3434;4.1652,-2.2733,-2.9703;4.8197,-3.2504,-2.2247;5.4712,-4.3173,-2.8859;6.0046,-5.1772,-3.4243;4.8310,-3.1832,-0.8327;4.2043,-2.1349,-0.1826;4.1996,-2.0261,1.3097;3.5649,-1.1573,-0.9500;2.8983,-0.1531,-0.2523;3.3399,1.1001,-0.3518;2.6398,2.0973,0.3453;3.1563,3.3679,0.2092;2.4220,4.6956,1.0081;4.2163,3.6568,-0.5237;4.8052,2.6429,-1.1478;5.8837,2.8417,-1.9408;6.5136,4.0150,-2.3371;6.1861,5.2700,-1.8242;6.8479,6.3987,-2.2755;7.8384,6.3089,-3.2354;8.1712,5.0544,-3.7470;9.1746,4.9399,-4.7382;9.9822,4.8509,-5.5466;7.5155,3.9117,-3.2991;4.4114,1.3650,-1.0774;2.5596,-0.5666,-4.1351;3.4292,0.7027,-3.2652;1.8829,0.1243,-2.6504;4.1542,-2.3450,-4.0479;5.3336,-3.9512,-0.2636;4.7213,-2.8654,1.7600;3.1760,-2.0021,1.6804;4.6836,-1.1010,1.6213;1.7723,1.8680,0.9354;6.2323,1.9856,-2.3537;5.4121,5.3455,-1.0805;6.5826,7.3632,-1.8701;8.3522,7.1882,-3.5922;7.7856,2.9475,-3.7066;</g>
	</geometry>
	<conformers/>
	<properties/>
</molecule>
