<?xml version="1.0" ?>
<!--MOLLI PACKAGE EXPERIMENTAL XML FORMAT-->
<molecule name="el3375">
	<atoms>
		<a id="1" s="C" t="C.3" l="C"/>
		<a id="2" s="C" t="C.ar" l="C"/>
		<a id="3" s="C" t="C.ar" l="C"/>
		<a id="4" s="C" t="C.ar" l="C"/>
		<a id="5" s="C" t="C.3" l="C"/>
		<a id="6" s="C" t="C.ar" l="C"/>
		<a id="7" s="O" t="O.3" l="O"/>
		<a id="8" s="C" t="C.ar" l="C"/>
		<a id="9" s="C" t="C.ar" l="C"/>
		<a id="10" s="C" t="C.ar" l="C"/>
		<a id="11" s="Cl" t="Cl" l="CL"/>
		<a id="12" s="N" t="N.ar" l="N"/>
		<a id="13" s="C" t="C.ar" l="C"/>
		<a id="14" s="N" t="N.pl3" l="N"/>
		<a id="15" s="C" t="C.ar" l="C"/>
		<a id="16" s="C" t="C.ar" l="C"/>
		<a id="17" s="C" t="C.ar" l="C"/>
		<a id="18" s="C" t="C.ar" l="C"/>
		<a id="19" s="C" t="C.ar" l="C"/>
		<a id="20" s="C" t="C.1" l="C"/>
		<a id="21" s="N" t="N.1" l="N"/>
		<a id="22" s="C" t="C.ar" l="C"/>
		<a id="23" s="N" t="N.ar" l="N"/>
		<a id="24" s="C" t="C.ar" l="C"/>
		<a id="25" s="C" t="C.3" l="C"/>
		<a id="26" s="C" t="C.ar" l="C"/>
		<a id="27" s="H" t="H" l="H"/>
		<a id="28" s="H" t="H" l="H"/>
		<a id="29" s="H" t="H" l="H"/>
		<a id="30" s="H" t="H" l="H"/>
		<a id="31" s="H" t="H" l="H"/>
		<a id="32" s="H" t="H" l="H"/>
		<a id="33" s="H" t="H" l="H"/>
		<a id="34" s="H" t="H" l="H"/>
		<a id="35" s="H" t="H" l="H"/>
		<a id="36" s="H" t="H" l="H"/>
		<a id="37" s="H" t="H" l="H"/>
		<a id="38" s="H" t="H" l="H"/>
		<a id="39" s="H" t="H" l="H"/>
		<a id="40" s="H" t="H" l="H"/>
		<a id="41" s="H" t="H" l="H"/>
		<a id="42" s="H" t="H" l="H"/>
		<a id="43" s="H" t="H" l="H"/>
	</atoms>
	<bonds>
		<b id="1" c="1 2" t="1"/>
		<b id="2" c="2 3" t="ar"/>
		<b id="3" c="3 4" t="ar"/>
		<b id="4" c="4 5" t="1"/>
		<b id="5" c="4 6" t="ar"/>
		<b id="6" c="6 7" t="1"/>
		<b id="7" c="7 8" t="1"/>
		<b id="8" c="8 9" t="ar"/>
		<b id="9" c="9 10" t="ar"/>
		<b id="10" c="10 11" t="1"/>
		<b id="11" c="10 12" t="ar"/>
		<b id="12" c="12 13" t="ar"/>
		<b id="13" c="13 14" t="1"/>
		<b id="14" c="14 15" t="1"/>
		<b id="15" c="15 16" t="ar"/>
		<b id="16" c="16 17" t="ar"/>
		<b id="17" c="17 18" t="ar"/>
		<b id="18" c="18 19" t="ar"/>
		<b id="19" c="19 20" t="1"/>
		<b id="20" c="20 21" t="3"/>
		<b id="21" c="19 22" t="ar"/>
		<b id="22" c="15 22" t="ar"/>
		<b id="23" c="13 23" t="ar"/>
		<b id="24" c="8 23" t="ar"/>
		<b id="25" c="6 24" t="ar"/>
		<b id="26" c="24 25" t="1"/>
		<b id="27" c="24 26" t="ar"/>
		<b id="28" c="2 26" t="ar"/>
		<b id="29" c="1 27" t="1"/>
		<b id="30" c="1 28" t="1"/>
		<b id="31" c="1 29" t="1"/>
		<b id="32" c="3 30" t="1"/>
		<b id="33" c="5 31" t="1"/>
		<b id="34" c="5 32" t="1"/>
		<b id="35" c="5 33" t="1"/>
		<b id="36" c="9 34" t="1"/>
		<b id="37" c="14 35" t="1"/>
		<b id="38" c="16 36" t="1"/>
		<b id="39" c="17 37" t="1"/>
		<b id="40" c="18 38" t="1"/>
		<b id="41" c="22 39" t="1"/>
		<b id="42" c="25 40" t="1"/>
		<b id="43" c="25 41" t="1"/>
		<b id="44" c="25 42" t="1"/>
		<b id="45" c="26 43" t="1"/>
	</bonds>
	<geometry>
		<g u="A" t="cart/3d">#43,3:-5.5653,0.3523,-3.8482;-4.7752,-0.2608,-2.7321;-5.3358,-1.2200,-1.9027;-4.6224,-1.7824,-0.8533;-5.2358,-2.8193,0.0367;-3.3131,-1.3586,-0.6512;-2.5695,-1.8604,0.4274;-2.0635,-3.0801,0.3021;-1.3325,-3.6117,1.3792;-0.8397,-4.8804,1.1736;0.0705,-5.6688,2.3966;-1.0198,-5.5735,0.0626;-1.7217,-4.9811,-0.8969;-1.9682,-5.6062,-2.0736;-1.6044,-6.8642,-2.5301;-0.8341,-7.7567,-1.7837;-0.5076,-8.9965,-2.3046;-0.9334,-9.3766,-3.5636;-1.7047,-8.4870,-4.3122;-2.1547,-8.8540,-5.6022;-2.5217,-9.1528,-6.6463;-2.0387,-7.2372,-3.8002;-2.2506,-3.7561,-0.8188;-2.7178,-0.3979,-1.4653;-1.3011,0.0188,-1.2150;-3.4662,0.1409,-2.4991;-6.4560,-0.2323,-4.0627;-4.9634,0.4233,-4.7518;-5.8757,1.3607,-3.5745;-6.3540,-1.5404,-2.0715;-6.3115,-2.8639,-0.1106;-5.0289,-2.5965,1.0824;-4.8136,-3.7998,-0.1865;-1.1825,-3.0549,2.2851;-2.5166,-5.0381,-2.7071;-0.5016,-7.4650,-0.8026;0.0898,-9.6756,-1.7155;-0.6799,-10.3430,-3.9716;-2.6367,-6.5596,-4.3936;-0.6286,-0.8264,-1.3650;-1.1828,0.3563,-0.1862;-1.0101,0.8208,-1.8879;-3.0185,0.8880,-3.1386;</g>
	</geometry>
	<conformers/>
	<properties/>
</molecule>
