<?xml version="1.0" ?>
<!--MOLLI PACKAGE EXPERIMENTAL XML FORMAT-->
<molecule name="el3377">
	<atoms>
		<a id="1" s="C" t="C.3" l="C"/>
		<a id="2" s="C" t="C.3" l="C"/>
		<a id="3" s="C" t="C.3" l="C"/>
		<a id="4" s="C" t="C.3" l="C"/>
		<a id="5" s="C" t="C.3" l="C"/>
		<a id="6" s="C" t="C.3" l="C"/>
		<a id="7" s="C" t="C.3" l="C"/>
		<a id="8" s="N" t="N.pl3" l="N"/>
		<a id="9" s="C" t="C.ar" l="C"/>
		<a id="10" s="C" t="C.ar" l="C"/>
		<a id="11" s="C" t="C.ar" l="C"/>
		<a id="12" s="Cl" t="Cl" l="CL"/>
		<a id="13" s="N" t="N.ar" l="N"/>
		<a id="14" s="C" t="C.ar" l="C"/>
		<a id="15" s="C" t="C.ar" l="C"/>
		<a id="16" s="C" t="C.2" l="C"/>
		<a id="17" s="N" t="N.am" l="N"/>
		<a id="18" s="O" t="O.2" l="O"/>
		<a id="19" s="H" t="H" l="H"/>
		<a id="20" s="H" t="H" l="H"/>
		<a id="21" s="H" t="H" l="H"/>
		<a id="22" s="H" t="H" l="H"/>
		<a id="23" s="H" t="H" l="H"/>
		<a id="24" s="H" t="H" l="H"/>
		<a id="25" s="H" t="H" l="H"/>
		<a id="26" s="H" t="H" l="H"/>
		<a id="27" s="H" t="H" l="H"/>
		<a id="28" s="H" t="H" l="H"/>
		<a id="29" s="H" t="H" l="H"/>
		<a id="30" s="H" t="H" l="H"/>
		<a id="31" s="H" t="H" l="H"/>
		<a id="32" s="H" t="H" l="H"/>
		<a id="33" s="H" t="H" l="H"/>
		<a id="34" s="H" t="H" l="H"/>
		<a id="35" s="H" t="H" l="H"/>
		<a id="36" s="H" t="H" l="H"/>
	</atoms>
	<bonds>
		<b id="1" c="2 3" t="1"/>
		<b id="2" c="3 4" t="1"/>
		<b id="3" c="4 5" t="1"/>
		<b id="4" c="5 6" t="1"/>
		<b id="5" c="6 7" t="1"/>
		<b id="6" c="2 7" t="1"/>
		<b id="7" c="7 8" t="1"/>
		<b id="8" c="8 9" t="1"/>
		<b id="9" c="9 10" t="ar"/>
		<b id="10" c="10 11" t="ar"/>
		<b id="11" c="11 12" t="1"/>
		<b id="12" c="11 13" t="ar"/>
		<b id="13" c="13 14" t="ar"/>
		<b id="14" c="14 15" t="ar"/>
		<b id="15" c="9 15" t="ar"/>
		<b id="16" c="15 16" t="1"/>
		<b id="17" c="16 17" t="am"/>
		<b id="18" c="16 18" t="2"/>
		<b id="19" c="2 1" t="1"/>
		<b id="20" c="1 19" t="1"/>
		<b id="21" c="1 20" t="1"/>
		<b id="22" c="1 21" t="1"/>
		<b id="23" c="2 22" t="1"/>
		<b id="24" c="3 23" t="1"/>
		<b id="25" c="3 24" t="1"/>
		<b id="26" c="4 25" t="1"/>
		<b id="27" c="4 26" t="1"/>
		<b id="28" c="5 27" t="1"/>
		<b id="29" c="5 28" t="1"/>
		<b id="30" c="6 29" t="1"/>
		<b id="31" c="6 30" t="1"/>
		<b id="32" c="7 31" t="1"/>
		<b id="33" c="8 32" t="1"/>
		<b id="34" c="10 33" t="1"/>
		<b id="35" c="14 34" t="1"/>
		<b id="36" c="17 35" t="1"/>
		<b id="37" c="17 36" t="1"/>
	</bonds>
	<geometry>
		<g u="A" t="cart/3d">#36,3:0.8077,-0.1868,2.0652;0.9056,0.0414,0.5580;0.1795,1.3153,0.1142;-1.3371,1.1877,0.2209;-1.8308,0.0013,-0.6001;-1.1481,-1.2849,-0.1450;0.3709,-1.1560,-0.2584;0.9810,-2.4004,0.1539;2.1573,-2.9020,-0.2772;3.0026,-2.2017,-1.1516;4.1597,-2.8165,-1.5843;5.2065,-1.9666,-2.6541;4.5471,-4.0315,-1.2479;3.7613,-4.6963,-0.4198;2.5871,-4.1940,0.1196;1.8364,-5.0585,1.0676;1.3540,-4.4093,2.1797;1.6376,-6.2377,0.8873;1.1860,0.6849,2.5937;1.4103,-1.0446,2.3554;-0.2152,-0.3597,2.3851;1.9695,0.1576,0.3209;0.4419,1.5252,-0.9257;0.5246,2.1566,0.7180;-1.8039,2.1059,-0.1401;-1.6286,1.0594,1.2643;-1.6091,0.1739,-1.6556;-2.9126,-0.1012,-0.4985;-1.4810,-2.1221,-0.7623;-1.4253,-1.5009,0.8886;0.6153,-0.9805,-1.3139;0.4268,-2.9943,0.7523;2.7666,-1.2089,-1.4926;4.0903,-5.6914,-0.1546;1.7973,-3.5594,2.4875;0.9784,-5.0037,2.9040;</g>
	</geometry>
	<conformers/>
	<properties/>
</molecule>
