<?xml version="1.0" ?>
<!--MOLLI PACKAGE EXPERIMENTAL XML FORMAT-->
<molecule name="el3379">
	<atoms>
		<a id="1" s="O" t="O.2" l="O"/>
		<a id="2" s="S" t="S.O2" l="S"/>
		<a id="3" s="O" t="O.2" l="O"/>
		<a id="4" s="C" t="C.ar" l="C"/>
		<a id="5" s="C" t="C.ar" l="C"/>
		<a id="6" s="C" t="C.ar" l="C"/>
		<a id="7" s="C" t="C.ar" l="C"/>
		<a id="8" s="C" t="C.ar" l="C"/>
		<a id="9" s="C" t="C.ar" l="C"/>
		<a id="10" s="N" t="N.ar" l="N"/>
		<a id="11" s="C" t="C.ar" l="C"/>
		<a id="12" s="C" t="C.ar" l="C"/>
		<a id="13" s="C" t="C.ar" l="C"/>
		<a id="14" s="C" t="C.ar" l="C"/>
		<a id="15" s="C" t="C.ar" l="C"/>
		<a id="16" s="C" t="C.ar" l="C"/>
		<a id="17" s="C" t="C.ar" l="C"/>
		<a id="18" s="C" t="C.ar" l="C"/>
		<a id="19" s="Cl" t="Cl" l="CL"/>
		<a id="20" s="N" t="N.ar" l="N"/>
		<a id="21" s="C" t="C.ar" l="C"/>
		<a id="22" s="N" t="N.ar" l="N"/>
		<a id="23" s="C" t="C.ar" l="C"/>
		<a id="24" s="N" t="N.ar" l="N"/>
		<a id="25" s="C" t="C.ar" l="C"/>
		<a id="26" s="H" t="H" l="H"/>
		<a id="27" s="H" t="H" l="H"/>
		<a id="28" s="H" t="H" l="H"/>
		<a id="29" s="H" t="H" l="H"/>
		<a id="30" s="H" t="H" l="H"/>
		<a id="31" s="H" t="H" l="H"/>
		<a id="32" s="H" t="H" l="H"/>
		<a id="33" s="H" t="H" l="H"/>
		<a id="34" s="H" t="H" l="H"/>
		<a id="35" s="H" t="H" l="H"/>
		<a id="36" s="H" t="H" l="H"/>
	</atoms>
	<bonds>
		<b id="1" c="1 2" t="2"/>
		<b id="2" c="2 3" t="2"/>
		<b id="3" c="2 4" t="1"/>
		<b id="4" c="4 5" t="ar"/>
		<b id="5" c="5 6" t="ar"/>
		<b id="6" c="6 7" t="ar"/>
		<b id="7" c="7 8" t="ar"/>
		<b id="8" c="8 9" t="ar"/>
		<b id="9" c="4 9" t="ar"/>
		<b id="10" c="2 10" t="1"/>
		<b id="11" c="10 11" t="ar"/>
		<b id="12" c="11 12" t="ar"/>
		<b id="13" c="12 13" t="ar"/>
		<b id="14" c="13 14" t="ar"/>
		<b id="15" c="14 15" t="ar"/>
		<b id="16" c="15 16" t="1"/>
		<b id="17" c="16 17" t="ar"/>
		<b id="18" c="17 18" t="ar"/>
		<b id="19" c="18 19" t="1"/>
		<b id="20" c="18 20" t="ar"/>
		<b id="21" c="20 21" t="ar"/>
		<b id="22" c="21 22" t="ar"/>
		<b id="23" c="16 22" t="ar"/>
		<b id="24" c="15 23" t="ar"/>
		<b id="25" c="23 24" t="ar"/>
		<b id="26" c="24 25" t="ar"/>
		<b id="27" c="13 25" t="ar"/>
		<b id="28" c="10 25" t="ar"/>
		<b id="29" c="5 26" t="1"/>
		<b id="30" c="6 27" t="1"/>
		<b id="31" c="7 28" t="1"/>
		<b id="32" c="8 29" t="1"/>
		<b id="33" c="9 30" t="1"/>
		<b id="34" c="11 31" t="1"/>
		<b id="35" c="12 32" t="1"/>
		<b id="36" c="14 33" t="1"/>
		<b id="37" c="17 34" t="1"/>
		<b id="38" c="21 35" t="1"/>
		<b id="39" c="23 36" t="1"/>
	</bonds>
	<geometry>
		<g u="A" t="cart/3d">#36,3:0.8623,-0.0159,-0.3352;2.2497,-0.1042,-0.0173;3.0071,1.1008,0.1184;2.5380,-1.2102,1.3450;1.5374,-2.0752,1.7371;1.7956,-2.9673,2.7647;3.0415,-2.9798,3.3729;4.0346,-2.1015,2.9667;3.7832,-1.2062,1.9400;3.0312,-0.9668,-1.2868;3.9267,-0.4466,-2.1959;4.3111,-1.3933,-3.0895;3.6222,-2.5933,-2.7403;3.5686,-3.8936,-3.2206;2.7439,-4.7932,-2.5492;2.5991,-6.1859,-2.9726;2.8820,-6.6106,-4.2741;2.7040,-7.9618,-4.5279;3.0282,-8.6013,-6.0875;2.2824,-8.8169,-3.6155;2.0254,-8.3094,-2.4216;2.1611,-7.0566,-2.0563;2.0295,-4.3543,-1.4184;2.0605,-3.1275,-0.9410;2.8302,-2.2777,-1.6007;0.5874,-2.0363,1.2313;1.0288,-3.6539,3.0881;3.2420,-3.6798,4.1703;5.0014,-2.1160,3.4459;4.5266,-0.5020,1.6009;4.2040,0.5846,-2.1015;4.9948,-1.2655,-3.9048;4.1690,-4.1942,-4.0663;3.2033,-5.9372,-5.0492;1.6690,-9.0042,-1.6726;1.4027,-5.0552,-0.8878;</g>
	</geometry>
	<conformers/>
	<properties/>
</molecule>
