<?xml version="1.0" ?>
<!--MOLLI PACKAGE EXPERIMENTAL XML FORMAT-->
<molecule name="el3380">
	<atoms>
		<a id="1" s="C" t="C.3" l="C"/>
		<a id="2" s="C" t="C.3" l="C"/>
		<a id="3" s="C" t="C.3" l="C"/>
		<a id="4" s="C" t="C.3" l="C"/>
		<a id="5" s="C" t="C.ar" l="C"/>
		<a id="6" s="N" t="N.ar" l="N"/>
		<a id="7" s="C" t="C.ar" l="C"/>
		<a id="8" s="C" t="C.ar" l="C"/>
		<a id="9" s="F" t="F" l="F"/>
		<a id="10" s="C" t="C.ar" l="C"/>
		<a id="11" s="C" t="C.ar" l="C"/>
		<a id="12" s="C" t="C.ar" l="C"/>
		<a id="13" s="C" t="C.ar" l="C"/>
		<a id="14" s="C" t="C.ar" l="C"/>
		<a id="15" s="N" t="N.ar" l="N"/>
		<a id="16" s="C" t="C.ar" l="C"/>
		<a id="17" s="Cl" t="Cl" l="CL"/>
		<a id="18" s="N" t="N.ar" l="N"/>
		<a id="19" s="C" t="C.ar" l="C"/>
		<a id="20" s="C" t="C.ar" l="C"/>
		<a id="21" s="N" t="N.ar" l="N"/>
		<a id="22" s="H" t="H" l="H"/>
		<a id="23" s="H" t="H" l="H"/>
		<a id="24" s="H" t="H" l="H"/>
		<a id="25" s="H" t="H" l="H"/>
		<a id="26" s="H" t="H" l="H"/>
		<a id="27" s="H" t="H" l="H"/>
		<a id="28" s="H" t="H" l="H"/>
		<a id="29" s="H" t="H" l="H"/>
		<a id="30" s="H" t="H" l="H"/>
		<a id="31" s="H" t="H" l="H"/>
		<a id="32" s="H" t="H" l="H"/>
		<a id="33" s="H" t="H" l="H"/>
	</atoms>
	<bonds>
		<b id="1" c="1 2" t="1"/>
		<b id="2" c="2 3" t="1"/>
		<b id="3" c="3 4" t="1"/>
		<b id="4" c="4 5" t="1"/>
		<b id="5" c="5 6" t="ar"/>
		<b id="6" c="6 7" t="ar"/>
		<b id="7" c="7 8" t="ar"/>
		<b id="8" c="8 9" t="1"/>
		<b id="9" c="8 10" t="ar"/>
		<b id="10" c="10 11" t="ar"/>
		<b id="11" c="11 12" t="1"/>
		<b id="12" c="12 13" t="ar"/>
		<b id="13" c="13 14" t="ar"/>
		<b id="14" c="14 15" t="ar"/>
		<b id="15" c="15 16" t="ar"/>
		<b id="16" c="16 17" t="1"/>
		<b id="17" c="16 18" t="ar"/>
		<b id="18" c="12 18" t="ar"/>
		<b id="19" c="11 19" t="ar"/>
		<b id="20" c="19 20" t="ar"/>
		<b id="21" c="7 20" t="ar"/>
		<b id="22" c="20 21" t="ar"/>
		<b id="23" c="5 21" t="ar"/>
		<b id="24" c="2 21" t="1"/>
		<b id="25" c="1 22" t="1"/>
		<b id="26" c="1 23" t="1"/>
		<b id="27" c="1 24" t="1"/>
		<b id="28" c="2 25" t="1"/>
		<b id="29" c="3 26" t="1"/>
		<b id="30" c="3 27" t="1"/>
		<b id="31" c="4 28" t="1"/>
		<b id="32" c="4 29" t="1"/>
		<b id="33" c="10 30" t="1"/>
		<b id="34" c="13 31" t="1"/>
		<b id="35" c="14 32" t="1"/>
		<b id="36" c="19 33" t="1"/>
	</bonds>
	<geometry>
		<g u="A" t="cart/3d">#33,3:0.8847,-0.2536,-0.0241;2.3880,-0.0365,-0.1403;3.2008,-0.9602,0.8002;4.3317,-0.1022,1.4012;3.8494,1.2795,1.1611;4.2175,2.4662,1.5457;3.3585,3.3161,0.9023;3.2569,4.7052,0.9044;4.0952,5.4598,1.6358;2.2926,5.3255,0.1442;1.4027,4.5824,-0.6498;0.3876,5.2366,-1.4730;0.0048,6.5770,-1.3359;-0.9662,7.0469,-2.2010;-1.5302,6.2829,-3.1262;-1.1103,5.0339,-3.1616;-1.8344,4.0250,-4.3356;-0.2006,4.4735,-2.4012;1.4785,3.1925,-0.6814;2.4412,2.5785,0.0943;2.7925,1.2752,0.3050;0.6454,-1.2866,-0.2631;0.3455,0.3926,-0.7111;0.5496,-0.0399,0.9887;2.6969,-0.1714,-1.1863;3.5858,-1.8273,0.2679;2.5477,-1.3158,1.5980;5.2796,-0.2540,0.8804;4.4970,-0.2994,2.4588;2.2577,6.4024,0.1561;0.4295,7.2202,-0.5853;-1.3180,8.0693,-2.1662;0.7965,2.6426,-1.3077;</g>
	</geometry>
	<conformers/>
	<properties/>
</molecule>
