<?xml version="1.0" ?>
<!--MOLLI PACKAGE EXPERIMENTAL XML FORMAT-->
<molecule name="el3381">
	<atoms>
		<a id="1" s="C" t="C.3" l="C"/>
		<a id="2" s="C" t="C.3" l="C"/>
		<a id="3" s="C" t="C.3" l="C"/>
		<a id="4" s="C" t="C.3" l="C"/>
		<a id="5" s="C" t="C.3" l="C"/>
		<a id="6" s="C" t="C.ar" l="C"/>
		<a id="7" s="N" t="N.ar" l="N"/>
		<a id="8" s="C" t="C.ar" l="C"/>
		<a id="9" s="C" t="C.ar" l="C"/>
		<a id="10" s="C" t="C.ar" l="C"/>
		<a id="11" s="C" t="C.ar" l="C"/>
		<a id="12" s="C" t="C.ar" l="C"/>
		<a id="13" s="N" t="N.ar" l="N"/>
		<a id="14" s="C" t="C.ar" l="C"/>
		<a id="15" s="Cl" t="Cl" l="CL"/>
		<a id="16" s="N" t="N.ar" l="N"/>
		<a id="17" s="C" t="C.ar" l="C"/>
		<a id="18" s="C" t="C.ar" l="C"/>
		<a id="19" s="F" t="F" l="F"/>
		<a id="20" s="C" t="C.ar" l="C"/>
		<a id="21" s="C" t="C.ar" l="C"/>
		<a id="22" s="N" t="N.ar" l="N"/>
		<a id="23" s="H" t="H" l="H"/>
		<a id="24" s="H" t="H" l="H"/>
		<a id="25" s="H" t="H" l="H"/>
		<a id="26" s="H" t="H" l="H"/>
		<a id="27" s="H" t="H" l="H"/>
		<a id="28" s="H" t="H" l="H"/>
		<a id="29" s="H" t="H" l="H"/>
		<a id="30" s="H" t="H" l="H"/>
		<a id="31" s="H" t="H" l="H"/>
		<a id="32" s="H" t="H" l="H"/>
		<a id="33" s="H" t="H" l="H"/>
		<a id="34" s="H" t="H" l="H"/>
		<a id="35" s="H" t="H" l="H"/>
		<a id="36" s="H" t="H" l="H"/>
	</atoms>
	<bonds>
		<b id="1" c="1 2" t="1"/>
		<b id="2" c="2 3" t="1"/>
		<b id="3" c="2 4" t="1"/>
		<b id="4" c="4 5" t="1"/>
		<b id="5" c="5 6" t="1"/>
		<b id="6" c="6 7" t="ar"/>
		<b id="7" c="7 8" t="ar"/>
		<b id="8" c="8 9" t="ar"/>
		<b id="9" c="9 10" t="ar"/>
		<b id="10" c="10 11" t="ar"/>
		<b id="11" c="11 12" t="1"/>
		<b id="12" c="12 13" t="ar"/>
		<b id="13" c="13 14" t="ar"/>
		<b id="14" c="14 15" t="1"/>
		<b id="15" c="14 16" t="ar"/>
		<b id="16" c="16 17" t="ar"/>
		<b id="17" c="17 18" t="ar"/>
		<b id="18" c="12 18" t="ar"/>
		<b id="19" c="18 19" t="1"/>
		<b id="20" c="11 20" t="ar"/>
		<b id="21" c="20 21" t="ar"/>
		<b id="22" c="8 21" t="ar"/>
		<b id="23" c="21 22" t="ar"/>
		<b id="24" c="6 22" t="ar"/>
		<b id="25" c="2 22" t="1"/>
		<b id="26" c="1 23" t="1"/>
		<b id="27" c="1 24" t="1"/>
		<b id="28" c="1 25" t="1"/>
		<b id="29" c="3 26" t="1"/>
		<b id="30" c="3 27" t="1"/>
		<b id="31" c="3 28" t="1"/>
		<b id="32" c="4 29" t="1"/>
		<b id="33" c="4 30" t="1"/>
		<b id="34" c="5 31" t="1"/>
		<b id="35" c="5 32" t="1"/>
		<b id="36" c="9 33" t="1"/>
		<b id="37" c="10 34" t="1"/>
		<b id="38" c="17 35" t="1"/>
		<b id="39" c="20 36" t="1"/>
	</bonds>
	<geometry>
		<g u="A" t="cart/3d">#36,3:1.0120,-0.2185,0.0212;2.5132,0.0065,-0.1423;2.9354,-0.1744,-1.6022;3.3400,-0.8942,0.8146;4.4776,-0.0221,1.3796;3.9748,1.3532,1.1394;4.3374,2.5475,1.5084;3.4537,3.3856,0.8790;3.3643,4.7728,0.8984;2.3747,5.3757,0.1559;1.4692,4.6265,-0.6193;0.4407,5.2537,-1.4383;-0.0731,4.5055,-2.4222;-0.9931,5.0215,-3.2004;-1.5927,4.0077,-4.4324;-1.5054,6.2366,-3.1407;-1.0392,7.0027,-2.1669;-0.0684,6.5560,-1.2882;0.3312,7.3831,-0.3062;1.5490,3.2328,-0.6548;2.5298,2.6269,0.0983;2.8975,1.3272,0.3108;0.7738,-1.2626,-0.1654;0.4519,0.3932,-0.6808;0.6971,0.0378,1.0306;2.6704,-1.1698,-1.9489;4.0100,-0.0399,-1.7053;2.4355,0.5578,-2.2321;3.7181,-1.7729,0.2960;2.7003,-1.2321,1.6306;5.4138,-0.1702,0.8368;4.6716,-0.2090,2.4343;4.0618,5.3541,1.4790;2.3164,6.4512,0.1551;-1.4545,7.9976,-2.0867;0.8513,2.6802,-1.2618;</g>
	</geometry>
	<conformers/>
	<properties/>
</molecule>
