<?xml version="1.0" ?>
<!--MOLLI PACKAGE EXPERIMENTAL XML FORMAT-->
<molecule name="el3383">
	<atoms>
		<a id="1" s="C" t="C.3" l="C"/>
		<a id="2" s="C" t="C.ar" l="C"/>
		<a id="3" s="C" t="C.ar" l="C"/>
		<a id="4" s="C" t="C.ar" l="C"/>
		<a id="5" s="C" t="C.2" l="C"/>
		<a id="6" s="C" t="C.2" l="C"/>
		<a id="7" s="C" t="C.1" l="C"/>
		<a id="8" s="N" t="N.1" l="N"/>
		<a id="9" s="C" t="C.ar" l="C"/>
		<a id="10" s="C" t="C.ar" l="C"/>
		<a id="11" s="C" t="C.3" l="C"/>
		<a id="12" s="C" t="C.ar" l="C"/>
		<a id="13" s="O" t="O.3" l="O"/>
		<a id="14" s="C" t="C.ar" l="C"/>
		<a id="15" s="C" t="C.ar" l="C"/>
		<a id="16" s="C" t="C.ar" l="C"/>
		<a id="17" s="Cl" t="Cl" l="CL"/>
		<a id="18" s="N" t="N.ar" l="N"/>
		<a id="19" s="C" t="C.ar" l="C"/>
		<a id="20" s="N" t="N.pl3" l="N"/>
		<a id="21" s="C" t="C.ar" l="C"/>
		<a id="22" s="C" t="C.ar" l="C"/>
		<a id="23" s="C" t="C.ar" l="C"/>
		<a id="24" s="C" t="C.ar" l="C"/>
		<a id="25" s="C" t="C.1" l="C"/>
		<a id="26" s="N" t="N.1" l="N"/>
		<a id="27" s="C" t="C.ar" l="C"/>
		<a id="28" s="C" t="C.ar" l="C"/>
		<a id="29" s="N" t="N.ar" l="N"/>
		<a id="30" s="H" t="H" l="H"/>
		<a id="31" s="H" t="H" l="H"/>
		<a id="32" s="H" t="H" l="H"/>
		<a id="33" s="H" t="H" l="H"/>
		<a id="34" s="H" t="H" l="H"/>
		<a id="35" s="H" t="H" l="H"/>
		<a id="36" s="H" t="H" l="H"/>
		<a id="37" s="H" t="H" l="H"/>
		<a id="38" s="H" t="H" l="H"/>
		<a id="39" s="H" t="H" l="H"/>
		<a id="40" s="H" t="H" l="H"/>
		<a id="41" s="H" t="H" l="H"/>
		<a id="42" s="H" t="H" l="H"/>
		<a id="43" s="H" t="H" l="H"/>
		<a id="44" s="H" t="H" l="H"/>
		<a id="45" s="H" t="H" l="H"/>
	</atoms>
	<bonds>
		<b id="1" c="1 2" t="1"/>
		<b id="2" c="2 3" t="ar"/>
		<b id="3" c="3 4" t="ar"/>
		<b id="4" c="4 5" t="1"/>
		<b id="5" c="5 6" t="2"/>
		<b id="6" c="6 7" t="1"/>
		<b id="7" c="7 8" t="3"/>
		<b id="8" c="4 9" t="ar"/>
		<b id="9" c="9 10" t="ar"/>
		<b id="10" c="10 11" t="1"/>
		<b id="11" c="10 12" t="ar"/>
		<b id="12" c="2 12" t="ar"/>
		<b id="13" c="12 13" t="1"/>
		<b id="14" c="13 14" t="1"/>
		<b id="15" c="14 15" t="ar"/>
		<b id="16" c="15 16" t="ar"/>
		<b id="17" c="16 17" t="1"/>
		<b id="18" c="16 18" t="ar"/>
		<b id="19" c="18 19" t="ar"/>
		<b id="20" c="19 20" t="1"/>
		<b id="21" c="20 21" t="1"/>
		<b id="22" c="21 22" t="ar"/>
		<b id="23" c="22 23" t="ar"/>
		<b id="24" c="23 24" t="ar"/>
		<b id="25" c="24 25" t="1"/>
		<b id="26" c="25 26" t="3"/>
		<b id="27" c="24 27" t="ar"/>
		<b id="28" c="27 28" t="ar"/>
		<b id="29" c="21 28" t="ar"/>
		<b id="30" c="19 29" t="ar"/>
		<b id="31" c="14 29" t="ar"/>
		<b id="32" c="1 30" t="1"/>
		<b id="33" c="1 31" t="1"/>
		<b id="34" c="1 32" t="1"/>
		<b id="35" c="3 33" t="1"/>
		<b id="36" c="5 34" t="1"/>
		<b id="37" c="6 35" t="1"/>
		<b id="38" c="9 36" t="1"/>
		<b id="39" c="11 37" t="1"/>
		<b id="40" c="11 38" t="1"/>
		<b id="41" c="11 39" t="1"/>
		<b id="42" c="15 40" t="1"/>
		<b id="43" c="20 41" t="1"/>
		<b id="44" c="22 42" t="1"/>
		<b id="45" c="23 43" t="1"/>
		<b id="46" c="27 44" t="1"/>
		<b id="47" c="28 45" t="1"/>
	</bonds>
	<geometry>
		<g u="A" t="cart/3d">#45,3:-0.0167,0.8579,-2.6073;0.1035,0.3022,-1.2239;0.3655,-1.0417,-1.0153;0.4593,-1.5854,0.2665;0.7128,-3.0056,0.3993;0.6659,-3.7201,1.5335;0.9144,-5.1026,1.5458;1.1146,-6.2339,1.5725;0.2926,-0.7362,1.3622;0.0420,0.6130,1.1933;-0.1287,1.5345,2.3606;-0.0478,1.1190,-0.1046;-0.3634,2.4712,-0.2475;0.5769,3.2860,-0.7184;0.2421,4.6352,-0.9195;1.2688,5.4183,-1.4019;1.0219,7.0884,-1.7019;2.4812,4.9654,-1.6664;2.6977,3.6758,-1.4349;3.9078,3.1129,-1.6687;5.0909,3.6548,-2.1432;6.2006,2.8070,-2.2189;7.4097,3.2742,-2.6818;7.5325,4.6069,-3.0825;8.7722,5.0830,-3.5589;9.7819,5.4647,-3.9409;6.4261,5.4541,-3.0104;5.2157,4.9851,-2.5454;1.7869,2.8152,-0.9658;-0.2252,0.0649,-3.3205;0.9134,1.3465,-2.8955;-0.8128,1.5977,-2.6568;0.4863,-1.6883,-1.8721;0.9383,-3.5252,-0.5255;0.4309,-3.2815,2.4914;0.3684,-1.1234,2.3660;-0.0962,0.9845,3.2969;-1.0801,2.0587,2.2888;0.6618,2.2847,2.3668;-0.7423,5.0094,-0.7092;3.9337,2.1303,-1.4255;6.1051,1.7766,-1.9077;8.2649,2.6182,-2.7383;6.5221,6.4840,-3.3215;4.3593,5.6342,-2.4851;</g>
	</geometry>
	<conformers/>
	<properties/>
</molecule>
