<?xml version="1.0" ?>
<!--MOLLI PACKAGE EXPERIMENTAL XML FORMAT-->
<molecule name="el3384">
	<atoms>
		<a id="1" s="C" t="C.3" l="C"/>
		<a id="2" s="C" t="C.3" l="C"/>
		<a id="3" s="C" t="C.3" l="C"/>
		<a id="4" s="C" t="C.3" l="C"/>
		<a id="5" s="C" t="C.ar" l="C"/>
		<a id="6" s="C" t="C.ar" l="C"/>
		<a id="7" s="C" t="C.ar" l="C"/>
		<a id="8" s="N" t="N.ar" l="N"/>
		<a id="9" s="C" t="C.ar" l="C"/>
		<a id="10" s="C" t="C.ar" l="C"/>
		<a id="11" s="C" t="C.ar" l="C"/>
		<a id="12" s="C" t="C.ar" l="C"/>
		<a id="13" s="C" t="C.3" l="C"/>
		<a id="14" s="C" t="C.3" l="C"/>
		<a id="15" s="C" t="C.3" l="C"/>
		<a id="16" s="C" t="C.3" l="C"/>
		<a id="17" s="C" t="C.ar" l="C"/>
		<a id="18" s="C" t="C.ar" l="C"/>
		<a id="19" s="Cl" t="Cl" l="CL"/>
		<a id="20" s="N" t="N.ar" l="N"/>
		<a id="21" s="C" t="C.ar" l="C"/>
		<a id="22" s="H" t="H" l="H"/>
		<a id="23" s="H" t="H" l="H"/>
		<a id="24" s="H" t="H" l="H"/>
		<a id="25" s="H" t="H" l="H"/>
		<a id="26" s="H" t="H" l="H"/>
		<a id="27" s="H" t="H" l="H"/>
		<a id="28" s="H" t="H" l="H"/>
		<a id="29" s="H" t="H" l="H"/>
		<a id="30" s="H" t="H" l="H"/>
		<a id="31" s="H" t="H" l="H"/>
		<a id="32" s="H" t="H" l="H"/>
		<a id="33" s="H" t="H" l="H"/>
		<a id="34" s="H" t="H" l="H"/>
		<a id="35" s="H" t="H" l="H"/>
		<a id="36" s="H" t="H" l="H"/>
		<a id="37" s="H" t="H" l="H"/>
		<a id="38" s="H" t="H" l="H"/>
		<a id="39" s="H" t="H" l="H"/>
		<a id="40" s="H" t="H" l="H"/>
		<a id="41" s="H" t="H" l="H"/>
		<a id="42" s="H" t="H" l="H"/>
		<a id="43" s="H" t="H" l="H"/>
		<a id="44" s="H" t="H" l="H"/>
	</atoms>
	<bonds>
		<b id="1" c="1 2" t="1"/>
		<b id="2" c="2 3" t="1"/>
		<b id="3" c="2 4" t="1"/>
		<b id="4" c="2 5" t="1"/>
		<b id="5" c="5 6" t="ar"/>
		<b id="6" c="6 7" t="ar"/>
		<b id="7" c="7 8" t="ar"/>
		<b id="8" c="8 9" t="ar"/>
		<b id="9" c="9 10" t="1"/>
		<b id="10" c="10 11" t="ar"/>
		<b id="11" c="11 12" t="ar"/>
		<b id="12" c="12 13" t="1"/>
		<b id="13" c="13 14" t="1"/>
		<b id="14" c="13 15" t="1"/>
		<b id="15" c="13 16" t="1"/>
		<b id="16" c="12 17" t="ar"/>
		<b id="17" c="17 18" t="ar"/>
		<b id="18" c="18 19" t="1"/>
		<b id="19" c="18 20" t="ar"/>
		<b id="20" c="10 20" t="ar"/>
		<b id="21" c="9 21" t="ar"/>
		<b id="22" c="5 21" t="ar"/>
		<b id="23" c="1 22" t="1"/>
		<b id="24" c="1 23" t="1"/>
		<b id="25" c="1 24" t="1"/>
		<b id="26" c="3 25" t="1"/>
		<b id="27" c="3 26" t="1"/>
		<b id="28" c="3 27" t="1"/>
		<b id="29" c="4 28" t="1"/>
		<b id="30" c="4 29" t="1"/>
		<b id="31" c="4 30" t="1"/>
		<b id="32" c="6 31" t="1"/>
		<b id="33" c="7 32" t="1"/>
		<b id="34" c="11 33" t="1"/>
		<b id="35" c="14 34" t="1"/>
		<b id="36" c="14 35" t="1"/>
		<b id="37" c="14 36" t="1"/>
		<b id="38" c="15 37" t="1"/>
		<b id="39" c="15 38" t="1"/>
		<b id="40" c="15 39" t="1"/>
		<b id="41" c="16 40" t="1"/>
		<b id="42" c="16 41" t="1"/>
		<b id="43" c="16 42" t="1"/>
		<b id="44" c="17 43" t="1"/>
		<b id="45" c="21 44" t="1"/>
	</bonds>
	<geometry>
		<g u="A" t="cart/3d">#44,3:0.9968,-0.4040,-0.2952;2.4490,0.0273,-0.0475;3.3953,-0.7920,-0.9363;2.5841,1.5051,-0.4213;2.8041,-0.2338,1.4048;2.6801,-1.5157,1.9408;3.0073,-1.7338,3.2684;3.4435,-0.7919,4.0818;3.5776,0.4355,3.5847;4.0748,1.4731,4.4975;4.3109,1.1823,5.8395;4.7848,2.1724,6.6909;5.0666,1.9396,8.1639;6.5569,2.1963,8.4263;4.2150,2.9105,8.9931;4.7336,0.5106,8.5980;5.0058,3.4319,6.1350;4.7355,3.6133,4.7888;4.9970,5.1638,4.0745;4.2847,2.6832,3.9818;3.2696,0.7531,2.2622;0.7189,-0.1990,-1.3267;0.3234,0.1462,0.3589;0.8587,-1.4662,-0.1126;3.1692,-0.6141,-1.9853;3.2980,-1.8569,-0.7415;4.4283,-0.5038,-0.7523;2.2985,1.6438,-1.4620;3.6098,1.8466,-0.3060;1.9334,2.1231,0.1927;2.3335,-2.3427,1.3414;2.9152,-2.7196,3.7070;4.1112,0.1775,6.1669;6.8332,3.2176,8.1790;7.1663,1.5223,7.8276;6.7842,2.0261,9.4762;4.4593,3.9446,8.7696;4.3865,2.7424,10.0538;3.1587,2.7562,8.7862;5.3318,-0.2141,8.0515;3.6801,0.2915,8.4417;4.9493,0.3948,9.6580;5.3762,4.2591,6.7170;3.4091,1.7741,1.9538;</g>
	</geometry>
	<conformers/>
	<properties/>
</molecule>
