<?xml version="1.0" ?>
<!--MOLLI PACKAGE EXPERIMENTAL XML FORMAT-->
<molecule name="el3386">
	<atoms>
		<a id="1" s="C" t="C.3" l="C"/>
		<a id="2" s="S" t="S.3" l="S"/>
		<a id="3" s="C" t="C.ar" l="C"/>
		<a id="4" s="N" t="N.ar" l="N"/>
		<a id="5" s="C" t="C.ar" l="C"/>
		<a id="6" s="C" t="C.ar" l="C"/>
		<a id="7" s="C" t="C.ar" l="C"/>
		<a id="8" s="C" t="C.ar" l="C"/>
		<a id="9" s="N" t="N.ar" l="N"/>
		<a id="10" s="C" t="C.ar" l="C"/>
		<a id="11" s="Cl" t="Cl" l="CL"/>
		<a id="12" s="C" t="C.ar" l="C"/>
		<a id="13" s="C" t="C.ar" l="C"/>
		<a id="14" s="C" t="C.ar" l="C"/>
		<a id="15" s="C" t="C.ar" l="C"/>
		<a id="16" s="C" t="C.ar" l="C"/>
		<a id="17" s="C" t="C.ar" l="C"/>
		<a id="18" s="F" t="F" l="F"/>
		<a id="19" s="C" t="C.ar" l="C"/>
		<a id="20" s="C" t="C.ar" l="C"/>
		<a id="21" s="N" t="N.ar" l="N"/>
		<a id="22" s="C" t="C.3" l="C"/>
		<a id="23" s="H" t="H" l="H"/>
		<a id="24" s="H" t="H" l="H"/>
		<a id="25" s="H" t="H" l="H"/>
		<a id="26" s="H" t="H" l="H"/>
		<a id="27" s="H" t="H" l="H"/>
		<a id="28" s="H" t="H" l="H"/>
		<a id="29" s="H" t="H" l="H"/>
		<a id="30" s="H" t="H" l="H"/>
		<a id="31" s="H" t="H" l="H"/>
		<a id="32" s="H" t="H" l="H"/>
		<a id="33" s="H" t="H" l="H"/>
		<a id="34" s="H" t="H" l="H"/>
		<a id="35" s="H" t="H" l="H"/>
	</atoms>
	<bonds>
		<b id="1" c="1 2" t="1"/>
		<b id="2" c="2 3" t="1"/>
		<b id="3" c="3 4" t="ar"/>
		<b id="4" c="4 5" t="ar"/>
		<b id="5" c="5 6" t="1"/>
		<b id="6" c="6 7" t="ar"/>
		<b id="7" c="7 8" t="ar"/>
		<b id="8" c="8 9" t="ar"/>
		<b id="9" c="9 10" t="ar"/>
		<b id="10" c="10 11" t="1"/>
		<b id="11" c="10 12" t="ar"/>
		<b id="12" c="6 12" t="ar"/>
		<b id="13" c="5 13" t="ar"/>
		<b id="14" c="13 14" t="1"/>
		<b id="15" c="14 15" t="ar"/>
		<b id="16" c="15 16" t="ar"/>
		<b id="17" c="16 17" t="ar"/>
		<b id="18" c="17 18" t="1"/>
		<b id="19" c="17 19" t="ar"/>
		<b id="20" c="19 20" t="ar"/>
		<b id="21" c="14 20" t="ar"/>
		<b id="22" c="13 21" t="ar"/>
		<b id="23" c="3 21" t="ar"/>
		<b id="24" c="21 22" t="1"/>
		<b id="25" c="1 23" t="1"/>
		<b id="26" c="1 24" t="1"/>
		<b id="27" c="1 25" t="1"/>
		<b id="28" c="7 26" t="1"/>
		<b id="29" c="8 27" t="1"/>
		<b id="30" c="12 28" t="1"/>
		<b id="31" c="15 29" t="1"/>
		<b id="32" c="16 30" t="1"/>
		<b id="33" c="19 31" t="1"/>
		<b id="34" c="20 32" t="1"/>
		<b id="35" c="22 33" t="1"/>
		<b id="36" c="22 34" t="1"/>
		<b id="37" c="22 35" t="1"/>
	</bonds>
	<geometry>
		<g u="A" t="cart/3d">#35,3:2.0983,-1.0885,-1.1600;3.0030,-0.1761,0.1148;3.3741,-1.5136,1.1615;3.0805,-2.7616,0.9182;3.5516,-3.4719,1.9876;3.4271,-4.9165,2.0084;4.2767,-5.7420,2.7519;4.0822,-7.1083,2.6989;3.1364,-7.6873,1.9755;2.3520,-6.9051,1.2635;1.1460,-7.7025,0.3283;2.4408,-5.5241,1.2313;4.1419,-2.6069,2.8962;4.7227,-2.8526,4.2092;5.9673,-2.3296,4.5580;6.5094,-2.5737,5.8061;5.7951,-3.3453,6.7042;6.3189,-3.5845,7.9227;4.5581,-3.8799,6.3861;4.0259,-3.6283,5.1376;4.0215,-1.3500,2.3459;4.4200,-0.0931,2.9116;1.8614,-0.3787,-1.9458;1.1938,-1.4992,-0.7236;2.7335,-1.8859,-1.5304;5.0756,-5.3253,3.3433;4.7126,-7.7868,3.2574;1.7792,-4.9252,0.6288;6.5277,-1.7497,3.8406;7.4734,-2.1789,6.0849;4.0294,-4.4779,7.1109;3.0617,-4.0331,4.8705;4.4426,-0.1706,3.9980;3.7028,0.6724,2.6126;5.4078,0.2022,2.5493;</g>
	</geometry>
	<conformers/>
	<properties/>
</molecule>
