<?xml version="1.0" ?>
<!--MOLLI PACKAGE EXPERIMENTAL XML FORMAT-->
<molecule name="el3039">
	<atoms>
		<a id="1" s="C" t="C.3" l="C"/>
		<a id="2" s="C" t="C.3" l="C"/>
		<a id="3" s="N" t="N.ar" l="N"/>
		<a id="4" s="C" t="C.ar" l="C"/>
		<a id="5" s="N" t="N.ar" l="N"/>
		<a id="6" s="C" t="C.ar" l="C"/>
		<a id="7" s="N" t="N.ar" l="N"/>
		<a id="8" s="C" t="C.ar" l="C"/>
		<a id="9" s="Cl" t="Cl" l="CL"/>
		<a id="10" s="N" t="N.ar" l="N"/>
		<a id="11" s="C" t="C.ar" l="C"/>
		<a id="12" s="N" t="N.pl3" l="N"/>
		<a id="13" s="C" t="C.3" l="C"/>
		<a id="14" s="C" t="C.ar" l="C"/>
		<a id="15" s="C" t="C.ar" l="C"/>
		<a id="16" s="C" t="C.ar" l="C"/>
		<a id="17" s="C" t="C.ar" l="C"/>
		<a id="18" s="C" t="C.ar" l="C"/>
		<a id="19" s="C" t="C.ar" l="C"/>
		<a id="20" s="O" t="O.3" l="O"/>
		<a id="21" s="C" t="C.3" l="C"/>
		<a id="22" s="O" t="O.3" l="O"/>
		<a id="23" s="C" t="C.ar" l="C"/>
		<a id="24" s="H" t="H" l="H"/>
		<a id="25" s="H" t="H" l="H"/>
		<a id="26" s="H" t="H" l="H"/>
		<a id="27" s="H" t="H" l="H"/>
		<a id="28" s="H" t="H" l="H"/>
		<a id="29" s="H" t="H" l="H"/>
		<a id="30" s="H" t="H" l="H"/>
		<a id="31" s="H" t="H" l="H"/>
		<a id="32" s="H" t="H" l="H"/>
		<a id="33" s="H" t="H" l="H"/>
		<a id="34" s="H" t="H" l="H"/>
		<a id="35" s="H" t="H" l="H"/>
		<a id="36" s="H" t="H" l="H"/>
		<a id="37" s="H" t="H" l="H"/>
	</atoms>
	<bonds>
		<b id="1" c="1 2" t="1"/>
		<b id="2" c="2 3" t="1"/>
		<b id="3" c="3 4" t="ar"/>
		<b id="4" c="4 5" t="ar"/>
		<b id="5" c="5 6" t="ar"/>
		<b id="6" c="6 7" t="ar"/>
		<b id="7" c="7 8" t="ar"/>
		<b id="8" c="8 9" t="1"/>
		<b id="9" c="8 10" t="ar"/>
		<b id="10" c="10 11" t="ar"/>
		<b id="11" c="11 12" t="1"/>
		<b id="12" c="12 13" t="1"/>
		<b id="13" c="13 14" t="1"/>
		<b id="14" c="14 15" t="ar"/>
		<b id="15" c="15 16" t="ar"/>
		<b id="16" c="16 17" t="ar"/>
		<b id="17" c="17 18" t="ar"/>
		<b id="18" c="18 19" t="ar"/>
		<b id="19" c="14 19" t="ar"/>
		<b id="20" c="18 20" t="1"/>
		<b id="21" c="20 21" t="1"/>
		<b id="22" c="21 22" t="1"/>
		<b id="23" c="17 22" t="1"/>
		<b id="24" c="11 23" t="ar"/>
		<b id="25" c="6 23" t="ar"/>
		<b id="26" c="3 23" t="ar"/>
		<b id="27" c="1 24" t="1"/>
		<b id="28" c="1 25" t="1"/>
		<b id="29" c="1 26" t="1"/>
		<b id="30" c="2 27" t="1"/>
		<b id="31" c="2 28" t="1"/>
		<b id="32" c="4 29" t="1"/>
		<b id="33" c="12 30" t="1"/>
		<b id="34" c="13 31" t="1"/>
		<b id="35" c="13 32" t="1"/>
		<b id="36" c="15 33" t="1"/>
		<b id="37" c="16 34" t="1"/>
		<b id="38" c="19 35" t="1"/>
		<b id="39" c="21 36" t="1"/>
		<b id="40" c="21 37" t="1"/>
	</bonds>
	<geometry>
		<g u="A" t="cart/3d">#37,3:3.1259,0.7101,1.0561;2.3620,-0.2680,0.1621;3.1921,-1.3757,-0.2351;3.1963,-2.6094,0.3341;4.1064,-3.4149,-0.1259;4.7802,-2.6920,-1.0591;5.8190,-3.0928,-1.7958;6.2721,-2.1685,-2.6007;7.6184,-2.5940,-3.5607;5.8368,-0.9320,-2.7798;4.7903,-0.5005,-2.0756;4.3215,0.7413,-2.3392;5.0762,1.6963,-3.1266;5.8156,2.6637,-2.2363;6.7987,2.1827,-1.3833;7.4819,3.0160,-0.5026;7.1452,4.3477,-0.5153;6.1591,4.8402,-1.3715;5.4757,4.0191,-2.2340;6.0196,6.1888,-1.1775;6.9660,6.5361,-0.1885;7.6497,5.3756,0.2348;4.2217,-1.3902,-1.1501;2.4850,1.5451,1.3271;4.0103,1.0971,0.5531;3.4476,0.2083,1.9664;1.9790,0.2362,-0.7321;1.5077,-0.6765,0.7091;2.4912,-2.8822,1.0959;3.6439,1.1333,-1.7054;4.3843,2.2318,-3.7812;5.7744,1.1127,-3.7288;7.0466,1.1324,-1.4136;8.2478,2.6394,0.1554;4.7128,4.4137,-2.8886;6.4497,6.9938,0.6710;7.6869,7.2584,-0.6053;</g>
	</geometry>
	<conformers/>
	<properties/>
</molecule>
