<?xml version="1.0" ?>
<!--MOLLI PACKAGE EXPERIMENTAL XML FORMAT-->
<molecule name="el3390">
	<atoms>
		<a id="1" s="C" t="C.3" l="C"/>
		<a id="2" s="N" t="N.am" l="N"/>
		<a id="3" s="C" t="C.2" l="C"/>
		<a id="4" s="O" t="O.2" l="O"/>
		<a id="5" s="C" t="C.ar" l="C"/>
		<a id="6" s="C" t="C.ar" l="C"/>
		<a id="7" s="C" t="C.ar" l="C"/>
		<a id="8" s="C" t="C.ar" l="C"/>
		<a id="9" s="C" t="C.ar" l="C"/>
		<a id="10" s="C" t="C.ar" l="C"/>
		<a id="11" s="N" t="N.pl3" l="N"/>
		<a id="12" s="C" t="C.ar" l="C"/>
		<a id="13" s="N" t="N.ar" l="N"/>
		<a id="14" s="C" t="C.ar" l="C"/>
		<a id="15" s="Cl" t="Cl" l="CL"/>
		<a id="16" s="N" t="N.ar" l="N"/>
		<a id="17" s="C" t="C.ar" l="C"/>
		<a id="18" s="C" t="C.ar" l="C"/>
		<a id="19" s="C" t="C.3" l="C"/>
		<a id="20" s="H" t="H" l="H"/>
		<a id="21" s="H" t="H" l="H"/>
		<a id="22" s="H" t="H" l="H"/>
		<a id="23" s="H" t="H" l="H"/>
		<a id="24" s="H" t="H" l="H"/>
		<a id="25" s="H" t="H" l="H"/>
		<a id="26" s="H" t="H" l="H"/>
		<a id="27" s="H" t="H" l="H"/>
		<a id="28" s="H" t="H" l="H"/>
		<a id="29" s="H" t="H" l="H"/>
		<a id="30" s="H" t="H" l="H"/>
		<a id="31" s="H" t="H" l="H"/>
		<a id="32" s="H" t="H" l="H"/>
	</atoms>
	<bonds>
		<b id="1" c="1 2" t="1"/>
		<b id="2" c="2 3" t="am"/>
		<b id="3" c="3 4" t="2"/>
		<b id="4" c="3 5" t="1"/>
		<b id="5" c="5 6" t="ar"/>
		<b id="6" c="6 7" t="ar"/>
		<b id="7" c="7 8" t="ar"/>
		<b id="8" c="8 9" t="ar"/>
		<b id="9" c="9 10" t="ar"/>
		<b id="10" c="5 10" t="ar"/>
		<b id="11" c="10 11" t="1"/>
		<b id="12" c="11 12" t="1"/>
		<b id="13" c="12 13" t="ar"/>
		<b id="14" c="13 14" t="ar"/>
		<b id="15" c="14 15" t="1"/>
		<b id="16" c="14 16" t="ar"/>
		<b id="17" c="16 17" t="ar"/>
		<b id="18" c="17 18" t="ar"/>
		<b id="19" c="12 18" t="ar"/>
		<b id="20" c="18 19" t="1"/>
		<b id="21" c="1 20" t="1"/>
		<b id="22" c="1 21" t="1"/>
		<b id="23" c="1 22" t="1"/>
		<b id="24" c="2 23" t="1"/>
		<b id="25" c="6 24" t="1"/>
		<b id="26" c="7 25" t="1"/>
		<b id="27" c="8 26" t="1"/>
		<b id="28" c="9 27" t="1"/>
		<b id="29" c="11 28" t="1"/>
		<b id="30" c="17 29" t="1"/>
		<b id="31" c="19 30" t="1"/>
		<b id="32" c="19 31" t="1"/>
		<b id="33" c="19 32" t="1"/>
	</bonds>
	<geometry>
		<g u="A" t="cart/3d">#32,3:1.2114,-0.4352,-1.0747;2.6446,-0.3470,-0.9478;3.3385,0.7587,-1.2846;2.7639,1.7662,-1.6953;4.8102,0.6812,-1.0947;5.4724,-0.5455,-1.1398;6.8317,-0.6373,-0.9204;7.5576,0.5107,-0.6388;6.9375,1.7418,-0.6187;5.5682,1.8537,-0.8693;4.9158,3.0684,-0.9193;5.3352,4.3162,-0.6113;6.5663,4.5194,-0.1381;6.9058,5.7567,0.1522;8.4947,5.9645,0.7493;6.1740,6.8371,0.0379;4.9414,6.6439,-0.4359;4.4433,5.4094,-0.7881;3.0607,5.2275,-1.3249;0.9351,-1.2897,-1.6945;0.8645,0.4825,-1.5467;0.7408,-0.5371,-0.0948;3.1252,-1.1337,-0.5439;4.9259,-1.4449,-1.3865;7.3225,-1.5972,-0.9683;8.6186,0.4464,-0.4510;7.4982,2.6387,-0.4198;3.9520,2.9787,-1.2565;4.3424,7.5403,-0.5289;2.5494,6.1859,-1.3687;2.4812,4.5539,-0.6938;3.0877,4.8023,-2.3280;</g>
	</geometry>
	<conformers/>
	<properties/>
</molecule>
