<?xml version="1.0" ?>
<!--MOLLI PACKAGE EXPERIMENTAL XML FORMAT-->
<molecule name="el3391">
	<atoms>
		<a id="1" s="C" t="C.3" l="C"/>
		<a id="2" s="N" t="N.am" l="N"/>
		<a id="3" s="C" t="C.2" l="C"/>
		<a id="4" s="O" t="O.2" l="O"/>
		<a id="5" s="C" t="C.ar" l="C"/>
		<a id="6" s="C" t="C.ar" l="C"/>
		<a id="7" s="C" t="C.ar" l="C"/>
		<a id="8" s="C" t="C.ar" l="C"/>
		<a id="9" s="C" t="C.ar" l="C"/>
		<a id="10" s="C" t="C.ar" l="C"/>
		<a id="11" s="N" t="N.pl3" l="N"/>
		<a id="12" s="C" t="C.ar" l="C"/>
		<a id="13" s="N" t="N.ar" l="N"/>
		<a id="14" s="C" t="C.ar" l="C"/>
		<a id="15" s="Cl" t="Cl" l="CL"/>
		<a id="16" s="N" t="N.ar" l="N"/>
		<a id="17" s="C" t="C.ar" l="C"/>
		<a id="18" s="C" t="C.ar" l="C"/>
		<a id="19" s="O" t="O.3" l="O"/>
		<a id="20" s="C" t="C.3" l="C"/>
		<a id="21" s="H" t="H" l="H"/>
		<a id="22" s="H" t="H" l="H"/>
		<a id="23" s="H" t="H" l="H"/>
		<a id="24" s="H" t="H" l="H"/>
		<a id="25" s="H" t="H" l="H"/>
		<a id="26" s="H" t="H" l="H"/>
		<a id="27" s="H" t="H" l="H"/>
		<a id="28" s="H" t="H" l="H"/>
		<a id="29" s="H" t="H" l="H"/>
		<a id="30" s="H" t="H" l="H"/>
		<a id="31" s="H" t="H" l="H"/>
		<a id="32" s="H" t="H" l="H"/>
		<a id="33" s="H" t="H" l="H"/>
	</atoms>
	<bonds>
		<b id="1" c="1 2" t="1"/>
		<b id="2" c="2 3" t="am"/>
		<b id="3" c="3 4" t="2"/>
		<b id="4" c="3 5" t="1"/>
		<b id="5" c="5 6" t="ar"/>
		<b id="6" c="6 7" t="ar"/>
		<b id="7" c="7 8" t="ar"/>
		<b id="8" c="8 9" t="ar"/>
		<b id="9" c="9 10" t="ar"/>
		<b id="10" c="5 10" t="ar"/>
		<b id="11" c="10 11" t="1"/>
		<b id="12" c="11 12" t="1"/>
		<b id="13" c="12 13" t="ar"/>
		<b id="14" c="13 14" t="ar"/>
		<b id="15" c="14 15" t="1"/>
		<b id="16" c="14 16" t="ar"/>
		<b id="17" c="16 17" t="ar"/>
		<b id="18" c="17 18" t="ar"/>
		<b id="19" c="12 18" t="ar"/>
		<b id="20" c="18 19" t="1"/>
		<b id="21" c="19 20" t="1"/>
		<b id="22" c="1 21" t="1"/>
		<b id="23" c="1 22" t="1"/>
		<b id="24" c="1 23" t="1"/>
		<b id="25" c="2 24" t="1"/>
		<b id="26" c="6 25" t="1"/>
		<b id="27" c="7 26" t="1"/>
		<b id="28" c="8 27" t="1"/>
		<b id="29" c="9 28" t="1"/>
		<b id="30" c="11 29" t="1"/>
		<b id="31" c="17 30" t="1"/>
		<b id="32" c="20 31" t="1"/>
		<b id="33" c="20 32" t="1"/>
		<b id="34" c="20 33" t="1"/>
	</bonds>
	<geometry>
		<g u="A" t="cart/3d">#33,3:1.1316,-1.6007,1.0656;2.5544,-1.5491,1.2981;3.3692,-0.7039,0.6065;2.9753,-0.0171,-0.3115;4.7834,-0.6990,1.0952;5.3442,0.5328,1.4071;6.6302,0.6187,1.9068;7.3673,-0.5401,2.0887;6.8403,-1.7729,1.7506;5.5489,-1.8673,1.2387;4.9926,-3.0744,0.8223;5.5095,-4.3239,0.8071;6.6753,-4.6162,1.3666;7.0807,-5.8732,1.3012;8.5840,-6.1990,2.0379;6.4649,-6.8807,0.7405;5.2825,-6.6152,0.1729;4.7398,-5.3504,0.1757;3.5460,-4.9639,-0.3591;2.7731,-5.9379,-1.0251;0.8083,-2.6317,0.9168;0.9295,-1.0207,0.1665;0.5775,-1.1691,1.9019;2.9033,-1.9855,2.1371;4.7497,1.4211,1.2551;7.0527,1.5807,2.1523;8.3693,-0.4872,2.4864;7.4204,-2.6717,1.8709;4.0965,-3.0028,0.3529;4.7991,-7.4650,-0.2863;2.4802,-6.7444,-0.3487;3.3098,-6.3577,-1.8797;1.8891,-5.4120,-1.3774;</g>
	</geometry>
	<conformers/>
	<properties/>
</molecule>
