<?xml version="1.0" ?>
<!--MOLLI PACKAGE EXPERIMENTAL XML FORMAT-->
<molecule name="el3392">
	<atoms>
		<a id="1" s="C" t="C.3" l="C"/>
		<a id="2" s="C" t="C.3" l="C"/>
		<a id="3" s="C" t="C.3" l="C"/>
		<a id="4" s="C" t="C.3" l="C"/>
		<a id="5" s="C" t="C.3" l="C"/>
		<a id="6" s="C" t="C.3" l="C"/>
		<a id="7" s="N" t="N.ar" l="N"/>
		<a id="8" s="N" t="N.ar" l="N"/>
		<a id="9" s="C" t="C.ar" l="C"/>
		<a id="10" s="C" t="C.ar" l="C"/>
		<a id="11" s="C" t="C.ar" l="C"/>
		<a id="12" s="N" t="N.ar" l="N"/>
		<a id="13" s="C" t="C.ar" l="C"/>
		<a id="14" s="Cl" t="Cl" l="CL"/>
		<a id="15" s="N" t="N.ar" l="N"/>
		<a id="16" s="C" t="C.ar" l="C"/>
		<a id="17" s="C" t="C.ar" l="C"/>
		<a id="18" s="F" t="F" l="F"/>
		<a id="19" s="C" t="C.ar" l="C"/>
		<a id="20" s="H" t="H" l="H"/>
		<a id="21" s="H" t="H" l="H"/>
		<a id="22" s="H" t="H" l="H"/>
		<a id="23" s="H" t="H" l="H"/>
		<a id="24" s="H" t="H" l="H"/>
		<a id="25" s="H" t="H" l="H"/>
		<a id="26" s="H" t="H" l="H"/>
		<a id="27" s="H" t="H" l="H"/>
		<a id="28" s="H" t="H" l="H"/>
		<a id="29" s="H" t="H" l="H"/>
		<a id="30" s="H" t="H" l="H"/>
		<a id="31" s="H" t="H" l="H"/>
		<a id="32" s="H" t="H" l="H"/>
		<a id="33" s="H" t="H" l="H"/>
	</atoms>
	<bonds>
		<b id="1" c="1 2" t="1"/>
		<b id="2" c="2 3" t="1"/>
		<b id="3" c="3 4" t="1"/>
		<b id="4" c="4 5" t="1"/>
		<b id="5" c="5 6" t="1"/>
		<b id="6" c="6 7" t="1"/>
		<b id="7" c="7 8" t="ar"/>
		<b id="8" c="8 9" t="ar"/>
		<b id="9" c="9 10" t="ar"/>
		<b id="10" c="10 11" t="1"/>
		<b id="11" c="11 12" t="ar"/>
		<b id="12" c="12 13" t="ar"/>
		<b id="13" c="13 14" t="1"/>
		<b id="14" c="13 15" t="ar"/>
		<b id="15" c="15 16" t="ar"/>
		<b id="16" c="16 17" t="ar"/>
		<b id="17" c="11 17" t="ar"/>
		<b id="18" c="17 18" t="1"/>
		<b id="19" c="10 19" t="ar"/>
		<b id="20" c="7 19" t="ar"/>
		<b id="21" c="2 19" t="1"/>
		<b id="22" c="1 20" t="1"/>
		<b id="23" c="1 21" t="1"/>
		<b id="24" c="1 22" t="1"/>
		<b id="25" c="2 23" t="1"/>
		<b id="26" c="3 24" t="1"/>
		<b id="27" c="3 25" t="1"/>
		<b id="28" c="4 26" t="1"/>
		<b id="29" c="4 27" t="1"/>
		<b id="30" c="5 28" t="1"/>
		<b id="31" c="5 29" t="1"/>
		<b id="32" c="6 30" t="1"/>
		<b id="33" c="6 31" t="1"/>
		<b id="34" c="9 32" t="1"/>
		<b id="35" c="16 33" t="1"/>
	</bonds>
	<geometry>
		<g u="A" t="cart/3d">#33,3:1.6521,-0.3492,-1.2158;2.7532,-0.1101,-0.1904;2.5224,-0.9328,1.0892;3.4304,-0.5026,2.2446;4.9110,-0.4002,1.8663;5.2590,0.7898,0.9400;4.1479,1.6662,0.6968;4.2244,2.9593,1.0091;3.0630,3.4771,0.6978;2.1825,2.4865,0.1929;0.7897,2.7008,-0.1032;-0.0763,1.7040,0.0962;-1.3509,1.9300,-0.1283;-2.3998,0.6092,0.1291;-1.9106,3.0545,-0.5260;-1.0818,4.0696,-0.7305;0.2780,3.9398,-0.5326;1.0850,4.9879,-0.7735;2.9465,1.3153,0.2016;1.6487,-1.3965,-1.5080;1.8199,0.2571,-2.1031;0.6817,-0.0994,-0.8005;3.6979,-0.4411,-0.6405;2.6888,-1.9874,0.8620;1.4827,-0.8129,1.3966;3.3350,-1.2356,3.0482;3.0923,0.4552,2.6444;5.2166,-1.3313,1.3870;5.4863,-0.3029,2.7876;5.6386,0.4246,-0.0211;6.0318,1.4163,1.3882;2.8679,4.5165,0.8649;-1.5220,4.9989,-1.0629;</g>
	</geometry>
	<conformers/>
	<properties/>
</molecule>
