<?xml version="1.0" ?>
<!--MOLLI PACKAGE EXPERIMENTAL XML FORMAT-->
<molecule name="el3394">
	<atoms>
		<a id="1" s="C" t="C.3" l="C"/>
		<a id="2" s="C" t="C.ar" l="C"/>
		<a id="3" s="C" t="C.ar" l="C"/>
		<a id="4" s="C" t="C.ar" l="C"/>
		<a id="5" s="C" t="C.ar" l="C"/>
		<a id="6" s="C" t="C.ar" l="C"/>
		<a id="7" s="C" t="C.ar" l="C"/>
		<a id="8" s="C" t="C.ar" l="C"/>
		<a id="9" s="N" t="N.ar" l="N"/>
		<a id="10" s="C" t="C.ar" l="C"/>
		<a id="11" s="Cl" t="Cl" l="CL"/>
		<a id="12" s="N" t="N.ar" l="N"/>
		<a id="13" s="C" t="C.ar" l="C"/>
		<a id="14" s="C" t="C.ar" l="C"/>
		<a id="15" s="H" t="H" l="H"/>
		<a id="16" s="H" t="H" l="H"/>
		<a id="17" s="H" t="H" l="H"/>
		<a id="18" s="H" t="H" l="H"/>
		<a id="19" s="H" t="H" l="H"/>
		<a id="20" s="H" t="H" l="H"/>
		<a id="21" s="H" t="H" l="H"/>
		<a id="22" s="H" t="H" l="H"/>
		<a id="23" s="H" t="H" l="H"/>
	</atoms>
	<bonds>
		<b id="1" c="1 2" t="1"/>
		<b id="2" c="2 3" t="ar"/>
		<b id="3" c="3 4" t="ar"/>
		<b id="4" c="4 5" t="ar"/>
		<b id="5" c="5 6" t="1"/>
		<b id="6" c="6 7" t="ar"/>
		<b id="7" c="7 8" t="ar"/>
		<b id="8" c="8 9" t="ar"/>
		<b id="9" c="9 10" t="ar"/>
		<b id="10" c="10 11" t="1"/>
		<b id="11" c="10 12" t="ar"/>
		<b id="12" c="6 12" t="ar"/>
		<b id="13" c="5 13" t="ar"/>
		<b id="14" c="13 14" t="ar"/>
		<b id="15" c="2 14" t="ar"/>
		<b id="16" c="1 15" t="1"/>
		<b id="17" c="1 16" t="1"/>
		<b id="18" c="1 17" t="1"/>
		<b id="19" c="3 18" t="1"/>
		<b id="20" c="4 19" t="1"/>
		<b id="21" c="7 20" t="1"/>
		<b id="22" c="8 21" t="1"/>
		<b id="23" c="13 22" t="1"/>
		<b id="24" c="14 23" t="1"/>
	</bonds>
	<geometry>
		<g u="A" t="cart/3d">#23,3:2.4760,-0.0666,0.0439;0.9812,-0.0080,0.0166;0.3106,1.1977,-0.1519;-1.0691,1.2461,-0.1962;-1.8203,0.0785,-0.0689;-3.2814,0.0810,-0.1090;-4.0468,1.1306,-0.6337;-5.4213,0.9862,-0.5967;-6.0135,-0.0900,-0.0978;-5.2023,-1.0254,0.3559;-5.9438,-2.4291,0.9866;-3.8910,-1.0034,0.3795;-1.1483,-1.1325,0.1133;0.2286,-1.1719,0.1509;2.9058,0.9258,0.1519;2.8479,-0.5028,-0.8836;2.8199,-0.6927,0.8649;0.8773,2.1132,-0.2462;-1.5578,2.2023,-0.3068;-3.5943,2.0076,-1.0637;-6.0885,1.7479,-0.9777;-1.7321,-2.0329,0.2218;0.7346,-2.1166,0.2872;</g>
	</geometry>
	<conformers/>
	<properties/>
</molecule>
