<?xml version="1.0" ?>
<!--MOLLI PACKAGE EXPERIMENTAL XML FORMAT-->
<molecule name="el3396">
	<atoms>
		<a id="1" s="C" t="C.3" l="C"/>
		<a id="2" s="C" t="C.3" l="C"/>
		<a id="3" s="C" t="C.3" l="C"/>
		<a id="4" s="C" t="C.3" l="C"/>
		<a id="5" s="C" t="C.ar" l="C"/>
		<a id="6" s="C" t="C.ar" l="C"/>
		<a id="7" s="C" t="C.ar" l="C"/>
		<a id="8" s="C" t="C.ar" l="C"/>
		<a id="9" s="S" t="S.O2" l="S"/>
		<a id="10" s="O" t="O.2" l="O"/>
		<a id="11" s="O" t="O.2" l="O"/>
		<a id="12" s="N" t="N.pl3" l="N"/>
		<a id="13" s="C" t="C.ar" l="C"/>
		<a id="14" s="C" t="C.ar" l="C"/>
		<a id="15" s="C" t="C.ar" l="C"/>
		<a id="16" s="C" t="C.ar" l="C"/>
		<a id="17" s="C" t="C.ar" l="C"/>
		<a id="18" s="N" t="N.ar" l="N"/>
		<a id="19" s="C" t="C.ar" l="C"/>
		<a id="20" s="C" t="C.ar" l="C"/>
		<a id="21" s="C" t="C.ar" l="C"/>
		<a id="22" s="C" t="C.ar" l="C"/>
		<a id="23" s="N" t="N.ar" l="N"/>
		<a id="24" s="C" t="C.ar" l="C"/>
		<a id="25" s="Cl" t="Cl" l="CL"/>
		<a id="26" s="C" t="C.ar" l="C"/>
		<a id="27" s="N" t="N.ar" l="N"/>
		<a id="28" s="O" t="O.2" l="O"/>
		<a id="29" s="C" t="C.ar" l="C"/>
		<a id="30" s="C" t="C.ar" l="C"/>
		<a id="31" s="C" t="C.ar" l="C"/>
		<a id="32" s="C" t="C.ar" l="C"/>
		<a id="33" s="H" t="H" l="H"/>
		<a id="34" s="H" t="H" l="H"/>
		<a id="35" s="H" t="H" l="H"/>
		<a id="36" s="H" t="H" l="H"/>
		<a id="37" s="H" t="H" l="H"/>
		<a id="38" s="H" t="H" l="H"/>
		<a id="39" s="H" t="H" l="H"/>
		<a id="40" s="H" t="H" l="H"/>
		<a id="41" s="H" t="H" l="H"/>
		<a id="42" s="H" t="H" l="H"/>
		<a id="43" s="H" t="H" l="H"/>
		<a id="44" s="H" t="H" l="H"/>
		<a id="45" s="H" t="H" l="H"/>
		<a id="46" s="H" t="H" l="H"/>
		<a id="47" s="H" t="H" l="H"/>
		<a id="48" s="H" t="H" l="H"/>
		<a id="49" s="H" t="H" l="H"/>
		<a id="50" s="H" t="H" l="H"/>
		<a id="51" s="H" t="H" l="H"/>
		<a id="52" s="H" t="H" l="H"/>
		<a id="53" s="H" t="H" l="H"/>
	</atoms>
	<bonds>
		<b id="1" c="1 2" t="1"/>
		<b id="2" c="2 3" t="1"/>
		<b id="3" c="2 4" t="1"/>
		<b id="4" c="2 5" t="1"/>
		<b id="5" c="5 6" t="ar"/>
		<b id="6" c="6 7" t="ar"/>
		<b id="7" c="7 8" t="ar"/>
		<b id="8" c="8 9" t="1"/>
		<b id="9" c="9 10" t="2"/>
		<b id="10" c="9 11" t="2"/>
		<b id="11" c="9 12" t="1"/>
		<b id="12" c="12 13" t="1"/>
		<b id="13" c="13 14" t="ar"/>
		<b id="14" c="14 15" t="ar"/>
		<b id="15" c="15 16" t="ar"/>
		<b id="16" c="16 17" t="1"/>
		<b id="17" c="17 18" t="ar"/>
		<b id="18" c="18 19" t="ar"/>
		<b id="19" c="19 20" t="1"/>
		<b id="20" c="20 21" t="ar"/>
		<b id="21" c="21 22" t="ar"/>
		<b id="22" c="22 23" t="ar"/>
		<b id="23" c="23 24" t="ar"/>
		<b id="24" c="24 25" t="1"/>
		<b id="25" c="24 26" t="ar"/>
		<b id="26" c="20 26" t="ar"/>
		<b id="27" c="19 27" t="ar"/>
		<b id="28" c="27 28" t="ar"/>
		<b id="29" c="17 28" t="ar"/>
		<b id="30" c="16 29" t="ar"/>
		<b id="31" c="29 30" t="ar"/>
		<b id="32" c="13 30" t="ar"/>
		<b id="33" c="8 31" t="ar"/>
		<b id="34" c="31 32" t="ar"/>
		<b id="35" c="5 32" t="ar"/>
		<b id="36" c="1 33" t="1"/>
		<b id="37" c="1 34" t="1"/>
		<b id="38" c="1 35" t="1"/>
		<b id="39" c="3 36" t="1"/>
		<b id="40" c="3 37" t="1"/>
		<b id="41" c="3 38" t="1"/>
		<b id="42" c="4 39" t="1"/>
		<b id="43" c="4 40" t="1"/>
		<b id="44" c="4 41" t="1"/>
		<b id="45" c="6 42" t="1"/>
		<b id="46" c="7 43" t="1"/>
		<b id="47" c="12 44" t="1"/>
		<b id="48" c="14 45" t="1"/>
		<b id="49" c="15 46" t="1"/>
		<b id="50" c="21 47" t="1"/>
		<b id="51" c="22 48" t="1"/>
		<b id="52" c="26 49" t="1"/>
		<b id="53" c="29 50" t="1"/>
		<b id="54" c="30 51" t="1"/>
		<b id="55" c="31 52" t="1"/>
		<b id="56" c="32 53" t="1"/>
	</bonds>
	<geometry>
		<g u="A" t="cart/3d">#53,3:9.5725,-6.2339,-4.6859;8.6282,-6.1704,-5.8893;9.4709,-5.9159,-7.1474;7.9087,-7.5217,-6.0065;7.5868,-5.0705,-5.7611;7.5068,-4.2358,-4.6497;6.5426,-3.2449,-4.5699;5.6405,-3.0876,-5.6010;4.4500,-1.7637,-5.4992;3.2774,-2.0863,-6.2471;4.3260,-1.3216,-4.1450;5.2713,-0.4969,-6.2681;5.7087,-0.5113,-7.5765;4.9561,-1.1565,-8.5618;5.3853,-1.1591,-9.8692;6.5724,-0.5140,-10.2247;7.0024,-0.5169,-11.5984;6.3809,-1.0418,-12.6200;7.2034,-0.7576,-13.6666;6.9165,-1.1489,-15.0351;7.7953,-0.8307,-16.0723;7.4607,-1.2348,-17.3516;6.3552,-1.9053,-17.6374;5.5345,-2.1988,-16.6508;4.1178,-3.0724,-17.0830;5.7507,-1.8514,-15.3244;8.2764,-0.0962,-13.3055;8.1596,0.0674,-11.9658;7.3193,0.1417,-9.2446;6.8924,0.1404,-7.9359;5.6884,-3.9035,-6.7138;6.6597,-4.8842,-6.7875;10.2954,-7.0324,-4.8377;9.0274,-6.4475,-3.7696;10.1228,-5.3033,-4.5682;10.2356,-6.6832,-7.2426;9.9615,-4.9470,-7.0832;8.8620,-5.9311,-8.0467;8.6378,-8.3247,-6.0840;7.2686,-7.5581,-6.8831;7.2936,-7.6980,-5.1270;8.1947,-4.3476,-3.8284;6.4666,-2.6005,-3.7082;5.8341,0.0267,-5.6154;4.0295,-1.6283,-8.2798;4.8104,-1.6489,-10.6386;8.7016,-0.2867,-15.8635;8.0984,-1.0197,-18.1979;5.0542,-2.1089,-14.5440;8.2320,0.6466,-9.5222;7.4672,0.6513,-7.1773;4.9625,-3.7753,-7.4998;6.6872,-5.5154,-7.6619;</g>
	</geometry>
	<conformers/>
	<properties/>
</molecule>
