<?xml version="1.0" ?>
<!--MOLLI PACKAGE EXPERIMENTAL XML FORMAT-->
<molecule name="el3398">
	<atoms>
		<a id="1" s="C" t="C.3" l="C"/>
		<a id="2" s="O" t="O.3" l="O"/>
		<a id="3" s="C" t="C.3" l="C"/>
		<a id="4" s="C" t="C.ar" l="C"/>
		<a id="5" s="C" t="C.ar" l="C"/>
		<a id="6" s="C" t="C.ar" l="C"/>
		<a id="7" s="C" t="C.ar" l="C"/>
		<a id="8" s="N" t="N.ar" l="N"/>
		<a id="9" s="C" t="C.ar" l="C"/>
		<a id="10" s="Cl" t="Cl" l="CL"/>
		<a id="11" s="N" t="N.ar" l="N"/>
		<a id="12" s="C" t="C.ar" l="C"/>
		<a id="13" s="N" t="N.ar" l="N"/>
		<a id="14" s="C" t="C.ar" l="C"/>
		<a id="15" s="C" t="C.ar" l="C"/>
		<a id="16" s="C" t="C.ar" l="C"/>
		<a id="17" s="C" t="C.ar" l="C"/>
		<a id="18" s="C" t="C.ar" l="C"/>
		<a id="19" s="N" t="N.2" l="N"/>
		<a id="20" s="S" t="S.3" l="S"/>
		<a id="21" s="C" t="C.3" l="C"/>
		<a id="22" s="C" t="C.3" l="C"/>
		<a id="23" s="O" t="O.2" l="O"/>
		<a id="24" s="N" t="N.ar" l="N"/>
		<a id="25" s="H" t="H" l="H"/>
		<a id="26" s="H" t="H" l="H"/>
		<a id="27" s="H" t="H" l="H"/>
		<a id="28" s="H" t="H" l="H"/>
		<a id="29" s="H" t="H" l="H"/>
		<a id="30" s="H" t="H" l="H"/>
		<a id="31" s="H" t="H" l="H"/>
		<a id="32" s="H" t="H" l="H"/>
		<a id="33" s="H" t="H" l="H"/>
		<a id="34" s="H" t="H" l="H"/>
		<a id="35" s="H" t="H" l="H"/>
		<a id="36" s="H" t="H" l="H"/>
		<a id="37" s="H" t="H" l="H"/>
		<a id="38" s="H" t="H" l="H"/>
		<a id="39" s="H" t="H" l="H"/>
		<a id="40" s="H" t="H" l="H"/>
	</atoms>
	<bonds>
		<b id="1" c="1 2" t="1"/>
		<b id="2" c="2 3" t="1"/>
		<b id="3" c="3 4" t="1"/>
		<b id="4" c="4 5" t="ar"/>
		<b id="5" c="5 6" t="ar"/>
		<b id="6" c="6 7" t="ar"/>
		<b id="7" c="7 8" t="ar"/>
		<b id="8" c="8 9" t="ar"/>
		<b id="9" c="9 10" t="1"/>
		<b id="10" c="9 11" t="ar"/>
		<b id="11" c="11 12" t="ar"/>
		<b id="12" c="6 12" t="ar"/>
		<b id="13" c="12 13" t="ar"/>
		<b id="14" c="4 13" t="ar"/>
		<b id="15" c="13 14" t="1"/>
		<b id="16" c="14 15" t="ar"/>
		<b id="17" c="15 16" t="ar"/>
		<b id="18" c="16 17" t="ar"/>
		<b id="19" c="17 18" t="ar"/>
		<b id="20" c="18 19" t="1"/>
		<b id="21" c="19 20" t="2"/>
		<b id="22" c="20 21" t="1"/>
		<b id="23" c="20 22" t="1"/>
		<b id="24" c="20 23" t="2"/>
		<b id="25" c="18 24" t="ar"/>
		<b id="26" c="14 24" t="ar"/>
		<b id="27" c="1 25" t="1"/>
		<b id="28" c="1 26" t="1"/>
		<b id="29" c="1 27" t="1"/>
		<b id="30" c="3 28" t="1"/>
		<b id="31" c="3 29" t="1"/>
		<b id="32" c="5 30" t="1"/>
		<b id="33" c="7 31" t="1"/>
		<b id="34" c="15 32" t="1"/>
		<b id="35" c="16 33" t="1"/>
		<b id="36" c="17 34" t="1"/>
		<b id="37" c="21 35" t="1"/>
		<b id="38" c="21 36" t="1"/>
		<b id="39" c="21 37" t="1"/>
		<b id="40" c="22 38" t="1"/>
		<b id="41" c="22 39" t="1"/>
		<b id="42" c="22 40" t="1"/>
	</bonds>
	<geometry>
		<g u="A" t="cart/3d">#40,3:0.9355,1.4489,0.2746;2.3079,1.5940,0.5282;2.9915,0.3614,0.4987;4.4350,0.6027,0.7724;5.0614,1.8086,0.8588;6.4242,1.5525,1.1628;7.5904,2.2758,1.3717;8.7304,1.6591,1.6363;8.7177,0.3391,1.6920;10.2141,-0.4084,2.0334;7.6981,-0.4783,1.5204;6.5516,0.1354,1.2582;5.3345,-0.4302,1.0188;5.0590,-1.8067,0.9796;5.8758,-2.7166,1.6402;5.5325,-4.0586,1.5486;4.4245,-4.4385,0.8221;3.6638,-3.4416,0.1919;2.5555,-3.6970,-0.5578;1.9556,-5.0686,-0.9096;2.8385,-5.8488,-2.3077;0.3833,-4.5931,-1.6615;1.7206,-6.0784,0.0937;3.9910,-2.1545,0.2789;0.5037,2.4466,0.3222;0.4559,0.8062,1.0243;0.7568,1.0192,-0.7197;2.8721,-0.1290,-0.4796;2.5796,-0.3297,1.2515;4.5962,2.7629,0.7263;7.6329,3.3555,1.3292;6.7403,-2.3888,2.1886;6.1344,-4.8019,2.0509;4.1182,-5.4699,0.7442;2.9118,-5.1227,-3.1063;2.2824,-6.7266,-2.6103;3.8261,-6.1329,-1.9645;0.5881,-3.8342,-2.4047;-0.2421,-4.1871,-0.8752;-0.0813,-5.4698,-2.0964;</g>
	</geometry>
	<conformers/>
	<properties/>
</molecule>
