<?xml version="1.0" ?>
<!--MOLLI PACKAGE EXPERIMENTAL XML FORMAT-->
<molecule name="el3040">
	<atoms>
		<a id="1" s="C" t="C.3" l="C"/>
		<a id="2" s="C" t="C.3" l="C"/>
		<a id="3" s="N" t="N.ar" l="N"/>
		<a id="4" s="C" t="C.ar" l="C"/>
		<a id="5" s="N" t="N.ar" l="N"/>
		<a id="6" s="C" t="C.ar" l="C"/>
		<a id="7" s="N" t="N.ar" l="N"/>
		<a id="8" s="C" t="C.ar" l="C"/>
		<a id="9" s="Cl" t="Cl" l="CL"/>
		<a id="10" s="N" t="N.ar" l="N"/>
		<a id="11" s="C" t="C.ar" l="C"/>
		<a id="12" s="N" t="N.pl3" l="N"/>
		<a id="13" s="C" t="C.3" l="C"/>
		<a id="14" s="C" t="C.ar" l="C"/>
		<a id="15" s="C" t="C.ar" l="C"/>
		<a id="16" s="C" t="C.ar" l="C"/>
		<a id="17" s="C" t="C.ar" l="C"/>
		<a id="18" s="S" t="S.O2" l="S"/>
		<a id="19" s="C" t="C.3" l="C"/>
		<a id="20" s="O" t="O.2" l="O"/>
		<a id="21" s="O" t="O.2" l="O"/>
		<a id="22" s="C" t="C.ar" l="C"/>
		<a id="23" s="C" t="C.ar" l="C"/>
		<a id="24" s="C" t="C.ar" l="C"/>
		<a id="25" s="H" t="H" l="H"/>
		<a id="26" s="H" t="H" l="H"/>
		<a id="27" s="H" t="H" l="H"/>
		<a id="28" s="H" t="H" l="H"/>
		<a id="29" s="H" t="H" l="H"/>
		<a id="30" s="H" t="H" l="H"/>
		<a id="31" s="H" t="H" l="H"/>
		<a id="32" s="H" t="H" l="H"/>
		<a id="33" s="H" t="H" l="H"/>
		<a id="34" s="H" t="H" l="H"/>
		<a id="35" s="H" t="H" l="H"/>
		<a id="36" s="H" t="H" l="H"/>
		<a id="37" s="H" t="H" l="H"/>
		<a id="38" s="H" t="H" l="H"/>
		<a id="39" s="H" t="H" l="H"/>
		<a id="40" s="H" t="H" l="H"/>
	</atoms>
	<bonds>
		<b id="1" c="1 2" t="1"/>
		<b id="2" c="2 3" t="1"/>
		<b id="3" c="3 4" t="ar"/>
		<b id="4" c="4 5" t="ar"/>
		<b id="5" c="5 6" t="ar"/>
		<b id="6" c="6 7" t="ar"/>
		<b id="7" c="7 8" t="ar"/>
		<b id="8" c="8 9" t="1"/>
		<b id="9" c="8 10" t="ar"/>
		<b id="10" c="10 11" t="ar"/>
		<b id="11" c="11 12" t="1"/>
		<b id="12" c="12 13" t="1"/>
		<b id="13" c="13 14" t="1"/>
		<b id="14" c="14 15" t="ar"/>
		<b id="15" c="15 16" t="ar"/>
		<b id="16" c="16 17" t="ar"/>
		<b id="17" c="17 18" t="1"/>
		<b id="18" c="18 19" t="1"/>
		<b id="19" c="18 20" t="2"/>
		<b id="20" c="18 21" t="2"/>
		<b id="21" c="17 22" t="ar"/>
		<b id="22" c="22 23" t="ar"/>
		<b id="23" c="14 23" t="ar"/>
		<b id="24" c="11 24" t="ar"/>
		<b id="25" c="6 24" t="ar"/>
		<b id="26" c="3 24" t="ar"/>
		<b id="27" c="1 25" t="1"/>
		<b id="28" c="1 26" t="1"/>
		<b id="29" c="1 27" t="1"/>
		<b id="30" c="2 28" t="1"/>
		<b id="31" c="2 29" t="1"/>
		<b id="32" c="4 30" t="1"/>
		<b id="33" c="12 31" t="1"/>
		<b id="34" c="13 32" t="1"/>
		<b id="35" c="13 33" t="1"/>
		<b id="36" c="15 34" t="1"/>
		<b id="37" c="16 35" t="1"/>
		<b id="38" c="19 36" t="1"/>
		<b id="39" c="19 37" t="1"/>
		<b id="40" c="19 38" t="1"/>
		<b id="41" c="22 39" t="1"/>
		<b id="42" c="23 40" t="1"/>
	</bonds>
	<geometry>
		<g u="A" t="cart/3d">#40,3:0.8368,-0.1835,0.6425;2.2203,-0.4057,0.0333;3.1737,-0.8329,1.0254;3.6116,-2.1049,1.2107;4.4295,-2.2561,2.2094;4.5593,-1.0181,2.7520;5.3064,-0.6715,3.8027;5.2402,0.6001,4.0927;6.1739,1.1266,5.4215;4.5498,1.5553,3.4906;3.7890,1.2478,2.4403;3.0561,2.2450,1.8864;3.2586,3.6303,2.2504;4.0981,4.3629,1.2349;3.6676,5.5654,0.6856;4.4380,6.2150,-0.2644;5.6301,5.6487,-0.6689;6.6294,6.4782,-1.9070;7.8990,7.3254,-0.9219;7.2740,5.4825,-2.7191;5.8224,7.4714,-2.5622;6.0760,4.4541,-0.1357;5.3099,3.8142,0.8209;3.7672,-0.0912,2.0227;0.1495,0.1746,-0.1192;0.8790,0.5444,1.4498;0.4529,-1.1174,1.0462;2.5858,0.5067,-0.4509;2.1673,-1.1879,-0.7287;3.3037,-2.9075,0.5685;2.6179,2.0768,0.9959;3.7654,3.6178,3.2193;2.2833,4.1139,2.3569;2.7290,5.9949,1.0034;4.1236,7.1430,-0.7153;8.4533,6.5777,-0.3701;7.3993,8.0188,-0.2583;8.5501,7.8543,-1.6068;7.0038,4.0337,-0.4902;5.6490,2.8859,1.2556;</g>
	</geometry>
	<conformers/>
	<properties/>
</molecule>
