<?xml version="1.0" ?>
<!--MOLLI PACKAGE EXPERIMENTAL XML FORMAT-->
<molecule name="el3400">
	<atoms>
		<a id="1" s="H" t="H" l="H"/>
		<a id="2" s="C" t="C.3" l="C"/>
		<a id="3" s="H" t="H" l="H"/>
		<a id="4" s="H" t="H" l="H"/>
		<a id="5" s="N" t="N.am" l="N"/>
		<a id="6" s="C" t="C.2" l="C"/>
		<a id="7" s="O" t="O.2" l="O"/>
		<a id="8" s="C" t="C.ar" l="C"/>
		<a id="9" s="N" t="N.ar" l="N"/>
		<a id="10" s="N" t="N.ar" l="N"/>
		<a id="11" s="C" t="C.ar" l="C"/>
		<a id="12" s="Cl" t="Cl" l="CL"/>
		<a id="13" s="C" t="C.ar" l="C"/>
		<a id="14" s="C" t="C.ar" l="C"/>
		<a id="15" s="N" t="N.pl3" l="N"/>
		<a id="16" s="C" t="C.ar" l="C"/>
		<a id="17" s="C" t="C.ar" l="C"/>
		<a id="18" s="C" t="C.ar" l="C"/>
		<a id="19" s="C" t="C.ar" l="C"/>
		<a id="20" s="C" t="C.ar" l="C"/>
		<a id="21" s="C" t="C.ar" l="C"/>
		<a id="22" s="C" t="C.ar" l="C"/>
		<a id="23" s="N" t="N.ar" l="N"/>
		<a id="24" s="C" t="C.ar" l="C"/>
		<a id="25" s="C" t="C.3" l="C"/>
		<a id="26" s="C" t="C.3" l="C"/>
		<a id="27" s="C" t="C.3" l="C"/>
		<a id="28" s="O" t="O.3" l="O"/>
		<a id="29" s="C" t="C.ar" l="C"/>
		<a id="30" s="N" t="N.ar" l="N"/>
		<a id="31" s="C" t="C.ar" l="C"/>
		<a id="32" s="O" t="O.3" l="O"/>
		<a id="33" s="C" t="C.3" l="C"/>
		<a id="34" s="H" t="H" l="H"/>
		<a id="35" s="H" t="H" l="H"/>
		<a id="36" s="H" t="H" l="H"/>
		<a id="37" s="H" t="H" l="H"/>
		<a id="38" s="H" t="H" l="H"/>
		<a id="39" s="H" t="H" l="H"/>
		<a id="40" s="H" t="H" l="H"/>
		<a id="41" s="H" t="H" l="H"/>
		<a id="42" s="H" t="H" l="H"/>
		<a id="43" s="H" t="H" l="H"/>
		<a id="44" s="H" t="H" l="H"/>
		<a id="45" s="H" t="H" l="H"/>
		<a id="46" s="H" t="H" l="H"/>
		<a id="47" s="H" t="H" l="H"/>
		<a id="48" s="H" t="H" l="H"/>
		<a id="49" s="H" t="H" l="H"/>
		<a id="50" s="H" t="H" l="H"/>
		<a id="51" s="H" t="H" l="H"/>
	</atoms>
	<bonds>
		<b id="1" c="1 2" t="1"/>
		<b id="2" c="2 3" t="1"/>
		<b id="3" c="2 4" t="1"/>
		<b id="4" c="2 5" t="1"/>
		<b id="5" c="5 6" t="am"/>
		<b id="6" c="6 7" t="2"/>
		<b id="7" c="6 8" t="1"/>
		<b id="8" c="8 9" t="ar"/>
		<b id="9" c="9 10" t="ar"/>
		<b id="10" c="10 11" t="ar"/>
		<b id="11" c="11 12" t="1"/>
		<b id="12" c="11 13" t="ar"/>
		<b id="13" c="13 14" t="ar"/>
		<b id="14" c="8 14" t="ar"/>
		<b id="15" c="14 15" t="1"/>
		<b id="16" c="15 16" t="1"/>
		<b id="17" c="16 17" t="ar"/>
		<b id="18" c="17 18" t="ar"/>
		<b id="19" c="18 19" t="ar"/>
		<b id="20" c="19 20" t="ar"/>
		<b id="21" c="20 21" t="1"/>
		<b id="22" c="21 22" t="ar"/>
		<b id="23" c="22 23" t="ar"/>
		<b id="24" c="23 24" t="ar"/>
		<b id="25" c="24 25" t="1"/>
		<b id="26" c="25 26" t="1"/>
		<b id="27" c="25 27" t="1"/>
		<b id="28" c="25 28" t="1"/>
		<b id="29" c="24 29" t="ar"/>
		<b id="30" c="29 30" t="ar"/>
		<b id="31" c="21 30" t="ar"/>
		<b id="32" c="20 31" t="ar"/>
		<b id="33" c="16 31" t="ar"/>
		<b id="34" c="31 32" t="1"/>
		<b id="35" c="32 33" t="1"/>
		<b id="36" c="5 34" t="1"/>
		<b id="37" c="13 35" t="1"/>
		<b id="38" c="15 36" t="1"/>
		<b id="39" c="17 37" t="1"/>
		<b id="40" c="18 38" t="1"/>
		<b id="41" c="19 39" t="1"/>
		<b id="42" c="22 40" t="1"/>
		<b id="43" c="26 41" t="1"/>
		<b id="44" c="26 42" t="1"/>
		<b id="45" c="26 43" t="1"/>
		<b id="46" c="27 44" t="1"/>
		<b id="47" c="27 45" t="1"/>
		<b id="48" c="27 46" t="1"/>
		<b id="49" c="28 47" t="1"/>
		<b id="50" c="29 48" t="1"/>
		<b id="51" c="33 49" t="1"/>
		<b id="52" c="33 50" t="1"/>
		<b id="53" c="33 51" t="1"/>
	</bonds>
	<geometry>
		<g u="A" t="cart/3d">#51,3:7.3555,3.5353,1.0246;6.9540,2.5301,1.1641;7.2651,1.9030,0.3266;7.3400,2.1110,2.0926;5.5193,2.5700,1.2615;4.8348,2.1234,2.3192;5.3612,1.6386,3.3209;3.3594,2.2641,2.1750;2.9282,2.7454,1.0253;1.6708,2.9028,0.7656;0.7805,2.5461,1.6842;-0.8647,2.7545,1.2463;1.1030,2.0317,2.9255;2.4673,1.8870,3.2250;2.9469,1.3887,4.3726;2.1829,1.1087,5.5266;1.3881,2.1307,6.0431;0.6020,1.9403,7.1601;0.6181,0.7111,7.7926;1.4193,-0.3158,7.3164;1.4297,-1.6084,8.0181;0.2433,-2.2249,8.4205;0.2431,-3.3752,9.0679;1.4124,-3.9517,9.3325;1.3506,-5.2864,10.0450;1.7033,-6.3842,9.0222;2.3237,-5.3257,11.2289;0.0518,-5.5086,10.5475;2.5953,-3.3385,8.9205;2.6004,-2.1864,8.2825;2.2106,-0.1419,6.1619;2.8604,-1.2598,5.7643;3.8183,-1.2709,4.7298;4.9672,2.9320,0.4945;0.3391,1.7451,3.6296;3.9687,1.3292,4.3972;1.4055,3.0896,5.5461;-0.0081,2.7448,7.5389;0.0264,0.5483,8.6805;-0.7268,-1.7965,8.2071;2.7050,-6.2387,8.6277;0.9910,-6.3647,8.2001;1.6435,-7.3537,9.5093;3.3555,-5.2943,10.8934;2.1547,-6.2457,11.7814;2.1341,-4.4858,11.8928;-0.5438,-4.9053,10.0777;3.5662,-3.7739,9.1114;4.1624,-2.3043,4.6859;4.6720,-0.6270,4.9522;3.3867,-1.0005,3.7626;</g>
	</geometry>
	<conformers/>
	<properties/>
</molecule>
