<?xml version="1.0" ?>
<!--MOLLI PACKAGE EXPERIMENTAL XML FORMAT-->
<molecule name="el3401">
	<atoms>
		<a id="1" s="Cl" t="Cl" l="CL"/>
		<a id="2" s="C" t="C.ar" l="C"/>
		<a id="3" s="C" t="C.ar" l="C"/>
		<a id="4" s="C" t="C.ar" l="C"/>
		<a id="5" s="C" t="C.ar" l="C"/>
		<a id="6" s="C" t="C.ar" l="C"/>
		<a id="7" s="C" t="C.ar" l="C"/>
		<a id="8" s="C" t="C.ar" l="C"/>
		<a id="9" s="C" t="C.ar" l="C"/>
		<a id="10" s="C" t="C.ar" l="C"/>
		<a id="11" s="N" t="N.pl3" l="N"/>
		<a id="12" s="C" t="C.3" l="C"/>
		<a id="13" s="C" t="C.3" l="C"/>
		<a id="14" s="O" t="O.3" l="O"/>
		<a id="15" s="C" t="C.3" l="C"/>
		<a id="16" s="C" t="C.3" l="C"/>
		<a id="17" s="C" t="C.3" l="C"/>
		<a id="18" s="C" t="C.3" l="C"/>
		<a id="19" s="C" t="C.3" l="C"/>
		<a id="20" s="C" t="C.3" l="C"/>
		<a id="21" s="C" t="C.3" l="C"/>
		<a id="22" s="C" t="C.3" l="C"/>
		<a id="23" s="C" t="C.3" l="C"/>
		<a id="24" s="C" t="C.3" l="C"/>
		<a id="25" s="N" t="N.ar" l="N"/>
		<a id="26" s="H" t="H" l="H"/>
		<a id="27" s="H" t="H" l="H"/>
		<a id="28" s="H" t="H" l="H"/>
		<a id="29" s="H" t="H" l="H"/>
		<a id="30" s="H" t="H" l="H"/>
		<a id="31" s="H" t="H" l="H"/>
		<a id="32" s="H" t="H" l="H"/>
		<a id="33" s="H" t="H" l="H"/>
		<a id="34" s="H" t="H" l="H"/>
		<a id="35" s="H" t="H" l="H"/>
		<a id="36" s="H" t="H" l="H"/>
		<a id="37" s="H" t="H" l="H"/>
		<a id="38" s="H" t="H" l="H"/>
		<a id="39" s="H" t="H" l="H"/>
		<a id="40" s="H" t="H" l="H"/>
		<a id="41" s="H" t="H" l="H"/>
		<a id="42" s="H" t="H" l="H"/>
		<a id="43" s="H" t="H" l="H"/>
		<a id="44" s="H" t="H" l="H"/>
		<a id="45" s="H" t="H" l="H"/>
		<a id="46" s="H" t="H" l="H"/>
		<a id="47" s="H" t="H" l="H"/>
		<a id="48" s="H" t="H" l="H"/>
		<a id="49" s="H" t="H" l="H"/>
		<a id="50" s="H" t="H" l="H"/>
	</atoms>
	<bonds>
		<b id="1" c="1 2" t="1"/>
		<b id="2" c="2 3" t="ar"/>
		<b id="3" c="3 4" t="ar"/>
		<b id="4" c="4 5" t="ar"/>
		<b id="5" c="5 6" t="ar"/>
		<b id="6" c="6 7" t="ar"/>
		<b id="7" c="7 8" t="ar"/>
		<b id="8" c="8 9" t="ar"/>
		<b id="9" c="4 9" t="ar"/>
		<b id="10" c="9 10" t="ar"/>
		<b id="11" c="10 11" t="1"/>
		<b id="12" c="11 12" t="1"/>
		<b id="13" c="12 13" t="1"/>
		<b id="14" c="13 14" t="1"/>
		<b id="15" c="14 15" t="1"/>
		<b id="16" c="15 16" t="1"/>
		<b id="17" c="16 17" t="1"/>
		<b id="18" c="17 18" t="1"/>
		<b id="19" c="18 19" t="1"/>
		<b id="20" c="19 20" t="1"/>
		<b id="21" c="20 21" t="1"/>
		<b id="22" c="21 22" t="1"/>
		<b id="23" c="17 22" t="1"/>
		<b id="24" c="21 23" t="1"/>
		<b id="25" c="15 23" t="1"/>
		<b id="26" c="19 24" t="1"/>
		<b id="27" c="15 24" t="1"/>
		<b id="28" c="10 25" t="ar"/>
		<b id="29" c="2 25" t="ar"/>
		<b id="30" c="3 26" t="1"/>
		<b id="31" c="5 27" t="1"/>
		<b id="32" c="6 28" t="1"/>
		<b id="33" c="7 29" t="1"/>
		<b id="34" c="8 30" t="1"/>
		<b id="35" c="11 31" t="1"/>
		<b id="36" c="12 32" t="1"/>
		<b id="37" c="12 33" t="1"/>
		<b id="38" c="13 34" t="1"/>
		<b id="39" c="13 35" t="1"/>
		<b id="40" c="16 36" t="1"/>
		<b id="41" c="16 37" t="1"/>
		<b id="42" c="17 38" t="1"/>
		<b id="43" c="18 39" t="1"/>
		<b id="44" c="18 40" t="1"/>
		<b id="45" c="19 41" t="1"/>
		<b id="46" c="20 42" t="1"/>
		<b id="47" c="20 43" t="1"/>
		<b id="48" c="21 44" t="1"/>
		<b id="49" c="22 45" t="1"/>
		<b id="50" c="22 46" t="1"/>
		<b id="51" c="23 47" t="1"/>
		<b id="52" c="23 48" t="1"/>
		<b id="53" c="24 49" t="1"/>
		<b id="54" c="24 50" t="1"/>
	</bonds>
	<geometry>
		<g u="A" t="cart/3d">#50,3:2.6594,0.8793,0.3870;2.2974,-0.5989,1.2062;1.4409,-0.6051,2.2687;1.1974,-1.8479,2.9017;0.3364,-1.9602,4.0110;0.1282,-3.1708,4.6139;0.7726,-4.3181,4.1343;1.6120,-4.2402,3.0529;1.8421,-3.0121,2.4090;2.7015,-2.8490,1.2645;3.3481,-3.8981,0.7241;4.1903,-3.8101,-0.4397;5.3914,-4.7382,-0.2646;4.8800,-6.0485,-0.1375;5.8003,-7.1424,-0.1352;6.8889,-7.0036,0.9353;7.7427,-8.2719,0.9624;6.8686,-9.4829,1.2853;5.7912,-9.6274,0.2112;6.4486,-9.8245,-1.1538;7.3220,-8.6117,-1.4723;8.4038,-8.4682,-0.4016;6.4639,-7.3465,-1.5038;4.9330,-8.3658,0.1842;2.9072,-1.6686,0.7056;0.9665,0.2957,2.6210;-0.1538,-1.0690,4.3758;-0.5337,-3.2492,5.4638;0.6044,-5.2674,4.6217;2.1004,-5.1385,2.7021;3.1610,-4.8337,1.0445;4.5070,-2.7727,-0.5496;3.6344,-4.1153,-1.3348;5.9481,-4.4479,0.6373;6.0520,-4.6464,-1.1352;6.4210,-6.8389,1.9091;7.5259,-6.1442,0.7126;8.5163,-8.1643,1.7317;6.4028,-9.3558,2.2653;7.4835,-10.3848,1.3210;5.1565,-10.4905,0.4414;5.6819,-9.9439,-1.9227;7.0599,-10.7296,-1.1454;7.7937,-8.7482,-2.4522;9.0460,-7.6145,-0.6315;9.0304,-9.3625,-0.3850;5.6885,-7.4291,-2.2689;7.0932,-6.4881,-1.7505;4.4484,-8.2122,1.1503;4.1505,-8.4468,-0.5721;</g>
	</geometry>
	<conformers/>
	<properties/>
</molecule>
