<?xml version="1.0" ?>
<!--MOLLI PACKAGE EXPERIMENTAL XML FORMAT-->
<molecule name="el3402">
	<atoms>
		<a id="1" s="C" t="C.3" l="C"/>
		<a id="2" s="C" t="C.3" l="C"/>
		<a id="3" s="C" t="C.3" l="C"/>
		<a id="4" s="C" t="C.ar" l="C"/>
		<a id="5" s="C" t="C.ar" l="C"/>
		<a id="6" s="C" t="C.ar" l="C"/>
		<a id="7" s="C" t="C.ar" l="C"/>
		<a id="8" s="N" t="N.pl3" l="N"/>
		<a id="9" s="C" t="C.3" l="C"/>
		<a id="10" s="C" t="C.3" l="C"/>
		<a id="11" s="C" t="C.3" l="C"/>
		<a id="12" s="S" t="S.O2" l="S"/>
		<a id="13" s="C" t="C.3" l="C"/>
		<a id="14" s="O" t="O.2" l="O"/>
		<a id="15" s="O" t="O.2" l="O"/>
		<a id="16" s="C" t="C.3" l="C"/>
		<a id="17" s="C" t="C.3" l="C"/>
		<a id="18" s="C" t="C.ar" l="C"/>
		<a id="19" s="C" t="C.ar" l="C"/>
		<a id="20" s="N" t="N.ar" l="N"/>
		<a id="21" s="C" t="C.ar" l="C"/>
		<a id="22" s="Cl" t="Cl" l="CL"/>
		<a id="23" s="C" t="C.ar" l="C"/>
		<a id="24" s="C" t="C.ar" l="C"/>
		<a id="25" s="H" t="H" l="H"/>
		<a id="26" s="H" t="H" l="H"/>
		<a id="27" s="H" t="H" l="H"/>
		<a id="28" s="H" t="H" l="H"/>
		<a id="29" s="H" t="H" l="H"/>
		<a id="30" s="H" t="H" l="H"/>
		<a id="31" s="H" t="H" l="H"/>
		<a id="32" s="H" t="H" l="H"/>
		<a id="33" s="H" t="H" l="H"/>
		<a id="34" s="H" t="H" l="H"/>
		<a id="35" s="H" t="H" l="H"/>
		<a id="36" s="H" t="H" l="H"/>
		<a id="37" s="H" t="H" l="H"/>
		<a id="38" s="H" t="H" l="H"/>
		<a id="39" s="H" t="H" l="H"/>
		<a id="40" s="H" t="H" l="H"/>
		<a id="41" s="H" t="H" l="H"/>
		<a id="42" s="H" t="H" l="H"/>
		<a id="43" s="H" t="H" l="H"/>
		<a id="44" s="H" t="H" l="H"/>
		<a id="45" s="H" t="H" l="H"/>
		<a id="46" s="H" t="H" l="H"/>
		<a id="47" s="H" t="H" l="H"/>
	</atoms>
	<bonds>
		<b id="1" c="1 2" t="1"/>
		<b id="2" c="2 3" t="1"/>
		<b id="3" c="2 4" t="1"/>
		<b id="4" c="4 5" t="ar"/>
		<b id="5" c="5 6" t="ar"/>
		<b id="6" c="6 7" t="ar"/>
		<b id="7" c="7 8" t="1"/>
		<b id="8" c="8 9" t="1"/>
		<b id="9" c="9 10" t="1"/>
		<b id="10" c="11 12" t="1"/>
		<b id="11" c="12 13" t="1"/>
		<b id="12" c="12 14" t="2"/>
		<b id="13" c="12 15" t="2"/>
		<b id="14" c="10 16" t="1"/>
		<b id="15" c="8 16" t="1"/>
		<b id="16" c="7 18" t="ar"/>
		<b id="17" c="18 19" t="ar"/>
		<b id="18" c="19 20" t="ar"/>
		<b id="19" c="20 21" t="ar"/>
		<b id="20" c="21 22" t="1"/>
		<b id="21" c="21 23" t="ar"/>
		<b id="22" c="23 24" t="ar"/>
		<b id="23" c="4 24" t="ar"/>
		<b id="24" c="18 24" t="ar"/>
		<b id="25" c="16 17" t="1"/>
		<b id="26" c="10 11" t="1"/>
		<b id="27" c="1 25" t="1"/>
		<b id="28" c="1 26" t="1"/>
		<b id="29" c="1 27" t="1"/>
		<b id="30" c="2 28" t="1"/>
		<b id="31" c="3 29" t="1"/>
		<b id="32" c="3 30" t="1"/>
		<b id="33" c="3 31" t="1"/>
		<b id="34" c="5 32" t="1"/>
		<b id="35" c="6 33" t="1"/>
		<b id="36" c="9 34" t="1"/>
		<b id="37" c="9 35" t="1"/>
		<b id="38" c="10 36" t="1"/>
		<b id="39" c="11 37" t="1"/>
		<b id="40" c="11 38" t="1"/>
		<b id="41" c="13 39" t="1"/>
		<b id="42" c="13 40" t="1"/>
		<b id="43" c="13 41" t="1"/>
		<b id="44" c="16 42" t="1"/>
		<b id="45" c="17 43" t="1"/>
		<b id="46" c="17 44" t="1"/>
		<b id="47" c="17 45" t="1"/>
		<b id="48" c="19 46" t="1"/>
		<b id="49" c="23 47" t="1"/>
	</bonds>
	<geometry>
		<g u="A" t="cart/3d">#47,3:0.7542,-0.6936,0.4758;1.9868,0.1987,0.2932;1.6310,1.4245,-0.5505;2.5567,0.5591,1.6463;2.1355,1.6853,2.3157;2.6744,2.0742,3.5346;3.6779,1.3461,4.1606;4.2232,1.8518,5.2998;5.2926,1.4709,6.2037;5.1764,2.8450,6.8814;4.6456,2.8137,8.2944;5.9864,2.1406,9.3407;5.4375,2.4801,11.0387;6.0396,0.7176,9.1539;7.1785,2.8981,9.0807;4.1677,3.2261,5.7762;4.7024,4.2721,4.8056;4.0490,0.0973,3.5691;4.9178,-0.8274,4.1799;5.2816,-1.9703,3.6611;4.7914,-2.2881,2.4643;5.3224,-3.8013,1.8269;3.9113,-1.5152,1.7611;3.4948,-0.2753,2.3003;0.3439,-0.9789,-0.4906;-0.0125,-0.1607,1.0343;1.0101,-1.5963,1.0260;2.7439,-0.3589,-0.2657;0.7489,1.9310,-0.1665;1.4172,1.1156,-1.5715;2.4596,2.1291,-0.5706;1.3705,2.3122,1.8851;2.2998,2.9715,4.0007;6.2566,1.2985,5.7164;5.0581,0.6279,6.8571;6.0965,3.4292,6.8681;4.4197,3.8118,8.6604;3.7890,2.1541,8.4021;4.4825,1.9934,11.1848;5.3667,3.5515,11.1684;6.1768,2.0666,11.7128;3.1761,3.5157,6.1453;5.6622,3.9516,4.4080;4.8355,5.2163,5.3282;4.0222,4.4265,3.9730;5.3263,-0.6479,5.1604;3.5354,-1.8683,0.8164;</g>
	</geometry>
	<conformers/>
	<properties/>
</molecule>
