<?xml version="1.0" ?>
<!--MOLLI PACKAGE EXPERIMENTAL XML FORMAT-->
<molecule name="el3404">
	<atoms>
		<a id="1" s="C" t="C.3" l="C"/>
		<a id="2" s="C" t="C.ar" l="C"/>
		<a id="3" s="C" t="C.ar" l="C"/>
		<a id="4" s="C" t="C.ar" l="C"/>
		<a id="5" s="N" t="N.ar" l="N"/>
		<a id="6" s="C" t="C.ar" l="C"/>
		<a id="7" s="Cl" t="Cl" l="CL"/>
		<a id="8" s="N" t="N.ar" l="N"/>
		<a id="9" s="C" t="C.ar" l="C"/>
		<a id="10" s="C" t="C.ar" l="C"/>
		<a id="11" s="F" t="F" l="F"/>
		<a id="12" s="C" t="C.ar" l="C"/>
		<a id="13" s="N" t="N.ar" l="N"/>
		<a id="14" s="N" t="N.ar" l="N"/>
		<a id="15" s="C" t="C.3" l="C"/>
		<a id="16" s="H" t="H" l="H"/>
		<a id="17" s="H" t="H" l="H"/>
		<a id="18" s="H" t="H" l="H"/>
		<a id="19" s="H" t="H" l="H"/>
		<a id="20" s="H" t="H" l="H"/>
		<a id="21" s="H" t="H" l="H"/>
		<a id="22" s="H" t="H" l="H"/>
		<a id="23" s="H" t="H" l="H"/>
	</atoms>
	<bonds>
		<b id="1" c="1 2" t="1"/>
		<b id="2" c="2 3" t="ar"/>
		<b id="3" c="3 4" t="1"/>
		<b id="4" c="4 5" t="ar"/>
		<b id="5" c="5 6" t="ar"/>
		<b id="6" c="6 7" t="1"/>
		<b id="7" c="6 8" t="ar"/>
		<b id="8" c="8 9" t="ar"/>
		<b id="9" c="9 10" t="ar"/>
		<b id="10" c="4 10" t="ar"/>
		<b id="11" c="10 11" t="1"/>
		<b id="12" c="3 12" t="ar"/>
		<b id="13" c="12 13" t="ar"/>
		<b id="14" c="13 14" t="ar"/>
		<b id="15" c="2 14" t="ar"/>
		<b id="16" c="14 15" t="1"/>
		<b id="17" c="1 16" t="1"/>
		<b id="18" c="1 17" t="1"/>
		<b id="19" c="1 18" t="1"/>
		<b id="20" c="9 19" t="1"/>
		<b id="21" c="12 20" t="1"/>
		<b id="22" c="15 21" t="1"/>
		<b id="23" c="15 22" t="1"/>
		<b id="24" c="15 23" t="1"/>
	</bonds>
	<geometry>
		<g u="A" t="cart/3d">#23,3:1.9328,-1.0708,0.3521;0.5405,-0.6729,0.0487;-0.6315,-1.4229,-0.1224;-0.7777,-2.8495,-0.0440;0.3112,-3.5844,0.2113;0.1870,-4.8890,0.2826;1.6161,-5.7603,0.6102;-0.9108,-5.6025,0.1290;-2.0130,-4.9098,-0.1246;-1.9972,-3.5329,-0.2198;-3.1462,-2.8835,-0.4776;-1.6272,-0.4502,-0.3917;-1.1153,0.7549,-0.3846;0.1869,0.6113,-0.1187;1.0358,1.7633,-0.0461;1.9866,-2.1500,0.4482;2.2657,-0.6074,1.2812;2.6021,-0.7450,-0.4444;-2.9257,-5.4743,-0.2536;-2.6704,-0.5888,-0.5852;0.4104,2.6404,-0.1965;1.8033,1.7266,-0.8218;1.5215,1.8231,0.9293;</g>
	</geometry>
	<conformers/>
	<properties/>
</molecule>
