<?xml version="1.0" ?>
<!--MOLLI PACKAGE EXPERIMENTAL XML FORMAT-->
<molecule name="el3411">
	<atoms>
		<a id="1" s="F" t="F" l="F"/>
		<a id="2" s="C" t="C.ar" l="C"/>
		<a id="3" s="C" t="C.ar" l="C"/>
		<a id="4" s="N" t="N.ar" l="N"/>
		<a id="5" s="C" t="C.ar" l="C"/>
		<a id="6" s="Cl" t="Cl" l="CL"/>
		<a id="7" s="N" t="N.ar" l="N"/>
		<a id="8" s="C" t="C.ar" l="C"/>
		<a id="9" s="C" t="C.ar" l="C"/>
		<a id="10" s="C" t="C.ar" l="C"/>
		<a id="11" s="C" t="C.ar" l="C"/>
		<a id="12" s="C" t="C.ar" l="C"/>
		<a id="13" s="C" t="C.ar" l="C"/>
		<a id="14" s="C" t="C.ar" l="C"/>
		<a id="15" s="C" t="C.ar" l="C"/>
		<a id="16" s="C" t="C.ar" l="C"/>
		<a id="17" s="C" t="C.ar" l="C"/>
		<a id="18" s="C" t="C.ar" l="C"/>
		<a id="19" s="C" t="C.ar" l="C"/>
		<a id="20" s="C" t="C.ar" l="C"/>
		<a id="21" s="H" t="H" l="H"/>
		<a id="22" s="H" t="H" l="H"/>
		<a id="23" s="H" t="H" l="H"/>
		<a id="24" s="H" t="H" l="H"/>
		<a id="25" s="H" t="H" l="H"/>
		<a id="26" s="H" t="H" l="H"/>
		<a id="27" s="H" t="H" l="H"/>
		<a id="28" s="H" t="H" l="H"/>
		<a id="29" s="H" t="H" l="H"/>
		<a id="30" s="H" t="H" l="H"/>
	</atoms>
	<bonds>
		<b id="1" c="1 2" t="1"/>
		<b id="2" c="2 3" t="ar"/>
		<b id="3" c="3 4" t="ar"/>
		<b id="4" c="4 5" t="ar"/>
		<b id="5" c="5 6" t="1"/>
		<b id="6" c="5 7" t="ar"/>
		<b id="7" c="7 8" t="ar"/>
		<b id="8" c="2 8" t="ar"/>
		<b id="9" c="8 9" t="1"/>
		<b id="10" c="9 10" t="ar"/>
		<b id="11" c="10 11" t="ar"/>
		<b id="12" c="11 12" t="ar"/>
		<b id="13" c="12 13" t="1"/>
		<b id="14" c="13 14" t="ar"/>
		<b id="15" c="14 15" t="ar"/>
		<b id="16" c="15 16" t="ar"/>
		<b id="17" c="16 17" t="ar"/>
		<b id="18" c="17 18" t="ar"/>
		<b id="19" c="13 18" t="ar"/>
		<b id="20" c="12 19" t="ar"/>
		<b id="21" c="19 20" t="ar"/>
		<b id="22" c="9 20" t="ar"/>
		<b id="23" c="3 21" t="1"/>
		<b id="24" c="10 22" t="1"/>
		<b id="25" c="11 23" t="1"/>
		<b id="26" c="14 24" t="1"/>
		<b id="27" c="15 25" t="1"/>
		<b id="28" c="16 26" t="1"/>
		<b id="29" c="17 27" t="1"/>
		<b id="30" c="18 28" t="1"/>
		<b id="31" c="19 29" t="1"/>
		<b id="32" c="20 30" t="1"/>
	</bonds>
	<geometry>
		<g u="A" t="cart/3d">#30,3:5.1342,1.8795,-1.0825;4.3909,0.9381,-0.4748;4.9171,-0.3340,-0.3302;4.2472,-1.2971,0.2805;3.0600,-0.9606,0.7523;2.1895,-2.1823,1.5562;2.4765,0.2123,0.6686;3.1126,1.2059,0.0427;2.4177,2.4877,-0.0228;1.4135,2.7466,0.9149;0.7323,3.9429,0.8998;1.0155,4.9128,-0.0632;0.2855,6.1869,-0.0798;0.0073,6.8580,1.1093;-0.6788,8.0578,1.0950;-1.1063,8.6012,-0.1050;-0.8383,7.9406,-1.2924;-0.1436,6.7455,-1.2820;2.0025,4.6423,-1.0099;2.7008,3.4525,-0.9910;5.8978,-0.5847,-0.7099;1.1897,1.9908,1.6510;-0.0454,4.1265,1.6261;0.3535,6.4465,2.0462;-0.8808,8.5715,2.0234;-1.6464,9.5361,-0.1148;-1.1735,8.3581,-2.2305;0.0473,6.2256,-2.2095;2.2383,5.3841,-1.7586;3.4512,3.2742,-1.7441;</g>
	</geometry>
	<conformers/>
	<properties/>
</molecule>
