<?xml version="1.0" ?>
<!--MOLLI PACKAGE EXPERIMENTAL XML FORMAT-->
<molecule name="el3413">
	<atoms>
		<a id="1" s="C" t="C.3" l="C"/>
		<a id="2" s="C" t="C.ar" l="C"/>
		<a id="3" s="C" t="C.ar" l="C"/>
		<a id="4" s="N" t="N.ar" l="N"/>
		<a id="5" s="C" t="C.ar" l="C"/>
		<a id="6" s="Cl" t="Cl" l="CL"/>
		<a id="7" s="N" t="N.ar" l="N"/>
		<a id="8" s="C" t="C.ar" l="C"/>
		<a id="9" s="C" t="C.ar" l="C"/>
		<a id="10" s="C" t="C.ar" l="C"/>
		<a id="11" s="N" t="N.ar" l="N"/>
		<a id="12" s="C" t="C.ar" l="C"/>
		<a id="13" s="C" t="C.ar" l="C"/>
		<a id="14" s="N" t="N.ar" l="N"/>
		<a id="15" s="C" t="C.3" l="C"/>
		<a id="16" s="C" t="C.3" l="C"/>
		<a id="17" s="C" t="C.3" l="C"/>
		<a id="18" s="N" t="N.ar" l="N"/>
		<a id="19" s="C" t="C.ar" l="C"/>
		<a id="20" s="C" t="C.ar" l="C"/>
		<a id="21" s="H" t="H" l="H"/>
		<a id="22" s="H" t="H" l="H"/>
		<a id="23" s="H" t="H" l="H"/>
		<a id="24" s="H" t="H" l="H"/>
		<a id="25" s="H" t="H" l="H"/>
		<a id="26" s="H" t="H" l="H"/>
		<a id="27" s="H" t="H" l="H"/>
		<a id="28" s="H" t="H" l="H"/>
		<a id="29" s="H" t="H" l="H"/>
		<a id="30" s="H" t="H" l="H"/>
		<a id="31" s="H" t="H" l="H"/>
		<a id="32" s="H" t="H" l="H"/>
		<a id="33" s="H" t="H" l="H"/>
		<a id="34" s="H" t="H" l="H"/>
	</atoms>
	<bonds>
		<b id="1" c="1 2" t="1"/>
		<b id="2" c="2 3" t="ar"/>
		<b id="3" c="3 4" t="ar"/>
		<b id="4" c="4 5" t="ar"/>
		<b id="5" c="5 6" t="1"/>
		<b id="6" c="5 7" t="ar"/>
		<b id="7" c="7 8" t="ar"/>
		<b id="8" c="2 8" t="ar"/>
		<b id="9" c="8 9" t="1"/>
		<b id="10" c="9 10" t="ar"/>
		<b id="11" c="10 11" t="ar"/>
		<b id="12" c="11 12" t="ar"/>
		<b id="13" c="12 13" t="ar"/>
		<b id="14" c="13 14" t="ar"/>
		<b id="15" c="14 15" t="1"/>
		<b id="16" c="15 16" t="1"/>
		<b id="17" c="15 17" t="1"/>
		<b id="18" c="14 18" t="ar"/>
		<b id="19" c="18 19" t="ar"/>
		<b id="20" c="12 19" t="ar"/>
		<b id="21" c="19 20" t="ar"/>
		<b id="22" c="9 20" t="ar"/>
		<b id="23" c="1 21" t="1"/>
		<b id="24" c="1 22" t="1"/>
		<b id="25" c="1 23" t="1"/>
		<b id="26" c="3 24" t="1"/>
		<b id="27" c="10 25" t="1"/>
		<b id="28" c="13 26" t="1"/>
		<b id="29" c="15 27" t="1"/>
		<b id="30" c="16 28" t="1"/>
		<b id="31" c="16 29" t="1"/>
		<b id="32" c="16 30" t="1"/>
		<b id="33" c="17 31" t="1"/>
		<b id="34" c="17 32" t="1"/>
		<b id="35" c="17 33" t="1"/>
		<b id="36" c="20 34" t="1"/>
	</bonds>
	<geometry>
		<g u="A" t="cart/3d">#34,3:0.9830,0.6979,-1.7083;2.3283,0.5724,-1.0702;3.1302,-0.5320,-1.3367;4.3139,-0.7311,-0.7809;4.6988,0.1862,0.0843;6.2061,-0.0646,0.8449;4.0452,1.2714,0.4244;2.8652,1.4965,-0.1558;2.1865,2.7224,0.2736;2.2694,3.0720,1.6539;1.7246,4.1182,2.1979;1.0352,4.9204,1.3686;0.3317,6.1035,1.5776;-0.1480,6.4696,0.3800;-0.9661,7.6304,0.0982;-0.2642,8.5010,-0.9406;-2.3348,7.1673,-0.3963;0.1711,5.6478,-0.6055;0.9001,4.6793,-0.0403;1.5078,3.5473,-0.5966;0.5736,-0.2908,-1.9060;1.0595,1.2219,-2.6609;0.2966,1.2485,-1.0690;2.8093,-1.3010,-2.0282;2.8285,2.4232,2.3134;0.1539,6.6695,2.4680;-1.0748,8.1814,1.0387;-0.1083,7.9245,-1.8484;0.7017,8.8351,-0.5689;-0.8716,9.3718,-1.1695;-2.2122,6.5837,-1.3046;-2.9665,8.0255,-0.6059;-2.8224,6.5487,0.3538;1.4728,3.3727,-1.6601;</g>
	</geometry>
	<conformers/>
	<properties/>
</molecule>
