<?xml version="1.0" ?>
<!--MOLLI PACKAGE EXPERIMENTAL XML FORMAT-->
<molecule name="el3415">
	<atoms>
		<a id="1" s="F" t="F" l="F"/>
		<a id="2" s="C" t="C.3" l="C"/>
		<a id="3" s="F" t="F" l="F"/>
		<a id="4" s="C" t="C.3" l="C"/>
		<a id="5" s="C" t="C.3" l="C"/>
		<a id="6" s="N" t="N.pl3" l="N"/>
		<a id="7" s="C" t="C.ar" l="C"/>
		<a id="8" s="C" t="C.ar" l="C"/>
		<a id="9" s="C" t="C.ar" l="C"/>
		<a id="10" s="C" t="C.3" l="C"/>
		<a id="11" s="C" t="C.3" l="C"/>
		<a id="12" s="C" t="C.3" l="C"/>
		<a id="13" s="N" t="N.3" l="N"/>
		<a id="14" s="C" t="C.3" l="C"/>
		<a id="15" s="C" t="C.3" l="C"/>
		<a id="16" s="O" t="O.3" l="O"/>
		<a id="17" s="C" t="C.3" l="C"/>
		<a id="18" s="C" t="C.3" l="C"/>
		<a id="19" s="C" t="C.3" l="C"/>
		<a id="20" s="C" t="C.ar" l="C"/>
		<a id="21" s="C" t="C.ar" l="C"/>
		<a id="22" s="Cl" t="Cl" l="CL"/>
		<a id="23" s="N" t="N.ar" l="N"/>
		<a id="24" s="C" t="C.3" l="C"/>
		<a id="25" s="H" t="H" l="H"/>
		<a id="26" s="H" t="H" l="H"/>
		<a id="27" s="H" t="H" l="H"/>
		<a id="28" s="H" t="H" l="H"/>
		<a id="29" s="H" t="H" l="H"/>
		<a id="30" s="H" t="H" l="H"/>
		<a id="31" s="H" t="H" l="H"/>
		<a id="32" s="H" t="H" l="H"/>
		<a id="33" s="H" t="H" l="H"/>
		<a id="34" s="H" t="H" l="H"/>
		<a id="35" s="H" t="H" l="H"/>
		<a id="36" s="H" t="H" l="H"/>
		<a id="37" s="H" t="H" l="H"/>
		<a id="38" s="H" t="H" l="H"/>
		<a id="39" s="H" t="H" l="H"/>
		<a id="40" s="H" t="H" l="H"/>
		<a id="41" s="H" t="H" l="H"/>
		<a id="42" s="H" t="H" l="H"/>
		<a id="43" s="H" t="H" l="H"/>
		<a id="44" s="H" t="H" l="H"/>
		<a id="45" s="H" t="H" l="H"/>
		<a id="46" s="H" t="H" l="H"/>
	</atoms>
	<bonds>
		<b id="1" c="1 2" t="1"/>
		<b id="2" c="2 3" t="1"/>
		<b id="3" c="2 4" t="1"/>
		<b id="4" c="4 5" t="1"/>
		<b id="5" c="5 6" t="1"/>
		<b id="6" c="6 7" t="1"/>
		<b id="7" c="7 8" t="ar"/>
		<b id="8" c="8 9" t="ar"/>
		<b id="9" c="9 10" t="1"/>
		<b id="10" c="10 11" t="1"/>
		<b id="11" c="11 12" t="1"/>
		<b id="12" c="12 13" t="1"/>
		<b id="13" c="13 14" t="1"/>
		<b id="14" c="14 15" t="1"/>
		<b id="15" c="15 16" t="1"/>
		<b id="16" c="16 17" t="1"/>
		<b id="17" c="14 17" t="1"/>
		<b id="18" c="13 18" t="1"/>
		<b id="19" c="18 19" t="1"/>
		<b id="20" c="10 19" t="1"/>
		<b id="21" c="9 20" t="ar"/>
		<b id="22" c="20 21" t="ar"/>
		<b id="23" c="21 22" t="1"/>
		<b id="24" c="21 23" t="ar"/>
		<b id="25" c="7 23" t="ar"/>
		<b id="26" c="6 24" t="1"/>
		<b id="27" c="2 24" t="1"/>
		<b id="28" c="4 25" t="1"/>
		<b id="29" c="4 26" t="1"/>
		<b id="30" c="5 27" t="1"/>
		<b id="31" c="5 28" t="1"/>
		<b id="32" c="8 29" t="1"/>
		<b id="33" c="10 30" t="1"/>
		<b id="34" c="11 31" t="1"/>
		<b id="35" c="11 32" t="1"/>
		<b id="36" c="12 33" t="1"/>
		<b id="37" c="12 34" t="1"/>
		<b id="38" c="14 35" t="1"/>
		<b id="39" c="15 36" t="1"/>
		<b id="40" c="15 37" t="1"/>
		<b id="41" c="17 38" t="1"/>
		<b id="42" c="17 39" t="1"/>
		<b id="43" c="18 40" t="1"/>
		<b id="44" c="18 41" t="1"/>
		<b id="45" c="19 42" t="1"/>
		<b id="46" c="19 43" t="1"/>
		<b id="47" c="20 44" t="1"/>
		<b id="48" c="24 45" t="1"/>
		<b id="49" c="24 46" t="1"/>
	</bonds>
	<geometry>
		<g u="A" t="cart/3d">#46,3:0.7819,3.7613,0.5054;2.0832,4.0356,0.2305;2.2014,5.3807,0.4195;2.4650,3.6479,-1.1958;3.9586,3.3498,-1.0943;4.1341,2.8786,0.2640;5.3274,2.5083,0.7983;6.4755,2.3005,0.0230;7.6549,1.8960,0.6308;8.8858,1.6673,-0.2201;10.1659,1.3562,0.5609;10.6958,2.5832,1.2994;10.9503,3.6601,0.3563;11.5908,4.7816,0.9946;12.1836,5.8471,0.0619;13.4675,5.7098,0.6707;13.0492,4.5729,1.4267;9.7107,4.0420,-0.2966;9.1956,2.8702,-1.1235;7.6304,1.6754,2.0091;6.4441,1.9127,2.6778;6.3720,1.6727,4.3835;5.3273,2.3230,2.1215;3.0421,3.2637,1.1336;2.2350,4.4461,-1.8984;1.8991,2.7558,-1.4636;4.5498,4.2588,-1.2747;4.2648,2.5833,-1.8104;6.4328,2.4477,-1.0426;8.6577,0.8066,-0.8630;10.9273,1.0394,-0.1539;10.0082,0.5366,1.2622;11.6359,2.3310,1.7957;9.9794,2.9101,2.0724;10.9696,5.2189,1.7967;11.7897,6.8615,0.1522;12.2100,5.5420,-0.9884;13.2732,4.6786,2.4899;13.4923,3.6529,1.0343;9.9108,4.8953,-0.9483;8.9432,4.3450,0.4399;9.9735,2.5821,-1.8320;8.3186,3.1820,-1.6891;8.4841,1.3261,2.5604;3.3957,3.8790,1.9662;2.5421,2.3815,1.5464;</g>
	</geometry>
	<conformers/>
	<properties/>
</molecule>
