<?xml version="1.0" ?>
<!--MOLLI PACKAGE EXPERIMENTAL XML FORMAT-->
<molecule name="el3417">
	<atoms>
		<a id="1" s="Cl" t="Cl" l="CL"/>
		<a id="2" s="C" t="C.ar" l="C"/>
		<a id="3" s="C" t="C.ar" l="C"/>
		<a id="4" s="N" t="N.ar" l="N"/>
		<a id="5" s="C" t="C.ar" l="C"/>
		<a id="6" s="C" t="C.ar" l="C"/>
		<a id="7" s="O" t="O.3" l="O"/>
		<a id="8" s="C" t="C.ar" l="C"/>
		<a id="9" s="C" t="C.ar" l="C"/>
		<a id="10" s="N" t="N.ar" l="N"/>
		<a id="11" s="C" t="C.ar" l="C"/>
		<a id="12" s="N" t="N.ar" l="N"/>
		<a id="13" s="C" t="C.ar" l="C"/>
		<a id="14" s="N" t="N.ar" l="N"/>
		<a id="15" s="H" t="H" l="H"/>
		<a id="16" s="H" t="H" l="H"/>
		<a id="17" s="H" t="H" l="H"/>
		<a id="18" s="H" t="H" l="H"/>
		<a id="19" s="H" t="H" l="H"/>
	</atoms>
	<bonds>
		<b id="1" c="1 2" t="1"/>
		<b id="2" c="2 3" t="ar"/>
		<b id="3" c="3 4" t="ar"/>
		<b id="4" c="4 5" t="ar"/>
		<b id="5" c="5 6" t="ar"/>
		<b id="6" c="6 7" t="1"/>
		<b id="7" c="7 8" t="1"/>
		<b id="8" c="8 9" t="ar"/>
		<b id="9" c="9 10" t="ar"/>
		<b id="10" c="10 11" t="ar"/>
		<b id="11" c="11 12" t="ar"/>
		<b id="12" c="12 13" t="ar"/>
		<b id="13" c="8 13" t="ar"/>
		<b id="14" c="6 14" t="ar"/>
		<b id="15" c="2 14" t="ar"/>
		<b id="16" c="3 15" t="1"/>
		<b id="17" c="5 16" t="1"/>
		<b id="18" c="9 17" t="1"/>
		<b id="19" c="11 18" t="1"/>
		<b id="20" c="13 19" t="1"/>
	</bonds>
	<geometry>
		<g u="A" t="cart/3d">#19,3:-2.6081,-2.5357,0.9757;-1.7136,-1.1708,0.4572;-0.3514,-1.2466,0.1941;0.3096,-0.1676,-0.1974;-0.3466,0.9640,-0.3325;-1.7263,1.0302,-0.0748;-2.3339,2.2174,-0.1989;-3.6922,2.3780,-0.0792;-4.1478,3.6386,0.3166;-5.4326,3.9155,0.4135;-6.2788,2.9455,0.1104;-5.9566,1.7309,-0.2899;-4.6721,1.4351,-0.3866;-2.3925,-0.0445,0.3198;0.2098,-2.1620,0.2943;0.2099,1.8332,-0.6469;-3.4504,4.4307,0.5541;-7.3329,3.1719,0.1931;-4.4320,0.4347,-0.7151;</g>
	</geometry>
	<conformers/>
	<properties/>
</molecule>
