<?xml version="1.0" ?>
<!--MOLLI PACKAGE EXPERIMENTAL XML FORMAT-->
<molecule name="el3418">
	<atoms>
		<a id="1" s="C" t="C.3" l="C"/>
		<a id="2" s="C" t="C.3" l="C"/>
		<a id="3" s="O" t="O.3" l="O"/>
		<a id="4" s="C" t="C.2" l="C"/>
		<a id="5" s="O" t="O.2" l="O"/>
		<a id="6" s="C" t="C.ar" l="C"/>
		<a id="7" s="C" t="C.ar" l="C"/>
		<a id="8" s="N" t="N.ar" l="N"/>
		<a id="9" s="C" t="C.ar" l="C"/>
		<a id="10" s="Cl" t="Cl" l="CL"/>
		<a id="11" s="C" t="C.ar" l="C"/>
		<a id="12" s="C" t="C.ar" l="C"/>
		<a id="13" s="O" t="O.3" l="O"/>
		<a id="14" s="C" t="C.ar" l="C"/>
		<a id="15" s="C" t="C.ar" l="C"/>
		<a id="16" s="C" t="C.3" l="C"/>
		<a id="17" s="C" t="C.ar" l="C"/>
		<a id="18" s="C" t="C.ar" l="C"/>
		<a id="19" s="C" t="C.3" l="C"/>
		<a id="20" s="C" t="C.ar" l="C"/>
		<a id="21" s="C" t="C.ar" l="C"/>
		<a id="22" s="C" t="C.3" l="C"/>
		<a id="23" s="H" t="H" l="H"/>
		<a id="24" s="H" t="H" l="H"/>
		<a id="25" s="H" t="H" l="H"/>
		<a id="26" s="H" t="H" l="H"/>
		<a id="27" s="H" t="H" l="H"/>
		<a id="28" s="H" t="H" l="H"/>
		<a id="29" s="H" t="H" l="H"/>
		<a id="30" s="H" t="H" l="H"/>
		<a id="31" s="H" t="H" l="H"/>
		<a id="32" s="H" t="H" l="H"/>
		<a id="33" s="H" t="H" l="H"/>
		<a id="34" s="H" t="H" l="H"/>
		<a id="35" s="H" t="H" l="H"/>
		<a id="36" s="H" t="H" l="H"/>
		<a id="37" s="H" t="H" l="H"/>
		<a id="38" s="H" t="H" l="H"/>
		<a id="39" s="H" t="H" l="H"/>
		<a id="40" s="H" t="H" l="H"/>
	</atoms>
	<bonds>
		<b id="1" c="1 2" t="1"/>
		<b id="2" c="2 3" t="1"/>
		<b id="3" c="3 4" t="1"/>
		<b id="4" c="4 5" t="2"/>
		<b id="5" c="4 6" t="1"/>
		<b id="6" c="6 7" t="ar"/>
		<b id="7" c="7 8" t="ar"/>
		<b id="8" c="8 9" t="ar"/>
		<b id="9" c="9 10" t="1"/>
		<b id="10" c="9 11" t="ar"/>
		<b id="11" c="11 12" t="ar"/>
		<b id="12" c="6 12" t="ar"/>
		<b id="13" c="12 13" t="1"/>
		<b id="14" c="13 14" t="1"/>
		<b id="15" c="14 15" t="ar"/>
		<b id="16" c="15 16" t="1"/>
		<b id="17" c="15 17" t="ar"/>
		<b id="18" c="17 18" t="ar"/>
		<b id="19" c="18 19" t="1"/>
		<b id="20" c="18 20" t="ar"/>
		<b id="21" c="20 21" t="ar"/>
		<b id="22" c="14 21" t="ar"/>
		<b id="23" c="21 22" t="1"/>
		<b id="24" c="1 23" t="1"/>
		<b id="25" c="1 24" t="1"/>
		<b id="26" c="1 25" t="1"/>
		<b id="27" c="2 26" t="1"/>
		<b id="28" c="2 27" t="1"/>
		<b id="29" c="7 28" t="1"/>
		<b id="30" c="11 29" t="1"/>
		<b id="31" c="16 30" t="1"/>
		<b id="32" c="16 31" t="1"/>
		<b id="33" c="16 32" t="1"/>
		<b id="34" c="17 33" t="1"/>
		<b id="35" c="19 34" t="1"/>
		<b id="36" c="19 35" t="1"/>
		<b id="37" c="19 36" t="1"/>
		<b id="38" c="20 37" t="1"/>
		<b id="39" c="22 38" t="1"/>
		<b id="40" c="22 39" t="1"/>
		<b id="41" c="22 40" t="1"/>
	</bonds>
	<geometry>
		<g u="A" t="cart/3d">#40,3:0.8692,-0.5748,-1.2090;2.0628,0.0845,-0.5330;2.9516,0.6487,-1.4966;3.8670,-0.1644,-2.0270;4.0223,-1.3167,-1.7041;4.7187,0.5240,-3.0288;6.0147,0.0602,-3.2240;6.8762,0.5977,-4.0647;6.4696,1.6422,-4.7601;7.6206,2.3249,-5.8343;5.2044,2.1970,-4.6822;4.2853,1.6208,-3.8026;3.0249,2.0387,-3.6785;2.5729,3.0792,-4.4944;2.1816,2.8132,-5.8051;2.3057,1.4317,-6.3715;1.6896,3.8637,-6.5661;1.5802,5.1471,-6.0498;1.0267,6.2623,-6.8829;1.9687,5.3745,-4.7366;2.4679,4.3541,-3.9420;2.9110,4.5973,-2.5321;0.1744,-0.9339,-0.4549;1.2032,-1.4173,-1.8098;0.3623,0.1402,-1.8519;2.6107,-0.6471,0.0704;1.7485,0.9238,0.0910;6.3663,-0.7917,-2.6592;4.9346,3.0490,-5.2857;2.0498,0.6850,-5.6220;3.3307,1.2431,-6.6947;1.6505,1.3112,-7.2301;1.3853,3.6720,-7.5848;1.1734,6.0664,-7.9421;1.5002,7.2075,-6.6283;-0.0438,6.3636,-6.7026;1.8843,6.3682,-4.3209;2.4222,5.4768,-2.1219;3.9895,4.7594,-2.5020;2.6859,3.7338,-1.9100;</g>
	</geometry>
	<conformers/>
	<properties/>
</molecule>
