<?xml version="1.0" ?>
<!--MOLLI PACKAGE EXPERIMENTAL XML FORMAT-->
<molecule name="el3042">
	<atoms>
		<a id="1" s="C" t="C.3" l="C"/>
		<a id="2" s="C" t="C.3" l="C"/>
		<a id="3" s="N" t="N.ar" l="N"/>
		<a id="4" s="C" t="C.ar" l="C"/>
		<a id="5" s="N" t="N.ar" l="N"/>
		<a id="6" s="C" t="C.ar" l="C"/>
		<a id="7" s="N" t="N.ar" l="N"/>
		<a id="8" s="C" t="C.ar" l="C"/>
		<a id="9" s="Cl" t="Cl" l="CL"/>
		<a id="10" s="N" t="N.ar" l="N"/>
		<a id="11" s="C" t="C.ar" l="C"/>
		<a id="12" s="N" t="N.pl3" l="N"/>
		<a id="13" s="C" t="C.3" l="C"/>
		<a id="14" s="C" t="C.ar" l="C"/>
		<a id="15" s="C" t="C.ar" l="C"/>
		<a id="16" s="C" t="C.ar" l="C"/>
		<a id="17" s="C" t="C.ar" l="C"/>
		<a id="18" s="S" t="S.O2" l="S"/>
		<a id="19" s="N" t="N.3" l="N"/>
		<a id="20" s="O" t="O.2" l="O"/>
		<a id="21" s="O" t="O.2" l="O"/>
		<a id="22" s="C" t="C.ar" l="C"/>
		<a id="23" s="C" t="C.ar" l="C"/>
		<a id="24" s="C" t="C.ar" l="C"/>
		<a id="25" s="H" t="H" l="H"/>
		<a id="26" s="H" t="H" l="H"/>
		<a id="27" s="H" t="H" l="H"/>
		<a id="28" s="H" t="H" l="H"/>
		<a id="29" s="H" t="H" l="H"/>
		<a id="30" s="H" t="H" l="H"/>
		<a id="31" s="H" t="H" l="H"/>
		<a id="32" s="H" t="H" l="H"/>
		<a id="33" s="H" t="H" l="H"/>
		<a id="34" s="H" t="H" l="H"/>
		<a id="35" s="H" t="H" l="H"/>
		<a id="36" s="H" t="H" l="H"/>
		<a id="37" s="H" t="H" l="H"/>
		<a id="38" s="H" t="H" l="H"/>
		<a id="39" s="H" t="H" l="H"/>
	</atoms>
	<bonds>
		<b id="1" c="1 2" t="1"/>
		<b id="2" c="2 3" t="1"/>
		<b id="3" c="3 4" t="ar"/>
		<b id="4" c="4 5" t="ar"/>
		<b id="5" c="5 6" t="ar"/>
		<b id="6" c="6 7" t="ar"/>
		<b id="7" c="7 8" t="ar"/>
		<b id="8" c="8 9" t="1"/>
		<b id="9" c="8 10" t="ar"/>
		<b id="10" c="10 11" t="ar"/>
		<b id="11" c="11 12" t="1"/>
		<b id="12" c="12 13" t="1"/>
		<b id="13" c="13 14" t="1"/>
		<b id="14" c="14 15" t="ar"/>
		<b id="15" c="15 16" t="ar"/>
		<b id="16" c="16 17" t="ar"/>
		<b id="17" c="17 18" t="1"/>
		<b id="18" c="18 19" t="1"/>
		<b id="19" c="18 20" t="2"/>
		<b id="20" c="18 21" t="2"/>
		<b id="21" c="17 22" t="ar"/>
		<b id="22" c="22 23" t="ar"/>
		<b id="23" c="14 23" t="ar"/>
		<b id="24" c="11 24" t="ar"/>
		<b id="25" c="6 24" t="ar"/>
		<b id="26" c="3 24" t="ar"/>
		<b id="27" c="1 25" t="1"/>
		<b id="28" c="1 26" t="1"/>
		<b id="29" c="1 27" t="1"/>
		<b id="30" c="2 28" t="1"/>
		<b id="31" c="2 29" t="1"/>
		<b id="32" c="4 30" t="1"/>
		<b id="33" c="12 31" t="1"/>
		<b id="34" c="13 32" t="1"/>
		<b id="35" c="13 33" t="1"/>
		<b id="36" c="15 34" t="1"/>
		<b id="37" c="16 35" t="1"/>
		<b id="38" c="19 36" t="1"/>
		<b id="39" c="19 37" t="1"/>
		<b id="40" c="22 38" t="1"/>
		<b id="41" c="23 39" t="1"/>
	</bonds>
	<geometry>
		<g u="A" t="cart/3d">#39,3:3.9221,-0.6059,0.3013;2.5056,-0.5340,-0.2667;2.4945,0.0288,-1.5927;2.3714,-0.6694,-2.7509;2.4491,0.0518,-3.8294;2.6466,1.3225,-3.3926;2.7827,2.4207,-4.1391;2.9517,3.5100,-3.4384;3.1276,4.9613,-4.3195;2.9977,3.6535,-2.1234;2.8689,2.5800,-1.3446;2.9761,2.7620,-0.0051;2.9739,4.0833,0.5847;1.6236,4.4422,1.1513;1.4937,4.8936,2.4598;0.2431,5.1933,2.9745;-0.8703,5.0253,2.1778;-2.4848,5.4053,2.8264;-2.7408,6.9277,2.1579;-3.4470,4.5085,2.2562;-2.4049,5.5417,4.2521;-0.7648,4.5804,0.8748;0.4862,4.2928,0.3607;2.6849,1.3391,-1.9725;3.8955,-0.9975,1.3146;4.3864,0.3776,0.3154;4.5358,-1.2636,-0.3096;1.8533,0.0587,0.3841;2.0829,-1.5400,-0.3341;2.2131,-1.7308,-2.7565;2.7037,2.0046,0.6001;3.2420,4.7742,-0.2191;3.7375,4.1222,1.3669;2.3731,5.0138,3.0755;0.1111,5.5379,3.9876;-3.5639,6.9506,1.5783;-2.7633,7.6486,2.8603;-1.6617,4.4558,0.2901;0.5894,3.9563,-0.6601;</g>
	</geometry>
	<conformers/>
	<properties/>
</molecule>
