<?xml version="1.0" ?>
<!--MOLLI PACKAGE EXPERIMENTAL XML FORMAT-->
<molecule name="el3424">
	<atoms>
		<a id="1" s="C" t="C.3" l="C"/>
		<a id="2" s="C" t="C.ar" l="C"/>
		<a id="3" s="C" t="C.ar" l="C"/>
		<a id="4" s="C" t="C.ar" l="C"/>
		<a id="5" s="C" t="C.1" l="C"/>
		<a id="6" s="N" t="N.1" l="N"/>
		<a id="7" s="C" t="C.ar" l="C"/>
		<a id="8" s="C" t="C.ar" l="C"/>
		<a id="9" s="C" t="C.3" l="C"/>
		<a id="10" s="C" t="C.ar" l="C"/>
		<a id="11" s="O" t="O.3" l="O"/>
		<a id="12" s="C" t="C.ar" l="C"/>
		<a id="13" s="C" t="C.ar" l="C"/>
		<a id="14" s="C" t="C.ar" l="C"/>
		<a id="15" s="Cl" t="Cl" l="CL"/>
		<a id="16" s="N" t="N.ar" l="N"/>
		<a id="17" s="C" t="C.ar" l="C"/>
		<a id="18" s="N" t="N.pl3" l="N"/>
		<a id="19" s="C" t="C.ar" l="C"/>
		<a id="20" s="C" t="C.ar" l="C"/>
		<a id="21" s="C" t="C.ar" l="C"/>
		<a id="22" s="C" t="C.ar" l="C"/>
		<a id="23" s="C" t="C.1" l="C"/>
		<a id="24" s="N" t="N.1" l="N"/>
		<a id="25" s="C" t="C.ar" l="C"/>
		<a id="26" s="C" t="C.ar" l="C"/>
		<a id="27" s="N" t="N.ar" l="N"/>
		<a id="28" s="H" t="H" l="H"/>
		<a id="29" s="H" t="H" l="H"/>
		<a id="30" s="H" t="H" l="H"/>
		<a id="31" s="H" t="H" l="H"/>
		<a id="32" s="H" t="H" l="H"/>
		<a id="33" s="H" t="H" l="H"/>
		<a id="34" s="H" t="H" l="H"/>
		<a id="35" s="H" t="H" l="H"/>
		<a id="36" s="H" t="H" l="H"/>
		<a id="37" s="H" t="H" l="H"/>
		<a id="38" s="H" t="H" l="H"/>
		<a id="39" s="H" t="H" l="H"/>
		<a id="40" s="H" t="H" l="H"/>
		<a id="41" s="H" t="H" l="H"/>
	</atoms>
	<bonds>
		<b id="1" c="1 2" t="1"/>
		<b id="2" c="2 3" t="ar"/>
		<b id="3" c="3 4" t="ar"/>
		<b id="4" c="4 5" t="1"/>
		<b id="5" c="5 6" t="3"/>
		<b id="6" c="4 7" t="ar"/>
		<b id="7" c="7 8" t="ar"/>
		<b id="8" c="8 9" t="1"/>
		<b id="9" c="8 10" t="ar"/>
		<b id="10" c="2 10" t="ar"/>
		<b id="11" c="10 11" t="1"/>
		<b id="12" c="11 12" t="1"/>
		<b id="13" c="12 13" t="ar"/>
		<b id="14" c="13 14" t="ar"/>
		<b id="15" c="14 15" t="1"/>
		<b id="16" c="14 16" t="ar"/>
		<b id="17" c="16 17" t="ar"/>
		<b id="18" c="17 18" t="1"/>
		<b id="19" c="18 19" t="1"/>
		<b id="20" c="19 20" t="ar"/>
		<b id="21" c="20 21" t="ar"/>
		<b id="22" c="21 22" t="ar"/>
		<b id="23" c="22 23" t="1"/>
		<b id="24" c="23 24" t="3"/>
		<b id="25" c="22 25" t="ar"/>
		<b id="26" c="25 26" t="ar"/>
		<b id="27" c="19 26" t="ar"/>
		<b id="28" c="17 27" t="ar"/>
		<b id="29" c="12 27" t="ar"/>
		<b id="30" c="1 28" t="1"/>
		<b id="31" c="1 29" t="1"/>
		<b id="32" c="1 30" t="1"/>
		<b id="33" c="3 31" t="1"/>
		<b id="34" c="7 32" t="1"/>
		<b id="35" c="9 33" t="1"/>
		<b id="36" c="9 34" t="1"/>
		<b id="37" c="9 35" t="1"/>
		<b id="38" c="13 36" t="1"/>
		<b id="39" c="18 37" t="1"/>
		<b id="40" c="20 38" t="1"/>
		<b id="41" c="21 39" t="1"/>
		<b id="42" c="25 40" t="1"/>
		<b id="43" c="26 41" t="1"/>
	</bonds>
	<geometry>
		<g u="A" t="cart/3d">#41,3:2.7375,-0.1958,-3.0637;3.4933,-1.2280,-2.2870;4.1284,-2.2750,-2.9371;4.8196,-3.2438,-2.2145;5.4629,-4.3030,-2.8959;5.9851,-5.1599,-3.4498;4.8756,-3.1780,-0.8235;4.2552,-2.1402,-0.1505;4.2988,-2.0332,1.3410;3.5781,-1.1712,-0.8954;2.9178,-0.1726,-0.1832;3.3540,1.0811,-0.2991;2.6337,2.0921,0.3548;3.1450,3.3627,0.1945;2.3781,4.7076,0.9285;4.2239,3.6368,-0.5167;4.8368,2.6088,-1.0919;5.9461,2.7884,-1.8475;6.6066,3.9439,-2.2345;7.7128,3.8004,-3.0779;8.4066,4.9042,-3.5204;8.0055,6.1818,-3.1244;8.7060,7.3172,-3.5863;9.2746,8.2380,-3.9662;6.9070,6.3273,-2.2755;6.2135,5.2209,-1.8329;4.4436,1.3324,-1.0031;2.4665,-0.5792,-4.0438;3.3535,0.6940,-3.1984;1.8328,0.0998,-2.5352;4.0827,-2.3448,-4.0139;5.4083,-3.9391,-0.2731;4.8404,-2.8698,1.7730;3.2878,-2.0159,1.7452;4.7871,-1.1052,1.6374;1.7525,1.8746,0.9286;6.3203,1.9190,-2.2072;8.0228,2.8122,-3.3870;9.2583,4.7893,-4.1742;6.6004,7.3157,-1.9676;5.3651,5.3288,-1.1797;</g>
	</geometry>
	<conformers/>
	<properties/>
</molecule>
