<?xml version="1.0" ?>
<!--MOLLI PACKAGE EXPERIMENTAL XML FORMAT-->
<molecule name="el3425">
	<atoms>
		<a id="1" s="C" t="C.3" l="C"/>
		<a id="2" s="C" t="C.ar" l="C"/>
		<a id="3" s="C" t="C.ar" l="C"/>
		<a id="4" s="C" t="C.ar" l="C"/>
		<a id="5" s="C" t="C.ar" l="C"/>
		<a id="6" s="N" t="N.pl3" l="N"/>
		<a id="7" s="C" t="C.ar" l="C"/>
		<a id="8" s="N" t="N.ar" l="N"/>
		<a id="9" s="C" t="C.ar" l="C"/>
		<a id="10" s="Cl" t="Cl" l="CL"/>
		<a id="11" s="C" t="C.ar" l="C"/>
		<a id="12" s="C" t="C.ar" l="C"/>
		<a id="13" s="O" t="O.3" l="O"/>
		<a id="14" s="C" t="C.ar" l="C"/>
		<a id="15" s="C" t="C.ar" l="C"/>
		<a id="16" s="C" t="C.3" l="C"/>
		<a id="17" s="C" t="C.ar" l="C"/>
		<a id="18" s="C" t="C.ar" l="C"/>
		<a id="19" s="C" t="C.3" l="C"/>
		<a id="20" s="C" t="C.ar" l="C"/>
		<a id="21" s="C" t="C.ar" l="C"/>
		<a id="22" s="C" t="C.3" l="C"/>
		<a id="23" s="N" t="N.ar" l="N"/>
		<a id="24" s="C" t="C.ar" l="C"/>
		<a id="25" s="C" t="C.ar" l="C"/>
		<a id="26" s="H" t="H" l="H"/>
		<a id="27" s="H" t="H" l="H"/>
		<a id="28" s="H" t="H" l="H"/>
		<a id="29" s="H" t="H" l="H"/>
		<a id="30" s="H" t="H" l="H"/>
		<a id="31" s="H" t="H" l="H"/>
		<a id="32" s="H" t="H" l="H"/>
		<a id="33" s="H" t="H" l="H"/>
		<a id="34" s="H" t="H" l="H"/>
		<a id="35" s="H" t="H" l="H"/>
		<a id="36" s="H" t="H" l="H"/>
		<a id="37" s="H" t="H" l="H"/>
		<a id="38" s="H" t="H" l="H"/>
		<a id="39" s="H" t="H" l="H"/>
		<a id="40" s="H" t="H" l="H"/>
		<a id="41" s="H" t="H" l="H"/>
		<a id="42" s="H" t="H" l="H"/>
		<a id="43" s="H" t="H" l="H"/>
		<a id="44" s="H" t="H" l="H"/>
		<a id="45" s="H" t="H" l="H"/>
	</atoms>
	<bonds>
		<b id="1" c="1 2" t="1"/>
		<b id="2" c="2 3" t="ar"/>
		<b id="3" c="3 4" t="ar"/>
		<b id="4" c="4 5" t="ar"/>
		<b id="5" c="5 6" t="1"/>
		<b id="6" c="6 7" t="1"/>
		<b id="7" c="7 8" t="ar"/>
		<b id="8" c="8 9" t="ar"/>
		<b id="9" c="9 10" t="1"/>
		<b id="10" c="9 11" t="ar"/>
		<b id="11" c="11 12" t="ar"/>
		<b id="12" c="12 13" t="1"/>
		<b id="13" c="13 14" t="1"/>
		<b id="14" c="14 15" t="ar"/>
		<b id="15" c="15 16" t="1"/>
		<b id="16" c="15 17" t="ar"/>
		<b id="17" c="17 18" t="ar"/>
		<b id="18" c="18 19" t="1"/>
		<b id="19" c="18 20" t="ar"/>
		<b id="20" c="20 21" t="ar"/>
		<b id="21" c="14 21" t="ar"/>
		<b id="22" c="21 22" t="1"/>
		<b id="23" c="12 23" t="ar"/>
		<b id="24" c="7 23" t="ar"/>
		<b id="25" c="5 24" t="ar"/>
		<b id="26" c="24 25" t="ar"/>
		<b id="27" c="2 25" t="ar"/>
		<b id="28" c="1 26" t="1"/>
		<b id="29" c="1 27" t="1"/>
		<b id="30" c="1 28" t="1"/>
		<b id="31" c="3 29" t="1"/>
		<b id="32" c="4 30" t="1"/>
		<b id="33" c="6 31" t="1"/>
		<b id="34" c="11 32" t="1"/>
		<b id="35" c="16 33" t="1"/>
		<b id="36" c="16 34" t="1"/>
		<b id="37" c="16 35" t="1"/>
		<b id="38" c="17 36" t="1"/>
		<b id="39" c="19 37" t="1"/>
		<b id="40" c="19 38" t="1"/>
		<b id="41" c="19 39" t="1"/>
		<b id="42" c="20 40" t="1"/>
		<b id="43" c="22 41" t="1"/>
		<b id="44" c="22 42" t="1"/>
		<b id="45" c="22 43" t="1"/>
		<b id="46" c="24 44" t="1"/>
		<b id="47" c="25 45" t="1"/>
	</bonds>
	<geometry>
		<g u="A" t="cart/3d">#45,3:1.6353,-0.8184,-3.0008;0.5151,-0.3249,-2.1359;-0.4413,0.5448,-2.6471;-1.4817,1.0152,-1.8700;-1.5892,0.6180,-0.5396;-2.6040,1.0466,0.3131;-3.6666,1.8471,0.0885;-4.4460,2.0485,1.1601;-5.4969,2.8210,0.9851;-6.4829,3.0683,2.3702;-5.8310,3.4171,-0.2151;-4.9495,3.1385,-1.2679;-5.1831,3.6642,-2.4679;-4.2582,3.3172,-3.4657;-4.4502,2.1463,-4.1933;-5.6091,1.2497,-3.8854;-3.5289,1.8306,-5.1801;-2.4385,2.6478,-5.4429;-1.4635,2.2900,-6.5238;-2.2783,3.8083,-4.6997;-3.1764,4.1595,-3.7028;-2.9892,5.3919,-2.8731;-3.8846,2.3676,-1.1146;-0.6341,-0.2533,-0.0184;0.4004,-0.7156,-0.8083;2.2411,0.0168,-3.3503;1.2415,-1.3320,-3.8769;2.2759,-1.5057,-2.4541;-0.3744,0.8655,-3.6766;-2.2102,1.6869,-2.2881;-2.5597,0.7080,1.2657;-6.6926,4.0441,-0.3470;-6.5264,1.8290,-3.7923;-5.4384,0.7383,-2.9371;-5.7360,0.5018,-4.6635;-3.6625,0.9222,-5.7497;-1.3531,1.2109,-6.6039;-0.4897,2.7339,-6.3317;-1.8206,2.6623,-7.4845;-1.4317,4.4517,-4.8915;-2.2088,6.0231,-3.2893;-2.7073,5.1148,-1.8566;-3.9171,5.9586,-2.8182;-0.7057,-0.5691,1.0133;1.1293,-1.3910,-0.3834;</g>
	</geometry>
	<conformers/>
	<properties/>
</molecule>
