<?xml version="1.0" ?>
<!--MOLLI PACKAGE EXPERIMENTAL XML FORMAT-->
<molecule name="el3427">
	<atoms>
		<a id="1" s="C" t="C.3" l="C"/>
		<a id="2" s="O" t="O.3" l="O"/>
		<a id="3" s="C" t="C.ar" l="C"/>
		<a id="4" s="C" t="C.ar" l="C"/>
		<a id="5" s="C" t="C.ar" l="C"/>
		<a id="6" s="C" t="C.ar" l="C"/>
		<a id="7" s="Cl" t="Cl" l="CL"/>
		<a id="8" s="C" t="C.ar" l="C"/>
		<a id="9" s="C" t="C.ar" l="C"/>
		<a id="10" s="C" t="C.ar" l="C"/>
		<a id="11" s="C" t="C.ar" l="C"/>
		<a id="12" s="C" t="C.ar" l="C"/>
		<a id="13" s="C" t="C.ar" l="C"/>
		<a id="14" s="C" t="C.3" l="C"/>
		<a id="15" s="O" t="O.2" l="O"/>
		<a id="16" s="N" t="N.ar" l="N"/>
		<a id="17" s="C" t="C.ar" l="C"/>
		<a id="18" s="C" t="C.ar" l="C"/>
		<a id="19" s="C" t="C.ar" l="C"/>
		<a id="20" s="O" t="O.3" l="O"/>
		<a id="21" s="C" t="C.3" l="C"/>
		<a id="22" s="C" t="C.3" l="C"/>
		<a id="23" s="C" t="C.3" l="C"/>
		<a id="24" s="C" t="C.3" l="C"/>
		<a id="25" s="N" t="N.am" l="N"/>
		<a id="26" s="C" t="C.2" l="C"/>
		<a id="27" s="O" t="O.2" l="O"/>
		<a id="28" s="O" t="O.3" l="O"/>
		<a id="29" s="C" t="C.3" l="C"/>
		<a id="30" s="C" t="C.3" l="C"/>
		<a id="31" s="C" t="C.3" l="C"/>
		<a id="32" s="C" t="C.3" l="C"/>
		<a id="33" s="C" t="C.3" l="C"/>
		<a id="34" s="C" t="C.3" l="C"/>
		<a id="35" s="H" t="H" l="H"/>
		<a id="36" s="H" t="H" l="H"/>
		<a id="37" s="H" t="H" l="H"/>
		<a id="38" s="H" t="H" l="H"/>
		<a id="39" s="H" t="H" l="H"/>
		<a id="40" s="H" t="H" l="H"/>
		<a id="41" s="H" t="H" l="H"/>
		<a id="42" s="H" t="H" l="H"/>
		<a id="43" s="H" t="H" l="H"/>
		<a id="44" s="H" t="H" l="H"/>
		<a id="45" s="H" t="H" l="H"/>
		<a id="46" s="H" t="H" l="H"/>
		<a id="47" s="H" t="H" l="H"/>
		<a id="48" s="H" t="H" l="H"/>
		<a id="49" s="H" t="H" l="H"/>
		<a id="50" s="H" t="H" l="H"/>
		<a id="51" s="H" t="H" l="H"/>
		<a id="52" s="H" t="H" l="H"/>
		<a id="53" s="H" t="H" l="H"/>
		<a id="54" s="H" t="H" l="H"/>
		<a id="55" s="H" t="H" l="H"/>
		<a id="56" s="H" t="H" l="H"/>
		<a id="57" s="H" t="H" l="H"/>
		<a id="58" s="H" t="H" l="H"/>
		<a id="59" s="H" t="H" l="H"/>
		<a id="60" s="H" t="H" l="H"/>
		<a id="61" s="H" t="H" l="H"/>
		<a id="62" s="H" t="H" l="H"/>
		<a id="63" s="H" t="H" l="H"/>
		<a id="64" s="H" t="H" l="H"/>
		<a id="65" s="H" t="H" l="H"/>
	</atoms>
	<bonds>
		<b id="1" c="1 2" t="1"/>
		<b id="2" c="2 3" t="1"/>
		<b id="3" c="3 4" t="ar"/>
		<b id="4" c="4 5" t="ar"/>
		<b id="5" c="5 6" t="ar"/>
		<b id="6" c="6 7" t="1"/>
		<b id="7" c="6 8" t="ar"/>
		<b id="8" c="8 9" t="ar"/>
		<b id="9" c="9 10" t="1"/>
		<b id="10" c="10 11" t="ar"/>
		<b id="11" c="11 12" t="ar"/>
		<b id="12" c="12 13" t="ar"/>
		<b id="13" c="13 14" t="1"/>
		<b id="14" c="13 15" t="ar"/>
		<b id="15" c="10 15" t="ar"/>
		<b id="16" c="9 16" t="ar"/>
		<b id="17" c="16 17" t="ar"/>
		<b id="18" c="5 17" t="ar"/>
		<b id="19" c="17 18" t="ar"/>
		<b id="20" c="18 19" t="ar"/>
		<b id="21" c="3 19" t="ar"/>
		<b id="22" c="19 20" t="1"/>
		<b id="23" c="20 21" t="1"/>
		<b id="24" c="21 22" t="1"/>
		<b id="25" c="22 23" t="1"/>
		<b id="26" c="23 24" t="1"/>
		<b id="27" c="24 25" t="1"/>
		<b id="28" c="25 26" t="am"/>
		<b id="29" c="26 27" t="2"/>
		<b id="30" c="26 28" t="1"/>
		<b id="31" c="28 29" t="1"/>
		<b id="32" c="29 30" t="1"/>
		<b id="33" c="29 31" t="1"/>
		<b id="34" c="29 32" t="1"/>
		<b id="35" c="25 33" t="1"/>
		<b id="36" c="33 34" t="1"/>
		<b id="37" c="22 34" t="1"/>
		<b id="38" c="1 35" t="1"/>
		<b id="39" c="1 36" t="1"/>
		<b id="40" c="1 37" t="1"/>
		<b id="41" c="4 38" t="1"/>
		<b id="42" c="8 39" t="1"/>
		<b id="43" c="11 40" t="1"/>
		<b id="44" c="12 41" t="1"/>
		<b id="45" c="14 42" t="1"/>
		<b id="46" c="14 43" t="1"/>
		<b id="47" c="14 44" t="1"/>
		<b id="48" c="18 45" t="1"/>
		<b id="49" c="21 46" t="1"/>
		<b id="50" c="21 47" t="1"/>
		<b id="51" c="22 48" t="1"/>
		<b id="52" c="23 49" t="1"/>
		<b id="53" c="23 50" t="1"/>
		<b id="54" c="24 51" t="1"/>
		<b id="55" c="24 52" t="1"/>
		<b id="56" c="30 53" t="1"/>
		<b id="57" c="30 54" t="1"/>
		<b id="58" c="30 55" t="1"/>
		<b id="59" c="31 56" t="1"/>
		<b id="60" c="31 57" t="1"/>
		<b id="61" c="31 58" t="1"/>
		<b id="62" c="32 59" t="1"/>
		<b id="63" c="32 60" t="1"/>
		<b id="64" c="32 61" t="1"/>
		<b id="65" c="33 62" t="1"/>
		<b id="66" c="33 63" t="1"/>
		<b id="67" c="34 64" t="1"/>
		<b id="68" c="34 65" t="1"/>
	</bonds>
	<geometry>
		<g u="A" t="cart/3d">#65,3:0.9677,0.7953,0.2185;2.0877,0.1698,-0.3610;2.7146,0.7862,-1.4077;2.3090,1.9914,-1.9264;2.9915,2.6116,-2.9852;2.6276,3.8507,-3.5536;1.2528,4.7112,-2.9460;3.3533,4.3791,-4.5829;4.4726,3.6524,-5.0603;5.2591,4.1756,-6.1519;6.3667,3.6561,-6.7759;6.7247,4.5802,-7.7776;5.8185,5.6022,-7.7041;5.6816,6.8536,-8.4935;4.9292,5.3621,-6.7217;4.8456,2.4969,-4.5531;4.1382,1.9754,-3.5413;4.5315,0.7389,-3.0031;3.8585,0.1345,-1.9664;4.3952,-1.0366,-1.5458;3.6753,-1.9625,-0.7509;4.5018,-3.2494,-0.7104;3.8955,-4.2705,0.2518;4.7530,-5.5361,0.2701;4.9056,-6.0685,-1.0647;4.4523,-7.3119,-1.3528;3.9437,-8.0372,-0.5262;4.6582,-7.6221,-2.6474;4.3128,-8.9339,-3.1481;2.8093,-9.1774,-3.0204;4.7229,-8.8829,-4.6214;5.1075,-10.0116,-2.4109;5.4693,-5.1474,-2.0247;4.6184,-3.8798,-2.0987;0.6486,0.1312,1.0204;0.1528,0.9102,-0.5027;1.2257,1.7725,0.6378;1.4508,2.5020,-1.5207;3.0970,5.3233,-5.0343;6.8426,2.7306,-6.5301;7.5431,4.5034,-8.4642;6.4401,6.8827,-9.2696;5.7968,7.7246,-7.8489;4.6954,6.9063,-8.9531;5.3974,0.2496,-3.4169;2.6885,-2.1560,-1.1865;3.5399,-1.5761,0.2651;5.5059,-2.9808,-0.3650;2.8850,-4.5241,-0.0743;3.8360,-3.8597,1.2606;4.2933,-6.3123,0.8838;5.7460,-5.3018,0.6734;2.2585,-8.3845,-3.5225;2.5234,-9.1963,-1.9726;2.5525,-10.1295,-3.4763;4.1821,-8.0901,-5.1317;4.5006,-9.8308,-5.1020;5.7880,-8.6832,-4.7048;4.8135,-10.0427,-1.3656;6.1723,-9.7959,-2.4708;4.9171,-10.9811,-2.8628;5.5202,-5.6368,-2.9957;6.4864,-4.8875,-1.7045;3.6225,-4.1354,-2.4667;5.0713,-3.1703,-2.7909;</g>
	</geometry>
	<conformers/>
	<properties/>
</molecule>
