<?xml version="1.0" ?>
<!--MOLLI PACKAGE EXPERIMENTAL XML FORMAT-->
<molecule name="el3428">
	<atoms>
		<a id="1" s="C" t="C.3" l="C"/>
		<a id="2" s="C" t="C.3" l="C"/>
		<a id="3" s="C" t="C.3" l="C"/>
		<a id="4" s="N" t="N.pl3" l="N"/>
		<a id="5" s="C" t="C.ar" l="C"/>
		<a id="6" s="N" t="N.ar" l="N"/>
		<a id="7" s="C" t="C.ar" l="C"/>
		<a id="8" s="Cl" t="Cl" l="CL"/>
		<a id="9" s="N" t="N.ar" l="N"/>
		<a id="10" s="C" t="C.ar" l="C"/>
		<a id="11" s="C" t="C.ar" l="C"/>
		<a id="12" s="C" t="C.ar" l="C"/>
		<a id="13" s="C" t="C.ar" l="C"/>
		<a id="14" s="C" t="C.ar" l="C"/>
		<a id="15" s="C" t="C.ar" l="C"/>
		<a id="16" s="H" t="H" l="H"/>
		<a id="17" s="H" t="H" l="H"/>
		<a id="18" s="H" t="H" l="H"/>
		<a id="19" s="H" t="H" l="H"/>
		<a id="20" s="H" t="H" l="H"/>
		<a id="21" s="H" t="H" l="H"/>
		<a id="22" s="H" t="H" l="H"/>
		<a id="23" s="H" t="H" l="H"/>
		<a id="24" s="H" t="H" l="H"/>
		<a id="25" s="H" t="H" l="H"/>
		<a id="26" s="H" t="H" l="H"/>
		<a id="27" s="H" t="H" l="H"/>
	</atoms>
	<bonds>
		<b id="1" c="1 2" t="1"/>
		<b id="2" c="2 3" t="1"/>
		<b id="3" c="3 4" t="1"/>
		<b id="4" c="4 5" t="1"/>
		<b id="5" c="5 6" t="ar"/>
		<b id="6" c="6 7" t="ar"/>
		<b id="7" c="7 8" t="1"/>
		<b id="8" c="7 9" t="ar"/>
		<b id="9" c="9 10" t="ar"/>
		<b id="10" c="10 11" t="ar"/>
		<b id="11" c="11 12" t="ar"/>
		<b id="12" c="12 13" t="ar"/>
		<b id="13" c="13 14" t="ar"/>
		<b id="14" c="14 15" t="ar"/>
		<b id="15" c="5 15" t="ar"/>
		<b id="16" c="10 15" t="ar"/>
		<b id="17" c="1 16" t="1"/>
		<b id="18" c="1 17" t="1"/>
		<b id="19" c="1 18" t="1"/>
		<b id="20" c="2 19" t="1"/>
		<b id="21" c="2 20" t="1"/>
		<b id="22" c="3 21" t="1"/>
		<b id="23" c="3 22" t="1"/>
		<b id="24" c="4 23" t="1"/>
		<b id="25" c="11 24" t="1"/>
		<b id="26" c="12 25" t="1"/>
		<b id="27" c="13 26" t="1"/>
		<b id="28" c="14 27" t="1"/>
	</bonds>
	<geometry>
		<g u="A" t="cart/3d">#27,3:0.6829,-0.7389,0.3336;2.0964,-1.1192,0.7538;3.0511,-1.0943,-0.4409;4.3899,-1.4751,-0.0610;4.9989,-2.5893,-0.4883;4.3634,-3.3335,-1.3823;4.9837,-4.4194,-1.8265;4.0974,-5.3257,-2.9765;6.1546,-4.8717,-1.5051;6.8433,-4.1471,-0.5887;8.1195,-4.5882,-0.1980;8.8374,-3.8776,0.7266;8.3110,-2.7109,1.2920;7.0682,-2.2593,0.9260;6.3085,-2.9625,-0.0205;0.0125,-0.7616,1.1894;0.3108,-1.4338,-0.4154;0.6664,0.2636,-0.0896;2.0950,-2.1218,1.1861;2.4514,-0.4228,1.5186;3.0756,-0.0884,-0.8751;2.7264,-1.8041,-1.2027;4.8349,-0.9298,0.6596;8.5007,-5.4906,-0.6480;9.8183,-4.2152,1.0271;8.8897,-2.1638,2.0213;6.6816,-1.3553,1.3759;</g>
	</geometry>
	<conformers/>
	<properties/>
</molecule>
