<?xml version="1.0" ?>
<!--MOLLI PACKAGE EXPERIMENTAL XML FORMAT-->
<molecule name="el3429">
	<atoms>
		<a id="1" s="N" t="N.1" l="N"/>
		<a id="2" s="C" t="C.1" l="C"/>
		<a id="3" s="C" t="C.ar" l="C"/>
		<a id="4" s="C" t="C.ar" l="C"/>
		<a id="5" s="C" t="C.ar" l="C"/>
		<a id="6" s="C" t="C.ar" l="C"/>
		<a id="7" s="C" t="C.2" l="C"/>
		<a id="8" s="O" t="O.2" l="O"/>
		<a id="9" s="C" t="C.ar" l="C"/>
		<a id="10" s="N" t="N.ar" l="N"/>
		<a id="11" s="C" t="C.ar" l="C"/>
		<a id="12" s="C" t="C.ar" l="C"/>
		<a id="13" s="C" t="C.ar" l="C"/>
		<a id="14" s="Cl" t="Cl" l="CL"/>
		<a id="15" s="N" t="N.ar" l="N"/>
		<a id="16" s="C" t="C.ar" l="C"/>
		<a id="17" s="C" t="C.ar" l="C"/>
		<a id="18" s="H" t="H" l="H"/>
		<a id="19" s="H" t="H" l="H"/>
		<a id="20" s="H" t="H" l="H"/>
		<a id="21" s="H" t="H" l="H"/>
		<a id="22" s="H" t="H" l="H"/>
		<a id="23" s="H" t="H" l="H"/>
	</atoms>
	<bonds>
		<b id="1" c="1 2" t="3"/>
		<b id="2" c="2 3" t="1"/>
		<b id="3" c="3 4" t="ar"/>
		<b id="4" c="4 5" t="ar"/>
		<b id="5" c="5 6" t="ar"/>
		<b id="6" c="6 7" t="1"/>
		<b id="7" c="7 8" t="2"/>
		<b id="8" c="7 9" t="1"/>
		<b id="9" c="9 10" t="ar"/>
		<b id="10" c="10 11" t="ar"/>
		<b id="11" c="11 12" t="ar"/>
		<b id="12" c="12 13" t="ar"/>
		<b id="13" c="13 14" t="1"/>
		<b id="14" c="13 15" t="ar"/>
		<b id="15" c="9 15" t="ar"/>
		<b id="16" c="6 16" t="ar"/>
		<b id="17" c="16 17" t="ar"/>
		<b id="18" c="3 17" t="ar"/>
		<b id="19" c="4 18" t="1"/>
		<b id="20" c="5 19" t="1"/>
		<b id="21" c="11 20" t="1"/>
		<b id="22" c="12 21" t="1"/>
		<b id="23" c="16 22" t="1"/>
		<b id="24" c="17 23" t="1"/>
	</bonds>
	<geometry>
		<g u="A" t="cart/3d">#23,3:-3.0067,0.0076,-0.1287;-1.8614,0.0075,-0.0882;-0.4473,0.0072,-0.0356;0.2482,-1.2032,-0.0005;1.6253,-1.1918,0.0552;2.3259,0.0160,0.0925;3.8039,-0.0498,0.1647;4.4354,-1.0127,-0.1982;4.4943,1.1391,0.7772;5.6904,1.4594,0.3164;6.3185,2.4622,0.9062;5.7696,3.1613,1.9711;4.5013,2.7439,2.3658;3.6779,3.5215,3.6534;3.8679,1.7505,1.7784;1.6254,1.2207,0.0409;0.2470,1.2185,-0.0245;-0.2970,-2.1351,-0.0191;2.1851,-2.1147,0.0805;7.2936,2.7083,0.5082;6.2800,3.9723,2.4606;2.1567,2.1591,0.0378;-0.3023,2.1474,-0.0660;</g>
	</geometry>
	<conformers/>
	<properties/>
</molecule>
