<?xml version="1.0" ?>
<!--MOLLI PACKAGE EXPERIMENTAL XML FORMAT-->
<molecule name="el3043">
	<atoms>
		<a id="1" s="C" t="C.3" l="C"/>
		<a id="2" s="C" t="C.3" l="C"/>
		<a id="3" s="N" t="N.ar" l="N"/>
		<a id="4" s="C" t="C.ar" l="C"/>
		<a id="5" s="N" t="N.ar" l="N"/>
		<a id="6" s="C" t="C.ar" l="C"/>
		<a id="7" s="C" t="C.ar" l="C"/>
		<a id="8" s="N" t="N.pl3" l="N"/>
		<a id="9" s="S" t="S.O2" l="S"/>
		<a id="10" s="O" t="O.2" l="O"/>
		<a id="11" s="O" t="O.2" l="O"/>
		<a id="12" s="C" t="C.ar" l="C"/>
		<a id="13" s="C" t="C.ar" l="C"/>
		<a id="14" s="C" t="C.ar" l="C"/>
		<a id="15" s="C" t="C.ar" l="C"/>
		<a id="16" s="S" t="S.O2" l="S"/>
		<a id="17" s="C" t="C.3" l="C"/>
		<a id="18" s="O" t="O.2" l="O"/>
		<a id="19" s="O" t="O.2" l="O"/>
		<a id="20" s="C" t="C.ar" l="C"/>
		<a id="21" s="C" t="C.ar" l="C"/>
		<a id="22" s="N" t="N.ar" l="N"/>
		<a id="23" s="C" t="C.ar" l="C"/>
		<a id="24" s="Cl" t="Cl" l="CL"/>
		<a id="25" s="N" t="N.ar" l="N"/>
		<a id="26" s="C" t="C.ar" l="C"/>
		<a id="27" s="H" t="H" l="H"/>
		<a id="28" s="H" t="H" l="H"/>
		<a id="29" s="H" t="H" l="H"/>
		<a id="30" s="H" t="H" l="H"/>
		<a id="31" s="H" t="H" l="H"/>
		<a id="32" s="H" t="H" l="H"/>
		<a id="33" s="H" t="H" l="H"/>
		<a id="34" s="H" t="H" l="H"/>
		<a id="35" s="H" t="H" l="H"/>
		<a id="36" s="H" t="H" l="H"/>
		<a id="37" s="H" t="H" l="H"/>
		<a id="38" s="H" t="H" l="H"/>
		<a id="39" s="H" t="H" l="H"/>
		<a id="40" s="H" t="H" l="H"/>
	</atoms>
	<bonds>
		<b id="1" c="1 2" t="1"/>
		<b id="2" c="2 3" t="1"/>
		<b id="3" c="3 4" t="ar"/>
		<b id="4" c="4 5" t="ar"/>
		<b id="5" c="5 6" t="ar"/>
		<b id="6" c="6 7" t="ar"/>
		<b id="7" c="7 8" t="1"/>
		<b id="8" c="8 9" t="1"/>
		<b id="9" c="9 10" t="2"/>
		<b id="10" c="9 11" t="2"/>
		<b id="11" c="9 12" t="1"/>
		<b id="12" c="12 13" t="ar"/>
		<b id="13" c="13 14" t="ar"/>
		<b id="14" c="14 15" t="ar"/>
		<b id="15" c="15 16" t="1"/>
		<b id="16" c="16 17" t="1"/>
		<b id="17" c="16 18" t="2"/>
		<b id="18" c="16 19" t="2"/>
		<b id="19" c="15 20" t="ar"/>
		<b id="20" c="20 21" t="ar"/>
		<b id="21" c="12 21" t="ar"/>
		<b id="22" c="7 22" t="ar"/>
		<b id="23" c="22 23" t="ar"/>
		<b id="24" c="23 24" t="1"/>
		<b id="25" c="23 25" t="ar"/>
		<b id="26" c="25 26" t="ar"/>
		<b id="27" c="6 26" t="ar"/>
		<b id="28" c="3 26" t="ar"/>
		<b id="29" c="1 27" t="1"/>
		<b id="30" c="1 28" t="1"/>
		<b id="31" c="1 29" t="1"/>
		<b id="32" c="2 30" t="1"/>
		<b id="33" c="2 31" t="1"/>
		<b id="34" c="4 32" t="1"/>
		<b id="35" c="8 33" t="1"/>
		<b id="36" c="13 34" t="1"/>
		<b id="37" c="14 35" t="1"/>
		<b id="38" c="17 36" t="1"/>
		<b id="39" c="17 37" t="1"/>
		<b id="40" c="17 38" t="1"/>
		<b id="41" c="20 39" t="1"/>
		<b id="42" c="21 40" t="1"/>
	</bonds>
	<geometry>
		<g u="A" t="cart/3d">#40,3:-2.3529,3.0890,-0.0105;-1.6040,2.6808,1.2502;-0.4282,3.4925,1.4766;-0.0107,3.9902,2.6744;1.1058,4.6561,2.6235;1.4745,4.6138,1.3060;2.4853,5.2318,0.5630;3.4178,6.0763,1.1301;3.2708,7.7222,0.6962;3.9923,8.4458,1.6942;3.5691,7.9192,-0.6781;1.4995,7.8225,0.9824;1.0634,7.8408,2.2952;-0.2588,7.5357,2.5674;-1.1000,7.2156,1.5173;-2.7481,6.6198,1.9048;-3.6340,8.0719,2.5170;-3.3731,6.1719,0.6938;-2.6230,5.6650,2.9703;-0.6772,7.2422,0.2020;0.6477,7.5490,-0.0717;2.5012,5.0682,-0.7499;1.5710,4.3134,-1.3132;1.6951,4.1517,-2.9967;0.5515,3.7054,-0.7454;0.5098,3.8787,0.5735;-3.2046,2.4284,-0.1456;-1.7016,3.0078,-0.8737;-2.7167,4.1081,0.0723;-1.2892,1.6340,1.1736;-2.2424,2.7991,2.1284;-0.5807,3.8544,3.5719;3.4489,5.9949,2.1386;1.7693,8.0611,3.0803;-0.6252,7.4807,3.5796;-3.6955,8.7810,1.7054;-3.0877,8.4782,3.3554;-4.6239,7.7560,2.8234;-1.3749,6.9799,-0.5777;1.0434,7.5479,-1.0747;</g>
	</geometry>
	<conformers/>
	<properties/>
</molecule>
