<?xml version="1.0" ?>
<!--MOLLI PACKAGE EXPERIMENTAL XML FORMAT-->
<molecule name="el3430">
	<atoms>
		<a id="1" s="C" t="C.3" l="C"/>
		<a id="2" s="C" t="C.3" l="C"/>
		<a id="3" s="C" t="C.3" l="C"/>
		<a id="4" s="C" t="C.3" l="C"/>
		<a id="5" s="C" t="C.ar" l="C"/>
		<a id="6" s="N" t="N.ar" l="N"/>
		<a id="7" s="C" t="C.ar" l="C"/>
		<a id="8" s="C" t="C.ar" l="C"/>
		<a id="9" s="F" t="F" l="F"/>
		<a id="10" s="C" t="C.ar" l="C"/>
		<a id="11" s="C" t="C.ar" l="C"/>
		<a id="12" s="C" t="C.ar" l="C"/>
		<a id="13" s="N" t="N.ar" l="N"/>
		<a id="14" s="C" t="C.ar" l="C"/>
		<a id="15" s="Cl" t="Cl" l="CL"/>
		<a id="16" s="N" t="N.ar" l="N"/>
		<a id="17" s="C" t="C.ar" l="C"/>
		<a id="18" s="C" t="C.ar" l="C"/>
		<a id="19" s="F" t="F" l="F"/>
		<a id="20" s="C" t="C.ar" l="C"/>
		<a id="21" s="C" t="C.ar" l="C"/>
		<a id="22" s="N" t="N.ar" l="N"/>
		<a id="23" s="H" t="H" l="H"/>
		<a id="24" s="H" t="H" l="H"/>
		<a id="25" s="H" t="H" l="H"/>
		<a id="26" s="H" t="H" l="H"/>
		<a id="27" s="H" t="H" l="H"/>
		<a id="28" s="H" t="H" l="H"/>
		<a id="29" s="H" t="H" l="H"/>
		<a id="30" s="H" t="H" l="H"/>
		<a id="31" s="H" t="H" l="H"/>
		<a id="32" s="H" t="H" l="H"/>
		<a id="33" s="H" t="H" l="H"/>
	</atoms>
	<bonds>
		<b id="1" c="1 2" t="1"/>
		<b id="2" c="2 3" t="1"/>
		<b id="3" c="3 4" t="1"/>
		<b id="4" c="4 5" t="1"/>
		<b id="5" c="5 6" t="ar"/>
		<b id="6" c="6 7" t="ar"/>
		<b id="7" c="7 8" t="ar"/>
		<b id="8" c="8 9" t="1"/>
		<b id="9" c="8 10" t="ar"/>
		<b id="10" c="10 11" t="ar"/>
		<b id="11" c="11 12" t="1"/>
		<b id="12" c="12 13" t="ar"/>
		<b id="13" c="13 14" t="ar"/>
		<b id="14" c="14 15" t="1"/>
		<b id="15" c="14 16" t="ar"/>
		<b id="16" c="16 17" t="ar"/>
		<b id="17" c="17 18" t="ar"/>
		<b id="18" c="12 18" t="ar"/>
		<b id="19" c="18 19" t="1"/>
		<b id="20" c="11 20" t="ar"/>
		<b id="21" c="20 21" t="ar"/>
		<b id="22" c="7 21" t="ar"/>
		<b id="23" c="21 22" t="ar"/>
		<b id="24" c="5 22" t="ar"/>
		<b id="25" c="2 22" t="1"/>
		<b id="26" c="1 23" t="1"/>
		<b id="27" c="1 24" t="1"/>
		<b id="28" c="1 25" t="1"/>
		<b id="29" c="2 26" t="1"/>
		<b id="30" c="3 27" t="1"/>
		<b id="31" c="3 28" t="1"/>
		<b id="32" c="4 29" t="1"/>
		<b id="33" c="4 30" t="1"/>
		<b id="34" c="10 31" t="1"/>
		<b id="35" c="17 32" t="1"/>
		<b id="36" c="20 33" t="1"/>
	</bonds>
	<geometry>
		<g u="A" t="cart/3d">#33,3:0.9891,-0.1341,0.1236;2.4893,0.0874,-0.0185;3.3209,-0.8262,0.9147;4.4759,0.0347,1.4618;3.9761,1.4135,1.2421;4.3430,2.6021,1.6226;3.4606,3.4468,1.0062;3.3454,4.8350,1.0185;4.1962,5.5906,1.7310;2.3571,5.4528,0.2868;1.4569,4.7031,-0.4905;0.4204,5.3334,-1.3010;-0.1174,4.5786,-2.2652;-1.0464,5.0944,-3.0343;-1.6799,4.0729,-4.2406;-1.5433,6.3166,-2.9788;-1.0512,7.0899,-2.0254;-0.0693,6.6428,-1.1573;0.3595,7.4765,-0.1957;1.5451,3.3119,-0.5329;2.5292,2.7039,0.2178;2.8974,1.4028,0.4137;0.7512,-1.1720,-0.0940;0.4364,0.4975,-0.5661;0.6683,0.0951,1.1376;2.7826,-0.0529,-1.0683;3.6802,-1.7089,0.3904;2.6891,-1.1560,1.7404;5.3971,-0.1127,0.8936;4.6943,-0.1620,2.5096;2.3137,6.5283,0.3131;-1.4532,8.0904,-1.9501;0.8553,2.7587,-1.1472;</g>
	</geometry>
	<conformers/>
	<properties/>
</molecule>
