<?xml version="1.0" ?>
<!--MOLLI PACKAGE EXPERIMENTAL XML FORMAT-->
<molecule name="el3432">
	<atoms>
		<a id="1" s="C" t="C.3" l="C"/>
		<a id="2" s="C" t="C.2" l="C"/>
		<a id="3" s="N" t="N.2" l="N"/>
		<a id="4" s="C" t="C.ar" l="C"/>
		<a id="5" s="C" t="C.ar" l="C"/>
		<a id="6" s="F" t="F" l="F"/>
		<a id="7" s="C" t="C.ar" l="C"/>
		<a id="8" s="C" t="C.ar" l="C"/>
		<a id="9" s="C" t="C.ar" l="C"/>
		<a id="10" s="N" t="N.ar" l="N"/>
		<a id="11" s="C" t="C.ar" l="C"/>
		<a id="12" s="Cl" t="Cl" l="CL"/>
		<a id="13" s="N" t="N.ar" l="N"/>
		<a id="14" s="C" t="C.ar" l="C"/>
		<a id="15" s="C" t="C.ar" l="C"/>
		<a id="16" s="F" t="F" l="F"/>
		<a id="17" s="C" t="C.ar" l="C"/>
		<a id="18" s="C" t="C.ar" l="C"/>
		<a id="19" s="C" t="C.3" l="C"/>
		<a id="20" s="C" t="C.3" l="C"/>
		<a id="21" s="C" t="C.3" l="C"/>
		<a id="22" s="H" t="H" l="H"/>
		<a id="23" s="H" t="H" l="H"/>
		<a id="24" s="H" t="H" l="H"/>
		<a id="25" s="H" t="H" l="H"/>
		<a id="26" s="H" t="H" l="H"/>
		<a id="27" s="H" t="H" l="H"/>
		<a id="28" s="H" t="H" l="H"/>
		<a id="29" s="H" t="H" l="H"/>
		<a id="30" s="H" t="H" l="H"/>
		<a id="31" s="H" t="H" l="H"/>
		<a id="32" s="H" t="H" l="H"/>
		<a id="33" s="H" t="H" l="H"/>
	</atoms>
	<bonds>
		<b id="1" c="1 2" t="1"/>
		<b id="2" c="2 3" t="2"/>
		<b id="3" c="3 4" t="1"/>
		<b id="4" c="4 5" t="ar"/>
		<b id="5" c="5 6" t="1"/>
		<b id="6" c="5 7" t="ar"/>
		<b id="7" c="7 8" t="ar"/>
		<b id="8" c="8 9" t="1"/>
		<b id="9" c="9 10" t="ar"/>
		<b id="10" c="10 11" t="ar"/>
		<b id="11" c="11 12" t="1"/>
		<b id="12" c="11 13" t="ar"/>
		<b id="13" c="13 14" t="ar"/>
		<b id="14" c="14 15" t="ar"/>
		<b id="15" c="9 15" t="ar"/>
		<b id="16" c="15 16" t="1"/>
		<b id="17" c="8 17" t="ar"/>
		<b id="18" c="17 18" t="ar"/>
		<b id="19" c="4 18" t="ar"/>
		<b id="20" c="18 19" t="1"/>
		<b id="21" c="2 19" t="1"/>
		<b id="22" c="19 20" t="1"/>
		<b id="23" c="19 21" t="1"/>
		<b id="24" c="1 22" t="1"/>
		<b id="25" c="1 23" t="1"/>
		<b id="26" c="1 24" t="1"/>
		<b id="27" c="7 25" t="1"/>
		<b id="28" c="14 26" t="1"/>
		<b id="29" c="17 27" t="1"/>
		<b id="30" c="20 28" t="1"/>
		<b id="31" c="20 29" t="1"/>
		<b id="32" c="20 30" t="1"/>
		<b id="33" c="21 31" t="1"/>
		<b id="34" c="21 32" t="1"/>
		<b id="35" c="21 33" t="1"/>
	</bonds>
	<geometry>
		<g u="A" t="cart/3d">#33,3:1.1304,0.1260,0.2366;2.6018,0.0227,0.1499;3.3615,1.0536,0.1102;4.6779,0.6151,0.0357;5.8447,1.3613,-0.0219;5.8148,2.7031,-0.0093;7.0706,0.7228,-0.0862;7.1425,-0.6719,-0.0868;8.4149,-1.3873,-0.1227;8.3894,-2.6593,0.2863;9.5056,-3.3497,0.2862;9.3978,-4.9600,0.8252;10.7025,-2.9310,-0.0855;10.7664,-1.6823,-0.5147;9.6465,-0.8676,-0.5543;9.7785,0.3827,-1.0262;5.9673,-1.4356,-0.0235;4.7606,-0.7905,0.0300;3.3483,-1.3076,0.0974;3.1094,-2.1435,1.3573;2.9819,-2.1027,-1.1593;0.8386,1.1712,0.2769;0.7693,-0.3869,1.1272;0.6696,-0.3455,-0.6307;7.9554,1.3366,-0.1145;11.7344,-1.3238,-0.8361;6.0437,-2.5109,-0.0192;3.3326,-1.5603,2.2483;3.7552,-3.0182,1.3464;2.0747,-2.4752,1.4019;3.1138,-1.4899,-2.0488;1.9473,-2.4342,-1.1096;3.6237,-2.9765,-1.2426;</g>
	</geometry>
	<conformers/>
	<properties/>
</molecule>
