<?xml version="1.0" ?>
<!--MOLLI PACKAGE EXPERIMENTAL XML FORMAT-->
<molecule name="el3433">
	<atoms>
		<a id="1" s="C" t="C.3" l="C"/>
		<a id="2" s="N" t="N.am" l="N"/>
		<a id="3" s="C" t="C.2" l="C"/>
		<a id="4" s="O" t="O.2" l="O"/>
		<a id="5" s="C" t="C.ar" l="C"/>
		<a id="6" s="C" t="C.ar" l="C"/>
		<a id="7" s="C" t="C.ar" l="C"/>
		<a id="8" s="C" t="C.ar" l="C"/>
		<a id="9" s="C" t="C.ar" l="C"/>
		<a id="10" s="C" t="C.ar" l="C"/>
		<a id="11" s="N" t="N.pl3" l="N"/>
		<a id="12" s="C" t="C.ar" l="C"/>
		<a id="13" s="N" t="N.ar" l="N"/>
		<a id="14" s="C" t="C.ar" l="C"/>
		<a id="15" s="Cl" t="Cl" l="CL"/>
		<a id="16" s="N" t="N.ar" l="N"/>
		<a id="17" s="C" t="C.ar" l="C"/>
		<a id="18" s="N" t="N.ar" l="N"/>
		<a id="19" s="C" t="C.ar" l="C"/>
		<a id="20" s="C" t="C.ar" l="C"/>
		<a id="21" s="F" t="F" l="F"/>
		<a id="22" s="C" t="C.ar" l="C"/>
		<a id="23" s="H" t="H" l="H"/>
		<a id="24" s="H" t="H" l="H"/>
		<a id="25" s="H" t="H" l="H"/>
		<a id="26" s="H" t="H" l="H"/>
		<a id="27" s="H" t="H" l="H"/>
		<a id="28" s="H" t="H" l="H"/>
		<a id="29" s="H" t="H" l="H"/>
		<a id="30" s="H" t="H" l="H"/>
		<a id="31" s="H" t="H" l="H"/>
		<a id="32" s="H" t="H" l="H"/>
		<a id="33" s="H" t="H" l="H"/>
	</atoms>
	<bonds>
		<b id="1" c="1 2" t="1"/>
		<b id="2" c="2 3" t="am"/>
		<b id="3" c="3 4" t="2"/>
		<b id="4" c="3 5" t="1"/>
		<b id="5" c="5 6" t="ar"/>
		<b id="6" c="6 7" t="ar"/>
		<b id="7" c="7 8" t="ar"/>
		<b id="8" c="8 9" t="ar"/>
		<b id="9" c="9 10" t="ar"/>
		<b id="10" c="5 10" t="ar"/>
		<b id="11" c="10 11" t="1"/>
		<b id="12" c="11 12" t="1"/>
		<b id="13" c="12 13" t="ar"/>
		<b id="14" c="13 14" t="ar"/>
		<b id="15" c="14 15" t="1"/>
		<b id="16" c="14 16" t="ar"/>
		<b id="17" c="16 17" t="ar"/>
		<b id="18" c="17 18" t="ar"/>
		<b id="19" c="18 19" t="ar"/>
		<b id="20" c="19 20" t="ar"/>
		<b id="21" c="20 21" t="1"/>
		<b id="22" c="20 22" t="ar"/>
		<b id="23" c="12 22" t="ar"/>
		<b id="24" c="17 22" t="ar"/>
		<b id="25" c="1 23" t="1"/>
		<b id="26" c="1 24" t="1"/>
		<b id="27" c="1 25" t="1"/>
		<b id="28" c="2 26" t="1"/>
		<b id="29" c="6 27" t="1"/>
		<b id="30" c="7 28" t="1"/>
		<b id="31" c="8 29" t="1"/>
		<b id="32" c="9 30" t="1"/>
		<b id="33" c="11 31" t="1"/>
		<b id="34" c="18 32" t="1"/>
		<b id="35" c="19 33" t="1"/>
	</bonds>
	<geometry>
		<g u="A" t="cart/3d">#33,3:1.1997,2.3305,1.7612;2.6195,2.1063,1.6169;3.1185,1.1528,0.7827;2.4133,0.3951,0.1517;4.6144,1.1133,0.7207;5.2004,1.1412,-0.5381;6.5750,1.1060,-0.6817;7.3741,1.0209,0.4462;6.8103,0.9593,1.7070;5.4270,1.0022,1.8606;4.8092,0.9201,3.1088;5.3340,0.7791,4.3440;6.6455,0.6709,4.5478;7.0956,0.5221,5.7812;8.7896,0.3876,5.9177;6.4208,0.4632,6.9061;5.1036,0.5853,6.7281;4.1530,0.5842,7.6881;2.9204,0.7521,7.1062;3.0947,0.8565,5.7585;2.1249,1.0483,4.8454;4.4781,0.7528,5.4715;0.9165,2.2802,2.8133;0.6901,1.5419,1.2105;0.9103,3.3006,1.3535;3.2382,2.8139,1.9815;4.5560,1.1952,-1.4025;7.0175,1.1395,-1.6651;8.4486,0.9910,0.3479;7.4296,0.8710,2.5828;3.7952,0.9232,3.0754;4.3322,0.4778,8.6724;2.0196,0.7847,7.6838;</g>
	</geometry>
	<conformers/>
	<properties/>
</molecule>
