<?xml version="1.0" ?>
<!--MOLLI PACKAGE EXPERIMENTAL XML FORMAT-->
<molecule name="el3435">
	<atoms>
		<a id="1" s="C" t="C.3" l="C"/>
		<a id="2" s="C" t="C.ar" l="C"/>
		<a id="3" s="N" t="N.ar" l="N"/>
		<a id="4" s="C" t="C.ar" l="C"/>
		<a id="5" s="C" t="C.ar" l="C"/>
		<a id="6" s="F" t="F" l="F"/>
		<a id="7" s="C" t="C.ar" l="C"/>
		<a id="8" s="C" t="C.ar" l="C"/>
		<a id="9" s="C" t="C.ar" l="C"/>
		<a id="10" s="N" t="N.ar" l="N"/>
		<a id="11" s="C" t="C.ar" l="C"/>
		<a id="12" s="Cl" t="Cl" l="CL"/>
		<a id="13" s="N" t="N.ar" l="N"/>
		<a id="14" s="C" t="C.ar" l="C"/>
		<a id="15" s="C" t="C.ar" l="C"/>
		<a id="16" s="F" t="F" l="F"/>
		<a id="17" s="C" t="C.ar" l="C"/>
		<a id="18" s="C" t="C.ar" l="C"/>
		<a id="19" s="N" t="N.ar" l="N"/>
		<a id="20" s="C" t="C.3" l="C"/>
		<a id="21" s="C" t="C.3" l="C"/>
		<a id="22" s="C" t="C.3" l="C"/>
		<a id="23" s="C" t="C.3" l="C"/>
		<a id="24" s="C" t="C.3" l="C"/>
		<a id="25" s="H" t="H" l="H"/>
		<a id="26" s="H" t="H" l="H"/>
		<a id="27" s="H" t="H" l="H"/>
		<a id="28" s="H" t="H" l="H"/>
		<a id="29" s="H" t="H" l="H"/>
		<a id="30" s="H" t="H" l="H"/>
		<a id="31" s="H" t="H" l="H"/>
		<a id="32" s="H" t="H" l="H"/>
		<a id="33" s="H" t="H" l="H"/>
		<a id="34" s="H" t="H" l="H"/>
		<a id="35" s="H" t="H" l="H"/>
		<a id="36" s="H" t="H" l="H"/>
		<a id="37" s="H" t="H" l="H"/>
		<a id="38" s="H" t="H" l="H"/>
		<a id="39" s="H" t="H" l="H"/>
	</atoms>
	<bonds>
		<b id="1" c="1 2" t="1"/>
		<b id="2" c="2 3" t="ar"/>
		<b id="3" c="3 4" t="ar"/>
		<b id="4" c="4 5" t="ar"/>
		<b id="5" c="5 6" t="1"/>
		<b id="6" c="5 7" t="ar"/>
		<b id="7" c="7 8" t="ar"/>
		<b id="8" c="8 9" t="1"/>
		<b id="9" c="9 10" t="ar"/>
		<b id="10" c="10 11" t="ar"/>
		<b id="11" c="11 12" t="1"/>
		<b id="12" c="11 13" t="ar"/>
		<b id="13" c="13 14" t="ar"/>
		<b id="14" c="14 15" t="ar"/>
		<b id="15" c="9 15" t="ar"/>
		<b id="16" c="15 16" t="1"/>
		<b id="17" c="8 17" t="ar"/>
		<b id="18" c="17 18" t="ar"/>
		<b id="19" c="4 18" t="ar"/>
		<b id="20" c="18 19" t="ar"/>
		<b id="21" c="2 19" t="ar"/>
		<b id="22" c="19 20" t="1"/>
		<b id="23" c="20 21" t="1"/>
		<b id="24" c="21 22" t="1"/>
		<b id="25" c="22 23" t="1"/>
		<b id="26" c="23 24" t="1"/>
		<b id="27" c="20 24" t="1"/>
		<b id="28" c="1 25" t="1"/>
		<b id="29" c="1 26" t="1"/>
		<b id="30" c="1 27" t="1"/>
		<b id="31" c="7 28" t="1"/>
		<b id="32" c="14 29" t="1"/>
		<b id="33" c="17 30" t="1"/>
		<b id="34" c="20 31" t="1"/>
		<b id="35" c="21 32" t="1"/>
		<b id="36" c="21 33" t="1"/>
		<b id="37" c="22 34" t="1"/>
		<b id="38" c="22 35" t="1"/>
		<b id="39" c="23 36" t="1"/>
		<b id="40" c="23 37" t="1"/>
		<b id="41" c="24 38" t="1"/>
		<b id="42" c="24 39" t="1"/>
	</bonds>
	<geometry>
		<g u="A" t="cart/3d">#39,3:0.8982,-0.0482,-0.1381;2.3794,-0.0106,-0.1037;3.1172,-1.0868,-0.1105;4.4076,-0.6552,-0.0716;5.6220,-1.3397,-0.0645;5.6548,-2.6816,-0.1075;6.8072,-0.6439,-0.0175;6.8135,0.7624,0.0210;8.0424,1.5461,0.0652;7.9034,2.8661,-0.1121;8.9665,3.6322,-0.0848;8.6979,5.2985,-0.3151;10.2188,3.2569,0.1008;10.4005,1.9603,0.2900;9.3448,1.0641,0.2844;9.6156,-0.2328,0.5049;5.6138,1.4748,0.0062;4.4324,0.7647,-0.0377;3.1104,1.1468,-0.0622;2.6039,2.4966,-0.0426;3.1591,3.3722,-1.1917;3.7197,4.6389,-0.5329;3.0212,4.7060,0.8241;2.9523,3.2452,1.2561;0.5871,-1.0882,-0.1422;0.5185,0.4388,-1.0357;0.4757,0.4468,0.7352;7.7211,-1.2122,-0.0231;11.4159,1.6275,0.4531;5.6529,2.5494,0.0300;1.5175,2.4246,-0.1348;2.3555,3.6237,-1.8836;3.9234,2.8376,-1.7535;3.5346,5.5258,-1.1355;4.7970,4.5534,-0.3892;2.0129,5.1070,0.7079;3.5583,5.3256,1.5394;2.2143,3.0690,2.0378;3.9240,2.9149,1.6231;</g>
	</geometry>
	<conformers/>
	<properties/>
</molecule>
