<?xml version="1.0" ?>
<!--MOLLI PACKAGE EXPERIMENTAL XML FORMAT-->
<molecule name="el3438">
	<atoms>
		<a id="1" s="C" t="C.3" l="C"/>
		<a id="2" s="C" t="C.3" l="C"/>
		<a id="3" s="C" t="C.3" l="C"/>
		<a id="4" s="C" t="C.3" l="C"/>
		<a id="5" s="O" t="O.3" l="O"/>
		<a id="6" s="C" t="C.2" l="C"/>
		<a id="7" s="O" t="O.2" l="O"/>
		<a id="8" s="N" t="N.am" l="N"/>
		<a id="9" s="C" t="C.3" l="C"/>
		<a id="10" s="C" t="C.3" l="C"/>
		<a id="11" s="O" t="O.3" l="O"/>
		<a id="12" s="C" t="C.ar" l="C"/>
		<a id="13" s="C" t="C.ar" l="C"/>
		<a id="14" s="C" t="C.ar" l="C"/>
		<a id="15" s="N" t="N.ar" l="N"/>
		<a id="16" s="C" t="C.ar" l="C"/>
		<a id="17" s="Cl" t="Cl" l="CL"/>
		<a id="18" s="N" t="N.ar" l="N"/>
		<a id="19" s="C" t="C.ar" l="C"/>
		<a id="20" s="C" t="C.ar" l="C"/>
		<a id="21" s="F" t="F" l="F"/>
		<a id="22" s="C" t="C.ar" l="C"/>
		<a id="23" s="C" t="C.ar" l="C"/>
		<a id="24" s="C" t="C.ar" l="C"/>
		<a id="25" s="C" t="C.ar" l="C"/>
		<a id="26" s="H" t="H" l="H"/>
		<a id="27" s="H" t="H" l="H"/>
		<a id="28" s="H" t="H" l="H"/>
		<a id="29" s="H" t="H" l="H"/>
		<a id="30" s="H" t="H" l="H"/>
		<a id="31" s="H" t="H" l="H"/>
		<a id="32" s="H" t="H" l="H"/>
		<a id="33" s="H" t="H" l="H"/>
		<a id="34" s="H" t="H" l="H"/>
		<a id="35" s="H" t="H" l="H"/>
		<a id="36" s="H" t="H" l="H"/>
		<a id="37" s="H" t="H" l="H"/>
		<a id="38" s="H" t="H" l="H"/>
		<a id="39" s="H" t="H" l="H"/>
		<a id="40" s="H" t="H" l="H"/>
		<a id="41" s="H" t="H" l="H"/>
		<a id="42" s="H" t="H" l="H"/>
	</atoms>
	<bonds>
		<b id="1" c="1 2" t="1"/>
		<b id="2" c="2 3" t="1"/>
		<b id="3" c="2 4" t="1"/>
		<b id="4" c="2 5" t="1"/>
		<b id="5" c="5 6" t="1"/>
		<b id="6" c="6 7" t="2"/>
		<b id="7" c="6 8" t="am"/>
		<b id="8" c="8 9" t="1"/>
		<b id="9" c="9 10" t="1"/>
		<b id="10" c="10 11" t="1"/>
		<b id="11" c="11 12" t="1"/>
		<b id="12" c="12 13" t="ar"/>
		<b id="13" c="13 14" t="1"/>
		<b id="14" c="14 15" t="ar"/>
		<b id="15" c="15 16" t="ar"/>
		<b id="16" c="16 17" t="1"/>
		<b id="17" c="16 18" t="ar"/>
		<b id="18" c="18 19" t="ar"/>
		<b id="19" c="19 20" t="ar"/>
		<b id="20" c="14 20" t="ar"/>
		<b id="21" c="20 21" t="1"/>
		<b id="22" c="13 22" t="ar"/>
		<b id="23" c="22 23" t="ar"/>
		<b id="24" c="23 24" t="ar"/>
		<b id="25" c="24 25" t="ar"/>
		<b id="26" c="12 25" t="ar"/>
		<b id="27" c="8 25" t="1"/>
		<b id="28" c="1 26" t="1"/>
		<b id="29" c="1 27" t="1"/>
		<b id="30" c="1 28" t="1"/>
		<b id="31" c="3 29" t="1"/>
		<b id="32" c="3 30" t="1"/>
		<b id="33" c="3 31" t="1"/>
		<b id="34" c="4 32" t="1"/>
		<b id="35" c="4 33" t="1"/>
		<b id="36" c="4 34" t="1"/>
		<b id="37" c="9 35" t="1"/>
		<b id="38" c="9 36" t="1"/>
		<b id="39" c="10 37" t="1"/>
		<b id="40" c="10 38" t="1"/>
		<b id="41" c="19 39" t="1"/>
		<b id="42" c="22 40" t="1"/>
		<b id="43" c="23 41" t="1"/>
		<b id="44" c="24 42" t="1"/>
	</bonds>
	<geometry>
		<g u="A" t="cart/3d">#42,3:3.9887,-1.1448,-1.1905;2.9759,-0.6447,-0.1618;2.6094,0.8171,-0.4123;1.7213,-1.5197,-0.1743;3.4965,-0.8108,1.1822;4.6081,-0.1666,1.5658;5.2646,0.5703,0.8730;4.9032,-0.4610,2.8747;4.1956,-1.4874,3.6149;5.2303,-2.4595,4.1756;6.0890,-1.7950,5.0707;6.5350,-0.5814,4.6586;7.5576,0.0120,5.4156;8.1497,-0.7280,6.5325;8.4175,-2.0201,6.3690;8.9500,-2.6776,7.3745;9.2692,-4.3272,7.1107;9.2672,-2.2010,8.5646;9.0172,-0.9165,8.7602;8.4579,-0.1336,7.7658;8.1942,1.1615,8.0093;8.0212,1.2824,5.0876;7.4852,1.9547,4.0079;6.4701,1.3836,3.2628;5.9815,0.1186,3.5733;3.5522,-1.0956,-2.1841;4.2633,-2.1757,-0.9767;4.8838,-0.5296,-1.1671;2.1246,0.9099,-1.3799;3.5019,1.4363,-0.4039;1.9279,1.1693,0.3594;1.2424,-1.4663,-1.1470;1.0215,-1.1794,0.5847;1.9832,-2.5538,0.0349;3.4990,-2.0002,2.9560;3.6433,-1.0257,4.4419;5.8126,-2.8942,3.3524;4.7600,-3.2614,4.7479;9.2635,-0.5126,9.7323;8.8167,1.7268,5.6644;7.8505,2.9351,3.7468;6.0507,1.9161,2.4270;</g>
	</geometry>
	<conformers/>
	<properties/>
</molecule>
