<?xml version="1.0" ?>
<!--MOLLI PACKAGE EXPERIMENTAL XML FORMAT-->
<molecule name="el3044">
	<atoms>
		<a id="1" s="C" t="C.3" l="C"/>
		<a id="2" s="C" t="C.3" l="C"/>
		<a id="3" s="N" t="N.ar" l="N"/>
		<a id="4" s="C" t="C.ar" l="C"/>
		<a id="5" s="N" t="N.ar" l="N"/>
		<a id="6" s="C" t="C.ar" l="C"/>
		<a id="7" s="N" t="N.ar" l="N"/>
		<a id="8" s="C" t="C.ar" l="C"/>
		<a id="9" s="Cl" t="Cl" l="CL"/>
		<a id="10" s="N" t="N.ar" l="N"/>
		<a id="11" s="C" t="C.ar" l="C"/>
		<a id="12" s="N" t="N.pl3" l="N"/>
		<a id="13" s="C" t="C.3" l="C"/>
		<a id="14" s="C" t="C.ar" l="C"/>
		<a id="15" s="C" t="C.ar" l="C"/>
		<a id="16" s="C" t="C.ar" l="C"/>
		<a id="17" s="O" t="O.3" l="O"/>
		<a id="18" s="C" t="C.3" l="C"/>
		<a id="19" s="C" t="C.ar" l="C"/>
		<a id="20" s="O" t="O.3" l="O"/>
		<a id="21" s="C" t="C.3" l="C"/>
		<a id="22" s="C" t="C.ar" l="C"/>
		<a id="23" s="O" t="O.3" l="O"/>
		<a id="24" s="C" t="C.3" l="C"/>
		<a id="25" s="C" t="C.ar" l="C"/>
		<a id="26" s="C" t="C.ar" l="C"/>
		<a id="27" s="H" t="H" l="H"/>
		<a id="28" s="H" t="H" l="H"/>
		<a id="29" s="H" t="H" l="H"/>
		<a id="30" s="H" t="H" l="H"/>
		<a id="31" s="H" t="H" l="H"/>
		<a id="32" s="H" t="H" l="H"/>
		<a id="33" s="H" t="H" l="H"/>
		<a id="34" s="H" t="H" l="H"/>
		<a id="35" s="H" t="H" l="H"/>
		<a id="36" s="H" t="H" l="H"/>
		<a id="37" s="H" t="H" l="H"/>
		<a id="38" s="H" t="H" l="H"/>
		<a id="39" s="H" t="H" l="H"/>
		<a id="40" s="H" t="H" l="H"/>
		<a id="41" s="H" t="H" l="H"/>
		<a id="42" s="H" t="H" l="H"/>
		<a id="43" s="H" t="H" l="H"/>
		<a id="44" s="H" t="H" l="H"/>
		<a id="45" s="H" t="H" l="H"/>
		<a id="46" s="H" t="H" l="H"/>
	</atoms>
	<bonds>
		<b id="1" c="1 2" t="1"/>
		<b id="2" c="2 3" t="1"/>
		<b id="3" c="3 4" t="ar"/>
		<b id="4" c="4 5" t="ar"/>
		<b id="5" c="5 6" t="ar"/>
		<b id="6" c="6 7" t="ar"/>
		<b id="7" c="7 8" t="ar"/>
		<b id="8" c="8 9" t="1"/>
		<b id="9" c="8 10" t="ar"/>
		<b id="10" c="10 11" t="ar"/>
		<b id="11" c="11 12" t="1"/>
		<b id="12" c="12 13" t="1"/>
		<b id="13" c="13 14" t="1"/>
		<b id="14" c="14 15" t="ar"/>
		<b id="15" c="15 16" t="ar"/>
		<b id="16" c="16 17" t="1"/>
		<b id="17" c="17 18" t="1"/>
		<b id="18" c="16 19" t="ar"/>
		<b id="19" c="19 20" t="1"/>
		<b id="20" c="20 21" t="1"/>
		<b id="21" c="19 22" t="ar"/>
		<b id="22" c="22 23" t="1"/>
		<b id="23" c="23 24" t="1"/>
		<b id="24" c="22 25" t="ar"/>
		<b id="25" c="14 25" t="ar"/>
		<b id="26" c="11 26" t="ar"/>
		<b id="27" c="6 26" t="ar"/>
		<b id="28" c="3 26" t="ar"/>
		<b id="29" c="1 27" t="1"/>
		<b id="30" c="1 28" t="1"/>
		<b id="31" c="1 29" t="1"/>
		<b id="32" c="2 30" t="1"/>
		<b id="33" c="2 31" t="1"/>
		<b id="34" c="4 32" t="1"/>
		<b id="35" c="12 33" t="1"/>
		<b id="36" c="13 34" t="1"/>
		<b id="37" c="13 35" t="1"/>
		<b id="38" c="15 36" t="1"/>
		<b id="39" c="18 37" t="1"/>
		<b id="40" c="18 38" t="1"/>
		<b id="41" c="18 39" t="1"/>
		<b id="42" c="21 40" t="1"/>
		<b id="43" c="21 41" t="1"/>
		<b id="44" c="21 42" t="1"/>
		<b id="45" c="24 43" t="1"/>
		<b id="46" c="24 44" t="1"/>
		<b id="47" c="24 45" t="1"/>
		<b id="48" c="25 46" t="1"/>
	</bonds>
	<geometry>
		<g u="A" t="cart/3d">#46,3:3.4440,-1.1729,1.6792;2.5802,-0.5830,0.5647;2.7224,-1.3236,-0.6623;1.8383,-2.2312,-1.1507;2.2198,-2.8260,-2.2415;3.4422,-2.3031,-2.5213;4.2321,-2.6023,-3.5564;5.3497,-1.9266,-3.5682;6.4126,-2.2490,-4.8655;5.7859,-1.0175,-2.7117;5.0279,-0.6963,-1.6630;5.5232,0.1972,-0.7783;6.7142,0.9709,-1.0368;6.4439,2.4521,-0.9981;7.4192,3.3240,-0.5307;7.1836,4.6891,-0.4986;8.0846,5.6011,-0.0317;9.3362,5.1465,0.4224;5.9518,5.2152,-0.9411;5.6995,6.5718,-0.8808;6.5688,7.4083,-1.6204;4.9656,4.3319,-1.3924;3.7118,4.6421,-1.8122;3.2927,5.9797,-1.9771;5.2327,2.9602,-1.4165;3.7913,-1.3491,-1.5312;3.3436,-0.5765,2.5819;4.4920,-1.1975,1.3892;3.1280,-2.1906,1.8964;2.8355,0.4678,0.3870;1.5263,-0.6258,0.8528;0.9008,-2.4232,-0.6647;4.9216,0.5425,-0.0489;7.0722,0.6671,-2.0253;7.4830,0.7139,-0.2983;8.3592,2.9216,-0.1913;9.8781,6.0411,0.7254;9.8926,4.6380,-0.3714;9.2336,4.4792,1.2837;6.0944,8.3887,-1.6274;6.6815,7.0492,-2.6493;7.5539,7.4814,-1.1549;2.2606,5.9091,-2.3208;3.8884,6.4986,-2.7318;3.3334,6.5349,-1.0384;4.4571,2.3169,-1.8015;</g>
	</geometry>
	<conformers/>
	<properties/>
</molecule>
