<?xml version="1.0" ?>
<!--MOLLI PACKAGE EXPERIMENTAL XML FORMAT-->
<molecule name="el3441">
	<atoms>
		<a id="1" s="F" t="F" l="F"/>
		<a id="2" s="C" t="C.ar" l="C"/>
		<a id="3" s="C" t="C.ar" l="C"/>
		<a id="4" s="C" t="C.ar" l="C"/>
		<a id="5" s="C" t="C.ar" l="C"/>
		<a id="6" s="C" t="C.ar" l="C"/>
		<a id="7" s="C" t="C.3" l="C"/>
		<a id="8" s="N" t="N.pl3" l="N"/>
		<a id="9" s="C" t="C.ar" l="C"/>
		<a id="10" s="N" t="N.ar" l="N"/>
		<a id="11" s="C" t="C.ar" l="C"/>
		<a id="12" s="Cl" t="Cl" l="CL"/>
		<a id="13" s="N" t="N.ar" l="N"/>
		<a id="14" s="C" t="C.ar" l="C"/>
		<a id="15" s="C" t="C.ar" l="C"/>
		<a id="16" s="C" t="C.ar" l="C"/>
		<a id="17" s="N" t="N.ar" l="N"/>
		<a id="18" s="C" t="C.ar" l="C"/>
		<a id="19" s="C" t="C.ar" l="C"/>
		<a id="20" s="H" t="H" l="H"/>
		<a id="21" s="H" t="H" l="H"/>
		<a id="22" s="H" t="H" l="H"/>
		<a id="23" s="H" t="H" l="H"/>
		<a id="24" s="H" t="H" l="H"/>
		<a id="25" s="H" t="H" l="H"/>
		<a id="26" s="H" t="H" l="H"/>
		<a id="27" s="H" t="H" l="H"/>
		<a id="28" s="H" t="H" l="H"/>
		<a id="29" s="H" t="H" l="H"/>
	</atoms>
	<bonds>
		<b id="1" c="1 2" t="1"/>
		<b id="2" c="2 3" t="ar"/>
		<b id="3" c="3 4" t="ar"/>
		<b id="4" c="4 5" t="ar"/>
		<b id="5" c="5 6" t="ar"/>
		<b id="6" c="6 7" t="1"/>
		<b id="7" c="7 8" t="1"/>
		<b id="8" c="8 9" t="1"/>
		<b id="9" c="9 10" t="ar"/>
		<b id="10" c="10 11" t="ar"/>
		<b id="11" c="11 12" t="1"/>
		<b id="12" c="11 13" t="ar"/>
		<b id="13" c="13 14" t="ar"/>
		<b id="14" c="14 15" t="ar"/>
		<b id="15" c="15 16" t="ar"/>
		<b id="16" c="16 17" t="ar"/>
		<b id="17" c="17 18" t="ar"/>
		<b id="18" c="9 18" t="ar"/>
		<b id="19" c="14 18" t="ar"/>
		<b id="20" c="6 19" t="ar"/>
		<b id="21" c="2 19" t="ar"/>
		<b id="22" c="3 20" t="1"/>
		<b id="23" c="4 21" t="1"/>
		<b id="24" c="5 22" t="1"/>
		<b id="25" c="7 23" t="1"/>
		<b id="26" c="7 24" t="1"/>
		<b id="27" c="8 25" t="1"/>
		<b id="28" c="15 26" t="1"/>
		<b id="29" c="16 27" t="1"/>
		<b id="30" c="17 28" t="1"/>
		<b id="31" c="19 29" t="1"/>
	</bonds>
	<geometry>
		<g u="A" t="cart/3d">#29,3:-1.7821,0.2024,2.9492;-1.3212,-0.0284,1.7020;-0.2551,0.7170,1.2310;0.2012,0.4705,-0.0518;-0.4073,-0.4911,-0.8403;-1.4759,-1.2344,-0.3549;-2.1414,-2.2846,-1.2072;-3.5838,-2.2336,-1.1279;-4.2861,-3.0986,-0.3537;-3.6473,-4.1468,0.1590;-4.3361,-5.0236,0.8780;-3.4074,-6.3281,1.4810;-5.6023,-5.0205,1.1866;-6.2828,-3.9742,0.6877;-7.6482,-3.6198,0.8021;-7.8089,-2.4597,0.1008;-6.6230,-2.0640,-0.4435;-5.6624,-2.9767,-0.1028;-1.9351,-0.9995,0.9354;0.1991,1.4641,1.8617;1.0340,1.0368,-0.4404;-0.0446,-0.6716,-1.8414;-1.8578,-3.2822,-0.8593;-1.8377,-2.1688,-2.2521;-4.0152,-1.3515,-1.3552;-8.3989,-4.1631,1.3361;-8.6970,-1.8767,-0.0502;-6.4969,-1.2475,-1.0171;-2.7523,-1.5703,1.3489;</g>
	</geometry>
	<conformers/>
	<properties/>
</molecule>
