<?xml version="1.0" ?>
<!--MOLLI PACKAGE EXPERIMENTAL XML FORMAT-->
<molecule name="el3444">
	<atoms>
		<a id="1" s="N" t="N.1" l="N"/>
		<a id="2" s="C" t="C.1" l="C"/>
		<a id="3" s="C" t="C.ar" l="C"/>
		<a id="4" s="N" t="N.ar" l="N"/>
		<a id="5" s="C" t="C.ar" l="C"/>
		<a id="6" s="C" t="C.ar" l="C"/>
		<a id="7" s="N" t="N.pl3" l="N"/>
		<a id="8" s="C" t="C.3" l="C"/>
		<a id="9" s="C" t="C.3" l="C"/>
		<a id="10" s="C" t="C.3" l="C"/>
		<a id="11" s="C" t="C.3" l="C"/>
		<a id="12" s="C" t="C.3" l="C"/>
		<a id="13" s="N" t="N.ar" l="N"/>
		<a id="14" s="C" t="C.ar" l="C"/>
		<a id="15" s="Cl" t="Cl" l="CL"/>
		<a id="16" s="H" t="H" l="H"/>
		<a id="17" s="H" t="H" l="H"/>
		<a id="18" s="H" t="H" l="H"/>
		<a id="19" s="H" t="H" l="H"/>
		<a id="20" s="H" t="H" l="H"/>
		<a id="21" s="H" t="H" l="H"/>
		<a id="22" s="H" t="H" l="H"/>
		<a id="23" s="H" t="H" l="H"/>
		<a id="24" s="H" t="H" l="H"/>
		<a id="25" s="H" t="H" l="H"/>
		<a id="26" s="H" t="H" l="H"/>
	</atoms>
	<bonds>
		<b id="1" c="1 2" t="3"/>
		<b id="2" c="2 3" t="1"/>
		<b id="3" c="3 4" t="ar"/>
		<b id="4" c="4 5" t="ar"/>
		<b id="5" c="5 6" t="ar"/>
		<b id="6" c="6 7" t="1"/>
		<b id="7" c="7 8" t="1"/>
		<b id="8" c="8 9" t="1"/>
		<b id="9" c="9 10" t="1"/>
		<b id="10" c="10 11" t="1"/>
		<b id="11" c="11 12" t="1"/>
		<b id="12" c="7 12" t="1"/>
		<b id="13" c="6 13" t="ar"/>
		<b id="14" c="13 14" t="ar"/>
		<b id="15" c="3 14" t="ar"/>
		<b id="16" c="14 15" t="1"/>
		<b id="17" c="5 16" t="1"/>
		<b id="18" c="8 17" t="1"/>
		<b id="19" c="8 18" t="1"/>
		<b id="20" c="9 19" t="1"/>
		<b id="21" c="9 20" t="1"/>
		<b id="22" c="10 21" t="1"/>
		<b id="23" c="10 22" t="1"/>
		<b id="24" c="11 23" t="1"/>
		<b id="25" c="11 24" t="1"/>
		<b id="26" c="12 25" t="1"/>
		<b id="27" c="12 26" t="1"/>
	</bonds>
	<geometry>
		<g u="A" t="cart/3d">#26,3:1.4552,0.1403,-0.2132;2.6008,0.1059,-0.1827;4.0104,0.0863,-0.1149;4.6940,-0.6909,-0.9665;5.9955,-0.7193,-0.9042;6.7231,0.0482,0.0458;8.0556,0.0191,0.2010;8.7136,0.9460,1.0998;9.4063,2.0462,0.2944;10.3887,1.4295,-0.6988;9.6702,0.4108,-1.5808;8.9753,-0.6325,-0.7014;6.0306,0.8404,0.8850;4.7228,0.8590,0.8122;3.9074,1.8952,1.9149;6.4724,-1.3628,-1.6275;9.4530,0.3887,1.6842;7.9636,1.3652,1.7686;9.9261,2.7217,0.9742;8.6496,2.6204,-0.2435;11.1932,0.9312,-0.1527;10.8364,2.2089,-1.3170;10.3776,-0.0854,-2.2461;8.9213,0.9167,-2.1939;9.7253,-1.1534,-0.0949;8.4614,-1.3726,-1.3115;</g>
	</geometry>
	<conformers/>
	<properties/>
</molecule>
