<?xml version="1.0" ?>
<!--MOLLI PACKAGE EXPERIMENTAL XML FORMAT-->
<molecule name="el3446">
	<atoms>
		<a id="1" s="C" t="C.3" l="C"/>
		<a id="2" s="C" t="C.ar" l="C"/>
		<a id="3" s="C" t="C.ar" l="C"/>
		<a id="4" s="C" t="C.ar" l="C"/>
		<a id="5" s="C" t="C.ar" l="C"/>
		<a id="6" s="N" t="N.ar" l="N"/>
		<a id="7" s="C" t="C.ar" l="C"/>
		<a id="8" s="Cl" t="Cl" l="CL"/>
		<a id="9" s="N" t="N.ar" l="N"/>
		<a id="10" s="C" t="C.ar" l="C"/>
		<a id="11" s="N" t="N.ar" l="N"/>
		<a id="12" s="C" t="C.ar" l="C"/>
		<a id="13" s="C" t="C.ar" l="C"/>
		<a id="14" s="C" t="C.ar" l="C"/>
		<a id="15" s="C" t="C.ar" l="C"/>
		<a id="16" s="C" t="C.ar" l="C"/>
		<a id="17" s="C" t="C.3" l="C"/>
		<a id="18" s="C" t="C.3" l="C"/>
		<a id="19" s="C" t="C.3" l="C"/>
		<a id="20" s="O" t="O.3" l="O"/>
		<a id="21" s="N" t="N.ar" l="N"/>
		<a id="22" s="H" t="H" l="H"/>
		<a id="23" s="H" t="H" l="H"/>
		<a id="24" s="H" t="H" l="H"/>
		<a id="25" s="H" t="H" l="H"/>
		<a id="26" s="H" t="H" l="H"/>
		<a id="27" s="H" t="H" l="H"/>
		<a id="28" s="H" t="H" l="H"/>
		<a id="29" s="H" t="H" l="H"/>
		<a id="30" s="H" t="H" l="H"/>
		<a id="31" s="H" t="H" l="H"/>
		<a id="32" s="H" t="H" l="H"/>
		<a id="33" s="H" t="H" l="H"/>
		<a id="34" s="H" t="H" l="H"/>
		<a id="35" s="H" t="H" l="H"/>
		<a id="36" s="H" t="H" l="H"/>
	</atoms>
	<bonds>
		<b id="1" c="1 2" t="1"/>
		<b id="2" c="2 3" t="ar"/>
		<b id="3" c="3 4" t="ar"/>
		<b id="4" c="4 5" t="ar"/>
		<b id="5" c="5 6" t="ar"/>
		<b id="6" c="6 7" t="ar"/>
		<b id="7" c="7 8" t="1"/>
		<b id="8" c="7 9" t="ar"/>
		<b id="9" c="9 10" t="ar"/>
		<b id="10" c="4 10" t="ar"/>
		<b id="11" c="10 11" t="ar"/>
		<b id="12" c="2 11" t="ar"/>
		<b id="13" c="11 12" t="1"/>
		<b id="14" c="12 13" t="ar"/>
		<b id="15" c="13 14" t="ar"/>
		<b id="16" c="14 15" t="ar"/>
		<b id="17" c="15 16" t="ar"/>
		<b id="18" c="16 17" t="1"/>
		<b id="19" c="17 18" t="1"/>
		<b id="20" c="17 19" t="1"/>
		<b id="21" c="17 20" t="1"/>
		<b id="22" c="16 21" t="ar"/>
		<b id="23" c="12 21" t="ar"/>
		<b id="24" c="1 22" t="1"/>
		<b id="25" c="1 23" t="1"/>
		<b id="26" c="1 24" t="1"/>
		<b id="27" c="3 25" t="1"/>
		<b id="28" c="5 26" t="1"/>
		<b id="29" c="13 27" t="1"/>
		<b id="30" c="14 28" t="1"/>
		<b id="31" c="15 29" t="1"/>
		<b id="32" c="18 30" t="1"/>
		<b id="33" c="18 31" t="1"/>
		<b id="34" c="18 32" t="1"/>
		<b id="35" c="19 33" t="1"/>
		<b id="36" c="19 34" t="1"/>
		<b id="37" c="19 35" t="1"/>
		<b id="38" c="20 36" t="1"/>
	</bonds>
	<geometry>
		<g u="A" t="cart/3d">#36,3:1.1840,-0.0426,-1.0131;2.5601,0.0808,-0.4779;3.3056,1.2146,-0.3565;4.5462,0.8510,0.2312;5.7327,1.4621,0.6129;6.7142,0.7550,1.1473;6.5278,-0.5440,1.3023;7.8248,-1.4081,1.9985;5.4635,-1.2587,0.9946;4.4770,-0.5528,0.4600;3.2680,-1.0082,0.0225;2.8609,-2.3501,0.0431;3.3454,-3.2110,1.0264;2.9254,-4.5280,0.9898;2.0541,-4.9352,-0.0066;1.6273,-3.9981,-0.9403;0.7148,-4.4234,-2.0818;-0.1383,-3.2544,-2.5771;1.5999,-4.9572,-3.2140;-0.1107,-5.5038,-1.6771;2.0223,-2.7331,-0.9084;0.7580,0.9484,-1.1452;0.5577,-0.6198,-0.3360;1.1948,-0.5589,-1.9701;3.0088,2.2021,-0.6476;5.9183,2.5210,0.4954;4.0322,-2.8572,1.7750;3.2754,-5.2295,1.7323;1.7050,-5.9532,-0.0742;0.4979,-2.4892,-3.0072;-0.7036,-2.8185,-1.7554;-0.8320,-3.6112,-3.3349;2.3016,-4.1919,-3.5317;0.9753,-5.2524,-4.0525;2.1493,-5.8278,-2.8666;-0.7628,-5.1773,-1.0475;</g>
	</geometry>
	<conformers/>
	<properties/>
</molecule>
