<?xml version="1.0" ?>
<!--MOLLI PACKAGE EXPERIMENTAL XML FORMAT-->
<molecule name="el3448">
	<atoms>
		<a id="1" s="C" t="C.3" l="C"/>
		<a id="2" s="C" t="C.3" l="C"/>
		<a id="3" s="C" t="C.3" l="C"/>
		<a id="4" s="O" t="O.3" l="O"/>
		<a id="5" s="C" t="C.ar" l="C"/>
		<a id="6" s="C" t="C.ar" l="C"/>
		<a id="7" s="C" t="C.ar" l="C"/>
		<a id="8" s="C" t="C.ar" l="C"/>
		<a id="9" s="C" t="C.ar" l="C"/>
		<a id="10" s="N" t="N.ar" l="N"/>
		<a id="11" s="C" t="C.ar" l="C"/>
		<a id="12" s="C" t="C.3" l="C"/>
		<a id="13" s="C" t="C.3" l="C"/>
		<a id="14" s="C" t="C.3" l="C"/>
		<a id="15" s="C" t="C.ar" l="C"/>
		<a id="16" s="C" t="C.ar" l="C"/>
		<a id="17" s="C" t="C.ar" l="C"/>
		<a id="18" s="N" t="N.ar" l="N"/>
		<a id="19" s="C" t="C.ar" l="C"/>
		<a id="20" s="Cl" t="Cl" l="CL"/>
		<a id="21" s="N" t="N.ar" l="N"/>
		<a id="22" s="C" t="C.ar" l="C"/>
		<a id="23" s="N" t="N.ar" l="N"/>
		<a id="24" s="H" t="H" l="H"/>
		<a id="25" s="H" t="H" l="H"/>
		<a id="26" s="H" t="H" l="H"/>
		<a id="27" s="H" t="H" l="H"/>
		<a id="28" s="H" t="H" l="H"/>
		<a id="29" s="H" t="H" l="H"/>
		<a id="30" s="H" t="H" l="H"/>
		<a id="31" s="H" t="H" l="H"/>
		<a id="32" s="H" t="H" l="H"/>
		<a id="33" s="H" t="H" l="H"/>
		<a id="34" s="H" t="H" l="H"/>
		<a id="35" s="H" t="H" l="H"/>
		<a id="36" s="H" t="H" l="H"/>
		<a id="37" s="H" t="H" l="H"/>
		<a id="38" s="H" t="H" l="H"/>
		<a id="39" s="H" t="H" l="H"/>
		<a id="40" s="H" t="H" l="H"/>
	</atoms>
	<bonds>
		<b id="1" c="1 2" t="1"/>
		<b id="2" c="2 3" t="1"/>
		<b id="3" c="2 4" t="1"/>
		<b id="4" c="2 5" t="1"/>
		<b id="5" c="5 6" t="ar"/>
		<b id="6" c="6 7" t="ar"/>
		<b id="7" c="7 8" t="ar"/>
		<b id="8" c="8 9" t="ar"/>
		<b id="9" c="9 10" t="1"/>
		<b id="10" c="10 11" t="ar"/>
		<b id="11" c="11 12" t="1"/>
		<b id="12" c="12 13" t="1"/>
		<b id="13" c="13 14" t="1"/>
		<b id="14" c="12 14" t="1"/>
		<b id="15" c="11 15" t="ar"/>
		<b id="16" c="15 16" t="ar"/>
		<b id="17" c="16 17" t="ar"/>
		<b id="18" c="17 18" t="ar"/>
		<b id="19" c="18 19" t="ar"/>
		<b id="20" c="19 20" t="1"/>
		<b id="21" c="19 21" t="ar"/>
		<b id="22" c="21 22" t="ar"/>
		<b id="23" c="16 22" t="ar"/>
		<b id="24" c="10 22" t="ar"/>
		<b id="25" c="9 23" t="ar"/>
		<b id="26" c="5 23" t="ar"/>
		<b id="27" c="1 24" t="1"/>
		<b id="28" c="1 25" t="1"/>
		<b id="29" c="1 26" t="1"/>
		<b id="30" c="3 27" t="1"/>
		<b id="31" c="3 28" t="1"/>
		<b id="32" c="3 29" t="1"/>
		<b id="33" c="4 30" t="1"/>
		<b id="34" c="6 31" t="1"/>
		<b id="35" c="7 32" t="1"/>
		<b id="36" c="8 33" t="1"/>
		<b id="37" c="12 34" t="1"/>
		<b id="38" c="13 35" t="1"/>
		<b id="39" c="13 36" t="1"/>
		<b id="40" c="14 37" t="1"/>
		<b id="41" c="14 38" t="1"/>
		<b id="42" c="15 39" t="1"/>
		<b id="43" c="17 40" t="1"/>
	</bonds>
	<geometry>
		<g u="A" t="cart/3d">#40,3:3.9630,-0.5529,0.3944;2.6213,0.0771,-0.0055;1.8443,-0.8804,-0.9199;1.8545,0.3874,1.1440;2.8965,1.3740,-0.7416;2.4473,2.5979,-0.2670;2.7614,3.7402,-0.9861;3.5068,3.6328,-2.1456;3.9117,2.3581,-2.5351;4.7026,2.1910,-3.6833;4.7464,1.0956,-4.5426;3.8086,-0.0233,-4.4290;4.2998,-1.4289,-4.6742;3.3980,-0.7795,-5.6672;5.7212,1.2855,-5.4825;6.3297,2.5387,-5.2208;7.3451,3.3292,-5.7433;7.6376,4.4986,-5.1995;6.9375,4.8843,-4.1475;7.3532,6.4027,-3.4869;5.9528,4.2487,-3.5438;5.6549,3.0783,-4.0893;3.6121,1.2632,-1.8544;3.8017,-1.5234,0.8610;4.4765,0.0967,1.1000;4.5838,-0.6766,-0.4875;1.6298,-1.8086,-0.3926;2.4347,-1.1041,-1.8020;0.9040,-0.4242,-1.2210;1.7134,-0.4286,1.6368;1.8729,2.6371,0.6426;2.4271,4.7088,-0.6455;3.7825,4.4962,-2.7253;3.0637,0.1091,-3.6589;3.9058,-2.2177,-4.0521;5.3396,-1.5535,-4.9328;2.3736,-1.1131,-5.7302;3.8127,-0.4655,-6.6117;5.9814,0.6182,-6.2792;7.9388,3.0418,-6.6003;</g>
	</geometry>
	<conformers/>
	<properties/>
</molecule>
