<?xml version="1.0" ?>
<!--MOLLI PACKAGE EXPERIMENTAL XML FORMAT-->
<molecule name="el3045">
	<atoms>
		<a id="1" s="C" t="C.3" l="C"/>
		<a id="2" s="C" t="C.3" l="C"/>
		<a id="3" s="N" t="N.ar" l="N"/>
		<a id="4" s="C" t="C.ar" l="C"/>
		<a id="5" s="N" t="N.ar" l="N"/>
		<a id="6" s="C" t="C.ar" l="C"/>
		<a id="7" s="N" t="N.ar" l="N"/>
		<a id="8" s="C" t="C.ar" l="C"/>
		<a id="9" s="Cl" t="Cl" l="CL"/>
		<a id="10" s="N" t="N.ar" l="N"/>
		<a id="11" s="C" t="C.ar" l="C"/>
		<a id="12" s="N" t="N.pl3" l="N"/>
		<a id="13" s="C" t="C.3" l="C"/>
		<a id="14" s="C" t="C.3" l="C"/>
		<a id="15" s="C" t="C.ar" l="C"/>
		<a id="16" s="C" t="C.ar" l="C"/>
		<a id="17" s="C" t="C.ar" l="C"/>
		<a id="18" s="O" t="O.3" l="O"/>
		<a id="19" s="C" t="C.3" l="C"/>
		<a id="20" s="C" t="C.ar" l="C"/>
		<a id="21" s="O" t="O.3" l="O"/>
		<a id="22" s="C" t="C.3" l="C"/>
		<a id="23" s="C" t="C.ar" l="C"/>
		<a id="24" s="C" t="C.ar" l="C"/>
		<a id="25" s="C" t="C.3" l="C"/>
		<a id="26" s="C" t="C.ar" l="C"/>
		<a id="27" s="H" t="H" l="H"/>
		<a id="28" s="H" t="H" l="H"/>
		<a id="29" s="H" t="H" l="H"/>
		<a id="30" s="H" t="H" l="H"/>
		<a id="31" s="H" t="H" l="H"/>
		<a id="32" s="H" t="H" l="H"/>
		<a id="33" s="H" t="H" l="H"/>
		<a id="34" s="H" t="H" l="H"/>
		<a id="35" s="H" t="H" l="H"/>
		<a id="36" s="H" t="H" l="H"/>
		<a id="37" s="H" t="H" l="H"/>
		<a id="38" s="H" t="H" l="H"/>
		<a id="39" s="H" t="H" l="H"/>
		<a id="40" s="H" t="H" l="H"/>
		<a id="41" s="H" t="H" l="H"/>
		<a id="42" s="H" t="H" l="H"/>
		<a id="43" s="H" t="H" l="H"/>
		<a id="44" s="H" t="H" l="H"/>
		<a id="45" s="H" t="H" l="H"/>
		<a id="46" s="H" t="H" l="H"/>
	</atoms>
	<bonds>
		<b id="1" c="1 2" t="1"/>
		<b id="2" c="2 3" t="1"/>
		<b id="3" c="3 4" t="ar"/>
		<b id="4" c="4 5" t="ar"/>
		<b id="5" c="5 6" t="ar"/>
		<b id="6" c="6 7" t="ar"/>
		<b id="7" c="7 8" t="ar"/>
		<b id="8" c="8 9" t="1"/>
		<b id="9" c="8 10" t="ar"/>
		<b id="10" c="10 11" t="ar"/>
		<b id="11" c="11 12" t="1"/>
		<b id="12" c="12 13" t="1"/>
		<b id="13" c="13 14" t="1"/>
		<b id="14" c="14 15" t="1"/>
		<b id="15" c="15 16" t="ar"/>
		<b id="16" c="16 17" t="ar"/>
		<b id="17" c="17 18" t="1"/>
		<b id="18" c="18 19" t="1"/>
		<b id="19" c="17 20" t="ar"/>
		<b id="20" c="20 21" t="1"/>
		<b id="21" c="21 22" t="1"/>
		<b id="22" c="20 23" t="ar"/>
		<b id="23" c="23 24" t="ar"/>
		<b id="24" c="15 24" t="ar"/>
		<b id="25" c="24 25" t="1"/>
		<b id="26" c="12 25" t="1"/>
		<b id="27" c="11 26" t="ar"/>
		<b id="28" c="6 26" t="ar"/>
		<b id="29" c="3 26" t="ar"/>
		<b id="30" c="1 27" t="1"/>
		<b id="31" c="1 28" t="1"/>
		<b id="32" c="1 29" t="1"/>
		<b id="33" c="2 30" t="1"/>
		<b id="34" c="2 31" t="1"/>
		<b id="35" c="4 32" t="1"/>
		<b id="36" c="13 33" t="1"/>
		<b id="37" c="13 34" t="1"/>
		<b id="38" c="14 35" t="1"/>
		<b id="39" c="14 36" t="1"/>
		<b id="40" c="16 37" t="1"/>
		<b id="41" c="19 38" t="1"/>
		<b id="42" c="19 39" t="1"/>
		<b id="43" c="19 40" t="1"/>
		<b id="44" c="22 41" t="1"/>
		<b id="45" c="22 42" t="1"/>
		<b id="46" c="22 43" t="1"/>
		<b id="47" c="23 44" t="1"/>
		<b id="48" c="25 45" t="1"/>
		<b id="49" c="25 46" t="1"/>
	</bonds>
	<geometry>
		<g u="A" t="cart/3d">#46,3:0.8418,-0.1069,-0.2448;2.0570,0.6526,0.2830;2.4030,1.7680,-0.5705;2.9550,1.6028,-1.8017;3.4027,2.6919,-2.3487;3.1772,3.6637,-1.4280;3.5780,4.9329,-1.5150;3.3454,5.6189,-0.4282;3.9257,7.2253,-0.4032;2.6907,5.2490,0.6551;2.1861,4.0139,0.7421;1.4554,3.7529,1.8601;1.5288,4.7492,2.9200;0.6051,4.4142,4.0989;0.4177,2.9373,4.2655;0.4476,2.2937,5.4903;0.2158,0.9269,5.6028;0.2498,0.2642,6.8039;0.5153,0.9948,7.9751;-0.0674,0.1885,4.4378;-0.3238,-1.1468,4.3382;-0.4125,-1.9719,5.4785;-0.0856,0.8490,3.2113;0.1569,2.2045,3.1144;0.2251,2.9804,1.8310;2.5116,3.1157,-0.2928;0.6213,-0.9440,0.4121;1.0385,-0.4940,-1.2416;-0.0347,0.5354,-0.3004;2.9156,-0.0281,0.3125;1.8871,1.0166,1.2966;3.0254,0.6371,-2.2640;1.2854,5.7411,2.5225;2.5703,4.7786,3.2507;1.0065,4.8644,5.0064;-0.3792,4.8592,3.9194;0.6549,2.8780,6.3723;0.4851,0.2648,8.7829;-0.2447,1.7620,8.1546;1.5060,1.4595,7.9468;-0.6628,-2.9599,5.0918;-1.1983,-1.6386,6.1590;0.5355,-2.0217,6.0175;-0.3136,0.2564,2.3404;-0.6305,3.6728,1.7692;0.1952,2.3451,0.9501;</g>
	</geometry>
	<conformers/>
	<properties/>
</molecule>
