<?xml version="1.0" ?>
<!--MOLLI PACKAGE EXPERIMENTAL XML FORMAT-->
<molecule name="el3450">
	<atoms>
		<a id="1" s="C" t="C.3" l="C"/>
		<a id="2" s="C" t="C.3" l="C"/>
		<a id="3" s="C" t="C.3" l="C"/>
		<a id="4" s="O" t="O.3" l="O"/>
		<a id="5" s="C" t="C.ar" l="C"/>
		<a id="6" s="C" t="C.ar" l="C"/>
		<a id="7" s="C" t="C.ar" l="C"/>
		<a id="8" s="C" t="C.ar" l="C"/>
		<a id="9" s="C" t="C.ar" l="C"/>
		<a id="10" s="N" t="N.ar" l="N"/>
		<a id="11" s="C" t="C.ar" l="C"/>
		<a id="12" s="C" t="C.3" l="C"/>
		<a id="13" s="C" t="C.3" l="C"/>
		<a id="14" s="C" t="C.3" l="C"/>
		<a id="15" s="C" t="C.ar" l="C"/>
		<a id="16" s="F" t="F" l="F"/>
		<a id="17" s="C" t="C.ar" l="C"/>
		<a id="18" s="C" t="C.ar" l="C"/>
		<a id="19" s="N" t="N.ar" l="N"/>
		<a id="20" s="C" t="C.ar" l="C"/>
		<a id="21" s="Cl" t="Cl" l="CL"/>
		<a id="22" s="N" t="N.ar" l="N"/>
		<a id="23" s="C" t="C.ar" l="C"/>
		<a id="24" s="N" t="N.ar" l="N"/>
		<a id="25" s="H" t="H" l="H"/>
		<a id="26" s="H" t="H" l="H"/>
		<a id="27" s="H" t="H" l="H"/>
		<a id="28" s="H" t="H" l="H"/>
		<a id="29" s="H" t="H" l="H"/>
		<a id="30" s="H" t="H" l="H"/>
		<a id="31" s="H" t="H" l="H"/>
		<a id="32" s="H" t="H" l="H"/>
		<a id="33" s="H" t="H" l="H"/>
		<a id="34" s="H" t="H" l="H"/>
		<a id="35" s="H" t="H" l="H"/>
		<a id="36" s="H" t="H" l="H"/>
		<a id="37" s="H" t="H" l="H"/>
		<a id="38" s="H" t="H" l="H"/>
		<a id="39" s="H" t="H" l="H"/>
		<a id="40" s="H" t="H" l="H"/>
	</atoms>
	<bonds>
		<b id="1" c="1 2" t="1"/>
		<b id="2" c="2 3" t="1"/>
		<b id="3" c="2 4" t="1"/>
		<b id="4" c="2 5" t="1"/>
		<b id="5" c="5 6" t="ar"/>
		<b id="6" c="6 7" t="ar"/>
		<b id="7" c="7 8" t="ar"/>
		<b id="8" c="8 9" t="ar"/>
		<b id="9" c="9 10" t="1"/>
		<b id="10" c="10 11" t="ar"/>
		<b id="11" c="11 12" t="1"/>
		<b id="12" c="12 13" t="1"/>
		<b id="13" c="13 14" t="1"/>
		<b id="14" c="12 14" t="1"/>
		<b id="15" c="11 15" t="ar"/>
		<b id="16" c="15 16" t="1"/>
		<b id="17" c="15 17" t="ar"/>
		<b id="18" c="17 18" t="ar"/>
		<b id="19" c="18 19" t="ar"/>
		<b id="20" c="19 20" t="ar"/>
		<b id="21" c="20 21" t="1"/>
		<b id="22" c="20 22" t="ar"/>
		<b id="23" c="22 23" t="ar"/>
		<b id="24" c="17 23" t="ar"/>
		<b id="25" c="10 23" t="ar"/>
		<b id="26" c="9 24" t="ar"/>
		<b id="27" c="5 24" t="ar"/>
		<b id="28" c="1 25" t="1"/>
		<b id="29" c="1 26" t="1"/>
		<b id="30" c="1 27" t="1"/>
		<b id="31" c="3 28" t="1"/>
		<b id="32" c="3 29" t="1"/>
		<b id="33" c="3 30" t="1"/>
		<b id="34" c="4 31" t="1"/>
		<b id="35" c="6 32" t="1"/>
		<b id="36" c="7 33" t="1"/>
		<b id="37" c="8 34" t="1"/>
		<b id="38" c="12 35" t="1"/>
		<b id="39" c="13 36" t="1"/>
		<b id="40" c="13 37" t="1"/>
		<b id="41" c="14 38" t="1"/>
		<b id="42" c="14 39" t="1"/>
		<b id="43" c="18 40" t="1"/>
	</bonds>
	<geometry>
		<g u="A" t="cart/3d">#40,3:1.5018,0.0838,0.9477;2.4927,-0.1047,-0.2091;1.7652,0.0432,-1.5534;3.5503,0.8324,-0.1181;3.0965,-1.4921,-0.1118;4.4636,-1.6936,0.0190;4.9332,-2.9934,0.1198;4.0378,-4.0475,0.0872;2.6874,-3.7372,-0.0462;1.7237,-4.7629,-0.0504;0.4965,-4.7678,-0.7116;0.1088,-3.7299,-1.6684;-1.3278,-3.2733,-1.7475;-0.7507,-4.0823,-2.8581;-0.1757,-5.9073,-0.3533;-1.3920,-6.2793,-0.7891;0.6167,-6.6539,0.5512;0.5546,-7.8397,1.2750;1.5611,-8.2030,2.0475;2.6165,-7.4075,2.1119;3.8857,-7.9290,3.1223;2.8140,-6.2627,1.4877;1.8113,-5.8926,0.7057;2.2323,-2.4992,-0.1448;0.9919,1.0415,0.8567;2.0356,0.0571,1.8951;0.7684,-0.7164,0.9327;1.3392,1.0416,-1.6392;0.9662,-0.6875,-1.6203;2.4643,-0.1099,-2.3726;3.1672,1.7163,-0.1340;5.1254,-0.8450,0.0436;5.9907,-3.1853,0.2221;4.3602,-5.0701,0.1743;0.8718,-2.9796,-1.8129;-1.5105,-2.2218,-1.9068;-2.0414,-3.7487,-1.0933;-0.5232,-3.5942,-3.7933;-1.0759,-5.1045,-2.9658;-0.2949,-8.5075,1.2445;</g>
	</geometry>
	<conformers/>
	<properties/>
</molecule>
