<?xml version="1.0" ?>
<!--MOLLI PACKAGE EXPERIMENTAL XML FORMAT-->
<molecule name="el3451">
	<atoms>
		<a id="1" s="C" t="C.3" l="C"/>
		<a id="2" s="C" t="C.3" l="C"/>
		<a id="3" s="O" t="O.3" l="O"/>
		<a id="4" s="C" t="C.2" l="C"/>
		<a id="5" s="O" t="O.2" l="O"/>
		<a id="6" s="C" t="C.ar" l="C"/>
		<a id="7" s="C" t="C.ar" l="C"/>
		<a id="8" s="N" t="N.ar" l="N"/>
		<a id="9" s="C" t="C.ar" l="C"/>
		<a id="10" s="Cl" t="Cl" l="CL"/>
		<a id="11" s="N" t="N.ar" l="N"/>
		<a id="12" s="C" t="C.ar" l="C"/>
		<a id="13" s="N" t="N.pl3" l="N"/>
		<a id="14" s="C" t="C.3" l="CA"/>
		<a id="15" s="C" t="C.3" l="C"/>
		<a id="16" s="O" t="O.3" l="O"/>
		<a id="17" s="C" t="C.ar" l="C"/>
		<a id="18" s="C" t="C.ar" l="C"/>
		<a id="19" s="C" t="C.ar" l="C"/>
		<a id="20" s="C" t="C.ar" l="C"/>
		<a id="21" s="C" t="C.ar" l="C"/>
		<a id="22" s="C" t="C.ar" l="C"/>
		<a id="23" s="H" t="H" l="H"/>
		<a id="24" s="H" t="H" l="H"/>
		<a id="25" s="H" t="H" l="H"/>
		<a id="26" s="H" t="H" l="H"/>
		<a id="27" s="H" t="H" l="H"/>
		<a id="28" s="H" t="H" l="H"/>
		<a id="29" s="H" t="H" l="H"/>
		<a id="30" s="H" t="H" l="HA"/>
		<a id="31" s="H" t="H" l="H1"/>
		<a id="32" s="H" t="H" l="H2"/>
		<a id="33" s="H" t="H" l="H"/>
		<a id="34" s="H" t="H" l="H"/>
		<a id="35" s="H" t="H" l="H"/>
		<a id="36" s="H" t="H" l="H"/>
		<a id="37" s="H" t="H" l="H"/>
		<a id="38" s="H" t="H" l="H"/>
	</atoms>
	<bonds>
		<b id="1" c="1 2" t="1"/>
		<b id="2" c="2 3" t="1"/>
		<b id="3" c="3 4" t="1"/>
		<b id="4" c="4 5" t="2"/>
		<b id="5" c="4 6" t="1"/>
		<b id="6" c="6 7" t="ar"/>
		<b id="7" c="7 8" t="ar"/>
		<b id="8" c="8 9" t="ar"/>
		<b id="9" c="9 10" t="1"/>
		<b id="10" c="9 11" t="ar"/>
		<b id="11" c="11 12" t="ar"/>
		<b id="12" c="6 12" t="ar"/>
		<b id="13" c="12 13" t="1"/>
		<b id="14" c="15 16" t="1"/>
		<b id="15" c="14 17" t="1"/>
		<b id="16" c="17 18" t="ar"/>
		<b id="17" c="18 19" t="ar"/>
		<b id="18" c="19 20" t="ar"/>
		<b id="19" c="20 21" t="ar"/>
		<b id="20" c="21 22" t="ar"/>
		<b id="21" c="17 22" t="ar"/>
		<b id="22" c="14 15" t="1"/>
		<b id="23" c="14 13" t="1"/>
		<b id="24" c="1 23" t="1"/>
		<b id="25" c="1 24" t="1"/>
		<b id="26" c="1 25" t="1"/>
		<b id="27" c="2 26" t="1"/>
		<b id="28" c="2 27" t="1"/>
		<b id="29" c="7 28" t="1"/>
		<b id="30" c="13 29" t="1"/>
		<b id="31" c="14 30" t="1"/>
		<b id="32" c="15 31" t="1"/>
		<b id="33" c="15 32" t="1"/>
		<b id="34" c="16 33" t="1"/>
		<b id="35" c="18 34" t="1"/>
		<b id="36" c="19 35" t="1"/>
		<b id="37" c="20 36" t="1"/>
		<b id="38" c="21 37" t="1"/>
		<b id="39" c="22 38" t="1"/>
	</bonds>
	<geometry>
		<g u="A" t="cart/3d">#38,3:2.1283,6.8377,2.8192;1.3728,5.7169,2.1197;1.6374,4.4489,2.7238;2.7482,3.8161,2.3512;3.5256,4.2588,1.5230;2.9304,2.5350,3.0411;2.0787,2.0984,4.0459;2.2423,0.9534,4.6890;3.2887,0.2345,4.3203;3.5133,-1.2369,5.1477;4.1771,0.5163,3.4015;4.0236,1.6674,2.7257;4.9005,1.9679,1.7763;6.0399,1.1504,1.4262;7.3139,1.7187,2.1039;7.6172,3.0276,1.7082;6.2289,1.0701,-0.0684;6.5841,-0.1447,-0.6414;6.8113,-0.2426,-2.0022;6.6849,0.8758,-2.8083;6.3343,2.0897,-2.2445;6.1098,2.1895,-0.8822;1.8445,7.7918,2.3846;3.1996,6.7002,2.6963;1.8913,6.8456,3.8802;1.6530,5.6717,1.0624;0.2936,5.8504,2.2149;1.2307,2.6948,4.3516;4.7366,2.8391,1.2780;5.8620,0.1543,1.8417;7.1821,1.6566,3.1933;8.1734,1.1105,1.8153;6.8893,3.6078,1.9608;6.6833,-1.0195,-0.0150;7.0866,-1.1935,-2.4337;6.8611,0.8015,-3.8711;6.2378,2.9670,-2.8667;5.8506,3.1511,-0.4656;</g>
	</geometry>
	<conformers/>
	<properties/>
</molecule>
