<?xml version="1.0" ?>
<!--MOLLI PACKAGE EXPERIMENTAL XML FORMAT-->
<molecule name="el3453">
	<atoms>
		<a id="1" s="C" t="C.3" l="C"/>
		<a id="2" s="N" t="N.3" l="N"/>
		<a id="3" s="C" t="C.3" l="C"/>
		<a id="4" s="C" t="C.3" l="C"/>
		<a id="5" s="C" t="C.3" l="C"/>
		<a id="6" s="N" t="N.pl3" l="N"/>
		<a id="7" s="C" t="C.ar" l="C"/>
		<a id="8" s="C" t="C.ar" l="C"/>
		<a id="9" s="C" t="C.ar" l="C"/>
		<a id="10" s="C" t="C.ar" l="C"/>
		<a id="11" s="C" t="C.ar" l="C"/>
		<a id="12" s="Cl" t="Cl" l="CL"/>
		<a id="13" s="N" t="N.ar" l="N"/>
		<a id="14" s="C" t="C.ar" l="C"/>
		<a id="15" s="N" t="N.ar" l="N"/>
		<a id="16" s="C" t="C.ar" l="C"/>
		<a id="17" s="C" t="C.ar" l="C"/>
		<a id="18" s="C" t="C.3" l="C"/>
		<a id="19" s="C" t="C.3" l="C"/>
		<a id="20" s="H" t="H" l="H"/>
		<a id="21" s="H" t="H" l="H"/>
		<a id="22" s="H" t="H" l="H"/>
		<a id="23" s="H" t="H" l="H"/>
		<a id="24" s="H" t="H" l="H"/>
		<a id="25" s="H" t="H" l="H"/>
		<a id="26" s="H" t="H" l="H"/>
		<a id="27" s="H" t="H" l="H"/>
		<a id="28" s="H" t="H" l="H"/>
		<a id="29" s="H" t="H" l="H"/>
		<a id="30" s="H" t="H" l="H"/>
		<a id="31" s="H" t="H" l="H"/>
		<a id="32" s="H" t="H" l="H"/>
		<a id="33" s="H" t="H" l="H"/>
		<a id="34" s="H" t="H" l="H"/>
		<a id="35" s="H" t="H" l="H"/>
		<a id="36" s="H" t="H" l="H"/>
	</atoms>
	<bonds>
		<b id="1" c="1 2" t="1"/>
		<b id="2" c="2 3" t="1"/>
		<b id="3" c="3 4" t="1"/>
		<b id="4" c="4 5" t="1"/>
		<b id="5" c="5 6" t="1"/>
		<b id="6" c="6 7" t="1"/>
		<b id="7" c="7 8" t="ar"/>
		<b id="8" c="8 9" t="ar"/>
		<b id="9" c="9 10" t="ar"/>
		<b id="10" c="10 11" t="ar"/>
		<b id="11" c="11 12" t="1"/>
		<b id="12" c="11 13" t="ar"/>
		<b id="13" c="13 14" t="ar"/>
		<b id="14" c="14 15" t="ar"/>
		<b id="15" c="15 16" t="ar"/>
		<b id="16" c="10 16" t="ar"/>
		<b id="17" c="16 17" t="ar"/>
		<b id="18" c="7 17" t="ar"/>
		<b id="19" c="6 18" t="1"/>
		<b id="20" c="18 19" t="1"/>
		<b id="21" c="2 19" t="1"/>
		<b id="22" c="1 20" t="1"/>
		<b id="23" c="1 21" t="1"/>
		<b id="24" c="1 22" t="1"/>
		<b id="25" c="3 23" t="1"/>
		<b id="26" c="3 24" t="1"/>
		<b id="27" c="4 25" t="1"/>
		<b id="28" c="4 26" t="1"/>
		<b id="29" c="5 27" t="1"/>
		<b id="30" c="5 28" t="1"/>
		<b id="31" c="8 29" t="1"/>
		<b id="32" c="9 30" t="1"/>
		<b id="33" c="14 31" t="1"/>
		<b id="34" c="17 32" t="1"/>
		<b id="35" c="18 33" t="1"/>
		<b id="36" c="18 34" t="1"/>
		<b id="37" c="19 35" t="1"/>
		<b id="38" c="19 36" t="1"/>
	</bonds>
	<geometry>
		<g u="A" t="cart/3d">#36,3:1.0515,0.1481,0.1531;2.4874,0.0323,0.0074;3.0581,1.1717,-0.6927;4.5476,1.3335,-0.3736;5.4677,0.6091,-1.3580;5.0459,-0.7458,-1.6463;5.3157,-1.3100,-2.8566;4.6404,-2.4925,-3.2764;4.8769,-3.0658,-4.4886;5.8082,-2.5011,-5.3792;6.1438,-2.9768,-6.6565;5.3746,-4.3823,-7.2898;7.0295,-2.4075,-7.4282;7.6314,-1.3116,-6.9419;7.4236,-0.7483,-5.7924;6.5049,-1.3208,-4.9769;6.2489,-0.7545,-3.7281;4.3612,-1.4666,-0.6018;2.8441,-1.2345,-0.6003;0.8185,1.0689,0.6853;0.6854,-0.6914,0.7425;0.5209,0.1548,-0.8118;2.5309,2.0614,-0.3419;2.9107,1.1019,-1.7845;4.7119,0.9957,0.6493;4.8117,2.3915,-0.4135;6.4944,0.6187,-0.9638;5.4594,1.1668,-2.2984;3.9017,-2.9437,-2.6334;4.3467,-3.9582,-4.7872;8.3673,-0.8595,-7.5938;6.8308,0.1129,-3.4693;4.7646,-1.1564,0.3638;4.5648,-2.5338,-0.7118;2.3720,-2.0251,-0.0112;2.4684,-1.3057,-1.6377;</g>
	</geometry>
	<conformers/>
	<properties/>
</molecule>
