<?xml version="1.0" ?>
<!--MOLLI PACKAGE EXPERIMENTAL XML FORMAT-->
<molecule name="el3456">
	<atoms>
		<a id="1" s="Cl" t="Cl" l="CL"/>
		<a id="2" s="C" t="C.ar" l="C"/>
		<a id="3" s="N" t="N.ar" l="N"/>
		<a id="4" s="C" t="C.ar" l="C"/>
		<a id="5" s="C" t="C.ar" l="C"/>
		<a id="6" s="C" t="C.ar" l="C"/>
		<a id="7" s="N" t="N.ar" l="N"/>
		<a id="8" s="C" t="C.ar" l="C"/>
		<a id="9" s="C" t="C.ar" l="C"/>
		<a id="10" s="N" t="N.ar" l="N"/>
		<a id="11" s="C" t="C.ar" l="C"/>
		<a id="12" s="N" t="N.ar" l="N"/>
		<a id="13" s="H" t="H" l="H"/>
		<a id="14" s="H" t="H" l="H"/>
		<a id="15" s="H" t="H" l="H"/>
		<a id="16" s="H" t="H" l="H"/>
		<a id="17" s="H" t="H" l="H"/>
	</atoms>
	<bonds>
		<b id="1" c="1 2" t="1"/>
		<b id="2" c="2 3" t="ar"/>
		<b id="3" c="3 4" t="ar"/>
		<b id="4" c="4 5" t="ar"/>
		<b id="5" c="5 6" t="ar"/>
		<b id="6" c="6 7" t="1"/>
		<b id="7" c="7 8" t="ar"/>
		<b id="8" c="8 9" t="ar"/>
		<b id="9" c="9 10" t="ar"/>
		<b id="10" c="10 11" t="ar"/>
		<b id="11" c="7 11" t="ar"/>
		<b id="12" c="6 12" t="ar"/>
		<b id="13" c="2 12" t="ar"/>
		<b id="14" c="4 13" t="1"/>
		<b id="15" c="5 14" t="1"/>
		<b id="16" c="8 15" t="1"/>
		<b id="17" c="9 16" t="1"/>
		<b id="18" c="11 17" t="1"/>
	</bonds>
	<geometry>
		<g u="A" t="cart/3d">#17,3:-1.9219,-0.1479,-0.3897;-0.2385,-0.0630,-0.1690;0.2860,1.1396,-0.0426;1.5993,1.1856,0.1271;2.3899,0.0522,0.1735;1.7216,-1.1692,0.0302;2.3626,-2.3878,0.0556;3.6996,-2.6582,0.2633;3.8237,-4.0084,0.1945;2.6070,-4.5830,-0.0513;1.7608,-3.6111,-0.1280;0.4028,-1.2125,-0.1426;2.0202,2.1765,0.2281;3.4548,0.1162,0.3097;4.4276,-1.8959,0.4421;4.7019,-4.6117,0.3041;0.7107,-3.7007,-0.3130;</g>
	</geometry>
	<conformers/>
	<properties/>
</molecule>
