<?xml version="1.0" ?>
<!--MOLLI PACKAGE EXPERIMENTAL XML FORMAT-->
<molecule name="el3457">
	<atoms>
		<a id="1" s="C" t="C.3" l="C"/>
		<a id="2" s="C" t="C.2" l="C"/>
		<a id="3" s="O" t="O.2" l="O"/>
		<a id="4" s="O" t="O.3" l="O"/>
		<a id="5" s="C" t="C.3" l="C"/>
		<a id="6" s="C" t="C.3" l="C"/>
		<a id="7" s="O" t="O.3" l="O"/>
		<a id="8" s="C" t="C.3" l="C"/>
		<a id="9" s="N" t="N.ar" l="N"/>
		<a id="10" s="C" t="C.ar" l="C"/>
		<a id="11" s="N" t="N.ar" l="N"/>
		<a id="12" s="C" t="C.ar" l="C"/>
		<a id="13" s="C" t="C.ar" l="C"/>
		<a id="14" s="Cl" t="Cl" l="CL"/>
		<a id="15" s="N" t="N.ar" l="N"/>
		<a id="16" s="C" t="C.ar" l="C"/>
		<a id="17" s="N" t="N.ar" l="N"/>
		<a id="18" s="C" t="C.ar" l="C"/>
		<a id="19" s="C" t="C.3" l="C"/>
		<a id="20" s="C" t="C.3" l="C"/>
		<a id="21" s="O" t="O.3" l="O"/>
		<a id="22" s="C" t="C.2" l="C"/>
		<a id="23" s="C" t="C.3" l="C"/>
		<a id="24" s="O" t="O.2" l="O"/>
		<a id="25" s="H" t="H" l="H"/>
		<a id="26" s="H" t="H" l="H"/>
		<a id="27" s="H" t="H" l="H"/>
		<a id="28" s="H" t="H" l="H"/>
		<a id="29" s="H" t="H" l="H"/>
		<a id="30" s="H" t="H" l="H"/>
		<a id="31" s="H" t="H" l="H"/>
		<a id="32" s="H" t="H" l="H"/>
		<a id="33" s="H" t="H" l="H"/>
		<a id="34" s="H" t="H" l="H"/>
		<a id="35" s="H" t="H" l="H"/>
		<a id="36" s="H" t="H" l="H"/>
		<a id="37" s="H" t="H" l="H"/>
		<a id="38" s="H" t="H" l="H"/>
		<a id="39" s="H" t="H" l="H"/>
	</atoms>
	<bonds>
		<b id="1" c="1 2" t="1"/>
		<b id="2" c="2 3" t="2"/>
		<b id="3" c="2 4" t="1"/>
		<b id="4" c="4 5" t="1"/>
		<b id="5" c="5 6" t="1"/>
		<b id="6" c="6 7" t="1"/>
		<b id="7" c="7 8" t="1"/>
		<b id="8" c="9 10" t="ar"/>
		<b id="9" c="10 11" t="ar"/>
		<b id="10" c="11 12" t="ar"/>
		<b id="11" c="12 13" t="ar"/>
		<b id="12" c="13 14" t="1"/>
		<b id="13" c="13 15" t="ar"/>
		<b id="14" c="15 16" t="ar"/>
		<b id="15" c="16 17" t="ar"/>
		<b id="16" c="17 18" t="ar"/>
		<b id="17" c="12 18" t="ar"/>
		<b id="18" c="9 18" t="ar"/>
		<b id="19" c="8 19" t="1"/>
		<b id="20" c="19 20" t="1"/>
		<b id="21" c="6 20" t="1"/>
		<b id="22" c="20 21" t="1"/>
		<b id="23" c="21 22" t="1"/>
		<b id="24" c="22 23" t="1"/>
		<b id="25" c="22 24" t="2"/>
		<b id="26" c="8 9" t="1"/>
		<b id="27" c="1 25" t="1"/>
		<b id="28" c="1 26" t="1"/>
		<b id="29" c="1 27" t="1"/>
		<b id="30" c="5 28" t="1"/>
		<b id="31" c="5 29" t="1"/>
		<b id="32" c="6 30" t="1"/>
		<b id="33" c="8 31" t="1"/>
		<b id="34" c="10 32" t="1"/>
		<b id="35" c="16 33" t="1"/>
		<b id="36" c="19 34" t="1"/>
		<b id="37" c="19 35" t="1"/>
		<b id="38" c="20 36" t="1"/>
		<b id="39" c="23 37" t="1"/>
		<b id="40" c="23 38" t="1"/>
		<b id="41" c="23 39" t="1"/>
	</bonds>
	<geometry>
		<g u="A" t="cart/3d">#39,3:5.9765,-0.5971,1.2222;6.1392,0.3991,0.1152;7.1845,0.7930,-0.3306;4.9415,0.8290,-0.3200;4.9013,1.7115,-1.4310;5.6093,3.0651,-1.2154;5.0537,4.0333,-2.0974;4.3963,5.0488,-1.3955;2.9567,4.8678,-1.3969;2.1736,3.9537,-0.7387;0.9056,4.0658,-0.9773;0.7941,5.1167,-1.8469;-0.2502,5.7781,-2.4934;-1.8788,5.3158,-2.3024;0.0089,6.8014,-3.2847;1.2640,7.1922,-3.4507;2.3471,6.6661,-2.9080;2.0870,5.6344,-2.1199;4.9754,5.0568,0.0222;5.4963,3.6296,0.2175;6.7855,3.6567,0.8129;7.0278,2.8552,1.8603;8.4881,2.8594,2.1941;6.1764,2.2209,2.4248;6.9024,-1.1529,1.3561;5.1450,-1.2654,1.0099;5.7576,-0.0440,2.1367;3.8382,1.8775,-1.6219;5.3481,1.2219,-2.3027;6.6726,2.9631,-1.4652;4.5567,5.9871,-1.9407;2.5840,3.2156,-0.0764;1.4164,8.0367,-4.1073;4.2407,5.3496,0.7697;5.8261,5.7384,0.0679;4.8374,3.0180,0.8456;8.9617,2.0893,1.5856;8.6350,2.6254,3.2424;8.9268,3.8176,1.9390;</g>
	</geometry>
	<conformers/>
	<properties/>
</molecule>
