<?xml version="1.0" ?>
<!--MOLLI PACKAGE EXPERIMENTAL XML FORMAT-->
<molecule name="el3459">
	<atoms>
		<a id="1" s="C" t="C.3" l="C"/>
		<a id="2" s="O" t="O.3" l="O"/>
		<a id="3" s="C" t="C.ar" l="C"/>
		<a id="4" s="C" t="C.ar" l="C"/>
		<a id="5" s="C" t="C.ar" l="C"/>
		<a id="6" s="N" t="N.pl3" l="N"/>
		<a id="7" s="C" t="C.3" l="C"/>
		<a id="8" s="C" t="C.3" l="C"/>
		<a id="9" s="N" t="N.3" l="N"/>
		<a id="10" s="C" t="C.3" l="C"/>
		<a id="11" s="C" t="C.3" l="C"/>
		<a id="12" s="C" t="C.3" l="C"/>
		<a id="13" s="C" t="C.ar" l="C"/>
		<a id="14" s="C" t="C.ar" l="C"/>
		<a id="15" s="C" t="C.ar" l="C"/>
		<a id="16" s="Cl" t="Cl" l="CL"/>
		<a id="17" s="H" t="H" l="H"/>
		<a id="18" s="H" t="H" l="H"/>
		<a id="19" s="H" t="H" l="H"/>
		<a id="20" s="H" t="H" l="H"/>
		<a id="21" s="H" t="H" l="H"/>
		<a id="22" s="H" t="H" l="H"/>
		<a id="23" s="H" t="H" l="H"/>
		<a id="24" s="H" t="H" l="H"/>
		<a id="25" s="H" t="H" l="H"/>
		<a id="26" s="H" t="H" l="H"/>
		<a id="27" s="H" t="H" l="H"/>
		<a id="28" s="H" t="H" l="H"/>
		<a id="29" s="H" t="H" l="H"/>
		<a id="30" s="H" t="H" l="H"/>
		<a id="31" s="H" t="H" l="H"/>
		<a id="32" s="H" t="H" l="H"/>
		<a id="33" s="H" t="H" l="H"/>
	</atoms>
	<bonds>
		<b id="1" c="1 2" t="1"/>
		<b id="2" c="2 3" t="1"/>
		<b id="3" c="3 4" t="ar"/>
		<b id="4" c="4 5" t="ar"/>
		<b id="5" c="5 6" t="1"/>
		<b id="6" c="6 7" t="1"/>
		<b id="7" c="7 8" t="1"/>
		<b id="8" c="8 9" t="1"/>
		<b id="9" c="9 10" t="1"/>
		<b id="10" c="9 11" t="1"/>
		<b id="11" c="11 12" t="1"/>
		<b id="12" c="6 12" t="1"/>
		<b id="13" c="5 13" t="ar"/>
		<b id="14" c="13 14" t="ar"/>
		<b id="15" c="14 15" t="ar"/>
		<b id="16" c="3 15" t="ar"/>
		<b id="17" c="15 16" t="1"/>
		<b id="18" c="1 17" t="1"/>
		<b id="19" c="1 18" t="1"/>
		<b id="20" c="1 19" t="1"/>
		<b id="21" c="4 20" t="1"/>
		<b id="22" c="7 21" t="1"/>
		<b id="23" c="7 22" t="1"/>
		<b id="24" c="8 23" t="1"/>
		<b id="25" c="8 24" t="1"/>
		<b id="26" c="10 25" t="1"/>
		<b id="27" c="10 26" t="1"/>
		<b id="28" c="10 27" t="1"/>
		<b id="29" c="11 28" t="1"/>
		<b id="30" c="11 29" t="1"/>
		<b id="31" c="12 30" t="1"/>
		<b id="32" c="12 31" t="1"/>
		<b id="33" c="13 32" t="1"/>
		<b id="34" c="14 33" t="1"/>
	</bonds>
	<geometry>
		<g u="A" t="cart/3d">#33,3:3.1802,-2.7339,-1.8127;4.1885,-2.4634,-0.8649;3.9047,-2.0438,0.3971;5.0461,-1.6412,1.0955;5.0193,-1.1850,2.4101;6.1674,-0.8660,3.1075;7.4750,-1.1552,2.5650;8.4637,-1.3541,3.7148;8.5110,-0.1729,4.5542;9.5181,-0.2822,5.5855;7.1922,0.0762,5.1031;6.2104,0.3046,3.9580;3.7659,-1.1209,3.0370;2.6325,-1.5019,2.3611;2.6774,-1.9682,1.0523;1.1435,-2.4380,0.3646;3.7143,-2.9195,-2.7448;2.5097,-1.8821,-1.9462;2.6001,-3.6214,-1.5505;5.9657,-1.6938,0.5369;7.8320,-0.3356,1.9231;7.4335,-2.0767,1.9847;9.4605,-1.5301,3.3040;8.1622,-2.2463,4.2942;10.4919,-0.4216,5.1185;9.3350,-1.1223,6.2742;9.5373,0.6417,6.1617;7.2366,0.9700,5.7297;6.8429,-0.7706,5.7219;6.5549,1.1747,3.3770;5.2216,0.5246,4.3545;3.6769,-0.7990,4.0616;1.6743,-1.4559,2.8557;</g>
	</geometry>
	<conformers/>
	<properties/>
</molecule>
