<?xml version="1.0" ?>
<!--MOLLI PACKAGE EXPERIMENTAL XML FORMAT-->
<molecule name="el3046">
	<atoms>
		<a id="1" s="C" t="C.3" l="C"/>
		<a id="2" s="C" t="C.3" l="C"/>
		<a id="3" s="N" t="N.ar" l="N"/>
		<a id="4" s="C" t="C.ar" l="C"/>
		<a id="5" s="N" t="N.ar" l="N"/>
		<a id="6" s="C" t="C.ar" l="C"/>
		<a id="7" s="N" t="N.ar" l="N"/>
		<a id="8" s="C" t="C.ar" l="C"/>
		<a id="9" s="Cl" t="Cl" l="CL"/>
		<a id="10" s="N" t="N.ar" l="N"/>
		<a id="11" s="C" t="C.ar" l="C"/>
		<a id="12" s="N" t="N.pl3" l="N"/>
		<a id="13" s="C" t="C.3" l="C"/>
		<a id="14" s="C" t="C.ar" l="C"/>
		<a id="15" s="C" t="C.ar" l="C"/>
		<a id="16" s="C" t="C.ar" l="C"/>
		<a id="17" s="C" t="C.ar" l="C"/>
		<a id="18" s="O" t="O.3" l="O"/>
		<a id="19" s="C" t="C.3" l="C"/>
		<a id="20" s="C" t="C.ar" l="C"/>
		<a id="21" s="C" t="C.ar" l="C"/>
		<a id="22" s="C" t="C.ar" l="C"/>
		<a id="23" s="C" t="C.ar" l="C"/>
		<a id="24" s="C" t="C.ar" l="C"/>
		<a id="25" s="C" t="C.ar" l="C"/>
		<a id="26" s="C" t="C.ar" l="C"/>
		<a id="27" s="O" t="O.3" l="O"/>
		<a id="28" s="C" t="C.3" l="C"/>
		<a id="29" s="C" t="C.ar" l="C"/>
		<a id="30" s="C" t="C.ar" l="C"/>
		<a id="31" s="H" t="H" l="H"/>
		<a id="32" s="H" t="H" l="H"/>
		<a id="33" s="H" t="H" l="H"/>
		<a id="34" s="H" t="H" l="H"/>
		<a id="35" s="H" t="H" l="H"/>
		<a id="36" s="H" t="H" l="H"/>
		<a id="37" s="H" t="H" l="H"/>
		<a id="38" s="H" t="H" l="H"/>
		<a id="39" s="H" t="H" l="H"/>
		<a id="40" s="H" t="H" l="H"/>
		<a id="41" s="H" t="H" l="H"/>
		<a id="42" s="H" t="H" l="H"/>
		<a id="43" s="H" t="H" l="H"/>
		<a id="44" s="H" t="H" l="H"/>
		<a id="45" s="H" t="H" l="H"/>
		<a id="46" s="H" t="H" l="H"/>
		<a id="47" s="H" t="H" l="H"/>
		<a id="48" s="H" t="H" l="H"/>
		<a id="49" s="H" t="H" l="H"/>
		<a id="50" s="H" t="H" l="H"/>
		<a id="51" s="H" t="H" l="H"/>
		<a id="52" s="H" t="H" l="H"/>
	</atoms>
	<bonds>
		<b id="1" c="1 2" t="1"/>
		<b id="2" c="2 3" t="1"/>
		<b id="3" c="3 4" t="ar"/>
		<b id="4" c="4 5" t="ar"/>
		<b id="5" c="5 6" t="ar"/>
		<b id="6" c="6 7" t="ar"/>
		<b id="7" c="7 8" t="ar"/>
		<b id="8" c="8 9" t="1"/>
		<b id="9" c="8 10" t="ar"/>
		<b id="10" c="10 11" t="ar"/>
		<b id="11" c="11 12" t="1"/>
		<b id="12" c="12 13" t="1"/>
		<b id="13" c="13 14" t="1"/>
		<b id="14" c="14 15" t="ar"/>
		<b id="15" c="15 16" t="ar"/>
		<b id="16" c="16 17" t="ar"/>
		<b id="17" c="17 18" t="1"/>
		<b id="18" c="18 19" t="1"/>
		<b id="19" c="19 20" t="1"/>
		<b id="20" c="20 21" t="ar"/>
		<b id="21" c="21 22" t="ar"/>
		<b id="22" c="22 23" t="ar"/>
		<b id="23" c="23 24" t="ar"/>
		<b id="24" c="24 25" t="ar"/>
		<b id="25" c="20 25" t="ar"/>
		<b id="26" c="17 26" t="ar"/>
		<b id="27" c="26 27" t="1"/>
		<b id="28" c="27 28" t="1"/>
		<b id="29" c="26 29" t="ar"/>
		<b id="30" c="14 29" t="ar"/>
		<b id="31" c="11 30" t="ar"/>
		<b id="32" c="6 30" t="ar"/>
		<b id="33" c="3 30" t="ar"/>
		<b id="34" c="1 31" t="1"/>
		<b id="35" c="1 32" t="1"/>
		<b id="36" c="1 33" t="1"/>
		<b id="37" c="2 34" t="1"/>
		<b id="38" c="2 35" t="1"/>
		<b id="39" c="4 36" t="1"/>
		<b id="40" c="12 37" t="1"/>
		<b id="41" c="13 38" t="1"/>
		<b id="42" c="13 39" t="1"/>
		<b id="43" c="15 40" t="1"/>
		<b id="44" c="16 41" t="1"/>
		<b id="45" c="19 42" t="1"/>
		<b id="46" c="19 43" t="1"/>
		<b id="47" c="21 44" t="1"/>
		<b id="48" c="22 45" t="1"/>
		<b id="49" c="23 46" t="1"/>
		<b id="50" c="24 47" t="1"/>
		<b id="51" c="25 48" t="1"/>
		<b id="52" c="28 49" t="1"/>
		<b id="53" c="28 50" t="1"/>
		<b id="54" c="28 51" t="1"/>
		<b id="55" c="29 52" t="1"/>
	</bonds>
	<geometry>
		<g u="A" t="cart/3d">#52,3:1.4343,1.4817,-5.4791;0.1373,2.2279,-5.7973;0.1501,3.5732,-5.2811;0.4160,4.6970,-5.9951;0.3880,5.7974,-5.3033;0.0852,5.4110,-4.0357;-0.0725,6.1978,-2.9670;-0.3817,5.5409,-1.8808;-0.6235,6.4788,-0.4758;-0.5353,4.2384,-1.7071;-0.3781,3.4199,-2.7490;-0.5522,2.1004,-2.5366;-0.8417,1.5475,-1.2261;-1.6582,0.2976,-1.3903;-3.0218,0.3637,-1.6255;-3.7494,-0.7951,-1.8300;-3.1484,-2.0487,-1.8091;-3.8327,-3.2136,-2.0236;-5.2424,-3.1809,-2.1555;-5.6997,-4.6142,-2.2273;-5.6571,-5.4063,-1.0865;-6.0323,-6.7358,-1.1437;-6.4552,-7.2863,-2.3427;-6.4995,-6.5027,-3.4826;-6.1187,-5.1729,-3.4262;-1.7630,-2.1276,-1.5659;-0.9925,-3.2496,-1.5126;-1.5583,-4.5415,-1.5396;-1.0515,-0.9480,-1.3692;-0.0645,4.0020,-3.9890;1.3702,0.4579,-5.8417;1.6234,1.4617,-4.4073;2.2773,1.9719,-5.9620;-0.7285,1.6956,-5.3872;0.0098,2.2937,-6.8817;0.6216,4.6601,-7.0479;-0.3274,1.4430,-3.2644;-1.3823,2.3175,-0.6721;0.0929,1.3292,-0.6937;-3.5215,1.3198,-1.6483;-4.8088,-0.7142,-2.0137;-5.5296,-2.6392,-3.0671;-5.6926,-2.6820,-1.2855;-5.3272,-4.9753,-0.1521;-5.9956,-7.3438,-0.2520;-6.7496,-8.3241,-2.3878;-6.8273,-6.9284,-4.4199;-6.1498,-4.5653,-4.3194;-0.7171,-5.2203,-1.3968;-2.0405,-4.7551,-2.4952;-2.2798,-4.6852,-0.7336;0.0077,-1.0423,-1.1839;</g>
	</geometry>
	<conformers/>
	<properties/>
</molecule>
