<?xml version="1.0" ?>
<!--MOLLI PACKAGE EXPERIMENTAL XML FORMAT-->
<molecule name="el3461">
	<atoms>
		<a id="1" s="C" t="C.3" l="C"/>
		<a id="2" s="C" t="C.ar" l="C"/>
		<a id="3" s="C" t="C.ar" l="C"/>
		<a id="4" s="C" t="C.ar" l="C"/>
		<a id="5" s="C" t="C.3" l="C"/>
		<a id="6" s="C" t="C.ar" l="C"/>
		<a id="7" s="N" t="N.pl3" l="N"/>
		<a id="8" s="C" t="C.ar" l="C"/>
		<a id="9" s="C" t="C.ar" l="C"/>
		<a id="10" s="C" t="C.ar" l="C"/>
		<a id="11" s="Cl" t="Cl" l="CL"/>
		<a id="12" s="N" t="N.ar" l="N"/>
		<a id="13" s="C" t="C.ar" l="C"/>
		<a id="14" s="N" t="N.pl3" l="N"/>
		<a id="15" s="C" t="C.ar" l="C"/>
		<a id="16" s="C" t="C.ar" l="C"/>
		<a id="17" s="C" t="C.ar" l="C"/>
		<a id="18" s="C" t="C.ar" l="C"/>
		<a id="19" s="C" t="C.1" l="C"/>
		<a id="20" s="N" t="N.1" l="N"/>
		<a id="21" s="C" t="C.ar" l="C"/>
		<a id="22" s="C" t="C.ar" l="C"/>
		<a id="23" s="N" t="N.ar" l="N"/>
		<a id="24" s="C" t="C.ar" l="C"/>
		<a id="25" s="C" t="C.3" l="C"/>
		<a id="26" s="C" t="C.ar" l="C"/>
		<a id="27" s="H" t="H" l="H"/>
		<a id="28" s="H" t="H" l="H"/>
		<a id="29" s="H" t="H" l="H"/>
		<a id="30" s="H" t="H" l="H"/>
		<a id="31" s="H" t="H" l="H"/>
		<a id="32" s="H" t="H" l="H"/>
		<a id="33" s="H" t="H" l="H"/>
		<a id="34" s="H" t="H" l="H"/>
		<a id="35" s="H" t="H" l="H"/>
		<a id="36" s="H" t="H" l="H"/>
		<a id="37" s="H" t="H" l="H"/>
		<a id="38" s="H" t="H" l="H"/>
		<a id="39" s="H" t="H" l="H"/>
		<a id="40" s="H" t="H" l="H"/>
		<a id="41" s="H" t="H" l="H"/>
		<a id="42" s="H" t="H" l="H"/>
		<a id="43" s="H" t="H" l="H"/>
		<a id="44" s="H" t="H" l="H"/>
	</atoms>
	<bonds>
		<b id="1" c="1 2" t="1"/>
		<b id="2" c="2 3" t="ar"/>
		<b id="3" c="3 4" t="ar"/>
		<b id="4" c="4 5" t="1"/>
		<b id="5" c="4 6" t="ar"/>
		<b id="6" c="6 7" t="1"/>
		<b id="7" c="7 8" t="1"/>
		<b id="8" c="8 9" t="ar"/>
		<b id="9" c="9 10" t="ar"/>
		<b id="10" c="10 11" t="1"/>
		<b id="11" c="10 12" t="ar"/>
		<b id="12" c="12 13" t="ar"/>
		<b id="13" c="13 14" t="1"/>
		<b id="14" c="14 15" t="1"/>
		<b id="15" c="15 16" t="ar"/>
		<b id="16" c="16 17" t="ar"/>
		<b id="17" c="17 18" t="ar"/>
		<b id="18" c="18 19" t="1"/>
		<b id="19" c="19 20" t="3"/>
		<b id="20" c="18 21" t="ar"/>
		<b id="21" c="21 22" t="ar"/>
		<b id="22" c="15 22" t="ar"/>
		<b id="23" c="13 23" t="ar"/>
		<b id="24" c="8 23" t="ar"/>
		<b id="25" c="6 24" t="ar"/>
		<b id="26" c="24 25" t="1"/>
		<b id="27" c="24 26" t="ar"/>
		<b id="28" c="2 26" t="ar"/>
		<b id="29" c="1 27" t="1"/>
		<b id="30" c="1 28" t="1"/>
		<b id="31" c="1 29" t="1"/>
		<b id="32" c="3 30" t="1"/>
		<b id="33" c="5 31" t="1"/>
		<b id="34" c="5 32" t="1"/>
		<b id="35" c="5 33" t="1"/>
		<b id="36" c="7 34" t="1"/>
		<b id="37" c="9 35" t="1"/>
		<b id="38" c="14 36" t="1"/>
		<b id="39" c="16 37" t="1"/>
		<b id="40" c="17 38" t="1"/>
		<b id="41" c="21 39" t="1"/>
		<b id="42" c="22 40" t="1"/>
		<b id="43" c="25 41" t="1"/>
		<b id="44" c="25 42" t="1"/>
		<b id="45" c="25 43" t="1"/>
		<b id="46" c="26 44" t="1"/>
	</bonds>
	<geometry>
		<g u="A" t="cart/3d">#44,3:2.3645,1.1949,-1.3212;1.2642,0.3812,-0.7112;-0.0682,0.6566,-0.9803;-1.0878,-0.1085,-0.4352;-2.5245,0.1853,-0.7498;-0.7574,-1.1710,0.4070;-1.7942,-1.9714,0.9507;-1.9879,-3.2559,0.5861;-3.0674,-4.0113,1.0831;-3.1277,-5.3130,0.6379;-4.3940,-6.3486,1.1699;-2.2598,-5.8506,-0.1985;-1.2767,-5.0476,-0.6199;-0.4075,-5.6431,-1.4810;0.6919,-5.1312,-2.1423;1.4506,-6.0118,-2.9226;2.5596,-5.5695,-3.6072;2.9384,-4.2269,-3.5284;4.0750,-3.7669,-4.2253;4.9994,-3.3887,-4.7903;2.1805,-3.3444,-2.7564;1.0700,-3.7882,-2.0727;-1.1080,-3.7860,-0.2642;0.5744,-1.4513,0.7178;0.9325,-2.5659,1.6499;1.5655,-0.6711,0.1425;1.9635,2.0111,-1.9162;2.9858,0.5717,-1.9636;3.0057,1.6103,-0.5453;-0.3208,1.4764,-1.6375;-2.5982,0.9308,-1.5367;-3.0422,0.5693,0.1306;-3.0379,-0.7181,-1.0774;-2.5564,-1.4988,1.4135;-3.7915,-3.6013,1.7642;-0.6275,-6.6165,-1.6486;1.1599,-7.0510,-2.9859;3.1411,-6.2542,-4.2068;2.4658,-2.3046,-2.6960;0.4861,-3.1039,-1.4824;0.2367,-2.6089,2.4859;1.9412,-2.4343,2.0323;0.8824,-3.5198,1.1256;2.5999,-0.8870,0.3692;</g>
	</geometry>
	<conformers/>
	<properties/>
</molecule>
