<?xml version="1.0" ?>
<!--MOLLI PACKAGE EXPERIMENTAL XML FORMAT-->
<molecule name="el3466">
	<atoms>
		<a id="1" s="C" t="C.3" l="C"/>
		<a id="2" s="C" t="C.3" l="C"/>
		<a id="3" s="C" t="C.3" l="C"/>
		<a id="4" s="N" t="N.pl3" l="N"/>
		<a id="5" s="C" t="C.ar" l="C"/>
		<a id="6" s="C" t="C.ar" l="C"/>
		<a id="7" s="C" t="C.ar" l="C"/>
		<a id="8" s="Cl" t="Cl" l="CL"/>
		<a id="9" s="N" t="N.ar" l="N"/>
		<a id="10" s="C" t="C.ar" l="C"/>
		<a id="11" s="C" t="C.ar" l="C"/>
		<a id="12" s="N" t="N.pl3" l="N"/>
		<a id="13" s="O" t="O.2" l="O"/>
		<a id="14" s="O" t="O.co2" l="O"/>
		<a id="15" s="H" t="H" l="H"/>
		<a id="16" s="H" t="H" l="H"/>
		<a id="17" s="H" t="H" l="H"/>
		<a id="18" s="H" t="H" l="H"/>
		<a id="19" s="H" t="H" l="H"/>
		<a id="20" s="H" t="H" l="H"/>
		<a id="21" s="H" t="H" l="H"/>
		<a id="22" s="H" t="H" l="H"/>
		<a id="23" s="H" t="H" l="H"/>
		<a id="24" s="H" t="H" l="H"/>
	</atoms>
	<bonds>
		<b id="1" c="1 2" t="1"/>
		<b id="2" c="2 3" t="1"/>
		<b id="3" c="2 4" t="1"/>
		<b id="4" c="4 5" t="1"/>
		<b id="5" c="5 6" t="ar"/>
		<b id="6" c="6 7" t="ar"/>
		<b id="7" c="7 8" t="1"/>
		<b id="8" c="7 9" t="ar"/>
		<b id="9" c="9 10" t="ar"/>
		<b id="10" c="10 11" t="ar"/>
		<b id="11" c="5 11" t="ar"/>
		<b id="12" c="11 12" t="1"/>
		<b id="13" c="12 13" t="2"/>
		<b id="14" c="12 14" t="1"/>
		<b id="15" c="1 15" t="1"/>
		<b id="16" c="1 16" t="1"/>
		<b id="17" c="1 17" t="1"/>
		<b id="18" c="2 18" t="1"/>
		<b id="19" c="3 19" t="1"/>
		<b id="20" c="3 20" t="1"/>
		<b id="21" c="3 21" t="1"/>
		<b id="22" c="4 22" t="1"/>
		<b id="23" c="6 23" t="1"/>
		<b id="24" c="10 24" t="1"/>
	</bonds>
	<geometry>
		<g u="A" t="cart/3d">#24,3:2.6151,0.6385,-1.4186;2.5101,0.0424,-0.0129;1.0556,-0.0725,0.4289;3.0913,-1.2834,0.0177;4.3825,-1.5942,0.1211;5.3906,-0.6169,0.2829;6.7002,-1.0111,0.4124;7.9252,0.1698,0.6096;7.1214,-2.2739,0.3917;6.2116,-3.2005,0.2361;4.8435,-2.9463,0.0952;3.9835,-4.0575,-0.0773;2.7807,-3.8576,-0.2292;4.4702,-5.1695,-0.0718;2.1962,1.6406,-1.4321;2.0663,0.0219,-2.1264;3.6528,0.6905,-1.7389;3.0488,0.6804,0.6971;0.4993,-0.7013,-0.2628;0.5924,0.9097,0.4518;0.9929,-0.5080,1.4230;2.4602,-2.0663,-0.1448;5.1448,0.4300,0.3045;6.5633,-4.2231,0.2163;</g>
	</geometry>
	<conformers/>
	<properties/>
</molecule>
