<?xml version="1.0" ?>
<!--MOLLI PACKAGE EXPERIMENTAL XML FORMAT-->
<molecule name="el3467">
	<atoms>
		<a id="1" s="C" t="C.3" l="C"/>
		<a id="2" s="C" t="C.ar" l="C"/>
		<a id="3" s="C" t="C.ar" l="C"/>
		<a id="4" s="C" t="C.ar" l="C"/>
		<a id="5" s="C" t="C.ar" l="C"/>
		<a id="6" s="S" t="S.O2" l="S"/>
		<a id="7" s="O" t="O.2" l="O"/>
		<a id="8" s="O" t="O.2" l="O"/>
		<a id="9" s="N" t="N.ar" l="N"/>
		<a id="10" s="C" t="C.ar" l="C"/>
		<a id="11" s="C" t="C.ar" l="C"/>
		<a id="12" s="C" t="C.ar" l="C"/>
		<a id="13" s="C" t="C.ar" l="C"/>
		<a id="14" s="C" t="C.ar" l="C"/>
		<a id="15" s="C" t="C.ar" l="C"/>
		<a id="16" s="C" t="C.ar" l="C"/>
		<a id="17" s="C" t="C.ar" l="C"/>
		<a id="18" s="C" t="C.ar" l="C"/>
		<a id="19" s="O" t="O.3" l="O"/>
		<a id="20" s="C" t="C.3" l="C"/>
		<a id="21" s="C" t="C.ar" l="C"/>
		<a id="22" s="C" t="C.ar" l="C"/>
		<a id="23" s="C" t="C.ar" l="C"/>
		<a id="24" s="C" t="C.ar" l="C"/>
		<a id="25" s="N" t="N.ar" l="N"/>
		<a id="26" s="C" t="C.ar" l="C"/>
		<a id="27" s="C" t="C.ar" l="C"/>
		<a id="28" s="N" t="N.ar" l="N"/>
		<a id="29" s="C" t="C.ar" l="C"/>
		<a id="30" s="Cl" t="Cl" l="CL"/>
		<a id="31" s="N" t="N.ar" l="N"/>
		<a id="32" s="C" t="C.ar" l="C"/>
		<a id="33" s="C" t="C.ar" l="C"/>
		<a id="34" s="C" t="C.ar" l="C"/>
		<a id="35" s="H" t="H" l="H"/>
		<a id="36" s="H" t="H" l="H"/>
		<a id="37" s="H" t="H" l="H"/>
		<a id="38" s="H" t="H" l="H"/>
		<a id="39" s="H" t="H" l="H"/>
		<a id="40" s="H" t="H" l="H"/>
		<a id="41" s="H" t="H" l="H"/>
		<a id="42" s="H" t="H" l="H"/>
		<a id="43" s="H" t="H" l="H"/>
		<a id="44" s="H" t="H" l="H"/>
		<a id="45" s="H" t="H" l="H"/>
		<a id="46" s="H" t="H" l="H"/>
		<a id="47" s="H" t="H" l="H"/>
		<a id="48" s="H" t="H" l="H"/>
		<a id="49" s="H" t="H" l="H"/>
		<a id="50" s="H" t="H" l="H"/>
		<a id="51" s="H" t="H" l="H"/>
		<a id="52" s="H" t="H" l="H"/>
		<a id="53" s="H" t="H" l="H"/>
	</atoms>
	<bonds>
		<b id="1" c="1 2" t="1"/>
		<b id="2" c="2 3" t="ar"/>
		<b id="3" c="3 4" t="ar"/>
		<b id="4" c="4 5" t="ar"/>
		<b id="5" c="5 6" t="1"/>
		<b id="6" c="6 7" t="2"/>
		<b id="7" c="6 8" t="2"/>
		<b id="8" c="6 9" t="1"/>
		<b id="9" c="9 10" t="ar"/>
		<b id="10" c="10 11" t="ar"/>
		<b id="11" c="11 12" t="ar"/>
		<b id="12" c="12 13" t="ar"/>
		<b id="13" c="13 14" t="1"/>
		<b id="14" c="14 15" t="ar"/>
		<b id="15" c="15 16" t="ar"/>
		<b id="16" c="16 17" t="ar"/>
		<b id="17" c="17 18" t="ar"/>
		<b id="18" c="18 19" t="1"/>
		<b id="19" c="19 20" t="1"/>
		<b id="20" c="20 21" t="1"/>
		<b id="21" c="21 22" t="ar"/>
		<b id="22" c="22 23" t="ar"/>
		<b id="23" c="23 24" t="ar"/>
		<b id="24" c="24 25" t="ar"/>
		<b id="25" c="25 26" t="ar"/>
		<b id="26" c="21 26" t="ar"/>
		<b id="27" c="18 27" t="ar"/>
		<b id="28" c="14 27" t="ar"/>
		<b id="29" c="13 28" t="ar"/>
		<b id="30" c="28 29" t="ar"/>
		<b id="31" c="29 30" t="1"/>
		<b id="32" c="29 31" t="ar"/>
		<b id="33" c="31 32" t="ar"/>
		<b id="34" c="12 32" t="ar"/>
		<b id="35" c="9 32" t="ar"/>
		<b id="36" c="5 33" t="ar"/>
		<b id="37" c="33 34" t="ar"/>
		<b id="38" c="2 34" t="ar"/>
		<b id="39" c="1 35" t="1"/>
		<b id="40" c="1 36" t="1"/>
		<b id="41" c="1 37" t="1"/>
		<b id="42" c="3 38" t="1"/>
		<b id="43" c="4 39" t="1"/>
		<b id="44" c="10 40" t="1"/>
		<b id="45" c="11 41" t="1"/>
		<b id="46" c="15 42" t="1"/>
		<b id="47" c="16 43" t="1"/>
		<b id="48" c="17 44" t="1"/>
		<b id="49" c="20 45" t="1"/>
		<b id="50" c="20 46" t="1"/>
		<b id="51" c="22 47" t="1"/>
		<b id="52" c="23 48" t="1"/>
		<b id="53" c="24 49" t="1"/>
		<b id="54" c="26 50" t="1"/>
		<b id="55" c="27 51" t="1"/>
		<b id="56" c="33 52" t="1"/>
		<b id="57" c="34 53" t="1"/>
	</bonds>
	<geometry>
		<g u="A" t="cart/3d">#53,3:2.0272,1.0766,-0.9780;0.6371,0.6743,-0.5977;-0.2018,0.0596,-1.5241;-1.5016,-0.2713,-1.1881;-1.9533,0.0126,0.0848;-3.6505,-0.2908,0.4960;-4.3212,-1.0247,-0.5274;-3.8120,-0.7031,1.8562;-4.2716,1.3278,0.4686;-5.1954,1.8649,1.3395;-5.4568,3.1606,1.0278;-4.6581,3.4836,-0.1101;-4.3824,4.5856,-0.9330;-5.0371,5.8893,-0.8307;-4.3482,7.0310,-1.2461;-4.9498,8.2668,-1.1442;-6.2358,8.3966,-0.6407;-6.9370,7.2625,-0.2435;-8.2042,7.2582,0.2515;-8.8877,8.4851,0.3751;-10.2705,8.2469,0.9182;-10.8425,6.9825,0.9654;-12.1280,6.8464,1.4649;-12.7935,7.9839,1.8935;-12.2575,9.1931,1.8514;-11.0327,9.3174,1.3801;-6.3310,6.0112,-0.3439;-3.4399,4.4689,-1.8707;-2.8272,3.3174,-2.0275;-1.6200,3.2624,-3.2275;-3.0167,2.1920,-1.3674;-3.9255,2.2993,-0.4100;-1.1420,0.6093,1.0296;0.1567,0.9365,0.6832;2.3900,0.4833,-1.8133;2.7090,0.9656,-0.1365;2.0333,2.1254,-1.2804;0.1627,-0.1458,-2.5191;-2.1775,-0.7293,-1.8919;-5.5764,1.2423,2.1242;-6.1184,3.8151,1.5577;-3.3508,6.9226,-1.6390;-4.4186,9.1522,-1.4600;-6.6765,9.3786,-0.5728;-8.9700,8.9758,-0.6081;-8.3438,9.1622,1.0505;-10.2834,6.1269,0.6193;-12.6011,5.8779,1.5177;-13.7989,7.9333,2.2896;-10.6355,10.3255,1.3677;-6.9065,5.1438,-0.0669;-1.5338,0.8056,2.0156;0.8036,1.4074,1.4090;</g>
	</geometry>
	<conformers/>
	<properties/>
</molecule>
