<?xml version="1.0" ?>
<!--MOLLI PACKAGE EXPERIMENTAL XML FORMAT-->
<molecule name="el3468">
	<atoms>
		<a id="1" s="C" t="C.3" l="C"/>
		<a id="2" s="N" t="N.ar" l="N"/>
		<a id="3" s="C" t="C.ar" l="C"/>
		<a id="4" s="C" t="C.ar" l="C"/>
		<a id="5" s="C" t="C.ar" l="C"/>
		<a id="6" s="N" t="N.ar" l="N"/>
		<a id="7" s="C" t="C.ar" l="C"/>
		<a id="8" s="Cl" t="Cl" l="CL"/>
		<a id="9" s="N" t="N.ar" l="N"/>
		<a id="10" s="C" t="C.ar" l="C"/>
		<a id="11" s="C" t="C.ar" l="C"/>
		<a id="12" s="C" t="C.ar" l="C"/>
		<a id="13" s="C" t="C.ar" l="C"/>
		<a id="14" s="C" t="C.ar" l="C"/>
		<a id="15" s="O" t="O.3" l="O"/>
		<a id="16" s="C" t="C.3" l="C"/>
		<a id="17" s="F" t="F" l="F"/>
		<a id="18" s="F" t="F" l="F"/>
		<a id="19" s="F" t="F" l="F"/>
		<a id="20" s="C" t="C.ar" l="C"/>
		<a id="21" s="C" t="C.ar" l="C"/>
		<a id="22" s="C" t="C.ar" l="C"/>
		<a id="23" s="H" t="H" l="H"/>
		<a id="24" s="H" t="H" l="H"/>
		<a id="25" s="H" t="H" l="H"/>
		<a id="26" s="H" t="H" l="H"/>
		<a id="27" s="H" t="H" l="H"/>
		<a id="28" s="H" t="H" l="H"/>
		<a id="29" s="H" t="H" l="H"/>
		<a id="30" s="H" t="H" l="H"/>
		<a id="31" s="H" t="H" l="H"/>
	</atoms>
	<bonds>
		<b id="1" c="1 2" t="1"/>
		<b id="2" c="2 3" t="ar"/>
		<b id="3" c="3 4" t="ar"/>
		<b id="4" c="4 5" t="ar"/>
		<b id="5" c="5 6" t="ar"/>
		<b id="6" c="6 7" t="ar"/>
		<b id="7" c="7 8" t="1"/>
		<b id="8" c="7 9" t="ar"/>
		<b id="9" c="9 10" t="ar"/>
		<b id="10" c="10 11" t="1"/>
		<b id="11" c="11 12" t="ar"/>
		<b id="12" c="12 13" t="ar"/>
		<b id="13" c="13 14" t="ar"/>
		<b id="14" c="14 15" t="1"/>
		<b id="15" c="15 16" t="1"/>
		<b id="16" c="16 17" t="1"/>
		<b id="17" c="16 18" t="1"/>
		<b id="18" c="16 19" t="1"/>
		<b id="19" c="14 20" t="ar"/>
		<b id="20" c="20 21" t="ar"/>
		<b id="21" c="11 21" t="ar"/>
		<b id="22" c="10 22" t="ar"/>
		<b id="23" c="5 22" t="ar"/>
		<b id="24" c="2 22" t="ar"/>
		<b id="25" c="1 23" t="1"/>
		<b id="26" c="1 24" t="1"/>
		<b id="27" c="1 25" t="1"/>
		<b id="28" c="3 26" t="1"/>
		<b id="29" c="4 27" t="1"/>
		<b id="30" c="12 28" t="1"/>
		<b id="31" c="13 29" t="1"/>
		<b id="32" c="20 30" t="1"/>
		<b id="33" c="21 31" t="1"/>
	</bonds>
	<geometry>
		<g u="A" t="cart/3d">#31,3:1.1792,0.1566,0.3356;2.5751,-0.0102,0.0352;3.4623,1.0202,-0.0705;4.7337,0.5663,-0.2729;4.6492,-0.8436,-0.2778;5.6025,-1.7696,-0.3835;5.1731,-3.0026,-0.2847;6.3577,-4.2323,-0.3521;3.9257,-3.4275,-0.1531;2.9418,-2.5380,-0.0933;1.5805,-3.0992,-0.0402;1.2892,-4.1090,0.8684;0.0253,-4.6713,0.9272;-0.9475,-4.2249,0.0492;-2.2664,-4.7104,0.0122;-2.6869,-5.5752,0.9123;-2.5693,-5.1477,2.1834;-3.9777,-5.8138,0.7073;-2.0635,-6.7657,0.8747;-0.6641,-3.2438,-0.8916;0.5965,-2.6845,-0.9347;3.2669,-1.1801,-0.1040;1.0423,1.0870,0.8864;0.8271,-0.6726,0.9475;0.5758,0.2005,-0.5751;3.1179,2.0337,0.0142;5.6236,1.1494,-0.3830;2.0637,-4.4548,1.5339;-0.1717,-5.4479,1.6484;-1.4382,-2.9426,-1.5781;0.8284,-1.9440,-1.6850;</g>
	</geometry>
	<conformers/>
	<properties/>
</molecule>
