<?xml version="1.0" ?>
<!--MOLLI PACKAGE EXPERIMENTAL XML FORMAT-->
<molecule name="el3047">
	<atoms>
		<a id="1" s="C" t="C.3" l="C"/>
		<a id="2" s="C" t="C.3" l="C"/>
		<a id="3" s="O" t="O.3" l="O"/>
		<a id="4" s="C" t="C.ar" l="C"/>
		<a id="5" s="C" t="C.ar" l="C"/>
		<a id="6" s="C" t="C.ar" l="C"/>
		<a id="7" s="Cl" t="Cl" l="CL"/>
		<a id="8" s="C" t="C.ar" l="C"/>
		<a id="9" s="N" t="N.ar" l="N"/>
		<a id="10" s="C" t="C.ar" l="C"/>
		<a id="11" s="N" t="N.pl3" l="N"/>
		<a id="12" s="H" t="H" l="H"/>
		<a id="13" s="H" t="H" l="H"/>
		<a id="14" s="H" t="H" l="H"/>
		<a id="15" s="H" t="H" l="H"/>
		<a id="16" s="H" t="H" l="H"/>
		<a id="17" s="H" t="H" l="H"/>
		<a id="18" s="H" t="H" l="H"/>
		<a id="19" s="H" t="H" l="H"/>
		<a id="20" s="H" t="H" l="H"/>
	</atoms>
	<bonds>
		<b id="1" c="1 2" t="1"/>
		<b id="2" c="2 3" t="1"/>
		<b id="3" c="3 4" t="1"/>
		<b id="4" c="4 5" t="ar"/>
		<b id="5" c="5 6" t="ar"/>
		<b id="6" c="6 7" t="1"/>
		<b id="7" c="6 8" t="ar"/>
		<b id="8" c="8 9" t="ar"/>
		<b id="9" c="9 10" t="ar"/>
		<b id="10" c="4 10" t="ar"/>
		<b id="11" c="10 11" t="1"/>
		<b id="12" c="1 12" t="1"/>
		<b id="13" c="1 13" t="1"/>
		<b id="14" c="1 14" t="1"/>
		<b id="15" c="2 15" t="1"/>
		<b id="16" c="2 16" t="1"/>
		<b id="17" c="5 17" t="1"/>
		<b id="18" c="8 18" t="1"/>
		<b id="19" c="11 19" t="1"/>
		<b id="20" c="11 20" t="1"/>
	</bonds>
	<geometry>
		<g u="A" t="cart/3d">#20,3:0.9081,0.1803,-0.8300;2.4127,0.1327,-1.0413;2.9705,1.2790,-0.4248;4.3235,1.4350,-0.4529;5.2269,0.5934,-1.0647;6.5847,0.9192,-1.0016;7.7397,-0.1232,-1.7575;6.9845,2.0628,-0.3475;6.1165,2.8789,0.2372;4.8278,2.5913,0.2067;3.9724,3.4131,0.8770;0.4447,-0.6903,-1.2846;0.4960,1.0790,-1.2810;0.6829,0.1901,0.2329;2.6482,0.1328,-2.1144;2.8325,-0.7754,-0.5885;4.9194,-0.2987,-1.5856;8.0228,2.3519,-0.2837;4.3392,4.3074,1.1531;2.9975,3.3471,0.6422;</g>
	</geometry>
	<conformers/>
	<properties/>
</molecule>
