<?xml version="1.0" ?>
<!--MOLLI PACKAGE EXPERIMENTAL XML FORMAT-->
<molecule name="el3472">
	<atoms>
		<a id="1" s="Cl" t="Cl" l="CL"/>
		<a id="2" s="C" t="C.ar" l="C"/>
		<a id="3" s="N" t="N.ar" l="N"/>
		<a id="4" s="C" t="C.ar" l="C"/>
		<a id="5" s="C" t="C.ar" l="C"/>
		<a id="6" s="C" t="C.ar" l="C"/>
		<a id="7" s="C" t="C.ar" l="C"/>
		<a id="8" s="C" t="C.ar" l="C"/>
		<a id="9" s="N" t="N.ar" l="N"/>
		<a id="10" s="C" t="C.ar" l="C"/>
		<a id="11" s="C" t="C.ar" l="C"/>
		<a id="12" s="C" t="C.ar" l="C"/>
		<a id="13" s="C" t="C.ar" l="C"/>
		<a id="14" s="C" t="C.ar" l="C"/>
		<a id="15" s="C" t="C.ar" l="C"/>
		<a id="16" s="O" t="O.3" l="O"/>
		<a id="17" s="C" t="C.3" l="C"/>
		<a id="18" s="C" t="C.3" l="C"/>
		<a id="19" s="N" t="N.ar" l="N"/>
		<a id="20" s="H" t="H" l="H"/>
		<a id="21" s="H" t="H" l="H"/>
		<a id="22" s="H" t="H" l="H"/>
		<a id="23" s="H" t="H" l="H"/>
		<a id="24" s="H" t="H" l="H"/>
		<a id="25" s="H" t="H" l="H"/>
		<a id="26" s="H" t="H" l="H"/>
		<a id="27" s="H" t="H" l="H"/>
		<a id="28" s="H" t="H" l="H"/>
		<a id="29" s="H" t="H" l="H"/>
	</atoms>
	<bonds>
		<b id="1" c="1 2" t="1"/>
		<b id="2" c="2 3" t="ar"/>
		<b id="3" c="3 4" t="ar"/>
		<b id="4" c="4 5" t="ar"/>
		<b id="5" c="5 6" t="ar"/>
		<b id="6" c="6 7" t="1"/>
		<b id="7" c="7 8" t="ar"/>
		<b id="8" c="8 9" t="ar"/>
		<b id="9" c="9 10" t="ar"/>
		<b id="10" c="10 11" t="ar"/>
		<b id="11" c="11 12" t="ar"/>
		<b id="12" c="12 13" t="ar"/>
		<b id="13" c="13 14" t="ar"/>
		<b id="14" c="14 15" t="ar"/>
		<b id="15" c="7 15" t="ar"/>
		<b id="16" c="10 15" t="ar"/>
		<b id="17" c="11 16" t="1"/>
		<b id="18" c="16 17" t="1"/>
		<b id="19" c="17 18" t="1"/>
		<b id="20" c="9 18" t="1"/>
		<b id="21" c="6 19" t="ar"/>
		<b id="22" c="2 19" t="ar"/>
		<b id="23" c="4 20" t="1"/>
		<b id="24" c="5 21" t="1"/>
		<b id="25" c="8 22" t="1"/>
		<b id="26" c="12 23" t="1"/>
		<b id="27" c="13 24" t="1"/>
		<b id="28" c="14 25" t="1"/>
		<b id="29" c="17 26" t="1"/>
		<b id="30" c="17 27" t="1"/>
		<b id="31" c="18 28" t="1"/>
		<b id="32" c="18 29" t="1"/>
	</bonds>
	<geometry>
		<g u="A" t="cart/3d">#29,3:-0.9636,0.3023,-2.2339;0.1934,0.1160,-0.9879;0.3385,1.1415,-0.1734;1.2417,0.9804,0.7876;1.9768,-0.1767,0.9305;1.7371,-1.2072,0.0046;2.4239,-2.4697,0.0292;3.3795,-2.8852,0.9431;3.7843,-4.1401,0.6489;3.1120,-4.5591,-0.4642;3.2748,-5.7927,-1.0789;2.5398,-6.0102,-2.2266;1.6737,-5.0127,-2.6931;1.4979,-3.7995,-2.0580;2.2444,-3.5516,-0.9053;4.1440,-6.6991,-0.5168;4.3792,-6.4558,0.8554;4.8029,-5.0071,1.1729;0.8264,-1.0312,-0.9605;1.3610,1.8240,1.4556;2.7036,-0.2826,1.7167;3.7907,-2.3627,1.7857;2.6352,-6.9438,-2.7568;1.1118,-5.2168,-3.5923;0.8147,-3.0578,-2.4348;5.1681,-7.1506,1.1485;3.4668,-6.6829,1.4256;5.7643,-4.7907,0.6897;4.9108,-4.8803,2.2527;</g>
	</geometry>
	<conformers/>
	<properties/>
</molecule>
