<?xml version="1.0" ?>
<!--MOLLI PACKAGE EXPERIMENTAL XML FORMAT-->
<molecule name="el3474">
	<atoms>
		<a id="1" s="C" t="C.3" l="C"/>
		<a id="2" s="O" t="O.3" l="O"/>
		<a id="3" s="C" t="C.ar" l="C"/>
		<a id="4" s="C" t="C.ar" l="C"/>
		<a id="5" s="C" t="C.ar" l="C"/>
		<a id="6" s="C" t="C.ar" l="C"/>
		<a id="7" s="C" t="C.3" l="C"/>
		<a id="8" s="N" t="N.ar" l="N"/>
		<a id="9" s="N" t="N.ar" l="N"/>
		<a id="10" s="C" t="C.ar" l="C"/>
		<a id="11" s="C" t="C.ar" l="C"/>
		<a id="12" s="C" t="C.ar" l="C"/>
		<a id="13" s="C" t="C.ar" l="C"/>
		<a id="14" s="Cl" t="Cl" l="CL"/>
		<a id="15" s="N" t="N.ar" l="N"/>
		<a id="16" s="C" t="C.ar" l="C"/>
		<a id="17" s="N" t="N.pl3" l="N"/>
		<a id="18" s="C" t="C.3" l="C"/>
		<a id="19" s="C" t="C.3" l="C"/>
		<a id="20" s="N" t="N.3" l="N"/>
		<a id="21" s="C" t="C.3" l="C"/>
		<a id="22" s="C" t="C.3" l="C"/>
		<a id="23" s="C" t="C.3" l="C"/>
		<a id="24" s="C" t="C.ar" l="C"/>
		<a id="25" s="C" t="C.ar" l="C"/>
		<a id="26" s="C" t="C.ar" l="C"/>
		<a id="27" s="H" t="H" l="H"/>
		<a id="28" s="H" t="H" l="H"/>
		<a id="29" s="H" t="H" l="H"/>
		<a id="30" s="H" t="H" l="H"/>
		<a id="31" s="H" t="H" l="H"/>
		<a id="32" s="H" t="H" l="H"/>
		<a id="33" s="H" t="H" l="H"/>
		<a id="34" s="H" t="H" l="H"/>
		<a id="35" s="H" t="H" l="H"/>
		<a id="36" s="H" t="H" l="H"/>
		<a id="37" s="H" t="H" l="H"/>
		<a id="38" s="H" t="H" l="H"/>
		<a id="39" s="H" t="H" l="H"/>
		<a id="40" s="H" t="H" l="H"/>
		<a id="41" s="H" t="H" l="H"/>
		<a id="42" s="H" t="H" l="H"/>
		<a id="43" s="H" t="H" l="H"/>
		<a id="44" s="H" t="H" l="H"/>
		<a id="45" s="H" t="H" l="H"/>
		<a id="46" s="H" t="H" l="H"/>
		<a id="47" s="H" t="H" l="H"/>
		<a id="48" s="H" t="H" l="H"/>
	</atoms>
	<bonds>
		<b id="1" c="1 2" t="1"/>
		<b id="2" c="2 3" t="1"/>
		<b id="3" c="3 4" t="ar"/>
		<b id="4" c="4 5" t="ar"/>
		<b id="5" c="5 6" t="ar"/>
		<b id="6" c="6 7" t="1"/>
		<b id="7" c="7 8" t="1"/>
		<b id="8" c="8 9" t="ar"/>
		<b id="9" c="9 10" t="ar"/>
		<b id="10" c="10 11" t="ar"/>
		<b id="11" c="11 12" t="ar"/>
		<b id="12" c="12 13" t="ar"/>
		<b id="13" c="13 14" t="1"/>
		<b id="14" c="13 15" t="ar"/>
		<b id="15" c="15 16" t="ar"/>
		<b id="16" c="16 17" t="1"/>
		<b id="17" c="17 18" t="1"/>
		<b id="18" c="18 19" t="1"/>
		<b id="19" c="19 20" t="1"/>
		<b id="20" c="20 21" t="1"/>
		<b id="21" c="20 22" t="1"/>
		<b id="22" c="22 23" t="1"/>
		<b id="23" c="17 23" t="1"/>
		<b id="24" c="16 24" t="ar"/>
		<b id="25" c="11 24" t="ar"/>
		<b id="26" c="8 24" t="ar"/>
		<b id="27" c="6 25" t="ar"/>
		<b id="28" c="25 26" t="ar"/>
		<b id="29" c="3 26" t="ar"/>
		<b id="30" c="1 27" t="1"/>
		<b id="31" c="1 28" t="1"/>
		<b id="32" c="1 29" t="1"/>
		<b id="33" c="4 30" t="1"/>
		<b id="34" c="5 31" t="1"/>
		<b id="35" c="7 32" t="1"/>
		<b id="36" c="7 33" t="1"/>
		<b id="37" c="10 34" t="1"/>
		<b id="38" c="12 35" t="1"/>
		<b id="39" c="18 36" t="1"/>
		<b id="40" c="18 37" t="1"/>
		<b id="41" c="19 38" t="1"/>
		<b id="42" c="19 39" t="1"/>
		<b id="43" c="21 40" t="1"/>
		<b id="44" c="21 41" t="1"/>
		<b id="45" c="21 42" t="1"/>
		<b id="46" c="22 43" t="1"/>
		<b id="47" c="22 44" t="1"/>
		<b id="48" c="23 45" t="1"/>
		<b id="49" c="23 46" t="1"/>
		<b id="50" c="25 47" t="1"/>
		<b id="51" c="26 48" t="1"/>
	</bonds>
	<geometry>
		<g u="A" t="cart/3d">#48,3:11.5053,-6.2206,-0.9735;10.5459,-5.4224,-0.3228;9.3100,-5.3056,-0.8790;8.9018,-5.9167,-2.0589;7.6136,-5.7223,-2.5291;6.7176,-4.9134,-1.8492;5.3057,-4.7111,-2.3526;5.1878,-4.7600,-3.7872;5.0526,-5.9491,-4.3763;4.7923,-5.7551,-5.6453;4.7162,-4.3717,-5.9257;4.3453,-3.6028,-7.0393;4.2497,-2.2570,-6.7985;3.7136,-1.1871,-8.0468;4.5710,-1.6516,-5.6605;4.9929,-2.3347,-4.6131;5.3390,-1.6411,-3.4700;4.9617,-0.2392,-3.4155;5.9604,0.6656,-4.1357;7.2876,0.4651,-3.5774;8.2573,1.3664,-4.1589;7.6750,-0.9226,-3.7327;6.6943,-1.8222,-2.9761;5.0066,-3.7480,-4.6848;7.1278,-4.3106,-0.6640;8.4037,-4.5027,-0.1828;12.4001,-6.1672,-0.3555;11.7337,-5.8392,-1.9739;11.1785,-7.2628,-1.0465;9.5712,-6.5498,-2.6191;7.3028,-6.2150,-3.4385;4.9098,-3.7550,-2.0036;4.6767,-5.5196,-1.9604;4.6463,-6.5828,-6.3092;4.1191,-4.0411,-7.9954;4.9226,0.0361,-2.3574;3.9744,-0.1298,-3.8632;5.6747,1.7089,-3.9869;5.9320,0.4418,-5.2146;7.9388,2.3919,-3.9795;8.3782,1.2208,-5.2437;9.2213,1.2106,-3.6764;8.6771,-1.0585,-3.3192;7.6920,-1.2251,-4.7976;6.7079,-1.5550,-1.9163;7.0032,-2.8600,-3.0903;6.4382,-3.6868,-0.1146;8.7304,-4.0396,0.7344;</g>
	</geometry>
	<conformers/>
	<properties/>
</molecule>
