<?xml version="1.0" ?>
<!--MOLLI PACKAGE EXPERIMENTAL XML FORMAT-->
<molecule name="el3475">
	<atoms>
		<a id="1" s="Cl" t="Cl" l="CL"/>
		<a id="2" s="C" t="C.ar" l="C"/>
		<a id="3" s="N" t="N.ar" l="N"/>
		<a id="4" s="C" t="C.ar" l="C"/>
		<a id="5" s="N" t="N.pl3" l="N"/>
		<a id="6" s="C" t="C.3" l="C"/>
		<a id="7" s="C" t="C.3" l="C"/>
		<a id="8" s="O" t="O.3" l="O"/>
		<a id="9" s="C" t="C.3" l="C"/>
		<a id="10" s="C" t="C.3" l="C"/>
		<a id="11" s="C" t="C.ar" l="C"/>
		<a id="12" s="C" t="C.ar" l="C"/>
		<a id="13" s="C" t="C.ar" l="C"/>
		<a id="14" s="C" t="C.ar" l="C"/>
		<a id="15" s="C" t="C.ar" l="C"/>
		<a id="16" s="C" t="C.ar" l="C"/>
		<a id="17" s="N" t="N.ar" l="N"/>
		<a id="18" s="H" t="H" l="H"/>
		<a id="19" s="H" t="H" l="H"/>
		<a id="20" s="H" t="H" l="H"/>
		<a id="21" s="H" t="H" l="H"/>
		<a id="22" s="H" t="H" l="H"/>
		<a id="23" s="H" t="H" l="H"/>
		<a id="24" s="H" t="H" l="H"/>
		<a id="25" s="H" t="H" l="H"/>
		<a id="26" s="H" t="H" l="H"/>
		<a id="27" s="H" t="H" l="H"/>
		<a id="28" s="H" t="H" l="H"/>
		<a id="29" s="H" t="H" l="H"/>
	</atoms>
	<bonds>
		<b id="1" c="1 2" t="1"/>
		<b id="2" c="2 3" t="ar"/>
		<b id="3" c="3 4" t="ar"/>
		<b id="4" c="4 5" t="1"/>
		<b id="5" c="5 6" t="1"/>
		<b id="6" c="6 7" t="1"/>
		<b id="7" c="7 8" t="1"/>
		<b id="8" c="8 9" t="1"/>
		<b id="9" c="9 10" t="1"/>
		<b id="10" c="5 10" t="1"/>
		<b id="11" c="4 11" t="ar"/>
		<b id="12" c="11 12" t="ar"/>
		<b id="13" c="12 13" t="ar"/>
		<b id="14" c="13 14" t="ar"/>
		<b id="15" c="14 15" t="ar"/>
		<b id="16" c="15 16" t="ar"/>
		<b id="17" c="11 16" t="ar"/>
		<b id="18" c="16 17" t="ar"/>
		<b id="19" c="2 17" t="ar"/>
		<b id="20" c="6 18" t="1"/>
		<b id="21" c="6 19" t="1"/>
		<b id="22" c="7 20" t="1"/>
		<b id="23" c="7 21" t="1"/>
		<b id="24" c="9 22" t="1"/>
		<b id="25" c="9 23" t="1"/>
		<b id="26" c="10 24" t="1"/>
		<b id="27" c="10 25" t="1"/>
		<b id="28" c="12 26" t="1"/>
		<b id="29" c="13 27" t="1"/>
		<b id="30" c="14 28" t="1"/>
		<b id="31" c="15 29" t="1"/>
	</bonds>
	<geometry>
		<g u="A" t="cart/3d">#29,3:1.2309,-0.1003,0.7811;2.8946,-0.1040,0.3797;3.4677,-1.2979,0.3963;4.7587,-1.3740,0.0933;5.2570,-2.6192,-0.0487;4.4782,-3.7722,0.3582;5.4161,-4.7324,1.0990;6.5205,-5.1030,0.3032;7.2560,-3.9771,-0.1111;6.3588,-3.0143,-0.8969;5.5326,-0.1672,-0.0351;6.9323,-0.0588,0.0001;7.5424,1.1577,-0.1788;6.7820,2.3120,-0.3926;5.4148,2.2552,-0.3472;4.7663,1.0281,-0.1255;3.4229,1.0335,0.0515;4.0569,-4.2719,-0.5220;3.6671,-3.4410,1.0039;4.8979,-5.6592,1.3477;5.7680,-4.2521,2.0247;8.0664,-4.3534,-0.7373;7.6798,-3.4597,0.7641;5.9494,-3.5602,-1.7594;6.9103,-2.1539,-1.2659;7.5383,-0.9229,0.2250;8.6193,1.2273,-0.1437;7.2815,3.2556,-0.5541;4.8014,3.1366,-0.4410;</g>
	</geometry>
	<conformers/>
	<properties/>
</molecule>
