<?xml version="1.0" ?>
<!--MOLLI PACKAGE EXPERIMENTAL XML FORMAT-->
<molecule name="el3477">
	<atoms>
		<a id="1" s="C" t="C.3" l="C"/>
		<a id="2" s="C" t="C.3" l="C"/>
		<a id="3" s="C" t="C.3" l="C"/>
		<a id="4" s="C" t="C.3" l="C"/>
		<a id="5" s="C" t="C.ar" l="C"/>
		<a id="6" s="N" t="N.ar" l="N"/>
		<a id="7" s="C" t="C.ar" l="C"/>
		<a id="8" s="C" t="C.ar" l="C"/>
		<a id="9" s="F" t="F" l="F"/>
		<a id="10" s="C" t="C.ar" l="C"/>
		<a id="11" s="C" t="C.ar" l="C"/>
		<a id="12" s="C" t="C.ar" l="C"/>
		<a id="13" s="N" t="N.ar" l="N"/>
		<a id="14" s="C" t="C.ar" l="C"/>
		<a id="15" s="Cl" t="Cl" l="CL"/>
		<a id="16" s="N" t="N.ar" l="N"/>
		<a id="17" s="C" t="C.ar" l="C"/>
		<a id="18" s="C" t="C.ar" l="C"/>
		<a id="19" s="F" t="F" l="F"/>
		<a id="20" s="C" t="C.ar" l="C"/>
		<a id="21" s="C" t="C.ar" l="C"/>
		<a id="22" s="N" t="N.ar" l="N"/>
		<a id="23" s="C" t="C.3" l="C"/>
		<a id="24" s="H" t="H" l="H"/>
		<a id="25" s="H" t="H" l="H"/>
		<a id="26" s="H" t="H" l="H"/>
		<a id="27" s="H" t="H" l="H"/>
		<a id="28" s="H" t="H" l="H"/>
		<a id="29" s="H" t="H" l="H"/>
		<a id="30" s="H" t="H" l="H"/>
		<a id="31" s="H" t="H" l="H"/>
		<a id="32" s="H" t="H" l="H"/>
		<a id="33" s="H" t="H" l="H"/>
		<a id="34" s="H" t="H" l="H"/>
		<a id="35" s="H" t="H" l="H"/>
		<a id="36" s="H" t="H" l="H"/>
	</atoms>
	<bonds>
		<b id="1" c="1 2" t="1"/>
		<b id="2" c="2 3" t="1"/>
		<b id="3" c="3 4" t="1"/>
		<b id="4" c="4 5" t="1"/>
		<b id="5" c="5 6" t="ar"/>
		<b id="6" c="6 7" t="ar"/>
		<b id="7" c="7 8" t="ar"/>
		<b id="8" c="8 9" t="1"/>
		<b id="9" c="8 10" t="ar"/>
		<b id="10" c="10 11" t="ar"/>
		<b id="11" c="11 12" t="1"/>
		<b id="12" c="12 13" t="ar"/>
		<b id="13" c="13 14" t="ar"/>
		<b id="14" c="14 15" t="1"/>
		<b id="15" c="14 16" t="ar"/>
		<b id="16" c="16 17" t="ar"/>
		<b id="17" c="17 18" t="ar"/>
		<b id="18" c="12 18" t="ar"/>
		<b id="19" c="18 19" t="1"/>
		<b id="20" c="11 20" t="ar"/>
		<b id="21" c="20 21" t="ar"/>
		<b id="22" c="7 21" t="ar"/>
		<b id="23" c="21 22" t="ar"/>
		<b id="24" c="5 22" t="ar"/>
		<b id="25" c="22 23" t="1"/>
		<b id="26" c="3 23" t="1"/>
		<b id="27" c="1 24" t="1"/>
		<b id="28" c="1 25" t="1"/>
		<b id="29" c="1 26" t="1"/>
		<b id="30" c="2 27" t="1"/>
		<b id="31" c="2 28" t="1"/>
		<b id="32" c="3 29" t="1"/>
		<b id="33" c="4 30" t="1"/>
		<b id="34" c="4 31" t="1"/>
		<b id="35" c="10 32" t="1"/>
		<b id="36" c="17 33" t="1"/>
		<b id="37" c="20 34" t="1"/>
		<b id="38" c="23 35" t="1"/>
		<b id="39" c="23 36" t="1"/>
	</bonds>
	<geometry>
		<g u="A" t="cart/3d">#36,3:1.0021,0.1136,-0.6602;2.1645,0.2104,0.3213;3.1825,1.2884,-0.0671;4.4543,1.1835,0.8088;4.1792,2.1559,1.8937;4.6611,2.4033,3.0768;3.9212,3.4602,3.5345;3.9559,4.1718,4.7315;4.8508,3.8726,5.6866;3.0675,5.2006,4.9493;2.1207,5.5614,3.9744;1.1736,6.6521,4.1802;0.6087,7.1617,3.0809;-0.2518,8.1441,3.2055;-0.9267,8.7438,1.7620;-0.6530,8.7188,4.3248;-0.1300,8.2311,5.4372;0.7883,7.1948,5.4176;1.2552,6.7318,6.5884;2.0670,4.8864,2.7555;2.9538,3.8494,2.5581;3.1618,2.9805,1.5275;2.6316,2.7052,0.2226;0.3011,-0.6504,-0.3354;1.3644,-0.1538,-1.6501;0.4634,1.0543,-0.7387;2.6713,-0.7559,0.3516;1.7891,0.4176,1.3257;3.4256,1.1783,-1.1258;5.3469,1.4892,0.2584;4.6222,0.1787,1.1911;3.1364,5.7311,5.8838;-0.4547,8.6764,6.3671;1.3453,5.1794,2.0112;3.0021,3.4404,-0.5010;1.5408,2.7391,0.2266;</g>
	</geometry>
	<conformers/>
	<properties/>
</molecule>
