<?xml version="1.0" ?>
<!--MOLLI PACKAGE EXPERIMENTAL XML FORMAT-->
<molecule name="el3479">
	<atoms>
		<a id="1" s="F" t="F" l="F"/>
		<a id="2" s="C" t="C.ar" l="C"/>
		<a id="3" s="C" t="C.ar" l="C"/>
		<a id="4" s="N" t="N.ar" l="N"/>
		<a id="5" s="C" t="C.ar" l="C"/>
		<a id="6" s="Cl" t="Cl" l="CL"/>
		<a id="7" s="N" t="N.ar" l="N"/>
		<a id="8" s="C" t="C.ar" l="C"/>
		<a id="9" s="C" t="C.ar" l="C"/>
		<a id="10" s="C" t="C.ar" l="C"/>
		<a id="11" s="C" t="C.ar" l="C"/>
		<a id="12" s="F" t="F" l="F"/>
		<a id="13" s="C" t="C.ar" l="C"/>
		<a id="14" s="N" t="N.ar" l="N"/>
		<a id="15" s="C" t="C.ar" l="C"/>
		<a id="16" s="N" t="N.ar" l="N"/>
		<a id="17" s="C" t="C.ar" l="C"/>
		<a id="18" s="C" t="C.ar" l="C"/>
		<a id="19" s="C" t="C.3" l="C"/>
		<a id="20" s="C" t="C.3" l="C"/>
		<a id="21" s="C" t="C.3" l="C"/>
		<a id="22" s="C" t="C.3" l="C"/>
		<a id="23" s="H" t="H" l="H"/>
		<a id="24" s="H" t="H" l="H"/>
		<a id="25" s="H" t="H" l="H"/>
		<a id="26" s="H" t="H" l="H"/>
		<a id="27" s="H" t="H" l="H"/>
		<a id="28" s="H" t="H" l="H"/>
		<a id="29" s="H" t="H" l="H"/>
		<a id="30" s="H" t="H" l="H"/>
		<a id="31" s="H" t="H" l="H"/>
		<a id="32" s="H" t="H" l="H"/>
		<a id="33" s="H" t="H" l="H"/>
	</atoms>
	<bonds>
		<b id="1" c="1 2" t="1"/>
		<b id="2" c="2 3" t="ar"/>
		<b id="3" c="3 4" t="ar"/>
		<b id="4" c="4 5" t="ar"/>
		<b id="5" c="5 6" t="1"/>
		<b id="6" c="5 7" t="ar"/>
		<b id="7" c="7 8" t="ar"/>
		<b id="8" c="2 8" t="ar"/>
		<b id="9" c="8 9" t="1"/>
		<b id="10" c="9 10" t="ar"/>
		<b id="11" c="10 11" t="ar"/>
		<b id="12" c="11 12" t="1"/>
		<b id="13" c="11 13" t="ar"/>
		<b id="14" c="13 14" t="ar"/>
		<b id="15" c="14 15" t="ar"/>
		<b id="16" c="15 16" t="ar"/>
		<b id="17" c="16 17" t="ar"/>
		<b id="18" c="13 17" t="ar"/>
		<b id="19" c="17 18" t="ar"/>
		<b id="20" c="9 18" t="ar"/>
		<b id="21" c="16 19" t="1"/>
		<b id="22" c="19 20" t="1"/>
		<b id="23" c="20 21" t="1"/>
		<b id="24" c="21 22" t="1"/>
		<b id="25" c="15 22" t="1"/>
		<b id="26" c="3 23" t="1"/>
		<b id="27" c="10 24" t="1"/>
		<b id="28" c="18 25" t="1"/>
		<b id="29" c="19 26" t="1"/>
		<b id="30" c="19 27" t="1"/>
		<b id="31" c="20 28" t="1"/>
		<b id="32" c="20 29" t="1"/>
		<b id="33" c="21 30" t="1"/>
		<b id="34" c="21 31" t="1"/>
		<b id="35" c="22 32" t="1"/>
		<b id="36" c="22 33" t="1"/>
	</bonds>
	<geometry>
		<g u="A" t="cart/3d">#33,3:0.4876,2.8264,-2.3139;1.1105,1.8549,-1.6188;1.3881,0.6618,-2.2626;2.0161,-0.3288,-1.6518;2.3679,-0.0965,-0.3992;3.1906,-1.3507,0.4028;2.1518,0.9960,0.2950;1.5074,2.0153,-0.2799;1.2973,3.2036,0.5400;2.0791,3.3324,1.7050;1.9565,4.4189,2.5352;2.7279,4.5049,3.6302;1.0317,5.4182,2.2298;0.6902,6.5785,2.8574;-0.2499,7.1125,2.1253;-0.5607,6.3710,1.0235;0.2446,5.2612,1.0585;0.3576,4.1769,0.2096;-1.5808,6.6746,0.0531;-1.9753,8.1454,0.1560;-2.2303,8.5117,1.6162;-0.9268,8.4042,2.4057;1.1027,0.4994,-3.2927;2.7872,2.5550,1.9396;-0.2770,4.0927,-0.6559;-1.1993,6.4429,-0.9464;-2.4544,6.0365,0.2409;-2.8666,8.3176,-0.4476;-1.1709,8.7698,-0.2382;-2.9752,7.8327,2.0370;-2.6217,9.5267,1.6882;-1.0964,8.4879,3.4798;-0.2497,9.2161,2.1222;</g>
	</geometry>
	<conformers/>
	<properties/>
</molecule>
