<?xml version="1.0" ?>
<!--MOLLI PACKAGE EXPERIMENTAL XML FORMAT-->
<molecule name="el3048">
	<atoms>
		<a id="1" s="C" t="C.3" l="C"/>
		<a id="2" s="O" t="O.3" l="O"/>
		<a id="3" s="C" t="C.ar" l="C"/>
		<a id="4" s="C" t="C.ar" l="C"/>
		<a id="5" s="C" t="C.ar" l="C"/>
		<a id="6" s="C" t="C.ar" l="C"/>
		<a id="7" s="C" t="C.ar" l="C"/>
		<a id="8" s="C" t="C.ar" l="C"/>
		<a id="9" s="N" t="N.ar" l="N"/>
		<a id="10" s="C" t="C.ar" l="C"/>
		<a id="11" s="C" t="C.ar" l="C"/>
		<a id="12" s="Cl" t="Cl" l="CL"/>
		<a id="13" s="C" t="C.ar" l="C"/>
		<a id="14" s="C" t="C.ar" l="C"/>
		<a id="15" s="C" t="C.ar" l="C"/>
		<a id="16" s="N" t="N.ar" l="N"/>
		<a id="17" s="C" t="C.ar" l="C"/>
		<a id="18" s="C" t="C.ar" l="C"/>
		<a id="19" s="C" t="C.ar" l="C"/>
		<a id="20" s="C" t="C.ar" l="C"/>
		<a id="21" s="N" t="N.ar" l="N"/>
		<a id="22" s="C" t="C.ar" l="C"/>
		<a id="23" s="N" t="N.pl3" l="N"/>
		<a id="24" s="C" t="C.3" l="C"/>
		<a id="25" s="C" t="C.3" l="C"/>
		<a id="26" s="C" t="C.3" l="C"/>
		<a id="27" s="C" t="C.3" l="C"/>
		<a id="28" s="C" t="C.3" l="C"/>
		<a id="29" s="N" t="N.ar" l="N"/>
		<a id="30" s="C" t="C.ar" l="C"/>
		<a id="31" s="H" t="H" l="H"/>
		<a id="32" s="H" t="H" l="H"/>
		<a id="33" s="H" t="H" l="H"/>
		<a id="34" s="H" t="H" l="H"/>
		<a id="35" s="H" t="H" l="H"/>
		<a id="36" s="H" t="H" l="H"/>
		<a id="37" s="H" t="H" l="H"/>
		<a id="38" s="H" t="H" l="H"/>
		<a id="39" s="H" t="H" l="H"/>
		<a id="40" s="H" t="H" l="H"/>
		<a id="41" s="H" t="H" l="H"/>
		<a id="42" s="H" t="H" l="H"/>
		<a id="43" s="H" t="H" l="H"/>
		<a id="44" s="H" t="H" l="H"/>
		<a id="45" s="H" t="H" l="H"/>
		<a id="46" s="H" t="H" l="H"/>
		<a id="47" s="H" t="H" l="H"/>
		<a id="48" s="H" t="H" l="H"/>
		<a id="49" s="H" t="H" l="H"/>
		<a id="50" s="H" t="H" l="H"/>
		<a id="51" s="H" t="H" l="H"/>
		<a id="52" s="H" t="H" l="H"/>
	</atoms>
	<bonds>
		<b id="1" c="1 2" t="1"/>
		<b id="2" c="2 3" t="1"/>
		<b id="3" c="3 4" t="ar"/>
		<b id="4" c="4 5" t="ar"/>
		<b id="5" c="5 6" t="ar"/>
		<b id="6" c="6 7" t="ar"/>
		<b id="7" c="7 8" t="1"/>
		<b id="8" c="8 9" t="ar"/>
		<b id="9" c="9 10" t="ar"/>
		<b id="10" c="10 11" t="ar"/>
		<b id="11" c="11 12" t="1"/>
		<b id="12" c="11 13" t="ar"/>
		<b id="13" c="13 14" t="ar"/>
		<b id="14" c="14 15" t="ar"/>
		<b id="15" c="15 16" t="ar"/>
		<b id="16" c="10 16" t="ar"/>
		<b id="17" c="16 17" t="ar"/>
		<b id="18" c="8 17" t="ar"/>
		<b id="19" c="17 18" t="1"/>
		<b id="20" c="18 19" t="ar"/>
		<b id="21" c="19 20" t="ar"/>
		<b id="22" c="20 21" t="ar"/>
		<b id="23" c="21 22" t="ar"/>
		<b id="24" c="22 23" t="1"/>
		<b id="25" c="23 24" t="1"/>
		<b id="26" c="24 25" t="1"/>
		<b id="27" c="25 26" t="1"/>
		<b id="28" c="26 27" t="1"/>
		<b id="29" c="27 28" t="1"/>
		<b id="30" c="24 28" t="1"/>
		<b id="31" c="22 29" t="ar"/>
		<b id="32" c="18 29" t="ar"/>
		<b id="33" c="7 30" t="ar"/>
		<b id="34" c="3 30" t="ar"/>
		<b id="35" c="1 31" t="1"/>
		<b id="36" c="1 32" t="1"/>
		<b id="37" c="1 33" t="1"/>
		<b id="38" c="4 34" t="1"/>
		<b id="39" c="5 35" t="1"/>
		<b id="40" c="6 36" t="1"/>
		<b id="41" c="13 37" t="1"/>
		<b id="42" c="14 38" t="1"/>
		<b id="43" c="15 39" t="1"/>
		<b id="44" c="19 40" t="1"/>
		<b id="45" c="20 41" t="1"/>
		<b id="46" c="23 42" t="1"/>
		<b id="47" c="24 43" t="1"/>
		<b id="48" c="25 44" t="1"/>
		<b id="49" c="25 45" t="1"/>
		<b id="50" c="26 46" t="1"/>
		<b id="51" c="26 47" t="1"/>
		<b id="52" c="27 48" t="1"/>
		<b id="53" c="27 49" t="1"/>
		<b id="54" c="28 50" t="1"/>
		<b id="55" c="28 51" t="1"/>
		<b id="56" c="30 52" t="1"/>
	</bonds>
	<geometry>
		<g u="A" t="cart/3d">#52,3:1.7267,4.2651,-0.7408;3.0023,3.9506,-1.2441;3.2623,2.6570,-1.5956;2.3651,1.6028,-1.4652;2.7396,0.3315,-1.8734;3.9941,0.0937,-2.3934;4.9073,1.1421,-2.5048;6.2333,0.8703,-3.0415;6.4204,-0.0471,-4.0131;7.7080,-0.0429,-4.2887;8.4465,-0.8044,-5.2126;7.6023,-1.9260,-6.1957;9.8034,-0.6412,-5.2992;10.4476,0.2787,-4.4483;9.7369,1.0243,-3.5586;8.3898,0.8870,-3.4968;7.4473,1.4704,-2.6976;7.7114,2.4770,-1.6826;8.5547,3.5715,-1.8970;8.6697,4.4669,-0.8442;8.0196,4.3299,0.2935;7.2187,3.2558,0.3978;6.5486,3.1229,1.5522;5.5616,2.1040,1.8066;4.1239,2.6697,1.8071;3.7104,2.7195,3.2765;4.3806,1.4783,3.8586;5.7616,1.4797,3.2031;7.0606,2.3178,-0.5369;4.5303,2.4197,-2.1197;1.7401,5.3377,-0.5527;1.5218,3.7373,0.1966;0.9400,4.0367,-1.4672;1.3773,1.7569,-1.0600;2.0320,-0.4794,-1.7798;4.2881,-0.8914,-2.7174;10.3755,-1.2206,-6.0041;11.5179,0.3902,-4.5012;10.1944,1.7217,-2.8750;9.0516,3.7388,-2.8384;9.3037,5.3424,-0.9169;6.6403,3.8842,2.2070;5.6847,1.3726,1.0060;3.4718,1.9874,1.2606;4.0871,3.6424,1.3174;2.6293,2.7099,3.4060;4.1052,3.6163,3.7557;3.8256,0.5880,3.5602;4.4386,1.4995,4.9456;6.1927,0.4821,3.1446;6.4451,2.1069,3.7783;5.1994,3.2575,-2.2290;</g>
	</geometry>
	<conformers/>
	<properties/>
</molecule>
