<?xml version="1.0" ?>
<!--MOLLI PACKAGE EXPERIMENTAL XML FORMAT-->
<molecule name="el3483">
	<atoms>
		<a id="1" s="C" t="C.3" l="C"/>
		<a id="2" s="C" t="C.3" l="C"/>
		<a id="3" s="C" t="C.3" l="C"/>
		<a id="4" s="C" t="C.ar" l="C"/>
		<a id="5" s="C" t="C.ar" l="C"/>
		<a id="6" s="C" t="C.ar" l="C"/>
		<a id="7" s="C" t="C.ar" l="C"/>
		<a id="8" s="C" t="C.ar" l="C"/>
		<a id="9" s="N" t="N.ar" l="N"/>
		<a id="10" s="C" t="C.ar" l="C"/>
		<a id="11" s="Cl" t="Cl" l="CL"/>
		<a id="12" s="N" t="N.ar" l="N"/>
		<a id="13" s="C" t="C.ar" l="C"/>
		<a id="14" s="C" t="C.ar" l="C"/>
		<a id="15" s="F" t="F" l="F"/>
		<a id="16" s="C" t="C.ar" l="C"/>
		<a id="17" s="C" t="C.ar" l="C"/>
		<a id="18" s="C" t="C.ar" l="C"/>
		<a id="19" s="N" t="N.ar" l="N"/>
		<a id="20" s="N" t="N.ar" l="N"/>
		<a id="21" s="C" t="C.3" l="C"/>
		<a id="22" s="H" t="H" l="H"/>
		<a id="23" s="H" t="H" l="H"/>
		<a id="24" s="H" t="H" l="H"/>
		<a id="25" s="H" t="H" l="H"/>
		<a id="26" s="H" t="H" l="H"/>
		<a id="27" s="H" t="H" l="H"/>
		<a id="28" s="H" t="H" l="H"/>
		<a id="29" s="H" t="H" l="H"/>
		<a id="30" s="H" t="H" l="H"/>
		<a id="31" s="H" t="H" l="H"/>
		<a id="32" s="H" t="H" l="H"/>
		<a id="33" s="H" t="H" l="H"/>
		<a id="34" s="H" t="H" l="H"/>
		<a id="35" s="H" t="H" l="H"/>
	</atoms>
	<bonds>
		<b id="1" c="1 2" t="1"/>
		<b id="2" c="2 3" t="1"/>
		<b id="3" c="2 4" t="1"/>
		<b id="4" c="4 5" t="ar"/>
		<b id="5" c="5 6" t="ar"/>
		<b id="6" c="6 7" t="ar"/>
		<b id="7" c="7 8" t="1"/>
		<b id="8" c="8 9" t="ar"/>
		<b id="9" c="9 10" t="ar"/>
		<b id="10" c="10 11" t="1"/>
		<b id="11" c="10 12" t="ar"/>
		<b id="12" c="12 13" t="ar"/>
		<b id="13" c="13 14" t="ar"/>
		<b id="14" c="8 14" t="ar"/>
		<b id="15" c="14 15" t="1"/>
		<b id="16" c="7 16" t="ar"/>
		<b id="17" c="16 17" t="ar"/>
		<b id="18" c="17 18" t="ar"/>
		<b id="19" c="5 18" t="ar"/>
		<b id="20" c="18 19" t="ar"/>
		<b id="21" c="19 20" t="ar"/>
		<b id="22" c="4 20" t="ar"/>
		<b id="23" c="20 21" t="1"/>
		<b id="24" c="1 22" t="1"/>
		<b id="25" c="1 23" t="1"/>
		<b id="26" c="1 24" t="1"/>
		<b id="27" c="2 25" t="1"/>
		<b id="28" c="3 26" t="1"/>
		<b id="29" c="3 27" t="1"/>
		<b id="30" c="3 28" t="1"/>
		<b id="31" c="6 29" t="1"/>
		<b id="32" c="13 30" t="1"/>
		<b id="33" c="16 31" t="1"/>
		<b id="34" c="17 32" t="1"/>
		<b id="35" c="21 33" t="1"/>
		<b id="36" c="21 34" t="1"/>
		<b id="37" c="21 35" t="1"/>
	</bonds>
	<geometry>
		<g u="A" t="cart/3d">#35,3:1.2250,0.7052,0.7930;2.4604,0.0525,0.1620;3.5581,1.0862,-0.1023;2.9174,-1.1178,0.9726;2.6959,-2.4772,0.6896;2.0644,-3.1803,-0.3352;2.0404,-4.5624,-0.2759;1.3631,-5.2735,-1.3517;0.5013,-4.5590,-2.0858;-0.1463,-5.1481,-3.0610;-1.2264,-4.1713,-3.9461;-0.0612,-6.4122,-3.4329;0.7962,-7.1496,-2.7446;1.5347,-6.6258,-1.6990;2.4098,-7.4331,-1.0720;2.6383,-5.2474,0.8181;3.2540,-4.5814,1.8362;3.2958,-3.1775,1.7867;3.8229,-2.3083,2.6466;3.5795,-1.0997,2.1425;4.0647,0.0217,2.8966;0.8513,1.4926,0.1431;1.4574,1.1445,1.7602;0.4381,-0.0325,0.9305;2.1557,-0.3629,-0.8048;3.7582,1.6940,0.7754;3.2426,1.7516,-0.9024;4.4792,0.5965,-0.4113;1.6012,-2.6752,-1.1682;0.8970,-8.1847,-3.0395;2.5853,-6.3225,0.8599;3.6971,-5.1043,2.6682;4.3503,-0.3566,3.8767;3.2926,0.7809,3.0097;4.9417,0.4614,2.4189;</g>
	</geometry>
	<conformers/>
	<properties/>
</molecule>
