<?xml version="1.0" ?>
<!--MOLLI PACKAGE EXPERIMENTAL XML FORMAT-->
<molecule name="el3484">
	<atoms>
		<a id="1" s="C" t="C.3" l="C"/>
		<a id="2" s="O" t="O.3" l="O"/>
		<a id="3" s="C" t="C.ar" l="C"/>
		<a id="4" s="C" t="C.ar" l="C"/>
		<a id="5" s="C" t="C.ar" l="C"/>
		<a id="6" s="C" t="C.ar" l="C"/>
		<a id="7" s="C" t="C.ar" l="C"/>
		<a id="8" s="C" t="C.ar" l="C"/>
		<a id="9" s="Cl" t="Cl" l="CL"/>
		<a id="10" s="N" t="N.ar" l="N"/>
		<a id="11" s="C" t="C.ar" l="C"/>
		<a id="12" s="C" t="C.ar" l="C"/>
		<a id="13" s="C" t="C.2" l="C"/>
		<a id="14" s="C" t="C.2" l="C"/>
		<a id="15" s="C" t="C.3" l="C"/>
		<a id="16" s="C" t="C.3" l="C"/>
		<a id="17" s="C" t="C.3" l="C"/>
		<a id="18" s="C" t="C.3" l="C"/>
		<a id="19" s="C" t="C.ar" l="C"/>
		<a id="20" s="C" t="C.ar" l="C"/>
		<a id="21" s="C" t="C.ar" l="C"/>
		<a id="22" s="C" t="C.ar" l="C"/>
		<a id="23" s="C" t="C.ar" l="C"/>
		<a id="24" s="C" t="C.ar" l="C"/>
		<a id="25" s="C" t="C.ar" l="C"/>
		<a id="26" s="N" t="N.ar" l="N"/>
		<a id="27" s="N" t="N.ar" l="N"/>
		<a id="28" s="C" t="C.ar" l="C"/>
		<a id="29" s="O" t="O.3" l="O"/>
		<a id="30" s="C" t="C.3" l="C"/>
		<a id="31" s="C" t="C.ar" l="C"/>
		<a id="32" s="C" t="C.ar" l="C"/>
		<a id="33" s="H" t="H" l="H"/>
		<a id="34" s="H" t="H" l="H"/>
		<a id="35" s="H" t="H" l="H"/>
		<a id="36" s="H" t="H" l="H"/>
		<a id="37" s="H" t="H" l="H"/>
		<a id="38" s="H" t="H" l="H"/>
		<a id="39" s="H" t="H" l="H"/>
		<a id="40" s="H" t="H" l="H"/>
		<a id="41" s="H" t="H" l="H"/>
		<a id="42" s="H" t="H" l="H"/>
		<a id="43" s="H" t="H" l="H"/>
		<a id="44" s="H" t="H" l="H"/>
		<a id="45" s="H" t="H" l="H"/>
		<a id="46" s="H" t="H" l="H"/>
		<a id="47" s="H" t="H" l="H"/>
		<a id="48" s="H" t="H" l="H"/>
		<a id="49" s="H" t="H" l="H"/>
		<a id="50" s="H" t="H" l="H"/>
		<a id="51" s="H" t="H" l="H"/>
		<a id="52" s="H" t="H" l="H"/>
		<a id="53" s="H" t="H" l="H"/>
		<a id="54" s="H" t="H" l="H"/>
		<a id="55" s="H" t="H" l="H"/>
		<a id="56" s="H" t="H" l="H"/>
	</atoms>
	<bonds>
		<b id="1" c="1 2" t="1"/>
		<b id="2" c="2 3" t="1"/>
		<b id="3" c="3 4" t="ar"/>
		<b id="4" c="4 5" t="ar"/>
		<b id="5" c="5 6" t="ar"/>
		<b id="6" c="6 7" t="1"/>
		<b id="7" c="7 8" t="ar"/>
		<b id="8" c="8 9" t="1"/>
		<b id="9" c="8 10" t="ar"/>
		<b id="10" c="10 11" t="ar"/>
		<b id="11" c="11 12" t="ar"/>
		<b id="12" c="12 13" t="1"/>
		<b id="13" c="13 14" t="2"/>
		<b id="14" c="14 15" t="1"/>
		<b id="15" c="15 16" t="1"/>
		<b id="16" c="16 17" t="1"/>
		<b id="17" c="17 18" t="1"/>
		<b id="18" c="13 18" t="1"/>
		<b id="19" c="12 19" t="ar"/>
		<b id="20" c="19 20" t="1"/>
		<b id="21" c="20 21" t="ar"/>
		<b id="22" c="21 22" t="ar"/>
		<b id="23" c="22 23" t="ar"/>
		<b id="24" c="23 24" t="ar"/>
		<b id="25" c="24 25" t="ar"/>
		<b id="26" c="20 25" t="ar"/>
		<b id="27" c="19 26" t="ar"/>
		<b id="28" c="26 27" t="ar"/>
		<b id="29" c="11 27" t="ar"/>
		<b id="30" c="27 28" t="ar"/>
		<b id="31" c="7 28" t="ar"/>
		<b id="32" c="28 29" t="1"/>
		<b id="33" c="29 30" t="1"/>
		<b id="34" c="6 31" t="ar"/>
		<b id="35" c="31 32" t="ar"/>
		<b id="36" c="3 32" t="ar"/>
		<b id="37" c="1 33" t="1"/>
		<b id="38" c="1 34" t="1"/>
		<b id="39" c="1 35" t="1"/>
		<b id="40" c="4 36" t="1"/>
		<b id="41" c="5 37" t="1"/>
		<b id="42" c="14 38" t="1"/>
		<b id="43" c="15 39" t="1"/>
		<b id="44" c="15 40" t="1"/>
		<b id="45" c="16 41" t="1"/>
		<b id="46" c="16 42" t="1"/>
		<b id="47" c="17 43" t="1"/>
		<b id="48" c="17 44" t="1"/>
		<b id="49" c="18 45" t="1"/>
		<b id="50" c="18 46" t="1"/>
		<b id="51" c="21 47" t="1"/>
		<b id="52" c="22 48" t="1"/>
		<b id="53" c="23 49" t="1"/>
		<b id="54" c="24 50" t="1"/>
		<b id="55" c="25 51" t="1"/>
		<b id="56" c="30 52" t="1"/>
		<b id="57" c="30 53" t="1"/>
		<b id="58" c="30 54" t="1"/>
		<b id="59" c="31 55" t="1"/>
		<b id="60" c="32 56" t="1"/>
	</bonds>
	<geometry>
		<g u="A" t="cart/3d">#56,3:3.0668,0.2429,-1.2358;2.6612,-0.0849,0.0712;3.5244,-0.7738,0.8664;4.7996,-1.1844,0.4941;5.5901,-1.8831,1.3892;5.1335,-2.1845,2.6651;5.9835,-2.9355,3.6072;6.5165,-4.2096,3.2998;6.1192,-4.9464,1.8018;7.2799,-4.9042,4.0881;7.5839,-4.3769,5.2692;8.3629,-4.8509,6.3189;9.0166,-6.1579,6.3668;9.7832,-6.5746,5.3635;10.4527,-7.9116,5.3198;9.8707,-8.8707,6.3544;9.7199,-8.1582,7.6937;8.7076,-7.0261,7.5587;8.2976,-3.8322,7.2930;8.9912,-3.7544,8.5714;10.2314,-4.3667,8.7451;10.8866,-4.2771,9.9586;10.3182,-3.5752,11.0091;9.0935,-2.9503,10.8378;8.4342,-3.0350,9.6265;7.5288,-2.8165,6.8973;7.0881,-3.1272,5.6775;6.2907,-2.4027,4.8535;5.8047,-1.1994,5.1586;6.0213,-0.6096,6.4299;3.8572,-1.7666,3.0352;3.0633,-1.0735,2.1500;2.2271,0.7755,-1.6798;3.2799,-0.6534,-1.8280;3.9469,0.8949,-1.2324;5.1915,-0.9672,-0.4869;6.5815,-2.1871,1.0887;9.9682,-5.9193,4.5240;11.5255,-7.7754,5.5011;10.3514,-8.3316,4.3158;10.5149,-9.7464,6.4567;8.8887,-9.2113,6.0200;10.6859,-7.7495,7.9990;9.3921,-8.8588,8.4644;8.6827,-6.4246,8.4697;7.7046,-7.4445,7.4204;10.6818,-4.8980,7.9199;11.8473,-4.7547,10.0857;10.8313,-3.5109,11.9574;8.6518,-2.3958,11.6531;7.4807,-2.5512,9.4808;5.4899,0.3400,6.3872;7.0814,-0.4395,6.6187;5.6129,-1.2297,7.2288;3.4840,-1.9981,4.0209;2.0718,-0.7509,2.4258;</g>
	</geometry>
	<conformers/>
	<properties/>
</molecule>
