<?xml version="1.0" ?>
<!--MOLLI PACKAGE EXPERIMENTAL XML FORMAT-->
<molecule name="el3485">
	<atoms>
		<a id="1" s="O" t="O.2" l="O"/>
		<a id="2" s="C" t="C.2" l="C"/>
		<a id="3" s="N" t="N.am" l="N"/>
		<a id="4" s="C" t="C.ar" l="C"/>
		<a id="5" s="C" t="C.ar" l="C"/>
		<a id="6" s="C" t="C.ar" l="C"/>
		<a id="7" s="C" t="C.ar" l="C"/>
		<a id="8" s="F" t="F" l="F"/>
		<a id="9" s="C" t="C.ar" l="C"/>
		<a id="10" s="C" t="C.ar" l="C"/>
		<a id="11" s="C" t="C.3" l="C"/>
		<a id="12" s="C" t="C.2" l="C"/>
		<a id="13" s="O" t="O.2" l="O"/>
		<a id="14" s="N" t="N.am" l="N"/>
		<a id="15" s="C" t="C.ar" l="C"/>
		<a id="16" s="C" t="C.ar" l="C"/>
		<a id="17" s="C" t="C.ar" l="C"/>
		<a id="18" s="C" t="C.ar" l="C"/>
		<a id="19" s="O" t="O.3" l="O"/>
		<a id="20" s="C" t="C.ar" l="C"/>
		<a id="21" s="C" t="C.ar" l="C"/>
		<a id="22" s="C" t="C.ar" l="C"/>
		<a id="23" s="N" t="N.ar" l="N"/>
		<a id="24" s="C" t="C.ar" l="C"/>
		<a id="25" s="Cl" t="Cl" l="CL"/>
		<a id="26" s="C" t="C.ar" l="C"/>
		<a id="27" s="C" t="C.ar" l="C"/>
		<a id="28" s="C" t="C.ar" l="C"/>
		<a id="29" s="C" t="C.3" l="C"/>
		<a id="30" s="C" t="C.3" l="C"/>
		<a id="31" s="H" t="H" l="H"/>
		<a id="32" s="H" t="H" l="H"/>
		<a id="33" s="H" t="H" l="H"/>
		<a id="34" s="H" t="H" l="H"/>
		<a id="35" s="H" t="H" l="H"/>
		<a id="36" s="H" t="H" l="H"/>
		<a id="37" s="H" t="H" l="H"/>
		<a id="38" s="H" t="H" l="H"/>
		<a id="39" s="H" t="H" l="H"/>
		<a id="40" s="H" t="H" l="H"/>
		<a id="41" s="H" t="H" l="H"/>
		<a id="42" s="H" t="H" l="H"/>
		<a id="43" s="H" t="H" l="H"/>
		<a id="44" s="H" t="H" l="H"/>
		<a id="45" s="H" t="H" l="H"/>
		<a id="46" s="H" t="H" l="H"/>
		<a id="47" s="H" t="H" l="H"/>
	</atoms>
	<bonds>
		<b id="1" c="1 2" t="2"/>
		<b id="2" c="2 3" t="am"/>
		<b id="3" c="3 4" t="1"/>
		<b id="4" c="4 5" t="ar"/>
		<b id="5" c="5 6" t="ar"/>
		<b id="6" c="6 7" t="ar"/>
		<b id="7" c="7 8" t="1"/>
		<b id="8" c="7 9" t="ar"/>
		<b id="9" c="9 10" t="ar"/>
		<b id="10" c="4 10" t="ar"/>
		<b id="11" c="2 11" t="1"/>
		<b id="12" c="11 12" t="1"/>
		<b id="13" c="12 13" t="2"/>
		<b id="14" c="12 14" t="am"/>
		<b id="15" c="14 15" t="1"/>
		<b id="16" c="15 16" t="ar"/>
		<b id="17" c="16 17" t="ar"/>
		<b id="18" c="17 18" t="ar"/>
		<b id="19" c="18 19" t="1"/>
		<b id="20" c="19 20" t="1"/>
		<b id="21" c="20 21" t="ar"/>
		<b id="22" c="21 22" t="ar"/>
		<b id="23" c="22 23" t="ar"/>
		<b id="24" c="23 24" t="ar"/>
		<b id="25" c="24 25" t="1"/>
		<b id="26" c="24 26" t="ar"/>
		<b id="27" c="20 26" t="ar"/>
		<b id="28" c="18 27" t="ar"/>
		<b id="29" c="27 28" t="ar"/>
		<b id="30" c="15 28" t="ar"/>
		<b id="31" c="11 29" t="1"/>
		<b id="32" c="29 30" t="1"/>
		<b id="33" c="11 30" t="1"/>
		<b id="34" c="3 31" t="1"/>
		<b id="35" c="5 32" t="1"/>
		<b id="36" c="6 33" t="1"/>
		<b id="37" c="9 34" t="1"/>
		<b id="38" c="10 35" t="1"/>
		<b id="39" c="14 36" t="1"/>
		<b id="40" c="16 37" t="1"/>
		<b id="41" c="17 38" t="1"/>
		<b id="42" c="21 39" t="1"/>
		<b id="43" c="22 40" t="1"/>
		<b id="44" c="26 41" t="1"/>
		<b id="45" c="27 42" t="1"/>
		<b id="46" c="28 43" t="1"/>
		<b id="47" c="29 44" t="1"/>
		<b id="48" c="29 45" t="1"/>
		<b id="49" c="30 46" t="1"/>
		<b id="50" c="30 47" t="1"/>
	</bonds>
	<geometry>
		<g u="A" t="cart/3d">#47,3:1.0874,-0.2003,-0.3616;2.1243,0.0321,0.2298;2.2459,0.1668,1.5665;1.2581,0.0603,2.5456;-0.0815,-0.1953,2.2603;-1.0019,-0.2914,3.2874;-0.5786,-0.1288,4.5932;-1.4791,-0.2239,5.5970;0.7456,0.1292,4.9013;1.6606,0.2228,3.8722;3.4119,0.1989,-0.5723;4.7223,0.4466,0.1115;4.8404,0.5274,1.3259;5.7824,0.5723,-0.7296;7.1301,0.7963,-0.4255;7.6265,0.8614,0.8730;8.9734,1.0778,1.0912;9.8437,1.2248,0.0182;11.1819,1.5129,0.1811;11.9352,0.8325,1.0748;13.1582,1.4030,1.4431;13.9689,0.7079,2.3161;13.6536,-0.4728,2.8268;12.5068,-1.0042,2.4641;12.1413,-2.5451,3.1330;11.6004,-0.4152,1.5946;9.3521,1.1716,-1.2809;8.0070,0.9592,-1.4978;3.1559,0.8319,-1.9345;3.3973,-0.6269,-1.8527;3.1911,0.3461,1.9112;-0.3941,-0.3209,1.2375;-2.0414,-0.4917,3.0817;1.0450,0.2520,5.9302;2.6994,0.4227,4.0911;5.6010,0.5150,-1.7212;6.9583,0.7493,1.7092;9.3481,1.1427,2.1017;13.4416,2.3620,1.0430;14.9210,1.1074,2.6352;10.6847,-0.9176,1.3286;10.0330,1.3012,-2.1070;7.6329,0.9167,-2.5111;3.8974,1.4978,-2.3510;2.1380,1.1511,-2.1038;4.3218,-1.0593,-2.2061;2.5390,-1.2726,-1.9674;</g>
	</geometry>
	<conformers/>
	<properties/>
</molecule>
