<?xml version="1.0" ?>
<!--MOLLI PACKAGE EXPERIMENTAL XML FORMAT-->
<molecule name="el3486">
	<atoms>
		<a id="1" s="C" t="C.3" l="C"/>
		<a id="2" s="C" t="C.3" l="C"/>
		<a id="3" s="C" t="C.3" l="C"/>
		<a id="4" s="C" t="C.3" l="C"/>
		<a id="5" s="Si" t="Si" l="SI"/>
		<a id="6" s="C" t="C.3" l="C"/>
		<a id="7" s="C" t="C.3" l="C"/>
		<a id="8" s="O" t="O.3" l="O"/>
		<a id="9" s="C" t="C.3" l="C"/>
		<a id="10" s="C" t="C.3" l="C"/>
		<a id="11" s="O" t="O.3" l="O"/>
		<a id="12" s="C" t="C.2" l="C"/>
		<a id="13" s="O" t="O.2" l="O"/>
		<a id="14" s="C" t="C.3" l="C"/>
		<a id="15" s="C" t="C.3" l="C"/>
		<a id="16" s="C" t="C.3" l="C"/>
		<a id="17" s="C" t="C.ar" l="C"/>
		<a id="18" s="C" t="C.ar" l="C"/>
		<a id="19" s="C" t="C.ar" l="C"/>
		<a id="20" s="C" t="C.ar" l="C"/>
		<a id="21" s="Cl" t="Cl" l="CL"/>
		<a id="22" s="C" t="C.ar" l="C"/>
		<a id="23" s="C" t="C.ar" l="C"/>
		<a id="24" s="S" t="S.3" l="S"/>
		<a id="25" s="C" t="C.3" l="C"/>
		<a id="26" s="C" t="C.3" l="C"/>
		<a id="27" s="C" t="C.3" l="C"/>
		<a id="28" s="S" t="S.3" l="S"/>
		<a id="29" s="H" t="H" l="H"/>
		<a id="30" s="H" t="H" l="H"/>
		<a id="31" s="H" t="H" l="H"/>
		<a id="32" s="H" t="H" l="H"/>
		<a id="33" s="H" t="H" l="H"/>
		<a id="34" s="H" t="H" l="H"/>
		<a id="35" s="H" t="H" l="H"/>
		<a id="36" s="H" t="H" l="H"/>
		<a id="37" s="H" t="H" l="H"/>
		<a id="38" s="H" t="H" l="H"/>
		<a id="39" s="H" t="H" l="H"/>
		<a id="40" s="H" t="H" l="H"/>
		<a id="41" s="H" t="H" l="H"/>
		<a id="42" s="H" t="H" l="H"/>
		<a id="43" s="H" t="H" l="H"/>
		<a id="44" s="H" t="H" l="H"/>
		<a id="45" s="H" t="H" l="H"/>
		<a id="46" s="H" t="H" l="H"/>
		<a id="47" s="H" t="H" l="H"/>
		<a id="48" s="H" t="H" l="H"/>
		<a id="49" s="H" t="H" l="H"/>
		<a id="50" s="H" t="H" l="H"/>
		<a id="51" s="H" t="H" l="H"/>
		<a id="52" s="H" t="H" l="H"/>
		<a id="53" s="H" t="H" l="H"/>
		<a id="54" s="H" t="H" l="H"/>
		<a id="55" s="H" t="H" l="H"/>
		<a id="56" s="H" t="H" l="H"/>
		<a id="57" s="H" t="H" l="H"/>
		<a id="58" s="H" t="H" l="H"/>
		<a id="59" s="H" t="H" l="H"/>
	</atoms>
	<bonds>
		<b id="1" c="1 2" t="1"/>
		<b id="2" c="2 3" t="1"/>
		<b id="3" c="2 4" t="1"/>
		<b id="4" c="2 5" t="1"/>
		<b id="5" c="5 6" t="1"/>
		<b id="6" c="5 7" t="1"/>
		<b id="7" c="5 8" t="1"/>
		<b id="8" c="8 9" t="1"/>
		<b id="9" c="9 10" t="1"/>
		<b id="10" c="10 11" t="1"/>
		<b id="11" c="11 12" t="1"/>
		<b id="12" c="12 13" t="2"/>
		<b id="13" c="12 14" t="1"/>
		<b id="14" c="14 15" t="1"/>
		<b id="15" c="10 15" t="1"/>
		<b id="16" c="16 17" t="1"/>
		<b id="17" c="17 18" t="ar"/>
		<b id="18" c="18 19" t="ar"/>
		<b id="19" c="19 20" t="ar"/>
		<b id="20" c="20 21" t="1"/>
		<b id="21" c="20 22" t="ar"/>
		<b id="22" c="22 23" t="ar"/>
		<b id="23" c="17 23" t="ar"/>
		<b id="24" c="16 24" t="1"/>
		<b id="25" c="24 25" t="1"/>
		<b id="26" c="25 26" t="1"/>
		<b id="27" c="26 27" t="1"/>
		<b id="28" c="27 28" t="1"/>
		<b id="29" c="16 28" t="1"/>
		<b id="30" c="15 16" t="1"/>
		<b id="31" c="1 29" t="1"/>
		<b id="32" c="1 30" t="1"/>
		<b id="33" c="1 31" t="1"/>
		<b id="34" c="3 32" t="1"/>
		<b id="35" c="3 33" t="1"/>
		<b id="36" c="3 34" t="1"/>
		<b id="37" c="4 35" t="1"/>
		<b id="38" c="4 36" t="1"/>
		<b id="39" c="4 37" t="1"/>
		<b id="40" c="6 38" t="1"/>
		<b id="41" c="6 39" t="1"/>
		<b id="42" c="6 40" t="1"/>
		<b id="43" c="7 41" t="1"/>
		<b id="44" c="7 42" t="1"/>
		<b id="45" c="7 43" t="1"/>
		<b id="46" c="9 44" t="1"/>
		<b id="47" c="9 45" t="1"/>
		<b id="48" c="10 46" t="1"/>
		<b id="49" c="14 47" t="1"/>
		<b id="50" c="14 48" t="1"/>
		<b id="51" c="15 49" t="1"/>
		<b id="52" c="18 50" t="1"/>
		<b id="53" c="19 51" t="1"/>
		<b id="54" c="22 52" t="1"/>
		<b id="55" c="23 53" t="1"/>
		<b id="56" c="25 54" t="1"/>
		<b id="57" c="25 55" t="1"/>
		<b id="58" c="26 56" t="1"/>
		<b id="59" c="26 57" t="1"/>
		<b id="60" c="27 58" t="1"/>
		<b id="61" c="27 59" t="1"/>
	</bonds>
	<geometry>
		<g u="A" t="cart/3d">#59,3:4.1176,6.1198,-3.1653;3.2649,5.0546,-3.8585;1.8869,5.6453,-4.1574;3.9352,4.6790,-5.1817;3.0862,3.5097,-2.7357;2.2828,3.9054,-1.0501;2.0834,2.1096,-3.5583;4.6525,3.0498,-2.5480;5.1546,2.1335,-1.6332;6.6835,2.1071,-1.7337;7.2082,3.1408,-0.9073;8.2232,2.7243,-0.1481;8.7814,3.4185,0.6483;8.5577,1.2783,-0.4866;7.3358,0.7887,-1.2542;7.5826,-0.2077,-2.4014;6.2471,-0.5368,-3.0441;5.8530,-0.0001,-4.2631;4.6176,-0.3006,-4.8070;3.7561,-1.1439,-4.1268;2.2137,-1.5255,-4.7993;4.1248,-1.6844,-2.9051;5.3613,-1.3774,-2.3726;8.6879,0.4574,-3.7227;10.4257,0.0841,-3.2832;10.6641,-1.3541,-2.8702;9.9905,-1.6688,-1.5479;8.1832,-1.8263,-1.7207;4.2486,6.9845,-3.8157;5.0982,5.7200,-2.9210;3.6442,6.4561,-2.2457;1.9795,6.5197,-4.8006;1.3894,5.9506,-3.2402;1.2552,4.9182,-4.6620;4.0667,5.5635,-5.8048;3.3297,3.9631,-5.7322;4.9111,4.2377,-4.9986;1.2910,4.3290,-1.1584;2.8826,4.6109,-0.4836;2.1835,3.0047,-0.4501;1.0661,2.4139,-3.7809;2.0265,1.2374,-2.9126;2.5436,1.7914,-4.4886;4.7472,1.1380,-1.8381;4.8774,2.4232,-0.6130;6.9649,2.3325,-2.7708;8.7778,0.7078,0.4132;9.4502,1.3156,-1.1112;6.6494,0.2967,-0.5552;6.5100,0.6589,-4.8073;4.3304,0.1175,-5.7583;3.4521,-2.3415,-2.3770;5.6437,-1.8084,-1.4239;10.7767,0.7791,-2.5188;10.9423,0.3108,-4.2164;11.7414,-1.5111,-2.7693;10.2880,-2.0297,-3.6419;10.2262,-0.9270,-0.7854;10.2825,-2.6541,-1.1847;</g>
	</geometry>
	<conformers/>
	<properties/>
</molecule>
