<?xml version="1.0" ?>
<!--MOLLI PACKAGE EXPERIMENTAL XML FORMAT-->
<molecule name="el3488">
	<atoms>
		<a id="1" s="C" t="C.3" l="C"/>
		<a id="2" s="C" t="C.ar" l="C"/>
		<a id="3" s="C" t="C.ar" l="C"/>
		<a id="4" s="C" t="C.ar" l="C"/>
		<a id="5" s="C" t="C.ar" l="C"/>
		<a id="6" s="C" t="C.ar" l="C"/>
		<a id="7" s="C" t="C.3" l="C"/>
		<a id="8" s="N" t="N.am" l="N"/>
		<a id="9" s="C" t="C.3" l="C"/>
		<a id="10" s="C" t="C.ar" l="C"/>
		<a id="11" s="C" t="C.ar" l="C"/>
		<a id="12" s="C" t="C.ar" l="C"/>
		<a id="13" s="C" t="C.ar" l="C"/>
		<a id="14" s="C" t="C.ar" l="C"/>
		<a id="15" s="C" t="C.ar" l="C"/>
		<a id="16" s="C" t="C.ar" l="C"/>
		<a id="17" s="N" t="N.ar" l="N"/>
		<a id="18" s="C" t="C.ar" l="C"/>
		<a id="19" s="Cl" t="Cl" l="CL"/>
		<a id="20" s="N" t="N.ar" l="N"/>
		<a id="21" s="C" t="C.ar" l="C"/>
		<a id="22" s="C" t="C.ar" l="C"/>
		<a id="23" s="C" t="C.2" l="C"/>
		<a id="24" s="O" t="O.2" l="O"/>
		<a id="25" s="N" t="N.ar" l="N"/>
		<a id="26" s="H" t="H" l="H"/>
		<a id="27" s="H" t="H" l="H"/>
		<a id="28" s="H" t="H" l="H"/>
		<a id="29" s="H" t="H" l="H"/>
		<a id="30" s="H" t="H" l="H"/>
		<a id="31" s="H" t="H" l="H"/>
		<a id="32" s="H" t="H" l="H"/>
		<a id="33" s="H" t="H" l="H"/>
		<a id="34" s="H" t="H" l="H"/>
		<a id="35" s="H" t="H" l="H"/>
		<a id="36" s="H" t="H" l="H"/>
		<a id="37" s="H" t="H" l="H"/>
		<a id="38" s="H" t="H" l="H"/>
		<a id="39" s="H" t="H" l="H"/>
		<a id="40" s="H" t="H" l="H"/>
	</atoms>
	<bonds>
		<b id="1" c="1 2" t="1"/>
		<b id="2" c="2 3" t="ar"/>
		<b id="3" c="3 4" t="ar"/>
		<b id="4" c="4 5" t="ar"/>
		<b id="5" c="5 6" t="ar"/>
		<b id="6" c="6 7" t="1"/>
		<b id="7" c="7 8" t="1"/>
		<b id="8" c="8 9" t="1"/>
		<b id="9" c="9 10" t="1"/>
		<b id="10" c="10 11" t="ar"/>
		<b id="11" c="11 12" t="ar"/>
		<b id="12" c="12 13" t="ar"/>
		<b id="13" c="13 14" t="1"/>
		<b id="14" c="14 15" t="ar"/>
		<b id="15" c="15 16" t="ar"/>
		<b id="16" c="16 17" t="ar"/>
		<b id="17" c="17 18" t="ar"/>
		<b id="18" c="18 19" t="1"/>
		<b id="19" c="18 20" t="ar"/>
		<b id="20" c="14 20" t="ar"/>
		<b id="21" c="13 21" t="ar"/>
		<b id="22" c="21 22" t="ar"/>
		<b id="23" c="10 22" t="ar"/>
		<b id="24" c="22 23" t="1"/>
		<b id="25" c="8 23" t="am"/>
		<b id="26" c="23 24" t="2"/>
		<b id="27" c="6 25" t="ar"/>
		<b id="28" c="2 25" t="ar"/>
		<b id="29" c="1 26" t="1"/>
		<b id="30" c="1 27" t="1"/>
		<b id="31" c="1 28" t="1"/>
		<b id="32" c="3 29" t="1"/>
		<b id="33" c="4 30" t="1"/>
		<b id="34" c="5 31" t="1"/>
		<b id="35" c="7 32" t="1"/>
		<b id="36" c="7 33" t="1"/>
		<b id="37" c="9 34" t="1"/>
		<b id="38" c="9 35" t="1"/>
		<b id="39" c="11 36" t="1"/>
		<b id="40" c="12 37" t="1"/>
		<b id="41" c="15 38" t="1"/>
		<b id="42" c="16 39" t="1"/>
		<b id="43" c="21 40" t="1"/>
	</bonds>
	<geometry>
		<g u="A" t="cart/3d">#40,3:0.6277,6.4861,-1.2261;-0.0554,5.7033,-0.1492;-0.2583,6.2238,1.1249;-0.8996,5.4437,2.0737;-1.3122,4.1691,1.7262;-1.0621,3.7308,0.4301;-1.5025,2.3573,-0.0144;-2.9360,2.2251,0.0322;-3.7940,2.9182,-0.8989;-5.1623,2.5288,-0.4380;-6.4104,2.8419,-0.9408;-7.5238,2.3226,-0.3035;-7.4101,1.5035,0.8256;-8.6350,0.9908,1.4459;-8.6856,0.4514,2.7363;-9.9169,0.0023,3.1806;-11.0125,0.0744,2.4391;-10.8587,0.6122,1.2448;-12.2614,0.7281,0.2785;-9.7489,1.0685,0.7128;-6.1462,1.1859,1.3244;-5.0407,1.7050,0.6813;-3.6018,1.5279,0.9919;-3.0890,0.9013,1.8954;-0.4609,4.4819,-0.4781;0.9370,7.4626,-0.8647;-0.0436,6.6119,-2.0735;1.4996,5.9391,-1.5790;0.0807,7.2197,1.3668;-1.0705,5.8236,3.0706;-1.8083,3.5211,2.4317;-1.0974,1.5979,0.6612;-1.1439,2.1795,-1.0325;-3.5954,2.5955,-1.9283;-3.6326,4.0025,-0.8504;-6.5192,3.4729,-1.8099;-8.5148,2.5398,-0.6696;-7.8159,0.3959,3.3676;-10.0480,-0.4323,4.1626;-6.0066,0.5364,2.1737;</g>
	</geometry>
	<conformers/>
	<properties/>
</molecule>
