<?xml version="1.0" ?>
<!--MOLLI PACKAGE EXPERIMENTAL XML FORMAT-->
<molecule name="el3049">
	<atoms>
		<a id="1" s="N" t="N.1" l="N"/>
		<a id="2" s="C" t="C.1" l="C"/>
		<a id="3" s="C" t="C.ar" l="C"/>
		<a id="4" s="C" t="C.ar" l="C"/>
		<a id="5" s="C" t="C.ar" l="C"/>
		<a id="6" s="C" t="C.ar" l="C"/>
		<a id="7" s="C" t="C.ar" l="C"/>
		<a id="8" s="N" t="N.ar" l="N"/>
		<a id="9" s="C" t="C.ar" l="C"/>
		<a id="10" s="C" t="C.ar" l="C"/>
		<a id="11" s="Cl" t="Cl" l="CL"/>
		<a id="12" s="C" t="C.ar" l="C"/>
		<a id="13" s="C" t="C.ar" l="C"/>
		<a id="14" s="C" t="C.ar" l="C"/>
		<a id="15" s="N" t="N.ar" l="N"/>
		<a id="16" s="C" t="C.ar" l="C"/>
		<a id="17" s="C" t="C.ar" l="C"/>
		<a id="18" s="C" t="C.ar" l="C"/>
		<a id="19" s="C" t="C.ar" l="C"/>
		<a id="20" s="N" t="N.ar" l="N"/>
		<a id="21" s="C" t="C.ar" l="C"/>
		<a id="22" s="N" t="N.pl3" l="N"/>
		<a id="23" s="C" t="C.3" l="C"/>
		<a id="24" s="C" t="C.3" l="C"/>
		<a id="25" s="C" t="C.3" l="C"/>
		<a id="26" s="C" t="C.3" l="C"/>
		<a id="27" s="C" t="C.3" l="C"/>
		<a id="28" s="N" t="N.ar" l="N"/>
		<a id="29" s="C" t="C.ar" l="C"/>
		<a id="30" s="C" t="C.ar" l="C"/>
		<a id="31" s="H" t="H" l="H"/>
		<a id="32" s="H" t="H" l="H"/>
		<a id="33" s="H" t="H" l="H"/>
		<a id="34" s="H" t="H" l="H"/>
		<a id="35" s="H" t="H" l="H"/>
		<a id="36" s="H" t="H" l="H"/>
		<a id="37" s="H" t="H" l="H"/>
		<a id="38" s="H" t="H" l="H"/>
		<a id="39" s="H" t="H" l="H"/>
		<a id="40" s="H" t="H" l="H"/>
		<a id="41" s="H" t="H" l="H"/>
		<a id="42" s="H" t="H" l="H"/>
		<a id="43" s="H" t="H" l="H"/>
		<a id="44" s="H" t="H" l="H"/>
		<a id="45" s="H" t="H" l="H"/>
		<a id="46" s="H" t="H" l="H"/>
		<a id="47" s="H" t="H" l="H"/>
		<a id="48" s="H" t="H" l="H"/>
		<a id="49" s="H" t="H" l="H"/>
	</atoms>
	<bonds>
		<b id="1" c="1 2" t="3"/>
		<b id="2" c="2 3" t="1"/>
		<b id="3" c="3 4" t="ar"/>
		<b id="4" c="4 5" t="ar"/>
		<b id="5" c="5 6" t="ar"/>
		<b id="6" c="6 7" t="1"/>
		<b id="7" c="7 8" t="ar"/>
		<b id="8" c="8 9" t="ar"/>
		<b id="9" c="9 10" t="ar"/>
		<b id="10" c="10 11" t="1"/>
		<b id="11" c="10 12" t="ar"/>
		<b id="12" c="12 13" t="ar"/>
		<b id="13" c="13 14" t="ar"/>
		<b id="14" c="14 15" t="ar"/>
		<b id="15" c="9 15" t="ar"/>
		<b id="16" c="15 16" t="ar"/>
		<b id="17" c="7 16" t="ar"/>
		<b id="18" c="16 17" t="1"/>
		<b id="19" c="17 18" t="ar"/>
		<b id="20" c="18 19" t="ar"/>
		<b id="21" c="19 20" t="ar"/>
		<b id="22" c="20 21" t="ar"/>
		<b id="23" c="21 22" t="1"/>
		<b id="24" c="22 23" t="1"/>
		<b id="25" c="23 24" t="1"/>
		<b id="26" c="24 25" t="1"/>
		<b id="27" c="25 26" t="1"/>
		<b id="28" c="26 27" t="1"/>
		<b id="29" c="23 27" t="1"/>
		<b id="30" c="21 28" t="ar"/>
		<b id="31" c="17 28" t="ar"/>
		<b id="32" c="6 29" t="ar"/>
		<b id="33" c="29 30" t="ar"/>
		<b id="34" c="3 30" t="ar"/>
		<b id="35" c="4 31" t="1"/>
		<b id="36" c="5 32" t="1"/>
		<b id="37" c="12 33" t="1"/>
		<b id="38" c="13 34" t="1"/>
		<b id="39" c="14 35" t="1"/>
		<b id="40" c="18 36" t="1"/>
		<b id="41" c="19 37" t="1"/>
		<b id="42" c="22 38" t="1"/>
		<b id="43" c="23 39" t="1"/>
		<b id="44" c="24 40" t="1"/>
		<b id="45" c="24 41" t="1"/>
		<b id="46" c="25 42" t="1"/>
		<b id="47" c="25 43" t="1"/>
		<b id="48" c="26 44" t="1"/>
		<b id="49" c="26 45" t="1"/>
		<b id="50" c="27 46" t="1"/>
		<b id="51" c="27 47" t="1"/>
		<b id="52" c="29 48" t="1"/>
		<b id="53" c="30 49" t="1"/>
	</bonds>
	<geometry>
		<g u="A" t="cart/3d">#49,3:-2.9991,0.3448,-0.1535;-1.8568,0.2641,-0.0862;-0.4497,0.1672,-0.0083;0.2685,1.0284,0.8238;1.6416,0.9304,0.8865;2.3218,-0.0188,0.1218;3.7702,-0.0896,0.2139;4.4096,0.2856,1.3438;5.6922,0.0828,1.1321;6.8042,0.3145,1.9650;6.5220,0.9232,3.5414;8.0659,0.0603,1.4987;8.2379,-0.4255,0.1869;7.1658,-0.6639,-0.6161;5.9147,-0.4352,-0.1456;4.6865,-0.5444,-0.7361;4.4869,-1.0147,-2.1006;5.0982,-2.1815,-2.5734;4.8253,-2.5220,-3.8886;4.0373,-1.8089,-4.6674;3.4831,-0.7160,-4.1222;2.6596,0.0280,-4.8725;2.3330,-0.2422,-6.2491;2.8067,0.8884,-7.1939;1.5333,1.5231,-7.7542;0.5469,0.3600,-7.7877;0.8106,-0.3531,-6.4642;3.6855,-0.2887,-2.8688;1.5956,-0.8918,-0.6883;0.2224,-0.7990,-0.7596;-0.2595,1.7650,1.4115;2.2136,1.5836,1.5261;8.9232,0.2395,2.1258;9.2321,-0.6079,-0.1858;7.2559,-1.0203,-1.6298;5.7134,-2.8000,-1.9411;5.2525,-3.4077,-4.3440;2.2637,0.8437,-4.4302;2.8357,-1.1806,-6.4888;3.3997,0.4651,-8.0037;3.4287,1.6064,-6.6614;1.6920,1.9683,-8.7350;1.1660,2.2990,-7.0808;0.7809,-0.3025,-8.6223;-0.4874,0.6865,-7.8852;0.4755,-1.3883,-6.4726;0.2939,0.1649,-5.6541;2.1086,-1.6541,-1.2528;-0.3412,-1.4728,-1.3884;</g>
	</geometry>
	<conformers/>
	<properties/>
</molecule>
