<?xml version="1.0" ?>
<!--MOLLI PACKAGE EXPERIMENTAL XML FORMAT-->
<molecule name="el3490">
	<atoms>
		<a id="1" s="C" t="C.3" l="C"/>
		<a id="2" s="C" t="C.3" l="C"/>
		<a id="3" s="C" t="C.3" l="C"/>
		<a id="4" s="C" t="C.3" l="C"/>
		<a id="5" s="O" t="O.3" l="O"/>
		<a id="6" s="C" t="C.2" l="C"/>
		<a id="7" s="O" t="O.2" l="O"/>
		<a id="8" s="N" t="N.am" l="N"/>
		<a id="9" s="C" t="C.2" l="C"/>
		<a id="10" s="O" t="O.2" l="O"/>
		<a id="11" s="O" t="O.3" l="O"/>
		<a id="12" s="C" t="C.3" l="C"/>
		<a id="13" s="C" t="C.3" l="C"/>
		<a id="14" s="C" t="C.3" l="C"/>
		<a id="15" s="C" t="C.3" l="C"/>
		<a id="16" s="C" t="C.ar" l="C"/>
		<a id="17" s="C" t="C.ar" l="C"/>
		<a id="18" s="N" t="N.ar" l="N"/>
		<a id="19" s="C" t="C.ar" l="C"/>
		<a id="20" s="C" t="C.ar" l="C"/>
		<a id="21" s="Cl" t="Cl" l="CL"/>
		<a id="22" s="N" t="N.ar" l="N"/>
		<a id="23" s="H" t="H" l="H"/>
		<a id="24" s="H" t="H" l="H"/>
		<a id="25" s="H" t="H" l="H"/>
		<a id="26" s="H" t="H" l="H"/>
		<a id="27" s="H" t="H" l="H"/>
		<a id="28" s="H" t="H" l="H"/>
		<a id="29" s="H" t="H" l="H"/>
		<a id="30" s="H" t="H" l="H"/>
		<a id="31" s="H" t="H" l="H"/>
		<a id="32" s="H" t="H" l="H"/>
		<a id="33" s="H" t="H" l="H"/>
		<a id="34" s="H" t="H" l="H"/>
		<a id="35" s="H" t="H" l="H"/>
		<a id="36" s="H" t="H" l="H"/>
		<a id="37" s="H" t="H" l="H"/>
		<a id="38" s="H" t="H" l="H"/>
		<a id="39" s="H" t="H" l="H"/>
		<a id="40" s="H" t="H" l="H"/>
		<a id="41" s="H" t="H" l="H"/>
		<a id="42" s="H" t="H" l="H"/>
	</atoms>
	<bonds>
		<b id="1" c="1 2" t="1"/>
		<b id="2" c="2 3" t="1"/>
		<b id="3" c="2 4" t="1"/>
		<b id="4" c="2 5" t="1"/>
		<b id="5" c="5 6" t="1"/>
		<b id="6" c="6 7" t="2"/>
		<b id="7" c="6 8" t="am"/>
		<b id="8" c="8 9" t="am"/>
		<b id="9" c="9 10" t="2"/>
		<b id="10" c="9 11" t="1"/>
		<b id="11" c="11 12" t="1"/>
		<b id="12" c="12 13" t="1"/>
		<b id="13" c="12 14" t="1"/>
		<b id="14" c="12 15" t="1"/>
		<b id="15" c="8 16" t="1"/>
		<b id="16" c="16 17" t="ar"/>
		<b id="17" c="17 18" t="ar"/>
		<b id="18" c="18 19" t="ar"/>
		<b id="19" c="19 20" t="ar"/>
		<b id="20" c="20 21" t="1"/>
		<b id="21" c="20 22" t="ar"/>
		<b id="22" c="16 22" t="ar"/>
		<b id="23" c="1 23" t="1"/>
		<b id="24" c="1 24" t="1"/>
		<b id="25" c="1 25" t="1"/>
		<b id="26" c="3 26" t="1"/>
		<b id="27" c="3 27" t="1"/>
		<b id="28" c="3 28" t="1"/>
		<b id="29" c="4 29" t="1"/>
		<b id="30" c="4 30" t="1"/>
		<b id="31" c="4 31" t="1"/>
		<b id="32" c="13 32" t="1"/>
		<b id="33" c="13 33" t="1"/>
		<b id="34" c="13 34" t="1"/>
		<b id="35" c="14 35" t="1"/>
		<b id="36" c="14 36" t="1"/>
		<b id="37" c="14 37" t="1"/>
		<b id="38" c="15 38" t="1"/>
		<b id="39" c="15 39" t="1"/>
		<b id="40" c="15 40" t="1"/>
		<b id="41" c="17 41" t="1"/>
		<b id="42" c="19 42" t="1"/>
	</bonds>
	<geometry>
		<g u="A" t="cart/3d">#42,3:1.9567,0.6850,-0.4858;2.8793,-0.4185,0.0247;3.9379,0.1340,0.9747;2.0748,-1.5378,0.6835;3.5403,-1.0826,-1.0936;4.2695,-0.4089,-1.9393;4.5141,0.7557,-1.9840;4.7996,-1.3313,-2.9352;3.9376,-1.8755,-3.8784;4.2681,-2.6799,-4.7059;2.7327,-1.3490,-3.6980;1.6056,-1.7765,-4.5134;1.3709,-3.2760,-4.3419;0.4286,-0.9803,-3.9503;1.8517,-1.4149,-5.9764;6.1523,-1.6002,-2.8268;6.9400,-2.2232,-3.8047;8.2320,-2.4001,-3.6122;8.7796,-1.9895,-2.4807;7.9845,-1.3995,-1.5045;8.6380,-0.8898,-0.0038;6.6918,-1.2095,-1.6741;1.3485,1.0564,0.3342;1.3028,0.2957,-1.2627;2.5345,1.5081,-0.8977;3.4561,0.5692,1.8457;4.5283,0.8996,0.4781;4.6039,-0.6625,1.2985;1.5533,-1.1586,1.5571;2.7379,-2.3428,0.9879;1.3469,-1.9366,-0.0185;1.2701,-3.5206,-3.2863;2.2017,-3.8415,-4.7548;0.4591,-3.5617,-4.8587;0.2467,-1.2631,-2.9165;-0.4667,-1.1796,-4.5315;0.6482,0.0836,-3.9891;2.6906,-1.9819,-6.3703;2.0709,-0.3530,-6.0673;0.9661,-1.6442,-6.5620;6.5274,-2.5803,-4.7338;9.8414,-2.1385,-2.3593;</g>
	</geometry>
	<conformers/>
	<properties/>
</molecule>
