<?xml version="1.0" ?>
<!--MOLLI PACKAGE EXPERIMENTAL XML FORMAT-->
<molecule name="el3494">
	<atoms>
		<a id="1" s="C" t="C.3" l="C"/>
		<a id="2" s="C" t="C.3" l="C"/>
		<a id="3" s="N" t="N.3" l="N"/>
		<a id="4" s="C" t="C.3" l="C"/>
		<a id="5" s="N" t="N.ar" l="N"/>
		<a id="6" s="C" t="C.ar" l="C"/>
		<a id="7" s="C" t="C.ar" l="C"/>
		<a id="8" s="C" t="C.ar" l="C"/>
		<a id="9" s="C" t="C.ar" l="C"/>
		<a id="10" s="C" t="C.ar" l="C"/>
		<a id="11" s="C" t="C.ar" l="C"/>
		<a id="12" s="C" t="C.ar" l="C"/>
		<a id="13" s="C" t="C.1" l="C"/>
		<a id="14" s="N" t="N.1" l="N"/>
		<a id="15" s="C" t="C.ar" l="C"/>
		<a id="16" s="Cl" t="Cl" l="CL"/>
		<a id="17" s="C" t="C.ar" l="C"/>
		<a id="18" s="N" t="N.ar" l="N"/>
		<a id="19" s="H" t="H" l="H"/>
		<a id="20" s="H" t="H" l="H"/>
		<a id="21" s="H" t="H" l="H"/>
		<a id="22" s="H" t="H" l="H"/>
		<a id="23" s="H" t="H" l="H"/>
		<a id="24" s="H" t="H" l="H"/>
		<a id="25" s="H" t="H" l="H"/>
		<a id="26" s="H" t="H" l="H"/>
		<a id="27" s="H" t="H" l="H"/>
		<a id="28" s="H" t="H" l="H"/>
		<a id="29" s="H" t="H" l="H"/>
		<a id="30" s="H" t="H" l="H"/>
		<a id="31" s="H" t="H" l="H"/>
	</atoms>
	<bonds>
		<b id="1" c="2 4" t="1"/>
		<b id="2" c="4 5" t="1"/>
		<b id="3" c="5 6" t="ar"/>
		<b id="4" c="6 7" t="ar"/>
		<b id="5" c="7 8" t="ar"/>
		<b id="6" c="8 9" t="1"/>
		<b id="7" c="9 10" t="ar"/>
		<b id="8" c="10 11" t="ar"/>
		<b id="9" c="11 12" t="ar"/>
		<b id="10" c="12 13" t="1"/>
		<b id="11" c="13 14" t="3"/>
		<b id="12" c="12 15" t="ar"/>
		<b id="13" c="15 16" t="1"/>
		<b id="14" c="15 17" t="ar"/>
		<b id="15" c="9 17" t="ar"/>
		<b id="16" c="8 18" t="ar"/>
		<b id="17" c="5 18" t="ar"/>
		<b id="18" c="2 3" t="1"/>
		<b id="19" c="2 1" t="1"/>
		<b id="20" c="1 19" t="1"/>
		<b id="21" c="1 20" t="1"/>
		<b id="22" c="1 21" t="1"/>
		<b id="23" c="2 22" t="1"/>
		<b id="24" c="3 23" t="1"/>
		<b id="25" c="3 24" t="1"/>
		<b id="26" c="4 25" t="1"/>
		<b id="27" c="4 26" t="1"/>
		<b id="28" c="6 27" t="1"/>
		<b id="29" c="7 28" t="1"/>
		<b id="30" c="10 29" t="1"/>
		<b id="31" c="11 30" t="1"/>
		<b id="32" c="17 31" t="1"/>
	</bonds>
	<geometry>
		<g u="A" t="cart/3d">#31,3:3.0431,-0.3180,-2.6243;2.6564,-1.4520,-1.6807;1.2244,-1.6463,-1.7360;3.1675,-1.1690,-0.2410;4.5991,-1.1405,-0.1794;5.4069,-0.0597,-0.2041;6.6988,-0.5234,-0.1914;6.5755,-1.9302,-0.1662;7.6174,-2.9389,-0.1389;8.9687,-2.5932,-0.0573;9.9387,-3.5704,-0.0263;9.5859,-4.9214,-0.0762;10.5931,-5.9100,-0.0397;11.4277,-6.6953,-0.0068;8.2319,-5.2668,-0.1595;7.7828,-6.9343,-0.2242;7.2612,-4.2881,-0.1906;5.2864,-2.2678,-0.1629;4.1233,-0.2165,-2.6828;2.6164,0.6236,-2.2832;2.6569,-0.5298,-3.6167;3.1264,-2.3819,-2.0206;0.7342,-0.8143,-1.4258;0.9335,-2.4253,-1.1575;2.8184,-1.9658,0.4231;2.7798,-0.2085,0.1106;5.0172,0.9381,-0.2185;7.5939,0.0625,-0.2013;9.2594,-1.5557,-0.0134;10.9840,-3.3069,0.0398;6.2174,-4.5483,-0.2540;</g>
	</geometry>
	<conformers/>
	<properties/>
</molecule>
