<?xml version="1.0" ?>
<!--MOLLI PACKAGE EXPERIMENTAL XML FORMAT-->
<molecule name="el3496">
	<atoms>
		<a id="1" s="N" t="N.pl3" l="N"/>
		<a id="2" s="C" t="C.ar" l="C"/>
		<a id="3" s="C" t="C.ar" l="C"/>
		<a id="4" s="C" t="C.ar" l="C"/>
		<a id="5" s="C" t="C.ar" l="C"/>
		<a id="6" s="N" t="N.am" l="N"/>
		<a id="7" s="C" t="C.2" l="C"/>
		<a id="8" s="O" t="O.2" l="O"/>
		<a id="9" s="C" t="C.3" l="C"/>
		<a id="10" s="C" t="C.2" l="C"/>
		<a id="11" s="O" t="O.2" l="O"/>
		<a id="12" s="N" t="N.am" l="N"/>
		<a id="13" s="C" t="C.ar" l="C"/>
		<a id="14" s="C" t="C.ar" l="C"/>
		<a id="15" s="C" t="C.ar" l="C"/>
		<a id="16" s="C" t="C.ar" l="C"/>
		<a id="17" s="Cl" t="Cl" l="CL"/>
		<a id="18" s="C" t="C.ar" l="C"/>
		<a id="19" s="C" t="C.ar" l="C"/>
		<a id="20" s="C" t="C.3" l="C"/>
		<a id="21" s="C" t="C.3" l="C"/>
		<a id="22" s="C" t="C.ar" l="C"/>
		<a id="23" s="C" t="C.ar" l="C"/>
		<a id="24" s="H" t="H" l="H"/>
		<a id="25" s="H" t="H" l="H"/>
		<a id="26" s="H" t="H" l="H"/>
		<a id="27" s="H" t="H" l="H"/>
		<a id="28" s="H" t="H" l="H"/>
		<a id="29" s="H" t="H" l="H"/>
		<a id="30" s="H" t="H" l="H"/>
		<a id="31" s="H" t="H" l="H"/>
		<a id="32" s="H" t="H" l="H"/>
		<a id="33" s="H" t="H" l="H"/>
		<a id="34" s="H" t="H" l="H"/>
		<a id="35" s="H" t="H" l="H"/>
		<a id="36" s="H" t="H" l="H"/>
		<a id="37" s="H" t="H" l="H"/>
		<a id="38" s="H" t="H" l="H"/>
		<a id="39" s="H" t="H" l="H"/>
	</atoms>
	<bonds>
		<b id="1" c="1 2" t="1"/>
		<b id="2" c="2 3" t="ar"/>
		<b id="3" c="3 4" t="ar"/>
		<b id="4" c="4 5" t="ar"/>
		<b id="5" c="5 6" t="1"/>
		<b id="6" c="6 7" t="am"/>
		<b id="7" c="7 8" t="2"/>
		<b id="8" c="7 9" t="1"/>
		<b id="9" c="9 10" t="1"/>
		<b id="10" c="10 11" t="2"/>
		<b id="11" c="10 12" t="am"/>
		<b id="12" c="12 13" t="1"/>
		<b id="13" c="13 14" t="ar"/>
		<b id="14" c="14 15" t="ar"/>
		<b id="15" c="15 16" t="ar"/>
		<b id="16" c="16 17" t="1"/>
		<b id="17" c="16 18" t="ar"/>
		<b id="18" c="18 19" t="ar"/>
		<b id="19" c="13 19" t="ar"/>
		<b id="20" c="9 20" t="1"/>
		<b id="21" c="20 21" t="1"/>
		<b id="22" c="9 21" t="1"/>
		<b id="23" c="5 22" t="ar"/>
		<b id="24" c="22 23" t="ar"/>
		<b id="25" c="2 23" t="ar"/>
		<b id="26" c="1 24" t="1"/>
		<b id="27" c="1 25" t="1"/>
		<b id="28" c="3 26" t="1"/>
		<b id="29" c="4 27" t="1"/>
		<b id="30" c="6 28" t="1"/>
		<b id="31" c="12 29" t="1"/>
		<b id="32" c="14 30" t="1"/>
		<b id="33" c="15 31" t="1"/>
		<b id="34" c="18 32" t="1"/>
		<b id="35" c="19 33" t="1"/>
		<b id="36" c="20 34" t="1"/>
		<b id="37" c="20 35" t="1"/>
		<b id="38" c="21 36" t="1"/>
		<b id="39" c="21 37" t="1"/>
		<b id="40" c="22 38" t="1"/>
		<b id="41" c="23 39" t="1"/>
	</bonds>
	<geometry>
		<g u="A" t="cart/3d">#39,3:1.8535,3.6977,-1.3462;0.5200,3.3795,-1.2170;0.1272,2.1749,-0.6315;-1.2047,1.8817,-0.4277;-2.1854,2.7920,-0.8081;-3.5603,2.5563,-0.6306;-4.1746,1.5265,-0.0129;-3.6002,0.5938,0.5345;-5.6784,1.6167,0.0000;-6.2980,1.6888,1.3879;-7.2522,2.4006,1.6194;-5.6873,0.8571,2.2663;-5.9668,0.6540,3.6163;-7.0485,1.2440,4.2667;-7.2699,0.9953,5.6084;-6.4152,0.1582,6.3059;-6.6941,-0.1491,7.9867;-5.3351,-0.4377,5.6712;-5.1150,-0.1886,4.3315;-6.4580,0.7634,-0.9785;-6.4621,2.2514,-1.1122;-1.8037,3.9931,-1.4006;-0.4717,4.2841,-1.6034;2.5074,2.9323,-1.3129;2.0865,4.4291,-1.9977;0.8814,1.4625,-0.3306;-1.4879,0.9480,0.0279;-4.1555,3.3008,-0.9704;-4.8642,0.3680,1.9100;-7.7089,1.8960,3.7207;-8.1057,1.4533,6.1132;-4.6750,-1.0880,6.2230;-4.2760,-0.6470,3.8287;-7.3481,0.2724,-0.6151;-5.8914,0.1794,-1.6892;-7.3556,2.7825,-0.8181;-5.9420,2.6866,-1.9531;-2.5580,4.7060,-1.7056;-0.1882,5.2204,-2.0620;</g>
	</geometry>
	<conformers/>
	<properties/>
</molecule>
