<?xml version="1.0" ?>
<!--MOLLI PACKAGE EXPERIMENTAL XML FORMAT-->
<molecule name="el3050">
	<atoms>
		<a id="1" s="N" t="N.1" l="N"/>
		<a id="2" s="C" t="C.1" l="C"/>
		<a id="3" s="C" t="C.ar" l="C"/>
		<a id="4" s="C" t="C.ar" l="C"/>
		<a id="5" s="C" t="C.ar" l="C"/>
		<a id="6" s="C" t="C.ar" l="C"/>
		<a id="7" s="C" t="C.ar" l="C"/>
		<a id="8" s="C" t="C.ar" l="C"/>
		<a id="9" s="N" t="N.ar" l="N"/>
		<a id="10" s="C" t="C.ar" l="C"/>
		<a id="11" s="C" t="C.ar" l="C"/>
		<a id="12" s="Cl" t="Cl" l="CL"/>
		<a id="13" s="C" t="C.ar" l="C"/>
		<a id="14" s="C" t="C.ar" l="C"/>
		<a id="15" s="C" t="C.ar" l="C"/>
		<a id="16" s="N" t="N.ar" l="N"/>
		<a id="17" s="C" t="C.ar" l="C"/>
		<a id="18" s="C" t="C.ar" l="C"/>
		<a id="19" s="C" t="C.ar" l="C"/>
		<a id="20" s="C" t="C.ar" l="C"/>
		<a id="21" s="N" t="N.ar" l="N"/>
		<a id="22" s="C" t="C.ar" l="C"/>
		<a id="23" s="N" t="N.pl3" l="N"/>
		<a id="24" s="C" t="C.3" l="C"/>
		<a id="25" s="C" t="C.3" l="C"/>
		<a id="26" s="C" t="C.3" l="C"/>
		<a id="27" s="C" t="C.3" l="C"/>
		<a id="28" s="C" t="C.3" l="C"/>
		<a id="29" s="N" t="N.ar" l="N"/>
		<a id="30" s="C" t="C.ar" l="C"/>
		<a id="31" s="H" t="H" l="H"/>
		<a id="32" s="H" t="H" l="H"/>
		<a id="33" s="H" t="H" l="H"/>
		<a id="34" s="H" t="H" l="H"/>
		<a id="35" s="H" t="H" l="H"/>
		<a id="36" s="H" t="H" l="H"/>
		<a id="37" s="H" t="H" l="H"/>
		<a id="38" s="H" t="H" l="H"/>
		<a id="39" s="H" t="H" l="H"/>
		<a id="40" s="H" t="H" l="H"/>
		<a id="41" s="H" t="H" l="H"/>
		<a id="42" s="H" t="H" l="H"/>
		<a id="43" s="H" t="H" l="H"/>
		<a id="44" s="H" t="H" l="H"/>
		<a id="45" s="H" t="H" l="H"/>
		<a id="46" s="H" t="H" l="H"/>
		<a id="47" s="H" t="H" l="H"/>
		<a id="48" s="H" t="H" l="H"/>
		<a id="49" s="H" t="H" l="H"/>
	</atoms>
	<bonds>
		<b id="1" c="1 2" t="3"/>
		<b id="2" c="2 3" t="1"/>
		<b id="3" c="3 4" t="ar"/>
		<b id="4" c="4 5" t="ar"/>
		<b id="5" c="5 6" t="ar"/>
		<b id="6" c="6 7" t="ar"/>
		<b id="7" c="7 8" t="1"/>
		<b id="8" c="8 9" t="ar"/>
		<b id="9" c="9 10" t="ar"/>
		<b id="10" c="10 11" t="ar"/>
		<b id="11" c="11 12" t="1"/>
		<b id="12" c="11 13" t="ar"/>
		<b id="13" c="13 14" t="ar"/>
		<b id="14" c="14 15" t="ar"/>
		<b id="15" c="15 16" t="ar"/>
		<b id="16" c="10 16" t="ar"/>
		<b id="17" c="16 17" t="ar"/>
		<b id="18" c="8 17" t="ar"/>
		<b id="19" c="17 18" t="1"/>
		<b id="20" c="18 19" t="ar"/>
		<b id="21" c="19 20" t="ar"/>
		<b id="22" c="20 21" t="ar"/>
		<b id="23" c="21 22" t="ar"/>
		<b id="24" c="22 23" t="1"/>
		<b id="25" c="23 24" t="1"/>
		<b id="26" c="24 25" t="1"/>
		<b id="27" c="25 26" t="1"/>
		<b id="28" c="26 27" t="1"/>
		<b id="29" c="27 28" t="1"/>
		<b id="30" c="24 28" t="1"/>
		<b id="31" c="22 29" t="ar"/>
		<b id="32" c="18 29" t="ar"/>
		<b id="33" c="7 30" t="ar"/>
		<b id="34" c="3 30" t="ar"/>
		<b id="35" c="4 31" t="1"/>
		<b id="36" c="5 32" t="1"/>
		<b id="37" c="6 33" t="1"/>
		<b id="38" c="13 34" t="1"/>
		<b id="39" c="14 35" t="1"/>
		<b id="40" c="15 36" t="1"/>
		<b id="41" c="19 37" t="1"/>
		<b id="42" c="20 38" t="1"/>
		<b id="43" c="23 39" t="1"/>
		<b id="44" c="24 40" t="1"/>
		<b id="45" c="25 41" t="1"/>
		<b id="46" c="25 42" t="1"/>
		<b id="47" c="26 43" t="1"/>
		<b id="48" c="26 44" t="1"/>
		<b id="49" c="27 45" t="1"/>
		<b id="50" c="27 46" t="1"/>
		<b id="51" c="28 47" t="1"/>
		<b id="52" c="28 48" t="1"/>
		<b id="53" c="30 49" t="1"/>
	</bonds>
	<geometry>
		<g u="A" t="cart/3d">#49,3:2.0405,-3.0715,-1.8422;1.6826,-2.1116,-1.3268;1.2246,-0.9240,-0.7116;-0.0698,-0.8653,-0.1917;-0.5064,0.3021,0.4057;0.3224,1.4086,0.4670;1.6073,1.3636,-0.0725;2.4439,2.5548,-0.0257;2.4262,3.3907,1.0321;3.2896,4.3483,0.7617;3.6622,5.4786,1.5129;2.9450,5.7006,3.0533;4.5691,6.3665,0.9992;5.1080,6.1458,-0.2841;4.7595,5.0486,-1.0095;3.8882,4.1511,-0.4860;3.3485,3.0021,-0.9911;3.6383,2.4145,-2.2891;4.9259,2.3143,-2.8210;5.0289,1.6697,-4.0465;3.9948,1.1609,-4.6824;2.7986,1.2925,-4.0842;1.7510,0.7496,-4.7182;0.3941,0.7841,-4.2344;-0.1760,-0.6333,-4.0110;-1.1373,-0.8667,-5.1748;-1.7481,0.5135,-5.3908;-0.5476,1.4514,-5.2609;2.5833,1.9173,-2.9250;2.0656,0.1827,-0.6431;-0.7109,-1.7326,-0.2535;-1.5014,0.3510,0.8223;-0.0111,2.3244,0.9292;4.8596,7.2343,1.5669;5.8025,6.8583,-0.6971;5.1308,4.8545,-2.0030;5.7969,2.6701,-2.2963;5.9870,1.5469,-4.5362;1.9519,0.2551,-5.5729;0.4327,1.3427,-3.2975;-0.7230,-0.6591,-3.0679;0.6177,-1.3779,-3.9617;-1.8820,-1.6289,-4.9531;-0.5850,-1.1737,-6.0642;-2.4746,0.7223,-4.6036;-2.2461,0.6109,-6.3544;-0.8349,2.4561,-4.9558;-0.0306,1.5266,-6.2196;3.0720,0.1099,-1.0266;</g>
	</geometry>
	<conformers/>
	<properties/>
</molecule>
