<?xml version="1.0" ?>
<!--MOLLI PACKAGE EXPERIMENTAL XML FORMAT-->
<molecule name="el3062">
	<atoms>
		<a id="1" s="Cl" t="Cl" l="CL"/>
		<a id="2" s="C" t="C.ar" l="C"/>
		<a id="3" s="C" t="C.ar" l="C"/>
		<a id="4" s="C" t="C.ar" l="C"/>
		<a id="5" s="C" t="C.ar" l="C"/>
		<a id="6" s="C" t="C.ar" l="C"/>
		<a id="7" s="C" t="C.ar" l="C"/>
		<a id="8" s="C" t="C.ar" l="C"/>
		<a id="9" s="C" t="C.ar" l="C"/>
		<a id="10" s="C" t="C.ar" l="C"/>
		<a id="11" s="C" t="C.ar" l="C"/>
		<a id="12" s="N" t="N.ar" l="N"/>
		<a id="13" s="O" t="O.2" l="O"/>
		<a id="14" s="C" t="C.ar" l="C"/>
		<a id="15" s="C" t="C.ar" l="C"/>
		<a id="16" s="N" t="N.ar" l="N"/>
		<a id="17" s="H" t="H" l="H"/>
		<a id="18" s="H" t="H" l="H"/>
		<a id="19" s="H" t="H" l="H"/>
		<a id="20" s="H" t="H" l="H"/>
		<a id="21" s="H" t="H" l="H"/>
		<a id="22" s="H" t="H" l="H"/>
		<a id="23" s="H" t="H" l="H"/>
	</atoms>
	<bonds>
		<b id="1" c="1 2" t="1"/>
		<b id="2" c="2 3" t="ar"/>
		<b id="3" c="3 4" t="ar"/>
		<b id="4" c="4 5" t="ar"/>
		<b id="5" c="5 6" t="1"/>
		<b id="6" c="6 7" t="ar"/>
		<b id="7" c="7 8" t="ar"/>
		<b id="8" c="8 9" t="ar"/>
		<b id="9" c="9 10" t="ar"/>
		<b id="10" c="10 11" t="ar"/>
		<b id="11" c="6 11" t="ar"/>
		<b id="12" c="5 12" t="ar"/>
		<b id="13" c="12 13" t="ar"/>
		<b id="14" c="13 14" t="ar"/>
		<b id="15" c="4 14" t="ar"/>
		<b id="16" c="14 15" t="ar"/>
		<b id="17" c="15 16" t="ar"/>
		<b id="18" c="2 16" t="ar"/>
		<b id="19" c="3 17" t="1"/>
		<b id="20" c="7 18" t="1"/>
		<b id="21" c="8 19" t="1"/>
		<b id="22" c="9 20" t="1"/>
		<b id="23" c="10 21" t="1"/>
		<b id="24" c="11 22" t="1"/>
		<b id="25" c="15 23" t="1"/>
	</bonds>
	<geometry>
		<g u="A" t="cart/3d">#23,3:1.1040,0.3754,-0.0246;2.8155,0.2038,-0.0189;3.3735,-1.0626,-0.0396;4.7646,-1.0995,-0.0337;5.8127,-2.0907,-0.0172;5.6962,-3.5398,-0.0543;4.6359,-4.1568,-0.7141;4.5448,-5.5363,-0.7386;5.5040,-6.3100,-0.1065;6.5671,-5.7009,0.5418;6.6678,-4.3237,0.5669;6.9713,-1.4977,0.0488;6.8005,-0.1467,0.0664;5.4832,0.1149,0.0202;4.8069,1.3304,0.0337;3.4946,1.3439,0.0094;2.7615,-1.9482,-0.0434;3.9015,-3.5603,-1.2337;3.7234,-6.0093,-1.2560;5.4262,-7.3868,-0.1244;7.3194,-6.3035,1.0284;7.4893,-3.8343,1.0659;5.3108,2.2840,0.0679;</g>
	</geometry>
	<conformers/>
	<properties/>
</molecule>
