<?xml version="1.0" ?>
<!--MOLLI PACKAGE EXPERIMENTAL XML FORMAT-->
<molecule name="el3063">
	<atoms>
		<a id="1" s="C" t="C.3" l="C"/>
		<a id="2" s="C" t="C.ar" l="C"/>
		<a id="3" s="C" t="C.ar" l="C"/>
		<a id="4" s="C" t="C.ar" l="C"/>
		<a id="5" s="C" t="C.ar" l="C"/>
		<a id="6" s="C" t="C.ar" l="C"/>
		<a id="7" s="C" t="C.ar" l="C"/>
		<a id="8" s="N" t="N.ar" l="N"/>
		<a id="9" s="O" t="O.2" l="O"/>
		<a id="10" s="C" t="C.ar" l="C"/>
		<a id="11" s="C" t="C.ar" l="C"/>
		<a id="12" s="N" t="N.ar" l="N"/>
		<a id="13" s="C" t="C.ar" l="C"/>
		<a id="14" s="Cl" t="Cl" l="CL"/>
		<a id="15" s="C" t="C.ar" l="C"/>
		<a id="16" s="C" t="C.ar" l="C"/>
		<a id="17" s="C" t="C.ar" l="C"/>
		<a id="18" s="H" t="H" l="H"/>
		<a id="19" s="H" t="H" l="H"/>
		<a id="20" s="H" t="H" l="H"/>
		<a id="21" s="H" t="H" l="H"/>
		<a id="22" s="H" t="H" l="H"/>
		<a id="23" s="H" t="H" l="H"/>
		<a id="24" s="H" t="H" l="H"/>
		<a id="25" s="H" t="H" l="H"/>
		<a id="26" s="H" t="H" l="H"/>
	</atoms>
	<bonds>
		<b id="1" c="1 2" t="1"/>
		<b id="2" c="2 3" t="ar"/>
		<b id="3" c="3 4" t="ar"/>
		<b id="4" c="4 5" t="ar"/>
		<b id="5" c="5 6" t="ar"/>
		<b id="6" c="6 7" t="1"/>
		<b id="7" c="7 8" t="ar"/>
		<b id="8" c="8 9" t="ar"/>
		<b id="9" c="9 10" t="ar"/>
		<b id="10" c="10 11" t="ar"/>
		<b id="11" c="11 12" t="ar"/>
		<b id="12" c="12 13" t="ar"/>
		<b id="13" c="13 14" t="1"/>
		<b id="14" c="13 15" t="ar"/>
		<b id="15" c="15 16" t="ar"/>
		<b id="16" c="7 16" t="ar"/>
		<b id="17" c="10 16" t="ar"/>
		<b id="18" c="6 17" t="ar"/>
		<b id="19" c="2 17" t="ar"/>
		<b id="20" c="1 18" t="1"/>
		<b id="21" c="1 19" t="1"/>
		<b id="22" c="1 20" t="1"/>
		<b id="23" c="3 21" t="1"/>
		<b id="24" c="4 22" t="1"/>
		<b id="25" c="5 23" t="1"/>
		<b id="26" c="11 24" t="1"/>
		<b id="27" c="15 25" t="1"/>
		<b id="28" c="17 26" t="1"/>
	</bonds>
	<geometry>
		<g u="A" t="cart/3d">#26,3:2.4997,0.0349,0.0250;1.0014,0.0273,0.0305;0.2738,1.2100,0.0348;-1.1119,1.1890,0.0171;-1.7908,-0.0125,0.0041;-1.0757,-1.2096,0.0191;-1.7930,-2.4745,0.0165;-2.9570,-2.6047,-0.5539;-3.4048,-3.8836,-0.4081;-2.4885,-4.5764,0.2889;-2.4923,-5.9026,0.7085;-1.4870,-6.3630,1.4161;-0.4759,-5.5654,1.7366;0.7579,-6.2988,2.6853;-0.3566,-4.2350,1.3744;-1.4034,-3.7313,0.6084;0.3149,-1.1799,0.0259;2.8843,1.0511,0.0471;2.8765,-0.4596,-0.8695;2.8873,-0.5025,0.8894;0.7951,2.1562,0.0457;-1.6624,2.1179,0.0131;-2.8683,-0.0471,-0.0119;-3.2950,-6.5883,0.4851;0.4843,-3.6389,1.6845;0.8738,-2.1036,-0.0053;</g>
	</geometry>
	<conformers/>
	<properties/>
</molecule>
