<?xml version="1.0" ?>
<!--MOLLI PACKAGE EXPERIMENTAL XML FORMAT-->
<molecule name="el3065">
	<atoms>
		<a id="1" s="C" t="C.3" l="C"/>
		<a id="2" s="C" t="C.ar" l="C"/>
		<a id="3" s="C" t="C.ar" l="C"/>
		<a id="4" s="C" t="C.ar" l="C"/>
		<a id="5" s="C" t="C.3" l="C"/>
		<a id="6" s="C" t="C.ar" l="C"/>
		<a id="7" s="C" t="C.ar" l="C"/>
		<a id="8" s="C" t="C.ar" l="C"/>
		<a id="9" s="N" t="N.ar" l="N"/>
		<a id="10" s="O" t="O.2" l="O"/>
		<a id="11" s="C" t="C.ar" l="C"/>
		<a id="12" s="C" t="C.ar" l="C"/>
		<a id="13" s="N" t="N.ar" l="N"/>
		<a id="14" s="C" t="C.ar" l="C"/>
		<a id="15" s="Cl" t="Cl" l="CL"/>
		<a id="16" s="C" t="C.ar" l="C"/>
		<a id="17" s="C" t="C.ar" l="C"/>
		<a id="18" s="C" t="C.ar" l="C"/>
		<a id="19" s="H" t="H" l="H"/>
		<a id="20" s="H" t="H" l="H"/>
		<a id="21" s="H" t="H" l="H"/>
		<a id="22" s="H" t="H" l="H"/>
		<a id="23" s="H" t="H" l="H"/>
		<a id="24" s="H" t="H" l="H"/>
		<a id="25" s="H" t="H" l="H"/>
		<a id="26" s="H" t="H" l="H"/>
		<a id="27" s="H" t="H" l="H"/>
		<a id="28" s="H" t="H" l="H"/>
		<a id="29" s="H" t="H" l="H"/>
	</atoms>
	<bonds>
		<b id="1" c="1 2" t="1"/>
		<b id="2" c="2 3" t="ar"/>
		<b id="3" c="3 4" t="ar"/>
		<b id="4" c="4 5" t="1"/>
		<b id="5" c="4 6" t="ar"/>
		<b id="6" c="6 7" t="ar"/>
		<b id="7" c="7 8" t="1"/>
		<b id="8" c="8 9" t="ar"/>
		<b id="9" c="9 10" t="ar"/>
		<b id="10" c="10 11" t="ar"/>
		<b id="11" c="11 12" t="ar"/>
		<b id="12" c="12 13" t="ar"/>
		<b id="13" c="13 14" t="ar"/>
		<b id="14" c="14 15" t="1"/>
		<b id="15" c="14 16" t="ar"/>
		<b id="16" c="16 17" t="ar"/>
		<b id="17" c="8 17" t="ar"/>
		<b id="18" c="11 17" t="ar"/>
		<b id="19" c="7 18" t="ar"/>
		<b id="20" c="2 18" t="ar"/>
		<b id="21" c="1 19" t="1"/>
		<b id="22" c="1 20" t="1"/>
		<b id="23" c="1 21" t="1"/>
		<b id="24" c="3 22" t="1"/>
		<b id="25" c="5 23" t="1"/>
		<b id="26" c="5 24" t="1"/>
		<b id="27" c="5 25" t="1"/>
		<b id="28" c="6 26" t="1"/>
		<b id="29" c="12 27" t="1"/>
		<b id="30" c="16 28" t="1"/>
		<b id="31" c="18 29" t="1"/>
	</bonds>
	<geometry>
		<g u="A" t="cart/3d">#29,3:2.5159,1.0548,-0.0363;1.1971,0.3443,-0.0349;0.0003,1.0498,-0.0550;-1.2260,0.3989,-0.0625;-2.5114,1.1684,-0.1034;-1.2502,-0.9882,-0.0325;-0.0629,-1.7129,-0.0004;-0.0758,-3.1664,0.0368;0.8871,-3.8760,-0.4798;0.6315,-5.2036,-0.3038;-0.5310,-5.3267,0.3584;-1.2024,-6.4658,0.7897;-2.3286,-6.3445,1.4537;-2.8192,-5.1404,1.7193;-4.2894,-5.1344,2.6132;-2.2462,-3.9384,1.3422;-1.0607,-4.0444,0.6218;1.1565,-1.0412,-0.0115;2.3805,2.1326,-0.0737;3.1090,0.7466,-0.8958;3.0795,0.8053,0.8616;0.0240,2.1306,-0.0720;-2.3248,2.2386,-0.1316;-3.1164,0.9447,0.7744;-3.0897,0.8927,-0.9842;-2.1987,-1.5028,-0.0672;-0.8394,-7.4660,0.6096;-2.6899,-2.9945,1.6084;2.0686,-1.6171,0.0034;</g>
	</geometry>
	<conformers/>
	<properties/>
</molecule>
