<?xml version="1.0" ?>
<!--MOLLI PACKAGE EXPERIMENTAL XML FORMAT-->
<molecule name="el3066">
	<atoms>
		<a id="1" s="C" t="C.3" l="C"/>
		<a id="2" s="O" t="O.3" l="O"/>
		<a id="3" s="C" t="C.ar" l="C"/>
		<a id="4" s="C" t="C.ar" l="C"/>
		<a id="5" s="C" t="C.ar" l="C"/>
		<a id="6" s="C" t="C.ar" l="C"/>
		<a id="7" s="C" t="C.ar" l="C"/>
		<a id="8" s="N" t="N.ar" l="N"/>
		<a id="9" s="O" t="O.2" l="O"/>
		<a id="10" s="C" t="C.ar" l="C"/>
		<a id="11" s="C" t="C.ar" l="C"/>
		<a id="12" s="N" t="N.ar" l="N"/>
		<a id="13" s="C" t="C.ar" l="C"/>
		<a id="14" s="Cl" t="Cl" l="CL"/>
		<a id="15" s="C" t="C.ar" l="C"/>
		<a id="16" s="C" t="C.ar" l="C"/>
		<a id="17" s="C" t="C.ar" l="C"/>
		<a id="18" s="C" t="C.ar" l="C"/>
		<a id="19" s="O" t="O.3" l="O"/>
		<a id="20" s="C" t="C.3" l="C"/>
		<a id="21" s="H" t="H" l="H"/>
		<a id="22" s="H" t="H" l="H"/>
		<a id="23" s="H" t="H" l="H"/>
		<a id="24" s="H" t="H" l="H"/>
		<a id="25" s="H" t="H" l="H"/>
		<a id="26" s="H" t="H" l="H"/>
		<a id="27" s="H" t="H" l="H"/>
		<a id="28" s="H" t="H" l="H"/>
		<a id="29" s="H" t="H" l="H"/>
		<a id="30" s="H" t="H" l="H"/>
		<a id="31" s="H" t="H" l="H"/>
	</atoms>
	<bonds>
		<b id="1" c="1 2" t="1"/>
		<b id="2" c="2 3" t="1"/>
		<b id="3" c="3 4" t="ar"/>
		<b id="4" c="4 5" t="ar"/>
		<b id="5" c="5 6" t="ar"/>
		<b id="6" c="6 7" t="1"/>
		<b id="7" c="7 8" t="ar"/>
		<b id="8" c="8 9" t="ar"/>
		<b id="9" c="9 10" t="ar"/>
		<b id="10" c="10 11" t="ar"/>
		<b id="11" c="11 12" t="ar"/>
		<b id="12" c="12 13" t="ar"/>
		<b id="13" c="13 14" t="1"/>
		<b id="14" c="13 15" t="ar"/>
		<b id="15" c="15 16" t="ar"/>
		<b id="16" c="7 16" t="ar"/>
		<b id="17" c="10 16" t="ar"/>
		<b id="18" c="6 17" t="ar"/>
		<b id="19" c="17 18" t="ar"/>
		<b id="20" c="3 18" t="ar"/>
		<b id="21" c="18 19" t="1"/>
		<b id="22" c="19 20" t="1"/>
		<b id="23" c="1 21" t="1"/>
		<b id="24" c="1 22" t="1"/>
		<b id="25" c="1 23" t="1"/>
		<b id="26" c="4 24" t="1"/>
		<b id="27" c="5 25" t="1"/>
		<b id="28" c="11 26" t="1"/>
		<b id="29" c="15 27" t="1"/>
		<b id="30" c="17 28" t="1"/>
		<b id="31" c="20 29" t="1"/>
		<b id="32" c="20 30" t="1"/>
		<b id="33" c="20 31" t="1"/>
	</bonds>
	<geometry>
		<g u="A" t="cart/3d">#31,3:1.0057,0.6313,0.1538;2.0548,-0.2126,-0.2548;2.8009,0.1392,-1.3469;2.5508,1.2847,-2.0983;3.3216,1.6223,-3.1914;4.3808,0.8049,-3.5736;5.1926,1.1630,-4.7215;5.2848,2.3984,-5.1308;6.1004,2.4676,-6.2202;6.5288,1.2274,-6.5080;7.3604,0.7828,-7.5302;7.6273,-0.4980,-7.6411;7.0986,-1.3636,-6.7854;7.5165,-3.0089,-7.0644;6.2642,-1.0424,-5.7284;5.9820,0.3121,-5.5813;4.6428,-0.3385,-2.8281;3.8767,-0.6913,-1.7232;4.2913,-1.8377,-1.1185;3.6010,-2.3928,-0.0201;0.5770,0.1529,1.0334;0.2351,0.7218,-0.6181;1.3715,1.6260,0.4265;1.7350,1.9339,-1.8252;3.1104,2.5145,-3.7573;7.8053,1.4461,-8.2559;5.8581,-1.8024,-5.0835;5.4778,-0.9785,-3.0605;4.1361,-3.3139,0.2104;2.5646,-2.6276,-0.2708;3.6235,-1.7326,0.8491;</g>
	</geometry>
	<conformers/>
	<properties/>
</molecule>
