<?xml version="1.0" ?>
<!--MOLLI PACKAGE EXPERIMENTAL XML FORMAT-->
<molecule name="el3067">
	<atoms>
		<a id="1" s="Cl" t="Cl" l="CL"/>
		<a id="2" s="C" t="C.ar" l="C"/>
		<a id="3" s="C" t="C.ar" l="C"/>
		<a id="4" s="C" t="C.ar" l="C"/>
		<a id="5" s="C" t="C.ar" l="C"/>
		<a id="6" s="C" t="C.ar" l="C"/>
		<a id="7" s="C" t="C.ar" l="C"/>
		<a id="8" s="C" t="C.ar" l="C"/>
		<a id="9" s="C" t="C.ar" l="C"/>
		<a id="10" s="C" t="C.ar" l="C"/>
		<a id="11" s="C" t="C.ar" l="C"/>
		<a id="12" s="O" t="O.3" l="O"/>
		<a id="13" s="C" t="C.3" l="C"/>
		<a id="14" s="O" t="O.3" l="O"/>
		<a id="15" s="N" t="N.ar" l="N"/>
		<a id="16" s="O" t="O.2" l="O"/>
		<a id="17" s="C" t="C.ar" l="C"/>
		<a id="18" s="C" t="C.ar" l="C"/>
		<a id="19" s="N" t="N.ar" l="N"/>
		<a id="20" s="H" t="H" l="H"/>
		<a id="21" s="H" t="H" l="H"/>
		<a id="22" s="H" t="H" l="H"/>
		<a id="23" s="H" t="H" l="H"/>
		<a id="24" s="H" t="H" l="H"/>
		<a id="25" s="H" t="H" l="H"/>
		<a id="26" s="H" t="H" l="H"/>
	</atoms>
	<bonds>
		<b id="1" c="1 2" t="1"/>
		<b id="2" c="2 3" t="ar"/>
		<b id="3" c="3 4" t="ar"/>
		<b id="4" c="4 5" t="ar"/>
		<b id="5" c="5 6" t="1"/>
		<b id="6" c="6 7" t="ar"/>
		<b id="7" c="7 8" t="ar"/>
		<b id="8" c="8 9" t="ar"/>
		<b id="9" c="9 10" t="ar"/>
		<b id="10" c="10 11" t="ar"/>
		<b id="11" c="6 11" t="ar"/>
		<b id="12" c="10 12" t="1"/>
		<b id="13" c="12 13" t="1"/>
		<b id="14" c="13 14" t="1"/>
		<b id="15" c="9 14" t="1"/>
		<b id="16" c="5 15" t="ar"/>
		<b id="17" c="15 16" t="ar"/>
		<b id="18" c="16 17" t="ar"/>
		<b id="19" c="4 17" t="ar"/>
		<b id="20" c="17 18" t="ar"/>
		<b id="21" c="18 19" t="ar"/>
		<b id="22" c="2 19" t="ar"/>
		<b id="23" c="3 20" t="1"/>
		<b id="24" c="7 21" t="1"/>
		<b id="25" c="8 22" t="1"/>
		<b id="26" c="11 23" t="1"/>
		<b id="27" c="13 24" t="1"/>
		<b id="28" c="13 25" t="1"/>
		<b id="29" c="18 26" t="1"/>
	</bonds>
	<geometry>
		<g u="A" t="cart/3d">#26,3:9.1124,-1.7772,4.7091;7.9625,-1.2348,3.5508;7.3742,-2.1505,2.6952;6.4537,-1.6220,1.7948;5.6075,-2.0817,0.7184;5.4046,-3.4292,0.2149;5.6084,-4.5384,1.0295;5.4052,-5.8331,0.5632;4.9955,-5.9744,-0.7409;4.7780,-4.8621,-1.5628;4.9706,-3.5838,-1.1128;4.3709,-5.2876,-2.7964;4.3350,-6.6966,-2.7316;4.7312,-7.1142,-1.4407;4.9889,-1.0621,0.1884;5.3400,0.0821,0.8343;6.2187,-0.2290,1.8014;6.8721,0.5928,2.7141;7.7216,0.0701,3.5671;7.6363,-3.1938,2.7284;5.8991,-4.4000,2.0579;5.5583,-6.6915,1.1950;4.8007,-2.7232,-1.7355;5.0216,-7.1200,-3.4815;3.3121,-7.0510,-2.9349;6.7185,1.6600,2.7576;</g>
	</geometry>
	<conformers/>
	<properties/>
</molecule>
