<?xml version="1.0" ?>
<!--MOLLI PACKAGE EXPERIMENTAL XML FORMAT-->
<molecule name="el3068">
	<atoms>
		<a id="1" s="Cl" t="Cl" l="CL"/>
		<a id="2" s="C" t="C.ar" l="C"/>
		<a id="3" s="C" t="C.ar" l="C"/>
		<a id="4" s="C" t="C.ar" l="C"/>
		<a id="5" s="C" t="C.ar" l="C"/>
		<a id="6" s="C" t="C.ar" l="C"/>
		<a id="7" s="C" t="C.ar" l="C"/>
		<a id="8" s="C" t="C.ar" l="C"/>
		<a id="9" s="C" t="C.ar" l="C"/>
		<a id="10" s="S" t="S.2" l="S"/>
		<a id="11" s="N" t="N.ar" l="N"/>
		<a id="12" s="O" t="O.2" l="O"/>
		<a id="13" s="C" t="C.ar" l="C"/>
		<a id="14" s="C" t="C.ar" l="C"/>
		<a id="15" s="N" t="N.ar" l="N"/>
		<a id="16" s="H" t="H" l="H"/>
		<a id="17" s="H" t="H" l="H"/>
		<a id="18" s="H" t="H" l="H"/>
		<a id="19" s="H" t="H" l="H"/>
		<a id="20" s="H" t="H" l="H"/>
	</atoms>
	<bonds>
		<b id="1" c="1 2" t="1"/>
		<b id="2" c="2 3" t="ar"/>
		<b id="3" c="3 4" t="ar"/>
		<b id="4" c="4 5" t="ar"/>
		<b id="5" c="5 6" t="1"/>
		<b id="6" c="6 7" t="ar"/>
		<b id="7" c="7 8" t="ar"/>
		<b id="8" c="8 9" t="ar"/>
		<b id="9" c="9 10" t="ar"/>
		<b id="10" c="6 10" t="ar"/>
		<b id="11" c="5 11" t="ar"/>
		<b id="12" c="11 12" t="ar"/>
		<b id="13" c="12 13" t="ar"/>
		<b id="14" c="4 13" t="ar"/>
		<b id="15" c="13 14" t="ar"/>
		<b id="16" c="14 15" t="ar"/>
		<b id="17" c="2 15" t="ar"/>
		<b id="18" c="3 16" t="1"/>
		<b id="19" c="7 17" t="1"/>
		<b id="20" c="8 18" t="1"/>
		<b id="21" c="9 19" t="1"/>
		<b id="22" c="14 20" t="1"/>
	</bonds>
	<geometry>
		<g u="A" t="cart/3d">#20,3:1.1289,0.2726,-0.0818;2.8355,0.0907,0.0085;3.3866,-1.1797,0.0170;4.7741,-1.2201,0.0938;5.8133,-2.2196,0.1375;5.6888,-3.6453,0.1049;6.7067,-4.5613,0.1870;6.2518,-5.8889,0.1213;4.9000,-5.9740,-0.0111;4.1503,-4.4346,-0.0562;6.9813,-1.6349,0.2167;6.8151,-0.2830,0.2301;5.5007,-0.0121,0.1572;4.8307,1.2069,0.1393;3.5203,1.2263,0.0656;2.7768,-2.0654,-0.0317;7.7339,-4.2658,0.2912;6.8981,-6.7464,0.1695;4.2919,-6.8537,-0.0855;5.3377,2.1583,0.1838;</g>
	</geometry>
	<conformers/>
	<properties/>
</molecule>
