<?xml version="1.0" ?>
<!--MOLLI PACKAGE EXPERIMENTAL XML FORMAT-->
<molecule name="el3075">
	<atoms>
		<a id="1" s="C" t="C.3" l="C"/>
		<a id="2" s="C" t="C.ar" l="C"/>
		<a id="3" s="C" t="C.ar" l="C"/>
		<a id="4" s="C" t="C.ar" l="C"/>
		<a id="5" s="C" t="C.ar" l="C"/>
		<a id="6" s="C" t="C.ar" l="C"/>
		<a id="7" s="C" t="C.ar" l="C"/>
		<a id="8" s="N" t="N.ar" l="N"/>
		<a id="9" s="N" t="N.ar" l="N"/>
		<a id="10" s="C" t="C.ar" l="C"/>
		<a id="11" s="C" t="C.3" l="C"/>
		<a id="12" s="C" t="C.ar" l="C"/>
		<a id="13" s="C" t="C.ar" l="C"/>
		<a id="14" s="N" t="N.ar" l="N"/>
		<a id="15" s="C" t="C.ar" l="C"/>
		<a id="16" s="Cl" t="Cl" l="CL"/>
		<a id="17" s="C" t="C.ar" l="C"/>
		<a id="18" s="C" t="C.ar" l="C"/>
		<a id="19" s="H" t="H" l="H"/>
		<a id="20" s="H" t="H" l="H"/>
		<a id="21" s="H" t="H" l="H"/>
		<a id="22" s="H" t="H" l="H"/>
		<a id="23" s="H" t="H" l="H"/>
		<a id="24" s="H" t="H" l="H"/>
		<a id="25" s="H" t="H" l="H"/>
		<a id="26" s="H" t="H" l="H"/>
		<a id="27" s="H" t="H" l="H"/>
		<a id="28" s="H" t="H" l="H"/>
		<a id="29" s="H" t="H" l="H"/>
		<a id="30" s="H" t="H" l="H"/>
	</atoms>
	<bonds>
		<b id="1" c="1 2" t="1"/>
		<b id="2" c="2 3" t="ar"/>
		<b id="3" c="3 4" t="ar"/>
		<b id="4" c="4 5" t="ar"/>
		<b id="5" c="5 6" t="ar"/>
		<b id="6" c="6 7" t="ar"/>
		<b id="7" c="2 7" t="ar"/>
		<b id="8" c="7 8" t="1"/>
		<b id="9" c="8 9" t="ar"/>
		<b id="10" c="9 10" t="ar"/>
		<b id="11" c="10 11" t="1"/>
		<b id="12" c="10 12" t="ar"/>
		<b id="13" c="12 13" t="ar"/>
		<b id="14" c="13 14" t="ar"/>
		<b id="15" c="14 15" t="ar"/>
		<b id="16" c="15 16" t="1"/>
		<b id="17" c="15 17" t="ar"/>
		<b id="18" c="17 18" t="ar"/>
		<b id="19" c="12 18" t="ar"/>
		<b id="20" c="8 18" t="ar"/>
		<b id="21" c="1 19" t="1"/>
		<b id="22" c="1 20" t="1"/>
		<b id="23" c="1 21" t="1"/>
		<b id="24" c="3 22" t="1"/>
		<b id="25" c="4 23" t="1"/>
		<b id="26" c="5 24" t="1"/>
		<b id="27" c="6 25" t="1"/>
		<b id="28" c="11 26" t="1"/>
		<b id="29" c="11 27" t="1"/>
		<b id="30" c="11 28" t="1"/>
		<b id="31" c="13 29" t="1"/>
		<b id="32" c="17 30" t="1"/>
	</bonds>
	<geometry>
		<g u="A" t="cart/3d">#30,3:-1.7670,-2.3477,-0.8212;-0.9861,-1.1194,-0.4783;-1.5738,0.1370,-0.5373;-0.8706,1.2820,-0.2074;0.4536,1.1904,0.1841;1.0659,-0.0473,0.2410;0.3519,-1.1966,-0.0796;1.0034,-2.4402,0.0060;0.9141,-3.3609,-0.9771;1.6582,-4.3876,-0.6612;1.7878,-5.5782,-1.5360;2.2817,-4.1629,0.6043;3.1316,-4.8507,1.4662;3.5021,-4.3365,2.6156;3.0468,-3.1385,2.9697;3.5886,-2.5821,4.5079;2.2012,-2.3396,2.2268;1.8233,-2.8753,0.9972;-2.8187,-2.1078,-0.9520;-1.6703,-3.0957,-0.0356;-1.3852,-2.7894,-1.7396;-2.6073,0.2153,-0.8421;-1.3555,2.2451,-0.2581;1.0125,2.0785,0.4367;2.1062,-0.1284,0.5181;1.1627,-5.4543,-2.4154;1.4835,-6.4750,-0.9982;2.8241,-5.7053,-1.8464;3.5204,-5.8323,1.2339;1.8575,-1.3854,2.5881;</g>
	</geometry>
	<conformers/>
	<properties/>
</molecule>
