<?xml version="1.0" ?>
<!--MOLLI PACKAGE EXPERIMENTAL XML FORMAT-->
<molecule name="el3077">
	<atoms>
		<a id="1" s="C" t="C.3" l="C"/>
		<a id="2" s="C" t="C.ar" l="C"/>
		<a id="3" s="C" t="C.ar" l="C"/>
		<a id="4" s="C" t="C.ar" l="C"/>
		<a id="5" s="C" t="C.ar" l="C"/>
		<a id="6" s="N" t="N.ar" l="N"/>
		<a id="7" s="N" t="N.ar" l="N"/>
		<a id="8" s="C" t="C.ar" l="C"/>
		<a id="9" s="C" t="C.3" l="C"/>
		<a id="10" s="C" t="C.ar" l="C"/>
		<a id="11" s="C" t="C.ar" l="C"/>
		<a id="12" s="N" t="N.ar" l="N"/>
		<a id="13" s="C" t="C.ar" l="C"/>
		<a id="14" s="Cl" t="Cl" l="CL"/>
		<a id="15" s="C" t="C.ar" l="C"/>
		<a id="16" s="C" t="C.ar" l="C"/>
		<a id="17" s="C" t="C.ar" l="C"/>
		<a id="18" s="C" t="C.ar" l="C"/>
		<a id="19" s="H" t="H" l="H"/>
		<a id="20" s="H" t="H" l="H"/>
		<a id="21" s="H" t="H" l="H"/>
		<a id="22" s="H" t="H" l="H"/>
		<a id="23" s="H" t="H" l="H"/>
		<a id="24" s="H" t="H" l="H"/>
		<a id="25" s="H" t="H" l="H"/>
		<a id="26" s="H" t="H" l="H"/>
		<a id="27" s="H" t="H" l="H"/>
		<a id="28" s="H" t="H" l="H"/>
		<a id="29" s="H" t="H" l="H"/>
		<a id="30" s="H" t="H" l="H"/>
	</atoms>
	<bonds>
		<b id="1" c="1 2" t="1"/>
		<b id="2" c="2 3" t="ar"/>
		<b id="3" c="3 4" t="ar"/>
		<b id="4" c="4 5" t="ar"/>
		<b id="5" c="5 6" t="1"/>
		<b id="6" c="6 7" t="ar"/>
		<b id="7" c="7 8" t="ar"/>
		<b id="8" c="8 9" t="1"/>
		<b id="9" c="8 10" t="ar"/>
		<b id="10" c="10 11" t="ar"/>
		<b id="11" c="11 12" t="ar"/>
		<b id="12" c="12 13" t="ar"/>
		<b id="13" c="13 14" t="1"/>
		<b id="14" c="13 15" t="ar"/>
		<b id="15" c="15 16" t="ar"/>
		<b id="16" c="10 16" t="ar"/>
		<b id="17" c="6 16" t="ar"/>
		<b id="18" c="5 17" t="ar"/>
		<b id="19" c="17 18" t="ar"/>
		<b id="20" c="2 18" t="ar"/>
		<b id="21" c="1 19" t="1"/>
		<b id="22" c="1 20" t="1"/>
		<b id="23" c="1 21" t="1"/>
		<b id="24" c="3 22" t="1"/>
		<b id="25" c="4 23" t="1"/>
		<b id="26" c="9 24" t="1"/>
		<b id="27" c="9 25" t="1"/>
		<b id="28" c="9 26" t="1"/>
		<b id="29" c="11 27" t="1"/>
		<b id="30" c="15 28" t="1"/>
		<b id="31" c="17 29" t="1"/>
		<b id="32" c="18 30" t="1"/>
	</bonds>
	<geometry>
		<g u="A" t="cart/3d">#30,3:2.4258,0.0297,0.5164;0.9366,0.0461,0.3586;0.1562,-1.0308,0.7602;-1.2170,-1.0083,0.6137;-1.8367,0.1051,0.0581;-3.2309,0.1087,-0.0748;-3.9925,-0.5334,0.8380;-5.2503,-0.3817,0.5197;-6.3523,-0.9528,1.3312;-5.3556,0.3876,-0.6794;-6.3732,0.8495,-1.5095;-6.1100,1.5267,-2.6027;-4.8432,1.7623,-2.9297;-4.6241,2.6301,-4.4018;-3.7316,1.3740,-2.2089;-4.0082,0.6790,-1.0327;-1.0717,1.2016,-0.3243;0.3012,1.1605,-0.1786;2.7748,-0.9537,0.8198;2.7309,0.7525,1.2729;2.9128,0.3026,-0.4182;0.6286,-1.9019,1.1902;-1.8253,-1.8411,0.9291;-5.9378,-1.4834,2.1832;-6.9457,-1.6405,0.7300;-7.0092,-0.1591,1.6844;-7.4181,0.6703,-1.2983;-2.7354,1.5816,-2.5590;-1.5471,2.0907,-0.7079;0.8912,2.0147,-0.4781;</g>
	</geometry>
	<conformers/>
	<properties/>
</molecule>
