<?xml version="1.0" ?>
<!--MOLLI PACKAGE EXPERIMENTAL XML FORMAT-->
<molecule name="el3078">
	<atoms>
		<a id="1" s="C" t="C.3" l="C"/>
		<a id="2" s="O" t="O.3" l="O"/>
		<a id="3" s="C" t="C.ar" l="C"/>
		<a id="4" s="C" t="C.ar" l="C"/>
		<a id="5" s="C" t="C.ar" l="C"/>
		<a id="6" s="C" t="C.ar" l="C"/>
		<a id="7" s="C" t="C.ar" l="C"/>
		<a id="8" s="C" t="C.ar" l="C"/>
		<a id="9" s="N" t="N.ar" l="N"/>
		<a id="10" s="N" t="N.ar" l="N"/>
		<a id="11" s="C" t="C.ar" l="C"/>
		<a id="12" s="C" t="C.3" l="C"/>
		<a id="13" s="C" t="C.ar" l="C"/>
		<a id="14" s="C" t="C.ar" l="C"/>
		<a id="15" s="N" t="N.ar" l="N"/>
		<a id="16" s="C" t="C.ar" l="C"/>
		<a id="17" s="Cl" t="Cl" l="CL"/>
		<a id="18" s="C" t="C.ar" l="C"/>
		<a id="19" s="C" t="C.ar" l="C"/>
		<a id="20" s="H" t="H" l="H"/>
		<a id="21" s="H" t="H" l="H"/>
		<a id="22" s="H" t="H" l="H"/>
		<a id="23" s="H" t="H" l="H"/>
		<a id="24" s="H" t="H" l="H"/>
		<a id="25" s="H" t="H" l="H"/>
		<a id="26" s="H" t="H" l="H"/>
		<a id="27" s="H" t="H" l="H"/>
		<a id="28" s="H" t="H" l="H"/>
		<a id="29" s="H" t="H" l="H"/>
		<a id="30" s="H" t="H" l="H"/>
		<a id="31" s="H" t="H" l="H"/>
	</atoms>
	<bonds>
		<b id="1" c="1 2" t="1"/>
		<b id="2" c="2 3" t="1"/>
		<b id="3" c="3 4" t="ar"/>
		<b id="4" c="4 5" t="ar"/>
		<b id="5" c="5 6" t="ar"/>
		<b id="6" c="6 7" t="ar"/>
		<b id="7" c="7 8" t="ar"/>
		<b id="8" c="3 8" t="ar"/>
		<b id="9" c="8 9" t="1"/>
		<b id="10" c="9 10" t="ar"/>
		<b id="11" c="10 11" t="ar"/>
		<b id="12" c="11 12" t="1"/>
		<b id="13" c="11 13" t="ar"/>
		<b id="14" c="13 14" t="ar"/>
		<b id="15" c="14 15" t="ar"/>
		<b id="16" c="15 16" t="ar"/>
		<b id="17" c="16 17" t="1"/>
		<b id="18" c="16 18" t="ar"/>
		<b id="19" c="18 19" t="ar"/>
		<b id="20" c="13 19" t="ar"/>
		<b id="21" c="9 19" t="ar"/>
		<b id="22" c="1 20" t="1"/>
		<b id="23" c="1 21" t="1"/>
		<b id="24" c="1 22" t="1"/>
		<b id="25" c="4 23" t="1"/>
		<b id="26" c="5 24" t="1"/>
		<b id="27" c="6 25" t="1"/>
		<b id="28" c="7 26" t="1"/>
		<b id="29" c="12 27" t="1"/>
		<b id="30" c="12 28" t="1"/>
		<b id="31" c="12 29" t="1"/>
		<b id="32" c="14 30" t="1"/>
		<b id="33" c="18 31" t="1"/>
	</bonds>
	<geometry>
		<g u="A" t="cart/3d">#31,3:0.8319,0.3045,-0.1106;2.0289,0.0148,-0.7922;2.8946,1.0295,-1.0608;2.7045,2.3549,-0.6902;3.6716,3.3085,-0.9634;4.8463,2.9577,-1.6016;5.0438,1.6455,-1.9906;4.0738,0.6861,-1.7451;4.3128,-0.6380,-2.1427;5.5306,-1.1860,-1.9371;5.5141,-2.4187,-2.3704;6.6961,-3.3109,-2.2864;4.2284,-2.7230,-2.9136;3.6091,-3.8075,-3.5286;2.3728,-3.7325,-3.9641;1.7067,-2.5904,-3.8268;0.1046,-2.6076,-4.4622;2.1832,-1.4342,-3.2439;3.4825,-1.5230,-2.7491;0.3088,-0.6464,-0.0272;0.2105,1.0105,-0.6705;1.0258,0.7019,0.8903;1.8073,2.6508,-0.1709;3.5020,4.3307,-0.6617;5.6034,3.6999,-1.7991;5.9519,1.3396,-2.4853;7.5124,-2.7878,-1.7976;7.0083,-3.6153,-3.2847;6.4504,-4.2086,-1.7209;4.1124,-4.7520,-3.6809;1.5860,-0.5420,-3.1872;</g>
	</geometry>
	<conformers/>
	<properties/>
</molecule>
