<?xml version="1.0" ?>
<!--MOLLI PACKAGE EXPERIMENTAL XML FORMAT-->
<molecule name="el3081">
	<atoms>
		<a id="1" s="C" t="C.3" l="C"/>
		<a id="2" s="C" t="C.ar" l="C"/>
		<a id="3" s="N" t="N.ar" l="N"/>
		<a id="4" s="N" t="N.ar" l="N"/>
		<a id="5" s="C" t="C.ar" l="C"/>
		<a id="6" s="C" t="C.ar" l="C"/>
		<a id="7" s="C" t="C.ar" l="C"/>
		<a id="8" s="C" t="C.ar" l="C"/>
		<a id="9" s="C" t="C.ar" l="C"/>
		<a id="10" s="C" t="C.ar" l="C"/>
		<a id="11" s="F" t="F" l="F"/>
		<a id="12" s="C" t="C.ar" l="C"/>
		<a id="13" s="C" t="C.ar" l="C"/>
		<a id="14" s="C" t="C.ar" l="C"/>
		<a id="15" s="Cl" t="Cl" l="CL"/>
		<a id="16" s="N" t="N.ar" l="N"/>
		<a id="17" s="C" t="C.ar" l="C"/>
		<a id="18" s="C" t="C.ar" l="C"/>
		<a id="19" s="H" t="H" l="H"/>
		<a id="20" s="H" t="H" l="H"/>
		<a id="21" s="H" t="H" l="H"/>
		<a id="22" s="H" t="H" l="H"/>
		<a id="23" s="H" t="H" l="H"/>
		<a id="24" s="H" t="H" l="H"/>
		<a id="25" s="H" t="H" l="H"/>
		<a id="26" s="H" t="H" l="H"/>
		<a id="27" s="H" t="H" l="H"/>
	</atoms>
	<bonds>
		<b id="1" c="1 2" t="1"/>
		<b id="2" c="2 3" t="ar"/>
		<b id="3" c="3 4" t="ar"/>
		<b id="4" c="4 5" t="1"/>
		<b id="5" c="5 6" t="ar"/>
		<b id="6" c="6 7" t="ar"/>
		<b id="7" c="7 8" t="ar"/>
		<b id="8" c="8 9" t="ar"/>
		<b id="9" c="9 10" t="ar"/>
		<b id="10" c="5 10" t="ar"/>
		<b id="11" c="10 11" t="1"/>
		<b id="12" c="4 12" t="ar"/>
		<b id="13" c="12 13" t="ar"/>
		<b id="14" c="13 14" t="ar"/>
		<b id="15" c="14 15" t="1"/>
		<b id="16" c="14 16" t="ar"/>
		<b id="17" c="16 17" t="ar"/>
		<b id="18" c="17 18" t="ar"/>
		<b id="19" c="2 18" t="ar"/>
		<b id="20" c="12 18" t="ar"/>
		<b id="21" c="1 19" t="1"/>
		<b id="22" c="1 20" t="1"/>
		<b id="23" c="1 21" t="1"/>
		<b id="24" c="6 22" t="1"/>
		<b id="25" c="7 23" t="1"/>
		<b id="26" c="8 24" t="1"/>
		<b id="27" c="9 25" t="1"/>
		<b id="28" c="13 26" t="1"/>
		<b id="29" c="17 27" t="1"/>
	</bonds>
	<geometry>
		<g u="A" t="cart/3d">#27,3:1.0317,0.0886,0.1113;2.5086,-0.0287,0.0596;3.2957,1.0123,0.0684;4.5790,0.5864,-0.0032;5.6069,1.5332,-0.0065;5.4786,2.6766,0.7782;6.4694,3.6390,0.7867;7.6072,3.4782,0.0126;7.7426,2.3604,-0.7915;6.7417,1.4080,-0.8052;6.8693,0.3534,-1.6376;4.6355,-0.7743,-0.0263;5.6821,-1.6915,-0.0021;5.2901,-3.0166,0.0082;6.4950,-4.2442,0.0439;4.0379,-3.4616,0.0027;3.0502,-2.5974,0.0046;3.2883,-1.2258,0.0040;0.7507,1.1373,0.1309;0.6470,-0.4059,1.0024;0.5863,-0.3898,-0.7596;4.5833,2.7895,1.3685;6.3547,4.5169,1.4030;8.3843,4.2261,0.0234;8.6043,2.2207,-1.4246;6.7218,-1.4161,0.0112;2.0518,-3.0119,0.0146;</g>
	</geometry>
	<conformers/>
	<properties/>
</molecule>
