<?xml version="1.0" ?>
<!--MOLLI PACKAGE EXPERIMENTAL XML FORMAT-->
<molecule name="el3083">
	<atoms>
		<a id="1" s="C" t="C.3" l="C"/>
		<a id="2" s="C" t="C.3" l="C"/>
		<a id="3" s="C" t="C.3" l="C"/>
		<a id="4" s="C" t="C.3" l="C"/>
		<a id="5" s="O" t="O.3" l="O"/>
		<a id="6" s="C" t="C.2" l="C"/>
		<a id="7" s="O" t="O.2" l="O"/>
		<a id="8" s="N" t="N.am" l="N"/>
		<a id="9" s="C" t="C.2" l="C"/>
		<a id="10" s="O" t="O.2" l="O"/>
		<a id="11" s="O" t="O.3" l="O"/>
		<a id="12" s="C" t="C.3" l="C"/>
		<a id="13" s="C" t="C.3" l="C"/>
		<a id="14" s="C" t="C.3" l="C"/>
		<a id="15" s="C" t="C.3" l="C"/>
		<a id="16" s="C" t="C.ar" l="C"/>
		<a id="17" s="C" t="C.ar" l="C"/>
		<a id="18" s="C" t="C.ar" l="C"/>
		<a id="19" s="Cl" t="Cl" l="CL"/>
		<a id="20" s="N" t="N.ar" l="N"/>
		<a id="21" s="C" t="C.ar" l="C"/>
		<a id="22" s="N" t="N.ar" l="N"/>
		<a id="23" s="H" t="H" l="H"/>
		<a id="24" s="H" t="H" l="H"/>
		<a id="25" s="H" t="H" l="H"/>
		<a id="26" s="H" t="H" l="H"/>
		<a id="27" s="H" t="H" l="H"/>
		<a id="28" s="H" t="H" l="H"/>
		<a id="29" s="H" t="H" l="H"/>
		<a id="30" s="H" t="H" l="H"/>
		<a id="31" s="H" t="H" l="H"/>
		<a id="32" s="H" t="H" l="H"/>
		<a id="33" s="H" t="H" l="H"/>
		<a id="34" s="H" t="H" l="H"/>
		<a id="35" s="H" t="H" l="H"/>
		<a id="36" s="H" t="H" l="H"/>
		<a id="37" s="H" t="H" l="H"/>
		<a id="38" s="H" t="H" l="H"/>
		<a id="39" s="H" t="H" l="H"/>
		<a id="40" s="H" t="H" l="H"/>
		<a id="41" s="H" t="H" l="H"/>
		<a id="42" s="H" t="H" l="H"/>
	</atoms>
	<bonds>
		<b id="1" c="1 2" t="1"/>
		<b id="2" c="2 3" t="1"/>
		<b id="3" c="2 4" t="1"/>
		<b id="4" c="2 5" t="1"/>
		<b id="5" c="5 6" t="1"/>
		<b id="6" c="6 7" t="2"/>
		<b id="7" c="6 8" t="am"/>
		<b id="8" c="8 9" t="am"/>
		<b id="9" c="9 10" t="2"/>
		<b id="10" c="9 11" t="1"/>
		<b id="11" c="11 12" t="1"/>
		<b id="12" c="12 13" t="1"/>
		<b id="13" c="12 14" t="1"/>
		<b id="14" c="12 15" t="1"/>
		<b id="15" c="8 16" t="1"/>
		<b id="16" c="16 17" t="ar"/>
		<b id="17" c="17 18" t="ar"/>
		<b id="18" c="18 19" t="1"/>
		<b id="19" c="18 20" t="ar"/>
		<b id="20" c="20 21" t="ar"/>
		<b id="21" c="21 22" t="ar"/>
		<b id="22" c="16 22" t="ar"/>
		<b id="23" c="1 23" t="1"/>
		<b id="24" c="1 24" t="1"/>
		<b id="25" c="1 25" t="1"/>
		<b id="26" c="3 26" t="1"/>
		<b id="27" c="3 27" t="1"/>
		<b id="28" c="3 28" t="1"/>
		<b id="29" c="4 29" t="1"/>
		<b id="30" c="4 30" t="1"/>
		<b id="31" c="4 31" t="1"/>
		<b id="32" c="13 32" t="1"/>
		<b id="33" c="13 33" t="1"/>
		<b id="34" c="13 34" t="1"/>
		<b id="35" c="14 35" t="1"/>
		<b id="36" c="14 36" t="1"/>
		<b id="37" c="14 37" t="1"/>
		<b id="38" c="15 38" t="1"/>
		<b id="39" c="15 39" t="1"/>
		<b id="40" c="15 40" t="1"/>
		<b id="41" c="17 41" t="1"/>
		<b id="42" c="21 42" t="1"/>
	</bonds>
	<geometry>
		<g u="A" t="cart/3d">#42,3:2.0293,-0.6029,0.4310;2.9743,0.5151,-0.0025;4.0128,0.0132,-1.0021;2.1911,1.6991,-0.5691;3.6592,1.0772,1.1574;4.3654,0.3222,1.9514;4.5741,-0.8492,1.9129;4.9116,1.1568,3.0164;4.0555,1.6154,4.0108;4.3857,2.3556,4.8963;2.8527,1.0946,3.8020;1.7313,1.4628,4.6550;1.4956,2.9707,4.5857;0.5478,0.7060,4.0528;1.9900,1.0030,6.0883;6.2560,1.4493,2.9000;7.0226,2.0428,3.9045;8.3570,2.2383,3.5851;9.4158,2.9538,4.7232;8.8892,1.8935,2.4243;8.0672,1.3451,1.5505;6.7846,1.1112,1.7214;1.3988,-0.8885,-0.4063;1.3981,-0.2627,1.2488;2.5907,-1.4715,0.7641;3.5126,-0.3544,-1.8937;4.5975,-0.7931,-0.5661;4.6870,0.8203,-1.2794;1.6702,1.4030,-1.4746;2.8687,2.5165,-0.8011;1.4644,2.0489,0.1599;1.3920,3.2841,3.5485;2.3270,3.5085,5.0327;0.5851,3.2210,5.1227;0.3392,1.0723,3.0508;-0.3346,0.8492,4.6691;0.7742,-0.3555,3.9980;2.8388,1.5346,6.5098;2.1982,-0.0649,6.1063;1.1130,1.2021,6.6977;6.6055,2.3327,4.8515;8.4911,1.0642,0.5961;</g>
	</geometry>
	<conformers/>
	<properties/>
</molecule>
