<?xml version="1.0" ?>
<!--MOLLI PACKAGE EXPERIMENTAL XML FORMAT-->
<molecule name="el3086">
	<atoms>
		<a id="1" s="C" t="C.3" l="C"/>
		<a id="2" s="O" t="O.3" l="O"/>
		<a id="3" s="C" t="C.ar" l="C"/>
		<a id="4" s="C" t="C.ar" l="C"/>
		<a id="5" s="C" t="C.ar" l="C"/>
		<a id="6" s="C" t="C.ar" l="C"/>
		<a id="7" s="C" t="C.2" l="C"/>
		<a id="8" s="O" t="O.2" l="O"/>
		<a id="9" s="O" t="O.3" l="O"/>
		<a id="10" s="C" t="C.ar" l="C"/>
		<a id="11" s="C" t="C.ar" l="C"/>
		<a id="12" s="C" t="C.ar" l="C"/>
		<a id="13" s="N" t="N.ar" l="N"/>
		<a id="14" s="N" t="N.ar" l="N"/>
		<a id="15" s="C" t="C.3" l="C"/>
		<a id="16" s="O" t="O.3" l="O"/>
		<a id="17" s="C" t="C.3" l="C"/>
		<a id="18" s="C" t="C.3" l="C"/>
		<a id="19" s="Si" t="Si" l="SI"/>
		<a id="20" s="C" t="C.3" l="C"/>
		<a id="21" s="C" t="C.3" l="C"/>
		<a id="22" s="C" t="C.3" l="C"/>
		<a id="23" s="C" t="C.ar" l="C"/>
		<a id="24" s="N" t="N.ar" l="N"/>
		<a id="25" s="C" t="C.ar" l="C"/>
		<a id="26" s="Cl" t="Cl" l="CL"/>
		<a id="27" s="C" t="C.ar" l="C"/>
		<a id="28" s="C" t="C.ar" l="C"/>
		<a id="29" s="C" t="C.ar" l="C"/>
		<a id="30" s="H" t="H" l="H"/>
		<a id="31" s="H" t="H" l="H"/>
		<a id="32" s="H" t="H" l="H"/>
		<a id="33" s="H" t="H" l="H"/>
		<a id="34" s="H" t="H" l="H"/>
		<a id="35" s="H" t="H" l="H"/>
		<a id="36" s="H" t="H" l="H"/>
		<a id="37" s="H" t="H" l="H"/>
		<a id="38" s="H" t="H" l="H"/>
		<a id="39" s="H" t="H" l="H"/>
		<a id="40" s="H" t="H" l="H"/>
		<a id="41" s="H" t="H" l="H"/>
		<a id="42" s="H" t="H" l="H"/>
		<a id="43" s="H" t="H" l="H"/>
		<a id="44" s="H" t="H" l="H"/>
		<a id="45" s="H" t="H" l="H"/>
		<a id="46" s="H" t="H" l="H"/>
		<a id="47" s="H" t="H" l="H"/>
		<a id="48" s="H" t="H" l="H"/>
		<a id="49" s="H" t="H" l="H"/>
		<a id="50" s="H" t="H" l="H"/>
		<a id="51" s="H" t="H" l="H"/>
		<a id="52" s="H" t="H" l="H"/>
		<a id="53" s="H" t="H" l="H"/>
	</atoms>
	<bonds>
		<b id="1" c="1 2" t="1"/>
		<b id="2" c="2 3" t="1"/>
		<b id="3" c="3 4" t="ar"/>
		<b id="4" c="4 5" t="ar"/>
		<b id="5" c="5 6" t="ar"/>
		<b id="6" c="6 7" t="1"/>
		<b id="7" c="7 8" t="2"/>
		<b id="8" c="7 9" t="1"/>
		<b id="9" c="6 10" t="ar"/>
		<b id="10" c="10 11" t="ar"/>
		<b id="11" c="3 11" t="ar"/>
		<b id="12" c="11 12" t="1"/>
		<b id="13" c="12 13" t="ar"/>
		<b id="14" c="13 14" t="ar"/>
		<b id="15" c="14 15" t="1"/>
		<b id="16" c="15 16" t="1"/>
		<b id="17" c="16 17" t="1"/>
		<b id="18" c="17 18" t="1"/>
		<b id="19" c="18 19" t="1"/>
		<b id="20" c="19 20" t="1"/>
		<b id="21" c="19 21" t="1"/>
		<b id="22" c="19 22" t="1"/>
		<b id="23" c="14 23" t="ar"/>
		<b id="24" c="23 24" t="ar"/>
		<b id="25" c="24 25" t="ar"/>
		<b id="26" c="25 26" t="1"/>
		<b id="27" c="25 27" t="ar"/>
		<b id="28" c="27 28" t="ar"/>
		<b id="29" c="28 29" t="ar"/>
		<b id="30" c="12 29" t="ar"/>
		<b id="31" c="23 29" t="ar"/>
		<b id="32" c="1 30" t="1"/>
		<b id="33" c="1 31" t="1"/>
		<b id="34" c="1 32" t="1"/>
		<b id="35" c="4 33" t="1"/>
		<b id="36" c="5 34" t="1"/>
		<b id="37" c="9 35" t="1"/>
		<b id="38" c="10 36" t="1"/>
		<b id="39" c="15 37" t="1"/>
		<b id="40" c="15 38" t="1"/>
		<b id="41" c="17 39" t="1"/>
		<b id="42" c="17 40" t="1"/>
		<b id="43" c="18 41" t="1"/>
		<b id="44" c="18 42" t="1"/>
		<b id="45" c="20 43" t="1"/>
		<b id="46" c="20 44" t="1"/>
		<b id="47" c="20 45" t="1"/>
		<b id="48" c="21 46" t="1"/>
		<b id="49" c="21 47" t="1"/>
		<b id="50" c="21 48" t="1"/>
		<b id="51" c="22 49" t="1"/>
		<b id="52" c="22 50" t="1"/>
		<b id="53" c="22 51" t="1"/>
		<b id="54" c="27 52" t="1"/>
		<b id="55" c="28 53" t="1"/>
	</bonds>
	<geometry>
		<g u="A" t="cart/3d">#53,3:0.9001,0.1339,0.9355;2.1494,0.7844,0.8967;2.9997,0.6436,1.9415;2.7083,-0.0787,3.0965;3.6509,-0.2162,4.0946;4.9211,0.3377,3.9568;5.9005,0.1221,5.0571;5.5729,-0.1708,6.1751;7.2000,0.2570,4.7362;5.2086,1.0777,2.8151;4.2620,1.2566,1.8160;4.6344,2.0329,0.6400;5.8755,1.9925,0.1969;5.9764,2.7876,-0.8765;7.1829,2.8603,-1.6672;7.2558,1.8828,-2.6460;6.2727,1.9977,-3.6701;6.6326,1.0679,-4.8108;5.2957,1.0557,-6.1830;5.8682,-0.1381,-7.5557;3.6408,0.4526,-5.4447;5.0694,2.8143,-6.8878;4.7846,3.3652,-1.1523;4.5255,4.2192,-2.1377;3.2924,4.6643,-2.1666;2.9243,5.7488,-3.4463;2.2879,4.3293,-1.2465;2.5706,3.4466,-0.2270;3.8589,2.9141,-0.1744;0.4244,0.3621,-0.0171;0.2749,0.5095,1.7515;1.0145,-0.9496,1.0318;1.7434,-0.5430,3.2214;3.4240,-0.7697,4.9925;7.3285,0.4381,3.7952;6.1612,1.5683,2.6720;8.0332,2.6948,-1.0003;7.2081,3.8714,-2.1057;6.2276,3.0392,-4.0131;5.2877,1.7316,-3.2652;6.7664,0.0675,-4.4001;7.5998,1.3698,-5.2111;5.9807,-1.1506,-7.1813;6.8237,0.1643,-7.9723;5.1518,-0.1684,-8.3701;3.7616,-0.4860,-4.9118;2.8954,0.2953,-6.2183;3.2349,1.1777,-4.7452;6.0064,3.2196,-7.2581;4.6925,3.4966,-6.1314;4.3631,2.8211,-7.7127;1.3116,4.7733,-1.3491;1.8214,3.1812,0.5008;</g>
	</geometry>
	<conformers/>
	<properties/>
</molecule>
