<?xml version="1.0" ?>
<!--MOLLI PACKAGE EXPERIMENTAL XML FORMAT-->
<molecule name="el3087">
	<atoms>
		<a id="1" s="C" t="C.3" l="C"/>
		<a id="2" s="O" t="O.3" l="O"/>
		<a id="3" s="C" t="C.ar" l="C"/>
		<a id="4" s="C" t="C.ar" l="C"/>
		<a id="5" s="C" t="C.ar" l="C"/>
		<a id="6" s="C" t="C.ar" l="C"/>
		<a id="7" s="C" t="C.ar" l="C"/>
		<a id="8" s="C" t="C.ar" l="C"/>
		<a id="9" s="C" t="C.ar" l="C"/>
		<a id="10" s="N" t="N.ar" l="N"/>
		<a id="11" s="C" t="C.ar" l="C"/>
		<a id="12" s="Cl" t="Cl" l="CL"/>
		<a id="13" s="C" t="C.ar" l="C"/>
		<a id="14" s="H" t="H" l="H"/>
		<a id="15" s="H" t="H" l="H"/>
		<a id="16" s="H" t="H" l="H"/>
		<a id="17" s="H" t="H" l="H"/>
		<a id="18" s="H" t="H" l="H"/>
		<a id="19" s="H" t="H" l="H"/>
		<a id="20" s="H" t="H" l="H"/>
		<a id="21" s="H" t="H" l="H"/>
	</atoms>
	<bonds>
		<b id="1" c="1 2" t="1"/>
		<b id="2" c="2 3" t="1"/>
		<b id="3" c="3 4" t="ar"/>
		<b id="4" c="4 5" t="ar"/>
		<b id="5" c="5 6" t="ar"/>
		<b id="6" c="6 7" t="ar"/>
		<b id="7" c="7 8" t="ar"/>
		<b id="8" c="8 9" t="ar"/>
		<b id="9" c="9 10" t="ar"/>
		<b id="10" c="10 11" t="ar"/>
		<b id="11" c="11 12" t="1"/>
		<b id="12" c="11 13" t="ar"/>
		<b id="13" c="3 13" t="ar"/>
		<b id="14" c="7 13" t="ar"/>
		<b id="15" c="1 14" t="1"/>
		<b id="16" c="1 15" t="1"/>
		<b id="17" c="1 16" t="1"/>
		<b id="18" c="4 17" t="1"/>
		<b id="19" c="5 18" t="1"/>
		<b id="20" c="6 19" t="1"/>
		<b id="21" c="8 20" t="1"/>
		<b id="22" c="9 21" t="1"/>
	</bonds>
	<geometry>
		<g u="A" t="cart/3d">#21,3:1.2043,-0.4160,-0.5062;2.3483,0.0683,0.1542;2.9788,-0.7186,1.0517;2.5666,-1.9950,1.3735;3.2552,-2.7628,2.3171;4.3602,-2.2691,2.9494;4.8226,-0.9733,2.6513;5.9655,-0.4371,3.2852;6.3782,0.8224,2.9600;5.7430,1.5811,2.0596;4.6859,1.1129,1.4623;3.9909,2.2088,0.3375;4.1348,-0.1752,1.6916;0.8862,0.3937,-1.1611;0.4001,-0.6492,0.1986;1.4321,-1.3009,-1.1090;1.6989,-2.4241,0.8990;2.8967,-3.7569,2.5393;4.8940,-2.8573,3.6798;6.4942,-1.0304,4.0145;7.2452,1.2839,3.4112;</g>
	</geometry>
	<conformers/>
	<properties/>
</molecule>
