<?xml version="1.0" ?>
<!--MOLLI PACKAGE EXPERIMENTAL XML FORMAT-->
<molecule name="el3090">
	<atoms>
		<a id="1" s="C" t="C.3" l="C"/>
		<a id="2" s="O" t="O.3" l="O"/>
		<a id="3" s="C" t="C.ar" l="C"/>
		<a id="4" s="C" t="C.ar" l="C"/>
		<a id="5" s="C" t="C.ar" l="C"/>
		<a id="6" s="C" t="C.ar" l="C"/>
		<a id="7" s="N" t="N.ar" l="N"/>
		<a id="8" s="C" t="C.ar" l="C"/>
		<a id="9" s="Cl" t="Cl" l="CL"/>
		<a id="10" s="C" t="C.ar" l="C"/>
		<a id="11" s="C" t="C.ar" l="C"/>
		<a id="12" s="C" t="C.3" l="C"/>
		<a id="13" s="C" t="C.ar" l="C"/>
		<a id="14" s="C" t="C.ar" l="C"/>
		<a id="15" s="H" t="H" l="H"/>
		<a id="16" s="H" t="H" l="H"/>
		<a id="17" s="H" t="H" l="H"/>
		<a id="18" s="H" t="H" l="H"/>
		<a id="19" s="H" t="H" l="H"/>
		<a id="20" s="H" t="H" l="H"/>
		<a id="21" s="H" t="H" l="H"/>
		<a id="22" s="H" t="H" l="H"/>
		<a id="23" s="H" t="H" l="H"/>
		<a id="24" s="H" t="H" l="H"/>
	</atoms>
	<bonds>
		<b id="1" c="1 2" t="1"/>
		<b id="2" c="2 3" t="1"/>
		<b id="3" c="3 4" t="ar"/>
		<b id="4" c="4 5" t="ar"/>
		<b id="5" c="5 6" t="ar"/>
		<b id="6" c="6 7" t="ar"/>
		<b id="7" c="7 8" t="ar"/>
		<b id="8" c="8 9" t="1"/>
		<b id="9" c="8 10" t="ar"/>
		<b id="10" c="10 11" t="ar"/>
		<b id="11" c="11 12" t="1"/>
		<b id="12" c="11 13" t="ar"/>
		<b id="13" c="6 13" t="ar"/>
		<b id="14" c="13 14" t="ar"/>
		<b id="15" c="3 14" t="ar"/>
		<b id="16" c="1 15" t="1"/>
		<b id="17" c="1 16" t="1"/>
		<b id="18" c="1 17" t="1"/>
		<b id="19" c="4 18" t="1"/>
		<b id="20" c="5 19" t="1"/>
		<b id="21" c="10 20" t="1"/>
		<b id="22" c="12 21" t="1"/>
		<b id="23" c="12 22" t="1"/>
		<b id="24" c="12 23" t="1"/>
		<b id="25" c="14 24" t="1"/>
	</bonds>
	<geometry>
		<g u="A" t="cart/3d">#24,3:1.4497,0.3189,0.9186;2.4053,0.0615,-0.0824;2.9977,1.1104,-0.7149;2.7242,2.4628,-0.4327;3.3709,3.4533,-1.1191;4.3146,3.1465,-2.1152;4.9213,4.1668,-2.7567;5.7887,3.8770,-3.6741;6.5445,5.2061,-4.4696;6.1480,2.5722,-4.0588;5.5529,1.5100,-3.4293;5.8996,0.1047,-3.8023;4.5947,1.7831,-2.4095;3.9204,0.7870,-1.6898;1.1233,-0.6590,1.2691;0.5876,0.8652,0.5225;1.8820,0.8753,1.7564;2.0045,2.7271,0.3259;3.1744,4.4937,-0.9148;6.8800,2.4296,-4.8378;6.6229,0.0925,-4.6134;5.0083,-0.4343,-4.1194;6.3244,-0.4193,-2.9471;4.1084,-0.2568,-1.8821;</g>
	</geometry>
	<conformers/>
	<properties/>
</molecule>
