<?xml version="1.0" ?>
<!--MOLLI PACKAGE EXPERIMENTAL XML FORMAT-->
<molecule name="el3092">
	<atoms>
		<a id="1" s="C" t="C.3" l="C"/>
		<a id="2" s="C" t="C.3" l="C"/>
		<a id="3" s="C" t="C.3" l="C"/>
		<a id="4" s="C" t="C.3" l="C"/>
		<a id="5" s="O" t="O.3" l="O"/>
		<a id="6" s="C" t="C.2" l="C"/>
		<a id="7" s="O" t="O.2" l="O"/>
		<a id="8" s="N" t="N.am" l="N"/>
		<a id="9" s="C" t="C.3" l="C"/>
		<a id="10" s="C" t="C.3" l="C"/>
		<a id="11" s="C" t="C.3" l="C"/>
		<a id="12" s="N" t="N.pl3" l="N"/>
		<a id="13" s="C" t="C.ar" l="C"/>
		<a id="14" s="C" t="C.ar" l="C"/>
		<a id="15" s="C" t="C.ar" l="C"/>
		<a id="16" s="C" t="C.ar" l="C"/>
		<a id="17" s="C" t="C.ar" l="C"/>
		<a id="18" s="N" t="N.ar" l="N"/>
		<a id="19" s="C" t="C.ar" l="C"/>
		<a id="20" s="Cl" t="Cl" l="CL"/>
		<a id="21" s="C" t="C.ar" l="C"/>
		<a id="22" s="C" t="C.ar" l="C"/>
		<a id="23" s="N" t="N.ar" l="N"/>
		<a id="24" s="C" t="C.3" l="C"/>
		<a id="25" s="C" t="C.3" l="C"/>
		<a id="26" s="H" t="H" l="H"/>
		<a id="27" s="H" t="H" l="H"/>
		<a id="28" s="H" t="H" l="H"/>
		<a id="29" s="H" t="H" l="H"/>
		<a id="30" s="H" t="H" l="H"/>
		<a id="31" s="H" t="H" l="H"/>
		<a id="32" s="H" t="H" l="H"/>
		<a id="33" s="H" t="H" l="H"/>
		<a id="34" s="H" t="H" l="H"/>
		<a id="35" s="H" t="H" l="H"/>
		<a id="36" s="H" t="H" l="H"/>
		<a id="37" s="H" t="H" l="H"/>
		<a id="38" s="H" t="H" l="H"/>
		<a id="39" s="H" t="H" l="H"/>
		<a id="40" s="H" t="H" l="H"/>
		<a id="41" s="H" t="H" l="H"/>
		<a id="42" s="H" t="H" l="H"/>
		<a id="43" s="H" t="H" l="H"/>
		<a id="44" s="H" t="H" l="H"/>
		<a id="45" s="H" t="H" l="H"/>
		<a id="46" s="H" t="H" l="H"/>
		<a id="47" s="H" t="H" l="H"/>
		<a id="48" s="H" t="H" l="H"/>
	</atoms>
	<bonds>
		<b id="1" c="1 2" t="1"/>
		<b id="2" c="2 3" t="1"/>
		<b id="3" c="2 4" t="1"/>
		<b id="4" c="2 5" t="1"/>
		<b id="5" c="5 6" t="1"/>
		<b id="6" c="6 7" t="2"/>
		<b id="7" c="6 8" t="am"/>
		<b id="8" c="8 9" t="1"/>
		<b id="9" c="9 10" t="1"/>
		<b id="10" c="10 11" t="1"/>
		<b id="11" c="11 12" t="1"/>
		<b id="12" c="12 13" t="1"/>
		<b id="13" c="13 14" t="ar"/>
		<b id="14" c="14 15" t="ar"/>
		<b id="15" c="15 16" t="ar"/>
		<b id="16" c="16 17" t="ar"/>
		<b id="17" c="17 18" t="ar"/>
		<b id="18" c="18 19" t="ar"/>
		<b id="19" c="19 20" t="1"/>
		<b id="20" c="19 21" t="ar"/>
		<b id="21" c="21 22" t="ar"/>
		<b id="22" c="16 22" t="ar"/>
		<b id="23" c="22 23" t="ar"/>
		<b id="24" c="13 23" t="ar"/>
		<b id="25" c="11 24" t="1"/>
		<b id="26" c="24 25" t="1"/>
		<b id="27" c="8 25" t="1"/>
		<b id="28" c="1 26" t="1"/>
		<b id="29" c="1 27" t="1"/>
		<b id="30" c="1 28" t="1"/>
		<b id="31" c="3 29" t="1"/>
		<b id="32" c="3 30" t="1"/>
		<b id="33" c="3 31" t="1"/>
		<b id="34" c="4 32" t="1"/>
		<b id="35" c="4 33" t="1"/>
		<b id="36" c="4 34" t="1"/>
		<b id="37" c="9 35" t="1"/>
		<b id="38" c="9 36" t="1"/>
		<b id="39" c="10 37" t="1"/>
		<b id="40" c="10 38" t="1"/>
		<b id="41" c="11 39" t="1"/>
		<b id="42" c="12 40" t="1"/>
		<b id="43" c="14 41" t="1"/>
		<b id="44" c="15 42" t="1"/>
		<b id="45" c="17 43" t="1"/>
		<b id="46" c="21 44" t="1"/>
		<b id="47" c="24 45" t="1"/>
		<b id="48" c="24 46" t="1"/>
		<b id="49" c="25 47" t="1"/>
		<b id="50" c="25 48" t="1"/>
	</bonds>
	<geometry>
		<g u="A" t="cart/3d">#48,3:4.1991,0.2382,-1.4220;3.0889,-0.3912,-0.5814;2.5397,0.6051,0.4390;1.9646,-0.9085,-1.4807;3.5746,-1.5813,0.0860;4.5729,-1.4934,0.9834;5.1582,-0.4811,1.2951;4.8461,-2.7012,1.5399;5.9320,-2.8267,2.4873;7.0294,-3.7249,1.9213;6.4605,-5.0943,1.5208;6.0572,-5.8653,2.6761;6.9388,-6.5290,3.4525;6.4666,-7.1829,4.6340;7.3468,-7.8731,5.4026;8.7073,-7.9304,5.0103;9.7100,-8.6077,5.7181;10.9615,-8.6510,5.3395;11.2977,-8.0139,4.2184;12.9626,-8.1236,3.7934;10.4308,-7.3088,3.4226;9.0788,-7.2519,3.8148;8.1990,-6.5653,3.0678;5.2758,-4.9076,0.5706;4.2320,-3.9476,1.1514;3.8019,1.0816,-1.9795;4.5981,-0.4925,-2.1226;5.0026,0.5854,-0.7787;2.0927,1.4493,-0.0783;3.3407,0.9650,1.0786;1.7824,0.1277,1.0575;1.5297,-0.0859,-2.0400;1.1900,-1.3768,-0.8786;2.3535,-1.6456,-2.1785;5.5425,-3.2458,3.4231;6.3142,-1.8242,2.6839;7.8184,-3.8664,2.6594;7.4624,-3.2516,1.0397;7.2527,-5.6736,1.0345;5.1273,-5.7243,3.0348;5.4200,-7.1140,4.8920;7.0344,-8.3787,6.3054;9.4754,-9.1366,6.6335;10.7524,-6.8088,2.5250;4.8090,-5.8710,0.3603;5.6487,-4.4960,-0.3678;3.7534,-4.3914,2.0349;3.4573,-3.7441,0.4136;</g>
	</geometry>
	<conformers/>
	<properties/>
</molecule>
