<?xml version="1.0" ?>
<!--MOLLI PACKAGE EXPERIMENTAL XML FORMAT-->
<molecule name="el3095">
	<atoms>
		<a id="1" s="C" t="C.3" l="C"/>
		<a id="2" s="O" t="O.3" l="O"/>
		<a id="3" s="C" t="C.ar" l="C"/>
		<a id="4" s="N" t="N.ar" l="N"/>
		<a id="5" s="C" t="C.ar" l="C"/>
		<a id="6" s="C" t="C.ar" l="C"/>
		<a id="7" s="C" t="C.ar" l="C"/>
		<a id="8" s="C" t="C.ar" l="C"/>
		<a id="9" s="N" t="N.ar" l="N"/>
		<a id="10" s="C" t="C.ar" l="C"/>
		<a id="11" s="Cl" t="Cl" l="CL"/>
		<a id="12" s="C" t="C.ar" l="C"/>
		<a id="13" s="C" t="C.ar" l="C"/>
		<a id="14" s="C" t="C.ar" l="C"/>
		<a id="15" s="C" t="C.ar" l="C"/>
		<a id="16" s="N" t="N.ar" l="N"/>
		<a id="17" s="C" t="C.ar" l="C"/>
		<a id="18" s="C" t="C.ar" l="C"/>
		<a id="19" s="C" t="C.ar" l="C"/>
		<a id="20" s="H" t="H" l="H"/>
		<a id="21" s="H" t="H" l="H"/>
		<a id="22" s="H" t="H" l="H"/>
		<a id="23" s="H" t="H" l="H"/>
		<a id="24" s="H" t="H" l="H"/>
		<a id="25" s="H" t="H" l="H"/>
		<a id="26" s="H" t="H" l="H"/>
		<a id="27" s="H" t="H" l="H"/>
		<a id="28" s="H" t="H" l="H"/>
		<a id="29" s="H" t="H" l="H"/>
	</atoms>
	<bonds>
		<b id="1" c="1 2" t="1"/>
		<b id="2" c="2 3" t="1"/>
		<b id="3" c="3 4" t="ar"/>
		<b id="4" c="4 5" t="ar"/>
		<b id="5" c="5 6" t="1"/>
		<b id="6" c="6 7" t="ar"/>
		<b id="7" c="7 8" t="ar"/>
		<b id="8" c="8 9" t="ar"/>
		<b id="9" c="9 10" t="ar"/>
		<b id="10" c="10 11" t="1"/>
		<b id="11" c="10 12" t="ar"/>
		<b id="12" c="6 12" t="ar"/>
		<b id="13" c="5 13" t="ar"/>
		<b id="14" c="13 14" t="ar"/>
		<b id="15" c="14 15" t="ar"/>
		<b id="16" c="15 16" t="ar"/>
		<b id="17" c="16 17" t="ar"/>
		<b id="18" c="17 18" t="ar"/>
		<b id="19" c="18 19" t="ar"/>
		<b id="20" c="3 19" t="ar"/>
		<b id="21" c="14 19" t="ar"/>
		<b id="22" c="1 20" t="1"/>
		<b id="23" c="1 21" t="1"/>
		<b id="24" c="1 22" t="1"/>
		<b id="25" c="7 23" t="1"/>
		<b id="26" c="8 24" t="1"/>
		<b id="27" c="12 25" t="1"/>
		<b id="28" c="13 26" t="1"/>
		<b id="29" c="15 27" t="1"/>
		<b id="30" c="17 28" t="1"/>
		<b id="31" c="18 29" t="1"/>
	</bonds>
	<geometry>
		<g u="A" t="cart/3d">#29,3:1.3909,0.5233,0.9451;2.4157,0.1188,0.0560;2.9679,1.0818,-0.6868;2.5516,2.3095,-0.5646;3.1165,3.2949,-1.3031;2.5585,4.6341,-1.0736;3.2697,5.8050,-1.3461;2.6600,7.0223,-1.1040;1.4321,7.1424,-0.6264;0.7693,6.0359,-0.3629;-0.8211,6.2405,0.2623;1.2701,4.7588,-0.5581;4.1171,3.0487,-2.2106;4.5825,1.7259,-2.3740;5.6019,1.3485,-3.2770;6.0242,0.1235,-3.4194;5.4715,-0.8428,-2.6755;4.4748,-0.6183,-1.7579;4.0083,0.6949,-1.5937;1.1068,-0.3676,1.5006;0.5351,0.9141,0.3906;1.7546,1.2988,1.6221;4.2806,5.7714,-1.7185;3.1704,7.9559,-1.2973;0.6909,3.8822,-0.3232;4.5391,3.8346,-2.8159;6.0782,2.0968,-3.8983;5.8684,-1.8340,-2.8473;4.0478,-1.4158,-1.1719;</g>
	</geometry>
	<conformers/>
	<properties/>
</molecule>
