<?xml version="1.0" ?>
<!--MOLLI PACKAGE EXPERIMENTAL XML FORMAT-->
<molecule name="el3096">
	<atoms>
		<a id="1" s="C" t="C.3" l="C"/>
		<a id="2" s="S" t="S.O2" l="S"/>
		<a id="3" s="O" t="O.2" l="O"/>
		<a id="4" s="O" t="O.2" l="O"/>
		<a id="5" s="C" t="C.ar" l="C"/>
		<a id="6" s="C" t="C.ar" l="C"/>
		<a id="7" s="C" t="C.ar" l="C"/>
		<a id="8" s="C" t="C.ar" l="C"/>
		<a id="9" s="C" t="C.ar" l="C"/>
		<a id="10" s="C" t="C.ar" l="C"/>
		<a id="11" s="C" t="C.3" l="C"/>
		<a id="12" s="C" t="C.3" l="C"/>
		<a id="13" s="N" t="N.pl3" l="N"/>
		<a id="14" s="C" t="C.ar" l="C"/>
		<a id="15" s="C" t="C.ar" l="C"/>
		<a id="16" s="C" t="C.ar" l="C"/>
		<a id="17" s="Cl" t="Cl" l="CL"/>
		<a id="18" s="N" t="N.ar" l="N"/>
		<a id="19" s="C" t="C.ar" l="C"/>
		<a id="20" s="N" t="N.ar" l="N"/>
		<a id="21" s="H" t="H" l="H"/>
		<a id="22" s="H" t="H" l="H"/>
		<a id="23" s="H" t="H" l="H"/>
		<a id="24" s="H" t="H" l="H"/>
		<a id="25" s="H" t="H" l="H"/>
		<a id="26" s="H" t="H" l="H"/>
		<a id="27" s="H" t="H" l="H"/>
		<a id="28" s="H" t="H" l="H"/>
		<a id="29" s="H" t="H" l="H"/>
		<a id="30" s="H" t="H" l="H"/>
		<a id="31" s="H" t="H" l="H"/>
		<a id="32" s="H" t="H" l="H"/>
	</atoms>
	<bonds>
		<b id="1" c="1 2" t="1"/>
		<b id="2" c="2 3" t="2"/>
		<b id="3" c="2 4" t="2"/>
		<b id="4" c="2 5" t="1"/>
		<b id="5" c="5 6" t="ar"/>
		<b id="6" c="6 7" t="ar"/>
		<b id="7" c="7 8" t="ar"/>
		<b id="8" c="8 9" t="ar"/>
		<b id="9" c="9 10" t="ar"/>
		<b id="10" c="5 10" t="ar"/>
		<b id="11" c="9 11" t="1"/>
		<b id="12" c="11 12" t="1"/>
		<b id="13" c="12 13" t="1"/>
		<b id="14" c="8 13" t="1"/>
		<b id="15" c="13 14" t="1"/>
		<b id="16" c="14 15" t="ar"/>
		<b id="17" c="15 16" t="ar"/>
		<b id="18" c="16 17" t="1"/>
		<b id="19" c="16 18" t="ar"/>
		<b id="20" c="18 19" t="ar"/>
		<b id="21" c="19 20" t="ar"/>
		<b id="22" c="14 20" t="ar"/>
		<b id="23" c="1 21" t="1"/>
		<b id="24" c="1 22" t="1"/>
		<b id="25" c="1 23" t="1"/>
		<b id="26" c="6 24" t="1"/>
		<b id="27" c="7 25" t="1"/>
		<b id="28" c="10 26" t="1"/>
		<b id="29" c="11 27" t="1"/>
		<b id="30" c="11 28" t="1"/>
		<b id="31" c="12 29" t="1"/>
		<b id="32" c="12 30" t="1"/>
		<b id="33" c="15 31" t="1"/>
		<b id="34" c="19 32" t="1"/>
	</bonds>
	<geometry>
		<g u="A" t="cart/3d">#32,3:0.9818,0.1394,-0.2704;2.7602,-0.1367,-0.0041;3.3027,1.0270,0.6414;2.9223,-1.4118,0.6412;3.4104,-0.2441,-1.6692;3.8120,0.9067,-2.3186;4.3069,0.8513,-3.6129;4.3865,-0.3910,-4.2280;3.9746,-1.5521,-3.5606;3.4825,-1.4877,-2.2775;4.1681,-2.7506,-4.4400;4.7933,-2.1573,-5.7123;4.8563,-0.7138,-5.4939;5.3543,0.1275,-6.4327;5.8419,-0.3511,-7.6662;6.3201,0.6063,-8.5367;6.9415,0.1387,-10.0679;6.3362,1.9024,-8.2676;5.8568,2.2433,-7.0867;5.3725,1.4415,-6.1677;0.5100,0.2200,0.7010;0.5887,-0.7084,-0.8158;0.8653,1.0590,-0.8284;3.7518,1.8442,-1.7891;4.6297,1.7368,-4.1315;3.1772,-2.3647,-1.7296;3.2156,-3.2404,-4.6480;4.8226,-3.4840,-3.9686;4.1860,-2.3693,-6.5971;5.8019,-2.5472,-5.8808;5.8543,-1.3916,-7.9341;5.8633,3.2992,-6.8518;</g>
	</geometry>
	<conformers/>
	<properties/>
</molecule>
