<?xml version="1.0" ?>
<!--MOLLI PACKAGE EXPERIMENTAL XML FORMAT-->
<molecule name="el3097">
	<atoms>
		<a id="1" s="O" t="O.2" l="O"/>
		<a id="2" s="C" t="C.2" l="C"/>
		<a id="3" s="N" t="N.am" l="N"/>
		<a id="4" s="C" t="C.ar" l="C"/>
		<a id="5" s="N" t="N.ar" l="N"/>
		<a id="6" s="C" t="C.ar" l="C"/>
		<a id="7" s="C" t="C.ar" l="C"/>
		<a id="8" s="C" t="C.ar" l="C"/>
		<a id="9" s="C" t="C.ar" l="C"/>
		<a id="10" s="Cl" t="Cl" l="CL"/>
		<a id="11" s="N" t="N.ar" l="N"/>
		<a id="12" s="C" t="C.ar" l="C"/>
		<a id="13" s="S" t="S.2" l="S"/>
		<a id="14" s="C" t="C.3" l="C"/>
		<a id="15" s="C" t="C.3" l="C"/>
		<a id="16" s="C" t="C.3" l="C"/>
		<a id="17" s="H" t="H" l="H"/>
		<a id="18" s="H" t="H" l="H"/>
		<a id="19" s="H" t="H" l="H"/>
		<a id="20" s="H" t="H" l="H"/>
		<a id="21" s="H" t="H" l="H"/>
		<a id="22" s="H" t="H" l="H"/>
		<a id="23" s="H" t="H" l="H"/>
		<a id="24" s="H" t="H" l="H"/>
	</atoms>
	<bonds>
		<b id="1" c="1 2" t="2"/>
		<b id="2" c="2 3" t="am"/>
		<b id="3" c="3 4" t="1"/>
		<b id="4" c="4 5" t="ar"/>
		<b id="5" c="5 6" t="ar"/>
		<b id="6" c="6 7" t="ar"/>
		<b id="7" c="7 8" t="ar"/>
		<b id="8" c="8 9" t="ar"/>
		<b id="9" c="9 10" t="1"/>
		<b id="10" c="9 11" t="ar"/>
		<b id="11" c="11 12" t="ar"/>
		<b id="12" c="6 12" t="ar"/>
		<b id="13" c="12 13" t="ar"/>
		<b id="14" c="4 13" t="ar"/>
		<b id="15" c="2 14" t="1"/>
		<b id="16" c="14 15" t="1"/>
		<b id="17" c="15 16" t="1"/>
		<b id="18" c="14 16" t="1"/>
		<b id="19" c="3 17" t="1"/>
		<b id="20" c="7 18" t="1"/>
		<b id="21" c="8 19" t="1"/>
		<b id="22" c="14 20" t="1"/>
		<b id="23" c="15 21" t="1"/>
		<b id="24" c="15 22" t="1"/>
		<b id="25" c="16 23" t="1"/>
		<b id="26" c="16 24" t="1"/>
	</bonds>
	<geometry>
		<g u="A" t="cart/3d">#24,3:1.0637,0.0167,-0.1547;2.2415,0.1001,0.0628;2.8989,-0.6984,1.0020;2.3135,-1.6610,1.7624;1.0984,-2.0380,1.7137;0.8342,-3.0247,2.6096;-0.3763,-3.6729,2.8321;-0.4227,-4.6564,3.8013;0.7414,-4.9544,4.5112;0.7151,-6.1683,5.7236;1.9011,-4.3597,4.3217;1.9411,-3.4255,3.3990;3.3486,-2.5049,2.9683;3.1576,1.0500,-0.6176;2.6010,2.4176,-0.9433;2.8054,1.4340,-2.0360;3.8856,-0.5518,1.1605;-1.2443,-3.4012,2.2537;-1.3333,-5.1907,4.0155;4.2053,0.9812,-0.3568;3.2695,3.2605,-0.8596;1.5886,2.6116,-0.6244;3.6173,1.5778,-2.7315;1.9303,0.9605,-2.4537;</g>
	</geometry>
	<conformers/>
	<properties/>
</molecule>
