<?xml version="1.0" ?>
<!--MOLLI PACKAGE EXPERIMENTAL XML FORMAT-->
<molecule name="el1201">
	<atoms>
		<a id="1" s="O" t="O.2" l="O"/>
		<a id="2" s="C" t="C.2" l="C"/>
		<a id="3" s="C" t="C.ar" l="C"/>
		<a id="4" s="C" t="C.ar" l="C"/>
		<a id="5" s="C" t="C.ar" l="C"/>
		<a id="6" s="C" t="C.ar" l="C"/>
		<a id="7" s="Br" t="Br" l="BR"/>
		<a id="8" s="C" t="C.ar" l="C"/>
		<a id="9" s="C" t="C.ar" l="C"/>
		<a id="10" s="F" t="F" l="F"/>
		<a id="11" s="H" t="H" l="H"/>
		<a id="12" s="H" t="H" l="H"/>
		<a id="13" s="H" t="H" l="H"/>
		<a id="14" s="H" t="H" l="H"/>
	</atoms>
	<bonds>
		<b id="1" c="1 2" t="2"/>
		<b id="2" c="2 3" t="1"/>
		<b id="3" c="3 4" t="ar"/>
		<b id="4" c="4 5" t="ar"/>
		<b id="5" c="5 6" t="ar"/>
		<b id="6" c="6 7" t="1"/>
		<b id="7" c="6 8" t="ar"/>
		<b id="8" c="8 9" t="ar"/>
		<b id="9" c="3 9" t="ar"/>
		<b id="10" c="9 10" t="1"/>
		<b id="11" c="2 11" t="1"/>
		<b id="12" c="4 12" t="1"/>
		<b id="13" c="5 13" t="1"/>
		<b id="14" c="8 14" t="1"/>
	</bonds>
	<geometry>
		<g u="A" t="cart/3d">#14,3:2.5601,-1.0202,0.4752;2.2862,-0.0273,-0.1459;3.0760,0.4862,-1.2785;4.2277,-0.1847,-1.6966;4.9819,0.2783,-2.7540;4.5830,1.4348,-3.4120;5.6092,2.0832,-4.8668;3.4465,2.1301,-3.0285;2.7088,1.6446,-1.9657;1.6095,2.3171,-1.5948;1.3985,0.5833,0.0975;4.5100,-1.0805,-1.1638;5.8702,-0.2449,-3.0713;3.1348,3.0283,-3.5381;</g>
	</geometry>
	<conformers/>
	<properties/>
</molecule>
