<?xml version="1.0" ?>
<!--MOLLI PACKAGE EXPERIMENTAL XML FORMAT-->
<molecule name="el1210">
	<atoms>
		<a id="1" s="C" t="C.3" l="C"/>
		<a id="2" s="O" t="O.3" l="O"/>
		<a id="3" s="C" t="C.2" l="C"/>
		<a id="4" s="O" t="O.2" l="O"/>
		<a id="5" s="C" t="C.2" l="C"/>
		<a id="6" s="C" t="C.2" l="C"/>
		<a id="7" s="C" t="C.ar" l="C"/>
		<a id="8" s="C" t="C.ar" l="C"/>
		<a id="9" s="C" t="C.ar" l="C"/>
		<a id="10" s="C" t="C.ar" l="C"/>
		<a id="11" s="C" t="C.ar" l="C"/>
		<a id="12" s="N" t="N.am" l="N"/>
		<a id="13" s="C" t="C.3" l="C"/>
		<a id="14" s="C" t="C.3" l="C"/>
		<a id="15" s="C" t="C.3" l="C"/>
		<a id="16" s="C" t="C.3" l="C"/>
		<a id="17" s="C" t="C.3" l="C"/>
		<a id="18" s="C" t="C.3" l="C"/>
		<a id="19" s="C" t="C.3" l="C"/>
		<a id="20" s="C" t="C.2" l="C"/>
		<a id="21" s="O" t="O.2" l="O"/>
		<a id="22" s="C" t="C.ar" l="C"/>
		<a id="23" s="C" t="C.ar" l="C"/>
		<a id="24" s="C" t="C.ar" l="C"/>
		<a id="25" s="C" t="C.ar" l="C"/>
		<a id="26" s="C" t="C.ar" l="C"/>
		<a id="27" s="C" t="C.ar" l="C"/>
		<a id="28" s="Br" t="Br" l="BR"/>
		<a id="29" s="C" t="C.ar" l="C"/>
		<a id="30" s="C" t="C.ar" l="C"/>
		<a id="31" s="C" t="C.ar" l="C"/>
		<a id="32" s="C" t="C.ar" l="C"/>
		<a id="33" s="C" t="C.ar" l="C"/>
		<a id="34" s="H" t="H" l="H"/>
		<a id="35" s="H" t="H" l="H"/>
		<a id="36" s="H" t="H" l="H"/>
		<a id="37" s="H" t="H" l="H"/>
		<a id="38" s="H" t="H" l="H"/>
		<a id="39" s="H" t="H" l="H"/>
		<a id="40" s="H" t="H" l="H"/>
		<a id="41" s="H" t="H" l="H"/>
		<a id="42" s="H" t="H" l="H"/>
		<a id="43" s="H" t="H" l="H"/>
		<a id="44" s="H" t="H" l="H"/>
		<a id="45" s="H" t="H" l="H"/>
		<a id="46" s="H" t="H" l="H"/>
		<a id="47" s="H" t="H" l="H"/>
		<a id="48" s="H" t="H" l="H"/>
		<a id="49" s="H" t="H" l="H"/>
		<a id="50" s="H" t="H" l="H"/>
		<a id="51" s="H" t="H" l="H"/>
		<a id="52" s="H" t="H" l="H"/>
		<a id="53" s="H" t="H" l="H"/>
		<a id="54" s="H" t="H" l="H"/>
		<a id="55" s="H" t="H" l="H"/>
		<a id="56" s="H" t="H" l="H"/>
		<a id="57" s="H" t="H" l="H"/>
		<a id="58" s="H" t="H" l="H"/>
		<a id="59" s="H" t="H" l="H"/>
		<a id="60" s="H" t="H" l="H"/>
		<a id="61" s="H" t="H" l="H"/>
	</atoms>
	<bonds>
		<b id="1" c="1 2" t="1"/>
		<b id="2" c="2 3" t="1"/>
		<b id="3" c="3 4" t="2"/>
		<b id="4" c="3 5" t="1"/>
		<b id="5" c="5 6" t="2"/>
		<b id="6" c="6 7" t="1"/>
		<b id="7" c="7 8" t="ar"/>
		<b id="8" c="8 9" t="ar"/>
		<b id="9" c="9 10" t="ar"/>
		<b id="10" c="10 11" t="ar"/>
		<b id="11" c="11 12" t="1"/>
		<b id="12" c="12 13" t="1"/>
		<b id="13" c="13 14" t="1"/>
		<b id="14" c="14 15" t="1"/>
		<b id="15" c="15 16" t="1"/>
		<b id="16" c="16 17" t="1"/>
		<b id="17" c="17 18" t="1"/>
		<b id="18" c="18 19" t="1"/>
		<b id="19" c="14 19" t="1"/>
		<b id="20" c="12 20" t="am"/>
		<b id="21" c="20 21" t="2"/>
		<b id="22" c="20 22" t="1"/>
		<b id="23" c="22 23" t="ar"/>
		<b id="24" c="23 24" t="ar"/>
		<b id="25" c="24 25" t="ar"/>
		<b id="26" c="25 26" t="ar"/>
		<b id="27" c="26 27" t="ar"/>
		<b id="28" c="27 28" t="1"/>
		<b id="29" c="27 29" t="ar"/>
		<b id="30" c="29 30" t="ar"/>
		<b id="31" c="30 31" t="ar"/>
		<b id="32" c="25 31" t="ar"/>
		<b id="33" c="31 32" t="ar"/>
		<b id="34" c="22 32" t="ar"/>
		<b id="35" c="11 33" t="ar"/>
		<b id="36" c="7 33" t="ar"/>
		<b id="37" c="1 34" t="1"/>
		<b id="38" c="1 35" t="1"/>
		<b id="39" c="1 36" t="1"/>
		<b id="40" c="5 37" t="1"/>
		<b id="41" c="6 38" t="1"/>
		<b id="42" c="8 39" t="1"/>
		<b id="43" c="9 40" t="1"/>
		<b id="44" c="10 41" t="1"/>
		<b id="45" c="13 42" t="1"/>
		<b id="46" c="13 43" t="1"/>
		<b id="47" c="14 44" t="1"/>
		<b id="48" c="15 45" t="1"/>
		<b id="49" c="15 46" t="1"/>
		<b id="50" c="16 47" t="1"/>
		<b id="51" c="16 48" t="1"/>
		<b id="52" c="17 49" t="1"/>
		<b id="53" c="17 50" t="1"/>
		<b id="54" c="18 51" t="1"/>
		<b id="55" c="18 52" t="1"/>
		<b id="56" c="19 53" t="1"/>
		<b id="57" c="19 54" t="1"/>
		<b id="58" c="23 55" t="1"/>
		<b id="59" c="24 56" t="1"/>
		<b id="60" c="26 57" t="1"/>
		<b id="61" c="29 58" t="1"/>
		<b id="62" c="30 59" t="1"/>
		<b id="63" c="32 60" t="1"/>
		<b id="64" c="33 61" t="1"/>
	</bonds>
	<geometry>
		<g u="A" t="cart/3d">#61,3:4.9485,-4.7884,-0.0450;5.4890,-3.4918,-0.2419;6.1081,-2.9425,0.8213;6.2017,-3.4944,1.8912;6.6265,-1.6083,0.4906;7.2571,-0.8766,1.4176;7.8115,0.4535,1.2603;7.7662,1.1578,0.0540;8.3035,2.4267,-0.0360;8.8911,3.0218,1.0673;8.9352,2.3391,2.2775;9.5327,2.9512,3.4121;8.9216,4.1669,3.9097;7.6485,3.8817,4.7326;6.3965,3.8743,3.8516;5.1461,3.5937,4.6816;5.0002,4.6205,5.8019;6.2453,4.6299,6.6837;7.4925,4.9153,5.8506;10.5237,2.2847,4.0678;10.9545,1.2111,3.6960;11.0945,2.9788,5.2688;10.7580,2.5162,6.5568;11.3076,3.0954,7.6647;12.2333,4.1535,7.5405;12.8173,4.7639,8.6699;13.7184,5.7771,8.5023;14.5087,6.6047,10.0284;14.0848,6.2351,7.2266;13.5275,5.6578,6.1210;12.5924,4.6080,6.2429;12.0021,3.9972,5.1180;8.4035,1.0626,2.3688;4.4206,-5.0428,-0.9611;4.2648,-4.7903,0.8069;5.7480,-5.5069,0.1471;6.4542,-1.2856,-0.5238;7.3661,-1.3216,2.4002;7.3155,0.7072,-0.8159;8.2744,2.9603,-0.9745;9.3262,4.0069,0.9889;8.6796,4.8153,3.0627;9.6476,4.6876,4.5382;7.7574,2.8918,5.1933;6.4937,3.1192,3.0684;6.2962,4.8500,3.3672;5.2137,2.5914,5.1131;4.2652,3.6184,4.0357;4.1189,4.3924,6.4045;4.8603,5.6146,5.3662;6.3515,3.6572,7.1724;6.1470,5.3871,7.4646;8.3766,4.8977,6.4957;7.4181,5.9136,5.4094;10.0627,1.6949,6.6517;11.0459,2.7456,8.6530;12.5447,4.4169,9.6559;14.8031,7.0359,7.1358;13.8042,6.0044,5.1357;12.2768,4.3457,4.1309;8.4531,0.5303,3.3062;</g>
	</geometry>
	<conformers/>
	<properties/>
</molecule>
