<?xml version="1.0" ?>
<!--MOLLI PACKAGE EXPERIMENTAL XML FORMAT-->
<molecule name="el1300">
	<atoms>
		<a id="1" s="C" t="C.3" l="C"/>
		<a id="2" s="N" t="N.3" l="N"/>
		<a id="3" s="C" t="C.3" l="C"/>
		<a id="4" s="C" t="C.3" l="C"/>
		<a id="5" s="N" t="N.pl3" l="N"/>
		<a id="6" s="C" t="C.ar" l="C"/>
		<a id="7" s="N" t="N.ar" l="N"/>
		<a id="8" s="C" t="C.ar" l="C"/>
		<a id="9" s="C" t="C.ar" l="C"/>
		<a id="10" s="Br" t="Br" l="BR"/>
		<a id="11" s="C" t="C.ar" l="C"/>
		<a id="12" s="N" t="N.ar" l="N"/>
		<a id="13" s="C" t="C.3" l="C"/>
		<a id="14" s="C" t="C.3" l="C"/>
		<a id="15" s="H" t="H" l="H"/>
		<a id="16" s="H" t="H" l="H"/>
		<a id="17" s="H" t="H" l="H"/>
		<a id="18" s="H" t="H" l="H"/>
		<a id="19" s="H" t="H" l="H"/>
		<a id="20" s="H" t="H" l="H"/>
		<a id="21" s="H" t="H" l="H"/>
		<a id="22" s="H" t="H" l="H"/>
		<a id="23" s="H" t="H" l="H"/>
		<a id="24" s="H" t="H" l="H"/>
		<a id="25" s="H" t="H" l="H"/>
		<a id="26" s="H" t="H" l="H"/>
		<a id="27" s="H" t="H" l="H"/>
	</atoms>
	<bonds>
		<b id="1" c="1 2" t="1"/>
		<b id="2" c="2 3" t="1"/>
		<b id="3" c="3 4" t="1"/>
		<b id="4" c="4 5" t="1"/>
		<b id="5" c="5 6" t="1"/>
		<b id="6" c="6 7" t="ar"/>
		<b id="7" c="7 8" t="ar"/>
		<b id="8" c="8 9" t="ar"/>
		<b id="9" c="9 10" t="1"/>
		<b id="10" c="9 11" t="ar"/>
		<b id="11" c="11 12" t="ar"/>
		<b id="12" c="6 12" t="ar"/>
		<b id="13" c="5 13" t="1"/>
		<b id="14" c="13 14" t="1"/>
		<b id="15" c="2 14" t="1"/>
		<b id="16" c="1 15" t="1"/>
		<b id="17" c="1 16" t="1"/>
		<b id="18" c="1 17" t="1"/>
		<b id="19" c="3 18" t="1"/>
		<b id="20" c="3 19" t="1"/>
		<b id="21" c="4 20" t="1"/>
		<b id="22" c="4 21" t="1"/>
		<b id="23" c="8 22" t="1"/>
		<b id="24" c="11 23" t="1"/>
		<b id="25" c="13 24" t="1"/>
		<b id="26" c="13 25" t="1"/>
		<b id="27" c="14 26" t="1"/>
		<b id="28" c="14 27" t="1"/>
	</bonds>
	<geometry>
		<g u="A" t="cart/3d">#27,3:2.3191,0.1025,0.2163;0.9356,0.0082,-0.1935;0.2817,-1.1688,0.3489;-1.1151,-1.3000,-0.2596;-1.8698,-0.0977,-0.0052;-2.9857,-0.0849,0.7305;-3.4661,-1.2658,1.1636;-4.5870,-1.2514,1.8462;-5.2606,-0.0677,2.1205;-6.8880,-0.0567,3.0981;-4.6882,1.1081,1.6513;-3.5679,1.1058,0.9676;-1.2192,1.1065,-0.4591;0.1790,1.1974,0.1535;2.8475,-0.7915,-0.1111;2.4374,0.2014,1.3066;2.7723,0.9690,-0.2627;0.1968,-1.1169,1.4500;0.8734,-2.0489,0.0894;-1.6508,-2.1457,0.1693;-1.0199,-1.4292,-1.3430;-4.9574,-2.2106,2.1843;-5.1412,2.0746,1.8303;-1.8286,1.9622,-0.1717;-1.1271,1.0633,-1.5496;0.0905,1.3190,1.2488;0.6950,2.0709,-0.2502;</g>
	</geometry>
	<conformers/>
	<properties/>
</molecule>
