<?xml version="1.0" ?>
<!--MOLLI PACKAGE EXPERIMENTAL XML FORMAT-->
<molecule name="el1304">
	<atoms>
		<a id="1" s="C" t="C.3" l="C"/>
		<a id="2" s="C" t="C.3" l="C"/>
		<a id="3" s="C" t="C.3" l="C"/>
		<a id="4" s="O" t="O.3" l="O"/>
		<a id="5" s="C" t="C.2" l="C"/>
		<a id="6" s="O" t="O.2" l="O"/>
		<a id="7" s="C" t="C.ar" l="C"/>
		<a id="8" s="N" t="N.ar" l="N"/>
		<a id="9" s="C" t="C.ar" l="C"/>
		<a id="10" s="C" t="C.ar" l="C"/>
		<a id="11" s="C" t="C.ar" l="C"/>
		<a id="12" s="Br" t="Br" l="BR"/>
		<a id="13" s="C" t="C.ar" l="C"/>
		<a id="14" s="C" t="C.ar" l="C"/>
		<a id="15" s="C" t="C.ar" l="C"/>
		<a id="16" s="C" t="C.ar" l="C"/>
		<a id="17" s="C" t="C.3" l="C"/>
		<a id="18" s="O" t="O.3" l="O"/>
		<a id="19" s="C" t="C.3" l="C"/>
		<a id="20" s="C" t="C.ar" l="C"/>
		<a id="21" s="C" t="C.ar" l="C"/>
		<a id="22" s="C" t="C.ar" l="C"/>
		<a id="23" s="C" t="C.ar" l="C"/>
		<a id="24" s="C" t="C.ar" l="C"/>
		<a id="25" s="C" t="C.ar" l="C"/>
		<a id="26" s="F" t="F" l="F"/>
		<a id="27" s="H" t="H" l="H"/>
		<a id="28" s="H" t="H" l="H"/>
		<a id="29" s="H" t="H" l="H"/>
		<a id="30" s="H" t="H" l="H"/>
		<a id="31" s="H" t="H" l="H"/>
		<a id="32" s="H" t="H" l="H"/>
		<a id="33" s="H" t="H" l="H"/>
		<a id="34" s="H" t="H" l="H"/>
		<a id="35" s="H" t="H" l="H"/>
		<a id="36" s="H" t="H" l="H"/>
		<a id="37" s="H" t="H" l="H"/>
		<a id="38" s="H" t="H" l="H"/>
		<a id="39" s="H" t="H" l="H"/>
		<a id="40" s="H" t="H" l="H"/>
		<a id="41" s="H" t="H" l="H"/>
		<a id="42" s="H" t="H" l="H"/>
		<a id="43" s="H" t="H" l="H"/>
		<a id="44" s="H" t="H" l="H"/>
		<a id="45" s="H" t="H" l="H"/>
	</atoms>
	<bonds>
		<b id="1" c="1 2" t="1"/>
		<b id="2" c="2 3" t="1"/>
		<b id="3" c="2 4" t="1"/>
		<b id="4" c="4 5" t="1"/>
		<b id="5" c="5 6" t="2"/>
		<b id="6" c="5 7" t="1"/>
		<b id="7" c="7 8" t="ar"/>
		<b id="8" c="8 9" t="ar"/>
		<b id="9" c="9 10" t="ar"/>
		<b id="10" c="10 11" t="ar"/>
		<b id="11" c="11 12" t="1"/>
		<b id="12" c="11 13" t="ar"/>
		<b id="13" c="13 14" t="ar"/>
		<b id="14" c="14 15" t="ar"/>
		<b id="15" c="9 15" t="ar"/>
		<b id="16" c="15 16" t="ar"/>
		<b id="17" c="7 16" t="ar"/>
		<b id="18" c="16 17" t="1"/>
		<b id="19" c="17 18" t="1"/>
		<b id="20" c="18 19" t="1"/>
		<b id="21" c="19 20" t="1"/>
		<b id="22" c="20 21" t="ar"/>
		<b id="23" c="21 22" t="ar"/>
		<b id="24" c="22 23" t="ar"/>
		<b id="25" c="23 24" t="ar"/>
		<b id="26" c="24 25" t="ar"/>
		<b id="27" c="20 25" t="ar"/>
		<b id="28" c="25 26" t="1"/>
		<b id="29" c="1 27" t="1"/>
		<b id="30" c="1 28" t="1"/>
		<b id="31" c="1 29" t="1"/>
		<b id="32" c="2 30" t="1"/>
		<b id="33" c="3 31" t="1"/>
		<b id="34" c="3 32" t="1"/>
		<b id="35" c="3 33" t="1"/>
		<b id="36" c="8 34" t="1"/>
		<b id="37" c="10 35" t="1"/>
		<b id="38" c="13 36" t="1"/>
		<b id="39" c="14 37" t="1"/>
		<b id="40" c="17 38" t="1"/>
		<b id="41" c="17 39" t="1"/>
		<b id="42" c="19 40" t="1"/>
		<b id="43" c="19 41" t="1"/>
		<b id="44" c="21 42" t="1"/>
		<b id="45" c="22 43" t="1"/>
		<b id="46" c="23 44" t="1"/>
		<b id="47" c="24 45" t="1"/>
	</bonds>
	<geometry>
		<g u="A" t="cart/3d">#45,3:3.0689,1.7932,-1.2459;2.6041,0.4725,-0.6415;1.0972,0.2857,-0.7520;3.2259,-0.6160,-1.3432;4.3309,-1.1598,-0.7958;4.8329,-0.7824,0.2319;4.8204,-2.2570,-1.6341;4.2801,-2.4934,-2.8764;4.9066,-3.5543,-3.4417;4.7125,-4.1563,-4.6806;5.5095,-5.2402,-4.9718;5.2969,-6.1100,-6.6530;6.4725,-5.7334,-4.0837;6.6647,-5.1334,-2.8632;5.8820,-4.0260,-2.5222;5.8162,-3.1798,-1.3790;6.6135,-3.3043,-0.1163;5.8117,-3.4913,1.0251;5.0745,-4.6893,1.0305;4.0330,-4.6275,2.1132;3.6167,-3.4175,2.6513;2.6515,-3.3824,3.6429;2.0843,-4.5554,4.1115;2.4806,-5.7734,3.5859;3.4453,-5.7885,2.5978;3.8296,-6.9821,2.0826;2.6000,2.6214,-0.7227;2.7989,1.8400,-2.2987;4.1484,1.8870,-1.1538;2.9216,0.4164,0.4074;0.7918,0.3192,-1.7951;0.5892,1.0772,-0.2092;0.8043,-0.6736,-0.3325;3.5337,-1.9467,-3.2721;3.9748,-3.7932,-5.3788;7.0614,-6.5902,-4.3716;7.4083,-5.5149,-2.1812;7.1509,-2.3724,0.0808;7.3367,-4.1274,-0.2199;5.7404,-5.5526,1.1963;4.5730,-4.8440,0.0595;4.0740,-2.5125,2.2836;2.3421,-2.4334,4.0540;1.3337,-4.5274,4.8868;2.0577,-6.7039,3.9306;</g>
	</geometry>
	<conformers/>
	<properties/>
</molecule>
