<?xml version="1.0" ?>
<!--MOLLI PACKAGE EXPERIMENTAL XML FORMAT-->
<molecule name="el1306">
	<atoms>
		<a id="1" s="O" t="O.2" l="O"/>
		<a id="2" s="C" t="C.2" l="C"/>
		<a id="3" s="C" t="C.3" l="C"/>
		<a id="4" s="C" t="C.3" l="C"/>
		<a id="5" s="C" t="C.3" l="C"/>
		<a id="6" s="N" t="N.am" l="N"/>
		<a id="7" s="C" t="C.ar" l="C"/>
		<a id="8" s="C" t="C.ar" l="C"/>
		<a id="9" s="C" t="C.ar" l="C"/>
		<a id="10" s="C" t="C.ar" l="C"/>
		<a id="11" s="Br" t="Br" l="BR"/>
		<a id="12" s="C" t="C.ar" l="C"/>
		<a id="13" s="N" t="N.pl3" l="N"/>
		<a id="14" s="O" t="O.2" l="O"/>
		<a id="15" s="O" t="O.co2" l="O"/>
		<a id="16" s="C" t="C.ar" l="C"/>
		<a id="17" s="H" t="H" l="H"/>
		<a id="18" s="H" t="H" l="H"/>
		<a id="19" s="H" t="H" l="H"/>
		<a id="20" s="H" t="H" l="H"/>
		<a id="21" s="H" t="H" l="H"/>
		<a id="22" s="H" t="H" l="H"/>
		<a id="23" s="H" t="H" l="H"/>
		<a id="24" s="H" t="H" l="H"/>
		<a id="25" s="H" t="H" l="H"/>
	</atoms>
	<bonds>
		<b id="1" c="1 2" t="2"/>
		<b id="2" c="2 3" t="1"/>
		<b id="3" c="3 4" t="1"/>
		<b id="4" c="4 5" t="1"/>
		<b id="5" c="5 6" t="1"/>
		<b id="6" c="2 6" t="am"/>
		<b id="7" c="6 7" t="1"/>
		<b id="8" c="7 8" t="ar"/>
		<b id="9" c="8 9" t="ar"/>
		<b id="10" c="9 10" t="ar"/>
		<b id="11" c="10 11" t="1"/>
		<b id="12" c="10 12" t="ar"/>
		<b id="13" c="12 13" t="1"/>
		<b id="14" c="13 14" t="2"/>
		<b id="15" c="13 15" t="1"/>
		<b id="16" c="12 16" t="ar"/>
		<b id="17" c="7 16" t="ar"/>
		<b id="18" c="3 17" t="1"/>
		<b id="19" c="3 18" t="1"/>
		<b id="20" c="4 19" t="1"/>
		<b id="21" c="4 20" t="1"/>
		<b id="22" c="5 21" t="1"/>
		<b id="23" c="5 22" t="1"/>
		<b id="24" c="8 23" t="1"/>
		<b id="25" c="9 24" t="1"/>
		<b id="26" c="16 25" t="1"/>
	</bonds>
	<geometry>
		<g u="A" t="cart/3d">#25,3:0.3960,-0.4558,2.1041;-0.1243,-0.2745,1.0320;-0.8927,0.9614,0.6083;-0.9546,0.8604,-0.9103;-0.9005,-0.6481,-1.1563;-0.1501,-1.1608,-0.0199;0.3607,-2.4514,-0.0133;1.2753,-2.8789,0.9594;1.7736,-4.1624,0.9407;1.4051,-5.0681,-0.0495;2.1203,-6.8168,0.0349;0.4968,-4.6521,-1.0201;0.0397,-5.5049,-2.0919;0.7115,-6.4646,-2.3875;-0.9947,-5.1883,-2.6414;-0.0222,-3.3618,-0.9934;-0.4053,1.8621,0.9755;-1.8859,0.9070,1.0596;-0.0834,1.3435,-1.3537;-1.8507,1.3097,-1.3320;-0.3923,-0.8941,-2.0906;-1.9072,-1.0820,-1.1723;1.5800,-2.1997,1.7378;2.4684,-4.4782,1.7027;-0.7355,-3.1093,-1.7616;</g>
	</geometry>
	<conformers/>
	<properties/>
</molecule>
