<?xml version="1.0" ?>
<!--MOLLI PACKAGE EXPERIMENTAL XML FORMAT-->
<molecule name="el1307">
	<atoms>
		<a id="1" s="O" t="O.2" l="O"/>
		<a id="2" s="C" t="C.2" l="C"/>
		<a id="3" s="C" t="C.ar" l="C"/>
		<a id="4" s="C" t="C.ar" l="C"/>
		<a id="5" s="C" t="C.ar" l="C"/>
		<a id="6" s="N" t="N.ar" l="N"/>
		<a id="7" s="C" t="C.ar" l="C"/>
		<a id="8" s="C" t="C.ar" l="C"/>
		<a id="9" s="C" t="C.ar" l="C"/>
		<a id="10" s="C" t="C.ar" l="C"/>
		<a id="11" s="Br" t="Br" l="BR"/>
		<a id="12" s="C" t="C.ar" l="C"/>
		<a id="13" s="C" t="C.ar" l="C"/>
		<a id="14" s="N" t="N.am" l="N"/>
		<a id="15" s="C" t="C.3" l="C"/>
		<a id="16" s="C" t="C.3" l="C"/>
		<a id="17" s="C" t="C.3" l="C"/>
		<a id="18" s="C" t="C.3" l="C"/>
		<a id="19" s="C" t="C.3" l="C"/>
		<a id="20" s="N" t="N.3" l="N"/>
		<a id="21" s="S" t="S.O2" l="S"/>
		<a id="22" s="O" t="O.2" l="O"/>
		<a id="23" s="O" t="O.2" l="O"/>
		<a id="24" s="C" t="C.3" l="C"/>
		<a id="25" s="F" t="F" l="F"/>
		<a id="26" s="F" t="F" l="F"/>
		<a id="27" s="F" t="F" l="F"/>
		<a id="28" s="H" t="H" l="H"/>
		<a id="29" s="H" t="H" l="H"/>
		<a id="30" s="H" t="H" l="H"/>
		<a id="31" s="H" t="H" l="H"/>
		<a id="32" s="H" t="H" l="H"/>
		<a id="33" s="H" t="H" l="H"/>
		<a id="34" s="H" t="H" l="H"/>
		<a id="35" s="H" t="H" l="H"/>
		<a id="36" s="H" t="H" l="H"/>
		<a id="37" s="H" t="H" l="H"/>
		<a id="38" s="H" t="H" l="H"/>
		<a id="39" s="H" t="H" l="H"/>
		<a id="40" s="H" t="H" l="H"/>
		<a id="41" s="H" t="H" l="H"/>
		<a id="42" s="H" t="H" l="H"/>
	</atoms>
	<bonds>
		<b id="1" c="1 2" t="2"/>
		<b id="2" c="2 3" t="1"/>
		<b id="3" c="3 4" t="ar"/>
		<b id="4" c="4 5" t="ar"/>
		<b id="5" c="5 6" t="ar"/>
		<b id="6" c="6 7" t="ar"/>
		<b id="7" c="7 8" t="ar"/>
		<b id="8" c="8 9" t="ar"/>
		<b id="9" c="9 10" t="ar"/>
		<b id="10" c="10 11" t="1"/>
		<b id="11" c="10 12" t="ar"/>
		<b id="12" c="12 13" t="ar"/>
		<b id="13" c="3 13" t="ar"/>
		<b id="14" c="7 13" t="ar"/>
		<b id="15" c="2 14" t="am"/>
		<b id="16" c="14 15" t="1"/>
		<b id="17" c="15 16" t="1"/>
		<b id="18" c="16 17" t="1"/>
		<b id="19" c="17 18" t="1"/>
		<b id="20" c="14 18" t="1"/>
		<b id="21" c="18 19" t="1"/>
		<b id="22" c="19 20" t="1"/>
		<b id="23" c="20 21" t="1"/>
		<b id="24" c="21 22" t="2"/>
		<b id="25" c="21 23" t="2"/>
		<b id="26" c="21 24" t="1"/>
		<b id="27" c="24 25" t="1"/>
		<b id="28" c="24 26" t="1"/>
		<b id="29" c="24 27" t="1"/>
		<b id="30" c="4 28" t="1"/>
		<b id="31" c="5 29" t="1"/>
		<b id="32" c="8 30" t="1"/>
		<b id="33" c="9 31" t="1"/>
		<b id="34" c="12 32" t="1"/>
		<b id="35" c="15 33" t="1"/>
		<b id="36" c="15 34" t="1"/>
		<b id="37" c="16 35" t="1"/>
		<b id="38" c="16 36" t="1"/>
		<b id="39" c="17 37" t="1"/>
		<b id="40" c="17 38" t="1"/>
		<b id="41" c="18 39" t="1"/>
		<b id="42" c="19 40" t="1"/>
		<b id="43" c="19 41" t="1"/>
		<b id="44" c="20 42" t="1"/>
	</bonds>
	<geometry>
		<g u="A" t="cart/3d">#42,3:1.0329,-0.2651,0.1808;2.2339,-0.4399,0.2247;3.0579,0.0248,1.3922;3.2332,-0.7831,2.4881;3.9595,-0.2889,3.5862;4.4953,0.8968,3.6305;4.3348,1.7178,2.5762;4.9215,3.0004,2.6219;4.7895,3.8630,1.5731;4.0465,3.4739,0.4492;3.8896,4.6849,-1.0016;3.4456,2.2502,0.3629;3.5954,1.3349,1.4233;2.9118,-1.0643,-0.7656;2.2149,-1.7249,-1.8534;2.9647,-3.0462,-1.9778;4.4160,-2.6324,-1.7151;4.3175,-1.4235,-0.7625;5.1767,-0.2355,-1.2411;6.5857,-0.4543,-1.0226;7.4411,0.4817,-0.0003;8.7680,0.6392,-0.4796;6.6590,1.5894,0.4265;7.5746,-0.6850,1.4723;6.3560,-1.0394,1.8798;8.2031,-1.7932,1.0818;8.2294,-0.1526,2.4868;2.8217,-1.7807,2.5146;4.1060,-0.9069,4.4623;5.4814,3.2692,3.5030;5.2487,4.8396,1.5934;2.8529,1.9781,-0.4990;2.3000,-1.1318,-2.7703;1.1614,-1.8284,-1.5943;2.8342,-3.5116,-2.9516;2.6214,-3.7388,-1.2093;4.8888,-2.3288,-2.6497;5.0031,-3.4394,-1.2826;4.6319,-1.6863,0.2525;4.9283,0.6541,-0.6610;4.9778,-0.0291,-2.2970;7.1167,-0.9615,-1.7065;</g>
	</geometry>
	<conformers/>
	<properties/>
</molecule>
