<?xml version="1.0" ?>
<!--MOLLI PACKAGE EXPERIMENTAL XML FORMAT-->
<molecule name="el1309">
	<atoms>
		<a id="1" s="N" t="N.1" l="N"/>
		<a id="2" s="C" t="C.1" l="C"/>
		<a id="3" s="C" t="C.ar" l="C"/>
		<a id="4" s="N" t="N.ar" l="N"/>
		<a id="5" s="C" t="C.ar" l="C"/>
		<a id="6" s="C" t="C.ar" l="C"/>
		<a id="7" s="Br" t="Br" l="BR"/>
		<a id="8" s="C" t="C.ar" l="C"/>
		<a id="9" s="C" t="C.ar" l="C"/>
		<a id="10" s="N" t="N.pl3" l="N"/>
		<a id="11" s="C" t="C.3" l="C"/>
		<a id="12" s="C" t="C.3" l="C"/>
		<a id="13" s="N" t="N.3" l="N"/>
		<a id="14" s="H" t="H" l="H"/>
		<a id="15" s="H" t="H" l="H"/>
		<a id="16" s="H" t="H" l="H"/>
		<a id="17" s="H" t="H" l="H"/>
		<a id="18" s="H" t="H" l="H"/>
		<a id="19" s="H" t="H" l="H"/>
		<a id="20" s="H" t="H" l="H"/>
		<a id="21" s="H" t="H" l="H"/>
		<a id="22" s="H" t="H" l="H"/>
	</atoms>
	<bonds>
		<b id="1" c="1 2" t="3"/>
		<b id="2" c="2 3" t="1"/>
		<b id="3" c="3 4" t="ar"/>
		<b id="4" c="4 5" t="ar"/>
		<b id="5" c="5 6" t="ar"/>
		<b id="6" c="6 7" t="1"/>
		<b id="7" c="6 8" t="ar"/>
		<b id="8" c="8 9" t="ar"/>
		<b id="9" c="3 9" t="ar"/>
		<b id="10" c="9 10" t="1"/>
		<b id="11" c="10 11" t="1"/>
		<b id="12" c="11 12" t="1"/>
		<b id="13" c="12 13" t="1"/>
		<b id="14" c="5 14" t="1"/>
		<b id="15" c="8 15" t="1"/>
		<b id="16" c="10 16" t="1"/>
		<b id="17" c="11 17" t="1"/>
		<b id="18" c="11 18" t="1"/>
		<b id="19" c="12 19" t="1"/>
		<b id="20" c="12 20" t="1"/>
		<b id="21" c="13 21" t="1"/>
		<b id="22" c="13 22" t="1"/>
	</bonds>
	<geometry>
		<g u="A" t="cart/3d">#22,3:1.2049,-0.0663,-0.0517;2.3515,-0.0966,-0.0168;3.7660,-0.0684,0.0058;4.3974,-1.2101,0.2421;5.7084,-1.2400,0.2633;6.4606,-0.0896,0.0325;8.3606,-0.1808,0.0551;5.8385,1.1153,-0.2180;4.4348,1.1657,-0.2306;3.7412,2.3049,-0.4153;4.3063,3.5761,-0.7910;3.1828,4.6144,-0.7720;2.0826,4.1282,-1.5872;6.1713,-2.1947,0.4620;6.4221,2.0026,-0.4026;2.7417,2.2443,-0.5665;4.7479,3.5256,-1.7972;5.0879,3.8684,-0.0830;3.5896,5.5858,-1.0946;2.8148,4.7213,0.2517;2.3359,4.1255,-2.5698;1.2618,4.7094,-1.4764;</g>
	</geometry>
	<conformers/>
	<properties/>
</molecule>
