<?xml version="1.0" ?>
<!--MOLLI PACKAGE EXPERIMENTAL XML FORMAT-->
<molecule name="el1310">
	<atoms>
		<a id="1" s="N" t="N.1" l="N"/>
		<a id="2" s="C" t="C.1" l="C"/>
		<a id="3" s="C" t="C.ar" l="C"/>
		<a id="4" s="N" t="N.ar" l="N"/>
		<a id="5" s="C" t="C.ar" l="C"/>
		<a id="6" s="C" t="C.ar" l="C"/>
		<a id="7" s="Br" t="Br" l="BR"/>
		<a id="8" s="C" t="C.ar" l="C"/>
		<a id="9" s="C" t="C.ar" l="C"/>
		<a id="10" s="N" t="N.pl3" l="N"/>
		<a id="11" s="C" t="C.3" l="C"/>
		<a id="12" s="C" t="C.3" l="C"/>
		<a id="13" s="C" t="C.3" l="C"/>
		<a id="14" s="C" t="C.3" l="C"/>
		<a id="15" s="N" t="N.3" l="N"/>
		<a id="16" s="C" t="C.3" l="C"/>
		<a id="17" s="H" t="H" l="H"/>
		<a id="18" s="H" t="H" l="H"/>
		<a id="19" s="H" t="H" l="H"/>
		<a id="20" s="H" t="H" l="H"/>
		<a id="21" s="H" t="H" l="H"/>
		<a id="22" s="H" t="H" l="H"/>
		<a id="23" s="H" t="H" l="H"/>
		<a id="24" s="H" t="H" l="H"/>
		<a id="25" s="H" t="H" l="H"/>
		<a id="26" s="H" t="H" l="H"/>
		<a id="27" s="H" t="H" l="H"/>
		<a id="28" s="H" t="H" l="H"/>
		<a id="29" s="H" t="H" l="H"/>
	</atoms>
	<bonds>
		<b id="1" c="1 2" t="3"/>
		<b id="2" c="2 3" t="1"/>
		<b id="3" c="3 4" t="ar"/>
		<b id="4" c="4 5" t="ar"/>
		<b id="5" c="5 6" t="ar"/>
		<b id="6" c="6 7" t="1"/>
		<b id="7" c="6 8" t="ar"/>
		<b id="8" c="8 9" t="ar"/>
		<b id="9" c="3 9" t="ar"/>
		<b id="10" c="9 10" t="1"/>
		<b id="11" c="11 12" t="1"/>
		<b id="12" c="12 13" t="1"/>
		<b id="13" c="13 14" t="1"/>
		<b id="14" c="14 15" t="1"/>
		<b id="15" c="15 16" t="1"/>
		<b id="16" c="11 16" t="1"/>
		<b id="17" c="11 10" t="1"/>
		<b id="18" c="5 17" t="1"/>
		<b id="19" c="8 18" t="1"/>
		<b id="20" c="10 19" t="1"/>
		<b id="21" c="11 20" t="1"/>
		<b id="22" c="12 21" t="1"/>
		<b id="23" c="12 22" t="1"/>
		<b id="24" c="13 23" t="1"/>
		<b id="25" c="13 24" t="1"/>
		<b id="26" c="14 25" t="1"/>
		<b id="27" c="14 26" t="1"/>
		<b id="28" c="15 27" t="1"/>
		<b id="29" c="16 28" t="1"/>
		<b id="30" c="16 29" t="1"/>
	</bonds>
	<geometry>
		<g u="A" t="cart/3d">#29,3:-1.0031,6.1541,0.0563;-0.0589,6.0615,0.7022;1.1136,5.8611,1.4681;1.4527,6.8064,2.3343;2.5227,6.6564,3.0763;3.3168,5.5148,2.9753;4.8551,5.3333,4.0778;2.9918,4.5101,2.0881;1.8520,4.6587,1.2828;1.4674,3.7582,0.3515;2.0064,2.4279,0.1833;1.4699,1.4487,1.2358;2.0262,0.0557,0.9578;1.6825,-0.3666,-0.4684;2.2407,0.6047,-1.3919;1.6483,1.9137,-1.2145;2.7529,7.4528,3.7676;3.6066,3.6270,2.0194;0.5770,3.9335,-0.0937;3.0981,2.4723,0.2514;0.3781,1.4313,1.1806;1.7502,1.7806,2.2374;1.6153,-0.6632,1.6672;3.1114,0.0692,1.0663;0.5849,-0.4525,-0.5670;2.1241,-1.3406,-0.6878;2.1206,0.2924,-2.3493;0.5459,1.8994,-1.3143;2.0539,2.5900,-1.9705;</g>
	</geometry>
	<conformers/>
	<properties/>
</molecule>
