<?xml version="1.0" ?>
<!--MOLLI PACKAGE EXPERIMENTAL XML FORMAT-->
<molecule name="el1317">
	<atoms>
		<a id="1" s="N" t="N.1" l="N"/>
		<a id="2" s="C" t="C.1" l="C"/>
		<a id="3" s="C" t="C.ar" l="C"/>
		<a id="4" s="N" t="N.ar" l="N"/>
		<a id="5" s="C" t="C.ar" l="C"/>
		<a id="6" s="C" t="C.ar" l="C"/>
		<a id="7" s="Br" t="Br" l="BR"/>
		<a id="8" s="C" t="C.ar" l="C"/>
		<a id="9" s="C" t="C.ar" l="C"/>
		<a id="10" s="N" t="N.pl3" l="N"/>
		<a id="11" s="C" t="C.3" l="C"/>
		<a id="12" s="C" t="C.3" l="C"/>
		<a id="13" s="C" t="C.3" l="C"/>
		<a id="14" s="N" t="N.3" l="N"/>
		<a id="15" s="C" t="C.3" l="C"/>
		<a id="16" s="H" t="H" l="H"/>
		<a id="17" s="H" t="H" l="H"/>
		<a id="18" s="H" t="H" l="H"/>
		<a id="19" s="H" t="H" l="H"/>
		<a id="20" s="H" t="H" l="H"/>
		<a id="21" s="H" t="H" l="H"/>
		<a id="22" s="H" t="H" l="H"/>
		<a id="23" s="H" t="H" l="H"/>
		<a id="24" s="H" t="H" l="H"/>
		<a id="25" s="H" t="H" l="H"/>
		<a id="26" s="H" t="H" l="H"/>
	</atoms>
	<bonds>
		<b id="1" c="1 2" t="3"/>
		<b id="2" c="2 3" t="1"/>
		<b id="3" c="3 4" t="ar"/>
		<b id="4" c="4 5" t="ar"/>
		<b id="5" c="5 6" t="ar"/>
		<b id="6" c="6 7" t="1"/>
		<b id="7" c="6 8" t="ar"/>
		<b id="8" c="8 9" t="ar"/>
		<b id="9" c="3 9" t="ar"/>
		<b id="10" c="9 10" t="1"/>
		<b id="11" c="10 11" t="1"/>
		<b id="12" c="11 12" t="1"/>
		<b id="13" c="12 13" t="1"/>
		<b id="14" c="13 14" t="1"/>
		<b id="15" c="14 15" t="1"/>
		<b id="16" c="11 15" t="1"/>
		<b id="17" c="5 16" t="1"/>
		<b id="18" c="8 17" t="1"/>
		<b id="19" c="10 18" t="1"/>
		<b id="20" c="11 19" t="1"/>
		<b id="21" c="12 20" t="1"/>
		<b id="22" c="12 21" t="1"/>
		<b id="23" c="13 22" t="1"/>
		<b id="24" c="13 23" t="1"/>
		<b id="25" c="14 24" t="1"/>
		<b id="26" c="15 25" t="1"/>
		<b id="27" c="15 26" t="1"/>
	</bonds>
	<geometry>
		<g u="A" t="cart/3d">#26,3:1.6035,-0.7438,0.3728;2.6951,-0.4675,0.1507;4.0659,-0.1995,-0.0808;4.8280,-1.2918,-0.0570;6.1232,-1.2110,-0.2126;6.7488,0.0232,-0.3978;8.6370,0.1170,-0.5989;5.9946,1.1725,-0.4304;4.5960,1.1015,-0.2827;3.8816,2.2453,-0.3703;2.4589,2.4167,-0.1869;2.0388,3.8001,-0.6995;2.1065,4.6639,0.5569;1.5285,3.7783,1.5459;2.0564,2.4425,1.3080;6.6789,-2.1359,-0.1833;6.4652,2.1352,-0.5731;4.4237,3.0974,-0.3831;1.9471,1.6175,-0.7252;1.0091,3.7568,-1.0484;2.6747,4.1544,-1.5087;1.5119,5.5749,0.4787;3.1523,4.9486,0.7753;1.6708,4.0899,2.4984;1.2830,1.7025,1.5257;2.9370,2.2062,1.9254;</g>
	</geometry>
	<conformers/>
	<properties/>
</molecule>
