<?xml version="1.0" ?>
<!--MOLLI PACKAGE EXPERIMENTAL XML FORMAT-->
<molecule name="el1319">
	<atoms>
		<a id="1" s="C" t="C.3" l="C"/>
		<a id="2" s="C" t="C.3" l="C"/>
		<a id="3" s="C" t="C.3" l="C"/>
		<a id="4" s="C" t="C.3" l="C"/>
		<a id="5" s="Si" t="Si" l="SI"/>
		<a id="6" s="C" t="C.3" l="C"/>
		<a id="7" s="C" t="C.3" l="C"/>
		<a id="8" s="O" t="O.3" l="O"/>
		<a id="9" s="C" t="C.3" l="C"/>
		<a id="10" s="O" t="O.3" l="O"/>
		<a id="11" s="C" t="C.3" l="C"/>
		<a id="12" s="N" t="N.ar" l="N"/>
		<a id="13" s="C" t="C.ar" l="C"/>
		<a id="14" s="N" t="N.ar" l="N"/>
		<a id="15" s="C" t="C.ar" l="C"/>
		<a id="16" s="C" t="C.ar" l="C"/>
		<a id="17" s="Br" t="Br" l="BR"/>
		<a id="18" s="N" t="N.ar" l="N"/>
		<a id="19" s="C" t="C.ar" l="C"/>
		<a id="20" s="N" t="N.ar" l="N"/>
		<a id="21" s="C" t="C.ar" l="C"/>
		<a id="22" s="C" t="C.3" l="C"/>
		<a id="23" s="C" t="C.3" l="C"/>
		<a id="24" s="O" t="O.3" l="O"/>
		<a id="25" s="Si" t="Si" l="SI"/>
		<a id="26" s="C" t="C.3" l="C"/>
		<a id="27" s="C" t="C.3" l="C"/>
		<a id="28" s="C" t="C.3" l="C"/>
		<a id="29" s="C" t="C.3" l="C"/>
		<a id="30" s="C" t="C.3" l="C"/>
		<a id="31" s="C" t="C.3" l="C"/>
		<a id="32" s="H" t="H" l="H"/>
		<a id="33" s="H" t="H" l="H"/>
		<a id="34" s="H" t="H" l="H"/>
		<a id="35" s="H" t="H" l="H"/>
		<a id="36" s="H" t="H" l="H"/>
		<a id="37" s="H" t="H" l="H"/>
		<a id="38" s="H" t="H" l="H"/>
		<a id="39" s="H" t="H" l="H"/>
		<a id="40" s="H" t="H" l="H"/>
		<a id="41" s="H" t="H" l="H"/>
		<a id="42" s="H" t="H" l="H"/>
		<a id="43" s="H" t="H" l="H"/>
		<a id="44" s="H" t="H" l="H"/>
		<a id="45" s="H" t="H" l="H"/>
		<a id="46" s="H" t="H" l="H"/>
		<a id="47" s="H" t="H" l="H"/>
		<a id="48" s="H" t="H" l="H"/>
		<a id="49" s="H" t="H" l="H"/>
		<a id="50" s="H" t="H" l="H"/>
		<a id="51" s="H" t="H" l="H"/>
		<a id="52" s="H" t="H" l="H"/>
		<a id="53" s="H" t="H" l="H"/>
		<a id="54" s="H" t="H" l="H"/>
		<a id="55" s="H" t="H" l="H"/>
		<a id="56" s="H" t="H" l="H"/>
		<a id="57" s="H" t="H" l="H"/>
		<a id="58" s="H" t="H" l="H"/>
		<a id="59" s="H" t="H" l="H"/>
		<a id="60" s="H" t="H" l="H"/>
		<a id="61" s="H" t="H" l="H"/>
		<a id="62" s="H" t="H" l="H"/>
		<a id="63" s="H" t="H" l="H"/>
		<a id="64" s="H" t="H" l="H"/>
		<a id="65" s="H" t="H" l="H"/>
		<a id="66" s="H" t="H" l="H"/>
		<a id="67" s="H" t="H" l="H"/>
		<a id="68" s="H" t="H" l="H"/>
	</atoms>
	<bonds>
		<b id="1" c="1 2" t="1"/>
		<b id="2" c="2 3" t="1"/>
		<b id="3" c="2 4" t="1"/>
		<b id="4" c="2 5" t="1"/>
		<b id="5" c="5 6" t="1"/>
		<b id="6" c="5 7" t="1"/>
		<b id="7" c="5 8" t="1"/>
		<b id="8" c="8 9" t="1"/>
		<b id="9" c="9 10" t="1"/>
		<b id="10" c="10 11" t="1"/>
		<b id="11" c="12 13" t="ar"/>
		<b id="12" c="13 14" t="ar"/>
		<b id="13" c="14 15" t="ar"/>
		<b id="14" c="15 16" t="ar"/>
		<b id="15" c="16 17" t="1"/>
		<b id="16" c="16 18" t="ar"/>
		<b id="17" c="18 19" t="ar"/>
		<b id="18" c="19 20" t="ar"/>
		<b id="19" c="20 21" t="ar"/>
		<b id="20" c="15 21" t="ar"/>
		<b id="21" c="12 21" t="ar"/>
		<b id="22" c="11 22" t="1"/>
		<b id="23" c="22 23" t="1"/>
		<b id="24" c="9 23" t="1"/>
		<b id="25" c="23 24" t="1"/>
		<b id="26" c="24 25" t="1"/>
		<b id="27" c="25 26" t="1"/>
		<b id="28" c="25 27" t="1"/>
		<b id="29" c="25 28" t="1"/>
		<b id="30" c="28 29" t="1"/>
		<b id="31" c="28 30" t="1"/>
		<b id="32" c="28 31" t="1"/>
		<b id="33" c="11 12" t="1"/>
		<b id="34" c="1 32" t="1"/>
		<b id="35" c="1 33" t="1"/>
		<b id="36" c="1 34" t="1"/>
		<b id="37" c="3 35" t="1"/>
		<b id="38" c="3 36" t="1"/>
		<b id="39" c="3 37" t="1"/>
		<b id="40" c="4 38" t="1"/>
		<b id="41" c="4 39" t="1"/>
		<b id="42" c="4 40" t="1"/>
		<b id="43" c="6 41" t="1"/>
		<b id="44" c="6 42" t="1"/>
		<b id="45" c="6 43" t="1"/>
		<b id="46" c="7 44" t="1"/>
		<b id="47" c="7 45" t="1"/>
		<b id="48" c="7 46" t="1"/>
		<b id="49" c="9 47" t="1"/>
		<b id="50" c="11 48" t="1"/>
		<b id="51" c="13 49" t="1"/>
		<b id="52" c="19 50" t="1"/>
		<b id="53" c="22 51" t="1"/>
		<b id="54" c="22 52" t="1"/>
		<b id="55" c="23 53" t="1"/>
		<b id="56" c="26 54" t="1"/>
		<b id="57" c="26 55" t="1"/>
		<b id="58" c="26 56" t="1"/>
		<b id="59" c="27 57" t="1"/>
		<b id="60" c="27 58" t="1"/>
		<b id="61" c="27 59" t="1"/>
		<b id="62" c="29 60" t="1"/>
		<b id="63" c="29 61" t="1"/>
		<b id="64" c="29 62" t="1"/>
		<b id="65" c="30 63" t="1"/>
		<b id="66" c="30 64" t="1"/>
		<b id="67" c="30 65" t="1"/>
		<b id="68" c="31 66" t="1"/>
		<b id="69" c="31 67" t="1"/>
		<b id="70" c="31 68" t="1"/>
	</bonds>
	<geometry>
		<g u="A" t="cart/3d">#68,3:3.9694,0.8598,0.9867;3.8604,-0.6531,1.1985;4.1012,-0.9537,2.6780;2.4388,-1.0918,0.8352;5.1608,-1.5987,0.1440;6.9167,-0.8677,0.2751;5.2318,-3.4518,0.5838;4.5580,-1.3590,-1.3878;5.1969,-1.6687,-2.5621;5.6471,-3.0087,-2.5951;4.9152,-3.7570,-3.5234;3.8213,-4.4699,-2.8887;2.9271,-4.0339,-1.9454;2.0740,-4.9331,-1.5683;2.3876,-6.0518,-2.2863;1.8991,-7.3460,-2.3877;0.4290,-7.9549,-1.3766;2.4570,-8.2058,-3.2114;3.4921,-7.8237,-3.9444;4.0633,-6.6344,-3.9588;3.5005,-5.7713,-3.1263;4.4163,-2.7587,-4.5711;4.2251,-1.4808,-3.7496;4.4883,-0.3441,-4.4879;4.2239,1.2027,-3.9733;2.5280,1.3257,-3.1090;5.5679,1.7816,-2.7489;4.2944,2.1645,-5.6318;3.1940,1.6868,-6.5819;4.0995,3.6565,-5.3681;5.6486,1.9592,-6.3135;3.2140,1.3780,1.5766;3.8179,1.1145,-0.0593;4.9466,1.2237,1.2943;3.3894,-0.4095,3.2972;5.1044,-0.6575,2.9736;3.9856,-2.0147,2.8805;1.7113,-0.5611,1.4485;2.3037,-2.1585,0.9970;2.2278,-0.8723,-0.2086;7.2907,-0.8979,1.2930;6.9549,0.1658,-0.0578;7.6070,-1.4366,-0.3415;5.6762,-3.6088,1.5613;5.8326,-3.9921,-0.1423;4.2451,-3.9073,0.5963;6.0818,-1.0311,-2.6866;5.5687,-4.5331,-3.9386;2.9603,-3.0392,-1.5490;3.9093,-8.5714,-4.6028;3.5070,-3.0910,-5.0656;5.1908,-2.5814,-5.3167;3.2100,-1.4284,-3.3371;2.5302,0.7380,-2.1948;1.7274,0.9489,-3.7399;2.2780,2.3452,-2.8357;5.5043,1.2246,-1.8188;5.4626,2.8339,-2.5059;6.5660,1.6369,-3.1533;2.2098,1.8729,-6.1589;3.2933,0.6214,-6.7729;3.2593,2.2141,-7.5332;3.1379,3.8437,-4.8974;4.1355,4.2159,-6.3021;4.8790,4.0384,-4.7142;5.8249,0.9023,-6.4944;6.4553,2.3431,-5.6939;5.6757,2.4826,-7.2689;</g>
	</geometry>
	<conformers/>
	<properties/>
</molecule>
