<?xml version="1.0" ?>
<!--MOLLI PACKAGE EXPERIMENTAL XML FORMAT-->
<molecule name="el1212">
	<atoms>
		<a id="1" s="C" t="C.3" l="C"/>
		<a id="2" s="C" t="C.ar" l="C"/>
		<a id="3" s="C" t="C.ar" l="C"/>
		<a id="4" s="C" t="C.ar" l="C"/>
		<a id="5" s="C" t="C.ar" l="C"/>
		<a id="6" s="C" t="C.3" l="C"/>
		<a id="7" s="N" t="N.am" l="N"/>
		<a id="8" s="C" t="C.2" l="C"/>
		<a id="9" s="O" t="O.2" l="O"/>
		<a id="10" s="C" t="C.ar" l="C"/>
		<a id="11" s="C" t="C.ar" l="C"/>
		<a id="12" s="C" t="C.ar" l="C"/>
		<a id="13" s="C" t="C.ar" l="C"/>
		<a id="14" s="C" t="C.ar" l="C"/>
		<a id="15" s="C" t="C.3" l="C"/>
		<a id="16" s="C" t="C.3" l="C"/>
		<a id="17" s="O" t="O.3" l="O"/>
		<a id="18" s="C" t="C.ar" l="C"/>
		<a id="19" s="C" t="C.ar" l="C"/>
		<a id="20" s="C" t="C.ar" l="C"/>
		<a id="21" s="C" t="C.ar" l="C"/>
		<a id="22" s="N" t="N.ar" l="N"/>
		<a id="23" s="C" t="C.ar" l="C"/>
		<a id="24" s="Br" t="Br" l="BR"/>
		<a id="25" s="C" t="C.ar" l="C"/>
		<a id="26" s="C" t="C.ar" l="C"/>
		<a id="27" s="C" t="C.ar" l="C"/>
		<a id="28" s="H" t="H" l="H"/>
		<a id="29" s="H" t="H" l="H"/>
		<a id="30" s="H" t="H" l="H"/>
		<a id="31" s="H" t="H" l="H"/>
		<a id="32" s="H" t="H" l="H"/>
		<a id="33" s="H" t="H" l="H"/>
		<a id="34" s="H" t="H" l="H"/>
		<a id="35" s="H" t="H" l="H"/>
		<a id="36" s="H" t="H" l="H"/>
		<a id="37" s="H" t="H" l="H"/>
		<a id="38" s="H" t="H" l="H"/>
		<a id="39" s="H" t="H" l="H"/>
		<a id="40" s="H" t="H" l="H"/>
		<a id="41" s="H" t="H" l="H"/>
		<a id="42" s="H" t="H" l="H"/>
		<a id="43" s="H" t="H" l="H"/>
		<a id="44" s="H" t="H" l="H"/>
		<a id="45" s="H" t="H" l="H"/>
		<a id="46" s="H" t="H" l="H"/>
		<a id="47" s="H" t="H" l="H"/>
		<a id="48" s="H" t="H" l="H"/>
	</atoms>
	<bonds>
		<b id="1" c="1 2" t="1"/>
		<b id="2" c="2 3" t="ar"/>
		<b id="3" c="3 4" t="ar"/>
		<b id="4" c="4 5" t="ar"/>
		<b id="5" c="5 6" t="1"/>
		<b id="6" c="6 7" t="1"/>
		<b id="7" c="7 8" t="am"/>
		<b id="8" c="8 9" t="2"/>
		<b id="9" c="8 10" t="1"/>
		<b id="10" c="10 11" t="ar"/>
		<b id="11" c="11 12" t="ar"/>
		<b id="12" c="12 13" t="ar"/>
		<b id="13" c="13 14" t="ar"/>
		<b id="14" c="14 15" t="1"/>
		<b id="15" c="15 16" t="1"/>
		<b id="16" c="15 17" t="1"/>
		<b id="17" c="17 18" t="1"/>
		<b id="18" c="18 19" t="ar"/>
		<b id="19" c="19 20" t="ar"/>
		<b id="20" c="20 21" t="ar"/>
		<b id="21" c="21 22" t="ar"/>
		<b id="22" c="22 23" t="ar"/>
		<b id="23" c="18 23" t="ar"/>
		<b id="24" c="23 24" t="1"/>
		<b id="25" c="14 25" t="ar"/>
		<b id="26" c="10 25" t="ar"/>
		<b id="27" c="5 26" t="ar"/>
		<b id="28" c="26 27" t="ar"/>
		<b id="29" c="2 27" t="ar"/>
		<b id="30" c="1 28" t="1"/>
		<b id="31" c="1 29" t="1"/>
		<b id="32" c="1 30" t="1"/>
		<b id="33" c="3 31" t="1"/>
		<b id="34" c="4 32" t="1"/>
		<b id="35" c="6 33" t="1"/>
		<b id="36" c="6 34" t="1"/>
		<b id="37" c="7 35" t="1"/>
		<b id="38" c="11 36" t="1"/>
		<b id="39" c="12 37" t="1"/>
		<b id="40" c="13 38" t="1"/>
		<b id="41" c="15 39" t="1"/>
		<b id="42" c="16 40" t="1"/>
		<b id="43" c="16 41" t="1"/>
		<b id="44" c="16 42" t="1"/>
		<b id="45" c="19 43" t="1"/>
		<b id="46" c="20 44" t="1"/>
		<b id="47" c="21 45" t="1"/>
		<b id="48" c="25 46" t="1"/>
		<b id="49" c="26 47" t="1"/>
		<b id="50" c="27 48" t="1"/>
	</bonds>
	<geometry>
		<g u="A" t="cart/3d">#48,3:-7.4223,6.1036,-5.3076;-6.6599,5.0305,-4.5911;-6.3901,5.1333,-3.2318;-5.6769,4.1487,-2.5751;-5.2156,3.0320,-3.2623;-4.4905,1.9440,-2.5137;-5.3192,1.4365,-1.4398;-5.0411,1.6604,-0.1333;-3.9895,2.1353,0.2460;-6.1286,1.2521,0.8059;-5.7817,0.6995,2.0344;-6.7669,0.3418,2.9355;-8.1017,0.5477,2.6276;-8.4555,1.1310,1.4186;-9.9096,1.3676,1.0817;-10.5208,0.1072,0.4649;-10.5730,1.7025,2.2935;-11.7636,2.3195,2.2832;-12.4889,2.7692,1.1840;-13.7053,3.4042,1.3874;-14.1672,3.5778,2.6772;-13.4888,3.1511,3.7317;-12.3486,2.5515,3.5376;-11.4182,1.9424,5.0688;-7.4678,1.4771,0.5081;-5.4802,2.9269,-4.6202;-6.1895,3.9169,-5.2763;-8.0906,6.6268,-4.6278;-8.0054,5.6846,-6.1249;-6.7306,6.8342,-5.7286;-6.7445,5.9933,-2.6823;-5.4724,4.2407,-1.5182;-3.5851,2.3338,-2.0388;-4.2182,1.1270,-3.1898;-6.2092,1.0411,-1.6974;-4.7353,0.5646,2.2641;-6.4986,-0.0930,3.8859;-8.8718,0.2863,3.3364;-9.9828,2.2056,0.3761;-10.4379,-0.7141,1.1703;-9.9859,-0.1543,-0.4438;-11.5714,0.2587,0.2282;-12.1180,2.6322,0.1803;-14.2815,3.7545,0.5460;-15.1118,4.0578,2.8935;-7.7464,1.9579,-0.4208;-5.1240,2.0683,-5.1690;-6.3851,3.8225,-6.3342;</g>
	</geometry>
	<conformers/>
	<properties/>
</molecule>
