<?xml version="1.0" ?>
<!--MOLLI PACKAGE EXPERIMENTAL XML FORMAT-->
<molecule name="el1323">
	<atoms>
		<a id="1" s="C" t="C.3" l="C"/>
		<a id="2" s="O" t="O.3" l="O"/>
		<a id="3" s="C" t="C.2" l="C"/>
		<a id="4" s="O" t="O.2" l="O"/>
		<a id="5" s="C" t="C.ar" l="C"/>
		<a id="6" s="C" t="C.ar" l="C"/>
		<a id="7" s="C" t="C.ar" l="C"/>
		<a id="8" s="C" t="C.ar" l="C"/>
		<a id="9" s="N" t="N.ar" l="N"/>
		<a id="10" s="C" t="C.ar" l="C"/>
		<a id="11" s="C" t="C.ar" l="C"/>
		<a id="12" s="C" t="C.ar" l="C"/>
		<a id="13" s="Br" t="Br" l="BR"/>
		<a id="14" s="C" t="C.ar" l="C"/>
		<a id="15" s="C" t="C.ar" l="C"/>
		<a id="16" s="H" t="H" l="H"/>
		<a id="17" s="H" t="H" l="H"/>
		<a id="18" s="H" t="H" l="H"/>
		<a id="19" s="H" t="H" l="H"/>
		<a id="20" s="H" t="H" l="H"/>
		<a id="21" s="H" t="H" l="H"/>
		<a id="22" s="H" t="H" l="H"/>
		<a id="23" s="H" t="H" l="H"/>
	</atoms>
	<bonds>
		<b id="1" c="1 2" t="1"/>
		<b id="2" c="2 3" t="1"/>
		<b id="3" c="3 4" t="2"/>
		<b id="4" c="3 5" t="1"/>
		<b id="5" c="5 6" t="ar"/>
		<b id="6" c="6 7" t="ar"/>
		<b id="7" c="7 8" t="ar"/>
		<b id="8" c="8 9" t="ar"/>
		<b id="9" c="9 10" t="ar"/>
		<b id="10" c="10 11" t="ar"/>
		<b id="11" c="11 12" t="ar"/>
		<b id="12" c="12 13" t="1"/>
		<b id="13" c="12 14" t="ar"/>
		<b id="14" c="8 14" t="ar"/>
		<b id="15" c="14 15" t="ar"/>
		<b id="16" c="5 15" t="ar"/>
		<b id="17" c="1 16" t="1"/>
		<b id="18" c="1 17" t="1"/>
		<b id="19" c="1 18" t="1"/>
		<b id="20" c="6 19" t="1"/>
		<b id="21" c="7 20" t="1"/>
		<b id="22" c="10 21" t="1"/>
		<b id="23" c="11 22" t="1"/>
		<b id="24" c="15 23" t="1"/>
	</bonds>
	<geometry>
		<g u="A" t="cart/3d">#23,3:1.1596,0.8800,-0.3665;2.5771,0.9360,-0.3088;3.1205,0.7551,0.9028;2.4705,0.5523,1.8979;4.6045,0.8242,0.8766;5.3091,1.1381,-0.3037;6.6726,1.1975,-0.2944;7.3994,0.9444,0.8884;8.7418,1.0157,0.8425;9.4198,0.7817,1.9279;8.8364,0.4525,3.1648;7.4715,0.3760,3.2322;6.6419,-0.0699,4.8890;6.6859,0.6234,2.0835;5.2841,0.5734,2.0466;0.8960,0.8865,-1.4211;0.7266,1.7446,0.1410;0.7961,-0.0288,0.1173;4.7514,1.3306,-1.2062;7.2372,1.4372,-1.1814;10.4962,0.8509,1.8440;9.4544,0.2672,4.0285;4.7202,0.3363,2.9377;</g>
	</geometry>
	<conformers/>
	<properties/>
</molecule>
