<?xml version="1.0" ?>
<!--MOLLI PACKAGE EXPERIMENTAL XML FORMAT-->
<molecule name="el1324">
	<atoms>
		<a id="1" s="C" t="C.3" l="C"/>
		<a id="2" s="O" t="O.3" l="O"/>
		<a id="3" s="C" t="C.ar" l="C"/>
		<a id="4" s="C" t="C.ar" l="C"/>
		<a id="5" s="C" t="C.ar" l="C"/>
		<a id="6" s="O" t="O.3" l="O"/>
		<a id="7" s="C" t="C.3" l="C"/>
		<a id="8" s="C" t="C.ar" l="C"/>
		<a id="9" s="N" t="N.ar" l="N"/>
		<a id="10" s="C" t="C.ar" l="C"/>
		<a id="11" s="C" t="C.ar" l="C"/>
		<a id="12" s="C" t="C.ar" l="C"/>
		<a id="13" s="Br" t="Br" l="BR"/>
		<a id="14" s="C" t="C.ar" l="C"/>
		<a id="15" s="C" t="C.ar" l="C"/>
		<a id="16" s="H" t="H" l="H"/>
		<a id="17" s="H" t="H" l="H"/>
		<a id="18" s="H" t="H" l="H"/>
		<a id="19" s="H" t="H" l="H"/>
		<a id="20" s="H" t="H" l="H"/>
		<a id="21" s="H" t="H" l="H"/>
		<a id="22" s="H" t="H" l="H"/>
		<a id="23" s="H" t="H" l="H"/>
		<a id="24" s="H" t="H" l="H"/>
		<a id="25" s="H" t="H" l="H"/>
	</atoms>
	<bonds>
		<b id="1" c="1 2" t="1"/>
		<b id="2" c="2 3" t="1"/>
		<b id="3" c="3 4" t="ar"/>
		<b id="4" c="4 5" t="ar"/>
		<b id="5" c="5 6" t="1"/>
		<b id="6" c="6 7" t="1"/>
		<b id="7" c="5 8" t="ar"/>
		<b id="8" c="8 9" t="ar"/>
		<b id="9" c="9 10" t="ar"/>
		<b id="10" c="10 11" t="ar"/>
		<b id="11" c="11 12" t="ar"/>
		<b id="12" c="12 13" t="1"/>
		<b id="13" c="12 14" t="ar"/>
		<b id="14" c="8 14" t="ar"/>
		<b id="15" c="14 15" t="ar"/>
		<b id="16" c="3 15" t="ar"/>
		<b id="17" c="1 16" t="1"/>
		<b id="18" c="1 17" t="1"/>
		<b id="19" c="1 18" t="1"/>
		<b id="20" c="4 19" t="1"/>
		<b id="21" c="7 20" t="1"/>
		<b id="22" c="7 21" t="1"/>
		<b id="23" c="7 22" t="1"/>
		<b id="24" c="10 23" t="1"/>
		<b id="25" c="11 24" t="1"/>
		<b id="26" c="15 25" t="1"/>
	</bonds>
	<geometry>
		<g u="A" t="cart/3d">#25,3:1.1970,-0.6763,0.3688;2.2545,0.1970,0.0541;2.9249,0.8217,1.0544;2.6230,0.6567,2.4188;3.3427,1.3204,3.3866;3.1246,1.2224,4.7128;2.0935,0.3849,5.1757;4.4112,2.1894,3.0107;5.0907,2.8211,3.9782;6.0676,3.6143,3.6472;6.4617,3.8532,2.3187;5.7759,3.2157,1.3235;6.2840,3.5156,-0.4915;4.7043,2.3433,1.6226;3.9528,1.6545,0.6655;0.8329,-1.0490,-0.5872;0.3834,-0.1559,0.8836;1.5366,-1.5203,0.9770;1.8175,0.0019,2.7054;2.1118,0.4717,6.2608;2.2653,-0.6597,4.8943;1.1146,0.7068,4.8047;6.5860,4.1017,4.4615;7.2807,4.5202,2.1015;4.1648,1.7633,-0.3858;</g>
	</geometry>
	<conformers/>
	<properties/>
</molecule>
