<?xml version="1.0" ?>
<!--MOLLI PACKAGE EXPERIMENTAL XML FORMAT-->
<molecule name="el1325">
	<atoms>
		<a id="1" s="C" t="C.3" l="C"/>
		<a id="2" s="C" t="C.3" l="C"/>
		<a id="3" s="C" t="C.3" l="C"/>
		<a id="4" s="C" t="C.3" l="C"/>
		<a id="5" s="O" t="O.3" l="O"/>
		<a id="6" s="C" t="C.2" l="C"/>
		<a id="7" s="O" t="O.2" l="O"/>
		<a id="8" s="N" t="N.am" l="N"/>
		<a id="9" s="C" t="C.3" l="C"/>
		<a id="10" s="C" t="C.3" l="C"/>
		<a id="11" s="N" t="N.pl3" l="N"/>
		<a id="12" s="C" t="C.ar" l="C"/>
		<a id="13" s="C" t="C.ar" l="C"/>
		<a id="14" s="C" t="C.ar" l="C"/>
		<a id="15" s="C" t="C.ar" l="C"/>
		<a id="16" s="C" t="C.ar" l="C"/>
		<a id="17" s="Br" t="Br" l="BR"/>
		<a id="18" s="N" t="N.ar" l="N"/>
		<a id="19" s="C" t="C.3" l="C"/>
		<a id="20" s="C" t="C.3" l="C"/>
		<a id="21" s="H" t="H" l="H"/>
		<a id="22" s="H" t="H" l="H"/>
		<a id="23" s="H" t="H" l="H"/>
		<a id="24" s="H" t="H" l="H"/>
		<a id="25" s="H" t="H" l="H"/>
		<a id="26" s="H" t="H" l="H"/>
		<a id="27" s="H" t="H" l="H"/>
		<a id="28" s="H" t="H" l="H"/>
		<a id="29" s="H" t="H" l="H"/>
		<a id="30" s="H" t="H" l="H"/>
		<a id="31" s="H" t="H" l="H"/>
		<a id="32" s="H" t="H" l="H"/>
		<a id="33" s="H" t="H" l="H"/>
		<a id="34" s="H" t="H" l="H"/>
		<a id="35" s="H" t="H" l="H"/>
		<a id="36" s="H" t="H" l="H"/>
		<a id="37" s="H" t="H" l="H"/>
		<a id="38" s="H" t="H" l="H"/>
		<a id="39" s="H" t="H" l="H"/>
		<a id="40" s="H" t="H" l="H"/>
	</atoms>
	<bonds>
		<b id="1" c="1 2" t="1"/>
		<b id="2" c="2 3" t="1"/>
		<b id="3" c="2 4" t="1"/>
		<b id="4" c="2 5" t="1"/>
		<b id="5" c="5 6" t="1"/>
		<b id="6" c="6 7" t="2"/>
		<b id="7" c="6 8" t="am"/>
		<b id="8" c="8 9" t="1"/>
		<b id="9" c="9 10" t="1"/>
		<b id="10" c="10 11" t="1"/>
		<b id="11" c="11 12" t="1"/>
		<b id="12" c="12 13" t="ar"/>
		<b id="13" c="13 14" t="ar"/>
		<b id="14" c="14 15" t="ar"/>
		<b id="15" c="15 16" t="ar"/>
		<b id="16" c="16 17" t="1"/>
		<b id="17" c="16 18" t="ar"/>
		<b id="18" c="12 18" t="ar"/>
		<b id="19" c="11 19" t="1"/>
		<b id="20" c="19 20" t="1"/>
		<b id="21" c="8 20" t="1"/>
		<b id="22" c="1 21" t="1"/>
		<b id="23" c="1 22" t="1"/>
		<b id="24" c="1 23" t="1"/>
		<b id="25" c="3 24" t="1"/>
		<b id="26" c="3 25" t="1"/>
		<b id="27" c="3 26" t="1"/>
		<b id="28" c="4 27" t="1"/>
		<b id="29" c="4 28" t="1"/>
		<b id="30" c="4 29" t="1"/>
		<b id="31" c="9 30" t="1"/>
		<b id="32" c="9 31" t="1"/>
		<b id="33" c="10 32" t="1"/>
		<b id="34" c="10 33" t="1"/>
		<b id="35" c="13 34" t="1"/>
		<b id="36" c="14 35" t="1"/>
		<b id="37" c="15 36" t="1"/>
		<b id="38" c="19 37" t="1"/>
		<b id="39" c="19 38" t="1"/>
		<b id="40" c="20 39" t="1"/>
		<b id="41" c="20 40" t="1"/>
	</bonds>
	<geometry>
		<g u="A" t="cart/3d">#40,3:4.0703,-1.4331,0.0619;2.9841,-0.4764,0.5506;2.4647,0.3969,-0.5910;1.8361,-1.2562,1.1942;3.4851,0.3541,1.6268;4.5388,1.1637,1.4233;5.1339,1.3080,0.3805;4.8975,1.8027,2.5701;4.1044,1.8152,3.7764;3.4632,3.2025,3.9481;4.4901,4.2167,3.9567;5.0077,4.7689,5.0845;4.3902,4.7084,6.3502;4.9736,5.3664,7.4101;6.1553,6.0798,7.2345;6.6729,6.0716,5.9561;8.2916,7.0090,5.5792;6.1468,5.4544,4.9296;5.2666,4.2101,2.7322;5.9117,2.8350,2.5265;3.6520,-2.1165,-0.6715;4.4646,-2.0080,0.8971;4.8829,-0.8759,-0.3958;2.0288,-0.2307,-1.3631;3.2801,0.9715,-1.0213;1.7041,1.0823,-0.2223;1.3757,-1.9104,0.4604;1.0854,-0.5696,1.5773;2.2096,-1.8565,2.0198;4.7631,1.6132,4.6297;3.3419,1.0409,3.7171;2.8683,3.2333,4.8583;2.8017,3.3974,3.0960;3.4726,4.1665,6.5041;4.5114,5.3301,8.3855;6.6389,6.6052,8.0401;6.0303,4.9825,2.8003;4.5936,4.4272,1.8971;6.6405,2.6479,3.3222;6.4073,2.7810,1.5571;</g>
	</geometry>
	<conformers/>
	<properties/>
</molecule>
