<?xml version="1.0" ?>
<!--MOLLI PACKAGE EXPERIMENTAL XML FORMAT-->
<molecule name="el1326">
	<atoms>
		<a id="1" s="C" t="C.3" l="C"/>
		<a id="2" s="O" t="O.3" l="O"/>
		<a id="3" s="C" t="C.2" l="C"/>
		<a id="4" s="O" t="O.2" l="O"/>
		<a id="5" s="C" t="C.ar" l="C"/>
		<a id="6" s="N" t="N.ar" l="N"/>
		<a id="7" s="C" t="C.ar" l="C"/>
		<a id="8" s="Br" t="Br" l="BR"/>
		<a id="9" s="N" t="N.ar" l="N"/>
		<a id="10" s="N" t="N.ar" l="N"/>
		<a id="11" s="C" t="C.3" l="C"/>
		<a id="12" s="O" t="O.3" l="O"/>
		<a id="13" s="C" t="C.3" l="C"/>
		<a id="14" s="C" t="C.3" l="C"/>
		<a id="15" s="O" t="O.3" l="O"/>
		<a id="16" s="C" t="C.2" l="C"/>
		<a id="17" s="C" t="C.3" l="C"/>
		<a id="18" s="O" t="O.2" l="O"/>
		<a id="19" s="C" t="C.3" l="C"/>
		<a id="20" s="O" t="O.3" l="O"/>
		<a id="21" s="C" t="C.2" l="C"/>
		<a id="22" s="C" t="C.3" l="C"/>
		<a id="23" s="O" t="O.2" l="O"/>
		<a id="24" s="C" t="C.3" l="C"/>
		<a id="25" s="O" t="O.3" l="O"/>
		<a id="26" s="C" t="C.2" l="C"/>
		<a id="27" s="C" t="C.3" l="C"/>
		<a id="28" s="O" t="O.2" l="O"/>
		<a id="29" s="H" t="H" l="H"/>
		<a id="30" s="H" t="H" l="H"/>
		<a id="31" s="H" t="H" l="H"/>
		<a id="32" s="H" t="H" l="H"/>
		<a id="33" s="H" t="H" l="H"/>
		<a id="34" s="H" t="H" l="H"/>
		<a id="35" s="H" t="H" l="H"/>
		<a id="36" s="H" t="H" l="H"/>
		<a id="37" s="H" t="H" l="H"/>
		<a id="38" s="H" t="H" l="H"/>
		<a id="39" s="H" t="H" l="H"/>
		<a id="40" s="H" t="H" l="H"/>
		<a id="41" s="H" t="H" l="H"/>
		<a id="42" s="H" t="H" l="H"/>
		<a id="43" s="H" t="H" l="H"/>
		<a id="44" s="H" t="H" l="H"/>
		<a id="45" s="H" t="H" l="H"/>
		<a id="46" s="H" t="H" l="H"/>
	</atoms>
	<bonds>
		<b id="1" c="1 2" t="1"/>
		<b id="2" c="2 3" t="1"/>
		<b id="3" c="3 4" t="2"/>
		<b id="4" c="3 5" t="1"/>
		<b id="5" c="5 6" t="ar"/>
		<b id="6" c="6 7" t="ar"/>
		<b id="7" c="7 8" t="1"/>
		<b id="8" c="7 9" t="ar"/>
		<b id="9" c="9 10" t="ar"/>
		<b id="10" c="5 10" t="ar"/>
		<b id="11" c="11 12" t="1"/>
		<b id="12" c="12 13" t="1"/>
		<b id="13" c="13 14" t="1"/>
		<b id="14" c="14 15" t="1"/>
		<b id="15" c="15 16" t="1"/>
		<b id="16" c="16 17" t="1"/>
		<b id="17" c="16 18" t="2"/>
		<b id="18" c="13 19" t="1"/>
		<b id="19" c="20 21" t="1"/>
		<b id="20" c="21 22" t="1"/>
		<b id="21" c="21 23" t="2"/>
		<b id="22" c="19 24" t="1"/>
		<b id="23" c="11 24" t="1"/>
		<b id="24" c="25 26" t="1"/>
		<b id="25" c="26 27" t="1"/>
		<b id="26" c="26 28" t="2"/>
		<b id="27" c="24 25" t="1"/>
		<b id="28" c="19 20" t="1"/>
		<b id="29" c="11 10" t="1"/>
		<b id="30" c="1 29" t="1"/>
		<b id="31" c="1 30" t="1"/>
		<b id="32" c="1 31" t="1"/>
		<b id="33" c="11 32" t="1"/>
		<b id="34" c="13 33" t="1"/>
		<b id="35" c="14 34" t="1"/>
		<b id="36" c="14 35" t="1"/>
		<b id="37" c="17 36" t="1"/>
		<b id="38" c="17 37" t="1"/>
		<b id="39" c="17 38" t="1"/>
		<b id="40" c="19 39" t="1"/>
		<b id="41" c="22 40" t="1"/>
		<b id="42" c="22 41" t="1"/>
		<b id="43" c="22 42" t="1"/>
		<b id="44" c="24 43" t="1"/>
		<b id="45" c="27 44" t="1"/>
		<b id="46" c="27 45" t="1"/>
		<b id="47" c="27 46" t="1"/>
	</bonds>
	<geometry>
		<g u="A" t="cart/3d">#46,3:10.2255,0.3090,2.3564;9.7811,-0.9680,2.8014;8.5745,-1.3333,2.4133;7.8321,-0.6717,1.7283;8.2326,-2.6842,2.9089;9.0928,-3.6077,3.2890;8.3104,-4.6518,3.5938;8.9725,-6.2655,4.1888;7.0236,-4.4342,3.4221;6.9720,-3.1792,2.9740;5.6947,-2.5126,2.7990;5.1813,-2.2375,4.0673;3.9148,-2.8490,4.2685;3.7929,-3.3973,5.6959;3.0924,-2.5049,6.5497;1.7752,-2.3782,6.3429;1.1774,-1.3794,7.2942;1.1672,-2.9820,5.4966;3.7841,-3.9295,3.1820;2.4531,-4.0523,2.7343;1.6878,-4.9811,3.3545;0.2618,-4.8612,2.9224;2.1265,-5.7715,4.1424;4.7219,-3.4528,2.0543;4.0633,-2.8803,0.9472;3.3346,-1.7493,1.0714;2.6196,-1.4633,-0.2175;3.2815,-1.0806,2.0633;11.2095,0.4525,2.7942;9.5355,1.0870,2.6896;10.2811,0.3305,1.2663;5.8876,-1.5852,2.2448;3.1354,-2.0926,4.1021;4.7853,-3.5091,6.1336;3.2708,-4.3596,5.6777;1.7541,-1.3466,8.2129;0.1410,-1.6352,7.4934;1.2097,-0.3976,6.8250;4.1371,-4.8963,3.5639;0.1990,-4.4766,1.9099;-0.2080,-4.1517,3.6023;-0.2371,-5.8209,3.0128;5.2672,-4.2953,1.6211;3.2203,-1.7893,-1.0605;2.3957,-0.4032,-0.2850;1.6857,-2.0221,-0.2198;</g>
	</geometry>
	<conformers/>
	<properties/>
</molecule>
