<?xml version="1.0" ?>
<!--MOLLI PACKAGE EXPERIMENTAL XML FORMAT-->
<molecule name="el1327">
	<atoms>
		<a id="1" s="C" t="C.3" l="C"/>
		<a id="2" s="C" t="C.3" l="C"/>
		<a id="3" s="C" t="C.3" l="C"/>
		<a id="4" s="Si" t="Si" l="SI"/>
		<a id="5" s="C" t="C.3" l="C"/>
		<a id="6" s="C" t="C.3" l="C"/>
		<a id="7" s="C" t="C.3" l="C"/>
		<a id="8" s="C" t="C.3" l="C"/>
		<a id="9" s="C" t="C.3" l="C"/>
		<a id="10" s="C" t="C.3" l="C"/>
		<a id="11" s="N" t="N.ar" l="N"/>
		<a id="12" s="C" t="C.ar" l="C"/>
		<a id="13" s="C" t="C.ar" l="C"/>
		<a id="14" s="C" t="C.ar" l="C"/>
		<a id="15" s="C" t="C.ar" l="C"/>
		<a id="16" s="C" t="C.ar" l="C"/>
		<a id="17" s="Br" t="Br" l="BR"/>
		<a id="18" s="C" t="C.ar" l="C"/>
		<a id="19" s="C" t="C.ar" l="C"/>
		<a id="20" s="C" t="C.ar" l="C"/>
		<a id="21" s="H" t="H" l="H"/>
		<a id="22" s="H" t="H" l="H"/>
		<a id="23" s="H" t="H" l="H"/>
		<a id="24" s="H" t="H" l="H"/>
		<a id="25" s="H" t="H" l="H"/>
		<a id="26" s="H" t="H" l="H"/>
		<a id="27" s="H" t="H" l="H"/>
		<a id="28" s="H" t="H" l="H"/>
		<a id="29" s="H" t="H" l="H"/>
		<a id="30" s="H" t="H" l="H"/>
		<a id="31" s="H" t="H" l="H"/>
		<a id="32" s="H" t="H" l="H"/>
		<a id="33" s="H" t="H" l="H"/>
		<a id="34" s="H" t="H" l="H"/>
		<a id="35" s="H" t="H" l="H"/>
		<a id="36" s="H" t="H" l="H"/>
		<a id="37" s="H" t="H" l="H"/>
		<a id="38" s="H" t="H" l="H"/>
		<a id="39" s="H" t="H" l="H"/>
		<a id="40" s="H" t="H" l="H"/>
		<a id="41" s="H" t="H" l="H"/>
		<a id="42" s="H" t="H" l="H"/>
		<a id="43" s="H" t="H" l="H"/>
		<a id="44" s="H" t="H" l="H"/>
		<a id="45" s="H" t="H" l="H"/>
		<a id="46" s="H" t="H" l="H"/>
	</atoms>
	<bonds>
		<b id="1" c="1 2" t="1"/>
		<b id="2" c="2 3" t="1"/>
		<b id="3" c="2 4" t="1"/>
		<b id="4" c="4 5" t="1"/>
		<b id="5" c="5 6" t="1"/>
		<b id="6" c="5 7" t="1"/>
		<b id="7" c="4 8" t="1"/>
		<b id="8" c="8 9" t="1"/>
		<b id="9" c="8 10" t="1"/>
		<b id="10" c="4 11" t="1"/>
		<b id="11" c="11 12" t="ar"/>
		<b id="12" c="12 13" t="ar"/>
		<b id="13" c="13 14" t="ar"/>
		<b id="14" c="14 15" t="ar"/>
		<b id="15" c="15 16" t="ar"/>
		<b id="16" c="16 17" t="1"/>
		<b id="17" c="16 18" t="ar"/>
		<b id="18" c="18 19" t="ar"/>
		<b id="19" c="19 20" t="ar"/>
		<b id="20" c="14 20" t="ar"/>
		<b id="21" c="11 20" t="ar"/>
		<b id="22" c="1 21" t="1"/>
		<b id="23" c="1 22" t="1"/>
		<b id="24" c="1 23" t="1"/>
		<b id="25" c="2 24" t="1"/>
		<b id="26" c="3 25" t="1"/>
		<b id="27" c="3 26" t="1"/>
		<b id="28" c="3 27" t="1"/>
		<b id="29" c="5 28" t="1"/>
		<b id="30" c="6 29" t="1"/>
		<b id="31" c="6 30" t="1"/>
		<b id="32" c="6 31" t="1"/>
		<b id="33" c="7 32" t="1"/>
		<b id="34" c="7 33" t="1"/>
		<b id="35" c="7 34" t="1"/>
		<b id="36" c="8 35" t="1"/>
		<b id="37" c="9 36" t="1"/>
		<b id="38" c="9 37" t="1"/>
		<b id="39" c="9 38" t="1"/>
		<b id="40" c="10 39" t="1"/>
		<b id="41" c="10 40" t="1"/>
		<b id="42" c="10 41" t="1"/>
		<b id="43" c="12 42" t="1"/>
		<b id="44" c="13 43" t="1"/>
		<b id="45" c="15 44" t="1"/>
		<b id="46" c="18 45" t="1"/>
		<b id="47" c="19 46" t="1"/>
	</bonds>
	<geometry>
		<g u="A" t="cart/3d">#46,3:1.2945,0.1724,-0.1461;2.7856,0.1026,0.1830;3.4980,1.2981,-0.4497;3.1236,-0.0735,2.0741;2.3979,1.3831,3.1116;0.9138,1.1822,3.4299;3.1579,1.6419,4.4146;2.3563,-1.7342,2.6919;2.5246,-2.9003,1.7183;2.8164,-2.1443,4.0924;4.8936,-0.0872,2.2449;5.6662,-1.2192,2.3720;6.9874,-0.9274,2.4453;7.0922,0.4871,2.3494;8.1773,1.3608,2.3543;7.9103,2.7017,2.2204;9.3632,3.9449,2.2166;6.6140,3.1974,2.0798;5.5351,2.3393,2.0769;5.7695,0.9768,2.2168;1.1437,0.1580,-1.2243;0.8634,1.0937,0.2382;0.7532,-0.6658,0.2842;3.1886,-0.7953,-0.2999;3.1141,2.2336,-0.0489;3.3353,1.3055,-1.5264;4.5689,1.2577,-0.2687;2.4653,2.2943,2.5069;0.7795,0.3534,4.1204;0.3374,0.9773,2.5325;0.5076,2.0771,3.8986;3.0818,0.7885,5.0827;2.7399,2.5061,4.9253;4.2103,1.8340,4.2303;1.2789,-1.5495,2.7604;3.5694,-3.1571,1.5669;2.0941,-2.6639,0.7497;2.0190,-3.7845,2.1055;3.8828,-2.3504,4.1199;2.2908,-3.0440,4.4122;2.6085,-1.3602,4.8160;5.2039,-2.1836,2.3919;7.7962,-1.6218,2.5523;9.1864,0.9932,2.4556;6.4624,4.2601,1.9712;4.5396,2.7282,1.9543;</g>
	</geometry>
	<conformers/>
	<properties/>
</molecule>
