<?xml version="1.0" ?>
<!--MOLLI PACKAGE EXPERIMENTAL XML FORMAT-->
<molecule name="el1328">
	<atoms>
		<a id="1" s="O" t="O.2" l="O"/>
		<a id="2" s="C" t="C.2" l="C"/>
		<a id="3" s="N" t="N.am" l="N"/>
		<a id="4" s="C" t="C.ar" l="C"/>
		<a id="5" s="C" t="C.ar" l="C"/>
		<a id="6" s="C" t="C.ar" l="C"/>
		<a id="7" s="C" t="C.ar" l="C"/>
		<a id="8" s="Br" t="Br" l="BR"/>
		<a id="9" s="C" t="C.ar" l="C"/>
		<a id="10" s="F" t="F" l="F"/>
		<a id="11" s="C" t="C.ar" l="C"/>
		<a id="12" s="C" t="C.ar" l="C"/>
		<a id="13" s="C" t="C.ar" l="C"/>
		<a id="14" s="C" t="C.ar" l="C"/>
		<a id="15" s="O" t="O.2" l="O"/>
		<a id="16" s="N" t="N.ar" l="N"/>
		<a id="17" s="C" t="C.ar" l="C"/>
		<a id="18" s="C" t="C.ar" l="C"/>
		<a id="19" s="C" t="C.ar" l="C"/>
		<a id="20" s="F" t="F" l="F"/>
		<a id="21" s="C" t="C.ar" l="C"/>
		<a id="22" s="C" t="C.ar" l="C"/>
		<a id="23" s="C" t="C.ar" l="C"/>
		<a id="24" s="H" t="H" l="H"/>
		<a id="25" s="H" t="H" l="H"/>
		<a id="26" s="H" t="H" l="H"/>
		<a id="27" s="H" t="H" l="H"/>
		<a id="28" s="H" t="H" l="H"/>
		<a id="29" s="H" t="H" l="H"/>
		<a id="30" s="H" t="H" l="H"/>
		<a id="31" s="H" t="H" l="H"/>
		<a id="32" s="H" t="H" l="H"/>
	</atoms>
	<bonds>
		<b id="1" c="1 2" t="2"/>
		<b id="2" c="2 3" t="am"/>
		<b id="3" c="3 4" t="1"/>
		<b id="4" c="4 5" t="ar"/>
		<b id="5" c="5 6" t="ar"/>
		<b id="6" c="6 7" t="ar"/>
		<b id="7" c="7 8" t="1"/>
		<b id="8" c="7 9" t="ar"/>
		<b id="9" c="9 10" t="1"/>
		<b id="10" c="9 11" t="ar"/>
		<b id="11" c="4 11" t="ar"/>
		<b id="12" c="2 12" t="1"/>
		<b id="13" c="12 13" t="ar"/>
		<b id="14" c="13 14" t="ar"/>
		<b id="15" c="14 15" t="2"/>
		<b id="16" c="14 16" t="ar"/>
		<b id="17" c="16 17" t="ar"/>
		<b id="18" c="17 18" t="ar"/>
		<b id="19" c="18 19" t="ar"/>
		<b id="20" c="19 20" t="1"/>
		<b id="21" c="19 21" t="ar"/>
		<b id="22" c="21 22" t="ar"/>
		<b id="23" c="22 23" t="ar"/>
		<b id="24" c="12 23" t="ar"/>
		<b id="25" c="17 23" t="ar"/>
		<b id="26" c="3 24" t="1"/>
		<b id="27" c="5 25" t="1"/>
		<b id="28" c="6 26" t="1"/>
		<b id="29" c="11 27" t="1"/>
		<b id="30" c="13 28" t="1"/>
		<b id="31" c="16 29" t="1"/>
		<b id="32" c="18 30" t="1"/>
		<b id="33" c="21 31" t="1"/>
		<b id="34" c="22 32" t="1"/>
	</bonds>
	<geometry>
		<g u="A" t="cart/3d">#32,3:2.7371,0.8872,0.6928;2.1563,0.0942,-0.0125;0.8176,0.1294,-0.2852;-0.1263,1.0696,0.1238;0.1937,2.1799,0.9036;-0.7889,3.0807,1.2654;-2.1019,2.8949,0.8620;-3.4532,4.1312,1.3548;-2.4165,1.7862,0.0871;-3.6792,1.5826,-0.3161;-1.4463,0.8776,-0.2829;2.8528,-1.0416,-0.7062;2.6153,-1.2688,-2.0199;3.2964,-2.3096,-2.7730;3.1022,-2.5703,-3.9420;4.2182,-3.0258,-2.0336;4.5052,-2.8331,-0.7140;5.4643,-3.6246,-0.0791;5.7241,-3.4090,1.2546;6.6458,-4.1712,1.8652;5.0632,-2.4312,1.9924;4.1201,-1.6515,1.3668;3.8242,-1.8282,0.0087;0.4523,-0.6141,-0.8655;1.2105,2.3349,1.2214;-0.5372,3.9398,1.8668;-1.7319,0.0302,-0.8877;1.9263,-0.6656,-2.5926;4.7189,-3.7488,-2.5379;5.9960,-4.3917,-0.6199;5.3016,-2.3000,3.0350;3.6119,-0.8790,1.9198;</g>
	</geometry>
	<conformers/>
	<properties/>
</molecule>
