<?xml version="1.0" ?>
<!--MOLLI PACKAGE EXPERIMENTAL XML FORMAT-->
<molecule name="el1329">
	<atoms>
		<a id="1" s="F" t="F" l="F"/>
		<a id="2" s="C" t="C.ar" l="C"/>
		<a id="3" s="C" t="C.ar" l="C"/>
		<a id="4" s="C" t="C.ar" l="C"/>
		<a id="5" s="C" t="C.ar" l="C"/>
		<a id="6" s="C" t="C.ar" l="C"/>
		<a id="7" s="C" t="C.ar" l="C"/>
		<a id="8" s="C" t="C.ar" l="C"/>
		<a id="9" s="N" t="N.ar" l="N"/>
		<a id="10" s="N" t="N.ar" l="N"/>
		<a id="11" s="C" t="C.ar" l="C"/>
		<a id="12" s="Br" t="Br" l="BR"/>
		<a id="13" s="N" t="N.ar" l="N"/>
		<a id="14" s="C" t="C.ar" l="C"/>
		<a id="15" s="C" t="C.ar" l="C"/>
		<a id="16" s="C" t="C.ar" l="C"/>
		<a id="17" s="F" t="F" l="F"/>
		<a id="18" s="C" t="C.ar" l="C"/>
		<a id="19" s="F" t="F" l="F"/>
		<a id="20" s="H" t="H" l="H"/>
		<a id="21" s="H" t="H" l="H"/>
		<a id="22" s="H" t="H" l="H"/>
		<a id="23" s="H" t="H" l="H"/>
		<a id="24" s="H" t="H" l="H"/>
	</atoms>
	<bonds>
		<b id="1" c="1 2" t="1"/>
		<b id="2" c="2 3" t="ar"/>
		<b id="3" c="3 4" t="ar"/>
		<b id="4" c="4 5" t="1"/>
		<b id="5" c="5 6" t="ar"/>
		<b id="6" c="6 7" t="ar"/>
		<b id="7" c="7 8" t="ar"/>
		<b id="8" c="8 9" t="ar"/>
		<b id="9" c="9 10" t="ar"/>
		<b id="10" c="10 11" t="ar"/>
		<b id="11" c="11 12" t="1"/>
		<b id="12" c="11 13" t="ar"/>
		<b id="13" c="13 14" t="ar"/>
		<b id="14" c="5 14" t="ar"/>
		<b id="15" c="9 14" t="ar"/>
		<b id="16" c="4 15" t="ar"/>
		<b id="17" c="15 16" t="ar"/>
		<b id="18" c="16 17" t="1"/>
		<b id="19" c="16 18" t="ar"/>
		<b id="20" c="2 18" t="ar"/>
		<b id="21" c="18 19" t="1"/>
		<b id="22" c="3 20" t="1"/>
		<b id="23" c="6 21" t="1"/>
		<b id="24" c="7 22" t="1"/>
		<b id="25" c="8 23" t="1"/>
		<b id="26" c="15 24" t="1"/>
	</bonds>
	<geometry>
		<g u="A" t="cart/3d">#24,3:-0.8028,0.5322,2.1409;-0.4040,-0.1263,1.0471;-0.3539,-1.5063,1.0648;0.0429,-2.2048,-0.0738;0.0789,-3.6701,-0.0735;-0.1263,-4.4242,-1.2117;-0.0746,-5.8259,-1.1887;0.1889,-6.4926,-0.0272;0.3835,-5.7665,1.0873;0.6483,-6.2256,2.3055;0.7444,-5.1219,3.0288;1.1070,-5.1703,4.8415;0.5586,-3.9813,2.3639;0.3280,-4.3807,1.1180;0.4058,-1.4915,-1.2155;0.3595,-0.1115,-1.2147;0.7194,0.5556,-2.3198;-0.0529,0.5956,-0.0901;-0.1036,1.9312,-0.1010;-0.6151,-2.0293,1.9696;-0.3534,-3.9306,-2.1427;-0.2439,-6.3832,-2.0949;0.2510,-7.5635,0.0734;0.7536,-1.9893,-2.1060;</g>
	</geometry>
	<conformers/>
	<properties/>
</molecule>
