<?xml version="1.0" ?>
<!--MOLLI PACKAGE EXPERIMENTAL XML FORMAT-->
<molecule name="el1213">
	<atoms>
		<a id="1" s="C" t="C.3" l="C"/>
		<a id="2" s="O" t="O.3" l="O"/>
		<a id="3" s="C" t="C.ar" l="C"/>
		<a id="4" s="C" t="C.ar" l="C"/>
		<a id="5" s="C" t="C.ar" l="C"/>
		<a id="6" s="C" t="C.ar" l="C"/>
		<a id="7" s="C" t="C.ar" l="C"/>
		<a id="8" s="C" t="C.3" l="C"/>
		<a id="9" s="N" t="N.am" l="N"/>
		<a id="10" s="C" t="C.2" l="C"/>
		<a id="11" s="O" t="O.2" l="O"/>
		<a id="12" s="C" t="C.ar" l="C"/>
		<a id="13" s="C" t="C.ar" l="C"/>
		<a id="14" s="C" t="C.ar" l="C"/>
		<a id="15" s="C" t="C.ar" l="C"/>
		<a id="16" s="C" t="C.ar" l="C"/>
		<a id="17" s="C" t="C.3" l="C"/>
		<a id="18" s="C" t="C.3" l="C"/>
		<a id="19" s="O" t="O.3" l="O"/>
		<a id="20" s="C" t="C.ar" l="C"/>
		<a id="21" s="C" t="C.ar" l="C"/>
		<a id="22" s="C" t="C.ar" l="C"/>
		<a id="23" s="N" t="N.ar" l="N"/>
		<a id="24" s="C" t="C.ar" l="C"/>
		<a id="25" s="Br" t="Br" l="BR"/>
		<a id="26" s="C" t="C.ar" l="C"/>
		<a id="27" s="C" t="C.ar" l="C"/>
		<a id="28" s="C" t="C.ar" l="C"/>
		<a id="29" s="H" t="H" l="H"/>
		<a id="30" s="H" t="H" l="H"/>
		<a id="31" s="H" t="H" l="H"/>
		<a id="32" s="H" t="H" l="H"/>
		<a id="33" s="H" t="H" l="H"/>
		<a id="34" s="H" t="H" l="H"/>
		<a id="35" s="H" t="H" l="H"/>
		<a id="36" s="H" t="H" l="H"/>
		<a id="37" s="H" t="H" l="H"/>
		<a id="38" s="H" t="H" l="H"/>
		<a id="39" s="H" t="H" l="H"/>
		<a id="40" s="H" t="H" l="H"/>
		<a id="41" s="H" t="H" l="H"/>
		<a id="42" s="H" t="H" l="H"/>
		<a id="43" s="H" t="H" l="H"/>
		<a id="44" s="H" t="H" l="H"/>
		<a id="45" s="H" t="H" l="H"/>
		<a id="46" s="H" t="H" l="H"/>
		<a id="47" s="H" t="H" l="H"/>
		<a id="48" s="H" t="H" l="H"/>
		<a id="49" s="H" t="H" l="H"/>
	</atoms>
	<bonds>
		<b id="1" c="1 2" t="1"/>
		<b id="2" c="2 3" t="1"/>
		<b id="3" c="3 4" t="ar"/>
		<b id="4" c="4 5" t="ar"/>
		<b id="5" c="5 6" t="ar"/>
		<b id="6" c="6 7" t="ar"/>
		<b id="7" c="7 8" t="1"/>
		<b id="8" c="8 9" t="1"/>
		<b id="9" c="9 10" t="am"/>
		<b id="10" c="10 11" t="2"/>
		<b id="11" c="10 12" t="1"/>
		<b id="12" c="12 13" t="ar"/>
		<b id="13" c="13 14" t="ar"/>
		<b id="14" c="14 15" t="ar"/>
		<b id="15" c="15 16" t="ar"/>
		<b id="16" c="16 17" t="1"/>
		<b id="17" c="17 18" t="1"/>
		<b id="18" c="17 19" t="1"/>
		<b id="19" c="19 20" t="1"/>
		<b id="20" c="20 21" t="ar"/>
		<b id="21" c="21 22" t="ar"/>
		<b id="22" c="22 23" t="ar"/>
		<b id="23" c="23 24" t="ar"/>
		<b id="24" c="24 25" t="1"/>
		<b id="25" c="24 26" t="ar"/>
		<b id="26" c="20 26" t="ar"/>
		<b id="27" c="16 27" t="ar"/>
		<b id="28" c="12 27" t="ar"/>
		<b id="29" c="7 28" t="ar"/>
		<b id="30" c="3 28" t="ar"/>
		<b id="31" c="1 29" t="1"/>
		<b id="32" c="1 30" t="1"/>
		<b id="33" c="1 31" t="1"/>
		<b id="34" c="4 32" t="1"/>
		<b id="35" c="5 33" t="1"/>
		<b id="36" c="6 34" t="1"/>
		<b id="37" c="8 35" t="1"/>
		<b id="38" c="8 36" t="1"/>
		<b id="39" c="9 37" t="1"/>
		<b id="40" c="13 38" t="1"/>
		<b id="41" c="14 39" t="1"/>
		<b id="42" c="15 40" t="1"/>
		<b id="43" c="17 41" t="1"/>
		<b id="44" c="18 42" t="1"/>
		<b id="45" c="18 43" t="1"/>
		<b id="46" c="18 44" t="1"/>
		<b id="47" c="21 45" t="1"/>
		<b id="48" c="22 46" t="1"/>
		<b id="49" c="26 47" t="1"/>
		<b id="50" c="27 48" t="1"/>
		<b id="51" c="28 49" t="1"/>
	</bonds>
	<geometry>
		<g u="A" t="cart/3d">#49,3:12.5730,-1.8814,4.7767;11.7609,-2.8823,4.2141;10.8570,-2.5270,3.2582;10.6820,-1.2406,2.7618;9.7314,-1.0084,1.7801;8.9533,-2.0367,1.2868;9.1191,-3.3261,1.7825;8.3139,-4.4591,1.2002;8.8945,-4.9038,-0.0524;8.3904,-4.5294,-1.2531;7.3644,-3.8892,-1.3717;9.1893,-4.9841,-2.4323;9.2000,-4.1771,-3.5657;9.9109,-4.5626,-4.6861;10.6009,-5.7633,-4.6913;10.5847,-6.5834,-3.5719;11.3463,-7.8891,-3.5650;12.6779,-7.7152,-2.8288;10.5238,-8.8513,-2.9079;10.7075,-10.1637,-3.1052;9.8119,-11.0187,-2.4432;9.9409,-12.3797,-2.6053;10.8788,-12.9359,-3.3605;11.7063,-12.1292,-3.9753;13.0347,-12.9734,-5.0425;11.6924,-10.7463,-3.9025;9.8826,-6.1879,-2.4425;10.0694,-3.5648,2.7578;13.1990,-2.3874,5.5100;11.9756,-1.1145,5.2795;13.2113,-1.4090,4.0228;11.2745,-0.4164,3.1270;9.6022,-0.0057,1.4001;8.2177,-1.8521,0.5194;7.2991,-4.1278,0.9673;8.2751,-5.3047,1.8931;9.8246,-5.2885,-0.0084;8.6413,-3.2540,-3.5500;9.9212,-3.9337,-5.5635;11.1462,-6.0670,-5.5731;11.5273,-8.2028,-4.6018;12.4862,-7.4317,-1.7959;13.2596,-6.9305,-3.3058;13.2535,-8.6376,-2.8342;9.0389,-10.5929,-1.8248;9.2724,-13.0732,-2.1136;12.4227,-10.1747,-4.4509;9.8490,-6.8525,-1.5922;10.2189,-4.5556,3.1598;</g>
	</geometry>
	<conformers/>
	<properties/>
</molecule>
