<?xml version="1.0" ?>
<!--MOLLI PACKAGE EXPERIMENTAL XML FORMAT-->
<molecule name="el1335">
	<atoms>
		<a id="1" s="C" t="C.3" l="C"/>
		<a id="2" s="O" t="O.3" l="O"/>
		<a id="3" s="C" t="C.ar" l="C"/>
		<a id="4" s="C" t="C.ar" l="C"/>
		<a id="5" s="C" t="C.ar" l="C"/>
		<a id="6" s="C" t="C.ar" l="C"/>
		<a id="7" s="C" t="C.ar" l="C"/>
		<a id="8" s="Br" t="Br" l="BR"/>
		<a id="9" s="N" t="N.ar" l="N"/>
		<a id="10" s="N" t="N.ar" l="N"/>
		<a id="11" s="C" t="C.3" l="C"/>
		<a id="12" s="C" t="C.3" l="C"/>
		<a id="13" s="C" t="C.3" l="C"/>
		<a id="14" s="C" t="C.3" l="C"/>
		<a id="15" s="C" t="C.3" l="C"/>
		<a id="16" s="O" t="O.3" l="O"/>
		<a id="17" s="C" t="C.ar" l="C"/>
		<a id="18" s="N" t="N.ar" l="N"/>
		<a id="19" s="H" t="H" l="H"/>
		<a id="20" s="H" t="H" l="H"/>
		<a id="21" s="H" t="H" l="H"/>
		<a id="22" s="H" t="H" l="H"/>
		<a id="23" s="H" t="H" l="H"/>
		<a id="24" s="H" t="H" l="H"/>
		<a id="25" s="H" t="H" l="H"/>
		<a id="26" s="H" t="H" l="H"/>
		<a id="27" s="H" t="H" l="H"/>
		<a id="28" s="H" t="H" l="H"/>
		<a id="29" s="H" t="H" l="H"/>
		<a id="30" s="H" t="H" l="H"/>
		<a id="31" s="H" t="H" l="H"/>
		<a id="32" s="H" t="H" l="H"/>
	</atoms>
	<bonds>
		<b id="1" c="1 2" t="1"/>
		<b id="2" c="2 3" t="1"/>
		<b id="3" c="3 4" t="ar"/>
		<b id="4" c="4 5" t="ar"/>
		<b id="5" c="5 6" t="ar"/>
		<b id="6" c="6 7" t="ar"/>
		<b id="7" c="7 8" t="1"/>
		<b id="8" c="7 9" t="ar"/>
		<b id="9" c="9 10" t="ar"/>
		<b id="10" c="10 11" t="1"/>
		<b id="11" c="11 12" t="1"/>
		<b id="12" c="12 13" t="1"/>
		<b id="13" c="13 14" t="1"/>
		<b id="14" c="14 15" t="1"/>
		<b id="15" c="15 16" t="1"/>
		<b id="16" c="11 16" t="1"/>
		<b id="17" c="10 17" t="ar"/>
		<b id="18" c="6 17" t="ar"/>
		<b id="19" c="17 18" t="ar"/>
		<b id="20" c="3 18" t="ar"/>
		<b id="21" c="1 19" t="1"/>
		<b id="22" c="1 20" t="1"/>
		<b id="23" c="1 21" t="1"/>
		<b id="24" c="4 22" t="1"/>
		<b id="25" c="5 23" t="1"/>
		<b id="26" c="11 24" t="1"/>
		<b id="27" c="12 25" t="1"/>
		<b id="28" c="12 26" t="1"/>
		<b id="29" c="13 27" t="1"/>
		<b id="30" c="13 28" t="1"/>
		<b id="31" c="14 29" t="1"/>
		<b id="32" c="14 30" t="1"/>
		<b id="33" c="15 31" t="1"/>
		<b id="34" c="15 32" t="1"/>
	</bonds>
	<geometry>
		<g u="A" t="cart/3d">#32,3:2.9659,0.0100,1.5123;2.4834,-0.2130,0.2005;3.1133,-1.1490,-0.5146;2.6306,-1.3726,-1.8311;3.2268,-2.3085,-2.6315;4.3052,-3.0110,-2.0820;5.2225,-4.0181,-2.4569;5.3235,-4.9107,-4.0968;6.0618,-4.2929,-1.4885;5.7490,-3.4991,-0.4474;6.4197,-3.5620,0.8407;7.9289,-3.3290,0.6956;8.6259,-4.5664,0.1356;8.2527,-5.7714,0.9943;6.7333,-5.9045,1.0144;6.1069,-4.7353,1.5278;4.6934,-2.7104,-0.7541;4.1269,-1.7951,0.0288;2.3189,0.7703,1.9435;4.0004,0.3593,1.4863;2.9218,-0.9095,2.0995;1.7935,-0.7831,-2.1649;2.8885,-2.5020,-3.6383;5.9585,-2.7539,1.4231;8.3220,-3.1070,1.6899;8.0934,-2.4612,0.0558;9.7063,-4.4132,0.1339;8.2966,-4.7374,-0.8899;8.6176,-5.6290,2.0138;8.6899,-6.6848,0.5912;6.4096,-6.7062,1.6809;6.3684,-6.1090,0.0002;</g>
	</geometry>
	<conformers/>
	<properties/>
</molecule>
