<?xml version="1.0" ?>
<!--MOLLI PACKAGE EXPERIMENTAL XML FORMAT-->
<molecule name="el1337">
	<atoms>
		<a id="1" s="C" t="C.3" l="C"/>
		<a id="2" s="O" t="O.3" l="O"/>
		<a id="3" s="C" t="C.ar" l="C"/>
		<a id="4" s="C" t="C.ar" l="C"/>
		<a id="5" s="C" t="C.ar" l="C"/>
		<a id="6" s="C" t="C.ar" l="C"/>
		<a id="7" s="C" t="C.ar" l="C"/>
		<a id="8" s="Br" t="Br" l="BR"/>
		<a id="9" s="N" t="N.ar" l="N"/>
		<a id="10" s="N" t="N.ar" l="N"/>
		<a id="11" s="C" t="C.ar" l="C"/>
		<a id="12" s="C" t="C.ar" l="C"/>
		<a id="13" s="C" t="C.ar" l="C"/>
		<a id="14" s="C" t="C.ar" l="C"/>
		<a id="15" s="C" t="C.ar" l="C"/>
		<a id="16" s="C" t="C.ar" l="C"/>
		<a id="17" s="C" t="C.ar" l="C"/>
		<a id="18" s="N" t="N.ar" l="N"/>
		<a id="19" s="H" t="H" l="H"/>
		<a id="20" s="H" t="H" l="H"/>
		<a id="21" s="H" t="H" l="H"/>
		<a id="22" s="H" t="H" l="H"/>
		<a id="23" s="H" t="H" l="H"/>
		<a id="24" s="H" t="H" l="H"/>
		<a id="25" s="H" t="H" l="H"/>
		<a id="26" s="H" t="H" l="H"/>
		<a id="27" s="H" t="H" l="H"/>
		<a id="28" s="H" t="H" l="H"/>
	</atoms>
	<bonds>
		<b id="1" c="1 2" t="1"/>
		<b id="2" c="2 3" t="1"/>
		<b id="3" c="3 4" t="ar"/>
		<b id="4" c="4 5" t="ar"/>
		<b id="5" c="5 6" t="ar"/>
		<b id="6" c="6 7" t="ar"/>
		<b id="7" c="7 8" t="1"/>
		<b id="8" c="7 9" t="ar"/>
		<b id="9" c="9 10" t="ar"/>
		<b id="10" c="10 11" t="1"/>
		<b id="11" c="11 12" t="ar"/>
		<b id="12" c="12 13" t="ar"/>
		<b id="13" c="13 14" t="ar"/>
		<b id="14" c="14 15" t="ar"/>
		<b id="15" c="15 16" t="ar"/>
		<b id="16" c="11 16" t="ar"/>
		<b id="17" c="10 17" t="ar"/>
		<b id="18" c="6 17" t="ar"/>
		<b id="19" c="17 18" t="ar"/>
		<b id="20" c="3 18" t="ar"/>
		<b id="21" c="1 19" t="1"/>
		<b id="22" c="1 20" t="1"/>
		<b id="23" c="1 21" t="1"/>
		<b id="24" c="4 22" t="1"/>
		<b id="25" c="5 23" t="1"/>
		<b id="26" c="12 24" t="1"/>
		<b id="27" c="13 25" t="1"/>
		<b id="28" c="14 26" t="1"/>
		<b id="29" c="15 27" t="1"/>
		<b id="30" c="16 28" t="1"/>
	</bonds>
	<geometry>
		<g u="A" t="cart/3d">#28,3:2.7817,1.4165,-0.2656;2.3559,0.1368,0.1628;3.1117,-0.4689,1.0834;2.6934,-1.7581,1.5005;3.4250,-2.4418,2.4331;4.5670,-1.8057,2.9293;5.6042,-2.0761,3.8517;5.8286,-3.6221,4.8762;6.4504,-1.0821,3.9278;6.0309,-0.1200,3.0820;6.7599,1.0697,2.9656;7.9438,1.2043,3.6847;8.6754,2.3718,3.5841;8.2360,3.4055,2.7730;7.0568,3.2661,2.0604;6.3132,2.1035,2.1504;4.8907,-0.5124,2.4500;4.1813,0.1539,1.5400;2.0667,1.7316,-1.0221;3.7870,1.3650,-0.6900;2.7856,2.1209,0.5695;1.7990,-2.1648,1.0600;3.1436,-3.4262,2.7755;8.2709,0.3909,4.3116;9.5940,2.4743,4.1419;8.8104,4.3164,2.6970;6.7094,4.0697,1.4281;5.3955,1.9873,1.5992;</g>
	</geometry>
	<conformers/>
	<properties/>
</molecule>
