<?xml version="1.0" ?>
<!--MOLLI PACKAGE EXPERIMENTAL XML FORMAT-->
<molecule name="el1346">
	<atoms>
		<a id="1" s="C" t="C.3" l="C"/>
		<a id="2" s="C" t="C.ar" l="C"/>
		<a id="3" s="C" t="C.ar" l="C"/>
		<a id="4" s="C" t="C.ar" l="C"/>
		<a id="5" s="C" t="C.ar" l="C"/>
		<a id="6" s="C" t="C.ar" l="C"/>
		<a id="7" s="C" t="C.ar" l="C"/>
		<a id="8" s="C" t="C.ar" l="C"/>
		<a id="9" s="N" t="N.ar" l="N"/>
		<a id="10" s="C" t="C.ar" l="C"/>
		<a id="11" s="C" t="C.ar" l="C"/>
		<a id="12" s="C" t="C.ar" l="C"/>
		<a id="13" s="Br" t="Br" l="BR"/>
		<a id="14" s="C" t="C.ar" l="C"/>
		<a id="15" s="C" t="C.ar" l="C"/>
		<a id="16" s="C" t="C.ar" l="C"/>
		<a id="17" s="O" t="O.2" l="O"/>
		<a id="18" s="H" t="H" l="H"/>
		<a id="19" s="H" t="H" l="H"/>
		<a id="20" s="H" t="H" l="H"/>
		<a id="21" s="H" t="H" l="H"/>
		<a id="22" s="H" t="H" l="H"/>
		<a id="23" s="H" t="H" l="H"/>
		<a id="24" s="H" t="H" l="H"/>
		<a id="25" s="H" t="H" l="H"/>
		<a id="26" s="H" t="H" l="H"/>
		<a id="27" s="H" t="H" l="H"/>
	</atoms>
	<bonds>
		<b id="1" c="1 2" t="1"/>
		<b id="2" c="2 3" t="ar"/>
		<b id="3" c="3 4" t="ar"/>
		<b id="4" c="4 5" t="ar"/>
		<b id="5" c="5 6" t="ar"/>
		<b id="6" c="6 7" t="ar"/>
		<b id="7" c="2 7" t="ar"/>
		<b id="8" c="7 8" t="1"/>
		<b id="9" c="8 9" t="ar"/>
		<b id="10" c="9 10" t="ar"/>
		<b id="11" c="10 11" t="ar"/>
		<b id="12" c="11 12" t="ar"/>
		<b id="13" c="12 13" t="1"/>
		<b id="14" c="12 14" t="ar"/>
		<b id="15" c="14 15" t="ar"/>
		<b id="16" c="15 16" t="ar"/>
		<b id="17" c="10 16" t="ar"/>
		<b id="18" c="16 17" t="ar"/>
		<b id="19" c="8 17" t="ar"/>
		<b id="20" c="1 18" t="1"/>
		<b id="21" c="1 19" t="1"/>
		<b id="22" c="1 20" t="1"/>
		<b id="23" c="3 21" t="1"/>
		<b id="24" c="4 22" t="1"/>
		<b id="25" c="5 23" t="1"/>
		<b id="26" c="6 24" t="1"/>
		<b id="27" c="11 25" t="1"/>
		<b id="28" c="14 26" t="1"/>
		<b id="29" c="15 27" t="1"/>
	</bonds>
	<geometry>
		<g u="A" t="cart/3d">#27,3:2.5150,-0.0503,-0.0082;1.0240,-0.0586,-0.0021;0.3236,1.1387,0.0711;-1.0589,1.1742,0.0814;-1.7813,-0.0070,0.0167;-1.1119,-1.2096,-0.0592;0.2857,-1.2523,-0.0695;0.9271,-2.5461,-0.1539;2.1992,-2.8012,-0.1255;2.3052,-4.1605,-0.2388;3.4158,-4.9934,-0.2672;3.1603,-6.3427,-0.3976;4.6317,-7.5520,-0.4446;1.8734,-6.8720,-0.4976;0.7642,-6.0479,-0.4685;1.0011,-4.6927,-0.3375;0.1363,-3.6557,-0.2806;2.8931,0.9685,0.0197;2.8935,-0.5536,-0.8951;2.8982,-0.6019,0.8477;0.8779,2.0648,0.1209;-1.5734,2.1219,0.1387;-2.8605,0.0124,0.0250;-1.6637,-2.1359,-0.1100;4.4154,-4.5994,-0.1912;1.7475,-7.9386,-0.5991;-0.2348,-6.4443,-0.5452;</g>
	</geometry>
	<conformers/>
	<properties/>
</molecule>
