<?xml version="1.0" ?>
<!--MOLLI PACKAGE EXPERIMENTAL XML FORMAT-->
<molecule name="el1215">
	<atoms>
		<a id="1" s="C" t="C.3" l="C"/>
		<a id="2" s="N" t="N.am" l="N"/>
		<a id="3" s="C" t="C.2" l="C"/>
		<a id="4" s="O" t="O.2" l="O"/>
		<a id="5" s="C" t="C.ar" l="C"/>
		<a id="6" s="C" t="C.ar" l="C"/>
		<a id="7" s="C" t="C.ar" l="C"/>
		<a id="8" s="C" t="C.ar" l="C"/>
		<a id="9" s="Br" t="Br" l="BR"/>
		<a id="10" s="C" t="C.ar" l="C"/>
		<a id="11" s="N" t="N.ar" l="N"/>
		<a id="12" s="H" t="H" l="H"/>
		<a id="13" s="H" t="H" l="H"/>
		<a id="14" s="H" t="H" l="H"/>
		<a id="15" s="H" t="H" l="H"/>
		<a id="16" s="H" t="H" l="H"/>
		<a id="17" s="H" t="H" l="H"/>
		<a id="18" s="H" t="H" l="H"/>
	</atoms>
	<bonds>
		<b id="1" c="1 2" t="1"/>
		<b id="2" c="2 3" t="am"/>
		<b id="3" c="3 4" t="2"/>
		<b id="4" c="3 5" t="1"/>
		<b id="5" c="5 6" t="ar"/>
		<b id="6" c="6 7" t="ar"/>
		<b id="7" c="7 8" t="ar"/>
		<b id="8" c="8 9" t="1"/>
		<b id="9" c="8 10" t="ar"/>
		<b id="10" c="10 11" t="ar"/>
		<b id="11" c="5 11" t="ar"/>
		<b id="12" c="1 12" t="1"/>
		<b id="13" c="1 13" t="1"/>
		<b id="14" c="1 14" t="1"/>
		<b id="15" c="2 15" t="1"/>
		<b id="16" c="6 16" t="1"/>
		<b id="17" c="7 17" t="1"/>
		<b id="18" c="10 18" t="1"/>
	</bonds>
	<geometry>
		<g u="A" t="cart/3d">#18,3:1.1307,-2.2438,1.0199;2.5548,-2.0170,0.9859;3.0800,-0.7836,0.8952;2.4272,0.2408,0.8364;4.5813,-0.7810,0.8737;5.2677,0.4276,0.7986;6.6506,0.4078,0.7806;7.2818,-0.8261,0.8386;9.1767,-0.9420,0.8167;6.5174,-1.9844,0.9124;5.2020,-1.9570,0.9292;0.9338,-3.3091,1.0957;0.6652,-1.8483,0.1147;0.6893,-1.7277,1.8750;3.2005,-2.7910,1.0223;4.7067,1.3478,0.7571;7.2255,1.3199,0.7237;6.9805,-2.9609,0.9580;</g>
	</geometry>
	<conformers/>
	<properties/>
</molecule>
