<?xml version="1.0" ?>
<!--MOLLI PACKAGE EXPERIMENTAL XML FORMAT-->
<molecule name="el1350">
	<atoms>
		<a id="1" s="C" t="C.3" l="C"/>
		<a id="2" s="O" t="O.3" l="O"/>
		<a id="3" s="C" t="C.2" l="C"/>
		<a id="4" s="O" t="O.2" l="O"/>
		<a id="5" s="C" t="C.ar" l="C"/>
		<a id="6" s="C" t="C.ar" l="C"/>
		<a id="7" s="C" t="C.ar" l="C"/>
		<a id="8" s="Br" t="Br" l="BR"/>
		<a id="9" s="C" t="C.ar" l="C"/>
		<a id="10" s="C" t="C.ar" l="C"/>
		<a id="11" s="C" t="C.ar" l="C"/>
		<a id="12" s="C" t="C.ar" l="C"/>
		<a id="13" s="N" t="N.ar" l="N"/>
		<a id="14" s="N" t="N.ar" l="N"/>
		<a id="15" s="C" t="C.3" l="C"/>
		<a id="16" s="C" t="C.3" l="C"/>
		<a id="17" s="C" t="C.3" l="C"/>
		<a id="18" s="H" t="H" l="H"/>
		<a id="19" s="H" t="H" l="H"/>
		<a id="20" s="H" t="H" l="H"/>
		<a id="21" s="H" t="H" l="H"/>
		<a id="22" s="H" t="H" l="H"/>
		<a id="23" s="H" t="H" l="H"/>
		<a id="24" s="H" t="H" l="H"/>
		<a id="25" s="H" t="H" l="H"/>
		<a id="26" s="H" t="H" l="H"/>
		<a id="27" s="H" t="H" l="H"/>
		<a id="28" s="H" t="H" l="H"/>
		<a id="29" s="H" t="H" l="H"/>
		<a id="30" s="H" t="H" l="H"/>
	</atoms>
	<bonds>
		<b id="1" c="1 2" t="1"/>
		<b id="2" c="2 3" t="1"/>
		<b id="3" c="3 4" t="2"/>
		<b id="4" c="3 5" t="1"/>
		<b id="5" c="5 6" t="ar"/>
		<b id="6" c="6 7" t="ar"/>
		<b id="7" c="7 8" t="1"/>
		<b id="8" c="7 9" t="ar"/>
		<b id="9" c="9 10" t="ar"/>
		<b id="10" c="10 11" t="ar"/>
		<b id="11" c="5 11" t="ar"/>
		<b id="12" c="11 12" t="ar"/>
		<b id="13" c="12 13" t="ar"/>
		<b id="14" c="13 14" t="ar"/>
		<b id="15" c="10 14" t="ar"/>
		<b id="16" c="14 15" t="1"/>
		<b id="17" c="15 16" t="1"/>
		<b id="18" c="15 17" t="1"/>
		<b id="19" c="1 18" t="1"/>
		<b id="20" c="1 19" t="1"/>
		<b id="21" c="1 20" t="1"/>
		<b id="22" c="6 21" t="1"/>
		<b id="23" c="9 22" t="1"/>
		<b id="24" c="12 23" t="1"/>
		<b id="25" c="15 24" t="1"/>
		<b id="26" c="16 25" t="1"/>
		<b id="27" c="16 26" t="1"/>
		<b id="28" c="16 27" t="1"/>
		<b id="29" c="17 28" t="1"/>
		<b id="30" c="17 29" t="1"/>
		<b id="31" c="17 30" t="1"/>
	</bonds>
	<geometry>
		<g u="A" t="cart/3d">#30,3:1.0536,-0.1172,-0.9342;2.4721,-0.0851,-0.9137;3.0264,1.1183,-0.7000;2.3791,2.1218,-0.5307;4.5063,1.0619,-0.6992;5.1925,-0.1139,-0.9385;6.5897,-0.1349,-0.9341;7.4640,-1.7945,-1.2719;7.3613,0.9811,-0.6997;6.6762,2.1695,-0.4583;5.2543,2.2261,-0.4537;4.9686,3.5833,-0.1727;6.0773,4.2615,-0.0275;7.1081,3.4268,-0.1966;8.4631,3.9228,-0.0893;8.6884,5.0046,-1.1430;8.6949,4.4591,1.3216;0.7743,-1.1645,-1.0173;0.6743,0.4493,-1.7875;0.6508,0.3183,-0.0175;4.6457,-1.0230,-1.1306;8.4385,0.9253,-0.7054;4.0110,4.0516,-0.0799;9.1315,3.0765,-0.2782;7.9835,5.8162,-0.9845;8.5369,4.6010,-2.1417;9.7007,5.3920,-1.0724;7.9988,5.2697,1.5198;9.7112,4.8297,1.4196;8.5360,3.6746,2.0581;</g>
	</geometry>
	<conformers/>
	<properties/>
</molecule>
