<?xml version="1.0" ?>
<!--MOLLI PACKAGE EXPERIMENTAL XML FORMAT-->
<molecule name="el1352">
	<atoms>
		<a id="1" s="O" t="O.2" l="O"/>
		<a id="2" s="N" t="N.pl3" l="N"/>
		<a id="3" s="O" t="O.co2" l="O"/>
		<a id="4" s="C" t="C.ar" l="C"/>
		<a id="5" s="C" t="C.ar" l="C"/>
		<a id="6" s="C" t="C.3" l="C"/>
		<a id="7" s="S" t="S.O2" l="S"/>
		<a id="8" s="O" t="O.2" l="O"/>
		<a id="9" s="O" t="O.2" l="O"/>
		<a id="10" s="C" t="C.ar" l="C"/>
		<a id="11" s="C" t="C.ar" l="C"/>
		<a id="12" s="C" t="C.ar" l="C"/>
		<a id="13" s="C" t="C.ar" l="C"/>
		<a id="14" s="C" t="C.ar" l="C"/>
		<a id="15" s="C" t="C.ar" l="C"/>
		<a id="16" s="N" t="N.ar" l="N"/>
		<a id="17" s="C" t="C.ar" l="C"/>
		<a id="18" s="C" t="C.ar" l="C"/>
		<a id="19" s="C" t="C.ar" l="C"/>
		<a id="20" s="Br" t="Br" l="BR"/>
		<a id="21" s="C" t="C.ar" l="C"/>
		<a id="22" s="C" t="C.ar" l="C"/>
		<a id="23" s="N" t="N.ar" l="N"/>
		<a id="24" s="H" t="H" l="H"/>
		<a id="25" s="H" t="H" l="H"/>
		<a id="26" s="H" t="H" l="H"/>
		<a id="27" s="H" t="H" l="H"/>
		<a id="28" s="H" t="H" l="H"/>
		<a id="29" s="H" t="H" l="H"/>
		<a id="30" s="H" t="H" l="H"/>
		<a id="31" s="H" t="H" l="H"/>
		<a id="32" s="H" t="H" l="H"/>
		<a id="33" s="H" t="H" l="H"/>
	</atoms>
	<bonds>
		<b id="1" c="1 2" t="2"/>
		<b id="2" c="2 3" t="1"/>
		<b id="3" c="2 4" t="1"/>
		<b id="4" c="4 5" t="ar"/>
		<b id="5" c="5 6" t="1"/>
		<b id="6" c="6 7" t="1"/>
		<b id="7" c="7 8" t="2"/>
		<b id="8" c="7 9" t="2"/>
		<b id="9" c="7 10" t="1"/>
		<b id="10" c="10 11" t="ar"/>
		<b id="11" c="11 12" t="ar"/>
		<b id="12" c="12 13" t="ar"/>
		<b id="13" c="13 14" t="ar"/>
		<b id="14" c="14 15" t="ar"/>
		<b id="15" c="10 15" t="ar"/>
		<b id="16" c="5 16" t="ar"/>
		<b id="17" c="16 17" t="ar"/>
		<b id="18" c="17 18" t="ar"/>
		<b id="19" c="18 19" t="ar"/>
		<b id="20" c="19 20" t="1"/>
		<b id="21" c="19 21" t="ar"/>
		<b id="22" c="21 22" t="ar"/>
		<b id="23" c="22 23" t="ar"/>
		<b id="24" c="4 23" t="ar"/>
		<b id="25" c="17 23" t="ar"/>
		<b id="26" c="6 24" t="1"/>
		<b id="27" c="6 25" t="1"/>
		<b id="28" c="11 26" t="1"/>
		<b id="29" c="12 27" t="1"/>
		<b id="30" c="13 28" t="1"/>
		<b id="31" c="14 29" t="1"/>
		<b id="32" c="15 30" t="1"/>
		<b id="33" c="18 31" t="1"/>
		<b id="34" c="21 32" t="1"/>
		<b id="35" c="22 33" t="1"/>
	</bonds>
	<geometry>
		<g u="A" t="cart/3d">#33,3:2.3757,3.5684,-1.6225;1.9933,3.3082,-0.4984;0.9979,3.7834,0.0235;2.7731,2.4287,0.2587;3.9003,1.6820,-0.1252;4.3793,1.4410,-1.4807;3.3380,-0.0101,-2.0183;1.9684,0.3297,-1.7519;3.7200,-0.3662,-3.3530;3.8428,-1.2911,-0.8682;3.0057,-1.6215,0.1784;3.4287,-2.5546,1.1098;4.6784,-3.1402,0.9788;5.5035,-2.8084,-0.0845;5.0855,-1.8732,-1.0164;4.3727,0.9926,0.9202;3.5841,1.2708,1.9525;3.6496,0.7843,3.2591;2.6919,1.1996,4.1487;2.7165,0.5599,5.9293;1.6766,2.0945,3.7603;1.6335,2.5587,2.4788;2.5694,2.1519,1.5929;5.4122,1.1145,-1.5138;4.1642,2.2507,-2.1712;2.0373,-1.1495,0.2393;2.7869,-2.8232,1.9354;5.0099,-3.8635,1.7088;6.4718,-3.2751,-0.1845;5.6989,-1.6007,-1.8609;4.4382,0.0997,3.5207;0.9312,2.4091,4.4715;0.8758,3.2380,2.1185;</g>
	</geometry>
	<conformers/>
	<properties/>
</molecule>
