<?xml version="1.0" ?>
<!--MOLLI PACKAGE EXPERIMENTAL XML FORMAT-->
<molecule name="el1353">
	<atoms>
		<a id="1" s="C" t="C.3" l="C"/>
		<a id="2" s="S" t="S.O2" l="S"/>
		<a id="3" s="O" t="O.2" l="O"/>
		<a id="4" s="O" t="O.2" l="O"/>
		<a id="5" s="C" t="C.3" l="C"/>
		<a id="6" s="C" t="C.ar" l="C"/>
		<a id="7" s="N" t="N.ar" l="N"/>
		<a id="8" s="C" t="C.ar" l="C"/>
		<a id="9" s="C" t="C.ar" l="C"/>
		<a id="10" s="C" t="C.ar" l="C"/>
		<a id="11" s="Br" t="Br" l="BR"/>
		<a id="12" s="C" t="C.ar" l="C"/>
		<a id="13" s="C" t="C.ar" l="C"/>
		<a id="14" s="N" t="N.ar" l="N"/>
		<a id="15" s="C" t="C.ar" l="C"/>
		<a id="16" s="N" t="N.pl3" l="N"/>
		<a id="17" s="O" t="O.2" l="O"/>
		<a id="18" s="O" t="O.co2" l="O"/>
		<a id="19" s="H" t="H" l="H"/>
		<a id="20" s="H" t="H" l="H"/>
		<a id="21" s="H" t="H" l="H"/>
		<a id="22" s="H" t="H" l="H"/>
		<a id="23" s="H" t="H" l="H"/>
		<a id="24" s="H" t="H" l="H"/>
		<a id="25" s="H" t="H" l="H"/>
		<a id="26" s="H" t="H" l="H"/>
	</atoms>
	<bonds>
		<b id="1" c="1 2" t="1"/>
		<b id="2" c="2 3" t="2"/>
		<b id="3" c="2 4" t="2"/>
		<b id="4" c="2 5" t="1"/>
		<b id="5" c="5 6" t="1"/>
		<b id="6" c="6 7" t="ar"/>
		<b id="7" c="7 8" t="ar"/>
		<b id="8" c="8 9" t="ar"/>
		<b id="9" c="9 10" t="ar"/>
		<b id="10" c="10 11" t="1"/>
		<b id="11" c="10 12" t="ar"/>
		<b id="12" c="12 13" t="ar"/>
		<b id="13" c="13 14" t="ar"/>
		<b id="14" c="8 14" t="ar"/>
		<b id="15" c="14 15" t="ar"/>
		<b id="16" c="6 15" t="ar"/>
		<b id="17" c="15 16" t="1"/>
		<b id="18" c="16 17" t="2"/>
		<b id="19" c="16 18" t="1"/>
		<b id="20" c="1 19" t="1"/>
		<b id="21" c="1 20" t="1"/>
		<b id="22" c="1 21" t="1"/>
		<b id="23" c="5 22" t="1"/>
		<b id="24" c="5 23" t="1"/>
		<b id="25" c="9 24" t="1"/>
		<b id="26" c="12 25" t="1"/>
		<b id="27" c="13 26" t="1"/>
	</bonds>
	<geometry>
		<g u="A" t="cart/3d">#26,3:3.6185,1.0052,1.7436;3.2403,0.0383,0.2601;4.2423,-0.9776,0.0992;1.8652,-0.3594,0.2931;3.4801,1.2745,-1.1020;4.9319,1.3168,-1.2639;5.7149,2.0024,-0.4230;6.9728,1.6992,-0.7325;8.1541,2.1613,-0.1499;9.3434,1.6894,-0.6447;10.9788,2.2786,0.1011;9.3727,0.7658,-1.7067;8.2057,0.3299,-2.2610;7.0296,0.7934,-1.7840;5.7202,0.5472,-2.1351;5.3257,-0.3018,-3.1725;4.1392,-0.3481,-3.4372;6.1911,-0.9248,-3.7649;3.7808,0.3103,2.5577;2.7691,1.6424,1.9471;4.5143,1.5782,1.5375;3.0628,2.2102,-0.7485;2.9652,0.8927,-1.9785;8.0979,2.8662,0.6621;10.3151,0.4008,-2.0798;8.1636,-0.3812,-3.0719;</g>
	</geometry>
	<conformers/>
	<properties/>
</molecule>
