<?xml version="1.0" ?>
<!--MOLLI PACKAGE EXPERIMENTAL XML FORMAT-->
<molecule name="el1354">
	<atoms>
		<a id="1" s="C" t="C.3" l="C"/>
		<a id="2" s="C" t="C.3" l="C"/>
		<a id="3" s="C" t="C.ar" l="C"/>
		<a id="4" s="N" t="N.ar" l="N"/>
		<a id="5" s="C" t="C.ar" l="C"/>
		<a id="6" s="C" t="C.1" l="C"/>
		<a id="7" s="N" t="N.1" l="N"/>
		<a id="8" s="C" t="C.ar" l="C"/>
		<a id="9" s="Br" t="Br" l="BR"/>
		<a id="10" s="N" t="N.ar" l="N"/>
		<a id="11" s="C" t="C.ar" l="C"/>
		<a id="12" s="N" t="N.pl3" l="N"/>
		<a id="13" s="C" t="C.3" l="C"/>
		<a id="14" s="C" t="C.3" l="C"/>
		<a id="15" s="C" t="C.3" l="C"/>
		<a id="16" s="O" t="O.3" l="O"/>
		<a id="17" s="C" t="C.3" l="C"/>
		<a id="18" s="C" t="C.3" l="C"/>
		<a id="19" s="H" t="H" l="H"/>
		<a id="20" s="H" t="H" l="H"/>
		<a id="21" s="H" t="H" l="H"/>
		<a id="22" s="H" t="H" l="H"/>
		<a id="23" s="H" t="H" l="H"/>
		<a id="24" s="H" t="H" l="H"/>
		<a id="25" s="H" t="H" l="H"/>
		<a id="26" s="H" t="H" l="H"/>
		<a id="27" s="H" t="H" l="H"/>
		<a id="28" s="H" t="H" l="H"/>
		<a id="29" s="H" t="H" l="H"/>
		<a id="30" s="H" t="H" l="H"/>
		<a id="31" s="H" t="H" l="H"/>
		<a id="32" s="H" t="H" l="H"/>
		<a id="33" s="H" t="H" l="H"/>
	</atoms>
	<bonds>
		<b id="1" c="1 2" t="1"/>
		<b id="2" c="2 3" t="1"/>
		<b id="3" c="3 4" t="ar"/>
		<b id="4" c="4 5" t="ar"/>
		<b id="5" c="5 6" t="1"/>
		<b id="6" c="6 7" t="3"/>
		<b id="7" c="5 8" t="ar"/>
		<b id="8" c="8 9" t="1"/>
		<b id="9" c="8 10" t="ar"/>
		<b id="10" c="10 11" t="ar"/>
		<b id="11" c="3 11" t="ar"/>
		<b id="12" c="11 12" t="1"/>
		<b id="13" c="12 13" t="1"/>
		<b id="14" c="13 14" t="1"/>
		<b id="15" c="14 15" t="1"/>
		<b id="16" c="15 16" t="1"/>
		<b id="17" c="16 17" t="1"/>
		<b id="18" c="17 18" t="1"/>
		<b id="19" c="13 18" t="1"/>
		<b id="20" c="1 19" t="1"/>
		<b id="21" c="1 20" t="1"/>
		<b id="22" c="1 21" t="1"/>
		<b id="23" c="2 22" t="1"/>
		<b id="24" c="2 23" t="1"/>
		<b id="25" c="12 24" t="1"/>
		<b id="26" c="13 25" t="1"/>
		<b id="27" c="14 26" t="1"/>
		<b id="28" c="14 27" t="1"/>
		<b id="29" c="15 28" t="1"/>
		<b id="30" c="15 29" t="1"/>
		<b id="31" c="17 30" t="1"/>
		<b id="32" c="17 31" t="1"/>
		<b id="33" c="18 32" t="1"/>
		<b id="34" c="18 33" t="1"/>
	</bonds>
	<geometry>
		<g u="A" t="cart/3d">#33,3:2.4375,-2.3521,-4.6749;3.5728,-2.8399,-3.7712;3.2887,-2.5288,-2.3328;2.8875,-3.5149,-1.5754;2.5785,-3.2998,-0.2879;2.1457,-4.3913,0.4975;1.7854,-5.2563,1.1575;2.6978,-2.0075,0.2225;2.2861,-1.5977,2.0309;3.1080,-0.9984,-0.5097;3.4107,-1.2122,-1.7919;3.7959,-0.1569,-2.5278;3.9920,1.1662,-1.9752;3.6344,2.2290,-3.0134;3.9080,3.6166,-2.4245;5.2480,3.7556,-2.0211;5.5951,2.8243,-1.0234;5.4385,1.3832,-1.5149;2.6643,-2.5792,-5.7136;2.2846,-1.2790,-4.5783;1.5109,-2.8539,-4.4071;4.5200,-2.3855,-4.0754;3.6658,-3.9222,-3.8634;4.1612,-0.3283,-3.4512;3.3262,1.2437,-1.1097;2.5857,2.1499,-3.3012;4.2554,2.0935,-3.9022;3.2365,3.7890,-1.5689;3.7381,4.3946,-3.1712;4.9676,2.9764,-0.1316;6.6345,3.0358,-0.7664;5.6866,0.6891,-0.7120;6.1183,1.2133,-2.3530;</g>
	</geometry>
	<conformers/>
	<properties/>
</molecule>
