<?xml version="1.0" ?>
<!--MOLLI PACKAGE EXPERIMENTAL XML FORMAT-->
<molecule name="el1356">
	<atoms>
		<a id="1" s="Br" t="Br" l="BR"/>
		<a id="2" s="C" t="C.ar" l="C"/>
		<a id="3" s="C" t="C.ar" l="C"/>
		<a id="4" s="C" t="C.ar" l="C"/>
		<a id="5" s="C" t="C.ar" l="C"/>
		<a id="6" s="C" t="C.ar" l="C"/>
		<a id="7" s="C" t="C.ar" l="C"/>
		<a id="8" s="C" t="C.ar" l="C"/>
		<a id="9" s="C" t="C.ar" l="C"/>
		<a id="10" s="C" t="C.ar" l="C"/>
		<a id="11" s="C" t="C.ar" l="C"/>
		<a id="12" s="C" t="C.ar" l="C"/>
		<a id="13" s="C" t="C.ar" l="C"/>
		<a id="14" s="C" t="C.ar" l="C"/>
		<a id="15" s="C" t="C.ar" l="C"/>
		<a id="16" s="C" t="C.ar" l="C"/>
		<a id="17" s="N" t="N.ar" l="N"/>
		<a id="18" s="N" t="N.ar" l="N"/>
		<a id="19" s="N" t="N.ar" l="N"/>
		<a id="20" s="H" t="H" l="H"/>
		<a id="21" s="H" t="H" l="H"/>
		<a id="22" s="H" t="H" l="H"/>
		<a id="23" s="H" t="H" l="H"/>
		<a id="24" s="H" t="H" l="H"/>
		<a id="25" s="H" t="H" l="H"/>
		<a id="26" s="H" t="H" l="H"/>
		<a id="27" s="H" t="H" l="H"/>
		<a id="28" s="H" t="H" l="H"/>
		<a id="29" s="H" t="H" l="H"/>
	</atoms>
	<bonds>
		<b id="1" c="1 2" t="1"/>
		<b id="2" c="2 3" t="ar"/>
		<b id="3" c="3 4" t="ar"/>
		<b id="4" c="4 5" t="ar"/>
		<b id="5" c="5 6" t="ar"/>
		<b id="6" c="6 7" t="1"/>
		<b id="7" c="7 8" t="ar"/>
		<b id="8" c="8 9" t="ar"/>
		<b id="9" c="9 10" t="ar"/>
		<b id="10" c="10 11" t="ar"/>
		<b id="11" c="11 12" t="1"/>
		<b id="12" c="12 13" t="ar"/>
		<b id="13" c="13 14" t="ar"/>
		<b id="14" c="14 15" t="ar"/>
		<b id="15" c="15 16" t="ar"/>
		<b id="16" c="16 17" t="ar"/>
		<b id="17" c="12 17" t="ar"/>
		<b id="18" c="11 18" t="ar"/>
		<b id="19" c="7 18" t="ar"/>
		<b id="20" c="6 19" t="ar"/>
		<b id="21" c="2 19" t="ar"/>
		<b id="22" c="3 20" t="1"/>
		<b id="23" c="4 21" t="1"/>
		<b id="24" c="5 22" t="1"/>
		<b id="25" c="8 23" t="1"/>
		<b id="26" c="9 24" t="1"/>
		<b id="27" c="10 25" t="1"/>
		<b id="28" c="13 26" t="1"/>
		<b id="29" c="14 27" t="1"/>
		<b id="30" c="15 28" t="1"/>
		<b id="31" c="16 29" t="1"/>
	</bonds>
	<geometry>
		<g u="A" t="cart/3d">#29,3:-2.5282,1.9852,-2.3256;-2.0537,0.8256,-0.8912;-1.1400,1.2509,0.0608;-0.8392,0.3549,1.0753;-1.4506,-0.8865,1.0894;-2.3580,-1.2039,0.0776;-3.0454,-2.5008,0.0414;-3.9381,-2.8042,-0.9876;-4.5667,-4.0376,-0.9720;-4.2873,-4.9186,0.0565;-3.3761,-4.5303,1.0430;-3.0474,-5.4378,2.1521;-2.1405,-5.0606,3.1434;-1.8628,-5.9503,4.1645;-2.4958,-7.1841,4.1668;-3.3826,-7.4646,3.1369;-3.6535,-6.6237,2.1590;-2.7736,-3.3473,1.0290;-2.6426,-0.3416,-0.8965;-0.6929,2.2303,0.0053;-0.1337,0.6300,1.8456;-1.2494,-1.6152,1.8562;-4.1164,-2.0775,-1.7629;-5.2649,-4.3063,-1.7516;-4.7448,-5.8917,0.1253;-1.6792,-4.0884,3.0905;-1.1645,-5.6891,4.9471;-2.3080,-7.9086,4.9439;-3.9040,-8.4124,3.0910;</g>
	</geometry>
	<conformers/>
	<properties/>
</molecule>
