<?xml version="1.0" ?>
<!--MOLLI PACKAGE EXPERIMENTAL XML FORMAT-->
<molecule name="el1357">
	<atoms>
		<a id="1" s="F" t="F" l="F"/>
		<a id="2" s="C" t="C.ar" l="C"/>
		<a id="3" s="C" t="C.ar" l="C"/>
		<a id="4" s="C" t="C.ar" l="C"/>
		<a id="5" s="F" t="F" l="F"/>
		<a id="6" s="C" t="C.ar" l="C"/>
		<a id="7" s="N" t="N.ar" l="N"/>
		<a id="8" s="C" t="C.ar" l="C"/>
		<a id="9" s="C" t="C.ar" l="C"/>
		<a id="10" s="C" t="C.ar" l="C"/>
		<a id="11" s="Br" t="Br" l="BR"/>
		<a id="12" s="C" t="C.ar" l="C"/>
		<a id="13" s="C" t="C.ar" l="C"/>
		<a id="14" s="H" t="H" l="H"/>
		<a id="15" s="H" t="H" l="H"/>
		<a id="16" s="H" t="H" l="H"/>
		<a id="17" s="H" t="H" l="H"/>
	</atoms>
	<bonds>
		<b id="1" c="1 2" t="1"/>
		<b id="2" c="2 3" t="ar"/>
		<b id="3" c="3 4" t="ar"/>
		<b id="4" c="4 5" t="1"/>
		<b id="5" c="4 6" t="ar"/>
		<b id="6" c="6 7" t="ar"/>
		<b id="7" c="7 8" t="ar"/>
		<b id="8" c="8 9" t="ar"/>
		<b id="9" c="9 10" t="ar"/>
		<b id="10" c="10 11" t="1"/>
		<b id="11" c="10 12" t="ar"/>
		<b id="12" c="6 12" t="ar"/>
		<b id="13" c="12 13" t="ar"/>
		<b id="14" c="2 13" t="ar"/>
		<b id="15" c="3 14" t="1"/>
		<b id="16" c="8 15" t="1"/>
		<b id="17" c="9 16" t="1"/>
		<b id="18" c="13 17" t="1"/>
	</bonds>
	<geometry>
		<g u="A" t="cart/3d">#17,3:1.0781,-0.0317,-0.0532;2.4183,0.0189,-0.0508;3.1191,-1.1935,-0.0490;4.4858,-1.1541,-0.0465;5.1723,-2.2998,-0.0447;5.2054,0.0663,-0.0459;6.5466,0.0360,-0.0435;7.1997,1.1605,-0.0430;6.5791,2.4226,-0.0445;5.2113,2.4712,-0.0468;4.3377,4.1635,-0.0491;4.4500,1.2792,-0.0477;3.0454,1.2341,-0.0502;2.5881,-2.1316,-0.0494;8.2782,1.0866,-0.0410;7.1721,3.3230,-0.0438;2.4650,2.1437,-0.0517;</g>
	</geometry>
	<conformers/>
	<properties/>
</molecule>
