<?xml version="1.0" ?>
<!--MOLLI PACKAGE EXPERIMENTAL XML FORMAT-->
<molecule name="el1359">
	<atoms>
		<a id="1" s="C" t="C.3" l="C"/>
		<a id="2" s="C" t="C.3" l="C"/>
		<a id="3" s="C" t="C.3" l="C"/>
		<a id="4" s="C" t="C.3" l="C"/>
		<a id="5" s="C" t="C.ar" l="C"/>
		<a id="6" s="C" t="C.ar" l="C"/>
		<a id="7" s="C" t="C.ar" l="C"/>
		<a id="8" s="C" t="C.ar" l="C"/>
		<a id="9" s="C" t="C.ar" l="C"/>
		<a id="10" s="C" t="C.ar" l="C"/>
		<a id="11" s="C" t="C.ar" l="C"/>
		<a id="12" s="N" t="N.ar" l="N"/>
		<a id="13" s="C" t="C.ar" l="C"/>
		<a id="14" s="Br" t="Br" l="BR"/>
		<a id="15" s="C" t="C.ar" l="C"/>
		<a id="16" s="C" t="C.ar" l="C"/>
		<a id="17" s="C" t="C.ar" l="C"/>
		<a id="18" s="H" t="H" l="H"/>
		<a id="19" s="H" t="H" l="H"/>
		<a id="20" s="H" t="H" l="H"/>
		<a id="21" s="H" t="H" l="H"/>
		<a id="22" s="H" t="H" l="H"/>
		<a id="23" s="H" t="H" l="H"/>
		<a id="24" s="H" t="H" l="H"/>
		<a id="25" s="H" t="H" l="H"/>
		<a id="26" s="H" t="H" l="H"/>
		<a id="27" s="H" t="H" l="H"/>
		<a id="28" s="H" t="H" l="H"/>
		<a id="29" s="H" t="H" l="H"/>
		<a id="30" s="H" t="H" l="H"/>
		<a id="31" s="H" t="H" l="H"/>
		<a id="32" s="H" t="H" l="H"/>
		<a id="33" s="H" t="H" l="H"/>
	</atoms>
	<bonds>
		<b id="1" c="1 2" t="1"/>
		<b id="2" c="2 3" t="1"/>
		<b id="3" c="2 4" t="1"/>
		<b id="4" c="2 5" t="1"/>
		<b id="5" c="5 6" t="ar"/>
		<b id="6" c="6 7" t="ar"/>
		<b id="7" c="7 8" t="ar"/>
		<b id="8" c="8 9" t="1"/>
		<b id="9" c="9 10" t="ar"/>
		<b id="10" c="10 11" t="ar"/>
		<b id="11" c="11 12" t="ar"/>
		<b id="12" c="12 13" t="ar"/>
		<b id="13" c="13 14" t="1"/>
		<b id="14" c="13 15" t="ar"/>
		<b id="15" c="9 15" t="ar"/>
		<b id="16" c="8 16" t="ar"/>
		<b id="17" c="16 17" t="ar"/>
		<b id="18" c="5 17" t="ar"/>
		<b id="19" c="1 18" t="1"/>
		<b id="20" c="1 19" t="1"/>
		<b id="21" c="1 20" t="1"/>
		<b id="22" c="3 21" t="1"/>
		<b id="23" c="3 22" t="1"/>
		<b id="24" c="3 23" t="1"/>
		<b id="25" c="4 24" t="1"/>
		<b id="26" c="4 25" t="1"/>
		<b id="27" c="4 26" t="1"/>
		<b id="28" c="6 27" t="1"/>
		<b id="29" c="7 28" t="1"/>
		<b id="30" c="10 29" t="1"/>
		<b id="31" c="11 30" t="1"/>
		<b id="32" c="15 31" t="1"/>
		<b id="33" c="16 32" t="1"/>
		<b id="34" c="17 33" t="1"/>
	</bonds>
	<geometry>
		<g u="A" t="cart/3d">#33,3:2.4365,0.4584,-1.5308;2.4648,0.0704,-0.0501;1.0893,-0.5002,0.3243;3.5444,-1.0043,0.1415;2.7689,1.2493,0.8590;2.9559,2.5430,0.3860;3.2213,3.5920,1.2467;3.3244,3.3815,2.6174;3.6168,4.4912,3.5306;3.0388,5.7518,3.3571;3.3482,6.7611,4.2498;4.1754,6.5957,5.2691;4.7166,5.4105,5.4251;5.9018,5.2377,6.9056;4.4867,4.3197,4.6066;3.1433,2.0874,3.0992;2.8636,1.0494,2.2351;2.2267,-0.4241,-2.1316;3.3962,0.8597,-1.8486;1.6580,1.1911,-1.7305;0.8399,-1.3329,-0.3295;0.3226,0.2644,0.2171;1.0738,-0.8566,1.3504;3.3548,-1.8454,-0.5219;3.5610,-1.3756,1.1622;4.5265,-0.5971,-0.0898;2.8978,2.7554,-0.6689;3.3773,4.5827,0.8445;2.3461,5.9296,2.5499;2.9210,7.7505,4.1585;4.9809,3.3783,4.7872;3.1957,1.8989,4.1617;2.7170,0.0636,2.6495;</g>
	</geometry>
	<conformers/>
	<properties/>
</molecule>
