<?xml version="1.0" ?>
<!--MOLLI PACKAGE EXPERIMENTAL XML FORMAT-->
<molecule name="el1361">
	<atoms>
		<a id="1" s="C" t="C.3" l="C"/>
		<a id="2" s="O" t="O.3" l="O"/>
		<a id="3" s="C" t="C.3" l="C"/>
		<a id="4" s="C" t="C.ar" l="C"/>
		<a id="5" s="C" t="C.ar" l="C"/>
		<a id="6" s="C" t="C.ar" l="C"/>
		<a id="7" s="C" t="C.ar" l="C"/>
		<a id="8" s="C" t="C.ar" l="C"/>
		<a id="9" s="Br" t="Br" l="BR"/>
		<a id="10" s="N" t="N.ar" l="N"/>
		<a id="11" s="C" t="C.3" l="C"/>
		<a id="12" s="C" t="C.3" l="C"/>
		<a id="13" s="C" t="C.3" l="C"/>
		<a id="14" s="C" t="C.3" l="C"/>
		<a id="15" s="C" t="C.3" l="C"/>
		<a id="16" s="C" t="C.3" l="C"/>
		<a id="17" s="C" t="C.3" l="C"/>
		<a id="18" s="C" t="C.3" l="C"/>
		<a id="19" s="C" t="C.3" l="C"/>
		<a id="20" s="H" t="H" l="H"/>
		<a id="21" s="H" t="H" l="H"/>
		<a id="22" s="H" t="H" l="H"/>
		<a id="23" s="H" t="H" l="H"/>
		<a id="24" s="H" t="H" l="H"/>
		<a id="25" s="H" t="H" l="H"/>
		<a id="26" s="H" t="H" l="H"/>
		<a id="27" s="H" t="H" l="H"/>
		<a id="28" s="H" t="H" l="H"/>
		<a id="29" s="H" t="H" l="H"/>
		<a id="30" s="H" t="H" l="H"/>
		<a id="31" s="H" t="H" l="H"/>
		<a id="32" s="H" t="H" l="H"/>
		<a id="33" s="H" t="H" l="H"/>
		<a id="34" s="H" t="H" l="H"/>
		<a id="35" s="H" t="H" l="H"/>
		<a id="36" s="H" t="H" l="H"/>
		<a id="37" s="H" t="H" l="H"/>
		<a id="38" s="H" t="H" l="H"/>
		<a id="39" s="H" t="H" l="H"/>
		<a id="40" s="H" t="H" l="H"/>
		<a id="41" s="H" t="H" l="H"/>
		<a id="42" s="H" t="H" l="H"/>
		<a id="43" s="H" t="H" l="H"/>
	</atoms>
	<bonds>
		<b id="1" c="1 2" t="1"/>
		<b id="2" c="2 3" t="1"/>
		<b id="3" c="3 4" t="1"/>
		<b id="4" c="4 5" t="ar"/>
		<b id="5" c="5 6" t="ar"/>
		<b id="6" c="6 7" t="ar"/>
		<b id="7" c="7 8" t="ar"/>
		<b id="8" c="8 9" t="1"/>
		<b id="9" c="8 10" t="ar"/>
		<b id="10" c="4 10" t="ar"/>
		<b id="11" c="3 11" t="1"/>
		<b id="12" c="11 12" t="1"/>
		<b id="13" c="12 13" t="1"/>
		<b id="14" c="12 14" t="1"/>
		<b id="15" c="14 15" t="1"/>
		<b id="16" c="15 16" t="1"/>
		<b id="17" c="3 16" t="1"/>
		<b id="18" c="17 18" t="1"/>
		<b id="19" c="17 19" t="1"/>
		<b id="20" c="16 17" t="1"/>
		<b id="21" c="1 20" t="1"/>
		<b id="22" c="1 21" t="1"/>
		<b id="23" c="1 22" t="1"/>
		<b id="24" c="5 23" t="1"/>
		<b id="25" c="6 24" t="1"/>
		<b id="26" c="7 25" t="1"/>
		<b id="27" c="11 26" t="1"/>
		<b id="28" c="11 27" t="1"/>
		<b id="29" c="12 28" t="1"/>
		<b id="30" c="13 29" t="1"/>
		<b id="31" c="13 30" t="1"/>
		<b id="32" c="13 31" t="1"/>
		<b id="33" c="14 32" t="1"/>
		<b id="34" c="14 33" t="1"/>
		<b id="35" c="15 34" t="1"/>
		<b id="36" c="15 35" t="1"/>
		<b id="37" c="16 36" t="1"/>
		<b id="38" c="17 37" t="1"/>
		<b id="39" c="18 38" t="1"/>
		<b id="40" c="18 39" t="1"/>
		<b id="41" c="18 40" t="1"/>
		<b id="42" c="19 41" t="1"/>
		<b id="43" c="19 42" t="1"/>
		<b id="44" c="19 43" t="1"/>
	</bonds>
	<geometry>
		<g u="A" t="cart/3d">#43,3:1.1310,0.2279,-0.4075;2.4572,-0.0720,-0.0537;2.9820,-1.3761,-0.3332;4.4756,-1.2449,-0.1049;5.0861,-0.0093,0.1010;6.4588,0.0450,0.2780;7.2032,-1.1235,0.2406;6.4920,-2.2899,0.0217;7.4028,-3.9632,-0.0602;5.1957,-2.3592,-0.1438;2.7509,-1.7009,-1.8261;3.1550,-3.1115,-2.2332;2.9087,-3.3276,-3.7235;2.3497,-4.0859,-1.3834;2.6595,-3.8786,0.0935;2.3579,-2.4598,0.5956;2.8050,-2.3142,2.0700;2.1918,-3.4064,2.9522;2.4382,-0.9581,2.6733;0.8672,1.1084,0.1790;0.4315,-0.5757,-0.1627;1.0366,0.4749,-1.4713;4.4858,0.8840,0.1220;6.9506,0.9930,0.4428;8.2729,-1.1335,0.3730;3.2928,-0.9564,-2.4165;1.6857,-1.5869,-2.0376;4.2172,-3.2610,-2.0243;1.8545,-3.1964,-3.9614;3.2018,-4.3341,-4.0122;3.4847,-2.6196,-4.3155;2.5934,-5.1138,-1.6587;1.2822,-3.9346,-1.5685;3.7128,-4.0960,0.2665;2.0629,-4.5861,0.6691;1.2717,-2.3147,0.5592;3.8944,-2.4231,2.1054;1.1121,-3.4441,2.8205;2.3966,-3.1874,3.9980;2.6076,-4.3853,2.7342;1.3597,-0.8136,2.6500;2.9076,-0.1426,2.1343;2.7653,-0.9167,3.7107;</g>
	</geometry>
	<conformers/>
	<properties/>
</molecule>
