<?xml version="1.0" ?>
<!--MOLLI PACKAGE EXPERIMENTAL XML FORMAT-->
<molecule name="el1362">
	<atoms>
		<a id="1" s="C" t="C.3" l="C"/>
		<a id="2" s="O" t="O.3" l="O"/>
		<a id="3" s="C" t="C.3" l="C"/>
		<a id="4" s="C" t="C.ar" l="C"/>
		<a id="5" s="C" t="C.ar" l="C"/>
		<a id="6" s="C" t="C.ar" l="C"/>
		<a id="7" s="C" t="C.ar" l="C"/>
		<a id="8" s="C" t="C.ar" l="C"/>
		<a id="9" s="Br" t="Br" l="BR"/>
		<a id="10" s="N" t="N.ar" l="N"/>
		<a id="11" s="C" t="C.3" l="C"/>
		<a id="12" s="C" t="C.3" l="C"/>
		<a id="13" s="C" t="C.3" l="C"/>
		<a id="14" s="C" t="C.3" l="C"/>
		<a id="15" s="H" t="H" l="H"/>
		<a id="16" s="H" t="H" l="H"/>
		<a id="17" s="H" t="H" l="H"/>
		<a id="18" s="H" t="H" l="H"/>
		<a id="19" s="H" t="H" l="H"/>
		<a id="20" s="H" t="H" l="H"/>
		<a id="21" s="H" t="H" l="H"/>
		<a id="22" s="H" t="H" l="H"/>
		<a id="23" s="H" t="H" l="H"/>
		<a id="24" s="H" t="H" l="H"/>
		<a id="25" s="H" t="H" l="H"/>
		<a id="26" s="H" t="H" l="H"/>
		<a id="27" s="H" t="H" l="H"/>
		<a id="28" s="H" t="H" l="H"/>
		<a id="29" s="H" t="H" l="H"/>
		<a id="30" s="H" t="H" l="H"/>
	</atoms>
	<bonds>
		<b id="1" c="1 2" t="1"/>
		<b id="2" c="2 3" t="1"/>
		<b id="3" c="3 4" t="1"/>
		<b id="4" c="4 5" t="ar"/>
		<b id="5" c="5 6" t="ar"/>
		<b id="6" c="6 7" t="ar"/>
		<b id="7" c="7 8" t="ar"/>
		<b id="8" c="8 9" t="1"/>
		<b id="9" c="8 10" t="ar"/>
		<b id="10" c="4 10" t="ar"/>
		<b id="11" c="3 11" t="1"/>
		<b id="12" c="11 12" t="1"/>
		<b id="13" c="11 13" t="1"/>
		<b id="14" c="11 14" t="1"/>
		<b id="15" c="1 15" t="1"/>
		<b id="16" c="1 16" t="1"/>
		<b id="17" c="1 17" t="1"/>
		<b id="18" c="3 18" t="1"/>
		<b id="19" c="5 19" t="1"/>
		<b id="20" c="6 20" t="1"/>
		<b id="21" c="7 21" t="1"/>
		<b id="22" c="12 22" t="1"/>
		<b id="23" c="12 23" t="1"/>
		<b id="24" c="12 24" t="1"/>
		<b id="25" c="13 25" t="1"/>
		<b id="26" c="13 26" t="1"/>
		<b id="27" c="13 27" t="1"/>
		<b id="28" c="14 28" t="1"/>
		<b id="29" c="14 29" t="1"/>
		<b id="30" c="14 30" t="1"/>
	</bonds>
	<geometry>
		<g u="A" t="cart/3d">#30,3:0.9975,-0.0751,-0.2346;2.3646,-0.0387,0.0808;2.8544,1.2630,0.3391;2.4048,1.7602,1.6904;2.1738,0.8916,2.7534;1.7656,1.4161,3.9691;1.6036,2.7864,4.0992;1.8582,3.5498,2.9716;1.6629,5.4425,3.0473;2.2342,3.0705,1.8119;4.4039,1.2391,0.2098;4.7469,0.7867,-1.2117;4.9671,2.6400,0.4463;5.0007,0.2544,1.2150;0.7584,-1.1159,-0.4464;0.7786,0.5364,-1.1186;0.3758,0.2785,0.5973;2.4676,1.9660,-0.4160;2.3077,-0.1687,2.6132;1.5752,0.7670,4.8110;1.2912,3.2441,5.0238;4.3697,1.4988,-1.9421;4.3042,-0.1849,-1.4108;5.8250,0.7114,-1.3294;4.4992,3.3615,-0.2185;6.0383,2.6400,0.2593;4.7997,2.9653,1.4696;4.5430,-0.7230,1.0920;4.8395,0.5943,2.2355;6.0716,0.1622,1.0512;</g>
	</geometry>
	<conformers/>
	<properties/>
</molecule>
