<?xml version="1.0" ?>
<!--MOLLI PACKAGE EXPERIMENTAL XML FORMAT-->
<molecule name="el1370">
	<atoms>
		<a id="1" s="C" t="C.3" l="C"/>
		<a id="2" s="C" t="C.3" l="C"/>
		<a id="3" s="F" t="F" l="F"/>
		<a id="4" s="F" t="F" l="F"/>
		<a id="5" s="C" t="C.ar" l="C"/>
		<a id="6" s="N" t="N.ar" l="N"/>
		<a id="7" s="O" t="O.2" l="O"/>
		<a id="8" s="C" t="C.ar" l="C"/>
		<a id="9" s="C" t="C.ar" l="C"/>
		<a id="10" s="C" t="C.ar" l="C"/>
		<a id="11" s="Br" t="Br" l="BR"/>
		<a id="12" s="C" t="C.ar" l="C"/>
		<a id="13" s="C" t="C.ar" l="C"/>
		<a id="14" s="C" t="C.ar" l="C"/>
		<a id="15" s="H" t="H" l="H"/>
		<a id="16" s="H" t="H" l="H"/>
		<a id="17" s="H" t="H" l="H"/>
		<a id="18" s="H" t="H" l="H"/>
		<a id="19" s="H" t="H" l="H"/>
		<a id="20" s="H" t="H" l="H"/>
	</atoms>
	<bonds>
		<b id="1" c="1 2" t="1"/>
		<b id="2" c="2 3" t="1"/>
		<b id="3" c="2 4" t="1"/>
		<b id="4" c="2 5" t="1"/>
		<b id="5" c="5 6" t="ar"/>
		<b id="6" c="6 7" t="ar"/>
		<b id="7" c="7 8" t="ar"/>
		<b id="8" c="8 9" t="ar"/>
		<b id="9" c="9 10" t="ar"/>
		<b id="10" c="10 11" t="1"/>
		<b id="11" c="10 12" t="ar"/>
		<b id="12" c="12 13" t="ar"/>
		<b id="13" c="13 14" t="ar"/>
		<b id="14" c="5 14" t="ar"/>
		<b id="15" c="8 14" t="ar"/>
		<b id="16" c="1 15" t="1"/>
		<b id="17" c="1 16" t="1"/>
		<b id="18" c="1 17" t="1"/>
		<b id="19" c="9 18" t="1"/>
		<b id="20" c="12 19" t="1"/>
		<b id="21" c="13 20" t="1"/>
	</bonds>
	<geometry>
		<g u="A" t="cart/3d">#20,3:1.0980,0.0635,0.6551;2.4358,-0.0090,-0.0469;3.3865,-0.5285,0.7934;2.3852,-0.9036,-1.0828;2.9299,1.3064,-0.5690;2.3874,2.4333,-0.2141;3.0471,3.4510,-0.8182;4.0354,2.9377,-1.5738;4.9585,3.6100,-2.3621;5.8641,2.8125,-3.0312;7.1663,3.6449,-4.1325;5.8710,1.4142,-2.9378;4.9531,0.7571,-2.1543;4.0236,1.5327,-1.4618;0.8401,-0.9228,1.0328;0.3421,0.3976,-0.0487;1.1656,0.7713,1.4749;4.9622,4.6841,-2.4414;6.6102,0.8578,-3.4926;4.9448,-0.3176,-2.0751;</g>
	</geometry>
	<conformers/>
	<properties/>
</molecule>
