<?xml version="1.0" ?>
<!--MOLLI PACKAGE EXPERIMENTAL XML FORMAT-->
<molecule name="el1373">
	<atoms>
		<a id="1" s="C" t="C.3" l="C"/>
		<a id="2" s="C" t="C.3" l="C"/>
		<a id="3" s="C" t="C.3" l="C"/>
		<a id="4" s="Si" t="Si" l="SI"/>
		<a id="5" s="C" t="C.3" l="C"/>
		<a id="6" s="C" t="C.3" l="C"/>
		<a id="7" s="C" t="C.3" l="C"/>
		<a id="8" s="C" t="C.3" l="C"/>
		<a id="9" s="C" t="C.3" l="C"/>
		<a id="10" s="C" t="C.3" l="C"/>
		<a id="11" s="N" t="N.ar" l="N"/>
		<a id="12" s="C" t="C.ar" l="C"/>
		<a id="13" s="C" t="C.ar" l="C"/>
		<a id="14" s="C" t="C.3" l="C"/>
		<a id="15" s="C" t="C.3" l="C"/>
		<a id="16" s="C" t="C.3" l="C"/>
		<a id="17" s="N" t="N.am" l="N"/>
		<a id="18" s="C" t="C.2" l="C"/>
		<a id="19" s="O" t="O.2" l="O"/>
		<a id="20" s="O" t="O.3" l="O"/>
		<a id="21" s="C" t="C.3" l="C"/>
		<a id="22" s="C" t="C.3" l="C"/>
		<a id="23" s="C" t="C.3" l="C"/>
		<a id="24" s="C" t="C.3" l="C"/>
		<a id="25" s="C" t="C.3" l="C"/>
		<a id="26" s="C" t="C.3" l="C"/>
		<a id="27" s="C" t="C.ar" l="C"/>
		<a id="28" s="C" t="C.ar" l="C"/>
		<a id="29" s="C" t="C.ar" l="C"/>
		<a id="30" s="C" t="C.ar" l="C"/>
		<a id="31" s="Br" t="Br" l="BR"/>
		<a id="32" s="N" t="N.ar" l="N"/>
		<a id="33" s="C" t="C.ar" l="C"/>
		<a id="34" s="H" t="H" l="H"/>
		<a id="35" s="H" t="H" l="H"/>
		<a id="36" s="H" t="H" l="H"/>
		<a id="37" s="H" t="H" l="H"/>
		<a id="38" s="H" t="H" l="H"/>
		<a id="39" s="H" t="H" l="H"/>
		<a id="40" s="H" t="H" l="H"/>
		<a id="41" s="H" t="H" l="H"/>
		<a id="42" s="H" t="H" l="H"/>
		<a id="43" s="H" t="H" l="H"/>
		<a id="44" s="H" t="H" l="H"/>
		<a id="45" s="H" t="H" l="H"/>
		<a id="46" s="H" t="H" l="H"/>
		<a id="47" s="H" t="H" l="H"/>
		<a id="48" s="H" t="H" l="H"/>
		<a id="49" s="H" t="H" l="H"/>
		<a id="50" s="H" t="H" l="H"/>
		<a id="51" s="H" t="H" l="H"/>
		<a id="52" s="H" t="H" l="H"/>
		<a id="53" s="H" t="H" l="H"/>
		<a id="54" s="H" t="H" l="H"/>
		<a id="55" s="H" t="H" l="H"/>
		<a id="56" s="H" t="H" l="H"/>
		<a id="57" s="H" t="H" l="H"/>
		<a id="58" s="H" t="H" l="H"/>
		<a id="59" s="H" t="H" l="H"/>
		<a id="60" s="H" t="H" l="H"/>
		<a id="61" s="H" t="H" l="H"/>
		<a id="62" s="H" t="H" l="H"/>
		<a id="63" s="H" t="H" l="H"/>
		<a id="64" s="H" t="H" l="H"/>
		<a id="65" s="H" t="H" l="H"/>
		<a id="66" s="H" t="H" l="H"/>
		<a id="67" s="H" t="H" l="H"/>
		<a id="68" s="H" t="H" l="H"/>
		<a id="69" s="H" t="H" l="H"/>
		<a id="70" s="H" t="H" l="H"/>
		<a id="71" s="H" t="H" l="H"/>
		<a id="72" s="H" t="H" l="H"/>
		<a id="73" s="H" t="H" l="H"/>
		<a id="74" s="H" t="H" l="H"/>
		<a id="75" s="H" t="H" l="H"/>
	</atoms>
	<bonds>
		<b id="1" c="1 2" t="1"/>
		<b id="2" c="2 3" t="1"/>
		<b id="3" c="2 4" t="1"/>
		<b id="4" c="4 5" t="1"/>
		<b id="5" c="5 6" t="1"/>
		<b id="6" c="5 7" t="1"/>
		<b id="7" c="4 8" t="1"/>
		<b id="8" c="8 9" t="1"/>
		<b id="9" c="8 10" t="1"/>
		<b id="10" c="4 11" t="1"/>
		<b id="11" c="11 12" t="ar"/>
		<b id="12" c="12 13" t="ar"/>
		<b id="13" c="13 14" t="1"/>
		<b id="14" c="14 15" t="1"/>
		<b id="15" c="15 16" t="1"/>
		<b id="16" c="16 17" t="1"/>
		<b id="17" c="17 18" t="am"/>
		<b id="18" c="18 19" t="2"/>
		<b id="19" c="18 20" t="1"/>
		<b id="20" c="20 21" t="1"/>
		<b id="21" c="21 22" t="1"/>
		<b id="22" c="21 23" t="1"/>
		<b id="23" c="21 24" t="1"/>
		<b id="24" c="17 25" t="1"/>
		<b id="25" c="25 26" t="1"/>
		<b id="26" c="14 26" t="1"/>
		<b id="27" c="13 27" t="ar"/>
		<b id="28" c="27 28" t="ar"/>
		<b id="29" c="28 29" t="ar"/>
		<b id="30" c="29 30" t="ar"/>
		<b id="31" c="30 31" t="1"/>
		<b id="32" c="30 32" t="ar"/>
		<b id="33" c="32 33" t="ar"/>
		<b id="34" c="27 33" t="ar"/>
		<b id="35" c="11 33" t="ar"/>
		<b id="36" c="1 34" t="1"/>
		<b id="37" c="1 35" t="1"/>
		<b id="38" c="1 36" t="1"/>
		<b id="39" c="2 37" t="1"/>
		<b id="40" c="3 38" t="1"/>
		<b id="41" c="3 39" t="1"/>
		<b id="42" c="3 40" t="1"/>
		<b id="43" c="5 41" t="1"/>
		<b id="44" c="6 42" t="1"/>
		<b id="45" c="6 43" t="1"/>
		<b id="46" c="6 44" t="1"/>
		<b id="47" c="7 45" t="1"/>
		<b id="48" c="7 46" t="1"/>
		<b id="49" c="7 47" t="1"/>
		<b id="50" c="8 48" t="1"/>
		<b id="51" c="9 49" t="1"/>
		<b id="52" c="9 50" t="1"/>
		<b id="53" c="9 51" t="1"/>
		<b id="54" c="10 52" t="1"/>
		<b id="55" c="10 53" t="1"/>
		<b id="56" c="10 54" t="1"/>
		<b id="57" c="12 55" t="1"/>
		<b id="58" c="14 56" t="1"/>
		<b id="59" c="15 57" t="1"/>
		<b id="60" c="15 58" t="1"/>
		<b id="61" c="16 59" t="1"/>
		<b id="62" c="16 60" t="1"/>
		<b id="63" c="22 61" t="1"/>
		<b id="64" c="22 62" t="1"/>
		<b id="65" c="22 63" t="1"/>
		<b id="66" c="23 64" t="1"/>
		<b id="67" c="23 65" t="1"/>
		<b id="68" c="23 66" t="1"/>
		<b id="69" c="24 67" t="1"/>
		<b id="70" c="24 68" t="1"/>
		<b id="71" c="24 69" t="1"/>
		<b id="72" c="25 70" t="1"/>
		<b id="73" c="25 71" t="1"/>
		<b id="74" c="26 72" t="1"/>
		<b id="75" c="26 73" t="1"/>
		<b id="76" c="28 74" t="1"/>
		<b id="77" c="29 75" t="1"/>
	</bonds>
	<geometry>
		<g u="A" t="cart/3d">#75,3:0.9502,0.3502,0.9680;2.4280,0.7254,0.8637;3.2989,-0.5192,1.0412;2.8345,1.7096,-0.7401;1.9902,0.9763,-2.3102;2.3035,1.7459,-3.5953;2.2485,-0.5177,-2.5168;2.4387,3.5752,-0.4860;3.3435,4.4975,-1.3042;0.9714,3.9069,-0.7565;4.6054,1.6111,-0.9055;5.4224,1.0942,-1.8826;6.7454,1.1949,-1.5616;7.9701,0.7552,-2.3088;8.1373,1.4351,-3.6766;7.1785,0.8802,-4.7250;7.2746,-0.5609,-4.8053;7.4723,-1.1506,-6.0087;7.6205,-0.5226,-7.0342;7.4750,-2.4938,-5.9053;7.6124,-3.3154,-7.0879;8.9598,-3.0639,-7.7636;7.5421,-4.7461,-6.5501;6.4566,-3.0524,-8.0533;7.0764,-1.2725,-3.5639;8.0449,-0.7683,-2.4961;6.7777,1.8277,-0.2779;7.7546,2.2329,0.6274;7.3396,2.8291,1.8035;5.9728,2.9929,2.0230;5.3774,3.8071,3.6342;5.0179,2.6288,1.2019;5.4240,2.0608,0.0788;0.7514,-0.1424,1.9183;0.6606,-0.3288,0.1699;0.3203,1.2334,0.9079;2.6536,1.3896,1.7039;3.1319,-1.2391,0.2440;3.0705,-1.0050,1.9886;4.3532,-0.2536,1.0446;0.9144,1.0849,-2.1357;3.3663,1.7385,-3.8212;1.9850,2.7811,-3.5152;1.7779,1.2980,-4.4381;3.3067,-0.7308,-2.6416;1.7283,-0.8677,-3.4079;1.8871,-1.0949,-1.6707;2.6326,3.7979,0.5678;3.2112,4.3405,-2.3717;4.3886,4.3238,-1.0616;3.1142,5.5391,-1.0846;0.7172,3.7376,-1.7998;0.7718,4.9521,-0.5269;0.3146,3.2955,-0.1437;4.9662,0.6862,-2.7595;8.8254,1.0508,-1.6906;9.1611,1.2685,-4.0180;7.9805,2.5105,-3.5805;7.4226,1.2762,-5.7125;6.1491,1.1659,-4.4834;9.7693,-3.2234,-7.0543;9.0077,-2.0420,-8.1291;9.0827,-3.7467,-8.5997;8.3497,-4.9195,-5.8435;7.6280,-5.4547,-7.3682;6.5960,-4.9060,-6.0392;6.5034,-2.0314,-8.4214;5.5054,-3.2012,-7.5461;6.5192,-3.7362,-8.8951;7.2392,-2.3347,-3.7422;6.0435,-1.1345,-3.2246;9.0619,-1.0269,-2.7984;7.8306,-1.2709,-1.5514;8.8072,2.0919,0.4293;8.0469,3.1650,2.5446;</g>
	</geometry>
	<conformers/>
	<properties/>
</molecule>
