<?xml version="1.0" ?>
<!--MOLLI PACKAGE EXPERIMENTAL XML FORMAT-->
<molecule name="el1374">
	<atoms>
		<a id="1" s="C" t="C.3" l="C"/>
		<a id="2" s="C" t="C.3" l="C"/>
		<a id="3" s="C" t="C.3" l="C"/>
		<a id="4" s="Si" t="Si" l="SI"/>
		<a id="5" s="C" t="C.3" l="C"/>
		<a id="6" s="C" t="C.3" l="C"/>
		<a id="7" s="C" t="C.3" l="C"/>
		<a id="8" s="C" t="C.3" l="C"/>
		<a id="9" s="C" t="C.3" l="C"/>
		<a id="10" s="C" t="C.3" l="C"/>
		<a id="11" s="N" t="N.ar" l="N"/>
		<a id="12" s="C" t="C.ar" l="C"/>
		<a id="13" s="C" t="C.ar" l="C"/>
		<a id="14" s="C" t="C.ar" l="C"/>
		<a id="15" s="C" t="C.ar" l="C"/>
		<a id="16" s="C" t="C.ar" l="C"/>
		<a id="17" s="Br" t="Br" l="BR"/>
		<a id="18" s="C" t="C.ar" l="C"/>
		<a id="19" s="N" t="N.ar" l="N"/>
		<a id="20" s="C" t="C.ar" l="C"/>
		<a id="21" s="H" t="H" l="H"/>
		<a id="22" s="H" t="H" l="H"/>
		<a id="23" s="H" t="H" l="H"/>
		<a id="24" s="H" t="H" l="H"/>
		<a id="25" s="H" t="H" l="H"/>
		<a id="26" s="H" t="H" l="H"/>
		<a id="27" s="H" t="H" l="H"/>
		<a id="28" s="H" t="H" l="H"/>
		<a id="29" s="H" t="H" l="H"/>
		<a id="30" s="H" t="H" l="H"/>
		<a id="31" s="H" t="H" l="H"/>
		<a id="32" s="H" t="H" l="H"/>
		<a id="33" s="H" t="H" l="H"/>
		<a id="34" s="H" t="H" l="H"/>
		<a id="35" s="H" t="H" l="H"/>
		<a id="36" s="H" t="H" l="H"/>
		<a id="37" s="H" t="H" l="H"/>
		<a id="38" s="H" t="H" l="H"/>
		<a id="39" s="H" t="H" l="H"/>
		<a id="40" s="H" t="H" l="H"/>
		<a id="41" s="H" t="H" l="H"/>
		<a id="42" s="H" t="H" l="H"/>
		<a id="43" s="H" t="H" l="H"/>
		<a id="44" s="H" t="H" l="H"/>
		<a id="45" s="H" t="H" l="H"/>
	</atoms>
	<bonds>
		<b id="1" c="1 2" t="1"/>
		<b id="2" c="2 3" t="1"/>
		<b id="3" c="2 4" t="1"/>
		<b id="4" c="4 5" t="1"/>
		<b id="5" c="5 6" t="1"/>
		<b id="6" c="5 7" t="1"/>
		<b id="7" c="4 8" t="1"/>
		<b id="8" c="8 9" t="1"/>
		<b id="9" c="8 10" t="1"/>
		<b id="10" c="4 11" t="1"/>
		<b id="11" c="11 12" t="ar"/>
		<b id="12" c="12 13" t="ar"/>
		<b id="13" c="13 14" t="ar"/>
		<b id="14" c="14 15" t="ar"/>
		<b id="15" c="15 16" t="ar"/>
		<b id="16" c="16 17" t="1"/>
		<b id="17" c="16 18" t="ar"/>
		<b id="18" c="18 19" t="ar"/>
		<b id="19" c="19 20" t="ar"/>
		<b id="20" c="14 20" t="ar"/>
		<b id="21" c="11 20" t="ar"/>
		<b id="22" c="1 21" t="1"/>
		<b id="23" c="1 22" t="1"/>
		<b id="24" c="1 23" t="1"/>
		<b id="25" c="2 24" t="1"/>
		<b id="26" c="3 25" t="1"/>
		<b id="27" c="3 26" t="1"/>
		<b id="28" c="3 27" t="1"/>
		<b id="29" c="5 28" t="1"/>
		<b id="30" c="6 29" t="1"/>
		<b id="31" c="6 30" t="1"/>
		<b id="32" c="6 31" t="1"/>
		<b id="33" c="7 32" t="1"/>
		<b id="34" c="7 33" t="1"/>
		<b id="35" c="7 34" t="1"/>
		<b id="36" c="8 35" t="1"/>
		<b id="37" c="9 36" t="1"/>
		<b id="38" c="9 37" t="1"/>
		<b id="39" c="9 38" t="1"/>
		<b id="40" c="10 39" t="1"/>
		<b id="41" c="10 40" t="1"/>
		<b id="42" c="10 41" t="1"/>
		<b id="43" c="12 42" t="1"/>
		<b id="44" c="13 43" t="1"/>
		<b id="45" c="15 44" t="1"/>
		<b id="46" c="18 45" t="1"/>
	</bonds>
	<geometry>
		<g u="A" t="cart/3d">#45,3:1.0547,0.2327,0.1050;2.5556,0.0212,-0.0905;3.3156,1.2786,0.3337;3.1603,-1.5806,0.7973;2.3939,-1.7662,2.5462;2.6764,-3.1259,3.1845;2.7952,-0.6549,3.5145;2.7595,-3.1664,-0.2349;2.4668,-2.8887,-1.7094;3.8868,-4.1951,-0.1277;4.9386,-1.4407,0.7493;5.6288,-1.1300,-0.4007;6.9733,-1.1580,-0.2114;7.1746,-1.5137,1.1490;8.2750,-1.7113,1.9748;8.0026,-2.0652,3.2821;9.4348,-2.3596,4.5060;6.6906,-2.2141,3.7335;5.6383,-2.0285,2.9627;5.8758,-1.6855,1.7067;0.7091,1.0815,-0.4831;0.8278,0.4321,1.1488;0.4941,-0.6465,-0.2027;2.7221,-0.1025,-1.1656;3.1577,1.4939,1.3867;2.9713,2.1375,-0.2410;4.3843,1.1662,0.1687;1.3089,-1.6992,2.3990;3.7424,-3.2373,3.3574;2.3305,-3.9391,2.5520;2.1633,-3.2009,4.1419;3.8686,-0.6733,3.6759;2.3018,-0.7992,4.4744;2.5116,0.3228,3.1348;1.8576,-3.6214,0.1871;3.3335,-2.4546,-2.2022;1.6274,-2.2078,-1.8214;2.2211,-3.8162,-2.2244;4.7901,-3.8210,-0.6050;3.6039,-5.1234,-0.6216;4.1207,-4.4151,0.9104;5.0869,-0.9044,-1.2980;7.7333,-0.9547,-0.9394;9.2872,-1.5951,1.6174;6.4861,-2.4935,4.7576;</g>
	</geometry>
	<conformers/>
	<properties/>
</molecule>
