<?xml version="1.0" ?>
<!--MOLLI PACKAGE EXPERIMENTAL XML FORMAT-->
<molecule name="el1375">
	<atoms>
		<a id="1" s="C" t="C.3" l="C"/>
		<a id="2" s="O" t="O.3" l="O"/>
		<a id="3" s="C" t="C.2" l="C"/>
		<a id="4" s="O" t="O.2" l="O"/>
		<a id="5" s="C" t="C.2" l="C"/>
		<a id="6" s="C" t="C.2" l="C"/>
		<a id="7" s="C" t="C.ar" l="C"/>
		<a id="8" s="C" t="C.ar" l="C"/>
		<a id="9" s="C" t="C.ar" l="C"/>
		<a id="10" s="C" t="C.ar" l="C"/>
		<a id="11" s="C" t="C.ar" l="C"/>
		<a id="12" s="N" t="N.am" l="N"/>
		<a id="13" s="C" t="C.3" l="C"/>
		<a id="14" s="C" t="C.ar" l="C"/>
		<a id="15" s="C" t="C.ar" l="C"/>
		<a id="16" s="C" t="C.ar" l="C"/>
		<a id="17" s="C" t="C.ar" l="C"/>
		<a id="18" s="C" t="C.ar" l="C"/>
		<a id="19" s="C" t="C.ar" l="C"/>
		<a id="20" s="C" t="C.ar" l="C"/>
		<a id="21" s="C" t="C.ar" l="C"/>
		<a id="22" s="N" t="N.pl3" l="N"/>
		<a id="23" s="C" t="C.3" l="C"/>
		<a id="24" s="C" t="C.3" l="C"/>
		<a id="25" s="C" t="C.ar" l="C"/>
		<a id="26" s="C" t="C.ar" l="C"/>
		<a id="27" s="C" t="C.ar" l="C"/>
		<a id="28" s="C" t="C.ar" l="C"/>
		<a id="29" s="C" t="C.2" l="C"/>
		<a id="30" s="O" t="O.2" l="O"/>
		<a id="31" s="C" t="C.ar" l="C"/>
		<a id="32" s="C" t="C.ar" l="C"/>
		<a id="33" s="C" t="C.ar" l="C"/>
		<a id="34" s="C" t="C.ar" l="C"/>
		<a id="35" s="C" t="C.ar" l="C"/>
		<a id="36" s="C" t="C.ar" l="C"/>
		<a id="37" s="Br" t="Br" l="BR"/>
		<a id="38" s="C" t="C.ar" l="C"/>
		<a id="39" s="C" t="C.ar" l="C"/>
		<a id="40" s="C" t="C.ar" l="C"/>
		<a id="41" s="C" t="C.ar" l="C"/>
		<a id="42" s="C" t="C.ar" l="C"/>
		<a id="43" s="H" t="H" l="H"/>
		<a id="44" s="H" t="H" l="H"/>
		<a id="45" s="H" t="H" l="H"/>
		<a id="46" s="H" t="H" l="H"/>
		<a id="47" s="H" t="H" l="H"/>
		<a id="48" s="H" t="H" l="H"/>
		<a id="49" s="H" t="H" l="H"/>
		<a id="50" s="H" t="H" l="H"/>
		<a id="51" s="H" t="H" l="H"/>
		<a id="52" s="H" t="H" l="H"/>
		<a id="53" s="H" t="H" l="H"/>
		<a id="54" s="H" t="H" l="H"/>
		<a id="55" s="H" t="H" l="H"/>
		<a id="56" s="H" t="H" l="H"/>
		<a id="57" s="H" t="H" l="H"/>
		<a id="58" s="H" t="H" l="H"/>
		<a id="59" s="H" t="H" l="H"/>
		<a id="60" s="H" t="H" l="H"/>
		<a id="61" s="H" t="H" l="H"/>
		<a id="62" s="H" t="H" l="H"/>
		<a id="63" s="H" t="H" l="H"/>
		<a id="64" s="H" t="H" l="H"/>
		<a id="65" s="H" t="H" l="H"/>
		<a id="66" s="H" t="H" l="H"/>
		<a id="67" s="H" t="H" l="H"/>
		<a id="68" s="H" t="H" l="H"/>
		<a id="69" s="H" t="H" l="H"/>
		<a id="70" s="H" t="H" l="H"/>
		<a id="71" s="H" t="H" l="H"/>
		<a id="72" s="H" t="H" l="H"/>
		<a id="73" s="H" t="H" l="H"/>
	</atoms>
	<bonds>
		<b id="1" c="1 2" t="1"/>
		<b id="2" c="2 3" t="1"/>
		<b id="3" c="3 4" t="2"/>
		<b id="4" c="3 5" t="1"/>
		<b id="5" c="5 6" t="2"/>
		<b id="6" c="6 7" t="1"/>
		<b id="7" c="7 8" t="ar"/>
		<b id="8" c="8 9" t="ar"/>
		<b id="9" c="9 10" t="ar"/>
		<b id="10" c="10 11" t="ar"/>
		<b id="11" c="11 12" t="1"/>
		<b id="12" c="12 13" t="1"/>
		<b id="13" c="13 14" t="1"/>
		<b id="14" c="14 15" t="ar"/>
		<b id="15" c="15 16" t="ar"/>
		<b id="16" c="16 17" t="ar"/>
		<b id="17" c="17 18" t="1"/>
		<b id="18" c="18 19" t="ar"/>
		<b id="19" c="19 20" t="ar"/>
		<b id="20" c="20 21" t="ar"/>
		<b id="21" c="21 22" t="1"/>
		<b id="22" c="22 23" t="1"/>
		<b id="23" c="22 24" t="1"/>
		<b id="24" c="21 25" t="ar"/>
		<b id="25" c="25 26" t="ar"/>
		<b id="26" c="18 26" t="ar"/>
		<b id="27" c="17 27" t="ar"/>
		<b id="28" c="27 28" t="ar"/>
		<b id="29" c="14 28" t="ar"/>
		<b id="30" c="12 29" t="am"/>
		<b id="31" c="29 30" t="2"/>
		<b id="32" c="29 31" t="1"/>
		<b id="33" c="31 32" t="ar"/>
		<b id="34" c="32 33" t="ar"/>
		<b id="35" c="33 34" t="ar"/>
		<b id="36" c="34 35" t="ar"/>
		<b id="37" c="35 36" t="ar"/>
		<b id="38" c="36 37" t="1"/>
		<b id="39" c="36 38" t="ar"/>
		<b id="40" c="38 39" t="ar"/>
		<b id="41" c="39 40" t="ar"/>
		<b id="42" c="34 40" t="ar"/>
		<b id="43" c="40 41" t="ar"/>
		<b id="44" c="31 41" t="ar"/>
		<b id="45" c="11 42" t="ar"/>
		<b id="46" c="7 42" t="ar"/>
		<b id="47" c="1 43" t="1"/>
		<b id="48" c="1 44" t="1"/>
		<b id="49" c="1 45" t="1"/>
		<b id="50" c="5 46" t="1"/>
		<b id="51" c="6 47" t="1"/>
		<b id="52" c="8 48" t="1"/>
		<b id="53" c="9 49" t="1"/>
		<b id="54" c="10 50" t="1"/>
		<b id="55" c="13 51" t="1"/>
		<b id="56" c="13 52" t="1"/>
		<b id="57" c="15 53" t="1"/>
		<b id="58" c="16 54" t="1"/>
		<b id="59" c="19 55" t="1"/>
		<b id="60" c="20 56" t="1"/>
		<b id="61" c="23 57" t="1"/>
		<b id="62" c="23 58" t="1"/>
		<b id="63" c="23 59" t="1"/>
		<b id="64" c="24 60" t="1"/>
		<b id="65" c="24 61" t="1"/>
		<b id="66" c="24 62" t="1"/>
		<b id="67" c="25 63" t="1"/>
		<b id="68" c="26 64" t="1"/>
		<b id="69" c="27 65" t="1"/>
		<b id="70" c="28 66" t="1"/>
		<b id="71" c="32 67" t="1"/>
		<b id="72" c="33 68" t="1"/>
		<b id="73" c="35 69" t="1"/>
		<b id="74" c="38 70" t="1"/>
		<b id="75" c="39 71" t="1"/>
		<b id="76" c="41 72" t="1"/>
		<b id="77" c="42 73" t="1"/>
	</bonds>
	<geometry>
		<g u="A" t="cart/3d">#73,3:2.2084,-2.8128,2.6685;3.4338,-2.1437,2.9161;3.8345,-1.2424,2.0019;3.2130,-0.9879,0.9971;5.1158,-0.6439,2.3970;5.7598,0.2036,1.5845;6.9945,0.9114,1.8635;7.4663,1.8514,0.9429;8.6133,2.5769,1.1989;9.2923,2.4121,2.3945;8.8302,1.4890,3.3234;9.4974,1.3571,4.5779;8.8724,1.9866,5.7427;7.3855,1.7742,5.7113;6.8220,0.6106,6.2208;5.4834,0.3334,6.0219;4.6698,1.2113,5.3049;3.2917,0.8532,4.9643;2.4748,0.1317,5.8313;1.2024,-0.2503,5.4674;0.6849,0.0635,4.2020;-0.5601,-0.3670,3.8182;-1.5488,-0.7528,4.7941;-0.9982,-0.2777,2.4476;1.5028,0.8055,3.3378;2.7692,1.1882,3.7151;5.2260,2.4118,4.8631;6.5628,2.6858,5.0606;10.7316,0.7956,4.5967;11.2348,0.2816,3.6182;11.4490,0.8392,5.9143;11.5495,-0.3358,6.6846;12.2492,-0.3365,7.8574;12.8965,0.8330,8.3107;13.6208,0.8577,9.5203;14.2339,2.0112,9.9183;15.2089,2.0492,11.5582;14.1688,3.1848,9.1509;13.4726,3.1790,7.9764;12.8170,2.0131,7.5251;12.0802,1.9861,6.3248;7.7149,0.7177,3.0428;2.2955,-3.8072,3.1024;2.0271,-2.8763,1.5932;1.3916,-2.2667,3.1436;5.4730,-0.9291,3.3729;5.2977,0.4120,0.6258;6.9241,2.0074,0.0217;8.9760,3.2874,0.4715;10.1798,2.9882,2.6087;9.0959,3.0620,5.7364;9.3069,1.5443,6.6421;7.4468,-0.0986,6.7462;5.0710,-0.5972,6.3838;2.8365,-0.1234,6.8167;0.6126,-0.8218,6.1665;-1.4359,-0.1696,5.7093;-1.4785,-1.8182,5.0463;-2.5444,-0.5605,4.3953;-0.1712,-0.4960,1.7716;-1.4027,0.7123,2.2023;-1.7742,-1.0231,2.2774;1.1508,1.0874,2.3593;3.3788,1.7370,3.0125;4.6033,3.1303,4.3519;6.9848,3.6077,4.6850;11.0635,-1.2331,6.3308;12.3201,-1.2360,8.4514;13.6812,-0.0395,10.1180;14.6690,4.0758,9.4987;13.4163,4.0750,7.3757;12.0230,2.8845,5.7269;7.3994,-0.0309,3.7496;</g>
	</geometry>
	<conformers/>
	<properties/>
</molecule>
