<?xml version="1.0" ?>
<!--MOLLI PACKAGE EXPERIMENTAL XML FORMAT-->
<molecule name="el1218">
	<atoms>
		<a id="1" s="O" t="O.2" l="O"/>
		<a id="2" s="C" t="C.2" l="C"/>
		<a id="3" s="N" t="N.am" l="N"/>
		<a id="4" s="C" t="C.3" l="C"/>
		<a id="5" s="C" t="C.ar" l="C"/>
		<a id="6" s="C" t="C.ar" l="C"/>
		<a id="7" s="C" t="C.ar" l="C"/>
		<a id="8" s="C" t="C.ar" l="C"/>
		<a id="9" s="O" t="O.3" l="O"/>
		<a id="10" s="C" t="C.3" l="C"/>
		<a id="11" s="F" t="F" l="F"/>
		<a id="12" s="F" t="F" l="F"/>
		<a id="13" s="F" t="F" l="F"/>
		<a id="14" s="C" t="C.ar" l="C"/>
		<a id="15" s="C" t="C.ar" l="C"/>
		<a id="16" s="C" t="C.3" l="C"/>
		<a id="17" s="C" t="C.3" l="C"/>
		<a id="18" s="C" t="C.3" l="C"/>
		<a id="19" s="C" t="C.3" l="C"/>
		<a id="20" s="N" t="N.pl3" l="N"/>
		<a id="21" s="C" t="C.ar" l="C"/>
		<a id="22" s="C" t="C.ar" l="C"/>
		<a id="23" s="C" t="C.ar" l="C"/>
		<a id="24" s="N" t="N.ar" l="N"/>
		<a id="25" s="C" t="C.ar" l="C"/>
		<a id="26" s="Br" t="Br" l="BR"/>
		<a id="27" s="C" t="C.ar" l="C"/>
		<a id="28" s="C" t="C.3" l="C"/>
		<a id="29" s="H" t="H" l="H"/>
		<a id="30" s="H" t="H" l="H"/>
		<a id="31" s="H" t="H" l="H"/>
		<a id="32" s="H" t="H" l="H"/>
		<a id="33" s="H" t="H" l="H"/>
		<a id="34" s="H" t="H" l="H"/>
		<a id="35" s="H" t="H" l="H"/>
		<a id="36" s="H" t="H" l="H"/>
		<a id="37" s="H" t="H" l="H"/>
		<a id="38" s="H" t="H" l="H"/>
		<a id="39" s="H" t="H" l="H"/>
		<a id="40" s="H" t="H" l="H"/>
		<a id="41" s="H" t="H" l="H"/>
		<a id="42" s="H" t="H" l="H"/>
		<a id="43" s="H" t="H" l="H"/>
		<a id="44" s="H" t="H" l="H"/>
		<a id="45" s="H" t="H" l="H"/>
		<a id="46" s="H" t="H" l="H"/>
		<a id="47" s="H" t="H" l="H"/>
	</atoms>
	<bonds>
		<b id="1" c="1 2" t="2"/>
		<b id="2" c="2 3" t="am"/>
		<b id="3" c="3 4" t="1"/>
		<b id="4" c="4 5" t="1"/>
		<b id="5" c="5 6" t="ar"/>
		<b id="6" c="6 7" t="ar"/>
		<b id="7" c="7 8" t="ar"/>
		<b id="8" c="8 9" t="1"/>
		<b id="9" c="9 10" t="1"/>
		<b id="10" c="10 11" t="1"/>
		<b id="11" c="10 12" t="1"/>
		<b id="12" c="10 13" t="1"/>
		<b id="13" c="8 14" t="ar"/>
		<b id="14" c="14 15" t="ar"/>
		<b id="15" c="5 15" t="ar"/>
		<b id="16" c="2 16" t="1"/>
		<b id="17" c="16 17" t="1"/>
		<b id="18" c="17 18" t="1"/>
		<b id="19" c="18 19" t="1"/>
		<b id="20" c="19 20" t="1"/>
		<b id="21" c="20 21" t="1"/>
		<b id="22" c="21 22" t="ar"/>
		<b id="23" c="22 23" t="ar"/>
		<b id="24" c="23 24" t="ar"/>
		<b id="25" c="24 25" t="ar"/>
		<b id="26" c="25 26" t="1"/>
		<b id="27" c="25 27" t="ar"/>
		<b id="28" c="21 27" t="ar"/>
		<b id="29" c="20 28" t="1"/>
		<b id="30" c="16 28" t="1"/>
		<b id="31" c="3 29" t="1"/>
		<b id="32" c="4 30" t="1"/>
		<b id="33" c="4 31" t="1"/>
		<b id="34" c="6 32" t="1"/>
		<b id="35" c="7 33" t="1"/>
		<b id="36" c="14 34" t="1"/>
		<b id="37" c="15 35" t="1"/>
		<b id="38" c="16 36" t="1"/>
		<b id="39" c="17 37" t="1"/>
		<b id="40" c="17 38" t="1"/>
		<b id="41" c="18 39" t="1"/>
		<b id="42" c="18 40" t="1"/>
		<b id="43" c="19 41" t="1"/>
		<b id="44" c="19 42" t="1"/>
		<b id="45" c="22 43" t="1"/>
		<b id="46" c="23 44" t="1"/>
		<b id="47" c="27 45" t="1"/>
		<b id="48" c="28 46" t="1"/>
		<b id="49" c="28 47" t="1"/>
	</bonds>
	<geometry>
		<g u="A" t="cart/3d">#47,3:2.3312,-0.7943,-0.8683;2.1832,0.3367,-0.4534;0.9770,0.9268,-0.3345;-0.2571,0.2131,-0.6002;-0.7966,-0.4174,0.6591;-1.8744,0.1271,1.3382;-2.3462,-0.4442,2.5113;-1.7162,-1.5718,3.0043;-2.1008,-2.2460,4.1794;-3.1590,-1.8604,4.8574;-4.3064,-1.8720,4.1563;-3.3328,-2.6799,5.8885;-3.0661,-0.6167,5.3685;-0.6251,-2.1247,2.3467;-0.1707,-1.5471,1.1794;3.3806,1.1855,-0.0259;3.7167,0.8975,1.4440;2.7056,1.5686,2.3657;2.6185,3.0685,2.0774;2.2580,3.2800,0.6887;1.5569,4.4042,0.3101;1.3161,5.4884,1.1700;0.5529,6.5496,0.7265;0.0145,6.6164,-0.4802;0.2331,5.5974,-1.2796;-0.5790,5.7104,-2.9988;0.9757,4.4788,-0.9661;3.2208,2.6925,-0.2305;0.9178,1.8286,0.1157;-0.0190,-0.5659,-1.3295;-0.9814,0.9093,-1.0286;-2.3693,1.0053,0.9507;-3.1926,-0.0000,3.0099;-0.1583,-3.0032,2.7604;0.6743,-1.9699,0.6577;4.2165,0.8439,-0.6446;4.7156,1.2847,1.6597;3.7284,-0.1798,1.6128;3.0012,1.4283,3.4063;1.7218,1.1132,2.2351;3.5828,3.5452,2.3098;1.8486,3.5034,2.7161;1.7385,5.5253,2.1598;0.3664,7.4040,1.3621;1.0769,3.6862,-1.6897;4.2034,3.1626,-0.0626;2.9283,2.8988,-1.2591;</g>
	</geometry>
	<conformers/>
	<properties/>
</molecule>
