<?xml version="1.0" ?>
<!--MOLLI PACKAGE EXPERIMENTAL XML FORMAT-->
<molecule name="el1384">
	<atoms>
		<a id="1" s="C" t="C.3" l="C"/>
		<a id="2" s="O" t="O.3" l="O"/>
		<a id="3" s="C" t="C.2" l="C"/>
		<a id="4" s="O" t="O.2" l="O"/>
		<a id="5" s="C" t="C.ar" l="C"/>
		<a id="6" s="C" t="C.ar" l="C"/>
		<a id="7" s="C" t="C.ar" l="C"/>
		<a id="8" s="C" t="C.ar" l="C"/>
		<a id="9" s="C" t="C.ar" l="C"/>
		<a id="10" s="Br" t="Br" l="BR"/>
		<a id="11" s="C" t="C.ar" l="C"/>
		<a id="12" s="H" t="H" l="H"/>
		<a id="13" s="H" t="H" l="H"/>
		<a id="14" s="H" t="H" l="H"/>
		<a id="15" s="H" t="H" l="H"/>
		<a id="16" s="H" t="H" l="H"/>
		<a id="17" s="H" t="H" l="H"/>
		<a id="18" s="H" t="H" l="H"/>
	</atoms>
	<bonds>
		<b id="1" c="1 2" t="1"/>
		<b id="2" c="2 3" t="1"/>
		<b id="3" c="3 4" t="2"/>
		<b id="4" c="3 5" t="1"/>
		<b id="5" c="5 6" t="ar"/>
		<b id="6" c="6 7" t="ar"/>
		<b id="7" c="7 8" t="ar"/>
		<b id="8" c="8 9" t="ar"/>
		<b id="9" c="9 10" t="1"/>
		<b id="10" c="9 11" t="ar"/>
		<b id="11" c="5 11" t="ar"/>
		<b id="12" c="1 12" t="1"/>
		<b id="13" c="1 13" t="1"/>
		<b id="14" c="1 14" t="1"/>
		<b id="15" c="6 15" t="1"/>
		<b id="16" c="7 16" t="1"/>
		<b id="17" c="8 17" t="1"/>
		<b id="18" c="11 18" t="1"/>
	</bonds>
	<geometry>
		<g u="A" t="cart/3d">#18,3:1.1782,-0.7924,0.5151;2.5981,-0.7944,0.4838;3.1564,-1.0745,-0.7009;2.5190,-1.3143,-1.6957;4.6420,-1.0512,-0.6471;5.3366,-0.8096,0.5349;6.7201,-0.7957,0.5282;7.4200,-1.0194,-0.6459;6.7168,-1.2601,-1.8160;7.6755,-1.5678,-3.4310;5.3360,-1.2801,-1.8320;0.8962,-0.4310,1.5006;0.7947,-1.8021,0.3533;0.7827,-0.1381,-0.2643;4.7885,-0.6354,1.4468;7.2634,-0.6091,1.4421;8.4992,-1.0081,-0.6555;4.7816,-1.4670,-2.7393;</g>
	</geometry>
	<conformers/>
	<properties/>
</molecule>
