<?xml version="1.0" ?>
<!--MOLLI PACKAGE EXPERIMENTAL XML FORMAT-->
<molecule name="el1219">
	<atoms>
		<a id="1" s="C" t="C.3" l="C"/>
		<a id="2" s="C" t="C.ar" l="C"/>
		<a id="3" s="C" t="C.ar" l="C"/>
		<a id="4" s="C" t="C.ar" l="C"/>
		<a id="5" s="C" t="C.ar" l="C"/>
		<a id="6" s="C" t="C.3" l="C"/>
		<a id="7" s="N" t="N.am" l="N"/>
		<a id="8" s="C" t="C.2" l="C"/>
		<a id="9" s="O" t="O.2" l="O"/>
		<a id="10" s="C" t="C.3" l="C"/>
		<a id="11" s="C" t="C.3" l="C"/>
		<a id="12" s="C" t="C.3" l="C"/>
		<a id="13" s="C" t="C.3" l="C"/>
		<a id="14" s="N" t="N.pl3" l="N"/>
		<a id="15" s="C" t="C.ar" l="C"/>
		<a id="16" s="C" t="C.ar" l="C"/>
		<a id="17" s="C" t="C.ar" l="C"/>
		<a id="18" s="N" t="N.ar" l="N"/>
		<a id="19" s="C" t="C.ar" l="C"/>
		<a id="20" s="Br" t="Br" l="BR"/>
		<a id="21" s="C" t="C.ar" l="C"/>
		<a id="22" s="C" t="C.3" l="C"/>
		<a id="23" s="C" t="C.ar" l="C"/>
		<a id="24" s="C" t="C.ar" l="C"/>
		<a id="25" s="H" t="H" l="H"/>
		<a id="26" s="H" t="H" l="H"/>
		<a id="27" s="H" t="H" l="H"/>
		<a id="28" s="H" t="H" l="H"/>
		<a id="29" s="H" t="H" l="H"/>
		<a id="30" s="H" t="H" l="H"/>
		<a id="31" s="H" t="H" l="H"/>
		<a id="32" s="H" t="H" l="H"/>
		<a id="33" s="H" t="H" l="H"/>
		<a id="34" s="H" t="H" l="H"/>
		<a id="35" s="H" t="H" l="H"/>
		<a id="36" s="H" t="H" l="H"/>
		<a id="37" s="H" t="H" l="H"/>
		<a id="38" s="H" t="H" l="H"/>
		<a id="39" s="H" t="H" l="H"/>
		<a id="40" s="H" t="H" l="H"/>
		<a id="41" s="H" t="H" l="H"/>
		<a id="42" s="H" t="H" l="H"/>
		<a id="43" s="H" t="H" l="H"/>
		<a id="44" s="H" t="H" l="H"/>
		<a id="45" s="H" t="H" l="H"/>
		<a id="46" s="H" t="H" l="H"/>
	</atoms>
	<bonds>
		<b id="1" c="1 2" t="1"/>
		<b id="2" c="2 3" t="ar"/>
		<b id="3" c="3 4" t="ar"/>
		<b id="4" c="4 5" t="ar"/>
		<b id="5" c="5 6" t="1"/>
		<b id="6" c="6 7" t="1"/>
		<b id="7" c="7 8" t="am"/>
		<b id="8" c="8 9" t="2"/>
		<b id="9" c="10 11" t="1"/>
		<b id="10" c="11 12" t="1"/>
		<b id="11" c="12 13" t="1"/>
		<b id="12" c="13 14" t="1"/>
		<b id="13" c="14 15" t="1"/>
		<b id="14" c="15 16" t="ar"/>
		<b id="15" c="16 17" t="ar"/>
		<b id="16" c="17 18" t="ar"/>
		<b id="17" c="18 19" t="ar"/>
		<b id="18" c="19 20" t="1"/>
		<b id="19" c="19 21" t="ar"/>
		<b id="20" c="15 21" t="ar"/>
		<b id="21" c="14 22" t="1"/>
		<b id="22" c="10 22" t="1"/>
		<b id="23" c="5 23" t="ar"/>
		<b id="24" c="23 24" t="ar"/>
		<b id="25" c="2 24" t="ar"/>
		<b id="26" c="10 8" t="1"/>
		<b id="27" c="1 25" t="1"/>
		<b id="28" c="1 26" t="1"/>
		<b id="29" c="1 27" t="1"/>
		<b id="30" c="3 28" t="1"/>
		<b id="31" c="4 29" t="1"/>
		<b id="32" c="6 30" t="1"/>
		<b id="33" c="6 31" t="1"/>
		<b id="34" c="7 32" t="1"/>
		<b id="35" c="10 33" t="1"/>
		<b id="36" c="11 34" t="1"/>
		<b id="37" c="11 35" t="1"/>
		<b id="38" c="12 36" t="1"/>
		<b id="39" c="12 37" t="1"/>
		<b id="40" c="13 38" t="1"/>
		<b id="41" c="13 39" t="1"/>
		<b id="42" c="16 40" t="1"/>
		<b id="43" c="17 41" t="1"/>
		<b id="44" c="21 42" t="1"/>
		<b id="45" c="22 43" t="1"/>
		<b id="46" c="22 44" t="1"/>
		<b id="47" c="23 45" t="1"/>
		<b id="48" c="24 46" t="1"/>
	</bonds>
	<geometry>
		<g u="A" t="cart/3d">#46,3:-5.8960,10.1815,-4.8381;-5.5097,8.7784,-4.4823;-4.2285,8.3014,-4.7195;-3.8870,6.9969,-4.4054;-4.8248,6.1373,-3.8542;-4.4759,4.7169,-3.4927;-4.4592,4.5257,-2.0532;-5.4843,3.9525,-1.3893;-6.4481,3.4660,-1.9423;-5.3261,3.9708,0.1284;-5.8264,5.3159,0.6737;-5.8369,5.2984,2.2011;-6.6500,4.1044,2.7148;-6.0965,2.8727,2.1936;-5.1542,2.1605,2.8764;-5.1409,2.0996,4.2851;-4.2105,1.3176,4.9305;-3.2892,0.5958,4.3068;-3.3023,0.6521,2.9961;-1.9543,-0.3756,2.1205;-4.1756,1.3884,2.2251;-6.1671,2.8487,0.7511;-6.1081,6.6129,-3.6076;-6.4439,7.9157,-3.9173;-5.0244,10.7689,-5.1153;-6.3955,10.6663,-4.0010;-6.5888,10.1760,-5.6796;-3.4873,8.9556,-5.1562;-2.8840,6.6442,-4.6010;-3.4985,4.4422,-3.8984;-5.2361,4.0325,-3.8788;-3.7298,4.9928,-1.5385;-4.2727,3.8348,0.3961;-6.8405,5.4872,0.3047;-5.1967,6.1317,0.3112;-6.2658,6.2258,2.5825;-4.8136,5.2161,2.5765;-7.6853,4.1859,2.3684;-6.6546,4.0987,3.8026;-5.8642,2.6363,4.8757;-4.1909,1.2533,6.0098;-4.0748,1.3640,1.1535;-7.2110,3.0010,0.4593;-5.8678,1.8752,0.3659;-6.8427,5.9480,-3.1776;-7.4464,8.2713,-3.7267;</g>
	</geometry>
	<conformers/>
	<properties/>
</molecule>
