<?xml version="1.0" ?>
<!--MOLLI PACKAGE EXPERIMENTAL XML FORMAT-->
<molecule name="el1392">
	<atoms>
		<a id="1" s="Br" t="Br" l="BR"/>
		<a id="2" s="C" t="C.ar" l="C"/>
		<a id="3" s="C" t="C.ar" l="C"/>
		<a id="4" s="C" t="C.ar" l="C"/>
		<a id="5" s="C" t="C.ar" l="C"/>
		<a id="6" s="C" t="C.ar" l="C"/>
		<a id="7" s="N" t="N.ar" l="N"/>
		<a id="8" s="N" t="N.ar" l="N"/>
		<a id="9" s="C" t="C.ar" l="C"/>
		<a id="10" s="C" t="C.ar" l="C"/>
		<a id="11" s="H" t="H" l="H"/>
		<a id="12" s="H" t="H" l="H"/>
		<a id="13" s="H" t="H" l="H"/>
		<a id="14" s="H" t="H" l="H"/>
		<a id="15" s="H" t="H" l="H"/>
	</atoms>
	<bonds>
		<b id="1" c="1 2" t="1"/>
		<b id="2" c="2 3" t="ar"/>
		<b id="3" c="3 4" t="ar"/>
		<b id="4" c="4 5" t="ar"/>
		<b id="5" c="5 6" t="ar"/>
		<b id="6" c="6 7" t="ar"/>
		<b id="7" c="7 8" t="ar"/>
		<b id="8" c="8 9" t="ar"/>
		<b id="9" c="5 9" t="ar"/>
		<b id="10" c="9 10" t="ar"/>
		<b id="11" c="2 10" t="ar"/>
		<b id="12" c="3 11" t="1"/>
		<b id="13" c="4 12" t="1"/>
		<b id="14" c="6 13" t="1"/>
		<b id="15" c="8 14" t="1"/>
		<b id="16" c="10 15" t="1"/>
	</bonds>
	<geometry>
		<g u="A" t="cart/3d">#15,3:1.0838,-0.0359,0.1240;2.9906,-0.0106,0.1138;3.6681,-1.2369,0.0590;5.0407,-1.2765,0.0494;5.7393,-0.0680,0.0955;7.1026,0.3290,0.1036;7.2073,1.6305,0.1576;5.9664,2.1343,0.1855;5.0266,1.1576,0.1506;3.6354,1.2037,0.1606;3.0931,-2.1491,0.0243;5.5678,-2.2168,0.0069;7.9778,-0.2879,0.0726;5.8313,3.1309,0.2283;3.0933,2.1350,0.2025;</g>
	</geometry>
	<conformers/>
	<properties/>
</molecule>
