<?xml version="1.0" ?>
<!--MOLLI PACKAGE EXPERIMENTAL XML FORMAT-->
<molecule name="el1397">
	<atoms>
		<a id="1" s="C" t="C.3" l="C"/>
		<a id="2" s="O" t="O.3" l="O"/>
		<a id="3" s="C" t="C.ar" l="C"/>
		<a id="4" s="C" t="C.ar" l="C"/>
		<a id="5" s="C" t="C.ar" l="C"/>
		<a id="6" s="C" t="C.ar" l="C"/>
		<a id="7" s="C" t="C.ar" l="C"/>
		<a id="8" s="C" t="C.ar" l="C"/>
		<a id="9" s="Br" t="Br" l="BR"/>
		<a id="10" s="C" t="C.ar" l="C"/>
		<a id="11" s="C" t="C.ar" l="C"/>
		<a id="12" s="C" t="C.3" l="C"/>
		<a id="13" s="C" t="C.3" l="C"/>
		<a id="14" s="N" t="N.am" l="N"/>
		<a id="15" s="C" t="C.2" l="C"/>
		<a id="16" s="C" t="C.3" l="C"/>
		<a id="17" s="O" t="O.2" l="O"/>
		<a id="18" s="C" t="C.ar" l="C"/>
		<a id="19" s="C" t="C.ar" l="C"/>
		<a id="20" s="H" t="H" l="H"/>
		<a id="21" s="H" t="H" l="H"/>
		<a id="22" s="H" t="H" l="H"/>
		<a id="23" s="H" t="H" l="H"/>
		<a id="24" s="H" t="H" l="H"/>
		<a id="25" s="H" t="H" l="H"/>
		<a id="26" s="H" t="H" l="H"/>
		<a id="27" s="H" t="H" l="H"/>
		<a id="28" s="H" t="H" l="H"/>
		<a id="29" s="H" t="H" l="H"/>
		<a id="30" s="H" t="H" l="H"/>
		<a id="31" s="H" t="H" l="H"/>
		<a id="32" s="H" t="H" l="H"/>
		<a id="33" s="H" t="H" l="H"/>
		<a id="34" s="H" t="H" l="H"/>
		<a id="35" s="H" t="H" l="H"/>
	</atoms>
	<bonds>
		<b id="1" c="1 2" t="1"/>
		<b id="2" c="2 3" t="1"/>
		<b id="3" c="3 4" t="ar"/>
		<b id="4" c="4 5" t="ar"/>
		<b id="5" c="5 6" t="ar"/>
		<b id="6" c="6 7" t="ar"/>
		<b id="7" c="7 8" t="ar"/>
		<b id="8" c="8 9" t="1"/>
		<b id="9" c="8 10" t="ar"/>
		<b id="10" c="10 11" t="ar"/>
		<b id="11" c="11 12" t="1"/>
		<b id="12" c="12 13" t="1"/>
		<b id="13" c="13 14" t="1"/>
		<b id="14" c="14 15" t="am"/>
		<b id="15" c="15 16" t="1"/>
		<b id="16" c="15 17" t="2"/>
		<b id="17" c="11 18" t="ar"/>
		<b id="18" c="6 18" t="ar"/>
		<b id="19" c="18 19" t="ar"/>
		<b id="20" c="3 19" t="ar"/>
		<b id="21" c="1 20" t="1"/>
		<b id="22" c="1 21" t="1"/>
		<b id="23" c="1 22" t="1"/>
		<b id="24" c="4 23" t="1"/>
		<b id="25" c="5 24" t="1"/>
		<b id="26" c="7 25" t="1"/>
		<b id="27" c="10 26" t="1"/>
		<b id="28" c="12 27" t="1"/>
		<b id="29" c="12 28" t="1"/>
		<b id="30" c="13 29" t="1"/>
		<b id="31" c="13 30" t="1"/>
		<b id="32" c="14 31" t="1"/>
		<b id="33" c="16 32" t="1"/>
		<b id="34" c="16 33" t="1"/>
		<b id="35" c="16 34" t="1"/>
		<b id="36" c="19 35" t="1"/>
	</bonds>
	<geometry>
		<g u="A" t="cart/3d">#35,3:1.2793,-0.6881,-0.4695;2.4391,0.0056,-0.0765;3.0738,-0.3680,1.0679;2.6475,-1.4152,1.9056;3.3576,-1.7099,3.0354;4.5166,-0.9924,3.3865;5.2370,-1.3095,4.5559;6.3525,-0.5897,4.8620;7.3456,-1.0003,6.4392;6.8084,0.4546,4.0432;6.1384,0.7870,2.8959;6.6120,1.8948,1.9934;7.9537,2.5250,2.3719;8.3285,3.5437,1.4184;8.3987,4.8597,1.7376;8.7625,5.7457,0.5636;8.1917,5.2745,2.8557;4.9585,0.0643,2.5435;4.2061,0.3506,1.3928;0.9610,-0.2217,-1.4006;0.4800,-0.5918,0.2725;1.4847,-1.7483,-0.6504;1.7647,-1.9868,1.6673;3.0304,-2.5110,3.6819;4.8961,-2.1131,5.1906;7.6959,0.9859,4.3440;5.8538,2.6834,1.9800;6.6940,1.4989,0.9760;8.7364,1.7594,2.4074;7.8892,3.0307,3.3376;8.4779,3.2578,0.4640;9.6541,5.3736,0.0649;8.9415,6.7556,0.9206;7.9414,5.7640,-0.1505;4.4897,1.1485,0.7273;</g>
	</geometry>
	<conformers/>
	<properties/>
</molecule>
