<?xml version="1.0" ?>
<!--MOLLI PACKAGE EXPERIMENTAL XML FORMAT-->
<molecule name="el1399">
	<atoms>
		<a id="1" s="C" t="C.3" l="C"/>
		<a id="2" s="N" t="N.am" l="N"/>
		<a id="3" s="C" t="C.3" l="C"/>
		<a id="4" s="C" t="C.2" l="C"/>
		<a id="5" s="O" t="O.2" l="O"/>
		<a id="6" s="C" t="C.ar" l="C"/>
		<a id="7" s="C" t="C.ar" l="C"/>
		<a id="8" s="C" t="C.ar" l="C"/>
		<a id="9" s="C" t="C.ar" l="C"/>
		<a id="10" s="C" t="C.ar" l="C"/>
		<a id="11" s="C" t="C.ar" l="C"/>
		<a id="12" s="C" t="C.ar" l="C"/>
		<a id="13" s="Br" t="Br" l="BR"/>
		<a id="14" s="N" t="N.ar" l="N"/>
		<a id="15" s="N" t="N.ar" l="N"/>
		<a id="16" s="C" t="C.ar" l="C"/>
		<a id="17" s="C" t="C.ar" l="C"/>
		<a id="18" s="C" t="C.ar" l="C"/>
		<a id="19" s="C" t="C.ar" l="C"/>
		<a id="20" s="C" t="C.2" l="C"/>
		<a id="21" s="O" t="O.2" l="O"/>
		<a id="22" s="O" t="O.3" l="O"/>
		<a id="23" s="C" t="C.3" l="C"/>
		<a id="24" s="C" t="C.3" l="C"/>
		<a id="25" s="C" t="C.3" l="C"/>
		<a id="26" s="C" t="C.3" l="C"/>
		<a id="27" s="C" t="C.ar" l="C"/>
		<a id="28" s="C" t="C.ar" l="C"/>
		<a id="29" s="H" t="H" l="H"/>
		<a id="30" s="H" t="H" l="H"/>
		<a id="31" s="H" t="H" l="H"/>
		<a id="32" s="H" t="H" l="H"/>
		<a id="33" s="H" t="H" l="H"/>
		<a id="34" s="H" t="H" l="H"/>
		<a id="35" s="H" t="H" l="H"/>
		<a id="36" s="H" t="H" l="H"/>
		<a id="37" s="H" t="H" l="H"/>
		<a id="38" s="H" t="H" l="H"/>
		<a id="39" s="H" t="H" l="H"/>
		<a id="40" s="H" t="H" l="H"/>
		<a id="41" s="H" t="H" l="H"/>
		<a id="42" s="H" t="H" l="H"/>
		<a id="43" s="H" t="H" l="H"/>
		<a id="44" s="H" t="H" l="H"/>
		<a id="45" s="H" t="H" l="H"/>
		<a id="46" s="H" t="H" l="H"/>
		<a id="47" s="H" t="H" l="H"/>
		<a id="48" s="H" t="H" l="H"/>
		<a id="49" s="H" t="H" l="H"/>
		<a id="50" s="H" t="H" l="H"/>
	</atoms>
	<bonds>
		<b id="1" c="1 2" t="1"/>
		<b id="2" c="2 3" t="1"/>
		<b id="3" c="2 4" t="am"/>
		<b id="4" c="4 5" t="2"/>
		<b id="5" c="4 6" t="1"/>
		<b id="6" c="6 7" t="ar"/>
		<b id="7" c="7 8" t="ar"/>
		<b id="8" c="8 9" t="ar"/>
		<b id="9" c="9 10" t="ar"/>
		<b id="10" c="10 11" t="ar"/>
		<b id="11" c="6 11" t="ar"/>
		<b id="12" c="10 12" t="ar"/>
		<b id="13" c="12 13" t="1"/>
		<b id="14" c="12 14" t="ar"/>
		<b id="15" c="14 15" t="ar"/>
		<b id="16" c="9 15" t="ar"/>
		<b id="17" c="15 16" t="1"/>
		<b id="18" c="16 17" t="ar"/>
		<b id="19" c="17 18" t="ar"/>
		<b id="20" c="18 19" t="ar"/>
		<b id="21" c="19 20" t="1"/>
		<b id="22" c="20 21" t="2"/>
		<b id="23" c="20 22" t="1"/>
		<b id="24" c="22 23" t="1"/>
		<b id="25" c="23 24" t="1"/>
		<b id="26" c="23 25" t="1"/>
		<b id="27" c="23 26" t="1"/>
		<b id="28" c="19 27" t="ar"/>
		<b id="29" c="27 28" t="ar"/>
		<b id="30" c="16 28" t="ar"/>
		<b id="31" c="1 29" t="1"/>
		<b id="32" c="1 30" t="1"/>
		<b id="33" c="1 31" t="1"/>
		<b id="34" c="3 32" t="1"/>
		<b id="35" c="3 33" t="1"/>
		<b id="36" c="3 34" t="1"/>
		<b id="37" c="7 35" t="1"/>
		<b id="38" c="8 36" t="1"/>
		<b id="39" c="11 37" t="1"/>
		<b id="40" c="17 38" t="1"/>
		<b id="41" c="18 39" t="1"/>
		<b id="42" c="24 40" t="1"/>
		<b id="43" c="24 41" t="1"/>
		<b id="44" c="24 42" t="1"/>
		<b id="45" c="25 43" t="1"/>
		<b id="46" c="25 44" t="1"/>
		<b id="47" c="25 45" t="1"/>
		<b id="48" c="26 46" t="1"/>
		<b id="49" c="26 47" t="1"/>
		<b id="50" c="26 48" t="1"/>
		<b id="51" c="27 49" t="1"/>
		<b id="52" c="28 50" t="1"/>
	</bonds>
	<geometry>
		<g u="A" t="cart/3d">#50,3:9.1324,5.8384,-6.7142;9.2483,4.6454,-5.9083;10.0473,3.5905,-6.4762;8.5771,4.5689,-4.7365;7.8499,5.4579,-4.3342;8.7877,3.3255,-3.9228;10.0310,3.1057,-3.3016;10.2532,2.0416,-2.4591;9.1899,1.1694,-2.2305;7.9478,1.3662,-2.8833;7.7337,2.4616,-3.7164;7.1763,0.2460,-2.4699;5.4204,-0.1498,-2.9628;7.8551,-0.5354,-1.6733;9.0699,0.0152,-1.5020;9.9940,-0.6101,-0.6618;9.9702,-1.9995,-0.5554;10.8756,-2.6370,0.2646;11.8132,-1.9017,0.9874;12.7798,-2.6414,1.8453;12.7729,-3.8450,1.9510;13.6254,-1.8132,2.4528;14.6547,-2.3079,3.3467;15.6152,-3.2239,2.5893;15.3757,-1.0434,3.8154;14.0189,-3.0337,4.5315;11.8119,-0.5124,0.9005;10.9033,0.1336,0.0867;10.1193,6.2727,-6.8890;8.5096,6.5503,-6.1759;8.6700,5.6067,-7.6766;9.7241,3.3993,-7.5029;9.9403,2.6745,-5.9006;11.1037,3.8765,-6.4974;10.8331,3.8031,-3.4935;11.2226,1.8838,-2.0151;6.7769,2.6197,-4.1892;9.2353,-2.5534,-1.1174;10.8801,-3.7122,0.3584;16.0173,-2.7076,1.7199;15.1000,-4.1211,2.2577;16.4362,-3.5093,3.2409;15.7975,-0.5165,2.9634;16.1756,-1.3044,4.5017;14.6773,-0.3814,4.3208;13.5087,-3.9322,4.1955;13.2987,-2.3842,5.0250;14.7896,-3.3119,5.2447;12.5186,0.0574,1.4826;10.8766,1.2113,0.0564;</g>
	</geometry>
	<conformers/>
	<properties/>
</molecule>
