<?xml version="1.0" ?>
<!--MOLLI PACKAGE EXPERIMENTAL XML FORMAT-->
<molecule name="el1220">
	<atoms>
		<a id="1" s="C" t="C.3" l="C"/>
		<a id="2" s="O" t="O.3" l="O"/>
		<a id="3" s="C" t="C.ar" l="C"/>
		<a id="4" s="C" t="C.ar" l="C"/>
		<a id="5" s="C" t="C.ar" l="C"/>
		<a id="6" s="C" t="C.ar" l="C"/>
		<a id="7" s="C" t="C.3" l="C"/>
		<a id="8" s="N" t="N.am" l="N"/>
		<a id="9" s="C" t="C.2" l="C"/>
		<a id="10" s="O" t="O.2" l="O"/>
		<a id="11" s="C" t="C.3" l="C"/>
		<a id="12" s="C" t="C.3" l="C"/>
		<a id="13" s="C" t="C.3" l="C"/>
		<a id="14" s="C" t="C.3" l="C"/>
		<a id="15" s="N" t="N.pl3" l="N"/>
		<a id="16" s="C" t="C.ar" l="C"/>
		<a id="17" s="C" t="C.ar" l="C"/>
		<a id="18" s="C" t="C.ar" l="C"/>
		<a id="19" s="N" t="N.ar" l="N"/>
		<a id="20" s="C" t="C.ar" l="C"/>
		<a id="21" s="Br" t="Br" l="BR"/>
		<a id="22" s="C" t="C.ar" l="C"/>
		<a id="23" s="C" t="C.3" l="C"/>
		<a id="24" s="C" t="C.ar" l="C"/>
		<a id="25" s="C" t="C.ar" l="C"/>
		<a id="26" s="O" t="O.3" l="O"/>
		<a id="27" s="C" t="C.3" l="C"/>
		<a id="28" s="H" t="H" l="H"/>
		<a id="29" s="H" t="H" l="H"/>
		<a id="30" s="H" t="H" l="H"/>
		<a id="31" s="H" t="H" l="H"/>
		<a id="32" s="H" t="H" l="H"/>
		<a id="33" s="H" t="H" l="H"/>
		<a id="34" s="H" t="H" l="H"/>
		<a id="35" s="H" t="H" l="H"/>
		<a id="36" s="H" t="H" l="H"/>
		<a id="37" s="H" t="H" l="H"/>
		<a id="38" s="H" t="H" l="H"/>
		<a id="39" s="H" t="H" l="H"/>
		<a id="40" s="H" t="H" l="H"/>
		<a id="41" s="H" t="H" l="H"/>
		<a id="42" s="H" t="H" l="H"/>
		<a id="43" s="H" t="H" l="H"/>
		<a id="44" s="H" t="H" l="H"/>
		<a id="45" s="H" t="H" l="H"/>
		<a id="46" s="H" t="H" l="H"/>
		<a id="47" s="H" t="H" l="H"/>
		<a id="48" s="H" t="H" l="H"/>
		<a id="49" s="H" t="H" l="H"/>
		<a id="50" s="H" t="H" l="H"/>
		<a id="51" s="H" t="H" l="H"/>
	</atoms>
	<bonds>
		<b id="1" c="1 2" t="1"/>
		<b id="2" c="2 3" t="1"/>
		<b id="3" c="3 4" t="ar"/>
		<b id="4" c="4 5" t="ar"/>
		<b id="5" c="5 6" t="ar"/>
		<b id="6" c="6 7" t="1"/>
		<b id="7" c="7 8" t="1"/>
		<b id="8" c="8 9" t="am"/>
		<b id="9" c="9 10" t="2"/>
		<b id="10" c="11 12" t="1"/>
		<b id="11" c="12 13" t="1"/>
		<b id="12" c="13 14" t="1"/>
		<b id="13" c="14 15" t="1"/>
		<b id="14" c="15 16" t="1"/>
		<b id="15" c="16 17" t="ar"/>
		<b id="16" c="17 18" t="ar"/>
		<b id="17" c="18 19" t="ar"/>
		<b id="18" c="19 20" t="ar"/>
		<b id="19" c="20 21" t="1"/>
		<b id="20" c="20 22" t="ar"/>
		<b id="21" c="16 22" t="ar"/>
		<b id="22" c="15 23" t="1"/>
		<b id="23" c="11 23" t="1"/>
		<b id="24" c="6 24" t="ar"/>
		<b id="25" c="24 25" t="ar"/>
		<b id="26" c="3 25" t="ar"/>
		<b id="27" c="25 26" t="1"/>
		<b id="28" c="26 27" t="1"/>
		<b id="29" c="11 9" t="1"/>
		<b id="30" c="1 28" t="1"/>
		<b id="31" c="1 29" t="1"/>
		<b id="32" c="1 30" t="1"/>
		<b id="33" c="4 31" t="1"/>
		<b id="34" c="5 32" t="1"/>
		<b id="35" c="7 33" t="1"/>
		<b id="36" c="7 34" t="1"/>
		<b id="37" c="8 35" t="1"/>
		<b id="38" c="11 36" t="1"/>
		<b id="39" c="12 37" t="1"/>
		<b id="40" c="12 38" t="1"/>
		<b id="41" c="13 39" t="1"/>
		<b id="42" c="13 40" t="1"/>
		<b id="43" c="14 41" t="1"/>
		<b id="44" c="14 42" t="1"/>
		<b id="45" c="17 43" t="1"/>
		<b id="46" c="18 44" t="1"/>
		<b id="47" c="22 45" t="1"/>
		<b id="48" c="23 46" t="1"/>
		<b id="49" c="23 47" t="1"/>
		<b id="50" c="24 48" t="1"/>
		<b id="51" c="27 49" t="1"/>
		<b id="52" c="27 50" t="1"/>
		<b id="53" c="27 51" t="1"/>
	</bonds>
	<geometry>
		<g u="A" t="cart/3d">#51,3:-2.4144,-5.2296,11.8172;-1.3285,-6.1038,11.9973;-0.0550,-5.6199,11.8222;0.2097,-4.3273,11.3844;1.5023,-3.8686,11.2088;2.5773,-4.6994,11.4782;3.9867,-4.2234,11.2421;4.3858,-4.4581,9.8642;4.2349,-3.5191,8.9059;3.9003,-2.3768,9.1364;4.5340,-4.0267,7.4975;3.2925,-4.7410,6.9455;3.5149,-5.1379,5.4870;3.9266,-3.9015,4.6839;5.1288,-3.3121,5.2335;6.3714,-3.6773,4.8039;6.5826,-4.6025,3.7613;7.8634,-4.8815,3.3375;8.9521,-4.3311,3.8533;8.7555,-3.4643,4.8204;10.3348,-2.6739,5.5397;7.5353,-3.0944,5.3394;4.8930,-2.8465,6.5821;2.3240,-5.9910,11.9092;1.0313,-6.4741,12.0915;0.9847,-7.7719,12.5070;-0.2225,-8.3709,12.9222;-3.2999,-5.8159,12.0595;-2.4867,-4.8805,10.7820;-2.3559,-4.3683,12.4902;-0.6068,-3.6572,11.1700;1.6737,-2.8630,10.8582;4.6895,-4.7396,11.9002;4.0533,-3.1454,11.4022;4.5453,-5.4162,9.5959;5.3772,-4.7261,7.5274;2.4401,-4.0604,7.0121;3.0616,-5.6231,7.5471;2.6027,-5.5667,5.0706;4.3063,-5.8886,5.4247;3.1352,-3.1476,4.7529;4.0655,-4.1368,3.6298;5.7654,-5.1190,3.2876;8.0409,-5.5959,2.5451;7.5034,-2.3583,6.1243;4.0577,-2.1406,6.5725;5.7568,-2.3226,6.9828;3.1336,-6.6699,12.1303;0.0620,-9.3615,13.2773;-0.9321,-8.4692,12.0985;-0.6897,-7.8138,13.7369;</g>
	</geometry>
	<conformers/>
	<properties/>
</molecule>
