<?xml version="1.0" ?>
<!--MOLLI PACKAGE EXPERIMENTAL XML FORMAT-->
<molecule name="el1403">
	<atoms>
		<a id="1" s="C" t="C.3" l="C"/>
		<a id="2" s="C" t="C.ar" l="C"/>
		<a id="3" s="C" t="C.ar" l="C"/>
		<a id="4" s="C" t="C.ar" l="C"/>
		<a id="5" s="C" t="C.ar" l="C"/>
		<a id="6" s="C" t="C.ar" l="C"/>
		<a id="7" s="C" t="C.ar" l="C"/>
		<a id="8" s="Br" t="Br" l="BR"/>
		<a id="9" s="C" t="C.ar" l="C"/>
		<a id="10" s="C" t="C.ar" l="C"/>
		<a id="11" s="C" t="C.ar" l="C"/>
		<a id="12" s="N" t="N.ar" l="N"/>
		<a id="13" s="H" t="H" l="H"/>
		<a id="14" s="H" t="H" l="H"/>
		<a id="15" s="H" t="H" l="H"/>
		<a id="16" s="H" t="H" l="H"/>
		<a id="17" s="H" t="H" l="H"/>
		<a id="18" s="H" t="H" l="H"/>
		<a id="19" s="H" t="H" l="H"/>
		<a id="20" s="H" t="H" l="H"/>
	</atoms>
	<bonds>
		<b id="1" c="1 2" t="1"/>
		<b id="2" c="2 3" t="ar"/>
		<b id="3" c="3 4" t="ar"/>
		<b id="4" c="4 5" t="ar"/>
		<b id="5" c="5 6" t="ar"/>
		<b id="6" c="6 7" t="ar"/>
		<b id="7" c="7 8" t="1"/>
		<b id="8" c="7 9" t="ar"/>
		<b id="9" c="9 10" t="ar"/>
		<b id="10" c="10 11" t="ar"/>
		<b id="11" c="5 11" t="ar"/>
		<b id="12" c="11 12" t="ar"/>
		<b id="13" c="2 12" t="ar"/>
		<b id="14" c="1 13" t="1"/>
		<b id="15" c="1 14" t="1"/>
		<b id="16" c="1 15" t="1"/>
		<b id="17" c="3 16" t="1"/>
		<b id="18" c="4 17" t="1"/>
		<b id="19" c="6 18" t="1"/>
		<b id="20" c="9 19" t="1"/>
		<b id="21" c="10 20" t="1"/>
	</bonds>
	<geometry>
		<g u="A" t="cart/3d">#20,3:1.0860,-0.1016,0.0330;2.5787,-0.0101,0.0054;3.2267,1.2475,0.0359;4.5912,1.2996,0.0053;5.3255,0.0957,-0.0549;6.7316,0.0507,-0.0980;7.3601,-1.1616,-0.1560;9.2655,-1.2331,-0.2199;6.6443,-2.3692,-0.1703;5.2793,-2.3452,-0.1297;4.5847,-1.1175,-0.0743;3.2407,-1.1373,-0.0450;0.6294,0.8830,-0.0105;0.7671,-0.6047,0.9441;0.7399,-0.7004,-0.8068;2.6365,2.1503,0.0817;5.1195,2.2430,0.0250;7.2951,0.9723,-0.0860;7.1836,-3.3032,-0.2141;4.7012,-3.2555,-0.1402;</g>
	</geometry>
	<conformers/>
	<properties/>
</molecule>
