<?xml version="1.0" ?>
<!--MOLLI PACKAGE EXPERIMENTAL XML FORMAT-->
<molecule name="el1404">
	<atoms>
		<a id="1" s="C" t="C.3" l="C"/>
		<a id="2" s="S" t="S.O2" l="S"/>
		<a id="3" s="O" t="O.2" l="O"/>
		<a id="4" s="O" t="O.2" l="O"/>
		<a id="5" s="C" t="C.3" l="C"/>
		<a id="6" s="C" t="C.ar" l="C"/>
		<a id="7" s="C" t="C.ar" l="C"/>
		<a id="8" s="C" t="C.ar" l="C"/>
		<a id="9" s="C" t="C.ar" l="C"/>
		<a id="10" s="Br" t="Br" l="BR"/>
		<a id="11" s="C" t="C.ar" l="C"/>
		<a id="12" s="N" t="N.ar" l="N"/>
		<a id="13" s="H" t="H" l="H"/>
		<a id="14" s="H" t="H" l="H"/>
		<a id="15" s="H" t="H" l="H"/>
		<a id="16" s="H" t="H" l="H"/>
		<a id="17" s="H" t="H" l="H"/>
		<a id="18" s="H" t="H" l="H"/>
		<a id="19" s="H" t="H" l="H"/>
		<a id="20" s="H" t="H" l="H"/>
	</atoms>
	<bonds>
		<b id="1" c="1 2" t="1"/>
		<b id="2" c="2 3" t="2"/>
		<b id="3" c="2 4" t="2"/>
		<b id="4" c="2 5" t="1"/>
		<b id="5" c="5 6" t="1"/>
		<b id="6" c="6 7" t="ar"/>
		<b id="7" c="7 8" t="ar"/>
		<b id="8" c="8 9" t="ar"/>
		<b id="9" c="9 10" t="1"/>
		<b id="10" c="9 11" t="ar"/>
		<b id="11" c="11 12" t="ar"/>
		<b id="12" c="6 12" t="ar"/>
		<b id="13" c="1 13" t="1"/>
		<b id="14" c="1 14" t="1"/>
		<b id="15" c="1 15" t="1"/>
		<b id="16" c="5 16" t="1"/>
		<b id="17" c="5 17" t="1"/>
		<b id="18" c="7 18" t="1"/>
		<b id="19" c="8 19" t="1"/>
		<b id="20" c="11 20" t="1"/>
	</bonds>
	<geometry>
		<g u="A" t="cart/3d">#20,3:3.2079,-0.3059,-1.7656;2.9551,0.2595,-0.0657;3.8824,1.3165,0.2258;1.5587,0.5190,0.1452;3.4309,-1.2074,0.9473;4.9092,-1.2306,0.9283;5.6616,-0.6173,1.9281;7.0379,-0.5844,1.8038;7.6083,-1.1716,0.6833;9.4892,-1.1695,0.4443;6.7868,-1.7592,-0.2667;5.4751,-1.7795,-0.1434;3.2506,0.5684,-2.4027;2.3709,-0.9372,-2.0320;4.1442,-0.8504,-1.7886;2.9853,-2.0685,0.4608;3.0130,-1.0496,1.9362;5.1758,-0.1654,2.7775;7.6555,-0.1115,2.5522;7.1928,-2.2229,-1.1553;</g>
	</geometry>
	<conformers/>
	<properties/>
</molecule>
