<?xml version="1.0" ?>
<!--MOLLI PACKAGE EXPERIMENTAL XML FORMAT-->
<molecule name="el1221">
	<atoms>
		<a id="1" s="O" t="O.2" l="O"/>
		<a id="2" s="C" t="C.2" l="C"/>
		<a id="3" s="N" t="N.am" l="N"/>
		<a id="4" s="C" t="C.3" l="C"/>
		<a id="5" s="C" t="C.ar" l="C"/>
		<a id="6" s="C" t="C.ar" l="C"/>
		<a id="7" s="C" t="C.ar" l="C"/>
		<a id="8" s="C" t="C.ar" l="C"/>
		<a id="9" s="O" t="O.3" l="O"/>
		<a id="10" s="C" t="C.3" l="C"/>
		<a id="11" s="F" t="F" l="F"/>
		<a id="12" s="F" t="F" l="F"/>
		<a id="13" s="F" t="F" l="F"/>
		<a id="14" s="C" t="C.ar" l="C"/>
		<a id="15" s="C" t="C.ar" l="C"/>
		<a id="16" s="C" t="C.3" l="C"/>
		<a id="17" s="C" t="C.3" l="C"/>
		<a id="18" s="C" t="C.3" l="C"/>
		<a id="19" s="C" t="C.3" l="C"/>
		<a id="20" s="N" t="N.pl3" l="N"/>
		<a id="21" s="C" t="C.ar" l="C"/>
		<a id="22" s="C" t="C.ar" l="C"/>
		<a id="23" s="C" t="C.ar" l="C"/>
		<a id="24" s="N" t="N.ar" l="N"/>
		<a id="25" s="C" t="C.ar" l="C"/>
		<a id="26" s="Br" t="Br" l="BR"/>
		<a id="27" s="C" t="C.ar" l="C"/>
		<a id="28" s="C" t="C.3" l="C"/>
		<a id="29" s="H" t="H" l="H"/>
		<a id="30" s="H" t="H" l="H"/>
		<a id="31" s="H" t="H" l="H"/>
		<a id="32" s="H" t="H" l="H"/>
		<a id="33" s="H" t="H" l="H"/>
		<a id="34" s="H" t="H" l="H"/>
		<a id="35" s="H" t="H" l="H"/>
		<a id="36" s="H" t="H" l="H"/>
		<a id="37" s="H" t="H" l="H"/>
		<a id="38" s="H" t="H" l="H"/>
		<a id="39" s="H" t="H" l="H"/>
		<a id="40" s="H" t="H" l="H"/>
		<a id="41" s="H" t="H" l="H"/>
		<a id="42" s="H" t="H" l="H"/>
		<a id="43" s="H" t="H" l="H"/>
		<a id="44" s="H" t="H" l="H"/>
		<a id="45" s="H" t="H" l="H"/>
		<a id="46" s="H" t="H" l="H"/>
		<a id="47" s="H" t="H" l="H"/>
	</atoms>
	<bonds>
		<b id="1" c="1 2" t="2"/>
		<b id="2" c="2 3" t="am"/>
		<b id="3" c="3 4" t="1"/>
		<b id="4" c="4 5" t="1"/>
		<b id="5" c="5 6" t="ar"/>
		<b id="6" c="6 7" t="ar"/>
		<b id="7" c="7 8" t="ar"/>
		<b id="8" c="8 9" t="1"/>
		<b id="9" c="9 10" t="1"/>
		<b id="10" c="10 11" t="1"/>
		<b id="11" c="10 12" t="1"/>
		<b id="12" c="10 13" t="1"/>
		<b id="13" c="8 14" t="ar"/>
		<b id="14" c="14 15" t="ar"/>
		<b id="15" c="5 15" t="ar"/>
		<b id="16" c="16 17" t="1"/>
		<b id="17" c="17 18" t="1"/>
		<b id="18" c="18 19" t="1"/>
		<b id="19" c="19 20" t="1"/>
		<b id="20" c="20 21" t="1"/>
		<b id="21" c="21 22" t="ar"/>
		<b id="22" c="22 23" t="ar"/>
		<b id="23" c="23 24" t="ar"/>
		<b id="24" c="24 25" t="ar"/>
		<b id="25" c="25 26" t="1"/>
		<b id="26" c="25 27" t="ar"/>
		<b id="27" c="21 27" t="ar"/>
		<b id="28" c="20 28" t="1"/>
		<b id="29" c="16 28" t="1"/>
		<b id="30" c="16 2" t="1"/>
		<b id="31" c="3 29" t="1"/>
		<b id="32" c="4 30" t="1"/>
		<b id="33" c="4 31" t="1"/>
		<b id="34" c="6 32" t="1"/>
		<b id="35" c="7 33" t="1"/>
		<b id="36" c="14 34" t="1"/>
		<b id="37" c="15 35" t="1"/>
		<b id="38" c="16 36" t="1"/>
		<b id="39" c="17 37" t="1"/>
		<b id="40" c="17 38" t="1"/>
		<b id="41" c="18 39" t="1"/>
		<b id="42" c="18 40" t="1"/>
		<b id="43" c="19 41" t="1"/>
		<b id="44" c="19 42" t="1"/>
		<b id="45" c="22 43" t="1"/>
		<b id="46" c="23 44" t="1"/>
		<b id="47" c="27 45" t="1"/>
		<b id="48" c="28 46" t="1"/>
		<b id="49" c="28 47" t="1"/>
	</bonds>
	<geometry>
		<g u="A" t="cart/3d">#47,3:3.2764,-1.5948,-3.3866;2.7262,-1.7163,-2.3133;1.5361,-2.3406,-2.1622;0.8924,-3.0349,-3.2638;1.3470,-4.4708,-3.3397;0.5511,-5.5086,-2.8825;0.9932,-6.8231,-2.9221;2.2552,-7.0877,-3.4211;2.8193,-8.3741,-3.5125;2.1401,-9.4326,-3.1288;0.9905,-9.6299,-3.7991;2.8850,-10.5156,-3.3214;1.7969,-9.4291,-1.8263;3.0712,-6.0611,-3.8779;2.6150,-4.7601,-3.8368;3.3077,-1.1732,-1.0134;3.9048,-2.3198,-0.1851;4.6085,-1.7605,1.0499;5.6542,-0.7149,0.6441;5.0251,0.3444,-0.1146;4.5895,1.4979,0.4699;5.2579,2.0754,1.5684;4.8219,3.2750,2.0837;3.7816,3.9486,1.6123;3.1592,3.4101,0.5907;1.6515,4.3838,-0.0553;3.4885,2.2204,-0.0228;4.4261,-0.1695,-1.3233;1.1805,-2.5133,-1.2355;1.1846,-2.5061,-4.1747;-0.1896,-2.9722,-3.1333;-0.4356,-5.3029,-2.4947;0.3451,-7.6071,-2.5645;4.0478,-6.3046,-4.2625;3.2400,-3.9545,-4.1903;2.5175,-0.6793,-0.4372;4.6256,-2.8620,-0.8022;3.1272,-3.0254,0.1163;5.0926,-2.5671,1.6017;3.8748,-1.2892,1.7088;6.4172,-1.1823,0.0128;6.1417,-0.3185,1.5320;6.1271,1.6102,2.0023;5.3280,3.7378,2.9197;2.8890,1.8732,-0.8470;5.2043,-0.6876,-1.8931;4.0605,0.6421,-1.9502;</g>
	</geometry>
	<conformers/>
	<properties/>
</molecule>
