<?xml version="1.0" ?>
<!--MOLLI PACKAGE EXPERIMENTAL XML FORMAT-->
<molecule name="el1411">
	<atoms>
		<a id="1" s="Br" t="Br" l="BR"/>
		<a id="2" s="C" t="C.ar" l="C"/>
		<a id="3" s="C" t="C.ar" l="C"/>
		<a id="4" s="C" t="C.ar" l="C"/>
		<a id="5" s="C" t="C.ar" l="C"/>
		<a id="6" s="C" t="C.ar" l="C"/>
		<a id="7" s="C" t="C.ar" l="C"/>
		<a id="8" s="C" t="C.ar" l="C"/>
		<a id="9" s="N" t="N.ar" l="N"/>
		<a id="10" s="N" t="N.ar" l="N"/>
		<a id="11" s="C" t="C.3" l="C"/>
		<a id="12" s="C" t="C.3" l="C"/>
		<a id="13" s="C" t="C.3" l="C"/>
		<a id="14" s="C" t="C.3" l="C"/>
		<a id="15" s="C" t="C.3" l="C"/>
		<a id="16" s="O" t="O.3" l="O"/>
		<a id="17" s="C" t="C.ar" l="C"/>
		<a id="18" s="N" t="N.ar" l="N"/>
		<a id="19" s="N" t="N.ar" l="N"/>
		<a id="20" s="C" t="C.3" l="C"/>
		<a id="21" s="C" t="C.3" l="C"/>
		<a id="22" s="C" t="C.3" l="C"/>
		<a id="23" s="C" t="C.3" l="C"/>
		<a id="24" s="C" t="C.3" l="C"/>
		<a id="25" s="O" t="O.3" l="O"/>
		<a id="26" s="C" t="C.ar" l="C"/>
		<a id="27" s="C" t="C.ar" l="C"/>
		<a id="28" s="H" t="H" l="H"/>
		<a id="29" s="H" t="H" l="H"/>
		<a id="30" s="H" t="H" l="H"/>
		<a id="31" s="H" t="H" l="H"/>
		<a id="32" s="H" t="H" l="H"/>
		<a id="33" s="H" t="H" l="H"/>
		<a id="34" s="H" t="H" l="H"/>
		<a id="35" s="H" t="H" l="H"/>
		<a id="36" s="H" t="H" l="H"/>
		<a id="37" s="H" t="H" l="H"/>
		<a id="38" s="H" t="H" l="H"/>
		<a id="39" s="H" t="H" l="H"/>
		<a id="40" s="H" t="H" l="H"/>
		<a id="41" s="H" t="H" l="H"/>
		<a id="42" s="H" t="H" l="H"/>
		<a id="43" s="H" t="H" l="H"/>
		<a id="44" s="H" t="H" l="H"/>
		<a id="45" s="H" t="H" l="H"/>
		<a id="46" s="H" t="H" l="H"/>
		<a id="47" s="H" t="H" l="H"/>
		<a id="48" s="H" t="H" l="H"/>
		<a id="49" s="H" t="H" l="H"/>
		<a id="50" s="H" t="H" l="H"/>
	</atoms>
	<bonds>
		<b id="1" c="1 2" t="1"/>
		<b id="2" c="2 3" t="ar"/>
		<b id="3" c="3 4" t="ar"/>
		<b id="4" c="4 5" t="ar"/>
		<b id="5" c="5 6" t="ar"/>
		<b id="6" c="6 7" t="1"/>
		<b id="7" c="7 8" t="ar"/>
		<b id="8" c="8 9" t="ar"/>
		<b id="9" c="9 10" t="ar"/>
		<b id="10" c="10 11" t="1"/>
		<b id="11" c="11 12" t="1"/>
		<b id="12" c="12 13" t="1"/>
		<b id="13" c="13 14" t="1"/>
		<b id="14" c="14 15" t="1"/>
		<b id="15" c="15 16" t="1"/>
		<b id="16" c="11 16" t="1"/>
		<b id="17" c="10 17" t="ar"/>
		<b id="18" c="7 17" t="ar"/>
		<b id="19" c="6 18" t="ar"/>
		<b id="20" c="18 19" t="ar"/>
		<b id="21" c="19 20" t="1"/>
		<b id="22" c="20 21" t="1"/>
		<b id="23" c="21 22" t="1"/>
		<b id="24" c="22 23" t="1"/>
		<b id="25" c="23 24" t="1"/>
		<b id="26" c="24 25" t="1"/>
		<b id="27" c="20 25" t="1"/>
		<b id="28" c="19 26" t="ar"/>
		<b id="29" c="5 26" t="ar"/>
		<b id="30" c="26 27" t="ar"/>
		<b id="31" c="2 27" t="ar"/>
		<b id="32" c="3 28" t="1"/>
		<b id="33" c="4 29" t="1"/>
		<b id="34" c="8 30" t="1"/>
		<b id="35" c="11 31" t="1"/>
		<b id="36" c="12 32" t="1"/>
		<b id="37" c="12 33" t="1"/>
		<b id="38" c="13 34" t="1"/>
		<b id="39" c="13 35" t="1"/>
		<b id="40" c="14 36" t="1"/>
		<b id="41" c="14 37" t="1"/>
		<b id="42" c="15 38" t="1"/>
		<b id="43" c="15 39" t="1"/>
		<b id="44" c="17 40" t="1"/>
		<b id="45" c="20 41" t="1"/>
		<b id="46" c="21 42" t="1"/>
		<b id="47" c="21 43" t="1"/>
		<b id="48" c="22 44" t="1"/>
		<b id="49" c="22 45" t="1"/>
		<b id="50" c="23 46" t="1"/>
		<b id="51" c="23 47" t="1"/>
		<b id="52" c="24 48" t="1"/>
		<b id="53" c="24 49" t="1"/>
		<b id="54" c="27 50" t="1"/>
	</bonds>
	<geometry>
		<g u="A" t="cart/3d">#50,3:1.0238,-0.7913,0.5070;2.9081,-0.5315,0.3655;3.3964,0.7811,0.3594;4.7452,1.0210,0.2560;5.6138,-0.0682,0.1694;7.0258,-0.2603,0.0422;8.0762,0.7242,-0.0036;8.0412,2.0898,0.3483;9.2187,2.6521,0.1819;10.0295,1.6951,-0.2683;11.4269,1.9315,-0.5919;11.7970,3.4003,-0.3714;11.1870,4.2845,-1.4570;11.5540,3.7249,-2.8288;11.1053,2.2688,-2.9057;11.7061,1.4814,-1.8889;9.3895,0.5174,-0.3916;7.2976,-1.5484,-0.0296;6.1442,-2.2261,0.0486;6.1493,-3.6597,0.0800;5.9365,-4.1858,1.5077;5.8824,-5.7113,1.4821;4.8162,-6.1575,0.4840;5.1013,-5.5199,-0.8749;5.1419,-4.1107,-0.7940;5.0863,-1.3844,0.1726;3.7200,-1.6354,0.2693;2.6987,1.6012,0.4296;5.1170,2.0323,0.2330;7.2255,2.6710,0.7274;12.0368,1.2854,0.0575;12.8854,3.4748,-0.4024;11.4447,3.7064,0.6122;11.5542,5.3058,-1.3496;10.1028,4.2956,-1.3377;12.6355,3.7725,-2.9717;11.0724,4.2958,-3.6228;11.4156,1.8019,-3.8421;10.0105,2.2109,-2.8264;9.8808,-0.3635,-0.7476;7.1432,-3.9756,-0.2838;4.9961,-3.7854,1.8920;6.7508,-3.8308,2.1404;5.6589,-6.0956,2.4783;6.8556,-6.1044,1.1771;3.8318,-5.8366,0.8306;4.8095,-7.2429,0.3823;4.3104,-5.7440,-1.5929;6.0588,-5.8943,-1.2683;3.3264,-2.6376,0.2434;</g>
	</geometry>
	<conformers/>
	<properties/>
</molecule>
