<?xml version="1.0" ?>
<!--MOLLI PACKAGE EXPERIMENTAL XML FORMAT-->
<molecule name="el1412">
	<atoms>
		<a id="1" s="C" t="C.3" l="C"/>
		<a id="2" s="N" t="N.ar" l="N"/>
		<a id="3" s="C" t="C.ar" l="C"/>
		<a id="4" s="N" t="N.ar" l="N"/>
		<a id="5" s="C" t="C.ar" l="C"/>
		<a id="6" s="N" t="N.ar" l="N"/>
		<a id="7" s="C" t="C.ar" l="C"/>
		<a id="8" s="Br" t="Br" l="BR"/>
		<a id="9" s="C" t="C.ar" l="C"/>
		<a id="10" s="C" t="C.ar" l="C"/>
		<a id="11" s="C" t="C.2" l="C"/>
		<a id="12" s="O" t="O.2" l="O"/>
		<a id="13" s="N" t="N.am" l="N"/>
		<a id="14" s="C" t="C.3" l="C"/>
		<a id="15" s="C" t="C.3" l="C"/>
		<a id="16" s="O" t="O.3" l="O"/>
		<a id="17" s="C" t="C.3" l="C"/>
		<a id="18" s="C" t="C.3" l="C"/>
		<a id="19" s="C" t="C.ar" l="C"/>
		<a id="20" s="H" t="H" l="H"/>
		<a id="21" s="H" t="H" l="H"/>
		<a id="22" s="H" t="H" l="H"/>
		<a id="23" s="H" t="H" l="H"/>
		<a id="24" s="H" t="H" l="H"/>
		<a id="25" s="H" t="H" l="H"/>
		<a id="26" s="H" t="H" l="H"/>
		<a id="27" s="H" t="H" l="H"/>
		<a id="28" s="H" t="H" l="H"/>
		<a id="29" s="H" t="H" l="H"/>
		<a id="30" s="H" t="H" l="H"/>
		<a id="31" s="H" t="H" l="H"/>
		<a id="32" s="H" t="H" l="H"/>
	</atoms>
	<bonds>
		<b id="1" c="1 2" t="1"/>
		<b id="2" c="2 3" t="ar"/>
		<b id="3" c="3 4" t="ar"/>
		<b id="4" c="4 5" t="ar"/>
		<b id="5" c="5 6" t="ar"/>
		<b id="6" c="6 7" t="ar"/>
		<b id="7" c="7 8" t="1"/>
		<b id="8" c="7 9" t="ar"/>
		<b id="9" c="9 10" t="ar"/>
		<b id="10" c="10 11" t="1"/>
		<b id="11" c="11 12" t="2"/>
		<b id="12" c="11 13" t="am"/>
		<b id="13" c="13 14" t="1"/>
		<b id="14" c="14 15" t="1"/>
		<b id="15" c="15 16" t="1"/>
		<b id="16" c="16 17" t="1"/>
		<b id="17" c="17 18" t="1"/>
		<b id="18" c="13 18" t="1"/>
		<b id="19" c="10 19" t="ar"/>
		<b id="20" c="5 19" t="ar"/>
		<b id="21" c="2 19" t="ar"/>
		<b id="22" c="1 20" t="1"/>
		<b id="23" c="1 21" t="1"/>
		<b id="24" c="1 22" t="1"/>
		<b id="25" c="3 23" t="1"/>
		<b id="26" c="9 24" t="1"/>
		<b id="27" c="14 25" t="1"/>
		<b id="28" c="14 26" t="1"/>
		<b id="29" c="15 27" t="1"/>
		<b id="30" c="15 28" t="1"/>
		<b id="31" c="17 29" t="1"/>
		<b id="32" c="17 30" t="1"/>
		<b id="33" c="18 31" t="1"/>
		<b id="34" c="18 32" t="1"/>
	</bonds>
	<geometry>
		<g u="A" t="cart/3d">#32,3:1.0979,-0.0097,0.0004;2.5315,-0.0954,0.0328;3.4098,0.9416,0.0881;4.6608,0.5927,0.1173;4.6489,-0.7663,0.0876;5.6921,-1.5805,0.1056;5.4177,-2.8578,0.0786;6.9180,-4.0208,0.1058;4.1438,-3.4250,0.0138;3.0323,-2.5925,-0.0273;1.6399,-3.1479,-0.0146;0.8994,-2.9478,0.9336;1.2634,-3.8610,-1.0937;-0.0239,-4.5293,-1.1139;0.1979,-6.0246,-1.3594;0.9291,-6.2425,-2.5453;2.1864,-5.6141,-2.4936;2.0313,-4.1005,-2.2949;3.2962,-1.2277,0.0322;0.7988,1.0193,0.1919;0.6677,-0.6655,0.7599;0.7191,-0.3170,-0.9782;3.0792,1.9625,0.1066;4.0343,-4.4979,0.0087;-0.6337,-4.1104,-1.9218;-0.5139,-4.3581,-0.1550;-0.7555,-6.5376,-1.4896;0.7324,-6.4614,-0.5024;2.6789,-5.8278,-3.4429;2.7855,-6.0345,-1.6715;1.4758,-3.6905,-3.1477;3.0051,-3.6169,-2.2384;</g>
	</geometry>
	<conformers/>
	<properties/>
</molecule>
