<?xml version="1.0" ?>
<!--MOLLI PACKAGE EXPERIMENTAL XML FORMAT-->
<molecule name="el1413">
	<atoms>
		<a id="1" s="C" t="C.3" l="C"/>
		<a id="2" s="O" t="O.3" l="O"/>
		<a id="3" s="C" t="C.2" l="C"/>
		<a id="4" s="O" t="O.2" l="O"/>
		<a id="5" s="C" t="C.ar" l="C"/>
		<a id="6" s="C" t="C.ar" l="C"/>
		<a id="7" s="C" t="C.ar" l="C"/>
		<a id="8" s="C" t="C.ar" l="C"/>
		<a id="9" s="Br" t="Br" l="BR"/>
		<a id="10" s="C" t="C.ar" l="C"/>
		<a id="11" s="C" t="C.2" l="C"/>
		<a id="12" s="O" t="O.2" l="O"/>
		<a id="13" s="O" t="O.3" l="O"/>
		<a id="14" s="C" t="C.3" l="C"/>
		<a id="15" s="C" t="C.ar" l="C"/>
		<a id="16" s="H" t="H" l="H"/>
		<a id="17" s="H" t="H" l="H"/>
		<a id="18" s="H" t="H" l="H"/>
		<a id="19" s="H" t="H" l="H"/>
		<a id="20" s="H" t="H" l="H"/>
		<a id="21" s="H" t="H" l="H"/>
		<a id="22" s="H" t="H" l="H"/>
		<a id="23" s="H" t="H" l="H"/>
		<a id="24" s="H" t="H" l="H"/>
	</atoms>
	<bonds>
		<b id="1" c="1 2" t="1"/>
		<b id="2" c="2 3" t="1"/>
		<b id="3" c="3 4" t="2"/>
		<b id="4" c="3 5" t="1"/>
		<b id="5" c="5 6" t="ar"/>
		<b id="6" c="6 7" t="ar"/>
		<b id="7" c="7 8" t="ar"/>
		<b id="8" c="8 9" t="1"/>
		<b id="9" c="8 10" t="ar"/>
		<b id="10" c="10 11" t="1"/>
		<b id="11" c="11 12" t="2"/>
		<b id="12" c="11 13" t="1"/>
		<b id="13" c="13 14" t="1"/>
		<b id="14" c="10 15" t="ar"/>
		<b id="15" c="5 15" t="ar"/>
		<b id="16" c="1 16" t="1"/>
		<b id="17" c="1 17" t="1"/>
		<b id="18" c="1 18" t="1"/>
		<b id="19" c="6 19" t="1"/>
		<b id="20" c="7 20" t="1"/>
		<b id="21" c="14 21" t="1"/>
		<b id="22" c="14 22" t="1"/>
		<b id="23" c="14 23" t="1"/>
		<b id="24" c="15 24" t="1"/>
	</bonds>
	<geometry>
		<g u="A" t="cart/3d">#24,3:1.0876,0.0467,0.7562;2.5081,0.0456,0.7840;3.0953,-1.1324,0.5343;2.4851,-2.1425,0.2938;4.5795,-1.0432,0.5785;5.2426,0.1590,0.8150;6.6222,0.1885,0.8490;7.3532,-0.9717,0.6291;9.2361,-0.8392,0.7429;6.7071,-2.1818,0.3788;7.4007,-3.4806,0.1277;6.9438,-4.5479,0.4443;8.5572,-3.3223,-0.5153;9.2918,-4.5037,-0.7979;5.3170,-2.2019,0.3719;0.7822,1.0867,0.8381;0.6932,-0.5351,1.5918;0.7267,-0.3906,-0.1768;4.6764,1.0620,0.9779;7.1436,1.1126,1.0473;10.2245,-4.1766,-1.2498;8.7313,-5.1403,-1.4853;9.4825,-5.0595,0.1221;4.8046,-3.1370,0.1993;</g>
	</geometry>
	<conformers/>
	<properties/>
</molecule>
