<?xml version="1.0" ?>
<!--MOLLI PACKAGE EXPERIMENTAL XML FORMAT-->
<molecule name="el1415">
	<atoms>
		<a id="1" s="C" t="C.3" l="C"/>
		<a id="2" s="C" t="C.3" l="C"/>
		<a id="3" s="O" t="O.3" l="O"/>
		<a id="4" s="C" t="C.2" l="C"/>
		<a id="5" s="O" t="O.2" l="O"/>
		<a id="6" s="C" t="C.ar" l="C"/>
		<a id="7" s="C" t="C.ar" l="C"/>
		<a id="8" s="N" t="N.ar" l="N"/>
		<a id="9" s="C" t="C.ar" l="C"/>
		<a id="10" s="C" t="C.ar" l="C"/>
		<a id="11" s="C" t="C.ar" l="C"/>
		<a id="12" s="N" t="N.ar" l="N"/>
		<a id="13" s="C" t="C.ar" l="C"/>
		<a id="14" s="N" t="N.ar" l="N"/>
		<a id="15" s="C" t="C.ar" l="C"/>
		<a id="16" s="C" t="C.ar" l="C"/>
		<a id="17" s="Br" t="Br" l="BR"/>
		<a id="18" s="C" t="C.ar" l="C"/>
		<a id="19" s="H" t="H" l="H"/>
		<a id="20" s="H" t="H" l="H"/>
		<a id="21" s="H" t="H" l="H"/>
		<a id="22" s="H" t="H" l="H"/>
		<a id="23" s="H" t="H" l="H"/>
		<a id="24" s="H" t="H" l="H"/>
		<a id="25" s="H" t="H" l="H"/>
		<a id="26" s="H" t="H" l="H"/>
		<a id="27" s="H" t="H" l="H"/>
		<a id="28" s="H" t="H" l="H"/>
	</atoms>
	<bonds>
		<b id="1" c="1 2" t="1"/>
		<b id="2" c="2 3" t="1"/>
		<b id="3" c="3 4" t="1"/>
		<b id="4" c="4 5" t="2"/>
		<b id="5" c="4 6" t="1"/>
		<b id="6" c="6 7" t="ar"/>
		<b id="7" c="7 8" t="ar"/>
		<b id="8" c="8 9" t="ar"/>
		<b id="9" c="9 10" t="ar"/>
		<b id="10" c="10 11" t="1"/>
		<b id="11" c="11 12" t="ar"/>
		<b id="12" c="12 13" t="ar"/>
		<b id="13" c="13 14" t="ar"/>
		<b id="14" c="14 15" t="ar"/>
		<b id="15" c="15 16" t="ar"/>
		<b id="16" c="11 16" t="ar"/>
		<b id="17" c="16 17" t="1"/>
		<b id="18" c="10 18" t="ar"/>
		<b id="19" c="6 18" t="ar"/>
		<b id="20" c="1 19" t="1"/>
		<b id="21" c="1 20" t="1"/>
		<b id="22" c="1 21" t="1"/>
		<b id="23" c="2 22" t="1"/>
		<b id="24" c="2 23" t="1"/>
		<b id="25" c="7 24" t="1"/>
		<b id="26" c="9 25" t="1"/>
		<b id="27" c="13 26" t="1"/>
		<b id="28" c="15 27" t="1"/>
		<b id="29" c="18 28" t="1"/>
	</bonds>
	<geometry>
		<g u="A" t="cart/3d">#28,3:1.5007,0.2633,-0.8673;2.5400,0.2768,0.2441;3.2167,1.5338,0.3078;4.2360,1.7158,-0.5353;4.6350,0.8842,-1.3116;4.8376,3.0695,-0.3965;5.9701,3.3920,-1.1474;6.5354,4.5819,-1.1194;6.0367,5.5042,-0.3201;4.9407,5.2805,0.5171;4.3882,6.3169,1.3958;3.0621,6.4366,1.3928;2.5129,7.3690,2.1415;3.1546,8.2268,2.9146;4.4684,8.1116,2.9648;5.1486,7.1535,2.2229;7.0295,6.9847,2.4234;4.3153,4.0381,0.4506;0.9569,-0.6766,-0.8447;1.9884,0.3644,-1.8337;0.7990,1.0839,-0.7370;3.2784,-0.5153,0.0825;2.0728,0.1586,1.2238;6.4173,2.6550,-1.8002;6.5190,6.4707,-0.3747;1.4340,7.4393,2.1180;4.9941,8.7969,3.6165;3.4430,3.8383,1.0531;</g>
	</geometry>
	<conformers/>
	<properties/>
</molecule>
