<?xml version="1.0" ?>
<!--MOLLI PACKAGE EXPERIMENTAL XML FORMAT-->
<molecule name="el1417">
	<atoms>
		<a id="1" s="C" t="C.3" l="C"/>
		<a id="2" s="C" t="C.3" l="C"/>
		<a id="3" s="O" t="O.3" l="O"/>
		<a id="4" s="C" t="C.2" l="C"/>
		<a id="5" s="O" t="O.2" l="O"/>
		<a id="6" s="C" t="C.ar" l="C"/>
		<a id="7" s="C" t="C.ar" l="C"/>
		<a id="8" s="C" t="C.3" l="C"/>
		<a id="9" s="N" t="N.ar" l="N"/>
		<a id="10" s="C" t="C.3" l="C"/>
		<a id="11" s="C" t="C.ar" l="C"/>
		<a id="12" s="C" t="C.ar" l="C"/>
		<a id="13" s="C" t="C.ar" l="C"/>
		<a id="14" s="Br" t="Br" l="BR"/>
		<a id="15" s="C" t="C.ar" l="C"/>
		<a id="16" s="O" t="O.3" l="O"/>
		<a id="17" s="C" t="C.3" l="C"/>
		<a id="18" s="C" t="C.ar" l="C"/>
		<a id="19" s="C" t="C.ar" l="C"/>
		<a id="20" s="H" t="H" l="H"/>
		<a id="21" s="H" t="H" l="H"/>
		<a id="22" s="H" t="H" l="H"/>
		<a id="23" s="H" t="H" l="H"/>
		<a id="24" s="H" t="H" l="H"/>
		<a id="25" s="H" t="H" l="H"/>
		<a id="26" s="H" t="H" l="H"/>
		<a id="27" s="H" t="H" l="H"/>
		<a id="28" s="H" t="H" l="H"/>
		<a id="29" s="H" t="H" l="H"/>
		<a id="30" s="H" t="H" l="H"/>
		<a id="31" s="H" t="H" l="H"/>
		<a id="32" s="H" t="H" l="H"/>
		<a id="33" s="H" t="H" l="H"/>
		<a id="34" s="H" t="H" l="H"/>
		<a id="35" s="H" t="H" l="H"/>
	</atoms>
	<bonds>
		<b id="1" c="1 2" t="1"/>
		<b id="2" c="2 3" t="1"/>
		<b id="3" c="3 4" t="1"/>
		<b id="4" c="4 5" t="2"/>
		<b id="5" c="4 6" t="1"/>
		<b id="6" c="6 7" t="ar"/>
		<b id="7" c="7 8" t="1"/>
		<b id="8" c="7 9" t="ar"/>
		<b id="9" c="9 10" t="1"/>
		<b id="10" c="9 11" t="ar"/>
		<b id="11" c="11 12" t="ar"/>
		<b id="12" c="12 13" t="ar"/>
		<b id="13" c="13 14" t="1"/>
		<b id="14" c="13 15" t="ar"/>
		<b id="15" c="15 16" t="1"/>
		<b id="16" c="16 17" t="1"/>
		<b id="17" c="15 18" t="ar"/>
		<b id="18" c="18 19" t="ar"/>
		<b id="19" c="6 19" t="ar"/>
		<b id="20" c="11 19" t="ar"/>
		<b id="21" c="1 20" t="1"/>
		<b id="22" c="1 21" t="1"/>
		<b id="23" c="1 22" t="1"/>
		<b id="24" c="2 23" t="1"/>
		<b id="25" c="2 24" t="1"/>
		<b id="26" c="8 25" t="1"/>
		<b id="27" c="8 26" t="1"/>
		<b id="28" c="8 27" t="1"/>
		<b id="29" c="10 28" t="1"/>
		<b id="30" c="10 29" t="1"/>
		<b id="31" c="10 30" t="1"/>
		<b id="32" c="12 31" t="1"/>
		<b id="33" c="17 32" t="1"/>
		<b id="34" c="17 33" t="1"/>
		<b id="35" c="17 34" t="1"/>
		<b id="36" c="18 35" t="1"/>
	</bonds>
	<geometry>
		<g u="A" t="cart/3d">#35,3:1.3297,-0.4868,-0.9458;2.2958,0.4558,-0.2415;3.0497,1.2224,-1.1745;4.1654,0.6550,-1.6684;4.5488,-0.4453,-1.3297;4.8363,1.5220,-2.6258;6.0273,1.2354,-3.2771;6.8684,0.0190,-3.1593;6.3630,2.2685,-4.0968;7.5153,2.3682,-4.9479;5.3994,3.2430,-4.0011;5.2969,4.4618,-4.6404;4.2031,5.2705,-4.3671;4.2154,6.9181,-5.3618;3.2065,4.8801,-3.4571;2.0719,5.5267,-3.0728;1.7324,6.8328,-3.4748;3.3361,3.6422,-2.8238;4.4153,2.8152,-3.0816;0.7214,-1.0019,-0.2084;1.8854,-1.2220,-1.5225;0.6817,0.0726,-1.6162;2.9843,-0.1146,0.3910;1.7570,1.1896,0.3624;6.3969,-0.6629,-2.4580;7.8644,0.2691,-2.7934;6.9676,-0.4779,-4.1245;8.1557,1.5012,-4.8117;8.0836,3.2690,-4.7057;7.2092,2.4213,-5.9957;6.0415,4.7947,-5.3464;0.8186,7.0598,-2.9254;1.5232,6.8954,-4.5455;2.4985,7.5626,-3.2019;2.5648,3.3553,-2.1302;</g>
	</geometry>
	<conformers/>
	<properties/>
</molecule>
