<?xml version="1.0" ?>
<!--MOLLI PACKAGE EXPERIMENTAL XML FORMAT-->
<molecule name="el1429">
	<atoms>
		<a id="1" s="Br" t="Br" l="BR"/>
		<a id="2" s="C" t="C.ar" l="C"/>
		<a id="3" s="C" t="C.ar" l="C"/>
		<a id="4" s="C" t="C.ar" l="C"/>
		<a id="5" s="C" t="C.ar" l="C"/>
		<a id="6" s="N" t="N.pl3" l="N"/>
		<a id="7" s="C" t="C.ar" l="C"/>
		<a id="8" s="C" t="C.ar" l="C"/>
		<a id="9" s="C" t="C.ar" l="C"/>
		<a id="10" s="N" t="N.ar" l="N"/>
		<a id="11" s="C" t="C.ar" l="C"/>
		<a id="12" s="C" t="C.ar" l="C"/>
		<a id="13" s="C" t="C.ar" l="C"/>
		<a id="14" s="N" t="N.ar" l="N"/>
		<a id="15" s="S" t="S.2" l="S"/>
		<a id="16" s="N" t="N.ar" l="N"/>
		<a id="17" s="C" t="C.ar" l="C"/>
		<a id="18" s="H" t="H" l="H"/>
		<a id="19" s="H" t="H" l="H"/>
		<a id="20" s="H" t="H" l="H"/>
		<a id="21" s="H" t="H" l="H"/>
		<a id="22" s="H" t="H" l="H"/>
		<a id="23" s="H" t="H" l="H"/>
		<a id="24" s="H" t="H" l="H"/>
	</atoms>
	<bonds>
		<b id="1" c="1 2" t="1"/>
		<b id="2" c="2 3" t="ar"/>
		<b id="3" c="3 4" t="ar"/>
		<b id="4" c="4 5" t="ar"/>
		<b id="5" c="5 6" t="1"/>
		<b id="6" c="6 7" t="1"/>
		<b id="7" c="7 8" t="ar"/>
		<b id="8" c="8 9" t="ar"/>
		<b id="9" c="9 10" t="ar"/>
		<b id="10" c="10 11" t="ar"/>
		<b id="11" c="11 12" t="ar"/>
		<b id="12" c="7 12" t="ar"/>
		<b id="13" c="5 13" t="ar"/>
		<b id="14" c="13 14" t="ar"/>
		<b id="15" c="14 15" t="ar"/>
		<b id="16" c="15 16" t="ar"/>
		<b id="17" c="16 17" t="ar"/>
		<b id="18" c="2 17" t="ar"/>
		<b id="19" c="13 17" t="ar"/>
		<b id="20" c="3 18" t="1"/>
		<b id="21" c="4 19" t="1"/>
		<b id="22" c="6 20" t="1"/>
		<b id="23" c="8 21" t="1"/>
		<b id="24" c="9 22" t="1"/>
		<b id="25" c="11 23" t="1"/>
		<b id="26" c="12 24" t="1"/>
	</bonds>
	<geometry>
		<g u="A" t="cart/3d">#24,3:1.0086,-0.5606,-0.0557;2.8787,-0.2451,-0.0297;3.3854,1.0200,0.1207;4.7644,1.2726,0.1546;5.6961,0.2574,0.0534;7.0616,0.3978,0.0583;7.8509,1.4193,0.5413;7.4247,2.3586,1.4830;8.3219,3.3253,1.9019;9.5681,3.4187,1.4712;9.9808,2.5124,0.5995;9.1797,1.4997,0.1097;5.1888,-1.0548,-0.1409;5.9052,-2.1655,-0.3095;4.8962,-3.4082,-0.4892;3.5136,-2.6062,-0.3649;3.7755,-1.3151,-0.1771;2.7052,1.8530,0.2105;5.0893,2.2966,0.2329;7.5533,-0.4093,-0.3042;6.4368,2.3150,1.9097;8.0247,4.0653,2.6332;11.0095,2.6073,0.2780;9.5662,0.7810,-0.5974;</g>
	</geometry>
	<conformers/>
	<properties/>
</molecule>
