<?xml version="1.0" ?>
<!--MOLLI PACKAGE EXPERIMENTAL XML FORMAT-->
<molecule name="el1223">
	<atoms>
		<a id="1" s="C" t="C.3" l="C"/>
		<a id="2" s="O" t="O.3" l="O"/>
		<a id="3" s="C" t="C.ar" l="C"/>
		<a id="4" s="C" t="C.ar" l="C"/>
		<a id="5" s="C" t="C.ar" l="C"/>
		<a id="6" s="N" t="N.am" l="N"/>
		<a id="7" s="C" t="C.2" l="C"/>
		<a id="8" s="O" t="O.2" l="O"/>
		<a id="9" s="O" t="O.3" l="O"/>
		<a id="10" s="C" t="C.3" l="C"/>
		<a id="11" s="C" t="C.3" l="C"/>
		<a id="12" s="C" t="C.3" l="C"/>
		<a id="13" s="C" t="C.3" l="C"/>
		<a id="14" s="C" t="C.ar" l="C"/>
		<a id="15" s="N" t="N.ar" l="N"/>
		<a id="16" s="C" t="C.ar" l="C"/>
		<a id="17" s="C" t="C.ar" l="C"/>
		<a id="18" s="Br" t="Br" l="BR"/>
		<a id="19" s="C" t="C.ar" l="C"/>
		<a id="20" s="N" t="N.ar" l="N"/>
		<a id="21" s="C" t="C.ar" l="C"/>
		<a id="22" s="C" t="C.ar" l="C"/>
		<a id="23" s="O" t="O.3" l="O"/>
		<a id="24" s="C" t="C.3" l="C"/>
		<a id="25" s="C" t="C.ar" l="C"/>
		<a id="26" s="O" t="O.3" l="O"/>
		<a id="27" s="C" t="C.3" l="C"/>
		<a id="28" s="H" t="H" l="H"/>
		<a id="29" s="H" t="H" l="H"/>
		<a id="30" s="H" t="H" l="H"/>
		<a id="31" s="H" t="H" l="H"/>
		<a id="32" s="H" t="H" l="H"/>
		<a id="33" s="H" t="H" l="H"/>
		<a id="34" s="H" t="H" l="H"/>
		<a id="35" s="H" t="H" l="H"/>
		<a id="36" s="H" t="H" l="H"/>
		<a id="37" s="H" t="H" l="H"/>
		<a id="38" s="H" t="H" l="H"/>
		<a id="39" s="H" t="H" l="H"/>
		<a id="40" s="H" t="H" l="H"/>
		<a id="41" s="H" t="H" l="H"/>
		<a id="42" s="H" t="H" l="H"/>
		<a id="43" s="H" t="H" l="H"/>
		<a id="44" s="H" t="H" l="H"/>
		<a id="45" s="H" t="H" l="H"/>
		<a id="46" s="H" t="H" l="H"/>
		<a id="47" s="H" t="H" l="H"/>
		<a id="48" s="H" t="H" l="H"/>
		<a id="49" s="H" t="H" l="H"/>
	</atoms>
	<bonds>
		<b id="1" c="1 2" t="1"/>
		<b id="2" c="2 3" t="1"/>
		<b id="3" c="3 4" t="ar"/>
		<b id="4" c="4 5" t="ar"/>
		<b id="5" c="5 6" t="1"/>
		<b id="6" c="6 7" t="am"/>
		<b id="7" c="7 8" t="2"/>
		<b id="8" c="7 9" t="1"/>
		<b id="9" c="9 10" t="1"/>
		<b id="10" c="10 11" t="1"/>
		<b id="11" c="10 12" t="1"/>
		<b id="12" c="10 13" t="1"/>
		<b id="13" c="6 14" t="1"/>
		<b id="14" c="14 15" t="ar"/>
		<b id="15" c="15 16" t="ar"/>
		<b id="16" c="16 17" t="ar"/>
		<b id="17" c="17 18" t="1"/>
		<b id="18" c="17 19" t="ar"/>
		<b id="19" c="19 20" t="ar"/>
		<b id="20" c="14 20" t="ar"/>
		<b id="21" c="5 21" t="ar"/>
		<b id="22" c="21 22" t="ar"/>
		<b id="23" c="22 23" t="1"/>
		<b id="24" c="23 24" t="1"/>
		<b id="25" c="22 25" t="ar"/>
		<b id="26" c="3 25" t="ar"/>
		<b id="27" c="25 26" t="1"/>
		<b id="28" c="26 27" t="1"/>
		<b id="29" c="1 28" t="1"/>
		<b id="30" c="1 29" t="1"/>
		<b id="31" c="1 30" t="1"/>
		<b id="32" c="4 31" t="1"/>
		<b id="33" c="11 32" t="1"/>
		<b id="34" c="11 33" t="1"/>
		<b id="35" c="11 34" t="1"/>
		<b id="36" c="12 35" t="1"/>
		<b id="37" c="12 36" t="1"/>
		<b id="38" c="12 37" t="1"/>
		<b id="39" c="13 38" t="1"/>
		<b id="40" c="13 39" t="1"/>
		<b id="41" c="13 40" t="1"/>
		<b id="42" c="16 41" t="1"/>
		<b id="43" c="19 42" t="1"/>
		<b id="44" c="21 43" t="1"/>
		<b id="45" c="24 44" t="1"/>
		<b id="46" c="24 45" t="1"/>
		<b id="47" c="24 46" t="1"/>
		<b id="48" c="27 47" t="1"/>
		<b id="49" c="27 48" t="1"/>
		<b id="50" c="27 49" t="1"/>
	</bonds>
	<geometry>
		<g u="A" t="cart/3d">#49,3:7.4716,-1.3321,-2.0406;6.4528,-1.4532,-1.0795;5.1545,-1.5603,-1.5062;4.8055,-1.5610,-2.8534;3.4896,-1.7374,-3.2376;3.1571,-1.7738,-4.6231;3.8048,-2.6773,-5.4739;3.8354,-2.5692,-6.6666;4.3791,-3.6240,-4.7386;5.1926,-4.6534,-5.3592;6.3733,-4.0218,-6.0956;5.6801,-5.4885,-4.1752;4.3426,-5.4981,-6.3057;2.2324,-0.8784,-5.0972;1.6486,-1.1260,-6.2665;0.7760,-0.2501,-6.7101;0.4602,0.8899,-5.9798;-0.7968,2.1559,-6.6121;1.0941,1.0493,-4.7537;1.9720,0.1740,-4.3168;2.4894,-1.8894,-2.2915;2.8131,-1.8396,-0.9450;1.9134,-1.9445,0.0669;0.5508,-2.0621,-0.2604;4.1525,-1.6786,-0.5326;4.3241,-1.6913,0.8188;5.4586,-1.0899,1.4018;8.3993,-1.2749,-1.4727;7.3596,-0.4231,-2.6399;7.5082,-2.2041,-2.7016;5.5558,-1.4419,-3.6162;6.9439,-3.3884,-5.4193;6.0216,-3.4205,-6.9291;7.0253,-4.8030,-6.4757;6.2414,-4.8653,-3.4844;6.3161,-6.2959,-4.5252;4.8316,-5.9075,-3.6419;3.9840,-4.8919,-7.1327;3.4873,-5.9074,-5.7730;4.9381,-6.3172,-6.6989;0.3127,-0.4707,-7.6624;0.8953,1.8957,-4.1095;1.4733,-2.0278,-2.6193;0.0229,-2.0856,0.6917;0.3451,-2.9869,-0.8094;0.2020,-1.2058,-0.8472;5.2252,-1.0151,2.4640;5.6372,-0.0905,0.9983;6.3561,-1.6975,1.2679;</g>
	</geometry>
	<conformers/>
	<properties/>
</molecule>
