<?xml version="1.0" ?>
<!--MOLLI PACKAGE EXPERIMENTAL XML FORMAT-->
<molecule name="el1430">
	<atoms>
		<a id="1" s="C" t="C.3" l="C"/>
		<a id="2" s="C" t="C.ar" l="C"/>
		<a id="3" s="C" t="C.ar" l="C"/>
		<a id="4" s="C" t="C.ar" l="C"/>
		<a id="5" s="C" t="C.ar" l="C"/>
		<a id="6" s="S" t="S.O2" l="S"/>
		<a id="7" s="O" t="O.2" l="O"/>
		<a id="8" s="O" t="O.2" l="O"/>
		<a id="9" s="N" t="N.ar" l="N"/>
		<a id="10" s="C" t="C.ar" l="C"/>
		<a id="11" s="C" t="C.ar" l="C"/>
		<a id="12" s="C" t="C.ar" l="C"/>
		<a id="13" s="C" t="C.ar" l="C"/>
		<a id="14" s="C" t="C.ar" l="C"/>
		<a id="15" s="Br" t="Br" l="BR"/>
		<a id="16" s="C" t="C.ar" l="C"/>
		<a id="17" s="C" t="C.ar" l="C"/>
		<a id="18" s="C" t="C.ar" l="C"/>
		<a id="19" s="C" t="C.ar" l="C"/>
		<a id="20" s="C" t="C.ar" l="C"/>
		<a id="21" s="H" t="H" l="H"/>
		<a id="22" s="H" t="H" l="H"/>
		<a id="23" s="H" t="H" l="H"/>
		<a id="24" s="H" t="H" l="H"/>
		<a id="25" s="H" t="H" l="H"/>
		<a id="26" s="H" t="H" l="H"/>
		<a id="27" s="H" t="H" l="H"/>
		<a id="28" s="H" t="H" l="H"/>
		<a id="29" s="H" t="H" l="H"/>
		<a id="30" s="H" t="H" l="H"/>
		<a id="31" s="H" t="H" l="H"/>
		<a id="32" s="H" t="H" l="H"/>
	</atoms>
	<bonds>
		<b id="1" c="1 2" t="1"/>
		<b id="2" c="2 3" t="ar"/>
		<b id="3" c="3 4" t="ar"/>
		<b id="4" c="4 5" t="ar"/>
		<b id="5" c="5 6" t="1"/>
		<b id="6" c="6 7" t="2"/>
		<b id="7" c="6 8" t="2"/>
		<b id="8" c="6 9" t="1"/>
		<b id="9" c="9 10" t="ar"/>
		<b id="10" c="10 11" t="ar"/>
		<b id="11" c="11 12" t="ar"/>
		<b id="12" c="12 13" t="ar"/>
		<b id="13" c="13 14" t="ar"/>
		<b id="14" c="14 15" t="1"/>
		<b id="15" c="14 16" t="ar"/>
		<b id="16" c="16 17" t="ar"/>
		<b id="17" c="17 18" t="ar"/>
		<b id="18" c="12 18" t="ar"/>
		<b id="19" c="9 18" t="ar"/>
		<b id="20" c="5 19" t="ar"/>
		<b id="21" c="19 20" t="ar"/>
		<b id="22" c="2 20" t="ar"/>
		<b id="23" c="1 21" t="1"/>
		<b id="24" c="1 22" t="1"/>
		<b id="25" c="1 23" t="1"/>
		<b id="26" c="3 24" t="1"/>
		<b id="27" c="4 25" t="1"/>
		<b id="28" c="10 26" t="1"/>
		<b id="29" c="11 27" t="1"/>
		<b id="30" c="13 28" t="1"/>
		<b id="31" c="16 29" t="1"/>
		<b id="32" c="17 30" t="1"/>
		<b id="33" c="19 31" t="1"/>
		<b id="34" c="20 32" t="1"/>
	</bonds>
	<geometry>
		<g u="A" t="cart/3d">#32,3:2.2976,0.4758,0.2009;0.8107,0.3514,0.0932;0.0008,0.6157,1.1952;-1.3724,0.4779,1.1111;-1.9355,0.0722,-0.0833;-3.7093,-0.0542,-0.1927;-4.0885,-0.5813,-1.4644;-4.2505,-0.6229,1.0001;-4.1414,1.5913,-0.1580;-4.5121,2.2820,0.9743;-4.5210,3.6176,0.7395;-4.1167,3.8030,-0.6179;-3.9302,4.9232,-1.4240;-3.5136,4.7085,-2.7191;-3.2346,6.2122,-3.8571;-3.2877,3.4347,-3.2427;-3.4721,2.3152,-2.4572;-3.8812,2.5110,-1.1473;-1.1563,-0.1961,-1.1902;0.2173,-0.0565,-1.0974;2.5722,1.2847,0.8734;2.7461,0.6538,-0.7728;2.7148,-0.4484,0.6014;0.4526,0.9298,2.1243;-2.0119,0.6700,1.9580;-4.7578,1.7210,1.8541;-4.7848,4.3893,1.4344;-4.1062,5.9188,-1.0479;-2.9720,3.3324,-4.2692;-3.3281,1.3225,-2.8497;-1.6338,-0.5210,-2.1005;0.8359,-0.2675,-1.9567;</g>
	</geometry>
	<conformers/>
	<properties/>
</molecule>
