<?xml version="1.0" ?>
<!--MOLLI PACKAGE EXPERIMENTAL XML FORMAT-->
<molecule name="el1433">
	<atoms>
		<a id="1" s="C" t="C.3" l="C"/>
		<a id="2" s="N" t="N.pl3" l="N"/>
		<a id="3" s="C" t="C.3" l="C"/>
		<a id="4" s="C" t="C.3" l="C"/>
		<a id="5" s="O" t="O.3" l="O"/>
		<a id="6" s="C" t="C.ar" l="C"/>
		<a id="7" s="C" t="C.ar" l="C"/>
		<a id="8" s="C" t="C.ar" l="C"/>
		<a id="9" s="N" t="N.ar" l="N"/>
		<a id="10" s="N" t="N.ar" l="N"/>
		<a id="11" s="C" t="C.ar" l="C"/>
		<a id="12" s="C" t="C.ar" l="C"/>
		<a id="13" s="C" t="C.ar" l="C"/>
		<a id="14" s="C" t="C.ar" l="C"/>
		<a id="15" s="C" t="C.ar" l="C"/>
		<a id="16" s="C" t="C.ar" l="C"/>
		<a id="17" s="F" t="F" l="F"/>
		<a id="18" s="C" t="C.ar" l="C"/>
		<a id="19" s="F" t="F" l="F"/>
		<a id="20" s="C" t="C.ar" l="C"/>
		<a id="21" s="C" t="C.ar" l="C"/>
		<a id="22" s="Br" t="Br" l="BR"/>
		<a id="23" s="C" t="C.ar" l="C"/>
		<a id="24" s="N" t="N.ar" l="N"/>
		<a id="25" s="N" t="N.ar" l="N"/>
		<a id="26" s="N" t="N.ar" l="N"/>
		<a id="27" s="C" t="C.ar" l="C"/>
		<a id="28" s="H" t="H" l="H"/>
		<a id="29" s="H" t="H" l="H"/>
		<a id="30" s="H" t="H" l="H"/>
		<a id="31" s="H" t="H" l="H"/>
		<a id="32" s="H" t="H" l="H"/>
		<a id="33" s="H" t="H" l="H"/>
		<a id="34" s="H" t="H" l="H"/>
		<a id="35" s="H" t="H" l="H"/>
		<a id="36" s="H" t="H" l="H"/>
		<a id="37" s="H" t="H" l="H"/>
		<a id="38" s="H" t="H" l="H"/>
	</atoms>
	<bonds>
		<b id="1" c="1 2" t="1"/>
		<b id="2" c="2 3" t="1"/>
		<b id="3" c="3 4" t="1"/>
		<b id="4" c="4 5" t="1"/>
		<b id="5" c="5 6" t="1"/>
		<b id="6" c="6 7" t="ar"/>
		<b id="7" c="2 7" t="1"/>
		<b id="8" c="7 8" t="ar"/>
		<b id="9" c="8 9" t="ar"/>
		<b id="10" c="9 10" t="ar"/>
		<b id="11" c="10 11" t="ar"/>
		<b id="12" c="11 12" t="1"/>
		<b id="13" c="12 13" t="ar"/>
		<b id="14" c="13 14" t="ar"/>
		<b id="15" c="14 15" t="ar"/>
		<b id="16" c="15 16" t="ar"/>
		<b id="17" c="16 17" t="1"/>
		<b id="18" c="16 18" t="ar"/>
		<b id="19" c="18 19" t="1"/>
		<b id="20" c="18 20" t="ar"/>
		<b id="21" c="20 21" t="ar"/>
		<b id="22" c="21 22" t="1"/>
		<b id="23" c="21 23" t="ar"/>
		<b id="24" c="15 23" t="ar"/>
		<b id="25" c="23 24" t="ar"/>
		<b id="26" c="12 24" t="ar"/>
		<b id="27" c="11 25" t="ar"/>
		<b id="28" c="25 26" t="ar"/>
		<b id="29" c="26 27" t="ar"/>
		<b id="30" c="6 27" t="ar"/>
		<b id="31" c="10 27" t="ar"/>
		<b id="32" c="1 28" t="1"/>
		<b id="33" c="1 29" t="1"/>
		<b id="34" c="1 30" t="1"/>
		<b id="35" c="3 31" t="1"/>
		<b id="36" c="3 32" t="1"/>
		<b id="37" c="4 33" t="1"/>
		<b id="38" c="4 34" t="1"/>
		<b id="39" c="8 35" t="1"/>
		<b id="40" c="13 36" t="1"/>
		<b id="41" c="14 37" t="1"/>
		<b id="42" c="20 38" t="1"/>
	</bonds>
	<geometry>
		<g u="A" t="cart/3d">#38,3:1.1356,-0.4876,0.2390;2.5321,-0.3656,-0.0941;3.2567,0.7844,0.3943;4.4960,0.9739,-0.4823;5.3374,-0.1563,-0.4269;4.6892,-1.3403,-0.4741;3.3084,-1.4823,-0.3125;2.7654,-2.7926,-0.4065;3.4569,-3.8687,-0.6158;4.7572,-3.7178,-0.7419;5.7409,-4.6492,-0.9682;5.5294,-6.0652,-1.0828;6.6239,-6.9168,-1.3877;6.4052,-8.2582,-1.4905;5.0988,-8.7654,-1.2880;4.7669,-10.1306,-1.3665;5.7332,-11.0202,-1.6516;3.4737,-10.5476,-1.1530;3.1554,-11.8495,-1.2266;2.4582,-9.6312,-0.8538;2.7600,-8.2991,-0.7736;1.4277,-7.0332,-0.3718;4.0744,-7.8246,-0.9854;4.3090,-6.5150,-0.8923;6.9025,-4.0248,-1.0473;6.7334,-2.7323,-0.8836;5.4373,-2.5121,-0.6958;0.7059,0.5109,0.2917;0.9740,-0.9897,1.1997;0.6158,-1.0416,-0.5421;3.5734,0.6509,1.4395;2.6195,1.6679,0.3280;5.1004,1.8158,-0.1406;4.1828,1.1480,-1.5198;1.7081,-2.9680,-0.2976;7.5950,-6.4725,-1.5287;7.2040,-8.9469,-1.7228;1.4564,-9.9965,-0.6917;</g>
	</geometry>
	<conformers/>
	<properties/>
</molecule>
