<?xml version="1.0" ?>
<!--MOLLI PACKAGE EXPERIMENTAL XML FORMAT-->
<molecule name="el1434">
	<atoms>
		<a id="1" s="C" t="C.3" l="C"/>
		<a id="2" s="N" t="N.pl3" l="N"/>
		<a id="3" s="C" t="C.3" l="C"/>
		<a id="4" s="C" t="C.3" l="C"/>
		<a id="5" s="O" t="O.3" l="O"/>
		<a id="6" s="C" t="C.ar" l="C"/>
		<a id="7" s="C" t="C.ar" l="C"/>
		<a id="8" s="C" t="C.ar" l="C"/>
		<a id="9" s="N" t="N.ar" l="N"/>
		<a id="10" s="N" t="N.ar" l="N"/>
		<a id="11" s="C" t="C.ar" l="C"/>
		<a id="12" s="C" t="C.ar" l="C"/>
		<a id="13" s="C" t="C.ar" l="C"/>
		<a id="14" s="C" t="C.ar" l="C"/>
		<a id="15" s="C" t="C.ar" l="C"/>
		<a id="16" s="C" t="C.ar" l="C"/>
		<a id="17" s="F" t="F" l="F"/>
		<a id="18" s="C" t="C.ar" l="C"/>
		<a id="19" s="C" t="C.ar" l="C"/>
		<a id="20" s="C" t="C.ar" l="C"/>
		<a id="21" s="Br" t="Br" l="BR"/>
		<a id="22" s="C" t="C.ar" l="C"/>
		<a id="23" s="N" t="N.ar" l="N"/>
		<a id="24" s="N" t="N.ar" l="N"/>
		<a id="25" s="N" t="N.ar" l="N"/>
		<a id="26" s="C" t="C.ar" l="C"/>
		<a id="27" s="H" t="H" l="H"/>
		<a id="28" s="H" t="H" l="H"/>
		<a id="29" s="H" t="H" l="H"/>
		<a id="30" s="H" t="H" l="H"/>
		<a id="31" s="H" t="H" l="H"/>
		<a id="32" s="H" t="H" l="H"/>
		<a id="33" s="H" t="H" l="H"/>
		<a id="34" s="H" t="H" l="H"/>
		<a id="35" s="H" t="H" l="H"/>
		<a id="36" s="H" t="H" l="H"/>
		<a id="37" s="H" t="H" l="H"/>
		<a id="38" s="H" t="H" l="H"/>
	</atoms>
	<bonds>
		<b id="1" c="1 2" t="1"/>
		<b id="2" c="2 3" t="1"/>
		<b id="3" c="3 4" t="1"/>
		<b id="4" c="4 5" t="1"/>
		<b id="5" c="5 6" t="1"/>
		<b id="6" c="6 7" t="ar"/>
		<b id="7" c="2 7" t="1"/>
		<b id="8" c="7 8" t="ar"/>
		<b id="9" c="8 9" t="ar"/>
		<b id="10" c="9 10" t="ar"/>
		<b id="11" c="10 11" t="ar"/>
		<b id="12" c="11 12" t="1"/>
		<b id="13" c="12 13" t="ar"/>
		<b id="14" c="13 14" t="ar"/>
		<b id="15" c="14 15" t="ar"/>
		<b id="16" c="15 16" t="ar"/>
		<b id="17" c="16 17" t="1"/>
		<b id="18" c="16 18" t="ar"/>
		<b id="19" c="18 19" t="ar"/>
		<b id="20" c="19 20" t="ar"/>
		<b id="21" c="20 21" t="1"/>
		<b id="22" c="20 22" t="ar"/>
		<b id="23" c="15 22" t="ar"/>
		<b id="24" c="22 23" t="ar"/>
		<b id="25" c="12 23" t="ar"/>
		<b id="26" c="11 24" t="ar"/>
		<b id="27" c="24 25" t="ar"/>
		<b id="28" c="25 26" t="ar"/>
		<b id="29" c="6 26" t="ar"/>
		<b id="30" c="10 26" t="ar"/>
		<b id="31" c="1 27" t="1"/>
		<b id="32" c="1 28" t="1"/>
		<b id="33" c="1 29" t="1"/>
		<b id="34" c="3 30" t="1"/>
		<b id="35" c="3 31" t="1"/>
		<b id="36" c="4 32" t="1"/>
		<b id="37" c="4 33" t="1"/>
		<b id="38" c="8 34" t="1"/>
		<b id="39" c="13 35" t="1"/>
		<b id="40" c="14 36" t="1"/>
		<b id="41" c="18 37" t="1"/>
		<b id="42" c="19 38" t="1"/>
	</bonds>
	<geometry>
		<g u="A" t="cart/3d">#38,3:1.0357,-0.3423,0.2012;2.4346,-0.2532,-0.1325;3.1773,0.8925,0.3385;4.4310,1.0358,-0.5264;5.2487,-0.1088,-0.4331;4.5755,-1.2805,-0.4682;3.1912,-1.3901,-0.3201;2.6214,-2.6904,-0.3982;3.2915,-3.7837,-0.5843;4.5962,-3.6628,-0.7000;5.5607,-4.6172,-0.9088;5.3188,-6.0307,-1.0134;6.3914,-6.9023,-1.3364;6.1425,-8.2385,-1.4418;4.8299,-8.7178,-1.2210;4.4479,-10.0697,-1.3002;5.3889,-10.9837,-1.6153;3.1630,-10.4820,-1.0688;2.1827,-9.5371,-0.7403;2.5126,-8.2114,-0.6563;1.2128,-6.9167,-0.2153;3.8301,-7.7595,-0.8927;4.0934,-6.4541,-0.8006;6.7354,-4.0195,-0.9879;6.5931,-2.7203,-0.8405;5.3017,-2.4708,-0.6650;0.6235,0.6649,0.2264;0.8637,-0.8157,1.1749;0.5071,-0.9076,-0.5658;3.4783,0.7778,1.3908;2.5595,1.7871,0.2429;5.0476,1.8739,-0.1976;4.1336,1.1906,-1.5717;1.5596,-2.8415,-0.2970;7.3690,-6.4767,-1.4901;6.9228,-8.9431,-1.6902;2.9121,-11.5282,-1.1392;1.1699,-9.8589,-0.5547;</g>
	</geometry>
	<conformers/>
	<properties/>
</molecule>
