<?xml version="1.0" ?>
<!--MOLLI PACKAGE EXPERIMENTAL XML FORMAT-->
<molecule name="el1435">
	<atoms>
		<a id="1" s="C" t="C.3" l="C"/>
		<a id="2" s="C" t="C.ar" l="C"/>
		<a id="3" s="C" t="C.ar" l="C"/>
		<a id="4" s="C" t="C.ar" l="C"/>
		<a id="5" s="Br" t="Br" l="BR"/>
		<a id="6" s="C" t="C.ar" l="C"/>
		<a id="7" s="N" t="N.ar" l="N"/>
		<a id="8" s="C" t="C.ar" l="C"/>
		<a id="9" s="C" t="C.ar" l="C"/>
		<a id="10" s="N" t="N.ar" l="N"/>
		<a id="11" s="N" t="N.ar" l="N"/>
		<a id="12" s="C" t="C.ar" l="C"/>
		<a id="13" s="C" t="C.ar" l="C"/>
		<a id="14" s="C" t="C.ar" l="C"/>
		<a id="15" s="C" t="C.ar" l="C"/>
		<a id="16" s="N" t="N.ar" l="N"/>
		<a id="17" s="N" t="N.ar" l="N"/>
		<a id="18" s="N" t="N.pl3" l="N"/>
		<a id="19" s="C" t="C.3" l="C"/>
		<a id="20" s="C" t="C.3" l="C"/>
		<a id="21" s="C" t="C.3" l="C"/>
		<a id="22" s="O" t="O.3" l="O"/>
		<a id="23" s="C" t="C.ar" l="C"/>
		<a id="24" s="C" t="C.ar" l="C"/>
		<a id="25" s="C" t="C.ar" l="C"/>
		<a id="26" s="C" t="C.ar" l="C"/>
		<a id="27" s="H" t="H" l="H"/>
		<a id="28" s="H" t="H" l="H"/>
		<a id="29" s="H" t="H" l="H"/>
		<a id="30" s="H" t="H" l="H"/>
		<a id="31" s="H" t="H" l="H"/>
		<a id="32" s="H" t="H" l="H"/>
		<a id="33" s="H" t="H" l="H"/>
		<a id="34" s="H" t="H" l="H"/>
		<a id="35" s="H" t="H" l="H"/>
		<a id="36" s="H" t="H" l="H"/>
		<a id="37" s="H" t="H" l="H"/>
		<a id="38" s="H" t="H" l="H"/>
		<a id="39" s="H" t="H" l="H"/>
		<a id="40" s="H" t="H" l="H"/>
		<a id="41" s="H" t="H" l="H"/>
	</atoms>
	<bonds>
		<b id="1" c="1 2" t="1"/>
		<b id="2" c="2 3" t="ar"/>
		<b id="3" c="3 4" t="ar"/>
		<b id="4" c="4 5" t="1"/>
		<b id="5" c="4 6" t="ar"/>
		<b id="6" c="6 7" t="ar"/>
		<b id="7" c="7 8" t="ar"/>
		<b id="8" c="8 9" t="1"/>
		<b id="9" c="9 10" t="ar"/>
		<b id="10" c="10 11" t="ar"/>
		<b id="11" c="11 12" t="ar"/>
		<b id="12" c="12 13" t="ar"/>
		<b id="13" c="13 14" t="ar"/>
		<b id="14" c="14 15" t="ar"/>
		<b id="15" c="15 16" t="ar"/>
		<b id="16" c="16 17" t="ar"/>
		<b id="17" c="9 17" t="ar"/>
		<b id="18" c="12 17" t="ar"/>
		<b id="19" c="14 18" t="1"/>
		<b id="20" c="18 19" t="1"/>
		<b id="21" c="18 20" t="1"/>
		<b id="22" c="20 21" t="1"/>
		<b id="23" c="21 22" t="1"/>
		<b id="24" c="13 22" t="1"/>
		<b id="25" c="8 23" t="ar"/>
		<b id="26" c="23 24" t="ar"/>
		<b id="27" c="24 25" t="ar"/>
		<b id="28" c="6 25" t="ar"/>
		<b id="29" c="25 26" t="ar"/>
		<b id="30" c="2 26" t="ar"/>
		<b id="31" c="1 27" t="1"/>
		<b id="32" c="1 28" t="1"/>
		<b id="33" c="1 29" t="1"/>
		<b id="34" c="3 30" t="1"/>
		<b id="35" c="15 31" t="1"/>
		<b id="36" c="19 32" t="1"/>
		<b id="37" c="19 33" t="1"/>
		<b id="38" c="19 34" t="1"/>
		<b id="39" c="20 35" t="1"/>
		<b id="40" c="20 36" t="1"/>
		<b id="41" c="21 37" t="1"/>
		<b id="42" c="21 38" t="1"/>
		<b id="43" c="23 39" t="1"/>
		<b id="44" c="24 40" t="1"/>
		<b id="45" c="26 41" t="1"/>
	</bonds>
	<geometry>
		<g u="A" t="cart/3d">#41,3:4.6285,-2.1868,6.0796;5.1332,-2.2203,4.6705;5.5744,-3.4423,4.1265;6.0236,-3.5062,2.8379;6.6283,-5.1419,2.1033;6.0564,-2.3641,2.0093;6.5068,-2.4810,0.7570;6.5308,-1.4179,-0.0124;7.0303,-1.5778,-1.3543;7.0906,-0.6404,-2.2783;7.6033,-1.1334,-3.3896;7.8748,-2.4103,-3.1773;8.4428,-3.4190,-3.9861;8.5821,-4.6852,-3.4219;8.1907,-4.8550,-2.0638;7.6918,-3.9260,-1.3155;7.5249,-2.7441,-1.8788;8.9855,-5.7644,-4.1954;9.9761,-6.6905,-3.6939;9.0373,-5.4751,-5.6093;9.6427,-4.0849,-5.8459;8.8324,-3.1032,-5.2402;6.0917,-0.1420,0.4237;5.6344,-0.0079,1.7015;5.6030,-1.1328,2.5584;5.1529,-1.0906,3.8891;5.1701,-2.8942,6.7025;3.5734,-2.4611,6.1002;4.7267,-1.1910,6.5039;5.5573,-4.3329,4.7375;8.2837,-5.8140,-1.5758;10.9972,-6.3632,-3.9325;9.8087,-7.6707,-4.1429;9.8897,-6.7850,-2.6160;8.0170,-5.4755,-6.0054;9.6182,-6.2410,-6.1218;9.6867,-3.8308,-6.9079;10.6572,-4.0500,-5.4182;6.1351,0.6800,-0.2714;5.2917,0.9463,2.0767;4.8174,-0.1447,4.2909;</g>
	</geometry>
	<conformers/>
	<properties/>
</molecule>
