<?xml version="1.0" ?>
<!--MOLLI PACKAGE EXPERIMENTAL XML FORMAT-->
<molecule name="el1224">
	<atoms>
		<a id="1" s="Br" t="Br" l="BR"/>
		<a id="2" s="C" t="C.ar" l="C"/>
		<a id="3" s="C" t="C.ar" l="C"/>
		<a id="4" s="N" t="N.ar" l="N"/>
		<a id="5" s="C" t="C.ar" l="C"/>
		<a id="6" s="O" t="O.3" l="O"/>
		<a id="7" s="C" t="C.ar" l="C"/>
		<a id="8" s="C" t="C.ar" l="C"/>
		<a id="9" s="C" t="C.ar" l="C"/>
		<a id="10" s="C" t="C.ar" l="C"/>
		<a id="11" s="C" t="C.ar" l="C"/>
		<a id="12" s="C" t="C.ar" l="C"/>
		<a id="13" s="N" t="N.ar" l="N"/>
		<a id="14" s="C" t="C.ar" l="C"/>
		<a id="15" s="H" t="H" l="H"/>
		<a id="16" s="H" t="H" l="H"/>
		<a id="17" s="H" t="H" l="H"/>
		<a id="18" s="H" t="H" l="H"/>
		<a id="19" s="H" t="H" l="H"/>
		<a id="20" s="H" t="H" l="H"/>
		<a id="21" s="H" t="H" l="H"/>
	</atoms>
	<bonds>
		<b id="1" c="1 2" t="1"/>
		<b id="2" c="2 3" t="ar"/>
		<b id="3" c="3 4" t="ar"/>
		<b id="4" c="4 5" t="ar"/>
		<b id="5" c="5 6" t="1"/>
		<b id="6" c="6 7" t="1"/>
		<b id="7" c="7 8" t="ar"/>
		<b id="8" c="8 9" t="ar"/>
		<b id="9" c="9 10" t="ar"/>
		<b id="10" c="10 11" t="ar"/>
		<b id="11" c="11 12" t="ar"/>
		<b id="12" c="7 12" t="ar"/>
		<b id="13" c="5 13" t="ar"/>
		<b id="14" c="13 14" t="ar"/>
		<b id="15" c="2 14" t="ar"/>
		<b id="16" c="3 15" t="1"/>
		<b id="17" c="8 16" t="1"/>
		<b id="18" c="9 17" t="1"/>
		<b id="19" c="10 18" t="1"/>
		<b id="20" c="11 19" t="1"/>
		<b id="21" c="12 20" t="1"/>
		<b id="22" c="14 21" t="1"/>
	</bonds>
	<geometry>
		<g u="A" t="cart/3d">#21,3:0.9416,-0.6443,-2.2900;-0.7990,-0.4174,-1.5841;-1.3312,0.8447,-1.3624;-2.5446,0.9998,-0.8759;-3.2429,-0.0992,-0.5981;-4.4505,-0.0072,-0.0701;-5.0773,1.2253,0.0676;-5.1234,2.1604,-0.9555;-5.8189,3.3411,-0.7623;-6.4685,3.5859,0.4352;-6.4312,2.6402,1.4463;-5.7374,1.4576,1.2667;-2.8116,-1.3477,-0.7761;-1.6025,-1.5071,-1.2656;-0.7806,1.7507,-1.5778;-4.6225,1.9657,-1.8902;-5.8536,4.0715,-1.5564;-7.0062,4.5106,0.5792;-6.9410,2.8234,2.3799;-5.6969,0.7079,2.0410;-1.2690,-2.5268,-1.4051;</g>
	</geometry>
	<conformers/>
	<properties/>
</molecule>
