<?xml version="1.0" ?>
<!--MOLLI PACKAGE EXPERIMENTAL XML FORMAT-->
<molecule name="el1440">
	<atoms>
		<a id="1" s="C" t="C.3" l="C"/>
		<a id="2" s="C" t="C.3" l="C"/>
		<a id="3" s="C" t="C.3" l="C"/>
		<a id="4" s="O" t="O.3" l="O"/>
		<a id="5" s="C" t="C.ar" l="C"/>
		<a id="6" s="C" t="C.ar" l="C"/>
		<a id="7" s="C" t="C.ar" l="C"/>
		<a id="8" s="C" t="C.ar" l="C"/>
		<a id="9" s="C" t="C.ar" l="C"/>
		<a id="10" s="C" t="C.ar" l="C"/>
		<a id="11" s="C" t="C.ar" l="C"/>
		<a id="12" s="O" t="O.3" l="O"/>
		<a id="13" s="C" t="C.3" l="C"/>
		<a id="14" s="C" t="C.3" l="C"/>
		<a id="15" s="N" t="N.3" l="N"/>
		<a id="16" s="C" t="C.3" l="C"/>
		<a id="17" s="C" t="C.3" l="C"/>
		<a id="18" s="C" t="C.3" l="C"/>
		<a id="19" s="C" t="C.3" l="C"/>
		<a id="20" s="C" t="C.3" l="C"/>
		<a id="21" s="C" t="C.ar" l="C"/>
		<a id="22" s="C" t="C.ar" l="C"/>
		<a id="23" s="C" t="C.ar" l="C"/>
		<a id="24" s="Br" t="Br" l="BR"/>
		<a id="25" s="C" t="C.ar" l="C"/>
		<a id="26" s="C" t="C.ar" l="C"/>
		<a id="27" s="C" t="C.ar" l="C"/>
		<a id="28" s="N" t="N.ar" l="N"/>
		<a id="29" s="C" t="C.ar" l="C"/>
		<a id="30" s="C" t="C.ar" l="C"/>
		<a id="31" s="H" t="H" l="H"/>
		<a id="32" s="H" t="H" l="H"/>
		<a id="33" s="H" t="H" l="H"/>
		<a id="34" s="H" t="H" l="H"/>
		<a id="35" s="H" t="H" l="H"/>
		<a id="36" s="H" t="H" l="H"/>
		<a id="37" s="H" t="H" l="H"/>
		<a id="38" s="H" t="H" l="H"/>
		<a id="39" s="H" t="H" l="H"/>
		<a id="40" s="H" t="H" l="H"/>
		<a id="41" s="H" t="H" l="H"/>
		<a id="42" s="H" t="H" l="H"/>
		<a id="43" s="H" t="H" l="H"/>
		<a id="44" s="H" t="H" l="H"/>
		<a id="45" s="H" t="H" l="H"/>
		<a id="46" s="H" t="H" l="H"/>
		<a id="47" s="H" t="H" l="H"/>
		<a id="48" s="H" t="H" l="H"/>
		<a id="49" s="H" t="H" l="H"/>
		<a id="50" s="H" t="H" l="H"/>
		<a id="51" s="H" t="H" l="H"/>
		<a id="52" s="H" t="H" l="H"/>
		<a id="53" s="H" t="H" l="H"/>
		<a id="54" s="H" t="H" l="H"/>
		<a id="55" s="H" t="H" l="H"/>
		<a id="56" s="H" t="H" l="H"/>
		<a id="57" s="H" t="H" l="H"/>
		<a id="58" s="H" t="H" l="H"/>
		<a id="59" s="H" t="H" l="H"/>
	</atoms>
	<bonds>
		<b id="1" c="1 2" t="1"/>
		<b id="2" c="2 3" t="1"/>
		<b id="3" c="3 4" t="1"/>
		<b id="4" c="4 5" t="1"/>
		<b id="5" c="5 6" t="ar"/>
		<b id="6" c="6 7" t="ar"/>
		<b id="7" c="7 8" t="ar"/>
		<b id="8" c="8 9" t="1"/>
		<b id="9" c="9 10" t="ar"/>
		<b id="10" c="10 11" t="ar"/>
		<b id="11" c="11 12" t="1"/>
		<b id="12" c="12 13" t="1"/>
		<b id="13" c="13 14" t="1"/>
		<b id="14" c="14 15" t="1"/>
		<b id="15" c="15 16" t="1"/>
		<b id="16" c="16 17" t="1"/>
		<b id="17" c="17 18" t="1"/>
		<b id="18" c="18 19" t="1"/>
		<b id="19" c="19 20" t="1"/>
		<b id="20" c="15 20" t="1"/>
		<b id="21" c="11 21" t="ar"/>
		<b id="22" c="21 22" t="ar"/>
		<b id="23" c="22 23" t="ar"/>
		<b id="24" c="23 24" t="1"/>
		<b id="25" c="23 25" t="ar"/>
		<b id="26" c="25 26" t="ar"/>
		<b id="27" c="26 27" t="ar"/>
		<b id="28" c="21 27" t="ar"/>
		<b id="29" c="27 28" t="ar"/>
		<b id="30" c="9 28" t="ar"/>
		<b id="31" c="8 29" t="ar"/>
		<b id="32" c="29 30" t="ar"/>
		<b id="33" c="5 30" t="ar"/>
		<b id="34" c="1 31" t="1"/>
		<b id="35" c="1 32" t="1"/>
		<b id="36" c="1 33" t="1"/>
		<b id="37" c="2 34" t="1"/>
		<b id="38" c="2 35" t="1"/>
		<b id="39" c="3 36" t="1"/>
		<b id="40" c="3 37" t="1"/>
		<b id="41" c="6 38" t="1"/>
		<b id="42" c="7 39" t="1"/>
		<b id="43" c="10 40" t="1"/>
		<b id="44" c="13 41" t="1"/>
		<b id="45" c="13 42" t="1"/>
		<b id="46" c="14 43" t="1"/>
		<b id="47" c="14 44" t="1"/>
		<b id="48" c="16 45" t="1"/>
		<b id="49" c="16 46" t="1"/>
		<b id="50" c="17 47" t="1"/>
		<b id="51" c="17 48" t="1"/>
		<b id="52" c="18 49" t="1"/>
		<b id="53" c="18 50" t="1"/>
		<b id="54" c="19 51" t="1"/>
		<b id="55" c="19 52" t="1"/>
		<b id="56" c="20 53" t="1"/>
		<b id="57" c="20 54" t="1"/>
		<b id="58" c="22 55" t="1"/>
		<b id="59" c="25 56" t="1"/>
		<b id="60" c="26 57" t="1"/>
		<b id="61" c="29 58" t="1"/>
		<b id="62" c="30 59" t="1"/>
	</bonds>
	<geometry>
		<g u="A" t="cart/3d">#59,3:5.4067,0.7473,-2.1926;5.3952,-0.0072,-0.8704;5.8877,0.8694,0.2762;5.8606,0.0933,1.4572;6.2568,0.6550,2.6262;6.7012,1.9653,2.7756;7.0701,2.4354,4.0229;7.0130,1.6193,5.1476;7.3982,2.0877,6.4828;7.3044,3.4575,6.8241;7.6687,3.8715,8.0820;7.6201,5.1413,8.5384;7.1336,6.1542,7.6814;7.2056,7.4756,8.4486;6.8645,8.5906,7.5881;5.4281,8.7623,7.4471;5.1239,9.7973,6.3691;5.7634,11.1317,6.7334;7.2558,10.9151,6.9555;7.4780,9.8380,8.0129;8.1363,2.8914,9.0085;8.5367,3.2129,10.3152;8.9629,2.2142,11.1472;9.5085,2.6413,12.9231;9.0117,0.8760,10.7335;8.6235,0.5493,9.4650;8.1757,1.5425,8.5669;7.8075,1.1711,7.3308;6.5866,0.2983,4.9844;6.2090,-0.1748,3.7511;5.0505,0.1067,-2.9949;6.4141,1.0765,-2.4374;4.7631,1.6227,-2.1403;6.0364,-0.8875,-0.9339;4.3845,-0.3470,-0.6393;5.2365,1.7484,0.3840;6.9113,1.2145,0.0719;6.7693,2.6281,1.9270;7.4342,3.4490,4.1017;6.9224,4.1538,6.0969;6.1027,5.9270,7.3837;7.7532,6.2311,6.7795;8.2349,7.5955,8.7932;6.5585,7.4126,9.3391;4.9716,9.0808,8.4032;4.9865,7.8042,7.1665;4.0432,9.9039,6.2617;5.5328,9.4461,5.4206;5.3087,11.5180,7.6490;5.5982,11.8625,5.9399;7.7364,11.8415,7.2745;7.7173,10.5897,6.0218;7.0666,10.1818,8.9798;8.5499,9.6676,8.1407;8.5003,4.2414,10.6386;9.3558,0.1188,11.4217;8.6509,-0.4709,9.1170;6.5559,-0.3401,5.8528;5.8701,-1.1904,3.6206;</g>
	</geometry>
	<conformers/>
	<properties/>
</molecule>
