<?xml version="1.0" ?>
<!--MOLLI PACKAGE EXPERIMENTAL XML FORMAT-->
<molecule name="el1443">
	<atoms>
		<a id="1" s="C" t="C.3" l="C"/>
		<a id="2" s="C" t="C.ar" l="C"/>
		<a id="3" s="N" t="N.ar" l="N"/>
		<a id="4" s="N" t="N.ar" l="N"/>
		<a id="5" s="C" t="C.ar" l="C"/>
		<a id="6" s="C" t="C.ar" l="C"/>
		<a id="7" s="C" t="C.ar" l="C"/>
		<a id="8" s="C" t="C.ar" l="C"/>
		<a id="9" s="C" t="C.ar" l="C"/>
		<a id="10" s="C" t="C.3" l="C"/>
		<a id="11" s="C" t="C.3" l="C"/>
		<a id="12" s="C" t="C.3" l="C"/>
		<a id="13" s="C" t="C.ar" l="C"/>
		<a id="14" s="C" t="C.ar" l="C"/>
		<a id="15" s="C" t="C.ar" l="C"/>
		<a id="16" s="C" t="C.ar" l="C"/>
		<a id="17" s="Cl" t="Cl" l="CL"/>
		<a id="18" s="N" t="N.ar" l="N"/>
		<a id="19" s="C" t="C.ar" l="C"/>
		<a id="20" s="C" t="C.ar" l="C"/>
		<a id="21" s="H" t="H" l="H"/>
		<a id="22" s="H" t="H" l="H"/>
		<a id="23" s="H" t="H" l="H"/>
		<a id="24" s="H" t="H" l="H"/>
		<a id="25" s="H" t="H" l="H"/>
		<a id="26" s="H" t="H" l="H"/>
		<a id="27" s="H" t="H" l="H"/>
		<a id="28" s="H" t="H" l="H"/>
		<a id="29" s="H" t="H" l="H"/>
		<a id="30" s="H" t="H" l="H"/>
		<a id="31" s="H" t="H" l="H"/>
		<a id="32" s="H" t="H" l="H"/>
		<a id="33" s="H" t="H" l="H"/>
		<a id="34" s="H" t="H" l="H"/>
		<a id="35" s="H" t="H" l="H"/>
		<a id="36" s="H" t="H" l="H"/>
	</atoms>
	<bonds>
		<b id="1" c="1 2" t="1"/>
		<b id="2" c="2 3" t="ar"/>
		<b id="3" c="3 4" t="ar"/>
		<b id="4" c="4 5" t="1"/>
		<b id="5" c="5 6" t="ar"/>
		<b id="6" c="6 7" t="ar"/>
		<b id="7" c="7 8" t="ar"/>
		<b id="8" c="8 9" t="ar"/>
		<b id="9" c="9 10" t="1"/>
		<b id="10" c="10 11" t="1"/>
		<b id="11" c="10 12" t="1"/>
		<b id="12" c="9 13" t="ar"/>
		<b id="13" c="5 13" t="ar"/>
		<b id="14" c="4 14" t="ar"/>
		<b id="15" c="14 15" t="ar"/>
		<b id="16" c="15 16" t="ar"/>
		<b id="17" c="16 17" t="1"/>
		<b id="18" c="16 18" t="ar"/>
		<b id="19" c="18 19" t="ar"/>
		<b id="20" c="19 20" t="ar"/>
		<b id="21" c="2 20" t="ar"/>
		<b id="22" c="14 20" t="ar"/>
		<b id="23" c="1 21" t="1"/>
		<b id="24" c="1 22" t="1"/>
		<b id="25" c="1 23" t="1"/>
		<b id="26" c="6 24" t="1"/>
		<b id="27" c="7 25" t="1"/>
		<b id="28" c="8 26" t="1"/>
		<b id="29" c="10 27" t="1"/>
		<b id="30" c="11 28" t="1"/>
		<b id="31" c="11 29" t="1"/>
		<b id="32" c="11 30" t="1"/>
		<b id="33" c="12 31" t="1"/>
		<b id="34" c="12 32" t="1"/>
		<b id="35" c="12 33" t="1"/>
		<b id="36" c="13 34" t="1"/>
		<b id="37" c="15 35" t="1"/>
		<b id="38" c="19 36" t="1"/>
	</bonds>
	<geometry>
		<g u="A" t="cart/3d">#36,3:1.1672,0.0370,0.8588;2.5595,0.0274,0.3485;3.3411,1.0719,0.4197;4.5318,0.7637,-0.1383;5.5510,1.7230,-0.1984;5.6668,2.6497,0.8317;6.6772,3.5896,0.7808;7.5661,3.6058,-0.2809;7.4443,2.6987,-1.3262;8.3976,2.7392,-2.4951;9.1430,1.4108,-2.6413;7.6548,3.0897,-3.7863;6.4203,1.7625,-1.2802;4.5425,-0.5262,-0.5660;5.5223,-1.3455,-1.1240;5.1177,-2.6390,-1.3867;6.2451,-3.7421,-2.0810;3.9118,-3.1451,-1.1495;2.9954,-2.3840,-0.5977;3.2547,-1.0554,-0.2728;0.9428,1.0114,1.2823;1.0410,-0.7283,1.6235;0.4689,-0.1747,0.0502;4.9636,2.6189,1.6484;6.7781,4.3108,1.5779;8.3589,4.3393,-0.3029;9.1364,3.5247,-2.3027;8.4584,0.6048,-2.8937;9.6504,1.1556,-1.7132;9.8860,1.4841,-3.4323;6.9287,2.3205,-4.0373;8.3583,3.1781,-4.6110;7.1288,4.0353,-3.6762;6.2795,1.0754,-2.0993;6.5306,-1.0231,-1.3174;2.0385,-2.8497,-0.4076;</g>
	</geometry>
	<conformers/>
	<properties/>
</molecule>
