<?xml version="1.0" ?>
<!--MOLLI PACKAGE EXPERIMENTAL XML FORMAT-->
<molecule name="el1444">
	<atoms>
		<a id="1" s="C" t="C.3" l="C"/>
		<a id="2" s="C" t="C.ar" l="C"/>
		<a id="3" s="N" t="N.ar" l="N"/>
		<a id="4" s="N" t="N.ar" l="N"/>
		<a id="5" s="C" t="C.ar" l="C"/>
		<a id="6" s="C" t="C.ar" l="C"/>
		<a id="7" s="C" t="C.ar" l="C"/>
		<a id="8" s="C" t="C.ar" l="C"/>
		<a id="9" s="C" t="C.ar" l="C"/>
		<a id="10" s="C" t="C.1" l="C"/>
		<a id="11" s="N" t="N.1" l="N"/>
		<a id="12" s="C" t="C.ar" l="C"/>
		<a id="13" s="C" t="C.ar" l="C"/>
		<a id="14" s="C" t="C.ar" l="C"/>
		<a id="15" s="C" t="C.ar" l="C"/>
		<a id="16" s="Cl" t="Cl" l="CL"/>
		<a id="17" s="N" t="N.ar" l="N"/>
		<a id="18" s="C" t="C.ar" l="C"/>
		<a id="19" s="C" t="C.ar" l="C"/>
		<a id="20" s="H" t="H" l="H"/>
		<a id="21" s="H" t="H" l="H"/>
		<a id="22" s="H" t="H" l="H"/>
		<a id="23" s="H" t="H" l="H"/>
		<a id="24" s="H" t="H" l="H"/>
		<a id="25" s="H" t="H" l="H"/>
		<a id="26" s="H" t="H" l="H"/>
		<a id="27" s="H" t="H" l="H"/>
		<a id="28" s="H" t="H" l="H"/>
	</atoms>
	<bonds>
		<b id="1" c="1 2" t="1"/>
		<b id="2" c="2 3" t="ar"/>
		<b id="3" c="3 4" t="ar"/>
		<b id="4" c="4 5" t="1"/>
		<b id="5" c="5 6" t="ar"/>
		<b id="6" c="6 7" t="ar"/>
		<b id="7" c="7 8" t="ar"/>
		<b id="8" c="8 9" t="ar"/>
		<b id="9" c="9 10" t="1"/>
		<b id="10" c="10 11" t="3"/>
		<b id="11" c="9 12" t="ar"/>
		<b id="12" c="5 12" t="ar"/>
		<b id="13" c="4 13" t="ar"/>
		<b id="14" c="13 14" t="ar"/>
		<b id="15" c="14 15" t="ar"/>
		<b id="16" c="15 16" t="1"/>
		<b id="17" c="15 17" t="ar"/>
		<b id="18" c="17 18" t="ar"/>
		<b id="19" c="18 19" t="ar"/>
		<b id="20" c="2 19" t="ar"/>
		<b id="21" c="13 19" t="ar"/>
		<b id="22" c="1 20" t="1"/>
		<b id="23" c="1 21" t="1"/>
		<b id="24" c="1 22" t="1"/>
		<b id="25" c="6 23" t="1"/>
		<b id="26" c="7 24" t="1"/>
		<b id="27" c="8 25" t="1"/>
		<b id="28" c="12 26" t="1"/>
		<b id="29" c="14 27" t="1"/>
		<b id="30" c="18 28" t="1"/>
	</bonds>
	<geometry>
		<g u="A" t="cart/3d">#28,3:1.1384,0.0828,0.1469;2.6119,-0.0350,0.0410;3.4027,1.0023,0.0174;4.6820,0.5737,-0.1022;5.7135,1.5113,-0.1728;5.5469,2.7376,0.4705;6.5457,3.6917,0.4162;7.7182,3.4412,-0.2737;7.8743,2.2232,-0.9348;9.0584,1.9654,-1.6668;10.0183,1.7584,-2.2572;6.8714,1.2567,-0.8954;4.7319,-0.7886,-0.1308;5.7712,-1.7148,-0.1572;5.3728,-3.0392,-0.1375;6.5739,-4.2713,-0.1671;4.1192,-3.4759,-0.0903;3.1383,-2.6053,-0.0370;3.3848,-1.2355,-0.0457;0.8574,1.1310,0.1883;0.7856,-0.4226,1.0448;0.6627,-0.3857,-0.7134;4.6255,2.9213,0.9994;6.4108,4.6367,0.9196;8.5067,4.1771,-0.3154;6.9935,0.3388,-1.4484;6.8145,-1.4508,-0.1656;2.1388,-3.0129,0.0190;</g>
	</geometry>
	<conformers/>
	<properties/>
</molecule>
