<?xml version="1.0" ?>
<!--MOLLI PACKAGE EXPERIMENTAL XML FORMAT-->
<molecule name="el1446">
	<atoms>
		<a id="1" s="C" t="C.3" l="C"/>
		<a id="2" s="C" t="C.ar" l="C"/>
		<a id="3" s="N" t="N.ar" l="N"/>
		<a id="4" s="N" t="N.ar" l="N"/>
		<a id="5" s="C" t="C.ar" l="C"/>
		<a id="6" s="C" t="C.ar" l="C"/>
		<a id="7" s="C" t="C.ar" l="C"/>
		<a id="8" s="C" t="C.ar" l="C"/>
		<a id="9" s="C" t="C.ar" l="C"/>
		<a id="10" s="S" t="S.O2" l="S"/>
		<a id="11" s="C" t="C.3" l="C"/>
		<a id="12" s="O" t="O.2" l="O"/>
		<a id="13" s="O" t="O.2" l="O"/>
		<a id="14" s="C" t="C.ar" l="C"/>
		<a id="15" s="C" t="C.ar" l="C"/>
		<a id="16" s="C" t="C.ar" l="C"/>
		<a id="17" s="C" t="C.ar" l="C"/>
		<a id="18" s="Cl" t="Cl" l="CL"/>
		<a id="19" s="N" t="N.ar" l="N"/>
		<a id="20" s="C" t="C.ar" l="C"/>
		<a id="21" s="C" t="C.ar" l="C"/>
		<a id="22" s="H" t="H" l="H"/>
		<a id="23" s="H" t="H" l="H"/>
		<a id="24" s="H" t="H" l="H"/>
		<a id="25" s="H" t="H" l="H"/>
		<a id="26" s="H" t="H" l="H"/>
		<a id="27" s="H" t="H" l="H"/>
		<a id="28" s="H" t="H" l="H"/>
		<a id="29" s="H" t="H" l="H"/>
		<a id="30" s="H" t="H" l="H"/>
		<a id="31" s="H" t="H" l="H"/>
		<a id="32" s="H" t="H" l="H"/>
		<a id="33" s="H" t="H" l="H"/>
	</atoms>
	<bonds>
		<b id="1" c="1 2" t="1"/>
		<b id="2" c="2 3" t="ar"/>
		<b id="3" c="3 4" t="ar"/>
		<b id="4" c="4 5" t="1"/>
		<b id="5" c="5 6" t="ar"/>
		<b id="6" c="6 7" t="ar"/>
		<b id="7" c="7 8" t="ar"/>
		<b id="8" c="8 9" t="ar"/>
		<b id="9" c="9 10" t="1"/>
		<b id="10" c="10 11" t="1"/>
		<b id="11" c="10 12" t="2"/>
		<b id="12" c="10 13" t="2"/>
		<b id="13" c="9 14" t="ar"/>
		<b id="14" c="5 14" t="ar"/>
		<b id="15" c="4 15" t="ar"/>
		<b id="16" c="15 16" t="ar"/>
		<b id="17" c="16 17" t="ar"/>
		<b id="18" c="17 18" t="1"/>
		<b id="19" c="17 19" t="ar"/>
		<b id="20" c="19 20" t="ar"/>
		<b id="21" c="20 21" t="ar"/>
		<b id="22" c="2 21" t="ar"/>
		<b id="23" c="15 21" t="ar"/>
		<b id="24" c="1 22" t="1"/>
		<b id="25" c="1 23" t="1"/>
		<b id="26" c="1 24" t="1"/>
		<b id="27" c="6 25" t="1"/>
		<b id="28" c="7 26" t="1"/>
		<b id="29" c="8 27" t="1"/>
		<b id="30" c="11 28" t="1"/>
		<b id="31" c="11 29" t="1"/>
		<b id="32" c="11 30" t="1"/>
		<b id="33" c="14 31" t="1"/>
		<b id="34" c="16 32" t="1"/>
		<b id="35" c="20 33" t="1"/>
	</bonds>
	<geometry>
		<g u="A" t="cart/3d">#33,3:1.2798,0.0933,1.0480;2.6600,0.0730,0.5084;3.4612,1.0995,0.5872;4.6347,0.7837,-0.0123;5.6455,1.7405,-0.0831;5.7322,2.7061,0.9204;6.7226,3.6696,0.8802;7.6353,3.6885,-0.1642;7.5210,2.7433,-1.1635;8.6387,2.7859,-2.5687;7.7987,3.9167,-3.7165;9.8791,3.3870,-2.1655;8.6722,1.4775,-3.1624;6.5404,1.7743,-1.1483;4.6088,-0.4998,-0.4758;5.5535,-1.3244,-1.0809;5.1144,-2.6077,-1.3563;6.1957,-3.7185,-2.0991;3.9044,-3.0909,-1.0937;3.0200,-2.3224,-0.5030;3.3199,-1.0075,-0.1576;1.0786,1.0606,1.4986;1.1571,-0.6883,1.7963;0.5631,-0.0892,0.2486;5.0115,2.6799,1.7222;6.7873,4.4036,1.6684;8.4341,4.4106,-0.2141;7.6986,4.8769,-3.2278;6.8332,3.4931,-3.9599;8.4118,4.0031,-4.6049;6.4918,1.0753,-1.9666;6.5608,-1.0210,-1.3079;2.0576,-2.7693,-0.2971;</g>
	</geometry>
	<conformers/>
	<properties/>
</molecule>
