<?xml version="1.0" ?>
<!--MOLLI PACKAGE EXPERIMENTAL XML FORMAT-->
<molecule name="el1448">
	<atoms>
		<a id="1" s="C" t="C.3" l="C"/>
		<a id="2" s="C" t="C.ar" l="C"/>
		<a id="3" s="N" t="N.ar" l="N"/>
		<a id="4" s="N" t="N.ar" l="N"/>
		<a id="5" s="C" t="C.3" l="C"/>
		<a id="6" s="C" t="C.ar" l="C"/>
		<a id="7" s="C" t="C.ar" l="C"/>
		<a id="8" s="C" t="C.ar" l="C"/>
		<a id="9" s="C" t="C.ar" l="C"/>
		<a id="10" s="C" t="C.ar" l="C"/>
		<a id="11" s="C" t="C.ar" l="C"/>
		<a id="12" s="C" t="C.ar" l="C"/>
		<a id="13" s="C" t="C.ar" l="C"/>
		<a id="14" s="C" t="C.ar" l="C"/>
		<a id="15" s="C" t="C.ar" l="C"/>
		<a id="16" s="C" t="C.ar" l="C"/>
		<a id="17" s="C" t="C.ar" l="C"/>
		<a id="18" s="C" t="C.ar" l="C"/>
		<a id="19" s="C" t="C.ar" l="C"/>
		<a id="20" s="C" t="C.ar" l="C"/>
		<a id="21" s="C" t="C.ar" l="C"/>
		<a id="22" s="C" t="C.ar" l="C"/>
		<a id="23" s="C" t="C.ar" l="C"/>
		<a id="24" s="C" t="C.ar" l="C"/>
		<a id="25" s="C" t="C.ar" l="C"/>
		<a id="26" s="C" t="C.ar" l="C"/>
		<a id="27" s="Cl" t="Cl" l="CL"/>
		<a id="28" s="N" t="N.ar" l="N"/>
		<a id="29" s="C" t="C.ar" l="C"/>
		<a id="30" s="C" t="C.ar" l="C"/>
		<a id="31" s="H" t="H" l="H"/>
		<a id="32" s="H" t="H" l="H"/>
		<a id="33" s="H" t="H" l="H"/>
		<a id="34" s="H" t="H" l="H"/>
		<a id="35" s="H" t="H" l="H"/>
		<a id="36" s="H" t="H" l="H"/>
		<a id="37" s="H" t="H" l="H"/>
		<a id="38" s="H" t="H" l="H"/>
		<a id="39" s="H" t="H" l="H"/>
		<a id="40" s="H" t="H" l="H"/>
		<a id="41" s="H" t="H" l="H"/>
		<a id="42" s="H" t="H" l="H"/>
		<a id="43" s="H" t="H" l="H"/>
		<a id="44" s="H" t="H" l="H"/>
		<a id="45" s="H" t="H" l="H"/>
		<a id="46" s="H" t="H" l="H"/>
		<a id="47" s="H" t="H" l="H"/>
		<a id="48" s="H" t="H" l="H"/>
		<a id="49" s="H" t="H" l="H"/>
		<a id="50" s="H" t="H" l="H"/>
	</atoms>
	<bonds>
		<b id="1" c="1 2" t="1"/>
		<b id="2" c="2 3" t="ar"/>
		<b id="3" c="3 4" t="ar"/>
		<b id="4" c="4 5" t="1"/>
		<b id="5" c="5 6" t="1"/>
		<b id="6" c="6 7" t="ar"/>
		<b id="7" c="7 8" t="ar"/>
		<b id="8" c="8 9" t="ar"/>
		<b id="9" c="9 10" t="ar"/>
		<b id="10" c="10 11" t="ar"/>
		<b id="11" c="6 11" t="ar"/>
		<b id="12" c="5 12" t="1"/>
		<b id="13" c="12 13" t="ar"/>
		<b id="14" c="13 14" t="ar"/>
		<b id="15" c="14 15" t="ar"/>
		<b id="16" c="15 16" t="ar"/>
		<b id="17" c="16 17" t="ar"/>
		<b id="18" c="12 17" t="ar"/>
		<b id="19" c="5 18" t="1"/>
		<b id="20" c="18 19" t="ar"/>
		<b id="21" c="19 20" t="ar"/>
		<b id="22" c="20 21" t="ar"/>
		<b id="23" c="21 22" t="ar"/>
		<b id="24" c="22 23" t="ar"/>
		<b id="25" c="18 23" t="ar"/>
		<b id="26" c="4 24" t="ar"/>
		<b id="27" c="24 25" t="ar"/>
		<b id="28" c="25 26" t="ar"/>
		<b id="29" c="26 27" t="1"/>
		<b id="30" c="26 28" t="ar"/>
		<b id="31" c="28 29" t="ar"/>
		<b id="32" c="29 30" t="ar"/>
		<b id="33" c="2 30" t="ar"/>
		<b id="34" c="24 30" t="ar"/>
		<b id="35" c="1 31" t="1"/>
		<b id="36" c="1 32" t="1"/>
		<b id="37" c="1 33" t="1"/>
		<b id="38" c="7 34" t="1"/>
		<b id="39" c="8 35" t="1"/>
		<b id="40" c="9 36" t="1"/>
		<b id="41" c="10 37" t="1"/>
		<b id="42" c="11 38" t="1"/>
		<b id="43" c="13 39" t="1"/>
		<b id="44" c="14 40" t="1"/>
		<b id="45" c="15 41" t="1"/>
		<b id="46" c="16 42" t="1"/>
		<b id="47" c="17 43" t="1"/>
		<b id="48" c="19 44" t="1"/>
		<b id="49" c="20 45" t="1"/>
		<b id="50" c="21 46" t="1"/>
		<b id="51" c="22 47" t="1"/>
		<b id="52" c="23 48" t="1"/>
		<b id="53" c="25 49" t="1"/>
		<b id="54" c="29 50" t="1"/>
	</bonds>
	<geometry>
		<g u="A" t="cart/3d">#50,3:2.6495,-1.7547,1.6516;3.2164,-0.7851,0.6822;4.2036,0.0150,0.9909;4.4963,0.7769,-0.0762;5.5953,1.7368,-0.0655;6.4413,1.4776,1.1801;7.7669,1.0766,1.1187;8.4901,0.8716,2.2828;7.8978,1.0640,3.5169;6.5774,1.4772,3.5837;5.8569,1.6905,2.4246;6.3844,1.5035,-1.3495;6.7742,2.5310,-2.1964;7.4687,2.2526,-3.3624;7.7806,0.9478,-3.6982;7.3981,-0.0837,-2.8567;6.7069,0.1923,-1.6926;5.0754,3.1666,0.0365;3.7473,3.5043,-0.1761;3.3328,4.8226,-0.0749;4.2379,5.8191,0.2394;5.5649,5.4896,0.4620;5.9789,4.1749,0.3650;3.6913,0.4711,-1.1212;3.5818,0.9580,-2.4244;2.6028,0.3566,-3.1865;2.3796,0.8729,-4.8153;1.7814,-0.6111,-2.7880;1.8760,-1.0649,-1.5605;2.8200,-0.5599,-0.6696;3.1852,-1.6778,2.5932;2.7385,-2.7697,1.2667;1.5930,-1.5478,1.8185;8.2506,0.9268,0.1653;9.5224,0.5598,2.2186;8.4628,0.8986,4.4223;6.1080,1.6376,4.5430;4.8313,2.0205,2.4825;6.5292,3.5550,-1.9591;7.7601,3.0639,-4.0129;8.3168,0.7343,-4.6105;7.6372,-1.1064,-3.1075;6.4158,-0.6177,-1.0385;3.0167,2.7477,-0.4175;2.2946,5.0665,-0.2446;3.9124,6.8456,0.3148;6.2801,6.2585,0.7140;7.0135,3.9217,0.5474;4.2036,1.7433,-2.8180;1.1831,-1.8480,-1.2855;</g>
	</geometry>
	<conformers/>
	<properties/>
</molecule>
