<?xml version="1.0" ?>
<!--MOLLI PACKAGE EXPERIMENTAL XML FORMAT-->
<molecule name="el1450">
	<atoms>
		<a id="1" s="F" t="F" l="F"/>
		<a id="2" s="C" t="C.3" l="C"/>
		<a id="3" s="F" t="F" l="F"/>
		<a id="4" s="F" t="F" l="F"/>
		<a id="5" s="C" t="C.ar" l="C"/>
		<a id="6" s="C" t="C.ar" l="C"/>
		<a id="7" s="C" t="C.ar" l="C"/>
		<a id="8" s="C" t="C.ar" l="C"/>
		<a id="9" s="C" t="C.ar" l="C"/>
		<a id="10" s="C" t="C.ar" l="C"/>
		<a id="11" s="C" t="C.ar" l="C"/>
		<a id="12" s="C" t="C.ar" l="C"/>
		<a id="13" s="N" t="N.ar" l="N"/>
		<a id="14" s="C" t="C.ar" l="C"/>
		<a id="15" s="Cl" t="Cl" l="CL"/>
		<a id="16" s="C" t="C.ar" l="C"/>
		<a id="17" s="C" t="C.ar" l="C"/>
		<a id="18" s="H" t="H" l="H"/>
		<a id="19" s="H" t="H" l="H"/>
		<a id="20" s="H" t="H" l="H"/>
		<a id="21" s="H" t="H" l="H"/>
		<a id="22" s="H" t="H" l="H"/>
		<a id="23" s="H" t="H" l="H"/>
		<a id="24" s="H" t="H" l="H"/>
	</atoms>
	<bonds>
		<b id="1" c="1 2" t="1"/>
		<b id="2" c="2 3" t="1"/>
		<b id="3" c="2 4" t="1"/>
		<b id="4" c="2 5" t="1"/>
		<b id="5" c="5 6" t="ar"/>
		<b id="6" c="6 7" t="ar"/>
		<b id="7" c="7 8" t="ar"/>
		<b id="8" c="8 9" t="ar"/>
		<b id="9" c="9 10" t="1"/>
		<b id="10" c="10 11" t="ar"/>
		<b id="11" c="11 12" t="ar"/>
		<b id="12" c="12 13" t="ar"/>
		<b id="13" c="13 14" t="ar"/>
		<b id="14" c="14 15" t="1"/>
		<b id="15" c="14 16" t="ar"/>
		<b id="16" c="10 16" t="ar"/>
		<b id="17" c="9 17" t="ar"/>
		<b id="18" c="5 17" t="ar"/>
		<b id="19" c="6 18" t="1"/>
		<b id="20" c="7 19" t="1"/>
		<b id="21" c="8 20" t="1"/>
		<b id="22" c="11 21" t="1"/>
		<b id="23" c="12 22" t="1"/>
		<b id="24" c="16 23" t="1"/>
		<b id="25" c="17 24" t="1"/>
	</bonds>
	<geometry>
		<g u="A" t="cart/3d">#24,3:2.7645,1.0811,0.7160;2.3848,-0.0086,0.0379;1.0741,0.1410,-0.2250;3.0088,0.0493,-1.1553;2.6765,-1.2947,0.7583;3.4068,-1.3049,1.9377;3.6614,-2.5161,2.5589;3.1926,-3.6962,2.0120;2.4610,-3.6896,0.8256;1.9632,-4.9424,0.2388;1.9907,-5.1562,-1.1411;1.5059,-6.3522,-1.6383;1.0135,-7.3119,-0.8728;0.9903,-7.1081,0.4267;0.3392,-8.3818,1.3816;1.4476,-5.9527,1.0457;2.2075,-2.4741,0.1986;3.7671,-0.3805,2.3612;4.2309,-2.5361,3.4751;3.4116,-4.6359,2.4963;2.3999,-4.4127,-1.8060;1.5086,-6.5649,-2.6984;1.3798,-5.8422,2.1155;1.6267,-2.4391,-0.7107;</g>
	</geometry>
	<conformers/>
	<properties/>
</molecule>
