<?xml version="1.0" ?>
<!--MOLLI PACKAGE EXPERIMENTAL XML FORMAT-->
<molecule name="el1451">
	<atoms>
		<a id="1" s="C" t="C.3" l="C"/>
		<a id="2" s="O" t="O.3" l="O"/>
		<a id="3" s="C" t="C.ar" l="C"/>
		<a id="4" s="C" t="C.ar" l="C"/>
		<a id="5" s="C" t="C.ar" l="C"/>
		<a id="6" s="C" t="C.ar" l="C"/>
		<a id="7" s="C" t="C.ar" l="C"/>
		<a id="8" s="C" t="C.ar" l="C"/>
		<a id="9" s="N" t="N.ar" l="N"/>
		<a id="10" s="C" t="C.ar" l="C"/>
		<a id="11" s="C" t="C.ar" l="C"/>
		<a id="12" s="C" t="C.ar" l="C"/>
		<a id="13" s="C" t="C.ar" l="C"/>
		<a id="14" s="C" t="C.ar" l="C"/>
		<a id="15" s="C" t="C.ar" l="C"/>
		<a id="16" s="C" t="C.ar" l="C"/>
		<a id="17" s="Cl" t="Cl" l="CL"/>
		<a id="18" s="C" t="C.ar" l="C"/>
		<a id="19" s="C" t="C.ar" l="C"/>
		<a id="20" s="H" t="H" l="H"/>
		<a id="21" s="H" t="H" l="H"/>
		<a id="22" s="H" t="H" l="H"/>
		<a id="23" s="H" t="H" l="H"/>
		<a id="24" s="H" t="H" l="H"/>
		<a id="25" s="H" t="H" l="H"/>
		<a id="26" s="H" t="H" l="H"/>
		<a id="27" s="H" t="H" l="H"/>
		<a id="28" s="H" t="H" l="H"/>
		<a id="29" s="H" t="H" l="H"/>
		<a id="30" s="H" t="H" l="H"/>
		<a id="31" s="H" t="H" l="H"/>
	</atoms>
	<bonds>
		<b id="1" c="1 2" t="1"/>
		<b id="2" c="2 3" t="1"/>
		<b id="3" c="3 4" t="ar"/>
		<b id="4" c="4 5" t="ar"/>
		<b id="5" c="5 6" t="ar"/>
		<b id="6" c="6 7" t="1"/>
		<b id="7" c="7 8" t="ar"/>
		<b id="8" c="8 9" t="ar"/>
		<b id="9" c="9 10" t="ar"/>
		<b id="10" c="10 11" t="ar"/>
		<b id="11" c="11 12" t="ar"/>
		<b id="12" c="12 13" t="ar"/>
		<b id="13" c="13 14" t="ar"/>
		<b id="14" c="14 15" t="ar"/>
		<b id="15" c="10 15" t="ar"/>
		<b id="16" c="15 16" t="ar"/>
		<b id="17" c="7 16" t="ar"/>
		<b id="18" c="16 17" t="1"/>
		<b id="19" c="6 18" t="ar"/>
		<b id="20" c="18 19" t="ar"/>
		<b id="21" c="3 19" t="ar"/>
		<b id="22" c="1 20" t="1"/>
		<b id="23" c="1 21" t="1"/>
		<b id="24" c="1 22" t="1"/>
		<b id="25" c="4 23" t="1"/>
		<b id="26" c="5 24" t="1"/>
		<b id="27" c="8 25" t="1"/>
		<b id="28" c="11 26" t="1"/>
		<b id="29" c="12 27" t="1"/>
		<b id="30" c="13 28" t="1"/>
		<b id="31" c="14 29" t="1"/>
		<b id="32" c="18 30" t="1"/>
		<b id="33" c="19 31" t="1"/>
	</bonds>
	<geometry>
		<g u="A" t="cart/3d">#31,3:4.0694,-2.2323,-1.0257;4.5709,-1.0912,-1.6776;4.2759,0.1345,-1.1668;3.5095,0.3633,-0.0289;3.2734,1.6588,0.3949;3.7772,2.7485,-0.3049;3.5037,4.1132,0.1655;3.7566,4.4503,1.5181;3.5483,5.6172,2.0457;3.0555,6.6017,1.2690;2.8312,7.8679,1.8447;2.3236,8.8905,1.0924;2.0198,8.6923,-0.2630;2.2266,7.4759,-0.8528;2.7488,6.4009,-0.1079;2.9876,5.1106,-0.6331;2.5696,4.7798,-2.2816;4.5537,2.5121,-1.4386;4.8022,1.2261,-1.8612;4.4271,-3.0827,-1.6040;2.9747,-2.2397,-1.0124;4.4463,-2.3087,-0.0006;3.0896,-0.4553,0.5342;2.6670,1.8254,1.2735;4.1625,3.6930,2.1770;3.0732,7.9941,2.8880;2.1525,9.8599,1.5366;1.6192,9.5112,-0.8419;1.9945,7.3228,-1.8958;4.9810,3.3429,-1.9795;5.4047,1.0339,-2.7348;</g>
	</geometry>
	<conformers/>
	<properties/>
</molecule>
