<?xml version="1.0" ?>
<!--MOLLI PACKAGE EXPERIMENTAL XML FORMAT-->
<molecule name="el1453">
	<atoms>
		<a id="1" s="Cl" t="Cl" l="CL"/>
		<a id="2" s="C" t="C.ar" l="C"/>
		<a id="3" s="N" t="N.ar" l="N"/>
		<a id="4" s="C" t="C.ar" l="C"/>
		<a id="5" s="C" t="C.ar" l="C"/>
		<a id="6" s="C" t="C.ar" l="C"/>
		<a id="7" s="C" t="C.ar" l="C"/>
		<a id="8" s="C" t="C.ar" l="C"/>
		<a id="9" s="C" t="C.ar" l="C"/>
		<a id="10" s="C" t="C.ar" l="C"/>
		<a id="11" s="C" t="C.ar" l="C"/>
		<a id="12" s="C" t="C.ar" l="C"/>
		<a id="13" s="C" t="C.ar" l="C"/>
		<a id="14" s="C" t="C.ar" l="C"/>
		<a id="15" s="C" t="C.ar" l="C"/>
		<a id="16" s="C" t="C.ar" l="C"/>
		<a id="17" s="C" t="C.ar" l="C"/>
		<a id="18" s="H" t="H" l="H"/>
		<a id="19" s="H" t="H" l="H"/>
		<a id="20" s="H" t="H" l="H"/>
		<a id="21" s="H" t="H" l="H"/>
		<a id="22" s="H" t="H" l="H"/>
		<a id="23" s="H" t="H" l="H"/>
		<a id="24" s="H" t="H" l="H"/>
		<a id="25" s="H" t="H" l="H"/>
		<a id="26" s="H" t="H" l="H"/>
		<a id="27" s="H" t="H" l="H"/>
	</atoms>
	<bonds>
		<b id="1" c="1 2" t="1"/>
		<b id="2" c="2 3" t="ar"/>
		<b id="3" c="3 4" t="ar"/>
		<b id="4" c="4 5" t="ar"/>
		<b id="5" c="5 6" t="ar"/>
		<b id="6" c="6 7" t="ar"/>
		<b id="7" c="7 8" t="ar"/>
		<b id="8" c="8 9" t="ar"/>
		<b id="9" c="4 9" t="ar"/>
		<b id="10" c="9 10" t="ar"/>
		<b id="11" c="10 11" t="ar"/>
		<b id="12" c="2 11" t="ar"/>
		<b id="13" c="11 12" t="1"/>
		<b id="14" c="12 13" t="ar"/>
		<b id="15" c="13 14" t="ar"/>
		<b id="16" c="14 15" t="ar"/>
		<b id="17" c="15 16" t="ar"/>
		<b id="18" c="16 17" t="ar"/>
		<b id="19" c="12 17" t="ar"/>
		<b id="20" c="5 18" t="1"/>
		<b id="21" c="6 19" t="1"/>
		<b id="22" c="7 20" t="1"/>
		<b id="23" c="8 21" t="1"/>
		<b id="24" c="10 22" t="1"/>
		<b id="25" c="13 23" t="1"/>
		<b id="26" c="14 24" t="1"/>
		<b id="27" c="15 25" t="1"/>
		<b id="28" c="16 26" t="1"/>
		<b id="29" c="17 27" t="1"/>
	</bonds>
	<geometry>
		<g u="A" t="cart/3d">#27,3:3.1122,0.4052,0.4358;1.4830,-0.1065,0.1933;0.5953,0.8358,0.2002;-0.7070,0.5157,0.0630;-1.6678,1.5446,0.0573;-2.9952,1.2379,-0.0664;-3.4144,-0.0965,-0.1874;-2.5016,-1.1154,-0.1866;-1.1269,-0.8358,-0.0638;-0.1266,-1.8286,-0.0670;1.2009,-1.4903,0.0460;2.2544,-2.5162,0.0286;3.3204,-2.4334,-0.8617;4.2934,-3.4154,-0.8748;4.2171,-4.4856,0.0004;3.1564,-4.5766,0.8854;2.1767,-3.6010,0.8967;-1.3238,2.5620,0.1531;-3.7353,2.0244,-0.0711;-4.4682,-0.3123,-0.2825;-2.8177,-2.1445,-0.2812;-0.4089,-2.8670,-0.1776;3.3767,-1.6071,-1.5541;5.1152,-3.3446,-1.5717;4.9820,-5.2479,-0.0082;3.0920,-5.4097,1.5695;1.3533,-3.6654,1.5934;</g>
	</geometry>
	<conformers/>
	<properties/>
</molecule>
