<?xml version="1.0" ?>
<!--MOLLI PACKAGE EXPERIMENTAL XML FORMAT-->
<molecule name="el1462">
	<atoms>
		<a id="1" s="C" t="C.3" l="C"/>
		<a id="2" s="O" t="O.3" l="O"/>
		<a id="3" s="C" t="C.2" l="C"/>
		<a id="4" s="O" t="O.2" l="O"/>
		<a id="5" s="C" t="C.ar" l="C"/>
		<a id="6" s="S" t="S.2" l="S"/>
		<a id="7" s="C" t="C.ar" l="C"/>
		<a id="8" s="C" t="C.ar" l="C"/>
		<a id="9" s="C" t="C.ar" l="C"/>
		<a id="10" s="C" t="C.ar" l="C"/>
		<a id="11" s="O" t="O.3" l="O"/>
		<a id="12" s="C" t="C.3" l="C"/>
		<a id="13" s="C" t="C.ar" l="C"/>
		<a id="14" s="C" t="C.ar" l="C"/>
		<a id="15" s="C" t="C.ar" l="C"/>
		<a id="16" s="Cl" t="Cl" l="CL"/>
		<a id="17" s="H" t="H" l="H"/>
		<a id="18" s="H" t="H" l="H"/>
		<a id="19" s="H" t="H" l="H"/>
		<a id="20" s="H" t="H" l="H"/>
		<a id="21" s="H" t="H" l="H"/>
		<a id="22" s="H" t="H" l="H"/>
		<a id="23" s="H" t="H" l="H"/>
		<a id="24" s="H" t="H" l="H"/>
		<a id="25" s="H" t="H" l="H"/>
	</atoms>
	<bonds>
		<b id="1" c="1 2" t="1"/>
		<b id="2" c="2 3" t="1"/>
		<b id="3" c="3 4" t="2"/>
		<b id="4" c="3 5" t="1"/>
		<b id="5" c="5 6" t="ar"/>
		<b id="6" c="6 7" t="ar"/>
		<b id="7" c="7 8" t="ar"/>
		<b id="8" c="8 9" t="ar"/>
		<b id="9" c="9 10" t="ar"/>
		<b id="10" c="10 11" t="1"/>
		<b id="11" c="11 12" t="1"/>
		<b id="12" c="10 13" t="ar"/>
		<b id="13" c="13 14" t="ar"/>
		<b id="14" c="7 14" t="ar"/>
		<b id="15" c="14 15" t="ar"/>
		<b id="16" c="5 15" t="ar"/>
		<b id="17" c="15 16" t="1"/>
		<b id="18" c="1 17" t="1"/>
		<b id="19" c="1 18" t="1"/>
		<b id="20" c="1 19" t="1"/>
		<b id="21" c="8 20" t="1"/>
		<b id="22" c="9 21" t="1"/>
		<b id="23" c="12 22" t="1"/>
		<b id="24" c="12 23" t="1"/>
		<b id="25" c="12 24" t="1"/>
		<b id="26" c="13 25" t="1"/>
	</bonds>
	<geometry>
		<g u="A" t="cart/3d">#25,3:1.1022,-0.3320,0.7289;2.5201,-0.3518,0.7091;3.0860,-1.2986,-0.0575;2.4631,-2.1001,-0.7074;4.5437,-1.2117,0.0159;5.2723,0.0074,1.0246;6.8642,-0.5389,0.5802;8.0796,-0.0291,1.0079;9.2475,-0.5979,0.5439;9.2192,-1.6789,-0.3508;10.3255,-2.2884,-0.8497;11.5966,-1.8234,-0.4616;8.0021,-2.1904,-0.7798;6.8191,-1.6240,-0.3166;5.4723,-1.9888,-0.6222;5.0811,-3.2644,-1.6778;0.8206,0.5289,1.3296;0.7163,-1.2523,1.1728;0.7094,-0.2399,-0.2858;8.1099,0.8014,1.6950;10.1884,-0.1952,0.8826;12.3112,-2.4552,-0.9867;11.7510,-1.9251,0.6173;11.7525,-0.7811,-0.7574;7.9803,-3.0205,-1.4663;</g>
	</geometry>
	<conformers/>
	<properties/>
</molecule>
