<?xml version="1.0" ?>
<!--MOLLI PACKAGE EXPERIMENTAL XML FORMAT-->
<molecule name="el1463">
	<atoms>
		<a id="1" s="C" t="C.3" l="C"/>
		<a id="2" s="C" t="C.3" l="C"/>
		<a id="3" s="N" t="N.pl3" l="N"/>
		<a id="4" s="C" t="C.ar" l="C"/>
		<a id="5" s="C" t="C.ar" l="C"/>
		<a id="6" s="N" t="N.ar" l="N"/>
		<a id="7" s="C" t="C.ar" l="C"/>
		<a id="8" s="C" t="C.ar" l="C"/>
		<a id="9" s="Cl" t="Cl" l="CL"/>
		<a id="10" s="N" t="N.ar" l="N"/>
		<a id="11" s="C" t="C.ar" l="C"/>
		<a id="12" s="C" t="C.ar" l="C"/>
		<a id="13" s="C" t="C.ar" l="C"/>
		<a id="14" s="C" t="C.ar" l="C"/>
		<a id="15" s="F" t="F" l="F"/>
		<a id="16" s="C" t="C.ar" l="C"/>
		<a id="17" s="N" t="N.ar" l="N"/>
		<a id="18" s="H" t="H" l="H"/>
		<a id="19" s="H" t="H" l="H"/>
		<a id="20" s="H" t="H" l="H"/>
		<a id="21" s="H" t="H" l="H"/>
		<a id="22" s="H" t="H" l="H"/>
		<a id="23" s="H" t="H" l="H"/>
		<a id="24" s="H" t="H" l="H"/>
		<a id="25" s="H" t="H" l="H"/>
		<a id="26" s="H" t="H" l="H"/>
		<a id="27" s="H" t="H" l="H"/>
	</atoms>
	<bonds>
		<b id="1" c="3 4" t="1"/>
		<b id="2" c="4 5" t="ar"/>
		<b id="3" c="5 6" t="ar"/>
		<b id="4" c="6 7" t="ar"/>
		<b id="5" c="7 8" t="ar"/>
		<b id="6" c="8 9" t="1"/>
		<b id="7" c="8 10" t="ar"/>
		<b id="8" c="4 10" t="ar"/>
		<b id="9" c="2 11" t="1"/>
		<b id="10" c="11 12" t="ar"/>
		<b id="11" c="12 13" t="ar"/>
		<b id="12" c="13 14" t="ar"/>
		<b id="13" c="14 15" t="1"/>
		<b id="14" c="14 16" t="ar"/>
		<b id="15" c="16 17" t="ar"/>
		<b id="16" c="11 17" t="ar"/>
		<b id="17" c="2 3" t="1"/>
		<b id="18" c="2 1" t="1"/>
		<b id="19" c="1 18" t="1"/>
		<b id="20" c="1 19" t="1"/>
		<b id="21" c="1 20" t="1"/>
		<b id="22" c="2 21" t="1"/>
		<b id="23" c="3 22" t="1"/>
		<b id="24" c="5 23" t="1"/>
		<b id="25" c="7 24" t="1"/>
		<b id="26" c="12 25" t="1"/>
		<b id="27" c="13 26" t="1"/>
		<b id="28" c="16 27" t="1"/>
	</bonds>
	<geometry>
		<g u="A" t="cart/3d">#27,3:3.0373,-1.5142,-0.4124;2.5602,-0.1480,0.0746;1.1361,-0.2144,0.3248;0.4258,0.7620,0.9355;0.9752,1.7726,1.7508;0.2151,2.6500,2.3671;-1.1000,2.5775,2.2149;-1.6413,1.5854,1.4080;-3.3401,1.4643,1.1754;-0.9026,0.6984,0.7762;2.8601,0.9120,-0.9679;3.7457,1.9583,-0.7324;3.9490,2.9007,-1.7263;3.2483,2.7438,-2.9099;3.4085,3.6299,-3.9075;2.3824,1.6716,-3.0673;2.1999,0.7830,-2.1124;4.1167,-1.5106,-0.5381;2.5754,-1.7404,-1.3699;2.7674,-2.2809,0.3087;3.0661,0.1037,1.0126;0.6016,-0.7426,-0.3518;2.0380,1.8770,1.9067;-1.7018,3.3084,2.7302;4.2691,2.0358,0.2080;4.6224,3.7336,-1.5961;1.8257,1.5285,-3.9825;</g>
	</geometry>
	<conformers/>
	<properties/>
</molecule>
