<?xml version="1.0" ?>
<!--MOLLI PACKAGE EXPERIMENTAL XML FORMAT-->
<molecule name="el1465">
	<atoms>
		<a id="1" s="C" t="C.3" l="C"/>
		<a id="2" s="C" t="C.3" l="C"/>
		<a id="3" s="C" t="C.3" l="C"/>
		<a id="4" s="C" t="C.3" l="C"/>
		<a id="5" s="O" t="O.3" l="O"/>
		<a id="6" s="C" t="C.2" l="C"/>
		<a id="7" s="O" t="O.2" l="O"/>
		<a id="8" s="N" t="N.am" l="N"/>
		<a id="9" s="C" t="C.3" l="C"/>
		<a id="10" s="C" t="C.3" l="C"/>
		<a id="11" s="N" t="N.pl3" l="N"/>
		<a id="12" s="C" t="C.ar" l="C"/>
		<a id="13" s="N" t="N.ar" l="N"/>
		<a id="14" s="C" t="C.ar" l="C"/>
		<a id="15" s="Cl" t="Cl" l="CL"/>
		<a id="16" s="N" t="N.ar" l="N"/>
		<a id="17" s="C" t="C.ar" l="C"/>
		<a id="18" s="N" t="N.pl3" l="N"/>
		<a id="19" s="C" t="C.3" l="C"/>
		<a id="20" s="C" t="C.3" l="C"/>
		<a id="21" s="C" t="C.ar" l="C"/>
		<a id="22" s="C" t="C.ar" l="C"/>
		<a id="23" s="C" t="C.ar" l="C"/>
		<a id="24" s="C" t="C.ar" l="C"/>
		<a id="25" s="C" t="C.ar" l="C"/>
		<a id="26" s="C" t="C.ar" l="C"/>
		<a id="27" s="C" t="C.3" l="C"/>
		<a id="28" s="N" t="N.ar" l="N"/>
		<a id="29" s="C" t="C.3" l="C"/>
		<a id="30" s="C" t="C.3" l="C"/>
		<a id="31" s="H" t="H" l="H"/>
		<a id="32" s="H" t="H" l="H"/>
		<a id="33" s="H" t="H" l="H"/>
		<a id="34" s="H" t="H" l="H"/>
		<a id="35" s="H" t="H" l="H"/>
		<a id="36" s="H" t="H" l="H"/>
		<a id="37" s="H" t="H" l="H"/>
		<a id="38" s="H" t="H" l="H"/>
		<a id="39" s="H" t="H" l="H"/>
		<a id="40" s="H" t="H" l="H"/>
		<a id="41" s="H" t="H" l="H"/>
		<a id="42" s="H" t="H" l="H"/>
		<a id="43" s="H" t="H" l="H"/>
		<a id="44" s="H" t="H" l="H"/>
		<a id="45" s="H" t="H" l="H"/>
		<a id="46" s="H" t="H" l="H"/>
		<a id="47" s="H" t="H" l="H"/>
		<a id="48" s="H" t="H" l="H"/>
		<a id="49" s="H" t="H" l="H"/>
		<a id="50" s="H" t="H" l="H"/>
		<a id="51" s="H" t="H" l="H"/>
		<a id="52" s="H" t="H" l="H"/>
		<a id="53" s="H" t="H" l="H"/>
		<a id="54" s="H" t="H" l="H"/>
		<a id="55" s="H" t="H" l="H"/>
		<a id="56" s="H" t="H" l="H"/>
		<a id="57" s="H" t="H" l="H"/>
	</atoms>
	<bonds>
		<b id="1" c="1 2" t="1"/>
		<b id="2" c="2 3" t="1"/>
		<b id="3" c="2 4" t="1"/>
		<b id="4" c="2 5" t="1"/>
		<b id="5" c="5 6" t="1"/>
		<b id="6" c="6 7" t="2"/>
		<b id="7" c="6 8" t="am"/>
		<b id="8" c="8 9" t="1"/>
		<b id="9" c="9 10" t="1"/>
		<b id="10" c="10 11" t="1"/>
		<b id="11" c="11 12" t="1"/>
		<b id="12" c="12 13" t="ar"/>
		<b id="13" c="13 14" t="ar"/>
		<b id="14" c="14 15" t="1"/>
		<b id="15" c="14 16" t="ar"/>
		<b id="16" c="16 17" t="ar"/>
		<b id="17" c="17 18" t="1"/>
		<b id="18" c="18 19" t="1"/>
		<b id="19" c="19 20" t="1"/>
		<b id="20" c="20 21" t="1"/>
		<b id="21" c="21 22" t="ar"/>
		<b id="22" c="22 23" t="ar"/>
		<b id="23" c="23 24" t="ar"/>
		<b id="24" c="24 25" t="ar"/>
		<b id="25" c="25 26" t="ar"/>
		<b id="26" c="21 26" t="ar"/>
		<b id="27" c="26 27" t="1"/>
		<b id="28" c="19 27" t="1"/>
		<b id="29" c="17 28" t="ar"/>
		<b id="30" c="12 28" t="ar"/>
		<b id="31" c="11 29" t="1"/>
		<b id="32" c="29 30" t="1"/>
		<b id="33" c="8 30" t="1"/>
		<b id="34" c="1 31" t="1"/>
		<b id="35" c="1 32" t="1"/>
		<b id="36" c="1 33" t="1"/>
		<b id="37" c="3 34" t="1"/>
		<b id="38" c="3 35" t="1"/>
		<b id="39" c="3 36" t="1"/>
		<b id="40" c="4 37" t="1"/>
		<b id="41" c="4 38" t="1"/>
		<b id="42" c="4 39" t="1"/>
		<b id="43" c="9 40" t="1"/>
		<b id="44" c="9 41" t="1"/>
		<b id="45" c="10 42" t="1"/>
		<b id="46" c="10 43" t="1"/>
		<b id="47" c="18 44" t="1"/>
		<b id="48" c="19 45" t="1"/>
		<b id="49" c="20 46" t="1"/>
		<b id="50" c="20 47" t="1"/>
		<b id="51" c="22 48" t="1"/>
		<b id="52" c="23 49" t="1"/>
		<b id="53" c="24 50" t="1"/>
		<b id="54" c="25 51" t="1"/>
		<b id="55" c="27 52" t="1"/>
		<b id="56" c="27 53" t="1"/>
		<b id="57" c="29 54" t="1"/>
		<b id="58" c="29 55" t="1"/>
		<b id="59" c="30 56" t="1"/>
		<b id="60" c="30 57" t="1"/>
	</bonds>
	<geometry>
		<g u="A" t="cart/3d">#57,3:3.9386,1.5821,0.8938;2.9389,0.9881,-0.0977;2.6346,-0.4718,0.2361;1.6505,1.8128,-0.1170;3.4442,1.1039,-1.4504;4.6019,0.5133,-1.7942;5.2818,-0.1885,-1.0811;4.9512,0.8210,-3.0711;4.1280,1.5624,-3.9971;3.6999,0.6444,-5.1506;4.8724,0.0565,-5.7518;5.3396,0.4825,-6.9317;6.5376,0.0162,-7.3340;6.9156,0.4492,-8.5115;8.4360,-0.1042,-9.0596;6.2704,1.2606,-9.3126;5.0808,1.6696,-8.8292;4.3744,2.4829,-9.6208;3.1237,3.0837,-9.2481;2.1469,3.1998,-10.4327;1.3508,4.4294,-10.1074;0.1558,4.8535,-10.6518;-0.4021,6.0404,-10.1962;0.2303,6.7864,-9.2161;1.4348,6.3620,-8.6717;1.9881,5.1809,-9.1226;3.2682,4.5234,-8.7028;4.5818,1.3147,-7.6496;5.6958,-0.6951,-4.8332;6.1178,0.2096,-3.6694;3.5098,1.5800,1.8918;4.1786,2.6059,0.6138;4.8530,0.9956,0.8999;2.1870,-0.5350,1.2240;3.5505,-1.0558,0.2246;1.9413,-0.8863,-0.4930;1.1828,1.7920,0.8625;0.9576,1.4068,-0.8497;1.8707,2.8434,-0.3833;4.7159,2.3945,-4.4025;3.2585,1.9551,-3.4739;3.1652,1.2061,-5.9152;3.0652,-0.1596,-4.7642;4.8347,2.7840,-10.4664;2.6969,2.4460,-8.4695;1.5275,2.3112,-10.5501;2.7004,3.3497,-11.3649;-0.3393,4.2725,-11.4155;-1.3394,6.3831,-10.6088;-0.2178,7.7061,-8.8701;1.9268,6.9447,-7.9068;3.4257,4.5406,-7.6252;4.1198,5.0206,-9.1768;6.5674,-1.0628,-5.3727;5.1100,-1.5373,-4.4512;6.7813,0.9973,-4.0431;6.6310,-0.3641,-2.8973;</g>
	</geometry>
	<conformers/>
	<properties/>
</molecule>
