<?xml version="1.0" ?>
<!--MOLLI PACKAGE EXPERIMENTAL XML FORMAT-->
<molecule name="el1466">
	<atoms>
		<a id="1" s="C" t="C.3" l="C"/>
		<a id="2" s="C" t="C.3" l="C"/>
		<a id="3" s="C" t="C.3" l="C"/>
		<a id="4" s="C" t="C.3" l="C"/>
		<a id="5" s="O" t="O.3" l="O"/>
		<a id="6" s="C" t="C.2" l="C"/>
		<a id="7" s="O" t="O.2" l="O"/>
		<a id="8" s="N" t="N.am" l="N"/>
		<a id="9" s="C" t="C.3" l="C"/>
		<a id="10" s="C" t="C.3" l="C"/>
		<a id="11" s="N" t="N.pl3" l="N"/>
		<a id="12" s="C" t="C.ar" l="C"/>
		<a id="13" s="N" t="N.ar" l="N"/>
		<a id="14" s="C" t="C.ar" l="C"/>
		<a id="15" s="Cl" t="Cl" l="CL"/>
		<a id="16" s="C" t="C.ar" l="C"/>
		<a id="17" s="C" t="C.ar" l="C"/>
		<a id="18" s="N" t="N.pl3" l="N"/>
		<a id="19" s="C" t="C.3" l="C"/>
		<a id="20" s="C" t="C.3" l="C"/>
		<a id="21" s="C" t="C.ar" l="C"/>
		<a id="22" s="C" t="C.ar" l="C"/>
		<a id="23" s="C" t="C.ar" l="C"/>
		<a id="24" s="C" t="C.ar" l="C"/>
		<a id="25" s="C" t="C.ar" l="C"/>
		<a id="26" s="C" t="C.ar" l="C"/>
		<a id="27" s="C" t="C.3" l="C"/>
		<a id="28" s="N" t="N.ar" l="N"/>
		<a id="29" s="C" t="C.3" l="C"/>
		<a id="30" s="C" t="C.3" l="C"/>
		<a id="31" s="H" t="H" l="H"/>
		<a id="32" s="H" t="H" l="H"/>
		<a id="33" s="H" t="H" l="H"/>
		<a id="34" s="H" t="H" l="H"/>
		<a id="35" s="H" t="H" l="H"/>
		<a id="36" s="H" t="H" l="H"/>
		<a id="37" s="H" t="H" l="H"/>
		<a id="38" s="H" t="H" l="H"/>
		<a id="39" s="H" t="H" l="H"/>
		<a id="40" s="H" t="H" l="H"/>
		<a id="41" s="H" t="H" l="H"/>
		<a id="42" s="H" t="H" l="H"/>
		<a id="43" s="H" t="H" l="H"/>
		<a id="44" s="H" t="H" l="H"/>
		<a id="45" s="H" t="H" l="H"/>
		<a id="46" s="H" t="H" l="H"/>
		<a id="47" s="H" t="H" l="H"/>
		<a id="48" s="H" t="H" l="H"/>
		<a id="49" s="H" t="H" l="H"/>
		<a id="50" s="H" t="H" l="H"/>
		<a id="51" s="H" t="H" l="H"/>
		<a id="52" s="H" t="H" l="H"/>
		<a id="53" s="H" t="H" l="H"/>
		<a id="54" s="H" t="H" l="H"/>
		<a id="55" s="H" t="H" l="H"/>
		<a id="56" s="H" t="H" l="H"/>
		<a id="57" s="H" t="H" l="H"/>
		<a id="58" s="H" t="H" l="H"/>
	</atoms>
	<bonds>
		<b id="1" c="1 2" t="1"/>
		<b id="2" c="2 3" t="1"/>
		<b id="3" c="2 4" t="1"/>
		<b id="4" c="2 5" t="1"/>
		<b id="5" c="5 6" t="1"/>
		<b id="6" c="6 7" t="2"/>
		<b id="7" c="6 8" t="am"/>
		<b id="8" c="8 9" t="1"/>
		<b id="9" c="9 10" t="1"/>
		<b id="10" c="10 11" t="1"/>
		<b id="11" c="11 12" t="1"/>
		<b id="12" c="12 13" t="ar"/>
		<b id="13" c="13 14" t="ar"/>
		<b id="14" c="14 15" t="1"/>
		<b id="15" c="14 16" t="ar"/>
		<b id="16" c="16 17" t="ar"/>
		<b id="17" c="17 18" t="1"/>
		<b id="18" c="18 19" t="1"/>
		<b id="19" c="19 20" t="1"/>
		<b id="20" c="20 21" t="1"/>
		<b id="21" c="21 22" t="ar"/>
		<b id="22" c="22 23" t="ar"/>
		<b id="23" c="23 24" t="ar"/>
		<b id="24" c="24 25" t="ar"/>
		<b id="25" c="25 26" t="ar"/>
		<b id="26" c="21 26" t="ar"/>
		<b id="27" c="26 27" t="1"/>
		<b id="28" c="19 27" t="1"/>
		<b id="29" c="17 28" t="ar"/>
		<b id="30" c="12 28" t="ar"/>
		<b id="31" c="11 29" t="1"/>
		<b id="32" c="29 30" t="1"/>
		<b id="33" c="8 30" t="1"/>
		<b id="34" c="1 31" t="1"/>
		<b id="35" c="1 32" t="1"/>
		<b id="36" c="1 33" t="1"/>
		<b id="37" c="3 34" t="1"/>
		<b id="38" c="3 35" t="1"/>
		<b id="39" c="3 36" t="1"/>
		<b id="40" c="4 37" t="1"/>
		<b id="41" c="4 38" t="1"/>
		<b id="42" c="4 39" t="1"/>
		<b id="43" c="9 40" t="1"/>
		<b id="44" c="9 41" t="1"/>
		<b id="45" c="10 42" t="1"/>
		<b id="46" c="10 43" t="1"/>
		<b id="47" c="16 44" t="1"/>
		<b id="48" c="18 45" t="1"/>
		<b id="49" c="19 46" t="1"/>
		<b id="50" c="20 47" t="1"/>
		<b id="51" c="20 48" t="1"/>
		<b id="52" c="22 49" t="1"/>
		<b id="53" c="23 50" t="1"/>
		<b id="54" c="24 51" t="1"/>
		<b id="55" c="25 52" t="1"/>
		<b id="56" c="27 53" t="1"/>
		<b id="57" c="27 54" t="1"/>
		<b id="58" c="29 55" t="1"/>
		<b id="59" c="29 56" t="1"/>
		<b id="60" c="30 57" t="1"/>
		<b id="61" c="30 58" t="1"/>
	</bonds>
	<geometry>
		<g u="A" t="cart/3d">#58,3:3.8708,1.9173,0.1430;3.0048,0.7474,-0.3221;2.9544,-0.3536,0.7370;1.5923,1.2282,-0.6597;3.5014,0.2205,-1.5758;4.7435,-0.2871,-1.6533;5.5254,-0.3935,-0.7348;5.0522,-0.6490,-2.9267;4.1063,-0.6927,-4.0194;3.7676,-2.1525,-4.3519;4.9832,-2.8917,-4.5934;5.3446,-3.2729,-5.8339;4.4453,-3.0999,-6.8125;4.7999,-3.5265,-8.0067;3.6319,-3.2959,-9.2543;6.0048,-4.1219,-8.2949;6.8810,-4.2590,-7.1984;8.1066,-4.8016,-7.3667;8.9870,-5.1170,-6.2736;10.4708,-5.0410,-6.6790;11.1237,-6.0865,-5.8232;12.4667,-6.2741,-5.5665;12.8488,-7.3199,-4.7374;11.9000,-8.1611,-4.1801;10.5499,-7.9771,-4.4445;10.1696,-6.9365,-5.2681;8.7923,-6.5449,-5.7102;6.5466,-3.8328,-5.9836;5.9313,-2.8467,-3.5062;6.2707,-1.3866,-3.1795;3.4410,2.3578,1.0382;3.9226,2.6759,-0.6352;4.8765,1.5721,0.3655;2.5027,0.0337,1.6458;3.9586,-0.7024,0.9609;2.3611,-1.1918,0.3773;1.1250,1.6544,0.2229;0.9892,0.3964,-1.0141;1.6320,1.9834,-1.4402;4.5677,-0.2218,-4.8945;3.2090,-0.1425,-3.7436;3.1470,-2.2126,-5.2448;3.2457,-2.6076,-3.5028;6.2631,-4.4586,-9.2829;8.2926,-5.2513,-8.2501;8.7730,-4.3896,-5.4868;10.8920,-4.0475,-6.5272;10.5892,-5.2968,-7.7371;13.2078,-5.6172,-5.9988;13.8956,-7.4773,-4.5234;12.2127,-8.9682,-3.5332;9.8110,-8.6344,-4.0092;8.0582,-6.5712,-4.9061;8.4482,-7.2182,-6.5020;6.8224,-3.3965,-3.8042;5.4806,-3.3187,-2.6264;6.7888,-0.9308,-4.0295;6.8964,-1.3223,-2.2887;</g>
	</geometry>
	<conformers/>
	<properties/>
</molecule>
