<?xml version="1.0" ?>
<!--MOLLI PACKAGE EXPERIMENTAL XML FORMAT-->
<molecule name="el1227">
	<atoms>
		<a id="1" s="C" t="C.3" l="C"/>
		<a id="2" s="O" t="O.3" l="O"/>
		<a id="3" s="C" t="C.ar" l="C"/>
		<a id="4" s="C" t="C.ar" l="C"/>
		<a id="5" s="C" t="C.ar" l="C"/>
		<a id="6" s="C" t="C.ar" l="C"/>
		<a id="7" s="C" t="C.ar" l="C"/>
		<a id="8" s="Br" t="Br" l="BR"/>
		<a id="9" s="C" t="C.ar" l="C"/>
		<a id="10" s="C" t="C.ar" l="C"/>
		<a id="11" s="C" t="C.ar" l="C"/>
		<a id="12" s="C" t="C.ar" l="C"/>
		<a id="13" s="C" t="C.ar" l="C"/>
		<a id="14" s="C" t="C.ar" l="C"/>
		<a id="15" s="C" t="C.ar" l="C"/>
		<a id="16" s="S" t="S.2" l="S"/>
		<a id="17" s="C" t="C.ar" l="C"/>
		<a id="18" s="C" t="C.ar" l="C"/>
		<a id="19" s="H" t="H" l="H"/>
		<a id="20" s="H" t="H" l="H"/>
		<a id="21" s="H" t="H" l="H"/>
		<a id="22" s="H" t="H" l="H"/>
		<a id="23" s="H" t="H" l="H"/>
		<a id="24" s="H" t="H" l="H"/>
		<a id="25" s="H" t="H" l="H"/>
		<a id="26" s="H" t="H" l="H"/>
		<a id="27" s="H" t="H" l="H"/>
		<a id="28" s="H" t="H" l="H"/>
		<a id="29" s="H" t="H" l="H"/>
	</atoms>
	<bonds>
		<b id="1" c="1 2" t="1"/>
		<b id="2" c="2 3" t="1"/>
		<b id="3" c="3 4" t="ar"/>
		<b id="4" c="4 5" t="ar"/>
		<b id="5" c="5 6" t="ar"/>
		<b id="6" c="6 7" t="ar"/>
		<b id="7" c="7 8" t="1"/>
		<b id="8" c="7 9" t="ar"/>
		<b id="9" c="9 10" t="1"/>
		<b id="10" c="10 11" t="ar"/>
		<b id="11" c="11 12" t="ar"/>
		<b id="12" c="12 13" t="ar"/>
		<b id="13" c="13 14" t="ar"/>
		<b id="14" c="14 15" t="ar"/>
		<b id="15" c="10 15" t="ar"/>
		<b id="16" c="9 16" t="ar"/>
		<b id="17" c="16 17" t="ar"/>
		<b id="18" c="6 17" t="ar"/>
		<b id="19" c="17 18" t="ar"/>
		<b id="20" c="3 18" t="ar"/>
		<b id="21" c="1 19" t="1"/>
		<b id="22" c="1 20" t="1"/>
		<b id="23" c="1 21" t="1"/>
		<b id="24" c="4 22" t="1"/>
		<b id="25" c="5 23" t="1"/>
		<b id="26" c="11 24" t="1"/>
		<b id="27" c="12 25" t="1"/>
		<b id="28" c="13 26" t="1"/>
		<b id="29" c="14 27" t="1"/>
		<b id="30" c="15 28" t="1"/>
		<b id="31" c="18 29" t="1"/>
	</bonds>
	<geometry>
		<g u="A" t="cart/3d">#29,3:1.1209,-0.5410,-0.3195;2.3022,0.1629,-0.0183;2.9894,-0.1568,1.1092;2.6216,-1.1710,2.0038;3.3741,-1.4271,3.1283;4.5151,-0.6726,3.3869;5.4336,-0.7458,4.4769;5.1414,-1.9629,5.8979;6.4489,0.1588,4.4301;7.5410,0.4024,5.3596;8.2043,-0.6431,6.0010;9.2275,-0.3755,6.8908;9.6099,0.9302,7.1476;8.9715,1.9739,6.4972;7.9485,1.7139,5.6076;6.3164,1.1712,2.9980;4.8761,0.3426,2.4820;4.1293,0.6052,1.3512;0.7479,-0.1029,-1.2438;0.3689,-0.4198,0.4665;1.3155,-1.6063,-0.4784;1.7410,-1.7655,1.8222;3.0829,-2.2099,3.8126;7.9373,-1.6666,5.7896;9.7316,-1.1939,7.3829;10.4073,1.1342,7.8465;9.2712,2.9943,6.6848;7.4465,2.5265,5.1025;4.4051,1.3832,0.6591;</g>
	</geometry>
	<conformers/>
	<properties/>
</molecule>
