<?xml version="1.0" ?>
<!--MOLLI PACKAGE EXPERIMENTAL XML FORMAT-->
<molecule name="el1471">
	<atoms>
		<a id="1" s="O" t="O.2" l="O"/>
		<a id="2" s="C" t="C.2" l="C"/>
		<a id="3" s="C" t="C.ar" l="C"/>
		<a id="4" s="C" t="C.ar" l="C"/>
		<a id="5" s="C" t="C.ar" l="C"/>
		<a id="6" s="C" t="C.ar" l="C"/>
		<a id="7" s="C" t="C.ar" l="C"/>
		<a id="8" s="C" t="C.ar" l="C"/>
		<a id="9" s="C" t="C.ar" l="C"/>
		<a id="10" s="C" t="C.ar" l="C"/>
		<a id="11" s="C" t="C.ar" l="C"/>
		<a id="12" s="C" t="C.ar" l="C"/>
		<a id="13" s="N" t="N.am" l="N"/>
		<a id="14" s="C" t="C.3" l="C"/>
		<a id="15" s="C" t="C.ar" l="C"/>
		<a id="16" s="C" t="C.ar" l="C"/>
		<a id="17" s="C" t="C.ar" l="C"/>
		<a id="18" s="C" t="C.ar" l="C"/>
		<a id="19" s="F" t="F" l="F"/>
		<a id="20" s="C" t="C.ar" l="C"/>
		<a id="21" s="C" t="C.ar" l="C"/>
		<a id="22" s="C" t="C.ar" l="C"/>
		<a id="23" s="C" t="C.ar" l="C"/>
		<a id="24" s="C" t="C.ar" l="C"/>
		<a id="25" s="N" t="N.ar" l="N"/>
		<a id="26" s="C" t="C.ar" l="C"/>
		<a id="27" s="Cl" t="Cl" l="CL"/>
		<a id="28" s="C" t="C.ar" l="C"/>
		<a id="29" s="H" t="H" l="H"/>
		<a id="30" s="H" t="H" l="H"/>
		<a id="31" s="H" t="H" l="H"/>
		<a id="32" s="H" t="H" l="H"/>
		<a id="33" s="H" t="H" l="H"/>
		<a id="34" s="H" t="H" l="H"/>
		<a id="35" s="H" t="H" l="H"/>
		<a id="36" s="H" t="H" l="H"/>
		<a id="37" s="H" t="H" l="H"/>
		<a id="38" s="H" t="H" l="H"/>
		<a id="39" s="H" t="H" l="H"/>
		<a id="40" s="H" t="H" l="H"/>
		<a id="41" s="H" t="H" l="H"/>
		<a id="42" s="H" t="H" l="H"/>
		<a id="43" s="H" t="H" l="H"/>
		<a id="44" s="H" t="H" l="H"/>
	</atoms>
	<bonds>
		<b id="1" c="1 2" t="2"/>
		<b id="2" c="2 3" t="1"/>
		<b id="3" c="3 4" t="ar"/>
		<b id="4" c="4 5" t="ar"/>
		<b id="5" c="5 6" t="ar"/>
		<b id="6" c="6 7" t="ar"/>
		<b id="7" c="7 8" t="ar"/>
		<b id="8" c="8 9" t="ar"/>
		<b id="9" c="9 10" t="ar"/>
		<b id="10" c="10 11" t="ar"/>
		<b id="11" c="6 11" t="ar"/>
		<b id="12" c="11 12" t="ar"/>
		<b id="13" c="3 12" t="ar"/>
		<b id="14" c="2 13" t="am"/>
		<b id="15" c="13 14" t="1"/>
		<b id="16" c="14 15" t="1"/>
		<b id="17" c="15 16" t="ar"/>
		<b id="18" c="16 17" t="ar"/>
		<b id="19" c="17 18" t="ar"/>
		<b id="20" c="18 19" t="1"/>
		<b id="21" c="18 20" t="ar"/>
		<b id="22" c="20 21" t="ar"/>
		<b id="23" c="15 21" t="ar"/>
		<b id="24" c="13 22" t="1"/>
		<b id="25" c="22 23" t="ar"/>
		<b id="26" c="23 24" t="ar"/>
		<b id="27" c="24 25" t="ar"/>
		<b id="28" c="25 26" t="ar"/>
		<b id="29" c="26 27" t="1"/>
		<b id="30" c="26 28" t="ar"/>
		<b id="31" c="22 28" t="ar"/>
		<b id="32" c="4 29" t="1"/>
		<b id="33" c="5 30" t="1"/>
		<b id="34" c="7 31" t="1"/>
		<b id="35" c="8 32" t="1"/>
		<b id="36" c="9 33" t="1"/>
		<b id="37" c="10 34" t="1"/>
		<b id="38" c="12 35" t="1"/>
		<b id="39" c="14 36" t="1"/>
		<b id="40" c="14 37" t="1"/>
		<b id="41" c="16 38" t="1"/>
		<b id="42" c="17 39" t="1"/>
		<b id="43" c="20 40" t="1"/>
		<b id="44" c="21 41" t="1"/>
		<b id="45" c="23 42" t="1"/>
		<b id="46" c="24 43" t="1"/>
		<b id="47" c="28 44" t="1"/>
	</bonds>
	<geometry>
		<g u="A" t="cart/3d">#44,3:1.1559,-1.1777,0.4674;2.2988,-0.8236,0.2634;3.1043,-0.1176,1.2943;3.0334,-0.5724,2.6276;3.7169,0.0755,3.6147;4.4878,1.2226,3.3280;5.2089,1.9116,4.3246;5.9352,3.0273,4.0146;5.9747,3.5059,2.6950;5.2863,2.8619,1.7060;4.5289,1.7066,1.9931;3.8213,1.0148,0.9919;2.8937,-0.9904,-0.9708;2.0303,-1.3178,-2.0970;1.6561,-0.1107,-2.9202;1.6822,-0.1703,-4.3085;1.3307,0.9289,-5.0710;0.9573,2.0928,-4.4245;0.6191,3.1710,-5.1597;0.9203,2.1808,-3.0447;1.2684,1.0706,-2.2981;4.2676,-0.9239,-1.1860;5.1779,-1.4239,-0.2466;6.5270,-1.3484,-0.5274;7.0169,-0.8434,-1.6491;6.1556,-0.3988,-2.5379;6.8225,0.2404,-3.9879;4.7778,-0.4104,-2.3772;2.4307,-1.4425,2.8404;3.6723,-0.2786,4.6344;5.1758,1.5404,5.3389;6.4849,3.5503,4.7831;6.5550,4.3882,2.4693;5.3151,3.2230,0.6879;3.8462,1.4009,-0.0181;1.1231,-1.7544,-1.6630;2.5229,-2.0685,-2.7198;1.9793,-1.0849,-4.8007;1.3465,0.8935,-6.1485;0.6189,3.1024,-2.5730;1.2309,1.1213,-1.2202;4.8344,-1.8692,0.6723;7.2639,-1.7198,0.1707;4.1354,-0.0153,-3.1459;</g>
	</geometry>
	<conformers/>
	<properties/>
</molecule>
