<?xml version="1.0" ?>
<!--MOLLI PACKAGE EXPERIMENTAL XML FORMAT-->
<molecule name="el1473">
	<atoms>
		<a id="1" s="O" t="O.2" l="O"/>
		<a id="2" s="C" t="C.2" l="C"/>
		<a id="3" s="C" t="C.ar" l="C"/>
		<a id="4" s="C" t="C.ar" l="C"/>
		<a id="5" s="C" t="C.ar" l="C"/>
		<a id="6" s="C" t="C.ar" l="C"/>
		<a id="7" s="C" t="C.ar" l="C"/>
		<a id="8" s="C" t="C.ar" l="C"/>
		<a id="9" s="C" t="C.3" l="C"/>
		<a id="10" s="C" t="C.3" l="C"/>
		<a id="11" s="O" t="O.3" l="O"/>
		<a id="12" s="N" t="N.am" l="N"/>
		<a id="13" s="C" t="C.3" l="C"/>
		<a id="14" s="C" t="C.3" l="C"/>
		<a id="15" s="C" t="C.3" l="C"/>
		<a id="16" s="C" t="C.3" l="C"/>
		<a id="17" s="C" t="C.ar" l="C"/>
		<a id="18" s="C" t="C.ar" l="C"/>
		<a id="19" s="C" t="C.ar" l="C"/>
		<a id="20" s="N" t="N.ar" l="N"/>
		<a id="21" s="C" t="C.ar" l="C"/>
		<a id="22" s="Cl" t="Cl" l="CL"/>
		<a id="23" s="N" t="N.ar" l="N"/>
		<a id="24" s="H" t="H" l="H"/>
		<a id="25" s="H" t="H" l="H"/>
		<a id="26" s="H" t="H" l="H"/>
		<a id="27" s="H" t="H" l="H"/>
		<a id="28" s="H" t="H" l="H"/>
		<a id="29" s="H" t="H" l="H"/>
		<a id="30" s="H" t="H" l="H"/>
		<a id="31" s="H" t="H" l="H"/>
		<a id="32" s="H" t="H" l="H"/>
		<a id="33" s="H" t="H" l="H"/>
		<a id="34" s="H" t="H" l="H"/>
		<a id="35" s="H" t="H" l="H"/>
		<a id="36" s="H" t="H" l="H"/>
		<a id="37" s="H" t="H" l="H"/>
		<a id="38" s="H" t="H" l="H"/>
		<a id="39" s="H" t="H" l="H"/>
	</atoms>
	<bonds>
		<b id="1" c="1 2" t="2"/>
		<b id="2" c="2 3" t="1"/>
		<b id="3" c="3 4" t="ar"/>
		<b id="4" c="4 5" t="ar"/>
		<b id="5" c="5 6" t="ar"/>
		<b id="6" c="6 7" t="ar"/>
		<b id="7" c="7 8" t="ar"/>
		<b id="8" c="3 8" t="ar"/>
		<b id="9" c="7 9" t="1"/>
		<b id="10" c="9 10" t="1"/>
		<b id="11" c="10 11" t="1"/>
		<b id="12" c="6 11" t="1"/>
		<b id="13" c="2 12" t="am"/>
		<b id="14" c="12 13" t="1"/>
		<b id="15" c="13 14" t="1"/>
		<b id="16" c="14 15" t="1"/>
		<b id="17" c="15 16" t="1"/>
		<b id="18" c="14 16" t="1"/>
		<b id="19" c="12 17" t="1"/>
		<b id="20" c="17 18" t="ar"/>
		<b id="21" c="18 19" t="ar"/>
		<b id="22" c="19 20" t="ar"/>
		<b id="23" c="20 21" t="ar"/>
		<b id="24" c="21 22" t="1"/>
		<b id="25" c="21 23" t="ar"/>
		<b id="26" c="17 23" t="ar"/>
		<b id="27" c="4 24" t="1"/>
		<b id="28" c="5 25" t="1"/>
		<b id="29" c="8 26" t="1"/>
		<b id="30" c="9 27" t="1"/>
		<b id="31" c="9 28" t="1"/>
		<b id="32" c="10 29" t="1"/>
		<b id="33" c="10 30" t="1"/>
		<b id="34" c="13 31" t="1"/>
		<b id="35" c="13 32" t="1"/>
		<b id="36" c="14 33" t="1"/>
		<b id="37" c="15 34" t="1"/>
		<b id="38" c="15 35" t="1"/>
		<b id="39" c="16 36" t="1"/>
		<b id="40" c="16 37" t="1"/>
		<b id="41" c="18 38" t="1"/>
		<b id="42" c="19 39" t="1"/>
	</bonds>
	<geometry>
		<g u="A" t="cart/3d">#39,3:1.4997,-1.3127,0.2104;2.5694,-0.7450,0.2342;3.1700,-0.1323,-0.9727;3.7615,1.1290,-0.9191;4.2607,1.7348,-2.0589;4.1621,1.0466,-3.2572;3.5490,-0.2079,-3.3263;3.0369,-0.7959,-2.1969;3.5854,-0.6679,-4.7543;4.3238,0.4982,-5.4429;4.6129,1.4865,-4.4491;3.2648,-0.5746,1.4292;2.4836,-0.5690,2.6655;2.1178,0.8382,3.0740;0.8005,1.0870,3.7440;1.0216,1.5484,2.3368;4.6174,-0.3884,1.5236;5.5371,-0.8303,0.5546;6.8692,-0.6056,0.8229;7.2946,-0.0159,1.9370;6.3541,0.3255,2.7891;6.8668,1.0546,4.2430;5.0550,0.1712,2.6533;3.8119,1.6549,0.0227;4.7110,2.7129,-2.0245;2.5477,-1.7573,-2.2300;2.5797,-0.8054,-5.1537;4.1238,-1.6105,-4.8610;3.7188,0.9749,-6.2191;5.2744,0.1846,-5.8848;3.0759,-1.0486,3.4471;1.5842,-1.1554,2.4663;2.9678,1.4226,3.4002;0.7587,1.8250,4.5300;0.1460,0.2441,3.9045;1.1268,2.6065,2.1511;0.5184,1.0163,1.5436;5.2219,-1.3385,-0.3391;7.6465,-0.9136,0.1376;</g>
	</geometry>
	<conformers/>
	<properties/>
</molecule>
