<?xml version="1.0" ?>
<!--MOLLI PACKAGE EXPERIMENTAL XML FORMAT-->
<molecule name="el1474">
	<atoms>
		<a id="1" s="C" t="C.3" l="C"/>
		<a id="2" s="O" t="O.3" l="O"/>
		<a id="3" s="C" t="C.3" l="C"/>
		<a id="4" s="C" t="C.3" l="C"/>
		<a id="5" s="N" t="N.am" l="N"/>
		<a id="6" s="C" t="C.2" l="C"/>
		<a id="7" s="O" t="O.2" l="O"/>
		<a id="8" s="C" t="C.ar" l="C"/>
		<a id="9" s="C" t="C.ar" l="C"/>
		<a id="10" s="C" t="C.ar" l="C"/>
		<a id="11" s="C" t="C.ar" l="C"/>
		<a id="12" s="C" t="C.ar" l="C"/>
		<a id="13" s="C" t="C.ar" l="C"/>
		<a id="14" s="C" t="C.3" l="C"/>
		<a id="15" s="C" t="C.3" l="C"/>
		<a id="16" s="O" t="O.3" l="O"/>
		<a id="17" s="C" t="C.ar" l="C"/>
		<a id="18" s="C" t="C.ar" l="C"/>
		<a id="19" s="C" t="C.ar" l="C"/>
		<a id="20" s="N" t="N.ar" l="N"/>
		<a id="21" s="C" t="C.ar" l="C"/>
		<a id="22" s="Cl" t="Cl" l="CL"/>
		<a id="23" s="N" t="N.ar" l="N"/>
		<a id="24" s="H" t="H" l="H"/>
		<a id="25" s="H" t="H" l="H"/>
		<a id="26" s="H" t="H" l="H"/>
		<a id="27" s="H" t="H" l="H"/>
		<a id="28" s="H" t="H" l="H"/>
		<a id="29" s="H" t="H" l="H"/>
		<a id="30" s="H" t="H" l="H"/>
		<a id="31" s="H" t="H" l="H"/>
		<a id="32" s="H" t="H" l="H"/>
		<a id="33" s="H" t="H" l="H"/>
		<a id="34" s="H" t="H" l="H"/>
		<a id="35" s="H" t="H" l="H"/>
		<a id="36" s="H" t="H" l="H"/>
		<a id="37" s="H" t="H" l="H"/>
		<a id="38" s="H" t="H" l="H"/>
		<a id="39" s="H" t="H" l="H"/>
	</atoms>
	<bonds>
		<b id="1" c="1 2" t="1"/>
		<b id="2" c="2 3" t="1"/>
		<b id="3" c="3 4" t="1"/>
		<b id="4" c="4 5" t="1"/>
		<b id="5" c="5 6" t="am"/>
		<b id="6" c="6 7" t="2"/>
		<b id="7" c="6 8" t="1"/>
		<b id="8" c="8 9" t="ar"/>
		<b id="9" c="9 10" t="ar"/>
		<b id="10" c="10 11" t="ar"/>
		<b id="11" c="11 12" t="ar"/>
		<b id="12" c="12 13" t="ar"/>
		<b id="13" c="8 13" t="ar"/>
		<b id="14" c="12 14" t="1"/>
		<b id="15" c="14 15" t="1"/>
		<b id="16" c="15 16" t="1"/>
		<b id="17" c="11 16" t="1"/>
		<b id="18" c="5 17" t="1"/>
		<b id="19" c="17 18" t="ar"/>
		<b id="20" c="18 19" t="ar"/>
		<b id="21" c="19 20" t="ar"/>
		<b id="22" c="20 21" t="ar"/>
		<b id="23" c="21 22" t="1"/>
		<b id="24" c="21 23" t="ar"/>
		<b id="25" c="17 23" t="ar"/>
		<b id="26" c="1 24" t="1"/>
		<b id="27" c="1 25" t="1"/>
		<b id="28" c="1 26" t="1"/>
		<b id="29" c="3 27" t="1"/>
		<b id="30" c="3 28" t="1"/>
		<b id="31" c="4 29" t="1"/>
		<b id="32" c="4 30" t="1"/>
		<b id="33" c="9 31" t="1"/>
		<b id="34" c="10 32" t="1"/>
		<b id="35" c="13 33" t="1"/>
		<b id="36" c="14 34" t="1"/>
		<b id="37" c="14 35" t="1"/>
		<b id="38" c="15 36" t="1"/>
		<b id="39" c="15 37" t="1"/>
		<b id="40" c="18 38" t="1"/>
		<b id="41" c="19 39" t="1"/>
	</bonds>
	<geometry>
		<g u="A" t="cart/3d">#39,3:3.6789,2.0140,0.2433;3.5905,0.7200,-0.2942;4.7566,0.3267,-0.9814;4.5710,-1.1302,-1.4282;5.0187,-1.3640,-2.7927;4.1436,-1.8142,-3.7780;4.5322,-2.3735,-4.7812;2.6952,-1.5843,-3.5453;2.1846,-0.3331,-3.2038;0.8210,-0.1191,-3.0956;-0.0255,-1.1901,-3.3271;0.4735,-2.4454,-3.6852;1.8252,-2.6466,-3.8151;-0.6887,-3.3742,-3.8788;-1.8850,-2.4530,-3.5598;-1.3727,-1.1535,-3.2507;6.3862,-1.3068,-2.9817;7.0325,-1.3873,-4.2245;8.4076,-1.2716,-4.2102;9.1130,-1.0902,-3.0978;8.4056,-1.0242,-1.9928;9.2670,-0.7809,-0.5384;7.1005,-1.1158,-1.8693;2.7222,2.2172,0.7209;3.8636,2.7602,-0.5397;4.4817,2.0829,0.9880;5.6390,0.4269,-0.3349;4.9150,0.9753,-1.8601;3.5110,-1.3692,-1.3528;5.1362,-1.7912,-0.7679;2.8569,0.4929,-3.0379;0.4239,0.8492,-2.8401;2.2294,-3.6030,-4.1111;-0.6407,-4.2268,-3.2001;-0.7290,-3.7560,-4.8999;-2.4559,-2.8004,-2.6927;-2.5677,-2.3480,-4.4075;6.4906,-1.5412,-5.1393;8.9890,-1.3213,-5.1207;</g>
	</geometry>
	<conformers/>
	<properties/>
</molecule>
