<?xml version="1.0" ?>
<!--MOLLI PACKAGE EXPERIMENTAL XML FORMAT-->
<molecule name="el1475">
	<atoms>
		<a id="1" s="O" t="O.2" l="O"/>
		<a id="2" s="C" t="C.2" l="C"/>
		<a id="3" s="C" t="C.ar" l="C"/>
		<a id="4" s="C" t="C.ar" l="C"/>
		<a id="5" s="C" t="C.ar" l="C"/>
		<a id="6" s="C" t="C.ar" l="C"/>
		<a id="7" s="C" t="C.ar" l="C"/>
		<a id="8" s="C" t="C.ar" l="C"/>
		<a id="9" s="C" t="C.3" l="C"/>
		<a id="10" s="C" t="C.3" l="C"/>
		<a id="11" s="O" t="O.3" l="O"/>
		<a id="12" s="N" t="N.am" l="N"/>
		<a id="13" s="C" t="C.3" l="C"/>
		<a id="14" s="C" t="C.3" l="C"/>
		<a id="15" s="C" t="C.3" l="C"/>
		<a id="16" s="C" t="C.3" l="C"/>
		<a id="17" s="O" t="O.3" l="O"/>
		<a id="18" s="C" t="C.3" l="C"/>
		<a id="19" s="C" t="C.3" l="C"/>
		<a id="20" s="C" t="C.ar" l="C"/>
		<a id="21" s="C" t="C.ar" l="C"/>
		<a id="22" s="C" t="C.ar" l="C"/>
		<a id="23" s="N" t="N.ar" l="N"/>
		<a id="24" s="C" t="C.ar" l="C"/>
		<a id="25" s="Cl" t="Cl" l="CL"/>
		<a id="26" s="N" t="N.ar" l="N"/>
		<a id="27" s="H" t="H" l="H"/>
		<a id="28" s="H" t="H" l="H"/>
		<a id="29" s="H" t="H" l="H"/>
		<a id="30" s="H" t="H" l="H"/>
		<a id="31" s="H" t="H" l="H"/>
		<a id="32" s="H" t="H" l="H"/>
		<a id="33" s="H" t="H" l="H"/>
		<a id="34" s="H" t="H" l="H"/>
		<a id="35" s="H" t="H" l="H"/>
		<a id="36" s="H" t="H" l="H"/>
		<a id="37" s="H" t="H" l="H"/>
		<a id="38" s="H" t="H" l="H"/>
		<a id="39" s="H" t="H" l="H"/>
		<a id="40" s="H" t="H" l="H"/>
		<a id="41" s="H" t="H" l="H"/>
		<a id="42" s="H" t="H" l="H"/>
		<a id="43" s="H" t="H" l="H"/>
		<a id="44" s="H" t="H" l="H"/>
		<a id="45" s="H" t="H" l="H"/>
		<a id="46" s="H" t="H" l="H"/>
	</atoms>
	<bonds>
		<b id="1" c="1 2" t="2"/>
		<b id="2" c="2 3" t="1"/>
		<b id="3" c="3 4" t="ar"/>
		<b id="4" c="4 5" t="ar"/>
		<b id="5" c="5 6" t="ar"/>
		<b id="6" c="6 7" t="ar"/>
		<b id="7" c="7 8" t="ar"/>
		<b id="8" c="3 8" t="ar"/>
		<b id="9" c="7 9" t="1"/>
		<b id="10" c="9 10" t="1"/>
		<b id="11" c="10 11" t="1"/>
		<b id="12" c="6 11" t="1"/>
		<b id="13" c="2 12" t="am"/>
		<b id="14" c="12 13" t="1"/>
		<b id="15" c="13 14" t="1"/>
		<b id="16" c="14 15" t="1"/>
		<b id="17" c="15 16" t="1"/>
		<b id="18" c="16 17" t="1"/>
		<b id="19" c="17 18" t="1"/>
		<b id="20" c="18 19" t="1"/>
		<b id="21" c="14 19" t="1"/>
		<b id="22" c="12 20" t="1"/>
		<b id="23" c="20 21" t="ar"/>
		<b id="24" c="21 22" t="ar"/>
		<b id="25" c="22 23" t="ar"/>
		<b id="26" c="23 24" t="ar"/>
		<b id="27" c="24 25" t="1"/>
		<b id="28" c="24 26" t="ar"/>
		<b id="29" c="20 26" t="ar"/>
		<b id="30" c="4 27" t="1"/>
		<b id="31" c="5 28" t="1"/>
		<b id="32" c="8 29" t="1"/>
		<b id="33" c="9 30" t="1"/>
		<b id="34" c="9 31" t="1"/>
		<b id="35" c="10 32" t="1"/>
		<b id="36" c="10 33" t="1"/>
		<b id="37" c="13 34" t="1"/>
		<b id="38" c="13 35" t="1"/>
		<b id="39" c="14 36" t="1"/>
		<b id="40" c="15 37" t="1"/>
		<b id="41" c="15 38" t="1"/>
		<b id="42" c="16 39" t="1"/>
		<b id="43" c="16 40" t="1"/>
		<b id="44" c="18 41" t="1"/>
		<b id="45" c="18 42" t="1"/>
		<b id="46" c="19 43" t="1"/>
		<b id="47" c="19 44" t="1"/>
		<b id="48" c="21 45" t="1"/>
		<b id="49" c="22 46" t="1"/>
	</bonds>
	<geometry>
		<g u="A" t="cart/3d">#46,3:1.3198,0.8267,1.0289;2.3618,0.4695,0.5258;2.9928,-0.8311,0.8494;3.5610,-1.6340,-0.1389;4.0929,-2.8755,0.1629;4.0514,-3.2975,1.4818;3.4625,-2.5118,2.4770;2.9185,-1.2902,2.1690;3.5630,-3.2532,3.7778;4.2997,-4.5397,3.3519;4.5402,-4.4652,1.9429;2.9945,1.2483,-0.4411;2.1753,2.2002,-1.1801;1.6939,1.6387,-2.5219;0.9455,2.7194,-3.3050;0.4231,2.1296,-4.6161;-0.4174,1.0210,-4.3968;0.2506,-0.0130,-3.7144;0.7609,0.4398,-2.3448;4.3330,1.1976,-0.7305;5.3170,0.7738,0.1811;6.6225,0.8203,-0.2570;6.9662,1.2536,-1.4667;5.9724,1.6625,-2.2232;6.3786,2.2597,-3.7679;4.6905,1.6641,-1.9284;3.5740,-1.2945,-1.1642;4.5258,-3.5016,-0.5995;2.4473,-0.6735,2.9187;2.5771,-3.4665,4.1924;4.1275,-2.6877,4.5204;3.7085,-5.4402,3.5402;5.2686,-4.6483,3.8480;2.7691,3.0990,-1.3560;1.3214,2.4407,-0.5428;2.5738,1.3324,-3.0970;1.6038,3.5611,-3.5222;0.1004,3.0780,-2.7142;1.2750,1.8331,-5.2490;-0.1831,2.8585,-5.1578;1.0985,-0.3722,-4.3208;-0.4774,-0.8204,-3.6118;1.2733,-0.3925,-1.8590;-0.0886,0.7274,-1.7224;5.0703,0.4514,1.1768;7.4446,0.5150,0.3751;</g>
	</geometry>
	<conformers/>
	<properties/>
</molecule>
