<?xml version="1.0" ?>
<!--MOLLI PACKAGE EXPERIMENTAL XML FORMAT-->
<molecule name="el1477">
	<atoms>
		<a id="1" s="C" t="C.3" l="C"/>
		<a id="2" s="C" t="C.3" l="C"/>
		<a id="3" s="C" t="C.3" l="C"/>
		<a id="4" s="C" t="C.3" l="C"/>
		<a id="5" s="O" t="O.3" l="O"/>
		<a id="6" s="C" t="C.2" l="C"/>
		<a id="7" s="O" t="O.2" l="O"/>
		<a id="8" s="N" t="N.am" l="N"/>
		<a id="9" s="C" t="C.3" l="C"/>
		<a id="10" s="C" t="C.3" l="C"/>
		<a id="11" s="C" t="C.3" l="C"/>
		<a id="12" s="C" t="C.3" l="C"/>
		<a id="13" s="C" t="C.3" l="C"/>
		<a id="14" s="N" t="N.am" l="N"/>
		<a id="15" s="C" t="C.2" l="C"/>
		<a id="16" s="O" t="O.2" l="O"/>
		<a id="17" s="C" t="C.ar" l="C"/>
		<a id="18" s="C" t="C.ar" l="C"/>
		<a id="19" s="C" t="C.ar" l="C"/>
		<a id="20" s="C" t="C.ar" l="C"/>
		<a id="21" s="C" t="C.ar" l="C"/>
		<a id="22" s="C" t="C.ar" l="C"/>
		<a id="23" s="C" t="C.3" l="C"/>
		<a id="24" s="C" t="C.3" l="C"/>
		<a id="25" s="O" t="O.3" l="O"/>
		<a id="26" s="C" t="C.ar" l="C"/>
		<a id="27" s="C" t="C.ar" l="C"/>
		<a id="28" s="C" t="C.ar" l="C"/>
		<a id="29" s="N" t="N.ar" l="N"/>
		<a id="30" s="C" t="C.ar" l="C"/>
		<a id="31" s="Cl" t="Cl" l="CL"/>
		<a id="32" s="N" t="N.ar" l="N"/>
		<a id="33" s="C" t="C.3" l="C"/>
		<a id="34" s="H" t="H" l="H"/>
		<a id="35" s="H" t="H" l="H"/>
		<a id="36" s="H" t="H" l="H"/>
		<a id="37" s="H" t="H" l="H"/>
		<a id="38" s="H" t="H" l="H"/>
		<a id="39" s="H" t="H" l="H"/>
		<a id="40" s="H" t="H" l="H"/>
		<a id="41" s="H" t="H" l="H"/>
		<a id="42" s="H" t="H" l="H"/>
		<a id="43" s="H" t="H" l="H"/>
		<a id="44" s="H" t="H" l="H"/>
		<a id="45" s="H" t="H" l="H"/>
		<a id="46" s="H" t="H" l="H"/>
		<a id="47" s="H" t="H" l="H"/>
		<a id="48" s="H" t="H" l="H"/>
		<a id="49" s="H" t="H" l="H"/>
		<a id="50" s="H" t="H" l="H"/>
		<a id="51" s="H" t="H" l="H"/>
		<a id="52" s="H" t="H" l="H"/>
		<a id="53" s="H" t="H" l="H"/>
		<a id="54" s="H" t="H" l="H"/>
		<a id="55" s="H" t="H" l="H"/>
		<a id="56" s="H" t="H" l="H"/>
		<a id="57" s="H" t="H" l="H"/>
		<a id="58" s="H" t="H" l="H"/>
		<a id="59" s="H" t="H" l="H"/>
		<a id="60" s="H" t="H" l="H"/>
		<a id="61" s="H" t="H" l="H"/>
		<a id="62" s="H" t="H" l="H"/>
	</atoms>
	<bonds>
		<b id="1" c="1 2" t="1"/>
		<b id="2" c="2 3" t="1"/>
		<b id="3" c="2 4" t="1"/>
		<b id="4" c="2 5" t="1"/>
		<b id="5" c="5 6" t="1"/>
		<b id="6" c="6 7" t="2"/>
		<b id="7" c="6 8" t="am"/>
		<b id="8" c="8 9" t="1"/>
		<b id="9" c="9 10" t="1"/>
		<b id="10" c="10 11" t="1"/>
		<b id="11" c="11 12" t="1"/>
		<b id="12" c="12 13" t="1"/>
		<b id="13" c="13 14" t="1"/>
		<b id="14" c="14 15" t="am"/>
		<b id="15" c="15 16" t="2"/>
		<b id="16" c="15 17" t="1"/>
		<b id="17" c="17 18" t="ar"/>
		<b id="18" c="18 19" t="ar"/>
		<b id="19" c="19 20" t="ar"/>
		<b id="20" c="20 21" t="ar"/>
		<b id="21" c="21 22" t="ar"/>
		<b id="22" c="17 22" t="ar"/>
		<b id="23" c="21 23" t="1"/>
		<b id="24" c="23 24" t="1"/>
		<b id="25" c="24 25" t="1"/>
		<b id="26" c="20 25" t="1"/>
		<b id="27" c="14 26" t="1"/>
		<b id="28" c="26 27" t="ar"/>
		<b id="29" c="27 28" t="ar"/>
		<b id="30" c="28 29" t="ar"/>
		<b id="31" c="29 30" t="ar"/>
		<b id="32" c="30 31" t="1"/>
		<b id="33" c="30 32" t="ar"/>
		<b id="34" c="26 32" t="ar"/>
		<b id="35" c="12 33" t="1"/>
		<b id="36" c="8 33" t="1"/>
		<b id="37" c="1 34" t="1"/>
		<b id="38" c="1 35" t="1"/>
		<b id="39" c="1 36" t="1"/>
		<b id="40" c="3 37" t="1"/>
		<b id="41" c="3 38" t="1"/>
		<b id="42" c="3 39" t="1"/>
		<b id="43" c="4 40" t="1"/>
		<b id="44" c="4 41" t="1"/>
		<b id="45" c="4 42" t="1"/>
		<b id="46" c="9 43" t="1"/>
		<b id="47" c="9 44" t="1"/>
		<b id="48" c="10 45" t="1"/>
		<b id="49" c="10 46" t="1"/>
		<b id="50" c="11 47" t="1"/>
		<b id="51" c="11 48" t="1"/>
		<b id="52" c="12 49" t="1"/>
		<b id="53" c="13 50" t="1"/>
		<b id="54" c="13 51" t="1"/>
		<b id="55" c="18 52" t="1"/>
		<b id="56" c="19 53" t="1"/>
		<b id="57" c="22 54" t="1"/>
		<b id="58" c="23 55" t="1"/>
		<b id="59" c="23 56" t="1"/>
		<b id="60" c="24 57" t="1"/>
		<b id="61" c="24 58" t="1"/>
		<b id="62" c="27 59" t="1"/>
		<b id="63" c="28 60" t="1"/>
		<b id="64" c="33 61" t="1"/>
		<b id="65" c="33 62" t="1"/>
	</bonds>
	<geometry>
		<g u="A" t="cart/3d">#62,3:5.0313,2.1214,-0.4715;3.7948,1.2287,-0.5699;3.3681,0.7265,0.8096;2.6437,1.9774,-1.2457;4.0499,0.1142,-1.4570;4.9978,-0.7953,-1.1627;5.7085,-0.7883,-0.1828;5.0606,-1.7592,-2.1151;5.9670,-2.8766,-1.9733;6.8817,-2.9806,-3.1921;6.0520,-3.0572,-4.4724;5.1325,-1.8393,-4.5574;4.2642,-1.8715,-5.8232;3.8305,-0.5328,-6.2043;2.7083,0.0513,-5.6173;2.6171,1.2479,-5.4439;1.5999,-0.8660,-5.2520;0.9374,-0.6620,-4.0439;-0.1613,-1.4226,-3.6844;-0.6063,-2.3785,-4.5819;0.0300,-2.5709,-5.8119;1.1302,-1.8245,-6.1570;-0.7078,-3.6453,-6.5570;-1.8081,-4.0309,-5.5471;-1.6667,-3.1905,-4.3978;4.7405,0.2122,-6.9273;4.4649,1.4693,-7.4877;5.4673,2.0371,-8.2460;6.6425,1.4505,-8.4555;6.7908,0.2752,-7.8886;8.2828,-0.5187,-8.1392;5.9202,-0.3733,-7.1479;4.2497,-1.7801,-3.3061;4.8174,2.9751,0.1658;5.3141,2.4789,-1.4598;5.8601,1.5617,-0.0465;3.0585,1.5670,1.4246;4.1949,0.2151,1.2943;2.5346,0.0331,0.7124;2.4351,2.8987,-0.7101;1.7471,1.3618,-1.2485;2.9056,2.2161,-2.2740;5.3792,-3.7988,-1.8726;6.5424,-2.7208,-1.0598;7.5123,-3.8652,-3.0955;7.5288,-2.1029,-3.2320;5.4514,-3.9702,-4.4700;6.7101,-3.0813,-5.3419;5.7586,-0.9429,-4.5893;3.3910,-2.5000,-5.6540;4.8481,-2.2713,-6.6536;1.3024,0.1046,-3.3784;-0.6678,-1.2742,-2.7452;1.6045,-1.9537,-7.1191;-0.0604,-4.4906,-6.7948;-1.1271,-3.2669,-7.4904;-1.7176,-5.0691,-5.2122;-2.8144,-3.8801,-5.9475;3.5263,1.9688,-7.3316;5.3425,3.0013,-8.7189;3.5961,-2.6645,-3.2802;3.6276,-0.8874,-3.3183;</g>
	</geometry>
	<conformers/>
	<properties/>
</molecule>
