<?xml version="1.0" ?>
<!--MOLLI PACKAGE EXPERIMENTAL XML FORMAT-->
<molecule name="el1479">
	<atoms>
		<a id="1" s="C" t="C.3" l="C"/>
		<a id="2" s="C" t="C.3" l="C"/>
		<a id="3" s="C" t="C.3" l="C"/>
		<a id="4" s="C" t="C.3" l="C"/>
		<a id="5" s="O" t="O.3" l="O"/>
		<a id="6" s="C" t="C.2" l="C"/>
		<a id="7" s="O" t="O.2" l="O"/>
		<a id="8" s="N" t="N.am" l="N"/>
		<a id="9" s="C" t="C.3" l="C"/>
		<a id="10" s="C" t="C.3" l="C"/>
		<a id="11" s="C" t="C.3" l="C"/>
		<a id="12" s="C" t="C.3" l="C"/>
		<a id="13" s="N" t="N.am" l="N"/>
		<a id="14" s="C" t="C.2" l="C"/>
		<a id="15" s="O" t="O.2" l="O"/>
		<a id="16" s="C" t="C.ar" l="C"/>
		<a id="17" s="C" t="C.ar" l="C"/>
		<a id="18" s="C" t="C.ar" l="C"/>
		<a id="19" s="C" t="C.ar" l="C"/>
		<a id="20" s="C" t="C.ar" l="C"/>
		<a id="21" s="C" t="C.ar" l="C"/>
		<a id="22" s="C" t="C.3" l="C"/>
		<a id="23" s="C" t="C.3" l="C"/>
		<a id="24" s="O" t="O.3" l="O"/>
		<a id="25" s="C" t="C.ar" l="C"/>
		<a id="26" s="C" t="C.ar" l="C"/>
		<a id="27" s="C" t="C.ar" l="C"/>
		<a id="28" s="N" t="N.ar" l="N"/>
		<a id="29" s="C" t="C.ar" l="C"/>
		<a id="30" s="Cl" t="Cl" l="CL"/>
		<a id="31" s="N" t="N.ar" l="N"/>
		<a id="32" s="H" t="H" l="H"/>
		<a id="33" s="H" t="H" l="H"/>
		<a id="34" s="H" t="H" l="H"/>
		<a id="35" s="H" t="H" l="H"/>
		<a id="36" s="H" t="H" l="H"/>
		<a id="37" s="H" t="H" l="H"/>
		<a id="38" s="H" t="H" l="H"/>
		<a id="39" s="H" t="H" l="H"/>
		<a id="40" s="H" t="H" l="H"/>
		<a id="41" s="H" t="H" l="H"/>
		<a id="42" s="H" t="H" l="H"/>
		<a id="43" s="H" t="H" l="H"/>
		<a id="44" s="H" t="H" l="H"/>
		<a id="45" s="H" t="H" l="H"/>
		<a id="46" s="H" t="H" l="H"/>
		<a id="47" s="H" t="H" l="H"/>
		<a id="48" s="H" t="H" l="H"/>
		<a id="49" s="H" t="H" l="H"/>
		<a id="50" s="H" t="H" l="H"/>
		<a id="51" s="H" t="H" l="H"/>
		<a id="52" s="H" t="H" l="H"/>
		<a id="53" s="H" t="H" l="H"/>
		<a id="54" s="H" t="H" l="H"/>
		<a id="55" s="H" t="H" l="H"/>
		<a id="56" s="H" t="H" l="H"/>
		<a id="57" s="H" t="H" l="H"/>
		<a id="58" s="H" t="H" l="H"/>
	</atoms>
	<bonds>
		<b id="1" c="1 2" t="1"/>
		<b id="2" c="2 3" t="1"/>
		<b id="3" c="2 4" t="1"/>
		<b id="4" c="2 5" t="1"/>
		<b id="5" c="5 6" t="1"/>
		<b id="6" c="6 7" t="2"/>
		<b id="7" c="6 8" t="am"/>
		<b id="8" c="8 9" t="1"/>
		<b id="9" c="9 10" t="1"/>
		<b id="10" c="10 11" t="1"/>
		<b id="11" c="11 12" t="1"/>
		<b id="12" c="12 13" t="1"/>
		<b id="13" c="13 14" t="am"/>
		<b id="14" c="14 15" t="2"/>
		<b id="15" c="14 16" t="1"/>
		<b id="16" c="16 17" t="ar"/>
		<b id="17" c="17 18" t="ar"/>
		<b id="18" c="18 19" t="ar"/>
		<b id="19" c="19 20" t="ar"/>
		<b id="20" c="20 21" t="ar"/>
		<b id="21" c="16 21" t="ar"/>
		<b id="22" c="20 22" t="1"/>
		<b id="23" c="22 23" t="1"/>
		<b id="24" c="23 24" t="1"/>
		<b id="25" c="19 24" t="1"/>
		<b id="26" c="13 25" t="1"/>
		<b id="27" c="25 26" t="ar"/>
		<b id="28" c="26 27" t="ar"/>
		<b id="29" c="27 28" t="ar"/>
		<b id="30" c="28 29" t="ar"/>
		<b id="31" c="29 30" t="1"/>
		<b id="32" c="29 31" t="ar"/>
		<b id="33" c="25 31" t="ar"/>
		<b id="34" c="1 32" t="1"/>
		<b id="35" c="1 33" t="1"/>
		<b id="36" c="1 34" t="1"/>
		<b id="37" c="3 35" t="1"/>
		<b id="38" c="3 36" t="1"/>
		<b id="39" c="3 37" t="1"/>
		<b id="40" c="4 38" t="1"/>
		<b id="41" c="4 39" t="1"/>
		<b id="42" c="4 40" t="1"/>
		<b id="43" c="8 41" t="1"/>
		<b id="44" c="9 42" t="1"/>
		<b id="45" c="9 43" t="1"/>
		<b id="46" c="10 44" t="1"/>
		<b id="47" c="10 45" t="1"/>
		<b id="48" c="11 46" t="1"/>
		<b id="49" c="11 47" t="1"/>
		<b id="50" c="12 48" t="1"/>
		<b id="51" c="12 49" t="1"/>
		<b id="52" c="17 50" t="1"/>
		<b id="53" c="18 51" t="1"/>
		<b id="54" c="21 52" t="1"/>
		<b id="55" c="22 53" t="1"/>
		<b id="56" c="22 54" t="1"/>
		<b id="57" c="23 55" t="1"/>
		<b id="58" c="23 56" t="1"/>
		<b id="59" c="26 57" t="1"/>
		<b id="60" c="27 58" t="1"/>
	</bonds>
	<geometry>
		<g u="A" t="cart/3d">#58,3:2.9183,1.9842,4.6263;2.2072,1.6133,3.3245;2.4613,0.1515,2.9564;0.7056,1.8804,3.4379;2.6397,2.4900,2.2562;3.9175,2.4855,1.8412;4.8178,1.8154,2.2876;4.0524,3.3434,0.7934;5.3647,3.7052,0.3133;6.0051,4.8226,1.1457;7.5174,4.8854,0.9310;8.1375,5.7901,1.9907;9.5495,6.1347,1.8070;10.4209,5.4294,0.9632;11.2487,6.0138,0.2954;10.3277,3.9578,0.9685;10.7284,3.2722,-0.1779;10.7234,1.8902,-0.2353;10.3182,1.1987,0.8946;9.9362,1.8738,2.0598;9.9467,3.2435,2.1129;9.5374,0.8505,3.0823;9.8091,-0.4679,2.3329;10.2553,-0.1399,1.0105;9.9542,7.3010,2.4122;11.2930,7.7331,2.4800;11.5407,8.8670,3.2205;10.5814,9.5585,3.8368;9.3669,9.0765,3.6953;8.1031,9.9399,4.4543;8.9998,7.9962,3.0422;2.5795,1.3357,5.4273;2.7010,3.0163,4.8920;3.9914,1.8688,4.5110;1.9995,-0.4971,3.6957;3.5288,-0.0494,2.9234;2.0337,-0.0649,1.9789;0.2809,1.2772,4.2344;0.2126,1.6327,2.5014;0.5282,2.9304,3.6542;3.2798,3.9678,0.6261;5.2882,3.9931,-0.7365;5.9772,2.8034,0.3921;5.8125,4.6052,2.1999;5.5430,5.7838,0.9086;7.7511,5.2527,-0.0695;7.9046,3.8717,1.0183;7.9991,5.3455,2.9855;7.6015,6.7456,1.9931;11.0402,3.8492,-1.0348;11.0247,1.3612,-1.1243;9.6791,3.7584,3.0219;8.4836,0.9549,3.3457;10.1280,0.9325,3.9948;8.9125,-1.0862,2.2356;10.5966,-1.0613,2.8076;12.0879,7.2071,1.9832;12.5427,9.2525,3.3486;</g>
	</geometry>
	<conformers/>
	<properties/>
</molecule>
