<?xml version="1.0" ?>
<!--MOLLI PACKAGE EXPERIMENTAL XML FORMAT-->
<molecule name="el1480">
	<atoms>
		<a id="1" s="O" t="O.2" l="O"/>
		<a id="2" s="C" t="C.2" l="C"/>
		<a id="3" s="C" t="C.ar" l="C"/>
		<a id="4" s="C" t="C.ar" l="C"/>
		<a id="5" s="C" t="C.ar" l="C"/>
		<a id="6" s="C" t="C.ar" l="C"/>
		<a id="7" s="C" t="C.ar" l="C"/>
		<a id="8" s="C" t="C.ar" l="C"/>
		<a id="9" s="C" t="C.3" l="C"/>
		<a id="10" s="C" t="C.3" l="C"/>
		<a id="11" s="O" t="O.3" l="O"/>
		<a id="12" s="N" t="N.am" l="N"/>
		<a id="13" s="C" t="C.3" l="C"/>
		<a id="14" s="C" t="C.3" l="C"/>
		<a id="15" s="C" t="C.3" l="C"/>
		<a id="16" s="C" t="C.3" l="C"/>
		<a id="17" s="O" t="O.3" l="O"/>
		<a id="18" s="C" t="C.ar" l="C"/>
		<a id="19" s="C" t="C.ar" l="C"/>
		<a id="20" s="C" t="C.ar" l="C"/>
		<a id="21" s="N" t="N.ar" l="N"/>
		<a id="22" s="C" t="C.ar" l="C"/>
		<a id="23" s="Cl" t="Cl" l="CL"/>
		<a id="24" s="N" t="N.ar" l="N"/>
		<a id="25" s="H" t="H" l="H"/>
		<a id="26" s="H" t="H" l="H"/>
		<a id="27" s="H" t="H" l="H"/>
		<a id="28" s="H" t="H" l="H"/>
		<a id="29" s="H" t="H" l="H"/>
		<a id="30" s="H" t="H" l="H"/>
		<a id="31" s="H" t="H" l="H"/>
		<a id="32" s="H" t="H" l="H"/>
		<a id="33" s="H" t="H" l="H"/>
		<a id="34" s="H" t="H" l="H"/>
		<a id="35" s="H" t="H" l="H"/>
		<a id="36" s="H" t="H" l="H"/>
		<a id="37" s="H" t="H" l="H"/>
		<a id="38" s="H" t="H" l="H"/>
		<a id="39" s="H" t="H" l="H"/>
		<a id="40" s="H" t="H" l="H"/>
		<a id="41" s="H" t="H" l="H"/>
		<a id="42" s="H" t="H" l="H"/>
	</atoms>
	<bonds>
		<b id="1" c="1 2" t="2"/>
		<b id="2" c="2 3" t="1"/>
		<b id="3" c="3 4" t="ar"/>
		<b id="4" c="4 5" t="ar"/>
		<b id="5" c="5 6" t="ar"/>
		<b id="6" c="6 7" t="ar"/>
		<b id="7" c="7 8" t="ar"/>
		<b id="8" c="3 8" t="ar"/>
		<b id="9" c="7 9" t="1"/>
		<b id="10" c="9 10" t="1"/>
		<b id="11" c="10 11" t="1"/>
		<b id="12" c="6 11" t="1"/>
		<b id="13" c="2 12" t="am"/>
		<b id="14" c="12 13" t="1"/>
		<b id="15" c="13 14" t="1"/>
		<b id="16" c="14 15" t="1"/>
		<b id="17" c="15 16" t="1"/>
		<b id="18" c="16 17" t="1"/>
		<b id="19" c="12 18" t="1"/>
		<b id="20" c="18 19" t="ar"/>
		<b id="21" c="19 20" t="ar"/>
		<b id="22" c="20 21" t="ar"/>
		<b id="23" c="21 22" t="ar"/>
		<b id="24" c="22 23" t="1"/>
		<b id="25" c="22 24" t="ar"/>
		<b id="26" c="18 24" t="ar"/>
		<b id="27" c="4 25" t="1"/>
		<b id="28" c="5 26" t="1"/>
		<b id="29" c="8 27" t="1"/>
		<b id="30" c="9 28" t="1"/>
		<b id="31" c="9 29" t="1"/>
		<b id="32" c="10 30" t="1"/>
		<b id="33" c="10 31" t="1"/>
		<b id="34" c="13 32" t="1"/>
		<b id="35" c="13 33" t="1"/>
		<b id="36" c="14 34" t="1"/>
		<b id="37" c="14 35" t="1"/>
		<b id="38" c="15 36" t="1"/>
		<b id="39" c="15 37" t="1"/>
		<b id="40" c="16 38" t="1"/>
		<b id="41" c="16 39" t="1"/>
		<b id="42" c="17 40" t="1"/>
		<b id="43" c="19 41" t="1"/>
		<b id="44" c="20 42" t="1"/>
	</bonds>
	<geometry>
		<g u="A" t="cart/3d">#42,3:1.4004,-1.0866,0.4352;2.5660,-0.7688,0.3395;3.3023,-0.0991,1.4368;3.0632,-0.5034,2.7482;3.6981,0.1026,3.8186;4.5631,1.1491,3.5470;4.7781,1.5921,2.2380;4.1569,0.9795,1.1790;5.7344,2.7473,2.2863;6.0191,2.8587,3.7983;5.2601,1.8466,4.4663;3.2566,-0.9404,-0.8534;2.4799,-1.1133,-2.0773;2.5655,-2.5410,-2.6108;2.1121,-3.5751,-1.5806;1.8495,-4.9320,-2.2362;0.8069,-4.8845,-3.1799;4.6241,-0.9980,-0.9601;5.4646,-1.4507,0.0725;6.8164,-1.4609,-0.1951;7.3257,-1.0787,-1.3625;6.4483,-0.7097,-2.2701;7.0662,-0.2481,-3.7903;5.1404,-0.6544,-2.1410;2.3740,-1.3168,2.9172;3.5259,-0.2192,4.8323;4.3087,1.3374,0.1715;5.2834,3.6580,1.8895;6.6402,2.5408,1.7142;5.7144,3.8259,4.2083;7.0743,2.6952,4.0362;2.8627,-0.4126,-2.8219;1.4469,-0.8661,-1.8272;3.5896,-2.7546,-2.9233;1.9253,-2.6152,-3.4916;1.1962,-3.2259,-1.0957;2.8709,-3.7000,-0.8051;1.6304,-5.6807,-1.4603;2.7303,-5.2603,-2.7933;0.0138,-4.5543,-2.7419;5.0745,-1.7912,1.0152;7.5383,-1.7955,0.5370;</g>
	</geometry>
	<conformers/>
	<properties/>
</molecule>
