<?xml version="1.0" ?>
<!--MOLLI PACKAGE EXPERIMENTAL XML FORMAT-->
<molecule name="el1487">
	<atoms>
		<a id="1" s="C" t="C.3" l="C"/>
		<a id="2" s="C" t="C.3" l="C"/>
		<a id="3" s="N" t="N.am" l="N"/>
		<a id="4" s="C" t="C.2" l="C"/>
		<a id="5" s="O" t="O.2" l="O"/>
		<a id="6" s="C" t="C.ar" l="C"/>
		<a id="7" s="C" t="C.ar" l="C"/>
		<a id="8" s="C" t="C.ar" l="C"/>
		<a id="9" s="C" t="C.ar" l="C"/>
		<a id="10" s="C" t="C.ar" l="C"/>
		<a id="11" s="C" t="C.ar" l="C"/>
		<a id="12" s="C" t="C.3" l="C"/>
		<a id="13" s="C" t="C.3" l="C"/>
		<a id="14" s="C" t="C.3" l="C"/>
		<a id="15" s="C" t="C.3" l="C"/>
		<a id="16" s="C" t="C.ar" l="C"/>
		<a id="17" s="C" t="C.ar" l="C"/>
		<a id="18" s="C" t="C.ar" l="C"/>
		<a id="19" s="N" t="N.ar" l="N"/>
		<a id="20" s="C" t="C.ar" l="C"/>
		<a id="21" s="Cl" t="Cl" l="CL"/>
		<a id="22" s="N" t="N.ar" l="N"/>
		<a id="23" s="H" t="H" l="H"/>
		<a id="24" s="H" t="H" l="H"/>
		<a id="25" s="H" t="H" l="H"/>
		<a id="26" s="H" t="H" l="H"/>
		<a id="27" s="H" t="H" l="H"/>
		<a id="28" s="H" t="H" l="H"/>
		<a id="29" s="H" t="H" l="H"/>
		<a id="30" s="H" t="H" l="H"/>
		<a id="31" s="H" t="H" l="H"/>
		<a id="32" s="H" t="H" l="H"/>
		<a id="33" s="H" t="H" l="H"/>
		<a id="34" s="H" t="H" l="H"/>
		<a id="35" s="H" t="H" l="H"/>
		<a id="36" s="H" t="H" l="H"/>
		<a id="37" s="H" t="H" l="H"/>
		<a id="38" s="H" t="H" l="H"/>
		<a id="39" s="H" t="H" l="H"/>
		<a id="40" s="H" t="H" l="H"/>
	</atoms>
	<bonds>
		<b id="1" c="1 2" t="1"/>
		<b id="2" c="2 3" t="1"/>
		<b id="3" c="3 4" t="am"/>
		<b id="4" c="4 5" t="2"/>
		<b id="5" c="4 6" t="1"/>
		<b id="6" c="6 7" t="ar"/>
		<b id="7" c="7 8" t="ar"/>
		<b id="8" c="8 9" t="ar"/>
		<b id="9" c="9 10" t="ar"/>
		<b id="10" c="10 11" t="ar"/>
		<b id="11" c="6 11" t="ar"/>
		<b id="12" c="10 12" t="1"/>
		<b id="13" c="12 13" t="1"/>
		<b id="14" c="13 14" t="1"/>
		<b id="15" c="14 15" t="1"/>
		<b id="16" c="9 15" t="1"/>
		<b id="17" c="3 16" t="1"/>
		<b id="18" c="16 17" t="ar"/>
		<b id="19" c="17 18" t="ar"/>
		<b id="20" c="18 19" t="ar"/>
		<b id="21" c="19 20" t="ar"/>
		<b id="22" c="20 21" t="1"/>
		<b id="23" c="20 22" t="ar"/>
		<b id="24" c="16 22" t="ar"/>
		<b id="25" c="1 23" t="1"/>
		<b id="26" c="1 24" t="1"/>
		<b id="27" c="1 25" t="1"/>
		<b id="28" c="2 26" t="1"/>
		<b id="29" c="2 27" t="1"/>
		<b id="30" c="7 28" t="1"/>
		<b id="31" c="8 29" t="1"/>
		<b id="32" c="11 30" t="1"/>
		<b id="33" c="12 31" t="1"/>
		<b id="34" c="12 32" t="1"/>
		<b id="35" c="13 33" t="1"/>
		<b id="36" c="13 34" t="1"/>
		<b id="37" c="14 35" t="1"/>
		<b id="38" c="14 36" t="1"/>
		<b id="39" c="15 37" t="1"/>
		<b id="40" c="15 38" t="1"/>
		<b id="41" c="17 39" t="1"/>
		<b id="42" c="18 40" t="1"/>
	</bonds>
	<geometry>
		<g u="A" t="cart/3d">#40,3:4.4263,4.4969,2.4072;3.8140,3.9958,1.1047;2.4014,3.6720,1.2502;2.0525,2.3151,1.2704;2.9036,1.4672,1.4045;0.6276,2.0066,1.0195;-0.0376,2.5484,-0.0785;-1.3471,2.1947,-0.3201;-2.0256,1.3091,0.5129;-1.3577,0.7534,1.6017;-0.0314,1.0950,1.8301;-2.0241,-0.2347,2.5190;-3.5436,-0.2078,2.3992;-3.9361,-0.2734,0.9289;-3.4677,0.9960,0.2269;1.4924,4.6605,1.5231;1.7077,6.0165,1.2215;0.6834,6.8872,1.5322;-0.4580,6.4988,2.0894;-0.5428,5.2122,2.3543;-1.9831,4.6637,3.0769;0.3604,4.2897,2.1239;5.4824,4.7053,2.2583;4.3271,3.7366,3.1775;3.9353,5.4053,2.7500;4.3073,3.0685,0.8051;3.9368,4.7303,0.3039;0.4724,3.2351,-0.7399;-1.8643,2.6141,-1.1718;0.4964,0.6642,2.6683;-1.7219,-0.0330,3.5488;-1.6593,-1.2358,2.2651;-3.9306,0.7153,2.8358;-3.9723,-1.0476,2.9493;-5.0178,-0.3763,0.8234;-3.4676,-1.1451,0.4666;-4.0734,1.8414,0.5709;-3.6159,0.9111,-0.8524;2.6087,6.3723,0.7546;0.7592,7.9460,1.3249;</g>
	</geometry>
	<conformers/>
	<properties/>
</molecule>
