<?xml version="1.0" ?>
<!--MOLLI PACKAGE EXPERIMENTAL XML FORMAT-->
<molecule name="el1489">
	<atoms>
		<a id="1" s="C" t="C.3" l="C"/>
		<a id="2" s="C" t="C.3" l="C"/>
		<a id="3" s="N" t="N.am" l="N"/>
		<a id="4" s="C" t="C.2" l="C"/>
		<a id="5" s="O" t="O.2" l="O"/>
		<a id="6" s="C" t="C.ar" l="C"/>
		<a id="7" s="C" t="C.ar" l="C"/>
		<a id="8" s="N" t="N.ar" l="N"/>
		<a id="9" s="C" t="C.3" l="C"/>
		<a id="10" s="C" t="C.ar" l="C"/>
		<a id="11" s="C" t="C.ar" l="C"/>
		<a id="12" s="C" t="C.ar" l="C"/>
		<a id="13" s="C" t="C.ar" l="C"/>
		<a id="14" s="C" t="C.ar" l="C"/>
		<a id="15" s="C" t="C.ar" l="C"/>
		<a id="16" s="C" t="C.ar" l="C"/>
		<a id="17" s="C" t="C.ar" l="C"/>
		<a id="18" s="C" t="C.ar" l="C"/>
		<a id="19" s="N" t="N.ar" l="N"/>
		<a id="20" s="C" t="C.ar" l="C"/>
		<a id="21" s="Cl" t="Cl" l="CL"/>
		<a id="22" s="N" t="N.ar" l="N"/>
		<a id="23" s="H" t="H" l="H"/>
		<a id="24" s="H" t="H" l="H"/>
		<a id="25" s="H" t="H" l="H"/>
		<a id="26" s="H" t="H" l="H"/>
		<a id="27" s="H" t="H" l="H"/>
		<a id="28" s="H" t="H" l="H"/>
		<a id="29" s="H" t="H" l="H"/>
		<a id="30" s="H" t="H" l="H"/>
		<a id="31" s="H" t="H" l="H"/>
		<a id="32" s="H" t="H" l="H"/>
		<a id="33" s="H" t="H" l="H"/>
		<a id="34" s="H" t="H" l="H"/>
		<a id="35" s="H" t="H" l="H"/>
		<a id="36" s="H" t="H" l="H"/>
		<a id="37" s="H" t="H" l="H"/>
	</atoms>
	<bonds>
		<b id="1" c="1 2" t="1"/>
		<b id="2" c="2 3" t="1"/>
		<b id="3" c="3 4" t="am"/>
		<b id="4" c="4 5" t="2"/>
		<b id="5" c="4 6" t="1"/>
		<b id="6" c="6 7" t="ar"/>
		<b id="7" c="7 8" t="ar"/>
		<b id="8" c="8 9" t="1"/>
		<b id="9" c="8 10" t="ar"/>
		<b id="10" c="10 11" t="ar"/>
		<b id="11" c="11 12" t="ar"/>
		<b id="12" c="12 13" t="ar"/>
		<b id="13" c="13 14" t="ar"/>
		<b id="14" c="14 15" t="ar"/>
		<b id="15" c="6 15" t="ar"/>
		<b id="16" c="10 15" t="ar"/>
		<b id="17" c="3 16" t="1"/>
		<b id="18" c="16 17" t="ar"/>
		<b id="19" c="17 18" t="ar"/>
		<b id="20" c="18 19" t="ar"/>
		<b id="21" c="19 20" t="ar"/>
		<b id="22" c="20 21" t="1"/>
		<b id="23" c="20 22" t="ar"/>
		<b id="24" c="16 22" t="ar"/>
		<b id="25" c="1 23" t="1"/>
		<b id="26" c="1 24" t="1"/>
		<b id="27" c="1 25" t="1"/>
		<b id="28" c="2 26" t="1"/>
		<b id="29" c="2 27" t="1"/>
		<b id="30" c="7 28" t="1"/>
		<b id="31" c="9 29" t="1"/>
		<b id="32" c="9 30" t="1"/>
		<b id="33" c="9 31" t="1"/>
		<b id="34" c="11 32" t="1"/>
		<b id="35" c="12 33" t="1"/>
		<b id="36" c="13 34" t="1"/>
		<b id="37" c="14 35" t="1"/>
		<b id="38" c="17 36" t="1"/>
		<b id="39" c="18 37" t="1"/>
	</bonds>
	<geometry>
		<g u="A" t="cart/3d">#37,3:2.1326,2.2853,-0.4496;2.4223,0.8420,-0.0546;2.9723,0.7526,1.2952;2.1270,0.7093,2.3945;2.5213,0.7449,3.5389;0.6775,0.6519,2.0945;-0.0825,-0.4221,1.7167;-1.3994,-0.0767,1.6458;-2.4828,-0.9479,1.2910;-1.5203,1.2422,1.9864;-2.6441,2.0584,2.0554;-2.4577,3.3685,2.4380;-1.1880,3.8657,2.7492;-0.0696,3.0678,2.6793;-0.2306,1.7377,2.2923;4.3446,0.8785,1.4039;5.0798,0.7201,2.5882;6.4481,0.8712,2.4891;7.0715,1.1486,1.3486;6.2878,1.2710,0.3011;7.0469,1.6233,-1.1886;4.9808,1.1536,0.2607;1.7317,2.3135,-1.4589;3.0498,2.8668,-0.4240;1.4073,2.7322,0.2266;3.1629,0.4195,-0.7341;1.5109,0.2467,-0.0971;0.2310,-1.4276,1.5048;-2.0973,-1.9487,1.1069;-2.9835,-0.5899,0.3878;-3.2161,-0.9953,2.0993;-3.6271,1.6803,1.8185;-3.3094,4.0290,2.5029;-1.0907,4.8978,3.0505;0.9095,3.4494,2.9273;4.6052,0.4991,3.5257;7.0903,0.7657,3.3523;</g>
	</geometry>
	<conformers/>
	<properties/>
</molecule>
