<?xml version="1.0" ?>
<!--MOLLI PACKAGE EXPERIMENTAL XML FORMAT-->
<molecule name="el1229">
	<atoms>
		<a id="1" s="C" t="C.3" l="C"/>
		<a id="2" s="C" t="C.3" l="C"/>
		<a id="3" s="O" t="O.3" l="O"/>
		<a id="4" s="C" t="C.ar" l="C"/>
		<a id="5" s="C" t="C.ar" l="C"/>
		<a id="6" s="C" t="C.ar" l="C"/>
		<a id="7" s="C" t="C.ar" l="C"/>
		<a id="8" s="C" t="C.ar" l="C"/>
		<a id="9" s="C" t="C.ar" l="C"/>
		<a id="10" s="S" t="S.2" l="S"/>
		<a id="11" s="C" t="C.ar" l="C"/>
		<a id="12" s="C" t="C.ar" l="C"/>
		<a id="13" s="C" t="C.ar" l="C"/>
		<a id="14" s="O" t="O.3" l="O"/>
		<a id="15" s="C" t="C.3" l="C"/>
		<a id="16" s="C" t="C.ar" l="C"/>
		<a id="17" s="C" t="C.ar" l="C"/>
		<a id="18" s="C" t="C.ar" l="C"/>
		<a id="19" s="C" t="C.ar" l="C"/>
		<a id="20" s="Br" t="Br" l="BR"/>
		<a id="21" s="C" t="C.ar" l="C"/>
		<a id="22" s="H" t="H" l="H"/>
		<a id="23" s="H" t="H" l="H"/>
		<a id="24" s="H" t="H" l="H"/>
		<a id="25" s="H" t="H" l="H"/>
		<a id="26" s="H" t="H" l="H"/>
		<a id="27" s="H" t="H" l="H"/>
		<a id="28" s="H" t="H" l="H"/>
		<a id="29" s="H" t="H" l="H"/>
		<a id="30" s="H" t="H" l="H"/>
		<a id="31" s="H" t="H" l="H"/>
		<a id="32" s="H" t="H" l="H"/>
		<a id="33" s="H" t="H" l="H"/>
		<a id="34" s="H" t="H" l="H"/>
		<a id="35" s="H" t="H" l="H"/>
		<a id="36" s="H" t="H" l="H"/>
	</atoms>
	<bonds>
		<b id="1" c="1 2" t="1"/>
		<b id="2" c="2 3" t="1"/>
		<b id="3" c="3 4" t="1"/>
		<b id="4" c="4 5" t="ar"/>
		<b id="5" c="5 6" t="ar"/>
		<b id="6" c="6 7" t="ar"/>
		<b id="7" c="7 8" t="ar"/>
		<b id="8" c="8 9" t="1"/>
		<b id="9" c="9 10" t="ar"/>
		<b id="10" c="10 11" t="ar"/>
		<b id="11" c="11 12" t="ar"/>
		<b id="12" c="12 13" t="ar"/>
		<b id="13" c="13 14" t="1"/>
		<b id="14" c="14 15" t="1"/>
		<b id="15" c="13 16" t="ar"/>
		<b id="16" c="16 17" t="ar"/>
		<b id="17" c="17 18" t="ar"/>
		<b id="18" c="11 18" t="ar"/>
		<b id="19" c="18 19" t="ar"/>
		<b id="20" c="9 19" t="ar"/>
		<b id="21" c="19 20" t="1"/>
		<b id="22" c="8 21" t="ar"/>
		<b id="23" c="4 21" t="ar"/>
		<b id="24" c="1 22" t="1"/>
		<b id="25" c="1 23" t="1"/>
		<b id="26" c="1 24" t="1"/>
		<b id="27" c="2 25" t="1"/>
		<b id="28" c="2 26" t="1"/>
		<b id="29" c="5 27" t="1"/>
		<b id="30" c="6 28" t="1"/>
		<b id="31" c="7 29" t="1"/>
		<b id="32" c="12 30" t="1"/>
		<b id="33" c="15 31" t="1"/>
		<b id="34" c="15 32" t="1"/>
		<b id="35" c="15 33" t="1"/>
		<b id="36" c="16 34" t="1"/>
		<b id="37" c="17 35" t="1"/>
		<b id="38" c="21 36" t="1"/>
	</bonds>
	<geometry>
		<g u="A" t="cart/3d">#36,3:0.8501,-1.0270,-1.6453;2.3432,-1.2638,-1.4902;2.7238,-0.8461,-0.1938;4.0330,-0.9251,0.1575;5.0479,-1.4349,-0.6474;6.3520,-1.4412,-0.1811;6.6685,-0.9623,1.0729;5.6550,-0.4728,1.9002;5.9396,0.0470,3.2282;4.9634,1.3828,3.8267;5.8473,1.4327,5.3216;5.6269,2.3025,6.3787;6.4444,2.1973,7.4938;6.3456,2.9793,8.6001;5.3185,3.9415,8.6576;7.4669,1.2310,7.5310;7.6725,0.3696,6.4852;6.8564,0.4571,5.3544;6.8714,-0.3141,4.1532;8.0533,-1.7829,3.9884;4.3476,-0.4502,1.4282;0.5316,-1.3087,-2.6472;0.6239,0.0230,-1.4848;0.2985,-1.6182,-0.9175;2.8974,-0.6890,-2.2455;2.5724,-2.3313,-1.6212;4.8400,-1.8227,-1.6332;7.1356,-1.8249,-0.8166;7.6966,-0.9475,1.3926;4.8343,3.0300,6.3109;5.4296,4.4304,9.6236;4.3298,3.4746,8.5964;5.4214,4.6869,7.8618;8.0872,1.1908,8.4127;8.4573,-0.3704,6.5261;3.5494,-0.0626,2.0420;</g>
	</geometry>
	<conformers/>
	<properties/>
</molecule>
