<?xml version="1.0" ?>
<!--MOLLI PACKAGE EXPERIMENTAL XML FORMAT-->
<molecule name="el1494">
	<atoms>
		<a id="1" s="C" t="C.3" l="C"/>
		<a id="2" s="C" t="C.3" l="C"/>
		<a id="3" s="N" t="N.am" l="N"/>
		<a id="4" s="C" t="C.2" l="C"/>
		<a id="5" s="O" t="O.2" l="O"/>
		<a id="6" s="C" t="C.ar" l="C"/>
		<a id="7" s="C" t="C.ar" l="C"/>
		<a id="8" s="C" t="C.ar" l="C"/>
		<a id="9" s="C" t="C.ar" l="C"/>
		<a id="10" s="C" t="C.ar" l="C"/>
		<a id="11" s="C" t="C.3" l="C"/>
		<a id="12" s="C" t="C.ar" l="C"/>
		<a id="13" s="C" t="C.3" l="C"/>
		<a id="14" s="C" t="C.ar" l="C"/>
		<a id="15" s="C" t="C.ar" l="C"/>
		<a id="16" s="C" t="C.ar" l="C"/>
		<a id="17" s="N" t="N.ar" l="N"/>
		<a id="18" s="C" t="C.ar" l="C"/>
		<a id="19" s="Cl" t="Cl" l="CL"/>
		<a id="20" s="N" t="N.ar" l="N"/>
		<a id="21" s="H" t="H" l="H"/>
		<a id="22" s="H" t="H" l="H"/>
		<a id="23" s="H" t="H" l="H"/>
		<a id="24" s="H" t="H" l="H"/>
		<a id="25" s="H" t="H" l="H"/>
		<a id="26" s="H" t="H" l="H"/>
		<a id="27" s="H" t="H" l="H"/>
		<a id="28" s="H" t="H" l="H"/>
		<a id="29" s="H" t="H" l="H"/>
		<a id="30" s="H" t="H" l="H"/>
		<a id="31" s="H" t="H" l="H"/>
		<a id="32" s="H" t="H" l="H"/>
		<a id="33" s="H" t="H" l="H"/>
		<a id="34" s="H" t="H" l="H"/>
		<a id="35" s="H" t="H" l="H"/>
		<a id="36" s="H" t="H" l="H"/>
	</atoms>
	<bonds>
		<b id="1" c="1 2" t="1"/>
		<b id="2" c="2 3" t="1"/>
		<b id="3" c="3 4" t="am"/>
		<b id="4" c="4 5" t="2"/>
		<b id="5" c="4 6" t="1"/>
		<b id="6" c="6 7" t="ar"/>
		<b id="7" c="7 8" t="ar"/>
		<b id="8" c="8 9" t="ar"/>
		<b id="9" c="9 10" t="ar"/>
		<b id="10" c="10 11" t="1"/>
		<b id="11" c="10 12" t="ar"/>
		<b id="12" c="6 12" t="ar"/>
		<b id="13" c="12 13" t="1"/>
		<b id="14" c="3 14" t="1"/>
		<b id="15" c="14 15" t="ar"/>
		<b id="16" c="15 16" t="ar"/>
		<b id="17" c="16 17" t="ar"/>
		<b id="18" c="17 18" t="ar"/>
		<b id="19" c="18 19" t="1"/>
		<b id="20" c="18 20" t="ar"/>
		<b id="21" c="14 20" t="ar"/>
		<b id="22" c="1 21" t="1"/>
		<b id="23" c="1 22" t="1"/>
		<b id="24" c="1 23" t="1"/>
		<b id="25" c="2 24" t="1"/>
		<b id="26" c="2 25" t="1"/>
		<b id="27" c="7 26" t="1"/>
		<b id="28" c="8 27" t="1"/>
		<b id="29" c="9 28" t="1"/>
		<b id="30" c="11 29" t="1"/>
		<b id="31" c="11 30" t="1"/>
		<b id="32" c="11 31" t="1"/>
		<b id="33" c="13 32" t="1"/>
		<b id="34" c="13 33" t="1"/>
		<b id="35" c="13 34" t="1"/>
		<b id="36" c="15 35" t="1"/>
		<b id="37" c="16 36" t="1"/>
	</bonds>
	<geometry>
		<g u="A" t="cart/3d">#36,3:2.0821,0.4664,-0.2843;2.6772,-0.7424,-0.9962;2.7666,-1.9008,-0.1112;1.7551,-2.8446,-0.0879;1.7362,-3.7920,0.6655;0.6339,-2.6199,-1.0567;-0.5172,-1.9981,-0.5886;-1.6017,-1.8392,-1.4297;-1.5371,-2.3101,-2.7287;-0.4028,-2.9538,-3.2034;-0.3605,-3.4693,-4.6087;0.6976,-3.1204,-2.3568;1.9295,-3.8218,-2.8452;3.8620,-1.9370,0.7337;4.1653,-2.9777,1.6239;5.3129,-2.8279,2.3766;6.1147,-1.7725,2.2834;5.7409,-0.8625,1.4121;6.7465,0.5090,1.2538;4.6758,-0.8810,0.6439;2.0432,1.3081,-0.9699;2.7003,0.7398,0.5660;1.0736,0.2513,0.0606;3.6889,-0.5062,-1.3295;2.0650,-1.0104,-1.8565;-0.5592,-1.6515,0.4335;-2.4970,-1.3535,-1.0725;-2.3864,-2.1844,-3.3846;-1.2791,-3.2244,-5.1352;-0.2365,-4.5518,-4.6155;0.4783,-3.0374,-5.1533;2.3851,-3.2724,-3.6699;1.6760,-4.8158,-3.2122;2.6639,-3.9302,-2.0507;3.5382,-3.8442,1.7219;5.6199,-3.5798,3.0899;</g>
	</geometry>
	<conformers/>
	<properties/>
</molecule>
