<?xml version="1.0" ?>
<!--MOLLI PACKAGE EXPERIMENTAL XML FORMAT-->
<molecule name="el1496">
	<atoms>
		<a id="1" s="C" t="C.3" l="C"/>
		<a id="2" s="C" t="C.3" l="C"/>
		<a id="3" s="N" t="N.am" l="N"/>
		<a id="4" s="C" t="C.2" l="C"/>
		<a id="5" s="O" t="O.2" l="O"/>
		<a id="6" s="C" t="C.ar" l="C"/>
		<a id="7" s="C" t="C.ar" l="C"/>
		<a id="8" s="C" t="C.ar" l="C"/>
		<a id="9" s="C" t="C.ar" l="C"/>
		<a id="10" s="C" t="C.ar" l="C"/>
		<a id="11" s="C" t="C.3" l="C"/>
		<a id="12" s="C" t="C.3" l="C"/>
		<a id="13" s="C" t="C.3" l="C"/>
		<a id="14" s="C" t="C.ar" l="C"/>
		<a id="15" s="C" t="C.ar" l="C"/>
		<a id="16" s="C" t="C.ar" l="C"/>
		<a id="17" s="C" t="C.ar" l="C"/>
		<a id="18" s="N" t="N.ar" l="N"/>
		<a id="19" s="C" t="C.ar" l="C"/>
		<a id="20" s="Cl" t="Cl" l="CL"/>
		<a id="21" s="N" t="N.ar" l="N"/>
		<a id="22" s="H" t="H" l="H"/>
		<a id="23" s="H" t="H" l="H"/>
		<a id="24" s="H" t="H" l="H"/>
		<a id="25" s="H" t="H" l="H"/>
		<a id="26" s="H" t="H" l="H"/>
		<a id="27" s="H" t="H" l="H"/>
		<a id="28" s="H" t="H" l="H"/>
		<a id="29" s="H" t="H" l="H"/>
		<a id="30" s="H" t="H" l="H"/>
		<a id="31" s="H" t="H" l="H"/>
		<a id="32" s="H" t="H" l="H"/>
		<a id="33" s="H" t="H" l="H"/>
		<a id="34" s="H" t="H" l="H"/>
		<a id="35" s="H" t="H" l="H"/>
		<a id="36" s="H" t="H" l="H"/>
		<a id="37" s="H" t="H" l="H"/>
	</atoms>
	<bonds>
		<b id="1" c="1 2" t="1"/>
		<b id="2" c="2 3" t="1"/>
		<b id="3" c="3 4" t="am"/>
		<b id="4" c="4 5" t="2"/>
		<b id="5" c="4 6" t="1"/>
		<b id="6" c="6 7" t="ar"/>
		<b id="7" c="7 8" t="ar"/>
		<b id="8" c="8 9" t="ar"/>
		<b id="9" c="9 10" t="ar"/>
		<b id="10" c="10 11" t="1"/>
		<b id="11" c="11 12" t="1"/>
		<b id="12" c="12 13" t="1"/>
		<b id="13" c="11 13" t="1"/>
		<b id="14" c="10 14" t="ar"/>
		<b id="15" c="6 14" t="ar"/>
		<b id="16" c="3 15" t="1"/>
		<b id="17" c="15 16" t="ar"/>
		<b id="18" c="16 17" t="ar"/>
		<b id="19" c="17 18" t="ar"/>
		<b id="20" c="18 19" t="ar"/>
		<b id="21" c="19 20" t="1"/>
		<b id="22" c="19 21" t="ar"/>
		<b id="23" c="15 21" t="ar"/>
		<b id="24" c="1 22" t="1"/>
		<b id="25" c="1 23" t="1"/>
		<b id="26" c="1 24" t="1"/>
		<b id="27" c="2 25" t="1"/>
		<b id="28" c="2 26" t="1"/>
		<b id="29" c="7 27" t="1"/>
		<b id="30" c="8 28" t="1"/>
		<b id="31" c="9 29" t="1"/>
		<b id="32" c="11 30" t="1"/>
		<b id="33" c="12 31" t="1"/>
		<b id="34" c="12 32" t="1"/>
		<b id="35" c="13 33" t="1"/>
		<b id="36" c="13 34" t="1"/>
		<b id="37" c="14 35" t="1"/>
		<b id="38" c="16 36" t="1"/>
		<b id="39" c="17 37" t="1"/>
	</bonds>
	<geometry>
		<g u="A" t="cart/3d">#37,3:2.0532,-0.4138,0.1980;2.0497,0.7774,-0.7522;2.8030,1.9027,-0.2032;2.1650,2.8683,0.5515;2.7356,3.7817,1.1041;0.6774,2.7353,0.6594;0.1181,2.2070,1.8140;-1.2595,2.1720,1.9501;-2.0700,2.6670,0.9469;-1.5216,3.2112,-0.2129;-2.4393,3.7238,-1.2624;-2.9283,2.7870,-2.3376;-2.0197,3.9226,-2.6870;-0.1405,3.2477,-0.3417;4.1740,1.8696,-0.3951;5.0737,2.8586,0.0266;6.4050,2.6471,-0.2711;6.8447,1.5770,-0.9240;5.9168,0.7148,-1.2743;6.4386,-0.6752,-2.1169;4.6252,0.7958,-1.0495;1.4905,-1.2321,-0.2421;1.5960,-0.1489,1.1483;3.0721,-0.7477,0.3722;1.0279,1.1029,-0.9442;2.5235,0.4949,-1.6931;0.7577,1.8378,2.6018;-1.6996,1.7597,2.8457;-3.1441,2.6389,1.0573;-3.1784,4.4156,-0.8732;-3.9656,2.8365,-2.6301;-2.5181,1.7885,-2.3548;-2.4308,4.7653,-3.2212;-1.0078,3.6850,-2.9747;0.3138,3.6893,-1.2164;4.7483,3.7335,0.5574;7.1670,3.3564,0.0183;</g>
	</geometry>
	<conformers/>
	<properties/>
</molecule>
