<?xml version="1.0" ?>
<!--MOLLI PACKAGE EXPERIMENTAL XML FORMAT-->
<molecule name="el1498">
	<atoms>
		<a id="1" s="C" t="C.3" l="C"/>
		<a id="2" s="C" t="C.3" l="C"/>
		<a id="3" s="N" t="N.am" l="N"/>
		<a id="4" s="C" t="C.2" l="C"/>
		<a id="5" s="O" t="O.2" l="O"/>
		<a id="6" s="C" t="C.ar" l="C"/>
		<a id="7" s="C" t="C.ar" l="C"/>
		<a id="8" s="C" t="C.ar" l="C"/>
		<a id="9" s="C" t="C.ar" l="C"/>
		<a id="10" s="F" t="F" l="F"/>
		<a id="11" s="C" t="C.ar" l="C"/>
		<a id="12" s="C" t="C.3" l="C"/>
		<a id="13" s="F" t="F" l="F"/>
		<a id="14" s="F" t="F" l="F"/>
		<a id="15" s="F" t="F" l="F"/>
		<a id="16" s="C" t="C.ar" l="C"/>
		<a id="17" s="C" t="C.ar" l="C"/>
		<a id="18" s="C" t="C.ar" l="C"/>
		<a id="19" s="C" t="C.ar" l="C"/>
		<a id="20" s="N" t="N.ar" l="N"/>
		<a id="21" s="C" t="C.ar" l="C"/>
		<a id="22" s="Cl" t="Cl" l="CL"/>
		<a id="23" s="N" t="N.ar" l="N"/>
		<a id="24" s="H" t="H" l="H"/>
		<a id="25" s="H" t="H" l="H"/>
		<a id="26" s="H" t="H" l="H"/>
		<a id="27" s="H" t="H" l="H"/>
		<a id="28" s="H" t="H" l="H"/>
		<a id="29" s="H" t="H" l="H"/>
		<a id="30" s="H" t="H" l="H"/>
		<a id="31" s="H" t="H" l="H"/>
		<a id="32" s="H" t="H" l="H"/>
		<a id="33" s="H" t="H" l="H"/>
	</atoms>
	<bonds>
		<b id="1" c="1 2" t="1"/>
		<b id="2" c="2 3" t="1"/>
		<b id="3" c="3 4" t="am"/>
		<b id="4" c="4 5" t="2"/>
		<b id="5" c="4 6" t="1"/>
		<b id="6" c="6 7" t="ar"/>
		<b id="7" c="7 8" t="ar"/>
		<b id="8" c="8 9" t="ar"/>
		<b id="9" c="9 10" t="1"/>
		<b id="10" c="9 11" t="ar"/>
		<b id="11" c="11 12" t="1"/>
		<b id="12" c="12 13" t="1"/>
		<b id="13" c="12 14" t="1"/>
		<b id="14" c="12 15" t="1"/>
		<b id="15" c="11 16" t="ar"/>
		<b id="16" c="6 16" t="ar"/>
		<b id="17" c="3 17" t="1"/>
		<b id="18" c="17 18" t="ar"/>
		<b id="19" c="18 19" t="ar"/>
		<b id="20" c="19 20" t="ar"/>
		<b id="21" c="20 21" t="ar"/>
		<b id="22" c="21 22" t="1"/>
		<b id="23" c="21 23" t="ar"/>
		<b id="24" c="17 23" t="ar"/>
		<b id="25" c="1 24" t="1"/>
		<b id="26" c="1 25" t="1"/>
		<b id="27" c="1 26" t="1"/>
		<b id="28" c="2 27" t="1"/>
		<b id="29" c="2 28" t="1"/>
		<b id="30" c="7 29" t="1"/>
		<b id="31" c="8 30" t="1"/>
		<b id="32" c="16 31" t="1"/>
		<b id="33" c="18 32" t="1"/>
		<b id="34" c="19 33" t="1"/>
	</bonds>
	<geometry>
		<g u="A" t="cart/3d">#33,3:2.6483,1.0122,1.2551;2.6206,0.1239,0.0174;2.9753,0.8703,-1.1877;2.0263,1.5846,-1.8753;2.2633,2.3604,-2.7726;0.5983,1.3578,-1.4571;-0.0833,2.3550,-0.7695;-1.4249,2.2068,-0.4683;-2.0871,1.0627,-0.8762;-3.3825,0.9194,-0.5830;-1.4268,0.0654,-1.5897;-2.1787,-1.1648,-2.0275;-3.2267,-0.8758,-2.8082;-1.4046,-2.0092,-2.7242;-2.6514,-1.8629,-0.9829;-0.0794,0.2213,-1.8809;4.3328,0.9572,-1.4795;4.8638,1.4869,-2.6616;6.2416,1.4619,-2.7770;7.0408,0.9696,-1.8393;6.4357,0.4922,-0.7736;7.4276,-0.1543,0.4523;5.1410,0.4569,-0.5448;2.4052,0.4201,2.1324;1.9257,1.8204,1.1690;3.6406,1.4339,1.3857;1.6311,-0.3131,-0.1152;3.3539,-0.6752,0.1290;0.4375,3.2533,-0.4751;-1.9686,2.9660,0.0705;0.4353,-0.5430,-2.4439;4.2433,1.8956,-3.4370;6.7404,1.8466,-3.6554;</g>
	</geometry>
	<conformers/>
	<properties/>
</molecule>
