<?xml version="1.0" ?>
<!--MOLLI PACKAGE EXPERIMENTAL XML FORMAT-->
<molecule name="el1499">
	<atoms>
		<a id="1" s="C" t="C.3" l="C"/>
		<a id="2" s="C" t="C.3" l="C"/>
		<a id="3" s="N" t="N.am" l="N"/>
		<a id="4" s="C" t="C.2" l="C"/>
		<a id="5" s="O" t="O.2" l="O"/>
		<a id="6" s="C" t="C.ar" l="C"/>
		<a id="7" s="C" t="C.ar" l="C"/>
		<a id="8" s="C" t="C.ar" l="C"/>
		<a id="9" s="C" t="C.3" l="C"/>
		<a id="10" s="F" t="F" l="F"/>
		<a id="11" s="F" t="F" l="F"/>
		<a id="12" s="F" t="F" l="F"/>
		<a id="13" s="C" t="C.ar" l="C"/>
		<a id="14" s="C" t="C.ar" l="C"/>
		<a id="15" s="C" t="C.ar" l="C"/>
		<a id="16" s="F" t="F" l="F"/>
		<a id="17" s="C" t="C.ar" l="C"/>
		<a id="18" s="C" t="C.ar" l="C"/>
		<a id="19" s="C" t="C.ar" l="C"/>
		<a id="20" s="N" t="N.ar" l="N"/>
		<a id="21" s="C" t="C.ar" l="C"/>
		<a id="22" s="Cl" t="Cl" l="CL"/>
		<a id="23" s="N" t="N.ar" l="N"/>
		<a id="24" s="H" t="H" l="H"/>
		<a id="25" s="H" t="H" l="H"/>
		<a id="26" s="H" t="H" l="H"/>
		<a id="27" s="H" t="H" l="H"/>
		<a id="28" s="H" t="H" l="H"/>
		<a id="29" s="H" t="H" l="H"/>
		<a id="30" s="H" t="H" l="H"/>
		<a id="31" s="H" t="H" l="H"/>
		<a id="32" s="H" t="H" l="H"/>
		<a id="33" s="H" t="H" l="H"/>
	</atoms>
	<bonds>
		<b id="1" c="1 2" t="1"/>
		<b id="2" c="2 3" t="1"/>
		<b id="3" c="3 4" t="am"/>
		<b id="4" c="4 5" t="2"/>
		<b id="5" c="4 6" t="1"/>
		<b id="6" c="6 7" t="ar"/>
		<b id="7" c="7 8" t="ar"/>
		<b id="8" c="8 9" t="1"/>
		<b id="9" c="9 10" t="1"/>
		<b id="10" c="9 11" t="1"/>
		<b id="11" c="9 12" t="1"/>
		<b id="12" c="8 13" t="ar"/>
		<b id="13" c="13 14" t="ar"/>
		<b id="14" c="14 15" t="ar"/>
		<b id="15" c="6 15" t="ar"/>
		<b id="16" c="15 16" t="1"/>
		<b id="17" c="3 17" t="1"/>
		<b id="18" c="17 18" t="ar"/>
		<b id="19" c="18 19" t="ar"/>
		<b id="20" c="19 20" t="ar"/>
		<b id="21" c="20 21" t="ar"/>
		<b id="22" c="21 22" t="1"/>
		<b id="23" c="21 23" t="ar"/>
		<b id="24" c="17 23" t="ar"/>
		<b id="25" c="1 24" t="1"/>
		<b id="26" c="1 25" t="1"/>
		<b id="27" c="1 26" t="1"/>
		<b id="28" c="2 27" t="1"/>
		<b id="29" c="2 28" t="1"/>
		<b id="30" c="7 29" t="1"/>
		<b id="31" c="13 30" t="1"/>
		<b id="32" c="14 31" t="1"/>
		<b id="33" c="18 32" t="1"/>
		<b id="34" c="19 33" t="1"/>
	</bonds>
	<geometry>
		<g u="A" t="cart/3d">#33,3:2.8176,-1.8030,-0.6620;2.6392,-0.4182,-0.0502;2.9861,-0.4042,1.3695;2.0182,-0.4923,2.3334;2.2164,-0.5105,3.5257;0.5918,-0.5430,1.8406;-0.1587,0.6226,1.7515;-1.5070,0.5549,1.4341;-2.3310,1.8102,1.3376;-1.5897,2.9237,1.3002;-3.0989,1.8235,0.2350;-3.1704,1.9416,2.3789;-2.1328,-0.6692,1.2256;-1.4005,-1.8357,1.3320;-0.0538,-1.7587,1.6438;0.6504,-2.8962,1.7443;4.3451,-0.3509,1.6634;4.8929,-0.3201,2.9513;6.2724,-0.2583,3.0278;7.0596,-0.2275,1.9604;6.4397,-0.2583,0.8009;7.4147,-0.2217,-0.5974;5.1424,-0.3164,0.5948;2.4872,-1.7868,-1.6966;2.2403,-2.5479,-0.1216;3.8653,-2.0870,-0.6367;1.6077,-0.0818,-0.1591;3.3005,0.2884,-0.5545;0.3129,1.5778,1.9257;-3.1836,-0.7034,0.9844;-1.8570,-2.8010,1.1845;4.2828,-0.3451,3.8348;6.7821,-0.2310,3.9808;</g>
	</geometry>
	<conformers/>
	<properties/>
</molecule>
