<?xml version="1.0" ?>
<!--MOLLI PACKAGE EXPERIMENTAL XML FORMAT-->
<molecule name="el1230">
	<atoms>
		<a id="1" s="C" t="C.3" l="C"/>
		<a id="2" s="C" t="C.3" l="C"/>
		<a id="3" s="C" t="C.3" l="C"/>
		<a id="4" s="C" t="C.3" l="C"/>
		<a id="5" s="O" t="O.3" l="O"/>
		<a id="6" s="C" t="C.ar" l="C"/>
		<a id="7" s="C" t="C.ar" l="C"/>
		<a id="8" s="C" t="C.ar" l="C"/>
		<a id="9" s="C" t="C.ar" l="C"/>
		<a id="10" s="C" t="C.ar" l="C"/>
		<a id="11" s="S" t="S.2" l="S"/>
		<a id="12" s="C" t="C.ar" l="C"/>
		<a id="13" s="C" t="C.ar" l="C"/>
		<a id="14" s="C" t="C.ar" l="C"/>
		<a id="15" s="O" t="O.3" l="O"/>
		<a id="16" s="C" t="C.3" l="C"/>
		<a id="17" s="C" t="C.ar" l="C"/>
		<a id="18" s="C" t="C.ar" l="C"/>
		<a id="19" s="C" t="C.ar" l="C"/>
		<a id="20" s="C" t="C.ar" l="C"/>
		<a id="21" s="Br" t="Br" l="BR"/>
		<a id="22" s="C" t="C.ar" l="C"/>
		<a id="23" s="C" t="C.ar" l="C"/>
		<a id="24" s="H" t="H" l="H"/>
		<a id="25" s="H" t="H" l="H"/>
		<a id="26" s="H" t="H" l="H"/>
		<a id="27" s="H" t="H" l="H"/>
		<a id="28" s="H" t="H" l="H"/>
		<a id="29" s="H" t="H" l="H"/>
		<a id="30" s="H" t="H" l="H"/>
		<a id="31" s="H" t="H" l="H"/>
		<a id="32" s="H" t="H" l="H"/>
		<a id="33" s="H" t="H" l="H"/>
		<a id="34" s="H" t="H" l="H"/>
		<a id="35" s="H" t="H" l="H"/>
		<a id="36" s="H" t="H" l="H"/>
		<a id="37" s="H" t="H" l="H"/>
		<a id="38" s="H" t="H" l="H"/>
		<a id="39" s="H" t="H" l="H"/>
		<a id="40" s="H" t="H" l="H"/>
		<a id="41" s="H" t="H" l="H"/>
		<a id="42" s="H" t="H" l="H"/>
	</atoms>
	<bonds>
		<b id="1" c="1 2" t="1"/>
		<b id="2" c="2 3" t="1"/>
		<b id="3" c="3 4" t="1"/>
		<b id="4" c="4 5" t="1"/>
		<b id="5" c="5 6" t="1"/>
		<b id="6" c="6 7" t="ar"/>
		<b id="7" c="7 8" t="ar"/>
		<b id="8" c="8 9" t="ar"/>
		<b id="9" c="9 10" t="1"/>
		<b id="10" c="10 11" t="ar"/>
		<b id="11" c="11 12" t="ar"/>
		<b id="12" c="12 13" t="ar"/>
		<b id="13" c="13 14" t="ar"/>
		<b id="14" c="14 15" t="1"/>
		<b id="15" c="15 16" t="1"/>
		<b id="16" c="14 17" t="ar"/>
		<b id="17" c="17 18" t="ar"/>
		<b id="18" c="18 19" t="ar"/>
		<b id="19" c="12 19" t="ar"/>
		<b id="20" c="19 20" t="ar"/>
		<b id="21" c="10 20" t="ar"/>
		<b id="22" c="20 21" t="1"/>
		<b id="23" c="9 22" t="ar"/>
		<b id="24" c="22 23" t="ar"/>
		<b id="25" c="6 23" t="ar"/>
		<b id="26" c="1 24" t="1"/>
		<b id="27" c="1 25" t="1"/>
		<b id="28" c="1 26" t="1"/>
		<b id="29" c="2 27" t="1"/>
		<b id="30" c="2 28" t="1"/>
		<b id="31" c="3 29" t="1"/>
		<b id="32" c="3 30" t="1"/>
		<b id="33" c="4 31" t="1"/>
		<b id="34" c="4 32" t="1"/>
		<b id="35" c="7 33" t="1"/>
		<b id="36" c="8 34" t="1"/>
		<b id="37" c="13 35" t="1"/>
		<b id="38" c="16 36" t="1"/>
		<b id="39" c="16 37" t="1"/>
		<b id="40" c="16 38" t="1"/>
		<b id="41" c="17 39" t="1"/>
		<b id="42" c="18 40" t="1"/>
		<b id="43" c="22 41" t="1"/>
		<b id="44" c="23 42" t="1"/>
	</bonds>
	<geometry>
		<g u="A" t="cart/3d">#42,3:1.3529,1.1541,-1.0814;2.7058,1.7654,-1.4406;3.5813,0.7663,-2.1916;4.9448,1.3583,-2.5627;5.7425,0.4387,-3.2823;6.2438,-0.6491,-2.6369;6.2990,-0.8069,-1.2556;6.8304,-1.9584,-0.7086;7.3073,-2.9830,-1.5202;7.7861,-4.2240,-0.9324;7.1931,-5.7501,-1.5711;8.0430,-6.6444,-0.3451;8.0113,-8.0189,-0.1653;8.7327,-8.5600,0.8886;8.7644,-9.8821,1.1991;7.9761,-10.7673,0.4364;9.4913,-7.7230,1.7275;9.5219,-6.3645,1.5389;8.7822,-5.7993,0.4983;8.6067,-4.4314,0.1310;9.5145,-3.0411,1.0427;7.2541,-2.8195,-2.9056;6.7442,-1.6658,-3.4548;0.7487,1.8625,-0.5170;1.4859,0.2579,-0.4793;0.8104,0.8786,-1.9850;3.2165,2.0803,-0.5255;2.5557,2.6518,-2.0580;3.0811,0.4463,-3.1081;3.7303,-0.1212,-1.5726;5.4670,1.7221,-1.6673;4.8134,2.2037,-3.2449;5.9296,-0.0449,-0.5891;6.8449,-2.0720,0.3649;7.4247,-8.6261,-0.8354;8.1076,-11.7485,0.8927;8.3108,-10.8048,-0.6064;6.9162,-10.4905,0.4717;10.0435,-8.1834,2.5301;10.1011,-5.7284,2.1911;7.6216,-3.6092,-3.5442;6.7085,-1.5261,-4.5232;</g>
	</geometry>
	<conformers/>
	<properties/>
</molecule>
