<?xml version="1.0" ?>
<!--MOLLI PACKAGE EXPERIMENTAL XML FORMAT-->
<molecule name="el1501">
	<atoms>
		<a id="1" s="F" t="F" l="F"/>
		<a id="2" s="C" t="C.ar" l="C"/>
		<a id="3" s="C" t="C.ar" l="C"/>
		<a id="4" s="C" t="C.ar" l="C"/>
		<a id="5" s="C" t="C.ar" l="C"/>
		<a id="6" s="C" t="C.ar" l="C"/>
		<a id="7" s="N" t="N.ar" l="N"/>
		<a id="8" s="N" t="N.ar" l="N"/>
		<a id="9" s="C" t="C.ar" l="C"/>
		<a id="10" s="C" t="C.ar" l="C"/>
		<a id="11" s="C" t="C.ar" l="C"/>
		<a id="12" s="Cl" t="Cl" l="CL"/>
		<a id="13" s="N" t="N.ar" l="N"/>
		<a id="14" s="N" t="N.ar" l="N"/>
		<a id="15" s="C" t="C.ar" l="C"/>
		<a id="16" s="C" t="C.ar" l="C"/>
		<a id="17" s="C" t="C.ar" l="C"/>
		<a id="18" s="H" t="H" l="H"/>
		<a id="19" s="H" t="H" l="H"/>
		<a id="20" s="H" t="H" l="H"/>
		<a id="21" s="H" t="H" l="H"/>
		<a id="22" s="H" t="H" l="H"/>
		<a id="23" s="H" t="H" l="H"/>
	</atoms>
	<bonds>
		<b id="1" c="1 2" t="1"/>
		<b id="2" c="2 3" t="ar"/>
		<b id="3" c="3 4" t="ar"/>
		<b id="4" c="4 5" t="ar"/>
		<b id="5" c="5 6" t="ar"/>
		<b id="6" c="6 7" t="1"/>
		<b id="7" c="7 8" t="ar"/>
		<b id="8" c="8 9" t="ar"/>
		<b id="9" c="9 10" t="ar"/>
		<b id="10" c="10 11" t="ar"/>
		<b id="11" c="11 12" t="1"/>
		<b id="12" c="11 13" t="ar"/>
		<b id="13" c="13 14" t="ar"/>
		<b id="14" c="14 15" t="ar"/>
		<b id="15" c="15 16" t="ar"/>
		<b id="16" c="10 16" t="ar"/>
		<b id="17" c="7 16" t="ar"/>
		<b id="18" c="6 17" t="ar"/>
		<b id="19" c="2 17" t="ar"/>
		<b id="20" c="3 18" t="1"/>
		<b id="21" c="4 19" t="1"/>
		<b id="22" c="5 20" t="1"/>
		<b id="23" c="9 21" t="1"/>
		<b id="24" c="15 22" t="1"/>
		<b id="25" c="17 23" t="1"/>
	</bonds>
	<geometry>
		<g u="A" t="cart/3d">#23,3:1.9540,-0.0725,0.9565;0.6990,-0.0622,0.4754;0.1462,1.1386,0.0636;-1.1505,1.1368,-0.4201;-1.8750,-0.0396,-0.5008;-1.2898,-1.2368,-0.1021;-1.9922,-2.4457,-0.1668;-1.7352,-3.4161,0.7253;-2.5194,-4.4286,0.4770;-3.3408,-4.1466,-0.6422;-4.3367,-4.7672,-1.4139;-4.8942,-6.3358,-1.0243;-4.8641,-4.1789,-2.4580;-4.4700,-2.9891,-2.8390;-3.5607,-2.3071,-2.1921;-2.9601,-2.8387,-1.0408;0.0061,-1.2543,0.4024;0.7222,2.0469,0.1332;-1.6064,2.0643,-0.7293;-2.8961,-0.0209,-0.8454;-2.4905,-5.3136,1.0786;-3.3036,-1.3485,-2.6154;0.4513,-2.1779,0.7339;</g>
	</geometry>
	<conformers/>
	<properties/>
</molecule>
