<?xml version="1.0" ?>
<!--MOLLI PACKAGE EXPERIMENTAL XML FORMAT-->
<molecule name="el1502">
	<atoms>
		<a id="1" s="F" t="F" l="F"/>
		<a id="2" s="C" t="C.ar" l="C"/>
		<a id="3" s="C" t="C.ar" l="C"/>
		<a id="4" s="C" t="C.ar" l="C"/>
		<a id="5" s="C" t="C.ar" l="C"/>
		<a id="6" s="N" t="N.ar" l="N"/>
		<a id="7" s="N" t="N.ar" l="N"/>
		<a id="8" s="C" t="C.ar" l="C"/>
		<a id="9" s="C" t="C.ar" l="C"/>
		<a id="10" s="C" t="C.ar" l="C"/>
		<a id="11" s="Cl" t="Cl" l="CL"/>
		<a id="12" s="N" t="N.ar" l="N"/>
		<a id="13" s="N" t="N.ar" l="N"/>
		<a id="14" s="C" t="C.ar" l="C"/>
		<a id="15" s="C" t="C.ar" l="C"/>
		<a id="16" s="C" t="C.ar" l="C"/>
		<a id="17" s="F" t="F" l="F"/>
		<a id="18" s="C" t="C.ar" l="C"/>
		<a id="19" s="H" t="H" l="H"/>
		<a id="20" s="H" t="H" l="H"/>
		<a id="21" s="H" t="H" l="H"/>
		<a id="22" s="H" t="H" l="H"/>
		<a id="23" s="H" t="H" l="H"/>
	</atoms>
	<bonds>
		<b id="1" c="1 2" t="1"/>
		<b id="2" c="2 3" t="ar"/>
		<b id="3" c="3 4" t="ar"/>
		<b id="4" c="4 5" t="ar"/>
		<b id="5" c="5 6" t="1"/>
		<b id="6" c="6 7" t="ar"/>
		<b id="7" c="7 8" t="ar"/>
		<b id="8" c="8 9" t="ar"/>
		<b id="9" c="9 10" t="ar"/>
		<b id="10" c="10 11" t="1"/>
		<b id="11" c="10 12" t="ar"/>
		<b id="12" c="12 13" t="ar"/>
		<b id="13" c="13 14" t="ar"/>
		<b id="14" c="14 15" t="ar"/>
		<b id="15" c="9 15" t="ar"/>
		<b id="16" c="6 15" t="ar"/>
		<b id="17" c="5 16" t="ar"/>
		<b id="18" c="16 17" t="1"/>
		<b id="19" c="16 18" t="ar"/>
		<b id="20" c="2 18" t="ar"/>
		<b id="21" c="3 19" t="1"/>
		<b id="22" c="4 20" t="1"/>
		<b id="23" c="8 21" t="1"/>
		<b id="24" c="14 22" t="1"/>
		<b id="25" c="18 23" t="1"/>
	</bonds>
	<geometry>
		<g u="A" t="cart/3d">#23,3:2.2992,0.8913,-0.0296;1.1567,0.1909,0.0001;-0.0140,0.7810,-0.4466;-1.1861,0.0537,-0.4050;-1.2016,-1.2541,0.0763;-2.4099,-1.9595,0.0750;-3.2852,-1.7425,-0.9234;-4.3312,-2.4954,-0.7267;-4.1765,-3.2459,0.4651;-4.8974,-4.1712,1.2373;-6.4297,-4.7309,0.7256;-4.4344,-4.6240,2.3749;-3.2786,-4.2265,2.8451;-2.5073,-3.3862,2.2060;-2.9072,-2.8622,0.9673;0.0023,-1.8248,0.4876;0.0387,-3.1062,0.8912;1.1854,-1.1114,0.4665;0.0027,1.7926,-0.8175;-2.1131,0.4788,-0.7544;-5.1537,-2.4917,-1.4119;-1.5819,-3.1322,2.6974;2.1056,-1.5702,0.7889;</g>
	</geometry>
	<conformers/>
	<properties/>
</molecule>
