<?xml version="1.0" ?>
<!--MOLLI PACKAGE EXPERIMENTAL XML FORMAT-->
<molecule name="el1509">
	<atoms>
		<a id="1" s="C" t="C.3" l="C"/>
		<a id="2" s="C" t="C.ar" l="C"/>
		<a id="3" s="C" t="C.ar" l="C"/>
		<a id="4" s="C" t="C.ar" l="C"/>
		<a id="5" s="C" t="C.ar" l="C"/>
		<a id="6" s="C" t="C.2" l="C"/>
		<a id="7" s="O" t="O.2" l="O"/>
		<a id="8" s="C" t="C.ar" l="C"/>
		<a id="9" s="N" t="N.ar" l="N"/>
		<a id="10" s="C" t="C.ar" l="C"/>
		<a id="11" s="Cl" t="Cl" l="CL"/>
		<a id="12" s="N" t="N.ar" l="N"/>
		<a id="13" s="C" t="C.ar" l="C"/>
		<a id="14" s="C" t="C.ar" l="C"/>
		<a id="15" s="C" t="C.ar" l="C"/>
		<a id="16" s="S" t="S.2" l="S"/>
		<a id="17" s="C" t="C.ar" l="C"/>
		<a id="18" s="S" t="S.2" l="S"/>
		<a id="19" s="H" t="H" l="H"/>
		<a id="20" s="H" t="H" l="H"/>
		<a id="21" s="H" t="H" l="H"/>
		<a id="22" s="H" t="H" l="H"/>
		<a id="23" s="H" t="H" l="H"/>
		<a id="24" s="H" t="H" l="H"/>
		<a id="25" s="H" t="H" l="H"/>
	</atoms>
	<bonds>
		<b id="1" c="1 2" t="1"/>
		<b id="2" c="2 3" t="ar"/>
		<b id="3" c="3 4" t="ar"/>
		<b id="4" c="4 5" t="ar"/>
		<b id="5" c="5 6" t="1"/>
		<b id="6" c="6 7" t="2"/>
		<b id="7" c="6 8" t="1"/>
		<b id="8" c="8 9" t="ar"/>
		<b id="9" c="9 10" t="ar"/>
		<b id="10" c="10 11" t="1"/>
		<b id="11" c="10 12" t="ar"/>
		<b id="12" c="12 13" t="ar"/>
		<b id="13" c="13 14" t="ar"/>
		<b id="14" c="14 15" t="ar"/>
		<b id="15" c="15 16" t="ar"/>
		<b id="16" c="16 17" t="ar"/>
		<b id="17" c="8 17" t="ar"/>
		<b id="18" c="13 17" t="ar"/>
		<b id="19" c="5 18" t="ar"/>
		<b id="20" c="2 18" t="ar"/>
		<b id="21" c="1 19" t="1"/>
		<b id="22" c="1 20" t="1"/>
		<b id="23" c="1 21" t="1"/>
		<b id="24" c="3 22" t="1"/>
		<b id="25" c="4 23" t="1"/>
		<b id="26" c="14 24" t="1"/>
		<b id="27" c="15 25" t="1"/>
	</bonds>
	<geometry>
		<g u="A" t="cart/3d">#25,3:2.2863,-0.0723,0.5220;0.8309,-0.3064,0.3436;0.1404,-1.4724,0.5630;-1.2324,-1.3573,0.3304;-1.5994,-0.0921,-0.0726;-2.8760,0.4666,-0.4134;-3.0189,1.6281,-0.7773;-4.1033,-0.3811,-0.3245;-4.0915,-1.6516,0.0549;-5.2548,-2.2851,0.0952;-5.1808,-3.9160,0.5915;-6.4469,-1.8193,-0.1959;-6.4949,-0.5462,-0.5818;-7.6330,0.2166,-0.9550;-7.2900,1.4835,-1.2881;-5.5925,1.8362,-1.1750;-5.3065,0.2284,-0.6601;-0.2127,0.9642,-0.1628;2.8278,-1.0150,0.4925;2.4757,0.4019,1.4861;2.6690,0.5879,-0.2531;0.6165,-2.3826,0.8825;-1.9442,-2.1533,0.4457;-8.6299,-0.1814,-0.9647;-7.9552,2.2635,-1.6059;</g>
	</geometry>
	<conformers/>
	<properties/>
</molecule>
