<?xml version="1.0" ?>
<!--MOLLI PACKAGE EXPERIMENTAL XML FORMAT-->
<molecule name="el1231">
	<atoms>
		<a id="1" s="C" t="C.3" l="C"/>
		<a id="2" s="C" t="C.3" l="C"/>
		<a id="3" s="C" t="C.3" l="C"/>
		<a id="4" s="C" t="C.3" l="C"/>
		<a id="5" s="C" t="C.3" l="C"/>
		<a id="6" s="O" t="O.3" l="O"/>
		<a id="7" s="C" t="C.ar" l="C"/>
		<a id="8" s="C" t="C.ar" l="C"/>
		<a id="9" s="C" t="C.ar" l="C"/>
		<a id="10" s="C" t="C.ar" l="C"/>
		<a id="11" s="C" t="C.ar" l="C"/>
		<a id="12" s="S" t="S.2" l="S"/>
		<a id="13" s="C" t="C.ar" l="C"/>
		<a id="14" s="C" t="C.ar" l="C"/>
		<a id="15" s="C" t="C.ar" l="C"/>
		<a id="16" s="O" t="O.3" l="O"/>
		<a id="17" s="C" t="C.3" l="C"/>
		<a id="18" s="C" t="C.ar" l="C"/>
		<a id="19" s="C" t="C.ar" l="C"/>
		<a id="20" s="C" t="C.ar" l="C"/>
		<a id="21" s="C" t="C.ar" l="C"/>
		<a id="22" s="Br" t="Br" l="BR"/>
		<a id="23" s="C" t="C.ar" l="C"/>
		<a id="24" s="C" t="C.ar" l="C"/>
		<a id="25" s="H" t="H" l="H"/>
		<a id="26" s="H" t="H" l="H"/>
		<a id="27" s="H" t="H" l="H"/>
		<a id="28" s="H" t="H" l="H"/>
		<a id="29" s="H" t="H" l="H"/>
		<a id="30" s="H" t="H" l="H"/>
		<a id="31" s="H" t="H" l="H"/>
		<a id="32" s="H" t="H" l="H"/>
		<a id="33" s="H" t="H" l="H"/>
		<a id="34" s="H" t="H" l="H"/>
		<a id="35" s="H" t="H" l="H"/>
		<a id="36" s="H" t="H" l="H"/>
		<a id="37" s="H" t="H" l="H"/>
		<a id="38" s="H" t="H" l="H"/>
		<a id="39" s="H" t="H" l="H"/>
		<a id="40" s="H" t="H" l="H"/>
		<a id="41" s="H" t="H" l="H"/>
		<a id="42" s="H" t="H" l="H"/>
		<a id="43" s="H" t="H" l="H"/>
		<a id="44" s="H" t="H" l="H"/>
		<a id="45" s="H" t="H" l="H"/>
	</atoms>
	<bonds>
		<b id="1" c="1 2" t="1"/>
		<b id="2" c="2 3" t="1"/>
		<b id="3" c="3 4" t="1"/>
		<b id="4" c="4 5" t="1"/>
		<b id="5" c="5 6" t="1"/>
		<b id="6" c="6 7" t="1"/>
		<b id="7" c="7 8" t="ar"/>
		<b id="8" c="8 9" t="ar"/>
		<b id="9" c="9 10" t="ar"/>
		<b id="10" c="10 11" t="1"/>
		<b id="11" c="11 12" t="ar"/>
		<b id="12" c="12 13" t="ar"/>
		<b id="13" c="13 14" t="ar"/>
		<b id="14" c="14 15" t="ar"/>
		<b id="15" c="15 16" t="1"/>
		<b id="16" c="16 17" t="1"/>
		<b id="17" c="15 18" t="ar"/>
		<b id="18" c="18 19" t="ar"/>
		<b id="19" c="19 20" t="ar"/>
		<b id="20" c="13 20" t="ar"/>
		<b id="21" c="20 21" t="ar"/>
		<b id="22" c="11 21" t="ar"/>
		<b id="23" c="21 22" t="1"/>
		<b id="24" c="10 23" t="ar"/>
		<b id="25" c="23 24" t="ar"/>
		<b id="26" c="7 24" t="ar"/>
		<b id="27" c="1 25" t="1"/>
		<b id="28" c="1 26" t="1"/>
		<b id="29" c="1 27" t="1"/>
		<b id="30" c="2 28" t="1"/>
		<b id="31" c="2 29" t="1"/>
		<b id="32" c="3 30" t="1"/>
		<b id="33" c="3 31" t="1"/>
		<b id="34" c="4 32" t="1"/>
		<b id="35" c="4 33" t="1"/>
		<b id="36" c="5 34" t="1"/>
		<b id="37" c="5 35" t="1"/>
		<b id="38" c="8 36" t="1"/>
		<b id="39" c="9 37" t="1"/>
		<b id="40" c="14 38" t="1"/>
		<b id="41" c="17 39" t="1"/>
		<b id="42" c="17 40" t="1"/>
		<b id="43" c="17 41" t="1"/>
		<b id="44" c="18 42" t="1"/>
		<b id="45" c="19 43" t="1"/>
		<b id="46" c="23 44" t="1"/>
		<b id="47" c="24 45" t="1"/>
	</bonds>
	<geometry>
		<g u="A" t="cart/3d">#45,3:1.0040,1.7639,-0.8975;2.4554,2.0280,-0.5165;2.5859,3.1825,0.4752;4.0277,3.3618,0.9371;4.1836,4.5194,1.9258;5.5213,4.6555,2.3632;6.0645,3.6745,3.1332;5.3437,2.7438,3.8773;6.0035,1.7870,4.6228;7.3938,1.7240,4.6357;8.0869,0.6740,5.3642;9.3725,-0.2098,4.5570;9.5969,-1.2437,5.9388;10.4927,-2.2975,6.0391;10.5261,-3.0201,7.2209;11.3295,-4.0945,7.4407;12.1761,-4.5228,6.4068;9.6857,-2.6594,8.2888;8.8016,-1.6160,8.1832;8.7357,-0.8937,6.9908;7.8894,0.1947,6.6197;6.6405,0.9312,7.8376;8.1138,2.6603,3.8910;7.4615,3.6268,3.1627;0.9414,0.9610,-1.6283;0.5510,2.6550,-1.3280;0.4253,1.4760,-0.0223;3.0324,2.2587,-1.4151;2.8834,1.1247,-0.0732;1.9496,2.9887,1.3404;2.2360,4.1037,0.0073;4.6719,3.5550,0.0767;4.3772,2.4415,1.4093;3.4975,4.4009,2.7752;3.9564,5.4699,1.4349;4.2654,2.7502,3.8839;5.4259,1.0620,5.1759;11.1297,-2.5346,5.2038;12.6682,-5.4245,6.7768;12.9254,-3.7687,6.1663;11.6076,-4.7695,5.5070;9.7497,-3.2372,9.1981;8.1585,-1.3492,9.0079;9.1934,2.6177,3.8911;8.0103,4.3593,2.5914;</g>
	</geometry>
	<conformers/>
	<properties/>
</molecule>
