<?xml version="1.0" ?>
<!--MOLLI PACKAGE EXPERIMENTAL XML FORMAT-->
<molecule name="el1510">
	<atoms>
		<a id="1" s="C" t="C.3" l="C"/>
		<a id="2" s="C" t="C.3" l="C"/>
		<a id="3" s="N" t="N.pl3" l="N"/>
		<a id="4" s="C" t="C.ar" l="C"/>
		<a id="5" s="C" t="C.ar" l="C"/>
		<a id="6" s="N" t="N.ar" l="N"/>
		<a id="7" s="C" t="C.ar" l="C"/>
		<a id="8" s="C" t="C.ar" l="C"/>
		<a id="9" s="Cl" t="Cl" l="CL"/>
		<a id="10" s="N" t="N.ar" l="N"/>
		<a id="11" s="C" t="C.ar" l="C"/>
		<a id="12" s="N" t="N.ar" l="N"/>
		<a id="13" s="C" t="C.ar" l="C"/>
		<a id="14" s="C" t="C.ar" l="C"/>
		<a id="15" s="F" t="F" l="F"/>
		<a id="16" s="C" t="C.ar" l="C"/>
		<a id="17" s="N" t="N.ar" l="N"/>
		<a id="18" s="H" t="H" l="H"/>
		<a id="19" s="H" t="H" l="H"/>
		<a id="20" s="H" t="H" l="H"/>
		<a id="21" s="H" t="H" l="H"/>
		<a id="22" s="H" t="H" l="H"/>
		<a id="23" s="H" t="H" l="H"/>
		<a id="24" s="H" t="H" l="H"/>
		<a id="25" s="H" t="H" l="H"/>
		<a id="26" s="H" t="H" l="H"/>
	</atoms>
	<bonds>
		<b id="1" c="3 4" t="1"/>
		<b id="2" c="4 5" t="ar"/>
		<b id="3" c="5 6" t="ar"/>
		<b id="4" c="6 7" t="ar"/>
		<b id="5" c="7 8" t="ar"/>
		<b id="6" c="8 9" t="1"/>
		<b id="7" c="8 10" t="ar"/>
		<b id="8" c="4 10" t="ar"/>
		<b id="9" c="2 11" t="1"/>
		<b id="10" c="11 12" t="ar"/>
		<b id="11" c="12 13" t="ar"/>
		<b id="12" c="13 14" t="ar"/>
		<b id="13" c="14 15" t="1"/>
		<b id="14" c="14 16" t="ar"/>
		<b id="15" c="16 17" t="ar"/>
		<b id="16" c="11 17" t="ar"/>
		<b id="17" c="2 3" t="1"/>
		<b id="18" c="2 1" t="1"/>
		<b id="19" c="1 18" t="1"/>
		<b id="20" c="1 19" t="1"/>
		<b id="21" c="1 20" t="1"/>
		<b id="22" c="2 21" t="1"/>
		<b id="23" c="3 22" t="1"/>
		<b id="24" c="5 23" t="1"/>
		<b id="25" c="7 24" t="1"/>
		<b id="26" c="13 25" t="1"/>
		<b id="27" c="16 26" t="1"/>
	</bonds>
	<geometry>
		<g u="A" t="cart/3d">#26,3:3.3551,-0.7919,-1.0894;2.6420,-0.2085,0.1267;1.2300,-0.0925,-0.1627;0.3011,0.2861,0.7481;0.4952,0.2819,2.1444;-0.4782,0.5917,2.9716;-1.6643,0.9157,2.4752;-1.8480,0.9377,1.0996;-3.3609,1.3827,0.4154;-0.8900,0.6359,0.2481;3.2171,1.1474,0.4713;3.8056,1.2841,1.6506;4.2851,2.4742,1.9648;4.1673,3.5377,1.0812;4.6507,4.7485,1.3881;3.5340,3.3075,-0.1332;3.0636,2.1112,-0.4280;4.4055,-0.9534,-0.8641;3.2777,-0.1024,-1.9264;2.9021,-1.7415,-1.3607;2.7770,-0.8653,0.9921;0.9892,0.1430,-1.1160;1.4455,0.0392,2.5945;-2.4469,1.1617,3.1747;4.7636,2.5779,2.9289;3.4057,4.0875,-0.8713;</g>
	</geometry>
	<conformers/>
	<properties/>
</molecule>
