<?xml version="1.0" ?>
<!--MOLLI PACKAGE EXPERIMENTAL XML FORMAT-->
<molecule name="el1514">
	<atoms>
		<a id="1" s="C" t="C.3" l="C"/>
		<a id="2" s="C" t="C.3" l="C"/>
		<a id="3" s="N" t="N.pl3" l="N"/>
		<a id="4" s="C" t="C.ar" l="C"/>
		<a id="5" s="N" t="N.ar" l="N"/>
		<a id="6" s="C" t="C.ar" l="C"/>
		<a id="7" s="Cl" t="Cl" l="CL"/>
		<a id="8" s="C" t="C.ar" l="C"/>
		<a id="9" s="C" t="C.ar" l="C"/>
		<a id="10" s="N" t="N.pl3" l="N"/>
		<a id="11" s="C" t="C.3" l="C"/>
		<a id="12" s="C" t="C.3" l="C"/>
		<a id="13" s="O" t="O.3" l="O"/>
		<a id="14" s="C" t="C.3" l="C"/>
		<a id="15" s="C" t="C.3" l="C"/>
		<a id="16" s="N" t="N.ar" l="N"/>
		<a id="17" s="C" t="C.ar" l="C"/>
		<a id="18" s="C" t="C.ar" l="C"/>
		<a id="19" s="C" t="C.ar" l="C"/>
		<a id="20" s="C" t="C.ar" l="C"/>
		<a id="21" s="F" t="F" l="F"/>
		<a id="22" s="C" t="C.ar" l="C"/>
		<a id="23" s="N" t="N.ar" l="N"/>
		<a id="24" s="H" t="H" l="H"/>
		<a id="25" s="H" t="H" l="H"/>
		<a id="26" s="H" t="H" l="H"/>
		<a id="27" s="H" t="H" l="H"/>
		<a id="28" s="H" t="H" l="H"/>
		<a id="29" s="H" t="H" l="H"/>
		<a id="30" s="H" t="H" l="H"/>
		<a id="31" s="H" t="H" l="H"/>
		<a id="32" s="H" t="H" l="H"/>
		<a id="33" s="H" t="H" l="H"/>
		<a id="34" s="H" t="H" l="H"/>
		<a id="35" s="H" t="H" l="H"/>
		<a id="36" s="H" t="H" l="H"/>
		<a id="37" s="H" t="H" l="H"/>
		<a id="38" s="H" t="H" l="H"/>
		<a id="39" s="H" t="H" l="H"/>
		<a id="40" s="H" t="H" l="H"/>
	</atoms>
	<bonds>
		<b id="1" c="3 4" t="1"/>
		<b id="2" c="4 5" t="ar"/>
		<b id="3" c="5 6" t="ar"/>
		<b id="4" c="6 7" t="1"/>
		<b id="5" c="6 8" t="ar"/>
		<b id="6" c="8 9" t="ar"/>
		<b id="7" c="9 10" t="1"/>
		<b id="8" c="10 11" t="1"/>
		<b id="9" c="11 12" t="1"/>
		<b id="10" c="12 13" t="1"/>
		<b id="11" c="13 14" t="1"/>
		<b id="12" c="14 15" t="1"/>
		<b id="13" c="10 15" t="1"/>
		<b id="14" c="9 16" t="ar"/>
		<b id="15" c="4 16" t="ar"/>
		<b id="16" c="2 17" t="1"/>
		<b id="17" c="17 18" t="ar"/>
		<b id="18" c="18 19" t="ar"/>
		<b id="19" c="19 20" t="ar"/>
		<b id="20" c="20 21" t="1"/>
		<b id="21" c="20 22" t="ar"/>
		<b id="22" c="22 23" t="ar"/>
		<b id="23" c="17 23" t="ar"/>
		<b id="24" c="2 3" t="1"/>
		<b id="25" c="2 1" t="1"/>
		<b id="26" c="1 24" t="1"/>
		<b id="27" c="1 25" t="1"/>
		<b id="28" c="1 26" t="1"/>
		<b id="29" c="2 27" t="1"/>
		<b id="30" c="3 28" t="1"/>
		<b id="31" c="8 29" t="1"/>
		<b id="32" c="11 30" t="1"/>
		<b id="33" c="11 31" t="1"/>
		<b id="34" c="12 32" t="1"/>
		<b id="35" c="12 33" t="1"/>
		<b id="36" c="14 34" t="1"/>
		<b id="37" c="14 35" t="1"/>
		<b id="38" c="15 36" t="1"/>
		<b id="39" c="15 37" t="1"/>
		<b id="40" c="18 38" t="1"/>
		<b id="41" c="19 39" t="1"/>
		<b id="42" c="22 40" t="1"/>
	</bonds>
	<geometry>
		<g u="A" t="cart/3d">#40,3:0.5502,1.8571,1.2652;0.7202,1.1214,-0.0716;1.1734,-0.2353,0.1273;0.3468,-1.2451,0.4589;0.9386,-2.4168,0.7253;0.1193,-3.4037,1.0226;0.8681,-4.9168,1.3675;-1.2529,-3.3002,1.0740;-1.7783,-2.0247,0.7800;-3.0973,-1.7270,0.8444;-4.1620,-2.7013,0.9042;-4.8176,-2.8203,-0.4798;-5.2945,-1.5713,-0.9216;-4.2543,-0.6190,-0.9861;-3.5804,-0.4423,0.3792;-0.9592,-1.0118,0.4756;1.6703,1.8749,-0.9681;3.0343,1.9542,-0.6933;3.8505,2.6810,-1.5416;3.2546,3.3017,-2.6270;4.0021,4.0225,-3.4818;1.8883,3.1829,-2.8277;1.1241,2.4825,-2.0122;0.1790,2.8631,1.0909;1.4981,1.9174,1.7948;-0.1637,1.3161,1.8802;-0.2516,1.0654,-0.5713;2.1567,-0.4276,0.2257;-1.8539,-4.1514,1.3333;-4.9088,-2.3435,1.6224;-3.7966,-3.6711,1.2314;-5.6838,-3.4829,-0.4437;-4.0813,-3.2188,-1.1956;-4.7159,0.3122,-1.3168;-3.4999,-0.9352,-1.7225;-4.3113,-0.0660,1.1024;-2.7352,0.2392,0.3075;3.4552,1.4639,0.1710;4.9128,2.7726,-1.3752;1.4003,3.6624,-3.6646;</g>
	</geometry>
	<conformers/>
	<properties/>
</molecule>
