<?xml version="1.0" ?>
<!--MOLLI PACKAGE EXPERIMENTAL XML FORMAT-->
<molecule name="el1520">
	<atoms>
		<a id="1" s="F" t="F" l="F"/>
		<a id="2" s="C" t="C.3" l="C"/>
		<a id="3" s="F" t="F" l="F"/>
		<a id="4" s="F" t="F" l="F"/>
		<a id="5" s="C" t="C.ar" l="C"/>
		<a id="6" s="C" t="C.ar" l="C"/>
		<a id="7" s="N" t="N.ar" l="N"/>
		<a id="8" s="C" t="C.ar" l="C"/>
		<a id="9" s="N" t="N.ar" l="N"/>
		<a id="10" s="C" t="C.ar" l="C"/>
		<a id="11" s="C" t="C.ar" l="C"/>
		<a id="12" s="C" t="C.ar" l="C"/>
		<a id="13" s="C" t="C.ar" l="C"/>
		<a id="14" s="C" t="C.ar" l="C"/>
		<a id="15" s="C" t="C.ar" l="C"/>
		<a id="16" s="Cl" t="Cl" l="CL"/>
		<a id="17" s="C" t="C.ar" l="C"/>
		<a id="18" s="C" t="C.ar" l="C"/>
		<a id="19" s="N" t="N.ar" l="N"/>
		<a id="20" s="C" t="C.ar" l="C"/>
		<a id="21" s="N" t="N.ar" l="N"/>
		<a id="22" s="H" t="H" l="H"/>
		<a id="23" s="H" t="H" l="H"/>
		<a id="24" s="H" t="H" l="H"/>
		<a id="25" s="H" t="H" l="H"/>
		<a id="26" s="H" t="H" l="H"/>
		<a id="27" s="H" t="H" l="H"/>
	</atoms>
	<bonds>
		<b id="1" c="1 2" t="1"/>
		<b id="2" c="2 3" t="1"/>
		<b id="3" c="2 4" t="1"/>
		<b id="4" c="2 5" t="1"/>
		<b id="5" c="5 6" t="ar"/>
		<b id="6" c="6 7" t="ar"/>
		<b id="7" c="7 8" t="ar"/>
		<b id="8" c="8 9" t="ar"/>
		<b id="9" c="9 10" t="ar"/>
		<b id="10" c="5 10" t="ar"/>
		<b id="11" c="10 11" t="1"/>
		<b id="12" c="11 12" t="ar"/>
		<b id="13" c="12 13" t="ar"/>
		<b id="14" c="13 14" t="ar"/>
		<b id="15" c="14 15" t="ar"/>
		<b id="16" c="15 16" t="1"/>
		<b id="17" c="15 17" t="ar"/>
		<b id="18" c="17 18" t="ar"/>
		<b id="19" c="18 19" t="ar"/>
		<b id="20" c="19 20" t="ar"/>
		<b id="21" c="14 20" t="ar"/>
		<b id="22" c="20 21" t="ar"/>
		<b id="23" c="11 21" t="ar"/>
		<b id="24" c="6 22" t="1"/>
		<b id="25" c="8 23" t="1"/>
		<b id="26" c="12 24" t="1"/>
		<b id="27" c="13 25" t="1"/>
		<b id="28" c="17 26" t="1"/>
		<b id="29" c="18 27" t="1"/>
	</bonds>
	<geometry>
		<g u="A" t="cart/3d">#27,3:6.0349,-1.2824,0.0920;5.5420,-0.2381,0.7924;6.5487,0.1946,1.5514;5.2685,0.7030,-0.1219;4.3282,-0.6549,1.5816;4.0788,-2.0095,1.7952;3.0020,-2.4397,2.4257;2.1442,-1.5184,2.8259;2.2846,-0.2161,2.6980;3.3824,0.2430,2.1022;3.5171,1.7075,2.0409;2.3514,2.5057,2.0538;2.4922,3.8643,1.9948;3.7841,4.4200,1.9349;4.0742,5.8001,1.8617;2.7886,6.9537,1.8319;5.3789,6.2162,1.8144;6.3902,5.2369,1.8481;6.1715,3.9578,1.9171;4.9028,3.5231,1.9533;4.7294,2.1989,2.0039;4.7640,-2.7697,1.4430;1.2418,-1.8656,3.3118;1.3879,2.0266,2.1073;1.6328,4.5189,1.9940;5.6311,7.2624,1.7551;7.4287,5.5384,1.8161;</g>
	</geometry>
	<conformers/>
	<properties/>
</molecule>
