<?xml version="1.0" ?>
<!--MOLLI PACKAGE EXPERIMENTAL XML FORMAT-->
<molecule name="el1521">
	<atoms>
		<a id="1" s="N" t="N.am" l="N"/>
		<a id="2" s="C" t="C.2" l="C"/>
		<a id="3" s="O" t="O.2" l="O"/>
		<a id="4" s="C" t="C.ar" l="C"/>
		<a id="5" s="C" t="C.ar" l="C"/>
		<a id="6" s="C" t="C.ar" l="C"/>
		<a id="7" s="N" t="N.ar" l="N"/>
		<a id="8" s="C" t="C.ar" l="C"/>
		<a id="9" s="C" t="C.ar" l="C"/>
		<a id="10" s="C" t="C.ar" l="C"/>
		<a id="11" s="C" t="C.ar" l="C"/>
		<a id="12" s="C" t="C.ar" l="C"/>
		<a id="13" s="C" t="C.ar" l="C"/>
		<a id="14" s="Cl" t="Cl" l="CL"/>
		<a id="15" s="C" t="C.ar" l="C"/>
		<a id="16" s="C" t="C.ar" l="C"/>
		<a id="17" s="N" t="N.ar" l="N"/>
		<a id="18" s="C" t="C.ar" l="C"/>
		<a id="19" s="N" t="N.ar" l="N"/>
		<a id="20" s="C" t="C.ar" l="C"/>
		<a id="21" s="C" t="C.3" l="C"/>
		<a id="22" s="F" t="F" l="F"/>
		<a id="23" s="F" t="F" l="F"/>
		<a id="24" s="F" t="F" l="F"/>
		<a id="25" s="H" t="H" l="H"/>
		<a id="26" s="H" t="H" l="H"/>
		<a id="27" s="H" t="H" l="H"/>
		<a id="28" s="H" t="H" l="H"/>
		<a id="29" s="H" t="H" l="H"/>
		<a id="30" s="H" t="H" l="H"/>
		<a id="31" s="H" t="H" l="H"/>
		<a id="32" s="H" t="H" l="H"/>
	</atoms>
	<bonds>
		<b id="1" c="1 2" t="am"/>
		<b id="2" c="2 3" t="2"/>
		<b id="3" c="2 4" t="1"/>
		<b id="4" c="4 5" t="ar"/>
		<b id="5" c="5 6" t="ar"/>
		<b id="6" c="6 7" t="ar"/>
		<b id="7" c="7 8" t="ar"/>
		<b id="8" c="8 9" t="1"/>
		<b id="9" c="9 10" t="ar"/>
		<b id="10" c="10 11" t="ar"/>
		<b id="11" c="11 12" t="ar"/>
		<b id="12" c="12 13" t="ar"/>
		<b id="13" c="13 14" t="1"/>
		<b id="14" c="13 15" t="ar"/>
		<b id="15" c="15 16" t="ar"/>
		<b id="16" c="16 17" t="ar"/>
		<b id="17" c="17 18" t="ar"/>
		<b id="18" c="12 18" t="ar"/>
		<b id="19" c="18 19" t="ar"/>
		<b id="20" c="9 19" t="ar"/>
		<b id="21" c="8 20" t="ar"/>
		<b id="22" c="4 20" t="ar"/>
		<b id="23" c="20 21" t="1"/>
		<b id="24" c="21 22" t="1"/>
		<b id="25" c="21 23" t="1"/>
		<b id="26" c="21 24" t="1"/>
		<b id="27" c="1 25" t="1"/>
		<b id="28" c="1 26" t="1"/>
		<b id="29" c="5 27" t="1"/>
		<b id="30" c="6 28" t="1"/>
		<b id="31" c="10 29" t="1"/>
		<b id="32" c="11 30" t="1"/>
		<b id="33" c="15 31" t="1"/>
		<b id="34" c="16 32" t="1"/>
	</bonds>
	<geometry>
		<g u="A" t="cart/3d">#32,3:1.4137,0.0646,0.0676;2.7443,0.3017,0.0213;3.3385,0.9861,0.8157;3.4336,-0.2581,-1.2021;3.3117,0.4409,-2.3985;3.9977,-0.0288,-3.5066;4.8223,-1.0547,-3.4584;4.9947,-1.7067,-2.3155;6.0223,-2.7630,-2.3480;6.2621,-3.4578,-3.5550;7.2363,-4.4159,-3.5744;7.9712,-4.6736,-2.4013;8.9954,-5.6363,-2.2765;9.4301,-6.6181,-3.6308;9.6420,-5.7877,-1.0779;9.2547,-4.9604,-0.0069;8.3203,-4.0597,-0.0754;7.6660,-3.8976,-1.2351;6.7039,-2.9693,-1.2505;4.2647,-1.3781,-1.1609;4.3011,-2.2386,0.0792;3.1504,-2.1152,0.7859;4.3627,-3.5496,-0.2127;5.2847,-1.9547,0.9222;0.9216,0.3533,0.8987;0.9896,-0.6468,-0.5019;2.6912,1.3209,-2.4529;3.8991,0.4452,-4.4738;5.6753,-3.2154,-4.4254;7.4546,-4.9782,-4.4709;10.4265,-6.5161,-0.9525;9.7496,-5.0563,0.9504;</g>
	</geometry>
	<conformers/>
	<properties/>
</molecule>
