<?xml version="1.0" ?>
<!--MOLLI PACKAGE EXPERIMENTAL XML FORMAT-->
<molecule name="el1523">
	<atoms>
		<a id="1" s="C" t="C.3" l="C"/>
		<a id="2" s="N" t="N.pl3" l="N"/>
		<a id="3" s="C" t="C.ar" l="C"/>
		<a id="4" s="N" t="N.ar" l="N"/>
		<a id="5" s="C" t="C.ar" l="C"/>
		<a id="6" s="Cl" t="Cl" l="CL"/>
		<a id="7" s="N" t="N.ar" l="N"/>
		<a id="8" s="C" t="C.ar" l="C"/>
		<a id="9" s="C" t="C.ar" l="C"/>
		<a id="10" s="N" t="N.ar" l="N"/>
		<a id="11" s="C" t="C.ar" l="C"/>
		<a id="12" s="N" t="N.ar" l="N"/>
		<a id="13" s="C" t="C.3" l="C"/>
		<a id="14" s="C" t="C.3" l="C"/>
		<a id="15" s="C" t="C.3" l="C"/>
		<a id="16" s="C" t="C.3" l="C"/>
		<a id="17" s="C" t="C.3" l="C"/>
		<a id="18" s="O" t="O.3" l="O"/>
		<a id="19" s="C" t="C.3" l="C"/>
		<a id="20" s="C" t="C.3" l="C"/>
		<a id="21" s="C" t="C.3" l="C"/>
		<a id="22" s="C" t="C.3" l="C"/>
		<a id="23" s="N" t="N.am" l="N"/>
		<a id="24" s="C" t="C.2" l="C"/>
		<a id="25" s="O" t="O.2" l="O"/>
		<a id="26" s="O" t="O.3" l="O"/>
		<a id="27" s="C" t="C.3" l="C"/>
		<a id="28" s="C" t="C.3" l="C"/>
		<a id="29" s="C" t="C.3" l="C"/>
		<a id="30" s="C" t="C.3" l="C"/>
		<a id="31" s="C" t="C.3" l="C"/>
		<a id="32" s="H" t="H" l="H"/>
		<a id="33" s="H" t="H" l="H"/>
		<a id="34" s="H" t="H" l="H"/>
		<a id="35" s="H" t="H" l="H"/>
		<a id="36" s="H" t="H" l="H"/>
		<a id="37" s="H" t="H" l="H"/>
		<a id="38" s="H" t="H" l="H"/>
		<a id="39" s="H" t="H" l="H"/>
		<a id="40" s="H" t="H" l="H"/>
		<a id="41" s="H" t="H" l="H"/>
		<a id="42" s="H" t="H" l="H"/>
		<a id="43" s="H" t="H" l="H"/>
		<a id="44" s="H" t="H" l="H"/>
		<a id="45" s="H" t="H" l="H"/>
		<a id="46" s="H" t="H" l="H"/>
		<a id="47" s="H" t="H" l="H"/>
		<a id="48" s="H" t="H" l="H"/>
		<a id="49" s="H" t="H" l="H"/>
		<a id="50" s="H" t="H" l="H"/>
		<a id="51" s="H" t="H" l="H"/>
		<a id="52" s="H" t="H" l="H"/>
		<a id="53" s="H" t="H" l="H"/>
		<a id="54" s="H" t="H" l="H"/>
		<a id="55" s="H" t="H" l="H"/>
		<a id="56" s="H" t="H" l="H"/>
		<a id="57" s="H" t="H" l="H"/>
		<a id="58" s="H" t="H" l="H"/>
		<a id="59" s="H" t="H" l="H"/>
		<a id="60" s="H" t="H" l="H"/>
		<a id="61" s="H" t="H" l="H"/>
		<a id="62" s="H" t="H" l="H"/>
	</atoms>
	<bonds>
		<b id="1" c="1 2" t="1"/>
		<b id="2" c="2 3" t="1"/>
		<b id="3" c="3 4" t="ar"/>
		<b id="4" c="4 5" t="ar"/>
		<b id="5" c="5 6" t="1"/>
		<b id="6" c="5 7" t="ar"/>
		<b id="7" c="7 8" t="ar"/>
		<b id="8" c="8 9" t="ar"/>
		<b id="9" c="3 9" t="ar"/>
		<b id="10" c="9 10" t="ar"/>
		<b id="11" c="10 11" t="ar"/>
		<b id="12" c="11 12" t="ar"/>
		<b id="13" c="8 12" t="ar"/>
		<b id="14" c="12 13" t="1"/>
		<b id="15" c="13 14" t="1"/>
		<b id="16" c="14 15" t="1"/>
		<b id="17" c="15 16" t="1"/>
		<b id="18" c="16 17" t="1"/>
		<b id="19" c="17 18" t="1"/>
		<b id="20" c="13 18" t="1"/>
		<b id="21" c="2 19" t="1"/>
		<b id="22" c="19 20" t="1"/>
		<b id="23" c="20 21" t="1"/>
		<b id="24" c="21 22" t="1"/>
		<b id="25" c="22 23" t="1"/>
		<b id="26" c="23 24" t="am"/>
		<b id="27" c="24 25" t="2"/>
		<b id="28" c="24 26" t="1"/>
		<b id="29" c="26 27" t="1"/>
		<b id="30" c="27 28" t="1"/>
		<b id="31" c="27 29" t="1"/>
		<b id="32" c="27 30" t="1"/>
		<b id="33" c="23 31" t="1"/>
		<b id="34" c="19 31" t="1"/>
		<b id="35" c="1 32" t="1"/>
		<b id="36" c="1 33" t="1"/>
		<b id="37" c="1 34" t="1"/>
		<b id="38" c="11 35" t="1"/>
		<b id="39" c="13 36" t="1"/>
		<b id="40" c="14 37" t="1"/>
		<b id="41" c="14 38" t="1"/>
		<b id="42" c="15 39" t="1"/>
		<b id="43" c="15 40" t="1"/>
		<b id="44" c="16 41" t="1"/>
		<b id="45" c="16 42" t="1"/>
		<b id="46" c="17 43" t="1"/>
		<b id="47" c="17 44" t="1"/>
		<b id="48" c="19 45" t="1"/>
		<b id="49" c="20 46" t="1"/>
		<b id="50" c="20 47" t="1"/>
		<b id="51" c="21 48" t="1"/>
		<b id="52" c="21 49" t="1"/>
		<b id="53" c="22 50" t="1"/>
		<b id="54" c="22 51" t="1"/>
		<b id="55" c="28 52" t="1"/>
		<b id="56" c="28 53" t="1"/>
		<b id="57" c="28 54" t="1"/>
		<b id="58" c="29 55" t="1"/>
		<b id="59" c="29 56" t="1"/>
		<b id="60" c="29 57" t="1"/>
		<b id="61" c="30 58" t="1"/>
		<b id="62" c="30 59" t="1"/>
		<b id="63" c="30 60" t="1"/>
		<b id="64" c="31 61" t="1"/>
		<b id="65" c="31 62" t="1"/>
	</bonds>
	<geometry>
		<g u="A" t="cart/3d">#62,3:0.5823,-0.4866,0.1391;1.9152,0.0345,-0.0402;2.2238,1.2804,0.3383;3.4908,1.6925,0.1430;3.8258,2.9281,0.4310;5.4641,3.3209,0.1342;3.0896,3.9050,0.9071;1.8304,3.5179,1.1376;1.3289,2.2243,0.8979;0.0078,2.1841,1.2702;-0.2660,3.3786,1.6918;0.7906,4.2458,1.6379;0.6606,5.6596,1.9829;1.9604,6.4467,1.8017;2.9434,6.1979,2.9444;2.2316,6.3917,4.2792;1.0096,5.4797,4.3153;0.1061,5.7827,3.2618;3.0089,-0.7960,-0.5329;2.5981,-1.9596,-1.4424;2.0658,-3.1968,-0.7107;2.9538,-3.5609,0.4810;3.1670,-2.4016,1.3188;2.3964,-2.2211,2.4245;1.6800,-3.0874,2.8755;2.5642,-0.9900,2.9382;1.8797,-0.5978,4.1502;2.3005,-1.4982,5.3112;2.3479,0.8396,4.3841;0.3647,-0.6305,3.9474;3.8506,-1.3285,0.6430;-0.0707,0.3153,0.4765;0.5681,-1.2803,0.8870;0.1999,-0.8749,-0.8058;-1.2235,3.6852,2.0629;-0.1120,6.0721,1.3145;1.6906,7.5048,1.7791;2.4146,6.1766,0.8500;3.7845,6.8861,2.8523;3.3331,5.1821,2.8714;1.9037,7.4287,4.3783;2.8926,6.1533,5.1130;0.4287,5.6185,5.2289;1.3241,4.4281,4.2497;3.6497,-0.1157,-1.1056;3.4994,-2.2503,-1.9878;1.8712,-1.6185,-2.1814;2.0363,-4.0362,-1.4076;1.0512,-3.0329,-0.3522;3.9307,-3.9145,0.1362;2.4839,-4.3362,1.0875;3.3841,-1.4990,5.4093;1.9635,-2.5158,5.1347;1.8619,-1.1346,6.2361;3.4288,0.8696,4.4945;1.8858,1.2389,5.2823;2.0704,1.4593,3.5346;0.0393,-1.6426,3.7252;0.0802,0.0275,3.1292;-0.1295,-0.2956,4.8548;4.7977,-1.7171,0.2557;4.0600,-0.5209,1.3414;</g>
	</geometry>
	<conformers/>
	<properties/>
</molecule>
