<?xml version="1.0" ?>
<!--MOLLI PACKAGE EXPERIMENTAL XML FORMAT-->
<molecule name="el1524">
	<atoms>
		<a id="1" s="C" t="C.3" l="C"/>
		<a id="2" s="C" t="C.3" l="C"/>
		<a id="3" s="C" t="C.3" l="C"/>
		<a id="4" s="C" t="C.3" l="C"/>
		<a id="5" s="O" t="O.3" l="O"/>
		<a id="6" s="C" t="C.2" l="C"/>
		<a id="7" s="O" t="O.2" l="O"/>
		<a id="8" s="N" t="N.am" l="N"/>
		<a id="9" s="C" t="C.3" l="C"/>
		<a id="10" s="C" t="C.3" l="C"/>
		<a id="11" s="C" t="C.3" l="C"/>
		<a id="12" s="C" t="C.3" l="C"/>
		<a id="13" s="N" t="N.pl3" l="N"/>
		<a id="14" s="C" t="C.ar" l="C"/>
		<a id="15" s="N" t="N.ar" l="N"/>
		<a id="16" s="C" t="C.ar" l="C"/>
		<a id="17" s="Cl" t="Cl" l="CL"/>
		<a id="18" s="N" t="N.ar" l="N"/>
		<a id="19" s="C" t="C.ar" l="C"/>
		<a id="20" s="C" t="C.ar" l="C"/>
		<a id="21" s="N" t="N.ar" l="N"/>
		<a id="22" s="C" t="C.ar" l="C"/>
		<a id="23" s="N" t="N.ar" l="N"/>
		<a id="24" s="C" t="C.3" l="C"/>
		<a id="25" s="C" t="C.3" l="C"/>
		<a id="26" s="C" t="C.3" l="C"/>
		<a id="27" s="C" t="C.3" l="C"/>
		<a id="28" s="C" t="C.3" l="C"/>
		<a id="29" s="O" t="O.3" l="O"/>
		<a id="30" s="C" t="C.3" l="C"/>
		<a id="31" s="H" t="H" l="H"/>
		<a id="32" s="H" t="H" l="H"/>
		<a id="33" s="H" t="H" l="H"/>
		<a id="34" s="H" t="H" l="H"/>
		<a id="35" s="H" t="H" l="H"/>
		<a id="36" s="H" t="H" l="H"/>
		<a id="37" s="H" t="H" l="H"/>
		<a id="38" s="H" t="H" l="H"/>
		<a id="39" s="H" t="H" l="H"/>
		<a id="40" s="H" t="H" l="H"/>
		<a id="41" s="H" t="H" l="H"/>
		<a id="42" s="H" t="H" l="H"/>
		<a id="43" s="H" t="H" l="H"/>
		<a id="44" s="H" t="H" l="H"/>
		<a id="45" s="H" t="H" l="H"/>
		<a id="46" s="H" t="H" l="H"/>
		<a id="47" s="H" t="H" l="H"/>
		<a id="48" s="H" t="H" l="H"/>
		<a id="49" s="H" t="H" l="H"/>
		<a id="50" s="H" t="H" l="H"/>
		<a id="51" s="H" t="H" l="H"/>
		<a id="52" s="H" t="H" l="H"/>
		<a id="53" s="H" t="H" l="H"/>
		<a id="54" s="H" t="H" l="H"/>
		<a id="55" s="H" t="H" l="H"/>
		<a id="56" s="H" t="H" l="H"/>
		<a id="57" s="H" t="H" l="H"/>
		<a id="58" s="H" t="H" l="H"/>
		<a id="59" s="H" t="H" l="H"/>
	</atoms>
	<bonds>
		<b id="1" c="1 2" t="1"/>
		<b id="2" c="2 3" t="1"/>
		<b id="3" c="2 4" t="1"/>
		<b id="4" c="2 5" t="1"/>
		<b id="5" c="5 6" t="1"/>
		<b id="6" c="6 7" t="2"/>
		<b id="7" c="6 8" t="am"/>
		<b id="8" c="8 9" t="1"/>
		<b id="9" c="9 10" t="1"/>
		<b id="10" c="10 11" t="1"/>
		<b id="11" c="11 12" t="1"/>
		<b id="12" c="12 13" t="1"/>
		<b id="13" c="13 14" t="1"/>
		<b id="14" c="14 15" t="ar"/>
		<b id="15" c="15 16" t="ar"/>
		<b id="16" c="16 17" t="1"/>
		<b id="17" c="16 18" t="ar"/>
		<b id="18" c="18 19" t="ar"/>
		<b id="19" c="19 20" t="ar"/>
		<b id="20" c="14 20" t="ar"/>
		<b id="21" c="20 21" t="ar"/>
		<b id="22" c="21 22" t="ar"/>
		<b id="23" c="22 23" t="ar"/>
		<b id="24" c="19 23" t="ar"/>
		<b id="25" c="23 24" t="1"/>
		<b id="26" c="24 25" t="1"/>
		<b id="27" c="25 26" t="1"/>
		<b id="28" c="26 27" t="1"/>
		<b id="29" c="27 28" t="1"/>
		<b id="30" c="28 29" t="1"/>
		<b id="31" c="24 29" t="1"/>
		<b id="32" c="12 30" t="1"/>
		<b id="33" c="8 30" t="1"/>
		<b id="34" c="1 31" t="1"/>
		<b id="35" c="1 32" t="1"/>
		<b id="36" c="1 33" t="1"/>
		<b id="37" c="3 34" t="1"/>
		<b id="38" c="3 35" t="1"/>
		<b id="39" c="3 36" t="1"/>
		<b id="40" c="4 37" t="1"/>
		<b id="41" c="4 38" t="1"/>
		<b id="42" c="4 39" t="1"/>
		<b id="43" c="9 40" t="1"/>
		<b id="44" c="9 41" t="1"/>
		<b id="45" c="10 42" t="1"/>
		<b id="46" c="10 43" t="1"/>
		<b id="47" c="11 44" t="1"/>
		<b id="48" c="11 45" t="1"/>
		<b id="49" c="12 46" t="1"/>
		<b id="50" c="13 47" t="1"/>
		<b id="51" c="22 48" t="1"/>
		<b id="52" c="24 49" t="1"/>
		<b id="53" c="25 50" t="1"/>
		<b id="54" c="25 51" t="1"/>
		<b id="55" c="26 52" t="1"/>
		<b id="56" c="26 53" t="1"/>
		<b id="57" c="27 54" t="1"/>
		<b id="58" c="27 55" t="1"/>
		<b id="59" c="28 56" t="1"/>
		<b id="60" c="28 57" t="1"/>
		<b id="61" c="30 58" t="1"/>
		<b id="62" c="30 59" t="1"/>
	</bonds>
	<geometry>
		<g u="A" t="cart/3d">#59,3:3.8774,-1.6440,-0.1997;2.7356,-1.0398,0.6167;2.0192,0.0613,-0.1642;1.7521,-2.1307,1.0415;3.2434,-0.5245,1.8714;4.1642,0.4473,1.8874;4.6056,1.0295,0.9226;4.5285,0.7620,3.1668;5.6941,1.5982,3.3620;6.9283,0.7326,3.6220;6.6792,-0.2014,4.8053;5.4191,-1.0323,4.5625;5.1627,-1.8969,5.6861;4.6286,-3.1185,5.5826;4.3181,-3.6089,4.3772;3.8164,-4.8251,4.3025;3.4523,-5.3573,2.7212;3.5550,-5.6865,5.2596;3.8593,-5.2106,6.4733;4.3981,-3.9340,6.7074;4.6148,-3.7623,8.0488;4.2329,-4.8780,8.5896;3.7511,-5.8000,7.6981;3.2956,-7.1420,8.0524;2.2687,-7.6675,7.0461;0.9403,-6.9321,7.2055;0.4896,-7.0332,8.6606;1.5907,-6.4768,9.5576;2.8277,-7.1518,9.3688;4.2283,-0.0899,4.2912;3.4805,-2.1015,-1.1015;4.3877,-2.4056,0.3862;4.5890,-0.8716,-0.4790;1.5758,-0.3580,-1.0631;2.7232,0.8397,-0.4453;1.2331,0.5017,0.4458;1.3156,-2.5986,0.1642;0.9581,-1.7023,1.6478;2.2676,-2.8871,1.6272;5.5051,2.2588,4.2141;5.8264,2.1989,2.4615;7.7906,1.3697,3.8206;7.1373,0.1431,2.7275;6.5450,0.3907,5.7153;7.5358,-0.8617,4.9534;5.5444,-1.6791,3.6881;5.3217,-1.5521,6.6205;4.2808,-5.0882,9.6397;4.1775,-7.8017,8.0664;2.1258,-8.7304,7.2495;2.6605,-7.5439,6.0379;0.1947,-7.3688,6.5402;1.0646,-5.8830,6.9270;0.3102,-8.0790,8.9169;-0.4300,-6.4711,8.8271;1.3575,-6.6192,10.6144;1.7154,-5.4013,9.3656;4.0501,0.5431,5.1681;3.3330,-0.6719,4.0783;</g>
	</geometry>
	<conformers/>
	<properties/>
</molecule>
