<?xml version="1.0" ?>
<!--MOLLI PACKAGE EXPERIMENTAL XML FORMAT-->
<molecule name="el1533">
	<atoms>
		<a id="1" s="C" t="C.3" l="C"/>
		<a id="2" s="O" t="O.3" l="O"/>
		<a id="3" s="C" t="C.ar" l="C"/>
		<a id="4" s="C" t="C.ar" l="C"/>
		<a id="5" s="C" t="C.ar" l="C"/>
		<a id="6" s="C" t="C.ar" l="C"/>
		<a id="7" s="C" t="C.ar" l="C"/>
		<a id="8" s="C" t="C.ar" l="C"/>
		<a id="9" s="C" t="C.3" l="C"/>
		<a id="10" s="C" t="C.3" l="C"/>
		<a id="11" s="C" t="C.3" l="C"/>
		<a id="12" s="C" t="C.ar" l="C"/>
		<a id="13" s="Cl" t="Cl" l="CL"/>
		<a id="14" s="N" t="N.ar" l="N"/>
		<a id="15" s="N" t="N.ar" l="N"/>
		<a id="16" s="C" t="C.ar" l="C"/>
		<a id="17" s="C" t="C.ar" l="C"/>
		<a id="18" s="C" t="C.ar" l="C"/>
		<a id="19" s="N" t="N.ar" l="N"/>
		<a id="20" s="C" t="C.ar" l="C"/>
		<a id="21" s="N" t="N.ar" l="N"/>
		<a id="22" s="C" t="C.ar" l="C"/>
		<a id="23" s="C" t="C.3" l="C"/>
		<a id="24" s="C" t="C.ar" l="C"/>
		<a id="25" s="H" t="H" l="H"/>
		<a id="26" s="H" t="H" l="H"/>
		<a id="27" s="H" t="H" l="H"/>
		<a id="28" s="H" t="H" l="H"/>
		<a id="29" s="H" t="H" l="H"/>
		<a id="30" s="H" t="H" l="H"/>
		<a id="31" s="H" t="H" l="H"/>
		<a id="32" s="H" t="H" l="H"/>
		<a id="33" s="H" t="H" l="H"/>
		<a id="34" s="H" t="H" l="H"/>
		<a id="35" s="H" t="H" l="H"/>
		<a id="36" s="H" t="H" l="H"/>
		<a id="37" s="H" t="H" l="H"/>
		<a id="38" s="H" t="H" l="H"/>
		<a id="39" s="H" t="H" l="H"/>
		<a id="40" s="H" t="H" l="H"/>
		<a id="41" s="H" t="H" l="H"/>
		<a id="42" s="H" t="H" l="H"/>
		<a id="43" s="H" t="H" l="H"/>
	</atoms>
	<bonds>
		<b id="1" c="1 2" t="1"/>
		<b id="2" c="2 3" t="1"/>
		<b id="3" c="3 4" t="ar"/>
		<b id="4" c="4 5" t="ar"/>
		<b id="5" c="5 6" t="1"/>
		<b id="6" c="6 7" t="ar"/>
		<b id="7" c="7 8" t="ar"/>
		<b id="8" c="8 9" t="1"/>
		<b id="9" c="9 10" t="1"/>
		<b id="10" c="9 11" t="1"/>
		<b id="11" c="8 12" t="ar"/>
		<b id="12" c="12 13" t="1"/>
		<b id="13" c="12 14" t="ar"/>
		<b id="14" c="14 15" t="ar"/>
		<b id="15" c="6 15" t="ar"/>
		<b id="16" c="5 16" t="ar"/>
		<b id="17" c="16 17" t="ar"/>
		<b id="18" c="17 18" t="ar"/>
		<b id="19" c="3 18" t="ar"/>
		<b id="20" c="18 19" t="1"/>
		<b id="21" c="19 20" t="ar"/>
		<b id="22" c="20 21" t="ar"/>
		<b id="23" c="21 22" t="ar"/>
		<b id="24" c="22 23" t="1"/>
		<b id="25" c="22 24" t="ar"/>
		<b id="26" c="19 24" t="ar"/>
		<b id="27" c="1 25" t="1"/>
		<b id="28" c="1 26" t="1"/>
		<b id="29" c="1 27" t="1"/>
		<b id="30" c="4 28" t="1"/>
		<b id="31" c="7 29" t="1"/>
		<b id="32" c="9 30" t="1"/>
		<b id="33" c="10 31" t="1"/>
		<b id="34" c="10 32" t="1"/>
		<b id="35" c="10 33" t="1"/>
		<b id="36" c="11 34" t="1"/>
		<b id="37" c="11 35" t="1"/>
		<b id="38" c="11 36" t="1"/>
		<b id="39" c="16 37" t="1"/>
		<b id="40" c="17 38" t="1"/>
		<b id="41" c="20 39" t="1"/>
		<b id="42" c="23 40" t="1"/>
		<b id="43" c="23 41" t="1"/>
		<b id="44" c="23 42" t="1"/>
		<b id="45" c="24 43" t="1"/>
	</bonds>
	<geometry>
		<g u="A" t="cart/3d">#43,3:1.1933,-0.3207,-0.4417;2.2986,-0.0066,0.3738;3.0727,-1.0200,0.8398;2.8350,-2.3608,0.5885;3.6873,-3.3532,1.0737;3.3657,-4.7509,0.7772;4.3335,-5.7683,0.7627;3.9426,-7.0642,0.4891;4.8868,-8.2302,0.4035;5.2222,-8.4822,-1.0716;6.1631,-8.0303,1.2166;2.5651,-7.2142,0.2383;1.8897,-8.7575,-0.1082;1.7064,-6.2203,0.2400;2.0913,-5.0139,0.5032;4.7917,-2.9893,1.8361;5.0323,-1.6552,2.1016;4.1964,-0.6594,1.6129;4.4782,0.6808,1.8902;3.6052,1.6867,2.1755;4.2136,2.8043,2.4362;5.5510,2.5524,2.3125;6.5648,3.6216,2.5208;5.7323,1.2386,1.9860;0.7470,0.6370,-0.7040;0.4604,-0.9307,0.0942;1.5030,-0.8398,-1.3536;1.9853,-2.6806,0.0095;5.3697,-5.5309,0.9408;4.3594,-9.1092,0.7887;5.7149,-7.6123,-1.5016;4.3199,-8.6875,-1.6413;5.8877,-9.3370,-1.1590;6.7950,-7.2632,0.7748;6.7297,-8.9578,1.2353;5.9304,-7.7507,2.2418;5.4472,-3.7369,2.2540;5.8758,-1.3734,2.7132;2.5448,1.5490,2.2025;6.0714,4.5023,2.9211;7.0436,3.8855,1.5783;7.3364,3.2928,3.2148;6.6224,0.6789,1.7852;</g>
	</geometry>
	<conformers/>
	<properties/>
</molecule>
