<?xml version="1.0" ?>
<!--MOLLI PACKAGE EXPERIMENTAL XML FORMAT-->
<molecule name="el1540">
	<atoms>
		<a id="1" s="O" t="O.2" l="O"/>
		<a id="2" s="N" t="N.pl3" l="N"/>
		<a id="3" s="O" t="O.co2" l="O"/>
		<a id="4" s="C" t="C.ar" l="C"/>
		<a id="5" s="C" t="C.ar" l="C"/>
		<a id="6" s="C" t="C.ar" l="C"/>
		<a id="7" s="C" t="C.ar" l="C"/>
		<a id="8" s="C" t="C.ar" l="C"/>
		<a id="9" s="C" t="C.ar" l="C"/>
		<a id="10" s="Cl" t="Cl" l="CL"/>
		<a id="11" s="C" t="C.ar" l="C"/>
		<a id="12" s="C" t="C.ar" l="C"/>
		<a id="13" s="N" t="N.ar" l="N"/>
		<a id="14" s="C" t="C.ar" l="C"/>
		<a id="15" s="H" t="H" l="H"/>
		<a id="16" s="H" t="H" l="H"/>
		<a id="17" s="H" t="H" l="H"/>
		<a id="18" s="H" t="H" l="H"/>
		<a id="19" s="H" t="H" l="H"/>
	</atoms>
	<bonds>
		<b id="1" c="1 2" t="2"/>
		<b id="2" c="2 3" t="1"/>
		<b id="3" c="2 4" t="1"/>
		<b id="4" c="4 5" t="ar"/>
		<b id="5" c="5 6" t="ar"/>
		<b id="6" c="6 7" t="ar"/>
		<b id="7" c="7 8" t="ar"/>
		<b id="8" c="8 9" t="ar"/>
		<b id="9" c="9 10" t="1"/>
		<b id="10" c="9 11" t="ar"/>
		<b id="11" c="11 12" t="ar"/>
		<b id="12" c="12 13" t="ar"/>
		<b id="13" c="13 14" t="ar"/>
		<b id="14" c="4 14" t="ar"/>
		<b id="15" c="8 14" t="ar"/>
		<b id="16" c="5 15" t="1"/>
		<b id="17" c="6 16" t="1"/>
		<b id="18" c="7 17" t="1"/>
		<b id="19" c="11 18" t="1"/>
		<b id="20" c="12 19" t="1"/>
	</bonds>
	<geometry>
		<g u="A" t="cart/3d">#19,3:2.3024,0.4689,-1.1004;2.3308,-0.0549,-0.0062;1.8588,-1.1302,0.2660;3.0336,0.6699,1.0302;4.1479,1.3911,0.6782;4.8914,2.0627,1.6542;4.5089,2.0135,2.9684;3.3542,1.3082,3.3557;2.8813,1.2301,4.6891;3.7409,2.0230,5.9561;1.7352,0.5328,4.9699;1.0455,-0.0696,3.9033;1.4449,-0.0278,2.6664;2.5817,0.6179,2.3730;4.4483,1.4185,-0.3587;5.7731,2.6117,1.3633;5.0869,2.5179,3.7276;1.3593,0.4580,5.9771;0.1225,-0.6029,4.0840;</g>
	</geometry>
	<conformers/>
	<properties/>
</molecule>
