<?xml version="1.0" ?>
<!--MOLLI PACKAGE EXPERIMENTAL XML FORMAT-->
<molecule name="el1542">
	<atoms>
		<a id="1" s="C" t="C.3" l="C"/>
		<a id="2" s="C" t="C.3" l="C"/>
		<a id="3" s="C" t="C.ar" l="C"/>
		<a id="4" s="C" t="C.ar" l="C"/>
		<a id="5" s="N" t="N.ar" l="N"/>
		<a id="6" s="C" t="C.ar" l="C"/>
		<a id="7" s="Cl" t="Cl" l="CL"/>
		<a id="8" s="N" t="N.ar" l="N"/>
		<a id="9" s="C" t="C.ar" l="C"/>
		<a id="10" s="C" t="C.ar" l="C"/>
		<a id="11" s="C" t="C.ar" l="C"/>
		<a id="12" s="C" t="C.ar" l="C"/>
		<a id="13" s="C" t="C.ar" l="C"/>
		<a id="14" s="O" t="O.3" l="O"/>
		<a id="15" s="C" t="C.3" l="C"/>
		<a id="16" s="F" t="F" l="F"/>
		<a id="17" s="F" t="F" l="F"/>
		<a id="18" s="F" t="F" l="F"/>
		<a id="19" s="C" t="C.ar" l="C"/>
		<a id="20" s="C" t="C.ar" l="C"/>
		<a id="21" s="H" t="H" l="H"/>
		<a id="22" s="H" t="H" l="H"/>
		<a id="23" s="H" t="H" l="H"/>
		<a id="24" s="H" t="H" l="H"/>
		<a id="25" s="H" t="H" l="H"/>
		<a id="26" s="H" t="H" l="H"/>
		<a id="27" s="H" t="H" l="H"/>
		<a id="28" s="H" t="H" l="H"/>
		<a id="29" s="H" t="H" l="H"/>
		<a id="30" s="H" t="H" l="H"/>
	</atoms>
	<bonds>
		<b id="1" c="1 2" t="1"/>
		<b id="2" c="2 3" t="1"/>
		<b id="3" c="3 4" t="ar"/>
		<b id="4" c="4 5" t="ar"/>
		<b id="5" c="5 6" t="ar"/>
		<b id="6" c="6 7" t="1"/>
		<b id="7" c="6 8" t="ar"/>
		<b id="8" c="8 9" t="ar"/>
		<b id="9" c="3 9" t="ar"/>
		<b id="10" c="9 10" t="1"/>
		<b id="11" c="10 11" t="ar"/>
		<b id="12" c="11 12" t="ar"/>
		<b id="13" c="12 13" t="ar"/>
		<b id="14" c="13 14" t="1"/>
		<b id="15" c="14 15" t="1"/>
		<b id="16" c="15 16" t="1"/>
		<b id="17" c="15 17" t="1"/>
		<b id="18" c="15 18" t="1"/>
		<b id="19" c="13 19" t="ar"/>
		<b id="20" c="19 20" t="ar"/>
		<b id="21" c="10 20" t="ar"/>
		<b id="22" c="1 21" t="1"/>
		<b id="23" c="1 22" t="1"/>
		<b id="24" c="1 23" t="1"/>
		<b id="25" c="2 24" t="1"/>
		<b id="26" c="2 25" t="1"/>
		<b id="27" c="4 26" t="1"/>
		<b id="28" c="11 27" t="1"/>
		<b id="29" c="12 28" t="1"/>
		<b id="30" c="19 29" t="1"/>
		<b id="31" c="20 30" t="1"/>
	</bonds>
	<geometry>
		<g u="A" t="cart/3d">#30,3:3.7714,-0.2693,-0.7559;2.5180,-0.0632,0.0998;2.7625,1.0292,1.0956;3.4512,0.7683,2.2773;3.7986,1.7069,3.1406;3.4759,2.9422,2.8105;3.9586,4.1757,3.8828;2.8137,3.3209,1.7393;2.4333,2.3753,0.8837;1.6686,2.8570,-0.2828;2.2090,3.8501,-1.0888;1.5159,4.3346,-2.1857;0.2584,3.8260,-2.4600;-0.5428,4.2311,-3.5408;-0.1333,5.1739,-4.3644;0.9999,4.8752,-5.0279;-1.0701,5.3763,-5.2842;0.0976,6.3612,-3.7773;-0.3103,2.8534,-1.6482;0.3945,2.3699,-0.5648;3.6089,-1.0709,-1.4719;4.6250,-0.5279,-0.1317;4.0059,0.6418,-1.3036;2.2826,-0.9893,0.6280;1.6834,0.1890,-0.5536;3.7373,-0.2399,2.5488;3.1844,4.2464,-0.8553;1.9673,5.0999,-2.7963;-1.3001,2.4958,-1.8798;-0.0599,1.6342,0.0818;</g>
	</geometry>
	<conformers/>
	<properties/>
</molecule>
