<?xml version="1.0" ?>
<!--MOLLI PACKAGE EXPERIMENTAL XML FORMAT-->
<molecule name="el1543">
	<atoms>
		<a id="1" s="C" t="C.3" l="C"/>
		<a id="2" s="C" t="C.ar" l="C"/>
		<a id="3" s="C" t="C.ar" l="C"/>
		<a id="4" s="N" t="N.ar" l="N"/>
		<a id="5" s="C" t="C.ar" l="C"/>
		<a id="6" s="Cl" t="Cl" l="CL"/>
		<a id="7" s="N" t="N.ar" l="N"/>
		<a id="8" s="C" t="C.ar" l="C"/>
		<a id="9" s="C" t="C.ar" l="C"/>
		<a id="10" s="C" t="C.ar" l="C"/>
		<a id="11" s="C" t="C.ar" l="C"/>
		<a id="12" s="C" t="C.ar" l="C"/>
		<a id="13" s="C" t="C.ar" l="C"/>
		<a id="14" s="O" t="O.3" l="O"/>
		<a id="15" s="C" t="C.3" l="C"/>
		<a id="16" s="F" t="F" l="F"/>
		<a id="17" s="F" t="F" l="F"/>
		<a id="18" s="F" t="F" l="F"/>
		<a id="19" s="C" t="C.ar" l="C"/>
		<a id="20" s="H" t="H" l="H"/>
		<a id="21" s="H" t="H" l="H"/>
		<a id="22" s="H" t="H" l="H"/>
		<a id="23" s="H" t="H" l="H"/>
		<a id="24" s="H" t="H" l="H"/>
		<a id="25" s="H" t="H" l="H"/>
		<a id="26" s="H" t="H" l="H"/>
		<a id="27" s="H" t="H" l="H"/>
	</atoms>
	<bonds>
		<b id="1" c="1 2" t="1"/>
		<b id="2" c="2 3" t="ar"/>
		<b id="3" c="3 4" t="ar"/>
		<b id="4" c="4 5" t="ar"/>
		<b id="5" c="5 6" t="1"/>
		<b id="6" c="5 7" t="ar"/>
		<b id="7" c="7 8" t="ar"/>
		<b id="8" c="2 8" t="ar"/>
		<b id="9" c="8 9" t="1"/>
		<b id="10" c="9 10" t="ar"/>
		<b id="11" c="10 11" t="ar"/>
		<b id="12" c="11 12" t="ar"/>
		<b id="13" c="12 13" t="ar"/>
		<b id="14" c="13 14" t="1"/>
		<b id="15" c="14 15" t="1"/>
		<b id="16" c="15 16" t="1"/>
		<b id="17" c="15 17" t="1"/>
		<b id="18" c="15 18" t="1"/>
		<b id="19" c="13 19" t="ar"/>
		<b id="20" c="9 19" t="ar"/>
		<b id="21" c="1 20" t="1"/>
		<b id="22" c="1 21" t="1"/>
		<b id="23" c="1 22" t="1"/>
		<b id="24" c="3 23" t="1"/>
		<b id="25" c="10 24" t="1"/>
		<b id="26" c="11 25" t="1"/>
		<b id="27" c="12 26" t="1"/>
		<b id="28" c="19 27" t="1"/>
	</bonds>
	<geometry>
		<g u="A" t="cart/3d">#27,3:5.4266,2.1648,-0.9484;4.4793,1.0915,-0.5217;4.8908,-0.2398,-0.5031;4.1264,-1.2371,-0.0964;2.9241,-0.9019,0.3305;1.9325,-2.1647,0.9034;2.4128,0.3069,0.3613;3.1648,1.3145,-0.0815;2.5155,2.6344,-0.0221;1.7041,2.9329,1.0726;1.0807,4.1603,1.1606;1.2366,5.1129,0.1627;2.0227,4.8001,-0.9315;2.2439,5.6619,-2.0224;1.8299,6.9112,-1.9823;2.2965,7.6125,-0.9334;2.2471,7.5365,-3.0778;0.4930,7.0538,-1.9432;2.6615,3.5737,-1.0344;6.4484,1.8647,-0.7252;5.2109,3.1020,-0.4416;5.3590,2.3294,-2.0234;5.8848,-0.5208,-0.8276;1.5752,2.1888,1.8422;0.4588,4.3907,2.0114;0.7384,6.0646,0.2541;3.2303,3.3681,-1.9249;</g>
	</geometry>
	<conformers/>
	<properties/>
</molecule>
