<?xml version="1.0" ?>
<!--MOLLI PACKAGE EXPERIMENTAL XML FORMAT-->
<molecule name="el1547">
	<atoms>
		<a id="1" s="C" t="C.3" l="C"/>
		<a id="2" s="N" t="N.pl3" l="N"/>
		<a id="3" s="C" t="C.ar" l="C"/>
		<a id="4" s="N" t="N.ar" l="N"/>
		<a id="5" s="C" t="C.ar" l="C"/>
		<a id="6" s="Cl" t="Cl" l="CL"/>
		<a id="7" s="N" t="N.ar" l="N"/>
		<a id="8" s="C" t="C.ar" l="C"/>
		<a id="9" s="C" t="C.ar" l="C"/>
		<a id="10" s="C" t="C.3" l="C"/>
		<a id="11" s="F" t="F" l="F"/>
		<a id="12" s="F" t="F" l="F"/>
		<a id="13" s="F" t="F" l="F"/>
		<a id="14" s="H" t="H" l="H"/>
		<a id="15" s="H" t="H" l="H"/>
		<a id="16" s="H" t="H" l="H"/>
		<a id="17" s="H" t="H" l="H"/>
		<a id="18" s="H" t="H" l="H"/>
	</atoms>
	<bonds>
		<b id="1" c="1 2" t="1"/>
		<b id="2" c="2 3" t="1"/>
		<b id="3" c="3 4" t="ar"/>
		<b id="4" c="4 5" t="ar"/>
		<b id="5" c="5 6" t="1"/>
		<b id="6" c="5 7" t="ar"/>
		<b id="7" c="7 8" t="ar"/>
		<b id="8" c="8 9" t="ar"/>
		<b id="9" c="3 9" t="ar"/>
		<b id="10" c="9 10" t="1"/>
		<b id="11" c="10 11" t="1"/>
		<b id="12" c="10 12" t="1"/>
		<b id="13" c="10 13" t="1"/>
		<b id="14" c="1 14" t="1"/>
		<b id="15" c="1 15" t="1"/>
		<b id="16" c="1 16" t="1"/>
		<b id="17" c="2 17" t="1"/>
		<b id="18" c="8 18" t="1"/>
	</bonds>
	<geometry>
		<g u="A" t="cart/3d">#18,3:1.0694,-0.1733,-0.4959;2.3060,-0.1083,0.2422;3.0177,-1.1834,0.5795;2.5399,-2.3874,0.2387;3.2387,-3.4440,0.5792;2.5860,-4.9452,0.1275;4.3872,-3.4768,1.2298;4.8841,-2.3003,1.5798;4.2514,-1.1068,1.2881;4.8239,0.2088,1.6950;5.0268,1.0307,0.6403;4.0001,0.8960,2.5175;5.9932,0.1064,2.3261;0.2853,0.3572,0.0453;0.7966,-1.2195,-0.6081;1.1913,0.2793,-1.4817;2.6537,0.8101,0.4693;5.8249,-2.3240,2.1123;</g>
	</geometry>
	<conformers/>
	<properties/>
</molecule>
