<?xml version="1.0" ?>
<!--MOLLI PACKAGE EXPERIMENTAL XML FORMAT-->
<molecule name="el1235">
	<atoms>
		<a id="1" s="C" t="C.3" l="C"/>
		<a id="2" s="C" t="C.3" l="C"/>
		<a id="3" s="C" t="C.3" l="C"/>
		<a id="4" s="O" t="O.3" l="O"/>
		<a id="5" s="C" t="C.2" l="C"/>
		<a id="6" s="O" t="O.2" l="O"/>
		<a id="7" s="C" t="C.ar" l="C"/>
		<a id="8" s="N" t="N.ar" l="N"/>
		<a id="9" s="C" t="C.ar" l="C"/>
		<a id="10" s="C" t="C.ar" l="C"/>
		<a id="11" s="C" t="C.ar" l="C"/>
		<a id="12" s="Br" t="Br" l="BR"/>
		<a id="13" s="C" t="C.ar" l="C"/>
		<a id="14" s="C" t="C.ar" l="C"/>
		<a id="15" s="C" t="C.ar" l="C"/>
		<a id="16" s="C" t="C.ar" l="C"/>
		<a id="17" s="C" t="C.3" l="C"/>
		<a id="18" s="O" t="O.3" l="O"/>
		<a id="19" s="C" t="C.3" l="C"/>
		<a id="20" s="C" t="C.ar" l="C"/>
		<a id="21" s="C" t="C.ar" l="C"/>
		<a id="22" s="C" t="C.ar" l="C"/>
		<a id="23" s="C" t="C.ar" l="C"/>
		<a id="24" s="C" t="C.3" l="C"/>
		<a id="25" s="F" t="F" l="F"/>
		<a id="26" s="F" t="F" l="F"/>
		<a id="27" s="F" t="F" l="F"/>
		<a id="28" s="C" t="C.ar" l="C"/>
		<a id="29" s="C" t="C.ar" l="C"/>
		<a id="30" s="H" t="H" l="H"/>
		<a id="31" s="H" t="H" l="H"/>
		<a id="32" s="H" t="H" l="H"/>
		<a id="33" s="H" t="H" l="H"/>
		<a id="34" s="H" t="H" l="H"/>
		<a id="35" s="H" t="H" l="H"/>
		<a id="36" s="H" t="H" l="H"/>
		<a id="37" s="H" t="H" l="H"/>
		<a id="38" s="H" t="H" l="H"/>
		<a id="39" s="H" t="H" l="H"/>
		<a id="40" s="H" t="H" l="H"/>
		<a id="41" s="H" t="H" l="H"/>
		<a id="42" s="H" t="H" l="H"/>
		<a id="43" s="H" t="H" l="H"/>
		<a id="44" s="H" t="H" l="H"/>
		<a id="45" s="H" t="H" l="H"/>
		<a id="46" s="H" t="H" l="H"/>
		<a id="47" s="H" t="H" l="H"/>
		<a id="48" s="H" t="H" l="H"/>
	</atoms>
	<bonds>
		<b id="1" c="1 2" t="1"/>
		<b id="2" c="2 3" t="1"/>
		<b id="3" c="2 4" t="1"/>
		<b id="4" c="4 5" t="1"/>
		<b id="5" c="5 6" t="2"/>
		<b id="6" c="5 7" t="1"/>
		<b id="7" c="7 8" t="ar"/>
		<b id="8" c="8 9" t="ar"/>
		<b id="9" c="9 10" t="ar"/>
		<b id="10" c="10 11" t="ar"/>
		<b id="11" c="11 12" t="1"/>
		<b id="12" c="11 13" t="ar"/>
		<b id="13" c="13 14" t="ar"/>
		<b id="14" c="14 15" t="ar"/>
		<b id="15" c="9 15" t="ar"/>
		<b id="16" c="15 16" t="ar"/>
		<b id="17" c="7 16" t="ar"/>
		<b id="18" c="16 17" t="1"/>
		<b id="19" c="17 18" t="1"/>
		<b id="20" c="18 19" t="1"/>
		<b id="21" c="19 20" t="1"/>
		<b id="22" c="20 21" t="ar"/>
		<b id="23" c="21 22" t="ar"/>
		<b id="24" c="22 23" t="ar"/>
		<b id="25" c="23 24" t="1"/>
		<b id="26" c="24 25" t="1"/>
		<b id="27" c="24 26" t="1"/>
		<b id="28" c="24 27" t="1"/>
		<b id="29" c="23 28" t="ar"/>
		<b id="30" c="28 29" t="ar"/>
		<b id="31" c="20 29" t="ar"/>
		<b id="32" c="1 30" t="1"/>
		<b id="33" c="1 31" t="1"/>
		<b id="34" c="1 32" t="1"/>
		<b id="35" c="2 33" t="1"/>
		<b id="36" c="3 34" t="1"/>
		<b id="37" c="3 35" t="1"/>
		<b id="38" c="3 36" t="1"/>
		<b id="39" c="8 37" t="1"/>
		<b id="40" c="10 38" t="1"/>
		<b id="41" c="13 39" t="1"/>
		<b id="42" c="14 40" t="1"/>
		<b id="43" c="17 41" t="1"/>
		<b id="44" c="17 42" t="1"/>
		<b id="45" c="19 43" t="1"/>
		<b id="46" c="19 44" t="1"/>
		<b id="47" c="21 45" t="1"/>
		<b id="48" c="22 46" t="1"/>
		<b id="49" c="28 47" t="1"/>
		<b id="50" c="29 48" t="1"/>
	</bonds>
	<geometry>
		<g u="A" t="cart/3d">#48,3:3.4184,-0.1454,-1.9779;2.7636,-0.3871,-0.6221;1.2859,-0.7274,-0.7467;3.3986,-1.4999,0.0307;4.5171,-1.2486,0.7312;5.0138,-0.1532,0.8408;5.0401,-2.4781,1.3255;4.4372,-3.6921,1.0989;5.1295,-4.6610,1.7465;4.9091,-6.0332,1.8089;5.8001,-6.7681,2.5578;5.5588,-8.6527,2.6812;6.8809,-6.1899,3.2342;7.0966,-4.8352,3.1687;6.2201,-4.0455,2.4183;6.1475,-2.6551,2.1323;7.0434,-1.5741,2.6350;6.3070,-0.7771,3.5371;6.9513,0.4238,3.8972;5.9209,1.3599,4.4656;6.0531,1.9136,5.7304;5.0858,2.7705,6.2260;3.9766,3.0690,5.4487;2.8969,3.9712,5.9704;3.2652,4.6774,7.0493;2.4856,4.8671,5.0546;1.7922,3.2854,6.3324;3.8306,2.5138,4.1820;4.8045,1.6660,3.6940;2.9288,0.6841,-2.4795;3.3351,-1.0353,-2.5981;4.4702,0.0970,-1.8460;2.9031,0.4969,0.0132;1.1569,-1.6045,-1.3761;0.7539,0.1081,-1.1917;0.8618,-0.9341,0.2326;3.6048,-3.8065,0.5450;4.0821,-6.5000,1.2972;7.5403,-6.8234,3.8068;7.9279,-4.3895,3.6917;7.3849,-0.9563,1.7891;7.9251,-2.0068,3.1322;7.4014,0.8874,3.0043;7.7541,0.2292,4.6256;6.9152,1.6775,6.3358;5.1896,3.2038,7.2089;2.9621,2.7570,3.5886;4.7150,1.2261,2.7128;</g>
	</geometry>
	<conformers/>
	<properties/>
</molecule>
