<?xml version="1.0" ?>
<!--MOLLI PACKAGE EXPERIMENTAL XML FORMAT-->
<molecule name="el1554">
	<atoms>
		<a id="1" s="C" t="C.3" l="C"/>
		<a id="2" s="C" t="C.3" l="C"/>
		<a id="3" s="C" t="C.3" l="C"/>
		<a id="4" s="O" t="O.3" l="O"/>
		<a id="5" s="C" t="C.3" l="C"/>
		<a id="6" s="C" t="C.3" l="C"/>
		<a id="7" s="C" t="C.3" l="C"/>
		<a id="8" s="O" t="O.3" l="O"/>
		<a id="9" s="C" t="C.3" l="C"/>
		<a id="10" s="C" t="C.3" l="C"/>
		<a id="11" s="N" t="N.pl3" l="N"/>
		<a id="12" s="C" t="C.ar" l="C"/>
		<a id="13" s="C" t="C.ar" l="C"/>
		<a id="14" s="C" t="C.ar" l="C"/>
		<a id="15" s="Cl" t="Cl" l="CL"/>
		<a id="16" s="N" t="N.ar" l="N"/>
		<a id="17" s="C" t="C.ar" l="C"/>
		<a id="18" s="C" t="C.ar" l="C"/>
		<a id="19" s="C" t="C.ar" l="C"/>
		<a id="20" s="N" t="N.ar" l="N"/>
		<a id="21" s="C" t="C.ar" l="C"/>
		<a id="22" s="C" t="C.ar" l="C"/>
		<a id="23" s="C" t="C.ar" l="C"/>
		<a id="24" s="C" t="C.ar" l="C"/>
		<a id="25" s="C" t="C.ar" l="C"/>
		<a id="26" s="C" t="C.ar" l="C"/>
		<a id="27" s="S" t="S.2" l="S"/>
		<a id="28" s="C" t="C.3" l="C"/>
		<a id="29" s="O" t="O.3" l="O"/>
		<a id="30" s="H" t="H" l="H"/>
		<a id="31" s="H" t="H" l="H"/>
		<a id="32" s="H" t="H" l="H"/>
		<a id="33" s="H" t="H" l="H"/>
		<a id="34" s="H" t="H" l="H"/>
		<a id="35" s="H" t="H" l="H"/>
		<a id="36" s="H" t="H" l="H"/>
		<a id="37" s="H" t="H" l="H"/>
		<a id="38" s="H" t="H" l="H"/>
		<a id="39" s="H" t="H" l="H"/>
		<a id="40" s="H" t="H" l="H"/>
		<a id="41" s="H" t="H" l="H"/>
		<a id="42" s="H" t="H" l="H"/>
		<a id="43" s="H" t="H" l="H"/>
		<a id="44" s="H" t="H" l="H"/>
		<a id="45" s="H" t="H" l="H"/>
		<a id="46" s="H" t="H" l="H"/>
		<a id="47" s="H" t="H" l="H"/>
		<a id="48" s="H" t="H" l="H"/>
		<a id="49" s="H" t="H" l="H"/>
		<a id="50" s="H" t="H" l="H"/>
		<a id="51" s="H" t="H" l="H"/>
	</atoms>
	<bonds>
		<b id="1" c="1 2" t="1"/>
		<b id="2" c="2 3" t="1"/>
		<b id="3" c="2 4" t="1"/>
		<b id="4" c="4 5" t="1"/>
		<b id="5" c="5 6" t="1"/>
		<b id="6" c="6 7" t="1"/>
		<b id="7" c="7 8" t="1"/>
		<b id="8" c="6 9" t="1"/>
		<b id="9" c="9 10" t="1"/>
		<b id="10" c="11 12" t="1"/>
		<b id="11" c="12 13" t="ar"/>
		<b id="12" c="13 14" t="ar"/>
		<b id="13" c="14 15" t="1"/>
		<b id="14" c="14 16" t="ar"/>
		<b id="15" c="16 17" t="ar"/>
		<b id="16" c="17 18" t="ar"/>
		<b id="17" c="12 18" t="ar"/>
		<b id="18" c="18 19" t="1"/>
		<b id="19" c="19 20" t="ar"/>
		<b id="20" c="20 21" t="ar"/>
		<b id="21" c="21 22" t="ar"/>
		<b id="22" c="22 23" t="ar"/>
		<b id="23" c="23 24" t="ar"/>
		<b id="24" c="24 25" t="ar"/>
		<b id="25" c="25 26" t="ar"/>
		<b id="26" c="21 26" t="ar"/>
		<b id="27" c="26 27" t="ar"/>
		<b id="28" c="19 27" t="ar"/>
		<b id="29" c="10 28" t="1"/>
		<b id="30" c="5 28" t="1"/>
		<b id="31" c="28 29" t="1"/>
		<b id="32" c="2 29" t="1"/>
		<b id="33" c="10 11" t="1"/>
		<b id="34" c="1 30" t="1"/>
		<b id="35" c="1 31" t="1"/>
		<b id="36" c="1 32" t="1"/>
		<b id="37" c="3 33" t="1"/>
		<b id="38" c="3 34" t="1"/>
		<b id="39" c="3 35" t="1"/>
		<b id="40" c="5 36" t="1"/>
		<b id="41" c="6 37" t="1"/>
		<b id="42" c="7 38" t="1"/>
		<b id="43" c="7 39" t="1"/>
		<b id="44" c="8 40" t="1"/>
		<b id="45" c="9 41" t="1"/>
		<b id="46" c="9 42" t="1"/>
		<b id="47" c="10 43" t="1"/>
		<b id="48" c="11 44" t="1"/>
		<b id="49" c="13 45" t="1"/>
		<b id="50" c="17 46" t="1"/>
		<b id="51" c="22 47" t="1"/>
		<b id="52" c="23 48" t="1"/>
		<b id="53" c="24 49" t="1"/>
		<b id="54" c="25 50" t="1"/>
		<b id="55" c="28 51" t="1"/>
	</bonds>
	<geometry>
		<g u="A" t="cart/3d">#51,3:-2.0918,-0.5374,-0.7711;-1.4325,0.0668,0.4725;-2.4892,0.5236,1.4834;-0.6207,1.1630,0.0863;0.7006,0.9827,0.5410;1.7010,1.1382,-0.6134;3.0431,1.6979,-0.1404;3.5719,0.9097,0.9075;1.7917,-0.2651,-1.2279;1.5452,-1.2647,-0.0895;2.8050,-1.7589,0.3993;2.9323,-2.8081,1.2462;1.8298,-3.5688,1.6657;2.0434,-4.6339,2.5144;0.7046,-5.5686,3.0493;3.2244,-5.0047,2.9809;4.2666,-4.3055,2.5893;4.2097,-3.2112,1.7214;5.4642,-2.6067,1.3528;6.5546,-2.8130,1.9978;7.6381,-2.2205,1.4355;8.9436,-2.2768,1.9187;9.9382,-1.6205,1.2267;9.6571,-0.9073,0.0626;8.3708,-0.8368,-0.4364;7.3675,-1.4954,0.2522;5.6731,-1.5971,-0.1131;0.7514,-0.4837,0.9961;-0.5877,-0.8865,1.0983;-2.7113,0.2136,-1.2509;-2.7013,-1.3871,-0.4800;-1.3295,-0.8684,-1.4711;-3.1394,1.2603,1.0225;-1.9986,0.9682,2.3452;-3.0710,-0.3326,1.8093;0.9083,1.6866,1.3567;1.2924,1.8498,-1.3343;2.8933,2.7293,0.2065;3.7401,1.7156,-0.9898;4.4082,1.2910,1.1954;2.7573,-0.4461,-1.6976;1.0161,-0.3714,-1.9853;0.9474,-2.1133,-0.4333;3.4941,-1.0202,0.4882;0.8278,-3.3119,1.3685;5.2251,-4.6262,2.9705;9.1478,-2.8333,2.8190;10.9544,-1.6584,1.5895;10.4561,-0.4031,-0.4597;8.1502,-0.2886,-1.3394;1.2279,-0.6128,1.9727;</g>
	</geometry>
	<conformers/>
	<properties/>
</molecule>
