<?xml version="1.0" ?>
<!--MOLLI PACKAGE EXPERIMENTAL XML FORMAT-->
<molecule name="el1557">
	<atoms>
		<a id="1" s="F" t="F" l="F"/>
		<a id="2" s="C" t="C.ar" l="C"/>
		<a id="3" s="C" t="C.ar" l="C"/>
		<a id="4" s="N" t="N.ar" l="N"/>
		<a id="5" s="C" t="C.ar" l="C"/>
		<a id="6" s="Cl" t="Cl" l="CL"/>
		<a id="7" s="N" t="N.ar" l="N"/>
		<a id="8" s="C" t="C.ar" l="C"/>
		<a id="9" s="C" t="C.ar" l="C"/>
		<a id="10" s="C" t="C.ar" l="C"/>
		<a id="11" s="C" t="C.ar" l="C"/>
		<a id="12" s="C" t="C.ar" l="C"/>
		<a id="13" s="O" t="O.3" l="O"/>
		<a id="14" s="C" t="C.3" l="C"/>
		<a id="15" s="F" t="F" l="F"/>
		<a id="16" s="F" t="F" l="F"/>
		<a id="17" s="F" t="F" l="F"/>
		<a id="18" s="C" t="C.ar" l="C"/>
		<a id="19" s="C" t="C.ar" l="C"/>
		<a id="20" s="H" t="H" l="H"/>
		<a id="21" s="H" t="H" l="H"/>
		<a id="22" s="H" t="H" l="H"/>
		<a id="23" s="H" t="H" l="H"/>
		<a id="24" s="H" t="H" l="H"/>
	</atoms>
	<bonds>
		<b id="1" c="1 2" t="1"/>
		<b id="2" c="2 3" t="ar"/>
		<b id="3" c="3 4" t="ar"/>
		<b id="4" c="4 5" t="ar"/>
		<b id="5" c="5 6" t="1"/>
		<b id="6" c="5 7" t="ar"/>
		<b id="7" c="7 8" t="ar"/>
		<b id="8" c="2 8" t="ar"/>
		<b id="9" c="8 9" t="1"/>
		<b id="10" c="9 10" t="ar"/>
		<b id="11" c="10 11" t="ar"/>
		<b id="12" c="11 12" t="ar"/>
		<b id="13" c="12 13" t="1"/>
		<b id="14" c="13 14" t="1"/>
		<b id="15" c="14 15" t="1"/>
		<b id="16" c="14 16" t="1"/>
		<b id="17" c="14 17" t="1"/>
		<b id="18" c="12 18" t="ar"/>
		<b id="19" c="18 19" t="ar"/>
		<b id="20" c="9 19" t="ar"/>
		<b id="21" c="3 20" t="1"/>
		<b id="22" c="10 21" t="1"/>
		<b id="23" c="11 22" t="1"/>
		<b id="24" c="18 23" t="1"/>
		<b id="25" c="19 24" t="1"/>
	</bonds>
	<geometry>
		<g u="A" t="cart/3d">#24,3:4.9391,1.7231,-1.4867;4.2203,0.8207,-0.7992;4.6905,-0.4811,-0.7140;4.0416,-1.4087,-0.0342;2.9307,-1.0164,0.5656;2.0914,-2.1928,1.4589;2.4066,0.1886,0.5453;3.0245,1.1498,-0.1432;2.3959,2.4724,-0.1233;1.4830,2.7522,0.8937;0.8628,3.9839,0.9812;1.1541,4.9494,0.0305;0.6000,6.2357,0.0113;-0.2247,6.6302,0.9625;0.3026,6.5937,2.1980;-0.5742,7.8894,0.7297;-1.3629,5.9184,1.0348;2.0442,4.6836,-1.0024;2.6632,3.4537,-1.0799;5.6082,-0.7806,-1.2005;1.2688,1.9853,1.6204;0.1675,4.1668,1.7847;2.2370,5.4529,-1.7318;3.3402,3.2654,-1.8964;</g>
	</geometry>
	<conformers/>
	<properties/>
</molecule>
