<?xml version="1.0" ?>
<!--MOLLI PACKAGE EXPERIMENTAL XML FORMAT-->
<molecule name="el1559">
	<atoms>
		<a id="1" s="N" t="N.1" l="N"/>
		<a id="2" s="C" t="C.1" l="C"/>
		<a id="3" s="C" t="C.ar" l="C"/>
		<a id="4" s="C" t="C.ar" l="C"/>
		<a id="5" s="C" t="C.ar" l="C"/>
		<a id="6" s="C" t="C.ar" l="C"/>
		<a id="7" s="N" t="N.pl3" l="N"/>
		<a id="8" s="C" t="C.ar" l="C"/>
		<a id="9" s="N" t="N.ar" l="N"/>
		<a id="10" s="C" t="C.ar" l="C"/>
		<a id="11" s="Cl" t="Cl" l="CL"/>
		<a id="12" s="C" t="C.ar" l="C"/>
		<a id="13" s="C" t="C.ar" l="C"/>
		<a id="14" s="C" t="C.ar" l="C"/>
		<a id="15" s="F" t="F" l="F"/>
		<a id="16" s="C" t="C.ar" l="C"/>
		<a id="17" s="C" t="C.ar" l="C"/>
		<a id="18" s="H" t="H" l="H"/>
		<a id="19" s="H" t="H" l="H"/>
		<a id="20" s="H" t="H" l="H"/>
		<a id="21" s="H" t="H" l="H"/>
		<a id="22" s="H" t="H" l="H"/>
		<a id="23" s="H" t="H" l="H"/>
		<a id="24" s="H" t="H" l="H"/>
	</atoms>
	<bonds>
		<b id="1" c="1 2" t="3"/>
		<b id="2" c="2 3" t="1"/>
		<b id="3" c="3 4" t="ar"/>
		<b id="4" c="4 5" t="ar"/>
		<b id="5" c="5 6" t="ar"/>
		<b id="6" c="6 7" t="1"/>
		<b id="7" c="7 8" t="1"/>
		<b id="8" c="8 9" t="ar"/>
		<b id="9" c="9 10" t="ar"/>
		<b id="10" c="10 11" t="1"/>
		<b id="11" c="10 12" t="ar"/>
		<b id="12" c="12 13" t="ar"/>
		<b id="13" c="13 14" t="ar"/>
		<b id="14" c="8 14" t="ar"/>
		<b id="15" c="14 15" t="1"/>
		<b id="16" c="6 16" t="ar"/>
		<b id="17" c="16 17" t="ar"/>
		<b id="18" c="3 17" t="ar"/>
		<b id="19" c="4 18" t="1"/>
		<b id="20" c="5 19" t="1"/>
		<b id="21" c="7 20" t="1"/>
		<b id="22" c="12 21" t="1"/>
		<b id="23" c="13 22" t="1"/>
		<b id="24" c="16 23" t="1"/>
		<b id="25" c="17 24" t="1"/>
	</bonds>
	<geometry>
		<g u="A" t="cart/3d">#24,3:-3.0820,-0.0651,0.0043;-1.9353,-0.0434,-0.0117;-0.5242,-0.0213,-0.0373;0.2025,-1.0859,0.5000;1.5783,-1.0616,0.4671;2.2600,0.0193,-0.1017;3.6441,-0.0324,-0.1001;4.5648,0.8369,-0.5984;4.2002,1.9545,-1.2157;5.1256,2.7669,-1.6877;4.5305,4.1767,-2.4673;6.4889,2.5491,-1.5909;6.8984,1.3853,-0.9478;5.9365,0.5371,-0.4564;6.2876,-0.6094,0.1760;1.5318,1.0837,-0.6345;0.1538,1.0610,-0.6008;-0.3195,-1.9235,0.9380;2.1390,-1.8868,0.8835;4.0389,-0.8568,0.3363;7.1979,3.2495,-1.9962;7.9427,1.1431,-0.8315;2.0565,1.9160,-1.0700;-0.4098,1.8846,-1.0128;</g>
	</geometry>
	<conformers/>
	<properties/>
</molecule>
