<?xml version="1.0" ?>
<!--MOLLI PACKAGE EXPERIMENTAL XML FORMAT-->
<molecule name="el1562">
	<atoms>
		<a id="1" s="C" t="C.3" l="C"/>
		<a id="2" s="C" t="C.ar" l="C"/>
		<a id="3" s="C" t="C.ar" l="C"/>
		<a id="4" s="C" t="C.ar" l="C"/>
		<a id="5" s="Cl" t="Cl" l="CL"/>
		<a id="6" s="N" t="N.ar" l="N"/>
		<a id="7" s="C" t="C.ar" l="C"/>
		<a id="8" s="C" t="C.3" l="C"/>
		<a id="9" s="C" t="C.3" l="C"/>
		<a id="10" s="C" t="C.3" l="C"/>
		<a id="11" s="C" t="C.3" l="C"/>
		<a id="12" s="N" t="N.am" l="N"/>
		<a id="13" s="C" t="C.2" l="C"/>
		<a id="14" s="O" t="O.2" l="O"/>
		<a id="15" s="O" t="O.3" l="O"/>
		<a id="16" s="C" t="C.3" l="C"/>
		<a id="17" s="C" t="C.3" l="C"/>
		<a id="18" s="C" t="C.3" l="C"/>
		<a id="19" s="C" t="C.3" l="C"/>
		<a id="20" s="C" t="C.3" l="C"/>
		<a id="21" s="C" t="C.3" l="C"/>
		<a id="22" s="N" t="N.ar" l="N"/>
		<a id="23" s="H" t="H" l="H"/>
		<a id="24" s="H" t="H" l="H"/>
		<a id="25" s="H" t="H" l="H"/>
		<a id="26" s="H" t="H" l="H"/>
		<a id="27" s="H" t="H" l="H"/>
		<a id="28" s="H" t="H" l="H"/>
		<a id="29" s="H" t="H" l="H"/>
		<a id="30" s="H" t="H" l="H"/>
		<a id="31" s="H" t="H" l="H"/>
		<a id="32" s="H" t="H" l="H"/>
		<a id="33" s="H" t="H" l="H"/>
		<a id="34" s="H" t="H" l="H"/>
		<a id="35" s="H" t="H" l="H"/>
		<a id="36" s="H" t="H" l="H"/>
		<a id="37" s="H" t="H" l="H"/>
		<a id="38" s="H" t="H" l="H"/>
		<a id="39" s="H" t="H" l="H"/>
		<a id="40" s="H" t="H" l="H"/>
		<a id="41" s="H" t="H" l="H"/>
		<a id="42" s="H" t="H" l="H"/>
		<a id="43" s="H" t="H" l="H"/>
		<a id="44" s="H" t="H" l="H"/>
		<a id="45" s="H" t="H" l="H"/>
		<a id="46" s="H" t="H" l="H"/>
	</atoms>
	<bonds>
		<b id="1" c="1 2" t="1"/>
		<b id="2" c="2 3" t="ar"/>
		<b id="3" c="3 4" t="ar"/>
		<b id="4" c="4 5" t="1"/>
		<b id="5" c="4 6" t="ar"/>
		<b id="6" c="6 7" t="ar"/>
		<b id="7" c="7 8" t="1"/>
		<b id="8" c="8 9" t="1"/>
		<b id="9" c="9 10" t="1"/>
		<b id="10" c="10 11" t="1"/>
		<b id="11" c="11 12" t="1"/>
		<b id="12" c="12 13" t="am"/>
		<b id="13" c="13 14" t="2"/>
		<b id="14" c="13 15" t="1"/>
		<b id="15" c="15 16" t="1"/>
		<b id="16" c="16 17" t="1"/>
		<b id="17" c="16 18" t="1"/>
		<b id="18" c="16 19" t="1"/>
		<b id="19" c="12 20" t="1"/>
		<b id="20" c="20 21" t="1"/>
		<b id="21" c="9 21" t="1"/>
		<b id="22" c="7 22" t="ar"/>
		<b id="23" c="2 22" t="ar"/>
		<b id="24" c="1 23" t="1"/>
		<b id="25" c="1 24" t="1"/>
		<b id="26" c="1 25" t="1"/>
		<b id="27" c="3 26" t="1"/>
		<b id="28" c="8 27" t="1"/>
		<b id="29" c="8 28" t="1"/>
		<b id="30" c="9 29" t="1"/>
		<b id="31" c="10 30" t="1"/>
		<b id="32" c="10 31" t="1"/>
		<b id="33" c="11 32" t="1"/>
		<b id="34" c="11 33" t="1"/>
		<b id="35" c="17 34" t="1"/>
		<b id="36" c="17 35" t="1"/>
		<b id="37" c="17 36" t="1"/>
		<b id="38" c="18 37" t="1"/>
		<b id="39" c="18 38" t="1"/>
		<b id="40" c="18 39" t="1"/>
		<b id="41" c="19 40" t="1"/>
		<b id="42" c="19 41" t="1"/>
		<b id="43" c="19 42" t="1"/>
		<b id="44" c="20 43" t="1"/>
		<b id="45" c="20 44" t="1"/>
		<b id="46" c="21 45" t="1"/>
		<b id="47" c="21 46" t="1"/>
	</bonds>
	<geometry>
		<g u="A" t="cart/3d">#46,3:2.3809,2.6701,-3.7033;3.1340,3.3517,-2.6106;3.2739,4.7382,-2.5734;4.0125,5.2392,-1.5136;4.2612,6.9328,-1.3468;4.5557,4.4743,-0.5900;4.3682,3.1645,-0.7062;5.0145,2.2904,0.3161;6.4675,1.9767,-0.0913;6.5472,1.1513,-1.3797;6.0837,-0.2885,-1.1614;6.8222,-0.9012,-0.0793;7.6937,-1.9033,-0.3438;7.8045,-2.4105,-1.4386;8.3793,-2.2653,0.7594;9.3022,-3.3769,0.7095;10.4373,-3.0876,-0.2729;9.8444,-3.4699,2.1375;8.5662,-4.6631,0.3345;6.7262,-0.2017,1.1802;7.2151,1.2398,1.0256;3.6806,2.5833,-1.6761;1.4223,3.1564,-3.8680;2.2287,1.6263,-3.4466;2.9511,2.7250,-4.6298;2.8363,5.3798,-3.3188;4.4341,1.3751,0.4078;5.0263,2.8218,1.2678;6.9623,2.9397,-0.2615;7.5839,1.1356,-1.7227;5.9354,1.6058,-2.1589;6.2571,-0.8849,-2.0582;5.0157,-0.3117,-0.9238;10.9322,-2.1554,-0.0078;10.0434,-3.0031,-1.2817;11.1637,-3.8948,-0.2414;10.3381,-2.5408,2.4104;10.5574,-4.2855,2.2108;9.0297,-3.6462,2.8351;8.1779,-4.5887,-0.6774;7.7366,-4.8306,1.0184;9.2485,-5.5065,0.3922;7.3253,-0.7267,1.9228;5.6795,-0.2130,1.5044;8.2785,1.2191,0.7780;7.0980,1.7674,1.9731;</g>
	</geometry>
	<conformers/>
	<properties/>
</molecule>
