<?xml version="1.0" ?>
<!--MOLLI PACKAGE EXPERIMENTAL XML FORMAT-->
<molecule name="el1563">
	<atoms>
		<a id="1" s="N" t="N.pl3" l="N"/>
		<a id="2" s="C" t="C.ar" l="C"/>
		<a id="3" s="C" t="C.ar" l="C"/>
		<a id="4" s="Cl" t="Cl" l="CL"/>
		<a id="5" s="C" t="C.ar" l="C"/>
		<a id="6" s="N" t="N.ar" l="N"/>
		<a id="7" s="C" t="C.ar" l="C"/>
		<a id="8" s="C" t="C.ar" l="C"/>
		<a id="9" s="O" t="O.3" l="O"/>
		<a id="10" s="C" t="C.3" l="C"/>
		<a id="11" s="O" t="O.3" l="O"/>
		<a id="12" s="H" t="H" l="H"/>
		<a id="13" s="H" t="H" l="H"/>
		<a id="14" s="H" t="H" l="H"/>
		<a id="15" s="H" t="H" l="H"/>
		<a id="16" s="H" t="H" l="H"/>
	</atoms>
	<bonds>
		<b id="1" c="1 2" t="1"/>
		<b id="2" c="2 3" t="ar"/>
		<b id="3" c="3 4" t="1"/>
		<b id="4" c="3 5" t="ar"/>
		<b id="5" c="5 6" t="ar"/>
		<b id="6" c="6 7" t="ar"/>
		<b id="7" c="7 8" t="ar"/>
		<b id="8" c="2 8" t="ar"/>
		<b id="9" c="8 9" t="1"/>
		<b id="10" c="9 10" t="1"/>
		<b id="11" c="10 11" t="1"/>
		<b id="12" c="7 11" t="1"/>
		<b id="13" c="1 12" t="1"/>
		<b id="14" c="1 13" t="1"/>
		<b id="15" c="5 14" t="1"/>
		<b id="16" c="10 15" t="1"/>
		<b id="17" c="10 16" t="1"/>
	</bonds>
	<geometry>
		<g u="A" t="cart/3d">#16,3:1.0204,0.0137,-0.2030;2.3740,0.1030,-0.1159;3.2251,-1.0280,-0.1021;2.4935,-2.5978,-0.1109;4.5976,-0.9048,-0.0749;5.2388,0.2645,-0.0585;4.4631,1.3197,-0.0685;3.0707,1.2998,-0.0950;2.5868,2.5913,-0.0863;3.7373,3.4136,-0.0701;4.8962,2.6066,-0.0480;0.6074,-0.8827,-0.0044;0.4859,0.8396,0.0012;5.2323,-1.7776,-0.0627;3.7190,4.0532,0.8261;3.7488,4.0473,-0.9709;</g>
	</geometry>
	<conformers/>
	<properties/>
</molecule>
