<?xml version="1.0" ?>
<!--MOLLI PACKAGE EXPERIMENTAL XML FORMAT-->
<molecule name="el1565">
	<atoms>
		<a id="1" s="C" t="C.3" l="C"/>
		<a id="2" s="C" t="C.3" l="C"/>
		<a id="3" s="C" t="C.3" l="C"/>
		<a id="4" s="N" t="N.ar" l="N"/>
		<a id="5" s="N" t="N.ar" l="N"/>
		<a id="6" s="C" t="C.ar" l="C"/>
		<a id="7" s="N" t="N.pl3" l="N"/>
		<a id="8" s="C" t="C.3" l="C"/>
		<a id="9" s="C" t="C.3" l="C"/>
		<a id="10" s="C" t="C.3" l="C"/>
		<a id="11" s="O" t="O.3" l="O"/>
		<a id="12" s="C" t="C.3" l="C"/>
		<a id="13" s="C" t="C.3" l="C"/>
		<a id="14" s="C" t="C.ar" l="C"/>
		<a id="15" s="C" t="C.ar" l="C"/>
		<a id="16" s="N" t="N.ar" l="N"/>
		<a id="17" s="C" t="C.ar" l="C"/>
		<a id="18" s="Cl" t="Cl" l="CL"/>
		<a id="19" s="C" t="C.ar" l="C"/>
		<a id="20" s="C" t="C.ar" l="C"/>
		<a id="21" s="H" t="H" l="H"/>
		<a id="22" s="H" t="H" l="H"/>
		<a id="23" s="H" t="H" l="H"/>
		<a id="24" s="H" t="H" l="H"/>
		<a id="25" s="H" t="H" l="H"/>
		<a id="26" s="H" t="H" l="H"/>
		<a id="27" s="H" t="H" l="H"/>
		<a id="28" s="H" t="H" l="H"/>
		<a id="29" s="H" t="H" l="H"/>
		<a id="30" s="H" t="H" l="H"/>
		<a id="31" s="H" t="H" l="H"/>
		<a id="32" s="H" t="H" l="H"/>
		<a id="33" s="H" t="H" l="H"/>
		<a id="34" s="H" t="H" l="H"/>
		<a id="35" s="H" t="H" l="H"/>
		<a id="36" s="H" t="H" l="H"/>
		<a id="37" s="H" t="H" l="H"/>
		<a id="38" s="H" t="H" l="H"/>
		<a id="39" s="H" t="H" l="H"/>
	</atoms>
	<bonds>
		<b id="1" c="1 2" t="1"/>
		<b id="2" c="2 3" t="1"/>
		<b id="3" c="2 4" t="1"/>
		<b id="4" c="4 5" t="ar"/>
		<b id="5" c="5 6" t="ar"/>
		<b id="6" c="6 7" t="1"/>
		<b id="7" c="7 8" t="1"/>
		<b id="8" c="8 9" t="1"/>
		<b id="9" c="9 10" t="1"/>
		<b id="10" c="10 11" t="1"/>
		<b id="11" c="10 12" t="1"/>
		<b id="12" c="12 13" t="1"/>
		<b id="13" c="7 13" t="1"/>
		<b id="14" c="6 14" t="ar"/>
		<b id="15" c="14 15" t="ar"/>
		<b id="16" c="15 16" t="ar"/>
		<b id="17" c="16 17" t="ar"/>
		<b id="18" c="17 18" t="1"/>
		<b id="19" c="17 19" t="ar"/>
		<b id="20" c="19 20" t="ar"/>
		<b id="21" c="14 20" t="ar"/>
		<b id="22" c="4 20" t="ar"/>
		<b id="23" c="1 21" t="1"/>
		<b id="24" c="1 22" t="1"/>
		<b id="25" c="1 23" t="1"/>
		<b id="26" c="2 24" t="1"/>
		<b id="27" c="3 25" t="1"/>
		<b id="28" c="3 26" t="1"/>
		<b id="29" c="3 27" t="1"/>
		<b id="30" c="8 28" t="1"/>
		<b id="31" c="8 29" t="1"/>
		<b id="32" c="9 30" t="1"/>
		<b id="33" c="9 31" t="1"/>
		<b id="34" c="10 32" t="1"/>
		<b id="35" c="11 33" t="1"/>
		<b id="36" c="12 34" t="1"/>
		<b id="37" c="12 35" t="1"/>
		<b id="38" c="13 36" t="1"/>
		<b id="39" c="13 37" t="1"/>
		<b id="40" c="15 38" t="1"/>
		<b id="41" c="19 39" t="1"/>
	</bonds>
	<geometry>
		<g u="A" t="cart/3d">#39,3:4.2990,0.6727,0.2686;3.0387,-0.0906,-0.1291;1.8030,0.8083,-0.0807;3.1969,-0.6219,-1.4628;3.5598,0.2029,-2.4761;3.5496,-0.4884,-3.5992;3.7858,0.1379,-4.7903;4.4784,1.4106,-4.7279;5.9960,1.2022,-4.7148;6.4613,0.3676,-5.9191;6.4423,1.1088,-7.1175;5.6275,-0.9209,-6.0242;4.1299,-0.6024,-5.9818;3.1697,-1.8518,-3.3279;3.0049,-3.0602,-3.9983;2.6377,-4.1610,-3.3808;2.4140,-4.1314,-2.0714;1.9267,-5.6342,-1.3816;2.5462,-3.0272,-1.2613;2.9425,-1.8591,-1.9159;4.1852,1.0879,1.2658;4.4710,1.4795,-0.4382;5.1624,0.0117,0.2600;2.8982,-0.9470,0.5386;1.9281,1.6348,-0.7755;1.6642,1.2040,0.9214;0.9145,0.2473,-0.3621;4.1597,1.9245,-3.8220;4.1742,2.0042,-5.5966;6.2692,0.6804,-3.7966;6.5048,2.1667,-4.7296;7.5167,0.1020,-5.7882;5.5403,1.4039,-7.2850;5.8787,-1.5762,-5.1884;5.8751,-1.4338,-6.9544;3.5367,-1.5123,-6.0353;3.8531,0.0191,-6.8419;3.1711,-3.1834,-5.0591;2.3564,-3.0758,-0.2026;</g>
	</geometry>
	<conformers/>
	<properties/>
</molecule>
