<?xml version="1.0" ?>
<!--MOLLI PACKAGE EXPERIMENTAL XML FORMAT-->
<molecule name="el1566">
	<atoms>
		<a id="1" s="C" t="C.3" l="C"/>
		<a id="2" s="C" t="C.3" l="C"/>
		<a id="3" s="C" t="C.3" l="C"/>
		<a id="4" s="N" t="N.ar" l="N"/>
		<a id="5" s="N" t="N.ar" l="N"/>
		<a id="6" s="C" t="C.ar" l="C"/>
		<a id="7" s="N" t="N.pl3" l="N"/>
		<a id="8" s="C" t="C.3" l="C"/>
		<a id="9" s="C" t="C.3" l="C"/>
		<a id="10" s="C" t="C.3" l="C"/>
		<a id="11" s="C" t="C.3" l="C"/>
		<a id="12" s="C" t="C.3" l="C"/>
		<a id="13" s="O" t="O.3" l="O"/>
		<a id="14" s="C" t="C.3" l="C"/>
		<a id="15" s="C" t="C.ar" l="C"/>
		<a id="16" s="C" t="C.ar" l="C"/>
		<a id="17" s="N" t="N.ar" l="N"/>
		<a id="18" s="C" t="C.ar" l="C"/>
		<a id="19" s="Cl" t="Cl" l="CL"/>
		<a id="20" s="C" t="C.ar" l="C"/>
		<a id="21" s="C" t="C.ar" l="C"/>
		<a id="22" s="H" t="H" l="H"/>
		<a id="23" s="H" t="H" l="H"/>
		<a id="24" s="H" t="H" l="H"/>
		<a id="25" s="H" t="H" l="H"/>
		<a id="26" s="H" t="H" l="H"/>
		<a id="27" s="H" t="H" l="H"/>
		<a id="28" s="H" t="H" l="H"/>
		<a id="29" s="H" t="H" l="H"/>
		<a id="30" s="H" t="H" l="H"/>
		<a id="31" s="H" t="H" l="H"/>
		<a id="32" s="H" t="H" l="H"/>
		<a id="33" s="H" t="H" l="H"/>
		<a id="34" s="H" t="H" l="H"/>
		<a id="35" s="H" t="H" l="H"/>
		<a id="36" s="H" t="H" l="H"/>
		<a id="37" s="H" t="H" l="H"/>
		<a id="38" s="H" t="H" l="H"/>
		<a id="39" s="H" t="H" l="H"/>
		<a id="40" s="H" t="H" l="H"/>
		<a id="41" s="H" t="H" l="H"/>
		<a id="42" s="H" t="H" l="H"/>
	</atoms>
	<bonds>
		<b id="1" c="1 2" t="1"/>
		<b id="2" c="2 3" t="1"/>
		<b id="3" c="2 4" t="1"/>
		<b id="4" c="4 5" t="ar"/>
		<b id="5" c="5 6" t="ar"/>
		<b id="6" c="6 7" t="1"/>
		<b id="7" c="7 8" t="1"/>
		<b id="8" c="8 9" t="1"/>
		<b id="9" c="9 10" t="1"/>
		<b id="10" c="10 11" t="1"/>
		<b id="11" c="10 12" t="1"/>
		<b id="12" c="10 13" t="1"/>
		<b id="13" c="9 14" t="1"/>
		<b id="14" c="7 14" t="1"/>
		<b id="15" c="6 15" t="ar"/>
		<b id="16" c="15 16" t="ar"/>
		<b id="17" c="16 17" t="ar"/>
		<b id="18" c="17 18" t="ar"/>
		<b id="19" c="18 19" t="1"/>
		<b id="20" c="18 20" t="ar"/>
		<b id="21" c="20 21" t="ar"/>
		<b id="22" c="15 21" t="ar"/>
		<b id="23" c="4 21" t="ar"/>
		<b id="24" c="1 22" t="1"/>
		<b id="25" c="1 23" t="1"/>
		<b id="26" c="1 24" t="1"/>
		<b id="27" c="2 25" t="1"/>
		<b id="28" c="3 26" t="1"/>
		<b id="29" c="3 27" t="1"/>
		<b id="30" c="3 28" t="1"/>
		<b id="31" c="8 29" t="1"/>
		<b id="32" c="8 30" t="1"/>
		<b id="33" c="9 31" t="1"/>
		<b id="34" c="11 32" t="1"/>
		<b id="35" c="11 33" t="1"/>
		<b id="36" c="11 34" t="1"/>
		<b id="37" c="12 35" t="1"/>
		<b id="38" c="12 36" t="1"/>
		<b id="39" c="12 37" t="1"/>
		<b id="40" c="13 38" t="1"/>
		<b id="41" c="14 39" t="1"/>
		<b id="42" c="14 40" t="1"/>
		<b id="43" c="16 41" t="1"/>
		<b id="44" c="20 42" t="1"/>
	</bonds>
	<geometry>
		<g u="A" t="cart/3d">#42,3:3.8755,0.2449,0.8467;2.6314,0.0392,-0.0198;1.4628,0.8860,0.4719;2.9294,0.3749,-1.3930;2.9077,1.6708,-1.8093;3.2688,1.6895,-3.0755;3.2773,2.8234,-3.8173;3.3068,4.1598,-3.2399;4.3428,4.5805,-4.2998;5.7104,5.0779,-3.7906;6.4058,4.0772,-2.8593;6.6107,5.3863,-4.9884;5.5135,6.3119,-3.1171;4.2541,3.1465,-4.8509;3.5722,0.3622,-3.5283;3.9906,-0.2588,-4.6966;4.1855,-1.5587,-4.7534;3.9696,-2.2917,-3.6654;4.2655,-3.9794,-3.8610;3.5462,-1.8246,-2.4400;3.3400,-0.4449,-2.3762;3.6698,-0.0440,1.8736;4.1680,1.2918,0.8270;4.7019,-0.3563,0.4735;2.3512,-1.0205,-0.0087;1.7188,1.9385,0.3928;1.2386,0.6459,1.5072;0.5791,0.7005,-0.1332;3.6292,4.1721,-2.1958;2.3376,4.6574,-3.3137;3.9557,5.3330,-4.9883;6.7820,3.2227,-3.4139;5.7372,3.7185,-2.0798;7.2499,4.5730,-2.3851;6.7235,4.5075,-5.6164;7.5873,5.7075,-4.6386;6.1755,6.1919,-5.5729;4.9731,6.1570,-2.3346;5.1734,2.5598,-4.7987;3.8326,3.0644,-5.8556;4.1709,0.2856,-5.6130;3.3932,-2.4870,-1.6051;</g>
	</geometry>
	<conformers/>
	<properties/>
</molecule>
