<?xml version="1.0" ?>
<!--MOLLI PACKAGE EXPERIMENTAL XML FORMAT-->
<molecule name="el1570">
	<atoms>
		<a id="1" s="C" t="C.3" l="C"/>
		<a id="2" s="C" t="C.3" l="C"/>
		<a id="3" s="C" t="C.3" l="C"/>
		<a id="4" s="C" t="C.3" l="C"/>
		<a id="5" s="O" t="O.3" l="O"/>
		<a id="6" s="C" t="C.2" l="C"/>
		<a id="7" s="O" t="O.2" l="O"/>
		<a id="8" s="N" t="N.am" l="N"/>
		<a id="9" s="C" t="C.3" l="C"/>
		<a id="10" s="C" t="C.3" l="C"/>
		<a id="11" s="C" t="C.3" l="C"/>
		<a id="12" s="N" t="N.am" l="N"/>
		<a id="13" s="C" t="C.2" l="C"/>
		<a id="14" s="O" t="O.2" l="O"/>
		<a id="15" s="C" t="C.ar" l="C"/>
		<a id="16" s="C" t="C.ar" l="C"/>
		<a id="17" s="C" t="C.ar" l="C"/>
		<a id="18" s="C" t="C.ar" l="C"/>
		<a id="19" s="C" t="C.ar" l="C"/>
		<a id="20" s="C" t="C.ar" l="C"/>
		<a id="21" s="C" t="C.3" l="C"/>
		<a id="22" s="C" t="C.3" l="C"/>
		<a id="23" s="O" t="O.3" l="O"/>
		<a id="24" s="C" t="C.ar" l="C"/>
		<a id="25" s="C" t="C.ar" l="C"/>
		<a id="26" s="C" t="C.ar" l="C"/>
		<a id="27" s="N" t="N.ar" l="N"/>
		<a id="28" s="C" t="C.ar" l="C"/>
		<a id="29" s="Cl" t="Cl" l="CL"/>
		<a id="30" s="N" t="N.ar" l="N"/>
		<a id="31" s="H" t="H" l="H"/>
		<a id="32" s="H" t="H" l="H"/>
		<a id="33" s="H" t="H" l="H"/>
		<a id="34" s="H" t="H" l="H"/>
		<a id="35" s="H" t="H" l="H"/>
		<a id="36" s="H" t="H" l="H"/>
		<a id="37" s="H" t="H" l="H"/>
		<a id="38" s="H" t="H" l="H"/>
		<a id="39" s="H" t="H" l="H"/>
		<a id="40" s="H" t="H" l="H"/>
		<a id="41" s="H" t="H" l="H"/>
		<a id="42" s="H" t="H" l="H"/>
		<a id="43" s="H" t="H" l="H"/>
		<a id="44" s="H" t="H" l="H"/>
		<a id="45" s="H" t="H" l="H"/>
		<a id="46" s="H" t="H" l="H"/>
		<a id="47" s="H" t="H" l="H"/>
		<a id="48" s="H" t="H" l="H"/>
		<a id="49" s="H" t="H" l="H"/>
		<a id="50" s="H" t="H" l="H"/>
		<a id="51" s="H" t="H" l="H"/>
		<a id="52" s="H" t="H" l="H"/>
		<a id="53" s="H" t="H" l="H"/>
		<a id="54" s="H" t="H" l="H"/>
		<a id="55" s="H" t="H" l="H"/>
	</atoms>
	<bonds>
		<b id="1" c="1 2" t="1"/>
		<b id="2" c="2 3" t="1"/>
		<b id="3" c="2 4" t="1"/>
		<b id="4" c="2 5" t="1"/>
		<b id="5" c="5 6" t="1"/>
		<b id="6" c="6 7" t="2"/>
		<b id="7" c="6 8" t="am"/>
		<b id="8" c="8 9" t="1"/>
		<b id="9" c="9 10" t="1"/>
		<b id="10" c="10 11" t="1"/>
		<b id="11" c="11 12" t="1"/>
		<b id="12" c="12 13" t="am"/>
		<b id="13" c="13 14" t="2"/>
		<b id="14" c="13 15" t="1"/>
		<b id="15" c="15 16" t="ar"/>
		<b id="16" c="16 17" t="ar"/>
		<b id="17" c="17 18" t="ar"/>
		<b id="18" c="18 19" t="ar"/>
		<b id="19" c="19 20" t="ar"/>
		<b id="20" c="15 20" t="ar"/>
		<b id="21" c="19 21" t="1"/>
		<b id="22" c="21 22" t="1"/>
		<b id="23" c="22 23" t="1"/>
		<b id="24" c="18 23" t="1"/>
		<b id="25" c="12 24" t="1"/>
		<b id="26" c="24 25" t="ar"/>
		<b id="27" c="25 26" t="ar"/>
		<b id="28" c="26 27" t="ar"/>
		<b id="29" c="27 28" t="ar"/>
		<b id="30" c="28 29" t="1"/>
		<b id="31" c="28 30" t="ar"/>
		<b id="32" c="24 30" t="ar"/>
		<b id="33" c="1 31" t="1"/>
		<b id="34" c="1 32" t="1"/>
		<b id="35" c="1 33" t="1"/>
		<b id="36" c="3 34" t="1"/>
		<b id="37" c="3 35" t="1"/>
		<b id="38" c="3 36" t="1"/>
		<b id="39" c="4 37" t="1"/>
		<b id="40" c="4 38" t="1"/>
		<b id="41" c="4 39" t="1"/>
		<b id="42" c="8 40" t="1"/>
		<b id="43" c="9 41" t="1"/>
		<b id="44" c="9 42" t="1"/>
		<b id="45" c="10 43" t="1"/>
		<b id="46" c="10 44" t="1"/>
		<b id="47" c="11 45" t="1"/>
		<b id="48" c="11 46" t="1"/>
		<b id="49" c="16 47" t="1"/>
		<b id="50" c="17 48" t="1"/>
		<b id="51" c="20 49" t="1"/>
		<b id="52" c="21 50" t="1"/>
		<b id="53" c="21 51" t="1"/>
		<b id="54" c="22 52" t="1"/>
		<b id="55" c="22 53" t="1"/>
		<b id="56" c="25 54" t="1"/>
		<b id="57" c="26 55" t="1"/>
	</bonds>
	<geometry>
		<g u="A" t="cart/3d">#55,3:3.5478,1.2702,-0.0058;3.2470,-0.1513,0.4691;3.9356,-0.4391,1.8030;1.7367,-0.3674,0.5856;3.6591,-1.1129,-0.5316;4.9435,-1.1751,-0.9378;5.8675,-0.5240,-0.5162;5.0438,-2.1073,-1.9172;6.2362,-2.3206,-2.6950;6.5812,-3.8077,-2.7989;7.4525,-4.0738,-4.0271;7.8285,-5.4781,-4.1309;6.8880,-6.3419,-4.6897;5.7192,-6.0255,-4.7444;7.4090,-7.5835,-5.3045;6.6225,-8.7345,-5.2703;7.0290,-9.9061,-5.8829;8.2339,-9.8932,-6.5647;9.0163,-8.7364,-6.6348;8.6187,-7.5818,-6.0087;10.2301,-9.0432,-7.4612;9.9875,-10.5191,-7.8427;8.7668,-10.9389,-7.2262;9.0163,-5.8778,-3.5719;9.2436,-7.1731,-3.0753;10.4823,-7.4133,-2.5220;11.4326,-6.4865,-2.4520;11.1108,-5.3051,-2.9305;12.3087,-4.0927,-2.8519;9.9675,-4.9483,-3.4722;3.1408,1.9863,0.7030;3.0958,1.4419,-0.9805;4.6208,1.4195,-0.0852;3.5684,0.2491,2.5583;5.0103,-0.3142,1.7010;3.7277,-1.4582,2.1197;1.3215,0.2998,1.3352;1.5301,-1.3949,0.8710;1.2585,-0.1710,-0.3705;4.1930,-2.5659,-2.2044;7.0361,-1.7611,-2.2051;6.0978,-1.9105,-3.7058;5.6564,-4.3813,-2.9025;7.0961,-4.1420,-1.8972;8.3730,-3.4913,-3.9841;6.8925,-3.8171,-4.9300;5.6815,-8.6970,-4.7412;6.4297,-10.8009,-5.8446;9.2136,-6.6831,-6.0797;11.1482,-8.9178,-6.8849;10.2924,-8.4019,-8.3406;10.7849,-11.1786,-7.4891;9.8761,-10.6539,-8.9227;8.4799,-7.9299,-3.0981;10.7408,-8.3751,-2.1022;</g>
	</geometry>
	<conformers/>
	<properties/>
</molecule>
