<?xml version="1.0" ?>
<!--MOLLI PACKAGE EXPERIMENTAL XML FORMAT-->
<molecule name="el1571">
	<atoms>
		<a id="1" s="F" t="F" l="F"/>
		<a id="2" s="C" t="C.ar" l="C"/>
		<a id="3" s="C" t="C.ar" l="C"/>
		<a id="4" s="N" t="N.ar" l="N"/>
		<a id="5" s="C" t="C.ar" l="C"/>
		<a id="6" s="Cl" t="Cl" l="CL"/>
		<a id="7" s="N" t="N.ar" l="N"/>
		<a id="8" s="C" t="C.ar" l="C"/>
		<a id="9" s="N" t="N.pl3" l="N"/>
		<a id="10" s="C" t="C.ar" l="C"/>
		<a id="11" s="C" t="C.ar" l="C"/>
		<a id="12" s="F" t="F" l="F"/>
		<a id="13" s="C" t="C.ar" l="C"/>
		<a id="14" s="C" t="C.ar" l="C"/>
		<a id="15" s="C" t="C.ar" l="C"/>
		<a id="16" s="C" t="C.ar" l="C"/>
		<a id="17" s="F" t="F" l="F"/>
		<a id="18" s="H" t="H" l="H"/>
		<a id="19" s="H" t="H" l="H"/>
		<a id="20" s="H" t="H" l="H"/>
		<a id="21" s="H" t="H" l="H"/>
		<a id="22" s="H" t="H" l="H"/>
	</atoms>
	<bonds>
		<b id="1" c="1 2" t="1"/>
		<b id="2" c="2 3" t="ar"/>
		<b id="3" c="3 4" t="ar"/>
		<b id="4" c="4 5" t="ar"/>
		<b id="5" c="5 6" t="1"/>
		<b id="6" c="5 7" t="ar"/>
		<b id="7" c="7 8" t="ar"/>
		<b id="8" c="2 8" t="ar"/>
		<b id="9" c="8 9" t="1"/>
		<b id="10" c="9 10" t="1"/>
		<b id="11" c="10 11" t="ar"/>
		<b id="12" c="11 12" t="1"/>
		<b id="13" c="11 13" t="ar"/>
		<b id="14" c="13 14" t="ar"/>
		<b id="15" c="14 15" t="ar"/>
		<b id="16" c="15 16" t="ar"/>
		<b id="17" c="10 16" t="ar"/>
		<b id="18" c="16 17" t="1"/>
		<b id="19" c="3 18" t="1"/>
		<b id="20" c="9 19" t="1"/>
		<b id="21" c="13 20" t="1"/>
		<b id="22" c="14 21" t="1"/>
		<b id="23" c="15 22" t="1"/>
	</bonds>
	<geometry>
		<g u="A" t="cart/3d">#22,3:4.9163,2.1248,0.6658;4.2609,1.0019,0.2995;4.9052,-0.2021,0.1527;4.2440,-1.2965,-0.2153;2.9554,-1.1527,-0.4390;2.1066,-2.5371,-0.9325;2.2420,-0.0489,-0.3348;2.8717,1.0549,0.0546;2.1796,2.2112,0.1916;0.7999,2.3348,0.0276;-0.1220,1.4405,0.5745;0.3091,0.4389,1.3541;-1.4831,1.5913,0.3806;-1.9601,2.6665,-0.3478;-1.0799,3.5997,-0.8702;0.2735,3.4183,-0.6776;1.1466,4.3197,-1.1774;5.9651,-0.3107,0.3310;2.7161,3.0690,0.2142;-2.1518,0.8683,0.8189;-3.0206,2.7864,-0.4982;-1.4247,4.4553,-1.4275;</g>
	</geometry>
	<conformers/>
	<properties/>
</molecule>
