<?xml version="1.0" ?>
<!--MOLLI PACKAGE EXPERIMENTAL XML FORMAT-->
<molecule name="el1573">
	<atoms>
		<a id="1" s="C" t="C.3" l="C"/>
		<a id="2" s="O" t="O.3" l="O"/>
		<a id="3" s="C" t="C.ar" l="C"/>
		<a id="4" s="C" t="C.ar" l="C"/>
		<a id="5" s="C" t="C.ar" l="C"/>
		<a id="6" s="C" t="C.ar" l="C"/>
		<a id="7" s="C" t="C.3" l="C"/>
		<a id="8" s="N" t="N.ar" l="N"/>
		<a id="9" s="C" t="C.ar" l="C"/>
		<a id="10" s="C" t="C.ar" l="C"/>
		<a id="11" s="C" t="C.ar" l="C"/>
		<a id="12" s="C" t="C.ar" l="C"/>
		<a id="13" s="C" t="C.ar" l="C"/>
		<a id="14" s="C" t="C.ar" l="C"/>
		<a id="15" s="C" t="C.3" l="C"/>
		<a id="16" s="F" t="F" l="F"/>
		<a id="17" s="F" t="F" l="F"/>
		<a id="18" s="F" t="F" l="F"/>
		<a id="19" s="C" t="C.ar" l="C"/>
		<a id="20" s="N" t="N.ar" l="N"/>
		<a id="21" s="C" t="C.ar" l="C"/>
		<a id="22" s="C" t="C.ar" l="C"/>
		<a id="23" s="N" t="N.ar" l="N"/>
		<a id="24" s="C" t="C.ar" l="C"/>
		<a id="25" s="Cl" t="Cl" l="CL"/>
		<a id="26" s="C" t="C.ar" l="C"/>
		<a id="27" s="C" t="C.ar" l="C"/>
		<a id="28" s="C" t="C.ar" l="C"/>
		<a id="29" s="C" t="C.ar" l="C"/>
		<a id="30" s="H" t="H" l="H"/>
		<a id="31" s="H" t="H" l="H"/>
		<a id="32" s="H" t="H" l="H"/>
		<a id="33" s="H" t="H" l="H"/>
		<a id="34" s="H" t="H" l="H"/>
		<a id="35" s="H" t="H" l="H"/>
		<a id="36" s="H" t="H" l="H"/>
		<a id="37" s="H" t="H" l="H"/>
		<a id="38" s="H" t="H" l="H"/>
		<a id="39" s="H" t="H" l="H"/>
		<a id="40" s="H" t="H" l="H"/>
		<a id="41" s="H" t="H" l="H"/>
		<a id="42" s="H" t="H" l="H"/>
		<a id="43" s="H" t="H" l="H"/>
		<a id="44" s="H" t="H" l="H"/>
	</atoms>
	<bonds>
		<b id="1" c="1 2" t="1"/>
		<b id="2" c="2 3" t="1"/>
		<b id="3" c="3 4" t="ar"/>
		<b id="4" c="4 5" t="ar"/>
		<b id="5" c="5 6" t="ar"/>
		<b id="6" c="6 7" t="1"/>
		<b id="7" c="7 8" t="1"/>
		<b id="8" c="8 9" t="ar"/>
		<b id="9" c="9 10" t="1"/>
		<b id="10" c="10 11" t="ar"/>
		<b id="11" c="11 12" t="ar"/>
		<b id="12" c="12 13" t="ar"/>
		<b id="13" c="13 14" t="ar"/>
		<b id="14" c="14 15" t="1"/>
		<b id="15" c="15 16" t="1"/>
		<b id="16" c="15 17" t="1"/>
		<b id="17" c="15 18" t="1"/>
		<b id="18" c="14 19" t="ar"/>
		<b id="19" c="10 19" t="ar"/>
		<b id="20" c="9 20" t="ar"/>
		<b id="21" c="20 21" t="ar"/>
		<b id="22" c="21 22" t="ar"/>
		<b id="23" c="22 23" t="ar"/>
		<b id="24" c="23 24" t="ar"/>
		<b id="25" c="24 25" t="1"/>
		<b id="26" c="24 26" t="ar"/>
		<b id="27" c="26 27" t="ar"/>
		<b id="28" c="21 27" t="ar"/>
		<b id="29" c="8 27" t="ar"/>
		<b id="30" c="6 28" t="ar"/>
		<b id="31" c="28 29" t="ar"/>
		<b id="32" c="3 29" t="ar"/>
		<b id="33" c="1 30" t="1"/>
		<b id="34" c="1 31" t="1"/>
		<b id="35" c="1 32" t="1"/>
		<b id="36" c="4 33" t="1"/>
		<b id="37" c="5 34" t="1"/>
		<b id="38" c="7 35" t="1"/>
		<b id="39" c="7 36" t="1"/>
		<b id="40" c="11 37" t="1"/>
		<b id="41" c="12 38" t="1"/>
		<b id="42" c="13 39" t="1"/>
		<b id="43" c="19 40" t="1"/>
		<b id="44" c="22 41" t="1"/>
		<b id="45" c="26 42" t="1"/>
		<b id="46" c="28 43" t="1"/>
		<b id="47" c="29 44" t="1"/>
	</bonds>
	<geometry>
		<g u="A" t="cart/3d">#44,3:11.3244,6.1868,-2.9089;10.4504,5.2266,-3.4542;9.1796,5.1608,-2.9836;8.6439,5.9883,-2.0030;7.3287,5.8255,-1.5999;6.5232,4.8492,-2.1632;5.0905,4.6403,-1.7230;4.4884,5.8092,-1.1390;3.7160,6.7773,-1.7463;3.4415,6.8366,-3.1760;4.4049,6.5331,-4.1367;4.0990,6.6218,-5.4830;2.8383,7.0170,-5.8942;1.8854,7.3401,-4.9364;0.5172,7.8087,-5.3490;0.2450,7.5667,-6.6398;-0.4600,7.2204,-4.6388;0.3626,9.1339,-5.1734;2.1788,7.2604,-3.5849;3.2379,7.6529,-0.9037;3.7113,7.2914,0.3240;3.5564,7.8448,1.5904;4.1335,7.2949,2.6375;4.8688,6.2028,2.4892;5.5733,5.5924,3.9375;5.1090,5.5418,1.2962;4.5045,6.1209,0.1906;7.0622,4.0246,-3.1477;8.3693,4.1740,-3.5522;12.2724,6.0486,-3.4260;11.4719,6.0307,-1.8359;10.9627,7.2048,-3.0837;9.2361,6.7613,-1.5400;6.9378,6.4806,-0.8345;5.0579,3.8417,-0.9715;4.4835,4.3219,-2.5765;5.4045,6.2575,-3.8374;4.8523,6.3860,-6.2186;2.5957,7.0808,-6.9435;1.4426,7.5209,-2.8410;2.9691,8.7327,1.7684;5.7278,4.6610,1.2490;6.4479,3.2581,-3.5964;8.7939,3.5377,-4.3124;</g>
	</geometry>
	<conformers/>
	<properties/>
</molecule>
