<?xml version="1.0" ?>
<!--MOLLI PACKAGE EXPERIMENTAL XML FORMAT-->
<molecule name="el1577">
	<atoms>
		<a id="1" s="C" t="C.3" l="C"/>
		<a id="2" s="C" t="C.3" l="C"/>
		<a id="3" s="C" t="C.ar" l="C"/>
		<a id="4" s="C" t="C.ar" l="C"/>
		<a id="5" s="C" t="C.ar" l="C"/>
		<a id="6" s="C" t="C.ar" l="C"/>
		<a id="7" s="C" t="C.ar" l="C"/>
		<a id="8" s="C" t="C.ar" l="C"/>
		<a id="9" s="C" t="C.ar" l="C"/>
		<a id="10" s="Cl" t="Cl" l="CL"/>
		<a id="11" s="C" t="C.ar" l="C"/>
		<a id="12" s="C" t="C.ar" l="C"/>
		<a id="13" s="C" t="C.ar" l="C"/>
		<a id="14" s="O" t="O.3" l="O"/>
		<a id="15" s="C" t="C.3" l="C"/>
		<a id="16" s="C" t="C.ar" l="C"/>
		<a id="17" s="O" t="O.3" l="O"/>
		<a id="18" s="C" t="C.3" l="C"/>
		<a id="19" s="C" t="C.3" l="C"/>
		<a id="20" s="C" t="C.3" l="C"/>
		<a id="21" s="N" t="N.3" l="N"/>
		<a id="22" s="C" t="C.3" l="C"/>
		<a id="23" s="C" t="C.3" l="C"/>
		<a id="24" s="O" t="O.3" l="O"/>
		<a id="25" s="C" t="C.3" l="C"/>
		<a id="26" s="C" t="C.3" l="C"/>
		<a id="27" s="C" t="C.ar" l="C"/>
		<a id="28" s="C" t="C.ar" l="C"/>
		<a id="29" s="N" t="N.ar" l="N"/>
		<a id="30" s="O" t="O.2" l="O"/>
		<a id="31" s="H" t="H" l="H"/>
		<a id="32" s="H" t="H" l="H"/>
		<a id="33" s="H" t="H" l="H"/>
		<a id="34" s="H" t="H" l="H"/>
		<a id="35" s="H" t="H" l="H"/>
		<a id="36" s="H" t="H" l="H"/>
		<a id="37" s="H" t="H" l="H"/>
		<a id="38" s="H" t="H" l="H"/>
		<a id="39" s="H" t="H" l="H"/>
		<a id="40" s="H" t="H" l="H"/>
		<a id="41" s="H" t="H" l="H"/>
		<a id="42" s="H" t="H" l="H"/>
		<a id="43" s="H" t="H" l="H"/>
		<a id="44" s="H" t="H" l="H"/>
		<a id="45" s="H" t="H" l="H"/>
		<a id="46" s="H" t="H" l="H"/>
		<a id="47" s="H" t="H" l="H"/>
		<a id="48" s="H" t="H" l="H"/>
		<a id="49" s="H" t="H" l="H"/>
		<a id="50" s="H" t="H" l="H"/>
		<a id="51" s="H" t="H" l="H"/>
		<a id="52" s="H" t="H" l="H"/>
		<a id="53" s="H" t="H" l="H"/>
		<a id="54" s="H" t="H" l="H"/>
		<a id="55" s="H" t="H" l="H"/>
		<a id="56" s="H" t="H" l="H"/>
		<a id="57" s="H" t="H" l="H"/>
	</atoms>
	<bonds>
		<b id="1" c="1 2" t="1"/>
		<b id="2" c="2 3" t="1"/>
		<b id="3" c="3 4" t="ar"/>
		<b id="4" c="4 5" t="ar"/>
		<b id="5" c="5 6" t="ar"/>
		<b id="6" c="6 7" t="1"/>
		<b id="7" c="7 8" t="ar"/>
		<b id="8" c="8 9" t="ar"/>
		<b id="9" c="9 10" t="1"/>
		<b id="10" c="9 11" t="ar"/>
		<b id="11" c="11 12" t="ar"/>
		<b id="12" c="12 13" t="ar"/>
		<b id="13" c="13 14" t="1"/>
		<b id="14" c="14 15" t="1"/>
		<b id="15" c="13 16" t="ar"/>
		<b id="16" c="16 17" t="1"/>
		<b id="17" c="17 18" t="1"/>
		<b id="18" c="18 19" t="1"/>
		<b id="19" c="19 20" t="1"/>
		<b id="20" c="20 21" t="1"/>
		<b id="21" c="21 22" t="1"/>
		<b id="22" c="22 23" t="1"/>
		<b id="23" c="23 24" t="1"/>
		<b id="24" c="24 25" t="1"/>
		<b id="25" c="25 26" t="1"/>
		<b id="26" c="21 26" t="1"/>
		<b id="27" c="16 27" t="ar"/>
		<b id="28" c="27 28" t="ar"/>
		<b id="29" c="11 28" t="ar"/>
		<b id="30" c="28 29" t="ar"/>
		<b id="31" c="7 29" t="ar"/>
		<b id="32" c="6 30" t="ar"/>
		<b id="33" c="3 30" t="ar"/>
		<b id="34" c="1 31" t="1"/>
		<b id="35" c="1 32" t="1"/>
		<b id="36" c="1 33" t="1"/>
		<b id="37" c="2 34" t="1"/>
		<b id="38" c="2 35" t="1"/>
		<b id="39" c="4 36" t="1"/>
		<b id="40" c="5 37" t="1"/>
		<b id="41" c="8 38" t="1"/>
		<b id="42" c="12 39" t="1"/>
		<b id="43" c="15 40" t="1"/>
		<b id="44" c="15 41" t="1"/>
		<b id="45" c="15 42" t="1"/>
		<b id="46" c="18 43" t="1"/>
		<b id="47" c="18 44" t="1"/>
		<b id="48" c="19 45" t="1"/>
		<b id="49" c="19 46" t="1"/>
		<b id="50" c="20 47" t="1"/>
		<b id="51" c="20 48" t="1"/>
		<b id="52" c="22 49" t="1"/>
		<b id="53" c="22 50" t="1"/>
		<b id="54" c="23 51" t="1"/>
		<b id="55" c="23 52" t="1"/>
		<b id="56" c="25 53" t="1"/>
		<b id="57" c="25 54" t="1"/>
		<b id="58" c="26 55" t="1"/>
		<b id="59" c="26 56" t="1"/>
		<b id="60" c="27 57" t="1"/>
	</bonds>
	<geometry>
		<g u="A" t="cart/3d">#57,3:4.0286,3.6457,-1.8641;4.2829,2.2554,-1.2749;3.6879,1.1916,-2.1314;2.5306,0.4710,-2.0123;2.4665,-0.3707,-3.1401;3.5928,-0.1067,-3.8809;4.0496,-0.6752,-5.1269;5.2624,-0.2207,-5.7031;5.6731,-0.7825,-6.8778;7.1516,-0.2528,-7.6092;4.9021,-1.7897,-7.4952;5.2426,-2.4241,-8.7005;4.4528,-3.3998,-9.2572;4.7504,-4.0192,-10.4395;5.9263,-3.6490,-11.1190;3.2504,-3.7919,-8.5887;2.3625,-4.7218,-9.0149;2.6614,-5.6472,-10.0472;1.5310,-6.6706,-10.0793;1.4913,-7.5132,-8.8009;0.4966,-8.5662,-8.9254;-0.8657,-8.1485,-8.6310;-1.1463,-8.0605,-7.1242;-0.8507,-9.2787,-6.4725;0.4929,-9.6546,-6.6903;0.7868,-9.7851,-8.1904;2.9097,-3.1681,-7.4099;3.7004,-2.1633,-6.8282;3.3017,-1.6091,-5.6745;4.3326,0.8460,-3.2614;4.4787,4.4092,-1.2348;2.9604,3.8367,-1.9352;4.4593,3.7165,-2.8598;3.8461,2.1895,-0.2778;5.3597,2.0898,-1.1975;1.8201,0.5360,-1.2135;1.7071,-1.0800,-3.3926;5.8325,0.5491,-5.2098;6.1524,-2.1120,-9.1866;5.9502,-4.2696,-12.0135;6.8183,-3.8466,-10.5167;5.9074,-2.5943,-11.4097;3.6176,-6.1438,-9.8477;2.7265,-5.1336,-11.0125;1.6696,-7.3303,-10.9356;0.5879,-6.1391,-10.2033;1.3194,-6.8471,-7.9444;2.4682,-7.9852,-8.6671;-1.5351,-8.8944,-9.0710;-1.0600,-7.1845,-9.1004;-2.2045,-7.8682,-6.9397;-0.5535,-7.2479,-6.6758;0.6257,-10.6111,-6.1817;1.1676,-8.9097,-6.2390;0.1465,-10.5713,-8.6038;1.8294,-10.0659,-8.3480;1.9995,-3.4582,-6.9120;</g>
	</geometry>
	<conformers/>
	<properties/>
</molecule>
