<?xml version="1.0" ?>
<!--MOLLI PACKAGE EXPERIMENTAL XML FORMAT-->
<molecule name="el1578">
	<atoms>
		<a id="1" s="C" t="C.3" l="C"/>
		<a id="2" s="O" t="O.3" l="O"/>
		<a id="3" s="C" t="C.ar" l="C"/>
		<a id="4" s="C" t="C.ar" l="C"/>
		<a id="5" s="C" t="C.ar" l="C"/>
		<a id="6" s="C" t="C.ar" l="C"/>
		<a id="7" s="Cl" t="Cl" l="CL"/>
		<a id="8" s="C" t="C.ar" l="C"/>
		<a id="9" s="C" t="C.ar" l="C"/>
		<a id="10" s="C" t="C.ar" l="C"/>
		<a id="11" s="C" t="C.ar" l="C"/>
		<a id="12" s="C" t="C.ar" l="C"/>
		<a id="13" s="C" t="C.ar" l="C"/>
		<a id="14" s="C" t="C.3" l="C"/>
		<a id="15" s="O" t="O.2" l="O"/>
		<a id="16" s="N" t="N.ar" l="N"/>
		<a id="17" s="C" t="C.ar" l="C"/>
		<a id="18" s="C" t="C.ar" l="C"/>
		<a id="19" s="C" t="C.ar" l="C"/>
		<a id="20" s="O" t="O.3" l="O"/>
		<a id="21" s="C" t="C.3" l="C"/>
		<a id="22" s="C" t="C.3" l="C"/>
		<a id="23" s="C" t="C.3" l="C"/>
		<a id="24" s="N" t="N.3" l="N"/>
		<a id="25" s="C" t="C.3" l="C"/>
		<a id="26" s="C" t="C.3" l="C"/>
		<a id="27" s="C" t="C.3" l="C"/>
		<a id="28" s="F" t="F" l="F"/>
		<a id="29" s="C" t="C.3" l="C"/>
		<a id="30" s="H" t="H" l="H"/>
		<a id="31" s="H" t="H" l="H"/>
		<a id="32" s="H" t="H" l="H"/>
		<a id="33" s="H" t="H" l="H"/>
		<a id="34" s="H" t="H" l="H"/>
		<a id="35" s="H" t="H" l="H"/>
		<a id="36" s="H" t="H" l="H"/>
		<a id="37" s="H" t="H" l="H"/>
		<a id="38" s="H" t="H" l="H"/>
		<a id="39" s="H" t="H" l="H"/>
		<a id="40" s="H" t="H" l="H"/>
		<a id="41" s="H" t="H" l="H"/>
		<a id="42" s="H" t="H" l="H"/>
		<a id="43" s="H" t="H" l="H"/>
		<a id="44" s="H" t="H" l="H"/>
		<a id="45" s="H" t="H" l="H"/>
		<a id="46" s="H" t="H" l="H"/>
		<a id="47" s="H" t="H" l="H"/>
		<a id="48" s="H" t="H" l="H"/>
		<a id="49" s="H" t="H" l="H"/>
		<a id="50" s="H" t="H" l="H"/>
		<a id="51" s="H" t="H" l="H"/>
		<a id="52" s="H" t="H" l="H"/>
		<a id="53" s="H" t="H" l="H"/>
	</atoms>
	<bonds>
		<b id="1" c="1 2" t="1"/>
		<b id="2" c="2 3" t="1"/>
		<b id="3" c="3 4" t="ar"/>
		<b id="4" c="4 5" t="ar"/>
		<b id="5" c="5 6" t="ar"/>
		<b id="6" c="6 7" t="1"/>
		<b id="7" c="6 8" t="ar"/>
		<b id="8" c="8 9" t="ar"/>
		<b id="9" c="9 10" t="1"/>
		<b id="10" c="10 11" t="ar"/>
		<b id="11" c="11 12" t="ar"/>
		<b id="12" c="12 13" t="ar"/>
		<b id="13" c="13 14" t="1"/>
		<b id="14" c="13 15" t="ar"/>
		<b id="15" c="10 15" t="ar"/>
		<b id="16" c="9 16" t="ar"/>
		<b id="17" c="16 17" t="ar"/>
		<b id="18" c="5 17" t="ar"/>
		<b id="19" c="17 18" t="ar"/>
		<b id="20" c="18 19" t="ar"/>
		<b id="21" c="3 19" t="ar"/>
		<b id="22" c="19 20" t="1"/>
		<b id="23" c="20 21" t="1"/>
		<b id="24" c="21 22" t="1"/>
		<b id="25" c="22 23" t="1"/>
		<b id="26" c="23 24" t="1"/>
		<b id="27" c="24 25" t="1"/>
		<b id="28" c="25 26" t="1"/>
		<b id="29" c="26 27" t="1"/>
		<b id="30" c="27 28" t="1"/>
		<b id="31" c="27 29" t="1"/>
		<b id="32" c="24 29" t="1"/>
		<b id="33" c="1 30" t="1"/>
		<b id="34" c="1 31" t="1"/>
		<b id="35" c="1 32" t="1"/>
		<b id="36" c="4 33" t="1"/>
		<b id="37" c="8 34" t="1"/>
		<b id="38" c="11 35" t="1"/>
		<b id="39" c="12 36" t="1"/>
		<b id="40" c="14 37" t="1"/>
		<b id="41" c="14 38" t="1"/>
		<b id="42" c="14 39" t="1"/>
		<b id="43" c="18 40" t="1"/>
		<b id="44" c="21 41" t="1"/>
		<b id="45" c="21 42" t="1"/>
		<b id="46" c="22 43" t="1"/>
		<b id="47" c="22 44" t="1"/>
		<b id="48" c="23 45" t="1"/>
		<b id="49" c="23 46" t="1"/>
		<b id="50" c="25 47" t="1"/>
		<b id="51" c="25 48" t="1"/>
		<b id="52" c="26 49" t="1"/>
		<b id="53" c="26 50" t="1"/>
		<b id="54" c="27 51" t="1"/>
		<b id="55" c="29 52" t="1"/>
		<b id="56" c="29 53" t="1"/>
	</bonds>
	<geometry>
		<g u="A" t="cart/3d">#53,3:1.2679,-1.0762,-0.9444;2.2204,-0.2969,-0.2618;2.8866,-0.8532,0.7962;2.6633,-2.1364,1.2317;3.3479,-2.6786,2.3309;3.1563,-3.9860,2.8250;2.0121,-5.0404,2.0631;3.8674,-4.4283,3.9034;4.7960,-3.5429,4.5064;5.5657,-3.9797,5.6469;6.5175,-3.3195,6.3845;6.9398,-4.2217,7.3814;6.2235,-5.3716,7.1922;6.2262,-6.6649,7.9239;5.3907,-5.2305,6.1436;5.0012,-2.3168,4.0755;4.3048,-1.8776,3.0176;4.5241,-0.5706,2.5528;3.8510,-0.0432,1.4739;4.1775,1.2382,1.1794;3.7329,1.8928,0.0054;4.4284,3.2502,-0.0312;4.0153,4.0498,-1.2636;4.8155,5.2436,-1.4165;4.6076,6.2637,-0.4044;5.3240,7.4810,-0.9819;5.1202,7.3413,-2.4946;6.3096,7.5416,-3.1634;4.6161,5.9081,-2.6940;0.8753,-0.4309,-1.7288;0.4507,-1.3823,-0.2844;1.7232,-1.9618,-1.3981;1.9425,-2.7661,0.7363;3.7408,-5.4216,4.3011;6.8539,-2.3188,6.2141;7.6755,-4.0477,8.1399;6.9708,-6.6388,8.7135;6.4529,-7.4851,7.2436;5.2471,-6.8557,8.3623;5.2474,0.0435,3.0626;2.6455,2.0278,0.0272;3.9948,1.3078,-0.8833;5.5081,3.1020,-0.0464;4.1734,3.7912,0.8800;2.9352,4.2888,-1.2080;4.1754,3.4356,-2.1545;5.0362,5.9476,0.5459;3.5336,6.4798,-0.2560;6.3928,7.4179,-0.7787;4.9425,8.4214,-0.5901;4.4294,8.0835,-2.9086;5.1878,5.4004,-3.4734;3.5528,5.9246,-2.9876;</g>
	</geometry>
	<conformers/>
	<properties/>
</molecule>
