<?xml version="1.0" ?>
<!--MOLLI PACKAGE EXPERIMENTAL XML FORMAT-->
<molecule name="el1579">
	<atoms>
		<a id="1" s="C" t="C.3" l="C"/>
		<a id="2" s="C" t="C.ar" l="C"/>
		<a id="3" s="C" t="C.ar" l="C"/>
		<a id="4" s="C" t="C.ar" l="C"/>
		<a id="5" s="C" t="C.ar" l="C"/>
		<a id="6" s="C" t="C.ar" l="C"/>
		<a id="7" s="C" t="C.ar" l="C"/>
		<a id="8" s="C" t="C.ar" l="C"/>
		<a id="9" s="Cl" t="Cl" l="CL"/>
		<a id="10" s="C" t="C.ar" l="C"/>
		<a id="11" s="C" t="C.ar" l="C"/>
		<a id="12" s="C" t="C.ar" l="C"/>
		<a id="13" s="C" t="C.ar" l="C"/>
		<a id="14" s="O" t="O.3" l="O"/>
		<a id="15" s="C" t="C.3" l="C"/>
		<a id="16" s="C" t="C.3" l="C"/>
		<a id="17" s="C" t="C.3" l="C"/>
		<a id="18" s="N" t="N.3" l="N"/>
		<a id="19" s="C" t="C.3" l="C"/>
		<a id="20" s="C" t="C.3" l="C"/>
		<a id="21" s="C" t="C.3" l="C"/>
		<a id="22" s="C" t="C.3" l="C"/>
		<a id="23" s="C" t="C.ar" l="C"/>
		<a id="24" s="C" t="C.ar" l="C"/>
		<a id="25" s="N" t="N.ar" l="N"/>
		<a id="26" s="O" t="O.2" l="O"/>
		<a id="27" s="H" t="H" l="H"/>
		<a id="28" s="H" t="H" l="H"/>
		<a id="29" s="H" t="H" l="H"/>
		<a id="30" s="H" t="H" l="H"/>
		<a id="31" s="H" t="H" l="H"/>
		<a id="32" s="H" t="H" l="H"/>
		<a id="33" s="H" t="H" l="H"/>
		<a id="34" s="H" t="H" l="H"/>
		<a id="35" s="H" t="H" l="H"/>
		<a id="36" s="H" t="H" l="H"/>
		<a id="37" s="H" t="H" l="H"/>
		<a id="38" s="H" t="H" l="H"/>
		<a id="39" s="H" t="H" l="H"/>
		<a id="40" s="H" t="H" l="H"/>
		<a id="41" s="H" t="H" l="H"/>
		<a id="42" s="H" t="H" l="H"/>
		<a id="43" s="H" t="H" l="H"/>
		<a id="44" s="H" t="H" l="H"/>
		<a id="45" s="H" t="H" l="H"/>
		<a id="46" s="H" t="H" l="H"/>
		<a id="47" s="H" t="H" l="H"/>
		<a id="48" s="H" t="H" l="H"/>
		<a id="49" s="H" t="H" l="H"/>
	</atoms>
	<bonds>
		<b id="1" c="1 2" t="1"/>
		<b id="2" c="2 3" t="ar"/>
		<b id="3" c="3 4" t="ar"/>
		<b id="4" c="4 5" t="ar"/>
		<b id="5" c="5 6" t="1"/>
		<b id="6" c="6 7" t="ar"/>
		<b id="7" c="7 8" t="ar"/>
		<b id="8" c="8 9" t="1"/>
		<b id="9" c="8 10" t="ar"/>
		<b id="10" c="10 11" t="ar"/>
		<b id="11" c="11 12" t="ar"/>
		<b id="12" c="12 13" t="ar"/>
		<b id="13" c="13 14" t="1"/>
		<b id="14" c="14 15" t="1"/>
		<b id="15" c="15 16" t="1"/>
		<b id="16" c="16 17" t="1"/>
		<b id="17" c="17 18" t="1"/>
		<b id="18" c="18 19" t="1"/>
		<b id="19" c="19 20" t="1"/>
		<b id="20" c="20 21" t="1"/>
		<b id="21" c="21 22" t="1"/>
		<b id="22" c="18 22" t="1"/>
		<b id="23" c="13 23" t="ar"/>
		<b id="24" c="23 24" t="ar"/>
		<b id="25" c="10 24" t="ar"/>
		<b id="26" c="24 25" t="ar"/>
		<b id="27" c="6 25" t="ar"/>
		<b id="28" c="5 26" t="ar"/>
		<b id="29" c="2 26" t="ar"/>
		<b id="30" c="1 27" t="1"/>
		<b id="31" c="1 28" t="1"/>
		<b id="32" c="1 29" t="1"/>
		<b id="33" c="3 30" t="1"/>
		<b id="34" c="4 31" t="1"/>
		<b id="35" c="7 32" t="1"/>
		<b id="36" c="11 33" t="1"/>
		<b id="37" c="12 34" t="1"/>
		<b id="38" c="15 35" t="1"/>
		<b id="39" c="15 36" t="1"/>
		<b id="40" c="16 37" t="1"/>
		<b id="41" c="16 38" t="1"/>
		<b id="42" c="17 39" t="1"/>
		<b id="43" c="17 40" t="1"/>
		<b id="44" c="19 41" t="1"/>
		<b id="45" c="19 42" t="1"/>
		<b id="46" c="20 43" t="1"/>
		<b id="47" c="20 44" t="1"/>
		<b id="48" c="21 45" t="1"/>
		<b id="49" c="21 46" t="1"/>
		<b id="50" c="22 47" t="1"/>
		<b id="51" c="22 48" t="1"/>
		<b id="52" c="23 49" t="1"/>
	</bonds>
	<geometry>
		<g u="A" t="cart/3d">#49,3:-0.1394,-2.4479,1.4466;-0.4568,-1.2998,0.5585;0.2015,-0.7850,-0.5248;-0.5570,0.3171,-0.9658;-1.6360,0.4043,-0.1202;-2.7197,1.3571,-0.0887;-3.7440,1.2321,0.8858;-4.7329,2.1718,0.9097;-5.9977,2.0538,2.0851;-4.7265,3.2427,-0.0125;-5.6752,4.2761,-0.0494;-5.5811,5.2926,-0.9610;-4.5275,5.3146,-1.8977;-4.3551,6.2848,-2.8280;-5.1233,7.4701,-2.7559;-4.5379,8.4482,-3.7694;-5.0764,9.8641,-3.5676;-4.6103,10.7432,-4.6268;-3.2353,11.1881,-4.4564;-3.2735,12.4481,-3.5613;-4.7139,12.9625,-3.7032;-5.3468,11.9925,-4.7223;-3.5935,4.2991,-1.8949;-3.6570,3.2560,-0.9600;-2.6907,2.3230,-0.9784;-1.5703,-0.5851,0.8061;0.7772,-2.9258,1.1153;-0.9494,-3.1761,1.4320;-0.0143,-2.1083,2.4743;1.1146,-1.1512,-0.9480;-0.3567,0.9707,-1.7882;-3.7213,0.4102,1.5822;-6.4873,4.2647,0.6621;-6.3254,6.0734,-0.9598;-5.0593,7.8975,-1.7449;-6.1779,7.2638,-2.9836;-4.7696,8.1167,-4.7810;-3.4538,8.4328,-3.6561;-4.7974,10.2219,-2.5626;-6.1683,9.8318,-3.6199;-2.8502,11.4456,-5.4467;-2.6127,10.3982,-4.0422;-2.5409,13.1821,-3.8910;-3.0480,12.1915,-2.5263;-4.7542,13.9909,-4.0561;-5.2435,12.9100,-2.7518;-5.2044,12.3770,-5.7365;-6.4123,11.8368,-4.5586;-2.7879,4.3084,-2.6096;</g>
	</geometry>
	<conformers/>
	<properties/>
</molecule>
