<?xml version="1.0" ?>
<!--MOLLI PACKAGE EXPERIMENTAL XML FORMAT-->
<molecule name="el1238">
	<atoms>
		<a id="1" s="O" t="O.2" l="O"/>
		<a id="2" s="C" t="C.2" l="C"/>
		<a id="3" s="C" t="C.ar" l="C"/>
		<a id="4" s="N" t="N.ar" l="N"/>
		<a id="5" s="N" t="N.ar" l="N"/>
		<a id="6" s="C" t="C.ar" l="C"/>
		<a id="7" s="C" t="C.ar" l="C"/>
		<a id="8" s="C" t="C.ar" l="C"/>
		<a id="9" s="C" t="C.ar" l="C"/>
		<a id="10" s="Br" t="Br" l="BR"/>
		<a id="11" s="C" t="C.ar" l="C"/>
		<a id="12" s="N" t="N.ar" l="N"/>
		<a id="13" s="N" t="N.am" l="N"/>
		<a id="14" s="C" t="C.3" l="C"/>
		<a id="15" s="C" t="C.3" l="C"/>
		<a id="16" s="C" t="C.3" l="C"/>
		<a id="17" s="C" t="C.3" l="C"/>
		<a id="18" s="C" t="C.ar" l="C"/>
		<a id="19" s="C" t="C.ar" l="C"/>
		<a id="20" s="C" t="C.ar" l="C"/>
		<a id="21" s="C" t="C.ar" l="C"/>
		<a id="22" s="C" t="C.ar" l="C"/>
		<a id="23" s="C" t="C.ar" l="C"/>
		<a id="24" s="C" t="C.3" l="C"/>
		<a id="25" s="F" t="F" l="F"/>
		<a id="26" s="F" t="F" l="F"/>
		<a id="27" s="F" t="F" l="F"/>
		<a id="28" s="C" t="C.3" l="C"/>
		<a id="29" s="C" t="C.3" l="C"/>
		<a id="30" s="C" t="C.3" l="C"/>
		<a id="31" s="H" t="H" l="H"/>
		<a id="32" s="H" t="H" l="H"/>
		<a id="33" s="H" t="H" l="H"/>
		<a id="34" s="H" t="H" l="H"/>
		<a id="35" s="H" t="H" l="H"/>
		<a id="36" s="H" t="H" l="H"/>
		<a id="37" s="H" t="H" l="H"/>
		<a id="38" s="H" t="H" l="H"/>
		<a id="39" s="H" t="H" l="H"/>
		<a id="40" s="H" t="H" l="H"/>
		<a id="41" s="H" t="H" l="H"/>
		<a id="42" s="H" t="H" l="H"/>
		<a id="43" s="H" t="H" l="H"/>
		<a id="44" s="H" t="H" l="H"/>
		<a id="45" s="H" t="H" l="H"/>
		<a id="46" s="H" t="H" l="H"/>
		<a id="47" s="H" t="H" l="H"/>
		<a id="48" s="H" t="H" l="H"/>
	</atoms>
	<bonds>
		<b id="1" c="1 2" t="2"/>
		<b id="2" c="2 3" t="1"/>
		<b id="3" c="3 4" t="ar"/>
		<b id="4" c="4 5" t="ar"/>
		<b id="5" c="5 6" t="ar"/>
		<b id="6" c="6 7" t="ar"/>
		<b id="7" c="7 8" t="ar"/>
		<b id="8" c="8 9" t="ar"/>
		<b id="9" c="9 10" t="1"/>
		<b id="10" c="9 11" t="ar"/>
		<b id="11" c="11 12" t="ar"/>
		<b id="12" c="3 12" t="ar"/>
		<b id="13" c="6 12" t="ar"/>
		<b id="14" c="2 13" t="am"/>
		<b id="15" c="13 14" t="1"/>
		<b id="16" c="14 15" t="1"/>
		<b id="17" c="15 16" t="1"/>
		<b id="18" c="16 17" t="1"/>
		<b id="19" c="18 19" t="ar"/>
		<b id="20" c="19 20" t="ar"/>
		<b id="21" c="20 21" t="ar"/>
		<b id="22" c="21 22" t="ar"/>
		<b id="23" c="22 23" t="ar"/>
		<b id="24" c="18 23" t="ar"/>
		<b id="25" c="23 24" t="1"/>
		<b id="26" c="24 25" t="1"/>
		<b id="27" c="24 26" t="1"/>
		<b id="28" c="24 27" t="1"/>
		<b id="29" c="17 28" t="1"/>
		<b id="30" c="28 29" t="1"/>
		<b id="31" c="15 29" t="1"/>
		<b id="32" c="29 30" t="1"/>
		<b id="33" c="13 30" t="1"/>
		<b id="34" c="17 18" t="1"/>
		<b id="35" c="7 31" t="1"/>
		<b id="36" c="8 32" t="1"/>
		<b id="37" c="11 33" t="1"/>
		<b id="38" c="14 34" t="1"/>
		<b id="39" c="14 35" t="1"/>
		<b id="40" c="15 36" t="1"/>
		<b id="41" c="16 37" t="1"/>
		<b id="42" c="16 38" t="1"/>
		<b id="43" c="17 39" t="1"/>
		<b id="44" c="19 40" t="1"/>
		<b id="45" c="20 41" t="1"/>
		<b id="46" c="21 42" t="1"/>
		<b id="47" c="22 43" t="1"/>
		<b id="48" c="28 44" t="1"/>
		<b id="49" c="28 45" t="1"/>
		<b id="50" c="29 46" t="1"/>
		<b id="51" c="30 47" t="1"/>
		<b id="52" c="30 48" t="1"/>
	</bonds>
	<geometry>
		<g u="A" t="cart/3d">#48,3:2.8567,0.9180,-0.3061;2.4626,-0.2202,-0.0644;1.3439,-0.7852,-0.8461;0.8810,-2.0180,-0.8779;-0.1149,-2.1097,-1.7364;-0.3027,-0.9166,-2.2689;-1.2298,-0.4616,-3.2227;-1.1940,0.8478,-3.5950;-0.2318,1.7147,-3.0212;-0.1953,3.5336,-3.5569;0.6671,1.2798,-2.0959;0.6198,-0.0235,-1.7311;3.0002,-0.9695,0.9061;2.7694,-2.3516,1.2588;4.1809,-2.9502,1.3278;4.6344,-3.5657,-0.0008;6.1030,-3.1416,-0.1370;6.6276,-3.2811,-1.5380;6.0479,-2.5471,-2.5695;6.4897,-2.6535,-3.8738;7.5332,-3.5081,-4.1859;8.1256,-4.2515,-3.1840;7.6778,-4.1412,-1.8719;8.3538,-4.9780,-0.8205;7.5043,-5.8124,-0.1869;9.3257,-5.7578,-1.3131;8.9370,-4.2381,0.1458;6.0849,-1.7000,0.3871;5.1174,-1.7368,1.5766;4.1773,-0.5273,1.6264;-1.9394,-1.1627,-3.6275;-1.8858,1.2418,-4.3223;1.4247,1.8931,-1.6310;2.1257,-2.8436,0.5329;2.2898,-2.3830,2.2440;4.2528,-3.6842,2.1302;4.0490,-3.1515,-0.8223;4.5225,-4.6484,-0.0151;6.6900,-3.7384,0.5611;5.2303,-1.8781,-2.3480;6.0186,-2.0688,-4.6494;7.8842,-3.5977,-5.2018;8.9371,-4.9230,-3.4170;5.7037,-1.0257,-0.3792;7.0792,-1.3615,0.6734;5.6678,-1.8392,2.5118;4.5854,0.3659,1.1538;3.8977,-0.2873,2.6578;</g>
	</geometry>
	<conformers/>
	<properties/>
</molecule>
