<?xml version="1.0" ?>
<!--MOLLI PACKAGE EXPERIMENTAL XML FORMAT-->
<molecule name="el1581">
	<atoms>
		<a id="1" s="C" t="C.3" l="C"/>
		<a id="2" s="O" t="O.3" l="O"/>
		<a id="3" s="C" t="C.ar" l="C"/>
		<a id="4" s="C" t="C.ar" l="C"/>
		<a id="5" s="C" t="C.ar" l="C"/>
		<a id="6" s="C" t="C.ar" l="C"/>
		<a id="7" s="Cl" t="Cl" l="CL"/>
		<a id="8" s="C" t="C.ar" l="C"/>
		<a id="9" s="C" t="C.ar" l="C"/>
		<a id="10" s="C" t="C.ar" l="C"/>
		<a id="11" s="C" t="C.ar" l="C"/>
		<a id="12" s="C" t="C.ar" l="C"/>
		<a id="13" s="C" t="C.ar" l="C"/>
		<a id="14" s="C" t="C.ar" l="C"/>
		<a id="15" s="C" t="C.ar" l="C"/>
		<a id="16" s="C" t="C.3" l="C"/>
		<a id="17" s="N" t="N.ar" l="N"/>
		<a id="18" s="C" t="C.ar" l="C"/>
		<a id="19" s="C" t="C.ar" l="C"/>
		<a id="20" s="C" t="C.ar" l="C"/>
		<a id="21" s="O" t="O.3" l="O"/>
		<a id="22" s="C" t="C.3" l="C"/>
		<a id="23" s="C" t="C.3" l="C"/>
		<a id="24" s="C" t="C.3" l="C"/>
		<a id="25" s="N" t="N.3" l="N"/>
		<a id="26" s="C" t="C.3" l="C"/>
		<a id="27" s="C" t="C.3" l="C"/>
		<a id="28" s="C" t="C.3" l="C"/>
		<a id="29" s="C" t="C.3" l="C"/>
		<a id="30" s="H" t="H" l="H"/>
		<a id="31" s="H" t="H" l="H"/>
		<a id="32" s="H" t="H" l="H"/>
		<a id="33" s="H" t="H" l="H"/>
		<a id="34" s="H" t="H" l="H"/>
		<a id="35" s="H" t="H" l="H"/>
		<a id="36" s="H" t="H" l="H"/>
		<a id="37" s="H" t="H" l="H"/>
		<a id="38" s="H" t="H" l="H"/>
		<a id="39" s="H" t="H" l="H"/>
		<a id="40" s="H" t="H" l="H"/>
		<a id="41" s="H" t="H" l="H"/>
		<a id="42" s="H" t="H" l="H"/>
		<a id="43" s="H" t="H" l="H"/>
		<a id="44" s="H" t="H" l="H"/>
		<a id="45" s="H" t="H" l="H"/>
		<a id="46" s="H" t="H" l="H"/>
		<a id="47" s="H" t="H" l="H"/>
		<a id="48" s="H" t="H" l="H"/>
		<a id="49" s="H" t="H" l="H"/>
		<a id="50" s="H" t="H" l="H"/>
		<a id="51" s="H" t="H" l="H"/>
		<a id="52" s="H" t="H" l="H"/>
		<a id="53" s="H" t="H" l="H"/>
		<a id="54" s="H" t="H" l="H"/>
		<a id="55" s="H" t="H" l="H"/>
		<a id="56" s="H" t="H" l="H"/>
	</atoms>
	<bonds>
		<b id="1" c="1 2" t="1"/>
		<b id="2" c="2 3" t="1"/>
		<b id="3" c="3 4" t="ar"/>
		<b id="4" c="4 5" t="ar"/>
		<b id="5" c="5 6" t="ar"/>
		<b id="6" c="6 7" t="1"/>
		<b id="7" c="6 8" t="ar"/>
		<b id="8" c="8 9" t="ar"/>
		<b id="9" c="9 10" t="1"/>
		<b id="10" c="10 11" t="ar"/>
		<b id="11" c="11 12" t="ar"/>
		<b id="12" c="12 13" t="ar"/>
		<b id="13" c="13 14" t="ar"/>
		<b id="14" c="14 15" t="ar"/>
		<b id="15" c="10 15" t="ar"/>
		<b id="16" c="15 16" t="1"/>
		<b id="17" c="9 17" t="ar"/>
		<b id="18" c="17 18" t="ar"/>
		<b id="19" c="5 18" t="ar"/>
		<b id="20" c="18 19" t="ar"/>
		<b id="21" c="19 20" t="ar"/>
		<b id="22" c="3 20" t="ar"/>
		<b id="23" c="20 21" t="1"/>
		<b id="24" c="21 22" t="1"/>
		<b id="25" c="22 23" t="1"/>
		<b id="26" c="23 24" t="1"/>
		<b id="27" c="24 25" t="1"/>
		<b id="28" c="25 26" t="1"/>
		<b id="29" c="26 27" t="1"/>
		<b id="30" c="27 28" t="1"/>
		<b id="31" c="28 29" t="1"/>
		<b id="32" c="25 29" t="1"/>
		<b id="33" c="1 30" t="1"/>
		<b id="34" c="1 31" t="1"/>
		<b id="35" c="1 32" t="1"/>
		<b id="36" c="4 33" t="1"/>
		<b id="37" c="8 34" t="1"/>
		<b id="38" c="11 35" t="1"/>
		<b id="39" c="12 36" t="1"/>
		<b id="40" c="13 37" t="1"/>
		<b id="41" c="14 38" t="1"/>
		<b id="42" c="16 39" t="1"/>
		<b id="43" c="16 40" t="1"/>
		<b id="44" c="16 41" t="1"/>
		<b id="45" c="19 42" t="1"/>
		<b id="46" c="22 43" t="1"/>
		<b id="47" c="22 44" t="1"/>
		<b id="48" c="23 45" t="1"/>
		<b id="49" c="23 46" t="1"/>
		<b id="50" c="24 47" t="1"/>
		<b id="51" c="24 48" t="1"/>
		<b id="52" c="26 49" t="1"/>
		<b id="53" c="26 50" t="1"/>
		<b id="54" c="27 51" t="1"/>
		<b id="55" c="27 52" t="1"/>
		<b id="56" c="28 53" t="1"/>
		<b id="57" c="28 54" t="1"/>
		<b id="58" c="29 55" t="1"/>
		<b id="59" c="29 56" t="1"/>
	</bonds>
	<geometry>
		<g u="A" t="cart/3d">#56,3:1.5634,-0.6948,1.0954;2.4295,-0.0812,0.1717;3.0736,1.0673,0.5394;2.9188,1.6577,1.7689;3.6262,2.8172,2.1276;3.5214,3.4660,3.3743;2.4637,2.8340,4.5942;4.2543,4.5909,3.6327;5.1241,5.0814,2.6284;5.9047,6.3036,2.8887;5.2762,7.3739,3.5212;5.9580,8.5462,3.7854;7.2897,8.6565,3.4256;7.9212,7.5972,2.7988;7.2497,6.4156,2.5140;7.9695,5.2939,1.8348;5.2552,4.4919,1.4654;4.5344,3.3933,1.1959;4.6670,2.7847,-0.0628;3.9629,1.6561,-0.4149;4.2222,1.1823,-1.6567;3.3446,0.2888,-2.3206;3.7232,0.3016,-3.7978;2.8675,-0.6818,-4.5962;3.0850,-0.5073,-6.0225;2.0441,-1.0856,-6.8551;2.3935,-2.5774,-7.0325;3.9191,-2.6141,-6.8554;4.2929,-1.1530,-6.5127;1.1846,-1.5827,0.5912;0.7250,-0.0416,1.3568;2.0924,-0.9929,2.0059;2.2504,1.2356,2.5015;4.1966,5.0849,4.5891;4.2314,7.2930,3.7848;5.4525,9.3688,4.2692;7.8351,9.5658,3.6316;8.9619,7.6890,2.5213;9.0397,5.4854,1.8085;7.6019,5.1834,0.8171;7.7882,4.3510,2.3465;5.3436,3.2188,-0.7800;2.3049,0.6094,-2.1951;3.4497,-0.7231,-1.9118;4.7813,0.0544,-3.8850;3.5817,1.3042,-4.2017;1.8151,-0.4659,-4.3922;3.0720,-1.7096,-4.2550;2.0829,-0.5787,-7.8239;1.0575,-0.9266,-6.4219;2.0794,-2.9463,-8.0068;1.8968,-3.1749,-6.2676;4.4288,-2.9451,-7.7584;4.2043,-3.2847,-6.0448;4.6023,-0.6252,-7.4191;5.0981,-1.0844,-5.7843;</g>
	</geometry>
	<conformers/>
	<properties/>
</molecule>
