<?xml version="1.0" ?>
<!--MOLLI PACKAGE EXPERIMENTAL XML FORMAT-->
<molecule name="el1582">
	<atoms>
		<a id="1" s="C" t="C.3" l="C"/>
		<a id="2" s="O" t="O.3" l="O"/>
		<a id="3" s="C" t="C.ar" l="C"/>
		<a id="4" s="C" t="C.ar" l="C"/>
		<a id="5" s="C" t="C.ar" l="C"/>
		<a id="6" s="C" t="C.ar" l="C"/>
		<a id="7" s="Cl" t="Cl" l="CL"/>
		<a id="8" s="C" t="C.ar" l="C"/>
		<a id="9" s="C" t="C.ar" l="C"/>
		<a id="10" s="C" t="C.ar" l="C"/>
		<a id="11" s="C" t="C.ar" l="C"/>
		<a id="12" s="C" t="C.ar" l="C"/>
		<a id="13" s="N" t="N.ar" l="N"/>
		<a id="14" s="C" t="C.ar" l="C"/>
		<a id="15" s="O" t="O.2" l="O"/>
		<a id="16" s="C" t="C.ar" l="C"/>
		<a id="17" s="N" t="N.ar" l="N"/>
		<a id="18" s="C" t="C.ar" l="C"/>
		<a id="19" s="C" t="C.ar" l="C"/>
		<a id="20" s="C" t="C.ar" l="C"/>
		<a id="21" s="O" t="O.3" l="O"/>
		<a id="22" s="C" t="C.3" l="C"/>
		<a id="23" s="C" t="C.3" l="C"/>
		<a id="24" s="C" t="C.3" l="C"/>
		<a id="25" s="N" t="N.3" l="N"/>
		<a id="26" s="C" t="C.3" l="C"/>
		<a id="27" s="C" t="C.3" l="C"/>
		<a id="28" s="C" t="C.3" l="C"/>
		<a id="29" s="C" t="C.3" l="C"/>
		<a id="30" s="H" t="H" l="H"/>
		<a id="31" s="H" t="H" l="H"/>
		<a id="32" s="H" t="H" l="H"/>
		<a id="33" s="H" t="H" l="H"/>
		<a id="34" s="H" t="H" l="H"/>
		<a id="35" s="H" t="H" l="H"/>
		<a id="36" s="H" t="H" l="H"/>
		<a id="37" s="H" t="H" l="H"/>
		<a id="38" s="H" t="H" l="H"/>
		<a id="39" s="H" t="H" l="H"/>
		<a id="40" s="H" t="H" l="H"/>
		<a id="41" s="H" t="H" l="H"/>
		<a id="42" s="H" t="H" l="H"/>
		<a id="43" s="H" t="H" l="H"/>
		<a id="44" s="H" t="H" l="H"/>
		<a id="45" s="H" t="H" l="H"/>
		<a id="46" s="H" t="H" l="H"/>
		<a id="47" s="H" t="H" l="H"/>
		<a id="48" s="H" t="H" l="H"/>
		<a id="49" s="H" t="H" l="H"/>
		<a id="50" s="H" t="H" l="H"/>
		<a id="51" s="H" t="H" l="H"/>
		<a id="52" s="H" t="H" l="H"/>
		<a id="53" s="H" t="H" l="H"/>
	</atoms>
	<bonds>
		<b id="1" c="1 2" t="1"/>
		<b id="2" c="2 3" t="1"/>
		<b id="3" c="3 4" t="ar"/>
		<b id="4" c="4 5" t="ar"/>
		<b id="5" c="5 6" t="ar"/>
		<b id="6" c="6 7" t="1"/>
		<b id="7" c="6 8" t="ar"/>
		<b id="8" c="8 9" t="ar"/>
		<b id="9" c="9 10" t="1"/>
		<b id="10" c="10 11" t="ar"/>
		<b id="11" c="11 12" t="ar"/>
		<b id="12" c="12 13" t="ar"/>
		<b id="13" c="13 14" t="ar"/>
		<b id="14" c="14 15" t="2"/>
		<b id="15" c="14 16" t="ar"/>
		<b id="16" c="10 16" t="ar"/>
		<b id="17" c="9 17" t="ar"/>
		<b id="18" c="17 18" t="ar"/>
		<b id="19" c="5 18" t="ar"/>
		<b id="20" c="18 19" t="ar"/>
		<b id="21" c="19 20" t="ar"/>
		<b id="22" c="3 20" t="ar"/>
		<b id="23" c="20 21" t="1"/>
		<b id="24" c="21 22" t="1"/>
		<b id="25" c="22 23" t="1"/>
		<b id="26" c="23 24" t="1"/>
		<b id="27" c="24 25" t="1"/>
		<b id="28" c="25 26" t="1"/>
		<b id="29" c="26 27" t="1"/>
		<b id="30" c="27 28" t="1"/>
		<b id="31" c="28 29" t="1"/>
		<b id="32" c="25 29" t="1"/>
		<b id="33" c="1 30" t="1"/>
		<b id="34" c="1 31" t="1"/>
		<b id="35" c="1 32" t="1"/>
		<b id="36" c="4 33" t="1"/>
		<b id="37" c="8 34" t="1"/>
		<b id="38" c="11 35" t="1"/>
		<b id="39" c="12 36" t="1"/>
		<b id="40" c="13 37" t="1"/>
		<b id="41" c="16 38" t="1"/>
		<b id="42" c="19 39" t="1"/>
		<b id="43" c="22 40" t="1"/>
		<b id="44" c="22 41" t="1"/>
		<b id="45" c="23 42" t="1"/>
		<b id="46" c="23 43" t="1"/>
		<b id="47" c="24 44" t="1"/>
		<b id="48" c="24 45" t="1"/>
		<b id="49" c="26 46" t="1"/>
		<b id="50" c="26 47" t="1"/>
		<b id="51" c="27 48" t="1"/>
		<b id="52" c="27 49" t="1"/>
		<b id="53" c="28 50" t="1"/>
		<b id="54" c="28 51" t="1"/>
		<b id="55" c="29 52" t="1"/>
		<b id="56" c="29 53" t="1"/>
	</bonds>
	<geometry>
		<g u="A" t="cart/3d">#53,3:1.5392,-1.1281,-0.5092;2.4189,-0.2332,0.1292;3.0047,-0.6127,1.3021;2.7964,-1.8381,1.8856;3.4405,-2.2107,3.0768;3.2632,-3.4451,3.7309;2.1680,-4.6210,3.0840;3.9471,-3.7247,4.8837;4.8250,-2.7455,5.4020;5.5717,-2.9877,6.6467;5.9564,-4.3065,7.0233;6.6373,-4.4800,8.1816;6.9381,-3.4289,8.9748;6.6173,-2.1003,8.6862;6.9458,-1.2258,9.4656;5.9018,-1.9344,7.4482;5.0000,-1.5797,4.8259;4.3425,-1.2964,3.6939;4.5329,-0.0431,3.0897;3.8896,0.3234,1.9293;4.1976,1.5569,1.4713;3.4097,2.2301,0.5032;3.8391,3.6935,0.5171;3.0714,4.5080,-0.5244;3.3471,5.9257,-0.3633;2.3620,6.7983,-0.9787;2.7610,6.9454,-2.4615;4.2760,6.6911,-2.4550;4.5936,6.3520,-0.9799;1.1979,-0.6095,-1.4038;0.6783,-1.3650,0.1233;2.0470,-2.0534,-0.7980;2.1323,-2.5560,1.4326;3.7944,-4.6581,5.3997;5.7420,-5.1488,6.3890;6.9657,-5.4522,8.5197;7.4435,-3.5728,9.8404;5.6266,-0.9316,7.1650;5.2067,0.6576,3.5537;2.3459,2.1472,0.7504;3.5729,1.7960,-0.4902;4.9120,3.7421,0.3315;3.6539,4.1168,1.5043;2.0012,4.3551,-0.3604;3.3129,4.1375,-1.5338;2.4303,7.7693,-0.4792;1.3525,6.4119,-0.8443;2.5074,7.9316,-2.8449;2.2423,6.2025,-3.0678;4.8397,7.5615,-2.7851;4.5363,5.8566,-3.1058;4.9290,7.2507,-0.4552;5.3626,5.5890,-0.8795;</g>
	</geometry>
	<conformers/>
	<properties/>
</molecule>
