<?xml version="1.0" ?>
<!--MOLLI PACKAGE EXPERIMENTAL XML FORMAT-->
<molecule name="el1583">
	<atoms>
		<a id="1" s="C" t="C.3" l="C"/>
		<a id="2" s="O" t="O.3" l="O"/>
		<a id="3" s="C" t="C.ar" l="C"/>
		<a id="4" s="C" t="C.ar" l="C"/>
		<a id="5" s="C" t="C.ar" l="C"/>
		<a id="6" s="C" t="C.ar" l="C"/>
		<a id="7" s="Cl" t="Cl" l="CL"/>
		<a id="8" s="C" t="C.ar" l="C"/>
		<a id="9" s="C" t="C.ar" l="C"/>
		<a id="10" s="C" t="C.ar" l="C"/>
		<a id="11" s="C" t="C.ar" l="C"/>
		<a id="12" s="C" t="C.ar" l="C"/>
		<a id="13" s="C" t="C.ar" l="C"/>
		<a id="14" s="C" t="C.3" l="C"/>
		<a id="15" s="S" t="S.2" l="S"/>
		<a id="16" s="N" t="N.ar" l="N"/>
		<a id="17" s="C" t="C.ar" l="C"/>
		<a id="18" s="C" t="C.ar" l="C"/>
		<a id="19" s="C" t="C.ar" l="C"/>
		<a id="20" s="O" t="O.3" l="O"/>
		<a id="21" s="C" t="C.3" l="C"/>
		<a id="22" s="C" t="C.3" l="C"/>
		<a id="23" s="C" t="C.3" l="C"/>
		<a id="24" s="N" t="N.3" l="N"/>
		<a id="25" s="C" t="C.3" l="C"/>
		<a id="26" s="C" t="C.3" l="C"/>
		<a id="27" s="C" t="C.3" l="C"/>
		<a id="28" s="C" t="C.3" l="C"/>
		<a id="29" s="H" t="H" l="H"/>
		<a id="30" s="H" t="H" l="H"/>
		<a id="31" s="H" t="H" l="H"/>
		<a id="32" s="H" t="H" l="H"/>
		<a id="33" s="H" t="H" l="H"/>
		<a id="34" s="H" t="H" l="H"/>
		<a id="35" s="H" t="H" l="H"/>
		<a id="36" s="H" t="H" l="H"/>
		<a id="37" s="H" t="H" l="H"/>
		<a id="38" s="H" t="H" l="H"/>
		<a id="39" s="H" t="H" l="H"/>
		<a id="40" s="H" t="H" l="H"/>
		<a id="41" s="H" t="H" l="H"/>
		<a id="42" s="H" t="H" l="H"/>
		<a id="43" s="H" t="H" l="H"/>
		<a id="44" s="H" t="H" l="H"/>
		<a id="45" s="H" t="H" l="H"/>
		<a id="46" s="H" t="H" l="H"/>
		<a id="47" s="H" t="H" l="H"/>
		<a id="48" s="H" t="H" l="H"/>
		<a id="49" s="H" t="H" l="H"/>
		<a id="50" s="H" t="H" l="H"/>
		<a id="51" s="H" t="H" l="H"/>
		<a id="52" s="H" t="H" l="H"/>
		<a id="53" s="H" t="H" l="H"/>
	</atoms>
	<bonds>
		<b id="1" c="1 2" t="1"/>
		<b id="2" c="2 3" t="1"/>
		<b id="3" c="3 4" t="ar"/>
		<b id="4" c="4 5" t="ar"/>
		<b id="5" c="5 6" t="ar"/>
		<b id="6" c="6 7" t="1"/>
		<b id="7" c="6 8" t="ar"/>
		<b id="8" c="8 9" t="ar"/>
		<b id="9" c="9 10" t="1"/>
		<b id="10" c="10 11" t="ar"/>
		<b id="11" c="11 12" t="ar"/>
		<b id="12" c="12 13" t="ar"/>
		<b id="13" c="13 14" t="1"/>
		<b id="14" c="13 15" t="ar"/>
		<b id="15" c="10 15" t="ar"/>
		<b id="16" c="9 16" t="ar"/>
		<b id="17" c="16 17" t="ar"/>
		<b id="18" c="5 17" t="ar"/>
		<b id="19" c="17 18" t="ar"/>
		<b id="20" c="18 19" t="ar"/>
		<b id="21" c="3 19" t="ar"/>
		<b id="22" c="19 20" t="1"/>
		<b id="23" c="20 21" t="1"/>
		<b id="24" c="21 22" t="1"/>
		<b id="25" c="22 23" t="1"/>
		<b id="26" c="23 24" t="1"/>
		<b id="27" c="24 25" t="1"/>
		<b id="28" c="25 26" t="1"/>
		<b id="29" c="26 27" t="1"/>
		<b id="30" c="27 28" t="1"/>
		<b id="31" c="24 28" t="1"/>
		<b id="32" c="1 29" t="1"/>
		<b id="33" c="1 30" t="1"/>
		<b id="34" c="1 31" t="1"/>
		<b id="35" c="4 32" t="1"/>
		<b id="36" c="8 33" t="1"/>
		<b id="37" c="11 34" t="1"/>
		<b id="38" c="12 35" t="1"/>
		<b id="39" c="14 36" t="1"/>
		<b id="40" c="14 37" t="1"/>
		<b id="41" c="14 38" t="1"/>
		<b id="42" c="18 39" t="1"/>
		<b id="43" c="21 40" t="1"/>
		<b id="44" c="21 41" t="1"/>
		<b id="45" c="22 42" t="1"/>
		<b id="46" c="22 43" t="1"/>
		<b id="47" c="23 44" t="1"/>
		<b id="48" c="23 45" t="1"/>
		<b id="49" c="25 46" t="1"/>
		<b id="50" c="25 47" t="1"/>
		<b id="51" c="26 48" t="1"/>
		<b id="52" c="26 49" t="1"/>
		<b id="53" c="27 50" t="1"/>
		<b id="54" c="27 51" t="1"/>
		<b id="55" c="28 52" t="1"/>
		<b id="56" c="28 53" t="1"/>
	</bonds>
	<geometry>
		<g u="A" t="cart/3d">#53,3:1.3094,-0.6103,-0.5890;2.2952,-0.0857,0.2676;2.9050,-0.9252,1.1574;2.6074,-2.2619,1.2595;3.2751,-3.1032,2.1637;3.0125,-4.4803,2.3187;1.7927,-5.2434,1.3549;3.7129,-5.2207,3.2282;4.7063,-4.5751,4.0051;5.4700,-5.3091,4.9855;6.4586,-4.8186,5.7959;7.0086,-5.7900,6.6505;6.4480,-7.0237,6.5020;6.7702,-8.2787,7.2299;5.2149,-7.0040,5.2855;4.9819,-3.2933,3.8819;4.2974,-2.5605,2.9940;4.5804,-1.1891,2.8818;3.9133,-0.3655,2.0044;4.3196,0.9264,2.0106;3.5174,1.9728,1.4902;4.1097,3.2827,2.0005;3.2576,4.4795,1.5802;3.9286,5.7275,1.9054;3.8226,6.1013,3.3075;2.5024,6.8906,3.4692;2.1747,7.3668,2.0460;3.3832,6.8855,1.2172;0.9801,0.2292,-1.1995;0.4575,-1.0062,-0.0273;1.7152,-1.3929,-1.2372;1.8498,-2.7050,0.6337;3.5224,-6.2740,3.3614;6.7616,-3.7890,5.7588;7.7953,-5.5859,7.3555;7.5737,-8.1002,7.9405;7.0810,-9.0584,6.5348;5.8974,-8.6451,7.7702;5.3473,-0.7661,3.5091;2.4827,1.8667,1.8374;3.5212,1.9541,0.3948;5.1174,3.4046,1.6038;4.1853,3.2253,3.0866;2.2590,4.3996,2.0401;3.1290,4.4465,0.4949;4.6738,6.7472,3.5395;3.8710,5.2268,3.9526;2.6286,7.7220,4.1601;1.7141,6.2473,3.8596;2.0553,8.4466,1.9863;1.2581,6.9037,1.6802;4.1592,7.6568,1.2124;3.1261,6.6477,0.1858;</g>
	</geometry>
	<conformers/>
	<properties/>
</molecule>
