<?xml version="1.0" ?>
<!--MOLLI PACKAGE EXPERIMENTAL XML FORMAT-->
<molecule name="el1586">
	<atoms>
		<a id="1" s="C" t="C.3" l="C"/>
		<a id="2" s="C" t="C.3" l="C"/>
		<a id="3" s="N" t="N.3" l="N"/>
		<a id="4" s="C" t="C.3" l="C"/>
		<a id="5" s="C" t="C.ar" l="C"/>
		<a id="6" s="C" t="C.ar" l="C"/>
		<a id="7" s="C" t="C.ar" l="C"/>
		<a id="8" s="C" t="C.ar" l="C"/>
		<a id="9" s="C" t="C.ar" l="C"/>
		<a id="10" s="C" t="C.ar" l="C"/>
		<a id="11" s="C" t="C.ar" l="C"/>
		<a id="12" s="Cl" t="Cl" l="CL"/>
		<a id="13" s="C" t="C.ar" l="C"/>
		<a id="14" s="C" t="C.ar" l="C"/>
		<a id="15" s="C" t="C.ar" l="C"/>
		<a id="16" s="O" t="O.3" l="O"/>
		<a id="17" s="C" t="C.3" l="C"/>
		<a id="18" s="C" t="C.ar" l="C"/>
		<a id="19" s="O" t="O.3" l="O"/>
		<a id="20" s="C" t="C.3" l="C"/>
		<a id="21" s="C" t="C.3" l="C"/>
		<a id="22" s="C" t="C.3" l="C"/>
		<a id="23" s="N" t="N.3" l="N"/>
		<a id="24" s="C" t="C.3" l="C"/>
		<a id="25" s="C" t="C.3" l="C"/>
		<a id="26" s="C" t="C.3" l="C"/>
		<a id="27" s="C" t="C.3" l="C"/>
		<a id="28" s="C" t="C.ar" l="C"/>
		<a id="29" s="C" t="C.ar" l="C"/>
		<a id="30" s="N" t="N.ar" l="N"/>
		<a id="31" s="O" t="O.2" l="O"/>
		<a id="32" s="H" t="H" l="H"/>
		<a id="33" s="H" t="H" l="H"/>
		<a id="34" s="H" t="H" l="H"/>
		<a id="35" s="H" t="H" l="H"/>
		<a id="36" s="H" t="H" l="H"/>
		<a id="37" s="H" t="H" l="H"/>
		<a id="38" s="H" t="H" l="H"/>
		<a id="39" s="H" t="H" l="H"/>
		<a id="40" s="H" t="H" l="H"/>
		<a id="41" s="H" t="H" l="H"/>
		<a id="42" s="H" t="H" l="H"/>
		<a id="43" s="H" t="H" l="H"/>
		<a id="44" s="H" t="H" l="H"/>
		<a id="45" s="H" t="H" l="H"/>
		<a id="46" s="H" t="H" l="H"/>
		<a id="47" s="H" t="H" l="H"/>
		<a id="48" s="H" t="H" l="H"/>
		<a id="49" s="H" t="H" l="H"/>
		<a id="50" s="H" t="H" l="H"/>
		<a id="51" s="H" t="H" l="H"/>
		<a id="52" s="H" t="H" l="H"/>
		<a id="53" s="H" t="H" l="H"/>
		<a id="54" s="H" t="H" l="H"/>
		<a id="55" s="H" t="H" l="H"/>
		<a id="56" s="H" t="H" l="H"/>
		<a id="57" s="H" t="H" l="H"/>
		<a id="58" s="H" t="H" l="H"/>
		<a id="59" s="H" t="H" l="H"/>
		<a id="60" s="H" t="H" l="H"/>
		<a id="61" s="H" t="H" l="H"/>
	</atoms>
	<bonds>
		<b id="1" c="1 2" t="1"/>
		<b id="2" c="2 3" t="1"/>
		<b id="3" c="3 4" t="1"/>
		<b id="4" c="4 5" t="1"/>
		<b id="5" c="5 6" t="ar"/>
		<b id="6" c="6 7" t="ar"/>
		<b id="7" c="7 8" t="ar"/>
		<b id="8" c="8 9" t="1"/>
		<b id="9" c="9 10" t="ar"/>
		<b id="10" c="10 11" t="ar"/>
		<b id="11" c="11 12" t="1"/>
		<b id="12" c="11 13" t="ar"/>
		<b id="13" c="13 14" t="ar"/>
		<b id="14" c="14 15" t="ar"/>
		<b id="15" c="15 16" t="1"/>
		<b id="16" c="16 17" t="1"/>
		<b id="17" c="15 18" t="ar"/>
		<b id="18" c="18 19" t="1"/>
		<b id="19" c="19 20" t="1"/>
		<b id="20" c="20 21" t="1"/>
		<b id="21" c="21 22" t="1"/>
		<b id="22" c="22 23" t="1"/>
		<b id="23" c="23 24" t="1"/>
		<b id="24" c="24 25" t="1"/>
		<b id="25" c="25 26" t="1"/>
		<b id="26" c="26 27" t="1"/>
		<b id="27" c="23 27" t="1"/>
		<b id="28" c="18 28" t="ar"/>
		<b id="29" c="28 29" t="ar"/>
		<b id="30" c="13 29" t="ar"/>
		<b id="31" c="29 30" t="ar"/>
		<b id="32" c="9 30" t="ar"/>
		<b id="33" c="8 31" t="ar"/>
		<b id="34" c="5 31" t="ar"/>
		<b id="35" c="1 32" t="1"/>
		<b id="36" c="1 33" t="1"/>
		<b id="37" c="1 34" t="1"/>
		<b id="38" c="2 35" t="1"/>
		<b id="39" c="2 36" t="1"/>
		<b id="40" c="3 37" t="1"/>
		<b id="41" c="4 38" t="1"/>
		<b id="42" c="4 39" t="1"/>
		<b id="43" c="6 40" t="1"/>
		<b id="44" c="7 41" t="1"/>
		<b id="45" c="10 42" t="1"/>
		<b id="46" c="14 43" t="1"/>
		<b id="47" c="17 44" t="1"/>
		<b id="48" c="17 45" t="1"/>
		<b id="49" c="17 46" t="1"/>
		<b id="50" c="20 47" t="1"/>
		<b id="51" c="20 48" t="1"/>
		<b id="52" c="21 49" t="1"/>
		<b id="53" c="21 50" t="1"/>
		<b id="54" c="22 51" t="1"/>
		<b id="55" c="22 52" t="1"/>
		<b id="56" c="24 53" t="1"/>
		<b id="57" c="24 54" t="1"/>
		<b id="58" c="25 55" t="1"/>
		<b id="59" c="25 56" t="1"/>
		<b id="60" c="26 57" t="1"/>
		<b id="61" c="26 58" t="1"/>
		<b id="62" c="27 59" t="1"/>
		<b id="63" c="27 60" t="1"/>
		<b id="64" c="28 61" t="1"/>
	</bonds>
	<geometry>
		<g u="A" t="cart/3d">#61,3:6.4894,3.2661,1.4159;6.0390,4.0245,0.1765;5.8532,3.1100,-0.9339;5.3663,3.7687,-2.1353;5.0349,2.7712,-3.1926;4.0425,1.8294,-3.2603;4.2135,1.1591,-4.4862;5.3036,1.7379,-5.0904;5.9159,1.4551,-6.3680;7.0545,2.1878,-6.7851;7.6001,1.8992,-8.0038;8.9917,2.7753,-8.5468;7.0357,0.8965,-8.8201;7.5239,0.5325,-10.0855;6.9294,-0.4507,-10.8377;7.3954,-0.8447,-12.0611;8.5416,-0.2156,-12.5819;5.7714,-1.1188,-10.3278;5.0862,-2.1106,-10.9439;5.1954,-2.3586,-12.3350;4.0372,-3.2755,-12.7147;4.0218,-3.5628,-14.2157;2.9861,-4.5310,-14.5364;3.1680,-5.1952,-15.8155;2.5710,-4.2622,-16.8885;1.5058,-3.4660,-16.1197;1.6599,-3.9456,-14.6569;5.2969,-0.7737,-9.0829;5.8956,0.2230,-8.2950;5.3649,0.5094,-7.0980;5.7995,2.7168,-4.2964;6.6994,3.9596,2.2259;7.3881,2.6978,1.1939;5.7154,2.5748,1.7427;6.8101,4.7434,-0.1180;5.1192,4.5962,0.4026;5.2074,2.3727,-0.6650;6.1591,4.4260,-2.5052;4.4717,4.3899,-1.9315;3.2827,1.6465,-2.5273;3.6275,0.3612,-4.8908;7.4646,2.9493,-6.1426;8.3963,1.0501,-10.4501;8.7196,-0.6908,-13.5455;9.4119,-0.3675,-11.9363;8.3798,0.8565,-12.7311;6.1528,-2.8387,-12.5663;5.1315,-1.4191,-12.8961;3.1049,-2.8023,-12.4055;4.1261,-4.2161,-12.1717;4.9857,-3.9966,-14.4943;3.9062,-2.6170,-14.7698;2.6003,-6.1298,-15.7807;4.2159,-5.4343,-15.9916;2.1501,-4.8265,-17.7181;3.3425,-3.6014,-17.2842;0.5014,-3.6626,-16.4897;1.6866,-2.3939,-16.1949;0.9319,-4.7333,-14.4442;1.5175,-3.1438,-13.9353;4.4315,-1.2860,-8.6972;</g>
	</geometry>
	<conformers/>
	<properties/>
</molecule>
