<?xml version="1.0" ?>
<!--MOLLI PACKAGE EXPERIMENTAL XML FORMAT-->
<molecule name="el1588">
	<atoms>
		<a id="1" s="C" t="C.3" l="C"/>
		<a id="2" s="O" t="O.3" l="O"/>
		<a id="3" s="C" t="C.ar" l="C"/>
		<a id="4" s="C" t="C.ar" l="C"/>
		<a id="5" s="C" t="C.ar" l="C"/>
		<a id="6" s="C" t="C.ar" l="C"/>
		<a id="7" s="Cl" t="Cl" l="CL"/>
		<a id="8" s="C" t="C.ar" l="C"/>
		<a id="9" s="C" t="C.ar" l="C"/>
		<a id="10" s="C" t="C.ar" l="C"/>
		<a id="11" s="C" t="C.ar" l="C"/>
		<a id="12" s="C" t="C.ar" l="C"/>
		<a id="13" s="C" t="C.ar" l="C"/>
		<a id="14" s="C" t="C.1" l="C"/>
		<a id="15" s="N" t="N.1" l="N"/>
		<a id="16" s="O" t="O.2" l="O"/>
		<a id="17" s="N" t="N.ar" l="N"/>
		<a id="18" s="C" t="C.ar" l="C"/>
		<a id="19" s="C" t="C.ar" l="C"/>
		<a id="20" s="C" t="C.ar" l="C"/>
		<a id="21" s="O" t="O.3" l="O"/>
		<a id="22" s="C" t="C.3" l="C"/>
		<a id="23" s="C" t="C.3" l="C"/>
		<a id="24" s="C" t="C.3" l="C"/>
		<a id="25" s="N" t="N.3" l="N"/>
		<a id="26" s="C" t="C.3" l="C"/>
		<a id="27" s="C" t="C.3" l="C"/>
		<a id="28" s="C" t="C.3" l="C"/>
		<a id="29" s="C" t="C.3" l="C"/>
		<a id="30" s="H" t="H" l="H"/>
		<a id="31" s="H" t="H" l="H"/>
		<a id="32" s="H" t="H" l="H"/>
		<a id="33" s="H" t="H" l="H"/>
		<a id="34" s="H" t="H" l="H"/>
		<a id="35" s="H" t="H" l="H"/>
		<a id="36" s="H" t="H" l="H"/>
		<a id="37" s="H" t="H" l="H"/>
		<a id="38" s="H" t="H" l="H"/>
		<a id="39" s="H" t="H" l="H"/>
		<a id="40" s="H" t="H" l="H"/>
		<a id="41" s="H" t="H" l="H"/>
		<a id="42" s="H" t="H" l="H"/>
		<a id="43" s="H" t="H" l="H"/>
		<a id="44" s="H" t="H" l="H"/>
		<a id="45" s="H" t="H" l="H"/>
		<a id="46" s="H" t="H" l="H"/>
		<a id="47" s="H" t="H" l="H"/>
		<a id="48" s="H" t="H" l="H"/>
		<a id="49" s="H" t="H" l="H"/>
		<a id="50" s="H" t="H" l="H"/>
		<a id="51" s="H" t="H" l="H"/>
	</atoms>
	<bonds>
		<b id="1" c="1 2" t="1"/>
		<b id="2" c="2 3" t="1"/>
		<b id="3" c="3 4" t="ar"/>
		<b id="4" c="4 5" t="ar"/>
		<b id="5" c="5 6" t="ar"/>
		<b id="6" c="6 7" t="1"/>
		<b id="7" c="6 8" t="ar"/>
		<b id="8" c="8 9" t="ar"/>
		<b id="9" c="9 10" t="1"/>
		<b id="10" c="10 11" t="ar"/>
		<b id="11" c="11 12" t="ar"/>
		<b id="12" c="12 13" t="ar"/>
		<b id="13" c="13 14" t="1"/>
		<b id="14" c="14 15" t="3"/>
		<b id="15" c="13 16" t="ar"/>
		<b id="16" c="10 16" t="ar"/>
		<b id="17" c="9 17" t="ar"/>
		<b id="18" c="17 18" t="ar"/>
		<b id="19" c="5 18" t="ar"/>
		<b id="20" c="18 19" t="ar"/>
		<b id="21" c="19 20" t="ar"/>
		<b id="22" c="3 20" t="ar"/>
		<b id="23" c="20 21" t="1"/>
		<b id="24" c="21 22" t="1"/>
		<b id="25" c="22 23" t="1"/>
		<b id="26" c="23 24" t="1"/>
		<b id="27" c="24 25" t="1"/>
		<b id="28" c="25 26" t="1"/>
		<b id="29" c="26 27" t="1"/>
		<b id="30" c="27 28" t="1"/>
		<b id="31" c="28 29" t="1"/>
		<b id="32" c="25 29" t="1"/>
		<b id="33" c="1 30" t="1"/>
		<b id="34" c="1 31" t="1"/>
		<b id="35" c="1 32" t="1"/>
		<b id="36" c="4 33" t="1"/>
		<b id="37" c="8 34" t="1"/>
		<b id="38" c="11 35" t="1"/>
		<b id="39" c="12 36" t="1"/>
		<b id="40" c="19 37" t="1"/>
		<b id="41" c="22 38" t="1"/>
		<b id="42" c="22 39" t="1"/>
		<b id="43" c="23 40" t="1"/>
		<b id="44" c="23 41" t="1"/>
		<b id="45" c="24 42" t="1"/>
		<b id="46" c="24 43" t="1"/>
		<b id="47" c="26 44" t="1"/>
		<b id="48" c="26 45" t="1"/>
		<b id="49" c="27 46" t="1"/>
		<b id="50" c="27 47" t="1"/>
		<b id="51" c="28 48" t="1"/>
		<b id="52" c="28 49" t="1"/>
		<b id="53" c="29 50" t="1"/>
		<b id="54" c="29 51" t="1"/>
	</bonds>
	<geometry>
		<g u="A" t="cart/3d">#51,3:1.5194,0.9640,-0.2324;2.5198,-0.0041,-0.0177;3.1802,-0.5161,-1.0949;2.9264,-0.1307,-2.3888;3.6428,-0.6586,-3.4749;3.4208,-0.3063,-4.8225;2.2016,0.8511,-5.2273;4.1645,-0.8797,-5.8177;5.1529,-1.8233,-5.4532;5.9537,-2.4672,-6.4728;6.9567,-3.4050,-6.3406;7.3938,-3.7023,-7.6382;6.6274,-2.9252,-8.4834;6.6570,-2.8436,-9.8819;6.7074,-2.7995,-11.0275;5.7560,-2.1775,-7.7707;5.3966,-2.1709,-4.2082;4.6710,-1.6150,-3.2288;4.9127,-2.0010,-1.9001;4.1974,-1.4925,-0.8400;4.5640,-1.9585,0.3742;3.7230,-1.8555,1.5122;4.2931,-2.7890,2.5751;3.3871,-2.8465,3.8053;4.0395,-3.5647,4.8871;3.9742,-5.0119,4.7531;2.6459,-5.4693,5.4003;2.2616,-4.3060,6.3269;3.4485,-3.3301,6.1939;1.1427,1.2148,0.7579;0.7017,0.5679,-0.8421;1.9262,1.8632,-0.7044;2.1657,0.6018,-2.6036;4.0122,-0.6312,-6.8551;7.3106,-3.8085,-5.4157;8.1616,-4.3884,-7.9333;5.6848,-2.7262,-1.7046;2.7007,-2.1570,1.2557;3.7011,-0.8251,1.8830;5.2804,-2.4394,2.8758;4.4110,-3.7802,2.1367;2.4152,-3.2853,3.5259;3.2059,-1.8240,4.1474;4.8206,-5.4307,5.3042;4.0603,-5.3147,3.7117;2.7802,-6.4008,5.9466;1.8832,-5.6341,4.6395;2.1223,-4.6246,7.3578;1.3407,-3.8278,5.9925;4.2095,-3.5687,6.9427;3.1595,-2.2871,6.3155;</g>
	</geometry>
	<conformers/>
	<properties/>
</molecule>
