<?xml version="1.0" ?>
<!--MOLLI PACKAGE EXPERIMENTAL XML FORMAT-->
<molecule name="el1590">
	<atoms>
		<a id="1" s="C" t="C.2" l="C"/>
		<a id="2" s="C" t="C.2" l="C"/>
		<a id="3" s="C" t="C.2" l="C"/>
		<a id="4" s="O" t="O.2" l="O"/>
		<a id="5" s="N" t="N.am" l="N"/>
		<a id="6" s="C" t="C.ar" l="C"/>
		<a id="7" s="C" t="C.ar" l="C"/>
		<a id="8" s="C" t="C.ar" l="C"/>
		<a id="9" s="C" t="C.ar" l="C"/>
		<a id="10" s="C" t="C.ar" l="C"/>
		<a id="11" s="N" t="N.pl3" l="N"/>
		<a id="12" s="C" t="C.ar" l="C"/>
		<a id="13" s="N" t="N.ar" l="N"/>
		<a id="14" s="C" t="C.ar" l="C"/>
		<a id="15" s="Cl" t="Cl" l="CL"/>
		<a id="16" s="N" t="N.ar" l="N"/>
		<a id="17" s="C" t="C.ar" l="C"/>
		<a id="18" s="C" t="C.ar" l="C"/>
		<a id="19" s="C" t="C.ar" l="C"/>
		<a id="20" s="N" t="N.ar" l="N"/>
		<a id="21" s="N" t="N.ar" l="N"/>
		<a id="22" s="C" t="C.3" l="C"/>
		<a id="23" s="C" t="C.3" l="C"/>
		<a id="24" s="C" t="C.3" l="C"/>
		<a id="25" s="C" t="C.3" l="C"/>
		<a id="26" s="C" t="C.3" l="C"/>
		<a id="27" s="O" t="O.3" l="O"/>
		<a id="28" s="C" t="C.ar" l="C"/>
		<a id="29" s="H" t="H" l="H"/>
		<a id="30" s="H" t="H" l="H"/>
		<a id="31" s="H" t="H" l="H"/>
		<a id="32" s="H" t="H" l="H"/>
		<a id="33" s="H" t="H" l="H"/>
		<a id="34" s="H" t="H" l="H"/>
		<a id="35" s="H" t="H" l="H"/>
		<a id="36" s="H" t="H" l="H"/>
		<a id="37" s="H" t="H" l="H"/>
		<a id="38" s="H" t="H" l="H"/>
		<a id="39" s="H" t="H" l="H"/>
		<a id="40" s="H" t="H" l="H"/>
		<a id="41" s="H" t="H" l="H"/>
		<a id="42" s="H" t="H" l="H"/>
		<a id="43" s="H" t="H" l="H"/>
		<a id="44" s="H" t="H" l="H"/>
		<a id="45" s="H" t="H" l="H"/>
		<a id="46" s="H" t="H" l="H"/>
		<a id="47" s="H" t="H" l="H"/>
	</atoms>
	<bonds>
		<b id="1" c="1 2" t="2"/>
		<b id="2" c="2 3" t="1"/>
		<b id="3" c="3 4" t="2"/>
		<b id="4" c="3 5" t="am"/>
		<b id="5" c="5 6" t="1"/>
		<b id="6" c="6 7" t="ar"/>
		<b id="7" c="7 8" t="ar"/>
		<b id="8" c="8 9" t="ar"/>
		<b id="9" c="9 10" t="ar"/>
		<b id="10" c="10 11" t="1"/>
		<b id="11" c="11 12" t="1"/>
		<b id="12" c="12 13" t="ar"/>
		<b id="13" c="13 14" t="ar"/>
		<b id="14" c="14 15" t="1"/>
		<b id="15" c="14 16" t="ar"/>
		<b id="16" c="16 17" t="ar"/>
		<b id="17" c="17 18" t="ar"/>
		<b id="18" c="12 18" t="ar"/>
		<b id="19" c="18 19" t="ar"/>
		<b id="20" c="19 20" t="ar"/>
		<b id="21" c="20 21" t="ar"/>
		<b id="22" c="17 21" t="ar"/>
		<b id="23" c="21 22" t="1"/>
		<b id="24" c="22 23" t="1"/>
		<b id="25" c="23 24" t="1"/>
		<b id="26" c="24 25" t="1"/>
		<b id="27" c="25 26" t="1"/>
		<b id="28" c="26 27" t="1"/>
		<b id="29" c="22 27" t="1"/>
		<b id="30" c="10 28" t="ar"/>
		<b id="31" c="6 28" t="ar"/>
		<b id="32" c="1 29" t="1"/>
		<b id="33" c="1 30" t="1"/>
		<b id="34" c="2 31" t="1"/>
		<b id="35" c="5 32" t="1"/>
		<b id="36" c="7 33" t="1"/>
		<b id="37" c="8 34" t="1"/>
		<b id="38" c="9 35" t="1"/>
		<b id="39" c="11 36" t="1"/>
		<b id="40" c="19 37" t="1"/>
		<b id="41" c="22 38" t="1"/>
		<b id="42" c="23 39" t="1"/>
		<b id="43" c="23 40" t="1"/>
		<b id="44" c="24 41" t="1"/>
		<b id="45" c="24 42" t="1"/>
		<b id="46" c="25 43" t="1"/>
		<b id="47" c="25 44" t="1"/>
		<b id="48" c="26 45" t="1"/>
		<b id="49" c="26 46" t="1"/>
		<b id="50" c="28 47" t="1"/>
	</bonds>
	<geometry>
		<g u="A" t="cart/3d">#47,3:2.8706,2.4304,0.0824;3.5655,1.3032,0.1069;4.4422,0.9291,-1.0327;4.5617,1.6158,-2.0241;5.0890,-0.2618,-0.8321;5.9946,-0.9222,-1.6642;6.4159,-0.4087,-2.8874;7.3219,-1.1259,-3.6466;7.8215,-2.3445,-3.2249;7.4000,-2.8633,-2.0051;7.8388,-4.0866,-1.4973;8.6979,-4.9939,-2.0072;9.3080,-4.7941,-3.1720;10.1359,-5.7176,-3.6339;10.8501,-5.3476,-5.1366;10.4761,-6.8662,-3.1020;9.8781,-7.0790,-1.9255;8.9662,-6.1932,-1.3046;8.6081,-6.8654,-0.1152;9.2255,-8.0175,-0.0324;9.9966,-8.1570,-1.1263;10.8813,-9.2860,-1.3634;10.1051,-10.6088,-1.3697;9.7346,-11.0358,0.0484;10.9994,-11.0507,0.9020;11.6380,-9.6666,0.8494;11.9617,-9.2853,-0.4808;6.4903,-2.1484,-1.2317;2.2259,2.7368,0.8879;2.9416,3.0801,-0.7746;3.5189,0.6258,0.9489;4.8932,-0.7427,0.0350;6.0338,0.5377,-3.2286;7.6477,-0.7241,-4.5930;8.5268,-2.8958,-3.8207;7.4459,-4.3384,-0.5996;7.9392,-6.5618,0.6666;11.3144,-9.0879,-2.3523;10.7513,-11.3634,-1.8222;9.2164,-10.4961,-1.9914;9.2711,-12.0232,0.0286;9.0232,-10.3235,0.4688;11.7028,-11.7890,0.5116;10.7665,-11.3031,1.9365;12.5903,-9.6435,1.3822;10.9561,-8.9301,1.2934;6.1630,-2.5523,-0.2815;</g>
	</geometry>
	<conformers/>
	<properties/>
</molecule>
