<?xml version="1.0" ?>
<!--MOLLI PACKAGE EXPERIMENTAL XML FORMAT-->
<molecule name="el1591">
	<atoms>
		<a id="1" s="Cl" t="Cl" l="CL"/>
		<a id="2" s="C" t="C.ar" l="C"/>
		<a id="3" s="C" t="C.ar" l="C"/>
		<a id="4" s="C" t="C.ar" l="C"/>
		<a id="5" s="C" t="C.ar" l="C"/>
		<a id="6" s="C" t="C.ar" l="C"/>
		<a id="7" s="C" t="C.ar" l="C"/>
		<a id="8" s="C" t="C.ar" l="C"/>
		<a id="9" s="N" t="N.pl3" l="N"/>
		<a id="10" s="C" t="C.ar" l="C"/>
		<a id="11" s="C" t="C.ar" l="C"/>
		<a id="12" s="C" t="C.ar" l="C"/>
		<a id="13" s="C" t="C.ar" l="C"/>
		<a id="14" s="C" t="C.ar" l="C"/>
		<a id="15" s="C" t="C.ar" l="C"/>
		<a id="16" s="C" t="C.ar" l="C"/>
		<a id="17" s="C" t="C.ar" l="C"/>
		<a id="18" s="C" t="C.ar" l="C"/>
		<a id="19" s="C" t="C.ar" l="C"/>
		<a id="20" s="C" t="C.ar" l="C"/>
		<a id="21" s="N" t="N.ar" l="N"/>
		<a id="22" s="N" t="N.ar" l="N"/>
		<a id="23" s="C" t="C.ar" l="C"/>
		<a id="24" s="N" t="N.ar" l="N"/>
		<a id="25" s="H" t="H" l="H"/>
		<a id="26" s="H" t="H" l="H"/>
		<a id="27" s="H" t="H" l="H"/>
		<a id="28" s="H" t="H" l="H"/>
		<a id="29" s="H" t="H" l="H"/>
		<a id="30" s="H" t="H" l="H"/>
		<a id="31" s="H" t="H" l="H"/>
		<a id="32" s="H" t="H" l="H"/>
		<a id="33" s="H" t="H" l="H"/>
		<a id="34" s="H" t="H" l="H"/>
		<a id="35" s="H" t="H" l="H"/>
		<a id="36" s="H" t="H" l="H"/>
		<a id="37" s="H" t="H" l="H"/>
	</atoms>
	<bonds>
		<b id="1" c="1 2" t="1"/>
		<b id="2" c="2 3" t="ar"/>
		<b id="3" c="3 4" t="ar"/>
		<b id="4" c="4 5" t="ar"/>
		<b id="5" c="5 6" t="ar"/>
		<b id="6" c="6 7" t="ar"/>
		<b id="7" c="7 8" t="ar"/>
		<b id="8" c="8 9" t="1"/>
		<b id="9" c="9 10" t="1"/>
		<b id="10" c="10 11" t="ar"/>
		<b id="11" c="11 12" t="ar"/>
		<b id="12" c="12 13" t="ar"/>
		<b id="13" c="13 14" t="1"/>
		<b id="14" c="14 15" t="ar"/>
		<b id="15" c="15 16" t="ar"/>
		<b id="16" c="16 17" t="ar"/>
		<b id="17" c="17 18" t="ar"/>
		<b id="18" c="18 19" t="ar"/>
		<b id="19" c="14 19" t="ar"/>
		<b id="20" c="13 20" t="ar"/>
		<b id="21" c="20 21" t="ar"/>
		<b id="22" c="10 21" t="ar"/>
		<b id="23" c="8 22" t="ar"/>
		<b id="24" c="22 23" t="ar"/>
		<b id="25" c="5 23" t="ar"/>
		<b id="26" c="23 24" t="ar"/>
		<b id="27" c="2 24" t="ar"/>
		<b id="28" c="3 25" t="1"/>
		<b id="29" c="4 26" t="1"/>
		<b id="30" c="6 27" t="1"/>
		<b id="31" c="7 28" t="1"/>
		<b id="32" c="9 29" t="1"/>
		<b id="33" c="11 30" t="1"/>
		<b id="34" c="12 31" t="1"/>
		<b id="35" c="15 32" t="1"/>
		<b id="36" c="16 33" t="1"/>
		<b id="37" c="17 34" t="1"/>
		<b id="38" c="18 35" t="1"/>
		<b id="39" c="19 36" t="1"/>
		<b id="40" c="20 37" t="1"/>
	</bonds>
	<geometry>
		<g u="A" t="cart/3d">#37,3:-7.7915,3.2579,-1.1562;-7.7127,1.5542,-1.3834;-8.7448,0.9255,-2.1022;-8.6582,-0.4317,-2.2667;-7.5636,-1.1270,-1.7248;-7.3673,-2.5216,-1.8309;-6.2628,-3.0962,-1.2760;-5.3381,-2.2573,-0.6025;-4.1911,-2.7180,-0.0137;-3.6337,-3.9727,0.0371;-2.4008,-4.1316,0.6898;-1.8273,-5.3810,0.7262;-2.4758,-6.4626,0.1196;-1.8959,-7.8094,0.1187;-1.2327,-8.2982,1.2425;-0.6820,-9.5659,1.2377;-0.7810,-10.3645,0.1107;-1.4384,-9.8886,-1.0116;-1.9935,-8.6228,-1.0086;-3.6996,-6.1920,-0.4844;-4.2618,-4.9984,-0.5277;-5.4983,-0.9544,-0.4790;-6.5758,-0.3770,-1.0182;-6.6841,0.9551,-0.8662;-9.5615,1.5049,-2.4995;-9.4196,-0.9758,-2.8086;-8.1008,-3.1185,-2.3560;-6.0644,-4.1528,-1.3294;-3.6634,-1.9724,0.4239;-1.9144,-3.2812,1.1430;-0.8679,-5.5245,1.2016;-1.1669,-7.6876,2.1315;-0.1742,-9.9336,2.1176;-0.3474,-11.3534,0.1070;-1.5156,-10.5058,-1.8948;-2.4882,-8.2495,-1.8934;-4.2761,-6.9817,-0.9484;</g>
	</geometry>
	<conformers/>
	<properties/>
</molecule>
