<?xml version="1.0" ?>
<!--MOLLI PACKAGE EXPERIMENTAL XML FORMAT-->
<molecule name="el1597">
	<atoms>
		<a id="1" s="C" t="C.3" l="C"/>
		<a id="2" s="O" t="O.3" l="O"/>
		<a id="3" s="C" t="C.ar" l="C"/>
		<a id="4" s="C" t="C.ar" l="C"/>
		<a id="5" s="C" t="C.ar" l="C"/>
		<a id="6" s="C" t="C.ar" l="C"/>
		<a id="7" s="C" t="C.ar" l="C"/>
		<a id="8" s="N" t="N.ar" l="N"/>
		<a id="9" s="N" t="N.ar" l="N"/>
		<a id="10" s="N" t="N.ar" l="N"/>
		<a id="11" s="C" t="C.ar" l="C"/>
		<a id="12" s="C" t="C.ar" l="C"/>
		<a id="13" s="C" t="C.ar" l="C"/>
		<a id="14" s="C" t="C.ar" l="C"/>
		<a id="15" s="C" t="C.ar" l="C"/>
		<a id="16" s="C" t="C.ar" l="C"/>
		<a id="17" s="C" t="C.ar" l="C"/>
		<a id="18" s="C" t="C.ar" l="C"/>
		<a id="19" s="N" t="N.ar" l="N"/>
		<a id="20" s="C" t="C.ar" l="C"/>
		<a id="21" s="Cl" t="Cl" l="CL"/>
		<a id="22" s="N" t="N.ar" l="N"/>
		<a id="23" s="C" t="C.ar" l="C"/>
		<a id="24" s="C" t="C.ar" l="C"/>
		<a id="25" s="H" t="H" l="H"/>
		<a id="26" s="H" t="H" l="H"/>
		<a id="27" s="H" t="H" l="H"/>
		<a id="28" s="H" t="H" l="H"/>
		<a id="29" s="H" t="H" l="H"/>
		<a id="30" s="H" t="H" l="H"/>
		<a id="31" s="H" t="H" l="H"/>
		<a id="32" s="H" t="H" l="H"/>
		<a id="33" s="H" t="H" l="H"/>
		<a id="34" s="H" t="H" l="H"/>
		<a id="35" s="H" t="H" l="H"/>
		<a id="36" s="H" t="H" l="H"/>
	</atoms>
	<bonds>
		<b id="1" c="1 2" t="1"/>
		<b id="2" c="2 3" t="1"/>
		<b id="3" c="3 4" t="ar"/>
		<b id="4" c="4 5" t="ar"/>
		<b id="5" c="5 6" t="ar"/>
		<b id="6" c="6 7" t="1"/>
		<b id="7" c="7 8" t="ar"/>
		<b id="8" c="8 9" t="ar"/>
		<b id="9" c="9 10" t="ar"/>
		<b id="10" c="10 11" t="ar"/>
		<b id="11" c="11 12" t="ar"/>
		<b id="12" c="12 13" t="ar"/>
		<b id="13" c="13 14" t="ar"/>
		<b id="14" c="9 14" t="ar"/>
		<b id="15" c="14 15" t="ar"/>
		<b id="16" c="7 15" t="ar"/>
		<b id="17" c="15 16" t="1"/>
		<b id="18" c="16 17" t="ar"/>
		<b id="19" c="17 18" t="ar"/>
		<b id="20" c="18 19" t="ar"/>
		<b id="21" c="19 20" t="ar"/>
		<b id="22" c="20 21" t="1"/>
		<b id="23" c="20 22" t="ar"/>
		<b id="24" c="16 22" t="ar"/>
		<b id="25" c="6 23" t="ar"/>
		<b id="26" c="23 24" t="ar"/>
		<b id="27" c="3 24" t="ar"/>
		<b id="28" c="1 25" t="1"/>
		<b id="29" c="1 26" t="1"/>
		<b id="30" c="1 27" t="1"/>
		<b id="31" c="4 28" t="1"/>
		<b id="32" c="5 29" t="1"/>
		<b id="33" c="11 30" t="1"/>
		<b id="34" c="12 31" t="1"/>
		<b id="35" c="13 32" t="1"/>
		<b id="36" c="17 33" t="1"/>
		<b id="37" c="18 34" t="1"/>
		<b id="38" c="23 35" t="1"/>
		<b id="39" c="24 36" t="1"/>
	</bonds>
	<geometry>
		<g u="A" t="cart/3d">#36,3:2.2900,-0.8263,-1.3172;2.2277,0.1903,-0.3452;3.0132,1.2876,-0.4974;3.9164,1.4884,-1.5377;4.6669,2.6477,-1.5864;4.5501,3.6213,-0.5994;5.3355,4.8432,-0.6938;5.5544,5.3853,-1.8937;6.2045,6.5062,-1.6901;6.5761,7.2902,-2.6702;7.2062,8.3830,-2.3445;7.5058,8.7519,-1.0179;7.1155,7.9205,-0.0006;6.4331,6.7500,-0.3474;5.8872,5.6482,0.3317;6.0103,5.4272,1.7506;5.9705,4.1586,2.3493;6.1339,4.1106,3.7188;6.3336,5.1978,4.4565;6.3815,6.3332,3.7915;6.6737,7.7422,4.7157;6.2343,6.5145,2.5003;3.6277,3.4248,0.4305;2.8729,2.2758,0.4814;1.5790,-1.5852,-0.9946;3.2897,-1.2687,-1.3733;1.9994,-0.4548,-2.3049;4.0395,0.7521,-2.3161;5.3606,2.8103,-2.3961;7.4939,9.0048,-3.1785;8.0293,9.6728,-0.8210;7.2954,8.1304,1.0414;5.8319,3.2660,1.7636;6.1128,3.1776,4.2657;3.4882,4.1898,1.1800;2.1542,2.1162,1.2694;</g>
	</geometry>
	<conformers/>
	<properties/>
</molecule>
