<?xml version="1.0" ?>
<!--MOLLI PACKAGE EXPERIMENTAL XML FORMAT-->
<molecule name="el1600">
	<atoms>
		<a id="1" s="C" t="C.3" l="C"/>
		<a id="2" s="O" t="O.3" l="O"/>
		<a id="3" s="C" t="C.ar" l="C"/>
		<a id="4" s="C" t="C.ar" l="C"/>
		<a id="5" s="C" t="C.ar" l="C"/>
		<a id="6" s="O" t="O.3" l="O"/>
		<a id="7" s="C" t="C.3" l="C"/>
		<a id="8" s="C" t="C.ar" l="C"/>
		<a id="9" s="C" t="C.ar" l="C"/>
		<a id="10" s="C" t="C.ar" l="C"/>
		<a id="11" s="N" t="N.ar" l="N"/>
		<a id="12" s="C" t="C.ar" l="C"/>
		<a id="13" s="Cl" t="Cl" l="CL"/>
		<a id="14" s="N" t="N.ar" l="N"/>
		<a id="15" s="C" t="C.ar" l="C"/>
		<a id="16" s="C" t="C.ar" l="C"/>
		<a id="17" s="S" t="S.2" l="S"/>
		<a id="18" s="C" t="C.ar" l="C"/>
		<a id="19" s="N" t="N.pl3" l="N"/>
		<a id="20" s="C" t="C.3" l="C"/>
		<a id="21" s="C" t="C.3" l="C"/>
		<a id="22" s="C" t="C.3" l="C"/>
		<a id="23" s="C" t="C.3" l="C"/>
		<a id="24" s="C" t="C.3" l="C"/>
		<a id="25" s="C" t="C.3" l="C"/>
		<a id="26" s="O" t="O.3" l="O"/>
		<a id="27" s="N" t="N.ar" l="N"/>
		<a id="28" s="C" t="C.ar" l="C"/>
		<a id="29" s="H" t="H" l="H"/>
		<a id="30" s="H" t="H" l="H"/>
		<a id="31" s="H" t="H" l="H"/>
		<a id="32" s="H" t="H" l="H"/>
		<a id="33" s="H" t="H" l="H"/>
		<a id="34" s="H" t="H" l="H"/>
		<a id="35" s="H" t="H" l="H"/>
		<a id="36" s="H" t="H" l="H"/>
		<a id="37" s="H" t="H" l="H"/>
		<a id="38" s="H" t="H" l="H"/>
		<a id="39" s="H" t="H" l="H"/>
		<a id="40" s="H" t="H" l="H"/>
		<a id="41" s="H" t="H" l="H"/>
		<a id="42" s="H" t="H" l="H"/>
		<a id="43" s="H" t="H" l="H"/>
		<a id="44" s="H" t="H" l="H"/>
		<a id="45" s="H" t="H" l="H"/>
		<a id="46" s="H" t="H" l="H"/>
		<a id="47" s="H" t="H" l="H"/>
		<a id="48" s="H" t="H" l="H"/>
		<a id="49" s="H" t="H" l="H"/>
	</atoms>
	<bonds>
		<b id="1" c="1 2" t="1"/>
		<b id="2" c="2 3" t="1"/>
		<b id="3" c="3 4" t="ar"/>
		<b id="4" c="4 5" t="ar"/>
		<b id="5" c="5 6" t="1"/>
		<b id="6" c="6 7" t="1"/>
		<b id="7" c="7 8" t="1"/>
		<b id="8" c="8 9" t="ar"/>
		<b id="9" c="9 10" t="ar"/>
		<b id="10" c="10 11" t="ar"/>
		<b id="11" c="11 12" t="ar"/>
		<b id="12" c="12 13" t="1"/>
		<b id="13" c="12 14" t="ar"/>
		<b id="14" c="8 14" t="ar"/>
		<b id="15" c="5 15" t="ar"/>
		<b id="16" c="15 16" t="ar"/>
		<b id="17" c="16 17" t="ar"/>
		<b id="18" c="17 18" t="ar"/>
		<b id="19" c="18 19" t="1"/>
		<b id="20" c="19 20" t="1"/>
		<b id="21" c="20 21" t="1"/>
		<b id="22" c="21 22" t="1"/>
		<b id="23" c="22 23" t="1"/>
		<b id="24" c="23 24" t="1"/>
		<b id="25" c="24 25" t="1"/>
		<b id="26" c="20 25" t="1"/>
		<b id="27" c="25 26" t="1"/>
		<b id="28" c="18 27" t="ar"/>
		<b id="29" c="27 28" t="ar"/>
		<b id="30" c="3 28" t="ar"/>
		<b id="31" c="16 28" t="ar"/>
		<b id="32" c="1 29" t="1"/>
		<b id="33" c="1 30" t="1"/>
		<b id="34" c="1 31" t="1"/>
		<b id="35" c="4 32" t="1"/>
		<b id="36" c="7 33" t="1"/>
		<b id="37" c="7 34" t="1"/>
		<b id="38" c="9 35" t="1"/>
		<b id="39" c="10 36" t="1"/>
		<b id="40" c="15 37" t="1"/>
		<b id="41" c="19 38" t="1"/>
		<b id="42" c="20 39" t="1"/>
		<b id="43" c="21 40" t="1"/>
		<b id="44" c="21 41" t="1"/>
		<b id="45" c="22 42" t="1"/>
		<b id="46" c="22 43" t="1"/>
		<b id="47" c="23 44" t="1"/>
		<b id="48" c="23 45" t="1"/>
		<b id="49" c="24 46" t="1"/>
		<b id="50" c="24 47" t="1"/>
		<b id="51" c="25 48" t="1"/>
		<b id="52" c="26 49" t="1"/>
	</bonds>
	<geometry>
		<g u="A" t="cart/3d">#49,3:3.0507,0.2281,-1.2333;2.9174,-0.3394,0.0495;3.6274,0.1836,1.0807;3.4483,-0.4398,2.3081;4.1009,-0.0180,3.4651;3.8103,-0.7373,4.5927;4.3491,-0.3010,5.8141;3.8262,-1.1541,6.9316;3.0900,-2.3156,6.7161;2.6800,-3.0027,7.8475;2.9661,-2.5872,9.0717;3.6690,-1.4754,9.1566;4.0431,-0.9280,10.7251;4.1143,-0.7378,8.1602;4.9742,1.0586,3.4203;5.1521,1.6786,2.1969;6.1827,3.0502,1.8765;5.6434,2.9681,0.1765;6.1248,3.8512,-0.7074;5.6893,3.8736,-2.0852;4.4435,4.7468,-2.2732;4.0004,4.7281,-3.7323;5.1302,5.2072,-4.6393;6.3769,4.3502,-4.4434;6.8307,4.3788,-2.9807;8.0192,3.6559,-2.7707;4.8080,2.0346,-0.0919;4.5012,1.2784,1.0127;2.3858,-0.3478,-1.8760;4.0780,0.1495,-1.5967;2.7551,1.2795,-1.2382;2.7754,-1.2789,2.3643;4.0816,0.7447,6.0211;5.4479,-0.3719,5.8134;2.8581,-2.6443,5.7186;2.1008,-3.9145,7.7894;5.5066,1.4198,4.2833;6.7776,4.5503,-0.3959;5.4402,2.8387,-2.3510;4.6735,5.7700,-1.9680;3.6490,4.3694,-1.6280;3.1254,5.3673,-3.8598;3.7158,3.7109,-4.0099;5.3668,6.2475,-4.4071;4.8146,5.1608,-5.6828;7.1913,4.7109,-5.0739;6.1618,3.3164,-4.7283;7.0814,5.4076,-2.6958;7.8669,2.7313,-2.9986;</g>
	</geometry>
	<conformers/>
	<properties/>
</molecule>
