<?xml version="1.0" ?>
<!--MOLLI PACKAGE EXPERIMENTAL XML FORMAT-->
<molecule name="el1608">
	<atoms>
		<a id="1" s="N" t="N.1" l="N"/>
		<a id="2" s="C" t="C.1" l="C"/>
		<a id="3" s="C" t="C.ar" l="C"/>
		<a id="4" s="C" t="C.ar" l="C"/>
		<a id="5" s="N" t="N.ar" l="N"/>
		<a id="6" s="C" t="C.ar" l="C"/>
		<a id="7" s="Cl" t="Cl" l="CL"/>
		<a id="8" s="C" t="C.ar" l="C"/>
		<a id="9" s="C" t="C.ar" l="C"/>
		<a id="10" s="N" t="N.pl3" l="N"/>
		<a id="11" s="C" t="C.3" l="C"/>
		<a id="12" s="C" t="C.3" l="C"/>
		<a id="13" s="C" t="C.3" l="C"/>
		<a id="14" s="C" t="C.3" l="C"/>
		<a id="15" s="O" t="O.3" l="O"/>
		<a id="16" s="C" t="C.3" l="C"/>
		<a id="17" s="C" t="C.3" l="C"/>
		<a id="18" s="H" t="H" l="H"/>
		<a id="19" s="H" t="H" l="H"/>
		<a id="20" s="H" t="H" l="H"/>
		<a id="21" s="H" t="H" l="H"/>
		<a id="22" s="H" t="H" l="H"/>
		<a id="23" s="H" t="H" l="H"/>
		<a id="24" s="H" t="H" l="H"/>
		<a id="25" s="H" t="H" l="H"/>
		<a id="26" s="H" t="H" l="H"/>
		<a id="27" s="H" t="H" l="H"/>
		<a id="28" s="H" t="H" l="H"/>
		<a id="29" s="H" t="H" l="H"/>
		<a id="30" s="H" t="H" l="H"/>
		<a id="31" s="H" t="H" l="H"/>
	</atoms>
	<bonds>
		<b id="1" c="1 2" t="3"/>
		<b id="2" c="2 3" t="1"/>
		<b id="3" c="3 4" t="ar"/>
		<b id="4" c="4 5" t="ar"/>
		<b id="5" c="5 6" t="ar"/>
		<b id="6" c="6 7" t="1"/>
		<b id="7" c="6 8" t="ar"/>
		<b id="8" c="8 9" t="ar"/>
		<b id="9" c="3 9" t="ar"/>
		<b id="10" c="9 10" t="1"/>
		<b id="11" c="10 11" t="1"/>
		<b id="12" c="11 12" t="1"/>
		<b id="13" c="12 13" t="1"/>
		<b id="14" c="13 14" t="1"/>
		<b id="15" c="14 15" t="1"/>
		<b id="16" c="14 16" t="1"/>
		<b id="17" c="16 17" t="1"/>
		<b id="18" c="11 17" t="1"/>
		<b id="19" c="4 18" t="1"/>
		<b id="20" c="8 19" t="1"/>
		<b id="21" c="10 20" t="1"/>
		<b id="22" c="11 21" t="1"/>
		<b id="23" c="12 22" t="1"/>
		<b id="24" c="12 23" t="1"/>
		<b id="25" c="13 24" t="1"/>
		<b id="26" c="13 25" t="1"/>
		<b id="27" c="14 26" t="1"/>
		<b id="28" c="15 27" t="1"/>
		<b id="29" c="16 28" t="1"/>
		<b id="30" c="16 29" t="1"/>
		<b id="31" c="17 30" t="1"/>
		<b id="32" c="17 31" t="1"/>
	</bonds>
	<geometry>
		<g u="A" t="cart/3d">#31,3:6.4643,-4.0887,-1.5733;6.3437,-3.0194,-1.1713;6.1639,-1.7101,-0.6897;7.2309,-0.8174,-0.6718;7.1329,0.4280,-0.2533;5.9483,0.8216,0.1804;5.8535,2.4502,0.7272;4.8137,0.0364,0.2239;4.8842,-1.2826,-0.2318;3.8698,-2.1754,-0.2262;2.4190,-2.0263,-0.1426;1.8219,-1.2862,-1.3567;1.5828,0.2044,-1.1512;0.7105,0.4275,0.0864;0.3070,1.7695,0.2191;1.4561,-0.0625,1.3301;1.8863,-1.5277,1.2192;8.2078,-1.1244,-1.0190;3.9018,0.4408,0.6142;4.1476,-3.0737,-0.5979;2.0801,-3.0652,-0.2228;0.8608,-1.7501,-1.5874;2.4766,-1.4424,-2.2170;1.0705,0.6085,-2.0265;2.5264,0.7425,-1.0443;-0.2254,-0.1315,-0.0262;1.0903,2.3252,0.3107;0.8027,0.0401,2.1990;2.3073,0.5982,1.5080;1.0087,-2.1355,1.4467;2.6355,-1.7441,1.9827;</g>
	</geometry>
	<conformers/>
	<properties/>
</molecule>
