<?xml version="1.0" ?>
<!--MOLLI PACKAGE EXPERIMENTAL XML FORMAT-->
<molecule name="el1611">
	<atoms>
		<a id="1" s="C" t="C.3" l="C"/>
		<a id="2" s="N" t="N.3" l="N"/>
		<a id="3" s="C" t="C.3" l="C"/>
		<a id="4" s="C" t="C.3" l="C"/>
		<a id="5" s="C" t="C.3" l="C"/>
		<a id="6" s="C" t="C.3" l="C"/>
		<a id="7" s="C" t="C.3" l="C"/>
		<a id="8" s="O" t="O.3" l="O"/>
		<a id="9" s="C" t="C.ar" l="C"/>
		<a id="10" s="C" t="C.ar" l="C"/>
		<a id="11" s="C" t="C.ar" l="C"/>
		<a id="12" s="C" t="C.ar" l="C"/>
		<a id="13" s="C" t="C.ar" l="C"/>
		<a id="14" s="N" t="N.ar" l="N"/>
		<a id="15" s="C" t="C.ar" l="C"/>
		<a id="16" s="Cl" t="Cl" l="CL"/>
		<a id="17" s="C" t="C.ar" l="C"/>
		<a id="18" s="C" t="C.ar" l="C"/>
		<a id="19" s="N" t="N.ar" l="N"/>
		<a id="20" s="C" t="C.3" l="C"/>
		<a id="21" s="C" t="C.3" l="C"/>
		<a id="22" s="H" t="H" l="H"/>
		<a id="23" s="H" t="H" l="H"/>
		<a id="24" s="H" t="H" l="H"/>
		<a id="25" s="H" t="H" l="H"/>
		<a id="26" s="H" t="H" l="H"/>
		<a id="27" s="H" t="H" l="H"/>
		<a id="28" s="H" t="H" l="H"/>
		<a id="29" s="H" t="H" l="H"/>
		<a id="30" s="H" t="H" l="H"/>
		<a id="31" s="H" t="H" l="H"/>
		<a id="32" s="H" t="H" l="H"/>
		<a id="33" s="H" t="H" l="H"/>
		<a id="34" s="H" t="H" l="H"/>
		<a id="35" s="H" t="H" l="H"/>
		<a id="36" s="H" t="H" l="H"/>
		<a id="37" s="H" t="H" l="H"/>
		<a id="38" s="H" t="H" l="H"/>
		<a id="39" s="H" t="H" l="H"/>
		<a id="40" s="H" t="H" l="H"/>
		<a id="41" s="H" t="H" l="H"/>
	</atoms>
	<bonds>
		<b id="1" c="1 2" t="1"/>
		<b id="2" c="2 3" t="1"/>
		<b id="3" c="3 4" t="1"/>
		<b id="4" c="4 5" t="1"/>
		<b id="5" c="5 6" t="1"/>
		<b id="6" c="6 7" t="1"/>
		<b id="7" c="6 8" t="1"/>
		<b id="8" c="6 9" t="1"/>
		<b id="9" c="9 10" t="ar"/>
		<b id="10" c="10 11" t="ar"/>
		<b id="11" c="11 12" t="ar"/>
		<b id="12" c="12 13" t="ar"/>
		<b id="13" c="13 14" t="ar"/>
		<b id="14" c="14 15" t="ar"/>
		<b id="15" c="15 16" t="1"/>
		<b id="16" c="15 17" t="ar"/>
		<b id="17" c="17 18" t="ar"/>
		<b id="18" c="12 18" t="ar"/>
		<b id="19" c="18 19" t="ar"/>
		<b id="20" c="9 19" t="ar"/>
		<b id="21" c="5 20" t="1"/>
		<b id="22" c="20 21" t="1"/>
		<b id="23" c="2 21" t="1"/>
		<b id="24" c="1 22" t="1"/>
		<b id="25" c="1 23" t="1"/>
		<b id="26" c="1 24" t="1"/>
		<b id="27" c="3 25" t="1"/>
		<b id="28" c="3 26" t="1"/>
		<b id="29" c="4 27" t="1"/>
		<b id="30" c="4 28" t="1"/>
		<b id="31" c="5 29" t="1"/>
		<b id="32" c="7 30" t="1"/>
		<b id="33" c="7 31" t="1"/>
		<b id="34" c="7 32" t="1"/>
		<b id="35" c="8 33" t="1"/>
		<b id="36" c="10 34" t="1"/>
		<b id="37" c="11 35" t="1"/>
		<b id="38" c="13 36" t="1"/>
		<b id="39" c="17 37" t="1"/>
		<b id="40" c="20 38" t="1"/>
		<b id="41" c="20 39" t="1"/>
		<b id="42" c="21 40" t="1"/>
		<b id="43" c="21 41" t="1"/>
	</bonds>
	<geometry>
		<g u="A" t="cart/3d">#41,3:-2.4105,0.8699,0.8217;-1.0176,0.5194,0.6641;-0.8552,-0.6951,-0.1137;0.6020,-1.1516,-0.1133;1.6025,-0.0770,-0.5515;1.8750,-0.0154,-2.0929;0.6459,0.0824,-2.9943;2.7555,1.0660,-2.3666;2.6266,-1.2921,-2.4242;4.0410,-1.2933,-2.4360;4.7041,-2.4573,-2.6986;3.9562,-3.6297,-2.9363;4.5079,-4.8963,-3.2097;3.7894,-5.9638,-3.4225;2.4597,-5.8545,-3.3807;1.6013,-7.3165,-3.6732;1.7788,-4.6909,-3.1276;2.5381,-3.5271,-2.8952;1.9090,-2.3631,-2.6452;1.2325,1.2604,0.1068;-0.2547,1.5948,0.0653;-2.9304,0.0508,1.3163;-2.9124,1.0729,-0.1391;-2.4870,1.7584,1.4472;-1.2252,-0.5571,-1.1431;-1.4607,-1.4776,0.3522;0.7019,-2.0330,-0.7480;0.8534,-1.4368,0.9100;2.5823,-0.3531,-0.1390;0.0422,0.9512,-2.7447;0.0523,-0.8210,-2.9150;0.9838,0.1795,-4.0256;2.2271,1.8688,-2.4253;4.5591,-0.3675,-2.2495;5.7838,-2.5005,-2.7254;5.5815,-5.0306,-3.2519;0.7032,-4.6468,-3.1033;1.8122,2.0780,-0.3249;1.5109,1.1837,1.1598;-0.5921,1.8024,-0.9672;-0.4246,2.5025,0.6525;</g>
	</geometry>
	<conformers/>
	<properties/>
</molecule>
