<?xml version="1.0" ?>
<!--MOLLI PACKAGE EXPERIMENTAL XML FORMAT-->
<molecule name="el1614">
	<atoms>
		<a id="1" s="C" t="C.3" l="C"/>
		<a id="2" s="C" t="C.3" l="C"/>
		<a id="3" s="C" t="C.3" l="C"/>
		<a id="4" s="C" t="C.3" l="C"/>
		<a id="5" s="C" t="C.3" l="C"/>
		<a id="6" s="C" t="C.3" l="C"/>
		<a id="7" s="C" t="C.3" l="C"/>
		<a id="8" s="C" t="C.ar" l="C"/>
		<a id="9" s="N" t="N.ar" l="N"/>
		<a id="10" s="C" t="C.ar" l="C"/>
		<a id="11" s="C" t="C.ar" l="C"/>
		<a id="12" s="Cl" t="Cl" l="CL"/>
		<a id="13" s="N" t="N.ar" l="N"/>
		<a id="14" s="C" t="C.ar" l="C"/>
		<a id="15" s="C" t="C.ar" l="C"/>
		<a id="16" s="C" t="C.ar" l="C"/>
		<a id="17" s="C" t="C.ar" l="C"/>
		<a id="18" s="C" t="C.ar" l="C"/>
		<a id="19" s="C" t="C.ar" l="C"/>
		<a id="20" s="C" t="C.ar" l="C"/>
		<a id="21" s="N" t="N.ar" l="N"/>
		<a id="22" s="H" t="H" l="H"/>
		<a id="23" s="H" t="H" l="H"/>
		<a id="24" s="H" t="H" l="H"/>
		<a id="25" s="H" t="H" l="H"/>
		<a id="26" s="H" t="H" l="H"/>
		<a id="27" s="H" t="H" l="H"/>
		<a id="28" s="H" t="H" l="H"/>
		<a id="29" s="H" t="H" l="H"/>
		<a id="30" s="H" t="H" l="H"/>
		<a id="31" s="H" t="H" l="H"/>
		<a id="32" s="H" t="H" l="H"/>
		<a id="33" s="H" t="H" l="H"/>
		<a id="34" s="H" t="H" l="H"/>
		<a id="35" s="H" t="H" l="H"/>
		<a id="36" s="H" t="H" l="H"/>
		<a id="37" s="H" t="H" l="H"/>
		<a id="38" s="H" t="H" l="H"/>
		<a id="39" s="H" t="H" l="H"/>
		<a id="40" s="H" t="H" l="H"/>
		<a id="41" s="H" t="H" l="H"/>
	</atoms>
	<bonds>
		<b id="1" c="1 2" t="1"/>
		<b id="2" c="2 3" t="1"/>
		<b id="3" c="3 4" t="1"/>
		<b id="4" c="4 5" t="1"/>
		<b id="5" c="5 6" t="1"/>
		<b id="6" c="6 7" t="1"/>
		<b id="7" c="4 8" t="1"/>
		<b id="8" c="8 9" t="ar"/>
		<b id="9" c="9 10" t="ar"/>
		<b id="10" c="10 11" t="ar"/>
		<b id="11" c="11 12" t="1"/>
		<b id="12" c="11 13" t="ar"/>
		<b id="13" c="13 14" t="ar"/>
		<b id="14" c="14 15" t="ar"/>
		<b id="15" c="15 16" t="ar"/>
		<b id="16" c="16 17" t="ar"/>
		<b id="17" c="17 18" t="ar"/>
		<b id="18" c="18 19" t="ar"/>
		<b id="19" c="14 19" t="ar"/>
		<b id="20" c="19 20" t="ar"/>
		<b id="21" c="10 20" t="ar"/>
		<b id="22" c="20 21" t="ar"/>
		<b id="23" c="8 21" t="ar"/>
		<b id="24" c="1 22" t="1"/>
		<b id="25" c="1 23" t="1"/>
		<b id="26" c="1 24" t="1"/>
		<b id="27" c="2 25" t="1"/>
		<b id="28" c="2 26" t="1"/>
		<b id="29" c="3 27" t="1"/>
		<b id="30" c="3 28" t="1"/>
		<b id="31" c="4 29" t="1"/>
		<b id="32" c="5 30" t="1"/>
		<b id="33" c="5 31" t="1"/>
		<b id="34" c="6 32" t="1"/>
		<b id="35" c="6 33" t="1"/>
		<b id="36" c="7 34" t="1"/>
		<b id="37" c="7 35" t="1"/>
		<b id="38" c="7 36" t="1"/>
		<b id="39" c="15 37" t="1"/>
		<b id="40" c="16 38" t="1"/>
		<b id="41" c="17 39" t="1"/>
		<b id="42" c="18 40" t="1"/>
		<b id="43" c="21 41" t="1"/>
	</bonds>
	<geometry>
		<g u="A" t="cart/3d">#41,3:2.8582,-0.8306,1.2768;2.3833,-0.0626,0.0481;2.9688,1.3452,-0.0502;4.4981,1.4086,-0.1497;5.0854,0.6352,-1.3448;4.6284,1.1640,-2.7026;5.3568,0.4610,-3.8420;4.9182,2.8389,-0.2106;4.1198,3.8647,-0.2526;4.9240,4.9669,-0.3016;4.6433,6.3469,-0.3541;3.0220,6.8936,-0.3652;5.5791,7.2423,-0.3929;6.8837,6.8760,-0.3876;7.8545,7.8917,-0.4340;9.1886,7.5785,-0.4349;9.6092,6.2441,-0.3900;8.6902,5.2281,-0.3413;7.3174,5.5199,-0.3378;6.2728,4.5746,-0.2900;6.2408,3.2120,-0.2283;2.3075,-1.7635,1.3741;2.6959,-0.2427,2.1775;3.9163,-1.0724,1.2082;1.2965,0.0343,0.0943;2.6175,-0.6333,-0.8521;2.6739,1.9166,0.8313;2.5439,1.8579,-0.9125;4.9281,0.9784,0.7646;4.8135,-0.4174,-1.2548;6.1775,0.6860,-1.2978;4.8142,2.2390,-2.7580;3.5551,1.0091,-2.8144;6.4305,0.6264,-3.7743;5.0143,0.8365,-4.8029;5.1744,-0.6112,-3.8081;7.5122,8.9134,-0.4692;9.9287,8.3640,-0.4711;10.6652,6.0178,-0.3939;9.0159,4.1976,-0.3068;7.0367,2.5972,-0.2002;</g>
	</geometry>
	<conformers/>
	<properties/>
</molecule>
