<?xml version="1.0" ?>
<!--MOLLI PACKAGE EXPERIMENTAL XML FORMAT-->
<molecule name="el1617">
	<atoms>
		<a id="1" s="Cl" t="Cl" l="CL"/>
		<a id="2" s="C" t="C.ar" l="C"/>
		<a id="3" s="N" t="N.ar" l="N"/>
		<a id="4" s="C" t="C.ar" l="C"/>
		<a id="5" s="C" t="C.ar" l="C"/>
		<a id="6" s="C" t="C.ar" l="C"/>
		<a id="7" s="C" t="C.ar" l="C"/>
		<a id="8" s="C" t="C.ar" l="C"/>
		<a id="9" s="C" t="C.ar" l="C"/>
		<a id="10" s="C" t="C.ar" l="C"/>
		<a id="11" s="N" t="N.ar" l="N"/>
		<a id="12" s="C" t="C.ar" l="C"/>
		<a id="13" s="C" t="C.3" l="C"/>
		<a id="14" s="C" t="C.3" l="C"/>
		<a id="15" s="C" t="C.3" l="C"/>
		<a id="16" s="C" t="C.2" l="C"/>
		<a id="17" s="C" t="C.2" l="C"/>
		<a id="18" s="C" t="C.3" l="C"/>
		<a id="19" s="C" t="C.3" l="C"/>
		<a id="20" s="N" t="N.ar" l="N"/>
		<a id="21" s="C" t="C.ar" l="C"/>
		<a id="22" s="H" t="H" l="H"/>
		<a id="23" s="H" t="H" l="H"/>
		<a id="24" s="H" t="H" l="H"/>
		<a id="25" s="H" t="H" l="H"/>
		<a id="26" s="H" t="H" l="H"/>
		<a id="27" s="H" t="H" l="H"/>
		<a id="28" s="H" t="H" l="H"/>
		<a id="29" s="H" t="H" l="H"/>
		<a id="30" s="H" t="H" l="H"/>
		<a id="31" s="H" t="H" l="H"/>
		<a id="32" s="H" t="H" l="H"/>
		<a id="33" s="H" t="H" l="H"/>
		<a id="34" s="H" t="H" l="H"/>
		<a id="35" s="H" t="H" l="H"/>
		<a id="36" s="H" t="H" l="H"/>
		<a id="37" s="H" t="H" l="H"/>
	</atoms>
	<bonds>
		<b id="1" c="1 2" t="1"/>
		<b id="2" c="2 3" t="ar"/>
		<b id="3" c="3 4" t="ar"/>
		<b id="4" c="4 5" t="ar"/>
		<b id="5" c="5 6" t="ar"/>
		<b id="6" c="6 7" t="ar"/>
		<b id="7" c="7 8" t="ar"/>
		<b id="8" c="8 9" t="ar"/>
		<b id="9" c="4 9" t="ar"/>
		<b id="10" c="9 10" t="ar"/>
		<b id="11" c="10 11" t="ar"/>
		<b id="12" c="11 12" t="ar"/>
		<b id="13" c="12 13" t="1"/>
		<b id="14" c="13 14" t="1"/>
		<b id="15" c="14 15" t="1"/>
		<b id="16" c="15 16" t="1"/>
		<b id="17" c="16 17" t="2"/>
		<b id="18" c="17 18" t="1"/>
		<b id="19" c="18 19" t="1"/>
		<b id="20" c="13 19" t="1"/>
		<b id="21" c="12 20" t="ar"/>
		<b id="22" c="20 21" t="ar"/>
		<b id="23" c="2 21" t="ar"/>
		<b id="24" c="10 21" t="ar"/>
		<b id="25" c="5 22" t="1"/>
		<b id="26" c="6 23" t="1"/>
		<b id="27" c="7 24" t="1"/>
		<b id="28" c="8 25" t="1"/>
		<b id="29" c="11 26" t="1"/>
		<b id="30" c="13 27" t="1"/>
		<b id="31" c="14 28" t="1"/>
		<b id="32" c="14 29" t="1"/>
		<b id="33" c="15 30" t="1"/>
		<b id="34" c="15 31" t="1"/>
		<b id="35" c="16 32" t="1"/>
		<b id="36" c="17 33" t="1"/>
		<b id="37" c="18 34" t="1"/>
		<b id="38" c="18 35" t="1"/>
		<b id="39" c="19 36" t="1"/>
		<b id="40" c="19 37" t="1"/>
	</bonds>
	<geometry>
		<g u="A" t="cart/3d">#37,3:1.1403,0.1433,-0.0533;2.8480,0.0446,-0.0407;3.5141,1.1557,-0.0427;4.8691,1.1465,-0.0331;5.5364,2.3837,-0.0361;6.9058,2.4348,-0.0269;7.6643,1.2584,-0.0143;7.0469,0.0344,-0.0110;5.6458,-0.0480,-0.0202;4.8883,-1.2372,-0.0182;5.2177,-2.5617,-0.0077;4.0409,-3.2681,-0.0120;3.9862,-4.7567,-0.0026;4.6077,-5.2936,1.2940;4.3233,-6.7821,1.5242;5.1973,-7.6766,0.6966;5.2148,-7.6862,-0.6269;4.3633,-6.8039,-1.4902;4.6421,-5.3122,-1.2740;2.9988,-2.4898,-0.0242;3.4835,-1.2134,-0.0285;4.9360,3.2791,-0.0459;7.4113,3.3889,-0.0293;8.7424,1.3198,-0.0072;7.6335,-0.8738,-0.0013;6.1463,-2.9482,0.0014;2.9233,-5.0169,-0.0147;4.1886,-4.7249,2.1279;5.6888,-5.1330,1.2871;3.2723,-6.9768,1.2925;4.4770,-7.0086,2.5802;5.8511,-8.3438,1.2409;5.8825,-8.3612,-1.1440;3.3064,-6.9952,-1.2833;4.5446,-7.0457,-2.5384;4.2461,-4.7556,-2.1271;5.7228,-5.1520,-1.2404;</g>
	</geometry>
	<conformers/>
	<properties/>
</molecule>
