<?xml version="1.0" ?>
<!--MOLLI PACKAGE EXPERIMENTAL XML FORMAT-->
<molecule name="el1619">
	<atoms>
		<a id="1" s="Cl" t="Cl" l="CL"/>
		<a id="2" s="C" t="C.ar" l="C"/>
		<a id="3" s="N" t="N.ar" l="N"/>
		<a id="4" s="C" t="C.ar" l="C"/>
		<a id="5" s="C" t="C.ar" l="C"/>
		<a id="6" s="C" t="C.ar" l="C"/>
		<a id="7" s="C" t="C.ar" l="C"/>
		<a id="8" s="C" t="C.ar" l="C"/>
		<a id="9" s="C" t="C.ar" l="C"/>
		<a id="10" s="C" t="C.ar" l="C"/>
		<a id="11" s="N" t="N.ar" l="N"/>
		<a id="12" s="C" t="C.ar" l="C"/>
		<a id="13" s="C" t="C.3" l="C"/>
		<a id="14" s="C" t="C.3" l="C"/>
		<a id="15" s="C" t="C.3" l="C"/>
		<a id="16" s="C" t="C.3" l="C"/>
		<a id="17" s="C" t="C.3" l="C"/>
		<a id="18" s="C" t="C.3" l="C"/>
		<a id="19" s="C" t="C.3" l="C"/>
		<a id="20" s="C" t="C.3" l="C"/>
		<a id="21" s="C" t="C.3" l="C"/>
		<a id="22" s="N" t="N.ar" l="N"/>
		<a id="23" s="C" t="C.ar" l="C"/>
		<a id="24" s="H" t="H" l="H"/>
		<a id="25" s="H" t="H" l="H"/>
		<a id="26" s="H" t="H" l="H"/>
		<a id="27" s="H" t="H" l="H"/>
		<a id="28" s="H" t="H" l="H"/>
		<a id="29" s="H" t="H" l="H"/>
		<a id="30" s="H" t="H" l="H"/>
		<a id="31" s="H" t="H" l="H"/>
		<a id="32" s="H" t="H" l="H"/>
		<a id="33" s="H" t="H" l="H"/>
		<a id="34" s="H" t="H" l="H"/>
		<a id="35" s="H" t="H" l="H"/>
		<a id="36" s="H" t="H" l="H"/>
		<a id="37" s="H" t="H" l="H"/>
		<a id="38" s="H" t="H" l="H"/>
		<a id="39" s="H" t="H" l="H"/>
		<a id="40" s="H" t="H" l="H"/>
		<a id="41" s="H" t="H" l="H"/>
		<a id="42" s="H" t="H" l="H"/>
		<a id="43" s="H" t="H" l="H"/>
	</atoms>
	<bonds>
		<b id="1" c="1 2" t="1"/>
		<b id="2" c="2 3" t="ar"/>
		<b id="3" c="3 4" t="ar"/>
		<b id="4" c="4 5" t="ar"/>
		<b id="5" c="5 6" t="ar"/>
		<b id="6" c="6 7" t="ar"/>
		<b id="7" c="7 8" t="ar"/>
		<b id="8" c="8 9" t="ar"/>
		<b id="9" c="4 9" t="ar"/>
		<b id="10" c="9 10" t="ar"/>
		<b id="11" c="10 11" t="ar"/>
		<b id="12" c="11 12" t="ar"/>
		<b id="13" c="13 14" t="1"/>
		<b id="14" c="14 15" t="1"/>
		<b id="15" c="15 16" t="1"/>
		<b id="16" c="16 17" t="1"/>
		<b id="17" c="17 18" t="1"/>
		<b id="18" c="18 19" t="1"/>
		<b id="19" c="19 20" t="1"/>
		<b id="20" c="13 20" t="1"/>
		<b id="21" c="17 21" t="1"/>
		<b id="22" c="13 21" t="1"/>
		<b id="23" c="12 22" t="ar"/>
		<b id="24" c="22 23" t="ar"/>
		<b id="25" c="2 23" t="ar"/>
		<b id="26" c="10 23" t="ar"/>
		<b id="27" c="12 13" t="1"/>
		<b id="28" c="5 24" t="1"/>
		<b id="29" c="6 25" t="1"/>
		<b id="30" c="7 26" t="1"/>
		<b id="31" c="8 27" t="1"/>
		<b id="32" c="11 28" t="1"/>
		<b id="33" c="14 29" t="1"/>
		<b id="34" c="14 30" t="1"/>
		<b id="35" c="15 31" t="1"/>
		<b id="36" c="15 32" t="1"/>
		<b id="37" c="16 33" t="1"/>
		<b id="38" c="16 34" t="1"/>
		<b id="39" c="17 35" t="1"/>
		<b id="40" c="18 36" t="1"/>
		<b id="41" c="18 37" t="1"/>
		<b id="42" c="19 38" t="1"/>
		<b id="43" c="19 39" t="1"/>
		<b id="44" c="20 40" t="1"/>
		<b id="45" c="20 41" t="1"/>
		<b id="46" c="21 42" t="1"/>
		<b id="47" c="21 43" t="1"/>
	</bonds>
	<geometry>
		<g u="A" t="cart/3d">#43,3:1.0308,-0.1091,-0.1317;2.7412,-0.1249,-0.1504;3.3518,1.0142,-0.2425;4.7056,1.0701,-0.2634;5.3120,2.3345,-0.3620;6.6771,2.4505,-0.3884;7.4921,1.3145,-0.3182;6.9349,0.0659,-0.2201;5.5396,-0.0825,-0.1901;4.8412,-1.3028,-0.0883;5.2348,-2.6055,0.0097;4.0946,-3.3676,0.0867;4.1308,-4.8582,0.2258;4.8073,-5.1751,1.5739;4.7384,-6.6452,1.9872;3.3578,-7.2584,1.7601;2.7305,-6.9034,0.4086;3.4146,-7.5256,-0.8127;4.8014,-6.9580,-1.1109;4.8539,-5.4336,-1.0065;2.6976,-5.3885,0.2513;3.0165,-2.6413,0.0426;3.4375,-1.3472,-0.0663;4.6684,3.1978,-0.4153;7.1360,3.4250,-0.4643;8.5659,1.4270,-0.3413;7.5649,-0.8111,-0.1654;6.1825,-2.9419,0.0249;4.2991,-4.5746,2.3334;5.8546,-4.8609,1.5521;4.9849,-6.7151,3.0501;5.4957,-7.2189,1.4569;2.6824,-6.8940,2.5384;3.4243,-8.3435,1.8649;1.7003,-7.2784,0.4249;2.7700,-7.3417,-1.6760;3.4893,-8.6076,-0.6840;5.0881,-7.2437,-2.1267;5.5395,-7.4023,-0.4462;4.3714,-5.0048,-1.8893;5.8999,-5.1147,-1.0148;2.1553,-4.9258,1.0758;2.1911,-5.1073,-0.6722;</g>
	</geometry>
	<conformers/>
	<properties/>
</molecule>
