<?xml version="1.0" ?>
<!--MOLLI PACKAGE EXPERIMENTAL XML FORMAT-->
<molecule name="el1242">
	<atoms>
		<a id="1" s="C" t="C.3" l="C"/>
		<a id="2" s="C" t="C.3" l="C"/>
		<a id="3" s="O" t="O.3" l="O"/>
		<a id="4" s="C" t="C.ar" l="C"/>
		<a id="5" s="C" t="C.ar" l="C"/>
		<a id="6" s="C" t="C.ar" l="C"/>
		<a id="7" s="C" t="C.ar" l="C"/>
		<a id="8" s="N" t="N.ar" l="N"/>
		<a id="9" s="C" t="C.ar" l="C"/>
		<a id="10" s="Br" t="Br" l="BR"/>
		<a id="11" s="C" t="C.ar" l="C"/>
		<a id="12" s="C" t="C.ar" l="C"/>
		<a id="13" s="C" t="C.ar" l="C"/>
		<a id="14" s="C" t="C.ar" l="C"/>
		<a id="15" s="C" t="C.ar" l="C"/>
		<a id="16" s="C" t="C.2" l="C"/>
		<a id="17" s="O" t="O.2" l="O"/>
		<a id="18" s="N" t="N.am" l="N"/>
		<a id="19" s="C" t="C.3" l="C"/>
		<a id="20" s="C" t="C.ar" l="C"/>
		<a id="21" s="C" t="C.ar" l="C"/>
		<a id="22" s="C" t="C.ar" l="C"/>
		<a id="23" s="C" t="C.ar" l="C"/>
		<a id="24" s="C" t="C.ar" l="C"/>
		<a id="25" s="C" t="C.ar" l="C"/>
		<a id="26" s="S" t="S.O2" l="S"/>
		<a id="27" s="O" t="O.2" l="O"/>
		<a id="28" s="O" t="O.2" l="O"/>
		<a id="29" s="C" t="C.3" l="C"/>
		<a id="30" s="C" t="C.3" l="C"/>
		<a id="31" s="C" t="C.3" l="C"/>
		<a id="32" s="C" t="C.ar" l="C"/>
		<a id="33" s="H" t="H" l="H"/>
		<a id="34" s="H" t="H" l="H"/>
		<a id="35" s="H" t="H" l="H"/>
		<a id="36" s="H" t="H" l="H"/>
		<a id="37" s="H" t="H" l="H"/>
		<a id="38" s="H" t="H" l="H"/>
		<a id="39" s="H" t="H" l="H"/>
		<a id="40" s="H" t="H" l="H"/>
		<a id="41" s="H" t="H" l="H"/>
		<a id="42" s="H" t="H" l="H"/>
		<a id="43" s="H" t="H" l="H"/>
		<a id="44" s="H" t="H" l="H"/>
		<a id="45" s="H" t="H" l="H"/>
		<a id="46" s="H" t="H" l="H"/>
		<a id="47" s="H" t="H" l="H"/>
		<a id="48" s="H" t="H" l="H"/>
		<a id="49" s="H" t="H" l="H"/>
		<a id="50" s="H" t="H" l="H"/>
		<a id="51" s="H" t="H" l="H"/>
		<a id="52" s="H" t="H" l="H"/>
		<a id="53" s="H" t="H" l="H"/>
		<a id="54" s="H" t="H" l="H"/>
		<a id="55" s="H" t="H" l="H"/>
		<a id="56" s="H" t="H" l="H"/>
		<a id="57" s="H" t="H" l="H"/>
	</atoms>
	<bonds>
		<b id="1" c="1 2" t="1"/>
		<b id="2" c="2 3" t="1"/>
		<b id="3" c="3 4" t="1"/>
		<b id="4" c="4 5" t="ar"/>
		<b id="5" c="5 6" t="ar"/>
		<b id="6" c="6 7" t="ar"/>
		<b id="7" c="7 8" t="ar"/>
		<b id="8" c="8 9" t="ar"/>
		<b id="9" c="4 9" t="ar"/>
		<b id="10" c="9 10" t="1"/>
		<b id="11" c="2 11" t="1"/>
		<b id="12" c="11 12" t="ar"/>
		<b id="13" c="12 13" t="ar"/>
		<b id="14" c="13 14" t="ar"/>
		<b id="15" c="14 15" t="ar"/>
		<b id="16" c="15 16" t="1"/>
		<b id="17" c="16 17" t="2"/>
		<b id="18" c="16 18" t="am"/>
		<b id="19" c="18 19" t="1"/>
		<b id="20" c="19 20" t="1"/>
		<b id="21" c="20 21" t="ar"/>
		<b id="22" c="21 22" t="ar"/>
		<b id="23" c="22 23" t="ar"/>
		<b id="24" c="23 24" t="ar"/>
		<b id="25" c="24 25" t="ar"/>
		<b id="26" c="20 25" t="ar"/>
		<b id="27" c="25 26" t="1"/>
		<b id="28" c="26 27" t="2"/>
		<b id="29" c="26 28" t="2"/>
		<b id="30" c="26 29" t="1"/>
		<b id="31" c="29 30" t="1"/>
		<b id="32" c="29 31" t="1"/>
		<b id="33" c="15 32" t="ar"/>
		<b id="34" c="11 32" t="ar"/>
		<b id="35" c="1 33" t="1"/>
		<b id="36" c="1 34" t="1"/>
		<b id="37" c="1 35" t="1"/>
		<b id="38" c="2 36" t="1"/>
		<b id="39" c="5 37" t="1"/>
		<b id="40" c="6 38" t="1"/>
		<b id="41" c="7 39" t="1"/>
		<b id="42" c="12 40" t="1"/>
		<b id="43" c="13 41" t="1"/>
		<b id="44" c="14 42" t="1"/>
		<b id="45" c="18 43" t="1"/>
		<b id="46" c="19 44" t="1"/>
		<b id="47" c="19 45" t="1"/>
		<b id="48" c="21 46" t="1"/>
		<b id="49" c="22 47" t="1"/>
		<b id="50" c="23 48" t="1"/>
		<b id="51" c="24 49" t="1"/>
		<b id="52" c="29 50" t="1"/>
		<b id="53" c="30 51" t="1"/>
		<b id="54" c="30 52" t="1"/>
		<b id="55" c="30 53" t="1"/>
		<b id="56" c="31 54" t="1"/>
		<b id="57" c="31 55" t="1"/>
		<b id="58" c="31 56" t="1"/>
		<b id="59" c="32 57" t="1"/>
	</bonds>
	<geometry>
		<g u="A" t="cart/3d">#57,3:2.4678,5.3961,-0.6522;1.8470,4.5480,-1.7654;1.9907,5.1996,-3.0255;1.1591,6.1769,-3.4041;0.0409,6.6640,-2.7319;-0.7245,7.6614,-3.3215;-0.3542,8.1544,-4.5591;0.7162,7.7110,-5.2027;1.4308,6.7726,-4.6480;2.9535,6.1652,-5.6008;2.5800,3.2340,-1.8904;2.0435,2.0383,-1.4364;2.7620,0.8610,-1.5715;4.0190,0.8696,-2.1496;4.5707,2.0679,-2.5848;5.9212,2.1260,-3.2217;6.3313,1.3104,-4.0238;6.6469,3.1842,-2.7852;7.7890,3.6820,-3.5147;7.3637,4.7731,-4.4702;7.3854,4.5095,-5.8369;6.9523,5.4435,-6.7614;6.4824,6.6738,-6.3359;6.4447,6.9496,-4.9814;6.8718,6.0102,-4.0596;6.7127,6.5467,-2.3339;6.1347,7.8629,-2.3399;5.9842,5.5544,-1.5640;8.4036,6.6916,-1.6251;9.2068,7.5525,-2.5742;8.2254,7.2973,-0.2486;3.8395,3.2423,-2.4674;1.9803,6.3669,-0.5872;3.5254,5.5501,-0.8589;2.3650,4.8817,0.3000;0.7830,4.3613,-1.5620;-0.2364,6.2750,-1.7645;-1.5974,8.0435,-2.8169;-0.9150,8.9274,-5.0633;1.0620,2.0230,-0.9834;2.3340,-0.0685,-1.2265;4.5832,-0.0433,-2.2653;6.2105,3.8577,-2.1622;8.2007,2.8414,-4.0796;8.5429,4.0387,-2.8067;7.7352,3.5455,-6.1727;6.9731,5.2047,-7.8132;6.1335,7.4059,-7.0460;6.0690,7.8892,-4.6097;8.7969,5.6787,-1.5554;8.6918,8.4998,-2.7187;9.3160,7.0660,-3.5417;10.1978,7.7513,-2.1707;7.7417,8.2670,-0.3412;9.1851,7.4217,0.2499;7.5911,6.6536,0.3569;4.2292,4.1741,-2.8461;</g>
	</geometry>
	<conformers/>
	<properties/>
</molecule>
