<?xml version="1.0" ?>
<!--MOLLI PACKAGE EXPERIMENTAL XML FORMAT-->
<molecule name="el1620">
	<atoms>
		<a id="1" s="Cl" t="Cl" l="CL"/>
		<a id="2" s="C" t="C.ar" l="C"/>
		<a id="3" s="N" t="N.ar" l="N"/>
		<a id="4" s="C" t="C.ar" l="C"/>
		<a id="5" s="C" t="C.ar" l="C"/>
		<a id="6" s="C" t="C.ar" l="C"/>
		<a id="7" s="C" t="C.ar" l="C"/>
		<a id="8" s="C" t="C.ar" l="C"/>
		<a id="9" s="C" t="C.ar" l="C"/>
		<a id="10" s="C" t="C.ar" l="C"/>
		<a id="11" s="N" t="N.ar" l="N"/>
		<a id="12" s="C" t="C.ar" l="C"/>
		<a id="13" s="C" t="C.3" l="C"/>
		<a id="14" s="C" t="C.3" l="C"/>
		<a id="15" s="C" t="C.3" l="C"/>
		<a id="16" s="C" t="C.3" l="C"/>
		<a id="17" s="C" t="C.3" l="C"/>
		<a id="18" s="C" t="C.3" l="C"/>
		<a id="19" s="C" t="C.3" l="C"/>
		<a id="20" s="C" t="C.3" l="C"/>
		<a id="21" s="C" t="C.3" l="C"/>
		<a id="22" s="N" t="N.ar" l="N"/>
		<a id="23" s="C" t="C.ar" l="C"/>
		<a id="24" s="H" t="H" l="H"/>
		<a id="25" s="H" t="H" l="H"/>
		<a id="26" s="H" t="H" l="H"/>
		<a id="27" s="H" t="H" l="H"/>
		<a id="28" s="H" t="H" l="H"/>
		<a id="29" s="H" t="H" l="H"/>
		<a id="30" s="H" t="H" l="H"/>
		<a id="31" s="H" t="H" l="H"/>
		<a id="32" s="H" t="H" l="H"/>
		<a id="33" s="H" t="H" l="H"/>
		<a id="34" s="H" t="H" l="H"/>
		<a id="35" s="H" t="H" l="H"/>
		<a id="36" s="H" t="H" l="H"/>
		<a id="37" s="H" t="H" l="H"/>
		<a id="38" s="H" t="H" l="H"/>
		<a id="39" s="H" t="H" l="H"/>
		<a id="40" s="H" t="H" l="H"/>
		<a id="41" s="H" t="H" l="H"/>
		<a id="42" s="H" t="H" l="H"/>
		<a id="43" s="H" t="H" l="H"/>
	</atoms>
	<bonds>
		<b id="1" c="1 2" t="1"/>
		<b id="2" c="2 3" t="ar"/>
		<b id="3" c="3 4" t="ar"/>
		<b id="4" c="4 5" t="ar"/>
		<b id="5" c="5 6" t="ar"/>
		<b id="6" c="6 7" t="ar"/>
		<b id="7" c="7 8" t="ar"/>
		<b id="8" c="8 9" t="ar"/>
		<b id="9" c="4 9" t="ar"/>
		<b id="10" c="9 10" t="ar"/>
		<b id="11" c="10 11" t="ar"/>
		<b id="12" c="11 12" t="ar"/>
		<b id="13" c="12 13" t="1"/>
		<b id="14" c="13 14" t="1"/>
		<b id="15" c="14 15" t="1"/>
		<b id="16" c="15 16" t="1"/>
		<b id="17" c="16 17" t="1"/>
		<b id="18" c="17 18" t="1"/>
		<b id="19" c="18 19" t="1"/>
		<b id="20" c="19 20" t="1"/>
		<b id="21" c="15 20" t="1"/>
		<b id="22" c="19 21" t="1"/>
		<b id="23" c="13 21" t="1"/>
		<b id="24" c="12 22" t="ar"/>
		<b id="25" c="22 23" t="ar"/>
		<b id="26" c="2 23" t="ar"/>
		<b id="27" c="10 23" t="ar"/>
		<b id="28" c="5 24" t="1"/>
		<b id="29" c="6 25" t="1"/>
		<b id="30" c="7 26" t="1"/>
		<b id="31" c="8 27" t="1"/>
		<b id="32" c="11 28" t="1"/>
		<b id="33" c="13 29" t="1"/>
		<b id="34" c="14 30" t="1"/>
		<b id="35" c="14 31" t="1"/>
		<b id="36" c="15 32" t="1"/>
		<b id="37" c="16 33" t="1"/>
		<b id="38" c="16 34" t="1"/>
		<b id="39" c="17 35" t="1"/>
		<b id="40" c="17 36" t="1"/>
		<b id="41" c="18 37" t="1"/>
		<b id="42" c="18 38" t="1"/>
		<b id="43" c="19 39" t="1"/>
		<b id="44" c="20 40" t="1"/>
		<b id="45" c="20 41" t="1"/>
		<b id="46" c="21 42" t="1"/>
		<b id="47" c="21 43" t="1"/>
	</bonds>
	<geometry>
		<g u="A" t="cart/3d">#43,3:8.2173,-1.9430,1.7581;7.8042,-1.7413,0.1093;8.5610,-0.9742,-0.6101;8.2885,-0.7713,-1.9217;9.1453,0.0699,-2.6529;8.9156,0.3094,-3.9824;7.8258,-0.2770,-4.6367;6.9696,-1.1021,-3.9550;7.1811,-1.3654,-2.5928;6.3817,-2.1920,-1.7788;5.2567,-2.9303,-2.0106;4.9087,-3.5233,-0.8216;3.7879,-4.5030,-0.6864;2.5787,-4.2565,-1.6086;1.4222,-3.4397,-1.0193;1.6825,-1.9385,-0.8711;2.7226,-1.6022,0.1930;2.5024,-2.3722,1.4921;2.2111,-3.8611,1.2865;1.0316,-4.0223,0.3338;3.3937,-4.6987,0.7889;5.7500,-3.2325,0.1315;6.6756,-2.3967,-0.4213;9.9794,0.5134,-2.1335;9.5782,0.9564,-4.5377;7.6623,-0.0756,-5.6849;6.1279,-1.5551,-4.4607;4.7752,-3.0128,-2.8897;4.2397,-5.4516,-1.0173;2.1662,-5.2368,-1.8629;2.8965,-3.7984,-2.5479;0.5804,-3.5522,-1.7153;0.7333,-1.4676,-0.6010;1.9920,-1.5169,-1.8316;2.6858,-0.5301,0.4025;3.7179,-1.8133,-0.1845;1.6491,-1.9385,2.0210;3.3824,-2.2576,2.1271;1.9354,-4.2701,2.2662;0.1573,-3.4991,0.7257;0.7734,-5.0784,0.2276;3.1226,-5.7481,0.9268;4.2727,-4.4938,1.3995;</g>
	</geometry>
	<conformers/>
	<properties/>
</molecule>
