<?xml version="1.0" ?>
<!--MOLLI PACKAGE EXPERIMENTAL XML FORMAT-->
<molecule name="el1621">
	<atoms>
		<a id="1" s="C" t="C.3" l="C"/>
		<a id="2" s="C" t="C.ar" l="C"/>
		<a id="3" s="C" t="C.ar" l="C"/>
		<a id="4" s="N" t="N.ar" l="N"/>
		<a id="5" s="C" t="C.ar" l="C"/>
		<a id="6" s="Cl" t="Cl" l="CL"/>
		<a id="7" s="N" t="N.ar" l="N"/>
		<a id="8" s="C" t="C.ar" l="C"/>
		<a id="9" s="N" t="N.pl3" l="N"/>
		<a id="10" s="C" t="C.3" l="C"/>
		<a id="11" s="C" t="C.3" l="C"/>
		<a id="12" s="C" t="C.3" l="C"/>
		<a id="13" s="C" t="C.1" l="C"/>
		<a id="14" s="N" t="N.1" l="N"/>
		<a id="15" s="N" t="N.3" l="N"/>
		<a id="16" s="C" t="C.3" l="C"/>
		<a id="17" s="C" t="C.3" l="C"/>
		<a id="18" s="N" t="N.3" l="N"/>
		<a id="19" s="C" t="C.3" l="C"/>
		<a id="20" s="C" t="C.3" l="C"/>
		<a id="21" s="C" t="C.3" l="C"/>
		<a id="22" s="C" t="C.3" l="C"/>
		<a id="23" s="H" t="H" l="H"/>
		<a id="24" s="H" t="H" l="H"/>
		<a id="25" s="H" t="H" l="H"/>
		<a id="26" s="H" t="H" l="H"/>
		<a id="27" s="H" t="H" l="H"/>
		<a id="28" s="H" t="H" l="H"/>
		<a id="29" s="H" t="H" l="H"/>
		<a id="30" s="H" t="H" l="H"/>
		<a id="31" s="H" t="H" l="H"/>
		<a id="32" s="H" t="H" l="H"/>
		<a id="33" s="H" t="H" l="H"/>
		<a id="34" s="H" t="H" l="H"/>
		<a id="35" s="H" t="H" l="H"/>
		<a id="36" s="H" t="H" l="H"/>
		<a id="37" s="H" t="H" l="H"/>
		<a id="38" s="H" t="H" l="H"/>
		<a id="39" s="H" t="H" l="H"/>
		<a id="40" s="H" t="H" l="H"/>
		<a id="41" s="H" t="H" l="H"/>
		<a id="42" s="H" t="H" l="H"/>
		<a id="43" s="H" t="H" l="H"/>
	</atoms>
	<bonds>
		<b id="1" c="1 2" t="1"/>
		<b id="2" c="2 3" t="ar"/>
		<b id="3" c="3 4" t="ar"/>
		<b id="4" c="4 5" t="ar"/>
		<b id="5" c="5 6" t="1"/>
		<b id="6" c="5 7" t="ar"/>
		<b id="7" c="7 8" t="ar"/>
		<b id="8" c="2 8" t="ar"/>
		<b id="9" c="8 9" t="1"/>
		<b id="10" c="9 10" t="1"/>
		<b id="11" c="10 11" t="1"/>
		<b id="12" c="11 12" t="1"/>
		<b id="13" c="12 13" t="1"/>
		<b id="14" c="13 14" t="3"/>
		<b id="15" c="11 15" t="1"/>
		<b id="16" c="15 16" t="1"/>
		<b id="17" c="16 17" t="1"/>
		<b id="18" c="17 18" t="1"/>
		<b id="19" c="18 19" t="1"/>
		<b id="20" c="18 20" t="1"/>
		<b id="21" c="20 21" t="1"/>
		<b id="22" c="15 21" t="1"/>
		<b id="23" c="11 22" t="1"/>
		<b id="24" c="9 22" t="1"/>
		<b id="25" c="1 23" t="1"/>
		<b id="26" c="1 24" t="1"/>
		<b id="27" c="1 25" t="1"/>
		<b id="28" c="3 26" t="1"/>
		<b id="29" c="10 27" t="1"/>
		<b id="30" c="10 28" t="1"/>
		<b id="31" c="12 29" t="1"/>
		<b id="32" c="12 30" t="1"/>
		<b id="33" c="16 31" t="1"/>
		<b id="34" c="16 32" t="1"/>
		<b id="35" c="17 33" t="1"/>
		<b id="36" c="17 34" t="1"/>
		<b id="37" c="19 35" t="1"/>
		<b id="38" c="19 36" t="1"/>
		<b id="39" c="19 37" t="1"/>
		<b id="40" c="20 38" t="1"/>
		<b id="41" c="20 39" t="1"/>
		<b id="42" c="21 40" t="1"/>
		<b id="43" c="21 41" t="1"/>
		<b id="44" c="22 42" t="1"/>
		<b id="45" c="22 43" t="1"/>
	</bonds>
	<geometry>
		<g u="A" t="cart/3d">#43,3:3.7661,1.5371,-2.8103;3.6929,0.8559,-1.4796;4.3160,-0.3528,-1.2555;4.2500,-1.0264,-0.1063;3.5140,-0.4706,0.8252;3.3924,-1.3083,2.3109;2.8656,0.6693,0.7603;2.9528,1.3643,-0.3823;2.2496,2.5131,-0.4114;1.6289,3.0973,0.7696;2.1969,4.4887,0.3580;1.1130,5.5692,0.1865;0.1216,5.2059,-0.7932;-0.6777,4.9316,-1.5629;3.3227,5.0360,1.0786;4.5371,4.2468,1.2285;4.5914,3.3566,2.4766;4.3229,4.1352,3.6708;4.4031,3.3232,4.8644;3.0487,4.8157,3.5522;3.0902,5.7377,2.3303;2.6011,3.8101,-0.9776;4.0290,0.8125,-3.5775;4.5278,2.3168,-2.8141;2.8090,1.9866,-3.0632;4.9024,-0.8297,-2.0300;1.9721,2.6589,1.7034;0.5395,3.0301,0.7122;1.5855,6.5048,-0.1258;0.5839,5.7314,1.1293;5.3572,4.9708,1.2953;4.7118,3.6209,0.3558;5.6014,2.9454,2.5583;3.8970,2.5040,2.3784;5.3994,2.8891,4.9302;3.6646,2.5061,4.8742;4.2379,3.9551,5.7359;2.8971,5.4199,4.4504;2.2033,4.1075,3.4708;3.9355,6.4220,2.4597;2.1813,6.3330,2.2829;3.6361,3.9313,-1.2892;1.9445,4.0758,-1.8099;</g>
	</geometry>
	<conformers/>
	<properties/>
</molecule>
