<?xml version="1.0" ?>
<!--MOLLI PACKAGE EXPERIMENTAL XML FORMAT-->
<molecule name="el1622">
	<atoms>
		<a id="1" s="C" t="C.3" l="C"/>
		<a id="2" s="C" t="C.ar" l="C"/>
		<a id="3" s="C" t="C.ar" l="C"/>
		<a id="4" s="N" t="N.ar" l="N"/>
		<a id="5" s="C" t="C.ar" l="C"/>
		<a id="6" s="Cl" t="Cl" l="CL"/>
		<a id="7" s="N" t="N.ar" l="N"/>
		<a id="8" s="C" t="C.ar" l="C"/>
		<a id="9" s="C" t="C.ar" l="C"/>
		<a id="10" s="C" t="C.ar" l="C"/>
		<a id="11" s="N" t="N.ar" l="N"/>
		<a id="12" s="N" t="N.ar" l="N"/>
		<a id="13" s="C" t="C.3" l="C"/>
		<a id="14" s="C" t="C.3" l="C"/>
		<a id="15" s="C" t="C.1" l="C"/>
		<a id="16" s="N" t="N.1" l="N"/>
		<a id="17" s="C" t="C.3" l="C"/>
		<a id="18" s="C" t="C.3" l="C"/>
		<a id="19" s="C" t="C.3" l="C"/>
		<a id="20" s="C" t="C.3" l="C"/>
		<a id="21" s="C" t="C.3" l="C"/>
		<a id="22" s="C" t="C.ar" l="C"/>
		<a id="23" s="H" t="H" l="H"/>
		<a id="24" s="H" t="H" l="H"/>
		<a id="25" s="H" t="H" l="H"/>
		<a id="26" s="H" t="H" l="H"/>
		<a id="27" s="H" t="H" l="H"/>
		<a id="28" s="H" t="H" l="H"/>
		<a id="29" s="H" t="H" l="H"/>
		<a id="30" s="H" t="H" l="H"/>
		<a id="31" s="H" t="H" l="H"/>
		<a id="32" s="H" t="H" l="H"/>
		<a id="33" s="H" t="H" l="H"/>
		<a id="34" s="H" t="H" l="H"/>
		<a id="35" s="H" t="H" l="H"/>
		<a id="36" s="H" t="H" l="H"/>
		<a id="37" s="H" t="H" l="H"/>
		<a id="38" s="H" t="H" l="H"/>
		<a id="39" s="H" t="H" l="H"/>
		<a id="40" s="H" t="H" l="H"/>
	</atoms>
	<bonds>
		<b id="1" c="1 2" t="1"/>
		<b id="2" c="2 3" t="ar"/>
		<b id="3" c="3 4" t="ar"/>
		<b id="4" c="4 5" t="ar"/>
		<b id="5" c="5 6" t="1"/>
		<b id="6" c="5 7" t="ar"/>
		<b id="7" c="7 8" t="ar"/>
		<b id="8" c="2 8" t="ar"/>
		<b id="9" c="8 9" t="1"/>
		<b id="10" c="9 10" t="ar"/>
		<b id="11" c="10 11" t="ar"/>
		<b id="12" c="11 12" t="ar"/>
		<b id="13" c="14 15" t="1"/>
		<b id="14" c="15 16" t="3"/>
		<b id="15" c="13 17" t="1"/>
		<b id="16" c="17 18" t="1"/>
		<b id="17" c="18 19" t="1"/>
		<b id="18" c="19 20" t="1"/>
		<b id="19" c="20 21" t="1"/>
		<b id="20" c="17 21" t="1"/>
		<b id="21" c="12 22" t="ar"/>
		<b id="22" c="9 22" t="ar"/>
		<b id="23" c="13 14" t="1"/>
		<b id="24" c="13 12" t="1"/>
		<b id="25" c="1 23" t="1"/>
		<b id="26" c="1 24" t="1"/>
		<b id="27" c="1 25" t="1"/>
		<b id="28" c="3 26" t="1"/>
		<b id="29" c="10 27" t="1"/>
		<b id="30" c="13 28" t="1"/>
		<b id="31" c="14 29" t="1"/>
		<b id="32" c="14 30" t="1"/>
		<b id="33" c="17 31" t="1"/>
		<b id="34" c="18 32" t="1"/>
		<b id="35" c="18 33" t="1"/>
		<b id="36" c="19 34" t="1"/>
		<b id="37" c="19 35" t="1"/>
		<b id="38" c="20 36" t="1"/>
		<b id="39" c="20 37" t="1"/>
		<b id="40" c="21 38" t="1"/>
		<b id="41" c="21 39" t="1"/>
		<b id="42" c="22 40" t="1"/>
	</bonds>
	<geometry>
		<g u="A" t="cart/3d">#40,3:0.5749,10.9652,1.9757;0.3574,11.3825,0.5576;0.0110,12.6942,0.2555;-0.2234,13.1322,-0.9733;-0.1309,12.2246,-1.9252;-0.4705,12.7462,-3.5179;0.1890,10.9621,-1.7825;0.4559,10.5177,-0.5476;0.8324,9.1203,-0.4921;1.5520,8.3687,0.4644;1.7138,7.1306,0.0583;1.1166,7.0381,-1.1290;1.1736,5.8044,-1.8783;1.0884,4.6210,-0.8994;2.3106,4.4334,-0.1524;3.2790,4.2202,0.4152;2.4555,5.7670,-2.7226;2.4870,6.8511,-3.8083;3.4365,6.3195,-4.8964;3.7101,4.8477,-4.5414;2.6348,4.4750,-3.5214;0.5846,8.2064,-1.5098;0.1423,11.7035,2.6500;1.6414,10.8895,2.1942;0.1160,9.9986,2.1700;-0.0882,13.4384,1.0366;1.9715,8.6730,1.4009;0.2982,5.7799,-2.5402;0.2747,4.7887,-0.1882;0.8863,3.7015,-1.4543;3.3098,5.8935,-2.0498;2.8115,7.8133,-3.4157;1.4850,6.9793,-4.2227;4.3664,6.8894,-4.9212;2.9733,6.4050,-5.8806;4.6932,4.7497,-4.0801;3.6825,4.2024,-5.4175;2.9389,3.6333,-2.9015;1.7017,4.2234,-4.0309;0.0576,8.3423,-2.4309;</g>
	</geometry>
	<conformers/>
	<properties/>
</molecule>
