<?xml version="1.0" ?>
<!--MOLLI PACKAGE EXPERIMENTAL XML FORMAT-->
<molecule name="el1623">
	<atoms>
		<a id="1" s="C" t="C.3" l="C"/>
		<a id="2" s="C" t="C.ar" l="C"/>
		<a id="3" s="C" t="C.ar" l="C"/>
		<a id="4" s="N" t="N.ar" l="N"/>
		<a id="5" s="C" t="C.ar" l="C"/>
		<a id="6" s="C" t="C.ar" l="C"/>
		<a id="7" s="Cl" t="Cl" l="CL"/>
		<a id="8" s="N" t="N.ar" l="N"/>
		<a id="9" s="C" t="C.ar" l="C"/>
		<a id="10" s="C" t="C.ar" l="C"/>
		<a id="11" s="C" t="C.ar" l="C"/>
		<a id="12" s="C" t="C.ar" l="C"/>
		<a id="13" s="C" t="C.ar" l="C"/>
		<a id="14" s="C" t="C.ar" l="C"/>
		<a id="15" s="N" t="N.ar" l="N"/>
		<a id="16" s="H" t="H" l="H"/>
		<a id="17" s="H" t="H" l="H"/>
		<a id="18" s="H" t="H" l="H"/>
		<a id="19" s="H" t="H" l="H"/>
		<a id="20" s="H" t="H" l="H"/>
		<a id="21" s="H" t="H" l="H"/>
		<a id="22" s="H" t="H" l="H"/>
		<a id="23" s="H" t="H" l="H"/>
	</atoms>
	<bonds>
		<b id="1" c="1 2" t="1"/>
		<b id="2" c="2 3" t="ar"/>
		<b id="3" c="3 4" t="ar"/>
		<b id="4" c="4 5" t="ar"/>
		<b id="5" c="5 6" t="ar"/>
		<b id="6" c="6 7" t="1"/>
		<b id="7" c="6 8" t="ar"/>
		<b id="8" c="8 9" t="ar"/>
		<b id="9" c="9 10" t="ar"/>
		<b id="10" c="10 11" t="ar"/>
		<b id="11" c="11 12" t="ar"/>
		<b id="12" c="12 13" t="ar"/>
		<b id="13" c="13 14" t="ar"/>
		<b id="14" c="9 14" t="ar"/>
		<b id="15" c="14 15" t="ar"/>
		<b id="16" c="2 15" t="ar"/>
		<b id="17" c="5 15" t="ar"/>
		<b id="18" c="1 16" t="1"/>
		<b id="19" c="1 17" t="1"/>
		<b id="20" c="1 18" t="1"/>
		<b id="21" c="3 19" t="1"/>
		<b id="22" c="10 20" t="1"/>
		<b id="23" c="11 21" t="1"/>
		<b id="24" c="12 22" t="1"/>
		<b id="25" c="13 23" t="1"/>
	</bonds>
	<geometry>
		<g u="A" t="cart/3d">#23,3:1.0059,-0.0910,0.0651;2.4890,-0.0251,0.0656;3.2710,1.1131,0.0653;4.5789,0.8159,0.0666;4.6413,-0.4971,0.0678;5.7666,-1.3578,0.0700;7.3165,-0.6480,0.0712;5.6730,-2.6425,0.0713;4.4311,-3.2078,0.0700;4.3604,-4.6064,0.0709;3.1449,-5.2459,0.0694;1.9701,-4.4998,0.0669;2.0089,-3.1218,0.0662;3.2321,-2.4509,0.0678;3.3684,-1.0725,0.0672;0.6182,0.9251,0.0651;0.6300,-0.5998,0.9530;0.6305,-0.5995,-0.8233;2.9401,2.1328,0.0641;5.2910,-5.1501,0.0727;3.0976,-6.3240,0.0700;1.0139,-5.0006,0.0656;1.0842,-2.5736,0.0642;</g>
	</geometry>
	<conformers/>
	<properties/>
</molecule>
