<?xml version="1.0" ?>
<!--MOLLI PACKAGE EXPERIMENTAL XML FORMAT-->
<molecule name="el1625">
	<atoms>
		<a id="1" s="C" t="C.3" l="C"/>
		<a id="2" s="C" t="C.2" l="C"/>
		<a id="3" s="O" t="O.2" l="O"/>
		<a id="4" s="N" t="N.am" l="N"/>
		<a id="5" s="C" t="C.ar" l="C"/>
		<a id="6" s="C" t="C.ar" l="C"/>
		<a id="7" s="C" t="C.ar" l="C"/>
		<a id="8" s="C" t="C.ar" l="C"/>
		<a id="9" s="C" t="C.ar" l="C"/>
		<a id="10" s="C" t="C.ar" l="C"/>
		<a id="11" s="C" t="C.ar" l="C"/>
		<a id="12" s="N" t="N.ar" l="N"/>
		<a id="13" s="C" t="C.ar" l="C"/>
		<a id="14" s="C" t="C.ar" l="C"/>
		<a id="15" s="Cl" t="Cl" l="CL"/>
		<a id="16" s="N" t="N.ar" l="N"/>
		<a id="17" s="C" t="C.ar" l="C"/>
		<a id="18" s="H" t="H" l="H"/>
		<a id="19" s="H" t="H" l="H"/>
		<a id="20" s="H" t="H" l="H"/>
		<a id="21" s="H" t="H" l="H"/>
		<a id="22" s="H" t="H" l="H"/>
		<a id="23" s="H" t="H" l="H"/>
		<a id="24" s="H" t="H" l="H"/>
		<a id="25" s="H" t="H" l="H"/>
		<a id="26" s="H" t="H" l="H"/>
		<a id="27" s="H" t="H" l="H"/>
	</atoms>
	<bonds>
		<b id="1" c="1 2" t="1"/>
		<b id="2" c="2 3" t="2"/>
		<b id="3" c="2 4" t="am"/>
		<b id="4" c="4 5" t="1"/>
		<b id="5" c="5 6" t="ar"/>
		<b id="6" c="6 7" t="ar"/>
		<b id="7" c="7 8" t="ar"/>
		<b id="8" c="8 9" t="ar"/>
		<b id="9" c="9 10" t="1"/>
		<b id="10" c="10 11" t="ar"/>
		<b id="11" c="11 12" t="ar"/>
		<b id="12" c="12 13" t="ar"/>
		<b id="13" c="13 14" t="ar"/>
		<b id="14" c="14 15" t="1"/>
		<b id="15" c="14 16" t="ar"/>
		<b id="16" c="10 16" t="ar"/>
		<b id="17" c="9 17" t="ar"/>
		<b id="18" c="5 17" t="ar"/>
		<b id="19" c="1 18" t="1"/>
		<b id="20" c="1 19" t="1"/>
		<b id="21" c="1 20" t="1"/>
		<b id="22" c="4 21" t="1"/>
		<b id="23" c="6 22" t="1"/>
		<b id="24" c="7 23" t="1"/>
		<b id="25" c="8 24" t="1"/>
		<b id="26" c="11 25" t="1"/>
		<b id="27" c="13 26" t="1"/>
		<b id="28" c="17 27" t="1"/>
	</bonds>
	<geometry>
		<g u="A" t="cart/3d">#27,3:1.1449,-0.2277,-0.2665;2.5446,0.0403,0.2472;2.8320,0.9986,0.9243;3.4283,-0.9294,-0.1401;4.7942,-1.0350,0.1286;5.4939,-0.0985,0.8871;6.8503,-0.2695,1.1002;7.5258,-1.3592,0.5831;6.8329,-2.3080,-0.1688;7.4895,-3.4851,-0.7396;8.7347,-3.9706,-0.3226;9.2968,-5.0292,-0.8787;8.6497,-5.6491,-1.8488;7.3949,-5.1904,-2.2430;6.5041,-5.9981,-3.4741;6.8309,-4.1335,-1.7056;5.4707,-2.1315,-0.3932;0.5010,0.6034,0.0043;0.7544,-1.1392,0.1811;1.1501,-0.3413,-1.3480;3.0589,-1.6807,-0.7073;4.9754,0.7518,1.2963;7.3879,0.4650,1.6804;8.5870,-1.4573,0.7474;9.2929,-3.5163,0.4824;9.1263,-6.5063,-2.2991;4.9492,-2.8695,-0.9843;</g>
	</geometry>
	<conformers/>
	<properties/>
</molecule>
