<?xml version="1.0" ?>
<!--MOLLI PACKAGE EXPERIMENTAL XML FORMAT-->
<molecule name="el1626">
	<atoms>
		<a id="1" s="Cl" t="Cl" l="CL"/>
		<a id="2" s="C" t="C.ar" l="C"/>
		<a id="3" s="N" t="N.ar" l="N"/>
		<a id="4" s="N" t="N.ar" l="N"/>
		<a id="5" s="C" t="C.ar" l="C"/>
		<a id="6" s="C" t="C.ar" l="C"/>
		<a id="7" s="O" t="O.2" l="O"/>
		<a id="8" s="C" t="C.ar" l="C"/>
		<a id="9" s="C" t="C.ar" l="C"/>
		<a id="10" s="C" t="C.ar" l="C"/>
		<a id="11" s="C" t="C.ar" l="C"/>
		<a id="12" s="C" t="C.ar" l="C"/>
		<a id="13" s="C" t="C.ar" l="C"/>
		<a id="14" s="H" t="H" l="H"/>
		<a id="15" s="H" t="H" l="H"/>
		<a id="16" s="H" t="H" l="H"/>
		<a id="17" s="H" t="H" l="H"/>
		<a id="18" s="H" t="H" l="H"/>
	</atoms>
	<bonds>
		<b id="1" c="1 2" t="1"/>
		<b id="2" c="2 3" t="ar"/>
		<b id="3" c="3 4" t="ar"/>
		<b id="4" c="4 5" t="ar"/>
		<b id="5" c="5 6" t="ar"/>
		<b id="6" c="2 6" t="ar"/>
		<b id="7" c="6 7" t="ar"/>
		<b id="8" c="7 8" t="ar"/>
		<b id="9" c="8 9" t="ar"/>
		<b id="10" c="9 10" t="ar"/>
		<b id="11" c="10 11" t="ar"/>
		<b id="12" c="11 12" t="ar"/>
		<b id="13" c="12 13" t="ar"/>
		<b id="14" c="8 13" t="ar"/>
		<b id="15" c="5 13" t="ar"/>
		<b id="16" c="4 14" t="1"/>
		<b id="17" c="9 15" t="1"/>
		<b id="18" c="10 16" t="1"/>
		<b id="19" c="11 17" t="1"/>
		<b id="20" c="12 18" t="1"/>
	</bonds>
	<geometry>
		<g u="A" t="cart/3d">#18,3:1.1158,-0.5166,-0.0832;2.8030,-0.3391,-0.0723;3.3732,0.8592,-0.0683;4.7015,0.6805,-0.0597;5.0110,-0.6323,-0.0582;3.7955,-1.3282,-0.0663;3.9721,-2.6711,-0.0656;5.3253,-2.8461,-0.0570;5.9873,-4.0618,-0.0531;7.3697,-4.0382,-0.0442;8.0795,-2.8390,-0.0393;7.4298,-1.6218,-0.0431;6.0397,-1.6184,-0.0520;5.3033,1.4873,-0.0556;5.4341,-4.9868,-0.0569;7.9121,-4.9713,-0.0410;9.1585,-2.8659,-0.0324;7.9807,-0.6938,-0.0392;</g>
	</geometry>
	<conformers/>
	<properties/>
</molecule>
