<?xml version="1.0" ?>
<!--MOLLI PACKAGE EXPERIMENTAL XML FORMAT-->
<molecule name="el1630">
	<atoms>
		<a id="1" s="C" t="C.3" l="C"/>
		<a id="2" s="O" t="O.3" l="O"/>
		<a id="3" s="C" t="C.2" l="C"/>
		<a id="4" s="O" t="O.2" l="O"/>
		<a id="5" s="N" t="N.am" l="N"/>
		<a id="6" s="C" t="C.3" l="C"/>
		<a id="7" s="C" t="C.3" l="C"/>
		<a id="8" s="N" t="N.3" l="N"/>
		<a id="9" s="C" t="C.3" l="C"/>
		<a id="10" s="C" t="C.ar" l="C"/>
		<a id="11" s="C" t="C.ar" l="C"/>
		<a id="12" s="C" t="C.ar" l="C"/>
		<a id="13" s="C" t="C.ar" l="C"/>
		<a id="14" s="C" t="C.ar" l="C"/>
		<a id="15" s="Cl" t="Cl" l="CL"/>
		<a id="16" s="C" t="C.ar" l="C"/>
		<a id="17" s="F" t="F" l="F"/>
		<a id="18" s="C" t="C.3" l="C"/>
		<a id="19" s="C" t="C.3" l="C"/>
		<a id="20" s="H" t="H" l="H"/>
		<a id="21" s="H" t="H" l="H"/>
		<a id="22" s="H" t="H" l="H"/>
		<a id="23" s="H" t="H" l="H"/>
		<a id="24" s="H" t="H" l="H"/>
		<a id="25" s="H" t="H" l="H"/>
		<a id="26" s="H" t="H" l="H"/>
		<a id="27" s="H" t="H" l="H"/>
		<a id="28" s="H" t="H" l="H"/>
		<a id="29" s="H" t="H" l="H"/>
		<a id="30" s="H" t="H" l="H"/>
		<a id="31" s="H" t="H" l="H"/>
		<a id="32" s="H" t="H" l="H"/>
		<a id="33" s="H" t="H" l="H"/>
		<a id="34" s="H" t="H" l="H"/>
		<a id="35" s="H" t="H" l="H"/>
	</atoms>
	<bonds>
		<b id="1" c="1 2" t="1"/>
		<b id="2" c="2 3" t="1"/>
		<b id="3" c="3 4" t="2"/>
		<b id="4" c="3 5" t="am"/>
		<b id="5" c="5 6" t="1"/>
		<b id="6" c="6 7" t="1"/>
		<b id="7" c="7 8" t="1"/>
		<b id="8" c="8 9" t="1"/>
		<b id="9" c="9 10" t="1"/>
		<b id="10" c="10 11" t="ar"/>
		<b id="11" c="11 12" t="ar"/>
		<b id="12" c="12 13" t="ar"/>
		<b id="13" c="13 14" t="ar"/>
		<b id="14" c="14 15" t="1"/>
		<b id="15" c="14 16" t="ar"/>
		<b id="16" c="10 16" t="ar"/>
		<b id="17" c="16 17" t="1"/>
		<b id="18" c="8 18" t="1"/>
		<b id="19" c="18 19" t="1"/>
		<b id="20" c="5 19" t="1"/>
		<b id="21" c="1 20" t="1"/>
		<b id="22" c="1 21" t="1"/>
		<b id="23" c="1 22" t="1"/>
		<b id="24" c="6 23" t="1"/>
		<b id="25" c="6 24" t="1"/>
		<b id="26" c="7 25" t="1"/>
		<b id="27" c="7 26" t="1"/>
		<b id="28" c="9 27" t="1"/>
		<b id="29" c="9 28" t="1"/>
		<b id="30" c="11 29" t="1"/>
		<b id="31" c="12 30" t="1"/>
		<b id="32" c="13 31" t="1"/>
		<b id="33" c="18 32" t="1"/>
		<b id="34" c="18 33" t="1"/>
		<b id="35" c="19 34" t="1"/>
		<b id="36" c="19 35" t="1"/>
	</bonds>
	<geometry>
		<g u="A" t="cart/3d">#35,3:0.9523,-0.1901,-0.0616;2.3182,-0.4523,0.2145;3.0003,-1.0321,-0.8070;2.5043,-1.2789,-1.8819;4.2759,-1.3228,-0.4732;4.9221,-0.9205,0.7570;6.0369,0.0928,0.4447;6.9816,-0.3821,-0.5509;7.9240,-1.3657,-0.0407;8.8755,-0.7141,0.9284;9.5139,0.4757,0.5998;10.3944,1.0737,1.4814;10.6585,0.4961,2.7119;10.0285,-0.6870,3.0618;10.3329,-1.4262,4.5920;9.1423,-1.2781,2.1685;8.5267,-2.4264,2.5178;6.2791,-0.7933,-1.7518;5.1821,-1.8331,-1.4809;0.5716,0.3538,0.7993;0.4034,-1.1246,-0.1962;0.8533,0.4081,-0.9696;5.3446,-1.8110,1.2368;4.1849,-0.4800,1.4248;6.5813,0.3413,1.3575;5.5831,1.0075,0.0514;8.5024,-1.7375,-0.8927;7.4441,-2.2290,0.4409;9.2958,0.9236,-0.3563;10.8840,1.9967,1.2127;11.3469,0.9537,3.4038;6.9993,-1.1861,-2.4716;5.8160,0.1017,-2.1787;5.6229,-2.7694,-1.1210;4.6042,-2.0324,-2.3837;</g>
	</geometry>
	<conformers/>
	<properties/>
</molecule>
