<?xml version="1.0" ?>
<!--MOLLI PACKAGE EXPERIMENTAL XML FORMAT-->
<molecule name="el1631">
	<atoms>
		<a id="1" s="Cl" t="Cl" l="CL"/>
		<a id="2" s="C" t="C.ar" l="C"/>
		<a id="3" s="C" t="C.ar" l="C"/>
		<a id="4" s="C" t="C.ar" l="C"/>
		<a id="5" s="C" t="C.ar" l="C"/>
		<a id="6" s="C" t="C.ar" l="C"/>
		<a id="7" s="C" t="C.ar" l="C"/>
		<a id="8" s="C" t="C.ar" l="C"/>
		<a id="9" s="C" t="C.ar" l="C"/>
		<a id="10" s="C" t="C.ar" l="C"/>
		<a id="11" s="N" t="N.ar" l="N"/>
		<a id="12" s="H" t="H" l="H"/>
		<a id="13" s="H" t="H" l="H"/>
		<a id="14" s="H" t="H" l="H"/>
		<a id="15" s="H" t="H" l="H"/>
		<a id="16" s="H" t="H" l="H"/>
		<a id="17" s="H" t="H" l="H"/>
	</atoms>
	<bonds>
		<b id="1" c="1 2" t="1"/>
		<b id="2" c="2 3" t="ar"/>
		<b id="3" c="3 4" t="ar"/>
		<b id="4" c="4 5" t="ar"/>
		<b id="5" c="5 6" t="ar"/>
		<b id="6" c="6 7" t="ar"/>
		<b id="7" c="7 8" t="ar"/>
		<b id="8" c="8 9" t="ar"/>
		<b id="9" c="4 9" t="ar"/>
		<b id="10" c="9 10" t="ar"/>
		<b id="11" c="10 11" t="ar"/>
		<b id="12" c="2 11" t="ar"/>
		<b id="13" c="3 12" t="1"/>
		<b id="14" c="5 13" t="1"/>
		<b id="15" c="6 14" t="1"/>
		<b id="16" c="7 15" t="1"/>
		<b id="17" c="8 16" t="1"/>
		<b id="18" c="10 17" t="1"/>
	</bonds>
	<geometry>
		<g u="A" t="cart/3d">#17,3:1.0810,-0.1556,0.3146;2.7980,-0.0762,0.1914;3.4349,1.1365,0.1410;4.8407,1.1440,0.0377;5.6020,2.3303,-0.0245;6.9632,2.2695,-0.1286;7.6267,1.0307,-0.1747;6.9185,-0.1364,-0.1146;5.5131,-0.1073,-0.0070;4.7179,-1.2716,0.0592;3.4181,-1.2579,0.1537;2.8818,2.0613,0.1781;5.0891,3.2801,0.0108;7.5446,3.1784,-0.1765;8.7032,1.0126,-0.2576;7.4175,-1.0938,-0.1486;5.1797,-2.2503,0.0307;</g>
	</geometry>
	<conformers/>
	<properties/>
</molecule>
