<?xml version="1.0" ?>
<!--MOLLI PACKAGE EXPERIMENTAL XML FORMAT-->
<molecule name="el1633">
	<atoms>
		<a id="1" s="C" t="C.3" l="C"/>
		<a id="2" s="N" t="N.pl3" l="N"/>
		<a id="3" s="C" t="C.ar" l="C"/>
		<a id="4" s="C" t="C.ar" l="C"/>
		<a id="5" s="C" t="C.ar" l="C"/>
		<a id="6" s="Cl" t="Cl" l="CL"/>
		<a id="7" s="N" t="N.ar" l="N"/>
		<a id="8" s="C" t="C.ar" l="C"/>
		<a id="9" s="C" t="C.ar" l="C"/>
		<a id="10" s="C" t="C.1" l="C"/>
		<a id="11" s="C" t="C.1" l="C"/>
		<a id="12" s="Si" t="Si" l="SI"/>
		<a id="13" s="C" t="C.3" l="C"/>
		<a id="14" s="C" t="C.3" l="C"/>
		<a id="15" s="C" t="C.3" l="C"/>
		<a id="16" s="H" t="H" l="H"/>
		<a id="17" s="H" t="H" l="H"/>
		<a id="18" s="H" t="H" l="H"/>
		<a id="19" s="H" t="H" l="H"/>
		<a id="20" s="H" t="H" l="H"/>
		<a id="21" s="H" t="H" l="H"/>
		<a id="22" s="H" t="H" l="H"/>
		<a id="23" s="H" t="H" l="H"/>
		<a id="24" s="H" t="H" l="H"/>
		<a id="25" s="H" t="H" l="H"/>
		<a id="26" s="H" t="H" l="H"/>
		<a id="27" s="H" t="H" l="H"/>
		<a id="28" s="H" t="H" l="H"/>
		<a id="29" s="H" t="H" l="H"/>
		<a id="30" s="H" t="H" l="H"/>
	</atoms>
	<bonds>
		<b id="1" c="1 2" t="1"/>
		<b id="2" c="2 3" t="1"/>
		<b id="3" c="3 4" t="ar"/>
		<b id="4" c="4 5" t="ar"/>
		<b id="5" c="5 6" t="1"/>
		<b id="6" c="5 7" t="ar"/>
		<b id="7" c="7 8" t="ar"/>
		<b id="8" c="8 9" t="ar"/>
		<b id="9" c="3 9" t="ar"/>
		<b id="10" c="9 10" t="1"/>
		<b id="11" c="10 11" t="3"/>
		<b id="12" c="11 12" t="1"/>
		<b id="13" c="12 13" t="1"/>
		<b id="14" c="12 14" t="1"/>
		<b id="15" c="12 15" t="1"/>
		<b id="16" c="1 16" t="1"/>
		<b id="17" c="1 17" t="1"/>
		<b id="18" c="1 18" t="1"/>
		<b id="19" c="2 19" t="1"/>
		<b id="20" c="4 20" t="1"/>
		<b id="21" c="8 21" t="1"/>
		<b id="22" c="13 22" t="1"/>
		<b id="23" c="13 23" t="1"/>
		<b id="24" c="13 24" t="1"/>
		<b id="25" c="14 25" t="1"/>
		<b id="26" c="14 26" t="1"/>
		<b id="27" c="14 27" t="1"/>
		<b id="28" c="15 28" t="1"/>
		<b id="29" c="15 29" t="1"/>
		<b id="30" c="15 30" t="1"/>
	</bonds>
	<geometry>
		<g u="A" t="cart/3d">#30,3:1.1128,0.3741,0.3309;2.3197,-0.2159,-0.1823;2.9798,0.2242,-1.2762;2.5932,1.3561,-2.0004;3.3600,1.7230,-3.0912;2.9053,3.1136,-4.0025;4.4354,1.0891,-3.5130;4.8070,0.0144,-2.8380;4.1346,-0.4707,-1.7249;4.5742,-1.6288,-1.0490;4.9229,-2.6243,-0.4539;5.4921,-4.1562,0.4274;4.1370,-5.4842,0.2336;7.1268,-4.7379,-0.3561;5.7376,-3.7197,2.2678;0.8296,-0.1389,1.2462;0.2891,0.2924,-0.3860;1.2692,1.4313,0.5602;2.6513,-1.0787,0.2199;1.7257,1.9324,-1.7299;5.6908,-0.4883,-3.2055;3.9274,-5.6791,-0.8138;3.2066,-5.1758,0.7016;4.4368,-6.4236,0.6889;7.0010,-4.9476,-1.4140;7.4947,-5.6436,0.1180;7.8985,-3.9798,-0.2621;4.8071,-3.4025,2.7298;6.4539,-2.9124,2.3866;6.1077,-4.5725,2.8294;</g>
	</geometry>
	<conformers/>
	<properties/>
</molecule>
