<?xml version="1.0" ?>
<!--MOLLI PACKAGE EXPERIMENTAL XML FORMAT-->
<molecule name="el1637">
	<atoms>
		<a id="1" s="C" t="C.3" l="C"/>
		<a id="2" s="C" t="C.3" l="C"/>
		<a id="3" s="N" t="N.pl3" l="N"/>
		<a id="4" s="C" t="C.ar" l="C"/>
		<a id="5" s="C" t="C.ar" l="C"/>
		<a id="6" s="C" t="C.ar" l="C"/>
		<a id="7" s="Cl" t="Cl" l="CL"/>
		<a id="8" s="N" t="N.ar" l="N"/>
		<a id="9" s="C" t="C.ar" l="C"/>
		<a id="10" s="S" t="S.3" l="S"/>
		<a id="11" s="C" t="C.3" l="C"/>
		<a id="12" s="C" t="C.ar" l="C"/>
		<a id="13" s="C" t="C.ar" l="C"/>
		<a id="14" s="C" t="C.ar" l="C"/>
		<a id="15" s="C" t="C.ar" l="C"/>
		<a id="16" s="C" t="C.ar" l="C"/>
		<a id="17" s="F" t="F" l="F"/>
		<a id="18" s="C" t="C.ar" l="C"/>
		<a id="19" s="F" t="F" l="F"/>
		<a id="20" s="N" t="N.ar" l="N"/>
		<a id="21" s="C" t="C.3" l="C"/>
		<a id="22" s="O" t="O.3" l="O"/>
		<a id="23" s="C" t="C.3" l="C"/>
		<a id="24" s="O" t="O.3" l="O"/>
		<a id="25" s="H" t="H" l="H"/>
		<a id="26" s="H" t="H" l="H"/>
		<a id="27" s="H" t="H" l="H"/>
		<a id="28" s="H" t="H" l="H"/>
		<a id="29" s="H" t="H" l="H"/>
		<a id="30" s="H" t="H" l="H"/>
		<a id="31" s="H" t="H" l="H"/>
		<a id="32" s="H" t="H" l="H"/>
		<a id="33" s="H" t="H" l="H"/>
		<a id="34" s="H" t="H" l="H"/>
		<a id="35" s="H" t="H" l="H"/>
		<a id="36" s="H" t="H" l="H"/>
		<a id="37" s="H" t="H" l="H"/>
		<a id="38" s="H" t="H" l="H"/>
		<a id="39" s="H" t="H" l="H"/>
		<a id="40" s="H" t="H" l="H"/>
	</atoms>
	<bonds>
		<b id="1" c="1 2" t="1"/>
		<b id="2" c="2 3" t="1"/>
		<b id="3" c="3 4" t="1"/>
		<b id="4" c="4 5" t="ar"/>
		<b id="5" c="5 6" t="ar"/>
		<b id="6" c="6 7" t="1"/>
		<b id="7" c="6 8" t="ar"/>
		<b id="8" c="8 9" t="ar"/>
		<b id="9" c="9 10" t="1"/>
		<b id="10" c="10 11" t="1"/>
		<b id="11" c="11 12" t="1"/>
		<b id="12" c="12 13" t="ar"/>
		<b id="13" c="13 14" t="ar"/>
		<b id="14" c="14 15" t="ar"/>
		<b id="15" c="15 16" t="ar"/>
		<b id="16" c="16 17" t="1"/>
		<b id="17" c="16 18" t="ar"/>
		<b id="18" c="12 18" t="ar"/>
		<b id="19" c="18 19" t="1"/>
		<b id="20" c="9 20" t="ar"/>
		<b id="21" c="4 20" t="ar"/>
		<b id="22" c="2 21" t="1"/>
		<b id="23" c="21 22" t="1"/>
		<b id="24" c="21 23" t="1"/>
		<b id="25" c="23 24" t="1"/>
		<b id="26" c="1 25" t="1"/>
		<b id="27" c="1 26" t="1"/>
		<b id="28" c="1 27" t="1"/>
		<b id="29" c="2 28" t="1"/>
		<b id="30" c="3 29" t="1"/>
		<b id="31" c="5 30" t="1"/>
		<b id="32" c="11 31" t="1"/>
		<b id="33" c="11 32" t="1"/>
		<b id="34" c="13 33" t="1"/>
		<b id="35" c="14 34" t="1"/>
		<b id="36" c="15 35" t="1"/>
		<b id="37" c="21 36" t="1"/>
		<b id="38" c="22 37" t="1"/>
		<b id="39" c="23 38" t="1"/>
		<b id="40" c="23 39" t="1"/>
		<b id="41" c="24 40" t="1"/>
	</bonds>
	<geometry>
		<g u="A" t="cart/3d">#40,3:4.5244,-1.5084,-1.0914;4.1373,-0.0625,-0.7823;2.8148,0.2189,-1.2945;2.5739,0.7757,-2.4870;1.2526,0.9566,-2.9594;1.1370,1.5518,-4.1910;-0.4116,1.8206,-4.8913;2.1701,1.9527,-4.9176;3.3623,1.7437,-4.3792;4.7629,2.2522,-5.2814;3.9352,3.0134,-6.7439;4.9338,3.2132,-7.8322;5.3916,2.1443,-8.5957;6.3308,2.3278,-9.5929;6.8386,3.5892,-9.8535;6.3933,4.6600,-9.1015;6.8777,5.8895,-9.3457;5.4525,4.4764,-8.0962;5.0333,5.5352,-7.3809;3.6196,1.1767,-3.2168;4.1040,0.2369,0.7261;3.0997,-0.5555,1.3229;5.4454,-0.0069,1.4305;5.3305,0.2729,2.8069;4.3902,-1.6903,-2.1543;3.8918,-2.1904,-0.5292;5.5645,-1.6909,-0.8410;4.8272,0.6222,-1.2834;2.0494,-0.1515,-0.7525;0.3975,0.6444,-2.3868;3.4991,3.9538,-6.4123;3.1464,2.3221,-7.0349;5.0025,1.1588,-8.3925;6.6724,1.4857,-10.1737;7.5717,3.7578,-10.6257;3.8369,1.3034,0.8518;3.3354,-0.6573,2.2552;6.2362,0.5879,0.9603;5.7075,-1.0646,1.3753;5.2118,1.2207,2.9308;</g>
	</geometry>
	<conformers/>
	<properties/>
</molecule>
