<?xml version="1.0" ?>
<!--MOLLI PACKAGE EXPERIMENTAL XML FORMAT-->
<molecule name="el1244">
	<atoms>
		<a id="1" s="C" t="C.3" l="C"/>
		<a id="2" s="C" t="C.3" l="C"/>
		<a id="3" s="O" t="O.3" l="O"/>
		<a id="4" s="C" t="C.ar" l="C"/>
		<a id="5" s="C" t="C.ar" l="C"/>
		<a id="6" s="C" t="C.ar" l="C"/>
		<a id="7" s="N" t="N.ar" l="N"/>
		<a id="8" s="C" t="C.ar" l="C"/>
		<a id="9" s="Br" t="Br" l="BR"/>
		<a id="10" s="C" t="C.ar" l="C"/>
		<a id="11" s="C" t="C.ar" l="C"/>
		<a id="12" s="C" t="C.ar" l="C"/>
		<a id="13" s="C" t="C.ar" l="C"/>
		<a id="14" s="C" t="C.ar" l="C"/>
		<a id="15" s="C" t="C.ar" l="C"/>
		<a id="16" s="C" t="C.2" l="C"/>
		<a id="17" s="O" t="O.2" l="O"/>
		<a id="18" s="N" t="N.am" l="N"/>
		<a id="19" s="C" t="C.3" l="C"/>
		<a id="20" s="C" t="C.ar" l="C"/>
		<a id="21" s="C" t="C.ar" l="C"/>
		<a id="22" s="C" t="C.ar" l="C"/>
		<a id="23" s="C" t="C.3" l="C"/>
		<a id="24" s="F" t="F" l="F"/>
		<a id="25" s="F" t="F" l="F"/>
		<a id="26" s="F" t="F" l="F"/>
		<a id="27" s="C" t="C.ar" l="C"/>
		<a id="28" s="C" t="C.ar" l="C"/>
		<a id="29" s="C" t="C.3" l="C"/>
		<a id="30" s="F" t="F" l="F"/>
		<a id="31" s="F" t="F" l="F"/>
		<a id="32" s="F" t="F" l="F"/>
		<a id="33" s="C" t="C.ar" l="C"/>
		<a id="34" s="C" t="C.ar" l="C"/>
		<a id="35" s="H" t="H" l="H"/>
		<a id="36" s="H" t="H" l="H"/>
		<a id="37" s="H" t="H" l="H"/>
		<a id="38" s="H" t="H" l="H"/>
		<a id="39" s="H" t="H" l="H"/>
		<a id="40" s="H" t="H" l="H"/>
		<a id="41" s="H" t="H" l="H"/>
		<a id="42" s="H" t="H" l="H"/>
		<a id="43" s="H" t="H" l="H"/>
		<a id="44" s="H" t="H" l="H"/>
		<a id="45" s="H" t="H" l="H"/>
		<a id="46" s="H" t="H" l="H"/>
		<a id="47" s="H" t="H" l="H"/>
		<a id="48" s="H" t="H" l="H"/>
		<a id="49" s="H" t="H" l="H"/>
		<a id="50" s="H" t="H" l="H"/>
		<a id="51" s="H" t="H" l="H"/>
	</atoms>
	<bonds>
		<b id="1" c="1 2" t="1"/>
		<b id="2" c="2 3" t="1"/>
		<b id="3" c="3 4" t="1"/>
		<b id="4" c="4 5" t="ar"/>
		<b id="5" c="5 6" t="ar"/>
		<b id="6" c="6 7" t="ar"/>
		<b id="7" c="7 8" t="ar"/>
		<b id="8" c="8 9" t="1"/>
		<b id="9" c="8 10" t="ar"/>
		<b id="10" c="4 10" t="ar"/>
		<b id="11" c="2 11" t="1"/>
		<b id="12" c="11 12" t="ar"/>
		<b id="13" c="12 13" t="ar"/>
		<b id="14" c="13 14" t="ar"/>
		<b id="15" c="14 15" t="ar"/>
		<b id="16" c="15 16" t="1"/>
		<b id="17" c="16 17" t="2"/>
		<b id="18" c="16 18" t="am"/>
		<b id="19" c="18 19" t="1"/>
		<b id="20" c="19 20" t="1"/>
		<b id="21" c="20 21" t="ar"/>
		<b id="22" c="21 22" t="ar"/>
		<b id="23" c="22 23" t="1"/>
		<b id="24" c="23 24" t="1"/>
		<b id="25" c="23 25" t="1"/>
		<b id="26" c="23 26" t="1"/>
		<b id="27" c="22 27" t="ar"/>
		<b id="28" c="27 28" t="ar"/>
		<b id="29" c="28 29" t="1"/>
		<b id="30" c="29 30" t="1"/>
		<b id="31" c="29 31" t="1"/>
		<b id="32" c="29 32" t="1"/>
		<b id="33" c="28 33" t="ar"/>
		<b id="34" c="20 33" t="ar"/>
		<b id="35" c="15 34" t="ar"/>
		<b id="36" c="11 34" t="ar"/>
		<b id="37" c="1 35" t="1"/>
		<b id="38" c="1 36" t="1"/>
		<b id="39" c="1 37" t="1"/>
		<b id="40" c="2 38" t="1"/>
		<b id="41" c="5 39" t="1"/>
		<b id="42" c="6 40" t="1"/>
		<b id="43" c="10 41" t="1"/>
		<b id="44" c="12 42" t="1"/>
		<b id="45" c="13 43" t="1"/>
		<b id="46" c="14 44" t="1"/>
		<b id="47" c="18 45" t="1"/>
		<b id="48" c="19 46" t="1"/>
		<b id="49" c="19 47" t="1"/>
		<b id="50" c="21 48" t="1"/>
		<b id="51" c="27 49" t="1"/>
		<b id="52" c="33 50" t="1"/>
		<b id="53" c="34 51" t="1"/>
	</bonds>
	<geometry>
		<g u="A" t="cart/3d">#51,3:1.4543,0.4115,1.0359;2.0172,-0.1932,-0.2543;3.0808,0.6052,-0.7692;2.8173,1.7257,-1.4589;3.9313,2.4542,-1.9041;3.7306,3.6090,-2.6273;2.5281,4.0765,-2.9319;1.4957,3.3882,-2.5131;-0.2067,4.0987,-2.9730;1.5510,2.2163,-1.7766;2.5762,-1.5663,0.0323;3.8357,-1.7101,0.6001;4.3189,-2.9685,0.9126;3.5589,-4.0961,0.6559;2.3029,-3.9645,0.0724;1.4074,-5.1178,-0.2266;0.1960,-5.0169,-0.2404;2.0339,-6.2854,-0.5211;1.2843,-7.4866,-0.8240;1.0883,-8.3314,0.4090;0.2501,-7.8714,1.4201;0.0866,-8.6159,2.5776;-0.7956,-8.0875,3.6784;-1.8429,-7.3972,3.2146;-1.2865,-9.0588,4.4595;-0.1193,-7.2536,4.4923;0.7518,-9.8224,2.7547;1.5815,-10.2729,1.7413;2.3358,-11.5684,1.8789;2.0345,-12.2444,2.9903;2.1050,-12.3952,0.8454;3.6669,-11.3646,1.9000;1.7558,-9.5349,0.5764;1.8172,-2.6952,-0.2253;1.0638,1.4112,0.8607;2.2416,0.4721,1.7835;0.6560,-0.2202,1.4152;1.2231,-0.2833,-1.0071;4.9201,2.0955,-1.6726;4.5601,4.2007,-2.9876;0.6368,1.7301,-1.4796;4.4327,-0.8328,0.7943;5.2927,-3.0713,1.3673;3.9402,-5.0661,0.9416;3.0367,-6.3497,-0.4702;1.8022,-8.0501,-1.6025;0.3087,-7.1553,-1.1942;-0.2747,-6.9357,1.2915;0.6183,-10.3985,3.6573;2.4086,-9.9118,-0.1974;0.8314,-2.6150,-0.6593;</g>
	</geometry>
	<conformers/>
	<properties/>
</molecule>
