<?xml version="1.0" ?>
<!--MOLLI PACKAGE EXPERIMENTAL XML FORMAT-->
<molecule name="el1644">
	<atoms>
		<a id="1" s="O" t="O.3" l="O"/>
		<a id="2" s="C" t="C.3" l="C"/>
		<a id="3" s="C" t="C.3" l="C"/>
		<a id="4" s="C" t="C.3" l="C"/>
		<a id="5" s="C" t="C.3" l="C"/>
		<a id="6" s="N" t="N.pl3" l="N"/>
		<a id="7" s="C" t="C.ar" l="C"/>
		<a id="8" s="N" t="N.ar" l="N"/>
		<a id="9" s="C" t="C.ar" l="C"/>
		<a id="10" s="Cl" t="Cl" l="CL"/>
		<a id="11" s="N" t="N.ar" l="N"/>
		<a id="12" s="C" t="C.ar" l="C"/>
		<a id="13" s="C" t="C.ar" l="C"/>
		<a id="14" s="F" t="F" l="F"/>
		<a id="15" s="C" t="C.3" l="C"/>
		<a id="16" s="C" t="C.3" l="C"/>
		<a id="17" s="H" t="H" l="H"/>
		<a id="18" s="H" t="H" l="H"/>
		<a id="19" s="H" t="H" l="H"/>
		<a id="20" s="H" t="H" l="H"/>
		<a id="21" s="H" t="H" l="H"/>
		<a id="22" s="H" t="H" l="H"/>
		<a id="23" s="H" t="H" l="H"/>
		<a id="24" s="H" t="H" l="H"/>
		<a id="25" s="H" t="H" l="H"/>
		<a id="26" s="H" t="H" l="H"/>
		<a id="27" s="H" t="H" l="H"/>
		<a id="28" s="H" t="H" l="H"/>
		<a id="29" s="H" t="H" l="H"/>
	</atoms>
	<bonds>
		<b id="1" c="1 2" t="1"/>
		<b id="2" c="2 3" t="1"/>
		<b id="3" c="3 4" t="1"/>
		<b id="4" c="4 5" t="1"/>
		<b id="5" c="5 6" t="1"/>
		<b id="6" c="6 7" t="1"/>
		<b id="7" c="7 8" t="ar"/>
		<b id="8" c="8 9" t="ar"/>
		<b id="9" c="9 10" t="1"/>
		<b id="10" c="9 11" t="ar"/>
		<b id="11" c="11 12" t="ar"/>
		<b id="12" c="12 13" t="ar"/>
		<b id="13" c="7 13" t="ar"/>
		<b id="14" c="13 14" t="1"/>
		<b id="15" c="6 15" t="1"/>
		<b id="16" c="15 16" t="1"/>
		<b id="17" c="3 16" t="1"/>
		<b id="18" c="1 17" t="1"/>
		<b id="19" c="2 18" t="1"/>
		<b id="20" c="2 19" t="1"/>
		<b id="21" c="3 20" t="1"/>
		<b id="22" c="4 21" t="1"/>
		<b id="23" c="4 22" t="1"/>
		<b id="24" c="5 23" t="1"/>
		<b id="25" c="5 24" t="1"/>
		<b id="26" c="12 25" t="1"/>
		<b id="27" c="15 26" t="1"/>
		<b id="28" c="15 27" t="1"/>
		<b id="29" c="16 28" t="1"/>
		<b id="30" c="16 29" t="1"/>
	</bonds>
	<geometry>
		<g u="A" t="cart/3d">#29,3:1.6365,0.6272,-1.1801;2.3583,0.0471,-0.1146;2.9721,-1.2644,-0.6170;1.8936,-2.2796,-1.0104;1.2314,-2.9192,0.2124;2.2364,-3.5148,1.0650;2.5120,-4.8213,1.1715;3.6268,-5.1467,1.8529;3.9277,-6.4098,2.0297;5.3590,-6.7092,2.9067;3.2660,-7.4657,1.6095;2.1552,-7.1908,0.9281;1.7359,-5.9067,0.6849;0.5846,-5.7359,-0.0116;3.1791,-2.5347,1.5662;3.9302,-1.8877,0.4021;1.2847,1.4780,-0.9001;1.6929,-0.1271,0.7417;3.1662,0.7175,0.2127;3.5335,-1.0028,-1.5199;2.3508,-3.0670,-1.6130;1.1373,-1.7806,-1.6156;0.4972,-3.6513,-0.1091;0.7087,-2.1569,0.7989;1.5852,-8.0356,0.5698;3.8761,-3.0394,2.2338;2.6200,-1.7817,2.1289;4.5204,-2.6602,-0.0943;4.6178,-1.1344,0.7884;</g>
	</geometry>
	<conformers/>
	<properties/>
</molecule>
