<?xml version="1.0" ?>
<!--MOLLI PACKAGE EXPERIMENTAL XML FORMAT-->
<molecule name="el1646">
	<atoms>
		<a id="1" s="C" t="C.3" l="C"/>
		<a id="2" s="N" t="N.am" l="N"/>
		<a id="3" s="C" t="C.3" l="C"/>
		<a id="4" s="C" t="C.3" l="C"/>
		<a id="5" s="N" t="N.am" l="N"/>
		<a id="6" s="C" t="C.3" l="C"/>
		<a id="7" s="C" t="C.3" l="C"/>
		<a id="8" s="C" t="C.3" l="C"/>
		<a id="9" s="C" t="C.3" l="C"/>
		<a id="10" s="N" t="N.pl3" l="N"/>
		<a id="11" s="C" t="C.ar" l="C"/>
		<a id="12" s="N" t="N.ar" l="N"/>
		<a id="13" s="C" t="C.ar" l="C"/>
		<a id="14" s="Cl" t="Cl" l="CL"/>
		<a id="15" s="N" t="N.ar" l="N"/>
		<a id="16" s="C" t="C.ar" l="C"/>
		<a id="17" s="C" t="C.ar" l="C"/>
		<a id="18" s="F" t="F" l="F"/>
		<a id="19" s="C" t="C.3" l="C"/>
		<a id="20" s="C" t="C.2" l="C"/>
		<a id="21" s="O" t="O.2" l="O"/>
		<a id="22" s="H" t="H" l="H"/>
		<a id="23" s="H" t="H" l="H"/>
		<a id="24" s="H" t="H" l="H"/>
		<a id="25" s="H" t="H" l="H"/>
		<a id="26" s="H" t="H" l="H"/>
		<a id="27" s="H" t="H" l="H"/>
		<a id="28" s="H" t="H" l="H"/>
		<a id="29" s="H" t="H" l="H"/>
		<a id="30" s="H" t="H" l="H"/>
		<a id="31" s="H" t="H" l="H"/>
		<a id="32" s="H" t="H" l="H"/>
		<a id="33" s="H" t="H" l="H"/>
		<a id="34" s="H" t="H" l="H"/>
		<a id="35" s="H" t="H" l="H"/>
		<a id="36" s="H" t="H" l="H"/>
		<a id="37" s="H" t="H" l="H"/>
		<a id="38" s="H" t="H" l="H"/>
	</atoms>
	<bonds>
		<b id="1" c="1 2" t="1"/>
		<b id="2" c="2 3" t="1"/>
		<b id="3" c="3 4" t="1"/>
		<b id="4" c="4 5" t="1"/>
		<b id="5" c="5 6" t="1"/>
		<b id="6" c="6 7" t="1"/>
		<b id="7" c="7 8" t="1"/>
		<b id="8" c="8 9" t="1"/>
		<b id="9" c="9 10" t="1"/>
		<b id="10" c="10 11" t="1"/>
		<b id="11" c="11 12" t="ar"/>
		<b id="12" c="12 13" t="ar"/>
		<b id="13" c="13 14" t="1"/>
		<b id="14" c="13 15" t="ar"/>
		<b id="15" c="15 16" t="ar"/>
		<b id="16" c="16 17" t="ar"/>
		<b id="17" c="11 17" t="ar"/>
		<b id="18" c="17 18" t="1"/>
		<b id="19" c="10 19" t="1"/>
		<b id="20" c="6 19" t="1"/>
		<b id="21" c="5 20" t="am"/>
		<b id="22" c="2 20" t="am"/>
		<b id="23" c="20 21" t="2"/>
		<b id="24" c="1 22" t="1"/>
		<b id="25" c="1 23" t="1"/>
		<b id="26" c="1 24" t="1"/>
		<b id="27" c="3 25" t="1"/>
		<b id="28" c="3 26" t="1"/>
		<b id="29" c="4 27" t="1"/>
		<b id="30" c="4 28" t="1"/>
		<b id="31" c="6 29" t="1"/>
		<b id="32" c="7 30" t="1"/>
		<b id="33" c="7 31" t="1"/>
		<b id="34" c="8 32" t="1"/>
		<b id="35" c="8 33" t="1"/>
		<b id="36" c="9 34" t="1"/>
		<b id="37" c="9 35" t="1"/>
		<b id="38" c="16 36" t="1"/>
		<b id="39" c="19 37" t="1"/>
		<b id="40" c="19 38" t="1"/>
	</bonds>
	<geometry>
		<g u="A" t="cart/3d">#38,3:1.2341,0.1189,0.5700;2.5865,0.0905,0.0939;3.3754,-1.1162,0.1142;4.6740,-0.6820,-0.5796;4.2767,0.5242,-1.2731;5.1412,1.4060,-2.0202;5.2235,1.0268,-3.5082;6.2002,-0.1148,-3.7647;7.5617,0.2195,-3.1557;7.4131,0.4352,-1.7341;7.9813,-0.2849,-0.7594;7.6576,0.0540,0.5042;8.1875,-0.6042,1.5074;7.6940,-0.0974,3.0589;9.0373,-1.6054,1.4572;9.3792,-1.9821,0.2268;8.8857,-1.3713,-0.8990;9.2945,-1.8441,-2.1029;6.5482,1.5558,-1.4211;3.0830,1.0055,-0.7858;2.5756,2.0627,-1.0903;1.2108,-0.0411,1.6497;0.6249,-0.6488,0.0819;0.8275,1.1018,0.3378;2.8679,-1.9226,-0.4362;3.5449,-1.4531,1.1405;5.0406,-1.4422,-1.2740;5.4561,-0.4718,0.1598;4.6396,2.3814,-1.9528;5.5519,1.9062,-4.0663;4.2256,0.7627,-3.8581;6.3169,-0.2722,-4.8379;5.8263,-1.0421,-3.3293;7.9414,1.1463,-3.6039;8.2709,-0.5740,-3.3669;10.0738,-2.8058,0.1480;6.9993,2.4594,-1.8464;6.4952,1.6634,-0.3388;</g>
	</geometry>
	<conformers/>
	<properties/>
</molecule>
