<?xml version="1.0" ?>
<!--MOLLI PACKAGE EXPERIMENTAL XML FORMAT-->
<molecule name="el1648">
	<atoms>
		<a id="1" s="F" t="F" l="F"/>
		<a id="2" s="C" t="C.ar" l="C"/>
		<a id="3" s="C" t="C.ar" l="C"/>
		<a id="4" s="N" t="N.ar" l="N"/>
		<a id="5" s="C" t="C.ar" l="C"/>
		<a id="6" s="Cl" t="Cl" l="CL"/>
		<a id="7" s="N" t="N.ar" l="N"/>
		<a id="8" s="C" t="C.ar" l="C"/>
		<a id="9" s="N" t="N.ar" l="N"/>
		<a id="10" s="C" t="C.ar" l="C"/>
		<a id="11" s="C" t="C.ar" l="C"/>
		<a id="12" s="C" t="C.ar" l="C"/>
		<a id="13" s="N" t="N.ar" l="N"/>
		<a id="14" s="H" t="H" l="H"/>
		<a id="15" s="H" t="H" l="H"/>
		<a id="16" s="H" t="H" l="H"/>
		<a id="17" s="H" t="H" l="H"/>
	</atoms>
	<bonds>
		<b id="1" c="1 2" t="1"/>
		<b id="2" c="2 3" t="ar"/>
		<b id="3" c="3 4" t="ar"/>
		<b id="4" c="4 5" t="ar"/>
		<b id="5" c="5 6" t="1"/>
		<b id="6" c="5 7" t="ar"/>
		<b id="7" c="7 8" t="ar"/>
		<b id="8" c="2 8" t="ar"/>
		<b id="9" c="8 9" t="1"/>
		<b id="10" c="9 10" t="ar"/>
		<b id="11" c="10 11" t="ar"/>
		<b id="12" c="11 12" t="ar"/>
		<b id="13" c="12 13" t="ar"/>
		<b id="14" c="9 13" t="ar"/>
		<b id="15" c="3 14" t="1"/>
		<b id="16" c="10 15" t="1"/>
		<b id="17" c="11 16" t="1"/>
		<b id="18" c="12 17" t="1"/>
	</bonds>
	<geometry>
		<g u="A" t="cart/3d">#17,3:0.9328,-0.0955,0.2139;2.2541,0.0308,0.0769;3.0575,-1.0958,0.0439;4.3722,-1.0166,-0.0943;4.8773,0.1959,-0.2011;6.5597,0.3163,-0.3810;4.2104,1.3329,-0.1824;2.8891,1.2806,-0.0418;2.2286,2.4826,-0.0225;2.8079,3.7147,-0.1687;1.8005,4.6281,-0.0827;0.6292,3.8572,0.1197;0.9021,2.5810,0.1519;2.6362,-2.0872,0.1301;3.8632,3.8041,-0.3173;1.8695,5.6936,-0.1518;-0.3794,4.1983,0.2398;</g>
	</geometry>
	<conformers/>
	<properties/>
</molecule>
