<?xml version="1.0" ?>
<!--MOLLI PACKAGE EXPERIMENTAL XML FORMAT-->
<molecule name="el1651">
	<atoms>
		<a id="1" s="F" t="F" l="F"/>
		<a id="2" s="C" t="C.ar" l="C"/>
		<a id="3" s="C" t="C.ar" l="C"/>
		<a id="4" s="C" t="C.ar" l="C"/>
		<a id="5" s="C" t="C.ar" l="C"/>
		<a id="6" s="C" t="C.ar" l="C"/>
		<a id="7" s="N" t="N.ar" l="N"/>
		<a id="8" s="N" t="N.ar" l="N"/>
		<a id="9" s="C" t="C.ar" l="C"/>
		<a id="10" s="Cl" t="Cl" l="CL"/>
		<a id="11" s="C" t="C.ar" l="C"/>
		<a id="12" s="C" t="C.ar" l="C"/>
		<a id="13" s="C" t="C.ar" l="C"/>
		<a id="14" s="C" t="C.ar" l="C"/>
		<a id="15" s="C" t="C.ar" l="C"/>
		<a id="16" s="C" t="C.ar" l="C"/>
		<a id="17" s="C" t="C.ar" l="C"/>
		<a id="18" s="C" t="C.ar" l="C"/>
		<a id="19" s="N" t="N.ar" l="N"/>
		<a id="20" s="C" t="C.ar" l="C"/>
		<a id="21" s="N" t="N.pl3" l="N"/>
		<a id="22" s="C" t="C.3" l="C"/>
		<a id="23" s="C" t="C.3" l="C"/>
		<a id="24" s="C" t="C.3" l="C"/>
		<a id="25" s="C" t="C.3" l="C"/>
		<a id="26" s="C" t="C.3" l="C"/>
		<a id="27" s="N" t="N.ar" l="N"/>
		<a id="28" s="C" t="C.ar" l="C"/>
		<a id="29" s="C" t="C.ar" l="C"/>
		<a id="30" s="H" t="H" l="H"/>
		<a id="31" s="H" t="H" l="H"/>
		<a id="32" s="H" t="H" l="H"/>
		<a id="33" s="H" t="H" l="H"/>
		<a id="34" s="H" t="H" l="H"/>
		<a id="35" s="H" t="H" l="H"/>
		<a id="36" s="H" t="H" l="H"/>
		<a id="37" s="H" t="H" l="H"/>
		<a id="38" s="H" t="H" l="H"/>
		<a id="39" s="H" t="H" l="H"/>
		<a id="40" s="H" t="H" l="H"/>
		<a id="41" s="H" t="H" l="H"/>
		<a id="42" s="H" t="H" l="H"/>
		<a id="43" s="H" t="H" l="H"/>
		<a id="44" s="H" t="H" l="H"/>
		<a id="45" s="H" t="H" l="H"/>
		<a id="46" s="H" t="H" l="H"/>
		<a id="47" s="H" t="H" l="H"/>
		<a id="48" s="H" t="H" l="H"/>
	</atoms>
	<bonds>
		<b id="1" c="1 2" t="1"/>
		<b id="2" c="2 3" t="ar"/>
		<b id="3" c="3 4" t="ar"/>
		<b id="4" c="4 5" t="ar"/>
		<b id="5" c="5 6" t="1"/>
		<b id="6" c="6 7" t="ar"/>
		<b id="7" c="7 8" t="ar"/>
		<b id="8" c="8 9" t="ar"/>
		<b id="9" c="9 10" t="1"/>
		<b id="10" c="9 11" t="ar"/>
		<b id="11" c="11 12" t="ar"/>
		<b id="12" c="12 13" t="ar"/>
		<b id="13" c="13 14" t="ar"/>
		<b id="14" c="8 14" t="ar"/>
		<b id="15" c="14 15" t="ar"/>
		<b id="16" c="6 15" t="ar"/>
		<b id="17" c="15 16" t="1"/>
		<b id="18" c="16 17" t="ar"/>
		<b id="19" c="17 18" t="ar"/>
		<b id="20" c="18 19" t="ar"/>
		<b id="21" c="19 20" t="ar"/>
		<b id="22" c="20 21" t="1"/>
		<b id="23" c="21 22" t="1"/>
		<b id="24" c="22 23" t="1"/>
		<b id="25" c="23 24" t="1"/>
		<b id="26" c="24 25" t="1"/>
		<b id="27" c="25 26" t="1"/>
		<b id="28" c="22 26" t="1"/>
		<b id="29" c="20 27" t="ar"/>
		<b id="30" c="16 27" t="ar"/>
		<b id="31" c="5 28" t="ar"/>
		<b id="32" c="28 29" t="ar"/>
		<b id="33" c="2 29" t="ar"/>
		<b id="34" c="3 30" t="1"/>
		<b id="35" c="4 31" t="1"/>
		<b id="36" c="11 32" t="1"/>
		<b id="37" c="12 33" t="1"/>
		<b id="38" c="13 34" t="1"/>
		<b id="39" c="17 35" t="1"/>
		<b id="40" c="18 36" t="1"/>
		<b id="41" c="21 37" t="1"/>
		<b id="42" c="22 38" t="1"/>
		<b id="43" c="23 39" t="1"/>
		<b id="44" c="23 40" t="1"/>
		<b id="45" c="24 41" t="1"/>
		<b id="46" c="24 42" t="1"/>
		<b id="47" c="25 43" t="1"/>
		<b id="48" c="25 44" t="1"/>
		<b id="49" c="26 45" t="1"/>
		<b id="50" c="26 46" t="1"/>
		<b id="51" c="28 47" t="1"/>
		<b id="52" c="29 48" t="1"/>
	</bonds>
	<geometry>
		<g u="A" t="cart/3d">#48,3:2.0608,-0.3307,-0.1605;0.7158,-0.2116,-0.1062;-0.0193,-1.1835,0.5487;-1.3945,-1.0615,0.5852;-2.0273,0.0161,-0.0310;-3.4807,0.1047,-0.0029;-4.1695,-0.3074,1.0618;-5.4437,-0.0869,0.7912;-6.4895,-0.3729,1.6034;-6.1044,-1.0645,3.1203;-7.7637,-0.1141,1.1893;-7.9847,0.4421,-0.0871;-6.9329,0.7368,-0.9071;-5.6259,0.4841,-0.4633;-4.3402,0.6159,-0.9979;-3.9853,1.0950,-2.3256;-4.6114,2.2065,-2.9002;-4.1841,2.5611,-4.1681;-3.2392,1.9094,-4.8186;-2.6919,0.8636,-4.1844;-1.7053,0.1856,-4.7932;-1.2296,0.4534,-6.1242;-1.5557,-0.6920,-7.1147;-0.2063,-1.2671,-7.5488;0.7338,-0.0689,-7.4588;0.3026,0.6091,-6.1608;-3.0356,0.4273,-2.9678;-1.2589,0.9952,-0.6570;0.1168,0.8836,-0.7017;0.4862,-2.0150,1.0140;-1.9960,-1.8020,1.0882;-8.5908,-0.3449,1.8381;-8.9977,0.6281,-0.4054;-7.0789,1.1499,-1.8916;-5.3610,2.7708,-2.3717;-4.6109,3.4080,-4.6923;-1.3492,-0.6136,-4.2912;-1.7283,1.3753,-6.4282;-2.0873,-0.2901,-7.9776;-2.1944,-1.4401,-6.6466;-0.2437,-1.6954,-8.5497;0.1186,-2.0449,-6.8555;0.5632,0.5998,-8.3037;1.7844,-0.3564,-7.4511;0.6068,1.6529,-6.1104;0.7372,0.0860,-5.3065;-1.7386,1.8536,-1.0995;0.7267,1.6300,-1.1866;</g>
	</geometry>
	<conformers/>
	<properties/>
</molecule>
