<?xml version="1.0" ?>
<!--MOLLI PACKAGE EXPERIMENTAL XML FORMAT-->
<molecule name="el1653">
	<atoms>
		<a id="1" s="Cl" t="Cl" l="CL"/>
		<a id="2" s="C" t="C.ar" l="C"/>
		<a id="3" s="C" t="C.ar" l="C"/>
		<a id="4" s="C" t="C.ar" l="C"/>
		<a id="5" s="C" t="C.ar" l="C"/>
		<a id="6" s="C" t="C.ar" l="C"/>
		<a id="7" s="C" t="C.ar" l="C"/>
		<a id="8" s="N" t="N.ar" l="N"/>
		<a id="9" s="C" t="C.ar" l="C"/>
		<a id="10" s="N" t="N.pl3" l="N"/>
		<a id="11" s="C" t="C.3" l="C"/>
		<a id="12" s="C" t="C.3" l="C"/>
		<a id="13" s="N" t="N.3" l="N"/>
		<a id="14" s="C" t="C.3" l="C"/>
		<a id="15" s="C" t="C.ar" l="C"/>
		<a id="16" s="C" t="C.ar" l="C"/>
		<a id="17" s="C" t="C.ar" l="C"/>
		<a id="18" s="C" t="C.ar" l="C"/>
		<a id="19" s="C" t="C.ar" l="C"/>
		<a id="20" s="C" t="C.ar" l="C"/>
		<a id="21" s="C" t="C.3" l="C"/>
		<a id="22" s="C" t="C.3" l="C"/>
		<a id="23" s="C" t="C.ar" l="C"/>
		<a id="24" s="C" t="C.ar" l="C"/>
		<a id="25" s="H" t="H" l="H"/>
		<a id="26" s="H" t="H" l="H"/>
		<a id="27" s="H" t="H" l="H"/>
		<a id="28" s="H" t="H" l="H"/>
		<a id="29" s="H" t="H" l="H"/>
		<a id="30" s="H" t="H" l="H"/>
		<a id="31" s="H" t="H" l="H"/>
		<a id="32" s="H" t="H" l="H"/>
		<a id="33" s="H" t="H" l="H"/>
		<a id="34" s="H" t="H" l="H"/>
		<a id="35" s="H" t="H" l="H"/>
		<a id="36" s="H" t="H" l="H"/>
		<a id="37" s="H" t="H" l="H"/>
		<a id="38" s="H" t="H" l="H"/>
		<a id="39" s="H" t="H" l="H"/>
		<a id="40" s="H" t="H" l="H"/>
		<a id="41" s="H" t="H" l="H"/>
		<a id="42" s="H" t="H" l="H"/>
		<a id="43" s="H" t="H" l="H"/>
		<a id="44" s="H" t="H" l="H"/>
	</atoms>
	<bonds>
		<b id="1" c="1 2" t="1"/>
		<b id="2" c="2 3" t="ar"/>
		<b id="3" c="3 4" t="ar"/>
		<b id="4" c="4 5" t="ar"/>
		<b id="5" c="5 6" t="ar"/>
		<b id="6" c="6 7" t="ar"/>
		<b id="7" c="7 8" t="ar"/>
		<b id="8" c="8 9" t="ar"/>
		<b id="9" c="9 10" t="1"/>
		<b id="10" c="10 11" t="1"/>
		<b id="11" c="11 12" t="1"/>
		<b id="12" c="12 13" t="1"/>
		<b id="13" c="13 14" t="1"/>
		<b id="14" c="14 15" t="1"/>
		<b id="15" c="15 16" t="ar"/>
		<b id="16" c="16 17" t="ar"/>
		<b id="17" c="17 18" t="ar"/>
		<b id="18" c="18 19" t="ar"/>
		<b id="19" c="19 20" t="ar"/>
		<b id="20" c="15 20" t="ar"/>
		<b id="21" c="13 21" t="1"/>
		<b id="22" c="21 22" t="1"/>
		<b id="23" c="10 22" t="1"/>
		<b id="24" c="9 23" t="ar"/>
		<b id="25" c="5 23" t="ar"/>
		<b id="26" c="23 24" t="ar"/>
		<b id="27" c="2 24" t="ar"/>
		<b id="28" c="3 25" t="1"/>
		<b id="29" c="4 26" t="1"/>
		<b id="30" c="6 27" t="1"/>
		<b id="31" c="7 28" t="1"/>
		<b id="32" c="11 29" t="1"/>
		<b id="33" c="11 30" t="1"/>
		<b id="34" c="12 31" t="1"/>
		<b id="35" c="12 32" t="1"/>
		<b id="36" c="14 33" t="1"/>
		<b id="37" c="14 34" t="1"/>
		<b id="38" c="16 35" t="1"/>
		<b id="39" c="17 36" t="1"/>
		<b id="40" c="18 37" t="1"/>
		<b id="41" c="19 38" t="1"/>
		<b id="42" c="20 39" t="1"/>
		<b id="43" c="21 40" t="1"/>
		<b id="44" c="21 41" t="1"/>
		<b id="45" c="22 42" t="1"/>
		<b id="46" c="22 43" t="1"/>
		<b id="47" c="24 44" t="1"/>
	</bonds>
	<geometry>
		<g u="A" t="cart/3d">#44,3:1.8219,-1.7945,0.5875;3.3918,-1.0686,0.6969;4.4653,-1.8467,1.1494;5.7207,-1.3067,1.1665;5.9443,0.0270,0.7680;7.2420,0.5721,0.6476;7.3716,1.8284,0.1252;6.3380,2.6294,-0.1458;5.1071,2.1994,0.0520;4.0859,3.0841,-0.1884;4.4199,4.3245,-0.8677;4.7970,5.4284,0.1295;3.7640,5.6618,1.1202;2.6161,6.4108,0.6334;1.7585,6.8659,1.7842;2.3402,7.5423,2.8500;1.5684,7.9698,3.9139;0.2039,7.7292,3.9244;-0.3825,7.0557,2.8677;0.3926,6.6238,1.8046;3.4221,4.4153,1.7717;3.0376,3.2823,0.7969;4.8333,0.8332,0.4081;3.5602,0.2413,0.3306;4.2930,-2.8688,1.4483;6.5673,-1.9053,1.4688;8.1028,-0.0180,0.9190;8.3420,2.2680,-0.0658;3.5416,4.6246,-1.4489;5.2523,4.1315,-1.5422;5.0046,6.3601,-0.3999;5.7019,5.1169,0.6586;1.9960,5.8487,-0.0836;3.0064,7.2926,0.1136;3.4050,7.7185,2.8356;2.0296,8.4947,4.7377;-0.4001,8.0654,4.7543;-1.4453,6.8627,2.8709;-0.0714,6.0958,0.9828;2.6006,4.5933,2.4687;4.3005,4.0941,2.3420;2.1104,3.5333,0.2711;2.8808,2.3747,1.3763;2.7250,0.7996,-0.0597;</g>
	</geometry>
	<conformers/>
	<properties/>
</molecule>
