<?xml version="1.0" ?>
<!--MOLLI PACKAGE EXPERIMENTAL XML FORMAT-->
<molecule name="el1654">
	<atoms>
		<a id="1" s="N" t="N.1" l="N"/>
		<a id="2" s="C" t="C.1" l="C"/>
		<a id="3" s="C" t="C.ar" l="C"/>
		<a id="4" s="C" t="C.ar" l="C"/>
		<a id="5" s="C" t="C.ar" l="C"/>
		<a id="6" s="C" t="C.ar" l="C"/>
		<a id="7" s="C" t="C.ar" l="C"/>
		<a id="8" s="C" t="C.ar" l="C"/>
		<a id="9" s="N" t="N.ar" l="N"/>
		<a id="10" s="C" t="C.ar" l="C"/>
		<a id="11" s="C" t="C.ar" l="C"/>
		<a id="12" s="Cl" t="Cl" l="CL"/>
		<a id="13" s="N" t="N.ar" l="N"/>
		<a id="14" s="C" t="C.ar" l="C"/>
		<a id="15" s="N" t="N.ar" l="N"/>
		<a id="16" s="C" t="C.ar" l="C"/>
		<a id="17" s="N" t="N.ar" l="N"/>
		<a id="18" s="C" t="C.ar" l="C"/>
		<a id="19" s="H" t="H" l="H"/>
		<a id="20" s="H" t="H" l="H"/>
		<a id="21" s="H" t="H" l="H"/>
		<a id="22" s="H" t="H" l="H"/>
		<a id="23" s="H" t="H" l="H"/>
		<a id="24" s="H" t="H" l="H"/>
	</atoms>
	<bonds>
		<b id="1" c="1 2" t="3"/>
		<b id="2" c="2 3" t="1"/>
		<b id="3" c="3 4" t="ar"/>
		<b id="4" c="4 5" t="ar"/>
		<b id="5" c="5 6" t="ar"/>
		<b id="6" c="6 7" t="ar"/>
		<b id="7" c="7 8" t="1"/>
		<b id="8" c="8 9" t="ar"/>
		<b id="9" c="9 10" t="ar"/>
		<b id="10" c="10 11" t="ar"/>
		<b id="11" c="11 12" t="1"/>
		<b id="12" c="11 13" t="ar"/>
		<b id="13" c="13 14" t="ar"/>
		<b id="14" c="14 15" t="ar"/>
		<b id="15" c="15 16" t="ar"/>
		<b id="16" c="10 16" t="ar"/>
		<b id="17" c="16 17" t="ar"/>
		<b id="18" c="8 17" t="ar"/>
		<b id="19" c="7 18" t="ar"/>
		<b id="20" c="3 18" t="ar"/>
		<b id="21" c="4 19" t="1"/>
		<b id="22" c="5 20" t="1"/>
		<b id="23" c="6 21" t="1"/>
		<b id="24" c="14 22" t="1"/>
		<b id="25" c="17 23" t="1"/>
		<b id="26" c="18 24" t="1"/>
	</bonds>
	<geometry>
		<g u="A" t="cart/3d">#24,3:-2.9820,0.1255,-0.5158;-1.8489,0.1075,-0.3489;-0.4482,0.0613,-0.1413;0.1748,-1.1700,0.0757;1.5412,-1.2133,0.2800;2.2907,-0.0496,0.2729;1.6746,1.1847,0.0584;2.4119,2.4331,0.0443;1.8587,3.5944,-0.1930;2.8615,4.5100,-0.1157;2.9622,5.8929,-0.2579;1.6160,6.8729,-0.6227;4.1304,6.4853,-0.1090;5.1991,5.7540,0.1747;5.2570,4.4458,0.3363;4.0842,3.8492,0.1874;3.7673,2.5332,0.2814;0.2967,1.2344,-0.1510;-0.4138,-2.0750,0.0819;2.0282,-2.1623,0.4467;3.3567,-0.1134,0.4329;6.1274,6.2956,0.2852;4.4139,1.7921,0.4924;-0.1716,2.1916,-0.3177;</g>
	</geometry>
	<conformers/>
	<properties/>
</molecule>
