<?xml version="1.0" ?>
<!--MOLLI PACKAGE EXPERIMENTAL XML FORMAT-->
<molecule name="el1656">
	<atoms>
		<a id="1" s="Cl" t="Cl" l="CL"/>
		<a id="2" s="C" t="C.ar" l="C"/>
		<a id="3" s="N" t="N.ar" l="N"/>
		<a id="4" s="C" t="C.ar" l="C"/>
		<a id="5" s="N" t="N.ar" l="N"/>
		<a id="6" s="C" t="C.ar" l="C"/>
		<a id="7" s="N" t="N.ar" l="N"/>
		<a id="8" s="C" t="C.ar" l="C"/>
		<a id="9" s="C" t="C.ar" l="C"/>
		<a id="10" s="C" t="C.ar" l="C"/>
		<a id="11" s="C" t="C.ar" l="C"/>
		<a id="12" s="C" t="C.ar" l="C"/>
		<a id="13" s="C" t="C.ar" l="C"/>
		<a id="14" s="C" t="C.ar" l="C"/>
		<a id="15" s="N" t="N.ar" l="N"/>
		<a id="16" s="C" t="C.ar" l="C"/>
		<a id="17" s="H" t="H" l="H"/>
		<a id="18" s="H" t="H" l="H"/>
		<a id="19" s="H" t="H" l="H"/>
		<a id="20" s="H" t="H" l="H"/>
		<a id="21" s="H" t="H" l="H"/>
		<a id="22" s="H" t="H" l="H"/>
		<a id="23" s="H" t="H" l="H"/>
	</atoms>
	<bonds>
		<b id="1" c="1 2" t="1"/>
		<b id="2" c="2 3" t="ar"/>
		<b id="3" c="3 4" t="ar"/>
		<b id="4" c="4 5" t="ar"/>
		<b id="5" c="5 6" t="ar"/>
		<b id="6" c="6 7" t="ar"/>
		<b id="7" c="7 8" t="ar"/>
		<b id="8" c="8 9" t="1"/>
		<b id="9" c="9 10" t="ar"/>
		<b id="10" c="10 11" t="ar"/>
		<b id="11" c="11 12" t="ar"/>
		<b id="12" c="12 13" t="ar"/>
		<b id="13" c="13 14" t="ar"/>
		<b id="14" c="9 14" t="ar"/>
		<b id="15" c="8 15" t="ar"/>
		<b id="16" c="15 16" t="ar"/>
		<b id="17" c="2 16" t="ar"/>
		<b id="18" c="6 16" t="ar"/>
		<b id="19" c="4 17" t="1"/>
		<b id="20" c="7 18" t="1"/>
		<b id="21" c="10 19" t="1"/>
		<b id="22" c="11 20" t="1"/>
		<b id="23" c="12 21" t="1"/>
		<b id="24" c="13 22" t="1"/>
		<b id="25" c="14 23" t="1"/>
	</bonds>
	<geometry>
		<g u="A" t="cart/3d">#23,3:2.3953,0.6407,0.5487;0.9292,-0.1875,0.2705;0.9760,-1.5030,0.1941;-0.1423,-2.1795,-0.0248;-1.3572,-1.6912,-0.1889;-1.4042,-0.3703,-0.1113;-2.4665,0.4647,-0.2274;-1.9869,1.7481,-0.0586;-2.8209,2.9320,-0.0998;-2.2544,4.1570,0.2603;-3.0163,5.3079,0.2440;-4.3492,5.2552,-0.1342;-4.9160,4.0454,-0.5010;-4.1613,2.8876,-0.4848;-0.6958,1.7738,0.1515;-0.2855,0.4771,0.1249;-0.0431,-3.2542,-0.0744;-3.4186,0.1812,-0.3846;-1.2161,4.1734,0.5500;-2.5725,6.2504,0.5271;-4.9456,6.1551,-0.1460;-5.9524,4.0038,-0.8019;-4.6200,1.9564,-0.7844;</g>
	</geometry>
	<conformers/>
	<properties/>
</molecule>
