<?xml version="1.0" ?>
<!--MOLLI PACKAGE EXPERIMENTAL XML FORMAT-->
<molecule name="el1658">
	<atoms>
		<a id="1" s="Cl" t="Cl" l="CL"/>
		<a id="2" s="C" t="C.ar" l="C"/>
		<a id="3" s="N" t="N.ar" l="N"/>
		<a id="4" s="C" t="C.ar" l="C"/>
		<a id="5" s="N" t="N.ar" l="N"/>
		<a id="6" s="C" t="C.ar" l="C"/>
		<a id="7" s="N" t="N.ar" l="N"/>
		<a id="8" s="C" t="C.ar" l="C"/>
		<a id="9" s="C" t="C.ar" l="C"/>
		<a id="10" s="C" t="C.ar" l="C"/>
		<a id="11" s="C" t="C.ar" l="C"/>
		<a id="12" s="C" t="C.ar" l="C"/>
		<a id="13" s="N" t="N.ar" l="N"/>
		<a id="14" s="C" t="C.ar" l="C"/>
		<a id="15" s="N" t="N.ar" l="N"/>
		<a id="16" s="C" t="C.ar" l="C"/>
		<a id="17" s="H" t="H" l="H"/>
		<a id="18" s="H" t="H" l="H"/>
		<a id="19" s="H" t="H" l="H"/>
		<a id="20" s="H" t="H" l="H"/>
		<a id="21" s="H" t="H" l="H"/>
		<a id="22" s="H" t="H" l="H"/>
	</atoms>
	<bonds>
		<b id="1" c="1 2" t="1"/>
		<b id="2" c="2 3" t="ar"/>
		<b id="3" c="3 4" t="ar"/>
		<b id="4" c="4 5" t="ar"/>
		<b id="5" c="5 6" t="ar"/>
		<b id="6" c="6 7" t="ar"/>
		<b id="7" c="7 8" t="ar"/>
		<b id="8" c="8 9" t="1"/>
		<b id="9" c="9 10" t="ar"/>
		<b id="10" c="10 11" t="ar"/>
		<b id="11" c="11 12" t="ar"/>
		<b id="12" c="12 13" t="ar"/>
		<b id="13" c="13 14" t="ar"/>
		<b id="14" c="9 14" t="ar"/>
		<b id="15" c="8 15" t="ar"/>
		<b id="16" c="15 16" t="ar"/>
		<b id="17" c="2 16" t="ar"/>
		<b id="18" c="6 16" t="ar"/>
		<b id="19" c="4 17" t="1"/>
		<b id="20" c="7 18" t="1"/>
		<b id="21" c="10 19" t="1"/>
		<b id="22" c="11 20" t="1"/>
		<b id="23" c="12 21" t="1"/>
		<b id="24" c="14 22" t="1"/>
	</bonds>
	<geometry>
		<g u="A" t="cart/3d">#22,3:2.3770,0.6070,-0.5794;0.9107,-0.2018,-0.2564;0.9550,-1.5095,-0.0966;-0.1653,-2.1704,0.1595;-1.3802,-1.6722,0.2862;-1.4262,-0.3586,0.1268;-2.4882,0.4832,0.1907;-2.0037,1.7519,-0.0505;-2.8285,2.9412,-0.0640;-2.2763,4.1550,-0.4852;-3.0700,5.2854,-0.4885;-4.3902,5.1668,-0.0722;-4.9210,4.0261,0.3344;-4.1658,2.9464,0.3412;-0.7127,1.7647,-0.2606;-0.3053,0.4709,-0.1570;-0.0668,-3.2396,0.2788;-3.4414,0.2126,0.3644;-1.2441,4.1764,-0.7977;-2.6782,6.2382,-0.8077;-5.0556,6.0195,-0.0594;-4.6572,2.0500,0.6984;</g>
	</geometry>
	<conformers/>
	<properties/>
</molecule>
