<?xml version="1.0" ?>
<!--MOLLI PACKAGE EXPERIMENTAL XML FORMAT-->
<molecule name="el1660">
	<atoms>
		<a id="1" s="C" t="C.3" l="C"/>
		<a id="2" s="C" t="C.2" l="C"/>
		<a id="3" s="O" t="O.2" l="O"/>
		<a id="4" s="O" t="O.3" l="O"/>
		<a id="5" s="C" t="C.3" l="C"/>
		<a id="6" s="C" t="C.3" l="C"/>
		<a id="7" s="O" t="O.3" l="O"/>
		<a id="8" s="C" t="C.3" l="C"/>
		<a id="9" s="N" t="N.ar" l="N"/>
		<a id="10" s="C" t="C.ar" l="C"/>
		<a id="11" s="N" t="N.ar" l="N"/>
		<a id="12" s="C" t="C.ar" l="C"/>
		<a id="13" s="C" t="C.ar" l="C"/>
		<a id="14" s="O" t="O.3" l="O"/>
		<a id="15" s="C" t="C.3" l="C"/>
		<a id="16" s="C" t="C.ar" l="C"/>
		<a id="17" s="C" t="C.ar" l="C"/>
		<a id="18" s="C" t="C.ar" l="C"/>
		<a id="19" s="C" t="C.ar" l="C"/>
		<a id="20" s="C" t="C.ar" l="C"/>
		<a id="21" s="C" t="C.ar" l="C"/>
		<a id="22" s="N" t="N.ar" l="N"/>
		<a id="23" s="C" t="C.ar" l="C"/>
		<a id="24" s="Cl" t="Cl" l="CL"/>
		<a id="25" s="N" t="N.ar" l="N"/>
		<a id="26" s="C" t="C.ar" l="C"/>
		<a id="27" s="C" t="C.3" l="C"/>
		<a id="28" s="O" t="O.3" l="O"/>
		<a id="29" s="C" t="C.2" l="C"/>
		<a id="30" s="C" t="C.3" l="C"/>
		<a id="31" s="O" t="O.2" l="O"/>
		<a id="32" s="C" t="C.3" l="C"/>
		<a id="33" s="O" t="O.3" l="O"/>
		<a id="34" s="C" t="C.2" l="C"/>
		<a id="35" s="C" t="C.3" l="C"/>
		<a id="36" s="O" t="O.2" l="O"/>
		<a id="37" s="H" t="H" l="H"/>
		<a id="38" s="H" t="H" l="H"/>
		<a id="39" s="H" t="H" l="H"/>
		<a id="40" s="H" t="H" l="H"/>
		<a id="41" s="H" t="H" l="H"/>
		<a id="42" s="H" t="H" l="H"/>
		<a id="43" s="H" t="H" l="H"/>
		<a id="44" s="H" t="H" l="H"/>
		<a id="45" s="H" t="H" l="H"/>
		<a id="46" s="H" t="H" l="H"/>
		<a id="47" s="H" t="H" l="H"/>
		<a id="48" s="H" t="H" l="H"/>
		<a id="49" s="H" t="H" l="H"/>
		<a id="50" s="H" t="H" l="H"/>
		<a id="51" s="H" t="H" l="H"/>
		<a id="52" s="H" t="H" l="H"/>
		<a id="53" s="H" t="H" l="H"/>
		<a id="54" s="H" t="H" l="H"/>
		<a id="55" s="H" t="H" l="H"/>
		<a id="56" s="H" t="H" l="H"/>
		<a id="57" s="H" t="H" l="H"/>
		<a id="58" s="H" t="H" l="H"/>
		<a id="59" s="H" t="H" l="H"/>
	</atoms>
	<bonds>
		<b id="1" c="1 2" t="1"/>
		<b id="2" c="2 3" t="2"/>
		<b id="3" c="2 4" t="1"/>
		<b id="4" c="4 5" t="1"/>
		<b id="5" c="5 6" t="1"/>
		<b id="6" c="6 7" t="1"/>
		<b id="7" c="7 8" t="1"/>
		<b id="8" c="9 10" t="ar"/>
		<b id="9" c="10 11" t="ar"/>
		<b id="10" c="11 12" t="ar"/>
		<b id="11" c="12 13" t="ar"/>
		<b id="12" c="13 14" t="1"/>
		<b id="13" c="14 15" t="1"/>
		<b id="14" c="15 16" t="1"/>
		<b id="15" c="16 17" t="ar"/>
		<b id="16" c="17 18" t="ar"/>
		<b id="17" c="18 19" t="ar"/>
		<b id="18" c="19 20" t="ar"/>
		<b id="19" c="20 21" t="ar"/>
		<b id="20" c="16 21" t="ar"/>
		<b id="21" c="13 22" t="ar"/>
		<b id="22" c="22 23" t="ar"/>
		<b id="23" c="23 24" t="1"/>
		<b id="24" c="23 25" t="ar"/>
		<b id="25" c="25 26" t="ar"/>
		<b id="26" c="12 26" t="ar"/>
		<b id="27" c="9 26" t="ar"/>
		<b id="28" c="8 27" t="1"/>
		<b id="29" c="27 28" t="1"/>
		<b id="30" c="28 29" t="1"/>
		<b id="31" c="29 30" t="1"/>
		<b id="32" c="29 31" t="2"/>
		<b id="33" c="27 32" t="1"/>
		<b id="34" c="6 32" t="1"/>
		<b id="35" c="32 33" t="1"/>
		<b id="36" c="33 34" t="1"/>
		<b id="37" c="34 35" t="1"/>
		<b id="38" c="34 36" t="2"/>
		<b id="39" c="8 9" t="1"/>
		<b id="40" c="1 37" t="1"/>
		<b id="41" c="1 38" t="1"/>
		<b id="42" c="1 39" t="1"/>
		<b id="43" c="5 40" t="1"/>
		<b id="44" c="5 41" t="1"/>
		<b id="45" c="6 42" t="1"/>
		<b id="46" c="8 43" t="1"/>
		<b id="47" c="10 44" t="1"/>
		<b id="48" c="15 45" t="1"/>
		<b id="49" c="15 46" t="1"/>
		<b id="50" c="17 47" t="1"/>
		<b id="51" c="18 48" t="1"/>
		<b id="52" c="19 49" t="1"/>
		<b id="53" c="20 50" t="1"/>
		<b id="54" c="21 51" t="1"/>
		<b id="55" c="27 52" t="1"/>
		<b id="56" c="30 53" t="1"/>
		<b id="57" c="30 54" t="1"/>
		<b id="58" c="30 55" t="1"/>
		<b id="59" c="32 56" t="1"/>
		<b id="60" c="35 57" t="1"/>
		<b id="61" c="35 58" t="1"/>
		<b id="62" c="35 59" t="1"/>
	</bonds>
	<geometry>
		<g u="A" t="cart/3d">#59,3:1.9428,0.9798,-0.0457;3.0712,0.8079,0.9273;2.9742,0.3583,2.0389;4.2295,1.2274,0.3945;5.4325,1.0385,1.1195;5.4724,1.6840,2.5137;6.8211,1.6992,2.9720;7.3115,3.0082,2.9574;7.9158,3.3172,1.6734;8.9604,2.6025,1.1290;9.3567,3.0367,-0.0201;8.5545,4.1113,-0.2936;8.4946,5.0536,-1.3355;9.3352,5.0135,-2.3449;9.2271,6.0609,-3.3099;10.2676,5.8751,-4.3805;10.6836,4.6045,-4.7573;11.6186,4.4487,-5.7654;12.1390,5.5577,-6.4106;11.7270,6.8260,-6.0380;10.7984,6.9846,-5.0240;7.5711,6.0087,-1.2760;6.7511,6.0467,-0.2397;5.6045,7.3022,-0.2568;6.7125,5.2533,0.8068;7.6341,4.2893,0.7612;6.1013,3.9010,3.2649;5.8299,3.8980,4.6560;6.6396,4.6443,5.4314;6.1800,4.6186,6.8590;7.5901,5.2406,5.0028;4.9720,3.1480,2.5414;3.7557,3.2562,3.2487;2.6308,3.4556,2.5496;1.4351,3.4012,3.4545;2.6019,3.6391,1.3593;1.0556,0.4825,0.3378;2.2254,0.5730,-1.0158;1.7543,2.0478,-0.1654;6.2105,1.4790,0.4905;5.6265,-0.0339,1.2345;4.8867,1.0889,3.2218;8.0887,3.0797,3.7279;9.3788,1.7616,1.6438;9.3487,7.0288,-2.8078;8.2171,6.0401,-3.7453;10.2793,3.7427,-4.2493;11.9394,3.4571,-6.0514;12.8641,5.4344,-7.2013;12.1307,7.6949,-6.5353;10.4833,7.9767,-4.7329;6.2384,4.9251,2.9085;5.5362,3.7622,7.0276;5.6225,5.5315,7.0580;7.0411,4.5968,7.5206;4.8439,3.5484,1.5266;1.2206,2.3520,3.6662;0.5808,3.8528,2.9565;1.6567,3.9100,4.3912;</g>
	</geometry>
	<conformers/>
	<properties/>
</molecule>
