<?xml version="1.0" ?>
<!--MOLLI PACKAGE EXPERIMENTAL XML FORMAT-->
<molecule name="el1661">
	<atoms>
		<a id="1" s="C" t="C.3" l="C"/>
		<a id="2" s="C" t="C.2" l="C"/>
		<a id="3" s="O" t="O.2" l="O"/>
		<a id="4" s="O" t="O.3" l="O"/>
		<a id="5" s="C" t="C.3" l="C"/>
		<a id="6" s="C" t="C.3" l="C"/>
		<a id="7" s="O" t="O.3" l="O"/>
		<a id="8" s="C" t="C.3" l="C"/>
		<a id="9" s="N" t="N.ar" l="N"/>
		<a id="10" s="C" t="C.ar" l="C"/>
		<a id="11" s="N" t="N.ar" l="N"/>
		<a id="12" s="C" t="C.ar" l="C"/>
		<a id="13" s="C" t="C.ar" l="C"/>
		<a id="14" s="O" t="O.3" l="O"/>
		<a id="15" s="C" t="C.3" l="C"/>
		<a id="16" s="C" t="C.ar" l="C"/>
		<a id="17" s="C" t="C.ar" l="C"/>
		<a id="18" s="C" t="C.ar" l="C"/>
		<a id="19" s="C" t="C.ar" l="C"/>
		<a id="20" s="C" t="C.ar" l="C"/>
		<a id="21" s="C" t="C.ar" l="C"/>
		<a id="22" s="N" t="N.ar" l="N"/>
		<a id="23" s="C" t="C.ar" l="C"/>
		<a id="24" s="Cl" t="Cl" l="CL"/>
		<a id="25" s="N" t="N.ar" l="N"/>
		<a id="26" s="C" t="C.ar" l="C"/>
		<a id="27" s="C" t="C.3" l="C"/>
		<a id="28" s="O" t="O.3" l="O"/>
		<a id="29" s="C" t="C.2" l="C"/>
		<a id="30" s="C" t="C.3" l="C"/>
		<a id="31" s="O" t="O.2" l="O"/>
		<a id="32" s="C" t="C.3" l="C"/>
		<a id="33" s="O" t="O.3" l="O"/>
		<a id="34" s="C" t="C.2" l="C"/>
		<a id="35" s="C" t="C.3" l="C"/>
		<a id="36" s="O" t="O.2" l="O"/>
		<a id="37" s="H" t="H" l="H"/>
		<a id="38" s="H" t="H" l="H"/>
		<a id="39" s="H" t="H" l="H"/>
		<a id="40" s="H" t="H" l="H"/>
		<a id="41" s="H" t="H" l="H"/>
		<a id="42" s="H" t="H" l="H"/>
		<a id="43" s="H" t="H" l="H"/>
		<a id="44" s="H" t="H" l="H"/>
		<a id="45" s="H" t="H" l="H"/>
		<a id="46" s="H" t="H" l="H"/>
		<a id="47" s="H" t="H" l="H"/>
		<a id="48" s="H" t="H" l="H"/>
		<a id="49" s="H" t="H" l="H"/>
		<a id="50" s="H" t="H" l="H"/>
		<a id="51" s="H" t="H" l="H"/>
		<a id="52" s="H" t="H" l="H"/>
		<a id="53" s="H" t="H" l="H"/>
		<a id="54" s="H" t="H" l="H"/>
		<a id="55" s="H" t="H" l="H"/>
		<a id="56" s="H" t="H" l="H"/>
		<a id="57" s="H" t="H" l="H"/>
		<a id="58" s="H" t="H" l="H"/>
		<a id="59" s="H" t="H" l="H"/>
	</atoms>
	<bonds>
		<b id="1" c="1 2" t="1"/>
		<b id="2" c="2 3" t="2"/>
		<b id="3" c="2 4" t="1"/>
		<b id="4" c="4 5" t="1"/>
		<b id="5" c="5 6" t="1"/>
		<b id="6" c="6 7" t="1"/>
		<b id="7" c="7 8" t="1"/>
		<b id="8" c="9 10" t="ar"/>
		<b id="9" c="10 11" t="ar"/>
		<b id="10" c="11 12" t="ar"/>
		<b id="11" c="12 13" t="ar"/>
		<b id="12" c="13 14" t="1"/>
		<b id="13" c="14 15" t="1"/>
		<b id="14" c="15 16" t="1"/>
		<b id="15" c="16 17" t="ar"/>
		<b id="16" c="17 18" t="ar"/>
		<b id="17" c="18 19" t="ar"/>
		<b id="18" c="19 20" t="ar"/>
		<b id="19" c="20 21" t="ar"/>
		<b id="20" c="16 21" t="ar"/>
		<b id="21" c="13 22" t="ar"/>
		<b id="22" c="22 23" t="ar"/>
		<b id="23" c="23 24" t="1"/>
		<b id="24" c="23 25" t="ar"/>
		<b id="25" c="25 26" t="ar"/>
		<b id="26" c="12 26" t="ar"/>
		<b id="27" c="9 26" t="ar"/>
		<b id="28" c="8 27" t="1"/>
		<b id="29" c="27 28" t="1"/>
		<b id="30" c="28 29" t="1"/>
		<b id="31" c="29 30" t="1"/>
		<b id="32" c="29 31" t="2"/>
		<b id="33" c="27 32" t="1"/>
		<b id="34" c="6 32" t="1"/>
		<b id="35" c="32 33" t="1"/>
		<b id="36" c="33 34" t="1"/>
		<b id="37" c="34 35" t="1"/>
		<b id="38" c="34 36" t="2"/>
		<b id="39" c="8 9" t="1"/>
		<b id="40" c="1 37" t="1"/>
		<b id="41" c="1 38" t="1"/>
		<b id="42" c="1 39" t="1"/>
		<b id="43" c="5 40" t="1"/>
		<b id="44" c="5 41" t="1"/>
		<b id="45" c="6 42" t="1"/>
		<b id="46" c="8 43" t="1"/>
		<b id="47" c="10 44" t="1"/>
		<b id="48" c="15 45" t="1"/>
		<b id="49" c="15 46" t="1"/>
		<b id="50" c="17 47" t="1"/>
		<b id="51" c="18 48" t="1"/>
		<b id="52" c="19 49" t="1"/>
		<b id="53" c="20 50" t="1"/>
		<b id="54" c="21 51" t="1"/>
		<b id="55" c="27 52" t="1"/>
		<b id="56" c="30 53" t="1"/>
		<b id="57" c="30 54" t="1"/>
		<b id="58" c="30 55" t="1"/>
		<b id="59" c="32 56" t="1"/>
		<b id="60" c="35 57" t="1"/>
		<b id="61" c="35 58" t="1"/>
		<b id="62" c="35 59" t="1"/>
	</bonds>
	<geometry>
		<g u="A" t="cart/3d">#59,3:5.2335,2.6779,-0.3665;5.5141,1.2228,-0.6237;6.5973,0.7043,-0.6061;4.3724,0.5633,-0.8739;4.4660,-0.8205,-1.1707;5.1013,-1.0464,-2.5486;4.9098,-2.3901,-2.9633;4.3907,-2.4697,-4.2612;3.0634,-3.0342,-4.2552;2.6616,-4.1998,-4.8624;1.4134,-4.4842,-4.6901;0.9172,-3.4671,-3.9190;-0.3427,-3.1657,-3.3718;-1.3787,-3.9506,-3.5585;-2.6059,-3.5530,-2.9571;-3.6562,-4.6108,-3.1648;-4.8838,-4.4713,-2.5275;-5.8721,-5.4224,-2.7008;-5.6427,-6.5227,-3.5109;-4.4223,-6.6639,-4.1471;-3.4309,-5.7116,-3.9777;-0.4692,-2.0567,-2.6467;0.5830,-1.2802,-2.4627;0.3176,0.1067,-1.5145;1.8083,-1.4397,-2.9115;1.9487,-2.5470,-3.6403;4.4043,-1.0481,-4.8615;5.5567,-0.8243,-5.6539;5.5588,-1.3897,-6.8767;6.7693,-0.9690,-7.6560;4.6883,-2.1233,-7.2584;4.4704,-0.1462,-3.6183;5.2757,1.0022,-3.7905;4.8735,1.8945,-4.7113;5.8296,3.0523,-4.7778;3.8819,1.7612,-5.3746;6.1566,3.1927,-0.1194;4.5212,2.7704,0.4491;4.7866,3.1163,-1.2554;3.4399,-1.1911,-1.1814;5.0569,-1.3345,-0.4068;6.1788,-0.8388,-2.4989;5.0144,-3.1518,-4.8550;3.3427,-4.7965,-5.4359;-2.9281,-2.6001,-3.3985;-2.4426,-3.3750,-1.8867;-5.0614,-3.6137,-1.8944;-6.8228,-5.3064,-2.2016;-6.4142,-7.2667,-3.6437;-4.2381,-7.5194,-4.7799;-2.4784,-5.8201,-4.4716;3.5113,-0.8691,-5.4692;7.5830,-0.7225,-6.9811;6.5102,-0.0830,-8.2340;7.0564,-1.7579,-8.3449;3.4522,0.1467,-3.3355;6.5547,2.9841,-3.9733;5.2731,3.9843,-4.7175;6.3420,3.0300,-5.7372;</g>
	</geometry>
	<conformers/>
	<properties/>
</molecule>
