<?xml version="1.0" ?>
<!--MOLLI PACKAGE EXPERIMENTAL XML FORMAT-->
<molecule name="el1663">
	<atoms>
		<a id="1" s="C" t="C.3" l="C"/>
		<a id="2" s="C" t="C.3" l="C"/>
		<a id="3" s="C" t="C.3" l="C"/>
		<a id="4" s="C" t="C.3" l="C"/>
		<a id="5" s="O" t="O.3" l="O"/>
		<a id="6" s="C" t="C.2" l="C"/>
		<a id="7" s="O" t="O.2" l="O"/>
		<a id="8" s="N" t="N.am" l="N"/>
		<a id="9" s="C" t="C.3" l="C"/>
		<a id="10" s="C" t="C.3" l="C"/>
		<a id="11" s="N" t="N.pl3" l="N"/>
		<a id="12" s="C" t="C.ar" l="C"/>
		<a id="13" s="N" t="N.ar" l="N"/>
		<a id="14" s="C" t="C.ar" l="C"/>
		<a id="15" s="C" t="C.ar" l="C"/>
		<a id="16" s="C" t="C.ar" l="C"/>
		<a id="17" s="C" t="C.ar" l="C"/>
		<a id="18" s="N" t="N.ar" l="N"/>
		<a id="19" s="C" t="C.ar" l="C"/>
		<a id="20" s="Cl" t="Cl" l="CL"/>
		<a id="21" s="C" t="C.ar" l="C"/>
		<a id="22" s="C" t="C.ar" l="C"/>
		<a id="23" s="C" t="C.ar" l="C"/>
		<a id="24" s="C" t="C.ar" l="C"/>
		<a id="25" s="C" t="C.ar" l="C"/>
		<a id="26" s="C" t="C.ar" l="C"/>
		<a id="27" s="N" t="N.ar" l="N"/>
		<a id="28" s="C" t="C.ar" l="C"/>
		<a id="29" s="C" t="C.3" l="C"/>
		<a id="30" s="C" t="C.3" l="C"/>
		<a id="31" s="H" t="H" l="H"/>
		<a id="32" s="H" t="H" l="H"/>
		<a id="33" s="H" t="H" l="H"/>
		<a id="34" s="H" t="H" l="H"/>
		<a id="35" s="H" t="H" l="H"/>
		<a id="36" s="H" t="H" l="H"/>
		<a id="37" s="H" t="H" l="H"/>
		<a id="38" s="H" t="H" l="H"/>
		<a id="39" s="H" t="H" l="H"/>
		<a id="40" s="H" t="H" l="H"/>
		<a id="41" s="H" t="H" l="H"/>
		<a id="42" s="H" t="H" l="H"/>
		<a id="43" s="H" t="H" l="H"/>
		<a id="44" s="H" t="H" l="H"/>
		<a id="45" s="H" t="H" l="H"/>
		<a id="46" s="H" t="H" l="H"/>
		<a id="47" s="H" t="H" l="H"/>
		<a id="48" s="H" t="H" l="H"/>
		<a id="49" s="H" t="H" l="H"/>
		<a id="50" s="H" t="H" l="H"/>
		<a id="51" s="H" t="H" l="H"/>
		<a id="52" s="H" t="H" l="H"/>
		<a id="53" s="H" t="H" l="H"/>
		<a id="54" s="H" t="H" l="H"/>
	</atoms>
	<bonds>
		<b id="1" c="1 2" t="1"/>
		<b id="2" c="2 3" t="1"/>
		<b id="3" c="2 4" t="1"/>
		<b id="4" c="2 5" t="1"/>
		<b id="5" c="5 6" t="1"/>
		<b id="6" c="6 7" t="2"/>
		<b id="7" c="6 8" t="am"/>
		<b id="8" c="8 9" t="1"/>
		<b id="9" c="9 10" t="1"/>
		<b id="10" c="10 11" t="1"/>
		<b id="11" c="11 12" t="1"/>
		<b id="12" c="12 13" t="ar"/>
		<b id="13" c="13 14" t="ar"/>
		<b id="14" c="14 15" t="1"/>
		<b id="15" c="15 16" t="ar"/>
		<b id="16" c="16 17" t="ar"/>
		<b id="17" c="17 18" t="ar"/>
		<b id="18" c="18 19" t="ar"/>
		<b id="19" c="19 20" t="1"/>
		<b id="20" c="19 21" t="ar"/>
		<b id="21" c="15 21" t="ar"/>
		<b id="22" c="14 22" t="ar"/>
		<b id="23" c="22 23" t="ar"/>
		<b id="24" c="23 24" t="ar"/>
		<b id="25" c="24 25" t="ar"/>
		<b id="26" c="25 26" t="ar"/>
		<b id="27" c="26 27" t="ar"/>
		<b id="28" c="27 28" t="ar"/>
		<b id="29" c="12 28" t="ar"/>
		<b id="30" c="23 28" t="ar"/>
		<b id="31" c="11 29" t="1"/>
		<b id="32" c="29 30" t="1"/>
		<b id="33" c="8 30" t="1"/>
		<b id="34" c="1 31" t="1"/>
		<b id="35" c="1 32" t="1"/>
		<b id="36" c="1 33" t="1"/>
		<b id="37" c="3 34" t="1"/>
		<b id="38" c="3 35" t="1"/>
		<b id="39" c="3 36" t="1"/>
		<b id="40" c="4 37" t="1"/>
		<b id="41" c="4 38" t="1"/>
		<b id="42" c="4 39" t="1"/>
		<b id="43" c="9 40" t="1"/>
		<b id="44" c="9 41" t="1"/>
		<b id="45" c="10 42" t="1"/>
		<b id="46" c="10 43" t="1"/>
		<b id="47" c="16 44" t="1"/>
		<b id="48" c="17 45" t="1"/>
		<b id="49" c="21 46" t="1"/>
		<b id="50" c="22 47" t="1"/>
		<b id="51" c="24 48" t="1"/>
		<b id="52" c="25 49" t="1"/>
		<b id="53" c="26 50" t="1"/>
		<b id="54" c="29 51" t="1"/>
		<b id="55" c="29 52" t="1"/>
		<b id="56" c="30 53" t="1"/>
		<b id="57" c="30 54" t="1"/>
	</bonds>
	<geometry>
		<g u="A" t="cart/3d">#54,3:3.7414,-0.5657,-1.6922;2.9462,-0.7399,-0.3990;2.9630,0.5421,0.4331;1.5078,-1.1581,-0.7091;3.4709,-1.8465,0.3737;4.7424,-1.8262,0.8091;5.5386,-0.9307,0.6372;5.0591,-2.9757,1.4614;4.1105,-3.9971,1.8387;3.9203,-3.9905,3.3617;5.2039,-4.1495,4.0129;5.4999,-5.3006,4.6549;4.5032,-6.1668,4.7551;4.6401,-7.3328,5.4016;3.4361,-8.1769,5.4283;3.4991,-9.5676,5.5386;2.3183,-10.2861,5.5629;1.1216,-9.7268,5.4846;1.0687,-8.4163,5.3727;-0.5090,-7.7337,5.2668;2.1777,-7.5870,5.3379;5.8114,-7.7073,6.0163;6.9104,-6.8306,5.9452;8.1543,-7.1256,6.5429;9.1880,-6.2368,6.4286;8.9656,-5.0557,5.7079;7.8242,-4.7529,5.1472;6.7879,-5.5977,5.2476;6.1243,-3.0960,3.6548;6.3334,-3.0891,2.1348;3.2847,0.2102,-2.3002;3.7495,-1.4974,-2.2544;4.7657,-0.2823,-1.4664;2.4834,1.3444,-0.1205;3.9870,0.8284,0.6566;2.4268,0.3884,1.3675;1.0167,-0.3884,-1.2967;0.9538,-1.3074,0.2142;1.5030,-2.0897,-1.2693;4.5058,-4.9721,1.5317;3.1635,-3.8172,1.3337;3.2705,-4.8088,3.6662;3.4879,-3.0329,3.6704;4.4467,-10.0796,5.5850;2.3160,-11.3644,5.6465;2.0819,-6.5181,5.2502;5.9011,-8.6306,6.5656;8.2674,-8.0560,7.0815;10.1522,-6.4299,6.8724;9.7540,-4.3250,5.5820;7.0721,-3.2457,4.1682;5.6827,-2.1392,3.9563;6.8172,-4.0220,1.8262;6.9501,-2.2410,1.8362;</g>
	</geometry>
	<conformers/>
	<properties/>
</molecule>
