<?xml version="1.0" ?>
<!--MOLLI PACKAGE EXPERIMENTAL XML FORMAT-->
<molecule name="el1664">
	<atoms>
		<a id="1" s="C" t="C.3" l="C"/>
		<a id="2" s="C" t="C.3" l="C"/>
		<a id="3" s="C" t="C.3" l="C"/>
		<a id="4" s="C" t="C.3" l="C"/>
		<a id="5" s="O" t="O.3" l="O"/>
		<a id="6" s="C" t="C.2" l="C"/>
		<a id="7" s="O" t="O.2" l="O"/>
		<a id="8" s="N" t="N.am" l="N"/>
		<a id="9" s="C" t="C.3" l="C"/>
		<a id="10" s="C" t="C.3" l="C"/>
		<a id="11" s="N" t="N.pl3" l="N"/>
		<a id="12" s="C" t="C.ar" l="C"/>
		<a id="13" s="N" t="N.ar" l="N"/>
		<a id="14" s="C" t="C.ar" l="C"/>
		<a id="15" s="C" t="C.ar" l="C"/>
		<a id="16" s="C" t="C.ar" l="C"/>
		<a id="17" s="C" t="C.ar" l="C"/>
		<a id="18" s="N" t="N.ar" l="N"/>
		<a id="19" s="C" t="C.ar" l="C"/>
		<a id="20" s="Cl" t="Cl" l="CL"/>
		<a id="21" s="C" t="C.ar" l="C"/>
		<a id="22" s="C" t="C.ar" l="C"/>
		<a id="23" s="C" t="C.ar" l="C"/>
		<a id="24" s="C" t="C.ar" l="C"/>
		<a id="25" s="C" t="C.ar" l="C"/>
		<a id="26" s="N" t="N.ar" l="N"/>
		<a id="27" s="C" t="C.ar" l="C"/>
		<a id="28" s="C" t="C.ar" l="C"/>
		<a id="29" s="C" t="C.3" l="C"/>
		<a id="30" s="C" t="C.3" l="C"/>
		<a id="31" s="H" t="H" l="H"/>
		<a id="32" s="H" t="H" l="H"/>
		<a id="33" s="H" t="H" l="H"/>
		<a id="34" s="H" t="H" l="H"/>
		<a id="35" s="H" t="H" l="H"/>
		<a id="36" s="H" t="H" l="H"/>
		<a id="37" s="H" t="H" l="H"/>
		<a id="38" s="H" t="H" l="H"/>
		<a id="39" s="H" t="H" l="H"/>
		<a id="40" s="H" t="H" l="H"/>
		<a id="41" s="H" t="H" l="H"/>
		<a id="42" s="H" t="H" l="H"/>
		<a id="43" s="H" t="H" l="H"/>
		<a id="44" s="H" t="H" l="H"/>
		<a id="45" s="H" t="H" l="H"/>
		<a id="46" s="H" t="H" l="H"/>
		<a id="47" s="H" t="H" l="H"/>
		<a id="48" s="H" t="H" l="H"/>
		<a id="49" s="H" t="H" l="H"/>
		<a id="50" s="H" t="H" l="H"/>
		<a id="51" s="H" t="H" l="H"/>
		<a id="52" s="H" t="H" l="H"/>
		<a id="53" s="H" t="H" l="H"/>
		<a id="54" s="H" t="H" l="H"/>
	</atoms>
	<bonds>
		<b id="1" c="1 2" t="1"/>
		<b id="2" c="2 3" t="1"/>
		<b id="3" c="2 4" t="1"/>
		<b id="4" c="2 5" t="1"/>
		<b id="5" c="5 6" t="1"/>
		<b id="6" c="6 7" t="2"/>
		<b id="7" c="6 8" t="am"/>
		<b id="8" c="8 9" t="1"/>
		<b id="9" c="9 10" t="1"/>
		<b id="10" c="10 11" t="1"/>
		<b id="11" c="11 12" t="1"/>
		<b id="12" c="12 13" t="ar"/>
		<b id="13" c="13 14" t="ar"/>
		<b id="14" c="14 15" t="1"/>
		<b id="15" c="15 16" t="ar"/>
		<b id="16" c="16 17" t="ar"/>
		<b id="17" c="17 18" t="ar"/>
		<b id="18" c="18 19" t="ar"/>
		<b id="19" c="19 20" t="1"/>
		<b id="20" c="19 21" t="ar"/>
		<b id="21" c="15 21" t="ar"/>
		<b id="22" c="14 22" t="ar"/>
		<b id="23" c="22 23" t="ar"/>
		<b id="24" c="23 24" t="ar"/>
		<b id="25" c="24 25" t="ar"/>
		<b id="26" c="25 26" t="ar"/>
		<b id="27" c="26 27" t="ar"/>
		<b id="28" c="27 28" t="ar"/>
		<b id="29" c="12 28" t="ar"/>
		<b id="30" c="23 28" t="ar"/>
		<b id="31" c="11 29" t="1"/>
		<b id="32" c="29 30" t="1"/>
		<b id="33" c="8 30" t="1"/>
		<b id="34" c="1 31" t="1"/>
		<b id="35" c="1 32" t="1"/>
		<b id="36" c="1 33" t="1"/>
		<b id="37" c="3 34" t="1"/>
		<b id="38" c="3 35" t="1"/>
		<b id="39" c="3 36" t="1"/>
		<b id="40" c="4 37" t="1"/>
		<b id="41" c="4 38" t="1"/>
		<b id="42" c="4 39" t="1"/>
		<b id="43" c="9 40" t="1"/>
		<b id="44" c="9 41" t="1"/>
		<b id="45" c="10 42" t="1"/>
		<b id="46" c="10 43" t="1"/>
		<b id="47" c="16 44" t="1"/>
		<b id="48" c="17 45" t="1"/>
		<b id="49" c="21 46" t="1"/>
		<b id="50" c="22 47" t="1"/>
		<b id="51" c="24 48" t="1"/>
		<b id="52" c="25 49" t="1"/>
		<b id="53" c="27 50" t="1"/>
		<b id="54" c="29 51" t="1"/>
		<b id="55" c="29 52" t="1"/>
		<b id="56" c="30 53" t="1"/>
		<b id="57" c="30 54" t="1"/>
	</bonds>
	<geometry>
		<g u="A" t="cart/3d">#54,3:4.3884,-0.4865,-1.4199;3.3109,-0.9497,-0.4412;2.6131,0.2420,0.2141;2.2916,-1.8437,-1.1491;3.8831,-1.8122,0.5726;4.8347,-1.3494,1.3968;5.2965,-0.2309,1.3973;5.2725,-2.3247,2.2428;4.5946,-3.5861,2.4414;3.7623,-3.5077,3.7261;4.5794,-3.1389,4.8676;5.1138,-4.1424,5.6256;5.0078,-5.3668,5.1563;5.5583,-6.4071,5.8075;5.3431,-7.7167,5.1760;5.4753,-8.9207,5.8716;5.2548,-10.1058,5.1945;4.9201,-10.1656,3.9158;4.7857,-9.0278,3.2677;4.3398,-9.1520,1.6095;4.9794,-7.7778,3.8323;6.3151,-6.2435,6.9451;6.3584,-4.9691,7.5475;6.9817,-4.7209,8.7878;6.8533,-3.4819,9.3569;6.1026,-2.5062,8.8322;5.5402,-2.7053,7.6691;5.6840,-3.8880,6.9203;5.2819,-1.8883,4.6552;6.1099,-1.9548,3.3592;3.9300,0.0771,-2.2276;4.9071,-1.3464,-1.8383;5.1103,0.1461,-0.9112;2.1089,0.8335,-0.5447;3.3404,0.8674,0.7242;1.8770,-0.1062,0.9362;1.7899,-1.2847,-1.9330;1.5507,-2.2013,-0.4386;2.7908,-2.7028,-1.5894;5.3508,-4.3705,2.5456;3.9625,-3.8006,1.5822;3.2936,-4.4682,3.9348;2.9938,-2.7364,3.6098;5.7254,-8.9358,6.9199;5.3449,-11.0628,5.6901;4.8536,-6.8735,3.2616;6.8468,-7.0631,7.4001;7.5264,-5.5116,9.2805;7.3263,-3.2387,10.2988;4.8987,-1.9060,7.3223;5.9520,-1.6765,5.4856;4.5446,-1.0834,4.5706;6.9004,-2.7053,3.4669;6.5535,-0.9815,3.1458;</g>
	</geometry>
	<conformers/>
	<properties/>
</molecule>
