<?xml version="1.0" ?>
<!--MOLLI PACKAGE EXPERIMENTAL XML FORMAT-->
<molecule name="el1668">
	<atoms>
		<a id="1" s="N" t="N.1" l="N"/>
		<a id="2" s="C" t="C.1" l="C"/>
		<a id="3" s="C" t="C.ar" l="C"/>
		<a id="4" s="C" t="C.ar" l="C"/>
		<a id="5" s="C" t="C.ar" l="C"/>
		<a id="6" s="C" t="C.ar" l="C"/>
		<a id="7" s="N" t="N.ar" l="N"/>
		<a id="8" s="C" t="C.ar" l="C"/>
		<a id="9" s="Cl" t="Cl" l="CL"/>
		<a id="10" s="H" t="H" l="H"/>
		<a id="11" s="H" t="H" l="H"/>
		<a id="12" s="H" t="H" l="H"/>
	</atoms>
	<bonds>
		<b id="1" c="1 2" t="3"/>
		<b id="2" c="2 3" t="1"/>
		<b id="3" c="3 4" t="ar"/>
		<b id="4" c="4 5" t="ar"/>
		<b id="5" c="5 6" t="ar"/>
		<b id="6" c="6 7" t="ar"/>
		<b id="7" c="7 8" t="ar"/>
		<b id="8" c="3 8" t="ar"/>
		<b id="9" c="8 9" t="1"/>
		<b id="10" c="4 10" t="1"/>
		<b id="11" c="5 11" t="1"/>
		<b id="12" c="6 12" t="1"/>
	</bonds>
	<geometry>
		<g u="A" t="cart/3d">#12,3:1.2195,0.0785,-0.3154;2.3579,0.0700,-0.1884;3.7628,0.0904,-0.0375;4.4663,1.2954,-0.0249;5.8418,1.2681,0.1274;6.4652,0.0357,0.2619;5.8091,-1.1121,0.2511;4.5041,-1.0938,0.1068;3.7046,-2.6121,0.1001;3.9299,2.2268,-0.1335;6.4153,2.1806,0.1416;7.5361,-0.0481,0.3841;</g>
	</geometry>
	<conformers/>
	<properties/>
</molecule>
