<?xml version="1.0" ?>
<!--MOLLI PACKAGE EXPERIMENTAL XML FORMAT-->
<molecule name="el1247">
	<atoms>
		<a id="1" s="F" t="F" l="F"/>
		<a id="2" s="C" t="C.3" l="C"/>
		<a id="3" s="F" t="F" l="F"/>
		<a id="4" s="F" t="F" l="F"/>
		<a id="5" s="C" t="C.ar" l="C"/>
		<a id="6" s="C" t="C.ar" l="C"/>
		<a id="7" s="C" t="C.ar" l="C"/>
		<a id="8" s="C" t="C.ar" l="C"/>
		<a id="9" s="C" t="C.ar" l="C"/>
		<a id="10" s="C" t="C.ar" l="C"/>
		<a id="11" s="C" t="C.ar" l="C"/>
		<a id="12" s="Br" t="Br" l="BR"/>
		<a id="13" s="N" t="N.ar" l="N"/>
		<a id="14" s="N" t="N.ar" l="N"/>
		<a id="15" s="C" t="C.ar" l="C"/>
		<a id="16" s="C" t="C.ar" l="C"/>
		<a id="17" s="C" t="C.ar" l="C"/>
		<a id="18" s="C" t="C.ar" l="C"/>
		<a id="19" s="C" t="C.ar" l="C"/>
		<a id="20" s="C" t="C.ar" l="C"/>
		<a id="21" s="H" t="H" l="H"/>
		<a id="22" s="H" t="H" l="H"/>
		<a id="23" s="H" t="H" l="H"/>
		<a id="24" s="H" t="H" l="H"/>
		<a id="25" s="H" t="H" l="H"/>
		<a id="26" s="H" t="H" l="H"/>
		<a id="27" s="H" t="H" l="H"/>
		<a id="28" s="H" t="H" l="H"/>
	</atoms>
	<bonds>
		<b id="1" c="1 2" t="1"/>
		<b id="2" c="2 3" t="1"/>
		<b id="3" c="2 4" t="1"/>
		<b id="4" c="2 5" t="1"/>
		<b id="5" c="5 6" t="ar"/>
		<b id="6" c="6 7" t="ar"/>
		<b id="7" c="7 8" t="ar"/>
		<b id="8" c="8 9" t="ar"/>
		<b id="9" c="9 10" t="ar"/>
		<b id="10" c="5 10" t="ar"/>
		<b id="11" c="9 11" t="ar"/>
		<b id="12" c="11 12" t="1"/>
		<b id="13" c="11 13" t="ar"/>
		<b id="14" c="13 14" t="ar"/>
		<b id="15" c="8 14" t="ar"/>
		<b id="16" c="14 15" t="1"/>
		<b id="17" c="15 16" t="ar"/>
		<b id="18" c="16 17" t="ar"/>
		<b id="19" c="17 18" t="ar"/>
		<b id="20" c="18 19" t="ar"/>
		<b id="21" c="19 20" t="ar"/>
		<b id="22" c="15 20" t="ar"/>
		<b id="23" c="6 21" t="1"/>
		<b id="24" c="7 22" t="1"/>
		<b id="25" c="10 23" t="1"/>
		<b id="26" c="16 24" t="1"/>
		<b id="27" c="17 25" t="1"/>
		<b id="28" c="18 26" t="1"/>
		<b id="29" c="19 27" t="1"/>
		<b id="30" c="20 28" t="1"/>
	</bonds>
	<geometry>
		<g u="A" t="cart/3d">#28,3:1.7151,0.0668,1.1178;2.5149,-0.0636,0.0512;3.6232,-0.6942,0.4843;1.9012,-0.9254,-0.7803;2.8371,1.2406,-0.6208;2.3388,2.4458,-0.0974;2.6313,3.6552,-0.6801;3.4493,3.6473,-1.8101;3.9161,2.4239,-2.3595;3.6182,1.2061,-1.7570;4.6296,2.8333,-3.5181;5.5176,1.7349,-4.7362;4.6006,4.1325,-3.6576;3.9046,4.6389,-2.6280;3.7416,6.0287,-2.5161;3.5913,6.7813,-3.6754;3.4365,8.1516,-3.5852;3.4310,8.7728,-2.3468;3.6018,8.0217,-1.1959;3.7653,6.6502,-1.2731;1.7091,2.4127,0.7778;2.2225,4.5707,-0.2859;3.9790,0.2760,-2.1685;3.6044,6.2805,-4.6304;3.3167,8.7361,-4.4845;3.3048,9.8424,-2.2785;3.6198,8.5058,-0.2312;3.9384,6.0719,-0.3789;</g>
	</geometry>
	<conformers/>
	<properties/>
</molecule>
