<?xml version="1.0" ?>
<!--MOLLI PACKAGE EXPERIMENTAL XML FORMAT-->
<molecule name="el1672">
	<atoms>
		<a id="1" s="C" t="C.3" l="C"/>
		<a id="2" s="C" t="C.3" l="C"/>
		<a id="3" s="O" t="O.3" l="O"/>
		<a id="4" s="C" t="C.ar" l="C"/>
		<a id="5" s="C" t="C.ar" l="C"/>
		<a id="6" s="C" t="C.ar" l="C"/>
		<a id="7" s="C" t="C.3" l="C"/>
		<a id="8" s="C" t="C.ar" l="C"/>
		<a id="9" s="N" t="N.pl3" l="N"/>
		<a id="10" s="C" t="C.ar" l="C"/>
		<a id="11" s="N" t="N.ar" l="N"/>
		<a id="12" s="C" t="C.ar" l="C"/>
		<a id="13" s="Cl" t="Cl" l="CL"/>
		<a id="14" s="N" t="N.ar" l="N"/>
		<a id="15" s="C" t="C.ar" l="C"/>
		<a id="16" s="N" t="N.ar" l="N"/>
		<a id="17" s="C" t="C.ar" l="C"/>
		<a id="18" s="N" t="N.ar" l="N"/>
		<a id="19" s="C" t="C.3" l="C"/>
		<a id="20" s="C" t="C.ar" l="C"/>
		<a id="21" s="C" t="C.ar" l="C"/>
		<a id="22" s="C" t="C.ar" l="C"/>
		<a id="23" s="C" t="C.ar" l="C"/>
		<a id="24" s="O" t="O.3" l="O"/>
		<a id="25" s="C" t="C.3" l="C"/>
		<a id="26" s="C" t="C.ar" l="C"/>
		<a id="27" s="C" t="C.ar" l="C"/>
		<a id="28" s="C" t="C.ar" l="C"/>
		<a id="29" s="C" t="C.ar" l="C"/>
		<a id="30" s="C" t="C.3" l="C"/>
		<a id="31" s="C" t="C.ar" l="C"/>
		<a id="32" s="H" t="H" l="H"/>
		<a id="33" s="H" t="H" l="H"/>
		<a id="34" s="H" t="H" l="H"/>
		<a id="35" s="H" t="H" l="H"/>
		<a id="36" s="H" t="H" l="H"/>
		<a id="37" s="H" t="H" l="H"/>
		<a id="38" s="H" t="H" l="H"/>
		<a id="39" s="H" t="H" l="H"/>
		<a id="40" s="H" t="H" l="H"/>
		<a id="41" s="H" t="H" l="H"/>
		<a id="42" s="H" t="H" l="H"/>
		<a id="43" s="H" t="H" l="H"/>
		<a id="44" s="H" t="H" l="H"/>
		<a id="45" s="H" t="H" l="H"/>
		<a id="46" s="H" t="H" l="H"/>
		<a id="47" s="H" t="H" l="H"/>
		<a id="48" s="H" t="H" l="H"/>
		<a id="49" s="H" t="H" l="H"/>
		<a id="50" s="H" t="H" l="H"/>
		<a id="51" s="H" t="H" l="H"/>
		<a id="52" s="H" t="H" l="H"/>
		<a id="53" s="H" t="H" l="H"/>
		<a id="54" s="H" t="H" l="H"/>
		<a id="55" s="H" t="H" l="H"/>
	</atoms>
	<bonds>
		<b id="1" c="1 2" t="1"/>
		<b id="2" c="2 3" t="1"/>
		<b id="3" c="3 4" t="1"/>
		<b id="4" c="4 5" t="ar"/>
		<b id="5" c="5 6" t="ar"/>
		<b id="6" c="6 7" t="1"/>
		<b id="7" c="6 8" t="ar"/>
		<b id="8" c="8 9" t="1"/>
		<b id="9" c="9 10" t="1"/>
		<b id="10" c="10 11" t="ar"/>
		<b id="11" c="11 12" t="ar"/>
		<b id="12" c="12 13" t="1"/>
		<b id="13" c="12 14" t="ar"/>
		<b id="14" c="14 15" t="ar"/>
		<b id="15" c="15 16" t="ar"/>
		<b id="16" c="16 17" t="ar"/>
		<b id="17" c="17 18" t="ar"/>
		<b id="18" c="18 19" t="1"/>
		<b id="19" c="19 20" t="1"/>
		<b id="20" c="20 21" t="ar"/>
		<b id="21" c="21 22" t="ar"/>
		<b id="22" c="22 23" t="ar"/>
		<b id="23" c="23 24" t="1"/>
		<b id="24" c="24 25" t="1"/>
		<b id="25" c="23 26" t="ar"/>
		<b id="26" c="26 27" t="ar"/>
		<b id="27" c="20 27" t="ar"/>
		<b id="28" c="18 28" t="ar"/>
		<b id="29" c="10 28" t="ar"/>
		<b id="30" c="15 28" t="ar"/>
		<b id="31" c="8 29" t="ar"/>
		<b id="32" c="29 30" t="1"/>
		<b id="33" c="29 31" t="ar"/>
		<b id="34" c="4 31" t="ar"/>
		<b id="35" c="1 32" t="1"/>
		<b id="36" c="1 33" t="1"/>
		<b id="37" c="1 34" t="1"/>
		<b id="38" c="2 35" t="1"/>
		<b id="39" c="2 36" t="1"/>
		<b id="40" c="5 37" t="1"/>
		<b id="41" c="7 38" t="1"/>
		<b id="42" c="7 39" t="1"/>
		<b id="43" c="7 40" t="1"/>
		<b id="44" c="9 41" t="1"/>
		<b id="45" c="17 42" t="1"/>
		<b id="46" c="19 43" t="1"/>
		<b id="47" c="19 44" t="1"/>
		<b id="48" c="21 45" t="1"/>
		<b id="49" c="22 46" t="1"/>
		<b id="50" c="25 47" t="1"/>
		<b id="51" c="25 48" t="1"/>
		<b id="52" c="25 49" t="1"/>
		<b id="53" c="26 50" t="1"/>
		<b id="54" c="27 51" t="1"/>
		<b id="55" c="30 52" t="1"/>
		<b id="56" c="30 53" t="1"/>
		<b id="57" c="30 54" t="1"/>
		<b id="58" c="31 55" t="1"/>
	</bonds>
	<geometry>
		<g u="A" t="cart/3d">#55,3:1.4173,-4.0763,0.0790;2.6558,-3.2442,0.3719;3.6811,-3.6866,-0.4958;4.9128,-3.1220,-0.4037;5.2573,-2.0814,0.4471;6.5478,-1.5662,0.4615;6.8729,-0.4334,1.3833;7.5093,-2.1199,-0.3817;8.8242,-1.5963,-0.4080;9.6593,-1.6202,0.6582;9.2341,-2.1722,1.7938;10.0377,-2.1850,2.8423;9.3684,-2.9105,4.2399;11.2575,-1.7302,2.9593;11.7164,-1.1607,1.8409;12.9297,-0.5773,1.6489;12.9084,-0.1455,0.4227;11.7528,-0.3983,-0.2433;11.4373,-0.0224,-1.5960;11.3390,-1.2109,-2.5261;12.1454,-2.3271,-2.3451;12.0841,-3.4031,-3.2134;11.2092,-3.3739,-4.2964;11.0684,-4.3632,-5.2120;11.9386,-5.4733,-5.1457;10.3950,-2.2515,-4.4804;10.4580,-1.1889,-3.6044;10.9510,-1.0698,0.6517;7.1772,-3.1687,-1.2465;8.2132,-3.7716,-2.1481;5.8843,-3.6510,-1.2530;0.6037,-3.7737,0.7318;1.6333,-5.1287,0.2405;1.1157,-3.9402,-0.9559;2.9650,-3.3770,1.4178;2.4472,-2.1792,0.1987;4.5282,-1.6473,1.1129;5.9739,0.1193,1.6456;7.5902,0.2483,0.9307;7.3176,-0.8272,2.2966;9.2504,-1.5162,-1.3210;13.7269,0.3738,-0.0382;12.2346,0.6456,-1.9445;10.4974,0.5438,-1.6056;12.8341,-2.3635,-1.5135;12.7228,-4.2549,-3.0340;11.6909,-6.0905,-6.0080;11.7813,-6.0531,-4.2304;12.9872,-5.1612,-5.2108;9.7184,-2.2436,-5.3203;9.8176,-0.3316,-3.7604;9.1294,-3.9836,-1.5980;8.4596,-3.0952,-2.9678;7.8444,-4.6990,-2.5777;5.6030,-4.4602,-1.9083;</g>
	</geometry>
	<conformers/>
	<properties/>
</molecule>
