<?xml version="1.0" ?>
<!--MOLLI PACKAGE EXPERIMENTAL XML FORMAT-->
<molecule name="el1673">
	<atoms>
		<a id="1" s="C" t="C.3" l="C"/>
		<a id="2" s="O" t="O.3" l="O"/>
		<a id="3" s="C" t="C.ar" l="C"/>
		<a id="4" s="C" t="C.ar" l="C"/>
		<a id="5" s="C" t="C.ar" l="C"/>
		<a id="6" s="C" t="C.ar" l="C"/>
		<a id="7" s="C" t="C.3" l="C"/>
		<a id="8" s="N" t="N.ar" l="N"/>
		<a id="9" s="C" t="C.ar" l="C"/>
		<a id="10" s="N" t="N.ar" l="N"/>
		<a id="11" s="C" t="C.ar" l="C"/>
		<a id="12" s="C" t="C.ar" l="C"/>
		<a id="13" s="N" t="N.pl3" l="N"/>
		<a id="14" s="C" t="C.ar" l="C"/>
		<a id="15" s="C" t="C.ar" l="C"/>
		<a id="16" s="C" t="C.3" l="C"/>
		<a id="17" s="C" t="C.ar" l="C"/>
		<a id="18" s="C" t="C.ar" l="C"/>
		<a id="19" s="O" t="O.3" l="O"/>
		<a id="20" s="C" t="C.3" l="C"/>
		<a id="21" s="C" t="C.1" l="C"/>
		<a id="22" s="N" t="N.1" l="N"/>
		<a id="23" s="C" t="C.ar" l="C"/>
		<a id="24" s="C" t="C.ar" l="C"/>
		<a id="25" s="C" t="C.3" l="C"/>
		<a id="26" s="N" t="N.ar" l="N"/>
		<a id="27" s="C" t="C.ar" l="C"/>
		<a id="28" s="Cl" t="Cl" l="CL"/>
		<a id="29" s="N" t="N.ar" l="N"/>
		<a id="30" s="C" t="C.ar" l="C"/>
		<a id="31" s="C" t="C.ar" l="C"/>
		<a id="32" s="C" t="C.ar" l="C"/>
		<a id="33" s="H" t="H" l="H"/>
		<a id="34" s="H" t="H" l="H"/>
		<a id="35" s="H" t="H" l="H"/>
		<a id="36" s="H" t="H" l="H"/>
		<a id="37" s="H" t="H" l="H"/>
		<a id="38" s="H" t="H" l="H"/>
		<a id="39" s="H" t="H" l="H"/>
		<a id="40" s="H" t="H" l="H"/>
		<a id="41" s="H" t="H" l="H"/>
		<a id="42" s="H" t="H" l="H"/>
		<a id="43" s="H" t="H" l="H"/>
		<a id="44" s="H" t="H" l="H"/>
		<a id="45" s="H" t="H" l="H"/>
		<a id="46" s="H" t="H" l="H"/>
		<a id="47" s="H" t="H" l="H"/>
		<a id="48" s="H" t="H" l="H"/>
		<a id="49" s="H" t="H" l="H"/>
		<a id="50" s="H" t="H" l="H"/>
		<a id="51" s="H" t="H" l="H"/>
		<a id="52" s="H" t="H" l="H"/>
		<a id="53" s="H" t="H" l="H"/>
	</atoms>
	<bonds>
		<b id="1" c="1 2" t="1"/>
		<b id="2" c="2 3" t="1"/>
		<b id="3" c="3 4" t="ar"/>
		<b id="4" c="4 5" t="ar"/>
		<b id="5" c="5 6" t="ar"/>
		<b id="6" c="6 7" t="1"/>
		<b id="7" c="7 8" t="1"/>
		<b id="8" c="8 9" t="ar"/>
		<b id="9" c="9 10" t="ar"/>
		<b id="10" c="10 11" t="ar"/>
		<b id="11" c="11 12" t="ar"/>
		<b id="12" c="12 13" t="1"/>
		<b id="13" c="13 14" t="1"/>
		<b id="14" c="14 15" t="ar"/>
		<b id="15" c="15 16" t="1"/>
		<b id="16" c="15 17" t="ar"/>
		<b id="17" c="17 18" t="ar"/>
		<b id="18" c="18 19" t="1"/>
		<b id="19" c="19 20" t="1"/>
		<b id="20" c="20 21" t="1"/>
		<b id="21" c="21 22" t="3"/>
		<b id="22" c="18 23" t="ar"/>
		<b id="23" c="23 24" t="ar"/>
		<b id="24" c="14 24" t="ar"/>
		<b id="25" c="24 25" t="1"/>
		<b id="26" c="12 26" t="ar"/>
		<b id="27" c="26 27" t="ar"/>
		<b id="28" c="27 28" t="1"/>
		<b id="29" c="27 29" t="ar"/>
		<b id="30" c="29 30" t="ar"/>
		<b id="31" c="11 30" t="ar"/>
		<b id="32" c="8 30" t="ar"/>
		<b id="33" c="6 31" t="ar"/>
		<b id="34" c="31 32" t="ar"/>
		<b id="35" c="3 32" t="ar"/>
		<b id="36" c="1 33" t="1"/>
		<b id="37" c="1 34" t="1"/>
		<b id="38" c="1 35" t="1"/>
		<b id="39" c="4 36" t="1"/>
		<b id="40" c="5 37" t="1"/>
		<b id="41" c="7 38" t="1"/>
		<b id="42" c="7 39" t="1"/>
		<b id="43" c="9 40" t="1"/>
		<b id="44" c="13 41" t="1"/>
		<b id="45" c="16 42" t="1"/>
		<b id="46" c="16 43" t="1"/>
		<b id="47" c="16 44" t="1"/>
		<b id="48" c="17 45" t="1"/>
		<b id="49" c="20 46" t="1"/>
		<b id="50" c="20 47" t="1"/>
		<b id="51" c="23 48" t="1"/>
		<b id="52" c="25 49" t="1"/>
		<b id="53" c="25 50" t="1"/>
		<b id="54" c="25 51" t="1"/>
		<b id="55" c="31 52" t="1"/>
		<b id="56" c="32 53" t="1"/>
	</bonds>
	<geometry>
		<g u="A" t="cart/3d">#53,3:11.8816,-4.0573,3.0515;10.9181,-3.5859,3.9625;9.6151,-3.5550,3.5761;9.1409,-3.9531,2.3301;7.7884,-3.8754,2.0495;6.8883,-3.4057,2.9944;5.4139,-3.3885,2.6777;4.8813,-4.7310,2.7287;4.3846,-5.4055,3.8055;4.0580,-6.6392,3.5556;4.3640,-6.8191,2.2319;4.2534,-7.9062,1.3427;3.7722,-9.0914,1.7529;3.5070,-10.2228,0.9554;4.5110,-10.8316,0.2049;5.9196,-10.3326,0.2288;4.1939,-11.9423,-0.5702;2.9079,-12.4569,-0.5818;2.5001,-13.5411,-1.3085;3.4373,-14.1603,-2.1611;2.7799,-15.2398,-2.8707;2.2792,-16.0949,-3.4369;1.9240,-11.8635,0.2059;2.2089,-10.7518,0.9723;1.1427,-10.1097,1.8084;4.6366,-7.7167,0.0765;5.1158,-6.5400,-0.2771;5.6012,-6.4266,-1.9130;5.2796,-5.4519,0.4405;4.8853,-5.6263,1.7066;7.3640,-3.0148,4.2400;8.7101,-3.0821,4.5282;12.8355,-3.9918,3.5724;11.9190,-3.4385,2.1495;11.6940,-5.0986,2.7711;9.8116,-4.3231,1.5711;7.4244,-4.1895,1.0821;5.2482,-3.0172,1.6629;4.8675,-2.7692,3.3933;4.2695,-4.9396,4.7643;3.3725,-9.0775,2.6820;6.1993,-10.0164,1.2320;6.0129,-9.4686,-0.4279;6.6078,-11.1045,-0.1063;4.9830,-12.3933,-1.1520;4.2778,-14.5872,-1.5899;3.8318,-13.4493,-2.9047;0.9330,-12.2881,0.1926;0.1768,-10.5621,1.6036;1.0800,-9.0427,1.5990;1.3577,-10.2339,2.8707;6.6770,-2.6487,4.9893;9.0910,-2.7768,5.4896;</g>
	</geometry>
	<conformers/>
	<properties/>
</molecule>
