<?xml version="1.0" ?>
<!--MOLLI PACKAGE EXPERIMENTAL XML FORMAT-->
<molecule name="el1674">
	<atoms>
		<a id="1" s="C" t="C.3" l="C"/>
		<a id="2" s="O" t="O.3" l="O"/>
		<a id="3" s="C" t="C.ar" l="C"/>
		<a id="4" s="C" t="C.ar" l="C"/>
		<a id="5" s="C" t="C.ar" l="C"/>
		<a id="6" s="C" t="C.ar" l="C"/>
		<a id="7" s="C" t="C.3" l="C"/>
		<a id="8" s="N" t="N.ar" l="N"/>
		<a id="9" s="C" t="C.ar" l="C"/>
		<a id="10" s="N" t="N.ar" l="N"/>
		<a id="11" s="C" t="C.ar" l="C"/>
		<a id="12" s="C" t="C.ar" l="C"/>
		<a id="13" s="N" t="N.pl3" l="N"/>
		<a id="14" s="C" t="C.ar" l="C"/>
		<a id="15" s="C" t="C.ar" l="C"/>
		<a id="16" s="C" t="C.3" l="C"/>
		<a id="17" s="C" t="C.ar" l="C"/>
		<a id="18" s="C" t="C.ar" l="C"/>
		<a id="19" s="C" t="C.3" l="C"/>
		<a id="20" s="C" t="C.3" l="C"/>
		<a id="21" s="C" t="C.1" l="C"/>
		<a id="22" s="N" t="N.1" l="N"/>
		<a id="23" s="C" t="C.ar" l="C"/>
		<a id="24" s="C" t="C.ar" l="C"/>
		<a id="25" s="C" t="C.3" l="C"/>
		<a id="26" s="N" t="N.ar" l="N"/>
		<a id="27" s="C" t="C.ar" l="C"/>
		<a id="28" s="Cl" t="Cl" l="CL"/>
		<a id="29" s="N" t="N.ar" l="N"/>
		<a id="30" s="C" t="C.ar" l="C"/>
		<a id="31" s="C" t="C.ar" l="C"/>
		<a id="32" s="C" t="C.ar" l="C"/>
		<a id="33" s="H" t="H" l="H"/>
		<a id="34" s="H" t="H" l="H"/>
		<a id="35" s="H" t="H" l="H"/>
		<a id="36" s="H" t="H" l="H"/>
		<a id="37" s="H" t="H" l="H"/>
		<a id="38" s="H" t="H" l="H"/>
		<a id="39" s="H" t="H" l="H"/>
		<a id="40" s="H" t="H" l="H"/>
		<a id="41" s="H" t="H" l="H"/>
		<a id="42" s="H" t="H" l="H"/>
		<a id="43" s="H" t="H" l="H"/>
		<a id="44" s="H" t="H" l="H"/>
		<a id="45" s="H" t="H" l="H"/>
		<a id="46" s="H" t="H" l="H"/>
		<a id="47" s="H" t="H" l="H"/>
		<a id="48" s="H" t="H" l="H"/>
		<a id="49" s="H" t="H" l="H"/>
		<a id="50" s="H" t="H" l="H"/>
		<a id="51" s="H" t="H" l="H"/>
		<a id="52" s="H" t="H" l="H"/>
		<a id="53" s="H" t="H" l="H"/>
		<a id="54" s="H" t="H" l="H"/>
		<a id="55" s="H" t="H" l="H"/>
	</atoms>
	<bonds>
		<b id="1" c="1 2" t="1"/>
		<b id="2" c="2 3" t="1"/>
		<b id="3" c="3 4" t="ar"/>
		<b id="4" c="4 5" t="ar"/>
		<b id="5" c="5 6" t="ar"/>
		<b id="6" c="6 7" t="1"/>
		<b id="7" c="7 8" t="1"/>
		<b id="8" c="8 9" t="ar"/>
		<b id="9" c="9 10" t="ar"/>
		<b id="10" c="10 11" t="ar"/>
		<b id="11" c="11 12" t="ar"/>
		<b id="12" c="12 13" t="1"/>
		<b id="13" c="13 14" t="1"/>
		<b id="14" c="14 15" t="ar"/>
		<b id="15" c="15 16" t="1"/>
		<b id="16" c="15 17" t="ar"/>
		<b id="17" c="17 18" t="ar"/>
		<b id="18" c="18 19" t="1"/>
		<b id="19" c="19 20" t="1"/>
		<b id="20" c="20 21" t="1"/>
		<b id="21" c="21 22" t="3"/>
		<b id="22" c="18 23" t="ar"/>
		<b id="23" c="23 24" t="ar"/>
		<b id="24" c="14 24" t="ar"/>
		<b id="25" c="24 25" t="1"/>
		<b id="26" c="12 26" t="ar"/>
		<b id="27" c="26 27" t="ar"/>
		<b id="28" c="27 28" t="1"/>
		<b id="29" c="27 29" t="ar"/>
		<b id="30" c="29 30" t="ar"/>
		<b id="31" c="11 30" t="ar"/>
		<b id="32" c="8 30" t="ar"/>
		<b id="33" c="6 31" t="ar"/>
		<b id="34" c="31 32" t="ar"/>
		<b id="35" c="3 32" t="ar"/>
		<b id="36" c="1 33" t="1"/>
		<b id="37" c="1 34" t="1"/>
		<b id="38" c="1 35" t="1"/>
		<b id="39" c="4 36" t="1"/>
		<b id="40" c="5 37" t="1"/>
		<b id="41" c="7 38" t="1"/>
		<b id="42" c="7 39" t="1"/>
		<b id="43" c="9 40" t="1"/>
		<b id="44" c="13 41" t="1"/>
		<b id="45" c="16 42" t="1"/>
		<b id="46" c="16 43" t="1"/>
		<b id="47" c="16 44" t="1"/>
		<b id="48" c="17 45" t="1"/>
		<b id="49" c="19 46" t="1"/>
		<b id="50" c="19 47" t="1"/>
		<b id="51" c="20 48" t="1"/>
		<b id="52" c="20 49" t="1"/>
		<b id="53" c="23 50" t="1"/>
		<b id="54" c="25 51" t="1"/>
		<b id="55" c="25 52" t="1"/>
		<b id="56" c="25 53" t="1"/>
		<b id="57" c="31 54" t="1"/>
		<b id="58" c="32 55" t="1"/>
	</bonds>
	<geometry>
		<g u="A" t="cart/3d">#55,3:11.6390,5.0096,1.0581;10.6790,5.4587,0.1315;9.3677,5.1919,0.3708;8.8823,4.4876,1.4687;7.5219,4.2773,1.6066;6.6249,4.7595,0.6646;5.1444,4.5678,0.8787;4.6772,5.4666,1.9094;4.2594,6.7589,1.7787;3.9921,7.3479,2.9068;4.2581,6.4035,3.8640;4.1823,6.3907,5.2704;3.7874,7.4805,5.9501;3.5672,7.5917,7.3369;4.5822,7.3215,8.2570;5.9536,6.9214,7.8188;4.2988,7.4570,9.6092;3.0545,7.8694,10.0576;2.7930,8.0539,11.5254;3.1855,9.4828,11.9477;2.9404,9.6915,13.3501;2.7384,9.8393,14.4655;2.0731,8.1695,9.1233;2.3103,8.0332,7.7664;1.2371,8.3457,6.7662;4.5070,5.2592,5.9020;4.9029,4.2210,5.1908;5.3182,2.8396,6.1083;5.0299,4.0976,3.8890;4.6924,5.2205,3.2458;7.1122,5.4669,-0.4275;8.4660,5.6771,-0.5781;12.6002,5.3426,0.6699;11.6404,3.9179,1.1387;11.4777,5.4480,2.0482;9.5501,4.0981,2.2205;7.1490,3.7343,2.4628;4.9387,3.5510,1.2236;4.5866,4.7684,-0.0393;4.1556,7.2282,0.8201;3.4153,8.2177,5.3659;6.2587,7.4867,6.9397;5.9605,5.8654,7.5521;6.6731,7.0862,8.6169;5.0757,7.2379,10.3281;3.3756,7.3364,12.1064;1.7354,7.8941,11.7443;2.6052,10.2139,11.3773;4.2470,9.6534,11.7465;1.1006,8.5017,9.4587;0.2920,8.5332,7.2687;1.1029,7.5165,6.0727;1.4941,9.2336,6.1860;6.4281,5.8531,-1.1697;8.8559,6.2208,-1.4240;</g>
	</geometry>
	<conformers/>
	<properties/>
</molecule>
