<?xml version="1.0" ?>
<!--MOLLI PACKAGE EXPERIMENTAL XML FORMAT-->
<molecule name="el1675">
	<atoms>
		<a id="1" s="C" t="C.3" l="C"/>
		<a id="2" s="O" t="O.3" l="O"/>
		<a id="3" s="C" t="C.ar" l="C"/>
		<a id="4" s="C" t="C.ar" l="C"/>
		<a id="5" s="C" t="C.ar" l="C"/>
		<a id="6" s="C" t="C.ar" l="C"/>
		<a id="7" s="C" t="C.3" l="C"/>
		<a id="8" s="N" t="N.ar" l="N"/>
		<a id="9" s="C" t="C.ar" l="C"/>
		<a id="10" s="N" t="N.ar" l="N"/>
		<a id="11" s="C" t="C.ar" l="C"/>
		<a id="12" s="C" t="C.ar" l="C"/>
		<a id="13" s="N" t="N.pl3" l="N"/>
		<a id="14" s="C" t="C.ar" l="C"/>
		<a id="15" s="C" t="C.ar" l="C"/>
		<a id="16" s="O" t="O.3" l="O"/>
		<a id="17" s="C" t="C.3" l="C"/>
		<a id="18" s="C" t="C.ar" l="C"/>
		<a id="19" s="C" t="C.ar" l="C"/>
		<a id="20" s="O" t="O.3" l="O"/>
		<a id="21" s="C" t="C.3" l="C"/>
		<a id="22" s="C" t="C.ar" l="C"/>
		<a id="23" s="C" t="C.ar" l="C"/>
		<a id="24" s="O" t="O.3" l="O"/>
		<a id="25" s="C" t="C.3" l="C"/>
		<a id="26" s="N" t="N.ar" l="N"/>
		<a id="27" s="C" t="C.ar" l="C"/>
		<a id="28" s="Cl" t="Cl" l="CL"/>
		<a id="29" s="N" t="N.ar" l="N"/>
		<a id="30" s="C" t="C.ar" l="C"/>
		<a id="31" s="C" t="C.ar" l="C"/>
		<a id="32" s="C" t="C.ar" l="C"/>
		<a id="33" s="H" t="H" l="H"/>
		<a id="34" s="H" t="H" l="H"/>
		<a id="35" s="H" t="H" l="H"/>
		<a id="36" s="H" t="H" l="H"/>
		<a id="37" s="H" t="H" l="H"/>
		<a id="38" s="H" t="H" l="H"/>
		<a id="39" s="H" t="H" l="H"/>
		<a id="40" s="H" t="H" l="H"/>
		<a id="41" s="H" t="H" l="H"/>
		<a id="42" s="H" t="H" l="H"/>
		<a id="43" s="H" t="H" l="H"/>
		<a id="44" s="H" t="H" l="H"/>
		<a id="45" s="H" t="H" l="H"/>
		<a id="46" s="H" t="H" l="H"/>
		<a id="47" s="H" t="H" l="H"/>
		<a id="48" s="H" t="H" l="H"/>
		<a id="49" s="H" t="H" l="H"/>
		<a id="50" s="H" t="H" l="H"/>
		<a id="51" s="H" t="H" l="H"/>
		<a id="52" s="H" t="H" l="H"/>
		<a id="53" s="H" t="H" l="H"/>
		<a id="54" s="H" t="H" l="H"/>
	</atoms>
	<bonds>
		<b id="1" c="1 2" t="1"/>
		<b id="2" c="2 3" t="1"/>
		<b id="3" c="3 4" t="ar"/>
		<b id="4" c="4 5" t="ar"/>
		<b id="5" c="5 6" t="ar"/>
		<b id="6" c="6 7" t="1"/>
		<b id="7" c="7 8" t="1"/>
		<b id="8" c="8 9" t="ar"/>
		<b id="9" c="9 10" t="ar"/>
		<b id="10" c="10 11" t="ar"/>
		<b id="11" c="11 12" t="ar"/>
		<b id="12" c="12 13" t="1"/>
		<b id="13" c="13 14" t="1"/>
		<b id="14" c="14 15" t="ar"/>
		<b id="15" c="15 16" t="1"/>
		<b id="16" c="16 17" t="1"/>
		<b id="17" c="15 18" t="ar"/>
		<b id="18" c="18 19" t="ar"/>
		<b id="19" c="19 20" t="1"/>
		<b id="20" c="20 21" t="1"/>
		<b id="21" c="19 22" t="ar"/>
		<b id="22" c="22 23" t="ar"/>
		<b id="23" c="14 23" t="ar"/>
		<b id="24" c="23 24" t="1"/>
		<b id="25" c="24 25" t="1"/>
		<b id="26" c="12 26" t="ar"/>
		<b id="27" c="26 27" t="ar"/>
		<b id="28" c="27 28" t="1"/>
		<b id="29" c="27 29" t="ar"/>
		<b id="30" c="29 30" t="ar"/>
		<b id="31" c="11 30" t="ar"/>
		<b id="32" c="8 30" t="ar"/>
		<b id="33" c="6 31" t="ar"/>
		<b id="34" c="31 32" t="ar"/>
		<b id="35" c="3 32" t="ar"/>
		<b id="36" c="1 33" t="1"/>
		<b id="37" c="1 34" t="1"/>
		<b id="38" c="1 35" t="1"/>
		<b id="39" c="4 36" t="1"/>
		<b id="40" c="5 37" t="1"/>
		<b id="41" c="7 38" t="1"/>
		<b id="42" c="7 39" t="1"/>
		<b id="43" c="9 40" t="1"/>
		<b id="44" c="13 41" t="1"/>
		<b id="45" c="17 42" t="1"/>
		<b id="46" c="17 43" t="1"/>
		<b id="47" c="17 44" t="1"/>
		<b id="48" c="18 45" t="1"/>
		<b id="49" c="21 46" t="1"/>
		<b id="50" c="21 47" t="1"/>
		<b id="51" c="21 48" t="1"/>
		<b id="52" c="22 49" t="1"/>
		<b id="53" c="25 50" t="1"/>
		<b id="54" c="25 51" t="1"/>
		<b id="55" c="25 52" t="1"/>
		<b id="56" c="31 53" t="1"/>
		<b id="57" c="32 54" t="1"/>
	</bonds>
	<geometry>
		<g u="A" t="cart/3d">#54,3:11.3428,2.9193,-5.3146;10.3460,2.0702,-5.8301;9.0705,2.2139,-5.3821;8.6562,3.1411,-4.4307;7.3265,3.1933,-4.0528;6.3894,2.3344,-4.6079;4.9401,2.4523,-4.2112;4.3860,3.6929,-4.7009;4.1089,4.0388,-5.9925;3.6725,5.2549,-6.1338;3.6593,5.7715,-4.8638;3.2988,7.0165,-4.3155;2.8387,8.0252,-5.0701;2.6173,9.3307,-4.5726;3.6804,9.9956,-3.9397;4.8544,9.3133,-3.9056;5.9006,9.8047,-3.1047;3.5128,11.2789,-3.4386;2.2902,11.9251,-3.5941;2.0261,13.1847,-3.1578;3.0318,13.8910,-2.4719;1.2392,11.2722,-4.2233;1.3824,9.9732,-4.6954;0.2743,9.4396,-5.2838;0.0168,8.0544,-5.1562;3.3791,7.1633,-2.9891;3.8365,6.1645,-2.2641;3.9384,6.4840,-0.5882;4.2271,4.9657,-2.6376;4.1115,4.7974,-3.9590;6.8064,1.4133,-5.5609;8.1294,1.3477,-5.9413;12.2647,2.6281,-5.8155;11.4624,2.7898,-4.2342;11.1287,3.9701,-5.5343;9.3568,3.8242,-3.9773;7.0107,3.9145,-3.3128;4.8369,2.4772,-3.1230;4.3610,1.6167,-4.6152;4.2421,3.3509,-6.8042;2.8323,7.8683,-6.0677;6.6781,9.0428,-3.1389;5.5779,9.9429,-2.0689;6.3031,10.7453,-3.4962;4.3336,11.7733,-2.9490;2.5882,14.8497,-2.2076;3.9080,14.0630,-3.1056;3.3374,13.3713,-1.5583;0.2907,11.7697,-4.3313;-1.0653,7.9498,-5.2449;0.3366,7.6749,-4.1838;0.4933,7.4732,-5.9502;6.0907,0.7366,-6.0052;8.4642,0.6335,-6.6766;</g>
	</geometry>
	<conformers/>
	<properties/>
</molecule>
