<?xml version="1.0" ?>
<!--MOLLI PACKAGE EXPERIMENTAL XML FORMAT-->
<molecule name="el1678">
	<atoms>
		<a id="1" s="C" t="C.3" l="C"/>
		<a id="2" s="O" t="O.3" l="O"/>
		<a id="3" s="C" t="C.ar" l="C"/>
		<a id="4" s="C" t="C.ar" l="C"/>
		<a id="5" s="C" t="C.ar" l="C"/>
		<a id="6" s="C" t="C.ar" l="C"/>
		<a id="7" s="C" t="C.3" l="C"/>
		<a id="8" s="N" t="N.ar" l="N"/>
		<a id="9" s="C" t="C.ar" l="C"/>
		<a id="10" s="N" t="N.ar" l="N"/>
		<a id="11" s="C" t="C.ar" l="C"/>
		<a id="12" s="C" t="C.ar" l="C"/>
		<a id="13" s="N" t="N.am" l="N"/>
		<a id="14" s="C" t="C.2" l="C"/>
		<a id="15" s="O" t="O.2" l="O"/>
		<a id="16" s="C" t="C.3" l="C"/>
		<a id="17" s="F" t="F" l="F"/>
		<a id="18" s="F" t="F" l="F"/>
		<a id="19" s="F" t="F" l="F"/>
		<a id="20" s="C" t="C.ar" l="C"/>
		<a id="21" s="C" t="C.ar" l="C"/>
		<a id="22" s="C" t="C.3" l="C"/>
		<a id="23" s="C" t="C.ar" l="C"/>
		<a id="24" s="C" t="C.ar" l="C"/>
		<a id="25" s="C" t="C.2" l="C"/>
		<a id="26" s="C" t="C.2" l="C"/>
		<a id="27" s="C" t="C.1" l="C"/>
		<a id="28" s="N" t="N.1" l="N"/>
		<a id="29" s="C" t="C.ar" l="C"/>
		<a id="30" s="C" t="C.ar" l="C"/>
		<a id="31" s="O" t="O.3" l="O"/>
		<a id="32" s="C" t="C.3" l="C"/>
		<a id="33" s="N" t="N.ar" l="N"/>
		<a id="34" s="C" t="C.ar" l="C"/>
		<a id="35" s="Cl" t="Cl" l="CL"/>
		<a id="36" s="N" t="N.ar" l="N"/>
		<a id="37" s="C" t="C.ar" l="C"/>
		<a id="38" s="C" t="C.ar" l="C"/>
		<a id="39" s="C" t="C.ar" l="C"/>
		<a id="40" s="H" t="H" l="H"/>
		<a id="41" s="H" t="H" l="H"/>
		<a id="42" s="H" t="H" l="H"/>
		<a id="43" s="H" t="H" l="H"/>
		<a id="44" s="H" t="H" l="H"/>
		<a id="45" s="H" t="H" l="H"/>
		<a id="46" s="H" t="H" l="H"/>
		<a id="47" s="H" t="H" l="H"/>
		<a id="48" s="H" t="H" l="H"/>
		<a id="49" s="H" t="H" l="H"/>
		<a id="50" s="H" t="H" l="H"/>
		<a id="51" s="H" t="H" l="H"/>
		<a id="52" s="H" t="H" l="H"/>
		<a id="53" s="H" t="H" l="H"/>
		<a id="54" s="H" t="H" l="H"/>
		<a id="55" s="H" t="H" l="H"/>
		<a id="56" s="H" t="H" l="H"/>
		<a id="57" s="H" t="H" l="H"/>
		<a id="58" s="H" t="H" l="H"/>
		<a id="59" s="H" t="H" l="H"/>
	</atoms>
	<bonds>
		<b id="1" c="1 2" t="1"/>
		<b id="2" c="2 3" t="1"/>
		<b id="3" c="3 4" t="ar"/>
		<b id="4" c="4 5" t="ar"/>
		<b id="5" c="5 6" t="ar"/>
		<b id="6" c="6 7" t="1"/>
		<b id="7" c="7 8" t="1"/>
		<b id="8" c="8 9" t="ar"/>
		<b id="9" c="9 10" t="ar"/>
		<b id="10" c="10 11" t="ar"/>
		<b id="11" c="11 12" t="ar"/>
		<b id="12" c="12 13" t="1"/>
		<b id="13" c="13 14" t="am"/>
		<b id="14" c="14 15" t="2"/>
		<b id="15" c="14 16" t="1"/>
		<b id="16" c="16 17" t="1"/>
		<b id="17" c="16 18" t="1"/>
		<b id="18" c="16 19" t="1"/>
		<b id="19" c="13 20" t="1"/>
		<b id="20" c="20 21" t="ar"/>
		<b id="21" c="21 22" t="1"/>
		<b id="22" c="21 23" t="ar"/>
		<b id="23" c="23 24" t="ar"/>
		<b id="24" c="24 25" t="1"/>
		<b id="25" c="25 26" t="2"/>
		<b id="26" c="26 27" t="1"/>
		<b id="27" c="27 28" t="3"/>
		<b id="28" c="24 29" t="ar"/>
		<b id="29" c="29 30" t="ar"/>
		<b id="30" c="20 30" t="ar"/>
		<b id="31" c="30 31" t="1"/>
		<b id="32" c="31 32" t="1"/>
		<b id="33" c="12 33" t="ar"/>
		<b id="34" c="33 34" t="ar"/>
		<b id="35" c="34 35" t="1"/>
		<b id="36" c="34 36" t="ar"/>
		<b id="37" c="36 37" t="ar"/>
		<b id="38" c="11 37" t="ar"/>
		<b id="39" c="8 37" t="ar"/>
		<b id="40" c="6 38" t="ar"/>
		<b id="41" c="38 39" t="ar"/>
		<b id="42" c="3 39" t="ar"/>
		<b id="43" c="1 40" t="1"/>
		<b id="44" c="1 41" t="1"/>
		<b id="45" c="1 42" t="1"/>
		<b id="46" c="4 43" t="1"/>
		<b id="47" c="5 44" t="1"/>
		<b id="48" c="7 45" t="1"/>
		<b id="49" c="7 46" t="1"/>
		<b id="50" c="9 47" t="1"/>
		<b id="51" c="22 48" t="1"/>
		<b id="52" c="22 49" t="1"/>
		<b id="53" c="22 50" t="1"/>
		<b id="54" c="23 51" t="1"/>
		<b id="55" c="25 52" t="1"/>
		<b id="56" c="26 53" t="1"/>
		<b id="57" c="29 54" t="1"/>
		<b id="58" c="32 55" t="1"/>
		<b id="59" c="32 56" t="1"/>
		<b id="60" c="32 57" t="1"/>
		<b id="61" c="38 58" t="1"/>
		<b id="62" c="39 59" t="1"/>
	</bonds>
	<geometry>
		<g u="A" t="cart/3d">#59,3:11.3263,6.8512,1.5929;11.3793,6.6391,0.2016;10.2677,6.1915,-0.4341;9.0401,5.9474,0.1753;7.9776,5.4768,-0.5758;8.1138,5.2409,-1.9357;6.9369,4.7415,-2.7351;6.0231,5.8222,-3.0370;6.0157,6.6378,-4.1316;5.0842,7.5418,-4.1193;4.4132,7.3397,-2.9476;3.3115,7.9198,-2.3245;2.5557,8.9557,-2.8706;2.2036,9.1042,-4.1721;1.8048,10.1336,-4.6527;2.1598,7.8214,-5.0573;2.1910,6.6601,-4.3772;0.9924,7.8183,-5.7159;3.1229,7.7778,-5.9737;2.2491,10.0617,-1.9964;3.2806,10.9760,-1.7455;4.6424,10.7512,-2.3299;3.0340,12.0898,-0.9689;1.7646,12.3262,-0.4334;1.4448,13.4939,0.3658;2.2531,14.5363,0.6083;1.8403,15.6257,1.3927;1.5119,16.5184,2.0349;0.7633,11.3984,-0.6785;0.9749,10.2553,-1.4550;-0.1238,9.4821,-1.5710;-0.0956,8.1855,-2.1260;2.9607,7.5067,-1.1140;3.6331,6.5168,-0.5476;3.1083,6.0716,1.0056;4.6436,5.8352,-1.0448;5.0183,6.2642,-2.2438;9.3358,5.5013,-2.5453;10.4012,5.9671,-1.8065;12.3243,7.1801,1.8775;11.0826,5.9293,2.1299;10.6016,7.6286,1.8542;8.9001,6.1146,1.2313;7.0274,5.2899,-0.0973;6.3772,4.0004,-2.1588;7.2677,4.3022,-3.6788;6.7209,6.5276,-4.9316;4.5827,10.5390,-3.3961;5.1318,9.9046,-1.8470;5.2651,11.6297,-2.1860;3.8395,12.7829,-0.7871;0.4468,13.5082,0.7861;3.2578,14.6065,0.2152;-0.2288,11.5381,-0.2784;-1.0491,7.7387,-1.8443;0.7176,7.5866,-1.7107;-0.0350,8.2144,-3.2178;9.4587,5.3275,-3.6045;11.3562,6.1637,-2.2666;</g>
	</geometry>
	<conformers/>
	<properties/>
</molecule>
