<?xml version="1.0" ?>
<!--MOLLI PACKAGE EXPERIMENTAL XML FORMAT-->
<molecule name="el1680">
	<atoms>
		<a id="1" s="C" t="C.3" l="C"/>
		<a id="2" s="C" t="C.3" l="C"/>
		<a id="3" s="O" t="O.3" l="O"/>
		<a id="4" s="C" t="C.2" l="C"/>
		<a id="5" s="O" t="O.2" l="O"/>
		<a id="6" s="N" t="N.am" l="N"/>
		<a id="7" s="C" t="C.ar" l="C"/>
		<a id="8" s="C" t="C.ar" l="C"/>
		<a id="9" s="N" t="N.ar" l="N"/>
		<a id="10" s="C" t="C.ar" l="C"/>
		<a id="11" s="C" t="C.ar" l="C"/>
		<a id="12" s="Cl" t="Cl" l="CL"/>
		<a id="13" s="C" t="C.ar" l="C"/>
		<a id="14" s="H" t="H" l="H"/>
		<a id="15" s="H" t="H" l="H"/>
		<a id="16" s="H" t="H" l="H"/>
		<a id="17" s="H" t="H" l="H"/>
		<a id="18" s="H" t="H" l="H"/>
		<a id="19" s="H" t="H" l="H"/>
		<a id="20" s="H" t="H" l="H"/>
		<a id="21" s="H" t="H" l="H"/>
		<a id="22" s="H" t="H" l="H"/>
	</atoms>
	<bonds>
		<b id="1" c="1 2" t="1"/>
		<b id="2" c="2 3" t="1"/>
		<b id="3" c="3 4" t="1"/>
		<b id="4" c="4 5" t="2"/>
		<b id="5" c="4 6" t="am"/>
		<b id="6" c="6 7" t="1"/>
		<b id="7" c="7 8" t="ar"/>
		<b id="8" c="8 9" t="ar"/>
		<b id="9" c="9 10" t="ar"/>
		<b id="10" c="10 11" t="ar"/>
		<b id="11" c="11 12" t="1"/>
		<b id="12" c="11 13" t="ar"/>
		<b id="13" c="7 13" t="ar"/>
		<b id="14" c="1 14" t="1"/>
		<b id="15" c="1 15" t="1"/>
		<b id="16" c="1 16" t="1"/>
		<b id="17" c="2 17" t="1"/>
		<b id="18" c="2 18" t="1"/>
		<b id="19" c="6 19" t="1"/>
		<b id="20" c="8 20" t="1"/>
		<b id="21" c="10 21" t="1"/>
		<b id="22" c="13 22" t="1"/>
	</bonds>
	<geometry>
		<g u="A" t="cart/3d">#22,3:2.1051,1.8736,1.1242;2.4827,0.4861,0.6268;3.2627,-0.2244,1.5917;4.5754,0.0788,1.6354;5.1297,0.8540,0.9052;5.1500,-0.6532,2.6403;6.4773,-0.6615,3.0460;7.4783,0.1097,2.4452;8.7307,0.0891,2.8528;9.0833,-0.6806,3.8634;8.1639,-1.4866,4.5246;8.6528,-2.4855,5.8435;6.8417,-1.4804,4.1146;1.4599,2.3568,0.3965;3.0005,2.4758,1.2557;1.5806,1.8046,2.0743;3.0531,0.5599,-0.3044;1.5979,-0.1348,0.4744;4.5163,-1.2576,3.1469;7.2554,0.7590,1.6131;10.1232,-0.6531,4.1538;6.1094,-2.0976,4.6142;</g>
	</geometry>
	<conformers/>
	<properties/>
</molecule>
