<?xml version="1.0" ?>
<!--MOLLI PACKAGE EXPERIMENTAL XML FORMAT-->
<molecule name="el1681">
	<atoms>
		<a id="1" s="C" t="C.3" l="C"/>
		<a id="2" s="O" t="O.3" l="O"/>
		<a id="3" s="C" t="C.ar" l="C"/>
		<a id="4" s="C" t="C.ar" l="C"/>
		<a id="5" s="C" t="C.ar" l="C"/>
		<a id="6" s="C" t="C.ar" l="C"/>
		<a id="7" s="C" t="C.3" l="C"/>
		<a id="8" s="N" t="N.ar" l="N"/>
		<a id="9" s="C" t="C.ar" l="C"/>
		<a id="10" s="N" t="N.ar" l="N"/>
		<a id="11" s="C" t="C.ar" l="C"/>
		<a id="12" s="C" t="C.ar" l="C"/>
		<a id="13" s="C" t="C.ar" l="C"/>
		<a id="14" s="C" t="C.ar" l="C"/>
		<a id="15" s="C" t="C.ar" l="C"/>
		<a id="16" s="C" t="C.ar" l="C"/>
		<a id="17" s="O" t="O.3" l="O"/>
		<a id="18" s="C" t="C.3" l="C"/>
		<a id="19" s="C" t="C.ar" l="C"/>
		<a id="20" s="C" t="C.ar" l="C"/>
		<a id="21" s="N" t="N.ar" l="N"/>
		<a id="22" s="C" t="C.ar" l="C"/>
		<a id="23" s="Cl" t="Cl" l="CL"/>
		<a id="24" s="N" t="N.ar" l="N"/>
		<a id="25" s="C" t="C.ar" l="C"/>
		<a id="26" s="C" t="C.ar" l="C"/>
		<a id="27" s="C" t="C.ar" l="C"/>
		<a id="28" s="H" t="H" l="H"/>
		<a id="29" s="H" t="H" l="H"/>
		<a id="30" s="H" t="H" l="H"/>
		<a id="31" s="H" t="H" l="H"/>
		<a id="32" s="H" t="H" l="H"/>
		<a id="33" s="H" t="H" l="H"/>
		<a id="34" s="H" t="H" l="H"/>
		<a id="35" s="H" t="H" l="H"/>
		<a id="36" s="H" t="H" l="H"/>
		<a id="37" s="H" t="H" l="H"/>
		<a id="38" s="H" t="H" l="H"/>
		<a id="39" s="H" t="H" l="H"/>
		<a id="40" s="H" t="H" l="H"/>
		<a id="41" s="H" t="H" l="H"/>
		<a id="42" s="H" t="H" l="H"/>
		<a id="43" s="H" t="H" l="H"/>
		<a id="44" s="H" t="H" l="H"/>
	</atoms>
	<bonds>
		<b id="1" c="1 2" t="1"/>
		<b id="2" c="2 3" t="1"/>
		<b id="3" c="3 4" t="ar"/>
		<b id="4" c="4 5" t="ar"/>
		<b id="5" c="5 6" t="ar"/>
		<b id="6" c="6 7" t="1"/>
		<b id="7" c="7 8" t="1"/>
		<b id="8" c="8 9" t="ar"/>
		<b id="9" c="9 10" t="ar"/>
		<b id="10" c="10 11" t="ar"/>
		<b id="11" c="11 12" t="ar"/>
		<b id="12" c="12 13" t="1"/>
		<b id="13" c="13 14" t="ar"/>
		<b id="14" c="14 15" t="ar"/>
		<b id="15" c="15 16" t="ar"/>
		<b id="16" c="16 17" t="1"/>
		<b id="17" c="17 18" t="1"/>
		<b id="18" c="16 19" t="ar"/>
		<b id="19" c="19 20" t="ar"/>
		<b id="20" c="13 20" t="ar"/>
		<b id="21" c="12 21" t="ar"/>
		<b id="22" c="21 22" t="ar"/>
		<b id="23" c="22 23" t="1"/>
		<b id="24" c="22 24" t="ar"/>
		<b id="25" c="24 25" t="ar"/>
		<b id="26" c="11 25" t="ar"/>
		<b id="27" c="8 25" t="ar"/>
		<b id="28" c="6 26" t="ar"/>
		<b id="29" c="26 27" t="ar"/>
		<b id="30" c="3 27" t="ar"/>
		<b id="31" c="1 28" t="1"/>
		<b id="32" c="1 29" t="1"/>
		<b id="33" c="1 30" t="1"/>
		<b id="34" c="4 31" t="1"/>
		<b id="35" c="5 32" t="1"/>
		<b id="36" c="7 33" t="1"/>
		<b id="37" c="7 34" t="1"/>
		<b id="38" c="9 35" t="1"/>
		<b id="39" c="14 36" t="1"/>
		<b id="40" c="15 37" t="1"/>
		<b id="41" c="18 38" t="1"/>
		<b id="42" c="18 39" t="1"/>
		<b id="43" c="18 40" t="1"/>
		<b id="44" c="19 41" t="1"/>
		<b id="45" c="20 42" t="1"/>
		<b id="46" c="26 43" t="1"/>
		<b id="47" c="27 44" t="1"/>
	</bonds>
	<geometry>
		<g u="A" t="cart/3d">#44,3:11.5436,-4.1257,-3.8433;10.5721,-5.0045,-3.3284;9.2707,-4.6130,-3.3341;8.8049,-3.3915,-3.8113;7.4536,-3.1003,-3.7588;6.5455,-4.0115,-3.2397;5.0751,-3.6769,-3.2302;4.5415,-3.6811,-4.5733;4.0574,-4.7358,-5.2906;3.6903,-4.4363,-6.4985;3.9454,-3.0950,-6.6322;3.7752,-2.1483,-7.6547;3.2001,-2.4247,-8.9574;3.0538,-1.3942,-9.8865;2.4943,-1.6277,-11.1254;2.0674,-2.9109,-11.4641;1.5018,-3.2552,-12.6475;1.3036,-2.2587,-13.6226;2.2182,-3.9480,-10.5367;2.7740,-3.7122,-9.3022;4.1647,-0.8938,-7.3980;4.6718,-0.5870,-6.2257;5.1386,1.0457,-6.0284;4.8685,-1.3653,-5.1791;4.4943,-2.6184,-5.4167;7.0126,-5.2334,-2.7719;8.3579,-5.5307,-2.8116;12.4952,-4.6435,-3.7351;11.5764,-3.1880,-3.2796;11.3685,-3.9088,-4.9017;9.4815,-2.6593,-4.2220;7.0977,-2.1493,-4.1271;4.9196,-2.6705,-2.8314;4.5167,-4.4011,-2.6316;3.9852,-5.7211,-4.8720;3.3856,-0.4051,-9.6139;2.3932,-0.8081,-11.8195;0.8410,-2.7636,-14.4691;2.2515,-1.8134,-13.9411;0.6343,-1.4716,-13.2610;1.8834,-4.9336,-10.8188;2.8854,-4.5128,-8.5884;6.3201,-5.9558,-2.3644;8.7323,-6.4727,-2.4439;</g>
	</geometry>
	<conformers/>
	<properties/>
</molecule>
