<?xml version="1.0" ?>
<!--MOLLI PACKAGE EXPERIMENTAL XML FORMAT-->
<molecule name="el1682">
	<atoms>
		<a id="1" s="C" t="C.3" l="C"/>
		<a id="2" s="C" t="C.ar" l="C"/>
		<a id="3" s="C" t="C.ar" l="C"/>
		<a id="4" s="C" t="C.ar" l="C"/>
		<a id="5" s="N" t="N.pl3" l="N"/>
		<a id="6" s="O" t="O.2" l="O"/>
		<a id="7" s="O" t="O.co2" l="O"/>
		<a id="8" s="C" t="C.ar" l="C"/>
		<a id="9" s="N" t="N.ar" l="N"/>
		<a id="10" s="C" t="C.ar" l="C"/>
		<a id="11" s="Cl" t="Cl" l="CL"/>
		<a id="12" s="H" t="H" l="H"/>
		<a id="13" s="H" t="H" l="H"/>
		<a id="14" s="H" t="H" l="H"/>
		<a id="15" s="H" t="H" l="H"/>
		<a id="16" s="H" t="H" l="H"/>
	</atoms>
	<bonds>
		<b id="1" c="1 2" t="1"/>
		<b id="2" c="2 3" t="ar"/>
		<b id="3" c="3 4" t="ar"/>
		<b id="4" c="4 5" t="1"/>
		<b id="5" c="5 6" t="2"/>
		<b id="6" c="5 7" t="1"/>
		<b id="7" c="4 8" t="ar"/>
		<b id="8" c="8 9" t="ar"/>
		<b id="9" c="9 10" t="ar"/>
		<b id="10" c="2 10" t="ar"/>
		<b id="11" c="10 11" t="1"/>
		<b id="12" c="1 12" t="1"/>
		<b id="13" c="1 13" t="1"/>
		<b id="14" c="1 14" t="1"/>
		<b id="15" c="3 15" t="1"/>
		<b id="16" c="8 16" t="1"/>
	</bonds>
	<geometry>
		<g u="A" t="cart/3d">#16,3:0.9489,0.0793,-0.0065;2.4381,0.0526,-0.0036;3.1625,-1.1270,-0.0026;4.5550,-1.0767,-0.0000;5.3204,-2.2983,0.0006;4.7045,-3.3417,0.0008;6.5270,-2.2003,0.0035;5.1935,0.1589,0.0017;4.5124,1.2855,0.0007;3.1954,1.2358,-0.0019;2.4018,2.7512,-0.0029;0.5460,-0.9292,-0.0082;0.5860,0.6123,-0.8838;0.5827,0.6105,0.8706;2.6687,-2.0881,-0.0039;6.2713,0.2367,0.0037;</g>
	</geometry>
	<conformers/>
	<properties/>
</molecule>
