<?xml version="1.0" ?>
<!--MOLLI PACKAGE EXPERIMENTAL XML FORMAT-->
<molecule name="el1683">
	<atoms>
		<a id="1" s="Cl" t="Cl" l="CL"/>
		<a id="2" s="C" t="C.ar" l="C"/>
		<a id="3" s="N" t="N.ar" l="N"/>
		<a id="4" s="C" t="C.ar" l="C"/>
		<a id="5" s="N" t="N.pl3" l="N"/>
		<a id="6" s="C" t="C.ar" l="C"/>
		<a id="7" s="C" t="C.ar" l="C"/>
		<a id="8" s="C" t="C.ar" l="C"/>
		<a id="9" s="C" t="C.3" l="C"/>
		<a id="10" s="C" t="C.3" l="C"/>
		<a id="11" s="C" t="C.3" l="C"/>
		<a id="12" s="N" t="N.ar" l="N"/>
		<a id="13" s="N" t="N.ar" l="N"/>
		<a id="14" s="C" t="C.ar" l="C"/>
		<a id="15" s="C" t="C.ar" l="C"/>
		<a id="16" s="C" t="C.ar" l="C"/>
		<a id="17" s="C" t="C.ar" l="C"/>
		<a id="18" s="C" t="C.ar" l="C"/>
		<a id="19" s="C" t="C.ar" l="C"/>
		<a id="20" s="N" t="N.ar" l="N"/>
		<a id="21" s="H" t="H" l="H"/>
		<a id="22" s="H" t="H" l="H"/>
		<a id="23" s="H" t="H" l="H"/>
		<a id="24" s="H" t="H" l="H"/>
		<a id="25" s="H" t="H" l="H"/>
		<a id="26" s="H" t="H" l="H"/>
		<a id="27" s="H" t="H" l="H"/>
		<a id="28" s="H" t="H" l="H"/>
		<a id="29" s="H" t="H" l="H"/>
		<a id="30" s="H" t="H" l="H"/>
		<a id="31" s="H" t="H" l="H"/>
		<a id="32" s="H" t="H" l="H"/>
	</atoms>
	<bonds>
		<b id="1" c="1 2" t="1"/>
		<b id="2" c="2 3" t="ar"/>
		<b id="3" c="3 4" t="ar"/>
		<b id="4" c="4 5" t="1"/>
		<b id="5" c="5 6" t="1"/>
		<b id="6" c="6 7" t="ar"/>
		<b id="7" c="7 8" t="ar"/>
		<b id="8" c="8 9" t="1"/>
		<b id="9" c="9 10" t="1"/>
		<b id="10" c="10 11" t="1"/>
		<b id="11" c="9 11" t="1"/>
		<b id="12" c="8 12" t="ar"/>
		<b id="13" c="12 13" t="ar"/>
		<b id="14" c="6 13" t="ar"/>
		<b id="15" c="4 14" t="ar"/>
		<b id="16" c="14 15" t="ar"/>
		<b id="17" c="15 16" t="ar"/>
		<b id="18" c="16 17" t="ar"/>
		<b id="19" c="17 18" t="ar"/>
		<b id="20" c="18 19" t="ar"/>
		<b id="21" c="14 19" t="ar"/>
		<b id="22" c="19 20" t="ar"/>
		<b id="23" c="2 20" t="ar"/>
		<b id="24" c="5 21" t="1"/>
		<b id="25" c="7 22" t="1"/>
		<b id="26" c="9 23" t="1"/>
		<b id="27" c="10 24" t="1"/>
		<b id="28" c="10 25" t="1"/>
		<b id="29" c="11 26" t="1"/>
		<b id="30" c="11 27" t="1"/>
		<b id="31" c="12 28" t="1"/>
		<b id="32" c="15 29" t="1"/>
		<b id="33" c="16 30" t="1"/>
		<b id="34" c="17 31" t="1"/>
		<b id="35" c="18 32" t="1"/>
	</bonds>
	<geometry>
		<g u="A" t="cart/3d">#32,3:0.9389,0.3106,-0.5792;2.6478,0.2288,-0.6451;3.1396,-1.0036,-0.6629;4.4559,-1.1340,-0.7121;4.9791,-2.3738,-0.7259;4.3024,-3.5778,-0.6876;2.9228,-3.8480,-0.6690;2.8399,-5.2262,-0.6347;1.6857,-6.1260,-0.6054;0.4336,-5.7504,-1.3558;0.4400,-5.7117,0.1350;4.1139,-5.6835,-0.6353;5.0164,-4.6980,-0.6675;5.3089,0.0247,-0.7500;6.7105,0.0069,-0.8095;7.4177,1.1824,-0.8395;6.7531,2.4134,-0.8107;5.3857,2.4645,-0.7538;4.6380,1.2748,-0.7232;3.2851,1.3563,-0.6691;5.9833,-2.4772,-0.7488;2.1358,-3.1271,-0.6780;1.9505,-7.1770,-0.5793;-0.1122,-6.5381,-1.8524;0.4381,-4.8132,-1.8894;-0.1018,-6.4725,0.6758;0.4481,-4.7480,0.6189;4.4255,-6.6409,-0.6135;7.2466,-0.9315,-0.8337;8.4962,1.1604,-0.8857;7.3290,3.3266,-0.8346;4.8483,3.3986,-0.7317;</g>
	</geometry>
	<conformers/>
	<properties/>
</molecule>
