<?xml version="1.0" ?>
<!--MOLLI PACKAGE EXPERIMENTAL XML FORMAT-->
<molecule name="el1685">
	<atoms>
		<a id="1" s="C" t="C.3" l="C"/>
		<a id="2" s="C" t="C.3" l="C"/>
		<a id="3" s="C" t="C.3" l="C"/>
		<a id="4" s="C" t="C.3" l="C"/>
		<a id="5" s="N" t="N.pl3" l="N"/>
		<a id="6" s="C" t="C.ar" l="C"/>
		<a id="7" s="N" t="N.ar" l="N"/>
		<a id="8" s="C" t="C.ar" l="C"/>
		<a id="9" s="C" t="C.ar" l="C"/>
		<a id="10" s="C" t="C.ar" l="C"/>
		<a id="11" s="C" t="C.ar" l="C"/>
		<a id="12" s="N" t="N.ar" l="N"/>
		<a id="13" s="N" t="N.ar" l="N"/>
		<a id="14" s="C" t="C.3" l="C"/>
		<a id="15" s="C" t="C.3" l="C"/>
		<a id="16" s="C" t="C.3" l="C"/>
		<a id="17" s="N" t="N.am" l="N"/>
		<a id="18" s="C" t="C.2" l="C"/>
		<a id="19" s="O" t="O.2" l="O"/>
		<a id="20" s="O" t="O.3" l="O"/>
		<a id="21" s="C" t="C.3" l="C"/>
		<a id="22" s="C" t="C.3" l="C"/>
		<a id="23" s="C" t="C.3" l="C"/>
		<a id="24" s="C" t="C.3" l="C"/>
		<a id="25" s="C" t="C.3" l="C"/>
		<a id="26" s="C" t="C.3" l="C"/>
		<a id="27" s="C" t="C.ar" l="C"/>
		<a id="28" s="C" t="C.ar" l="C"/>
		<a id="29" s="C" t="C.ar" l="C"/>
		<a id="30" s="C" t="C.ar" l="C"/>
		<a id="31" s="N" t="N.ar" l="N"/>
		<a id="32" s="C" t="C.ar" l="C"/>
		<a id="33" s="C" t="C.ar" l="C"/>
		<a id="34" s="C" t="C.ar" l="C"/>
		<a id="35" s="C" t="C.ar" l="C"/>
		<a id="36" s="C" t="C.ar" l="C"/>
		<a id="37" s="Cl" t="Cl" l="CL"/>
		<a id="38" s="C" t="C.ar" l="C"/>
		<a id="39" s="O" t="O.2" l="O"/>
		<a id="40" s="H" t="H" l="H"/>
		<a id="41" s="H" t="H" l="H"/>
		<a id="42" s="H" t="H" l="H"/>
		<a id="43" s="H" t="H" l="H"/>
		<a id="44" s="H" t="H" l="H"/>
		<a id="45" s="H" t="H" l="H"/>
		<a id="46" s="H" t="H" l="H"/>
		<a id="47" s="H" t="H" l="H"/>
		<a id="48" s="H" t="H" l="H"/>
		<a id="49" s="H" t="H" l="H"/>
		<a id="50" s="H" t="H" l="H"/>
		<a id="51" s="H" t="H" l="H"/>
		<a id="52" s="H" t="H" l="H"/>
		<a id="53" s="H" t="H" l="H"/>
		<a id="54" s="H" t="H" l="H"/>
		<a id="55" s="H" t="H" l="H"/>
		<a id="56" s="H" t="H" l="H"/>
		<a id="57" s="H" t="H" l="H"/>
		<a id="58" s="H" t="H" l="H"/>
		<a id="59" s="H" t="H" l="H"/>
		<a id="60" s="H" t="H" l="H"/>
		<a id="61" s="H" t="H" l="H"/>
		<a id="62" s="H" t="H" l="H"/>
		<a id="63" s="H" t="H" l="H"/>
		<a id="64" s="H" t="H" l="H"/>
		<a id="65" s="H" t="H" l="H"/>
		<a id="66" s="H" t="H" l="H"/>
		<a id="67" s="H" t="H" l="H"/>
		<a id="68" s="H" t="H" l="H"/>
		<a id="69" s="H" t="H" l="H"/>
		<a id="70" s="H" t="H" l="H"/>
		<a id="71" s="H" t="H" l="H"/>
		<a id="72" s="H" t="H" l="H"/>
		<a id="73" s="H" t="H" l="H"/>
		<a id="74" s="H" t="H" l="H"/>
	</atoms>
	<bonds>
		<b id="1" c="1 2" t="1"/>
		<b id="2" c="2 3" t="1"/>
		<b id="3" c="2 4" t="1"/>
		<b id="4" c="2 5" t="1"/>
		<b id="5" c="5 6" t="1"/>
		<b id="6" c="6 7" t="ar"/>
		<b id="7" c="7 8" t="ar"/>
		<b id="8" c="8 9" t="ar"/>
		<b id="9" c="9 10" t="1"/>
		<b id="10" c="10 11" t="ar"/>
		<b id="11" c="11 12" t="ar"/>
		<b id="12" c="12 13" t="ar"/>
		<b id="13" c="13 14" t="1"/>
		<b id="14" c="14 15" t="1"/>
		<b id="15" c="15 16" t="1"/>
		<b id="16" c="16 17" t="1"/>
		<b id="17" c="17 18" t="am"/>
		<b id="18" c="18 19" t="2"/>
		<b id="19" c="18 20" t="1"/>
		<b id="20" c="20 21" t="1"/>
		<b id="21" c="21 22" t="1"/>
		<b id="22" c="21 23" t="1"/>
		<b id="23" c="21 24" t="1"/>
		<b id="24" c="17 25" t="1"/>
		<b id="25" c="25 26" t="1"/>
		<b id="26" c="14 26" t="1"/>
		<b id="27" c="13 27" t="ar"/>
		<b id="28" c="10 27" t="ar"/>
		<b id="29" c="9 28" t="ar"/>
		<b id="30" c="28 29" t="ar"/>
		<b id="31" c="6 29" t="ar"/>
		<b id="32" c="29 30" t="1"/>
		<b id="33" c="30 31" t="ar"/>
		<b id="34" c="31 32" t="ar"/>
		<b id="35" c="32 33" t="ar"/>
		<b id="36" c="33 34" t="ar"/>
		<b id="37" c="34 35" t="ar"/>
		<b id="38" c="35 36" t="ar"/>
		<b id="39" c="36 37" t="1"/>
		<b id="40" c="36 38" t="ar"/>
		<b id="41" c="32 38" t="ar"/>
		<b id="42" c="38 39" t="ar"/>
		<b id="43" c="30 39" t="ar"/>
		<b id="44" c="1 40" t="1"/>
		<b id="45" c="1 41" t="1"/>
		<b id="46" c="1 42" t="1"/>
		<b id="47" c="3 43" t="1"/>
		<b id="48" c="3 44" t="1"/>
		<b id="49" c="3 45" t="1"/>
		<b id="50" c="4 46" t="1"/>
		<b id="51" c="4 47" t="1"/>
		<b id="52" c="4 48" t="1"/>
		<b id="53" c="5 49" t="1"/>
		<b id="54" c="8 50" t="1"/>
		<b id="55" c="11 51" t="1"/>
		<b id="56" c="14 52" t="1"/>
		<b id="57" c="15 53" t="1"/>
		<b id="58" c="15 54" t="1"/>
		<b id="59" c="16 55" t="1"/>
		<b id="60" c="16 56" t="1"/>
		<b id="61" c="22 57" t="1"/>
		<b id="62" c="22 58" t="1"/>
		<b id="63" c="22 59" t="1"/>
		<b id="64" c="23 60" t="1"/>
		<b id="65" c="23 61" t="1"/>
		<b id="66" c="23 62" t="1"/>
		<b id="67" c="24 63" t="1"/>
		<b id="68" c="24 64" t="1"/>
		<b id="69" c="24 65" t="1"/>
		<b id="70" c="25 66" t="1"/>
		<b id="71" c="25 67" t="1"/>
		<b id="72" c="26 68" t="1"/>
		<b id="73" c="26 69" t="1"/>
		<b id="74" c="27 70" t="1"/>
		<b id="75" c="28 71" t="1"/>
		<b id="76" c="33 72" t="1"/>
		<b id="77" c="34 73" t="1"/>
		<b id="78" c="35 74" t="1"/>
	</bonds>
	<geometry>
		<g u="A" t="cart/3d">#74,3:3.0911,-3.0343,1.3983;2.5367,-2.8819,-0.0207;2.6924,-4.1922,-0.7969;1.0634,-2.4765,0.0327;3.2383,-1.8070,-0.7126;4.5540,-1.7428,-0.9773;5.3191,-2.7707,-0.5908;6.6102,-2.7579,-0.8246;7.2876,-1.7180,-1.4691;8.7200,-1.7664,-1.6906;9.6529,-2.6819,-1.1610;10.8721,-2.4131,-1.5770;10.7744,-1.3481,-2.3697;11.9216,-0.7538,-3.0158;12.6065,-1.7410,-3.9729;13.3797,-2.8176,-3.2096;14.3103,-2.2036,-2.2905;15.6383,-2.2240,-2.5518;16.1233,-2.8504,-3.4687;16.3247,-1.4916,-1.6513;17.7693,-1.4631,-1.6822;18.2637,-0.8517,-2.9931;18.1439,-0.5667,-0.4999;18.3352,-2.8690,-1.4854;13.6749,-1.3691,-1.2988;12.9304,-0.2225,-1.9863;9.5000,-0.9235,-2.4659;6.5086,-0.6419,-1.8775;5.1343,-0.6247,-1.6462;4.4047,0.5301,-2.0955;4.9381,1.5537,-2.6953;3.9106,2.4185,-2.9478;3.8750,3.6639,-3.5625;2.6471,4.2858,-3.6630;1.4778,3.7069,-3.1737;1.5021,2.4670,-2.5583;0.0636,1.7310,-1.9435;2.7246,1.8345,-2.4535;3.0502,0.6365,-1.9145;2.5471,-3.8091,1.9308;2.9921,-2.0985,1.9438;4.1413,-3.3042,1.3516;2.1414,-4.9867,-0.3018;3.7422,-4.4634,-0.8462;2.3102,-4.0789,-1.8088;0.4822,-3.2433,0.5372;0.6640,-2.3502,-0.9715;0.9422,-1.5420,0.5765;2.6703,-1.0330,-1.0153;7.1410,-3.6362,-0.4811;9.4881,-3.5062,-0.4967;11.5303,0.0899,-3.5974;13.2996,-1.1814,-4.6034;11.8595,-2.2110,-4.6143;13.9487,-3.4410,-3.9004;12.6826,-3.4339,-2.6350;17.8283,0.1358,-3.1325;17.9781,-1.4843,-3.8288;19.3459,-0.7602,-2.9700;17.7082,0.4208,-0.6277;19.2234,-0.4724,-0.4324;17.7659,-0.9936,0.4253;18.0576,-3.5032,-2.3226;17.9419,-3.3042,-0.5690;19.4185,-2.8225,-1.4188;14.4293,-0.9798,-0.6173;12.9583,-1.9850,-0.7467;13.6489,0.4130,-2.5071;12.4121,0.3810,-1.2395;9.2339,-0.0793,-3.0689;6.9421,0.2098,-2.3766;4.7768,4.1145,-3.9409;2.5793,5.2534,-4.1356;0.5378,4.2256,-3.2717;</g>
	</geometry>
	<conformers/>
	<properties/>
</molecule>
