<?xml version="1.0" ?>
<!--MOLLI PACKAGE EXPERIMENTAL XML FORMAT-->
<molecule name="el1686">
	<atoms>
		<a id="1" s="Cl" t="Cl" l="CL"/>
		<a id="2" s="C" t="C.ar" l="C"/>
		<a id="3" s="N" t="N.ar" l="N"/>
		<a id="4" s="C" t="C.ar" l="C"/>
		<a id="5" s="N" t="N.pl3" l="N"/>
		<a id="6" s="C" t="C.3" l="C"/>
		<a id="7" s="C" t="C.3" l="C"/>
		<a id="8" s="C" t="C.3" l="C"/>
		<a id="9" s="C" t="C.3" l="C"/>
		<a id="10" s="C" t="C.3" l="C"/>
		<a id="11" s="C" t="C.3" l="C"/>
		<a id="12" s="C" t="C.ar" l="C"/>
		<a id="13" s="N" t="N.ar" l="N"/>
		<a id="14" s="C" t="C.ar" l="C"/>
		<a id="15" s="N" t="N.ar" l="N"/>
		<a id="16" s="C" t="C.3" l="C"/>
		<a id="17" s="C" t="C.3" l="C"/>
		<a id="18" s="C" t="C.3" l="C"/>
		<a id="19" s="C" t="C.3" l="C"/>
		<a id="20" s="C" t="C.3" l="C"/>
		<a id="21" s="O" t="O.3" l="O"/>
		<a id="22" s="C" t="C.ar" l="C"/>
		<a id="23" s="N" t="N.ar" l="N"/>
		<a id="24" s="H" t="H" l="H"/>
		<a id="25" s="H" t="H" l="H"/>
		<a id="26" s="H" t="H" l="H"/>
		<a id="27" s="H" t="H" l="H"/>
		<a id="28" s="H" t="H" l="H"/>
		<a id="29" s="H" t="H" l="H"/>
		<a id="30" s="H" t="H" l="H"/>
		<a id="31" s="H" t="H" l="H"/>
		<a id="32" s="H" t="H" l="H"/>
		<a id="33" s="H" t="H" l="H"/>
		<a id="34" s="H" t="H" l="H"/>
		<a id="35" s="H" t="H" l="H"/>
		<a id="36" s="H" t="H" l="H"/>
		<a id="37" s="H" t="H" l="H"/>
		<a id="38" s="H" t="H" l="H"/>
		<a id="39" s="H" t="H" l="H"/>
		<a id="40" s="H" t="H" l="H"/>
		<a id="41" s="H" t="H" l="H"/>
		<a id="42" s="H" t="H" l="H"/>
		<a id="43" s="H" t="H" l="H"/>
		<a id="44" s="H" t="H" l="H"/>
		<a id="45" s="H" t="H" l="H"/>
	</atoms>
	<bonds>
		<b id="1" c="1 2" t="1"/>
		<b id="2" c="2 3" t="ar"/>
		<b id="3" c="3 4" t="ar"/>
		<b id="4" c="4 5" t="1"/>
		<b id="5" c="5 6" t="1"/>
		<b id="6" c="6 7" t="1"/>
		<b id="7" c="7 8" t="1"/>
		<b id="8" c="8 9" t="1"/>
		<b id="9" c="9 10" t="1"/>
		<b id="10" c="10 11" t="1"/>
		<b id="11" c="6 11" t="1"/>
		<b id="12" c="4 12" t="ar"/>
		<b id="13" c="12 13" t="ar"/>
		<b id="14" c="13 14" t="ar"/>
		<b id="15" c="14 15" t="ar"/>
		<b id="16" c="15 16" t="1"/>
		<b id="17" c="16 17" t="1"/>
		<b id="18" c="17 18" t="1"/>
		<b id="19" c="18 19" t="1"/>
		<b id="20" c="19 20" t="1"/>
		<b id="21" c="20 21" t="1"/>
		<b id="22" c="16 21" t="1"/>
		<b id="23" c="15 22" t="ar"/>
		<b id="24" c="12 22" t="ar"/>
		<b id="25" c="22 23" t="ar"/>
		<b id="26" c="2 23" t="ar"/>
		<b id="27" c="5 24" t="1"/>
		<b id="28" c="6 25" t="1"/>
		<b id="29" c="7 26" t="1"/>
		<b id="30" c="7 27" t="1"/>
		<b id="31" c="8 28" t="1"/>
		<b id="32" c="8 29" t="1"/>
		<b id="33" c="9 30" t="1"/>
		<b id="34" c="9 31" t="1"/>
		<b id="35" c="10 32" t="1"/>
		<b id="36" c="10 33" t="1"/>
		<b id="37" c="11 34" t="1"/>
		<b id="38" c="11 35" t="1"/>
		<b id="39" c="14 36" t="1"/>
		<b id="40" c="16 37" t="1"/>
		<b id="41" c="17 38" t="1"/>
		<b id="42" c="17 39" t="1"/>
		<b id="43" c="18 40" t="1"/>
		<b id="44" c="18 41" t="1"/>
		<b id="45" c="19 42" t="1"/>
		<b id="46" c="19 43" t="1"/>
		<b id="47" c="20 44" t="1"/>
		<b id="48" c="20 45" t="1"/>
	</bonds>
	<geometry>
		<g u="A" t="cart/3d">#45,3:1.2551,0.0473,-0.1274;2.9625,0.0118,-0.1015;3.4941,-1.1863,-0.2329;4.8281,-1.3094,-0.2194;5.3888,-2.5161,-0.3331;4.6578,-3.7422,-0.5544;5.1709,-4.8370,0.3813;4.3909,-6.1298,0.1605;4.5042,-6.5805,-1.2927;3.9969,-5.4876,-2.2283;4.7778,-4.1950,-2.0128;5.5931,-0.1358,-0.0650;6.9387,0.1203,-0.0070;7.0286,1.4069,0.1454;5.8198,2.0442,0.1881;5.5437,3.4444,0.3773;4.9598,3.6940,1.7739;4.7523,5.1936,1.9691;6.0683,5.9190,1.6955;6.5751,5.5356,0.3063;6.7471,4.1385,0.1774;4.8816,1.0666,0.0585;3.5487,1.1799,0.0474;6.3970,-2.5386,-0.3688;3.6114,-3.5155,-0.3307;5.0717,-4.5086,1.4173;6.2313,-5.0119,0.1814;3.3404,-5.9633,0.4070;4.7722,-6.9082,0.8242;3.9286,-7.4955,-1.4435;5.5490,-6.8008,-1.5242;2.9388,-5.3043,-2.0319;4.0949,-5.8093,-3.2666;4.3955,-3.4092,-2.6666;5.8315,-4.3564,-2.2549;7.9478,1.9504,0.2216;4.7969,3.7455,-0.3826;5.6644,3.3129,2.5170;4.0205,3.1479,1.8611;4.4081,5.3955,2.9840;3.9869,5.5474,1.2744;6.8111,5.6231,2.4388;5.9356,6.9997,1.7478;7.5593,5.9642,0.1090;5.8688,5.8915,-0.4594;</g>
	</geometry>
	<conformers/>
	<properties/>
</molecule>
