<?xml version="1.0" ?>
<!--MOLLI PACKAGE EXPERIMENTAL XML FORMAT-->
<molecule name="el1687">
	<atoms>
		<a id="1" s="Cl" t="Cl" l="CL"/>
		<a id="2" s="C" t="C.ar" l="C"/>
		<a id="3" s="N" t="N.ar" l="N"/>
		<a id="4" s="C" t="C.ar" l="C"/>
		<a id="5" s="N" t="N.pl3" l="N"/>
		<a id="6" s="C" t="C.3" l="C"/>
		<a id="7" s="C" t="C.3" l="C"/>
		<a id="8" s="C" t="C.3" l="C"/>
		<a id="9" s="C" t="C.3" l="C"/>
		<a id="10" s="N" t="N.3" l="N"/>
		<a id="11" s="C" t="C.3" l="C"/>
		<a id="12" s="C" t="C.3" l="C"/>
		<a id="13" s="O" t="O.3" l="O"/>
		<a id="14" s="C" t="C.3" l="C"/>
		<a id="15" s="C" t="C.3" l="C"/>
		<a id="16" s="C" t="C.3" l="C"/>
		<a id="17" s="C" t="C.3" l="C"/>
		<a id="18" s="C" t="C.ar" l="C"/>
		<a id="19" s="N" t="N.ar" l="N"/>
		<a id="20" s="C" t="C.ar" l="C"/>
		<a id="21" s="N" t="N.ar" l="N"/>
		<a id="22" s="C" t="C.3" l="C"/>
		<a id="23" s="C" t="C.3" l="C"/>
		<a id="24" s="C" t="C.3" l="C"/>
		<a id="25" s="C" t="C.3" l="C"/>
		<a id="26" s="C" t="C.3" l="C"/>
		<a id="27" s="O" t="O.3" l="O"/>
		<a id="28" s="C" t="C.ar" l="C"/>
		<a id="29" s="N" t="N.ar" l="N"/>
		<a id="30" s="H" t="H" l="H"/>
		<a id="31" s="H" t="H" l="H"/>
		<a id="32" s="H" t="H" l="H"/>
		<a id="33" s="H" t="H" l="H"/>
		<a id="34" s="H" t="H" l="H"/>
		<a id="35" s="H" t="H" l="H"/>
		<a id="36" s="H" t="H" l="H"/>
		<a id="37" s="H" t="H" l="H"/>
		<a id="38" s="H" t="H" l="H"/>
		<a id="39" s="H" t="H" l="H"/>
		<a id="40" s="H" t="H" l="H"/>
		<a id="41" s="H" t="H" l="H"/>
		<a id="42" s="H" t="H" l="H"/>
		<a id="43" s="H" t="H" l="H"/>
		<a id="44" s="H" t="H" l="H"/>
		<a id="45" s="H" t="H" l="H"/>
		<a id="46" s="H" t="H" l="H"/>
		<a id="47" s="H" t="H" l="H"/>
		<a id="48" s="H" t="H" l="H"/>
		<a id="49" s="H" t="H" l="H"/>
		<a id="50" s="H" t="H" l="H"/>
		<a id="51" s="H" t="H" l="H"/>
		<a id="52" s="H" t="H" l="H"/>
		<a id="53" s="H" t="H" l="H"/>
		<a id="54" s="H" t="H" l="H"/>
		<a id="55" s="H" t="H" l="H"/>
		<a id="56" s="H" t="H" l="H"/>
		<a id="57" s="H" t="H" l="H"/>
		<a id="58" s="H" t="H" l="H"/>
	</atoms>
	<bonds>
		<b id="1" c="1 2" t="1"/>
		<b id="2" c="2 3" t="ar"/>
		<b id="3" c="3 4" t="ar"/>
		<b id="4" c="4 5" t="1"/>
		<b id="5" c="5 6" t="1"/>
		<b id="6" c="6 7" t="1"/>
		<b id="7" c="7 8" t="1"/>
		<b id="8" c="8 9" t="1"/>
		<b id="9" c="9 10" t="1"/>
		<b id="10" c="10 11" t="1"/>
		<b id="11" c="11 12" t="1"/>
		<b id="12" c="12 13" t="1"/>
		<b id="13" c="13 14" t="1"/>
		<b id="14" c="14 15" t="1"/>
		<b id="15" c="10 15" t="1"/>
		<b id="16" c="9 16" t="1"/>
		<b id="17" c="16 17" t="1"/>
		<b id="18" c="6 17" t="1"/>
		<b id="19" c="4 18" t="ar"/>
		<b id="20" c="18 19" t="ar"/>
		<b id="21" c="19 20" t="ar"/>
		<b id="22" c="20 21" t="ar"/>
		<b id="23" c="21 22" t="1"/>
		<b id="24" c="22 23" t="1"/>
		<b id="25" c="23 24" t="1"/>
		<b id="26" c="24 25" t="1"/>
		<b id="27" c="25 26" t="1"/>
		<b id="28" c="26 27" t="1"/>
		<b id="29" c="22 27" t="1"/>
		<b id="30" c="21 28" t="ar"/>
		<b id="31" c="18 28" t="ar"/>
		<b id="32" c="28 29" t="ar"/>
		<b id="33" c="2 29" t="ar"/>
		<b id="34" c="5 30" t="1"/>
		<b id="35" c="6 31" t="1"/>
		<b id="36" c="7 32" t="1"/>
		<b id="37" c="7 33" t="1"/>
		<b id="38" c="8 34" t="1"/>
		<b id="39" c="8 35" t="1"/>
		<b id="40" c="9 36" t="1"/>
		<b id="41" c="11 37" t="1"/>
		<b id="42" c="11 38" t="1"/>
		<b id="43" c="12 39" t="1"/>
		<b id="44" c="12 40" t="1"/>
		<b id="45" c="14 41" t="1"/>
		<b id="46" c="14 42" t="1"/>
		<b id="47" c="15 43" t="1"/>
		<b id="48" c="15 44" t="1"/>
		<b id="49" c="16 45" t="1"/>
		<b id="50" c="16 46" t="1"/>
		<b id="51" c="17 47" t="1"/>
		<b id="52" c="17 48" t="1"/>
		<b id="53" c="20 49" t="1"/>
		<b id="54" c="22 50" t="1"/>
		<b id="55" c="23 51" t="1"/>
		<b id="56" c="23 52" t="1"/>
		<b id="57" c="24 53" t="1"/>
		<b id="58" c="24 54" t="1"/>
		<b id="59" c="25 55" t="1"/>
		<b id="60" c="25 56" t="1"/>
		<b id="61" c="26 57" t="1"/>
		<b id="62" c="26 58" t="1"/>
	</bonds>
	<geometry>
		<g u="A" t="cart/3d">#58,3:9.3689,-5.3036,-2.3037;8.7283,-3.9236,-1.5307;7.4701,-4.0327,-1.1534;6.8831,-2.9956,-0.5422;5.6122,-3.0881,-0.1415;4.7818,-4.2593,-0.2930;3.6113,-3.9743,-1.2360;2.7223,-5.2067,-1.3915;2.1637,-5.6370,-0.0342;1.3282,-6.8393,-0.0728;0.6455,-7.2034,-1.3017;-0.6268,-6.3797,-1.5477;-1.5204,-6.4947,-0.4598;-0.9009,-6.0929,0.7433;0.3694,-6.9108,1.0197;3.3488,-5.9339,0.8987;4.2486,-4.7153,1.0652;7.6520,-1.8318,-0.3409;7.3987,-0.6112,0.2313;8.5145,0.0439,0.1288;9.5172,-0.6608,-0.4797;10.8599,-0.2316,-0.7560;10.9126,0.6672,-1.9988;12.3490,1.1406,-2.2102;12.8461,1.8138,-0.9324;12.6701,0.8543,0.2439;11.3263,0.4431,0.3877;8.9806,-1.8723,-0.7895;9.5583,-2.9113,-1.4003;5.2246,-2.2703,0.3048;5.4237,-5.0326,-0.7237;3.9965,-3.6749,-2.2123;3.0225,-3.1441,-0.8362;3.3095,-6.0222,-1.8165;1.9133,-4.9643,-2.0824;1.5999,-4.7822,0.3792;0.3531,-8.2538,-1.1922;1.3210,-7.1276,-2.1510;-1.1659,-6.7495,-2.4219;-0.3720,-5.3188,-1.7046;-1.6394,-6.2467,1.5320;-0.6552,-5.0195,0.6905;0.0897,-7.9621,1.1399;0.8329,-6.5673,1.9447;3.9168,-6.7621,0.4735;2.9827,-6.2532,1.8748;5.0836,-4.9549,1.7256;3.6812,-3.8986,1.5206;8.6701,1.0380,0.4959;11.4546,-1.1449,-0.9365;10.2563,1.5252,-1.8355;10.5510,0.1060,-2.8611;12.3961,1.8335,-3.0511;12.9828,0.2813,-2.4419;12.2645,2.7182,-0.7444;13.8970,2.0894,-1.0220;12.9266,1.3339,1.1902;13.3126,-0.0285,0.1033;</g>
	</geometry>
	<conformers/>
	<properties/>
</molecule>
