<?xml version="1.0" ?>
<!--MOLLI PACKAGE EXPERIMENTAL XML FORMAT-->
<molecule name="el1689">
	<atoms>
		<a id="1" s="Cl" t="Cl" l="CL"/>
		<a id="2" s="C" t="C.ar" l="C"/>
		<a id="3" s="N" t="N.ar" l="N"/>
		<a id="4" s="C" t="C.ar" l="C"/>
		<a id="5" s="N" t="N.pl3" l="N"/>
		<a id="6" s="C" t="C.3" l="C"/>
		<a id="7" s="C" t="C.3" l="C"/>
		<a id="8" s="O" t="O.3" l="O"/>
		<a id="9" s="C" t="C.3" l="C"/>
		<a id="10" s="C" t="C.3" l="C"/>
		<a id="11" s="C" t="C.ar" l="C"/>
		<a id="12" s="N" t="N.ar" l="N"/>
		<a id="13" s="C" t="C.ar" l="C"/>
		<a id="14" s="N" t="N.ar" l="N"/>
		<a id="15" s="C" t="C.3" l="C"/>
		<a id="16" s="C" t="C.3" l="C"/>
		<a id="17" s="C" t="C.3" l="C"/>
		<a id="18" s="C" t="C.3" l="C"/>
		<a id="19" s="C" t="C.3" l="C"/>
		<a id="20" s="O" t="O.3" l="O"/>
		<a id="21" s="C" t="C.ar" l="C"/>
		<a id="22" s="N" t="N.ar" l="N"/>
		<a id="23" s="H" t="H" l="H"/>
		<a id="24" s="H" t="H" l="H"/>
		<a id="25" s="H" t="H" l="H"/>
		<a id="26" s="H" t="H" l="H"/>
		<a id="27" s="H" t="H" l="H"/>
		<a id="28" s="H" t="H" l="H"/>
		<a id="29" s="H" t="H" l="H"/>
		<a id="30" s="H" t="H" l="H"/>
		<a id="31" s="H" t="H" l="H"/>
		<a id="32" s="H" t="H" l="H"/>
		<a id="33" s="H" t="H" l="H"/>
		<a id="34" s="H" t="H" l="H"/>
		<a id="35" s="H" t="H" l="H"/>
		<a id="36" s="H" t="H" l="H"/>
		<a id="37" s="H" t="H" l="H"/>
		<a id="38" s="H" t="H" l="H"/>
		<a id="39" s="H" t="H" l="H"/>
		<a id="40" s="H" t="H" l="H"/>
	</atoms>
	<bonds>
		<b id="1" c="1 2" t="1"/>
		<b id="2" c="2 3" t="ar"/>
		<b id="3" c="3 4" t="ar"/>
		<b id="4" c="4 5" t="1"/>
		<b id="5" c="5 6" t="1"/>
		<b id="6" c="6 7" t="1"/>
		<b id="7" c="7 8" t="1"/>
		<b id="8" c="8 9" t="1"/>
		<b id="9" c="9 10" t="1"/>
		<b id="10" c="5 10" t="1"/>
		<b id="11" c="4 11" t="ar"/>
		<b id="12" c="11 12" t="ar"/>
		<b id="13" c="12 13" t="ar"/>
		<b id="14" c="13 14" t="ar"/>
		<b id="15" c="14 15" t="1"/>
		<b id="16" c="15 16" t="1"/>
		<b id="17" c="16 17" t="1"/>
		<b id="18" c="17 18" t="1"/>
		<b id="19" c="18 19" t="1"/>
		<b id="20" c="19 20" t="1"/>
		<b id="21" c="15 20" t="1"/>
		<b id="22" c="14 21" t="ar"/>
		<b id="23" c="11 21" t="ar"/>
		<b id="24" c="21 22" t="ar"/>
		<b id="25" c="2 22" t="ar"/>
		<b id="26" c="6 23" t="1"/>
		<b id="27" c="6 24" t="1"/>
		<b id="28" c="7 25" t="1"/>
		<b id="29" c="7 26" t="1"/>
		<b id="30" c="9 27" t="1"/>
		<b id="31" c="9 28" t="1"/>
		<b id="32" c="10 29" t="1"/>
		<b id="33" c="10 30" t="1"/>
		<b id="34" c="13 31" t="1"/>
		<b id="35" c="15 32" t="1"/>
		<b id="36" c="16 33" t="1"/>
		<b id="37" c="16 34" t="1"/>
		<b id="38" c="17 35" t="1"/>
		<b id="39" c="17 36" t="1"/>
		<b id="40" c="18 37" t="1"/>
		<b id="41" c="18 38" t="1"/>
		<b id="42" c="19 39" t="1"/>
		<b id="43" c="19 40" t="1"/>
	</bonds>
	<geometry>
		<g u="A" t="cart/3d">#40,3:1.2323,0.0498,-0.6031;2.9305,-0.0128,-0.4320;3.4578,-1.2096,-0.5681;4.7869,-1.3697,-0.4476;5.2918,-2.5910,-0.6469;4.4454,-3.7458,-0.8453;4.6136,-4.6937,0.3485;5.9668,-5.0417,0.5373;6.7636,-3.9002,0.7599;6.6790,-2.9247,-0.4214;5.5514,-0.2174,-0.1551;6.8856,0.0304,0.0566;6.9681,1.3085,0.2720;5.7662,1.9520,0.2154;5.4827,3.3472,0.4238;4.9619,3.5920,1.8464;4.7410,5.0896,2.0450;6.0319,5.8337,1.7095;6.4832,5.4509,0.3011;6.6681,4.0556,0.1708;4.8414,0.9900,-0.0500;3.5191,1.1362,-0.1807;4.7587,-4.2562,-1.7624;3.4136,-3.4098,-0.9364;4.0789,-5.6291,0.1781;4.2201,-4.2081,1.2546;7.7847,-4.2609,0.8898;6.4383,-3.3871,1.6779;7.0666,-3.4174,-1.3202;7.2502,-2.0191,-0.2190;7.8800,1.8359,0.4629;4.6978,3.6347,-0.3007;5.7062,3.2251,2.5571;4.0354,3.0337,1.9811;4.4395,5.2912,3.0736;3.9398,5.4282,1.3838;6.8113,5.5544,2.4209;5.8839,6.9123,1.7623;7.4521,5.8916,0.0598;5.7399,5.7937,-0.4347;</g>
	</geometry>
	<conformers/>
	<properties/>
</molecule>
