<?xml version="1.0" ?>
<!--MOLLI PACKAGE EXPERIMENTAL XML FORMAT-->
<molecule name="el1690">
	<atoms>
		<a id="1" s="C" t="C.3" l="C"/>
		<a id="2" s="C" t="C.ar" l="C"/>
		<a id="3" s="N" t="N.ar" l="N"/>
		<a id="4" s="C" t="C.ar" l="C"/>
		<a id="5" s="C" t="C.ar" l="C"/>
		<a id="6" s="C" t="C.ar" l="C"/>
		<a id="7" s="C" t="C.ar" l="C"/>
		<a id="8" s="C" t="C.ar" l="C"/>
		<a id="9" s="Cl" t="Cl" l="CL"/>
		<a id="10" s="N" t="N.ar" l="N"/>
		<a id="11" s="C" t="C.ar" l="C"/>
		<a id="12" s="C" t="C.ar" l="C"/>
		<a id="13" s="C" t="C.ar" l="C"/>
		<a id="14" s="C" t="C.ar" l="C"/>
		<a id="15" s="N" t="N.ar" l="N"/>
		<a id="16" s="N" t="N.ar" l="N"/>
		<a id="17" s="N" t="N.ar" l="N"/>
		<a id="18" s="H" t="H" l="H"/>
		<a id="19" s="H" t="H" l="H"/>
		<a id="20" s="H" t="H" l="H"/>
		<a id="21" s="H" t="H" l="H"/>
		<a id="22" s="H" t="H" l="H"/>
		<a id="23" s="H" t="H" l="H"/>
		<a id="24" s="H" t="H" l="H"/>
		<a id="25" s="H" t="H" l="H"/>
	</atoms>
	<bonds>
		<b id="1" c="1 2" t="1"/>
		<b id="2" c="2 3" t="ar"/>
		<b id="3" c="3 4" t="ar"/>
		<b id="4" c="4 5" t="ar"/>
		<b id="5" c="5 6" t="ar"/>
		<b id="6" c="6 7" t="1"/>
		<b id="7" c="7 8" t="ar"/>
		<b id="8" c="8 9" t="1"/>
		<b id="9" c="8 10" t="ar"/>
		<b id="10" c="10 11" t="ar"/>
		<b id="11" c="11 12" t="ar"/>
		<b id="12" c="12 13" t="ar"/>
		<b id="13" c="13 14" t="ar"/>
		<b id="14" c="14 15" t="ar"/>
		<b id="15" c="15 16" t="ar"/>
		<b id="16" c="7 16" t="ar"/>
		<b id="17" c="11 16" t="ar"/>
		<b id="18" c="6 17" t="ar"/>
		<b id="19" c="2 17" t="ar"/>
		<b id="20" c="1 18" t="1"/>
		<b id="21" c="1 19" t="1"/>
		<b id="22" c="1 20" t="1"/>
		<b id="23" c="4 21" t="1"/>
		<b id="24" c="5 22" t="1"/>
		<b id="25" c="12 23" t="1"/>
		<b id="26" c="13 24" t="1"/>
		<b id="27" c="14 25" t="1"/>
	</bonds>
	<geometry>
		<g u="A" t="cart/3d">#25,3:-0.4260,1.0051,-2.3561;0.2174,0.5676,-1.0839;0.1537,1.3919,-0.0433;0.7419,0.9950,1.0734;1.4012,-0.2165,1.1865;1.4138,-1.0157,0.0377;2.0558,-2.3085,-0.0203;2.1550,-3.2085,-1.0934;1.5272,-3.0084,-2.6408;2.8339,-4.3108,-0.7645;3.1817,-4.1532,0.5027;3.9009,-4.9848,1.3641;4.1084,-4.5451,2.6472;3.5911,-3.2920,3.0247;2.9191,-2.5071,2.2304;2.7203,-2.9312,0.9962;0.8176,-0.6099,-1.0844;-1.2799,1.6402,-2.1414;-0.7222,0.1367,-2.9366;0.2922,1.5798,-2.9386;0.6761,1.6814,1.9086;1.8748,-0.5317,2.0992;4.2640,-5.9303,0.9970;4.6553,-5.1371,3.3619;3.7309,-2.9063,4.0229;</g>
	</geometry>
	<conformers/>
	<properties/>
</molecule>
