<?xml version="1.0" ?>
<!--MOLLI PACKAGE EXPERIMENTAL XML FORMAT-->
<molecule name="el1692">
	<atoms>
		<a id="1" s="C" t="C.3" l="C"/>
		<a id="2" s="C" t="C.2" l="C"/>
		<a id="3" s="O" t="O.2" l="O"/>
		<a id="4" s="N" t="N.am" l="N"/>
		<a id="5" s="C" t="C.ar" l="C"/>
		<a id="6" s="C" t="C.ar" l="C"/>
		<a id="7" s="C" t="C.ar" l="C"/>
		<a id="8" s="C" t="C.ar" l="C"/>
		<a id="9" s="C" t="C.ar" l="C"/>
		<a id="10" s="Cl" t="Cl" l="CL"/>
		<a id="11" s="N" t="N.ar" l="N"/>
		<a id="12" s="C" t="C.ar" l="C"/>
		<a id="13" s="C" t="C.ar" l="C"/>
		<a id="14" s="C" t="C.ar" l="C"/>
		<a id="15" s="C" t="C.ar" l="C"/>
		<a id="16" s="C" t="C.ar" l="C"/>
		<a id="17" s="N" t="N.ar" l="N"/>
		<a id="18" s="N" t="N.ar" l="N"/>
		<a id="19" s="C" t="C.ar" l="C"/>
		<a id="20" s="C" t="C.3" l="C"/>
		<a id="21" s="N" t="N.ar" l="N"/>
		<a id="22" s="H" t="H" l="H"/>
		<a id="23" s="H" t="H" l="H"/>
		<a id="24" s="H" t="H" l="H"/>
		<a id="25" s="H" t="H" l="H"/>
		<a id="26" s="H" t="H" l="H"/>
		<a id="27" s="H" t="H" l="H"/>
		<a id="28" s="H" t="H" l="H"/>
		<a id="29" s="H" t="H" l="H"/>
		<a id="30" s="H" t="H" l="H"/>
		<a id="31" s="H" t="H" l="H"/>
		<a id="32" s="H" t="H" l="H"/>
		<a id="33" s="H" t="H" l="H"/>
	</atoms>
	<bonds>
		<b id="1" c="1 2" t="1"/>
		<b id="2" c="2 3" t="2"/>
		<b id="3" c="2 4" t="am"/>
		<b id="4" c="4 5" t="1"/>
		<b id="5" c="5 6" t="ar"/>
		<b id="6" c="6 7" t="ar"/>
		<b id="7" c="7 8" t="1"/>
		<b id="8" c="8 9" t="ar"/>
		<b id="9" c="9 10" t="1"/>
		<b id="10" c="9 11" t="ar"/>
		<b id="11" c="11 12" t="ar"/>
		<b id="12" c="12 13" t="ar"/>
		<b id="13" c="13 14" t="ar"/>
		<b id="14" c="14 15" t="ar"/>
		<b id="15" c="15 16" t="ar"/>
		<b id="16" c="16 17" t="ar"/>
		<b id="17" c="8 17" t="ar"/>
		<b id="18" c="12 17" t="ar"/>
		<b id="19" c="7 18" t="ar"/>
		<b id="20" c="18 19" t="ar"/>
		<b id="21" c="19 20" t="1"/>
		<b id="22" c="19 21" t="ar"/>
		<b id="23" c="5 21" t="ar"/>
		<b id="24" c="1 22" t="1"/>
		<b id="25" c="1 23" t="1"/>
		<b id="26" c="1 24" t="1"/>
		<b id="27" c="4 25" t="1"/>
		<b id="28" c="6 26" t="1"/>
		<b id="29" c="13 27" t="1"/>
		<b id="30" c="14 28" t="1"/>
		<b id="31" c="15 29" t="1"/>
		<b id="32" c="16 30" t="1"/>
		<b id="33" c="20 31" t="1"/>
		<b id="34" c="20 32" t="1"/>
		<b id="35" c="20 33" t="1"/>
	</bonds>
	<geometry>
		<g u="A" t="cart/3d">#33,3:0.9399,-0.6769,-0.1468;2.3054,-0.1454,0.2283;2.4846,0.8926,0.8139;3.3142,-0.9841,-0.1762;4.6818,-0.8413,-0.0201;5.2878,0.2023,0.6685;6.6835,0.1745,0.7237;7.4446,1.1790,1.4250;7.0549,2.1851,2.3199;5.4976,2.5479,2.8828;8.0930,2.8931,2.7675;9.1640,2.3730,2.1809;10.5061,2.7489,2.2983;11.4483,2.0595,1.5848;11.0583,0.9948,0.7505;9.7470,0.6361,0.6467;8.8139,1.3134,1.3532;7.3741,-0.8064,0.1207;6.7001,-1.7517,-0.5068;7.4890,-2.8282,-1.1783;5.3809,-1.8193,-0.5988;0.1816,0.0346,0.1657;0.7636,-1.6297,0.3477;0.8749,-0.8241,-1.2227;3.0699,-1.8247,-0.6844;4.7025,0.9790,1.1216;10.7506,3.5710,2.9491;12.4913,2.3252,1.6555;11.8001,0.4527,0.1871;9.3820,-0.1734,0.0351;8.4936,-2.8662,-0.7680;7.5497,-2.6177,-2.2452;6.9901,-3.7845,-1.0511;</g>
	</geometry>
	<conformers/>
	<properties/>
</molecule>
