<?xml version="1.0" ?>
<!--MOLLI PACKAGE EXPERIMENTAL XML FORMAT-->
<molecule name="el1695">
	<atoms>
		<a id="1" s="C" t="C.3" l="C"/>
		<a id="2" s="C" t="C.ar" l="C"/>
		<a id="3" s="N" t="N.ar" l="N"/>
		<a id="4" s="C" t="C.ar" l="C"/>
		<a id="5" s="N" t="N.pl3" l="N"/>
		<a id="6" s="C" t="C.ar" l="C"/>
		<a id="7" s="C" t="C.ar" l="C"/>
		<a id="8" s="N" t="N.ar" l="N"/>
		<a id="9" s="C" t="C.ar" l="C"/>
		<a id="10" s="C" t="C.ar" l="C"/>
		<a id="11" s="N" t="N.ar" l="N"/>
		<a id="12" s="C" t="C.ar" l="C"/>
		<a id="13" s="C" t="C.ar" l="C"/>
		<a id="14" s="C" t="C.ar" l="C"/>
		<a id="15" s="C" t="C.ar" l="C"/>
		<a id="16" s="Cl" t="Cl" l="CL"/>
		<a id="17" s="N" t="N.ar" l="N"/>
		<a id="18" s="C" t="C.ar" l="C"/>
		<a id="19" s="C" t="C.ar" l="C"/>
		<a id="20" s="C" t="C.ar" l="C"/>
		<a id="21" s="C" t="C.ar" l="C"/>
		<a id="22" s="N" t="N.ar" l="N"/>
		<a id="23" s="N" t="N.ar" l="N"/>
		<a id="24" s="N" t="N.ar" l="N"/>
		<a id="25" s="H" t="H" l="H"/>
		<a id="26" s="H" t="H" l="H"/>
		<a id="27" s="H" t="H" l="H"/>
		<a id="28" s="H" t="H" l="H"/>
		<a id="29" s="H" t="H" l="H"/>
		<a id="30" s="H" t="H" l="H"/>
		<a id="31" s="H" t="H" l="H"/>
		<a id="32" s="H" t="H" l="H"/>
		<a id="33" s="H" t="H" l="H"/>
		<a id="34" s="H" t="H" l="H"/>
		<a id="35" s="H" t="H" l="H"/>
	</atoms>
	<bonds>
		<b id="1" c="1 2" t="1"/>
		<b id="2" c="2 3" t="ar"/>
		<b id="3" c="3 4" t="ar"/>
		<b id="4" c="4 5" t="1"/>
		<b id="5" c="5 6" t="1"/>
		<b id="6" c="6 7" t="ar"/>
		<b id="7" c="7 8" t="ar"/>
		<b id="8" c="8 9" t="ar"/>
		<b id="9" c="9 10" t="ar"/>
		<b id="10" c="10 11" t="ar"/>
		<b id="11" c="6 11" t="ar"/>
		<b id="12" c="4 12" t="ar"/>
		<b id="13" c="12 13" t="ar"/>
		<b id="14" c="13 14" t="1"/>
		<b id="15" c="14 15" t="ar"/>
		<b id="16" c="15 16" t="1"/>
		<b id="17" c="15 17" t="ar"/>
		<b id="18" c="17 18" t="ar"/>
		<b id="19" c="18 19" t="ar"/>
		<b id="20" c="19 20" t="ar"/>
		<b id="21" c="20 21" t="ar"/>
		<b id="22" c="21 22" t="ar"/>
		<b id="23" c="22 23" t="ar"/>
		<b id="24" c="14 23" t="ar"/>
		<b id="25" c="18 23" t="ar"/>
		<b id="26" c="13 24" t="ar"/>
		<b id="27" c="2 24" t="ar"/>
		<b id="28" c="1 25" t="1"/>
		<b id="29" c="1 26" t="1"/>
		<b id="30" c="1 27" t="1"/>
		<b id="31" c="5 28" t="1"/>
		<b id="32" c="7 29" t="1"/>
		<b id="33" c="9 30" t="1"/>
		<b id="34" c="10 31" t="1"/>
		<b id="35" c="12 32" t="1"/>
		<b id="36" c="19 33" t="1"/>
		<b id="37" c="20 34" t="1"/>
		<b id="38" c="21 35" t="1"/>
	</bonds>
	<geometry>
		<g u="A" t="cart/3d">#35,3:-2.1949,-0.0618,0.6222;-0.7699,-0.0549,0.1821;-0.2620,1.1109,-0.2018;1.0033,1.1252,-0.6100;1.5707,2.3028,-1.0123;1.0417,3.5696,-1.0649;-0.2760,3.9174,-0.7268;-0.6888,5.1642,-0.8089;0.1758,6.0845,-1.2218;1.4754,5.7447,-1.5599;1.9073,4.4956,-1.4825;1.7776,-0.0428,-0.6372;1.1505,-1.2082,-0.2140;1.8166,-2.4902,-0.1830;1.3218,-3.7440,0.2086;-0.2265,-4.0894,0.7662;2.2422,-4.7057,0.0953;3.3306,-4.1087,-0.3623;4.5937,-4.6193,-0.6688;5.5402,-3.7406,-1.1328;5.1922,-2.3847,-1.2743;4.0172,-1.8955,-0.9926;3.1071,-2.7421,-0.5463;-0.1248,-1.2034,0.1955;-2.4574,0.8985,1.0548;-2.3542,-0.8646,1.3351;-2.8336,-0.2380,-0.2419;2.5400,2.2631,-1.3042;-0.9821,3.1745,-0.3924;-0.1907,7.0990,-1.2783;2.1965,6.4752,-1.9008;2.8024,-0.0381,-0.9648;4.7804,-5.6714,-0.5327;6.5341,-4.0688,-1.3875;5.9053,-1.6591,-1.6353;</g>
	</geometry>
	<conformers/>
	<properties/>
</molecule>
