<?xml version="1.0" ?>
<!--MOLLI PACKAGE EXPERIMENTAL XML FORMAT-->
<molecule name="el1696">
	<atoms>
		<a id="1" s="C" t="C.3" l="C"/>
		<a id="2" s="C" t="C.ar" l="C"/>
		<a id="3" s="N" t="N.ar" l="N"/>
		<a id="4" s="C" t="C.ar" l="C"/>
		<a id="5" s="N" t="N.pl3" l="N"/>
		<a id="6" s="C" t="C.ar" l="C"/>
		<a id="7" s="C" t="C.ar" l="C"/>
		<a id="8" s="C" t="C.ar" l="C"/>
		<a id="9" s="C" t="C.ar" l="C"/>
		<a id="10" s="N" t="N.ar" l="N"/>
		<a id="11" s="C" t="C.ar" l="C"/>
		<a id="12" s="C" t="C.ar" l="C"/>
		<a id="13" s="C" t="C.ar" l="C"/>
		<a id="14" s="C" t="C.ar" l="C"/>
		<a id="15" s="C" t="C.ar" l="C"/>
		<a id="16" s="Cl" t="Cl" l="CL"/>
		<a id="17" s="N" t="N.ar" l="N"/>
		<a id="18" s="C" t="C.ar" l="C"/>
		<a id="19" s="C" t="C.ar" l="C"/>
		<a id="20" s="C" t="C.ar" l="C"/>
		<a id="21" s="C" t="C.ar" l="C"/>
		<a id="22" s="N" t="N.ar" l="N"/>
		<a id="23" s="N" t="N.ar" l="N"/>
		<a id="24" s="N" t="N.ar" l="N"/>
		<a id="25" s="H" t="H" l="H"/>
		<a id="26" s="H" t="H" l="H"/>
		<a id="27" s="H" t="H" l="H"/>
		<a id="28" s="H" t="H" l="H"/>
		<a id="29" s="H" t="H" l="H"/>
		<a id="30" s="H" t="H" l="H"/>
		<a id="31" s="H" t="H" l="H"/>
		<a id="32" s="H" t="H" l="H"/>
		<a id="33" s="H" t="H" l="H"/>
		<a id="34" s="H" t="H" l="H"/>
		<a id="35" s="H" t="H" l="H"/>
		<a id="36" s="H" t="H" l="H"/>
	</atoms>
	<bonds>
		<b id="1" c="1 2" t="1"/>
		<b id="2" c="2 3" t="ar"/>
		<b id="3" c="3 4" t="ar"/>
		<b id="4" c="4 5" t="1"/>
		<b id="5" c="5 6" t="1"/>
		<b id="6" c="6 7" t="ar"/>
		<b id="7" c="7 8" t="ar"/>
		<b id="8" c="8 9" t="ar"/>
		<b id="9" c="9 10" t="ar"/>
		<b id="10" c="10 11" t="ar"/>
		<b id="11" c="6 11" t="ar"/>
		<b id="12" c="4 12" t="ar"/>
		<b id="13" c="12 13" t="ar"/>
		<b id="14" c="13 14" t="1"/>
		<b id="15" c="14 15" t="ar"/>
		<b id="16" c="15 16" t="1"/>
		<b id="17" c="15 17" t="ar"/>
		<b id="18" c="17 18" t="ar"/>
		<b id="19" c="18 19" t="ar"/>
		<b id="20" c="19 20" t="ar"/>
		<b id="21" c="20 21" t="ar"/>
		<b id="22" c="21 22" t="ar"/>
		<b id="23" c="22 23" t="ar"/>
		<b id="24" c="14 23" t="ar"/>
		<b id="25" c="18 23" t="ar"/>
		<b id="26" c="13 24" t="ar"/>
		<b id="27" c="2 24" t="ar"/>
		<b id="28" c="1 25" t="1"/>
		<b id="29" c="1 26" t="1"/>
		<b id="30" c="1 27" t="1"/>
		<b id="31" c="5 28" t="1"/>
		<b id="32" c="7 29" t="1"/>
		<b id="33" c="8 30" t="1"/>
		<b id="34" c="9 31" t="1"/>
		<b id="35" c="11 32" t="1"/>
		<b id="36" c="12 33" t="1"/>
		<b id="37" c="19 34" t="1"/>
		<b id="38" c="20 35" t="1"/>
		<b id="39" c="21 36" t="1"/>
	</bonds>
	<geometry>
		<g u="A" t="cart/3d">#36,3:-2.2119,-0.0285,0.5561;-0.7721,-0.0226,0.1661;-0.2405,1.1482,-0.1633;1.0373,1.1631,-0.5323;1.6347,2.3380,-0.8864;1.1255,3.6253,-0.9308;1.9634,4.6532,-1.3694;1.4786,5.9460,-1.4202;0.1674,6.1738,-1.0281;-0.6326,5.2086,-0.6096;-0.1786,3.9729,-0.5598;1.7994,-0.0160,-0.5691;1.1479,-1.1847,-0.2013;1.7987,-2.4759,-0.1847;1.2877,-3.7251,0.1994;-0.2616,-4.0535,0.7655;2.1941,-4.6993,0.0755;3.2884,-4.1147,-0.3832;4.5419,-4.6413,-0.7010;5.4984,-3.7733,-1.1646;5.1694,-2.4116,-1.2942;4.0038,-1.9062,-1.0013;3.0837,-2.7428,-0.5550;-0.1407,-1.1791,0.1657;-2.4992,0.9444,0.9443;-2.3891,-0.8081,1.2913;-2.8173,-0.2455,-0.3236;2.6034,2.2525,-1.1671;2.9812,4.4334,-1.6657;2.1056,6.7573,-1.7564;-0.2618,7.1663,-1.0476;-0.8658,3.2167,-0.2151;2.8344,-0.0155,-0.8644;4.7140,-5.6970,-0.5737;6.4859,-4.1139,-1.4281;5.8914,-1.6949,-1.6557;</g>
	</geometry>
	<conformers/>
	<properties/>
</molecule>
