<?xml version="1.0" ?>
<!--MOLLI PACKAGE EXPERIMENTAL XML FORMAT-->
<molecule name="el1699">
	<atoms>
		<a id="1" s="C" t="C.3" l="C"/>
		<a id="2" s="C" t="C.ar" l="C"/>
		<a id="3" s="N" t="N.ar" l="N"/>
		<a id="4" s="C" t="C.ar" l="C"/>
		<a id="5" s="N" t="N.pl3" l="N"/>
		<a id="6" s="C" t="C.ar" l="C"/>
		<a id="7" s="C" t="C.ar" l="C"/>
		<a id="8" s="N" t="N.ar" l="N"/>
		<a id="9" s="N" t="N.ar" l="N"/>
		<a id="10" s="C" t="C.3" l="C"/>
		<a id="11" s="C" t="C.3" l="C"/>
		<a id="12" s="C" t="C.3" l="C"/>
		<a id="13" s="O" t="O.3" l="O"/>
		<a id="14" s="C" t="C.3" l="C"/>
		<a id="15" s="C" t="C.ar" l="C"/>
		<a id="16" s="C" t="C.ar" l="C"/>
		<a id="17" s="C" t="C.ar" l="C"/>
		<a id="18" s="C" t="C.ar" l="C"/>
		<a id="19" s="C" t="C.ar" l="C"/>
		<a id="20" s="Cl" t="Cl" l="CL"/>
		<a id="21" s="N" t="N.ar" l="N"/>
		<a id="22" s="C" t="C.ar" l="C"/>
		<a id="23" s="C" t="C.ar" l="C"/>
		<a id="24" s="C" t="C.ar" l="C"/>
		<a id="25" s="C" t="C.ar" l="C"/>
		<a id="26" s="N" t="N.ar" l="N"/>
		<a id="27" s="N" t="N.ar" l="N"/>
		<a id="28" s="N" t="N.ar" l="N"/>
		<a id="29" s="H" t="H" l="H"/>
		<a id="30" s="H" t="H" l="H"/>
		<a id="31" s="H" t="H" l="H"/>
		<a id="32" s="H" t="H" l="H"/>
		<a id="33" s="H" t="H" l="H"/>
		<a id="34" s="H" t="H" l="H"/>
		<a id="35" s="H" t="H" l="H"/>
		<a id="36" s="H" t="H" l="H"/>
		<a id="37" s="H" t="H" l="H"/>
		<a id="38" s="H" t="H" l="H"/>
		<a id="39" s="H" t="H" l="H"/>
		<a id="40" s="H" t="H" l="H"/>
		<a id="41" s="H" t="H" l="H"/>
		<a id="42" s="H" t="H" l="H"/>
		<a id="43" s="H" t="H" l="H"/>
		<a id="44" s="H" t="H" l="H"/>
		<a id="45" s="H" t="H" l="H"/>
	</atoms>
	<bonds>
		<b id="1" c="1 2" t="1"/>
		<b id="2" c="2 3" t="ar"/>
		<b id="3" c="3 4" t="ar"/>
		<b id="4" c="4 5" t="1"/>
		<b id="5" c="5 6" t="1"/>
		<b id="6" c="6 7" t="ar"/>
		<b id="7" c="7 8" t="ar"/>
		<b id="8" c="8 9" t="ar"/>
		<b id="9" c="9 10" t="1"/>
		<b id="10" c="10 11" t="1"/>
		<b id="11" c="11 12" t="1"/>
		<b id="12" c="12 13" t="1"/>
		<b id="13" c="13 14" t="1"/>
		<b id="14" c="10 14" t="1"/>
		<b id="15" c="9 15" t="ar"/>
		<b id="16" c="6 15" t="ar"/>
		<b id="17" c="4 16" t="ar"/>
		<b id="18" c="16 17" t="ar"/>
		<b id="19" c="17 18" t="1"/>
		<b id="20" c="18 19" t="ar"/>
		<b id="21" c="19 20" t="1"/>
		<b id="22" c="19 21" t="ar"/>
		<b id="23" c="21 22" t="ar"/>
		<b id="24" c="22 23" t="ar"/>
		<b id="25" c="23 24" t="ar"/>
		<b id="26" c="24 25" t="ar"/>
		<b id="27" c="25 26" t="ar"/>
		<b id="28" c="26 27" t="ar"/>
		<b id="29" c="18 27" t="ar"/>
		<b id="30" c="22 27" t="ar"/>
		<b id="31" c="17 28" t="ar"/>
		<b id="32" c="2 28" t="ar"/>
		<b id="33" c="1 29" t="1"/>
		<b id="34" c="1 30" t="1"/>
		<b id="35" c="1 31" t="1"/>
		<b id="36" c="5 32" t="1"/>
		<b id="37" c="7 33" t="1"/>
		<b id="38" c="10 34" t="1"/>
		<b id="39" c="11 35" t="1"/>
		<b id="40" c="11 36" t="1"/>
		<b id="41" c="12 37" t="1"/>
		<b id="42" c="12 38" t="1"/>
		<b id="43" c="14 39" t="1"/>
		<b id="44" c="14 40" t="1"/>
		<b id="45" c="15 41" t="1"/>
		<b id="46" c="16 42" t="1"/>
		<b id="47" c="23 43" t="1"/>
		<b id="48" c="24 44" t="1"/>
		<b id="49" c="25 45" t="1"/>
	</bonds>
	<geometry>
		<g u="A" t="cart/3d">#45,3:-2.5632,-0.6437,0.4438;-1.0736,-0.5594,0.3845;-0.5451,0.6392,0.1836;0.7842,0.7258,0.1300;1.3632,1.9331,-0.0834;0.7277,3.1534,-0.2601;-0.6392,3.4830,-0.1728;-0.8184,4.7679,-0.4060;0.3821,5.2826,-0.6412;0.5394,6.6775,-0.9425;1.0904,6.9032,-2.3681;2.4660,7.5535,-2.1288;2.8183,7.2458,-0.7969;1.6247,7.3289,-0.0570;1.3558,4.3463,-0.5673;1.5949,-0.4124,0.2855;0.9376,-1.6151,0.4921;1.6345,-2.8737,0.6473;1.1202,-4.1694,0.6471;-0.4859,-4.6355,0.4381;2.0868,-5.0922,0.8123;3.2174,-4.4440,0.8990;4.5430,-4.6782,1.3649;5.3201,-3.6806,0.7653;5.0856,-2.3769,1.3768;3.8495,-2.0706,1.2058;2.9922,-3.0382,0.7889;-0.3999,-1.6833,0.5391;-2.9982,0.3169,0.1864;-2.8703,-0.9292,1.4489;-2.9132,-1.4135,-0.2407;2.3715,1.9501,-0.1317;-1.4590,2.8333,0.0459;-0.4427,7.1288,-0.7910;0.4411,7.5455,-2.9571;1.1909,5.9480,-2.8809;2.3985,8.6439,-2.2529;3.2523,7.1685,-2.7786;1.3649,8.3800,0.1344;1.7701,6.8114,0.8911;2.3884,4.5891,-0.7184;2.6693,-0.3466,0.2491;4.7143,-5.0990,2.3426;5.0301,-3.5745,-0.2966;5.7398,-1.6780,1.8658;</g>
	</geometry>
	<conformers/>
	<properties/>
</molecule>
