<?xml version="1.0" ?>
<!--MOLLI PACKAGE EXPERIMENTAL XML FORMAT-->
<molecule name="el1250">
	<atoms>
		<a id="1" s="C" t="C.3" l="C"/>
		<a id="2" s="O" t="O.3" l="O"/>
		<a id="3" s="C" t="C.ar" l="C"/>
		<a id="4" s="C" t="C.ar" l="C"/>
		<a id="5" s="C" t="C.ar" l="C"/>
		<a id="6" s="O" t="O.3" l="O"/>
		<a id="7" s="C" t="C.3" l="C"/>
		<a id="8" s="C" t="C.ar" l="C"/>
		<a id="9" s="C" t="C.ar" l="C"/>
		<a id="10" s="O" t="O.3" l="O"/>
		<a id="11" s="C" t="C.ar" l="C"/>
		<a id="12" s="N" t="N.ar" l="N"/>
		<a id="13" s="C" t="C.ar" l="C"/>
		<a id="14" s="C" t="C.ar" l="C"/>
		<a id="15" s="Br" t="Br" l="BR"/>
		<a id="16" s="C" t="C.ar" l="C"/>
		<a id="17" s="N" t="N.ar" l="N"/>
		<a id="18" s="C" t="C.ar" l="C"/>
		<a id="19" s="H" t="H" l="H"/>
		<a id="20" s="H" t="H" l="H"/>
		<a id="21" s="H" t="H" l="H"/>
		<a id="22" s="H" t="H" l="H"/>
		<a id="23" s="H" t="H" l="H"/>
		<a id="24" s="H" t="H" l="H"/>
		<a id="25" s="H" t="H" l="H"/>
		<a id="26" s="H" t="H" l="H"/>
		<a id="27" s="H" t="H" l="H"/>
		<a id="28" s="H" t="H" l="H"/>
		<a id="29" s="H" t="H" l="H"/>
	</atoms>
	<bonds>
		<b id="1" c="1 2" t="1"/>
		<b id="2" c="2 3" t="1"/>
		<b id="3" c="3 4" t="ar"/>
		<b id="4" c="4 5" t="ar"/>
		<b id="5" c="5 6" t="1"/>
		<b id="6" c="6 7" t="1"/>
		<b id="7" c="5 8" t="ar"/>
		<b id="8" c="8 9" t="ar"/>
		<b id="9" c="9 10" t="1"/>
		<b id="10" c="10 11" t="1"/>
		<b id="11" c="11 12" t="ar"/>
		<b id="12" c="12 13" t="ar"/>
		<b id="13" c="13 14" t="ar"/>
		<b id="14" c="14 15" t="1"/>
		<b id="15" c="14 16" t="ar"/>
		<b id="16" c="16 17" t="ar"/>
		<b id="17" c="11 17" t="ar"/>
		<b id="18" c="9 18" t="ar"/>
		<b id="19" c="3 18" t="ar"/>
		<b id="20" c="1 19" t="1"/>
		<b id="21" c="1 20" t="1"/>
		<b id="22" c="1 21" t="1"/>
		<b id="23" c="4 22" t="1"/>
		<b id="24" c="7 23" t="1"/>
		<b id="25" c="7 24" t="1"/>
		<b id="26" c="7 25" t="1"/>
		<b id="27" c="8 26" t="1"/>
		<b id="28" c="13 27" t="1"/>
		<b id="29" c="16 28" t="1"/>
		<b id="30" c="18 29" t="1"/>
	</bonds>
	<geometry>
		<g u="A" t="cart/3d">#29,3:1.4700,-0.0077,-0.4492;2.6939,0.0781,0.2403;3.3030,-1.0653,0.6470;2.7981,-2.3442,0.4310;3.5033,-3.4503,0.8946;3.0938,-4.7364,0.7449;1.8757,-4.9944,0.0883;4.7110,-3.2844,1.5695;5.2045,-2.0077,1.7670;6.3588,-1.7565,2.4919;7.4501,-2.4839,2.3321;7.5366,-3.3727,1.3457;8.6685,-4.0328,1.2158;9.7336,-3.8147,2.0776;11.3614,-4.7616,1.8960;9.5513,-2.8693,3.0815;8.4213,-2.2115,3.2052;4.5107,-0.8964,1.3183;1.1872,1.0197,-0.6724;0.6914,-0.4696,0.1667;1.5728,-0.5638,-1.3868;1.8652,-2.4775,-0.0892;1.7629,-6.0770,0.0959;1.8931,-4.6422,-0.9479;1.0299,-4.5413,0.6150;5.2340,-4.1559,1.9226;8.7174,-4.7479,0.4056;10.3267,-2.6376,3.7996;4.8944,0.0951,1.4858;</g>
	</geometry>
	<conformers/>
	<properties/>
</molecule>
