<?xml version="1.0" ?>
<!--MOLLI PACKAGE EXPERIMENTAL XML FORMAT-->
<molecule name="el1251">
	<atoms>
		<a id="1" s="O" t="O.2" l="O"/>
		<a id="2" s="C" t="C.2" l="C"/>
		<a id="3" s="N" t="N.am" l="N"/>
		<a id="4" s="C" t="C.ar" l="C"/>
		<a id="5" s="C" t="C.ar" l="C"/>
		<a id="6" s="C" t="C.ar" l="C"/>
		<a id="7" s="F" t="F" l="F"/>
		<a id="8" s="C" t="C.ar" l="C"/>
		<a id="9" s="C" t="C.ar" l="C"/>
		<a id="10" s="C" t="C.ar" l="C"/>
		<a id="11" s="C" t="C.ar" l="C"/>
		<a id="12" s="C" t="C.ar" l="C"/>
		<a id="13" s="N" t="N.ar" l="N"/>
		<a id="14" s="C" t="C.ar" l="C"/>
		<a id="15" s="C" t="C.ar" l="C"/>
		<a id="16" s="C" t="C.ar" l="C"/>
		<a id="17" s="S" t="S.2" l="S"/>
		<a id="18" s="C" t="C.ar" l="C"/>
		<a id="19" s="Br" t="Br" l="BR"/>
		<a id="20" s="N" t="N.ar" l="N"/>
		<a id="21" s="H" t="H" l="H"/>
		<a id="22" s="H" t="H" l="H"/>
		<a id="23" s="H" t="H" l="H"/>
		<a id="24" s="H" t="H" l="H"/>
		<a id="25" s="H" t="H" l="H"/>
		<a id="26" s="H" t="H" l="H"/>
		<a id="27" s="H" t="H" l="H"/>
	</atoms>
	<bonds>
		<b id="1" c="1 2" t="2"/>
		<b id="2" c="2 3" t="am"/>
		<b id="3" c="3 4" t="1"/>
		<b id="4" c="4 5" t="ar"/>
		<b id="5" c="5 6" t="ar"/>
		<b id="6" c="6 7" t="1"/>
		<b id="7" c="6 8" t="ar"/>
		<b id="8" c="8 9" t="ar"/>
		<b id="9" c="9 10" t="ar"/>
		<b id="10" c="10 11" t="ar"/>
		<b id="11" c="11 12" t="ar"/>
		<b id="12" c="12 13" t="ar"/>
		<b id="13" c="13 14" t="ar"/>
		<b id="14" c="4 14" t="ar"/>
		<b id="15" c="9 14" t="ar"/>
		<b id="16" c="2 15" t="1"/>
		<b id="17" c="15 16" t="ar"/>
		<b id="18" c="16 17" t="ar"/>
		<b id="19" c="17 18" t="ar"/>
		<b id="20" c="18 19" t="1"/>
		<b id="21" c="18 20" t="ar"/>
		<b id="22" c="15 20" t="ar"/>
		<b id="23" c="3 21" t="1"/>
		<b id="24" c="5 22" t="1"/>
		<b id="25" c="8 23" t="1"/>
		<b id="26" c="10 24" t="1"/>
		<b id="27" c="11 25" t="1"/>
		<b id="28" c="12 26" t="1"/>
		<b id="29" c="16 27" t="1"/>
	</bonds>
	<geometry>
		<g u="A" t="cart/3d">#27,3:1.1679,0.0304,1.1686;2.1685,0.0519,0.4833;2.5531,1.0622,-0.3379;1.9249,2.2687,-0.5766;0.7636,2.6828,0.0326;0.2347,3.9362,-0.2980;-0.9019,4.3144,0.3175;0.8118,4.7819,-1.2038;2.0004,4.3777,-1.8422;2.6792,5.1663,-2.7955;3.8285,4.6899,-3.3668;4.3001,3.4237,-2.9810;3.7005,2.6674,-2.1027;2.5670,3.1148,-1.5305;3.1386,-1.0738,0.4606;2.9975,-2.2330,1.1710;4.3217,-3.2838,0.8996;4.9794,-2.0598,-0.1722;6.5979,-2.3121,-1.0492;4.2697,-1.0017,-0.2930;3.4140,0.9476,-0.8711;0.2602,2.0608,0.7539;0.3674,5.7389,-1.4270;2.2800,6.1349,-3.0604;4.3717,5.2652,-4.0999;5.2061,3.0180,-3.4121;2.1899,-2.4967,1.8233;</g>
	</geometry>
	<conformers/>
	<properties/>
</molecule>
