<?xml version="1.0" ?>
<!--MOLLI PACKAGE EXPERIMENTAL XML FORMAT-->
<molecule name="el1252">
	<atoms>
		<a id="1" s="C" t="C.3" l="C"/>
		<a id="2" s="C" t="C.3" l="C"/>
		<a id="3" s="C" t="C.3" l="C"/>
		<a id="4" s="O" t="O.3" l="O"/>
		<a id="5" s="C" t="C.3" l="C"/>
		<a id="6" s="C" t="C.3" l="C"/>
		<a id="7" s="N" t="N.ar" l="N"/>
		<a id="8" s="C" t="C.ar" l="C"/>
		<a id="9" s="C" t="C.ar" l="C"/>
		<a id="10" s="C" t="C.ar" l="C"/>
		<a id="11" s="C" t="C.ar" l="C"/>
		<a id="12" s="Br" t="Br" l="BR"/>
		<a id="13" s="C" t="C.ar" l="C"/>
		<a id="14" s="C" t="C.ar" l="C"/>
		<a id="15" s="N" t="N.pl3" l="N"/>
		<a id="16" s="O" t="O.2" l="O"/>
		<a id="17" s="O" t="O.co2" l="O"/>
		<a id="18" s="C" t="C.ar" l="C"/>
		<a id="19" s="N" t="N.ar" l="N"/>
		<a id="20" s="H" t="H" l="H"/>
		<a id="21" s="H" t="H" l="H"/>
		<a id="22" s="H" t="H" l="H"/>
		<a id="23" s="H" t="H" l="H"/>
		<a id="24" s="H" t="H" l="H"/>
		<a id="25" s="H" t="H" l="H"/>
		<a id="26" s="H" t="H" l="H"/>
		<a id="27" s="H" t="H" l="H"/>
		<a id="28" s="H" t="H" l="H"/>
		<a id="29" s="H" t="H" l="H"/>
		<a id="30" s="H" t="H" l="H"/>
		<a id="31" s="H" t="H" l="H"/>
		<a id="32" s="H" t="H" l="H"/>
		<a id="33" s="H" t="H" l="H"/>
	</atoms>
	<bonds>
		<b id="1" c="1 2" t="1"/>
		<b id="2" c="2 3" t="1"/>
		<b id="3" c="2 4" t="1"/>
		<b id="4" c="2 5" t="1"/>
		<b id="5" c="5 6" t="1"/>
		<b id="6" c="6 7" t="1"/>
		<b id="7" c="7 8" t="ar"/>
		<b id="8" c="8 9" t="ar"/>
		<b id="9" c="9 10" t="ar"/>
		<b id="10" c="10 11" t="ar"/>
		<b id="11" c="11 12" t="1"/>
		<b id="12" c="11 13" t="ar"/>
		<b id="13" c="13 14" t="ar"/>
		<b id="14" c="14 15" t="1"/>
		<b id="15" c="15 16" t="2"/>
		<b id="16" c="15 17" t="1"/>
		<b id="17" c="14 18" t="ar"/>
		<b id="18" c="9 18" t="ar"/>
		<b id="19" c="18 19" t="ar"/>
		<b id="20" c="7 19" t="ar"/>
		<b id="21" c="1 20" t="1"/>
		<b id="22" c="1 21" t="1"/>
		<b id="23" c="1 22" t="1"/>
		<b id="24" c="3 23" t="1"/>
		<b id="25" c="3 24" t="1"/>
		<b id="26" c="3 25" t="1"/>
		<b id="27" c="4 26" t="1"/>
		<b id="28" c="5 27" t="1"/>
		<b id="29" c="5 28" t="1"/>
		<b id="30" c="6 29" t="1"/>
		<b id="31" c="6 30" t="1"/>
		<b id="32" c="8 31" t="1"/>
		<b id="33" c="10 32" t="1"/>
		<b id="34" c="13 33" t="1"/>
	</bonds>
	<geometry>
		<g u="A" t="cart/3d">#33,3:1.1412,-0.1947,0.2503;2.6489,0.0122,0.0631;2.9103,1.3950,-0.5448;3.3204,-0.1139,1.3094;3.2017,-1.1121,-0.8265;4.7173,-1.0116,-1.0239;5.2071,-2.1940,-1.6760;5.7117,-3.2847,-1.0910;5.9825,-4.1925,-2.1172;6.5087,-5.4863,-2.1859;6.6136,-6.0634,-3.4276;7.3210,-7.8250,-3.5804;6.2167,-5.4071,-4.6004;5.6990,-4.1322,-4.5561;5.2966,-3.4893,-5.7766;5.4063,-4.1315,-6.8035;4.8764,-2.3570,-5.7149;5.5710,-3.4911,-3.3067;5.1081,-2.2863,-2.9894;0.7302,0.5757,0.9004;0.9488,-1.1647,0.7022;0.6318,-0.1457,-0.7075;2.3770,2.1592,0.0178;2.5706,1.4263,-1.5755;3.9711,1.6286,-0.5132;2.9691,0.5479,1.9145;2.7076,-1.0944,-1.7972;2.9785,-2.0628,-0.3375;5.2020,-0.9046,-0.0523;4.9579,-0.1633,-1.6658;5.8511,-3.3572,-0.0323;6.8181,-6.0096,-1.2948;6.3117,-5.8977,-5.5580;</g>
	</geometry>
	<conformers/>
	<properties/>
</molecule>
