<?xml version="1.0" ?>
<!--MOLLI PACKAGE EXPERIMENTAL XML FORMAT-->
<molecule name="el1253">
	<atoms>
		<a id="1" s="C" t="C.3" l="C"/>
		<a id="2" s="O" t="O.3" l="O"/>
		<a id="3" s="C" t="C.ar" l="C"/>
		<a id="4" s="C" t="C.ar" l="C"/>
		<a id="5" s="C" t="C.ar" l="C"/>
		<a id="6" s="C" t="C.ar" l="C"/>
		<a id="7" s="C" t="C.3" l="C"/>
		<a id="8" s="N" t="N.pl3" l="N"/>
		<a id="9" s="C" t="C.ar" l="C"/>
		<a id="10" s="C" t="C.ar" l="C"/>
		<a id="11" s="C" t="C.ar" l="C"/>
		<a id="12" s="C" t="C.ar" l="C"/>
		<a id="13" s="Br" t="Br" l="BR"/>
		<a id="14" s="C" t="C.ar" l="C"/>
		<a id="15" s="C" t="C.ar" l="C"/>
		<a id="16" s="C" t="C.ar" l="C"/>
		<a id="17" s="C" t="C.ar" l="C"/>
		<a id="18" s="C" t="C.ar" l="C"/>
		<a id="19" s="C" t="C.ar" l="C"/>
		<a id="20" s="S" t="S.O2" l="S"/>
		<a id="21" s="O" t="O.2" l="O"/>
		<a id="22" s="O" t="O.2" l="O"/>
		<a id="23" s="C" t="C.ar" l="C"/>
		<a id="24" s="C" t="C.ar" l="C"/>
		<a id="25" s="C" t="C.ar" l="C"/>
		<a id="26" s="C" t="C.ar" l="C"/>
		<a id="27" s="O" t="O.3" l="O"/>
		<a id="28" s="C" t="C.3" l="C"/>
		<a id="29" s="C" t="C.ar" l="C"/>
		<a id="30" s="C" t="C.ar" l="C"/>
		<a id="31" s="C" t="C.ar" l="C"/>
		<a id="32" s="C" t="C.ar" l="C"/>
		<a id="33" s="H" t="H" l="H"/>
		<a id="34" s="H" t="H" l="H"/>
		<a id="35" s="H" t="H" l="H"/>
		<a id="36" s="H" t="H" l="H"/>
		<a id="37" s="H" t="H" l="H"/>
		<a id="38" s="H" t="H" l="H"/>
		<a id="39" s="H" t="H" l="H"/>
		<a id="40" s="H" t="H" l="H"/>
		<a id="41" s="H" t="H" l="H"/>
		<a id="42" s="H" t="H" l="H"/>
		<a id="43" s="H" t="H" l="H"/>
		<a id="44" s="H" t="H" l="H"/>
		<a id="45" s="H" t="H" l="H"/>
		<a id="46" s="H" t="H" l="H"/>
		<a id="47" s="H" t="H" l="H"/>
		<a id="48" s="H" t="H" l="H"/>
		<a id="49" s="H" t="H" l="H"/>
		<a id="50" s="H" t="H" l="H"/>
		<a id="51" s="H" t="H" l="H"/>
		<a id="52" s="H" t="H" l="H"/>
		<a id="53" s="H" t="H" l="H"/>
		<a id="54" s="H" t="H" l="H"/>
	</atoms>
	<bonds>
		<b id="1" c="1 2" t="1"/>
		<b id="2" c="2 3" t="1"/>
		<b id="3" c="3 4" t="ar"/>
		<b id="4" c="4 5" t="ar"/>
		<b id="5" c="5 6" t="ar"/>
		<b id="6" c="6 7" t="1"/>
		<b id="7" c="7 8" t="1"/>
		<b id="8" c="8 9" t="1"/>
		<b id="9" c="9 10" t="ar"/>
		<b id="10" c="10 11" t="ar"/>
		<b id="11" c="11 12" t="ar"/>
		<b id="12" c="12 13" t="1"/>
		<b id="13" c="12 14" t="ar"/>
		<b id="14" c="14 15" t="ar"/>
		<b id="15" c="15 16" t="ar"/>
		<b id="16" c="16 17" t="ar"/>
		<b id="17" c="17 18" t="ar"/>
		<b id="18" c="18 19" t="ar"/>
		<b id="19" c="9 19" t="ar"/>
		<b id="20" c="14 19" t="ar"/>
		<b id="21" c="8 20" t="1"/>
		<b id="22" c="20 21" t="2"/>
		<b id="23" c="20 22" t="2"/>
		<b id="24" c="20 23" t="1"/>
		<b id="25" c="23 24" t="ar"/>
		<b id="26" c="24 25" t="ar"/>
		<b id="27" c="25 26" t="ar"/>
		<b id="28" c="26 27" t="1"/>
		<b id="29" c="27 28" t="1"/>
		<b id="30" c="26 29" t="ar"/>
		<b id="31" c="29 30" t="ar"/>
		<b id="32" c="23 30" t="ar"/>
		<b id="33" c="6 31" t="ar"/>
		<b id="34" c="31 32" t="ar"/>
		<b id="35" c="3 32" t="ar"/>
		<b id="36" c="1 33" t="1"/>
		<b id="37" c="1 34" t="1"/>
		<b id="38" c="1 35" t="1"/>
		<b id="39" c="4 36" t="1"/>
		<b id="40" c="5 37" t="1"/>
		<b id="41" c="7 38" t="1"/>
		<b id="42" c="7 39" t="1"/>
		<b id="43" c="10 40" t="1"/>
		<b id="44" c="11 41" t="1"/>
		<b id="45" c="15 42" t="1"/>
		<b id="46" c="16 43" t="1"/>
		<b id="47" c="17 44" t="1"/>
		<b id="48" c="18 45" t="1"/>
		<b id="49" c="24 46" t="1"/>
		<b id="50" c="25 47" t="1"/>
		<b id="51" c="28 48" t="1"/>
		<b id="52" c="28 49" t="1"/>
		<b id="53" c="28 50" t="1"/>
		<b id="54" c="29 51" t="1"/>
		<b id="55" c="30 52" t="1"/>
		<b id="56" c="31 53" t="1"/>
		<b id="57" c="32 54" t="1"/>
	</bonds>
	<geometry>
		<g u="A" t="cart/3d">#54,3:0.3424,1.2428,-3.3949;1.5927,0.9644,-2.8134;2.3899,2.0061,-2.4526;2.0821,3.3502,-2.6377;2.9759,4.3247,-2.2305;4.1801,3.9916,-1.6293;5.1195,5.0755,-1.1762;4.4059,6.0699,-0.3900;3.5612,5.6055,0.6432;3.8970,4.5528,1.4580;3.0487,4.1618,2.4984;1.8836,4.8410,2.7225;0.7897,4.2788,4.1734;1.4781,5.9209,1.9069;0.2759,6.6321,2.0945;-0.0770,7.6482,1.2513;0.7482,7.9895,0.1705;1.9251,7.3253,-0.0316;2.3343,6.2927,0.8344;5.4056,7.3509,0.1082;4.6938,8.1036,1.0953;6.7021,6.8295,0.4401;5.5301,8.3072,-1.3945;4.5949,9.2901,-1.6448;4.6491,10.0177,-2.8213;5.6528,9.7533,-3.7532;5.7992,10.3956,-4.9341;4.9292,11.4632,-5.2432;6.6056,8.7656,-3.4765;6.5462,8.0502,-2.3004;4.4813,2.6476,-1.4443;3.6039,1.6662,-1.8538;-0.1230,0.2740,-3.5678;0.4504,1.7672,-4.3497;-0.2901,1.8333,-2.7250;1.1535,3.6510,-3.0968;2.7286,5.3658,-2.3754;5.5194,5.6135,-2.0432;5.9691,4.6577,-0.6220;4.8276,4.0267,1.3189;3.3296,3.3353,3.1339;-0.3701,6.3634,2.9174;-1.0001,8.1855,1.4092;0.4425,8.7774,-0.5028;2.5665,7.5660,-0.8648;3.8433,9.4933,-0.8987;3.9134,10.7851,-2.9992;5.2632,11.8418,-6.2079;4.9977,12.2618,-4.4965;3.8904,11.1270,-5.3276;7.3831,8.5896,-4.2023;7.2910,7.3085,-2.0572;5.4154,2.3657,-0.9802;3.8315,0.6209,-1.7169;</g>
	</geometry>
	<conformers/>
	<properties/>
</molecule>
