<?xml version="1.0" ?>
<!--MOLLI PACKAGE EXPERIMENTAL XML FORMAT-->
<molecule name="el1254">
	<atoms>
		<a id="1" s="C" t="C.3" l="C"/>
		<a id="2" s="O" t="O.3" l="O"/>
		<a id="3" s="C" t="C.ar" l="C"/>
		<a id="4" s="C" t="C.ar" l="C"/>
		<a id="5" s="C" t="C.ar" l="C"/>
		<a id="6" s="C" t="C.ar" l="C"/>
		<a id="7" s="S" t="S.O2" l="S"/>
		<a id="8" s="O" t="O.2" l="O"/>
		<a id="9" s="O" t="O.2" l="O"/>
		<a id="10" s="N" t="N.am" l="N"/>
		<a id="11" s="C" t="C.2" l="C"/>
		<a id="12" s="O" t="O.2" l="O"/>
		<a id="13" s="O" t="O.3" l="O"/>
		<a id="14" s="C" t="C.3" l="C"/>
		<a id="15" s="C" t="C.3" l="C"/>
		<a id="16" s="C" t="C.3" l="C"/>
		<a id="17" s="C" t="C.3" l="C"/>
		<a id="18" s="C" t="C.2" l="C"/>
		<a id="19" s="O" t="O.2" l="O"/>
		<a id="20" s="C" t="C.ar" l="C"/>
		<a id="21" s="C" t="C.ar" l="C"/>
		<a id="22" s="C" t="C.ar" l="C"/>
		<a id="23" s="C" t="C.ar" l="C"/>
		<a id="24" s="Br" t="Br" l="BR"/>
		<a id="25" s="C" t="C.ar" l="C"/>
		<a id="26" s="C" t="C.ar" l="C"/>
		<a id="27" s="C" t="C.ar" l="C"/>
		<a id="28" s="C" t="C.ar" l="C"/>
		<a id="29" s="C" t="C.ar" l="C"/>
		<a id="30" s="C" t="C.ar" l="C"/>
		<a id="31" s="C" t="C.ar" l="C"/>
		<a id="32" s="C" t="C.ar" l="C"/>
		<a id="33" s="H" t="H" l="H"/>
		<a id="34" s="H" t="H" l="H"/>
		<a id="35" s="H" t="H" l="H"/>
		<a id="36" s="H" t="H" l="H"/>
		<a id="37" s="H" t="H" l="H"/>
		<a id="38" s="H" t="H" l="H"/>
		<a id="39" s="H" t="H" l="H"/>
		<a id="40" s="H" t="H" l="H"/>
		<a id="41" s="H" t="H" l="H"/>
		<a id="42" s="H" t="H" l="H"/>
		<a id="43" s="H" t="H" l="H"/>
		<a id="44" s="H" t="H" l="H"/>
		<a id="45" s="H" t="H" l="H"/>
		<a id="46" s="H" t="H" l="H"/>
		<a id="47" s="H" t="H" l="H"/>
		<a id="48" s="H" t="H" l="H"/>
		<a id="49" s="H" t="H" l="H"/>
		<a id="50" s="H" t="H" l="H"/>
		<a id="51" s="H" t="H" l="H"/>
		<a id="52" s="H" t="H" l="H"/>
		<a id="53" s="H" t="H" l="H"/>
		<a id="54" s="H" t="H" l="H"/>
	</atoms>
	<bonds>
		<b id="1" c="1 2" t="1"/>
		<b id="2" c="2 3" t="1"/>
		<b id="3" c="3 4" t="ar"/>
		<b id="4" c="4 5" t="ar"/>
		<b id="5" c="5 6" t="ar"/>
		<b id="6" c="6 7" t="1"/>
		<b id="7" c="7 8" t="2"/>
		<b id="8" c="7 9" t="2"/>
		<b id="9" c="7 10" t="1"/>
		<b id="10" c="10 11" t="am"/>
		<b id="11" c="11 12" t="2"/>
		<b id="12" c="11 13" t="1"/>
		<b id="13" c="13 14" t="1"/>
		<b id="14" c="14 15" t="1"/>
		<b id="15" c="14 16" t="1"/>
		<b id="16" c="14 17" t="1"/>
		<b id="17" c="10 18" t="am"/>
		<b id="18" c="18 19" t="2"/>
		<b id="19" c="18 20" t="1"/>
		<b id="20" c="20 21" t="ar"/>
		<b id="21" c="21 22" t="ar"/>
		<b id="22" c="22 23" t="ar"/>
		<b id="23" c="23 24" t="1"/>
		<b id="24" c="23 25" t="ar"/>
		<b id="25" c="25 26" t="ar"/>
		<b id="26" c="26 27" t="ar"/>
		<b id="27" c="27 28" t="ar"/>
		<b id="28" c="28 29" t="ar"/>
		<b id="29" c="29 30" t="ar"/>
		<b id="30" c="20 30" t="ar"/>
		<b id="31" c="25 30" t="ar"/>
		<b id="32" c="6 31" t="ar"/>
		<b id="33" c="31 32" t="ar"/>
		<b id="34" c="3 32" t="ar"/>
		<b id="35" c="1 33" t="1"/>
		<b id="36" c="1 34" t="1"/>
		<b id="37" c="1 35" t="1"/>
		<b id="38" c="4 36" t="1"/>
		<b id="39" c="5 37" t="1"/>
		<b id="40" c="15 38" t="1"/>
		<b id="41" c="15 39" t="1"/>
		<b id="42" c="15 40" t="1"/>
		<b id="43" c="16 41" t="1"/>
		<b id="44" c="16 42" t="1"/>
		<b id="45" c="16 43" t="1"/>
		<b id="46" c="17 44" t="1"/>
		<b id="47" c="17 45" t="1"/>
		<b id="48" c="17 46" t="1"/>
		<b id="49" c="21 47" t="1"/>
		<b id="50" c="22 48" t="1"/>
		<b id="51" c="26 49" t="1"/>
		<b id="52" c="27 50" t="1"/>
		<b id="53" c="28 51" t="1"/>
		<b id="54" c="29 52" t="1"/>
		<b id="55" c="31 53" t="1"/>
		<b id="56" c="32 54" t="1"/>
	</bonds>
	<geometry>
		<g u="A" t="cart/3d">#54,3:6.3933,-1.3940,7.8526;7.1449,-1.7258,6.7062;6.5117,-2.2479,5.6339;7.3309,-2.5725,4.5439;6.7896,-3.1178,3.4018;5.4240,-3.3337,3.3435;4.6781,-4.0287,1.8955;3.5148,-3.2684,1.5597;5.6339,-4.3133,0.8759;4.0676,-5.5571,2.4788;2.7687,-5.9277,2.0613;1.9592,-6.3817,2.8211;2.6540,-5.6737,0.7874;1.3536,-5.6917,0.1232;0.4426,-4.6734,0.8029;1.6817,-5.2638,-1.3048;0.7651,-7.1000,0.1592;4.9036,-6.3906,3.1870;5.9412,-5.9939,3.6579;4.3995,-7.7857,3.3036;4.1727,-8.3062,4.5519;3.6009,-9.5749,4.6965;3.2612,-10.2953,3.5847;2.4357,-11.9880,3.8428;3.5123,-9.8251,2.2747;3.1987,-10.5596,1.1141;3.4930,-10.0683,-0.1274;4.1375,-8.8310,-0.2625;4.4518,-8.0884,0.8427;4.1209,-8.5455,2.1368;4.5971,-3.0120,4.3990;5.1362,-2.4695,5.5523;7.1126,-1.0055,8.5714;5.8985,-2.2733,8.2742;5.6488,-0.6229,7.6343;8.3901,-2.3914,4.6328;7.3975,-3.3914,2.5557;0.9721,-3.7267,0.8915;0.1650,-5.0146,1.7972;-0.4593,-4.5311,0.2138;2.1735,-4.2952,-1.2858;0.7720,-5.1977,-1.8944;2.3542,-5.9832,-1.7641;0.5594,-7.4014,1.1826;1.4619,-7.8105,-0.2804;-0.1621,-7.1178,-0.4068;4.4100,-7.7236,5.4285;3.4118,-9.9693,5.6830;2.7274,-11.5257,1.2147;3.2433,-10.6402,-1.0083;4.3928,-8.4668,-1.2463;4.9664,-7.1458,0.7295;3.5361,-3.1876,4.3096;4.4832,-2.2290,6.3757;</g>
	</geometry>
	<conformers/>
	<properties/>
</molecule>
