<?xml version="1.0" ?>
<!--MOLLI PACKAGE EXPERIMENTAL XML FORMAT-->
<molecule name="el1255">
	<atoms>
		<a id="1" s="C" t="C.3" l="C"/>
		<a id="2" s="C" t="C.3" l="C"/>
		<a id="3" s="O" t="O.3" l="O"/>
		<a id="4" s="C" t="C.2" l="C"/>
		<a id="5" s="O" t="O.2" l="O"/>
		<a id="6" s="N" t="N.am" l="N"/>
		<a id="7" s="C" t="C.3" l="C"/>
		<a id="8" s="C" t="C.3" l="C"/>
		<a id="9" s="C" t="C.3" l="C"/>
		<a id="10" s="N" t="N.3" l="N"/>
		<a id="11" s="S" t="S.O2" l="S"/>
		<a id="12" s="O" t="O.2" l="O"/>
		<a id="13" s="O" t="O.2" l="O"/>
		<a id="14" s="C" t="C.ar" l="C"/>
		<a id="15" s="C" t="C.ar" l="C"/>
		<a id="16" s="C" t="C.ar" l="C"/>
		<a id="17" s="C" t="C.ar" l="C"/>
		<a id="18" s="Br" t="Br" l="BR"/>
		<a id="19" s="C" t="C.ar" l="C"/>
		<a id="20" s="C" t="C.ar" l="C"/>
		<a id="21" s="C" t="C.ar" l="C"/>
		<a id="22" s="N" t="N.ar" l="N"/>
		<a id="23" s="C" t="C.ar" l="C"/>
		<a id="24" s="C" t="C.ar" l="C"/>
		<a id="25" s="C" t="C.3" l="C"/>
		<a id="26" s="C" t="C.3" l="C"/>
		<a id="27" s="H" t="H" l="H"/>
		<a id="28" s="H" t="H" l="H"/>
		<a id="29" s="H" t="H" l="H"/>
		<a id="30" s="H" t="H" l="H"/>
		<a id="31" s="H" t="H" l="H"/>
		<a id="32" s="H" t="H" l="H"/>
		<a id="33" s="H" t="H" l="H"/>
		<a id="34" s="H" t="H" l="H"/>
		<a id="35" s="H" t="H" l="H"/>
		<a id="36" s="H" t="H" l="H"/>
		<a id="37" s="H" t="H" l="H"/>
		<a id="38" s="H" t="H" l="H"/>
		<a id="39" s="H" t="H" l="H"/>
		<a id="40" s="H" t="H" l="H"/>
		<a id="41" s="H" t="H" l="H"/>
		<a id="42" s="H" t="H" l="H"/>
		<a id="43" s="H" t="H" l="H"/>
		<a id="44" s="H" t="H" l="H"/>
		<a id="45" s="H" t="H" l="H"/>
		<a id="46" s="H" t="H" l="H"/>
	</atoms>
	<bonds>
		<b id="1" c="1 2" t="1"/>
		<b id="2" c="2 3" t="1"/>
		<b id="3" c="3 4" t="1"/>
		<b id="4" c="4 5" t="2"/>
		<b id="5" c="4 6" t="am"/>
		<b id="6" c="6 7" t="1"/>
		<b id="7" c="7 8" t="1"/>
		<b id="8" c="8 9" t="1"/>
		<b id="9" c="9 10" t="1"/>
		<b id="10" c="10 11" t="1"/>
		<b id="11" c="11 12" t="2"/>
		<b id="12" c="11 13" t="2"/>
		<b id="13" c="11 14" t="1"/>
		<b id="14" c="14 15" t="ar"/>
		<b id="15" c="15 16" t="ar"/>
		<b id="16" c="16 17" t="ar"/>
		<b id="17" c="17 18" t="1"/>
		<b id="18" c="17 19" t="ar"/>
		<b id="19" c="19 20" t="ar"/>
		<b id="20" c="20 21" t="ar"/>
		<b id="21" c="21 22" t="ar"/>
		<b id="22" c="22 23" t="ar"/>
		<b id="23" c="23 24" t="ar"/>
		<b id="24" c="14 24" t="ar"/>
		<b id="25" c="19 24" t="ar"/>
		<b id="26" c="9 25" t="1"/>
		<b id="27" c="25 26" t="1"/>
		<b id="28" c="6 26" t="1"/>
		<b id="29" c="1 27" t="1"/>
		<b id="30" c="1 28" t="1"/>
		<b id="31" c="1 29" t="1"/>
		<b id="32" c="2 30" t="1"/>
		<b id="33" c="2 31" t="1"/>
		<b id="34" c="7 32" t="1"/>
		<b id="35" c="7 33" t="1"/>
		<b id="36" c="8 34" t="1"/>
		<b id="37" c="8 35" t="1"/>
		<b id="38" c="9 36" t="1"/>
		<b id="39" c="10 37" t="1"/>
		<b id="40" c="15 38" t="1"/>
		<b id="41" c="16 39" t="1"/>
		<b id="42" c="20 40" t="1"/>
		<b id="43" c="21 41" t="1"/>
		<b id="44" c="23 42" t="1"/>
		<b id="45" c="25 43" t="1"/>
		<b id="46" c="25 44" t="1"/>
		<b id="47" c="26 45" t="1"/>
		<b id="48" c="26 46" t="1"/>
	</bonds>
	<geometry>
		<g u="A" t="cart/3d">#46,3:1.5938,0.1706,0.1036;2.6500,-0.2713,-0.8985;2.9993,-1.6444,-0.7295;3.8558,-1.9103,0.2837;4.3696,-1.0622,0.9753;4.0579,-3.2388,0.4461;5.0281,-3.7045,1.4103;6.2212,-4.3388,0.6954;5.7581,-5.4556,-0.2434;5.1835,-6.5406,0.5407;6.2262,-7.4449,1.4891;5.6588,-8.7580,1.5690;7.5795,-7.2974,1.0368;6.0962,-6.6550,3.0937;7.2435,-6.2110,3.6860;7.1949,-5.5617,4.9275;5.9876,-5.3601,5.5420;5.9571,-4.4528,7.2062;4.7748,-5.8099,4.9654;3.5012,-5.6272,5.5387;2.4008,-6.1088,4.8801;2.4658,-6.7804,3.7223;3.6295,-6.9707,3.1713;4.8451,-6.4924,3.7170;4.7058,-4.9073,-1.2106;3.5527,-4.2658,-0.4333;1.3049,1.1974,-0.1008;1.9976,0.1113,1.1110;0.7163,-0.4675,0.0345;3.5504,0.3414,-0.7896;2.2758,-0.2050,-1.9225;4.5456,-4.4430,2.0589;5.3441,-2.8462,2.0055;6.9281,-4.7406,1.4196;6.7313,-3.5773,0.1036;6.6289,-5.8287,-0.8034;4.6301,-7.1727,-0.0204;8.1848,-6.3638,3.1817;8.1067,-5.2166,5.3901;3.3999,-5.1137,6.4822;1.4046,-5.9775,5.2785;3.6531,-7.5403,2.2547;4.3213,-5.7065,-1.8460;5.1749,-4.1573,-1.8489;3.0577,-5.0276,0.1794;2.8282,-3.8237,-1.1153;</g>
	</geometry>
	<conformers/>
	<properties/>
</molecule>
