<?xml version="1.0" ?>
<!--MOLLI PACKAGE EXPERIMENTAL XML FORMAT-->
<molecule name="el1259">
	<atoms>
		<a id="1" s="C" t="C.3" l="C"/>
		<a id="2" s="O" t="O.3" l="O"/>
		<a id="3" s="C" t="C.2" l="C"/>
		<a id="4" s="O" t="O.2" l="O"/>
		<a id="5" s="C" t="C.ar" l="C"/>
		<a id="6" s="N" t="N.ar" l="N"/>
		<a id="7" s="C" t="C.ar" l="C"/>
		<a id="8" s="Br" t="Br" l="BR"/>
		<a id="9" s="N" t="N.ar" l="N"/>
		<a id="10" s="N" t="N.ar" l="N"/>
		<a id="11" s="C" t="C.3" l="C"/>
		<a id="12" s="O" t="O.3" l="O"/>
		<a id="13" s="C" t="C.3" l="C"/>
		<a id="14" s="C" t="C.3" l="C"/>
		<a id="15" s="O" t="O.3" l="O"/>
		<a id="16" s="C" t="C.2" l="C"/>
		<a id="17" s="C" t="C.3" l="C"/>
		<a id="18" s="O" t="O.2" l="O"/>
		<a id="19" s="H" t="H" l="H"/>
		<a id="20" s="H" t="H" l="H"/>
		<a id="21" s="H" t="H" l="H"/>
		<a id="22" s="H" t="H" l="H"/>
		<a id="23" s="H" t="H" l="H"/>
		<a id="24" s="H" t="H" l="H"/>
		<a id="25" s="H" t="H" l="H"/>
		<a id="26" s="H" t="H" l="H"/>
		<a id="27" s="H" t="H" l="H"/>
		<a id="28" s="H" t="H" l="H"/>
		<a id="29" s="H" t="H" l="H"/>
		<a id="30" s="H" t="H" l="H"/>
	</atoms>
	<bonds>
		<b id="1" c="1 2" t="1"/>
		<b id="2" c="2 3" t="1"/>
		<b id="3" c="3 4" t="2"/>
		<b id="4" c="3 5" t="1"/>
		<b id="5" c="5 6" t="ar"/>
		<b id="6" c="6 7" t="ar"/>
		<b id="7" c="7 8" t="1"/>
		<b id="8" c="7 9" t="ar"/>
		<b id="9" c="9 10" t="ar"/>
		<b id="10" c="5 10" t="ar"/>
		<b id="11" c="10 11" t="1"/>
		<b id="12" c="11 12" t="1"/>
		<b id="13" c="12 13" t="1"/>
		<b id="14" c="13 14" t="1"/>
		<b id="15" c="14 15" t="1"/>
		<b id="16" c="15 16" t="1"/>
		<b id="17" c="16 17" t="1"/>
		<b id="18" c="16 18" t="2"/>
		<b id="19" c="1 19" t="1"/>
		<b id="20" c="1 20" t="1"/>
		<b id="21" c="1 21" t="1"/>
		<b id="22" c="11 22" t="1"/>
		<b id="23" c="11 23" t="1"/>
		<b id="24" c="13 24" t="1"/>
		<b id="25" c="13 25" t="1"/>
		<b id="26" c="14 26" t="1"/>
		<b id="27" c="14 27" t="1"/>
		<b id="28" c="17 28" t="1"/>
		<b id="29" c="17 29" t="1"/>
		<b id="30" c="17 30" t="1"/>
	</bonds>
	<geometry>
		<g u="A" t="cart/3d">#30,3:8.1621,-3.6501,2.4878;7.5299,-2.5505,1.8449;7.1000,-2.7619,0.6133;7.1967,-3.8065,0.0154;6.5065,-1.5370,0.0382;6.6138,-0.3230,0.5423;5.9760,0.4413,-0.3540;5.8086,2.2701,-0.1781;5.4871,-0.2212,-1.3810;5.8311,-1.4825,-1.1373;5.3851,-2.5422,-1.9916;4.1339,-2.9660,-1.5237;3.5421,-3.9465,-2.3503;2.1387,-4.2465,-1.8287;2.1474,-5.0729,-0.6746;2.3342,-6.3872,-0.8738;2.2728,-7.1432,0.4242;2.5036,-6.8763,-1.9592;8.4383,-3.2994,3.4784;9.0472,-3.9584,1.9277;7.4758,-4.4969,2.5547;6.1221,-3.3583,-1.9612;5.3032,-2.1339,-3.0119;4.1478,-4.8627,-2.3537;3.4670,-3.5705,-3.3809;1.5661,-4.7413,-2.6202;1.6569,-3.3176,-1.5217;2.3131,-6.4547,1.2617;3.0926,-7.8552,0.4693;1.3395,-7.7026,0.4559;</g>
	</geometry>
	<conformers/>
	<properties/>
</molecule>
