<?xml version="1.0" ?>
<!--MOLLI PACKAGE EXPERIMENTAL XML FORMAT-->
<molecule name="el1206">
	<atoms>
		<a id="1" s="C" t="C.3" l="C"/>
		<a id="2" s="C" t="C.ar" l="C"/>
		<a id="3" s="C" t="C.ar" l="C"/>
		<a id="4" s="N" t="N.pl3" l="N"/>
		<a id="5" s="C" t="C.3" l="C"/>
		<a id="6" s="C" t="C.3" l="C"/>
		<a id="7" s="N" t="N.ar" l="N"/>
		<a id="8" s="C" t="C.ar" l="C"/>
		<a id="9" s="Br" t="Br" l="BR"/>
		<a id="10" s="C" t="C.ar" l="C"/>
		<a id="11" s="O" t="O.3" l="O"/>
		<a id="12" s="C" t="C.3" l="C"/>
		<a id="13" s="C" t="C.ar" l="C"/>
		<a id="14" s="C" t="C.ar" l="C"/>
		<a id="15" s="C" t="C.ar" l="C"/>
		<a id="16" s="C" t="C.ar" l="C"/>
		<a id="17" s="C" t="C.ar" l="C"/>
		<a id="18" s="C" t="C.ar" l="C"/>
		<a id="19" s="C" t="C.ar" l="C"/>
		<a id="20" s="C" t="C.2" l="C"/>
		<a id="21" s="O" t="O.2" l="O"/>
		<a id="22" s="O" t="O.3" l="O"/>
		<a id="23" s="C" t="C.ar" l="C"/>
		<a id="24" s="C" t="C.ar" l="C"/>
		<a id="25" s="C" t="C.ar" l="C"/>
		<a id="26" s="C" t="C.ar" l="C"/>
		<a id="27" s="C" t="C.ar" l="C"/>
		<a id="28" s="C" t="C.ar" l="C"/>
		<a id="29" s="H" t="H" l="H"/>
		<a id="30" s="H" t="H" l="H"/>
		<a id="31" s="H" t="H" l="H"/>
		<a id="32" s="H" t="H" l="H"/>
		<a id="33" s="H" t="H" l="H"/>
		<a id="34" s="H" t="H" l="H"/>
		<a id="35" s="H" t="H" l="H"/>
		<a id="36" s="H" t="H" l="H"/>
		<a id="37" s="H" t="H" l="H"/>
		<a id="38" s="H" t="H" l="H"/>
		<a id="39" s="H" t="H" l="H"/>
		<a id="40" s="H" t="H" l="H"/>
		<a id="41" s="H" t="H" l="H"/>
		<a id="42" s="H" t="H" l="H"/>
		<a id="43" s="H" t="H" l="H"/>
		<a id="44" s="H" t="H" l="H"/>
		<a id="45" s="H" t="H" l="H"/>
		<a id="46" s="H" t="H" l="H"/>
		<a id="47" s="H" t="H" l="H"/>
		<a id="48" s="H" t="H" l="H"/>
		<a id="49" s="H" t="H" l="H"/>
	</atoms>
	<bonds>
		<b id="1" c="1 2" t="1"/>
		<b id="2" c="2 3" t="ar"/>
		<b id="3" c="3 4" t="1"/>
		<b id="4" c="4 5" t="1"/>
		<b id="5" c="4 6" t="1"/>
		<b id="6" c="3 7" t="ar"/>
		<b id="7" c="7 8" t="ar"/>
		<b id="8" c="8 9" t="1"/>
		<b id="9" c="8 10" t="ar"/>
		<b id="10" c="10 11" t="1"/>
		<b id="11" c="11 12" t="1"/>
		<b id="12" c="12 13" t="1"/>
		<b id="13" c="13 14" t="ar"/>
		<b id="14" c="14 15" t="ar"/>
		<b id="15" c="15 16" t="ar"/>
		<b id="16" c="16 17" t="ar"/>
		<b id="17" c="17 18" t="ar"/>
		<b id="18" c="13 18" t="ar"/>
		<b id="19" c="10 19" t="ar"/>
		<b id="20" c="2 19" t="ar"/>
		<b id="21" c="19 20" t="1"/>
		<b id="22" c="20 21" t="2"/>
		<b id="23" c="20 22" t="1"/>
		<b id="24" c="22 23" t="1"/>
		<b id="25" c="23 24" t="ar"/>
		<b id="26" c="24 25" t="ar"/>
		<b id="27" c="25 26" t="ar"/>
		<b id="28" c="26 27" t="ar"/>
		<b id="29" c="27 28" t="ar"/>
		<b id="30" c="23 28" t="ar"/>
		<b id="31" c="1 29" t="1"/>
		<b id="32" c="1 30" t="1"/>
		<b id="33" c="1 31" t="1"/>
		<b id="34" c="5 32" t="1"/>
		<b id="35" c="5 33" t="1"/>
		<b id="36" c="5 34" t="1"/>
		<b id="37" c="6 35" t="1"/>
		<b id="38" c="6 36" t="1"/>
		<b id="39" c="6 37" t="1"/>
		<b id="40" c="12 38" t="1"/>
		<b id="41" c="12 39" t="1"/>
		<b id="42" c="14 40" t="1"/>
		<b id="43" c="15 41" t="1"/>
		<b id="44" c="16 42" t="1"/>
		<b id="45" c="17 43" t="1"/>
		<b id="46" c="18 44" t="1"/>
		<b id="47" c="24 45" t="1"/>
		<b id="48" c="25 46" t="1"/>
		<b id="49" c="26 47" t="1"/>
		<b id="50" c="27 48" t="1"/>
		<b id="51" c="28 49" t="1"/>
	</bonds>
	<geometry>
		<g u="A" t="cart/3d">#49,3:1.6170,-0.2794,1.6901;2.7155,-0.0506,0.6960;3.4322,-1.0997,0.0751;3.1243,-2.4290,0.2526;4.1351,-3.3794,-0.1608;1.7787,-2.8967,-0.0143;4.5129,-0.8321,-0.6447;4.9219,0.3940,-0.8694;6.4903,0.4042,-1.9631;4.2628,1.5205,-0.3940;4.4736,2.8446,-0.6111;5.7542,3.3711,-0.9161;6.8385,2.9966,0.0632;6.5362,2.6717,1.3783;7.5463,2.3409,2.2655;8.8655,2.3417,1.8495;9.1726,2.6729,0.5399;8.1651,2.9951,-0.3501;3.1436,1.2357,0.4210;2.4014,2.4119,0.9870;1.2715,2.6973,0.7021;3.1870,3.0755,1.8424;2.7764,4.2518,2.4623;1.5001,4.4306,2.9725;1.1924,5.6195,3.6125;2.1457,6.6130,3.7494;3.4214,6.4203,3.2447;3.7420,5.2413,2.5991;1.6959,-1.2730,2.1220;0.6372,-0.1613,1.2275;1.6865,0.4548,2.4909;5.1060,-3.0466,0.1969;4.1849,-3.4839,-1.2496;3.8961,-4.3460,0.2815;1.0655,-2.0813,0.0315;1.5035,-3.6594,0.7172;1.7204,-3.3413,-1.0149;5.5876,4.4552,-0.8789;6.0550,3.1161,-1.9383;5.5098,2.6742,1.7134;7.2972,2.0843,3.2849;9.6525,2.0826,2.5424;10.2001,2.6721,0.2081;8.4042,3.2368,-1.3750;0.7555,3.6585,2.8660;0.1984,5.7643,4.0081;1.8964,7.5365,4.2498;4.1701,7.1908,3.3507;4.7294,5.0732,2.1977;</g>
	</geometry>
	<conformers/>
	<properties/>
</molecule>
