<?xml version="1.0" ?>
<!--MOLLI PACKAGE EXPERIMENTAL XML FORMAT-->
<molecule name="el1262">
	<atoms>
		<a id="1" s="C" t="C.3" l="C"/>
		<a id="2" s="C" t="C.3" l="C"/>
		<a id="3" s="O" t="O.3" l="O"/>
		<a id="4" s="C" t="C.ar" l="C"/>
		<a id="5" s="C" t="C.ar" l="C"/>
		<a id="6" s="C" t="C.ar" l="C"/>
		<a id="7" s="N" t="N.ar" l="N"/>
		<a id="8" s="C" t="C.ar" l="C"/>
		<a id="9" s="Br" t="Br" l="BR"/>
		<a id="10" s="C" t="C.ar" l="C"/>
		<a id="11" s="C" t="C.ar" l="C"/>
		<a id="12" s="C" t="C.ar" l="C"/>
		<a id="13" s="C" t="C.ar" l="C"/>
		<a id="14" s="C" t="C.ar" l="C"/>
		<a id="15" s="C" t="C.ar" l="C"/>
		<a id="16" s="C" t="C.2" l="C"/>
		<a id="17" s="O" t="O.2" l="O"/>
		<a id="18" s="N" t="N.am" l="N"/>
		<a id="19" s="C" t="C.3" l="C"/>
		<a id="20" s="C" t="C.ar" l="C"/>
		<a id="21" s="C" t="C.ar" l="C"/>
		<a id="22" s="C" t="C.ar" l="C"/>
		<a id="23" s="C" t="C.ar" l="C"/>
		<a id="24" s="C" t="C.1" l="C"/>
		<a id="25" s="N" t="N.1" l="N"/>
		<a id="26" s="C" t="C.ar" l="C"/>
		<a id="27" s="C" t="C.ar" l="C"/>
		<a id="28" s="C" t="C.ar" l="C"/>
		<a id="29" s="H" t="H" l="H"/>
		<a id="30" s="H" t="H" l="H"/>
		<a id="31" s="H" t="H" l="H"/>
		<a id="32" s="H" t="H" l="H"/>
		<a id="33" s="H" t="H" l="H"/>
		<a id="34" s="H" t="H" l="H"/>
		<a id="35" s="H" t="H" l="H"/>
		<a id="36" s="H" t="H" l="H"/>
		<a id="37" s="H" t="H" l="H"/>
		<a id="38" s="H" t="H" l="H"/>
		<a id="39" s="H" t="H" l="H"/>
		<a id="40" s="H" t="H" l="H"/>
		<a id="41" s="H" t="H" l="H"/>
		<a id="42" s="H" t="H" l="H"/>
		<a id="43" s="H" t="H" l="H"/>
		<a id="44" s="H" t="H" l="H"/>
		<a id="45" s="H" t="H" l="H"/>
		<a id="46" s="H" t="H" l="H"/>
	</atoms>
	<bonds>
		<b id="1" c="1 2" t="1"/>
		<b id="2" c="2 3" t="1"/>
		<b id="3" c="3 4" t="1"/>
		<b id="4" c="4 5" t="ar"/>
		<b id="5" c="5 6" t="ar"/>
		<b id="6" c="6 7" t="ar"/>
		<b id="7" c="7 8" t="ar"/>
		<b id="8" c="8 9" t="1"/>
		<b id="9" c="8 10" t="ar"/>
		<b id="10" c="4 10" t="ar"/>
		<b id="11" c="2 11" t="1"/>
		<b id="12" c="11 12" t="ar"/>
		<b id="13" c="12 13" t="ar"/>
		<b id="14" c="13 14" t="ar"/>
		<b id="15" c="14 15" t="ar"/>
		<b id="16" c="15 16" t="1"/>
		<b id="17" c="16 17" t="2"/>
		<b id="18" c="16 18" t="am"/>
		<b id="19" c="18 19" t="1"/>
		<b id="20" c="19 20" t="1"/>
		<b id="21" c="20 21" t="ar"/>
		<b id="22" c="21 22" t="ar"/>
		<b id="23" c="22 23" t="ar"/>
		<b id="24" c="23 24" t="1"/>
		<b id="25" c="24 25" t="3"/>
		<b id="26" c="23 26" t="ar"/>
		<b id="27" c="26 27" t="ar"/>
		<b id="28" c="20 27" t="ar"/>
		<b id="29" c="15 28" t="ar"/>
		<b id="30" c="11 28" t="ar"/>
		<b id="31" c="1 29" t="1"/>
		<b id="32" c="1 30" t="1"/>
		<b id="33" c="1 31" t="1"/>
		<b id="34" c="2 32" t="1"/>
		<b id="35" c="5 33" t="1"/>
		<b id="36" c="6 34" t="1"/>
		<b id="37" c="10 35" t="1"/>
		<b id="38" c="12 36" t="1"/>
		<b id="39" c="13 37" t="1"/>
		<b id="40" c="14 38" t="1"/>
		<b id="41" c="18 39" t="1"/>
		<b id="42" c="19 40" t="1"/>
		<b id="43" c="19 41" t="1"/>
		<b id="44" c="21 42" t="1"/>
		<b id="45" c="22 43" t="1"/>
		<b id="46" c="26 44" t="1"/>
		<b id="47" c="27 45" t="1"/>
		<b id="48" c="28 46" t="1"/>
	</bonds>
	<geometry>
		<g u="A" t="cart/3d">#46,3:0.9517,0.4611,0.3658;2.2036,-0.1080,-0.3106;3.2992,0.7969,-0.1983;3.3817,1.8666,-1.0036;4.4798,2.7155,-0.7951;4.6271,3.8281,-1.5934;3.7793,4.1461,-2.5616;2.7601,3.3455,-2.7499;1.5704,3.8450,-4.1464;2.4887,2.1986,-2.0225;2.5947,-1.3970,0.3718;3.3610,-1.3837,1.5298;3.6501,-2.5681,2.1844;3.1833,-3.7751,1.6944;2.4290,-3.8025,0.5256;1.8601,-5.0455,-0.0757;0.8843,-5.0190,-0.8020;2.5179,-6.1940,0.2096;2.0489,-7.4810,-0.2646;1.2259,-8.1845,0.7841;-0.0214,-7.6692,1.1264;-0.7870,-8.2742,2.1015;-0.3066,-9.4137,2.7491;-1.0854,-10.0413,3.7485;-1.7146,-10.5478,4.5619;0.9419,-9.9348,2.4114;1.7000,-9.3160,1.4361;2.1360,-2.6065,-0.1219;0.6497,1.3993,-0.0936;1.1575,0.6399,1.4185;0.1378,-0.2535,0.2822;2.0002,-0.3143,-1.3697;5.1855,2.4800,-0.0163;5.4571,4.5082,-1.4655;1.6182,1.6104,-2.2602;3.7270,-0.4442,1.9134;4.2363,-2.5496,3.0912;3.3902,-4.6803,2.2475;3.2973,-6.1858,0.8458;2.9084,-8.0890,-0.5574;1.4285,-7.2764,-1.1426;-0.3859,-6.7908,0.6156;-1.7561,-7.8779,2.3659;1.3068,-10.8175,2.9153;2.6665,-9.7221,1.1740;1.5332,-2.6487,-1.0173;</g>
	</geometry>
	<conformers/>
	<properties/>
</molecule>
