<?xml version="1.0" ?>
<!--MOLLI PACKAGE EXPERIMENTAL XML FORMAT-->
<molecule name="el1264">
	<atoms>
		<a id="1" s="F" t="F" l="F"/>
		<a id="2" s="C" t="C.3" l="C"/>
		<a id="3" s="F" t="F" l="F"/>
		<a id="4" s="F" t="F" l="F"/>
		<a id="5" s="C" t="C.ar" l="C"/>
		<a id="6" s="C" t="C.ar" l="C"/>
		<a id="7" s="C" t="C.ar" l="C"/>
		<a id="8" s="C" t="C.ar" l="C"/>
		<a id="9" s="C" t="C.ar" l="C"/>
		<a id="10" s="C" t="C.ar" l="C"/>
		<a id="11" s="C" t="C.ar" l="C"/>
		<a id="12" s="Br" t="Br" l="BR"/>
		<a id="13" s="N" t="N.ar" l="N"/>
		<a id="14" s="N" t="N.ar" l="N"/>
		<a id="15" s="C" t="C.3" l="C"/>
		<a id="16" s="C" t="C.3" l="C"/>
		<a id="17" s="C" t="C.3" l="C"/>
		<a id="18" s="C" t="C.3" l="C"/>
		<a id="19" s="C" t="C.3" l="C"/>
		<a id="20" s="H" t="H" l="H"/>
		<a id="21" s="H" t="H" l="H"/>
		<a id="22" s="H" t="H" l="H"/>
		<a id="23" s="H" t="H" l="H"/>
		<a id="24" s="H" t="H" l="H"/>
		<a id="25" s="H" t="H" l="H"/>
		<a id="26" s="H" t="H" l="H"/>
		<a id="27" s="H" t="H" l="H"/>
		<a id="28" s="H" t="H" l="H"/>
		<a id="29" s="H" t="H" l="H"/>
		<a id="30" s="H" t="H" l="H"/>
		<a id="31" s="H" t="H" l="H"/>
	</atoms>
	<bonds>
		<b id="1" c="1 2" t="1"/>
		<b id="2" c="2 3" t="1"/>
		<b id="3" c="2 4" t="1"/>
		<b id="4" c="2 5" t="1"/>
		<b id="5" c="5 6" t="ar"/>
		<b id="6" c="6 7" t="ar"/>
		<b id="7" c="7 8" t="ar"/>
		<b id="8" c="8 9" t="ar"/>
		<b id="9" c="9 10" t="ar"/>
		<b id="10" c="5 10" t="ar"/>
		<b id="11" c="9 11" t="ar"/>
		<b id="12" c="11 12" t="1"/>
		<b id="13" c="11 13" t="ar"/>
		<b id="14" c="13 14" t="ar"/>
		<b id="15" c="8 14" t="ar"/>
		<b id="16" c="14 15" t="1"/>
		<b id="17" c="15 16" t="1"/>
		<b id="18" c="16 17" t="1"/>
		<b id="19" c="17 18" t="1"/>
		<b id="20" c="18 19" t="1"/>
		<b id="21" c="15 19" t="1"/>
		<b id="22" c="6 20" t="1"/>
		<b id="23" c="7 21" t="1"/>
		<b id="24" c="10 22" t="1"/>
		<b id="25" c="15 23" t="1"/>
		<b id="26" c="16 24" t="1"/>
		<b id="27" c="16 25" t="1"/>
		<b id="28" c="17 26" t="1"/>
		<b id="29" c="17 27" t="1"/>
		<b id="30" c="18 28" t="1"/>
		<b id="31" c="18 29" t="1"/>
		<b id="32" c="19 30" t="1"/>
		<b id="33" c="19 31" t="1"/>
	</bonds>
	<geometry>
		<g u="A" t="cart/3d">#31,3:2.8142,1.2416,-0.1910;2.4526,-0.0120,0.1134;3.0226,-0.2925,1.3004;1.1258,0.0219,0.3406;2.8193,-1.0166,-0.9410;3.4704,-0.5999,-2.1158;3.8158,-1.4950,-3.0977;3.4980,-2.8383,-2.8908;2.8404,-3.2548,-1.7013;2.4955,-2.3376,-0.7136;2.7036,-4.6562,-1.8798;1.9218,-5.8718,-0.6988;3.2094,-5.0381,-3.0250;3.6911,-3.9520,-3.6395;4.3049,-4.0761,-4.9340;3.3476,-4.6546,-5.9836;4.2600,-5.2501,-7.0649;5.6623,-5.3576,-6.4348;5.4641,-5.0755,-4.9473;3.6992,0.4468,-2.2399;4.3142,-1.1626,-3.9941;1.9962,-2.6510,0.1903;4.6523,-3.0829,-5.2299;2.6663,-3.9023,-6.3782;2.7587,-5.4371,-5.5047;4.2866,-4.6097,-7.9459;3.8934,-6.2256,-7.3788;6.3263,-4.6078,-6.8666;6.1107,-6.3348,-6.6016;6.3608,-4.6852,-4.4681;5.1456,-5.9755,-4.4208;</g>
	</geometry>
	<conformers/>
	<properties/>
</molecule>
