<?xml version="1.0" ?>
<!--MOLLI PACKAGE EXPERIMENTAL XML FORMAT-->
<molecule name="el1269">
	<atoms>
		<a id="1" s="C" t="C.2" l="C"/>
		<a id="2" s="C" t="C.2" l="C"/>
		<a id="3" s="C" t="C.ar" l="C"/>
		<a id="4" s="C" t="C.ar" l="C"/>
		<a id="5" s="C" t="C.ar" l="C"/>
		<a id="6" s="F" t="F" l="F"/>
		<a id="7" s="C" t="C.ar" l="C"/>
		<a id="8" s="Br" t="Br" l="BR"/>
		<a id="9" s="C" t="C.ar" l="C"/>
		<a id="10" s="C" t="C.ar" l="C"/>
		<a id="11" s="C" t="C.2" l="C"/>
		<a id="12" s="O" t="O.2" l="O"/>
		<a id="13" s="O" t="O.3" l="O"/>
		<a id="14" s="C" t="C.3" l="C"/>
		<a id="15" s="H" t="H" l="H"/>
		<a id="16" s="H" t="H" l="H"/>
		<a id="17" s="H" t="H" l="H"/>
		<a id="18" s="H" t="H" l="H"/>
		<a id="19" s="H" t="H" l="H"/>
		<a id="20" s="H" t="H" l="H"/>
		<a id="21" s="H" t="H" l="H"/>
		<a id="22" s="H" t="H" l="H"/>
	</atoms>
	<bonds>
		<b id="1" c="1 2" t="2"/>
		<b id="2" c="2 3" t="1"/>
		<b id="3" c="3 4" t="ar"/>
		<b id="4" c="4 5" t="ar"/>
		<b id="5" c="5 6" t="1"/>
		<b id="6" c="5 7" t="ar"/>
		<b id="7" c="7 8" t="1"/>
		<b id="8" c="7 9" t="ar"/>
		<b id="9" c="9 10" t="ar"/>
		<b id="10" c="3 10" t="ar"/>
		<b id="11" c="10 11" t="1"/>
		<b id="12" c="11 12" t="2"/>
		<b id="13" c="11 13" t="1"/>
		<b id="14" c="13 14" t="1"/>
		<b id="15" c="1 15" t="1"/>
		<b id="16" c="1 16" t="1"/>
		<b id="17" c="2 17" t="1"/>
		<b id="18" c="4 18" t="1"/>
		<b id="19" c="9 19" t="1"/>
		<b id="20" c="14 20" t="1"/>
		<b id="21" c="14 21" t="1"/>
		<b id="22" c="14 22" t="1"/>
	</bonds>
	<geometry>
		<g u="A" t="cart/3d">#22,3:1.1647,0.1903,0.0152;2.4800,0.0730,-0.1005;3.1401,-0.9273,-0.9378;2.5961,-1.2299,-2.1858;3.2146,-2.1269,-3.0317;2.6606,-2.3881,-4.2233;4.4050,-2.7472,-2.6681;5.2547,-3.9586,-3.8504;4.9529,-2.4621,-1.4331;4.3312,-1.5699,-0.5634;5.0041,-1.3995,0.7548;6.1681,-1.6525,0.9411;4.1782,-0.9740,1.7163;4.7420,-0.8263,3.0126;0.7205,0.9513,0.6325;0.4836,-0.4838,-0.4769;3.1324,0.7399,0.4440;1.6910,-0.7457,-2.5171;5.8754,-2.9293,-1.1217;4.0646,-0.1835,3.5693;5.7369,-0.3817,2.9447;4.8230,-1.8008,3.4984;</g>
	</geometry>
	<conformers/>
	<properties/>
</molecule>
