<?xml version="1.0" ?>
<!--MOLLI PACKAGE EXPERIMENTAL XML FORMAT-->
<molecule name="el1272">
	<atoms>
		<a id="1" s="F" t="F" l="F"/>
		<a id="2" s="C" t="C.3" l="C"/>
		<a id="3" s="F" t="F" l="F"/>
		<a id="4" s="F" t="F" l="F"/>
		<a id="5" s="C" t="C.ar" l="C"/>
		<a id="6" s="C" t="C.ar" l="C"/>
		<a id="7" s="C" t="C.ar" l="C"/>
		<a id="8" s="C" t="C.ar" l="C"/>
		<a id="9" s="C" t="C.ar" l="C"/>
		<a id="10" s="C" t="C.3" l="C"/>
		<a id="11" s="N" t="N.3" l="N"/>
		<a id="12" s="C" t="C.3" l="C"/>
		<a id="13" s="C" t="C.3" l="C"/>
		<a id="14" s="N" t="N.pl3" l="N"/>
		<a id="15" s="C" t="C.ar" l="C"/>
		<a id="16" s="N" t="N.ar" l="N"/>
		<a id="17" s="C" t="C.ar" l="C"/>
		<a id="18" s="C" t="C.ar" l="C"/>
		<a id="19" s="Br" t="Br" l="BR"/>
		<a id="20" s="C" t="C.ar" l="C"/>
		<a id="21" s="C" t="C.ar" l="C"/>
		<a id="22" s="C" t="C.ar" l="C"/>
		<a id="23" s="C" t="C.ar" l="C"/>
		<a id="24" s="C" t="C.ar" l="C"/>
		<a id="25" s="C" t="C.ar" l="C"/>
		<a id="26" s="C" t="C.3" l="C"/>
		<a id="27" s="C" t="C.3" l="C"/>
		<a id="28" s="C" t="C.ar" l="C"/>
		<a id="29" s="H" t="H" l="H"/>
		<a id="30" s="H" t="H" l="H"/>
		<a id="31" s="H" t="H" l="H"/>
		<a id="32" s="H" t="H" l="H"/>
		<a id="33" s="H" t="H" l="H"/>
		<a id="34" s="H" t="H" l="H"/>
		<a id="35" s="H" t="H" l="H"/>
		<a id="36" s="H" t="H" l="H"/>
		<a id="37" s="H" t="H" l="H"/>
		<a id="38" s="H" t="H" l="H"/>
		<a id="39" s="H" t="H" l="H"/>
		<a id="40" s="H" t="H" l="H"/>
		<a id="41" s="H" t="H" l="H"/>
		<a id="42" s="H" t="H" l="H"/>
		<a id="43" s="H" t="H" l="H"/>
		<a id="44" s="H" t="H" l="H"/>
		<a id="45" s="H" t="H" l="H"/>
		<a id="46" s="H" t="H" l="H"/>
		<a id="47" s="H" t="H" l="H"/>
	</atoms>
	<bonds>
		<b id="1" c="1 2" t="1"/>
		<b id="2" c="2 3" t="1"/>
		<b id="3" c="2 4" t="1"/>
		<b id="4" c="2 5" t="1"/>
		<b id="5" c="5 6" t="ar"/>
		<b id="6" c="6 7" t="ar"/>
		<b id="7" c="7 8" t="ar"/>
		<b id="8" c="8 9" t="ar"/>
		<b id="9" c="9 10" t="1"/>
		<b id="10" c="10 11" t="1"/>
		<b id="11" c="11 12" t="1"/>
		<b id="12" c="12 13" t="1"/>
		<b id="13" c="13 14" t="1"/>
		<b id="14" c="14 15" t="1"/>
		<b id="15" c="15 16" t="ar"/>
		<b id="16" c="16 17" t="ar"/>
		<b id="17" c="17 18" t="ar"/>
		<b id="18" c="18 19" t="1"/>
		<b id="19" c="18 20" t="ar"/>
		<b id="20" c="20 21" t="ar"/>
		<b id="21" c="21 22" t="ar"/>
		<b id="22" c="22 23" t="ar"/>
		<b id="23" c="23 24" t="ar"/>
		<b id="24" c="24 25" t="ar"/>
		<b id="25" c="15 25" t="ar"/>
		<b id="26" c="20 25" t="ar"/>
		<b id="27" c="14 26" t="1"/>
		<b id="28" c="26 27" t="1"/>
		<b id="29" c="11 27" t="1"/>
		<b id="30" c="9 28" t="ar"/>
		<b id="31" c="5 28" t="ar"/>
		<b id="32" c="6 29" t="1"/>
		<b id="33" c="7 30" t="1"/>
		<b id="34" c="8 31" t="1"/>
		<b id="35" c="10 32" t="1"/>
		<b id="36" c="10 33" t="1"/>
		<b id="37" c="12 34" t="1"/>
		<b id="38" c="12 35" t="1"/>
		<b id="39" c="13 36" t="1"/>
		<b id="40" c="13 37" t="1"/>
		<b id="41" c="17 38" t="1"/>
		<b id="42" c="21 39" t="1"/>
		<b id="43" c="22 40" t="1"/>
		<b id="44" c="23 41" t="1"/>
		<b id="45" c="24 42" t="1"/>
		<b id="46" c="26 43" t="1"/>
		<b id="47" c="26 44" t="1"/>
		<b id="48" c="27 45" t="1"/>
		<b id="49" c="27 46" t="1"/>
		<b id="50" c="28 47" t="1"/>
	</bonds>
	<geometry>
		<g u="A" t="cart/3d">#47,3:-2.6888,-7.1159,-0.5065;-1.5832,-7.0978,0.2502;-1.9901,-7.3012,1.5186;-0.8745,-8.1913,-0.0882;-0.7806,-5.8360,0.1105;-1.2416,-4.7777,-0.6605;-0.4722,-3.6318,-0.7539;0.7372,-3.5452,-0.0856;1.2014,-4.6045,0.6829;2.5214,-4.5335,1.4028;2.3945,-5.0640,2.7491;1.5756,-4.2485,3.6281;2.2908,-2.9929,4.1464;3.5193,-3.3984,4.8044;4.0387,-2.5553,5.7526;3.5069,-1.3514,5.8346;4.0185,-0.4554,6.6776;5.1236,-0.7063,7.4422;5.8663,0.7019,8.4899;5.6708,-2.0125,7.4864;6.7251,-2.3916,8.3367;7.1180,-3.6997,8.4200;6.4428,-4.6855,7.6920;5.4341,-4.3403,6.8310;5.0619,-2.9949,6.6592;4.3863,-4.1195,3.8892;3.6521,-5.3734,3.3980;0.4319,-5.7559,0.7788;-2.1858,-4.8520,-1.1767;-0.8202,-2.8012,-1.3482;1.3267,-2.6431,-0.1639;2.8978,-3.4989,1.3669;3.2395,-5.1656,0.8688;1.2984,-4.8728,4.4825;0.6650,-3.9639,3.0987;1.6659,-2.4743,4.8722;2.4991,-2.2965,3.3226;3.5275,0.5080,6.6860;7.2078,-1.6371,8.9395;7.9282,-3.9801,9.0760;6.7148,-5.7227,7.8183;4.8853,-5.1095,6.3107;5.3263,-4.3805,4.3711;4.6206,-3.4760,3.0258;3.4241,-6.0128,4.2566;4.2864,-5.9332,2.7080;0.7814,-6.5786,1.3828;</g>
	</geometry>
	<conformers/>
	<properties/>
</molecule>
