<?xml version="1.0" ?>
<!--MOLLI PACKAGE EXPERIMENTAL XML FORMAT-->
<molecule name="el1275">
	<atoms>
		<a id="1" s="C" t="C.3" l="C"/>
		<a id="2" s="O" t="O.3" l="O"/>
		<a id="3" s="C" t="C.ar" l="C"/>
		<a id="4" s="C" t="C.ar" l="C"/>
		<a id="5" s="C" t="C.ar" l="C"/>
		<a id="6" s="C" t="C.ar" l="C"/>
		<a id="7" s="N" t="N.pl3" l="N"/>
		<a id="8" s="S" t="S.O2" l="S"/>
		<a id="9" s="O" t="O.2" l="O"/>
		<a id="10" s="O" t="O.2" l="O"/>
		<a id="11" s="C" t="C.ar" l="C"/>
		<a id="12" s="C" t="C.ar" l="C"/>
		<a id="13" s="C" t="C.ar" l="C"/>
		<a id="14" s="C" t="C.ar" l="C"/>
		<a id="15" s="Br" t="Br" l="BR"/>
		<a id="16" s="C" t="C.ar" l="C"/>
		<a id="17" s="C" t="C.ar" l="C"/>
		<a id="18" s="C" t="C.ar" l="C"/>
		<a id="19" s="C" t="C.ar" l="C"/>
		<a id="20" s="C" t="C.ar" l="C"/>
		<a id="21" s="C" t="C.ar" l="C"/>
		<a id="22" s="C" t="C.ar" l="C"/>
		<a id="23" s="C" t="C.ar" l="C"/>
		<a id="24" s="H" t="H" l="H"/>
		<a id="25" s="H" t="H" l="H"/>
		<a id="26" s="H" t="H" l="H"/>
		<a id="27" s="H" t="H" l="H"/>
		<a id="28" s="H" t="H" l="H"/>
		<a id="29" s="H" t="H" l="H"/>
		<a id="30" s="H" t="H" l="H"/>
		<a id="31" s="H" t="H" l="H"/>
		<a id="32" s="H" t="H" l="H"/>
		<a id="33" s="H" t="H" l="H"/>
		<a id="34" s="H" t="H" l="H"/>
		<a id="35" s="H" t="H" l="H"/>
		<a id="36" s="H" t="H" l="H"/>
		<a id="37" s="H" t="H" l="H"/>
	</atoms>
	<bonds>
		<b id="1" c="1 2" t="1"/>
		<b id="2" c="2 3" t="1"/>
		<b id="3" c="3 4" t="ar"/>
		<b id="4" c="4 5" t="ar"/>
		<b id="5" c="5 6" t="ar"/>
		<b id="6" c="6 7" t="1"/>
		<b id="7" c="7 8" t="1"/>
		<b id="8" c="8 9" t="2"/>
		<b id="9" c="8 10" t="2"/>
		<b id="10" c="8 11" t="1"/>
		<b id="11" c="11 12" t="ar"/>
		<b id="12" c="12 13" t="ar"/>
		<b id="13" c="13 14" t="ar"/>
		<b id="14" c="14 15" t="1"/>
		<b id="15" c="14 16" t="ar"/>
		<b id="16" c="16 17" t="ar"/>
		<b id="17" c="17 18" t="ar"/>
		<b id="18" c="18 19" t="ar"/>
		<b id="19" c="19 20" t="ar"/>
		<b id="20" c="20 21" t="ar"/>
		<b id="21" c="11 21" t="ar"/>
		<b id="22" c="16 21" t="ar"/>
		<b id="23" c="6 22" t="ar"/>
		<b id="24" c="22 23" t="ar"/>
		<b id="25" c="3 23" t="ar"/>
		<b id="26" c="1 24" t="1"/>
		<b id="27" c="1 25" t="1"/>
		<b id="28" c="1 26" t="1"/>
		<b id="29" c="4 27" t="1"/>
		<b id="30" c="5 28" t="1"/>
		<b id="31" c="7 29" t="1"/>
		<b id="32" c="12 30" t="1"/>
		<b id="33" c="13 31" t="1"/>
		<b id="34" c="17 32" t="1"/>
		<b id="35" c="18 33" t="1"/>
		<b id="36" c="19 34" t="1"/>
		<b id="37" c="20 35" t="1"/>
		<b id="38" c="22 36" t="1"/>
		<b id="39" c="23 37" t="1"/>
	</bonds>
	<geometry>
		<g u="A" t="cart/3d">#37,3:11.0976,1.1752,1.8181;10.8241,2.5512,1.9358;9.5263,2.9582,1.9426;8.4244,2.1152,1.8440;7.1448,2.6415,1.8752;6.9402,4.0081,1.9901;5.6442,4.5665,2.0560;5.0880,4.9167,3.6184;3.6728,5.0908,3.4845;5.5569,3.9254,4.5445;5.8241,6.5249,3.9129;5.0974,7.5667,3.4105;5.5644,8.8800,3.5290;6.7649,9.1097,4.1464;7.3597,10.9091,4.2760;7.5554,8.0626,4.6756;8.8007,8.2774,5.2992;9.5314,7.2297,5.7861;9.0447,5.9196,5.6794;7.8391,5.6719,5.0830;7.0620,6.7263,4.5602;8.0425,4.8538,2.0674;9.3185,4.3349,2.0494;12.1831,1.0899,1.8243;10.7091,0.7668,0.8797;10.6857,0.6097,2.6599;8.5453,1.0476,1.7532;6.2938,1.9790,1.8114;4.9405,3.9926,1.6108;4.1536,7.3580,2.9342;4.9836,9.6998,3.1359;9.1764,9.2859,5.3876;10.4849,7.4106,6.2584;9.6290,5.1017,6.0721;7.4540,4.6689,5.0117;7.8908,5.9197,2.1268;10.1798,4.9802,2.1136;</g>
	</geometry>
	<conformers/>
	<properties/>
</molecule>
