<?xml version="1.0" ?>
<!--MOLLI PACKAGE EXPERIMENTAL XML FORMAT-->
<molecule name="el1276">
	<atoms>
		<a id="1" s="C" t="C.3" l="C"/>
		<a id="2" s="S" t="S.O2" l="S"/>
		<a id="3" s="O" t="O.2" l="O"/>
		<a id="4" s="O" t="O.2" l="O"/>
		<a id="5" s="N" t="N.3" l="N"/>
		<a id="6" s="C" t="C.3" l="C"/>
		<a id="7" s="C" t="C.3" l="C"/>
		<a id="8" s="N" t="N.3" l="N"/>
		<a id="9" s="C" t="C.3" l="C"/>
		<a id="10" s="C" t="C.ar" l="C"/>
		<a id="11" s="C" t="C.ar" l="C"/>
		<a id="12" s="C" t="C.ar" l="C"/>
		<a id="13" s="C" t="C.ar" l="C"/>
		<a id="14" s="Br" t="Br" l="BR"/>
		<a id="15" s="C" t="C.ar" l="C"/>
		<a id="16" s="C" t="C.ar" l="C"/>
		<a id="17" s="C" t="C.3" l="C"/>
		<a id="18" s="C" t="C.3" l="C"/>
		<a id="19" s="H" t="H" l="H"/>
		<a id="20" s="H" t="H" l="H"/>
		<a id="21" s="H" t="H" l="H"/>
		<a id="22" s="H" t="H" l="H"/>
		<a id="23" s="H" t="H" l="H"/>
		<a id="24" s="H" t="H" l="H"/>
		<a id="25" s="H" t="H" l="H"/>
		<a id="26" s="H" t="H" l="H"/>
		<a id="27" s="H" t="H" l="H"/>
		<a id="28" s="H" t="H" l="H"/>
		<a id="29" s="H" t="H" l="H"/>
		<a id="30" s="H" t="H" l="H"/>
		<a id="31" s="H" t="H" l="H"/>
		<a id="32" s="H" t="H" l="H"/>
		<a id="33" s="H" t="H" l="H"/>
		<a id="34" s="H" t="H" l="H"/>
		<a id="35" s="H" t="H" l="H"/>
	</atoms>
	<bonds>
		<b id="1" c="1 2" t="1"/>
		<b id="2" c="2 3" t="2"/>
		<b id="3" c="2 4" t="2"/>
		<b id="4" c="2 5" t="1"/>
		<b id="5" c="5 6" t="1"/>
		<b id="6" c="6 7" t="1"/>
		<b id="7" c="7 8" t="1"/>
		<b id="8" c="8 9" t="1"/>
		<b id="9" c="9 10" t="1"/>
		<b id="10" c="10 11" t="ar"/>
		<b id="11" c="11 12" t="ar"/>
		<b id="12" c="12 13" t="ar"/>
		<b id="13" c="13 14" t="1"/>
		<b id="14" c="13 15" t="ar"/>
		<b id="15" c="15 16" t="ar"/>
		<b id="16" c="10 16" t="ar"/>
		<b id="17" c="8 17" t="1"/>
		<b id="18" c="17 18" t="1"/>
		<b id="19" c="5 18" t="1"/>
		<b id="20" c="1 19" t="1"/>
		<b id="21" c="1 20" t="1"/>
		<b id="22" c="1 21" t="1"/>
		<b id="23" c="6 22" t="1"/>
		<b id="24" c="6 23" t="1"/>
		<b id="25" c="7 24" t="1"/>
		<b id="26" c="7 25" t="1"/>
		<b id="27" c="9 26" t="1"/>
		<b id="28" c="9 27" t="1"/>
		<b id="29" c="11 28" t="1"/>
		<b id="30" c="12 29" t="1"/>
		<b id="31" c="15 30" t="1"/>
		<b id="32" c="16 31" t="1"/>
		<b id="33" c="17 32" t="1"/>
		<b id="34" c="17 33" t="1"/>
		<b id="35" c="18 34" t="1"/>
		<b id="36" c="18 35" t="1"/>
	</bonds>
	<geometry>
		<g u="A" t="cart/3d">#35,3:2.9745,-1.8354,0.2841;2.6696,-0.1446,-0.2825;3.5312,0.1171,-1.3969;1.2545,0.0180,-0.4609;3.2280,0.7135,1.0488;2.1912,1.0725,1.9992;1.4586,2.3548,1.5774;2.3571,3.4624,1.3030;2.8925,4.0951,2.4968;1.7963,4.7945,3.2558;1.6941,4.6877,4.6359;0.6914,5.3465,5.3260;-0.2178,6.1127,4.6197;-1.6043,7.0214,5.5615;-0.1404,6.2295,3.2418;0.8695,5.5703,2.5679;3.3578,3.0625,0.3316;4.1339,1.8078,0.7509;2.6171,-2.5133,-0.4797;2.4375,-1.9872,1.2098;4.0406,-1.9406,0.4257;2.6624,1.1913,2.9805;1.4836,0.2457,2.0444;0.7522,2.6559,2.3535;0.9056,2.1396,0.6592;3.6197,4.8456,2.1673;3.4164,3.3992,3.1716;2.4042,4.0862,5.1854;0.6159,5.2624,6.3993;-0.8597,6.8299,2.7063;0.9438,5.6406,1.4943;4.0446,3.8944,0.1613;2.8359,2.8394,-0.6046;4.7400,1.9970,1.6427;4.7795,1.4750,-0.0603;</g>
	</geometry>
	<conformers/>
	<properties/>
</molecule>
