<?xml version="1.0" ?>
<!--MOLLI PACKAGE EXPERIMENTAL XML FORMAT-->
<molecule name="el1278">
	<atoms>
		<a id="1" s="C" t="C.3" l="C"/>
		<a id="2" s="C" t="C.ar" l="C"/>
		<a id="3" s="C" t="C.ar" l="C"/>
		<a id="4" s="C" t="C.ar" l="C"/>
		<a id="5" s="C" t="C.ar" l="C"/>
		<a id="6" s="Br" t="Br" l="BR"/>
		<a id="7" s="C" t="C.ar" l="C"/>
		<a id="8" s="N" t="N.pl3" l="N"/>
		<a id="9" s="C" t="C.ar" l="C"/>
		<a id="10" s="H" t="H" l="H"/>
		<a id="11" s="H" t="H" l="H"/>
		<a id="12" s="H" t="H" l="H"/>
		<a id="13" s="H" t="H" l="H"/>
		<a id="14" s="H" t="H" l="H"/>
		<a id="15" s="H" t="H" l="H"/>
		<a id="16" s="H" t="H" l="H"/>
		<a id="17" s="H" t="H" l="H"/>
	</atoms>
	<bonds>
		<b id="1" c="1 2" t="1"/>
		<b id="2" c="2 3" t="ar"/>
		<b id="3" c="3 4" t="ar"/>
		<b id="4" c="4 5" t="ar"/>
		<b id="5" c="5 6" t="1"/>
		<b id="6" c="5 7" t="ar"/>
		<b id="7" c="7 8" t="1"/>
		<b id="8" c="7 9" t="ar"/>
		<b id="9" c="2 9" t="ar"/>
		<b id="10" c="1 10" t="1"/>
		<b id="11" c="1 11" t="1"/>
		<b id="12" c="1 12" t="1"/>
		<b id="13" c="3 13" t="1"/>
		<b id="14" c="4 14" t="1"/>
		<b id="15" c="8 15" t="1"/>
		<b id="16" c="8 16" t="1"/>
		<b id="17" c="9 17" t="1"/>
	</bonds>
	<geometry>
		<g u="A" t="cart/3d">#17,3:1.0777,0.0515,0.0386;2.5710,0.0501,-0.0867;3.2899,1.2386,-0.1209;4.6683,1.2151,-0.2334;5.3302,0.0075,-0.3110;7.2400,0.0073,-0.4787;4.6447,-1.2106,-0.2784;5.2996,-2.4126,-0.2869;3.2541,-1.1525,-0.1672;0.6865,1.0649,0.0108;0.7783,-0.4099,0.9790;0.6261,-0.5201,-0.7708;2.7770,2.1860,-0.0619;5.2302,2.1362,-0.2641;6.2587,-2.4177,-0.5950;4.7607,-3.2330,-0.5024;2.7038,-2.0826,-0.1398;</g>
	</geometry>
	<conformers/>
	<properties/>
</molecule>
