<?xml version="1.0" ?>
<!--MOLLI PACKAGE EXPERIMENTAL XML FORMAT-->
<molecule name="el1208">
	<atoms>
		<a id="1" s="C" t="C.3" l="C"/>
		<a id="2" s="C" t="C.3" l="C"/>
		<a id="3" s="C" t="C.3" l="C"/>
		<a id="4" s="C" t="C.3" l="C"/>
		<a id="5" s="O" t="O.3" l="O"/>
		<a id="6" s="C" t="C.2" l="C"/>
		<a id="7" s="O" t="O.2" l="O"/>
		<a id="8" s="N" t="N.am" l="N"/>
		<a id="9" s="C" t="C.3" l="C"/>
		<a id="10" s="C" t="C.3" l="C"/>
		<a id="11" s="C" t="C.3" l="C"/>
		<a id="12" s="C" t="C.ar" l="C"/>
		<a id="13" s="C" t="C.ar" l="C"/>
		<a id="14" s="C" t="C.ar" l="C"/>
		<a id="15" s="C" t="C.ar" l="C"/>
		<a id="16" s="C" t="C.ar" l="C"/>
		<a id="17" s="Br" t="Br" l="BR"/>
		<a id="18" s="N" t="N.ar" l="N"/>
		<a id="19" s="C" t="C.ar" l="C"/>
		<a id="20" s="C" t="C.ar" l="C"/>
		<a id="21" s="C" t="C.ar" l="C"/>
		<a id="22" s="C" t="C.ar" l="C"/>
		<a id="23" s="C" t="C.ar" l="C"/>
		<a id="24" s="N" t="N.ar" l="N"/>
		<a id="25" s="H" t="H" l="H"/>
		<a id="26" s="H" t="H" l="H"/>
		<a id="27" s="H" t="H" l="H"/>
		<a id="28" s="H" t="H" l="H"/>
		<a id="29" s="H" t="H" l="H"/>
		<a id="30" s="H" t="H" l="H"/>
		<a id="31" s="H" t="H" l="H"/>
		<a id="32" s="H" t="H" l="H"/>
		<a id="33" s="H" t="H" l="H"/>
		<a id="34" s="H" t="H" l="H"/>
		<a id="35" s="H" t="H" l="H"/>
		<a id="36" s="H" t="H" l="H"/>
		<a id="37" s="H" t="H" l="H"/>
		<a id="38" s="H" t="H" l="H"/>
		<a id="39" s="H" t="H" l="H"/>
		<a id="40" s="H" t="H" l="H"/>
		<a id="41" s="H" t="H" l="H"/>
		<a id="42" s="H" t="H" l="H"/>
		<a id="43" s="H" t="H" l="H"/>
		<a id="44" s="H" t="H" l="H"/>
		<a id="45" s="H" t="H" l="H"/>
		<a id="46" s="H" t="H" l="H"/>
	</atoms>
	<bonds>
		<b id="1" c="1 2" t="1"/>
		<b id="2" c="2 3" t="1"/>
		<b id="3" c="2 4" t="1"/>
		<b id="4" c="2 5" t="1"/>
		<b id="5" c="5 6" t="1"/>
		<b id="6" c="6 7" t="2"/>
		<b id="7" c="6 8" t="am"/>
		<b id="8" c="8 9" t="1"/>
		<b id="9" c="9 10" t="1"/>
		<b id="10" c="10 11" t="1"/>
		<b id="11" c="11 12" t="1"/>
		<b id="12" c="12 13" t="ar"/>
		<b id="13" c="13 14" t="ar"/>
		<b id="14" c="14 15" t="ar"/>
		<b id="15" c="15 16" t="ar"/>
		<b id="16" c="16 17" t="1"/>
		<b id="17" c="16 18" t="ar"/>
		<b id="18" c="12 18" t="ar"/>
		<b id="19" c="8 19" t="1"/>
		<b id="20" c="19 20" t="ar"/>
		<b id="21" c="20 21" t="ar"/>
		<b id="22" c="21 22" t="ar"/>
		<b id="23" c="22 23" t="ar"/>
		<b id="24" c="23 24" t="ar"/>
		<b id="25" c="19 24" t="ar"/>
		<b id="26" c="1 25" t="1"/>
		<b id="27" c="1 26" t="1"/>
		<b id="28" c="1 27" t="1"/>
		<b id="29" c="3 28" t="1"/>
		<b id="30" c="3 29" t="1"/>
		<b id="31" c="3 30" t="1"/>
		<b id="32" c="4 31" t="1"/>
		<b id="33" c="4 32" t="1"/>
		<b id="34" c="4 33" t="1"/>
		<b id="35" c="9 34" t="1"/>
		<b id="36" c="9 35" t="1"/>
		<b id="37" c="10 36" t="1"/>
		<b id="38" c="10 37" t="1"/>
		<b id="39" c="11 38" t="1"/>
		<b id="40" c="11 39" t="1"/>
		<b id="41" c="13 40" t="1"/>
		<b id="42" c="14 41" t="1"/>
		<b id="43" c="15 42" t="1"/>
		<b id="44" c="20 43" t="1"/>
		<b id="45" c="21 44" t="1"/>
		<b id="46" c="22 45" t="1"/>
		<b id="47" c="23 46" t="1"/>
	</bonds>
	<geometry>
		<g u="A" t="cart/3d">#46,3:4.3848,-1.5044,-0.7250;5.4192,-1.0092,0.2852;5.0798,-1.4818,1.6979;6.8213,-1.4729,-0.1121;5.5114,0.4379,0.2493;4.4487,1.1920,0.5406;3.3519,0.7806,0.8395;4.7273,2.5372,0.5055;3.6668,3.4141,0.9870;2.6288,3.6544,-0.1088;1.5027,4.5668,0.3883;0.4097,4.6367,-0.6321;-0.4931,3.5894,-0.8065;-1.4619,3.6934,-1.7902;-1.5122,4.8337,-2.5778;-0.5653,5.8084,-2.3137;-0.5526,7.4132,-3.3397;0.3581,5.7254,-1.3873;5.9437,3.1167,0.1349;6.7765,2.5735,-0.8470;7.9563,3.2285,-1.1433;8.2750,4.4023,-0.4747;7.3676,4.8743,0.4572;6.2392,4.2563,0.7516;4.3997,-2.5900,-0.7582;4.6129,-1.1187,-1.7168;3.3906,-1.1728,-0.4391;5.1068,-2.5670,1.7365;4.0868,-1.1426,1.9793;5.8024,-1.0842,2.4073;6.8768,-2.5567,-0.0792;7.5569,-1.0568,0.5710;7.0577,-1.1377,-1.1186;4.1342,4.3471,1.2993;3.1881,2.9335,1.8435;2.2129,2.6910,-0.4092;3.1100,4.1079,-0.9776;1.8911,5.5695,0.5653;1.1040,4.1656,1.3220;-0.4315,2.7146,-0.1785;-2.1753,2.8975,-1.9464;-2.2466,4.9641,-3.3559;6.5019,1.6736,-1.3683;8.6179,2.8316,-1.8997;9.1884,4.9365,-0.6811;7.5422,5.7934,1.0013;</g>
	</geometry>
	<conformers/>
	<properties/>
</molecule>
