<?xml version="1.0" ?>
<!--MOLLI PACKAGE EXPERIMENTAL XML FORMAT-->
<molecule name="el1288">
	<atoms>
		<a id="1" s="C" t="C.3" l="C"/>
		<a id="2" s="O" t="O.3" l="O"/>
		<a id="3" s="C" t="C.2" l="C"/>
		<a id="4" s="O" t="O.2" l="O"/>
		<a id="5" s="C" t="C.ar" l="C"/>
		<a id="6" s="C" t="C.ar" l="C"/>
		<a id="7" s="Br" t="Br" l="BR"/>
		<a id="8" s="C" t="C.ar" l="C"/>
		<a id="9" s="C" t="C.ar" l="C"/>
		<a id="10" s="C" t="C.ar" l="C"/>
		<a id="11" s="C" t="C.3" l="C"/>
		<a id="12" s="C" t="C.ar" l="C"/>
		<a id="13" s="C" t="C.ar" l="C"/>
		<a id="14" s="C" t="C.ar" l="C"/>
		<a id="15" s="N" t="N.ar" l="N"/>
		<a id="16" s="C" t="C.3" l="C"/>
		<a id="17" s="C" t="C.ar" l="C"/>
		<a id="18" s="C" t="C.ar" l="C"/>
		<a id="19" s="C" t="C.ar" l="C"/>
		<a id="20" s="C" t="C.ar" l="C"/>
		<a id="21" s="C" t="C.ar" l="C"/>
		<a id="22" s="C" t="C.ar" l="C"/>
		<a id="23" s="H" t="H" l="H"/>
		<a id="24" s="H" t="H" l="H"/>
		<a id="25" s="H" t="H" l="H"/>
		<a id="26" s="H" t="H" l="H"/>
		<a id="27" s="H" t="H" l="H"/>
		<a id="28" s="H" t="H" l="H"/>
		<a id="29" s="H" t="H" l="H"/>
		<a id="30" s="H" t="H" l="H"/>
		<a id="31" s="H" t="H" l="H"/>
		<a id="32" s="H" t="H" l="H"/>
		<a id="33" s="H" t="H" l="H"/>
		<a id="34" s="H" t="H" l="H"/>
		<a id="35" s="H" t="H" l="H"/>
		<a id="36" s="H" t="H" l="H"/>
		<a id="37" s="H" t="H" l="H"/>
		<a id="38" s="H" t="H" l="H"/>
	</atoms>
	<bonds>
		<b id="1" c="1 2" t="1"/>
		<b id="2" c="2 3" t="1"/>
		<b id="3" c="3 4" t="2"/>
		<b id="4" c="3 5" t="1"/>
		<b id="5" c="5 6" t="ar"/>
		<b id="6" c="6 7" t="1"/>
		<b id="7" c="6 8" t="ar"/>
		<b id="8" c="8 9" t="ar"/>
		<b id="9" c="9 10" t="ar"/>
		<b id="10" c="10 11" t="1"/>
		<b id="11" c="10 12" t="ar"/>
		<b id="12" c="12 13" t="ar"/>
		<b id="13" c="13 14" t="ar"/>
		<b id="14" c="8 14" t="ar"/>
		<b id="15" c="14 15" t="ar"/>
		<b id="16" c="5 15" t="ar"/>
		<b id="17" c="15 16" t="1"/>
		<b id="18" c="16 17" t="1"/>
		<b id="19" c="17 18" t="ar"/>
		<b id="20" c="18 19" t="ar"/>
		<b id="21" c="19 20" t="ar"/>
		<b id="22" c="20 21" t="ar"/>
		<b id="23" c="21 22" t="ar"/>
		<b id="24" c="17 22" t="ar"/>
		<b id="25" c="1 23" t="1"/>
		<b id="26" c="1 24" t="1"/>
		<b id="27" c="1 25" t="1"/>
		<b id="28" c="9 26" t="1"/>
		<b id="29" c="11 27" t="1"/>
		<b id="30" c="11 28" t="1"/>
		<b id="31" c="11 29" t="1"/>
		<b id="32" c="12 30" t="1"/>
		<b id="33" c="13 31" t="1"/>
		<b id="34" c="16 32" t="1"/>
		<b id="35" c="16 33" t="1"/>
		<b id="36" c="18 34" t="1"/>
		<b id="37" c="19 35" t="1"/>
		<b id="38" c="20 36" t="1"/>
		<b id="39" c="21 37" t="1"/>
		<b id="40" c="22 38" t="1"/>
	</bonds>
	<geometry>
		<g u="A" t="cart/3d">#38,3:1.1770,-0.2764,-2.4707;2.5937,-0.2785,-2.4421;3.1600,-0.4907,-1.2469;2.5179,-0.6879,-0.2394;4.6186,-0.4278,-1.3299;5.3977,0.1063,-2.3413;4.8173,0.8856,-3.9407;6.7525,0.0038,-1.9506;7.9557,0.3751,-2.5551;9.1363,0.1208,-1.8968;10.4577,0.4920,-2.4982;9.1107,-0.5039,-0.6353;7.9421,-0.8773,-0.0171;6.7412,-0.6203,-0.6788;5.4485,-0.8526,-0.3135;5.0260,-1.6070,0.8442;4.7112,-3.0364,0.4687;5.6783,-3.8248,-0.1429;5.3894,-5.1267,-0.5097;4.1313,-5.6527,-0.2690;3.1632,-4.8703,0.3365;3.4505,-3.5665,0.7020;0.8982,-0.1078,-3.5074;0.7855,0.5190,-1.8330;0.7900,-1.2344,-2.1168;7.9429,0.8532,-3.5238;10.3217,1.0143,-3.4410;11.0552,-0.4010,-2.6787;11.0174,1.1345,-1.8199;10.0514,-0.6936,-0.1401;7.9628,-1.3548,0.9504;4.1404,-1.1328,1.2711;5.8367,-1.5749,1.5767;6.6600,-3.4165,-0.3377;6.1477,-5.7314,-0.9848;3.9060,-6.6691,-0.5562;2.1789,-5.2746,0.5213;2.6913,-2.9503,1.1591;</g>
	</geometry>
	<conformers/>
	<properties/>
</molecule>
