<?xml version="1.0" ?>
<!--MOLLI PACKAGE EXPERIMENTAL XML FORMAT-->
<molecule name="el1209">
	<atoms>
		<a id="1" s="C" t="C.3" l="C"/>
		<a id="2" s="C" t="C.3" l="C"/>
		<a id="3" s="C" t="C.3" l="C"/>
		<a id="4" s="Si" t="Si" l="SI"/>
		<a id="5" s="C" t="C.3" l="C"/>
		<a id="6" s="C" t="C.3" l="C"/>
		<a id="7" s="C" t="C.3" l="C"/>
		<a id="8" s="C" t="C.3" l="C"/>
		<a id="9" s="C" t="C.3" l="C"/>
		<a id="10" s="C" t="C.3" l="C"/>
		<a id="11" s="N" t="N.ar" l="N"/>
		<a id="12" s="C" t="C.ar" l="C"/>
		<a id="13" s="C" t="C.ar" l="C"/>
		<a id="14" s="C" t="C.3" l="C"/>
		<a id="15" s="C" t="C.3" l="C"/>
		<a id="16" s="C" t="C.3" l="C"/>
		<a id="17" s="N" t="N.3" l="N"/>
		<a id="18" s="C" t="C.3" l="C"/>
		<a id="19" s="C" t="C.3" l="C"/>
		<a id="20" s="C" t="C.3" l="C"/>
		<a id="21" s="C" t="C.ar" l="C"/>
		<a id="22" s="C" t="C.ar" l="C"/>
		<a id="23" s="C" t="C.ar" l="C"/>
		<a id="24" s="C" t="C.ar" l="C"/>
		<a id="25" s="Br" t="Br" l="BR"/>
		<a id="26" s="C" t="C.ar" l="C"/>
		<a id="27" s="C" t="C.ar" l="C"/>
		<a id="28" s="H" t="H" l="H"/>
		<a id="29" s="H" t="H" l="H"/>
		<a id="30" s="H" t="H" l="H"/>
		<a id="31" s="H" t="H" l="H"/>
		<a id="32" s="H" t="H" l="H"/>
		<a id="33" s="H" t="H" l="H"/>
		<a id="34" s="H" t="H" l="H"/>
		<a id="35" s="H" t="H" l="H"/>
		<a id="36" s="H" t="H" l="H"/>
		<a id="37" s="H" t="H" l="H"/>
		<a id="38" s="H" t="H" l="H"/>
		<a id="39" s="H" t="H" l="H"/>
		<a id="40" s="H" t="H" l="H"/>
		<a id="41" s="H" t="H" l="H"/>
		<a id="42" s="H" t="H" l="H"/>
		<a id="43" s="H" t="H" l="H"/>
		<a id="44" s="H" t="H" l="H"/>
		<a id="45" s="H" t="H" l="H"/>
		<a id="46" s="H" t="H" l="H"/>
		<a id="47" s="H" t="H" l="H"/>
		<a id="48" s="H" t="H" l="H"/>
		<a id="49" s="H" t="H" l="H"/>
		<a id="50" s="H" t="H" l="H"/>
		<a id="51" s="H" t="H" l="H"/>
		<a id="52" s="H" t="H" l="H"/>
		<a id="53" s="H" t="H" l="H"/>
		<a id="54" s="H" t="H" l="H"/>
		<a id="55" s="H" t="H" l="H"/>
		<a id="56" s="H" t="H" l="H"/>
		<a id="57" s="H" t="H" l="H"/>
		<a id="58" s="H" t="H" l="H"/>
		<a id="59" s="H" t="H" l="H"/>
		<a id="60" s="H" t="H" l="H"/>
		<a id="61" s="H" t="H" l="H"/>
		<a id="62" s="H" t="H" l="H"/>
		<a id="63" s="H" t="H" l="H"/>
		<a id="64" s="H" t="H" l="H"/>
	</atoms>
	<bonds>
		<b id="1" c="1 2" t="1"/>
		<b id="2" c="2 3" t="1"/>
		<b id="3" c="2 4" t="1"/>
		<b id="4" c="4 5" t="1"/>
		<b id="5" c="5 6" t="1"/>
		<b id="6" c="5 7" t="1"/>
		<b id="7" c="4 8" t="1"/>
		<b id="8" c="8 9" t="1"/>
		<b id="9" c="8 10" t="1"/>
		<b id="10" c="4 11" t="1"/>
		<b id="11" c="11 12" t="ar"/>
		<b id="12" c="12 13" t="ar"/>
		<b id="13" c="13 14" t="1"/>
		<b id="14" c="14 15" t="1"/>
		<b id="15" c="15 16" t="1"/>
		<b id="16" c="16 17" t="1"/>
		<b id="17" c="17 18" t="1"/>
		<b id="18" c="17 19" t="1"/>
		<b id="19" c="19 20" t="1"/>
		<b id="20" c="14 20" t="1"/>
		<b id="21" c="13 21" t="ar"/>
		<b id="22" c="21 22" t="ar"/>
		<b id="23" c="22 23" t="ar"/>
		<b id="24" c="23 24" t="ar"/>
		<b id="25" c="24 25" t="1"/>
		<b id="26" c="24 26" t="ar"/>
		<b id="27" c="26 27" t="ar"/>
		<b id="28" c="21 27" t="ar"/>
		<b id="29" c="11 27" t="ar"/>
		<b id="30" c="1 28" t="1"/>
		<b id="31" c="1 29" t="1"/>
		<b id="32" c="1 30" t="1"/>
		<b id="33" c="2 31" t="1"/>
		<b id="34" c="3 32" t="1"/>
		<b id="35" c="3 33" t="1"/>
		<b id="36" c="3 34" t="1"/>
		<b id="37" c="5 35" t="1"/>
		<b id="38" c="6 36" t="1"/>
		<b id="39" c="6 37" t="1"/>
		<b id="40" c="6 38" t="1"/>
		<b id="41" c="7 39" t="1"/>
		<b id="42" c="7 40" t="1"/>
		<b id="43" c="7 41" t="1"/>
		<b id="44" c="8 42" t="1"/>
		<b id="45" c="9 43" t="1"/>
		<b id="46" c="9 44" t="1"/>
		<b id="47" c="9 45" t="1"/>
		<b id="48" c="10 46" t="1"/>
		<b id="49" c="10 47" t="1"/>
		<b id="50" c="10 48" t="1"/>
		<b id="51" c="12 49" t="1"/>
		<b id="52" c="14 50" t="1"/>
		<b id="53" c="15 51" t="1"/>
		<b id="54" c="15 52" t="1"/>
		<b id="55" c="16 53" t="1"/>
		<b id="56" c="16 54" t="1"/>
		<b id="57" c="18 55" t="1"/>
		<b id="58" c="18 56" t="1"/>
		<b id="59" c="18 57" t="1"/>
		<b id="60" c="19 58" t="1"/>
		<b id="61" c="19 59" t="1"/>
		<b id="62" c="20 60" t="1"/>
		<b id="63" c="20 61" t="1"/>
		<b id="64" c="22 62" t="1"/>
		<b id="65" c="23 63" t="1"/>
		<b id="66" c="26 64" t="1"/>
	</bonds>
	<geometry>
		<g u="A" t="cart/3d">#64,3:1.0835,-0.3176,-0.0364;2.5915,-0.1635,0.1642;3.2639,-0.0122,-1.2000;3.0200,1.2496,1.4084;2.3742,2.9761,0.8393;0.9081,3.2026,1.2148;3.2134,4.1397,1.3710;2.2273,0.7931,3.1067;2.3991,-0.6738,3.5056;2.6453,1.7097,4.2569;4.7910,1.3217,1.5179;5.5565,0.7804,2.5336;6.8885,0.8969,2.2991;8.0728,0.4700,3.1125;8.7784,-0.7320,2.4649;7.9790,-2.0108,2.6829;7.8759,-2.2815,4.1045;7.3250,-3.5905,4.3721;7.1050,-1.2378,4.7542;7.7695,0.1261,4.5750;6.9996,1.5639,1.0356;8.0870,1.9763,0.2685;7.8577,2.6143,-0.9298;6.5489,2.8408,-1.3523;6.2646,3.7293,-3.0185;5.4470,2.4526,-0.6203;5.6794,1.8065,0.5858;0.8703,-1.1883,-0.6551;0.6772,0.5563,-0.5400;0.5663,-0.4401,0.9118;2.9643,-1.0997,0.5962;2.9135,0.8833,-1.7079;3.0255,-0.8662,-1.8325;4.3447,0.0440,-1.1009;2.4206,3.0114,-0.2541;0.7917,3.2778,2.2927;0.2773,2.3926,0.8586;0.5500,4.1310,0.7732;3.1717,4.1826,2.4565;2.8346,5.0833,0.9813;4.2556,4.0462,1.0788;1.1510,0.9428,2.9679;3.4439,-0.9404,3.6396;1.9792,-1.3335,2.7512;1.8836,-0.8672,4.4459;3.7144,1.6609,4.4443;2.1294,1.4222,5.1729;2.3908,2.7434,4.0400;5.0631,0.3543,3.3803;8.7721,1.3175,3.1064;9.7594,-0.8576,2.9260;8.9125,-0.5627,1.3953;8.4945,-2.8503,2.2084;6.9808,-1.9117,2.2141;7.9491,-4.3455,3.8952;6.2915,-3.7058,4.0029;7.3284,-3.7651,5.4481;7.0529,-1.4682,5.8230;6.0704,-1.2206,4.3664;8.7201,0.1058,5.1139;7.1414,0.8995,5.0229;9.0984,1.8055,0.6046;8.6821,2.9410,-1.5443;4.4536,2.6504,-0.9830;</g>
	</geometry>
	<conformers/>
	<properties/>
</molecule>
