<?xml version="1.0" ?>
<!--MOLLI PACKAGE EXPERIMENTAL XML FORMAT-->
<molecule name="el1295">
	<atoms>
		<a id="1" s="C" t="C.3" l="C"/>
		<a id="2" s="O" t="O.3" l="O"/>
		<a id="3" s="C" t="C.ar" l="C"/>
		<a id="4" s="C" t="C.ar" l="C"/>
		<a id="5" s="C" t="C.ar" l="C"/>
		<a id="6" s="C" t="C.ar" l="C"/>
		<a id="7" s="C" t="C.ar" l="C"/>
		<a id="8" s="C" t="C.ar" l="C"/>
		<a id="9" s="C" t="C.ar" l="C"/>
		<a id="10" s="Br" t="Br" l="BR"/>
		<a id="11" s="C" t="C.ar" l="C"/>
		<a id="12" s="C" t="C.2" l="C"/>
		<a id="13" s="O" t="O.2" l="O"/>
		<a id="14" s="O" t="O.3" l="O"/>
		<a id="15" s="C" t="C.3" l="C"/>
		<a id="16" s="C" t="C.3" l="C"/>
		<a id="17" s="C" t="C.3" l="C"/>
		<a id="18" s="N" t="N.ar" l="N"/>
		<a id="19" s="C" t="C.3" l="C"/>
		<a id="20" s="H" t="H" l="H"/>
		<a id="21" s="H" t="H" l="H"/>
		<a id="22" s="H" t="H" l="H"/>
		<a id="23" s="H" t="H" l="H"/>
		<a id="24" s="H" t="H" l="H"/>
		<a id="25" s="H" t="H" l="H"/>
		<a id="26" s="H" t="H" l="H"/>
		<a id="27" s="H" t="H" l="H"/>
		<a id="28" s="H" t="H" l="H"/>
		<a id="29" s="H" t="H" l="H"/>
		<a id="30" s="H" t="H" l="H"/>
		<a id="31" s="H" t="H" l="H"/>
		<a id="32" s="H" t="H" l="H"/>
		<a id="33" s="H" t="H" l="H"/>
		<a id="34" s="H" t="H" l="H"/>
		<a id="35" s="H" t="H" l="H"/>
	</atoms>
	<bonds>
		<b id="1" c="1 2" t="1"/>
		<b id="2" c="2 3" t="1"/>
		<b id="3" c="3 4" t="ar"/>
		<b id="4" c="4 5" t="ar"/>
		<b id="5" c="5 6" t="ar"/>
		<b id="6" c="6 7" t="ar"/>
		<b id="7" c="7 8" t="ar"/>
		<b id="8" c="3 8" t="ar"/>
		<b id="9" c="7 9" t="ar"/>
		<b id="10" c="9 10" t="1"/>
		<b id="11" c="9 11" t="ar"/>
		<b id="12" c="11 12" t="1"/>
		<b id="13" c="12 13" t="2"/>
		<b id="14" c="12 14" t="1"/>
		<b id="15" c="14 15" t="1"/>
		<b id="16" c="15 16" t="1"/>
		<b id="17" c="15 17" t="1"/>
		<b id="18" c="11 18" t="ar"/>
		<b id="19" c="6 18" t="ar"/>
		<b id="20" c="18 19" t="1"/>
		<b id="21" c="1 20" t="1"/>
		<b id="22" c="1 21" t="1"/>
		<b id="23" c="1 22" t="1"/>
		<b id="24" c="4 23" t="1"/>
		<b id="25" c="5 24" t="1"/>
		<b id="26" c="8 25" t="1"/>
		<b id="27" c="15 26" t="1"/>
		<b id="28" c="16 27" t="1"/>
		<b id="29" c="16 28" t="1"/>
		<b id="30" c="16 29" t="1"/>
		<b id="31" c="17 30" t="1"/>
		<b id="32" c="17 31" t="1"/>
		<b id="33" c="17 32" t="1"/>
		<b id="34" c="19 33" t="1"/>
		<b id="35" c="19 34" t="1"/>
		<b id="36" c="19 35" t="1"/>
	</bonds>
	<geometry>
		<g u="A" t="cart/3d">#35,3:1.2104,0.5832,-0.3886;2.3802,-0.0512,0.0646;3.0202,-0.9303,-0.7586;2.5921,-1.2367,-2.0638;3.2723,-2.1351,-2.8556;4.4083,-2.7456,-2.3356;4.8504,-2.4371,-1.0253;4.1531,-1.5287,-0.2342;6.0173,-3.2118,-0.8261;7.0111,-3.2125,0.7575;6.2456,-3.9524,-1.9751;7.3218,-4.9159,-2.2278;7.3707,-5.6776,-3.1717;8.2472,-4.8625,-1.2736;9.3517,-5.7758,-1.3542;10.3848,-5.2542,-2.3476;9.9154,-5.8974,0.0534;5.2535,-3.6634,-2.8869;5.1104,-4.1748,-4.2238;0.8826,1.2140,0.4363;0.4222,-0.1399,-0.6230;1.4029,1.2105,-1.2655;1.7112,-0.7627,-2.4657;2.9255,-2.3540,-3.8533;4.4773,-1.2883,0.7652;8.9634,-6.7415,-1.7052;10.7280,-4.2681,-2.0427;9.9480,-5.1878,-3.3413;11.2329,-5.9318,-2.3836;10.2666,-4.9267,0.3930;10.7416,-6.6022,0.0606;9.1462,-6.2414,0.7395;5.8719,-4.9289,-4.4035;5.2193,-3.3654,-4.9497;4.1236,-4.6262,-4.3430;</g>
	</geometry>
	<conformers/>
	<properties/>
</molecule>
