<?xml version="1.0" ?>
<!--MOLLI PACKAGE EXPERIMENTAL XML FORMAT-->
<molecule name="el1296">
	<atoms>
		<a id="1" s="C" t="C.3" l="C"/>
		<a id="2" s="C" t="C.3" l="C"/>
		<a id="3" s="N" t="N.ar" l="N"/>
		<a id="4" s="C" t="C.ar" l="C"/>
		<a id="5" s="C" t="C.2" l="C"/>
		<a id="6" s="O" t="O.2" l="O"/>
		<a id="7" s="O" t="O.3" l="O"/>
		<a id="8" s="C" t="C.3" l="C"/>
		<a id="9" s="C" t="C.ar" l="C"/>
		<a id="10" s="Br" t="Br" l="BR"/>
		<a id="11" s="C" t="C.ar" l="C"/>
		<a id="12" s="C" t="C.ar" l="C"/>
		<a id="13" s="C" t="C.ar" l="C"/>
		<a id="14" s="C" t="C.ar" l="C"/>
		<a id="15" s="O" t="O.3" l="O"/>
		<a id="16" s="C" t="C.3" l="C"/>
		<a id="17" s="C" t="C.ar" l="C"/>
		<a id="18" s="C" t="C.ar" l="C"/>
		<a id="19" s="H" t="H" l="H"/>
		<a id="20" s="H" t="H" l="H"/>
		<a id="21" s="H" t="H" l="H"/>
		<a id="22" s="H" t="H" l="H"/>
		<a id="23" s="H" t="H" l="H"/>
		<a id="24" s="H" t="H" l="H"/>
		<a id="25" s="H" t="H" l="H"/>
		<a id="26" s="H" t="H" l="H"/>
		<a id="27" s="H" t="H" l="H"/>
		<a id="28" s="H" t="H" l="H"/>
		<a id="29" s="H" t="H" l="H"/>
		<a id="30" s="H" t="H" l="H"/>
		<a id="31" s="H" t="H" l="H"/>
		<a id="32" s="H" t="H" l="H"/>
	</atoms>
	<bonds>
		<b id="1" c="1 2" t="1"/>
		<b id="2" c="2 3" t="1"/>
		<b id="3" c="3 4" t="ar"/>
		<b id="4" c="4 5" t="1"/>
		<b id="5" c="5 6" t="2"/>
		<b id="6" c="5 7" t="1"/>
		<b id="7" c="7 8" t="1"/>
		<b id="8" c="4 9" t="ar"/>
		<b id="9" c="9 10" t="1"/>
		<b id="10" c="9 11" t="ar"/>
		<b id="11" c="11 12" t="ar"/>
		<b id="12" c="12 13" t="ar"/>
		<b id="13" c="13 14" t="ar"/>
		<b id="14" c="14 15" t="1"/>
		<b id="15" c="15 16" t="1"/>
		<b id="16" c="14 17" t="ar"/>
		<b id="17" c="17 18" t="ar"/>
		<b id="18" c="11 18" t="ar"/>
		<b id="19" c="3 18" t="ar"/>
		<b id="20" c="1 19" t="1"/>
		<b id="21" c="1 20" t="1"/>
		<b id="22" c="1 21" t="1"/>
		<b id="23" c="2 22" t="1"/>
		<b id="24" c="2 23" t="1"/>
		<b id="25" c="8 24" t="1"/>
		<b id="26" c="8 25" t="1"/>
		<b id="27" c="8 26" t="1"/>
		<b id="28" c="12 27" t="1"/>
		<b id="29" c="13 28" t="1"/>
		<b id="30" c="16 29" t="1"/>
		<b id="31" c="16 30" t="1"/>
		<b id="32" c="16 31" t="1"/>
		<b id="33" c="17 32" t="1"/>
	</bonds>
	<geometry>
		<g u="A" t="cart/3d">#32,3:3.6026,0.1844,-0.9814;2.4325,0.0900,-0.0055;2.8719,0.2781,1.3559;3.3334,-0.6985,2.2197;3.3816,-2.1152,1.8704;3.0831,-2.5922,0.7970;3.8121,-2.8608,2.8991;3.9092,-4.2539,2.6612;3.7138,-0.0920,3.4049;4.4054,-0.9007,4.9429;3.4975,1.2985,3.2742;3.6917,2.3923,4.1168;3.3715,3.6466,3.6594;2.8568,3.8372,2.3624;2.5237,5.0529,1.8482;2.6843,6.2015,2.6459;2.6583,2.7612,1.5099;2.9770,1.4891,1.9684;3.2382,0.1180,-2.0023;4.2944,-0.6355,-0.8073;4.1307,1.1268,-0.8539;1.9650,-0.8914,-0.0904;1.6895,0.8606,-0.2243;4.2733,-4.6911,3.5870;4.6037,-4.4514,1.8416;2.9313,-4.6635,2.3988;4.0875,2.2478,5.1104;3.5215,4.4926,4.3099;2.3550,7.0347,2.0268;3.7309,6.3542,2.9280;2.0651,6.1557,3.5475;2.2692,2.9453,0.5223;</g>
	</geometry>
	<conformers/>
	<properties/>
</molecule>
