<?xml version="1.0" ?>
<!--MOLLI PACKAGE EXPERIMENTAL XML FORMAT-->
<molecule name="el3610">
	<atoms>
		<a id="1" s="H" t="H" l="H1"/>
		<a id="2" s="C" t="C.3" l="C"/>
		<a id="3" s="H" t="H" l="H2"/>
		<a id="4" s="O" t="O.3" l="O"/>
		<a id="5" s="C" t="C.3" l="CA"/>
		<a id="6" s="N" t="N.pl3" l="N"/>
		<a id="7" s="C" t="C.ar" l="C"/>
		<a id="8" s="N" t="N.ar" l="N"/>
		<a id="9" s="C" t="C.ar" l="C"/>
		<a id="10" s="Cl" t="Cl" l="CL"/>
		<a id="11" s="N" t="N.ar" l="N"/>
		<a id="12" s="C" t="C.ar" l="C"/>
		<a id="13" s="C" t="C.ar" l="C"/>
		<a id="14" s="C" t="C.2" l="C"/>
		<a id="15" s="O" t="O.2" l="O"/>
		<a id="16" s="O" t="O.3" l="O"/>
		<a id="17" s="C" t="C.3" l="C"/>
		<a id="18" s="C" t="C.3" l="C"/>
		<a id="19" s="C" t="C.ar" l="C"/>
		<a id="20" s="C" t="C.ar" l="C"/>
		<a id="21" s="C" t="C.ar" l="C"/>
		<a id="22" s="C" t="C.ar" l="C"/>
		<a id="23" s="C" t="C.ar" l="C"/>
		<a id="24" s="C" t="C.ar" l="C"/>
		<a id="25" s="H" t="H" l="H"/>
		<a id="26" s="H" t="H" l="HA"/>
		<a id="27" s="H" t="H" l="H"/>
		<a id="28" s="H" t="H" l="H"/>
		<a id="29" s="H" t="H" l="H"/>
		<a id="30" s="H" t="H" l="H"/>
		<a id="31" s="H" t="H" l="H"/>
		<a id="32" s="H" t="H" l="H"/>
		<a id="33" s="H" t="H" l="H"/>
		<a id="34" s="H" t="H" l="H"/>
		<a id="35" s="H" t="H" l="H"/>
		<a id="36" s="H" t="H" l="H"/>
		<a id="37" s="H" t="H" l="H"/>
		<a id="38" s="H" t="H" l="H"/>
	</atoms>
	<bonds>
		<b id="1" c="1 2" t="1"/>
		<b id="2" c="2 3" t="1"/>
		<b id="3" c="2 4" t="1"/>
		<b id="4" c="2 5" t="1"/>
		<b id="5" c="5 6" t="1"/>
		<b id="6" c="6 7" t="1"/>
		<b id="7" c="7 8" t="ar"/>
		<b id="8" c="8 9" t="ar"/>
		<b id="9" c="9 10" t="1"/>
		<b id="10" c="9 11" t="ar"/>
		<b id="11" c="11 12" t="ar"/>
		<b id="12" c="12 13" t="ar"/>
		<b id="13" c="7 13" t="ar"/>
		<b id="14" c="13 14" t="1"/>
		<b id="15" c="14 15" t="2"/>
		<b id="16" c="14 16" t="1"/>
		<b id="17" c="16 17" t="1"/>
		<b id="18" c="17 18" t="1"/>
		<b id="19" c="5 19" t="1"/>
		<b id="20" c="19 20" t="ar"/>
		<b id="21" c="20 21" t="ar"/>
		<b id="22" c="21 22" t="ar"/>
		<b id="23" c="22 23" t="ar"/>
		<b id="24" c="23 24" t="ar"/>
		<b id="25" c="19 24" t="ar"/>
		<b id="26" c="4 25" t="1"/>
		<b id="27" c="5 26" t="1"/>
		<b id="28" c="6 27" t="1"/>
		<b id="29" c="12 28" t="1"/>
		<b id="30" c="17 29" t="1"/>
		<b id="31" c="17 30" t="1"/>
		<b id="32" c="18 31" t="1"/>
		<b id="33" c="18 32" t="1"/>
		<b id="34" c="18 33" t="1"/>
		<b id="35" c="20 34" t="1"/>
		<b id="36" c="21 35" t="1"/>
		<b id="37" c="22 36" t="1"/>
		<b id="38" c="23 37" t="1"/>
		<b id="39" c="24 38" t="1"/>
	</bonds>
	<geometry>
		<g u="A" t="cart/3d">#38,3:0.8455,1.9315,1.6044;1.9391,1.9183,1.5280;2.2609,2.6004,0.7304;2.5372,2.2784,2.7575;2.4070,0.4947,1.2037;2.0010,-0.4065,2.2712;0.7432,-0.8102,2.4450;-0.1513,-0.4390,1.5161;-1.3769,-0.8793,1.6270;-2.4510,-0.3857,0.4010;-1.8781,-1.6509,2.5743;-1.0222,-2.0013,3.5205;0.3166,-1.6256,3.5348;1.1356,-2.0882,4.6680;0.6882,-2.6993,5.6070;2.4433,-1.7736,4.5555;3.2946,-2.1606,5.6376;3.2884,-1.1179,6.7453;1.9427,-0.0463,-0.1320;2.3459,-1.3332,-0.4744;1.9504,-1.9056,-1.6687;1.1484,-1.1943,-2.5447;0.7489,0.0886,-2.2151;1.1426,0.6611,-1.0176;2.2398,3.1596,3.0048;3.5036,0.5021,1.2219;2.6415,-0.5604,3.0356;-1.4151,-2.6191,4.3168;4.2876,-2.2624,5.1943;2.9558,-3.1272,6.0230;3.5848,-0.1471,6.3541;3.9828,-1.4143,7.5261;2.2918,-1.0383,7.1729;2.9687,-1.8933,0.2089;2.2688,-2.9075,-1.9161;0.8347,-1.6390,-3.4773;0.1184,0.6479,-2.8903;0.8036,1.6552,-0.7767;</g>
	</geometry>
	<conformers/>
	<properties/>
</molecule>
