<?xml version="1.0" ?>
<!--MOLLI PACKAGE EXPERIMENTAL XML FORMAT-->
<molecule name="el3706">
	<atoms>
		<a id="1" s="Cl" t="Cl" l="CL"/>
		<a id="2" s="C" t="C.ar" l="C"/>
		<a id="3" s="C" t="C.ar" l="C"/>
		<a id="4" s="C" t="C.ar" l="C"/>
		<a id="5" s="C" t="C.ar" l="C"/>
		<a id="6" s="N" t="N.ar" l="N"/>
		<a id="7" s="C" t="C.ar" l="C"/>
		<a id="8" s="C" t="C.ar" l="C"/>
		<a id="9" s="C" t="C.ar" l="C"/>
		<a id="10" s="C" t="C.ar" l="C"/>
		<a id="11" s="C" t="C.ar" l="C"/>
		<a id="12" s="C" t="C.ar" l="C"/>
		<a id="13" s="H" t="H" l="H"/>
		<a id="14" s="H" t="H" l="H"/>
		<a id="15" s="H" t="H" l="H"/>
		<a id="16" s="H" t="H" l="H"/>
		<a id="17" s="H" t="H" l="H"/>
		<a id="18" s="H" t="H" l="H"/>
		<a id="19" s="H" t="H" l="H"/>
		<a id="20" s="H" t="H" l="H"/>
	</atoms>
	<bonds>
		<b id="1" c="1 2" t="1"/>
		<b id="2" c="2 3" t="ar"/>
		<b id="3" c="3 4" t="ar"/>
		<b id="4" c="4 5" t="ar"/>
		<b id="5" c="5 6" t="1"/>
		<b id="6" c="6 7" t="ar"/>
		<b id="7" c="7 8" t="ar"/>
		<b id="8" c="8 9" t="ar"/>
		<b id="9" c="9 10" t="ar"/>
		<b id="10" c="6 10" t="ar"/>
		<b id="11" c="5 11" t="ar"/>
		<b id="12" c="11 12" t="ar"/>
		<b id="13" c="2 12" t="ar"/>
		<b id="14" c="3 13" t="1"/>
		<b id="15" c="4 14" t="1"/>
		<b id="16" c="7 15" t="1"/>
		<b id="17" c="8 16" t="1"/>
		<b id="18" c="9 17" t="1"/>
		<b id="19" c="10 18" t="1"/>
		<b id="20" c="11 19" t="1"/>
		<b id="21" c="12 20" t="1"/>
	</bonds>
	<geometry>
		<g u="A" t="cart/3d">#20,3:-2.0626,-0.0028,-0.0462;-0.3343,0.0007,-0.0177;0.3532,1.1927,-0.1841;1.7341,1.1930,-0.1633;2.4403,0.0064,0.0285;3.8349,0.0092,0.0523;4.6262,1.0188,0.5263;5.9327,0.6521,0.3889;5.9453,-0.6280,-0.2076;4.6457,-0.9982,-0.3925;1.7330,-1.1831,0.1968;0.3521,-1.1885,0.1716;-0.1895,2.1122,-0.3366;2.2694,2.1177,-0.3131;4.2025,1.9010,0.9628;6.7887,1.2282,0.6795;6.8129,-1.2018,-0.4668;4.2407,-1.8815,-0.8443;2.2668,-2.1055,0.3643;-0.1915,-2.1102,0.3060;</g>
	</geometry>
	<conformers/>
	<properties/>
</molecule>
