<?xml version="1.0" ?>
<!--MOLLI PACKAGE EXPERIMENTAL XML FORMAT-->
<molecule name="el3707">
	<atoms>
		<a id="1" s="C" t="C.3" l="C"/>
		<a id="2" s="C" t="C.ar" l="C"/>
		<a id="3" s="C" t="C.ar" l="C"/>
		<a id="4" s="C" t="C.ar" l="C"/>
		<a id="5" s="C" t="C.ar" l="C"/>
		<a id="6" s="C" t="C.3" l="C"/>
		<a id="7" s="C" t="C.ar" l="C"/>
		<a id="8" s="C" t="C.ar" l="C"/>
		<a id="9" s="C" t="C.ar" l="C"/>
		<a id="10" s="C" t="C.ar" l="C"/>
		<a id="11" s="C" t="C.ar" l="C"/>
		<a id="12" s="Cl" t="Cl" l="CL"/>
		<a id="13" s="C" t="C.ar" l="C"/>
		<a id="14" s="C" t="C.ar" l="C"/>
		<a id="15" s="C" t="C.ar" l="C"/>
		<a id="16" s="H" t="H" l="H"/>
		<a id="17" s="H" t="H" l="H"/>
		<a id="18" s="H" t="H" l="H"/>
		<a id="19" s="H" t="H" l="H"/>
		<a id="20" s="H" t="H" l="H"/>
		<a id="21" s="H" t="H" l="H"/>
		<a id="22" s="H" t="H" l="H"/>
		<a id="23" s="H" t="H" l="H"/>
		<a id="24" s="H" t="H" l="H"/>
		<a id="25" s="H" t="H" l="H"/>
		<a id="26" s="H" t="H" l="H"/>
		<a id="27" s="H" t="H" l="H"/>
		<a id="28" s="H" t="H" l="H"/>
	</atoms>
	<bonds>
		<b id="1" c="1 2" t="1"/>
		<b id="2" c="2 3" t="ar"/>
		<b id="3" c="3 4" t="ar"/>
		<b id="4" c="4 5" t="ar"/>
		<b id="5" c="5 6" t="1"/>
		<b id="6" c="5 7" t="ar"/>
		<b id="7" c="7 8" t="1"/>
		<b id="8" c="8 9" t="ar"/>
		<b id="9" c="9 10" t="ar"/>
		<b id="10" c="10 11" t="ar"/>
		<b id="11" c="11 12" t="1"/>
		<b id="12" c="11 13" t="ar"/>
		<b id="13" c="13 14" t="ar"/>
		<b id="14" c="8 14" t="ar"/>
		<b id="15" c="7 15" t="ar"/>
		<b id="16" c="2 15" t="ar"/>
		<b id="17" c="1 16" t="1"/>
		<b id="18" c="1 17" t="1"/>
		<b id="19" c="1 18" t="1"/>
		<b id="20" c="3 19" t="1"/>
		<b id="21" c="4 20" t="1"/>
		<b id="22" c="6 21" t="1"/>
		<b id="23" c="6 22" t="1"/>
		<b id="24" c="6 23" t="1"/>
		<b id="25" c="9 24" t="1"/>
		<b id="26" c="10 25" t="1"/>
		<b id="27" c="13 26" t="1"/>
		<b id="28" c="14 27" t="1"/>
		<b id="29" c="15 28" t="1"/>
	</bonds>
	<geometry>
		<g u="A" t="cart/3d">#28,3:2.8810,-0.0589,-0.2090;1.3858,-0.0140,-0.1136;0.6990,1.1894,-0.0376;-0.6793,1.2037,0.0672;-1.4203,0.0295,0.0863;-2.9116,0.1032,0.2323;-0.7373,-1.1869,-0.0053;-1.4375,-2.4859,-0.0032;-2.4259,-2.7775,-0.9391;-3.0582,-4.0070,-0.9442;-2.7028,-4.9579,-0.0014;-3.4970,-6.4963,0.0041;-1.7170,-4.6929,0.9355;-1.0880,-3.4621,0.9260;0.6509,-1.1900,-0.0917;3.2971,0.9433,-0.2720;3.1902,-0.6217,-1.0886;3.3009,-0.5537,0.6663;1.2446,2.1221,-0.0529;-1.1967,2.1502,0.1406;-3.1821,0.9233,0.8942;-3.3165,-0.8218,0.6347;-3.3806,0.2902,-0.7338;-2.6905,-2.0404,-1.6820;-3.8221,-4.2283,-1.6723;-1.4468,-5.4427,1.6627;-0.3230,-3.2476,1.6569;1.1657,-2.1385,-0.1607;</g>
	</geometry>
	<conformers/>
	<properties/>
</molecule>
