<?xml version="1.0" ?>
<!--MOLLI PACKAGE EXPERIMENTAL XML FORMAT-->
<molecule name="el3710">
	<atoms>
		<a id="1" s="C" t="C.3" l="C"/>
		<a id="2" s="O" t="O.3" l="O"/>
		<a id="3" s="C" t="C.2" l="C"/>
		<a id="4" s="O" t="O.2" l="O"/>
		<a id="5" s="C" t="C.2" l="C"/>
		<a id="6" s="C" t="C.2" l="C"/>
		<a id="7" s="C" t="C.ar" l="C"/>
		<a id="8" s="C" t="C.ar" l="C"/>
		<a id="9" s="C" t="C.ar" l="C"/>
		<a id="10" s="C" t="C.ar" l="C"/>
		<a id="11" s="Cl" t="Cl" l="CL"/>
		<a id="12" s="C" t="C.ar" l="C"/>
		<a id="13" s="O" t="O.3" l="O"/>
		<a id="14" s="C" t="C.3" l="C"/>
		<a id="15" s="C" t="C.ar" l="C"/>
		<a id="16" s="H" t="H" l="H"/>
		<a id="17" s="H" t="H" l="H"/>
		<a id="18" s="H" t="H" l="H"/>
		<a id="19" s="H" t="H" l="H"/>
		<a id="20" s="H" t="H" l="H"/>
		<a id="21" s="H" t="H" l="H"/>
		<a id="22" s="H" t="H" l="H"/>
		<a id="23" s="H" t="H" l="H"/>
		<a id="24" s="H" t="H" l="H"/>
		<a id="25" s="H" t="H" l="H"/>
		<a id="26" s="H" t="H" l="H"/>
	</atoms>
	<bonds>
		<b id="1" c="1 2" t="1"/>
		<b id="2" c="2 3" t="1"/>
		<b id="3" c="3 4" t="2"/>
		<b id="4" c="3 5" t="1"/>
		<b id="5" c="5 6" t="2"/>
		<b id="6" c="6 7" t="1"/>
		<b id="7" c="7 8" t="ar"/>
		<b id="8" c="8 9" t="ar"/>
		<b id="9" c="9 10" t="ar"/>
		<b id="10" c="10 11" t="1"/>
		<b id="11" c="10 12" t="ar"/>
		<b id="12" c="12 13" t="1"/>
		<b id="13" c="13 14" t="1"/>
		<b id="14" c="12 15" t="ar"/>
		<b id="15" c="7 15" t="ar"/>
		<b id="16" c="1 16" t="1"/>
		<b id="17" c="1 17" t="1"/>
		<b id="18" c="1 18" t="1"/>
		<b id="19" c="5 19" t="1"/>
		<b id="20" c="6 20" t="1"/>
		<b id="21" c="8 21" t="1"/>
		<b id="22" c="9 22" t="1"/>
		<b id="23" c="14 23" t="1"/>
		<b id="24" c="14 24" t="1"/>
		<b id="25" c="14 25" t="1"/>
		<b id="26" c="15 26" t="1"/>
	</bonds>
	<geometry>
		<g u="A" t="cart/3d">#26,3:1.1976,3.9750,0.2949;2.6083,4.0006,0.1494;3.1664,2.9029,-0.3924;2.5288,1.9382,-0.7407;4.6254,3.0483,-0.4887;5.3708,2.0554,-0.9888;6.8109,2.0290,-1.1477;7.4271,0.8478,-1.5739;8.7938,0.7993,-1.7216;9.5919,1.9093,-1.4634;11.3006,1.6700,-1.6895;9.0069,3.1100,-1.0483;9.5866,4.2969,-0.7500;10.9657,4.5427,-0.9218;7.6172,3.1321,-0.8980;0.9344,4.8471,0.8881;0.8847,3.0570,0.7969;0.7152,4.0201,-0.6841;5.0267,3.9820,-0.1301;4.8458,1.1608,-1.3033;6.8318,-0.0277,-1.7808;9.2732,-0.1124,-2.0433;11.0949,5.5930,-0.6607;11.2795,4.3892,-1.9566;11.5759,3.9307,-0.2542;7.1902,4.0686,-0.5787;</g>
	</geometry>
	<conformers/>
	<properties/>
</molecule>
