<?xml version="1.0" ?>
<!--MOLLI PACKAGE EXPERIMENTAL XML FORMAT-->
<molecule name="el3714">
	<atoms>
		<a id="1" s="C" t="C.3" l="C"/>
		<a id="2" s="O" t="O.3" l="O"/>
		<a id="3" s="C" t="C.ar" l="C"/>
		<a id="4" s="C" t="C.ar" l="C"/>
		<a id="5" s="C" t="C.ar" l="C"/>
		<a id="6" s="C" t="C.ar" l="C"/>
		<a id="7" s="C" t="C.ar" l="C"/>
		<a id="8" s="N" t="N.pl3" l="N"/>
		<a id="9" s="O" t="O.2" l="O"/>
		<a id="10" s="O" t="O.co2" l="O"/>
		<a id="11" s="C" t="C.ar" l="C"/>
		<a id="12" s="Cl" t="Cl" l="CL"/>
		<a id="13" s="N" t="N.ar" l="N"/>
		<a id="14" s="C" t="C.ar" l="C"/>
		<a id="15" s="C" t="C.ar" l="C"/>
		<a id="16" s="C" t="C.ar" l="C"/>
		<a id="17" s="O" t="O.3" l="O"/>
		<a id="18" s="C" t="C.3" l="C"/>
		<a id="19" s="H" t="H" l="H"/>
		<a id="20" s="H" t="H" l="H"/>
		<a id="21" s="H" t="H" l="H"/>
		<a id="22" s="H" t="H" l="H"/>
		<a id="23" s="H" t="H" l="H"/>
		<a id="24" s="H" t="H" l="H"/>
		<a id="25" s="H" t="H" l="H"/>
		<a id="26" s="H" t="H" l="H"/>
		<a id="27" s="H" t="H" l="H"/>
	</atoms>
	<bonds>
		<b id="1" c="1 2" t="1"/>
		<b id="2" c="2 3" t="1"/>
		<b id="3" c="3 4" t="ar"/>
		<b id="4" c="4 5" t="ar"/>
		<b id="5" c="5 6" t="ar"/>
		<b id="6" c="6 7" t="ar"/>
		<b id="7" c="7 8" t="1"/>
		<b id="8" c="8 9" t="2"/>
		<b id="9" c="8 10" t="1"/>
		<b id="10" c="7 11" t="ar"/>
		<b id="11" c="11 12" t="1"/>
		<b id="12" c="11 13" t="ar"/>
		<b id="13" c="13 14" t="ar"/>
		<b id="14" c="5 14" t="ar"/>
		<b id="15" c="14 15" t="ar"/>
		<b id="16" c="15 16" t="ar"/>
		<b id="17" c="3 16" t="ar"/>
		<b id="18" c="16 17" t="1"/>
		<b id="19" c="17 18" t="1"/>
		<b id="20" c="1 19" t="1"/>
		<b id="21" c="1 20" t="1"/>
		<b id="22" c="1 21" t="1"/>
		<b id="23" c="4 22" t="1"/>
		<b id="24" c="6 23" t="1"/>
		<b id="25" c="15 24" t="1"/>
		<b id="26" c="18 25" t="1"/>
		<b id="27" c="18 26" t="1"/>
		<b id="28" c="18 27" t="1"/>
	</bonds>
	<geometry>
		<g u="A" t="cart/3d">#27,3:3.1829,0.6006,-1.0430;2.7751,-0.3601,-0.0964;3.4626,-0.4560,1.0604;4.5490,0.2992,1.4113;5.1862,0.1090,2.6568;6.2885,0.8574,3.0817;6.8448,0.6238,4.3239;7.9569,1.4424,4.7295;8.6344,1.9143,3.8385;8.1389,1.6277,5.9103;6.2891,-0.4056,5.1253;6.9753,-0.8260,6.6367;5.2667,-1.1129,4.7431;4.6913,-0.8812,3.5517;3.5734,-1.6505,3.1816;2.9619,-1.4565,1.9684;1.8936,-2.1336,1.5143;1.3329,-3.1379,2.3301;2.4899,0.5030,-1.8762;4.2013,0.4098,-1.3936;3.1216,1.6144,-0.6355;4.9456,1.0533,0.7509;6.7097,1.6323,2.4566;3.2296,-2.3874,3.8872;0.4959,-3.5413,1.7632;0.9691,-2.7258,3.2757;2.0545,-3.9342,2.5334;</g>
	</geometry>
	<conformers/>
	<properties/>
</molecule>
