<?xml version="1.0" ?>
<!--MOLLI PACKAGE EXPERIMENTAL XML FORMAT-->
<molecule name="el3715">
	<atoms>
		<a id="1" s="C" t="C.3" l="C"/>
		<a id="2" s="O" t="O.3" l="O"/>
		<a id="3" s="C" t="C.ar" l="C"/>
		<a id="4" s="C" t="C.ar" l="C"/>
		<a id="5" s="C" t="C.ar" l="C"/>
		<a id="6" s="C" t="C.ar" l="C"/>
		<a id="7" s="Cl" t="Cl" l="CL"/>
		<a id="8" s="C" t="C.ar" l="C"/>
		<a id="9" s="C" t="C.ar" l="C"/>
		<a id="10" s="N" t="N.ar" l="N"/>
		<a id="11" s="C" t="C.ar" l="C"/>
		<a id="12" s="C" t="C.ar" l="C"/>
		<a id="13" s="C" t="C.ar" l="C"/>
		<a id="14" s="O" t="O.3" l="O"/>
		<a id="15" s="C" t="C.3" l="C"/>
		<a id="16" s="C" t="C.3" l="C"/>
		<a id="17" s="C" t="C.3" l="C"/>
		<a id="18" s="N" t="N.3" l="N"/>
		<a id="19" s="C" t="C.3" l="C"/>
		<a id="20" s="C" t="C.3" l="C"/>
		<a id="21" s="C" t="C.3" l="C"/>
		<a id="22" s="C" t="C.3" l="C"/>
		<a id="23" s="H" t="H" l="H"/>
		<a id="24" s="H" t="H" l="H"/>
		<a id="25" s="H" t="H" l="H"/>
		<a id="26" s="H" t="H" l="H"/>
		<a id="27" s="H" t="H" l="H"/>
		<a id="28" s="H" t="H" l="H"/>
		<a id="29" s="H" t="H" l="H"/>
		<a id="30" s="H" t="H" l="H"/>
		<a id="31" s="H" t="H" l="H"/>
		<a id="32" s="H" t="H" l="H"/>
		<a id="33" s="H" t="H" l="H"/>
		<a id="34" s="H" t="H" l="H"/>
		<a id="35" s="H" t="H" l="H"/>
		<a id="36" s="H" t="H" l="H"/>
		<a id="37" s="H" t="H" l="H"/>
		<a id="38" s="H" t="H" l="H"/>
		<a id="39" s="H" t="H" l="H"/>
		<a id="40" s="H" t="H" l="H"/>
		<a id="41" s="H" t="H" l="H"/>
		<a id="42" s="H" t="H" l="H"/>
		<a id="43" s="H" t="H" l="H"/>
	</atoms>
	<bonds>
		<b id="1" c="1 2" t="1"/>
		<b id="2" c="2 3" t="1"/>
		<b id="3" c="3 4" t="ar"/>
		<b id="4" c="4 5" t="ar"/>
		<b id="5" c="5 6" t="ar"/>
		<b id="6" c="6 7" t="1"/>
		<b id="7" c="6 8" t="ar"/>
		<b id="8" c="8 9" t="ar"/>
		<b id="9" c="9 10" t="ar"/>
		<b id="10" c="10 11" t="ar"/>
		<b id="11" c="5 11" t="ar"/>
		<b id="12" c="11 12" t="ar"/>
		<b id="13" c="12 13" t="ar"/>
		<b id="14" c="3 13" t="ar"/>
		<b id="15" c="13 14" t="1"/>
		<b id="16" c="14 15" t="1"/>
		<b id="17" c="15 16" t="1"/>
		<b id="18" c="16 17" t="1"/>
		<b id="19" c="17 18" t="1"/>
		<b id="20" c="18 19" t="1"/>
		<b id="21" c="19 20" t="1"/>
		<b id="22" c="20 21" t="1"/>
		<b id="23" c="21 22" t="1"/>
		<b id="24" c="18 22" t="1"/>
		<b id="25" c="1 23" t="1"/>
		<b id="26" c="1 24" t="1"/>
		<b id="27" c="1 25" t="1"/>
		<b id="28" c="4 26" t="1"/>
		<b id="29" c="8 27" t="1"/>
		<b id="30" c="9 28" t="1"/>
		<b id="31" c="12 29" t="1"/>
		<b id="32" c="15 30" t="1"/>
		<b id="33" c="15 31" t="1"/>
		<b id="34" c="16 32" t="1"/>
		<b id="35" c="16 33" t="1"/>
		<b id="36" c="17 34" t="1"/>
		<b id="37" c="17 35" t="1"/>
		<b id="38" c="19 36" t="1"/>
		<b id="39" c="19 37" t="1"/>
		<b id="40" c="20 38" t="1"/>
		<b id="41" c="20 39" t="1"/>
		<b id="42" c="21 40" t="1"/>
		<b id="43" c="21 41" t="1"/>
		<b id="44" c="22 42" t="1"/>
		<b id="45" c="22 43" t="1"/>
	</bonds>
	<geometry>
		<g u="A" t="cart/3d">#43,3:1.4687,-0.9030,-0.6886;2.3681,-0.2022,0.1368;2.6416,-0.6996,1.3791;2.0676,-1.8426,1.8770;2.3999,-2.3488,3.1459;1.8429,-3.5128,3.7100;0.6522,-4.4174,2.8375;2.2385,-3.9335,4.9540;3.2049,-3.1711,5.6294;3.7485,-2.0879,5.1506;3.3688,-1.6620,3.9329;3.9321,-0.4860,3.4140;3.5910,0.0145,2.1779;4.2370,1.1483,1.8227;3.7767,1.9925,0.7808;4.5058,3.3230,0.9371;4.0533,4.3362,-0.1116;4.8556,5.5345,-0.0598;4.6895,6.3293,1.1527;4.9517,7.7891,0.7463;5.3683,7.6984,-0.7236;4.6610,6.4317,-1.1837;1.4290,-0.3379,-1.6187;0.4677,-0.9461,-0.2481;1.8212,-1.9181,-0.8954;1.3459,-2.3923,1.2951;1.8226,-4.8203,5.4035;3.5414,-3.4762,6.6114;4.6582,0.0446,4.0070;2.6944,2.1443,0.8617;3.9950,1.5500,-0.1976;5.5786,3.1597,0.8371;4.3165,3.7071,1.9396;2.9756,4.5553,0.0279;4.1779,3.9000,-1.1072;5.4036,5.9832,1.9040;3.6758,6.2206,1.5687;5.7207,8.2527,1.3610;4.0394,8.3785,0.8441;6.4457,7.5583,-0.8021;5.0811,8.5760,-1.2994;5.0992,5.9986,-2.0849;3.5918,6.6345,-1.3756;</g>
	</geometry>
	<conformers/>
	<properties/>
</molecule>
