<?xml version="1.0" ?>
<!--MOLLI PACKAGE EXPERIMENTAL XML FORMAT-->
<molecule name="el3718">
	<atoms>
		<a id="1" s="C" t="C.3" l="C"/>
		<a id="2" s="N" t="N.ar" l="N"/>
		<a id="3" s="C" t="C.ar" l="C"/>
		<a id="4" s="C" t="C.ar" l="C"/>
		<a id="5" s="C" t="C.ar" l="C"/>
		<a id="6" s="N" t="N.ar" l="N"/>
		<a id="7" s="C" t="C.ar" l="C"/>
		<a id="8" s="Cl" t="Cl" l="CL"/>
		<a id="9" s="N" t="N.ar" l="N"/>
		<a id="10" s="C" t="C.ar" l="C"/>
		<a id="11" s="C" t="C.ar" l="C"/>
		<a id="12" s="C" t="C.ar" l="C"/>
		<a id="13" s="C" t="C.ar" l="C"/>
		<a id="14" s="N" t="N.ar" l="N"/>
		<a id="15" s="C" t="C.3" l="C"/>
		<a id="16" s="O" t="O.3" l="O"/>
		<a id="17" s="C" t="C.3" l="C"/>
		<a id="18" s="C" t="C.3" l="C"/>
		<a id="19" s="Si" t="Si" l="SI"/>
		<a id="20" s="C" t="C.3" l="C"/>
		<a id="21" s="C" t="C.3" l="C"/>
		<a id="22" s="C" t="C.3" l="C"/>
		<a id="23" s="C" t="C.ar" l="C"/>
		<a id="24" s="N" t="N.ar" l="N"/>
		<a id="25" s="H" t="H" l="H"/>
		<a id="26" s="H" t="H" l="H"/>
		<a id="27" s="H" t="H" l="H"/>
		<a id="28" s="H" t="H" l="H"/>
		<a id="29" s="H" t="H" l="H"/>
		<a id="30" s="H" t="H" l="H"/>
		<a id="31" s="H" t="H" l="H"/>
		<a id="32" s="H" t="H" l="H"/>
		<a id="33" s="H" t="H" l="H"/>
		<a id="34" s="H" t="H" l="H"/>
		<a id="35" s="H" t="H" l="H"/>
		<a id="36" s="H" t="H" l="H"/>
		<a id="37" s="H" t="H" l="H"/>
		<a id="38" s="H" t="H" l="H"/>
		<a id="39" s="H" t="H" l="H"/>
		<a id="40" s="H" t="H" l="H"/>
		<a id="41" s="H" t="H" l="H"/>
		<a id="42" s="H" t="H" l="H"/>
		<a id="43" s="H" t="H" l="H"/>
		<a id="44" s="H" t="H" l="H"/>
		<a id="45" s="H" t="H" l="H"/>
		<a id="46" s="H" t="H" l="H"/>
	</atoms>
	<bonds>
		<b id="1" c="1 2" t="1"/>
		<b id="2" c="2 3" t="ar"/>
		<b id="3" c="3 4" t="ar"/>
		<b id="4" c="4 5" t="1"/>
		<b id="5" c="5 6" t="ar"/>
		<b id="6" c="6 7" t="ar"/>
		<b id="7" c="7 8" t="1"/>
		<b id="8" c="7 9" t="ar"/>
		<b id="9" c="9 10" t="ar"/>
		<b id="10" c="10 11" t="ar"/>
		<b id="11" c="5 11" t="ar"/>
		<b id="12" c="11 12" t="ar"/>
		<b id="13" c="12 13" t="ar"/>
		<b id="14" c="13 14" t="ar"/>
		<b id="15" c="10 14" t="ar"/>
		<b id="16" c="14 15" t="1"/>
		<b id="17" c="15 16" t="1"/>
		<b id="18" c="16 17" t="1"/>
		<b id="19" c="17 18" t="1"/>
		<b id="20" c="18 19" t="1"/>
		<b id="21" c="19 20" t="1"/>
		<b id="22" c="19 21" t="1"/>
		<b id="23" c="19 22" t="1"/>
		<b id="24" c="4 23" t="ar"/>
		<b id="25" c="23 24" t="ar"/>
		<b id="26" c="2 24" t="ar"/>
		<b id="27" c="1 25" t="1"/>
		<b id="28" c="1 26" t="1"/>
		<b id="29" c="1 27" t="1"/>
		<b id="30" c="3 28" t="1"/>
		<b id="31" c="12 29" t="1"/>
		<b id="32" c="13 30" t="1"/>
		<b id="33" c="15 31" t="1"/>
		<b id="34" c="15 32" t="1"/>
		<b id="35" c="17 33" t="1"/>
		<b id="36" c="17 34" t="1"/>
		<b id="37" c="18 35" t="1"/>
		<b id="38" c="18 36" t="1"/>
		<b id="39" c="20 37" t="1"/>
		<b id="40" c="20 38" t="1"/>
		<b id="41" c="20 39" t="1"/>
		<b id="42" c="21 40" t="1"/>
		<b id="43" c="21 41" t="1"/>
		<b id="44" c="21 42" t="1"/>
		<b id="45" c="22 43" t="1"/>
		<b id="46" c="22 44" t="1"/>
		<b id="47" c="22 45" t="1"/>
		<b id="48" c="23 46" t="1"/>
	</bonds>
	<geometry>
		<g u="A" t="cart/3d">#46,3:-1.5472,0.3725,-1.5409;-0.2996,0.2455,-0.8450;0.5416,-0.7949,-0.8517;1.6104,-0.4616,-0.0257;2.7473,-1.3040,0.2509;2.7338,-2.5041,-0.3399;3.7375,-3.3288,-0.1410;3.6201,-4.8438,-0.9280;4.8182,-3.1494,0.5881;4.8403,-1.9641,1.1921;3.8321,-0.9673,1.0757;4.2645,0.1138,1.8937;5.4528,-0.2550,2.4417;5.8188,-1.5071,2.0093;6.9491,-2.2808,2.4660;6.7160,-2.9148,3.6781;5.7521,-3.9623,3.6085;5.7830,-4.7597,4.8960;4.5611,-6.2358,4.8548;4.6697,-7.1355,6.5338;2.7859,-5.5931,4.5750;5.0418,-7.4240,3.4420;1.2877,0.8355,0.4310;0.1420,1.2375,-0.0716;-1.4021,0.2424,-2.6142;-1.9349,1.3694,-1.3442;-2.2633,-0.3710,-1.1870;0.3671,-1.6895,-1.4126;3.7604,1.0438,2.0552;6.0893,0.2807,3.1187;7.7988,-1.6097,2.6277;7.1742,-3.0089,1.6707;5.9831,-4.6021,2.7472;4.7530,-3.5343,3.4531;5.5530,-4.0879,5.7229;6.8027,-5.1100,5.0559;4.4354,-6.4712,7.3597;5.6639,-7.5349,6.7071;3.9726,-7.9661,6.5747;2.5087,-4.8466,5.3141;2.0602,-6.3989,4.6361;2.6842,-5.1385,3.5935;6.0872,-7.7136,3.5027;4.8832,-6.9656,2.4701;4.4493,-8.3336,3.4718;1.8328,1.4773,1.0911;</g>
	</geometry>
	<conformers/>
	<properties/>
</molecule>
