<?xml version="1.0" ?>
<!--MOLLI PACKAGE EXPERIMENTAL XML FORMAT-->
<molecule name="el3720">
	<atoms>
		<a id="1" s="C" t="C.3" l="C"/>
		<a id="2" s="C" t="C.3" l="C"/>
		<a id="3" s="C" t="C.3" l="C"/>
		<a id="4" s="N" t="N.pl3" l="N"/>
		<a id="5" s="C" t="C.ar" l="C"/>
		<a id="6" s="N" t="N.ar" l="N"/>
		<a id="7" s="C" t="C.ar" l="C"/>
		<a id="8" s="Cl" t="Cl" l="CL"/>
		<a id="9" s="N" t="N.ar" l="N"/>
		<a id="10" s="C" t="C.ar" l="C"/>
		<a id="11" s="C" t="C.ar" l="C"/>
		<a id="12" s="N" t="N.ar" l="N"/>
		<a id="13" s="C" t="C.ar" l="C"/>
		<a id="14" s="N" t="N.ar" l="N"/>
		<a id="15" s="C" t="C.3" l="C"/>
		<a id="16" s="H" t="H" l="H"/>
		<a id="17" s="H" t="H" l="H"/>
		<a id="18" s="H" t="H" l="H"/>
		<a id="19" s="H" t="H" l="H"/>
		<a id="20" s="H" t="H" l="H"/>
		<a id="21" s="H" t="H" l="H"/>
		<a id="22" s="H" t="H" l="H"/>
		<a id="23" s="H" t="H" l="H"/>
		<a id="24" s="H" t="H" l="H"/>
		<a id="25" s="H" t="H" l="H"/>
		<a id="26" s="H" t="H" l="H"/>
		<a id="27" s="H" t="H" l="H"/>
	</atoms>
	<bonds>
		<b id="1" c="1 2" t="1"/>
		<b id="2" c="2 3" t="1"/>
		<b id="3" c="3 4" t="1"/>
		<b id="4" c="4 5" t="1"/>
		<b id="5" c="5 6" t="ar"/>
		<b id="6" c="6 7" t="ar"/>
		<b id="7" c="7 8" t="1"/>
		<b id="8" c="7 9" t="ar"/>
		<b id="9" c="9 10" t="ar"/>
		<b id="10" c="10 11" t="ar"/>
		<b id="11" c="5 11" t="ar"/>
		<b id="12" c="11 12" t="ar"/>
		<b id="13" c="12 13" t="ar"/>
		<b id="14" c="13 14" t="ar"/>
		<b id="15" c="10 14" t="ar"/>
		<b id="16" c="14 15" t="1"/>
		<b id="17" c="1 16" t="1"/>
		<b id="18" c="1 17" t="1"/>
		<b id="19" c="1 18" t="1"/>
		<b id="20" c="2 19" t="1"/>
		<b id="21" c="2 20" t="1"/>
		<b id="22" c="3 21" t="1"/>
		<b id="23" c="3 22" t="1"/>
		<b id="24" c="4 23" t="1"/>
		<b id="25" c="13 24" t="1"/>
		<b id="26" c="15 25" t="1"/>
		<b id="27" c="15 26" t="1"/>
		<b id="28" c="15 27" t="1"/>
	</bonds>
	<geometry>
		<g u="A" t="cart/3d">#27,3:1.5506,0.9558,-0.7162;2.8773,0.2325,-0.5302;2.8012,-1.2057,-1.0483;4.0564,-1.8984,-0.9018;4.9230,-2.0844,-1.9036;4.5715,-1.7666,-3.1553;5.4226,-1.9916,-4.1369;4.8616,-1.5502,-5.6888;6.6344,-2.4986,-4.0946;6.9980,-2.8126,-2.8470;6.2029,-2.6400,-1.7031;6.8936,-3.0658,-0.5985;8.0387,-3.4708,-1.0600;8.1706,-3.3490,-2.4135;9.3012,-3.6821,-3.2316;1.6110,1.9676,-0.3228;0.7526,0.4314,-0.1945;1.2936,1.0115,-1.7712;3.1472,0.2219,0.5290;3.6638,0.7597,-1.0731;2.5624,-1.2071,-2.1126;2.0287,-1.7567,-0.5036;4.4040,-2.0855,0.0267;8.8227,-3.8712,-0.4472;10.0025,-4.2813,-2.6533;9.7979,-2.7737,-3.5792;8.9633,-4.2432,-4.1031;</g>
	</geometry>
	<conformers/>
	<properties/>
</molecule>
