<?xml version="1.0" ?>
<!--MOLLI PACKAGE EXPERIMENTAL XML FORMAT-->
<molecule name="el3722">
	<atoms>
		<a id="1" s="Cl" t="Cl" l="CL"/>
		<a id="2" s="C" t="C.ar" l="C"/>
		<a id="3" s="N" t="N.ar" l="N"/>
		<a id="4" s="C" t="C.ar" l="C"/>
		<a id="5" s="N" t="N.pl3" l="N"/>
		<a id="6" s="C" t="C.3" l="C"/>
		<a id="7" s="C" t="C.ar" l="C"/>
		<a id="8" s="C" t="C.ar" l="C"/>
		<a id="9" s="C" t="C.ar" l="C"/>
		<a id="10" s="C" t="C.ar" l="C"/>
		<a id="11" s="C" t="C.ar" l="C"/>
		<a id="12" s="C" t="C.ar" l="C"/>
		<a id="13" s="C" t="C.ar" l="C"/>
		<a id="14" s="N" t="N.ar" l="N"/>
		<a id="15" s="C" t="C.ar" l="C"/>
		<a id="16" s="N" t="N.ar" l="N"/>
		<a id="17" s="C" t="C.3" l="C"/>
		<a id="18" s="C" t="C.3" l="C"/>
		<a id="19" s="C" t="C.3" l="C"/>
		<a id="20" s="C" t="C.3" l="C"/>
		<a id="21" s="C" t="C.3" l="C"/>
		<a id="22" s="O" t="O.3" l="O"/>
		<a id="23" s="C" t="C.ar" l="C"/>
		<a id="24" s="N" t="N.ar" l="N"/>
		<a id="25" s="H" t="H" l="H"/>
		<a id="26" s="H" t="H" l="H"/>
		<a id="27" s="H" t="H" l="H"/>
		<a id="28" s="H" t="H" l="H"/>
		<a id="29" s="H" t="H" l="H"/>
		<a id="30" s="H" t="H" l="H"/>
		<a id="31" s="H" t="H" l="H"/>
		<a id="32" s="H" t="H" l="H"/>
		<a id="33" s="H" t="H" l="H"/>
		<a id="34" s="H" t="H" l="H"/>
		<a id="35" s="H" t="H" l="H"/>
		<a id="36" s="H" t="H" l="H"/>
		<a id="37" s="H" t="H" l="H"/>
		<a id="38" s="H" t="H" l="H"/>
		<a id="39" s="H" t="H" l="H"/>
		<a id="40" s="H" t="H" l="H"/>
		<a id="41" s="H" t="H" l="H"/>
		<a id="42" s="H" t="H" l="H"/>
	</atoms>
	<bonds>
		<b id="1" c="1 2" t="1"/>
		<b id="2" c="2 3" t="ar"/>
		<b id="3" c="3 4" t="ar"/>
		<b id="4" c="4 5" t="1"/>
		<b id="5" c="5 6" t="1"/>
		<b id="6" c="6 7" t="1"/>
		<b id="7" c="7 8" t="ar"/>
		<b id="8" c="8 9" t="ar"/>
		<b id="9" c="9 10" t="ar"/>
		<b id="10" c="10 11" t="ar"/>
		<b id="11" c="11 12" t="ar"/>
		<b id="12" c="7 12" t="ar"/>
		<b id="13" c="4 13" t="ar"/>
		<b id="14" c="13 14" t="ar"/>
		<b id="15" c="14 15" t="ar"/>
		<b id="16" c="15 16" t="ar"/>
		<b id="17" c="16 17" t="1"/>
		<b id="18" c="17 18" t="1"/>
		<b id="19" c="18 19" t="1"/>
		<b id="20" c="19 20" t="1"/>
		<b id="21" c="20 21" t="1"/>
		<b id="22" c="21 22" t="1"/>
		<b id="23" c="17 22" t="1"/>
		<b id="24" c="16 23" t="ar"/>
		<b id="25" c="13 23" t="ar"/>
		<b id="26" c="23 24" t="ar"/>
		<b id="27" c="2 24" t="ar"/>
		<b id="28" c="5 25" t="1"/>
		<b id="29" c="6 26" t="1"/>
		<b id="30" c="6 27" t="1"/>
		<b id="31" c="8 28" t="1"/>
		<b id="32" c="9 29" t="1"/>
		<b id="33" c="10 30" t="1"/>
		<b id="34" c="11 31" t="1"/>
		<b id="35" c="12 32" t="1"/>
		<b id="36" c="15 33" t="1"/>
		<b id="37" c="17 34" t="1"/>
		<b id="38" c="18 35" t="1"/>
		<b id="39" c="18 36" t="1"/>
		<b id="40" c="19 37" t="1"/>
		<b id="41" c="19 38" t="1"/>
		<b id="42" c="20 39" t="1"/>
		<b id="43" c="20 40" t="1"/>
		<b id="44" c="21 41" t="1"/>
		<b id="45" c="21 42" t="1"/>
	</bonds>
	<geometry>
		<g u="A" t="cart/3d">#42,3:1.2082,-0.1520,-0.2412;2.9032,-0.2115,-0.0542;3.4127,-1.4209,0.0445;4.7384,-1.5682,0.1924;5.1937,-2.8178,0.3051;6.5735,-3.1931,0.4889;6.9490,-4.3633,-0.3827;6.4246,-4.4900,-1.6631;6.7633,-5.5718,-2.4562;7.6358,-6.5363,-1.9817;8.1709,-6.4116,-0.7110;7.8261,-5.3334,0.0845;5.5279,-0.4005,0.2246;6.8694,-0.1414,0.3642;6.9702,1.1526,0.3486;5.7745,1.7961,0.1992;5.5072,3.2092,0.2117;5.1544,3.6785,1.6303;4.9481,5.1911,1.6227;6.1842,5.8601,1.0250;6.4671,5.2591,-0.3510;6.6490,3.8590,-0.2844;4.8336,0.8170,0.1189;3.5126,0.9546,-0.0206;4.4946,-3.5465,0.2906;6.7527,-3.4502,1.5413;7.1902,-2.3207,0.2492;5.7473,-3.7365,-2.0383;6.3448,-5.6622,-3.4477;7.8980,-7.3820,-2.5998;8.8535,-7.1596,-0.3354;8.2415,-5.2424,1.0779;7.8917,1.6927,0.4252;4.6413,3.3830,-0.4534;5.9789,3.4159,2.2975;4.2538,3.1589,1.9582;4.7713,5.5502,2.6375;4.0707,5.4343,1.0187;7.0450,5.6859,1.6735;6.0348,6.9355,0.9277;7.3954,5.6490,-0.7725;5.6369,5.4905,-1.0358;</g>
	</geometry>
	<conformers/>
	<properties/>
</molecule>
