<?xml version="1.0" ?>
<!--MOLLI PACKAGE EXPERIMENTAL XML FORMAT-->
<molecule name="el3723">
	<atoms>
		<a id="1" s="C" t="C.3" l="C"/>
		<a id="2" s="C" t="C.3" l="C"/>
		<a id="3" s="C" t="C.3" l="C"/>
		<a id="4" s="N" t="N.3" l="N"/>
		<a id="5" s="C" t="C.3" l="C"/>
		<a id="6" s="C" t="C.3" l="C"/>
		<a id="7" s="C" t="C.3" l="C"/>
		<a id="8" s="N" t="N.pl3" l="N"/>
		<a id="9" s="C" t="C.ar" l="C"/>
		<a id="10" s="N" t="N.ar" l="N"/>
		<a id="11" s="C" t="C.ar" l="C"/>
		<a id="12" s="Cl" t="Cl" l="CL"/>
		<a id="13" s="N" t="N.ar" l="N"/>
		<a id="14" s="C" t="C.ar" l="C"/>
		<a id="15" s="C" t="C.ar" l="C"/>
		<a id="16" s="N" t="N.ar" l="N"/>
		<a id="17" s="C" t="C.ar" l="C"/>
		<a id="18" s="N" t="N.ar" l="N"/>
		<a id="19" s="C" t="C.3" l="C"/>
		<a id="20" s="C" t="C.3" l="C"/>
		<a id="21" s="C" t="C.3" l="C"/>
		<a id="22" s="C" t="C.3" l="C"/>
		<a id="23" s="C" t="C.3" l="C"/>
		<a id="24" s="O" t="O.3" l="O"/>
		<a id="25" s="C" t="C.3" l="C"/>
		<a id="26" s="C" t="C.3" l="C"/>
		<a id="27" s="H" t="H" l="H"/>
		<a id="28" s="H" t="H" l="H"/>
		<a id="29" s="H" t="H" l="H"/>
		<a id="30" s="H" t="H" l="H"/>
		<a id="31" s="H" t="H" l="H"/>
		<a id="32" s="H" t="H" l="H"/>
		<a id="33" s="H" t="H" l="H"/>
		<a id="34" s="H" t="H" l="H"/>
		<a id="35" s="H" t="H" l="H"/>
		<a id="36" s="H" t="H" l="H"/>
		<a id="37" s="H" t="H" l="H"/>
		<a id="38" s="H" t="H" l="H"/>
		<a id="39" s="H" t="H" l="H"/>
		<a id="40" s="H" t="H" l="H"/>
		<a id="41" s="H" t="H" l="H"/>
		<a id="42" s="H" t="H" l="H"/>
		<a id="43" s="H" t="H" l="H"/>
		<a id="44" s="H" t="H" l="H"/>
		<a id="45" s="H" t="H" l="H"/>
		<a id="46" s="H" t="H" l="H"/>
		<a id="47" s="H" t="H" l="H"/>
		<a id="48" s="H" t="H" l="H"/>
		<a id="49" s="H" t="H" l="H"/>
		<a id="50" s="H" t="H" l="H"/>
		<a id="51" s="H" t="H" l="H"/>
		<a id="52" s="H" t="H" l="H"/>
		<a id="53" s="H" t="H" l="H"/>
	</atoms>
	<bonds>
		<b id="1" c="1 2" t="1"/>
		<b id="2" c="2 3" t="1"/>
		<b id="3" c="2 4" t="1"/>
		<b id="4" c="4 5" t="1"/>
		<b id="5" c="5 6" t="1"/>
		<b id="6" c="6 7" t="1"/>
		<b id="7" c="7 8" t="1"/>
		<b id="8" c="8 9" t="1"/>
		<b id="9" c="9 10" t="ar"/>
		<b id="10" c="10 11" t="ar"/>
		<b id="11" c="11 12" t="1"/>
		<b id="12" c="11 13" t="ar"/>
		<b id="13" c="13 14" t="ar"/>
		<b id="14" c="14 15" t="ar"/>
		<b id="15" c="9 15" t="ar"/>
		<b id="16" c="15 16" t="ar"/>
		<b id="17" c="16 17" t="ar"/>
		<b id="18" c="17 18" t="ar"/>
		<b id="19" c="14 18" t="ar"/>
		<b id="20" c="18 19" t="1"/>
		<b id="21" c="19 20" t="1"/>
		<b id="22" c="20 21" t="1"/>
		<b id="23" c="21 22" t="1"/>
		<b id="24" c="22 23" t="1"/>
		<b id="25" c="23 24" t="1"/>
		<b id="26" c="19 24" t="1"/>
		<b id="27" c="7 25" t="1"/>
		<b id="28" c="25 26" t="1"/>
		<b id="29" c="4 26" t="1"/>
		<b id="30" c="1 27" t="1"/>
		<b id="31" c="1 28" t="1"/>
		<b id="32" c="1 29" t="1"/>
		<b id="33" c="2 30" t="1"/>
		<b id="34" c="3 31" t="1"/>
		<b id="35" c="3 32" t="1"/>
		<b id="36" c="3 33" t="1"/>
		<b id="37" c="5 34" t="1"/>
		<b id="38" c="5 35" t="1"/>
		<b id="39" c="6 36" t="1"/>
		<b id="40" c="6 37" t="1"/>
		<b id="41" c="7 38" t="1"/>
		<b id="42" c="8 39" t="1"/>
		<b id="43" c="17 40" t="1"/>
		<b id="44" c="19 41" t="1"/>
		<b id="45" c="20 42" t="1"/>
		<b id="46" c="20 43" t="1"/>
		<b id="47" c="21 44" t="1"/>
		<b id="48" c="21 45" t="1"/>
		<b id="49" c="22 46" t="1"/>
		<b id="50" c="22 47" t="1"/>
		<b id="51" c="23 48" t="1"/>
		<b id="52" c="23 49" t="1"/>
		<b id="53" c="25 50" t="1"/>
		<b id="54" c="25 51" t="1"/>
		<b id="55" c="26 52" t="1"/>
		<b id="56" c="26 53" t="1"/>
	</bonds>
	<geometry>
		<g u="A" t="cart/3d">#53,3:0.5621,0.3509,0.1350;1.9737,-0.2360,0.1880;2.5273,-0.4332,-1.2299;2.8162,0.5586,1.0706;3.9865,-0.1313,1.5736;4.5249,0.6124,2.7929;4.8903,2.0577,2.4352;6.0573,2.1126,1.5829;7.3085,2.0286,2.0387;7.5362,2.0113,3.3584;8.7808,1.9408,3.7830;8.9639,1.9274,5.4819;9.8999,1.8721,3.0975;9.6908,1.8904,1.7751;8.4227,1.9707,1.1769;8.5523,1.9455,-0.1869;9.8293,1.8505,-0.3949;10.5852,1.8228,0.7476;12.0360,1.6587,0.7806;12.6380,2.2312,2.0658;12.5977,3.7567,2.0437;13.2719,4.2519,0.7673;12.5774,3.6181,-0.4336;12.6019,2.1987,-0.3775;3.7009,2.7229,1.7455;3.1807,1.8727,0.5853;-0.1226,-0.3769,-0.2926;0.5260,1.2470,-0.4785;0.2299,0.5992,1.1386;1.9016,-1.2204,0.6657;2.5357,0.5063,-1.7769;1.9030,-1.1385,-1.7722;3.5396,-0.8293,-1.1968;4.7844,-0.2143,0.8126;3.6979,-1.1434,1.8672;5.4037,0.1037,3.1897;3.7549,0.6300,3.5639;5.1576,2.5937,3.3519;5.9385,2.0422,0.5837;10.2822,1.7975,-1.3651;12.2507,0.5804,0.7162;13.6746,1.8930,2.1196;12.0881,1.8440,2.9216;13.1045,4.1512,2.9249;11.5602,4.0974,2.0731;14.3235,3.9591,0.7705;13.2129,5.3375,0.6871;13.0856,3.8664,-1.3674;11.5389,3.9748,-0.4912;3.9829,3.7122,1.3817;2.9014,2.8373,2.4772;3.9474,1.8206,-0.2102;2.2971,2.3541,0.1656;</g>
	</geometry>
	<conformers/>
	<properties/>
</molecule>
