<?xml version="1.0" ?>
<!--MOLLI PACKAGE EXPERIMENTAL XML FORMAT-->
<molecule name="el3724">
	<atoms>
		<a id="1" s="Cl" t="Cl" l="CL"/>
		<a id="2" s="C" t="C.ar" l="C"/>
		<a id="3" s="N" t="N.ar" l="N"/>
		<a id="4" s="C" t="C.ar" l="C"/>
		<a id="5" s="N" t="N.pl3" l="N"/>
		<a id="6" s="C" t="C.3" l="C"/>
		<a id="7" s="C" t="C.3" l="C"/>
		<a id="8" s="C" t="C.3" l="C"/>
		<a id="9" s="N" t="N.3" l="N"/>
		<a id="10" s="C" t="C.3" l="C"/>
		<a id="11" s="C" t="C.ar" l="C"/>
		<a id="12" s="C" t="C.ar" l="C"/>
		<a id="13" s="C" t="C.ar" l="C"/>
		<a id="14" s="C" t="C.ar" l="C"/>
		<a id="15" s="C" t="C.ar" l="C"/>
		<a id="16" s="C" t="C.ar" l="C"/>
		<a id="17" s="C" t="C.3" l="C"/>
		<a id="18" s="C" t="C.3" l="C"/>
		<a id="19" s="C" t="C.ar" l="C"/>
		<a id="20" s="N" t="N.ar" l="N"/>
		<a id="21" s="C" t="C.ar" l="C"/>
		<a id="22" s="N" t="N.ar" l="N"/>
		<a id="23" s="C" t="C.3" l="C"/>
		<a id="24" s="C" t="C.3" l="C"/>
		<a id="25" s="C" t="C.3" l="C"/>
		<a id="26" s="C" t="C.3" l="C"/>
		<a id="27" s="C" t="C.3" l="C"/>
		<a id="28" s="O" t="O.3" l="O"/>
		<a id="29" s="C" t="C.ar" l="C"/>
		<a id="30" s="N" t="N.ar" l="N"/>
		<a id="31" s="H" t="H" l="H"/>
		<a id="32" s="H" t="H" l="H"/>
		<a id="33" s="H" t="H" l="H"/>
		<a id="34" s="H" t="H" l="H"/>
		<a id="35" s="H" t="H" l="H"/>
		<a id="36" s="H" t="H" l="H"/>
		<a id="37" s="H" t="H" l="H"/>
		<a id="38" s="H" t="H" l="H"/>
		<a id="39" s="H" t="H" l="H"/>
		<a id="40" s="H" t="H" l="H"/>
		<a id="41" s="H" t="H" l="H"/>
		<a id="42" s="H" t="H" l="H"/>
		<a id="43" s="H" t="H" l="H"/>
		<a id="44" s="H" t="H" l="H"/>
		<a id="45" s="H" t="H" l="H"/>
		<a id="46" s="H" t="H" l="H"/>
		<a id="47" s="H" t="H" l="H"/>
		<a id="48" s="H" t="H" l="H"/>
		<a id="49" s="H" t="H" l="H"/>
		<a id="50" s="H" t="H" l="H"/>
		<a id="51" s="H" t="H" l="H"/>
		<a id="52" s="H" t="H" l="H"/>
		<a id="53" s="H" t="H" l="H"/>
		<a id="54" s="H" t="H" l="H"/>
		<a id="55" s="H" t="H" l="H"/>
		<a id="56" s="H" t="H" l="H"/>
		<a id="57" s="H" t="H" l="H"/>
	</atoms>
	<bonds>
		<b id="1" c="1 2" t="1"/>
		<b id="2" c="2 3" t="ar"/>
		<b id="3" c="3 4" t="ar"/>
		<b id="4" c="4 5" t="1"/>
		<b id="5" c="5 6" t="1"/>
		<b id="6" c="6 7" t="1"/>
		<b id="7" c="7 8" t="1"/>
		<b id="8" c="8 9" t="1"/>
		<b id="9" c="9 10" t="1"/>
		<b id="10" c="10 11" t="1"/>
		<b id="11" c="11 12" t="ar"/>
		<b id="12" c="12 13" t="ar"/>
		<b id="13" c="13 14" t="ar"/>
		<b id="14" c="14 15" t="ar"/>
		<b id="15" c="15 16" t="ar"/>
		<b id="16" c="11 16" t="ar"/>
		<b id="17" c="9 17" t="1"/>
		<b id="18" c="17 18" t="1"/>
		<b id="19" c="6 18" t="1"/>
		<b id="20" c="4 19" t="ar"/>
		<b id="21" c="19 20" t="ar"/>
		<b id="22" c="20 21" t="ar"/>
		<b id="23" c="21 22" t="ar"/>
		<b id="24" c="22 23" t="1"/>
		<b id="25" c="23 24" t="1"/>
		<b id="26" c="24 25" t="1"/>
		<b id="27" c="25 26" t="1"/>
		<b id="28" c="26 27" t="1"/>
		<b id="29" c="27 28" t="1"/>
		<b id="30" c="23 28" t="1"/>
		<b id="31" c="22 29" t="ar"/>
		<b id="32" c="19 29" t="ar"/>
		<b id="33" c="29 30" t="ar"/>
		<b id="34" c="2 30" t="ar"/>
		<b id="35" c="5 31" t="1"/>
		<b id="36" c="6 32" t="1"/>
		<b id="37" c="7 33" t="1"/>
		<b id="38" c="7 34" t="1"/>
		<b id="39" c="8 35" t="1"/>
		<b id="40" c="8 36" t="1"/>
		<b id="41" c="10 37" t="1"/>
		<b id="42" c="10 38" t="1"/>
		<b id="43" c="12 39" t="1"/>
		<b id="44" c="13 40" t="1"/>
		<b id="45" c="14 41" t="1"/>
		<b id="46" c="15 42" t="1"/>
		<b id="47" c="16 43" t="1"/>
		<b id="48" c="17 44" t="1"/>
		<b id="49" c="17 45" t="1"/>
		<b id="50" c="18 46" t="1"/>
		<b id="51" c="18 47" t="1"/>
		<b id="52" c="21 48" t="1"/>
		<b id="53" c="23 49" t="1"/>
		<b id="54" c="24 50" t="1"/>
		<b id="55" c="24 51" t="1"/>
		<b id="56" c="25 52" t="1"/>
		<b id="57" c="25 53" t="1"/>
		<b id="58" c="26 54" t="1"/>
		<b id="59" c="26 55" t="1"/>
		<b id="60" c="27 56" t="1"/>
		<b id="61" c="27 57" t="1"/>
	</bonds>
	<geometry>
		<g u="A" t="cart/3d">#57,3:1.6652,-0.2526,1.6619;3.2242,-0.2369,0.9599;3.6794,-1.4231,0.6110;4.8912,-1.5280,0.0588;5.4267,-2.6917,-0.3284;4.9826,-4.0744,-0.2026;3.6558,-4.3884,-0.9082;2.4157,-4.1262,-0.0599;2.5264,-4.7950,1.2273;1.2767,-4.6993,1.9631;0.2217,-5.5712,1.3376;0.5361,-6.8790,0.9865;-0.4191,-7.7053,0.4253;-1.7049,-7.2353,0.2117;-2.0255,-5.9343,0.5569;-1.0659,-5.1057,1.1143;3.6437,-4.2390,1.9686;4.9460,-4.5736,1.2488;5.6184,-0.3295,-0.1187;6.8622,-0.0480,-0.6220;6.9867,1.2400,-0.5088;5.8948,1.8536,0.0387;5.7007,3.2465,0.3461;5.8220,3.4874,1.8568;5.6772,4.9809,2.1367;6.6932,5.7474,1.2921;6.5181,5.3666,-0.1771;6.6557,3.9744,-0.3797;5.0044,0.8585,0.3014;3.7896,0.9448,0.8566;6.3539,-2.5662,-0.7076;5.7657,-4.6381,-0.7236;3.6729,-5.4494,-1.1643;3.5908,-3.8138,-1.8333;1.5431,-4.5326,-0.5787;2.2733,-3.0449,0.0728;0.9186,-3.6571,2.0316;1.4613,-5.0565,2.9825;1.5424,-7.2322,1.1528;-0.1640,-8.7204,0.1562;-2.4538,-7.8814,-0.2231;-3.0259,-5.5616,0.3898;-1.3198,-4.0887,1.3783;3.6640,-4.6983,2.9615;3.5462,-3.1504,2.0899;5.0494,-5.6598,1.2248;5.7916,-4.1584,1.8004;7.8456,1.8000,-0.8169;4.6789,3.5205,0.0202;6.8033,3.1374,2.1859;5.0492,2.9113,2.3657;5.8332,5.1806,3.1975;4.6661,5.3023,1.8759;7.7045,5.4865,1.6093;6.5603,6.8233,1.4057;7.2878,5.8239,-0.8012;5.5282,5.6935,-0.5309;</g>
	</geometry>
	<conformers/>
	<properties/>
</molecule>
