<?xml version="1.0" ?>
<!--MOLLI PACKAGE EXPERIMENTAL XML FORMAT-->
<molecule name="el3726">
	<atoms>
		<a id="1" s="C" t="C.3" l="C"/>
		<a id="2" s="C" t="C.3" l="C"/>
		<a id="3" s="C" t="C.3" l="C"/>
		<a id="4" s="C" t="C.3" l="C"/>
		<a id="5" s="N" t="N.3" l="N"/>
		<a id="6" s="S" t="S.O2" l="S"/>
		<a id="7" s="O" t="O.2" l="O"/>
		<a id="8" s="O" t="O.2" l="O"/>
		<a id="9" s="C" t="C.ar" l="C"/>
		<a id="10" s="C" t="C.ar" l="C"/>
		<a id="11" s="C" t="C.ar" l="C"/>
		<a id="12" s="C" t="C.ar" l="C"/>
		<a id="13" s="C" t="C.ar" l="C"/>
		<a id="14" s="N" t="N.pl3" l="N"/>
		<a id="15" s="C" t="C.ar" l="C"/>
		<a id="16" s="N" t="N.ar" l="N"/>
		<a id="17" s="C" t="C.ar" l="C"/>
		<a id="18" s="Cl" t="Cl" l="CL"/>
		<a id="19" s="N" t="N.ar" l="N"/>
		<a id="20" s="C" t="C.ar" l="C"/>
		<a id="21" s="N" t="N.ar" l="N"/>
		<a id="22" s="C" t="C.ar" l="C"/>
		<a id="23" s="C" t="C.ar" l="C"/>
		<a id="24" s="C" t="C.ar" l="C"/>
		<a id="25" s="C" t="C.ar" l="C"/>
		<a id="26" s="H" t="H" l="H"/>
		<a id="27" s="H" t="H" l="H"/>
		<a id="28" s="H" t="H" l="H"/>
		<a id="29" s="H" t="H" l="H"/>
		<a id="30" s="H" t="H" l="H"/>
		<a id="31" s="H" t="H" l="H"/>
		<a id="32" s="H" t="H" l="H"/>
		<a id="33" s="H" t="H" l="H"/>
		<a id="34" s="H" t="H" l="H"/>
		<a id="35" s="H" t="H" l="H"/>
		<a id="36" s="H" t="H" l="H"/>
		<a id="37" s="H" t="H" l="H"/>
		<a id="38" s="H" t="H" l="H"/>
		<a id="39" s="H" t="H" l="H"/>
		<a id="40" s="H" t="H" l="H"/>
		<a id="41" s="H" t="H" l="H"/>
		<a id="42" s="H" t="H" l="H"/>
		<a id="43" s="H" t="H" l="H"/>
	</atoms>
	<bonds>
		<b id="1" c="1 2" t="1"/>
		<b id="2" c="2 3" t="1"/>
		<b id="3" c="2 4" t="1"/>
		<b id="4" c="2 5" t="1"/>
		<b id="5" c="5 6" t="1"/>
		<b id="6" c="6 7" t="2"/>
		<b id="7" c="6 8" t="2"/>
		<b id="8" c="6 9" t="1"/>
		<b id="9" c="9 10" t="ar"/>
		<b id="10" c="10 11" t="ar"/>
		<b id="11" c="11 12" t="ar"/>
		<b id="12" c="12 13" t="ar"/>
		<b id="13" c="13 14" t="1"/>
		<b id="14" c="14 15" t="1"/>
		<b id="15" c="15 16" t="ar"/>
		<b id="16" c="16 17" t="ar"/>
		<b id="17" c="17 18" t="1"/>
		<b id="18" c="17 19" t="ar"/>
		<b id="19" c="19 20" t="ar"/>
		<b id="20" c="20 21" t="ar"/>
		<b id="21" c="21 22" t="ar"/>
		<b id="22" c="22 23" t="ar"/>
		<b id="23" c="23 24" t="ar"/>
		<b id="24" c="15 24" t="ar"/>
		<b id="25" c="20 24" t="ar"/>
		<b id="26" c="13 25" t="ar"/>
		<b id="27" c="9 25" t="ar"/>
		<b id="28" c="1 26" t="1"/>
		<b id="29" c="1 27" t="1"/>
		<b id="30" c="1 28" t="1"/>
		<b id="31" c="3 29" t="1"/>
		<b id="32" c="3 30" t="1"/>
		<b id="33" c="3 31" t="1"/>
		<b id="34" c="4 32" t="1"/>
		<b id="35" c="4 33" t="1"/>
		<b id="36" c="4 34" t="1"/>
		<b id="37" c="5 35" t="1"/>
		<b id="38" c="10 36" t="1"/>
		<b id="39" c="11 37" t="1"/>
		<b id="40" c="12 38" t="1"/>
		<b id="41" c="14 39" t="1"/>
		<b id="42" c="21 40" t="1"/>
		<b id="43" c="22 41" t="1"/>
		<b id="44" c="23 42" t="1"/>
		<b id="45" c="25 43" t="1"/>
	</bonds>
	<geometry>
		<g u="A" t="cart/3d">#43,3:2.4914,0.8771,-2.8614;2.3060,0.1156,-1.5461;2.1276,1.1033,-0.3912;1.0923,-0.8109,-1.6439;3.4748,-0.7077,-1.2468;5.0451,-0.2076,-1.3859;5.1349,1.1740,-1.0211;5.8152,-1.1788,-0.6638;5.4843,-0.3915,-3.1203;5.7176,0.7129,-3.9143;6.0635,0.5162,-5.2425;6.1861,-0.7597,-5.7620;5.9747,-1.8718,-4.9458;6.1146,-3.1814,-5.3842;6.4014,-3.6741,-6.6169;6.5536,-2.8610,-7.6589;6.8221,-3.3829,-8.8439;6.9969,-2.2486,-10.1071;6.9692,-4.6436,-9.1727;6.8192,-5.4705,-8.1352;6.9114,-6.8174,-8.1535;6.6934,-7.2912,-6.8860;6.4565,-6.2543,-6.0354;6.5308,-5.0654,-6.8109;5.6141,-1.6720,-3.6116;1.5856,1.4274,-3.1033;2.7117,0.1924,-3.6788;3.3110,1.5815,-2.7602;1.2849,1.7623,-0.5826;3.0315,1.6943,-0.2815;1.9546,0.5632,0.5356;0.1895,-0.2240,-1.7907;0.9847,-1.3885,-0.7291;1.1980,-1.4963,-2.4830;3.3844,-1.6865,-1.4571;5.6392,1.6970,-3.4823;6.2470,1.3659,-5.8817;6.4563,-0.9142,-6.7929;6.0097,-3.8842,-4.6649;7.1106,-7.3685,-8.9711;6.7239,-8.3435,-6.6828;6.2575,-6.3320,-4.9850;5.4637,-2.5052,-2.9406;</g>
	</geometry>
	<conformers/>
	<properties/>
</molecule>
