<?xml version="1.0" ?>
<!--MOLLI PACKAGE EXPERIMENTAL XML FORMAT-->
<molecule name="el3727">
	<atoms>
		<a id="1" s="C" t="C.3" l="C"/>
		<a id="2" s="N" t="N.ar" l="N"/>
		<a id="3" s="C" t="C.ar" l="C"/>
		<a id="4" s="C" t="C.ar" l="C"/>
		<a id="5" s="C" t="C.ar" l="C"/>
		<a id="6" s="C" t="C.ar" l="C"/>
		<a id="7" s="N" t="N.pl3" l="N"/>
		<a id="8" s="C" t="C.ar" l="C"/>
		<a id="9" s="C" t="C.ar" l="C"/>
		<a id="10" s="C" t="C.ar" l="C"/>
		<a id="11" s="C" t="C.ar" l="C"/>
		<a id="12" s="C" t="C.ar" l="C"/>
		<a id="13" s="S" t="S.O2" l="S"/>
		<a id="14" s="O" t="O.2" l="O"/>
		<a id="15" s="O" t="O.2" l="O"/>
		<a id="16" s="N" t="N.3" l="N"/>
		<a id="17" s="C" t="C.3" l="C"/>
		<a id="18" s="C" t="C.3" l="C"/>
		<a id="19" s="C" t="C.3" l="C"/>
		<a id="20" s="C" t="C.3" l="C"/>
		<a id="21" s="C" t="C.ar" l="C"/>
		<a id="22" s="N" t="N.ar" l="N"/>
		<a id="23" s="C" t="C.ar" l="C"/>
		<a id="24" s="Cl" t="Cl" l="CL"/>
		<a id="25" s="N" t="N.ar" l="N"/>
		<a id="26" s="C" t="C.ar" l="C"/>
		<a id="27" s="H" t="H" l="H"/>
		<a id="28" s="H" t="H" l="H"/>
		<a id="29" s="H" t="H" l="H"/>
		<a id="30" s="H" t="H" l="H"/>
		<a id="31" s="H" t="H" l="H"/>
		<a id="32" s="H" t="H" l="H"/>
		<a id="33" s="H" t="H" l="H"/>
		<a id="34" s="H" t="H" l="H"/>
		<a id="35" s="H" t="H" l="H"/>
		<a id="36" s="H" t="H" l="H"/>
		<a id="37" s="H" t="H" l="H"/>
		<a id="38" s="H" t="H" l="H"/>
		<a id="39" s="H" t="H" l="H"/>
		<a id="40" s="H" t="H" l="H"/>
		<a id="41" s="H" t="H" l="H"/>
		<a id="42" s="H" t="H" l="H"/>
		<a id="43" s="H" t="H" l="H"/>
		<a id="44" s="H" t="H" l="H"/>
		<a id="45" s="H" t="H" l="H"/>
		<a id="46" s="H" t="H" l="H"/>
	</atoms>
	<bonds>
		<b id="1" c="1 2" t="1"/>
		<b id="2" c="2 3" t="ar"/>
		<b id="3" c="3 4" t="ar"/>
		<b id="4" c="4 5" t="ar"/>
		<b id="5" c="5 6" t="ar"/>
		<b id="6" c="6 7" t="1"/>
		<b id="7" c="7 8" t="1"/>
		<b id="8" c="8 9" t="ar"/>
		<b id="9" c="9 10" t="ar"/>
		<b id="10" c="10 11" t="ar"/>
		<b id="11" c="11 12" t="ar"/>
		<b id="12" c="12 13" t="1"/>
		<b id="13" c="13 14" t="2"/>
		<b id="14" c="13 15" t="2"/>
		<b id="15" c="13 16" t="1"/>
		<b id="16" c="16 17" t="1"/>
		<b id="17" c="17 18" t="1"/>
		<b id="18" c="17 19" t="1"/>
		<b id="19" c="17 20" t="1"/>
		<b id="20" c="12 21" t="ar"/>
		<b id="21" c="8 21" t="ar"/>
		<b id="22" c="6 22" t="ar"/>
		<b id="23" c="22 23" t="ar"/>
		<b id="24" c="23 24" t="1"/>
		<b id="25" c="23 25" t="ar"/>
		<b id="26" c="25 26" t="ar"/>
		<b id="27" c="5 26" t="ar"/>
		<b id="28" c="2 26" t="ar"/>
		<b id="29" c="1 27" t="1"/>
		<b id="30" c="1 28" t="1"/>
		<b id="31" c="1 29" t="1"/>
		<b id="32" c="3 30" t="1"/>
		<b id="33" c="4 31" t="1"/>
		<b id="34" c="7 32" t="1"/>
		<b id="35" c="9 33" t="1"/>
		<b id="36" c="10 34" t="1"/>
		<b id="37" c="11 35" t="1"/>
		<b id="38" c="16 36" t="1"/>
		<b id="39" c="18 37" t="1"/>
		<b id="40" c="18 38" t="1"/>
		<b id="41" c="18 39" t="1"/>
		<b id="42" c="19 40" t="1"/>
		<b id="43" c="19 41" t="1"/>
		<b id="44" c="19 42" t="1"/>
		<b id="45" c="20 43" t="1"/>
		<b id="46" c="20 44" t="1"/>
		<b id="47" c="20 45" t="1"/>
		<b id="48" c="21 46" t="1"/>
	</bonds>
	<geometry>
		<g u="A" t="cart/3d">#46,3:4.7555,4.1426,1.0552;5.1014,2.8619,0.5058;4.3914,2.1527,-0.4265;5.0155,0.9729,-0.7058;6.1857,0.9357,0.0971;7.2671,0.0653,0.3442;7.3514,-1.1225,-0.3095;8.2913,-2.1386,-0.1990;8.2313,-3.1903,-1.1178;9.1418,-4.2282,-1.0637;10.1300,-4.2384,-0.0906;10.1752,-3.2007,0.8179;11.4090,-3.2111,2.1187;10.7654,-3.5942,3.3427;12.5291,-3.9981,1.6732;11.7669,-1.6021,2.2806;12.8254,-0.9441,1.5226;12.6629,-1.3324,0.0536;12.6323,0.5656,1.6887;14.2045,-1.3724,2.0334;9.2748,-2.1581,0.7874;8.2042,0.4312,1.2153;8.0845,1.5949,1.8309;9.3427,1.9596,2.9271;7.1397,2.4948,1.7148;6.1943,2.1426,0.8368;3.8055,4.0872,1.5905;4.6738,4.8902,0.2641;5.5448,4.4294,1.7472;3.4787,2.5495,-0.8270;4.6769,0.2271,-1.3977;6.6254,-1.2775,-0.9957;7.4648,-3.1877,-1.8805;9.0820,-5.0301,-1.7836;10.8626,-5.0260,-0.0263;11.7141,-1.3224,3.2470;11.6741,-1.0527,-0.3018;12.7910,-2.4046,-0.0617;13.4110,-0.8218,-0.5477;11.6366,0.8518,1.3619;13.3684,1.1039,1.0978;12.7455,0.8543,2.7308;14.2989,-2.4521,1.9547;14.3288,-1.0857,3.0758;14.9900,-0.9021,1.4473;9.3454,-1.3651,1.5102;</g>
	</geometry>
	<conformers/>
	<properties/>
</molecule>
