<?xml version="1.0" ?>
<!--MOLLI PACKAGE EXPERIMENTAL XML FORMAT-->
<molecule name="el3728">
	<atoms>
		<a id="1" s="C" t="C.3" l="C"/>
		<a id="2" s="C" t="C.3" l="C"/>
		<a id="3" s="C" t="C.3" l="C"/>
		<a id="4" s="C" t="C.3" l="C"/>
		<a id="5" s="N" t="N.3" l="N"/>
		<a id="6" s="S" t="S.O2" l="S"/>
		<a id="7" s="O" t="O.2" l="O"/>
		<a id="8" s="O" t="O.2" l="O"/>
		<a id="9" s="C" t="C.ar" l="C"/>
		<a id="10" s="C" t="C.ar" l="C"/>
		<a id="11" s="C" t="C.ar" l="C"/>
		<a id="12" s="C" t="C.ar" l="C"/>
		<a id="13" s="C" t="C.ar" l="C"/>
		<a id="14" s="N" t="N.pl3" l="N"/>
		<a id="15" s="C" t="C.ar" l="C"/>
		<a id="16" s="N" t="N.ar" l="N"/>
		<a id="17" s="C" t="C.ar" l="C"/>
		<a id="18" s="Cl" t="Cl" l="CL"/>
		<a id="19" s="N" t="N.ar" l="N"/>
		<a id="20" s="C" t="C.ar" l="C"/>
		<a id="21" s="C" t="C.ar" l="C"/>
		<a id="22" s="C" t="C.ar" l="C"/>
		<a id="23" s="N" t="N.ar" l="N"/>
		<a id="24" s="C" t="C.ar" l="C"/>
		<a id="25" s="C" t="C.ar" l="C"/>
		<a id="26" s="H" t="H" l="H"/>
		<a id="27" s="H" t="H" l="H"/>
		<a id="28" s="H" t="H" l="H"/>
		<a id="29" s="H" t="H" l="H"/>
		<a id="30" s="H" t="H" l="H"/>
		<a id="31" s="H" t="H" l="H"/>
		<a id="32" s="H" t="H" l="H"/>
		<a id="33" s="H" t="H" l="H"/>
		<a id="34" s="H" t="H" l="H"/>
		<a id="35" s="H" t="H" l="H"/>
		<a id="36" s="H" t="H" l="H"/>
		<a id="37" s="H" t="H" l="H"/>
		<a id="38" s="H" t="H" l="H"/>
		<a id="39" s="H" t="H" l="H"/>
		<a id="40" s="H" t="H" l="H"/>
		<a id="41" s="H" t="H" l="H"/>
		<a id="42" s="H" t="H" l="H"/>
		<a id="43" s="H" t="H" l="H"/>
	</atoms>
	<bonds>
		<b id="1" c="1 2" t="1"/>
		<b id="2" c="2 3" t="1"/>
		<b id="3" c="2 4" t="1"/>
		<b id="4" c="2 5" t="1"/>
		<b id="5" c="5 6" t="1"/>
		<b id="6" c="6 7" t="2"/>
		<b id="7" c="6 8" t="2"/>
		<b id="8" c="6 9" t="1"/>
		<b id="9" c="9 10" t="ar"/>
		<b id="10" c="10 11" t="ar"/>
		<b id="11" c="11 12" t="ar"/>
		<b id="12" c="12 13" t="ar"/>
		<b id="13" c="13 14" t="1"/>
		<b id="14" c="14 15" t="1"/>
		<b id="15" c="15 16" t="ar"/>
		<b id="16" c="16 17" t="ar"/>
		<b id="17" c="17 18" t="1"/>
		<b id="18" c="17 19" t="ar"/>
		<b id="19" c="19 20" t="ar"/>
		<b id="20" c="20 21" t="ar"/>
		<b id="21" c="21 22" t="ar"/>
		<b id="22" c="22 23" t="ar"/>
		<b id="23" c="23 24" t="ar"/>
		<b id="24" c="15 24" t="ar"/>
		<b id="25" c="20 24" t="ar"/>
		<b id="26" c="13 25" t="ar"/>
		<b id="27" c="9 25" t="ar"/>
		<b id="28" c="1 26" t="1"/>
		<b id="29" c="1 27" t="1"/>
		<b id="30" c="1 28" t="1"/>
		<b id="31" c="3 29" t="1"/>
		<b id="32" c="3 30" t="1"/>
		<b id="33" c="3 31" t="1"/>
		<b id="34" c="4 32" t="1"/>
		<b id="35" c="4 33" t="1"/>
		<b id="36" c="4 34" t="1"/>
		<b id="37" c="5 35" t="1"/>
		<b id="38" c="10 36" t="1"/>
		<b id="39" c="11 37" t="1"/>
		<b id="40" c="12 38" t="1"/>
		<b id="41" c="14 39" t="1"/>
		<b id="42" c="21 40" t="1"/>
		<b id="43" c="22 41" t="1"/>
		<b id="44" c="23 42" t="1"/>
		<b id="45" c="25 43" t="1"/>
	</bonds>
	<geometry>
		<g u="A" t="cart/3d">#43,3:2.3476,1.1996,-2.4715;2.6942,-0.2079,-1.9780;1.9446,-0.5043,-0.6774;2.3345,-1.2408,-3.0479;4.1233,-0.3260,-1.7016;5.0337,0.8030,-0.9111;4.2506,1.3994,0.1273;6.2574,0.1314,-0.5781;5.4539,2.0533,-2.1328;4.9564,3.3374,-2.0444;5.3217,4.2599,-3.0131;6.1770,3.9091,-4.0422;6.6967,2.6161,-4.1088;7.5856,2.1930,-5.0893;8.1177,2.8702,-6.1486;7.7544,4.1195,-6.4066;8.2876,4.7396,-7.4534;7.7419,6.3432,-7.6776;9.1548,4.2916,-8.3172;9.5491,3.0282,-8.0917;10.4624,2.2058,-8.7931;10.4949,1.0117,-8.1334;9.6523,1.0362,-7.0608;9.0538,2.2645,-7.0041;6.3179,1.6847,-3.1404;1.2921,1.2544,-2.7261;2.9323,1.4571,-3.3532;2.5553,1.9203,-1.6868;0.8726,-0.4028,-0.8251;2.2714,0.1900,0.0905;2.1643,-1.5150,-0.3440;1.2634,-1.2269,-3.2309;2.6159,-2.2382,-2.7191;2.8462,-1.0195,-3.9829;4.6644,-0.8344,-2.3782;4.3083,3.5952,-1.2229;4.9410,5.2684,-2.9654;6.4626,4.6255,-4.7935;7.9172,1.2468,-4.9654;11.0137,2.4788,-9.6680;11.0659,0.1307,-8.3543;9.5225,0.2725,-6.4192;6.7133,0.6790,-3.1427;</g>
	</geometry>
	<conformers/>
	<properties/>
</molecule>
