<?xml version="1.0" ?>
<!--MOLLI PACKAGE EXPERIMENTAL XML FORMAT-->
<molecule name="el3730">
	<atoms>
		<a id="1" s="C" t="C.3" l="C"/>
		<a id="2" s="C" t="C.3" l="C"/>
		<a id="3" s="C" t="C.3" l="C"/>
		<a id="4" s="C" t="C.3" l="C"/>
		<a id="5" s="O" t="O.3" l="O"/>
		<a id="6" s="C" t="C.2" l="C"/>
		<a id="7" s="O" t="O.2" l="O"/>
		<a id="8" s="N" t="N.am" l="N"/>
		<a id="9" s="C" t="C.3" l="C"/>
		<a id="10" s="C" t="C.3" l="C"/>
		<a id="11" s="C" t="C.2" l="C"/>
		<a id="12" s="O" t="O.2" l="O"/>
		<a id="13" s="N" t="N.am" l="N"/>
		<a id="14" s="C" t="C.3" l="C"/>
		<a id="15" s="C" t="C.3" l="C"/>
		<a id="16" s="C" t="C.ar" l="C"/>
		<a id="17" s="C" t="C.ar" l="C"/>
		<a id="18" s="C" t="C.ar" l="C"/>
		<a id="19" s="C" t="C.ar" l="C"/>
		<a id="20" s="C" t="C.ar" l="C"/>
		<a id="21" s="C" t="C.ar" l="C"/>
		<a id="22" s="N" t="N.ar" l="N"/>
		<a id="23" s="C" t="C.ar" l="C"/>
		<a id="24" s="Cl" t="Cl" l="CL"/>
		<a id="25" s="C" t="C.ar" l="C"/>
		<a id="26" s="C" t="C.ar" l="C"/>
		<a id="27" s="C" t="C.ar" l="C"/>
		<a id="28" s="C" t="C.ar" l="C"/>
		<a id="29" s="C" t="C.ar" l="C"/>
		<a id="30" s="C" t="C.ar" l="C"/>
		<a id="31" s="C" t="C.ar" l="C"/>
		<a id="32" s="C" t="C.ar" l="C"/>
		<a id="33" s="C" t="C.ar" l="C"/>
		<a id="34" s="C" t="C.ar" l="C"/>
		<a id="35" s="H" t="H" l="H"/>
		<a id="36" s="H" t="H" l="H"/>
		<a id="37" s="H" t="H" l="H"/>
		<a id="38" s="H" t="H" l="H"/>
		<a id="39" s="H" t="H" l="H"/>
		<a id="40" s="H" t="H" l="H"/>
		<a id="41" s="H" t="H" l="H"/>
		<a id="42" s="H" t="H" l="H"/>
		<a id="43" s="H" t="H" l="H"/>
		<a id="44" s="H" t="H" l="H"/>
		<a id="45" s="H" t="H" l="H"/>
		<a id="46" s="H" t="H" l="H"/>
		<a id="47" s="H" t="H" l="H"/>
		<a id="48" s="H" t="H" l="H"/>
		<a id="49" s="H" t="H" l="H"/>
		<a id="50" s="H" t="H" l="H"/>
		<a id="51" s="H" t="H" l="H"/>
		<a id="52" s="H" t="H" l="H"/>
		<a id="53" s="H" t="H" l="H"/>
		<a id="54" s="H" t="H" l="H"/>
		<a id="55" s="H" t="H" l="H"/>
		<a id="56" s="H" t="H" l="H"/>
		<a id="57" s="H" t="H" l="H"/>
		<a id="58" s="H" t="H" l="H"/>
		<a id="59" s="H" t="H" l="H"/>
		<a id="60" s="H" t="H" l="H"/>
		<a id="61" s="H" t="H" l="H"/>
		<a id="62" s="H" t="H" l="H"/>
	</atoms>
	<bonds>
		<b id="1" c="1 2" t="1"/>
		<b id="2" c="2 3" t="1"/>
		<b id="3" c="2 4" t="1"/>
		<b id="4" c="2 5" t="1"/>
		<b id="5" c="5 6" t="1"/>
		<b id="6" c="6 7" t="2"/>
		<b id="7" c="6 8" t="am"/>
		<b id="8" c="8 9" t="1"/>
		<b id="9" c="9 10" t="1"/>
		<b id="10" c="10 11" t="1"/>
		<b id="11" c="11 12" t="2"/>
		<b id="12" c="11 13" t="am"/>
		<b id="13" c="13 14" t="1"/>
		<b id="14" c="14 15" t="1"/>
		<b id="15" c="15 16" t="1"/>
		<b id="16" c="16 17" t="ar"/>
		<b id="17" c="17 18" t="ar"/>
		<b id="18" c="18 19" t="1"/>
		<b id="19" c="19 20" t="ar"/>
		<b id="20" c="20 21" t="ar"/>
		<b id="21" c="21 22" t="ar"/>
		<b id="22" c="22 23" t="ar"/>
		<b id="23" c="23 24" t="1"/>
		<b id="24" c="23 25" t="ar"/>
		<b id="25" c="19 25" t="ar"/>
		<b id="26" c="18 26" t="ar"/>
		<b id="27" c="26 27" t="ar"/>
		<b id="28" c="27 28" t="ar"/>
		<b id="29" c="16 28" t="ar"/>
		<b id="30" c="13 28" t="1"/>
		<b id="31" c="10 29" t="1"/>
		<b id="32" c="29 30" t="ar"/>
		<b id="33" c="30 31" t="ar"/>
		<b id="34" c="31 32" t="ar"/>
		<b id="35" c="32 33" t="ar"/>
		<b id="36" c="33 34" t="ar"/>
		<b id="37" c="29 34" t="ar"/>
		<b id="38" c="1 35" t="1"/>
		<b id="39" c="1 36" t="1"/>
		<b id="40" c="1 37" t="1"/>
		<b id="41" c="3 38" t="1"/>
		<b id="42" c="3 39" t="1"/>
		<b id="43" c="3 40" t="1"/>
		<b id="44" c="4 41" t="1"/>
		<b id="45" c="4 42" t="1"/>
		<b id="46" c="4 43" t="1"/>
		<b id="47" c="8 44" t="1"/>
		<b id="48" c="9 45" t="1"/>
		<b id="49" c="9 46" t="1"/>
		<b id="50" c="10 47" t="1"/>
		<b id="51" c="14 48" t="1"/>
		<b id="52" c="14 49" t="1"/>
		<b id="53" c="15 50" t="1"/>
		<b id="54" c="15 51" t="1"/>
		<b id="55" c="17 52" t="1"/>
		<b id="56" c="20 53" t="1"/>
		<b id="57" c="21 54" t="1"/>
		<b id="58" c="25 55" t="1"/>
		<b id="59" c="26 56" t="1"/>
		<b id="60" c="27 57" t="1"/>
		<b id="61" c="30 58" t="1"/>
		<b id="62" c="31 59" t="1"/>
		<b id="63" c="32 60" t="1"/>
		<b id="64" c="33 61" t="1"/>
		<b id="65" c="34 62" t="1"/>
	</bonds>
	<geometry>
		<g u="A" t="cart/3d">#62,3:2.4708,3.0107,-3.8942;2.1311,3.4968,-2.4856;2.0026,5.0201,-2.4461;0.8433,2.8392,-1.9881;3.1377,3.0524,-1.5450;4.4167,3.4394,-1.6799;4.8521,4.1934,-2.5215;5.1757,2.8365,-0.7316;6.5524,3.2235,-0.5108;6.6666,4.7227,-0.1891;5.7960,5.0615,1.0113;5.5724,4.2577,1.8967;5.3734,6.3504,1.1287;5.0184,6.8562,2.4564;5.4915,8.3141,2.4519;5.5075,8.6282,0.9837;5.5646,9.8477,0.3562;5.5196,9.9007,-1.0409;5.5895,11.1886,-1.7391;6.2915,11.3264,-2.9401;6.3286,12.5631,-3.5551;5.7292,13.6381,-3.0680;5.0683,13.5050,-1.9383;4.2999,14.9268,-1.3421;4.9589,12.3205,-1.2266;5.3761,8.7152,-1.7571;5.3150,7.4812,-1.1293;5.4319,7.4361,0.2509;8.0656,5.1480,0.1854;8.7171,6.1300,-0.5497;9.9896,6.5426,-0.1952;10.6225,5.9813,0.9004;9.9748,5.0090,1.6439;8.7023,4.5970,1.2912;1.6725,3.2838,-4.5786;2.5857,1.9290,-3.8973;3.3985,3.4630,-4.2338;1.1600,5.3319,-3.0568;2.9065,5.4840,-2.8301;1.8411,5.3551,-1.4234;0.0154,3.1045,-2.6387;0.6221,3.1702,-0.9769;0.9574,1.7586,-1.9799;4.6807,2.4134,0.0374;7.1265,3.0168,-1.4185;6.9391,2.6203,0.3089;6.3564,5.2661,-1.0755;5.4952,6.2345,3.2145;3.9329,6.7953,2.5897;6.4964,8.4084,2.8717;4.8241,8.9668,3.0120;5.6560,10.7547,0.9343;6.8123,10.4858,-3.3699;6.8623,12.7164,-4.4831;4.3827,12.2813,-0.3167;5.2718,8.7564,-2.8308;5.1431,6.5995,-1.7260;8.2266,6.5725,-1.4049;10.4872,7.3052,-0.7760;11.6157,6.3031,1.1765;10.4610,4.5725,2.5039;8.1915,3.8547,1.8862;</g>
	</geometry>
	<conformers/>
	<properties/>
</molecule>
