<?xml version="1.0" ?>
<!--MOLLI PACKAGE EXPERIMENTAL XML FORMAT-->
<molecule name="el3733">
	<atoms>
		<a id="1" s="C" t="C.3" l="C"/>
		<a id="2" s="C" t="C.3" l="C"/>
		<a id="3" s="C" t="C.3" l="C"/>
		<a id="4" s="C" t="C.3" l="C"/>
		<a id="5" s="O" t="O.3" l="O"/>
		<a id="6" s="C" t="C.2" l="C"/>
		<a id="7" s="O" t="O.2" l="O"/>
		<a id="8" s="N" t="N.am" l="N"/>
		<a id="9" s="C" t="C.3" l="C"/>
		<a id="10" s="C" t="C.3" l="C"/>
		<a id="11" s="C" t="C.3" l="C"/>
		<a id="12" s="N" t="N.ar" l="N"/>
		<a id="13" s="N" t="N.ar" l="N"/>
		<a id="14" s="C" t="C.ar" l="C"/>
		<a id="15" s="C" t="C.ar" l="C"/>
		<a id="16" s="C" t="C.ar" l="C"/>
		<a id="17" s="C" t="C.ar" l="C"/>
		<a id="18" s="N" t="N.ar" l="N"/>
		<a id="19" s="C" t="C.ar" l="C"/>
		<a id="20" s="C" t="C.ar" l="C"/>
		<a id="21" s="C" t="C.ar" l="C"/>
		<a id="22" s="C" t="C.ar" l="C"/>
		<a id="23" s="N" t="N.ar" l="N"/>
		<a id="24" s="C" t="C.ar" l="C"/>
		<a id="25" s="Cl" t="Cl" l="CL"/>
		<a id="26" s="N" t="N.ar" l="N"/>
		<a id="27" s="C" t="C.ar" l="C"/>
		<a id="28" s="H" t="H" l="H"/>
		<a id="29" s="H" t="H" l="H"/>
		<a id="30" s="H" t="H" l="H"/>
		<a id="31" s="H" t="H" l="H"/>
		<a id="32" s="H" t="H" l="H"/>
		<a id="33" s="H" t="H" l="H"/>
		<a id="34" s="H" t="H" l="H"/>
		<a id="35" s="H" t="H" l="H"/>
		<a id="36" s="H" t="H" l="H"/>
		<a id="37" s="H" t="H" l="H"/>
		<a id="38" s="H" t="H" l="H"/>
		<a id="39" s="H" t="H" l="H"/>
		<a id="40" s="H" t="H" l="H"/>
		<a id="41" s="H" t="H" l="H"/>
		<a id="42" s="H" t="H" l="H"/>
		<a id="43" s="H" t="H" l="H"/>
		<a id="44" s="H" t="H" l="H"/>
		<a id="45" s="H" t="H" l="H"/>
		<a id="46" s="H" t="H" l="H"/>
		<a id="47" s="H" t="H" l="H"/>
		<a id="48" s="H" t="H" l="H"/>
	</atoms>
	<bonds>
		<b id="1" c="1 2" t="1"/>
		<b id="2" c="2 3" t="1"/>
		<b id="3" c="2 4" t="1"/>
		<b id="4" c="2 5" t="1"/>
		<b id="5" c="5 6" t="1"/>
		<b id="6" c="6 7" t="2"/>
		<b id="7" c="6 8" t="am"/>
		<b id="8" c="8 9" t="1"/>
		<b id="9" c="9 10" t="1"/>
		<b id="10" c="10 11" t="1"/>
		<b id="11" c="11 12" t="1"/>
		<b id="12" c="12 13" t="ar"/>
		<b id="13" c="13 14" t="ar"/>
		<b id="14" c="14 15" t="1"/>
		<b id="15" c="15 16" t="ar"/>
		<b id="16" c="16 17" t="ar"/>
		<b id="17" c="17 18" t="ar"/>
		<b id="18" c="18 19" t="ar"/>
		<b id="19" c="19 20" t="ar"/>
		<b id="20" c="15 20" t="ar"/>
		<b id="21" c="14 21" t="ar"/>
		<b id="22" c="21 22" t="ar"/>
		<b id="23" c="22 23" t="ar"/>
		<b id="24" c="23 24" t="ar"/>
		<b id="25" c="24 25" t="1"/>
		<b id="26" c="24 26" t="ar"/>
		<b id="27" c="26 27" t="ar"/>
		<b id="28" c="21 27" t="ar"/>
		<b id="29" c="12 27" t="ar"/>
		<b id="30" c="1 28" t="1"/>
		<b id="31" c="1 29" t="1"/>
		<b id="32" c="1 30" t="1"/>
		<b id="33" c="3 31" t="1"/>
		<b id="34" c="3 32" t="1"/>
		<b id="35" c="3 33" t="1"/>
		<b id="36" c="4 34" t="1"/>
		<b id="37" c="4 35" t="1"/>
		<b id="38" c="4 36" t="1"/>
		<b id="39" c="8 37" t="1"/>
		<b id="40" c="9 38" t="1"/>
		<b id="41" c="9 39" t="1"/>
		<b id="42" c="10 40" t="1"/>
		<b id="43" c="10 41" t="1"/>
		<b id="44" c="11 42" t="1"/>
		<b id="45" c="11 43" t="1"/>
		<b id="46" c="16 44" t="1"/>
		<b id="47" c="17 45" t="1"/>
		<b id="48" c="19 46" t="1"/>
		<b id="49" c="20 47" t="1"/>
		<b id="50" c="22 48" t="1"/>
	</bonds>
	<geometry>
		<g u="A" t="cart/3d">#48,3:2.1500,-4.4863,1.5351;2.1472,-3.0496,1.0137;2.5457,-3.0012,-0.4607;0.7757,-2.4052,1.2187;3.0412,-2.2302,1.8077;4.3582,-2.4936,1.8385;4.9333,-3.3885,1.2703;4.9809,-1.5604,2.6065;6.3828,-1.6497,2.9240;6.6340,-2.3475,4.2646;8.1283,-2.3941,4.5812;8.3710,-3.0390,5.8429;7.9293,-2.5236,6.9961;8.2905,-3.3156,7.9858;7.9575,-3.0011,9.3640;6.9130,-2.1198,9.6496;6.6243,-1.8424,10.9735;7.2855,-2.3686,11.9917;8.2804,-3.1955,11.7223;8.6614,-3.5457,10.4374;9.0105,-4.4364,7.4621;9.6127,-5.6300,7.8516;10.1805,-6.4132,6.9585;10.1574,-6.0486,5.6799;10.9343,-7.1070,4.5986;9.6013,-4.9810,5.1535;9.0281,-4.1915,6.0573;1.4173,-5.0752,0.9909;1.8988,-4.5005,2.5938;3.1321,-4.9307,1.3997;1.8186,-3.5489,-1.0534;3.5253,-3.4499,-0.5993;2.5788,-1.9699,-0.8057;0.0222,-2.9504,0.6586;0.7949,-1.3735,0.8776;0.5119,-2.4155,2.2729;4.3997,-0.9180,3.1199;6.8068,-0.6418,2.9386;6.8485,-2.2241,2.1197;6.2374,-3.3629,4.2151;6.1187,-1.8139,5.0661;8.5291,-1.3765,4.6256;8.6683,-2.9688,3.8264;6.3538,-1.6757,8.8425;5.8222,-1.1664,11.2398;8.7999,-3.5965,12.5829;9.4975,-4.2068,10.2762;9.6421,-5.9860,8.8723;</g>
	</geometry>
	<conformers/>
	<properties/>
</molecule>
