<?xml version="1.0" ?>
<!--MOLLI PACKAGE EXPERIMENTAL XML FORMAT-->
<molecule name="el3735">
	<atoms>
		<a id="1" s="C" t="C.3" l="C"/>
		<a id="2" s="C" t="C.3" l="C"/>
		<a id="3" s="C" t="C.3" l="C"/>
		<a id="4" s="C" t="C.3" l="C"/>
		<a id="5" s="O" t="O.3" l="O"/>
		<a id="6" s="C" t="C.2" l="C"/>
		<a id="7" s="O" t="O.2" l="O"/>
		<a id="8" s="N" t="N.am" l="N"/>
		<a id="9" s="C" t="C.3" l="C"/>
		<a id="10" s="C" t="C.3" l="C"/>
		<a id="11" s="C" t="C.3" l="C"/>
		<a id="12" s="C" t="C.3" l="C"/>
		<a id="13" s="N" t="N.ar" l="N"/>
		<a id="14" s="N" t="N.ar" l="N"/>
		<a id="15" s="C" t="C.ar" l="C"/>
		<a id="16" s="C" t="C.ar" l="C"/>
		<a id="17" s="C" t="C.ar" l="C"/>
		<a id="18" s="C" t="C.ar" l="C"/>
		<a id="19" s="N" t="N.ar" l="N"/>
		<a id="20" s="C" t="C.ar" l="C"/>
		<a id="21" s="C" t="C.ar" l="C"/>
		<a id="22" s="C" t="C.ar" l="C"/>
		<a id="23" s="C" t="C.ar" l="C"/>
		<a id="24" s="N" t="N.ar" l="N"/>
		<a id="25" s="C" t="C.ar" l="C"/>
		<a id="26" s="Cl" t="Cl" l="CL"/>
		<a id="27" s="N" t="N.ar" l="N"/>
		<a id="28" s="C" t="C.ar" l="C"/>
		<a id="29" s="C" t="C.3" l="C"/>
		<a id="30" s="C" t="C.3" l="C"/>
		<a id="31" s="H" t="H" l="H"/>
		<a id="32" s="H" t="H" l="H"/>
		<a id="33" s="H" t="H" l="H"/>
		<a id="34" s="H" t="H" l="H"/>
		<a id="35" s="H" t="H" l="H"/>
		<a id="36" s="H" t="H" l="H"/>
		<a id="37" s="H" t="H" l="H"/>
		<a id="38" s="H" t="H" l="H"/>
		<a id="39" s="H" t="H" l="H"/>
		<a id="40" s="H" t="H" l="H"/>
		<a id="41" s="H" t="H" l="H"/>
		<a id="42" s="H" t="H" l="H"/>
		<a id="43" s="H" t="H" l="H"/>
		<a id="44" s="H" t="H" l="H"/>
		<a id="45" s="H" t="H" l="H"/>
		<a id="46" s="H" t="H" l="H"/>
		<a id="47" s="H" t="H" l="H"/>
		<a id="48" s="H" t="H" l="H"/>
		<a id="49" s="H" t="H" l="H"/>
		<a id="50" s="H" t="H" l="H"/>
		<a id="51" s="H" t="H" l="H"/>
		<a id="52" s="H" t="H" l="H"/>
		<a id="53" s="H" t="H" l="H"/>
		<a id="54" s="H" t="H" l="H"/>
		<a id="55" s="H" t="H" l="H"/>
	</atoms>
	<bonds>
		<b id="1" c="1 2" t="1"/>
		<b id="2" c="2 3" t="1"/>
		<b id="3" c="2 4" t="1"/>
		<b id="4" c="2 5" t="1"/>
		<b id="5" c="5 6" t="1"/>
		<b id="6" c="6 7" t="2"/>
		<b id="7" c="6 8" t="am"/>
		<b id="8" c="9 10" t="1"/>
		<b id="9" c="10 11" t="1"/>
		<b id="10" c="11 12" t="1"/>
		<b id="11" c="13 14" t="ar"/>
		<b id="12" c="14 15" t="ar"/>
		<b id="13" c="15 16" t="1"/>
		<b id="14" c="16 17" t="ar"/>
		<b id="15" c="17 18" t="ar"/>
		<b id="16" c="18 19" t="ar"/>
		<b id="17" c="19 20" t="ar"/>
		<b id="18" c="20 21" t="ar"/>
		<b id="19" c="16 21" t="ar"/>
		<b id="20" c="15 22" t="ar"/>
		<b id="21" c="22 23" t="ar"/>
		<b id="22" c="23 24" t="ar"/>
		<b id="23" c="24 25" t="ar"/>
		<b id="24" c="25 26" t="1"/>
		<b id="25" c="25 27" t="ar"/>
		<b id="26" c="27 28" t="ar"/>
		<b id="27" c="22 28" t="ar"/>
		<b id="28" c="13 28" t="ar"/>
		<b id="29" c="12 29" t="1"/>
		<b id="30" c="29 30" t="1"/>
		<b id="31" c="9 30" t="1"/>
		<b id="32" c="12 13" t="1"/>
		<b id="33" c="9 8" t="1"/>
		<b id="34" c="1 31" t="1"/>
		<b id="35" c="1 32" t="1"/>
		<b id="36" c="1 33" t="1"/>
		<b id="37" c="3 34" t="1"/>
		<b id="38" c="3 35" t="1"/>
		<b id="39" c="3 36" t="1"/>
		<b id="40" c="4 37" t="1"/>
		<b id="41" c="4 38" t="1"/>
		<b id="42" c="4 39" t="1"/>
		<b id="43" c="8 40" t="1"/>
		<b id="44" c="9 41" t="1"/>
		<b id="45" c="10 42" t="1"/>
		<b id="46" c="10 43" t="1"/>
		<b id="47" c="11 44" t="1"/>
		<b id="48" c="11 45" t="1"/>
		<b id="49" c="12 46" t="1"/>
		<b id="50" c="17 47" t="1"/>
		<b id="51" c="18 48" t="1"/>
		<b id="52" c="20 49" t="1"/>
		<b id="53" c="21 50" t="1"/>
		<b id="54" c="23 51" t="1"/>
		<b id="55" c="29 52" t="1"/>
		<b id="56" c="29 53" t="1"/>
		<b id="57" c="30 54" t="1"/>
		<b id="58" c="30 55" t="1"/>
	</bonds>
	<geometry>
		<g u="A" t="cart/3d">#55,3:4.8487,-0.0446,-7.8137;6.2560,-0.5075,-7.4362;6.2397,-1.9511,-6.9306;7.2047,-0.3675,-8.6277;6.8237,0.3658,-6.4313;6.2341,0.4913,-5.2260;5.2281,-0.0600,-4.8538;6.9471,1.3601,-4.4720;6.6163,1.6231,-3.0868;7.1542,0.5274,-2.1578;8.6775,0.5322,-2.1191;9.2214,1.8951,-1.6752;8.9444,2.1230,-0.2745;7.7399,2.4372,0.2120;7.8163,2.5478,1.5231;6.6490,2.9040,2.3102;5.3683,2.7272,1.7828;4.2788,3.0848,2.5565;4.3821,3.5881,3.7757;5.5941,3.7631,4.2728;6.7569,3.4432,3.5917;9.1548,2.2734,1.9463;9.9356,2.1367,3.0908;11.2108,1.8219,2.9953;11.7334,1.6293,1.7882;13.3907,1.2429,1.7557;11.1261,1.6880,0.6249;9.8373,2.0041,0.7236;8.6669,3.0190,-2.5541;7.1417,2.9902,-2.6549;4.4640,-0.6634,-8.6199;4.8709,0.9928,-8.1433;4.1864,-0.1275,-6.9564;5.8919,-2.6124,-7.7189;5.5743,-2.0391,-6.0759;7.2420,-2.2539,-6.6309;6.8670,-0.9963,-9.4460;8.2110,-0.6661,-8.3415;7.2338,0.6670,-8.9621;7.8108,1.7055,-4.8526;5.5215,1.6107,-3.0340;6.7927,-0.4403,-2.5071;6.7592,0.7001,-1.1563;9.0750,0.3108,-3.1108;9.0387,-0.2396,-1.4360;10.3161,1.8838,-1.7354;5.2465,2.3167,0.7935;3.2692,2.9629,2.1866;5.6331,4.1837,5.2692;7.7211,3.6295,4.0369;9.5576,2.2600,4.0966;9.1152,2.9140,-3.5444;8.9849,3.9839,-2.1529;6.8104,3.7517,-3.3625;6.7209,3.2209,-1.6768;</g>
	</geometry>
	<conformers/>
	<properties/>
</molecule>
