<?xml version="1.0" ?>
<!--MOLLI PACKAGE EXPERIMENTAL XML FORMAT-->
<molecule name="el3736">
	<atoms>
		<a id="1" s="C" t="C.3" l="C"/>
		<a id="2" s="C" t="C.3" l="C"/>
		<a id="3" s="C" t="C.3" l="C"/>
		<a id="4" s="C" t="C.3" l="C"/>
		<a id="5" s="O" t="O.3" l="O"/>
		<a id="6" s="C" t="C.2" l="C"/>
		<a id="7" s="O" t="O.2" l="O"/>
		<a id="8" s="N" t="N.am" l="N"/>
		<a id="9" s="C" t="C.3" l="C"/>
		<a id="10" s="C" t="C.3" l="C"/>
		<a id="11" s="C" t="C.3" l="C"/>
		<a id="12" s="C" t="C.3" l="C"/>
		<a id="13" s="N" t="N.ar" l="N"/>
		<a id="14" s="N" t="N.ar" l="N"/>
		<a id="15" s="C" t="C.ar" l="C"/>
		<a id="16" s="C" t="C.ar" l="C"/>
		<a id="17" s="C" t="C.ar" l="C"/>
		<a id="18" s="C" t="C.ar" l="C"/>
		<a id="19" s="N" t="N.ar" l="N"/>
		<a id="20" s="C" t="C.ar" l="C"/>
		<a id="21" s="C" t="C.ar" l="C"/>
		<a id="22" s="C" t="C.ar" l="C"/>
		<a id="23" s="C" t="C.ar" l="C"/>
		<a id="24" s="N" t="N.ar" l="N"/>
		<a id="25" s="C" t="C.ar" l="C"/>
		<a id="26" s="Cl" t="Cl" l="CL"/>
		<a id="27" s="N" t="N.ar" l="N"/>
		<a id="28" s="C" t="C.ar" l="C"/>
		<a id="29" s="C" t="C.3" l="C"/>
		<a id="30" s="C" t="C.3" l="C"/>
		<a id="31" s="H" t="H" l="H"/>
		<a id="32" s="H" t="H" l="H"/>
		<a id="33" s="H" t="H" l="H"/>
		<a id="34" s="H" t="H" l="H"/>
		<a id="35" s="H" t="H" l="H"/>
		<a id="36" s="H" t="H" l="H"/>
		<a id="37" s="H" t="H" l="H"/>
		<a id="38" s="H" t="H" l="H"/>
		<a id="39" s="H" t="H" l="H"/>
		<a id="40" s="H" t="H" l="H"/>
		<a id="41" s="H" t="H" l="H"/>
		<a id="42" s="H" t="H" l="H"/>
		<a id="43" s="H" t="H" l="H"/>
		<a id="44" s="H" t="H" l="H"/>
		<a id="45" s="H" t="H" l="H"/>
		<a id="46" s="H" t="H" l="H"/>
		<a id="47" s="H" t="H" l="H"/>
		<a id="48" s="H" t="H" l="H"/>
		<a id="49" s="H" t="H" l="H"/>
		<a id="50" s="H" t="H" l="H"/>
		<a id="51" s="H" t="H" l="H"/>
		<a id="52" s="H" t="H" l="H"/>
		<a id="53" s="H" t="H" l="H"/>
		<a id="54" s="H" t="H" l="H"/>
		<a id="55" s="H" t="H" l="H"/>
	</atoms>
	<bonds>
		<b id="1" c="1 2" t="1"/>
		<b id="2" c="2 3" t="1"/>
		<b id="3" c="2 4" t="1"/>
		<b id="4" c="2 5" t="1"/>
		<b id="5" c="5 6" t="1"/>
		<b id="6" c="6 7" t="2"/>
		<b id="7" c="6 8" t="am"/>
		<b id="8" c="9 10" t="1"/>
		<b id="9" c="10 11" t="1"/>
		<b id="10" c="11 12" t="1"/>
		<b id="11" c="12 13" t="1"/>
		<b id="12" c="13 14" t="ar"/>
		<b id="13" c="14 15" t="ar"/>
		<b id="14" c="15 16" t="1"/>
		<b id="15" c="16 17" t="ar"/>
		<b id="16" c="17 18" t="ar"/>
		<b id="17" c="18 19" t="ar"/>
		<b id="18" c="19 20" t="ar"/>
		<b id="19" c="20 21" t="ar"/>
		<b id="20" c="16 21" t="ar"/>
		<b id="21" c="15 22" t="ar"/>
		<b id="22" c="22 23" t="ar"/>
		<b id="23" c="23 24" t="ar"/>
		<b id="24" c="24 25" t="ar"/>
		<b id="25" c="25 26" t="1"/>
		<b id="26" c="25 27" t="ar"/>
		<b id="27" c="27 28" t="ar"/>
		<b id="28" c="22 28" t="ar"/>
		<b id="29" c="13 28" t="ar"/>
		<b id="30" c="12 29" t="1"/>
		<b id="31" c="29 30" t="1"/>
		<b id="32" c="9 30" t="1"/>
		<b id="33" c="9 8" t="1"/>
		<b id="34" c="1 31" t="1"/>
		<b id="35" c="1 32" t="1"/>
		<b id="36" c="1 33" t="1"/>
		<b id="37" c="3 34" t="1"/>
		<b id="38" c="3 35" t="1"/>
		<b id="39" c="3 36" t="1"/>
		<b id="40" c="4 37" t="1"/>
		<b id="41" c="4 38" t="1"/>
		<b id="42" c="4 39" t="1"/>
		<b id="43" c="8 40" t="1"/>
		<b id="44" c="9 41" t="1"/>
		<b id="45" c="10 42" t="1"/>
		<b id="46" c="10 43" t="1"/>
		<b id="47" c="11 44" t="1"/>
		<b id="48" c="11 45" t="1"/>
		<b id="49" c="12 46" t="1"/>
		<b id="50" c="17 47" t="1"/>
		<b id="51" c="18 48" t="1"/>
		<b id="52" c="20 49" t="1"/>
		<b id="53" c="21 50" t="1"/>
		<b id="54" c="23 51" t="1"/>
		<b id="55" c="29 52" t="1"/>
		<b id="56" c="29 53" t="1"/>
		<b id="57" c="30 54" t="1"/>
		<b id="58" c="30 55" t="1"/>
	</bonds>
	<geometry>
		<g u="A" t="cart/3d">#55,3:7.2941,0.1550,-4.3391;7.2377,-1.3212,-4.7333;5.8741,-1.6743,-5.3273;8.3579,-1.6590,-5.7184;7.5214,-2.1562,-3.5856;6.7249,-2.1315,-2.5019;5.7316,-1.4612,-2.3472;7.2004,-3.0160,-1.5902;6.6749,-3.0869,-0.2454;6.8197,-4.5021,0.3139;8.2854,-4.8795,0.5152;9.0201,-3.8536,1.3835;10.4286,-4.1750,1.4122;11.0919,-4.3904,2.5502;12.3638,-4.6044,2.2750;13.3310,-4.8461,3.3309;12.8997,-5.2423,4.5984;13.8471,-5.4501,5.5847;15.1474,-5.2958,5.3939;15.5561,-4.9145,4.1966;14.7008,-4.6737,3.1338;12.5619,-4.5347,0.8588;13.5392,-4.6979,-0.1196;13.2453,-4.5355,-1.3934;11.9967,-4.2278,-1.7261;11.7004,-4.0117,-3.3899;10.9611,-4.0818,-0.9314;11.2593,-4.2427,0.3578;8.8451,-2.4309,0.8439;7.3692,-2.0866,0.6883;7.1508,0.7758,-5.2197;8.2606,0.3893,-3.8966;6.5118,0.3788,-3.6182;5.7143,-1.1053,-6.2398;5.0847,-1.4365,-4.6194;5.8298,-2.7370,-5.5601;8.2669,-1.0459,-6.6102;8.3030,-2.7072,-5.9999;9.3258,-1.4786,-5.2585;8.1059,-3.4153,-1.7800;5.6155,-2.8201,-0.3254;6.3558,-5.2142,-0.3693;6.2919,-4.5537,1.2673;8.7890,-4.9386,-0.4503;8.3503,-5.8630,0.9861;8.6721,-3.9095,2.4201;11.8471,-5.3774,4.7855;13.5564,-5.7565,6.5811;16.6257,-4.7924,4.0853;15.0892,-4.3389,2.1857;14.5639,-4.9722,0.0907;9.3427,-2.3600,-0.1246;9.3260,-1.7248,1.5245;7.2646,-1.0821,0.2766;6.8755,-2.1080,1.6613;</g>
	</geometry>
	<conformers/>
	<properties/>
</molecule>
