<?xml version="1.0" ?>
<!--MOLLI PACKAGE EXPERIMENTAL XML FORMAT-->
<molecule name="el3740">
	<atoms>
		<a id="1" s="C" t="C.3" l="C"/>
		<a id="2" s="C" t="C.3" l="C"/>
		<a id="3" s="C" t="C.3" l="C"/>
		<a id="4" s="C" t="C.3" l="C"/>
		<a id="5" s="O" t="O.3" l="O"/>
		<a id="6" s="C" t="C.2" l="C"/>
		<a id="7" s="O" t="O.2" l="O"/>
		<a id="8" s="N" t="N.am" l="N"/>
		<a id="9" s="C" t="C.3" l="C"/>
		<a id="10" s="C" t="C.3" l="C"/>
		<a id="11" s="C" t="C.3" l="C"/>
		<a id="12" s="N" t="N.ar" l="N"/>
		<a id="13" s="N" t="N.ar" l="N"/>
		<a id="14" s="C" t="C.ar" l="C"/>
		<a id="15" s="C" t="C.ar" l="C"/>
		<a id="16" s="C" t="C.ar" l="C"/>
		<a id="17" s="C" t="C.ar" l="C"/>
		<a id="18" s="N" t="N.ar" l="N"/>
		<a id="19" s="C" t="C.ar" l="C"/>
		<a id="20" s="C" t="C.ar" l="C"/>
		<a id="21" s="C" t="C.ar" l="C"/>
		<a id="22" s="C" t="C.ar" l="C"/>
		<a id="23" s="N" t="N.ar" l="N"/>
		<a id="24" s="C" t="C.ar" l="C"/>
		<a id="25" s="Cl" t="Cl" l="CL"/>
		<a id="26" s="N" t="N.ar" l="N"/>
		<a id="27" s="C" t="C.ar" l="C"/>
		<a id="28" s="C" t="C.3" l="C"/>
		<a id="29" s="H" t="H" l="H"/>
		<a id="30" s="H" t="H" l="H"/>
		<a id="31" s="H" t="H" l="H"/>
		<a id="32" s="H" t="H" l="H"/>
		<a id="33" s="H" t="H" l="H"/>
		<a id="34" s="H" t="H" l="H"/>
		<a id="35" s="H" t="H" l="H"/>
		<a id="36" s="H" t="H" l="H"/>
		<a id="37" s="H" t="H" l="H"/>
		<a id="38" s="H" t="H" l="H"/>
		<a id="39" s="H" t="H" l="H"/>
		<a id="40" s="H" t="H" l="H"/>
		<a id="41" s="H" t="H" l="H"/>
		<a id="42" s="H" t="H" l="H"/>
		<a id="43" s="H" t="H" l="H"/>
		<a id="44" s="H" t="H" l="H"/>
		<a id="45" s="H" t="H" l="H"/>
		<a id="46" s="H" t="H" l="H"/>
		<a id="47" s="H" t="H" l="H"/>
		<a id="48" s="H" t="H" l="H"/>
		<a id="49" s="H" t="H" l="H"/>
	</atoms>
	<bonds>
		<b id="1" c="1 2" t="1"/>
		<b id="2" c="2 3" t="1"/>
		<b id="3" c="2 4" t="1"/>
		<b id="4" c="2 5" t="1"/>
		<b id="5" c="5 6" t="1"/>
		<b id="6" c="6 7" t="2"/>
		<b id="7" c="6 8" t="am"/>
		<b id="8" c="8 9" t="1"/>
		<b id="9" c="9 10" t="1"/>
		<b id="10" c="10 11" t="1"/>
		<b id="11" c="11 12" t="1"/>
		<b id="12" c="12 13" t="ar"/>
		<b id="13" c="13 14" t="ar"/>
		<b id="14" c="14 15" t="1"/>
		<b id="15" c="15 16" t="ar"/>
		<b id="16" c="16 17" t="ar"/>
		<b id="17" c="17 18" t="ar"/>
		<b id="18" c="18 19" t="ar"/>
		<b id="19" c="19 20" t="ar"/>
		<b id="20" c="15 20" t="ar"/>
		<b id="21" c="14 21" t="ar"/>
		<b id="22" c="21 22" t="ar"/>
		<b id="23" c="22 23" t="ar"/>
		<b id="24" c="23 24" t="ar"/>
		<b id="25" c="24 25" t="1"/>
		<b id="26" c="24 26" t="ar"/>
		<b id="27" c="26 27" t="ar"/>
		<b id="28" c="21 27" t="ar"/>
		<b id="29" c="12 27" t="ar"/>
		<b id="30" c="11 28" t="1"/>
		<b id="31" c="8 28" t="1"/>
		<b id="32" c="1 29" t="1"/>
		<b id="33" c="1 30" t="1"/>
		<b id="34" c="1 31" t="1"/>
		<b id="35" c="3 32" t="1"/>
		<b id="36" c="3 33" t="1"/>
		<b id="37" c="3 34" t="1"/>
		<b id="38" c="4 35" t="1"/>
		<b id="39" c="4 36" t="1"/>
		<b id="40" c="4 37" t="1"/>
		<b id="41" c="9 38" t="1"/>
		<b id="42" c="9 39" t="1"/>
		<b id="43" c="10 40" t="1"/>
		<b id="44" c="10 41" t="1"/>
		<b id="45" c="11 42" t="1"/>
		<b id="46" c="16 43" t="1"/>
		<b id="47" c="17 44" t="1"/>
		<b id="48" c="19 45" t="1"/>
		<b id="49" c="20 46" t="1"/>
		<b id="50" c="22 47" t="1"/>
		<b id="51" c="28 48" t="1"/>
		<b id="52" c="28 49" t="1"/>
	</bonds>
	<geometry>
		<g u="A" t="cart/3d">#49,3:4.0822,1.4340,-0.7040;3.0147,0.3405,-0.7014;2.4537,0.1261,0.7042;1.8905,0.6872,-1.6789;3.5609,-0.8956,-1.2214;4.5822,-1.5006,-0.5901;5.1356,-1.1225,0.4178;4.9517,-2.6273,-1.2410;4.2684,-3.2502,-2.3524;4.3818,-4.7394,-2.0324;5.7674,-4.8532,-1.3798;6.7904,-5.0857,-2.3686;7.0342,-4.2334,-3.3714;8.0095,-4.7130,-4.1147;8.4810,-3.9976,-5.2875;8.2409,-2.6282,-5.4143;8.6998,-1.9789,-6.5464;9.3561,-2.5863,-7.5215;9.5768,-3.8838,-7.4057;9.1652,-4.6386,-6.3194;8.4546,-5.9610,-3.5724;9.4143,-6.9533,-3.7541;9.4682,-7.9860,-2.9390;8.5998,-8.0552,-1.9351;8.7275,-9.4316,-0.9439;7.6672,-7.1877,-1.6107;7.6137,-6.1464,-2.4362;5.9664,-3.4977,-0.6824;3.6456,2.3731,-0.3763;4.4846,1.5610,-1.7068;4.8915,1.1658,-0.0307;1.9693,1.0359,1.0472;3.2555,-0.1291,1.3913;1.7240,-0.6812,0.6975;1.4211,1.6217,-1.3871;1.1410,-0.1001,-1.6823;2.2898,0.7882,-2.6845;4.7898,-3.0197,-3.2880;3.2405,-2.8956,-2.4123;4.2948,-5.3669,-2.9168;3.6200,-5.0328,-1.3109;5.8402,-5.6946,-0.6876;7.7112,-2.1038,-4.6358;8.5352,-0.9185,-6.6860;10.1124,-4.3412,-8.2273;9.3528,-5.6998,-6.2877;10.1588,-6.9355,-4.5383;6.9666,-3.0979,-0.8791;5.8354,-3.5643,0.4011;</g>
	</geometry>
	<conformers/>
	<properties/>
</molecule>
