<?xml version="1.0" ?>
<!--MOLLI PACKAGE EXPERIMENTAL XML FORMAT-->
<molecule name="el3743">
	<atoms>
		<a id="1" s="C" t="C.3" l="C"/>
		<a id="2" s="C" t="C.3" l="C"/>
		<a id="3" s="C" t="C.3" l="C"/>
		<a id="4" s="C" t="C.3" l="C"/>
		<a id="5" s="O" t="O.3" l="O"/>
		<a id="6" s="C" t="C.2" l="C"/>
		<a id="7" s="O" t="O.2" l="O"/>
		<a id="8" s="N" t="N.am" l="N"/>
		<a id="9" s="C" t="C.3" l="C"/>
		<a id="10" s="C" t="C.3" l="C"/>
		<a id="11" s="C" t="C.3" l="C"/>
		<a id="12" s="C" t="C.3" l="C"/>
		<a id="13" s="N" t="N.ar" l="N"/>
		<a id="14" s="N" t="N.ar" l="N"/>
		<a id="15" s="C" t="C.ar" l="C"/>
		<a id="16" s="C" t="C.ar" l="C"/>
		<a id="17" s="C" t="C.ar" l="C"/>
		<a id="18" s="C" t="C.ar" l="C"/>
		<a id="19" s="N" t="N.ar" l="N"/>
		<a id="20" s="C" t="C.ar" l="C"/>
		<a id="21" s="C" t="C.ar" l="C"/>
		<a id="22" s="C" t="C.ar" l="C"/>
		<a id="23" s="C" t="C.ar" l="C"/>
		<a id="24" s="N" t="N.ar" l="N"/>
		<a id="25" s="C" t="C.ar" l="C"/>
		<a id="26" s="Cl" t="Cl" l="CL"/>
		<a id="27" s="N" t="N.ar" l="N"/>
		<a id="28" s="C" t="C.ar" l="C"/>
		<a id="29" s="C" t="C.3" l="C"/>
		<a id="30" s="C" t="C.3" l="C"/>
		<a id="31" s="H" t="H" l="H"/>
		<a id="32" s="H" t="H" l="H"/>
		<a id="33" s="H" t="H" l="H"/>
		<a id="34" s="H" t="H" l="H"/>
		<a id="35" s="H" t="H" l="H"/>
		<a id="36" s="H" t="H" l="H"/>
		<a id="37" s="H" t="H" l="H"/>
		<a id="38" s="H" t="H" l="H"/>
		<a id="39" s="H" t="H" l="H"/>
		<a id="40" s="H" t="H" l="H"/>
		<a id="41" s="H" t="H" l="H"/>
		<a id="42" s="H" t="H" l="H"/>
		<a id="43" s="H" t="H" l="H"/>
		<a id="44" s="H" t="H" l="H"/>
		<a id="45" s="H" t="H" l="H"/>
		<a id="46" s="H" t="H" l="H"/>
		<a id="47" s="H" t="H" l="H"/>
		<a id="48" s="H" t="H" l="H"/>
		<a id="49" s="H" t="H" l="H"/>
		<a id="50" s="H" t="H" l="H"/>
		<a id="51" s="H" t="H" l="H"/>
		<a id="52" s="H" t="H" l="H"/>
		<a id="53" s="H" t="H" l="H"/>
		<a id="54" s="H" t="H" l="H"/>
		<a id="55" s="H" t="H" l="H"/>
	</atoms>
	<bonds>
		<b id="1" c="1 2" t="1"/>
		<b id="2" c="2 3" t="1"/>
		<b id="3" c="2 4" t="1"/>
		<b id="4" c="2 5" t="1"/>
		<b id="5" c="5 6" t="1"/>
		<b id="6" c="6 7" t="2"/>
		<b id="7" c="6 8" t="am"/>
		<b id="8" c="8 9" t="1"/>
		<b id="9" c="9 10" t="1"/>
		<b id="10" c="10 11" t="1"/>
		<b id="11" c="11 12" t="1"/>
		<b id="12" c="12 13" t="1"/>
		<b id="13" c="13 14" t="ar"/>
		<b id="14" c="14 15" t="ar"/>
		<b id="15" c="15 16" t="1"/>
		<b id="16" c="16 17" t="ar"/>
		<b id="17" c="17 18" t="ar"/>
		<b id="18" c="18 19" t="ar"/>
		<b id="19" c="19 20" t="ar"/>
		<b id="20" c="20 21" t="ar"/>
		<b id="21" c="16 21" t="ar"/>
		<b id="22" c="15 22" t="ar"/>
		<b id="23" c="22 23" t="ar"/>
		<b id="24" c="23 24" t="ar"/>
		<b id="25" c="24 25" t="ar"/>
		<b id="26" c="25 26" t="1"/>
		<b id="27" c="25 27" t="ar"/>
		<b id="28" c="27 28" t="ar"/>
		<b id="29" c="22 28" t="ar"/>
		<b id="30" c="13 28" t="ar"/>
		<b id="31" c="12 29" t="1"/>
		<b id="32" c="29 30" t="1"/>
		<b id="33" c="9 30" t="1"/>
		<b id="34" c="1 31" t="1"/>
		<b id="35" c="1 32" t="1"/>
		<b id="36" c="1 33" t="1"/>
		<b id="37" c="3 34" t="1"/>
		<b id="38" c="3 35" t="1"/>
		<b id="39" c="3 36" t="1"/>
		<b id="40" c="4 37" t="1"/>
		<b id="41" c="4 38" t="1"/>
		<b id="42" c="4 39" t="1"/>
		<b id="43" c="8 40" t="1"/>
		<b id="44" c="9 41" t="1"/>
		<b id="45" c="10 42" t="1"/>
		<b id="46" c="10 43" t="1"/>
		<b id="47" c="11 44" t="1"/>
		<b id="48" c="11 45" t="1"/>
		<b id="49" c="12 46" t="1"/>
		<b id="50" c="17 47" t="1"/>
		<b id="51" c="18 48" t="1"/>
		<b id="52" c="20 49" t="1"/>
		<b id="53" c="21 50" t="1"/>
		<b id="54" c="23 51" t="1"/>
		<b id="55" c="29 52" t="1"/>
		<b id="56" c="29 53" t="1"/>
		<b id="57" c="30 54" t="1"/>
		<b id="58" c="30 55" t="1"/>
	</bonds>
	<geometry>
		<g u="A" t="cart/3d">#55,3:1.8525,-1.3266,-4.8228;2.0932,-0.3328,-3.6873;2.4915,1.0378,-4.2341;0.8503,-0.2164,-2.8039;3.1153,-0.8317,-2.7901;4.3636,-1.0575,-3.2368;4.7740,-0.8826,-4.3580;5.1183,-1.5383,-2.2179;6.5345,-1.7913,-2.3414;6.8746,-3.2052,-1.8661;8.3670,-3.4772,-2.0184;9.1782,-2.4458,-1.2341;10.5899,-2.6962,-1.3975;11.1510,-2.8241,-2.6039;12.4459,-3.0210,-2.4575;13.3091,-3.2113,-3.6096;12.8722,-2.8289,-4.8797;13.7159,-3.0267,-5.9577;14.9227,-3.5594,-5.8535;15.3338,-3.9292,-4.6533;14.5760,-3.7838,-3.5029;12.7752,-3.0091,-1.0642;13.8593,-3.0774,-0.1937;13.6777,-2.9891,1.1080;12.4433,-2.8226,1.5712;12.2987,-2.7375,3.2653;11.3297,-2.7042,0.8849;11.5155,-2.7944,-0.4297;8.8412,-1.0305,-1.7102;7.3495,-0.7625,-1.5517;1.0287,-0.9827,-5.4418;1.6055,-2.3053,-4.4167;2.7442,-1.4154,-5.4368;1.6807,1.4433,-4.8327;3.3793,0.9491,-4.8536;2.7006,1.7210,-3.4136;0.0135,0.1554,-3.3873;1.0411,0.4668,-1.9806;0.5931,-1.1890,-2.3929;4.6901,-1.5983,-1.3083;6.7589,-1.6938,-3.4089;6.3051,-3.9317,-2.4465;6.5875,-3.3095,-0.8168;8.6535,-3.4169,-3.0693;8.6028,-4.4806,-1.6588;8.9826,-2.5364,-0.1603;11.8953,-2.3898,-4.9980;13.4165,-2.7449,-6.9587;16.3227,-4.3670,-4.6134;14.9544,-4.1266,-2.5536;14.8859,-3.1888,-0.5145;9.1262,-0.9380,-2.7596;9.4161,-0.3037,-1.1329;7.1129,0.2403,-1.9095;7.0762,-0.8201,-0.4951;</g>
	</geometry>
	<conformers/>
	<properties/>
</molecule>
