<?xml version="1.0" ?>
<!--MOLLI PACKAGE EXPERIMENTAL XML FORMAT-->
<molecule name="el3745">
	<atoms>
		<a id="1" s="C" t="C.3" l="C"/>
		<a id="2" s="C" t="C.3" l="C"/>
		<a id="3" s="C" t="C.3" l="C"/>
		<a id="4" s="C" t="C.3" l="C"/>
		<a id="5" s="O" t="O.3" l="O"/>
		<a id="6" s="C" t="C.2" l="C"/>
		<a id="7" s="O" t="O.2" l="O"/>
		<a id="8" s="N" t="N.am" l="N"/>
		<a id="9" s="C" t="C.3" l="C"/>
		<a id="10" s="C" t="C.3" l="C"/>
		<a id="11" s="C" t="C.3" l="C"/>
		<a id="12" s="C" t="C.3" l="C"/>
		<a id="13" s="N" t="N.ar" l="N"/>
		<a id="14" s="N" t="N.ar" l="N"/>
		<a id="15" s="C" t="C.ar" l="C"/>
		<a id="16" s="C" t="C.ar" l="C"/>
		<a id="17" s="C" t="C.ar" l="C"/>
		<a id="18" s="C" t="C.ar" l="C"/>
		<a id="19" s="N" t="N.ar" l="N"/>
		<a id="20" s="C" t="C.ar" l="C"/>
		<a id="21" s="C" t="C.ar" l="C"/>
		<a id="22" s="C" t="C.ar" l="C"/>
		<a id="23" s="C" t="C.ar" l="C"/>
		<a id="24" s="N" t="N.ar" l="N"/>
		<a id="25" s="C" t="C.ar" l="C"/>
		<a id="26" s="Cl" t="Cl" l="CL"/>
		<a id="27" s="N" t="N.ar" l="N"/>
		<a id="28" s="C" t="C.ar" l="C"/>
		<a id="29" s="C" t="C.3" l="C"/>
		<a id="30" s="H" t="H" l="H"/>
		<a id="31" s="H" t="H" l="H"/>
		<a id="32" s="H" t="H" l="H"/>
		<a id="33" s="H" t="H" l="H"/>
		<a id="34" s="H" t="H" l="H"/>
		<a id="35" s="H" t="H" l="H"/>
		<a id="36" s="H" t="H" l="H"/>
		<a id="37" s="H" t="H" l="H"/>
		<a id="38" s="H" t="H" l="H"/>
		<a id="39" s="H" t="H" l="H"/>
		<a id="40" s="H" t="H" l="H"/>
		<a id="41" s="H" t="H" l="H"/>
		<a id="42" s="H" t="H" l="H"/>
		<a id="43" s="H" t="H" l="H"/>
		<a id="44" s="H" t="H" l="H"/>
		<a id="45" s="H" t="H" l="H"/>
		<a id="46" s="H" t="H" l="H"/>
		<a id="47" s="H" t="H" l="H"/>
		<a id="48" s="H" t="H" l="H"/>
		<a id="49" s="H" t="H" l="H"/>
		<a id="50" s="H" t="H" l="H"/>
		<a id="51" s="H" t="H" l="H"/>
		<a id="52" s="H" t="H" l="H"/>
	</atoms>
	<bonds>
		<b id="1" c="1 2" t="1"/>
		<b id="2" c="2 3" t="1"/>
		<b id="3" c="2 4" t="1"/>
		<b id="4" c="2 5" t="1"/>
		<b id="5" c="5 6" t="1"/>
		<b id="6" c="6 7" t="2"/>
		<b id="7" c="6 8" t="am"/>
		<b id="8" c="8 9" t="1"/>
		<b id="9" c="9 10" t="1"/>
		<b id="10" c="10 11" t="1"/>
		<b id="11" c="12 13" t="1"/>
		<b id="12" c="13 14" t="ar"/>
		<b id="13" c="14 15" t="ar"/>
		<b id="14" c="15 16" t="1"/>
		<b id="15" c="16 17" t="ar"/>
		<b id="16" c="17 18" t="ar"/>
		<b id="17" c="18 19" t="ar"/>
		<b id="18" c="19 20" t="ar"/>
		<b id="19" c="20 21" t="ar"/>
		<b id="20" c="16 21" t="ar"/>
		<b id="21" c="15 22" t="ar"/>
		<b id="22" c="22 23" t="ar"/>
		<b id="23" c="23 24" t="ar"/>
		<b id="24" c="24 25" t="ar"/>
		<b id="25" c="25 26" t="1"/>
		<b id="26" c="25 27" t="ar"/>
		<b id="27" c="27 28" t="ar"/>
		<b id="28" c="22 28" t="ar"/>
		<b id="29" c="13 28" t="ar"/>
		<b id="30" c="11 29" t="1"/>
		<b id="31" c="8 29" t="1"/>
		<b id="32" c="11 12" t="1"/>
		<b id="33" c="1 30" t="1"/>
		<b id="34" c="1 31" t="1"/>
		<b id="35" c="1 32" t="1"/>
		<b id="36" c="3 33" t="1"/>
		<b id="37" c="3 34" t="1"/>
		<b id="38" c="3 35" t="1"/>
		<b id="39" c="4 36" t="1"/>
		<b id="40" c="4 37" t="1"/>
		<b id="41" c="4 38" t="1"/>
		<b id="42" c="9 39" t="1"/>
		<b id="43" c="9 40" t="1"/>
		<b id="44" c="10 41" t="1"/>
		<b id="45" c="10 42" t="1"/>
		<b id="46" c="11 43" t="1"/>
		<b id="47" c="12 44" t="1"/>
		<b id="48" c="12 45" t="1"/>
		<b id="49" c="17 46" t="1"/>
		<b id="50" c="18 47" t="1"/>
		<b id="51" c="20 48" t="1"/>
		<b id="52" c="21 49" t="1"/>
		<b id="53" c="23 50" t="1"/>
		<b id="54" c="29 51" t="1"/>
		<b id="55" c="29 52" t="1"/>
	</bonds>
	<geometry>
		<g u="A" t="cart/3d">#52,3:4.1653,-1.5931,0.4826;3.0220,-0.5916,0.6424;2.3695,-0.2848,-0.7057;1.9825,-1.1200,1.6324;3.5004,0.6280,1.2562;4.4436,1.3685,0.6433;4.9873,1.1189,-0.4089;4.7394,2.4655,1.3747;4.0227,2.9355,2.5397;4.0970,4.4538,2.4031;5.4844,4.6738,1.7899;5.5878,6.0060,1.0471;6.9271,6.2525,0.5873;7.5111,5.4869,-0.3406;8.7408,5.9147,-0.5426;9.6111,5.2434,-1.4922;9.0799,4.2973,-2.3721;9.9329,3.6682,-3.2611;11.2315,3.9141,-3.3275;11.7362,4.8020,-2.4894;10.9819,5.4914,-1.5542;8.9939,7.0486,0.2972;9.9587,8.0102,0.5850;9.7269,8.9440,1.4848;8.5520,8.9582,2.1044;8.3429,10.1883,3.2619;7.5325,8.1492,1.9230;7.7710,7.2066,1.0152;5.6704,3.4590,0.8705;3.7786,-2.5330,0.0989;4.6413,-1.7718,1.4444;4.9067,-1.2046,-0.2099;1.9404,-1.1923,-1.1209;3.1106,0.1057,-1.3975;1.5799,0.4536,-0.5797;1.5582,-2.0492,1.2646;1.1853,-0.3924,1.7617;2.4466,-1.2984,2.5988;4.5263,2.5992,3.4546;3.0040,2.5482,2.5414;3.9733,4.9669,3.3539;3.3292,4.8022,1.7111;6.2374,4.6537,2.5831;4.9157,6.0013,0.1837;5.3306,6.8350,1.7102;8.0270,4.0718,-2.3422;9.5631,2.9284,-3.9584;12.8026,4.9684,-2.5719;11.4542,6.1891,-0.8825;10.9232,8.0652,0.0991;6.6924,3.0718,0.8893;5.4309,3.6935,-0.1711;</g>
	</geometry>
	<conformers/>
	<properties/>
</molecule>
