<?xml version="1.0" ?>
<!--MOLLI PACKAGE EXPERIMENTAL XML FORMAT-->
<molecule name="el3746">
	<atoms>
		<a id="1" s="C" t="C.3" l="C"/>
		<a id="2" s="C" t="C.3" l="C"/>
		<a id="3" s="C" t="C.3" l="C"/>
		<a id="4" s="C" t="C.3" l="C"/>
		<a id="5" s="O" t="O.3" l="O"/>
		<a id="6" s="C" t="C.2" l="C"/>
		<a id="7" s="O" t="O.2" l="O"/>
		<a id="8" s="N" t="N.am" l="N"/>
		<a id="9" s="C" t="C.3" l="C"/>
		<a id="10" s="C" t="C.3" l="C"/>
		<a id="11" s="C" t="C.3" l="C"/>
		<a id="12" s="C" t="C.3" l="C"/>
		<a id="13" s="N" t="N.ar" l="N"/>
		<a id="14" s="N" t="N.ar" l="N"/>
		<a id="15" s="C" t="C.ar" l="C"/>
		<a id="16" s="C" t="C.ar" l="C"/>
		<a id="17" s="C" t="C.ar" l="C"/>
		<a id="18" s="C" t="C.ar" l="C"/>
		<a id="19" s="N" t="N.ar" l="N"/>
		<a id="20" s="C" t="C.ar" l="C"/>
		<a id="21" s="C" t="C.ar" l="C"/>
		<a id="22" s="C" t="C.ar" l="C"/>
		<a id="23" s="C" t="C.ar" l="C"/>
		<a id="24" s="N" t="N.ar" l="N"/>
		<a id="25" s="C" t="C.ar" l="C"/>
		<a id="26" s="Cl" t="Cl" l="CL"/>
		<a id="27" s="N" t="N.ar" l="N"/>
		<a id="28" s="C" t="C.ar" l="C"/>
		<a id="29" s="C" t="C.3" l="C"/>
		<a id="30" s="H" t="H" l="H"/>
		<a id="31" s="H" t="H" l="H"/>
		<a id="32" s="H" t="H" l="H"/>
		<a id="33" s="H" t="H" l="H"/>
		<a id="34" s="H" t="H" l="H"/>
		<a id="35" s="H" t="H" l="H"/>
		<a id="36" s="H" t="H" l="H"/>
		<a id="37" s="H" t="H" l="H"/>
		<a id="38" s="H" t="H" l="H"/>
		<a id="39" s="H" t="H" l="H"/>
		<a id="40" s="H" t="H" l="H"/>
		<a id="41" s="H" t="H" l="H"/>
		<a id="42" s="H" t="H" l="H"/>
		<a id="43" s="H" t="H" l="H"/>
		<a id="44" s="H" t="H" l="H"/>
		<a id="45" s="H" t="H" l="H"/>
		<a id="46" s="H" t="H" l="H"/>
		<a id="47" s="H" t="H" l="H"/>
		<a id="48" s="H" t="H" l="H"/>
		<a id="49" s="H" t="H" l="H"/>
		<a id="50" s="H" t="H" l="H"/>
		<a id="51" s="H" t="H" l="H"/>
		<a id="52" s="H" t="H" l="H"/>
	</atoms>
	<bonds>
		<b id="1" c="1 2" t="1"/>
		<b id="2" c="2 3" t="1"/>
		<b id="3" c="2 4" t="1"/>
		<b id="4" c="2 5" t="1"/>
		<b id="5" c="5 6" t="1"/>
		<b id="6" c="6 7" t="2"/>
		<b id="7" c="6 8" t="am"/>
		<b id="8" c="8 9" t="1"/>
		<b id="9" c="9 10" t="1"/>
		<b id="10" c="10 11" t="1"/>
		<b id="11" c="11 12" t="1"/>
		<b id="12" c="12 13" t="1"/>
		<b id="13" c="13 14" t="ar"/>
		<b id="14" c="14 15" t="ar"/>
		<b id="15" c="15 16" t="1"/>
		<b id="16" c="16 17" t="ar"/>
		<b id="17" c="17 18" t="ar"/>
		<b id="18" c="18 19" t="ar"/>
		<b id="19" c="19 20" t="ar"/>
		<b id="20" c="20 21" t="ar"/>
		<b id="21" c="16 21" t="ar"/>
		<b id="22" c="15 22" t="ar"/>
		<b id="23" c="22 23" t="ar"/>
		<b id="24" c="23 24" t="ar"/>
		<b id="25" c="24 25" t="ar"/>
		<b id="26" c="25 26" t="1"/>
		<b id="27" c="25 27" t="ar"/>
		<b id="28" c="27 28" t="ar"/>
		<b id="29" c="22 28" t="ar"/>
		<b id="30" c="13 28" t="ar"/>
		<b id="31" c="11 29" t="1"/>
		<b id="32" c="8 29" t="1"/>
		<b id="33" c="1 30" t="1"/>
		<b id="34" c="1 31" t="1"/>
		<b id="35" c="1 32" t="1"/>
		<b id="36" c="3 33" t="1"/>
		<b id="37" c="3 34" t="1"/>
		<b id="38" c="3 35" t="1"/>
		<b id="39" c="4 36" t="1"/>
		<b id="40" c="4 37" t="1"/>
		<b id="41" c="4 38" t="1"/>
		<b id="42" c="9 39" t="1"/>
		<b id="43" c="9 40" t="1"/>
		<b id="44" c="10 41" t="1"/>
		<b id="45" c="10 42" t="1"/>
		<b id="46" c="11 43" t="1"/>
		<b id="47" c="12 44" t="1"/>
		<b id="48" c="12 45" t="1"/>
		<b id="49" c="17 46" t="1"/>
		<b id="50" c="18 47" t="1"/>
		<b id="51" c="20 48" t="1"/>
		<b id="52" c="21 49" t="1"/>
		<b id="53" c="23 50" t="1"/>
		<b id="54" c="29 51" t="1"/>
		<b id="55" c="29 52" t="1"/>
	</bonds>
	<geometry>
		<g u="A" t="cart/3d">#52,3:4.0197,-0.1160,1.1552;5.4082,-0.2128,0.5236;5.9018,1.1603,0.0744;6.3982,-0.8428,1.5039;5.3877,-1.1329,-0.5939;4.5932,-0.8920,-1.6516;3.8364,0.0416,-1.7952;4.7359,-1.8606,-2.5824;3.9486,-1.8621,-3.8006;4.2811,-3.2041,-4.4493;5.6857,-3.5238,-3.9280;6.7551,-2.7895,-4.7499;8.0793,-3.1509,-4.3280;8.6369,-4.3147,-4.6809;9.8210,-4.4149,-4.1102;10.6500,-5.5899,-4.3121;10.3821,-6.4514,-5.3759;11.1783,-7.5691,-5.5390;12.1847,-7.8729,-4.7361;12.4343,-7.0624,-3.7244;11.7063,-5.9141,-3.4625;10.0730,-3.2433,-3.3277;11.0482,-2.6386,-2.5393;10.8291,-1.4611,-1.9911;9.6696,-0.8523,-2.2204;9.4674,0.6531,-1.4612;8.6729,-1.2698,-2.9658;8.8917,-2.4643,-3.5094;5.6286,-2.9946,-2.4929;4.0678,0.4931,2.0540;3.6593,-1.1083,1.4180;3.3237,0.3362,0.4548;5.9698,1.8244,0.9311;5.2129,1.5843,-0.6492;6.8838,1.0735,-0.3821;6.4838,-0.2255,2.3925;7.3770,-0.9302,1.0393;6.0606,-1.8351,1.7898;4.2357,-1.0159,-4.4344;2.8870,-1.7532,-3.5643;4.2385,-3.1578,-5.5344;3.5846,-3.9682,-4.1070;5.9016,-4.5939,-3.9577;6.6576,-1.7115,-4.6151;6.6573,-3.0514,-5.8059;9.5692,-6.2312,-6.0475;11.0095,-8.2593,-6.3569;13.2618,-7.3510,-3.0911;11.9442,-5.3006,-2.6094;12.0192,-3.0717,-2.3432;6.5998,-2.6780,-2.1087;5.2211,-3.7521,-1.8111;</g>
	</geometry>
	<conformers/>
	<properties/>
</molecule>
