<?xml version="1.0" ?>
<!--MOLLI PACKAGE EXPERIMENTAL XML FORMAT-->
<molecule name="el3747">
	<atoms>
		<a id="1" s="C" t="C.3" l="C"/>
		<a id="2" s="C" t="C.3" l="C"/>
		<a id="3" s="C" t="C.3" l="C"/>
		<a id="4" s="C" t="C.3" l="C"/>
		<a id="5" s="O" t="O.3" l="O"/>
		<a id="6" s="C" t="C.2" l="C"/>
		<a id="7" s="O" t="O.2" l="O"/>
		<a id="8" s="N" t="N.am" l="N"/>
		<a id="9" s="C" t="C.3" l="C"/>
		<a id="10" s="C" t="C.3" l="C"/>
		<a id="11" s="C" t="C.3" l="C"/>
		<a id="12" s="C" t="C.3" l="C"/>
		<a id="13" s="C" t="C.3" l="C"/>
		<a id="14" s="C" t="C.3" l="C"/>
		<a id="15" s="C" t="C.3" l="C"/>
		<a id="16" s="N" t="N.ar" l="N"/>
		<a id="17" s="N" t="N.ar" l="N"/>
		<a id="18" s="C" t="C.ar" l="C"/>
		<a id="19" s="C" t="C.ar" l="C"/>
		<a id="20" s="C" t="C.ar" l="C"/>
		<a id="21" s="C" t="C.ar" l="C"/>
		<a id="22" s="N" t="N.ar" l="N"/>
		<a id="23" s="C" t="C.ar" l="C"/>
		<a id="24" s="C" t="C.ar" l="C"/>
		<a id="25" s="C" t="C.ar" l="C"/>
		<a id="26" s="C" t="C.ar" l="C"/>
		<a id="27" s="N" t="N.ar" l="N"/>
		<a id="28" s="C" t="C.ar" l="C"/>
		<a id="29" s="Cl" t="Cl" l="CL"/>
		<a id="30" s="N" t="N.ar" l="N"/>
		<a id="31" s="C" t="C.ar" l="C"/>
		<a id="32" s="C" t="C.3" l="C"/>
		<a id="33" s="H" t="H" l="H"/>
		<a id="34" s="H" t="H" l="H"/>
		<a id="35" s="H" t="H" l="H"/>
		<a id="36" s="H" t="H" l="H"/>
		<a id="37" s="H" t="H" l="H"/>
		<a id="38" s="H" t="H" l="H"/>
		<a id="39" s="H" t="H" l="H"/>
		<a id="40" s="H" t="H" l="H"/>
		<a id="41" s="H" t="H" l="H"/>
		<a id="42" s="H" t="H" l="H"/>
		<a id="43" s="H" t="H" l="H"/>
		<a id="44" s="H" t="H" l="H"/>
		<a id="45" s="H" t="H" l="H"/>
		<a id="46" s="H" t="H" l="H"/>
		<a id="47" s="H" t="H" l="H"/>
		<a id="48" s="H" t="H" l="H"/>
		<a id="49" s="H" t="H" l="H"/>
		<a id="50" s="H" t="H" l="H"/>
		<a id="51" s="H" t="H" l="H"/>
		<a id="52" s="H" t="H" l="H"/>
		<a id="53" s="H" t="H" l="H"/>
		<a id="54" s="H" t="H" l="H"/>
		<a id="55" s="H" t="H" l="H"/>
		<a id="56" s="H" t="H" l="H"/>
		<a id="57" s="H" t="H" l="H"/>
		<a id="58" s="H" t="H" l="H"/>
		<a id="59" s="H" t="H" l="H"/>
	</atoms>
	<bonds>
		<b id="1" c="1 2" t="1"/>
		<b id="2" c="2 3" t="1"/>
		<b id="3" c="2 4" t="1"/>
		<b id="4" c="2 5" t="1"/>
		<b id="5" c="5 6" t="1"/>
		<b id="6" c="6 7" t="2"/>
		<b id="7" c="6 8" t="am"/>
		<b id="8" c="8 9" t="1"/>
		<b id="9" c="9 10" t="1"/>
		<b id="10" c="10 11" t="1"/>
		<b id="11" c="11 12" t="1"/>
		<b id="12" c="12 13" t="1"/>
		<b id="13" c="8 13" t="1"/>
		<b id="14" c="11 14" t="1"/>
		<b id="15" c="14 15" t="1"/>
		<b id="16" c="15 16" t="1"/>
		<b id="17" c="16 17" t="ar"/>
		<b id="18" c="17 18" t="ar"/>
		<b id="19" c="18 19" t="1"/>
		<b id="20" c="19 20" t="ar"/>
		<b id="21" c="20 21" t="ar"/>
		<b id="22" c="21 22" t="ar"/>
		<b id="23" c="22 23" t="ar"/>
		<b id="24" c="23 24" t="ar"/>
		<b id="25" c="19 24" t="ar"/>
		<b id="26" c="18 25" t="ar"/>
		<b id="27" c="25 26" t="ar"/>
		<b id="28" c="26 27" t="ar"/>
		<b id="29" c="27 28" t="ar"/>
		<b id="30" c="28 29" t="1"/>
		<b id="31" c="28 30" t="ar"/>
		<b id="32" c="30 31" t="ar"/>
		<b id="33" c="25 31" t="ar"/>
		<b id="34" c="16 31" t="ar"/>
		<b id="35" c="15 32" t="1"/>
		<b id="36" c="11 32" t="1"/>
		<b id="37" c="1 33" t="1"/>
		<b id="38" c="1 34" t="1"/>
		<b id="39" c="1 35" t="1"/>
		<b id="40" c="3 36" t="1"/>
		<b id="41" c="3 37" t="1"/>
		<b id="42" c="3 38" t="1"/>
		<b id="43" c="4 39" t="1"/>
		<b id="44" c="4 40" t="1"/>
		<b id="45" c="4 41" t="1"/>
		<b id="46" c="9 42" t="1"/>
		<b id="47" c="9 43" t="1"/>
		<b id="48" c="10 44" t="1"/>
		<b id="49" c="10 45" t="1"/>
		<b id="50" c="12 46" t="1"/>
		<b id="51" c="12 47" t="1"/>
		<b id="52" c="13 48" t="1"/>
		<b id="53" c="13 49" t="1"/>
		<b id="54" c="14 50" t="1"/>
		<b id="55" c="14 51" t="1"/>
		<b id="56" c="15 52" t="1"/>
		<b id="57" c="20 53" t="1"/>
		<b id="58" c="21 54" t="1"/>
		<b id="59" c="23 55" t="1"/>
		<b id="60" c="24 56" t="1"/>
		<b id="61" c="26 57" t="1"/>
		<b id="62" c="32 58" t="1"/>
		<b id="63" c="32 59" t="1"/>
	</bonds>
	<geometry>
		<g u="A" t="cart/3d">#59,3:3.1101,-0.3406,1.9116;2.2810,0.6270,1.0681;1.4063,-0.1285,0.0678;1.4190,1.5157,1.9670;3.1430,1.5624,0.3794;4.0640,1.1182,-0.4968;4.2343,-0.0373,-0.8176;4.8257,2.1358,-0.9709;4.5608,3.5348,-0.7345;3.9967,4.1880,-1.9993;4.9466,3.9832,-3.1755;5.2377,2.4944,-3.3505;5.7588,1.8881,-2.0473;6.2169,4.8635,-3.1502;5.8216,5.4848,-4.5020;6.7030,5.1445,-5.5800;7.0465,3.8773,-5.8374;7.8747,3.8546,-6.8618;8.4173,2.6034,-7.3609;7.7776,1.3965,-7.0717;8.3229,0.2238,-7.5629;9.4225,0.1811,-8.2973;10.0336,1.3219,-8.5642;9.5829,2.5556,-8.1246;8.0942,5.1905,-7.3258;8.7448,5.9079,-8.3258;8.6383,7.2190,-8.3833;7.8892,7.8402,-7.4775;7.8184,9.5340,-7.6185;7.1911,7.3071,-6.5008;7.3020,5.9826,-6.4429;4.5111,4.6781,-4.4849;2.4500,-0.9758,2.4955;3.7570,0.2141,2.5877;3.7252,-0.9634,1.2685;0.7113,-0.7708,0.6011;2.0270,-0.7391,-0.5817;0.8417,0.5743,-0.5413;0.7255,0.9054,2.5374;0.8561,2.2227,1.3631;2.0494,2.0736,2.6545;5.5055,4.0181,-0.4597;3.8606,3.6306,0.0938;3.8374,5.2527,-1.8211;3.0327,3.7324,-2.2356;5.9734,2.3581,-4.1437;4.3168,1.9811,-3.6359;6.7219,2.3358,-1.7798;5.8799,0.8084,-2.1423;7.1518,4.3092,-3.1884;6.2547,5.5837,-2.3367;5.7179,6.5703,-4.5219;6.8759,1.3944,-6.4812;7.8582,-0.7325,-7.3632;10.9326,1.2412,-9.1614;10.1356,3.4528,-8.3521;9.3467,5.4527,-9.1004;4.4003,4.0070,-5.3335;3.6203,5.2947,-4.3920;</g>
	</geometry>
	<conformers/>
	<properties/>
</molecule>
