<?xml version="1.0" ?>
<!--MOLLI PACKAGE EXPERIMENTAL XML FORMAT-->
<molecule name="el3748">
	<atoms>
		<a id="1" s="C" t="C.3" l="C"/>
		<a id="2" s="C" t="C.3" l="C"/>
		<a id="3" s="N" t="N.ar" l="N"/>
		<a id="4" s="C" t="C.ar" l="C"/>
		<a id="5" s="N" t="N.ar" l="N"/>
		<a id="6" s="C" t="C.ar" l="C"/>
		<a id="7" s="C" t="C.ar" l="C"/>
		<a id="8" s="N" t="N.pl3" l="N"/>
		<a id="9" s="C" t="C.3" l="C"/>
		<a id="10" s="C" t="C.ar" l="C"/>
		<a id="11" s="C" t="C.ar" l="C"/>
		<a id="12" s="C" t="C.ar" l="C"/>
		<a id="13" s="C" t="C.ar" l="C"/>
		<a id="14" s="Cl" t="Cl" l="CL"/>
		<a id="15" s="N" t="N.ar" l="N"/>
		<a id="16" s="C" t="C.ar" l="C"/>
		<a id="17" s="N" t="N.ar" l="N"/>
		<a id="18" s="C" t="C.ar" l="C"/>
		<a id="19" s="C" t="C.ar" l="C"/>
		<a id="20" s="C" t="C.ar" l="C"/>
		<a id="21" s="C" t="C.ar" l="C"/>
		<a id="22" s="C" t="C.ar" l="C"/>
		<a id="23" s="N" t="N.ar" l="N"/>
		<a id="24" s="C" t="C.ar" l="C"/>
		<a id="25" s="N" t="N.ar" l="N"/>
		<a id="26" s="C" t="C.ar" l="C"/>
		<a id="27" s="H" t="H" l="H"/>
		<a id="28" s="H" t="H" l="H"/>
		<a id="29" s="H" t="H" l="H"/>
		<a id="30" s="H" t="H" l="H"/>
		<a id="31" s="H" t="H" l="H"/>
		<a id="32" s="H" t="H" l="H"/>
		<a id="33" s="H" t="H" l="H"/>
		<a id="34" s="H" t="H" l="H"/>
		<a id="35" s="H" t="H" l="H"/>
		<a id="36" s="H" t="H" l="H"/>
		<a id="37" s="H" t="H" l="H"/>
		<a id="38" s="H" t="H" l="H"/>
		<a id="39" s="H" t="H" l="H"/>
		<a id="40" s="H" t="H" l="H"/>
		<a id="41" s="H" t="H" l="H"/>
		<a id="42" s="H" t="H" l="H"/>
	</atoms>
	<bonds>
		<b id="1" c="1 2" t="1"/>
		<b id="2" c="2 3" t="1"/>
		<b id="3" c="3 4" t="ar"/>
		<b id="4" c="4 5" t="ar"/>
		<b id="5" c="5 6" t="ar"/>
		<b id="6" c="6 7" t="ar"/>
		<b id="7" c="7 8" t="1"/>
		<b id="8" c="8 9" t="1"/>
		<b id="9" c="9 10" t="1"/>
		<b id="10" c="10 11" t="ar"/>
		<b id="11" c="11 12" t="ar"/>
		<b id="12" c="12 13" t="ar"/>
		<b id="13" c="13 14" t="1"/>
		<b id="14" c="13 15" t="ar"/>
		<b id="15" c="15 16" t="ar"/>
		<b id="16" c="10 16" t="ar"/>
		<b id="17" c="7 17" t="ar"/>
		<b id="18" c="17 18" t="ar"/>
		<b id="19" c="18 19" t="1"/>
		<b id="20" c="19 20" t="ar"/>
		<b id="21" c="20 21" t="ar"/>
		<b id="22" c="21 22" t="ar"/>
		<b id="23" c="22 23" t="ar"/>
		<b id="24" c="23 24" t="ar"/>
		<b id="25" c="19 24" t="ar"/>
		<b id="26" c="18 25" t="ar"/>
		<b id="27" c="25 26" t="ar"/>
		<b id="28" c="6 26" t="ar"/>
		<b id="29" c="3 26" t="ar"/>
		<b id="30" c="1 27" t="1"/>
		<b id="31" c="1 28" t="1"/>
		<b id="32" c="1 29" t="1"/>
		<b id="33" c="2 30" t="1"/>
		<b id="34" c="2 31" t="1"/>
		<b id="35" c="4 32" t="1"/>
		<b id="36" c="8 33" t="1"/>
		<b id="37" c="9 34" t="1"/>
		<b id="38" c="9 35" t="1"/>
		<b id="39" c="11 36" t="1"/>
		<b id="40" c="12 37" t="1"/>
		<b id="41" c="16 38" t="1"/>
		<b id="42" c="20 39" t="1"/>
		<b id="43" c="21 40" t="1"/>
		<b id="44" c="22 41" t="1"/>
		<b id="45" c="24 42" t="1"/>
	</bonds>
	<geometry>
		<g u="A" t="cart/3d">#42,3:3.5639,0.1560,-1.0558;2.4198,-0.0196,-0.0614;2.8307,0.3465,1.2686;3.2568,-0.4659,2.2778;3.6196,0.1643,3.3554;3.4370,1.4900,3.0594;3.6478,2.6906,3.7590;4.0714,2.7002,5.0405;4.4999,3.9109,5.7036;5.9611,4.1803,5.4524;6.9393,3.8803,6.3956;8.2722,4.0943,6.0929;8.5650,4.6008,4.8326;10.2000,4.8901,4.3841;7.6556,4.8864,3.9251;6.3866,4.6819,4.2259;3.3788,3.8385,3.1418;2.9065,3.8331,1.8917;2.6342,5.1410,1.2910;2.9039,6.3271,1.9713;2.6245,7.5318,1.3521;2.0840,7.5074,0.0744;1.8222,6.3886,-0.5826;2.0904,5.2413,0.0087;2.6683,2.7655,1.1390;2.9467,1.6179,1.7481;3.2335,-0.1196,-2.0533;4.4100,-0.4700,-0.7801;3.8846,1.1948,-1.0666;2.0803,-1.0587,-0.0414;1.5854,0.6288,-0.3417;3.2762,-1.5339,2.1762;4.3983,1.8148,5.3967;4.3078,3.8093,6.7748;3.8929,4.7208,5.2936;6.6609,3.4856,7.3627;9.0587,3.8781,6.7970;5.6740,4.9254,3.4495;3.3234,6.2862,2.9649;2.8213,8.4703,1.8476;1.8474,8.4231,-0.4521;1.8657,4.3453,-0.5526;</g>
	</geometry>
	<conformers/>
	<properties/>
</molecule>
