<?xml version="1.0" ?>
<!--MOLLI PACKAGE EXPERIMENTAL XML FORMAT-->
<molecule name="el3749">
	<atoms>
		<a id="1" s="C" t="C.3" l="C"/>
		<a id="2" s="O" t="O.3" l="O"/>
		<a id="3" s="C" t="C.ar" l="C"/>
		<a id="4" s="C" t="C.ar" l="C"/>
		<a id="5" s="C" t="C.ar" l="C"/>
		<a id="6" s="C" t="C.ar" l="C"/>
		<a id="7" s="C" t="C.ar" l="C"/>
		<a id="8" s="C" t="C.ar" l="C"/>
		<a id="9" s="N" t="N.ar" l="N"/>
		<a id="10" s="N" t="N.ar" l="N"/>
		<a id="11" s="C" t="C.ar" l="C"/>
		<a id="12" s="Cl" t="Cl" l="CL"/>
		<a id="13" s="C" t="C.ar" l="C"/>
		<a id="14" s="C" t="C.ar" l="C"/>
		<a id="15" s="C" t="C.ar" l="C"/>
		<a id="16" s="C" t="C.ar" l="C"/>
		<a id="17" s="C" t="C.ar" l="C"/>
		<a id="18" s="C" t="C.ar" l="C"/>
		<a id="19" s="C" t="C.ar" l="C"/>
		<a id="20" s="C" t="C.ar" l="C"/>
		<a id="21" s="N" t="N.ar" l="N"/>
		<a id="22" s="C" t="C.ar" l="C"/>
		<a id="23" s="N" t="N.pl3" l="N"/>
		<a id="24" s="C" t="C.3" l="C"/>
		<a id="25" s="C" t="C.3" l="C"/>
		<a id="26" s="C" t="C.3" l="C"/>
		<a id="27" s="C" t="C.3" l="C"/>
		<a id="28" s="C" t="C.3" l="C"/>
		<a id="29" s="N" t="N.ar" l="N"/>
		<a id="30" s="C" t="C.ar" l="C"/>
		<a id="31" s="H" t="H" l="H"/>
		<a id="32" s="H" t="H" l="H"/>
		<a id="33" s="H" t="H" l="H"/>
		<a id="34" s="H" t="H" l="H"/>
		<a id="35" s="H" t="H" l="H"/>
		<a id="36" s="H" t="H" l="H"/>
		<a id="37" s="H" t="H" l="H"/>
		<a id="38" s="H" t="H" l="H"/>
		<a id="39" s="H" t="H" l="H"/>
		<a id="40" s="H" t="H" l="H"/>
		<a id="41" s="H" t="H" l="H"/>
		<a id="42" s="H" t="H" l="H"/>
		<a id="43" s="H" t="H" l="H"/>
		<a id="44" s="H" t="H" l="H"/>
		<a id="45" s="H" t="H" l="H"/>
		<a id="46" s="H" t="H" l="H"/>
		<a id="47" s="H" t="H" l="H"/>
		<a id="48" s="H" t="H" l="H"/>
		<a id="49" s="H" t="H" l="H"/>
		<a id="50" s="H" t="H" l="H"/>
		<a id="51" s="H" t="H" l="H"/>
		<a id="52" s="H" t="H" l="H"/>
	</atoms>
	<bonds>
		<b id="1" c="1 2" t="1"/>
		<b id="2" c="2 3" t="1"/>
		<b id="3" c="3 4" t="ar"/>
		<b id="4" c="4 5" t="ar"/>
		<b id="5" c="5 6" t="ar"/>
		<b id="6" c="6 7" t="ar"/>
		<b id="7" c="7 8" t="1"/>
		<b id="8" c="8 9" t="ar"/>
		<b id="9" c="9 10" t="ar"/>
		<b id="10" c="10 11" t="ar"/>
		<b id="11" c="11 12" t="1"/>
		<b id="12" c="11 13" t="ar"/>
		<b id="13" c="13 14" t="ar"/>
		<b id="14" c="14 15" t="ar"/>
		<b id="15" c="15 16" t="ar"/>
		<b id="16" c="10 16" t="ar"/>
		<b id="17" c="16 17" t="ar"/>
		<b id="18" c="8 17" t="ar"/>
		<b id="19" c="17 18" t="1"/>
		<b id="20" c="18 19" t="ar"/>
		<b id="21" c="19 20" t="ar"/>
		<b id="22" c="20 21" t="ar"/>
		<b id="23" c="21 22" t="ar"/>
		<b id="24" c="22 23" t="1"/>
		<b id="25" c="23 24" t="1"/>
		<b id="26" c="24 25" t="1"/>
		<b id="27" c="25 26" t="1"/>
		<b id="28" c="26 27" t="1"/>
		<b id="29" c="27 28" t="1"/>
		<b id="30" c="24 28" t="1"/>
		<b id="31" c="22 29" t="ar"/>
		<b id="32" c="18 29" t="ar"/>
		<b id="33" c="7 30" t="ar"/>
		<b id="34" c="3 30" t="ar"/>
		<b id="35" c="1 31" t="1"/>
		<b id="36" c="1 32" t="1"/>
		<b id="37" c="1 33" t="1"/>
		<b id="38" c="4 34" t="1"/>
		<b id="39" c="5 35" t="1"/>
		<b id="40" c="6 36" t="1"/>
		<b id="41" c="13 37" t="1"/>
		<b id="42" c="14 38" t="1"/>
		<b id="43" c="15 39" t="1"/>
		<b id="44" c="19 40" t="1"/>
		<b id="45" c="20 41" t="1"/>
		<b id="46" c="23 42" t="1"/>
		<b id="47" c="24 43" t="1"/>
		<b id="48" c="25 44" t="1"/>
		<b id="49" c="25 45" t="1"/>
		<b id="50" c="26 46" t="1"/>
		<b id="51" c="26 47" t="1"/>
		<b id="52" c="27 48" t="1"/>
		<b id="53" c="27 49" t="1"/>
		<b id="54" c="28 50" t="1"/>
		<b id="55" c="28 51" t="1"/>
		<b id="56" c="30 52" t="1"/>
	</bonds>
	<geometry>
		<g u="A" t="cart/3d">#52,3:2.1880,-0.0312,-4.7037;3.4217,-0.5693,-4.3041;3.5262,-1.0927,-3.0473;2.5005,-1.1210,-2.1081;2.7270,-1.6925,-0.8651;3.9571,-2.2258,-0.5421;4.9936,-2.1877,-1.4749;6.2892,-2.7597,-1.1373;6.3707,-3.8538,-0.3793;7.6527,-4.1526,-0.2901;8.1811,-5.1930,0.3966;7.0667,-6.2051,1.2126;9.5316,-5.3842,0.4150;10.3733,-4.4873,-0.2739;9.8459,-3.4351,-0.9676;8.4541,-3.2607,-0.9961;7.5675,-2.3353,-1.5554;7.8927,-1.1450,-2.3273;8.8777,-1.1482,-3.3206;9.0835,0.0507,-3.9809;8.4013,1.1492,-3.7163;7.4694,1.0499,-2.7582;6.7346,2.1334,-2.4561;6.8360,3.4086,-3.1140;7.1953,4.5447,-2.1251;5.9473,5.4263,-2.0360;5.3472,5.3157,-3.4348;5.4983,3.8303,-3.7606;7.2001,-0.0488,-2.0471;4.7684,-1.6336,-2.7253;2.3299,0.3047,-5.7301;1.8987,0.8239,-4.0829;1.3919,-0.7834,-4.6778;1.5271,-0.7123,-2.3306;1.9222,-1.7180,-0.1442;4.1333,-2.6725,0.4230;9.9423,-6.2153,0.9618;11.4393,-4.6450,-0.2411;10.4696,-2.7291,-1.4913;9.4217,-2.0414,-3.5781;9.8262,0.1433,-4.7650;6.0224,1.9996,-1.7533;7.6188,3.2860,-3.8648;8.0342,5.1222,-2.5172;7.4886,4.1380,-1.1579;6.1824,6.4552,-1.7584;5.2470,5.0220,-1.3008;5.9345,5.9149,-4.1336;4.3103,5.6507,-3.4780;5.4843,3.6296,-4.8311;4.6848,3.2629,-3.3006;5.5395,-1.6186,-3.4792;</g>
	</geometry>
	<conformers/>
	<properties/>
</molecule>
