<?xml version="1.0" ?>
<!--MOLLI PACKAGE EXPERIMENTAL XML FORMAT-->
<molecule name="el3615">
	<atoms>
		<a id="1" s="F" t="F" l="F"/>
		<a id="2" s="C" t="C.ar" l="C"/>
		<a id="3" s="C" t="C.ar" l="C"/>
		<a id="4" s="N" t="N.ar" l="N"/>
		<a id="5" s="C" t="C.ar" l="C"/>
		<a id="6" s="Cl" t="Cl" l="CL"/>
		<a id="7" s="N" t="N.ar" l="N"/>
		<a id="8" s="C" t="C.ar" l="C"/>
		<a id="9" s="N" t="N.pl3" l="N"/>
		<a id="10" s="C" t="C.ar" l="C"/>
		<a id="11" s="C" t="C.ar" l="C"/>
		<a id="12" s="C" t="C.ar" l="C"/>
		<a id="13" s="C" t="C.ar" l="C"/>
		<a id="14" s="N" t="N.pl3" l="N"/>
		<a id="15" s="C" t="C.3" l="C"/>
		<a id="16" s="C" t="C.3" l="C"/>
		<a id="17" s="O" t="O.3" l="O"/>
		<a id="18" s="C" t="C.3" l="C"/>
		<a id="19" s="C" t="C.3" l="C"/>
		<a id="20" s="C" t="C.ar" l="C"/>
		<a id="21" s="C" t="C.ar" l="C"/>
		<a id="22" s="H" t="H" l="H"/>
		<a id="23" s="H" t="H" l="H"/>
		<a id="24" s="H" t="H" l="H"/>
		<a id="25" s="H" t="H" l="H"/>
		<a id="26" s="H" t="H" l="H"/>
		<a id="27" s="H" t="H" l="H"/>
		<a id="28" s="H" t="H" l="H"/>
		<a id="29" s="H" t="H" l="H"/>
		<a id="30" s="H" t="H" l="H"/>
		<a id="31" s="H" t="H" l="H"/>
		<a id="32" s="H" t="H" l="H"/>
		<a id="33" s="H" t="H" l="H"/>
		<a id="34" s="H" t="H" l="H"/>
		<a id="35" s="H" t="H" l="H"/>
	</atoms>
	<bonds>
		<b id="1" c="1 2" t="1"/>
		<b id="2" c="2 3" t="ar"/>
		<b id="3" c="3 4" t="ar"/>
		<b id="4" c="4 5" t="ar"/>
		<b id="5" c="5 6" t="1"/>
		<b id="6" c="5 7" t="ar"/>
		<b id="7" c="7 8" t="ar"/>
		<b id="8" c="2 8" t="ar"/>
		<b id="9" c="8 9" t="1"/>
		<b id="10" c="9 10" t="1"/>
		<b id="11" c="10 11" t="ar"/>
		<b id="12" c="11 12" t="ar"/>
		<b id="13" c="12 13" t="ar"/>
		<b id="14" c="13 14" t="1"/>
		<b id="15" c="14 15" t="1"/>
		<b id="16" c="15 16" t="1"/>
		<b id="17" c="16 17" t="1"/>
		<b id="18" c="17 18" t="1"/>
		<b id="19" c="18 19" t="1"/>
		<b id="20" c="14 19" t="1"/>
		<b id="21" c="13 20" t="ar"/>
		<b id="22" c="20 21" t="ar"/>
		<b id="23" c="10 21" t="ar"/>
		<b id="24" c="3 22" t="1"/>
		<b id="25" c="9 23" t="1"/>
		<b id="26" c="11 24" t="1"/>
		<b id="27" c="12 25" t="1"/>
		<b id="28" c="15 26" t="1"/>
		<b id="29" c="15 27" t="1"/>
		<b id="30" c="16 28" t="1"/>
		<b id="31" c="16 29" t="1"/>
		<b id="32" c="18 30" t="1"/>
		<b id="33" c="18 31" t="1"/>
		<b id="34" c="19 32" t="1"/>
		<b id="35" c="19 33" t="1"/>
		<b id="36" c="20 34" t="1"/>
		<b id="37" c="21 35" t="1"/>
	</bonds>
	<geometry>
		<g u="A" t="cart/3d">#35,3:4.7879,1.7551,-0.7330;4.3162,1.0080,0.2944;5.1377,0.2025,1.0349;4.6592,-0.5289,2.0446;3.3694,-0.4206,2.2682;2.7441,-1.3452,3.5545;2.4893,0.3157,1.6219;2.9317,1.0614,0.6054;2.1124,1.8415,-0.1180;0.7354,2.0558,-0.0118;-0.0646,1.4705,0.9620;-1.4213,1.7222,0.9944;-2.0371,2.5680,0.0646;-3.3832,2.8902,0.1108;-4.2242,2.4471,1.2040;-4.8630,1.0880,0.8914;-5.6098,1.1589,-0.3047;-4.8042,1.5762,-1.3830;-4.1631,2.9461,-1.1110;-1.2111,3.1654,-0.8984;0.1407,2.9117,-0.9377;6.1964,0.1223,0.8371;2.5617,2.3567,-0.8656;0.3783,0.8087,1.6858;-2.0014,1.2316,1.7592;-5.0246,3.1879,1.3141;-3.6573,2.4153,2.1326;-5.5669,0.7950,1.6718;-4.0810,0.3190,0.7964;-5.4614,1.6204,-2.2529;-4.0072,0.8370,-1.5648;-4.9518,3.6948,-0.9810;-3.5428,3.2274,-1.9587;-1.6272,3.8575,-1.6136;0.7484,3.3915,-1.6928;</g>
	</geometry>
	<conformers/>
	<properties/>
</molecule>
