<?xml version="1.0" ?>
<!--MOLLI PACKAGE EXPERIMENTAL XML FORMAT-->
<molecule name="el3750">
	<atoms>
		<a id="1" s="F" t="F" l="F"/>
		<a id="2" s="C" t="C.ar" l="C"/>
		<a id="3" s="C" t="C.ar" l="C"/>
		<a id="4" s="C" t="C.ar" l="C"/>
		<a id="5" s="C" t="C.ar" l="C"/>
		<a id="6" s="C" t="C.3" l="C"/>
		<a id="7" s="N" t="N.ar" l="N"/>
		<a id="8" s="C" t="C.ar" l="C"/>
		<a id="9" s="N" t="N.ar" l="N"/>
		<a id="10" s="C" t="C.ar" l="C"/>
		<a id="11" s="C" t="C.ar" l="C"/>
		<a id="12" s="Cl" t="Cl" l="CL"/>
		<a id="13" s="N" t="N.ar" l="N"/>
		<a id="14" s="C" t="C.ar" l="C"/>
		<a id="15" s="N" t="N.ar" l="N"/>
		<a id="16" s="C" t="C.ar" l="C"/>
		<a id="17" s="C" t="C.ar" l="C"/>
		<a id="18" s="C" t="C.ar" l="C"/>
		<a id="19" s="H" t="H" l="H"/>
		<a id="20" s="H" t="H" l="H"/>
		<a id="21" s="H" t="H" l="H"/>
		<a id="22" s="H" t="H" l="H"/>
		<a id="23" s="H" t="H" l="H"/>
		<a id="24" s="H" t="H" l="H"/>
		<a id="25" s="H" t="H" l="H"/>
		<a id="26" s="H" t="H" l="H"/>
	</atoms>
	<bonds>
		<b id="1" c="1 2" t="1"/>
		<b id="2" c="2 3" t="ar"/>
		<b id="3" c="3 4" t="ar"/>
		<b id="4" c="4 5" t="ar"/>
		<b id="5" c="5 6" t="1"/>
		<b id="6" c="6 7" t="1"/>
		<b id="7" c="7 8" t="ar"/>
		<b id="8" c="8 9" t="ar"/>
		<b id="9" c="9 10" t="ar"/>
		<b id="10" c="10 11" t="ar"/>
		<b id="11" c="11 12" t="1"/>
		<b id="12" c="11 13" t="ar"/>
		<b id="13" c="13 14" t="ar"/>
		<b id="14" c="14 15" t="ar"/>
		<b id="15" c="15 16" t="ar"/>
		<b id="16" c="10 16" t="ar"/>
		<b id="17" c="7 16" t="ar"/>
		<b id="18" c="5 17" t="ar"/>
		<b id="19" c="17 18" t="ar"/>
		<b id="20" c="2 18" t="ar"/>
		<b id="21" c="3 19" t="1"/>
		<b id="22" c="4 20" t="1"/>
		<b id="23" c="6 21" t="1"/>
		<b id="24" c="6 22" t="1"/>
		<b id="25" c="8 23" t="1"/>
		<b id="26" c="14 24" t="1"/>
		<b id="27" c="17 25" t="1"/>
		<b id="28" c="18 26" t="1"/>
	</bonds>
	<geometry>
		<g u="A" t="cart/3d">#26,3:2.1529,0.3671,0.0237;0.8090,0.2791,0.0244;0.1503,0.0987,1.2268;-1.2302,0.0100,1.2199;-1.9368,0.0931,0.0276;-3.4457,0.0525,0.0201;-3.9723,1.3977,-0.0255;-4.3466,2.1926,1.0204;-4.7056,3.3913,0.6816;-4.5607,3.4333,-0.6771;-4.7566,4.3837,-1.6754;-5.3146,5.9597,-1.3395;-4.5073,4.0794,-2.9338;-4.0733,2.8633,-3.2338;-3.8426,1.8663,-2.4030;-4.0895,2.1731,-1.1356;-1.2510,0.2791,-1.1672;0.1281,0.3725,-1.1766;0.7140,0.0334,2.1437;-1.7577,-0.1293,2.1520;-3.8287,-0.4365,0.9185;-3.8047,-0.4727,-0.8687;-4.3490,1.8346,2.0317;-3.8878,2.6733,-4.2812;-1.8057,0.3615,-2.0897;0.6756,0.5162,-2.0941;</g>
	</geometry>
	<conformers/>
	<properties/>
</molecule>
