<?xml version="1.0" ?>
<!--MOLLI PACKAGE EXPERIMENTAL XML FORMAT-->
<molecule name="el3754">
	<atoms>
		<a id="1" s="C" t="C.3" l="C"/>
		<a id="2" s="O" t="O.3" l="O"/>
		<a id="3" s="C" t="C.ar" l="C"/>
		<a id="4" s="C" t="C.ar" l="C"/>
		<a id="5" s="C" t="C.ar" l="C"/>
		<a id="6" s="C" t="C.ar" l="C"/>
		<a id="7" s="N" t="N.pl3" l="N"/>
		<a id="8" s="C" t="C.ar" l="C"/>
		<a id="9" s="N" t="N.ar" l="N"/>
		<a id="10" s="C" t="C.ar" l="C"/>
		<a id="11" s="Cl" t="Cl" l="CL"/>
		<a id="12" s="C" t="C.ar" l="C"/>
		<a id="13" s="C" t="C.ar" l="C"/>
		<a id="14" s="N" t="N.pl3" l="N"/>
		<a id="15" s="C" t="C.3" l="C"/>
		<a id="16" s="C" t="C.3" l="C"/>
		<a id="17" s="C" t="C.3" l="C"/>
		<a id="18" s="C" t="C.3" l="C"/>
		<a id="19" s="C" t="C.3" l="C"/>
		<a id="20" s="N" t="N.ar" l="N"/>
		<a id="21" s="C" t="C.ar" l="C"/>
		<a id="22" s="C" t="C.ar" l="C"/>
		<a id="23" s="H" t="H" l="H"/>
		<a id="24" s="H" t="H" l="H"/>
		<a id="25" s="H" t="H" l="H"/>
		<a id="26" s="H" t="H" l="H"/>
		<a id="27" s="H" t="H" l="H"/>
		<a id="28" s="H" t="H" l="H"/>
		<a id="29" s="H" t="H" l="H"/>
		<a id="30" s="H" t="H" l="H"/>
		<a id="31" s="H" t="H" l="H"/>
		<a id="32" s="H" t="H" l="H"/>
		<a id="33" s="H" t="H" l="H"/>
		<a id="34" s="H" t="H" l="H"/>
		<a id="35" s="H" t="H" l="H"/>
		<a id="36" s="H" t="H" l="H"/>
		<a id="37" s="H" t="H" l="H"/>
		<a id="38" s="H" t="H" l="H"/>
		<a id="39" s="H" t="H" l="H"/>
		<a id="40" s="H" t="H" l="H"/>
		<a id="41" s="H" t="H" l="H"/>
	</atoms>
	<bonds>
		<b id="1" c="1 2" t="1"/>
		<b id="2" c="2 3" t="1"/>
		<b id="3" c="3 4" t="ar"/>
		<b id="4" c="4 5" t="ar"/>
		<b id="5" c="5 6" t="ar"/>
		<b id="6" c="6 7" t="1"/>
		<b id="7" c="7 8" t="1"/>
		<b id="8" c="8 9" t="ar"/>
		<b id="9" c="9 10" t="ar"/>
		<b id="10" c="10 11" t="1"/>
		<b id="11" c="10 12" t="ar"/>
		<b id="12" c="12 13" t="ar"/>
		<b id="13" c="13 14" t="1"/>
		<b id="14" c="14 15" t="1"/>
		<b id="15" c="15 16" t="1"/>
		<b id="16" c="16 17" t="1"/>
		<b id="17" c="17 18" t="1"/>
		<b id="18" c="18 19" t="1"/>
		<b id="19" c="14 19" t="1"/>
		<b id="20" c="13 20" t="ar"/>
		<b id="21" c="8 20" t="ar"/>
		<b id="22" c="6 21" t="ar"/>
		<b id="23" c="21 22" t="ar"/>
		<b id="24" c="3 22" t="ar"/>
		<b id="25" c="1 23" t="1"/>
		<b id="26" c="1 24" t="1"/>
		<b id="27" c="1 25" t="1"/>
		<b id="28" c="4 26" t="1"/>
		<b id="29" c="5 27" t="1"/>
		<b id="30" c="7 28" t="1"/>
		<b id="31" c="12 29" t="1"/>
		<b id="32" c="15 30" t="1"/>
		<b id="33" c="15 31" t="1"/>
		<b id="34" c="16 32" t="1"/>
		<b id="35" c="16 33" t="1"/>
		<b id="36" c="17 34" t="1"/>
		<b id="37" c="17 35" t="1"/>
		<b id="38" c="18 36" t="1"/>
		<b id="39" c="18 37" t="1"/>
		<b id="40" c="19 38" t="1"/>
		<b id="41" c="19 39" t="1"/>
		<b id="42" c="21 40" t="1"/>
		<b id="43" c="22 41" t="1"/>
	</bonds>
	<geometry>
		<g u="A" t="cart/3d">#41,3:4.3711,-1.5777,2.5429;4.6621,-0.8721,1.3628;4.6397,0.4931,1.4009;4.3545,1.2592,2.5241;4.3627,2.6417,2.4509;4.6632,3.2894,1.2595;4.6763,4.6730,1.1276;4.6793,5.6543,2.0624;4.6365,6.8883,1.5375;4.6268,7.8748,2.4085;4.5635,9.4626,1.7396;4.6670,7.7149,3.7747;4.7406,6.3811,4.2312;4.8818,6.0501,5.5335;4.9294,4.6595,5.9332;3.5635,4.2097,6.4532;3.1414,5.1018,7.6192;3.1697,6.5678,7.1916;4.5520,6.9246,6.6341;4.7309,5.3682,3.3535;4.9363,2.5162,0.1288;4.9258,1.1417,0.1984;4.4443,-2.6322,2.2819;3.3582,-1.3643,2.9009;5.0913,-1.3514,3.3363;4.1175,0.7950,3.4687;4.1299,3.2298,3.3208;4.7246,5.0340,0.1843;4.6653,8.5705,4.4231;5.6776,4.5639,6.7281;5.2424,4.0679,5.0747;3.6132,3.1667,6.7692;2.8336,4.2890,5.6449;3.8312,4.9559,8.4545;2.1406,4.8305,7.9598;2.9379,7.2164,8.0377;2.4207,6.7377,6.4150;5.3089,6.7852,7.4150;4.5767,7.9664,6.3215;5.1586,3.0028,-0.8101;5.1385,0.5404,-0.6710;</g>
	</geometry>
	<conformers/>
	<properties/>
</molecule>
