<?xml version="1.0" ?>
<!--MOLLI PACKAGE EXPERIMENTAL XML FORMAT-->
<molecule name="el3755">
	<atoms>
		<a id="1" s="C" t="C.3" l="C"/>
		<a id="2" s="O" t="O.3" l="O"/>
		<a id="3" s="C" t="C.ar" l="C"/>
		<a id="4" s="C" t="C.ar" l="C"/>
		<a id="5" s="C" t="C.ar" l="C"/>
		<a id="6" s="C" t="C.ar" l="C"/>
		<a id="7" s="N" t="N.pl3" l="N"/>
		<a id="8" s="C" t="C.ar" l="C"/>
		<a id="9" s="C" t="C.ar" l="C"/>
		<a id="10" s="C" t="C.ar" l="C"/>
		<a id="11" s="Cl" t="Cl" l="CL"/>
		<a id="12" s="N" t="N.ar" l="N"/>
		<a id="13" s="C" t="C.ar" l="C"/>
		<a id="14" s="N" t="N.pl3" l="N"/>
		<a id="15" s="C" t="C.3" l="C"/>
		<a id="16" s="C" t="C.3" l="C"/>
		<a id="17" s="C" t="C.3" l="C"/>
		<a id="18" s="C" t="C.3" l="C"/>
		<a id="19" s="N" t="N.ar" l="N"/>
		<a id="20" s="C" t="C.ar" l="C"/>
		<a id="21" s="C" t="C.ar" l="C"/>
		<a id="22" s="H" t="H" l="H"/>
		<a id="23" s="H" t="H" l="H"/>
		<a id="24" s="H" t="H" l="H"/>
		<a id="25" s="H" t="H" l="H"/>
		<a id="26" s="H" t="H" l="H"/>
		<a id="27" s="H" t="H" l="H"/>
		<a id="28" s="H" t="H" l="H"/>
		<a id="29" s="H" t="H" l="H"/>
		<a id="30" s="H" t="H" l="H"/>
		<a id="31" s="H" t="H" l="H"/>
		<a id="32" s="H" t="H" l="H"/>
		<a id="33" s="H" t="H" l="H"/>
		<a id="34" s="H" t="H" l="H"/>
		<a id="35" s="H" t="H" l="H"/>
		<a id="36" s="H" t="H" l="H"/>
		<a id="37" s="H" t="H" l="H"/>
		<a id="38" s="H" t="H" l="H"/>
	</atoms>
	<bonds>
		<b id="1" c="1 2" t="1"/>
		<b id="2" c="2 3" t="1"/>
		<b id="3" c="3 4" t="ar"/>
		<b id="4" c="4 5" t="ar"/>
		<b id="5" c="5 6" t="ar"/>
		<b id="6" c="6 7" t="1"/>
		<b id="7" c="7 8" t="1"/>
		<b id="8" c="8 9" t="ar"/>
		<b id="9" c="9 10" t="ar"/>
		<b id="10" c="10 11" t="1"/>
		<b id="11" c="10 12" t="ar"/>
		<b id="12" c="12 13" t="ar"/>
		<b id="13" c="13 14" t="1"/>
		<b id="14" c="14 15" t="1"/>
		<b id="15" c="15 16" t="1"/>
		<b id="16" c="16 17" t="1"/>
		<b id="17" c="17 18" t="1"/>
		<b id="18" c="14 18" t="1"/>
		<b id="19" c="13 19" t="ar"/>
		<b id="20" c="8 19" t="ar"/>
		<b id="21" c="6 20" t="ar"/>
		<b id="22" c="20 21" t="ar"/>
		<b id="23" c="3 21" t="ar"/>
		<b id="24" c="1 22" t="1"/>
		<b id="25" c="1 23" t="1"/>
		<b id="26" c="1 24" t="1"/>
		<b id="27" c="4 25" t="1"/>
		<b id="28" c="5 26" t="1"/>
		<b id="29" c="7 27" t="1"/>
		<b id="30" c="9 28" t="1"/>
		<b id="31" c="15 29" t="1"/>
		<b id="32" c="15 30" t="1"/>
		<b id="33" c="16 31" t="1"/>
		<b id="34" c="16 32" t="1"/>
		<b id="35" c="17 33" t="1"/>
		<b id="36" c="17 34" t="1"/>
		<b id="37" c="18 35" t="1"/>
		<b id="38" c="18 36" t="1"/>
		<b id="39" c="20 37" t="1"/>
		<b id="40" c="21 38" t="1"/>
	</bonds>
	<geometry>
		<g u="A" t="cart/3d">#38,3:3.2574,-1.4916,-1.7453;4.2015,-0.8404,-0.9315;4.3074,-1.2222,0.3729;3.5575,-2.2241,0.9771;3.7472,-2.5290,2.3140;4.6991,-1.8563,3.0710;4.9045,-2.1247,4.4243;4.7874,-3.3042,5.0910;4.7293,-4.5567,4.4552;4.6337,-5.6361,5.3069;4.5594,-7.2302,4.6528;4.5964,-5.5583,6.6183;4.6870,-4.3193,7.1293;4.6775,-4.2102,8.4598;4.5143,-5.3334,9.3563;4.0724,-4.6792,10.6627;4.7991,-3.3347,10.6251;4.7145,-2.9405,9.1516;4.7848,-3.1927,6.4181;5.4342,-0.8353,2.4661;5.2423,-0.5238,1.1395;3.3454,-1.0291,-2.7271;2.2381,-1.3512,-1.3705;3.4689,-2.5625,-1.8307;2.8104,-2.7712,0.4244;3.1282,-3.2826,2.7745;5.1532,-1.3441,5.0154;4.8001,-4.6719,3.3900;5.4698,-5.8581,9.4771;3.7893,-6.0383,8.9470;4.3326,-5.2752,11.5346;2.9935,-4.5200,10.6555;5.8410,-3.4683,10.9178;4.3461,-2.5916,11.2777;5.5674,-2.3486,8.8121;3.8022,-2.3719,8.9359;6.1597,-0.2871,3.0489;5.8087,0.2618,0.6654;</g>
	</geometry>
	<conformers/>
	<properties/>
</molecule>
