<?xml version="1.0" ?>
<!--MOLLI PACKAGE EXPERIMENTAL XML FORMAT-->
<molecule name="el3756">
	<atoms>
		<a id="1" s="C" t="C.3" l="C"/>
		<a id="2" s="O" t="O.3" l="O"/>
		<a id="3" s="C" t="C.ar" l="C"/>
		<a id="4" s="C" t="C.ar" l="C"/>
		<a id="5" s="C" t="C.ar" l="C"/>
		<a id="6" s="C" t="C.ar" l="C"/>
		<a id="7" s="N" t="N.pl3" l="N"/>
		<a id="8" s="C" t="C.ar" l="C"/>
		<a id="9" s="C" t="C.ar" l="C"/>
		<a id="10" s="C" t="C.ar" l="C"/>
		<a id="11" s="Cl" t="Cl" l="CL"/>
		<a id="12" s="N" t="N.ar" l="N"/>
		<a id="13" s="C" t="C.ar" l="C"/>
		<a id="14" s="N" t="N.pl3" l="N"/>
		<a id="15" s="C" t="C.3" l="C"/>
		<a id="16" s="C" t="C.3" l="C"/>
		<a id="17" s="C" t="C.3" l="C"/>
		<a id="18" s="C" t="C.3" l="C"/>
		<a id="19" s="C" t="C.3" l="C"/>
		<a id="20" s="C" t="C.3" l="C"/>
		<a id="21" s="N" t="N.ar" l="N"/>
		<a id="22" s="C" t="C.ar" l="C"/>
		<a id="23" s="C" t="C.ar" l="C"/>
		<a id="24" s="H" t="H" l="H"/>
		<a id="25" s="H" t="H" l="H"/>
		<a id="26" s="H" t="H" l="H"/>
		<a id="27" s="H" t="H" l="H"/>
		<a id="28" s="H" t="H" l="H"/>
		<a id="29" s="H" t="H" l="H"/>
		<a id="30" s="H" t="H" l="H"/>
		<a id="31" s="H" t="H" l="H"/>
		<a id="32" s="H" t="H" l="H"/>
		<a id="33" s="H" t="H" l="H"/>
		<a id="34" s="H" t="H" l="H"/>
		<a id="35" s="H" t="H" l="H"/>
		<a id="36" s="H" t="H" l="H"/>
		<a id="37" s="H" t="H" l="H"/>
		<a id="38" s="H" t="H" l="H"/>
		<a id="39" s="H" t="H" l="H"/>
		<a id="40" s="H" t="H" l="H"/>
		<a id="41" s="H" t="H" l="H"/>
		<a id="42" s="H" t="H" l="H"/>
		<a id="43" s="H" t="H" l="H"/>
		<a id="44" s="H" t="H" l="H"/>
	</atoms>
	<bonds>
		<b id="1" c="1 2" t="1"/>
		<b id="2" c="2 3" t="1"/>
		<b id="3" c="3 4" t="ar"/>
		<b id="4" c="4 5" t="ar"/>
		<b id="5" c="5 6" t="ar"/>
		<b id="6" c="6 7" t="1"/>
		<b id="7" c="7 8" t="1"/>
		<b id="8" c="8 9" t="ar"/>
		<b id="9" c="9 10" t="ar"/>
		<b id="10" c="10 11" t="1"/>
		<b id="11" c="10 12" t="ar"/>
		<b id="12" c="12 13" t="ar"/>
		<b id="13" c="13 14" t="1"/>
		<b id="14" c="14 15" t="1"/>
		<b id="15" c="15 16" t="1"/>
		<b id="16" c="16 17" t="1"/>
		<b id="17" c="17 18" t="1"/>
		<b id="18" c="18 19" t="1"/>
		<b id="19" c="19 20" t="1"/>
		<b id="20" c="15 20" t="1"/>
		<b id="21" c="13 21" t="ar"/>
		<b id="22" c="8 21" t="ar"/>
		<b id="23" c="6 22" t="ar"/>
		<b id="24" c="22 23" t="ar"/>
		<b id="25" c="3 23" t="ar"/>
		<b id="26" c="1 24" t="1"/>
		<b id="27" c="1 25" t="1"/>
		<b id="28" c="1 26" t="1"/>
		<b id="29" c="4 27" t="1"/>
		<b id="30" c="5 28" t="1"/>
		<b id="31" c="7 29" t="1"/>
		<b id="32" c="9 30" t="1"/>
		<b id="33" c="14 31" t="1"/>
		<b id="34" c="15 32" t="1"/>
		<b id="35" c="16 33" t="1"/>
		<b id="36" c="16 34" t="1"/>
		<b id="37" c="17 35" t="1"/>
		<b id="38" c="17 36" t="1"/>
		<b id="39" c="18 37" t="1"/>
		<b id="40" c="18 38" t="1"/>
		<b id="41" c="19 39" t="1"/>
		<b id="42" c="19 40" t="1"/>
		<b id="43" c="20 41" t="1"/>
		<b id="44" c="20 42" t="1"/>
		<b id="45" c="22 43" t="1"/>
		<b id="46" c="23 44" t="1"/>
	</bonds>
	<geometry>
		<g u="A" t="cart/3d">#44,3:7.3959,2.9525,-7.6799;7.7692,2.6028,-6.3697;7.2428,3.3162,-5.3317;6.3555,4.3782,-5.4552;5.8764,5.0283,-4.3306;6.2676,4.6274,-3.0594;5.8220,5.2358,-1.8885;4.8247,6.1346,-1.6764;4.5869,6.5650,-0.3539;3.5622,7.4718,-0.2033;3.1775,8.0810,1.3625;2.8228,7.9267,-1.1930;3.1202,7.4530,-2.4111;2.3529,7.9079,-3.4131;2.4775,7.5197,-4.7969;3.0459,8.6642,-5.6439;3.2031,8.2177,-7.0945;1.8634,7.7525,-7.6603;1.2872,6.6235,-6.8091;1.1259,7.0744,-5.3597;4.0938,6.5851,-2.6910;7.1693,3.5678,-2.9386;7.6486,2.9223,-4.0551;7.9318,2.2652,-8.3326;7.6849,3.9800,-7.9215;6.3193,2.8316,-7.8356;6.0262,4.7158,-6.4264;5.1943,5.8548,-4.4290;6.2806,4.9087,-1.0487;5.1685,6.2110,0.4793;1.6449,8.5761,-3.1536;3.1724,6.6756,-4.8129;4.0102,8.9732,-5.2349;2.3675,9.5199,-5.5939;3.9218,7.3961,-7.1410;3.5956,9.0413,-7.6951;1.9922,7.4129,-8.6901;1.1634,8.5915,-7.6712;1.9591,5.7627,-6.8440;0.3204,6.3105,-7.2096;0.7280,6.2590,-4.7520;0.4216,7.9088,-5.3127;7.4904,3.2467,-1.9571;8.3404,2.1000,-3.9671;</g>
	</geometry>
	<conformers/>
	<properties/>
</molecule>
