<?xml version="1.0" ?>
<!--MOLLI PACKAGE EXPERIMENTAL XML FORMAT-->
<molecule name="el3757">
	<atoms>
		<a id="1" s="F" t="F" l="F"/>
		<a id="2" s="C" t="C.3" l="C"/>
		<a id="3" s="F" t="F" l="F"/>
		<a id="4" s="F" t="F" l="F"/>
		<a id="5" s="C" t="C.ar" l="C"/>
		<a id="6" s="C" t="C.ar" l="C"/>
		<a id="7" s="C" t="C.ar" l="C"/>
		<a id="8" s="C" t="C.ar" l="C"/>
		<a id="9" s="N" t="N.ar" l="N"/>
		<a id="10" s="C" t="C.ar" l="C"/>
		<a id="11" s="N" t="N.pl3" l="N"/>
		<a id="12" s="C" t="C.3" l="C"/>
		<a id="13" s="C" t="C.3" l="C"/>
		<a id="14" s="C" t="C.3" l="C"/>
		<a id="15" s="N" t="N.pl3" l="N"/>
		<a id="16" s="C" t="C.ar" l="C"/>
		<a id="17" s="N" t="N.ar" l="N"/>
		<a id="18" s="C" t="C.ar" l="C"/>
		<a id="19" s="Cl" t="Cl" l="CL"/>
		<a id="20" s="C" t="C.ar" l="C"/>
		<a id="21" s="C" t="C.ar" l="C"/>
		<a id="22" s="N" t="N.pl3" l="N"/>
		<a id="23" s="C" t="C.3" l="C"/>
		<a id="24" s="C" t="C.3" l="C"/>
		<a id="25" s="C" t="C.3" l="C"/>
		<a id="26" s="C" t="C.3" l="C"/>
		<a id="27" s="C" t="C.3" l="C"/>
		<a id="28" s="N" t="N.ar" l="N"/>
		<a id="29" s="C" t="C.3" l="C"/>
		<a id="30" s="C" t="C.3" l="C"/>
		<a id="31" s="H" t="H" l="H"/>
		<a id="32" s="H" t="H" l="H"/>
		<a id="33" s="H" t="H" l="H"/>
		<a id="34" s="H" t="H" l="H"/>
		<a id="35" s="H" t="H" l="H"/>
		<a id="36" s="H" t="H" l="H"/>
		<a id="37" s="H" t="H" l="H"/>
		<a id="38" s="H" t="H" l="H"/>
		<a id="39" s="H" t="H" l="H"/>
		<a id="40" s="H" t="H" l="H"/>
		<a id="41" s="H" t="H" l="H"/>
		<a id="42" s="H" t="H" l="H"/>
		<a id="43" s="H" t="H" l="H"/>
		<a id="44" s="H" t="H" l="H"/>
		<a id="45" s="H" t="H" l="H"/>
		<a id="46" s="H" t="H" l="H"/>
		<a id="47" s="H" t="H" l="H"/>
		<a id="48" s="H" t="H" l="H"/>
		<a id="49" s="H" t="H" l="H"/>
		<a id="50" s="H" t="H" l="H"/>
		<a id="51" s="H" t="H" l="H"/>
		<a id="52" s="H" t="H" l="H"/>
		<a id="53" s="H" t="H" l="H"/>
		<a id="54" s="H" t="H" l="H"/>
	</atoms>
	<bonds>
		<b id="1" c="1 2" t="1"/>
		<b id="2" c="2 3" t="1"/>
		<b id="3" c="2 4" t="1"/>
		<b id="4" c="2 5" t="1"/>
		<b id="5" c="5 6" t="ar"/>
		<b id="6" c="6 7" t="ar"/>
		<b id="7" c="7 8" t="ar"/>
		<b id="8" c="8 9" t="ar"/>
		<b id="9" c="9 10" t="ar"/>
		<b id="10" c="5 10" t="ar"/>
		<b id="11" c="10 11" t="1"/>
		<b id="12" c="11 12" t="1"/>
		<b id="13" c="12 13" t="1"/>
		<b id="14" c="13 14" t="1"/>
		<b id="15" c="14 15" t="1"/>
		<b id="16" c="15 16" t="1"/>
		<b id="17" c="16 17" t="ar"/>
		<b id="18" c="17 18" t="ar"/>
		<b id="19" c="18 19" t="1"/>
		<b id="20" c="18 20" t="ar"/>
		<b id="21" c="20 21" t="ar"/>
		<b id="22" c="21 22" t="1"/>
		<b id="23" c="22 23" t="1"/>
		<b id="24" c="23 24" t="1"/>
		<b id="25" c="24 25" t="1"/>
		<b id="26" c="25 26" t="1"/>
		<b id="27" c="26 27" t="1"/>
		<b id="28" c="22 27" t="1"/>
		<b id="29" c="21 28" t="ar"/>
		<b id="30" c="16 28" t="ar"/>
		<b id="31" c="15 29" t="1"/>
		<b id="32" c="29 30" t="1"/>
		<b id="33" c="11 30" t="1"/>
		<b id="34" c="6 31" t="1"/>
		<b id="35" c="7 32" t="1"/>
		<b id="36" c="8 33" t="1"/>
		<b id="37" c="12 34" t="1"/>
		<b id="38" c="12 35" t="1"/>
		<b id="39" c="13 36" t="1"/>
		<b id="40" c="13 37" t="1"/>
		<b id="41" c="14 38" t="1"/>
		<b id="42" c="14 39" t="1"/>
		<b id="43" c="20 40" t="1"/>
		<b id="44" c="23 41" t="1"/>
		<b id="45" c="23 42" t="1"/>
		<b id="46" c="24 43" t="1"/>
		<b id="47" c="24 44" t="1"/>
		<b id="48" c="25 45" t="1"/>
		<b id="49" c="25 46" t="1"/>
		<b id="50" c="26 47" t="1"/>
		<b id="51" c="26 48" t="1"/>
		<b id="52" c="27 49" t="1"/>
		<b id="53" c="27 50" t="1"/>
		<b id="54" c="29 51" t="1"/>
		<b id="55" c="29 52" t="1"/>
		<b id="56" c="30 53" t="1"/>
		<b id="57" c="30 54" t="1"/>
	</bonds>
	<geometry>
		<g u="A" t="cart/3d">#54,3:1.0114,-4.1761,3.1921;0.8448,-3.8315,1.9070;0.6570,-5.0026,1.2600;-0.3466,-3.1891,1.8775;1.9823,-3.0181,1.3661;2.9430,-2.6481,2.3036;4.0628,-1.9231,1.9413;4.1867,-1.6102,0.5985;3.2934,-1.9381,-0.3022;2.1685,-2.6051,0.0131;1.3417,-2.7537,-1.0491;1.8082,-2.2336,-2.3278;2.8365,-3.1310,-3.0237;2.4281,-4.6143,-3.0155;0.9969,-4.8063,-3.0421;0.3088,-4.5439,-4.1742;1.0267,-4.3629,-5.2910;0.3244,-4.1563,-6.3843;1.2473,-3.9110,-7.8226;-1.0489,-4.1102,-6.4458;-1.7187,-4.2948,-5.2163;-3.0658,-4.3114,-5.0937;-3.9778,-3.8996,-6.1343;-4.4006,-2.4431,-5.9215;-5.0373,-2.2917,-4.5412;-4.0862,-2.8101,-3.4641;-3.6709,-4.2486,-3.7801;-1.0183,-4.5002,-4.0957;0.3087,-4.8803,-1.7800;0.1042,-3.4906,-1.1478;2.8130,-2.9402,3.3343;4.8030,-1.6324,2.6671;5.0439,-1.0709,0.2160;2.2531,-1.2507,-2.1633;0.9348,-2.1221,-2.9721;3.8015,-3.0255,-2.5305;2.9283,-2.7872,-4.0533;2.8028,-5.1027,-2.1135;2.8550,-5.1092,-3.8896;-1.5475,-3.9264,-7.3786;-4.8608,-4.5465,-6.0755;-3.5286,-4.0357,-7.1160;-5.1035,-2.1448,-6.7006;-3.5183,-1.8032,-5.9929;-5.9674,-2.8643,-4.5085;-5.2820,-1.2446,-4.3542;-4.5628,-2.7708,-2.4840;-3.1912,-2.1850,-3.4341;-4.5504,-4.9008,-3.7760;-2.9457,-4.6133,-3.0545;0.8900,-5.5165,-1.1094;-0.6685,-5.3344,-1.9493;-0.3946,-3.5934,-0.1931;-0.5685,-2.9225,-1.7978;</g>
	</geometry>
	<conformers/>
	<properties/>
</molecule>
