<?xml version="1.0" ?>
<!--MOLLI PACKAGE EXPERIMENTAL XML FORMAT-->
<molecule name="el3766">
	<atoms>
		<a id="1" s="C" t="C.3" l="C"/>
		<a id="2" s="O" t="O.3" l="O"/>
		<a id="3" s="C" t="C.ar" l="C"/>
		<a id="4" s="C" t="C.ar" l="C"/>
		<a id="5" s="C" t="C.ar" l="C"/>
		<a id="6" s="C" t="C.ar" l="C"/>
		<a id="7" s="N" t="N.pl3" l="N"/>
		<a id="8" s="C" t="C.ar" l="C"/>
		<a id="9" s="N" t="N.ar" l="N"/>
		<a id="10" s="C" t="C.ar" l="C"/>
		<a id="11" s="Cl" t="Cl" l="CL"/>
		<a id="12" s="C" t="C.ar" l="C"/>
		<a id="13" s="C" t="C.ar" l="C"/>
		<a id="14" s="N" t="N.pl3" l="N"/>
		<a id="15" s="C" t="C.3" l="C"/>
		<a id="16" s="C" t="C.3" l="C"/>
		<a id="17" s="N" t="N.pl3" l="N"/>
		<a id="18" s="C" t="C.ar" l="C"/>
		<a id="19" s="C" t="C.ar" l="C"/>
		<a id="20" s="C" t="C.ar" l="C"/>
		<a id="21" s="C" t="C.ar" l="C"/>
		<a id="22" s="C" t="C.ar" l="C"/>
		<a id="23" s="C" t="C.ar" l="C"/>
		<a id="24" s="C" t="C.3" l="C"/>
		<a id="25" s="C" t="C.3" l="C"/>
		<a id="26" s="N" t="N.ar" l="N"/>
		<a id="27" s="C" t="C.ar" l="C"/>
		<a id="28" s="C" t="C.ar" l="C"/>
		<a id="29" s="H" t="H" l="H"/>
		<a id="30" s="H" t="H" l="H"/>
		<a id="31" s="H" t="H" l="H"/>
		<a id="32" s="H" t="H" l="H"/>
		<a id="33" s="H" t="H" l="H"/>
		<a id="34" s="H" t="H" l="H"/>
		<a id="35" s="H" t="H" l="H"/>
		<a id="36" s="H" t="H" l="H"/>
		<a id="37" s="H" t="H" l="H"/>
		<a id="38" s="H" t="H" l="H"/>
		<a id="39" s="H" t="H" l="H"/>
		<a id="40" s="H" t="H" l="H"/>
		<a id="41" s="H" t="H" l="H"/>
		<a id="42" s="H" t="H" l="H"/>
		<a id="43" s="H" t="H" l="H"/>
		<a id="44" s="H" t="H" l="H"/>
		<a id="45" s="H" t="H" l="H"/>
		<a id="46" s="H" t="H" l="H"/>
		<a id="47" s="H" t="H" l="H"/>
		<a id="48" s="H" t="H" l="H"/>
		<a id="49" s="H" t="H" l="H"/>
		<a id="50" s="H" t="H" l="H"/>
	</atoms>
	<bonds>
		<b id="1" c="1 2" t="1"/>
		<b id="2" c="2 3" t="1"/>
		<b id="3" c="3 4" t="ar"/>
		<b id="4" c="4 5" t="ar"/>
		<b id="5" c="5 6" t="ar"/>
		<b id="6" c="6 7" t="1"/>
		<b id="7" c="7 8" t="1"/>
		<b id="8" c="8 9" t="ar"/>
		<b id="9" c="9 10" t="ar"/>
		<b id="10" c="10 11" t="1"/>
		<b id="11" c="10 12" t="ar"/>
		<b id="12" c="12 13" t="ar"/>
		<b id="13" c="13 14" t="1"/>
		<b id="14" c="14 15" t="1"/>
		<b id="15" c="15 16" t="1"/>
		<b id="16" c="16 17" t="1"/>
		<b id="17" c="17 18" t="1"/>
		<b id="18" c="18 19" t="ar"/>
		<b id="19" c="19 20" t="ar"/>
		<b id="20" c="20 21" t="ar"/>
		<b id="21" c="21 22" t="ar"/>
		<b id="22" c="22 23" t="ar"/>
		<b id="23" c="18 23" t="ar"/>
		<b id="24" c="17 24" t="1"/>
		<b id="25" c="24 25" t="1"/>
		<b id="26" c="14 25" t="1"/>
		<b id="27" c="13 26" t="ar"/>
		<b id="28" c="8 26" t="ar"/>
		<b id="29" c="6 27" t="ar"/>
		<b id="30" c="27 28" t="ar"/>
		<b id="31" c="3 28" t="ar"/>
		<b id="32" c="1 29" t="1"/>
		<b id="33" c="1 30" t="1"/>
		<b id="34" c="1 31" t="1"/>
		<b id="35" c="4 32" t="1"/>
		<b id="36" c="5 33" t="1"/>
		<b id="37" c="7 34" t="1"/>
		<b id="38" c="12 35" t="1"/>
		<b id="39" c="15 36" t="1"/>
		<b id="40" c="15 37" t="1"/>
		<b id="41" c="16 38" t="1"/>
		<b id="42" c="16 39" t="1"/>
		<b id="43" c="19 40" t="1"/>
		<b id="44" c="20 41" t="1"/>
		<b id="45" c="21 42" t="1"/>
		<b id="46" c="22 43" t="1"/>
		<b id="47" c="23 44" t="1"/>
		<b id="48" c="24 45" t="1"/>
		<b id="49" c="24 46" t="1"/>
		<b id="50" c="25 47" t="1"/>
		<b id="51" c="25 48" t="1"/>
		<b id="52" c="27 49" t="1"/>
		<b id="53" c="28 50" t="1"/>
	</bonds>
	<geometry>
		<g u="A" t="cart/3d">#50,3:4.0897,-0.3748,-3.2659;4.6868,-0.1713,-2.0098;4.7704,-1.2293,-1.1512;4.3274,-2.5182,-1.4206;4.4590,-3.5180,-0.4718;5.0396,-3.2557,0.7620;5.1821,-4.2137,1.7588;4.9880,-5.5541,1.7490;5.1132,-6.1119,2.9636;4.9274,-7.4126,3.0142;5.0867,-8.1335,4.5714;4.6314,-8.2041,1.9270;4.5484,-7.5328,0.6894;4.2522,-8.1535,-0.4753;4.1054,-9.5822,-0.6265;5.3795,-10.1525,-1.2736;5.6377,-9.5323,-2.5525;5.1078,-10.0672,-3.7224;4.2024,-11.1324,-3.7278;3.7538,-11.6787,-4.9161;4.1830,-11.1807,-6.1324;5.0854,-10.1300,-6.1428;5.5452,-9.5853,-4.9620;5.7588,-8.0976,-2.4015;4.4991,-7.5033,-1.7440;4.7291,-6.2058,0.6259;5.4785,-1.9573,1.0321;5.3470,-0.9615,0.0916;4.1168,0.5925,-3.7654;3.0491,-0.7019,-3.1694;4.6458,-1.1050,-3.8634;3.8695,-2.7621,-2.3662;4.0986,-4.5105,-0.6782;5.4488,-3.8702,2.6719;4.5002,-9.2628,2.0470;3.2499,-9.7595,-1.2887;3.9051,-10.0612,0.3286;5.3180,-11.2342,-1.3861;6.2312,-9.9262,-0.6205;3.8288,-11.5465,-2.8042;3.0516,-12.4994,-4.8855;3.8259,-11.6071,-7.0571;5.4450,-9.7360,-7.0824;6.2738,-8.7900,-5.0030;5.9148,-7.6223,-3.3672;6.6245,-7.8883,-1.7633;3.6348,-7.6662,-2.3975;4.6355,-6.4387,-1.5670;5.9230,-1.7327,1.9909;5.6830,0.0426,0.2958;</g>
	</geometry>
	<conformers/>
	<properties/>
</molecule>
