<?xml version="1.0" ?>
<!--MOLLI PACKAGE EXPERIMENTAL XML FORMAT-->
<molecule name="el3768">
	<atoms>
		<a id="1" s="C" t="C.3" l="C"/>
		<a id="2" s="O" t="O.3" l="O"/>
		<a id="3" s="C" t="C.ar" l="C"/>
		<a id="4" s="C" t="C.ar" l="C"/>
		<a id="5" s="C" t="C.ar" l="C"/>
		<a id="6" s="C" t="C.ar" l="C"/>
		<a id="7" s="N" t="N.pl3" l="N"/>
		<a id="8" s="C" t="C.ar" l="C"/>
		<a id="9" s="N" t="N.ar" l="N"/>
		<a id="10" s="C" t="C.ar" l="C"/>
		<a id="11" s="Cl" t="Cl" l="CL"/>
		<a id="12" s="C" t="C.ar" l="C"/>
		<a id="13" s="C" t="C.ar" l="C"/>
		<a id="14" s="N" t="N.pl3" l="N"/>
		<a id="15" s="C" t="C.3" l="C"/>
		<a id="16" s="C" t="C.3" l="C"/>
		<a id="17" s="C" t="C.3" l="C"/>
		<a id="18" s="N" t="N.am" l="N"/>
		<a id="19" s="C" t="C.2" l="C"/>
		<a id="20" s="O" t="O.2" l="O"/>
		<a id="21" s="O" t="O.3" l="O"/>
		<a id="22" s="C" t="C.3" l="C"/>
		<a id="23" s="C" t="C.3" l="C"/>
		<a id="24" s="C" t="C.3" l="C"/>
		<a id="25" s="C" t="C.3" l="C"/>
		<a id="26" s="C" t="C.3" l="C"/>
		<a id="27" s="C" t="C.3" l="C"/>
		<a id="28" s="N" t="N.ar" l="N"/>
		<a id="29" s="C" t="C.ar" l="C"/>
		<a id="30" s="C" t="C.ar" l="C"/>
		<a id="31" s="H" t="H" l="H"/>
		<a id="32" s="H" t="H" l="H"/>
		<a id="33" s="H" t="H" l="H"/>
		<a id="34" s="H" t="H" l="H"/>
		<a id="35" s="H" t="H" l="H"/>
		<a id="36" s="H" t="H" l="H"/>
		<a id="37" s="H" t="H" l="H"/>
		<a id="38" s="H" t="H" l="H"/>
		<a id="39" s="H" t="H" l="H"/>
		<a id="40" s="H" t="H" l="H"/>
		<a id="41" s="H" t="H" l="H"/>
		<a id="42" s="H" t="H" l="H"/>
		<a id="43" s="H" t="H" l="H"/>
		<a id="44" s="H" t="H" l="H"/>
		<a id="45" s="H" t="H" l="H"/>
		<a id="46" s="H" t="H" l="H"/>
		<a id="47" s="H" t="H" l="H"/>
		<a id="48" s="H" t="H" l="H"/>
		<a id="49" s="H" t="H" l="H"/>
		<a id="50" s="H" t="H" l="H"/>
		<a id="51" s="H" t="H" l="H"/>
		<a id="52" s="H" t="H" l="H"/>
		<a id="53" s="H" t="H" l="H"/>
		<a id="54" s="H" t="H" l="H"/>
		<a id="55" s="H" t="H" l="H"/>
		<a id="56" s="H" t="H" l="H"/>
		<a id="57" s="H" t="H" l="H"/>
		<a id="58" s="H" t="H" l="H"/>
	</atoms>
	<bonds>
		<b id="1" c="1 2" t="1"/>
		<b id="2" c="2 3" t="1"/>
		<b id="3" c="3 4" t="ar"/>
		<b id="4" c="4 5" t="ar"/>
		<b id="5" c="5 6" t="ar"/>
		<b id="6" c="6 7" t="1"/>
		<b id="7" c="7 8" t="1"/>
		<b id="8" c="8 9" t="ar"/>
		<b id="9" c="9 10" t="ar"/>
		<b id="10" c="10 11" t="1"/>
		<b id="11" c="10 12" t="ar"/>
		<b id="12" c="12 13" t="ar"/>
		<b id="13" c="13 14" t="1"/>
		<b id="14" c="14 15" t="1"/>
		<b id="15" c="15 16" t="1"/>
		<b id="16" c="16 17" t="1"/>
		<b id="17" c="17 18" t="1"/>
		<b id="18" c="18 19" t="am"/>
		<b id="19" c="19 20" t="2"/>
		<b id="20" c="19 21" t="1"/>
		<b id="21" c="21 22" t="1"/>
		<b id="22" c="22 23" t="1"/>
		<b id="23" c="22 24" t="1"/>
		<b id="24" c="22 25" t="1"/>
		<b id="25" c="18 26" t="1"/>
		<b id="26" c="26 27" t="1"/>
		<b id="27" c="14 27" t="1"/>
		<b id="28" c="13 28" t="ar"/>
		<b id="29" c="8 28" t="ar"/>
		<b id="30" c="6 29" t="ar"/>
		<b id="31" c="29 30" t="ar"/>
		<b id="32" c="3 30" t="ar"/>
		<b id="33" c="1 31" t="1"/>
		<b id="34" c="1 32" t="1"/>
		<b id="35" c="1 33" t="1"/>
		<b id="36" c="4 34" t="1"/>
		<b id="37" c="5 35" t="1"/>
		<b id="38" c="7 36" t="1"/>
		<b id="39" c="12 37" t="1"/>
		<b id="40" c="15 38" t="1"/>
		<b id="41" c="15 39" t="1"/>
		<b id="42" c="16 40" t="1"/>
		<b id="43" c="16 41" t="1"/>
		<b id="44" c="17 42" t="1"/>
		<b id="45" c="17 43" t="1"/>
		<b id="46" c="23 44" t="1"/>
		<b id="47" c="23 45" t="1"/>
		<b id="48" c="23 46" t="1"/>
		<b id="49" c="24 47" t="1"/>
		<b id="50" c="24 48" t="1"/>
		<b id="51" c="24 49" t="1"/>
		<b id="52" c="25 50" t="1"/>
		<b id="53" c="25 51" t="1"/>
		<b id="54" c="25 52" t="1"/>
		<b id="55" c="26 53" t="1"/>
		<b id="56" c="26 54" t="1"/>
		<b id="57" c="27 55" t="1"/>
		<b id="58" c="27 56" t="1"/>
		<b id="59" c="29 57" t="1"/>
		<b id="60" c="30 58" t="1"/>
	</bonds>
	<geometry>
		<g u="A" t="cart/3d">#58,3:8.7872,-5.1534,8.9655;9.5318,-5.5922,7.8567;8.8611,-5.9173,6.7126;7.4849,-5.8357,6.5389;6.9038,-6.2007,5.3365;7.6856,-6.6587,4.2828;7.1651,-7.0643,3.0563;5.8867,-7.1700,2.6241;4.8783,-6.7392,3.3821;3.6728,-6.8904,2.8690;2.3768,-6.3151,3.8487;3.4046,-7.4552,1.6454;4.5359,-7.8848,0.9156;4.4376,-8.5093,-0.2789;3.1855,-8.6432,-0.9871;2.6994,-7.3499,-1.6607;3.8413,-6.5780,-2.3436;4.8671,-7.4392,-2.8946;4.5679,-8.1357,-4.0240;3.5603,-7.9423,-4.6657;5.5333,-9.0261,-4.3174;5.4283,-9.8528,-5.5011;5.3779,-8.9876,-6.7600;6.7084,-10.6906,-5.4782;4.1973,-10.7554,-5.4061;5.9904,-7.7653,-2.0464;5.6341,-8.8481,-1.0147;5.7642,-7.7175,1.4136;9.0694,-6.7307,4.4563;9.6483,-6.3657,5.6506;9.5152,-4.9632,9.7528;8.0808,-5.9186,9.3044;8.2430,-4.2289,8.7461;6.8440,-5.4892,7.3343;5.8371,-6.1358,5.2096;7.8385,-7.4129,2.3870;2.3965,-7.5561,1.2914;2.4142,-9.0158,-0.3069;3.3360,-9.4034,-1.7576;2.2305,-6.6889,-0.9315;1.9526,-7.6253,-2.4056;4.3263,-5.9116,-1.6274;3.4268,-5.9789,-3.1582;6.2278,-8.3082,-6.7804;4.4614,-8.4043,-6.7782;5.4124,-9.6226,-7.6410;7.5794,-10.0434,-5.5449;6.7145,-11.3814,-6.3161;6.7688,-11.2561,-4.5510;3.2941,-10.1518,-5.3797;4.2453,-11.3631,-4.5042;4.1568,-11.4118,-6.2704;6.2929,-6.8554,-1.5211;6.8165,-8.1109,-2.6689;6.4498,-8.9537,-0.2992;5.4690,-9.7993,-1.5288;9.6935,-7.0807,3.6452;10.7164,-6.4233,5.7901;</g>
	</geometry>
	<conformers/>
	<properties/>
</molecule>
