<?xml version="1.0" ?>
<!--MOLLI PACKAGE EXPERIMENTAL XML FORMAT-->
<molecule name="el3617">
	<atoms>
		<a id="1" s="F" t="F" l="F"/>
		<a id="2" s="C" t="C.ar" l="C"/>
		<a id="3" s="C" t="C.ar" l="C"/>
		<a id="4" s="N" t="N.ar" l="N"/>
		<a id="5" s="C" t="C.ar" l="C"/>
		<a id="6" s="Cl" t="Cl" l="CL"/>
		<a id="7" s="N" t="N.ar" l="N"/>
		<a id="8" s="C" t="C.ar" l="C"/>
		<a id="9" s="N" t="N.pl3" l="N"/>
		<a id="10" s="C" t="C.ar" l="C"/>
		<a id="11" s="C" t="C.ar" l="C"/>
		<a id="12" s="C" t="C.ar" l="C"/>
		<a id="13" s="C" t="C.ar" l="C"/>
		<a id="14" s="N" t="N.pl3" l="N"/>
		<a id="15" s="C" t="C.3" l="C"/>
		<a id="16" s="C" t="C.3" l="C"/>
		<a id="17" s="C" t="C.3" l="C"/>
		<a id="18" s="C" t="C.3" l="C"/>
		<a id="19" s="C" t="C.ar" l="C"/>
		<a id="20" s="C" t="C.ar" l="C"/>
		<a id="21" s="H" t="H" l="H"/>
		<a id="22" s="H" t="H" l="H"/>
		<a id="23" s="H" t="H" l="H"/>
		<a id="24" s="H" t="H" l="H"/>
		<a id="25" s="H" t="H" l="H"/>
		<a id="26" s="H" t="H" l="H"/>
		<a id="27" s="H" t="H" l="H"/>
		<a id="28" s="H" t="H" l="H"/>
		<a id="29" s="H" t="H" l="H"/>
		<a id="30" s="H" t="H" l="H"/>
		<a id="31" s="H" t="H" l="H"/>
		<a id="32" s="H" t="H" l="H"/>
		<a id="33" s="H" t="H" l="H"/>
		<a id="34" s="H" t="H" l="H"/>
	</atoms>
	<bonds>
		<b id="1" c="1 2" t="1"/>
		<b id="2" c="2 3" t="ar"/>
		<b id="3" c="3 4" t="ar"/>
		<b id="4" c="4 5" t="ar"/>
		<b id="5" c="5 6" t="1"/>
		<b id="6" c="5 7" t="ar"/>
		<b id="7" c="7 8" t="ar"/>
		<b id="8" c="2 8" t="ar"/>
		<b id="9" c="8 9" t="1"/>
		<b id="10" c="9 10" t="1"/>
		<b id="11" c="10 11" t="ar"/>
		<b id="12" c="11 12" t="ar"/>
		<b id="13" c="12 13" t="ar"/>
		<b id="14" c="13 14" t="1"/>
		<b id="15" c="14 15" t="1"/>
		<b id="16" c="15 16" t="1"/>
		<b id="17" c="16 17" t="1"/>
		<b id="18" c="17 18" t="1"/>
		<b id="19" c="14 18" t="1"/>
		<b id="20" c="13 19" t="ar"/>
		<b id="21" c="19 20" t="ar"/>
		<b id="22" c="10 20" t="ar"/>
		<b id="23" c="3 21" t="1"/>
		<b id="24" c="9 22" t="1"/>
		<b id="25" c="11 23" t="1"/>
		<b id="26" c="12 24" t="1"/>
		<b id="27" c="15 25" t="1"/>
		<b id="28" c="15 26" t="1"/>
		<b id="29" c="16 27" t="1"/>
		<b id="30" c="16 28" t="1"/>
		<b id="31" c="17 29" t="1"/>
		<b id="32" c="17 30" t="1"/>
		<b id="33" c="18 31" t="1"/>
		<b id="34" c="18 32" t="1"/>
		<b id="35" c="19 33" t="1"/>
		<b id="36" c="20 34" t="1"/>
	</bonds>
	<geometry>
		<g u="A" t="cart/3d">#34,3:4.8782,2.0252,-0.5017;4.3707,1.0862,0.3346;5.1659,0.1408,0.9199;4.6538,-0.7788,1.7437;3.3578,-0.7050,1.9432;2.6903,-1.8669,2.9956;2.4997,0.1534,1.4349;2.9754,1.0870,0.6037;2.1837,2.0040,0.0300;0.8001,2.1961,0.1136;-0.0411,1.4198,0.9047;-1.3965,1.6650,0.9267;-1.9721,2.6880,0.1574;-3.3133,2.9184,0.1765;-3.9564,4.0086,-0.5244;-5.3946,3.9802,-0.0124;-5.6202,2.4967,0.2659;-4.2716,2.0517,0.8289;-1.1094,3.4681,-0.6281;0.2458,3.2252,-0.6441;6.2304,0.0954,0.7453;2.6594,2.6568,-0.5813;0.3748,0.6266,1.5012;-2.0180,1.0534,1.5601;-3.9267,3.8452,-1.6113;-3.4631,4.9598,-0.3038;-6.0991,4.3884,-0.7340;-5.4726,4.5495,0.9145;-5.8283,1.9699,-0.6662;-6.4384,2.3154,0.9594;-4.0643,1.0007,0.6076;-4.2386,2.1906,1.9186;-1.5019,4.2657,-1.2375;0.8861,3.8410,-1.2612;</g>
	</geometry>
	<conformers/>
	<properties/>
</molecule>
