<?xml version="1.0" ?>
<!--MOLLI PACKAGE EXPERIMENTAL XML FORMAT-->
<molecule name="el3775">
	<atoms>
		<a id="1" s="O" t="O.2" l="O"/>
		<a id="2" s="C" t="C.2" l="C"/>
		<a id="3" s="N" t="N.am" l="N"/>
		<a id="4" s="C" t="C.ar" l="C"/>
		<a id="5" s="C" t="C.ar" l="C"/>
		<a id="6" s="C" t="C.ar" l="C"/>
		<a id="7" s="Cl" t="Cl" l="CL"/>
		<a id="8" s="C" t="C.ar" l="C"/>
		<a id="9" s="C" t="C.ar" l="C"/>
		<a id="10" s="N" t="N.ar" l="N"/>
		<a id="11" s="C" t="C.3" l="C"/>
		<a id="12" s="C" t="C.3" l="C"/>
		<a id="13" s="C" t="C.3" l="C"/>
		<a id="14" s="C" t="C.3" l="C"/>
		<a id="15" s="H" t="H" l="H"/>
		<a id="16" s="H" t="H" l="H"/>
		<a id="17" s="H" t="H" l="H"/>
		<a id="18" s="H" t="H" l="H"/>
		<a id="19" s="H" t="H" l="H"/>
		<a id="20" s="H" t="H" l="H"/>
		<a id="21" s="H" t="H" l="H"/>
		<a id="22" s="H" t="H" l="H"/>
		<a id="23" s="H" t="H" l="H"/>
		<a id="24" s="H" t="H" l="H"/>
		<a id="25" s="H" t="H" l="H"/>
	</atoms>
	<bonds>
		<b id="1" c="1 2" t="2"/>
		<b id="2" c="2 3" t="am"/>
		<b id="3" c="3 4" t="1"/>
		<b id="4" c="4 5" t="ar"/>
		<b id="5" c="5 6" t="ar"/>
		<b id="6" c="6 7" t="1"/>
		<b id="7" c="6 8" t="ar"/>
		<b id="8" c="8 9" t="ar"/>
		<b id="9" c="9 10" t="ar"/>
		<b id="10" c="4 10" t="ar"/>
		<b id="11" c="2 11" t="1"/>
		<b id="12" c="11 12" t="1"/>
		<b id="13" c="12 13" t="1"/>
		<b id="14" c="13 14" t="1"/>
		<b id="15" c="11 14" t="1"/>
		<b id="16" c="3 15" t="1"/>
		<b id="17" c="5 16" t="1"/>
		<b id="18" c="8 17" t="1"/>
		<b id="19" c="9 18" t="1"/>
		<b id="20" c="11 19" t="1"/>
		<b id="21" c="12 20" t="1"/>
		<b id="22" c="12 21" t="1"/>
		<b id="23" c="13 22" t="1"/>
		<b id="24" c="13 23" t="1"/>
		<b id="25" c="14 24" t="1"/>
		<b id="26" c="14 25" t="1"/>
	</bonds>
	<geometry>
		<g u="A" t="cart/3d">#25,3:1.5708,-1.2559,0.9188;2.2453,-0.4482,0.3271;2.4246,0.8510,0.7310;1.9193,1.5006,1.8446;1.0538,0.8991,2.7596;0.6255,1.6708,3.8245;-0.4456,0.9939,4.9925;1.0537,2.9865,3.9545;1.9122,3.4719,2.9833;2.3365,2.7586,1.9569;3.0083,-0.7497,-0.9449;3.1640,-2.2412,-1.2796;4.6891,-2.0657,-1.3432;4.5438,-0.6189,-0.8451;3.0279,1.4443,0.1755;0.7419,-0.1229,2.6308;0.7296,3.6014,4.7771;2.2835,4.4869,3.0265;2.5778,-0.1591,-1.7563;2.6871,-2.5664,-2.2009;2.8238,-2.8744,-0.4629;5.0910,-2.1352,-2.3518;5.2599,-2.7234,-0.6920;4.9890,0.1414,-1.4842;4.8964,-0.4737,0.1748;</g>
	</geometry>
	<conformers/>
	<properties/>
</molecule>
