<?xml version="1.0" ?>
<!--MOLLI PACKAGE EXPERIMENTAL XML FORMAT-->
<molecule name="el3779">
	<atoms>
		<a id="1" s="C" t="C.2" l="C"/>
		<a id="2" s="C" t="C.2" l="C"/>
		<a id="3" s="C" t="C.2" l="C"/>
		<a id="4" s="O" t="O.2" l="O"/>
		<a id="5" s="N" t="N.am" l="N"/>
		<a id="6" s="C" t="C.3" l="C"/>
		<a id="7" s="C" t="C.3" l="C"/>
		<a id="8" s="C" t="C.3" l="C"/>
		<a id="9" s="C" t="C.3" l="C"/>
		<a id="10" s="N" t="N.pl3" l="N"/>
		<a id="11" s="C" t="C.ar" l="C"/>
		<a id="12" s="N" t="N.ar" l="N"/>
		<a id="13" s="C" t="C.ar" l="C"/>
		<a id="14" s="N" t="N.pl3" l="N"/>
		<a id="15" s="C" t="C.ar" l="C"/>
		<a id="16" s="C" t="C.ar" l="C"/>
		<a id="17" s="C" t="C.ar" l="C"/>
		<a id="18" s="C" t="C.ar" l="C"/>
		<a id="19" s="C" t="C.ar" l="C"/>
		<a id="20" s="C" t="C.ar" l="C"/>
		<a id="21" s="N" t="N.ar" l="N"/>
		<a id="22" s="C" t="C.ar" l="C"/>
		<a id="23" s="C" t="C.ar" l="C"/>
		<a id="24" s="N" t="N.ar" l="N"/>
		<a id="25" s="C" t="C.ar" l="C"/>
		<a id="26" s="Cl" t="Cl" l="CL"/>
		<a id="27" s="C" t="C.ar" l="C"/>
		<a id="28" s="C" t="C.ar" l="C"/>
		<a id="29" s="C" t="C.3" l="C"/>
		<a id="30" s="H" t="H" l="H"/>
		<a id="31" s="H" t="H" l="H"/>
		<a id="32" s="H" t="H" l="H"/>
		<a id="33" s="H" t="H" l="H"/>
		<a id="34" s="H" t="H" l="H"/>
		<a id="35" s="H" t="H" l="H"/>
		<a id="36" s="H" t="H" l="H"/>
		<a id="37" s="H" t="H" l="H"/>
		<a id="38" s="H" t="H" l="H"/>
		<a id="39" s="H" t="H" l="H"/>
		<a id="40" s="H" t="H" l="H"/>
		<a id="41" s="H" t="H" l="H"/>
		<a id="42" s="H" t="H" l="H"/>
		<a id="43" s="H" t="H" l="H"/>
		<a id="44" s="H" t="H" l="H"/>
		<a id="45" s="H" t="H" l="H"/>
		<a id="46" s="H" t="H" l="H"/>
		<a id="47" s="H" t="H" l="H"/>
		<a id="48" s="H" t="H" l="H"/>
		<a id="49" s="H" t="H" l="H"/>
		<a id="50" s="H" t="H" l="H"/>
	</atoms>
	<bonds>
		<b id="1" c="1 2" t="2"/>
		<b id="2" c="2 3" t="1"/>
		<b id="3" c="3 4" t="2"/>
		<b id="4" c="3 5" t="am"/>
		<b id="5" c="5 6" t="1"/>
		<b id="6" c="6 7" t="1"/>
		<b id="7" c="7 8" t="1"/>
		<b id="8" c="8 9" t="1"/>
		<b id="9" c="9 10" t="1"/>
		<b id="10" c="10 11" t="1"/>
		<b id="11" c="11 12" t="ar"/>
		<b id="12" c="12 13" t="ar"/>
		<b id="13" c="13 14" t="1"/>
		<b id="14" c="14 15" t="1"/>
		<b id="15" c="15 16" t="ar"/>
		<b id="16" c="16 17" t="ar"/>
		<b id="17" c="17 18" t="ar"/>
		<b id="18" c="18 19" t="ar"/>
		<b id="19" c="19 20" t="ar"/>
		<b id="20" c="15 20" t="ar"/>
		<b id="21" c="13 21" t="ar"/>
		<b id="22" c="21 22" t="ar"/>
		<b id="23" c="22 23" t="ar"/>
		<b id="24" c="23 24" t="ar"/>
		<b id="25" c="24 25" t="ar"/>
		<b id="26" c="25 26" t="1"/>
		<b id="27" c="25 27" t="ar"/>
		<b id="28" c="27 28" t="ar"/>
		<b id="29" c="11 28" t="ar"/>
		<b id="30" c="22 28" t="ar"/>
		<b id="31" c="10 29" t="1"/>
		<b id="32" c="6 29" t="1"/>
		<b id="33" c="1 30" t="1"/>
		<b id="34" c="1 31" t="1"/>
		<b id="35" c="2 32" t="1"/>
		<b id="36" c="5 33" t="1"/>
		<b id="37" c="6 34" t="1"/>
		<b id="38" c="7 35" t="1"/>
		<b id="39" c="7 36" t="1"/>
		<b id="40" c="8 37" t="1"/>
		<b id="41" c="8 38" t="1"/>
		<b id="42" c="9 39" t="1"/>
		<b id="43" c="9 40" t="1"/>
		<b id="44" c="14 41" t="1"/>
		<b id="45" c="16 42" t="1"/>
		<b id="46" c="17 43" t="1"/>
		<b id="47" c="18 44" t="1"/>
		<b id="48" c="19 45" t="1"/>
		<b id="49" c="20 46" t="1"/>
		<b id="50" c="23 47" t="1"/>
		<b id="51" c="27 48" t="1"/>
		<b id="52" c="29 49" t="1"/>
		<b id="53" c="29 50" t="1"/>
	</bonds>
	<geometry>
		<g u="A" t="cart/3d">#50,3:2.5080,-1.7066,-1.2532;3.1036,-0.7790,-0.5194;4.1210,0.1195,-1.1157;4.5084,0.0390,-2.2640;4.5899,1.0699,-0.2594;5.5136,2.0952,-0.6811;6.7520,2.1521,0.2197;6.4052,2.7160,1.5964;5.6857,4.0591,1.4723;4.5029,3.8829,0.6537;3.3491,4.5105,0.9949;3.4412,5.4648,1.9021;2.3427,6.1574,2.2427;2.4240,7.1449,3.1703;3.5013,7.6977,3.8480;4.8277,7.3871,3.5601;5.8488,7.9863,4.2742;5.5715,8.9009,5.2757;4.2535,9.2210,5.5582;3.2260,8.6275,4.8524;1.1334,5.9848,1.7377;0.9793,4.9613,0.8845;-0.3099,4.6530,0.3920;-0.5651,3.6118,-0.3508;0.4378,2.7920,-0.6512;0.0144,1.3882,-1.5626;1.7491,2.9890,-0.2831;2.0588,4.1264,0.4764;4.8358,3.4741,-0.6935;1.7558,-2.3671,-0.8584;2.7728,-1.8148,-2.2924;2.8622,-0.6318,0.5245;4.2320,1.1253,0.6807;5.8005,1.8260,-1.7038;7.4964,2.7915,-0.2582;7.1787,1.1529,0.3168;7.3152,2.8501,2.1822;5.7646,2.0162,2.1366;6.3548,4.8032,1.0209;5.3748,4.4180,2.4529;1.5198,7.5552,3.3661;5.0410,6.6866,2.7723;6.8738,7.7372,4.0410;6.3740,9.3644,5.8290;4.0244,9.9378,6.3329;2.1989,8.8816,5.0743;-1.1441,5.2885,0.6506;2.4855,2.2536,-0.5552;5.5478,4.1999,-1.1136;3.9525,3.4711,-1.3286;</g>
	</geometry>
	<conformers/>
	<properties/>
</molecule>
