<?xml version="1.0" ?>
<!--MOLLI PACKAGE EXPERIMENTAL XML FORMAT-->
<molecule name="el3780">
	<atoms>
		<a id="1" s="C" t="C.2" l="C"/>
		<a id="2" s="C" t="C.2" l="C"/>
		<a id="3" s="C" t="C.2" l="C"/>
		<a id="4" s="O" t="O.2" l="O"/>
		<a id="5" s="N" t="N.am" l="N"/>
		<a id="6" s="C" t="C.3" l="C"/>
		<a id="7" s="C" t="C.3" l="C"/>
		<a id="8" s="C" t="C.3" l="C"/>
		<a id="9" s="N" t="N.pl3" l="N"/>
		<a id="10" s="C" t="C.ar" l="C"/>
		<a id="11" s="N" t="N.ar" l="N"/>
		<a id="12" s="C" t="C.ar" l="C"/>
		<a id="13" s="N" t="N.pl3" l="N"/>
		<a id="14" s="C" t="C.ar" l="C"/>
		<a id="15" s="C" t="C.ar" l="C"/>
		<a id="16" s="C" t="C.ar" l="C"/>
		<a id="17" s="C" t="C.ar" l="C"/>
		<a id="18" s="C" t="C.ar" l="C"/>
		<a id="19" s="C" t="C.ar" l="C"/>
		<a id="20" s="N" t="N.ar" l="N"/>
		<a id="21" s="C" t="C.ar" l="C"/>
		<a id="22" s="C" t="C.ar" l="C"/>
		<a id="23" s="N" t="N.ar" l="N"/>
		<a id="24" s="C" t="C.ar" l="C"/>
		<a id="25" s="Cl" t="Cl" l="CL"/>
		<a id="26" s="C" t="C.ar" l="C"/>
		<a id="27" s="C" t="C.ar" l="C"/>
		<a id="28" s="C" t="C.3" l="C"/>
		<a id="29" s="H" t="H" l="H"/>
		<a id="30" s="H" t="H" l="H"/>
		<a id="31" s="H" t="H" l="H"/>
		<a id="32" s="H" t="H" l="H"/>
		<a id="33" s="H" t="H" l="H"/>
		<a id="34" s="H" t="H" l="H"/>
		<a id="35" s="H" t="H" l="H"/>
		<a id="36" s="H" t="H" l="H"/>
		<a id="37" s="H" t="H" l="H"/>
		<a id="38" s="H" t="H" l="H"/>
		<a id="39" s="H" t="H" l="H"/>
		<a id="40" s="H" t="H" l="H"/>
		<a id="41" s="H" t="H" l="H"/>
		<a id="42" s="H" t="H" l="H"/>
		<a id="43" s="H" t="H" l="H"/>
		<a id="44" s="H" t="H" l="H"/>
		<a id="45" s="H" t="H" l="H"/>
		<a id="46" s="H" t="H" l="H"/>
		<a id="47" s="H" t="H" l="H"/>
	</atoms>
	<bonds>
		<b id="1" c="1 2" t="2"/>
		<b id="2" c="2 3" t="1"/>
		<b id="3" c="3 4" t="2"/>
		<b id="4" c="3 5" t="am"/>
		<b id="5" c="5 6" t="1"/>
		<b id="6" c="6 7" t="1"/>
		<b id="7" c="7 8" t="1"/>
		<b id="8" c="8 9" t="1"/>
		<b id="9" c="9 10" t="1"/>
		<b id="10" c="10 11" t="ar"/>
		<b id="11" c="11 12" t="ar"/>
		<b id="12" c="12 13" t="1"/>
		<b id="13" c="13 14" t="1"/>
		<b id="14" c="14 15" t="ar"/>
		<b id="15" c="15 16" t="ar"/>
		<b id="16" c="16 17" t="ar"/>
		<b id="17" c="17 18" t="ar"/>
		<b id="18" c="18 19" t="ar"/>
		<b id="19" c="14 19" t="ar"/>
		<b id="20" c="12 20" t="ar"/>
		<b id="21" c="20 21" t="ar"/>
		<b id="22" c="21 22" t="ar"/>
		<b id="23" c="22 23" t="ar"/>
		<b id="24" c="23 24" t="ar"/>
		<b id="25" c="24 25" t="1"/>
		<b id="26" c="24 26" t="ar"/>
		<b id="27" c="26 27" t="ar"/>
		<b id="28" c="10 27" t="ar"/>
		<b id="29" c="21 27" t="ar"/>
		<b id="30" c="8 28" t="1"/>
		<b id="31" c="5 28" t="1"/>
		<b id="32" c="1 29" t="1"/>
		<b id="33" c="1 30" t="1"/>
		<b id="34" c="2 31" t="1"/>
		<b id="35" c="6 32" t="1"/>
		<b id="36" c="6 33" t="1"/>
		<b id="37" c="7 34" t="1"/>
		<b id="38" c="7 35" t="1"/>
		<b id="39" c="8 36" t="1"/>
		<b id="40" c="9 37" t="1"/>
		<b id="41" c="13 38" t="1"/>
		<b id="42" c="15 39" t="1"/>
		<b id="43" c="16 40" t="1"/>
		<b id="44" c="17 41" t="1"/>
		<b id="45" c="18 42" t="1"/>
		<b id="46" c="19 43" t="1"/>
		<b id="47" c="22 44" t="1"/>
		<b id="48" c="26 45" t="1"/>
		<b id="49" c="28 46" t="1"/>
		<b id="50" c="28 47" t="1"/>
	</bonds>
	<geometry>
		<g u="A" t="cart/3d">#47,3:3.4070,-5.8111,3.9225;4.2224,-4.7744,3.7868;4.3407,-4.0877,2.4771;3.7636,-4.4730,1.4735;5.1329,-2.9869,2.4379;5.9535,-2.4322,3.5002;6.6406,-1.2231,2.8603;6.6566,-1.5653,1.3623;7.7382,-2.4587,1.0223;9.0007,-2.0378,0.8378;9.2495,-0.7545,0.9997;10.5053,-0.3150,0.7950;10.8004,0.9977,0.9720;10.0305,2.0823,1.3656;10.6551,3.3302,1.4226;9.9475,4.4505,1.8098;8.6071,4.3484,2.1476;7.9854,3.1123,2.0953;8.6840,1.9833,1.7094;11.5376,-1.0536,0.4257;11.3168,-2.3663,0.2546;12.3708,-3.2217,-0.1399;12.2206,-4.5056,-0.3161;11.0210,-5.0425,-0.1169;10.9196,-6.7468,-0.3728;9.9020,-4.3379,0.2654;10.0414,-2.9585,0.4581;5.3180,-2.2704,1.1879;3.2890,-6.3382,4.8535;2.8293,-6.1519,3.0798;4.8122,-4.4058,4.6123;6.6951,-3.1685,3.8337;5.3444,-2.1373,4.3597;7.6429,-1.0576,3.2479;6.0508,-0.3205,3.0156;6.7567,-0.6707,0.7431;7.5446,-3.4457,0.9959;11.7725,1.1950,0.7706;11.7013,3.4138,1.1612;10.4451,5.4084,1.8489;8.0543,5.2249,2.4494;6.9407,3.0241,2.3583;8.2055,1.0208,1.6691;13.3571,-2.8152,-0.3091;8.9639,-4.8529,0.4012;5.2911,-2.9740,0.3528;4.5122,-1.5418,1.0436;</g>
	</geometry>
	<conformers/>
	<properties/>
</molecule>
