<?xml version="1.0" ?>
<!--MOLLI PACKAGE EXPERIMENTAL XML FORMAT-->
<molecule name="el3781">
	<atoms>
		<a id="1" s="C" t="C.2" l="C"/>
		<a id="2" s="C" t="C.2" l="C"/>
		<a id="3" s="C" t="C.2" l="C"/>
		<a id="4" s="O" t="O.2" l="O"/>
		<a id="5" s="N" t="N.am" l="N"/>
		<a id="6" s="C" t="C.3" l="C"/>
		<a id="7" s="C" t="C.3" l="C"/>
		<a id="8" s="C" t="C.3" l="C"/>
		<a id="9" s="C" t="C.3" l="C"/>
		<a id="10" s="N" t="N.pl3" l="N"/>
		<a id="11" s="C" t="C.ar" l="C"/>
		<a id="12" s="N" t="N.ar" l="N"/>
		<a id="13" s="C" t="C.ar" l="C"/>
		<a id="14" s="N" t="N.pl3" l="N"/>
		<a id="15" s="C" t="C.ar" l="C"/>
		<a id="16" s="C" t="C.ar" l="C"/>
		<a id="17" s="C" t="C.ar" l="C"/>
		<a id="18" s="C" t="C.ar" l="C"/>
		<a id="19" s="C" t="C.ar" l="C"/>
		<a id="20" s="C" t="C.ar" l="C"/>
		<a id="21" s="N" t="N.ar" l="N"/>
		<a id="22" s="C" t="C.ar" l="C"/>
		<a id="23" s="C" t="C.ar" l="C"/>
		<a id="24" s="N" t="N.ar" l="N"/>
		<a id="25" s="C" t="C.ar" l="C"/>
		<a id="26" s="Cl" t="Cl" l="CL"/>
		<a id="27" s="C" t="C.ar" l="C"/>
		<a id="28" s="C" t="C.ar" l="C"/>
		<a id="29" s="C" t="C.3" l="C"/>
		<a id="30" s="H" t="H" l="H"/>
		<a id="31" s="H" t="H" l="H"/>
		<a id="32" s="H" t="H" l="H"/>
		<a id="33" s="H" t="H" l="H"/>
		<a id="34" s="H" t="H" l="H"/>
		<a id="35" s="H" t="H" l="H"/>
		<a id="36" s="H" t="H" l="H"/>
		<a id="37" s="H" t="H" l="H"/>
		<a id="38" s="H" t="H" l="H"/>
		<a id="39" s="H" t="H" l="H"/>
		<a id="40" s="H" t="H" l="H"/>
		<a id="41" s="H" t="H" l="H"/>
		<a id="42" s="H" t="H" l="H"/>
		<a id="43" s="H" t="H" l="H"/>
		<a id="44" s="H" t="H" l="H"/>
		<a id="45" s="H" t="H" l="H"/>
		<a id="46" s="H" t="H" l="H"/>
		<a id="47" s="H" t="H" l="H"/>
		<a id="48" s="H" t="H" l="H"/>
		<a id="49" s="H" t="H" l="H"/>
		<a id="50" s="H" t="H" l="H"/>
	</atoms>
	<bonds>
		<b id="1" c="1 2" t="2"/>
		<b id="2" c="2 3" t="1"/>
		<b id="3" c="3 4" t="2"/>
		<b id="4" c="3 5" t="am"/>
		<b id="5" c="5 6" t="1"/>
		<b id="6" c="6 7" t="1"/>
		<b id="7" c="7 8" t="1"/>
		<b id="8" c="8 9" t="1"/>
		<b id="9" c="9 10" t="1"/>
		<b id="10" c="10 11" t="1"/>
		<b id="11" c="11 12" t="ar"/>
		<b id="12" c="12 13" t="ar"/>
		<b id="13" c="13 14" t="1"/>
		<b id="14" c="14 15" t="1"/>
		<b id="15" c="15 16" t="ar"/>
		<b id="16" c="16 17" t="ar"/>
		<b id="17" c="17 18" t="ar"/>
		<b id="18" c="18 19" t="ar"/>
		<b id="19" c="19 20" t="ar"/>
		<b id="20" c="15 20" t="ar"/>
		<b id="21" c="13 21" t="ar"/>
		<b id="22" c="21 22" t="ar"/>
		<b id="23" c="22 23" t="ar"/>
		<b id="24" c="23 24" t="ar"/>
		<b id="25" c="24 25" t="ar"/>
		<b id="26" c="25 26" t="1"/>
		<b id="27" c="25 27" t="ar"/>
		<b id="28" c="27 28" t="ar"/>
		<b id="29" c="11 28" t="ar"/>
		<b id="30" c="22 28" t="ar"/>
		<b id="31" c="9 29" t="1"/>
		<b id="32" c="5 29" t="1"/>
		<b id="33" c="1 30" t="1"/>
		<b id="34" c="1 31" t="1"/>
		<b id="35" c="2 32" t="1"/>
		<b id="36" c="6 33" t="1"/>
		<b id="37" c="6 34" t="1"/>
		<b id="38" c="7 35" t="1"/>
		<b id="39" c="7 36" t="1"/>
		<b id="40" c="8 37" t="1"/>
		<b id="41" c="8 38" t="1"/>
		<b id="42" c="9 39" t="1"/>
		<b id="43" c="10 40" t="1"/>
		<b id="44" c="14 41" t="1"/>
		<b id="45" c="16 42" t="1"/>
		<b id="46" c="17 43" t="1"/>
		<b id="47" c="18 44" t="1"/>
		<b id="48" c="19 45" t="1"/>
		<b id="49" c="20 46" t="1"/>
		<b id="50" c="23 47" t="1"/>
		<b id="51" c="27 48" t="1"/>
		<b id="52" c="29 49" t="1"/>
		<b id="53" c="29 50" t="1"/>
	</bonds>
	<geometry>
		<g u="A" t="cart/3d">#50,3:9.0773,-5.1238,-1.9014;7.7663,-5.0296,-1.7612;6.9810,-3.9124,-2.3616;7.1177,-3.5821,-3.5243;6.0533,-3.3377,-1.5472;5.2657,-2.2246,-2.0376;5.7975,-0.8974,-1.4936;5.8708,-0.9340,0.0328;6.7134,-2.1309,0.4596;6.8542,-2.2074,1.8921;7.8517,-2.9198,2.4518;8.7439,-3.4541,1.6497;9.7812,-4.1409,2.1891;10.6243,-4.6137,1.2413;11.8032,-5.3413,1.3514;12.4944,-5.6346,0.1751;13.6694,-6.3587,0.2172;14.1732,-6.7997,1.4298;13.4904,-6.5071,2.5984;12.3122,-5.7839,2.5694;9.9791,-4.3560,3.4706;9.0764,-3.8307,4.3185;9.2198,-4.0218,5.7108;8.3822,-3.5400,6.5886;7.3429,-2.8319,6.1604;6.2913,-2.2362,7.3911;7.0738,-2.5621,4.8371;7.9573,-3.0736,3.8809;6.0902,-3.4228,-0.1116;9.6333,-5.9651,-1.5209;9.6329,-4.3592,-2.4201;7.1978,-5.8044,-1.2649;4.2270,-2.3730,-1.7232;5.3189,-2.2399,-3.1270;5.1495,-0.0843,-1.8215;6.7950,-0.7241,-1.9009;4.8636,-1.0295,0.4483;6.3107,-0.0103,0.4126;7.7266,-2.0444,0.0509;6.0821,-1.9114,2.4659;10.3360,-4.3683,0.3018;12.1066,-5.2870,-0.7725;14.1945,-6.5784,-0.7009;15.0918,-7.3655,1.4623;13.8791,-6.8456,3.5475;11.7773,-5.5513,3.4741;10.0548,-4.5905,6.0933;6.2102,-1.9730,4.5708;5.0675,-3.5383,0.2677;6.6915,-4.2723,0.2094;</g>
	</geometry>
	<conformers/>
	<properties/>
</molecule>
