<?xml version="1.0" ?>
<!--MOLLI PACKAGE EXPERIMENTAL XML FORMAT-->
<molecule name="el3782">
	<atoms>
		<a id="1" s="Cl" t="Cl" l="CL"/>
		<a id="2" s="C" t="C.ar" l="C"/>
		<a id="3" s="C" t="C.ar" l="C"/>
		<a id="4" s="C" t="C.ar" l="C"/>
		<a id="5" s="C" t="C.ar" l="C"/>
		<a id="6" s="N" t="N.pl3" l="N"/>
		<a id="7" s="C" t="C.3" l="C"/>
		<a id="8" s="C" t="C.3" l="C"/>
		<a id="9" s="C" t="C.3" l="C"/>
		<a id="10" s="C" t="C.3" l="C"/>
		<a id="11" s="N" t="N.ar" l="N"/>
		<a id="12" s="C" t="C.ar" l="C"/>
		<a id="13" s="O" t="O.3" l="O"/>
		<a id="14" s="C" t="C.3" l="C"/>
		<a id="15" s="C" t="C.3" l="C"/>
		<a id="16" s="C" t="C.3" l="C"/>
		<a id="17" s="O" t="O.3" l="O"/>
		<a id="18" s="C" t="C.3" l="C"/>
		<a id="19" s="C" t="C.3" l="C"/>
		<a id="20" s="N" t="N.ar" l="N"/>
		<a id="21" s="C" t="C.ar" l="C"/>
		<a id="22" s="C" t="C.ar" l="C"/>
		<a id="23" s="N" t="N.ar" l="N"/>
		<a id="24" s="H" t="H" l="H"/>
		<a id="25" s="H" t="H" l="H"/>
		<a id="26" s="H" t="H" l="H"/>
		<a id="27" s="H" t="H" l="H"/>
		<a id="28" s="H" t="H" l="H"/>
		<a id="29" s="H" t="H" l="H"/>
		<a id="30" s="H" t="H" l="H"/>
		<a id="31" s="H" t="H" l="H"/>
		<a id="32" s="H" t="H" l="H"/>
		<a id="33" s="H" t="H" l="H"/>
		<a id="34" s="H" t="H" l="H"/>
		<a id="35" s="H" t="H" l="H"/>
		<a id="36" s="H" t="H" l="H"/>
		<a id="37" s="H" t="H" l="H"/>
		<a id="38" s="H" t="H" l="H"/>
		<a id="39" s="H" t="H" l="H"/>
		<a id="40" s="H" t="H" l="H"/>
		<a id="41" s="H" t="H" l="H"/>
		<a id="42" s="H" t="H" l="H"/>
	</atoms>
	<bonds>
		<b id="1" c="1 2" t="1"/>
		<b id="2" c="2 3" t="ar"/>
		<b id="3" c="3 4" t="ar"/>
		<b id="4" c="4 5" t="ar"/>
		<b id="5" c="5 6" t="1"/>
		<b id="6" c="6 7" t="1"/>
		<b id="7" c="7 8" t="1"/>
		<b id="8" c="8 9" t="1"/>
		<b id="9" c="9 10" t="1"/>
		<b id="10" c="6 10" t="1"/>
		<b id="11" c="5 11" t="ar"/>
		<b id="12" c="11 12" t="ar"/>
		<b id="13" c="12 13" t="1"/>
		<b id="14" c="13 14" t="1"/>
		<b id="15" c="14 15" t="1"/>
		<b id="16" c="15 16" t="1"/>
		<b id="17" c="16 17" t="1"/>
		<b id="18" c="17 18" t="1"/>
		<b id="19" c="18 19" t="1"/>
		<b id="20" c="14 19" t="1"/>
		<b id="21" c="12 20" t="ar"/>
		<b id="22" c="20 21" t="ar"/>
		<b id="23" c="4 21" t="ar"/>
		<b id="24" c="21 22" t="ar"/>
		<b id="25" c="22 23" t="ar"/>
		<b id="26" c="2 23" t="ar"/>
		<b id="27" c="3 24" t="1"/>
		<b id="28" c="7 25" t="1"/>
		<b id="29" c="7 26" t="1"/>
		<b id="30" c="8 27" t="1"/>
		<b id="31" c="8 28" t="1"/>
		<b id="32" c="9 29" t="1"/>
		<b id="33" c="9 30" t="1"/>
		<b id="34" c="10 31" t="1"/>
		<b id="35" c="10 32" t="1"/>
		<b id="36" c="14 33" t="1"/>
		<b id="37" c="15 34" t="1"/>
		<b id="38" c="15 35" t="1"/>
		<b id="39" c="16 36" t="1"/>
		<b id="40" c="16 37" t="1"/>
		<b id="41" c="18 38" t="1"/>
		<b id="42" c="18 39" t="1"/>
		<b id="43" c="19 40" t="1"/>
		<b id="44" c="19 41" t="1"/>
		<b id="45" c="22 42" t="1"/>
	</bonds>
	<geometry>
		<g u="A" t="cart/3d">#42,3:1.0322,-0.5339,0.7625;2.7259,-0.2767,0.5546;3.2357,0.9979,0.6509;4.6160,1.1732,0.4738;5.3684,2.4035,0.5034;4.8505,3.6382,0.5803;5.7513,4.7775,0.6693;4.8256,5.9769,0.8302;3.5925,5.5451,0.0425;3.4787,4.0603,0.3899;6.6949,2.3669,0.4612;7.3199,1.1921,0.3210;8.6492,1.1821,0.3075;9.3254,2.4319,0.4020;9.3550,3.1493,-0.9495;10.2153,4.4078,-0.8282;11.5219,4.1121,-0.3979;11.5349,3.4811,0.8605;10.7589,2.1620,0.8518;6.7457,0.0227,0.1779;5.4049,0.0045,0.2665;4.7344,-1.2362,0.1767;3.4435,-1.3675,0.3086;2.5706,1.8086,0.8859;6.3497,4.8483,-0.2456;6.4367,4.6391,1.5072;5.2703,6.8935,0.4504;4.5695,6.1202,1.8803;3.7695,5.6674,-1.0265;2.6967,6.0987,0.3142;2.9994,3.4897,-0.4083;2.9087,3.9354,1.3191;8.8063,3.0615,1.1375;8.3424,3.4099,-1.2565;9.7886,2.4774,-1.6919;9.7392,5.1102,-0.1240;10.3259,4.8976,-1.7977;11.1041,4.1550,1.6192;12.5869,3.3098,1.0955;10.7679,1.7130,1.8445;11.2194,1.4659,0.1503;5.3076,-2.1345,0.0009;</g>
	</geometry>
	<conformers/>
	<properties/>
</molecule>
