<?xml version="1.0" ?>
<!--MOLLI PACKAGE EXPERIMENTAL XML FORMAT-->
<molecule name="el3786">
	<atoms>
		<a id="1" s="C" t="C.3" l="C"/>
		<a id="2" s="Si" t="Si" l="SI"/>
		<a id="3" s="C" t="C.3" l="C"/>
		<a id="4" s="C" t="C.3" l="C"/>
		<a id="5" s="C" t="C.3" l="C"/>
		<a id="6" s="C" t="C.3" l="C"/>
		<a id="7" s="O" t="O.3" l="O"/>
		<a id="8" s="C" t="C.3" l="C"/>
		<a id="9" s="N" t="N.ar" l="N"/>
		<a id="10" s="C" t="C.ar" l="C"/>
		<a id="11" s="C" t="C.ar" l="C"/>
		<a id="12" s="C" t="C.ar" l="C"/>
		<a id="13" s="C" t="C.ar" l="C"/>
		<a id="14" s="C" t="C.ar" l="C"/>
		<a id="15" s="N" t="N.ar" l="N"/>
		<a id="16" s="C" t="C.ar" l="C"/>
		<a id="17" s="C" t="C.ar" l="C"/>
		<a id="18" s="C" t="C.ar" l="C"/>
		<a id="19" s="C" t="C.ar" l="C"/>
		<a id="20" s="O" t="O.3" l="O"/>
		<a id="21" s="C" t="C.ar" l="C"/>
		<a id="22" s="C" t="C.ar" l="C"/>
		<a id="23" s="C" t="C.ar" l="C"/>
		<a id="24" s="C" t="C.ar" l="C"/>
		<a id="25" s="C" t="C.ar" l="C"/>
		<a id="26" s="C" t="C.ar" l="C"/>
		<a id="27" s="N" t="N.ar" l="N"/>
		<a id="28" s="C" t="C.ar" l="C"/>
		<a id="29" s="Cl" t="Cl" l="CL"/>
		<a id="30" s="N" t="N.ar" l="N"/>
		<a id="31" s="C" t="C.ar" l="C"/>
		<a id="32" s="H" t="H" l="H"/>
		<a id="33" s="H" t="H" l="H"/>
		<a id="34" s="H" t="H" l="H"/>
		<a id="35" s="H" t="H" l="H"/>
		<a id="36" s="H" t="H" l="H"/>
		<a id="37" s="H" t="H" l="H"/>
		<a id="38" s="H" t="H" l="H"/>
		<a id="39" s="H" t="H" l="H"/>
		<a id="40" s="H" t="H" l="H"/>
		<a id="41" s="H" t="H" l="H"/>
		<a id="42" s="H" t="H" l="H"/>
		<a id="43" s="H" t="H" l="H"/>
		<a id="44" s="H" t="H" l="H"/>
		<a id="45" s="H" t="H" l="H"/>
		<a id="46" s="H" t="H" l="H"/>
		<a id="47" s="H" t="H" l="H"/>
		<a id="48" s="H" t="H" l="H"/>
		<a id="49" s="H" t="H" l="H"/>
		<a id="50" s="H" t="H" l="H"/>
		<a id="51" s="H" t="H" l="H"/>
		<a id="52" s="H" t="H" l="H"/>
		<a id="53" s="H" t="H" l="H"/>
		<a id="54" s="H" t="H" l="H"/>
		<a id="55" s="H" t="H" l="H"/>
		<a id="56" s="H" t="H" l="H"/>
	</atoms>
	<bonds>
		<b id="1" c="1 2" t="1"/>
		<b id="2" c="2 3" t="1"/>
		<b id="3" c="2 4" t="1"/>
		<b id="4" c="2 5" t="1"/>
		<b id="5" c="5 6" t="1"/>
		<b id="6" c="6 7" t="1"/>
		<b id="7" c="7 8" t="1"/>
		<b id="8" c="8 9" t="1"/>
		<b id="9" c="9 10" t="ar"/>
		<b id="10" c="10 11" t="ar"/>
		<b id="11" c="11 12" t="1"/>
		<b id="12" c="12 13" t="ar"/>
		<b id="13" c="13 14" t="ar"/>
		<b id="14" c="14 15" t="ar"/>
		<b id="15" c="15 16" t="ar"/>
		<b id="16" c="16 17" t="ar"/>
		<b id="17" c="12 17" t="ar"/>
		<b id="18" c="11 18" t="ar"/>
		<b id="19" c="18 19" t="ar"/>
		<b id="20" c="19 20" t="1"/>
		<b id="21" c="20 21" t="1"/>
		<b id="22" c="21 22" t="ar"/>
		<b id="23" c="22 23" t="ar"/>
		<b id="24" c="23 24" t="ar"/>
		<b id="25" c="24 25" t="ar"/>
		<b id="26" c="25 26" t="ar"/>
		<b id="27" c="21 26" t="ar"/>
		<b id="28" c="19 27" t="ar"/>
		<b id="29" c="27 28" t="ar"/>
		<b id="30" c="28 29" t="1"/>
		<b id="31" c="28 30" t="ar"/>
		<b id="32" c="30 31" t="ar"/>
		<b id="33" c="18 31" t="ar"/>
		<b id="34" c="9 31" t="ar"/>
		<b id="35" c="1 32" t="1"/>
		<b id="36" c="1 33" t="1"/>
		<b id="37" c="1 34" t="1"/>
		<b id="38" c="3 35" t="1"/>
		<b id="39" c="3 36" t="1"/>
		<b id="40" c="3 37" t="1"/>
		<b id="41" c="4 38" t="1"/>
		<b id="42" c="4 39" t="1"/>
		<b id="43" c="4 40" t="1"/>
		<b id="44" c="5 41" t="1"/>
		<b id="45" c="5 42" t="1"/>
		<b id="46" c="6 43" t="1"/>
		<b id="47" c="6 44" t="1"/>
		<b id="48" c="8 45" t="1"/>
		<b id="49" c="8 46" t="1"/>
		<b id="50" c="10 47" t="1"/>
		<b id="51" c="13 48" t="1"/>
		<b id="52" c="14 49" t="1"/>
		<b id="53" c="16 50" t="1"/>
		<b id="54" c="17 51" t="1"/>
		<b id="55" c="22 52" t="1"/>
		<b id="56" c="23 53" t="1"/>
		<b id="57" c="24 54" t="1"/>
		<b id="58" c="25 55" t="1"/>
		<b id="59" c="26 56" t="1"/>
	</bonds>
	<geometry>
		<g u="A" t="cart/3d">#56,3:11.6058,-1.4857,2.1629;10.6508,-2.8534,3.0886;11.4501,-4.5479,2.7239;10.6618,-2.5159,4.9655;8.8250,-2.8658,2.5041;8.7027,-3.1984,1.0321;7.3286,-3.1665,0.6540;7.1165,-3.2586,-0.7129;7.4442,-4.5639,-1.2425;6.6739,-5.6948,-1.1667;7.3594,-6.7872,-1.6310;6.8534,-8.1523,-1.6979;5.5256,-8.4024,-2.0461;5.0851,-9.7133,-2.0958;5.8558,-10.7549,-1.8304;7.1114,-10.5191,-1.4888;7.6590,-9.2508,-1.4018;8.6494,-6.3030,-2.0193;9.8274,-6.7917,-2.6195;9.8672,-8.0679,-2.9742;10.9271,-8.7378,-3.5556;12.2180,-8.2544,-3.7106;13.1761,-9.0690,-4.2927;12.8623,-10.3481,-4.7143;11.5715,-10.8266,-4.5519;10.6054,-10.0281,-3.9742;10.8440,-5.9651,-2.8237;10.7160,-4.6920,-2.4887;12.0888,-3.7221,-2.7733;9.6748,-4.0880,-1.9739;8.6508,-4.9140,-1.7477;12.6151,-1.3791,2.5486;11.1164,-0.5212,2.2606;11.6858,-1.7082,1.1029;12.4480,-4.6127,3.1469;11.5398,-4.7176,1.6546;10.8660,-5.3640,3.1394;11.6759,-2.4975,5.3513;10.1180,-3.2801,5.5120;10.2058,-1.5592,5.1999;8.3595,-1.8959,2.6759;8.2431,-3.5934,3.0690;9.1159,-4.1959,0.8351;9.2574,-2.4761,0.4198;7.7334,-2.5328,-1.2657;6.0515,-3.0657,-0.8755;5.6845,-5.6423,-0.7561;4.8610,-7.5876,-2.2887;4.0633,-9.9466,-2.3665;7.7075,-11.3962,-1.2715;8.6856,-9.1164,-1.1027;12.4693,-7.2590,-3.3882;14.1801,-8.6911,-4.4138;13.6184,-10.9718,-5.1665;11.3162,-11.8243,-4.8758;9.5944,-10.3796,-3.8362;</g>
	</geometry>
	<conformers/>
	<properties/>
</molecule>
