<?xml version="1.0" ?>
<!--MOLLI PACKAGE EXPERIMENTAL XML FORMAT-->
<molecule name="el3789">
	<atoms>
		<a id="1" s="C" t="C.3" l="C"/>
		<a id="2" s="C" t="C.3" l="C"/>
		<a id="3" s="N" t="N.ar" l="N"/>
		<a id="4" s="C" t="C.ar" l="C"/>
		<a id="5" s="C" t="C.3" l="C"/>
		<a id="6" s="N" t="N.ar" l="N"/>
		<a id="7" s="C" t="C.ar" l="C"/>
		<a id="8" s="C" t="C.ar" l="C"/>
		<a id="9" s="F" t="F" l="F"/>
		<a id="10" s="C" t="C.ar" l="C"/>
		<a id="11" s="C" t="C.ar" l="C"/>
		<a id="12" s="C" t="C.ar" l="C"/>
		<a id="13" s="N" t="N.ar" l="N"/>
		<a id="14" s="C" t="C.ar" l="C"/>
		<a id="15" s="Cl" t="Cl" l="CL"/>
		<a id="16" s="N" t="N.ar" l="N"/>
		<a id="17" s="C" t="C.ar" l="C"/>
		<a id="18" s="C" t="C.ar" l="C"/>
		<a id="19" s="F" t="F" l="F"/>
		<a id="20" s="C" t="C.ar" l="C"/>
		<a id="21" s="C" t="C.ar" l="C"/>
		<a id="22" s="H" t="H" l="H"/>
		<a id="23" s="H" t="H" l="H"/>
		<a id="24" s="H" t="H" l="H"/>
		<a id="25" s="H" t="H" l="H"/>
		<a id="26" s="H" t="H" l="H"/>
		<a id="27" s="H" t="H" l="H"/>
		<a id="28" s="H" t="H" l="H"/>
		<a id="29" s="H" t="H" l="H"/>
		<a id="30" s="H" t="H" l="H"/>
		<a id="31" s="H" t="H" l="H"/>
		<a id="32" s="H" t="H" l="H"/>
	</atoms>
	<bonds>
		<b id="1" c="1 2" t="1"/>
		<b id="2" c="2 3" t="1"/>
		<b id="3" c="3 4" t="ar"/>
		<b id="4" c="4 5" t="1"/>
		<b id="5" c="4 6" t="ar"/>
		<b id="6" c="6 7" t="ar"/>
		<b id="7" c="7 8" t="ar"/>
		<b id="8" c="8 9" t="1"/>
		<b id="9" c="8 10" t="ar"/>
		<b id="10" c="10 11" t="ar"/>
		<b id="11" c="11 12" t="1"/>
		<b id="12" c="12 13" t="ar"/>
		<b id="13" c="13 14" t="ar"/>
		<b id="14" c="14 15" t="1"/>
		<b id="15" c="14 16" t="ar"/>
		<b id="16" c="16 17" t="ar"/>
		<b id="17" c="17 18" t="ar"/>
		<b id="18" c="12 18" t="ar"/>
		<b id="19" c="18 19" t="1"/>
		<b id="20" c="11 20" t="ar"/>
		<b id="21" c="20 21" t="ar"/>
		<b id="22" c="7 21" t="ar"/>
		<b id="23" c="3 21" t="ar"/>
		<b id="24" c="1 22" t="1"/>
		<b id="25" c="1 23" t="1"/>
		<b id="26" c="1 24" t="1"/>
		<b id="27" c="2 25" t="1"/>
		<b id="28" c="2 26" t="1"/>
		<b id="29" c="5 27" t="1"/>
		<b id="30" c="5 28" t="1"/>
		<b id="31" c="5 29" t="1"/>
		<b id="32" c="10 30" t="1"/>
		<b id="33" c="17 31" t="1"/>
		<b id="34" c="20 32" t="1"/>
	</bonds>
	<geometry>
		<g u="A" t="cart/3d">#32,3:3.4802,0.3831,-0.9017;2.3360,0.0724,0.0609;2.7997,-0.6687,1.2050;2.8072,-2.0251,1.3842;2.2378,-2.9756,0.4012;3.3515,-2.3903,2.5127;3.7423,-1.2398,3.1289;4.3707,-0.9901,4.3477;4.6999,-1.9965,5.1731;4.6600,0.3018,4.7216;4.3277,1.3892,3.8925;4.6205,2.7720,4.2548;4.0684,3.7123,3.4785;4.2929,4.9762,3.7447;3.5553,6.1072,2.7066;5.0266,5.4693,4.7258;5.5986,4.5733,5.5127;5.4281,3.2128,5.3179;6.0606,2.3721,6.1528;3.6865,1.1729,2.6719;3.4079,-0.1283,2.3116;3.1066,0.9466,-1.7519;3.9359,-0.5354,-1.2644;4.2449,0.9719,-0.4009;1.5646,-0.5132,-0.4444;1.8862,1.0034,0.4177;2.7097,-2.8582,-0.5732;1.1657,-2.8142,0.2884;2.4074,-3.9850,0.7624;5.1385,0.4473,5.6746;6.2119,4.9509,6.3189;3.4320,2.0165,2.0527;</g>
	</geometry>
	<conformers/>
	<properties/>
</molecule>
