<?xml version="1.0" ?>
<!--MOLLI PACKAGE EXPERIMENTAL XML FORMAT-->
<molecule name="el3619">
	<atoms>
		<a id="1" s="C" t="C.3" l="C"/>
		<a id="2" s="C" t="C.3" l="C"/>
		<a id="3" s="N" t="N.pl3" l="N"/>
		<a id="4" s="C" t="C.3" l="C"/>
		<a id="5" s="C" t="C.3" l="C"/>
		<a id="6" s="C" t="C.ar" l="C"/>
		<a id="7" s="C" t="C.ar" l="C"/>
		<a id="8" s="C" t="C.ar" l="C"/>
		<a id="9" s="C" t="C.ar" l="C"/>
		<a id="10" s="N" t="N.pl3" l="N"/>
		<a id="11" s="C" t="C.ar" l="C"/>
		<a id="12" s="N" t="N.ar" l="N"/>
		<a id="13" s="C" t="C.ar" l="C"/>
		<a id="14" s="Cl" t="Cl" l="CL"/>
		<a id="15" s="N" t="N.ar" l="N"/>
		<a id="16" s="C" t="C.ar" l="C"/>
		<a id="17" s="C" t="C.ar" l="C"/>
		<a id="18" s="F" t="F" l="F"/>
		<a id="19" s="C" t="C.ar" l="C"/>
		<a id="20" s="C" t="C.ar" l="C"/>
		<a id="21" s="H" t="H" l="H"/>
		<a id="22" s="H" t="H" l="H"/>
		<a id="23" s="H" t="H" l="H"/>
		<a id="24" s="H" t="H" l="H"/>
		<a id="25" s="H" t="H" l="H"/>
		<a id="26" s="H" t="H" l="H"/>
		<a id="27" s="H" t="H" l="H"/>
		<a id="28" s="H" t="H" l="H"/>
		<a id="29" s="H" t="H" l="H"/>
		<a id="30" s="H" t="H" l="H"/>
		<a id="31" s="H" t="H" l="H"/>
		<a id="32" s="H" t="H" l="H"/>
		<a id="33" s="H" t="H" l="H"/>
		<a id="34" s="H" t="H" l="H"/>
		<a id="35" s="H" t="H" l="H"/>
		<a id="36" s="H" t="H" l="H"/>
	</atoms>
	<bonds>
		<b id="1" c="1 2" t="1"/>
		<b id="2" c="2 3" t="1"/>
		<b id="3" c="3 4" t="1"/>
		<b id="4" c="4 5" t="1"/>
		<b id="5" c="3 6" t="1"/>
		<b id="6" c="6 7" t="ar"/>
		<b id="7" c="7 8" t="ar"/>
		<b id="8" c="8 9" t="ar"/>
		<b id="9" c="9 10" t="1"/>
		<b id="10" c="10 11" t="1"/>
		<b id="11" c="11 12" t="ar"/>
		<b id="12" c="12 13" t="ar"/>
		<b id="13" c="13 14" t="1"/>
		<b id="14" c="13 15" t="ar"/>
		<b id="15" c="15 16" t="ar"/>
		<b id="16" c="16 17" t="ar"/>
		<b id="17" c="11 17" t="ar"/>
		<b id="18" c="17 18" t="1"/>
		<b id="19" c="9 19" t="ar"/>
		<b id="20" c="19 20" t="ar"/>
		<b id="21" c="6 20" t="ar"/>
		<b id="22" c="1 21" t="1"/>
		<b id="23" c="1 22" t="1"/>
		<b id="24" c="1 23" t="1"/>
		<b id="25" c="2 24" t="1"/>
		<b id="26" c="2 25" t="1"/>
		<b id="27" c="4 26" t="1"/>
		<b id="28" c="4 27" t="1"/>
		<b id="29" c="5 28" t="1"/>
		<b id="30" c="5 29" t="1"/>
		<b id="31" c="5 30" t="1"/>
		<b id="32" c="7 31" t="1"/>
		<b id="33" c="8 32" t="1"/>
		<b id="34" c="10 33" t="1"/>
		<b id="35" c="16 34" t="1"/>
		<b id="36" c="19 35" t="1"/>
		<b id="37" c="20 36" t="1"/>
	</bonds>
	<geometry>
		<g u="A" t="cart/3d">#36,3:2.3650,0.8395,-0.7220;2.4647,-0.1438,0.4465;2.9531,-1.4397,0.0332;1.9401,-2.4175,-0.2945;1.5060,-3.2392,0.9207;4.2914,-1.7309,-0.0050;5.2673,-0.7429,0.2042;6.6111,-1.0426,0.1662;7.0542,-2.3340,-0.1015;8.4360,-2.5570,-0.1212;9.1360,-3.6329,-0.5093;8.5395,-4.7443,-0.9525;9.3095,-5.7466,-1.3198;8.4883,-7.1284,-1.8887;10.6212,-5.8129,-1.3018;11.2530,-4.7208,-0.8599;10.5563,-3.6150,-0.4601;11.1829,-2.4975,-0.0148;6.1050,-3.3265,-0.3220;4.7605,-3.0299,-0.2650;1.9643,1.7900,-0.3796;1.7083,0.4429,-1.4927;3.3426,1.0091,-1.1649;1.4727,-0.2795,0.8855;3.1096,0.2639,1.2290;2.3073,-3.0777,-1.0829;1.0759,-1.8835,-0.6994;2.3549,-3.7688,1.3449;0.7481,-3.9634,0.6332;1.0908,-2.5913,1.6895;4.9887,0.2801,0.3934;7.3323,-0.2543,0.3367;8.9942,-1.7604,0.1626;12.3318,-4.7626,-0.8434;6.4245,-4.3319,-0.5361;4.0690,-3.8406,-0.4219;</g>
	</geometry>
	<conformers/>
	<properties/>
</molecule>
