<?xml version="1.0" ?>
<!--MOLLI PACKAGE EXPERIMENTAL XML FORMAT-->
<molecule name="el3790">
	<atoms>
		<a id="1" s="C" t="C.3" l="C"/>
		<a id="2" s="C" t="C.ar" l="C"/>
		<a id="3" s="N" t="N.ar" l="N"/>
		<a id="4" s="C" t="C.ar" l="C"/>
		<a id="5" s="C" t="C.ar" l="C"/>
		<a id="6" s="F" t="F" l="F"/>
		<a id="7" s="C" t="C.ar" l="C"/>
		<a id="8" s="C" t="C.ar" l="C"/>
		<a id="9" s="C" t="C.ar" l="C"/>
		<a id="10" s="N" t="N.ar" l="N"/>
		<a id="11" s="C" t="C.ar" l="C"/>
		<a id="12" s="Cl" t="Cl" l="CL"/>
		<a id="13" s="N" t="N.ar" l="N"/>
		<a id="14" s="C" t="C.ar" l="C"/>
		<a id="15" s="C" t="C.ar" l="C"/>
		<a id="16" s="F" t="F" l="F"/>
		<a id="17" s="C" t="C.ar" l="C"/>
		<a id="18" s="C" t="C.ar" l="C"/>
		<a id="19" s="N" t="N.ar" l="N"/>
		<a id="20" s="C" t="C.3" l="C"/>
		<a id="21" s="C" t="C.3" l="C"/>
		<a id="22" s="C" t="C.3" l="C"/>
		<a id="23" s="C" t="C.3" l="C"/>
		<a id="24" s="H" t="H" l="H"/>
		<a id="25" s="H" t="H" l="H"/>
		<a id="26" s="H" t="H" l="H"/>
		<a id="27" s="H" t="H" l="H"/>
		<a id="28" s="H" t="H" l="H"/>
		<a id="29" s="H" t="H" l="H"/>
		<a id="30" s="H" t="H" l="H"/>
		<a id="31" s="H" t="H" l="H"/>
		<a id="32" s="H" t="H" l="H"/>
		<a id="33" s="H" t="H" l="H"/>
		<a id="34" s="H" t="H" l="H"/>
		<a id="35" s="H" t="H" l="H"/>
		<a id="36" s="H" t="H" l="H"/>
	</atoms>
	<bonds>
		<b id="1" c="1 2" t="1"/>
		<b id="2" c="2 3" t="ar"/>
		<b id="3" c="3 4" t="ar"/>
		<b id="4" c="4 5" t="ar"/>
		<b id="5" c="5 6" t="1"/>
		<b id="6" c="5 7" t="ar"/>
		<b id="7" c="7 8" t="ar"/>
		<b id="8" c="8 9" t="1"/>
		<b id="9" c="9 10" t="ar"/>
		<b id="10" c="10 11" t="ar"/>
		<b id="11" c="11 12" t="1"/>
		<b id="12" c="11 13" t="ar"/>
		<b id="13" c="13 14" t="ar"/>
		<b id="14" c="14 15" t="ar"/>
		<b id="15" c="9 15" t="ar"/>
		<b id="16" c="15 16" t="1"/>
		<b id="17" c="8 17" t="ar"/>
		<b id="18" c="17 18" t="ar"/>
		<b id="19" c="4 18" t="ar"/>
		<b id="20" c="18 19" t="ar"/>
		<b id="21" c="2 19" t="ar"/>
		<b id="22" c="19 20" t="1"/>
		<b id="23" c="20 21" t="1"/>
		<b id="24" c="20 22" t="1"/>
		<b id="25" c="22 23" t="1"/>
		<b id="26" c="20 23" t="1"/>
		<b id="27" c="1 24" t="1"/>
		<b id="28" c="1 25" t="1"/>
		<b id="29" c="1 26" t="1"/>
		<b id="30" c="7 27" t="1"/>
		<b id="31" c="14 28" t="1"/>
		<b id="32" c="17 29" t="1"/>
		<b id="33" c="21 30" t="1"/>
		<b id="34" c="21 31" t="1"/>
		<b id="35" c="21 32" t="1"/>
		<b id="36" c="22 33" t="1"/>
		<b id="37" c="22 34" t="1"/>
		<b id="38" c="23 35" t="1"/>
		<b id="39" c="23 36" t="1"/>
	</bonds>
	<geometry>
		<g u="A" t="cart/3d">#36,3:1.1828,0.0527,-0.5916;2.6436,-0.0353,-0.3631;3.2922,-1.1638,-0.2791;4.5978,-0.8334,-0.0721;5.7498,-1.6027,0.0821;5.6944,-2.9438,0.0427;6.9666,-0.9891,0.2709;7.0728,0.4134,0.3041;8.3488,1.0957,0.4876;8.3679,2.4001,0.1905;9.4849,3.0715,0.3351;9.4261,4.7258,-0.0640;10.6488,2.6081,0.7528;10.6697,1.3242,1.0702;9.5443,0.5253,0.9580;9.6404,-0.7629,1.3260;5.9403,1.2119,0.1423;4.7284,0.5789,-0.0334;3.4521,1.0610,-0.2100;3.1027,2.4439,-0.3150;3.2226,2.9744,-1.7281;3.4761,3.3310,0.8389;2.0385,2.9725,0.6030;0.8496,-0.8691,-1.0594;0.9340,0.9023,-1.2220;0.6569,0.1609,0.3567;7.8331,-1.6196,0.3728;11.6081,0.9236,1.4269;6.0377,2.2842,0.1590;4.2486,2.8732,-2.0785;2.9447,4.0238,-1.7623;2.5746,2.4191,-2.4048;3.8062,4.3343,0.6194;3.9718,2.8831,1.6863;1.3702,3.7279,0.2197;1.5743,2.2912,1.2987;</g>
	</geometry>
	<conformers/>
	<properties/>
</molecule>
