<?xml version="1.0" ?>
<!--MOLLI PACKAGE EXPERIMENTAL XML FORMAT-->
<molecule name="el3793">
	<atoms>
		<a id="1" s="C" t="C.3" l="C"/>
		<a id="2" s="C" t="C.ar" l="C"/>
		<a id="3" s="N" t="N.ar" l="N"/>
		<a id="4" s="C" t="C.ar" l="C"/>
		<a id="5" s="C" t="C.ar" l="C"/>
		<a id="6" s="F" t="F" l="F"/>
		<a id="7" s="C" t="C.ar" l="C"/>
		<a id="8" s="C" t="C.ar" l="C"/>
		<a id="9" s="C" t="C.ar" l="C"/>
		<a id="10" s="N" t="N.ar" l="N"/>
		<a id="11" s="C" t="C.ar" l="C"/>
		<a id="12" s="Cl" t="Cl" l="CL"/>
		<a id="13" s="N" t="N.ar" l="N"/>
		<a id="14" s="C" t="C.ar" l="C"/>
		<a id="15" s="C" t="C.ar" l="C"/>
		<a id="16" s="F" t="F" l="F"/>
		<a id="17" s="C" t="C.ar" l="C"/>
		<a id="18" s="C" t="C.ar" l="C"/>
		<a id="19" s="N" t="N.ar" l="N"/>
		<a id="20" s="C" t="C.3" l="C"/>
		<a id="21" s="C" t="C.3" l="C"/>
		<a id="22" s="C" t="C.3" l="C"/>
		<a id="23" s="C" t="C.3" l="C"/>
		<a id="24" s="C" t="C.3" l="C"/>
		<a id="25" s="H" t="H" l="H"/>
		<a id="26" s="H" t="H" l="H"/>
		<a id="27" s="H" t="H" l="H"/>
		<a id="28" s="H" t="H" l="H"/>
		<a id="29" s="H" t="H" l="H"/>
		<a id="30" s="H" t="H" l="H"/>
		<a id="31" s="H" t="H" l="H"/>
		<a id="32" s="H" t="H" l="H"/>
		<a id="33" s="H" t="H" l="H"/>
		<a id="34" s="H" t="H" l="H"/>
		<a id="35" s="H" t="H" l="H"/>
		<a id="36" s="H" t="H" l="H"/>
		<a id="37" s="H" t="H" l="H"/>
		<a id="38" s="H" t="H" l="H"/>
		<a id="39" s="H" t="H" l="H"/>
	</atoms>
	<bonds>
		<b id="1" c="1 2" t="1"/>
		<b id="2" c="2 3" t="ar"/>
		<b id="3" c="3 4" t="ar"/>
		<b id="4" c="4 5" t="ar"/>
		<b id="5" c="5 6" t="1"/>
		<b id="6" c="5 7" t="ar"/>
		<b id="7" c="7 8" t="ar"/>
		<b id="8" c="8 9" t="1"/>
		<b id="9" c="9 10" t="ar"/>
		<b id="10" c="10 11" t="ar"/>
		<b id="11" c="11 12" t="1"/>
		<b id="12" c="11 13" t="ar"/>
		<b id="13" c="13 14" t="ar"/>
		<b id="14" c="14 15" t="ar"/>
		<b id="15" c="9 15" t="ar"/>
		<b id="16" c="15 16" t="1"/>
		<b id="17" c="8 17" t="ar"/>
		<b id="18" c="17 18" t="ar"/>
		<b id="19" c="4 18" t="ar"/>
		<b id="20" c="18 19" t="ar"/>
		<b id="21" c="2 19" t="ar"/>
		<b id="22" c="19 20" t="1"/>
		<b id="23" c="20 21" t="1"/>
		<b id="24" c="20 22" t="1"/>
		<b id="25" c="22 23" t="1"/>
		<b id="26" c="23 24" t="1"/>
		<b id="27" c="22 24" t="1"/>
		<b id="28" c="1 25" t="1"/>
		<b id="29" c="1 26" t="1"/>
		<b id="30" c="1 27" t="1"/>
		<b id="31" c="7 28" t="1"/>
		<b id="32" c="14 29" t="1"/>
		<b id="33" c="17 30" t="1"/>
		<b id="34" c="20 31" t="1"/>
		<b id="35" c="21 32" t="1"/>
		<b id="36" c="21 33" t="1"/>
		<b id="37" c="21 34" t="1"/>
		<b id="38" c="22 35" t="1"/>
		<b id="39" c="23 36" t="1"/>
		<b id="40" c="23 37" t="1"/>
		<b id="41" c="24 38" t="1"/>
		<b id="42" c="24 39" t="1"/>
	</bonds>
	<geometry>
		<g u="A" t="cart/3d">#39,3:1.1247,-0.3975,-0.0297;2.5976,-0.2269,-0.0269;3.4224,-1.2348,-0.0814;4.6725,-0.6979,-0.0388;5.9361,-1.2886,-0.0783;6.0673,-2.6215,-0.1657;7.0563,-0.4982,-0.0296;6.9505,0.9025,0.0645;8.1918,1.6684,0.1089;9.2910,1.0573,-0.3397;10.4331,1.7039,-0.3186;11.7873,0.8651,-0.9143;10.6450,2.9347,0.1134;9.5834,3.5688,0.5819;8.3325,2.9776,0.5996;7.2991,3.6736,1.1122;5.7053,1.5231,0.0935;4.5808,0.7165,0.0457;3.2304,0.9873,0.0466;2.5789,2.2750,0.1529;3.0670,3.0435,1.3852;2.7004,3.1128,-1.1154;2.2788,2.5578,-2.4443;3.7195,2.8765,-2.1887;0.9114,-1.4540,-0.1599;0.6598,0.1638,-0.8387;0.6950,-0.0667,0.9156;8.0359,-0.9448,-0.0658;9.7378,4.5715,0.9553;5.6175,2.5946,0.1079;1.5131,2.0611,0.3023;4.0650,3.4442,1.2439;3.0762,2.3894,2.2541;2.3925,3.8722,1.5848;2.4398,4.1474,-0.9262;1.7123,3.1863,-3.1138;2.0055,1.5143,-2.4949;4.1500,3.7416,-2.6699;4.4062,2.0503,-2.0986;</g>
	</geometry>
	<conformers/>
	<properties/>
</molecule>
