<?xml version="1.0" ?>
<!--MOLLI PACKAGE EXPERIMENTAL XML FORMAT-->
<molecule name="el3794">
	<atoms>
		<a id="1" s="C" t="C.3" l="C"/>
		<a id="2" s="C" t="C.3" l="C"/>
		<a id="3" s="C" t="C.3" l="C"/>
		<a id="4" s="C" t="C.3" l="C"/>
		<a id="5" s="C" t="C.3" l="C"/>
		<a id="6" s="N" t="N.ar" l="N"/>
		<a id="7" s="C" t="C.ar" l="C"/>
		<a id="8" s="C" t="C.3" l="C"/>
		<a id="9" s="N" t="N.ar" l="N"/>
		<a id="10" s="C" t="C.ar" l="C"/>
		<a id="11" s="C" t="C.ar" l="C"/>
		<a id="12" s="F" t="F" l="F"/>
		<a id="13" s="C" t="C.ar" l="C"/>
		<a id="14" s="C" t="C.ar" l="C"/>
		<a id="15" s="C" t="C.ar" l="C"/>
		<a id="16" s="N" t="N.ar" l="N"/>
		<a id="17" s="C" t="C.ar" l="C"/>
		<a id="18" s="Cl" t="Cl" l="CL"/>
		<a id="19" s="N" t="N.ar" l="N"/>
		<a id="20" s="C" t="C.ar" l="C"/>
		<a id="21" s="C" t="C.ar" l="C"/>
		<a id="22" s="F" t="F" l="F"/>
		<a id="23" s="C" t="C.ar" l="C"/>
		<a id="24" s="C" t="C.ar" l="C"/>
		<a id="25" s="H" t="H" l="H"/>
		<a id="26" s="H" t="H" l="H"/>
		<a id="27" s="H" t="H" l="H"/>
		<a id="28" s="H" t="H" l="H"/>
		<a id="29" s="H" t="H" l="H"/>
		<a id="30" s="H" t="H" l="H"/>
		<a id="31" s="H" t="H" l="H"/>
		<a id="32" s="H" t="H" l="H"/>
		<a id="33" s="H" t="H" l="H"/>
		<a id="34" s="H" t="H" l="H"/>
		<a id="35" s="H" t="H" l="H"/>
		<a id="36" s="H" t="H" l="H"/>
		<a id="37" s="H" t="H" l="H"/>
		<a id="38" s="H" t="H" l="H"/>
		<a id="39" s="H" t="H" l="H"/>
		<a id="40" s="H" t="H" l="H"/>
		<a id="41" s="H" t="H" l="H"/>
	</atoms>
	<bonds>
		<b id="1" c="1 2" t="1"/>
		<b id="2" c="2 3" t="1"/>
		<b id="3" c="3 4" t="1"/>
		<b id="4" c="4 5" t="1"/>
		<b id="5" c="3 6" t="1"/>
		<b id="6" c="6 7" t="ar"/>
		<b id="7" c="7 8" t="1"/>
		<b id="8" c="7 9" t="ar"/>
		<b id="9" c="9 10" t="ar"/>
		<b id="10" c="10 11" t="ar"/>
		<b id="11" c="11 12" t="1"/>
		<b id="12" c="11 13" t="ar"/>
		<b id="13" c="13 14" t="ar"/>
		<b id="14" c="14 15" t="1"/>
		<b id="15" c="15 16" t="ar"/>
		<b id="16" c="16 17" t="ar"/>
		<b id="17" c="17 18" t="1"/>
		<b id="18" c="17 19" t="ar"/>
		<b id="19" c="19 20" t="ar"/>
		<b id="20" c="20 21" t="ar"/>
		<b id="21" c="15 21" t="ar"/>
		<b id="22" c="21 22" t="1"/>
		<b id="23" c="14 23" t="ar"/>
		<b id="24" c="23 24" t="ar"/>
		<b id="25" c="10 24" t="ar"/>
		<b id="26" c="6 24" t="ar"/>
		<b id="27" c="1 25" t="1"/>
		<b id="28" c="1 26" t="1"/>
		<b id="29" c="1 27" t="1"/>
		<b id="30" c="2 28" t="1"/>
		<b id="31" c="2 29" t="1"/>
		<b id="32" c="3 30" t="1"/>
		<b id="33" c="4 31" t="1"/>
		<b id="34" c="4 32" t="1"/>
		<b id="35" c="5 33" t="1"/>
		<b id="36" c="5 34" t="1"/>
		<b id="37" c="5 35" t="1"/>
		<b id="38" c="8 36" t="1"/>
		<b id="39" c="8 37" t="1"/>
		<b id="40" c="8 38" t="1"/>
		<b id="41" c="13 39" t="1"/>
		<b id="42" c="20 40" t="1"/>
		<b id="43" c="23 41" t="1"/>
	</bonds>
	<geometry>
		<g u="A" t="cart/3d">#41,3:0.9108,0.5788,-0.5150;2.3447,0.2219,-0.1357;3.0583,1.3939,0.5443;2.6155,1.6511,1.9966;3.0199,0.5680,2.9889;4.5080,1.3030,0.4784;5.3774,0.2435,0.5286;5.0230,-1.1964,0.5704;6.6314,0.6116,0.5222;6.6320,1.9702,0.4789;7.6622,2.9094,0.4660;8.9476,2.5222,0.5012;7.3678,4.2518,0.4250;6.0330,4.6948,0.4006;5.6835,6.1104,0.3772;4.4260,6.4147,0.7177;4.0531,7.6722,0.7201;2.4380,7.9775,1.1652;4.7891,8.7257,0.4171;6.0358,8.4663,0.0587;6.5305,7.1738,0.0201;7.7986,6.9877,-0.3810;4.9812,3.7790,0.4231;5.2927,2.4354,0.4567;0.4472,-0.2564,-1.0339;0.8885,1.4445,-1.1733;0.3142,0.8011,0.3657;2.8910,-0.0311,-1.0465;2.3318,-0.6537,0.5108;2.8032,2.2928,-0.0330;1.5319,1.7713,2.0074;3.0550,2.5982,2.3176;2.5502,-0.3840,2.7530;2.7047,0.8553,3.9890;4.0999,0.4384,3.0025;4.3206,-1.4169,1.3693;5.9431,-1.7487,0.7403;4.5942,-1.5221,-0.3752;8.1895,4.9473,0.4324;6.6544,9.3120,-0.2071;3.9698,4.1503,0.4136;</g>
	</geometry>
	<conformers/>
	<properties/>
</molecule>
