<?xml version="1.0" ?>
<!--MOLLI PACKAGE EXPERIMENTAL XML FORMAT-->
<molecule name="el3795">
	<atoms>
		<a id="1" s="C" t="C.3" l="C"/>
		<a id="2" s="C" t="C.ar" l="C"/>
		<a id="3" s="N" t="N.ar" l="N"/>
		<a id="4" s="C" t="C.ar" l="C"/>
		<a id="5" s="C" t="C.ar" l="C"/>
		<a id="6" s="F" t="F" l="F"/>
		<a id="7" s="C" t="C.ar" l="C"/>
		<a id="8" s="C" t="C.ar" l="C"/>
		<a id="9" s="C" t="C.ar" l="C"/>
		<a id="10" s="N" t="N.ar" l="N"/>
		<a id="11" s="C" t="C.ar" l="C"/>
		<a id="12" s="Cl" t="Cl" l="CL"/>
		<a id="13" s="N" t="N.ar" l="N"/>
		<a id="14" s="C" t="C.ar" l="C"/>
		<a id="15" s="C" t="C.ar" l="C"/>
		<a id="16" s="F" t="F" l="F"/>
		<a id="17" s="C" t="C.ar" l="C"/>
		<a id="18" s="C" t="C.ar" l="C"/>
		<a id="19" s="N" t="N.ar" l="N"/>
		<a id="20" s="C" t="C.3" l="C"/>
		<a id="21" s="C" t="C.3" l="C"/>
		<a id="22" s="C" t="C.3" l="C"/>
		<a id="23" s="C" t="C.3" l="C"/>
		<a id="24" s="C" t="C.3" l="C"/>
		<a id="25" s="C" t="C.3" l="C"/>
		<a id="26" s="H" t="H" l="H"/>
		<a id="27" s="H" t="H" l="H"/>
		<a id="28" s="H" t="H" l="H"/>
		<a id="29" s="H" t="H" l="H"/>
		<a id="30" s="H" t="H" l="H"/>
		<a id="31" s="H" t="H" l="H"/>
		<a id="32" s="H" t="H" l="H"/>
		<a id="33" s="H" t="H" l="H"/>
		<a id="34" s="H" t="H" l="H"/>
		<a id="35" s="H" t="H" l="H"/>
		<a id="36" s="H" t="H" l="H"/>
		<a id="37" s="H" t="H" l="H"/>
		<a id="38" s="H" t="H" l="H"/>
		<a id="39" s="H" t="H" l="H"/>
		<a id="40" s="H" t="H" l="H"/>
		<a id="41" s="H" t="H" l="H"/>
		<a id="42" s="H" t="H" l="H"/>
	</atoms>
	<bonds>
		<b id="1" c="1 2" t="1"/>
		<b id="2" c="2 3" t="ar"/>
		<b id="3" c="3 4" t="ar"/>
		<b id="4" c="4 5" t="ar"/>
		<b id="5" c="5 6" t="1"/>
		<b id="6" c="5 7" t="ar"/>
		<b id="7" c="7 8" t="ar"/>
		<b id="8" c="8 9" t="1"/>
		<b id="9" c="9 10" t="ar"/>
		<b id="10" c="10 11" t="ar"/>
		<b id="11" c="11 12" t="1"/>
		<b id="12" c="11 13" t="ar"/>
		<b id="13" c="13 14" t="ar"/>
		<b id="14" c="14 15" t="ar"/>
		<b id="15" c="9 15" t="ar"/>
		<b id="16" c="15 16" t="1"/>
		<b id="17" c="8 17" t="ar"/>
		<b id="18" c="17 18" t="ar"/>
		<b id="19" c="4 18" t="ar"/>
		<b id="20" c="18 19" t="ar"/>
		<b id="21" c="2 19" t="ar"/>
		<b id="22" c="19 20" t="1"/>
		<b id="23" c="20 21" t="1"/>
		<b id="24" c="21 22" t="1"/>
		<b id="25" c="22 23" t="1"/>
		<b id="26" c="23 24" t="1"/>
		<b id="27" c="24 25" t="1"/>
		<b id="28" c="20 25" t="1"/>
		<b id="29" c="1 26" t="1"/>
		<b id="30" c="1 27" t="1"/>
		<b id="31" c="1 28" t="1"/>
		<b id="32" c="7 29" t="1"/>
		<b id="33" c="14 30" t="1"/>
		<b id="34" c="17 31" t="1"/>
		<b id="35" c="20 32" t="1"/>
		<b id="36" c="21 33" t="1"/>
		<b id="37" c="21 34" t="1"/>
		<b id="38" c="22 35" t="1"/>
		<b id="39" c="22 36" t="1"/>
		<b id="40" c="23 37" t="1"/>
		<b id="41" c="23 38" t="1"/>
		<b id="42" c="24 39" t="1"/>
		<b id="43" c="24 40" t="1"/>
		<b id="44" c="25 41" t="1"/>
		<b id="45" c="25 42" t="1"/>
	</bonds>
	<geometry>
		<g u="A" t="cart/3d">#42,3:1.1032,-0.1026,-0.0901;2.5842,-0.0917,-0.0310;3.2978,-1.1823,0.0263;4.5959,-0.7762,0.0640;5.7901,-1.4927,0.1234;5.7846,-2.8352,0.1487;6.9931,-0.8279,0.1506;7.0340,0.5772,0.1140;8.2860,1.3249,0.1191;8.2013,2.6185,-0.2137;9.2924,3.3451,-0.2376;9.0969,4.9813,-0.6675;10.5233,2.9501,0.0310;10.6495,1.6806,0.3802;9.5600,0.8283,0.4450;9.7684,-0.4396,0.8354;5.8552,1.3204,0.0481;4.6524,0.6439,0.0270;3.3387,1.0512,-0.0321;2.8428,2.4099,-0.0878;3.3189,3.1278,-1.3543;2.7322,4.5358,-1.4039;3.1257,5.3224,-0.1572;2.6441,4.6043,1.0999;3.2302,3.1969,1.1679;0.7741,-1.1371,-0.0808;0.7461,0.3755,-1.0016;0.6749,0.4139,0.7681;7.8930,-1.4176,0.1839;11.6466,1.3352,0.6168;5.9335,2.3932,0.0154;1.7499,2.3453,-0.1240;3.0092,2.5572,-2.2330;4.4069,3.1882,-1.3626;1.6429,4.4769,-1.4674;3.0914,5.0485,-2.2974;2.6939,6.3236,-0.1996;4.2119,5.4275,-0.1223;1.5529,4.5463,1.0897;2.9399,5.1654,1.9875;2.8598,2.6740,2.0530;4.3152,3.2601,1.2477;</g>
	</geometry>
	<conformers/>
	<properties/>
</molecule>
