<?xml version="1.0" ?>
<!--MOLLI PACKAGE EXPERIMENTAL XML FORMAT-->
<molecule name="el3797">
	<atoms>
		<a id="1" s="C" t="C.3" l="C"/>
		<a id="2" s="C" t="C.ar" l="C"/>
		<a id="3" s="C" t="C.ar" l="C"/>
		<a id="4" s="C" t="C.ar" l="C"/>
		<a id="5" s="C" t="C.ar" l="C"/>
		<a id="6" s="S" t="S.O2" l="S"/>
		<a id="7" s="O" t="O.2" l="O"/>
		<a id="8" s="O" t="O.2" l="O"/>
		<a id="9" s="N" t="N.ar" l="N"/>
		<a id="10" s="C" t="C.ar" l="C"/>
		<a id="11" s="C" t="C.ar" l="C"/>
		<a id="12" s="C" t="C.ar" l="C"/>
		<a id="13" s="C" t="C.ar" l="C"/>
		<a id="14" s="N" t="N.pl3" l="N"/>
		<a id="15" s="C" t="C.ar" l="C"/>
		<a id="16" s="C" t="C.ar" l="C"/>
		<a id="17" s="C" t="C.ar" l="C"/>
		<a id="18" s="C" t="C.ar" l="C"/>
		<a id="19" s="C" t="C.ar" l="C"/>
		<a id="20" s="C" t="C.ar" l="C"/>
		<a id="21" s="P" t="P.3" l="P"/>
		<a id="22" s="C" t="C.3" l="C"/>
		<a id="23" s="C" t="C.3" l="C"/>
		<a id="24" s="O" t="O.2" l="O"/>
		<a id="25" s="N" t="N.ar" l="N"/>
		<a id="26" s="C" t="C.ar" l="C"/>
		<a id="27" s="Cl" t="Cl" l="CL"/>
		<a id="28" s="N" t="N.ar" l="N"/>
		<a id="29" s="C" t="C.ar" l="C"/>
		<a id="30" s="C" t="C.ar" l="C"/>
		<a id="31" s="C" t="C.ar" l="C"/>
		<a id="32" s="H" t="H" l="H"/>
		<a id="33" s="H" t="H" l="H"/>
		<a id="34" s="H" t="H" l="H"/>
		<a id="35" s="H" t="H" l="H"/>
		<a id="36" s="H" t="H" l="H"/>
		<a id="37" s="H" t="H" l="H"/>
		<a id="38" s="H" t="H" l="H"/>
		<a id="39" s="H" t="H" l="H"/>
		<a id="40" s="H" t="H" l="H"/>
		<a id="41" s="H" t="H" l="H"/>
		<a id="42" s="H" t="H" l="H"/>
		<a id="43" s="H" t="H" l="H"/>
		<a id="44" s="H" t="H" l="H"/>
		<a id="45" s="H" t="H" l="H"/>
		<a id="46" s="H" t="H" l="H"/>
		<a id="47" s="H" t="H" l="H"/>
		<a id="48" s="H" t="H" l="H"/>
		<a id="49" s="H" t="H" l="H"/>
		<a id="50" s="H" t="H" l="H"/>
		<a id="51" s="H" t="H" l="H"/>
	</atoms>
	<bonds>
		<b id="1" c="1 2" t="1"/>
		<b id="2" c="2 3" t="ar"/>
		<b id="3" c="3 4" t="ar"/>
		<b id="4" c="4 5" t="ar"/>
		<b id="5" c="5 6" t="1"/>
		<b id="6" c="6 7" t="2"/>
		<b id="7" c="6 8" t="2"/>
		<b id="8" c="6 9" t="1"/>
		<b id="9" c="9 10" t="ar"/>
		<b id="10" c="10 11" t="ar"/>
		<b id="11" c="11 12" t="ar"/>
		<b id="12" c="12 13" t="ar"/>
		<b id="13" c="13 14" t="1"/>
		<b id="14" c="14 15" t="1"/>
		<b id="15" c="15 16" t="ar"/>
		<b id="16" c="16 17" t="ar"/>
		<b id="17" c="17 18" t="ar"/>
		<b id="18" c="18 19" t="ar"/>
		<b id="19" c="19 20" t="ar"/>
		<b id="20" c="15 20" t="ar"/>
		<b id="21" c="20 21" t="1"/>
		<b id="22" c="21 22" t="1"/>
		<b id="23" c="21 23" t="1"/>
		<b id="24" c="21 24" t="2"/>
		<b id="25" c="13 25" t="ar"/>
		<b id="26" c="25 26" t="ar"/>
		<b id="27" c="26 27" t="1"/>
		<b id="28" c="26 28" t="ar"/>
		<b id="29" c="28 29" t="ar"/>
		<b id="30" c="12 29" t="ar"/>
		<b id="31" c="9 29" t="ar"/>
		<b id="32" c="5 30" t="ar"/>
		<b id="33" c="30 31" t="ar"/>
		<b id="34" c="2 31" t="ar"/>
		<b id="35" c="1 32" t="1"/>
		<b id="36" c="1 33" t="1"/>
		<b id="37" c="1 34" t="1"/>
		<b id="38" c="3 35" t="1"/>
		<b id="39" c="4 36" t="1"/>
		<b id="40" c="10 37" t="1"/>
		<b id="41" c="11 38" t="1"/>
		<b id="42" c="14 39" t="1"/>
		<b id="43" c="16 40" t="1"/>
		<b id="44" c="17 41" t="1"/>
		<b id="45" c="18 42" t="1"/>
		<b id="46" c="19 43" t="1"/>
		<b id="47" c="22 44" t="1"/>
		<b id="48" c="22 45" t="1"/>
		<b id="49" c="22 46" t="1"/>
		<b id="50" c="23 47" t="1"/>
		<b id="51" c="23 48" t="1"/>
		<b id="52" c="23 49" t="1"/>
		<b id="53" c="30 50" t="1"/>
		<b id="54" c="31 51" t="1"/>
	</bonds>
	<geometry>
		<g u="A" t="cart/3d">#51,3:1.6485,0.2552,-1.9826;0.3967,0.2585,-1.1615;-0.7903,-0.2663,-1.6578;-1.9475,-0.2404,-0.8977;-1.9011,0.3094,0.3651;-3.3981,0.4590,1.3117;-4.4540,-0.3250,0.7578;-3.1421,0.3735,2.7170;-3.7654,2.1168,1.0313;-4.1066,3.0758,1.9650;-4.3566,4.2659,1.3585;-4.1643,4.0573,-0.0378;-4.2671,4.8059,-1.2297;-4.6373,6.1025,-1.1688;-4.8832,7.0219,-2.1693;-4.8972,6.6740,-3.5222;-5.1736,7.6221,-4.4861;-5.4364,8.9365,-4.1297;-5.4198,9.2903,-2.7951;-5.1513,8.3526,-1.8054;-5.1409,8.9374,-0.0787;-3.8542,10.2413,-0.0229;-6.7378,9.7971,0.1831;-4.9187,7.8923,0.9447;-3.9825,4.2070,-2.3903;-3.6131,2.9420,-2.3729;-3.2184,2.2774,-3.8906;-3.4980,2.1226,-1.3529;-3.7941,2.7052,-0.1912;-0.7330,0.8229,0.8945;0.4156,0.7920,0.1268;1.4650,-0.1473,-2.9751;2.4164,-0.3463,-1.4983;2.0357,1.2679,-2.0825;-0.8162,-0.6864,-2.6521;-2.8832,-0.6251,-1.2674;-4.1370,2.7902,2.9967;-4.6391,5.1837,1.8351;-4.7369,6.4744,-0.2252;-4.6860,5.6540,-3.7946;-5.1855,7.3322,-5.5260;-5.6504,9.6786,-4.8837;-5.6192,10.3138,-2.5122;-2.8905,9.7691,-0.2078;-3.8490,10.6656,0.9811;-4.0250,11.0222,-0.7560;-6.9302,10.5715,-0.5509;-6.7129,10.2285,1.1820;-7.5280,9.0493,0.1454;-0.7409,1.2288,1.8936;1.3383,1.1897,0.5215;</g>
	</geometry>
	<conformers/>
	<properties/>
</molecule>
