<?xml version="1.0" ?>
<!--MOLLI PACKAGE EXPERIMENTAL XML FORMAT-->
<molecule name="el3798">
	<atoms>
		<a id="1" s="C" t="C.3" l="C"/>
		<a id="2" s="C" t="C.ar" l="C"/>
		<a id="3" s="C" t="C.ar" l="C"/>
		<a id="4" s="C" t="C.ar" l="C"/>
		<a id="5" s="C" t="C.ar" l="C"/>
		<a id="6" s="S" t="S.O2" l="S"/>
		<a id="7" s="O" t="O.2" l="O"/>
		<a id="8" s="O" t="O.2" l="O"/>
		<a id="9" s="N" t="N.ar" l="N"/>
		<a id="10" s="C" t="C.ar" l="C"/>
		<a id="11" s="C" t="C.ar" l="C"/>
		<a id="12" s="C" t="C.ar" l="C"/>
		<a id="13" s="C" t="C.ar" l="C"/>
		<a id="14" s="N" t="N.pl3" l="N"/>
		<a id="15" s="C" t="C.ar" l="C"/>
		<a id="16" s="C" t="C.ar" l="C"/>
		<a id="17" s="C" t="C.ar" l="C"/>
		<a id="18" s="C" t="C.ar" l="C"/>
		<a id="19" s="N" t="N.ar" l="N"/>
		<a id="20" s="C" t="C.3" l="C"/>
		<a id="21" s="C" t="C.ar" l="C"/>
		<a id="22" s="O" t="O.2" l="O"/>
		<a id="23" s="N" t="N.ar" l="N"/>
		<a id="24" s="C" t="C.ar" l="C"/>
		<a id="25" s="Cl" t="Cl" l="CL"/>
		<a id="26" s="N" t="N.ar" l="N"/>
		<a id="27" s="C" t="C.ar" l="C"/>
		<a id="28" s="C" t="C.ar" l="C"/>
		<a id="29" s="C" t="C.ar" l="C"/>
		<a id="30" s="H" t="H" l="H"/>
		<a id="31" s="H" t="H" l="H"/>
		<a id="32" s="H" t="H" l="H"/>
		<a id="33" s="H" t="H" l="H"/>
		<a id="34" s="H" t="H" l="H"/>
		<a id="35" s="H" t="H" l="H"/>
		<a id="36" s="H" t="H" l="H"/>
		<a id="37" s="H" t="H" l="H"/>
		<a id="38" s="H" t="H" l="H"/>
		<a id="39" s="H" t="H" l="H"/>
		<a id="40" s="H" t="H" l="H"/>
		<a id="41" s="H" t="H" l="H"/>
		<a id="42" s="H" t="H" l="H"/>
		<a id="43" s="H" t="H" l="H"/>
		<a id="44" s="H" t="H" l="H"/>
		<a id="45" s="H" t="H" l="H"/>
	</atoms>
	<bonds>
		<b id="1" c="1 2" t="1"/>
		<b id="2" c="2 3" t="ar"/>
		<b id="3" c="3 4" t="ar"/>
		<b id="4" c="4 5" t="ar"/>
		<b id="5" c="5 6" t="1"/>
		<b id="6" c="6 7" t="2"/>
		<b id="7" c="6 8" t="2"/>
		<b id="8" c="6 9" t="1"/>
		<b id="9" c="9 10" t="ar"/>
		<b id="10" c="10 11" t="ar"/>
		<b id="11" c="11 12" t="ar"/>
		<b id="12" c="12 13" t="ar"/>
		<b id="13" c="13 14" t="1"/>
		<b id="14" c="14 15" t="1"/>
		<b id="15" c="15 16" t="ar"/>
		<b id="16" c="16 17" t="ar"/>
		<b id="17" c="17 18" t="ar"/>
		<b id="18" c="18 19" t="ar"/>
		<b id="19" c="19 20" t="1"/>
		<b id="20" c="19 21" t="ar"/>
		<b id="21" c="15 21" t="ar"/>
		<b id="22" c="21 22" t="2"/>
		<b id="23" c="13 23" t="ar"/>
		<b id="24" c="23 24" t="ar"/>
		<b id="25" c="24 25" t="1"/>
		<b id="26" c="24 26" t="ar"/>
		<b id="27" c="26 27" t="ar"/>
		<b id="28" c="12 27" t="ar"/>
		<b id="29" c="9 27" t="ar"/>
		<b id="30" c="5 28" t="ar"/>
		<b id="31" c="28 29" t="ar"/>
		<b id="32" c="2 29" t="ar"/>
		<b id="33" c="1 30" t="1"/>
		<b id="34" c="1 31" t="1"/>
		<b id="35" c="1 32" t="1"/>
		<b id="36" c="3 33" t="1"/>
		<b id="37" c="4 34" t="1"/>
		<b id="38" c="10 35" t="1"/>
		<b id="39" c="11 36" t="1"/>
		<b id="40" c="14 37" t="1"/>
		<b id="41" c="16 38" t="1"/>
		<b id="42" c="17 39" t="1"/>
		<b id="43" c="18 40" t="1"/>
		<b id="44" c="20 41" t="1"/>
		<b id="45" c="20 42" t="1"/>
		<b id="46" c="20 43" t="1"/>
		<b id="47" c="28 44" t="1"/>
		<b id="48" c="29 45" t="1"/>
	</bonds>
	<geometry>
		<g u="A" t="cart/3d">#45,3:2.1431,0.4383,-0.6899;0.6710,0.2469,-0.5021;-0.1355,-0.1260,-1.5738;-1.5021,-0.2609,-1.4148;-2.0544,-0.0236,-0.1727;-3.8146,-0.0969,0.0329;-4.4628,-0.6050,-1.1333;-4.1792,-0.6380,1.3062;-4.1991,1.5839,0.1518;-5.2175,2.1367,0.8999;-5.2835,3.4797,0.6983;-4.2526,3.8032,-0.2301;-3.7392,4.9498,-0.8729;-4.2830,6.1652,-0.6622;-3.9567,7.3939,-1.2021;-2.9613,7.6576,-2.0983;-2.7834,8.9809,-2.5493;-3.5987,9.9627,-2.0869;-4.5869,9.7095,-1.1880;-5.4268,10.7939,-0.7271;-4.8303,8.4455,-0.6982;-5.7264,8.2220,0.1136;-2.6933,4.8165,-1.6967;-2.1870,3.6147,-1.8818;-0.8414,3.5361,-2.9251;-2.5664,2.4668,-1.3694;-3.6072,2.5865,-0.5437;-1.2803,0.3349,0.9120;0.0860,0.4675,0.7421;2.5145,-0.1736,-1.5102;2.6882,0.1895,0.2193;2.3457,1.4846,-0.9308;0.3117,-0.2974,-2.5415;-2.1506,-0.5318,-2.2316;-5.8021,1.4900,1.5225;-5.9788,4.1576,1.1522;-5.0741,6.2312,-0.0232;-2.3295,6.8607,-2.4509;-2.0063,9.2105,-3.2587;-3.5065,10.9904,-2.4029;-6.0602,11.1572,-1.5377;-4.8152,11.6131,-0.3512;-6.0562,10.4068,0.0735;-1.7545,0.5016,1.8666;0.7059,0.7525,1.5797;</g>
	</geometry>
	<conformers/>
	<properties/>
</molecule>
