<?xml version="1.0" ?>
<!--MOLLI PACKAGE EXPERIMENTAL XML FORMAT-->
<molecule name="el3620">
	<atoms>
		<a id="1" s="C" t="C.3" l="C"/>
		<a id="2" s="C" t="C.3" l="C"/>
		<a id="3" s="C" t="C.3" l="C"/>
		<a id="4" s="C" t="C.3" l="C"/>
		<a id="5" s="O" t="O.3" l="O"/>
		<a id="6" s="C" t="C.2" l="C"/>
		<a id="7" s="O" t="O.2" l="O"/>
		<a id="8" s="N" t="N.am" l="N"/>
		<a id="9" s="C" t="C.3" l="C"/>
		<a id="10" s="C" t="C.3" l="C"/>
		<a id="11" s="N" t="N.pl3" l="N"/>
		<a id="12" s="C" t="C.ar" l="C"/>
		<a id="13" s="C" t="C.ar" l="C"/>
		<a id="14" s="C" t="C.ar" l="C"/>
		<a id="15" s="C" t="C.ar" l="C"/>
		<a id="16" s="N" t="N.pl3" l="N"/>
		<a id="17" s="C" t="C.ar" l="C"/>
		<a id="18" s="N" t="N.ar" l="N"/>
		<a id="19" s="C" t="C.ar" l="C"/>
		<a id="20" s="Cl" t="Cl" l="CL"/>
		<a id="21" s="N" t="N.ar" l="N"/>
		<a id="22" s="C" t="C.ar" l="C"/>
		<a id="23" s="C" t="C.ar" l="C"/>
		<a id="24" s="F" t="F" l="F"/>
		<a id="25" s="C" t="C.ar" l="C"/>
		<a id="26" s="C" t="C.ar" l="C"/>
		<a id="27" s="C" t="C.3" l="C"/>
		<a id="28" s="C" t="C.3" l="C"/>
		<a id="29" s="H" t="H" l="H"/>
		<a id="30" s="H" t="H" l="H"/>
		<a id="31" s="H" t="H" l="H"/>
		<a id="32" s="H" t="H" l="H"/>
		<a id="33" s="H" t="H" l="H"/>
		<a id="34" s="H" t="H" l="H"/>
		<a id="35" s="H" t="H" l="H"/>
		<a id="36" s="H" t="H" l="H"/>
		<a id="37" s="H" t="H" l="H"/>
		<a id="38" s="H" t="H" l="H"/>
		<a id="39" s="H" t="H" l="H"/>
		<a id="40" s="H" t="H" l="H"/>
		<a id="41" s="H" t="H" l="H"/>
		<a id="42" s="H" t="H" l="H"/>
		<a id="43" s="H" t="H" l="H"/>
		<a id="44" s="H" t="H" l="H"/>
		<a id="45" s="H" t="H" l="H"/>
		<a id="46" s="H" t="H" l="H"/>
		<a id="47" s="H" t="H" l="H"/>
		<a id="48" s="H" t="H" l="H"/>
		<a id="49" s="H" t="H" l="H"/>
		<a id="50" s="H" t="H" l="H"/>
		<a id="51" s="H" t="H" l="H"/>
	</atoms>
	<bonds>
		<b id="1" c="1 2" t="1"/>
		<b id="2" c="2 3" t="1"/>
		<b id="3" c="2 4" t="1"/>
		<b id="4" c="2 5" t="1"/>
		<b id="5" c="5 6" t="1"/>
		<b id="6" c="6 7" t="2"/>
		<b id="7" c="6 8" t="am"/>
		<b id="8" c="8 9" t="1"/>
		<b id="9" c="9 10" t="1"/>
		<b id="10" c="10 11" t="1"/>
		<b id="11" c="11 12" t="1"/>
		<b id="12" c="12 13" t="ar"/>
		<b id="13" c="13 14" t="ar"/>
		<b id="14" c="14 15" t="ar"/>
		<b id="15" c="15 16" t="1"/>
		<b id="16" c="16 17" t="1"/>
		<b id="17" c="17 18" t="ar"/>
		<b id="18" c="18 19" t="ar"/>
		<b id="19" c="19 20" t="1"/>
		<b id="20" c="19 21" t="ar"/>
		<b id="21" c="21 22" t="ar"/>
		<b id="22" c="22 23" t="ar"/>
		<b id="23" c="17 23" t="ar"/>
		<b id="24" c="23 24" t="1"/>
		<b id="25" c="15 25" t="ar"/>
		<b id="26" c="25 26" t="ar"/>
		<b id="27" c="12 26" t="ar"/>
		<b id="28" c="11 27" t="1"/>
		<b id="29" c="27 28" t="1"/>
		<b id="30" c="8 28" t="1"/>
		<b id="31" c="1 29" t="1"/>
		<b id="32" c="1 30" t="1"/>
		<b id="33" c="1 31" t="1"/>
		<b id="34" c="3 32" t="1"/>
		<b id="35" c="3 33" t="1"/>
		<b id="36" c="3 34" t="1"/>
		<b id="37" c="4 35" t="1"/>
		<b id="38" c="4 36" t="1"/>
		<b id="39" c="4 37" t="1"/>
		<b id="40" c="9 38" t="1"/>
		<b id="41" c="9 39" t="1"/>
		<b id="42" c="10 40" t="1"/>
		<b id="43" c="10 41" t="1"/>
		<b id="44" c="13 42" t="1"/>
		<b id="45" c="14 43" t="1"/>
		<b id="46" c="16 44" t="1"/>
		<b id="47" c="22 45" t="1"/>
		<b id="48" c="25 46" t="1"/>
		<b id="49" c="26 47" t="1"/>
		<b id="50" c="27 48" t="1"/>
		<b id="51" c="27 49" t="1"/>
		<b id="52" c="28 50" t="1"/>
		<b id="53" c="28 51" t="1"/>
	</bonds>
	<geometry>
		<g u="A" t="cart/3d">#51,3:4.1230,-1.2626,-0.9005;3.0693,-0.9924,0.1725;2.3915,0.3592,-0.0508;2.0307,-2.1154,0.1955;3.6628,-1.0422,1.4922;4.6524,-0.1944,1.8231;5.1193,0.6654,1.1107;5.1145,-0.4420,3.0780;4.4494,-1.2983,4.0346;3.7641,-0.4162,5.0907;4.7109,0.4662,5.7352;5.3879,0.0761,6.8783;5.2719,-1.2074,7.4265;5.8988,-1.5376,8.6096;6.6764,-0.6086,9.2941;7.2833,-1.0205,10.4835;8.0832,-0.3534,11.3311;8.4420,0.9164,11.1213;9.2297,1.4839,12.0114;9.6498,3.1015,11.6873;9.7261,0.9595,13.1087;9.3894,-0.3098,13.3511;8.5761,-1.0007,12.4950;8.2260,-2.2889,12.7277;6.8013,0.6727,8.7650;6.1652,1.0015,7.5888;5.3497,1.3231,4.7568;6.0533,0.4781,3.6819;3.6460,-1.3160,-1.8750;4.6267,-2.2060,-0.7005;4.8608,-0.4654,-0.9099;1.8791,0.3580,-1.0085;3.1331,1.1531,-0.0471;1.6658,0.5491,0.7376;1.5181,-2.1655,-0.7602;1.3008,-1.9344,0.9805;2.5167,-3.0684,0.3880;5.2057,-1.9322,4.5110;3.7246,-1.9245,3.5180;3.2420,-1.0183,5.8330;3.0235,0.2144,4.5851;4.6960,-1.9726,6.9315;5.7884,-2.5390,9.0031;7.0834,-1.9778,10.7483;9.7900,-0.7552,14.2497;7.3900,1.4068,9.2870;6.2595,2.0141,7.2304;6.0762,1.9788,5.2300;4.5787,1.9388,4.2815;6.8638,-0.0985,4.1415;6.4566,1.1145,2.8937;</g>
	</geometry>
	<conformers/>
	<properties/>
</molecule>
