<?xml version="1.0" ?>
<!--MOLLI PACKAGE EXPERIMENTAL XML FORMAT-->
<molecule name="el3801">
	<atoms>
		<a id="1" s="C" t="C.3" l="C"/>
		<a id="2" s="C" t="C.ar" l="C"/>
		<a id="3" s="C" t="C.ar" l="C"/>
		<a id="4" s="C" t="C.ar" l="C"/>
		<a id="5" s="C" t="C.ar" l="C"/>
		<a id="6" s="C" t="C.ar" l="C"/>
		<a id="7" s="C" t="C.ar" l="C"/>
		<a id="8" s="O" t="O.3" l="O"/>
		<a id="9" s="C" t="C.ar" l="C"/>
		<a id="10" s="C" t="C.ar" l="C"/>
		<a id="11" s="C" t="C.ar" l="C"/>
		<a id="12" s="N" t="N.ar" l="N"/>
		<a id="13" s="C" t="C.ar" l="C"/>
		<a id="14" s="Cl" t="Cl" l="CL"/>
		<a id="15" s="N" t="N.ar" l="N"/>
		<a id="16" s="H" t="H" l="H"/>
		<a id="17" s="H" t="H" l="H"/>
		<a id="18" s="H" t="H" l="H"/>
		<a id="19" s="H" t="H" l="H"/>
		<a id="20" s="H" t="H" l="H"/>
		<a id="21" s="H" t="H" l="H"/>
		<a id="22" s="H" t="H" l="H"/>
		<a id="23" s="H" t="H" l="H"/>
		<a id="24" s="H" t="H" l="H"/>
	</atoms>
	<bonds>
		<b id="1" c="1 2" t="1"/>
		<b id="2" c="2 3" t="ar"/>
		<b id="3" c="3 4" t="ar"/>
		<b id="4" c="4 5" t="ar"/>
		<b id="5" c="5 6" t="ar"/>
		<b id="6" c="6 7" t="ar"/>
		<b id="7" c="2 7" t="ar"/>
		<b id="8" c="7 8" t="1"/>
		<b id="9" c="8 9" t="1"/>
		<b id="10" c="9 10" t="ar"/>
		<b id="11" c="10 11" t="ar"/>
		<b id="12" c="11 12" t="ar"/>
		<b id="13" c="12 13" t="ar"/>
		<b id="14" c="13 14" t="1"/>
		<b id="15" c="13 15" t="ar"/>
		<b id="16" c="9 15" t="ar"/>
		<b id="17" c="1 16" t="1"/>
		<b id="18" c="1 17" t="1"/>
		<b id="19" c="1 18" t="1"/>
		<b id="20" c="3 19" t="1"/>
		<b id="21" c="4 20" t="1"/>
		<b id="22" c="5 21" t="1"/>
		<b id="23" c="6 22" t="1"/>
		<b id="24" c="10 23" t="1"/>
		<b id="25" c="11 24" t="1"/>
	</bonds>
	<geometry>
		<g u="A" t="cart/3d">#24,3:2.3325,-0.1276,-0.1513;0.8461,0.0456,-0.1167;0.2539,1.2980,-0.0484;-1.1226,1.4375,-0.0071;-1.9330,0.3170,-0.0405;-1.3677,-0.9439,-0.1142;0.0107,-1.0725,-0.1452;0.6322,-2.3130,-0.2856;0.2736,-3.3418,0.4689;0.8674,-4.5915,0.2168;0.4882,-5.6210,1.0475;-0.3879,-5.4615,2.0370;-0.8768,-4.2513,2.1798;-2.0011,-4.0201,3.4375;-0.5992,-3.1846,1.4567;2.8334,0.8363,-0.1487;2.6280,-0.6799,-1.0419;2.6649,-0.6989,0.7150;0.8842,2.1749,-0.0235;-1.5616,2.4221,0.0495;-3.0068,0.4189,-0.0117;-1.9906,-1.8235,-0.1452;1.5744,-4.7105,-0.5851;0.8839,-6.6211,0.9381;</g>
	</geometry>
	<conformers/>
	<properties/>
</molecule>
