<?xml version="1.0" ?>
<!--MOLLI PACKAGE EXPERIMENTAL XML FORMAT-->
<molecule name="el3807">
	<atoms>
		<a id="1" s="Cl" t="Cl" l="CL"/>
		<a id="2" s="C" t="C.ar" l="C"/>
		<a id="3" s="N" t="N.ar" l="N"/>
		<a id="4" s="C" t="C.ar" l="C"/>
		<a id="5" s="C" t="C.ar" l="C"/>
		<a id="6" s="C" t="C.ar" l="C"/>
		<a id="7" s="O" t="O.3" l="O"/>
		<a id="8" s="C" t="C.ar" l="C"/>
		<a id="9" s="C" t="C.ar" l="C"/>
		<a id="10" s="C" t="C.ar" l="C"/>
		<a id="11" s="C" t="C.ar" l="C"/>
		<a id="12" s="C" t="C.3" l="C"/>
		<a id="13" s="C" t="C.3" l="C"/>
		<a id="14" s="C" t="C.3" l="C"/>
		<a id="15" s="C" t="C.3" l="C"/>
		<a id="16" s="C" t="C.3" l="C"/>
		<a id="17" s="C" t="C.3" l="C"/>
		<a id="18" s="C" t="C.ar" l="C"/>
		<a id="19" s="C" t="C.ar" l="C"/>
		<a id="20" s="N" t="N.ar" l="N"/>
		<a id="21" s="H" t="H" l="H"/>
		<a id="22" s="H" t="H" l="H"/>
		<a id="23" s="H" t="H" l="H"/>
		<a id="24" s="H" t="H" l="H"/>
		<a id="25" s="H" t="H" l="H"/>
		<a id="26" s="H" t="H" l="H"/>
		<a id="27" s="H" t="H" l="H"/>
		<a id="28" s="H" t="H" l="H"/>
		<a id="29" s="H" t="H" l="H"/>
		<a id="30" s="H" t="H" l="H"/>
		<a id="31" s="H" t="H" l="H"/>
		<a id="32" s="H" t="H" l="H"/>
		<a id="33" s="H" t="H" l="H"/>
		<a id="34" s="H" t="H" l="H"/>
		<a id="35" s="H" t="H" l="H"/>
		<a id="36" s="H" t="H" l="H"/>
		<a id="37" s="H" t="H" l="H"/>
	</atoms>
	<bonds>
		<b id="1" c="1 2" t="1"/>
		<b id="2" c="2 3" t="ar"/>
		<b id="3" c="3 4" t="ar"/>
		<b id="4" c="4 5" t="ar"/>
		<b id="5" c="5 6" t="ar"/>
		<b id="6" c="6 7" t="1"/>
		<b id="7" c="7 8" t="1"/>
		<b id="8" c="8 9" t="ar"/>
		<b id="9" c="9 10" t="ar"/>
		<b id="10" c="10 11" t="ar"/>
		<b id="11" c="11 12" t="1"/>
		<b id="12" c="12 13" t="1"/>
		<b id="13" c="13 14" t="1"/>
		<b id="14" c="14 15" t="1"/>
		<b id="15" c="15 16" t="1"/>
		<b id="16" c="16 17" t="1"/>
		<b id="17" c="12 17" t="1"/>
		<b id="18" c="11 18" t="ar"/>
		<b id="19" c="18 19" t="ar"/>
		<b id="20" c="8 19" t="ar"/>
		<b id="21" c="6 20" t="ar"/>
		<b id="22" c="2 20" t="ar"/>
		<b id="23" c="4 21" t="1"/>
		<b id="24" c="5 22" t="1"/>
		<b id="25" c="9 23" t="1"/>
		<b id="26" c="10 24" t="1"/>
		<b id="27" c="12 25" t="1"/>
		<b id="28" c="13 26" t="1"/>
		<b id="29" c="13 27" t="1"/>
		<b id="30" c="14 28" t="1"/>
		<b id="31" c="14 29" t="1"/>
		<b id="32" c="15 30" t="1"/>
		<b id="33" c="15 31" t="1"/>
		<b id="34" c="16 32" t="1"/>
		<b id="35" c="16 33" t="1"/>
		<b id="36" c="17 34" t="1"/>
		<b id="37" c="17 35" t="1"/>
		<b id="38" c="18 36" t="1"/>
		<b id="39" c="19 37" t="1"/>
	</bonds>
	<geometry>
		<g u="A" t="cart/3d">#37,3:-2.1148,-0.9933,1.3531;-0.4823,-0.6275,1.0482;-0.1434,0.6435,1.0936;1.1328,0.9083,0.8411;2.0610,-0.0725,0.5609;1.5829,-1.3930,0.5555;2.3118,-2.4700,0.2706;3.6963,-2.4172,0.2815;4.4068,-1.8894,1.3516;5.7882,-1.9258,1.3396;6.4855,-2.4929,0.2786;7.9905,-2.5330,0.2619;8.5511,-3.2877,1.4729;10.0737,-3.3516,1.4018;10.6662,-1.9470,1.3395;10.1068,-1.1860,0.1414;8.5843,-1.1197,0.2133;5.7552,-3.0283,-0.7759;4.3734,-2.9939,-0.7832;0.3021,-1.6537,0.7961;1.4032,1.9550,0.8668;3.0892,0.1599,0.3403;3.8779,-1.4665,2.1935;6.3243,-1.5089,2.1784;8.3088,-3.0631,-0.6427;8.1331,-4.2964,1.4986;8.2556,-2.7805,2.3929;10.3731,-3.9109,0.5124;10.4611,-3.8810,2.2747;11.7541,-2.0047,1.2686;10.4193,-1.4086,2.2574;10.4043,-1.6924,-0.7799;10.5198,-0.1755,0.1149;8.1904,-0.5881,-0.6560;8.2872,-0.5663,1.1062;6.2743,-3.4800,-1.6085;3.8082,-3.4128,-1.6006;</g>
	</geometry>
	<conformers/>
	<properties/>
</molecule>
