<?xml version="1.0" ?>
<!--MOLLI PACKAGE EXPERIMENTAL XML FORMAT-->
<molecule name="el3814">
	<atoms>
		<a id="1" s="N" t="N.pl3" l="N"/>
		<a id="2" s="C" t="C.ar" l="C"/>
		<a id="3" s="C" t="C.ar" l="C"/>
		<a id="4" s="C" t="C.ar" l="C"/>
		<a id="5" s="C" t="C.ar" l="C"/>
		<a id="6" s="O" t="O.3" l="O"/>
		<a id="7" s="C" t="C.3" l="C"/>
		<a id="8" s="C" t="C.3" l="C"/>
		<a id="9" s="C" t="C.3" l="C"/>
		<a id="10" s="Cl" t="Cl" l="CL"/>
		<a id="11" s="C" t="C.ar" l="C"/>
		<a id="12" s="C" t="C.ar" l="C"/>
		<a id="13" s="H" t="H" l="H"/>
		<a id="14" s="H" t="H" l="H"/>
		<a id="15" s="H" t="H" l="H"/>
		<a id="16" s="H" t="H" l="H"/>
		<a id="17" s="H" t="H" l="H"/>
		<a id="18" s="H" t="H" l="H"/>
		<a id="19" s="H" t="H" l="H"/>
		<a id="20" s="H" t="H" l="H"/>
		<a id="21" s="H" t="H" l="H"/>
		<a id="22" s="H" t="H" l="H"/>
		<a id="23" s="H" t="H" l="H"/>
		<a id="24" s="H" t="H" l="H"/>
	</atoms>
	<bonds>
		<b id="1" c="1 2" t="1"/>
		<b id="2" c="2 3" t="ar"/>
		<b id="3" c="3 4" t="ar"/>
		<b id="4" c="4 5" t="ar"/>
		<b id="5" c="5 6" t="1"/>
		<b id="6" c="6 7" t="1"/>
		<b id="7" c="7 8" t="1"/>
		<b id="8" c="8 9" t="1"/>
		<b id="9" c="9 10" t="1"/>
		<b id="10" c="5 11" t="ar"/>
		<b id="11" c="11 12" t="ar"/>
		<b id="12" c="2 12" t="ar"/>
		<b id="13" c="1 13" t="1"/>
		<b id="14" c="1 14" t="1"/>
		<b id="15" c="3 15" t="1"/>
		<b id="16" c="4 16" t="1"/>
		<b id="17" c="7 17" t="1"/>
		<b id="18" c="7 18" t="1"/>
		<b id="19" c="8 19" t="1"/>
		<b id="20" c="8 20" t="1"/>
		<b id="21" c="9 21" t="1"/>
		<b id="22" c="9 22" t="1"/>
		<b id="23" c="11 23" t="1"/>
		<b id="24" c="12 24" t="1"/>
	</bonds>
	<geometry>
		<g u="A" t="cart/3d">#24,3:2.3209,-0.1353,-0.0692;0.9389,-0.0444,-0.0412;0.2967,1.1633,-0.2956;-1.0842,1.2444,-0.3498;-1.8569,0.1094,-0.1466;-3.2281,0.0693,-0.1752;-3.9304,1.2510,-0.4818;-5.4207,0.9164,-0.5136;-5.8956,0.4609,0.8563;-7.6318,0.0633,0.8132;-1.2203,-1.1031,0.1146;0.1535,-1.1794,0.1673;2.8193,0.7267,0.0846;2.7158,-0.9276,0.4118;0.8868,2.0541,-0.4576;-1.5393,2.2022,-0.5499;-3.6202,1.6374,-1.4630;-3.7340,2.0222,0.2780;-5.5872,0.1183,-1.2381;-5.9783,1.7987,-0.8308;-5.7691,1.2457,1.6025;-5.3644,-0.4372,1.1680;-1.8290,-1.9787,0.2744;0.6327,-2.1264,0.3673;</g>
	</geometry>
	<conformers/>
	<properties/>
</molecule>
