<?xml version="1.0" ?>
<!--MOLLI PACKAGE EXPERIMENTAL XML FORMAT-->
<molecule name="el3625">
	<atoms>
		<a id="1" s="C" t="C.3" l="C"/>
		<a id="2" s="C" t="C.3" l="C"/>
		<a id="3" s="C" t="C.3" l="C"/>
		<a id="4" s="N" t="N.3" l="N"/>
		<a id="5" s="C" t="C.3" l="C"/>
		<a id="6" s="C" t="C.3" l="C"/>
		<a id="7" s="N" t="N.pl3" l="N"/>
		<a id="8" s="C" t="C.ar" l="C"/>
		<a id="9" s="C" t="C.ar" l="C"/>
		<a id="10" s="C" t="C.ar" l="C"/>
		<a id="11" s="C" t="C.ar" l="C"/>
		<a id="12" s="N" t="N.pl3" l="N"/>
		<a id="13" s="C" t="C.ar" l="C"/>
		<a id="14" s="N" t="N.ar" l="N"/>
		<a id="15" s="C" t="C.ar" l="C"/>
		<a id="16" s="Cl" t="Cl" l="CL"/>
		<a id="17" s="N" t="N.ar" l="N"/>
		<a id="18" s="C" t="C.ar" l="C"/>
		<a id="19" s="C" t="C.ar" l="C"/>
		<a id="20" s="F" t="F" l="F"/>
		<a id="21" s="C" t="C.ar" l="C"/>
		<a id="22" s="C" t="C.ar" l="C"/>
		<a id="23" s="C" t="C.3" l="C"/>
		<a id="24" s="C" t="C.3" l="C"/>
		<a id="25" s="H" t="H" l="H"/>
		<a id="26" s="H" t="H" l="H"/>
		<a id="27" s="H" t="H" l="H"/>
		<a id="28" s="H" t="H" l="H"/>
		<a id="29" s="H" t="H" l="H"/>
		<a id="30" s="H" t="H" l="H"/>
		<a id="31" s="H" t="H" l="H"/>
		<a id="32" s="H" t="H" l="H"/>
		<a id="33" s="H" t="H" l="H"/>
		<a id="34" s="H" t="H" l="H"/>
		<a id="35" s="H" t="H" l="H"/>
		<a id="36" s="H" t="H" l="H"/>
		<a id="37" s="H" t="H" l="H"/>
		<a id="38" s="H" t="H" l="H"/>
		<a id="39" s="H" t="H" l="H"/>
		<a id="40" s="H" t="H" l="H"/>
		<a id="41" s="H" t="H" l="H"/>
		<a id="42" s="H" t="H" l="H"/>
		<a id="43" s="H" t="H" l="H"/>
		<a id="44" s="H" t="H" l="H"/>
		<a id="45" s="H" t="H" l="H"/>
	</atoms>
	<bonds>
		<b id="1" c="1 2" t="1"/>
		<b id="2" c="2 3" t="1"/>
		<b id="3" c="2 4" t="1"/>
		<b id="4" c="4 5" t="1"/>
		<b id="5" c="5 6" t="1"/>
		<b id="6" c="6 7" t="1"/>
		<b id="7" c="7 8" t="1"/>
		<b id="8" c="8 9" t="ar"/>
		<b id="9" c="9 10" t="ar"/>
		<b id="10" c="10 11" t="ar"/>
		<b id="11" c="11 12" t="1"/>
		<b id="12" c="12 13" t="1"/>
		<b id="13" c="13 14" t="ar"/>
		<b id="14" c="14 15" t="ar"/>
		<b id="15" c="15 16" t="1"/>
		<b id="16" c="15 17" t="ar"/>
		<b id="17" c="17 18" t="ar"/>
		<b id="18" c="18 19" t="ar"/>
		<b id="19" c="13 19" t="ar"/>
		<b id="20" c="19 20" t="1"/>
		<b id="21" c="11 21" t="ar"/>
		<b id="22" c="21 22" t="ar"/>
		<b id="23" c="8 22" t="ar"/>
		<b id="24" c="7 23" t="1"/>
		<b id="25" c="23 24" t="1"/>
		<b id="26" c="4 24" t="1"/>
		<b id="27" c="1 25" t="1"/>
		<b id="28" c="1 26" t="1"/>
		<b id="29" c="1 27" t="1"/>
		<b id="30" c="2 28" t="1"/>
		<b id="31" c="3 29" t="1"/>
		<b id="32" c="3 30" t="1"/>
		<b id="33" c="3 31" t="1"/>
		<b id="34" c="5 32" t="1"/>
		<b id="35" c="5 33" t="1"/>
		<b id="36" c="6 34" t="1"/>
		<b id="37" c="6 35" t="1"/>
		<b id="38" c="9 36" t="1"/>
		<b id="39" c="10 37" t="1"/>
		<b id="40" c="12 38" t="1"/>
		<b id="41" c="18 39" t="1"/>
		<b id="42" c="21 40" t="1"/>
		<b id="43" c="22 41" t="1"/>
		<b id="44" c="23 42" t="1"/>
		<b id="45" c="23 43" t="1"/>
		<b id="46" c="24 44" t="1"/>
		<b id="47" c="24 45" t="1"/>
	</bonds>
	<geometry>
		<g u="A" t="cart/3d">#45,3:2.3814,1.6452,-0.0641;2.2901,0.1679,0.3351;0.8223,-0.2509,0.2785;3.1442,-0.6007,-0.5746;2.8124,-1.9865,-0.8337;3.1858,-2.9160,0.3295;4.6066,-2.8163,0.5857;5.3577,-3.8978,0.9844;5.1286,-5.1688,0.4374;5.9105,-6.2501,0.7749;6.9757,-6.1037,1.6571;7.7872,-7.1905,2.0296;8.2513,-8.1947,1.2686;8.7751,-9.2299,1.9428;9.2496,-10.2447,1.2571;9.8987,-11.5235,2.1757;9.2806,-10.3888,-0.0505;8.8020,-9.3620,-0.7504;8.2871,-8.2409,-0.1459;7.8754,-7.2041,-0.9064;7.2011,-4.8578,2.2306;6.4084,-3.7782,1.9054;4.9986,-1.4596,0.8902;4.5564,-0.5294,-0.2572;1.7458,2.2474,0.5800;2.0538,1.7610,-1.0934;3.3967,2.0222,0.0149;2.6303,0.0668,1.3811;0.4564,-0.2089,-0.7443;0.2354,0.4401,0.8791;0.6657,-1.2509,0.6750;3.3898,-2.2890,-1.7139;1.7564,-2.0856,-1.0753;2.9104,-3.9409,0.0915;2.6285,-2.6149,1.2320;4.3355,-5.3163,-0.2781;5.6919,-7.2169,0.3479;8.0157,-7.2863,3.0109;8.8499,-9.4459,-1.8265;8.0039,-4.7377,2.9437;6.6043,-2.8352,2.3903;6.0838,-1.3992,0.9681;4.5565,-1.1217,1.8414;5.1047,-0.8171,-1.1598;4.8288,0.4953,-0.0061;</g>
	</geometry>
	<conformers/>
	<properties/>
</molecule>
