<?xml version="1.0" ?>
<!--MOLLI PACKAGE EXPERIMENTAL XML FORMAT-->
<molecule name="el3626">
	<atoms>
		<a id="1" s="O" t="O.3" l="O"/>
		<a id="2" s="C" t="C.3" l="C"/>
		<a id="3" s="C" t="C.3" l="C"/>
		<a id="4" s="N" t="N.3" l="N"/>
		<a id="5" s="C" t="C.3" l="C"/>
		<a id="6" s="C" t="C.3" l="C"/>
		<a id="7" s="N" t="N.pl3" l="N"/>
		<a id="8" s="C" t="C.ar" l="C"/>
		<a id="9" s="C" t="C.ar" l="C"/>
		<a id="10" s="C" t="C.ar" l="C"/>
		<a id="11" s="C" t="C.ar" l="C"/>
		<a id="12" s="N" t="N.pl3" l="N"/>
		<a id="13" s="C" t="C.ar" l="C"/>
		<a id="14" s="N" t="N.ar" l="N"/>
		<a id="15" s="C" t="C.ar" l="C"/>
		<a id="16" s="Cl" t="Cl" l="CL"/>
		<a id="17" s="N" t="N.ar" l="N"/>
		<a id="18" s="C" t="C.ar" l="C"/>
		<a id="19" s="C" t="C.ar" l="C"/>
		<a id="20" s="F" t="F" l="F"/>
		<a id="21" s="C" t="C.ar" l="C"/>
		<a id="22" s="C" t="C.ar" l="C"/>
		<a id="23" s="C" t="C.3" l="C"/>
		<a id="24" s="C" t="C.3" l="C"/>
		<a id="25" s="H" t="H" l="H"/>
		<a id="26" s="H" t="H" l="H"/>
		<a id="27" s="H" t="H" l="H"/>
		<a id="28" s="H" t="H" l="H"/>
		<a id="29" s="H" t="H" l="H"/>
		<a id="30" s="H" t="H" l="H"/>
		<a id="31" s="H" t="H" l="H"/>
		<a id="32" s="H" t="H" l="H"/>
		<a id="33" s="H" t="H" l="H"/>
		<a id="34" s="H" t="H" l="H"/>
		<a id="35" s="H" t="H" l="H"/>
		<a id="36" s="H" t="H" l="H"/>
		<a id="37" s="H" t="H" l="H"/>
		<a id="38" s="H" t="H" l="H"/>
		<a id="39" s="H" t="H" l="H"/>
		<a id="40" s="H" t="H" l="H"/>
		<a id="41" s="H" t="H" l="H"/>
		<a id="42" s="H" t="H" l="H"/>
		<a id="43" s="H" t="H" l="H"/>
	</atoms>
	<bonds>
		<b id="1" c="1 2" t="1"/>
		<b id="2" c="2 3" t="1"/>
		<b id="3" c="3 4" t="1"/>
		<b id="4" c="4 5" t="1"/>
		<b id="5" c="5 6" t="1"/>
		<b id="6" c="6 7" t="1"/>
		<b id="7" c="7 8" t="1"/>
		<b id="8" c="8 9" t="ar"/>
		<b id="9" c="9 10" t="ar"/>
		<b id="10" c="10 11" t="ar"/>
		<b id="11" c="11 12" t="1"/>
		<b id="12" c="12 13" t="1"/>
		<b id="13" c="13 14" t="ar"/>
		<b id="14" c="14 15" t="ar"/>
		<b id="15" c="15 16" t="1"/>
		<b id="16" c="15 17" t="ar"/>
		<b id="17" c="17 18" t="ar"/>
		<b id="18" c="18 19" t="ar"/>
		<b id="19" c="13 19" t="ar"/>
		<b id="20" c="19 20" t="1"/>
		<b id="21" c="11 21" t="ar"/>
		<b id="22" c="21 22" t="ar"/>
		<b id="23" c="8 22" t="ar"/>
		<b id="24" c="7 23" t="1"/>
		<b id="25" c="23 24" t="1"/>
		<b id="26" c="4 24" t="1"/>
		<b id="27" c="1 25" t="1"/>
		<b id="28" c="2 26" t="1"/>
		<b id="29" c="2 27" t="1"/>
		<b id="30" c="3 28" t="1"/>
		<b id="31" c="3 29" t="1"/>
		<b id="32" c="5 30" t="1"/>
		<b id="33" c="5 31" t="1"/>
		<b id="34" c="6 32" t="1"/>
		<b id="35" c="6 33" t="1"/>
		<b id="36" c="9 34" t="1"/>
		<b id="37" c="10 35" t="1"/>
		<b id="38" c="12 36" t="1"/>
		<b id="39" c="18 37" t="1"/>
		<b id="40" c="21 38" t="1"/>
		<b id="41" c="22 39" t="1"/>
		<b id="42" c="23 40" t="1"/>
		<b id="43" c="23 41" t="1"/>
		<b id="44" c="24 42" t="1"/>
		<b id="45" c="24 43" t="1"/>
	</bonds>
	<geometry>
		<g u="A" t="cart/3d">#43,3:0.7452,-0.2314,-2.2390;2.1514,-0.3285,-2.2844;2.7171,0.5102,-1.1342;4.1673,0.4590,-1.1399;4.7333,-0.6468,-0.3904;4.7272,-0.4019,1.1254;5.4263,0.8298,1.4272;6.1355,0.9835,2.6009;6.9542,-0.0520,3.0741;7.7214,0.1058,4.2052;7.7154,1.3069,4.9128;8.5324,1.3944,6.0438;8.7613,2.4191,6.8797;8.1557,3.6026,6.7395;8.4523,4.5466,7.6082;7.6526,6.0316,7.3731;9.2835,4.4870,8.6236;9.9050,3.3169,8.7971;9.6749,2.2631,7.9561;10.2987,1.0709,8.1207;6.9078,2.3436,4.4599;6.1330,2.1790,3.3303;4.8284,1.9599,0.7520;4.8365,1.6854,-0.7622;0.3710,-0.7254,-2.9753;2.5454,0.0553,-3.2340;2.4700,-1.3745,-2.1792;2.2660,0.1521,-0.1990;2.3876,1.5395,-1.2850;5.7674,-0.7735,-0.7253;4.1797,-1.5577,-0.6205;5.1942,-1.2411,1.6363;3.6849,-0.3307,1.4788;7.0117,-0.9862,2.5376;8.3465,-0.7107,4.5406;9.0535,0.5507,6.2508;10.5910,3.2504,9.6287;6.8834,3.2733,5.0016;5.5011,2.9986,3.0278;5.4212,2.8544,0.9405;3.7958,2.1342,1.0941;5.8776,1.5979,-1.0895;4.3781,2.5219,-1.2921;</g>
	</geometry>
	<conformers/>
	<properties/>
</molecule>
