<?xml version="1.0" ?>
<!--MOLLI PACKAGE EXPERIMENTAL XML FORMAT-->
<molecule name="el3627">
	<atoms>
		<a id="1" s="C" t="C.3" l="C"/>
		<a id="2" s="C" t="C.3" l="C"/>
		<a id="3" s="C" t="C.3" l="C"/>
		<a id="4" s="C" t="C.3" l="C"/>
		<a id="5" s="C" t="C.3" l="C"/>
		<a id="6" s="C" t="C.2" l="C"/>
		<a id="7" s="O" t="O.2" l="O"/>
		<a id="8" s="N" t="N.am" l="N"/>
		<a id="9" s="C" t="C.3" l="C"/>
		<a id="10" s="C" t="C.3" l="C"/>
		<a id="11" s="N" t="N.pl3" l="N"/>
		<a id="12" s="C" t="C.ar" l="C"/>
		<a id="13" s="C" t="C.ar" l="C"/>
		<a id="14" s="C" t="C.ar" l="C"/>
		<a id="15" s="C" t="C.ar" l="C"/>
		<a id="16" s="N" t="N.pl3" l="N"/>
		<a id="17" s="C" t="C.ar" l="C"/>
		<a id="18" s="N" t="N.ar" l="N"/>
		<a id="19" s="C" t="C.ar" l="C"/>
		<a id="20" s="Cl" t="Cl" l="CL"/>
		<a id="21" s="N" t="N.ar" l="N"/>
		<a id="22" s="C" t="C.ar" l="C"/>
		<a id="23" s="C" t="C.ar" l="C"/>
		<a id="24" s="F" t="F" l="F"/>
		<a id="25" s="C" t="C.ar" l="C"/>
		<a id="26" s="C" t="C.ar" l="C"/>
		<a id="27" s="C" t="C.3" l="C"/>
		<a id="28" s="C" t="C.3" l="C"/>
		<a id="29" s="H" t="H" l="H"/>
		<a id="30" s="H" t="H" l="H"/>
		<a id="31" s="H" t="H" l="H"/>
		<a id="32" s="H" t="H" l="H"/>
		<a id="33" s="H" t="H" l="H"/>
		<a id="34" s="H" t="H" l="H"/>
		<a id="35" s="H" t="H" l="H"/>
		<a id="36" s="H" t="H" l="H"/>
		<a id="37" s="H" t="H" l="H"/>
		<a id="38" s="H" t="H" l="H"/>
		<a id="39" s="H" t="H" l="H"/>
		<a id="40" s="H" t="H" l="H"/>
		<a id="41" s="H" t="H" l="H"/>
		<a id="42" s="H" t="H" l="H"/>
		<a id="43" s="H" t="H" l="H"/>
		<a id="44" s="H" t="H" l="H"/>
		<a id="45" s="H" t="H" l="H"/>
		<a id="46" s="H" t="H" l="H"/>
		<a id="47" s="H" t="H" l="H"/>
		<a id="48" s="H" t="H" l="H"/>
		<a id="49" s="H" t="H" l="H"/>
		<a id="50" s="H" t="H" l="H"/>
		<a id="51" s="H" t="H" l="H"/>
		<a id="52" s="H" t="H" l="H"/>
		<a id="53" s="H" t="H" l="H"/>
	</atoms>
	<bonds>
		<b id="1" c="1 2" t="1"/>
		<b id="2" c="2 3" t="1"/>
		<b id="3" c="2 4" t="1"/>
		<b id="4" c="2 5" t="1"/>
		<b id="5" c="5 6" t="1"/>
		<b id="6" c="6 7" t="2"/>
		<b id="7" c="6 8" t="am"/>
		<b id="8" c="8 9" t="1"/>
		<b id="9" c="9 10" t="1"/>
		<b id="10" c="10 11" t="1"/>
		<b id="11" c="11 12" t="1"/>
		<b id="12" c="12 13" t="ar"/>
		<b id="13" c="13 14" t="ar"/>
		<b id="14" c="14 15" t="ar"/>
		<b id="15" c="15 16" t="1"/>
		<b id="16" c="16 17" t="1"/>
		<b id="17" c="17 18" t="ar"/>
		<b id="18" c="18 19" t="ar"/>
		<b id="19" c="19 20" t="1"/>
		<b id="20" c="19 21" t="ar"/>
		<b id="21" c="21 22" t="ar"/>
		<b id="22" c="22 23" t="ar"/>
		<b id="23" c="17 23" t="ar"/>
		<b id="24" c="23 24" t="1"/>
		<b id="25" c="15 25" t="ar"/>
		<b id="26" c="25 26" t="ar"/>
		<b id="27" c="12 26" t="ar"/>
		<b id="28" c="11 27" t="1"/>
		<b id="29" c="27 28" t="1"/>
		<b id="30" c="8 28" t="1"/>
		<b id="31" c="1 29" t="1"/>
		<b id="32" c="1 30" t="1"/>
		<b id="33" c="1 31" t="1"/>
		<b id="34" c="3 32" t="1"/>
		<b id="35" c="3 33" t="1"/>
		<b id="36" c="3 34" t="1"/>
		<b id="37" c="4 35" t="1"/>
		<b id="38" c="4 36" t="1"/>
		<b id="39" c="4 37" t="1"/>
		<b id="40" c="5 38" t="1"/>
		<b id="41" c="5 39" t="1"/>
		<b id="42" c="9 40" t="1"/>
		<b id="43" c="9 41" t="1"/>
		<b id="44" c="10 42" t="1"/>
		<b id="45" c="10 43" t="1"/>
		<b id="46" c="13 44" t="1"/>
		<b id="47" c="14 45" t="1"/>
		<b id="48" c="16 46" t="1"/>
		<b id="49" c="22 47" t="1"/>
		<b id="50" c="25 48" t="1"/>
		<b id="51" c="26 49" t="1"/>
		<b id="52" c="27 50" t="1"/>
		<b id="53" c="27 51" t="1"/>
		<b id="54" c="28 52" t="1"/>
		<b id="55" c="28 53" t="1"/>
	</bonds>
	<geometry>
		<g u="A" t="cart/3d">#53,3:3.8379,0.2362,-1.6871;2.8729,-0.5743,-0.8213;2.2745,0.3151,0.2692;1.7427,-1.1179,-1.7032;3.5964,-1.7792,-0.1904;4.7692,-1.4439,0.7169;5.1387,-0.3131,0.9695;5.4341,-2.5133,1.2340;5.0591,-3.9063,1.1704;4.6671,-4.3749,2.5844;5.7404,-4.1732,3.5285;6.6823,-5.1612,3.7662;6.7369,-6.3522,3.0329;7.6468,-7.3406,3.3461;8.5457,-7.1827,4.3964;9.4417,-8.2252,4.6463;10.4147,-8.3386,5.5656;10.6806,-7.3673,6.4434;11.6576,-7.5712,7.3029;11.9486,-6.2971,8.3945;12.4287,-8.6282,7.4204;12.1909,-9.6208,6.5596;11.2001,-9.5199,5.6213;10.9474,-10.5188,4.7410;8.5001,-6.0072,5.1407;7.5838,-5.0270,4.8310;6.1191,-2.7749,3.5706;6.5180,-2.2871,2.1698;3.3129,1.0625,-2.1606;4.2712,-0.3875,-2.4670;4.6395,0.6398,-1.0766;1.7402,1.1499,-0.1782;3.0621,0.7092,0.9037;1.5755,-0.2485,0.8850;1.1983,-0.2962,-2.1622;1.0391,-1.7055,-1.1163;2.1387,-1.7484,-2.4972;3.9668,-2.4221,-0.9938;2.8671,-2.3478,0.3933;5.9267,-4.4814,0.8235;4.2363,-4.0672,0.4785;4.3583,-5.4195,2.5813;3.8174,-3.7708,2.9246;6.0745,-6.5220,2.1992;7.6640,-8.2472,2.7565;9.3385,-9.0248,4.0327;12.8166,-10.4970,6.6441;9.1785,-5.8747,5.9653;7.5550,-4.1450,5.4506;6.9507,-2.6206,4.2535;5.2608,-2.1936,3.9237;7.4041,-2.8357,1.8298;6.7315,-1.2177,2.1814;</g>
	</geometry>
	<conformers/>
	<properties/>
</molecule>
