<?xml version="1.0" ?>
<!--MOLLI PACKAGE EXPERIMENTAL XML FORMAT-->
<molecule name="el3628">
	<atoms>
		<a id="1" s="C" t="C.3" l="C"/>
		<a id="2" s="C" t="C.3" l="C"/>
		<a id="3" s="C" t="C.3" l="C"/>
		<a id="4" s="C" t="C.3" l="C"/>
		<a id="5" s="N" t="N.am" l="N"/>
		<a id="6" s="C" t="C.2" l="C"/>
		<a id="7" s="O" t="O.2" l="O"/>
		<a id="8" s="N" t="N.am" l="N"/>
		<a id="9" s="C" t="C.3" l="C"/>
		<a id="10" s="C" t="C.3" l="C"/>
		<a id="11" s="N" t="N.pl3" l="N"/>
		<a id="12" s="C" t="C.ar" l="C"/>
		<a id="13" s="C" t="C.ar" l="C"/>
		<a id="14" s="C" t="C.ar" l="C"/>
		<a id="15" s="C" t="C.ar" l="C"/>
		<a id="16" s="N" t="N.pl3" l="N"/>
		<a id="17" s="C" t="C.ar" l="C"/>
		<a id="18" s="N" t="N.ar" l="N"/>
		<a id="19" s="C" t="C.ar" l="C"/>
		<a id="20" s="Cl" t="Cl" l="CL"/>
		<a id="21" s="N" t="N.ar" l="N"/>
		<a id="22" s="C" t="C.ar" l="C"/>
		<a id="23" s="C" t="C.ar" l="C"/>
		<a id="24" s="F" t="F" l="F"/>
		<a id="25" s="C" t="C.ar" l="C"/>
		<a id="26" s="C" t="C.ar" l="C"/>
		<a id="27" s="C" t="C.3" l="C"/>
		<a id="28" s="C" t="C.3" l="C"/>
		<a id="29" s="H" t="H" l="H"/>
		<a id="30" s="H" t="H" l="H"/>
		<a id="31" s="H" t="H" l="H"/>
		<a id="32" s="H" t="H" l="H"/>
		<a id="33" s="H" t="H" l="H"/>
		<a id="34" s="H" t="H" l="H"/>
		<a id="35" s="H" t="H" l="H"/>
		<a id="36" s="H" t="H" l="H"/>
		<a id="37" s="H" t="H" l="H"/>
		<a id="38" s="H" t="H" l="H"/>
		<a id="39" s="H" t="H" l="H"/>
		<a id="40" s="H" t="H" l="H"/>
		<a id="41" s="H" t="H" l="H"/>
		<a id="42" s="H" t="H" l="H"/>
		<a id="43" s="H" t="H" l="H"/>
		<a id="44" s="H" t="H" l="H"/>
		<a id="45" s="H" t="H" l="H"/>
		<a id="46" s="H" t="H" l="H"/>
		<a id="47" s="H" t="H" l="H"/>
		<a id="48" s="H" t="H" l="H"/>
		<a id="49" s="H" t="H" l="H"/>
		<a id="50" s="H" t="H" l="H"/>
		<a id="51" s="H" t="H" l="H"/>
		<a id="52" s="H" t="H" l="H"/>
	</atoms>
	<bonds>
		<b id="1" c="1 2" t="1"/>
		<b id="2" c="2 3" t="1"/>
		<b id="3" c="2 4" t="1"/>
		<b id="4" c="2 5" t="1"/>
		<b id="5" c="5 6" t="am"/>
		<b id="6" c="6 7" t="2"/>
		<b id="7" c="6 8" t="am"/>
		<b id="8" c="8 9" t="1"/>
		<b id="9" c="9 10" t="1"/>
		<b id="10" c="10 11" t="1"/>
		<b id="11" c="11 12" t="1"/>
		<b id="12" c="12 13" t="ar"/>
		<b id="13" c="13 14" t="ar"/>
		<b id="14" c="14 15" t="ar"/>
		<b id="15" c="15 16" t="1"/>
		<b id="16" c="16 17" t="1"/>
		<b id="17" c="17 18" t="ar"/>
		<b id="18" c="18 19" t="ar"/>
		<b id="19" c="19 20" t="1"/>
		<b id="20" c="19 21" t="ar"/>
		<b id="21" c="21 22" t="ar"/>
		<b id="22" c="22 23" t="ar"/>
		<b id="23" c="17 23" t="ar"/>
		<b id="24" c="23 24" t="1"/>
		<b id="25" c="15 25" t="ar"/>
		<b id="26" c="25 26" t="ar"/>
		<b id="27" c="12 26" t="ar"/>
		<b id="28" c="11 27" t="1"/>
		<b id="29" c="27 28" t="1"/>
		<b id="30" c="8 28" t="1"/>
		<b id="31" c="1 29" t="1"/>
		<b id="32" c="1 30" t="1"/>
		<b id="33" c="1 31" t="1"/>
		<b id="34" c="3 32" t="1"/>
		<b id="35" c="3 33" t="1"/>
		<b id="36" c="3 34" t="1"/>
		<b id="37" c="4 35" t="1"/>
		<b id="38" c="4 36" t="1"/>
		<b id="39" c="4 37" t="1"/>
		<b id="40" c="5 38" t="1"/>
		<b id="41" c="9 39" t="1"/>
		<b id="42" c="9 40" t="1"/>
		<b id="43" c="10 41" t="1"/>
		<b id="44" c="10 42" t="1"/>
		<b id="45" c="13 43" t="1"/>
		<b id="46" c="14 44" t="1"/>
		<b id="47" c="16 45" t="1"/>
		<b id="48" c="22 46" t="1"/>
		<b id="49" c="25 47" t="1"/>
		<b id="50" c="26 48" t="1"/>
		<b id="51" c="27 49" t="1"/>
		<b id="52" c="27 50" t="1"/>
		<b id="53" c="28 51" t="1"/>
		<b id="54" c="28 52" t="1"/>
	</bonds>
	<geometry>
		<g u="A" t="cart/3d">#52,3:4.1251,-1.4569,-0.1798;3.0202,-0.7515,0.6128;2.2490,0.2129,-0.2894;2.0612,-1.7815,1.2122;3.5896,-0.0004,1.7352;4.4981,1.0073,1.5720;4.8379,1.4467,0.4893;5.0494,1.4926,2.7444;4.3907,1.4933,4.0330;3.7124,2.8574,4.2626;4.6555,3.9467,4.1668;5.3490,4.3920,5.2786;5.2668,3.7657,6.5285;5.9219,4.2793,7.6282;6.6909,5.4348,7.5314;7.3318,5.8863,8.6883;8.1156,6.9576,8.8916;8.4208,7.8127,7.9112;9.1986,8.8324,8.2101;9.5513,9.8859,6.9195;9.7319,9.1347,9.3722;9.4481,8.3018,10.3767;8.6494,7.2080,10.1834;8.3530,6.3544,11.1937;6.7762,6.0762,6.2987;6.1148,5.5644,5.2050;5.2903,3.9423,2.8627;5.9853,2.5946,2.6197;3.6964,-2.0210,-1.0034;4.6783,-2.1401,0.4623;4.8130,-0.7172,-0.5794;1.7919,-0.3304,-1.1115;2.9273,0.9591,-0.6909;1.4694,0.7158,0.2783;1.5731,-2.3391,0.4179;1.2960,-1.2877,1.8073;2.5967,-2.4878,1.8448;3.6445,-0.5255,2.5929;5.1534,1.3250,4.8026;3.6437,0.7038,4.1003;3.1992,2.8850,5.2233;2.9654,3.0036,3.4732;4.6968,2.8597,6.6590;5.8412,3.7662,8.5771;7.1709,5.3132,9.5082;9.8790,8.5367,11.3387;7.3543,6.9793,6.2095;6.1777,6.1060,4.2748;6.0196,4.7443,2.7831;4.5191,4.0896,2.1000;6.7816,2.4538,3.3589;6.4046,2.5634,1.6140;</g>
	</geometry>
	<conformers/>
	<properties/>
</molecule>
