<?xml version="1.0" ?>
<!--MOLLI PACKAGE EXPERIMENTAL XML FORMAT-->
<molecule name="el3629">
	<atoms>
		<a id="1" s="C" t="C.3" l="C"/>
		<a id="2" s="C" t="C.3" l="C"/>
		<a id="3" s="C" t="C.3" l="C"/>
		<a id="4" s="C" t="C.3" l="C"/>
		<a id="5" s="C" t="C.3" l="C"/>
		<a id="6" s="N" t="N.3" l="N"/>
		<a id="7" s="C" t="C.3" l="C"/>
		<a id="8" s="C" t="C.3" l="C"/>
		<a id="9" s="N" t="N.pl3" l="N"/>
		<a id="10" s="C" t="C.ar" l="C"/>
		<a id="11" s="C" t="C.ar" l="C"/>
		<a id="12" s="C" t="C.ar" l="C"/>
		<a id="13" s="C" t="C.ar" l="C"/>
		<a id="14" s="N" t="N.pl3" l="N"/>
		<a id="15" s="C" t="C.ar" l="C"/>
		<a id="16" s="N" t="N.ar" l="N"/>
		<a id="17" s="C" t="C.ar" l="C"/>
		<a id="18" s="Cl" t="Cl" l="CL"/>
		<a id="19" s="N" t="N.ar" l="N"/>
		<a id="20" s="C" t="C.ar" l="C"/>
		<a id="21" s="C" t="C.ar" l="C"/>
		<a id="22" s="F" t="F" l="F"/>
		<a id="23" s="C" t="C.ar" l="C"/>
		<a id="24" s="C" t="C.ar" l="C"/>
		<a id="25" s="C" t="C.3" l="C"/>
		<a id="26" s="C" t="C.3" l="C"/>
		<a id="27" s="H" t="H" l="H"/>
		<a id="28" s="H" t="H" l="H"/>
		<a id="29" s="H" t="H" l="H"/>
		<a id="30" s="H" t="H" l="H"/>
		<a id="31" s="H" t="H" l="H"/>
		<a id="32" s="H" t="H" l="H"/>
		<a id="33" s="H" t="H" l="H"/>
		<a id="34" s="H" t="H" l="H"/>
		<a id="35" s="H" t="H" l="H"/>
		<a id="36" s="H" t="H" l="H"/>
		<a id="37" s="H" t="H" l="H"/>
		<a id="38" s="H" t="H" l="H"/>
		<a id="39" s="H" t="H" l="H"/>
		<a id="40" s="H" t="H" l="H"/>
		<a id="41" s="H" t="H" l="H"/>
		<a id="42" s="H" t="H" l="H"/>
		<a id="43" s="H" t="H" l="H"/>
		<a id="44" s="H" t="H" l="H"/>
		<a id="45" s="H" t="H" l="H"/>
		<a id="46" s="H" t="H" l="H"/>
		<a id="47" s="H" t="H" l="H"/>
		<a id="48" s="H" t="H" l="H"/>
		<a id="49" s="H" t="H" l="H"/>
		<a id="50" s="H" t="H" l="H"/>
		<a id="51" s="H" t="H" l="H"/>
	</atoms>
	<bonds>
		<b id="1" c="1 2" t="1"/>
		<b id="2" c="2 3" t="1"/>
		<b id="3" c="2 4" t="1"/>
		<b id="4" c="4 5" t="1"/>
		<b id="5" c="5 6" t="1"/>
		<b id="6" c="6 7" t="1"/>
		<b id="7" c="7 8" t="1"/>
		<b id="8" c="8 9" t="1"/>
		<b id="9" c="9 10" t="1"/>
		<b id="10" c="10 11" t="ar"/>
		<b id="11" c="11 12" t="ar"/>
		<b id="12" c="12 13" t="ar"/>
		<b id="13" c="13 14" t="1"/>
		<b id="14" c="14 15" t="1"/>
		<b id="15" c="15 16" t="ar"/>
		<b id="16" c="16 17" t="ar"/>
		<b id="17" c="17 18" t="1"/>
		<b id="18" c="17 19" t="ar"/>
		<b id="19" c="19 20" t="ar"/>
		<b id="20" c="20 21" t="ar"/>
		<b id="21" c="15 21" t="ar"/>
		<b id="22" c="21 22" t="1"/>
		<b id="23" c="13 23" t="ar"/>
		<b id="24" c="23 24" t="ar"/>
		<b id="25" c="10 24" t="ar"/>
		<b id="26" c="9 25" t="1"/>
		<b id="27" c="25 26" t="1"/>
		<b id="28" c="6 26" t="1"/>
		<b id="29" c="1 27" t="1"/>
		<b id="30" c="1 28" t="1"/>
		<b id="31" c="1 29" t="1"/>
		<b id="32" c="2 30" t="1"/>
		<b id="33" c="3 31" t="1"/>
		<b id="34" c="3 32" t="1"/>
		<b id="35" c="3 33" t="1"/>
		<b id="36" c="4 34" t="1"/>
		<b id="37" c="4 35" t="1"/>
		<b id="38" c="5 36" t="1"/>
		<b id="39" c="5 37" t="1"/>
		<b id="40" c="7 38" t="1"/>
		<b id="41" c="7 39" t="1"/>
		<b id="42" c="8 40" t="1"/>
		<b id="43" c="8 41" t="1"/>
		<b id="44" c="11 42" t="1"/>
		<b id="45" c="12 43" t="1"/>
		<b id="46" c="14 44" t="1"/>
		<b id="47" c="20 45" t="1"/>
		<b id="48" c="23 46" t="1"/>
		<b id="49" c="24 47" t="1"/>
		<b id="50" c="25 48" t="1"/>
		<b id="51" c="25 49" t="1"/>
		<b id="52" c="26 50" t="1"/>
		<b id="53" c="26 51" t="1"/>
	</bonds>
	<geometry>
		<g u="A" t="cart/3d">#51,3:5.7207,-1.1930,2.7827;6.4173,-0.5996,1.5609;7.4251,-1.6013,1.0010;5.4134,-0.2074,0.4724;4.5516,1.0017,0.8475;5.3720,2.1506,1.1948;4.7615,3.0802,2.1243;3.6940,3.9529,1.4461;4.2678,4.6851,0.3405;4.4231,6.0463,0.3244;4.3533,6.8197,1.4926;4.4380,8.1949,1.4550;4.6320,8.8594,0.2501;4.6757,10.2612,0.1579;5.1846,11.1641,1.0113;4.8031,12.4323,0.7899;5.2646,13.3710,1.5834;4.7367,14.9549,1.2458;6.0811,13.2312,2.6060;6.5096,11.9902,2.8290;6.1042,10.9259,2.0604;6.6232,9.7008,2.2919;4.7049,8.1083,-0.9196;4.6002,6.7370,-0.8860;4.8708,3.7994,-0.6288;5.9026,2.8823,0.0622;6.4562,-1.5042,3.5209;5.1310,-2.0633,2.5003;5.0636,-0.4655,3.2506;6.9474,0.3079,1.8650;6.9178,-2.5067,0.6728;8.1546,-1.8745,1.7598;7.9584,-1.1801,0.1517;4.7506,-1.0501,0.2624;5.9615,0.0141,-0.4455;3.9458,0.7482,1.7192;3.8595,1.2070,0.0154;5.5556,3.7250,2.5150;4.3264,2.5248,2.9572;3.2309,4.6322,2.1581;2.9059,3.2999,1.0450;4.2347,6.3478,2.4546;4.3456,8.7529,2.3738;4.1770,10.6821,-0.6162;7.2091,11.8595,3.6419;4.8314,8.6124,-1.8669;4.6280,6.1981,-1.8198;5.3818,4.3676,-1.4028;4.0879,3.1915,-1.1021;6.7252,3.5037,0.4315;6.3059,2.1765,-0.6643;</g>
	</geometry>
	<conformers/>
	<properties/>
</molecule>
