<?xml version="1.0" ?>
<!--MOLLI PACKAGE EXPERIMENTAL XML FORMAT-->
<molecule name="el3603">
	<atoms>
		<a id="1" s="H" t="H" l="H"/>
		<a id="2" s="C" t="C.3" l="C"/>
		<a id="3" s="H" t="H" l="H"/>
		<a id="4" s="H" t="H" l="H"/>
		<a id="5" s="N" t="N.am" l="N"/>
		<a id="6" s="C" t="C.2" l="C"/>
		<a id="7" s="O" t="O.2" l="O"/>
		<a id="8" s="C" t="C.ar" l="C"/>
		<a id="9" s="N" t="N.ar" l="N"/>
		<a id="10" s="N" t="N.ar" l="N"/>
		<a id="11" s="C" t="C.ar" l="C"/>
		<a id="12" s="Cl" t="Cl" l="CL"/>
		<a id="13" s="C" t="C.ar" l="C"/>
		<a id="14" s="C" t="C.ar" l="C"/>
		<a id="15" s="N" t="N.pl3" l="N"/>
		<a id="16" s="C" t="C.ar" l="C"/>
		<a id="17" s="C" t="C.ar" l="C"/>
		<a id="18" s="C" t="C.ar" l="C"/>
		<a id="19" s="C" t="C.ar" l="C"/>
		<a id="20" s="C" t="C.ar" l="C"/>
		<a id="21" s="C" t="C.ar" l="C"/>
		<a id="22" s="C" t="C.ar" l="C"/>
		<a id="23" s="C" t="C.ar" l="C"/>
		<a id="24" s="C" t="C.ar" l="C"/>
		<a id="25" s="C" t="C.2" l="C"/>
		<a id="26" s="C" t="C.2" l="C"/>
		<a id="27" s="O" t="O.2" l="O"/>
		<a id="28" s="C" t="C.3" l="C"/>
		<a id="29" s="C" t="C.3" l="C"/>
		<a id="30" s="N" t="N.ar" l="N"/>
		<a id="31" s="N" t="N.ar" l="N"/>
		<a id="32" s="C" t="C.ar" l="C"/>
		<a id="33" s="O" t="O.3" l="O"/>
		<a id="34" s="C" t="C.3" l="C"/>
		<a id="35" s="H" t="H" l="H"/>
		<a id="36" s="H" t="H" l="H"/>
		<a id="37" s="H" t="H" l="H"/>
		<a id="38" s="H" t="H" l="H"/>
		<a id="39" s="H" t="H" l="H"/>
		<a id="40" s="H" t="H" l="H"/>
		<a id="41" s="H" t="H" l="H"/>
		<a id="42" s="H" t="H" l="H"/>
		<a id="43" s="H" t="H" l="H"/>
		<a id="44" s="H" t="H" l="H"/>
		<a id="45" s="H" t="H" l="H"/>
		<a id="46" s="H" t="H" l="H"/>
		<a id="47" s="H" t="H" l="H"/>
		<a id="48" s="H" t="H" l="H"/>
		<a id="49" s="H" t="H" l="H"/>
		<a id="50" s="H" t="H" l="H"/>
		<a id="51" s="H" t="H" l="H"/>
		<a id="52" s="H" t="H" l="H"/>
	</atoms>
	<bonds>
		<b id="1" c="1 2" t="1"/>
		<b id="2" c="2 3" t="1"/>
		<b id="3" c="2 4" t="1"/>
		<b id="4" c="2 5" t="1"/>
		<b id="5" c="5 6" t="am"/>
		<b id="6" c="6 7" t="2"/>
		<b id="7" c="6 8" t="1"/>
		<b id="8" c="8 9" t="ar"/>
		<b id="9" c="9 10" t="ar"/>
		<b id="10" c="10 11" t="ar"/>
		<b id="11" c="11 12" t="1"/>
		<b id="12" c="11 13" t="ar"/>
		<b id="13" c="13 14" t="ar"/>
		<b id="14" c="8 14" t="ar"/>
		<b id="15" c="14 15" t="1"/>
		<b id="16" c="15 16" t="1"/>
		<b id="17" c="16 17" t="ar"/>
		<b id="18" c="17 18" t="ar"/>
		<b id="19" c="18 19" t="ar"/>
		<b id="20" c="19 20" t="ar"/>
		<b id="21" c="20 21" t="1"/>
		<b id="22" c="21 22" t="ar"/>
		<b id="23" c="22 23" t="ar"/>
		<b id="24" c="23 24" t="ar"/>
		<b id="25" c="24 25" t="1"/>
		<b id="26" c="25 26" t="2"/>
		<b id="27" c="25 27" t="1"/>
		<b id="28" c="27 28" t="1"/>
		<b id="29" c="28 29" t="1"/>
		<b id="30" c="24 30" t="ar"/>
		<b id="31" c="30 31" t="ar"/>
		<b id="32" c="21 31" t="ar"/>
		<b id="33" c="20 32" t="ar"/>
		<b id="34" c="16 32" t="ar"/>
		<b id="35" c="32 33" t="1"/>
		<b id="36" c="33 34" t="1"/>
		<b id="37" c="5 35" t="1"/>
		<b id="38" c="13 36" t="1"/>
		<b id="39" c="15 37" t="1"/>
		<b id="40" c="17 38" t="1"/>
		<b id="41" c="18 39" t="1"/>
		<b id="42" c="19 40" t="1"/>
		<b id="43" c="22 41" t="1"/>
		<b id="44" c="23 42" t="1"/>
		<b id="45" c="26 43" t="1"/>
		<b id="46" c="26 44" t="1"/>
		<b id="47" c="28 45" t="1"/>
		<b id="48" c="28 46" t="1"/>
		<b id="49" c="29 47" t="1"/>
		<b id="50" c="29 48" t="1"/>
		<b id="51" c="29 49" t="1"/>
		<b id="52" c="34 50" t="1"/>
		<b id="53" c="34 51" t="1"/>
		<b id="54" c="34 52" t="1"/>
	</bonds>
	<geometry>
		<g u="A" t="cart/3d">#52,3:7.3531,-1.1668,-0.4477;7.1662,-1.6841,-1.3899;7.2982,-0.9885,-2.2173;7.8764,-2.5066,-1.4913;5.8144,-2.1740,-1.4372;4.9266,-1.8124,-2.3688;5.1744,-1.0260,-3.2827;3.5917,-2.4499,-2.1973;3.4523,-3.2372,-1.1485;2.3410,-3.8396,-0.8738;1.2939,-3.6351,-1.6645;-0.1517,-4.4372,-1.2071;1.3111,-2.8374,-2.7925;2.5254,-2.2106,-3.1175;2.7084,-1.3997,-4.1689;1.7913,-1.2084,-5.2230;1.2790,-2.3385,-5.8592;0.3489,-2.2382,-6.8726;-0.0717,-0.9859,-7.2815;0.4516,0.1546,-6.6929;0.0200,1.4808,-7.1665;-1.3427,1.8033,-7.2581;-1.6699,3.0540,-7.7247;-0.6137,3.9139,-8.0679;-0.8860,5.2964,-8.5093;-1.7995,6.0288,-7.8651;-0.2097,5.8574,-9.5410;0.6182,5.0479,-10.3606;1.0244,5.8869,-11.5617;0.6509,3.5190,-7.9688;0.9583,2.3406,-7.5375;1.3858,0.0672,-5.6434;1.7152,1.2609,-5.0939;2.8891,1.4492,-4.3345;5.4838,-2.8228,-0.7345;0.4266,-2.6953,-3.3914;3.6496,-0.9989,-4.2157;1.6296,-3.3082,-5.5379;-0.0390,-3.1278,-7.3431;-0.7879,-0.8856,-8.0832;-2.0961,1.0875,-6.9640;-2.6950,3.3725,-7.8381;-2.3295,5.6445,-7.0152;-1.9843,7.0463,-8.1550;0.0672,4.1549,-10.6878;1.5001,4.7222,-9.7979;0.1435,6.2007,-12.1158;1.6703,5.3071,-12.2146;1.5560,6.7733,-11.2277;2.9716,2.5295,-4.2166;3.7761,1.0851,-4.8569;2.8198,0.9886,-3.3452;</g>
	</geometry>
	<conformers/>
	<properties/>
</molecule>
