<?xml version="1.0" ?>
<!--MOLLI PACKAGE EXPERIMENTAL XML FORMAT-->
<molecule name="el3630">
	<atoms>
		<a id="1" s="C" t="C.3" l="C"/>
		<a id="2" s="C" t="C.3" l="C"/>
		<a id="3" s="C" t="C.3" l="C"/>
		<a id="4" s="C" t="C.3" l="C"/>
		<a id="5" s="O" t="O.3" l="O"/>
		<a id="6" s="C" t="C.2" l="C"/>
		<a id="7" s="O" t="O.2" l="O"/>
		<a id="8" s="N" t="N.am" l="N"/>
		<a id="9" s="C" t="C.3" l="C"/>
		<a id="10" s="C" t="C.3" l="C"/>
		<a id="11" s="N" t="N.pl3" l="N"/>
		<a id="12" s="C" t="C.ar" l="C"/>
		<a id="13" s="C" t="C.ar" l="C"/>
		<a id="14" s="C" t="C.ar" l="C"/>
		<a id="15" s="C" t="C.ar" l="C"/>
		<a id="16" s="N" t="N.pl3" l="N"/>
		<a id="17" s="C" t="C.ar" l="C"/>
		<a id="18" s="N" t="N.ar" l="N"/>
		<a id="19" s="C" t="C.ar" l="C"/>
		<a id="20" s="Cl" t="Cl" l="CL"/>
		<a id="21" s="N" t="N.ar" l="N"/>
		<a id="22" s="C" t="C.ar" l="C"/>
		<a id="23" s="C" t="C.ar" l="C"/>
		<a id="24" s="F" t="F" l="F"/>
		<a id="25" s="C" t="C.ar" l="C"/>
		<a id="26" s="N" t="N.ar" l="N"/>
		<a id="27" s="C" t="C.3" l="C"/>
		<a id="28" s="C" t="C.3" l="C"/>
		<a id="29" s="H" t="H" l="H"/>
		<a id="30" s="H" t="H" l="H"/>
		<a id="31" s="H" t="H" l="H"/>
		<a id="32" s="H" t="H" l="H"/>
		<a id="33" s="H" t="H" l="H"/>
		<a id="34" s="H" t="H" l="H"/>
		<a id="35" s="H" t="H" l="H"/>
		<a id="36" s="H" t="H" l="H"/>
		<a id="37" s="H" t="H" l="H"/>
		<a id="38" s="H" t="H" l="H"/>
		<a id="39" s="H" t="H" l="H"/>
		<a id="40" s="H" t="H" l="H"/>
		<a id="41" s="H" t="H" l="H"/>
		<a id="42" s="H" t="H" l="H"/>
		<a id="43" s="H" t="H" l="H"/>
		<a id="44" s="H" t="H" l="H"/>
		<a id="45" s="H" t="H" l="H"/>
		<a id="46" s="H" t="H" l="H"/>
		<a id="47" s="H" t="H" l="H"/>
		<a id="48" s="H" t="H" l="H"/>
		<a id="49" s="H" t="H" l="H"/>
		<a id="50" s="H" t="H" l="H"/>
	</atoms>
	<bonds>
		<b id="1" c="1 2" t="1"/>
		<b id="2" c="2 3" t="1"/>
		<b id="3" c="2 4" t="1"/>
		<b id="4" c="2 5" t="1"/>
		<b id="5" c="5 6" t="1"/>
		<b id="6" c="6 7" t="2"/>
		<b id="7" c="6 8" t="am"/>
		<b id="8" c="8 9" t="1"/>
		<b id="9" c="9 10" t="1"/>
		<b id="10" c="10 11" t="1"/>
		<b id="11" c="11 12" t="1"/>
		<b id="12" c="12 13" t="ar"/>
		<b id="13" c="13 14" t="ar"/>
		<b id="14" c="14 15" t="ar"/>
		<b id="15" c="15 16" t="1"/>
		<b id="16" c="16 17" t="1"/>
		<b id="17" c="17 18" t="ar"/>
		<b id="18" c="18 19" t="ar"/>
		<b id="19" c="19 20" t="1"/>
		<b id="20" c="19 21" t="ar"/>
		<b id="21" c="21 22" t="ar"/>
		<b id="22" c="22 23" t="ar"/>
		<b id="23" c="17 23" t="ar"/>
		<b id="24" c="23 24" t="1"/>
		<b id="25" c="15 25" t="ar"/>
		<b id="26" c="25 26" t="ar"/>
		<b id="27" c="12 26" t="ar"/>
		<b id="28" c="11 27" t="1"/>
		<b id="29" c="27 28" t="1"/>
		<b id="30" c="8 28" t="1"/>
		<b id="31" c="1 29" t="1"/>
		<b id="32" c="1 30" t="1"/>
		<b id="33" c="1 31" t="1"/>
		<b id="34" c="3 32" t="1"/>
		<b id="35" c="3 33" t="1"/>
		<b id="36" c="3 34" t="1"/>
		<b id="37" c="4 35" t="1"/>
		<b id="38" c="4 36" t="1"/>
		<b id="39" c="4 37" t="1"/>
		<b id="40" c="9 38" t="1"/>
		<b id="41" c="9 39" t="1"/>
		<b id="42" c="10 40" t="1"/>
		<b id="43" c="10 41" t="1"/>
		<b id="44" c="13 42" t="1"/>
		<b id="45" c="14 43" t="1"/>
		<b id="46" c="16 44" t="1"/>
		<b id="47" c="22 45" t="1"/>
		<b id="48" c="25 46" t="1"/>
		<b id="49" c="27 47" t="1"/>
		<b id="50" c="27 48" t="1"/>
		<b id="51" c="28 49" t="1"/>
		<b id="52" c="28 50" t="1"/>
	</bonds>
	<geometry>
		<g u="A" t="cart/3d">#50,3:4.3143,0.9311,1.1100;3.2347,0.7912,0.0382;2.5738,-0.5857,0.0992;2.1854,1.8942,0.1892;3.7946,1.0215,-1.2778;4.7750,0.2276,-1.7445;5.2533,-0.7222,-1.1679;5.2111,0.6452,-2.9639;4.5440,1.6462,-3.7627;3.7891,0.9569,-4.9117;4.7043,0.1589,-5.6907;5.2835,0.5708,-6.8542;4.8120,1.6568,-7.6178;5.4199,1.9352,-8.8183;6.4866,1.1490,-9.2645;7.0686,1.4644,-10.4929;8.0589,0.8512,-11.1642;8.6819,-0.2238,-10.6766;9.6403,-0.7571,-11.4073;10.3958,-2.1265,-10.7369;10.0787,-0.3629,-12.5817;9.4781,0.7108,-13.0990;8.4685,1.3471,-12.4291;7.8473,2.4372,-12.9408;6.8919,0.1042,-8.4382;6.3148,-0.1636,-7.2871;5.3584,-0.8534,-4.8860;6.1126,-0.1971,-3.7228;3.8648,0.8433,2.0950;4.7993,1.9016,1.0273;5.0627,0.1528,0.9911;2.0910,-0.7172,1.0632;3.3203,-1.3639,-0.0318;1.8256,-0.6772,-0.6857;1.6946,1.8079,1.1538;1.4392,1.8112,-0.5968;2.6569,2.8708,0.1173;5.3028,2.3184,-4.1801;3.8608,2.2155,-3.1352;3.2819,1.6953,-5.5283;3.0338,0.2865,-4.4857;3.9889,2.2702,-7.2910;5.0715,2.7645,-9.4198;6.6630,2.2658,-10.9622;9.8288,1.0456,-14.0641;7.7129,-0.5380,-8.7154;6.0464,-1.4053,-5.5238;4.5925,-1.5274,-4.4894;6.9266,0.4206,-4.1152;6.5172,-0.9519,-3.0485;</g>
	</geometry>
	<conformers/>
	<properties/>
</molecule>
