<?xml version="1.0" ?>
<!--MOLLI PACKAGE EXPERIMENTAL XML FORMAT-->
<molecule name="el3633">
	<atoms>
		<a id="1" s="F" t="F" l="F"/>
		<a id="2" s="C" t="C.ar" l="C"/>
		<a id="3" s="C" t="C.ar" l="C"/>
		<a id="4" s="N" t="N.ar" l="N"/>
		<a id="5" s="C" t="C.ar" l="C"/>
		<a id="6" s="Cl" t="Cl" l="CL"/>
		<a id="7" s="N" t="N.ar" l="N"/>
		<a id="8" s="C" t="C.ar" l="C"/>
		<a id="9" s="N" t="N.pl3" l="N"/>
		<a id="10" s="C" t="C.ar" l="C"/>
		<a id="11" s="C" t="C.ar" l="C"/>
		<a id="12" s="C" t="C.ar" l="C"/>
		<a id="13" s="C" t="C.ar" l="C"/>
		<a id="14" s="N" t="N.pl3" l="N"/>
		<a id="15" s="C" t="C.3" l="C"/>
		<a id="16" s="C" t="C.3" l="C"/>
		<a id="17" s="N" t="N.3" l="N"/>
		<a id="18" s="C" t="C.3" l="C"/>
		<a id="19" s="C" t="C.3" l="C"/>
		<a id="20" s="C" t="C.ar" l="C"/>
		<a id="21" s="N" t="N.ar" l="N"/>
		<a id="22" s="H" t="H" l="H"/>
		<a id="23" s="H" t="H" l="H"/>
		<a id="24" s="H" t="H" l="H"/>
		<a id="25" s="H" t="H" l="H"/>
		<a id="26" s="H" t="H" l="H"/>
		<a id="27" s="H" t="H" l="H"/>
		<a id="28" s="H" t="H" l="H"/>
		<a id="29" s="H" t="H" l="H"/>
		<a id="30" s="H" t="H" l="H"/>
		<a id="31" s="H" t="H" l="H"/>
		<a id="32" s="H" t="H" l="H"/>
		<a id="33" s="H" t="H" l="H"/>
		<a id="34" s="H" t="H" l="H"/>
		<a id="35" s="H" t="H" l="H"/>
	</atoms>
	<bonds>
		<b id="1" c="1 2" t="1"/>
		<b id="2" c="2 3" t="ar"/>
		<b id="3" c="3 4" t="ar"/>
		<b id="4" c="4 5" t="ar"/>
		<b id="5" c="5 6" t="1"/>
		<b id="6" c="5 7" t="ar"/>
		<b id="7" c="7 8" t="ar"/>
		<b id="8" c="2 8" t="ar"/>
		<b id="9" c="8 9" t="1"/>
		<b id="10" c="9 10" t="1"/>
		<b id="11" c="10 11" t="ar"/>
		<b id="12" c="11 12" t="ar"/>
		<b id="13" c="12 13" t="ar"/>
		<b id="14" c="13 14" t="1"/>
		<b id="15" c="14 15" t="1"/>
		<b id="16" c="15 16" t="1"/>
		<b id="17" c="16 17" t="1"/>
		<b id="18" c="17 18" t="1"/>
		<b id="19" c="18 19" t="1"/>
		<b id="20" c="14 19" t="1"/>
		<b id="21" c="13 20" t="ar"/>
		<b id="22" c="20 21" t="ar"/>
		<b id="23" c="10 21" t="ar"/>
		<b id="24" c="3 22" t="1"/>
		<b id="25" c="9 23" t="1"/>
		<b id="26" c="11 24" t="1"/>
		<b id="27" c="12 25" t="1"/>
		<b id="28" c="15 26" t="1"/>
		<b id="29" c="15 27" t="1"/>
		<b id="30" c="16 28" t="1"/>
		<b id="31" c="16 29" t="1"/>
		<b id="32" c="17 30" t="1"/>
		<b id="33" c="18 31" t="1"/>
		<b id="34" c="18 32" t="1"/>
		<b id="35" c="19 33" t="1"/>
		<b id="36" c="19 34" t="1"/>
		<b id="37" c="20 35" t="1"/>
	</bonds>
	<geometry>
		<g u="A" t="cart/3d">#35,3:4.5834,1.5830,-0.9495;4.1616,1.0053,0.1980;5.0241,0.3393,1.0270;4.5965,-0.2272,2.1579;3.3141,-0.1023,2.4115;2.7532,-0.8212,3.8495;2.3977,0.5117,1.6913;2.7903,1.0914,0.5533;1.9242,1.7396,-0.2424;0.5587,1.9668,-0.0933;-0.2130,1.5185,0.9736;-1.5572,1.8306,0.9828;-2.1257,2.5803,-0.0598;-3.4398,2.9919,-0.0722;-4.3140,2.7448,1.0575;-5.0638,1.4121,0.8933;-5.8139,1.3723,-0.3495;-4.9558,1.6780,-1.4785;-4.1978,3.0096,-1.3090;-1.2373,2.9706,-1.0773;0.0427,2.6766,-1.0926;6.0768,0.2442,0.8052;2.2984,2.1558,-1.0881;0.2327,0.9393,1.7629;-2.1591,1.4730,1.8030;-5.0448,3.5637,1.0826;-3.7468,2.7774,1.9865;-5.7517,1.2540,1.7257;-4.3463,0.5866,0.8693;-6.5753,2.0448,-0.3086;-5.5636,1.7036,-2.3848;-4.2279,0.8653,-1.5688;-4.9137,3.8391,-1.2587;-3.5423,3.1700,-2.1615;-1.5665,3.5687,-1.9153;</g>
	</geometry>
	<conformers/>
	<properties/>
</molecule>
