<?xml version="1.0" ?>
<!--MOLLI PACKAGE EXPERIMENTAL XML FORMAT-->
<molecule name="el3638">
	<atoms>
		<a id="1" s="C" t="C.3" l="C"/>
		<a id="2" s="O" t="O.3" l="O"/>
		<a id="3" s="C" t="C.ar" l="C"/>
		<a id="4" s="C" t="C.ar" l="C"/>
		<a id="5" s="C" t="C.ar" l="C"/>
		<a id="6" s="C" t="C.ar" l="C"/>
		<a id="7" s="C" t="C.ar" l="C"/>
		<a id="8" s="C" t="C.ar" l="C"/>
		<a id="9" s="O" t="O.3" l="O"/>
		<a id="10" s="C" t="C.3" l="C"/>
		<a id="11" s="S" t="S.3" l="S"/>
		<a id="12" s="C" t="C.2" l="C"/>
		<a id="13" s="C" t="C.ar" l="C"/>
		<a id="14" s="C" t="C.ar" l="C"/>
		<a id="15" s="C" t="C.ar" l="C"/>
		<a id="16" s="C" t="C.ar" l="C"/>
		<a id="17" s="Cl" t="Cl" l="CL"/>
		<a id="18" s="C" t="C.ar" l="C"/>
		<a id="19" s="C" t="C.ar" l="C"/>
		<a id="20" s="N" t="N.2" l="N"/>
		<a id="21" s="C" t="C.3" l="C"/>
		<a id="22" s="H" t="H" l="H"/>
		<a id="23" s="H" t="H" l="H"/>
		<a id="24" s="H" t="H" l="H"/>
		<a id="25" s="H" t="H" l="H"/>
		<a id="26" s="H" t="H" l="H"/>
		<a id="27" s="H" t="H" l="H"/>
		<a id="28" s="H" t="H" l="H"/>
		<a id="29" s="H" t="H" l="H"/>
		<a id="30" s="H" t="H" l="H"/>
		<a id="31" s="H" t="H" l="H"/>
		<a id="32" s="H" t="H" l="H"/>
		<a id="33" s="H" t="H" l="H"/>
		<a id="34" s="H" t="H" l="H"/>
		<a id="35" s="H" t="H" l="H"/>
	</atoms>
	<bonds>
		<b id="1" c="1 2" t="1"/>
		<b id="2" c="2 3" t="1"/>
		<b id="3" c="3 4" t="ar"/>
		<b id="4" c="4 5" t="ar"/>
		<b id="5" c="5 6" t="ar"/>
		<b id="6" c="6 7" t="ar"/>
		<b id="7" c="7 8" t="ar"/>
		<b id="8" c="3 8" t="ar"/>
		<b id="9" c="8 9" t="1"/>
		<b id="10" c="9 10" t="1"/>
		<b id="11" c="6 11" t="1"/>
		<b id="12" c="11 12" t="1"/>
		<b id="13" c="12 13" t="1"/>
		<b id="14" c="13 14" t="ar"/>
		<b id="15" c="14 15" t="ar"/>
		<b id="16" c="15 16" t="ar"/>
		<b id="17" c="16 17" t="1"/>
		<b id="18" c="16 18" t="ar"/>
		<b id="19" c="18 19" t="ar"/>
		<b id="20" c="13 19" t="ar"/>
		<b id="21" c="12 20" t="2"/>
		<b id="22" c="20 21" t="1"/>
		<b id="23" c="5 21" t="1"/>
		<b id="24" c="1 22" t="1"/>
		<b id="25" c="1 23" t="1"/>
		<b id="26" c="1 24" t="1"/>
		<b id="27" c="4 25" t="1"/>
		<b id="28" c="7 26" t="1"/>
		<b id="29" c="10 27" t="1"/>
		<b id="30" c="10 28" t="1"/>
		<b id="31" c="10 29" t="1"/>
		<b id="32" c="14 30" t="1"/>
		<b id="33" c="15 31" t="1"/>
		<b id="34" c="18 32" t="1"/>
		<b id="35" c="19 33" t="1"/>
		<b id="36" c="21 34" t="1"/>
		<b id="37" c="21 35" t="1"/>
	</bonds>
	<geometry>
		<g u="A" t="cart/3d">#35,3:0.9578,-0.2748,0.6530;2.1309,0.1512,0.0080;2.9339,1.0727,0.6335;2.6013,1.6633,1.8445;3.4163,2.5879,2.4855;4.6120,2.9264,1.8788;4.9629,2.3575,0.6648;4.1497,1.4351,0.0195;4.6541,0.9875,-1.1616;3.9617,0.0503,-1.9552;5.7639,4.0755,2.5802;4.8920,4.5537,4.0729;5.5962,5.5525,4.8840;4.8920,6.2377,5.8752;5.5198,7.1812,6.6619;6.8680,7.4446,6.4639;7.6606,8.6226,7.4460;7.5857,6.7722,5.4870;6.9476,5.8319,4.7009;3.7753,4.1281,4.4472;2.9499,3.1651,3.7982;0.5313,-1.0358,0.0010;0.2385,0.5426,0.7696;1.1713,-0.7160,1.6318;1.6711,1.4064,2.3269;5.8942,2.6266,0.1924;4.5916,-0.0935,-2.8331;2.9845,0.4249,-2.2658;3.8357,-0.9034,-1.4384;3.8458,6.0155,6.0126;4.9731,7.7129,7.4250;8.6340,6.9833,5.3448;7.5095,5.3061,3.9437;1.9695,3.6435,3.6604;2.7968,2.3527,4.5232;</g>
	</geometry>
	<conformers/>
	<properties/>
</molecule>
