<?xml version="1.0" ?>
<!--MOLLI PACKAGE EXPERIMENTAL XML FORMAT-->
<molecule name="el3639">
	<atoms>
		<a id="1" s="C" t="C.3" l="C"/>
		<a id="2" s="O" t="O.3" l="O"/>
		<a id="3" s="C" t="C.2" l="C"/>
		<a id="4" s="O" t="O.2" l="O"/>
		<a id="5" s="C" t="C.ar" l="C"/>
		<a id="6" s="C" t="C.ar" l="C"/>
		<a id="7" s="C" t="C.ar" l="C"/>
		<a id="8" s="C" t="C.ar" l="C"/>
		<a id="9" s="C" t="C.ar" l="C"/>
		<a id="10" s="C" t="C.ar" l="C"/>
		<a id="11" s="N" t="N.ar" l="N"/>
		<a id="12" s="C" t="C.ar" l="C"/>
		<a id="13" s="C" t="C.ar" l="C"/>
		<a id="14" s="Cl" t="Cl" l="CL"/>
		<a id="15" s="N" t="N.ar" l="N"/>
		<a id="16" s="C" t="C.ar" l="C"/>
		<a id="17" s="C" t="C.ar" l="C"/>
		<a id="18" s="H" t="H" l="H"/>
		<a id="19" s="H" t="H" l="H"/>
		<a id="20" s="H" t="H" l="H"/>
		<a id="21" s="H" t="H" l="H"/>
		<a id="22" s="H" t="H" l="H"/>
		<a id="23" s="H" t="H" l="H"/>
		<a id="24" s="H" t="H" l="H"/>
		<a id="25" s="H" t="H" l="H"/>
		<a id="26" s="H" t="H" l="H"/>
	</atoms>
	<bonds>
		<b id="1" c="1 2" t="1"/>
		<b id="2" c="2 3" t="1"/>
		<b id="3" c="3 4" t="2"/>
		<b id="4" c="3 5" t="1"/>
		<b id="5" c="5 6" t="ar"/>
		<b id="6" c="6 7" t="ar"/>
		<b id="7" c="7 8" t="ar"/>
		<b id="8" c="8 9" t="1"/>
		<b id="9" c="9 10" t="ar"/>
		<b id="10" c="10 11" t="ar"/>
		<b id="11" c="11 12" t="ar"/>
		<b id="12" c="12 13" t="ar"/>
		<b id="13" c="13 14" t="1"/>
		<b id="14" c="13 15" t="ar"/>
		<b id="15" c="9 15" t="ar"/>
		<b id="16" c="8 16" t="ar"/>
		<b id="17" c="16 17" t="ar"/>
		<b id="18" c="5 17" t="ar"/>
		<b id="19" c="1 18" t="1"/>
		<b id="20" c="1 19" t="1"/>
		<b id="21" c="1 20" t="1"/>
		<b id="22" c="6 21" t="1"/>
		<b id="23" c="7 22" t="1"/>
		<b id="24" c="10 23" t="1"/>
		<b id="25" c="12 24" t="1"/>
		<b id="26" c="16 25" t="1"/>
		<b id="27" c="17 26" t="1"/>
	</bonds>
	<geometry>
		<g u="A" t="cart/3d">#26,3:1.1755,-2.3673,0.2936;2.5915,-2.2873,0.3538;3.0969,-1.0688,0.5926;2.4106,-0.0894,0.7536;4.5800,-1.0653,0.6440;5.2225,0.1294,0.9630;6.5988,0.1860,1.0315;7.3598,-0.9558,0.7775;8.8222,-0.9335,0.8490;9.5487,-0.0114,1.6112;10.8703,-0.0011,1.6204;11.5116,-0.9051,0.9040;10.7904,-1.8620,0.1904;11.5945,-3.0932,-0.6990;9.4773,-1.8701,0.1580;6.7125,-2.1463,0.4412;5.3359,-2.2048,0.3777;0.9339,-3.4214,0.1857;0.8001,-1.7986,-0.5599;0.7334,-1.9611,1.2057;4.6196,1.0047,1.1522;7.0829,1.1232,1.2592;9.0692,0.7235,2.2406;12.5902,-0.8706,0.9064;7.3125,-3.0187,0.2348;4.8378,-3.1265,0.1215;</g>
	</geometry>
	<conformers/>
	<properties/>
</molecule>
