<?xml version="1.0" ?>
<!--MOLLI PACKAGE EXPERIMENTAL XML FORMAT-->
<molecule name="el3604">
	<atoms>
		<a id="1" s="F" t="F" l="F"/>
		<a id="2" s="C" t="C.ar" l="C"/>
		<a id="3" s="C" t="C.ar" l="C"/>
		<a id="4" s="C" t="C.ar" l="C"/>
		<a id="5" s="C" t="C.ar" l="C"/>
		<a id="6" s="C" t="C.ar" l="C"/>
		<a id="7" s="N" t="N.ar" l="N"/>
		<a id="8" s="N" t="N.ar" l="N"/>
		<a id="9" s="C" t="C.ar" l="C"/>
		<a id="10" s="N" t="N.ar" l="N"/>
		<a id="11" s="C" t="C.ar" l="C"/>
		<a id="12" s="Cl" t="Cl" l="CL"/>
		<a id="13" s="C" t="C.ar" l="C"/>
		<a id="14" s="C" t="C.ar" l="C"/>
		<a id="15" s="C" t="C.3" l="C"/>
		<a id="16" s="F" t="F" l="F"/>
		<a id="17" s="F" t="F" l="F"/>
		<a id="18" s="F" t="F" l="F"/>
		<a id="19" s="C" t="C.ar" l="C"/>
		<a id="20" s="C" t="C.ar" l="C"/>
		<a id="21" s="C" t="C.ar" l="C"/>
		<a id="22" s="H" t="H" l="H"/>
		<a id="23" s="H" t="H" l="H"/>
		<a id="24" s="H" t="H" l="H"/>
		<a id="25" s="H" t="H" l="H"/>
		<a id="26" s="H" t="H" l="H"/>
		<a id="27" s="H" t="H" l="H"/>
	</atoms>
	<bonds>
		<b id="1" c="1 2" t="1"/>
		<b id="2" c="2 3" t="ar"/>
		<b id="3" c="3 4" t="ar"/>
		<b id="4" c="4 5" t="ar"/>
		<b id="5" c="5 6" t="1"/>
		<b id="6" c="6 7" t="ar"/>
		<b id="7" c="7 8" t="ar"/>
		<b id="8" c="8 9" t="ar"/>
		<b id="9" c="9 10" t="ar"/>
		<b id="10" c="10 11" t="ar"/>
		<b id="11" c="11 12" t="1"/>
		<b id="12" c="11 13" t="ar"/>
		<b id="13" c="13 14" t="ar"/>
		<b id="14" c="14 15" t="1"/>
		<b id="15" c="15 16" t="1"/>
		<b id="16" c="15 17" t="1"/>
		<b id="17" c="15 18" t="1"/>
		<b id="18" c="14 19" t="ar"/>
		<b id="19" c="6 19" t="ar"/>
		<b id="20" c="9 19" t="ar"/>
		<b id="21" c="5 20" t="ar"/>
		<b id="22" c="20 21" t="ar"/>
		<b id="23" c="2 21" t="ar"/>
		<b id="24" c="3 22" t="1"/>
		<b id="25" c="4 23" t="1"/>
		<b id="26" c="8 24" t="1"/>
		<b id="27" c="13 25" t="1"/>
		<b id="28" c="20 26" t="1"/>
		<b id="29" c="21 27" t="1"/>
	</bonds>
	<geometry>
		<g u="A" t="cart/3d">#27,3:2.0789,-0.0670,0.7059;0.7438,-0.0173,0.5316;0.0035,-1.1766,0.6831;-1.3641,-1.1199,0.5011;-1.9809,0.0814,0.1619;-3.4312,0.1231,-0.0124;-4.2274,-0.4027,0.8920;-5.4949,-0.1933,0.5195;-5.5613,0.4762,-0.6455;-6.6593,0.8431,-1.2917;-6.4591,1.4579,-2.4318;-7.8536,1.9656,-3.2778;-5.1953,1.6960,-3.0000;-4.0592,1.3037,-2.3195;-2.7154,1.5079,-2.9699;-2.8155,1.6352,-4.3002;-2.1020,2.6235,-2.5365;-1.8733,0.4901,-2.7516;-4.2139,0.7028,-1.0629;-1.2161,1.2379,0.0378;0.1527,1.1933,0.2191;0.4994,-2.1001,0.9370;-1.9667,-2.0075,0.6130;-6.2576,-0.5081,1.0977;-5.1291,2.1626,-3.9688;-1.6917,2.1809,-0.1818;0.7586,2.0799,0.1223;</g>
	</geometry>
	<conformers/>
	<properties/>
</molecule>
