<?xml version="1.0" ?>
<!--MOLLI PACKAGE EXPERIMENTAL XML FORMAT-->
<molecule name="el3641">
	<atoms>
		<a id="1" s="Cl" t="Cl" l="CL"/>
		<a id="2" s="C" t="C.ar" l="C"/>
		<a id="3" s="C" t="C.ar" l="C"/>
		<a id="4" s="C" t="C.ar" l="C"/>
		<a id="5" s="N" t="N.pl3" l="N"/>
		<a id="6" s="C" t="C.3" l="C"/>
		<a id="7" s="C" t="C.3" l="C"/>
		<a id="8" s="O" t="O.3" l="O"/>
		<a id="9" s="C" t="C.3" l="C"/>
		<a id="10" s="C" t="C.3" l="C"/>
		<a id="11" s="N" t="N.ar" l="N"/>
		<a id="12" s="C" t="C.ar" l="C"/>
		<a id="13" s="N" t="N.pl3" l="N"/>
		<a id="14" s="C" t="C.3" l="C"/>
		<a id="15" s="C" t="C.3" l="C"/>
		<a id="16" s="O" t="O.3" l="O"/>
		<a id="17" s="C" t="C.3" l="C"/>
		<a id="18" s="C" t="C.3" l="C"/>
		<a id="19" s="C" t="C.ar" l="C"/>
		<a id="20" s="H" t="H" l="H"/>
		<a id="21" s="H" t="H" l="H"/>
		<a id="22" s="H" t="H" l="H"/>
		<a id="23" s="H" t="H" l="H"/>
		<a id="24" s="H" t="H" l="H"/>
		<a id="25" s="H" t="H" l="H"/>
		<a id="26" s="H" t="H" l="H"/>
		<a id="27" s="H" t="H" l="H"/>
		<a id="28" s="H" t="H" l="H"/>
		<a id="29" s="H" t="H" l="H"/>
		<a id="30" s="H" t="H" l="H"/>
		<a id="31" s="H" t="H" l="H"/>
		<a id="32" s="H" t="H" l="H"/>
		<a id="33" s="H" t="H" l="H"/>
		<a id="34" s="H" t="H" l="H"/>
		<a id="35" s="H" t="H" l="H"/>
		<a id="36" s="H" t="H" l="H"/>
		<a id="37" s="H" t="H" l="H"/>
	</atoms>
	<bonds>
		<b id="1" c="1 2" t="1"/>
		<b id="2" c="2 3" t="ar"/>
		<b id="3" c="3 4" t="ar"/>
		<b id="4" c="4 5" t="1"/>
		<b id="5" c="5 6" t="1"/>
		<b id="6" c="6 7" t="1"/>
		<b id="7" c="7 8" t="1"/>
		<b id="8" c="8 9" t="1"/>
		<b id="9" c="9 10" t="1"/>
		<b id="10" c="5 10" t="1"/>
		<b id="11" c="4 11" t="ar"/>
		<b id="12" c="11 12" t="ar"/>
		<b id="13" c="12 13" t="1"/>
		<b id="14" c="13 14" t="1"/>
		<b id="15" c="14 15" t="1"/>
		<b id="16" c="15 16" t="1"/>
		<b id="17" c="16 17" t="1"/>
		<b id="18" c="17 18" t="1"/>
		<b id="19" c="13 18" t="1"/>
		<b id="20" c="12 19" t="ar"/>
		<b id="21" c="2 19" t="ar"/>
		<b id="22" c="3 20" t="1"/>
		<b id="23" c="6 21" t="1"/>
		<b id="24" c="6 22" t="1"/>
		<b id="25" c="7 23" t="1"/>
		<b id="26" c="7 24" t="1"/>
		<b id="27" c="9 25" t="1"/>
		<b id="28" c="9 26" t="1"/>
		<b id="29" c="10 27" t="1"/>
		<b id="30" c="10 28" t="1"/>
		<b id="31" c="14 29" t="1"/>
		<b id="32" c="14 30" t="1"/>
		<b id="33" c="15 31" t="1"/>
		<b id="34" c="15 32" t="1"/>
		<b id="35" c="17 33" t="1"/>
		<b id="36" c="17 34" t="1"/>
		<b id="37" c="18 35" t="1"/>
		<b id="38" c="18 36" t="1"/>
		<b id="39" c="19 37" t="1"/>
	</bonds>
	<geometry>
		<g u="A" t="cart/3d">#37,3:-2.1363,-0.1965,-0.3311;-0.4077,-0.1081,-0.2814;0.2210,1.0142,-0.7822;1.6215,1.0495,-0.7048;2.3592,2.0814,-1.2255;3.7915,2.0987,-0.9965;4.1005,2.8792,0.2847;3.5869,4.1931,0.2118;2.1961,4.1882,-0.0146;1.8483,3.4336,-1.3059;2.3179,0.0329,-0.1974;1.6999,-1.0527,0.2664;2.5036,-2.0097,0.8317;3.9426,-1.8545,0.7285;4.4453,-2.5312,-0.5505;4.0883,-3.8978,-0.5702;2.6935,-4.0652,-0.4641;2.1490,-3.4139,0.8162;0.3015,-1.1620,0.2587;-0.3576,1.8076,-1.2194;4.2626,2.5940,-1.8503;4.1464,1.0739,-0.9176;5.1759,2.9826,0.4355;3.6581,2.3492,1.1413;1.8947,5.2352,-0.0783;1.6780,3.7087,0.8317;2.3365,3.9264,-2.1530;0.7735,3.4434,-1.4672;4.3948,-2.3375,1.5999;4.1812,-0.7932,0.7235;5.5339,-2.5025,-0.6131;4.0128,-2.0154,-1.4212;2.5165,-5.1420,-0.4613;2.1922,-3.6138,-1.3355;2.6124,-3.8871,1.6880;1.0720,-3.5508,0.8730;-0.2181,-2.0098,0.6675;</g>
	</geometry>
	<conformers/>
	<properties/>
</molecule>
