<?xml version="1.0" ?>
<!--MOLLI PACKAGE EXPERIMENTAL XML FORMAT-->
<molecule name="el3647">
	<atoms>
		<a id="1" s="C" t="C.3" l="C"/>
		<a id="2" s="O" t="O.3" l="O"/>
		<a id="3" s="C" t="C.ar" l="C"/>
		<a id="4" s="C" t="C.ar" l="C"/>
		<a id="5" s="C" t="C.ar" l="C"/>
		<a id="6" s="C" t="C.ar" l="C"/>
		<a id="7" s="C" t="C.ar" l="C"/>
		<a id="8" s="C" t="C.ar" l="C"/>
		<a id="9" s="C" t="C.ar" l="C"/>
		<a id="10" s="Cl" t="Cl" l="CL"/>
		<a id="11" s="N" t="N.ar" l="N"/>
		<a id="12" s="C" t="C.ar" l="C"/>
		<a id="13" s="N" t="N.pl3" l="N"/>
		<a id="14" s="C" t="C.3" l="C"/>
		<a id="15" s="C" t="C.3" l="C"/>
		<a id="16" s="N" t="N.3" l="N"/>
		<a id="17" s="C" t="C.3" l="C"/>
		<a id="18" s="C" t="C.3" l="C"/>
		<a id="19" s="C" t="C.3" l="C"/>
		<a id="20" s="C" t="C.ar" l="C"/>
		<a id="21" s="C" t="C.ar" l="C"/>
		<a id="22" s="C" t="C.ar" l="C"/>
		<a id="23" s="H" t="H" l="H"/>
		<a id="24" s="H" t="H" l="H"/>
		<a id="25" s="H" t="H" l="H"/>
		<a id="26" s="H" t="H" l="H"/>
		<a id="27" s="H" t="H" l="H"/>
		<a id="28" s="H" t="H" l="H"/>
		<a id="29" s="H" t="H" l="H"/>
		<a id="30" s="H" t="H" l="H"/>
		<a id="31" s="H" t="H" l="H"/>
		<a id="32" s="H" t="H" l="H"/>
		<a id="33" s="H" t="H" l="H"/>
		<a id="34" s="H" t="H" l="H"/>
		<a id="35" s="H" t="H" l="H"/>
		<a id="36" s="H" t="H" l="H"/>
		<a id="37" s="H" t="H" l="H"/>
		<a id="38" s="H" t="H" l="H"/>
		<a id="39" s="H" t="H" l="H"/>
		<a id="40" s="H" t="H" l="H"/>
		<a id="41" s="H" t="H" l="H"/>
		<a id="42" s="H" t="H" l="H"/>
	</atoms>
	<bonds>
		<b id="1" c="1 2" t="1"/>
		<b id="2" c="2 3" t="1"/>
		<b id="3" c="3 4" t="ar"/>
		<b id="4" c="4 5" t="ar"/>
		<b id="5" c="5 6" t="ar"/>
		<b id="6" c="6 7" t="1"/>
		<b id="7" c="7 8" t="ar"/>
		<b id="8" c="8 9" t="ar"/>
		<b id="9" c="9 10" t="1"/>
		<b id="10" c="9 11" t="ar"/>
		<b id="11" c="11 12" t="ar"/>
		<b id="12" c="12 13" t="1"/>
		<b id="13" c="13 14" t="1"/>
		<b id="14" c="14 15" t="1"/>
		<b id="15" c="15 16" t="1"/>
		<b id="16" c="16 17" t="1"/>
		<b id="17" c="16 18" t="1"/>
		<b id="18" c="18 19" t="1"/>
		<b id="19" c="13 19" t="1"/>
		<b id="20" c="12 20" t="ar"/>
		<b id="21" c="7 20" t="ar"/>
		<b id="22" c="6 21" t="ar"/>
		<b id="23" c="21 22" t="ar"/>
		<b id="24" c="3 22" t="ar"/>
		<b id="25" c="1 23" t="1"/>
		<b id="26" c="1 24" t="1"/>
		<b id="27" c="1 25" t="1"/>
		<b id="28" c="4 26" t="1"/>
		<b id="29" c="5 27" t="1"/>
		<b id="30" c="8 28" t="1"/>
		<b id="31" c="14 29" t="1"/>
		<b id="32" c="14 30" t="1"/>
		<b id="33" c="15 31" t="1"/>
		<b id="34" c="15 32" t="1"/>
		<b id="35" c="17 33" t="1"/>
		<b id="36" c="17 34" t="1"/>
		<b id="37" c="17 35" t="1"/>
		<b id="38" c="18 36" t="1"/>
		<b id="39" c="18 37" t="1"/>
		<b id="40" c="19 38" t="1"/>
		<b id="41" c="19 39" t="1"/>
		<b id="42" c="20 40" t="1"/>
		<b id="43" c="21 41" t="1"/>
		<b id="44" c="22 42" t="1"/>
	</bonds>
	<geometry>
		<g u="A" t="cart/3d">#42,3:1.7320,0.4746,0.7162;2.5728,0.2332,-0.3853;3.1760,-0.9816,-0.4918;3.0213,-2.0329,0.4054;3.6979,-3.2219,0.1991;4.5279,-3.4004,-0.9012;5.2448,-4.6650,-1.1122;5.3433,-5.2174,-2.3946;6.0399,-6.4021,-2.5053;6.2007,-7.1573,-4.0513;6.6097,-7.0436,-1.5126;6.5309,-6.5291,-0.2779;7.2150,-7.1978,0.6910;7.7663,-8.5044,0.3976;6.7934,-9.5987,0.8376;6.5110,-9.4621,2.2568;5.6749,-10.5353,2.7463;5.9386,-8.1579,2.5317;6.9285,-7.0716,2.1000;5.8403,-5.3265,-0.0506;4.6670,-2.3448,-1.8025;4.0092,-1.1533,-1.5994;1.3861,1.5008,0.6034;2.2719,0.3780,1.6638;0.8686,-0.1989,0.7188;2.3766,-1.9406,1.2654;3.5551,-4.0340,0.8972;4.8811,-4.7548,-3.2492;8.7037,-8.6068,0.9512;7.9533,-8.5700,-0.6725;7.2422,-10.5794,0.6674;5.8731,-9.5248,0.2305;6.1794,-11.4846,2.5727;4.6891,-10.5667,2.2556;5.5261,-10.4107,3.8181;5.7498,-8.0796,3.6051;4.9817,-8.0082,1.9957;7.8668,-7.2143,2.6449;6.5354,-6.0854,2.3376;5.7919,-4.8867,0.9315;5.3189,-2.4556,-2.6558;4.1228,-0.3291,-2.2857;</g>
	</geometry>
	<conformers/>
	<properties/>
</molecule>
