<?xml version="1.0" ?>
<!--MOLLI PACKAGE EXPERIMENTAL XML FORMAT-->
<molecule name="el3648">
	<atoms>
		<a id="1" s="C" t="C.3" l="C"/>
		<a id="2" s="O" t="O.3" l="O"/>
		<a id="3" s="C" t="C.ar" l="C"/>
		<a id="4" s="C" t="C.ar" l="C"/>
		<a id="5" s="C" t="C.ar" l="C"/>
		<a id="6" s="C" t="C.ar" l="C"/>
		<a id="7" s="O" t="O.3" l="O"/>
		<a id="8" s="C" t="C.3" l="C"/>
		<a id="9" s="C" t="C.ar" l="C"/>
		<a id="10" s="N" t="N.pl3" l="N"/>
		<a id="11" s="C" t="C.ar" l="C"/>
		<a id="12" s="C" t="C.ar" l="C"/>
		<a id="13" s="C" t="C.ar" l="C"/>
		<a id="14" s="Cl" t="Cl" l="CL"/>
		<a id="15" s="N" t="N.ar" l="N"/>
		<a id="16" s="C" t="C.ar" l="C"/>
		<a id="17" s="N" t="N.ar" l="N"/>
		<a id="18" s="C" t="C.ar" l="C"/>
		<a id="19" s="H" t="H" l="H"/>
		<a id="20" s="H" t="H" l="H"/>
		<a id="21" s="H" t="H" l="H"/>
		<a id="22" s="H" t="H" l="H"/>
		<a id="23" s="H" t="H" l="H"/>
		<a id="24" s="H" t="H" l="H"/>
		<a id="25" s="H" t="H" l="H"/>
		<a id="26" s="H" t="H" l="H"/>
		<a id="27" s="H" t="H" l="H"/>
		<a id="28" s="H" t="H" l="H"/>
		<a id="29" s="H" t="H" l="H"/>
		<a id="30" s="H" t="H" l="H"/>
	</atoms>
	<bonds>
		<b id="1" c="1 2" t="1"/>
		<b id="2" c="2 3" t="1"/>
		<b id="3" c="3 4" t="ar"/>
		<b id="4" c="4 5" t="ar"/>
		<b id="5" c="5 6" t="ar"/>
		<b id="6" c="6 7" t="1"/>
		<b id="7" c="7 8" t="1"/>
		<b id="8" c="6 9" t="ar"/>
		<b id="9" c="9 10" t="1"/>
		<b id="10" c="10 11" t="1"/>
		<b id="11" c="11 12" t="ar"/>
		<b id="12" c="12 13" t="ar"/>
		<b id="13" c="13 14" t="1"/>
		<b id="14" c="13 15" t="ar"/>
		<b id="15" c="15 16" t="ar"/>
		<b id="16" c="16 17" t="ar"/>
		<b id="17" c="11 17" t="ar"/>
		<b id="18" c="9 18" t="ar"/>
		<b id="19" c="3 18" t="ar"/>
		<b id="20" c="1 19" t="1"/>
		<b id="21" c="1 20" t="1"/>
		<b id="22" c="1 21" t="1"/>
		<b id="23" c="4 22" t="1"/>
		<b id="24" c="5 23" t="1"/>
		<b id="25" c="8 24" t="1"/>
		<b id="26" c="8 25" t="1"/>
		<b id="27" c="8 26" t="1"/>
		<b id="28" c="10 27" t="1"/>
		<b id="29" c="12 28" t="1"/>
		<b id="30" c="16 29" t="1"/>
		<b id="31" c="18 30" t="1"/>
	</bonds>
	<geometry>
		<g u="A" t="cart/3d">#30,3:1.0119,-0.5795,-0.3149;2.3451,-0.1638,-0.1522;3.0277,-0.5879,0.9479;2.5160,-1.4191,1.9316;3.3074,-1.7850,3.0147;4.6053,-1.3319,3.1290;5.4656,-1.6362,4.1621;4.9923,-2.4638,5.1957;5.1304,-0.4870,2.1267;6.4461,-0.0705,2.3064;7.2376,0.7109,1.5416;8.5597,0.9689,1.9676;9.3130,1.7719,1.1439;10.9387,2.1545,1.5539;8.8575,2.2898,0.0112;7.6106,1.9873,-0.2926;6.7826,1.2368,0.3982;4.3412,-0.1251,1.0531;0.6699,-0.1171,-1.2394;0.3799,-0.2409,0.5128;0.9366,-1.6681,-0.4071;1.5079,-1.7971,1.8828;2.8816,-2.4325,3.7642;5.8209,-2.5641,5.8954;4.7137,-3.4538,4.8213;4.1373,-2.0139,5.7098;6.8594,-0.4347,3.1557;8.9520,0.5597,2.8830;7.2273,2.4042,-1.2143;4.7376,0.5186,0.2879;</g>
	</geometry>
	<conformers/>
	<properties/>
</molecule>
