<?xml version="1.0" ?>
<!--MOLLI PACKAGE EXPERIMENTAL XML FORMAT-->
<molecule name="el3605">
	<atoms>
		<a id="1" s="C" t="C.3" l="C"/>
		<a id="2" s="C" t="C.3" l="C"/>
		<a id="3" s="C" t="C.3" l="C"/>
		<a id="4" s="N" t="N.ar" l="N"/>
		<a id="5" s="N" t="N.ar" l="N"/>
		<a id="6" s="C" t="C.ar" l="C"/>
		<a id="7" s="C" t="C.ar" l="C"/>
		<a id="8" s="N" t="N.ar" l="N"/>
		<a id="9" s="C" t="C.ar" l="C"/>
		<a id="10" s="C" t="C.ar" l="C"/>
		<a id="11" s="C" t="C.ar" l="C"/>
		<a id="12" s="N" t="N.ar" l="N"/>
		<a id="13" s="C" t="C.ar" l="C"/>
		<a id="14" s="Cl" t="Cl" l="CL"/>
		<a id="15" s="N" t="N.ar" l="N"/>
		<a id="16" s="C" t="C.ar" l="C"/>
		<a id="17" s="C" t="C.ar" l="C"/>
		<a id="18" s="C" t="C.3" l="C"/>
		<a id="19" s="F" t="F" l="F"/>
		<a id="20" s="F" t="F" l="F"/>
		<a id="21" s="F" t="F" l="F"/>
		<a id="22" s="C" t="C.ar" l="C"/>
		<a id="23" s="C" t="C.ar" l="C"/>
		<a id="24" s="H" t="H" l="H"/>
		<a id="25" s="H" t="H" l="H"/>
		<a id="26" s="H" t="H" l="H"/>
		<a id="27" s="H" t="H" l="H"/>
		<a id="28" s="H" t="H" l="H"/>
		<a id="29" s="H" t="H" l="H"/>
		<a id="30" s="H" t="H" l="H"/>
		<a id="31" s="H" t="H" l="H"/>
		<a id="32" s="H" t="H" l="H"/>
		<a id="33" s="H" t="H" l="H"/>
		<a id="34" s="H" t="H" l="H"/>
	</atoms>
	<bonds>
		<b id="1" c="1 2" t="1"/>
		<b id="2" c="2 3" t="1"/>
		<b id="3" c="2 4" t="1"/>
		<b id="4" c="4 5" t="ar"/>
		<b id="5" c="5 6" t="ar"/>
		<b id="6" c="6 7" t="ar"/>
		<b id="7" c="7 8" t="ar"/>
		<b id="8" c="8 9" t="ar"/>
		<b id="9" c="9 10" t="ar"/>
		<b id="10" c="10 11" t="1"/>
		<b id="11" c="11 12" t="ar"/>
		<b id="12" c="12 13" t="ar"/>
		<b id="13" c="13 14" t="1"/>
		<b id="14" c="13 15" t="ar"/>
		<b id="15" c="15 16" t="ar"/>
		<b id="16" c="16 17" t="ar"/>
		<b id="17" c="11 17" t="ar"/>
		<b id="18" c="17 18" t="1"/>
		<b id="19" c="18 19" t="1"/>
		<b id="20" c="18 20" t="1"/>
		<b id="21" c="18 21" t="1"/>
		<b id="22" c="10 22" t="ar"/>
		<b id="23" c="22 23" t="ar"/>
		<b id="24" c="7 23" t="ar"/>
		<b id="25" c="4 23" t="ar"/>
		<b id="26" c="1 24" t="1"/>
		<b id="27" c="1 25" t="1"/>
		<b id="28" c="1 26" t="1"/>
		<b id="29" c="2 27" t="1"/>
		<b id="30" c="3 28" t="1"/>
		<b id="31" c="3 29" t="1"/>
		<b id="32" c="3 30" t="1"/>
		<b id="33" c="6 31" t="1"/>
		<b id="34" c="9 32" t="1"/>
		<b id="35" c="16 33" t="1"/>
		<b id="36" c="22 34" t="1"/>
	</bonds>
	<geometry>
		<g u="A" t="cart/3d">#34,3:3.3555,0.6997,0.9829;2.5444,-0.1238,-0.0131;2.7226,0.3914,-1.4407;2.9641,-1.5075,0.0516;4.2550,-1.8285,-0.0622;4.3712,-3.1321,-0.0081;3.0974,-3.7274,0.1477;2.7001,-4.9934,0.2687;1.4167,-5.1986,0.3742;0.4382,-4.1720,0.3715;-0.9834,-4.4670,0.5242;-1.6429,-3.6670,1.3616;-2.9135,-3.9125,1.5903;-3.7140,-2.8547,2.6480;-3.6321,-4.9011,1.0844;-3.0169,-5.6749,0.2119;-1.6802,-5.4985,-0.1352;-1.0876,-6.3633,-1.2096;-0.1768,-5.7256,-1.9574;-0.4937,-7.4682,-0.7250;-2.0308,-6.7983,-2.0615;0.8352,-2.8442,0.2974;2.1983,-2.6166,0.1751;3.0569,1.7428,0.9341;4.4124,0.6185,0.7447;3.1979,0.3368,1.9958;1.4843,-0.1012,0.2608;3.7705,0.3270,-1.7218;2.4003,1.4265,-1.5086;2.1365,-0.2035,-2.1379;5.3296,-3.6036,-0.0780;1.1231,-6.2299,0.5067;-3.6172,-6.4577,-0.2324;0.0997,-2.0544,0.3126;</g>
	</geometry>
	<conformers/>
	<properties/>
</molecule>
