<?xml version="1.0" ?>
<!--MOLLI PACKAGE EXPERIMENTAL XML FORMAT-->
<molecule name="el3659">
	<atoms>
		<a id="1" s="C" t="C.3" l="C"/>
		<a id="2" s="C" t="C.3" l="C"/>
		<a id="3" s="C" t="C.3" l="C"/>
		<a id="4" s="N" t="N.2" l="N"/>
		<a id="5" s="C" t="C.ar" l="C"/>
		<a id="6" s="C" t="C.ar" l="C"/>
		<a id="7" s="C" t="C.ar" l="C"/>
		<a id="8" s="N" t="N.ar" l="N"/>
		<a id="9" s="C" t="C.ar" l="C"/>
		<a id="10" s="C" t="C.ar" l="C"/>
		<a id="11" s="C" t="C.ar" l="C"/>
		<a id="12" s="C" t="C.ar" l="C"/>
		<a id="13" s="Cl" t="Cl" l="CL"/>
		<a id="14" s="C" t="C.ar" l="C"/>
		<a id="15" s="C" t="C.ar" l="C"/>
		<a id="16" s="C" t="C.ar" l="C"/>
		<a id="17" s="C" t="C.ar" l="C"/>
		<a id="18" s="C" t="C.ar" l="C"/>
		<a id="19" s="C" t="C.ar" l="C"/>
		<a id="20" s="C" t="C.ar" l="C"/>
		<a id="21" s="C" t="C.ar" l="C"/>
		<a id="22" s="N" t="N.ar" l="N"/>
		<a id="23" s="C" t="C.ar" l="C"/>
		<a id="24" s="C" t="C.ar" l="C"/>
		<a id="25" s="C" t="C.ar" l="C"/>
		<a id="26" s="N" t="N.pl3" l="N"/>
		<a id="27" s="H" t="H" l="H"/>
		<a id="28" s="H" t="H" l="H"/>
		<a id="29" s="H" t="H" l="H"/>
		<a id="30" s="H" t="H" l="H"/>
		<a id="31" s="H" t="H" l="H"/>
		<a id="32" s="H" t="H" l="H"/>
		<a id="33" s="H" t="H" l="H"/>
		<a id="34" s="H" t="H" l="H"/>
		<a id="35" s="H" t="H" l="H"/>
		<a id="36" s="H" t="H" l="H"/>
		<a id="37" s="H" t="H" l="H"/>
		<a id="38" s="H" t="H" l="H"/>
		<a id="39" s="H" t="H" l="H"/>
		<a id="40" s="H" t="H" l="H"/>
		<a id="41" s="H" t="H" l="H"/>
		<a id="42" s="H" t="H" l="H"/>
		<a id="43" s="H" t="H" l="H"/>
		<a id="44" s="H" t="H" l="H"/>
		<a id="45" s="H" t="H" l="H"/>
	</atoms>
	<bonds>
		<b id="1" c="1 2" t="1"/>
		<b id="2" c="2 3" t="1"/>
		<b id="3" c="2 4" t="1"/>
		<b id="4" c="4 5" t="2"/>
		<b id="5" c="5 6" t="ar"/>
		<b id="6" c="6 7" t="ar"/>
		<b id="7" c="7 8" t="ar"/>
		<b id="8" c="8 9" t="1"/>
		<b id="9" c="9 10" t="ar"/>
		<b id="10" c="10 11" t="ar"/>
		<b id="11" c="11 12" t="ar"/>
		<b id="12" c="12 13" t="1"/>
		<b id="13" c="12 14" t="ar"/>
		<b id="14" c="14 15" t="ar"/>
		<b id="15" c="9 15" t="ar"/>
		<b id="16" c="8 16" t="ar"/>
		<b id="17" c="16 17" t="ar"/>
		<b id="18" c="17 18" t="ar"/>
		<b id="19" c="18 19" t="ar"/>
		<b id="20" c="19 20" t="ar"/>
		<b id="21" c="20 21" t="ar"/>
		<b id="22" c="16 21" t="ar"/>
		<b id="23" c="21 22" t="ar"/>
		<b id="24" c="22 23" t="ar"/>
		<b id="25" c="7 23" t="1"/>
		<b id="26" c="23 24" t="ar"/>
		<b id="27" c="24 25" t="ar"/>
		<b id="28" c="5 25" t="ar"/>
		<b id="29" c="25 26" t="1"/>
		<b id="30" c="1 27" t="1"/>
		<b id="31" c="1 28" t="1"/>
		<b id="32" c="1 29" t="1"/>
		<b id="33" c="2 30" t="1"/>
		<b id="34" c="3 31" t="1"/>
		<b id="35" c="3 32" t="1"/>
		<b id="36" c="3 33" t="1"/>
		<b id="37" c="6 34" t="1"/>
		<b id="38" c="10 35" t="1"/>
		<b id="39" c="11 36" t="1"/>
		<b id="40" c="14 37" t="1"/>
		<b id="41" c="15 38" t="1"/>
		<b id="42" c="17 39" t="1"/>
		<b id="43" c="18 40" t="1"/>
		<b id="44" c="19 41" t="1"/>
		<b id="45" c="20 42" t="1"/>
		<b id="46" c="24 43" t="1"/>
		<b id="47" c="26 44" t="1"/>
		<b id="48" c="26 45" t="1"/>
	</bonds>
	<geometry>
		<g u="A" t="cart/3d">#45,3:0.9569,0.1492,-0.5981;2.3781,0.0037,-0.0532;2.3415,-0.4020,1.4262;3.0392,-1.0092,-0.8262;4.3243,-1.0987,-0.9093;5.3086,-0.2676,-0.2908;6.6409,-0.5233,-0.4057;7.6019,0.2480,0.2139;7.1962,1.3394,1.0276;6.6062,1.1022,2.2636;6.1989,2.1609,3.0532;6.3898,3.4591,2.6037;5.8860,4.7845,3.5896;6.9804,3.7066,1.3737;7.3801,2.6435,0.5852;8.9452,-0.0259,0.0562;9.9359,0.7086,0.7061;11.2660,0.3997,0.5113;11.6358,-0.6475,-0.3280;10.6711,-1.3959,-0.9604;9.3117,-1.1106,-0.7785;8.3910,-1.8907,-1.3966;7.1214,-1.6348,-1.2217;6.1553,-2.4490,-1.8567;4.8178,-2.2136,-1.7306;3.8611,-2.9354,-2.3483;0.4088,0.8983,-0.0323;0.4362,-0.8021,-0.5264;0.9871,0.4482,-1.6428;2.8879,0.9787,-0.1354;1.8163,-1.3481,1.5335;1.8275,0.3570,2.0107;3.3511,-0.5224,1.8129;4.9719,0.5764,0.2915;6.4666,0.0858,2.6006;5.7384,1.9829,4.0120;7.1215,4.7210,1.0360;7.8374,2.8204,-0.3767;9.6601,1.5169,1.3673;12.0237,0.9771,1.0194;12.6810,-0.8747,-0.4737;10.9267,-2.2214,-1.6052;6.5206,-3.2668,-2.4584;4.0757,-3.7977,-2.8141;2.9172,-2.6930,-2.0868;</g>
	</geometry>
	<conformers/>
	<properties/>
</molecule>
