<?xml version="1.0" ?>
<!--MOLLI PACKAGE EXPERIMENTAL XML FORMAT-->
<molecule name="el3660">
	<atoms>
		<a id="1" s="N" t="N.pl3" l="N"/>
		<a id="2" s="C" t="C.ar" l="C"/>
		<a id="3" s="C" t="C.ar" l="C"/>
		<a id="4" s="C" t="C.ar" l="C"/>
		<a id="5" s="F" t="F" l="F"/>
		<a id="6" s="C" t="C.ar" l="C"/>
		<a id="7" s="C" t="C.ar" l="C"/>
		<a id="8" s="Cl" t="Cl" l="CL"/>
		<a id="9" s="C" t="C.ar" l="C"/>
		<a id="10" s="H" t="H" l="H"/>
		<a id="11" s="H" t="H" l="H"/>
		<a id="12" s="H" t="H" l="H"/>
		<a id="13" s="H" t="H" l="H"/>
		<a id="14" s="H" t="H" l="H"/>
	</atoms>
	<bonds>
		<b id="1" c="1 2" t="1"/>
		<b id="2" c="2 3" t="ar"/>
		<b id="3" c="3 4" t="ar"/>
		<b id="4" c="4 5" t="1"/>
		<b id="5" c="4 6" t="ar"/>
		<b id="6" c="6 7" t="ar"/>
		<b id="7" c="7 8" t="1"/>
		<b id="8" c="7 9" t="ar"/>
		<b id="9" c="2 9" t="ar"/>
		<b id="10" c="1 10" t="1"/>
		<b id="11" c="1 11" t="1"/>
		<b id="12" c="3 12" t="1"/>
		<b id="13" c="6 13" t="1"/>
		<b id="14" c="9 14" t="1"/>
	</bonds>
	<geometry>
		<g u="A" t="cart/3d">#14,3:1.0989,-0.0901,-0.0849;2.4649,-0.0744,0.0088;3.1887,-1.2694,0.0249;4.5658,-1.2189,0.0518;5.2524,-2.3797,0.0702;5.2755,-0.0312,0.0662;4.5406,1.1439,0.0502;5.3745,2.6557,0.0704;3.1596,1.1388,0.0233;0.6255,-0.9472,0.1449;0.6066,0.7574,0.1404;2.6844,-2.2225,0.0138;6.3515,-0.0311,0.0897;2.6151,2.0698,0.0105;</g>
	</geometry>
	<conformers/>
	<properties/>
</molecule>
