<?xml version="1.0" ?>
<!--MOLLI PACKAGE EXPERIMENTAL XML FORMAT-->
<molecule name="el3662">
	<atoms>
		<a id="1" s="C" t="C.3" l="C"/>
		<a id="2" s="C" t="C.3" l="C"/>
		<a id="3" s="C" t="C.3" l="C"/>
		<a id="4" s="C" t="C.3" l="C"/>
		<a id="5" s="O" t="O.3" l="O"/>
		<a id="6" s="C" t="C.2" l="C"/>
		<a id="7" s="O" t="O.2" l="O"/>
		<a id="8" s="N" t="N.am" l="N"/>
		<a id="9" s="C" t="C.3" l="C"/>
		<a id="10" s="C" t="C.3" l="C"/>
		<a id="11" s="C" t="C.3" l="C"/>
		<a id="12" s="C" t="C.3" l="C"/>
		<a id="13" s="C" t="C.3" l="C"/>
		<a id="14" s="C" t="C.3" l="C"/>
		<a id="15" s="N" t="N.pl3" l="N"/>
		<a id="16" s="C" t="C.ar" l="C"/>
		<a id="17" s="C" t="C.ar" l="C"/>
		<a id="18" s="N" t="N.ar" l="N"/>
		<a id="19" s="C" t="C.ar" l="C"/>
		<a id="20" s="C" t="C.1" l="C"/>
		<a id="21" s="N" t="N.1" l="N"/>
		<a id="22" s="C" t="C.ar" l="C"/>
		<a id="23" s="Cl" t="Cl" l="CL"/>
		<a id="24" s="N" t="N.ar" l="N"/>
		<a id="25" s="H" t="H" l="H"/>
		<a id="26" s="H" t="H" l="H"/>
		<a id="27" s="H" t="H" l="H"/>
		<a id="28" s="H" t="H" l="H"/>
		<a id="29" s="H" t="H" l="H"/>
		<a id="30" s="H" t="H" l="H"/>
		<a id="31" s="H" t="H" l="H"/>
		<a id="32" s="H" t="H" l="H"/>
		<a id="33" s="H" t="H" l="H"/>
		<a id="34" s="H" t="H" l="H"/>
		<a id="35" s="H" t="H" l="H"/>
		<a id="36" s="H" t="H" l="H"/>
		<a id="37" s="H" t="H" l="H"/>
		<a id="38" s="H" t="H" l="H"/>
		<a id="39" s="H" t="H" l="H"/>
		<a id="40" s="H" t="H" l="H"/>
		<a id="41" s="H" t="H" l="H"/>
		<a id="42" s="H" t="H" l="H"/>
		<a id="43" s="H" t="H" l="H"/>
		<a id="44" s="H" t="H" l="H"/>
		<a id="45" s="H" t="H" l="H"/>
		<a id="46" s="H" t="H" l="H"/>
	</atoms>
	<bonds>
		<b id="1" c="1 2" t="1"/>
		<b id="2" c="2 3" t="1"/>
		<b id="3" c="2 4" t="1"/>
		<b id="4" c="2 5" t="1"/>
		<b id="5" c="5 6" t="1"/>
		<b id="6" c="6 7" t="2"/>
		<b id="7" c="6 8" t="am"/>
		<b id="8" c="9 10" t="1"/>
		<b id="9" c="10 11" t="1"/>
		<b id="10" c="11 12" t="1"/>
		<b id="11" c="12 13" t="1"/>
		<b id="12" c="13 14" t="1"/>
		<b id="13" c="9 14" t="1"/>
		<b id="14" c="15 16" t="1"/>
		<b id="15" c="16 17" t="ar"/>
		<b id="16" c="17 18" t="ar"/>
		<b id="17" c="18 19" t="ar"/>
		<b id="18" c="19 20" t="1"/>
		<b id="19" c="20 21" t="3"/>
		<b id="20" c="19 22" t="ar"/>
		<b id="21" c="22 23" t="1"/>
		<b id="22" c="22 24" t="ar"/>
		<b id="23" c="16 24" t="ar"/>
		<b id="24" c="9 8" t="1"/>
		<b id="25" c="14 15" t="1"/>
		<b id="26" c="1 25" t="1"/>
		<b id="27" c="1 26" t="1"/>
		<b id="28" c="1 27" t="1"/>
		<b id="29" c="3 28" t="1"/>
		<b id="30" c="3 29" t="1"/>
		<b id="31" c="3 30" t="1"/>
		<b id="32" c="4 31" t="1"/>
		<b id="33" c="4 32" t="1"/>
		<b id="34" c="4 33" t="1"/>
		<b id="35" c="8 34" t="1"/>
		<b id="36" c="9 35" t="1"/>
		<b id="37" c="10 36" t="1"/>
		<b id="38" c="10 37" t="1"/>
		<b id="39" c="11 38" t="1"/>
		<b id="40" c="11 39" t="1"/>
		<b id="41" c="12 40" t="1"/>
		<b id="42" c="12 41" t="1"/>
		<b id="43" c="13 42" t="1"/>
		<b id="44" c="13 43" t="1"/>
		<b id="45" c="14 44" t="1"/>
		<b id="46" c="15 45" t="1"/>
		<b id="47" c="17 46" t="1"/>
	</bonds>
	<geometry>
		<g u="A" t="cart/3d">#46,3:5.7490,1.1009,-2.8311;6.8886,0.3539,-2.1402;6.4561,-1.0544,-1.7346;8.1217,0.3036,-3.0430;7.3431,1.0819,-0.9709;6.5017,1.3448,0.0383;5.3362,1.0475,0.1145;7.1664,2.0620,0.9902;6.5865,2.3083,2.2913;7.1417,1.3638,3.3646;8.6101,1.6501,3.6665;8.7913,3.1031,4.0946;8.2832,4.0502,3.0116;6.8033,3.7755,2.7044;6.3199,4.6255,1.6452;5.9274,5.9011,1.7482;5.8290,6.6230,2.9635;5.3953,7.8537,2.9961;5.0476,8.4528,1.8501;4.5594,9.7768,1.8919;4.1568,10.8501,1.8951;5.1751,7.7484,0.6425;4.7820,8.4868,-0.8555;5.6016,6.5086,0.5968;5.4972,0.5969,-3.7599;6.0494,2.1229,-3.0547;4.8703,1.1251,-2.1927;6.1892,-1.6279,-2.6181;5.5956,-1.0056,-1.0729;7.2703,-1.5604,-1.2187;7.9084,-0.2848,-3.9302;8.9574,-0.1459,-2.5110;8.4048,1.3099,-3.3429;8.1676,2.1126,0.8950;5.5131,2.1246,2.1648;7.0169,0.3342,3.0260;6.5536,1.4911,4.2751;9.2211,1.4483,2.7839;8.9536,0.9841,4.4597;9.8448,3.3051,4.2939;8.2361,3.2790,5.0184;8.8708,3.9269,2.1000;8.3947,5.0869,3.3360;6.2118,3.9605,3.6082;6.3610,4.2473,0.7082;6.1036,6.1938,3.9150;</g>
	</geometry>
	<conformers/>
	<properties/>
</molecule>
