<?xml version="1.0" ?>
<!--MOLLI PACKAGE EXPERIMENTAL XML FORMAT-->
<molecule name="el3665">
	<atoms>
		<a id="1" s="C" t="C.3" l="C"/>
		<a id="2" s="N" t="N.am" l="N"/>
		<a id="3" s="C" t="C.2" l="C"/>
		<a id="4" s="O" t="O.2" l="O"/>
		<a id="5" s="C" t="C.ar" l="C"/>
		<a id="6" s="C" t="C.ar" l="C"/>
		<a id="7" s="C" t="C.ar" l="C"/>
		<a id="8" s="C" t="C.ar" l="C"/>
		<a id="9" s="C" t="C.ar" l="C"/>
		<a id="10" s="C" t="C.ar" l="C"/>
		<a id="11" s="F" t="F" l="F"/>
		<a id="12" s="C" t="C.ar" l="C"/>
		<a id="13" s="C" t="C.ar" l="C"/>
		<a id="14" s="O" t="O.2" l="O"/>
		<a id="15" s="C" t="C.ar" l="C"/>
		<a id="16" s="N" t="N.ar" l="N"/>
		<a id="17" s="C" t="C.ar" l="C"/>
		<a id="18" s="Cl" t="Cl" l="CL"/>
		<a id="19" s="C" t="C.ar" l="C"/>
		<a id="20" s="C" t="C.ar" l="C"/>
		<a id="21" s="C" t="C.ar" l="C"/>
		<a id="22" s="C" t="C.ar" l="C"/>
		<a id="23" s="C" t="C.ar" l="C"/>
		<a id="24" s="C" t="C.ar" l="C"/>
		<a id="25" s="C" t="C.2" l="C"/>
		<a id="26" s="O" t="O.2" l="O"/>
		<a id="27" s="N" t="N.am" l="N"/>
		<a id="28" s="C" t="C.3" l="C"/>
		<a id="29" s="C" t="C.3" l="C"/>
		<a id="30" s="C" t="C.3" l="C"/>
		<a id="31" s="C" t="C.3" l="C"/>
		<a id="32" s="C" t="C.3" l="C"/>
		<a id="33" s="C" t="C.ar" l="C"/>
		<a id="34" s="C" t="C.ar" l="C"/>
		<a id="35" s="C" t="C.ar" l="C"/>
		<a id="36" s="H" t="H" l="H"/>
		<a id="37" s="H" t="H" l="H"/>
		<a id="38" s="H" t="H" l="H"/>
		<a id="39" s="H" t="H" l="H"/>
		<a id="40" s="H" t="H" l="H"/>
		<a id="41" s="H" t="H" l="H"/>
		<a id="42" s="H" t="H" l="H"/>
		<a id="43" s="H" t="H" l="H"/>
		<a id="44" s="H" t="H" l="H"/>
		<a id="45" s="H" t="H" l="H"/>
		<a id="46" s="H" t="H" l="H"/>
		<a id="47" s="H" t="H" l="H"/>
		<a id="48" s="H" t="H" l="H"/>
		<a id="49" s="H" t="H" l="H"/>
		<a id="50" s="H" t="H" l="H"/>
		<a id="51" s="H" t="H" l="H"/>
		<a id="52" s="H" t="H" l="H"/>
		<a id="53" s="H" t="H" l="H"/>
		<a id="54" s="H" t="H" l="H"/>
		<a id="55" s="H" t="H" l="H"/>
		<a id="56" s="H" t="H" l="H"/>
	</atoms>
	<bonds>
		<b id="1" c="1 2" t="1"/>
		<b id="2" c="2 3" t="am"/>
		<b id="3" c="3 4" t="2"/>
		<b id="4" c="3 5" t="1"/>
		<b id="5" c="5 6" t="ar"/>
		<b id="6" c="6 7" t="1"/>
		<b id="7" c="7 8" t="ar"/>
		<b id="8" c="8 9" t="ar"/>
		<b id="9" c="9 10" t="ar"/>
		<b id="10" c="10 11" t="1"/>
		<b id="11" c="10 12" t="ar"/>
		<b id="12" c="12 13" t="ar"/>
		<b id="13" c="7 13" t="ar"/>
		<b id="14" c="6 14" t="ar"/>
		<b id="15" c="14 15" t="ar"/>
		<b id="16" c="15 16" t="ar"/>
		<b id="17" c="16 17" t="ar"/>
		<b id="18" c="17 18" t="1"/>
		<b id="19" c="17 19" t="ar"/>
		<b id="20" c="19 20" t="1"/>
		<b id="21" c="20 21" t="ar"/>
		<b id="22" c="21 22" t="ar"/>
		<b id="23" c="22 23" t="ar"/>
		<b id="24" c="23 24" t="ar"/>
		<b id="25" c="24 25" t="1"/>
		<b id="26" c="25 26" t="2"/>
		<b id="27" c="25 27" t="am"/>
		<b id="28" c="27 28" t="1"/>
		<b id="29" c="28 29" t="1"/>
		<b id="30" c="29 30" t="1"/>
		<b id="31" c="30 31" t="1"/>
		<b id="32" c="28 31" t="1"/>
		<b id="33" c="30 32" t="1"/>
		<b id="34" c="28 32" t="1"/>
		<b id="35" c="24 33" t="ar"/>
		<b id="36" c="20 33" t="ar"/>
		<b id="37" c="19 34" t="ar"/>
		<b id="38" c="34 35" t="ar"/>
		<b id="39" c="5 35" t="ar"/>
		<b id="40" c="15 35" t="ar"/>
		<b id="41" c="1 36" t="1"/>
		<b id="42" c="1 37" t="1"/>
		<b id="43" c="1 38" t="1"/>
		<b id="44" c="2 39" t="1"/>
		<b id="45" c="8 40" t="1"/>
		<b id="46" c="9 41" t="1"/>
		<b id="47" c="12 42" t="1"/>
		<b id="48" c="13 43" t="1"/>
		<b id="49" c="21 44" t="1"/>
		<b id="50" c="22 45" t="1"/>
		<b id="51" c="23 46" t="1"/>
		<b id="52" c="27 47" t="1"/>
		<b id="53" c="29 48" t="1"/>
		<b id="54" c="29 49" t="1"/>
		<b id="55" c="30 50" t="1"/>
		<b id="56" c="31 51" t="1"/>
		<b id="57" c="31 52" t="1"/>
		<b id="58" c="32 53" t="1"/>
		<b id="59" c="32 54" t="1"/>
		<b id="60" c="33 55" t="1"/>
		<b id="61" c="34 56" t="1"/>
	</bonds>
	<geometry>
		<g u="A" t="cart/3d">#56,3:0.8116,-1.0624,-0.2503;2.2149,-0.7366,-0.3356;2.9029,-0.8024,-1.4968;2.3924,-1.1529,-2.5430;4.3367,-0.4473,-1.3427;5.1861,0.2611,-2.1694;5.0172,0.9564,-3.4339;3.8068,0.9694,-4.1326;3.6950,1.6592,-5.3237;4.7988,2.3281,-5.8242;4.6898,2.9996,-6.9875;6.0165,2.3203,-5.1640;6.1188,1.6377,-3.9701;6.4395,0.3400,-1.6248;6.4185,-0.3227,-0.4671;7.4610,-0.4461,0.3276;7.2690,-1.1465,1.4255;8.6263,-1.2199,2.4723;6.0607,-1.7744,1.7793;5.9043,-2.5546,3.0178;6.7822,-3.5789,3.3596;6.5819,-4.3058,4.5197;5.5169,-4.0208,5.3566;4.6315,-3.0001,5.0254;3.4271,-2.6578,5.8402;2.4121,-2.2189,5.3350;3.5580,-2.8715,7.1752;2.5054,-2.6015,8.0932;1.0808,-3.1891,8.0742;1.1512,-2.2759,9.3109;1.8609,-1.2377,8.4236;2.5371,-2.8828,9.5995;4.8275,-2.2833,3.8524;4.9719,-1.6161,0.9308;5.1329,-0.8522,-0.2212;0.6403,-1.7917,0.5427;0.5163,-1.4869,-1.2085;0.2155,-0.1690,-0.0513;2.6576,-0.3692,0.4905;2.9615,0.4161,-3.7606;2.7655,1.6777,-5.8696;6.8624,2.8427,-5.5866;7.0589,1.6249,-3.4413;7.6059,-3.8221,2.7068;7.2604,-5.1076,4.7699;5.3626,-4.6175,6.2442;4.4507,-3.1365,7.5582;0.9921,-4.2588,8.2535;0.4419,-2.8705,7.2563;0.3640,-2.0891,10.0302;2.4918,-0.5065,8.9249;1.2750,-0.7799,7.6322;2.5620,-3.9277,9.9038;3.2220,-2.2845,10.1973;4.1281,-1.4969,3.6100;4.0395,-2.1070,1.1653;</g>
	</geometry>
	<conformers/>
	<properties/>
</molecule>
