<?xml version="1.0" ?>
<!--MOLLI PACKAGE EXPERIMENTAL XML FORMAT-->
<molecule name="el3667">
	<atoms>
		<a id="1" s="C" t="C.3" l="C"/>
		<a id="2" s="C" t="C.3" l="C"/>
		<a id="3" s="O" t="O.3" l="O"/>
		<a id="4" s="C" t="C.3" l="C"/>
		<a id="5" s="C" t="C.3" l="C"/>
		<a id="6" s="N" t="N.ar" l="N"/>
		<a id="7" s="N" t="N.ar" l="N"/>
		<a id="8" s="C" t="C.ar" l="C"/>
		<a id="9" s="C" t="C.ar" l="C"/>
		<a id="10" s="C" t="C.ar" l="C"/>
		<a id="11" s="N" t="N.pl3" l="N"/>
		<a id="12" s="C" t="C.3" l="C"/>
		<a id="13" s="C" t="C.ar" l="C"/>
		<a id="14" s="C" t="C.ar" l="C"/>
		<a id="15" s="C" t="C.ar" l="C"/>
		<a id="16" s="N" t="N.ar" l="N"/>
		<a id="17" s="C" t="C.ar" l="C"/>
		<a id="18" s="Cl" t="Cl" l="CL"/>
		<a id="19" s="N" t="N.ar" l="N"/>
		<a id="20" s="C" t="C.ar" l="C"/>
		<a id="21" s="C" t="C.ar" l="C"/>
		<a id="22" s="C" t="C.ar" l="C"/>
		<a id="23" s="C" t="C.ar" l="C"/>
		<a id="24" s="H" t="H" l="H"/>
		<a id="25" s="H" t="H" l="H"/>
		<a id="26" s="H" t="H" l="H"/>
		<a id="27" s="H" t="H" l="H"/>
		<a id="28" s="H" t="H" l="H"/>
		<a id="29" s="H" t="H" l="H"/>
		<a id="30" s="H" t="H" l="H"/>
		<a id="31" s="H" t="H" l="H"/>
		<a id="32" s="H" t="H" l="H"/>
		<a id="33" s="H" t="H" l="H"/>
		<a id="34" s="H" t="H" l="H"/>
		<a id="35" s="H" t="H" l="H"/>
		<a id="36" s="H" t="H" l="H"/>
		<a id="37" s="H" t="H" l="H"/>
		<a id="38" s="H" t="H" l="H"/>
		<a id="39" s="H" t="H" l="H"/>
		<a id="40" s="H" t="H" l="H"/>
		<a id="41" s="H" t="H" l="H"/>
	</atoms>
	<bonds>
		<b id="1" c="1 2" t="1"/>
		<b id="2" c="2 3" t="1"/>
		<b id="3" c="3 4" t="1"/>
		<b id="4" c="4 5" t="1"/>
		<b id="5" c="4 6" t="1"/>
		<b id="6" c="6 7" t="ar"/>
		<b id="7" c="7 8" t="ar"/>
		<b id="8" c="8 9" t="ar"/>
		<b id="9" c="9 10" t="ar"/>
		<b id="10" c="10 11" t="1"/>
		<b id="11" c="11 12" t="1"/>
		<b id="12" c="11 13" t="1"/>
		<b id="13" c="13 14" t="ar"/>
		<b id="14" c="14 15" t="ar"/>
		<b id="15" c="15 16" t="ar"/>
		<b id="16" c="16 17" t="ar"/>
		<b id="17" c="17 18" t="1"/>
		<b id="18" c="17 19" t="ar"/>
		<b id="19" c="13 19" t="ar"/>
		<b id="20" c="10 20" t="ar"/>
		<b id="21" c="20 21" t="ar"/>
		<b id="22" c="21 22" t="ar"/>
		<b id="23" c="22 23" t="ar"/>
		<b id="24" c="9 23" t="ar"/>
		<b id="25" c="6 23" t="ar"/>
		<b id="26" c="1 24" t="1"/>
		<b id="27" c="1 25" t="1"/>
		<b id="28" c="1 26" t="1"/>
		<b id="29" c="2 27" t="1"/>
		<b id="30" c="2 28" t="1"/>
		<b id="31" c="4 29" t="1"/>
		<b id="32" c="5 30" t="1"/>
		<b id="33" c="5 31" t="1"/>
		<b id="34" c="5 32" t="1"/>
		<b id="35" c="8 33" t="1"/>
		<b id="36" c="12 34" t="1"/>
		<b id="37" c="12 35" t="1"/>
		<b id="38" c="12 36" t="1"/>
		<b id="39" c="14 37" t="1"/>
		<b id="40" c="15 38" t="1"/>
		<b id="41" c="20 39" t="1"/>
		<b id="42" c="21 40" t="1"/>
		<b id="43" c="22 41" t="1"/>
	</bonds>
	<geometry>
		<g u="A" t="cart/3d">#41,3:5.6301,-1.3248,-2.1964;5.0282,-0.5208,-1.0556;4.6727,-1.4210,-0.0248;4.2261,-0.8243,1.1678;2.7114,-0.5936,1.1745;4.6067,-1.6875,2.2559;5.2130,-1.1814,3.3363;5.4078,-2.1594,4.1826;4.9177,-3.3818,3.6558;4.8782,-4.7260,4.0709;5.4173,-5.1268,5.3047;6.3123,-6.2664,5.3201;5.1109,-4.5179,6.4717;4.0707,-3.5730,6.6108;3.8727,-3.0533,7.8661;4.6076,-3.4017,8.9238;5.5332,-4.3022,8.6861;6.4801,-4.7879,10.0242;5.8242,-4.8844,7.5463;4.3589,-5.6514,3.1868;3.8664,-5.2762,1.9311;3.8742,-3.9694,1.5062;4.4059,-3.0260,2.3831;5.9083,-0.6611,-3.0100;4.9083,-2.0520,-2.5578;6.5114,-1.8563,-1.8484;4.1410,0.0279,-1.4052;5.7563,0.2114,-0.6752;4.7501,0.1288,1.3463;2.1931,-1.5402,1.0473;2.4332,0.0739,0.3635;2.4162,-0.1454,2.1190;5.8868,-1.9744,5.1233;6.7988,-6.3532,4.3506;5.7708,-7.1896,5.5411;7.0561,-6.1104,6.0990;3.4490,-3.2916,5.7794;3.0942,-2.3298,8.0655;4.3248,-6.6922,3.4694;3.4711,-6.0446,1.2839;3.5197,-3.6813,0.5311;</g>
	</geometry>
	<conformers/>
	<properties/>
</molecule>
