<?xml version="1.0" ?>
<!--MOLLI PACKAGE EXPERIMENTAL XML FORMAT-->
<molecule name="el3669">
	<atoms>
		<a id="1" s="C" t="C.3" l="C"/>
		<a id="2" s="C" t="C.3" l="C"/>
		<a id="3" s="C" t="C.3" l="C"/>
		<a id="4" s="C" t="C.3" l="C"/>
		<a id="5" s="C" t="C.ar" l="C"/>
		<a id="6" s="C" t="C.ar" l="C"/>
		<a id="7" s="C" t="C.ar" l="C"/>
		<a id="8" s="C" t="C.ar" l="C"/>
		<a id="9" s="C" t="C.ar" l="C"/>
		<a id="10" s="Cl" t="Cl" l="CL"/>
		<a id="11" s="N" t="N.ar" l="N"/>
		<a id="12" s="C" t="C.ar" l="C"/>
		<a id="13" s="C" t="C.ar" l="C"/>
		<a id="14" s="F" t="F" l="F"/>
		<a id="15" s="C" t="C.ar" l="C"/>
		<a id="16" s="N" t="N.ar" l="N"/>
		<a id="17" s="N" t="N.ar" l="N"/>
		<a id="18" s="C" t="C.3" l="C"/>
		<a id="19" s="H" t="H" l="H"/>
		<a id="20" s="H" t="H" l="H"/>
		<a id="21" s="H" t="H" l="H"/>
		<a id="22" s="H" t="H" l="H"/>
		<a id="23" s="H" t="H" l="H"/>
		<a id="24" s="H" t="H" l="H"/>
		<a id="25" s="H" t="H" l="H"/>
		<a id="26" s="H" t="H" l="H"/>
		<a id="27" s="H" t="H" l="H"/>
		<a id="28" s="H" t="H" l="H"/>
		<a id="29" s="H" t="H" l="H"/>
		<a id="30" s="H" t="H" l="H"/>
		<a id="31" s="H" t="H" l="H"/>
	</atoms>
	<bonds>
		<b id="1" c="1 2" t="1"/>
		<b id="2" c="2 3" t="1"/>
		<b id="3" c="2 4" t="1"/>
		<b id="4" c="4 5" t="1"/>
		<b id="5" c="5 6" t="ar"/>
		<b id="6" c="6 7" t="1"/>
		<b id="7" c="7 8" t="ar"/>
		<b id="8" c="8 9" t="ar"/>
		<b id="9" c="9 10" t="1"/>
		<b id="10" c="9 11" t="ar"/>
		<b id="11" c="11 12" t="ar"/>
		<b id="12" c="12 13" t="ar"/>
		<b id="13" c="7 13" t="ar"/>
		<b id="14" c="13 14" t="1"/>
		<b id="15" c="6 15" t="ar"/>
		<b id="16" c="15 16" t="ar"/>
		<b id="17" c="16 17" t="ar"/>
		<b id="18" c="5 17" t="ar"/>
		<b id="19" c="17 18" t="1"/>
		<b id="20" c="2 18" t="1"/>
		<b id="21" c="1 19" t="1"/>
		<b id="22" c="1 20" t="1"/>
		<b id="23" c="1 21" t="1"/>
		<b id="24" c="3 22" t="1"/>
		<b id="25" c="3 23" t="1"/>
		<b id="26" c="3 24" t="1"/>
		<b id="27" c="4 25" t="1"/>
		<b id="28" c="4 26" t="1"/>
		<b id="29" c="8 27" t="1"/>
		<b id="30" c="12 28" t="1"/>
		<b id="31" c="15 29" t="1"/>
		<b id="32" c="18 30" t="1"/>
		<b id="33" c="18 31" t="1"/>
	</bonds>
	<geometry>
		<g u="A" t="cart/3d">#31,3:1.0428,0.1654,0.0517;2.5624,0.0506,0.0289;3.0683,-0.0057,-1.4132;3.0648,-1.2035,0.7966;4.3392,-0.7300,1.3965;5.5350,-1.1514,1.9723;5.9557,-2.5055,2.2468;5.0367,-3.5587,2.2493;5.4862,-4.8417,2.5094;4.3643,-6.1461,2.5143;6.7399,-5.1589,2.7629;7.6266,-4.1782,2.7690;7.2836,-2.8632,2.5212;8.2596,-1.9345,2.5355;6.2196,0.0668,2.2249;5.5129,1.1110,1.8453;4.3945,0.6072,1.3456;3.2443,1.2338,0.7622;0.5943,-0.6940,-0.4409;0.7233,1.0643,-0.4702;0.6705,0.2097,1.0729;2.6540,-0.8691,-1.9288;4.1536,-0.0807,-1.4328;2.7735,0.8888,-1.9570;3.2016,-2.0561,0.1313;2.3550,-1.4880,1.5791;3.9922,-3.3761,2.0639;8.6503,-4.4544,2.9772;7.1824,0.2055,2.6715;3.5375,2.0400,0.0883;2.6024,1.6498,1.5470;</g>
	</geometry>
	<conformers/>
	<properties/>
</molecule>
