<?xml version="1.0" ?>
<!--MOLLI PACKAGE EXPERIMENTAL XML FORMAT-->
<molecule name="el3607">
	<atoms>
		<a id="1" s="C" t="C.3" l="C"/>
		<a id="2" s="N" t="N.am" l="N"/>
		<a id="3" s="C" t="C.2" l="C"/>
		<a id="4" s="O" t="O.2" l="O"/>
		<a id="5" s="C" t="C.ar" l="C"/>
		<a id="6" s="C" t="C.ar" l="C"/>
		<a id="7" s="N" t="N.ar" l="N"/>
		<a id="8" s="C" t="C.ar" l="C"/>
		<a id="9" s="Cl" t="Cl" l="CL"/>
		<a id="10" s="C" t="C.ar" l="C"/>
		<a id="11" s="C" t="C.ar" l="C"/>
		<a id="12" s="N" t="N.pl3" l="N"/>
		<a id="13" s="C" t="C.ar" l="C"/>
		<a id="14" s="C" t="C.ar" l="C"/>
		<a id="15" s="C" t="C.ar" l="C"/>
		<a id="16" s="C" t="C.ar" l="C"/>
		<a id="17" s="C" t="C.ar" l="C"/>
		<a id="18" s="C" t="C.2" l="C"/>
		<a id="19" s="O" t="O.2" l="O"/>
		<a id="20" s="N" t="N.am" l="N"/>
		<a id="21" s="C" t="C.3" l="C"/>
		<a id="22" s="C" t="C.ar" l="C"/>
		<a id="23" s="O" t="O.3" l="O"/>
		<a id="24" s="C" t="C.3" l="C"/>
		<a id="25" s="H" t="H" l="H"/>
		<a id="26" s="H" t="H" l="H"/>
		<a id="27" s="H" t="H" l="H"/>
		<a id="28" s="H" t="H" l="H"/>
		<a id="29" s="H" t="H" l="H"/>
		<a id="30" s="H" t="H" l="H"/>
		<a id="31" s="H" t="H" l="H"/>
		<a id="32" s="H" t="H" l="H"/>
		<a id="33" s="H" t="H" l="H"/>
		<a id="34" s="H" t="H" l="H"/>
		<a id="35" s="H" t="H" l="H"/>
		<a id="36" s="H" t="H" l="H"/>
		<a id="37" s="H" t="H" l="H"/>
		<a id="38" s="H" t="H" l="H"/>
		<a id="39" s="H" t="H" l="H"/>
		<a id="40" s="H" t="H" l="H"/>
		<a id="41" s="H" t="H" l="H"/>
	</atoms>
	<bonds>
		<b id="1" c="1 2" t="1"/>
		<b id="2" c="2 3" t="am"/>
		<b id="3" c="3 4" t="2"/>
		<b id="4" c="3 5" t="1"/>
		<b id="5" c="5 6" t="ar"/>
		<b id="6" c="6 7" t="ar"/>
		<b id="7" c="7 8" t="ar"/>
		<b id="8" c="8 9" t="1"/>
		<b id="9" c="8 10" t="ar"/>
		<b id="10" c="10 11" t="ar"/>
		<b id="11" c="5 11" t="ar"/>
		<b id="12" c="11 12" t="1"/>
		<b id="13" c="12 13" t="1"/>
		<b id="14" c="13 14" t="ar"/>
		<b id="15" c="14 15" t="ar"/>
		<b id="16" c="15 16" t="ar"/>
		<b id="17" c="16 17" t="ar"/>
		<b id="18" c="17 18" t="1"/>
		<b id="19" c="18 19" t="2"/>
		<b id="20" c="18 20" t="am"/>
		<b id="21" c="20 21" t="1"/>
		<b id="22" c="17 22" t="ar"/>
		<b id="23" c="13 22" t="ar"/>
		<b id="24" c="22 23" t="1"/>
		<b id="25" c="23 24" t="1"/>
		<b id="26" c="1 25" t="1"/>
		<b id="27" c="1 26" t="1"/>
		<b id="28" c="1 27" t="1"/>
		<b id="29" c="2 28" t="1"/>
		<b id="30" c="6 29" t="1"/>
		<b id="31" c="10 30" t="1"/>
		<b id="32" c="12 31" t="1"/>
		<b id="33" c="14 32" t="1"/>
		<b id="34" c="15 33" t="1"/>
		<b id="35" c="16 34" t="1"/>
		<b id="36" c="20 35" t="1"/>
		<b id="37" c="21 36" t="1"/>
		<b id="38" c="21 37" t="1"/>
		<b id="39" c="21 38" t="1"/>
		<b id="40" c="24 39" t="1"/>
		<b id="41" c="24 40" t="1"/>
		<b id="42" c="24 41" t="1"/>
	</bonds>
	<geometry>
		<g u="A" t="cart/3d">#41,3:5.1412,3.1591,1.7428;5.0312,1.7214,1.7658;4.7638,0.9971,0.6608;4.6453,1.5315,-0.4396;4.6490,-0.4688,0.8602;4.2900,-1.0212,2.0828;4.1956,-2.3146,2.3258;4.4340,-3.1365,1.3185;4.2955,-4.8124,1.6752;4.7510,-2.7381,0.0375;4.8686,-1.3653,-0.2269;5.1307,-0.8614,-1.4512;5.6200,-1.4618,-2.5986;6.4631,-2.5701,-2.6018;6.9674,-3.0589,-3.7935;6.6531,-2.4461,-4.9901;5.8212,-1.3303,-5.0151;5.5521,-0.7039,-6.3510;6.3937,-0.6799,-7.2290;4.3007,-0.2226,-6.5089;3.8660,0.4057,-7.7309;5.3073,-0.8343,-3.8190;4.4697,0.2672,-3.7859;5.1079,1.5353,-3.9184;6.1530,3.4751,2.0029;4.4338,3.6057,2.4424;4.9099,3.4902,0.7320;5.1774,1.2541,2.6453;4.0314,-0.3995,2.9304;4.8510,-3.4663,-0.7479;4.8911,0.1322,-1.5371;6.7614,-3.0199,-1.6681;7.6230,-3.9160,-3.7819;7.0508,-2.8062,-5.9258;3.6721,-0.2216,-5.7194;4.6542,0.2654,-8.4696;3.6983,1.4765,-7.5855;2.9434,-0.0540,-8.0885;4.5314,2.1299,-4.6284;6.1325,1.4328,-4.2841;5.1135,2.0393,-2.9460;</g>
	</geometry>
	<conformers/>
	<properties/>
</molecule>
