<?xml version="1.0" ?>
<!--MOLLI PACKAGE EXPERIMENTAL XML FORMAT-->
<molecule name="el3670">
	<atoms>
		<a id="1" s="F" t="F" l="F"/>
		<a id="2" s="C" t="C.ar" l="C"/>
		<a id="3" s="C" t="C.ar" l="C"/>
		<a id="4" s="N" t="N.ar" l="N"/>
		<a id="5" s="C" t="C.ar" l="C"/>
		<a id="6" s="Cl" t="Cl" l="CL"/>
		<a id="7" s="C" t="C.ar" l="C"/>
		<a id="8" s="C" t="C.ar" l="C"/>
		<a id="9" s="C" t="C.ar" l="C"/>
		<a id="10" s="C" t="C.ar" l="C"/>
		<a id="11" s="N" t="N.ar" l="N"/>
		<a id="12" s="N" t="N.ar" l="N"/>
		<a id="13" s="C" t="C.ar" l="C"/>
		<a id="14" s="C" t="C.3" l="C"/>
		<a id="15" s="C" t="C.3" l="C"/>
		<a id="16" s="C" t="C.3" l="C"/>
		<a id="17" s="C" t="C.3" l="C"/>
		<a id="18" s="H" t="H" l="H"/>
		<a id="19" s="H" t="H" l="H"/>
		<a id="20" s="H" t="H" l="H"/>
		<a id="21" s="H" t="H" l="H"/>
		<a id="22" s="H" t="H" l="H"/>
		<a id="23" s="H" t="H" l="H"/>
		<a id="24" s="H" t="H" l="H"/>
		<a id="25" s="H" t="H" l="H"/>
		<a id="26" s="H" t="H" l="H"/>
		<a id="27" s="H" t="H" l="H"/>
		<a id="28" s="H" t="H" l="H"/>
	</atoms>
	<bonds>
		<b id="1" c="1 2" t="1"/>
		<b id="2" c="2 3" t="ar"/>
		<b id="3" c="3 4" t="ar"/>
		<b id="4" c="4 5" t="ar"/>
		<b id="5" c="5 6" t="1"/>
		<b id="6" c="5 7" t="ar"/>
		<b id="7" c="7 8" t="ar"/>
		<b id="8" c="2 8" t="ar"/>
		<b id="9" c="8 9" t="1"/>
		<b id="10" c="9 10" t="ar"/>
		<b id="11" c="10 11" t="ar"/>
		<b id="12" c="11 12" t="ar"/>
		<b id="13" c="12 13" t="ar"/>
		<b id="14" c="9 13" t="ar"/>
		<b id="15" c="13 14" t="1"/>
		<b id="16" c="14 15" t="1"/>
		<b id="17" c="15 16" t="1"/>
		<b id="18" c="16 17" t="1"/>
		<b id="19" c="12 17" t="1"/>
		<b id="20" c="3 18" t="1"/>
		<b id="21" c="7 19" t="1"/>
		<b id="22" c="10 20" t="1"/>
		<b id="23" c="14 21" t="1"/>
		<b id="24" c="14 22" t="1"/>
		<b id="25" c="15 23" t="1"/>
		<b id="26" c="15 24" t="1"/>
		<b id="27" c="16 25" t="1"/>
		<b id="28" c="16 26" t="1"/>
		<b id="29" c="17 27" t="1"/>
		<b id="30" c="17 28" t="1"/>
	</bonds>
	<geometry>
		<g u="A" t="cart/3d">#28,3:1.3603,-0.0347,-1.2376;2.5885,0.0033,-0.6855;3.2663,1.2065,-0.6679;4.4668,1.3369,-0.1288;5.0154,0.2632,0.4010;6.5787,0.4771,1.0854;4.4232,-0.9891,0.4347;3.1537,-1.1511,-0.1234;2.4704,-2.4267,-0.1315;1.5347,-2.8917,-1.0832;1.1249,-4.1030,-0.7873;1.7530,-4.4440,0.3364;2.5799,-3.4811,0.7781;3.3640,-3.6511,2.0329;2.7580,-4.7590,2.8952;2.5253,-5.9996,2.0364;1.4640,-5.6959,0.9846;2.8300,2.0967,-1.0972;4.9492,-1.8236,0.8645;1.1764,-2.3974,-1.9625;3.3936,-2.7059,2.5796;4.3955,-3.9213,1.7812;1.8077,-4.4237,3.3159;3.4305,-4.9895,3.7220;2.1925,-6.8374,2.6492;3.4602,-6.2846,1.5495;0.4742,-5.6266,1.4523;1.4175,-6.4734,0.2175;</g>
	</geometry>
	<conformers/>
	<properties/>
</molecule>
