<?xml version="1.0" ?>
<!--MOLLI PACKAGE EXPERIMENTAL XML FORMAT-->
<molecule name="el3672">
	<atoms>
		<a id="1" s="C" t="C.3" l="C"/>
		<a id="2" s="C" t="C.2" l="C"/>
		<a id="3" s="N" t="N.2" l="N"/>
		<a id="4" s="C" t="C.ar" l="C"/>
		<a id="5" s="C" t="C.ar" l="C"/>
		<a id="6" s="F" t="F" l="F"/>
		<a id="7" s="C" t="C.ar" l="C"/>
		<a id="8" s="C" t="C.ar" l="C"/>
		<a id="9" s="C" t="C.ar" l="C"/>
		<a id="10" s="C" t="C.ar" l="C"/>
		<a id="11" s="C" t="C.ar" l="C"/>
		<a id="12" s="N" t="N.ar" l="N"/>
		<a id="13" s="C" t="C.ar" l="C"/>
		<a id="14" s="Cl" t="Cl" l="CL"/>
		<a id="15" s="N" t="N.ar" l="N"/>
		<a id="16" s="C" t="C.ar" l="C"/>
		<a id="17" s="C" t="C.ar" l="C"/>
		<a id="18" s="C" t="C.3" l="C"/>
		<a id="19" s="C" t="C.3" l="C"/>
		<a id="20" s="C" t="C.3" l="C"/>
		<a id="21" s="C" t="C.3" l="C"/>
		<a id="22" s="C" t="C.3" l="C"/>
		<a id="23" s="H" t="H" l="H"/>
		<a id="24" s="H" t="H" l="H"/>
		<a id="25" s="H" t="H" l="H"/>
		<a id="26" s="H" t="H" l="H"/>
		<a id="27" s="H" t="H" l="H"/>
		<a id="28" s="H" t="H" l="H"/>
		<a id="29" s="H" t="H" l="H"/>
		<a id="30" s="H" t="H" l="H"/>
		<a id="31" s="H" t="H" l="H"/>
		<a id="32" s="H" t="H" l="H"/>
		<a id="33" s="H" t="H" l="H"/>
		<a id="34" s="H" t="H" l="H"/>
		<a id="35" s="H" t="H" l="H"/>
		<a id="36" s="H" t="H" l="H"/>
		<a id="37" s="H" t="H" l="H"/>
	</atoms>
	<bonds>
		<b id="1" c="1 2" t="1"/>
		<b id="2" c="2 3" t="2"/>
		<b id="3" c="3 4" t="1"/>
		<b id="4" c="4 5" t="ar"/>
		<b id="5" c="5 6" t="1"/>
		<b id="6" c="5 7" t="ar"/>
		<b id="7" c="7 8" t="ar"/>
		<b id="8" c="8 9" t="1"/>
		<b id="9" c="9 10" t="ar"/>
		<b id="10" c="10 11" t="ar"/>
		<b id="11" c="11 12" t="ar"/>
		<b id="12" c="12 13" t="ar"/>
		<b id="13" c="13 14" t="1"/>
		<b id="14" c="13 15" t="ar"/>
		<b id="15" c="9 15" t="ar"/>
		<b id="16" c="8 16" t="ar"/>
		<b id="17" c="16 17" t="ar"/>
		<b id="18" c="4 17" t="ar"/>
		<b id="19" c="17 18" t="1"/>
		<b id="20" c="2 18" t="1"/>
		<b id="21" c="18 19" t="1"/>
		<b id="22" c="19 20" t="1"/>
		<b id="23" c="20 21" t="1"/>
		<b id="24" c="21 22" t="1"/>
		<b id="25" c="18 22" t="1"/>
		<b id="26" c="1 23" t="1"/>
		<b id="27" c="1 24" t="1"/>
		<b id="28" c="1 25" t="1"/>
		<b id="29" c="7 26" t="1"/>
		<b id="30" c="10 27" t="1"/>
		<b id="31" c="11 28" t="1"/>
		<b id="32" c="16 29" t="1"/>
		<b id="33" c="19 30" t="1"/>
		<b id="34" c="19 31" t="1"/>
		<b id="35" c="20 32" t="1"/>
		<b id="36" c="20 33" t="1"/>
		<b id="37" c="21 34" t="1"/>
		<b id="38" c="21 35" t="1"/>
		<b id="39" c="22 36" t="1"/>
		<b id="40" c="22 37" t="1"/>
	</bonds>
	<geometry>
		<g u="A" t="cart/3d">#37,3:0.7002,0.1468,-0.7073;2.1429,-0.1092,-0.5046;2.9121,0.7449,0.0605;4.1934,0.2074,0.1031;5.3610,0.7695,0.5957;5.3667,1.9966,1.1387;6.5432,0.0571,0.5250;6.5739,-1.2267,-0.0229;7.8551,-1.9314,-0.0690;7.9758,-3.3201,-0.2017;9.2579,-3.8389,-0.2321;10.3379,-3.0774,-0.1426;10.1147,-1.7831,-0.0093;11.4921,-0.7850,0.1175;8.9518,-1.1764,0.0345;5.3999,-1.8020,-0.5242;4.2335,-1.0816,-0.4596;2.8394,-1.3984,-0.9218;2.2328,-2.6446,-0.2334;1.4639,-3.3762,-1.3301;2.3347,-3.1537,-2.5608;2.7482,-1.6867,-2.4408;0.4335,1.0954,-0.2510;0.1051,-0.6516,-0.2668;0.4669,0.1869,-1.7710;7.4570,0.4920,0.8962;7.1169,-3.9664,-0.2575;9.4448,-4.9000,-0.3277;5.4135,-2.7803,-0.9801;1.6084,-2.3737,0.6173;3.0430,-3.2755,0.1353;0.4847,-2.9195,-1.4803;1.3199,-4.4300,-1.0965;3.2131,-3.7989,-2.5139;1.8108,-3.3555,-3.4936;1.9899,-1.0482,-2.8943;3.6966,-1.4805,-2.9354;</g>
	</geometry>
	<conformers/>
	<properties/>
</molecule>
