<?xml version="1.0" ?>
<!--MOLLI PACKAGE EXPERIMENTAL XML FORMAT-->
<molecule name="el3674">
	<atoms>
		<a id="1" s="C" t="C.3" l="C"/>
		<a id="2" s="O" t="O.3" l="O"/>
		<a id="3" s="C" t="C.ar" l="C"/>
		<a id="4" s="C" t="C.ar" l="C"/>
		<a id="5" s="C" t="C.ar" l="C"/>
		<a id="6" s="C" t="C.ar" l="C"/>
		<a id="7" s="C" t="C.ar" l="C"/>
		<a id="8" s="C" t="C.ar" l="C"/>
		<a id="9" s="Cl" t="Cl" l="CL"/>
		<a id="10" s="N" t="N.ar" l="N"/>
		<a id="11" s="C" t="C.ar" l="C"/>
		<a id="12" s="C" t="C.ar" l="C"/>
		<a id="13" s="C" t="C.ar" l="C"/>
		<a id="14" s="C" t="C.ar" l="C"/>
		<a id="15" s="C" t="C.ar" l="C"/>
		<a id="16" s="C" t="C.ar" l="C"/>
		<a id="17" s="C" t="C.ar" l="C"/>
		<a id="18" s="C" t="C.ar" l="C"/>
		<a id="19" s="C" t="C.ar" l="C"/>
		<a id="20" s="C" t="C.ar" l="C"/>
		<a id="21" s="C" t="C.ar" l="C"/>
		<a id="22" s="C" t="C.ar" l="C"/>
		<a id="23" s="C" t="C.ar" l="C"/>
		<a id="24" s="C" t="C.ar" l="C"/>
		<a id="25" s="C" t="C.ar" l="C"/>
		<a id="26" s="N" t="N.ar" l="N"/>
		<a id="27" s="N" t="N.ar" l="N"/>
		<a id="28" s="C" t="C.ar" l="C"/>
		<a id="29" s="O" t="O.3" l="O"/>
		<a id="30" s="C" t="C.3" l="C"/>
		<a id="31" s="C" t="C.ar" l="C"/>
		<a id="32" s="C" t="C.ar" l="C"/>
		<a id="33" s="H" t="H" l="H"/>
		<a id="34" s="H" t="H" l="H"/>
		<a id="35" s="H" t="H" l="H"/>
		<a id="36" s="H" t="H" l="H"/>
		<a id="37" s="H" t="H" l="H"/>
		<a id="38" s="H" t="H" l="H"/>
		<a id="39" s="H" t="H" l="H"/>
		<a id="40" s="H" t="H" l="H"/>
		<a id="41" s="H" t="H" l="H"/>
		<a id="42" s="H" t="H" l="H"/>
		<a id="43" s="H" t="H" l="H"/>
		<a id="44" s="H" t="H" l="H"/>
		<a id="45" s="H" t="H" l="H"/>
		<a id="46" s="H" t="H" l="H"/>
		<a id="47" s="H" t="H" l="H"/>
		<a id="48" s="H" t="H" l="H"/>
		<a id="49" s="H" t="H" l="H"/>
		<a id="50" s="H" t="H" l="H"/>
		<a id="51" s="H" t="H" l="H"/>
		<a id="52" s="H" t="H" l="H"/>
	</atoms>
	<bonds>
		<b id="1" c="1 2" t="1"/>
		<b id="2" c="2 3" t="1"/>
		<b id="3" c="3 4" t="ar"/>
		<b id="4" c="4 5" t="ar"/>
		<b id="5" c="5 6" t="ar"/>
		<b id="6" c="6 7" t="1"/>
		<b id="7" c="7 8" t="ar"/>
		<b id="8" c="8 9" t="1"/>
		<b id="9" c="8 10" t="ar"/>
		<b id="10" c="10 11" t="ar"/>
		<b id="11" c="11 12" t="ar"/>
		<b id="12" c="12 13" t="1"/>
		<b id="13" c="13 14" t="ar"/>
		<b id="14" c="14 15" t="ar"/>
		<b id="15" c="15 16" t="ar"/>
		<b id="16" c="16 17" t="ar"/>
		<b id="17" c="17 18" t="ar"/>
		<b id="18" c="13 18" t="ar"/>
		<b id="19" c="12 19" t="ar"/>
		<b id="20" c="19 20" t="1"/>
		<b id="21" c="20 21" t="ar"/>
		<b id="22" c="21 22" t="ar"/>
		<b id="23" c="22 23" t="ar"/>
		<b id="24" c="23 24" t="ar"/>
		<b id="25" c="24 25" t="ar"/>
		<b id="26" c="20 25" t="ar"/>
		<b id="27" c="19 26" t="ar"/>
		<b id="28" c="26 27" t="ar"/>
		<b id="29" c="11 27" t="ar"/>
		<b id="30" c="27 28" t="ar"/>
		<b id="31" c="7 28" t="ar"/>
		<b id="32" c="28 29" t="1"/>
		<b id="33" c="29 30" t="1"/>
		<b id="34" c="6 31" t="ar"/>
		<b id="35" c="31 32" t="ar"/>
		<b id="36" c="3 32" t="ar"/>
		<b id="37" c="1 33" t="1"/>
		<b id="38" c="1 34" t="1"/>
		<b id="39" c="1 35" t="1"/>
		<b id="40" c="4 36" t="1"/>
		<b id="41" c="5 37" t="1"/>
		<b id="42" c="14 38" t="1"/>
		<b id="43" c="15 39" t="1"/>
		<b id="44" c="16 40" t="1"/>
		<b id="45" c="17 41" t="1"/>
		<b id="46" c="18 42" t="1"/>
		<b id="47" c="21 43" t="1"/>
		<b id="48" c="22 44" t="1"/>
		<b id="49" c="23 45" t="1"/>
		<b id="50" c="24 46" t="1"/>
		<b id="51" c="25 47" t="1"/>
		<b id="52" c="30 48" t="1"/>
		<b id="53" c="30 49" t="1"/>
		<b id="54" c="30 50" t="1"/>
		<b id="55" c="31 51" t="1"/>
		<b id="56" c="32 52" t="1"/>
	</bonds>
	<geometry>
		<g u="A" t="cart/3d">#52,3:3.4533,1.3605,0.2162;2.8030,0.1611,-0.1277;3.5342,-0.8388,-0.6900;4.9008,-0.7861,-0.9412;5.5390,-1.8672,-1.5223;4.8373,-3.0160,-1.8616;5.5268,-4.1567,-2.4920;6.2546,-4.0304,-3.6977;6.3019,-2.5126,-4.4956;6.8882,-5.0006,-4.2862;6.8506,-6.1981,-3.7127;7.4133,-7.4195,-4.0762;8.1708,-7.6804,-5.2923;9.0105,-6.6981,-5.8130;9.7234,-6.9333,-6.9732;9.6054,-8.1459,-7.6321;8.7589,-9.1206,-7.1297;8.0428,-8.8916,-5.9704;7.0129,-8.3081,-3.0540;7.3719,-9.7088,-2.8612;8.6457,-10.1718,-3.1839;8.9759,-11.4969,-2.9728;8.0454,-12.3727,-2.4369;6.7822,-11.9149,-2.1003;6.4474,-10.5899,-2.3057;6.2500,-7.7043,-2.1443;6.1386,-6.4301,-2.5252;5.4761,-5.4185,-1.9106;4.8004,-5.5575,-0.7710;4.6464,-6.8198,-0.1435;3.4697,-3.0670,-1.6018;2.8266,-1.9948,-1.0265;2.6811,2.0049,0.6336;3.8929,1.8450,-0.6614;4.2310,1.1956,0.9688;5.4805,0.0881,-0.6902;6.6021,-1.8158,-1.7035;9.0931,-5.7522,-5.3011;10.3748,-6.1664,-7.3667;10.1652,-8.3289,-8.5376;8.6519,-10.0633,-7.6469;7.3724,-9.6492,-5.5914;9.3759,-9.4889,-3.5916;9.9655,-11.8485,-3.2256;8.3065,-13.4086,-2.2777;6.0566,-12.5935,-1.6759;5.4670,-10.2215,-2.0448;4.0411,-6.6170,0.7388;5.6069,-7.2445,0.1487;4.1297,-7.5256,-0.7951;2.9083,-3.9502,-1.8650;1.7671,-2.0214,-0.8271;</g>
	</geometry>
	<conformers/>
	<properties/>
</molecule>
