<?xml version="1.0" ?>
<!--MOLLI PACKAGE EXPERIMENTAL XML FORMAT-->
<molecule name="el3676">
	<atoms>
		<a id="1" s="C" t="C.3" l="C"/>
		<a id="2" s="C" t="C.ar" l="C"/>
		<a id="3" s="N" t="N.ar" l="N"/>
		<a id="4" s="C" t="C.ar" l="C"/>
		<a id="5" s="C" t="C.ar" l="C"/>
		<a id="6" s="F" t="F" l="F"/>
		<a id="7" s="C" t="C.ar" l="C"/>
		<a id="8" s="C" t="C.ar" l="C"/>
		<a id="9" s="C" t="C.ar" l="C"/>
		<a id="10" s="N" t="N.ar" l="N"/>
		<a id="11" s="C" t="C.ar" l="C"/>
		<a id="12" s="Cl" t="Cl" l="CL"/>
		<a id="13" s="N" t="N.ar" l="N"/>
		<a id="14" s="C" t="C.ar" l="C"/>
		<a id="15" s="C" t="C.ar" l="C"/>
		<a id="16" s="F" t="F" l="F"/>
		<a id="17" s="C" t="C.ar" l="C"/>
		<a id="18" s="C" t="C.ar" l="C"/>
		<a id="19" s="N" t="N.ar" l="N"/>
		<a id="20" s="C" t="C.3" l="C"/>
		<a id="21" s="C" t="C.3" l="C"/>
		<a id="22" s="C" t="C.3" l="C"/>
		<a id="23" s="H" t="H" l="H"/>
		<a id="24" s="H" t="H" l="H"/>
		<a id="25" s="H" t="H" l="H"/>
		<a id="26" s="H" t="H" l="H"/>
		<a id="27" s="H" t="H" l="H"/>
		<a id="28" s="H" t="H" l="H"/>
		<a id="29" s="H" t="H" l="H"/>
		<a id="30" s="H" t="H" l="H"/>
		<a id="31" s="H" t="H" l="H"/>
		<a id="32" s="H" t="H" l="H"/>
		<a id="33" s="H" t="H" l="H"/>
	</atoms>
	<bonds>
		<b id="1" c="1 2" t="1"/>
		<b id="2" c="2 3" t="ar"/>
		<b id="3" c="3 4" t="ar"/>
		<b id="4" c="4 5" t="ar"/>
		<b id="5" c="5 6" t="1"/>
		<b id="6" c="5 7" t="ar"/>
		<b id="7" c="7 8" t="ar"/>
		<b id="8" c="8 9" t="1"/>
		<b id="9" c="9 10" t="ar"/>
		<b id="10" c="10 11" t="ar"/>
		<b id="11" c="11 12" t="1"/>
		<b id="12" c="11 13" t="ar"/>
		<b id="13" c="13 14" t="ar"/>
		<b id="14" c="14 15" t="ar"/>
		<b id="15" c="9 15" t="ar"/>
		<b id="16" c="15 16" t="1"/>
		<b id="17" c="8 17" t="ar"/>
		<b id="18" c="17 18" t="ar"/>
		<b id="19" c="4 18" t="ar"/>
		<b id="20" c="18 19" t="ar"/>
		<b id="21" c="2 19" t="ar"/>
		<b id="22" c="19 20" t="1"/>
		<b id="23" c="20 21" t="1"/>
		<b id="24" c="21 22" t="1"/>
		<b id="25" c="20 22" t="1"/>
		<b id="26" c="1 23" t="1"/>
		<b id="27" c="1 24" t="1"/>
		<b id="28" c="1 25" t="1"/>
		<b id="29" c="7 26" t="1"/>
		<b id="30" c="14 27" t="1"/>
		<b id="31" c="17 28" t="1"/>
		<b id="32" c="20 29" t="1"/>
		<b id="33" c="21 30" t="1"/>
		<b id="34" c="21 31" t="1"/>
		<b id="35" c="22 32" t="1"/>
		<b id="36" c="22 33" t="1"/>
	</bonds>
	<geometry>
		<g u="A" t="cart/3d">#33,3:0.9392,0.2002,-0.1093;2.4196,0.1998,-0.0283;3.0862,-0.9223,-0.0089;4.4018,-0.5859,0.0556;5.5641,-1.3546,0.0992;5.5036,-2.6951,0.0664;6.7918,-0.7400,0.1715;6.8933,0.6626,0.1975;8.1804,1.3476,0.2528;8.1764,2.6411,-0.0874;9.3051,3.3092,-0.0669;9.2177,4.9497,-0.5132;10.4999,2.8507,0.2586;10.5444,1.5787,0.6183;9.4099,0.7848,0.6358;9.5299,-0.4900,1.0408;5.7488,1.4580,0.1472;4.5239,0.8266,0.0782;3.2312,1.3066,0.0160;2.9568,2.7055,0.0654;2.1805,3.3115,1.2024;1.6248,3.3397,-0.1904;0.6120,-0.8342,-0.0490;0.6033,0.6145,-1.0591;0.4913,0.7620,0.7079;7.6672,-1.3664,0.1904;11.5098,1.1843,0.9025;5.8604,2.5292,0.1693;3.8193,3.2597,-0.2852;2.5465,4.2250,1.6434;1.7275,2.6370,1.9128;1.6357,4.2784,-0.7237;0.7661,2.7334,-0.4150;</g>
	</geometry>
	<conformers/>
	<properties/>
</molecule>
