<?xml version="1.0" ?>
<!--MOLLI PACKAGE EXPERIMENTAL XML FORMAT-->
<molecule name="el3678">
	<atoms>
		<a id="1" s="C" t="C.3" l="C"/>
		<a id="2" s="C" t="C.ar" l="C"/>
		<a id="3" s="C" t="C.ar" l="C"/>
		<a id="4" s="C" t="C.ar" l="C"/>
		<a id="5" s="C" t="C.ar" l="C"/>
		<a id="6" s="C" t="C.3" l="C"/>
		<a id="7" s="N" t="N.pl3" l="N"/>
		<a id="8" s="C" t="C.ar" l="C"/>
		<a id="9" s="N" t="N.ar" l="N"/>
		<a id="10" s="C" t="C.ar" l="C"/>
		<a id="11" s="C" t="C.ar" l="C"/>
		<a id="12" s="C" t="C.ar" l="C"/>
		<a id="13" s="C" t="C.ar" l="C"/>
		<a id="14" s="N" t="N.pl3" l="N"/>
		<a id="15" s="O" t="O.2" l="O"/>
		<a id="16" s="O" t="O.co2" l="O"/>
		<a id="17" s="C" t="C.ar" l="C"/>
		<a id="18" s="C" t="C.ar" l="C"/>
		<a id="19" s="N" t="N.ar" l="N"/>
		<a id="20" s="C" t="C.ar" l="C"/>
		<a id="21" s="Cl" t="Cl" l="CL"/>
		<a id="22" s="C" t="C.ar" l="C"/>
		<a id="23" s="C" t="C.ar" l="C"/>
		<a id="24" s="H" t="H" l="H"/>
		<a id="25" s="H" t="H" l="H"/>
		<a id="26" s="H" t="H" l="H"/>
		<a id="27" s="H" t="H" l="H"/>
		<a id="28" s="H" t="H" l="H"/>
		<a id="29" s="H" t="H" l="H"/>
		<a id="30" s="H" t="H" l="H"/>
		<a id="31" s="H" t="H" l="H"/>
		<a id="32" s="H" t="H" l="H"/>
		<a id="33" s="H" t="H" l="H"/>
		<a id="34" s="H" t="H" l="H"/>
		<a id="35" s="H" t="H" l="H"/>
		<a id="36" s="H" t="H" l="H"/>
	</atoms>
	<bonds>
		<b id="1" c="1 2" t="1"/>
		<b id="2" c="2 3" t="ar"/>
		<b id="3" c="3 4" t="ar"/>
		<b id="4" c="4 5" t="ar"/>
		<b id="5" c="5 6" t="1"/>
		<b id="6" c="6 7" t="1"/>
		<b id="7" c="7 8" t="1"/>
		<b id="8" c="8 9" t="ar"/>
		<b id="9" c="9 10" t="ar"/>
		<b id="10" c="10 11" t="ar"/>
		<b id="11" c="11 12" t="ar"/>
		<b id="12" c="12 13" t="ar"/>
		<b id="13" c="13 14" t="1"/>
		<b id="14" c="14 15" t="2"/>
		<b id="15" c="14 16" t="1"/>
		<b id="16" c="13 17" t="ar"/>
		<b id="17" c="17 18" t="ar"/>
		<b id="18" c="10 18" t="ar"/>
		<b id="19" c="18 19" t="ar"/>
		<b id="20" c="19 20" t="ar"/>
		<b id="21" c="8 20" t="ar"/>
		<b id="22" c="20 21" t="1"/>
		<b id="23" c="5 22" t="ar"/>
		<b id="24" c="22 23" t="ar"/>
		<b id="25" c="2 23" t="ar"/>
		<b id="26" c="1 24" t="1"/>
		<b id="27" c="1 25" t="1"/>
		<b id="28" c="1 26" t="1"/>
		<b id="29" c="3 27" t="1"/>
		<b id="30" c="4 28" t="1"/>
		<b id="31" c="6 29" t="1"/>
		<b id="32" c="6 30" t="1"/>
		<b id="33" c="7 31" t="1"/>
		<b id="34" c="11 32" t="1"/>
		<b id="35" c="12 33" t="1"/>
		<b id="36" c="17 34" t="1"/>
		<b id="37" c="22 35" t="1"/>
		<b id="38" c="23 36" t="1"/>
	</bonds>
	<geometry>
		<g u="A" t="cart/3d">#36,3:1.7922,0.3463,-2.7608;0.4882,0.2338,-2.0338;0.2644,0.9093,-0.8413;-0.9431,0.7927,-0.1767;-1.9572,-0.0055,-0.6897;-3.2786,-0.1065,0.0231;-4.0346,1.1072,-0.2203;-5.3339,1.3726,-0.0384;-5.7344,2.5533,-0.4887;-7.0257,2.9047,-0.3916;-7.4592,4.1579,-0.8747;-8.7801,4.4952,-0.8010;-9.7105,3.5977,-0.2434;-11.0956,3.9792,-0.1881;-11.3968,5.0762,-0.6130;-11.8830,3.1831,0.2793;-9.3263,2.3697,0.2499;-7.9761,2.0162,0.1843;-7.5534,0.8327,0.6915;-6.3066,0.5201,0.6032;-5.8795,-0.9727,1.3555;-1.7400,-0.6774,-1.8853;-0.5320,-0.5602,-2.5462;2.4848,0.9902,-2.2252;1.6355,0.7560,-3.7578;2.2473,-0.6367,-2.8749;1.0441,1.5307,-0.4252;-1.0981,1.3218,0.7527;-3.1165,-0.2330,1.1004;-3.8359,-0.9712,-0.3453;-3.5345,1.8609,-0.6734;-6.7270,4.8234,-1.3021;-9.1420,5.4446,-1.1657;-10.0454,1.6902,0.6799;-2.5203,-1.2997,-2.2989;-0.3752,-1.0921,-3.4734;</g>
	</geometry>
	<conformers/>
	<properties/>
</molecule>
