<?xml version="1.0" ?>
<!--MOLLI PACKAGE EXPERIMENTAL XML FORMAT-->
<molecule name="el3679">
	<atoms>
		<a id="1" s="N" t="N.1" l="N"/>
		<a id="2" s="C" t="C.1" l="C"/>
		<a id="3" s="C" t="C.ar" l="C"/>
		<a id="4" s="C" t="C.ar" l="C"/>
		<a id="5" s="C" t="C.ar" l="C"/>
		<a id="6" s="C" t="C.ar" l="C"/>
		<a id="7" s="O" t="O.3" l="O"/>
		<a id="8" s="C" t="C.ar" l="C"/>
		<a id="9" s="C" t="C.ar" l="C"/>
		<a id="10" s="C" t="C.ar" l="C"/>
		<a id="11" s="C" t="C.ar" l="C"/>
		<a id="12" s="N" t="N.ar" l="N"/>
		<a id="13" s="C" t="C.ar" l="C"/>
		<a id="14" s="Cl" t="Cl" l="CL"/>
		<a id="15" s="C" t="C.ar" l="C"/>
		<a id="16" s="C" t="C.ar" l="C"/>
		<a id="17" s="H" t="H" l="H"/>
		<a id="18" s="H" t="H" l="H"/>
		<a id="19" s="H" t="H" l="H"/>
		<a id="20" s="H" t="H" l="H"/>
		<a id="21" s="H" t="H" l="H"/>
		<a id="22" s="H" t="H" l="H"/>
		<a id="23" s="H" t="H" l="H"/>
	</atoms>
	<bonds>
		<b id="1" c="1 2" t="3"/>
		<b id="2" c="2 3" t="1"/>
		<b id="3" c="3 4" t="ar"/>
		<b id="4" c="4 5" t="ar"/>
		<b id="5" c="5 6" t="ar"/>
		<b id="6" c="6 7" t="1"/>
		<b id="7" c="7 8" t="1"/>
		<b id="8" c="8 9" t="ar"/>
		<b id="9" c="9 10" t="ar"/>
		<b id="10" c="10 11" t="ar"/>
		<b id="11" c="11 12" t="ar"/>
		<b id="12" c="12 13" t="ar"/>
		<b id="13" c="8 13" t="ar"/>
		<b id="14" c="13 14" t="1"/>
		<b id="15" c="6 15" t="ar"/>
		<b id="16" c="15 16" t="ar"/>
		<b id="17" c="3 16" t="ar"/>
		<b id="18" c="4 17" t="1"/>
		<b id="19" c="5 18" t="1"/>
		<b id="20" c="9 19" t="1"/>
		<b id="21" c="10 20" t="1"/>
		<b id="22" c="11 21" t="1"/>
		<b id="23" c="15 22" t="1"/>
		<b id="24" c="16 23" t="1"/>
	</bonds>
	<geometry>
		<g u="A" t="cart/3d">#23,3:-3.0693,0.3306,0.1288;-1.9278,0.2263,0.1200;-0.5204,0.0999,0.1057;0.0672,-1.1651,0.1300;1.4406,-1.2924,0.1040;2.2411,-0.1536,0.0472;3.6067,-0.1937,0.0721;4.2917,-1.2325,-0.4756;3.8937,-1.9306,-1.6103;4.7158,-2.9275,-2.1137;5.9123,-3.1893,-1.4693;6.3103,-2.5175,-0.4010;5.5364,-1.5749,0.0792;6.1012,-0.7265,1.4604;1.6560,1.1121,0.0445;0.2847,1.2403,0.0730;-0.5578,-2.0444,0.1752;1.8941,-2.2719,0.1441;2.9597,-1.6847,-2.0948;4.4265,-3.4808,-2.9926;6.5902,-3.9575,-1.8111;2.2970,1.9790,0.0218;-0.1728,2.2180,0.0657;</g>
	</geometry>
	<conformers/>
	<properties/>
</molecule>
