<?xml version="1.0" ?>
<!--MOLLI PACKAGE EXPERIMENTAL XML FORMAT-->
<molecule name="el3608">
	<atoms>
		<a id="1" s="C" t="C.3" l="C"/>
		<a id="2" s="N" t="N.am" l="N"/>
		<a id="3" s="C" t="C.2" l="C"/>
		<a id="4" s="O" t="O.2" l="O"/>
		<a id="5" s="C" t="C.ar" l="C"/>
		<a id="6" s="C" t="C.ar" l="C"/>
		<a id="7" s="C" t="C.ar" l="C"/>
		<a id="8" s="C" t="C.ar" l="C"/>
		<a id="9" s="C" t="C.ar" l="C"/>
		<a id="10" s="N" t="N.pl3" l="N"/>
		<a id="11" s="C" t="C.ar" l="C"/>
		<a id="12" s="C" t="C.ar" l="C"/>
		<a id="13" s="C" t="C.ar" l="C"/>
		<a id="14" s="Cl" t="Cl" l="CL"/>
		<a id="15" s="N" t="N.ar" l="N"/>
		<a id="16" s="C" t="C.ar" l="C"/>
		<a id="17" s="C" t="C.ar" l="C"/>
		<a id="18" s="C" t="C.2" l="C"/>
		<a id="19" s="N" t="N.am" l="N"/>
		<a id="20" s="O" t="O.2" l="O"/>
		<a id="21" s="C" t="C.ar" l="C"/>
		<a id="22" s="O" t="O.3" l="O"/>
		<a id="23" s="C" t="C.3" l="C"/>
		<a id="24" s="H" t="H" l="H"/>
		<a id="25" s="H" t="H" l="H"/>
		<a id="26" s="H" t="H" l="H"/>
		<a id="27" s="H" t="H" l="H"/>
		<a id="28" s="H" t="H" l="H"/>
		<a id="29" s="H" t="H" l="H"/>
		<a id="30" s="H" t="H" l="H"/>
		<a id="31" s="H" t="H" l="H"/>
		<a id="32" s="H" t="H" l="H"/>
		<a id="33" s="H" t="H" l="H"/>
		<a id="34" s="H" t="H" l="H"/>
		<a id="35" s="H" t="H" l="H"/>
		<a id="36" s="H" t="H" l="H"/>
		<a id="37" s="H" t="H" l="H"/>
		<a id="38" s="H" t="H" l="H"/>
	</atoms>
	<bonds>
		<b id="1" c="1 2" t="1"/>
		<b id="2" c="2 3" t="am"/>
		<b id="3" c="3 4" t="2"/>
		<b id="4" c="3 5" t="1"/>
		<b id="5" c="5 6" t="ar"/>
		<b id="6" c="6 7" t="ar"/>
		<b id="7" c="7 8" t="ar"/>
		<b id="8" c="8 9" t="ar"/>
		<b id="9" c="9 10" t="1"/>
		<b id="10" c="10 11" t="1"/>
		<b id="11" c="11 12" t="ar"/>
		<b id="12" c="12 13" t="ar"/>
		<b id="13" c="13 14" t="1"/>
		<b id="14" c="13 15" t="ar"/>
		<b id="15" c="15 16" t="ar"/>
		<b id="16" c="16 17" t="ar"/>
		<b id="17" c="11 17" t="ar"/>
		<b id="18" c="17 18" t="1"/>
		<b id="19" c="18 19" t="am"/>
		<b id="20" c="18 20" t="2"/>
		<b id="21" c="9 21" t="ar"/>
		<b id="22" c="5 21" t="ar"/>
		<b id="23" c="21 22" t="1"/>
		<b id="24" c="22 23" t="1"/>
		<b id="25" c="1 24" t="1"/>
		<b id="26" c="1 25" t="1"/>
		<b id="27" c="1 26" t="1"/>
		<b id="28" c="2 27" t="1"/>
		<b id="29" c="6 28" t="1"/>
		<b id="30" c="7 29" t="1"/>
		<b id="31" c="8 30" t="1"/>
		<b id="32" c="10 31" t="1"/>
		<b id="33" c="12 32" t="1"/>
		<b id="34" c="16 33" t="1"/>
		<b id="35" c="19 34" t="1"/>
		<b id="36" c="19 35" t="1"/>
		<b id="37" c="23 36" t="1"/>
		<b id="38" c="23 37" t="1"/>
		<b id="39" c="23 38" t="1"/>
	</bonds>
	<geometry>
		<g u="A" t="cart/3d">#38,3:1.3618,0.0417,0.2700;2.7720,0.0546,-0.0305;3.2510,-0.1400,-1.2826;2.5303,-0.3096,-2.2458;4.7483,-0.1905,-1.3374;5.3463,-1.2052,-0.5827;6.7075,-1.4122,-0.6090;7.5101,-0.6094,-1.4037;6.9458,0.3900,-2.1795;7.6965,1.2645,-2.9550;8.8199,1.0292,-3.6610;9.3006,-0.2655,-3.9232;10.4499,-0.4029,-4.6684;11.0671,-1.9745,-4.9932;11.1353,0.6007,-5.1910;10.6783,1.8182,-4.9715;9.5570,2.1204,-4.2083;9.1042,3.5142,-3.9953;10.0260,4.4849,-4.1862;7.9648,3.8065,-3.6561;5.5471,0.6245,-2.1383;5.1669,1.6864,-2.8889;3.8635,2.2147,-2.8241;1.1166,-0.7707,0.9570;0.8333,-0.1098,-0.6699;1.0516,0.9904,0.7123;3.4200,0.1712,0.7321;4.7148,-1.8462,0.0147;7.1509,-2.1931,-0.0113;8.5806,-0.7397,-1.3969;7.3062,2.2041,-3.0765;8.7589,-1.1334,-3.5890;11.2493,2.5921,-5.4675;10.9863,4.2965,-4.4028;9.7334,5.4387,-4.0534;3.9194,3.1694,-3.3460;3.5513,2.3825,-1.7887;3.1383,1.5637,-3.3174;</g>
	</geometry>
	<conformers/>
	<properties/>
</molecule>
