<?xml version="1.0" ?>
<!--MOLLI PACKAGE EXPERIMENTAL XML FORMAT-->
<molecule name="el3680">
	<atoms>
		<a id="1" s="C" t="C.3" l="C"/>
		<a id="2" s="N" t="N.am" l="N"/>
		<a id="3" s="C" t="C.2" l="C"/>
		<a id="4" s="O" t="O.2" l="O"/>
		<a id="5" s="C" t="C.ar" l="C"/>
		<a id="6" s="C" t="C.ar" l="C"/>
		<a id="7" s="C" t="C.ar" l="C"/>
		<a id="8" s="C" t="C.ar" l="C"/>
		<a id="9" s="C" t="C.ar" l="C"/>
		<a id="10" s="C" t="C.ar" l="C"/>
		<a id="11" s="N" t="N.pl3" l="N"/>
		<a id="12" s="C" t="C.ar" l="C"/>
		<a id="13" s="N" t="N.ar" l="N"/>
		<a id="14" s="C" t="C.ar" l="C"/>
		<a id="15" s="Cl" t="Cl" l="CL"/>
		<a id="16" s="N" t="N.ar" l="N"/>
		<a id="17" s="C" t="C.ar" l="C"/>
		<a id="18" s="C" t="C.ar" l="C"/>
		<a id="19" s="C" t="C.ar" l="C"/>
		<a id="20" s="C" t="C.ar" l="C"/>
		<a id="21" s="N" t="N.ar" l="N"/>
		<a id="22" s="S" t="S.O2" l="S"/>
		<a id="23" s="O" t="O.2" l="O"/>
		<a id="24" s="O" t="O.2" l="O"/>
		<a id="25" s="C" t="C.ar" l="C"/>
		<a id="26" s="C" t="C.ar" l="C"/>
		<a id="27" s="C" t="C.ar" l="C"/>
		<a id="28" s="C" t="C.ar" l="C"/>
		<a id="29" s="C" t="C.3" l="C"/>
		<a id="30" s="C" t="C.ar" l="C"/>
		<a id="31" s="C" t="C.ar" l="C"/>
		<a id="32" s="H" t="H" l="H"/>
		<a id="33" s="H" t="H" l="H"/>
		<a id="34" s="H" t="H" l="H"/>
		<a id="35" s="H" t="H" l="H"/>
		<a id="36" s="H" t="H" l="H"/>
		<a id="37" s="H" t="H" l="H"/>
		<a id="38" s="H" t="H" l="H"/>
		<a id="39" s="H" t="H" l="H"/>
		<a id="40" s="H" t="H" l="H"/>
		<a id="41" s="H" t="H" l="H"/>
		<a id="42" s="H" t="H" l="H"/>
		<a id="43" s="H" t="H" l="H"/>
		<a id="44" s="H" t="H" l="H"/>
		<a id="45" s="H" t="H" l="H"/>
		<a id="46" s="H" t="H" l="H"/>
		<a id="47" s="H" t="H" l="H"/>
		<a id="48" s="H" t="H" l="H"/>
		<a id="49" s="H" t="H" l="H"/>
	</atoms>
	<bonds>
		<b id="1" c="1 2" t="1"/>
		<b id="2" c="2 3" t="am"/>
		<b id="3" c="3 4" t="2"/>
		<b id="4" c="3 5" t="1"/>
		<b id="5" c="5 6" t="ar"/>
		<b id="6" c="6 7" t="ar"/>
		<b id="7" c="7 8" t="ar"/>
		<b id="8" c="8 9" t="ar"/>
		<b id="9" c="9 10" t="ar"/>
		<b id="10" c="5 10" t="ar"/>
		<b id="11" c="10 11" t="1"/>
		<b id="12" c="11 12" t="1"/>
		<b id="13" c="12 13" t="ar"/>
		<b id="14" c="13 14" t="ar"/>
		<b id="15" c="14 15" t="1"/>
		<b id="16" c="14 16" t="ar"/>
		<b id="17" c="16 17" t="ar"/>
		<b id="18" c="17 18" t="ar"/>
		<b id="19" c="12 18" t="ar"/>
		<b id="20" c="18 19" t="ar"/>
		<b id="21" c="19 20" t="ar"/>
		<b id="22" c="20 21" t="ar"/>
		<b id="23" c="17 21" t="ar"/>
		<b id="24" c="21 22" t="1"/>
		<b id="25" c="22 23" t="2"/>
		<b id="26" c="22 24" t="2"/>
		<b id="27" c="22 25" t="1"/>
		<b id="28" c="25 26" t="ar"/>
		<b id="29" c="26 27" t="ar"/>
		<b id="30" c="27 28" t="ar"/>
		<b id="31" c="28 29" t="1"/>
		<b id="32" c="28 30" t="ar"/>
		<b id="33" c="30 31" t="ar"/>
		<b id="34" c="25 31" t="ar"/>
		<b id="35" c="1 32" t="1"/>
		<b id="36" c="1 33" t="1"/>
		<b id="37" c="1 34" t="1"/>
		<b id="38" c="2 35" t="1"/>
		<b id="39" c="6 36" t="1"/>
		<b id="40" c="7 37" t="1"/>
		<b id="41" c="8 38" t="1"/>
		<b id="42" c="9 39" t="1"/>
		<b id="43" c="11 40" t="1"/>
		<b id="44" c="19 41" t="1"/>
		<b id="45" c="20 42" t="1"/>
		<b id="46" c="26 43" t="1"/>
		<b id="47" c="27 44" t="1"/>
		<b id="48" c="29 45" t="1"/>
		<b id="49" c="29 46" t="1"/>
		<b id="50" c="29 47" t="1"/>
		<b id="51" c="30 48" t="1"/>
		<b id="52" c="31 49" t="1"/>
	</bonds>
	<geometry>
		<g u="A" t="cart/3d">#49,3:7.1677,4.6827,-3.1075;6.5888,3.9059,-2.0370;6.7584,2.5560,-1.9480;7.3098,1.9041,-2.8084;6.1909,1.9675,-0.6940;7.0265,1.1869,0.0932;6.5741,0.6514,1.2852;5.2704,0.8893,1.6883;4.4126,1.6354,0.9014;4.8601,2.1763,-0.3003;4.0238,2.8824,-1.1650;2.7829,3.3847,-0.9744;2.1843,3.3081,0.2154;0.9822,3.8314,0.3517;0.3025,3.7137,1.9089;0.2386,4.4411,-0.5414;0.8274,4.5305,-1.7339;2.1143,4.0337,-2.0350;2.3600,4.3673,-3.3981;1.2563,5.0263,-3.8419;0.3211,5.1363,-2.8361;-1.2692,5.8065,-2.9955;-1.1192,6.8407,-3.9718;-2.1592,4.7269,-3.2759;-1.5161,6.4552,-1.3650;-0.8016,7.5702,-0.9837;-0.9228,8.0291,0.3167;-1.7473,7.3754,1.2252;-1.8537,7.8420,2.6429;-2.4655,6.2582,0.8058;-2.3521,5.7922,-0.4893;6.4127,5.3299,-3.5575;7.5408,3.9816,-3.8528;7.9960,5.2971,-2.7484;6.2574,4.4076,-1.2273;8.0379,1.0145,-0.2426;7.2343,0.0534,1.8938;4.9089,0.4790,2.6189;3.3947,1.8077,1.2051;4.3983,3.0300,-2.0933;3.2359,4.1405,-3.9736;1.0300,5.4515,-4.7987;-0.1648,8.0612,-1.7025;-0.3631,8.8977,0.6318;-1.3747,8.8081,2.7765;-1.3714,7.1218,3.3037;-2.8967,7.9197,2.9434;-3.1035,5.7455,1.5086;-2.8801,4.9194,-0.8332;</g>
	</geometry>
	<conformers/>
	<properties/>
</molecule>
