<?xml version="1.0" ?>
<!--MOLLI PACKAGE EXPERIMENTAL XML FORMAT-->
<molecule name="el3685">
	<atoms>
		<a id="1" s="C" t="C.3" l="C"/>
		<a id="2" s="C" t="C.ar" l="C"/>
		<a id="3" s="C" t="C.ar" l="C"/>
		<a id="4" s="C" t="C.ar" l="C"/>
		<a id="5" s="C" t="C.1" l="C"/>
		<a id="6" s="N" t="N.1" l="N"/>
		<a id="7" s="C" t="C.ar" l="C"/>
		<a id="8" s="C" t="C.ar" l="C"/>
		<a id="9" s="C" t="C.3" l="C"/>
		<a id="10" s="C" t="C.ar" l="C"/>
		<a id="11" s="O" t="O.3" l="O"/>
		<a id="12" s="C" t="C.ar" l="C"/>
		<a id="13" s="N" t="N.ar" l="N"/>
		<a id="14" s="C" t="C.ar" l="C"/>
		<a id="15" s="Cl" t="Cl" l="CL"/>
		<a id="16" s="N" t="N.ar" l="N"/>
		<a id="17" s="C" t="C.ar" l="C"/>
		<a id="18" s="S" t="S.2" l="S"/>
		<a id="19" s="C" t="C.ar" l="C"/>
		<a id="20" s="C" t="C.ar" l="C"/>
		<a id="21" s="C" t="C.ar" l="C"/>
		<a id="22" s="C" t="C.ar" l="C"/>
		<a id="23" s="C" t="C.ar" l="C"/>
		<a id="24" s="C" t="C.ar" l="C"/>
		<a id="25" s="C" t="C.ar" l="C"/>
		<a id="26" s="H" t="H" l="H"/>
		<a id="27" s="H" t="H" l="H"/>
		<a id="28" s="H" t="H" l="H"/>
		<a id="29" s="H" t="H" l="H"/>
		<a id="30" s="H" t="H" l="H"/>
		<a id="31" s="H" t="H" l="H"/>
		<a id="32" s="H" t="H" l="H"/>
		<a id="33" s="H" t="H" l="H"/>
		<a id="34" s="H" t="H" l="H"/>
		<a id="35" s="H" t="H" l="H"/>
		<a id="36" s="H" t="H" l="H"/>
		<a id="37" s="H" t="H" l="H"/>
	</atoms>
	<bonds>
		<b id="1" c="1 2" t="1"/>
		<b id="2" c="2 3" t="ar"/>
		<b id="3" c="3 4" t="ar"/>
		<b id="4" c="4 5" t="1"/>
		<b id="5" c="5 6" t="3"/>
		<b id="6" c="4 7" t="ar"/>
		<b id="7" c="7 8" t="ar"/>
		<b id="8" c="8 9" t="1"/>
		<b id="9" c="8 10" t="ar"/>
		<b id="10" c="2 10" t="ar"/>
		<b id="11" c="10 11" t="1"/>
		<b id="12" c="11 12" t="1"/>
		<b id="13" c="12 13" t="ar"/>
		<b id="14" c="13 14" t="ar"/>
		<b id="15" c="14 15" t="1"/>
		<b id="16" c="14 16" t="ar"/>
		<b id="17" c="16 17" t="ar"/>
		<b id="18" c="17 18" t="ar"/>
		<b id="19" c="18 19" t="ar"/>
		<b id="20" c="19 20" t="ar"/>
		<b id="21" c="20 21" t="ar"/>
		<b id="22" c="21 22" t="ar"/>
		<b id="23" c="22 23" t="ar"/>
		<b id="24" c="23 24" t="ar"/>
		<b id="25" c="19 24" t="ar"/>
		<b id="26" c="24 25" t="ar"/>
		<b id="27" c="12 25" t="ar"/>
		<b id="28" c="17 25" t="ar"/>
		<b id="29" c="1 26" t="1"/>
		<b id="30" c="1 27" t="1"/>
		<b id="31" c="1 28" t="1"/>
		<b id="32" c="3 29" t="1"/>
		<b id="33" c="7 30" t="1"/>
		<b id="34" c="9 31" t="1"/>
		<b id="35" c="9 32" t="1"/>
		<b id="36" c="9 33" t="1"/>
		<b id="37" c="20 34" t="1"/>
		<b id="38" c="21 35" t="1"/>
		<b id="39" c="22 36" t="1"/>
		<b id="40" c="23 37" t="1"/>
	</bonds>
	<geometry>
		<g u="A" t="cart/3d">#37,3:1.5331,2.0918,1.7987;0.9748,1.1127,0.8153;-0.3680,1.1411,0.4715;-0.8844,0.2283,-0.4437;-2.2577,0.2662,-0.7801;-3.3708,0.2947,-1.0516;-0.0578,-0.7308,-1.0262;1.2870,-0.7787,-0.7036;2.2074,-1.7854,-1.3193;1.7839,0.1500,0.2129;3.1299,0.0347,0.5669;3.9658,0.9876,0.1690;3.5160,1.9765,-0.5909;4.3779,2.9024,-0.9754;3.7418,4.1519,-1.9371;5.6577,2.9661,-0.6951;6.1149,1.9766,0.0610;7.7704,1.8552,0.5583;7.4145,0.3729,1.4325;8.3240,-0.3828,2.1533;7.8755,-1.5284,2.7832;6.5410,-1.9156,2.6967;5.6317,-1.1650,1.9808;6.0632,-0.0069,1.3386;5.3183,0.9247,0.5458;0.7441,2.4942,2.4275;2.0027,2.9183,1.2655;2.2868,1.6247,2.4300;-1.0203,1.8768,0.9181;-0.4703,-1.4340,-1.7342;1.6588,-2.4652,-1.9647;2.7140,-2.3601,-0.5453;2.9721,-1.2815,-1.9103;9.3562,-0.0776,2.2166;8.5700,-2.1301,3.3492;6.2153,-2.8147,3.1972;4.5958,-1.4566,1.9103;</g>
	</geometry>
	<conformers/>
	<properties/>
</molecule>
