<?xml version="1.0" ?>
<!--MOLLI PACKAGE EXPERIMENTAL XML FORMAT-->
<molecule name="el3688">
	<atoms>
		<a id="1" s="C" t="C.3" l="C"/>
		<a id="2" s="C" t="C.ar" l="C"/>
		<a id="3" s="C" t="C.ar" l="C"/>
		<a id="4" s="C" t="C.ar" l="C"/>
		<a id="5" s="C" t="C.ar" l="C"/>
		<a id="6" s="C" t="C.ar" l="C"/>
		<a id="7" s="C" t="C.ar" l="C"/>
		<a id="8" s="F" t="F" l="F"/>
		<a id="9" s="C" t="C.ar" l="C"/>
		<a id="10" s="N" t="N.ar" l="N"/>
		<a id="11" s="C" t="C.ar" l="C"/>
		<a id="12" s="C" t="C.3" l="C"/>
		<a id="13" s="N" t="N.ar" l="N"/>
		<a id="14" s="C" t="C.3" l="C"/>
		<a id="15" s="C" t="C.3" l="C"/>
		<a id="16" s="C" t="C.3" l="C"/>
		<a id="17" s="C" t="C.ar" l="C"/>
		<a id="18" s="C" t="C.ar" l="C"/>
		<a id="19" s="N" t="N.ar" l="N"/>
		<a id="20" s="C" t="C.ar" l="C"/>
		<a id="21" s="Cl" t="Cl" l="CL"/>
		<a id="22" s="N" t="N.ar" l="N"/>
		<a id="23" s="H" t="H" l="H"/>
		<a id="24" s="H" t="H" l="H"/>
		<a id="25" s="H" t="H" l="H"/>
		<a id="26" s="H" t="H" l="H"/>
		<a id="27" s="H" t="H" l="H"/>
		<a id="28" s="H" t="H" l="H"/>
		<a id="29" s="H" t="H" l="H"/>
		<a id="30" s="H" t="H" l="H"/>
		<a id="31" s="H" t="H" l="H"/>
		<a id="32" s="H" t="H" l="H"/>
		<a id="33" s="H" t="H" l="H"/>
		<a id="34" s="H" t="H" l="H"/>
		<a id="35" s="H" t="H" l="H"/>
		<a id="36" s="H" t="H" l="H"/>
		<a id="37" s="H" t="H" l="H"/>
		<a id="38" s="H" t="H" l="H"/>
	</atoms>
	<bonds>
		<b id="1" c="1 2" t="1"/>
		<b id="2" c="2 3" t="ar"/>
		<b id="3" c="3 4" t="ar"/>
		<b id="4" c="4 5" t="1"/>
		<b id="5" c="5 6" t="ar"/>
		<b id="6" c="6 7" t="ar"/>
		<b id="7" c="7 8" t="1"/>
		<b id="8" c="7 9" t="ar"/>
		<b id="9" c="9 10" t="ar"/>
		<b id="10" c="10 11" t="ar"/>
		<b id="11" c="11 12" t="1"/>
		<b id="12" c="11 13" t="ar"/>
		<b id="13" c="13 14" t="1"/>
		<b id="14" c="14 15" t="1"/>
		<b id="15" c="14 16" t="1"/>
		<b id="16" c="13 17" t="ar"/>
		<b id="17" c="9 17" t="ar"/>
		<b id="18" c="17 18" t="ar"/>
		<b id="19" c="5 18" t="ar"/>
		<b id="20" c="4 19" t="ar"/>
		<b id="21" c="19 20" t="ar"/>
		<b id="22" c="20 21" t="1"/>
		<b id="23" c="20 22" t="ar"/>
		<b id="24" c="2 22" t="ar"/>
		<b id="25" c="1 23" t="1"/>
		<b id="26" c="1 24" t="1"/>
		<b id="27" c="1 25" t="1"/>
		<b id="28" c="3 26" t="1"/>
		<b id="29" c="6 27" t="1"/>
		<b id="30" c="12 28" t="1"/>
		<b id="31" c="12 29" t="1"/>
		<b id="32" c="12 30" t="1"/>
		<b id="33" c="14 31" t="1"/>
		<b id="34" c="15 32" t="1"/>
		<b id="35" c="15 33" t="1"/>
		<b id="36" c="15 34" t="1"/>
		<b id="37" c="16 35" t="1"/>
		<b id="38" c="16 36" t="1"/>
		<b id="39" c="16 37" t="1"/>
		<b id="40" c="18 38" t="1"/>
	</bonds>
	<geometry>
		<g u="A" t="cart/3d">#38,3:5.4676,1.6279,2.6491;4.8064,0.6185,1.7721;5.4127,-0.5849,1.4307;4.6997,-1.4682,0.6164;5.2144,-2.7659,0.1772;4.6127,-3.3696,-0.9401;5.0521,-4.5804,-1.4163;4.4631,-5.1241,-2.4940;6.1066,-5.2299,-0.7760;6.7390,-6.4100,-1.0267;7.6551,-6.5359,-0.1083;8.5486,-7.7187,-0.0702;7.6741,-5.4879,0.7793;8.5614,-5.2156,1.8949;8.7288,-6.4157,2.8254;9.9073,-4.6891,1.3939;6.6898,-4.6186,0.3616;6.2622,-3.3937,0.8424;3.4801,-1.1351,0.1802;3.0039,0.0252,0.5622;1.4447,0.4250,-0.0099;3.5863,0.9191,1.3330;6.5500,1.5510,2.5868;5.1639,1.4598,3.6829;5.1436,2.6258,2.3654;6.4103,-0.8059,1.7717;3.7947,-2.8622,-1.4241;8.4066,-8.2654,-0.9982;8.2885,-8.3743,0.7593;9.5934,-7.4312,0.0201;8.0710,-4.4200,2.4671;9.4195,-7.1464,2.4173;7.7686,-6.8938,3.0043;9.1239,-6.0751,3.7791;10.4327,-5.4469,0.8183;10.5295,-4.4041,2.2381;9.7584,-3.8180,0.7592;6.7073,-2.9478,1.7179;</g>
	</geometry>
	<conformers/>
	<properties/>
</molecule>
