<?xml version="1.0" ?>
<!--MOLLI PACKAGE EXPERIMENTAL XML FORMAT-->
<molecule name="el3695">
	<atoms>
		<a id="1" s="O" t="O.2" l="O"/>
		<a id="2" s="S" t="S.O2" l="S"/>
		<a id="3" s="O" t="O.2" l="O"/>
		<a id="4" s="O" t="O.3" l="O"/>
		<a id="5" s="C" t="C.ar" l="C"/>
		<a id="6" s="C" t="C.ar" l="C"/>
		<a id="7" s="C" t="C.ar" l="C"/>
		<a id="8" s="C" t="C.ar" l="C"/>
		<a id="9" s="Cl" t="Cl" l="CL"/>
		<a id="10" s="C" t="C.ar" l="C"/>
		<a id="11" s="C" t="C.ar" l="C"/>
		<a id="12" s="C" t="C.3" l="C"/>
		<a id="13" s="F" t="F" l="F"/>
		<a id="14" s="F" t="F" l="F"/>
		<a id="15" s="F" t="F" l="F"/>
		<a id="16" s="H" t="H" l="H"/>
		<a id="17" s="H" t="H" l="H"/>
		<a id="18" s="H" t="H" l="H"/>
		<a id="19" s="H" t="H" l="H"/>
	</atoms>
	<bonds>
		<b id="1" c="1 2" t="2"/>
		<b id="2" c="2 3" t="2"/>
		<b id="3" c="2 4" t="1"/>
		<b id="4" c="4 5" t="1"/>
		<b id="5" c="5 6" t="ar"/>
		<b id="6" c="6 7" t="ar"/>
		<b id="7" c="7 8" t="ar"/>
		<b id="8" c="8 9" t="1"/>
		<b id="9" c="8 10" t="ar"/>
		<b id="10" c="10 11" t="ar"/>
		<b id="11" c="5 11" t="ar"/>
		<b id="12" c="2 12" t="1"/>
		<b id="13" c="12 13" t="1"/>
		<b id="14" c="12 14" t="1"/>
		<b id="15" c="12 15" t="1"/>
		<b id="16" c="6 16" t="1"/>
		<b id="17" c="7 17" t="1"/>
		<b id="18" c="10 18" t="1"/>
		<b id="19" c="11 19" t="1"/>
	</bonds>
	<geometry>
		<g u="A" t="cart/3d">#19,3:1.1337,0.4861,0.8347;2.2203,0.1631,-0.0169;2.0075,-0.6706,-1.1445;3.0524,1.4577,-0.4168;2.6911,2.2005,-1.5360;1.3893,2.2041,-2.0106;1.0697,2.9715,-3.1176;2.0531,3.7320,-3.7333;1.6541,4.6897,-5.1070;3.3551,3.7308,-3.2531;3.6774,2.9579,-2.1529;3.5769,-0.6102,1.0490;4.6462,0.1704,1.1300;3.1181,-0.8234,2.2728;3.9448,-1.7693,0.5222;0.6398,1.6100,-1.5125;0.0611,2.9803,-3.4986;4.1109,4.3267,-3.7392;4.6815,2.9396,-1.7618;</g>
	</geometry>
	<conformers/>
	<properties/>
</molecule>
